unix_ts,namespace,pod,cpu_m,mem_mib
1781686380,gsm-7,osmo-bsc-594654bd47-qmz4c,4,5
1781686380,gsm-7,osmo-hlr-546bdb8988-rpfg8,1,2
1781686380,gsm-7,osmo-mgw-8c8fc67d6-p2gg4,1,2
1781686380,gsm-7,virtphy-6cd7658d46-c7ddj,5,3
1781686393,gsm-7,osmo-bsc-594654bd47-qmz4c,4,5
1781686393,gsm-7,osmo-hlr-546bdb8988-rpfg8,1,2
1781686393,gsm-7,osmo-mgw-8c8fc67d6-p2gg4,1,2
1781686393,gsm-7,virtphy-6cd7658d46-c7ddj,5,3
1781686397,gsm-7,osmo-bsc-594654bd47-qmz4c,4,5
1781686397,gsm-7,osmo-hlr-546bdb8988-rpfg8,1,2
1781686397,gsm-7,osmo-mgw-8c8fc67d6-p2gg4,1,2
1781686397,gsm-7,virtphy-6cd7658d46-c7ddj,5,3
1781686400,gsm-7,osmo-bsc-594654bd47-qmz4c,1,5
1781686400,gsm-7,osmo-bts-virtual-5f8b9b86fc-cdvvk,27,5
1781686400,gsm-7,osmo-hlr-546bdb8988-rpfg8,1,2
1781686400,gsm-7,osmo-mgw-8c8fc67d6-p2gg4,1,2
1781686400,gsm-7,osmo-mobile-6865667c79-bhtbh,3,28
1781686400,gsm-7,osmo-stp-768687f494-4rjdf,1,2
1781686400,gsm-7,virtphy-6cd7658d46-c7ddj,8,1
1781686403,gsm-7,osmo-bsc-594654bd47-qmz4c,1,5
1781686403,gsm-7,osmo-bts-virtual-5f8b9b86fc-cdvvk,27,5
1781686403,gsm-7,osmo-hlr-546bdb8988-rpfg8,1,2
1781686403,gsm-7,osmo-mgw-8c8fc67d6-p2gg4,1,2
1781686403,gsm-7,osmo-mobile-6865667c79-bhtbh,3,28
1781686403,gsm-7,osmo-stp-768687f494-4rjdf,1,2
1781686403,gsm-7,virtphy-6cd7658d46-c7ddj,8,1
1781686406,gsm-7,osmo-bsc-594654bd47-qmz4c,1,5
1781686406,gsm-7,osmo-bts-virtual-5f8b9b86fc-cdvvk,27,5
1781686406,gsm-7,osmo-hlr-546bdb8988-rpfg8,1,2
1781686406,gsm-7,osmo-mgw-8c8fc67d6-p2gg4,1,2
1781686406,gsm-7,osmo-mobile-6865667c79-bhtbh,3,28
1781686406,gsm-7,osmo-stp-768687f494-4rjdf,1,2
1781686406,gsm-7,virtphy-6cd7658d46-c7ddj,8,1
1781686408,gsm-7,msc-test-stub-5b875d749d-gzm9n,1,16
1781686408,gsm-7,osmo-bsc-594654bd47-qmz4c,1,5
1781686408,gsm-7,osmo-bts-virtual-5f8b9b86fc-cdvvk,26,6
1781686408,gsm-7,osmo-hlr-546bdb8988-rpfg8,1,2
1781686408,gsm-7,osmo-mgw-8c8fc67d6-p2gg4,1,2
1781686408,gsm-7,osmo-mobile-6865667c79-bhtbh,3,28
1781686408,gsm-7,osmo-stp-768687f494-4rjdf,1,2
1781686408,gsm-7,virtphy-6cd7658d46-c7ddj,6,1
1781686411,gsm-7,msc-test-stub-5b875d749d-gzm9n,1,16
1781686411,gsm-7,osmo-bsc-594654bd47-qmz4c,1,5
1781686411,gsm-7,osmo-bts-virtual-5f8b9b86fc-cdvvk,26,6
1781686411,gsm-7,osmo-hlr-546bdb8988-rpfg8,1,2
1781686411,gsm-7,osmo-mgw-8c8fc67d6-p2gg4,1,2
1781686411,gsm-7,osmo-mobile-6865667c79-bhtbh,3,28
1781686411,gsm-7,osmo-stp-768687f494-4rjdf,1,2
1781686411,gsm-7,virtphy-6cd7658d46-c7ddj,6,1
1781686414,gsm-7,msc-test-stub-5b875d749d-gzm9n,1,16
1781686414,gsm-7,osmo-bsc-594654bd47-qmz4c,1,5
1781686414,gsm-7,osmo-bts-virtual-5f8b9b86fc-cdvvk,26,6
1781686414,gsm-7,osmo-hlr-546bdb8988-rpfg8,1,2
1781686414,gsm-7,osmo-mgw-8c8fc67d6-p2gg4,1,2
1781686414,gsm-7,osmo-mobile-6865667c79-bhtbh,3,28
1781686414,gsm-7,osmo-stp-768687f494-4rjdf,1,2
1781686414,gsm-7,virtphy-6cd7658d46-c7ddj,6,1
1781686416,gsm-7,msc-test-stub-5b875d749d-gzm9n,1,16
1781686416,gsm-7,osmo-bsc-594654bd47-qmz4c,1,5
1781686416,gsm-7,osmo-bts-virtual-5f8b9b86fc-cdvvk,26,6
1781686416,gsm-7,osmo-hlr-546bdb8988-rpfg8,1,2
1781686416,gsm-7,osmo-mgw-8c8fc67d6-p2gg4,1,2
1781686416,gsm-7,osmo-mobile-6865667c79-bhtbh,3,28
1781686416,gsm-7,osmo-stp-768687f494-4rjdf,1,2
1781686416,gsm-7,virtphy-6cd7658d46-c7ddj,6,1
1781686419,gsm-7,msc-test-stub-5b875d749d-gzm9n,1,16
1781686419,gsm-7,osmo-bsc-594654bd47-qmz4c,1,5
1781686419,gsm-7,osmo-bts-virtual-5f8b9b86fc-cdvvk,26,6
1781686419,gsm-7,osmo-hlr-546bdb8988-rpfg8,1,2
1781686419,gsm-7,osmo-mgw-8c8fc67d6-p2gg4,1,2
1781686419,gsm-7,osmo-mobile-6865667c79-bhtbh,3,28
1781686419,gsm-7,osmo-stp-768687f494-4rjdf,1,2
1781686419,gsm-7,virtphy-6cd7658d46-c7ddj,6,1
1781686421,gsm-7,msc-test-stub-5b875d749d-gzm9n,1,16
1781686421,gsm-7,osmo-bsc-594654bd47-qmz4c,1,5
1781686421,gsm-7,osmo-bts-virtual-5f8b9b86fc-cdvvk,26,6
1781686421,gsm-7,osmo-hlr-546bdb8988-rpfg8,1,2
1781686421,gsm-7,osmo-mgw-8c8fc67d6-p2gg4,1,2
1781686421,gsm-7,osmo-mobile-6865667c79-bhtbh,3,28
1781686421,gsm-7,osmo-stp-768687f494-4rjdf,1,2
1781686421,gsm-7,virtphy-6cd7658d46-c7ddj,6,1
1781686424,gsm-7,msc-test-stub-5b875d749d-gzm9n,1,16
1781686424,gsm-7,osmo-bsc-594654bd47-qmz4c,1,5
1781686424,gsm-7,osmo-bts-virtual-5f8b9b86fc-cdvvk,26,5
1781686424,gsm-7,osmo-hlr-546bdb8988-rpfg8,1,2
1781686424,gsm-7,osmo-mgw-8c8fc67d6-p2gg4,1,2
1781686424,gsm-7,osmo-mobile-6865667c79-bhtbh,3,28
1781686424,gsm-7,osmo-stp-768687f494-4rjdf,1,2
1781686424,gsm-7,virtphy-6cd7658d46-c7ddj,7,1
1781686426,gsm-7,msc-test-stub-5b875d749d-gzm9n,1,16
1781686426,gsm-7,osmo-bsc-594654bd47-qmz4c,1,5
1781686426,gsm-7,osmo-bts-virtual-5f8b9b86fc-cdvvk,26,5
1781686426,gsm-7,osmo-hlr-546bdb8988-rpfg8,1,2
1781686426,gsm-7,osmo-mgw-8c8fc67d6-p2gg4,1,2
1781686426,gsm-7,osmo-mobile-6865667c79-bhtbh,3,28
1781686426,gsm-7,osmo-stp-768687f494-4rjdf,1,2
1781686426,gsm-7,virtphy-6cd7658d46-c7ddj,7,1
1781686428,gsm-7,msc-test-stub-5b875d749d-gzm9n,1,16
1781686428,gsm-7,osmo-bsc-594654bd47-qmz4c,1,5
1781686428,gsm-7,osmo-bts-virtual-5f8b9b86fc-cdvvk,26,5
1781686428,gsm-7,osmo-hlr-546bdb8988-rpfg8,1,2
1781686428,gsm-7,osmo-mgw-8c8fc67d6-p2gg4,1,2
1781686428,gsm-7,osmo-mobile-6865667c79-bhtbh,3,28
1781686428,gsm-7,osmo-stp-768687f494-4rjdf,1,2
1781686428,gsm-7,virtphy-6cd7658d46-c7ddj,7,1
1781686431,gsm-7,msc-test-stub-5b875d749d-gzm9n,1,16
1781686431,gsm-7,osmo-bsc-594654bd47-qmz4c,1,5
1781686431,gsm-7,osmo-bts-virtual-5f8b9b86fc-cdvvk,26,5
1781686431,gsm-7,osmo-hlr-546bdb8988-rpfg8,1,2
1781686431,gsm-7,osmo-mgw-8c8fc67d6-p2gg4,1,2
1781686431,gsm-7,osmo-mobile-6865667c79-bhtbh,3,28
1781686431,gsm-7,osmo-stp-768687f494-4rjdf,1,2
1781686431,gsm-7,virtphy-6cd7658d46-c7ddj,7,1
1781686434,gsm-7,msc-test-stub-5b875d749d-gzm9n,1,16
1781686434,gsm-7,osmo-bsc-594654bd47-qmz4c,1,5
1781686434,gsm-7,osmo-bts-virtual-5f8b9b86fc-cdvvk,26,5
1781686434,gsm-7,osmo-hlr-546bdb8988-rpfg8,1,2
1781686434,gsm-7,osmo-mgw-8c8fc67d6-p2gg4,1,2
1781686434,gsm-7,osmo-mobile-6865667c79-bhtbh,3,28
1781686434,gsm-7,osmo-stp-768687f494-4rjdf,1,2
1781686434,gsm-7,virtphy-6cd7658d46-c7ddj,7,1
1781686437,gsm-7,msc-test-stub-5b875d749d-gzm9n,1,16
1781686437,gsm-7,osmo-bsc-594654bd47-qmz4c,1,5
1781686437,gsm-7,osmo-bts-virtual-5f8b9b86fc-cdvvk,26,5
1781686437,gsm-7,osmo-hlr-546bdb8988-rpfg8,1,2
1781686437,gsm-7,osmo-mgw-8c8fc67d6-p2gg4,1,2
1781686437,gsm-7,osmo-mobile-6865667c79-bhtbh,3,28
1781686437,gsm-7,osmo-stp-768687f494-4rjdf,1,2
1781686437,gsm-7,virtphy-6cd7658d46-c7ddj,7,1
1781686439,gsm-7,msc-test-stub-5b875d749d-gzm9n,1,16
1781686439,gsm-7,osmo-bsc-594654bd47-qmz4c,1,5
1781686439,gsm-7,osmo-bts-virtual-5f8b9b86fc-cdvvk,28,5
1781686439,gsm-7,osmo-hlr-546bdb8988-rpfg8,1,2
1781686439,gsm-7,osmo-mgw-8c8fc67d6-p2gg4,1,2
1781686439,gsm-7,osmo-mobile-6865667c79-bhtbh,3,28
1781686439,gsm-7,osmo-stp-768687f494-4rjdf,1,2
1781686439,gsm-7,virtphy-6cd7658d46-c7ddj,6,1
1781686441,gsm-7,msc-test-stub-5b875d749d-gzm9n,1,16
1781686441,gsm-7,osmo-bsc-594654bd47-qmz4c,1,5
1781686441,gsm-7,osmo-bts-virtual-5f8b9b86fc-cdvvk,28,5
1781686441,gsm-7,osmo-hlr-546bdb8988-rpfg8,1,2
1781686441,gsm-7,osmo-mgw-8c8fc67d6-p2gg4,1,2
1781686441,gsm-7,osmo-mobile-6865667c79-bhtbh,3,28
1781686441,gsm-7,osmo-stp-768687f494-4rjdf,1,2
1781686441,gsm-7,virtphy-6cd7658d46-c7ddj,6,1
1781686444,gsm-7,msc-test-stub-5b875d749d-gzm9n,1,16
1781686444,gsm-7,osmo-bsc-594654bd47-qmz4c,1,5
1781686444,gsm-7,osmo-bts-virtual-5f8b9b86fc-cdvvk,28,5
1781686444,gsm-7,osmo-hlr-546bdb8988-rpfg8,1,2
1781686444,gsm-7,osmo-mgw-8c8fc67d6-p2gg4,1,2
1781686444,gsm-7,osmo-mobile-6865667c79-bhtbh,3,28
1781686444,gsm-7,osmo-stp-768687f494-4rjdf,1,2
1781686444,gsm-7,virtphy-6cd7658d46-c7ddj,6,1
1781686446,gsm-7,msc-test-stub-5b875d749d-gzm9n,1,16
1781686446,gsm-7,osmo-bsc-594654bd47-qmz4c,1,5
1781686446,gsm-7,osmo-bts-virtual-5f8b9b86fc-cdvvk,28,5
1781686446,gsm-7,osmo-hlr-546bdb8988-rpfg8,1,2
1781686446,gsm-7,osmo-mgw-8c8fc67d6-p2gg4,1,2
1781686446,gsm-7,osmo-mobile-6865667c79-bhtbh,3,28
1781686446,gsm-7,osmo-stp-768687f494-4rjdf,1,2
1781686446,gsm-7,virtphy-6cd7658d46-c7ddj,6,1
1781686449,gsm-7,msc-test-stub-5b875d749d-gzm9n,1,16
1781686449,gsm-7,osmo-bsc-594654bd47-qmz4c,1,5
1781686449,gsm-7,osmo-bts-virtual-5f8b9b86fc-cdvvk,28,5
1781686449,gsm-7,osmo-hlr-546bdb8988-rpfg8,1,2
1781686449,gsm-7,osmo-mgw-8c8fc67d6-p2gg4,1,2
1781686449,gsm-7,osmo-mobile-6865667c79-bhtbh,3,28
1781686449,gsm-7,osmo-stp-768687f494-4rjdf,1,2
1781686449,gsm-7,virtphy-6cd7658d46-c7ddj,6,1
1781686451,gsm-7,msc-test-stub-5b875d749d-gzm9n,1,16
1781686451,gsm-7,osmo-bsc-594654bd47-qmz4c,1,5
1781686451,gsm-7,osmo-bts-virtual-5f8b9b86fc-cdvvk,28,5
1781686451,gsm-7,osmo-hlr-546bdb8988-rpfg8,1,2
1781686451,gsm-7,osmo-mgw-8c8fc67d6-p2gg4,1,2
1781686451,gsm-7,osmo-mobile-6865667c79-bhtbh,3,28
1781686451,gsm-7,osmo-stp-768687f494-4rjdf,1,2
1781686451,gsm-7,virtphy-6cd7658d46-c7ddj,6,1
1781686453,gsm-7,msc-test-stub-5b875d749d-gzm9n,1,16
1781686453,gsm-7,osmo-bsc-594654bd47-qmz4c,1,5
1781686453,gsm-7,osmo-bts-virtual-5f8b9b86fc-cdvvk,29,5
1781686453,gsm-7,osmo-hlr-546bdb8988-rpfg8,1,2
1781686453,gsm-7,osmo-mgw-8c8fc67d6-p2gg4,1,2
1781686453,gsm-7,osmo-mobile-6865667c79-bhtbh,2,28
1781686453,gsm-7,osmo-stp-768687f494-4rjdf,1,2
1781686453,gsm-7,virtphy-6cd7658d46-c7ddj,7,1
1781686456,gsm-7,msc-test-stub-5b875d749d-gzm9n,1,16
1781686456,gsm-7,osmo-bsc-594654bd47-qmz4c,1,5
1781686456,gsm-7,osmo-bts-virtual-5f8b9b86fc-cdvvk,29,5
1781686456,gsm-7,osmo-hlr-546bdb8988-rpfg8,1,2
1781686456,gsm-7,osmo-mgw-8c8fc67d6-p2gg4,1,2
1781686456,gsm-7,osmo-mobile-6865667c79-bhtbh,2,28
1781686456,gsm-7,osmo-stp-768687f494-4rjdf,1,2
1781686456,gsm-7,virtphy-6cd7658d46-c7ddj,7,1
1781686459,gsm-7,msc-test-stub-5b875d749d-gzm9n,1,16
1781686459,gsm-7,osmo-bsc-594654bd47-qmz4c,1,5
1781686459,gsm-7,osmo-bts-virtual-5f8b9b86fc-cdvvk,29,5
1781686459,gsm-7,osmo-hlr-546bdb8988-rpfg8,1,2
1781686459,gsm-7,osmo-mgw-8c8fc67d6-p2gg4,1,2
1781686459,gsm-7,osmo-mobile-6865667c79-bhtbh,2,28
1781686459,gsm-7,osmo-stp-768687f494-4rjdf,1,2
1781686459,gsm-7,virtphy-6cd7658d46-c7ddj,7,1
1781686462,gsm-7,msc-test-stub-5b875d749d-gzm9n,1,16
1781686462,gsm-7,osmo-bsc-594654bd47-qmz4c,1,5
1781686462,gsm-7,osmo-bts-virtual-5f8b9b86fc-cdvvk,29,5
1781686462,gsm-7,osmo-hlr-546bdb8988-rpfg8,1,2
1781686462,gsm-7,osmo-mgw-8c8fc67d6-p2gg4,1,2
1781686462,gsm-7,osmo-mobile-6865667c79-bhtbh,2,28
1781686462,gsm-7,osmo-stp-768687f494-4rjdf,1,2
1781686462,gsm-7,virtphy-6cd7658d46-c7ddj,7,1
1781686464,gsm-7,msc-test-stub-5b875d749d-gzm9n,1,16
1781686464,gsm-7,osmo-bsc-594654bd47-qmz4c,1,5
1781686464,gsm-7,osmo-bts-virtual-5f8b9b86fc-cdvvk,29,5
1781686464,gsm-7,osmo-hlr-546bdb8988-rpfg8,1,2
1781686464,gsm-7,osmo-mgw-8c8fc67d6-p2gg4,1,2
1781686464,gsm-7,osmo-mobile-6865667c79-bhtbh,2,28
1781686464,gsm-7,osmo-stp-768687f494-4rjdf,1,2
1781686464,gsm-7,virtphy-6cd7658d46-c7ddj,7,1
1781686466,gsm-7,msc-test-stub-5b875d749d-gzm9n,1,16
1781686466,gsm-7,osmo-bsc-594654bd47-qmz4c,1,5
1781686466,gsm-7,osmo-bts-virtual-5f8b9b86fc-cdvvk,29,5
1781686466,gsm-7,osmo-hlr-546bdb8988-rpfg8,1,2
1781686466,gsm-7,osmo-mgw-8c8fc67d6-p2gg4,1,2
1781686466,gsm-7,osmo-mobile-6865667c79-bhtbh,2,28
1781686466,gsm-7,osmo-stp-768687f494-4rjdf,1,2
1781686466,gsm-7,virtphy-6cd7658d46-c7ddj,7,1
1781686469,gsm-7,msc-test-stub-5b875d749d-gzm9n,3,16
1781686469,gsm-7,osmo-bsc-594654bd47-qmz4c,1,5
1781686469,gsm-7,osmo-bts-virtual-5f8b9b86fc-cdvvk,29,5
1781686469,gsm-7,osmo-hlr-546bdb8988-rpfg8,1,2
1781686469,gsm-7,osmo-mgw-8c8fc67d6-p2gg4,1,2
1781686469,gsm-7,osmo-mobile-6865667c79-bhtbh,2,28
1781686469,gsm-7,osmo-stp-768687f494-4rjdf,1,2
1781686469,gsm-7,virtphy-6cd7658d46-c7ddj,6,1
1781686471,gsm-7,msc-test-stub-5b875d749d-gzm9n,3,16
1781686471,gsm-7,osmo-bsc-594654bd47-qmz4c,1,5
1781686471,gsm-7,osmo-bts-virtual-5f8b9b86fc-cdvvk,29,5
1781686471,gsm-7,osmo-hlr-546bdb8988-rpfg8,1,2
1781686471,gsm-7,osmo-mgw-8c8fc67d6-p2gg4,1,2
1781686471,gsm-7,osmo-mobile-6865667c79-bhtbh,2,28
1781686471,gsm-7,osmo-stp-768687f494-4rjdf,1,2
1781686471,gsm-7,virtphy-6cd7658d46-c7ddj,6,1
1781686474,gsm-7,msc-test-stub-5b875d749d-gzm9n,3,16
1781686474,gsm-7,osmo-bsc-594654bd47-qmz4c,1,5
1781686474,gsm-7,osmo-bts-virtual-5f8b9b86fc-cdvvk,29,5
1781686474,gsm-7,osmo-hlr-546bdb8988-rpfg8,1,2
1781686474,gsm-7,osmo-mgw-8c8fc67d6-p2gg4,1,2
1781686474,gsm-7,osmo-mobile-6865667c79-bhtbh,2,28
1781686474,gsm-7,osmo-stp-768687f494-4rjdf,1,2
1781686474,gsm-7,virtphy-6cd7658d46-c7ddj,6,1
1781686476,gsm-7,msc-test-stub-5b875d749d-gzm9n,3,16
1781686476,gsm-7,osmo-bsc-594654bd47-qmz4c,1,5
1781686476,gsm-7,osmo-bts-virtual-5f8b9b86fc-cdvvk,29,5
1781686476,gsm-7,osmo-hlr-546bdb8988-rpfg8,1,2
1781686476,gsm-7,osmo-mgw-8c8fc67d6-p2gg4,1,2
1781686476,gsm-7,osmo-mobile-6865667c79-bhtbh,2,28
1781686476,gsm-7,osmo-stp-768687f494-4rjdf,1,2
1781686476,gsm-7,virtphy-6cd7658d46-c7ddj,6,1
1781686479,gsm-7,msc-test-stub-5b875d749d-gzm9n,3,16
1781686479,gsm-7,osmo-bsc-594654bd47-qmz4c,1,5
1781686479,gsm-7,osmo-bts-virtual-5f8b9b86fc-cdvvk,29,5
1781686479,gsm-7,osmo-hlr-546bdb8988-rpfg8,1,2
1781686479,gsm-7,osmo-mgw-8c8fc67d6-p2gg4,1,2
1781686479,gsm-7,osmo-mobile-6865667c79-bhtbh,2,28
1781686479,gsm-7,osmo-stp-768687f494-4rjdf,1,2
1781686479,gsm-7,virtphy-6cd7658d46-c7ddj,6,1
1781686481,gsm-7,msc-test-stub-5b875d749d-gzm9n,3,16
1781686481,gsm-7,osmo-bsc-594654bd47-qmz4c,1,5
1781686481,gsm-7,osmo-bts-virtual-5f8b9b86fc-cdvvk,29,5
1781686481,gsm-7,osmo-hlr-546bdb8988-rpfg8,1,2
1781686481,gsm-7,osmo-mgw-8c8fc67d6-p2gg4,1,2
1781686481,gsm-7,osmo-mobile-6865667c79-bhtbh,2,28
1781686481,gsm-7,osmo-stp-768687f494-4rjdf,1,2
1781686481,gsm-7,virtphy-6cd7658d46-c7ddj,6,1
1781686483,gsm-7,msc-test-stub-5b875d749d-gzm9n,1,16
1781686483,gsm-7,osmo-bsc-594654bd47-qmz4c,1,5
1781686483,gsm-7,osmo-bts-virtual-5f8b9b86fc-cdvvk,26,5
1781686483,gsm-7,osmo-hlr-546bdb8988-rpfg8,1,2
1781686483,gsm-7,osmo-mgw-8c8fc67d6-p2gg4,1,2
1781686483,gsm-7,osmo-mobile-6865667c79-bhtbh,2,28
1781686483,gsm-7,osmo-stp-768687f494-4rjdf,1,2
1781686483,gsm-7,virtphy-6cd7658d46-c7ddj,7,1
1781686485,gsm-7,msc-test-stub-5b875d749d-gzm9n,1,16
1781686485,gsm-7,osmo-bsc-594654bd47-qmz4c,1,5
1781686485,gsm-7,osmo-bts-virtual-5f8b9b86fc-cdvvk,26,5
1781686485,gsm-7,osmo-hlr-546bdb8988-rpfg8,1,2
1781686485,gsm-7,osmo-mgw-8c8fc67d6-p2gg4,1,2
1781686485,gsm-7,osmo-mobile-6865667c79-bhtbh,2,28
1781686485,gsm-7,osmo-stp-768687f494-4rjdf,1,2
1781686485,gsm-7,virtphy-6cd7658d46-c7ddj,7,1
1781686488,gsm-7,msc-test-stub-5b875d749d-gzm9n,1,16
1781686488,gsm-7,osmo-bsc-594654bd47-qmz4c,1,5
1781686488,gsm-7,osmo-bts-virtual-5f8b9b86fc-cdvvk,26,5
1781686488,gsm-7,osmo-hlr-546bdb8988-rpfg8,1,2
1781686488,gsm-7,osmo-mgw-8c8fc67d6-p2gg4,1,2
1781686488,gsm-7,osmo-mobile-6865667c79-bhtbh,2,28
1781686488,gsm-7,osmo-stp-768687f494-4rjdf,1,2
1781686488,gsm-7,virtphy-6cd7658d46-c7ddj,7,1
1781686490,gsm-7,msc-test-stub-5b875d749d-gzm9n,1,16
1781686490,gsm-7,osmo-bsc-594654bd47-qmz4c,1,5
1781686490,gsm-7,osmo-bts-virtual-5f8b9b86fc-cdvvk,26,5
1781686490,gsm-7,osmo-hlr-546bdb8988-rpfg8,1,2
1781686490,gsm-7,osmo-mgw-8c8fc67d6-p2gg4,1,2
1781686490,gsm-7,osmo-mobile-6865667c79-bhtbh,2,28
1781686490,gsm-7,osmo-stp-768687f494-4rjdf,1,2
1781686490,gsm-7,virtphy-6cd7658d46-c7ddj,7,1
1781686492,gsm-7,msc-test-stub-5b875d749d-gzm9n,1,16
1781686492,gsm-7,osmo-bsc-594654bd47-qmz4c,1,5
1781686492,gsm-7,osmo-bts-virtual-5f8b9b86fc-cdvvk,26,5
1781686492,gsm-7,osmo-hlr-546bdb8988-rpfg8,1,2
1781686492,gsm-7,osmo-mgw-8c8fc67d6-p2gg4,1,2
1781686492,gsm-7,osmo-mobile-6865667c79-bhtbh,2,28
1781686492,gsm-7,osmo-stp-768687f494-4rjdf,1,2
1781686492,gsm-7,virtphy-6cd7658d46-c7ddj,7,1
1781686494,gsm-7,msc-test-stub-5b875d749d-gzm9n,1,16
1781686494,gsm-7,osmo-bsc-594654bd47-qmz4c,1,5
1781686494,gsm-7,osmo-bts-virtual-5f8b9b86fc-cdvvk,26,5
1781686494,gsm-7,osmo-hlr-546bdb8988-rpfg8,1,2
1781686494,gsm-7,osmo-mgw-8c8fc67d6-p2gg4,1,2
1781686494,gsm-7,osmo-mobile-6865667c79-bhtbh,2,28
1781686494,gsm-7,osmo-stp-768687f494-4rjdf,1,2
1781686494,gsm-7,virtphy-6cd7658d46-c7ddj,7,1
1781686497,gsm-7,msc-test-stub-5b875d749d-gzm9n,1,16
1781686497,gsm-7,osmo-bsc-594654bd47-qmz4c,1,5
1781686497,gsm-7,osmo-bts-virtual-5f8b9b86fc-cdvvk,26,5
1781686497,gsm-7,osmo-hlr-546bdb8988-rpfg8,1,2
1781686497,gsm-7,osmo-mgw-8c8fc67d6-p2gg4,1,2
1781686497,gsm-7,osmo-mobile-6865667c79-bhtbh,2,28
1781686497,gsm-7,osmo-stp-768687f494-4rjdf,1,2
1781686497,gsm-7,virtphy-6cd7658d46-c7ddj,7,1
1781686499,gsm-7,msc-test-stub-5b875d749d-gzm9n,1,16
1781686499,gsm-7,osmo-bsc-594654bd47-qmz4c,1,5
1781686499,gsm-7,osmo-bts-virtual-5f8b9b86fc-cdvvk,25,5
1781686499,gsm-7,osmo-hlr-546bdb8988-rpfg8,1,2
1781686499,gsm-7,osmo-mgw-8c8fc67d6-p2gg4,1,2
1781686499,gsm-7,osmo-mobile-6865667c79-bhtbh,2,28
1781686499,gsm-7,osmo-stp-768687f494-4rjdf,1,2
1781686499,gsm-7,virtphy-6cd7658d46-c7ddj,7,1
1781686502,gsm-7,msc-test-stub-5b875d749d-gzm9n,1,16
1781686502,gsm-7,osmo-bsc-594654bd47-qmz4c,1,5
1781686502,gsm-7,osmo-bts-virtual-5f8b9b86fc-cdvvk,25,5
1781686502,gsm-7,osmo-hlr-546bdb8988-rpfg8,1,2
1781686502,gsm-7,osmo-mgw-8c8fc67d6-p2gg4,1,2
1781686502,gsm-7,osmo-mobile-6865667c79-bhtbh,2,28
1781686502,gsm-7,osmo-stp-768687f494-4rjdf,1,2
1781686502,gsm-7,virtphy-6cd7658d46-c7ddj,7,1
1781686504,gsm-7,msc-test-stub-5b875d749d-gzm9n,1,16
1781686504,gsm-7,osmo-bsc-594654bd47-qmz4c,1,5
1781686504,gsm-7,osmo-bts-virtual-5f8b9b86fc-cdvvk,25,5
1781686504,gsm-7,osmo-hlr-546bdb8988-rpfg8,1,2
1781686504,gsm-7,osmo-mgw-8c8fc67d6-p2gg4,1,2
1781686504,gsm-7,osmo-mobile-6865667c79-bhtbh,2,28
1781686504,gsm-7,osmo-stp-768687f494-4rjdf,1,2
1781686504,gsm-7,virtphy-6cd7658d46-c7ddj,7,1
1781686506,gsm-7,msc-test-stub-5b875d749d-gzm9n,1,16
1781686506,gsm-7,osmo-bsc-594654bd47-qmz4c,1,5
1781686506,gsm-7,osmo-bts-virtual-5f8b9b86fc-cdvvk,25,5
1781686506,gsm-7,osmo-hlr-546bdb8988-rpfg8,1,2
1781686506,gsm-7,osmo-mgw-8c8fc67d6-p2gg4,1,2
1781686506,gsm-7,osmo-mobile-6865667c79-bhtbh,2,28
1781686506,gsm-7,osmo-stp-768687f494-4rjdf,1,2
1781686506,gsm-7,virtphy-6cd7658d46-c7ddj,7,1
1781686508,gsm-7,msc-test-stub-5b875d749d-gzm9n,1,16
1781686508,gsm-7,osmo-bsc-594654bd47-qmz4c,1,5
1781686508,gsm-7,osmo-bts-virtual-5f8b9b86fc-cdvvk,25,5
1781686508,gsm-7,osmo-hlr-546bdb8988-rpfg8,1,2
1781686508,gsm-7,osmo-mgw-8c8fc67d6-p2gg4,1,2
1781686508,gsm-7,osmo-mobile-6865667c79-bhtbh,2,28
1781686508,gsm-7,osmo-stp-768687f494-4rjdf,1,2
1781686508,gsm-7,virtphy-6cd7658d46-c7ddj,7,1
1781686510,gsm-7,msc-test-stub-5b875d749d-gzm9n,1,16
1781686510,gsm-7,osmo-bsc-594654bd47-qmz4c,1,5
1781686510,gsm-7,osmo-bts-virtual-5f8b9b86fc-cdvvk,25,5
1781686510,gsm-7,osmo-hlr-546bdb8988-rpfg8,1,2
1781686510,gsm-7,osmo-mgw-8c8fc67d6-p2gg4,1,2
1781686510,gsm-7,osmo-mobile-6865667c79-bhtbh,2,28
1781686510,gsm-7,osmo-stp-768687f494-4rjdf,1,2
1781686510,gsm-7,virtphy-6cd7658d46-c7ddj,7,1
1781686513,gsm-7,msc-test-stub-5b875d749d-gzm9n,1,16
1781686513,gsm-7,osmo-bsc-594654bd47-qmz4c,1,5
1781686513,gsm-7,osmo-bts-virtual-5f8b9b86fc-cdvvk,25,5
1781686513,gsm-7,osmo-hlr-546bdb8988-rpfg8,1,2
1781686513,gsm-7,osmo-mgw-8c8fc67d6-p2gg4,1,2
1781686513,gsm-7,osmo-mobile-6865667c79-bhtbh,2,28
1781686513,gsm-7,osmo-stp-768687f494-4rjdf,1,2
1781686513,gsm-7,virtphy-6cd7658d46-c7ddj,7,1
1781686515,gsm-7,msc-test-stub-5b875d749d-gzm9n,1,16
1781686515,gsm-7,osmo-bsc-594654bd47-qmz4c,1,5
1781686515,gsm-7,osmo-bts-virtual-5f8b9b86fc-cdvvk,25,5
1781686515,gsm-7,osmo-hlr-546bdb8988-rpfg8,1,2
1781686515,gsm-7,osmo-mgw-8c8fc67d6-p2gg4,1,2
1781686515,gsm-7,osmo-mobile-6865667c79-bhtbh,2,28
1781686515,gsm-7,osmo-stp-768687f494-4rjdf,1,2
1781686515,gsm-7,virtphy-6cd7658d46-c7ddj,7,1
1781686517,gsm-7,msc-test-stub-5b875d749d-gzm9n,1,16
1781686517,gsm-7,osmo-bsc-594654bd47-qmz4c,1,5
1781686517,gsm-7,osmo-bts-virtual-5f8b9b86fc-cdvvk,25,5
1781686517,gsm-7,osmo-hlr-546bdb8988-rpfg8,1,2
1781686517,gsm-7,osmo-mgw-8c8fc67d6-p2gg4,1,2
1781686517,gsm-7,osmo-mobile-6865667c79-bhtbh,2,28
1781686517,gsm-7,osmo-stp-768687f494-4rjdf,1,2
1781686517,gsm-7,virtphy-6cd7658d46-c7ddj,7,1
1781686519,gsm-7,msc-test-stub-5b875d749d-gzm9n,1,16
1781686519,gsm-7,osmo-bsc-594654bd47-qmz4c,1,5
1781686519,gsm-7,osmo-bts-virtual-5f8b9b86fc-cdvvk,25,5
1781686519,gsm-7,osmo-hlr-546bdb8988-rpfg8,1,2
1781686519,gsm-7,osmo-mgw-8c8fc67d6-p2gg4,1,2
1781686519,gsm-7,osmo-mobile-6865667c79-bhtbh,2,28
1781686519,gsm-7,osmo-stp-768687f494-4rjdf,1,2
1781686519,gsm-7,virtphy-6cd7658d46-c7ddj,7,1
1781686522,gsm-7,msc-test-stub-5b875d749d-gzm9n,1,16
1781686522,gsm-7,osmo-bsc-594654bd47-qmz4c,1,5
1781686522,gsm-7,osmo-bts-virtual-5f8b9b86fc-cdvvk,25,5
1781686522,gsm-7,osmo-hlr-546bdb8988-rpfg8,1,2
1781686522,gsm-7,osmo-mgw-8c8fc67d6-p2gg4,1,2
1781686522,gsm-7,osmo-mobile-6865667c79-bhtbh,2,28
1781686522,gsm-7,osmo-stp-768687f494-4rjdf,1,2
1781686522,gsm-7,virtphy-6cd7658d46-c7ddj,7,1
1781686524,gsm-7,msc-test-stub-5b875d749d-gzm9n,1,16
1781686524,gsm-7,osmo-bsc-594654bd47-qmz4c,1,5
1781686524,gsm-7,osmo-bts-virtual-5f8b9b86fc-cdvvk,25,5
1781686524,gsm-7,osmo-hlr-546bdb8988-rpfg8,1,2
1781686524,gsm-7,osmo-mgw-8c8fc67d6-p2gg4,1,2
1781686524,gsm-7,osmo-mobile-6865667c79-bhtbh,2,28
1781686524,gsm-7,osmo-stp-768687f494-4rjdf,1,2
1781686524,gsm-7,virtphy-6cd7658d46-c7ddj,7,1
1781686526,gsm-7,msc-test-stub-5b875d749d-gzm9n,1,16
1781686526,gsm-7,osmo-bsc-594654bd47-qmz4c,1,5
1781686526,gsm-7,osmo-bts-virtual-5f8b9b86fc-cdvvk,25,5
1781686526,gsm-7,osmo-hlr-546bdb8988-rpfg8,1,2
1781686526,gsm-7,osmo-mgw-8c8fc67d6-p2gg4,1,2
1781686526,gsm-7,osmo-mobile-6865667c79-bhtbh,2,28
1781686526,gsm-7,osmo-stp-768687f494-4rjdf,1,2
1781686526,gsm-7,virtphy-6cd7658d46-c7ddj,7,1
1781686529,gsm-7,msc-test-stub-5b875d749d-gzm9n,1,16
1781686529,gsm-7,osmo-bsc-594654bd47-qmz4c,1,5
1781686529,gsm-7,osmo-bts-virtual-5f8b9b86fc-cdvvk,25,5
1781686529,gsm-7,osmo-hlr-546bdb8988-rpfg8,1,2
1781686529,gsm-7,osmo-mgw-8c8fc67d6-p2gg4,1,2
1781686529,gsm-7,osmo-mobile-6865667c79-bhtbh,2,28
1781686529,gsm-7,osmo-stp-768687f494-4rjdf,1,2
1781686529,gsm-7,virtphy-6cd7658d46-c7ddj,6,2
1781686531,gsm-7,msc-test-stub-5b875d749d-gzm9n,1,16
1781686531,gsm-7,osmo-bsc-594654bd47-qmz4c,1,5
1781686531,gsm-7,osmo-bts-virtual-5f8b9b86fc-cdvvk,25,5
1781686531,gsm-7,osmo-hlr-546bdb8988-rpfg8,1,2
1781686531,gsm-7,osmo-mgw-8c8fc67d6-p2gg4,1,2
1781686531,gsm-7,osmo-mobile-6865667c79-bhtbh,2,28
1781686531,gsm-7,osmo-stp-768687f494-4rjdf,1,2
1781686531,gsm-7,virtphy-6cd7658d46-c7ddj,6,2
1781686534,gsm-7,msc-test-stub-5b875d749d-gzm9n,1,16
1781686534,gsm-7,osmo-bsc-594654bd47-qmz4c,1,5
1781686534,gsm-7,osmo-bts-virtual-5f8b9b86fc-cdvvk,25,5
1781686534,gsm-7,osmo-hlr-546bdb8988-rpfg8,1,2
1781686534,gsm-7,osmo-mgw-8c8fc67d6-p2gg4,1,2
1781686534,gsm-7,osmo-mobile-6865667c79-bhtbh,2,28
1781686534,gsm-7,osmo-stp-768687f494-4rjdf,1,2
1781686534,gsm-7,virtphy-6cd7658d46-c7ddj,6,2
1781686536,gsm-7,msc-test-stub-5b875d749d-gzm9n,1,16
1781686536,gsm-7,osmo-bsc-594654bd47-qmz4c,1,5
1781686536,gsm-7,osmo-bts-virtual-5f8b9b86fc-cdvvk,25,5
1781686536,gsm-7,osmo-hlr-546bdb8988-rpfg8,1,2
1781686536,gsm-7,osmo-mgw-8c8fc67d6-p2gg4,1,2
1781686536,gsm-7,osmo-mobile-6865667c79-bhtbh,2,28
1781686536,gsm-7,osmo-stp-768687f494-4rjdf,1,2
1781686536,gsm-7,virtphy-6cd7658d46-c7ddj,6,2
1781686538,gsm-7,msc-test-stub-5b875d749d-gzm9n,1,16
1781686538,gsm-7,osmo-bsc-594654bd47-qmz4c,1,5
1781686538,gsm-7,osmo-bts-virtual-5f8b9b86fc-cdvvk,25,5
1781686538,gsm-7,osmo-hlr-546bdb8988-rpfg8,1,2
1781686538,gsm-7,osmo-mgw-8c8fc67d6-p2gg4,1,2
1781686538,gsm-7,osmo-mobile-6865667c79-bhtbh,2,28
1781686538,gsm-7,osmo-stp-768687f494-4rjdf,1,2
1781686538,gsm-7,virtphy-6cd7658d46-c7ddj,6,2
1781686541,gsm-7,msc-test-stub-5b875d749d-gzm9n,1,16
1781686541,gsm-7,osmo-bsc-594654bd47-qmz4c,1,5
1781686541,gsm-7,osmo-bts-virtual-5f8b9b86fc-cdvvk,25,5
1781686541,gsm-7,osmo-hlr-546bdb8988-rpfg8,1,2
1781686541,gsm-7,osmo-mgw-8c8fc67d6-p2gg4,1,2
1781686541,gsm-7,osmo-mobile-6865667c79-bhtbh,2,28
1781686541,gsm-7,osmo-stp-768687f494-4rjdf,1,2
1781686541,gsm-7,virtphy-6cd7658d46-c7ddj,6,2
1781686543,gsm-7,msc-test-stub-5b875d749d-gzm9n,1,16
1781686543,gsm-7,osmo-bsc-594654bd47-qmz4c,1,5
1781686543,gsm-7,osmo-bts-virtual-5f8b9b86fc-cdvvk,25,5
1781686543,gsm-7,osmo-hlr-546bdb8988-rpfg8,1,2
1781686543,gsm-7,osmo-mgw-8c8fc67d6-p2gg4,1,2
1781686543,gsm-7,osmo-mobile-6865667c79-bhtbh,2,28
1781686543,gsm-7,osmo-stp-768687f494-4rjdf,1,2
1781686543,gsm-7,virtphy-6cd7658d46-c7ddj,7,1
1781686545,gsm-7,msc-test-stub-5b875d749d-gzm9n,1,16
1781686545,gsm-7,osmo-bsc-594654bd47-qmz4c,1,5
1781686545,gsm-7,osmo-bts-virtual-5f8b9b86fc-cdvvk,25,5
1781686545,gsm-7,osmo-hlr-546bdb8988-rpfg8,1,2
1781686545,gsm-7,osmo-mgw-8c8fc67d6-p2gg4,1,2
1781686545,gsm-7,osmo-mobile-6865667c79-bhtbh,2,28
1781686545,gsm-7,osmo-stp-768687f494-4rjdf,1,2
1781686545,gsm-7,virtphy-6cd7658d46-c7ddj,7,1
1781686548,gsm-7,msc-test-stub-5b875d749d-gzm9n,1,16
1781686548,gsm-7,osmo-bsc-594654bd47-qmz4c,1,5
1781686548,gsm-7,osmo-bts-virtual-5f8b9b86fc-cdvvk,25,5
1781686548,gsm-7,osmo-hlr-546bdb8988-rpfg8,1,2
1781686548,gsm-7,osmo-mgw-8c8fc67d6-p2gg4,1,2
1781686548,gsm-7,osmo-mobile-6865667c79-bhtbh,2,28
1781686548,gsm-7,osmo-stp-768687f494-4rjdf,1,2
1781686548,gsm-7,virtphy-6cd7658d46-c7ddj,7,1
1781686550,gsm-7,msc-test-stub-5b875d749d-gzm9n,1,16
1781686550,gsm-7,osmo-bsc-594654bd47-qmz4c,1,5
1781686550,gsm-7,osmo-bts-virtual-5f8b9b86fc-cdvvk,25,5
1781686550,gsm-7,osmo-hlr-546bdb8988-rpfg8,1,2
1781686550,gsm-7,osmo-mgw-8c8fc67d6-p2gg4,1,2
1781686550,gsm-7,osmo-mobile-6865667c79-bhtbh,2,28
1781686550,gsm-7,osmo-stp-768687f494-4rjdf,1,2
1781686550,gsm-7,virtphy-6cd7658d46-c7ddj,7,1
1781686552,gsm-7,msc-test-stub-5b875d749d-gzm9n,1,16
1781686552,gsm-7,osmo-bsc-594654bd47-qmz4c,1,5
1781686552,gsm-7,osmo-bts-virtual-5f8b9b86fc-cdvvk,25,5
1781686552,gsm-7,osmo-hlr-546bdb8988-rpfg8,1,2
1781686552,gsm-7,osmo-mgw-8c8fc67d6-p2gg4,1,2
1781686552,gsm-7,osmo-mobile-6865667c79-bhtbh,2,28
1781686552,gsm-7,osmo-stp-768687f494-4rjdf,1,2
1781686552,gsm-7,virtphy-6cd7658d46-c7ddj,7,1
1781686555,gsm-7,msc-test-stub-5b875d749d-gzm9n,1,16
1781686555,gsm-7,osmo-bsc-594654bd47-qmz4c,1,5
1781686555,gsm-7,osmo-bts-virtual-5f8b9b86fc-cdvvk,25,5
1781686555,gsm-7,osmo-hlr-546bdb8988-rpfg8,1,2
1781686555,gsm-7,osmo-mgw-8c8fc67d6-p2gg4,1,2
1781686555,gsm-7,osmo-mobile-6865667c79-bhtbh,2,28
1781686555,gsm-7,osmo-stp-768687f494-4rjdf,1,2
1781686555,gsm-7,virtphy-6cd7658d46-c7ddj,7,1
1781686557,gsm-7,msc-test-stub-5b875d749d-gzm9n,1,16
1781686557,gsm-7,osmo-bsc-594654bd47-qmz4c,1,5
1781686557,gsm-7,osmo-bts-virtual-5f8b9b86fc-cdvvk,25,5
1781686557,gsm-7,osmo-hlr-546bdb8988-rpfg8,1,2
1781686557,gsm-7,osmo-mgw-8c8fc67d6-p2gg4,1,2
1781686557,gsm-7,osmo-mobile-6865667c79-bhtbh,2,28
1781686557,gsm-7,osmo-stp-768687f494-4rjdf,1,2
1781686557,gsm-7,virtphy-6cd7658d46-c7ddj,7,1
1781686559,gsm-7,msc-test-stub-5b875d749d-gzm9n,1,16
1781686559,gsm-7,osmo-bsc-594654bd47-qmz4c,1,5
1781686559,gsm-7,osmo-bts-virtual-5f8b9b86fc-cdvvk,25,5
1781686559,gsm-7,osmo-hlr-546bdb8988-rpfg8,1,2
1781686559,gsm-7,osmo-mgw-8c8fc67d6-p2gg4,1,2
1781686559,gsm-7,osmo-mobile-6865667c79-bhtbh,3,28
1781686559,gsm-7,osmo-stp-768687f494-4rjdf,1,2
1781686559,gsm-7,virtphy-6cd7658d46-c7ddj,6,1
1781686561,gsm-7,msc-test-stub-5b875d749d-gzm9n,1,16
1781686561,gsm-7,osmo-bsc-594654bd47-qmz4c,1,5
1781686561,gsm-7,osmo-bts-virtual-5f8b9b86fc-cdvvk,25,5
1781686561,gsm-7,osmo-hlr-546bdb8988-rpfg8,1,2
1781686561,gsm-7,osmo-mgw-8c8fc67d6-p2gg4,1,2
1781686561,gsm-7,osmo-mobile-6865667c79-bhtbh,3,28
1781686561,gsm-7,osmo-stp-768687f494-4rjdf,1,2
1781686561,gsm-7,virtphy-6cd7658d46-c7ddj,6,1
1781686564,gsm-7,msc-test-stub-5b875d749d-gzm9n,1,16
1781686564,gsm-7,osmo-bsc-594654bd47-qmz4c,1,5
1781686564,gsm-7,osmo-bts-virtual-5f8b9b86fc-cdvvk,25,5
1781686564,gsm-7,osmo-hlr-546bdb8988-rpfg8,1,2
1781686564,gsm-7,osmo-mgw-8c8fc67d6-p2gg4,1,2
1781686564,gsm-7,osmo-mobile-6865667c79-bhtbh,3,28
1781686564,gsm-7,osmo-stp-768687f494-4rjdf,1,2
1781686564,gsm-7,virtphy-6cd7658d46-c7ddj,6,1
1781686566,gsm-7,msc-test-stub-5b875d749d-gzm9n,1,16
1781686566,gsm-7,osmo-bsc-594654bd47-qmz4c,1,5
1781686566,gsm-7,osmo-bts-virtual-5f8b9b86fc-cdvvk,25,5
1781686566,gsm-7,osmo-hlr-546bdb8988-rpfg8,1,2
1781686566,gsm-7,osmo-mgw-8c8fc67d6-p2gg4,1,2
1781686566,gsm-7,osmo-mobile-6865667c79-bhtbh,3,28
1781686566,gsm-7,osmo-stp-768687f494-4rjdf,1,2
1781686566,gsm-7,virtphy-6cd7658d46-c7ddj,6,1
1781686568,gsm-7,msc-test-stub-5b875d749d-gzm9n,1,16
1781686568,gsm-7,osmo-bsc-594654bd47-qmz4c,1,5
1781686568,gsm-7,osmo-bts-virtual-5f8b9b86fc-cdvvk,25,5
1781686568,gsm-7,osmo-hlr-546bdb8988-rpfg8,1,2
1781686568,gsm-7,osmo-mgw-8c8fc67d6-p2gg4,1,2
1781686568,gsm-7,osmo-mobile-6865667c79-bhtbh,3,28
1781686568,gsm-7,osmo-stp-768687f494-4rjdf,1,2
1781686568,gsm-7,virtphy-6cd7658d46-c7ddj,6,1
1781686570,gsm-7,msc-test-stub-5b875d749d-gzm9n,1,16
1781686570,gsm-7,osmo-bsc-594654bd47-qmz4c,1,5
1781686570,gsm-7,osmo-bts-virtual-5f8b9b86fc-cdvvk,25,5
1781686570,gsm-7,osmo-hlr-546bdb8988-rpfg8,1,2
1781686570,gsm-7,osmo-mgw-8c8fc67d6-p2gg4,1,2
1781686570,gsm-7,osmo-mobile-6865667c79-bhtbh,3,28
1781686570,gsm-7,osmo-stp-768687f494-4rjdf,1,2
1781686570,gsm-7,virtphy-6cd7658d46-c7ddj,6,1
1781686573,gsm-7,msc-test-stub-5b875d749d-gzm9n,1,16
1781686573,gsm-7,osmo-bsc-594654bd47-qmz4c,1,5
1781686573,gsm-7,osmo-bts-virtual-5f8b9b86fc-cdvvk,25,5
1781686573,gsm-7,osmo-hlr-546bdb8988-rpfg8,1,2
1781686573,gsm-7,osmo-mgw-8c8fc67d6-p2gg4,1,2
1781686573,gsm-7,osmo-mobile-6865667c79-bhtbh,3,28
1781686573,gsm-7,osmo-stp-768687f494-4rjdf,1,2
1781686573,gsm-7,virtphy-6cd7658d46-c7ddj,6,4
1781686575,gsm-7,msc-test-stub-5b875d749d-gzm9n,1,16
1781686575,gsm-7,osmo-bsc-594654bd47-qmz4c,1,5
1781686575,gsm-7,osmo-bts-virtual-5f8b9b86fc-cdvvk,25,5
1781686575,gsm-7,osmo-hlr-546bdb8988-rpfg8,1,2
1781686575,gsm-7,osmo-mgw-8c8fc67d6-p2gg4,1,2
1781686575,gsm-7,osmo-mobile-6865667c79-bhtbh,3,28
1781686575,gsm-7,osmo-stp-768687f494-4rjdf,1,2
1781686575,gsm-7,virtphy-6cd7658d46-c7ddj,6,4
1781686577,gsm-7,msc-test-stub-5b875d749d-gzm9n,1,16
1781686577,gsm-7,osmo-bsc-594654bd47-qmz4c,1,5
1781686577,gsm-7,osmo-bts-virtual-5f8b9b86fc-cdvvk,25,5
1781686577,gsm-7,osmo-hlr-546bdb8988-rpfg8,1,2
1781686577,gsm-7,osmo-mgw-8c8fc67d6-p2gg4,1,2
1781686577,gsm-7,osmo-mobile-6865667c79-bhtbh,3,28
1781686577,gsm-7,osmo-stp-768687f494-4rjdf,1,2
1781686577,gsm-7,virtphy-6cd7658d46-c7ddj,6,4
1781686579,gsm-7,msc-test-stub-5b875d749d-gzm9n,1,16
1781686579,gsm-7,osmo-bsc-594654bd47-qmz4c,1,5
1781686579,gsm-7,osmo-bts-virtual-5f8b9b86fc-cdvvk,25,5
1781686579,gsm-7,osmo-hlr-546bdb8988-rpfg8,1,2
1781686579,gsm-7,osmo-mgw-8c8fc67d6-p2gg4,1,2
1781686579,gsm-7,osmo-mobile-6865667c79-bhtbh,3,28
1781686579,gsm-7,osmo-stp-768687f494-4rjdf,1,2
1781686579,gsm-7,virtphy-6cd7658d46-c7ddj,6,4
1781686582,gsm-7,msc-test-stub-5b875d749d-gzm9n,1,16
1781686582,gsm-7,osmo-bsc-594654bd47-qmz4c,1,5
1781686582,gsm-7,osmo-bts-virtual-5f8b9b86fc-cdvvk,25,5
1781686582,gsm-7,osmo-hlr-546bdb8988-rpfg8,1,2
1781686582,gsm-7,osmo-mgw-8c8fc67d6-p2gg4,1,2
1781686582,gsm-7,osmo-mobile-6865667c79-bhtbh,3,28
1781686582,gsm-7,osmo-stp-768687f494-4rjdf,1,2
1781686582,gsm-7,virtphy-6cd7658d46-c7ddj,6,4
1781686584,gsm-7,msc-test-stub-5b875d749d-gzm9n,1,16
1781686584,gsm-7,osmo-bsc-594654bd47-qmz4c,1,5
1781686584,gsm-7,osmo-bts-virtual-5f8b9b86fc-cdvvk,25,5
1781686584,gsm-7,osmo-hlr-546bdb8988-rpfg8,1,2
1781686584,gsm-7,osmo-mgw-8c8fc67d6-p2gg4,1,2
1781686584,gsm-7,osmo-mobile-6865667c79-bhtbh,3,28
1781686584,gsm-7,osmo-stp-768687f494-4rjdf,1,2
1781686584,gsm-7,virtphy-6cd7658d46-c7ddj,6,4
1781686586,gsm-7,msc-test-stub-5b875d749d-gzm9n,1,16
1781686586,gsm-7,osmo-bsc-594654bd47-qmz4c,1,5
1781686586,gsm-7,osmo-bts-virtual-5f8b9b86fc-cdvvk,25,5
1781686586,gsm-7,osmo-hlr-546bdb8988-rpfg8,1,2
1781686586,gsm-7,osmo-mgw-8c8fc67d6-p2gg4,1,2
1781686586,gsm-7,osmo-mobile-6865667c79-bhtbh,3,28
1781686586,gsm-7,osmo-stp-768687f494-4rjdf,1,2
1781686586,gsm-7,virtphy-6cd7658d46-c7ddj,6,4
1781686589,gsm-7,msc-test-stub-5b875d749d-gzm9n,1,16
1781686589,gsm-7,osmo-bsc-594654bd47-qmz4c,1,5
1781686589,gsm-7,osmo-bts-virtual-5f8b9b86fc-cdvvk,25,5
1781686589,gsm-7,osmo-hlr-546bdb8988-rpfg8,1,2
1781686589,gsm-7,osmo-mgw-8c8fc67d6-p2gg4,1,2
1781686589,gsm-7,osmo-mobile-6865667c79-bhtbh,2,28
1781686589,gsm-7,osmo-stp-768687f494-4rjdf,1,2
1781686589,gsm-7,virtphy-6cd7658d46-c7ddj,6,1
1781686592,gsm-7,msc-test-stub-5b875d749d-gzm9n,1,16
1781686592,gsm-7,osmo-bsc-594654bd47-qmz4c,1,5
1781686592,gsm-7,osmo-bts-virtual-5f8b9b86fc-cdvvk,25,5
1781686592,gsm-7,osmo-hlr-546bdb8988-rpfg8,1,2
1781686592,gsm-7,osmo-mgw-8c8fc67d6-p2gg4,1,2
1781686592,gsm-7,osmo-mobile-6865667c79-bhtbh,2,28
1781686592,gsm-7,osmo-stp-768687f494-4rjdf,1,2
1781686592,gsm-7,virtphy-6cd7658d46-c7ddj,6,1
1781686594,gsm-7,msc-test-stub-5b875d749d-gzm9n,1,16
1781686594,gsm-7,osmo-bsc-594654bd47-qmz4c,1,5
1781686594,gsm-7,osmo-bts-virtual-5f8b9b86fc-cdvvk,25,5
1781686594,gsm-7,osmo-hlr-546bdb8988-rpfg8,1,2
1781686594,gsm-7,osmo-mgw-8c8fc67d6-p2gg4,1,2
1781686594,gsm-7,osmo-mobile-6865667c79-bhtbh,2,28
1781686594,gsm-7,osmo-stp-768687f494-4rjdf,1,2
1781686594,gsm-7,virtphy-6cd7658d46-c7ddj,6,1
1781686596,gsm-7,msc-test-stub-5b875d749d-gzm9n,1,16
1781686596,gsm-7,osmo-bsc-594654bd47-qmz4c,1,5
1781686596,gsm-7,osmo-bts-virtual-5f8b9b86fc-cdvvk,25,5
1781686596,gsm-7,osmo-hlr-546bdb8988-rpfg8,1,2
1781686596,gsm-7,osmo-mgw-8c8fc67d6-p2gg4,1,2
1781686596,gsm-7,osmo-mobile-6865667c79-bhtbh,2,28
1781686596,gsm-7,osmo-stp-768687f494-4rjdf,1,2
1781686596,gsm-7,virtphy-6cd7658d46-c7ddj,6,1
1781686599,gsm-7,msc-test-stub-5b875d749d-gzm9n,1,16
1781686599,gsm-7,osmo-bsc-594654bd47-qmz4c,1,5
1781686599,gsm-7,osmo-bts-virtual-5f8b9b86fc-cdvvk,25,5
1781686599,gsm-7,osmo-hlr-546bdb8988-rpfg8,1,2
1781686599,gsm-7,osmo-mgw-8c8fc67d6-p2gg4,1,2
1781686599,gsm-7,osmo-mobile-6865667c79-bhtbh,2,28
1781686599,gsm-7,osmo-stp-768687f494-4rjdf,1,2
1781686599,gsm-7,virtphy-6cd7658d46-c7ddj,6,1
1781686602,gsm-7,msc-test-stub-5b875d749d-gzm9n,1,16
1781686602,gsm-7,osmo-bsc-594654bd47-qmz4c,1,5
1781686602,gsm-7,osmo-bts-virtual-5f8b9b86fc-cdvvk,25,5
1781686602,gsm-7,osmo-hlr-546bdb8988-rpfg8,1,2
1781686602,gsm-7,osmo-mgw-8c8fc67d6-p2gg4,1,2
1781686602,gsm-7,osmo-mobile-6865667c79-bhtbh,2,28
1781686602,gsm-7,osmo-stp-768687f494-4rjdf,1,2
1781686602,gsm-7,virtphy-6cd7658d46-c7ddj,6,1
1781686604,gsm-7,msc-test-stub-5b875d749d-gzm9n,1,16
1781686604,gsm-7,osmo-bsc-594654bd47-qmz4c,1,5
1781686604,gsm-7,osmo-bts-virtual-5f8b9b86fc-cdvvk,26,5
1781686604,gsm-7,osmo-hlr-546bdb8988-rpfg8,1,2
1781686604,gsm-7,osmo-mgw-8c8fc67d6-p2gg4,1,2
1781686604,gsm-7,osmo-mobile-6865667c79-bhtbh,3,28
1781686604,gsm-7,osmo-stp-768687f494-4rjdf,1,2
1781686604,gsm-7,virtphy-6cd7658d46-c7ddj,6,1
1781686607,gsm-7,msc-test-stub-5b875d749d-gzm9n,1,16
1781686607,gsm-7,osmo-bsc-594654bd47-qmz4c,1,5
1781686607,gsm-7,osmo-bts-virtual-5f8b9b86fc-cdvvk,26,5
1781686607,gsm-7,osmo-hlr-546bdb8988-rpfg8,1,2
1781686607,gsm-7,osmo-mgw-8c8fc67d6-p2gg4,1,2
1781686607,gsm-7,osmo-mobile-6865667c79-bhtbh,3,28
1781686607,gsm-7,osmo-stp-768687f494-4rjdf,1,2
1781686607,gsm-7,virtphy-6cd7658d46-c7ddj,6,1
1781686610,gsm-7,msc-test-stub-5b875d749d-gzm9n,1,16
1781686610,gsm-7,osmo-bsc-594654bd47-qmz4c,1,5
1781686610,gsm-7,osmo-bts-virtual-5f8b9b86fc-cdvvk,26,5
1781686610,gsm-7,osmo-hlr-546bdb8988-rpfg8,1,2
1781686610,gsm-7,osmo-mgw-8c8fc67d6-p2gg4,1,2
1781686610,gsm-7,osmo-mobile-6865667c79-bhtbh,3,28
1781686610,gsm-7,osmo-stp-768687f494-4rjdf,1,2
1781686610,gsm-7,virtphy-6cd7658d46-c7ddj,6,1
1781686613,gsm-7,msc-test-stub-5b875d749d-gzm9n,1,16
1781686613,gsm-7,osmo-bsc-594654bd47-qmz4c,1,5
1781686613,gsm-7,osmo-bts-virtual-5f8b9b86fc-cdvvk,26,5
1781686613,gsm-7,osmo-hlr-546bdb8988-rpfg8,1,2
1781686613,gsm-7,osmo-mgw-8c8fc67d6-p2gg4,1,2
1781686613,gsm-7,osmo-mobile-6865667c79-bhtbh,3,28
1781686613,gsm-7,osmo-stp-768687f494-4rjdf,1,2
1781686613,gsm-7,virtphy-6cd7658d46-c7ddj,6,1
1781686615,gsm-7,msc-test-stub-5b875d749d-gzm9n,1,16
1781686615,gsm-7,osmo-bsc-594654bd47-qmz4c,1,5
1781686615,gsm-7,osmo-bts-virtual-5f8b9b86fc-cdvvk,26,5
1781686615,gsm-7,osmo-hlr-546bdb8988-rpfg8,1,2
1781686615,gsm-7,osmo-mgw-8c8fc67d6-p2gg4,1,2
1781686615,gsm-7,osmo-mobile-6865667c79-bhtbh,3,28
1781686615,gsm-7,osmo-stp-768687f494-4rjdf,1,2
1781686615,gsm-7,virtphy-6cd7658d46-c7ddj,6,1
1781686618,gsm-7,msc-test-stub-5b875d749d-gzm9n,1,16
1781686618,gsm-7,osmo-bsc-594654bd47-qmz4c,1,5
1781686618,gsm-7,osmo-bts-virtual-5f8b9b86fc-cdvvk,25,5
1781686618,gsm-7,osmo-hlr-546bdb8988-rpfg8,1,2
1781686618,gsm-7,osmo-mgw-8c8fc67d6-p2gg4,1,2
1781686618,gsm-7,osmo-mobile-6865667c79-bhtbh,2,28
1781686618,gsm-7,osmo-stp-768687f494-4rjdf,1,2
1781686618,gsm-7,virtphy-6cd7658d46-c7ddj,6,1
1781686620,gsm-7,msc-test-stub-5b875d749d-gzm9n,1,16
1781686620,gsm-7,osmo-bsc-594654bd47-qmz4c,1,5
1781686620,gsm-7,osmo-bts-virtual-5f8b9b86fc-cdvvk,25,5
1781686620,gsm-7,osmo-hlr-546bdb8988-rpfg8,1,2
1781686620,gsm-7,osmo-mgw-8c8fc67d6-p2gg4,1,2
1781686620,gsm-7,osmo-mobile-6865667c79-bhtbh,2,28
1781686620,gsm-7,osmo-stp-768687f494-4rjdf,1,2
1781686620,gsm-7,virtphy-6cd7658d46-c7ddj,6,1
1781686622,gsm-7,msc-test-stub-5b875d749d-gzm9n,1,16
1781686622,gsm-7,osmo-bsc-594654bd47-qmz4c,1,5
1781686622,gsm-7,osmo-bts-virtual-5f8b9b86fc-cdvvk,25,5
1781686622,gsm-7,osmo-hlr-546bdb8988-rpfg8,1,2
1781686622,gsm-7,osmo-mgw-8c8fc67d6-p2gg4,1,2
1781686622,gsm-7,osmo-mobile-6865667c79-bhtbh,2,28
1781686622,gsm-7,osmo-stp-768687f494-4rjdf,1,2
1781686622,gsm-7,virtphy-6cd7658d46-c7ddj,6,1
1781686624,gsm-7,msc-test-stub-5b875d749d-gzm9n,1,16
1781686624,gsm-7,osmo-bsc-594654bd47-qmz4c,1,5
1781686624,gsm-7,osmo-bts-virtual-5f8b9b86fc-cdvvk,25,5
1781686624,gsm-7,osmo-hlr-546bdb8988-rpfg8,1,2
1781686624,gsm-7,osmo-mgw-8c8fc67d6-p2gg4,1,2
1781686624,gsm-7,osmo-mobile-6865667c79-bhtbh,2,28
1781686624,gsm-7,osmo-stp-768687f494-4rjdf,1,2
1781686624,gsm-7,virtphy-6cd7658d46-c7ddj,6,1
1781686627,gsm-7,msc-test-stub-5b875d749d-gzm9n,1,16
1781686627,gsm-7,osmo-bsc-594654bd47-qmz4c,1,5
1781686627,gsm-7,osmo-bts-virtual-5f8b9b86fc-cdvvk,25,5
1781686627,gsm-7,osmo-hlr-546bdb8988-rpfg8,1,2
1781686627,gsm-7,osmo-mgw-8c8fc67d6-p2gg4,1,2
1781686627,gsm-7,osmo-mobile-6865667c79-bhtbh,2,28
1781686627,gsm-7,osmo-stp-768687f494-4rjdf,1,2
1781686627,gsm-7,virtphy-6cd7658d46-c7ddj,6,1
1781686629,gsm-7,msc-test-stub-5b875d749d-gzm9n,1,16
1781686629,gsm-7,osmo-bsc-594654bd47-qmz4c,1,5
1781686629,gsm-7,osmo-bts-virtual-5f8b9b86fc-cdvvk,25,5
1781686629,gsm-7,osmo-hlr-546bdb8988-rpfg8,1,2
1781686629,gsm-7,osmo-mgw-8c8fc67d6-p2gg4,1,2
1781686629,gsm-7,osmo-mobile-6865667c79-bhtbh,2,28
1781686629,gsm-7,osmo-stp-768687f494-4rjdf,1,2
1781686629,gsm-7,virtphy-6cd7658d46-c7ddj,6,1
1781686631,gsm-7,msc-test-stub-5b875d749d-gzm9n,1,16
1781686631,gsm-7,osmo-bsc-594654bd47-qmz4c,1,5
1781686631,gsm-7,osmo-bts-virtual-5f8b9b86fc-cdvvk,25,5
1781686631,gsm-7,osmo-hlr-546bdb8988-rpfg8,1,2
1781686631,gsm-7,osmo-mgw-8c8fc67d6-p2gg4,1,2
1781686631,gsm-7,osmo-mobile-6865667c79-bhtbh,2,28
1781686631,gsm-7,osmo-stp-768687f494-4rjdf,1,2
1781686631,gsm-7,virtphy-6cd7658d46-c7ddj,6,1
1781686634,gsm-7,msc-test-stub-5b875d749d-gzm9n,1,16
1781686634,gsm-7,osmo-bsc-594654bd47-qmz4c,1,5
1781686634,gsm-7,osmo-bts-virtual-5f8b9b86fc-cdvvk,25,5
1781686634,gsm-7,osmo-hlr-546bdb8988-rpfg8,1,2
1781686634,gsm-7,osmo-mgw-8c8fc67d6-p2gg4,1,2
1781686634,gsm-7,osmo-mobile-6865667c79-bhtbh,2,28
1781686634,gsm-7,osmo-stp-768687f494-4rjdf,1,2
1781686634,gsm-7,virtphy-6cd7658d46-c7ddj,6,3
1781686637,gsm-7,msc-test-stub-5b875d749d-gzm9n,1,16
1781686637,gsm-7,osmo-bsc-594654bd47-qmz4c,1,5
1781686637,gsm-7,osmo-bts-virtual-5f8b9b86fc-cdvvk,25,5
1781686637,gsm-7,osmo-hlr-546bdb8988-rpfg8,1,2
1781686637,gsm-7,osmo-mgw-8c8fc67d6-p2gg4,1,2
1781686637,gsm-7,osmo-mobile-6865667c79-bhtbh,2,28
1781686637,gsm-7,osmo-stp-768687f494-4rjdf,1,2
1781686637,gsm-7,virtphy-6cd7658d46-c7ddj,6,3
1781686639,gsm-7,msc-test-stub-5b875d749d-gzm9n,1,16
1781686639,gsm-7,osmo-bsc-594654bd47-qmz4c,1,5
1781686639,gsm-7,osmo-bts-virtual-5f8b9b86fc-cdvvk,25,5
1781686639,gsm-7,osmo-hlr-546bdb8988-rpfg8,1,2
1781686639,gsm-7,osmo-mgw-8c8fc67d6-p2gg4,1,2
1781686639,gsm-7,osmo-mobile-6865667c79-bhtbh,2,28
1781686639,gsm-7,osmo-stp-768687f494-4rjdf,1,2
1781686639,gsm-7,virtphy-6cd7658d46-c7ddj,6,3
1781686642,gsm-7,msc-test-stub-5b875d749d-gzm9n,1,16
1781686642,gsm-7,osmo-bsc-594654bd47-qmz4c,1,5
1781686642,gsm-7,osmo-bts-virtual-5f8b9b86fc-cdvvk,25,5
1781686642,gsm-7,osmo-hlr-546bdb8988-rpfg8,1,2
1781686642,gsm-7,osmo-mgw-8c8fc67d6-p2gg4,1,2
1781686642,gsm-7,osmo-mobile-6865667c79-bhtbh,2,28
1781686642,gsm-7,osmo-stp-768687f494-4rjdf,1,2
1781686642,gsm-7,virtphy-6cd7658d46-c7ddj,6,3
1781686645,gsm-7,msc-test-stub-5b875d749d-gzm9n,1,16
1781686645,gsm-7,osmo-bsc-594654bd47-qmz4c,1,5
1781686645,gsm-7,osmo-bts-virtual-5f8b9b86fc-cdvvk,25,5
1781686645,gsm-7,osmo-hlr-546bdb8988-rpfg8,1,2
1781686645,gsm-7,osmo-mgw-8c8fc67d6-p2gg4,1,2
1781686645,gsm-7,osmo-mobile-6865667c79-bhtbh,2,28
1781686645,gsm-7,osmo-stp-768687f494-4rjdf,1,2
1781686645,gsm-7,virtphy-6cd7658d46-c7ddj,6,3
1781686647,gsm-7,msc-test-stub-5b875d749d-gzm9n,1,16
1781686647,gsm-7,osmo-bsc-594654bd47-qmz4c,1,5
1781686647,gsm-7,osmo-bts-virtual-5f8b9b86fc-cdvvk,25,5
1781686647,gsm-7,osmo-hlr-546bdb8988-rpfg8,1,2
1781686647,gsm-7,osmo-mgw-8c8fc67d6-p2gg4,1,2
1781686647,gsm-7,osmo-mobile-6865667c79-bhtbh,2,28
1781686647,gsm-7,osmo-stp-768687f494-4rjdf,1,2
1781686647,gsm-7,virtphy-6cd7658d46-c7ddj,6,1
1781686650,gsm-7,msc-test-stub-5b875d749d-gzm9n,1,16
1781686650,gsm-7,osmo-bsc-594654bd47-qmz4c,1,5
1781686650,gsm-7,osmo-bts-virtual-5f8b9b86fc-cdvvk,25,5
1781686650,gsm-7,osmo-hlr-546bdb8988-rpfg8,1,2
1781686650,gsm-7,osmo-mgw-8c8fc67d6-p2gg4,1,2
1781686650,gsm-7,osmo-mobile-6865667c79-bhtbh,2,28
1781686650,gsm-7,osmo-stp-768687f494-4rjdf,1,2
1781686650,gsm-7,virtphy-6cd7658d46-c7ddj,6,1
1781686652,gsm-7,msc-test-stub-5b875d749d-gzm9n,1,16
1781686652,gsm-7,osmo-bsc-594654bd47-qmz4c,1,5
1781686652,gsm-7,osmo-bts-virtual-5f8b9b86fc-cdvvk,25,5
1781686652,gsm-7,osmo-hlr-546bdb8988-rpfg8,1,2
1781686652,gsm-7,osmo-mgw-8c8fc67d6-p2gg4,1,2
1781686652,gsm-7,osmo-mobile-6865667c79-bhtbh,2,28
1781686652,gsm-7,osmo-stp-768687f494-4rjdf,1,2
1781686652,gsm-7,virtphy-6cd7658d46-c7ddj,6,1
1781686655,gsm-7,msc-test-stub-5b875d749d-gzm9n,1,16
1781686655,gsm-7,osmo-bsc-594654bd47-qmz4c,1,5
1781686655,gsm-7,osmo-bts-virtual-5f8b9b86fc-cdvvk,25,5
1781686655,gsm-7,osmo-hlr-546bdb8988-rpfg8,1,2
1781686655,gsm-7,osmo-mgw-8c8fc67d6-p2gg4,1,2
1781686655,gsm-7,osmo-mobile-6865667c79-bhtbh,2,28
1781686655,gsm-7,osmo-stp-768687f494-4rjdf,1,2
1781686655,gsm-7,virtphy-6cd7658d46-c7ddj,6,1
1781686657,gsm-7,msc-test-stub-5b875d749d-gzm9n,1,16
1781686657,gsm-7,osmo-bsc-594654bd47-qmz4c,1,5
1781686657,gsm-7,osmo-bts-virtual-5f8b9b86fc-cdvvk,25,5
1781686657,gsm-7,osmo-hlr-546bdb8988-rpfg8,1,2
1781686657,gsm-7,osmo-mgw-8c8fc67d6-p2gg4,1,2
1781686657,gsm-7,osmo-mobile-6865667c79-bhtbh,2,28
1781686657,gsm-7,osmo-stp-768687f494-4rjdf,1,2
1781686657,gsm-7,virtphy-6cd7658d46-c7ddj,6,1
1781686659,gsm-7,msc-test-stub-5b875d749d-gzm9n,1,16
1781686659,gsm-7,osmo-bsc-594654bd47-qmz4c,1,5
1781686659,gsm-7,osmo-bts-virtual-5f8b9b86fc-cdvvk,25,5
1781686659,gsm-7,osmo-hlr-546bdb8988-rpfg8,1,2
1781686659,gsm-7,osmo-mgw-8c8fc67d6-p2gg4,1,2
1781686659,gsm-7,osmo-mobile-6865667c79-bhtbh,2,28
1781686659,gsm-7,osmo-stp-768687f494-4rjdf,1,2
1781686659,gsm-7,virtphy-6cd7658d46-c7ddj,6,1
1781686661,gsm-7,msc-test-stub-5b875d749d-gzm9n,1,16
1781686661,gsm-7,osmo-bsc-594654bd47-qmz4c,1,5
1781686661,gsm-7,osmo-bts-virtual-5f8b9b86fc-cdvvk,25,5
1781686661,gsm-7,osmo-hlr-546bdb8988-rpfg8,1,2
1781686661,gsm-7,osmo-mgw-8c8fc67d6-p2gg4,1,2
1781686661,gsm-7,osmo-mobile-6865667c79-bhtbh,2,28
1781686661,gsm-7,osmo-stp-768687f494-4rjdf,1,2
1781686661,gsm-7,virtphy-6cd7658d46-c7ddj,6,1
1781686664,gsm-7,msc-test-stub-5b875d749d-gzm9n,1,16
1781686664,gsm-7,osmo-bsc-594654bd47-qmz4c,1,5
1781686664,gsm-7,osmo-bts-virtual-5f8b9b86fc-cdvvk,26,5
1781686664,gsm-7,osmo-hlr-546bdb8988-rpfg8,1,2
1781686664,gsm-7,osmo-mgw-8c8fc67d6-p2gg4,1,2
1781686664,gsm-7,osmo-mobile-6865667c79-bhtbh,2,28
1781686664,gsm-7,osmo-stp-768687f494-4rjdf,1,2
1781686664,gsm-7,virtphy-6cd7658d46-c7ddj,6,1
1781686666,gsm-7,msc-test-stub-5b875d749d-gzm9n,1,16
1781686666,gsm-7,osmo-bsc-594654bd47-qmz4c,1,5
1781686666,gsm-7,osmo-bts-virtual-5f8b9b86fc-cdvvk,26,5
1781686666,gsm-7,osmo-hlr-546bdb8988-rpfg8,1,2
1781686666,gsm-7,osmo-mgw-8c8fc67d6-p2gg4,1,2
1781686666,gsm-7,osmo-mobile-6865667c79-bhtbh,2,28
1781686666,gsm-7,osmo-stp-768687f494-4rjdf,1,2
1781686666,gsm-7,virtphy-6cd7658d46-c7ddj,6,1
1781686668,gsm-7,msc-test-stub-5b875d749d-gzm9n,1,16
1781686668,gsm-7,osmo-bsc-594654bd47-qmz4c,1,5
1781686668,gsm-7,osmo-bts-virtual-5f8b9b86fc-cdvvk,26,5
1781686668,gsm-7,osmo-hlr-546bdb8988-rpfg8,1,2
1781686668,gsm-7,osmo-mgw-8c8fc67d6-p2gg4,1,2
1781686668,gsm-7,osmo-mobile-6865667c79-bhtbh,2,28
1781686668,gsm-7,osmo-stp-768687f494-4rjdf,1,2
1781686668,gsm-7,virtphy-6cd7658d46-c7ddj,6,1
1781686671,gsm-7,msc-test-stub-5b875d749d-gzm9n,1,16
1781686671,gsm-7,osmo-bsc-594654bd47-qmz4c,1,5
1781686671,gsm-7,osmo-bts-virtual-5f8b9b86fc-cdvvk,26,5
1781686671,gsm-7,osmo-hlr-546bdb8988-rpfg8,1,2
1781686671,gsm-7,osmo-mgw-8c8fc67d6-p2gg4,1,2
1781686671,gsm-7,osmo-mobile-6865667c79-bhtbh,2,28
1781686671,gsm-7,osmo-stp-768687f494-4rjdf,1,2
1781686671,gsm-7,virtphy-6cd7658d46-c7ddj,6,1
1781686674,gsm-7,msc-test-stub-5b875d749d-gzm9n,1,16
1781686674,gsm-7,osmo-bsc-594654bd47-qmz4c,1,5
1781686674,gsm-7,osmo-bts-virtual-5f8b9b86fc-cdvvk,26,5
1781686674,gsm-7,osmo-hlr-546bdb8988-rpfg8,1,2
1781686674,gsm-7,osmo-mgw-8c8fc67d6-p2gg4,1,2
1781686674,gsm-7,osmo-mobile-6865667c79-bhtbh,2,28
1781686674,gsm-7,osmo-stp-768687f494-4rjdf,1,2
1781686674,gsm-7,virtphy-6cd7658d46-c7ddj,6,1
1781686676,gsm-7,msc-test-stub-5b875d749d-gzm9n,1,16
1781686676,gsm-7,osmo-bsc-594654bd47-qmz4c,1,5
1781686676,gsm-7,osmo-bts-virtual-5f8b9b86fc-cdvvk,26,5
1781686676,gsm-7,osmo-hlr-546bdb8988-rpfg8,1,2
1781686676,gsm-7,osmo-mgw-8c8fc67d6-p2gg4,1,2
1781686676,gsm-7,osmo-mobile-6865667c79-bhtbh,2,28
1781686676,gsm-7,osmo-stp-768687f494-4rjdf,1,2
1781686676,gsm-7,virtphy-6cd7658d46-c7ddj,6,1
1781686679,gsm-7,msc-test-stub-5b875d749d-gzm9n,1,16
1781686679,gsm-7,osmo-bsc-594654bd47-qmz4c,1,5
1781686679,gsm-7,osmo-bts-virtual-5f8b9b86fc-cdvvk,26,5
1781686679,gsm-7,osmo-hlr-546bdb8988-rpfg8,1,2
1781686679,gsm-7,osmo-mgw-8c8fc67d6-p2gg4,1,2
1781686679,gsm-7,osmo-mobile-6865667c79-bhtbh,2,28
1781686679,gsm-7,osmo-stp-768687f494-4rjdf,1,2
1781686679,gsm-7,virtphy-6cd7658d46-c7ddj,7,1
1781686681,gsm-7,msc-test-stub-5b875d749d-gzm9n,1,16
1781686681,gsm-7,osmo-bsc-594654bd47-qmz4c,1,5
1781686681,gsm-7,osmo-bts-virtual-5f8b9b86fc-cdvvk,26,5
1781686681,gsm-7,osmo-hlr-546bdb8988-rpfg8,1,2
1781686681,gsm-7,osmo-mgw-8c8fc67d6-p2gg4,1,2
1781686681,gsm-7,osmo-mobile-6865667c79-bhtbh,2,28
1781686681,gsm-7,osmo-stp-768687f494-4rjdf,1,2
1781686681,gsm-7,virtphy-6cd7658d46-c7ddj,7,1
1781686683,gsm-7,msc-test-stub-5b875d749d-gzm9n,1,16
1781686683,gsm-7,osmo-bsc-594654bd47-qmz4c,1,5
1781686683,gsm-7,osmo-bts-virtual-5f8b9b86fc-cdvvk,26,5
1781686683,gsm-7,osmo-hlr-546bdb8988-rpfg8,1,2
1781686683,gsm-7,osmo-mgw-8c8fc67d6-p2gg4,1,2
1781686683,gsm-7,osmo-mobile-6865667c79-bhtbh,2,28
1781686683,gsm-7,osmo-stp-768687f494-4rjdf,1,2
1781686683,gsm-7,virtphy-6cd7658d46-c7ddj,7,1
1781686686,gsm-7,msc-test-stub-5b875d749d-gzm9n,1,16
1781686686,gsm-7,osmo-bsc-594654bd47-qmz4c,1,5
1781686686,gsm-7,osmo-bts-virtual-5f8b9b86fc-cdvvk,26,5
1781686686,gsm-7,osmo-hlr-546bdb8988-rpfg8,1,2
1781686686,gsm-7,osmo-mgw-8c8fc67d6-p2gg4,1,2
1781686686,gsm-7,osmo-mobile-6865667c79-bhtbh,2,28
1781686686,gsm-7,osmo-stp-768687f494-4rjdf,1,2
1781686686,gsm-7,virtphy-6cd7658d46-c7ddj,7,1
1781686688,gsm-7,msc-test-stub-5b875d749d-gzm9n,1,16
1781686688,gsm-7,osmo-bsc-594654bd47-qmz4c,1,5
1781686688,gsm-7,osmo-bts-virtual-5f8b9b86fc-cdvvk,26,5
1781686688,gsm-7,osmo-hlr-546bdb8988-rpfg8,1,2
1781686688,gsm-7,osmo-mgw-8c8fc67d6-p2gg4,1,2
1781686688,gsm-7,osmo-mobile-6865667c79-bhtbh,2,28
1781686688,gsm-7,osmo-stp-768687f494-4rjdf,1,2
1781686688,gsm-7,virtphy-6cd7658d46-c7ddj,7,1
1781686690,gsm-7,msc-test-stub-5b875d749d-gzm9n,1,16
1781686690,gsm-7,osmo-bsc-594654bd47-qmz4c,1,5
1781686690,gsm-7,osmo-bts-virtual-5f8b9b86fc-cdvvk,26,5
1781686690,gsm-7,osmo-hlr-546bdb8988-rpfg8,1,2
1781686690,gsm-7,osmo-mgw-8c8fc67d6-p2gg4,1,2
1781686690,gsm-7,osmo-mobile-6865667c79-bhtbh,2,28
1781686690,gsm-7,osmo-stp-768687f494-4rjdf,1,2
1781686690,gsm-7,virtphy-6cd7658d46-c7ddj,7,1
1781686693,gsm-7,msc-test-stub-5b875d749d-gzm9n,1,16
1781686693,gsm-7,osmo-bsc-594654bd47-qmz4c,1,5
1781686693,gsm-7,osmo-bts-virtual-5f8b9b86fc-cdvvk,26,5
1781686693,gsm-7,osmo-hlr-546bdb8988-rpfg8,1,2
1781686693,gsm-7,osmo-mgw-8c8fc67d6-p2gg4,1,2
1781686693,gsm-7,osmo-mobile-6865667c79-bhtbh,2,28
1781686693,gsm-7,osmo-stp-768687f494-4rjdf,1,2
1781686693,gsm-7,virtphy-6cd7658d46-c7ddj,6,3
1781686695,gsm-7,msc-test-stub-5b875d749d-gzm9n,1,16
1781686695,gsm-7,osmo-bsc-594654bd47-qmz4c,1,5
1781686695,gsm-7,osmo-bts-virtual-5f8b9b86fc-cdvvk,26,5
1781686695,gsm-7,osmo-hlr-546bdb8988-rpfg8,1,2
1781686695,gsm-7,osmo-mgw-8c8fc67d6-p2gg4,1,2
1781686695,gsm-7,osmo-mobile-6865667c79-bhtbh,2,28
1781686695,gsm-7,osmo-stp-768687f494-4rjdf,1,2
1781686695,gsm-7,virtphy-6cd7658d46-c7ddj,6,3
1781686698,gsm-7,msc-test-stub-5b875d749d-gzm9n,1,16
1781686698,gsm-7,osmo-bsc-594654bd47-qmz4c,1,5
1781686698,gsm-7,osmo-bts-virtual-5f8b9b86fc-cdvvk,26,5
1781686698,gsm-7,osmo-hlr-546bdb8988-rpfg8,1,2
1781686698,gsm-7,osmo-mgw-8c8fc67d6-p2gg4,1,2
1781686698,gsm-7,osmo-mobile-6865667c79-bhtbh,2,28
1781686698,gsm-7,osmo-stp-768687f494-4rjdf,1,2
1781686698,gsm-7,virtphy-6cd7658d46-c7ddj,6,3
1781686700,gsm-7,msc-test-stub-5b875d749d-gzm9n,1,16
1781686700,gsm-7,osmo-bsc-594654bd47-qmz4c,1,5
1781686700,gsm-7,osmo-bts-virtual-5f8b9b86fc-cdvvk,26,5
1781686700,gsm-7,osmo-hlr-546bdb8988-rpfg8,1,2
1781686700,gsm-7,osmo-mgw-8c8fc67d6-p2gg4,1,2
1781686700,gsm-7,osmo-mobile-6865667c79-bhtbh,2,28
1781686700,gsm-7,osmo-stp-768687f494-4rjdf,1,2
1781686700,gsm-7,virtphy-6cd7658d46-c7ddj,6,3
1781686702,gsm-7,msc-test-stub-5b875d749d-gzm9n,1,16
1781686702,gsm-7,osmo-bsc-594654bd47-qmz4c,1,5
1781686702,gsm-7,osmo-bts-virtual-5f8b9b86fc-cdvvk,26,5
1781686702,gsm-7,osmo-hlr-546bdb8988-rpfg8,1,2
1781686702,gsm-7,osmo-mgw-8c8fc67d6-p2gg4,1,2
1781686702,gsm-7,osmo-mobile-6865667c79-bhtbh,2,28
1781686702,gsm-7,osmo-stp-768687f494-4rjdf,1,2
1781686702,gsm-7,virtphy-6cd7658d46-c7ddj,6,3
1781686704,gsm-7,msc-test-stub-5b875d749d-gzm9n,1,16
1781686704,gsm-7,osmo-bsc-594654bd47-qmz4c,1,5
1781686704,gsm-7,osmo-bts-virtual-5f8b9b86fc-cdvvk,26,5
1781686704,gsm-7,osmo-hlr-546bdb8988-rpfg8,1,2
1781686704,gsm-7,osmo-mgw-8c8fc67d6-p2gg4,1,2
1781686704,gsm-7,osmo-mobile-6865667c79-bhtbh,2,28
1781686704,gsm-7,osmo-stp-768687f494-4rjdf,1,2
1781686704,gsm-7,virtphy-6cd7658d46-c7ddj,6,3
1781686706,gsm-7,msc-test-stub-5b875d749d-gzm9n,1,16
1781686706,gsm-7,osmo-bsc-594654bd47-qmz4c,1,5
1781686706,gsm-7,osmo-bts-virtual-5f8b9b86fc-cdvvk,26,5
1781686706,gsm-7,osmo-hlr-546bdb8988-rpfg8,1,2
1781686706,gsm-7,osmo-mgw-8c8fc67d6-p2gg4,1,2
1781686706,gsm-7,osmo-mobile-6865667c79-bhtbh,2,28
1781686706,gsm-7,osmo-stp-768687f494-4rjdf,1,2
1781686706,gsm-7,virtphy-6cd7658d46-c7ddj,6,3
1781686709,gsm-7,msc-test-stub-5b875d749d-gzm9n,1,16
1781686709,gsm-7,osmo-bsc-594654bd47-qmz4c,1,5
1781686709,gsm-7,osmo-bts-virtual-5f8b9b86fc-cdvvk,27,5
1781686709,gsm-7,osmo-hlr-546bdb8988-rpfg8,1,2
1781686709,gsm-7,osmo-mgw-8c8fc67d6-p2gg4,1,2
1781686709,gsm-7,osmo-mobile-6865667c79-bhtbh,2,28
1781686709,gsm-7,osmo-stp-768687f494-4rjdf,1,2
1781686709,gsm-7,virtphy-6cd7658d46-c7ddj,6,1
1781686711,gsm-7,msc-test-stub-5b875d749d-gzm9n,1,16
1781686711,gsm-7,osmo-bsc-594654bd47-qmz4c,1,5
1781686711,gsm-7,osmo-bts-virtual-5f8b9b86fc-cdvvk,27,5
1781686711,gsm-7,osmo-hlr-546bdb8988-rpfg8,1,2
1781686711,gsm-7,osmo-mgw-8c8fc67d6-p2gg4,1,2
1781686711,gsm-7,osmo-mobile-6865667c79-bhtbh,2,28
1781686711,gsm-7,osmo-stp-768687f494-4rjdf,1,2
1781686711,gsm-7,virtphy-6cd7658d46-c7ddj,6,1
1781686713,gsm-7,msc-test-stub-5b875d749d-gzm9n,1,16
1781686713,gsm-7,osmo-bsc-594654bd47-qmz4c,1,5
1781686713,gsm-7,osmo-bts-virtual-5f8b9b86fc-cdvvk,27,5
1781686713,gsm-7,osmo-hlr-546bdb8988-rpfg8,1,2
1781686713,gsm-7,osmo-mgw-8c8fc67d6-p2gg4,1,2
1781686713,gsm-7,osmo-mobile-6865667c79-bhtbh,2,28
1781686713,gsm-7,osmo-stp-768687f494-4rjdf,1,2
1781686713,gsm-7,virtphy-6cd7658d46-c7ddj,6,1
1781686716,gsm-7,msc-test-stub-5b875d749d-gzm9n,1,16
1781686716,gsm-7,osmo-bsc-594654bd47-qmz4c,1,5
1781686716,gsm-7,osmo-bts-virtual-5f8b9b86fc-cdvvk,27,5
1781686716,gsm-7,osmo-hlr-546bdb8988-rpfg8,1,2
1781686716,gsm-7,osmo-mgw-8c8fc67d6-p2gg4,1,2
1781686716,gsm-7,osmo-mobile-6865667c79-bhtbh,2,28
1781686716,gsm-7,osmo-stp-768687f494-4rjdf,1,2
1781686716,gsm-7,virtphy-6cd7658d46-c7ddj,6,1
1781686719,gsm-7,msc-test-stub-5b875d749d-gzm9n,1,16
1781686719,gsm-7,osmo-bsc-594654bd47-qmz4c,1,5
1781686719,gsm-7,osmo-bts-virtual-5f8b9b86fc-cdvvk,27,5
1781686719,gsm-7,osmo-hlr-546bdb8988-rpfg8,1,2
1781686719,gsm-7,osmo-mgw-8c8fc67d6-p2gg4,1,2
1781686719,gsm-7,osmo-mobile-6865667c79-bhtbh,2,28
1781686719,gsm-7,osmo-stp-768687f494-4rjdf,1,2
1781686719,gsm-7,virtphy-6cd7658d46-c7ddj,6,1
1781686721,gsm-7,msc-test-stub-5b875d749d-gzm9n,1,16
1781686721,gsm-7,osmo-bsc-594654bd47-qmz4c,1,5
1781686721,gsm-7,osmo-bts-virtual-5f8b9b86fc-cdvvk,27,5
1781686721,gsm-7,osmo-hlr-546bdb8988-rpfg8,1,2
1781686721,gsm-7,osmo-mgw-8c8fc67d6-p2gg4,1,2
1781686721,gsm-7,osmo-mobile-6865667c79-bhtbh,2,28
1781686721,gsm-7,osmo-stp-768687f494-4rjdf,1,2
1781686721,gsm-7,virtphy-6cd7658d46-c7ddj,6,1
1781686723,gsm-7,msc-test-stub-5b875d749d-gzm9n,1,16
1781686723,gsm-7,osmo-bsc-594654bd47-qmz4c,1,5
1781686723,gsm-7,osmo-bts-virtual-5f8b9b86fc-cdvvk,26,5
1781686723,gsm-7,osmo-hlr-546bdb8988-rpfg8,1,2
1781686723,gsm-7,osmo-mgw-8c8fc67d6-p2gg4,1,2
1781686723,gsm-7,osmo-mobile-6865667c79-bhtbh,2,28
1781686723,gsm-7,osmo-stp-768687f494-4rjdf,1,2
1781686723,gsm-7,virtphy-6cd7658d46-c7ddj,6,1
1781686726,gsm-7,msc-test-stub-5b875d749d-gzm9n,1,16
1781686726,gsm-7,osmo-bsc-594654bd47-qmz4c,1,5
1781686726,gsm-7,osmo-bts-virtual-5f8b9b86fc-cdvvk,26,5
1781686726,gsm-7,osmo-hlr-546bdb8988-rpfg8,1,2
1781686726,gsm-7,osmo-mgw-8c8fc67d6-p2gg4,1,2
1781686726,gsm-7,osmo-mobile-6865667c79-bhtbh,2,28
1781686726,gsm-7,osmo-stp-768687f494-4rjdf,1,2
1781686726,gsm-7,virtphy-6cd7658d46-c7ddj,6,1
1781686728,gsm-7,msc-test-stub-5b875d749d-gzm9n,1,16
1781686728,gsm-7,osmo-bsc-594654bd47-qmz4c,1,5
1781686728,gsm-7,osmo-bts-virtual-5f8b9b86fc-cdvvk,26,5
1781686728,gsm-7,osmo-hlr-546bdb8988-rpfg8,1,2
1781686728,gsm-7,osmo-mgw-8c8fc67d6-p2gg4,1,2
1781686728,gsm-7,osmo-mobile-6865667c79-bhtbh,2,28
1781686728,gsm-7,osmo-stp-768687f494-4rjdf,1,2
1781686728,gsm-7,virtphy-6cd7658d46-c7ddj,6,1
1781686730,gsm-7,msc-test-stub-5b875d749d-gzm9n,1,16
1781686730,gsm-7,osmo-bsc-594654bd47-qmz4c,1,5
1781686730,gsm-7,osmo-bts-virtual-5f8b9b86fc-cdvvk,26,5
1781686730,gsm-7,osmo-hlr-546bdb8988-rpfg8,1,2
1781686730,gsm-7,osmo-mgw-8c8fc67d6-p2gg4,1,2
1781686730,gsm-7,osmo-mobile-6865667c79-bhtbh,2,28
1781686730,gsm-7,osmo-stp-768687f494-4rjdf,1,2
1781686730,gsm-7,virtphy-6cd7658d46-c7ddj,6,1
1781686733,gsm-7,msc-test-stub-5b875d749d-gzm9n,1,16
1781686733,gsm-7,osmo-bsc-594654bd47-qmz4c,1,5
1781686733,gsm-7,osmo-bts-virtual-5f8b9b86fc-cdvvk,26,5
1781686733,gsm-7,osmo-hlr-546bdb8988-rpfg8,1,2
1781686733,gsm-7,osmo-mgw-8c8fc67d6-p2gg4,1,2
1781686733,gsm-7,osmo-mobile-6865667c79-bhtbh,2,28
1781686733,gsm-7,osmo-stp-768687f494-4rjdf,1,2
1781686733,gsm-7,virtphy-6cd7658d46-c7ddj,6,1
1781686735,gsm-7,msc-test-stub-5b875d749d-gzm9n,1,16
1781686735,gsm-7,osmo-bsc-594654bd47-qmz4c,1,5
1781686735,gsm-7,osmo-bts-virtual-5f8b9b86fc-cdvvk,26,5
1781686735,gsm-7,osmo-hlr-546bdb8988-rpfg8,1,2
1781686735,gsm-7,osmo-mgw-8c8fc67d6-p2gg4,1,2
1781686735,gsm-7,osmo-mobile-6865667c79-bhtbh,2,28
1781686735,gsm-7,osmo-stp-768687f494-4rjdf,1,2
1781686735,gsm-7,virtphy-6cd7658d46-c7ddj,6,1
1781686737,gsm-7,msc-test-stub-5b875d749d-gzm9n,1,16
1781686737,gsm-7,osmo-bsc-594654bd47-qmz4c,1,5
1781686737,gsm-7,osmo-bts-virtual-5f8b9b86fc-cdvvk,26,5
1781686737,gsm-7,osmo-hlr-546bdb8988-rpfg8,1,2
1781686737,gsm-7,osmo-mgw-8c8fc67d6-p2gg4,1,2
1781686737,gsm-7,osmo-mobile-6865667c79-bhtbh,2,28
1781686737,gsm-7,osmo-stp-768687f494-4rjdf,1,2
1781686737,gsm-7,virtphy-6cd7658d46-c7ddj,6,1
1781686739,gsm-7,msc-test-stub-5b875d749d-gzm9n,1,16
1781686739,gsm-7,osmo-bsc-594654bd47-qmz4c,1,5
1781686739,gsm-7,osmo-bts-virtual-5f8b9b86fc-cdvvk,26,5
1781686739,gsm-7,osmo-hlr-546bdb8988-rpfg8,1,2
1781686739,gsm-7,osmo-mgw-8c8fc67d6-p2gg4,1,2
1781686739,gsm-7,osmo-mobile-6865667c79-bhtbh,2,28
1781686739,gsm-7,osmo-stp-768687f494-4rjdf,1,2
1781686739,gsm-7,virtphy-6cd7658d46-c7ddj,6,2
1781686742,gsm-7,msc-test-stub-5b875d749d-gzm9n,1,16
1781686742,gsm-7,osmo-bsc-594654bd47-qmz4c,1,5
1781686742,gsm-7,osmo-bts-virtual-5f8b9b86fc-cdvvk,26,5
1781686742,gsm-7,osmo-hlr-546bdb8988-rpfg8,1,2
1781686742,gsm-7,osmo-mgw-8c8fc67d6-p2gg4,1,2
1781686742,gsm-7,osmo-mobile-6865667c79-bhtbh,2,28
1781686742,gsm-7,osmo-stp-768687f494-4rjdf,1,2
1781686742,gsm-7,virtphy-6cd7658d46-c7ddj,6,2
1781686744,gsm-7,msc-test-stub-5b875d749d-gzm9n,1,16
1781686744,gsm-7,osmo-bsc-594654bd47-qmz4c,1,5
1781686744,gsm-7,osmo-bts-virtual-5f8b9b86fc-cdvvk,26,5
1781686744,gsm-7,osmo-hlr-546bdb8988-rpfg8,1,2
1781686744,gsm-7,osmo-mgw-8c8fc67d6-p2gg4,1,2
1781686744,gsm-7,osmo-mobile-6865667c79-bhtbh,2,28
1781686744,gsm-7,osmo-stp-768687f494-4rjdf,1,2
1781686744,gsm-7,virtphy-6cd7658d46-c7ddj,6,2
1781686746,gsm-7,msc-test-stub-5b875d749d-gzm9n,1,16
1781686746,gsm-7,osmo-bsc-594654bd47-qmz4c,1,5
1781686746,gsm-7,osmo-bts-virtual-5f8b9b86fc-cdvvk,26,5
1781686746,gsm-7,osmo-hlr-546bdb8988-rpfg8,1,2
1781686746,gsm-7,osmo-mgw-8c8fc67d6-p2gg4,1,2
1781686746,gsm-7,osmo-mobile-6865667c79-bhtbh,2,28
1781686746,gsm-7,osmo-stp-768687f494-4rjdf,1,2
1781686746,gsm-7,virtphy-6cd7658d46-c7ddj,6,2
1781686749,gsm-7,msc-test-stub-5b875d749d-gzm9n,1,16
1781686749,gsm-7,osmo-bsc-594654bd47-qmz4c,1,5
1781686749,gsm-7,osmo-bts-virtual-5f8b9b86fc-cdvvk,26,5
1781686749,gsm-7,osmo-hlr-546bdb8988-rpfg8,1,2
1781686749,gsm-7,osmo-mgw-8c8fc67d6-p2gg4,1,2
1781686749,gsm-7,osmo-mobile-6865667c79-bhtbh,2,28
1781686749,gsm-7,osmo-stp-768687f494-4rjdf,1,2
1781686749,gsm-7,virtphy-6cd7658d46-c7ddj,6,2
1781686751,gsm-7,msc-test-stub-5b875d749d-gzm9n,1,16
1781686751,gsm-7,osmo-bsc-594654bd47-qmz4c,1,5
1781686751,gsm-7,osmo-bts-virtual-5f8b9b86fc-cdvvk,26,5
1781686751,gsm-7,osmo-hlr-546bdb8988-rpfg8,1,2
1781686751,gsm-7,osmo-mgw-8c8fc67d6-p2gg4,1,2
1781686751,gsm-7,osmo-mobile-6865667c79-bhtbh,2,28
1781686751,gsm-7,osmo-stp-768687f494-4rjdf,1,2
1781686751,gsm-7,virtphy-6cd7658d46-c7ddj,6,2
1781686753,gsm-7,msc-test-stub-5b875d749d-gzm9n,1,16
1781686753,gsm-7,osmo-bsc-594654bd47-qmz4c,1,5
1781686753,gsm-7,osmo-bts-virtual-5f8b9b86fc-cdvvk,25,5
1781686753,gsm-7,osmo-hlr-546bdb8988-rpfg8,1,2
1781686753,gsm-7,osmo-mgw-8c8fc67d6-p2gg4,1,2
1781686753,gsm-7,osmo-mobile-6865667c79-bhtbh,2,28
1781686753,gsm-7,osmo-stp-768687f494-4rjdf,1,2
1781686753,gsm-7,virtphy-6cd7658d46-c7ddj,6,1
1781686755,gsm-7,msc-test-stub-5b875d749d-gzm9n,1,16
1781686755,gsm-7,osmo-bsc-594654bd47-qmz4c,1,5
1781686755,gsm-7,osmo-bts-virtual-5f8b9b86fc-cdvvk,25,5
1781686755,gsm-7,osmo-hlr-546bdb8988-rpfg8,1,2
1781686755,gsm-7,osmo-mgw-8c8fc67d6-p2gg4,1,2
1781686755,gsm-7,osmo-mobile-6865667c79-bhtbh,2,28
1781686755,gsm-7,osmo-stp-768687f494-4rjdf,1,2
1781686755,gsm-7,virtphy-6cd7658d46-c7ddj,6,1
1781686757,gsm-7,msc-test-stub-5b875d749d-gzm9n,1,16
1781686757,gsm-7,osmo-bsc-594654bd47-qmz4c,1,5
1781686757,gsm-7,osmo-bts-virtual-5f8b9b86fc-cdvvk,25,5
1781686757,gsm-7,osmo-hlr-546bdb8988-rpfg8,1,2
1781686757,gsm-7,osmo-mgw-8c8fc67d6-p2gg4,1,2
1781686757,gsm-7,osmo-mobile-6865667c79-bhtbh,2,28
1781686757,gsm-7,osmo-stp-768687f494-4rjdf,1,2
1781686757,gsm-7,virtphy-6cd7658d46-c7ddj,6,1
1781686760,gsm-7,msc-test-stub-5b875d749d-gzm9n,1,16
1781686760,gsm-7,osmo-bsc-594654bd47-qmz4c,1,5
1781686760,gsm-7,osmo-bts-virtual-5f8b9b86fc-cdvvk,25,5
1781686760,gsm-7,osmo-hlr-546bdb8988-rpfg8,1,2
1781686760,gsm-7,osmo-mgw-8c8fc67d6-p2gg4,1,2
1781686760,gsm-7,osmo-mobile-6865667c79-bhtbh,2,28
1781686760,gsm-7,osmo-stp-768687f494-4rjdf,1,2
1781686760,gsm-7,virtphy-6cd7658d46-c7ddj,6,1
1781686762,gsm-7,msc-test-stub-5b875d749d-gzm9n,1,16
1781686762,gsm-7,osmo-bsc-594654bd47-qmz4c,1,5
1781686762,gsm-7,osmo-bts-virtual-5f8b9b86fc-cdvvk,25,5
1781686762,gsm-7,osmo-hlr-546bdb8988-rpfg8,1,2
1781686762,gsm-7,osmo-mgw-8c8fc67d6-p2gg4,1,2
1781686762,gsm-7,osmo-mobile-6865667c79-bhtbh,2,28
1781686762,gsm-7,osmo-stp-768687f494-4rjdf,1,2
1781686762,gsm-7,virtphy-6cd7658d46-c7ddj,6,1
1781686765,gsm-7,msc-test-stub-5b875d749d-gzm9n,1,16
1781686765,gsm-7,osmo-bsc-594654bd47-qmz4c,1,5
1781686765,gsm-7,osmo-bts-virtual-5f8b9b86fc-cdvvk,25,5
1781686765,gsm-7,osmo-hlr-546bdb8988-rpfg8,1,2
1781686765,gsm-7,osmo-mgw-8c8fc67d6-p2gg4,1,2
1781686765,gsm-7,osmo-mobile-6865667c79-bhtbh,2,28
1781686765,gsm-7,osmo-stp-768687f494-4rjdf,1,2
1781686765,gsm-7,virtphy-6cd7658d46-c7ddj,6,1
1781686767,gsm-7,msc-test-stub-5b875d749d-gzm9n,1,16
1781686767,gsm-7,osmo-bsc-594654bd47-qmz4c,1,5
1781686767,gsm-7,osmo-bts-virtual-5f8b9b86fc-cdvvk,25,5
1781686767,gsm-7,osmo-hlr-546bdb8988-rpfg8,1,2
1781686767,gsm-7,osmo-mgw-8c8fc67d6-p2gg4,1,2
1781686767,gsm-7,osmo-mobile-6865667c79-bhtbh,2,28
1781686767,gsm-7,osmo-stp-768687f494-4rjdf,1,2
1781686767,gsm-7,virtphy-6cd7658d46-c7ddj,6,1
1781686769,gsm-7,msc-test-stub-5b875d749d-gzm9n,1,16
1781686769,gsm-7,osmo-bsc-594654bd47-qmz4c,1,5
1781686769,gsm-7,osmo-bts-virtual-5f8b9b86fc-cdvvk,28,5
1781686769,gsm-7,osmo-hlr-546bdb8988-rpfg8,1,2
1781686769,gsm-7,osmo-mgw-8c8fc67d6-p2gg4,1,2
1781686769,gsm-7,osmo-mobile-6865667c79-bhtbh,3,30
1781686769,gsm-7,osmo-stp-768687f494-4rjdf,1,2
1781686769,gsm-7,virtphy-6cd7658d46-c7ddj,7,1
1781686771,gsm-7,msc-test-stub-5b875d749d-gzm9n,1,16
1781686771,gsm-7,osmo-bsc-594654bd47-qmz4c,1,5
1781686771,gsm-7,osmo-bts-virtual-5f8b9b86fc-cdvvk,28,5
1781686771,gsm-7,osmo-hlr-546bdb8988-rpfg8,1,2
1781686771,gsm-7,osmo-mgw-8c8fc67d6-p2gg4,1,2
1781686771,gsm-7,osmo-mobile-6865667c79-bhtbh,3,30
1781686771,gsm-7,osmo-stp-768687f494-4rjdf,1,2
1781686771,gsm-7,virtphy-6cd7658d46-c7ddj,7,1
1781686774,gsm-7,msc-test-stub-5b875d749d-gzm9n,1,16
1781686774,gsm-7,osmo-bsc-594654bd47-qmz4c,1,5
1781686774,gsm-7,osmo-bts-virtual-5f8b9b86fc-cdvvk,28,5
1781686774,gsm-7,osmo-hlr-546bdb8988-rpfg8,1,2
1781686774,gsm-7,osmo-mgw-8c8fc67d6-p2gg4,1,2
1781686774,gsm-7,osmo-mobile-6865667c79-bhtbh,3,30
1781686774,gsm-7,osmo-stp-768687f494-4rjdf,1,2
1781686774,gsm-7,virtphy-6cd7658d46-c7ddj,7,1
1781686777,gsm-7,msc-test-stub-5b875d749d-gzm9n,1,16
1781686777,gsm-7,osmo-bsc-594654bd47-qmz4c,1,5
1781686777,gsm-7,osmo-bts-virtual-5f8b9b86fc-cdvvk,28,5
1781686777,gsm-7,osmo-hlr-546bdb8988-rpfg8,1,2
1781686777,gsm-7,osmo-mgw-8c8fc67d6-p2gg4,1,2
1781686777,gsm-7,osmo-mobile-6865667c79-bhtbh,3,30
1781686777,gsm-7,osmo-stp-768687f494-4rjdf,1,2
1781686777,gsm-7,virtphy-6cd7658d46-c7ddj,7,1
1781686779,gsm-7,msc-test-stub-5b875d749d-gzm9n,1,16
1781686779,gsm-7,osmo-bsc-594654bd47-qmz4c,1,5
1781686779,gsm-7,osmo-bts-virtual-5f8b9b86fc-cdvvk,28,5
1781686779,gsm-7,osmo-hlr-546bdb8988-rpfg8,1,2
1781686779,gsm-7,osmo-mgw-8c8fc67d6-p2gg4,1,2
1781686779,gsm-7,osmo-mobile-6865667c79-bhtbh,3,30
1781686779,gsm-7,osmo-stp-768687f494-4rjdf,1,2
1781686779,gsm-7,virtphy-6cd7658d46-c7ddj,7,1
1781686781,gsm-7,msc-test-stub-5b875d749d-gzm9n,1,16
1781686781,gsm-7,osmo-bsc-594654bd47-qmz4c,1,5
1781686781,gsm-7,osmo-bts-virtual-5f8b9b86fc-cdvvk,28,5
1781686781,gsm-7,osmo-hlr-546bdb8988-rpfg8,1,2
1781686781,gsm-7,osmo-mgw-8c8fc67d6-p2gg4,1,2
1781686781,gsm-7,osmo-mobile-6865667c79-bhtbh,3,30
1781686781,gsm-7,osmo-stp-768687f494-4rjdf,1,2
1781686781,gsm-7,virtphy-6cd7658d46-c7ddj,7,1
1781686784,gsm-7,msc-test-stub-5b875d749d-gzm9n,1,16
1781686784,gsm-7,osmo-bsc-594654bd47-qmz4c,1,5
1781686784,gsm-7,osmo-bts-virtual-5f8b9b86fc-cdvvk,29,5
1781686784,gsm-7,osmo-hlr-546bdb8988-rpfg8,1,2
1781686784,gsm-7,osmo-mgw-8c8fc67d6-p2gg4,1,2
1781686784,gsm-7,osmo-mobile-6865667c79-bhtbh,2,30
1781686784,gsm-7,osmo-stp-768687f494-4rjdf,1,2
1781686784,gsm-7,virtphy-6cd7658d46-c7ddj,6,1
1781686786,gsm-7,msc-test-stub-5b875d749d-gzm9n,1,16
1781686786,gsm-7,osmo-bsc-594654bd47-qmz4c,1,5
1781686786,gsm-7,osmo-bts-virtual-5f8b9b86fc-cdvvk,29,5
1781686786,gsm-7,osmo-hlr-546bdb8988-rpfg8,1,2
1781686786,gsm-7,osmo-mgw-8c8fc67d6-p2gg4,1,2
1781686786,gsm-7,osmo-mobile-6865667c79-bhtbh,2,30
1781686786,gsm-7,osmo-stp-768687f494-4rjdf,1,2
1781686786,gsm-7,virtphy-6cd7658d46-c7ddj,6,1
1781686788,gsm-7,msc-test-stub-5b875d749d-gzm9n,1,16
1781686788,gsm-7,osmo-bsc-594654bd47-qmz4c,1,5
1781686788,gsm-7,osmo-bts-virtual-5f8b9b86fc-cdvvk,29,5
1781686788,gsm-7,osmo-hlr-546bdb8988-rpfg8,1,2
1781686788,gsm-7,osmo-mgw-8c8fc67d6-p2gg4,1,2
1781686788,gsm-7,osmo-mobile-6865667c79-bhtbh,2,30
1781686788,gsm-7,osmo-stp-768687f494-4rjdf,1,2
1781686788,gsm-7,virtphy-6cd7658d46-c7ddj,6,1
1781686790,gsm-7,msc-test-stub-5b875d749d-gzm9n,1,16
1781686790,gsm-7,osmo-bsc-594654bd47-qmz4c,1,5
1781686790,gsm-7,osmo-bts-virtual-5f8b9b86fc-cdvvk,29,5
1781686790,gsm-7,osmo-hlr-546bdb8988-rpfg8,1,2
1781686790,gsm-7,osmo-mgw-8c8fc67d6-p2gg4,1,2
1781686790,gsm-7,osmo-mobile-6865667c79-bhtbh,2,30
1781686790,gsm-7,osmo-stp-768687f494-4rjdf,1,2
1781686790,gsm-7,virtphy-6cd7658d46-c7ddj,6,1
1781686792,gsm-7,msc-test-stub-5b875d749d-gzm9n,1,16
1781686792,gsm-7,osmo-bsc-594654bd47-qmz4c,1,5
1781686792,gsm-7,osmo-bts-virtual-5f8b9b86fc-cdvvk,29,5
1781686792,gsm-7,osmo-hlr-546bdb8988-rpfg8,1,2
1781686792,gsm-7,osmo-mgw-8c8fc67d6-p2gg4,1,2
1781686792,gsm-7,osmo-mobile-6865667c79-bhtbh,2,30
1781686792,gsm-7,osmo-stp-768687f494-4rjdf,1,2
1781686792,gsm-7,virtphy-6cd7658d46-c7ddj,6,1
1781686795,gsm-7,msc-test-stub-5b875d749d-gzm9n,1,16
1781686795,gsm-7,osmo-bsc-594654bd47-qmz4c,1,5
1781686795,gsm-7,osmo-bts-virtual-5f8b9b86fc-cdvvk,29,5
1781686795,gsm-7,osmo-hlr-546bdb8988-rpfg8,1,2
1781686795,gsm-7,osmo-mgw-8c8fc67d6-p2gg4,1,2
1781686795,gsm-7,osmo-mobile-6865667c79-bhtbh,2,30
1781686795,gsm-7,osmo-stp-768687f494-4rjdf,1,2
1781686795,gsm-7,virtphy-6cd7658d46-c7ddj,6,1
1781686797,gsm-7,msc-test-stub-5b875d749d-gzm9n,1,16
1781686797,gsm-7,osmo-bsc-594654bd47-qmz4c,1,5
1781686797,gsm-7,osmo-bts-virtual-5f8b9b86fc-cdvvk,29,5
1781686797,gsm-7,osmo-hlr-546bdb8988-rpfg8,1,2
1781686797,gsm-7,osmo-mgw-8c8fc67d6-p2gg4,1,2
1781686797,gsm-7,osmo-mobile-6865667c79-bhtbh,2,30
1781686797,gsm-7,osmo-stp-768687f494-4rjdf,1,2
1781686797,gsm-7,virtphy-6cd7658d46-c7ddj,6,1
1781686799,gsm-7,msc-test-stub-5b875d749d-gzm9n,1,16
1781686799,gsm-7,osmo-bsc-594654bd47-qmz4c,1,5
1781686799,gsm-7,osmo-bts-virtual-5f8b9b86fc-cdvvk,25,5
1781686799,gsm-7,osmo-hlr-546bdb8988-rpfg8,1,2
1781686799,gsm-7,osmo-mgw-8c8fc67d6-p2gg4,1,2
1781686799,gsm-7,osmo-mobile-6865667c79-bhtbh,2,30
1781686799,gsm-7,osmo-stp-768687f494-4rjdf,1,2
1781686799,gsm-7,virtphy-6cd7658d46-c7ddj,7,1
1781686801,gsm-7,msc-test-stub-5b875d749d-gzm9n,1,16
1781686801,gsm-7,osmo-bsc-594654bd47-qmz4c,1,5
1781686801,gsm-7,osmo-bts-virtual-5f8b9b86fc-cdvvk,25,5
1781686801,gsm-7,osmo-hlr-546bdb8988-rpfg8,1,2
1781686801,gsm-7,osmo-mgw-8c8fc67d6-p2gg4,1,2
1781686801,gsm-7,osmo-mobile-6865667c79-bhtbh,2,30
1781686801,gsm-7,osmo-stp-768687f494-4rjdf,1,2
1781686801,gsm-7,virtphy-6cd7658d46-c7ddj,7,1
1781686803,gsm-7,msc-test-stub-5b875d749d-gzm9n,1,16
1781686803,gsm-7,osmo-bsc-594654bd47-qmz4c,1,5
1781686803,gsm-7,osmo-bts-virtual-5f8b9b86fc-cdvvk,25,5
1781686803,gsm-7,osmo-hlr-546bdb8988-rpfg8,1,2
1781686803,gsm-7,osmo-mgw-8c8fc67d6-p2gg4,1,2
1781686803,gsm-7,osmo-mobile-6865667c79-bhtbh,2,30
1781686803,gsm-7,osmo-stp-768687f494-4rjdf,1,2
1781686803,gsm-7,virtphy-6cd7658d46-c7ddj,7,1
1781686805,gsm-7,msc-test-stub-5b875d749d-gzm9n,1,16
1781686805,gsm-7,osmo-bsc-594654bd47-qmz4c,1,5
1781686805,gsm-7,osmo-bts-virtual-5f8b9b86fc-cdvvk,25,5
1781686805,gsm-7,osmo-hlr-546bdb8988-rpfg8,1,2
1781686805,gsm-7,osmo-mgw-8c8fc67d6-p2gg4,1,2
1781686805,gsm-7,osmo-mobile-6865667c79-bhtbh,2,30
1781686805,gsm-7,osmo-stp-768687f494-4rjdf,1,2
1781686805,gsm-7,virtphy-6cd7658d46-c7ddj,7,1
1781686807,gsm-7,msc-test-stub-5b875d749d-gzm9n,1,16
1781686807,gsm-7,osmo-bsc-594654bd47-qmz4c,1,5
1781686807,gsm-7,osmo-bts-virtual-5f8b9b86fc-cdvvk,25,5
1781686807,gsm-7,osmo-hlr-546bdb8988-rpfg8,1,2
1781686807,gsm-7,osmo-mgw-8c8fc67d6-p2gg4,1,2
1781686807,gsm-7,osmo-mobile-6865667c79-bhtbh,2,30
1781686807,gsm-7,osmo-stp-768687f494-4rjdf,1,2
1781686807,gsm-7,virtphy-6cd7658d46-c7ddj,7,1
1781686810,gsm-7,msc-test-stub-5b875d749d-gzm9n,1,16
1781686810,gsm-7,osmo-bsc-594654bd47-qmz4c,1,5
1781686810,gsm-7,osmo-bts-virtual-5f8b9b86fc-cdvvk,25,5
1781686810,gsm-7,osmo-hlr-546bdb8988-rpfg8,1,2
1781686810,gsm-7,osmo-mgw-8c8fc67d6-p2gg4,1,2
1781686810,gsm-7,osmo-mobile-6865667c79-bhtbh,2,30
1781686810,gsm-7,osmo-stp-768687f494-4rjdf,1,2
1781686810,gsm-7,virtphy-6cd7658d46-c7ddj,7,1
1781686812,gsm-7,msc-test-stub-5b875d749d-gzm9n,1,16
1781686812,gsm-7,osmo-bsc-594654bd47-qmz4c,1,5
1781686812,gsm-7,osmo-bts-virtual-5f8b9b86fc-cdvvk,25,5
1781686812,gsm-7,osmo-hlr-546bdb8988-rpfg8,1,2
1781686812,gsm-7,osmo-mgw-8c8fc67d6-p2gg4,1,2
1781686812,gsm-7,osmo-mobile-6865667c79-bhtbh,2,30
1781686812,gsm-7,osmo-stp-768687f494-4rjdf,1,2
1781686812,gsm-7,virtphy-6cd7658d46-c7ddj,7,1
1781686814,gsm-7,msc-test-stub-5b875d749d-gzm9n,1,16
1781686814,gsm-7,osmo-bsc-594654bd47-qmz4c,1,5
1781686814,gsm-7,osmo-bts-virtual-5f8b9b86fc-cdvvk,24,5
1781686814,gsm-7,osmo-hlr-546bdb8988-rpfg8,1,2
1781686814,gsm-7,osmo-mgw-8c8fc67d6-p2gg4,1,2
1781686814,gsm-7,osmo-mobile-6865667c79-bhtbh,2,30
1781686814,gsm-7,osmo-stp-768687f494-4rjdf,1,2
1781686814,gsm-7,virtphy-6cd7658d46-c7ddj,7,2
1781686816,gsm-7,msc-test-stub-5b875d749d-gzm9n,1,16
1781686816,gsm-7,osmo-bsc-594654bd47-qmz4c,1,5
1781686816,gsm-7,osmo-bts-virtual-5f8b9b86fc-cdvvk,24,5
1781686816,gsm-7,osmo-hlr-546bdb8988-rpfg8,1,2
1781686816,gsm-7,osmo-mgw-8c8fc67d6-p2gg4,1,2
1781686816,gsm-7,osmo-mobile-6865667c79-bhtbh,2,30
1781686816,gsm-7,osmo-stp-768687f494-4rjdf,1,2
1781686816,gsm-7,virtphy-6cd7658d46-c7ddj,7,2
1781686818,gsm-7,msc-test-stub-5b875d749d-gzm9n,1,16
1781686818,gsm-7,osmo-bsc-594654bd47-qmz4c,1,5
1781686818,gsm-7,osmo-bts-virtual-5f8b9b86fc-cdvvk,24,5
1781686818,gsm-7,osmo-hlr-546bdb8988-rpfg8,1,2
1781686818,gsm-7,osmo-mgw-8c8fc67d6-p2gg4,1,2
1781686818,gsm-7,osmo-mobile-6865667c79-bhtbh,2,30
1781686818,gsm-7,osmo-stp-768687f494-4rjdf,1,2
1781686818,gsm-7,virtphy-6cd7658d46-c7ddj,7,2
1781686821,gsm-7,msc-test-stub-5b875d749d-gzm9n,1,16
1781686821,gsm-7,osmo-bsc-594654bd47-qmz4c,1,5
1781686821,gsm-7,osmo-bts-virtual-5f8b9b86fc-cdvvk,24,5
1781686821,gsm-7,osmo-hlr-546bdb8988-rpfg8,1,2
1781686821,gsm-7,osmo-mgw-8c8fc67d6-p2gg4,1,2
1781686821,gsm-7,osmo-mobile-6865667c79-bhtbh,2,30
1781686821,gsm-7,osmo-stp-768687f494-4rjdf,1,2
1781686821,gsm-7,virtphy-6cd7658d46-c7ddj,7,2
1781686823,gsm-7,msc-test-stub-5b875d749d-gzm9n,1,16
1781686823,gsm-7,osmo-bsc-594654bd47-qmz4c,1,5
1781686823,gsm-7,osmo-bts-virtual-5f8b9b86fc-cdvvk,24,5
1781686823,gsm-7,osmo-hlr-546bdb8988-rpfg8,1,2
1781686823,gsm-7,osmo-mgw-8c8fc67d6-p2gg4,1,2
1781686823,gsm-7,osmo-mobile-6865667c79-bhtbh,2,30
1781686823,gsm-7,osmo-stp-768687f494-4rjdf,1,2
1781686823,gsm-7,virtphy-6cd7658d46-c7ddj,7,2
1781686826,gsm-7,msc-test-stub-5b875d749d-gzm9n,1,16
1781686826,gsm-7,osmo-bsc-594654bd47-qmz4c,1,5
1781686826,gsm-7,osmo-bts-virtual-5f8b9b86fc-cdvvk,24,5
1781686826,gsm-7,osmo-hlr-546bdb8988-rpfg8,1,2
1781686826,gsm-7,osmo-mgw-8c8fc67d6-p2gg4,1,2
1781686826,gsm-7,osmo-mobile-6865667c79-bhtbh,2,30
1781686826,gsm-7,osmo-stp-768687f494-4rjdf,1,2
1781686826,gsm-7,virtphy-6cd7658d46-c7ddj,7,2
1781686828,gsm-7,msc-test-stub-5b875d749d-gzm9n,1,16
1781686828,gsm-7,osmo-bsc-594654bd47-qmz4c,1,5
1781686828,gsm-7,osmo-bts-virtual-5f8b9b86fc-cdvvk,24,5
1781686828,gsm-7,osmo-hlr-546bdb8988-rpfg8,1,2
1781686828,gsm-7,osmo-mgw-8c8fc67d6-p2gg4,1,2
1781686828,gsm-7,osmo-mobile-6865667c79-bhtbh,2,30
1781686828,gsm-7,osmo-stp-768687f494-4rjdf,1,2
1781686828,gsm-7,virtphy-6cd7658d46-c7ddj,6,1
1781686830,gsm-7,msc-test-stub-5b875d749d-gzm9n,1,16
1781686830,gsm-7,osmo-bsc-594654bd47-qmz4c,1,5
1781686830,gsm-7,osmo-bts-virtual-5f8b9b86fc-cdvvk,24,5
1781686830,gsm-7,osmo-hlr-546bdb8988-rpfg8,1,2
1781686830,gsm-7,osmo-mgw-8c8fc67d6-p2gg4,1,2
1781686830,gsm-7,osmo-mobile-6865667c79-bhtbh,2,30
1781686830,gsm-7,osmo-stp-768687f494-4rjdf,1,2
1781686830,gsm-7,virtphy-6cd7658d46-c7ddj,6,1
1781686832,gsm-7,msc-test-stub-5b875d749d-gzm9n,1,16
1781686832,gsm-7,osmo-bsc-594654bd47-qmz4c,1,5
1781686832,gsm-7,osmo-bts-virtual-5f8b9b86fc-cdvvk,24,5
1781686832,gsm-7,osmo-hlr-546bdb8988-rpfg8,1,2
1781686832,gsm-7,osmo-mgw-8c8fc67d6-p2gg4,1,2
1781686832,gsm-7,osmo-mobile-6865667c79-bhtbh,2,30
1781686832,gsm-7,osmo-stp-768687f494-4rjdf,1,2
1781686832,gsm-7,virtphy-6cd7658d46-c7ddj,6,1
1781686834,gsm-7,msc-test-stub-5b875d749d-gzm9n,1,16
1781686834,gsm-7,osmo-bsc-594654bd47-qmz4c,1,5
1781686834,gsm-7,osmo-bts-virtual-5f8b9b86fc-cdvvk,24,5
1781686834,gsm-7,osmo-hlr-546bdb8988-rpfg8,1,2
1781686834,gsm-7,osmo-mgw-8c8fc67d6-p2gg4,1,2
1781686834,gsm-7,osmo-mobile-6865667c79-bhtbh,2,30
1781686834,gsm-7,osmo-stp-768687f494-4rjdf,1,2
1781686834,gsm-7,virtphy-6cd7658d46-c7ddj,6,1
1781686837,gsm-7,msc-test-stub-5b875d749d-gzm9n,1,16
1781686837,gsm-7,osmo-bsc-594654bd47-qmz4c,1,5
1781686837,gsm-7,osmo-bts-virtual-5f8b9b86fc-cdvvk,24,5
1781686837,gsm-7,osmo-hlr-546bdb8988-rpfg8,1,2
1781686837,gsm-7,osmo-mgw-8c8fc67d6-p2gg4,1,2
1781686837,gsm-7,osmo-mobile-6865667c79-bhtbh,2,30
1781686837,gsm-7,osmo-stp-768687f494-4rjdf,1,2
1781686837,gsm-7,virtphy-6cd7658d46-c7ddj,6,1
1781686839,gsm-7,msc-test-stub-5b875d749d-gzm9n,1,16
1781686839,gsm-7,osmo-bsc-594654bd47-qmz4c,1,5
1781686839,gsm-7,osmo-bts-virtual-5f8b9b86fc-cdvvk,24,5
1781686839,gsm-7,osmo-hlr-546bdb8988-rpfg8,1,2
1781686839,gsm-7,osmo-mgw-8c8fc67d6-p2gg4,1,2
1781686839,gsm-7,osmo-mobile-6865667c79-bhtbh,2,30
1781686839,gsm-7,osmo-stp-768687f494-4rjdf,1,2
1781686839,gsm-7,virtphy-6cd7658d46-c7ddj,6,1
1781686841,gsm-7,msc-test-stub-5b875d749d-gzm9n,1,16
1781686841,gsm-7,osmo-bsc-594654bd47-qmz4c,1,5
1781686841,gsm-7,osmo-bts-virtual-5f8b9b86fc-cdvvk,24,5
1781686841,gsm-7,osmo-hlr-546bdb8988-rpfg8,1,2
1781686841,gsm-7,osmo-mgw-8c8fc67d6-p2gg4,1,2
1781686841,gsm-7,osmo-mobile-6865667c79-bhtbh,2,30
1781686841,gsm-7,osmo-stp-768687f494-4rjdf,1,2
1781686841,gsm-7,virtphy-6cd7658d46-c7ddj,6,1
1781686843,gsm-7,msc-test-stub-5b875d749d-gzm9n,1,16
1781686843,gsm-7,osmo-bsc-594654bd47-qmz4c,1,5
1781686843,gsm-7,osmo-bts-virtual-5f8b9b86fc-cdvvk,24,5
1781686843,gsm-7,osmo-hlr-546bdb8988-rpfg8,1,2
1781686843,gsm-7,osmo-mgw-8c8fc67d6-p2gg4,1,2
1781686843,gsm-7,osmo-mobile-6865667c79-bhtbh,2,30
1781686843,gsm-7,osmo-stp-768687f494-4rjdf,1,2
1781686843,gsm-7,virtphy-6cd7658d46-c7ddj,6,1
1781686846,gsm-7,msc-test-stub-5b875d749d-gzm9n,1,16
1781686846,gsm-7,osmo-bsc-594654bd47-qmz4c,1,5
1781686846,gsm-7,osmo-bts-virtual-5f8b9b86fc-cdvvk,24,5
1781686846,gsm-7,osmo-hlr-546bdb8988-rpfg8,1,2
1781686846,gsm-7,osmo-mgw-8c8fc67d6-p2gg4,1,2
1781686846,gsm-7,osmo-mobile-6865667c79-bhtbh,2,30
1781686846,gsm-7,osmo-stp-768687f494-4rjdf,1,2
1781686846,gsm-7,virtphy-6cd7658d46-c7ddj,6,1
1781686849,gsm-7,msc-test-stub-5b875d749d-gzm9n,1,16
1781686849,gsm-7,osmo-bsc-594654bd47-qmz4c,1,5
1781686849,gsm-7,osmo-bts-virtual-5f8b9b86fc-cdvvk,24,5
1781686849,gsm-7,osmo-hlr-546bdb8988-rpfg8,1,2
1781686849,gsm-7,osmo-mgw-8c8fc67d6-p2gg4,1,2
1781686849,gsm-7,osmo-mobile-6865667c79-bhtbh,2,30
1781686849,gsm-7,osmo-stp-768687f494-4rjdf,1,2
1781686849,gsm-7,virtphy-6cd7658d46-c7ddj,6,1
1781686851,gsm-7,msc-test-stub-5b875d749d-gzm9n,1,16
1781686851,gsm-7,osmo-bsc-594654bd47-qmz4c,1,5
1781686851,gsm-7,osmo-bts-virtual-5f8b9b86fc-cdvvk,24,5
1781686851,gsm-7,osmo-hlr-546bdb8988-rpfg8,1,2
1781686851,gsm-7,osmo-mgw-8c8fc67d6-p2gg4,1,2
1781686851,gsm-7,osmo-mobile-6865667c79-bhtbh,2,30
1781686851,gsm-7,osmo-stp-768687f494-4rjdf,1,2
1781686851,gsm-7,virtphy-6cd7658d46-c7ddj,6,1
1781686853,gsm-7,msc-test-stub-5b875d749d-gzm9n,1,16
1781686853,gsm-7,osmo-bsc-594654bd47-qmz4c,1,5
1781686853,gsm-7,osmo-bts-virtual-5f8b9b86fc-cdvvk,24,5
1781686853,gsm-7,osmo-hlr-546bdb8988-rpfg8,1,2
1781686853,gsm-7,osmo-mgw-8c8fc67d6-p2gg4,1,2
1781686853,gsm-7,osmo-mobile-6865667c79-bhtbh,2,30
1781686853,gsm-7,osmo-stp-768687f494-4rjdf,1,2
1781686853,gsm-7,virtphy-6cd7658d46-c7ddj,6,1
1781686856,gsm-7,msc-test-stub-5b875d749d-gzm9n,1,16
1781686856,gsm-7,osmo-bsc-594654bd47-qmz4c,1,5
1781686856,gsm-7,osmo-bts-virtual-5f8b9b86fc-cdvvk,24,5
1781686856,gsm-7,osmo-hlr-546bdb8988-rpfg8,1,2
1781686856,gsm-7,osmo-mgw-8c8fc67d6-p2gg4,1,2
1781686856,gsm-7,osmo-mobile-6865667c79-bhtbh,2,30
1781686856,gsm-7,osmo-stp-768687f494-4rjdf,1,2
1781686856,gsm-7,virtphy-6cd7658d46-c7ddj,6,1
1781686858,gsm-7,msc-test-stub-5b875d749d-gzm9n,1,16
1781686858,gsm-7,osmo-bsc-594654bd47-qmz4c,1,5
1781686858,gsm-7,osmo-bts-virtual-5f8b9b86fc-cdvvk,24,5
1781686858,gsm-7,osmo-hlr-546bdb8988-rpfg8,1,2
1781686858,gsm-7,osmo-mgw-8c8fc67d6-p2gg4,1,2
1781686858,gsm-7,osmo-mobile-6865667c79-bhtbh,2,30
1781686858,gsm-7,osmo-stp-768687f494-4rjdf,1,2
1781686858,gsm-7,virtphy-6cd7658d46-c7ddj,7,1
1781686861,gsm-7,msc-test-stub-5b875d749d-gzm9n,1,16
1781686861,gsm-7,osmo-bsc-594654bd47-qmz4c,1,5
1781686861,gsm-7,osmo-bts-virtual-5f8b9b86fc-cdvvk,24,5
1781686861,gsm-7,osmo-hlr-546bdb8988-rpfg8,1,2
1781686861,gsm-7,osmo-mgw-8c8fc67d6-p2gg4,1,2
1781686861,gsm-7,osmo-mobile-6865667c79-bhtbh,2,30
1781686861,gsm-7,osmo-stp-768687f494-4rjdf,1,2
1781686861,gsm-7,virtphy-6cd7658d46-c7ddj,7,1
1781686863,gsm-7,msc-test-stub-5b875d749d-gzm9n,1,16
1781686863,gsm-7,osmo-bsc-594654bd47-qmz4c,1,5
1781686863,gsm-7,osmo-bts-virtual-5f8b9b86fc-cdvvk,24,5
1781686863,gsm-7,osmo-hlr-546bdb8988-rpfg8,1,2
1781686863,gsm-7,osmo-mgw-8c8fc67d6-p2gg4,1,2
1781686863,gsm-7,osmo-mobile-6865667c79-bhtbh,2,30
1781686863,gsm-7,osmo-stp-768687f494-4rjdf,1,2
1781686863,gsm-7,virtphy-6cd7658d46-c7ddj,7,1
1781686865,gsm-7,msc-test-stub-5b875d749d-gzm9n,1,16
1781686865,gsm-7,osmo-bsc-594654bd47-qmz4c,1,5
1781686865,gsm-7,osmo-bts-virtual-5f8b9b86fc-cdvvk,24,5
1781686865,gsm-7,osmo-hlr-546bdb8988-rpfg8,1,2
1781686865,gsm-7,osmo-mgw-8c8fc67d6-p2gg4,1,2
1781686865,gsm-7,osmo-mobile-6865667c79-bhtbh,2,30
1781686865,gsm-7,osmo-stp-768687f494-4rjdf,1,2
1781686865,gsm-7,virtphy-6cd7658d46-c7ddj,7,1
1781686867,gsm-7,msc-test-stub-5b875d749d-gzm9n,1,16
1781686867,gsm-7,osmo-bsc-594654bd47-qmz4c,1,5
1781686867,gsm-7,osmo-bts-virtual-5f8b9b86fc-cdvvk,24,5
1781686867,gsm-7,osmo-hlr-546bdb8988-rpfg8,1,2
1781686867,gsm-7,osmo-mgw-8c8fc67d6-p2gg4,1,2
1781686867,gsm-7,osmo-mobile-6865667c79-bhtbh,2,30
1781686867,gsm-7,osmo-stp-768687f494-4rjdf,1,2
1781686867,gsm-7,virtphy-6cd7658d46-c7ddj,7,1
1781686869,gsm-7,msc-test-stub-5b875d749d-gzm9n,1,16
1781686869,gsm-7,osmo-bsc-594654bd47-qmz4c,1,5
1781686869,gsm-7,osmo-bts-virtual-5f8b9b86fc-cdvvk,24,5
1781686869,gsm-7,osmo-hlr-546bdb8988-rpfg8,1,2
1781686869,gsm-7,osmo-mgw-8c8fc67d6-p2gg4,1,2
1781686869,gsm-7,osmo-mobile-6865667c79-bhtbh,2,30
1781686869,gsm-7,osmo-stp-768687f494-4rjdf,1,2
1781686869,gsm-7,virtphy-6cd7658d46-c7ddj,7,1
1781686871,gsm-7,msc-test-stub-5b875d749d-gzm9n,1,16
1781686871,gsm-7,osmo-bsc-594654bd47-qmz4c,1,5
1781686871,gsm-7,osmo-bts-virtual-5f8b9b86fc-cdvvk,24,5
1781686871,gsm-7,osmo-hlr-546bdb8988-rpfg8,1,2
1781686871,gsm-7,osmo-mgw-8c8fc67d6-p2gg4,1,2
1781686871,gsm-7,osmo-mobile-6865667c79-bhtbh,2,30
1781686871,gsm-7,osmo-stp-768687f494-4rjdf,1,2
1781686871,gsm-7,virtphy-6cd7658d46-c7ddj,7,1
1781686874,gsm-7,msc-test-stub-5b875d749d-gzm9n,1,16
1781686874,gsm-7,osmo-bsc-594654bd47-qmz4c,1,5
1781686874,gsm-7,osmo-bts-virtual-5f8b9b86fc-cdvvk,25,8
1781686874,gsm-7,osmo-hlr-546bdb8988-rpfg8,1,2
1781686874,gsm-7,osmo-mgw-8c8fc67d6-p2gg4,1,2
1781686874,gsm-7,osmo-mobile-6865667c79-bhtbh,2,30
1781686874,gsm-7,osmo-stp-768687f494-4rjdf,1,2
1781686874,gsm-7,virtphy-6cd7658d46-c7ddj,6,1
1781686877,gsm-7,msc-test-stub-5b875d749d-gzm9n,1,16
1781686877,gsm-7,osmo-bsc-594654bd47-qmz4c,1,5
1781686877,gsm-7,osmo-bts-virtual-5f8b9b86fc-cdvvk,25,8
1781686877,gsm-7,osmo-hlr-546bdb8988-rpfg8,1,2
1781686877,gsm-7,osmo-mgw-8c8fc67d6-p2gg4,1,2
1781686877,gsm-7,osmo-mobile-6865667c79-bhtbh,2,30
1781686877,gsm-7,osmo-stp-768687f494-4rjdf,1,2
1781686877,gsm-7,virtphy-6cd7658d46-c7ddj,6,1
1781686879,gsm-7,msc-test-stub-5b875d749d-gzm9n,1,16
1781686879,gsm-7,osmo-bsc-594654bd47-qmz4c,1,5
1781686879,gsm-7,osmo-bts-virtual-5f8b9b86fc-cdvvk,25,8
1781686879,gsm-7,osmo-hlr-546bdb8988-rpfg8,1,2
1781686879,gsm-7,osmo-mgw-8c8fc67d6-p2gg4,1,2
1781686879,gsm-7,osmo-mobile-6865667c79-bhtbh,2,30
1781686879,gsm-7,osmo-stp-768687f494-4rjdf,1,2
1781686879,gsm-7,virtphy-6cd7658d46-c7ddj,6,1
1781686881,gsm-7,msc-test-stub-5b875d749d-gzm9n,1,16
1781686881,gsm-7,osmo-bsc-594654bd47-qmz4c,1,5
1781686881,gsm-7,osmo-bts-virtual-5f8b9b86fc-cdvvk,25,8
1781686881,gsm-7,osmo-hlr-546bdb8988-rpfg8,1,2
1781686881,gsm-7,osmo-mgw-8c8fc67d6-p2gg4,1,2
1781686881,gsm-7,osmo-mobile-6865667c79-bhtbh,2,30
1781686881,gsm-7,osmo-stp-768687f494-4rjdf,1,2
1781686881,gsm-7,virtphy-6cd7658d46-c7ddj,6,1
1781686883,gsm-7,msc-test-stub-5b875d749d-gzm9n,1,16
1781686883,gsm-7,osmo-bsc-594654bd47-qmz4c,1,5
1781686883,gsm-7,osmo-bts-virtual-5f8b9b86fc-cdvvk,25,8
1781686883,gsm-7,osmo-hlr-546bdb8988-rpfg8,1,2
1781686883,gsm-7,osmo-mgw-8c8fc67d6-p2gg4,1,2
1781686883,gsm-7,osmo-mobile-6865667c79-bhtbh,2,30
1781686883,gsm-7,osmo-stp-768687f494-4rjdf,1,2
1781686883,gsm-7,virtphy-6cd7658d46-c7ddj,6,1
1781686885,gsm-7,msc-test-stub-5b875d749d-gzm9n,1,16
1781686885,gsm-7,osmo-bsc-594654bd47-qmz4c,1,5
1781686885,gsm-7,osmo-bts-virtual-5f8b9b86fc-cdvvk,25,8
1781686885,gsm-7,osmo-hlr-546bdb8988-rpfg8,1,2
1781686885,gsm-7,osmo-mgw-8c8fc67d6-p2gg4,1,2
1781686885,gsm-7,osmo-mobile-6865667c79-bhtbh,2,30
1781686885,gsm-7,osmo-stp-768687f494-4rjdf,1,2
1781686885,gsm-7,virtphy-6cd7658d46-c7ddj,6,1
1781686888,gsm-7,msc-test-stub-5b875d749d-gzm9n,1,16
1781686888,gsm-7,osmo-bsc-594654bd47-qmz4c,1,5
1781686888,gsm-7,osmo-bts-virtual-5f8b9b86fc-cdvvk,29,5
1781686888,gsm-7,osmo-hlr-546bdb8988-rpfg8,1,2
1781686888,gsm-7,osmo-mgw-8c8fc67d6-p2gg4,1,2
1781686888,gsm-7,osmo-mobile-6865667c79-bhtbh,2,30
1781686888,gsm-7,osmo-stp-768687f494-4rjdf,1,2
1781686888,gsm-7,virtphy-6cd7658d46-c7ddj,8,1
1781686890,gsm-7,msc-test-stub-5b875d749d-gzm9n,1,16
1781686890,gsm-7,osmo-bsc-594654bd47-qmz4c,1,5
1781686890,gsm-7,osmo-bts-virtual-5f8b9b86fc-cdvvk,29,5
1781686890,gsm-7,osmo-hlr-546bdb8988-rpfg8,1,2
1781686890,gsm-7,osmo-mgw-8c8fc67d6-p2gg4,1,2
1781686890,gsm-7,osmo-mobile-6865667c79-bhtbh,2,30
1781686890,gsm-7,osmo-stp-768687f494-4rjdf,1,2
1781686890,gsm-7,virtphy-6cd7658d46-c7ddj,8,1
1781686892,gsm-7,msc-test-stub-5b875d749d-gzm9n,1,16
1781686892,gsm-7,osmo-bsc-594654bd47-qmz4c,1,5
1781686892,gsm-7,osmo-bts-virtual-5f8b9b86fc-cdvvk,29,5
1781686892,gsm-7,osmo-hlr-546bdb8988-rpfg8,1,2
1781686892,gsm-7,osmo-mgw-8c8fc67d6-p2gg4,1,2
1781686892,gsm-7,osmo-mobile-6865667c79-bhtbh,2,30
1781686892,gsm-7,osmo-stp-768687f494-4rjdf,1,2
1781686892,gsm-7,virtphy-6cd7658d46-c7ddj,8,1
1781686894,gsm-7,msc-test-stub-5b875d749d-gzm9n,1,16
1781686894,gsm-7,osmo-bsc-594654bd47-qmz4c,1,5
1781686894,gsm-7,osmo-bts-virtual-5f8b9b86fc-cdvvk,29,5
1781686894,gsm-7,osmo-hlr-546bdb8988-rpfg8,1,2
1781686894,gsm-7,osmo-mgw-8c8fc67d6-p2gg4,1,2
1781686894,gsm-7,osmo-mobile-6865667c79-bhtbh,2,30
1781686894,gsm-7,osmo-stp-768687f494-4rjdf,1,2
1781686894,gsm-7,virtphy-6cd7658d46-c7ddj,8,1
1781686897,gsm-7,msc-test-stub-5b875d749d-gzm9n,1,16
1781686897,gsm-7,osmo-bsc-594654bd47-qmz4c,1,5
1781686897,gsm-7,osmo-bts-virtual-5f8b9b86fc-cdvvk,29,5
1781686897,gsm-7,osmo-hlr-546bdb8988-rpfg8,1,2
1781686897,gsm-7,osmo-mgw-8c8fc67d6-p2gg4,1,2
1781686897,gsm-7,osmo-mobile-6865667c79-bhtbh,2,30
1781686897,gsm-7,osmo-stp-768687f494-4rjdf,1,2
1781686897,gsm-7,virtphy-6cd7658d46-c7ddj,8,1
1781686899,gsm-7,msc-test-stub-5b875d749d-gzm9n,1,16
1781686899,gsm-7,osmo-bsc-594654bd47-qmz4c,1,5
1781686899,gsm-7,osmo-bts-virtual-5f8b9b86fc-cdvvk,29,5
1781686899,gsm-7,osmo-hlr-546bdb8988-rpfg8,1,2
1781686899,gsm-7,osmo-mgw-8c8fc67d6-p2gg4,1,2
1781686899,gsm-7,osmo-mobile-6865667c79-bhtbh,2,30
1781686899,gsm-7,osmo-stp-768687f494-4rjdf,1,2
1781686899,gsm-7,virtphy-6cd7658d46-c7ddj,8,1
1781686901,gsm-7,msc-test-stub-5b875d749d-gzm9n,1,16
1781686901,gsm-7,osmo-bsc-594654bd47-qmz4c,1,5
1781686901,gsm-7,osmo-bts-virtual-5f8b9b86fc-cdvvk,29,5
1781686901,gsm-7,osmo-hlr-546bdb8988-rpfg8,1,2
1781686901,gsm-7,osmo-mgw-8c8fc67d6-p2gg4,1,2
1781686901,gsm-7,osmo-mobile-6865667c79-bhtbh,2,30
1781686901,gsm-7,osmo-stp-768687f494-4rjdf,1,2
1781686901,gsm-7,virtphy-6cd7658d46-c7ddj,8,1
1781686904,gsm-7,msc-test-stub-5b875d749d-gzm9n,1,16
1781686904,gsm-7,osmo-bsc-594654bd47-qmz4c,1,5
1781686904,gsm-7,osmo-bts-virtual-5f8b9b86fc-cdvvk,26,7
1781686904,gsm-7,osmo-hlr-546bdb8988-rpfg8,1,2
1781686904,gsm-7,osmo-mgw-8c8fc67d6-p2gg4,1,2
1781686904,gsm-7,osmo-mobile-6865667c79-bhtbh,2,30
1781686904,gsm-7,osmo-stp-768687f494-4rjdf,1,2
1781686904,gsm-7,virtphy-6cd7658d46-c7ddj,7,3
1781686906,gsm-7,msc-test-stub-5b875d749d-gzm9n,1,16
1781686906,gsm-7,osmo-bsc-594654bd47-qmz4c,1,5
1781686906,gsm-7,osmo-bts-virtual-5f8b9b86fc-cdvvk,26,7
1781686906,gsm-7,osmo-hlr-546bdb8988-rpfg8,1,2
1781686906,gsm-7,osmo-mgw-8c8fc67d6-p2gg4,1,2
1781686906,gsm-7,osmo-mobile-6865667c79-bhtbh,2,30
1781686906,gsm-7,osmo-stp-768687f494-4rjdf,1,2
1781686906,gsm-7,virtphy-6cd7658d46-c7ddj,7,3
1781686908,gsm-7,msc-test-stub-5b875d749d-gzm9n,1,16
1781686908,gsm-7,osmo-bsc-594654bd47-qmz4c,1,5
1781686908,gsm-7,osmo-bts-virtual-5f8b9b86fc-cdvvk,26,7
1781686908,gsm-7,osmo-hlr-546bdb8988-rpfg8,1,2
1781686908,gsm-7,osmo-mgw-8c8fc67d6-p2gg4,1,2
1781686908,gsm-7,osmo-mobile-6865667c79-bhtbh,2,30
1781686908,gsm-7,osmo-stp-768687f494-4rjdf,1,2
1781686908,gsm-7,virtphy-6cd7658d46-c7ddj,7,3
1781686911,gsm-7,msc-test-stub-5b875d749d-gzm9n,1,16
1781686911,gsm-7,osmo-bsc-594654bd47-qmz4c,1,5
1781686911,gsm-7,osmo-bts-virtual-5f8b9b86fc-cdvvk,26,7
1781686911,gsm-7,osmo-hlr-546bdb8988-rpfg8,1,2
1781686911,gsm-7,osmo-mgw-8c8fc67d6-p2gg4,1,2
1781686911,gsm-7,osmo-mobile-6865667c79-bhtbh,2,30
1781686911,gsm-7,osmo-stp-768687f494-4rjdf,1,2
1781686911,gsm-7,virtphy-6cd7658d46-c7ddj,7,3
1781686915,gsm-7,msc-test-stub-5b875d749d-gzm9n,1,16
1781686915,gsm-7,osmo-bsc-594654bd47-qmz4c,1,5
1781686915,gsm-7,osmo-bts-virtual-5f8b9b86fc-cdvvk,24,5
1781686915,gsm-7,osmo-hlr-546bdb8988-rpfg8,1,2
1781686915,gsm-7,osmo-mgw-8c8fc67d6-p2gg4,1,2
1781686915,gsm-7,osmo-mobile-6865667c79-bhtbh,2,30
1781686915,gsm-7,osmo-stp-768687f494-4rjdf,1,2
1781686915,gsm-7,virtphy-6cd7658d46-c7ddj,6,1
1781686923,gsm-7,msc-test-stub-5b875d749d-gzm9n,1,16
1781686923,gsm-7,osmo-bsc-594654bd47-qmz4c,1,5
1781686923,gsm-7,osmo-bts-virtual-5f8b9b86fc-cdvvk,24,5
1781686923,gsm-7,osmo-hlr-546bdb8988-rpfg8,1,2
1781686923,gsm-7,osmo-mgw-8c8fc67d6-p2gg4,1,2
1781686923,gsm-7,osmo-mobile-6865667c79-bhtbh,2,30
1781686923,gsm-7,osmo-stp-768687f494-4rjdf,1,2
1781686923,gsm-7,virtphy-6cd7658d46-c7ddj,6,1
1781686927,gsm-7,msc-test-stub-5b875d749d-gzm9n,1,16
1781686927,gsm-7,osmo-bsc-594654bd47-qmz4c,1,5
1781686927,gsm-7,osmo-bts-virtual-5f8b9b86fc-cdvvk,24,5
1781686927,gsm-7,osmo-hlr-546bdb8988-rpfg8,1,2
1781686927,gsm-7,osmo-mgw-8c8fc67d6-p2gg4,1,2
1781686927,gsm-7,osmo-mobile-6865667c79-bhtbh,2,30
1781686927,gsm-7,osmo-stp-768687f494-4rjdf,1,2
1781686927,gsm-7,virtphy-6cd7658d46-c7ddj,6,1
1781686929,gsm-7,msc-test-stub-5b875d749d-gzm9n,1,16
1781686929,gsm-7,osmo-bsc-594654bd47-qmz4c,1,5
1781686929,gsm-7,osmo-bts-virtual-5f8b9b86fc-cdvvk,24,5
1781686929,gsm-7,osmo-hlr-546bdb8988-rpfg8,1,2
1781686929,gsm-7,osmo-mgw-8c8fc67d6-p2gg4,1,2
1781686929,gsm-7,osmo-mobile-6865667c79-bhtbh,2,30
1781686929,gsm-7,osmo-stp-768687f494-4rjdf,1,2
1781686929,gsm-7,virtphy-6cd7658d46-c7ddj,6,1
1781686932,gsm-7,msc-test-stub-5b875d749d-gzm9n,1,16
1781686932,gsm-7,osmo-bsc-594654bd47-qmz4c,1,5
1781686932,gsm-7,osmo-bts-virtual-5f8b9b86fc-cdvvk,24,5
1781686932,gsm-7,osmo-hlr-546bdb8988-rpfg8,1,2
1781686932,gsm-7,osmo-mgw-8c8fc67d6-p2gg4,1,2
1781686932,gsm-7,osmo-mobile-6865667c79-bhtbh,2,30
1781686932,gsm-7,osmo-stp-768687f494-4rjdf,1,2
1781686932,gsm-7,virtphy-6cd7658d46-c7ddj,6,1
1781686934,gsm-7,msc-test-stub-5b875d749d-gzm9n,1,16
1781686934,gsm-7,osmo-bsc-594654bd47-qmz4c,1,5
1781686934,gsm-7,osmo-bts-virtual-5f8b9b86fc-cdvvk,25,7
1781686934,gsm-7,osmo-hlr-546bdb8988-rpfg8,1,2
1781686934,gsm-7,osmo-mgw-8c8fc67d6-p2gg4,1,2
1781686934,gsm-7,osmo-mobile-6865667c79-bhtbh,2,30
1781686934,gsm-7,osmo-stp-768687f494-4rjdf,1,2
1781686934,gsm-7,virtphy-6cd7658d46-c7ddj,7,1
1781686936,gsm-7,msc-test-stub-5b875d749d-gzm9n,1,16
1781686936,gsm-7,osmo-bsc-594654bd47-qmz4c,1,5
1781686936,gsm-7,osmo-bts-virtual-5f8b9b86fc-cdvvk,25,7
1781686936,gsm-7,osmo-hlr-546bdb8988-rpfg8,1,2
1781686936,gsm-7,osmo-mgw-8c8fc67d6-p2gg4,1,2
1781686936,gsm-7,osmo-mobile-6865667c79-bhtbh,2,30
1781686936,gsm-7,osmo-stp-768687f494-4rjdf,1,2
1781686936,gsm-7,virtphy-6cd7658d46-c7ddj,7,1
1781686938,gsm-7,msc-test-stub-5b875d749d-gzm9n,1,16
1781686938,gsm-7,osmo-bsc-594654bd47-qmz4c,1,5
1781686938,gsm-7,osmo-bts-virtual-5f8b9b86fc-cdvvk,25,7
1781686938,gsm-7,osmo-hlr-546bdb8988-rpfg8,1,2
1781686938,gsm-7,osmo-mgw-8c8fc67d6-p2gg4,1,2
1781686938,gsm-7,osmo-mobile-6865667c79-bhtbh,2,30
1781686938,gsm-7,osmo-stp-768687f494-4rjdf,1,2
1781686938,gsm-7,virtphy-6cd7658d46-c7ddj,7,1
1781686940,gsm-7,msc-test-stub-5b875d749d-gzm9n,1,16
1781686940,gsm-7,osmo-bsc-594654bd47-qmz4c,1,5
1781686940,gsm-7,osmo-bts-virtual-5f8b9b86fc-cdvvk,25,7
1781686940,gsm-7,osmo-hlr-546bdb8988-rpfg8,1,2
1781686940,gsm-7,osmo-mgw-8c8fc67d6-p2gg4,1,2
1781686940,gsm-7,osmo-mobile-6865667c79-bhtbh,2,30
1781686940,gsm-7,osmo-stp-768687f494-4rjdf,1,2
1781686940,gsm-7,virtphy-6cd7658d46-c7ddj,7,1
1781686944,gsm-7,msc-test-stub-5b875d749d-gzm9n,1,16
1781686944,gsm-7,osmo-bsc-594654bd47-qmz4c,1,5
1781686944,gsm-7,osmo-bts-virtual-5f8b9b86fc-cdvvk,25,7
1781686944,gsm-7,osmo-hlr-546bdb8988-rpfg8,1,2
1781686944,gsm-7,osmo-mgw-8c8fc67d6-p2gg4,1,2
1781686944,gsm-7,osmo-mobile-6865667c79-bhtbh,2,30
1781686944,gsm-7,osmo-stp-768687f494-4rjdf,1,2
1781686944,gsm-7,virtphy-6cd7658d46-c7ddj,7,1
1781686949,gsm-7,msc-test-stub-5b875d749d-gzm9n,1,16
1781686949,gsm-7,osmo-bsc-594654bd47-qmz4c,1,5
1781686949,gsm-7,osmo-bts-virtual-5f8b9b86fc-cdvvk,25,5
1781686949,gsm-7,osmo-hlr-546bdb8988-rpfg8,1,2
1781686949,gsm-7,osmo-mgw-8c8fc67d6-p2gg4,1,2
1781686949,gsm-7,osmo-mobile-6865667c79-bhtbh,2,30
1781686949,gsm-7,osmo-stp-768687f494-4rjdf,1,2
1781686949,gsm-7,virtphy-6cd7658d46-c7ddj,6,1
1781686954,gsm-7,msc-test-stub-5b875d749d-gzm9n,1,16
1781686954,gsm-7,osmo-bsc-594654bd47-qmz4c,1,5
1781686954,gsm-7,osmo-bts-virtual-5f8b9b86fc-cdvvk,25,5
1781686954,gsm-7,osmo-hlr-546bdb8988-rpfg8,1,2
1781686954,gsm-7,osmo-mgw-8c8fc67d6-p2gg4,1,2
1781686954,gsm-7,osmo-mobile-6865667c79-bhtbh,2,30
1781686954,gsm-7,osmo-stp-768687f494-4rjdf,1,2
1781686954,gsm-7,virtphy-6cd7658d46-c7ddj,6,1
1781686958,gsm-7,msc-test-stub-5b875d749d-gzm9n,1,16
1781686958,gsm-7,osmo-bsc-594654bd47-qmz4c,1,5
1781686958,gsm-7,osmo-bts-virtual-5f8b9b86fc-cdvvk,25,5
1781686958,gsm-7,osmo-hlr-546bdb8988-rpfg8,1,2
1781686958,gsm-7,osmo-mgw-8c8fc67d6-p2gg4,1,2
1781686958,gsm-7,osmo-mobile-6865667c79-bhtbh,2,30
1781686958,gsm-7,osmo-stp-768687f494-4rjdf,1,2
1781686958,gsm-7,virtphy-6cd7658d46-c7ddj,6,1
1781686960,gsm-7,msc-test-stub-5b875d749d-gzm9n,1,16
1781686960,gsm-7,osmo-bsc-594654bd47-qmz4c,1,5
1781686960,gsm-7,osmo-bts-virtual-5f8b9b86fc-cdvvk,25,5
1781686960,gsm-7,osmo-hlr-546bdb8988-rpfg8,1,2
1781686960,gsm-7,osmo-mgw-8c8fc67d6-p2gg4,1,2
1781686960,gsm-7,osmo-mobile-6865667c79-bhtbh,2,30
1781686960,gsm-7,osmo-stp-768687f494-4rjdf,1,2
1781686960,gsm-7,virtphy-6cd7658d46-c7ddj,6,1
1781686964,gsm-7,msc-test-stub-5b875d749d-gzm9n,1,16
1781686964,gsm-7,osmo-bsc-594654bd47-qmz4c,1,5
1781686964,gsm-7,osmo-bts-virtual-5f8b9b86fc-cdvvk,25,5
1781686964,gsm-7,osmo-hlr-546bdb8988-rpfg8,1,2
1781686964,gsm-7,osmo-mgw-8c8fc67d6-p2gg4,1,2
1781686964,gsm-7,osmo-mobile-6865667c79-bhtbh,2,30
1781686964,gsm-7,osmo-stp-768687f494-4rjdf,1,2
1781686964,gsm-7,virtphy-6cd7658d46-c7ddj,7,1
1781686966,gsm-7,msc-test-stub-5b875d749d-gzm9n,1,16
1781686966,gsm-7,osmo-bsc-594654bd47-qmz4c,1,5
1781686966,gsm-7,osmo-bts-virtual-5f8b9b86fc-cdvvk,25,5
1781686966,gsm-7,osmo-hlr-546bdb8988-rpfg8,1,2
1781686966,gsm-7,osmo-mgw-8c8fc67d6-p2gg4,1,2
1781686966,gsm-7,osmo-mobile-6865667c79-bhtbh,2,30
1781686966,gsm-7,osmo-stp-768687f494-4rjdf,1,2
1781686966,gsm-7,virtphy-6cd7658d46-c7ddj,7,1
1781686969,gsm-7,msc-test-stub-5b875d749d-gzm9n,1,16
1781686969,gsm-7,osmo-bsc-594654bd47-qmz4c,1,5
1781686969,gsm-7,osmo-bts-virtual-5f8b9b86fc-cdvvk,25,5
1781686969,gsm-7,osmo-hlr-546bdb8988-rpfg8,1,2
1781686969,gsm-7,osmo-mgw-8c8fc67d6-p2gg4,1,2
1781686969,gsm-7,osmo-mobile-6865667c79-bhtbh,2,30
1781686969,gsm-7,osmo-stp-768687f494-4rjdf,1,2
1781686969,gsm-7,virtphy-6cd7658d46-c7ddj,7,1
1781686971,gsm-7,msc-test-stub-5b875d749d-gzm9n,1,16
1781686971,gsm-7,osmo-bsc-594654bd47-qmz4c,1,5
1781686971,gsm-7,osmo-bts-virtual-5f8b9b86fc-cdvvk,25,5
1781686971,gsm-7,osmo-hlr-546bdb8988-rpfg8,1,2
1781686971,gsm-7,osmo-mgw-8c8fc67d6-p2gg4,1,2
1781686971,gsm-7,osmo-mobile-6865667c79-bhtbh,2,30
1781686971,gsm-7,osmo-stp-768687f494-4rjdf,1,2
1781686971,gsm-7,virtphy-6cd7658d46-c7ddj,7,1
1781686973,gsm-7,msc-test-stub-5b875d749d-gzm9n,1,16
1781686973,gsm-7,osmo-bsc-594654bd47-qmz4c,1,5
1781686973,gsm-7,osmo-bts-virtual-5f8b9b86fc-cdvvk,25,5
1781686973,gsm-7,osmo-hlr-546bdb8988-rpfg8,1,2
1781686973,gsm-7,osmo-mgw-8c8fc67d6-p2gg4,1,2
1781686973,gsm-7,osmo-mobile-6865667c79-bhtbh,2,30
1781686973,gsm-7,osmo-stp-768687f494-4rjdf,1,2
1781686973,gsm-7,virtphy-6cd7658d46-c7ddj,7,1
1781686976,gsm-7,msc-test-stub-5b875d749d-gzm9n,1,16
1781686976,gsm-7,osmo-bsc-594654bd47-qmz4c,1,5
1781686976,gsm-7,osmo-bts-virtual-5f8b9b86fc-cdvvk,25,5
1781686976,gsm-7,osmo-hlr-546bdb8988-rpfg8,1,2
1781686976,gsm-7,osmo-mgw-8c8fc67d6-p2gg4,1,2
1781686976,gsm-7,osmo-mobile-6865667c79-bhtbh,2,30
1781686976,gsm-7,osmo-stp-768687f494-4rjdf,1,2
1781686976,gsm-7,virtphy-6cd7658d46-c7ddj,7,1
1781686979,gsm-7,msc-test-stub-5b875d749d-gzm9n,1,16
1781686979,gsm-7,osmo-bsc-594654bd47-qmz4c,1,5
1781686979,gsm-7,osmo-bts-virtual-5f8b9b86fc-cdvvk,27,5
1781686979,gsm-7,osmo-hlr-546bdb8988-rpfg8,1,2
1781686979,gsm-7,osmo-mgw-8c8fc67d6-p2gg4,1,2
1781686979,gsm-7,osmo-mobile-6865667c79-bhtbh,2,31
1781686979,gsm-7,osmo-stp-768687f494-4rjdf,1,2
1781686979,gsm-7,virtphy-6cd7658d46-c7ddj,7,1
1781686981,gsm-7,msc-test-stub-5b875d749d-gzm9n,1,16
1781686981,gsm-7,osmo-bsc-594654bd47-qmz4c,1,5
1781686981,gsm-7,osmo-bts-virtual-5f8b9b86fc-cdvvk,27,5
1781686981,gsm-7,osmo-hlr-546bdb8988-rpfg8,1,2
1781686981,gsm-7,osmo-mgw-8c8fc67d6-p2gg4,1,2
1781686981,gsm-7,osmo-mobile-6865667c79-bhtbh,2,31
1781686981,gsm-7,osmo-stp-768687f494-4rjdf,1,2
1781686981,gsm-7,virtphy-6cd7658d46-c7ddj,7,1
1781686984,gsm-7,msc-test-stub-5b875d749d-gzm9n,1,16
1781686984,gsm-7,osmo-bsc-594654bd47-qmz4c,1,5
1781686984,gsm-7,osmo-bts-virtual-5f8b9b86fc-cdvvk,27,5
1781686984,gsm-7,osmo-hlr-546bdb8988-rpfg8,1,2
1781686984,gsm-7,osmo-mgw-8c8fc67d6-p2gg4,1,2
1781686984,gsm-7,osmo-mobile-6865667c79-bhtbh,2,31
1781686984,gsm-7,osmo-stp-768687f494-4rjdf,1,2
1781686984,gsm-7,virtphy-6cd7658d46-c7ddj,7,1
1781686986,gsm-7,msc-test-stub-5b875d749d-gzm9n,1,16
1781686986,gsm-7,osmo-bsc-594654bd47-qmz4c,1,5
1781686986,gsm-7,osmo-bts-virtual-5f8b9b86fc-cdvvk,27,5
1781686986,gsm-7,osmo-hlr-546bdb8988-rpfg8,1,2
1781686986,gsm-7,osmo-mgw-8c8fc67d6-p2gg4,1,2
1781686986,gsm-7,osmo-mobile-6865667c79-bhtbh,2,31
1781686986,gsm-7,osmo-stp-768687f494-4rjdf,1,2
1781686986,gsm-7,virtphy-6cd7658d46-c7ddj,7,1
1781686989,gsm-7,msc-test-stub-5b875d749d-gzm9n,1,16
1781686989,gsm-7,osmo-bsc-594654bd47-qmz4c,1,5
1781686989,gsm-7,osmo-bts-virtual-5f8b9b86fc-cdvvk,27,5
1781686989,gsm-7,osmo-hlr-546bdb8988-rpfg8,1,2
1781686989,gsm-7,osmo-mgw-8c8fc67d6-p2gg4,1,2
1781686989,gsm-7,osmo-mobile-6865667c79-bhtbh,2,31
1781686989,gsm-7,osmo-stp-768687f494-4rjdf,1,2
1781686989,gsm-7,virtphy-6cd7658d46-c7ddj,7,1
1781686991,gsm-7,msc-test-stub-5b875d749d-gzm9n,1,16
1781686991,gsm-7,osmo-bsc-594654bd47-qmz4c,1,5
1781686991,gsm-7,osmo-bts-virtual-5f8b9b86fc-cdvvk,27,5
1781686991,gsm-7,osmo-hlr-546bdb8988-rpfg8,1,2
1781686991,gsm-7,osmo-mgw-8c8fc67d6-p2gg4,1,2
1781686991,gsm-7,osmo-mobile-6865667c79-bhtbh,2,31
1781686991,gsm-7,osmo-stp-768687f494-4rjdf,1,2
1781686991,gsm-7,virtphy-6cd7658d46-c7ddj,7,1
1781686994,gsm-7,msc-test-stub-5b875d749d-gzm9n,1,16
1781686994,gsm-7,osmo-bsc-594654bd47-qmz4c,1,5
1781686994,gsm-7,osmo-bts-virtual-5f8b9b86fc-cdvvk,27,5
1781686994,gsm-7,osmo-hlr-546bdb8988-rpfg8,1,2
1781686994,gsm-7,osmo-mgw-8c8fc67d6-p2gg4,1,2
1781686994,gsm-7,osmo-mobile-6865667c79-bhtbh,2,30
1781686994,gsm-7,osmo-stp-768687f494-4rjdf,1,2
1781686994,gsm-7,virtphy-6cd7658d46-c7ddj,6,1
1781686997,gsm-7,msc-test-stub-5b875d749d-gzm9n,1,16
1781686997,gsm-7,osmo-bsc-594654bd47-qmz4c,1,5
1781686997,gsm-7,osmo-bts-virtual-5f8b9b86fc-cdvvk,27,5
1781686997,gsm-7,osmo-hlr-546bdb8988-rpfg8,1,2
1781686997,gsm-7,osmo-mgw-8c8fc67d6-p2gg4,1,2
1781686997,gsm-7,osmo-mobile-6865667c79-bhtbh,2,30
1781686997,gsm-7,osmo-stp-768687f494-4rjdf,1,2
1781686997,gsm-7,virtphy-6cd7658d46-c7ddj,6,1
1781687000,gsm-7,msc-test-stub-5b875d749d-gzm9n,1,16
1781687000,gsm-7,osmo-bsc-594654bd47-qmz4c,1,5
1781687000,gsm-7,osmo-bts-virtual-5f8b9b86fc-cdvvk,27,5
1781687000,gsm-7,osmo-hlr-546bdb8988-rpfg8,1,2
1781687000,gsm-7,osmo-mgw-8c8fc67d6-p2gg4,1,2
1781687000,gsm-7,osmo-mobile-6865667c79-bhtbh,2,30
1781687000,gsm-7,osmo-stp-768687f494-4rjdf,1,2
1781687000,gsm-7,virtphy-6cd7658d46-c7ddj,6,1
1781687003,gsm-7,msc-test-stub-5b875d749d-gzm9n,1,16
1781687003,gsm-7,osmo-bsc-594654bd47-qmz4c,1,5
1781687003,gsm-7,osmo-bts-virtual-5f8b9b86fc-cdvvk,27,5
1781687003,gsm-7,osmo-hlr-546bdb8988-rpfg8,1,2
1781687003,gsm-7,osmo-mgw-8c8fc67d6-p2gg4,1,2
1781687003,gsm-7,osmo-mobile-6865667c79-bhtbh,2,30
1781687003,gsm-7,osmo-stp-768687f494-4rjdf,1,2
1781687003,gsm-7,virtphy-6cd7658d46-c7ddj,6,1
1781687006,gsm-7,msc-test-stub-5b875d749d-gzm9n,1,16
1781687006,gsm-7,osmo-bsc-594654bd47-qmz4c,1,5
1781687006,gsm-7,osmo-bts-virtual-5f8b9b86fc-cdvvk,27,5
1781687006,gsm-7,osmo-hlr-546bdb8988-rpfg8,1,2
1781687006,gsm-7,osmo-mgw-8c8fc67d6-p2gg4,1,2
1781687006,gsm-7,osmo-mobile-6865667c79-bhtbh,2,30
1781687006,gsm-7,osmo-stp-768687f494-4rjdf,1,2
1781687006,gsm-7,virtphy-6cd7658d46-c7ddj,6,1
1781687008,gsm-7,msc-test-stub-5b875d749d-gzm9n,1,16
1781687008,gsm-7,osmo-bsc-594654bd47-qmz4c,1,5
1781687008,gsm-7,osmo-bts-virtual-5f8b9b86fc-cdvvk,27,5
1781687008,gsm-7,osmo-hlr-546bdb8988-rpfg8,1,2
1781687008,gsm-7,osmo-mgw-8c8fc67d6-p2gg4,1,2
1781687008,gsm-7,osmo-mobile-6865667c79-bhtbh,2,30
1781687008,gsm-7,osmo-stp-768687f494-4rjdf,1,2
1781687008,gsm-7,virtphy-6cd7658d46-c7ddj,6,1
1781687023,gsm-7,msc-test-stub-5b875d749d-gzm9n,1,16
1781687023,gsm-7,osmo-bsc-594654bd47-qmz4c,1,5
1781687023,gsm-7,osmo-bts-virtual-5f8b9b86fc-cdvvk,26,8
1781687023,gsm-7,osmo-hlr-546bdb8988-rpfg8,1,2
1781687023,gsm-7,osmo-mgw-8c8fc67d6-p2gg4,1,2
1781687023,gsm-7,osmo-mobile-6865667c79-bhtbh,2,30
1781687023,gsm-7,osmo-stp-768687f494-4rjdf,1,2
1781687023,gsm-7,virtphy-6cd7658d46-c7ddj,6,1
1781687030,gsm-7,msc-test-stub-5b875d749d-gzm9n,1,16
1781687030,gsm-7,osmo-bsc-594654bd47-qmz4c,1,5
1781687030,gsm-7,osmo-bts-virtual-5f8b9b86fc-cdvvk,26,8
1781687030,gsm-7,osmo-hlr-546bdb8988-rpfg8,1,2
1781687030,gsm-7,osmo-mgw-8c8fc67d6-p2gg4,1,2
1781687030,gsm-7,osmo-mobile-6865667c79-bhtbh,2,30
1781687030,gsm-7,osmo-stp-768687f494-4rjdf,1,2
1781687030,gsm-7,virtphy-6cd7658d46-c7ddj,6,1
1781687033,gsm-7,msc-test-stub-5b875d749d-gzm9n,1,16
1781687033,gsm-7,osmo-bsc-594654bd47-qmz4c,1,5
1781687033,gsm-7,osmo-bts-virtual-5f8b9b86fc-cdvvk,26,8
1781687033,gsm-7,osmo-hlr-546bdb8988-rpfg8,1,2
1781687033,gsm-7,osmo-mgw-8c8fc67d6-p2gg4,1,2
1781687033,gsm-7,osmo-mobile-6865667c79-bhtbh,2,30
1781687033,gsm-7,osmo-stp-768687f494-4rjdf,1,2
1781687033,gsm-7,virtphy-6cd7658d46-c7ddj,6,1
1781687036,gsm-7,msc-test-stub-5b875d749d-gzm9n,1,16
1781687036,gsm-7,osmo-bsc-594654bd47-qmz4c,1,5
1781687036,gsm-7,osmo-bts-virtual-5f8b9b86fc-cdvvk,26,8
1781687036,gsm-7,osmo-hlr-546bdb8988-rpfg8,1,2
1781687036,gsm-7,osmo-mgw-8c8fc67d6-p2gg4,1,2
1781687036,gsm-7,osmo-mobile-6865667c79-bhtbh,2,30
1781687036,gsm-7,osmo-stp-768687f494-4rjdf,1,2
1781687036,gsm-7,virtphy-6cd7658d46-c7ddj,6,1
1781687041,gsm-7,msc-test-stub-5b875d749d-gzm9n,1,16
1781687041,gsm-7,osmo-bsc-594654bd47-qmz4c,1,5
1781687041,gsm-7,osmo-bts-virtual-5f8b9b86fc-cdvvk,26,5
1781687041,gsm-7,osmo-hlr-546bdb8988-rpfg8,1,2
1781687041,gsm-7,osmo-mgw-8c8fc67d6-p2gg4,1,2
1781687041,gsm-7,osmo-mobile-6865667c79-bhtbh,2,30
1781687041,gsm-7,osmo-stp-768687f494-4rjdf,1,2
1781687041,gsm-7,virtphy-6cd7658d46-c7ddj,7,1
1781687049,gsm-7,msc-test-stub-5b875d749d-gzm9n,1,16
1781687049,gsm-7,osmo-bsc-594654bd47-qmz4c,1,5
1781687049,gsm-7,osmo-bts-virtual-5f8b9b86fc-cdvvk,26,5
1781687049,gsm-7,osmo-hlr-546bdb8988-rpfg8,1,2
1781687049,gsm-7,osmo-mgw-8c8fc67d6-p2gg4,1,2
1781687049,gsm-7,osmo-mobile-6865667c79-bhtbh,2,30
1781687049,gsm-7,osmo-stp-768687f494-4rjdf,1,2
1781687049,gsm-7,virtphy-6cd7658d46-c7ddj,7,1
1781687052,gsm-7,msc-test-stub-5b875d749d-gzm9n,1,16
1781687052,gsm-7,osmo-bsc-594654bd47-qmz4c,1,5
1781687052,gsm-7,osmo-bts-virtual-5f8b9b86fc-cdvvk,26,5
1781687052,gsm-7,osmo-hlr-546bdb8988-rpfg8,1,2
1781687052,gsm-7,osmo-mgw-8c8fc67d6-p2gg4,1,2
1781687052,gsm-7,osmo-mobile-6865667c79-bhtbh,2,30
1781687052,gsm-7,osmo-stp-768687f494-4rjdf,1,2
1781687052,gsm-7,virtphy-6cd7658d46-c7ddj,7,1
1781687054,gsm-7,msc-test-stub-5b875d749d-gzm9n,1,16
1781687054,gsm-7,osmo-bsc-594654bd47-qmz4c,1,5
1781687054,gsm-7,osmo-bts-virtual-5f8b9b86fc-cdvvk,26,5
1781687054,gsm-7,osmo-hlr-546bdb8988-rpfg8,1,2
1781687054,gsm-7,osmo-mgw-8c8fc67d6-p2gg4,1,2
1781687054,gsm-7,osmo-mobile-6865667c79-bhtbh,2,30
1781687054,gsm-7,osmo-stp-768687f494-4rjdf,1,2
1781687054,gsm-7,ttcn3-tc-26-8-1-3-3-1-1-kgq5g,10,6
1781687054,gsm-7,virtphy-6cd7658d46-c7ddj,7,4
1781687057,gsm-7,msc-test-stub-5b875d749d-gzm9n,1,16
1781687057,gsm-7,osmo-bsc-594654bd47-qmz4c,1,5
1781687057,gsm-7,osmo-bts-virtual-5f8b9b86fc-cdvvk,26,5
1781687057,gsm-7,osmo-hlr-546bdb8988-rpfg8,1,2
1781687057,gsm-7,osmo-mgw-8c8fc67d6-p2gg4,1,2
1781687057,gsm-7,osmo-mobile-6865667c79-bhtbh,2,30
1781687057,gsm-7,osmo-stp-768687f494-4rjdf,1,2
1781687057,gsm-7,ttcn3-tc-26-8-1-3-3-1-1-kgq5g,10,6
1781687057,gsm-7,virtphy-6cd7658d46-c7ddj,7,4
1781687065,gsm-7,msc-test-stub-5b875d749d-gzm9n,1,16
1781687065,gsm-7,osmo-bsc-594654bd47-qmz4c,1,5
1781687065,gsm-7,osmo-bts-virtual-5f8b9b86fc-cdvvk,26,5
1781687065,gsm-7,osmo-hlr-546bdb8988-rpfg8,1,2
1781687065,gsm-7,osmo-mgw-8c8fc67d6-p2gg4,1,2
1781687065,gsm-7,osmo-mobile-6865667c79-bhtbh,2,30
1781687065,gsm-7,osmo-stp-768687f494-4rjdf,1,2
1781687065,gsm-7,ttcn3-tc-26-8-1-3-3-1-1-kgq5g,10,6
1781687065,gsm-7,virtphy-6cd7658d46-c7ddj,7,4
1781687067,gsm-7,msc-test-stub-5b875d749d-gzm9n,1,16
1781687067,gsm-7,osmo-bsc-594654bd47-qmz4c,1,5
1781687067,gsm-7,osmo-bts-virtual-5f8b9b86fc-cdvvk,23,5
1781687067,gsm-7,osmo-hlr-546bdb8988-rpfg8,1,2
1781687067,gsm-7,osmo-mgw-8c8fc67d6-p2gg4,1,2
1781687067,gsm-7,osmo-mobile-6865667c79-bhtbh,2,30
1781687067,gsm-7,osmo-stp-768687f494-4rjdf,1,2
1781687067,gsm-7,ttcn3-tc-26-8-1-3-3-1-1-kgq5g,1,6
1781687067,gsm-7,virtphy-6cd7658d46-c7ddj,7,4
1781687073,gsm-7,msc-test-stub-5b875d749d-gzm9n,1,16
1781687073,gsm-7,osmo-bsc-594654bd47-qmz4c,1,5
1781687073,gsm-7,osmo-bts-virtual-5f8b9b86fc-cdvvk,23,5
1781687073,gsm-7,osmo-hlr-546bdb8988-rpfg8,1,2
1781687073,gsm-7,osmo-mgw-8c8fc67d6-p2gg4,1,2
1781687073,gsm-7,osmo-mobile-6865667c79-bhtbh,2,30
1781687073,gsm-7,osmo-stp-768687f494-4rjdf,1,2
1781687073,gsm-7,ttcn3-tc-26-8-1-3-3-1-1-kgq5g,1,6
1781687073,gsm-7,virtphy-6cd7658d46-c7ddj,7,4
1781687075,gsm-7,msc-test-stub-5b875d749d-gzm9n,1,16
1781687075,gsm-7,osmo-bsc-594654bd47-qmz4c,1,5
1781687075,gsm-7,osmo-bts-virtual-5f8b9b86fc-cdvvk,23,5
1781687075,gsm-7,osmo-hlr-546bdb8988-rpfg8,1,2
1781687075,gsm-7,osmo-mgw-8c8fc67d6-p2gg4,1,2
1781687075,gsm-7,osmo-mobile-6865667c79-bhtbh,2,30
1781687075,gsm-7,osmo-stp-768687f494-4rjdf,1,2
1781687075,gsm-7,ttcn3-tc-26-8-1-3-3-1-1-kgq5g,1,6
1781687075,gsm-7,virtphy-6cd7658d46-c7ddj,7,4
1781687077,gsm-7,msc-test-stub-5b875d749d-gzm9n,1,16
1781687077,gsm-7,osmo-bsc-594654bd47-qmz4c,1,5
1781687077,gsm-7,osmo-bts-virtual-5f8b9b86fc-cdvvk,23,5
1781687077,gsm-7,osmo-hlr-546bdb8988-rpfg8,1,2
1781687077,gsm-7,osmo-mgw-8c8fc67d6-p2gg4,1,2
1781687077,gsm-7,osmo-mobile-6865667c79-bhtbh,2,30
1781687077,gsm-7,osmo-stp-768687f494-4rjdf,1,2
1781687077,gsm-7,ttcn3-tc-26-8-1-3-3-1-1-kgq5g,1,6
1781687077,gsm-7,virtphy-6cd7658d46-c7ddj,7,4
1781687080,gsm-7,msc-test-stub-5b875d749d-gzm9n,1,16
1781687080,gsm-7,osmo-bsc-594654bd47-qmz4c,1,5
1781687080,gsm-7,osmo-bts-virtual-5f8b9b86fc-cdvvk,23,5
1781687080,gsm-7,osmo-hlr-546bdb8988-rpfg8,1,2
1781687080,gsm-7,osmo-mgw-8c8fc67d6-p2gg4,1,2
1781687080,gsm-7,osmo-mobile-6865667c79-bhtbh,2,30
1781687080,gsm-7,osmo-stp-768687f494-4rjdf,1,2
1781687080,gsm-7,ttcn3-tc-26-8-1-3-3-1-1-kgq5g,1,6
1781687080,gsm-7,virtphy-6cd7658d46-c7ddj,7,4
1781687083,gsm-7,msc-test-stub-5b875d749d-gzm9n,1,16
1781687083,gsm-7,osmo-bsc-594654bd47-qmz4c,1,5
1781687083,gsm-7,osmo-bts-virtual-5f8b9b86fc-cdvvk,25,5
1781687083,gsm-7,osmo-hlr-546bdb8988-rpfg8,1,2
1781687083,gsm-7,osmo-mgw-8c8fc67d6-p2gg4,1,2
1781687083,gsm-7,osmo-mobile-6865667c79-bhtbh,2,30
1781687083,gsm-7,osmo-stp-768687f494-4rjdf,1,2
1781687083,gsm-7,ttcn3-tc-26-8-1-3-3-1-1-kgq5g,1,6
1781687083,gsm-7,virtphy-6cd7658d46-c7ddj,7,4
1781687085,gsm-7,msc-test-stub-5b875d749d-gzm9n,1,16
1781687085,gsm-7,osmo-bsc-594654bd47-qmz4c,1,5
1781687085,gsm-7,osmo-bts-virtual-5f8b9b86fc-cdvvk,25,5
1781687085,gsm-7,osmo-hlr-546bdb8988-rpfg8,1,2
1781687085,gsm-7,osmo-mgw-8c8fc67d6-p2gg4,1,2
1781687085,gsm-7,osmo-mobile-6865667c79-bhtbh,2,30
1781687085,gsm-7,osmo-stp-768687f494-4rjdf,1,2
1781687085,gsm-7,ttcn3-tc-26-8-1-3-3-1-1-kgq5g,1,6
1781687085,gsm-7,virtphy-6cd7658d46-c7ddj,7,4
1781687089,gsm-7,msc-test-stub-5b875d749d-gzm9n,1,16
1781687089,gsm-7,osmo-bsc-594654bd47-qmz4c,1,5
1781687089,gsm-7,osmo-bts-virtual-5f8b9b86fc-cdvvk,25,5
1781687089,gsm-7,osmo-hlr-546bdb8988-rpfg8,1,2
1781687089,gsm-7,osmo-mgw-8c8fc67d6-p2gg4,1,2
1781687089,gsm-7,osmo-mobile-6865667c79-bhtbh,2,30
1781687089,gsm-7,osmo-stp-768687f494-4rjdf,1,2
1781687089,gsm-7,ttcn3-tc-26-8-1-3-3-1-1-kgq5g,1,6
1781687089,gsm-7,virtphy-6cd7658d46-c7ddj,7,4
1781687092,gsm-7,msc-test-stub-5b875d749d-gzm9n,1,16
1781687092,gsm-7,osmo-bsc-594654bd47-qmz4c,1,5
1781687092,gsm-7,osmo-bts-virtual-5f8b9b86fc-cdvvk,25,5
1781687092,gsm-7,osmo-hlr-546bdb8988-rpfg8,1,2
1781687092,gsm-7,osmo-mgw-8c8fc67d6-p2gg4,1,2
1781687092,gsm-7,osmo-mobile-6865667c79-bhtbh,2,30
1781687092,gsm-7,osmo-stp-768687f494-4rjdf,1,2
1781687092,gsm-7,ttcn3-tc-26-8-1-3-3-1-1-kgq5g,1,6
1781687092,gsm-7,virtphy-6cd7658d46-c7ddj,7,4
1781687095,gsm-7,msc-test-stub-5b875d749d-gzm9n,1,16
1781687095,gsm-7,osmo-bsc-594654bd47-qmz4c,1,5
1781687095,gsm-7,osmo-bts-virtual-5f8b9b86fc-cdvvk,25,5
1781687095,gsm-7,osmo-hlr-546bdb8988-rpfg8,1,2
1781687095,gsm-7,osmo-mgw-8c8fc67d6-p2gg4,1,2
1781687095,gsm-7,osmo-mobile-6865667c79-bhtbh,2,30
1781687095,gsm-7,osmo-stp-768687f494-4rjdf,1,2
1781687095,gsm-7,ttcn3-tc-26-8-1-3-3-1-1-kgq5g,1,6
1781687095,gsm-7,virtphy-6cd7658d46-c7ddj,7,4
1781687098,gsm-7,msc-test-stub-5b875d749d-gzm9n,1,16
1781687098,gsm-7,osmo-bsc-594654bd47-qmz4c,1,5
1781687098,gsm-7,osmo-bts-virtual-5f8b9b86fc-cdvvk,23,5
1781687098,gsm-7,osmo-hlr-546bdb8988-rpfg8,1,2
1781687098,gsm-7,osmo-mgw-8c8fc67d6-p2gg4,1,2
1781687098,gsm-7,osmo-mobile-6865667c79-bhtbh,3,30
1781687098,gsm-7,osmo-stp-768687f494-4rjdf,1,2
1781687098,gsm-7,ttcn3-tc-26-8-1-3-3-1-1-kgq5g,1,6
1781687098,gsm-7,virtphy-6cd7658d46-c7ddj,6,1
1781687102,gsm-7,msc-test-stub-5b875d749d-gzm9n,1,16
1781687102,gsm-7,osmo-bsc-594654bd47-qmz4c,1,5
1781687102,gsm-7,osmo-bts-virtual-5f8b9b86fc-cdvvk,23,5
1781687102,gsm-7,osmo-hlr-546bdb8988-rpfg8,1,2
1781687102,gsm-7,osmo-mgw-8c8fc67d6-p2gg4,1,2
1781687102,gsm-7,osmo-mobile-6865667c79-bhtbh,3,30
1781687102,gsm-7,osmo-stp-768687f494-4rjdf,1,2
1781687102,gsm-7,ttcn3-tc-26-8-1-3-3-1-1-kgq5g,1,6
1781687102,gsm-7,virtphy-6cd7658d46-c7ddj,6,1
1781687104,gsm-7,msc-test-stub-5b875d749d-gzm9n,1,16
1781687104,gsm-7,osmo-bsc-594654bd47-qmz4c,1,5
1781687104,gsm-7,osmo-bts-virtual-5f8b9b86fc-cdvvk,23,5
1781687104,gsm-7,osmo-hlr-546bdb8988-rpfg8,1,2
1781687104,gsm-7,osmo-mgw-8c8fc67d6-p2gg4,1,2
1781687104,gsm-7,osmo-mobile-6865667c79-bhtbh,3,30
1781687104,gsm-7,osmo-stp-768687f494-4rjdf,1,2
1781687104,gsm-7,ttcn3-tc-26-8-1-3-3-1-1-kgq5g,1,6
1781687104,gsm-7,virtphy-6cd7658d46-c7ddj,6,1
1781687107,gsm-7,msc-test-stub-5b875d749d-gzm9n,1,16
1781687107,gsm-7,osmo-bsc-594654bd47-qmz4c,1,5
1781687107,gsm-7,osmo-bts-virtual-5f8b9b86fc-cdvvk,23,5
1781687107,gsm-7,osmo-hlr-546bdb8988-rpfg8,1,2
1781687107,gsm-7,osmo-mgw-8c8fc67d6-p2gg4,1,2
1781687107,gsm-7,osmo-mobile-6865667c79-bhtbh,3,30
1781687107,gsm-7,osmo-stp-768687f494-4rjdf,1,2
1781687107,gsm-7,ttcn3-tc-26-8-1-3-3-1-1-kgq5g,1,6
1781687107,gsm-7,virtphy-6cd7658d46-c7ddj,6,1
1781687109,gsm-7,msc-test-stub-5b875d749d-gzm9n,1,16
1781687109,gsm-7,osmo-bsc-594654bd47-qmz4c,1,5
1781687109,gsm-7,osmo-bts-virtual-5f8b9b86fc-cdvvk,23,5
1781687109,gsm-7,osmo-hlr-546bdb8988-rpfg8,1,2
1781687109,gsm-7,osmo-mgw-8c8fc67d6-p2gg4,1,2
1781687109,gsm-7,osmo-mobile-6865667c79-bhtbh,3,30
1781687109,gsm-7,osmo-stp-768687f494-4rjdf,1,2
1781687109,gsm-7,ttcn3-tc-26-8-1-3-3-1-1-kgq5g,1,6
1781687109,gsm-7,virtphy-6cd7658d46-c7ddj,6,1
1781687111,gsm-7,msc-test-stub-5b875d749d-gzm9n,1,16
1781687111,gsm-7,osmo-bsc-594654bd47-qmz4c,1,5
1781687111,gsm-7,osmo-bts-virtual-5f8b9b86fc-cdvvk,23,5
1781687111,gsm-7,osmo-hlr-546bdb8988-rpfg8,1,2
1781687111,gsm-7,osmo-mgw-8c8fc67d6-p2gg4,1,2
1781687111,gsm-7,osmo-mobile-6865667c79-bhtbh,3,30
1781687111,gsm-7,osmo-stp-768687f494-4rjdf,1,2
1781687111,gsm-7,ttcn3-tc-26-8-1-3-3-1-1-kgq5g,1,6
1781687111,gsm-7,virtphy-6cd7658d46-c7ddj,6,1
1781687114,gsm-7,msc-test-stub-5b875d749d-gzm9n,1,16
1781687114,gsm-7,osmo-bsc-594654bd47-qmz4c,1,5
1781687114,gsm-7,osmo-bts-virtual-5f8b9b86fc-cdvvk,24,5
1781687114,gsm-7,osmo-hlr-546bdb8988-rpfg8,1,2
1781687114,gsm-7,osmo-mgw-8c8fc67d6-p2gg4,1,2
1781687114,gsm-7,osmo-mobile-6865667c79-bhtbh,3,29
1781687114,gsm-7,osmo-stp-768687f494-4rjdf,1,2
1781687114,gsm-7,ttcn3-tc-26-8-1-3-3-1-1-kgq5g,1,6
1781687114,gsm-7,virtphy-6cd7658d46-c7ddj,7,1
1781687116,gsm-7,msc-test-stub-5b875d749d-gzm9n,1,16
1781687116,gsm-7,osmo-bsc-594654bd47-qmz4c,1,5
1781687116,gsm-7,osmo-bts-virtual-5f8b9b86fc-cdvvk,24,5
1781687116,gsm-7,osmo-hlr-546bdb8988-rpfg8,1,2
1781687116,gsm-7,osmo-mgw-8c8fc67d6-p2gg4,1,2
1781687116,gsm-7,osmo-mobile-6865667c79-bhtbh,3,29
1781687116,gsm-7,osmo-stp-768687f494-4rjdf,1,2
1781687116,gsm-7,ttcn3-tc-26-8-1-3-3-1-1-kgq5g,1,6
1781687116,gsm-7,virtphy-6cd7658d46-c7ddj,7,1
1781687119,gsm-7,msc-test-stub-5b875d749d-gzm9n,1,16
1781687119,gsm-7,osmo-bsc-594654bd47-qmz4c,1,5
1781687119,gsm-7,osmo-bts-virtual-5f8b9b86fc-cdvvk,24,5
1781687119,gsm-7,osmo-hlr-546bdb8988-rpfg8,1,2
1781687119,gsm-7,osmo-mgw-8c8fc67d6-p2gg4,1,2
1781687119,gsm-7,osmo-mobile-6865667c79-bhtbh,3,29
1781687119,gsm-7,osmo-stp-768687f494-4rjdf,1,2
1781687119,gsm-7,ttcn3-tc-26-8-1-3-3-1-1-kgq5g,1,6
1781687119,gsm-7,virtphy-6cd7658d46-c7ddj,7,1
1781687121,gsm-7,msc-test-stub-5b875d749d-gzm9n,1,16
1781687121,gsm-7,osmo-bsc-594654bd47-qmz4c,1,5
1781687121,gsm-7,osmo-bts-virtual-5f8b9b86fc-cdvvk,24,5
1781687121,gsm-7,osmo-hlr-546bdb8988-rpfg8,1,2
1781687121,gsm-7,osmo-mgw-8c8fc67d6-p2gg4,1,2
1781687121,gsm-7,osmo-mobile-6865667c79-bhtbh,3,29
1781687121,gsm-7,osmo-stp-768687f494-4rjdf,1,2
1781687121,gsm-7,ttcn3-tc-26-8-1-3-3-1-1-kgq5g,1,6
1781687121,gsm-7,virtphy-6cd7658d46-c7ddj,7,1
1781687123,gsm-7,msc-test-stub-5b875d749d-gzm9n,1,16
1781687123,gsm-7,osmo-bsc-594654bd47-qmz4c,1,5
1781687123,gsm-7,osmo-bts-virtual-5f8b9b86fc-cdvvk,24,5
1781687123,gsm-7,osmo-hlr-546bdb8988-rpfg8,1,2
1781687123,gsm-7,osmo-mgw-8c8fc67d6-p2gg4,1,2
1781687123,gsm-7,osmo-mobile-6865667c79-bhtbh,3,29
1781687123,gsm-7,osmo-stp-768687f494-4rjdf,1,2
1781687123,gsm-7,ttcn3-tc-26-8-1-3-3-1-1-kgq5g,1,6
1781687123,gsm-7,virtphy-6cd7658d46-c7ddj,7,1
1781687126,gsm-7,msc-test-stub-5b875d749d-gzm9n,1,16
1781687126,gsm-7,osmo-bsc-594654bd47-qmz4c,1,5
1781687126,gsm-7,osmo-bts-virtual-5f8b9b86fc-cdvvk,24,5
1781687126,gsm-7,osmo-hlr-546bdb8988-rpfg8,1,2
1781687126,gsm-7,osmo-mgw-8c8fc67d6-p2gg4,1,2
1781687126,gsm-7,osmo-mobile-6865667c79-bhtbh,3,29
1781687126,gsm-7,osmo-stp-768687f494-4rjdf,1,2
1781687126,gsm-7,ttcn3-tc-26-8-1-3-3-1-1-kgq5g,1,6
1781687126,gsm-7,virtphy-6cd7658d46-c7ddj,7,1
1781687128,gsm-7,msc-test-stub-5b875d749d-gzm9n,1,16
1781687128,gsm-7,osmo-bsc-594654bd47-qmz4c,1,5
1781687128,gsm-7,osmo-bts-virtual-5f8b9b86fc-cdvvk,22,5
1781687128,gsm-7,osmo-hlr-546bdb8988-rpfg8,1,2
1781687128,gsm-7,osmo-mgw-8c8fc67d6-p2gg4,1,2
1781687128,gsm-7,osmo-mobile-6865667c79-bhtbh,3,29
1781687128,gsm-7,osmo-stp-768687f494-4rjdf,1,2
1781687128,gsm-7,ttcn3-tc-26-8-1-3-3-1-1-kgq5g,1,6
1781687128,gsm-7,virtphy-6cd7658d46-c7ddj,7,1
1781687130,gsm-7,msc-test-stub-5b875d749d-gzm9n,1,16
1781687130,gsm-7,osmo-bsc-594654bd47-qmz4c,1,5
1781687130,gsm-7,osmo-bts-virtual-5f8b9b86fc-cdvvk,22,5
1781687130,gsm-7,osmo-hlr-546bdb8988-rpfg8,1,2
1781687130,gsm-7,osmo-mgw-8c8fc67d6-p2gg4,1,2
1781687130,gsm-7,osmo-mobile-6865667c79-bhtbh,3,29
1781687130,gsm-7,osmo-stp-768687f494-4rjdf,1,2
1781687130,gsm-7,ttcn3-tc-26-8-1-3-3-1-1-kgq5g,1,6
1781687130,gsm-7,virtphy-6cd7658d46-c7ddj,7,1
1781687133,gsm-7,msc-test-stub-5b875d749d-gzm9n,1,16
1781687133,gsm-7,osmo-bsc-594654bd47-qmz4c,1,5
1781687133,gsm-7,osmo-bts-virtual-5f8b9b86fc-cdvvk,22,5
1781687133,gsm-7,osmo-hlr-546bdb8988-rpfg8,1,2
1781687133,gsm-7,osmo-mgw-8c8fc67d6-p2gg4,1,2
1781687133,gsm-7,osmo-mobile-6865667c79-bhtbh,3,29
1781687133,gsm-7,osmo-stp-768687f494-4rjdf,1,2
1781687133,gsm-7,ttcn3-tc-26-8-1-3-3-1-1-kgq5g,1,6
1781687133,gsm-7,virtphy-6cd7658d46-c7ddj,7,1
1781687135,gsm-7,msc-test-stub-5b875d749d-gzm9n,1,16
1781687135,gsm-7,osmo-bsc-594654bd47-qmz4c,1,5
1781687135,gsm-7,osmo-bts-virtual-5f8b9b86fc-cdvvk,22,5
1781687135,gsm-7,osmo-hlr-546bdb8988-rpfg8,1,2
1781687135,gsm-7,osmo-mgw-8c8fc67d6-p2gg4,1,2
1781687135,gsm-7,osmo-mobile-6865667c79-bhtbh,3,29
1781687135,gsm-7,osmo-stp-768687f494-4rjdf,1,2
1781687135,gsm-7,ttcn3-tc-26-8-1-3-3-1-1-kgq5g,1,6
1781687135,gsm-7,virtphy-6cd7658d46-c7ddj,7,1
1781687137,gsm-7,msc-test-stub-5b875d749d-gzm9n,1,16
1781687137,gsm-7,osmo-bsc-594654bd47-qmz4c,1,5
1781687137,gsm-7,osmo-bts-virtual-5f8b9b86fc-cdvvk,22,5
1781687137,gsm-7,osmo-hlr-546bdb8988-rpfg8,1,2
1781687137,gsm-7,osmo-mgw-8c8fc67d6-p2gg4,1,2
1781687137,gsm-7,osmo-mobile-6865667c79-bhtbh,3,29
1781687137,gsm-7,osmo-stp-768687f494-4rjdf,1,2
1781687137,gsm-7,ttcn3-tc-26-8-1-3-3-1-1-kgq5g,1,6
1781687137,gsm-7,virtphy-6cd7658d46-c7ddj,7,1
1781687139,gsm-7,msc-test-stub-5b875d749d-gzm9n,1,16
1781687139,gsm-7,osmo-bsc-594654bd47-qmz4c,1,5
1781687139,gsm-7,osmo-bts-virtual-5f8b9b86fc-cdvvk,22,5
1781687139,gsm-7,osmo-hlr-546bdb8988-rpfg8,1,2
1781687139,gsm-7,osmo-mgw-8c8fc67d6-p2gg4,1,2
1781687139,gsm-7,osmo-mobile-6865667c79-bhtbh,3,29
1781687139,gsm-7,osmo-stp-768687f494-4rjdf,1,2
1781687139,gsm-7,ttcn3-tc-26-8-1-3-3-1-1-kgq5g,1,6
1781687139,gsm-7,virtphy-6cd7658d46-c7ddj,7,1
1781687141,gsm-7,msc-test-stub-5b875d749d-gzm9n,1,16
1781687141,gsm-7,osmo-bsc-594654bd47-qmz4c,1,5
1781687141,gsm-7,osmo-bts-virtual-5f8b9b86fc-cdvvk,22,5
1781687141,gsm-7,osmo-hlr-546bdb8988-rpfg8,1,2
1781687141,gsm-7,osmo-mgw-8c8fc67d6-p2gg4,1,2
1781687141,gsm-7,osmo-mobile-6865667c79-bhtbh,3,29
1781687141,gsm-7,osmo-stp-768687f494-4rjdf,1,2
1781687141,gsm-7,ttcn3-tc-26-8-1-3-3-1-1-kgq5g,1,6
1781687141,gsm-7,virtphy-6cd7658d46-c7ddj,7,1
1781687144,gsm-7,msc-test-stub-5b875d749d-gzm9n,1,16
1781687144,gsm-7,osmo-bsc-594654bd47-qmz4c,1,5
1781687144,gsm-7,osmo-bts-virtual-5f8b9b86fc-cdvvk,21,5
1781687144,gsm-7,osmo-hlr-546bdb8988-rpfg8,1,2
1781687144,gsm-7,osmo-mgw-8c8fc67d6-p2gg4,1,2
1781687144,gsm-7,osmo-mobile-6865667c79-bhtbh,2,29
1781687144,gsm-7,osmo-stp-768687f494-4rjdf,1,2
1781687144,gsm-7,virtphy-6cd7658d46-c7ddj,7,1
