2026/Jun/17 06:16:40.321531 EXECUTOR - TTCN-3 Main Test Component started on ttcn3-tc-26-7-2-2-1-b89nd. Version: 11.1.0.
2026/Jun/17 06:16:40.321769 EXECUTOR - TTCN Logger v2.2 options: TimeStampFormat:=DateTime; LogEntityName:=No; LogEventTypes:=Yes; SourceInfoFormat:=Single; LogSensitiveData:=No; *.FileMask:=LOG_ALL; *.ConsoleMask:=ERROR | TESTCASE | USER | VERDICTOP | WARNING; LogFileSize:=0; LogFileNumber:=1; DiskFullAction:=Error
2026/Jun/17 06:16:40.321891 EXECUTOR - Connected to MC.
2026/Jun/17 06:16:40.322039 EXECUTOR - Executing test case TC_26_7_2_2 in module TC_26_7_2_2.
2026/Jun/17 06:16:40.322324 TESTCASE TC_26_7_2_2.ttcn3:24 Test case TC_26_7_2_2 started.
2026/Jun/17 06:16:40.322392 PARALLEL TC_26_7_2_2.ttcn3:24 Initializing variables, timers and ports of component type GSM_Component_Definitions.GSM_CT inside testcase TC_26_7_2_2.
2026/Jun/17 06:16:40.323201 USER TC_26_7_2_2.ttcn3:24 MSC_Port: set_parameter msc_stub_host = 10.42.0.232
2026/Jun/17 06:16:40.323255 USER TC_26_7_2_2.ttcn3:24 MSC_Port: set_parameter msc_stub_port = 5000
2026/Jun/17 06:16:40.323272 USER TC_26_7_2_2.ttcn3:24 L3_Port: set_parameter gsmtap_host = 127.0.0.1
2026/Jun/17 06:16:40.323289 USER TC_26_7_2_2.ttcn3:24 L3_Port: set_parameter gsmtap_port = 4729
2026/Jun/17 06:16:40.323300 USER TC_26_7_2_2.ttcn3:24 L3_Port: set_parameter local_port = 4729
2026/Jun/17 06:16:40.323305 USER TC_26_7_2_2.ttcn3:24 L3_Port: set_parameter ul_multicast_group = 239.193.23.2
2026/Jun/17 06:16:40.323311 USER TC_26_7_2_2.ttcn3:24 L3_Port: Will join UL multicast group 239.193.23.2 for RACH capture
2026/Jun/17 06:16:40.323316 USER TC_26_7_2_2.ttcn3:24 L3_Port: set_parameter arfcn = 51
2026/Jun/17 06:16:40.323364 USER TC_26_7_2_2.ttcn3:24 L3_Port: user_start called
2026/Jun/17 06:16:40.323376 PORTEVENT TC_26_7_2_2.ttcn3:24 Port L was started.
2026/Jun/17 06:16:40.323781 PORTEVENT TC_26_7_2_2.ttcn3:24 Port RR was started.
2026/Jun/17 06:16:40.323788 PORTEVENT TC_26_7_2_2.ttcn3:24 Port MM was started.
2026/Jun/17 06:16:40.323794 PORTEVENT TC_26_7_2_2.ttcn3:24 Port CC was started.
2026/Jun/17 06:16:40.323798 USER TC_26_7_2_2.ttcn3:24 MSC_Port: user_start called
2026/Jun/17 06:16:40.323804 PORTEVENT TC_26_7_2_2.ttcn3:24 Port MSC was started.
2026/Jun/17 06:16:40.323810 PORTEVENT TC_26_7_2_2.ttcn3:24 Port BSC was started.
2026/Jun/17 06:16:40.323816 PORTEVENT TC_26_7_2_2.ttcn3:24 Port RSL was started.
2026/Jun/17 06:16:40.323830 USER TC_26_7_2_2.ttcn3:24 VTY_PT: Starting
2026/Jun/17 06:16:40.323840 PORTEVENT TC_26_7_2_2.ttcn3:24 Port VTY was started.
2026/Jun/17 06:16:40.323845 PORTEVENT TC_26_7_2_2.ttcn3:24 Port COORD was started.
2026/Jun/17 06:16:40.323849 PARALLEL TC_26_7_2_2.ttcn3:24 Component type GSM_Component_Definitions.GSM_CT was initialized.
2026/Jun/17 06:16:40.323881 WARNING GSM_Component_Definitions.ttcn3:364 Warning: Stopping inactive timer T_guard.
2026/Jun/17 06:16:40.323892 WARNING GSM_Component_Definitions.ttcn3:365 Warning: Stopping inactive timer T301.
2026/Jun/17 06:16:40.323898 WARNING GSM_Component_Definitions.ttcn3:366 Warning: Stopping inactive timer T303.
2026/Jun/17 06:16:40.323904 WARNING GSM_Component_Definitions.ttcn3:367 Warning: Stopping inactive timer T305.
2026/Jun/17 06:16:40.323909 WARNING GSM_Component_Definitions.ttcn3:368 Warning: Stopping inactive timer T308.
2026/Jun/17 06:16:40.323914 WARNING GSM_Component_Definitions.ttcn3:369 Warning: Stopping inactive timer T310.
2026/Jun/17 06:16:40.323919 WARNING GSM_Component_Definitions.ttcn3:370 Warning: Stopping inactive timer T313.
2026/Jun/17 06:16:40.323929 USER GSM_Component_Definitions.ttcn3:386 Component initialized
2026/Jun/17 06:16:40.323949 PARALLEL GSM_Component_Definitions.ttcn3:334 Mapping port mtc:L to system:L.
2026/Jun/17 06:16:40.324004 USER GSM_Component_Definitions.ttcn3:334 L3_Port: Mapping to L
2026/Jun/17 06:16:40.324079 USER GSM_Component_Definitions.ttcn3:334 L3_Port: Joined UL multicast group 239.193.23.2 for RACH capture
2026/Jun/17 06:16:40.324092 USER GSM_Component_Definitions.ttcn3:334 L3_Port: GSMTAP listening on port 4729
2026/Jun/17 06:16:40.324098 USER GSM_Component_Definitions.ttcn3:334 L3_Port: Mapped successfully (GSMTAP: 127.0.0.1:4729)
2026/Jun/17 06:16:40.324115 WARNING GSM_Component_Definitions.ttcn3:334 Warning: The maximum number of open file descriptors (1048576) is greater than FD_SETSIZE (1024). Ensure that Test Ports using Install_Handler do not try to wait for events of file descriptors with values greater than FD_SETSIZE (1024). (Current caller of Install_Handler is "L")
2026/Jun/17 06:16:40.324148 PORTEVENT GSM_Component_Definitions.ttcn3:334 Port L was mapped to system:L.
2026/Jun/17 06:16:40.324231 PARALLEL GSM_Component_Definitions.ttcn3:334 Map operation of mtc:L to system:L finished.
2026/Jun/17 06:16:40.324266 PARALLEL GSM_Component_Definitions.ttcn3:335 Mapping port mtc:RR to system:RR.
2026/Jun/17 06:16:40.324298 PORTEVENT GSM_Component_Definitions.ttcn3:335 Port RR was mapped to system:RR.
2026/Jun/17 06:16:40.324328 PARALLEL GSM_Component_Definitions.ttcn3:335 Map operation of mtc:RR to system:RR finished.
2026/Jun/17 06:16:40.324335 PARALLEL GSM_Component_Definitions.ttcn3:336 Mapping port mtc:MM to system:MM.
2026/Jun/17 06:16:40.324364 PORTEVENT GSM_Component_Definitions.ttcn3:336 Port MM was mapped to system:MM.
2026/Jun/17 06:16:40.324392 PARALLEL GSM_Component_Definitions.ttcn3:336 Map operation of mtc:MM to system:MM finished.
2026/Jun/17 06:16:40.324398 PARALLEL GSM_Component_Definitions.ttcn3:337 Mapping port mtc:CC to system:CC.
2026/Jun/17 06:16:40.324426 PORTEVENT GSM_Component_Definitions.ttcn3:337 Port CC was mapped to system:CC.
2026/Jun/17 06:16:40.324454 PARALLEL GSM_Component_Definitions.ttcn3:337 Map operation of mtc:CC to system:CC finished.
2026/Jun/17 06:16:40.324460 PARALLEL GSM_Component_Definitions.ttcn3:338 Mapping port mtc:MSC to system:MSC.
2026/Jun/17 06:16:40.324490 USER GSM_Component_Definitions.ttcn3:338 MSC_Port: Mapping to MSC
2026/Jun/17 06:16:40.324867 USER GSM_Component_Definitions.ttcn3:338 MSC_Port: Registered socket for async events
2026/Jun/17 06:16:40.324890 USER GSM_Component_Definitions.ttcn3:338 MSC_Port: Connected to MSC stub at 10.42.0.232:5000
2026/Jun/17 06:16:40.324895 PORTEVENT GSM_Component_Definitions.ttcn3:338 Port MSC was mapped to system:MSC.
2026/Jun/17 06:16:40.324981 PARALLEL GSM_Component_Definitions.ttcn3:338 Map operation of mtc:MSC to system:MSC finished.
2026/Jun/17 06:16:40.324988 PARALLEL GSM_Component_Definitions.ttcn3:339 Mapping port mtc:VTY to system:VTY.
2026/Jun/17 06:16:40.325026 USER GSM_Component_Definitions.ttcn3:339 VTY_PT: Mapping port to VTY interface
2026/Jun/17 06:16:40.325294 USER GSM_Component_Definitions.ttcn3:339 VTY_PT: Connected to VTY at 10.43.243.40:4247
2026/Jun/17 06:16:40.825612 USER GSM_Component_Definitions.ttcn3:339 VTY_PT: Initial banner received
2026/Jun/17 06:16:40.825688 PORTEVENT GSM_Component_Definitions.ttcn3:339 Port VTY was mapped to system:VTY.
2026/Jun/17 06:16:40.825774 USER GSM_Component_Definitions.ttcn3:339 MSC_Port: RX: {"type": "WELCOME", "status": "connected"}
2026/Jun/17 06:16:40.825904 PORTEVENT GSM_Component_Definitions.ttcn3:339 Message enqueued on MSC from system charstring : "{\"type\": \"WELCOME\", \"status\": \"connected\"}" id 1
2026/Jun/17 06:16:40.825967 USER GSM_Component_Definitions.ttcn3:339 L3_Port: Received 39 bytes
2026/Jun/17 06:16:40.825982 USER GSM_Component_Definitions.ttcn3:339 L3_Port: RAW GSMTAP hdr->arfcn=0x4033 RxArfcn=0x4033 Uplink=1 Chan=135 Len=23
2026/Jun/17 06:16:40.825995 USER GSM_Component_Definitions.ttcn3:339 L3_Port: RX: 0E 00 01 03 49 06 15 00 40 01 C0 00 00 00 00 00 00 00 00 00 00 00 00 
2026/Jun/17 06:16:40.826013 PORTEVENT GSM_Component_Definitions.ttcn3:339 Message enqueued on L from system octetstring : '0E000103490615004001C0000000000000000000000000'O id 1
2026/Jun/17 06:16:40.826025 USER GSM_Component_Definitions.ttcn3:339 L3_Port: Message delivered to TTCN-3
2026/Jun/17 06:16:40.826041 PARALLEL GSM_Component_Definitions.ttcn3:339 Map operation of mtc:VTY to system:VTY finished.
2026/Jun/17 06:16:40.826066 TIMEROP TC_26_7_2_2.ttcn3:34 Start timer T_guard: 300 s
2026/Jun/17 06:16:40.826139 PORTEVENT TC_26_7_2_2.ttcn3:36 Sent on MSC to system charstring : "{\"command\": \"SET_AUTO_RESPOND\", \"params\": {\"enabled\": false}}"
2026/Jun/17 06:16:40.826427 USER TC_26_7_2_2.ttcn3:36 MSC_Port: TX: {"command": "SET_AUTO_RESPOND", "params": {"enabled": false}}
2026/Jun/17 06:16:40.826441 USER TC_26_7_2_2.ttcn3:38 TC_26_7_2_2: START
2026/Jun/17 06:16:40.826487 USER TC_26_7_2_2.ttcn3:41 docker.sock not found — using VTY power-cycle (k8s mode)
2026/Jun/17 06:16:40.826499 USER TC_26_7_2_2.ttcn3:41 === k8s fallback: VTY power-cycle mobile at 10.43.243.40:4247 ===
2026/Jun/17 06:16:51.022073 USER TC_26_7_2_2.ttcn3:41 Waiting 10 seconds (power off)...
2026/Jun/17 06:17:06.381905 USER TC_26_7_2_2.ttcn3:41 VTY 'clear-loci' sent — LOCI erased
2026/Jun/17 06:17:13.549934 USER TC_26_7_2_2.ttcn3:41 === VTY power-cycle complete — MS will send LU shortly ===
2026/Jun/17 06:17:13.550100 PORTEVENT TC_26_7_2_2.ttcn3:50 Sent on MSC to system charstring : "{\"command\": \"CLEAR\", \"params\": {}}"
2026/Jun/17 06:17:13.550160 USER TC_26_7_2_2.ttcn3:50 MSC_Port: TX: {"command": "CLEAR", "params": {}}
2026/Jun/17 06:17:13.550210 TIMEROP TC_26_7_2_2.ttcn3:52 Start timer T_drain: 5 s
2026/Jun/17 06:17:13.550312 PORTEVENT TC_26_7_2_2.ttcn3:54 Receive operation on port MSC succeeded, message from system(): charstring : "{\"type\": \"WELCOME\", \"status\": \"connected\"}" id 1
2026/Jun/17 06:17:13.550379 PORTEVENT TC_26_7_2_2.ttcn3:54 Message with id 1 was extracted from the queue of MSC.
2026/Jun/17 06:17:13.550672 USER TC_26_7_2_2.ttcn3:60 "TC_26_7_2_2: drain " & char(0, 0, 32, 20) & " discarding: ""{\"type\": \"WELCOME\", \"status\": \"connected\"}"
2026/Jun/17 06:17:13.550768 USER TC_26_7_2_2.ttcn3:53 VTY_PT: Received data (buffered): 162 bytes
2026/Jun/17 06:17:13.550816 USER TC_26_7_2_2.ttcn3:53 MSC_Port: RX: {"status": "ok", "auto_respond": false}
2026/Jun/17 06:17:13.550869 PORTEVENT TC_26_7_2_2.ttcn3:53 Message enqueued on MSC from system charstring : "{\"status\": \"ok\", \"auto_respond\": false}" id 2
2026/Jun/17 06:17:13.550888 USER TC_26_7_2_2.ttcn3:53 MSC_Port: RX: {"type": "HEARTBEAT"}
2026/Jun/17 06:17:13.550907 PORTEVENT TC_26_7_2_2.ttcn3:53 Message enqueued on MSC from system charstring : "{\"type\": \"HEARTBEAT\"}" id 3
2026/Jun/17 06:17:13.550921 USER TC_26_7_2_2.ttcn3:53 MSC_Port: RX: {"type": "HEARTBEAT"}
2026/Jun/17 06:17:13.550938 PORTEVENT TC_26_7_2_2.ttcn3:53 Message enqueued on MSC from system charstring : "{\"type\": \"HEARTBEAT\"}" id 4
2026/Jun/17 06:17:13.550951 USER TC_26_7_2_2.ttcn3:53 MSC_Port: RX: {"type": "HEARTBEAT"}
2026/Jun/17 06:17:13.550967 PORTEVENT TC_26_7_2_2.ttcn3:53 Message enqueued on MSC from system charstring : "{\"type\": \"HEARTBEAT\"}" id 5
2026/Jun/17 06:17:13.550980 USER TC_26_7_2_2.ttcn3:53 MSC_Port: RX: {"type": "HEARTBEAT"}
2026/Jun/17 06:17:13.550997 PORTEVENT TC_26_7_2_2.ttcn3:53 Message enqueued on MSC from system charstring : "{\"type\": \"HEARTBEAT\"}" id 6
2026/Jun/17 06:17:13.551009 USER TC_26_7_2_2.ttcn3:53 MSC_Port: RX: {"type": "HEARTBEAT"}
2026/Jun/17 06:17:13.551025 PORTEVENT TC_26_7_2_2.ttcn3:53 Message enqueued on MSC from system charstring : "{\"type\": \"HEARTBEAT\"}" id 7
2026/Jun/17 06:17:13.551038 USER TC_26_7_2_2.ttcn3:53 MSC_Port: RX: {"type": "HEARTBEAT"}
2026/Jun/17 06:17:13.551054 PORTEVENT TC_26_7_2_2.ttcn3:53 Message enqueued on MSC from system charstring : "{\"type\": \"HEARTBEAT\"}" id 8
2026/Jun/17 06:17:13.551075 USER TC_26_7_2_2.ttcn3:53 L3_Port: Received 17 bytes
2026/Jun/17 06:17:13.551093 USER TC_26_7_2_2.ttcn3:53 L3_Port: RAW GSMTAP hdr->arfcn=0x4033 RxArfcn=0x4033 Uplink=1 Chan=3 Len=1
2026/Jun/17 06:17:13.551109 USER TC_26_7_2_2.ttcn3:53 L3_Port: RX: 06 
2026/Jun/17 06:17:13.551127 PORTEVENT TC_26_7_2_2.ttcn3:53 Message enqueued on L from system octetstring : '06000039A6'O id 2
2026/Jun/17 06:17:13.551139 USER TC_26_7_2_2.ttcn3:53 L3_Port: Message delivered to TTCN-3
2026/Jun/17 06:17:13.551160 PORTEVENT TC_26_7_2_2.ttcn3:54 Receive operation on port MSC succeeded, message from system(): charstring : "{\"status\": \"ok\", \"auto_respond\": false}" id 2
2026/Jun/17 06:17:13.551187 PORTEVENT TC_26_7_2_2.ttcn3:54 Message with id 2 was extracted from the queue of MSC.
2026/Jun/17 06:17:13.551252 USER TC_26_7_2_2.ttcn3:60 "TC_26_7_2_2: drain " & char(0, 0, 32, 20) & " discarding: ""{\"status\": \"ok\", \"auto_respond\": false}"
2026/Jun/17 06:17:13.551287 PORTEVENT TC_26_7_2_2.ttcn3:54 Receive operation on port MSC succeeded, message from system(): charstring : "{\"type\": \"HEARTBEAT\"}" id 3
2026/Jun/17 06:17:13.551298 PORTEVENT TC_26_7_2_2.ttcn3:54 Message with id 3 was extracted from the queue of MSC.
2026/Jun/17 06:17:13.551359 USER TC_26_7_2_2.ttcn3:60 "TC_26_7_2_2: drain " & char(0, 0, 32, 20) & " discarding: ""{\"type\": \"HEARTBEAT\"}"
2026/Jun/17 06:17:13.551389 PORTEVENT TC_26_7_2_2.ttcn3:54 Receive operation on port MSC succeeded, message from system(): charstring : "{\"type\": \"HEARTBEAT\"}" id 4
2026/Jun/17 06:17:13.551400 PORTEVENT TC_26_7_2_2.ttcn3:54 Message with id 4 was extracted from the queue of MSC.
2026/Jun/17 06:17:13.551456 USER TC_26_7_2_2.ttcn3:60 "TC_26_7_2_2: drain " & char(0, 0, 32, 20) & " discarding: ""{\"type\": \"HEARTBEAT\"}"
2026/Jun/17 06:17:13.551483 PORTEVENT TC_26_7_2_2.ttcn3:54 Receive operation on port MSC succeeded, message from system(): charstring : "{\"type\": \"HEARTBEAT\"}" id 5
2026/Jun/17 06:17:13.551494 PORTEVENT TC_26_7_2_2.ttcn3:54 Message with id 5 was extracted from the queue of MSC.
2026/Jun/17 06:17:13.551544 USER TC_26_7_2_2.ttcn3:60 "TC_26_7_2_2: drain " & char(0, 0, 32, 20) & " discarding: ""{\"type\": \"HEARTBEAT\"}"
2026/Jun/17 06:17:13.551570 PORTEVENT TC_26_7_2_2.ttcn3:54 Receive operation on port MSC succeeded, message from system(): charstring : "{\"type\": \"HEARTBEAT\"}" id 6
2026/Jun/17 06:17:13.551581 PORTEVENT TC_26_7_2_2.ttcn3:54 Message with id 6 was extracted from the queue of MSC.
2026/Jun/17 06:17:13.551627 USER TC_26_7_2_2.ttcn3:60 "TC_26_7_2_2: drain " & char(0, 0, 32, 20) & " discarding: ""{\"type\": \"HEARTBEAT\"}"
2026/Jun/17 06:17:13.551652 PORTEVENT TC_26_7_2_2.ttcn3:54 Receive operation on port MSC succeeded, message from system(): charstring : "{\"type\": \"HEARTBEAT\"}" id 7
2026/Jun/17 06:17:13.551662 PORTEVENT TC_26_7_2_2.ttcn3:54 Message with id 7 was extracted from the queue of MSC.
2026/Jun/17 06:17:13.551703 USER TC_26_7_2_2.ttcn3:60 "TC_26_7_2_2: drain " & char(0, 0, 32, 20) & " discarding: ""{\"type\": \"HEARTBEAT\"}"
2026/Jun/17 06:17:13.551728 PORTEVENT TC_26_7_2_2.ttcn3:54 Receive operation on port MSC succeeded, message from system(): charstring : "{\"type\": \"HEARTBEAT\"}" id 8
2026/Jun/17 06:17:13.551737 PORTEVENT TC_26_7_2_2.ttcn3:54 Message with id 8 was extracted from the queue of MSC.
2026/Jun/17 06:17:13.551776 USER TC_26_7_2_2.ttcn3:60 "TC_26_7_2_2: drain " & char(0, 0, 32, 20) & " discarding: ""{\"type\": \"HEARTBEAT\"}"
2026/Jun/17 06:17:13.551810 USER TC_26_7_2_2.ttcn3:53 MSC_Port: RX: {"status": "ok"}
2026/Jun/17 06:17:13.551837 PORTEVENT TC_26_7_2_2.ttcn3:53 Message enqueued on MSC from system charstring : "{\"status\": \"ok\"}" id 9
2026/Jun/17 06:17:13.551859 USER TC_26_7_2_2.ttcn3:53 L3_Port: Received 39 bytes
2026/Jun/17 06:17:13.551874 USER TC_26_7_2_2.ttcn3:53 L3_Port: RAW GSMTAP hdr->arfcn=0x4033 RxArfcn=0x4033 Uplink=1 Chan=7 Len=23
2026/Jun/17 06:17:13.551891 USER TC_26_7_2_2.ttcn3:53 L3_Port: RX: 01 3F 49 05 08 70 09 F1 07 00 00 33 08 99 10 07 00 00 00 00 10 2B 2B 
2026/Jun/17 06:17:13.551905 PORTEVENT TC_26_7_2_2.ttcn3:53 Message enqueued on L from system octetstring : '013F4905087009F1070000330899100700000000102B2B'O id 3
2026/Jun/17 06:17:13.551917 USER TC_26_7_2_2.ttcn3:53 L3_Port: Message delivered to TTCN-3
2026/Jun/17 06:17:13.551932 PORTEVENT TC_26_7_2_2.ttcn3:54 Receive operation on port MSC succeeded, message from system(): charstring : "{\"status\": \"ok\"}" id 9
2026/Jun/17 06:17:13.551943 PORTEVENT TC_26_7_2_2.ttcn3:54 Message with id 9 was extracted from the queue of MSC.
2026/Jun/17 06:17:13.551981 USER TC_26_7_2_2.ttcn3:60 "TC_26_7_2_2: drain " & char(0, 0, 32, 20) & " discarding: ""{\"status\": \"ok\"}"
2026/Jun/17 06:17:13.552011 USER TC_26_7_2_2.ttcn3:53 L3_Port: Received 39 bytes
2026/Jun/17 06:17:13.552035 USER TC_26_7_2_2.ttcn3:53 L3_Port: RAW GSMTAP hdr->arfcn=0x4033 RxArfcn=0x4033 Uplink=1 Chan=135 Len=23
2026/Jun/17 06:17:13.552052 USER TC_26_7_2_2.ttcn3:53 L3_Port: RX: 0E 00 01 03 49 06 15 00 40 01 C0 00 00 00 00 00 00 00 00 00 00 00 00 
2026/Jun/17 06:17:13.552066 PORTEVENT TC_26_7_2_2.ttcn3:53 Message enqueued on L from system octetstring : '0E000103490615004001C0000000000000000000000000'O id 4
2026/Jun/17 06:17:13.552077 USER TC_26_7_2_2.ttcn3:53 L3_Port: Message delivered to TTCN-3
2026/Jun/17 06:17:13.552096 USER TC_26_7_2_2.ttcn3:53 L3_Port: Received 39 bytes
2026/Jun/17 06:17:13.552108 USER TC_26_7_2_2.ttcn3:53 L3_Port: RAW GSMTAP hdr->arfcn=0x4033 RxArfcn=0x4033 Uplink=1 Chan=7 Len=23
2026/Jun/17 06:17:13.552124 USER TC_26_7_2_2.ttcn3:53 L3_Port: RX: 01 3F 49 05 08 70 09 F1 07 00 00 33 08 99 10 07 00 00 00 00 10 2B 2B 
2026/Jun/17 06:17:13.552137 PORTEVENT TC_26_7_2_2.ttcn3:53 Message enqueued on L from system octetstring : '013F4905087009F1070000330899100700000000102B2B'O id 5
2026/Jun/17 06:17:13.552147 USER TC_26_7_2_2.ttcn3:53 L3_Port: Message delivered to TTCN-3
2026/Jun/17 06:17:13.552164 USER TC_26_7_2_2.ttcn3:53 L3_Port: Received 39 bytes
2026/Jun/17 06:17:13.552176 USER TC_26_7_2_2.ttcn3:53 L3_Port: RAW GSMTAP hdr->arfcn=0x4033 RxArfcn=0x4033 Uplink=1 Chan=135 Len=23
2026/Jun/17 06:17:13.552192 USER TC_26_7_2_2.ttcn3:53 L3_Port: RX: 0E 00 01 03 49 06 15 3F 3F 01 C0 00 00 00 00 00 00 00 00 00 00 00 00 
2026/Jun/17 06:17:13.552207 PORTEVENT TC_26_7_2_2.ttcn3:53 Message enqueued on L from system octetstring : '0E0001034906153F3F01C0000000000000000000000000'O id 6
2026/Jun/17 06:17:13.552217 USER TC_26_7_2_2.ttcn3:53 L3_Port: Message delivered to TTCN-3
2026/Jun/17 06:17:13.552235 USER TC_26_7_2_2.ttcn3:53 L3_Port: Received 39 bytes
2026/Jun/17 06:17:13.552246 USER TC_26_7_2_2.ttcn3:53 L3_Port: RAW GSMTAP hdr->arfcn=0x4033 RxArfcn=0x4033 Uplink=1 Chan=7 Len=23
2026/Jun/17 06:17:13.552262 USER TC_26_7_2_2.ttcn3:53 L3_Port: RX: 01 3F 49 05 08 70 09 F1 07 00 00 33 08 99 10 07 00 00 00 00 10 2B 2B 
2026/Jun/17 06:17:13.552276 PORTEVENT TC_26_7_2_2.ttcn3:53 Message enqueued on L from system octetstring : '013F4905087009F1070000330899100700000000102B2B'O id 7
2026/Jun/17 06:17:13.552286 USER TC_26_7_2_2.ttcn3:53 L3_Port: Message delivered to TTCN-3
2026/Jun/17 06:17:13.552303 USER TC_26_7_2_2.ttcn3:53 L3_Port: Received 39 bytes
2026/Jun/17 06:17:13.552315 USER TC_26_7_2_2.ttcn3:53 L3_Port: RAW GSMTAP hdr->arfcn=0x4033 RxArfcn=0x4033 Uplink=1 Chan=135 Len=23
2026/Jun/17 06:17:13.552332 USER TC_26_7_2_2.ttcn3:53 L3_Port: RX: 0E 00 01 03 49 06 15 00 40 01 C0 00 00 00 00 00 00 00 00 00 00 00 00 
2026/Jun/17 06:17:13.552346 PORTEVENT TC_26_7_2_2.ttcn3:53 Message enqueued on L from system octetstring : '0E000103490615004001C0000000000000000000000000'O id 8
2026/Jun/17 06:17:13.552356 USER TC_26_7_2_2.ttcn3:53 L3_Port: Message delivered to TTCN-3
2026/Jun/17 06:17:13.552373 USER TC_26_7_2_2.ttcn3:53 L3_Port: Received 39 bytes
2026/Jun/17 06:17:13.552389 USER TC_26_7_2_2.ttcn3:53 L3_Port: RAW GSMTAP hdr->arfcn=0x4033 RxArfcn=0x4033 Uplink=1 Chan=7 Len=23
2026/Jun/17 06:17:13.552405 USER TC_26_7_2_2.ttcn3:53 L3_Port: RX: 01 3F 49 05 08 70 09 F1 07 00 00 33 08 99 10 07 00 00 00 00 10 2B 2B 
2026/Jun/17 06:17:13.552421 PORTEVENT TC_26_7_2_2.ttcn3:53 Message enqueued on L from system octetstring : '013F4905087009F1070000330899100700000000102B2B'O id 9
2026/Jun/17 06:17:13.552431 USER TC_26_7_2_2.ttcn3:53 L3_Port: Message delivered to TTCN-3
2026/Jun/17 06:17:13.552449 USER TC_26_7_2_2.ttcn3:53 L3_Port: Received 39 bytes
2026/Jun/17 06:17:13.552463 USER TC_26_7_2_2.ttcn3:53 L3_Port: RAW GSMTAP hdr->arfcn=0x4033 RxArfcn=0x4033 Uplink=1 Chan=135 Len=23
2026/Jun/17 06:17:13.552479 USER TC_26_7_2_2.ttcn3:53 L3_Port: RX: 0E 00 01 03 49 06 15 00 40 01 C0 00 00 00 00 00 00 00 00 00 00 00 00 
2026/Jun/17 06:17:13.552493 PORTEVENT TC_26_7_2_2.ttcn3:53 Message enqueued on L from system octetstring : '0E000103490615004001C0000000000000000000000000'O id 10
2026/Jun/17 06:17:13.552509 USER TC_26_7_2_2.ttcn3:53 L3_Port: Message delivered to TTCN-3
2026/Jun/17 06:17:13.552527 USER TC_26_7_2_2.ttcn3:53 L3_Port: Received 39 bytes
2026/Jun/17 06:17:13.552540 USER TC_26_7_2_2.ttcn3:53 L3_Port: RAW GSMTAP hdr->arfcn=0x4033 RxArfcn=0x4033 Uplink=1 Chan=135 Len=23
2026/Jun/17 06:17:13.552557 USER TC_26_7_2_2.ttcn3:53 L3_Port: RX: 0E 00 01 03 49 06 15 00 40 01 C0 00 00 00 00 00 00 00 00 00 00 00 00 
2026/Jun/17 06:17:13.552571 PORTEVENT TC_26_7_2_2.ttcn3:53 Message enqueued on L from system octetstring : '0E000103490615004001C0000000000000000000000000'O id 11
2026/Jun/17 06:17:13.552582 USER TC_26_7_2_2.ttcn3:53 L3_Port: Message delivered to TTCN-3
2026/Jun/17 06:17:13.552600 USER TC_26_7_2_2.ttcn3:53 L3_Port: Received 39 bytes
2026/Jun/17 06:17:13.552613 USER TC_26_7_2_2.ttcn3:53 L3_Port: RAW GSMTAP hdr->arfcn=0x4033 RxArfcn=0x4033 Uplink=1 Chan=7 Len=23
2026/Jun/17 06:17:13.552629 USER TC_26_7_2_2.ttcn3:53 L3_Port: RX: 01 3F 49 05 08 70 09 F1 07 00 00 33 08 99 10 07 00 00 00 00 10 2B 2B 
2026/Jun/17 06:17:13.552644 PORTEVENT TC_26_7_2_2.ttcn3:53 Message enqueued on L from system octetstring : '013F4905087009F1070000330899100700000000102B2B'O id 12
2026/Jun/17 06:17:13.552654 USER TC_26_7_2_2.ttcn3:53 L3_Port: Message delivered to TTCN-3
2026/Jun/17 06:17:13.552672 USER TC_26_7_2_2.ttcn3:53 L3_Port: Received 39 bytes
2026/Jun/17 06:17:13.552684 USER TC_26_7_2_2.ttcn3:53 L3_Port: RAW GSMTAP hdr->arfcn=0x4033 RxArfcn=0x4033 Uplink=1 Chan=135 Len=23
2026/Jun/17 06:17:13.552703 USER TC_26_7_2_2.ttcn3:53 L3_Port: RX: 0E 00 01 03 49 06 15 00 40 01 C0 00 00 00 00 00 00 00 00 00 00 00 00 
2026/Jun/17 06:17:13.552719 PORTEVENT TC_26_7_2_2.ttcn3:53 Message enqueued on L from system octetstring : '0E000103490615004001C0000000000000000000000000'O id 13
2026/Jun/17 06:17:13.552729 USER TC_26_7_2_2.ttcn3:53 L3_Port: Message delivered to TTCN-3
2026/Jun/17 06:17:13.552746 USER TC_26_7_2_2.ttcn3:53 L3_Port: Received 39 bytes
2026/Jun/17 06:17:13.552759 USER TC_26_7_2_2.ttcn3:53 L3_Port: RAW GSMTAP hdr->arfcn=0x4033 RxArfcn=0x4033 Uplink=1 Chan=7 Len=23
2026/Jun/17 06:17:13.552775 USER TC_26_7_2_2.ttcn3:53 L3_Port: RX: 01 3F 49 05 08 70 09 F1 07 00 00 33 08 99 10 07 00 00 00 00 10 2B 2B 
2026/Jun/17 06:17:13.552790 PORTEVENT TC_26_7_2_2.ttcn3:53 Message enqueued on L from system octetstring : '013F4905087009F1070000330899100700000000102B2B'O id 14
2026/Jun/17 06:17:13.552800 USER TC_26_7_2_2.ttcn3:53 L3_Port: Message delivered to TTCN-3
2026/Jun/17 06:17:13.552817 USER TC_26_7_2_2.ttcn3:53 L3_Port: Received 39 bytes
2026/Jun/17 06:17:13.552884 USER TC_26_7_2_2.ttcn3:53 L3_Port: RAW GSMTAP hdr->arfcn=0x4033 RxArfcn=0x4033 Uplink=1 Chan=135 Len=23
2026/Jun/17 06:17:13.552901 USER TC_26_7_2_2.ttcn3:53 L3_Port: RX: 0E 00 01 03 49 06 15 00 40 01 C0 00 00 00 00 00 00 00 00 00 00 00 00 
2026/Jun/17 06:17:13.552916 PORTEVENT TC_26_7_2_2.ttcn3:53 Message enqueued on L from system octetstring : '0E000103490615004001C0000000000000000000000000'O id 15
2026/Jun/17 06:17:13.552926 USER TC_26_7_2_2.ttcn3:53 L3_Port: Message delivered to TTCN-3
2026/Jun/17 06:17:13.552946 USER TC_26_7_2_2.ttcn3:53 L3_Port: Received 39 bytes
2026/Jun/17 06:17:13.552959 USER TC_26_7_2_2.ttcn3:53 L3_Port: RAW GSMTAP hdr->arfcn=0x4033 RxArfcn=0x4033 Uplink=1 Chan=135 Len=23
2026/Jun/17 06:17:13.552976 USER TC_26_7_2_2.ttcn3:53 L3_Port: RX: 0E 00 01 03 49 06 15 00 40 01 C0 00 00 00 00 00 00 00 00 00 00 00 00 
2026/Jun/17 06:17:13.552990 PORTEVENT TC_26_7_2_2.ttcn3:53 Message enqueued on L from system octetstring : '0E000103490615004001C0000000000000000000000000'O id 16
2026/Jun/17 06:17:13.553000 USER TC_26_7_2_2.ttcn3:53 L3_Port: Message delivered to TTCN-3
2026/Jun/17 06:17:15.964742 USER TC_26_7_2_2.ttcn3:53 VTY_PT: Received data (buffered): 68 bytes
2026/Jun/17 06:17:16.554215 USER TC_26_7_2_2.ttcn3:53 MSC_Port: RX: {"type": "HEARTBEAT"}
2026/Jun/17 06:17:16.554309 PORTEVENT TC_26_7_2_2.ttcn3:53 Message enqueued on MSC from system charstring : "{\"type\": \"HEARTBEAT\"}" id 10
2026/Jun/17 06:17:16.554341 PORTEVENT TC_26_7_2_2.ttcn3:54 Receive operation on port MSC succeeded, message from system(): charstring : "{\"type\": \"HEARTBEAT\"}" id 10
2026/Jun/17 06:17:16.554365 PORTEVENT TC_26_7_2_2.ttcn3:54 Message with id 10 was extracted from the queue of MSC.
2026/Jun/17 06:17:16.554435 USER TC_26_7_2_2.ttcn3:60 "TC_26_7_2_2: drain " & char(0, 0, 32, 20) & " discarding: ""{\"type\": \"HEARTBEAT\"}"
2026/Jun/17 06:17:18.550892 TIMEROP TC_26_7_2_2.ttcn3:64 Timeout T_drain: 5 s
2026/Jun/17 06:17:18.550984 USER TC_26_7_2_2.ttcn3:65 "TC_26_7_2_2: drain complete " & char(0, 0, 32, 20) & " second CLEAR"
2026/Jun/17 06:17:18.551048 PORTEVENT TC_26_7_2_2.ttcn3:68 Sent on MSC to system charstring : "{\"command\": \"CLEAR\", \"params\": {}}"
2026/Jun/17 06:17:18.551137 USER TC_26_7_2_2.ttcn3:68 MSC_Port: TX: {"command": "CLEAR", "params": {}}
2026/Jun/17 06:17:18.551160 TIMEROP TC_26_7_2_2.ttcn3:69 Start timer T_settle: 2 s
2026/Jun/17 06:17:18.551657 USER TC_26_7_2_2.ttcn3:69 MSC_Port: RX: {"status": "ok"}
2026/Jun/17 06:17:18.551685 PORTEVENT TC_26_7_2_2.ttcn3:69 Message enqueued on MSC from system charstring : "{\"status\": \"ok\"}" id 11
2026/Jun/17 06:17:20.551850 TIMEROP TC_26_7_2_2.ttcn3:69 Timeout T_settle: 2 s
2026/Jun/17 06:17:20.551915 USER TC_26_7_2_2.ttcn3:72 TC_26_7_2_2: waiting for fresh LU REQUEST...
2026/Jun/17 06:17:20.551943 TIMEROP TC_26_7_2_2.ttcn3:74 Start timer T_lu: 45 s
2026/Jun/17 06:17:20.551963 PORTEVENT TC_26_7_2_2.ttcn3:76 Receive operation on port MSC succeeded, message from system(): charstring : "{\"status\": \"ok\"}" id 11
2026/Jun/17 06:17:20.551974 PORTEVENT TC_26_7_2_2.ttcn3:76 Message with id 11 was extracted from the queue of MSC.
2026/Jun/17 06:17:20.552022 USER TC_26_7_2_2.ttcn3:82 TC_26_7_2_2: ignoring: "{\"status\": \"ok\"}"
2026/Jun/17 06:17:22.555091 USER TC_26_7_2_2.ttcn3:75 MSC_Port: RX: {"type": "HEARTBEAT"}
2026/Jun/17 06:17:22.555186 PORTEVENT TC_26_7_2_2.ttcn3:75 Message enqueued on MSC from system charstring : "{\"type\": \"HEARTBEAT\"}" id 12
2026/Jun/17 06:17:22.555226 PORTEVENT TC_26_7_2_2.ttcn3:76 Receive operation on port MSC succeeded, message from system(): charstring : "{\"type\": \"HEARTBEAT\"}" id 12
2026/Jun/17 06:17:22.555244 PORTEVENT TC_26_7_2_2.ttcn3:76 Message with id 12 was extracted from the queue of MSC.
2026/Jun/17 06:17:22.555328 USER TC_26_7_2_2.ttcn3:82 TC_26_7_2_2: ignoring: "{\"type\": \"HEARTBEAT\"}"
2026/Jun/17 06:17:26.539212 USER TC_26_7_2_2.ttcn3:75 L3_Port: Received 17 bytes
2026/Jun/17 06:17:26.539294 USER TC_26_7_2_2.ttcn3:75 L3_Port: RAW GSMTAP hdr->arfcn=0x4033 RxArfcn=0x4033 Uplink=1 Chan=3 Len=1
2026/Jun/17 06:17:26.539314 USER TC_26_7_2_2.ttcn3:75 L3_Port: RX: 04 
2026/Jun/17 06:17:26.539338 PORTEVENT TC_26_7_2_2.ttcn3:75 Message enqueued on L from system octetstring : '0400004CF5'O id 17
2026/Jun/17 06:17:26.539359 USER TC_26_7_2_2.ttcn3:75 L3_Port: Message delivered to TTCN-3
2026/Jun/17 06:17:26.755967 USER TC_26_7_2_2.ttcn3:75 L3_Port: Received 39 bytes
2026/Jun/17 06:17:26.756040 USER TC_26_7_2_2.ttcn3:75 L3_Port: RAW GSMTAP hdr->arfcn=0x4033 RxArfcn=0x4033 Uplink=1 Chan=135 Len=23
2026/Jun/17 06:17:26.756064 USER TC_26_7_2_2.ttcn3:75 L3_Port: RX: 0E 00 01 03 49 06 15 80 40 00 00 00 00 00 00 00 00 00 00 00 00 00 00 
2026/Jun/17 06:17:26.756088 PORTEVENT TC_26_7_2_2.ttcn3:75 Message enqueued on L from system octetstring : '0E00010349061580400000000000000000000000000000'O id 18
2026/Jun/17 06:17:26.756110 USER TC_26_7_2_2.ttcn3:75 L3_Port: Message delivered to TTCN-3
2026/Jun/17 06:17:26.946295 USER TC_26_7_2_2.ttcn3:75 L3_Port: Received 39 bytes
2026/Jun/17 06:17:26.946381 USER TC_26_7_2_2.ttcn3:75 L3_Port: RAW GSMTAP hdr->arfcn=0x4033 RxArfcn=0x4033 Uplink=1 Chan=7 Len=23
2026/Jun/17 06:17:26.946405 USER TC_26_7_2_2.ttcn3:75 L3_Port: RX: 01 3F 49 05 08 70 09 F1 07 00 00 33 08 99 10 07 00 00 00 00 10 2B 2B 
2026/Jun/17 06:17:26.946429 PORTEVENT TC_26_7_2_2.ttcn3:75 Message enqueued on L from system octetstring : '013F4905087009F1070000330899100700000000102B2B'O id 19
2026/Jun/17 06:17:26.946450 USER TC_26_7_2_2.ttcn3:75 L3_Port: Message delivered to TTCN-3
2026/Jun/17 06:17:27.560066 USER TC_26_7_2_2.ttcn3:75 MSC_Port: RX: {"type": "HEARTBEAT"}
2026/Jun/17 06:17:27.560178 PORTEVENT TC_26_7_2_2.ttcn3:75 Message enqueued on MSC from system charstring : "{\"type\": \"HEARTBEAT\"}" id 13
2026/Jun/17 06:17:27.560217 PORTEVENT TC_26_7_2_2.ttcn3:76 Receive operation on port MSC succeeded, message from system(): charstring : "{\"type\": \"HEARTBEAT\"}" id 13
2026/Jun/17 06:17:27.560234 PORTEVENT TC_26_7_2_2.ttcn3:76 Message with id 13 was extracted from the queue of MSC.
2026/Jun/17 06:17:27.560327 USER TC_26_7_2_2.ttcn3:82 TC_26_7_2_2: ignoring: "{\"type\": \"HEARTBEAT\"}"
2026/Jun/17 06:17:27.601366 USER TC_26_7_2_2.ttcn3:75 L3_Port: Received 39 bytes
2026/Jun/17 06:17:27.601439 USER TC_26_7_2_2.ttcn3:75 L3_Port: RAW GSMTAP hdr->arfcn=0x4033 RxArfcn=0x4033 Uplink=1 Chan=7 Len=23
2026/Jun/17 06:17:27.601460 USER TC_26_7_2_2.ttcn3:75 L3_Port: RX: 03 21 01 2B 2B 2B 2B 2B 2B 2B 2B 2B 2B 2B 2B 2B 2B 2B 2B 2B 2B 2B 2B 
2026/Jun/17 06:17:27.601481 PORTEVENT TC_26_7_2_2.ttcn3:75 Message enqueued on L from system octetstring : '0321012B2B2B2B2B2B2B2B2B2B2B2B2B2B2B2B2B2B2B2B'O id 20
2026/Jun/17 06:17:27.601501 USER TC_26_7_2_2.ttcn3:75 L3_Port: Message delivered to TTCN-3
2026/Jun/17 06:17:27.602249 USER TC_26_7_2_2.ttcn3:75 L3_Port: Received 39 bytes
2026/Jun/17 06:17:27.602281 USER TC_26_7_2_2.ttcn3:75 L3_Port: RAW GSMTAP hdr->arfcn=0x4033 RxArfcn=0x4033 Uplink=1 Chan=7 Len=23
2026/Jun/17 06:17:27.602302 USER TC_26_7_2_2.ttcn3:75 L3_Port: RX: 01 20 09 05 5B 2B 2B 2B 2B 2B 2B 2B 2B 2B 2B 2B 2B 2B 2B 2B 2B 2B 2B 
2026/Jun/17 06:17:27.602319 PORTEVENT TC_26_7_2_2.ttcn3:75 Message enqueued on L from system octetstring : '012009055B2B2B2B2B2B2B2B2B2B2B2B2B2B2B2B2B2B2B'O id 21
2026/Jun/17 06:17:27.602332 USER TC_26_7_2_2.ttcn3:75 L3_Port: Message delivered to TTCN-3
2026/Jun/17 06:17:27.744044 USER TC_26_7_2_2.ttcn3:75 L3_Port: Received 39 bytes
2026/Jun/17 06:17:27.744095 USER TC_26_7_2_2.ttcn3:75 L3_Port: RAW GSMTAP hdr->arfcn=0x4033 RxArfcn=0x4033 Uplink=1 Chan=135 Len=23
2026/Jun/17 06:17:27.744104 USER TC_26_7_2_2.ttcn3:75 L3_Port: RX: 0E 00 01 03 49 06 15 BF 3F 00 00 00 00 00 00 00 00 00 00 00 00 00 00 
2026/Jun/17 06:17:27.744116 PORTEVENT TC_26_7_2_2.ttcn3:75 Message enqueued on L from system octetstring : '0E000103490615BF3F0000000000000000000000000000'O id 22
2026/Jun/17 06:17:27.744128 USER TC_26_7_2_2.ttcn3:75 L3_Port: Message delivered to TTCN-3
2026/Jun/17 06:17:28.828078 USER TC_26_7_2_2.ttcn3:75 L3_Port: Received 39 bytes
2026/Jun/17 06:17:28.828127 USER TC_26_7_2_2.ttcn3:75 L3_Port: RAW GSMTAP hdr->arfcn=0x4033 RxArfcn=0x4033 Uplink=1 Chan=135 Len=23
2026/Jun/17 06:17:28.828136 USER TC_26_7_2_2.ttcn3:75 L3_Port: RX: 0E 00 01 03 49 06 15 BF 3F 00 00 00 00 00 00 00 00 00 00 00 00 00 00 
2026/Jun/17 06:17:28.828149 PORTEVENT TC_26_7_2_2.ttcn3:75 Message enqueued on L from system octetstring : '0E000103490615BF3F0000000000000000000000000000'O id 23
2026/Jun/17 06:17:28.828160 USER TC_26_7_2_2.ttcn3:75 L3_Port: Message delivered to TTCN-3
2026/Jun/17 06:17:29.770354 USER TC_26_7_2_2.ttcn3:75 L3_Port: Received 39 bytes
2026/Jun/17 06:17:29.770431 USER TC_26_7_2_2.ttcn3:75 L3_Port: RAW GSMTAP hdr->arfcn=0x4033 RxArfcn=0x4033 Uplink=1 Chan=135 Len=23
2026/Jun/17 06:17:29.770453 USER TC_26_7_2_2.ttcn3:75 L3_Port: RX: 0E 00 01 03 49 06 15 BF 3F 00 00 00 00 00 00 00 00 00 00 00 00 00 00 
2026/Jun/17 06:17:29.770475 PORTEVENT TC_26_7_2_2.ttcn3:75 Message enqueued on L from system octetstring : '0E000103490615BF3F0000000000000000000000000000'O id 24
2026/Jun/17 06:17:29.770496 USER TC_26_7_2_2.ttcn3:75 L3_Port: Message delivered to TTCN-3
2026/Jun/17 06:17:30.992587 USER TC_26_7_2_2.ttcn3:75 L3_Port: Received 39 bytes
2026/Jun/17 06:17:30.992658 USER TC_26_7_2_2.ttcn3:75 L3_Port: RAW GSMTAP hdr->arfcn=0x4033 RxArfcn=0x4033 Uplink=1 Chan=135 Len=23
2026/Jun/17 06:17:30.992681 USER TC_26_7_2_2.ttcn3:75 L3_Port: RX: 0E 00 01 03 49 06 15 BF 3F 00 00 00 00 00 00 00 00 00 00 00 00 00 00 
2026/Jun/17 06:17:30.992702 PORTEVENT TC_26_7_2_2.ttcn3:75 Message enqueued on L from system octetstring : '0E000103490615BF3F0000000000000000000000000000'O id 25
2026/Jun/17 06:17:30.992732 USER TC_26_7_2_2.ttcn3:75 L3_Port: Message delivered to TTCN-3
2026/Jun/17 06:17:31.427210 USER TC_26_7_2_2.ttcn3:75 MSC_Port: RX: {"type": "EVENT_LU_REQUEST", "bsc_slr": 2, "msc_slr": 2, "cksn": 7, "lu_type": 0, "old_mcc": "901", "old_mnc": "70", "old_lac": 0, "mi_type": "imsi"}
2026/Jun/17 06:17:31.427318 PORTEVENT TC_26_7_2_2.ttcn3:75 Message enqueued on MSC from system charstring : "{\"type\": \"EVENT_LU_REQUEST\", \"bsc_slr\": 2, \"msc_slr\": 2, \"cksn\": 7, \"lu_type\": 0, \"old_mcc\": \"901\", \"old_mnc\": \"70\", \"old_lac\": 0, \"mi_type\": \"imsi\"}" id 14
2026/Jun/17 06:17:31.427371 PORTEVENT TC_26_7_2_2.ttcn3:76 Receive operation on port MSC succeeded, message from system(): charstring : "{\"type\": \"EVENT_LU_REQUEST\", \"bsc_slr\": 2, \"msc_slr\": 2, \"cksn\": 7, \"lu_type\": 0, \"old_mcc\": \"901\", \"old_mnc\": \"70\", \"old_lac\": 0, \"mi_type\": \"imsi\"}" id 14
2026/Jun/17 06:17:31.427389 PORTEVENT TC_26_7_2_2.ttcn3:76 Message with id 14 was extracted from the queue of MSC.
2026/Jun/17 06:17:31.427673 USER GSM_Functions.ttcn3:365 f_extractJsonInt: Searching for key '"bsc_slr"' in JSON: "{\"type\": \"EVENT_LU_REQUEST\", \"bsc_slr\": 2, \"msc_slr\": 2, \"cksn\": 7, \"lu_type\": 0, \"old_mcc\": \"901\", \"old_mnc\": \"70\", \"old_lac\": 0, \"mi_type\": \"imsi\"}"
2026/Jun/17 06:17:31.427853 USER GSM_Functions.ttcn3:372 f_extractJsonInt: Found key at position 29 (pattern: "\"bsc_slr\":")
2026/Jun/17 06:17:31.427979 USER GSM_Functions.ttcn3:422 f_extractJsonInt: Extracted number string '"2"' => integer 2
2026/Jun/17 06:17:31.428010 USER TC_26_7_2_2.ttcn3:79 TC_26_7_2_2: LU REQUEST bsc_slr=2
2026/Jun/17 06:17:31.428044 TIMEROP TC_26_7_2_2.ttcn3:80 Stop timer T_lu: 45 s
2026/Jun/17 06:17:31.428076 USER TC_26_7_2_2.ttcn3:95 TC_26_7_2_2: sending LU ACCEPT (tmsi=305419896, lac=4242)
2026/Jun/17 06:17:31.428121 PORTEVENT TC_26_7_2_2.ttcn3:96 Sent on MSC to system charstring : "{\"command\": \"CMD_SEND_LU_ACCEPT_CUSTOM\", \"params\": {\"bsc_slr\": 2, \"mcc\": \"901\", \"mnc\": \"70\", \"lac\": 4242, \"tmsi\": 305419896}}"
2026/Jun/17 06:17:31.428196 USER TC_26_7_2_2.ttcn3:96 MSC_Port: TX: {"command": "CMD_SEND_LU_ACCEPT_CUSTOM", "params": {"bsc_slr": 2, "mcc": "901", "mnc": "70", "lac": 4242, "tmsi": 305419896}}
2026/Jun/17 06:17:31.428215 TIMEROP TC_26_7_2_2.ttcn3:101 Start timer T_tmsi: 10 s
2026/Jun/17 06:17:31.929352 USER TC_26_7_2_2.ttcn3:102 MSC_Port: RX: {"status": "ok", "sent": true}
2026/Jun/17 06:17:31.929441 PORTEVENT TC_26_7_2_2.ttcn3:102 Message enqueued on MSC from system charstring : "{\"status\": \"ok\", \"sent\": true}" id 15
2026/Jun/17 06:17:31.929479 PORTEVENT TC_26_7_2_2.ttcn3:103 Receive operation on port MSC succeeded, message from system(): charstring : "{\"status\": \"ok\", \"sent\": true}" id 15
2026/Jun/17 06:17:31.929496 PORTEVENT TC_26_7_2_2.ttcn3:103 Message with id 15 was extracted from the queue of MSC.
2026/Jun/17 06:17:31.929665 USER TC_26_7_2_2.ttcn3:109 TC_26_7_2_2: (TMSI wait) ignoring: "{\"status\": \"ok\", \"sent\": true}"
2026/Jun/17 06:17:31.980078 USER TC_26_7_2_2.ttcn3:102 L3_Port: Received 39 bytes
2026/Jun/17 06:17:31.980127 USER TC_26_7_2_2.ttcn3:102 L3_Port: RAW GSMTAP hdr->arfcn=0x4033 RxArfcn=0x4033 Uplink=1 Chan=135 Len=23
2026/Jun/17 06:17:31.980139 USER TC_26_7_2_2.ttcn3:102 L3_Port: RX: 0E 00 01 03 49 06 15 BF 3F 00 00 00 00 00 00 00 00 00 00 00 00 00 00 
2026/Jun/17 06:17:31.980151 PORTEVENT TC_26_7_2_2.ttcn3:102 Message enqueued on L from system octetstring : '0E000103490615BF3F0000000000000000000000000000'O id 26
2026/Jun/17 06:17:31.980164 USER TC_26_7_2_2.ttcn3:102 L3_Port: Message delivered to TTCN-3
2026/Jun/17 06:17:32.182628 USER TC_26_7_2_2.ttcn3:102 MSC_Port: RX: {"type": "EVENT_DTAP", "bsc_slr": 2, "pd": 5, "msg_type": 27}
2026/Jun/17 06:17:32.182695 PORTEVENT TC_26_7_2_2.ttcn3:102 Message enqueued on MSC from system charstring : "{\"type\": \"EVENT_DTAP\", \"bsc_slr\": 2, \"pd\": 5, \"msg_type\": 27}" id 16
2026/Jun/17 06:17:32.182720 PORTEVENT TC_26_7_2_2.ttcn3:103 Receive operation on port MSC succeeded, message from system(): charstring : "{\"type\": \"EVENT_DTAP\", \"bsc_slr\": 2, \"pd\": 5, \"msg_type\": 27}" id 16
2026/Jun/17 06:17:32.182737 PORTEVENT TC_26_7_2_2.ttcn3:103 Message with id 16 was extracted from the queue of MSC.
2026/Jun/17 06:17:32.182869 USER TC_26_7_2_2.ttcn3:109 TC_26_7_2_2: (TMSI wait) ignoring: "{\"type\": \"EVENT_DTAP\", \"bsc_slr\": 2, \"pd\": 5, \"msg_type\": 27}"
2026/Jun/17 06:17:32.182898 USER TC_26_7_2_2.ttcn3:102 MSC_Port: RX: {"type": "EVENT_TMSI_REALLOC_COMPLETE", "bsc_slr": 2}
2026/Jun/17 06:17:32.182908 PORTEVENT TC_26_7_2_2.ttcn3:102 Message enqueued on MSC from system charstring : "{\"type\": \"EVENT_TMSI_REALLOC_COMPLETE\", \"bsc_slr\": 2}" id 17
2026/Jun/17 06:17:32.182917 PORTEVENT TC_26_7_2_2.ttcn3:103 Receive operation on port MSC succeeded, message from system(): charstring : "{\"type\": \"EVENT_TMSI_REALLOC_COMPLETE\", \"bsc_slr\": 2}" id 17
2026/Jun/17 06:17:32.182922 PORTEVENT TC_26_7_2_2.ttcn3:103 Message with id 17 was extracted from the queue of MSC.
2026/Jun/17 06:17:32.183046 USER TC_26_7_2_2.ttcn3:106 TC_26_7_2_2: TMSI REALLOC COMPLETE
2026/Jun/17 06:17:32.183055 TIMEROP TC_26_7_2_2.ttcn3:107 Stop timer T_tmsi: 10 s
2026/Jun/17 06:17:32.183073 PORTEVENT TC_26_7_2_2.ttcn3:117 Sent on MSC to system charstring : "{\"command\": \"CMD_SEND_CLEAR_CMD\", \"params\": {\"bsc_slr\": 2, \"cause\": 0}}"
2026/Jun/17 06:17:32.183123 USER TC_26_7_2_2.ttcn3:117 MSC_Port: TX: {"command": "CMD_SEND_CLEAR_CMD", "params": {"bsc_slr": 2, "cause": 0}}
2026/Jun/17 06:17:32.183133 TIMEROP TC_26_7_2_2.ttcn3:122 Start timer T_lu_drain: 5 s
2026/Jun/17 06:17:32.183480 USER TC_26_7_2_2.ttcn3:123 MSC_Port: RX: {"status": "ok"}
2026/Jun/17 06:17:32.183490 PORTEVENT TC_26_7_2_2.ttcn3:123 Message enqueued on MSC from system charstring : "{\"status\": \"ok\"}" id 18
2026/Jun/17 06:17:32.183497 PORTEVENT TC_26_7_2_2.ttcn3:124 Receive operation on port MSC succeeded, message from system(): charstring : "{\"status\": \"ok\"}" id 18
2026/Jun/17 06:17:32.183502 PORTEVENT TC_26_7_2_2.ttcn3:124 Message with id 18 was extracted from the queue of MSC.
2026/Jun/17 06:17:32.183506 USER TC_26_7_2_2.ttcn3:125 TC_26_7_2_2: (post-LU drain) "{\"status\": \"ok\"}"
2026/Jun/17 06:17:32.224936 USER TC_26_7_2_2.ttcn3:123 MSC_Port: RX: {"type": "EVENT_BSSMAP_CLEAR_COMPLETE", "bsc_slr": 2}
2026/Jun/17 06:17:32.224994 PORTEVENT TC_26_7_2_2.ttcn3:123 Message enqueued on MSC from system charstring : "{\"type\": \"EVENT_BSSMAP_CLEAR_COMPLETE\", \"bsc_slr\": 2}" id 19
2026/Jun/17 06:17:32.225016 PORTEVENT TC_26_7_2_2.ttcn3:124 Receive operation on port MSC succeeded, message from system(): charstring : "{\"type\": \"EVENT_BSSMAP_CLEAR_COMPLETE\", \"bsc_slr\": 2}" id 19
2026/Jun/17 06:17:32.225025 PORTEVENT TC_26_7_2_2.ttcn3:124 Message with id 19 was extracted from the queue of MSC.
2026/Jun/17 06:17:32.225029 USER TC_26_7_2_2.ttcn3:125 TC_26_7_2_2: (post-LU drain) "{\"type\": \"EVENT_BSSMAP_CLEAR_COMPLETE\", \"bsc_slr\": 2}"
2026/Jun/17 06:17:32.744661 USER TC_26_7_2_2.ttcn3:123 VTY_PT: Received data (buffered): 61 bytes
2026/Jun/17 06:17:33.065595 USER TC_26_7_2_2.ttcn3:123 L3_Port: Received 39 bytes
2026/Jun/17 06:17:33.065664 USER TC_26_7_2_2.ttcn3:123 L3_Port: RAW GSMTAP hdr->arfcn=0x4033 RxArfcn=0x4033 Uplink=1 Chan=135 Len=23
2026/Jun/17 06:17:33.065686 USER TC_26_7_2_2.ttcn3:123 L3_Port: RX: 0E 00 01 03 49 06 15 BF 3F 00 00 00 00 00 00 00 00 00 00 00 00 00 00 
2026/Jun/17 06:17:33.065708 PORTEVENT TC_26_7_2_2.ttcn3:123 Message enqueued on L from system octetstring : '0E000103490615BF3F0000000000000000000000000000'O id 27
2026/Jun/17 06:17:33.065727 USER TC_26_7_2_2.ttcn3:123 L3_Port: Message delivered to TTCN-3
2026/Jun/17 06:17:33.184036 USER TC_26_7_2_2.ttcn3:123 MSC_Port: RX: {"type": "HEARTBEAT"}
2026/Jun/17 06:17:33.184101 PORTEVENT TC_26_7_2_2.ttcn3:123 Message enqueued on MSC from system charstring : "{\"type\": \"HEARTBEAT\"}" id 20
2026/Jun/17 06:17:33.184122 PORTEVENT TC_26_7_2_2.ttcn3:124 Receive operation on port MSC succeeded, message from system(): charstring : "{\"type\": \"HEARTBEAT\"}" id 20
2026/Jun/17 06:17:33.184139 PORTEVENT TC_26_7_2_2.ttcn3:124 Message with id 20 was extracted from the queue of MSC.
2026/Jun/17 06:17:33.184143 USER TC_26_7_2_2.ttcn3:125 TC_26_7_2_2: (post-LU drain) "{\"type\": \"HEARTBEAT\"}"
2026/Jun/17 06:17:34.006259 USER TC_26_7_2_2.ttcn3:123 L3_Port: Received 39 bytes
2026/Jun/17 06:17:34.006308 USER TC_26_7_2_2.ttcn3:123 L3_Port: RAW GSMTAP hdr->arfcn=0x4033 RxArfcn=0x4033 Uplink=1 Chan=135 Len=23
2026/Jun/17 06:17:34.006321 USER TC_26_7_2_2.ttcn3:123 L3_Port: RX: 0E 00 01 03 49 06 15 BF 3F 00 00 00 00 00 00 00 00 00 00 00 00 00 00 
2026/Jun/17 06:17:34.006334 PORTEVENT TC_26_7_2_2.ttcn3:123 Message enqueued on L from system octetstring : '0E000103490615BF3F0000000000000000000000000000'O id 28
2026/Jun/17 06:17:34.006348 USER TC_26_7_2_2.ttcn3:123 L3_Port: Message delivered to TTCN-3
2026/Jun/17 06:17:34.758683 USER TC_26_7_2_2.ttcn3:123 L3_Port: Received 39 bytes
2026/Jun/17 06:17:34.758751 USER TC_26_7_2_2.ttcn3:123 L3_Port: RAW GSMTAP hdr->arfcn=0x4033 RxArfcn=0x4033 Uplink=1 Chan=135 Len=23
2026/Jun/17 06:17:34.758772 USER TC_26_7_2_2.ttcn3:123 L3_Port: RX: 0E 00 01 03 49 06 15 BF 3F 00 00 00 00 00 00 00 00 00 00 00 00 00 00 
2026/Jun/17 06:17:34.758793 PORTEVENT TC_26_7_2_2.ttcn3:123 Message enqueued on L from system octetstring : '0E000103490615BF3F0000000000000000000000000000'O id 29
2026/Jun/17 06:17:34.758811 USER TC_26_7_2_2.ttcn3:123 L3_Port: Message delivered to TTCN-3
2026/Jun/17 06:17:35.746134 USER TC_26_7_2_2.ttcn3:123 L3_Port: Received 39 bytes
2026/Jun/17 06:17:35.746206 USER TC_26_7_2_2.ttcn3:123 L3_Port: RAW GSMTAP hdr->arfcn=0x4033 RxArfcn=0x4033 Uplink=1 Chan=135 Len=23
2026/Jun/17 06:17:35.746227 USER TC_26_7_2_2.ttcn3:123 L3_Port: RX: 0E 00 01 03 49 06 15 BF 3F 00 00 00 00 00 00 00 00 00 00 00 00 00 00 
2026/Jun/17 06:17:35.746248 PORTEVENT TC_26_7_2_2.ttcn3:123 Message enqueued on L from system octetstring : '0E000103490615BF3F0000000000000000000000000000'O id 30
2026/Jun/17 06:17:35.746269 USER TC_26_7_2_2.ttcn3:123 L3_Port: Message delivered to TTCN-3
2026/Jun/17 06:17:36.830890 USER TC_26_7_2_2.ttcn3:123 L3_Port: Received 39 bytes
2026/Jun/17 06:17:36.830948 USER TC_26_7_2_2.ttcn3:123 L3_Port: RAW GSMTAP hdr->arfcn=0x4033 RxArfcn=0x4033 Uplink=1 Chan=135 Len=23
2026/Jun/17 06:17:36.830963 USER TC_26_7_2_2.ttcn3:123 L3_Port: RX: 0E 00 01 03 49 06 15 BF 3F 00 00 00 00 00 00 00 00 00 00 00 00 00 00 
2026/Jun/17 06:17:36.830978 PORTEVENT TC_26_7_2_2.ttcn3:123 Message enqueued on L from system octetstring : '0E000103490615BF3F0000000000000000000000000000'O id 31
2026/Jun/17 06:17:36.830991 USER TC_26_7_2_2.ttcn3:123 L3_Port: Message delivered to TTCN-3
2026/Jun/17 06:17:37.183385 TIMEROP TC_26_7_2_2.ttcn3:128 Timeout T_lu_drain: 5 s
2026/Jun/17 06:17:37.183445 USER TC_26_7_2_2.ttcn3:132 TC_26_7_2_2: triggering MO call via VTY
2026/Jun/17 06:17:37.183472 USER GSM_Component_Definitions.ttcn3:455 VTY: Sending command: "enable"
2026/Jun/17 06:17:37.183515 PORTEVENT GSM_Component_Definitions.ttcn3:456 Sent on VTY to system charstring : "enable"
2026/Jun/17 06:17:37.183546 USER GSM_Component_Definitions.ttcn3:456 VTY_PT: Sending command: "enable"
2026/Jun/17 06:17:37.383723 USER GSM_Component_Definitions.ttcn3:456 VTY_PT: Received response: 
% (MS 1)
% Trying to register with network International, 70...

% (MS 1)
% Power off!

% (MS 1)
% Trying to register with network International, 70...

% (MS 1)
% Trying to register with network International, 70...

% (MS 1)
% On Network, normal service: International, 70
enable
OsmocomBB(mobile)# 
OsmocomBB(mobile)# 
2026/Jun/17 06:17:37.383898 PORTEVENT GSM_Component_Definitions.ttcn3:456 Message enqueued on VTY from system charstring : "\r\n% (MS 1)\r\n% Trying to register with network International, 70...\r\n\r\n% (MS 1)\r\n% Power off!\r\n\r\n% (MS 1)\r\n% Trying to register with network International, 70...\r\n\r\n% (MS 1)\r\n% Trying to register with network International, 70...\r\n\r\n% (MS 1)\r\n% On Network, normal service: International, 70\r\nenable\r\nOsmocomBB(mobile)# \r\nOsmocomBB(mobile)# " id 1
2026/Jun/17 06:17:37.383959 TIMEROP GSM_Component_Definitions.ttcn3:459 Start timer T_vty: 5 s
2026/Jun/17 06:17:37.384028 PORTEVENT GSM_Component_Definitions.ttcn3:462 Receive operation on port VTY succeeded, message from system(): charstring : "\r\n% (MS 1)\r\n% Trying to register with network International, 70...\r\n\r\n% (MS 1)\r\n% Power off!\r\n\r\n% (MS 1)\r\n% Trying to register with network International, 70...\r\n\r\n% (MS 1)\r\n% Trying to register with network International, 70...\r\n\r\n% (MS 1)\r\n% On Network, normal service: International, 70\r\nenable\r\nOsmocomBB(mobile)# \r\nOsmocomBB(mobile)# " id 1
2026/Jun/17 06:17:37.384063 PORTEVENT GSM_Component_Definitions.ttcn3:462 Message with id 1 was extracted from the queue of VTY.
2026/Jun/17 06:17:37.384086 TIMEROP GSM_Component_Definitions.ttcn3:463 Stop timer T_vty: 5 s
2026/Jun/17 06:17:37.384092 USER GSM_Component_Definitions.ttcn3:464 VTY: Received response: "\r\n% (MS 1)\r\n% Trying to register with network International, 70...\r\n\r\n% (MS 1)\r\n% Power off!\r\n\r\n% (MS 1)\r\n% Trying to register with network International, 70...\r\n\r\n% (MS 1)\r\n% Trying to register with network International, 70...\r\n\r\n% (MS 1)\r\n% On Network, normal service: International, 70\r\nenable\r\nOsmocomBB(mobile)# \r\nOsmocomBB(mobile)# "
2026/Jun/17 06:17:37.384121 USER TC_26_7_2_2.ttcn3:134 TC_26_7_2_2: VTY enable(1): "\r\n% (MS 1)\r\n% Trying to register with network International, 70...\r\n\r\n% (MS 1)\r\n% Power off!\r\n\r\n% (MS 1)\r\n% Trying to register with network International, 70...\r\n\r\n% (MS 1)\r\n% Trying to register with network International, 70...\r\n\r\n% (MS 1)\r\n% On Network, normal service: International, 70\r\nenable\r\nOsmocomBB(mobile)# \r\nOsmocomBB(mobile)# "
2026/Jun/17 06:17:37.384142 USER GSM_Component_Definitions.ttcn3:455 VTY: Sending command: "enable"
2026/Jun/17 06:17:37.384150 PORTEVENT GSM_Component_Definitions.ttcn3:456 Sent on VTY to system charstring : "enable"
2026/Jun/17 06:17:37.384159 USER GSM_Component_Definitions.ttcn3:456 VTY_PT: Sending command: "enable"
2026/Jun/17 06:17:37.584306 USER GSM_Component_Definitions.ttcn3:456 VTY_PT: Received response: enable
% Unknown command.
OsmocomBB(mobile)# 
OsmocomBB(mobile)# 
2026/Jun/17 06:17:37.584414 PORTEVENT GSM_Component_Definitions.ttcn3:456 Message enqueued on VTY from system charstring : "enable\r\n% Unknown command.\r\nOsmocomBB(mobile)# \r\nOsmocomBB(mobile)# " id 2
2026/Jun/17 06:17:37.584444 TIMEROP GSM_Component_Definitions.ttcn3:459 Start timer T_vty: 5 s
2026/Jun/17 06:17:37.584477 PORTEVENT GSM_Component_Definitions.ttcn3:462 Receive operation on port VTY succeeded, message from system(): charstring : "enable\r\n% Unknown command.\r\nOsmocomBB(mobile)# \r\nOsmocomBB(mobile)# " id 2
2026/Jun/17 06:17:37.584492 PORTEVENT GSM_Component_Definitions.ttcn3:462 Message with id 2 was extracted from the queue of VTY.
2026/Jun/17 06:17:37.584503 TIMEROP GSM_Component_Definitions.ttcn3:463 Stop timer T_vty: 5 s
2026/Jun/17 06:17:37.584514 USER GSM_Component_Definitions.ttcn3:464 VTY: Received response: "enable\r\n% Unknown command.\r\nOsmocomBB(mobile)# \r\nOsmocomBB(mobile)# "
2026/Jun/17 06:17:37.584540 USER TC_26_7_2_2.ttcn3:136 TC_26_7_2_2: VTY enable(2): "enable\r\n% Unknown command.\r\nOsmocomBB(mobile)# \r\nOsmocomBB(mobile)# "
2026/Jun/17 06:17:37.584562 USER GSM_Component_Definitions.ttcn3:455 VTY: Sending command: "call 1 12345"
2026/Jun/17 06:17:37.584580 PORTEVENT GSM_Component_Definitions.ttcn3:456 Sent on VTY to system charstring : "call 1 12345"
2026/Jun/17 06:17:37.584594 USER GSM_Component_Definitions.ttcn3:456 VTY_PT: Sending command: "call 1 12345"
2026/Jun/17 06:17:37.784779 USER GSM_Component_Definitions.ttcn3:456 VTY_PT: Received response: call 1 12345
OsmocomBB(mobile)# 
OsmocomBB(mobile)# 
2026/Jun/17 06:17:37.784913 PORTEVENT GSM_Component_Definitions.ttcn3:456 Message enqueued on VTY from system charstring : "call 1 12345\r\nOsmocomBB(mobile)# \r\nOsmocomBB(mobile)# " id 3
2026/Jun/17 06:17:37.784946 TIMEROP GSM_Component_Definitions.ttcn3:459 Start timer T_vty: 5 s
2026/Jun/17 06:17:37.784993 PORTEVENT GSM_Component_Definitions.ttcn3:462 Receive operation on port VTY succeeded, message from system(): charstring : "call 1 12345\r\nOsmocomBB(mobile)# \r\nOsmocomBB(mobile)# " id 3
2026/Jun/17 06:17:37.785009 PORTEVENT GSM_Component_Definitions.ttcn3:462 Message with id 3 was extracted from the queue of VTY.
2026/Jun/17 06:17:37.785020 TIMEROP GSM_Component_Definitions.ttcn3:463 Stop timer T_vty: 5 s
2026/Jun/17 06:17:37.785031 USER GSM_Component_Definitions.ttcn3:464 VTY: Received response: "call 1 12345\r\nOsmocomBB(mobile)# \r\nOsmocomBB(mobile)# "
2026/Jun/17 06:17:37.785056 USER TC_26_7_2_2.ttcn3:138 TC_26_7_2_2: VTY call: "call 1 12345\r\nOsmocomBB(mobile)# \r\nOsmocomBB(mobile)# "
2026/Jun/17 06:17:37.785077 USER TC_26_7_2_2.ttcn3:141 TC_26_7_2_2: waiting for CM SERVICE REQUEST...
2026/Jun/17 06:17:37.785090 TIMEROP TC_26_7_2_2.ttcn3:143 Start timer T_cm: 20 s
2026/Jun/17 06:17:37.785125 USER TC_26_7_2_2.ttcn3:144 L3_Port: Received 39 bytes
2026/Jun/17 06:17:37.785141 USER TC_26_7_2_2.ttcn3:144 L3_Port: RAW GSMTAP hdr->arfcn=0x4033 RxArfcn=0x4033 Uplink=1 Chan=7 Len=23
2026/Jun/17 06:17:37.785159 USER TC_26_7_2_2.ttcn3:144 L3_Port: RX: 03 41 01 2B 2B 2B 2B 2B 2B 2B 2B 2B 2B 2B 2B 2B 2B 2B 2B 2B 2B 2B 2B 
2026/Jun/17 06:17:37.785177 PORTEVENT TC_26_7_2_2.ttcn3:144 Message enqueued on L from system octetstring : '0341012B2B2B2B2B2B2B2B2B2B2B2B2B2B2B2B2B2B2B2B'O id 32
2026/Jun/17 06:17:37.785190 USER TC_26_7_2_2.ttcn3:144 L3_Port: Message delivered to TTCN-3
2026/Jun/17 06:17:37.785210 USER TC_26_7_2_2.ttcn3:144 L3_Port: Received 39 bytes
2026/Jun/17 06:17:37.785225 USER TC_26_7_2_2.ttcn3:144 L3_Port: RAW GSMTAP hdr->arfcn=0x4033 RxArfcn=0x4033 Uplink=1 Chan=7 Len=23
2026/Jun/17 06:17:37.785241 USER TC_26_7_2_2.ttcn3:144 L3_Port: RX: 01 53 01 2B 2B 2B 2B 2B 2B 2B 2B 2B 2B 2B 2B 2B 2B 2B 2B 2B 2B 2B 2B 
2026/Jun/17 06:17:37.785256 PORTEVENT TC_26_7_2_2.ttcn3:144 Message enqueued on L from system octetstring : '0153012B2B2B2B2B2B2B2B2B2B2B2B2B2B2B2B2B2B2B2B'O id 33
2026/Jun/17 06:17:37.785267 USER TC_26_7_2_2.ttcn3:144 L3_Port: Message delivered to TTCN-3
2026/Jun/17 06:17:38.015564 USER TC_26_7_2_2.ttcn3:144 MSC_Port: RX: {"type": "EVENT_CM_SERVICE_REQUEST", "bsc_slr": 3, "cm_service_type": 1, "cm_service_type_name": "MO call / Packet"}
2026/Jun/17 06:17:38.015627 PORTEVENT TC_26_7_2_2.ttcn3:144 Message enqueued on MSC from system charstring : "{\"type\": \"EVENT_CM_SERVICE_REQUEST\", \"bsc_slr\": 3, \"cm_service_type\": 1, \"cm_service_type_name\": \"MO call / Packet\"}" id 21
2026/Jun/17 06:17:38.015650 PORTEVENT TC_26_7_2_2.ttcn3:145 Receive operation on port MSC succeeded, message from system(): charstring : "{\"type\": \"EVENT_CM_SERVICE_REQUEST\", \"bsc_slr\": 3, \"cm_service_type\": 1, \"cm_service_type_name\": \"MO call / Packet\"}" id 21
2026/Jun/17 06:17:38.015659 PORTEVENT TC_26_7_2_2.ttcn3:145 Message with id 21 was extracted from the queue of MSC.
2026/Jun/17 06:17:38.015765 USER GSM_Functions.ttcn3:365 f_extractJsonInt: Searching for key '"bsc_slr"' in JSON: "{\"type\": \"EVENT_CM_SERVICE_REQUEST\", \"bsc_slr\": 3, \"cm_service_type\": 1, \"cm_service_type_name\": \"MO call / Packet\"}"
2026/Jun/17 06:17:38.015790 USER GSM_Functions.ttcn3:372 f_extractJsonInt: Found key at position 37 (pattern: "\"bsc_slr\":")
2026/Jun/17 06:17:38.015806 USER GSM_Functions.ttcn3:422 f_extractJsonInt: Extracted number string '"3"' => integer 3
2026/Jun/17 06:17:38.015814 USER TC_26_7_2_2.ttcn3:148 TC_26_7_2_2: CM SERVICE REQUEST bsc_slr=3
2026/Jun/17 06:17:38.015836 TIMEROP TC_26_7_2_2.ttcn3:149 Stop timer T_cm: 20 s
2026/Jun/17 06:17:38.015850 USER TC_26_7_2_2.ttcn3:165 TC_26_7_2_2: sending AUTH REQUEST
2026/Jun/17 06:17:38.015862 PORTEVENT TC_26_7_2_2.ttcn3:166 Sent on MSC to system charstring : "{\"command\": \"CMD_SEND_AUTH_REQ\", \"params\": {\"bsc_slr\": 3, \"cksn\": 2, \"rand\": \"0123456789abcdef0123456789abcdef\"}}"
2026/Jun/17 06:17:38.015900 USER TC_26_7_2_2.ttcn3:166 MSC_Port: TX: {"command": "CMD_SEND_AUTH_REQ", "params": {"bsc_slr": 3, "cksn": 2, "rand": "0123456789abcdef0123456789abcdef"}}
2026/Jun/17 06:17:38.015917 TIMEROP TC_26_7_2_2.ttcn3:171 Start timer T_auth_wait: 5 s
2026/Jun/17 06:17:38.016189 USER TC_26_7_2_2.ttcn3:172 MSC_Port: RX: {"status": "ok", "sent": true}
2026/Jun/17 06:17:38.016197 PORTEVENT TC_26_7_2_2.ttcn3:172 Message enqueued on MSC from system charstring : "{\"status\": \"ok\", \"sent\": true}" id 22
2026/Jun/17 06:17:38.016205 PORTEVENT TC_26_7_2_2.ttcn3:173 Receive operation on port MSC succeeded, message from system(): charstring : "{\"status\": \"ok\", \"sent\": true}" id 22
2026/Jun/17 06:17:38.016209 PORTEVENT TC_26_7_2_2.ttcn3:173 Message with id 22 was extracted from the queue of MSC.
2026/Jun/17 06:17:38.016236 USER TC_26_7_2_2.ttcn3:178 TC_26_7_2_2: (auth wait) ignoring: "{\"status\": \"ok\", \"sent\": true}"
2026/Jun/17 06:17:38.488614 USER TC_26_7_2_2.ttcn3:172 MSC_Port: RX: {"type": "EVENT_DTAP", "bsc_slr": 3, "pd": 5, "msg_type": 20}
2026/Jun/17 06:17:38.488701 PORTEVENT TC_26_7_2_2.ttcn3:172 Message enqueued on MSC from system charstring : "{\"type\": \"EVENT_DTAP\", \"bsc_slr\": 3, \"pd\": 5, \"msg_type\": 20}" id 23
2026/Jun/17 06:17:38.488740 PORTEVENT TC_26_7_2_2.ttcn3:173 Receive operation on port MSC succeeded, message from system(): charstring : "{\"type\": \"EVENT_DTAP\", \"bsc_slr\": 3, \"pd\": 5, \"msg_type\": 20}" id 23
2026/Jun/17 06:17:38.488757 PORTEVENT TC_26_7_2_2.ttcn3:173 Message with id 23 was extracted from the queue of MSC.
2026/Jun/17 06:17:38.488891 USER TC_26_7_2_2.ttcn3:178 TC_26_7_2_2: (auth wait) ignoring: "{\"type\": \"EVENT_DTAP\", \"bsc_slr\": 3, \"pd\": 5, \"msg_type\": 20}"
2026/Jun/17 06:17:38.488941 USER TC_26_7_2_2.ttcn3:172 MSC_Port: RX: {"type": "EVENT_AUTH_RESPONSE", "bsc_slr": 3, "sres": "51e2bd26"}
2026/Jun/17 06:17:38.488966 PORTEVENT TC_26_7_2_2.ttcn3:172 Message enqueued on MSC from system charstring : "{\"type\": \"EVENT_AUTH_RESPONSE\", \"bsc_slr\": 3, \"sres\": \"51e2bd26\"}" id 24
2026/Jun/17 06:17:38.488987 PORTEVENT TC_26_7_2_2.ttcn3:173 Receive operation on port MSC succeeded, message from system(): charstring : "{\"type\": \"EVENT_AUTH_RESPONSE\", \"bsc_slr\": 3, \"sres\": \"51e2bd26\"}" id 24
2026/Jun/17 06:17:38.488999 PORTEVENT TC_26_7_2_2.ttcn3:173 Message with id 24 was extracted from the queue of MSC.
2026/Jun/17 06:17:38.489153 USER TC_26_7_2_2.ttcn3:175 TC_26_7_2_2: AUTH RESPONSE received
2026/Jun/17 06:17:38.489173 TIMEROP TC_26_7_2_2.ttcn3:176 Stop timer T_auth_wait: 5 s
2026/Jun/17 06:17:38.489192 USER TC_26_7_2_2.ttcn3:187 TC_26_7_2_2: sending AUTH REJECT
2026/Jun/17 06:17:38.489216 PORTEVENT TC_26_7_2_2.ttcn3:188 Sent on MSC to system charstring : "{\"command\": \"CMD_SEND_AUTH_REJECT\", \"params\": {\"bsc_slr\": 3}}"
2026/Jun/17 06:17:38.489288 USER TC_26_7_2_2.ttcn3:188 MSC_Port: TX: {"command": "CMD_SEND_AUTH_REJECT", "params": {"bsc_slr": 3}}
2026/Jun/17 06:17:38.489307 USER TC_26_7_2_2.ttcn3:194 "TC_26_7_2_2: SUB-TEST 1 " & char(0, 0, 32, 20) & " NoReaction 5s after AUTH REJECT"
2026/Jun/17 06:17:38.489336 TIMEROP TC_26_7_2_2.ttcn3:196 Start timer T_no_react: 5 s
2026/Jun/17 06:17:38.489984 USER TC_26_7_2_2.ttcn3:198 MSC_Port: RX: {"status": "ok", "sent": true}
2026/Jun/17 06:17:38.490017 PORTEVENT TC_26_7_2_2.ttcn3:198 Message enqueued on MSC from system charstring : "{\"status\": \"ok\", \"sent\": true}" id 25
2026/Jun/17 06:17:38.490037 PORTEVENT TC_26_7_2_2.ttcn3:199 Receive operation on port MSC succeeded, message from system(): charstring : "{\"status\": \"ok\", \"sent\": true}" id 25
2026/Jun/17 06:17:38.490048 PORTEVENT TC_26_7_2_2.ttcn3:199 Message with id 25 was extracted from the queue of MSC.
2026/Jun/17 06:17:38.490286 USER TC_26_7_2_2.ttcn3:207 "TC_26_7_2_2: SUB-TEST 1 " & char(0, 0, 32, 20) & " stub ACK (OK): ""{\"status\": \"ok\", \"sent\": true}"
2026/Jun/17 06:17:39.491069 USER TC_26_7_2_2.ttcn3:198 MSC_Port: RX: {"type": "HEARTBEAT"}
2026/Jun/17 06:17:39.491156 PORTEVENT TC_26_7_2_2.ttcn3:198 Message enqueued on MSC from system charstring : "{\"type\": \"HEARTBEAT\"}" id 26
2026/Jun/17 06:17:39.491195 PORTEVENT TC_26_7_2_2.ttcn3:199 Receive operation on port MSC succeeded, message from system(): charstring : "{\"type\": \"HEARTBEAT\"}" id 26
2026/Jun/17 06:17:39.491226 PORTEVENT TC_26_7_2_2.ttcn3:199 Message with id 26 was extracted from the queue of MSC.
2026/Jun/17 06:17:39.491545 USER TC_26_7_2_2.ttcn3:215 "TC_26_7_2_2: SUB-TEST 1 " & char(0, 0, 32, 20) & " ignoring: ""{\"type\": \"HEARTBEAT\"}"
2026/Jun/17 06:17:43.491851 TIMEROP TC_26_7_2_2.ttcn3:219 Timeout T_no_react: 5 s
2026/Jun/17 06:17:43.491909 USER TC_26_7_2_2.ttcn3:220 "TC_26_7_2_2: SUB-TEST 1 PASS " & char(0, 0, 32, 20) & " no MS L3 messages in 5s"
2026/Jun/17 06:17:43.491948 PORTEVENT TC_26_7_2_2.ttcn3:225 Sent on MSC to system charstring : "{\"command\": \"CMD_SEND_CLEAR_CMD\", \"params\": {\"bsc_slr\": 3, \"cause\": 0}}"
2026/Jun/17 06:17:43.491999 USER TC_26_7_2_2.ttcn3:225 MSC_Port: TX: {"command": "CMD_SEND_CLEAR_CMD", "params": {"bsc_slr": 3, "cause": 0}}
2026/Jun/17 06:17:43.492011 PORTEVENT TC_26_7_2_2.ttcn3:227 Sent on MSC to system charstring : "{\"command\": \"CLEAR\", \"params\": {}}"
2026/Jun/17 06:17:43.492018 USER TC_26_7_2_2.ttcn3:227 MSC_Port: TX: {"command": "CLEAR", "params": {}}
2026/Jun/17 06:17:43.492026 TIMEROP TC_26_7_2_2.ttcn3:228 Start timer T_rel_wait: 3 s
2026/Jun/17 06:17:43.492526 USER TC_26_7_2_2.ttcn3:228 MSC_Port: RX: {"status": "ok"}
2026/Jun/17 06:17:43.492537 PORTEVENT TC_26_7_2_2.ttcn3:228 Message enqueued on MSC from system charstring : "{\"status\": \"ok\"}" id 27
2026/Jun/17 06:17:43.492780 USER TC_26_7_2_2.ttcn3:228 MSC_Port: RX: {"status": "ok"}
2026/Jun/17 06:17:43.492788 PORTEVENT TC_26_7_2_2.ttcn3:228 Message enqueued on MSC from system charstring : "{\"status\": \"ok\"}" id 28
2026/Jun/17 06:17:43.532957 USER TC_26_7_2_2.ttcn3:228 MSC_Port: RX: {"type": "EVENT_BSSMAP_CLEAR_COMPLETE", "bsc_slr": 3}
2026/Jun/17 06:17:43.533046 PORTEVENT TC_26_7_2_2.ttcn3:228 Message enqueued on MSC from system charstring : "{\"type\": \"EVENT_BSSMAP_CLEAR_COMPLETE\", \"bsc_slr\": 3}" id 29
2026/Jun/17 06:17:43.807231 USER TC_26_7_2_2.ttcn3:228 VTY_PT: Received data (buffered): 38 bytes
2026/Jun/17 06:17:44.493045 USER TC_26_7_2_2.ttcn3:228 MSC_Port: RX: {"type": "HEARTBEAT"}
2026/Jun/17 06:17:44.493136 PORTEVENT TC_26_7_2_2.ttcn3:228 Message enqueued on MSC from system charstring : "{\"type\": \"HEARTBEAT\"}" id 30
2026/Jun/17 06:17:45.832646 USER TC_26_7_2_2.ttcn3:228 VTY_PT: Received data (buffered): 62 bytes
2026/Jun/17 06:17:46.492040 TIMEROP TC_26_7_2_2.ttcn3:228 Timeout T_rel_wait: 3 s
2026/Jun/17 06:17:46.492104 USER TC_26_7_2_2.ttcn3:233 "TC_26_7_2_2: SUB-TEST 2 " & char(0, 0, 32, 20) & " no LU for 10s in restricted state"
2026/Jun/17 06:17:46.492142 TIMEROP TC_26_7_2_2.ttcn3:235 Start timer T_no_lu: 10 s
2026/Jun/17 06:17:46.492162 PORTEVENT TC_26_7_2_2.ttcn3:238 Receive operation on port MSC succeeded, message from system(): charstring : "{\"status\": \"ok\"}" id 27
2026/Jun/17 06:17:46.492175 PORTEVENT TC_26_7_2_2.ttcn3:238 Message with id 27 was extracted from the queue of MSC.
2026/Jun/17 06:17:46.492234 USER TC_26_7_2_2.ttcn3:244 TC_26_7_2_2: (no-LU monitor) ignoring: "{\"status\": \"ok\"}"
2026/Jun/17 06:17:46.492249 PORTEVENT TC_26_7_2_2.ttcn3:238 Receive operation on port MSC succeeded, message from system(): charstring : "{\"status\": \"ok\"}" id 28
2026/Jun/17 06:17:46.492255 PORTEVENT TC_26_7_2_2.ttcn3:238 Message with id 28 was extracted from the queue of MSC.
2026/Jun/17 06:17:46.492277 USER TC_26_7_2_2.ttcn3:244 TC_26_7_2_2: (no-LU monitor) ignoring: "{\"status\": \"ok\"}"
2026/Jun/17 06:17:46.492291 PORTEVENT TC_26_7_2_2.ttcn3:238 Receive operation on port MSC succeeded, message from system(): charstring : "{\"type\": \"EVENT_BSSMAP_CLEAR_COMPLETE\", \"bsc_slr\": 3}" id 29
2026/Jun/17 06:17:46.492298 PORTEVENT TC_26_7_2_2.ttcn3:238 Message with id 29 was extracted from the queue of MSC.
2026/Jun/17 06:17:46.492335 USER TC_26_7_2_2.ttcn3:244 TC_26_7_2_2: (no-LU monitor) ignoring: "{\"type\": \"EVENT_BSSMAP_CLEAR_COMPLETE\", \"bsc_slr\": 3}"
2026/Jun/17 06:17:46.492350 PORTEVENT TC_26_7_2_2.ttcn3:238 Receive operation on port MSC succeeded, message from system(): charstring : "{\"type\": \"HEARTBEAT\"}" id 30
2026/Jun/17 06:17:46.492366 PORTEVENT TC_26_7_2_2.ttcn3:238 Message with id 30 was extracted from the queue of MSC.
2026/Jun/17 06:17:46.492388 USER TC_26_7_2_2.ttcn3:244 TC_26_7_2_2: (no-LU monitor) ignoring: "{\"type\": \"HEARTBEAT\"}"
2026/Jun/17 06:17:47.892508 USER TC_26_7_2_2.ttcn3:237 L3_Port: Received 17 bytes
2026/Jun/17 06:17:47.892573 USER TC_26_7_2_2.ttcn3:237 L3_Port: RAW GSMTAP hdr->arfcn=0x4033 RxArfcn=0x4033 Uplink=1 Chan=3 Len=1
2026/Jun/17 06:17:47.892581 USER TC_26_7_2_2.ttcn3:237 L3_Port: RX: 80 
2026/Jun/17 06:17:47.892591 PORTEVENT TC_26_7_2_2.ttcn3:237 Message enqueued on L from system octetstring : '8000005EEC'O id 34
2026/Jun/17 06:17:47.892600 USER TC_26_7_2_2.ttcn3:237 L3_Port: Message delivered to TTCN-3
2026/Jun/17 06:17:47.984520 USER TC_26_7_2_2.ttcn3:237 L3_Port: Received 39 bytes
2026/Jun/17 06:17:47.984579 USER TC_26_7_2_2.ttcn3:237 L3_Port: RAW GSMTAP hdr->arfcn=0x4033 RxArfcn=0x4033 Uplink=1 Chan=135 Len=23
2026/Jun/17 06:17:47.984598 USER TC_26_7_2_2.ttcn3:237 L3_Port: RX: 0E 00 01 03 49 06 15 80 40 00 00 00 00 00 00 00 00 00 00 00 00 00 00 
2026/Jun/17 06:17:47.984616 PORTEVENT TC_26_7_2_2.ttcn3:237 Message enqueued on L from system octetstring : '0E00010349061580400000000000000000000000000000'O id 35
2026/Jun/17 06:17:47.984634 USER TC_26_7_2_2.ttcn3:237 L3_Port: Message delivered to TTCN-3
2026/Jun/17 06:17:48.128961 USER TC_26_7_2_2.ttcn3:237 L3_Port: Received 39 bytes
2026/Jun/17 06:17:48.129026 USER TC_26_7_2_2.ttcn3:237 L3_Port: RAW GSMTAP hdr->arfcn=0x4033 RxArfcn=0x4033 Uplink=1 Chan=7 Len=23
2026/Jun/17 06:17:48.129046 USER TC_26_7_2_2.ttcn3:237 L3_Port: RX: 01 3F 35 06 27 07 03 33 1F 01 05 F4 12 34 56 78 2B 2B 2B 2B 2B 2B 2B 
2026/Jun/17 06:17:48.129067 PORTEVENT TC_26_7_2_2.ttcn3:237 Message enqueued on L from system octetstring : '013F3506270703331F0105F4123456782B2B2B2B2B2B2B'O id 36
2026/Jun/17 06:17:48.129086 USER TC_26_7_2_2.ttcn3:237 L3_Port: Message delivered to TTCN-3
2026/Jun/17 06:17:49.068718 USER TC_26_7_2_2.ttcn3:237 L3_Port: Received 39 bytes
2026/Jun/17 06:17:49.068773 USER TC_26_7_2_2.ttcn3:237 L3_Port: RAW GSMTAP hdr->arfcn=0x4033 RxArfcn=0x4033 Uplink=1 Chan=135 Len=23
2026/Jun/17 06:17:49.068784 USER TC_26_7_2_2.ttcn3:237 L3_Port: RX: 0E 00 01 03 49 06 15 BF 3F 00 00 00 00 00 00 00 00 00 00 00 00 00 00 
2026/Jun/17 06:17:49.068796 PORTEVENT TC_26_7_2_2.ttcn3:237 Message enqueued on L from system octetstring : '0E000103490615BF3F0000000000000000000000000000'O id 37
2026/Jun/17 06:17:49.068808 USER TC_26_7_2_2.ttcn3:237 L3_Port: Message delivered to TTCN-3
2026/Jun/17 06:17:49.254004 USER TC_26_7_2_2.ttcn3:237 L3_Port: Received 39 bytes
2026/Jun/17 06:17:49.254057 USER TC_26_7_2_2.ttcn3:237 L3_Port: RAW GSMTAP hdr->arfcn=0x4033 RxArfcn=0x4033 Uplink=1 Chan=7 Len=23
2026/Jun/17 06:17:49.254071 USER TC_26_7_2_2.ttcn3:237 L3_Port: RX: 03 21 01 2B 2B 2B 2B 2B 2B 2B 2B 2B 2B 2B 2B 2B 2B 2B 2B 2B 2B 2B 2B 
2026/Jun/17 06:17:49.254085 PORTEVENT TC_26_7_2_2.ttcn3:237 Message enqueued on L from system octetstring : '0321012B2B2B2B2B2B2B2B2B2B2B2B2B2B2B2B2B2B2B2B'O id 38
2026/Jun/17 06:17:49.254098 USER TC_26_7_2_2.ttcn3:237 L3_Port: Message delivered to TTCN-3
2026/Jun/17 06:17:49.254315 USER TC_26_7_2_2.ttcn3:237 L3_Port: Received 39 bytes
2026/Jun/17 06:17:49.254326 USER TC_26_7_2_2.ttcn3:237 L3_Port: RAW GSMTAP hdr->arfcn=0x4033 RxArfcn=0x4033 Uplink=1 Chan=7 Len=23
2026/Jun/17 06:17:49.254336 USER TC_26_7_2_2.ttcn3:237 L3_Port: RX: 01 20 19 83 2A 08 02 E0 D8 2B 2B 2B 2B 2B 2B 2B 2B 2B 2B 2B 2B 2B 2B 
2026/Jun/17 06:17:49.254345 PORTEVENT TC_26_7_2_2.ttcn3:237 Message enqueued on L from system octetstring : '012019832A0802E0D82B2B2B2B2B2B2B2B2B2B2B2B2B2B'O id 39
2026/Jun/17 06:17:49.254353 USER TC_26_7_2_2.ttcn3:237 L3_Port: Message delivered to TTCN-3
2026/Jun/17 06:17:49.498076 USER TC_26_7_2_2.ttcn3:237 MSC_Port: RX: {"type": "HEARTBEAT"}
2026/Jun/17 06:17:49.498173 PORTEVENT TC_26_7_2_2.ttcn3:237 Message enqueued on MSC from system charstring : "{\"type\": \"HEARTBEAT\"}" id 31
2026/Jun/17 06:17:49.498227 PORTEVENT TC_26_7_2_2.ttcn3:238 Receive operation on port MSC succeeded, message from system(): charstring : "{\"type\": \"HEARTBEAT\"}" id 31
2026/Jun/17 06:17:49.498244 PORTEVENT TC_26_7_2_2.ttcn3:238 Message with id 31 was extracted from the queue of MSC.
2026/Jun/17 06:17:49.498332 USER TC_26_7_2_2.ttcn3:244 TC_26_7_2_2: (no-LU monitor) ignoring: "{\"type\": \"HEARTBEAT\"}"
2026/Jun/17 06:17:49.724727 USER TC_26_7_2_2.ttcn3:237 L3_Port: Received 39 bytes
2026/Jun/17 06:17:49.724788 USER TC_26_7_2_2.ttcn3:237 L3_Port: RAW GSMTAP hdr->arfcn=0x4033 RxArfcn=0x4033 Uplink=1 Chan=7 Len=23
2026/Jun/17 06:17:49.724799 USER TC_26_7_2_2.ttcn3:237 L3_Port: RX: 03 41 01 2B 2B 2B 2B 2B 2B 2B 2B 2B 2B 2B 2B 2B 2B 2B 2B 2B 2B 2B 2B 
2026/Jun/17 06:17:49.724814 PORTEVENT TC_26_7_2_2.ttcn3:237 Message enqueued on L from system octetstring : '0341012B2B2B2B2B2B2B2B2B2B2B2B2B2B2B2B2B2B2B2B'O id 40
2026/Jun/17 06:17:49.724844 USER TC_26_7_2_2.ttcn3:237 L3_Port: Message delivered to TTCN-3
2026/Jun/17 06:17:49.725044 USER TC_26_7_2_2.ttcn3:237 L3_Port: Received 39 bytes
2026/Jun/17 06:17:49.725052 USER TC_26_7_2_2.ttcn3:237 L3_Port: RAW GSMTAP hdr->arfcn=0x4033 RxArfcn=0x4033 Uplink=1 Chan=7 Len=23
2026/Jun/17 06:17:49.725060 USER TC_26_7_2_2.ttcn3:237 L3_Port: RX: 01 42 19 83 6A 08 02 E1 D1 2B 2B 2B 2B 2B 2B 2B 2B 2B 2B 2B 2B 2B 2B 
2026/Jun/17 06:17:49.725066 PORTEVENT TC_26_7_2_2.ttcn3:237 Message enqueued on L from system octetstring : '014219836A0802E1D12B2B2B2B2B2B2B2B2B2B2B2B2B2B'O id 41
2026/Jun/17 06:17:49.725072 USER TC_26_7_2_2.ttcn3:237 L3_Port: Message delivered to TTCN-3
2026/Jun/17 06:17:50.010583 USER TC_26_7_2_2.ttcn3:237 L3_Port: Received 39 bytes
2026/Jun/17 06:17:50.010636 USER TC_26_7_2_2.ttcn3:237 L3_Port: RAW GSMTAP hdr->arfcn=0x4033 RxArfcn=0x4033 Uplink=1 Chan=135 Len=23
2026/Jun/17 06:17:50.010645 USER TC_26_7_2_2.ttcn3:237 L3_Port: RX: 0E 00 01 03 49 06 15 BF 3F 00 00 00 00 00 00 00 00 00 00 00 00 00 00 
2026/Jun/17 06:17:50.010658 PORTEVENT TC_26_7_2_2.ttcn3:237 Message enqueued on L from system octetstring : '0E000103490615BF3F0000000000000000000000000000'O id 42
2026/Jun/17 06:17:50.010670 USER TC_26_7_2_2.ttcn3:237 L3_Port: Message delivered to TTCN-3
2026/Jun/17 06:17:50.194990 USER TC_26_7_2_2.ttcn3:237 L3_Port: Received 39 bytes
2026/Jun/17 06:17:50.195044 USER TC_26_7_2_2.ttcn3:237 L3_Port: RAW GSMTAP hdr->arfcn=0x4033 RxArfcn=0x4033 Uplink=1 Chan=7 Len=23
2026/Jun/17 06:17:50.195055 USER TC_26_7_2_2.ttcn3:237 L3_Port: RX: 03 61 01 2B 2B 2B 2B 2B 2B 2B 2B 2B 2B 2B 2B 2B 2B 2B 2B 2B 2B 2B 2B 
2026/Jun/17 06:17:50.195067 PORTEVENT TC_26_7_2_2.ttcn3:237 Message enqueued on L from system octetstring : '0361012B2B2B2B2B2B2B2B2B2B2B2B2B2B2B2B2B2B2B2B'O id 43
2026/Jun/17 06:17:50.195080 USER TC_26_7_2_2.ttcn3:237 L3_Port: Message delivered to TTCN-3
2026/Jun/17 06:17:50.195558 USER TC_26_7_2_2.ttcn3:237 L3_Port: Received 39 bytes
2026/Jun/17 06:17:50.195568 USER TC_26_7_2_2.ttcn3:237 L3_Port: RAW GSMTAP hdr->arfcn=0x4033 RxArfcn=0x4033 Uplink=1 Chan=7 Len=23
2026/Jun/17 06:17:50.195576 USER TC_26_7_2_2.ttcn3:237 L3_Port: RX: 01 64 19 93 2A 08 02 E1 D1 2B 2B 2B 2B 2B 2B 2B 2B 2B 2B 2B 2B 2B 2B 
2026/Jun/17 06:17:50.195583 PORTEVENT TC_26_7_2_2.ttcn3:237 Message enqueued on L from system octetstring : '016419932A0802E1D12B2B2B2B2B2B2B2B2B2B2B2B2B2B'O id 44
2026/Jun/17 06:17:50.195590 USER TC_26_7_2_2.ttcn3:237 L3_Port: Message delivered to TTCN-3
2026/Jun/17 06:17:50.665862 USER TC_26_7_2_2.ttcn3:237 L3_Port: Received 39 bytes
2026/Jun/17 06:17:50.665925 USER TC_26_7_2_2.ttcn3:237 L3_Port: RAW GSMTAP hdr->arfcn=0x4033 RxArfcn=0x4033 Uplink=1 Chan=7 Len=23
2026/Jun/17 06:17:50.665938 USER TC_26_7_2_2.ttcn3:237 L3_Port: RX: 03 81 01 2B 2B 2B 2B 2B 2B 2B 2B 2B 2B 2B 2B 2B 2B 2B 2B 2B 2B 2B 2B 
2026/Jun/17 06:17:50.665951 PORTEVENT TC_26_7_2_2.ttcn3:237 Message enqueued on L from system octetstring : '0381012B2B2B2B2B2B2B2B2B2B2B2B2B2B2B2B2B2B2B2B'O id 45
2026/Jun/17 06:17:50.665963 USER TC_26_7_2_2.ttcn3:237 L3_Port: Message delivered to TTCN-3
2026/Jun/17 06:17:50.666194 USER TC_26_7_2_2.ttcn3:237 L3_Port: Received 39 bytes
2026/Jun/17 06:17:50.666215 USER TC_26_7_2_2.ttcn3:237 L3_Port: RAW GSMTAP hdr->arfcn=0x4033 RxArfcn=0x4033 Uplink=1 Chan=7 Len=23
2026/Jun/17 06:17:50.666224 USER TC_26_7_2_2.ttcn3:237 L3_Port: RX: 01 86 19 A3 6A 08 02 E1 D1 2B 2B 2B 2B 2B 2B 2B 2B 2B 2B 2B 2B 2B 2B 
2026/Jun/17 06:17:50.666232 PORTEVENT TC_26_7_2_2.ttcn3:237 Message enqueued on L from system octetstring : '018619A36A0802E1D12B2B2B2B2B2B2B2B2B2B2B2B2B2B'O id 46
2026/Jun/17 06:17:50.666240 USER TC_26_7_2_2.ttcn3:237 L3_Port: Message delivered to TTCN-3
2026/Jun/17 06:17:50.952436 USER TC_26_7_2_2.ttcn3:237 L3_Port: Received 39 bytes
2026/Jun/17 06:17:50.952496 USER TC_26_7_2_2.ttcn3:237 L3_Port: RAW GSMTAP hdr->arfcn=0x4033 RxArfcn=0x4033 Uplink=1 Chan=135 Len=23
2026/Jun/17 06:17:50.952506 USER TC_26_7_2_2.ttcn3:237 L3_Port: RX: 0E 00 01 03 49 06 15 BF 3F 00 00 00 00 00 00 00 00 00 00 00 00 00 00 
2026/Jun/17 06:17:50.952517 PORTEVENT TC_26_7_2_2.ttcn3:237 Message enqueued on L from system octetstring : '0E000103490615BF3F0000000000000000000000000000'O id 47
2026/Jun/17 06:17:50.952527 USER TC_26_7_2_2.ttcn3:237 L3_Port: Message delivered to TTCN-3
2026/Jun/17 06:17:51.136738 USER TC_26_7_2_2.ttcn3:237 L3_Port: Received 39 bytes
2026/Jun/17 06:17:51.136805 USER TC_26_7_2_2.ttcn3:237 L3_Port: RAW GSMTAP hdr->arfcn=0x4033 RxArfcn=0x4033 Uplink=1 Chan=7 Len=23
2026/Jun/17 06:17:51.136814 USER TC_26_7_2_2.ttcn3:237 L3_Port: RX: 03 A1 01 2B 2B 2B 2B 2B 2B 2B 2B 2B 2B 2B 2B 2B 2B 2B 2B 2B 2B 2B 2B 
2026/Jun/17 06:17:51.136840 PORTEVENT TC_26_7_2_2.ttcn3:237 Message enqueued on L from system octetstring : '03A1012B2B2B2B2B2B2B2B2B2B2B2B2B2B2B2B2B2B2B2B'O id 48
2026/Jun/17 06:17:51.136854 USER TC_26_7_2_2.ttcn3:237 L3_Port: Message delivered to TTCN-3
2026/Jun/17 06:17:51.137114 USER TC_26_7_2_2.ttcn3:237 L3_Port: Received 39 bytes
2026/Jun/17 06:17:51.137123 USER TC_26_7_2_2.ttcn3:237 L3_Port: RAW GSMTAP hdr->arfcn=0x4033 RxArfcn=0x4033 Uplink=1 Chan=7 Len=23
2026/Jun/17 06:17:51.137129 USER TC_26_7_2_2.ttcn3:237 L3_Port: RX: 01 A8 19 B3 2A 08 02 E1 D1 2B 2B 2B 2B 2B 2B 2B 2B 2B 2B 2B 2B 2B 2B 
2026/Jun/17 06:17:51.137134 PORTEVENT TC_26_7_2_2.ttcn3:237 Message enqueued on L from system octetstring : '01A819B32A0802E1D12B2B2B2B2B2B2B2B2B2B2B2B2B2B'O id 49
2026/Jun/17 06:17:51.137140 USER TC_26_7_2_2.ttcn3:237 L3_Port: Message delivered to TTCN-3
2026/Jun/17 06:17:51.608663 USER TC_26_7_2_2.ttcn3:237 L3_Port: Received 39 bytes
2026/Jun/17 06:17:51.608721 USER TC_26_7_2_2.ttcn3:237 L3_Port: RAW GSMTAP hdr->arfcn=0x4033 RxArfcn=0x4033 Uplink=1 Chan=7 Len=23
2026/Jun/17 06:17:51.608736 USER TC_26_7_2_2.ttcn3:237 L3_Port: RX: 03 C1 01 2B 2B 2B 2B 2B 2B 2B 2B 2B 2B 2B 2B 2B 2B 2B 2B 2B 2B 2B 2B 
2026/Jun/17 06:17:51.608753 PORTEVENT TC_26_7_2_2.ttcn3:237 Message enqueued on L from system octetstring : '03C1012B2B2B2B2B2B2B2B2B2B2B2B2B2B2B2B2B2B2B2B'O id 50
2026/Jun/17 06:17:51.608768 USER TC_26_7_2_2.ttcn3:237 L3_Port: Message delivered to TTCN-3
2026/Jun/17 06:17:51.608787 USER TC_26_7_2_2.ttcn3:237 L3_Port: Received 39 bytes
2026/Jun/17 06:17:51.608798 USER TC_26_7_2_2.ttcn3:237 L3_Port: RAW GSMTAP hdr->arfcn=0x4033 RxArfcn=0x4033 Uplink=1 Chan=7 Len=23
2026/Jun/17 06:17:51.608808 USER TC_26_7_2_2.ttcn3:237 L3_Port: RX: 01 CA 19 C3 6A 08 02 E1 D1 2B 2B 2B 2B 2B 2B 2B 2B 2B 2B 2B 2B 2B 2B 
2026/Jun/17 06:17:51.608818 PORTEVENT TC_26_7_2_2.ttcn3:237 Message enqueued on L from system octetstring : '01CA19C36A0802E1D12B2B2B2B2B2B2B2B2B2B2B2B2B2B'O id 51
2026/Jun/17 06:17:51.608850 USER TC_26_7_2_2.ttcn3:237 L3_Port: Message delivered to TTCN-3
2026/Jun/17 06:17:52.078542 USER TC_26_7_2_2.ttcn3:237 L3_Port: Received 39 bytes
2026/Jun/17 06:17:52.078630 USER TC_26_7_2_2.ttcn3:237 L3_Port: RAW GSMTAP hdr->arfcn=0x4033 RxArfcn=0x4033 Uplink=1 Chan=7 Len=23
2026/Jun/17 06:17:52.078652 USER TC_26_7_2_2.ttcn3:237 L3_Port: RX: 03 E1 01 2B 2B 2B 2B 2B 2B 2B 2B 2B 2B 2B 2B 2B 2B 2B 2B 2B 2B 2B 2B 
2026/Jun/17 06:17:52.078675 PORTEVENT TC_26_7_2_2.ttcn3:237 Message enqueued on L from system octetstring : '03E1012B2B2B2B2B2B2B2B2B2B2B2B2B2B2B2B2B2B2B2B'O id 52
2026/Jun/17 06:17:52.078712 USER TC_26_7_2_2.ttcn3:237 L3_Port: Message delivered to TTCN-3
2026/Jun/17 06:17:52.079358 USER TC_26_7_2_2.ttcn3:237 L3_Port: Received 39 bytes
2026/Jun/17 06:17:52.079388 USER TC_26_7_2_2.ttcn3:237 L3_Port: RAW GSMTAP hdr->arfcn=0x4033 RxArfcn=0x4033 Uplink=1 Chan=7 Len=23
2026/Jun/17 06:17:52.079405 USER TC_26_7_2_2.ttcn3:237 L3_Port: RX: 01 EC 19 D3 2A 08 02 E1 D1 2B 2B 2B 2B 2B 2B 2B 2B 2B 2B 2B 2B 2B 2B 
2026/Jun/17 06:17:52.079421 PORTEVENT TC_26_7_2_2.ttcn3:237 Message enqueued on L from system octetstring : '01EC19D32A0802E1D12B2B2B2B2B2B2B2B2B2B2B2B2B2B'O id 53
2026/Jun/17 06:17:52.079436 USER TC_26_7_2_2.ttcn3:237 L3_Port: Message delivered to TTCN-3
2026/Jun/17 06:17:52.221443 USER TC_26_7_2_2.ttcn3:237 L3_Port: Received 39 bytes
2026/Jun/17 06:17:52.221493 USER TC_26_7_2_2.ttcn3:237 L3_Port: RAW GSMTAP hdr->arfcn=0x4033 RxArfcn=0x4033 Uplink=1 Chan=135 Len=23
2026/Jun/17 06:17:52.221503 USER TC_26_7_2_2.ttcn3:237 L3_Port: RX: 0E 00 01 03 49 06 15 BF 3F 00 00 00 00 00 00 00 00 00 00 00 00 00 00 
2026/Jun/17 06:17:52.221515 PORTEVENT TC_26_7_2_2.ttcn3:237 Message enqueued on L from system octetstring : '0E000103490615BF3F0000000000000000000000000000'O id 54
2026/Jun/17 06:17:52.221524 USER TC_26_7_2_2.ttcn3:237 L3_Port: Message delivered to TTCN-3
2026/Jun/17 06:17:52.548735 USER TC_26_7_2_2.ttcn3:237 L3_Port: Received 39 bytes
2026/Jun/17 06:17:52.548784 USER TC_26_7_2_2.ttcn3:237 L3_Port: RAW GSMTAP hdr->arfcn=0x4033 RxArfcn=0x4033 Uplink=1 Chan=7 Len=23
2026/Jun/17 06:17:52.548793 USER TC_26_7_2_2.ttcn3:237 L3_Port: RX: 03 01 01 2B 2B 2B 2B 2B 2B 2B 2B 2B 2B 2B 2B 2B 2B 2B 2B 2B 2B 2B 2B 
2026/Jun/17 06:17:52.548803 PORTEVENT TC_26_7_2_2.ttcn3:237 Message enqueued on L from system octetstring : '0301012B2B2B2B2B2B2B2B2B2B2B2B2B2B2B2B2B2B2B2B'O id 55
2026/Jun/17 06:17:52.548814 USER TC_26_7_2_2.ttcn3:237 L3_Port: Message delivered to TTCN-3
2026/Jun/17 06:17:52.549018 USER TC_26_7_2_2.ttcn3:237 L3_Port: Received 39 bytes
2026/Jun/17 06:17:52.549027 USER TC_26_7_2_2.ttcn3:237 L3_Port: RAW GSMTAP hdr->arfcn=0x4033 RxArfcn=0x4033 Uplink=1 Chan=7 Len=23
2026/Jun/17 06:17:52.549033 USER TC_26_7_2_2.ttcn3:237 L3_Port: RX: 01 0E 19 E3 6A 08 02 E1 D1 2B 2B 2B 2B 2B 2B 2B 2B 2B 2B 2B 2B 2B 2B 
2026/Jun/17 06:17:52.549039 PORTEVENT TC_26_7_2_2.ttcn3:237 Message enqueued on L from system octetstring : '010E19E36A0802E1D12B2B2B2B2B2B2B2B2B2B2B2B2B2B'O id 56
2026/Jun/17 06:17:52.549043 USER TC_26_7_2_2.ttcn3:237 L3_Port: Message delivered to TTCN-3
2026/Jun/17 06:17:53.069866 USER TC_26_7_2_2.ttcn3:237 L3_Port: Received 39 bytes
2026/Jun/17 06:17:53.069937 USER TC_26_7_2_2.ttcn3:237 L3_Port: RAW GSMTAP hdr->arfcn=0x4033 RxArfcn=0x4033 Uplink=1 Chan=7 Len=23
2026/Jun/17 06:17:53.069949 USER TC_26_7_2_2.ttcn3:237 L3_Port: RX: 03 21 01 2B 2B 2B 2B 2B 2B 2B 2B 2B 2B 2B 2B 2B 2B 2B 2B 2B 2B 2B 2B 
2026/Jun/17 06:17:53.069960 PORTEVENT TC_26_7_2_2.ttcn3:237 Message enqueued on L from system octetstring : '0321012B2B2B2B2B2B2B2B2B2B2B2B2B2B2B2B2B2B2B2B'O id 57
2026/Jun/17 06:17:53.069971 USER TC_26_7_2_2.ttcn3:237 L3_Port: Message delivered to TTCN-3
2026/Jun/17 06:17:53.070143 USER TC_26_7_2_2.ttcn3:237 L3_Port: Received 39 bytes
2026/Jun/17 06:17:53.070151 USER TC_26_7_2_2.ttcn3:237 L3_Port: RAW GSMTAP hdr->arfcn=0x4033 RxArfcn=0x4033 Uplink=1 Chan=7 Len=23
2026/Jun/17 06:17:53.070158 USER TC_26_7_2_2.ttcn3:237 L3_Port: RX: 01 53 01 2B 2B 2B 2B 2B 2B 2B 2B 2B 2B 2B 2B 2B 2B 2B 2B 2B 2B 2B 2B 
2026/Jun/17 06:17:53.070165 PORTEVENT TC_26_7_2_2.ttcn3:237 Message enqueued on L from system octetstring : '0153012B2B2B2B2B2B2B2B2B2B2B2B2B2B2B2B2B2B2B2B'O id 58
2026/Jun/17 06:17:53.070170 USER TC_26_7_2_2.ttcn3:237 L3_Port: Message delivered to TTCN-3
2026/Jun/17 06:17:54.503012 USER TC_26_7_2_2.ttcn3:237 MSC_Port: RX: {"type": "HEARTBEAT"}
2026/Jun/17 06:17:54.503074 PORTEVENT TC_26_7_2_2.ttcn3:237 Message enqueued on MSC from system charstring : "{\"type\": \"HEARTBEAT\"}" id 32
2026/Jun/17 06:17:54.503094 PORTEVENT TC_26_7_2_2.ttcn3:238 Receive operation on port MSC succeeded, message from system(): charstring : "{\"type\": \"HEARTBEAT\"}" id 32
2026/Jun/17 06:17:54.503110 PORTEVENT TC_26_7_2_2.ttcn3:238 Message with id 32 was extracted from the queue of MSC.
2026/Jun/17 06:17:54.503161 USER TC_26_7_2_2.ttcn3:244 TC_26_7_2_2: (no-LU monitor) ignoring: "{\"type\": \"HEARTBEAT\"}"
2026/Jun/17 06:17:56.129726 USER TC_26_7_2_2.ttcn3:237 L3_Port: Received 17 bytes
2026/Jun/17 06:17:56.129783 USER TC_26_7_2_2.ttcn3:237 L3_Port: RAW GSMTAP hdr->arfcn=0x4033 RxArfcn=0x4033 Uplink=1 Chan=3 Len=1
2026/Jun/17 06:17:56.129792 USER TC_26_7_2_2.ttcn3:237 L3_Port: RX: 9E 
2026/Jun/17 06:17:56.129804 PORTEVENT TC_26_7_2_2.ttcn3:237 Message enqueued on L from system octetstring : '9E000065E1'O id 59
2026/Jun/17 06:17:56.129815 USER TC_26_7_2_2.ttcn3:237 L3_Port: Message delivered to TTCN-3
2026/Jun/17 06:17:56.314891 USER TC_26_7_2_2.ttcn3:237 L3_Port: Received 39 bytes
2026/Jun/17 06:17:56.314953 USER TC_26_7_2_2.ttcn3:237 L3_Port: RAW GSMTAP hdr->arfcn=0x4033 RxArfcn=0x4033 Uplink=1 Chan=7 Len=23
2026/Jun/17 06:17:56.314965 USER TC_26_7_2_2.ttcn3:237 L3_Port: RX: 01 3F 35 06 27 07 03 33 1F 01 05 F4 12 34 56 78 2B 2B 2B 2B 2B 2B 2B 
2026/Jun/17 06:17:56.314978 PORTEVENT TC_26_7_2_2.ttcn3:237 Message enqueued on L from system octetstring : '013F3506270703331F0105F4123456782B2B2B2B2B2B2B'O id 60
2026/Jun/17 06:17:56.314992 USER TC_26_7_2_2.ttcn3:237 L3_Port: Message delivered to TTCN-3
2026/Jun/17 06:17:56.457476 USER TC_26_7_2_2.ttcn3:237 L3_Port: Received 39 bytes
2026/Jun/17 06:17:56.457524 USER TC_26_7_2_2.ttcn3:237 L3_Port: RAW GSMTAP hdr->arfcn=0x4033 RxArfcn=0x4033 Uplink=1 Chan=135 Len=23
2026/Jun/17 06:17:56.457536 USER TC_26_7_2_2.ttcn3:237 L3_Port: RX: 0E 00 01 03 49 06 15 00 40 01 C0 00 00 00 00 00 00 00 00 00 00 00 00 
2026/Jun/17 06:17:56.457547 PORTEVENT TC_26_7_2_2.ttcn3:237 Message enqueued on L from system octetstring : '0E000103490615004001C0000000000000000000000000'O id 61
2026/Jun/17 06:17:56.457558 USER TC_26_7_2_2.ttcn3:237 L3_Port: Message delivered to TTCN-3
2026/Jun/17 06:17:56.492167 TIMEROP TC_26_7_2_2.ttcn3:248 Timeout T_no_lu: 10 s
2026/Jun/17 06:17:56.492242 USER TC_26_7_2_2.ttcn3:249 "TC_26_7_2_2: SUB-TEST 2 PASS " & char(0, 0, 32, 20) & " no LU in 10s"
2026/Jun/17 06:17:56.492296 USER TC_26_7_2_2.ttcn3:256 "TC_26_7_2_2: SUB-TEST 3 " & char(0, 0, 32, 20) & " send TMSI paging, expect no response"
2026/Jun/17 06:17:56.492345 PORTEVENT TC_26_7_2_2.ttcn3:257 Sent on MSC to system charstring : "{\"command\": \"CMD_SEND_PAGING\", \"params\": {\"imsi\": \"901700000000001\", \"tmsi\": 305419896, \"lac\": 4242, \"cell_id\": 4242}}"
2026/Jun/17 06:17:56.492428 USER TC_26_7_2_2.ttcn3:257 MSC_Port: TX: {"command": "CMD_SEND_PAGING", "params": {"imsi": "901700000000001", "tmsi": 305419896, "lac": 4242, "cell_id": 4242}}
2026/Jun/17 06:17:56.492452 TIMEROP TC_26_7_2_2.ttcn3:264 Start timer T_no_paging: 10 s
2026/Jun/17 06:17:56.493468 USER TC_26_7_2_2.ttcn3:266 MSC_Port: RX: {"status": "ok", "sent": true}
2026/Jun/17 06:17:56.493504 PORTEVENT TC_26_7_2_2.ttcn3:266 Message enqueued on MSC from system charstring : "{\"status\": \"ok\", \"sent\": true}" id 33
2026/Jun/17 06:17:56.493533 PORTEVENT TC_26_7_2_2.ttcn3:267 Receive operation on port MSC succeeded, message from system(): charstring : "{\"status\": \"ok\", \"sent\": true}" id 33
2026/Jun/17 06:17:56.493549 PORTEVENT TC_26_7_2_2.ttcn3:267 Message with id 33 was extracted from the queue of MSC.
2026/Jun/17 06:17:56.493709 USER TC_26_7_2_2.ttcn3:275 TC_26_7_2_2: (paging monitor) ignoring: "{\"status\": \"ok\", \"sent\": true}"
2026/Jun/17 06:17:57.543320 USER TC_26_7_2_2.ttcn3:266 L3_Port: Received 39 bytes
2026/Jun/17 06:17:57.543403 USER TC_26_7_2_2.ttcn3:266 L3_Port: RAW GSMTAP hdr->arfcn=0x4033 RxArfcn=0x4033 Uplink=1 Chan=135 Len=23
2026/Jun/17 06:17:57.543430 USER TC_26_7_2_2.ttcn3:266 L3_Port: RX: 0E 00 01 03 49 06 15 BF 3F 00 00 00 00 00 00 00 00 00 00 00 00 00 00 
2026/Jun/17 06:17:57.543454 PORTEVENT TC_26_7_2_2.ttcn3:266 Message enqueued on L from system octetstring : '0E000103490615BF3F0000000000000000000000000000'O id 62
2026/Jun/17 06:17:57.543491 USER TC_26_7_2_2.ttcn3:266 L3_Port: Message delivered to TTCN-3
2026/Jun/17 06:17:58.484801 USER TC_26_7_2_2.ttcn3:266 L3_Port: Received 39 bytes
2026/Jun/17 06:17:58.484906 USER TC_26_7_2_2.ttcn3:266 L3_Port: RAW GSMTAP hdr->arfcn=0x4033 RxArfcn=0x4033 Uplink=1 Chan=135 Len=23
2026/Jun/17 06:17:58.484930 USER TC_26_7_2_2.ttcn3:266 L3_Port: RX: 0E 00 01 03 49 06 15 BF 3F 00 00 00 00 00 00 00 00 00 00 00 00 00 00 
2026/Jun/17 06:17:58.484954 PORTEVENT TC_26_7_2_2.ttcn3:266 Message enqueued on L from system octetstring : '0E000103490615BF3F0000000000000000000000000000'O id 63
2026/Jun/17 06:17:58.484975 USER TC_26_7_2_2.ttcn3:266 L3_Port: Message delivered to TTCN-3
2026/Jun/17 06:17:59.425893 USER TC_26_7_2_2.ttcn3:266 L3_Port: Received 39 bytes
2026/Jun/17 06:17:59.425972 USER TC_26_7_2_2.ttcn3:266 L3_Port: RAW GSMTAP hdr->arfcn=0x4033 RxArfcn=0x4033 Uplink=1 Chan=135 Len=23
2026/Jun/17 06:17:59.425995 USER TC_26_7_2_2.ttcn3:266 L3_Port: RX: 0E 00 01 03 49 06 15 BF 3F 00 00 00 00 00 00 00 00 00 00 00 00 00 00 
2026/Jun/17 06:17:59.426017 PORTEVENT TC_26_7_2_2.ttcn3:266 Message enqueued on L from system octetstring : '0E000103490615BF3F0000000000000000000000000000'O id 64
2026/Jun/17 06:17:59.426038 USER TC_26_7_2_2.ttcn3:266 L3_Port: Message delivered to TTCN-3
2026/Jun/17 06:18:00.223612 USER TC_26_7_2_2.ttcn3:266 L3_Port: Received 39 bytes
2026/Jun/17 06:18:00.223676 USER TC_26_7_2_2.ttcn3:266 L3_Port: RAW GSMTAP hdr->arfcn=0x4033 RxArfcn=0x4033 Uplink=1 Chan=135 Len=23
2026/Jun/17 06:18:00.223686 USER TC_26_7_2_2.ttcn3:266 L3_Port: RX: 0E 00 01 03 49 06 15 BF 3F 00 00 00 00 00 00 00 00 00 00 00 00 00 00 
2026/Jun/17 06:18:00.223698 PORTEVENT TC_26_7_2_2.ttcn3:266 Message enqueued on L from system octetstring : '0E000103490615BF3F0000000000000000000000000000'O id 65
2026/Jun/17 06:18:00.223710 USER TC_26_7_2_2.ttcn3:266 L3_Port: Message delivered to TTCN-3
2026/Jun/17 06:18:00.497127 USER TC_26_7_2_2.ttcn3:266 MSC_Port: RX: {"type": "HEARTBEAT"}
2026/Jun/17 06:18:00.497214 PORTEVENT TC_26_7_2_2.ttcn3:266 Message enqueued on MSC from system charstring : "{\"type\": \"HEARTBEAT\"}" id 34
2026/Jun/17 06:18:00.497250 PORTEVENT TC_26_7_2_2.ttcn3:267 Receive operation on port MSC succeeded, message from system(): charstring : "{\"type\": \"HEARTBEAT\"}" id 34
2026/Jun/17 06:18:00.497267 PORTEVENT TC_26_7_2_2.ttcn3:267 Message with id 34 was extracted from the queue of MSC.
2026/Jun/17 06:18:00.497442 USER TC_26_7_2_2.ttcn3:275 TC_26_7_2_2: (paging monitor) ignoring: "{\"type\": \"HEARTBEAT\"}"
2026/Jun/17 06:18:01.308059 USER TC_26_7_2_2.ttcn3:266 L3_Port: Received 39 bytes
2026/Jun/17 06:18:01.308120 USER TC_26_7_2_2.ttcn3:266 L3_Port: RAW GSMTAP hdr->arfcn=0x4033 RxArfcn=0x4033 Uplink=1 Chan=135 Len=23
2026/Jun/17 06:18:01.308130 USER TC_26_7_2_2.ttcn3:266 L3_Port: RX: 0E 00 01 03 49 06 15 BF 3F 00 00 00 00 00 00 00 00 00 00 00 00 00 00 
2026/Jun/17 06:18:01.308142 PORTEVENT TC_26_7_2_2.ttcn3:266 Message enqueued on L from system octetstring : '0E000103490615BF3F0000000000000000000000000000'O id 66
2026/Jun/17 06:18:01.308154 USER TC_26_7_2_2.ttcn3:266 L3_Port: Message delivered to TTCN-3
2026/Jun/17 06:18:02.249171 USER TC_26_7_2_2.ttcn3:266 L3_Port: Received 39 bytes
2026/Jun/17 06:18:02.249231 USER TC_26_7_2_2.ttcn3:266 L3_Port: RAW GSMTAP hdr->arfcn=0x4033 RxArfcn=0x4033 Uplink=1 Chan=135 Len=23
2026/Jun/17 06:18:02.249256 USER TC_26_7_2_2.ttcn3:266 L3_Port: RX: 0E 00 01 03 49 06 15 BF 3F 00 00 00 00 00 00 00 00 00 00 00 00 00 00 
2026/Jun/17 06:18:02.249270 PORTEVENT TC_26_7_2_2.ttcn3:266 Message enqueued on L from system octetstring : '0E000103490615BF3F0000000000000000000000000000'O id 67
2026/Jun/17 06:18:02.249284 USER TC_26_7_2_2.ttcn3:266 L3_Port: Message delivered to TTCN-3
2026/Jun/17 06:18:03.192220 USER TC_26_7_2_2.ttcn3:266 L3_Port: Received 39 bytes
2026/Jun/17 06:18:03.192307 USER TC_26_7_2_2.ttcn3:266 L3_Port: RAW GSMTAP hdr->arfcn=0x4033 RxArfcn=0x4033 Uplink=1 Chan=135 Len=23
2026/Jun/17 06:18:03.192332 USER TC_26_7_2_2.ttcn3:266 L3_Port: RX: 0E 00 01 03 49 06 15 BF 3F 00 00 00 00 00 00 00 00 00 00 00 00 00 00 
2026/Jun/17 06:18:03.192372 PORTEVENT TC_26_7_2_2.ttcn3:266 Message enqueued on L from system octetstring : '0E000103490615BF3F0000000000000000000000000000'O id 68
2026/Jun/17 06:18:03.192394 USER TC_26_7_2_2.ttcn3:266 L3_Port: Message delivered to TTCN-3
2026/Jun/17 06:18:04.460331 USER TC_26_7_2_2.ttcn3:266 L3_Port: Received 39 bytes
2026/Jun/17 06:18:04.460411 USER TC_26_7_2_2.ttcn3:266 L3_Port: RAW GSMTAP hdr->arfcn=0x4033 RxArfcn=0x4033 Uplink=1 Chan=135 Len=23
2026/Jun/17 06:18:04.460440 USER TC_26_7_2_2.ttcn3:266 L3_Port: RX: 0E 00 01 03 49 06 15 BF 3F 00 00 00 00 00 00 00 00 00 00 00 00 00 00 
2026/Jun/17 06:18:04.460464 PORTEVENT TC_26_7_2_2.ttcn3:266 Message enqueued on L from system octetstring : '0E000103490615BF3F0000000000000000000000000000'O id 69
2026/Jun/17 06:18:04.460485 USER TC_26_7_2_2.ttcn3:266 L3_Port: Message delivered to TTCN-3
2026/Jun/17 06:18:05.502219 USER TC_26_7_2_2.ttcn3:266 MSC_Port: RX: {"type": "HEARTBEAT"}
2026/Jun/17 06:18:05.502309 PORTEVENT TC_26_7_2_2.ttcn3:266 Message enqueued on MSC from system charstring : "{\"type\": \"HEARTBEAT\"}" id 35
2026/Jun/17 06:18:05.502346 PORTEVENT TC_26_7_2_2.ttcn3:267 Receive operation on port MSC succeeded, message from system(): charstring : "{\"type\": \"HEARTBEAT\"}" id 35
2026/Jun/17 06:18:05.502362 PORTEVENT TC_26_7_2_2.ttcn3:267 Message with id 35 was extracted from the queue of MSC.
2026/Jun/17 06:18:05.502542 USER TC_26_7_2_2.ttcn3:275 TC_26_7_2_2: (paging monitor) ignoring: "{\"type\": \"HEARTBEAT\"}"
2026/Jun/17 06:18:05.545487 USER TC_26_7_2_2.ttcn3:266 L3_Port: Received 39 bytes
2026/Jun/17 06:18:05.545559 USER TC_26_7_2_2.ttcn3:266 L3_Port: RAW GSMTAP hdr->arfcn=0x4033 RxArfcn=0x4033 Uplink=1 Chan=135 Len=23
2026/Jun/17 06:18:05.545582 USER TC_26_7_2_2.ttcn3:266 L3_Port: RX: 0E 00 01 03 49 06 15 BF 3F 00 00 00 00 00 00 00 00 00 00 00 00 00 00 
2026/Jun/17 06:18:05.545605 PORTEVENT TC_26_7_2_2.ttcn3:266 Message enqueued on L from system octetstring : '0E000103490615BF3F0000000000000000000000000000'O id 70
2026/Jun/17 06:18:05.545625 USER TC_26_7_2_2.ttcn3:266 L3_Port: Message delivered to TTCN-3
2026/Jun/17 06:18:06.487377 USER TC_26_7_2_2.ttcn3:266 L3_Port: Received 39 bytes
2026/Jun/17 06:18:06.487458 USER TC_26_7_2_2.ttcn3:266 L3_Port: RAW GSMTAP hdr->arfcn=0x4033 RxArfcn=0x4033 Uplink=1 Chan=135 Len=23
2026/Jun/17 06:18:06.487481 USER TC_26_7_2_2.ttcn3:266 L3_Port: RX: 0E 00 01 03 49 06 15 BF 3F 00 00 00 00 00 00 00 00 00 00 00 00 00 00 
2026/Jun/17 06:18:06.487504 PORTEVENT TC_26_7_2_2.ttcn3:266 Message enqueued on L from system octetstring : '0E000103490615BF3F0000000000000000000000000000'O id 71
2026/Jun/17 06:18:06.487525 USER TC_26_7_2_2.ttcn3:266 L3_Port: Message delivered to TTCN-3
2026/Jun/17 06:18:06.492473 TIMEROP TC_26_7_2_2.ttcn3:279 Timeout T_no_paging: 10 s
2026/Jun/17 06:18:06.492509 USER TC_26_7_2_2.ttcn3:280 "TC_26_7_2_2: SUB-TEST 3 PASS " & char(0, 0, 32, 20) & " no paging response in 10s"
2026/Jun/17 06:18:06.492541 USER TC_26_7_2_2.ttcn3:287 "TC_26_7_2_2: SUB-TEST 4 " & char(0, 0, 32, 20) & " trigger emergency call"
2026/Jun/17 06:18:06.492562 USER GSM_Component_Definitions.ttcn3:455 VTY: Sending command: "enable"
2026/Jun/17 06:18:06.492586 PORTEVENT GSM_Component_Definitions.ttcn3:456 Sent on VTY to system charstring : "enable"
2026/Jun/17 06:18:06.492608 USER GSM_Component_Definitions.ttcn3:456 VTY_PT: Sending command: "enable"
2026/Jun/17 06:18:06.692798 USER GSM_Component_Definitions.ttcn3:456 VTY_PT: Received response: 
% (MS 1)
% Call has been released

% (MS 1)
% Limited service, emergency calls are possible.
enable
% Unknown command.
OsmocomBB(mobile)# 
OsmocomBB(mobile)# 
2026/Jun/17 06:18:06.692896 PORTEVENT GSM_Component_Definitions.ttcn3:456 Message enqueued on VTY from system charstring : "\r\n% (MS 1)\r\n% Call has been released\r\n\r\n% (MS 1)\r\n% Limited service, emergency calls are possible.\r\nenable\r\n% Unknown command.\r\nOsmocomBB(mobile)# \r\nOsmocomBB(mobile)# " id 4
2026/Jun/17 06:18:06.692914 TIMEROP GSM_Component_Definitions.ttcn3:459 Start timer T_vty: 5 s
2026/Jun/17 06:18:06.692947 PORTEVENT GSM_Component_Definitions.ttcn3:462 Receive operation on port VTY succeeded, message from system(): charstring : "\r\n% (MS 1)\r\n% Call has been released\r\n\r\n% (MS 1)\r\n% Limited service, emergency calls are possible.\r\nenable\r\n% Unknown command.\r\nOsmocomBB(mobile)# \r\nOsmocomBB(mobile)# " id 4
2026/Jun/17 06:18:06.692957 PORTEVENT GSM_Component_Definitions.ttcn3:462 Message with id 4 was extracted from the queue of VTY.
2026/Jun/17 06:18:06.692962 TIMEROP GSM_Component_Definitions.ttcn3:463 Stop timer T_vty: 5 s
2026/Jun/17 06:18:06.692967 USER GSM_Component_Definitions.ttcn3:464 VTY: Received response: "\r\n% (MS 1)\r\n% Call has been released\r\n\r\n% (MS 1)\r\n% Limited service, emergency calls are possible.\r\nenable\r\n% Unknown command.\r\nOsmocomBB(mobile)# \r\nOsmocomBB(mobile)# "
2026/Jun/17 06:18:06.692985 USER TC_26_7_2_2.ttcn3:289 TC_26_7_2_2: VTY enable: "\r\n% (MS 1)\r\n% Call has been released\r\n\r\n% (MS 1)\r\n% Limited service, emergency calls are possible.\r\nenable\r\n% Unknown command.\r\nOsmocomBB(mobile)# \r\nOsmocomBB(mobile)# "
2026/Jun/17 06:18:06.693000 USER GSM_Component_Definitions.ttcn3:455 VTY: Sending command: "call 1 112"
2026/Jun/17 06:18:06.693009 PORTEVENT GSM_Component_Definitions.ttcn3:456 Sent on VTY to system charstring : "call 1 112"
2026/Jun/17 06:18:06.693017 USER GSM_Component_Definitions.ttcn3:456 VTY_PT: Sending command: "call 1 112"
2026/Jun/17 06:18:06.893188 USER GSM_Component_Definitions.ttcn3:456 VTY_PT: Received response: call 1 112
OsmocomBB(mobile)# 
OsmocomBB(mobile)# 
2026/Jun/17 06:18:06.893297 PORTEVENT GSM_Component_Definitions.ttcn3:456 Message enqueued on VTY from system charstring : "call 1 112\r\nOsmocomBB(mobile)# \r\nOsmocomBB(mobile)# " id 5
2026/Jun/17 06:18:06.893331 TIMEROP GSM_Component_Definitions.ttcn3:459 Start timer T_vty: 5 s
2026/Jun/17 06:18:06.893365 PORTEVENT GSM_Component_Definitions.ttcn3:462 Receive operation on port VTY succeeded, message from system(): charstring : "call 1 112\r\nOsmocomBB(mobile)# \r\nOsmocomBB(mobile)# " id 5
2026/Jun/17 06:18:06.893383 PORTEVENT GSM_Component_Definitions.ttcn3:462 Message with id 5 was extracted from the queue of VTY.
2026/Jun/17 06:18:06.893396 TIMEROP GSM_Component_Definitions.ttcn3:463 Stop timer T_vty: 5 s
2026/Jun/17 06:18:06.893409 USER GSM_Component_Definitions.ttcn3:464 VTY: Received response: "call 1 112\r\nOsmocomBB(mobile)# \r\nOsmocomBB(mobile)# "
2026/Jun/17 06:18:06.893436 USER TC_26_7_2_2.ttcn3:291 TC_26_7_2_2: VTY emergency call: "call 1 112\r\nOsmocomBB(mobile)# \r\nOsmocomBB(mobile)# "
2026/Jun/17 06:18:06.893460 TIMEROP TC_26_7_2_2.ttcn3:294 Start timer T_emerg: 10 s
2026/Jun/17 06:18:07.067443 USER TC_26_7_2_2.ttcn3:296 MSC_Port: RX: {"type": "EVENT_CM_SERVICE_REQUEST", "bsc_slr": 4, "cm_service_type": 2, "cm_service_type_name": "Emergency call"}
2026/Jun/17 06:18:07.067503 PORTEVENT TC_26_7_2_2.ttcn3:296 Message enqueued on MSC from system charstring : "{\"type\": \"EVENT_CM_SERVICE_REQUEST\", \"bsc_slr\": 4, \"cm_service_type\": 2, \"cm_service_type_name\": \"Emergency call\"}" id 36
2026/Jun/17 06:18:07.067526 PORTEVENT TC_26_7_2_2.ttcn3:297 Receive operation on port MSC succeeded, message from system(): charstring : "{\"type\": \"EVENT_CM_SERVICE_REQUEST\", \"bsc_slr\": 4, \"cm_service_type\": 2, \"cm_service_type_name\": \"Emergency call\"}" id 36
2026/Jun/17 06:18:07.067536 PORTEVENT TC_26_7_2_2.ttcn3:297 Message with id 36 was extracted from the queue of MSC.
2026/Jun/17 06:18:07.067662 USER GSM_Functions.ttcn3:365 f_extractJsonInt: Searching for key '"bsc_slr"' in JSON: "{\"type\": \"EVENT_CM_SERVICE_REQUEST\", \"bsc_slr\": 4, \"cm_service_type\": 2, \"cm_service_type_name\": \"Emergency call\"}"
2026/Jun/17 06:18:07.067688 USER GSM_Functions.ttcn3:372 f_extractJsonInt: Found key at position 37 (pattern: "\"bsc_slr\":")
2026/Jun/17 06:18:07.067704 USER GSM_Functions.ttcn3:422 f_extractJsonInt: Extracted number string '"4"' => integer 4
2026/Jun/17 06:18:07.067713 USER TC_26_7_2_2.ttcn3:300 "TC_26_7_2_2: SUB-TEST 4 PASS " & char(0, 0, 32, 20) & " emergency CM_SERVICE_REQUEST bsc_slr="4
2026/Jun/17 06:18:07.067756 TIMEROP TC_26_7_2_2.ttcn3:302 Stop timer T_emerg: 10 s
2026/Jun/17 06:18:07.067771 PORTEVENT TC_26_7_2_2.ttcn3:303 Sent on MSC to system charstring : "{\"command\": \"CMD_SEND_CLEAR_CMD\", \"params\": {\"bsc_slr\": 4, \"cause\": 0}}"
2026/Jun/17 06:18:07.067808 USER TC_26_7_2_2.ttcn3:303 MSC_Port: TX: {"command": "CMD_SEND_CLEAR_CMD", "params": {"bsc_slr": 4, "cause": 0}}
2026/Jun/17 06:18:07.067816 USER TC_26_7_2_2.ttcn3:316 "TC_26_7_2_2: SUB-TEST 5 INCONCLUSIVE " & char(0, 0, 32, 20) & " IMSI detach requires SIM removal"
2026/Jun/17 06:18:07.067848 USER TC_26_7_2_2.ttcn3:321 "TC_26_7_2_2: RESULTS " & char(0, 0, 32, 20) & " ST1="true ST2=true ST3=true ST4=true ST5=INCONCLUSIVE
2026/Jun/17 06:18:07.067871 USER TC_26_7_2_2.ttcn3:325 "TC_26_7_2_2: PASS " & char(0, 0, 32, 20) & " all sub-tests passed"
2026/Jun/17 06:18:07.067899 VERDICTOP TC_26_7_2_2.ttcn3:326 setverdict(pass): none -> pass
2026/Jun/17 06:18:07.067953 PORTEVENT TC_26_7_2_2.ttcn3:333 Sent on MSC to system charstring : "{\"command\": \"CLEAR\", \"params\": {}}"
2026/Jun/17 06:18:07.067961 USER TC_26_7_2_2.ttcn3:333 MSC_Port: TX: {"command": "CLEAR", "params": {}}
2026/Jun/17 06:18:07.067973 PARALLEL GSM_Component_Definitions.ttcn3:346 Unmapping port mtc:L from system:L.
2026/Jun/17 06:18:07.068021 USER GSM_Component_Definitions.ttcn3:346 L3_Port: Unmapping from L
2026/Jun/17 06:18:07.068047 PORTEVENT GSM_Component_Definitions.ttcn3:346 Port L was unmapped from system:L.
2026/Jun/17 06:18:07.068075 PARALLEL GSM_Component_Definitions.ttcn3:346 Unmap operation of mtc:L from system:L finished.
2026/Jun/17 06:18:07.068083 PARALLEL GSM_Component_Definitions.ttcn3:347 Unmapping port mtc:RR from system:RR.
2026/Jun/17 06:18:07.068094 USER GSM_Component_Definitions.ttcn3:347 MSC_Port: RX: {"status": "ok"}
2026/Jun/17 06:18:07.068101 PORTEVENT GSM_Component_Definitions.ttcn3:347 Message enqueued on MSC from system charstring : "{\"status\": \"ok\"}" id 37
2026/Jun/17 06:18:07.068110 PORTEVENT GSM_Component_Definitions.ttcn3:347 Port RR was unmapped from system:RR.
2026/Jun/17 06:18:07.068127 PARALLEL GSM_Component_Definitions.ttcn3:347 Unmap operation of mtc:RR from system:RR finished.
2026/Jun/17 06:18:07.068132 PARALLEL GSM_Component_Definitions.ttcn3:348 Unmapping port mtc:MM from system:MM.
2026/Jun/17 06:18:07.068149 PORTEVENT GSM_Component_Definitions.ttcn3:348 Port MM was unmapped from system:MM.
2026/Jun/17 06:18:07.068166 PARALLEL GSM_Component_Definitions.ttcn3:348 Unmap operation of mtc:MM from system:MM finished.
2026/Jun/17 06:18:07.068170 PARALLEL GSM_Component_Definitions.ttcn3:349 Unmapping port mtc:CC from system:CC.
2026/Jun/17 06:18:07.068188 PORTEVENT GSM_Component_Definitions.ttcn3:349 Port CC was unmapped from system:CC.
2026/Jun/17 06:18:07.068205 PARALLEL GSM_Component_Definitions.ttcn3:349 Unmap operation of mtc:CC from system:CC finished.
2026/Jun/17 06:18:07.068210 PARALLEL GSM_Component_Definitions.ttcn3:350 Unmapping port mtc:MSC from system:MSC.
2026/Jun/17 06:18:07.068226 USER GSM_Component_Definitions.ttcn3:350 MSC_Port: Unmapping from MSC
2026/Jun/17 06:18:07.068262 PORTEVENT GSM_Component_Definitions.ttcn3:350 Port MSC was unmapped from system:MSC.
2026/Jun/17 06:18:07.068281 PARALLEL GSM_Component_Definitions.ttcn3:350 Unmap operation of mtc:MSC from system:MSC finished.
2026/Jun/17 06:18:07.068286 PARALLEL GSM_Component_Definitions.ttcn3:351 Unmapping port mtc:VTY from system:VTY.
2026/Jun/17 06:18:07.068303 USER GSM_Component_Definitions.ttcn3:351 VTY_PT: Unmapping port from VTY interface
2026/Jun/17 06:18:07.068348 USER GSM_Component_Definitions.ttcn3:351 VTY_PT: Disconnected from VTY
2026/Jun/17 06:18:07.068355 PORTEVENT GSM_Component_Definitions.ttcn3:351 Port VTY was unmapped from system:VTY.
2026/Jun/17 06:18:07.068371 PARALLEL GSM_Component_Definitions.ttcn3:351 Unmap operation of mtc:VTY from system:VTY finished.
2026/Jun/17 06:18:07.068386 PARALLEL TC_26_7_2_2.ttcn3:334 Terminating component type GSM_Component_Definitions.GSM_CT.
2026/Jun/17 06:18:07.068403 TIMEROP TC_26_7_2_2.ttcn3:334 Stop timer T_guard: 300 s
2026/Jun/17 06:18:07.068416 USER TC_26_7_2_2.ttcn3:334 L3_Port: user_stop called
2026/Jun/17 06:18:07.068424 PORTEVENT TC_26_7_2_2.ttcn3:334 Message with id 1 was extracted from the queue of L.
2026/Jun/17 06:18:07.068428 PORTEVENT TC_26_7_2_2.ttcn3:334 Message with id 2 was extracted from the queue of L.
2026/Jun/17 06:18:07.068432 PORTEVENT TC_26_7_2_2.ttcn3:334 Message with id 3 was extracted from the queue of L.
2026/Jun/17 06:18:07.068434 PORTEVENT TC_26_7_2_2.ttcn3:334 Message with id 4 was extracted from the queue of L.
2026/Jun/17 06:18:07.068437 PORTEVENT TC_26_7_2_2.ttcn3:334 Message with id 5 was extracted from the queue of L.
2026/Jun/17 06:18:07.068441 PORTEVENT TC_26_7_2_2.ttcn3:334 Message with id 6 was extracted from the queue of L.
2026/Jun/17 06:18:07.068443 PORTEVENT TC_26_7_2_2.ttcn3:334 Message with id 7 was extracted from the queue of L.
2026/Jun/17 06:18:07.068446 PORTEVENT TC_26_7_2_2.ttcn3:334 Message with id 8 was extracted from the queue of L.
2026/Jun/17 06:18:07.068449 PORTEVENT TC_26_7_2_2.ttcn3:334 Message with id 9 was extracted from the queue of L.
2026/Jun/17 06:18:07.068452 PORTEVENT TC_26_7_2_2.ttcn3:334 Message with id 10 was extracted from the queue of L.
2026/Jun/17 06:18:07.068454 PORTEVENT TC_26_7_2_2.ttcn3:334 Message with id 11 was extracted from the queue of L.
2026/Jun/17 06:18:07.068457 PORTEVENT TC_26_7_2_2.ttcn3:334 Message with id 12 was extracted from the queue of L.
2026/Jun/17 06:18:07.068460 PORTEVENT TC_26_7_2_2.ttcn3:334 Message with id 13 was extracted from the queue of L.
2026/Jun/17 06:18:07.068462 PORTEVENT TC_26_7_2_2.ttcn3:334 Message with id 14 was extracted from the queue of L.
2026/Jun/17 06:18:07.068465 PORTEVENT TC_26_7_2_2.ttcn3:334 Message with id 15 was extracted from the queue of L.
2026/Jun/17 06:18:07.068467 PORTEVENT TC_26_7_2_2.ttcn3:334 Message with id 16 was extracted from the queue of L.
2026/Jun/17 06:18:07.068470 PORTEVENT TC_26_7_2_2.ttcn3:334 Message with id 17 was extracted from the queue of L.
2026/Jun/17 06:18:07.068473 PORTEVENT TC_26_7_2_2.ttcn3:334 Message with id 18 was extracted from the queue of L.
2026/Jun/17 06:18:07.068476 PORTEVENT TC_26_7_2_2.ttcn3:334 Message with id 19 was extracted from the queue of L.
2026/Jun/17 06:18:07.068478 PORTEVENT TC_26_7_2_2.ttcn3:334 Message with id 20 was extracted from the queue of L.
2026/Jun/17 06:18:07.068481 PORTEVENT TC_26_7_2_2.ttcn3:334 Message with id 21 was extracted from the queue of L.
2026/Jun/17 06:18:07.068483 PORTEVENT TC_26_7_2_2.ttcn3:334 Message with id 22 was extracted from the queue of L.
2026/Jun/17 06:18:07.068486 PORTEVENT TC_26_7_2_2.ttcn3:334 Message with id 23 was extracted from the queue of L.
2026/Jun/17 06:18:07.068488 PORTEVENT TC_26_7_2_2.ttcn3:334 Message with id 24 was extracted from the queue of L.
2026/Jun/17 06:18:07.068491 PORTEVENT TC_26_7_2_2.ttcn3:334 Message with id 25 was extracted from the queue of L.
2026/Jun/17 06:18:07.068494 PORTEVENT TC_26_7_2_2.ttcn3:334 Message with id 26 was extracted from the queue of L.
2026/Jun/17 06:18:07.068497 PORTEVENT TC_26_7_2_2.ttcn3:334 Message with id 27 was extracted from the queue of L.
2026/Jun/17 06:18:07.068499 PORTEVENT TC_26_7_2_2.ttcn3:334 Message with id 28 was extracted from the queue of L.
2026/Jun/17 06:18:07.068501 PORTEVENT TC_26_7_2_2.ttcn3:334 Message with id 29 was extracted from the queue of L.
2026/Jun/17 06:18:07.068504 PORTEVENT TC_26_7_2_2.ttcn3:334 Message with id 30 was extracted from the queue of L.
2026/Jun/17 06:18:07.068507 PORTEVENT TC_26_7_2_2.ttcn3:334 Message with id 31 was extracted from the queue of L.
2026/Jun/17 06:18:07.068509 PORTEVENT TC_26_7_2_2.ttcn3:334 Message with id 32 was extracted from the queue of L.
2026/Jun/17 06:18:07.068512 PORTEVENT TC_26_7_2_2.ttcn3:334 Message with id 33 was extracted from the queue of L.
2026/Jun/17 06:18:07.068514 PORTEVENT TC_26_7_2_2.ttcn3:334 Message with id 34 was extracted from the queue of L.
2026/Jun/17 06:18:07.068516 PORTEVENT TC_26_7_2_2.ttcn3:334 Message with id 35 was extracted from the queue of L.
2026/Jun/17 06:18:07.068522 PORTEVENT TC_26_7_2_2.ttcn3:334 Message with id 36 was extracted from the queue of L.
2026/Jun/17 06:18:07.068525 PORTEVENT TC_26_7_2_2.ttcn3:334 Message with id 37 was extracted from the queue of L.
2026/Jun/17 06:18:07.068528 PORTEVENT TC_26_7_2_2.ttcn3:334 Message with id 38 was extracted from the queue of L.
2026/Jun/17 06:18:07.068530 PORTEVENT TC_26_7_2_2.ttcn3:334 Message with id 39 was extracted from the queue of L.
2026/Jun/17 06:18:07.068534 PORTEVENT TC_26_7_2_2.ttcn3:334 Message with id 40 was extracted from the queue of L.
2026/Jun/17 06:18:07.068536 PORTEVENT TC_26_7_2_2.ttcn3:334 Message with id 41 was extracted from the queue of L.
2026/Jun/17 06:18:07.068539 PORTEVENT TC_26_7_2_2.ttcn3:334 Message with id 42 was extracted from the queue of L.
2026/Jun/17 06:18:07.068541 PORTEVENT TC_26_7_2_2.ttcn3:334 Message with id 43 was extracted from the queue of L.
2026/Jun/17 06:18:07.068544 PORTEVENT TC_26_7_2_2.ttcn3:334 Message with id 44 was extracted from the queue of L.
2026/Jun/17 06:18:07.068546 PORTEVENT TC_26_7_2_2.ttcn3:334 Message with id 45 was extracted from the queue of L.
2026/Jun/17 06:18:07.068548 PORTEVENT TC_26_7_2_2.ttcn3:334 Message with id 46 was extracted from the queue of L.
2026/Jun/17 06:18:07.068551 PORTEVENT TC_26_7_2_2.ttcn3:334 Message with id 47 was extracted from the queue of L.
2026/Jun/17 06:18:07.068553 PORTEVENT TC_26_7_2_2.ttcn3:334 Message with id 48 was extracted from the queue of L.
2026/Jun/17 06:18:07.068556 PORTEVENT TC_26_7_2_2.ttcn3:334 Message with id 49 was extracted from the queue of L.
2026/Jun/17 06:18:07.068558 PORTEVENT TC_26_7_2_2.ttcn3:334 Message with id 50 was extracted from the queue of L.
2026/Jun/17 06:18:07.068561 PORTEVENT TC_26_7_2_2.ttcn3:334 Message with id 51 was extracted from the queue of L.
2026/Jun/17 06:18:07.068564 PORTEVENT TC_26_7_2_2.ttcn3:334 Message with id 52 was extracted from the queue of L.
2026/Jun/17 06:18:07.068566 PORTEVENT TC_26_7_2_2.ttcn3:334 Message with id 53 was extracted from the queue of L.
2026/Jun/17 06:18:07.068569 PORTEVENT TC_26_7_2_2.ttcn3:334 Message with id 54 was extracted from the queue of L.
2026/Jun/17 06:18:07.068571 PORTEVENT TC_26_7_2_2.ttcn3:334 Message with id 55 was extracted from the queue of L.
2026/Jun/17 06:18:07.068574 PORTEVENT TC_26_7_2_2.ttcn3:334 Message with id 56 was extracted from the queue of L.
2026/Jun/17 06:18:07.068576 PORTEVENT TC_26_7_2_2.ttcn3:334 Message with id 57 was extracted from the queue of L.
2026/Jun/17 06:18:07.068579 PORTEVENT TC_26_7_2_2.ttcn3:334 Message with id 58 was extracted from the queue of L.
2026/Jun/17 06:18:07.068581 PORTEVENT TC_26_7_2_2.ttcn3:334 Message with id 59 was extracted from the queue of L.
2026/Jun/17 06:18:07.068584 PORTEVENT TC_26_7_2_2.ttcn3:334 Message with id 60 was extracted from the queue of L.
2026/Jun/17 06:18:07.068586 PORTEVENT TC_26_7_2_2.ttcn3:334 Message with id 61 was extracted from the queue of L.
2026/Jun/17 06:18:07.068589 PORTEVENT TC_26_7_2_2.ttcn3:334 Message with id 62 was extracted from the queue of L.
2026/Jun/17 06:18:07.068591 PORTEVENT TC_26_7_2_2.ttcn3:334 Message with id 63 was extracted from the queue of L.
2026/Jun/17 06:18:07.068594 PORTEVENT TC_26_7_2_2.ttcn3:334 Message with id 64 was extracted from the queue of L.
2026/Jun/17 06:18:07.068596 PORTEVENT TC_26_7_2_2.ttcn3:334 Message with id 65 was extracted from the queue of L.
2026/Jun/17 06:18:07.068598 PORTEVENT TC_26_7_2_2.ttcn3:334 Message with id 66 was extracted from the queue of L.
2026/Jun/17 06:18:07.068601 PORTEVENT TC_26_7_2_2.ttcn3:334 Message with id 67 was extracted from the queue of L.
2026/Jun/17 06:18:07.068603 PORTEVENT TC_26_7_2_2.ttcn3:334 Message with id 68 was extracted from the queue of L.
2026/Jun/17 06:18:07.068606 PORTEVENT TC_26_7_2_2.ttcn3:334 Message with id 69 was extracted from the queue of L.
2026/Jun/17 06:18:07.068608 PORTEVENT TC_26_7_2_2.ttcn3:334 Message with id 70 was extracted from the queue of L.
2026/Jun/17 06:18:07.068611 PORTEVENT TC_26_7_2_2.ttcn3:334 Message with id 71 was extracted from the queue of L.
2026/Jun/17 06:18:07.068615 PORTEVENT TC_26_7_2_2.ttcn3:334 Port L was stopped.
2026/Jun/17 06:18:07.068628 PORTEVENT TC_26_7_2_2.ttcn3:334 Port RR was stopped.
2026/Jun/17 06:18:07.068638 PORTEVENT TC_26_7_2_2.ttcn3:334 Port MM was stopped.
2026/Jun/17 06:18:07.068645 PORTEVENT TC_26_7_2_2.ttcn3:334 Port CC was stopped.
2026/Jun/17 06:18:07.068648 USER TC_26_7_2_2.ttcn3:334 MSC_Port: user_stop called
2026/Jun/17 06:18:07.068653 PORTEVENT TC_26_7_2_2.ttcn3:334 Message with id 37 was extracted from the queue of MSC.
2026/Jun/17 06:18:07.068656 PORTEVENT TC_26_7_2_2.ttcn3:334 Port MSC was stopped.
2026/Jun/17 06:18:07.068664 USER TC_26_7_2_2.ttcn3:334 BSC_Port: user_stop called
2026/Jun/17 06:18:07.068668 PORTEVENT TC_26_7_2_2.ttcn3:334 Port BSC was stopped.
2026/Jun/17 06:18:07.068671 PORTEVENT TC_26_7_2_2.ttcn3:334 Port RSL was stopped.
2026/Jun/17 06:18:07.068674 USER TC_26_7_2_2.ttcn3:334 VTY_PT: Stopping
2026/Jun/17 06:18:07.068679 PORTEVENT TC_26_7_2_2.ttcn3:334 Port VTY was stopped.
2026/Jun/17 06:18:07.068682 PORTEVENT TC_26_7_2_2.ttcn3:334 Port COORD was stopped.
2026/Jun/17 06:18:07.068685 PARALLEL TC_26_7_2_2.ttcn3:334 Component type GSM_Component_Definitions.GSM_CT was shut down inside testcase TC_26_7_2_2.
2026/Jun/17 06:18:07.068691 EXECUTOR TC_26_7_2_2.ttcn3:334 Waiting for PTCs to finish.
2026/Jun/17 06:18:07.068722 VERDICTOP TC_26_7_2_2.ttcn3:334 Setting final verdict of the test case.
2026/Jun/17 06:18:07.068761 VERDICTOP TC_26_7_2_2.ttcn3:334 Local verdict of MTC: pass
2026/Jun/17 06:18:07.068779 VERDICTOP TC_26_7_2_2.ttcn3:334 No PTCs were created.
2026/Jun/17 06:18:07.068788 TESTCASE TC_26_7_2_2.ttcn3:334 Test case TC_26_7_2_2 finished. Verdict: pass
2026/Jun/17 06:18:07.068874 STATISTICS - Verdict statistics: 0 none (0.00 %), 1 pass (100.00 %), 0 inconc (0.00 %), 0 fail (0.00 %), 0 error (0.00 %).
2026/Jun/17 06:18:07.068911 STATISTICS - Test execution summary: 1 test case was executed. Overall verdict: pass
2026/Jun/17 06:18:07.068914 EXECUTOR - Exit was requested from MC. Terminating MTC.
