unix_ts,namespace,pod,cpu_m,mem_mib
1782486103,gsm-58,msc-test-stub-5b875d749d-vn5tj,10,16
1782486103,gsm-58,osmo-bsc-594654bd47-d6tfv,4,5
1782486103,gsm-58,osmo-bts-virtual-5f8b9b86fc-6msxb,12,5
1782486103,gsm-58,osmo-hlr-546bdb8988-chqpf,1,2
1782486103,gsm-58,osmo-mgw-8c8fc67d6-fxs4m,1,2
1782486103,gsm-58,osmo-mobile-7c59486c5-rfgsl,5,36
1782486103,gsm-58,osmo-stp-768687f494-n22q8,1,2
1782486103,gsm-58,virtphy-7f6564d854-m7794,8,1
1782486109,gsm-58,msc-test-stub-5b875d749d-vn5tj,10,16
1782486109,gsm-58,osmo-bsc-594654bd47-d6tfv,4,5
1782486109,gsm-58,osmo-bts-virtual-5f8b9b86fc-6msxb,12,5
1782486109,gsm-58,osmo-hlr-546bdb8988-chqpf,1,2
1782486109,gsm-58,osmo-mgw-8c8fc67d6-fxs4m,1,2
1782486109,gsm-58,osmo-mobile-7c59486c5-rfgsl,5,36
1782486109,gsm-58,osmo-stp-768687f494-n22q8,1,2
1782486109,gsm-58,virtphy-7f6564d854-m7794,8,1
1782486112,gsm-58,msc-test-stub-5b875d749d-vn5tj,10,16
1782486112,gsm-58,osmo-bsc-594654bd47-d6tfv,4,5
1782486112,gsm-58,osmo-bts-virtual-5f8b9b86fc-6msxb,12,5
1782486112,gsm-58,osmo-hlr-546bdb8988-chqpf,1,2
1782486112,gsm-58,osmo-mgw-8c8fc67d6-fxs4m,1,2
1782486112,gsm-58,osmo-mobile-7c59486c5-rfgsl,5,36
1782486112,gsm-58,osmo-stp-768687f494-n22q8,1,2
1782486112,gsm-58,virtphy-7f6564d854-m7794,8,1
1782486117,gsm-58,msc-test-stub-5b875d749d-vn5tj,10,16
1782486117,gsm-58,osmo-bsc-594654bd47-d6tfv,4,5
1782486117,gsm-58,osmo-bts-virtual-5f8b9b86fc-6msxb,12,5
1782486117,gsm-58,osmo-hlr-546bdb8988-chqpf,1,2
1782486117,gsm-58,osmo-mgw-8c8fc67d6-fxs4m,1,2
1782486117,gsm-58,osmo-mobile-7c59486c5-rfgsl,5,36
1782486117,gsm-58,osmo-stp-768687f494-n22q8,1,2
1782486117,gsm-58,virtphy-7f6564d854-m7794,8,1
1782486120,gsm-58,msc-test-stub-5b875d749d-vn5tj,1,16
1782486120,gsm-58,osmo-bsc-594654bd47-d6tfv,1,5
1782486120,gsm-58,osmo-bts-virtual-5f8b9b86fc-6msxb,30,5
1782486120,gsm-58,osmo-hlr-546bdb8988-chqpf,1,2
1782486120,gsm-58,osmo-mgw-8c8fc67d6-fxs4m,1,2
1782486120,gsm-58,osmo-mobile-7c59486c5-rfgsl,5,36
1782486120,gsm-58,osmo-stp-768687f494-n22q8,1,2
1782486120,gsm-58,virtphy-7f6564d854-m7794,7,1
1782486122,gsm-58,msc-test-stub-5b875d749d-vn5tj,1,16
1782486122,gsm-58,osmo-bsc-594654bd47-d6tfv,1,5
1782486122,gsm-58,osmo-bts-virtual-5f8b9b86fc-6msxb,30,5
1782486122,gsm-58,osmo-hlr-546bdb8988-chqpf,1,2
1782486122,gsm-58,osmo-mgw-8c8fc67d6-fxs4m,1,2
1782486122,gsm-58,osmo-mobile-7c59486c5-rfgsl,5,36
1782486122,gsm-58,osmo-stp-768687f494-n22q8,1,2
1782486122,gsm-58,virtphy-7f6564d854-m7794,7,1
1782486124,gsm-58,msc-test-stub-5b875d749d-vn5tj,1,16
1782486124,gsm-58,osmo-bsc-594654bd47-d6tfv,1,5
1782486124,gsm-58,osmo-bts-virtual-5f8b9b86fc-6msxb,30,5
1782486124,gsm-58,osmo-hlr-546bdb8988-chqpf,1,2
1782486124,gsm-58,osmo-mgw-8c8fc67d6-fxs4m,1,2
1782486124,gsm-58,osmo-mobile-7c59486c5-rfgsl,5,36
1782486124,gsm-58,osmo-stp-768687f494-n22q8,1,2
1782486124,gsm-58,virtphy-7f6564d854-m7794,7,1
1782486127,gsm-58,msc-test-stub-5b875d749d-vn5tj,1,16
1782486127,gsm-58,osmo-bsc-594654bd47-d6tfv,1,5
1782486127,gsm-58,osmo-bts-virtual-5f8b9b86fc-6msxb,30,5
1782486127,gsm-58,osmo-hlr-546bdb8988-chqpf,1,2
1782486127,gsm-58,osmo-mgw-8c8fc67d6-fxs4m,1,2
1782486127,gsm-58,osmo-mobile-7c59486c5-rfgsl,5,36
1782486127,gsm-58,osmo-stp-768687f494-n22q8,1,2
1782486127,gsm-58,virtphy-7f6564d854-m7794,7,1
1782486129,gsm-58,msc-test-stub-5b875d749d-vn5tj,1,16
1782486129,gsm-58,osmo-bsc-594654bd47-d6tfv,1,5
1782486129,gsm-58,osmo-bts-virtual-5f8b9b86fc-6msxb,30,5
1782486129,gsm-58,osmo-hlr-546bdb8988-chqpf,1,2
1782486129,gsm-58,osmo-mgw-8c8fc67d6-fxs4m,1,2
1782486129,gsm-58,osmo-mobile-7c59486c5-rfgsl,5,36
1782486129,gsm-58,osmo-stp-768687f494-n22q8,1,2
1782486129,gsm-58,virtphy-7f6564d854-m7794,7,1
1782486132,gsm-58,msc-test-stub-5b875d749d-vn5tj,1,16
1782486132,gsm-58,osmo-bsc-594654bd47-d6tfv,1,5
1782486132,gsm-58,osmo-bts-virtual-5f8b9b86fc-6msxb,30,5
1782486132,gsm-58,osmo-hlr-546bdb8988-chqpf,1,2
1782486132,gsm-58,osmo-mgw-8c8fc67d6-fxs4m,1,2
1782486132,gsm-58,osmo-mobile-7c59486c5-rfgsl,5,36
1782486132,gsm-58,osmo-stp-768687f494-n22q8,1,2
1782486132,gsm-58,virtphy-7f6564d854-m7794,7,1
1782486134,gsm-58,msc-test-stub-5b875d749d-vn5tj,3,16
1782486134,gsm-58,osmo-bsc-594654bd47-d6tfv,1,5
1782486134,gsm-58,osmo-bts-virtual-5f8b9b86fc-6msxb,28,5
1782486134,gsm-58,osmo-hlr-546bdb8988-chqpf,1,2
1782486134,gsm-58,osmo-mgw-8c8fc67d6-fxs4m,1,2
1782486134,gsm-58,osmo-mobile-7c59486c5-rfgsl,4,36
1782486134,gsm-58,osmo-stp-768687f494-n22q8,1,2
1782486134,gsm-58,ttcn3-tc-26-3-4-1-pnx4v,15,8
1782486134,gsm-58,virtphy-7f6564d854-m7794,7,1
1782486136,gsm-58,msc-test-stub-5b875d749d-vn5tj,3,16
1782486136,gsm-58,osmo-bsc-594654bd47-d6tfv,1,5
1782486136,gsm-58,osmo-bts-virtual-5f8b9b86fc-6msxb,28,5
1782486136,gsm-58,osmo-hlr-546bdb8988-chqpf,1,2
1782486136,gsm-58,osmo-mgw-8c8fc67d6-fxs4m,1,2
1782486136,gsm-58,osmo-mobile-7c59486c5-rfgsl,4,36
1782486136,gsm-58,osmo-stp-768687f494-n22q8,1,2
1782486136,gsm-58,ttcn3-tc-26-3-4-1-pnx4v,15,8
1782486136,gsm-58,virtphy-7f6564d854-m7794,7,1
1782486138,gsm-58,msc-test-stub-5b875d749d-vn5tj,3,16
1782486138,gsm-58,osmo-bsc-594654bd47-d6tfv,1,5
1782486138,gsm-58,osmo-bts-virtual-5f8b9b86fc-6msxb,28,5
1782486138,gsm-58,osmo-hlr-546bdb8988-chqpf,1,2
1782486138,gsm-58,osmo-mgw-8c8fc67d6-fxs4m,1,2
1782486138,gsm-58,osmo-mobile-7c59486c5-rfgsl,4,36
1782486138,gsm-58,osmo-stp-768687f494-n22q8,1,2
1782486138,gsm-58,ttcn3-tc-26-3-4-1-pnx4v,15,8
1782486138,gsm-58,virtphy-7f6564d854-m7794,7,1
1782486141,gsm-58,msc-test-stub-5b875d749d-vn5tj,3,16
1782486141,gsm-58,osmo-bsc-594654bd47-d6tfv,1,5
1782486141,gsm-58,osmo-bts-virtual-5f8b9b86fc-6msxb,28,5
1782486141,gsm-58,osmo-hlr-546bdb8988-chqpf,1,2
1782486141,gsm-58,osmo-mgw-8c8fc67d6-fxs4m,1,2
1782486141,gsm-58,osmo-mobile-7c59486c5-rfgsl,4,36
1782486141,gsm-58,osmo-stp-768687f494-n22q8,1,2
1782486141,gsm-58,ttcn3-tc-26-3-4-1-pnx4v,15,8
1782486141,gsm-58,virtphy-7f6564d854-m7794,7,1
1782486145,gsm-58,msc-test-stub-5b875d749d-vn5tj,3,16
1782486145,gsm-58,osmo-bsc-594654bd47-d6tfv,1,5
1782486145,gsm-58,osmo-bts-virtual-5f8b9b86fc-6msxb,28,5
1782486145,gsm-58,osmo-hlr-546bdb8988-chqpf,1,2
1782486145,gsm-58,osmo-mgw-8c8fc67d6-fxs4m,1,2
1782486145,gsm-58,osmo-mobile-7c59486c5-rfgsl,4,36
1782486145,gsm-58,osmo-stp-768687f494-n22q8,1,2
1782486145,gsm-58,ttcn3-tc-26-3-4-1-pnx4v,15,8
1782486145,gsm-58,virtphy-7f6564d854-m7794,7,1
1782486147,gsm-58,msc-test-stub-5b875d749d-vn5tj,3,16
1782486147,gsm-58,osmo-bsc-594654bd47-d6tfv,1,5
1782486147,gsm-58,osmo-bts-virtual-5f8b9b86fc-6msxb,28,5
1782486147,gsm-58,osmo-hlr-546bdb8988-chqpf,1,2
1782486147,gsm-58,osmo-mgw-8c8fc67d6-fxs4m,1,2
1782486147,gsm-58,osmo-mobile-7c59486c5-rfgsl,4,36
1782486147,gsm-58,osmo-stp-768687f494-n22q8,1,2
1782486147,gsm-58,ttcn3-tc-26-3-4-1-pnx4v,15,8
1782486147,gsm-58,virtphy-7f6564d854-m7794,7,1
1782486150,gsm-58,msc-test-stub-5b875d749d-vn5tj,1,16
1782486150,gsm-58,osmo-bsc-594654bd47-d6tfv,1,5
1782486150,gsm-58,osmo-bts-virtual-5f8b9b86fc-6msxb,27,5
1782486150,gsm-58,osmo-hlr-546bdb8988-chqpf,1,2
1782486150,gsm-58,osmo-mgw-8c8fc67d6-fxs4m,1,2
1782486150,gsm-58,osmo-mobile-7c59486c5-rfgsl,3,36
1782486150,gsm-58,osmo-stp-768687f494-n22q8,1,2
1782486150,gsm-58,ttcn3-tc-26-3-4-1-pnx4v,1,8
1782486150,gsm-58,virtphy-7f6564d854-m7794,6,1
1782486153,gsm-58,msc-test-stub-5b875d749d-vn5tj,1,16
1782486153,gsm-58,osmo-bsc-594654bd47-d6tfv,1,5
1782486153,gsm-58,osmo-bts-virtual-5f8b9b86fc-6msxb,27,5
1782486153,gsm-58,osmo-hlr-546bdb8988-chqpf,1,2
1782486153,gsm-58,osmo-mgw-8c8fc67d6-fxs4m,1,2
1782486153,gsm-58,osmo-mobile-7c59486c5-rfgsl,3,36
1782486153,gsm-58,osmo-stp-768687f494-n22q8,1,2
1782486153,gsm-58,ttcn3-tc-26-3-4-1-pnx4v,1,8
1782486153,gsm-58,virtphy-7f6564d854-m7794,6,1
1782486155,gsm-58,msc-test-stub-5b875d749d-vn5tj,1,16
1782486155,gsm-58,osmo-bsc-594654bd47-d6tfv,1,5
1782486155,gsm-58,osmo-bts-virtual-5f8b9b86fc-6msxb,27,5
1782486155,gsm-58,osmo-hlr-546bdb8988-chqpf,1,2
1782486155,gsm-58,osmo-mgw-8c8fc67d6-fxs4m,1,2
1782486155,gsm-58,osmo-mobile-7c59486c5-rfgsl,3,36
1782486155,gsm-58,osmo-stp-768687f494-n22q8,1,2
1782486155,gsm-58,ttcn3-tc-26-3-4-1-pnx4v,1,8
1782486155,gsm-58,virtphy-7f6564d854-m7794,6,1
1782486158,gsm-58,msc-test-stub-5b875d749d-vn5tj,1,16
1782486158,gsm-58,osmo-bsc-594654bd47-d6tfv,1,5
1782486158,gsm-58,osmo-bts-virtual-5f8b9b86fc-6msxb,27,5
1782486158,gsm-58,osmo-hlr-546bdb8988-chqpf,1,2
1782486158,gsm-58,osmo-mgw-8c8fc67d6-fxs4m,1,2
1782486158,gsm-58,osmo-mobile-7c59486c5-rfgsl,3,36
1782486158,gsm-58,osmo-stp-768687f494-n22q8,1,2
1782486158,gsm-58,ttcn3-tc-26-3-4-1-pnx4v,1,8
1782486158,gsm-58,virtphy-7f6564d854-m7794,6,1
1782486161,gsm-58,msc-test-stub-5b875d749d-vn5tj,1,16
1782486161,gsm-58,osmo-bsc-594654bd47-d6tfv,1,5
1782486161,gsm-58,osmo-bts-virtual-5f8b9b86fc-6msxb,27,5
1782486161,gsm-58,osmo-hlr-546bdb8988-chqpf,1,2
1782486161,gsm-58,osmo-mgw-8c8fc67d6-fxs4m,1,2
1782486161,gsm-58,osmo-mobile-7c59486c5-rfgsl,3,36
1782486161,gsm-58,osmo-stp-768687f494-n22q8,1,2
1782486161,gsm-58,ttcn3-tc-26-3-4-1-pnx4v,1,8
1782486161,gsm-58,virtphy-7f6564d854-m7794,6,1
1782486164,gsm-58,msc-test-stub-5b875d749d-vn5tj,1,16
1782486164,gsm-58,osmo-bsc-594654bd47-d6tfv,1,5
1782486164,gsm-58,osmo-bts-virtual-5f8b9b86fc-6msxb,27,5
1782486164,gsm-58,osmo-hlr-546bdb8988-chqpf,1,2
1782486164,gsm-58,osmo-mgw-8c8fc67d6-fxs4m,1,2
1782486164,gsm-58,osmo-mobile-7c59486c5-rfgsl,3,36
1782486164,gsm-58,osmo-stp-768687f494-n22q8,1,2
1782486164,gsm-58,ttcn3-tc-26-3-4-1-pnx4v,1,8
1782486164,gsm-58,virtphy-7f6564d854-m7794,6,1
1782486166,gsm-58,msc-test-stub-5b875d749d-vn5tj,1,16
1782486166,gsm-58,osmo-bsc-594654bd47-d6tfv,1,5
1782486166,gsm-58,osmo-bts-virtual-5f8b9b86fc-6msxb,27,5
1782486166,gsm-58,osmo-hlr-546bdb8988-chqpf,1,2
1782486166,gsm-58,osmo-mgw-8c8fc67d6-fxs4m,1,2
1782486166,gsm-58,osmo-mobile-7c59486c5-rfgsl,3,36
1782486166,gsm-58,osmo-stp-768687f494-n22q8,1,2
1782486166,gsm-58,ttcn3-tc-26-3-4-1-pnx4v,1,8
1782486166,gsm-58,virtphy-7f6564d854-m7794,6,1
1782486168,gsm-58,msc-test-stub-5b875d749d-vn5tj,1,16
1782486168,gsm-58,osmo-bsc-594654bd47-d6tfv,1,5
1782486168,gsm-58,osmo-bts-virtual-5f8b9b86fc-6msxb,27,5
1782486168,gsm-58,osmo-hlr-546bdb8988-chqpf,1,2
1782486168,gsm-58,osmo-mgw-8c8fc67d6-fxs4m,1,2
1782486168,gsm-58,osmo-mobile-7c59486c5-rfgsl,3,36
1782486168,gsm-58,osmo-stp-768687f494-n22q8,1,2
1782486168,gsm-58,ttcn3-tc-26-3-4-1-pnx4v,1,8
1782486168,gsm-58,virtphy-7f6564d854-m7794,6,1
1782486172,gsm-58,msc-test-stub-5b875d749d-vn5tj,1,16
1782486172,gsm-58,osmo-bsc-594654bd47-d6tfv,1,5
1782486172,gsm-58,osmo-bts-virtual-5f8b9b86fc-6msxb,27,5
1782486172,gsm-58,osmo-hlr-546bdb8988-chqpf,1,2
1782486172,gsm-58,osmo-mgw-8c8fc67d6-fxs4m,1,2
1782486172,gsm-58,osmo-mobile-7c59486c5-rfgsl,3,36
1782486172,gsm-58,osmo-stp-768687f494-n22q8,1,2
1782486172,gsm-58,ttcn3-tc-26-3-4-1-pnx4v,1,8
1782486172,gsm-58,virtphy-7f6564d854-m7794,6,1
1782486174,gsm-58,msc-test-stub-5b875d749d-vn5tj,1,16
1782486174,gsm-58,osmo-bsc-594654bd47-d6tfv,1,5
1782486174,gsm-58,osmo-bts-virtual-5f8b9b86fc-6msxb,27,5
1782486174,gsm-58,osmo-hlr-546bdb8988-chqpf,1,2
1782486174,gsm-58,osmo-mgw-8c8fc67d6-fxs4m,1,2
1782486174,gsm-58,osmo-mobile-7c59486c5-rfgsl,3,36
1782486174,gsm-58,osmo-stp-768687f494-n22q8,1,2
1782486174,gsm-58,ttcn3-tc-26-3-4-1-pnx4v,1,8
1782486174,gsm-58,virtphy-7f6564d854-m7794,6,1
1782486176,gsm-58,msc-test-stub-5b875d749d-vn5tj,1,16
1782486176,gsm-58,osmo-bsc-594654bd47-d6tfv,1,5
1782486176,gsm-58,osmo-bts-virtual-5f8b9b86fc-6msxb,27,5
1782486176,gsm-58,osmo-hlr-546bdb8988-chqpf,1,2
1782486176,gsm-58,osmo-mgw-8c8fc67d6-fxs4m,1,2
1782486176,gsm-58,osmo-mobile-7c59486c5-rfgsl,3,36
1782486176,gsm-58,osmo-stp-768687f494-n22q8,1,2
1782486176,gsm-58,ttcn3-tc-26-3-4-1-pnx4v,1,8
1782486176,gsm-58,virtphy-7f6564d854-m7794,6,1
1782486179,gsm-58,msc-test-stub-5b875d749d-vn5tj,1,16
1782486179,gsm-58,osmo-bsc-594654bd47-d6tfv,1,5
1782486179,gsm-58,osmo-bts-virtual-5f8b9b86fc-6msxb,25,5
1782486179,gsm-58,osmo-hlr-546bdb8988-chqpf,1,2
1782486179,gsm-58,osmo-mgw-8c8fc67d6-fxs4m,1,2
1782486179,gsm-58,osmo-mobile-7c59486c5-rfgsl,3,36
1782486179,gsm-58,osmo-stp-768687f494-n22q8,1,2
1782486179,gsm-58,ttcn3-tc-26-3-4-1-pnx4v,1,8
1782486179,gsm-58,virtphy-7f6564d854-m7794,7,1
1782486182,gsm-58,msc-test-stub-5b875d749d-vn5tj,1,16
1782486182,gsm-58,osmo-bsc-594654bd47-d6tfv,1,5
1782486182,gsm-58,osmo-bts-virtual-5f8b9b86fc-6msxb,25,5
1782486182,gsm-58,osmo-hlr-546bdb8988-chqpf,1,2
1782486182,gsm-58,osmo-mgw-8c8fc67d6-fxs4m,1,2
1782486182,gsm-58,osmo-mobile-7c59486c5-rfgsl,3,36
1782486182,gsm-58,osmo-stp-768687f494-n22q8,1,2
1782486182,gsm-58,ttcn3-tc-26-3-4-1-pnx4v,1,8
1782486182,gsm-58,virtphy-7f6564d854-m7794,7,1
1782486184,gsm-58,msc-test-stub-5b875d749d-vn5tj,1,16
1782486184,gsm-58,osmo-bsc-594654bd47-d6tfv,1,5
1782486184,gsm-58,osmo-bts-virtual-5f8b9b86fc-6msxb,25,5
1782486184,gsm-58,osmo-hlr-546bdb8988-chqpf,1,2
1782486184,gsm-58,osmo-mgw-8c8fc67d6-fxs4m,1,2
1782486184,gsm-58,osmo-mobile-7c59486c5-rfgsl,3,36
1782486184,gsm-58,osmo-stp-768687f494-n22q8,1,2
1782486184,gsm-58,ttcn3-tc-26-3-4-1-pnx4v,1,8
1782486184,gsm-58,virtphy-7f6564d854-m7794,7,1
1782486187,gsm-58,msc-test-stub-5b875d749d-vn5tj,1,16
1782486187,gsm-58,osmo-bsc-594654bd47-d6tfv,1,5
1782486187,gsm-58,osmo-bts-virtual-5f8b9b86fc-6msxb,25,5
1782486187,gsm-58,osmo-hlr-546bdb8988-chqpf,1,2
1782486187,gsm-58,osmo-mgw-8c8fc67d6-fxs4m,1,2
1782486187,gsm-58,osmo-mobile-7c59486c5-rfgsl,3,36
1782486187,gsm-58,osmo-stp-768687f494-n22q8,1,2
1782486187,gsm-58,ttcn3-tc-26-3-4-1-pnx4v,1,8
1782486187,gsm-58,virtphy-7f6564d854-m7794,7,1
1782486189,gsm-58,msc-test-stub-5b875d749d-vn5tj,1,16
1782486189,gsm-58,osmo-bsc-594654bd47-d6tfv,1,5
1782486189,gsm-58,osmo-bts-virtual-5f8b9b86fc-6msxb,25,5
1782486189,gsm-58,osmo-hlr-546bdb8988-chqpf,1,2
1782486189,gsm-58,osmo-mgw-8c8fc67d6-fxs4m,1,2
1782486189,gsm-58,osmo-mobile-7c59486c5-rfgsl,3,36
1782486189,gsm-58,osmo-stp-768687f494-n22q8,1,2
1782486189,gsm-58,ttcn3-tc-26-3-4-1-pnx4v,1,8
1782486189,gsm-58,virtphy-7f6564d854-m7794,7,1
1782486191,gsm-58,msc-test-stub-5b875d749d-vn5tj,1,16
1782486191,gsm-58,osmo-bsc-594654bd47-d6tfv,1,5
1782486191,gsm-58,osmo-bts-virtual-5f8b9b86fc-6msxb,25,5
1782486191,gsm-58,osmo-hlr-546bdb8988-chqpf,1,2
1782486191,gsm-58,osmo-mgw-8c8fc67d6-fxs4m,1,2
1782486191,gsm-58,osmo-mobile-7c59486c5-rfgsl,3,36
1782486191,gsm-58,osmo-stp-768687f494-n22q8,1,2
1782486191,gsm-58,ttcn3-tc-26-3-4-1-pnx4v,1,8
1782486191,gsm-58,virtphy-7f6564d854-m7794,7,1
1782486194,gsm-58,msc-test-stub-5b875d749d-vn5tj,1,16
1782486194,gsm-58,osmo-bsc-594654bd47-d6tfv,1,5
1782486194,gsm-58,osmo-bts-virtual-5f8b9b86fc-6msxb,26,5
1782486194,gsm-58,osmo-hlr-546bdb8988-chqpf,1,2
1782486194,gsm-58,osmo-mgw-8c8fc67d6-fxs4m,1,2
1782486194,gsm-58,osmo-mobile-7c59486c5-rfgsl,3,36
1782486194,gsm-58,osmo-stp-768687f494-n22q8,1,2
1782486194,gsm-58,ttcn3-tc-26-3-4-1-pnx4v,1,8
1782486194,gsm-58,virtphy-7f6564d854-m7794,7,1
1782486197,gsm-58,msc-test-stub-5b875d749d-vn5tj,1,16
1782486197,gsm-58,osmo-bsc-594654bd47-d6tfv,1,5
1782486197,gsm-58,osmo-bts-virtual-5f8b9b86fc-6msxb,26,5
1782486197,gsm-58,osmo-hlr-546bdb8988-chqpf,1,2
1782486197,gsm-58,osmo-mgw-8c8fc67d6-fxs4m,1,2
1782486197,gsm-58,osmo-mobile-7c59486c5-rfgsl,3,36
1782486197,gsm-58,osmo-stp-768687f494-n22q8,1,2
1782486197,gsm-58,ttcn3-tc-26-3-4-1-pnx4v,1,8
1782486197,gsm-58,virtphy-7f6564d854-m7794,7,1
1782486199,gsm-58,msc-test-stub-5b875d749d-vn5tj,1,16
1782486199,gsm-58,osmo-bsc-594654bd47-d6tfv,1,5
1782486199,gsm-58,osmo-bts-virtual-5f8b9b86fc-6msxb,26,5
1782486199,gsm-58,osmo-hlr-546bdb8988-chqpf,1,2
1782486199,gsm-58,osmo-mgw-8c8fc67d6-fxs4m,1,2
1782486199,gsm-58,osmo-mobile-7c59486c5-rfgsl,3,36
1782486199,gsm-58,osmo-stp-768687f494-n22q8,1,2
1782486199,gsm-58,ttcn3-tc-26-3-4-1-pnx4v,1,8
1782486199,gsm-58,virtphy-7f6564d854-m7794,7,1
1782486202,gsm-58,msc-test-stub-5b875d749d-vn5tj,1,16
1782486202,gsm-58,osmo-bsc-594654bd47-d6tfv,1,5
1782486202,gsm-58,osmo-bts-virtual-5f8b9b86fc-6msxb,26,5
1782486202,gsm-58,osmo-hlr-546bdb8988-chqpf,1,2
1782486202,gsm-58,osmo-mgw-8c8fc67d6-fxs4m,1,2
1782486202,gsm-58,osmo-mobile-7c59486c5-rfgsl,3,36
1782486202,gsm-58,osmo-stp-768687f494-n22q8,1,2
1782486202,gsm-58,ttcn3-tc-26-3-4-1-pnx4v,1,8
1782486202,gsm-58,virtphy-7f6564d854-m7794,7,1
1782486204,gsm-58,msc-test-stub-5b875d749d-vn5tj,1,16
1782486204,gsm-58,osmo-bsc-594654bd47-d6tfv,1,5
1782486204,gsm-58,osmo-bts-virtual-5f8b9b86fc-6msxb,26,5
1782486204,gsm-58,osmo-hlr-546bdb8988-chqpf,1,2
1782486204,gsm-58,osmo-mgw-8c8fc67d6-fxs4m,1,2
1782486204,gsm-58,osmo-mobile-7c59486c5-rfgsl,3,36
1782486204,gsm-58,osmo-stp-768687f494-n22q8,1,2
1782486204,gsm-58,ttcn3-tc-26-3-4-1-pnx4v,1,8
1782486204,gsm-58,virtphy-7f6564d854-m7794,7,1
1782486206,gsm-58,msc-test-stub-5b875d749d-vn5tj,1,16
1782486206,gsm-58,osmo-bsc-594654bd47-d6tfv,1,5
1782486206,gsm-58,osmo-bts-virtual-5f8b9b86fc-6msxb,26,5
1782486206,gsm-58,osmo-hlr-546bdb8988-chqpf,1,2
1782486206,gsm-58,osmo-mgw-8c8fc67d6-fxs4m,1,2
1782486206,gsm-58,osmo-mobile-7c59486c5-rfgsl,3,36
1782486206,gsm-58,osmo-stp-768687f494-n22q8,1,2
1782486206,gsm-58,ttcn3-tc-26-3-4-1-pnx4v,1,8
1782486206,gsm-58,virtphy-7f6564d854-m7794,7,1
1782486209,gsm-58,msc-test-stub-5b875d749d-vn5tj,1,16
1782486209,gsm-58,osmo-bsc-594654bd47-d6tfv,1,5
1782486209,gsm-58,osmo-bts-virtual-5f8b9b86fc-6msxb,25,5
1782486209,gsm-58,osmo-hlr-546bdb8988-chqpf,1,2
1782486209,gsm-58,osmo-mgw-8c8fc67d6-fxs4m,1,2
1782486209,gsm-58,osmo-mobile-7c59486c5-rfgsl,3,36
1782486209,gsm-58,osmo-stp-768687f494-n22q8,1,2
1782486209,gsm-58,ttcn3-tc-26-3-4-1-pnx4v,1,8
1782486209,gsm-58,virtphy-7f6564d854-m7794,7,1
1782486212,gsm-58,msc-test-stub-5b875d749d-vn5tj,1,16
1782486212,gsm-58,osmo-bsc-594654bd47-d6tfv,1,5
1782486212,gsm-58,osmo-bts-virtual-5f8b9b86fc-6msxb,25,5
1782486212,gsm-58,osmo-hlr-546bdb8988-chqpf,1,2
1782486212,gsm-58,osmo-mgw-8c8fc67d6-fxs4m,1,2
1782486212,gsm-58,osmo-mobile-7c59486c5-rfgsl,3,36
1782486212,gsm-58,osmo-stp-768687f494-n22q8,1,2
1782486212,gsm-58,ttcn3-tc-26-3-4-1-pnx4v,1,8
1782486212,gsm-58,virtphy-7f6564d854-m7794,7,1
1782486214,gsm-58,msc-test-stub-5b875d749d-vn5tj,1,16
1782486214,gsm-58,osmo-bsc-594654bd47-d6tfv,1,5
1782486214,gsm-58,osmo-bts-virtual-5f8b9b86fc-6msxb,25,5
1782486214,gsm-58,osmo-hlr-546bdb8988-chqpf,1,2
1782486214,gsm-58,osmo-mgw-8c8fc67d6-fxs4m,1,2
1782486214,gsm-58,osmo-mobile-7c59486c5-rfgsl,3,36
1782486214,gsm-58,osmo-stp-768687f494-n22q8,1,2
1782486214,gsm-58,ttcn3-tc-26-3-4-1-pnx4v,1,8
1782486214,gsm-58,virtphy-7f6564d854-m7794,7,1
1782486217,gsm-58,msc-test-stub-5b875d749d-vn5tj,1,16
1782486217,gsm-58,osmo-bsc-594654bd47-d6tfv,1,5
1782486217,gsm-58,osmo-bts-virtual-5f8b9b86fc-6msxb,25,5
1782486217,gsm-58,osmo-hlr-546bdb8988-chqpf,1,2
1782486217,gsm-58,osmo-mgw-8c8fc67d6-fxs4m,1,2
1782486217,gsm-58,osmo-mobile-7c59486c5-rfgsl,3,36
1782486217,gsm-58,osmo-stp-768687f494-n22q8,1,2
1782486217,gsm-58,ttcn3-tc-26-3-4-1-pnx4v,1,8
1782486217,gsm-58,virtphy-7f6564d854-m7794,7,1
1782486220,gsm-58,msc-test-stub-5b875d749d-vn5tj,1,16
1782486220,gsm-58,osmo-bsc-594654bd47-d6tfv,1,5
1782486220,gsm-58,osmo-bts-virtual-5f8b9b86fc-6msxb,25,5
1782486220,gsm-58,osmo-hlr-546bdb8988-chqpf,1,2
1782486220,gsm-58,osmo-mgw-8c8fc67d6-fxs4m,1,2
1782486220,gsm-58,osmo-mobile-7c59486c5-rfgsl,3,36
1782486220,gsm-58,osmo-stp-768687f494-n22q8,1,2
1782486220,gsm-58,ttcn3-tc-26-3-4-1-pnx4v,1,8
1782486220,gsm-58,virtphy-7f6564d854-m7794,7,1
1782486223,gsm-58,msc-test-stub-5b875d749d-vn5tj,1,16
1782486223,gsm-58,osmo-bsc-594654bd47-d6tfv,1,5
1782486223,gsm-58,osmo-bts-virtual-5f8b9b86fc-6msxb,26,5
1782486223,gsm-58,osmo-hlr-546bdb8988-chqpf,1,2
1782486223,gsm-58,osmo-mgw-8c8fc67d6-fxs4m,1,2
1782486223,gsm-58,osmo-mobile-7c59486c5-rfgsl,3,36
1782486223,gsm-58,osmo-stp-768687f494-n22q8,1,2
1782486223,gsm-58,ttcn3-tc-26-3-4-1-pnx4v,1,8
1782486223,gsm-58,virtphy-7f6564d854-m7794,7,1
1782486225,gsm-58,msc-test-stub-5b875d749d-vn5tj,1,16
1782486225,gsm-58,osmo-bsc-594654bd47-d6tfv,1,5
1782486225,gsm-58,osmo-bts-virtual-5f8b9b86fc-6msxb,26,5
1782486225,gsm-58,osmo-hlr-546bdb8988-chqpf,1,2
1782486225,gsm-58,osmo-mgw-8c8fc67d6-fxs4m,1,2
1782486225,gsm-58,osmo-mobile-7c59486c5-rfgsl,3,36
1782486225,gsm-58,osmo-stp-768687f494-n22q8,1,2
1782486225,gsm-58,ttcn3-tc-26-3-4-1-pnx4v,1,8
1782486225,gsm-58,virtphy-7f6564d854-m7794,7,1
1782486227,gsm-58,msc-test-stub-5b875d749d-vn5tj,1,16
1782486227,gsm-58,osmo-bsc-594654bd47-d6tfv,1,5
1782486227,gsm-58,osmo-bts-virtual-5f8b9b86fc-6msxb,26,5
1782486227,gsm-58,osmo-hlr-546bdb8988-chqpf,1,2
1782486227,gsm-58,osmo-mgw-8c8fc67d6-fxs4m,1,2
1782486227,gsm-58,osmo-mobile-7c59486c5-rfgsl,3,36
1782486227,gsm-58,osmo-stp-768687f494-n22q8,1,2
1782486227,gsm-58,ttcn3-tc-26-3-4-1-pnx4v,1,8
1782486227,gsm-58,virtphy-7f6564d854-m7794,7,1
1782486231,gsm-58,msc-test-stub-5b875d749d-vn5tj,1,16
1782486231,gsm-58,osmo-bsc-594654bd47-d6tfv,1,5
1782486231,gsm-58,osmo-bts-virtual-5f8b9b86fc-6msxb,26,5
1782486231,gsm-58,osmo-hlr-546bdb8988-chqpf,1,2
1782486231,gsm-58,osmo-mgw-8c8fc67d6-fxs4m,1,2
1782486231,gsm-58,osmo-mobile-7c59486c5-rfgsl,3,36
1782486231,gsm-58,osmo-stp-768687f494-n22q8,1,2
1782486231,gsm-58,ttcn3-tc-26-3-4-1-pnx4v,1,8
1782486231,gsm-58,virtphy-7f6564d854-m7794,7,1
1782486236,gsm-58,msc-test-stub-5b875d749d-vn5tj,1,16
1782486236,gsm-58,osmo-bsc-594654bd47-d6tfv,1,5
1782486236,gsm-58,osmo-bts-virtual-5f8b9b86fc-6msxb,26,5
1782486236,gsm-58,osmo-hlr-546bdb8988-chqpf,1,2
1782486236,gsm-58,osmo-mgw-8c8fc67d6-fxs4m,1,2
1782486236,gsm-58,osmo-mobile-7c59486c5-rfgsl,3,36
1782486236,gsm-58,osmo-stp-768687f494-n22q8,1,2
1782486236,gsm-58,ttcn3-tc-26-3-4-1-pnx4v,1,8
1782486236,gsm-58,virtphy-7f6564d854-m7794,7,1
1782486239,gsm-58,msc-test-stub-5b875d749d-vn5tj,1,16
1782486239,gsm-58,osmo-bsc-594654bd47-d6tfv,1,5
1782486239,gsm-58,osmo-bts-virtual-5f8b9b86fc-6msxb,24,5
1782486239,gsm-58,osmo-hlr-546bdb8988-chqpf,1,2
1782486239,gsm-58,osmo-mgw-8c8fc67d6-fxs4m,1,2
1782486239,gsm-58,osmo-mobile-7c59486c5-rfgsl,3,36
1782486239,gsm-58,osmo-stp-768687f494-n22q8,1,2
1782486239,gsm-58,ttcn3-tc-26-3-4-1-pnx4v,1,8
1782486239,gsm-58,virtphy-7f6564d854-m7794,6,1
1782486241,gsm-58,msc-test-stub-5b875d749d-vn5tj,1,16
1782486241,gsm-58,osmo-bsc-594654bd47-d6tfv,1,5
1782486241,gsm-58,osmo-bts-virtual-5f8b9b86fc-6msxb,24,5
1782486241,gsm-58,osmo-hlr-546bdb8988-chqpf,1,2
1782486241,gsm-58,osmo-mgw-8c8fc67d6-fxs4m,1,2
1782486241,gsm-58,osmo-mobile-7c59486c5-rfgsl,3,36
1782486241,gsm-58,osmo-stp-768687f494-n22q8,1,2
1782486241,gsm-58,ttcn3-tc-26-3-4-1-pnx4v,1,8
1782486241,gsm-58,virtphy-7f6564d854-m7794,6,1
1782486244,gsm-58,msc-test-stub-5b875d749d-vn5tj,1,16
1782486244,gsm-58,osmo-bsc-594654bd47-d6tfv,1,5
1782486244,gsm-58,osmo-bts-virtual-5f8b9b86fc-6msxb,24,5
1782486244,gsm-58,osmo-hlr-546bdb8988-chqpf,1,2
1782486244,gsm-58,osmo-mgw-8c8fc67d6-fxs4m,1,2
1782486244,gsm-58,osmo-mobile-7c59486c5-rfgsl,3,36
1782486244,gsm-58,osmo-stp-768687f494-n22q8,1,2
1782486244,gsm-58,ttcn3-tc-26-3-4-1-pnx4v,1,8
1782486244,gsm-58,virtphy-7f6564d854-m7794,6,1
1782486246,gsm-58,msc-test-stub-5b875d749d-vn5tj,1,16
1782486246,gsm-58,osmo-bsc-594654bd47-d6tfv,1,5
1782486246,gsm-58,osmo-bts-virtual-5f8b9b86fc-6msxb,24,5
1782486246,gsm-58,osmo-hlr-546bdb8988-chqpf,1,2
1782486246,gsm-58,osmo-mgw-8c8fc67d6-fxs4m,1,2
1782486246,gsm-58,osmo-mobile-7c59486c5-rfgsl,3,36
1782486246,gsm-58,osmo-stp-768687f494-n22q8,1,2
1782486246,gsm-58,ttcn3-tc-26-3-4-1-pnx4v,1,8
1782486246,gsm-58,virtphy-7f6564d854-m7794,6,1
1782486248,gsm-58,msc-test-stub-5b875d749d-vn5tj,1,16
1782486248,gsm-58,osmo-bsc-594654bd47-d6tfv,1,5
1782486248,gsm-58,osmo-bts-virtual-5f8b9b86fc-6msxb,24,5
1782486248,gsm-58,osmo-hlr-546bdb8988-chqpf,1,2
1782486248,gsm-58,osmo-mgw-8c8fc67d6-fxs4m,1,2
1782486248,gsm-58,osmo-mobile-7c59486c5-rfgsl,3,36
1782486248,gsm-58,osmo-stp-768687f494-n22q8,1,2
1782486248,gsm-58,ttcn3-tc-26-3-4-1-pnx4v,1,8
1782486248,gsm-58,virtphy-7f6564d854-m7794,6,1
1782486251,gsm-58,msc-test-stub-5b875d749d-vn5tj,1,16
1782486251,gsm-58,osmo-bsc-594654bd47-d6tfv,1,5
1782486251,gsm-58,osmo-bts-virtual-5f8b9b86fc-6msxb,24,5
1782486251,gsm-58,osmo-hlr-546bdb8988-chqpf,1,2
1782486251,gsm-58,osmo-mgw-8c8fc67d6-fxs4m,1,2
1782486251,gsm-58,osmo-mobile-7c59486c5-rfgsl,3,36
1782486251,gsm-58,osmo-stp-768687f494-n22q8,1,2
1782486251,gsm-58,ttcn3-tc-26-3-4-1-pnx4v,1,8
1782486251,gsm-58,virtphy-7f6564d854-m7794,6,1
1782486254,gsm-58,msc-test-stub-5b875d749d-vn5tj,1,16
1782486254,gsm-58,osmo-bsc-594654bd47-d6tfv,1,5
1782486254,gsm-58,osmo-bts-virtual-5f8b9b86fc-6msxb,26,5
1782486254,gsm-58,osmo-hlr-546bdb8988-chqpf,1,2
1782486254,gsm-58,osmo-mgw-8c8fc67d6-fxs4m,1,2
1782486254,gsm-58,osmo-mobile-7c59486c5-rfgsl,3,36
1782486254,gsm-58,osmo-stp-768687f494-n22q8,1,2
1782486254,gsm-58,ttcn3-tc-26-3-4-1-pnx4v,1,8
1782486254,gsm-58,virtphy-7f6564d854-m7794,7,1
1782486256,gsm-58,msc-test-stub-5b875d749d-vn5tj,1,16
1782486256,gsm-58,osmo-bsc-594654bd47-d6tfv,1,5
1782486256,gsm-58,osmo-bts-virtual-5f8b9b86fc-6msxb,26,5
1782486256,gsm-58,osmo-hlr-546bdb8988-chqpf,1,2
1782486256,gsm-58,osmo-mgw-8c8fc67d6-fxs4m,1,2
1782486256,gsm-58,osmo-mobile-7c59486c5-rfgsl,3,36
1782486256,gsm-58,osmo-stp-768687f494-n22q8,1,2
1782486256,gsm-58,ttcn3-tc-26-3-4-1-pnx4v,1,8
1782486256,gsm-58,virtphy-7f6564d854-m7794,7,1
1782486259,gsm-58,msc-test-stub-5b875d749d-vn5tj,1,16
1782486259,gsm-58,osmo-bsc-594654bd47-d6tfv,1,5
1782486259,gsm-58,osmo-bts-virtual-5f8b9b86fc-6msxb,26,5
1782486259,gsm-58,osmo-hlr-546bdb8988-chqpf,1,2
1782486259,gsm-58,osmo-mgw-8c8fc67d6-fxs4m,1,2
1782486259,gsm-58,osmo-mobile-7c59486c5-rfgsl,3,36
1782486259,gsm-58,osmo-stp-768687f494-n22q8,1,2
1782486259,gsm-58,ttcn3-tc-26-3-4-1-pnx4v,1,8
1782486259,gsm-58,virtphy-7f6564d854-m7794,7,1
1782486261,gsm-58,msc-test-stub-5b875d749d-vn5tj,1,16
1782486261,gsm-58,osmo-bsc-594654bd47-d6tfv,1,5
1782486261,gsm-58,osmo-bts-virtual-5f8b9b86fc-6msxb,26,5
1782486261,gsm-58,osmo-hlr-546bdb8988-chqpf,1,2
1782486261,gsm-58,osmo-mgw-8c8fc67d6-fxs4m,1,2
1782486261,gsm-58,osmo-mobile-7c59486c5-rfgsl,3,36
1782486261,gsm-58,osmo-stp-768687f494-n22q8,1,2
1782486261,gsm-58,ttcn3-tc-26-3-4-1-pnx4v,1,8
1782486261,gsm-58,virtphy-7f6564d854-m7794,7,1
1782486264,gsm-58,msc-test-stub-5b875d749d-vn5tj,1,16
1782486264,gsm-58,osmo-bsc-594654bd47-d6tfv,1,5
1782486264,gsm-58,osmo-bts-virtual-5f8b9b86fc-6msxb,26,5
1782486264,gsm-58,osmo-hlr-546bdb8988-chqpf,1,2
1782486264,gsm-58,osmo-mgw-8c8fc67d6-fxs4m,1,2
1782486264,gsm-58,osmo-mobile-7c59486c5-rfgsl,3,36
1782486264,gsm-58,osmo-stp-768687f494-n22q8,1,2
1782486264,gsm-58,ttcn3-tc-26-3-4-1-pnx4v,1,8
1782486264,gsm-58,virtphy-7f6564d854-m7794,7,1
1782486267,gsm-58,msc-test-stub-5b875d749d-vn5tj,1,16
1782486267,gsm-58,osmo-bsc-594654bd47-d6tfv,1,5
1782486267,gsm-58,osmo-bts-virtual-5f8b9b86fc-6msxb,26,5
1782486267,gsm-58,osmo-hlr-546bdb8988-chqpf,1,2
1782486267,gsm-58,osmo-mgw-8c8fc67d6-fxs4m,1,2
1782486267,gsm-58,osmo-mobile-7c59486c5-rfgsl,3,36
1782486267,gsm-58,osmo-stp-768687f494-n22q8,1,2
1782486267,gsm-58,ttcn3-tc-26-3-4-1-pnx4v,1,8
1782486267,gsm-58,virtphy-7f6564d854-m7794,6,1
1782486271,gsm-58,msc-test-stub-5b875d749d-vn5tj,1,16
1782486271,gsm-58,osmo-bsc-594654bd47-d6tfv,1,5
1782486271,gsm-58,osmo-bts-virtual-5f8b9b86fc-6msxb,26,5
1782486271,gsm-58,osmo-hlr-546bdb8988-chqpf,1,2
1782486271,gsm-58,osmo-mgw-8c8fc67d6-fxs4m,1,2
1782486271,gsm-58,osmo-mobile-7c59486c5-rfgsl,3,36
1782486271,gsm-58,osmo-stp-768687f494-n22q8,1,2
1782486271,gsm-58,ttcn3-tc-26-3-4-1-pnx4v,1,8
1782486271,gsm-58,virtphy-7f6564d854-m7794,6,1
1782486275,gsm-58,msc-test-stub-5b875d749d-vn5tj,1,16
1782486275,gsm-58,osmo-bsc-594654bd47-d6tfv,1,5
1782486275,gsm-58,osmo-bts-virtual-5f8b9b86fc-6msxb,26,5
1782486275,gsm-58,osmo-hlr-546bdb8988-chqpf,1,2
1782486275,gsm-58,osmo-mgw-8c8fc67d6-fxs4m,1,2
1782486275,gsm-58,osmo-mobile-7c59486c5-rfgsl,3,36
1782486275,gsm-58,osmo-stp-768687f494-n22q8,1,2
1782486275,gsm-58,ttcn3-tc-26-3-4-1-pnx4v,1,8
1782486275,gsm-58,virtphy-7f6564d854-m7794,6,1
1782486277,gsm-58,msc-test-stub-5b875d749d-vn5tj,1,16
1782486277,gsm-58,osmo-bsc-594654bd47-d6tfv,1,5
1782486277,gsm-58,osmo-bts-virtual-5f8b9b86fc-6msxb,26,5
1782486277,gsm-58,osmo-hlr-546bdb8988-chqpf,1,2
1782486277,gsm-58,osmo-mgw-8c8fc67d6-fxs4m,1,2
1782486277,gsm-58,osmo-mobile-7c59486c5-rfgsl,3,36
1782486277,gsm-58,osmo-stp-768687f494-n22q8,1,2
1782486277,gsm-58,ttcn3-tc-26-3-4-1-pnx4v,1,8
1782486277,gsm-58,virtphy-7f6564d854-m7794,6,1
1782486279,gsm-58,msc-test-stub-5b875d749d-vn5tj,1,16
1782486279,gsm-58,osmo-bsc-594654bd47-d6tfv,1,5
1782486279,gsm-58,osmo-bts-virtual-5f8b9b86fc-6msxb,26,5
1782486279,gsm-58,osmo-hlr-546bdb8988-chqpf,1,2
1782486279,gsm-58,osmo-mgw-8c8fc67d6-fxs4m,1,2
1782486279,gsm-58,osmo-mobile-7c59486c5-rfgsl,3,36
1782486279,gsm-58,osmo-stp-768687f494-n22q8,1,2
1782486279,gsm-58,ttcn3-tc-26-3-4-1-pnx4v,1,8
1782486279,gsm-58,virtphy-7f6564d854-m7794,6,1
1782486282,gsm-58,msc-test-stub-5b875d749d-vn5tj,1,16
1782486282,gsm-58,osmo-bsc-594654bd47-d6tfv,1,5
1782486282,gsm-58,osmo-bts-virtual-5f8b9b86fc-6msxb,26,5
1782486282,gsm-58,osmo-hlr-546bdb8988-chqpf,1,2
1782486282,gsm-58,osmo-mgw-8c8fc67d6-fxs4m,1,2
1782486282,gsm-58,osmo-mobile-7c59486c5-rfgsl,3,36
1782486282,gsm-58,osmo-stp-768687f494-n22q8,1,2
1782486282,gsm-58,ttcn3-tc-26-3-4-1-pnx4v,1,8
1782486282,gsm-58,virtphy-7f6564d854-m7794,7,1
1782486288,gsm-58,msc-test-stub-5b875d749d-vn5tj,1,16
1782486288,gsm-58,osmo-bsc-594654bd47-d6tfv,1,5
1782486288,gsm-58,osmo-bts-virtual-5f8b9b86fc-6msxb,26,5
1782486288,gsm-58,osmo-hlr-546bdb8988-chqpf,1,2
1782486288,gsm-58,osmo-mgw-8c8fc67d6-fxs4m,1,2
1782486288,gsm-58,osmo-mobile-7c59486c5-rfgsl,3,36
1782486288,gsm-58,osmo-stp-768687f494-n22q8,1,2
1782486288,gsm-58,ttcn3-tc-26-3-4-1-pnx4v,1,8
1782486288,gsm-58,virtphy-7f6564d854-m7794,7,1
1782486292,gsm-58,msc-test-stub-5b875d749d-vn5tj,1,16
1782486292,gsm-58,osmo-bsc-594654bd47-d6tfv,1,5
1782486292,gsm-58,osmo-bts-virtual-5f8b9b86fc-6msxb,26,5
1782486292,gsm-58,osmo-hlr-546bdb8988-chqpf,1,2
1782486292,gsm-58,osmo-mgw-8c8fc67d6-fxs4m,1,2
1782486292,gsm-58,osmo-mobile-7c59486c5-rfgsl,3,36
1782486292,gsm-58,osmo-stp-768687f494-n22q8,1,2
1782486292,gsm-58,ttcn3-tc-26-3-4-1-pnx4v,1,8
1782486292,gsm-58,virtphy-7f6564d854-m7794,7,1
1782486295,gsm-58,msc-test-stub-5b875d749d-vn5tj,1,16
1782486295,gsm-58,osmo-bsc-594654bd47-d6tfv,1,5
1782486295,gsm-58,osmo-bts-virtual-5f8b9b86fc-6msxb,26,5
1782486295,gsm-58,osmo-hlr-546bdb8988-chqpf,1,2
1782486295,gsm-58,osmo-mgw-8c8fc67d6-fxs4m,1,2
1782486295,gsm-58,osmo-mobile-7c59486c5-rfgsl,3,36
1782486295,gsm-58,osmo-stp-768687f494-n22q8,1,2
1782486295,gsm-58,ttcn3-tc-26-3-4-1-pnx4v,1,8
1782486295,gsm-58,virtphy-7f6564d854-m7794,7,1
1782486298,gsm-58,msc-test-stub-5b875d749d-vn5tj,1,16
1782486298,gsm-58,osmo-bsc-594654bd47-d6tfv,1,5
1782486298,gsm-58,osmo-bts-virtual-5f8b9b86fc-6msxb,26,5
1782486298,gsm-58,osmo-hlr-546bdb8988-chqpf,1,2
1782486298,gsm-58,osmo-mgw-8c8fc67d6-fxs4m,1,2
1782486298,gsm-58,osmo-mobile-7c59486c5-rfgsl,3,36
1782486298,gsm-58,osmo-stp-768687f494-n22q8,1,2
1782486298,gsm-58,ttcn3-tc-26-3-4-1-pnx4v,1,8
1782486298,gsm-58,virtphy-7f6564d854-m7794,7,1
1782486301,gsm-58,msc-test-stub-5b875d749d-vn5tj,1,16
1782486301,gsm-58,osmo-bsc-594654bd47-d6tfv,1,5
1782486301,gsm-58,osmo-bts-virtual-5f8b9b86fc-6msxb,26,5
1782486301,gsm-58,osmo-hlr-546bdb8988-chqpf,1,2
1782486301,gsm-58,osmo-mgw-8c8fc67d6-fxs4m,1,2
1782486301,gsm-58,osmo-mobile-7c59486c5-rfgsl,3,36
1782486301,gsm-58,osmo-stp-768687f494-n22q8,1,2
1782486301,gsm-58,ttcn3-tc-26-3-4-1-pnx4v,1,8
1782486301,gsm-58,virtphy-7f6564d854-m7794,7,1
1782486303,gsm-58,msc-test-stub-5b875d749d-vn5tj,1,16
1782486303,gsm-58,osmo-bsc-594654bd47-d6tfv,1,5
1782486303,gsm-58,osmo-bts-virtual-5f8b9b86fc-6msxb,26,5
1782486303,gsm-58,osmo-hlr-546bdb8988-chqpf,1,2
1782486303,gsm-58,osmo-mgw-8c8fc67d6-fxs4m,1,2
1782486303,gsm-58,osmo-mobile-7c59486c5-rfgsl,3,36
1782486303,gsm-58,osmo-stp-768687f494-n22q8,1,2
1782486303,gsm-58,ttcn3-tc-26-3-4-1-pnx4v,1,8
1782486303,gsm-58,virtphy-7f6564d854-m7794,7,1
1782486306,gsm-58,msc-test-stub-5b875d749d-vn5tj,1,16
1782486306,gsm-58,osmo-bsc-594654bd47-d6tfv,1,5
1782486306,gsm-58,osmo-bts-virtual-5f8b9b86fc-6msxb,26,5
1782486306,gsm-58,osmo-hlr-546bdb8988-chqpf,1,2
1782486306,gsm-58,osmo-mgw-8c8fc67d6-fxs4m,1,2
1782486306,gsm-58,osmo-mobile-7c59486c5-rfgsl,3,36
1782486306,gsm-58,osmo-stp-768687f494-n22q8,1,2
1782486306,gsm-58,ttcn3-tc-26-3-4-1-pnx4v,1,8
1782486306,gsm-58,virtphy-7f6564d854-m7794,7,1
1782486308,gsm-58,msc-test-stub-5b875d749d-vn5tj,1,16
1782486308,gsm-58,osmo-bsc-594654bd47-d6tfv,1,5
1782486308,gsm-58,osmo-bts-virtual-5f8b9b86fc-6msxb,26,5
1782486308,gsm-58,osmo-hlr-546bdb8988-chqpf,1,2
1782486308,gsm-58,osmo-mgw-8c8fc67d6-fxs4m,1,2
1782486308,gsm-58,osmo-mobile-7c59486c5-rfgsl,3,36
1782486308,gsm-58,osmo-stp-768687f494-n22q8,1,2
1782486308,gsm-58,ttcn3-tc-26-3-4-1-pnx4v,1,8
1782486308,gsm-58,virtphy-7f6564d854-m7794,7,1
1782486310,gsm-58,msc-test-stub-5b875d749d-vn5tj,1,16
1782486310,gsm-58,osmo-bsc-594654bd47-d6tfv,1,5
1782486310,gsm-58,osmo-bts-virtual-5f8b9b86fc-6msxb,26,5
1782486310,gsm-58,osmo-hlr-546bdb8988-chqpf,1,2
1782486310,gsm-58,osmo-mgw-8c8fc67d6-fxs4m,1,2
1782486310,gsm-58,osmo-mobile-7c59486c5-rfgsl,3,36
1782486310,gsm-58,osmo-stp-768687f494-n22q8,1,2
1782486310,gsm-58,ttcn3-tc-26-3-4-1-pnx4v,1,8
1782486310,gsm-58,virtphy-7f6564d854-m7794,7,1
1782486313,gsm-58,msc-test-stub-5b875d749d-vn5tj,1,16
1782486313,gsm-58,osmo-bsc-594654bd47-d6tfv,1,5
1782486313,gsm-58,osmo-bts-virtual-5f8b9b86fc-6msxb,26,5
1782486313,gsm-58,osmo-hlr-546bdb8988-chqpf,1,2
1782486313,gsm-58,osmo-mgw-8c8fc67d6-fxs4m,1,2
1782486313,gsm-58,osmo-mobile-7c59486c5-rfgsl,3,36
1782486313,gsm-58,osmo-stp-768687f494-n22q8,1,2
1782486313,gsm-58,ttcn3-tc-26-3-4-1-pnx4v,1,8
1782486313,gsm-58,virtphy-7f6564d854-m7794,7,1
1782486316,gsm-58,msc-test-stub-5b875d749d-vn5tj,1,16
1782486316,gsm-58,osmo-bsc-594654bd47-d6tfv,1,5
1782486316,gsm-58,osmo-bts-virtual-5f8b9b86fc-6msxb,26,5
1782486316,gsm-58,osmo-hlr-546bdb8988-chqpf,1,2
1782486316,gsm-58,osmo-mgw-8c8fc67d6-fxs4m,1,2
1782486316,gsm-58,osmo-mobile-7c59486c5-rfgsl,3,36
1782486316,gsm-58,osmo-stp-768687f494-n22q8,1,2
1782486316,gsm-58,ttcn3-tc-26-3-4-1-pnx4v,1,8
1782486316,gsm-58,virtphy-7f6564d854-m7794,7,1
1782486318,gsm-58,msc-test-stub-5b875d749d-vn5tj,1,16
1782486318,gsm-58,osmo-bsc-594654bd47-d6tfv,1,5
1782486318,gsm-58,osmo-bts-virtual-5f8b9b86fc-6msxb,26,5
1782486318,gsm-58,osmo-hlr-546bdb8988-chqpf,1,2
1782486318,gsm-58,osmo-mgw-8c8fc67d6-fxs4m,1,2
1782486318,gsm-58,osmo-mobile-7c59486c5-rfgsl,3,36
1782486318,gsm-58,osmo-stp-768687f494-n22q8,1,2
1782486318,gsm-58,ttcn3-tc-26-3-4-1-pnx4v,1,8
1782486318,gsm-58,virtphy-7f6564d854-m7794,7,1
1782486320,gsm-58,msc-test-stub-5b875d749d-vn5tj,1,16
1782486320,gsm-58,osmo-bsc-594654bd47-d6tfv,1,5
1782486320,gsm-58,osmo-bts-virtual-5f8b9b86fc-6msxb,26,5
1782486320,gsm-58,osmo-hlr-546bdb8988-chqpf,1,2
1782486320,gsm-58,osmo-mgw-8c8fc67d6-fxs4m,1,2
1782486320,gsm-58,osmo-mobile-7c59486c5-rfgsl,3,36
1782486320,gsm-58,osmo-stp-768687f494-n22q8,1,2
1782486320,gsm-58,ttcn3-tc-26-3-4-1-pnx4v,1,8
1782486320,gsm-58,virtphy-7f6564d854-m7794,7,1
1782486323,gsm-58,msc-test-stub-5b875d749d-vn5tj,1,16
1782486323,gsm-58,osmo-bsc-594654bd47-d6tfv,1,5
1782486323,gsm-58,osmo-bts-virtual-5f8b9b86fc-6msxb,26,5
1782486323,gsm-58,osmo-hlr-546bdb8988-chqpf,1,2
1782486323,gsm-58,osmo-mgw-8c8fc67d6-fxs4m,1,2
1782486323,gsm-58,osmo-mobile-7c59486c5-rfgsl,3,36
1782486323,gsm-58,osmo-stp-768687f494-n22q8,1,2
1782486323,gsm-58,ttcn3-tc-26-3-4-1-pnx4v,1,8
1782486323,gsm-58,virtphy-7f6564d854-m7794,7,1
1782486325,gsm-58,msc-test-stub-5b875d749d-vn5tj,1,16
1782486325,gsm-58,osmo-bsc-594654bd47-d6tfv,1,5
1782486325,gsm-58,osmo-bts-virtual-5f8b9b86fc-6msxb,26,5
1782486325,gsm-58,osmo-hlr-546bdb8988-chqpf,1,2
1782486325,gsm-58,osmo-mgw-8c8fc67d6-fxs4m,1,2
1782486325,gsm-58,osmo-mobile-7c59486c5-rfgsl,3,36
1782486325,gsm-58,osmo-stp-768687f494-n22q8,1,2
1782486325,gsm-58,ttcn3-tc-26-3-4-1-pnx4v,1,8
1782486325,gsm-58,virtphy-7f6564d854-m7794,7,1
1782486327,gsm-58,msc-test-stub-5b875d749d-vn5tj,1,16
1782486327,gsm-58,osmo-bsc-594654bd47-d6tfv,1,5
1782486327,gsm-58,osmo-bts-virtual-5f8b9b86fc-6msxb,26,5
1782486327,gsm-58,osmo-hlr-546bdb8988-chqpf,1,2
1782486327,gsm-58,osmo-mgw-8c8fc67d6-fxs4m,1,2
1782486327,gsm-58,osmo-mobile-7c59486c5-rfgsl,3,36
1782486327,gsm-58,osmo-stp-768687f494-n22q8,1,2
1782486327,gsm-58,ttcn3-tc-26-3-4-1-pnx4v,1,8
1782486327,gsm-58,virtphy-7f6564d854-m7794,7,1
1782486330,gsm-58,msc-test-stub-5b875d749d-vn5tj,1,16
1782486330,gsm-58,osmo-bsc-594654bd47-d6tfv,1,5
1782486330,gsm-58,osmo-bts-virtual-5f8b9b86fc-6msxb,28,5
1782486330,gsm-58,osmo-hlr-546bdb8988-chqpf,1,2
1782486330,gsm-58,osmo-mgw-8c8fc67d6-fxs4m,1,2
1782486330,gsm-58,osmo-mobile-7c59486c5-rfgsl,3,36
1782486330,gsm-58,osmo-stp-768687f494-n22q8,1,2
1782486330,gsm-58,ttcn3-tc-26-3-4-1-pnx4v,1,8
1782486330,gsm-58,virtphy-7f6564d854-m7794,7,1
1782486332,gsm-58,msc-test-stub-5b875d749d-vn5tj,1,16
1782486332,gsm-58,osmo-bsc-594654bd47-d6tfv,1,5
1782486332,gsm-58,osmo-bts-virtual-5f8b9b86fc-6msxb,28,5
1782486332,gsm-58,osmo-hlr-546bdb8988-chqpf,1,2
1782486332,gsm-58,osmo-mgw-8c8fc67d6-fxs4m,1,2
1782486332,gsm-58,osmo-mobile-7c59486c5-rfgsl,3,36
1782486332,gsm-58,osmo-stp-768687f494-n22q8,1,2
1782486332,gsm-58,ttcn3-tc-26-3-4-1-pnx4v,1,8
1782486332,gsm-58,virtphy-7f6564d854-m7794,7,1
1782486334,gsm-58,msc-test-stub-5b875d749d-vn5tj,1,16
1782486334,gsm-58,osmo-bsc-594654bd47-d6tfv,1,5
1782486334,gsm-58,osmo-bts-virtual-5f8b9b86fc-6msxb,28,5
1782486334,gsm-58,osmo-hlr-546bdb8988-chqpf,1,2
1782486334,gsm-58,osmo-mgw-8c8fc67d6-fxs4m,1,2
1782486334,gsm-58,osmo-mobile-7c59486c5-rfgsl,3,36
1782486334,gsm-58,osmo-stp-768687f494-n22q8,1,2
1782486334,gsm-58,ttcn3-tc-26-3-4-1-pnx4v,1,8
1782486334,gsm-58,virtphy-7f6564d854-m7794,7,1
1782486337,gsm-58,msc-test-stub-5b875d749d-vn5tj,1,16
1782486337,gsm-58,osmo-bsc-594654bd47-d6tfv,1,5
1782486337,gsm-58,osmo-bts-virtual-5f8b9b86fc-6msxb,28,5
1782486337,gsm-58,osmo-hlr-546bdb8988-chqpf,1,2
1782486337,gsm-58,osmo-mgw-8c8fc67d6-fxs4m,1,2
1782486337,gsm-58,osmo-mobile-7c59486c5-rfgsl,3,36
1782486337,gsm-58,osmo-stp-768687f494-n22q8,1,2
1782486337,gsm-58,ttcn3-tc-26-3-4-1-pnx4v,1,8
1782486337,gsm-58,virtphy-7f6564d854-m7794,7,1
1782486340,gsm-58,msc-test-stub-5b875d749d-vn5tj,1,16
1782486340,gsm-58,osmo-bsc-594654bd47-d6tfv,1,5
1782486340,gsm-58,osmo-bts-virtual-5f8b9b86fc-6msxb,28,5
1782486340,gsm-58,osmo-hlr-546bdb8988-chqpf,1,2
1782486340,gsm-58,osmo-mgw-8c8fc67d6-fxs4m,1,2
1782486340,gsm-58,osmo-mobile-7c59486c5-rfgsl,3,36
1782486340,gsm-58,osmo-stp-768687f494-n22q8,1,2
1782486340,gsm-58,ttcn3-tc-26-3-4-1-pnx4v,1,8
1782486340,gsm-58,virtphy-7f6564d854-m7794,7,1
1782486342,gsm-58,msc-test-stub-5b875d749d-vn5tj,1,16
1782486342,gsm-58,osmo-bsc-594654bd47-d6tfv,1,5
1782486342,gsm-58,osmo-bts-virtual-5f8b9b86fc-6msxb,27,5
1782486342,gsm-58,osmo-hlr-546bdb8988-chqpf,1,2
1782486342,gsm-58,osmo-mgw-8c8fc67d6-fxs4m,1,2
1782486342,gsm-58,osmo-mobile-7c59486c5-rfgsl,3,36
1782486342,gsm-58,osmo-stp-768687f494-n22q8,1,2
1782486342,gsm-58,ttcn3-tc-26-3-4-1-pnx4v,1,8
1782486342,gsm-58,virtphy-7f6564d854-m7794,7,1
1782486344,gsm-58,msc-test-stub-5b875d749d-vn5tj,1,16
1782486344,gsm-58,osmo-bsc-594654bd47-d6tfv,1,5
1782486344,gsm-58,osmo-bts-virtual-5f8b9b86fc-6msxb,27,5
1782486344,gsm-58,osmo-hlr-546bdb8988-chqpf,1,2
1782486344,gsm-58,osmo-mgw-8c8fc67d6-fxs4m,1,2
1782486344,gsm-58,osmo-mobile-7c59486c5-rfgsl,3,36
1782486344,gsm-58,osmo-stp-768687f494-n22q8,1,2
1782486344,gsm-58,ttcn3-tc-26-3-4-1-pnx4v,1,8
1782486344,gsm-58,virtphy-7f6564d854-m7794,7,1
1782486347,gsm-58,msc-test-stub-5b875d749d-vn5tj,1,16
1782486347,gsm-58,osmo-bsc-594654bd47-d6tfv,1,5
1782486347,gsm-58,osmo-bts-virtual-5f8b9b86fc-6msxb,27,5
1782486347,gsm-58,osmo-hlr-546bdb8988-chqpf,1,2
1782486347,gsm-58,osmo-mgw-8c8fc67d6-fxs4m,1,2
1782486347,gsm-58,osmo-mobile-7c59486c5-rfgsl,3,36
1782486347,gsm-58,osmo-stp-768687f494-n22q8,1,2
1782486347,gsm-58,ttcn3-tc-26-3-4-1-pnx4v,1,8
1782486347,gsm-58,virtphy-7f6564d854-m7794,7,1
1782486349,gsm-58,msc-test-stub-5b875d749d-vn5tj,1,16
1782486349,gsm-58,osmo-bsc-594654bd47-d6tfv,1,5
1782486349,gsm-58,osmo-bts-virtual-5f8b9b86fc-6msxb,27,5
1782486349,gsm-58,osmo-hlr-546bdb8988-chqpf,1,2
1782486349,gsm-58,osmo-mgw-8c8fc67d6-fxs4m,1,2
1782486349,gsm-58,osmo-mobile-7c59486c5-rfgsl,3,36
1782486349,gsm-58,osmo-stp-768687f494-n22q8,1,2
1782486349,gsm-58,ttcn3-tc-26-3-4-1-pnx4v,1,8
1782486349,gsm-58,virtphy-7f6564d854-m7794,7,1
1782486352,gsm-58,msc-test-stub-5b875d749d-vn5tj,1,16
1782486352,gsm-58,osmo-bsc-594654bd47-d6tfv,1,5
1782486352,gsm-58,osmo-bts-virtual-5f8b9b86fc-6msxb,27,5
1782486352,gsm-58,osmo-hlr-546bdb8988-chqpf,1,2
1782486352,gsm-58,osmo-mgw-8c8fc67d6-fxs4m,1,2
1782486352,gsm-58,osmo-mobile-7c59486c5-rfgsl,3,36
1782486352,gsm-58,osmo-stp-768687f494-n22q8,1,2
1782486352,gsm-58,ttcn3-tc-26-3-4-1-pnx4v,1,8
1782486352,gsm-58,virtphy-7f6564d854-m7794,7,1
1782486354,gsm-58,msc-test-stub-5b875d749d-vn5tj,1,16
1782486354,gsm-58,osmo-bsc-594654bd47-d6tfv,1,5
1782486354,gsm-58,osmo-bts-virtual-5f8b9b86fc-6msxb,27,5
1782486354,gsm-58,osmo-hlr-546bdb8988-chqpf,1,2
1782486354,gsm-58,osmo-mgw-8c8fc67d6-fxs4m,1,2
1782486354,gsm-58,osmo-mobile-7c59486c5-rfgsl,3,36
1782486354,gsm-58,osmo-stp-768687f494-n22q8,1,2
1782486354,gsm-58,ttcn3-tc-26-3-4-1-pnx4v,1,8
1782486354,gsm-58,virtphy-7f6564d854-m7794,7,1
1782486357,gsm-58,msc-test-stub-5b875d749d-vn5tj,1,16
1782486357,gsm-58,osmo-bsc-594654bd47-d6tfv,1,5
1782486357,gsm-58,osmo-bts-virtual-5f8b9b86fc-6msxb,27,5
1782486357,gsm-58,osmo-hlr-546bdb8988-chqpf,1,2
1782486357,gsm-58,osmo-mgw-8c8fc67d6-fxs4m,1,2
1782486357,gsm-58,osmo-mobile-7c59486c5-rfgsl,3,36
1782486357,gsm-58,osmo-stp-768687f494-n22q8,1,2
1782486357,gsm-58,ttcn3-tc-26-3-4-1-pnx4v,1,8
1782486357,gsm-58,virtphy-7f6564d854-m7794,7,1
1782486359,gsm-58,msc-test-stub-5b875d749d-vn5tj,1,16
1782486359,gsm-58,osmo-bsc-594654bd47-d6tfv,1,5
1782486359,gsm-58,osmo-bts-virtual-5f8b9b86fc-6msxb,28,5
1782486359,gsm-58,osmo-hlr-546bdb8988-chqpf,1,2
1782486359,gsm-58,osmo-mgw-8c8fc67d6-fxs4m,1,2
1782486359,gsm-58,osmo-mobile-7c59486c5-rfgsl,3,36
1782486359,gsm-58,osmo-stp-768687f494-n22q8,1,2
1782486359,gsm-58,ttcn3-tc-26-3-4-1-pnx4v,1,8
1782486359,gsm-58,virtphy-7f6564d854-m7794,7,1
1782486362,gsm-58,msc-test-stub-5b875d749d-vn5tj,1,16
1782486362,gsm-58,osmo-bsc-594654bd47-d6tfv,1,5
1782486362,gsm-58,osmo-bts-virtual-5f8b9b86fc-6msxb,28,5
1782486362,gsm-58,osmo-hlr-546bdb8988-chqpf,1,2
1782486362,gsm-58,osmo-mgw-8c8fc67d6-fxs4m,1,2
1782486362,gsm-58,osmo-mobile-7c59486c5-rfgsl,3,36
1782486362,gsm-58,osmo-stp-768687f494-n22q8,1,2
1782486362,gsm-58,ttcn3-tc-26-3-4-1-pnx4v,1,8
1782486362,gsm-58,virtphy-7f6564d854-m7794,7,1
1782486366,gsm-58,msc-test-stub-5b875d749d-vn5tj,1,16
1782486366,gsm-58,osmo-bsc-594654bd47-d6tfv,1,5
1782486366,gsm-58,osmo-bts-virtual-5f8b9b86fc-6msxb,28,5
1782486366,gsm-58,osmo-hlr-546bdb8988-chqpf,1,2
1782486366,gsm-58,osmo-mgw-8c8fc67d6-fxs4m,1,2
1782486366,gsm-58,osmo-mobile-7c59486c5-rfgsl,3,36
1782486366,gsm-58,osmo-stp-768687f494-n22q8,1,2
1782486366,gsm-58,ttcn3-tc-26-3-4-1-pnx4v,1,8
1782486366,gsm-58,virtphy-7f6564d854-m7794,7,1
1782486368,gsm-58,msc-test-stub-5b875d749d-vn5tj,1,16
1782486368,gsm-58,osmo-bsc-594654bd47-d6tfv,1,5
1782486368,gsm-58,osmo-bts-virtual-5f8b9b86fc-6msxb,28,5
1782486368,gsm-58,osmo-hlr-546bdb8988-chqpf,1,2
1782486368,gsm-58,osmo-mgw-8c8fc67d6-fxs4m,1,2
1782486368,gsm-58,osmo-mobile-7c59486c5-rfgsl,3,36
1782486368,gsm-58,osmo-stp-768687f494-n22q8,1,2
1782486368,gsm-58,ttcn3-tc-26-3-4-1-pnx4v,1,8
1782486368,gsm-58,virtphy-7f6564d854-m7794,7,1
1782486372,gsm-58,msc-test-stub-5b875d749d-vn5tj,1,16
1782486372,gsm-58,osmo-bsc-594654bd47-d6tfv,1,5
1782486372,gsm-58,osmo-bts-virtual-5f8b9b86fc-6msxb,28,5
1782486372,gsm-58,osmo-hlr-546bdb8988-chqpf,1,2
1782486372,gsm-58,osmo-mgw-8c8fc67d6-fxs4m,1,2
1782486372,gsm-58,osmo-mobile-7c59486c5-rfgsl,3,36
1782486372,gsm-58,osmo-stp-768687f494-n22q8,1,2
1782486372,gsm-58,ttcn3-tc-26-3-4-1-pnx4v,1,8
1782486372,gsm-58,virtphy-7f6564d854-m7794,7,1
1782486375,gsm-58,msc-test-stub-5b875d749d-vn5tj,1,16
1782486375,gsm-58,osmo-bsc-594654bd47-d6tfv,1,5
1782486375,gsm-58,osmo-bts-virtual-5f8b9b86fc-6msxb,28,5
1782486375,gsm-58,osmo-hlr-546bdb8988-chqpf,1,2
1782486375,gsm-58,osmo-mgw-8c8fc67d6-fxs4m,1,2
1782486375,gsm-58,osmo-mobile-7c59486c5-rfgsl,3,36
1782486375,gsm-58,osmo-stp-768687f494-n22q8,1,2
1782486375,gsm-58,ttcn3-tc-26-3-4-1-pnx4v,1,8
1782486375,gsm-58,virtphy-7f6564d854-m7794,7,1
1782486377,gsm-58,msc-test-stub-5b875d749d-vn5tj,1,16
1782486377,gsm-58,osmo-bsc-594654bd47-d6tfv,1,5
1782486377,gsm-58,osmo-bts-virtual-5f8b9b86fc-6msxb,28,5
1782486377,gsm-58,osmo-hlr-546bdb8988-chqpf,1,2
1782486377,gsm-58,osmo-mgw-8c8fc67d6-fxs4m,1,2
1782486377,gsm-58,osmo-mobile-7c59486c5-rfgsl,3,36
1782486377,gsm-58,osmo-stp-768687f494-n22q8,1,2
1782486377,gsm-58,ttcn3-tc-26-3-4-1-pnx4v,1,8
1782486377,gsm-58,virtphy-7f6564d854-m7794,7,1
1782486380,gsm-58,msc-test-stub-5b875d749d-vn5tj,1,16
1782486380,gsm-58,osmo-bsc-594654bd47-d6tfv,1,5
1782486380,gsm-58,osmo-bts-virtual-5f8b9b86fc-6msxb,28,5
1782486380,gsm-58,osmo-hlr-546bdb8988-chqpf,1,2
1782486380,gsm-58,osmo-mgw-8c8fc67d6-fxs4m,1,2
1782486380,gsm-58,osmo-mobile-7c59486c5-rfgsl,3,36
1782486380,gsm-58,osmo-stp-768687f494-n22q8,1,2
1782486380,gsm-58,ttcn3-tc-26-3-4-1-pnx4v,1,8
1782486380,gsm-58,virtphy-7f6564d854-m7794,7,1
1782486383,gsm-58,msc-test-stub-5b875d749d-vn5tj,1,16
1782486383,gsm-58,osmo-bsc-594654bd47-d6tfv,1,5
1782486383,gsm-58,osmo-bts-virtual-5f8b9b86fc-6msxb,28,5
1782486383,gsm-58,osmo-hlr-546bdb8988-chqpf,1,2
1782486383,gsm-58,osmo-mgw-8c8fc67d6-fxs4m,1,2
1782486383,gsm-58,osmo-mobile-7c59486c5-rfgsl,3,36
1782486383,gsm-58,osmo-stp-768687f494-n22q8,1,2
1782486383,gsm-58,ttcn3-tc-26-3-4-1-pnx4v,1,8
1782486383,gsm-58,virtphy-7f6564d854-m7794,7,1
1782486386,gsm-58,msc-test-stub-5b875d749d-vn5tj,1,16
1782486386,gsm-58,osmo-bsc-594654bd47-d6tfv,1,5
1782486386,gsm-58,osmo-bts-virtual-5f8b9b86fc-6msxb,28,5
1782486386,gsm-58,osmo-hlr-546bdb8988-chqpf,1,2
1782486386,gsm-58,osmo-mgw-8c8fc67d6-fxs4m,1,2
1782486386,gsm-58,osmo-mobile-7c59486c5-rfgsl,3,36
1782486386,gsm-58,osmo-stp-768687f494-n22q8,1,2
1782486386,gsm-58,ttcn3-tc-26-3-4-1-pnx4v,1,8
1782486386,gsm-58,virtphy-7f6564d854-m7794,7,1
1782486389,gsm-58,msc-test-stub-5b875d749d-vn5tj,1,16
1782486389,gsm-58,osmo-bsc-594654bd47-d6tfv,1,5
1782486389,gsm-58,osmo-bts-virtual-5f8b9b86fc-6msxb,29,5
1782486389,gsm-58,osmo-hlr-546bdb8988-chqpf,1,2
1782486389,gsm-58,osmo-mgw-8c8fc67d6-fxs4m,1,2
1782486389,gsm-58,osmo-mobile-7c59486c5-rfgsl,3,36
1782486389,gsm-58,osmo-stp-768687f494-n22q8,1,2
1782486389,gsm-58,ttcn3-tc-26-3-4-1-pnx4v,1,8
1782486389,gsm-58,virtphy-7f6564d854-m7794,6,1
1782486391,gsm-58,msc-test-stub-5b875d749d-vn5tj,1,16
1782486391,gsm-58,osmo-bsc-594654bd47-d6tfv,1,5
1782486391,gsm-58,osmo-bts-virtual-5f8b9b86fc-6msxb,29,5
1782486391,gsm-58,osmo-hlr-546bdb8988-chqpf,1,2
1782486391,gsm-58,osmo-mgw-8c8fc67d6-fxs4m,1,2
1782486391,gsm-58,osmo-mobile-7c59486c5-rfgsl,3,36
1782486391,gsm-58,osmo-stp-768687f494-n22q8,1,2
1782486391,gsm-58,ttcn3-tc-26-3-4-1-pnx4v,1,8
1782486391,gsm-58,virtphy-7f6564d854-m7794,6,1
1782486394,gsm-58,msc-test-stub-5b875d749d-vn5tj,1,16
1782486394,gsm-58,osmo-bsc-594654bd47-d6tfv,1,5
1782486394,gsm-58,osmo-bts-virtual-5f8b9b86fc-6msxb,29,5
1782486394,gsm-58,osmo-hlr-546bdb8988-chqpf,1,2
1782486394,gsm-58,osmo-mgw-8c8fc67d6-fxs4m,1,2
1782486394,gsm-58,osmo-mobile-7c59486c5-rfgsl,3,36
1782486394,gsm-58,osmo-stp-768687f494-n22q8,1,2
1782486394,gsm-58,ttcn3-tc-26-3-4-1-pnx4v,1,8
1782486394,gsm-58,virtphy-7f6564d854-m7794,6,1
1782486396,gsm-58,msc-test-stub-5b875d749d-vn5tj,1,16
1782486396,gsm-58,osmo-bsc-594654bd47-d6tfv,1,5
1782486396,gsm-58,osmo-bts-virtual-5f8b9b86fc-6msxb,29,5
1782486396,gsm-58,osmo-hlr-546bdb8988-chqpf,1,2
1782486396,gsm-58,osmo-mgw-8c8fc67d6-fxs4m,1,2
1782486396,gsm-58,osmo-mobile-7c59486c5-rfgsl,3,36
1782486396,gsm-58,osmo-stp-768687f494-n22q8,1,2
1782486396,gsm-58,ttcn3-tc-26-3-4-1-pnx4v,1,8
1782486396,gsm-58,virtphy-7f6564d854-m7794,6,1
1782486398,gsm-58,msc-test-stub-5b875d749d-vn5tj,1,16
1782486398,gsm-58,osmo-bsc-594654bd47-d6tfv,1,5
1782486398,gsm-58,osmo-bts-virtual-5f8b9b86fc-6msxb,29,5
1782486398,gsm-58,osmo-hlr-546bdb8988-chqpf,1,2
1782486398,gsm-58,osmo-mgw-8c8fc67d6-fxs4m,1,2
1782486398,gsm-58,osmo-mobile-7c59486c5-rfgsl,3,36
1782486398,gsm-58,osmo-stp-768687f494-n22q8,1,2
1782486398,gsm-58,ttcn3-tc-26-3-4-1-pnx4v,1,8
1782486398,gsm-58,virtphy-7f6564d854-m7794,6,1
1782486401,gsm-58,msc-test-stub-5b875d749d-vn5tj,1,16
1782486401,gsm-58,osmo-bsc-594654bd47-d6tfv,1,5
1782486401,gsm-58,osmo-bts-virtual-5f8b9b86fc-6msxb,29,5
1782486401,gsm-58,osmo-hlr-546bdb8988-chqpf,1,2
1782486401,gsm-58,osmo-mgw-8c8fc67d6-fxs4m,1,2
1782486401,gsm-58,osmo-mobile-7c59486c5-rfgsl,3,36
1782486401,gsm-58,osmo-stp-768687f494-n22q8,1,2
1782486401,gsm-58,ttcn3-tc-26-3-4-1-pnx4v,1,8
1782486401,gsm-58,virtphy-7f6564d854-m7794,6,1
1782486403,gsm-58,msc-test-stub-5b875d749d-vn5tj,1,16
1782486403,gsm-58,osmo-bsc-594654bd47-d6tfv,1,5
1782486403,gsm-58,osmo-bts-virtual-5f8b9b86fc-6msxb,28,5
1782486403,gsm-58,osmo-hlr-546bdb8988-chqpf,1,2
1782486403,gsm-58,osmo-mgw-8c8fc67d6-fxs4m,1,2
1782486403,gsm-58,osmo-mobile-7c59486c5-rfgsl,3,36
1782486403,gsm-58,osmo-stp-768687f494-n22q8,1,2
1782486403,gsm-58,ttcn3-tc-26-3-4-1-pnx4v,1,8
1782486403,gsm-58,virtphy-7f6564d854-m7794,6,1
1782486406,gsm-58,msc-test-stub-5b875d749d-vn5tj,1,16
1782486406,gsm-58,osmo-bsc-594654bd47-d6tfv,1,5
1782486406,gsm-58,osmo-bts-virtual-5f8b9b86fc-6msxb,28,5
1782486406,gsm-58,osmo-hlr-546bdb8988-chqpf,1,2
1782486406,gsm-58,osmo-mgw-8c8fc67d6-fxs4m,1,2
1782486406,gsm-58,osmo-mobile-7c59486c5-rfgsl,3,36
1782486406,gsm-58,osmo-stp-768687f494-n22q8,1,2
1782486406,gsm-58,ttcn3-tc-26-3-4-1-pnx4v,1,8
1782486406,gsm-58,virtphy-7f6564d854-m7794,6,1
1782486408,gsm-58,msc-test-stub-5b875d749d-vn5tj,1,16
1782486408,gsm-58,osmo-bsc-594654bd47-d6tfv,1,5
1782486408,gsm-58,osmo-bts-virtual-5f8b9b86fc-6msxb,28,5
1782486408,gsm-58,osmo-hlr-546bdb8988-chqpf,1,2
1782486408,gsm-58,osmo-mgw-8c8fc67d6-fxs4m,1,2
1782486408,gsm-58,osmo-mobile-7c59486c5-rfgsl,3,36
1782486408,gsm-58,osmo-stp-768687f494-n22q8,1,2
1782486408,gsm-58,ttcn3-tc-26-3-4-1-pnx4v,1,8
1782486408,gsm-58,virtphy-7f6564d854-m7794,6,1
1782486411,gsm-58,msc-test-stub-5b875d749d-vn5tj,1,16
1782486411,gsm-58,osmo-bsc-594654bd47-d6tfv,1,5
1782486411,gsm-58,osmo-bts-virtual-5f8b9b86fc-6msxb,28,5
1782486411,gsm-58,osmo-hlr-546bdb8988-chqpf,1,2
1782486411,gsm-58,osmo-mgw-8c8fc67d6-fxs4m,1,2
1782486411,gsm-58,osmo-mobile-7c59486c5-rfgsl,3,36
1782486411,gsm-58,osmo-stp-768687f494-n22q8,1,2
1782486411,gsm-58,ttcn3-tc-26-3-4-1-pnx4v,1,8
1782486411,gsm-58,virtphy-7f6564d854-m7794,6,1
1782486413,gsm-58,msc-test-stub-5b875d749d-vn5tj,1,16
1782486413,gsm-58,osmo-bsc-594654bd47-d6tfv,1,5
1782486413,gsm-58,osmo-bts-virtual-5f8b9b86fc-6msxb,28,5
1782486413,gsm-58,osmo-hlr-546bdb8988-chqpf,1,2
1782486413,gsm-58,osmo-mgw-8c8fc67d6-fxs4m,1,2
1782486413,gsm-58,osmo-mobile-7c59486c5-rfgsl,3,36
1782486413,gsm-58,osmo-stp-768687f494-n22q8,1,2
1782486413,gsm-58,ttcn3-tc-26-3-4-1-pnx4v,1,8
1782486413,gsm-58,virtphy-7f6564d854-m7794,6,1
1782486415,gsm-58,msc-test-stub-5b875d749d-vn5tj,1,16
1782486415,gsm-58,osmo-bsc-594654bd47-d6tfv,1,5
1782486415,gsm-58,osmo-bts-virtual-5f8b9b86fc-6msxb,28,5
1782486415,gsm-58,osmo-hlr-546bdb8988-chqpf,1,2
1782486415,gsm-58,osmo-mgw-8c8fc67d6-fxs4m,1,2
1782486415,gsm-58,osmo-mobile-7c59486c5-rfgsl,3,36
1782486415,gsm-58,osmo-stp-768687f494-n22q8,1,2
1782486415,gsm-58,ttcn3-tc-26-3-4-1-pnx4v,1,8
1782486415,gsm-58,virtphy-7f6564d854-m7794,6,1
1782486418,gsm-58,msc-test-stub-5b875d749d-vn5tj,1,16
1782486418,gsm-58,osmo-bsc-594654bd47-d6tfv,1,5
1782486418,gsm-58,osmo-bts-virtual-5f8b9b86fc-6msxb,25,5
1782486418,gsm-58,osmo-hlr-546bdb8988-chqpf,1,2
1782486418,gsm-58,osmo-mgw-8c8fc67d6-fxs4m,1,2
1782486418,gsm-58,osmo-mobile-7c59486c5-rfgsl,3,36
1782486418,gsm-58,osmo-stp-768687f494-n22q8,1,2
1782486418,gsm-58,ttcn3-tc-26-3-4-1-pnx4v,1,8
1782486418,gsm-58,virtphy-7f6564d854-m7794,6,1
1782486420,gsm-58,msc-test-stub-5b875d749d-vn5tj,1,16
1782486420,gsm-58,osmo-bsc-594654bd47-d6tfv,1,5
1782486420,gsm-58,osmo-bts-virtual-5f8b9b86fc-6msxb,25,5
1782486420,gsm-58,osmo-hlr-546bdb8988-chqpf,1,2
1782486420,gsm-58,osmo-mgw-8c8fc67d6-fxs4m,1,2
1782486420,gsm-58,osmo-mobile-7c59486c5-rfgsl,3,36
1782486420,gsm-58,osmo-stp-768687f494-n22q8,1,2
1782486420,gsm-58,ttcn3-tc-26-3-4-1-pnx4v,1,8
1782486420,gsm-58,virtphy-7f6564d854-m7794,6,1
1782486422,gsm-58,msc-test-stub-5b875d749d-vn5tj,1,16
1782486422,gsm-58,osmo-bsc-594654bd47-d6tfv,1,5
1782486422,gsm-58,osmo-bts-virtual-5f8b9b86fc-6msxb,25,5
1782486422,gsm-58,osmo-hlr-546bdb8988-chqpf,1,2
1782486422,gsm-58,osmo-mgw-8c8fc67d6-fxs4m,1,2
1782486422,gsm-58,osmo-mobile-7c59486c5-rfgsl,3,36
1782486422,gsm-58,osmo-stp-768687f494-n22q8,1,2
1782486422,gsm-58,ttcn3-tc-26-3-4-1-pnx4v,1,8
1782486422,gsm-58,virtphy-7f6564d854-m7794,6,1
1782486425,gsm-58,msc-test-stub-5b875d749d-vn5tj,1,16
1782486425,gsm-58,osmo-bsc-594654bd47-d6tfv,1,5
1782486425,gsm-58,osmo-bts-virtual-5f8b9b86fc-6msxb,25,5
1782486425,gsm-58,osmo-hlr-546bdb8988-chqpf,1,2
1782486425,gsm-58,osmo-mgw-8c8fc67d6-fxs4m,1,2
1782486425,gsm-58,osmo-mobile-7c59486c5-rfgsl,3,36
1782486425,gsm-58,osmo-stp-768687f494-n22q8,1,2
1782486425,gsm-58,ttcn3-tc-26-3-4-1-pnx4v,1,8
1782486425,gsm-58,virtphy-7f6564d854-m7794,6,1
1782486427,gsm-58,msc-test-stub-5b875d749d-vn5tj,1,16
1782486427,gsm-58,osmo-bsc-594654bd47-d6tfv,1,5
1782486427,gsm-58,osmo-bts-virtual-5f8b9b86fc-6msxb,25,5
1782486427,gsm-58,osmo-hlr-546bdb8988-chqpf,1,2
1782486427,gsm-58,osmo-mgw-8c8fc67d6-fxs4m,1,2
1782486427,gsm-58,osmo-mobile-7c59486c5-rfgsl,3,36
1782486427,gsm-58,osmo-stp-768687f494-n22q8,1,2
1782486427,gsm-58,ttcn3-tc-26-3-4-1-pnx4v,1,8
1782486427,gsm-58,virtphy-7f6564d854-m7794,6,1
1782486430,gsm-58,msc-test-stub-5b875d749d-vn5tj,1,16
1782486430,gsm-58,osmo-bsc-594654bd47-d6tfv,1,5
1782486430,gsm-58,osmo-bts-virtual-5f8b9b86fc-6msxb,25,5
1782486430,gsm-58,osmo-hlr-546bdb8988-chqpf,1,2
1782486430,gsm-58,osmo-mgw-8c8fc67d6-fxs4m,1,2
1782486430,gsm-58,osmo-mobile-7c59486c5-rfgsl,3,36
1782486430,gsm-58,osmo-stp-768687f494-n22q8,1,2
1782486430,gsm-58,ttcn3-tc-26-3-4-1-pnx4v,1,8
1782486430,gsm-58,virtphy-7f6564d854-m7794,6,1
1782486433,gsm-58,msc-test-stub-5b875d749d-vn5tj,1,16
1782486433,gsm-58,osmo-bsc-594654bd47-d6tfv,1,5
1782486433,gsm-58,osmo-bts-virtual-5f8b9b86fc-6msxb,25,5
1782486433,gsm-58,osmo-hlr-546bdb8988-chqpf,1,2
1782486433,gsm-58,osmo-mgw-8c8fc67d6-fxs4m,1,2
1782486433,gsm-58,osmo-mobile-7c59486c5-rfgsl,3,36
1782486433,gsm-58,osmo-stp-768687f494-n22q8,1,2
1782486433,gsm-58,ttcn3-tc-26-3-4-1-pnx4v,1,8
1782486433,gsm-58,virtphy-7f6564d854-m7794,7,1
1782486436,gsm-58,msc-test-stub-5b875d749d-vn5tj,1,16
1782486436,gsm-58,osmo-bsc-594654bd47-d6tfv,1,5
1782486436,gsm-58,osmo-bts-virtual-5f8b9b86fc-6msxb,25,5
1782486436,gsm-58,osmo-hlr-546bdb8988-chqpf,1,2
1782486436,gsm-58,osmo-mgw-8c8fc67d6-fxs4m,1,2
1782486436,gsm-58,osmo-mobile-7c59486c5-rfgsl,3,36
1782486436,gsm-58,osmo-stp-768687f494-n22q8,1,2
1782486436,gsm-58,ttcn3-tc-26-3-4-1-pnx4v,1,8
1782486436,gsm-58,virtphy-7f6564d854-m7794,7,1
1782486440,gsm-58,msc-test-stub-5b875d749d-vn5tj,1,16
1782486440,gsm-58,osmo-bsc-594654bd47-d6tfv,1,5
1782486440,gsm-58,osmo-bts-virtual-5f8b9b86fc-6msxb,25,5
1782486440,gsm-58,osmo-hlr-546bdb8988-chqpf,1,2
1782486440,gsm-58,osmo-mgw-8c8fc67d6-fxs4m,1,2
1782486440,gsm-58,osmo-mobile-7c59486c5-rfgsl,3,36
1782486440,gsm-58,osmo-stp-768687f494-n22q8,1,2
1782486440,gsm-58,ttcn3-tc-26-3-4-1-pnx4v,1,8
1782486440,gsm-58,virtphy-7f6564d854-m7794,7,1
1782486442,gsm-58,msc-test-stub-5b875d749d-vn5tj,1,16
1782486442,gsm-58,osmo-bsc-594654bd47-d6tfv,1,5
1782486442,gsm-58,osmo-bts-virtual-5f8b9b86fc-6msxb,25,5
1782486442,gsm-58,osmo-hlr-546bdb8988-chqpf,1,2
1782486442,gsm-58,osmo-mgw-8c8fc67d6-fxs4m,1,2
1782486442,gsm-58,osmo-mobile-7c59486c5-rfgsl,3,36
1782486442,gsm-58,osmo-stp-768687f494-n22q8,1,2
1782486442,gsm-58,ttcn3-tc-26-3-4-1-pnx4v,1,8
1782486442,gsm-58,virtphy-7f6564d854-m7794,7,1
1782486445,gsm-58,msc-test-stub-5b875d749d-vn5tj,1,16
1782486445,gsm-58,osmo-bsc-594654bd47-d6tfv,1,5
1782486445,gsm-58,osmo-bts-virtual-5f8b9b86fc-6msxb,25,5
1782486445,gsm-58,osmo-hlr-546bdb8988-chqpf,1,2
1782486445,gsm-58,osmo-mgw-8c8fc67d6-fxs4m,1,2
1782486445,gsm-58,osmo-mobile-7c59486c5-rfgsl,3,36
1782486445,gsm-58,osmo-stp-768687f494-n22q8,1,2
1782486445,gsm-58,ttcn3-tc-26-3-4-1-pnx4v,1,8
1782486445,gsm-58,virtphy-7f6564d854-m7794,7,1
1782486448,gsm-58,msc-test-stub-5b875d749d-vn5tj,1,16
1782486448,gsm-58,osmo-bsc-594654bd47-d6tfv,1,5
1782486448,gsm-58,osmo-bts-virtual-5f8b9b86fc-6msxb,25,5
1782486448,gsm-58,osmo-hlr-546bdb8988-chqpf,1,2
1782486448,gsm-58,osmo-mgw-8c8fc67d6-fxs4m,1,2
1782486448,gsm-58,osmo-mobile-7c59486c5-rfgsl,3,36
1782486448,gsm-58,osmo-stp-768687f494-n22q8,1,2
1782486448,gsm-58,ttcn3-tc-26-3-4-1-pnx4v,1,8
1782486448,gsm-58,virtphy-7f6564d854-m7794,6,1
1782486452,gsm-58,msc-test-stub-5b875d749d-vn5tj,1,16
1782486452,gsm-58,osmo-bsc-594654bd47-d6tfv,1,5
1782486452,gsm-58,osmo-bts-virtual-5f8b9b86fc-6msxb,25,5
1782486452,gsm-58,osmo-hlr-546bdb8988-chqpf,1,2
1782486452,gsm-58,osmo-mgw-8c8fc67d6-fxs4m,1,2
1782486452,gsm-58,osmo-mobile-7c59486c5-rfgsl,3,36
1782486452,gsm-58,osmo-stp-768687f494-n22q8,1,2
1782486452,gsm-58,ttcn3-tc-26-3-4-1-pnx4v,1,8
1782486452,gsm-58,virtphy-7f6564d854-m7794,6,1
1782486456,gsm-58,msc-test-stub-5b875d749d-vn5tj,1,16
1782486456,gsm-58,osmo-bsc-594654bd47-d6tfv,1,5
1782486456,gsm-58,osmo-bts-virtual-5f8b9b86fc-6msxb,25,5
1782486456,gsm-58,osmo-hlr-546bdb8988-chqpf,1,2
1782486456,gsm-58,osmo-mgw-8c8fc67d6-fxs4m,1,2
1782486456,gsm-58,osmo-mobile-7c59486c5-rfgsl,3,36
1782486456,gsm-58,osmo-stp-768687f494-n22q8,1,2
1782486456,gsm-58,ttcn3-tc-26-3-4-1-pnx4v,1,8
1782486456,gsm-58,virtphy-7f6564d854-m7794,6,1
1782486458,gsm-58,msc-test-stub-5b875d749d-vn5tj,1,16
1782486458,gsm-58,osmo-bsc-594654bd47-d6tfv,1,5
1782486458,gsm-58,osmo-bts-virtual-5f8b9b86fc-6msxb,25,5
1782486458,gsm-58,osmo-hlr-546bdb8988-chqpf,1,2
1782486458,gsm-58,osmo-mgw-8c8fc67d6-fxs4m,1,2
1782486458,gsm-58,osmo-mobile-7c59486c5-rfgsl,3,36
1782486458,gsm-58,osmo-stp-768687f494-n22q8,1,2
1782486458,gsm-58,ttcn3-tc-26-3-4-1-pnx4v,1,8
1782486458,gsm-58,virtphy-7f6564d854-m7794,6,1
1782486461,gsm-58,msc-test-stub-5b875d749d-vn5tj,1,16
1782486461,gsm-58,osmo-bsc-594654bd47-d6tfv,1,5
1782486461,gsm-58,osmo-bts-virtual-5f8b9b86fc-6msxb,25,5
1782486461,gsm-58,osmo-hlr-546bdb8988-chqpf,1,2
1782486461,gsm-58,osmo-mgw-8c8fc67d6-fxs4m,1,2
1782486461,gsm-58,osmo-mobile-7c59486c5-rfgsl,3,36
1782486461,gsm-58,osmo-stp-768687f494-n22q8,1,2
1782486461,gsm-58,ttcn3-tc-26-3-4-1-pnx4v,1,8
1782486461,gsm-58,virtphy-7f6564d854-m7794,6,1
1782486464,gsm-58,msc-test-stub-5b875d749d-vn5tj,1,16
1782486464,gsm-58,osmo-bsc-594654bd47-d6tfv,1,5
1782486464,gsm-58,osmo-bts-virtual-5f8b9b86fc-6msxb,27,5
1782486464,gsm-58,osmo-hlr-546bdb8988-chqpf,1,2
1782486464,gsm-58,osmo-mgw-8c8fc67d6-fxs4m,1,2
1782486464,gsm-58,osmo-mobile-7c59486c5-rfgsl,3,36
1782486464,gsm-58,osmo-stp-768687f494-n22q8,1,2
1782486464,gsm-58,ttcn3-tc-26-3-4-1-pnx4v,1,8
1782486464,gsm-58,virtphy-7f6564d854-m7794,6,1
1782486466,gsm-58,msc-test-stub-5b875d749d-vn5tj,1,16
1782486466,gsm-58,osmo-bsc-594654bd47-d6tfv,1,5
1782486466,gsm-58,osmo-bts-virtual-5f8b9b86fc-6msxb,27,5
1782486466,gsm-58,osmo-hlr-546bdb8988-chqpf,1,2
1782486466,gsm-58,osmo-mgw-8c8fc67d6-fxs4m,1,2
1782486466,gsm-58,osmo-mobile-7c59486c5-rfgsl,3,36
1782486466,gsm-58,osmo-stp-768687f494-n22q8,1,2
1782486466,gsm-58,ttcn3-tc-26-3-4-1-pnx4v,1,8
1782486466,gsm-58,virtphy-7f6564d854-m7794,6,1
1782486469,gsm-58,msc-test-stub-5b875d749d-vn5tj,1,16
1782486469,gsm-58,osmo-bsc-594654bd47-d6tfv,1,5
1782486469,gsm-58,osmo-bts-virtual-5f8b9b86fc-6msxb,27,5
1782486469,gsm-58,osmo-hlr-546bdb8988-chqpf,1,2
1782486469,gsm-58,osmo-mgw-8c8fc67d6-fxs4m,1,2
1782486469,gsm-58,osmo-mobile-7c59486c5-rfgsl,3,36
1782486469,gsm-58,osmo-stp-768687f494-n22q8,1,2
1782486469,gsm-58,ttcn3-tc-26-3-4-1-pnx4v,1,8
1782486469,gsm-58,virtphy-7f6564d854-m7794,6,1
1782486472,gsm-58,msc-test-stub-5b875d749d-vn5tj,1,16
1782486472,gsm-58,osmo-bsc-594654bd47-d6tfv,1,5
1782486472,gsm-58,osmo-bts-virtual-5f8b9b86fc-6msxb,27,5
1782486472,gsm-58,osmo-hlr-546bdb8988-chqpf,1,2
1782486472,gsm-58,osmo-mgw-8c8fc67d6-fxs4m,1,2
1782486472,gsm-58,osmo-mobile-7c59486c5-rfgsl,3,36
1782486472,gsm-58,osmo-stp-768687f494-n22q8,1,2
1782486472,gsm-58,ttcn3-tc-26-3-4-1-pnx4v,1,8
1782486472,gsm-58,virtphy-7f6564d854-m7794,6,1
1782486475,gsm-58,msc-test-stub-5b875d749d-vn5tj,1,16
1782486475,gsm-58,osmo-bsc-594654bd47-d6tfv,1,5
1782486475,gsm-58,osmo-bts-virtual-5f8b9b86fc-6msxb,27,5
1782486475,gsm-58,osmo-hlr-546bdb8988-chqpf,1,2
1782486475,gsm-58,osmo-mgw-8c8fc67d6-fxs4m,1,2
1782486475,gsm-58,osmo-mobile-7c59486c5-rfgsl,3,36
1782486475,gsm-58,osmo-stp-768687f494-n22q8,1,2
1782486475,gsm-58,ttcn3-tc-26-3-4-1-pnx4v,1,8
1782486475,gsm-58,virtphy-7f6564d854-m7794,6,1
1782486479,gsm-58,msc-test-stub-5b875d749d-vn5tj,1,16
1782486479,gsm-58,osmo-bsc-594654bd47-d6tfv,1,5
1782486479,gsm-58,osmo-bts-virtual-5f8b9b86fc-6msxb,27,5
1782486479,gsm-58,osmo-hlr-546bdb8988-chqpf,1,2
1782486479,gsm-58,osmo-mgw-8c8fc67d6-fxs4m,1,2
1782486479,gsm-58,osmo-mobile-7c59486c5-rfgsl,5,38
1782486479,gsm-58,osmo-stp-768687f494-n22q8,1,2
1782486479,gsm-58,ttcn3-tc-26-3-4-1-pnx4v,1,8
1782486479,gsm-58,virtphy-7f6564d854-m7794,7,1
1782486482,gsm-58,msc-test-stub-5b875d749d-vn5tj,1,16
1782486482,gsm-58,osmo-bsc-594654bd47-d6tfv,1,5
1782486482,gsm-58,osmo-bts-virtual-5f8b9b86fc-6msxb,27,5
1782486482,gsm-58,osmo-hlr-546bdb8988-chqpf,1,2
1782486482,gsm-58,osmo-mgw-8c8fc67d6-fxs4m,1,2
1782486482,gsm-58,osmo-mobile-7c59486c5-rfgsl,5,38
1782486482,gsm-58,osmo-stp-768687f494-n22q8,1,2
1782486482,gsm-58,ttcn3-tc-26-3-4-1-pnx4v,1,8
1782486482,gsm-58,virtphy-7f6564d854-m7794,7,1
1782486484,gsm-58,msc-test-stub-5b875d749d-vn5tj,1,16
1782486484,gsm-58,osmo-bsc-594654bd47-d6tfv,1,5
1782486484,gsm-58,osmo-bts-virtual-5f8b9b86fc-6msxb,27,5
1782486484,gsm-58,osmo-hlr-546bdb8988-chqpf,1,2
1782486484,gsm-58,osmo-mgw-8c8fc67d6-fxs4m,1,2
1782486484,gsm-58,osmo-mobile-7c59486c5-rfgsl,5,38
1782486484,gsm-58,osmo-stp-768687f494-n22q8,1,2
1782486484,gsm-58,ttcn3-tc-26-3-4-1-pnx4v,1,8
1782486484,gsm-58,virtphy-7f6564d854-m7794,7,1
1782486487,gsm-58,msc-test-stub-5b875d749d-vn5tj,1,16
1782486487,gsm-58,osmo-bsc-594654bd47-d6tfv,1,5
1782486487,gsm-58,osmo-bts-virtual-5f8b9b86fc-6msxb,27,5
1782486487,gsm-58,osmo-hlr-546bdb8988-chqpf,1,2
1782486487,gsm-58,osmo-mgw-8c8fc67d6-fxs4m,1,2
1782486487,gsm-58,osmo-mobile-7c59486c5-rfgsl,5,38
1782486487,gsm-58,osmo-stp-768687f494-n22q8,1,2
1782486487,gsm-58,ttcn3-tc-26-3-4-1-pnx4v,1,8
1782486487,gsm-58,virtphy-7f6564d854-m7794,7,1
1782486490,gsm-58,msc-test-stub-5b875d749d-vn5tj,1,16
1782486490,gsm-58,osmo-bsc-594654bd47-d6tfv,1,5
1782486490,gsm-58,osmo-bts-virtual-5f8b9b86fc-6msxb,27,5
1782486490,gsm-58,osmo-hlr-546bdb8988-chqpf,1,2
1782486490,gsm-58,osmo-mgw-8c8fc67d6-fxs4m,1,2
1782486490,gsm-58,osmo-mobile-7c59486c5-rfgsl,5,38
1782486490,gsm-58,osmo-stp-768687f494-n22q8,1,2
1782486490,gsm-58,ttcn3-tc-26-3-4-1-pnx4v,1,8
1782486490,gsm-58,virtphy-7f6564d854-m7794,7,1
1782486492,gsm-58,msc-test-stub-5b875d749d-vn5tj,1,16
1782486492,gsm-58,osmo-bsc-594654bd47-d6tfv,1,5
1782486492,gsm-58,osmo-bts-virtual-5f8b9b86fc-6msxb,27,5
1782486492,gsm-58,osmo-hlr-546bdb8988-chqpf,1,2
1782486492,gsm-58,osmo-mgw-8c8fc67d6-fxs4m,1,2
1782486492,gsm-58,osmo-mobile-7c59486c5-rfgsl,5,38
1782486492,gsm-58,osmo-stp-768687f494-n22q8,1,2
1782486492,gsm-58,ttcn3-tc-26-3-4-1-pnx4v,1,8
1782486492,gsm-58,virtphy-7f6564d854-m7794,7,1
1782486495,gsm-58,msc-test-stub-5b875d749d-vn5tj,9,16
1782486495,gsm-58,osmo-bsc-594654bd47-d6tfv,1,5
1782486495,gsm-58,osmo-bts-virtual-5f8b9b86fc-6msxb,28,5
1782486495,gsm-58,osmo-hlr-546bdb8988-chqpf,1,2
1782486495,gsm-58,osmo-mgw-8c8fc67d6-fxs4m,1,2
1782486495,gsm-58,osmo-mobile-7c59486c5-rfgsl,3,38
1782486495,gsm-58,osmo-stp-768687f494-n22q8,1,2
1782486495,gsm-58,ttcn3-tc-26-3-4-1-pnx4v,1,8
1782486495,gsm-58,virtphy-7f6564d854-m7794,6,1
1782486497,gsm-58,msc-test-stub-5b875d749d-vn5tj,9,16
1782486497,gsm-58,osmo-bsc-594654bd47-d6tfv,1,5
1782486497,gsm-58,osmo-bts-virtual-5f8b9b86fc-6msxb,28,5
1782486497,gsm-58,osmo-hlr-546bdb8988-chqpf,1,2
1782486497,gsm-58,osmo-mgw-8c8fc67d6-fxs4m,1,2
1782486497,gsm-58,osmo-mobile-7c59486c5-rfgsl,3,38
1782486497,gsm-58,osmo-stp-768687f494-n22q8,1,2
1782486497,gsm-58,ttcn3-tc-26-3-4-1-pnx4v,1,8
1782486497,gsm-58,virtphy-7f6564d854-m7794,6,1
1782486499,gsm-58,msc-test-stub-5b875d749d-vn5tj,9,16
1782486499,gsm-58,osmo-bsc-594654bd47-d6tfv,1,5
1782486499,gsm-58,osmo-bts-virtual-5f8b9b86fc-6msxb,28,5
1782486499,gsm-58,osmo-hlr-546bdb8988-chqpf,1,2
1782486499,gsm-58,osmo-mgw-8c8fc67d6-fxs4m,1,2
1782486499,gsm-58,osmo-mobile-7c59486c5-rfgsl,3,38
1782486499,gsm-58,osmo-stp-768687f494-n22q8,1,2
1782486499,gsm-58,ttcn3-tc-26-3-4-1-pnx4v,1,8
1782486499,gsm-58,virtphy-7f6564d854-m7794,6,1
1782486501,gsm-58,msc-test-stub-5b875d749d-vn5tj,9,16
1782486501,gsm-58,osmo-bsc-594654bd47-d6tfv,1,5
1782486501,gsm-58,osmo-bts-virtual-5f8b9b86fc-6msxb,28,5
1782486501,gsm-58,osmo-hlr-546bdb8988-chqpf,1,2
1782486501,gsm-58,osmo-mgw-8c8fc67d6-fxs4m,1,2
1782486501,gsm-58,osmo-mobile-7c59486c5-rfgsl,3,38
1782486501,gsm-58,osmo-stp-768687f494-n22q8,1,2
1782486501,gsm-58,ttcn3-tc-26-3-4-1-pnx4v,1,8
1782486501,gsm-58,virtphy-7f6564d854-m7794,6,1
1782486504,gsm-58,msc-test-stub-5b875d749d-vn5tj,9,16
1782486504,gsm-58,osmo-bsc-594654bd47-d6tfv,1,5
1782486504,gsm-58,osmo-bts-virtual-5f8b9b86fc-6msxb,28,5
1782486504,gsm-58,osmo-hlr-546bdb8988-chqpf,1,2
1782486504,gsm-58,osmo-mgw-8c8fc67d6-fxs4m,1,2
1782486504,gsm-58,osmo-mobile-7c59486c5-rfgsl,3,38
1782486504,gsm-58,osmo-stp-768687f494-n22q8,1,2
1782486504,gsm-58,ttcn3-tc-26-3-4-1-pnx4v,1,8
1782486504,gsm-58,virtphy-7f6564d854-m7794,6,1
1782486506,gsm-58,msc-test-stub-5b875d749d-vn5tj,9,16
1782486506,gsm-58,osmo-bsc-594654bd47-d6tfv,1,5
1782486506,gsm-58,osmo-bts-virtual-5f8b9b86fc-6msxb,28,5
1782486506,gsm-58,osmo-hlr-546bdb8988-chqpf,1,2
1782486506,gsm-58,osmo-mgw-8c8fc67d6-fxs4m,1,2
1782486506,gsm-58,osmo-mobile-7c59486c5-rfgsl,3,38
1782486506,gsm-58,osmo-stp-768687f494-n22q8,1,2
1782486506,gsm-58,ttcn3-tc-26-3-4-1-pnx4v,1,8
1782486506,gsm-58,virtphy-7f6564d854-m7794,6,1
1782486508,gsm-58,msc-test-stub-5b875d749d-vn5tj,1,16
1782486508,gsm-58,osmo-bsc-594654bd47-d6tfv,1,5
1782486508,gsm-58,osmo-bts-virtual-5f8b9b86fc-6msxb,26,5
1782486508,gsm-58,osmo-hlr-546bdb8988-chqpf,1,2
1782486508,gsm-58,osmo-mgw-8c8fc67d6-fxs4m,1,2
1782486508,gsm-58,osmo-mobile-7c59486c5-rfgsl,3,38
1782486508,gsm-58,osmo-stp-768687f494-n22q8,1,2
1782486508,gsm-58,ttcn3-tc-26-3-4-1-pnx4v,1,8
1782486508,gsm-58,virtphy-7f6564d854-m7794,6,1
1782486511,gsm-58,msc-test-stub-5b875d749d-vn5tj,1,16
1782486511,gsm-58,osmo-bsc-594654bd47-d6tfv,1,5
1782486511,gsm-58,osmo-bts-virtual-5f8b9b86fc-6msxb,26,5
1782486511,gsm-58,osmo-hlr-546bdb8988-chqpf,1,2
1782486511,gsm-58,osmo-mgw-8c8fc67d6-fxs4m,1,2
1782486511,gsm-58,osmo-mobile-7c59486c5-rfgsl,3,38
1782486511,gsm-58,osmo-stp-768687f494-n22q8,1,2
1782486511,gsm-58,ttcn3-tc-26-3-4-1-pnx4v,1,8
1782486511,gsm-58,virtphy-7f6564d854-m7794,6,1
1782486513,gsm-58,msc-test-stub-5b875d749d-vn5tj,1,16
1782486513,gsm-58,osmo-bsc-594654bd47-d6tfv,1,5
1782486513,gsm-58,osmo-bts-virtual-5f8b9b86fc-6msxb,26,5
1782486513,gsm-58,osmo-hlr-546bdb8988-chqpf,1,2
1782486513,gsm-58,osmo-mgw-8c8fc67d6-fxs4m,1,2
1782486513,gsm-58,osmo-mobile-7c59486c5-rfgsl,3,38
1782486513,gsm-58,osmo-stp-768687f494-n22q8,1,2
1782486513,gsm-58,ttcn3-tc-26-3-4-1-pnx4v,1,8
1782486513,gsm-58,virtphy-7f6564d854-m7794,6,1
1782486516,gsm-58,msc-test-stub-5b875d749d-vn5tj,1,16
1782486516,gsm-58,osmo-bsc-594654bd47-d6tfv,1,5
1782486516,gsm-58,osmo-bts-virtual-5f8b9b86fc-6msxb,26,5
1782486516,gsm-58,osmo-hlr-546bdb8988-chqpf,1,2
1782486516,gsm-58,osmo-mgw-8c8fc67d6-fxs4m,1,2
1782486516,gsm-58,osmo-mobile-7c59486c5-rfgsl,3,38
1782486516,gsm-58,osmo-stp-768687f494-n22q8,1,2
1782486516,gsm-58,ttcn3-tc-26-3-4-1-pnx4v,1,8
1782486516,gsm-58,virtphy-7f6564d854-m7794,6,1
1782486518,gsm-58,msc-test-stub-5b875d749d-vn5tj,1,16
1782486518,gsm-58,osmo-bsc-594654bd47-d6tfv,1,5
1782486518,gsm-58,osmo-bts-virtual-5f8b9b86fc-6msxb,26,5
1782486518,gsm-58,osmo-hlr-546bdb8988-chqpf,1,2
1782486518,gsm-58,osmo-mgw-8c8fc67d6-fxs4m,1,2
1782486518,gsm-58,osmo-mobile-7c59486c5-rfgsl,3,38
1782486518,gsm-58,osmo-stp-768687f494-n22q8,1,2
1782486518,gsm-58,ttcn3-tc-26-3-4-1-pnx4v,1,8
1782486518,gsm-58,virtphy-7f6564d854-m7794,6,1
1782486520,gsm-58,msc-test-stub-5b875d749d-vn5tj,1,16
1782486520,gsm-58,osmo-bsc-594654bd47-d6tfv,1,5
1782486520,gsm-58,osmo-bts-virtual-5f8b9b86fc-6msxb,26,5
1782486520,gsm-58,osmo-hlr-546bdb8988-chqpf,1,2
1782486520,gsm-58,osmo-mgw-8c8fc67d6-fxs4m,1,2
1782486520,gsm-58,osmo-mobile-7c59486c5-rfgsl,3,38
1782486520,gsm-58,osmo-stp-768687f494-n22q8,1,2
1782486520,gsm-58,ttcn3-tc-26-3-4-1-pnx4v,1,8
1782486520,gsm-58,virtphy-7f6564d854-m7794,6,1
1782486522,gsm-58,msc-test-stub-5b875d749d-vn5tj,1,16
1782486522,gsm-58,osmo-bsc-594654bd47-d6tfv,1,5
1782486522,gsm-58,osmo-bts-virtual-5f8b9b86fc-6msxb,26,5
1782486522,gsm-58,osmo-hlr-546bdb8988-chqpf,1,2
1782486522,gsm-58,osmo-mgw-8c8fc67d6-fxs4m,1,2
1782486522,gsm-58,osmo-mobile-7c59486c5-rfgsl,3,38
1782486522,gsm-58,osmo-stp-768687f494-n22q8,1,2
1782486522,gsm-58,ttcn3-tc-26-3-4-1-pnx4v,1,8
1782486522,gsm-58,virtphy-7f6564d854-m7794,6,1
1782486525,gsm-58,msc-test-stub-5b875d749d-vn5tj,1,16
1782486525,gsm-58,osmo-bsc-594654bd47-d6tfv,1,5
1782486525,gsm-58,osmo-bts-virtual-5f8b9b86fc-6msxb,26,5
1782486525,gsm-58,osmo-hlr-546bdb8988-chqpf,1,2
1782486525,gsm-58,osmo-mgw-8c8fc67d6-fxs4m,1,2
1782486525,gsm-58,osmo-mobile-7c59486c5-rfgsl,3,38
1782486525,gsm-58,osmo-stp-768687f494-n22q8,1,2
1782486525,gsm-58,ttcn3-tc-26-3-4-1-pnx4v,1,8
1782486525,gsm-58,virtphy-7f6564d854-m7794,6,1
1782486527,gsm-58,msc-test-stub-5b875d749d-vn5tj,1,16
1782486527,gsm-58,osmo-bsc-594654bd47-d6tfv,1,5
1782486527,gsm-58,osmo-bts-virtual-5f8b9b86fc-6msxb,26,5
1782486527,gsm-58,osmo-hlr-546bdb8988-chqpf,1,2
1782486527,gsm-58,osmo-mgw-8c8fc67d6-fxs4m,1,2
1782486527,gsm-58,osmo-mobile-7c59486c5-rfgsl,3,38
1782486527,gsm-58,osmo-stp-768687f494-n22q8,1,2
1782486527,gsm-58,ttcn3-tc-26-3-4-1-pnx4v,1,8
1782486527,gsm-58,virtphy-7f6564d854-m7794,6,1
1782486530,gsm-58,msc-test-stub-5b875d749d-vn5tj,1,16
1782486530,gsm-58,osmo-bsc-594654bd47-d6tfv,1,5
1782486530,gsm-58,osmo-bts-virtual-5f8b9b86fc-6msxb,26,5
1782486530,gsm-58,osmo-hlr-546bdb8988-chqpf,1,2
1782486530,gsm-58,osmo-mgw-8c8fc67d6-fxs4m,1,2
1782486530,gsm-58,osmo-mobile-7c59486c5-rfgsl,3,38
1782486530,gsm-58,osmo-stp-768687f494-n22q8,1,2
1782486530,gsm-58,ttcn3-tc-26-3-4-1-pnx4v,1,8
1782486530,gsm-58,virtphy-7f6564d854-m7794,6,1
1782486532,gsm-58,msc-test-stub-5b875d749d-vn5tj,1,16
1782486532,gsm-58,osmo-bsc-594654bd47-d6tfv,1,5
1782486532,gsm-58,osmo-bts-virtual-5f8b9b86fc-6msxb,26,5
1782486532,gsm-58,osmo-hlr-546bdb8988-chqpf,1,2
1782486532,gsm-58,osmo-mgw-8c8fc67d6-fxs4m,1,2
1782486532,gsm-58,osmo-mobile-7c59486c5-rfgsl,3,38
1782486532,gsm-58,osmo-stp-768687f494-n22q8,1,2
1782486532,gsm-58,ttcn3-tc-26-3-4-1-pnx4v,1,8
1782486532,gsm-58,virtphy-7f6564d854-m7794,6,1
1782486534,gsm-58,msc-test-stub-5b875d749d-vn5tj,1,16
1782486534,gsm-58,osmo-bsc-594654bd47-d6tfv,1,5
1782486534,gsm-58,osmo-bts-virtual-5f8b9b86fc-6msxb,26,5
1782486534,gsm-58,osmo-hlr-546bdb8988-chqpf,1,2
1782486534,gsm-58,osmo-mgw-8c8fc67d6-fxs4m,1,2
1782486534,gsm-58,osmo-mobile-7c59486c5-rfgsl,3,38
1782486534,gsm-58,osmo-stp-768687f494-n22q8,1,2
1782486534,gsm-58,ttcn3-tc-26-3-4-1-pnx4v,1,8
1782486534,gsm-58,virtphy-7f6564d854-m7794,6,1
1782486536,gsm-58,msc-test-stub-5b875d749d-vn5tj,1,16
1782486536,gsm-58,osmo-bsc-594654bd47-d6tfv,1,5
1782486536,gsm-58,osmo-bts-virtual-5f8b9b86fc-6msxb,26,5
1782486536,gsm-58,osmo-hlr-546bdb8988-chqpf,1,2
1782486536,gsm-58,osmo-mgw-8c8fc67d6-fxs4m,1,2
1782486536,gsm-58,osmo-mobile-7c59486c5-rfgsl,3,38
1782486536,gsm-58,osmo-stp-768687f494-n22q8,1,2
1782486536,gsm-58,ttcn3-tc-26-3-4-1-pnx4v,1,8
1782486536,gsm-58,virtphy-7f6564d854-m7794,6,1
1782486539,gsm-58,msc-test-stub-5b875d749d-vn5tj,1,16
1782486539,gsm-58,osmo-bsc-594654bd47-d6tfv,1,5
1782486539,gsm-58,osmo-bts-virtual-5f8b9b86fc-6msxb,29,5
1782486539,gsm-58,osmo-hlr-546bdb8988-chqpf,1,2
1782486539,gsm-58,osmo-mgw-8c8fc67d6-fxs4m,1,2
1782486539,gsm-58,osmo-mobile-7c59486c5-rfgsl,3,38
1782486539,gsm-58,osmo-stp-768687f494-n22q8,1,2
1782486539,gsm-58,ttcn3-tc-26-3-4-1-pnx4v,1,8
1782486539,gsm-58,virtphy-7f6564d854-m7794,7,1
1782486542,gsm-58,msc-test-stub-5b875d749d-vn5tj,1,16
1782486542,gsm-58,osmo-bsc-594654bd47-d6tfv,1,5
1782486542,gsm-58,osmo-bts-virtual-5f8b9b86fc-6msxb,29,5
1782486542,gsm-58,osmo-hlr-546bdb8988-chqpf,1,2
1782486542,gsm-58,osmo-mgw-8c8fc67d6-fxs4m,1,2
1782486542,gsm-58,osmo-mobile-7c59486c5-rfgsl,3,38
1782486542,gsm-58,osmo-stp-768687f494-n22q8,1,2
1782486542,gsm-58,ttcn3-tc-26-3-4-1-pnx4v,1,8
1782486542,gsm-58,virtphy-7f6564d854-m7794,7,1
1782486544,gsm-58,msc-test-stub-5b875d749d-vn5tj,1,16
1782486544,gsm-58,osmo-bsc-594654bd47-d6tfv,1,5
1782486544,gsm-58,osmo-bts-virtual-5f8b9b86fc-6msxb,29,5
1782486544,gsm-58,osmo-hlr-546bdb8988-chqpf,1,2
1782486544,gsm-58,osmo-mgw-8c8fc67d6-fxs4m,1,2
1782486544,gsm-58,osmo-mobile-7c59486c5-rfgsl,3,38
1782486544,gsm-58,osmo-stp-768687f494-n22q8,1,2
1782486544,gsm-58,ttcn3-tc-26-3-4-1-pnx4v,1,8
1782486544,gsm-58,virtphy-7f6564d854-m7794,7,1
1782486546,gsm-58,msc-test-stub-5b875d749d-vn5tj,1,16
1782486546,gsm-58,osmo-bsc-594654bd47-d6tfv,1,5
1782486546,gsm-58,osmo-bts-virtual-5f8b9b86fc-6msxb,29,5
1782486546,gsm-58,osmo-hlr-546bdb8988-chqpf,1,2
1782486546,gsm-58,osmo-mgw-8c8fc67d6-fxs4m,1,2
1782486546,gsm-58,osmo-mobile-7c59486c5-rfgsl,3,38
1782486546,gsm-58,osmo-stp-768687f494-n22q8,1,2
1782486546,gsm-58,ttcn3-tc-26-3-4-1-pnx4v,1,8
1782486546,gsm-58,virtphy-7f6564d854-m7794,7,1
1782486548,gsm-58,msc-test-stub-5b875d749d-vn5tj,1,16
1782486548,gsm-58,osmo-bsc-594654bd47-d6tfv,1,5
1782486548,gsm-58,osmo-bts-virtual-5f8b9b86fc-6msxb,29,5
1782486548,gsm-58,osmo-hlr-546bdb8988-chqpf,1,2
1782486548,gsm-58,osmo-mgw-8c8fc67d6-fxs4m,1,2
1782486548,gsm-58,osmo-mobile-7c59486c5-rfgsl,3,38
1782486548,gsm-58,osmo-stp-768687f494-n22q8,1,2
1782486548,gsm-58,ttcn3-tc-26-3-4-1-pnx4v,1,8
1782486548,gsm-58,virtphy-7f6564d854-m7794,7,1
1782486552,gsm-58,msc-test-stub-5b875d749d-vn5tj,1,16
1782486552,gsm-58,osmo-bsc-594654bd47-d6tfv,1,5
1782486552,gsm-58,osmo-bts-virtual-5f8b9b86fc-6msxb,29,5
1782486552,gsm-58,osmo-hlr-546bdb8988-chqpf,1,2
1782486552,gsm-58,osmo-mgw-8c8fc67d6-fxs4m,1,2
1782486552,gsm-58,osmo-mobile-7c59486c5-rfgsl,3,38
1782486552,gsm-58,osmo-stp-768687f494-n22q8,1,2
1782486552,gsm-58,ttcn3-tc-26-3-4-1-pnx4v,1,8
1782486552,gsm-58,virtphy-7f6564d854-m7794,7,1
1782486555,gsm-58,msc-test-stub-5b875d749d-vn5tj,1,16
1782486555,gsm-58,osmo-bsc-594654bd47-d6tfv,1,5
1782486555,gsm-58,osmo-bts-virtual-5f8b9b86fc-6msxb,28,5
1782486555,gsm-58,osmo-hlr-546bdb8988-chqpf,1,2
1782486555,gsm-58,osmo-mgw-8c8fc67d6-fxs4m,1,2
1782486555,gsm-58,osmo-mobile-7c59486c5-rfgsl,3,38
1782486555,gsm-58,osmo-stp-768687f494-n22q8,1,2
1782486555,gsm-58,ttcn3-tc-26-3-4-1-pnx4v,1,8
1782486555,gsm-58,virtphy-7f6564d854-m7794,6,1
1782486557,gsm-58,msc-test-stub-5b875d749d-vn5tj,1,16
1782486557,gsm-58,osmo-bsc-594654bd47-d6tfv,1,5
1782486557,gsm-58,osmo-bts-virtual-5f8b9b86fc-6msxb,28,5
1782486557,gsm-58,osmo-hlr-546bdb8988-chqpf,1,2
1782486557,gsm-58,osmo-mgw-8c8fc67d6-fxs4m,1,2
1782486557,gsm-58,osmo-mobile-7c59486c5-rfgsl,3,38
1782486557,gsm-58,osmo-stp-768687f494-n22q8,1,2
1782486557,gsm-58,ttcn3-tc-26-3-4-1-pnx4v,1,8
1782486557,gsm-58,virtphy-7f6564d854-m7794,6,1
1782486559,gsm-58,msc-test-stub-5b875d749d-vn5tj,1,16
1782486559,gsm-58,osmo-bsc-594654bd47-d6tfv,1,5
1782486559,gsm-58,osmo-bts-virtual-5f8b9b86fc-6msxb,28,5
1782486559,gsm-58,osmo-hlr-546bdb8988-chqpf,1,2
1782486559,gsm-58,osmo-mgw-8c8fc67d6-fxs4m,1,2
1782486559,gsm-58,osmo-mobile-7c59486c5-rfgsl,3,38
1782486559,gsm-58,osmo-stp-768687f494-n22q8,1,2
1782486559,gsm-58,ttcn3-tc-26-3-4-1-pnx4v,1,8
1782486559,gsm-58,virtphy-7f6564d854-m7794,6,1
1782486561,gsm-58,msc-test-stub-5b875d749d-vn5tj,1,16
1782486561,gsm-58,osmo-bsc-594654bd47-d6tfv,1,5
1782486561,gsm-58,osmo-bts-virtual-5f8b9b86fc-6msxb,28,5
1782486561,gsm-58,osmo-hlr-546bdb8988-chqpf,1,2
1782486561,gsm-58,osmo-mgw-8c8fc67d6-fxs4m,1,2
1782486561,gsm-58,osmo-mobile-7c59486c5-rfgsl,3,38
1782486561,gsm-58,osmo-stp-768687f494-n22q8,1,2
1782486561,gsm-58,ttcn3-tc-26-3-4-1-pnx4v,1,8
1782486561,gsm-58,virtphy-7f6564d854-m7794,6,1
1782486565,gsm-58,msc-test-stub-5b875d749d-vn5tj,1,16
1782486565,gsm-58,osmo-bsc-594654bd47-d6tfv,1,5
1782486565,gsm-58,osmo-bts-virtual-5f8b9b86fc-6msxb,28,5
1782486565,gsm-58,osmo-hlr-546bdb8988-chqpf,1,2
1782486565,gsm-58,osmo-mgw-8c8fc67d6-fxs4m,1,2
1782486565,gsm-58,osmo-mobile-7c59486c5-rfgsl,3,38
1782486565,gsm-58,osmo-stp-768687f494-n22q8,1,2
1782486565,gsm-58,ttcn3-tc-26-3-4-1-pnx4v,1,8
1782486565,gsm-58,virtphy-7f6564d854-m7794,6,1
1782486567,gsm-58,msc-test-stub-5b875d749d-vn5tj,1,16
1782486567,gsm-58,osmo-bsc-594654bd47-d6tfv,1,5
1782486567,gsm-58,osmo-bts-virtual-5f8b9b86fc-6msxb,28,5
1782486567,gsm-58,osmo-hlr-546bdb8988-chqpf,1,2
1782486567,gsm-58,osmo-mgw-8c8fc67d6-fxs4m,1,2
1782486567,gsm-58,osmo-mobile-7c59486c5-rfgsl,3,38
1782486567,gsm-58,osmo-stp-768687f494-n22q8,1,2
1782486567,gsm-58,ttcn3-tc-26-3-4-1-pnx4v,1,8
1782486567,gsm-58,virtphy-7f6564d854-m7794,6,1
1782486569,gsm-58,msc-test-stub-5b875d749d-vn5tj,1,16
1782486569,gsm-58,osmo-bsc-594654bd47-d6tfv,1,5
1782486569,gsm-58,osmo-bts-virtual-5f8b9b86fc-6msxb,31,5
1782486569,gsm-58,osmo-hlr-546bdb8988-chqpf,1,2
1782486569,gsm-58,osmo-mgw-8c8fc67d6-fxs4m,1,2
1782486569,gsm-58,osmo-mobile-7c59486c5-rfgsl,3,38
1782486569,gsm-58,osmo-stp-768687f494-n22q8,1,2
1782486569,gsm-58,ttcn3-tc-26-3-4-1-pnx4v,1,8
1782486569,gsm-58,virtphy-7f6564d854-m7794,6,1
1782486572,gsm-58,msc-test-stub-5b875d749d-vn5tj,1,16
1782486572,gsm-58,osmo-bsc-594654bd47-d6tfv,1,5
1782486572,gsm-58,osmo-bts-virtual-5f8b9b86fc-6msxb,31,5
1782486572,gsm-58,osmo-hlr-546bdb8988-chqpf,1,2
1782486572,gsm-58,osmo-mgw-8c8fc67d6-fxs4m,1,2
1782486572,gsm-58,osmo-mobile-7c59486c5-rfgsl,3,38
1782486572,gsm-58,osmo-stp-768687f494-n22q8,1,2
1782486572,gsm-58,ttcn3-tc-26-3-4-1-pnx4v,1,8
1782486572,gsm-58,virtphy-7f6564d854-m7794,6,1
1782486574,gsm-58,msc-test-stub-5b875d749d-vn5tj,1,16
1782486574,gsm-58,osmo-bsc-594654bd47-d6tfv,1,5
1782486574,gsm-58,osmo-bts-virtual-5f8b9b86fc-6msxb,31,5
1782486574,gsm-58,osmo-hlr-546bdb8988-chqpf,1,2
1782486574,gsm-58,osmo-mgw-8c8fc67d6-fxs4m,1,2
1782486574,gsm-58,osmo-mobile-7c59486c5-rfgsl,3,38
1782486574,gsm-58,osmo-stp-768687f494-n22q8,1,2
1782486574,gsm-58,ttcn3-tc-26-3-4-1-pnx4v,1,8
1782486574,gsm-58,virtphy-7f6564d854-m7794,6,1
1782486577,gsm-58,msc-test-stub-5b875d749d-vn5tj,1,16
1782486577,gsm-58,osmo-bsc-594654bd47-d6tfv,1,5
1782486577,gsm-58,osmo-bts-virtual-5f8b9b86fc-6msxb,31,5
1782486577,gsm-58,osmo-hlr-546bdb8988-chqpf,1,2
1782486577,gsm-58,osmo-mgw-8c8fc67d6-fxs4m,1,2
1782486577,gsm-58,osmo-mobile-7c59486c5-rfgsl,3,38
1782486577,gsm-58,osmo-stp-768687f494-n22q8,1,2
1782486577,gsm-58,ttcn3-tc-26-3-4-1-pnx4v,1,8
1782486577,gsm-58,virtphy-7f6564d854-m7794,6,1
1782486579,gsm-58,msc-test-stub-5b875d749d-vn5tj,1,16
1782486579,gsm-58,osmo-bsc-594654bd47-d6tfv,1,5
1782486579,gsm-58,osmo-bts-virtual-5f8b9b86fc-6msxb,31,5
1782486579,gsm-58,osmo-hlr-546bdb8988-chqpf,1,2
1782486579,gsm-58,osmo-mgw-8c8fc67d6-fxs4m,1,2
1782486579,gsm-58,osmo-mobile-7c59486c5-rfgsl,3,38
1782486579,gsm-58,osmo-stp-768687f494-n22q8,1,2
1782486579,gsm-58,ttcn3-tc-26-3-4-1-pnx4v,1,8
1782486579,gsm-58,virtphy-7f6564d854-m7794,6,1
1782486582,gsm-58,msc-test-stub-5b875d749d-vn5tj,1,16
1782486582,gsm-58,osmo-bsc-594654bd47-d6tfv,1,5
1782486582,gsm-58,osmo-bts-virtual-5f8b9b86fc-6msxb,31,5
1782486582,gsm-58,osmo-hlr-546bdb8988-chqpf,1,2
1782486582,gsm-58,osmo-mgw-8c8fc67d6-fxs4m,1,2
1782486582,gsm-58,osmo-mobile-7c59486c5-rfgsl,3,38
1782486582,gsm-58,osmo-stp-768687f494-n22q8,1,2
1782486582,gsm-58,ttcn3-tc-26-3-4-1-pnx4v,1,8
1782486582,gsm-58,virtphy-7f6564d854-m7794,6,1
1782486584,gsm-58,msc-test-stub-5b875d749d-vn5tj,1,16
1782486584,gsm-58,osmo-bsc-594654bd47-d6tfv,1,5
1782486584,gsm-58,osmo-bts-virtual-5f8b9b86fc-6msxb,33,5
1782486584,gsm-58,osmo-hlr-546bdb8988-chqpf,1,2
1782486584,gsm-58,osmo-mgw-8c8fc67d6-fxs4m,1,2
1782486584,gsm-58,osmo-mobile-7c59486c5-rfgsl,2,38
1782486584,gsm-58,osmo-stp-768687f494-n22q8,1,2
1782486584,gsm-58,ttcn3-tc-26-3-4-1-pnx4v,1,8
1782486584,gsm-58,virtphy-7f6564d854-m7794,8,1
1782486587,gsm-58,msc-test-stub-5b875d749d-vn5tj,1,16
1782486587,gsm-58,osmo-bsc-594654bd47-d6tfv,1,5
1782486587,gsm-58,osmo-bts-virtual-5f8b9b86fc-6msxb,33,5
1782486587,gsm-58,osmo-hlr-546bdb8988-chqpf,1,2
1782486587,gsm-58,osmo-mgw-8c8fc67d6-fxs4m,1,2
1782486587,gsm-58,osmo-mobile-7c59486c5-rfgsl,2,38
1782486587,gsm-58,osmo-stp-768687f494-n22q8,1,2
1782486587,gsm-58,ttcn3-tc-26-3-4-1-pnx4v,1,8
1782486587,gsm-58,virtphy-7f6564d854-m7794,8,1
1782486589,gsm-58,msc-test-stub-5b875d749d-vn5tj,1,16
1782486589,gsm-58,osmo-bsc-594654bd47-d6tfv,1,5
1782486589,gsm-58,osmo-bts-virtual-5f8b9b86fc-6msxb,33,5
1782486589,gsm-58,osmo-hlr-546bdb8988-chqpf,1,2
1782486589,gsm-58,osmo-mgw-8c8fc67d6-fxs4m,1,2
1782486589,gsm-58,osmo-mobile-7c59486c5-rfgsl,2,38
1782486589,gsm-58,osmo-stp-768687f494-n22q8,1,2
1782486589,gsm-58,ttcn3-tc-26-3-4-1-pnx4v,1,8
1782486589,gsm-58,virtphy-7f6564d854-m7794,8,1
1782486591,gsm-58,msc-test-stub-5b875d749d-vn5tj,1,16
1782486591,gsm-58,osmo-bsc-594654bd47-d6tfv,1,5
1782486591,gsm-58,osmo-bts-virtual-5f8b9b86fc-6msxb,33,5
1782486591,gsm-58,osmo-hlr-546bdb8988-chqpf,1,2
1782486591,gsm-58,osmo-mgw-8c8fc67d6-fxs4m,1,2
1782486591,gsm-58,osmo-mobile-7c59486c5-rfgsl,2,38
1782486591,gsm-58,osmo-stp-768687f494-n22q8,1,2
1782486591,gsm-58,ttcn3-tc-26-3-4-1-pnx4v,1,8
1782486591,gsm-58,virtphy-7f6564d854-m7794,8,1
1782486594,gsm-58,msc-test-stub-5b875d749d-vn5tj,1,16
1782486594,gsm-58,osmo-bsc-594654bd47-d6tfv,1,5
1782486594,gsm-58,osmo-bts-virtual-5f8b9b86fc-6msxb,33,5
1782486594,gsm-58,osmo-hlr-546bdb8988-chqpf,1,2
1782486594,gsm-58,osmo-mgw-8c8fc67d6-fxs4m,1,2
1782486594,gsm-58,osmo-mobile-7c59486c5-rfgsl,2,38
1782486594,gsm-58,osmo-stp-768687f494-n22q8,1,2
1782486594,gsm-58,ttcn3-tc-26-3-4-1-pnx4v,1,8
1782486594,gsm-58,virtphy-7f6564d854-m7794,8,1
1782486596,gsm-58,msc-test-stub-5b875d749d-vn5tj,1,16
1782486596,gsm-58,osmo-bsc-594654bd47-d6tfv,1,5
1782486596,gsm-58,osmo-bts-virtual-5f8b9b86fc-6msxb,33,5
1782486596,gsm-58,osmo-hlr-546bdb8988-chqpf,1,2
1782486596,gsm-58,osmo-mgw-8c8fc67d6-fxs4m,1,2
1782486596,gsm-58,osmo-mobile-7c59486c5-rfgsl,2,38
1782486596,gsm-58,osmo-stp-768687f494-n22q8,1,2
1782486596,gsm-58,ttcn3-tc-26-3-4-1-pnx4v,1,8
1782486596,gsm-58,virtphy-7f6564d854-m7794,8,1
1782486599,gsm-58,msc-test-stub-5b875d749d-vn5tj,1,16
1782486599,gsm-58,osmo-bsc-594654bd47-d6tfv,1,5
1782486599,gsm-58,osmo-bts-virtual-5f8b9b86fc-6msxb,29,5
1782486599,gsm-58,osmo-hlr-546bdb8988-chqpf,1,2
1782486599,gsm-58,osmo-mgw-8c8fc67d6-fxs4m,1,2
1782486599,gsm-58,osmo-mobile-7c59486c5-rfgsl,3,38
1782486599,gsm-58,osmo-stp-768687f494-n22q8,1,2
1782486599,gsm-58,ttcn3-tc-26-3-4-1-pnx4v,1,8
1782486599,gsm-58,virtphy-7f6564d854-m7794,7,1
1782486601,gsm-58,msc-test-stub-5b875d749d-vn5tj,1,16
1782486601,gsm-58,osmo-bsc-594654bd47-d6tfv,1,5
1782486601,gsm-58,osmo-bts-virtual-5f8b9b86fc-6msxb,29,5
1782486601,gsm-58,osmo-hlr-546bdb8988-chqpf,1,2
1782486601,gsm-58,osmo-mgw-8c8fc67d6-fxs4m,1,2
1782486601,gsm-58,osmo-mobile-7c59486c5-rfgsl,3,38
1782486601,gsm-58,osmo-stp-768687f494-n22q8,1,2
1782486601,gsm-58,ttcn3-tc-26-3-4-1-pnx4v,1,8
1782486601,gsm-58,virtphy-7f6564d854-m7794,7,1
1782486604,gsm-58,msc-test-stub-5b875d749d-vn5tj,1,16
1782486604,gsm-58,osmo-bsc-594654bd47-d6tfv,1,5
1782486604,gsm-58,osmo-bts-virtual-5f8b9b86fc-6msxb,29,5
1782486604,gsm-58,osmo-hlr-546bdb8988-chqpf,1,2
1782486604,gsm-58,osmo-mgw-8c8fc67d6-fxs4m,1,2
1782486604,gsm-58,osmo-mobile-7c59486c5-rfgsl,3,38
1782486604,gsm-58,osmo-stp-768687f494-n22q8,1,2
1782486604,gsm-58,ttcn3-tc-26-3-4-1-pnx4v,1,8
1782486604,gsm-58,virtphy-7f6564d854-m7794,7,1
1782486606,gsm-58,msc-test-stub-5b875d749d-vn5tj,1,16
1782486606,gsm-58,osmo-bsc-594654bd47-d6tfv,1,5
1782486606,gsm-58,osmo-bts-virtual-5f8b9b86fc-6msxb,29,5
1782486606,gsm-58,osmo-hlr-546bdb8988-chqpf,1,2
1782486606,gsm-58,osmo-mgw-8c8fc67d6-fxs4m,1,2
1782486606,gsm-58,osmo-mobile-7c59486c5-rfgsl,3,38
1782486606,gsm-58,osmo-stp-768687f494-n22q8,1,2
1782486606,gsm-58,ttcn3-tc-26-3-4-1-pnx4v,1,8
1782486606,gsm-58,virtphy-7f6564d854-m7794,7,1
1782486608,gsm-58,msc-test-stub-5b875d749d-vn5tj,1,16
1782486608,gsm-58,osmo-bsc-594654bd47-d6tfv,1,5
1782486608,gsm-58,osmo-bts-virtual-5f8b9b86fc-6msxb,29,5
1782486608,gsm-58,osmo-hlr-546bdb8988-chqpf,1,2
1782486608,gsm-58,osmo-mgw-8c8fc67d6-fxs4m,1,2
1782486608,gsm-58,osmo-mobile-7c59486c5-rfgsl,3,38
1782486608,gsm-58,osmo-stp-768687f494-n22q8,1,2
1782486608,gsm-58,ttcn3-tc-26-3-4-1-pnx4v,1,8
1782486608,gsm-58,virtphy-7f6564d854-m7794,7,1
1782486611,gsm-58,msc-test-stub-5b875d749d-vn5tj,1,16
1782486611,gsm-58,osmo-bsc-594654bd47-d6tfv,1,5
1782486611,gsm-58,osmo-bts-virtual-5f8b9b86fc-6msxb,29,5
1782486611,gsm-58,osmo-hlr-546bdb8988-chqpf,1,2
1782486611,gsm-58,osmo-mgw-8c8fc67d6-fxs4m,1,2
1782486611,gsm-58,osmo-mobile-7c59486c5-rfgsl,3,38
1782486611,gsm-58,osmo-stp-768687f494-n22q8,1,2
1782486611,gsm-58,ttcn3-tc-26-3-4-1-pnx4v,1,8
1782486611,gsm-58,virtphy-7f6564d854-m7794,7,1
1782486614,gsm-58,msc-test-stub-5b875d749d-vn5tj,1,16
1782486614,gsm-58,osmo-bsc-594654bd47-d6tfv,1,5
1782486614,gsm-58,osmo-bts-virtual-5f8b9b86fc-6msxb,28,5
1782486614,gsm-58,osmo-hlr-546bdb8988-chqpf,1,2
1782486614,gsm-58,osmo-mgw-8c8fc67d6-fxs4m,1,2
1782486614,gsm-58,osmo-mobile-7c59486c5-rfgsl,2,38
1782486614,gsm-58,osmo-stp-768687f494-n22q8,1,2
1782486614,gsm-58,ttcn3-tc-26-3-4-1-pnx4v,1,8
1782486614,gsm-58,virtphy-7f6564d854-m7794,7,1
1782486616,gsm-58,msc-test-stub-5b875d749d-vn5tj,1,16
1782486616,gsm-58,osmo-bsc-594654bd47-d6tfv,1,5
1782486616,gsm-58,osmo-bts-virtual-5f8b9b86fc-6msxb,28,5
1782486616,gsm-58,osmo-hlr-546bdb8988-chqpf,1,2
1782486616,gsm-58,osmo-mgw-8c8fc67d6-fxs4m,1,2
1782486616,gsm-58,osmo-mobile-7c59486c5-rfgsl,2,38
1782486616,gsm-58,osmo-stp-768687f494-n22q8,1,2
1782486616,gsm-58,ttcn3-tc-26-3-4-1-pnx4v,1,8
1782486616,gsm-58,virtphy-7f6564d854-m7794,7,1
1782486618,gsm-58,msc-test-stub-5b875d749d-vn5tj,1,16
1782486618,gsm-58,osmo-bsc-594654bd47-d6tfv,1,5
1782486618,gsm-58,osmo-bts-virtual-5f8b9b86fc-6msxb,28,5
1782486618,gsm-58,osmo-hlr-546bdb8988-chqpf,1,2
1782486618,gsm-58,osmo-mgw-8c8fc67d6-fxs4m,1,2
1782486618,gsm-58,osmo-mobile-7c59486c5-rfgsl,2,38
1782486618,gsm-58,osmo-stp-768687f494-n22q8,1,2
1782486618,gsm-58,ttcn3-tc-26-3-4-1-pnx4v,1,8
1782486618,gsm-58,virtphy-7f6564d854-m7794,7,1
1782486620,gsm-58,msc-test-stub-5b875d749d-vn5tj,1,16
1782486620,gsm-58,osmo-bsc-594654bd47-d6tfv,1,5
1782486620,gsm-58,osmo-bts-virtual-5f8b9b86fc-6msxb,28,5
1782486620,gsm-58,osmo-hlr-546bdb8988-chqpf,1,2
1782486620,gsm-58,osmo-mgw-8c8fc67d6-fxs4m,1,2
1782486620,gsm-58,osmo-mobile-7c59486c5-rfgsl,2,38
1782486620,gsm-58,osmo-stp-768687f494-n22q8,1,2
1782486620,gsm-58,ttcn3-tc-26-3-4-1-pnx4v,1,8
1782486620,gsm-58,virtphy-7f6564d854-m7794,7,1
1782486623,gsm-58,msc-test-stub-5b875d749d-vn5tj,1,16
1782486623,gsm-58,osmo-bsc-594654bd47-d6tfv,1,5
1782486623,gsm-58,osmo-bts-virtual-5f8b9b86fc-6msxb,28,5
1782486623,gsm-58,osmo-hlr-546bdb8988-chqpf,1,2
1782486623,gsm-58,osmo-mgw-8c8fc67d6-fxs4m,1,2
1782486623,gsm-58,osmo-mobile-7c59486c5-rfgsl,2,38
1782486623,gsm-58,osmo-stp-768687f494-n22q8,1,2
1782486623,gsm-58,ttcn3-tc-26-3-4-1-pnx4v,1,8
1782486623,gsm-58,virtphy-7f6564d854-m7794,7,1
1782486625,gsm-58,msc-test-stub-5b875d749d-vn5tj,1,16
1782486625,gsm-58,osmo-bsc-594654bd47-d6tfv,1,5
1782486625,gsm-58,osmo-bts-virtual-5f8b9b86fc-6msxb,28,5
1782486625,gsm-58,osmo-hlr-546bdb8988-chqpf,1,2
1782486625,gsm-58,osmo-mgw-8c8fc67d6-fxs4m,1,2
1782486625,gsm-58,osmo-mobile-7c59486c5-rfgsl,2,38
1782486625,gsm-58,osmo-stp-768687f494-n22q8,1,2
1782486625,gsm-58,ttcn3-tc-26-3-4-1-pnx4v,1,8
1782486625,gsm-58,virtphy-7f6564d854-m7794,7,1
1782486628,gsm-58,msc-test-stub-5b875d749d-vn5tj,1,16
1782486628,gsm-58,osmo-bsc-594654bd47-d6tfv,1,5
1782486628,gsm-58,osmo-bts-virtual-5f8b9b86fc-6msxb,27,5
1782486628,gsm-58,osmo-hlr-546bdb8988-chqpf,1,2
1782486628,gsm-58,osmo-mgw-8c8fc67d6-fxs4m,1,2
1782486628,gsm-58,osmo-mobile-7c59486c5-rfgsl,2,38
1782486628,gsm-58,osmo-stp-768687f494-n22q8,1,2
1782486628,gsm-58,ttcn3-tc-26-3-4-1-pnx4v,1,8
1782486628,gsm-58,virtphy-7f6564d854-m7794,7,1
1782486630,gsm-58,msc-test-stub-5b875d749d-vn5tj,1,16
1782486630,gsm-58,osmo-bsc-594654bd47-d6tfv,1,5
1782486630,gsm-58,osmo-bts-virtual-5f8b9b86fc-6msxb,27,5
1782486630,gsm-58,osmo-hlr-546bdb8988-chqpf,1,2
1782486630,gsm-58,osmo-mgw-8c8fc67d6-fxs4m,1,2
1782486630,gsm-58,osmo-mobile-7c59486c5-rfgsl,2,38
1782486630,gsm-58,osmo-stp-768687f494-n22q8,1,2
1782486630,gsm-58,ttcn3-tc-26-3-4-1-pnx4v,1,8
1782486630,gsm-58,virtphy-7f6564d854-m7794,7,1
1782486632,gsm-58,msc-test-stub-5b875d749d-vn5tj,1,16
1782486632,gsm-58,osmo-bsc-594654bd47-d6tfv,1,5
1782486632,gsm-58,osmo-bts-virtual-5f8b9b86fc-6msxb,27,5
1782486632,gsm-58,osmo-hlr-546bdb8988-chqpf,1,2
1782486632,gsm-58,osmo-mgw-8c8fc67d6-fxs4m,1,2
1782486632,gsm-58,osmo-mobile-7c59486c5-rfgsl,2,38
1782486632,gsm-58,osmo-stp-768687f494-n22q8,1,2
1782486632,gsm-58,ttcn3-tc-26-3-4-1-pnx4v,1,8
1782486632,gsm-58,virtphy-7f6564d854-m7794,7,1
1782486634,gsm-58,msc-test-stub-5b875d749d-vn5tj,1,16
1782486634,gsm-58,osmo-bsc-594654bd47-d6tfv,1,5
1782486634,gsm-58,osmo-bts-virtual-5f8b9b86fc-6msxb,27,5
1782486634,gsm-58,osmo-hlr-546bdb8988-chqpf,1,2
1782486634,gsm-58,osmo-mgw-8c8fc67d6-fxs4m,1,2
1782486634,gsm-58,osmo-mobile-7c59486c5-rfgsl,2,38
1782486634,gsm-58,osmo-stp-768687f494-n22q8,1,2
1782486634,gsm-58,ttcn3-tc-26-3-4-1-pnx4v,1,8
1782486634,gsm-58,virtphy-7f6564d854-m7794,7,1
1782486637,gsm-58,msc-test-stub-5b875d749d-vn5tj,1,16
1782486637,gsm-58,osmo-bsc-594654bd47-d6tfv,1,5
1782486637,gsm-58,osmo-bts-virtual-5f8b9b86fc-6msxb,27,5
1782486637,gsm-58,osmo-hlr-546bdb8988-chqpf,1,2
1782486637,gsm-58,osmo-mgw-8c8fc67d6-fxs4m,1,2
1782486637,gsm-58,osmo-mobile-7c59486c5-rfgsl,2,38
1782486637,gsm-58,osmo-stp-768687f494-n22q8,1,2
1782486637,gsm-58,ttcn3-tc-26-3-4-1-pnx4v,1,8
1782486637,gsm-58,virtphy-7f6564d854-m7794,7,1
1782486639,gsm-58,msc-test-stub-5b875d749d-vn5tj,1,16
1782486639,gsm-58,osmo-bsc-594654bd47-d6tfv,1,5
1782486639,gsm-58,osmo-bts-virtual-5f8b9b86fc-6msxb,27,5
1782486639,gsm-58,osmo-hlr-546bdb8988-chqpf,1,2
1782486639,gsm-58,osmo-mgw-8c8fc67d6-fxs4m,1,2
1782486639,gsm-58,osmo-mobile-7c59486c5-rfgsl,2,38
1782486639,gsm-58,osmo-stp-768687f494-n22q8,1,2
1782486639,gsm-58,ttcn3-tc-26-3-4-1-pnx4v,1,8
1782486639,gsm-58,virtphy-7f6564d854-m7794,7,1
1782486641,gsm-58,msc-test-stub-5b875d749d-vn5tj,1,16
1782486641,gsm-58,osmo-bsc-594654bd47-d6tfv,1,5
1782486641,gsm-58,osmo-bts-virtual-5f8b9b86fc-6msxb,27,5
1782486641,gsm-58,osmo-hlr-546bdb8988-chqpf,1,2
1782486641,gsm-58,osmo-mgw-8c8fc67d6-fxs4m,1,2
1782486641,gsm-58,osmo-mobile-7c59486c5-rfgsl,2,38
1782486641,gsm-58,osmo-stp-768687f494-n22q8,1,2
1782486641,gsm-58,ttcn3-tc-26-3-4-1-pnx4v,1,8
1782486641,gsm-58,virtphy-7f6564d854-m7794,7,1
1782486644,gsm-58,msc-test-stub-5b875d749d-vn5tj,1,16
1782486644,gsm-58,osmo-bsc-594654bd47-d6tfv,1,5
1782486644,gsm-58,osmo-bts-virtual-5f8b9b86fc-6msxb,26,5
1782486644,gsm-58,osmo-hlr-546bdb8988-chqpf,1,2
1782486644,gsm-58,osmo-mgw-8c8fc67d6-fxs4m,1,2
1782486644,gsm-58,osmo-mobile-7c59486c5-rfgsl,3,38
1782486644,gsm-58,osmo-stp-768687f494-n22q8,1,2
1782486644,gsm-58,ttcn3-tc-26-3-4-1-pnx4v,1,8
1782486644,gsm-58,virtphy-7f6564d854-m7794,7,1
1782486646,gsm-58,msc-test-stub-5b875d749d-vn5tj,1,16
1782486646,gsm-58,osmo-bsc-594654bd47-d6tfv,1,5
1782486646,gsm-58,osmo-bts-virtual-5f8b9b86fc-6msxb,26,5
1782486646,gsm-58,osmo-hlr-546bdb8988-chqpf,1,2
1782486646,gsm-58,osmo-mgw-8c8fc67d6-fxs4m,1,2
1782486646,gsm-58,osmo-mobile-7c59486c5-rfgsl,3,38
1782486646,gsm-58,osmo-stp-768687f494-n22q8,1,2
1782486646,gsm-58,ttcn3-tc-26-3-4-1-pnx4v,1,8
1782486646,gsm-58,virtphy-7f6564d854-m7794,7,1
1782486648,gsm-58,msc-test-stub-5b875d749d-vn5tj,1,16
1782486648,gsm-58,osmo-bsc-594654bd47-d6tfv,1,5
1782486648,gsm-58,osmo-bts-virtual-5f8b9b86fc-6msxb,26,5
1782486648,gsm-58,osmo-hlr-546bdb8988-chqpf,1,2
1782486648,gsm-58,osmo-mgw-8c8fc67d6-fxs4m,1,2
1782486648,gsm-58,osmo-mobile-7c59486c5-rfgsl,3,38
1782486648,gsm-58,osmo-stp-768687f494-n22q8,1,2
1782486648,gsm-58,ttcn3-tc-26-3-4-1-pnx4v,1,8
1782486648,gsm-58,virtphy-7f6564d854-m7794,7,1
1782486650,gsm-58,msc-test-stub-5b875d749d-vn5tj,1,16
1782486650,gsm-58,osmo-bsc-594654bd47-d6tfv,1,5
1782486650,gsm-58,osmo-bts-virtual-5f8b9b86fc-6msxb,26,5
1782486650,gsm-58,osmo-hlr-546bdb8988-chqpf,1,2
1782486650,gsm-58,osmo-mgw-8c8fc67d6-fxs4m,1,2
1782486650,gsm-58,osmo-mobile-7c59486c5-rfgsl,3,38
1782486650,gsm-58,osmo-stp-768687f494-n22q8,1,2
1782486650,gsm-58,ttcn3-tc-26-3-4-1-pnx4v,1,8
1782486650,gsm-58,virtphy-7f6564d854-m7794,7,1
1782486653,gsm-58,msc-test-stub-5b875d749d-vn5tj,1,16
1782486653,gsm-58,osmo-bsc-594654bd47-d6tfv,1,5
1782486653,gsm-58,osmo-bts-virtual-5f8b9b86fc-6msxb,26,5
1782486653,gsm-58,osmo-hlr-546bdb8988-chqpf,1,2
1782486653,gsm-58,osmo-mgw-8c8fc67d6-fxs4m,1,2
1782486653,gsm-58,osmo-mobile-7c59486c5-rfgsl,3,38
1782486653,gsm-58,osmo-stp-768687f494-n22q8,1,2
1782486653,gsm-58,ttcn3-tc-26-3-4-1-pnx4v,1,8
1782486653,gsm-58,virtphy-7f6564d854-m7794,7,1
1782486655,gsm-58,msc-test-stub-5b875d749d-vn5tj,1,16
1782486655,gsm-58,osmo-bsc-594654bd47-d6tfv,1,5
1782486655,gsm-58,osmo-bts-virtual-5f8b9b86fc-6msxb,26,5
1782486655,gsm-58,osmo-hlr-546bdb8988-chqpf,1,2
1782486655,gsm-58,osmo-mgw-8c8fc67d6-fxs4m,1,2
1782486655,gsm-58,osmo-mobile-7c59486c5-rfgsl,3,38
1782486655,gsm-58,osmo-stp-768687f494-n22q8,1,2
1782486655,gsm-58,ttcn3-tc-26-3-4-1-pnx4v,1,8
1782486655,gsm-58,virtphy-7f6564d854-m7794,7,1
1782486657,gsm-58,msc-test-stub-5b875d749d-vn5tj,1,16
1782486657,gsm-58,osmo-bsc-594654bd47-d6tfv,1,5
1782486657,gsm-58,osmo-bts-virtual-5f8b9b86fc-6msxb,26,5
1782486657,gsm-58,osmo-hlr-546bdb8988-chqpf,1,2
1782486657,gsm-58,osmo-mgw-8c8fc67d6-fxs4m,1,2
1782486657,gsm-58,osmo-mobile-7c59486c5-rfgsl,3,38
1782486657,gsm-58,osmo-stp-768687f494-n22q8,1,2
1782486657,gsm-58,ttcn3-tc-26-3-4-1-pnx4v,1,8
1782486657,gsm-58,virtphy-7f6564d854-m7794,7,1
1782486659,gsm-58,msc-test-stub-5b875d749d-vn5tj,1,16
1782486659,gsm-58,osmo-bsc-594654bd47-d6tfv,1,5
1782486659,gsm-58,osmo-bts-virtual-5f8b9b86fc-6msxb,26,5
1782486659,gsm-58,osmo-hlr-546bdb8988-chqpf,1,2
1782486659,gsm-58,osmo-mgw-8c8fc67d6-fxs4m,1,2
1782486659,gsm-58,osmo-mobile-7c59486c5-rfgsl,3,38
1782486659,gsm-58,osmo-stp-768687f494-n22q8,1,2
1782486659,gsm-58,ttcn3-tc-26-3-4-1-pnx4v,1,8
1782486659,gsm-58,virtphy-7f6564d854-m7794,6,1
1782486662,gsm-58,msc-test-stub-5b875d749d-vn5tj,1,16
1782486662,gsm-58,osmo-bsc-594654bd47-d6tfv,1,5
1782486662,gsm-58,osmo-bts-virtual-5f8b9b86fc-6msxb,26,5
1782486662,gsm-58,osmo-hlr-546bdb8988-chqpf,1,2
1782486662,gsm-58,osmo-mgw-8c8fc67d6-fxs4m,1,2
1782486662,gsm-58,osmo-mobile-7c59486c5-rfgsl,3,38
1782486662,gsm-58,osmo-stp-768687f494-n22q8,1,2
1782486662,gsm-58,ttcn3-tc-26-3-4-1-pnx4v,1,8
1782486662,gsm-58,virtphy-7f6564d854-m7794,6,1
1782486664,gsm-58,msc-test-stub-5b875d749d-vn5tj,1,16
1782486664,gsm-58,osmo-bsc-594654bd47-d6tfv,1,5
1782486664,gsm-58,osmo-bts-virtual-5f8b9b86fc-6msxb,26,5
1782486664,gsm-58,osmo-hlr-546bdb8988-chqpf,1,2
1782486664,gsm-58,osmo-mgw-8c8fc67d6-fxs4m,1,2
1782486664,gsm-58,osmo-mobile-7c59486c5-rfgsl,3,38
1782486664,gsm-58,osmo-stp-768687f494-n22q8,1,2
1782486664,gsm-58,ttcn3-tc-26-3-4-1-pnx4v,1,8
1782486664,gsm-58,virtphy-7f6564d854-m7794,6,1
1782486667,gsm-58,msc-test-stub-5b875d749d-vn5tj,1,16
1782486667,gsm-58,osmo-bsc-594654bd47-d6tfv,1,5
1782486667,gsm-58,osmo-bts-virtual-5f8b9b86fc-6msxb,26,5
1782486667,gsm-58,osmo-hlr-546bdb8988-chqpf,1,2
1782486667,gsm-58,osmo-mgw-8c8fc67d6-fxs4m,1,2
1782486667,gsm-58,osmo-mobile-7c59486c5-rfgsl,3,38
1782486667,gsm-58,osmo-stp-768687f494-n22q8,1,2
1782486667,gsm-58,ttcn3-tc-26-3-4-1-pnx4v,1,8
1782486667,gsm-58,virtphy-7f6564d854-m7794,6,1
1782486670,gsm-58,msc-test-stub-5b875d749d-vn5tj,1,16
1782486670,gsm-58,osmo-bsc-594654bd47-d6tfv,1,5
1782486670,gsm-58,osmo-bts-virtual-5f8b9b86fc-6msxb,26,5
1782486670,gsm-58,osmo-hlr-546bdb8988-chqpf,1,2
1782486670,gsm-58,osmo-mgw-8c8fc67d6-fxs4m,1,2
1782486670,gsm-58,osmo-mobile-7c59486c5-rfgsl,3,38
1782486670,gsm-58,osmo-stp-768687f494-n22q8,1,2
1782486670,gsm-58,ttcn3-tc-26-3-4-1-pnx4v,1,8
1782486670,gsm-58,virtphy-7f6564d854-m7794,6,1
1782486673,gsm-58,msc-test-stub-5b875d749d-vn5tj,1,16
1782486673,gsm-58,osmo-bsc-594654bd47-d6tfv,1,5
1782486673,gsm-58,osmo-bts-virtual-5f8b9b86fc-6msxb,26,5
1782486673,gsm-58,osmo-hlr-546bdb8988-chqpf,1,2
1782486673,gsm-58,osmo-mgw-8c8fc67d6-fxs4m,1,2
1782486673,gsm-58,osmo-mobile-7c59486c5-rfgsl,3,38
1782486673,gsm-58,osmo-stp-768687f494-n22q8,1,2
1782486673,gsm-58,ttcn3-tc-26-3-4-1-pnx4v,1,8
1782486673,gsm-58,virtphy-7f6564d854-m7794,6,1
1782486677,gsm-58,msc-test-stub-5b875d749d-vn5tj,1,16
1782486677,gsm-58,osmo-bsc-594654bd47-d6tfv,1,5
1782486677,gsm-58,osmo-bts-virtual-5f8b9b86fc-6msxb,26,5
1782486677,gsm-58,osmo-hlr-546bdb8988-chqpf,1,2
1782486677,gsm-58,osmo-mgw-8c8fc67d6-fxs4m,1,2
1782486677,gsm-58,osmo-mobile-7c59486c5-rfgsl,3,38
1782486677,gsm-58,osmo-stp-768687f494-n22q8,1,2
1782486677,gsm-58,ttcn3-tc-26-3-4-1-pnx4v,1,8
1782486677,gsm-58,virtphy-7f6564d854-m7794,6,1
1782486680,gsm-58,msc-test-stub-5b875d749d-vn5tj,1,16
1782486680,gsm-58,osmo-bsc-594654bd47-d6tfv,1,5
1782486680,gsm-58,osmo-bts-virtual-5f8b9b86fc-6msxb,26,5
1782486680,gsm-58,osmo-hlr-546bdb8988-chqpf,1,2
1782486680,gsm-58,osmo-mgw-8c8fc67d6-fxs4m,1,2
1782486680,gsm-58,osmo-mobile-7c59486c5-rfgsl,3,38
1782486680,gsm-58,osmo-stp-768687f494-n22q8,1,2
1782486680,gsm-58,ttcn3-tc-26-3-4-1-pnx4v,1,8
1782486680,gsm-58,virtphy-7f6564d854-m7794,6,1
1782486683,gsm-58,msc-test-stub-5b875d749d-vn5tj,1,16
1782486683,gsm-58,osmo-bsc-594654bd47-d6tfv,1,5
1782486683,gsm-58,osmo-bts-virtual-5f8b9b86fc-6msxb,26,5
1782486683,gsm-58,osmo-hlr-546bdb8988-chqpf,1,2
1782486683,gsm-58,osmo-mgw-8c8fc67d6-fxs4m,1,2
1782486683,gsm-58,osmo-mobile-7c59486c5-rfgsl,3,38
1782486683,gsm-58,osmo-stp-768687f494-n22q8,1,2
1782486683,gsm-58,ttcn3-tc-26-3-4-1-pnx4v,1,8
1782486683,gsm-58,virtphy-7f6564d854-m7794,6,1
1782486686,gsm-58,msc-test-stub-5b875d749d-vn5tj,1,16
1782486686,gsm-58,osmo-bsc-594654bd47-d6tfv,1,5
1782486686,gsm-58,osmo-bts-virtual-5f8b9b86fc-6msxb,26,5
1782486686,gsm-58,osmo-hlr-546bdb8988-chqpf,1,2
1782486686,gsm-58,osmo-mgw-8c8fc67d6-fxs4m,1,2
1782486686,gsm-58,osmo-mobile-7c59486c5-rfgsl,3,38
1782486686,gsm-58,osmo-stp-768687f494-n22q8,1,2
1782486686,gsm-58,ttcn3-tc-26-3-4-1-pnx4v,1,8
1782486686,gsm-58,virtphy-7f6564d854-m7794,6,1
1782486688,gsm-58,msc-test-stub-5b875d749d-vn5tj,1,16
1782486688,gsm-58,osmo-bsc-594654bd47-d6tfv,1,5
1782486688,gsm-58,osmo-bts-virtual-5f8b9b86fc-6msxb,24,5
1782486688,gsm-58,osmo-hlr-546bdb8988-chqpf,1,2
1782486688,gsm-58,osmo-mgw-8c8fc67d6-fxs4m,1,2
1782486688,gsm-58,osmo-mobile-7c59486c5-rfgsl,3,38
1782486688,gsm-58,osmo-stp-768687f494-n22q8,1,2
1782486688,gsm-58,ttcn3-tc-26-3-4-1-pnx4v,1,8
1782486688,gsm-58,virtphy-7f6564d854-m7794,7,1
1782486691,gsm-58,msc-test-stub-5b875d749d-vn5tj,1,16
1782486691,gsm-58,osmo-bsc-594654bd47-d6tfv,1,5
1782486691,gsm-58,osmo-bts-virtual-5f8b9b86fc-6msxb,24,5
1782486691,gsm-58,osmo-hlr-546bdb8988-chqpf,1,2
1782486691,gsm-58,osmo-mgw-8c8fc67d6-fxs4m,1,2
1782486691,gsm-58,osmo-mobile-7c59486c5-rfgsl,3,38
1782486691,gsm-58,osmo-stp-768687f494-n22q8,1,2
1782486691,gsm-58,ttcn3-tc-26-3-4-1-pnx4v,1,8
1782486691,gsm-58,virtphy-7f6564d854-m7794,7,1
1782486694,gsm-58,msc-test-stub-5b875d749d-vn5tj,1,16
1782486694,gsm-58,osmo-bsc-594654bd47-d6tfv,1,5
1782486694,gsm-58,osmo-bts-virtual-5f8b9b86fc-6msxb,24,5
1782486694,gsm-58,osmo-hlr-546bdb8988-chqpf,1,2
1782486694,gsm-58,osmo-mgw-8c8fc67d6-fxs4m,1,2
1782486694,gsm-58,osmo-mobile-7c59486c5-rfgsl,3,38
1782486694,gsm-58,osmo-stp-768687f494-n22q8,1,2
1782486694,gsm-58,ttcn3-tc-26-3-4-1-pnx4v,1,8
1782486694,gsm-58,virtphy-7f6564d854-m7794,7,1
1782486696,gsm-58,msc-test-stub-5b875d749d-vn5tj,1,16
1782486696,gsm-58,osmo-bsc-594654bd47-d6tfv,1,5
1782486696,gsm-58,osmo-bts-virtual-5f8b9b86fc-6msxb,24,5
1782486696,gsm-58,osmo-hlr-546bdb8988-chqpf,1,2
1782486696,gsm-58,osmo-mgw-8c8fc67d6-fxs4m,1,2
1782486696,gsm-58,osmo-mobile-7c59486c5-rfgsl,3,38
1782486696,gsm-58,osmo-stp-768687f494-n22q8,1,2
1782486696,gsm-58,ttcn3-tc-26-3-4-1-pnx4v,1,8
1782486696,gsm-58,virtphy-7f6564d854-m7794,7,1
1782486698,gsm-58,msc-test-stub-5b875d749d-vn5tj,1,16
1782486698,gsm-58,osmo-bsc-594654bd47-d6tfv,1,5
1782486698,gsm-58,osmo-bts-virtual-5f8b9b86fc-6msxb,24,5
1782486698,gsm-58,osmo-hlr-546bdb8988-chqpf,1,2
1782486698,gsm-58,osmo-mgw-8c8fc67d6-fxs4m,1,2
1782486698,gsm-58,osmo-mobile-7c59486c5-rfgsl,3,38
1782486698,gsm-58,osmo-stp-768687f494-n22q8,1,2
1782486698,gsm-58,ttcn3-tc-26-3-4-1-pnx4v,1,8
1782486698,gsm-58,virtphy-7f6564d854-m7794,7,1
1782486701,gsm-58,msc-test-stub-5b875d749d-vn5tj,1,16
1782486701,gsm-58,osmo-bsc-594654bd47-d6tfv,1,5
1782486701,gsm-58,osmo-bts-virtual-5f8b9b86fc-6msxb,24,5
1782486701,gsm-58,osmo-hlr-546bdb8988-chqpf,1,2
1782486701,gsm-58,osmo-mgw-8c8fc67d6-fxs4m,1,2
1782486701,gsm-58,osmo-mobile-7c59486c5-rfgsl,3,38
1782486701,gsm-58,osmo-stp-768687f494-n22q8,1,2
1782486701,gsm-58,ttcn3-tc-26-3-4-1-pnx4v,1,8
1782486701,gsm-58,virtphy-7f6564d854-m7794,7,1
1782486704,gsm-58,msc-test-stub-5b875d749d-vn5tj,1,16
1782486704,gsm-58,osmo-bsc-594654bd47-d6tfv,1,5
1782486704,gsm-58,osmo-bts-virtual-5f8b9b86fc-6msxb,24,5
1782486704,gsm-58,osmo-hlr-546bdb8988-chqpf,1,2
1782486704,gsm-58,osmo-mgw-8c8fc67d6-fxs4m,1,2
1782486704,gsm-58,osmo-mobile-7c59486c5-rfgsl,3,38
1782486704,gsm-58,osmo-stp-768687f494-n22q8,1,2
1782486704,gsm-58,ttcn3-tc-26-3-4-1-pnx4v,1,8
1782486704,gsm-58,virtphy-7f6564d854-m7794,6,1
1782486706,gsm-58,msc-test-stub-5b875d749d-vn5tj,1,16
1782486706,gsm-58,osmo-bsc-594654bd47-d6tfv,1,5
1782486706,gsm-58,osmo-bts-virtual-5f8b9b86fc-6msxb,24,5
1782486706,gsm-58,osmo-hlr-546bdb8988-chqpf,1,2
1782486706,gsm-58,osmo-mgw-8c8fc67d6-fxs4m,1,2
1782486706,gsm-58,osmo-mobile-7c59486c5-rfgsl,3,38
1782486706,gsm-58,osmo-stp-768687f494-n22q8,1,2
1782486706,gsm-58,ttcn3-tc-26-3-4-1-pnx4v,1,8
1782486706,gsm-58,virtphy-7f6564d854-m7794,6,1
1782486708,gsm-58,msc-test-stub-5b875d749d-vn5tj,1,16
1782486708,gsm-58,osmo-bsc-594654bd47-d6tfv,1,5
1782486708,gsm-58,osmo-bts-virtual-5f8b9b86fc-6msxb,24,5
1782486708,gsm-58,osmo-hlr-546bdb8988-chqpf,1,2
1782486708,gsm-58,osmo-mgw-8c8fc67d6-fxs4m,1,2
1782486708,gsm-58,osmo-mobile-7c59486c5-rfgsl,3,38
1782486708,gsm-58,osmo-stp-768687f494-n22q8,1,2
1782486708,gsm-58,ttcn3-tc-26-3-4-1-pnx4v,1,8
1782486708,gsm-58,virtphy-7f6564d854-m7794,6,1
1782486711,gsm-58,msc-test-stub-5b875d749d-vn5tj,1,16
1782486711,gsm-58,osmo-bsc-594654bd47-d6tfv,1,5
1782486711,gsm-58,osmo-bts-virtual-5f8b9b86fc-6msxb,24,5
1782486711,gsm-58,osmo-hlr-546bdb8988-chqpf,1,2
1782486711,gsm-58,osmo-mgw-8c8fc67d6-fxs4m,1,2
1782486711,gsm-58,osmo-mobile-7c59486c5-rfgsl,3,38
1782486711,gsm-58,osmo-stp-768687f494-n22q8,1,2
1782486711,gsm-58,ttcn3-tc-26-3-4-1-pnx4v,1,8
1782486711,gsm-58,virtphy-7f6564d854-m7794,6,1
1782486713,gsm-58,msc-test-stub-5b875d749d-vn5tj,1,16
1782486713,gsm-58,osmo-bsc-594654bd47-d6tfv,1,5
1782486713,gsm-58,osmo-bts-virtual-5f8b9b86fc-6msxb,24,5
1782486713,gsm-58,osmo-hlr-546bdb8988-chqpf,1,2
1782486713,gsm-58,osmo-mgw-8c8fc67d6-fxs4m,1,2
1782486713,gsm-58,osmo-mobile-7c59486c5-rfgsl,3,38
1782486713,gsm-58,osmo-stp-768687f494-n22q8,1,2
1782486713,gsm-58,ttcn3-tc-26-3-4-1-pnx4v,1,8
1782486713,gsm-58,virtphy-7f6564d854-m7794,6,1
1782486715,gsm-58,msc-test-stub-5b875d749d-vn5tj,1,16
1782486715,gsm-58,osmo-bsc-594654bd47-d6tfv,1,5
1782486715,gsm-58,osmo-bts-virtual-5f8b9b86fc-6msxb,24,5
1782486715,gsm-58,osmo-hlr-546bdb8988-chqpf,1,2
1782486715,gsm-58,osmo-mgw-8c8fc67d6-fxs4m,1,2
1782486715,gsm-58,osmo-mobile-7c59486c5-rfgsl,3,38
1782486715,gsm-58,osmo-stp-768687f494-n22q8,1,2
1782486715,gsm-58,ttcn3-tc-26-3-4-1-pnx4v,1,8
1782486715,gsm-58,virtphy-7f6564d854-m7794,6,1
1782486717,gsm-58,msc-test-stub-5b875d749d-vn5tj,1,16
1782486717,gsm-58,osmo-bsc-594654bd47-d6tfv,1,5
1782486717,gsm-58,osmo-bts-virtual-5f8b9b86fc-6msxb,22,5
1782486717,gsm-58,osmo-hlr-546bdb8988-chqpf,1,2
1782486717,gsm-58,osmo-mgw-8c8fc67d6-fxs4m,1,2
1782486717,gsm-58,osmo-mobile-7c59486c5-rfgsl,3,38
1782486717,gsm-58,osmo-stp-768687f494-n22q8,1,2
1782486717,gsm-58,ttcn3-tc-26-3-4-1-pnx4v,1,8
1782486717,gsm-58,virtphy-7f6564d854-m7794,6,1
1782486720,gsm-58,msc-test-stub-5b875d749d-vn5tj,1,16
1782486720,gsm-58,osmo-bsc-594654bd47-d6tfv,1,5
1782486720,gsm-58,osmo-bts-virtual-5f8b9b86fc-6msxb,22,5
1782486720,gsm-58,osmo-hlr-546bdb8988-chqpf,1,2
1782486720,gsm-58,osmo-mgw-8c8fc67d6-fxs4m,1,2
1782486720,gsm-58,osmo-mobile-7c59486c5-rfgsl,3,38
1782486720,gsm-58,osmo-stp-768687f494-n22q8,1,2
1782486720,gsm-58,ttcn3-tc-26-3-4-1-pnx4v,1,8
1782486720,gsm-58,virtphy-7f6564d854-m7794,6,1
1782486722,gsm-58,msc-test-stub-5b875d749d-vn5tj,1,16
1782486722,gsm-58,osmo-bsc-594654bd47-d6tfv,1,5
1782486722,gsm-58,osmo-bts-virtual-5f8b9b86fc-6msxb,22,5
1782486722,gsm-58,osmo-hlr-546bdb8988-chqpf,1,2
1782486722,gsm-58,osmo-mgw-8c8fc67d6-fxs4m,1,2
1782486722,gsm-58,osmo-mobile-7c59486c5-rfgsl,3,38
1782486722,gsm-58,osmo-stp-768687f494-n22q8,1,2
1782486722,gsm-58,ttcn3-tc-26-3-4-1-pnx4v,1,8
1782486722,gsm-58,virtphy-7f6564d854-m7794,6,1
1782486725,gsm-58,msc-test-stub-5b875d749d-vn5tj,1,16
1782486725,gsm-58,osmo-bsc-594654bd47-d6tfv,1,5
1782486725,gsm-58,osmo-bts-virtual-5f8b9b86fc-6msxb,22,5
1782486725,gsm-58,osmo-hlr-546bdb8988-chqpf,1,2
1782486725,gsm-58,osmo-mgw-8c8fc67d6-fxs4m,1,2
1782486725,gsm-58,osmo-mobile-7c59486c5-rfgsl,3,38
1782486725,gsm-58,osmo-stp-768687f494-n22q8,1,2
1782486725,gsm-58,ttcn3-tc-26-3-4-1-pnx4v,1,8
1782486725,gsm-58,virtphy-7f6564d854-m7794,6,1
1782486728,gsm-58,msc-test-stub-5b875d749d-vn5tj,1,16
1782486728,gsm-58,osmo-bsc-594654bd47-d6tfv,1,5
1782486728,gsm-58,osmo-bts-virtual-5f8b9b86fc-6msxb,22,5
1782486728,gsm-58,osmo-hlr-546bdb8988-chqpf,1,2
1782486728,gsm-58,osmo-mgw-8c8fc67d6-fxs4m,1,2
1782486728,gsm-58,osmo-mobile-7c59486c5-rfgsl,3,38
1782486728,gsm-58,osmo-stp-768687f494-n22q8,1,2
1782486728,gsm-58,ttcn3-tc-26-3-4-1-pnx4v,1,8
1782486728,gsm-58,virtphy-7f6564d854-m7794,6,1
1782486731,gsm-58,msc-test-stub-5b875d749d-vn5tj,1,16
1782486731,gsm-58,osmo-bsc-594654bd47-d6tfv,1,5
1782486731,gsm-58,osmo-bts-virtual-5f8b9b86fc-6msxb,22,5
1782486731,gsm-58,osmo-hlr-546bdb8988-chqpf,1,2
1782486731,gsm-58,osmo-mgw-8c8fc67d6-fxs4m,1,2
1782486731,gsm-58,osmo-mobile-7c59486c5-rfgsl,3,38
1782486731,gsm-58,osmo-stp-768687f494-n22q8,1,2
1782486731,gsm-58,ttcn3-tc-26-3-4-1-pnx4v,1,8
1782486731,gsm-58,virtphy-7f6564d854-m7794,6,1
