unix_ts,cpu_pct,mem_used_kb,load1,conntrack_count,conntrack_max,fd_used,tcp_tw,net_rx_bytes,net_tx_bytes,disk_read_bytes,disk_write_bytes,container_count,pod_count,inotify_watches
1782484379,37.84,112128788,16.15,504,1572864,217728,58,0,0,0,1662976,6,5,24
1782484382,80.14,112495760,16.15,566,1572864,218208,72,29495,395932,4096,45621248,22,21,24
1782484385,81.59,112660176,25.27,650,1572864,219072,71,19944,73869,106496,297537536,38,36,24
1782484388,80.79,112968280,25.27,797,1572864,219840,72,23683,66088,3006464,62697472,54,50,24
1782484392,80.03,111939508,36.54,1061,1572864,220608,62,33197,187257,1458176,304607232,70,69,24
1782484395,81.96,112320448,43.46,1377,1572864,221568,72,41867,217370,888832,93454336,70,69,24
1782484397,83.96,112433220,43.46,1576,1572864,221376,83,23129,46301,233472,41476096,70,69,24
1782484400,74.28,112626768,43.67,1689,1572864,220992,95,41972,78825,0,2691072,70,69,24
1782484402,86.12,112553776,43.67,1892,1572864,220896,112,44224,50691,28672,187633664,70,69,24
1782484404,50.62,112732628,41.53,2014,1572864,220992,131,44236,22024,4096,23523328,70,69,24
1782484407,79.53,113007560,41.53,1915,1572864,221184,156,50112,34579,950272,259727360,70,69,24
1782484410,59.92,113019132,39.97,2013,1572864,221376,174,55310,40124,0,544768,70,69,24
1782484412,47.43,112995828,39.97,2107,1572864,221088,219,80506,23459,303104,6647808,70,69,24
1782484414,48.57,112827880,38.05,2187,1572864,220800,243,76270,25922,0,18501632,70,69,24
1782484417,46.27,112879964,38.05,2265,1572864,220896,272,72991,31756,0,3678208,70,69,24
1782484419,49.67,112805884,36.28,2376,1572864,220896,300,74034,33039,4096,14393344,70,69,24
1782484421,68.39,112858476,36.28,2464,1572864,221088,329,78827,961003,434176,3657728,71,70,24
1782484425,82.80,112965376,40.18,2582,1572864,221472,352,86074,1755588,12288,49250304,73,72,24
1782484427,92.44,113233476,40.18,2753,1572864,221760,385,131753,5356518,4096,43167744,76,74,24
1782484430,92.92,113179444,45.29,2940,1572864,221856,405,124796,7984284,3649536,443408384,76,75,24
1782484433,78.64,113167752,45.29,3140,1572864,221952,444,76730,33967,3891200,6483968,77,76,24
1782484436,92.78,113317068,46.71,1678,1572864,222240,463,83179,2669029,393216,28934144,78,77,24
1782484438,86.97,113250208,46.71,1912,1572864,222240,481,97442,2683949,4096,28778496,78,77,24
1782484440,46.20,113158048,44.25,2018,1572864,222144,509,58166,24433,593920,4710400,78,77,24
1782484443,46.99,113066812,44.25,2153,1572864,222336,530,69978,22254,0,4329472,78,77,24
1782484445,50.68,113103520,42.31,2223,1572864,222336,547,64007,14778,114688,4100096,78,77,24
1782484447,47.94,113177916,42.31,2292,1572864,222336,570,66959,18133,4096,29925376,78,77,24
1782484449,46.68,113084340,41.32,2376,1572864,222624,600,66528,20438,0,3424256,78,77,24
1782484451,45.54,113091052,41.32,2479,1572864,222432,635,70266,23971,0,40976384,78,77,24
1782484454,47.04,113054564,39.86,2556,1572864,222240,659,65475,24557,0,9633792,78,77,24
1782484456,47.22,113075524,39.86,2637,1572864,222528,676,70103,17624,4096,143400960,78,77,24
1782484458,47.69,112971444,39.86,2730,1572864,222432,691,72116,21440,0,25255936,78,77,24
1782484461,46.95,113086000,38.27,2819,1572864,222336,726,67586,19860,0,2371584,78,77,24
1782484464,46.91,112994812,36.64,2929,1572864,222240,733,85603,26110,0,31399936,78,77,24
1782484467,54.65,113001212,36.64,1787,1572864,222528,754,64573,15002,98304,1503232,78,77,24
1782484469,61.30,112940776,36.75,1903,1572864,222528,744,89979,33284,0,23719936,78,77,24
1782484471,46.35,112981240,36.75,1994,1572864,222528,723,69908,18862,0,4481024,78,77,24
1782484474,45.25,112973072,34.77,2093,1572864,222528,755,81505,24721,0,6180864,78,77,24
1782484476,45.76,112986948,34.77,2173,1572864,222432,739,68525,17316,0,475136,78,77,24
1782484479,54.00,112963388,35.19,2270,1572864,222432,721,84398,24555,45056,49725440,78,77,24
1782484481,67.00,112988500,35.19,2361,1572864,222240,747,74194,26336,0,18862080,78,77,24
1782484484,56.33,113003084,35.73,2473,1572864,222048,723,78554,28826,8192,178970624,78,77,24
1782484486,48.60,113042844,35.73,2561,1572864,222240,756,68974,20690,0,6635520,78,77,24
1782484490,56.60,112903600,38.72,2668,1572864,222336,746,87009,121815,0,21966848,76,77,24
1782484492,89.53,112957596,38.72,2108,1572864,222432,729,88989,33681,4096,24551424,74,73,24
1782484495,80.46,112901620,44.19,2224,1572864,222144,750,76852,28068,0,25653248,72,71,24
1782484497,79.26,112994736,44.19,2186,1572864,222048,731,67589,24139,4096,7233536,72,71,24
1782484499,75.81,113048440,44.01,2302,1572864,221568,711,78548,35289,135168,5791744,72,71,24
1782484503,58.92,113683608,44.01,2397,1572864,221568,733,66307,20223,4096,262160384,72,71,24
1782484507,82.13,113677000,52.42,2294,1572864,221376,712,103561,141361,20480,73654272,68,67,24
1782484510,88.55,113578224,56.15,2281,1572864,221184,689,80302,128087,0,26238976,63,62,24
1782484513,84.02,113634136,56.15,2409,1572864,220800,650,71494,118392,28672,159121408,59,58,24
1782484515,82.92,113626540,59.66,2327,1572864,221088,660,64068,37412,0,8527872,56,55,24
1782484517,56.07,113600556,59.66,2408,1572864,221184,628,47939,22042,0,29761536,55,54,24
1782484520,90.10,113510992,63.13,2501,1572864,220800,585,46808,22326,0,10838016,51,50,24
1782484522,46.44,113498428,63.13,2579,1572864,220608,608,42255,14391,0,14692352,51,50,24
1782484525,40.07,113567212,59.28,2643,1572864,220512,572,43233,13587,0,7720960,51,50,24
1782484527,59.39,113533592,59.28,2291,1572864,220704,591,40757,13252,118784,8036352,51,50,24
1782484529,44.60,113532792,56.53,2367,1572864,220608,553,46108,19593,0,466944,51,50,24
1782484532,41.04,113604804,56.53,2435,1572864,220512,576,43323,14529,16384,8347648,51,50,24
1782484534,53.47,113527292,58.73,2501,1572864,220320,545,45752,22189,40960,66498560,50,49,24
1782484538,62.28,113437936,58.73,2589,1572864,220224,515,46421,20270,0,3055616,48,47,24
1782484541,83.65,113422428,58.51,2685,1572864,220416,487,66610,82671,131072,237092864,53,52,24
1782484543,92.27,113398028,58.51,2275,1572864,220128,503,48670,68364,4096,15958016,50,52,24
1782484546,82.40,113474252,58.87,2433,1572864,220512,466,50316,56167,1454080,16601088,50,49,24
1782484548,69.01,113478532,58.87,2346,1572864,220608,479,36662,52230,0,27983872,50,49,24
1782484550,83.05,113483236,61.68,2342,1572864,220512,436,45917,90714,12288,35844096,46,45,24
1782484554,42.88,113474228,61.68,2420,1572864,220320,420,33500,20220,126976,13709312,45,45,24
1782484556,79.07,113428624,63.63,2245,1572864,220032,433,51025,127124,0,32608256,40,39,24
1782484560,43.71,113402000,63.63,2247,1572864,219840,418,42564,69434,0,35102720,47,46,24
1782484564,76.26,113446124,66.14,2191,1572864,220512,398,57257,65781,131072,183320576,46,45,24
1782484571,61.47,113561860,62.45,2357,1572864,220512,385,73328,156441,143360,198283264,62,61,24
1782484574,85.80,112405168,63.14,2220,1572864,221184,364,91613,153534,147456,84316160,62,61,24
1782484578,57.33,112430288,63.14,2154,1572864,221280,387,46481,69730,24576,516096,62,61,24
1782484581,70.80,112583964,65.21,2282,1572864,221184,392,58021,47795,0,38785024,60,59,24
1782484583,81.31,112803124,65.21,2448,1572864,221088,381,59697,2694401,32768,31076352,60,59,24
1782484587,90.89,112590692,65.75,2360,1572864,220992,380,58648,140207,4096,65478656,52,53,24
1782484589,74.38,112992924,61.93,2396,1572864,221376,371,50306,28213,163840,13783040,51,50,24
1782484592,42.57,112416412,61.93,2456,1572864,221184,391,44069,12533,77824,78118912,51,50,24
1782484594,42.24,112477112,58.49,2521,1572864,221088,381,52061,27686,360448,120324096,51,50,24
1782484598,41.03,112497416,58.49,2578,1572864,220800,403,45107,15988,114688,8929280,51,50,24
1782484601,56.98,112495788,55.65,2678,1572864,220992,409,70918,76183,77824,248418304,60,59,24
1782484603,79.86,112616744,55.65,2115,1572864,221184,397,75475,2712572,69632,52146176,60,59,24
1782484606,43.33,112529624,53.19,2225,1572864,220896,400,51715,46142,131072,843776,60,59,24
1782484609,55.73,112378004,53.19,2216,1572864,221088,424,56753,35772,139264,14721024,68,59,24
1782484613,88.96,112690048,54.06,2362,1572864,221472,436,87959,89249,20480,41451520,70,67,24
1782484616,89.93,112613912,59.74,2101,1572864,221952,429,63341,79794,184320,92647424,67,66,24
1782484619,85.36,112556228,59.74,2106,1572864,221664,426,85069,5361744,0,69271552,67,66,24
1782484622,75.53,112525824,57.36,2256,1572864,221472,467,68966,34802,16384,145854464,67,66,24
1782484624,48.79,112573864,54.45,2400,1572864,221568,476,53034,15652,24576,28114944,67,66,24
1782484627,79.03,112556000,54.45,2144,1572864,221856,473,65146,131443,0,46653440,63,62,24
1782484630,50.79,112497004,51.53,2245,1572864,221568,511,71217,27283,0,6877184,63,62,24
1782484632,83.31,112524128,51.53,2328,1572864,221856,503,53849,16905,0,24236032,61,60,24
1782484634,44.67,112594864,48.68,2385,1572864,221760,498,44523,26715,0,22155264,61,60,24
1782484640,80.29,112697092,48.68,2484,1572864,222432,529,83639,77208,0,29073408,69,68,24
1782484643,84.06,112609500,54.07,2071,1572864,222624,527,88486,68282,200704,72617984,69,68,24
1782484645,75.29,112691028,51.42,2193,1572864,222336,528,61340,41734,159744,21766144,70,69,24
1782484649,74.12,112841572,51.42,2152,1572864,222336,527,78918,2679119,57344,422531072,70,69,24
1782484651,76.25,113191032,56.44,2185,1572864,222144,536,75377,44791,69632,7708672,71,70,24
1782484654,81.33,113304620,53.60,2339,1572864,222336,554,79793,2680877,307200,29822976,71,70,24
1782484657,67.51,113113384,53.60,2414,1572864,222240,541,57641,23373,12288,27758592,70,69,24
1782484659,72.82,113217472,50.67,2554,1572864,222240,569,72931,23360,28672,7041024,68,67,24
1782484661,44.97,113045236,50.67,2634,1572864,222432,544,58305,16793,16384,3063808,68,67,24
1782484663,45.63,112938584,50.67,2705,1572864,222336,547,59726,16603,0,237568,68,67,24
1782484666,43.35,112882920,48.53,2783,1572864,222144,578,65938,29005,0,27086848,68,67,24
1782484668,45.62,112983236,48.53,2852,1572864,222144,567,64552,14696,0,29999104,68,67,24
1782484671,42.58,112850052,47.77,2979,1572864,222432,625,71253,24436,0,9039872,68,67,24
1782484674,44.13,112838040,47.77,3055,1572864,222624,605,70211,26309,8192,193556480,68,67,24
1782484678,72.38,113087020,45.94,3282,1572864,222816,607,85808,72481,8192,57331712,77,76,24
1782484680,86.11,112985072,46.91,2376,1572864,223008,604,99957,2724597,36864,288260096,77,76,24
1782484683,69.67,112993208,46.91,2384,1572864,223008,635,69851,34773,4096,4718592,77,76,24
1782484685,61.84,113348620,47.32,2489,1572864,223104,607,66732,28842,4096,267735040,77,76,24
1782484688,78.32,113193584,47.32,2630,1572864,222816,605,80752,34841,40960,16379904,77,76,24
1782484690,73.01,113113760,45.69,2753,1572864,222816,643,73786,32500,40960,24428544,77,76,24
1782484692,58.03,112960468,45.69,2856,1572864,222816,626,63905,22682,0,3612672,77,76,24
1782484695,52.84,113280200,45.07,2940,1572864,222816,649,64611,22978,12288,45895680,77,76,24
1782484698,88.53,113071748,45.07,2494,1572864,222816,632,87515,130218,36864,275476480,74,73,24
1782484701,83.68,112879952,46.99,2623,1572864,222816,625,85716,27146,4096,91803648,72,71,24
1782484703,74.79,112815908,46.99,2722,1572864,222528,648,65763,19427,4096,73908224,71,70,24
1782484705,45.94,112823008,44.91,2799,1572864,222528,642,62913,17213,0,6922240,71,70,24
1782484708,44.36,112957848,44.91,2885,1572864,222144,676,70392,22114,53248,40194048,71,70,24
1782484710,81.38,112909020,46.04,2427,1572864,222528,661,70576,32881,86016,29753344,71,70,24
1782484713,67.43,112901096,46.04,2535,1572864,222624,629,66745,25567,0,6385664,71,70,24
1782484715,73.44,113175032,44.67,2628,1572864,222528,647,70574,504330,0,3383296,72,71,24
1782484719,79.56,113100688,44.67,2748,1572864,222624,642,84122,2301755,4096,32333824,70,71,24
1782484721,86.67,113090940,48.94,2390,1572864,222144,630,95693,50135,4096,24150016,67,66,24
1782484724,55.40,112914608,48.94,2499,1572864,221856,650,59841,29197,40960,24428544,66,65,24
1782484727,74.82,112897344,46.79,2574,1572864,221856,637,67452,33182,643072,22749184,65,65,24
1782484729,88.73,112684628,47.76,2725,1572864,221856,611,78729,41477,0,33177600,63,62,24
1782484732,48.23,112762736,47.76,2814,1572864,221760,636,48162,13586,0,12918784,63,62,24
1782484734,76.58,112695076,50.75,2226,1572864,221280,584,51637,118598,36864,85663744,60,59,24
1782484737,70.63,112616304,50.75,2330,1572864,221376,607,56393,152972,8192,167264256,59,58,24
1782484739,92.30,112478240,52.53,2291,1572864,220896,573,56073,97761,4096,29306880,53,52,24
1782484741,72.19,112517736,52.53,2224,1572864,220704,540,44017,28435,0,26124288,45,46,24
1782484744,56.00,112527136,52.53,2290,1572864,220800,552,36114,12561,0,868352,45,44,24
1782484747,37.10,112446756,49.76,2359,1572864,220800,531,39642,13952,0,2170880,45,44,24
1782484751,83.00,112586400,53.87,2464,1572864,220800,500,59352,83117,8192,24555520,50,50,24
1782484753,84.73,112689380,53.87,2141,1572864,221088,466,44068,56971,28672,71872512,50,49,24
1782484756,55.41,112812572,51.23,2255,1572864,221376,486,40581,28606,131072,4878336,50,49,24
1782484758,41.17,112682652,51.23,2278,1572864,221280,466,38161,33648,0,29061120,50,49,24
1782484761,66.00,112630236,50.89,2369,1572864,220896,487,40433,31549,24576,8040448,50,49,24
1782484764,66.19,112554436,50.89,2469,1572864,220512,464,31338,15847,32768,213037056,49,49,24
1782484767,91.52,112354476,55.47,2291,1572864,219936,444,57060,147577,0,30031872,43,42,24
1782484769,91.84,112155376,66.24,2365,1572864,219840,450,35192,30301,0,53272576,36,36,24
1782484771,59.29,112196976,66.24,2208,1572864,220032,414,38696,111155,0,14790656,35,34,24
1782484774,62.30,112185096,66.24,2160,1572864,220320,385,29794,22243,20480,19992576,31,30,24
1782484777,73.68,112123512,62.38,2241,1572864,220224,396,42920,66848,0,44548096,37,36,24
1782484780,54.37,112145736,58.82,2129,1572864,220128,367,39053,60556,4096,7479296,37,36,24
1782484782,56.11,112107500,58.82,2199,1572864,219552,345,31419,41044,12288,33038336,37,36,24
1782484784,62.71,112246168,58.12,2124,1572864,219456,360,24618,35143,106496,12808192,37,36,24
1782484791,82.27,112426112,62.27,2282,1572864,220224,329,65487,189544,8192,104534016,61,60,24
1782484795,82.79,112578196,66.09,2495,1572864,220992,347,56042,133314,143360,77025280,62,61,24
1782484798,92.09,112592900,66.09,2151,1572864,221472,328,61656,2796956,40960,479031296,59,58,24
1782484801,88.44,112521292,67.61,2244,1572864,221472,310,43170,90272,81920,16953344,55,54,24
1782484803,84.54,112349144,67.61,2258,1572864,220896,305,32102,60571,36864,28073984,50,49,24
1782484805,51.92,112350652,64.20,2362,1572864,221088,318,35426,29137,139264,18362368,50,49,24
1782484808,40.28,112341732,64.20,2451,1572864,220992,312,44521,24092,0,7888896,50,49,24
1782484810,41.88,112352552,60.74,2518,1572864,220800,335,46146,25788,0,11210752,50,49,24
1782484813,40.37,112356024,60.74,2571,1572864,220608,320,41039,12635,0,8663040,50,49,24
1782484815,41.61,112556024,58.04,2654,1572864,220512,316,50877,21079,0,4943872,51,50,24
1782484818,69.80,112787520,58.04,2734,1572864,220800,342,60918,2664633,0,41283584,59,50,24
1782484822,88.74,112811296,58.99,2858,1572864,221280,351,88394,86295,81920,174731264,59,58,24
1782484826,75.06,112818640,58.35,2105,1572864,221280,339,54684,65871,36864,75042816,59,58,24
1782484829,66.90,112552860,58.35,1973,1572864,220896,351,73809,113213,4096,26976256,64,63,24
1782484834,88.47,112684036,65.53,1865,1572864,221472,360,78716,38782,12288,27410432,65,64,24
1782484836,86.87,112735752,72.70,1965,1572864,221280,368,83146,2716390,4096,34623488,66,65,24
1782484839,89.56,112647396,70.32,2071,1572864,221568,389,91654,5353679,4096,41373696,67,66,24
1782484842,87.75,112668860,70.32,2241,1572864,221184,401,60888,35888,208896,5914624,67,66,24
1782484844,49.61,112714196,66.45,2346,1572864,221376,397,47296,26509,1163264,32661504,67,66,24
1782484846,47.45,112621988,66.45,2480,1572864,221664,433,59844,41621,28672,8957952,75,69,24
1782484851,86.99,112747000,70.26,2566,1572864,222048,436,75302,62223,4096,53297152,75,74,24
1782484853,87.60,112777628,70.26,2701,1572864,222912,442,88968,61989,4096,219746304,75,74,24
1782484855,58.65,112838780,68.71,2176,1572864,222624,456,66572,33752,81920,753664,75,74,24
1782484858,48.46,112843432,68.71,2141,1572864,222336,483,60417,38739,0,83533824,75,74,24
1782484862,90.61,112946912,66.58,2267,1572864,222144,496,87911,51308,16384,11296768,76,74,24
1782484864,77.11,112873564,63.25,2192,1572864,222432,506,110941,2712611,0,20017152,76,75,24
1782484866,70.43,112880528,63.25,2289,1572864,222240,530,60623,26320,0,1716224,76,75,24
1782484869,49.85,112920596,63.25,2390,1572864,222240,537,66329,20500,0,19914752,76,75,24
1782484872,79.43,112962740,59.94,2157,1572864,222432,565,82118,131125,438272,25972736,73,73,24
1782484875,90.62,112887072,58.59,2246,1572864,222432,550,77800,2253356,0,3543040,72,72,24
1782484878,74.45,112804684,58.59,2360,1572864,222816,544,74001,464556,0,20746240,71,70,24
1782484880,42.95,112813428,55.41,2471,1572864,222624,585,78314,28160,139264,40243200,71,70,24
1782484882,50.31,113287788,55.41,2591,1572864,222720,576,64176,16603,20480,10633216,71,70,24
1782484885,49.88,113670396,52.42,2670,1572864,222720,571,64374,24316,32768,242683904,71,70,24
1782484887,45.09,113488992,52.42,2755,1572864,222816,600,59827,14806,544768,31154176,71,70,24
1782484890,48.77,113410324,49.90,2858,1572864,222432,591,64630,28643,0,47001600,72,71,24
1782484892,71.49,113342876,49.90,2963,1572864,222720,614,116320,2759676,0,262897664,72,71,24
1782484895,84.25,113341072,49.67,2099,1572864,222720,600,72312,21879,53248,8450048,72,71,24
1782484897,45.82,113181380,49.67,2197,1572864,222528,606,68815,20783,0,2686976,72,71,24
1782484900,44.81,112922344,47.13,2323,1572864,222528,638,69098,21188,20480,2453504,72,71,24
1782484902,81.94,112852000,47.13,2433,1572864,221952,623,80370,29822,0,30461952,69,68,24
1782484904,66.66,112817552,44.80,2490,1572864,221856,633,64271,28365,16384,9461760,69,68,24
1782484907,56.31,112809176,44.80,2589,1572864,221952,625,69300,21318,4096,21942272,69,68,24
1782484909,46.66,112736240,42.73,2693,1572864,221664,619,69377,22899,0,5812224,69,68,24
1782484912,47.98,112878796,42.73,2779,1572864,221664,635,68870,16888,4096,176377856,69,68,24
1782484914,79.21,112834680,42.60,2176,1572864,221472,620,68686,126291,4096,30216192,64,63,24
1782484917,55.09,112886660,42.60,2261,1572864,221376,644,60931,17407,0,16166912,64,63,24
1782484919,46.91,113186104,40.39,2348,1572864,221472,622,60676,30158,0,15429632,71,66,24
1782484924,85.74,112941744,43.88,2489,1572864,222144,606,106257,83053,45056,120840192,71,70,24
1782484927,85.94,112884832,43.88,2224,1572864,222624,603,66797,68791,8192,224370688,71,70,24
1782484929,57.59,112999080,41.65,2280,1572864,222432,631,62724,46482,4096,5267456,71,70,24
1782484932,65.21,112837520,41.65,2400,1572864,222240,582,57673,23706,0,9121792,71,70,24
1782484934,70.31,112808312,39.83,2493,1572864,222336,570,55863,90827,12288,15892480,71,70,24
1782484937,89.75,112781660,39.83,2305,1572864,221952,590,62619,68719,4096,27193344,66,65,24
1782484939,55.00,112687368,37.92,2395,1572864,221760,583,68668,27882,0,26669056,65,64,24
1782484942,59.59,112653712,37.92,2479,1572864,221664,560,61691,26226,0,14458880,65,64,24
1782484945,81.12,112580316,46.34,2559,1572864,221280,570,61258,28433,8192,218710016,64,63,24
1782484947,76.57,112670312,46.34,2666,1572864,221088,552,62087,21306,0,1175552,62,61,24
1782484950,48.75,112736756,44.79,2755,1572864,221184,587,52811,26959,40960,14811136,62,61,24
1782484953,48.48,112847216,44.79,2873,1572864,220704,562,62259,116615,0,23273472,62,61,24
1782484956,77.15,112739868,49.37,2270,1572864,220704,554,68907,128985,86016,82698240,54,53,24
1782484958,49.95,112670820,49.37,2351,1572864,220704,535,53411,24855,0,630784,52,51,24
1782484961,82.32,112541788,53.27,2455,1572864,220512,556,56036,22590,118784,15446016,51,50,24
1782484963,73.39,112575880,53.27,2543,1572864,220704,518,65131,2665103,4096,14589952,51,50,24
1782484966,83.81,112441916,54.77,2656,1572864,220608,502,51005,43622,0,53313536,48,47,24
1782484970,78.52,112459724,59.59,2791,1572864,220896,526,69561,74266,16384,49324032,56,55,24
1782484973,82.81,112430412,59.59,2217,1572864,221088,493,49434,54358,8192,184446976,56,55,24
1782484975,42.94,112451416,56.42,2309,1572864,220992,477,39981,70531,4096,10407936,56,55,24
1782484977,89.06,112410232,56.42,2311,1572864,220800,495,48029,88820,0,45002752,52,51,24
1782484980,65.09,112547904,54.06,2400,1572864,220608,472,45624,33492,12288,4538368,52,51,24
1782484982,72.57,112657084,54.06,2473,1572864,220416,481,34169,14468,0,11829248,50,49,24
1782484985,62.68,112729768,57.42,2528,1572864,220512,453,37524,29996,0,29134848,46,47,24
1782484987,68.57,112428168,57.42,2210,1572864,220416,440,39471,19944,0,17010688,44,43,24
1782484992,73.01,112446508,62.67,2348,1572864,220608,424,83637,104506,0,78155776,52,51,24
1782484995,66.18,112445260,58.69,2241,1572864,220704,433,45309,32501,4096,1814528,52,51,24
1782484997,41.78,112385364,58.69,2206,1572864,220512,423,39360,36420,4096,31514624,52,51,24
1782485000,60.04,112447832,55.20,2413,1572864,220800,417,56385,22449,0,189743104,52,51,24
1782485003,52.73,112562028,55.20,2599,1572864,220704,431,45908,26660,12288,51585024,52,51,24
1782485006,59.92,112742160,53.18,2675,1572864,220896,429,48806,34811,598016,466616320,52,51,24
1782485009,93.60,112683608,53.18,2779,1572864,220800,425,64417,132340,0,23117824,65,62,24
1782485012,81.94,112643632,58.93,2344,1572864,221472,402,81928,594024,86016,82604032,66,65,24
1782485015,80.26,112690632,59.74,2400,1572864,221280,411,61189,2208636,12288,20156416,66,65,24
1782485018,89.54,112871860,59.74,2475,1572864,221376,407,59287,139721,0,42090496,66,65,24
1782485020,84.52,112851388,63.36,2656,1572864,221280,400,61190,53938,45056,34103296,62,61,24
1782485023,72.11,112693800,63.36,2745,1572864,221088,409,44756,16383,0,26230784,60,59,24
1782485025,43.90,112770016,60.13,2818,1572864,220992,406,50123,30821,8192,170856448,60,59,24
1782485030,72.21,112750204,60.13,2919,1572864,221184,409,82739,90497,0,22138880,68,67,24
1782485032,86.96,112689136,62.28,3074,1572864,221952,408,86884,64136,102400,46616576,69,68,24
1782485036,79.51,112658364,62.34,2390,1572864,221856,421,87803,2710916,8192,29208576,69,68,24
1782485038,80.57,112753292,62.34,2375,1572864,221664,422,72437,51704,0,17453056,69,68,24
1782485040,45.61,112755404,58.95,2498,1572864,221568,423,63585,36665,20480,1396736,69,68,24
1782485042,43.69,112804836,58.95,2592,1572864,221664,447,57236,28612,16384,6828032,69,68,24
1782485046,44.52,112757404,56.15,2674,1572864,221856,447,60585,21724,0,839680,69,68,24
1782485049,73.22,112770212,56.15,2807,1572864,221664,463,81204,35491,0,46321664,68,66,24
1782485052,92.25,112808516,59.82,2383,1572864,222048,484,95559,5325479,0,30400512,68,67,24
1782485054,59.11,113034324,65.60,2496,1572864,221568,496,93658,42300,45056,220758016,68,67,24
1782485058,64.70,113223608,65.60,2622,1572864,221856,498,61729,26607,110592,252837888,68,67,24
1782485060,70.27,113589540,65.55,2776,1572864,221952,535,83558,34315,233472,17944576,68,67,24
1782485063,47.62,113222696,65.55,2879,1572864,221856,515,62680,23542,8192,15642624,68,67,24
1782485066,81.37,112992636,70.47,2252,1572864,221568,497,76958,125460,53248,265691136,64,63,24
1782485069,77.84,112947592,70.47,2048,1572864,221568,522,66830,127284,16384,42291200,63,63,24
1782485072,90.90,112921148,75.32,2183,1572864,221568,517,80732,2682975,0,23384064,59,58,24
1782485076,85.87,112831688,77.54,2283,1572864,221376,502,63222,72491,4096,42508288,66,65,24
1782485079,86.97,112703216,77.54,2084,1572864,221376,507,77563,70322,16384,29294592,65,64,24
1782485081,55.06,112808480,72.93,2223,1572864,221472,499,52948,19776,24576,156160000,65,64,24
1782485084,53.59,112746076,72.93,2164,1572864,221760,518,55658,46328,4096,301801472,65,64,24
1782485086,74.11,112941104,68.45,2242,1572864,221760,508,49964,26125,12288,20246528,65,64,24
1782485089,42.19,112841616,68.45,2333,1572864,221664,540,54565,21409,0,9703424,65,64,24
1782485091,43.41,112793792,67.69,2434,1572864,221568,536,56699,24749,0,3858432,65,64,24
1782485094,43.30,112756908,67.69,2527,1572864,221568,535,51803,15485,12288,8773632,65,64,24
1782485096,84.62,112681604,71.80,2615,1572864,221184,549,63421,26447,0,26013696,62,61,24
1782485099,78.34,112656912,71.80,2684,1572864,221184,537,59427,28012,0,14188544,59,59,24
1782485101,63.63,112559168,70.22,2783,1572864,221472,511,67409,26956,4096,20525056,59,58,24
1782485104,43.83,112713564,70.22,2847,1572864,221184,528,58886,17432,4096,28409856,59,58,24
1782485106,43.42,112744380,66.44,2908,1572864,221184,510,52482,13828,0,1716224,59,58,24
1782485108,45.53,113117368,66.44,2971,1572864,221184,543,58879,26021,8192,230354944,59,58,24
1782485111,42.20,113059428,62.64,2099,1572864,221088,521,62271,19828,147456,10739712,59,58,24
1782485114,65.88,112821300,62.64,2191,1572864,221376,518,74831,1973806,0,239415296,60,59,24
1782485118,65.56,112891916,61.06,2293,1572864,221472,536,62240,728219,0,36790272,60,59,24
1782485123,76.82,112853060,65.94,2513,1572864,222336,518,120051,147132,159744,69095424,76,75,24
1782485127,82.11,112954084,71.31,2074,1572864,222048,535,63561,98881,4096,40017920,76,75,24
1782485131,80.56,112861080,77.78,2199,1572864,222240,525,102255,189020,49152,70643712,72,71,24
1782485134,91.14,112775264,74.99,2392,1572864,222432,507,83265,56453,28672,24141824,70,69,24
1782485137,56.82,112745648,74.99,2509,1572864,222336,511,62237,20830,20480,164659200,70,69,24
1782485140,72.33,112848484,70.59,2439,1572864,222240,514,75324,45195,0,16818176,70,69,24
1782485142,63.08,112824456,70.59,2526,1572864,222144,535,59859,18936,0,8138752,70,69,24
1782485144,48.92,112774764,66.54,2673,1572864,221856,533,56375,26265,1421312,1597440,70,69,24
1782485147,48.24,112754600,66.54,2755,1572864,221760,527,64557,18692,110592,10579968,70,69,24
1782485150,81.75,112954360,70.66,2496,1572864,221856,554,87942,134269,8192,38813696,66,65,24
1782485152,66.78,112939544,70.66,2549,1572864,221760,509,59857,12197,757760,1941504,66,65,24
1782485155,79.07,112896700,71.16,2646,1572864,221280,534,62890,26419,0,47869952,64,63,24
1782485158,83.29,112858056,71.16,2758,1572864,220896,525,68406,34843,4096,193290240,62,63,24
1782485160,94.04,112622312,70.83,2891,1572864,220800,516,79404,48855,32768,27738112,61,60,24
1782485163,66.75,112737660,70.83,2990,1572864,220992,548,53680,16554,8192,179224576,63,62,24
1782485166,88.32,112782384,71.97,2325,1572864,221376,530,94666,5435196,0,60612608,59,58,24
1782485169,60.09,112662684,71.97,2403,1572864,221184,527,53789,20043,0,19996672,58,57,24
1782485172,71.78,112704032,75.57,2552,1572864,221184,536,53224,112181,4096,19525632,57,56,24
1782485174,83.70,112587556,71.36,2268,1572864,221184,507,61240,39142,94208,9703424,53,52,24
1782485176,57.98,112571296,71.36,2318,1572864,220992,482,39036,13608,0,25653248,51,50,24
1782485179,80.20,112483316,69.01,2403,1572864,220896,498,48686,24413,0,13754368,49,48,24
1782485181,47.88,112469828,69.01,2482,1572864,220704,475,36816,13515,65536,4308992,49,47,24
1782485185,81.64,112702036,71.73,2592,1572864,220800,464,64016,89704,12288,138891264,56,55,24
1782485187,62.59,112620020,71.73,2192,1572864,220992,453,49393,58850,8192,18640896,56,55,24
1782485190,40.82,112627056,67.27,2280,1572864,220800,474,48240,47668,4096,103743488,56,55,24
1782485192,64.30,112807852,67.27,2232,1572864,220800,471,40348,11816,4096,91471872,56,55,24
1782485194,76.28,112592548,72.61,2295,1572864,220704,480,48793,33227,20480,263516160,53,55,24
1782485197,62.85,112553628,72.61,2384,1572864,220416,458,46308,26376,4096,10973184,53,52,24
1782485204,88.13,112692568,74.89,2238,1572864,221184,440,64057,75939,8192,50552832,61,60,24
1782485206,88.26,112512332,76.34,2101,1572864,221760,431,101335,88410,4096,48517120,58,57,24
1782485209,53.12,112484212,76.34,2218,1572864,221472,410,56732,31099,8192,6623232,58,57,24
1782485212,83.89,112602832,71.83,2194,1572864,221280,421,61586,148782,20480,27959296,54,53,24
1782485215,49.84,112488964,68.32,2260,1572864,221184,411,48969,17975,12288,21733376,53,53,24
1782485217,67.04,112500368,68.32,2353,1572864,220992,392,55552,35652,0,24383488,60,52,24
1782485221,82.92,112842308,72.13,2433,1572864,221472,379,72274,76553,4096,76210176,60,59,24
1782485224,88.37,112853124,72.13,2127,1572864,221760,400,64284,67484,4096,39858176,61,60,24
1782485228,85.41,112867976,70.04,2254,1572864,221280,382,74196,2743535,24576,271343616,69,68,24
1782485230,89.70,112802212,70.92,2207,1572864,221952,368,87620,75737,32768,44191744,69,68,24
1782485233,73.76,112744772,70.92,2272,1572864,221664,380,60415,45063,65536,14008320,69,68,24
1782485235,45.43,112750568,66.84,2358,1572864,221472,402,52548,29704,0,21774336,69,68,24
1782485237,78.61,112915416,66.84,2481,1572864,221568,396,68178,36912,16384,257560576,69,68,24
1782485240,74.68,112910508,62.85,2575,1572864,221664,421,60652,22602,0,12959744,68,69,24
1782485243,90.98,112841000,62.85,2703,1572864,221568,410,85143,2251854,0,12320768,67,66,24
1782485245,75.58,112787264,63.26,2788,1572864,221568,402,63628,461283,0,12685312,67,66,24
1782485248,56.25,112748216,63.26,2887,1572864,221376,432,60152,111019,8192,42364928,66,66,24
1782485251,89.68,113017452,72.29,2399,1572864,221088,422,76528,39672,24576,10031104,63,62,24
1782485253,62.61,113075404,72.29,2485,1572864,221088,420,59153,24947,8192,378445824,61,61,24
1782485256,66.84,113101300,70.75,2583,1572864,220800,448,64212,22126,237568,108756992,61,60,24
1782485259,70.67,112886864,70.75,2690,1572864,221184,456,81496,2672443,0,20537344,62,61,24
1782485261,66.80,112861660,70.93,2322,1572864,221664,458,66095,79556,4096,28577792,70,67,24
1782485266,85.85,112696512,75.58,2458,1572864,222048,478,88939,32413,28672,35184640,70,69,24
1782485268,86.93,112869364,75.58,2199,1572864,222048,482,96332,2387774,8192,35692544,71,70,24
1782485271,78.68,112858332,74.01,2307,1572864,221952,480,64417,376492,4096,17915904,71,70,24
1782485273,67.31,112944060,74.01,2415,1572864,221856,498,58981,23584,8192,251428864,71,70,24
1782485276,61.93,112895808,72.25,2547,1572864,221856,486,67165,21847,36864,19689472,71,70,24
1782485279,61.30,112895728,72.25,2635,1572864,221952,485,61411,24074,4096,21135360,69,70,24
1782485281,84.62,113382488,72.07,2850,1572864,221568,510,79041,39656,53248,26685440,68,67,24
1782485284,49.11,113150916,72.07,2931,1572864,221472,525,64819,18916,20480,204795904,68,67,24
1782485286,47.30,113376144,68.38,3005,1572864,221472,517,61605,15802,0,49975296,68,67,24
1782485288,44.69,113254068,68.38,3091,1572864,221376,544,66611,21009,0,24084480,68,67,24
1782485290,44.24,113235284,64.50,3151,1572864,221376,538,58130,13785,4096,440807424,68,67,24
1782485293,44.30,113052868,64.50,3239,1572864,221568,574,63760,19264,0,991232,68,67,24
1782485296,45.36,113020464,61.10,2377,1572864,221472,565,67080,27546,4096,42975232,68,67,24
1782485299,73.05,112863316,61.10,2466,1572864,222240,556,85309,72589,4096,29257728,76,75,24
1782485302,80.90,112914972,69.42,2341,1572864,222528,574,77658,69691,4096,30994432,76,75,24
1782485304,44.24,112908784,69.42,2463,1572864,222432,575,78029,45720,4096,10063872,76,75,24
1782485307,85.08,112957892,66.18,2477,1572864,223008,559,86597,2245888,12288,12034048,77,76,24
1782485309,82.71,112940984,63.12,2611,1572864,222720,587,82937,471725,8192,57630720,77,76,24
1782485312,45.56,112877448,63.12,2702,1572864,222336,573,65791,23630,0,9338880,77,76,24
1782485314,45.33,112876896,59.19,2805,1572864,222336,588,70297,15633,4096,9474048,77,76,24
1782485316,49.09,112935952,59.19,2894,1572864,222336,592,70779,18611,102400,121651200,77,76,24
1782485319,49.20,113366960,59.19,2989,1572864,222528,577,74522,22960,8192,96223232,77,76,24
1782485321,71.64,113198008,56.77,2562,1572864,222720,612,77563,20109,0,26144768,77,76,24
1782485323,46.09,113301904,56.77,2628,1572864,222912,591,65489,13575,0,6721536,77,76,24
1782485326,45.65,113234280,55.35,2719,1572864,222816,624,79268,33890,0,23715840,77,76,24
1782485328,46.83,113244536,55.35,2809,1572864,222912,628,78654,24157,0,22491136,77,76,24
1782485330,46.63,113117696,53.16,2901,1572864,222432,660,74813,26280,294912,221212672,77,76,24
1782485333,46.91,113002112,53.16,3000,1572864,222432,660,67550,17859,0,10215424,77,76,24
1782485336,44.82,112959552,50.90,3079,1572864,222624,663,80826,21102,0,7630848,77,76,24
1782485338,48.88,112973304,50.90,3182,1572864,222336,692,69742,18401,0,8876032,78,77,24
1782485341,85.40,112980644,51.79,3299,1572864,222816,674,100745,2681206,0,40407040,78,77,24
1782485344,58.79,112878164,51.79,3396,1572864,222432,651,76983,22609,4096,18464768,78,77,24
1782485346,46.13,112941692,49.57,3519,1572864,222528,684,87076,24139,20480,204582912,78,77,24
1782485348,46.81,113003392,49.57,3621,1572864,222528,692,76981,23445,20480,2818048,78,77,24
1782485351,49.32,113034384,47.60,3702,1572864,222528,712,68226,15699,4096,42586112,78,77,24
1782485353,58.60,113205728,47.60,3796,1572864,222720,690,71031,19833,0,23248896,78,77,24
1782485355,47.29,113106960,45.47,3875,1572864,222720,715,75747,29003,0,458752,78,77,24
1782485358,60.03,113055400,45.47,2612,1572864,222624,716,74622,27599,0,24399872,78,77,24
1782485360,65.91,112961236,43.75,2733,1572864,222816,716,78953,27470,0,4186112,78,77,24
1782485362,46.80,112979944,43.75,2799,1572864,223008,732,64144,13401,0,4505600,78,77,24
1782485365,50.47,112970848,41.61,2881,1572864,222720,727,67549,19549,4096,17981440,78,77,24
1782485368,48.57,112834624,41.61,2990,1572864,222720,769,68320,21176,4096,6619136,78,77,24
1782485370,74.85,112482224,46.92,2585,1572864,222336,765,98545,142601,1105920,41590784,74,76,24
1782485373,75.15,112411676,46.92,2666,1572864,222144,748,68741,17131,3649536,1372160,74,73,24
1782485375,76.33,112544192,51.42,2756,1572864,222432,770,72576,22275,6504448,26304512,72,71,24
1782485377,46.98,112660164,51.42,2843,1572864,222336,749,65538,19313,2641920,94609408,72,71,24
1782485380,55.12,112969212,48.90,2556,1572864,222432,774,68983,21001,466944,6164480,72,71,24
1782485383,56.49,113131620,48.90,2664,1572864,222528,752,69782,18698,4096,114151424,72,71,24
1782485385,48.31,113253992,47.07,2746,1572864,222336,723,63899,27263,8192,80494592,72,71,24
1782485388,45.09,113090256,47.07,2837,1572864,222432,755,68295,23193,4096,487424,72,71,24
1782485391,44.01,112935536,45.06,2927,1572864,222336,741,65252,20161,0,1433600,72,71,24
1782485394,40.13,112972584,45.06,3044,1572864,222240,736,78617,22978,0,14368768,72,71,24
1782485397,42.57,112866596,43.93,3149,1572864,222144,709,75511,22668,0,3547136,72,71,24
1782485399,68.40,112841016,45.14,3231,1572864,222048,734,71828,38046,0,12374016,71,70,24
1782485401,67.39,112957368,45.14,3306,1572864,222048,702,63631,15004,0,18808832,69,68,24
1782485404,44.51,113044528,45.14,3396,1572864,222144,730,63480,19085,0,344064,69,68,24
1782485407,43.43,112813800,43.29,3481,1572864,222048,729,69208,20522,0,44498944,69,68,24
1782485409,42.76,112773532,41.10,3557,1572864,221952,689,67380,21866,0,561152,69,68,24
1782485412,44.20,112802468,41.10,3633,1572864,222048,715,59707,16292,0,92692480,69,68,24
1782485414,45.08,112734972,41.10,3717,1572864,221952,688,69484,28020,0,9330688,69,68,24
1782485417,46.96,112827176,39.73,3801,1572864,222048,716,64224,18776,16384,206508032,69,68,24
1782485422,83.62,113083940,46.24,2798,1572864,222336,655,116176,85926,0,55590912,77,76,24
1782485424,83.52,113080848,45.82,2713,1572864,222720,678,74776,60132,4096,24883200,77,76,24
1782485427,47.31,112839904,45.82,2805,1572864,222336,663,62893,34414,4096,425984,77,76,24
1782485429,56.74,112809272,45.82,2933,1572864,222336,692,66392,37827,0,30199808,77,76,24
1782485432,76.16,112924924,44.23,3031,1572864,222240,656,72728,31495,12288,4222976,77,76,24
1782485434,44.00,112924244,44.23,3103,1572864,222240,639,61634,14849,0,4206592,77,76,24
1782485437,44.15,112978432,42.69,3224,1572864,222432,674,82669,38341,0,15929344,77,76,24
1782485439,71.13,112931260,43.84,3330,1572864,222624,672,81154,28533,0,30830592,77,76,24
1782485442,71.41,113054516,43.84,2957,1572864,223104,640,72023,19190,0,9908224,77,76,24
1782485444,45.01,112966128,43.84,3018,1572864,223104,665,63711,31650,4096,175931392,77,76,24
1782485446,44.25,112842544,41.85,3082,1572864,223008,647,62692,17368,4096,22458368,77,76,24
1782485448,47.90,113000544,41.85,3181,1572864,222912,689,73281,23842,0,3592192,77,76,24
1782485450,46.18,113167176,40.10,3256,1572864,222816,675,69546,18765,4096,19148800,77,76,24
1782485453,46.62,113070788,40.10,3340,1572864,222432,695,69717,16533,0,1515520,77,76,24
1782485455,46.69,113174312,40.65,3423,1572864,222528,661,65856,21022,0,6078464,77,76,24
1782485458,46.10,113078440,40.65,3539,1572864,222624,683,81784,27089,0,4018176,77,76,24
1782485461,43.71,112862176,38.36,3629,1572864,222720,696,72329,29930,0,7397376,78,77,24
1782485463,82.17,113076104,38.36,3766,1572864,222816,682,95541,2670397,61440,43851776,78,77,24
1782485466,70.63,112976420,38.73,3860,1572864,222720,707,79325,26473,0,25554944,78,77,24
1782485468,46.58,113011152,38.73,3958,1572864,222720,705,67875,20999,4096,9003008,78,77,24
1782485470,44.94,112976612,36.99,4059,1572864,223104,683,72778,20334,16384,120549376,78,77,24
1782485472,46.89,113023828,36.99,4144,1572864,223200,712,67452,17284,16384,80850944,78,77,24
1782485475,44.98,112894168,35.55,4224,1572864,223008,693,74290,25404,0,6905856,78,77,24
1782485478,43.15,112922616,35.55,4345,1572864,222720,738,88615,28070,4096,54763520,78,77,24
1782485482,44.34,112920532,34.70,2860,1572864,222912,727,83938,24020,0,3915776,78,77,24
1782485484,45.03,113086576,34.70,2946,1572864,223008,728,81605,23061,0,40161280,78,77,24
1782485487,42.67,112868312,34.97,3046,1572864,223008,722,78825,23075,0,37040128,78,77,24
1782485491,42.29,112927776,33.05,3154,1572864,222816,763,91219,37881,0,20156416,78,77,24
1782485494,44.13,112880644,33.05,3248,1572864,223008,744,79187,39531,0,47398912,78,77,24
1782485496,43.71,112901800,32.32,3330,1572864,222720,736,81764,22977,0,3825664,78,77,24
1782485500,46.01,112867220,32.32,3447,1572864,222528,724,84275,28188,12288,158461952,78,77,24
1782485502,71.89,113089500,31.02,2792,1572864,222816,755,88857,26031,8192,254193664,78,77,24
1782485505,49.52,113090084,29.49,2875,1572864,222720,746,71290,24980,0,31195136,78,77,24
1782485509,44.59,113086356,29.49,2997,1572864,222816,740,88965,31425,0,1441792,78,77,24
1782485512,45.04,112908280,29.21,3097,1572864,222624,721,83947,24202,0,41025536,78,77,24
1782485515,45.36,112941204,29.21,3186,1572864,222720,759,76749,22753,0,6344704,78,77,24
1782485518,48.18,113212384,28.72,3294,1572864,222336,758,78063,23161,0,4345856,78,77,24
1782485521,44.65,113149916,27.78,3408,1572864,222432,722,90353,37370,4096,52371456,78,77,24
1782485524,44.80,113022592,27.78,3513,1572864,222816,755,76548,19753,0,7380992,78,77,24
1782485527,44.86,113031620,28.28,3607,1572864,222720,766,82958,24714,0,109170688,78,77,24
1782485531,43.25,112915980,26.97,3759,1572864,222816,789,109089,43397,163840,67674112,78,77,24
1782485533,63.32,113105200,26.97,3864,1572864,222720,766,79967,35420,0,12914688,78,77,24
1782485535,49.42,113075332,26.65,3947,1572864,222720,796,66694,24749,0,9990144,78,77,24
1782485537,46.95,113028168,26.65,4045,1572864,222912,784,76264,30339,0,29863936,78,77,24
1782485540,43.88,112932084,25.72,2836,1572864,222912,755,74712,23166,0,1302528,78,77,24
1782485542,46.73,112921464,25.72,2924,1572864,222912,780,64955,16226,0,16375808,78,77,24
1782485544,48.22,112856356,24.78,3012,1572864,223104,757,66714,15236,0,227311616,78,77,24
1782485547,47.11,112973468,24.78,3088,1572864,222912,785,68774,19853,0,3624960,78,77,24
1782485549,48.63,112980236,24.78,3191,1572864,222624,771,73565,31855,0,40484864,78,77,24
1782485551,47.73,112927204,24.56,3288,1572864,222816,794,62679,15120,0,13410304,78,77,24
1782485553,47.97,112933940,24.56,3367,1572864,222720,770,67827,18246,0,78184448,78,77,24
1782485555,43.77,112916572,24.43,3438,1572864,222912,799,69071,18323,12288,120143872,78,77,24
1782485558,46.81,112833376,24.43,3538,1572864,222912,796,70292,20298,0,6483968,78,77,24
1782485562,43.44,112914688,24.40,3640,1572864,222816,772,87040,25756,0,8900608,78,77,24
1782485564,63.79,112994028,24.40,2966,1572864,223200,809,82628,30127,16384,18923520,78,77,24
1782485567,43.89,112974640,23.64,3073,1572864,223200,804,83672,25506,0,1224704,78,77,24
1782485570,44.04,112885936,23.11,3187,1572864,223104,798,86791,27466,0,11677696,78,77,24
1782485574,43.02,112904872,23.11,3271,1572864,222912,788,76395,20324,0,4128768,78,77,24
1782485576,42.45,112871692,22.94,3371,1572864,222720,827,82111,22938,4096,40411136,78,77,24
1782485579,44.83,112759332,22.94,3487,1572864,222528,814,83823,35244,0,11079680,78,77,24
1782485582,75.58,112975708,23.35,3600,1572864,222336,788,85784,30736,4096,200138752,78,77,24
1782485585,47.24,113019524,23.16,3703,1572864,222432,771,77213,20780,0,19861504,78,77,24
1782485588,47.06,112918680,23.16,3828,1572864,222432,824,82324,27974,0,55365632,78,77,24
1782485591,77.92,112878116,28.11,3001,1572864,222336,784,84750,130058,8192,29650944,75,74,24
1782485594,74.40,112911128,28.11,3072,1572864,222336,756,66536,17121,0,3502080,74,73,24
1782485597,69.02,112976804,27.46,3188,1572864,222432,790,74657,32702,0,25919488,72,71,24
1782485600,41.08,113008168,26.62,3311,1572864,222336,772,93722,28607,0,10252288,72,71,24
1782485602,61.14,112955888,26.62,3008,1572864,222336,752,95418,32838,0,4362240,72,71,24
1782485605,57.04,112972528,26.17,3084,1572864,222144,770,66602,16538,12288,25833472,72,71,24
1782485608,63.27,113040440,26.17,3221,1572864,222048,770,91200,38484,147456,22515712,72,71,24
1782485610,48.06,113045556,26.40,3317,1572864,222048,729,77471,27737,4096,138260480,72,71,24
1782485613,57.99,113170528,26.40,3397,1572864,222048,757,73613,109437,0,26660864,72,71,24
1782485615,73.05,113137872,31.25,2868,1572864,222240,739,77867,30337,0,13467648,68,67,24
1782485618,61.51,113084292,31.25,2959,1572864,222144,711,67906,24124,0,38735872,66,65,24
1782485622,90.67,112923416,33.72,3068,1572864,221952,731,72244,35474,0,12308480,63,62,24
1782485624,64.29,112825112,33.72,2846,1572864,221952,702,68956,36217,0,12783616,63,62,24
1782485627,47.87,112765640,33.82,2928,1572864,221760,680,63036,19130,4096,20357120,63,62,24
1782485629,68.38,112833592,32.39,3021,1572864,221664,705,71902,29626,0,7938048,62,61,24
1782485632,50.80,112937348,32.39,3091,1572864,221472,660,60164,18363,4096,30302208,62,61,24
1782485635,67.27,112905932,34.44,3298,1572864,221376,631,56003,21033,0,4763648,62,61,24
1782485637,46.69,112405364,34.44,3470,1572864,221088,686,55771,17999,102400,174723072,62,61,24
1782485640,45.47,112484360,33.45,3565,1572864,221280,670,65542,31121,77824,83644416,62,61,24
1782485646,87.36,112543536,33.45,2822,1572864,221568,641,68300,175070,4096,486998016,64,65,24
1782485648,90.50,112743156,40.22,3050,1572864,222048,634,111409,85823,8192,43700224,62,61,24
1782485651,60.28,112958944,40.76,2823,1572864,221760,594,47178,20831,4096,17387520,62,61,24
1782485654,43.02,112853972,40.76,2823,1572864,221760,623,57094,44402,0,14389248,62,61,24
1782485656,42.39,112892692,39.18,2906,1572864,221856,590,47043,12877,12288,921600,62,61,24
1782485659,59.17,112947020,39.18,3041,1572864,222048,574,59633,21739,0,282959872,62,61,24
1782485661,59.03,112978044,39.88,3111,1572864,221952,600,47730,24760,0,16379904,62,61,24
1782485664,43.12,112841852,39.88,2880,1572864,221472,586,57119,26752,12288,165552128,62,61,24
1782485668,58.67,112807456,39.25,2950,1572864,221664,601,51199,64940,0,59125760,70,69,24
1782485671,86.08,112673336,45.32,2667,1572864,222432,591,96546,76027,0,77946880,70,69,24
1782485673,88.43,112656712,45.32,2813,1572864,222048,565,69136,38060,8192,29220864,67,66,24
1782485676,68.19,112644272,43.37,2765,1572864,221568,544,66023,44329,0,19267584,67,66,24
1782485678,56.43,112541268,43.37,2850,1572864,221280,575,67784,33136,12288,5738496,67,66,24
1782485682,47.24,112757324,41.74,2931,1572864,221376,563,53997,35939,4096,17735680,67,66,24
1782485684,67.41,112914600,40.00,2664,1572864,221472,573,75874,31218,0,25165824,67,66,24
1782485689,57.59,112861192,40.00,2759,1572864,221472,607,77106,75198,0,29466624,75,74,24
1782485692,85.58,112880052,42.64,2471,1572864,222240,602,102759,69956,4096,63287296,76,75,24
1782485695,86.10,112931164,40.99,2634,1572864,222528,586,86898,2684599,4096,26624000,76,75,24
1782485697,66.68,112994008,40.99,2590,1572864,222432,597,74848,42036,4096,154460160,76,75,24
1782485700,77.56,113026796,42.03,2724,1572864,222240,550,82406,48246,36864,9687040,76,75,24
1782485702,44.04,112894160,42.03,2801,1572864,222048,575,60995,30358,0,860160,76,75,24
1782485704,47.44,113022364,39.71,2863,1572864,222048,567,64486,24952,0,28467200,76,75,24
1782485707,58.67,112951768,39.71,2949,1572864,222336,596,70474,20846,0,7139328,77,76,24
1782485709,72.67,113072500,39.71,3054,1572864,222624,610,115293,2763516,0,15671296,77,76,24
1782485712,57.49,112985004,43.25,3148,1572864,222624,604,81758,27896,4096,6639616,77,76,24
1782485714,50.46,113029460,41.39,3260,1572864,222528,629,64994,25668,0,20013056,77,76,24
1782485716,48.17,113142680,41.39,3340,1572864,222624,620,65252,15117,16384,3162112,77,76,24
1782485719,46.63,113066532,41.39,3450,1572864,222336,670,76151,26615,4096,30187520,77,76,24
1782485722,46.56,113000884,40.48,3521,1572864,222336,658,65836,16278,0,13963264,77,76,24
1782485724,44.26,112898944,38.68,2261,1572864,222528,655,94265,34622,4096,168497152,77,76,24
1782485727,48.51,112992920,38.68,2358,1572864,222432,692,68076,20783,0,40189952,77,76,24
1782485730,45.39,112920188,36.70,2467,1572864,222336,698,88642,36284,0,5083136,77,76,24
1782485732,46.57,112927836,36.70,2552,1572864,222240,728,66558,18628,0,12808192,77,76,24
1782485734,45.45,112792596,35.20,2616,1572864,222048,708,66195,13794,4096,18853888,77,76,24
1782485737,47.03,112812632,35.20,2727,1572864,222336,722,74415,25261,4096,3198976,77,76,24
1782485740,45.31,112887216,34.07,2836,1572864,222336,758,82728,26770,0,9809920,77,76,24
1782485742,49.51,113223980,34.07,2922,1572864,222528,742,66009,16748,4096,4825088,77,76,24
1782485744,83.06,113039976,38.63,2285,1572864,223200,721,72514,27081,1413120,257245184,77,76,24
1782485747,73.35,113266360,38.63,2401,1572864,223584,755,80499,1026859,12288,56152064,78,77,24
1782485749,90.06,113401924,39.54,2505,1572864,223584,735,85785,1678336,4096,17920000,78,77,24
1782485752,49.63,113290504,39.54,2581,1572864,222816,772,67079,18172,0,121143296,78,77,24
1782485754,47.62,113224524,39.54,2683,1572864,222816,760,64968,15540,8192,37273600,78,77,24
1782485756,51.08,113063160,38.13,2782,1572864,222816,792,66923,19293,16384,38543360,78,77,24
1782485758,52.90,113386912,38.13,2980,1572864,222816,783,71811,21382,0,23089152,78,77,24
1782485761,47.30,113089704,37.32,3061,1572864,222816,766,72533,28763,0,74530816,78,77,24
1782485764,45.46,113086768,37.32,3159,1572864,222912,802,80997,24980,4096,106311680,78,77,24
1782485766,47.38,113108940,37.86,3243,1572864,222816,779,67498,16750,0,270336,78,77,24
1782485769,48.03,113018764,37.86,3345,1572864,222816,815,77045,25454,0,234876928,78,77,24
1782485772,45.63,113031776,36.75,3423,1572864,222720,788,75032,19093,4096,239104000,78,77,24
1782485775,44.63,112958852,34.92,3548,1572864,222912,795,92210,35535,8192,162160640,78,77,24
1782485777,45.92,112920508,34.92,3651,1572864,222912,836,71670,22830,0,6459392,78,77,24
1782485779,49.30,112944488,33.33,3739,1572864,222720,794,69826,18574,0,6389760,78,77,24
1782485781,48.68,113337892,33.33,3821,1572864,222912,772,68514,19261,0,827392,78,77,24
1782485784,48.10,113345740,33.33,3891,1572864,222816,803,66875,18959,0,17416192,78,77,24
1782485786,48.78,113301704,32.10,2430,1572864,222816,796,57473,17933,0,31842304,78,77,24
1782485788,47.90,112996804,32.10,2525,1572864,222816,824,74243,21502,0,23183360,78,77,24
1782485792,46.05,112985780,30.73,2619,1572864,222720,793,81943,30240,4096,25051136,78,77,24
1782485794,44.76,112818056,30.73,2718,1572864,222720,787,84110,24103,0,1847296,78,77,24
1782485796,47.47,112923856,31.07,2800,1572864,222720,817,69041,17924,12288,259522560,78,77,24
1782485799,47.17,112933280,31.07,2908,1572864,222624,799,75742,24450,0,13680640,78,77,24
1782485802,44.88,112885052,29.87,3013,1572864,222720,843,86455,46222,8192,181977088,78,77,24
1782485804,59.74,112932656,29.87,2394,1572864,223008,810,71787,25148,8192,30965760,78,77,24
1782485806,65.53,113046652,31.80,2491,1572864,223008,789,76851,22057,0,5730304,78,77,24
1782485810,47.36,112911172,31.80,2591,1572864,223008,827,74874,23452,0,12222464,78,77,24
1782485812,47.71,112920968,30.77,2699,1572864,222624,811,83780,25335,20480,13275136,78,77,24
1782485814,51.36,113053984,29.67,2783,1572864,222528,792,68286,15418,0,20385792,78,77,24
1782485816,48.60,112917856,29.67,2864,1572864,222816,824,68962,18303,0,28106752,78,77,24
1782485818,49.45,113003956,29.67,2972,1572864,222912,795,77843,31978,0,12181504,78,77,24
1782485821,50.14,113053420,28.74,3049,1572864,222912,826,62546,17357,0,27222016,78,77,24
1782485824,45.71,113035256,28.74,3149,1572864,222720,798,90156,24635,4096,52613120,78,77,24
1782485826,45.48,112918904,28.04,3223,1572864,222528,820,77194,21176,0,13320192,78,77,24
1782485829,74.05,112857800,28.04,3329,1572864,222432,813,78139,31788,0,27365376,78,77,24
1782485831,66.07,113139444,34.76,3447,1572864,222720,797,72608,20642,4096,159916032,78,77,24
1782485834,50.95,112856196,34.76,3547,1572864,222816,831,71344,28928,0,30416896,78,77,24
1782485837,87.61,113053500,37.18,2531,1572864,223104,810,90673,133015,16384,266625024,74,73,24
1782485840,73.26,113045136,35.17,2604,1572864,222816,769,74267,22022,0,12787712,72,72,24
1782485843,83.66,113047368,35.17,2717,1572864,222432,790,72021,31330,0,9302016,72,71,24
1782485846,54.96,113025556,34.35,2834,1572864,222336,768,72723,22494,0,831488,72,71,24
1782485848,49.21,113033444,34.35,2463,1572864,222336,742,58801,18721,8192,27312128,72,71,24
1782485851,89.78,113187852,39.77,2444,1572864,221664,759,77824,136121,0,44064768,68,70,24
1782485854,82.91,113156108,39.77,2538,1572864,221760,726,71588,25724,4096,34553856,66,66,24
1782485856,81.14,113111984,44.11,2649,1572864,221568,687,63362,22382,0,147386368,66,65,24
1782485858,46.38,113002216,44.11,2755,1572864,221472,724,59405,23560,4096,15544320,66,65,24
1782485861,44.51,112991568,42.02,2830,1572864,221472,682,49506,14339,0,9539584,66,65,24
1782485865,69.24,112850916,42.98,2478,1572864,221088,664,69968,137120,0,58302464,61,60,24
1782485868,86.32,112720536,42.98,2526,1572864,221568,633,71224,37593,16384,16175104,57,56,24
1782485871,40.82,112837592,40.74,2597,1572864,221472,654,51538,16102,0,3645440,57,56,24
1782485873,40.71,112935392,40.74,2685,1572864,221472,635,58935,19386,0,5685248,57,56,24
1782485876,42.57,112811440,39.96,2753,1572864,221472,607,45611,13482,0,1875968,57,56,24
1782485878,42.08,112832132,39.96,2819,1572864,221472,631,46736,14444,4096,30928896,57,56,24
1782485882,84.95,112659468,46.85,2902,1572864,221568,577,58232,32324,8192,261394432,54,53,24
1782485885,47.54,112837764,44.38,3002,1572864,221184,567,64004,26567,8192,180854784,54,53,24
1782485888,81.98,112842664,44.38,3091,1572864,221280,532,69434,71363,0,15532032,62,61,24
1782485891,79.17,112852312,45.63,3199,1572864,221472,535,58013,53753,12288,34127872,62,61,24
1782485894,67.39,112690984,45.63,2381,1572864,221472,522,67005,66280,4096,25419776,59,58,24
1782485897,71.39,112569284,45.74,2508,1572864,221376,504,65424,22335,16384,23515136,59,58,24
1782485902,45.36,112670572,43.28,2594,1572864,221376,529,62005,78233,0,15106048,67,66,24
1782485905,83.84,112744268,43.01,2765,1572864,221952,490,96377,78237,106496,65241088,67,66,24
1782485908,49.26,112793332,43.01,2445,1572864,221760,517,53600,19107,4096,4280320,67,66,24
1782485911,56.73,112693132,41.01,2463,1572864,221760,494,85431,68315,0,74260480,67,66,24
1782485913,52.67,112751824,41.01,2541,1572864,221856,488,53942,15902,16384,142655488,67,66,24
1782485915,46.97,112746400,39.57,2618,1572864,221856,517,56383,74069,0,12849152,75,66,24
1782485920,84.53,113126820,39.57,2736,1572864,222048,525,87882,28896,376832,39522304,75,74,24
1782485922,86.39,113423456,45.77,2369,1572864,222144,504,84548,71851,4096,45998080,75,74,24
1782485924,53.52,113118796,47.87,2470,1572864,222144,525,60126,27472,4096,1376256,75,74,24
1782485928,80.23,113092932,47.87,2432,1572864,222624,513,73103,45723,118784,279371776,76,74,24
1782485930,88.50,113068808,54.61,2580,1572864,222816,513,96407,2688657,16384,17330176,76,75,24
1782485933,76.38,112940376,54.61,2681,1572864,222816,540,63873,29275,0,2383872,76,75,24
1782485936,42.65,113015176,52.00,2794,1572864,222624,537,82519,31068,0,25174016,76,75,24
1782485938,47.92,112964176,52.00,2922,1572864,222528,538,70636,22978,372736,24358912,76,75,24
1782485941,52.80,113300620,50.15,3123,1572864,222432,568,67202,24804,139264,154456064,77,75,24
1782485943,75.37,113183344,50.15,3225,1572864,222816,583,96118,2670013,4096,277078016,77,76,24
1782485946,70.08,113029224,48.54,3332,1572864,222432,570,74779,24361,0,4886528,77,76,24
1782485948,57.18,113198340,48.54,3430,1572864,222432,596,78231,26911,4096,8339456,77,76,24
1782485951,76.28,113111584,46.49,3551,1572864,222240,604,73142,22623,20480,10219520,77,76,24
1782485954,57.75,113171408,46.49,3669,1572864,222336,610,81979,36862,0,2408448,77,76,24
1782485956,48.64,113111820,44.85,3749,1572864,222432,640,67465,18024,0,16592896,77,76,24
1782485959,75.51,113185276,44.85,2470,1572864,222912,637,93052,2335553,0,53469184,76,77,24
1782485962,89.47,113161296,49.43,2616,1572864,222912,630,85144,467233,0,36376576,74,73,24
1782485964,80.52,113085136,48.91,2704,1572864,222624,647,63804,21154,0,12496896,72,71,24
1782485966,56.84,113409692,48.91,2820,1572864,222816,651,60645,19214,98304,21213184,72,71,24
1782485969,46.31,113081520,48.91,2913,1572864,222816,681,65010,28561,20480,159154176,72,71,24
1782485971,57.04,113120804,46.68,2393,1572864,222624,654,61100,18536,28672,265170944,72,71,24
1782485974,64.67,113094652,46.68,2496,1572864,222432,674,72637,25568,253952,17022976,72,71,24
1782485976,47.31,112982308,44.70,2580,1572864,222336,673,55599,16932,0,1392640,72,71,24
1782485980,46.93,112987364,44.70,2695,1572864,222336,665,78622,119138,0,19595264,71,71,24
1782485982,88.78,112946416,53.86,2448,1572864,222240,659,80403,34989,282624,30621696,68,67,24
1782485985,64.64,113084532,57.31,2526,1572864,222144,673,60559,26471,32768,12976128,66,65,24
1782485988,84.56,113159272,57.31,2415,1572864,222144,661,63529,21925,0,22085632,66,65,24
1782485990,83.88,112997860,56.24,2527,1572864,222336,678,71495,31303,0,28647424,63,62,24
1782485993,44.62,112936592,56.24,2599,1572864,222048,648,52137,13989,0,18374656,63,62,24
1782485996,41.65,112846852,53.18,2697,1572864,222336,637,75051,25680,12288,162107392,63,62,24
1782485998,40.78,112825528,53.18,2784,1572864,222336,611,62666,20843,0,6135808,63,62,24
1782486003,50.87,112810696,51.65,2856,1572864,222432,638,56609,72508,0,14094336,71,70,24
1782486006,85.46,113345128,56.24,2393,1572864,222624,603,105281,72240,4096,35131392,71,70,24
1782486008,54.26,112951456,56.24,2497,1572864,222336,585,57987,19852,4096,19247104,71,70,24
1782486010,73.75,112929964,56.22,2485,1572864,222432,603,61640,48658,0,254820352,71,70,24
1782486013,87.74,112949076,56.22,2598,1572864,222240,580,64064,31330,69632,26632192,68,67,24
1782486015,61.00,113048692,55.72,2669,1572864,222336,557,54103,28237,0,40943616,68,67,24
1782486017,62.97,113182788,55.72,2787,1572864,222048,580,56961,25637,69632,1204224,68,67,24
1782486020,46.78,113153208,53.42,2872,1572864,221760,565,57051,19397,4096,9285632,68,67,24
1782486023,64.22,113155200,53.42,2518,1572864,221760,589,62499,122678,4096,210497536,66,66,24
1782486025,82.47,113014536,51.70,2611,1572864,221856,576,62997,19554,126976,6955008,64,63,24
1782486027,69.71,113017172,51.70,2681,1572864,222048,543,53386,18928,0,278118400,62,61,24
1782486030,57.71,112902748,48.69,2759,1572864,222048,568,64297,29657,4096,21389312,62,61,24
1782486034,83.01,112949996,48.69,2560,1572864,222048,553,62557,67261,0,15413248,70,69,24
1782486036,84.63,112871500,63.37,2700,1572864,222624,535,81366,69313,4096,30244864,70,69,24
1782486039,57.75,112841036,63.37,2568,1572864,222336,557,61477,20738,4096,249856,70,69,24
1782486042,56.86,113083080,59.81,2720,1572864,222144,531,58797,46480,0,23863296,71,70,24
1782486045,91.85,113408748,59.03,2814,1572864,222720,543,100826,2721092,16384,60391424,71,70,24
1782486048,70.60,113103532,59.03,2749,1572864,222912,551,60234,26522,4096,152297472,71,70,24
1782486051,63.65,113186640,55.90,2903,1572864,222720,584,73712,126078,114688,518471680,71,70,24
1782486054,90.56,113144208,54.55,2896,1572864,222144,590,77084,53658,4096,26157056,63,62,24
1782486057,64.53,113042400,54.55,2986,1572864,221952,572,60214,32397,4096,27967488,62,61,24
1782486059,41.67,112973768,51.46,3051,1572864,221664,590,52064,22276,0,1085440,62,61,24
1782486062,44.58,113161104,51.46,3140,1572864,221856,582,63528,21740,0,4804608,62,61,24
1782486066,44.17,113083512,48.78,3221,1572864,222048,582,62303,24961,5533696,4554752,62,61,24
1782486068,43.79,113065564,48.78,3307,1572864,221856,612,68207,27445,2723840,27021312,62,61,24
1782486071,41.71,112907512,46.56,3409,1572864,221952,608,68901,22534,0,9969664,62,61,24
1782486075,43.27,112933544,46.56,3485,1572864,221760,601,63864,25941,0,35790848,63,62,24
1782486082,81.67,112767408,52.44,3625,1572864,222144,595,92100,2730368,4096,425938944,71,70,24
1782486085,87.83,113290348,57.89,3854,1572864,222336,592,122649,59937,20480,103882752,68,67,24
1782486088,70.49,113019704,57.89,2464,1572864,222144,590,74683,59385,8192,30744576,68,67,24
1782486090,44.95,113023768,54.37,2445,1572864,222048,582,57097,52753,4096,85831680,68,67,24
1782486093,81.19,113044744,54.37,2526,1572864,222432,605,58690,20696,49152,185311232,68,67,24
1782486096,43.88,112915792,51.46,2519,1572864,222432,589,60442,18278,0,7987200,68,67,24
1782486099,51.40,113018788,51.46,2638,1572864,221856,605,88564,42743,4096,268738560,68,67,24
1782486101,70.98,113170680,49.10,2733,1572864,221760,591,61869,21730,0,12791808,68,67,24
1782486104,48.45,113151256,49.10,2821,1572864,222048,621,65951,29281,159744,21626880,76,67,24
1782486110,86.14,113230984,50.53,2910,1572864,221664,605,78527,72581,16384,172302336,76,75,24
1782486113,87.99,113060052,66.59,2492,1572864,222336,594,132814,108678,49152,73322496,76,75,24
1782486116,93.13,113130556,70.14,2465,1572864,222144,583,92603,170575,4096,24711168,72,71,24
1782486120,95.19,113408584,70.14,2530,1572864,222144,576,73968,43628,12288,16678912,70,69,24
1782486122,83.63,113231876,70.29,2654,1572864,222336,566,86786,2675751,0,14655488,71,70,24
1782486124,79.13,113066516,69.47,2762,1572864,222432,581,63833,26978,65536,77545472,71,70,24
1782486127,46.86,113072312,69.47,2943,1572864,222048,574,61204,17820,155648,19079168,71,70,24
1782486129,46.39,113079120,69.47,3042,1572864,221952,600,61858,17042,20480,5459968,71,70,24
1782486131,45.91,113040880,65.11,3136,1572864,222144,590,62281,19526,4096,165285888,71,70,24
1782486134,42.65,112907044,65.11,3218,1572864,222048,569,65434,26442,0,7380992,71,70,24
1782486136,44.21,112971952,62.54,3300,1572864,222144,591,63481,16722,4096,228536320,71,70,24
1782486138,48.74,113238740,62.54,3388,1572864,222336,584,65255,19007,0,37642240,71,70,24
1782486141,47.46,113157364,60.25,3460,1572864,222528,613,59648,16371,0,3444736,71,70,24
1782486144,49.93,113092996,60.25,3549,1572864,222336,616,79161,29539,4096,181108736,71,70,24
1782486147,88.13,113037368,66.88,3666,1572864,222528,623,81728,32493,4096,83673088,68,67,24
1782486150,50.59,113245128,63.12,3754,1572864,222624,643,65981,24935,0,1093632,69,67,24
1782486153,75.23,113535604,63.12,3861,1572864,222528,624,92737,2674686,4096,73900032,69,68,24
1782486156,63.72,113299156,59.43,2481,1572864,222432,616,67638,22921,0,638976,69,68,24
1782486158,46.20,113261864,59.43,2605,1572864,222528,647,75440,24250,0,13758464,69,68,24
1782486161,47.97,113301236,57.95,2702,1572864,222624,619,64135,19739,20480,161964032,69,68,24
1782486164,44.37,112715220,57.95,2809,1572864,222240,605,80876,33687,167936,77856768,69,68,24
1782486166,46.47,112558592,55.15,2884,1572864,222336,633,64740,20181,8192,27156480,69,68,24
1782486168,47.71,112989000,55.15,2950,1572864,222336,618,65674,18457,40960,7712768,69,68,24
1782486172,55.86,113325804,52.58,2323,1572864,222528,619,63038,18818,4096,7684096,69,68,24
1782486174,62.49,113215764,52.58,2407,1572864,222528,650,71524,19349,0,13103104,69,68,24
1782486176,47.01,113138760,50.21,2486,1572864,222336,642,62406,18423,0,5017600,69,68,24
1782486179,46.13,113109564,50.21,2573,1572864,222240,639,70629,29341,0,21798912,69,68,24
1782486181,48.03,113216560,49.07,2663,1572864,222144,672,63757,18673,0,41943040,69,68,24
1782486184,48.85,113333764,49.07,2728,1572864,222336,657,69959,19155,0,7946240,69,68,24
1782486187,49.08,113560404,48.59,2799,1572864,222432,681,61652,16050,4096,87195648,69,68,24
1782486189,46.42,113529476,48.59,2882,1572864,222432,666,70743,20561,4096,142266368,69,68,24
1782486191,46.38,113502744,48.06,2968,1572864,222336,642,62854,19145,0,1232896,69,68,24
1782486194,48.77,113918016,48.06,3044,1572864,222336,667,66521,26932,0,25288704,69,68,24
1782486197,46.75,115035704,45.97,3116,1572864,222144,658,60167,16811,0,7417856,69,68,24
1782486199,45.69,115818372,45.97,3196,1572864,221952,688,71186,21150,0,8486912,69,68,24
1782486201,80.63,117038892,45.01,3282,1572864,221856,671,61389,17555,0,19595264,69,68,24
1782486204,74.83,117030384,45.01,3359,1572864,221760,636,68863,18420,0,5246976,69,68,24
1782486206,75.40,116794272,47.25,3437,1572864,221856,661,64057,17878,4096,15384576,69,68,24
1782486209,47.12,116152104,47.25,3521,1572864,222048,660,70484,29494,0,28102656,69,68,24
1782486212,47.72,116182644,45.47,3616,1572864,222144,694,64956,18805,0,18653184,69,68,24
1782486214,47.25,116218748,45.47,3691,1572864,221856,680,74658,21043,8192,96059392,69,68,24
1782486217,88.34,117529208,48.48,2367,1572864,221856,667,68510,17882,8192,100515840,69,68,24
1782486220,73.01,117245692,49.96,2473,1572864,221664,660,89743,30141,0,23388160,69,68,24
1782486222,88.08,116544764,49.96,2570,1572864,221856,682,67578,24813,135168,48320512,69,68,24
1782486225,50.04,116340376,47.64,2641,1572864,221952,664,63762,24494,0,598016,69,68,24
1782486227,51.72,116284916,47.64,2718,1572864,221952,688,60516,19019,24576,32993280,69,68,24
1782486231,54.52,116167920,45.91,2811,1572864,222048,673,79982,120422,4096,41816064,69,68,24
1782486236,96.17,117799652,58.49,2488,1572864,221952,670,107867,47189,4096,31297536,63,62,24
1782486239,86.21,117758836,58.49,2427,1572864,222336,650,71110,32829,0,23318528,63,62,24
1782486241,84.59,117224964,57.17,2502,1572864,222336,631,60147,18496,0,1003520,63,62,24
1782486243,50.07,116939804,57.17,2566,1572864,221952,646,59270,16379,4096,132001792,63,62,24
1782486246,45.81,116794196,54.19,2638,1572864,221952,616,52828,14959,4096,16461824,63,62,24
1782486248,48.14,116728628,54.19,2716,1572864,221856,642,57629,19063,122880,5668864,63,62,24
1782486251,46.18,116934736,51.93,2781,1572864,221760,620,58293,15858,65536,27914240,63,62,24
1782486254,94.61,118846608,51.93,2872,1572864,222144,599,68506,28216,0,33775616,63,62,24
1782486256,57.93,118916296,50.26,2939,1572864,222048,619,52958,14604,0,544768,63,62,24
1782486258,58.71,117875180,50.26,3016,1572864,221856,598,57950,17239,0,28307456,63,62,24
1782486261,75.39,117062180,48.07,3121,1572864,221952,572,65198,27827,0,12341248,60,59,24
1782486264,45.39,116910524,48.07,3171,1572864,222048,586,55011,15239,139264,348160,60,59,24
1782486267,52.72,116578828,45.74,3253,1572864,222144,581,60258,17930,32768,40071168,60,59,24
1782486271,79.77,117191444,44.32,3340,1572864,222048,557,74964,30816,0,66433024,60,59,24
1782486275,67.16,116709756,44.32,3432,1572864,221952,545,77093,25653,24576,135389184,60,59,24
1782486277,43.42,116420568,42.54,3514,1572864,221952,537,60614,20093,0,34684928,60,59,24
1782486279,47.05,116363020,40.17,2361,1572864,221856,557,56023,16613,0,3248128,60,59,24
1782486282,81.86,116695212,40.17,2447,1572864,221760,531,66665,22111,4096,13099008,68,61,24
1782486288,90.55,116943820,45.52,2569,1572864,222048,526,107229,90592,28672,65179648,68,67,24
1782486292,75.49,116655332,46.84,2376,1572864,221856,507,74639,82467,16384,185991168,68,67,24
1782486295,50.04,116326384,46.84,2474,1572864,221472,500,67287,27130,94208,368201728,68,67,24
1782486298,77.28,112808160,44.45,2388,1572864,222048,512,73558,34820,139264,38064128,68,67,24
1782486301,49.62,113300856,41.93,2509,1572864,222048,540,63161,27095,4096,3932160,68,67,24
1782486303,62.51,112935052,41.93,2609,1572864,222048,538,88424,39837,0,431579136,68,67,24
1782486306,44.20,112860176,40.18,2672,1572864,222048,531,62052,18788,0,266240,68,67,24
1782486308,45.52,112840552,40.18,2751,1572864,221856,553,67418,27314,0,29609984,68,67,24
1782486310,44.65,112747356,38.56,2833,1572864,221760,537,59902,15117,0,925696,68,67,24
1782486313,43.03,112618760,38.56,2899,1572864,221760,568,63149,19671,4096,7192576,68,67,24
1782486315,44.22,112757292,36.99,2973,1572864,221664,556,69288,26334,0,3661824,68,67,24
1782486318,46.04,113057920,36.99,3047,1572864,222048,538,62582,17337,0,35934208,68,67,24
1782486320,45.28,112952356,37.07,3123,1572864,222048,561,64397,17967,4096,22650880,68,67,24
1782486323,43.30,112885636,37.07,3215,1572864,221760,564,65417,27966,0,16498688,68,67,24
1782486325,44.91,112858704,35.39,3275,1572864,221664,582,57726,14492,12288,183984128,68,67,24
1782486327,45.60,112761232,35.39,3357,1572864,221664,574,58164,15235,4096,13844480,68,67,24
1782486330,44.35,112790708,34.71,3431,1572864,221856,595,67822,28445,0,33492992,68,67,24
1782486332,40.73,112647924,34.71,3510,1572864,221856,600,61416,19934,0,593920,68,67,24
1782486334,72.04,112748020,34.74,3600,1572864,222048,584,74062,2232455,4096,39096320,69,68,24
1782486337,72.22,112805260,34.74,3703,1572864,221952,605,66604,454218,4096,237707264,69,68,24
1782486340,46.83,112718032,33.08,2298,1572864,221664,594,81424,30143,0,2510848,69,68,24
1782486342,43.84,112797864,33.08,2419,1572864,221856,630,61303,18658,86016,7270400,69,68,24
1782486345,44.94,112793764,31.71,2547,1572864,222336,625,61479,23727,2052096,3895296,69,68,24
1782486347,46.18,112854020,31.71,2630,1572864,222240,631,60497,19690,20480,10702848,69,68,24
1782486349,45.81,113072168,32.13,2701,1572864,222144,655,62377,18172,0,573440,69,68,24
1782486352,43.84,112994900,32.13,2771,1572864,222144,653,63426,19739,126976,40243200,69,68,24
1782486355,42.42,113036540,30.68,2872,1572864,221952,670,72130,22165,0,128696320,69,68,24
1782486357,48.97,112951128,30.68,2947,1572864,222048,671,60470,16539,0,36704256,69,68,24
1782486359,64.32,112814024,29.43,2467,1572864,222720,657,69641,28073,0,136335360,69,68,24
1782486362,46.08,112753624,29.43,2558,1572864,222432,700,58214,19696,45056,107507712,69,68,24
1782486365,42.41,112833744,28.11,2641,1572864,222432,686,70984,20119,8192,92811264,69,68,24
1782486368,40.60,112729940,28.11,2731,1572864,222432,681,74051,23326,0,6750208,69,68,24
1782486372,41.17,112773892,27.70,2828,1572864,222432,724,70160,23771,0,3997696,69,68,24
1782486375,40.76,112697828,26.84,2931,1572864,222528,715,84366,32095,0,10235904,69,68,24
1782486377,43.93,112820668,26.84,2994,1572864,222432,698,59004,16279,4096,24076288,69,68,24
1782486380,43.52,112804576,25.81,3085,1572864,222336,689,75184,24762,0,7270400,69,68,24
1782486383,44.30,113032532,25.81,3181,1572864,222336,720,68992,21409,40960,5074944,69,68,24
1782486386,44.05,112915416,25.51,3279,1572864,222336,698,75970,21077,172032,75935744,69,68,24
1782486389,42.91,112819372,25.51,3381,1572864,222144,682,77075,29657,4096,43950080,69,68,24
1782486392,44.73,112794012,24.67,3479,1572864,222048,675,75637,24782,4096,167137280,69,68,24
1782486394,69.46,112877708,27.42,3555,1572864,222048,694,66894,23803,0,5324800,69,68,24
1782486397,45.01,112805820,27.42,3651,1572864,221760,681,63683,19281,0,2232320,69,68,24
1782486399,45.44,112764800,27.42,3727,1572864,221760,698,61329,15576,4096,5050368,69,68,24
1782486402,80.00,112768736,27.14,2477,1572864,221760,682,74029,129048,8192,24612864,65,64,24
1782486405,75.05,112798624,27.14,2547,1572864,221664,655,68176,29006,4096,30097408,65,64,24
1782486407,69.62,112820592,26.33,2646,1572864,221664,681,69597,25926,0,8212480,63,62,24
1782486409,41.76,112715892,25.50,2728,1572864,221568,653,68083,28951,0,4235264,63,62,24
1782486412,43.94,112639420,25.50,2808,1572864,221664,680,47790,15514,28672,26603520,63,62,24
1782486414,44.00,112709500,25.50,2871,1572864,221760,642,52387,12636,0,26476544,63,62,24
1782486416,45.54,112803016,25.94,2954,1572864,221664,613,50441,33245,4096,27488256,63,62,24
1782486419,71.93,112855568,25.94,2397,1572864,221760,636,63753,27423,8192,214720512,63,62,24
1782486422,44.39,112789792,25.63,2489,1572864,221760,619,72500,23492,0,10440704,63,62,24
1782486424,43.05,112707324,25.63,2545,1572864,221664,639,52798,13810,4096,49172480,63,62,24
1782486426,45.28,112555508,25.02,2615,1572864,221376,609,50973,13852,0,19451904,63,62,24
1782486429,45.18,112537552,25.02,2694,1572864,221376,631,56119,17050,0,7491584,63,62,24
1782486432,67.19,112616736,24.69,2797,1572864,221472,615,72898,32684,0,23683072,60,59,24
1782486434,48.08,112475580,24.69,2849,1572864,221184,575,42936,17961,0,12214272,60,59,24
1782486436,41.01,112652924,24.64,2920,1572864,221280,603,54074,16784,4096,27209728,60,59,24
1782486440,41.96,112678788,24.64,2982,1572864,221280,589,55757,17249,0,2764800,60,59,24
1782486442,45.48,112593736,23.79,3070,1572864,221280,576,73909,28902,0,13697024,60,59,24
1782486445,50.64,112541436,23.32,3144,1572864,221376,606,56332,31010,0,52981760,60,59,24
1782486449,42.42,112757920,23.32,3219,1572864,221280,589,61363,19113,36864,7680000,60,59,24
1782486452,41.21,112726688,22.90,3317,1572864,221568,597,77973,42344,4096,207527936,60,59,24
1782486456,63.16,112798876,33.72,3428,1572864,221952,569,79306,73888,0,52101120,68,67,24
1782486458,76.54,112670380,33.72,2195,1572864,222048,544,63423,63084,4096,17969152,68,67,24
1782486461,40.70,112654252,32.30,2218,1572864,222144,582,65153,46369,4096,10510336,68,67,24
1782486464,74.10,112781744,32.30,2291,1572864,222048,562,66290,35864,12288,7008256,68,67,24
1782486466,44.71,112697684,32.75,2390,1572864,222144,561,58730,18882,0,376832,68,67,24
1782486470,44.07,112823616,32.75,2494,1572864,222048,593,65600,27981,0,28958720,68,67,24
1782486472,41.69,112791056,31.41,2606,1572864,222240,602,74517,25382,0,19533824,68,67,24
1782486476,42.78,112741524,29.78,2690,1572864,222144,599,63238,17950,0,8261632,68,67,24
1782486479,41.98,112651268,29.78,2781,1572864,222144,599,69374,23290,4096,117436416,68,67,24
1782486481,69.98,113136572,35.72,2463,1572864,222336,629,85968,39126,0,110215168,68,67,24
1782486484,44.93,113121320,35.72,2533,1572864,222528,621,72459,20224,0,15994880,68,67,24
1782486486,44.63,112918648,34.94,2597,1572864,222432,606,59000,22052,0,78643200,68,67,24
1782486488,41.64,112971396,34.94,2674,1572864,222336,630,55616,24851,0,716800,68,67,24
1782486491,43.96,112803948,33.42,2758,1572864,222432,619,61222,19462,0,202006528,68,67,24
1782486494,43.70,112850772,33.42,2875,1572864,222240,656,85597,31398,0,4407296,69,68,24
1782486496,79.87,112867464,35.95,2963,1572864,222528,645,73830,2664328,0,31186944,69,68,24
1782486498,64.23,112766836,35.95,3055,1572864,222432,622,64469,22083,0,1802240,69,68,24
1782486502,44.70,112706104,34.76,3142,1572864,222336,653,61011,19413,0,29118464,69,68,24
1782486504,41.49,112871228,34.76,3256,1572864,222240,638,72083,21766,69632,6578176,69,68,24
1782486506,43.70,112726412,33.97,3321,1572864,222432,664,58175,16489,8192,109547520,69,68,24
1782486508,45.29,112700696,33.97,3405,1572864,222336,657,65119,20251,4096,103641088,69,68,24
1782486511,45.32,112713980,33.10,3475,1572864,222240,643,58651,23920,4096,15667200,69,68,24
1782486514,43.33,112768476,33.10,3574,1572864,222336,684,78847,26375,0,28381184,69,68,24
1782486516,45.90,112948700,32.53,3644,1572864,222240,666,59080,15183,0,12939264,69,68,24
1782486518,43.78,112932104,32.53,3727,1572864,222432,672,64063,19320,446464,15147008,69,68,24
1782486521,44.22,113043212,31.60,3819,1572864,222528,706,63401,20974,118784,5271552,69,68,24
1782486524,42.27,112922404,31.60,2100,1572864,222528,696,70580,28471,0,9658368,69,68,24
1782486526,42.06,112926668,30.91,2161,1572864,222528,722,59450,17820,0,307200,69,68,24
1782486528,43.27,112784328,30.91,2235,1572864,222432,703,59893,18619,0,11968512,69,68,24
1782486531,44.44,112735952,30.28,2307,1572864,222432,725,57204,15313,0,27287552,69,68,24
1782486534,41.36,112721712,30.28,2405,1572864,222336,696,77891,23292,266240,28286976,69,68,24
1782486536,45.16,112852368,29.30,2489,1572864,222432,679,61979,18856,4096,191258624,69,68,24
1782486538,43.14,112695644,29.30,2566,1572864,222528,708,65018,20178,0,16465920,69,68,24
1782486541,80.94,112784748,34.08,2090,1572864,222432,685,63552,23079,0,8155136,69,68,24
1782486544,43.68,112698980,34.08,2188,1572864,222336,679,80395,26043,0,27807744,69,68,24
1782486546,44.66,112782628,33.03,2263,1572864,222336,704,62404,15613,4096,7852032,69,68,24
1782486548,44.95,112818480,33.03,2340,1572864,222432,684,66780,19367,0,42029056,69,68,24
1782486552,44.83,112932632,32.87,2427,1572864,222144,717,63450,19779,0,17100800,69,68,24
1782486554,50.43,113124052,32.87,2527,1572864,221952,703,78374,29208,2605056,5312512,69,68,24
1782486557,42.32,113090220,31.68,2631,1572864,222048,705,69678,21186,32768,26189824,69,68,24
1782486559,43.26,113074392,30.74,2704,1572864,222048,730,66720,19303,4096,19243008,69,68,24
1782486562,42.28,113017880,30.74,2774,1572864,222432,710,67878,18792,0,7737344,69,68,24
1782486564,44.47,112861720,30.74,2853,1572864,222240,697,65515,17873,4096,66646016,69,68,24
1782486567,42.10,112814384,29.32,2939,1572864,222240,733,71261,20174,4096,5574656,69,68,24
1782486569,45.46,112797704,29.32,3005,1572864,222144,702,68475,26958,8192,120479744,69,68,24
1782486571,42.32,112636764,29.94,3080,1572864,222432,735,64051,19881,0,64000000,69,68,24
1782486574,44.15,112583596,29.94,3153,1572864,222624,705,70807,19405,114688,3858432,69,68,24
1782486577,42.50,112581900,28.82,3235,1572864,222528,695,68430,17729,147456,29114368,69,68,24
1782486579,44.76,112611916,28.82,3310,1572864,222720,717,66967,18863,0,327680,69,68,24
1782486582,47.03,112772964,28.91,3386,1572864,222528,704,63354,19553,0,61173760,69,68,24
1782486584,45.22,113097648,28.91,3469,1572864,222720,733,70399,27872,0,7237632,69,68,24
1782486587,46.58,112992276,29.00,2202,1572864,222240,719,70507,22400,0,11804672,69,68,24
1782486589,44.82,112926876,29.00,2269,1572864,222144,687,64034,17826,0,7262208,69,68,24
1782486591,42.85,112958404,28.28,2336,1572864,222240,717,59421,17729,0,15986688,69,68,24
1782486594,43.59,112776760,28.28,2410,1572864,222336,691,67933,18991,0,10104832,69,68,24
1782486596,45.24,112752080,30.66,2491,1572864,222432,713,62368,16638,0,5492736,69,68,24
1782486599,45.08,112706360,30.66,2553,1572864,222336,708,65012,19914,0,57352192,69,68,24
1782486601,69.13,112740456,29.81,2152,1572864,222336,690,71524,29314,0,9682944,69,68,24
1782486604,46.16,112791232,29.81,2245,1572864,222336,721,72834,23513,0,174338048,69,68,24
1782486606,45.51,112804744,29.26,2321,1572864,222336,686,59336,15160,0,5840896,69,68,24
1782486609,46.90,112707912,29.26,2406,1572864,222240,708,64195,19051,0,25542656,69,68,24
1782486611,51.85,112706940,28.84,2487,1572864,222144,699,69665,24908,0,8495104,69,68,24
1782486614,63.61,112831552,28.84,2583,1572864,222336,668,71913,31147,0,23015424,69,68,24
1782486616,47.70,113211192,28.21,2664,1572864,222240,692,59755,15472,0,1327104,69,68,24
1782486618,48.47,113147080,28.21,2745,1572864,222144,664,61283,18835,0,24285184,69,68,24
1782486621,44.50,113054220,27.63,2825,1572864,222048,683,63869,57956,0,892928,69,68,24
1782486623,87.68,112935872,27.63,2194,1572864,221952,662,67982,83559,0,23846912,65,64,24
1782486626,60.54,113064976,28.14,2268,1572864,221856,633,64268,17247,0,38658048,64,64,24
1782486628,74.12,112951112,28.14,2369,1572864,221856,662,66202,25631,4096,25133056,63,62,24
1782486631,42.02,112803960,27.49,2428,1572864,221952,634,54342,21249,8192,98516992,63,62,24
1782486634,40.02,112086624,27.49,2518,1572864,221472,617,74771,24436,90112,84389888,63,62,24
1782486636,40.27,112170764,27.05,2592,1572864,221568,639,51401,13330,0,868352,63,62,24
1782486638,41.78,112180368,27.05,2667,1572864,221664,616,60342,19370,0,29659136,63,62,24
1782486640,38.26,112208640,26.33,2725,1572864,221760,636,52389,14177,4096,3743744,63,62,24
1782486642,40.44,112237416,26.33,2793,1572864,221760,612,53262,14793,0,3309568,63,62,24
1782486645,40.84,112226424,25.58,2868,1572864,221952,633,55221,21315,0,21884928,63,62,24
1782486647,42.65,112288584,25.58,2144,1572864,221856,613,58588,18420,0,9998336,63,62,24
1782486649,40.90,112589320,24.73,2213,1572864,221760,629,60522,17063,0,1552384,63,62,24
1782486652,58.09,112348632,24.73,2287,1572864,221376,603,64219,23193,0,24313856,63,62,24
1782486654,62.67,112327316,24.73,2368,1572864,221376,570,56367,19303,4096,26808320,60,59,24
1782486656,38.79,112315972,24.19,2423,1572864,221280,587,52839,13240,0,18534400,60,59,24
1782486658,40.87,112174160,24.19,2498,1572864,221184,565,59559,19057,4096,126386176,60,59,24
1782486661,56.58,112125752,23.54,2046,1572864,221376,592,54981,23774,81920,55308288,60,59,24
1782486664,46.87,112094284,23.54,2139,1572864,221376,568,70901,19647,0,2945024,60,59,24
1782486667,41.21,112022160,24.45,2192,1572864,221088,546,59494,18288,8192,42975232,60,59,24
1782486670,60.38,111968280,25.54,2282,1572864,220896,580,78359,38733,0,12431360,60,59,24
1782486673,61.91,111945084,25.54,2391,1572864,220704,562,55898,19882,0,3473408,60,59,24
1782486677,67.13,112102040,25.58,2502,1572864,220992,559,79612,83462,0,41414656,68,67,24
1782486680,86.42,111864824,26.89,1976,1572864,221568,529,76379,66542,16384,69804032,68,67,24
1782486682,84.21,111880260,26.89,2018,1572864,221376,543,61314,167103,12288,24084480,64,63,24
1782486685,89.48,111398072,27.94,2043,1572864,220704,518,52629,100905,32768,69955584,59,59,24
1782486688,84.90,111345740,27.94,2151,1572864,220608,510,59334,40468,16384,166768640,57,56,24
1782486691,67.43,111373596,29.23,2263,1572864,220320,494,51144,37393,4096,5652480,56,55,24
1782486694,36.47,111336228,29.23,2352,1572864,220416,516,61584,21889,0,6492160,56,55,24
1782486696,39.17,111357768,28.41,2424,1572864,220512,491,43347,13136,4096,5128192,56,55,24
1782486698,69.15,111240012,28.41,2041,1572864,220512,510,55606,124484,0,22204416,53,52,24
1782486701,61.06,111240644,29.74,2105,1572864,220608,487,40462,10600,0,1118208,52,51,24
1782486703,54.20,111144532,29.74,2202,1572864,220608,465,54110,28416,0,12124160,50,49,24
1782486706,34.32,111198132,28.80,2267,1572864,220128,484,40964,14570,0,245760,50,49,24
1782486708,35.36,111197208,28.80,2036,1572864,220032,468,41079,14283,4096,31981568,50,49,24
1782486711,33.80,111157272,27.93,2093,1572864,220032,482,44607,20536,0,929792,50,49,24
1782486713,71.66,111122564,27.93,2192,1572864,219840,467,43929,22880,4096,200208384,45,44,24
1782486715,57.14,111281236,28.02,2272,1572864,219744,456,42367,21896,0,2732032,45,44,24
1782486718,62.73,111436724,28.02,2348,1572864,219744,479,52059,2664538,0,29642752,45,44,24
1782486720,49.12,111389784,26.66,2410,1572864,219648,459,39592,21634,327680,4808704,45,44,24
1782486722,61.70,111297860,26.66,1930,1572864,220032,470,40505,31803,4096,210513920,45,44,24
1782486725,35.15,111268960,25.40,2007,1572864,220320,445,38264,11973,16384,630784,45,44,24
1782486728,46.67,111113664,25.40,2078,1572864,220128,433,51907,30347,0,54411264,42,43,24
1782486731,50.00,111011608,24.89,2142,1572864,220128,442,45118,14122,0,4820992,42,41,24
1782486736,55.22,110933580,24.89,2201,1572864,219936,430,47465,77604,0,23711744,50,49,24
1782486738,81.28,110999168,36.03,2349,1572864,220128,433,68053,67733,12288,46944256,50,49,24
1782486742,40.49,111067856,36.75,1886,1572864,219936,425,36762,32847,8192,180854784,50,49,24
1782486745,62.46,110950336,47.50,1877,1572864,219648,420,62870,141711,24576,45309952,46,45,24
1782486747,45.52,111012076,47.50,1943,1572864,219648,438,34024,18488,0,9109504,46,45,24
1782486751,68.85,111174932,45.22,2022,1572864,219360,423,45696,75613,0,17932288,52,51,24
1782486753,78.18,111161804,45.22,1850,1572864,220032,402,57234,61406,4096,44154880,52,51,24
1782486756,41.31,111161576,43.04,1893,1572864,220224,425,52666,46583,4096,675840,52,51,24
1782486759,40.10,111180544,43.04,1963,1572864,220416,420,50165,24321,135168,33619968,52,51,24
1782486762,50.02,111278524,42.55,2049,1572864,220512,417,49073,21068,12288,21336064,52,51,24
1782486764,34.33,111306332,40.03,2123,1572864,220608,405,45195,25542,0,6041600,52,51,24
1782486767,37.15,111224696,40.03,2190,1572864,220512,426,49599,17223,8192,146206720,52,51,24
1782486769,35.74,111147972,40.03,1911,1572864,220320,405,52078,20471,0,29769728,52,51,24
1782486772,33.51,111068592,38.10,1992,1572864,220512,436,56568,18726,0,880640,52,51,24
1782486774,65.52,111071432,38.10,2060,1572864,220224,427,47867,21635,0,56426496,50,49,24
1782486776,77.44,111125604,47.22,2161,1572864,220320,403,62840,2665615,0,14778368,50,49,24
1782486779,37.83,111167300,47.22,2214,1572864,220320,417,51018,24607,8192,8966144,50,49,24
1782486782,46.77,111439064,44.56,1866,1572864,220704,412,55109,16702,8192,24461312,50,49,24
1782486784,44.40,111299468,44.56,1941,1572864,220608,429,49924,20708,16384,2043904,50,49,24
1782486787,36.05,111278900,43.24,1997,1572864,220608,423,46814,12938,0,4063232,50,49,24
1782486790,40.50,111179076,40.89,2084,1572864,220320,430,64728,23495,0,6672384,51,50,24
1782486792,68.47,111189816,40.89,2173,1572864,220512,447,58153,2667112,0,29798400,51,50,24
1782486794,36.86,111061468,38.50,2223,1572864,220416,437,44005,20413,0,21262336,51,50,24
1782486797,35.82,111094516,38.50,2311,1572864,220416,463,47876,15749,1163264,7544832,51,50,24
1782486799,36.04,111130808,38.50,2358,1572864,220224,450,51690,14798,0,83111936,51,50,24
1782486801,35.90,111113416,37.18,2415,1572864,220128,444,45795,14406,4096,103092224,51,50,24
1782486804,37.25,111378308,37.18,2584,1572864,220128,464,52711,16997,143360,5545984,51,50,24
1782486806,36.53,111345160,35.80,2645,1572864,220224,475,44258,12195,106496,2887680,51,50,24
1782486808,35.90,111269532,35.80,2698,1572864,220128,487,48252,13793,0,68075520,51,50,24
1782486811,35.26,111086984,34.46,2757,1572864,220224,473,47718,19054,0,839680,51,50,24
1782486814,35.90,111143456,34.46,2832,1572864,220416,483,64361,21249,0,187736064,51,50,24
1782486816,37.04,111294412,33.14,2888,1572864,220320,504,45676,13321,0,1462272,51,50,24
1782486818,36.20,111195812,33.14,2944,1572864,220224,487,49661,14344,0,15630336,51,50,24
1782486821,35.24,111219820,31.85,2991,1572864,220320,502,44908,13115,4096,43425792,51,50,24
1782486824,32.69,111166184,31.85,3064,1572864,220320,499,58937,25891,200704,9461760,51,50,24
1782486827,34.62,111162648,30.10,3139,1572864,220512,492,55949,20330,4096,160444416,51,50,24
1782486829,35.54,111128164,30.10,3182,1572864,220512,506,47646,12845,0,3248128,51,50,24
1782486831,35.56,111220096,29.93,1790,1572864,220416,495,49748,16900,0,868352,51,50,24
1782486834,34.58,111109044,29.93,1850,1572864,220512,516,48222,14949,0,3641344,51,50,24
1782486836,34.19,111125260,28.49,1910,1572864,220320,499,49271,14287,0,5992448,51,50,24
1782486839,35.56,111162772,28.49,1967,1572864,220416,498,48855,20899,0,2985984,51,50,24
1782486841,35.25,111205168,27.73,2020,1572864,220320,514,47193,12879,81920,2961408,51,50,24
1782486844,53.03,111114780,27.73,1698,1572864,220608,506,57229,17707,0,7028736,51,50,24
1782486847,39.08,111248148,26.79,1769,1572864,220320,500,50130,16333,0,3710976,51,50,24
1782486849,37.20,111357372,26.79,1822,1572864,220128,520,48359,14369,0,40722432,51,50,24
1782486851,34.72,111387792,25.93,1881,1572864,220128,506,50744,16349,0,876544,51,50,24
1782486854,45.88,111293032,25.93,1933,1572864,219840,527,54963,26978,4096,195641344,51,50,24
1782486856,51.49,111429640,27.30,2003,1572864,219840,522,43323,14812,225280,23199744,51,50,24
1782486858,38.16,111343304,27.30,2069,1572864,219840,538,53972,17436,0,724992,51,50,24
1782486860,46.18,111651804,27.19,2126,1572864,220032,519,40717,11839,8192,157515776,51,50,24
1782486863,58.17,111344552,27.19,2186,1572864,220032,502,49942,115807,8192,357941248,51,50,24
1782486865,62.29,111355580,26.70,1741,1572864,219936,513,42277,23615,0,4108288,47,46,24
1782486867,42.71,111309656,26.70,1794,1572864,219648,480,37522,13799,0,10330112,46,45,24
1782486870,57.86,111220176,26.32,1876,1572864,219648,492,45259,24349,126976,1339392,45,44,24
1782486872,73.20,111222204,26.32,1729,1572864,219552,481,41564,119461,147456,24428544,41,40,24
1782486874,35.66,111160832,26.32,1790,1572864,219648,492,34888,9787,0,1511424,41,40,24
1782486876,58.40,111141436,25.57,1942,1572864,219552,476,28794,12795,0,32493568,39,38,24
1782486878,36.18,111187260,25.57,1992,1572864,219648,488,36112,12972,0,1380352,39,38,24
1782486881,35.84,111592348,24.73,2044,1572864,219552,470,31973,10877,4096,55083008,39,38,24
1782486883,32.64,111350164,24.73,2100,1572864,219552,453,44465,14913,4096,148008960,39,38,24
1782486885,31.93,111316384,23.95,2140,1572864,219552,467,33516,17435,0,31322112,39,38,24
1782486888,33.43,111269536,23.95,2193,1572864,219456,441,31686,10418,0,231514112,39,38,24
1782486890,33.54,111117748,23.07,2242,1572864,219264,453,34548,12490,20480,10096640,39,38,24
1782486892,32.80,111106692,23.07,1808,1572864,219360,435,24941,9480,0,9629696,39,38,24
1782486894,59.40,110923624,22.42,1865,1572864,218880,444,32946,18728,0,4747264,36,35,24
1782486897,32.12,110926292,22.42,1913,1572864,219072,428,30282,10378,0,364544,36,35,24
1782486899,31.12,110938936,22.42,1944,1572864,218880,434,33256,14996,0,9580544,36,35,24
1782486901,63.46,110845452,22.07,1990,1572864,218688,415,31169,19382,0,8552448,33,32,24
1782486903,51.72,110943784,22.07,1794,1572864,218880,393,39764,14743,0,32415744,33,32,24
1782486906,31.06,110910136,21.58,1824,1572864,219072,404,29121,10317,0,258048,33,32,24
1782486908,32.51,110837956,21.58,1858,1572864,219168,380,34229,11754,0,11083776,33,32,24
1782486911,35.29,110920244,20.97,1895,1572864,219264,395,31654,11956,16384,179707904,33,32,24
1782486913,34.40,111198016,20.97,1941,1572864,219168,372,42437,19645,0,5349376,33,32,24
1782486916,33.40,111104156,20.50,1968,1572864,218976,384,29009,9371,0,38641664,33,32,24
1782486919,29.77,111044476,20.50,2005,1572864,218880,363,36970,14314,0,18137088,33,32,24
1782486922,30.15,110856324,19.74,2056,1572864,219072,350,39264,17218,0,13971456,33,32,24
1782486925,31.21,110856156,19.20,2089,1572864,219072,338,32216,9799,0,6688768,33,32,24
1782486927,32.69,110791444,19.20,2134,1572864,219168,352,29789,10020,0,1830912,33,32,24
1782486929,31.09,110821920,19.20,2162,1572864,218880,336,32747,14619,0,3211264,33,32,24
1782486931,30.84,110787888,19.10,2202,1572864,218880,354,34767,13828,0,4202496,33,32,24
1782486933,32.17,110761848,19.10,2234,1572864,218976,340,31577,10337,0,4542464,33,32,24
1782486936,32.05,110781824,19.01,2269,1572864,218976,350,28309,8271,0,1437696,33,32,24
1782486939,30.54,110811760,19.01,2308,1572864,218976,335,37416,14134,4096,53628928,33,32,24
1782486941,31.55,110770300,18.77,2347,1572864,218976,330,28882,10578,0,2924544,33,32,24
1782486944,33.50,110801392,18.77,2423,1572864,219168,345,34598,16160,8192,169979904,33,32,24
1782486946,35.30,110879184,18.95,2476,1572864,219168,340,30640,10933,0,802816,33,32,24
1782486949,32.03,111119132,18.95,2521,1572864,219264,331,36580,13975,0,36237312,33,32,24
1782486951,31.00,110971304,18.55,2560,1572864,219360,349,32012,11600,0,3571712,33,32,24
1782486954,32.78,110845108,18.55,1421,1572864,219456,339,36575,11843,0,3162112,33,32,24
1782486956,34.42,110892896,18.51,1451,1572864,219264,345,28904,7262,0,6246400,33,32,24
1782486959,33.15,110866100,18.51,1495,1572864,219072,341,37700,18146,0,32792576,33,32,24
1782486961,33.20,110815992,18.23,1532,1572864,219168,362,30552,11330,0,7950336,33,32,24
1782486964,47.24,110864492,18.23,1413,1572864,219168,350,40113,13050,98304,150192128,33,32,24
1782486966,31.84,110774368,18.37,1443,1572864,219360,348,29868,8880,0,290816,33,32,24
1782486969,36.36,110806484,18.37,1489,1572864,219264,363,38975,13950,2596864,3313664,33,32,24
1782486971,37.19,111026392,18.50,1529,1572864,219264,349,30920,10000,827392,145084416,33,32,24
1782486973,33.89,111157052,18.50,1565,1572864,219264,336,35144,15974,741376,7233536,33,32,24
1782486976,32.90,111079596,18.46,1600,1572864,219264,349,28761,8900,0,28086272,33,32,24
1782486978,35.23,111148076,18.46,1639,1572864,219264,345,33748,12396,0,1024000,33,32,24
1782486980,32.76,111078764,18.34,1669,1572864,219360,353,28375,8651,0,5853184,33,32,24
1782486982,31.96,110997628,18.34,1707,1572864,219360,340,30004,10668,0,13303808,33,32,24
1782486985,32.04,111087392,17.99,1739,1572864,219360,348,29490,8247,0,20983808,33,32,24
1782486988,30.72,111014456,17.99,1790,1572864,219072,354,38173,14638,0,12931072,33,32,24
1782486990,31.16,110896236,17.43,1823,1572864,219168,341,34818,16686,0,7344128,33,32,24
1782486992,32.70,110845076,17.43,1861,1572864,219264,352,27991,8548,0,638976,33,32,24
1782486994,32.48,110780976,17.16,1892,1572864,219264,339,31200,9476,0,3284992,33,32,24
1782486997,31.50,110840304,17.16,1924,1572864,219264,352,30692,10138,4096,29990912,33,32,24
1782486999,31.27,110746848,16.66,1968,1572864,219264,345,41187,16006,0,5885952,33,32,24
1782487001,31.11,110808132,16.66,1999,1572864,219168,356,27907,8746,0,761856,33,32,24
1782487004,33.91,110830852,16.66,2030,1572864,219072,341,28108,13172,12288,206274560,33,32,24
1782487006,31.20,110717900,16.53,2067,1572864,219264,353,30666,10658,0,6262784,33,32,24
1782487008,32.88,110645384,16.53,2107,1572864,219360,347,35432,12851,0,2924544,33,32,24
1782487010,35.23,110854140,18.89,2135,1572864,219456,334,28176,8480,0,3391488,33,32,24
1782487012,34.98,111033372,18.89,2176,1572864,219456,348,31134,10501,0,4022272,33,32,24
1782487014,35.01,111016188,18.34,1279,1572864,219264,326,29516,8032,0,14381056,33,32,24
1782487017,34.09,111027392,18.34,1324,1572864,219168,337,29943,9998,0,12144640,33,32,24
1782487019,33.83,110939348,18.34,1355,1572864,219456,322,31765,14205,0,6688768,33,32,24
1782487021,35.99,110843636,18.15,1405,1572864,219264,339,30018,11354,0,12165120,33,32,24
1782487024,48.61,110746976,18.15,1296,1572864,218976,320,39205,12570,69632,12906496,33,32,24
1782487026,35.18,110757888,18.94,1341,1572864,218880,330,28254,8699,0,28053504,33,32,24
1782487028,34.79,110717864,18.94,1381,1572864,218688,323,33840,31879,0,6053888,33,32,24
1782487030,35.21,110687368,18.86,1423,1572864,218688,338,28046,9296,0,38981632,33,32,24
1782487032,35.50,110717548,18.86,1456,1572864,218496,326,30999,9635,0,163389440,33,32,24
1782487034,35.39,110727280,18.31,1485,1572864,218784,329,29577,12088,0,7708672,33,32,24
1782487036,35.38,110741852,18.31,1523,1572864,218784,326,30718,10272,4096,47783936,33,32,24
1782487039,32.53,110677224,18.31,1557,1572864,218976,337,35204,11604,0,6500352,33,32,24
1782487041,32.75,110668700,18.13,1601,1572864,218880,324,31627,11620,0,4272128,33,32,24
1782487044,31.17,110680264,18.13,1635,1572864,218784,310,37815,12453,0,589824,33,32,24
1782487046,31.58,110645368,17.56,1678,1572864,218784,321,34557,10527,0,2899968,33,32,24
1782487049,35.44,110806888,17.56,1714,1572864,218880,306,36219,15766,0,5971968,33,32,24
1782487051,33.28,111203516,17.43,1753,1572864,218784,321,31966,10881,0,4091904,33,32,24
1782487054,30.69,111057996,17.43,1787,1572864,218784,309,38090,13120,0,892928,33,32,24
1782487057,30.58,110981980,17.16,1833,1572864,218976,303,33785,10280,0,12808192,33,32,24
1782487059,32.63,110918360,17.16,1871,1572864,218784,314,33681,12152,0,53153792,33,32,24
1782487061,32.33,110864968,17.14,1911,1572864,218976,309,29869,10281,0,10092544,33,32,24
1782487064,33.03,110930692,17.14,1948,1572864,219072,296,35650,16047,4096,160264192,33,32,24
1782487066,32.72,110879016,17.29,1990,1572864,218880,304,31472,10871,0,3489792,33,32,24
1782487068,32.30,110899852,17.29,2030,1572864,218784,300,32814,12694,0,827392,33,32,24
1782487070,35.70,111136120,19.67,2064,1572864,218880,311,27876,8308,0,2756608,33,32,24
1782487072,32.82,110837812,19.67,2106,1572864,219264,296,30634,10847,0,4911104,33,32,24
1782487074,32.43,110759040,19.14,2134,1572864,218976,304,29124,8374,0,62849024,33,32,24
1782487077,31.75,110788052,19.14,1274,1572864,219168,306,30318,10096,0,1257472,33,32,24
1782487079,33.54,110902312,19.14,1310,1572864,219264,311,32168,14195,114688,183898112,33,32,24
1782487082,36.64,110975556,19.37,1464,1572864,219168,306,36652,14885,0,3891200,33,32,24
1782487084,53.14,111175452,19.37,1367,1572864,219264,306,32969,9398,0,205512704,33,32,24
1782487086,34.60,111223208,19.10,1416,1572864,219456,317,28337,8574,1056768,126296064,33,32,24
1782487088,32.84,111037796,19.10,1451,1572864,219360,308,32441,11781,0,405504,33,32,24
1782487090,32.60,110983784,18.85,1487,1572864,219360,321,29062,9398,4096,71057408,33,32,24
1782487092,34.71,110890264,18.85,1525,1572864,219360,309,29397,9545,4096,105713664,33,32,24
1782487095,33.19,110822440,19.58,1563,1572864,219264,322,28424,12896,0,2428928,33,32,24
1782487098,32.77,110811164,19.58,1606,1572864,219360,323,35112,13175,0,16015360,33,32,24
1782487101,31.81,110809336,19.94,1645,1572864,219264,320,37670,14430,0,4837376,33,32,24
1782487104,30.18,110743344,19.94,1687,1572864,219264,336,37078,13495,0,622592,33,32,24
1782487107,32.19,110757396,19.38,1739,1572864,219264,337,35929,12634,0,5103616,33,32,24
1782487110,31.13,110775784,18.71,1784,1572864,219168,335,43289,21733,0,1970176,33,32,24
1782487113,30.81,110684096,18.71,1822,1572864,219360,324,30698,8956,1650688,27324416,33,32,24
1782487116,32.98,110857668,18.73,1859,1572864,219360,337,39299,13338,4096,2654208,33,32,24
1782487119,32.66,111024492,18.73,1905,1572864,219264,335,37561,14591,8192,135208960,33,32,24
1782487122,31.19,110939500,18.43,1955,1572864,218976,333,37967,14587,8192,55308288,33,32,24
1782487125,30.22,110899760,17.92,1991,1572864,219072,344,32286,14114,0,46362624,33,32,24
1782487127,30.28,110820936,17.92,2036,1572864,219168,338,41288,16408,0,8577024,33,32,24
1782487129,31.14,110774384,17.76,2071,1572864,219456,330,35812,13527,0,2412544,33,32,24
1782487132,30.50,110807272,17.76,2109,1572864,219456,344,26348,8808,0,2031616,33,32,24
1782487134,31.38,110893272,17.76,2140,1572864,219552,330,30178,8297,0,512000,33,32,24
1782487137,30.49,110881644,17.30,2173,1572864,219264,344,32542,10079,0,4341760,33,32,24
1782487140,30.43,110870296,17.12,1294,1572864,219168,345,43344,21917,319488,1720320,33,32,24
1782487143,30.80,110706944,17.12,1332,1572864,219072,331,34019,9900,0,6053888,33,32,24
1782487146,46.95,110636984,19.03,1287,1572864,219552,324,44304,14784,0,32686080,33,32,24
1782487148,35.93,110903412,19.03,1331,1572864,219456,337,32994,11169,0,323584,33,32,24
1782487150,32.50,111190224,18.71,1364,1572864,219456,322,28703,10860,0,14553088,33,32,24
1782487152,47.68,111052520,18.71,1400,1572864,219552,332,38176,17562,12288,213110784,33,32,24
1782487154,32.62,111055688,18.17,1428,1572864,219648,318,27542,11591,0,3207168,33,32,24
1782487156,31.53,111019200,18.17,1465,1572864,219456,333,29489,17685,8192,3739648,33,32,24
1782487159,31.88,110892628,18.17,1497,1572864,219360,328,32358,11683,0,1085440,33,32,24
1782487161,32.45,110866560,18.40,1539,1572864,219456,343,30001,10992,0,2985984,33,32,24
1782487164,30.49,110854772,18.40,1569,1572864,219456,324,34311,12412,0,2473984,33,32,24
1782487166,32.07,110772396,18.36,1603,1572864,219456,315,29514,7945,131072,5263360,33,32,24
1782487168,32.83,110730340,18.36,1644,1572864,219360,329,34061,13036,0,1835008,33,32,24
1782487170,32.83,110764816,18.02,1678,1572864,219552,319,29037,13454,0,1363968,33,32,24
1782487172,32.55,110829784,18.02,1712,1572864,219456,326,30706,9049,106496,2465792,33,32,24
1782487175,32.63,110825096,17.77,1744,1572864,219552,317,30862,9815,8192,24965120,33,32,24
1782487177,33.00,110799496,17.77,1782,1572864,219552,326,32013,10166,0,5050368,33,32,24
1782487179,33.71,110815280,17.77,1816,1572864,219360,316,33722,11306,4096,128864256,33,32,24
1782487181,34.73,110905556,17.71,1852,1572864,219360,329,33156,12422,4096,65753088,33,32,24
1782487184,33.13,110953672,17.71,1889,1572864,219456,318,29004,13542,0,1576960,33,32,24
1782487186,31.63,110904956,17.65,1926,1572864,219456,329,31191,11742,4096,14217216,33,32,24
1782487188,31.15,110879112,17.65,1975,1572864,219168,328,34541,12692,0,17772544,33,32,24
1782487190,32.61,110912692,17.12,2009,1572864,219264,338,27505,8408,0,1032192,33,32,24
1782487192,32.56,110918032,17.12,2046,1572864,219648,325,30641,10004,0,2355200,33,32,24
1782487194,32.46,110853764,16.87,2074,1572864,219456,316,29264,8077,0,905216,33,32,24
1782487197,32.38,110883696,16.87,2113,1572864,219552,332,30018,10590,0,4562944,33,32,24
1782487199,30.56,110811528,16.40,1173,1572864,219456,317,39671,19202,0,1978368,33,32,24
1782487201,33.14,110843924,16.40,1218,1572864,219264,334,29812,10873,0,27439104,33,32,24
1782487204,34.66,110842000,16.40,1256,1572864,219360,324,31139,11115,0,1204224,33,32,24
1782487206,49.00,110920016,25.10,1204,1572864,219552,334,28377,8444,4096,46223360,33,32,24
1782487208,34.86,110835392,25.10,1241,1572864,219552,322,33248,12045,8192,142577664,33,32,24
1782487210,31.21,110776644,24.21,1276,1572864,219456,333,29962,9677,0,6447104,33,32,24
1782487212,34.36,110828860,24.21,1314,1572864,219264,326,27960,9538,4096,12890112,33,32,24
1782487214,34.25,110921348,23.47,1342,1572864,219360,332,28395,11878,0,258048,33,32,24
1782487217,33.40,111044092,23.47,1381,1572864,219264,330,29099,10534,0,6066176,33,32,24
1782487219,31.73,110964640,23.47,1416,1572864,219168,340,32756,11082,0,360448,33,32,24
1782487222,32.48,110956760,22.63,1463,1572864,219168,329,30754,10725,0,13209600,33,32,24
1782487224,29.55,110799084,21.78,1505,1572864,219072,323,38859,13590,0,2433024,33,32,24
1782487226,31.30,110809488,21.78,1536,1572864,219072,336,29220,10121,0,7286784,33,32,24
1782487229,32.61,110916844,21.78,1570,1572864,219168,322,33044,15573,0,25837568,33,32,24
1782487232,31.94,110913980,21.08,1614,1572864,219072,338,31306,11292,0,2412544,33,32,24
1782487234,30.30,110849180,20.35,1654,1572864,218976,331,41929,13939,4096,90927104,33,32,24
1782487237,32.22,110729132,20.35,1691,1572864,219072,332,29956,10620,4096,101773312,33,32,24
1782487239,32.39,110792768,20.35,1726,1572864,219072,343,31661,10894,0,1945600,33,32,24
1782487241,31.32,110727288,19.76,1764,1572864,219072,336,29315,10224,0,19566592,33,32,24
1782487244,33.15,110727584,19.76,1799,1572864,219072,325,34874,16232,24576,11870208,33,32,24
1782487246,36.88,110778284,19.62,1830,1572864,219168,334,31184,10966,684032,4685824,33,32,24
1782487248,34.12,110922160,19.62,1867,1572864,218976,324,30261,10008,0,2973696,33,32,24
1782487251,32.11,110985400,19.25,1903,1572864,218784,335,34488,12374,0,2686976,33,32,24
1782487254,29.99,110869428,19.25,1949,1572864,218880,335,37419,15396,0,11067392,33,32,24
1782487256,31.45,110875204,19.07,1980,1572864,218880,325,27634,7725,0,7757824,33,32,24
1782487258,32.33,110898644,19.07,2019,1572864,218880,339,29849,11830,20480,21848064,33,32,24
1782487261,31.69,110787444,18.74,1125,1572864,218880,337,36730,18179,0,4263936,33,32,24
1782487264,31.22,110798892,18.74,1173,1572864,218784,348,38638,13595,4096,179499008,33,32,24
1782487266,49.75,110852528,25.25,1160,1572864,219072,336,28597,8559,0,6295552,33,32,24
1782487268,31.78,110816116,25.25,1196,1572864,219072,326,32918,11460,0,409600,33,32,24
1782487271,33.41,110788708,24.43,1239,1572864,218880,341,30013,10327,0,16420864,33,32,24
1782487273,35.14,110662156,24.43,1283,1572864,218880,330,37729,13937,241664,2785280,33,32,24
1782487275,32.92,110714304,23.51,1315,1572864,218880,339,28146,11647,0,2768896,33,32,24
1782487277,31.90,110697372,23.51,1352,1572864,218976,333,30433,11007,0,2478080,33,32,24
1782487280,33.85,110863476,22.43,1391,1572864,219072,348,33847,11792,0,835584,33,32,24
1782487282,32.87,110983264,22.43,1425,1572864,219072,338,32420,10184,0,5365760,33,32,24
1782487285,32.12,110941156,21.76,1458,1572864,219072,349,30600,8724,4096,24379392,33,32,24
1782487287,31.93,110805188,21.76,1505,1572864,218688,346,44918,14952,0,19603456,33,32,24
1782487289,32.28,110846248,21.21,1541,1572864,218688,335,36383,17482,0,2846720,33,32,24
1782487292,33.83,110849628,21.21,1584,1572864,218784,353,30820,10575,4096,162807808,33,32,24
1782487294,31.44,110793240,21.21,1615,1572864,218784,336,35111,9131,0,35610624,33,32,24
1782487296,32.08,110780812,20.64,1647,1572864,218688,345,29869,8098,4096,5517312,33,32,24
1782487298,31.39,110752668,20.64,1680,1572864,218688,334,33989,12145,0,13488128,33,32,24
1782487300,30.82,110756748,19.94,1711,1572864,218880,345,24189,8795,0,2301952,33,32,24
1782487302,33.45,110700624,19.94,1749,1572864,218976,335,28392,9902,0,2527232,33,32,24
1782487304,31.55,110717896,19.63,1772,1572864,218784,341,26870,11051,0,2625536,33,32,24
1782487306,31.53,110727296,19.63,1811,1572864,218880,339,33372,13992,0,1855488,33,32,24
1782487309,32.62,110726808,19.63,1846,1572864,218784,348,33604,11413,0,3088384,33,32,24
1782487311,32.32,110718128,19.10,1887,1572864,218784,346,30395,11157,0,2449408,33,32,24
1782487313,35.08,110861936,19.10,1923,1572864,218688,326,39683,10725,0,2568192,33,32,24
1782487316,34.04,111069204,18.77,1970,1572864,218880,337,34733,10062,0,3715072,33,32,24
1782487318,31.62,111029232,18.77,2005,1572864,218976,331,31767,10339,0,45666304,33,32,24
1782487321,32.20,111036804,18.55,2041,1572864,218976,343,35103,15889,0,1490944,33,32,24
1782487323,30.02,110910516,18.55,1158,1572864,219072,332,43746,15394,4096,26902528,33,32,24
1782487326,50.52,110909848,18.58,1147,1572864,219072,329,34918,10169,4096,213082112,33,32,24
1782487328,33.53,110828596,18.58,1202,1572864,218976,348,35085,11750,0,475136,33,32,24
1782487331,32.62,110766148,17.98,1241,1572864,219168,329,32305,9279,0,3731456,33,32,24
1782487333,31.05,110798092,17.98,1287,1572864,218880,345,42684,38379,0,4419584,33,32,24
1782487336,32.10,110745572,17.82,1325,1572864,218880,337,30681,9121,0,2109440,33,32,24
1782487338,32.14,110692112,17.82,1364,1572864,218880,328,30348,10253,0,2785280,33,32,24
1782487341,32.29,110756232,17.35,1395,1572864,218784,337,32758,11309,0,1044480,33,32,24
1782487343,31.45,110652088,17.35,1445,1572864,218592,329,42268,14715,0,5877760,33,32,24
1782487346,36.45,110933256,17.32,1481,1572864,218688,342,29020,9845,0,581632,33,32,24
1782487348,35.08,111015368,17.32,1527,1572864,218784,342,28950,10327,0,5234688,33,32,24
1782487351,32.45,110984488,17.06,1562,1572864,218976,321,34715,16192,0,634880,33,32,24
1782487353,31.60,110923752,17.06,1611,1572864,218880,339,41633,14584,0,43380736,33,32,24
1782487355,33.47,110935168,16.89,1637,1572864,218688,329,30780,8565,0,2580480,33,32,24
1782487358,32.87,110916100,16.89,1684,1572864,218976,346,30133,10801,4096,104787968,33,32,24
1782487360,32.92,110871512,16.74,1723,1572864,219072,339,34977,12043,8192,148287488,33,32,24
1782487362,30.32,110787844,16.74,1757,1572864,219072,353,25437,8260,0,2334720,33,32,24
1782487364,31.98,110807280,16.36,1792,1572864,218976,335,27910,11003,0,2433024,33,32,24
1782487366,30.93,110750156,16.36,1838,1572864,218880,337,35137,14982,0,4734976,33,32,24
1782487369,32.17,110799168,16.36,1875,1572864,218976,350,33108,11142,0,2179072,33,32,24
1782487371,32.16,110822888,16.25,1922,1572864,218976,343,31428,11224,0,1806336,33,32,24
1782487374,29.73,110837132,16.25,1954,1572864,218976,353,37885,10980,0,2572288,33,32,24
1782487376,31.53,110866180,16.31,1988,1572864,218784,339,30374,8835,0,4567040,33,32,24
1782487378,33.71,110842444,16.31,2026,1572864,218976,354,31035,10012,4096,3018752,33,32,24
1782487380,36.41,111109380,16.53,2066,1572864,218976,340,35938,15803,241664,36069376,33,32,24
1782487382,33.13,111252000,16.53,2097,1572864,219072,348,28627,9348,0,14934016,33,32,24
1782487384,33.04,111132260,16.80,1179,1572864,218976,330,33285,10783,0,421888,33,32,24
1782487386,51.87,111104016,16.80,1204,1572864,218880,346,31535,10609,8192,190783488,33,32,24
1782487389,31.83,110992356,16.80,1236,1572864,218880,337,33534,10845,0,557056,33,32,24
1782487391,32.51,110955948,16.90,1273,1572864,218976,321,30956,10023,0,6758400,33,32,24
1782487393,32.36,110833812,16.90,1308,1572864,219072,333,38148,16569,4096,19120128,33,32,24
1782487396,31.33,110851164,17.15,1340,1572864,219072,323,31229,8371,0,745472,33,32,24
1782487398,31.40,110838236,17.15,1378,1572864,218880,336,30673,10131,0,4902912,33,32,24
1782487400,31.83,110841172,17.22,1414,1572864,218880,319,34018,10977,0,4407296,33,32,24
1782487402,36.06,110855612,17.22,1447,1572864,218976,332,28182,13586,0,4169728,33,32,24
1782487405,44.61,110860416,16.96,1491,1572864,218976,324,27967,11495,0,3678208,33,32,24
1782487407,33.89,110790684,16.96,1548,1572864,218880,313,37058,14285,0,5414912,33,32,24
1782487409,37.33,110729772,17.68,1586,1572864,218784,326,30122,16064,0,19947520,33,32,24
1782487412,36.34,110879172,17.68,1635,1572864,218688,322,26540,10283,8192,6483968,33,32,24
1782487414,69.37,111010892,17.68,1190,1572864,218496,330,30836,118338,12288,114147328,28,27,24
1782487416,30.57,110959872,17.71,1224,1572864,218496,322,22082,7052,4096,86196224,28,27,24
1782487418,31.60,110951072,17.71,1255,1572864,218784,325,25698,10979,0,15880192,27,26,24
1782487420,31.38,110915384,17.33,1292,1572864,218592,310,23540,9874,102400,23621632,27,26,24
1782487422,31.12,110953492,17.33,1324,1572864,218400,322,21989,8039,0,557056,27,26,24
1782487424,32.11,110905524,17.06,1351,1572864,218208,307,21982,11338,0,8179712,27,26,24
1782487427,31.41,110828820,17.06,1379,1572864,218208,314,23705,9494,0,2228224,27,26,24
1782487429,31.08,110805600,17.06,1411,1572864,218112,297,26795,10992,0,2973696,27,26,24
1782487431,31.52,110775832,16.82,1449,1572864,218304,306,26264,10235,0,917504,27,26,24
1782487433,31.23,110854708,16.82,1478,1572864,218304,286,25517,8548,0,1257472,27,26,24
1782487436,33.54,111146956,16.83,1617,1572864,218112,297,23259,8522,0,15822848,27,26,24
1782487438,36.11,110852988,16.83,1649,1572864,218112,300,22682,11292,0,235708416,27,26,24
1782487440,43.79,110862380,16.53,1695,1572864,217920,310,26524,17905,647168,3190784,27,26,24
1782487442,38.19,110630744,16.53,1727,1572864,217824,288,22682,7592,8192,34156544,27,26,24
1782487444,60.63,110778912,16.72,1262,1572864,217824,276,23945,17449,0,5451776,24,23,24
1782487447,49.70,111137644,16.72,1292,1572864,218112,283,19900,7050,0,88358912,24,23,24
1782487449,62.88,110970836,16.72,1273,1572864,217824,271,27347,115735,4096,161828864,20,19,24
1782487451,29.67,110952436,16.51,1300,1572864,217824,278,17493,6869,0,3657728,20,19,24
1782487453,45.05,110842080,16.51,1327,1572864,217920,257,22223,15838,8192,22626304,18,17,24
1782487456,30.76,110840752,16.15,1362,1572864,217824,264,15119,7376,0,3088384,18,17,24
1782487458,29.75,110719184,16.15,1383,1572864,218016,254,20082,9283,0,8826880,18,17,24
1782487461,32.09,110645208,16.69,1413,1572864,218112,247,16375,9550,0,905216,19,17,24
1782487463,67.06,110635796,16.69,1461,1572864,218304,247,24941,57896,0,31977472,26,25,24
1782487465,42.17,110639732,18.64,1161,1572864,218496,227,18051,48459,4096,6967296,26,25,24
1782487468,32.26,110641332,18.64,1209,1572864,218112,231,15931,9378,32768,487424,26,25,24
1782487470,35.28,110649000,20.19,1224,1572864,218016,219,20719,35352,0,10354688,26,25,24
1782487473,41.01,110641212,20.19,1269,1572864,217920,230,18491,18466,12288,1896448,26,25,24
1782487475,31.35,110517040,19.94,1325,1572864,217920,209,25625,18964,8192,55869440,26,25,24
1782487478,39.30,110686464,19.94,1355,1572864,217920,207,20367,7809,0,9064448,26,25,24
1782487480,52.37,110887492,19.54,1392,1572864,217824,213,23681,17381,12288,40452096,23,22,24
1782487482,34.43,110902052,19.54,1429,1572864,217824,207,21148,9192,20480,161980416,23,22,24
1782487484,31.93,110936884,19.54,1460,1572864,218016,220,18923,8763,0,15036416,23,22,24
1782487486,31.42,110845124,19.50,1482,1572864,218112,212,25565,10847,0,864256,23,22,24
1782487488,32.64,110802552,19.50,1502,1572864,218112,216,26798,8531,0,6127616,23,22,24
1782487491,30.68,110761316,19.06,1528,1572864,218304,209,23851,9069,0,2117632,23,22,24
1782487494,29.86,110680320,19.06,1570,1572864,218016,213,32460,11823,0,8921088,23,22,24
1782487497,30.93,110613584,18.65,1597,1572864,218112,226,25585,18182,0,1228800,23,22,24
1782487500,53.19,110685980,23.48,1636,1572864,218208,215,36172,66537,0,14630912,31,30,24
1782487502,69.44,110721252,23.48,1104,1572864,218592,208,48253,2316283,4096,27529216,32,31,24
1782487504,47.60,110813708,22.88,1190,1572864,218688,210,33680,463886,4096,32522240,32,31,24
1782487507,51.49,110822556,22.88,1173,1572864,218304,214,23782,30874,0,9846784,32,31,24
1782487509,50.88,110836592,22.88,1256,1572864,218496,222,27339,17811,16384,116854784,32,31,24
1782487511,48.97,110861812,22.73,1311,1572864,218784,217,21803,19243,16384,76627968,32,31,24
1782487513,37.86,111086096,22.73,1371,1572864,218592,233,26568,22852,0,6033408,32,31,24
1782487516,37.82,111030392,22.43,1407,1572864,218592,236,25241,7987,0,13508608,32,31,24
1782487518,51.99,110883020,22.43,1445,1572864,218304,233,33798,117366,0,17330176,32,31,24
1782487520,45.98,110868176,21.84,1276,1572864,218112,243,22873,10828,0,7389184,27,26,24
1782487522,31.69,110774840,21.84,1307,1572864,218304,246,22494,9221,0,405504,26,25,24
1782487524,30.98,110741900,21.21,1333,1572864,218304,253,20661,7921,0,11567104,26,25,24
1782487527,30.47,110739644,21.21,1362,1572864,218304,254,22403,7709,131072,1789952,26,25,24
1782487529,32.08,110729072,21.21,1397,1572864,218112,265,28565,14666,0,10883072,26,25,24
1782487531,31.34,110731664,20.63,1426,1572864,218304,262,22999,8433,0,26976256,26,25,24
1782487534,30.28,110726140,20.63,1472,1572864,218400,272,32030,18871,65536,2510848,26,25,24
1782487536,32.08,110729864,20.02,1513,1572864,218496,264,26568,8848,438272,198709248,26,25,24
1782487539,30.87,110787940,20.02,1552,1572864,218592,263,28260,11646,0,5193728,26,25,24
1782487542,45.77,110691864,19.30,1609,1572864,218592,272,41138,2658372,0,32423936,27,26,24
1782487545,40.98,110856604,19.11,1720,1572864,218400,262,26764,16750,7929856,4595712,27,26,24
1782487547,35.91,111021056,19.11,1783,1572864,218592,246,25501,10593,122974208,17145856,27,26,24
1782487549,62.02,110834760,19.11,1836,1572864,218688,256,27565,20185,16384,15376384,24,23,24
1782487551,30.71,110751660,18.86,1861,1572864,218496,250,25219,9393,0,409600,24,23,24
1782487554,34.35,110783588,18.86,1889,1572864,218592,262,22049,8072,0,8560640,24,23,24
1782487556,33.22,110797688,18.31,1931,1572864,218688,258,24491,8216,7344128,31608832,24,23,24
1782487558,34.58,110945704,18.31,2045,1572864,218496,273,24828,11976,0,33034240,24,23,24
1782487561,33.16,110794984,18.29,2072,1572864,218400,259,22424,8612,0,69419008,24,23,24
1782487564,31.48,110834272,18.29,2104,1572864,218496,254,32340,13410,0,269987840,24,23,24
1782487566,36.03,110885876,17.95,1232,1572864,218976,264,25413,10511,221184,185765888,24,23,24
1782487570,71.02,110813864,25.08,1297,1572864,218784,260,43610,82005,286720,35188736,32,31,24
1782487574,40.15,110741340,25.08,1339,1572864,218592,260,26769,34072,4096,3543040,32,31,24
1782487576,33.97,110822664,24.27,1352,1572864,218400,248,37004,41998,4096,10756096,32,31,24
1782487578,46.68,110917800,24.27,1391,1572864,218592,255,29239,20763,12288,2023424,32,31,24
1782487581,32.38,111027024,23.53,1436,1572864,218496,245,25388,9626,0,745472,32,31,24
1782487583,30.91,110975856,23.53,1493,1572864,218592,240,34484,20850,0,17944576,32,31,24
1782487586,33.36,111013588,22.84,1522,1572864,218592,249,25856,7761,4096,47976448,32,31,24
1782487588,31.26,110926872,22.84,1555,1572864,218400,253,27021,9197,0,2084864,32,31,24
1782487590,32.25,110901316,22.22,1593,1572864,218400,264,35841,16153,0,835584,32,31,24
1782487592,34.14,110876032,22.22,1634,1572864,218400,253,27684,8825,4096,196710400,32,31,24
1782487594,32.87,110829020,22.22,1662,1572864,218304,263,31660,9152,0,3330048,32,31,24
1782487596,33.28,110891632,21.56,1693,1572864,218304,259,30850,8570,0,9441280,32,31,24
1782487599,31.98,110899884,21.56,1733,1572864,218400,274,37708,14190,4096,14876672,32,31,24
1782487602,32.71,110827948,21.27,1765,1572864,218304,265,28842,7461,86016,671744,32,31,24
1782487604,31.42,110807052,20.53,1823,1572864,218496,276,46035,25520,102400,5578752,32,31,24
1782487607,32.82,110761168,20.53,1853,1572864,218400,282,32486,12296,0,2523136,32,31,24
1782487609,37.27,110866024,20.53,1907,1572864,218592,287,34546,13092,0,3895296,33,32,24
1782487611,61.51,111085104,24.73,1961,1572864,219264,296,58598,2694280,0,14594048,33,32,24
1782487614,36.27,111093216,24.73,2016,1572864,219264,286,34629,15780,4096,26460160,33,32,24
1782487616,34.92,110916948,24.43,2053,1572864,219456,297,28068,7572,0,16936960,33,32,24
1782487618,34.56,110900380,24.43,2136,1572864,218976,297,35142,13470,20480,8982528,33,32,24
1782487621,35.39,110808776,23.84,2168,1572864,218880,309,30548,14318,12288,184229888,33,32,24
1782487623,32.56,110734420,23.84,2212,1572864,218784,298,41357,14239,0,18685952,33,32,24
1782487626,35.53,110705064,23.69,2244,1572864,218592,297,29726,9618,0,5873664,33,32,24
1782487628,53.28,110751584,23.69,1260,1572864,218880,306,29159,9179,0,18014208,33,32,24
1782487631,33.67,110647468,22.75,1267,1572864,219072,308,33338,12731,0,6275072,33,32,24
1782487633,33.67,110577052,22.75,1320,1572864,218880,303,46553,21046,0,14188544,33,32,24
1782487636,40.71,110653808,22.21,1358,1572864,218592,312,27934,11523,0,9265152,33,32,24
1782487638,46.10,110624908,22.21,1414,1572864,218592,311,36305,16853,0,7733248,33,32,24
1782487641,36.93,110622956,21.79,1460,1572864,218400,326,28233,30026,4096,14577664,33,32,24
1782487643,48.76,110676824,21.79,1517,1572864,218304,323,41008,122201,8192,36417536,33,32,24
1782487646,45.52,110656320,21.41,1255,1572864,218016,311,25725,6986,0,4243456,29,28,24
1782487648,44.96,110754256,21.41,1298,1572864,218208,322,33599,20633,12288,196993024,28,27,24
1782487651,38.21,111053164,20.82,1349,1572864,218112,307,22350,8785,0,1089536,27,26,24
1782487653,30.12,110972448,20.82,1387,1572864,218112,296,32863,10972,0,12124160,27,26,24
1782487655,29.30,110872592,20.19,1412,1572864,218016,304,21281,7760,0,2281472,27,26,24
1782487658,29.81,110875964,20.19,1447,1572864,218112,296,24702,11246,0,946176,27,26,24
1782487660,34.57,110766444,19.93,1479,1572864,217920,305,27115,14631,0,8859648,27,26,24
1782487662,41.78,110734052,19.93,1520,1572864,217920,288,21430,10438,0,4096000,27,26,24
1782487664,31.24,110687256,19.93,1552,1572864,217920,293,21082,9467,8192,786432,27,26,24
1782487666,35.84,110671308,19.62,1579,1572864,218016,279,23569,10602,0,4952064,27,26,24
1782487668,34.74,110709940,19.62,1631,1572864,218016,294,30081,74387,0,25030656,27,26,24
1782487671,58.78,110634160,23.09,1186,1572864,217920,274,22716,51667,0,14917632,23,22,24
1782487673,42.02,110535608,23.09,1221,1572864,217920,280,27485,17897,20480,151556096,20,19,24
1782487675,46.80,110515068,22.29,1252,1572864,217920,259,16218,9624,0,46501888,18,17,24
1782487678,29.18,110483996,22.29,1281,1572864,218016,245,14515,7872,0,790528,18,17,24
1782487680,29.91,110507220,21.54,1306,1572864,218112,252,19455,11264,0,28332032,18,17,24
1782487682,35.27,110615760,21.54,1323,1572864,218112,228,15780,5653,28672,507904,18,17,24
1782487684,32.49,110945952,21.54,1348,1572864,218400,231,17841,6859,684032,15405056,18,17,24
1782487686,30.98,111036992,20.94,1372,1572864,218592,222,15692,5773,2646016,5193728,18,17,24
1782487689,40.38,111115068,20.94,1146,1572864,218880,233,21236,12206,397312,8609792,18,17,24
1782487692,30.85,111041296,20.38,1134,1572864,218688,221,14369,7098,532480,536576,18,17,24
1782487694,32.80,111055876,20.51,1161,1572864,218688,206,21595,12481,827392,3641344,18,17,24
1782487696,33.41,111839268,20.51,1184,1572864,218592,210,14226,5346,1273856,21716992,18,17,24
1782487699,35.60,111088024,20.51,1214,1572864,218592,204,20098,10536,974848,5427200,18,17,24
1782487701,50.56,111248556,24.96,1241,1572864,218880,209,14581,14453,0,17272832,15,14,24
1782487704,31.19,111608260,24.96,1258,1572864,218880,190,18316,8032,16384,165441536,15,14,24
1782487706,30.64,111722824,24.32,1274,1572864,218688,195,14010,5573,24576,8552448,15,14,24
1782487708,32.56,111954140,24.32,1292,1572864,218400,187,18951,10117,118784,16760832,15,14,24
1782487710,33.07,112289724,23.49,1313,1572864,218304,194,24613,10602,544768,4591616,15,14,24
1782487712,35.84,112284268,23.49,1327,1572864,218208,176,15796,9022,212992,4296704,15,14,24
1782487715,42.53,112568652,22.73,1355,1572864,218016,167,15900,9359,675840,5881856,15,14,24
1782487718,35.01,112793568,22.73,1392,1572864,217824,178,18224,11516,1060864,1077248,15,14,24
1782487720,34.24,112790488,21.95,1425,1572864,217824,161,20402,30862,4096,18501632,15,14,24
1782487722,56.18,112752224,21.95,966,1572864,217920,164,14246,91558,4096,17907712,11,10,24
1782487725,28.99,112751704,21.15,986,1572864,217824,151,10109,6484,0,19107840,11,10,24
1782487727,42.18,112810708,21.15,1009,1572864,217728,140,12085,12486,0,7290880,9,8,24
1782487729,30.84,112702280,21.15,1033,1572864,217728,141,11899,7137,4096,84508672,9,8,24
1782487731,29.93,112817092,20.50,1046,1572864,217728,131,7450,4361,4096,101896192,9,8,24
1782487733,28.51,112928556,20.50,1058,1572864,217632,133,11878,7101,0,2019328,9,8,24
1782487735,28.24,112980796,20.14,1072,1572864,217536,131,7534,4286,0,19140608,9,8,24
1782487738,29.70,113076356,20.14,1086,1572864,217632,133,7491,4564,131072,14532608,9,8,24
1782487741,28.59,113075824,19.57,1100,1572864,217440,124,12909,9493,0,3108864,9,8,24
1782487743,28.53,113075936,19.57,1117,1572864,217536,117,12192,7357,0,2203648,9,8,24
1782487745,28.86,113016476,19.20,1131,1572864,217344,118,10512,5532,0,913408,9,8,24
1782487747,39.30,113202352,19.20,839,1572864,217632,111,7751,5239,0,5468160,9,8,24
1782487750,31.15,113675964,18.87,865,1572864,217824,112,12736,7593,0,753664,9,8,24
1782487752,49.76,113609220,18.87,851,1572864,217728,99,7740,12696,0,44339200,6,5,24
1782487754,29.84,113642208,18.87,858,1572864,217536,100,6601,5076,0,331776,6,5,24
1782487756,29.56,113732780,18.48,864,1572864,217824,93,6826,4192,0,851968,6,5,24
1782487758,31.22,113684812,18.48,873,1572864,217824,95,11140,7213,135168,140742656,6,5,24
1782487761,29.45,113646788,18.12,880,1572864,217920,81,8510,4620,0,34189312,6,5,24
1782487763,29.81,113634164,18.12,886,1572864,217920,82,11055,7393,0,3821568,6,5,24
1782487766,30.33,113575084,17.87,892,1572864,217632,76,9339,5543,0,1818624,6,5,24
1782487768,29.81,113779336,17.87,900,1572864,217920,65,11630,8582,0,2658304,6,5,24
