2026-06-29 05:42:34,149 [INFO] Starting BSC Test Stub
2026-06-29 05:42:34,149 [INFO] OML server listening on port 3002
2026-06-29 05:42:34,149 [INFO] RSL server listening on port 3003
2026-06-29 05:42:34,150 [INFO] Control Server listening on port 5001
2026-06-29 05:42:38,623 [INFO] Control Client connected from ('10.42.0.1', 55352)
2026-06-29 05:42:38,624 [INFO] handle_client: Starting, client socket: 6
2026-06-29 05:42:38,624 [INFO] handle_client: WELCOME sent
2026-06-29 05:42:38,674 [INFO] handle_client: Entering receive loop
2026-06-29 05:42:38,675 [INFO] handle_client: Received empty data, client closed connection
2026-06-29 05:42:38,675 [INFO] Control Client disconnected
2026-06-29 05:42:38,996 [INFO] New OML connection from ('10.42.0.244', 40525)
2026-06-29 05:42:38,996 [INFO] [OML] BTS connection from ('10.42.0.244', 40525)
2026-06-29 05:42:38,997 [DEBUG] Sending ID_GET: 0011fe0401080107010201030104010501010100
2026-06-29 05:42:38,997 [DEBUG] ID_GET sent (20 bytes)
2026-06-29 05:42:38,997 [INFO] Entering receive loop, waiting for messages from BTS...
2026-06-29 05:42:39,005 [DEBUG] Received 487 bytes from BTS
2026-06-29 05:42:39,005 [DEBUG] Decoded IPA frame: proto=0xfe, payload_len=88, consumed=91, payload_hex: 05000a08343234322f302f300000130761363a36323a35313a37353a61343a39370000020200000a036f736d6f2d6274730000020400001005312e31312e302e32332d6234666600000a016f736d6f2d6274730000020000
2026-06-29 05:42:39,005 [DEBUG] CCM message: 05000a08343234322f302f300000130761363a36323a35313a37353a61343a39370000020200000a036f736d6f2d6274730000020400001005312e31312e302e32332d6234666600000a016f736d6f2d6274730000020000
2026-06-29 05:42:39,005 [INFO] BTS identified: 4242/0/0
2026-06-29 05:42:39,005 [DEBUG] Sending 4 bytes to BTS 4242/0/0
2026-06-29 05:42:39,005 [INFO] BTS 4242/0/0 OML connected (IPA identified)
2026-06-29 05:42:39,005 [DEBUG] Buffered event BTS_CONNECTED (total buffered: 1)
2026-06-29 05:42:39,005 [DEBUG] Decoded IPA frame: proto=0xfe, payload_len=1, consumed=4, payload_hex: 06
2026-06-29 05:42:39,005 [DEBUG] CCM message: 06
2026-06-29 05:42:39,005 [DEBUG] Decoded IPA frame: proto=0xff, payload_len=9, consumed=12, payload_hex: 808000051000ffffff
2026-06-29 05:42:39,005 [DEBUG] OML message: 808000051000ffffff
2026-06-29 05:42:39,005 [INFO] BTS 4242/0/0: SW_ACTIVATED_REP (OC=0x00, INST=ffffff)
2026-06-29 05:42:39,005 [INFO] BTS 4242/0/0: Sending OPSTART for SITE-MANAGER
2026-06-29 05:42:39,005 [DEBUG] Sending OML message (9 bytes)
2026-06-29 05:42:39,005 [DEBUG] Sending 12 bytes to BTS 4242/0/0
2026-06-29 05:42:39,005 [DEBUG] Decoded IPA frame: proto=0xff, payload_len=17, consumed=20, payload_hex: 8080000d6100ffffff2401070001030401
2026-06-29 05:42:39,005 [DEBUG] OML message: 8080000d6100ffffff2401070001030401
2026-06-29 05:42:39,005 [DEBUG] BTS 4242/0/0: State Changed Event Report (OC=0x00)
2026-06-29 05:42:39,005 [DEBUG] Decoded IPA frame: proto=0xff, payload_len=9, consumed=12, payload_hex: 8080000510f000ffff
2026-06-29 05:42:39,005 [DEBUG] OML message: 8080000510f000ffff
2026-06-29 05:42:39,005 [INFO] BTS 4242/0/0: SW_ACTIVATED_REP (OC=0xf0, INST=00ffff)
2026-06-29 05:42:39,005 [DEBUG] Decoded IPA frame: proto=0xff, payload_len=9, consumed=12, payload_hex: 8080000510f10000ff
2026-06-29 05:42:39,005 [DEBUG] OML message: 8080000510f10000ff
2026-06-29 05:42:39,005 [INFO] BTS 4242/0/0: SW_ACTIVATED_REP (OC=0xf1, INST=0000ff)
2026-06-29 05:42:39,005 [DEBUG] Decoded IPA frame: proto=0xff, payload_len=17, consumed=20, payload_hex: 8080000d61f10000ff2401070001050401
2026-06-29 05:42:39,005 [DEBUG] OML message: 8080000d61f10000ff2401070001050401
2026-06-29 05:42:39,005 [DEBUG] BTS 4242/0/0: State Changed Event Report (OC=0xf1)
2026-06-29 05:42:39,005 [DEBUG] Decoded IPA frame: proto=0xff, payload_len=9, consumed=12, payload_hex: 8080000510f20000ff
2026-06-29 05:42:39,005 [DEBUG] OML message: 8080000510f20000ff
2026-06-29 05:42:39,005 [INFO] BTS 4242/0/0: SW_ACTIVATED_REP (OC=0xf2, INST=0000ff)
2026-06-29 05:42:39,005 [DEBUG] Decoded IPA frame: proto=0xff, payload_len=17, consumed=20, payload_hex: 8080000d61f20000ff2401070001050401
2026-06-29 05:42:39,005 [DEBUG] OML message: 8080000d61f20000ff2401070001050401
2026-06-29 05:42:39,006 [DEBUG] BTS 4242/0/0: State Changed Event Report (OC=0xf2)
2026-06-29 05:42:39,006 [DEBUG] Decoded IPA frame: proto=0xff, payload_len=9, consumed=12, payload_hex: 8080000510f20001ff
2026-06-29 05:42:39,006 [DEBUG] OML message: 8080000510f20001ff
2026-06-29 05:42:39,006 [INFO] BTS 4242/0/0: SW_ACTIVATED_REP (OC=0xf2, INST=0001ff)
2026-06-29 05:42:39,006 [DEBUG] Decoded IPA frame: proto=0xff, payload_len=17, consumed=20, payload_hex: 8080000d61f20001ff2401070001050401
2026-06-29 05:42:39,006 [DEBUG] OML message: 8080000d61f20001ff2401070001050401
2026-06-29 05:42:39,006 [DEBUG] BTS 4242/0/0: State Changed Event Report (OC=0xf2)
2026-06-29 05:42:39,006 [DEBUG] Decoded IPA frame: proto=0xff, payload_len=17, consumed=20, payload_hex: 8080000d61f000ffff2401070001050401
2026-06-29 05:42:39,006 [DEBUG] OML message: 8080000d61f000ffff2401070001050401
2026-06-29 05:42:39,006 [DEBUG] BTS 4242/0/0: State Changed Event Report (OC=0xf0)
2026-06-29 05:42:39,006 [DEBUG] Decoded IPA frame: proto=0xff, payload_len=9, consumed=12, payload_hex: 80800005100100ffff
2026-06-29 05:42:39,006 [DEBUG] OML message: 80800005100100ffff
2026-06-29 05:42:39,006 [INFO] BTS 4242/0/0: SW_ACTIVATED_REP (OC=0x01, INST=00ffff)
2026-06-29 05:42:39,006 [DEBUG] Decoded IPA frame: proto=0xff, payload_len=17, consumed=20, payload_hex: 8080000d610100ffff2401070001030401
2026-06-29 05:42:39,006 [DEBUG] OML message: 8080000d610100ffff2401070001030401
2026-06-29 05:42:39,006 [DEBUG] BTS 4242/0/0: State Changed Event Report (OC=0x01)
2026-06-29 05:42:39,006 [DEBUG] Decoded IPA frame: proto=0xff, payload_len=17, consumed=20, payload_hex: 8080000d61020000ff2401070001070401
2026-06-29 05:42:39,006 [DEBUG] OML message: 8080000d61020000ff2401070001070401
2026-06-29 05:42:39,006 [DEBUG] BTS 4242/0/0: State Changed Event Report (OC=0x02)
2026-06-29 05:42:39,006 [DEBUG] Decoded IPA frame: proto=0xff, payload_len=17, consumed=20, payload_hex: 8080000d61040000ff2401070001070401
2026-06-29 05:42:39,006 [DEBUG] OML message: 8080000d61040000ff2401070001070401
2026-06-29 05:42:39,006 [DEBUG] BTS 4242/0/0: State Changed Event Report (OC=0x04)
2026-06-29 05:42:39,006 [DEBUG] Decoded IPA frame: proto=0xff, payload_len=17, consumed=20, payload_hex: 8080000d61030000002401070001070401
2026-06-29 05:42:39,006 [DEBUG] OML message: 8080000d61030000002401070001070401
2026-06-29 05:42:39,006 [DEBUG] BTS 4242/0/0: State Changed Event Report (OC=0x03)
2026-06-29 05:42:39,006 [DEBUG] Decoded IPA frame: proto=0xff, payload_len=17, consumed=20, payload_hex: 8080000d61030000012401070001070401
2026-06-29 05:42:39,006 [DEBUG] OML message: 8080000d61030000012401070001070401
2026-06-29 05:42:39,006 [DEBUG] BTS 4242/0/0: State Changed Event Report (OC=0x03)
2026-06-29 05:42:39,006 [DEBUG] Decoded IPA frame: proto=0xff, payload_len=17, consumed=20, payload_hex: 8080000d61030000022401070001070401
2026-06-29 05:42:39,006 [DEBUG] OML message: 8080000d61030000022401070001070401
2026-06-29 05:42:39,006 [DEBUG] BTS 4242/0/0: State Changed Event Report (OC=0x03)
2026-06-29 05:42:39,006 [DEBUG] Decoded IPA frame: proto=0xff, payload_len=17, consumed=20, payload_hex: 8080000d61030000032401070001070401
2026-06-29 05:42:39,006 [DEBUG] OML message: 8080000d61030000032401070001070401
2026-06-29 05:42:39,006 [DEBUG] BTS 4242/0/0: State Changed Event Report (OC=0x03)
2026-06-29 05:42:39,006 [DEBUG] Decoded IPA frame: proto=0xff, payload_len=17, consumed=20, payload_hex: 8080000d61030000042401070001070401
2026-06-29 05:42:39,006 [DEBUG] OML message: 8080000d61030000042401070001070401
2026-06-29 05:42:39,006 [DEBUG] BTS 4242/0/0: State Changed Event Report (OC=0x03)
2026-06-29 05:42:39,006 [DEBUG] Decoded IPA frame: proto=0xff, payload_len=17, consumed=20, payload_hex: 8080000d61030000052401070001070401
2026-06-29 05:42:39,006 [DEBUG] OML message: 8080000d61030000052401070001070401
2026-06-29 05:42:39,006 [DEBUG] BTS 4242/0/0: State Changed Event Report (OC=0x03)
2026-06-29 05:42:39,006 [DEBUG] Decoded IPA frame: proto=0xff, payload_len=17, consumed=20, payload_hex: 8080000d61030000062401070001070401
2026-06-29 05:42:39,006 [DEBUG] OML message: 8080000d61030000062401070001070401
2026-06-29 05:42:39,006 [DEBUG] BTS 4242/0/0: State Changed Event Report (OC=0x03)
2026-06-29 05:42:39,006 [DEBUG] Decoded IPA frame: proto=0xff, payload_len=17, consumed=20, payload_hex: 8080000d61030000072401070001070401
2026-06-29 05:42:39,006 [DEBUG] OML message: 8080000d61030000072401070001070401
2026-06-29 05:42:39,006 [DEBUG] BTS 4242/0/0: State Changed Event Report (OC=0x03)
2026-06-29 05:42:39,006 [DEBUG] Incomplete frame, buffer size: 0, buffer_hex: 
2026-06-29 05:42:39,006 [DEBUG] Received 32 bytes from BTS
2026-06-29 05:42:39,006 [DEBUG] Decoded IPA frame: proto=0xff, payload_len=9, consumed=12, payload_hex: 808000057500ffffff
2026-06-29 05:42:39,006 [DEBUG] OML message: 808000057500ffffff
2026-06-29 05:42:39,006 [INFO] BTS 4242/0/0: OPSTART_ACK received (OC=0x00)
2026-06-29 05:42:39,006 [INFO] BTS 4242/0/0: SITE-MANAGER operational, sending SET_BTS_ATTR
2026-06-29 05:42:39,006 [INFO] BTS 4242/0/0: Using ARFCN=51
2026-06-29 05:42:39,006 [DEBUG] Sending OML message (65 bytes)
2026-06-29 05:42:39,006 [DEBUG] Sending 68 bytes to BTS 4242/0/0
2026-06-29 05:42:39,007 [INFO] BTS 4242/0/0: Sent SET_BTS_ATTR
2026-06-29 05:42:39,007 [DEBUG] Sending OML message (14 bytes)
2026-06-29 05:42:39,007 [DEBUG] Sending 17 bytes to BTS 4242/0/0
2026-06-29 05:42:39,007 [INFO] BTS 4242/0/0: Sent SET_RADIO_ATTR (ARFCN=51)
2026-06-29 05:42:39,007 [DEBUG] Sending OML message (13 bytes)
2026-06-29 05:42:39,007 [DEBUG] Sending 16 bytes to BTS 4242/0/0
2026-06-29 05:42:39,007 [INFO] BTS 4242/0/0: Sent SET_CHAN_ATTR for TS0 (CCCH+SDCCH/4)
2026-06-29 05:42:39,007 [DEBUG] Sending OML message (13 bytes)
2026-06-29 05:42:39,007 [DEBUG] Sending 16 bytes to BTS 4242/0/0
2026-06-29 05:42:39,007 [INFO] BTS 4242/0/0: Sent SET_CHAN_ATTR for TS1 (SDCCH/8)
2026-06-29 05:42:39,007 [DEBUG] Sending OML message (13 bytes)
2026-06-29 05:42:39,007 [DEBUG] Sending 16 bytes to BTS 4242/0/0
2026-06-29 05:42:39,007 [INFO] BTS 4242/0/0: Sent SET_CHAN_ATTR for TS2 (TCH/H)
2026-06-29 05:42:39,007 [DEBUG] Sending OML message (13 bytes)
2026-06-29 05:42:39,007 [DEBUG] Sending 16 bytes to BTS 4242/0/0
2026-06-29 05:42:39,007 [INFO] BTS 4242/0/0: Sent SET_CHAN_ATTR for TS3 (TCH/F)
2026-06-29 05:42:39,007 [DEBUG] Sending OML message (13 bytes)
2026-06-29 05:42:39,007 [DEBUG] Sending 16 bytes to BTS 4242/0/0
2026-06-29 05:42:39,007 [INFO] BTS 4242/0/0: Sent SET_CHAN_ATTR for TS4 (TCH/F)
2026-06-29 05:42:39,007 [DEBUG] Sending OML message (13 bytes)
2026-06-29 05:42:39,007 [DEBUG] Sending 16 bytes to BTS 4242/0/0
2026-06-29 05:42:39,007 [INFO] BTS 4242/0/0: Sent SET_CHAN_ATTR for TS5 (TCH/F)
2026-06-29 05:42:39,007 [DEBUG] Sending OML message (13 bytes)
2026-06-29 05:42:39,007 [DEBUG] Sending 16 bytes to BTS 4242/0/0
2026-06-29 05:42:39,007 [INFO] BTS 4242/0/0: Sent SET_CHAN_ATTR for TS6 (TCH/F)
2026-06-29 05:42:39,007 [DEBUG] Sending OML message (13 bytes)
2026-06-29 05:42:39,007 [DEBUG] Sending 16 bytes to BTS 4242/0/0
2026-06-29 05:42:39,007 [INFO] BTS 4242/0/0: Sent SET_CHAN_ATTR for TS7 (TCH/F)
2026-06-29 05:42:39,007 [DEBUG] Decoded IPA frame: proto=0xff, payload_len=17, consumed=20, payload_hex: 8080000d6100ffffff2402070001ff0401
2026-06-29 05:42:39,007 [DEBUG] OML message: 8080000d6100ffffff2402070001ff0401
2026-06-29 05:42:39,007 [DEBUG] BTS 4242/0/0: State Changed Event Report (OC=0x00)
2026-06-29 05:42:39,007 [DEBUG] Incomplete frame, buffer size: 0, buffer_hex: 
2026-06-29 05:42:39,007 [DEBUG] Received 204 bytes from BTS
2026-06-29 05:42:39,007 [DEBUG] Decoded IPA frame: proto=0xff, payload_len=9, consumed=12, payload_hex: 8080000510020000ff
2026-06-29 05:42:39,007 [DEBUG] OML message: 8080000510020000ff
2026-06-29 05:42:39,007 [INFO] BTS 4242/0/0: SW_ACTIVATED_REP (OC=0x02, INST=0000ff)
2026-06-29 05:42:39,007 [INFO] BTS 4242/0/0: RADIO-CARRIER activated, sending SET_RADIO_CARRIER_ATTR
2026-06-29 05:42:39,007 [DEBUG] Sending OML message (14 bytes)
2026-06-29 05:42:39,007 [DEBUG] Sending 17 bytes to BTS 4242/0/0
2026-06-29 05:42:39,007 [INFO] BTS 4242/0/0: Sent SET_RADIO_CARRIER_ATTR (ARFCN=51)
2026-06-29 05:42:39,007 [DEBUG] Decoded IPA frame: proto=0xff, payload_len=17, consumed=20, payload_hex: 8080000d61020000ff2401070001030401
2026-06-29 05:42:39,007 [DEBUG] OML message: 8080000d61020000ff2401070001030401
2026-06-29 05:42:39,007 [DEBUG] BTS 4242/0/0: State Changed Event Report (OC=0x02)
2026-06-29 05:42:39,007 [DEBUG] Decoded IPA frame: proto=0xff, payload_len=9, consumed=12, payload_hex: 8080000510040000ff
2026-06-29 05:42:39,007 [DEBUG] OML message: 8080000510040000ff
2026-06-29 05:42:39,007 [INFO] BTS 4242/0/0: SW_ACTIVATED_REP (OC=0x04, INST=0000ff)
2026-06-29 05:42:39,007 [INFO] BTS 4242/0/0: BASEBAND-TRANSCEIVER activated
2026-06-29 05:42:39,007 [DEBUG] Decoded IPA frame: proto=0xff, payload_len=17, consumed=20, payload_hex: 8080000d61040000ff2401070001030401
2026-06-29 05:42:39,007 [DEBUG] OML message: 8080000d61040000ff2401070001030401
2026-06-29 05:42:39,007 [DEBUG] BTS 4242/0/0: State Changed Event Report (OC=0x04)
2026-06-29 05:42:39,007 [DEBUG] Decoded IPA frame: proto=0xff, payload_len=9, consumed=12, payload_hex: 808000051003000000
2026-06-29 05:42:39,007 [DEBUG] OML message: 808000051003000000
2026-06-29 05:42:39,008 [INFO] BTS 4242/0/0: SW_ACTIVATED_REP (OC=0x03, INST=000000)
2026-06-29 05:42:39,008 [DEBUG] Decoded IPA frame: proto=0xff, payload_len=17, consumed=20, payload_hex: 8080000d61030000002401070001050401
2026-06-29 05:42:39,008 [DEBUG] OML message: 8080000d61030000002401070001050401
2026-06-29 05:42:39,008 [DEBUG] BTS 4242/0/0: State Changed Event Report (OC=0x03)
2026-06-29 05:42:39,008 [DEBUG] Decoded IPA frame: proto=0xff, payload_len=9, consumed=12, payload_hex: 808000051003000001
2026-06-29 05:42:39,008 [DEBUG] OML message: 808000051003000001
2026-06-29 05:42:39,008 [INFO] BTS 4242/0/0: SW_ACTIVATED_REP (OC=0x03, INST=000001)
2026-06-29 05:42:39,008 [DEBUG] Decoded IPA frame: proto=0xff, payload_len=17, consumed=20, payload_hex: 8080000d61030000012401070001050401
2026-06-29 05:42:39,008 [DEBUG] OML message: 8080000d61030000012401070001050401
2026-06-29 05:42:39,008 [DEBUG] BTS 4242/0/0: State Changed Event Report (OC=0x03)
2026-06-29 05:42:39,008 [DEBUG] Decoded IPA frame: proto=0xff, payload_len=9, consumed=12, payload_hex: 808000051003000002
2026-06-29 05:42:39,008 [DEBUG] OML message: 808000051003000002
2026-06-29 05:42:39,008 [INFO] BTS 4242/0/0: SW_ACTIVATED_REP (OC=0x03, INST=000002)
2026-06-29 05:42:39,008 [DEBUG] Decoded IPA frame: proto=0xff, payload_len=17, consumed=20, payload_hex: 8080000d61030000022401070001050401
2026-06-29 05:42:39,008 [DEBUG] OML message: 8080000d61030000022401070001050401
2026-06-29 05:42:39,008 [DEBUG] BTS 4242/0/0: State Changed Event Report (OC=0x03)
2026-06-29 05:42:39,008 [DEBUG] Decoded IPA frame: proto=0xff, payload_len=9, consumed=12, payload_hex: 808000051003000003
2026-06-29 05:42:39,008 [DEBUG] OML message: 808000051003000003
2026-06-29 05:42:39,008 [INFO] BTS 4242/0/0: SW_ACTIVATED_REP (OC=0x03, INST=000003)
2026-06-29 05:42:39,008 [DEBUG] Decoded IPA frame: proto=0xff, payload_len=17, consumed=20, payload_hex: 8080000d61030000032401070001050401
2026-06-29 05:42:39,008 [DEBUG] OML message: 8080000d61030000032401070001050401
2026-06-29 05:42:39,008 [DEBUG] BTS 4242/0/0: State Changed Event Report (OC=0x03)
2026-06-29 05:42:39,008 [DEBUG] Decoded IPA frame: proto=0xff, payload_len=9, consumed=12, payload_hex: 808000051003000004
2026-06-29 05:42:39,008 [DEBUG] OML message: 808000051003000004
2026-06-29 05:42:39,008 [INFO] BTS 4242/0/0: SW_ACTIVATED_REP (OC=0x03, INST=000004)
2026-06-29 05:42:39,008 [DEBUG] Incomplete frame, buffer size: 0, buffer_hex: 
2026-06-29 05:42:39,008 [DEBUG] Received 346 bytes from BTS
2026-06-29 05:42:39,008 [DEBUG] Decoded IPA frame: proto=0xff, payload_len=17, consumed=20, payload_hex: 8080000d61030000042401070001050401
2026-06-29 05:42:39,008 [DEBUG] OML message: 8080000d61030000042401070001050401
2026-06-29 05:42:39,008 [DEBUG] BTS 4242/0/0: State Changed Event Report (OC=0x03)
2026-06-29 05:42:39,008 [DEBUG] Decoded IPA frame: proto=0xff, payload_len=9, consumed=12, payload_hex: 808000051003000005
2026-06-29 05:42:39,008 [DEBUG] OML message: 808000051003000005
2026-06-29 05:42:39,008 [INFO] BTS 4242/0/0: SW_ACTIVATED_REP (OC=0x03, INST=000005)
2026-06-29 05:42:39,008 [DEBUG] Decoded IPA frame: proto=0xff, payload_len=17, consumed=20, payload_hex: 8080000d61030000052401070001050401
2026-06-29 05:42:39,008 [DEBUG] OML message: 8080000d61030000052401070001050401
2026-06-29 05:42:39,008 [DEBUG] BTS 4242/0/0: State Changed Event Report (OC=0x03)
2026-06-29 05:42:39,008 [DEBUG] Decoded IPA frame: proto=0xff, payload_len=9, consumed=12, payload_hex: 808000051003000006
2026-06-29 05:42:39,008 [DEBUG] OML message: 808000051003000006
2026-06-29 05:42:39,008 [INFO] BTS 4242/0/0: SW_ACTIVATED_REP (OC=0x03, INST=000006)
2026-06-29 05:42:39,008 [DEBUG] Decoded IPA frame: proto=0xff, payload_len=17, consumed=20, payload_hex: 8080000d61030000062401070001050401
2026-06-29 05:42:39,008 [DEBUG] OML message: 8080000d61030000062401070001050401
2026-06-29 05:42:39,008 [DEBUG] BTS 4242/0/0: State Changed Event Report (OC=0x03)
2026-06-29 05:42:39,008 [DEBUG] Decoded IPA frame: proto=0xff, payload_len=9, consumed=12, payload_hex: 808000051003000007
2026-06-29 05:42:39,008 [DEBUG] OML message: 808000051003000007
2026-06-29 05:42:39,008 [INFO] BTS 4242/0/0: SW_ACTIVATED_REP (OC=0x03, INST=000007)
2026-06-29 05:42:39,008 [DEBUG] Decoded IPA frame: proto=0xff, payload_len=17, consumed=20, payload_hex: 8080000d61030000072401070001050401
2026-06-29 05:42:39,008 [DEBUG] OML message: 8080000d61030000072401070001050401
2026-06-29 05:42:39,008 [DEBUG] BTS 4242/0/0: State Changed Event Report (OC=0x03)
2026-06-29 05:42:39,008 [DEBUG] Decoded IPA frame: proto=0xff, payload_len=65, consumed=68, payload_hex: 8080003d420100ffff19f8fafcfeffff18010e00020104331e2424a83421a81f3f2500010a0c0a0b012a5a2b03e80a0a230a080033093f99000709f10700010000
2026-06-29 05:42:39,008 [DEBUG] OML message: 8080003d420100ffff19f8fafcfeffff18010e00020104331e2424a83421a81f3f2500010a0c0a0b012a5a2b03e80a0a230a080033093f99000709f10700010000
2026-06-29 05:42:39,008 [INFO] BTS 4242/0/0: SET_BTS_ATTR_ACK received
2026-06-29 05:42:39,008 [DEBUG] Decoded IPA frame: proto=0xff, payload_len=14, consumed=17, payload_hex: 8080000a45020000ff0500020033
2026-06-29 05:42:39,008 [DEBUG] OML message: 8080000a45020000ff0500020033
2026-06-29 05:42:39,008 [INFO] BTS 4242/0/0: SET_RADIO_ATTR_ACK received
2026-06-29 05:42:39,008 [DEBUG] Decoded IPA frame: proto=0xff, payload_len=13, consumed=16, payload_hex: 8080000948030000000d054007
2026-06-29 05:42:39,008 [DEBUG] OML message: 8080000948030000000d054007
2026-06-29 05:42:39,008 [INFO] BTS 4242/0/0: SET_CHAN_ATTR_ACK (standard) [1/8]
2026-06-29 05:42:39,008 [DEBUG] Decoded IPA frame: proto=0xff, payload_len=13, consumed=16, payload_hex: 8080000948030000010d034007
2026-06-29 05:42:39,008 [DEBUG] OML message: 8080000948030000010d034007
2026-06-29 05:42:39,008 [INFO] BTS 4242/0/0: SET_CHAN_ATTR_ACK (standard) [2/8]
2026-06-29 05:42:39,008 [DEBUG] Decoded IPA frame: proto=0xff, payload_len=13, consumed=16, payload_hex: 8080000948030000020d014007
2026-06-29 05:42:39,008 [DEBUG] OML message: 8080000948030000020d014007
2026-06-29 05:42:39,009 [INFO] BTS 4242/0/0: SET_CHAN_ATTR_ACK (standard) [3/8]
2026-06-29 05:42:39,009 [DEBUG] Decoded IPA frame: proto=0xff, payload_len=13, consumed=16, payload_hex: 8080000948030000030d004007
2026-06-29 05:42:39,009 [DEBUG] OML message: 8080000948030000030d004007
2026-06-29 05:42:39,009 [INFO] BTS 4242/0/0: SET_CHAN_ATTR_ACK (standard) [4/8]
2026-06-29 05:42:39,009 [DEBUG] Decoded IPA frame: proto=0xff, payload_len=13, consumed=16, payload_hex: 8080000948030000040d004007
2026-06-29 05:42:39,009 [DEBUG] OML message: 8080000948030000040d004007
2026-06-29 05:42:39,009 [INFO] BTS 4242/0/0: SET_CHAN_ATTR_ACK (standard) [5/8]
2026-06-29 05:42:39,009 [DEBUG] Decoded IPA frame: proto=0xff, payload_len=13, consumed=16, payload_hex: 8080000948030000050d004007
2026-06-29 05:42:39,009 [DEBUG] OML message: 8080000948030000050d004007
2026-06-29 05:42:39,009 [INFO] BTS 4242/0/0: SET_CHAN_ATTR_ACK (standard) [6/8]
2026-06-29 05:42:39,009 [DEBUG] Decoded IPA frame: proto=0xff, payload_len=13, consumed=16, payload_hex: 8080000948030000060d004007
2026-06-29 05:42:39,009 [DEBUG] OML message: 8080000948030000060d004007
2026-06-29 05:42:39,009 [INFO] BTS 4242/0/0: SET_CHAN_ATTR_ACK (standard) [7/8]
2026-06-29 05:42:39,009 [DEBUG] Decoded IPA frame: proto=0xff, payload_len=13, consumed=16, payload_hex: 8080000948030000070d004007
2026-06-29 05:42:39,009 [DEBUG] OML message: 8080000948030000070d004007
2026-06-29 05:42:39,009 [INFO] BTS 4242/0/0: SET_CHAN_ATTR_ACK (standard) [8/8]
2026-06-29 05:42:39,009 [INFO] BTS 4242/0/0: All attributes configured, sending OPSTART commands
2026-06-29 05:42:39,009 [DEBUG] Sending OML message (9 bytes)
2026-06-29 05:42:39,009 [DEBUG] Sending 12 bytes to BTS 4242/0/0
2026-06-29 05:42:39,009 [INFO] BTS 4242/0/0: Sent OPSTART for BTS
2026-06-29 05:42:39,009 [DEBUG] Sending OML message (9 bytes)
2026-06-29 05:42:39,009 [DEBUG] Sending 12 bytes to BTS 4242/0/0
2026-06-29 05:42:39,009 [INFO] BTS 4242/0/0: Sent OPSTART for RADIO-CARRIER
2026-06-29 05:42:39,009 [DEBUG] Sending OML message (9 bytes)
2026-06-29 05:42:39,009 [DEBUG] Sending 12 bytes to BTS 4242/0/0
2026-06-29 05:42:39,009 [INFO] BTS 4242/0/0: Sent OPSTART for CHANNEL TS0
2026-06-29 05:42:39,009 [DEBUG] Sending OML message (9 bytes)
2026-06-29 05:42:39,009 [DEBUG] Sending 12 bytes to BTS 4242/0/0
2026-06-29 05:42:39,009 [INFO] BTS 4242/0/0: Sent OPSTART for CHANNEL TS1
2026-06-29 05:42:39,009 [DEBUG] Sending OML message (9 bytes)
2026-06-29 05:42:39,009 [DEBUG] Sending 12 bytes to BTS 4242/0/0
2026-06-29 05:42:39,009 [INFO] BTS 4242/0/0: Sent OPSTART for CHANNEL TS2
2026-06-29 05:42:39,009 [DEBUG] Sending OML message (9 bytes)
2026-06-29 05:42:39,009 [DEBUG] Sending 12 bytes to BTS 4242/0/0
2026-06-29 05:42:39,009 [INFO] BTS 4242/0/0: Sent OPSTART for CHANNEL TS3
2026-06-29 05:42:39,009 [DEBUG] Sending OML message (9 bytes)
2026-06-29 05:42:39,009 [DEBUG] Sending 12 bytes to BTS 4242/0/0
2026-06-29 05:42:39,009 [INFO] BTS 4242/0/0: Sent OPSTART for CHANNEL TS4
2026-06-29 05:42:39,009 [DEBUG] Sending OML message (9 bytes)
2026-06-29 05:42:39,009 [DEBUG] Sending 12 bytes to BTS 4242/0/0
2026-06-29 05:42:39,009 [INFO] BTS 4242/0/0: Sent OPSTART for CHANNEL TS5
2026-06-29 05:42:39,009 [DEBUG] Sending OML message (9 bytes)
2026-06-29 05:42:39,009 [DEBUG] Sending 12 bytes to BTS 4242/0/0
2026-06-29 05:42:39,009 [INFO] BTS 4242/0/0: Sent OPSTART for CHANNEL TS6
2026-06-29 05:42:39,009 [DEBUG] Sending OML message (9 bytes)
2026-06-29 05:42:39,009 [DEBUG] Sending 12 bytes to BTS 4242/0/0
2026-06-29 05:42:39,009 [INFO] BTS 4242/0/0: Sent OPSTART for CHANNEL TS7
2026-06-29 05:42:39,009 [DEBUG] Decoded IPA frame: proto=0xff, payload_len=14, consumed=17, payload_hex: 8080000a45020000ff0500020033
2026-06-29 05:42:39,010 [DEBUG] OML message: 8080000a45020000ff0500020033
2026-06-29 05:42:39,010 [INFO] BTS 4242/0/0: SET_RADIO_ATTR_ACK received
2026-06-29 05:42:39,010 [DEBUG] Incomplete frame, buffer size: 0, buffer_hex: 
2026-06-29 05:42:39,010 [DEBUG] Received 300 bytes from BTS
2026-06-29 05:42:39,010 [DEBUG] Decoded IPA frame: proto=0xff, payload_len=9, consumed=12, payload_hex: 80800005750100ffff
2026-06-29 05:42:39,010 [DEBUG] OML message: 80800005750100ffff
2026-06-29 05:42:39,010 [INFO] BTS 4242/0/0: OPSTART_ACK received (OC=0x01)
2026-06-29 05:42:39,010 [INFO] BTS 4242/0/0: BTS OPSTART_ACK received, triggering RSL init
2026-06-29 05:42:39,010 [INFO] BTS 4242/0/0: Core objects operational, sending IPACC_RSL_CONNECT
2026-06-29 05:42:39,010 [INFO] BTS 4242/0/0: Sent IPACC_RSL_CONNECT (31 bytes): 00 1c ff 10 80 00 0a 0d 63 6f 6d 2e 69 70 61 63 63 65 73 73 00 e0 04 00 00 ff 85 00 81 0b bb
2026-06-29 05:42:39,010 [DEBUG] Sending 31 bytes to BTS 4242/0/0
2026-06-29 05:42:39,010 [DEBUG] Sending 12 bytes to BTS 4242/0/0
2026-06-29 05:42:39,010 [INFO] BTS 4242/0/0: Sent BASEBAND-TRANSCEIVER OPSTART (12 bytes)
2026-06-29 05:42:39,010 [DEBUG] Decoded IPA frame: proto=0xff, payload_len=17, consumed=20, payload_hex: 8080000d610100ffff2402070001ff0401
2026-06-29 05:42:39,010 [DEBUG] OML message: 8080000d610100ffff2402070001ff0401
2026-06-29 05:42:39,010 [DEBUG] BTS 4242/0/0: State Changed Event Report (OC=0x01)
2026-06-29 05:42:39,010 [DEBUG] Decoded IPA frame: proto=0xff, payload_len=9, consumed=12, payload_hex: 8080000575020000ff
2026-06-29 05:42:39,010 [DEBUG] OML message: 8080000575020000ff
2026-06-29 05:42:39,010 [INFO] BTS 4242/0/0: OPSTART_ACK received (OC=0x02)
2026-06-29 05:42:39,010 [INFO] BTS 4242/0/0: RADIO-CARRIER operational
2026-06-29 05:42:39,010 [DEBUG] Decoded IPA frame: proto=0xff, payload_len=9, consumed=12, payload_hex: 808000057503000000
2026-06-29 05:42:39,010 [DEBUG] OML message: 808000057503000000
2026-06-29 05:42:39,010 [INFO] BTS 4242/0/0: OPSTART_ACK received (OC=0x03)
2026-06-29 05:42:39,010 [INFO] BTS 4242/0/0: CHANNEL TS0 OPSTART_ACK - sending CHG_ADM_STATE UNLOCKED
2026-06-29 05:42:39,010 [DEBUG] Sending OML message (11 bytes)
2026-06-29 05:42:39,010 [DEBUG] Sending 14 bytes to BTS 4242/0/0
2026-06-29 05:42:39,010 [DEBUG] Decoded IPA frame: proto=0xff, payload_len=17, consumed=20, payload_hex: 8080000d61030000002402070001ff0401
2026-06-29 05:42:39,010 [DEBUG] OML message: 8080000d61030000002402070001ff0401
2026-06-29 05:42:39,010 [DEBUG] BTS 4242/0/0: State Changed Event Report (OC=0x03)
2026-06-29 05:42:39,010 [DEBUG] Decoded IPA frame: proto=0xff, payload_len=9, consumed=12, payload_hex: 808000057503000001
2026-06-29 05:42:39,010 [DEBUG] OML message: 808000057503000001
2026-06-29 05:42:39,010 [INFO] BTS 4242/0/0: OPSTART_ACK received (OC=0x03)
2026-06-29 05:42:39,010 [INFO] BTS 4242/0/0: CHANNEL TS1 OPSTART_ACK - sending CHG_ADM_STATE UNLOCKED
2026-06-29 05:42:39,010 [DEBUG] Sending OML message (11 bytes)
2026-06-29 05:42:39,010 [DEBUG] Sending 14 bytes to BTS 4242/0/0
2026-06-29 05:42:39,010 [DEBUG] Decoded IPA frame: proto=0xff, payload_len=17, consumed=20, payload_hex: 8080000d61030000012402070001ff0401
2026-06-29 05:42:39,010 [DEBUG] OML message: 8080000d61030000012402070001ff0401
2026-06-29 05:42:39,010 [DEBUG] BTS 4242/0/0: State Changed Event Report (OC=0x03)
2026-06-29 05:42:39,010 [DEBUG] Decoded IPA frame: proto=0xff, payload_len=9, consumed=12, payload_hex: 808000057503000002
2026-06-29 05:42:39,010 [DEBUG] OML message: 808000057503000002
2026-06-29 05:42:39,010 [INFO] BTS 4242/0/0: OPSTART_ACK received (OC=0x03)
2026-06-29 05:42:39,010 [INFO] BTS 4242/0/0: CHANNEL TS2 OPSTART_ACK - sending CHG_ADM_STATE UNLOCKED
2026-06-29 05:42:39,010 [DEBUG] Sending OML message (11 bytes)
2026-06-29 05:42:39,010 [DEBUG] Sending 14 bytes to BTS 4242/0/0
2026-06-29 05:42:39,010 [DEBUG] Decoded IPA frame: proto=0xff, payload_len=17, consumed=20, payload_hex: 8080000d61030000022402070001ff0401
2026-06-29 05:42:39,010 [DEBUG] OML message: 8080000d61030000022402070001ff0401
2026-06-29 05:42:39,010 [DEBUG] BTS 4242/0/0: State Changed Event Report (OC=0x03)
2026-06-29 05:42:39,010 [DEBUG] Decoded IPA frame: proto=0xff, payload_len=9, consumed=12, payload_hex: 808000057503000003
2026-06-29 05:42:39,010 [DEBUG] OML message: 808000057503000003
2026-06-29 05:42:39,010 [INFO] BTS 4242/0/0: OPSTART_ACK received (OC=0x03)
2026-06-29 05:42:39,010 [INFO] BTS 4242/0/0: CHANNEL TS3 OPSTART_ACK - sending CHG_ADM_STATE UNLOCKED
2026-06-29 05:42:39,010 [DEBUG] Sending OML message (11 bytes)
2026-06-29 05:42:39,010 [DEBUG] Sending 14 bytes to BTS 4242/0/0
2026-06-29 05:42:39,011 [DEBUG] Decoded IPA frame: proto=0xff, payload_len=17, consumed=20, payload_hex: 8080000d61030000032402070001ff0401
2026-06-29 05:42:39,011 [DEBUG] OML message: 8080000d61030000032402070001ff0401
2026-06-29 05:42:39,011 [DEBUG] BTS 4242/0/0: State Changed Event Report (OC=0x03)
2026-06-29 05:42:39,011 [DEBUG] Decoded IPA frame: proto=0xff, payload_len=9, consumed=12, payload_hex: 808000057503000004
2026-06-29 05:42:39,011 [DEBUG] OML message: 808000057503000004
2026-06-29 05:42:39,011 [INFO] BTS 4242/0/0: OPSTART_ACK received (OC=0x03)
2026-06-29 05:42:39,011 [INFO] BTS 4242/0/0: CHANNEL TS4 OPSTART_ACK - sending CHG_ADM_STATE UNLOCKED
2026-06-29 05:42:39,011 [DEBUG] Sending OML message (11 bytes)
2026-06-29 05:42:39,011 [DEBUG] Sending 14 bytes to BTS 4242/0/0
2026-06-29 05:42:39,011 [DEBUG] Decoded IPA frame: proto=0xff, payload_len=17, consumed=20, payload_hex: 8080000d61030000042402070001ff0401
2026-06-29 05:42:39,011 [DEBUG] OML message: 8080000d61030000042402070001ff0401
2026-06-29 05:42:39,011 [DEBUG] BTS 4242/0/0: State Changed Event Report (OC=0x03)
2026-06-29 05:42:39,011 [DEBUG] Decoded IPA frame: proto=0xff, payload_len=9, consumed=12, payload_hex: 808000057503000005
2026-06-29 05:42:39,011 [DEBUG] OML message: 808000057503000005
2026-06-29 05:42:39,011 [INFO] BTS 4242/0/0: OPSTART_ACK received (OC=0x03)
2026-06-29 05:42:39,011 [INFO] BTS 4242/0/0: CHANNEL TS5 OPSTART_ACK - sending CHG_ADM_STATE UNLOCKED
2026-06-29 05:42:39,011 [DEBUG] Sending OML message (11 bytes)
2026-06-29 05:42:39,011 [DEBUG] Sending 14 bytes to BTS 4242/0/0
2026-06-29 05:42:39,011 [DEBUG] Decoded IPA frame: proto=0xff, payload_len=17, consumed=20, payload_hex: 8080000d61030000052402070001ff0401
2026-06-29 05:42:39,011 [DEBUG] OML message: 8080000d61030000052402070001ff0401
2026-06-29 05:42:39,011 [DEBUG] BTS 4242/0/0: State Changed Event Report (OC=0x03)
2026-06-29 05:42:39,011 [DEBUG] Decoded IPA frame: proto=0xff, payload_len=9, consumed=12, payload_hex: 808000057503000006
2026-06-29 05:42:39,011 [DEBUG] OML message: 808000057503000006
2026-06-29 05:42:39,011 [INFO] BTS 4242/0/0: OPSTART_ACK received (OC=0x03)
2026-06-29 05:42:39,011 [INFO] BTS 4242/0/0: CHANNEL TS6 OPSTART_ACK - sending CHG_ADM_STATE UNLOCKED
2026-06-29 05:42:39,011 [DEBUG] Sending OML message (11 bytes)
2026-06-29 05:42:39,011 [DEBUG] Sending 14 bytes to BTS 4242/0/0
2026-06-29 05:42:39,011 [DEBUG] Decoded IPA frame: proto=0xff, payload_len=17, consumed=20, payload_hex: 8080000d61030000062402070001ff0401
2026-06-29 05:42:39,011 [DEBUG] OML message: 8080000d61030000062402070001ff0401
2026-06-29 05:42:39,011 [DEBUG] BTS 4242/0/0: State Changed Event Report (OC=0x03)
2026-06-29 05:42:39,011 [DEBUG] Decoded IPA frame: proto=0xff, payload_len=9, consumed=12, payload_hex: 808000057503000007
2026-06-29 05:42:39,011 [DEBUG] OML message: 808000057503000007
2026-06-29 05:42:39,011 [INFO] BTS 4242/0/0: OPSTART_ACK received (OC=0x03)
2026-06-29 05:42:39,011 [INFO] BTS 4242/0/0: CHANNEL TS7 OPSTART_ACK - sending CHG_ADM_STATE UNLOCKED
2026-06-29 05:42:39,011 [DEBUG] Sending OML message (11 bytes)
2026-06-29 05:42:39,011 [DEBUG] Sending 14 bytes to BTS 4242/0/0
2026-06-29 05:42:39,011 [DEBUG] Decoded IPA frame: proto=0xff, payload_len=17, consumed=20, payload_hex: 8080000d61030000072402070001ff0401
2026-06-29 05:42:39,011 [DEBUG] OML message: 8080000d61030000072402070001ff0401
2026-06-29 05:42:39,011 [DEBUG] BTS 4242/0/0: State Changed Event Report (OC=0x03)
2026-06-29 05:42:39,011 [DEBUG] Incomplete frame, buffer size: 0, buffer_hex: 
2026-06-29 05:42:39,019 [DEBUG] Received 36 bytes from BTS
2026-06-29 05:42:39,019 [DEBUG] Decoded IPA frame: proto=0xff, payload_len=33, consumed=36, payload_hex: 1080000f0d636f6d2e697061636365737300e1040000ff8500810bbb800a2a00fa
2026-06-29 05:42:39,019 [DEBUG] OML message: 1080000f0d636f6d2e697061636365737300e1040000ff8500810bbb800a2a00fa
2026-06-29 05:42:39,019 [DEBUG] BTS 4242/0/0: OML msg_type=0x0d
2026-06-29 05:42:39,019 [DEBUG] Incomplete frame, buffer size: 0, buffer_hex: 
2026-06-29 05:42:39,019 [DEBUG] Received 230 bytes from BTS
2026-06-29 05:42:39,019 [DEBUG] Decoded IPA frame: proto=0xff, payload_len=9, consumed=12, payload_hex: 8080000575040000ff
2026-06-29 05:42:39,019 [DEBUG] OML message: 8080000575040000ff
2026-06-29 05:42:39,019 [INFO] BTS 4242/0/0: OPSTART_ACK received (OC=0x04)
2026-06-29 05:42:39,019 [INFO] BTS 4242/0/0: BASEBAND-TRANSCEIVER object OPSTART_ACK
2026-06-29 05:42:39,019 [DEBUG] Decoded IPA frame: proto=0xff, payload_len=11, consumed=14, payload_hex: 808000076a030000000402
2026-06-29 05:42:39,019 [DEBUG] OML message: 808000076a030000000402
2026-06-29 05:42:39,019 [INFO] BTS 4242/0/0: CHG_ADM_STATE_ACK received (OC=0x03)
2026-06-29 05:42:39,019 [DEBUG] Decoded IPA frame: proto=0xff, payload_len=17, consumed=20, payload_hex: 8080000d61030000002402070001ff0402
2026-06-29 05:42:39,019 [DEBUG] OML message: 8080000d61030000002402070001ff0402
2026-06-29 05:42:39,019 [DEBUG] BTS 4242/0/0: State Changed Event Report (OC=0x03)
2026-06-29 05:42:39,019 [DEBUG] Decoded IPA frame: proto=0xff, payload_len=11, consumed=14, payload_hex: 808000076a030000010402
2026-06-29 05:42:39,019 [DEBUG] OML message: 808000076a030000010402
2026-06-29 05:42:39,019 [INFO] BTS 4242/0/0: CHG_ADM_STATE_ACK received (OC=0x03)
2026-06-29 05:42:39,019 [DEBUG] Decoded IPA frame: proto=0xff, payload_len=17, consumed=20, payload_hex: 8080000d61030000012402070001ff0402
2026-06-29 05:42:39,019 [DEBUG] OML message: 8080000d61030000012402070001ff0402
2026-06-29 05:42:39,019 [DEBUG] BTS 4242/0/0: State Changed Event Report (OC=0x03)
2026-06-29 05:42:39,019 [DEBUG] Decoded IPA frame: proto=0xff, payload_len=11, consumed=14, payload_hex: 808000076a030000020402
2026-06-29 05:42:39,019 [DEBUG] OML message: 808000076a030000020402
2026-06-29 05:42:39,019 [INFO] New RSL connection from ('10.42.0.244', 38275)
2026-06-29 05:42:39,019 [INFO] BTS 4242/0/0: CHG_ADM_STATE_ACK received (OC=0x03)
2026-06-29 05:42:39,020 [DEBUG] Decoded IPA frame: proto=0xff, payload_len=17, consumed=20, payload_hex: 8080000d61030000022402070001ff0402
2026-06-29 05:42:39,020 [DEBUG] OML message: 8080000d61030000022402070001ff0402
2026-06-29 05:42:39,020 [DEBUG] BTS 4242/0/0: State Changed Event Report (OC=0x03)
2026-06-29 05:42:39,020 [DEBUG] Decoded IPA frame: proto=0xff, payload_len=11, consumed=14, payload_hex: 808000076a030000030402
2026-06-29 05:42:39,020 [DEBUG] OML message: 808000076a030000030402
2026-06-29 05:42:39,020 [INFO] BTS 4242/0/0: CHG_ADM_STATE_ACK received (OC=0x03)
2026-06-29 05:42:39,020 [DEBUG] Decoded IPA frame: proto=0xff, payload_len=17, consumed=20, payload_hex: 8080000d61030000032402070001ff0402
2026-06-29 05:42:39,020 [DEBUG] OML message: 8080000d61030000032402070001ff0402
2026-06-29 05:42:39,020 [DEBUG] BTS 4242/0/0: State Changed Event Report (OC=0x03)
2026-06-29 05:42:39,020 [DEBUG] Decoded IPA frame: proto=0xff, payload_len=11, consumed=14, payload_hex: 808000076a030000040402
2026-06-29 05:42:39,020 [DEBUG] OML message: 808000076a030000040402
2026-06-29 05:42:39,020 [INFO] BTS 4242/0/0: CHG_ADM_STATE_ACK received (OC=0x03)
2026-06-29 05:42:39,020 [DEBUG] Decoded IPA frame: proto=0xff, payload_len=17, consumed=20, payload_hex: 8080000d61030000042402070001ff0402
2026-06-29 05:42:39,020 [DEBUG] OML message: 8080000d61030000042402070001ff0402
2026-06-29 05:42:39,020 [DEBUG] BTS 4242/0/0: State Changed Event Report (OC=0x03)
2026-06-29 05:42:39,020 [DEBUG] Decoded IPA frame: proto=0xff, payload_len=11, consumed=14, payload_hex: 808000076a030000050402
2026-06-29 05:42:39,020 [DEBUG] OML message: 808000076a030000050402
2026-06-29 05:42:39,020 [INFO] BTS 4242/0/0: CHG_ADM_STATE_ACK received (OC=0x03)
2026-06-29 05:42:39,020 [DEBUG] Decoded IPA frame: proto=0xff, payload_len=17, consumed=20, payload_hex: 8080000d61030000052402070001ff0402
2026-06-29 05:42:39,020 [DEBUG] OML message: 8080000d61030000052402070001ff0402
2026-06-29 05:42:39,020 [DEBUG] BTS 4242/0/0: State Changed Event Report (OC=0x03)
2026-06-29 05:42:39,020 [DEBUG] Decoded IPA frame: proto=0xff, payload_len=11, consumed=14, payload_hex: 808000076a030000060402
2026-06-29 05:42:39,020 [DEBUG] OML message: 808000076a030000060402
2026-06-29 05:42:39,020 [INFO] BTS 4242/0/0: CHG_ADM_STATE_ACK received (OC=0x03)
2026-06-29 05:42:39,020 [DEBUG] Incomplete frame, buffer size: 0, buffer_hex: 
2026-06-29 05:42:39,020 [DEBUG] Received 54 bytes from BTS
2026-06-29 05:42:39,020 [DEBUG] Decoded IPA frame: proto=0xff, payload_len=17, consumed=20, payload_hex: 8080000d61030000062402070001ff0402
2026-06-29 05:42:39,020 [DEBUG] OML message: 8080000d61030000062402070001ff0402
2026-06-29 05:42:39,020 [DEBUG] BTS 4242/0/0: State Changed Event Report (OC=0x03)
2026-06-29 05:42:39,020 [DEBUG] Decoded IPA frame: proto=0xff, payload_len=11, consumed=14, payload_hex: 808000076a030000070402
2026-06-29 05:42:39,020 [DEBUG] OML message: 808000076a030000070402
2026-06-29 05:42:39,020 [INFO] BTS 4242/0/0: CHG_ADM_STATE_ACK received (OC=0x03)
2026-06-29 05:42:39,020 [DEBUG] Decoded IPA frame: proto=0xff, payload_len=17, consumed=20, payload_hex: 8080000d61030000072402070001ff0402
2026-06-29 05:42:39,020 [DEBUG] OML message: 8080000d61030000072402070001ff0402
2026-06-29 05:42:39,020 [DEBUG] BTS 4242/0/0: State Changed Event Report (OC=0x03)
2026-06-29 05:42:39,020 [DEBUG] Incomplete frame, buffer size: 0, buffer_hex: 
2026-06-29 05:42:39,020 [INFO] [RSL] BTS connection from ('10.42.0.244', 38275)
2026-06-29 05:42:39,021 [DEBUG] Sending ID_GET: 0011fe0401080107010201030104010501010100
2026-06-29 05:42:39,021 [DEBUG] ID_GET sent (20 bytes)
2026-06-29 05:42:39,021 [INFO] Entering receive loop, waiting for messages from BTS...
2026-06-29 05:42:39,021 [DEBUG] Received 20 bytes from BTS
2026-06-29 05:42:39,021 [DEBUG] Decoded IPA frame: proto=0xff, payload_len=17, consumed=20, payload_hex: 8080000d61020000ff2402070001ff0401
2026-06-29 05:42:39,021 [DEBUG] OML message: 8080000d61020000ff2402070001ff0401
2026-06-29 05:42:39,021 [DEBUG] Received 95 bytes from BTS
2026-06-29 05:42:39,021 [DEBUG] BTS 4242/0/0: State Changed Event Report (OC=0x02)
2026-06-29 05:42:39,021 [DEBUG] Decoded IPA frame: proto=0xfe, payload_len=88, consumed=91, payload_hex: 05000a08343234322f302f300000130761363a36323a35313a37353a61343a39370000020200000a036f736d6f2d6274730000020400001005312e31312e302e32332d6234666600000a016f736d6f2d6274730000020000
2026-06-29 05:42:39,021 [DEBUG] Incomplete frame, buffer size: 0, buffer_hex: 
2026-06-29 05:42:39,022 [DEBUG] CCM message: 05000a08343234322f302f300000130761363a36323a35313a37353a61343a39370000020200000a036f736d6f2d6274730000020400001005312e31312e302e32332d6234666600000a016f736d6f2d6274730000020000
2026-06-29 05:42:39,022 [INFO] BTS identified: 4242/0/0
2026-06-29 05:42:39,022 [DEBUG] Sending 4 bytes to BTS 4242/0/0
2026-06-29 05:42:39,022 [DEBUG] Received 20 bytes from BTS
2026-06-29 05:42:39,023 [DEBUG] Decoded IPA frame: proto=0xff, payload_len=17, consumed=20, payload_hex: 8080000d61040000ff2402070001ff0401
2026-06-29 05:42:39,023 [DEBUG] OML message: 8080000d61040000ff2402070001ff0401
2026-06-29 05:42:39,023 [DEBUG] BTS 4242/0/0: State Changed Event Report (OC=0x04)
2026-06-29 05:42:39,023 [DEBUG] Incomplete frame, buffer size: 0, buffer_hex: 
2026-06-29 05:42:39,023 [INFO] BTS 4242/0/0 RSL connected (IPA identified)
2026-06-29 05:42:39,023 [INFO] BTS 4242/0/0 RSL link established, sending all SI messages
2026-06-29 05:42:39,023 [INFO] BTS 4242/0/0: SI1 sent (23 bytes)
2026-06-29 05:42:39,023 [INFO] BTS 4242/0/0: SI2 sent (23 bytes)
2026-06-29 05:42:39,023 [INFO] BTS 4242/0/0: SI3 sent (23 bytes, LAC=4242)
2026-06-29 05:42:39,023 [INFO] BTS 4242/0/0: SI4 sent (23 bytes, LAC=4242)
2026-06-29 05:42:39,023 [INFO] BTS 4242/0/0: All BCCH SI messages sent successfully (SI1-SI4)
2026-06-29 05:42:39,023 [DEBUG] Buffered event BTS_READY (total buffered: 2)
2026-06-29 05:42:39,023 [DEBUG] Decoded IPA frame: proto=0xfe, payload_len=1, consumed=4, payload_hex: 06
2026-06-29 05:42:39,023 [DEBUG] CCM message: 06
2026-06-29 05:42:39,023 [DEBUG] Incomplete frame, buffer size: 0, buffer_hex: 
2026-06-29 05:42:39,023 [DEBUG] Received 7 bytes from BTS
2026-06-29 05:42:39,023 [DEBUG] Decoded IPA frame: proto=0x00, payload_len=4, consumed=7, payload_hex: 10191500
2026-06-29 05:42:39,023 [DEBUG] RSL message: 10191500
2026-06-29 05:42:39,023 [DEBUG] RSL discriminator: 0x10, message type: 0x19, payload: 10191500
2026-06-29 05:42:39,023 [DEBUG] Incomplete frame, buffer size: 0, buffer_hex: 
2026-06-29 05:42:39,172 [INFO] New OML connection from ('10.42.0.245', 39227)
2026-06-29 05:42:39,172 [INFO] [OML] BTS connection from ('10.42.0.245', 39227)
2026-06-29 05:42:39,172 [DEBUG] Sending ID_GET: 0011fe0401080107010201030104010501010100
2026-06-29 05:42:39,172 [DEBUG] ID_GET sent (20 bytes)
2026-06-29 05:42:39,172 [INFO] Entering receive loop, waiting for messages from BTS...
2026-06-29 05:42:39,188 [DEBUG] Received 127 bytes from BTS
2026-06-29 05:42:39,188 [DEBUG] Decoded IPA frame: proto=0xfe, payload_len=88, consumed=91, payload_hex: 05000a08343234382f302f300000130766323a33393a38393a62393a38633a34640000020200000a036f736d6f2d6274730000020400001005312e31312e302e32332d6234666600000a016f736d6f2d6274730000020000
2026-06-29 05:42:39,188 [DEBUG] CCM message: 05000a08343234382f302f300000130766323a33393a38393a62393a38633a34640000020200000a036f736d6f2d6274730000020400001005312e31312e302e32332d6234666600000a016f736d6f2d6274730000020000
2026-06-29 05:42:39,188 [INFO] BTS identified: 4248/0/0
2026-06-29 05:42:39,188 [DEBUG] Sending 4 bytes to BTS 4248/0/0
2026-06-29 05:42:39,188 [INFO] BTS 4248/0/0 OML connected (IPA identified)
2026-06-29 05:42:39,188 [DEBUG] Buffered event BTS_CONNECTED (total buffered: 3)
2026-06-29 05:42:39,188 [DEBUG] Decoded IPA frame: proto=0xfe, payload_len=1, consumed=4, payload_hex: 06
2026-06-29 05:42:39,188 [DEBUG] CCM message: 06
2026-06-29 05:42:39,188 [DEBUG] Decoded IPA frame: proto=0xff, payload_len=9, consumed=12, payload_hex: 808000051000ffffff
2026-06-29 05:42:39,188 [DEBUG] OML message: 808000051000ffffff
2026-06-29 05:42:39,188 [INFO] BTS 4248/0/0: SW_ACTIVATED_REP (OC=0x00, INST=ffffff)
2026-06-29 05:42:39,188 [INFO] BTS 4248/0/0: Sending OPSTART for SITE-MANAGER
2026-06-29 05:42:39,188 [DEBUG] Sending OML message (9 bytes)
2026-06-29 05:42:39,188 [DEBUG] Sending 12 bytes to BTS 4248/0/0
2026-06-29 05:42:39,188 [DEBUG] Decoded IPA frame: proto=0xff, payload_len=17, consumed=20, payload_hex: 8080000d6100ffffff2401070001030401
2026-06-29 05:42:39,188 [DEBUG] OML message: 8080000d6100ffffff2401070001030401
2026-06-29 05:42:39,188 [DEBUG] BTS 4248/0/0: State Changed Event Report (OC=0x00)
2026-06-29 05:42:39,188 [DEBUG] Incomplete frame, buffer size: 0, buffer_hex: 
2026-06-29 05:42:39,188 [DEBUG] Received 392 bytes from BTS
2026-06-29 05:42:39,188 [DEBUG] Decoded IPA frame: proto=0xff, payload_len=9, consumed=12, payload_hex: 8080000510f000ffff
2026-06-29 05:42:39,188 [DEBUG] OML message: 8080000510f000ffff
2026-06-29 05:42:39,188 [INFO] BTS 4248/0/0: SW_ACTIVATED_REP (OC=0xf0, INST=00ffff)
2026-06-29 05:42:39,188 [DEBUG] Decoded IPA frame: proto=0xff, payload_len=9, consumed=12, payload_hex: 8080000510f10000ff
2026-06-29 05:42:39,189 [DEBUG] OML message: 8080000510f10000ff
2026-06-29 05:42:39,189 [INFO] BTS 4248/0/0: SW_ACTIVATED_REP (OC=0xf1, INST=0000ff)
2026-06-29 05:42:39,189 [DEBUG] Decoded IPA frame: proto=0xff, payload_len=17, consumed=20, payload_hex: 8080000d61f10000ff2401070001050401
2026-06-29 05:42:39,189 [DEBUG] OML message: 8080000d61f10000ff2401070001050401
2026-06-29 05:42:39,189 [DEBUG] BTS 4248/0/0: State Changed Event Report (OC=0xf1)
2026-06-29 05:42:39,189 [DEBUG] Decoded IPA frame: proto=0xff, payload_len=9, consumed=12, payload_hex: 8080000510f20000ff
2026-06-29 05:42:39,189 [DEBUG] OML message: 8080000510f20000ff
2026-06-29 05:42:39,189 [INFO] BTS 4248/0/0: SW_ACTIVATED_REP (OC=0xf2, INST=0000ff)
2026-06-29 05:42:39,189 [DEBUG] Decoded IPA frame: proto=0xff, payload_len=17, consumed=20, payload_hex: 8080000d61f20000ff2401070001050401
2026-06-29 05:42:39,189 [DEBUG] OML message: 8080000d61f20000ff2401070001050401
2026-06-29 05:42:39,189 [DEBUG] BTS 4248/0/0: State Changed Event Report (OC=0xf2)
2026-06-29 05:42:39,189 [DEBUG] Decoded IPA frame: proto=0xff, payload_len=9, consumed=12, payload_hex: 8080000510f20001ff
2026-06-29 05:42:39,189 [DEBUG] OML message: 8080000510f20001ff
2026-06-29 05:42:39,189 [INFO] BTS 4248/0/0: SW_ACTIVATED_REP (OC=0xf2, INST=0001ff)
2026-06-29 05:42:39,189 [DEBUG] Decoded IPA frame: proto=0xff, payload_len=17, consumed=20, payload_hex: 8080000d61f20001ff2401070001050401
2026-06-29 05:42:39,189 [DEBUG] OML message: 8080000d61f20001ff2401070001050401
2026-06-29 05:42:39,189 [DEBUG] BTS 4248/0/0: State Changed Event Report (OC=0xf2)
2026-06-29 05:42:39,189 [DEBUG] Decoded IPA frame: proto=0xff, payload_len=17, consumed=20, payload_hex: 8080000d61f000ffff2401070001050401
2026-06-29 05:42:39,189 [DEBUG] OML message: 8080000d61f000ffff2401070001050401
2026-06-29 05:42:39,189 [DEBUG] BTS 4248/0/0: State Changed Event Report (OC=0xf0)
2026-06-29 05:42:39,189 [DEBUG] Decoded IPA frame: proto=0xff, payload_len=9, consumed=12, payload_hex: 80800005100100ffff
2026-06-29 05:42:39,189 [DEBUG] OML message: 80800005100100ffff
2026-06-29 05:42:39,189 [INFO] BTS 4248/0/0: SW_ACTIVATED_REP (OC=0x01, INST=00ffff)
2026-06-29 05:42:39,189 [DEBUG] Decoded IPA frame: proto=0xff, payload_len=17, consumed=20, payload_hex: 8080000d610100ffff2401070001030401
2026-06-29 05:42:39,189 [DEBUG] OML message: 8080000d610100ffff2401070001030401
2026-06-29 05:42:39,189 [DEBUG] BTS 4248/0/0: State Changed Event Report (OC=0x01)
2026-06-29 05:42:39,189 [DEBUG] Decoded IPA frame: proto=0xff, payload_len=17, consumed=20, payload_hex: 8080000d61020000ff2401070001070401
2026-06-29 05:42:39,189 [DEBUG] OML message: 8080000d61020000ff2401070001070401
2026-06-29 05:42:39,189 [DEBUG] BTS 4248/0/0: State Changed Event Report (OC=0x02)
2026-06-29 05:42:39,189 [DEBUG] Decoded IPA frame: proto=0xff, payload_len=17, consumed=20, payload_hex: 8080000d61040000ff2401070001070401
2026-06-29 05:42:39,189 [DEBUG] OML message: 8080000d61040000ff2401070001070401
2026-06-29 05:42:39,189 [DEBUG] BTS 4248/0/0: State Changed Event Report (OC=0x04)
2026-06-29 05:42:39,189 [DEBUG] Decoded IPA frame: proto=0xff, payload_len=17, consumed=20, payload_hex: 8080000d61030000002401070001070401
2026-06-29 05:42:39,189 [DEBUG] OML message: 8080000d61030000002401070001070401
2026-06-29 05:42:39,189 [DEBUG] BTS 4248/0/0: State Changed Event Report (OC=0x03)
2026-06-29 05:42:39,189 [DEBUG] Decoded IPA frame: proto=0xff, payload_len=17, consumed=20, payload_hex: 8080000d61030000012401070001070401
2026-06-29 05:42:39,189 [DEBUG] OML message: 8080000d61030000012401070001070401
2026-06-29 05:42:39,189 [DEBUG] BTS 4248/0/0: State Changed Event Report (OC=0x03)
2026-06-29 05:42:39,189 [DEBUG] Decoded IPA frame: proto=0xff, payload_len=17, consumed=20, payload_hex: 8080000d61030000022401070001070401
2026-06-29 05:42:39,189 [DEBUG] OML message: 8080000d61030000022401070001070401
2026-06-29 05:42:39,189 [DEBUG] BTS 4248/0/0: State Changed Event Report (OC=0x03)
2026-06-29 05:42:39,189 [DEBUG] Decoded IPA frame: proto=0xff, payload_len=17, consumed=20, payload_hex: 8080000d61030000032401070001070401
2026-06-29 05:42:39,189 [DEBUG] OML message: 8080000d61030000032401070001070401
2026-06-29 05:42:39,189 [DEBUG] BTS 4248/0/0: State Changed Event Report (OC=0x03)
2026-06-29 05:42:39,189 [DEBUG] Decoded IPA frame: proto=0xff, payload_len=17, consumed=20, payload_hex: 8080000d61030000042401070001070401
2026-06-29 05:42:39,189 [DEBUG] OML message: 8080000d61030000042401070001070401
2026-06-29 05:42:39,189 [DEBUG] BTS 4248/0/0: State Changed Event Report (OC=0x03)
2026-06-29 05:42:39,189 [DEBUG] Decoded IPA frame: proto=0xff, payload_len=17, consumed=20, payload_hex: 8080000d61030000052401070001070401
2026-06-29 05:42:39,189 [DEBUG] OML message: 8080000d61030000052401070001070401
2026-06-29 05:42:39,189 [DEBUG] BTS 4248/0/0: State Changed Event Report (OC=0x03)
2026-06-29 05:42:39,189 [DEBUG] Decoded IPA frame: proto=0xff, payload_len=17, consumed=20, payload_hex: 8080000d61030000062401070001070401
2026-06-29 05:42:39,189 [DEBUG] OML message: 8080000d61030000062401070001070401
2026-06-29 05:42:39,189 [DEBUG] BTS 4248/0/0: State Changed Event Report (OC=0x03)
2026-06-29 05:42:39,189 [DEBUG] Decoded IPA frame: proto=0xff, payload_len=17, consumed=20, payload_hex: 8080000d61030000072401070001070401
2026-06-29 05:42:39,189 [DEBUG] OML message: 8080000d61030000072401070001070401
2026-06-29 05:42:39,189 [DEBUG] BTS 4248/0/0: State Changed Event Report (OC=0x03)
2026-06-29 05:42:39,189 [DEBUG] Decoded IPA frame: proto=0xff, payload_len=9, consumed=12, payload_hex: 808000057500ffffff
2026-06-29 05:42:39,189 [DEBUG] OML message: 808000057500ffffff
2026-06-29 05:42:39,189 [INFO] BTS 4248/0/0: OPSTART_ACK received (OC=0x00)
2026-06-29 05:42:39,189 [INFO] BTS 4248/0/0: SITE-MANAGER operational, sending SET_BTS_ATTR
2026-06-29 05:42:39,190 [INFO] BTS 4248/0/0: Using ARFCN=56
2026-06-29 05:42:39,190 [DEBUG] Sending OML message (65 bytes)
2026-06-29 05:42:39,190 [DEBUG] Sending 68 bytes to BTS 4248/0/0
2026-06-29 05:42:39,190 [INFO] BTS 4248/0/0: Sent SET_BTS_ATTR
2026-06-29 05:42:39,190 [DEBUG] Sending OML message (14 bytes)
2026-06-29 05:42:39,190 [DEBUG] Sending 17 bytes to BTS 4248/0/0
2026-06-29 05:42:39,190 [INFO] BTS 4248/0/0: Sent SET_RADIO_ATTR (ARFCN=56)
2026-06-29 05:42:39,190 [DEBUG] Sending OML message (13 bytes)
2026-06-29 05:42:39,190 [DEBUG] Sending 16 bytes to BTS 4248/0/0
2026-06-29 05:42:39,190 [INFO] BTS 4248/0/0: Sent SET_CHAN_ATTR for TS0 (CCCH+SDCCH/4)
2026-06-29 05:42:39,190 [DEBUG] Sending OML message (13 bytes)
2026-06-29 05:42:39,190 [DEBUG] Sending 16 bytes to BTS 4248/0/0
2026-06-29 05:42:39,190 [INFO] BTS 4248/0/0: Sent SET_CHAN_ATTR for TS1 (SDCCH/8)
2026-06-29 05:42:39,190 [DEBUG] Sending OML message (13 bytes)
2026-06-29 05:42:39,190 [DEBUG] Sending 16 bytes to BTS 4248/0/0
2026-06-29 05:42:39,190 [INFO] BTS 4248/0/0: Sent SET_CHAN_ATTR for TS2 (TCH/F)
2026-06-29 05:42:39,190 [DEBUG] Sending OML message (13 bytes)
2026-06-29 05:42:39,190 [DEBUG] Sending 16 bytes to BTS 4248/0/0
2026-06-29 05:42:39,190 [INFO] BTS 4248/0/0: Sent SET_CHAN_ATTR for TS3 (TCH/H)
2026-06-29 05:42:39,190 [DEBUG] Sending OML message (13 bytes)
2026-06-29 05:42:39,190 [DEBUG] Sending 16 bytes to BTS 4248/0/0
2026-06-29 05:42:39,190 [INFO] BTS 4248/0/0: Sent SET_CHAN_ATTR for TS4 (TCH/F)
2026-06-29 05:42:39,190 [DEBUG] Sending OML message (13 bytes)
2026-06-29 05:42:39,190 [DEBUG] Sending 16 bytes to BTS 4248/0/0
2026-06-29 05:42:39,190 [INFO] BTS 4248/0/0: Sent SET_CHAN_ATTR for TS5 (TCH/F)
2026-06-29 05:42:39,190 [DEBUG] Sending OML message (13 bytes)
2026-06-29 05:42:39,190 [DEBUG] Sending 16 bytes to BTS 4248/0/0
2026-06-29 05:42:39,190 [INFO] BTS 4248/0/0: Sent SET_CHAN_ATTR for TS6 (TCH/F)
2026-06-29 05:42:39,190 [DEBUG] Sending OML message (13 bytes)
2026-06-29 05:42:39,190 [DEBUG] Sending 16 bytes to BTS 4248/0/0
2026-06-29 05:42:39,190 [INFO] BTS 4248/0/0: Sent SET_CHAN_ATTR for TS7 (TCH/F)
2026-06-29 05:42:39,190 [DEBUG] Decoded IPA frame: proto=0xff, payload_len=17, consumed=20, payload_hex: 8080000d6100ffffff2402070001ff0401
2026-06-29 05:42:39,190 [DEBUG] OML message: 8080000d6100ffffff2402070001ff0401
2026-06-29 05:42:39,190 [DEBUG] BTS 4248/0/0: State Changed Event Report (OC=0x00)
2026-06-29 05:42:39,190 [DEBUG] Incomplete frame, buffer size: 0, buffer_hex: 
2026-06-29 05:42:39,190 [DEBUG] Received 533 bytes from BTS
2026-06-29 05:42:39,190 [DEBUG] Decoded IPA frame: proto=0xff, payload_len=9, consumed=12, payload_hex: 8080000510020000ff
2026-06-29 05:42:39,190 [DEBUG] OML message: 8080000510020000ff
2026-06-29 05:42:39,190 [INFO] BTS 4248/0/0: SW_ACTIVATED_REP (OC=0x02, INST=0000ff)
2026-06-29 05:42:39,190 [INFO] BTS 4248/0/0: RADIO-CARRIER activated, sending SET_RADIO_CARRIER_ATTR
2026-06-29 05:42:39,190 [DEBUG] Sending OML message (14 bytes)
2026-06-29 05:42:39,190 [DEBUG] Sending 17 bytes to BTS 4248/0/0
2026-06-29 05:42:39,190 [INFO] BTS 4248/0/0: Sent SET_RADIO_CARRIER_ATTR (ARFCN=56)
2026-06-29 05:42:39,190 [DEBUG] Decoded IPA frame: proto=0xff, payload_len=17, consumed=20, payload_hex: 8080000d61020000ff2401070001030401
2026-06-29 05:42:39,190 [DEBUG] OML message: 8080000d61020000ff2401070001030401
2026-06-29 05:42:39,190 [DEBUG] BTS 4248/0/0: State Changed Event Report (OC=0x02)
2026-06-29 05:42:39,190 [DEBUG] Decoded IPA frame: proto=0xff, payload_len=9, consumed=12, payload_hex: 8080000510040000ff
2026-06-29 05:42:39,190 [DEBUG] OML message: 8080000510040000ff
2026-06-29 05:42:39,191 [INFO] BTS 4248/0/0: SW_ACTIVATED_REP (OC=0x04, INST=0000ff)
2026-06-29 05:42:39,191 [INFO] BTS 4248/0/0: BASEBAND-TRANSCEIVER activated
2026-06-29 05:42:39,191 [DEBUG] Decoded IPA frame: proto=0xff, payload_len=17, consumed=20, payload_hex: 8080000d61040000ff2401070001030401
2026-06-29 05:42:39,191 [DEBUG] OML message: 8080000d61040000ff2401070001030401
2026-06-29 05:42:39,191 [DEBUG] BTS 4248/0/0: State Changed Event Report (OC=0x04)
2026-06-29 05:42:39,191 [DEBUG] Decoded IPA frame: proto=0xff, payload_len=9, consumed=12, payload_hex: 808000051003000000
2026-06-29 05:42:39,191 [DEBUG] OML message: 808000051003000000
2026-06-29 05:42:39,191 [INFO] BTS 4248/0/0: SW_ACTIVATED_REP (OC=0x03, INST=000000)
2026-06-29 05:42:39,191 [DEBUG] Decoded IPA frame: proto=0xff, payload_len=17, consumed=20, payload_hex: 8080000d61030000002401070001050401
2026-06-29 05:42:39,191 [DEBUG] OML message: 8080000d61030000002401070001050401
2026-06-29 05:42:39,191 [DEBUG] BTS 4248/0/0: State Changed Event Report (OC=0x03)
2026-06-29 05:42:39,191 [DEBUG] Decoded IPA frame: proto=0xff, payload_len=9, consumed=12, payload_hex: 808000051003000001
2026-06-29 05:42:39,191 [DEBUG] OML message: 808000051003000001
2026-06-29 05:42:39,191 [INFO] BTS 4248/0/0: SW_ACTIVATED_REP (OC=0x03, INST=000001)
2026-06-29 05:42:39,191 [DEBUG] Decoded IPA frame: proto=0xff, payload_len=17, consumed=20, payload_hex: 8080000d61030000012401070001050401
2026-06-29 05:42:39,191 [DEBUG] OML message: 8080000d61030000012401070001050401
2026-06-29 05:42:39,191 [DEBUG] BTS 4248/0/0: State Changed Event Report (OC=0x03)
2026-06-29 05:42:39,191 [DEBUG] Decoded IPA frame: proto=0xff, payload_len=9, consumed=12, payload_hex: 808000051003000002
2026-06-29 05:42:39,191 [DEBUG] OML message: 808000051003000002
2026-06-29 05:42:39,191 [INFO] BTS 4248/0/0: SW_ACTIVATED_REP (OC=0x03, INST=000002)
2026-06-29 05:42:39,191 [DEBUG] Decoded IPA frame: proto=0xff, payload_len=17, consumed=20, payload_hex: 8080000d61030000022401070001050401
2026-06-29 05:42:39,191 [DEBUG] OML message: 8080000d61030000022401070001050401
2026-06-29 05:42:39,191 [DEBUG] BTS 4248/0/0: State Changed Event Report (OC=0x03)
2026-06-29 05:42:39,191 [DEBUG] Decoded IPA frame: proto=0xff, payload_len=9, consumed=12, payload_hex: 808000051003000003
2026-06-29 05:42:39,191 [DEBUG] OML message: 808000051003000003
2026-06-29 05:42:39,191 [INFO] BTS 4248/0/0: SW_ACTIVATED_REP (OC=0x03, INST=000003)
2026-06-29 05:42:39,191 [DEBUG] Decoded IPA frame: proto=0xff, payload_len=17, consumed=20, payload_hex: 8080000d61030000032401070001050401
2026-06-29 05:42:39,191 [DEBUG] OML message: 8080000d61030000032401070001050401
2026-06-29 05:42:39,191 [DEBUG] BTS 4248/0/0: State Changed Event Report (OC=0x03)
2026-06-29 05:42:39,191 [DEBUG] Decoded IPA frame: proto=0xff, payload_len=9, consumed=12, payload_hex: 808000051003000004
2026-06-29 05:42:39,191 [DEBUG] OML message: 808000051003000004
2026-06-29 05:42:39,191 [INFO] BTS 4248/0/0: SW_ACTIVATED_REP (OC=0x03, INST=000004)
2026-06-29 05:42:39,191 [DEBUG] Decoded IPA frame: proto=0xff, payload_len=17, consumed=20, payload_hex: 8080000d61030000042401070001050401
2026-06-29 05:42:39,191 [DEBUG] OML message: 8080000d61030000042401070001050401
2026-06-29 05:42:39,191 [DEBUG] BTS 4248/0/0: State Changed Event Report (OC=0x03)
2026-06-29 05:42:39,191 [DEBUG] Decoded IPA frame: proto=0xff, payload_len=9, consumed=12, payload_hex: 808000051003000005
2026-06-29 05:42:39,191 [DEBUG] OML message: 808000051003000005
2026-06-29 05:42:39,191 [INFO] BTS 4248/0/0: SW_ACTIVATED_REP (OC=0x03, INST=000005)
2026-06-29 05:42:39,191 [DEBUG] Decoded IPA frame: proto=0xff, payload_len=17, consumed=20, payload_hex: 8080000d61030000052401070001050401
2026-06-29 05:42:39,191 [DEBUG] OML message: 8080000d61030000052401070001050401
2026-06-29 05:42:39,191 [DEBUG] BTS 4248/0/0: State Changed Event Report (OC=0x03)
2026-06-29 05:42:39,191 [DEBUG] Decoded IPA frame: proto=0xff, payload_len=9, consumed=12, payload_hex: 808000051003000006
2026-06-29 05:42:39,191 [DEBUG] OML message: 808000051003000006
2026-06-29 05:42:39,191 [INFO] BTS 4248/0/0: SW_ACTIVATED_REP (OC=0x03, INST=000006)
2026-06-29 05:42:39,191 [DEBUG] Decoded IPA frame: proto=0xff, payload_len=17, consumed=20, payload_hex: 8080000d61030000062401070001050401
2026-06-29 05:42:39,191 [DEBUG] OML message: 8080000d61030000062401070001050401
2026-06-29 05:42:39,191 [DEBUG] BTS 4248/0/0: State Changed Event Report (OC=0x03)
2026-06-29 05:42:39,191 [DEBUG] Decoded IPA frame: proto=0xff, payload_len=9, consumed=12, payload_hex: 808000051003000007
2026-06-29 05:42:39,191 [DEBUG] OML message: 808000051003000007
2026-06-29 05:42:39,191 [INFO] BTS 4248/0/0: SW_ACTIVATED_REP (OC=0x03, INST=000007)
2026-06-29 05:42:39,191 [DEBUG] Decoded IPA frame: proto=0xff, payload_len=17, consumed=20, payload_hex: 8080000d61030000072401070001050401
2026-06-29 05:42:39,191 [DEBUG] OML message: 8080000d61030000072401070001050401
2026-06-29 05:42:39,191 [DEBUG] BTS 4248/0/0: State Changed Event Report (OC=0x03)
2026-06-29 05:42:39,191 [DEBUG] Decoded IPA frame: proto=0xff, payload_len=65, consumed=68, payload_hex: 8080003d420100ffff19f8fafcfeffff18010e00020104331e2424a83421a81f3f2500010a0c0a0b012a5a2b03e80a0a230a080038093f99000709f10700010000
2026-06-29 05:42:39,191 [DEBUG] OML message: 8080003d420100ffff19f8fafcfeffff18010e00020104331e2424a83421a81f3f2500010a0c0a0b012a5a2b03e80a0a230a080038093f99000709f10700010000
2026-06-29 05:42:39,191 [INFO] BTS 4248/0/0: SET_BTS_ATTR_ACK received
2026-06-29 05:42:39,191 [DEBUG] Decoded IPA frame: proto=0xff, payload_len=14, consumed=17, payload_hex: 8080000a45020000ff0500020038
2026-06-29 05:42:39,191 [DEBUG] OML message: 8080000a45020000ff0500020038
2026-06-29 05:42:39,191 [INFO] BTS 4248/0/0: SET_RADIO_ATTR_ACK received
2026-06-29 05:42:39,191 [DEBUG] Decoded IPA frame: proto=0xff, payload_len=13, consumed=16, payload_hex: 8080000948030000000d054007
2026-06-29 05:42:39,191 [DEBUG] OML message: 8080000948030000000d054007
2026-06-29 05:42:39,191 [INFO] BTS 4248/0/0: SET_CHAN_ATTR_ACK (standard) [1/8]
2026-06-29 05:42:39,191 [DEBUG] Decoded IPA frame: proto=0xff, payload_len=13, consumed=16, payload_hex: 8080000948030000010d034007
2026-06-29 05:42:39,192 [DEBUG] OML message: 8080000948030000010d034007
2026-06-29 05:42:39,192 [INFO] BTS 4248/0/0: SET_CHAN_ATTR_ACK (standard) [2/8]
2026-06-29 05:42:39,192 [DEBUG] Decoded IPA frame: proto=0xff, payload_len=13, consumed=16, payload_hex: 8080000948030000020d004007
2026-06-29 05:42:39,192 [DEBUG] OML message: 8080000948030000020d004007
2026-06-29 05:42:39,192 [INFO] BTS 4248/0/0: SET_CHAN_ATTR_ACK (standard) [3/8]
2026-06-29 05:42:39,192 [DEBUG] Decoded IPA frame: proto=0xff, payload_len=13, consumed=16, payload_hex: 8080000948030000030d014007
2026-06-29 05:42:39,192 [DEBUG] OML message: 8080000948030000030d014007
2026-06-29 05:42:39,192 [INFO] BTS 4248/0/0: SET_CHAN_ATTR_ACK (standard) [4/8]
2026-06-29 05:42:39,192 [DEBUG] Decoded IPA frame: proto=0xff, payload_len=13, consumed=16, payload_hex: 8080000948030000040d004007
2026-06-29 05:42:39,192 [DEBUG] OML message: 8080000948030000040d004007
2026-06-29 05:42:39,192 [INFO] BTS 4248/0/0: SET_CHAN_ATTR_ACK (standard) [5/8]
2026-06-29 05:42:39,192 [DEBUG] Decoded IPA frame: proto=0xff, payload_len=13, consumed=16, payload_hex: 8080000948030000050d004007
2026-06-29 05:42:39,192 [DEBUG] OML message: 8080000948030000050d004007
2026-06-29 05:42:39,192 [INFO] BTS 4248/0/0: SET_CHAN_ATTR_ACK (standard) [6/8]
2026-06-29 05:42:39,192 [DEBUG] Decoded IPA frame: proto=0xff, payload_len=13, consumed=16, payload_hex: 8080000948030000060d004007
2026-06-29 05:42:39,192 [DEBUG] OML message: 8080000948030000060d004007
2026-06-29 05:42:39,192 [INFO] BTS 4248/0/0: SET_CHAN_ATTR_ACK (standard) [7/8]
2026-06-29 05:42:39,192 [DEBUG] Decoded IPA frame: proto=0xff, payload_len=13, consumed=16, payload_hex: 8080000948030000070d004007
2026-06-29 05:42:39,192 [DEBUG] OML message: 8080000948030000070d004007
2026-06-29 05:42:39,192 [INFO] BTS 4248/0/0: SET_CHAN_ATTR_ACK (standard) [8/8]
2026-06-29 05:42:39,192 [INFO] BTS 4248/0/0: All attributes configured, sending OPSTART commands
2026-06-29 05:42:39,192 [DEBUG] Sending OML message (9 bytes)
2026-06-29 05:42:39,192 [DEBUG] Sending 12 bytes to BTS 4248/0/0
2026-06-29 05:42:39,192 [INFO] BTS 4248/0/0: Sent OPSTART for BTS
2026-06-29 05:42:39,192 [DEBUG] Sending OML message (9 bytes)
2026-06-29 05:42:39,192 [DEBUG] Sending 12 bytes to BTS 4248/0/0
2026-06-29 05:42:39,192 [INFO] BTS 4248/0/0: Sent OPSTART for RADIO-CARRIER
2026-06-29 05:42:39,192 [DEBUG] Sending OML message (9 bytes)
2026-06-29 05:42:39,192 [DEBUG] Sending 12 bytes to BTS 4248/0/0
2026-06-29 05:42:39,192 [INFO] BTS 4248/0/0: Sent OPSTART for CHANNEL TS0
2026-06-29 05:42:39,192 [DEBUG] Sending OML message (9 bytes)
2026-06-29 05:42:39,192 [DEBUG] Sending 12 bytes to BTS 4248/0/0
2026-06-29 05:42:39,192 [INFO] BTS 4248/0/0: Sent OPSTART for CHANNEL TS1
2026-06-29 05:42:39,192 [DEBUG] Sending OML message (9 bytes)
2026-06-29 05:42:39,192 [DEBUG] Sending 12 bytes to BTS 4248/0/0
2026-06-29 05:42:39,192 [INFO] BTS 4248/0/0: Sent OPSTART for CHANNEL TS2
2026-06-29 05:42:39,192 [DEBUG] Sending OML message (9 bytes)
2026-06-29 05:42:39,192 [DEBUG] Sending 12 bytes to BTS 4248/0/0
2026-06-29 05:42:39,192 [INFO] BTS 4248/0/0: Sent OPSTART for CHANNEL TS3
2026-06-29 05:42:39,192 [DEBUG] Sending OML message (9 bytes)
2026-06-29 05:42:39,192 [DEBUG] Sending 12 bytes to BTS 4248/0/0
2026-06-29 05:42:39,192 [INFO] BTS 4248/0/0: Sent OPSTART for CHANNEL TS4
2026-06-29 05:42:39,192 [DEBUG] Sending OML message (9 bytes)
2026-06-29 05:42:39,192 [DEBUG] Sending 12 bytes to BTS 4248/0/0
2026-06-29 05:42:39,192 [INFO] BTS 4248/0/0: Sent OPSTART for CHANNEL TS5
2026-06-29 05:42:39,192 [DEBUG] Sending OML message (9 bytes)
2026-06-29 05:42:39,192 [DEBUG] Sending 12 bytes to BTS 4248/0/0
2026-06-29 05:42:39,192 [INFO] BTS 4248/0/0: Sent OPSTART for CHANNEL TS6
2026-06-29 05:42:39,192 [DEBUG] Sending OML message (9 bytes)
2026-06-29 05:42:39,192 [DEBUG] Sending 12 bytes to BTS 4248/0/0
2026-06-29 05:42:39,192 [INFO] BTS 4248/0/0: Sent OPSTART for CHANNEL TS7
2026-06-29 05:42:39,192 [DEBUG] Incomplete frame, buffer size: 0, buffer_hex: 
2026-06-29 05:42:39,192 [DEBUG] Received 285 bytes from BTS
2026-06-29 05:42:39,192 [DEBUG] Decoded IPA frame: proto=0xff, payload_len=14, consumed=17, payload_hex: 8080000a45020000ff0500020038
2026-06-29 05:42:39,192 [DEBUG] OML message: 8080000a45020000ff0500020038
2026-06-29 05:42:39,193 [INFO] BTS 4248/0/0: SET_RADIO_ATTR_ACK received
2026-06-29 05:42:39,193 [DEBUG] Decoded IPA frame: proto=0xff, payload_len=9, consumed=12, payload_hex: 80800005750100ffff
2026-06-29 05:42:39,193 [DEBUG] OML message: 80800005750100ffff
2026-06-29 05:42:39,193 [INFO] BTS 4248/0/0: OPSTART_ACK received (OC=0x01)
2026-06-29 05:42:39,193 [INFO] BTS 4248/0/0: BTS OPSTART_ACK received, triggering RSL init
2026-06-29 05:42:39,193 [INFO] BTS 4248/0/0: Core objects operational, sending IPACC_RSL_CONNECT
2026-06-29 05:42:39,193 [INFO] BTS 4248/0/0: Sent IPACC_RSL_CONNECT (31 bytes): 00 1c ff 10 80 00 0a 0d 63 6f 6d 2e 69 70 61 63 63 65 73 73 00 e0 04 00 00 ff 85 00 81 0b bb
2026-06-29 05:42:39,193 [DEBUG] Sending 31 bytes to BTS 4248/0/0
2026-06-29 05:42:39,193 [DEBUG] Sending 12 bytes to BTS 4248/0/0
2026-06-29 05:42:39,193 [INFO] BTS 4248/0/0: Sent BASEBAND-TRANSCEIVER OPSTART (12 bytes)
2026-06-29 05:42:39,193 [DEBUG] Decoded IPA frame: proto=0xff, payload_len=17, consumed=20, payload_hex: 8080000d610100ffff2402070001ff0401
2026-06-29 05:42:39,193 [DEBUG] OML message: 8080000d610100ffff2402070001ff0401
2026-06-29 05:42:39,193 [DEBUG] BTS 4248/0/0: State Changed Event Report (OC=0x01)
2026-06-29 05:42:39,193 [DEBUG] Decoded IPA frame: proto=0xff, payload_len=9, consumed=12, payload_hex: 8080000575020000ff
2026-06-29 05:42:39,193 [DEBUG] OML message: 8080000575020000ff
2026-06-29 05:42:39,193 [INFO] BTS 4248/0/0: OPSTART_ACK received (OC=0x02)
2026-06-29 05:42:39,193 [INFO] BTS 4248/0/0: RADIO-CARRIER operational
2026-06-29 05:42:39,193 [DEBUG] Decoded IPA frame: proto=0xff, payload_len=9, consumed=12, payload_hex: 808000057503000000
2026-06-29 05:42:39,193 [DEBUG] OML message: 808000057503000000
2026-06-29 05:42:39,193 [INFO] BTS 4248/0/0: OPSTART_ACK received (OC=0x03)
2026-06-29 05:42:39,193 [INFO] BTS 4248/0/0: CHANNEL TS0 OPSTART_ACK - sending CHG_ADM_STATE UNLOCKED
2026-06-29 05:42:39,193 [DEBUG] Sending OML message (11 bytes)
2026-06-29 05:42:39,193 [DEBUG] Sending 14 bytes to BTS 4248/0/0
2026-06-29 05:42:39,193 [DEBUG] Decoded IPA frame: proto=0xff, payload_len=17, consumed=20, payload_hex: 8080000d61030000002402070001ff0401
2026-06-29 05:42:39,193 [DEBUG] OML message: 8080000d61030000002402070001ff0401
2026-06-29 05:42:39,193 [DEBUG] BTS 4248/0/0: State Changed Event Report (OC=0x03)
2026-06-29 05:42:39,193 [DEBUG] Decoded IPA frame: proto=0xff, payload_len=9, consumed=12, payload_hex: 808000057503000001
2026-06-29 05:42:39,193 [DEBUG] OML message: 808000057503000001
2026-06-29 05:42:39,193 [INFO] BTS 4248/0/0: OPSTART_ACK received (OC=0x03)
2026-06-29 05:42:39,193 [INFO] BTS 4248/0/0: CHANNEL TS1 OPSTART_ACK - sending CHG_ADM_STATE UNLOCKED
2026-06-29 05:42:39,193 [DEBUG] Sending OML message (11 bytes)
2026-06-29 05:42:39,193 [DEBUG] Sending 14 bytes to BTS 4248/0/0
2026-06-29 05:42:39,193 [DEBUG] Decoded IPA frame: proto=0xff, payload_len=17, consumed=20, payload_hex: 8080000d61030000012402070001ff0401
2026-06-29 05:42:39,193 [DEBUG] OML message: 8080000d61030000012402070001ff0401
2026-06-29 05:42:39,193 [DEBUG] BTS 4248/0/0: State Changed Event Report (OC=0x03)
2026-06-29 05:42:39,193 [DEBUG] Decoded IPA frame: proto=0xff, payload_len=9, consumed=12, payload_hex: 808000057503000002
2026-06-29 05:42:39,193 [DEBUG] OML message: 808000057503000002
2026-06-29 05:42:39,193 [INFO] BTS 4248/0/0: OPSTART_ACK received (OC=0x03)
2026-06-29 05:42:39,193 [INFO] BTS 4248/0/0: CHANNEL TS2 OPSTART_ACK - sending CHG_ADM_STATE UNLOCKED
2026-06-29 05:42:39,193 [DEBUG] Sending OML message (11 bytes)
2026-06-29 05:42:39,193 [DEBUG] Sending 14 bytes to BTS 4248/0/0
2026-06-29 05:42:39,193 [DEBUG] Decoded IPA frame: proto=0xff, payload_len=17, consumed=20, payload_hex: 8080000d61030000022402070001ff0401
2026-06-29 05:42:39,193 [DEBUG] OML message: 8080000d61030000022402070001ff0401
2026-06-29 05:42:39,193 [DEBUG] BTS 4248/0/0: State Changed Event Report (OC=0x03)
2026-06-29 05:42:39,193 [DEBUG] Decoded IPA frame: proto=0xff, payload_len=9, consumed=12, payload_hex: 808000057503000003
2026-06-29 05:42:39,193 [DEBUG] OML message: 808000057503000003
2026-06-29 05:42:39,193 [INFO] BTS 4248/0/0: OPSTART_ACK received (OC=0x03)
2026-06-29 05:42:39,193 [INFO] BTS 4248/0/0: CHANNEL TS3 OPSTART_ACK - sending CHG_ADM_STATE UNLOCKED
2026-06-29 05:42:39,193 [DEBUG] Sending OML message (11 bytes)
2026-06-29 05:42:39,193 [DEBUG] Sending 14 bytes to BTS 4248/0/0
2026-06-29 05:42:39,193 [DEBUG] Decoded IPA frame: proto=0xff, payload_len=17, consumed=20, payload_hex: 8080000d61030000032402070001ff0401
2026-06-29 05:42:39,193 [DEBUG] OML message: 8080000d61030000032402070001ff0401
2026-06-29 05:42:39,193 [DEBUG] BTS 4248/0/0: State Changed Event Report (OC=0x03)
2026-06-29 05:42:39,193 [DEBUG] Decoded IPA frame: proto=0xff, payload_len=9, consumed=12, payload_hex: 808000057503000004
2026-06-29 05:42:39,193 [DEBUG] OML message: 808000057503000004
2026-06-29 05:42:39,193 [INFO] BTS 4248/0/0: OPSTART_ACK received (OC=0x03)
2026-06-29 05:42:39,194 [INFO] BTS 4248/0/0: CHANNEL TS4 OPSTART_ACK - sending CHG_ADM_STATE UNLOCKED
2026-06-29 05:42:39,194 [DEBUG] Sending OML message (11 bytes)
2026-06-29 05:42:39,194 [DEBUG] Sending 14 bytes to BTS 4248/0/0
2026-06-29 05:42:39,194 [DEBUG] Decoded IPA frame: proto=0xff, payload_len=17, consumed=20, payload_hex: 8080000d61030000042402070001ff0401
2026-06-29 05:42:39,194 [DEBUG] OML message: 8080000d61030000042402070001ff0401
2026-06-29 05:42:39,194 [DEBUG] BTS 4248/0/0: State Changed Event Report (OC=0x03)
2026-06-29 05:42:39,194 [DEBUG] Decoded IPA frame: proto=0xff, payload_len=9, consumed=12, payload_hex: 808000057503000005
2026-06-29 05:42:39,194 [DEBUG] OML message: 808000057503000005
2026-06-29 05:42:39,194 [INFO] BTS 4248/0/0: OPSTART_ACK received (OC=0x03)
2026-06-29 05:42:39,194 [INFO] BTS 4248/0/0: CHANNEL TS5 OPSTART_ACK - sending CHG_ADM_STATE UNLOCKED
2026-06-29 05:42:39,194 [DEBUG] Sending OML message (11 bytes)
2026-06-29 05:42:39,194 [DEBUG] Sending 14 bytes to BTS 4248/0/0
2026-06-29 05:42:39,194 [DEBUG] Decoded IPA frame: proto=0xff, payload_len=17, consumed=20, payload_hex: 8080000d61030000052402070001ff0401
2026-06-29 05:42:39,194 [DEBUG] OML message: 8080000d61030000052402070001ff0401
2026-06-29 05:42:39,194 [DEBUG] BTS 4248/0/0: State Changed Event Report (OC=0x03)
2026-06-29 05:42:39,194 [DEBUG] Decoded IPA frame: proto=0xff, payload_len=9, consumed=12, payload_hex: 808000057503000006
2026-06-29 05:42:39,194 [DEBUG] OML message: 808000057503000006
2026-06-29 05:42:39,194 [INFO] BTS 4248/0/0: OPSTART_ACK received (OC=0x03)
2026-06-29 05:42:39,194 [INFO] BTS 4248/0/0: CHANNEL TS6 OPSTART_ACK - sending CHG_ADM_STATE UNLOCKED
2026-06-29 05:42:39,194 [DEBUG] Sending OML message (11 bytes)
2026-06-29 05:42:39,194 [DEBUG] Sending 14 bytes to BTS 4248/0/0
2026-06-29 05:42:39,194 [DEBUG] Decoded IPA frame: proto=0xff, payload_len=17, consumed=20, payload_hex: 8080000d61030000062402070001ff0401
2026-06-29 05:42:39,194 [DEBUG] OML message: 8080000d61030000062402070001ff0401
2026-06-29 05:42:39,194 [DEBUG] BTS 4248/0/0: State Changed Event Report (OC=0x03)
2026-06-29 05:42:39,194 [DEBUG] Incomplete frame, buffer size: 0, buffer_hex: 
2026-06-29 05:42:39,194 [DEBUG] Received 68 bytes from BTS
2026-06-29 05:42:39,194 [DEBUG] Decoded IPA frame: proto=0xff, payload_len=9, consumed=12, payload_hex: 808000057503000007
2026-06-29 05:42:39,194 [DEBUG] OML message: 808000057503000007
2026-06-29 05:42:39,194 [INFO] BTS 4248/0/0: OPSTART_ACK received (OC=0x03)
2026-06-29 05:42:39,194 [INFO] BTS 4248/0/0: CHANNEL TS7 OPSTART_ACK - sending CHG_ADM_STATE UNLOCKED
2026-06-29 05:42:39,194 [DEBUG] Sending OML message (11 bytes)
2026-06-29 05:42:39,194 [DEBUG] Sending 14 bytes to BTS 4248/0/0
2026-06-29 05:42:39,194 [DEBUG] Decoded IPA frame: proto=0xff, payload_len=17, consumed=20, payload_hex: 8080000d61030000072402070001ff0401
2026-06-29 05:42:39,194 [DEBUG] OML message: 8080000d61030000072402070001ff0401
2026-06-29 05:42:39,194 [DEBUG] BTS 4248/0/0: State Changed Event Report (OC=0x03)
2026-06-29 05:42:39,194 [DEBUG] Decoded IPA frame: proto=0xff, payload_len=33, consumed=36, payload_hex: 1080000f0d636f6d2e697061636365737300e1040000ff8500810bbb800a2a00fa
2026-06-29 05:42:39,194 [DEBUG] OML message: 1080000f0d636f6d2e697061636365737300e1040000ff8500810bbb800a2a00fa
2026-06-29 05:42:39,194 [DEBUG] BTS 4248/0/0: OML msg_type=0x0d
2026-06-29 05:42:39,194 [DEBUG] Incomplete frame, buffer size: 0, buffer_hex: 
2026-06-29 05:42:39,206 [INFO] New RSL connection from ('10.42.0.245', 38215)
2026-06-29 05:42:39,206 [INFO] [RSL] BTS connection from ('10.42.0.245', 38215)
2026-06-29 05:42:39,207 [DEBUG] Sending ID_GET: 0011fe0401080107010201030104010501010100
2026-06-29 05:42:39,207 [DEBUG] ID_GET sent (20 bytes)
2026-06-29 05:42:39,207 [INFO] Entering receive loop, waiting for messages from BTS...
2026-06-29 05:42:39,207 [DEBUG] Received 91 bytes from BTS
2026-06-29 05:42:39,206 [DEBUG] Received 284 bytes from BTS
2026-06-29 05:42:39,207 [DEBUG] Decoded IPA frame: proto=0xfe, payload_len=88, consumed=91, payload_hex: 05000a08343234382f302f300000130766323a33393a38393a62393a38633a34640000020200000a036f736d6f2d6274730000020400001005312e31312e302e32332d6234666600000a016f736d6f2d6274730000020000
2026-06-29 05:42:39,207 [DEBUG] CCM message: 05000a08343234382f302f300000130766323a33393a38393a62393a38633a34640000020200000a036f736d6f2d6274730000020400001005312e31312e302e32332d6234666600000a016f736d6f2d6274730000020000
2026-06-29 05:42:39,207 [DEBUG] Decoded IPA frame: proto=0xff, payload_len=9, consumed=12, payload_hex: 8080000575040000ff
2026-06-29 05:42:39,207 [INFO] BTS identified: 4248/0/0
2026-06-29 05:42:39,207 [DEBUG] OML message: 8080000575040000ff
2026-06-29 05:42:39,207 [DEBUG] Sending 4 bytes to BTS 4248/0/0
2026-06-29 05:42:39,207 [INFO] BTS 4248/0/0: OPSTART_ACK received (OC=0x04)
2026-06-29 05:42:39,208 [INFO] BTS 4248/0/0: BASEBAND-TRANSCEIVER object OPSTART_ACK
2026-06-29 05:42:39,208 [INFO] BTS 4248/0/0 RSL connected (IPA identified)
2026-06-29 05:42:39,208 [DEBUG] Decoded IPA frame: proto=0xff, payload_len=11, consumed=14, payload_hex: 808000076a030000000402
2026-06-29 05:42:39,208 [INFO] BTS 4248/0/0 RSL link established, sending all SI messages
2026-06-29 05:42:39,208 [DEBUG] OML message: 808000076a030000000402
2026-06-29 05:42:39,208 [INFO] BTS 4248/0/0: CHG_ADM_STATE_ACK received (OC=0x03)
2026-06-29 05:42:39,208 [DEBUG] Decoded IPA frame: proto=0xff, payload_len=17, consumed=20, payload_hex: 8080000d61030000002402070001ff0402
2026-06-29 05:42:39,208 [DEBUG] OML message: 8080000d61030000002402070001ff0402
2026-06-29 05:42:39,208 [INFO] BTS 4248/0/0: SI1 sent (23 bytes)
2026-06-29 05:42:39,208 [DEBUG] BTS 4248/0/0: State Changed Event Report (OC=0x03)
2026-06-29 05:42:39,208 [DEBUG] Decoded IPA frame: proto=0xff, payload_len=11, consumed=14, payload_hex: 808000076a030000010402
2026-06-29 05:42:39,208 [DEBUG] OML message: 808000076a030000010402
2026-06-29 05:42:39,208 [INFO] BTS 4248/0/0: CHG_ADM_STATE_ACK received (OC=0x03)
2026-06-29 05:42:39,208 [DEBUG] Decoded IPA frame: proto=0xff, payload_len=17, consumed=20, payload_hex: 8080000d61030000012402070001ff0402
2026-06-29 05:42:39,208 [DEBUG] OML message: 8080000d61030000012402070001ff0402
2026-06-29 05:42:39,208 [DEBUG] BTS 4248/0/0: State Changed Event Report (OC=0x03)
2026-06-29 05:42:39,208 [DEBUG] Decoded IPA frame: proto=0xff, payload_len=11, consumed=14, payload_hex: 808000076a030000020402
2026-06-29 05:42:39,208 [DEBUG] OML message: 808000076a030000020402
2026-06-29 05:42:39,208 [INFO] BTS 4248/0/0: CHG_ADM_STATE_ACK received (OC=0x03)
2026-06-29 05:42:39,208 [DEBUG] Decoded IPA frame: proto=0xff, payload_len=17, consumed=20, payload_hex: 8080000d61030000022402070001ff0402
2026-06-29 05:42:39,208 [DEBUG] OML message: 8080000d61030000022402070001ff0402
2026-06-29 05:42:39,208 [DEBUG] BTS 4248/0/0: State Changed Event Report (OC=0x03)
2026-06-29 05:42:39,208 [DEBUG] Decoded IPA frame: proto=0xff, payload_len=11, consumed=14, payload_hex: 808000076a030000030402
2026-06-29 05:42:39,208 [DEBUG] OML message: 808000076a030000030402
2026-06-29 05:42:39,208 [INFO] BTS 4248/0/0: CHG_ADM_STATE_ACK received (OC=0x03)
2026-06-29 05:42:39,208 [DEBUG] Decoded IPA frame: proto=0xff, payload_len=17, consumed=20, payload_hex: 8080000d61030000032402070001ff0402
2026-06-29 05:42:39,208 [DEBUG] OML message: 8080000d61030000032402070001ff0402
2026-06-29 05:42:39,208 [DEBUG] BTS 4248/0/0: State Changed Event Report (OC=0x03)
2026-06-29 05:42:39,209 [DEBUG] Decoded IPA frame: proto=0xff, payload_len=11, consumed=14, payload_hex: 808000076a030000040402
2026-06-29 05:42:39,209 [DEBUG] OML message: 808000076a030000040402
2026-06-29 05:42:39,209 [INFO] BTS 4248/0/0: CHG_ADM_STATE_ACK received (OC=0x03)
2026-06-29 05:42:39,209 [DEBUG] Decoded IPA frame: proto=0xff, payload_len=17, consumed=20, payload_hex: 8080000d61030000042402070001ff0402
2026-06-29 05:42:39,209 [DEBUG] OML message: 8080000d61030000042402070001ff0402
2026-06-29 05:42:39,209 [DEBUG] BTS 4248/0/0: State Changed Event Report (OC=0x03)
2026-06-29 05:42:39,209 [DEBUG] Decoded IPA frame: proto=0xff, payload_len=11, consumed=14, payload_hex: 808000076a030000050402
2026-06-29 05:42:39,209 [DEBUG] OML message: 808000076a030000050402
2026-06-29 05:42:39,209 [INFO] BTS 4248/0/0: CHG_ADM_STATE_ACK received (OC=0x03)
2026-06-29 05:42:39,209 [DEBUG] Decoded IPA frame: proto=0xff, payload_len=17, consumed=20, payload_hex: 8080000d61030000052402070001ff0402
2026-06-29 05:42:39,209 [DEBUG] OML message: 8080000d61030000052402070001ff0402
2026-06-29 05:42:39,209 [DEBUG] BTS 4248/0/0: State Changed Event Report (OC=0x03)
2026-06-29 05:42:39,209 [DEBUG] Decoded IPA frame: proto=0xff, payload_len=11, consumed=14, payload_hex: 808000076a030000060402
2026-06-29 05:42:39,209 [DEBUG] OML message: 808000076a030000060402
2026-06-29 05:42:39,209 [INFO] BTS 4248/0/0: CHG_ADM_STATE_ACK received (OC=0x03)
2026-06-29 05:42:39,209 [DEBUG] Decoded IPA frame: proto=0xff, payload_len=17, consumed=20, payload_hex: 8080000d61030000062402070001ff0402
2026-06-29 05:42:39,209 [DEBUG] OML message: 8080000d61030000062402070001ff0402
2026-06-29 05:42:39,209 [DEBUG] BTS 4248/0/0: State Changed Event Report (OC=0x03)
2026-06-29 05:42:39,209 [DEBUG] Decoded IPA frame: proto=0xff, payload_len=11, consumed=14, payload_hex: 808000076a030000070402
2026-06-29 05:42:39,209 [DEBUG] OML message: 808000076a030000070402
2026-06-29 05:42:39,209 [INFO] BTS 4248/0/0: CHG_ADM_STATE_ACK received (OC=0x03)
2026-06-29 05:42:39,209 [DEBUG] Decoded IPA frame: proto=0xff, payload_len=17, consumed=20, payload_hex: 8080000d61030000072402070001ff0402
2026-06-29 05:42:39,209 [DEBUG] OML message: 8080000d61030000072402070001ff0402
2026-06-29 05:42:39,209 [DEBUG] BTS 4248/0/0: State Changed Event Report (OC=0x03)
2026-06-29 05:42:39,209 [DEBUG] Incomplete frame, buffer size: 0, buffer_hex: 
2026-06-29 05:42:39,209 [INFO] BTS 4248/0/0: SI2 sent (23 bytes)
2026-06-29 05:42:39,209 [DEBUG] Received 40 bytes from BTS
2026-06-29 05:42:39,209 [DEBUG] Decoded IPA frame: proto=0xff, payload_len=17, consumed=20, payload_hex: 8080000d61020000ff2402070001ff0401
2026-06-29 05:42:39,209 [DEBUG] OML message: 8080000d61020000ff2402070001ff0401
2026-06-29 05:42:39,209 [DEBUG] BTS 4248/0/0: State Changed Event Report (OC=0x02)
2026-06-29 05:42:39,209 [DEBUG] Decoded IPA frame: proto=0xff, payload_len=17, consumed=20, payload_hex: 8080000d61040000ff2402070001ff0401
2026-06-29 05:42:39,209 [DEBUG] OML message: 8080000d61040000ff2402070001ff0401
2026-06-29 05:42:39,209 [DEBUG] BTS 4248/0/0: State Changed Event Report (OC=0x04)
2026-06-29 05:42:39,209 [DEBUG] Incomplete frame, buffer size: 0, buffer_hex: 
2026-06-29 05:42:39,209 [INFO] BTS 4248/0/0: SI3 sent (23 bytes, LAC=4242)
2026-06-29 05:42:39,209 [INFO] BTS 4248/0/0: SI4 sent (23 bytes, LAC=4242)
2026-06-29 05:42:39,209 [INFO] BTS 4248/0/0: All BCCH SI messages sent successfully (SI1-SI4)
2026-06-29 05:42:39,210 [DEBUG] Buffered event BTS_READY (total buffered: 4)
2026-06-29 05:42:39,210 [DEBUG] Incomplete frame, buffer size: 0, buffer_hex: 
2026-06-29 05:42:39,210 [DEBUG] Received 11 bytes from BTS
2026-06-29 05:42:39,210 [DEBUG] Decoded IPA frame: proto=0xfe, payload_len=1, consumed=4, payload_hex: 06
2026-06-29 05:42:39,210 [DEBUG] CCM message: 06
2026-06-29 05:42:39,210 [DEBUG] Decoded IPA frame: proto=0x00, payload_len=4, consumed=7, payload_hex: 10191500
2026-06-29 05:42:39,210 [DEBUG] RSL message: 10191500
2026-06-29 05:42:39,210 [DEBUG] RSL discriminator: 0x10, message type: 0x19, payload: 10191500
2026-06-29 05:42:39,210 [DEBUG] Incomplete frame, buffer size: 0, buffer_hex: 
2026-06-29 05:42:40,022 [DEBUG] Received 10 bytes from BTS
2026-06-29 05:42:40,022 [DEBUG] Decoded IPA frame: proto=0x00, payload_len=7, consumed=10, payload_hex: 0c1201900fffff
2026-06-29 05:42:40,022 [DEBUG] RSL message: 0c1201900fffff
2026-06-29 05:42:40,022 [DEBUG] RSL discriminator: 0x0c, message type: 0x12, payload: 0c1201900fffff
2026-06-29 05:42:40,022 [DEBUG] Incomplete frame, buffer size: 0, buffer_hex: 
2026-06-29 05:42:40,208 [DEBUG] Received 10 bytes from BTS
2026-06-29 05:42:40,208 [DEBUG] Decoded IPA frame: proto=0x00, payload_len=7, consumed=10, payload_hex: 0c1201900fffff
2026-06-29 05:42:40,208 [DEBUG] RSL message: 0c1201900fffff
2026-06-29 05:42:40,209 [DEBUG] RSL discriminator: 0x0c, message type: 0x12, payload: 0c1201900fffff
2026-06-29 05:42:40,209 [DEBUG] Incomplete frame, buffer size: 0, buffer_hex: 
2026-06-29 05:42:41,022 [DEBUG] Received 10 bytes from BTS
2026-06-29 05:42:41,023 [DEBUG] Decoded IPA frame: proto=0x00, payload_len=7, consumed=10, payload_hex: 0c1201900fffff
2026-06-29 05:42:41,023 [DEBUG] RSL message: 0c1201900fffff
2026-06-29 05:42:41,023 [DEBUG] RSL discriminator: 0x0c, message type: 0x12, payload: 0c1201900fffff
2026-06-29 05:42:41,023 [DEBUG] Incomplete frame, buffer size: 0, buffer_hex: 
2026-06-29 05:42:41,208 [DEBUG] Received 10 bytes from BTS
2026-06-29 05:42:41,209 [DEBUG] Decoded IPA frame: proto=0x00, payload_len=7, consumed=10, payload_hex: 0c1201900fffff
2026-06-29 05:42:41,209 [DEBUG] RSL message: 0c1201900fffff
2026-06-29 05:42:41,209 [DEBUG] RSL discriminator: 0x0c, message type: 0x12, payload: 0c1201900fffff
2026-06-29 05:42:41,209 [DEBUG] Incomplete frame, buffer size: 0, buffer_hex: 
2026-06-29 05:42:41,624 [INFO] Control Client connected from ('10.42.0.1', 53264)
2026-06-29 05:42:41,624 [INFO] handle_client: Starting, client socket: 11
2026-06-29 05:42:41,624 [INFO] handle_client: WELCOME sent
2026-06-29 05:42:41,674 [INFO] Replaying 4 buffered event(s)
2026-06-29 05:42:41,675 [WARNING] Failed to replay event 1: [Errno 32] Broken pipe
2026-06-29 05:42:41,675 [WARNING] Failed to replay event 2: [Errno 32] Broken pipe
2026-06-29 05:42:41,675 [WARNING] Failed to replay event 3: [Errno 32] Broken pipe
2026-06-29 05:42:41,675 [WARNING] Failed to replay event 4: [Errno 32] Broken pipe
2026-06-29 05:42:41,675 [INFO] handle_client: Entering receive loop
2026-06-29 05:42:41,675 [INFO] handle_client: Received empty data, client closed connection
2026-06-29 05:42:41,675 [INFO] Control Client disconnected
2026-06-29 05:42:42,023 [DEBUG] Received 10 bytes from BTS
2026-06-29 05:42:42,023 [DEBUG] Decoded IPA frame: proto=0x00, payload_len=7, consumed=10, payload_hex: 0c1201900fffff
2026-06-29 05:42:42,023 [DEBUG] RSL message: 0c1201900fffff
2026-06-29 05:42:42,023 [DEBUG] RSL discriminator: 0x0c, message type: 0x12, payload: 0c1201900fffff
2026-06-29 05:42:42,023 [DEBUG] Incomplete frame, buffer size: 0, buffer_hex: 
2026-06-29 05:42:42,209 [DEBUG] Received 10 bytes from BTS
2026-06-29 05:42:42,209 [DEBUG] Decoded IPA frame: proto=0x00, payload_len=7, consumed=10, payload_hex: 0c1201900fffff
2026-06-29 05:42:42,209 [DEBUG] RSL message: 0c1201900fffff
2026-06-29 05:42:42,209 [DEBUG] RSL discriminator: 0x0c, message type: 0x12, payload: 0c1201900fffff
2026-06-29 05:42:42,209 [DEBUG] Incomplete frame, buffer size: 0, buffer_hex: 
2026-06-29 05:42:43,024 [DEBUG] Received 10 bytes from BTS
2026-06-29 05:42:43,024 [DEBUG] Decoded IPA frame: proto=0x00, payload_len=7, consumed=10, payload_hex: 0c1201900fffff
2026-06-29 05:42:43,024 [DEBUG] RSL message: 0c1201900fffff
2026-06-29 05:42:43,024 [DEBUG] RSL discriminator: 0x0c, message type: 0x12, payload: 0c1201900fffff
2026-06-29 05:42:43,024 [DEBUG] Incomplete frame, buffer size: 0, buffer_hex: 
2026-06-29 05:42:43,209 [DEBUG] Received 10 bytes from BTS
2026-06-29 05:42:43,209 [DEBUG] Decoded IPA frame: proto=0x00, payload_len=7, consumed=10, payload_hex: 0c1201900fffff
2026-06-29 05:42:43,209 [DEBUG] RSL message: 0c1201900fffff
2026-06-29 05:42:43,209 [DEBUG] RSL discriminator: 0x0c, message type: 0x12, payload: 0c1201900fffff
2026-06-29 05:42:43,209 [DEBUG] Incomplete frame, buffer size: 0, buffer_hex: 
2026-06-29 05:42:44,024 [DEBUG] Received 10 bytes from BTS
2026-06-29 05:42:44,024 [DEBUG] Decoded IPA frame: proto=0x00, payload_len=7, consumed=10, payload_hex: 0c1201900fffff
2026-06-29 05:42:44,025 [DEBUG] RSL message: 0c1201900fffff
2026-06-29 05:42:44,025 [DEBUG] RSL discriminator: 0x0c, message type: 0x12, payload: 0c1201900fffff
2026-06-29 05:42:44,025 [DEBUG] Incomplete frame, buffer size: 0, buffer_hex: 
2026-06-29 05:42:44,209 [DEBUG] Received 10 bytes from BTS
2026-06-29 05:42:44,210 [DEBUG] Decoded IPA frame: proto=0x00, payload_len=7, consumed=10, payload_hex: 0c1201900fffff
2026-06-29 05:42:44,210 [DEBUG] RSL message: 0c1201900fffff
2026-06-29 05:42:44,210 [DEBUG] RSL discriminator: 0x0c, message type: 0x12, payload: 0c1201900fffff
2026-06-29 05:42:44,210 [DEBUG] Incomplete frame, buffer size: 0, buffer_hex: 
2026-06-29 05:42:44,623 [INFO] Control Client connected from ('10.42.0.1', 53272)
2026-06-29 05:42:44,623 [INFO] handle_client: Starting, client socket: 6
2026-06-29 05:42:44,624 [INFO] handle_client: WELCOME sent
2026-06-29 05:42:44,674 [INFO] Replaying 4 buffered event(s)
2026-06-29 05:42:44,674 [WARNING] Failed to replay event 1: [Errno 32] Broken pipe
2026-06-29 05:42:44,674 [WARNING] Failed to replay event 2: [Errno 32] Broken pipe
2026-06-29 05:42:44,674 [WARNING] Failed to replay event 3: [Errno 32] Broken pipe
2026-06-29 05:42:44,674 [WARNING] Failed to replay event 4: [Errno 32] Broken pipe
2026-06-29 05:42:44,674 [INFO] handle_client: Entering receive loop
2026-06-29 05:42:44,674 [INFO] handle_client: Received empty data, client closed connection
2026-06-29 05:42:44,674 [INFO] Control Client disconnected
2026-06-29 05:42:44,729 [DEBUG] Received 13 bytes from BTS
2026-06-29 05:42:44,729 [DEBUG] Decoded IPA frame: proto=0x00, payload_len=10, consumed=13, payload_hex: 0c130188130c01f11100
2026-06-29 05:42:44,729 [DEBUG] RSL message: 0c130188130c01f11100
2026-06-29 05:42:44,729 [DEBUG] RSL discriminator: 0x0c, message type: 0x13, payload: 0c130188130c01f11100
2026-06-29 05:42:44,729 [INFO] BTS 4242/0/0: CHAN_RQD received - RA=12, FN=407, payload: 0c130188130c01f11100
2026-06-29 05:42:44,729 [INFO] CHAN_RQD: RA=12 FN=407 BTS=4242/0/0
2026-06-29 05:42:44,729 [INFO] DEBUG: auto_respond=False
2026-06-29 05:42:44,729 [INFO] Sending CHAN_RQD event to control server: RA=12, FN_enc=497
2026-06-29 05:42:44,730 [DEBUG] Buffered event CHAN_RQD (total buffered: 5)
2026-06-29 05:42:44,730 [DEBUG] Incomplete frame, buffer size: 0, buffer_hex: 
2026-06-29 05:42:45,025 [DEBUG] Received 10 bytes from BTS
2026-06-29 05:42:45,025 [DEBUG] Decoded IPA frame: proto=0x00, payload_len=7, consumed=10, payload_hex: 0c1201900fffff
2026-06-29 05:42:45,025 [DEBUG] RSL message: 0c1201900fffff
2026-06-29 05:42:45,025 [DEBUG] RSL discriminator: 0x0c, message type: 0x12, payload: 0c1201900fffff
2026-06-29 05:42:45,025 [DEBUG] Incomplete frame, buffer size: 0, buffer_hex: 
2026-06-29 05:42:45,210 [DEBUG] Received 10 bytes from BTS
2026-06-29 05:42:45,210 [DEBUG] Decoded IPA frame: proto=0x00, payload_len=7, consumed=10, payload_hex: 0c1201900fffff
2026-06-29 05:42:45,210 [DEBUG] RSL message: 0c1201900fffff
2026-06-29 05:42:45,210 [DEBUG] RSL discriminator: 0x0c, message type: 0x12, payload: 0c1201900fffff
2026-06-29 05:42:45,210 [DEBUG] Incomplete frame, buffer size: 0, buffer_hex: 
2026-06-29 05:42:45,842 [DEBUG] Received 13 bytes from BTS
2026-06-29 05:42:45,842 [DEBUG] Decoded IPA frame: proto=0x00, payload_len=10, consumed=13, payload_hex: 0c13018813000c251100
2026-06-29 05:42:45,842 [DEBUG] RSL message: 0c13018813000c251100
2026-06-29 05:42:45,842 [DEBUG] RSL discriminator: 0x0c, message type: 0x13, payload: 0c13018813000c251100
2026-06-29 05:42:45,842 [INFO] BTS 4242/0/0: CHAN_RQD received - RA=0, FN=2189, payload: 0c13018813000c251100
2026-06-29 05:42:45,842 [INFO] CHAN_RQD: RA=0 FN=2189 BTS=4242/0/0
2026-06-29 05:42:45,842 [INFO] DEBUG: auto_respond=False
2026-06-29 05:42:45,842 [INFO] Sending CHAN_RQD event to control server: RA=0, FN_enc=3109
2026-06-29 05:42:45,842 [DEBUG] Buffered event CHAN_RQD (total buffered: 6)
2026-06-29 05:42:45,842 [DEBUG] Incomplete frame, buffer size: 0, buffer_hex: 
2026-06-29 05:42:46,025 [DEBUG] Received 10 bytes from BTS
2026-06-29 05:42:46,026 [DEBUG] Decoded IPA frame: proto=0x00, payload_len=7, consumed=10, payload_hex: 0c1201900fffff
2026-06-29 05:42:46,026 [DEBUG] RSL message: 0c1201900fffff
2026-06-29 05:42:46,026 [DEBUG] RSL discriminator: 0x0c, message type: 0x12, payload: 0c1201900fffff
2026-06-29 05:42:46,026 [DEBUG] Incomplete frame, buffer size: 0, buffer_hex: 
2026-06-29 05:42:46,210 [DEBUG] Received 10 bytes from BTS
2026-06-29 05:42:46,210 [DEBUG] Decoded IPA frame: proto=0x00, payload_len=7, consumed=10, payload_hex: 0c1201900fffff
2026-06-29 05:42:46,210 [DEBUG] RSL message: 0c1201900fffff
2026-06-29 05:42:46,211 [DEBUG] RSL discriminator: 0x0c, message type: 0x12, payload: 0c1201900fffff
2026-06-29 05:42:46,211 [DEBUG] Incomplete frame, buffer size: 0, buffer_hex: 
2026-06-29 05:42:47,017 [DEBUG] Received 13 bytes from BTS
2026-06-29 05:42:47,017 [DEBUG] Decoded IPA frame: proto=0x00, payload_len=10, consumed=13, payload_hex: 0c13018813000acf1100
2026-06-29 05:42:47,017 [DEBUG] RSL message: 0c13018813000acf1100
2026-06-29 05:42:47,017 [DEBUG] RSL discriminator: 0x0c, message type: 0x13, payload: 0c13018813000acf1100
2026-06-29 05:42:47,017 [INFO] BTS 4242/0/0: CHAN_RQD received - RA=0, FN=1913, payload: 0c13018813000acf1100
2026-06-29 05:42:47,017 [INFO] CHAN_RQD: RA=0 FN=1913 BTS=4242/0/0
2026-06-29 05:42:47,017 [INFO] DEBUG: auto_respond=False
2026-06-29 05:42:47,017 [INFO] Sending CHAN_RQD event to control server: RA=0, FN_enc=2767
2026-06-29 05:42:47,017 [DEBUG] Buffered event CHAN_RQD (total buffered: 7)
2026-06-29 05:42:47,017 [DEBUG] Incomplete frame, buffer size: 0, buffer_hex: 
2026-06-29 05:42:47,026 [DEBUG] Received 10 bytes from BTS
2026-06-29 05:42:47,026 [DEBUG] Decoded IPA frame: proto=0x00, payload_len=7, consumed=10, payload_hex: 0c1201900fffff
2026-06-29 05:42:47,026 [DEBUG] RSL message: 0c1201900fffff
2026-06-29 05:42:47,026 [DEBUG] RSL discriminator: 0x0c, message type: 0x12, payload: 0c1201900fffff
2026-06-29 05:42:47,026 [DEBUG] Incomplete frame, buffer size: 0, buffer_hex: 
2026-06-29 05:42:47,211 [DEBUG] Received 10 bytes from BTS
2026-06-29 05:42:47,211 [DEBUG] Decoded IPA frame: proto=0x00, payload_len=7, consumed=10, payload_hex: 0c1201900fffff
2026-06-29 05:42:47,211 [DEBUG] RSL message: 0c1201900fffff
2026-06-29 05:42:47,211 [DEBUG] RSL discriminator: 0x0c, message type: 0x12, payload: 0c1201900fffff
2026-06-29 05:42:47,212 [DEBUG] Incomplete frame, buffer size: 0, buffer_hex: 
2026-06-29 05:42:47,624 [INFO] Control Client connected from ('10.42.0.1', 53288)
2026-06-29 05:42:47,624 [INFO] handle_client: Starting, client socket: 11
2026-06-29 05:42:47,624 [INFO] handle_client: WELCOME sent
2026-06-29 05:42:47,674 [INFO] Replaying 7 buffered event(s)
2026-06-29 05:42:47,675 [WARNING] Failed to replay event 1: [Errno 32] Broken pipe
2026-06-29 05:42:47,675 [WARNING] Failed to replay event 2: [Errno 32] Broken pipe
2026-06-29 05:42:47,675 [WARNING] Failed to replay event 3: [Errno 32] Broken pipe
2026-06-29 05:42:47,675 [WARNING] Failed to replay event 4: [Errno 32] Broken pipe
2026-06-29 05:42:47,675 [WARNING] Failed to replay event 5: [Errno 32] Broken pipe
2026-06-29 05:42:47,675 [WARNING] Failed to replay event 6: [Errno 32] Broken pipe
2026-06-29 05:42:47,675 [WARNING] Failed to replay event 7: [Errno 32] Broken pipe
2026-06-29 05:42:47,675 [INFO] handle_client: Entering receive loop
2026-06-29 05:42:47,675 [INFO] handle_client: Received empty data, client closed connection
2026-06-29 05:42:47,675 [INFO] Control Client disconnected
2026-06-29 05:42:48,027 [DEBUG] Received 10 bytes from BTS
2026-06-29 05:42:48,027 [DEBUG] Decoded IPA frame: proto=0x00, payload_len=7, consumed=10, payload_hex: 0c1201900fffff
2026-06-29 05:42:48,027 [DEBUG] RSL message: 0c1201900fffff
2026-06-29 05:42:48,027 [DEBUG] RSL discriminator: 0x0c, message type: 0x12, payload: 0c1201900fffff
2026-06-29 05:42:48,027 [DEBUG] Incomplete frame, buffer size: 0, buffer_hex: 
2026-06-29 05:42:48,195 [DEBUG] Received 13 bytes from BTS
2026-06-29 05:42:48,195 [DEBUG] Decoded IPA frame: proto=0x00, payload_len=10, consumed=13, payload_hex: 0c13018813000aeb1100
2026-06-29 05:42:48,195 [DEBUG] RSL message: 0c13018813000aeb1100
2026-06-29 05:42:48,195 [DEBUG] RSL discriminator: 0x0c, message type: 0x13, payload: 0c13018813000aeb1100
2026-06-29 05:42:48,195 [INFO] BTS 4242/0/0: CHAN_RQD received - RA=0, FN=1935, payload: 0c13018813000aeb1100
2026-06-29 05:42:48,195 [INFO] CHAN_RQD: RA=0 FN=1935 BTS=4242/0/0
2026-06-29 05:42:48,195 [INFO] DEBUG: auto_respond=False
2026-06-29 05:42:48,195 [INFO] Sending CHAN_RQD event to control server: RA=0, FN_enc=2795
2026-06-29 05:42:48,195 [DEBUG] Buffered event CHAN_RQD (total buffered: 8)
2026-06-29 05:42:48,195 [DEBUG] Incomplete frame, buffer size: 0, buffer_hex: 
2026-06-29 05:42:48,212 [DEBUG] Received 10 bytes from BTS
2026-06-29 05:42:48,212 [DEBUG] Decoded IPA frame: proto=0x00, payload_len=7, consumed=10, payload_hex: 0c1201900fffff
2026-06-29 05:42:48,212 [DEBUG] RSL message: 0c1201900fffff
2026-06-29 05:42:48,212 [DEBUG] RSL discriminator: 0x0c, message type: 0x12, payload: 0c1201900fffff
2026-06-29 05:42:48,212 [DEBUG] Incomplete frame, buffer size: 0, buffer_hex: 
2026-06-29 05:42:49,027 [DEBUG] Received 10 bytes from BTS
2026-06-29 05:42:49,027 [DEBUG] Decoded IPA frame: proto=0x00, payload_len=7, consumed=10, payload_hex: 0c1201900fffff
2026-06-29 05:42:49,027 [DEBUG] RSL message: 0c1201900fffff
2026-06-29 05:42:49,027 [DEBUG] RSL discriminator: 0x0c, message type: 0x12, payload: 0c1201900fffff
2026-06-29 05:42:49,027 [DEBUG] Incomplete frame, buffer size: 0, buffer_hex: 
2026-06-29 05:42:49,215 [DEBUG] Received 10 bytes from BTS
2026-06-29 05:42:49,216 [DEBUG] Decoded IPA frame: proto=0x00, payload_len=7, consumed=10, payload_hex: 0c1201900fffff
2026-06-29 05:42:49,216 [DEBUG] RSL message: 0c1201900fffff
2026-06-29 05:42:49,216 [DEBUG] RSL discriminator: 0x0c, message type: 0x12, payload: 0c1201900fffff
2026-06-29 05:42:49,216 [DEBUG] Incomplete frame, buffer size: 0, buffer_hex: 
2026-06-29 05:42:49,371 [DEBUG] Received 13 bytes from BTS
2026-06-29 05:42:49,371 [DEBUG] Decoded IPA frame: proto=0x00, payload_len=10, consumed=13, payload_hex: 0c130188130e0bcd1100
2026-06-29 05:42:49,371 [DEBUG] RSL message: 0c130188130e0bcd1100
2026-06-29 05:42:49,371 [DEBUG] RSL discriminator: 0x0c, message type: 0x13, payload: 0c130188130e0bcd1100
2026-06-29 05:42:49,371 [INFO] BTS 4242/0/0: CHAN_RQD received - RA=14, FN=2119, payload: 0c130188130e0bcd1100
2026-06-29 05:42:49,371 [INFO] CHAN_RQD: RA=14 FN=2119 BTS=4242/0/0
2026-06-29 05:42:49,371 [INFO] DEBUG: auto_respond=False
2026-06-29 05:42:49,371 [INFO] Sending CHAN_RQD event to control server: RA=14, FN_enc=3021
2026-06-29 05:42:49,371 [DEBUG] Buffered event CHAN_RQD (total buffered: 9)
2026-06-29 05:42:49,372 [DEBUG] Incomplete frame, buffer size: 0, buffer_hex: 
2026-06-29 05:42:50,027 [DEBUG] Received 10 bytes from BTS
2026-06-29 05:42:50,028 [DEBUG] Decoded IPA frame: proto=0x00, payload_len=7, consumed=10, payload_hex: 0c1201900fffff
2026-06-29 05:42:50,028 [DEBUG] RSL message: 0c1201900fffff
2026-06-29 05:42:50,028 [DEBUG] RSL discriminator: 0x0c, message type: 0x12, payload: 0c1201900fffff
2026-06-29 05:42:50,028 [DEBUG] Incomplete frame, buffer size: 0, buffer_hex: 
2026-06-29 05:42:50,213 [DEBUG] Received 10 bytes from BTS
2026-06-29 05:42:50,213 [DEBUG] Decoded IPA frame: proto=0x00, payload_len=7, consumed=10, payload_hex: 0c1201900fffff
2026-06-29 05:42:50,213 [DEBUG] RSL message: 0c1201900fffff
2026-06-29 05:42:50,213 [DEBUG] RSL discriminator: 0x0c, message type: 0x12, payload: 0c1201900fffff
2026-06-29 05:42:50,213 [DEBUG] Incomplete frame, buffer size: 0, buffer_hex: 
2026-06-29 05:42:50,548 [DEBUG] Received 13 bytes from BTS
2026-06-29 05:42:50,548 [DEBUG] Decoded IPA frame: proto=0x00, payload_len=10, consumed=13, payload_hex: 0c130188130a0ae11100
2026-06-29 05:42:50,548 [DEBUG] RSL message: 0c130188130a0ae11100
2026-06-29 05:42:50,548 [DEBUG] RSL discriminator: 0x0c, message type: 0x13, payload: 0c130188130a0ae11100
2026-06-29 05:42:50,548 [INFO] BTS 4242/0/0: CHAN_RQD received - RA=10, FN=1925, payload: 0c130188130a0ae11100
2026-06-29 05:42:50,549 [INFO] CHAN_RQD: RA=10 FN=1925 BTS=4242/0/0
2026-06-29 05:42:50,549 [INFO] DEBUG: auto_respond=False
2026-06-29 05:42:50,549 [INFO] Sending CHAN_RQD event to control server: RA=10, FN_enc=2785
2026-06-29 05:42:50,549 [DEBUG] Buffered event CHAN_RQD (total buffered: 10)
2026-06-29 05:42:50,549 [DEBUG] Incomplete frame, buffer size: 0, buffer_hex: 
2026-06-29 05:42:50,623 [INFO] Control Client connected from ('10.42.0.1', 53290)
2026-06-29 05:42:50,623 [INFO] handle_client: Starting, client socket: 6
2026-06-29 05:42:50,623 [INFO] handle_client: WELCOME sent
2026-06-29 05:42:50,673 [INFO] Replaying 10 buffered event(s)
2026-06-29 05:42:50,674 [WARNING] Failed to replay event 1: [Errno 32] Broken pipe
2026-06-29 05:42:50,674 [WARNING] Failed to replay event 2: [Errno 32] Broken pipe
2026-06-29 05:42:50,674 [WARNING] Failed to replay event 3: [Errno 32] Broken pipe
2026-06-29 05:42:50,674 [WARNING] Failed to replay event 4: [Errno 32] Broken pipe
2026-06-29 05:42:50,674 [WARNING] Failed to replay event 5: [Errno 32] Broken pipe
2026-06-29 05:42:50,674 [WARNING] Failed to replay event 6: [Errno 32] Broken pipe
2026-06-29 05:42:50,674 [WARNING] Failed to replay event 7: [Errno 32] Broken pipe
2026-06-29 05:42:50,674 [WARNING] Failed to replay event 8: [Errno 32] Broken pipe
2026-06-29 05:42:50,674 [WARNING] Failed to replay event 9: [Errno 32] Broken pipe
2026-06-29 05:42:50,674 [WARNING] Failed to replay event 10: [Errno 32] Broken pipe
2026-06-29 05:42:50,674 [INFO] handle_client: Entering receive loop
2026-06-29 05:42:50,674 [INFO] handle_client: Received empty data, client closed connection
2026-06-29 05:42:50,674 [INFO] Control Client disconnected
2026-06-29 05:42:51,029 [DEBUG] Received 10 bytes from BTS
2026-06-29 05:42:51,029 [DEBUG] Decoded IPA frame: proto=0x00, payload_len=7, consumed=10, payload_hex: 0c1201900fffff
2026-06-29 05:42:51,030 [DEBUG] RSL message: 0c1201900fffff
2026-06-29 05:42:51,030 [DEBUG] RSL discriminator: 0x0c, message type: 0x12, payload: 0c1201900fffff
2026-06-29 05:42:51,030 [DEBUG] Incomplete frame, buffer size: 0, buffer_hex: 
2026-06-29 05:42:51,214 [DEBUG] Received 10 bytes from BTS
2026-06-29 05:42:51,214 [DEBUG] Decoded IPA frame: proto=0x00, payload_len=7, consumed=10, payload_hex: 0c1201900fffff
2026-06-29 05:42:51,214 [DEBUG] RSL message: 0c1201900fffff
2026-06-29 05:42:51,214 [DEBUG] RSL discriminator: 0x0c, message type: 0x12, payload: 0c1201900fffff
2026-06-29 05:42:51,214 [DEBUG] Incomplete frame, buffer size: 0, buffer_hex: 
2026-06-29 05:42:51,725 [DEBUG] Received 13 bytes from BTS
2026-06-29 05:42:51,725 [DEBUG] Decoded IPA frame: proto=0x00, payload_len=10, consumed=13, payload_hex: 0c130188130812931100
2026-06-29 05:42:51,725 [DEBUG] RSL message: 0c130188130812931100
2026-06-29 05:42:51,725 [DEBUG] RSL discriminator: 0x0c, message type: 0x13, payload: 0c130188130812931100
2026-06-29 05:42:51,725 [INFO] BTS 4242/0/0: CHAN_RQD received - RA=8, FN=3191, payload: 0c130188130812931100
2026-06-29 05:42:51,726 [INFO] CHAN_RQD: RA=8 FN=3191 BTS=4242/0/0
2026-06-29 05:42:51,726 [INFO] DEBUG: auto_respond=False
2026-06-29 05:42:51,726 [INFO] Sending CHAN_RQD event to control server: RA=8, FN_enc=4755
2026-06-29 05:42:51,726 [DEBUG] Buffered event CHAN_RQD (total buffered: 11)
2026-06-29 05:42:51,726 [DEBUG] Incomplete frame, buffer size: 0, buffer_hex: 
2026-06-29 05:42:52,030 [DEBUG] Received 10 bytes from BTS
2026-06-29 05:42:52,030 [DEBUG] Decoded IPA frame: proto=0x00, payload_len=7, consumed=10, payload_hex: 0c1201900fffff
2026-06-29 05:42:52,030 [DEBUG] RSL message: 0c1201900fffff
2026-06-29 05:42:52,030 [DEBUG] RSL discriminator: 0x0c, message type: 0x12, payload: 0c1201900fffff
2026-06-29 05:42:52,030 [DEBUG] Incomplete frame, buffer size: 0, buffer_hex: 
2026-06-29 05:42:52,215 [DEBUG] Received 10 bytes from BTS
2026-06-29 05:42:52,215 [DEBUG] Decoded IPA frame: proto=0x00, payload_len=7, consumed=10, payload_hex: 0c1201900fffff
2026-06-29 05:42:52,215 [DEBUG] RSL message: 0c1201900fffff
2026-06-29 05:42:52,215 [DEBUG] RSL discriminator: 0x0c, message type: 0x12, payload: 0c1201900fffff
2026-06-29 05:42:52,215 [DEBUG] Incomplete frame, buffer size: 0, buffer_hex: 
2026-06-29 05:42:52,902 [DEBUG] Received 13 bytes from BTS
2026-06-29 05:42:52,903 [DEBUG] Decoded IPA frame: proto=0x00, payload_len=10, consumed=13, payload_hex: 0c1301881300126d1100
2026-06-29 05:42:52,903 [DEBUG] RSL message: 0c1301881300126d1100
2026-06-29 05:42:52,903 [DEBUG] RSL discriminator: 0x0c, message type: 0x13, payload: 0c1301881300126d1100
2026-06-29 05:42:52,903 [INFO] BTS 4242/0/0: CHAN_RQD received - RA=0, FN=3159, payload: 0c1301881300126d1100
2026-06-29 05:42:52,903 [INFO] CHAN_RQD: RA=0 FN=3159 BTS=4242/0/0
2026-06-29 05:42:52,903 [INFO] DEBUG: auto_respond=False
2026-06-29 05:42:52,903 [INFO] Sending CHAN_RQD event to control server: RA=0, FN_enc=4717
2026-06-29 05:42:52,903 [DEBUG] Buffered event CHAN_RQD (total buffered: 12)
2026-06-29 05:42:52,903 [DEBUG] Incomplete frame, buffer size: 0, buffer_hex: 
2026-06-29 05:42:52,936 [INFO] Control Client connected from ('10.42.0.1', 51680)
2026-06-29 05:42:52,936 [INFO] handle_client: Starting, client socket: 11
2026-06-29 05:42:52,936 [INFO] handle_client: WELCOME sent
2026-06-29 05:42:52,987 [INFO] Replaying 12 buffered event(s)
2026-06-29 05:42:52,987 [WARNING] Failed to replay event 1: [Errno 32] Broken pipe
2026-06-29 05:42:52,987 [WARNING] Failed to replay event 2: [Errno 32] Broken pipe
2026-06-29 05:42:52,987 [WARNING] Failed to replay event 3: [Errno 32] Broken pipe
2026-06-29 05:42:52,987 [WARNING] Failed to replay event 4: [Errno 32] Broken pipe
2026-06-29 05:42:52,987 [WARNING] Failed to replay event 5: [Errno 32] Broken pipe
2026-06-29 05:42:52,987 [WARNING] Failed to replay event 6: [Errno 32] Broken pipe
2026-06-29 05:42:52,987 [WARNING] Failed to replay event 7: [Errno 32] Broken pipe
2026-06-29 05:42:52,987 [WARNING] Failed to replay event 8: [Errno 32] Broken pipe
2026-06-29 05:42:52,987 [WARNING] Failed to replay event 9: [Errno 32] Broken pipe
2026-06-29 05:42:52,987 [WARNING] Failed to replay event 10: [Errno 32] Broken pipe
2026-06-29 05:42:52,987 [WARNING] Failed to replay event 11: [Errno 32] Broken pipe
2026-06-29 05:42:52,987 [WARNING] Failed to replay event 12: [Errno 32] Broken pipe
2026-06-29 05:42:52,987 [INFO] handle_client: Entering receive loop
2026-06-29 05:42:52,987 [INFO] handle_client: Received empty data, client closed connection
2026-06-29 05:42:52,987 [INFO] Control Client disconnected
2026-06-29 05:42:53,030 [DEBUG] Received 10 bytes from BTS
2026-06-29 05:42:53,031 [DEBUG] Decoded IPA frame: proto=0x00, payload_len=7, consumed=10, payload_hex: 0c1201900fffff
2026-06-29 05:42:53,031 [DEBUG] RSL message: 0c1201900fffff
2026-06-29 05:42:53,031 [DEBUG] RSL discriminator: 0x0c, message type: 0x12, payload: 0c1201900fffff
2026-06-29 05:42:53,031 [DEBUG] Incomplete frame, buffer size: 0, buffer_hex: 
2026-06-29 05:42:53,216 [DEBUG] Received 10 bytes from BTS
2026-06-29 05:42:53,216 [DEBUG] Decoded IPA frame: proto=0x00, payload_len=7, consumed=10, payload_hex: 0c1201900fffff
2026-06-29 05:42:53,216 [DEBUG] RSL message: 0c1201900fffff
2026-06-29 05:42:53,216 [DEBUG] RSL discriminator: 0x0c, message type: 0x12, payload: 0c1201900fffff
2026-06-29 05:42:53,216 [DEBUG] Incomplete frame, buffer size: 0, buffer_hex: 
2026-06-29 05:42:53,624 [INFO] Control Client connected from ('10.42.0.1', 51686)
2026-06-29 05:42:53,624 [INFO] handle_client: Starting, client socket: 6
2026-06-29 05:42:53,624 [INFO] handle_client: WELCOME sent
2026-06-29 05:42:53,674 [INFO] Replaying 12 buffered event(s)
2026-06-29 05:42:53,675 [WARNING] Failed to replay event 1: [Errno 32] Broken pipe
2026-06-29 05:42:53,675 [WARNING] Failed to replay event 2: [Errno 32] Broken pipe
2026-06-29 05:42:53,675 [WARNING] Failed to replay event 3: [Errno 32] Broken pipe
2026-06-29 05:42:53,675 [WARNING] Failed to replay event 4: [Errno 32] Broken pipe
2026-06-29 05:42:53,675 [WARNING] Failed to replay event 5: [Errno 32] Broken pipe
2026-06-29 05:42:53,675 [WARNING] Failed to replay event 6: [Errno 32] Broken pipe
2026-06-29 05:42:53,675 [WARNING] Failed to replay event 7: [Errno 32] Broken pipe
2026-06-29 05:42:53,675 [WARNING] Failed to replay event 8: [Errno 32] Broken pipe
2026-06-29 05:42:53,675 [WARNING] Failed to replay event 9: [Errno 32] Broken pipe
2026-06-29 05:42:53,675 [WARNING] Failed to replay event 10: [Errno 32] Broken pipe
2026-06-29 05:42:53,675 [WARNING] Failed to replay event 11: [Errno 32] Broken pipe
2026-06-29 05:42:53,675 [WARNING] Failed to replay event 12: [Errno 32] Broken pipe
2026-06-29 05:42:53,675 [INFO] handle_client: Entering receive loop
2026-06-29 05:42:53,675 [INFO] handle_client: Received empty data, client closed connection
2026-06-29 05:42:53,675 [INFO] Control Client disconnected
2026-06-29 05:42:54,031 [DEBUG] Received 10 bytes from BTS
2026-06-29 05:42:54,031 [DEBUG] Decoded IPA frame: proto=0x00, payload_len=7, consumed=10, payload_hex: 0c1201900fffff
2026-06-29 05:42:54,031 [DEBUG] RSL message: 0c1201900fffff
2026-06-29 05:42:54,031 [DEBUG] RSL discriminator: 0x0c, message type: 0x12, payload: 0c1201900fffff
2026-06-29 05:42:54,031 [DEBUG] Incomplete frame, buffer size: 0, buffer_hex: 
2026-06-29 05:42:54,217 [DEBUG] Received 10 bytes from BTS
2026-06-29 05:42:54,217 [DEBUG] Decoded IPA frame: proto=0x00, payload_len=7, consumed=10, payload_hex: 0c1201900fffff
2026-06-29 05:42:54,217 [DEBUG] RSL message: 0c1201900fffff
2026-06-29 05:42:54,217 [DEBUG] RSL discriminator: 0x0c, message type: 0x12, payload: 0c1201900fffff
2026-06-29 05:42:54,217 [DEBUG] Incomplete frame, buffer size: 0, buffer_hex: 
2026-06-29 05:42:55,032 [DEBUG] Received 10 bytes from BTS
2026-06-29 05:42:55,032 [DEBUG] Decoded IPA frame: proto=0x00, payload_len=7, consumed=10, payload_hex: 0c1201900fffff
2026-06-29 05:42:55,032 [DEBUG] RSL message: 0c1201900fffff
2026-06-29 05:42:55,032 [DEBUG] RSL discriminator: 0x0c, message type: 0x12, payload: 0c1201900fffff
2026-06-29 05:42:55,032 [DEBUG] Incomplete frame, buffer size: 0, buffer_hex: 
2026-06-29 05:42:55,217 [DEBUG] Received 10 bytes from BTS
2026-06-29 05:42:55,217 [DEBUG] Decoded IPA frame: proto=0x00, payload_len=7, consumed=10, payload_hex: 0c1201900fffff
2026-06-29 05:42:55,217 [DEBUG] RSL message: 0c1201900fffff
2026-06-29 05:42:55,217 [DEBUG] RSL discriminator: 0x0c, message type: 0x12, payload: 0c1201900fffff
2026-06-29 05:42:55,217 [DEBUG] Incomplete frame, buffer size: 0, buffer_hex: 
2026-06-29 05:42:56,032 [DEBUG] Received 10 bytes from BTS
2026-06-29 05:42:56,033 [DEBUG] Decoded IPA frame: proto=0x00, payload_len=7, consumed=10, payload_hex: 0c1201900fffff
2026-06-29 05:42:56,033 [DEBUG] RSL message: 0c1201900fffff
2026-06-29 05:42:56,033 [DEBUG] RSL discriminator: 0x0c, message type: 0x12, payload: 0c1201900fffff
2026-06-29 05:42:56,033 [DEBUG] Incomplete frame, buffer size: 0, buffer_hex: 
2026-06-29 05:42:56,217 [DEBUG] Received 10 bytes from BTS
2026-06-29 05:42:56,217 [DEBUG] Decoded IPA frame: proto=0x00, payload_len=7, consumed=10, payload_hex: 0c1201900fffff
2026-06-29 05:42:56,217 [DEBUG] RSL message: 0c1201900fffff
2026-06-29 05:42:56,217 [DEBUG] RSL discriminator: 0x0c, message type: 0x12, payload: 0c1201900fffff
2026-06-29 05:42:56,217 [DEBUG] Incomplete frame, buffer size: 0, buffer_hex: 
2026-06-29 05:42:56,623 [INFO] Control Client connected from ('10.42.0.1', 51694)
2026-06-29 05:42:56,624 [INFO] handle_client: Starting, client socket: 11
2026-06-29 05:42:56,624 [INFO] handle_client: WELCOME sent
2026-06-29 05:42:56,674 [INFO] Replaying 12 buffered event(s)
2026-06-29 05:42:56,674 [WARNING] Failed to replay event 1: [Errno 32] Broken pipe
2026-06-29 05:42:56,674 [WARNING] Failed to replay event 2: [Errno 32] Broken pipe
2026-06-29 05:42:56,674 [WARNING] Failed to replay event 3: [Errno 32] Broken pipe
2026-06-29 05:42:56,674 [WARNING] Failed to replay event 4: [Errno 32] Broken pipe
2026-06-29 05:42:56,675 [WARNING] Failed to replay event 5: [Errno 32] Broken pipe
2026-06-29 05:42:56,675 [WARNING] Failed to replay event 6: [Errno 32] Broken pipe
2026-06-29 05:42:56,675 [WARNING] Failed to replay event 7: [Errno 32] Broken pipe
2026-06-29 05:42:56,675 [WARNING] Failed to replay event 8: [Errno 32] Broken pipe
2026-06-29 05:42:56,675 [WARNING] Failed to replay event 9: [Errno 32] Broken pipe
2026-06-29 05:42:56,675 [WARNING] Failed to replay event 10: [Errno 32] Broken pipe
2026-06-29 05:42:56,675 [WARNING] Failed to replay event 11: [Errno 32] Broken pipe
2026-06-29 05:42:56,675 [WARNING] Failed to replay event 12: [Errno 32] Broken pipe
2026-06-29 05:42:56,675 [INFO] handle_client: Entering receive loop
2026-06-29 05:42:56,675 [INFO] handle_client: Received empty data, client closed connection
2026-06-29 05:42:56,675 [INFO] Control Client disconnected
2026-06-29 05:42:57,033 [DEBUG] Received 10 bytes from BTS
2026-06-29 05:42:57,033 [DEBUG] Decoded IPA frame: proto=0x00, payload_len=7, consumed=10, payload_hex: 0c1201900fffff
2026-06-29 05:42:57,033 [DEBUG] RSL message: 0c1201900fffff
2026-06-29 05:42:57,033 [DEBUG] RSL discriminator: 0x0c, message type: 0x12, payload: 0c1201900fffff
2026-06-29 05:42:57,033 [DEBUG] Incomplete frame, buffer size: 0, buffer_hex: 
2026-06-29 05:42:57,218 [DEBUG] Received 10 bytes from BTS
2026-06-29 05:42:57,218 [DEBUG] Decoded IPA frame: proto=0x00, payload_len=7, consumed=10, payload_hex: 0c1201900fffff
2026-06-29 05:42:57,218 [DEBUG] RSL message: 0c1201900fffff
2026-06-29 05:42:57,218 [DEBUG] RSL discriminator: 0x0c, message type: 0x12, payload: 0c1201900fffff
2026-06-29 05:42:57,218 [DEBUG] Incomplete frame, buffer size: 0, buffer_hex: 
2026-06-29 05:42:58,033 [DEBUG] Received 10 bytes from BTS
2026-06-29 05:42:58,033 [DEBUG] Decoded IPA frame: proto=0x00, payload_len=7, consumed=10, payload_hex: 0c1201900fffff
2026-06-29 05:42:58,034 [DEBUG] RSL message: 0c1201900fffff
2026-06-29 05:42:58,034 [DEBUG] RSL discriminator: 0x0c, message type: 0x12, payload: 0c1201900fffff
2026-06-29 05:42:58,034 [DEBUG] Incomplete frame, buffer size: 0, buffer_hex: 
2026-06-29 05:42:58,219 [DEBUG] Received 10 bytes from BTS
2026-06-29 05:42:58,219 [DEBUG] Decoded IPA frame: proto=0x00, payload_len=7, consumed=10, payload_hex: 0c1201900fffff
2026-06-29 05:42:58,219 [DEBUG] RSL message: 0c1201900fffff
2026-06-29 05:42:58,219 [DEBUG] RSL discriminator: 0x0c, message type: 0x12, payload: 0c1201900fffff
2026-06-29 05:42:58,219 [DEBUG] Incomplete frame, buffer size: 0, buffer_hex: 
2026-06-29 05:42:59,034 [DEBUG] Received 10 bytes from BTS
2026-06-29 05:42:59,034 [DEBUG] Decoded IPA frame: proto=0x00, payload_len=7, consumed=10, payload_hex: 0c1201900fffff
2026-06-29 05:42:59,034 [DEBUG] RSL message: 0c1201900fffff
2026-06-29 05:42:59,034 [DEBUG] RSL discriminator: 0x0c, message type: 0x12, payload: 0c1201900fffff
2026-06-29 05:42:59,034 [DEBUG] Incomplete frame, buffer size: 0, buffer_hex: 
2026-06-29 05:42:59,219 [DEBUG] Received 10 bytes from BTS
2026-06-29 05:42:59,219 [DEBUG] Decoded IPA frame: proto=0x00, payload_len=7, consumed=10, payload_hex: 0c1201900fffff
2026-06-29 05:42:59,219 [DEBUG] RSL message: 0c1201900fffff
2026-06-29 05:42:59,219 [DEBUG] RSL discriminator: 0x0c, message type: 0x12, payload: 0c1201900fffff
2026-06-29 05:42:59,219 [DEBUG] Incomplete frame, buffer size: 0, buffer_hex: 
2026-06-29 05:42:59,623 [INFO] Control Client connected from ('10.42.0.1', 51702)
2026-06-29 05:42:59,624 [INFO] handle_client: Starting, client socket: 6
2026-06-29 05:42:59,624 [INFO] handle_client: WELCOME sent
2026-06-29 05:42:59,674 [INFO] Replaying 12 buffered event(s)
2026-06-29 05:42:59,674 [WARNING] Failed to replay event 1: [Errno 32] Broken pipe
2026-06-29 05:42:59,674 [WARNING] Failed to replay event 2: [Errno 32] Broken pipe
2026-06-29 05:42:59,674 [WARNING] Failed to replay event 3: [Errno 32] Broken pipe
2026-06-29 05:42:59,674 [WARNING] Failed to replay event 4: [Errno 32] Broken pipe
2026-06-29 05:42:59,674 [WARNING] Failed to replay event 5: [Errno 32] Broken pipe
2026-06-29 05:42:59,674 [WARNING] Failed to replay event 6: [Errno 32] Broken pipe
2026-06-29 05:42:59,674 [WARNING] Failed to replay event 7: [Errno 32] Broken pipe
2026-06-29 05:42:59,674 [WARNING] Failed to replay event 8: [Errno 32] Broken pipe
2026-06-29 05:42:59,674 [WARNING] Failed to replay event 9: [Errno 32] Broken pipe
2026-06-29 05:42:59,674 [WARNING] Failed to replay event 10: [Errno 32] Broken pipe
2026-06-29 05:42:59,674 [WARNING] Failed to replay event 11: [Errno 32] Broken pipe
2026-06-29 05:42:59,674 [WARNING] Failed to replay event 12: [Errno 32] Broken pipe
2026-06-29 05:42:59,674 [INFO] handle_client: Entering receive loop
2026-06-29 05:42:59,674 [INFO] handle_client: Received empty data, client closed connection
2026-06-29 05:42:59,674 [INFO] Control Client disconnected
2026-06-29 05:43:00,035 [DEBUG] Received 10 bytes from BTS
2026-06-29 05:43:00,035 [DEBUG] Decoded IPA frame: proto=0x00, payload_len=7, consumed=10, payload_hex: 0c1201900fffff
2026-06-29 05:43:00,035 [DEBUG] RSL message: 0c1201900fffff
2026-06-29 05:43:00,035 [DEBUG] RSL discriminator: 0x0c, message type: 0x12, payload: 0c1201900fffff
2026-06-29 05:43:00,035 [DEBUG] Incomplete frame, buffer size: 0, buffer_hex: 
2026-06-29 05:43:00,219 [DEBUG] Received 10 bytes from BTS
2026-06-29 05:43:00,219 [DEBUG] Decoded IPA frame: proto=0x00, payload_len=7, consumed=10, payload_hex: 0c1201900fffff
2026-06-29 05:43:00,219 [DEBUG] RSL message: 0c1201900fffff
2026-06-29 05:43:00,219 [DEBUG] RSL discriminator: 0x0c, message type: 0x12, payload: 0c1201900fffff
2026-06-29 05:43:00,219 [DEBUG] Incomplete frame, buffer size: 0, buffer_hex: 
2026-06-29 05:43:01,035 [DEBUG] Received 10 bytes from BTS
2026-06-29 05:43:01,035 [DEBUG] Decoded IPA frame: proto=0x00, payload_len=7, consumed=10, payload_hex: 0c1201900fffff
2026-06-29 05:43:01,035 [DEBUG] RSL message: 0c1201900fffff
2026-06-29 05:43:01,035 [DEBUG] RSL discriminator: 0x0c, message type: 0x12, payload: 0c1201900fffff
2026-06-29 05:43:01,035 [DEBUG] Incomplete frame, buffer size: 0, buffer_hex: 
2026-06-29 05:43:01,220 [DEBUG] Received 10 bytes from BTS
2026-06-29 05:43:01,220 [DEBUG] Decoded IPA frame: proto=0x00, payload_len=7, consumed=10, payload_hex: 0c1201900fffff
2026-06-29 05:43:01,220 [DEBUG] RSL message: 0c1201900fffff
2026-06-29 05:43:01,220 [DEBUG] RSL discriminator: 0x0c, message type: 0x12, payload: 0c1201900fffff
2026-06-29 05:43:01,220 [DEBUG] Incomplete frame, buffer size: 0, buffer_hex: 
2026-06-29 05:43:02,035 [DEBUG] Received 10 bytes from BTS
2026-06-29 05:43:02,035 [DEBUG] Decoded IPA frame: proto=0x00, payload_len=7, consumed=10, payload_hex: 0c1201900fffff
2026-06-29 05:43:02,035 [DEBUG] RSL message: 0c1201900fffff
2026-06-29 05:43:02,035 [DEBUG] RSL discriminator: 0x0c, message type: 0x12, payload: 0c1201900fffff
2026-06-29 05:43:02,035 [DEBUG] Incomplete frame, buffer size: 0, buffer_hex: 
2026-06-29 05:43:02,221 [DEBUG] Received 10 bytes from BTS
2026-06-29 05:43:02,221 [DEBUG] Decoded IPA frame: proto=0x00, payload_len=7, consumed=10, payload_hex: 0c1201900fffff
2026-06-29 05:43:02,221 [DEBUG] RSL message: 0c1201900fffff
2026-06-29 05:43:02,221 [DEBUG] RSL discriminator: 0x0c, message type: 0x12, payload: 0c1201900fffff
2026-06-29 05:43:02,221 [DEBUG] Incomplete frame, buffer size: 0, buffer_hex: 
2026-06-29 05:43:02,623 [INFO] Control Client connected from ('10.42.0.1', 50992)
2026-06-29 05:43:02,623 [INFO] handle_client: Starting, client socket: 11
2026-06-29 05:43:02,624 [INFO] handle_client: WELCOME sent
2026-06-29 05:43:02,674 [INFO] Replaying 12 buffered event(s)
2026-06-29 05:43:02,674 [WARNING] Failed to replay event 1: [Errno 32] Broken pipe
2026-06-29 05:43:02,674 [WARNING] Failed to replay event 2: [Errno 32] Broken pipe
2026-06-29 05:43:02,674 [WARNING] Failed to replay event 3: [Errno 32] Broken pipe
2026-06-29 05:43:02,674 [WARNING] Failed to replay event 4: [Errno 32] Broken pipe
2026-06-29 05:43:02,674 [WARNING] Failed to replay event 5: [Errno 32] Broken pipe
2026-06-29 05:43:02,674 [WARNING] Failed to replay event 6: [Errno 32] Broken pipe
2026-06-29 05:43:02,674 [WARNING] Failed to replay event 7: [Errno 32] Broken pipe
2026-06-29 05:43:02,674 [WARNING] Failed to replay event 8: [Errno 32] Broken pipe
2026-06-29 05:43:02,674 [WARNING] Failed to replay event 9: [Errno 32] Broken pipe
2026-06-29 05:43:02,674 [WARNING] Failed to replay event 10: [Errno 32] Broken pipe
2026-06-29 05:43:02,674 [WARNING] Failed to replay event 11: [Errno 32] Broken pipe
2026-06-29 05:43:02,674 [WARNING] Failed to replay event 12: [Errno 32] Broken pipe
2026-06-29 05:43:02,674 [INFO] handle_client: Entering receive loop
2026-06-29 05:43:02,674 [INFO] handle_client: Received empty data, client closed connection
2026-06-29 05:43:02,674 [INFO] Control Client disconnected
2026-06-29 05:43:02,936 [INFO] Control Client connected from ('10.42.0.1', 50994)
2026-06-29 05:43:02,936 [INFO] handle_client: Starting, client socket: 6
2026-06-29 05:43:02,936 [INFO] handle_client: WELCOME sent
2026-06-29 05:43:02,986 [INFO] Replaying 12 buffered event(s)
2026-06-29 05:43:02,986 [WARNING] Failed to replay event 1: [Errno 32] Broken pipe
2026-06-29 05:43:02,986 [WARNING] Failed to replay event 2: [Errno 32] Broken pipe
2026-06-29 05:43:02,986 [WARNING] Failed to replay event 3: [Errno 32] Broken pipe
2026-06-29 05:43:02,986 [WARNING] Failed to replay event 4: [Errno 32] Broken pipe
2026-06-29 05:43:02,986 [WARNING] Failed to replay event 5: [Errno 32] Broken pipe
2026-06-29 05:43:02,987 [WARNING] Failed to replay event 6: [Errno 32] Broken pipe
2026-06-29 05:43:02,987 [WARNING] Failed to replay event 7: [Errno 32] Broken pipe
2026-06-29 05:43:02,987 [WARNING] Failed to replay event 8: [Errno 32] Broken pipe
2026-06-29 05:43:02,987 [WARNING] Failed to replay event 9: [Errno 32] Broken pipe
2026-06-29 05:43:02,987 [WARNING] Failed to replay event 10: [Errno 32] Broken pipe
2026-06-29 05:43:02,987 [WARNING] Failed to replay event 11: [Errno 32] Broken pipe
2026-06-29 05:43:02,987 [WARNING] Failed to replay event 12: [Errno 32] Broken pipe
2026-06-29 05:43:02,987 [INFO] handle_client: Entering receive loop
2026-06-29 05:43:02,987 [INFO] handle_client: Received empty data, client closed connection
2026-06-29 05:43:02,987 [INFO] Control Client disconnected
2026-06-29 05:43:03,036 [DEBUG] Received 10 bytes from BTS
2026-06-29 05:43:03,036 [DEBUG] Decoded IPA frame: proto=0x00, payload_len=7, consumed=10, payload_hex: 0c1201900fffff
2026-06-29 05:43:03,036 [DEBUG] RSL message: 0c1201900fffff
2026-06-29 05:43:03,036 [DEBUG] RSL discriminator: 0x0c, message type: 0x12, payload: 0c1201900fffff
2026-06-29 05:43:03,036 [DEBUG] Incomplete frame, buffer size: 0, buffer_hex: 
2026-06-29 05:43:03,222 [DEBUG] Received 10 bytes from BTS
2026-06-29 05:43:03,222 [DEBUG] Decoded IPA frame: proto=0x00, payload_len=7, consumed=10, payload_hex: 0c1201900fffff
2026-06-29 05:43:03,222 [DEBUG] RSL message: 0c1201900fffff
2026-06-29 05:43:03,222 [DEBUG] RSL discriminator: 0x0c, message type: 0x12, payload: 0c1201900fffff
2026-06-29 05:43:03,222 [DEBUG] Incomplete frame, buffer size: 0, buffer_hex: 
2026-06-29 05:43:04,036 [DEBUG] Received 10 bytes from BTS
2026-06-29 05:43:04,036 [DEBUG] Decoded IPA frame: proto=0x00, payload_len=7, consumed=10, payload_hex: 0c1201900fffff
2026-06-29 05:43:04,036 [DEBUG] RSL message: 0c1201900fffff
2026-06-29 05:43:04,037 [DEBUG] RSL discriminator: 0x0c, message type: 0x12, payload: 0c1201900fffff
2026-06-29 05:43:04,037 [DEBUG] Incomplete frame, buffer size: 0, buffer_hex: 
2026-06-29 05:43:04,222 [DEBUG] Received 10 bytes from BTS
2026-06-29 05:43:04,222 [DEBUG] Decoded IPA frame: proto=0x00, payload_len=7, consumed=10, payload_hex: 0c1201900fffff
2026-06-29 05:43:04,222 [DEBUG] RSL message: 0c1201900fffff
2026-06-29 05:43:04,222 [DEBUG] RSL discriminator: 0x0c, message type: 0x12, payload: 0c1201900fffff
2026-06-29 05:43:04,222 [DEBUG] Incomplete frame, buffer size: 0, buffer_hex: 
2026-06-29 05:43:05,037 [DEBUG] Received 10 bytes from BTS
2026-06-29 05:43:05,037 [DEBUG] Decoded IPA frame: proto=0x00, payload_len=7, consumed=10, payload_hex: 0c1201900fffff
2026-06-29 05:43:05,037 [DEBUG] RSL message: 0c1201900fffff
2026-06-29 05:43:05,037 [DEBUG] RSL discriminator: 0x0c, message type: 0x12, payload: 0c1201900fffff
2026-06-29 05:43:05,037 [DEBUG] Incomplete frame, buffer size: 0, buffer_hex: 
2026-06-29 05:43:05,223 [DEBUG] Received 10 bytes from BTS
2026-06-29 05:43:05,223 [DEBUG] Decoded IPA frame: proto=0x00, payload_len=7, consumed=10, payload_hex: 0c1201900fffff
2026-06-29 05:43:05,223 [DEBUG] RSL message: 0c1201900fffff
2026-06-29 05:43:05,223 [DEBUG] RSL discriminator: 0x0c, message type: 0x12, payload: 0c1201900fffff
2026-06-29 05:43:05,225 [DEBUG] Incomplete frame, buffer size: 0, buffer_hex: 
2026-06-29 05:43:05,623 [INFO] Control Client connected from ('10.42.0.1', 51002)
2026-06-29 05:43:05,623 [INFO] handle_client: Starting, client socket: 11
2026-06-29 05:43:05,623 [INFO] handle_client: WELCOME sent
2026-06-29 05:43:05,674 [INFO] Replaying 12 buffered event(s)
2026-06-29 05:43:05,674 [WARNING] Failed to replay event 1: [Errno 32] Broken pipe
2026-06-29 05:43:05,674 [WARNING] Failed to replay event 2: [Errno 32] Broken pipe
2026-06-29 05:43:05,674 [WARNING] Failed to replay event 3: [Errno 32] Broken pipe
2026-06-29 05:43:05,674 [WARNING] Failed to replay event 4: [Errno 32] Broken pipe
2026-06-29 05:43:05,674 [WARNING] Failed to replay event 5: [Errno 32] Broken pipe
2026-06-29 05:43:05,674 [WARNING] Failed to replay event 6: [Errno 32] Broken pipe
2026-06-29 05:43:05,674 [WARNING] Failed to replay event 7: [Errno 32] Broken pipe
2026-06-29 05:43:05,674 [WARNING] Failed to replay event 8: [Errno 32] Broken pipe
2026-06-29 05:43:05,674 [WARNING] Failed to replay event 9: [Errno 32] Broken pipe
2026-06-29 05:43:05,674 [WARNING] Failed to replay event 10: [Errno 32] Broken pipe
2026-06-29 05:43:05,674 [WARNING] Failed to replay event 11: [Errno 32] Broken pipe
2026-06-29 05:43:05,674 [WARNING] Failed to replay event 12: [Errno 32] Broken pipe
2026-06-29 05:43:05,674 [INFO] handle_client: Entering receive loop
2026-06-29 05:43:05,674 [INFO] handle_client: Received empty data, client closed connection
2026-06-29 05:43:05,675 [INFO] Control Client disconnected
2026-06-29 05:43:06,037 [DEBUG] Received 10 bytes from BTS
2026-06-29 05:43:06,037 [DEBUG] Decoded IPA frame: proto=0x00, payload_len=7, consumed=10, payload_hex: 0c1201900fffff
2026-06-29 05:43:06,037 [DEBUG] RSL message: 0c1201900fffff
2026-06-29 05:43:06,037 [DEBUG] RSL discriminator: 0x0c, message type: 0x12, payload: 0c1201900fffff
2026-06-29 05:43:06,037 [DEBUG] Incomplete frame, buffer size: 0, buffer_hex: 
2026-06-29 05:43:06,224 [DEBUG] Received 10 bytes from BTS
2026-06-29 05:43:06,224 [DEBUG] Decoded IPA frame: proto=0x00, payload_len=7, consumed=10, payload_hex: 0c1201900fffff
2026-06-29 05:43:06,224 [DEBUG] RSL message: 0c1201900fffff
2026-06-29 05:43:06,224 [DEBUG] RSL discriminator: 0x0c, message type: 0x12, payload: 0c1201900fffff
2026-06-29 05:43:06,224 [DEBUG] Incomplete frame, buffer size: 0, buffer_hex: 
2026-06-29 05:43:07,038 [DEBUG] Received 10 bytes from BTS
2026-06-29 05:43:07,038 [DEBUG] Decoded IPA frame: proto=0x00, payload_len=7, consumed=10, payload_hex: 0c1201900fffff
2026-06-29 05:43:07,038 [DEBUG] RSL message: 0c1201900fffff
2026-06-29 05:43:07,038 [DEBUG] RSL discriminator: 0x0c, message type: 0x12, payload: 0c1201900fffff
2026-06-29 05:43:07,038 [DEBUG] Incomplete frame, buffer size: 0, buffer_hex: 
2026-06-29 05:43:07,226 [DEBUG] Received 10 bytes from BTS
2026-06-29 05:43:07,226 [DEBUG] Decoded IPA frame: proto=0x00, payload_len=7, consumed=10, payload_hex: 0c1201900fffff
2026-06-29 05:43:07,226 [DEBUG] RSL message: 0c1201900fffff
2026-06-29 05:43:07,226 [DEBUG] RSL discriminator: 0x0c, message type: 0x12, payload: 0c1201900fffff
2026-06-29 05:43:07,226 [DEBUG] Incomplete frame, buffer size: 0, buffer_hex: 
2026-06-29 05:43:08,038 [DEBUG] Received 10 bytes from BTS
2026-06-29 05:43:08,038 [DEBUG] Decoded IPA frame: proto=0x00, payload_len=7, consumed=10, payload_hex: 0c1201900fffff
2026-06-29 05:43:08,038 [DEBUG] RSL message: 0c1201900fffff
2026-06-29 05:43:08,038 [DEBUG] RSL discriminator: 0x0c, message type: 0x12, payload: 0c1201900fffff
2026-06-29 05:43:08,038 [DEBUG] Incomplete frame, buffer size: 0, buffer_hex: 
2026-06-29 05:43:08,225 [DEBUG] Received 10 bytes from BTS
2026-06-29 05:43:08,225 [DEBUG] Decoded IPA frame: proto=0x00, payload_len=7, consumed=10, payload_hex: 0c1201900fffff
2026-06-29 05:43:08,225 [DEBUG] RSL message: 0c1201900fffff
2026-06-29 05:43:08,225 [DEBUG] RSL discriminator: 0x0c, message type: 0x12, payload: 0c1201900fffff
2026-06-29 05:43:08,225 [DEBUG] Incomplete frame, buffer size: 0, buffer_hex: 
2026-06-29 05:43:08,623 [INFO] Control Client connected from ('10.42.0.1', 51016)
2026-06-29 05:43:08,623 [INFO] handle_client: Starting, client socket: 6
2026-06-29 05:43:08,624 [INFO] handle_client: WELCOME sent
2026-06-29 05:43:08,674 [INFO] Replaying 12 buffered event(s)
2026-06-29 05:43:08,674 [WARNING] Failed to replay event 1: [Errno 32] Broken pipe
2026-06-29 05:43:08,674 [WARNING] Failed to replay event 2: [Errno 32] Broken pipe
2026-06-29 05:43:08,674 [WARNING] Failed to replay event 3: [Errno 32] Broken pipe
2026-06-29 05:43:08,674 [WARNING] Failed to replay event 4: [Errno 32] Broken pipe
2026-06-29 05:43:08,674 [WARNING] Failed to replay event 5: [Errno 32] Broken pipe
2026-06-29 05:43:08,674 [WARNING] Failed to replay event 6: [Errno 32] Broken pipe
2026-06-29 05:43:08,674 [WARNING] Failed to replay event 7: [Errno 32] Broken pipe
2026-06-29 05:43:08,674 [WARNING] Failed to replay event 8: [Errno 32] Broken pipe
2026-06-29 05:43:08,675 [WARNING] Failed to replay event 9: [Errno 32] Broken pipe
2026-06-29 05:43:08,675 [WARNING] Failed to replay event 10: [Errno 32] Broken pipe
2026-06-29 05:43:08,675 [WARNING] Failed to replay event 11: [Errno 32] Broken pipe
2026-06-29 05:43:08,675 [WARNING] Failed to replay event 12: [Errno 32] Broken pipe
2026-06-29 05:43:08,675 [INFO] handle_client: Entering receive loop
2026-06-29 05:43:08,675 [INFO] handle_client: Received empty data, client closed connection
2026-06-29 05:43:08,675 [INFO] Control Client disconnected
2026-06-29 05:43:09,038 [DEBUG] Received 10 bytes from BTS
2026-06-29 05:43:09,039 [DEBUG] Decoded IPA frame: proto=0x00, payload_len=7, consumed=10, payload_hex: 0c1201900fffff
2026-06-29 05:43:09,039 [DEBUG] RSL message: 0c1201900fffff
2026-06-29 05:43:09,039 [DEBUG] RSL discriminator: 0x0c, message type: 0x12, payload: 0c1201900fffff
2026-06-29 05:43:09,039 [DEBUG] Incomplete frame, buffer size: 0, buffer_hex: 
2026-06-29 05:43:09,226 [DEBUG] Received 10 bytes from BTS
2026-06-29 05:43:09,226 [DEBUG] Decoded IPA frame: proto=0x00, payload_len=7, consumed=10, payload_hex: 0c1201900fffff
2026-06-29 05:43:09,226 [DEBUG] RSL message: 0c1201900fffff
2026-06-29 05:43:09,226 [DEBUG] RSL discriminator: 0x0c, message type: 0x12, payload: 0c1201900fffff
2026-06-29 05:43:09,226 [DEBUG] Incomplete frame, buffer size: 0, buffer_hex: 
2026-06-29 05:43:10,039 [DEBUG] Received 10 bytes from BTS
2026-06-29 05:43:10,039 [DEBUG] Decoded IPA frame: proto=0x00, payload_len=7, consumed=10, payload_hex: 0c1201900fffff
2026-06-29 05:43:10,039 [DEBUG] RSL message: 0c1201900fffff
2026-06-29 05:43:10,039 [DEBUG] RSL discriminator: 0x0c, message type: 0x12, payload: 0c1201900fffff
2026-06-29 05:43:10,039 [DEBUG] Incomplete frame, buffer size: 0, buffer_hex: 
2026-06-29 05:43:10,227 [DEBUG] Received 10 bytes from BTS
2026-06-29 05:43:10,227 [DEBUG] Decoded IPA frame: proto=0x00, payload_len=7, consumed=10, payload_hex: 0c1201900fffff
2026-06-29 05:43:10,227 [DEBUG] RSL message: 0c1201900fffff
2026-06-29 05:43:10,227 [DEBUG] RSL discriminator: 0x0c, message type: 0x12, payload: 0c1201900fffff
2026-06-29 05:43:10,227 [DEBUG] Incomplete frame, buffer size: 0, buffer_hex: 
2026-06-29 05:43:11,040 [DEBUG] Received 10 bytes from BTS
2026-06-29 05:43:11,040 [DEBUG] Decoded IPA frame: proto=0x00, payload_len=7, consumed=10, payload_hex: 0c1201900fffff
2026-06-29 05:43:11,040 [DEBUG] RSL message: 0c1201900fffff
2026-06-29 05:43:11,040 [DEBUG] RSL discriminator: 0x0c, message type: 0x12, payload: 0c1201900fffff
2026-06-29 05:43:11,040 [DEBUG] Incomplete frame, buffer size: 0, buffer_hex: 
2026-06-29 05:43:11,227 [DEBUG] Received 10 bytes from BTS
2026-06-29 05:43:11,227 [DEBUG] Decoded IPA frame: proto=0x00, payload_len=7, consumed=10, payload_hex: 0c1201900fffff
2026-06-29 05:43:11,227 [DEBUG] RSL message: 0c1201900fffff
2026-06-29 05:43:11,227 [DEBUG] RSL discriminator: 0x0c, message type: 0x12, payload: 0c1201900fffff
2026-06-29 05:43:11,227 [DEBUG] Incomplete frame, buffer size: 0, buffer_hex: 
2026-06-29 05:43:11,623 [INFO] Control Client connected from ('10.42.0.1', 48256)
2026-06-29 05:43:11,624 [INFO] handle_client: Starting, client socket: 11
2026-06-29 05:43:11,624 [INFO] handle_client: WELCOME sent
2026-06-29 05:43:11,674 [INFO] Replaying 12 buffered event(s)
2026-06-29 05:43:11,674 [WARNING] Failed to replay event 1: [Errno 32] Broken pipe
2026-06-29 05:43:11,674 [WARNING] Failed to replay event 2: [Errno 32] Broken pipe
2026-06-29 05:43:11,674 [WARNING] Failed to replay event 3: [Errno 32] Broken pipe
2026-06-29 05:43:11,674 [WARNING] Failed to replay event 4: [Errno 32] Broken pipe
2026-06-29 05:43:11,674 [WARNING] Failed to replay event 5: [Errno 32] Broken pipe
2026-06-29 05:43:11,674 [WARNING] Failed to replay event 6: [Errno 32] Broken pipe
2026-06-29 05:43:11,674 [WARNING] Failed to replay event 7: [Errno 32] Broken pipe
2026-06-29 05:43:11,674 [WARNING] Failed to replay event 8: [Errno 32] Broken pipe
2026-06-29 05:43:11,674 [WARNING] Failed to replay event 9: [Errno 32] Broken pipe
2026-06-29 05:43:11,674 [WARNING] Failed to replay event 10: [Errno 32] Broken pipe
2026-06-29 05:43:11,675 [WARNING] Failed to replay event 11: [Errno 32] Broken pipe
2026-06-29 05:43:11,675 [WARNING] Failed to replay event 12: [Errno 32] Broken pipe
2026-06-29 05:43:11,675 [INFO] handle_client: Entering receive loop
2026-06-29 05:43:11,675 [INFO] handle_client: Received empty data, client closed connection
2026-06-29 05:43:11,675 [INFO] Control Client disconnected
2026-06-29 05:43:12,040 [DEBUG] Received 10 bytes from BTS
2026-06-29 05:43:12,041 [DEBUG] Decoded IPA frame: proto=0x00, payload_len=7, consumed=10, payload_hex: 0c1201900fffff
2026-06-29 05:43:12,041 [DEBUG] RSL message: 0c1201900fffff
2026-06-29 05:43:12,041 [DEBUG] RSL discriminator: 0x0c, message type: 0x12, payload: 0c1201900fffff
2026-06-29 05:43:12,041 [DEBUG] Incomplete frame, buffer size: 0, buffer_hex: 
2026-06-29 05:43:12,227 [DEBUG] Received 10 bytes from BTS
2026-06-29 05:43:12,227 [DEBUG] Decoded IPA frame: proto=0x00, payload_len=7, consumed=10, payload_hex: 0c1201900fffff
2026-06-29 05:43:12,227 [DEBUG] RSL message: 0c1201900fffff
2026-06-29 05:43:12,227 [DEBUG] RSL discriminator: 0x0c, message type: 0x12, payload: 0c1201900fffff
2026-06-29 05:43:12,227 [DEBUG] Incomplete frame, buffer size: 0, buffer_hex: 
2026-06-29 05:43:12,936 [INFO] Control Client connected from ('10.42.0.1', 48260)
2026-06-29 05:43:12,936 [INFO] handle_client: Starting, client socket: 6
2026-06-29 05:43:12,936 [INFO] handle_client: WELCOME sent
2026-06-29 05:43:12,987 [INFO] Replaying 12 buffered event(s)
2026-06-29 05:43:12,987 [WARNING] Failed to replay event 1: [Errno 32] Broken pipe
2026-06-29 05:43:12,987 [WARNING] Failed to replay event 2: [Errno 32] Broken pipe
2026-06-29 05:43:12,987 [WARNING] Failed to replay event 3: [Errno 32] Broken pipe
2026-06-29 05:43:12,987 [WARNING] Failed to replay event 4: [Errno 32] Broken pipe
2026-06-29 05:43:12,987 [WARNING] Failed to replay event 5: [Errno 32] Broken pipe
2026-06-29 05:43:12,987 [WARNING] Failed to replay event 6: [Errno 32] Broken pipe
2026-06-29 05:43:12,987 [WARNING] Failed to replay event 7: [Errno 32] Broken pipe
2026-06-29 05:43:12,987 [WARNING] Failed to replay event 8: [Errno 32] Broken pipe
2026-06-29 05:43:12,987 [WARNING] Failed to replay event 9: [Errno 32] Broken pipe
2026-06-29 05:43:12,987 [WARNING] Failed to replay event 10: [Errno 32] Broken pipe
2026-06-29 05:43:12,987 [WARNING] Failed to replay event 11: [Errno 32] Broken pipe
2026-06-29 05:43:12,987 [WARNING] Failed to replay event 12: [Errno 32] Broken pipe
2026-06-29 05:43:12,987 [INFO] handle_client: Entering receive loop
2026-06-29 05:43:12,987 [INFO] handle_client: Received empty data, client closed connection
2026-06-29 05:43:12,987 [INFO] Control Client disconnected
2026-06-29 05:43:13,041 [DEBUG] Received 10 bytes from BTS
2026-06-29 05:43:13,041 [DEBUG] Decoded IPA frame: proto=0x00, payload_len=7, consumed=10, payload_hex: 0c1201900fffff
2026-06-29 05:43:13,041 [DEBUG] RSL message: 0c1201900fffff
2026-06-29 05:43:13,041 [DEBUG] RSL discriminator: 0x0c, message type: 0x12, payload: 0c1201900fffff
2026-06-29 05:43:13,041 [DEBUG] Incomplete frame, buffer size: 0, buffer_hex: 
2026-06-29 05:43:13,142 [DEBUG] Received 13 bytes from BTS
2026-06-29 05:43:13,143 [DEBUG] Decoded IPA frame: proto=0x00, payload_len=10, consumed=13, payload_hex: 0c13018813082a651100
2026-06-29 05:43:13,143 [DEBUG] RSL message: 0c13018813082a651100
2026-06-29 05:43:13,143 [DEBUG] RSL discriminator: 0x0c, message type: 0x13, payload: 0c13018813082a651100
2026-06-29 05:43:13,143 [INFO] BTS 4242/0/0: CHAN_RQD received - RA=8, FN=7129, payload: 0c13018813082a651100
2026-06-29 05:43:13,143 [INFO] CHAN_RQD: RA=8 FN=7129 BTS=4242/0/0
2026-06-29 05:43:13,143 [INFO] DEBUG: auto_respond=False
2026-06-29 05:43:13,143 [INFO] Sending CHAN_RQD event to control server: RA=8, FN_enc=10853
2026-06-29 05:43:13,143 [DEBUG] Buffered event CHAN_RQD (total buffered: 13)
2026-06-29 05:43:13,143 [DEBUG] Incomplete frame, buffer size: 0, buffer_hex: 
2026-06-29 05:43:13,228 [DEBUG] Received 10 bytes from BTS
2026-06-29 05:43:13,228 [DEBUG] Decoded IPA frame: proto=0x00, payload_len=7, consumed=10, payload_hex: 0c1201900fffff
2026-06-29 05:43:13,228 [DEBUG] RSL message: 0c1201900fffff
2026-06-29 05:43:13,228 [DEBUG] RSL discriminator: 0x0c, message type: 0x12, payload: 0c1201900fffff
2026-06-29 05:43:13,228 [DEBUG] Incomplete frame, buffer size: 0, buffer_hex: 
2026-06-29 05:43:14,041 [DEBUG] Received 10 bytes from BTS
2026-06-29 05:43:14,041 [DEBUG] Decoded IPA frame: proto=0x00, payload_len=7, consumed=10, payload_hex: 0c1201900fffff
2026-06-29 05:43:14,041 [DEBUG] RSL message: 0c1201900fffff
2026-06-29 05:43:14,041 [DEBUG] RSL discriminator: 0x0c, message type: 0x12, payload: 0c1201900fffff
2026-06-29 05:43:14,041 [DEBUG] Incomplete frame, buffer size: 0, buffer_hex: 
2026-06-29 05:43:14,228 [DEBUG] Received 10 bytes from BTS
2026-06-29 05:43:14,228 [DEBUG] Decoded IPA frame: proto=0x00, payload_len=7, consumed=10, payload_hex: 0c1201900fffff
2026-06-29 05:43:14,228 [DEBUG] RSL message: 0c1201900fffff
2026-06-29 05:43:14,228 [DEBUG] RSL discriminator: 0x0c, message type: 0x12, payload: 0c1201900fffff
2026-06-29 05:43:14,228 [DEBUG] Incomplete frame, buffer size: 0, buffer_hex: 
2026-06-29 05:43:14,321 [DEBUG] Received 13 bytes from BTS
2026-06-29 05:43:14,322 [DEBUG] Decoded IPA frame: proto=0x00, payload_len=10, consumed=13, payload_hex: 0c13018813042baa1100
2026-06-29 05:43:14,322 [DEBUG] RSL message: 0c13018813042baa1100
2026-06-29 05:43:14,322 [DEBUG] RSL discriminator: 0x0c, message type: 0x13, payload: 0c13018813042baa1100
2026-06-29 05:43:14,322 [INFO] BTS 4242/0/0: CHAN_RQD received - RA=4, FN=7394, payload: 0c13018813042baa1100
2026-06-29 05:43:14,322 [INFO] CHAN_RQD: RA=4 FN=7394 BTS=4242/0/0
2026-06-29 05:43:14,322 [INFO] DEBUG: auto_respond=False
2026-06-29 05:43:14,322 [INFO] Sending CHAN_RQD event to control server: RA=4, FN_enc=11178
2026-06-29 05:43:14,322 [DEBUG] Buffered event CHAN_RQD (total buffered: 14)
2026-06-29 05:43:14,322 [DEBUG] Incomplete frame, buffer size: 0, buffer_hex: 
2026-06-29 05:43:14,623 [INFO] Control Client connected from ('10.42.0.1', 48274)
2026-06-29 05:43:14,623 [INFO] handle_client: Starting, client socket: 11
2026-06-29 05:43:14,623 [INFO] handle_client: WELCOME sent
2026-06-29 05:43:14,674 [INFO] Replaying 14 buffered event(s)
2026-06-29 05:43:14,674 [WARNING] Failed to replay event 1: [Errno 32] Broken pipe
2026-06-29 05:43:14,674 [WARNING] Failed to replay event 2: [Errno 32] Broken pipe
2026-06-29 05:43:14,674 [WARNING] Failed to replay event 3: [Errno 32] Broken pipe
2026-06-29 05:43:14,674 [WARNING] Failed to replay event 4: [Errno 32] Broken pipe
2026-06-29 05:43:14,674 [WARNING] Failed to replay event 5: [Errno 32] Broken pipe
2026-06-29 05:43:14,674 [WARNING] Failed to replay event 6: [Errno 32] Broken pipe
2026-06-29 05:43:14,674 [WARNING] Failed to replay event 7: [Errno 32] Broken pipe
2026-06-29 05:43:14,674 [WARNING] Failed to replay event 8: [Errno 32] Broken pipe
2026-06-29 05:43:14,674 [WARNING] Failed to replay event 9: [Errno 32] Broken pipe
2026-06-29 05:43:14,674 [WARNING] Failed to replay event 10: [Errno 32] Broken pipe
2026-06-29 05:43:14,674 [WARNING] Failed to replay event 11: [Errno 32] Broken pipe
2026-06-29 05:43:14,674 [WARNING] Failed to replay event 12: [Errno 32] Broken pipe
2026-06-29 05:43:14,674 [WARNING] Failed to replay event 13: [Errno 32] Broken pipe
2026-06-29 05:43:14,674 [WARNING] Failed to replay event 14: [Errno 32] Broken pipe
2026-06-29 05:43:14,674 [INFO] handle_client: Entering receive loop
2026-06-29 05:43:14,674 [INFO] handle_client: Received empty data, client closed connection
2026-06-29 05:43:14,674 [INFO] Control Client disconnected
2026-06-29 05:43:15,042 [DEBUG] Received 10 bytes from BTS
2026-06-29 05:43:15,042 [DEBUG] Decoded IPA frame: proto=0x00, payload_len=7, consumed=10, payload_hex: 0c1201900fffff
2026-06-29 05:43:15,042 [DEBUG] RSL message: 0c1201900fffff
2026-06-29 05:43:15,042 [DEBUG] RSL discriminator: 0x0c, message type: 0x12, payload: 0c1201900fffff
2026-06-29 05:43:15,042 [DEBUG] Incomplete frame, buffer size: 0, buffer_hex: 
2026-06-29 05:43:15,228 [DEBUG] Received 10 bytes from BTS
2026-06-29 05:43:15,229 [DEBUG] Decoded IPA frame: proto=0x00, payload_len=7, consumed=10, payload_hex: 0c1201900fffff
2026-06-29 05:43:15,229 [DEBUG] RSL message: 0c1201900fffff
2026-06-29 05:43:15,229 [DEBUG] RSL discriminator: 0x0c, message type: 0x12, payload: 0c1201900fffff
2026-06-29 05:43:15,229 [DEBUG] Incomplete frame, buffer size: 0, buffer_hex: 
2026-06-29 05:43:15,498 [DEBUG] Received 13 bytes from BTS
2026-06-29 05:43:15,498 [DEBUG] Decoded IPA frame: proto=0x00, payload_len=10, consumed=13, payload_hex: 0c13018813072b421100
2026-06-29 05:43:15,498 [DEBUG] RSL message: 0c13018813072b421100
2026-06-29 05:43:15,498 [DEBUG] RSL discriminator: 0x0c, message type: 0x13, payload: 0c13018813072b421100
2026-06-29 05:43:15,498 [INFO] BTS 4242/0/0: CHAN_RQD received - RA=7, FN=7308, payload: 0c13018813072b421100
2026-06-29 05:43:15,498 [INFO] CHAN_RQD: RA=7 FN=7308 BTS=4242/0/0
2026-06-29 05:43:15,498 [INFO] DEBUG: auto_respond=False
2026-06-29 05:43:15,498 [INFO] Sending CHAN_RQD event to control server: RA=7, FN_enc=11074
2026-06-29 05:43:15,498 [DEBUG] Buffered event CHAN_RQD (total buffered: 15)
2026-06-29 05:43:15,498 [DEBUG] Incomplete frame, buffer size: 0, buffer_hex: 
2026-06-29 05:43:16,043 [DEBUG] Received 10 bytes from BTS
2026-06-29 05:43:16,043 [DEBUG] Decoded IPA frame: proto=0x00, payload_len=7, consumed=10, payload_hex: 0c1201900fffff
2026-06-29 05:43:16,043 [DEBUG] RSL message: 0c1201900fffff
2026-06-29 05:43:16,043 [DEBUG] RSL discriminator: 0x0c, message type: 0x12, payload: 0c1201900fffff
2026-06-29 05:43:16,043 [DEBUG] Incomplete frame, buffer size: 0, buffer_hex: 
2026-06-29 05:43:16,229 [DEBUG] Received 10 bytes from BTS
2026-06-29 05:43:16,229 [DEBUG] Decoded IPA frame: proto=0x00, payload_len=7, consumed=10, payload_hex: 0c1201900fffff
2026-06-29 05:43:16,229 [DEBUG] RSL message: 0c1201900fffff
2026-06-29 05:43:16,229 [DEBUG] RSL discriminator: 0x0c, message type: 0x12, payload: 0c1201900fffff
2026-06-29 05:43:16,229 [DEBUG] Incomplete frame, buffer size: 0, buffer_hex: 
2026-06-29 05:43:16,675 [DEBUG] Received 13 bytes from BTS
2026-06-29 05:43:16,675 [DEBUG] Decoded IPA frame: proto=0x00, payload_len=10, consumed=13, payload_hex: 0c130188130233991100
2026-06-29 05:43:16,675 [DEBUG] RSL message: 0c130188130233991100
2026-06-29 05:43:16,675 [DEBUG] RSL discriminator: 0x0c, message type: 0x13, payload: 0c130188130233991100
2026-06-29 05:43:16,675 [INFO] BTS 4242/0/0: CHAN_RQD received - RA=2, FN=8709, payload: 0c130188130233991100
2026-06-29 05:43:16,675 [INFO] CHAN_RQD: RA=2 FN=8709 BTS=4242/0/0
2026-06-29 05:43:16,675 [INFO] DEBUG: auto_respond=False
2026-06-29 05:43:16,675 [INFO] Sending CHAN_RQD event to control server: RA=2, FN_enc=13209
2026-06-29 05:43:16,675 [DEBUG] Buffered event CHAN_RQD (total buffered: 16)
2026-06-29 05:43:16,675 [DEBUG] Incomplete frame, buffer size: 0, buffer_hex: 
2026-06-29 05:43:17,044 [DEBUG] Received 10 bytes from BTS
2026-06-29 05:43:17,044 [DEBUG] Decoded IPA frame: proto=0x00, payload_len=7, consumed=10, payload_hex: 0c1201900fffff
2026-06-29 05:43:17,044 [DEBUG] RSL message: 0c1201900fffff
2026-06-29 05:43:17,044 [DEBUG] RSL discriminator: 0x0c, message type: 0x12, payload: 0c1201900fffff
2026-06-29 05:43:17,044 [DEBUG] Incomplete frame, buffer size: 0, buffer_hex: 
2026-06-29 05:43:17,229 [DEBUG] Received 10 bytes from BTS
2026-06-29 05:43:17,229 [DEBUG] Decoded IPA frame: proto=0x00, payload_len=7, consumed=10, payload_hex: 0c1201900fffff
2026-06-29 05:43:17,229 [DEBUG] RSL message: 0c1201900fffff
2026-06-29 05:43:17,229 [DEBUG] RSL discriminator: 0x0c, message type: 0x12, payload: 0c1201900fffff
2026-06-29 05:43:17,230 [DEBUG] Incomplete frame, buffer size: 0, buffer_hex: 
2026-06-29 05:43:17,624 [INFO] Control Client connected from ('10.42.0.1', 48286)
2026-06-29 05:43:17,624 [INFO] handle_client: Starting, client socket: 6
2026-06-29 05:43:17,625 [INFO] handle_client: WELCOME sent
2026-06-29 05:43:17,675 [INFO] Replaying 16 buffered event(s)
2026-06-29 05:43:17,675 [WARNING] Failed to replay event 1: [Errno 32] Broken pipe
2026-06-29 05:43:17,675 [WARNING] Failed to replay event 2: [Errno 32] Broken pipe
2026-06-29 05:43:17,675 [WARNING] Failed to replay event 3: [Errno 32] Broken pipe
2026-06-29 05:43:17,675 [WARNING] Failed to replay event 4: [Errno 32] Broken pipe
2026-06-29 05:43:17,675 [WARNING] Failed to replay event 5: [Errno 32] Broken pipe
2026-06-29 05:43:17,675 [WARNING] Failed to replay event 6: [Errno 32] Broken pipe
2026-06-29 05:43:17,675 [WARNING] Failed to replay event 7: [Errno 32] Broken pipe
2026-06-29 05:43:17,675 [WARNING] Failed to replay event 8: [Errno 32] Broken pipe
2026-06-29 05:43:17,675 [WARNING] Failed to replay event 9: [Errno 32] Broken pipe
2026-06-29 05:43:17,675 [WARNING] Failed to replay event 10: [Errno 32] Broken pipe
2026-06-29 05:43:17,675 [WARNING] Failed to replay event 11: [Errno 32] Broken pipe
2026-06-29 05:43:17,675 [WARNING] Failed to replay event 12: [Errno 32] Broken pipe
2026-06-29 05:43:17,675 [WARNING] Failed to replay event 13: [Errno 32] Broken pipe
2026-06-29 05:43:17,675 [WARNING] Failed to replay event 14: [Errno 32] Broken pipe
2026-06-29 05:43:17,675 [WARNING] Failed to replay event 15: [Errno 32] Broken pipe
2026-06-29 05:43:17,675 [WARNING] Failed to replay event 16: [Errno 32] Broken pipe
2026-06-29 05:43:17,675 [INFO] handle_client: Entering receive loop
2026-06-29 05:43:17,675 [INFO] handle_client: Received empty data, client closed connection
2026-06-29 05:43:17,675 [INFO] Control Client disconnected
2026-06-29 05:43:17,852 [DEBUG] Received 13 bytes from BTS
2026-06-29 05:43:17,852 [DEBUG] Decoded IPA frame: proto=0x00, payload_len=10, consumed=13, payload_hex: 0c130188130233311100
2026-06-29 05:43:17,852 [DEBUG] RSL message: 0c130188130233311100
2026-06-29 05:43:17,852 [DEBUG] RSL discriminator: 0x0c, message type: 0x13, payload: 0c130188130233311100
2026-06-29 05:43:17,852 [INFO] BTS 4242/0/0: CHAN_RQD received - RA=2, FN=8623, payload: 0c130188130233311100
2026-06-29 05:43:17,852 [INFO] CHAN_RQD: RA=2 FN=8623 BTS=4242/0/0
2026-06-29 05:43:17,852 [INFO] DEBUG: auto_respond=False
2026-06-29 05:43:17,852 [INFO] Sending CHAN_RQD event to control server: RA=2, FN_enc=13105
2026-06-29 05:43:17,853 [DEBUG] Buffered event CHAN_RQD (total buffered: 17)
2026-06-29 05:43:17,853 [DEBUG] Incomplete frame, buffer size: 0, buffer_hex: 
2026-06-29 05:43:18,045 [DEBUG] Received 10 bytes from BTS
2026-06-29 05:43:18,045 [DEBUG] Decoded IPA frame: proto=0x00, payload_len=7, consumed=10, payload_hex: 0c1201900fffff
2026-06-29 05:43:18,045 [DEBUG] RSL message: 0c1201900fffff
2026-06-29 05:43:18,045 [DEBUG] RSL discriminator: 0x0c, message type: 0x12, payload: 0c1201900fffff
2026-06-29 05:43:18,045 [DEBUG] Incomplete frame, buffer size: 0, buffer_hex: 
2026-06-29 05:43:18,229 [DEBUG] Received 10 bytes from BTS
2026-06-29 05:43:18,229 [DEBUG] Decoded IPA frame: proto=0x00, payload_len=7, consumed=10, payload_hex: 0c1201900fffff
2026-06-29 05:43:18,229 [DEBUG] RSL message: 0c1201900fffff
2026-06-29 05:43:18,229 [DEBUG] RSL discriminator: 0x0c, message type: 0x12, payload: 0c1201900fffff
2026-06-29 05:43:18,229 [DEBUG] Incomplete frame, buffer size: 0, buffer_hex: 
2026-06-29 05:43:19,028 [DEBUG] Received 13 bytes from BTS
2026-06-29 05:43:19,028 [DEBUG] Decoded IPA frame: proto=0x00, payload_len=10, consumed=13, payload_hex: 0c130188130132ea1100
2026-06-29 05:43:19,028 [DEBUG] RSL message: 0c130188130132ea1100
2026-06-29 05:43:19,028 [DEBUG] RSL discriminator: 0x0c, message type: 0x13, payload: 0c130188130132ea1100
2026-06-29 05:43:19,028 [INFO] BTS 4242/0/0: CHAN_RQD received - RA=1, FN=8564, payload: 0c130188130132ea1100
2026-06-29 05:43:19,028 [INFO] CHAN_RQD: RA=1 FN=8564 BTS=4242/0/0
2026-06-29 05:43:19,028 [INFO] DEBUG: auto_respond=False
2026-06-29 05:43:19,028 [INFO] Sending CHAN_RQD event to control server: RA=1, FN_enc=13034
2026-06-29 05:43:19,029 [DEBUG] Buffered event CHAN_RQD (total buffered: 18)
2026-06-29 05:43:19,029 [DEBUG] Incomplete frame, buffer size: 0, buffer_hex: 
2026-06-29 05:43:19,046 [DEBUG] Received 10 bytes from BTS
2026-06-29 05:43:19,046 [DEBUG] Decoded IPA frame: proto=0x00, payload_len=7, consumed=10, payload_hex: 0c1201900fffff
2026-06-29 05:43:19,046 [DEBUG] RSL message: 0c1201900fffff
2026-06-29 05:43:19,046 [DEBUG] RSL discriminator: 0x0c, message type: 0x12, payload: 0c1201900fffff
2026-06-29 05:43:19,046 [DEBUG] Incomplete frame, buffer size: 0, buffer_hex: 
2026-06-29 05:43:19,230 [DEBUG] Received 10 bytes from BTS
2026-06-29 05:43:19,230 [DEBUG] Decoded IPA frame: proto=0x00, payload_len=7, consumed=10, payload_hex: 0c1201900fffff
2026-06-29 05:43:19,230 [DEBUG] RSL message: 0c1201900fffff
2026-06-29 05:43:19,230 [DEBUG] RSL discriminator: 0x0c, message type: 0x12, payload: 0c1201900fffff
2026-06-29 05:43:19,230 [DEBUG] Incomplete frame, buffer size: 0, buffer_hex: 
2026-06-29 05:43:20,047 [DEBUG] Received 10 bytes from BTS
2026-06-29 05:43:20,047 [DEBUG] Decoded IPA frame: proto=0x00, payload_len=7, consumed=10, payload_hex: 0c1201900fffff
2026-06-29 05:43:20,047 [DEBUG] RSL message: 0c1201900fffff
2026-06-29 05:43:20,047 [DEBUG] RSL discriminator: 0x0c, message type: 0x12, payload: 0c1201900fffff
2026-06-29 05:43:20,047 [DEBUG] Incomplete frame, buffer size: 0, buffer_hex: 
2026-06-29 05:43:20,206 [DEBUG] Received 13 bytes from BTS
2026-06-29 05:43:20,206 [DEBUG] Decoded IPA frame: proto=0x00, payload_len=10, consumed=13, payload_hex: 0c130188130132e51100
2026-06-29 05:43:20,206 [DEBUG] RSL message: 0c130188130132e51100
2026-06-29 05:43:20,206 [DEBUG] RSL discriminator: 0x0c, message type: 0x13, payload: 0c130188130132e51100
2026-06-29 05:43:20,206 [INFO] BTS 4242/0/0: CHAN_RQD received - RA=1, FN=8559, payload: 0c130188130132e51100
2026-06-29 05:43:20,206 [INFO] CHAN_RQD: RA=1 FN=8559 BTS=4242/0/0
2026-06-29 05:43:20,206 [INFO] DEBUG: auto_respond=False
2026-06-29 05:43:20,206 [INFO] Sending CHAN_RQD event to control server: RA=1, FN_enc=13029
2026-06-29 05:43:20,206 [DEBUG] Buffered event CHAN_RQD (total buffered: 19)
2026-06-29 05:43:20,206 [DEBUG] Incomplete frame, buffer size: 0, buffer_hex: 
2026-06-29 05:43:20,230 [DEBUG] Received 10 bytes from BTS
2026-06-29 05:43:20,230 [DEBUG] Decoded IPA frame: proto=0x00, payload_len=7, consumed=10, payload_hex: 0c1201900fffff
2026-06-29 05:43:20,230 [DEBUG] RSL message: 0c1201900fffff
2026-06-29 05:43:20,230 [DEBUG] RSL discriminator: 0x0c, message type: 0x12, payload: 0c1201900fffff
2026-06-29 05:43:20,230 [DEBUG] Incomplete frame, buffer size: 0, buffer_hex: 
2026-06-29 05:43:20,623 [INFO] Control Client connected from ('10.42.0.1', 48298)
2026-06-29 05:43:20,623 [INFO] handle_client: Starting, client socket: 11
2026-06-29 05:43:20,623 [INFO] handle_client: WELCOME sent
2026-06-29 05:43:20,674 [INFO] Replaying 19 buffered event(s)
2026-06-29 05:43:20,674 [WARNING] Failed to replay event 1: [Errno 32] Broken pipe
2026-06-29 05:43:20,674 [WARNING] Failed to replay event 2: [Errno 32] Broken pipe
2026-06-29 05:43:20,674 [WARNING] Failed to replay event 3: [Errno 32] Broken pipe
2026-06-29 05:43:20,674 [WARNING] Failed to replay event 4: [Errno 32] Broken pipe
2026-06-29 05:43:20,674 [WARNING] Failed to replay event 5: [Errno 32] Broken pipe
2026-06-29 05:43:20,674 [WARNING] Failed to replay event 6: [Errno 32] Broken pipe
2026-06-29 05:43:20,674 [WARNING] Failed to replay event 7: [Errno 32] Broken pipe
2026-06-29 05:43:20,674 [WARNING] Failed to replay event 8: [Errno 32] Broken pipe
2026-06-29 05:43:20,674 [WARNING] Failed to replay event 9: [Errno 32] Broken pipe
2026-06-29 05:43:20,674 [WARNING] Failed to replay event 10: [Errno 32] Broken pipe
2026-06-29 05:43:20,674 [WARNING] Failed to replay event 11: [Errno 32] Broken pipe
2026-06-29 05:43:20,674 [WARNING] Failed to replay event 12: [Errno 32] Broken pipe
2026-06-29 05:43:20,674 [WARNING] Failed to replay event 13: [Errno 32] Broken pipe
2026-06-29 05:43:20,674 [WARNING] Failed to replay event 14: [Errno 32] Broken pipe
2026-06-29 05:43:20,674 [WARNING] Failed to replay event 15: [Errno 32] Broken pipe
2026-06-29 05:43:20,674 [WARNING] Failed to replay event 16: [Errno 32] Broken pipe
2026-06-29 05:43:20,674 [WARNING] Failed to replay event 17: [Errno 32] Broken pipe
2026-06-29 05:43:20,674 [WARNING] Failed to replay event 18: [Errno 32] Broken pipe
2026-06-29 05:43:20,674 [WARNING] Failed to replay event 19: [Errno 32] Broken pipe
2026-06-29 05:43:20,674 [INFO] handle_client: Entering receive loop
2026-06-29 05:43:20,674 [INFO] handle_client: Received empty data, client closed connection
2026-06-29 05:43:20,674 [INFO] Control Client disconnected
2026-06-29 05:43:21,047 [DEBUG] Received 10 bytes from BTS
2026-06-29 05:43:21,047 [DEBUG] Decoded IPA frame: proto=0x00, payload_len=7, consumed=10, payload_hex: 0c1201900fffff
2026-06-29 05:43:21,047 [DEBUG] RSL message: 0c1201900fffff
2026-06-29 05:43:21,047 [DEBUG] RSL discriminator: 0x0c, message type: 0x12, payload: 0c1201900fffff
2026-06-29 05:43:21,047 [DEBUG] Incomplete frame, buffer size: 0, buffer_hex: 
2026-06-29 05:43:21,230 [DEBUG] Received 10 bytes from BTS
2026-06-29 05:43:21,230 [DEBUG] Decoded IPA frame: proto=0x00, payload_len=7, consumed=10, payload_hex: 0c1201900fffff
2026-06-29 05:43:21,230 [DEBUG] RSL message: 0c1201900fffff
2026-06-29 05:43:21,230 [DEBUG] RSL discriminator: 0x0c, message type: 0x12, payload: 0c1201900fffff
2026-06-29 05:43:21,230 [DEBUG] Incomplete frame, buffer size: 0, buffer_hex: 
2026-06-29 05:43:21,382 [DEBUG] Received 13 bytes from BTS
2026-06-29 05:43:21,382 [DEBUG] Decoded IPA frame: proto=0x00, payload_len=10, consumed=13, payload_hex: 0c130188130e33851100
2026-06-29 05:43:21,383 [DEBUG] RSL message: 0c130188130e33851100
2026-06-29 05:43:21,383 [DEBUG] RSL discriminator: 0x0c, message type: 0x13, payload: 0c130188130e33851100
2026-06-29 05:43:21,383 [INFO] BTS 4242/0/0: CHAN_RQD received - RA=14, FN=8689, payload: 0c130188130e33851100
2026-06-29 05:43:21,383 [INFO] CHAN_RQD: RA=14 FN=8689 BTS=4242/0/0
2026-06-29 05:43:21,383 [INFO] DEBUG: auto_respond=False
2026-06-29 05:43:21,383 [INFO] Sending CHAN_RQD event to control server: RA=14, FN_enc=13189
2026-06-29 05:43:21,383 [DEBUG] Buffered event CHAN_RQD (total buffered: 20)
2026-06-29 05:43:21,383 [DEBUG] Incomplete frame, buffer size: 0, buffer_hex: 
2026-06-29 05:43:22,047 [DEBUG] Received 10 bytes from BTS
2026-06-29 05:43:22,048 [DEBUG] Decoded IPA frame: proto=0x00, payload_len=7, consumed=10, payload_hex: 0c1201900fffff
2026-06-29 05:43:22,048 [DEBUG] RSL message: 0c1201900fffff
2026-06-29 05:43:22,048 [DEBUG] RSL discriminator: 0x0c, message type: 0x12, payload: 0c1201900fffff
2026-06-29 05:43:22,048 [DEBUG] Incomplete frame, buffer size: 0, buffer_hex: 
2026-06-29 05:43:22,230 [DEBUG] Received 10 bytes from BTS
2026-06-29 05:43:22,231 [DEBUG] Decoded IPA frame: proto=0x00, payload_len=7, consumed=10, payload_hex: 0c1201900fffff
2026-06-29 05:43:22,231 [DEBUG] RSL message: 0c1201900fffff
2026-06-29 05:43:22,231 [DEBUG] RSL discriminator: 0x0c, message type: 0x12, payload: 0c1201900fffff
2026-06-29 05:43:22,231 [DEBUG] Incomplete frame, buffer size: 0, buffer_hex: 
2026-06-29 05:43:22,936 [INFO] Control Client connected from ('10.42.0.1', 43356)
2026-06-29 05:43:22,936 [INFO] handle_client: Starting, client socket: 6
2026-06-29 05:43:22,937 [INFO] handle_client: WELCOME sent
2026-06-29 05:43:22,987 [INFO] Replaying 20 buffered event(s)
2026-06-29 05:43:22,987 [WARNING] Failed to replay event 1: [Errno 32] Broken pipe
2026-06-29 05:43:22,987 [WARNING] Failed to replay event 2: [Errno 32] Broken pipe
2026-06-29 05:43:22,987 [WARNING] Failed to replay event 3: [Errno 32] Broken pipe
2026-06-29 05:43:22,987 [WARNING] Failed to replay event 4: [Errno 32] Broken pipe
2026-06-29 05:43:22,987 [WARNING] Failed to replay event 5: [Errno 32] Broken pipe
2026-06-29 05:43:22,987 [WARNING] Failed to replay event 6: [Errno 32] Broken pipe
2026-06-29 05:43:22,987 [WARNING] Failed to replay event 7: [Errno 32] Broken pipe
2026-06-29 05:43:22,987 [WARNING] Failed to replay event 8: [Errno 32] Broken pipe
2026-06-29 05:43:22,987 [WARNING] Failed to replay event 9: [Errno 32] Broken pipe
2026-06-29 05:43:22,987 [WARNING] Failed to replay event 10: [Errno 32] Broken pipe
2026-06-29 05:43:22,987 [WARNING] Failed to replay event 11: [Errno 32] Broken pipe
2026-06-29 05:43:22,987 [WARNING] Failed to replay event 12: [Errno 32] Broken pipe
2026-06-29 05:43:22,987 [WARNING] Failed to replay event 13: [Errno 32] Broken pipe
2026-06-29 05:43:22,987 [WARNING] Failed to replay event 14: [Errno 32] Broken pipe
2026-06-29 05:43:22,987 [WARNING] Failed to replay event 15: [Errno 32] Broken pipe
2026-06-29 05:43:22,987 [WARNING] Failed to replay event 16: [Errno 32] Broken pipe
2026-06-29 05:43:22,987 [WARNING] Failed to replay event 17: [Errno 32] Broken pipe
2026-06-29 05:43:22,987 [WARNING] Failed to replay event 18: [Errno 32] Broken pipe
2026-06-29 05:43:22,987 [WARNING] Failed to replay event 19: [Errno 32] Broken pipe
2026-06-29 05:43:22,987 [WARNING] Failed to replay event 20: [Errno 32] Broken pipe
2026-06-29 05:43:22,987 [INFO] handle_client: Entering receive loop
2026-06-29 05:43:22,987 [INFO] handle_client: Received empty data, client closed connection
2026-06-29 05:43:22,987 [INFO] Control Client disconnected
2026-06-29 05:43:23,048 [DEBUG] Received 10 bytes from BTS
2026-06-29 05:43:23,048 [DEBUG] Decoded IPA frame: proto=0x00, payload_len=7, consumed=10, payload_hex: 0c1201900fffff
2026-06-29 05:43:23,048 [DEBUG] RSL message: 0c1201900fffff
2026-06-29 05:43:23,048 [DEBUG] RSL discriminator: 0x0c, message type: 0x12, payload: 0c1201900fffff
2026-06-29 05:43:23,048 [DEBUG] Incomplete frame, buffer size: 0, buffer_hex: 
2026-06-29 05:43:23,231 [DEBUG] Received 10 bytes from BTS
2026-06-29 05:43:23,231 [DEBUG] Decoded IPA frame: proto=0x00, payload_len=7, consumed=10, payload_hex: 0c1201900fffff
2026-06-29 05:43:23,231 [DEBUG] RSL message: 0c1201900fffff
2026-06-29 05:43:23,231 [DEBUG] RSL discriminator: 0x0c, message type: 0x12, payload: 0c1201900fffff
2026-06-29 05:43:23,231 [DEBUG] Incomplete frame, buffer size: 0, buffer_hex: 
2026-06-29 05:43:23,623 [INFO] Control Client connected from ('10.42.0.1', 43368)
2026-06-29 05:43:23,624 [INFO] handle_client: Starting, client socket: 11
2026-06-29 05:43:23,624 [INFO] handle_client: WELCOME sent
2026-06-29 05:43:23,674 [INFO] Replaying 20 buffered event(s)
2026-06-29 05:43:23,675 [WARNING] Failed to replay event 1: [Errno 32] Broken pipe
2026-06-29 05:43:23,675 [WARNING] Failed to replay event 2: [Errno 32] Broken pipe
2026-06-29 05:43:23,675 [WARNING] Failed to replay event 3: [Errno 32] Broken pipe
2026-06-29 05:43:23,675 [WARNING] Failed to replay event 4: [Errno 32] Broken pipe
2026-06-29 05:43:23,675 [WARNING] Failed to replay event 5: [Errno 32] Broken pipe
2026-06-29 05:43:23,675 [WARNING] Failed to replay event 6: [Errno 32] Broken pipe
2026-06-29 05:43:23,675 [WARNING] Failed to replay event 7: [Errno 32] Broken pipe
2026-06-29 05:43:23,675 [WARNING] Failed to replay event 8: [Errno 32] Broken pipe
2026-06-29 05:43:23,675 [WARNING] Failed to replay event 9: [Errno 32] Broken pipe
2026-06-29 05:43:23,675 [WARNING] Failed to replay event 10: [Errno 32] Broken pipe
2026-06-29 05:43:23,675 [WARNING] Failed to replay event 11: [Errno 32] Broken pipe
2026-06-29 05:43:23,675 [WARNING] Failed to replay event 12: [Errno 32] Broken pipe
2026-06-29 05:43:23,675 [WARNING] Failed to replay event 13: [Errno 32] Broken pipe
2026-06-29 05:43:23,675 [WARNING] Failed to replay event 14: [Errno 32] Broken pipe
2026-06-29 05:43:23,675 [WARNING] Failed to replay event 15: [Errno 32] Broken pipe
2026-06-29 05:43:23,675 [WARNING] Failed to replay event 16: [Errno 32] Broken pipe
2026-06-29 05:43:23,675 [WARNING] Failed to replay event 17: [Errno 32] Broken pipe
2026-06-29 05:43:23,675 [WARNING] Failed to replay event 18: [Errno 32] Broken pipe
2026-06-29 05:43:23,675 [WARNING] Failed to replay event 19: [Errno 32] Broken pipe
2026-06-29 05:43:23,675 [WARNING] Failed to replay event 20: [Errno 32] Broken pipe
2026-06-29 05:43:23,675 [INFO] handle_client: Entering receive loop
2026-06-29 05:43:23,675 [INFO] handle_client: Received empty data, client closed connection
2026-06-29 05:43:23,675 [INFO] Control Client disconnected
2026-06-29 05:43:24,048 [DEBUG] Received 10 bytes from BTS
2026-06-29 05:43:24,048 [DEBUG] Decoded IPA frame: proto=0x00, payload_len=7, consumed=10, payload_hex: 0c1201900fffff
2026-06-29 05:43:24,049 [DEBUG] RSL message: 0c1201900fffff
2026-06-29 05:43:24,049 [DEBUG] RSL discriminator: 0x0c, message type: 0x12, payload: 0c1201900fffff
2026-06-29 05:43:24,049 [DEBUG] Incomplete frame, buffer size: 0, buffer_hex: 
2026-06-29 05:43:24,231 [DEBUG] Received 10 bytes from BTS
2026-06-29 05:43:24,231 [DEBUG] Decoded IPA frame: proto=0x00, payload_len=7, consumed=10, payload_hex: 0c1201900fffff
2026-06-29 05:43:24,231 [DEBUG] RSL message: 0c1201900fffff
2026-06-29 05:43:24,231 [DEBUG] RSL discriminator: 0x0c, message type: 0x12, payload: 0c1201900fffff
2026-06-29 05:43:24,231 [DEBUG] Incomplete frame, buffer size: 0, buffer_hex: 
2026-06-29 05:43:25,049 [DEBUG] Received 10 bytes from BTS
2026-06-29 05:43:25,049 [DEBUG] Decoded IPA frame: proto=0x00, payload_len=7, consumed=10, payload_hex: 0c1201900fffff
2026-06-29 05:43:25,049 [DEBUG] RSL message: 0c1201900fffff
2026-06-29 05:43:25,049 [DEBUG] RSL discriminator: 0x0c, message type: 0x12, payload: 0c1201900fffff
2026-06-29 05:43:25,049 [DEBUG] Incomplete frame, buffer size: 0, buffer_hex: 
2026-06-29 05:43:25,231 [DEBUG] Received 10 bytes from BTS
2026-06-29 05:43:25,232 [DEBUG] Decoded IPA frame: proto=0x00, payload_len=7, consumed=10, payload_hex: 0c1201900fffff
2026-06-29 05:43:25,232 [DEBUG] RSL message: 0c1201900fffff
2026-06-29 05:43:25,232 [DEBUG] RSL discriminator: 0x0c, message type: 0x12, payload: 0c1201900fffff
2026-06-29 05:43:25,232 [DEBUG] Incomplete frame, buffer size: 0, buffer_hex: 
2026-06-29 05:43:26,049 [DEBUG] Received 10 bytes from BTS
2026-06-29 05:43:26,050 [DEBUG] Decoded IPA frame: proto=0x00, payload_len=7, consumed=10, payload_hex: 0c1201900fffff
2026-06-29 05:43:26,050 [DEBUG] RSL message: 0c1201900fffff
2026-06-29 05:43:26,050 [DEBUG] RSL discriminator: 0x0c, message type: 0x12, payload: 0c1201900fffff
2026-06-29 05:43:26,050 [DEBUG] Incomplete frame, buffer size: 0, buffer_hex: 
2026-06-29 05:43:26,232 [DEBUG] Received 10 bytes from BTS
2026-06-29 05:43:26,232 [DEBUG] Decoded IPA frame: proto=0x00, payload_len=7, consumed=10, payload_hex: 0c1201900fffff
2026-06-29 05:43:26,232 [DEBUG] RSL message: 0c1201900fffff
2026-06-29 05:43:26,233 [DEBUG] RSL discriminator: 0x0c, message type: 0x12, payload: 0c1201900fffff
2026-06-29 05:43:26,233 [DEBUG] Incomplete frame, buffer size: 0, buffer_hex: 
2026-06-29 05:43:26,623 [INFO] Control Client connected from ('10.42.0.1', 43380)
2026-06-29 05:43:26,624 [INFO] handle_client: Starting, client socket: 6
2026-06-29 05:43:26,624 [INFO] handle_client: WELCOME sent
2026-06-29 05:43:26,674 [INFO] Replaying 20 buffered event(s)
2026-06-29 05:43:26,674 [WARNING] Failed to replay event 1: [Errno 32] Broken pipe
2026-06-29 05:43:26,674 [WARNING] Failed to replay event 2: [Errno 32] Broken pipe
2026-06-29 05:43:26,674 [WARNING] Failed to replay event 3: [Errno 32] Broken pipe
2026-06-29 05:43:26,674 [WARNING] Failed to replay event 4: [Errno 32] Broken pipe
2026-06-29 05:43:26,674 [WARNING] Failed to replay event 5: [Errno 32] Broken pipe
2026-06-29 05:43:26,674 [WARNING] Failed to replay event 6: [Errno 32] Broken pipe
2026-06-29 05:43:26,674 [WARNING] Failed to replay event 7: [Errno 32] Broken pipe
2026-06-29 05:43:26,674 [WARNING] Failed to replay event 8: [Errno 32] Broken pipe
2026-06-29 05:43:26,674 [WARNING] Failed to replay event 9: [Errno 32] Broken pipe
2026-06-29 05:43:26,674 [WARNING] Failed to replay event 10: [Errno 32] Broken pipe
2026-06-29 05:43:26,674 [WARNING] Failed to replay event 11: [Errno 32] Broken pipe
2026-06-29 05:43:26,674 [WARNING] Failed to replay event 12: [Errno 32] Broken pipe
2026-06-29 05:43:26,674 [WARNING] Failed to replay event 13: [Errno 32] Broken pipe
2026-06-29 05:43:26,674 [WARNING] Failed to replay event 14: [Errno 32] Broken pipe
2026-06-29 05:43:26,674 [WARNING] Failed to replay event 15: [Errno 32] Broken pipe
2026-06-29 05:43:26,674 [WARNING] Failed to replay event 16: [Errno 32] Broken pipe
2026-06-29 05:43:26,675 [WARNING] Failed to replay event 17: [Errno 32] Broken pipe
2026-06-29 05:43:26,675 [WARNING] Failed to replay event 18: [Errno 32] Broken pipe
2026-06-29 05:43:26,675 [WARNING] Failed to replay event 19: [Errno 32] Broken pipe
2026-06-29 05:43:26,675 [WARNING] Failed to replay event 20: [Errno 32] Broken pipe
2026-06-29 05:43:26,675 [INFO] handle_client: Entering receive loop
2026-06-29 05:43:26,675 [INFO] handle_client: Received empty data, client closed connection
2026-06-29 05:43:26,675 [INFO] Control Client disconnected
2026-06-29 05:43:27,050 [DEBUG] Received 10 bytes from BTS
2026-06-29 05:43:27,050 [DEBUG] Decoded IPA frame: proto=0x00, payload_len=7, consumed=10, payload_hex: 0c1201900fffff
2026-06-29 05:43:27,050 [DEBUG] RSL message: 0c1201900fffff
2026-06-29 05:43:27,050 [DEBUG] RSL discriminator: 0x0c, message type: 0x12, payload: 0c1201900fffff
2026-06-29 05:43:27,050 [DEBUG] Incomplete frame, buffer size: 0, buffer_hex: 
2026-06-29 05:43:27,233 [DEBUG] Received 10 bytes from BTS
2026-06-29 05:43:27,233 [DEBUG] Decoded IPA frame: proto=0x00, payload_len=7, consumed=10, payload_hex: 0c1201900fffff
2026-06-29 05:43:27,233 [DEBUG] RSL message: 0c1201900fffff
2026-06-29 05:43:27,233 [DEBUG] RSL discriminator: 0x0c, message type: 0x12, payload: 0c1201900fffff
2026-06-29 05:43:27,233 [DEBUG] Incomplete frame, buffer size: 0, buffer_hex: 
2026-06-29 05:43:28,051 [DEBUG] Received 10 bytes from BTS
2026-06-29 05:43:28,051 [DEBUG] Decoded IPA frame: proto=0x00, payload_len=7, consumed=10, payload_hex: 0c1201900fffff
2026-06-29 05:43:28,051 [DEBUG] RSL message: 0c1201900fffff
2026-06-29 05:43:28,051 [DEBUG] RSL discriminator: 0x0c, message type: 0x12, payload: 0c1201900fffff
2026-06-29 05:43:28,051 [DEBUG] Incomplete frame, buffer size: 0, buffer_hex: 
2026-06-29 05:43:28,233 [DEBUG] Received 10 bytes from BTS
2026-06-29 05:43:28,234 [DEBUG] Decoded IPA frame: proto=0x00, payload_len=7, consumed=10, payload_hex: 0c1201900fffff
2026-06-29 05:43:28,234 [DEBUG] RSL message: 0c1201900fffff
2026-06-29 05:43:28,234 [DEBUG] RSL discriminator: 0x0c, message type: 0x12, payload: 0c1201900fffff
2026-06-29 05:43:28,234 [DEBUG] Incomplete frame, buffer size: 0, buffer_hex: 
2026-06-29 05:43:29,051 [DEBUG] Received 10 bytes from BTS
2026-06-29 05:43:29,052 [DEBUG] Decoded IPA frame: proto=0x00, payload_len=7, consumed=10, payload_hex: 0c1201900fffff
2026-06-29 05:43:29,052 [DEBUG] RSL message: 0c1201900fffff
2026-06-29 05:43:29,052 [DEBUG] RSL discriminator: 0x0c, message type: 0x12, payload: 0c1201900fffff
2026-06-29 05:43:29,052 [DEBUG] Incomplete frame, buffer size: 0, buffer_hex: 
2026-06-29 05:43:29,234 [DEBUG] Received 10 bytes from BTS
2026-06-29 05:43:29,234 [DEBUG] Decoded IPA frame: proto=0x00, payload_len=7, consumed=10, payload_hex: 0c1201900fffff
2026-06-29 05:43:29,234 [DEBUG] RSL message: 0c1201900fffff
2026-06-29 05:43:29,234 [DEBUG] RSL discriminator: 0x0c, message type: 0x12, payload: 0c1201900fffff
2026-06-29 05:43:29,234 [DEBUG] Incomplete frame, buffer size: 0, buffer_hex: 
2026-06-29 05:43:29,623 [INFO] Control Client connected from ('10.42.0.1', 43394)
2026-06-29 05:43:29,624 [INFO] handle_client: Starting, client socket: 11
2026-06-29 05:43:29,624 [INFO] handle_client: WELCOME sent
2026-06-29 05:43:29,674 [INFO] Replaying 20 buffered event(s)
2026-06-29 05:43:29,674 [WARNING] Failed to replay event 1: [Errno 32] Broken pipe
2026-06-29 05:43:29,674 [WARNING] Failed to replay event 2: [Errno 32] Broken pipe
2026-06-29 05:43:29,674 [WARNING] Failed to replay event 3: [Errno 32] Broken pipe
2026-06-29 05:43:29,674 [WARNING] Failed to replay event 4: [Errno 32] Broken pipe
2026-06-29 05:43:29,674 [WARNING] Failed to replay event 5: [Errno 32] Broken pipe
2026-06-29 05:43:29,674 [WARNING] Failed to replay event 6: [Errno 32] Broken pipe
2026-06-29 05:43:29,675 [WARNING] Failed to replay event 7: [Errno 32] Broken pipe
2026-06-29 05:43:29,675 [WARNING] Failed to replay event 8: [Errno 32] Broken pipe
2026-06-29 05:43:29,675 [WARNING] Failed to replay event 9: [Errno 32] Broken pipe
2026-06-29 05:43:29,675 [WARNING] Failed to replay event 10: [Errno 32] Broken pipe
2026-06-29 05:43:29,675 [WARNING] Failed to replay event 11: [Errno 32] Broken pipe
2026-06-29 05:43:29,675 [WARNING] Failed to replay event 12: [Errno 32] Broken pipe
2026-06-29 05:43:29,675 [WARNING] Failed to replay event 13: [Errno 32] Broken pipe
2026-06-29 05:43:29,675 [WARNING] Failed to replay event 14: [Errno 32] Broken pipe
2026-06-29 05:43:29,675 [WARNING] Failed to replay event 15: [Errno 32] Broken pipe
2026-06-29 05:43:29,675 [WARNING] Failed to replay event 16: [Errno 32] Broken pipe
2026-06-29 05:43:29,675 [WARNING] Failed to replay event 17: [Errno 32] Broken pipe
2026-06-29 05:43:29,675 [WARNING] Failed to replay event 18: [Errno 32] Broken pipe
2026-06-29 05:43:29,675 [WARNING] Failed to replay event 19: [Errno 32] Broken pipe
2026-06-29 05:43:29,675 [WARNING] Failed to replay event 20: [Errno 32] Broken pipe
2026-06-29 05:43:29,675 [INFO] handle_client: Entering receive loop
2026-06-29 05:43:29,675 [INFO] handle_client: Received empty data, client closed connection
2026-06-29 05:43:29,675 [INFO] Control Client disconnected
2026-06-29 05:43:30,052 [DEBUG] Received 10 bytes from BTS
2026-06-29 05:43:30,052 [DEBUG] Decoded IPA frame: proto=0x00, payload_len=7, consumed=10, payload_hex: 0c1201900fffff
2026-06-29 05:43:30,052 [DEBUG] RSL message: 0c1201900fffff
2026-06-29 05:43:30,052 [DEBUG] RSL discriminator: 0x0c, message type: 0x12, payload: 0c1201900fffff
2026-06-29 05:43:30,053 [DEBUG] Incomplete frame, buffer size: 0, buffer_hex: 
2026-06-29 05:43:30,234 [DEBUG] Received 10 bytes from BTS
2026-06-29 05:43:30,234 [DEBUG] Decoded IPA frame: proto=0x00, payload_len=7, consumed=10, payload_hex: 0c1201900fffff
2026-06-29 05:43:30,234 [DEBUG] RSL message: 0c1201900fffff
2026-06-29 05:43:30,234 [DEBUG] RSL discriminator: 0x0c, message type: 0x12, payload: 0c1201900fffff
2026-06-29 05:43:30,234 [DEBUG] Incomplete frame, buffer size: 0, buffer_hex: 
2026-06-29 05:43:31,053 [DEBUG] Received 10 bytes from BTS
2026-06-29 05:43:31,053 [DEBUG] Decoded IPA frame: proto=0x00, payload_len=7, consumed=10, payload_hex: 0c1201900fffff
2026-06-29 05:43:31,053 [DEBUG] RSL message: 0c1201900fffff
2026-06-29 05:43:31,053 [DEBUG] RSL discriminator: 0x0c, message type: 0x12, payload: 0c1201900fffff
2026-06-29 05:43:31,053 [DEBUG] Incomplete frame, buffer size: 0, buffer_hex: 
2026-06-29 05:43:31,235 [DEBUG] Received 10 bytes from BTS
2026-06-29 05:43:31,235 [DEBUG] Decoded IPA frame: proto=0x00, payload_len=7, consumed=10, payload_hex: 0c1201900fffff
2026-06-29 05:43:31,235 [DEBUG] RSL message: 0c1201900fffff
2026-06-29 05:43:31,235 [DEBUG] RSL discriminator: 0x0c, message type: 0x12, payload: 0c1201900fffff
2026-06-29 05:43:31,235 [DEBUG] Incomplete frame, buffer size: 0, buffer_hex: 
2026-06-29 05:43:32,054 [DEBUG] Received 10 bytes from BTS
2026-06-29 05:43:32,054 [DEBUG] Decoded IPA frame: proto=0x00, payload_len=7, consumed=10, payload_hex: 0c1201900fffff
2026-06-29 05:43:32,054 [DEBUG] RSL message: 0c1201900fffff
2026-06-29 05:43:32,054 [DEBUG] RSL discriminator: 0x0c, message type: 0x12, payload: 0c1201900fffff
2026-06-29 05:43:32,055 [DEBUG] Incomplete frame, buffer size: 0, buffer_hex: 
2026-06-29 05:43:32,236 [DEBUG] Received 10 bytes from BTS
2026-06-29 05:43:32,236 [DEBUG] Decoded IPA frame: proto=0x00, payload_len=7, consumed=10, payload_hex: 0c1201900fffff
2026-06-29 05:43:32,236 [DEBUG] RSL message: 0c1201900fffff
2026-06-29 05:43:32,236 [DEBUG] RSL discriminator: 0x0c, message type: 0x12, payload: 0c1201900fffff
2026-06-29 05:43:32,236 [DEBUG] Incomplete frame, buffer size: 0, buffer_hex: 
2026-06-29 05:43:32,623 [INFO] Control Client connected from ('10.42.0.1', 35664)
2026-06-29 05:43:32,623 [INFO] handle_client: Starting, client socket: 6
2026-06-29 05:43:32,623 [INFO] handle_client: WELCOME sent
2026-06-29 05:43:32,673 [INFO] Replaying 20 buffered event(s)
2026-06-29 05:43:32,674 [WARNING] Failed to replay event 1: [Errno 32] Broken pipe
2026-06-29 05:43:32,674 [WARNING] Failed to replay event 2: [Errno 32] Broken pipe
2026-06-29 05:43:32,674 [WARNING] Failed to replay event 3: [Errno 32] Broken pipe
2026-06-29 05:43:32,674 [WARNING] Failed to replay event 4: [Errno 32] Broken pipe
2026-06-29 05:43:32,674 [WARNING] Failed to replay event 5: [Errno 32] Broken pipe
2026-06-29 05:43:32,674 [WARNING] Failed to replay event 6: [Errno 32] Broken pipe
2026-06-29 05:43:32,674 [WARNING] Failed to replay event 7: [Errno 32] Broken pipe
2026-06-29 05:43:32,674 [WARNING] Failed to replay event 8: [Errno 32] Broken pipe
2026-06-29 05:43:32,674 [WARNING] Failed to replay event 9: [Errno 32] Broken pipe
2026-06-29 05:43:32,674 [WARNING] Failed to replay event 10: [Errno 32] Broken pipe
2026-06-29 05:43:32,674 [WARNING] Failed to replay event 11: [Errno 32] Broken pipe
2026-06-29 05:43:32,674 [WARNING] Failed to replay event 12: [Errno 32] Broken pipe
2026-06-29 05:43:32,674 [WARNING] Failed to replay event 13: [Errno 32] Broken pipe
2026-06-29 05:43:32,674 [WARNING] Failed to replay event 14: [Errno 32] Broken pipe
2026-06-29 05:43:32,674 [WARNING] Failed to replay event 15: [Errno 32] Broken pipe
2026-06-29 05:43:32,674 [WARNING] Failed to replay event 16: [Errno 32] Broken pipe
2026-06-29 05:43:32,674 [WARNING] Failed to replay event 17: [Errno 32] Broken pipe
2026-06-29 05:43:32,674 [WARNING] Failed to replay event 18: [Errno 32] Broken pipe
2026-06-29 05:43:32,674 [WARNING] Failed to replay event 19: [Errno 32] Broken pipe
2026-06-29 05:43:32,674 [WARNING] Failed to replay event 20: [Errno 32] Broken pipe
2026-06-29 05:43:32,674 [INFO] handle_client: Entering receive loop
2026-06-29 05:43:32,674 [INFO] handle_client: Received empty data, client closed connection
2026-06-29 05:43:32,674 [INFO] Control Client disconnected
2026-06-29 05:43:32,936 [INFO] Control Client connected from ('10.42.0.1', 35672)
2026-06-29 05:43:32,936 [INFO] handle_client: Starting, client socket: 11
2026-06-29 05:43:32,936 [INFO] handle_client: WELCOME sent
2026-06-29 05:43:32,986 [INFO] Replaying 20 buffered event(s)
2026-06-29 05:43:32,987 [WARNING] Failed to replay event 1: [Errno 32] Broken pipe
2026-06-29 05:43:32,987 [WARNING] Failed to replay event 2: [Errno 32] Broken pipe
2026-06-29 05:43:32,987 [WARNING] Failed to replay event 3: [Errno 32] Broken pipe
2026-06-29 05:43:32,987 [WARNING] Failed to replay event 4: [Errno 32] Broken pipe
2026-06-29 05:43:32,987 [WARNING] Failed to replay event 5: [Errno 32] Broken pipe
2026-06-29 05:43:32,987 [WARNING] Failed to replay event 6: [Errno 32] Broken pipe
2026-06-29 05:43:32,987 [WARNING] Failed to replay event 7: [Errno 32] Broken pipe
2026-06-29 05:43:32,987 [WARNING] Failed to replay event 8: [Errno 32] Broken pipe
2026-06-29 05:43:32,987 [WARNING] Failed to replay event 9: [Errno 32] Broken pipe
2026-06-29 05:43:32,987 [WARNING] Failed to replay event 10: [Errno 32] Broken pipe
2026-06-29 05:43:32,987 [WARNING] Failed to replay event 11: [Errno 32] Broken pipe
2026-06-29 05:43:32,987 [WARNING] Failed to replay event 12: [Errno 32] Broken pipe
2026-06-29 05:43:32,987 [WARNING] Failed to replay event 13: [Errno 32] Broken pipe
2026-06-29 05:43:32,987 [WARNING] Failed to replay event 14: [Errno 32] Broken pipe
2026-06-29 05:43:32,987 [WARNING] Failed to replay event 15: [Errno 32] Broken pipe
2026-06-29 05:43:32,987 [WARNING] Failed to replay event 16: [Errno 32] Broken pipe
2026-06-29 05:43:32,987 [WARNING] Failed to replay event 17: [Errno 32] Broken pipe
2026-06-29 05:43:32,987 [WARNING] Failed to replay event 18: [Errno 32] Broken pipe
2026-06-29 05:43:32,987 [WARNING] Failed to replay event 19: [Errno 32] Broken pipe
2026-06-29 05:43:32,987 [WARNING] Failed to replay event 20: [Errno 32] Broken pipe
2026-06-29 05:43:32,987 [INFO] handle_client: Entering receive loop
2026-06-29 05:43:32,987 [INFO] handle_client: Received empty data, client closed connection
2026-06-29 05:43:32,987 [INFO] Control Client disconnected
2026-06-29 05:43:33,054 [DEBUG] Received 10 bytes from BTS
2026-06-29 05:43:33,054 [DEBUG] Decoded IPA frame: proto=0x00, payload_len=7, consumed=10, payload_hex: 0c1201900fffff
2026-06-29 05:43:33,055 [DEBUG] RSL message: 0c1201900fffff
2026-06-29 05:43:33,055 [DEBUG] RSL discriminator: 0x0c, message type: 0x12, payload: 0c1201900fffff
2026-06-29 05:43:33,055 [DEBUG] Incomplete frame, buffer size: 0, buffer_hex: 
2026-06-29 05:43:33,236 [DEBUG] Received 10 bytes from BTS
2026-06-29 05:43:33,237 [DEBUG] Decoded IPA frame: proto=0x00, payload_len=7, consumed=10, payload_hex: 0c1201900fffff
2026-06-29 05:43:33,237 [DEBUG] RSL message: 0c1201900fffff
2026-06-29 05:43:33,237 [DEBUG] RSL discriminator: 0x0c, message type: 0x12, payload: 0c1201900fffff
2026-06-29 05:43:33,237 [DEBUG] Incomplete frame, buffer size: 0, buffer_hex: 
2026-06-29 05:43:34,055 [DEBUG] Received 10 bytes from BTS
2026-06-29 05:43:34,055 [DEBUG] Decoded IPA frame: proto=0x00, payload_len=7, consumed=10, payload_hex: 0c1201900fffff
2026-06-29 05:43:34,055 [DEBUG] RSL message: 0c1201900fffff
2026-06-29 05:43:34,055 [DEBUG] RSL discriminator: 0x0c, message type: 0x12, payload: 0c1201900fffff
2026-06-29 05:43:34,055 [DEBUG] Incomplete frame, buffer size: 0, buffer_hex: 
2026-06-29 05:43:34,237 [DEBUG] Received 10 bytes from BTS
2026-06-29 05:43:34,238 [DEBUG] Decoded IPA frame: proto=0x00, payload_len=7, consumed=10, payload_hex: 0c1201900fffff
2026-06-29 05:43:34,238 [DEBUG] RSL message: 0c1201900fffff
2026-06-29 05:43:34,238 [DEBUG] RSL discriminator: 0x0c, message type: 0x12, payload: 0c1201900fffff
2026-06-29 05:43:34,238 [DEBUG] Incomplete frame, buffer size: 0, buffer_hex: 
2026-06-29 05:43:35,056 [DEBUG] Received 10 bytes from BTS
2026-06-29 05:43:35,056 [DEBUG] Decoded IPA frame: proto=0x00, payload_len=7, consumed=10, payload_hex: 0c1201900fffff
2026-06-29 05:43:35,056 [DEBUG] RSL message: 0c1201900fffff
2026-06-29 05:43:35,056 [DEBUG] RSL discriminator: 0x0c, message type: 0x12, payload: 0c1201900fffff
2026-06-29 05:43:35,056 [DEBUG] Incomplete frame, buffer size: 0, buffer_hex: 
2026-06-29 05:43:35,238 [DEBUG] Received 10 bytes from BTS
2026-06-29 05:43:35,238 [DEBUG] Decoded IPA frame: proto=0x00, payload_len=7, consumed=10, payload_hex: 0c1201900fffff
2026-06-29 05:43:35,238 [DEBUG] RSL message: 0c1201900fffff
2026-06-29 05:43:35,238 [DEBUG] RSL discriminator: 0x0c, message type: 0x12, payload: 0c1201900fffff
2026-06-29 05:43:35,238 [DEBUG] Incomplete frame, buffer size: 0, buffer_hex: 
2026-06-29 05:43:35,623 [INFO] Control Client connected from ('10.42.0.1', 35676)
2026-06-29 05:43:35,624 [INFO] handle_client: Starting, client socket: 6
2026-06-29 05:43:35,624 [INFO] handle_client: WELCOME sent
2026-06-29 05:43:35,674 [INFO] Replaying 20 buffered event(s)
2026-06-29 05:43:35,675 [WARNING] Failed to replay event 1: [Errno 32] Broken pipe
2026-06-29 05:43:35,675 [WARNING] Failed to replay event 2: [Errno 32] Broken pipe
2026-06-29 05:43:35,675 [WARNING] Failed to replay event 3: [Errno 32] Broken pipe
2026-06-29 05:43:35,675 [WARNING] Failed to replay event 4: [Errno 32] Broken pipe
2026-06-29 05:43:35,675 [WARNING] Failed to replay event 5: [Errno 32] Broken pipe
2026-06-29 05:43:35,675 [WARNING] Failed to replay event 6: [Errno 32] Broken pipe
2026-06-29 05:43:35,675 [WARNING] Failed to replay event 7: [Errno 32] Broken pipe
2026-06-29 05:43:35,675 [WARNING] Failed to replay event 8: [Errno 32] Broken pipe
2026-06-29 05:43:35,675 [WARNING] Failed to replay event 9: [Errno 32] Broken pipe
2026-06-29 05:43:35,675 [WARNING] Failed to replay event 10: [Errno 32] Broken pipe
2026-06-29 05:43:35,675 [WARNING] Failed to replay event 11: [Errno 32] Broken pipe
2026-06-29 05:43:35,675 [WARNING] Failed to replay event 12: [Errno 32] Broken pipe
2026-06-29 05:43:35,675 [WARNING] Failed to replay event 13: [Errno 32] Broken pipe
2026-06-29 05:43:35,675 [WARNING] Failed to replay event 14: [Errno 32] Broken pipe
2026-06-29 05:43:35,675 [WARNING] Failed to replay event 15: [Errno 32] Broken pipe
2026-06-29 05:43:35,675 [WARNING] Failed to replay event 16: [Errno 32] Broken pipe
2026-06-29 05:43:35,675 [WARNING] Failed to replay event 17: [Errno 32] Broken pipe
2026-06-29 05:43:35,675 [WARNING] Failed to replay event 18: [Errno 32] Broken pipe
2026-06-29 05:43:35,675 [WARNING] Failed to replay event 19: [Errno 32] Broken pipe
2026-06-29 05:43:35,675 [WARNING] Failed to replay event 20: [Errno 32] Broken pipe
2026-06-29 05:43:35,675 [INFO] handle_client: Entering receive loop
2026-06-29 05:43:35,675 [INFO] handle_client: Received empty data, client closed connection
2026-06-29 05:43:35,675 [INFO] Control Client disconnected
2026-06-29 05:43:36,056 [DEBUG] Received 10 bytes from BTS
2026-06-29 05:43:36,057 [DEBUG] Decoded IPA frame: proto=0x00, payload_len=7, consumed=10, payload_hex: 0c1201900fffff
2026-06-29 05:43:36,057 [DEBUG] RSL message: 0c1201900fffff
2026-06-29 05:43:36,057 [DEBUG] RSL discriminator: 0x0c, message type: 0x12, payload: 0c1201900fffff
2026-06-29 05:43:36,057 [DEBUG] Incomplete frame, buffer size: 0, buffer_hex: 
2026-06-29 05:43:36,239 [DEBUG] Received 10 bytes from BTS
2026-06-29 05:43:36,239 [DEBUG] Decoded IPA frame: proto=0x00, payload_len=7, consumed=10, payload_hex: 0c1201900fffff
2026-06-29 05:43:36,239 [DEBUG] RSL message: 0c1201900fffff
2026-06-29 05:43:36,239 [DEBUG] RSL discriminator: 0x0c, message type: 0x12, payload: 0c1201900fffff
2026-06-29 05:43:36,239 [DEBUG] Incomplete frame, buffer size: 0, buffer_hex: 
2026-06-29 05:43:37,057 [DEBUG] Received 10 bytes from BTS
2026-06-29 05:43:37,057 [DEBUG] Decoded IPA frame: proto=0x00, payload_len=7, consumed=10, payload_hex: 0c1201900fffff
2026-06-29 05:43:37,058 [DEBUG] RSL message: 0c1201900fffff
2026-06-29 05:43:37,058 [DEBUG] RSL discriminator: 0x0c, message type: 0x12, payload: 0c1201900fffff
2026-06-29 05:43:37,058 [DEBUG] Incomplete frame, buffer size: 0, buffer_hex: 
2026-06-29 05:43:37,240 [DEBUG] Received 10 bytes from BTS
2026-06-29 05:43:37,240 [DEBUG] Decoded IPA frame: proto=0x00, payload_len=7, consumed=10, payload_hex: 0c1201900fffff
2026-06-29 05:43:37,240 [DEBUG] RSL message: 0c1201900fffff
2026-06-29 05:43:37,240 [DEBUG] RSL discriminator: 0x0c, message type: 0x12, payload: 0c1201900fffff
2026-06-29 05:43:37,240 [DEBUG] Incomplete frame, buffer size: 0, buffer_hex: 
2026-06-29 05:43:38,058 [DEBUG] Received 10 bytes from BTS
2026-06-29 05:43:38,058 [DEBUG] Decoded IPA frame: proto=0x00, payload_len=7, consumed=10, payload_hex: 0c1201900fffff
2026-06-29 05:43:38,058 [DEBUG] RSL message: 0c1201900fffff
2026-06-29 05:43:38,058 [DEBUG] RSL discriminator: 0x0c, message type: 0x12, payload: 0c1201900fffff
2026-06-29 05:43:38,058 [DEBUG] Incomplete frame, buffer size: 0, buffer_hex: 
2026-06-29 05:43:38,240 [DEBUG] Received 10 bytes from BTS
2026-06-29 05:43:38,241 [DEBUG] Decoded IPA frame: proto=0x00, payload_len=7, consumed=10, payload_hex: 0c1201900fffff
2026-06-29 05:43:38,241 [DEBUG] RSL message: 0c1201900fffff
2026-06-29 05:43:38,241 [DEBUG] RSL discriminator: 0x0c, message type: 0x12, payload: 0c1201900fffff
2026-06-29 05:43:38,241 [DEBUG] Incomplete frame, buffer size: 0, buffer_hex: 
2026-06-29 05:43:38,623 [INFO] Control Client connected from ('10.42.0.1', 35684)
2026-06-29 05:43:38,624 [INFO] handle_client: Starting, client socket: 11
2026-06-29 05:43:38,624 [INFO] handle_client: WELCOME sent
2026-06-29 05:43:38,674 [INFO] Replaying 20 buffered event(s)
2026-06-29 05:43:38,674 [WARNING] Failed to replay event 1: [Errno 32] Broken pipe
2026-06-29 05:43:38,674 [WARNING] Failed to replay event 2: [Errno 32] Broken pipe
2026-06-29 05:43:38,674 [WARNING] Failed to replay event 3: [Errno 32] Broken pipe
2026-06-29 05:43:38,674 [WARNING] Failed to replay event 4: [Errno 32] Broken pipe
2026-06-29 05:43:38,674 [WARNING] Failed to replay event 5: [Errno 32] Broken pipe
2026-06-29 05:43:38,674 [WARNING] Failed to replay event 6: [Errno 32] Broken pipe
2026-06-29 05:43:38,674 [WARNING] Failed to replay event 7: [Errno 32] Broken pipe
2026-06-29 05:43:38,674 [WARNING] Failed to replay event 8: [Errno 32] Broken pipe
2026-06-29 05:43:38,674 [WARNING] Failed to replay event 9: [Errno 32] Broken pipe
2026-06-29 05:43:38,675 [WARNING] Failed to replay event 10: [Errno 32] Broken pipe
2026-06-29 05:43:38,675 [WARNING] Failed to replay event 11: [Errno 32] Broken pipe
2026-06-29 05:43:38,675 [WARNING] Failed to replay event 12: [Errno 32] Broken pipe
2026-06-29 05:43:38,675 [WARNING] Failed to replay event 13: [Errno 32] Broken pipe
2026-06-29 05:43:38,675 [WARNING] Failed to replay event 14: [Errno 32] Broken pipe
2026-06-29 05:43:38,675 [WARNING] Failed to replay event 15: [Errno 32] Broken pipe
2026-06-29 05:43:38,675 [WARNING] Failed to replay event 16: [Errno 32] Broken pipe
2026-06-29 05:43:38,675 [WARNING] Failed to replay event 17: [Errno 32] Broken pipe
2026-06-29 05:43:38,675 [WARNING] Failed to replay event 18: [Errno 32] Broken pipe
2026-06-29 05:43:38,675 [WARNING] Failed to replay event 19: [Errno 32] Broken pipe
2026-06-29 05:43:38,675 [WARNING] Failed to replay event 20: [Errno 32] Broken pipe
2026-06-29 05:43:38,675 [INFO] handle_client: Entering receive loop
2026-06-29 05:43:38,675 [INFO] handle_client: Received empty data, client closed connection
2026-06-29 05:43:38,675 [INFO] Control Client disconnected
2026-06-29 05:43:39,058 [DEBUG] Received 10 bytes from BTS
2026-06-29 05:43:39,059 [DEBUG] Decoded IPA frame: proto=0x00, payload_len=7, consumed=10, payload_hex: 0c1201900fffff
2026-06-29 05:43:39,059 [DEBUG] RSL message: 0c1201900fffff
2026-06-29 05:43:39,059 [DEBUG] RSL discriminator: 0x0c, message type: 0x12, payload: 0c1201900fffff
2026-06-29 05:43:39,059 [DEBUG] Incomplete frame, buffer size: 0, buffer_hex: 
2026-06-29 05:43:39,241 [DEBUG] Received 10 bytes from BTS
2026-06-29 05:43:39,241 [DEBUG] Decoded IPA frame: proto=0x00, payload_len=7, consumed=10, payload_hex: 0c1201900fffff
2026-06-29 05:43:39,241 [DEBUG] RSL message: 0c1201900fffff
2026-06-29 05:43:39,241 [DEBUG] RSL discriminator: 0x0c, message type: 0x12, payload: 0c1201900fffff
2026-06-29 05:43:39,241 [DEBUG] Incomplete frame, buffer size: 0, buffer_hex: 
2026-06-29 05:43:40,059 [DEBUG] Received 10 bytes from BTS
2026-06-29 05:43:40,059 [DEBUG] Decoded IPA frame: proto=0x00, payload_len=7, consumed=10, payload_hex: 0c1201900fffff
2026-06-29 05:43:40,059 [DEBUG] RSL message: 0c1201900fffff
2026-06-29 05:43:40,059 [DEBUG] RSL discriminator: 0x0c, message type: 0x12, payload: 0c1201900fffff
2026-06-29 05:43:40,059 [DEBUG] Incomplete frame, buffer size: 0, buffer_hex: 
2026-06-29 05:43:40,242 [DEBUG] Received 10 bytes from BTS
2026-06-29 05:43:40,242 [DEBUG] Decoded IPA frame: proto=0x00, payload_len=7, consumed=10, payload_hex: 0c1201900fffff
2026-06-29 05:43:40,242 [DEBUG] RSL message: 0c1201900fffff
2026-06-29 05:43:40,242 [DEBUG] RSL discriminator: 0x0c, message type: 0x12, payload: 0c1201900fffff
2026-06-29 05:43:40,242 [DEBUG] Incomplete frame, buffer size: 0, buffer_hex: 
2026-06-29 05:43:41,060 [DEBUG] Received 10 bytes from BTS
2026-06-29 05:43:41,060 [DEBUG] Decoded IPA frame: proto=0x00, payload_len=7, consumed=10, payload_hex: 0c1201900fffff
2026-06-29 05:43:41,060 [DEBUG] RSL message: 0c1201900fffff
2026-06-29 05:43:41,060 [DEBUG] RSL discriminator: 0x0c, message type: 0x12, payload: 0c1201900fffff
2026-06-29 05:43:41,060 [DEBUG] Incomplete frame, buffer size: 0, buffer_hex: 
2026-06-29 05:43:41,242 [DEBUG] Received 10 bytes from BTS
2026-06-29 05:43:41,242 [DEBUG] Decoded IPA frame: proto=0x00, payload_len=7, consumed=10, payload_hex: 0c1201900fffff
2026-06-29 05:43:41,242 [DEBUG] RSL message: 0c1201900fffff
2026-06-29 05:43:41,242 [DEBUG] RSL discriminator: 0x0c, message type: 0x12, payload: 0c1201900fffff
2026-06-29 05:43:41,242 [DEBUG] Incomplete frame, buffer size: 0, buffer_hex: 
2026-06-29 05:43:41,453 [DEBUG] Received 13 bytes from BTS
2026-06-29 05:43:41,453 [DEBUG] Decoded IPA frame: proto=0x00, payload_len=10, consumed=13, payload_hex: 0c130188130451ea1100
2026-06-29 05:43:41,453 [DEBUG] RSL message: 0c130188130451ea1100
2026-06-29 05:43:41,453 [DEBUG] RSL discriminator: 0x0c, message type: 0x13, payload: 0c130188130451ea1100
2026-06-29 05:43:41,453 [INFO] BTS 4242/0/0: CHAN_RQD received - RA=4, FN=13660, payload: 0c130188130451ea1100
2026-06-29 05:43:41,453 [INFO] CHAN_RQD: RA=4 FN=13660 BTS=4242/0/0
2026-06-29 05:43:41,454 [INFO] DEBUG: auto_respond=False
2026-06-29 05:43:41,454 [INFO] Sending CHAN_RQD event to control server: RA=4, FN_enc=20970
2026-06-29 05:43:41,454 [DEBUG] Buffered event CHAN_RQD (total buffered: 21)
2026-06-29 05:43:41,454 [DEBUG] Incomplete frame, buffer size: 0, buffer_hex: 
2026-06-29 05:43:41,623 [INFO] Control Client connected from ('10.42.0.1', 52706)
2026-06-29 05:43:41,623 [INFO] handle_client: Starting, client socket: 6
2026-06-29 05:43:41,623 [INFO] handle_client: WELCOME sent
2026-06-29 05:43:41,674 [INFO] Replaying 21 buffered event(s)
2026-06-29 05:43:41,674 [WARNING] Failed to replay event 1: [Errno 32] Broken pipe
2026-06-29 05:43:41,674 [WARNING] Failed to replay event 2: [Errno 32] Broken pipe
2026-06-29 05:43:41,674 [WARNING] Failed to replay event 3: [Errno 32] Broken pipe
2026-06-29 05:43:41,674 [WARNING] Failed to replay event 4: [Errno 32] Broken pipe
2026-06-29 05:43:41,674 [WARNING] Failed to replay event 5: [Errno 32] Broken pipe
2026-06-29 05:43:41,674 [WARNING] Failed to replay event 6: [Errno 32] Broken pipe
2026-06-29 05:43:41,674 [WARNING] Failed to replay event 7: [Errno 32] Broken pipe
2026-06-29 05:43:41,674 [WARNING] Failed to replay event 8: [Errno 32] Broken pipe
2026-06-29 05:43:41,674 [WARNING] Failed to replay event 9: [Errno 32] Broken pipe
2026-06-29 05:43:41,674 [WARNING] Failed to replay event 10: [Errno 32] Broken pipe
2026-06-29 05:43:41,674 [WARNING] Failed to replay event 11: [Errno 32] Broken pipe
2026-06-29 05:43:41,674 [WARNING] Failed to replay event 12: [Errno 32] Broken pipe
2026-06-29 05:43:41,674 [WARNING] Failed to replay event 13: [Errno 32] Broken pipe
2026-06-29 05:43:41,674 [WARNING] Failed to replay event 14: [Errno 32] Broken pipe
2026-06-29 05:43:41,674 [WARNING] Failed to replay event 15: [Errno 32] Broken pipe
2026-06-29 05:43:41,674 [WARNING] Failed to replay event 16: [Errno 32] Broken pipe
2026-06-29 05:43:41,674 [WARNING] Failed to replay event 17: [Errno 32] Broken pipe
2026-06-29 05:43:41,674 [WARNING] Failed to replay event 18: [Errno 32] Broken pipe
2026-06-29 05:43:41,674 [WARNING] Failed to replay event 19: [Errno 32] Broken pipe
2026-06-29 05:43:41,674 [WARNING] Failed to replay event 20: [Errno 32] Broken pipe
2026-06-29 05:43:41,674 [WARNING] Failed to replay event 21: [Errno 32] Broken pipe
2026-06-29 05:43:41,674 [INFO] handle_client: Entering receive loop
2026-06-29 05:43:41,674 [INFO] handle_client: Received empty data, client closed connection
2026-06-29 05:43:41,674 [INFO] Control Client disconnected
2026-06-29 05:43:42,060 [DEBUG] Received 10 bytes from BTS
2026-06-29 05:43:42,061 [DEBUG] Decoded IPA frame: proto=0x00, payload_len=7, consumed=10, payload_hex: 0c1201900fffff
2026-06-29 05:43:42,061 [DEBUG] RSL message: 0c1201900fffff
2026-06-29 05:43:42,061 [DEBUG] RSL discriminator: 0x0c, message type: 0x12, payload: 0c1201900fffff
2026-06-29 05:43:42,061 [DEBUG] Incomplete frame, buffer size: 0, buffer_hex: 
2026-06-29 05:43:42,242 [DEBUG] Received 10 bytes from BTS
2026-06-29 05:43:42,243 [DEBUG] Decoded IPA frame: proto=0x00, payload_len=7, consumed=10, payload_hex: 0c1201900fffff
2026-06-29 05:43:42,243 [DEBUG] RSL message: 0c1201900fffff
2026-06-29 05:43:42,243 [DEBUG] RSL discriminator: 0x0c, message type: 0x12, payload: 0c1201900fffff
2026-06-29 05:43:42,243 [DEBUG] Incomplete frame, buffer size: 0, buffer_hex: 
2026-06-29 05:43:42,565 [DEBUG] Received 13 bytes from BTS
2026-06-29 05:43:42,565 [DEBUG] Decoded IPA frame: proto=0x00, payload_len=10, consumed=13, payload_hex: 0c130188130d53721100
2026-06-29 05:43:42,565 [DEBUG] RSL message: 0c130188130d53721100
2026-06-29 05:43:42,565 [DEBUG] RSL discriminator: 0x0c, message type: 0x13, payload: 0c130188130d53721100
2026-06-29 05:43:42,565 [INFO] BTS 4242/0/0: CHAN_RQD received - RA=13, FN=13980, payload: 0c130188130d53721100
2026-06-29 05:43:42,565 [INFO] CHAN_RQD: RA=13 FN=13980 BTS=4242/0/0
2026-06-29 05:43:42,565 [INFO] DEBUG: auto_respond=False
2026-06-29 05:43:42,565 [INFO] Sending CHAN_RQD event to control server: RA=13, FN_enc=21362
2026-06-29 05:43:42,565 [DEBUG] Buffered event CHAN_RQD (total buffered: 22)
2026-06-29 05:43:42,565 [DEBUG] Incomplete frame, buffer size: 0, buffer_hex: 
2026-06-29 05:43:42,937 [INFO] Control Client connected from ('10.42.0.1', 52712)
2026-06-29 05:43:42,937 [INFO] handle_client: Starting, client socket: 11
2026-06-29 05:43:42,937 [INFO] handle_client: WELCOME sent
2026-06-29 05:43:42,988 [INFO] Replaying 22 buffered event(s)
2026-06-29 05:43:42,988 [WARNING] Failed to replay event 1: [Errno 32] Broken pipe
2026-06-29 05:43:42,988 [WARNING] Failed to replay event 2: [Errno 32] Broken pipe
2026-06-29 05:43:42,988 [WARNING] Failed to replay event 3: [Errno 32] Broken pipe
2026-06-29 05:43:42,988 [WARNING] Failed to replay event 4: [Errno 32] Broken pipe
2026-06-29 05:43:42,988 [WARNING] Failed to replay event 5: [Errno 32] Broken pipe
2026-06-29 05:43:42,988 [WARNING] Failed to replay event 6: [Errno 32] Broken pipe
2026-06-29 05:43:42,988 [WARNING] Failed to replay event 7: [Errno 32] Broken pipe
2026-06-29 05:43:42,988 [WARNING] Failed to replay event 8: [Errno 32] Broken pipe
2026-06-29 05:43:42,988 [WARNING] Failed to replay event 9: [Errno 32] Broken pipe
2026-06-29 05:43:42,988 [WARNING] Failed to replay event 10: [Errno 32] Broken pipe
2026-06-29 05:43:42,988 [WARNING] Failed to replay event 11: [Errno 32] Broken pipe
2026-06-29 05:43:42,988 [WARNING] Failed to replay event 12: [Errno 32] Broken pipe
2026-06-29 05:43:42,988 [WARNING] Failed to replay event 13: [Errno 32] Broken pipe
2026-06-29 05:43:42,988 [WARNING] Failed to replay event 14: [Errno 32] Broken pipe
2026-06-29 05:43:42,988 [WARNING] Failed to replay event 15: [Errno 32] Broken pipe
2026-06-29 05:43:42,988 [WARNING] Failed to replay event 16: [Errno 32] Broken pipe
2026-06-29 05:43:42,988 [WARNING] Failed to replay event 17: [Errno 32] Broken pipe
2026-06-29 05:43:42,988 [WARNING] Failed to replay event 18: [Errno 32] Broken pipe
2026-06-29 05:43:42,988 [WARNING] Failed to replay event 19: [Errno 32] Broken pipe
2026-06-29 05:43:42,988 [WARNING] Failed to replay event 20: [Errno 32] Broken pipe
2026-06-29 05:43:42,988 [WARNING] Failed to replay event 21: [Errno 32] Broken pipe
2026-06-29 05:43:42,988 [WARNING] Failed to replay event 22: [Errno 32] Broken pipe
2026-06-29 05:43:42,988 [INFO] handle_client: Entering receive loop
2026-06-29 05:43:42,988 [INFO] handle_client: Received empty data, client closed connection
2026-06-29 05:43:42,988 [INFO] Control Client disconnected
2026-06-29 05:43:43,061 [DEBUG] Received 10 bytes from BTS
2026-06-29 05:43:43,061 [DEBUG] Decoded IPA frame: proto=0x00, payload_len=7, consumed=10, payload_hex: 0c1201900fffff
2026-06-29 05:43:43,061 [DEBUG] RSL message: 0c1201900fffff
2026-06-29 05:43:43,061 [DEBUG] RSL discriminator: 0x0c, message type: 0x12, payload: 0c1201900fffff
2026-06-29 05:43:43,061 [DEBUG] Incomplete frame, buffer size: 0, buffer_hex: 
2026-06-29 05:43:43,243 [DEBUG] Received 10 bytes from BTS
2026-06-29 05:43:43,243 [DEBUG] Decoded IPA frame: proto=0x00, payload_len=7, consumed=10, payload_hex: 0c1201900fffff
2026-06-29 05:43:43,243 [DEBUG] RSL message: 0c1201900fffff
2026-06-29 05:43:43,243 [DEBUG] RSL discriminator: 0x0c, message type: 0x12, payload: 0c1201900fffff
2026-06-29 05:43:43,243 [DEBUG] Incomplete frame, buffer size: 0, buffer_hex: 
2026-06-29 05:43:43,742 [DEBUG] Received 13 bytes from BTS
2026-06-29 05:43:43,742 [DEBUG] Decoded IPA frame: proto=0x00, payload_len=10, consumed=13, payload_hex: 0c130188130a52651100
2026-06-29 05:43:43,742 [DEBUG] RSL message: 0c130188130a52651100
2026-06-29 05:43:43,742 [DEBUG] RSL discriminator: 0x0c, message type: 0x13, payload: 0c130188130a52651100
2026-06-29 05:43:43,742 [INFO] BTS 4242/0/0: CHAN_RQD received - RA=10, FN=13759, payload: 0c130188130a52651100
2026-06-29 05:43:43,742 [INFO] CHAN_RQD: RA=10 FN=13759 BTS=4242/0/0
2026-06-29 05:43:43,742 [INFO] DEBUG: auto_respond=False
2026-06-29 05:43:43,742 [INFO] Sending CHAN_RQD event to control server: RA=10, FN_enc=21093
2026-06-29 05:43:43,742 [DEBUG] Buffered event CHAN_RQD (total buffered: 23)
2026-06-29 05:43:43,742 [DEBUG] Incomplete frame, buffer size: 0, buffer_hex: 
2026-06-29 05:43:44,062 [DEBUG] Received 10 bytes from BTS
2026-06-29 05:43:44,062 [DEBUG] Decoded IPA frame: proto=0x00, payload_len=7, consumed=10, payload_hex: 0c1201900fffff
2026-06-29 05:43:44,062 [DEBUG] RSL message: 0c1201900fffff
2026-06-29 05:43:44,062 [DEBUG] RSL discriminator: 0x0c, message type: 0x12, payload: 0c1201900fffff
2026-06-29 05:43:44,062 [DEBUG] Incomplete frame, buffer size: 0, buffer_hex: 
2026-06-29 05:43:44,244 [DEBUG] Received 10 bytes from BTS
2026-06-29 05:43:44,244 [DEBUG] Decoded IPA frame: proto=0x00, payload_len=7, consumed=10, payload_hex: 0c1201900fffff
2026-06-29 05:43:44,244 [DEBUG] RSL message: 0c1201900fffff
2026-06-29 05:43:44,244 [DEBUG] RSL discriminator: 0x0c, message type: 0x12, payload: 0c1201900fffff
2026-06-29 05:43:44,244 [DEBUG] Incomplete frame, buffer size: 0, buffer_hex: 
2026-06-29 05:43:44,623 [INFO] Control Client connected from ('10.42.0.1', 52720)
2026-06-29 05:43:44,624 [INFO] handle_client: Starting, client socket: 6
2026-06-29 05:43:44,624 [INFO] handle_client: WELCOME sent
2026-06-29 05:43:44,674 [INFO] Replaying 23 buffered event(s)
2026-06-29 05:43:44,675 [WARNING] Failed to replay event 1: [Errno 32] Broken pipe
2026-06-29 05:43:44,675 [WARNING] Failed to replay event 2: [Errno 32] Broken pipe
2026-06-29 05:43:44,675 [WARNING] Failed to replay event 3: [Errno 32] Broken pipe
2026-06-29 05:43:44,675 [WARNING] Failed to replay event 4: [Errno 32] Broken pipe
2026-06-29 05:43:44,675 [WARNING] Failed to replay event 5: [Errno 32] Broken pipe
2026-06-29 05:43:44,675 [WARNING] Failed to replay event 6: [Errno 32] Broken pipe
2026-06-29 05:43:44,675 [WARNING] Failed to replay event 7: [Errno 32] Broken pipe
2026-06-29 05:43:44,675 [WARNING] Failed to replay event 8: [Errno 32] Broken pipe
2026-06-29 05:43:44,675 [WARNING] Failed to replay event 9: [Errno 32] Broken pipe
2026-06-29 05:43:44,675 [WARNING] Failed to replay event 10: [Errno 32] Broken pipe
2026-06-29 05:43:44,675 [WARNING] Failed to replay event 11: [Errno 32] Broken pipe
2026-06-29 05:43:44,675 [WARNING] Failed to replay event 12: [Errno 32] Broken pipe
2026-06-29 05:43:44,675 [WARNING] Failed to replay event 13: [Errno 32] Broken pipe
2026-06-29 05:43:44,675 [WARNING] Failed to replay event 14: [Errno 32] Broken pipe
2026-06-29 05:43:44,675 [WARNING] Failed to replay event 15: [Errno 32] Broken pipe
2026-06-29 05:43:44,675 [WARNING] Failed to replay event 16: [Errno 32] Broken pipe
2026-06-29 05:43:44,675 [WARNING] Failed to replay event 17: [Errno 32] Broken pipe
2026-06-29 05:43:44,675 [WARNING] Failed to replay event 18: [Errno 32] Broken pipe
2026-06-29 05:43:44,675 [WARNING] Failed to replay event 19: [Errno 32] Broken pipe
2026-06-29 05:43:44,675 [WARNING] Failed to replay event 20: [Errno 32] Broken pipe
2026-06-29 05:43:44,675 [WARNING] Failed to replay event 21: [Errno 32] Broken pipe
2026-06-29 05:43:44,675 [WARNING] Failed to replay event 22: [Errno 32] Broken pipe
2026-06-29 05:43:44,675 [WARNING] Failed to replay event 23: [Errno 32] Broken pipe
2026-06-29 05:43:44,675 [INFO] handle_client: Entering receive loop
2026-06-29 05:43:44,675 [INFO] handle_client: Received empty data, client closed connection
2026-06-29 05:43:44,675 [INFO] Control Client disconnected
2026-06-29 05:43:44,919 [DEBUG] Received 13 bytes from BTS
2026-06-29 05:43:44,919 [DEBUG] Decoded IPA frame: proto=0x00, payload_len=10, consumed=13, payload_hex: 0c130188130f53681100
2026-06-29 05:43:44,919 [DEBUG] RSL message: 0c130188130f53681100
2026-06-29 05:43:44,919 [DEBUG] RSL discriminator: 0x0c, message type: 0x13, payload: 0c130188130f53681100
2026-06-29 05:43:44,919 [INFO] BTS 4242/0/0: CHAN_RQD received - RA=15, FN=13970, payload: 0c130188130f53681100
2026-06-29 05:43:44,920 [INFO] CHAN_RQD: RA=15 FN=13970 BTS=4242/0/0
2026-06-29 05:43:44,920 [INFO] DEBUG: auto_respond=False
2026-06-29 05:43:44,920 [INFO] Sending CHAN_RQD event to control server: RA=15, FN_enc=21352
2026-06-29 05:43:44,920 [DEBUG] Buffered event CHAN_RQD (total buffered: 24)
2026-06-29 05:43:44,920 [DEBUG] Incomplete frame, buffer size: 0, buffer_hex: 
2026-06-29 05:43:45,063 [DEBUG] Received 10 bytes from BTS
2026-06-29 05:43:45,063 [DEBUG] Decoded IPA frame: proto=0x00, payload_len=7, consumed=10, payload_hex: 0c1201900fffff
2026-06-29 05:43:45,063 [DEBUG] RSL message: 0c1201900fffff
2026-06-29 05:43:45,063 [DEBUG] RSL discriminator: 0x0c, message type: 0x12, payload: 0c1201900fffff
2026-06-29 05:43:45,063 [DEBUG] Incomplete frame, buffer size: 0, buffer_hex: 
2026-06-29 05:43:45,244 [DEBUG] Received 10 bytes from BTS
2026-06-29 05:43:45,244 [DEBUG] Decoded IPA frame: proto=0x00, payload_len=7, consumed=10, payload_hex: 0c1201900fffff
2026-06-29 05:43:45,244 [DEBUG] RSL message: 0c1201900fffff
2026-06-29 05:43:45,244 [DEBUG] RSL discriminator: 0x0c, message type: 0x12, payload: 0c1201900fffff
2026-06-29 05:43:45,244 [DEBUG] Incomplete frame, buffer size: 0, buffer_hex: 
2026-06-29 05:43:46,063 [DEBUG] Received 10 bytes from BTS
2026-06-29 05:43:46,063 [DEBUG] Decoded IPA frame: proto=0x00, payload_len=7, consumed=10, payload_hex: 0c1201900fffff
2026-06-29 05:43:46,063 [DEBUG] RSL message: 0c1201900fffff
2026-06-29 05:43:46,063 [DEBUG] RSL discriminator: 0x0c, message type: 0x12, payload: 0c1201900fffff
2026-06-29 05:43:46,063 [DEBUG] Incomplete frame, buffer size: 0, buffer_hex: 
2026-06-29 05:43:46,095 [DEBUG] Received 13 bytes from BTS
2026-06-29 05:43:46,095 [DEBUG] Decoded IPA frame: proto=0x00, payload_len=10, consumed=13, payload_hex: 0c130188130653211100
2026-06-29 05:43:46,095 [DEBUG] RSL message: 0c130188130653211100
2026-06-29 05:43:46,095 [DEBUG] RSL discriminator: 0x0c, message type: 0x13, payload: 0c130188130653211100
2026-06-29 05:43:46,096 [INFO] BTS 4242/0/0: CHAN_RQD received - RA=6, FN=13911, payload: 0c130188130653211100
2026-06-29 05:43:46,096 [INFO] CHAN_RQD: RA=6 FN=13911 BTS=4242/0/0
2026-06-29 05:43:46,096 [INFO] DEBUG: auto_respond=False
2026-06-29 05:43:46,096 [INFO] Sending CHAN_RQD event to control server: RA=6, FN_enc=21281
2026-06-29 05:43:46,096 [DEBUG] Buffered event CHAN_RQD (total buffered: 25)
2026-06-29 05:43:46,096 [DEBUG] Incomplete frame, buffer size: 0, buffer_hex: 
2026-06-29 05:43:46,245 [DEBUG] Received 10 bytes from BTS
2026-06-29 05:43:46,245 [DEBUG] Decoded IPA frame: proto=0x00, payload_len=7, consumed=10, payload_hex: 0c1201900fffff
2026-06-29 05:43:46,245 [DEBUG] RSL message: 0c1201900fffff
2026-06-29 05:43:46,245 [DEBUG] RSL discriminator: 0x0c, message type: 0x12, payload: 0c1201900fffff
2026-06-29 05:43:46,245 [DEBUG] Incomplete frame, buffer size: 0, buffer_hex: 
2026-06-29 05:43:47,063 [DEBUG] Received 10 bytes from BTS
2026-06-29 05:43:47,063 [DEBUG] Decoded IPA frame: proto=0x00, payload_len=7, consumed=10, payload_hex: 0c1201900fffff
2026-06-29 05:43:47,063 [DEBUG] RSL message: 0c1201900fffff
2026-06-29 05:43:47,063 [DEBUG] RSL discriminator: 0x0c, message type: 0x12, payload: 0c1201900fffff
2026-06-29 05:43:47,063 [DEBUG] Incomplete frame, buffer size: 0, buffer_hex: 
2026-06-29 05:43:47,245 [DEBUG] Received 10 bytes from BTS
2026-06-29 05:43:47,245 [DEBUG] Decoded IPA frame: proto=0x00, payload_len=7, consumed=10, payload_hex: 0c1201900fffff
2026-06-29 05:43:47,245 [DEBUG] RSL message: 0c1201900fffff
2026-06-29 05:43:47,245 [DEBUG] RSL discriminator: 0x0c, message type: 0x12, payload: 0c1201900fffff
2026-06-29 05:43:47,245 [DEBUG] Incomplete frame, buffer size: 0, buffer_hex: 
2026-06-29 05:43:47,271 [DEBUG] Received 13 bytes from BTS
2026-06-29 05:43:47,271 [DEBUG] Decoded IPA frame: proto=0x00, payload_len=10, consumed=13, payload_hex: 0c13018813045b571100
2026-06-29 05:43:47,271 [DEBUG] RSL message: 0c13018813045b571100
2026-06-29 05:43:47,271 [DEBUG] RSL discriminator: 0x0c, message type: 0x13, payload: 0c13018813045b571100
2026-06-29 05:43:47,271 [INFO] BTS 4242/0/0: CHAN_RQD received - RA=4, FN=15285, payload: 0c13018813045b571100
2026-06-29 05:43:47,271 [INFO] CHAN_RQD: RA=4 FN=15285 BTS=4242/0/0
2026-06-29 05:43:47,271 [INFO] DEBUG: auto_respond=False
2026-06-29 05:43:47,271 [INFO] Sending CHAN_RQD event to control server: RA=4, FN_enc=23383
2026-06-29 05:43:47,271 [DEBUG] Buffered event CHAN_RQD (total buffered: 26)
2026-06-29 05:43:47,271 [DEBUG] Incomplete frame, buffer size: 0, buffer_hex: 
2026-06-29 05:43:47,623 [INFO] Control Client connected from ('10.42.0.1', 52732)
2026-06-29 05:43:47,623 [INFO] handle_client: Starting, client socket: 11
2026-06-29 05:43:47,623 [INFO] handle_client: WELCOME sent
2026-06-29 05:43:47,674 [INFO] Replaying 26 buffered event(s)
2026-06-29 05:43:47,674 [WARNING] Failed to replay event 1: [Errno 32] Broken pipe
2026-06-29 05:43:47,674 [WARNING] Failed to replay event 2: [Errno 32] Broken pipe
2026-06-29 05:43:47,674 [WARNING] Failed to replay event 3: [Errno 32] Broken pipe
2026-06-29 05:43:47,674 [WARNING] Failed to replay event 4: [Errno 32] Broken pipe
2026-06-29 05:43:47,674 [WARNING] Failed to replay event 5: [Errno 32] Broken pipe
2026-06-29 05:43:47,674 [WARNING] Failed to replay event 6: [Errno 32] Broken pipe
2026-06-29 05:43:47,674 [WARNING] Failed to replay event 7: [Errno 32] Broken pipe
2026-06-29 05:43:47,674 [WARNING] Failed to replay event 8: [Errno 32] Broken pipe
2026-06-29 05:43:47,674 [WARNING] Failed to replay event 9: [Errno 32] Broken pipe
2026-06-29 05:43:47,674 [WARNING] Failed to replay event 10: [Errno 32] Broken pipe
2026-06-29 05:43:47,674 [WARNING] Failed to replay event 11: [Errno 32] Broken pipe
2026-06-29 05:43:47,674 [WARNING] Failed to replay event 12: [Errno 32] Broken pipe
2026-06-29 05:43:47,674 [WARNING] Failed to replay event 13: [Errno 32] Broken pipe
2026-06-29 05:43:47,674 [WARNING] Failed to replay event 14: [Errno 32] Broken pipe
2026-06-29 05:43:47,674 [WARNING] Failed to replay event 15: [Errno 32] Broken pipe
2026-06-29 05:43:47,674 [WARNING] Failed to replay event 16: [Errno 32] Broken pipe
2026-06-29 05:43:47,674 [WARNING] Failed to replay event 17: [Errno 32] Broken pipe
2026-06-29 05:43:47,674 [WARNING] Failed to replay event 18: [Errno 32] Broken pipe
2026-06-29 05:43:47,674 [WARNING] Failed to replay event 19: [Errno 32] Broken pipe
2026-06-29 05:43:47,674 [WARNING] Failed to replay event 20: [Errno 32] Broken pipe
2026-06-29 05:43:47,674 [WARNING] Failed to replay event 21: [Errno 32] Broken pipe
2026-06-29 05:43:47,674 [WARNING] Failed to replay event 22: [Errno 32] Broken pipe
2026-06-29 05:43:47,674 [WARNING] Failed to replay event 23: [Errno 32] Broken pipe
2026-06-29 05:43:47,674 [WARNING] Failed to replay event 24: [Errno 32] Broken pipe
2026-06-29 05:43:47,674 [WARNING] Failed to replay event 25: [Errno 32] Broken pipe
2026-06-29 05:43:47,674 [WARNING] Failed to replay event 26: [Errno 32] Broken pipe
2026-06-29 05:43:47,674 [INFO] handle_client: Entering receive loop
2026-06-29 05:43:47,674 [INFO] handle_client: Received empty data, client closed connection
2026-06-29 05:43:47,674 [INFO] Control Client disconnected
2026-06-29 05:43:48,064 [DEBUG] Received 10 bytes from BTS
2026-06-29 05:43:48,064 [DEBUG] Decoded IPA frame: proto=0x00, payload_len=7, consumed=10, payload_hex: 0c1201900fffff
2026-06-29 05:43:48,064 [DEBUG] RSL message: 0c1201900fffff
2026-06-29 05:43:48,064 [DEBUG] RSL discriminator: 0x0c, message type: 0x12, payload: 0c1201900fffff
2026-06-29 05:43:48,064 [DEBUG] Incomplete frame, buffer size: 0, buffer_hex: 
2026-06-29 05:43:48,246 [DEBUG] Received 10 bytes from BTS
2026-06-29 05:43:48,246 [DEBUG] Decoded IPA frame: proto=0x00, payload_len=7, consumed=10, payload_hex: 0c1201900fffff
2026-06-29 05:43:48,246 [DEBUG] RSL message: 0c1201900fffff
2026-06-29 05:43:48,246 [DEBUG] RSL discriminator: 0x0c, message type: 0x12, payload: 0c1201900fffff
2026-06-29 05:43:48,246 [DEBUG] Incomplete frame, buffer size: 0, buffer_hex: 
2026-06-29 05:43:48,450 [DEBUG] Received 13 bytes from BTS
2026-06-29 05:43:48,450 [DEBUG] Decoded IPA frame: proto=0x00, payload_len=10, consumed=13, payload_hex: 0c13018813065aad1100
2026-06-29 05:43:48,450 [DEBUG] RSL message: 0c13018813065aad1100
2026-06-29 05:43:48,450 [DEBUG] RSL discriminator: 0x0c, message type: 0x13, payload: 0c13018813065aad1100
2026-06-29 05:43:48,450 [INFO] BTS 4242/0/0: CHAN_RQD received - RA=6, FN=15145, payload: 0c13018813065aad1100
2026-06-29 05:43:48,450 [INFO] CHAN_RQD: RA=6 FN=15145 BTS=4242/0/0
2026-06-29 05:43:48,450 [INFO] DEBUG: auto_respond=False
2026-06-29 05:43:48,450 [INFO] Sending CHAN_RQD event to control server: RA=6, FN_enc=23213
2026-06-29 05:43:48,450 [DEBUG] Buffered event CHAN_RQD (total buffered: 27)
2026-06-29 05:43:48,450 [DEBUG] Incomplete frame, buffer size: 0, buffer_hex: 
2026-06-29 05:43:49,065 [DEBUG] Received 10 bytes from BTS
2026-06-29 05:43:49,065 [DEBUG] Decoded IPA frame: proto=0x00, payload_len=7, consumed=10, payload_hex: 0c1201900fffff
2026-06-29 05:43:49,065 [DEBUG] RSL message: 0c1201900fffff
2026-06-29 05:43:49,065 [DEBUG] RSL discriminator: 0x0c, message type: 0x12, payload: 0c1201900fffff
2026-06-29 05:43:49,065 [DEBUG] Incomplete frame, buffer size: 0, buffer_hex: 
2026-06-29 05:43:49,246 [DEBUG] Received 10 bytes from BTS
2026-06-29 05:43:49,246 [DEBUG] Decoded IPA frame: proto=0x00, payload_len=7, consumed=10, payload_hex: 0c1201900fffff
2026-06-29 05:43:49,246 [DEBUG] RSL message: 0c1201900fffff
2026-06-29 05:43:49,246 [DEBUG] RSL discriminator: 0x0c, message type: 0x12, payload: 0c1201900fffff
2026-06-29 05:43:49,246 [DEBUG] Incomplete frame, buffer size: 0, buffer_hex: 
2026-06-29 05:43:49,625 [DEBUG] Received 13 bytes from BTS
2026-06-29 05:43:49,626 [DEBUG] Decoded IPA frame: proto=0x00, payload_len=10, consumed=13, payload_hex: 0c13018813025b2c1100
2026-06-29 05:43:49,626 [DEBUG] RSL message: 0c13018813025b2c1100
2026-06-29 05:43:49,626 [DEBUG] RSL discriminator: 0x0c, message type: 0x13, payload: 0c13018813025b2c1100
2026-06-29 05:43:49,626 [INFO] BTS 4242/0/0: CHAN_RQD received - RA=2, FN=15248, payload: 0c13018813025b2c1100
2026-06-29 05:43:49,626 [INFO] CHAN_RQD: RA=2 FN=15248 BTS=4242/0/0
2026-06-29 05:43:49,626 [INFO] DEBUG: auto_respond=False
2026-06-29 05:43:49,626 [INFO] Sending CHAN_RQD event to control server: RA=2, FN_enc=23340
2026-06-29 05:43:49,626 [DEBUG] Buffered event CHAN_RQD (total buffered: 28)
2026-06-29 05:43:49,626 [DEBUG] Incomplete frame, buffer size: 0, buffer_hex: 
2026-06-29 05:43:50,066 [DEBUG] Received 10 bytes from BTS
2026-06-29 05:43:50,066 [DEBUG] Decoded IPA frame: proto=0x00, payload_len=7, consumed=10, payload_hex: 0c1201900fffff
2026-06-29 05:43:50,066 [DEBUG] RSL message: 0c1201900fffff
2026-06-29 05:43:50,066 [DEBUG] RSL discriminator: 0x0c, message type: 0x12, payload: 0c1201900fffff
2026-06-29 05:43:50,066 [DEBUG] Incomplete frame, buffer size: 0, buffer_hex: 
2026-06-29 05:43:50,246 [DEBUG] Received 10 bytes from BTS
2026-06-29 05:43:50,247 [DEBUG] Decoded IPA frame: proto=0x00, payload_len=7, consumed=10, payload_hex: 0c1201900fffff
2026-06-29 05:43:50,247 [DEBUG] RSL message: 0c1201900fffff
2026-06-29 05:43:50,247 [DEBUG] RSL discriminator: 0x0c, message type: 0x12, payload: 0c1201900fffff
2026-06-29 05:43:50,247 [DEBUG] Incomplete frame, buffer size: 0, buffer_hex: 
2026-06-29 05:43:50,623 [INFO] Control Client connected from ('10.42.0.1', 52740)
2026-06-29 05:43:50,624 [INFO] handle_client: Starting, client socket: 6
2026-06-29 05:43:50,624 [INFO] handle_client: WELCOME sent
2026-06-29 05:43:50,674 [INFO] Replaying 28 buffered event(s)
2026-06-29 05:43:50,674 [WARNING] Failed to replay event 1: [Errno 32] Broken pipe
2026-06-29 05:43:50,674 [WARNING] Failed to replay event 2: [Errno 32] Broken pipe
2026-06-29 05:43:50,674 [WARNING] Failed to replay event 3: [Errno 32] Broken pipe
2026-06-29 05:43:50,674 [WARNING] Failed to replay event 4: [Errno 32] Broken pipe
2026-06-29 05:43:50,675 [WARNING] Failed to replay event 5: [Errno 32] Broken pipe
2026-06-29 05:43:50,675 [WARNING] Failed to replay event 6: [Errno 32] Broken pipe
2026-06-29 05:43:50,675 [WARNING] Failed to replay event 7: [Errno 32] Broken pipe
2026-06-29 05:43:50,675 [WARNING] Failed to replay event 8: [Errno 32] Broken pipe
2026-06-29 05:43:50,675 [WARNING] Failed to replay event 9: [Errno 32] Broken pipe
2026-06-29 05:43:50,675 [WARNING] Failed to replay event 10: [Errno 32] Broken pipe
2026-06-29 05:43:50,675 [WARNING] Failed to replay event 11: [Errno 32] Broken pipe
2026-06-29 05:43:50,675 [WARNING] Failed to replay event 12: [Errno 32] Broken pipe
2026-06-29 05:43:50,675 [WARNING] Failed to replay event 13: [Errno 32] Broken pipe
2026-06-29 05:43:50,675 [WARNING] Failed to replay event 14: [Errno 32] Broken pipe
2026-06-29 05:43:50,675 [WARNING] Failed to replay event 15: [Errno 32] Broken pipe
2026-06-29 05:43:50,675 [WARNING] Failed to replay event 16: [Errno 32] Broken pipe
2026-06-29 05:43:50,675 [WARNING] Failed to replay event 17: [Errno 32] Broken pipe
2026-06-29 05:43:50,675 [WARNING] Failed to replay event 18: [Errno 32] Broken pipe
2026-06-29 05:43:50,675 [WARNING] Failed to replay event 19: [Errno 32] Broken pipe
2026-06-29 05:43:50,675 [WARNING] Failed to replay event 20: [Errno 32] Broken pipe
2026-06-29 05:43:50,675 [WARNING] Failed to replay event 21: [Errno 32] Broken pipe
2026-06-29 05:43:50,675 [WARNING] Failed to replay event 22: [Errno 32] Broken pipe
2026-06-29 05:43:50,675 [WARNING] Failed to replay event 23: [Errno 32] Broken pipe
2026-06-29 05:43:50,675 [WARNING] Failed to replay event 24: [Errno 32] Broken pipe
2026-06-29 05:43:50,675 [WARNING] Failed to replay event 25: [Errno 32] Broken pipe
2026-06-29 05:43:50,675 [WARNING] Failed to replay event 26: [Errno 32] Broken pipe
2026-06-29 05:43:50,675 [WARNING] Failed to replay event 27: [Errno 32] Broken pipe
2026-06-29 05:43:50,675 [WARNING] Failed to replay event 28: [Errno 32] Broken pipe
2026-06-29 05:43:50,675 [INFO] handle_client: Entering receive loop
2026-06-29 05:43:50,675 [INFO] handle_client: Received empty data, client closed connection
2026-06-29 05:43:50,675 [INFO] Control Client disconnected
2026-06-29 05:43:51,066 [DEBUG] Received 10 bytes from BTS
2026-06-29 05:43:51,066 [DEBUG] Decoded IPA frame: proto=0x00, payload_len=7, consumed=10, payload_hex: 0c1201900fffff
2026-06-29 05:43:51,066 [DEBUG] RSL message: 0c1201900fffff
2026-06-29 05:43:51,066 [DEBUG] RSL discriminator: 0x0c, message type: 0x12, payload: 0c1201900fffff
2026-06-29 05:43:51,066 [DEBUG] Incomplete frame, buffer size: 0, buffer_hex: 
2026-06-29 05:43:51,247 [DEBUG] Received 10 bytes from BTS
2026-06-29 05:43:51,247 [DEBUG] Decoded IPA frame: proto=0x00, payload_len=7, consumed=10, payload_hex: 0c1201900fffff
2026-06-29 05:43:51,247 [DEBUG] RSL message: 0c1201900fffff
2026-06-29 05:43:51,247 [DEBUG] RSL discriminator: 0x0c, message type: 0x12, payload: 0c1201900fffff
2026-06-29 05:43:51,248 [DEBUG] Incomplete frame, buffer size: 0, buffer_hex: 
2026-06-29 05:43:52,066 [DEBUG] Received 10 bytes from BTS
2026-06-29 05:43:52,066 [DEBUG] Decoded IPA frame: proto=0x00, payload_len=7, consumed=10, payload_hex: 0c1201900fffff
2026-06-29 05:43:52,066 [DEBUG] RSL message: 0c1201900fffff
2026-06-29 05:43:52,066 [DEBUG] RSL discriminator: 0x0c, message type: 0x12, payload: 0c1201900fffff
2026-06-29 05:43:52,066 [DEBUG] Incomplete frame, buffer size: 0, buffer_hex: 
2026-06-29 05:43:52,248 [DEBUG] Received 10 bytes from BTS
2026-06-29 05:43:52,248 [DEBUG] Decoded IPA frame: proto=0x00, payload_len=7, consumed=10, payload_hex: 0c1201900fffff
2026-06-29 05:43:52,248 [DEBUG] RSL message: 0c1201900fffff
2026-06-29 05:43:52,248 [DEBUG] RSL discriminator: 0x0c, message type: 0x12, payload: 0c1201900fffff
2026-06-29 05:43:52,248 [DEBUG] Incomplete frame, buffer size: 0, buffer_hex: 
2026-06-29 05:43:52,936 [INFO] Control Client connected from ('10.42.0.1', 59494)
2026-06-29 05:43:52,936 [INFO] handle_client: Starting, client socket: 11
2026-06-29 05:43:52,937 [INFO] handle_client: WELCOME sent
2026-06-29 05:43:52,987 [INFO] Replaying 28 buffered event(s)
2026-06-29 05:43:52,987 [WARNING] Failed to replay event 1: [Errno 32] Broken pipe
2026-06-29 05:43:52,987 [WARNING] Failed to replay event 2: [Errno 32] Broken pipe
2026-06-29 05:43:52,987 [WARNING] Failed to replay event 3: [Errno 32] Broken pipe
2026-06-29 05:43:52,987 [WARNING] Failed to replay event 4: [Errno 32] Broken pipe
2026-06-29 05:43:52,987 [WARNING] Failed to replay event 5: [Errno 32] Broken pipe
2026-06-29 05:43:52,987 [WARNING] Failed to replay event 6: [Errno 32] Broken pipe
2026-06-29 05:43:52,987 [WARNING] Failed to replay event 7: [Errno 32] Broken pipe
2026-06-29 05:43:52,987 [WARNING] Failed to replay event 8: [Errno 32] Broken pipe
2026-06-29 05:43:52,987 [WARNING] Failed to replay event 9: [Errno 32] Broken pipe
2026-06-29 05:43:52,987 [WARNING] Failed to replay event 10: [Errno 32] Broken pipe
2026-06-29 05:43:52,987 [WARNING] Failed to replay event 11: [Errno 32] Broken pipe
2026-06-29 05:43:52,987 [WARNING] Failed to replay event 12: [Errno 32] Broken pipe
2026-06-29 05:43:52,987 [WARNING] Failed to replay event 13: [Errno 32] Broken pipe
2026-06-29 05:43:52,987 [WARNING] Failed to replay event 14: [Errno 32] Broken pipe
2026-06-29 05:43:52,987 [WARNING] Failed to replay event 15: [Errno 32] Broken pipe
2026-06-29 05:43:52,987 [WARNING] Failed to replay event 16: [Errno 32] Broken pipe
2026-06-29 05:43:52,987 [WARNING] Failed to replay event 17: [Errno 32] Broken pipe
2026-06-29 05:43:52,987 [WARNING] Failed to replay event 18: [Errno 32] Broken pipe
2026-06-29 05:43:52,987 [WARNING] Failed to replay event 19: [Errno 32] Broken pipe
2026-06-29 05:43:52,987 [WARNING] Failed to replay event 20: [Errno 32] Broken pipe
2026-06-29 05:43:52,987 [WARNING] Failed to replay event 21: [Errno 32] Broken pipe
2026-06-29 05:43:52,987 [WARNING] Failed to replay event 22: [Errno 32] Broken pipe
2026-06-29 05:43:52,987 [WARNING] Failed to replay event 23: [Errno 32] Broken pipe
2026-06-29 05:43:52,987 [WARNING] Failed to replay event 24: [Errno 32] Broken pipe
2026-06-29 05:43:52,987 [WARNING] Failed to replay event 25: [Errno 32] Broken pipe
2026-06-29 05:43:52,987 [WARNING] Failed to replay event 26: [Errno 32] Broken pipe
2026-06-29 05:43:52,988 [WARNING] Failed to replay event 27: [Errno 32] Broken pipe
2026-06-29 05:43:52,988 [WARNING] Failed to replay event 28: [Errno 32] Broken pipe
2026-06-29 05:43:52,988 [INFO] handle_client: Entering receive loop
2026-06-29 05:43:52,988 [INFO] handle_client: Received empty data, client closed connection
2026-06-29 05:43:52,988 [INFO] Control Client disconnected
2026-06-29 05:43:53,067 [DEBUG] Received 10 bytes from BTS
2026-06-29 05:43:53,067 [DEBUG] Decoded IPA frame: proto=0x00, payload_len=7, consumed=10, payload_hex: 0c1201900fffff
2026-06-29 05:43:53,067 [DEBUG] RSL message: 0c1201900fffff
2026-06-29 05:43:53,067 [DEBUG] RSL discriminator: 0x0c, message type: 0x12, payload: 0c1201900fffff
2026-06-29 05:43:53,067 [DEBUG] Incomplete frame, buffer size: 0, buffer_hex: 
2026-06-29 05:43:53,248 [DEBUG] Received 10 bytes from BTS
2026-06-29 05:43:53,248 [DEBUG] Decoded IPA frame: proto=0x00, payload_len=7, consumed=10, payload_hex: 0c1201900fffff
2026-06-29 05:43:53,248 [DEBUG] RSL message: 0c1201900fffff
2026-06-29 05:43:53,248 [DEBUG] RSL discriminator: 0x0c, message type: 0x12, payload: 0c1201900fffff
2026-06-29 05:43:53,249 [DEBUG] Incomplete frame, buffer size: 0, buffer_hex: 
2026-06-29 05:43:53,623 [INFO] Control Client connected from ('10.42.0.1', 59504)
2026-06-29 05:43:53,624 [INFO] handle_client: Starting, client socket: 6
2026-06-29 05:43:53,624 [INFO] handle_client: WELCOME sent
2026-06-29 05:43:53,674 [INFO] Replaying 28 buffered event(s)
2026-06-29 05:43:53,674 [WARNING] Failed to replay event 1: [Errno 32] Broken pipe
2026-06-29 05:43:53,674 [WARNING] Failed to replay event 2: [Errno 32] Broken pipe
2026-06-29 05:43:53,675 [WARNING] Failed to replay event 3: [Errno 32] Broken pipe
2026-06-29 05:43:53,675 [WARNING] Failed to replay event 4: [Errno 32] Broken pipe
2026-06-29 05:43:53,675 [WARNING] Failed to replay event 5: [Errno 32] Broken pipe
2026-06-29 05:43:53,675 [WARNING] Failed to replay event 6: [Errno 32] Broken pipe
2026-06-29 05:43:53,675 [WARNING] Failed to replay event 7: [Errno 32] Broken pipe
2026-06-29 05:43:53,675 [WARNING] Failed to replay event 8: [Errno 32] Broken pipe
2026-06-29 05:43:53,675 [WARNING] Failed to replay event 9: [Errno 32] Broken pipe
2026-06-29 05:43:53,675 [WARNING] Failed to replay event 10: [Errno 32] Broken pipe
2026-06-29 05:43:53,675 [WARNING] Failed to replay event 11: [Errno 32] Broken pipe
2026-06-29 05:43:53,675 [WARNING] Failed to replay event 12: [Errno 32] Broken pipe
2026-06-29 05:43:53,675 [WARNING] Failed to replay event 13: [Errno 32] Broken pipe
2026-06-29 05:43:53,675 [WARNING] Failed to replay event 14: [Errno 32] Broken pipe
2026-06-29 05:43:53,675 [WARNING] Failed to replay event 15: [Errno 32] Broken pipe
2026-06-29 05:43:53,675 [WARNING] Failed to replay event 16: [Errno 32] Broken pipe
2026-06-29 05:43:53,675 [WARNING] Failed to replay event 17: [Errno 32] Broken pipe
2026-06-29 05:43:53,675 [WARNING] Failed to replay event 18: [Errno 32] Broken pipe
2026-06-29 05:43:53,675 [WARNING] Failed to replay event 19: [Errno 32] Broken pipe
2026-06-29 05:43:53,675 [WARNING] Failed to replay event 20: [Errno 32] Broken pipe
2026-06-29 05:43:53,675 [WARNING] Failed to replay event 21: [Errno 32] Broken pipe
2026-06-29 05:43:53,675 [WARNING] Failed to replay event 22: [Errno 32] Broken pipe
2026-06-29 05:43:53,675 [WARNING] Failed to replay event 23: [Errno 32] Broken pipe
2026-06-29 05:43:53,675 [WARNING] Failed to replay event 24: [Errno 32] Broken pipe
2026-06-29 05:43:53,675 [WARNING] Failed to replay event 25: [Errno 32] Broken pipe
2026-06-29 05:43:53,676 [WARNING] Failed to replay event 26: [Errno 32] Broken pipe
2026-06-29 05:43:53,676 [WARNING] Failed to replay event 27: [Errno 32] Broken pipe
2026-06-29 05:43:53,676 [WARNING] Failed to replay event 28: [Errno 32] Broken pipe
2026-06-29 05:43:53,676 [INFO] handle_client: Entering receive loop
2026-06-29 05:43:53,676 [INFO] handle_client: Received empty data, client closed connection
2026-06-29 05:43:53,676 [INFO] Control Client disconnected
2026-06-29 05:43:54,067 [DEBUG] Received 10 bytes from BTS
2026-06-29 05:43:54,067 [DEBUG] Decoded IPA frame: proto=0x00, payload_len=7, consumed=10, payload_hex: 0c1201900fffff
2026-06-29 05:43:54,067 [DEBUG] RSL message: 0c1201900fffff
2026-06-29 05:43:54,067 [DEBUG] RSL discriminator: 0x0c, message type: 0x12, payload: 0c1201900fffff
2026-06-29 05:43:54,067 [DEBUG] Incomplete frame, buffer size: 0, buffer_hex: 
2026-06-29 05:43:54,249 [DEBUG] Received 10 bytes from BTS
2026-06-29 05:43:54,249 [DEBUG] Decoded IPA frame: proto=0x00, payload_len=7, consumed=10, payload_hex: 0c1201900fffff
2026-06-29 05:43:54,249 [DEBUG] RSL message: 0c1201900fffff
2026-06-29 05:43:54,249 [DEBUG] RSL discriminator: 0x0c, message type: 0x12, payload: 0c1201900fffff
2026-06-29 05:43:54,249 [DEBUG] Incomplete frame, buffer size: 0, buffer_hex: 
2026-06-29 05:43:55,067 [DEBUG] Received 10 bytes from BTS
2026-06-29 05:43:55,068 [DEBUG] Decoded IPA frame: proto=0x00, payload_len=7, consumed=10, payload_hex: 0c1201900fffff
2026-06-29 05:43:55,068 [DEBUG] RSL message: 0c1201900fffff
2026-06-29 05:43:55,068 [DEBUG] RSL discriminator: 0x0c, message type: 0x12, payload: 0c1201900fffff
2026-06-29 05:43:55,068 [DEBUG] Incomplete frame, buffer size: 0, buffer_hex: 
2026-06-29 05:43:55,249 [DEBUG] Received 10 bytes from BTS
2026-06-29 05:43:55,249 [DEBUG] Decoded IPA frame: proto=0x00, payload_len=7, consumed=10, payload_hex: 0c1201900fffff
2026-06-29 05:43:55,249 [DEBUG] RSL message: 0c1201900fffff
2026-06-29 05:43:55,250 [DEBUG] RSL discriminator: 0x0c, message type: 0x12, payload: 0c1201900fffff
2026-06-29 05:43:55,250 [DEBUG] Incomplete frame, buffer size: 0, buffer_hex: 
2026-06-29 05:43:56,068 [DEBUG] Received 10 bytes from BTS
2026-06-29 05:43:56,068 [DEBUG] Decoded IPA frame: proto=0x00, payload_len=7, consumed=10, payload_hex: 0c1201900fffff
2026-06-29 05:43:56,068 [DEBUG] RSL message: 0c1201900fffff
2026-06-29 05:43:56,068 [DEBUG] RSL discriminator: 0x0c, message type: 0x12, payload: 0c1201900fffff
2026-06-29 05:43:56,068 [DEBUG] Incomplete frame, buffer size: 0, buffer_hex: 
2026-06-29 05:43:56,250 [DEBUG] Received 10 bytes from BTS
2026-06-29 05:43:56,250 [DEBUG] Decoded IPA frame: proto=0x00, payload_len=7, consumed=10, payload_hex: 0c1201900fffff
2026-06-29 05:43:56,250 [DEBUG] RSL message: 0c1201900fffff
2026-06-29 05:43:56,250 [DEBUG] RSL discriminator: 0x0c, message type: 0x12, payload: 0c1201900fffff
2026-06-29 05:43:56,250 [DEBUG] Incomplete frame, buffer size: 0, buffer_hex: 
2026-06-29 05:43:56,623 [INFO] Control Client connected from ('10.42.0.1', 59508)
2026-06-29 05:43:56,623 [INFO] handle_client: Starting, client socket: 11
2026-06-29 05:43:56,624 [INFO] handle_client: WELCOME sent
2026-06-29 05:43:56,674 [INFO] Replaying 28 buffered event(s)
2026-06-29 05:43:56,674 [WARNING] Failed to replay event 1: [Errno 32] Broken pipe
2026-06-29 05:43:56,674 [WARNING] Failed to replay event 2: [Errno 32] Broken pipe
2026-06-29 05:43:56,674 [WARNING] Failed to replay event 3: [Errno 32] Broken pipe
2026-06-29 05:43:56,674 [WARNING] Failed to replay event 4: [Errno 32] Broken pipe
2026-06-29 05:43:56,674 [WARNING] Failed to replay event 5: [Errno 32] Broken pipe
2026-06-29 05:43:56,674 [WARNING] Failed to replay event 6: [Errno 32] Broken pipe
2026-06-29 05:43:56,674 [WARNING] Failed to replay event 7: [Errno 32] Broken pipe
2026-06-29 05:43:56,674 [WARNING] Failed to replay event 8: [Errno 32] Broken pipe
2026-06-29 05:43:56,674 [WARNING] Failed to replay event 9: [Errno 32] Broken pipe
2026-06-29 05:43:56,674 [WARNING] Failed to replay event 10: [Errno 32] Broken pipe
2026-06-29 05:43:56,674 [WARNING] Failed to replay event 11: [Errno 32] Broken pipe
2026-06-29 05:43:56,674 [WARNING] Failed to replay event 12: [Errno 32] Broken pipe
2026-06-29 05:43:56,674 [WARNING] Failed to replay event 13: [Errno 32] Broken pipe
2026-06-29 05:43:56,674 [WARNING] Failed to replay event 14: [Errno 32] Broken pipe
2026-06-29 05:43:56,674 [WARNING] Failed to replay event 15: [Errno 32] Broken pipe
2026-06-29 05:43:56,674 [WARNING] Failed to replay event 16: [Errno 32] Broken pipe
2026-06-29 05:43:56,674 [WARNING] Failed to replay event 17: [Errno 32] Broken pipe
2026-06-29 05:43:56,674 [WARNING] Failed to replay event 18: [Errno 32] Broken pipe
2026-06-29 05:43:56,674 [WARNING] Failed to replay event 19: [Errno 32] Broken pipe
2026-06-29 05:43:56,674 [WARNING] Failed to replay event 20: [Errno 32] Broken pipe
2026-06-29 05:43:56,674 [WARNING] Failed to replay event 21: [Errno 32] Broken pipe
2026-06-29 05:43:56,674 [WARNING] Failed to replay event 22: [Errno 32] Broken pipe
2026-06-29 05:43:56,674 [WARNING] Failed to replay event 23: [Errno 32] Broken pipe
2026-06-29 05:43:56,674 [WARNING] Failed to replay event 24: [Errno 32] Broken pipe
2026-06-29 05:43:56,674 [WARNING] Failed to replay event 25: [Errno 32] Broken pipe
2026-06-29 05:43:56,674 [WARNING] Failed to replay event 26: [Errno 32] Broken pipe
2026-06-29 05:43:56,675 [WARNING] Failed to replay event 27: [Errno 32] Broken pipe
2026-06-29 05:43:56,675 [WARNING] Failed to replay event 28: [Errno 32] Broken pipe
2026-06-29 05:43:56,675 [INFO] handle_client: Entering receive loop
2026-06-29 05:43:56,675 [INFO] handle_client: Received empty data, client closed connection
2026-06-29 05:43:56,675 [INFO] Control Client disconnected
2026-06-29 05:43:57,069 [DEBUG] Received 10 bytes from BTS
2026-06-29 05:43:57,069 [DEBUG] Decoded IPA frame: proto=0x00, payload_len=7, consumed=10, payload_hex: 0c1201900fffff
2026-06-29 05:43:57,069 [DEBUG] RSL message: 0c1201900fffff
2026-06-29 05:43:57,069 [DEBUG] RSL discriminator: 0x0c, message type: 0x12, payload: 0c1201900fffff
2026-06-29 05:43:57,069 [DEBUG] Incomplete frame, buffer size: 0, buffer_hex: 
2026-06-29 05:43:57,251 [DEBUG] Received 10 bytes from BTS
2026-06-29 05:43:57,251 [DEBUG] Decoded IPA frame: proto=0x00, payload_len=7, consumed=10, payload_hex: 0c1201900fffff
2026-06-29 05:43:57,251 [DEBUG] RSL message: 0c1201900fffff
2026-06-29 05:43:57,251 [DEBUG] RSL discriminator: 0x0c, message type: 0x12, payload: 0c1201900fffff
2026-06-29 05:43:57,251 [DEBUG] Incomplete frame, buffer size: 0, buffer_hex: 
2026-06-29 05:43:58,069 [DEBUG] Received 10 bytes from BTS
2026-06-29 05:43:58,069 [DEBUG] Decoded IPA frame: proto=0x00, payload_len=7, consumed=10, payload_hex: 0c1201900fffff
2026-06-29 05:43:58,069 [DEBUG] RSL message: 0c1201900fffff
2026-06-29 05:43:58,069 [DEBUG] RSL discriminator: 0x0c, message type: 0x12, payload: 0c1201900fffff
2026-06-29 05:43:58,069 [DEBUG] Incomplete frame, buffer size: 0, buffer_hex: 
2026-06-29 05:43:58,251 [DEBUG] Received 10 bytes from BTS
2026-06-29 05:43:58,251 [DEBUG] Decoded IPA frame: proto=0x00, payload_len=7, consumed=10, payload_hex: 0c1201900fffff
2026-06-29 05:43:58,251 [DEBUG] RSL message: 0c1201900fffff
2026-06-29 05:43:58,252 [DEBUG] RSL discriminator: 0x0c, message type: 0x12, payload: 0c1201900fffff
2026-06-29 05:43:58,252 [DEBUG] Incomplete frame, buffer size: 0, buffer_hex: 
2026-06-29 05:43:59,069 [DEBUG] Received 10 bytes from BTS
2026-06-29 05:43:59,070 [DEBUG] Decoded IPA frame: proto=0x00, payload_len=7, consumed=10, payload_hex: 0c1201900fffff
2026-06-29 05:43:59,070 [DEBUG] RSL message: 0c1201900fffff
2026-06-29 05:43:59,070 [DEBUG] RSL discriminator: 0x0c, message type: 0x12, payload: 0c1201900fffff
2026-06-29 05:43:59,070 [DEBUG] Incomplete frame, buffer size: 0, buffer_hex: 
2026-06-29 05:43:59,252 [DEBUG] Received 10 bytes from BTS
2026-06-29 05:43:59,252 [DEBUG] Decoded IPA frame: proto=0x00, payload_len=7, consumed=10, payload_hex: 0c1201900fffff
2026-06-29 05:43:59,252 [DEBUG] RSL message: 0c1201900fffff
2026-06-29 05:43:59,252 [DEBUG] RSL discriminator: 0x0c, message type: 0x12, payload: 0c1201900fffff
2026-06-29 05:43:59,252 [DEBUG] Incomplete frame, buffer size: 0, buffer_hex: 
2026-06-29 05:43:59,623 [INFO] Control Client connected from ('10.42.0.1', 59512)
2026-06-29 05:43:59,623 [INFO] handle_client: Starting, client socket: 6
2026-06-29 05:43:59,624 [INFO] handle_client: WELCOME sent
2026-06-29 05:43:59,674 [INFO] Replaying 28 buffered event(s)
2026-06-29 05:43:59,674 [WARNING] Failed to replay event 1: [Errno 32] Broken pipe
2026-06-29 05:43:59,674 [WARNING] Failed to replay event 2: [Errno 32] Broken pipe
2026-06-29 05:43:59,674 [WARNING] Failed to replay event 3: [Errno 32] Broken pipe
2026-06-29 05:43:59,674 [WARNING] Failed to replay event 4: [Errno 32] Broken pipe
2026-06-29 05:43:59,674 [WARNING] Failed to replay event 5: [Errno 32] Broken pipe
2026-06-29 05:43:59,674 [WARNING] Failed to replay event 6: [Errno 32] Broken pipe
2026-06-29 05:43:59,674 [WARNING] Failed to replay event 7: [Errno 32] Broken pipe
2026-06-29 05:43:59,674 [WARNING] Failed to replay event 8: [Errno 32] Broken pipe
2026-06-29 05:43:59,674 [WARNING] Failed to replay event 9: [Errno 32] Broken pipe
2026-06-29 05:43:59,674 [WARNING] Failed to replay event 10: [Errno 32] Broken pipe
2026-06-29 05:43:59,674 [WARNING] Failed to replay event 11: [Errno 32] Broken pipe
2026-06-29 05:43:59,674 [WARNING] Failed to replay event 12: [Errno 32] Broken pipe
2026-06-29 05:43:59,674 [WARNING] Failed to replay event 13: [Errno 32] Broken pipe
2026-06-29 05:43:59,675 [WARNING] Failed to replay event 14: [Errno 32] Broken pipe
2026-06-29 05:43:59,675 [WARNING] Failed to replay event 15: [Errno 32] Broken pipe
2026-06-29 05:43:59,675 [WARNING] Failed to replay event 16: [Errno 32] Broken pipe
2026-06-29 05:43:59,675 [WARNING] Failed to replay event 17: [Errno 32] Broken pipe
2026-06-29 05:43:59,675 [WARNING] Failed to replay event 18: [Errno 32] Broken pipe
2026-06-29 05:43:59,675 [WARNING] Failed to replay event 19: [Errno 32] Broken pipe
2026-06-29 05:43:59,675 [WARNING] Failed to replay event 20: [Errno 32] Broken pipe
2026-06-29 05:43:59,675 [WARNING] Failed to replay event 21: [Errno 32] Broken pipe
2026-06-29 05:43:59,675 [WARNING] Failed to replay event 22: [Errno 32] Broken pipe
2026-06-29 05:43:59,675 [WARNING] Failed to replay event 23: [Errno 32] Broken pipe
2026-06-29 05:43:59,675 [WARNING] Failed to replay event 24: [Errno 32] Broken pipe
2026-06-29 05:43:59,675 [WARNING] Failed to replay event 25: [Errno 32] Broken pipe
2026-06-29 05:43:59,675 [WARNING] Failed to replay event 26: [Errno 32] Broken pipe
2026-06-29 05:43:59,675 [WARNING] Failed to replay event 27: [Errno 32] Broken pipe
2026-06-29 05:43:59,675 [WARNING] Failed to replay event 28: [Errno 32] Broken pipe
2026-06-29 05:43:59,675 [INFO] handle_client: Entering receive loop
2026-06-29 05:43:59,675 [INFO] handle_client: Received empty data, client closed connection
2026-06-29 05:43:59,675 [INFO] Control Client disconnected
2026-06-29 05:44:00,070 [DEBUG] Received 10 bytes from BTS
2026-06-29 05:44:00,070 [DEBUG] Decoded IPA frame: proto=0x00, payload_len=7, consumed=10, payload_hex: 0c1201900fffff
2026-06-29 05:44:00,070 [DEBUG] RSL message: 0c1201900fffff
2026-06-29 05:44:00,070 [DEBUG] RSL discriminator: 0x0c, message type: 0x12, payload: 0c1201900fffff
2026-06-29 05:44:00,070 [DEBUG] Incomplete frame, buffer size: 0, buffer_hex: 
2026-06-29 05:44:00,253 [DEBUG] Received 10 bytes from BTS
2026-06-29 05:44:00,253 [DEBUG] Decoded IPA frame: proto=0x00, payload_len=7, consumed=10, payload_hex: 0c1201900fffff
2026-06-29 05:44:00,253 [DEBUG] RSL message: 0c1201900fffff
2026-06-29 05:44:00,254 [DEBUG] RSL discriminator: 0x0c, message type: 0x12, payload: 0c1201900fffff
2026-06-29 05:44:00,254 [DEBUG] Incomplete frame, buffer size: 0, buffer_hex: 
2026-06-29 05:44:01,070 [DEBUG] Received 10 bytes from BTS
2026-06-29 05:44:01,070 [DEBUG] Decoded IPA frame: proto=0x00, payload_len=7, consumed=10, payload_hex: 0c1201900fffff
2026-06-29 05:44:01,070 [DEBUG] RSL message: 0c1201900fffff
2026-06-29 05:44:01,070 [DEBUG] RSL discriminator: 0x0c, message type: 0x12, payload: 0c1201900fffff
2026-06-29 05:44:01,070 [DEBUG] Incomplete frame, buffer size: 0, buffer_hex: 
2026-06-29 05:44:01,253 [DEBUG] Received 10 bytes from BTS
2026-06-29 05:44:01,254 [DEBUG] Decoded IPA frame: proto=0x00, payload_len=7, consumed=10, payload_hex: 0c1201900fffff
2026-06-29 05:44:01,254 [DEBUG] RSL message: 0c1201900fffff
2026-06-29 05:44:01,254 [DEBUG] RSL discriminator: 0x0c, message type: 0x12, payload: 0c1201900fffff
2026-06-29 05:44:01,254 [DEBUG] Incomplete frame, buffer size: 0, buffer_hex: 
2026-06-29 05:44:02,071 [DEBUG] Received 10 bytes from BTS
2026-06-29 05:44:02,071 [DEBUG] Decoded IPA frame: proto=0x00, payload_len=7, consumed=10, payload_hex: 0c1201900fffff
2026-06-29 05:44:02,071 [DEBUG] RSL message: 0c1201900fffff
2026-06-29 05:44:02,071 [DEBUG] RSL discriminator: 0x0c, message type: 0x12, payload: 0c1201900fffff
2026-06-29 05:44:02,071 [DEBUG] Incomplete frame, buffer size: 0, buffer_hex: 
2026-06-29 05:44:02,254 [DEBUG] Received 10 bytes from BTS
2026-06-29 05:44:02,255 [DEBUG] Decoded IPA frame: proto=0x00, payload_len=7, consumed=10, payload_hex: 0c1201900fffff
2026-06-29 05:44:02,255 [DEBUG] RSL message: 0c1201900fffff
2026-06-29 05:44:02,255 [DEBUG] RSL discriminator: 0x0c, message type: 0x12, payload: 0c1201900fffff
2026-06-29 05:44:02,255 [DEBUG] Incomplete frame, buffer size: 0, buffer_hex: 
2026-06-29 05:44:02,623 [INFO] Control Client connected from ('10.42.0.1', 36708)
2026-06-29 05:44:02,624 [INFO] handle_client: Starting, client socket: 11
2026-06-29 05:44:02,624 [INFO] handle_client: WELCOME sent
2026-06-29 05:44:02,674 [INFO] Replaying 28 buffered event(s)
2026-06-29 05:44:02,674 [WARNING] Failed to replay event 1: [Errno 32] Broken pipe
2026-06-29 05:44:02,674 [WARNING] Failed to replay event 2: [Errno 32] Broken pipe
2026-06-29 05:44:02,674 [WARNING] Failed to replay event 3: [Errno 32] Broken pipe
2026-06-29 05:44:02,675 [WARNING] Failed to replay event 4: [Errno 32] Broken pipe
2026-06-29 05:44:02,675 [WARNING] Failed to replay event 5: [Errno 32] Broken pipe
2026-06-29 05:44:02,675 [WARNING] Failed to replay event 6: [Errno 32] Broken pipe
2026-06-29 05:44:02,675 [WARNING] Failed to replay event 7: [Errno 32] Broken pipe
2026-06-29 05:44:02,675 [WARNING] Failed to replay event 8: [Errno 32] Broken pipe
2026-06-29 05:44:02,675 [WARNING] Failed to replay event 9: [Errno 32] Broken pipe
2026-06-29 05:44:02,675 [WARNING] Failed to replay event 10: [Errno 32] Broken pipe
2026-06-29 05:44:02,675 [WARNING] Failed to replay event 11: [Errno 32] Broken pipe
2026-06-29 05:44:02,675 [WARNING] Failed to replay event 12: [Errno 32] Broken pipe
2026-06-29 05:44:02,675 [WARNING] Failed to replay event 13: [Errno 32] Broken pipe
2026-06-29 05:44:02,675 [WARNING] Failed to replay event 14: [Errno 32] Broken pipe
2026-06-29 05:44:02,675 [WARNING] Failed to replay event 15: [Errno 32] Broken pipe
2026-06-29 05:44:02,675 [WARNING] Failed to replay event 16: [Errno 32] Broken pipe
2026-06-29 05:44:02,675 [WARNING] Failed to replay event 17: [Errno 32] Broken pipe
2026-06-29 05:44:02,675 [WARNING] Failed to replay event 18: [Errno 32] Broken pipe
2026-06-29 05:44:02,675 [WARNING] Failed to replay event 19: [Errno 32] Broken pipe
2026-06-29 05:44:02,675 [WARNING] Failed to replay event 20: [Errno 32] Broken pipe
2026-06-29 05:44:02,675 [WARNING] Failed to replay event 21: [Errno 32] Broken pipe
2026-06-29 05:44:02,675 [WARNING] Failed to replay event 22: [Errno 32] Broken pipe
2026-06-29 05:44:02,675 [WARNING] Failed to replay event 23: [Errno 32] Broken pipe
2026-06-29 05:44:02,675 [WARNING] Failed to replay event 24: [Errno 32] Broken pipe
2026-06-29 05:44:02,675 [WARNING] Failed to replay event 25: [Errno 32] Broken pipe
2026-06-29 05:44:02,675 [WARNING] Failed to replay event 26: [Errno 32] Broken pipe
2026-06-29 05:44:02,675 [WARNING] Failed to replay event 27: [Errno 32] Broken pipe
2026-06-29 05:44:02,675 [WARNING] Failed to replay event 28: [Errno 32] Broken pipe
2026-06-29 05:44:02,675 [INFO] handle_client: Entering receive loop
2026-06-29 05:44:02,675 [INFO] handle_client: Received empty data, client closed connection
2026-06-29 05:44:02,675 [INFO] Control Client disconnected
2026-06-29 05:44:02,936 [INFO] Control Client connected from ('10.42.0.1', 36718)
2026-06-29 05:44:02,937 [INFO] handle_client: Starting, client socket: 6
2026-06-29 05:44:02,937 [INFO] handle_client: WELCOME sent
2026-06-29 05:44:02,987 [INFO] Replaying 28 buffered event(s)
2026-06-29 05:44:02,987 [WARNING] Failed to replay event 1: [Errno 32] Broken pipe
2026-06-29 05:44:02,987 [WARNING] Failed to replay event 2: [Errno 32] Broken pipe
2026-06-29 05:44:02,987 [WARNING] Failed to replay event 3: [Errno 32] Broken pipe
2026-06-29 05:44:02,987 [WARNING] Failed to replay event 4: [Errno 32] Broken pipe
2026-06-29 05:44:02,988 [WARNING] Failed to replay event 5: [Errno 32] Broken pipe
2026-06-29 05:44:02,988 [WARNING] Failed to replay event 6: [Errno 32] Broken pipe
2026-06-29 05:44:02,988 [WARNING] Failed to replay event 7: [Errno 32] Broken pipe
2026-06-29 05:44:02,988 [WARNING] Failed to replay event 8: [Errno 32] Broken pipe
2026-06-29 05:44:02,988 [WARNING] Failed to replay event 9: [Errno 32] Broken pipe
2026-06-29 05:44:02,988 [WARNING] Failed to replay event 10: [Errno 32] Broken pipe
2026-06-29 05:44:02,988 [WARNING] Failed to replay event 11: [Errno 32] Broken pipe
2026-06-29 05:44:02,988 [WARNING] Failed to replay event 12: [Errno 32] Broken pipe
2026-06-29 05:44:02,988 [WARNING] Failed to replay event 13: [Errno 32] Broken pipe
2026-06-29 05:44:02,988 [WARNING] Failed to replay event 14: [Errno 32] Broken pipe
2026-06-29 05:44:02,988 [WARNING] Failed to replay event 15: [Errno 32] Broken pipe
2026-06-29 05:44:02,988 [WARNING] Failed to replay event 16: [Errno 32] Broken pipe
2026-06-29 05:44:02,988 [WARNING] Failed to replay event 17: [Errno 32] Broken pipe
2026-06-29 05:44:02,988 [WARNING] Failed to replay event 18: [Errno 32] Broken pipe
2026-06-29 05:44:02,988 [WARNING] Failed to replay event 19: [Errno 32] Broken pipe
2026-06-29 05:44:02,988 [WARNING] Failed to replay event 20: [Errno 32] Broken pipe
2026-06-29 05:44:02,988 [WARNING] Failed to replay event 21: [Errno 32] Broken pipe
2026-06-29 05:44:02,988 [WARNING] Failed to replay event 22: [Errno 32] Broken pipe
2026-06-29 05:44:02,988 [WARNING] Failed to replay event 23: [Errno 32] Broken pipe
2026-06-29 05:44:02,988 [WARNING] Failed to replay event 24: [Errno 32] Broken pipe
2026-06-29 05:44:02,988 [WARNING] Failed to replay event 25: [Errno 32] Broken pipe
2026-06-29 05:44:02,988 [WARNING] Failed to replay event 26: [Errno 32] Broken pipe
2026-06-29 05:44:02,988 [WARNING] Failed to replay event 27: [Errno 32] Broken pipe
2026-06-29 05:44:02,988 [WARNING] Failed to replay event 28: [Errno 32] Broken pipe
2026-06-29 05:44:02,988 [INFO] handle_client: Entering receive loop
2026-06-29 05:44:02,988 [INFO] handle_client: Received empty data, client closed connection
2026-06-29 05:44:02,988 [INFO] Control Client disconnected
2026-06-29 05:44:03,071 [DEBUG] Received 10 bytes from BTS
2026-06-29 05:44:03,072 [DEBUG] Decoded IPA frame: proto=0x00, payload_len=7, consumed=10, payload_hex: 0c1201900fffff
2026-06-29 05:44:03,072 [DEBUG] RSL message: 0c1201900fffff
2026-06-29 05:44:03,072 [DEBUG] RSL discriminator: 0x0c, message type: 0x12, payload: 0c1201900fffff
2026-06-29 05:44:03,072 [DEBUG] Incomplete frame, buffer size: 0, buffer_hex: 
2026-06-29 05:44:03,255 [DEBUG] Received 10 bytes from BTS
2026-06-29 05:44:03,255 [DEBUG] Decoded IPA frame: proto=0x00, payload_len=7, consumed=10, payload_hex: 0c1201900fffff
2026-06-29 05:44:03,255 [DEBUG] RSL message: 0c1201900fffff
2026-06-29 05:44:03,255 [DEBUG] RSL discriminator: 0x0c, message type: 0x12, payload: 0c1201900fffff
2026-06-29 05:44:03,255 [DEBUG] Incomplete frame, buffer size: 0, buffer_hex: 
2026-06-29 05:44:04,072 [DEBUG] Received 10 bytes from BTS
2026-06-29 05:44:04,072 [DEBUG] Decoded IPA frame: proto=0x00, payload_len=7, consumed=10, payload_hex: 0c1201900fffff
2026-06-29 05:44:04,073 [DEBUG] RSL message: 0c1201900fffff
2026-06-29 05:44:04,073 [DEBUG] RSL discriminator: 0x0c, message type: 0x12, payload: 0c1201900fffff
2026-06-29 05:44:04,073 [DEBUG] Incomplete frame, buffer size: 0, buffer_hex: 
2026-06-29 05:44:04,255 [DEBUG] Received 10 bytes from BTS
2026-06-29 05:44:04,255 [DEBUG] Decoded IPA frame: proto=0x00, payload_len=7, consumed=10, payload_hex: 0c1201900fffff
2026-06-29 05:44:04,255 [DEBUG] RSL message: 0c1201900fffff
2026-06-29 05:44:04,255 [DEBUG] RSL discriminator: 0x0c, message type: 0x12, payload: 0c1201900fffff
2026-06-29 05:44:04,255 [DEBUG] Incomplete frame, buffer size: 0, buffer_hex: 
2026-06-29 05:44:05,073 [DEBUG] Received 10 bytes from BTS
2026-06-29 05:44:05,073 [DEBUG] Decoded IPA frame: proto=0x00, payload_len=7, consumed=10, payload_hex: 0c1201900fffff
2026-06-29 05:44:05,073 [DEBUG] RSL message: 0c1201900fffff
2026-06-29 05:44:05,073 [DEBUG] RSL discriminator: 0x0c, message type: 0x12, payload: 0c1201900fffff
2026-06-29 05:44:05,073 [DEBUG] Incomplete frame, buffer size: 0, buffer_hex: 
2026-06-29 05:44:05,256 [DEBUG] Received 10 bytes from BTS
2026-06-29 05:44:05,256 [DEBUG] Decoded IPA frame: proto=0x00, payload_len=7, consumed=10, payload_hex: 0c1201900fffff
2026-06-29 05:44:05,256 [DEBUG] RSL message: 0c1201900fffff
2026-06-29 05:44:05,256 [DEBUG] RSL discriminator: 0x0c, message type: 0x12, payload: 0c1201900fffff
2026-06-29 05:44:05,256 [DEBUG] Incomplete frame, buffer size: 0, buffer_hex: 
2026-06-29 05:44:05,624 [INFO] Control Client connected from ('10.42.0.1', 36730)
2026-06-29 05:44:05,624 [INFO] handle_client: Starting, client socket: 11
2026-06-29 05:44:05,624 [INFO] handle_client: WELCOME sent
2026-06-29 05:44:05,674 [INFO] Replaying 28 buffered event(s)
2026-06-29 05:44:05,674 [WARNING] Failed to replay event 1: [Errno 32] Broken pipe
2026-06-29 05:44:05,674 [WARNING] Failed to replay event 2: [Errno 32] Broken pipe
2026-06-29 05:44:05,675 [WARNING] Failed to replay event 3: [Errno 32] Broken pipe
2026-06-29 05:44:05,675 [WARNING] Failed to replay event 4: [Errno 32] Broken pipe
2026-06-29 05:44:05,675 [WARNING] Failed to replay event 5: [Errno 32] Broken pipe
2026-06-29 05:44:05,675 [WARNING] Failed to replay event 6: [Errno 32] Broken pipe
2026-06-29 05:44:05,675 [WARNING] Failed to replay event 7: [Errno 32] Broken pipe
2026-06-29 05:44:05,675 [WARNING] Failed to replay event 8: [Errno 32] Broken pipe
2026-06-29 05:44:05,675 [WARNING] Failed to replay event 9: [Errno 32] Broken pipe
2026-06-29 05:44:05,675 [WARNING] Failed to replay event 10: [Errno 32] Broken pipe
2026-06-29 05:44:05,675 [WARNING] Failed to replay event 11: [Errno 32] Broken pipe
2026-06-29 05:44:05,675 [WARNING] Failed to replay event 12: [Errno 32] Broken pipe
2026-06-29 05:44:05,675 [WARNING] Failed to replay event 13: [Errno 32] Broken pipe
2026-06-29 05:44:05,675 [WARNING] Failed to replay event 14: [Errno 32] Broken pipe
2026-06-29 05:44:05,675 [WARNING] Failed to replay event 15: [Errno 32] Broken pipe
2026-06-29 05:44:05,675 [WARNING] Failed to replay event 16: [Errno 32] Broken pipe
2026-06-29 05:44:05,675 [WARNING] Failed to replay event 17: [Errno 32] Broken pipe
2026-06-29 05:44:05,675 [WARNING] Failed to replay event 18: [Errno 32] Broken pipe
2026-06-29 05:44:05,675 [WARNING] Failed to replay event 19: [Errno 32] Broken pipe
2026-06-29 05:44:05,675 [WARNING] Failed to replay event 20: [Errno 32] Broken pipe
2026-06-29 05:44:05,675 [WARNING] Failed to replay event 21: [Errno 32] Broken pipe
2026-06-29 05:44:05,675 [WARNING] Failed to replay event 22: [Errno 32] Broken pipe
2026-06-29 05:44:05,675 [WARNING] Failed to replay event 23: [Errno 32] Broken pipe
2026-06-29 05:44:05,675 [WARNING] Failed to replay event 24: [Errno 32] Broken pipe
2026-06-29 05:44:05,675 [WARNING] Failed to replay event 25: [Errno 32] Broken pipe
2026-06-29 05:44:05,675 [WARNING] Failed to replay event 26: [Errno 32] Broken pipe
2026-06-29 05:44:05,675 [WARNING] Failed to replay event 27: [Errno 32] Broken pipe
2026-06-29 05:44:05,675 [WARNING] Failed to replay event 28: [Errno 32] Broken pipe
2026-06-29 05:44:05,675 [INFO] handle_client: Entering receive loop
2026-06-29 05:44:05,675 [INFO] handle_client: Received empty data, client closed connection
2026-06-29 05:44:05,675 [INFO] Control Client disconnected
2026-06-29 05:44:06,073 [DEBUG] Received 10 bytes from BTS
2026-06-29 05:44:06,074 [DEBUG] Decoded IPA frame: proto=0x00, payload_len=7, consumed=10, payload_hex: 0c1201900fffff
2026-06-29 05:44:06,074 [DEBUG] RSL message: 0c1201900fffff
2026-06-29 05:44:06,074 [DEBUG] RSL discriminator: 0x0c, message type: 0x12, payload: 0c1201900fffff
2026-06-29 05:44:06,074 [DEBUG] Incomplete frame, buffer size: 0, buffer_hex: 
2026-06-29 05:44:06,257 [DEBUG] Received 10 bytes from BTS
2026-06-29 05:44:06,257 [DEBUG] Decoded IPA frame: proto=0x00, payload_len=7, consumed=10, payload_hex: 0c1201900fffff
2026-06-29 05:44:06,257 [DEBUG] RSL message: 0c1201900fffff
2026-06-29 05:44:06,257 [DEBUG] RSL discriminator: 0x0c, message type: 0x12, payload: 0c1201900fffff
2026-06-29 05:44:06,257 [DEBUG] Incomplete frame, buffer size: 0, buffer_hex: 
2026-06-29 05:44:07,074 [DEBUG] Received 10 bytes from BTS
2026-06-29 05:44:07,074 [DEBUG] Decoded IPA frame: proto=0x00, payload_len=7, consumed=10, payload_hex: 0c1201900fffff
2026-06-29 05:44:07,074 [DEBUG] RSL message: 0c1201900fffff
2026-06-29 05:44:07,074 [DEBUG] RSL discriminator: 0x0c, message type: 0x12, payload: 0c1201900fffff
2026-06-29 05:44:07,075 [DEBUG] Incomplete frame, buffer size: 0, buffer_hex: 
2026-06-29 05:44:07,257 [DEBUG] Received 10 bytes from BTS
2026-06-29 05:44:07,258 [DEBUG] Decoded IPA frame: proto=0x00, payload_len=7, consumed=10, payload_hex: 0c1201900fffff
2026-06-29 05:44:07,258 [DEBUG] RSL message: 0c1201900fffff
2026-06-29 05:44:07,258 [DEBUG] RSL discriminator: 0x0c, message type: 0x12, payload: 0c1201900fffff
2026-06-29 05:44:07,258 [DEBUG] Incomplete frame, buffer size: 0, buffer_hex: 
2026-06-29 05:44:08,075 [DEBUG] Received 10 bytes from BTS
2026-06-29 05:44:08,075 [DEBUG] Decoded IPA frame: proto=0x00, payload_len=7, consumed=10, payload_hex: 0c1201900fffff
2026-06-29 05:44:08,075 [DEBUG] RSL message: 0c1201900fffff
2026-06-29 05:44:08,075 [DEBUG] RSL discriminator: 0x0c, message type: 0x12, payload: 0c1201900fffff
2026-06-29 05:44:08,075 [DEBUG] Incomplete frame, buffer size: 0, buffer_hex: 
2026-06-29 05:44:08,258 [DEBUG] Received 10 bytes from BTS
2026-06-29 05:44:08,258 [DEBUG] Decoded IPA frame: proto=0x00, payload_len=7, consumed=10, payload_hex: 0c1201900fffff
2026-06-29 05:44:08,258 [DEBUG] RSL message: 0c1201900fffff
2026-06-29 05:44:08,258 [DEBUG] RSL discriminator: 0x0c, message type: 0x12, payload: 0c1201900fffff
2026-06-29 05:44:08,258 [DEBUG] Incomplete frame, buffer size: 0, buffer_hex: 
2026-06-29 05:44:08,623 [INFO] Control Client connected from ('10.42.0.1', 36742)
2026-06-29 05:44:08,624 [INFO] handle_client: Starting, client socket: 6
2026-06-29 05:44:08,624 [INFO] handle_client: WELCOME sent
2026-06-29 05:44:08,674 [INFO] Replaying 28 buffered event(s)
2026-06-29 05:44:08,674 [WARNING] Failed to replay event 1: [Errno 32] Broken pipe
2026-06-29 05:44:08,674 [WARNING] Failed to replay event 2: [Errno 32] Broken pipe
2026-06-29 05:44:08,674 [WARNING] Failed to replay event 3: [Errno 32] Broken pipe
2026-06-29 05:44:08,674 [WARNING] Failed to replay event 4: [Errno 32] Broken pipe
2026-06-29 05:44:08,674 [WARNING] Failed to replay event 5: [Errno 32] Broken pipe
2026-06-29 05:44:08,674 [WARNING] Failed to replay event 6: [Errno 32] Broken pipe
2026-06-29 05:44:08,674 [WARNING] Failed to replay event 7: [Errno 32] Broken pipe
2026-06-29 05:44:08,674 [WARNING] Failed to replay event 8: [Errno 32] Broken pipe
2026-06-29 05:44:08,674 [WARNING] Failed to replay event 9: [Errno 32] Broken pipe
2026-06-29 05:44:08,674 [WARNING] Failed to replay event 10: [Errno 32] Broken pipe
2026-06-29 05:44:08,674 [WARNING] Failed to replay event 11: [Errno 32] Broken pipe
2026-06-29 05:44:08,674 [WARNING] Failed to replay event 12: [Errno 32] Broken pipe
2026-06-29 05:44:08,674 [WARNING] Failed to replay event 13: [Errno 32] Broken pipe
2026-06-29 05:44:08,674 [WARNING] Failed to replay event 14: [Errno 32] Broken pipe
2026-06-29 05:44:08,674 [WARNING] Failed to replay event 15: [Errno 32] Broken pipe
2026-06-29 05:44:08,674 [WARNING] Failed to replay event 16: [Errno 32] Broken pipe
2026-06-29 05:44:08,675 [WARNING] Failed to replay event 17: [Errno 32] Broken pipe
2026-06-29 05:44:08,675 [WARNING] Failed to replay event 18: [Errno 32] Broken pipe
2026-06-29 05:44:08,675 [WARNING] Failed to replay event 19: [Errno 32] Broken pipe
2026-06-29 05:44:08,675 [WARNING] Failed to replay event 20: [Errno 32] Broken pipe
2026-06-29 05:44:08,675 [WARNING] Failed to replay event 21: [Errno 32] Broken pipe
2026-06-29 05:44:08,675 [WARNING] Failed to replay event 22: [Errno 32] Broken pipe
2026-06-29 05:44:08,675 [WARNING] Failed to replay event 23: [Errno 32] Broken pipe
2026-06-29 05:44:08,675 [WARNING] Failed to replay event 24: [Errno 32] Broken pipe
2026-06-29 05:44:08,675 [WARNING] Failed to replay event 25: [Errno 32] Broken pipe
2026-06-29 05:44:08,675 [WARNING] Failed to replay event 26: [Errno 32] Broken pipe
2026-06-29 05:44:08,675 [WARNING] Failed to replay event 27: [Errno 32] Broken pipe
2026-06-29 05:44:08,675 [WARNING] Failed to replay event 28: [Errno 32] Broken pipe
2026-06-29 05:44:08,675 [INFO] handle_client: Entering receive loop
2026-06-29 05:44:08,675 [INFO] handle_client: Received empty data, client closed connection
2026-06-29 05:44:08,675 [INFO] Control Client disconnected
2026-06-29 05:44:09,076 [DEBUG] Received 10 bytes from BTS
2026-06-29 05:44:09,076 [DEBUG] Decoded IPA frame: proto=0x00, payload_len=7, consumed=10, payload_hex: 0c1201900fffff
2026-06-29 05:44:09,076 [DEBUG] RSL message: 0c1201900fffff
2026-06-29 05:44:09,076 [DEBUG] RSL discriminator: 0x0c, message type: 0x12, payload: 0c1201900fffff
2026-06-29 05:44:09,076 [DEBUG] Incomplete frame, buffer size: 0, buffer_hex: 
2026-06-29 05:44:09,258 [DEBUG] Received 10 bytes from BTS
2026-06-29 05:44:09,258 [DEBUG] Decoded IPA frame: proto=0x00, payload_len=7, consumed=10, payload_hex: 0c1201900fffff
2026-06-29 05:44:09,259 [DEBUG] RSL message: 0c1201900fffff
2026-06-29 05:44:09,259 [DEBUG] RSL discriminator: 0x0c, message type: 0x12, payload: 0c1201900fffff
2026-06-29 05:44:09,259 [DEBUG] Incomplete frame, buffer size: 0, buffer_hex: 
2026-06-29 05:44:09,866 [DEBUG] Received 13 bytes from BTS
2026-06-29 05:44:09,866 [DEBUG] Decoded IPA frame: proto=0x00, payload_len=10, consumed=13, payload_hex: 0c130188130e72a01100
2026-06-29 05:44:09,866 [DEBUG] RSL message: 0c130188130e72a01100
2026-06-29 05:44:09,866 [DEBUG] RSL discriminator: 0x0c, message type: 0x13, payload: 0c130188130e72a01100
2026-06-29 05:44:09,866 [INFO] BTS 4242/0/0: CHAN_RQD received - RA=14, FN=19110, payload: 0c130188130e72a01100
2026-06-29 05:44:09,866 [INFO] CHAN_RQD: RA=14 FN=19110 BTS=4242/0/0
2026-06-29 05:44:09,866 [INFO] DEBUG: auto_respond=False
2026-06-29 05:44:09,866 [INFO] Sending CHAN_RQD event to control server: RA=14, FN_enc=29344
2026-06-29 05:44:09,867 [DEBUG] Buffered event CHAN_RQD (total buffered: 29)
2026-06-29 05:44:09,867 [DEBUG] Incomplete frame, buffer size: 0, buffer_hex: 
2026-06-29 05:44:10,077 [DEBUG] Received 10 bytes from BTS
2026-06-29 05:44:10,077 [DEBUG] Decoded IPA frame: proto=0x00, payload_len=7, consumed=10, payload_hex: 0c1201900fffff
2026-06-29 05:44:10,077 [DEBUG] RSL message: 0c1201900fffff
2026-06-29 05:44:10,077 [DEBUG] RSL discriminator: 0x0c, message type: 0x12, payload: 0c1201900fffff
2026-06-29 05:44:10,077 [DEBUG] Incomplete frame, buffer size: 0, buffer_hex: 
2026-06-29 05:44:10,259 [DEBUG] Received 10 bytes from BTS
2026-06-29 05:44:10,259 [DEBUG] Decoded IPA frame: proto=0x00, payload_len=7, consumed=10, payload_hex: 0c1201900fffff
2026-06-29 05:44:10,259 [DEBUG] RSL message: 0c1201900fffff
2026-06-29 05:44:10,259 [DEBUG] RSL discriminator: 0x0c, message type: 0x12, payload: 0c1201900fffff
2026-06-29 05:44:10,259 [DEBUG] Incomplete frame, buffer size: 0, buffer_hex: 
2026-06-29 05:44:11,043 [DEBUG] Received 13 bytes from BTS
2026-06-29 05:44:11,043 [DEBUG] Decoded IPA frame: proto=0x00, payload_len=10, consumed=13, payload_hex: 0c13018813067b181100
2026-06-29 05:44:11,043 [DEBUG] RSL message: 0c13018813067b181100
2026-06-29 05:44:11,043 [DEBUG] RSL discriminator: 0x0c, message type: 0x13, payload: 0c13018813067b181100
2026-06-29 05:44:11,043 [INFO] BTS 4242/0/0: CHAN_RQD received - RA=6, FN=20538, payload: 0c13018813067b181100
2026-06-29 05:44:11,043 [INFO] CHAN_RQD: RA=6 FN=20538 BTS=4242/0/0
2026-06-29 05:44:11,043 [INFO] DEBUG: auto_respond=False
2026-06-29 05:44:11,043 [INFO] Sending CHAN_RQD event to control server: RA=6, FN_enc=31512
2026-06-29 05:44:11,043 [DEBUG] Buffered event CHAN_RQD (total buffered: 30)
2026-06-29 05:44:11,043 [DEBUG] Incomplete frame, buffer size: 0, buffer_hex: 
2026-06-29 05:44:11,078 [DEBUG] Received 10 bytes from BTS
2026-06-29 05:44:11,078 [DEBUG] Decoded IPA frame: proto=0x00, payload_len=7, consumed=10, payload_hex: 0c1201900fffff
2026-06-29 05:44:11,078 [DEBUG] RSL message: 0c1201900fffff
2026-06-29 05:44:11,078 [DEBUG] RSL discriminator: 0x0c, message type: 0x12, payload: 0c1201900fffff
2026-06-29 05:44:11,078 [DEBUG] Incomplete frame, buffer size: 0, buffer_hex: 
2026-06-29 05:44:11,259 [DEBUG] Received 10 bytes from BTS
2026-06-29 05:44:11,259 [DEBUG] Decoded IPA frame: proto=0x00, payload_len=7, consumed=10, payload_hex: 0c1201900fffff
2026-06-29 05:44:11,259 [DEBUG] RSL message: 0c1201900fffff
2026-06-29 05:44:11,259 [DEBUG] RSL discriminator: 0x0c, message type: 0x12, payload: 0c1201900fffff
2026-06-29 05:44:11,260 [DEBUG] Incomplete frame, buffer size: 0, buffer_hex: 
2026-06-29 05:44:11,623 [INFO] Control Client connected from ('10.42.0.1', 35524)
2026-06-29 05:44:11,624 [INFO] handle_client: Starting, client socket: 11
2026-06-29 05:44:11,624 [INFO] handle_client: WELCOME sent
2026-06-29 05:44:11,674 [INFO] Replaying 30 buffered event(s)
2026-06-29 05:44:11,674 [WARNING] Failed to replay event 1: [Errno 32] Broken pipe
2026-06-29 05:44:11,674 [WARNING] Failed to replay event 2: [Errno 32] Broken pipe
2026-06-29 05:44:11,674 [WARNING] Failed to replay event 3: [Errno 32] Broken pipe
2026-06-29 05:44:11,674 [WARNING] Failed to replay event 4: [Errno 32] Broken pipe
2026-06-29 05:44:11,674 [WARNING] Failed to replay event 5: [Errno 32] Broken pipe
2026-06-29 05:44:11,675 [WARNING] Failed to replay event 6: [Errno 32] Broken pipe
2026-06-29 05:44:11,675 [WARNING] Failed to replay event 7: [Errno 32] Broken pipe
2026-06-29 05:44:11,675 [WARNING] Failed to replay event 8: [Errno 32] Broken pipe
2026-06-29 05:44:11,675 [WARNING] Failed to replay event 9: [Errno 32] Broken pipe
2026-06-29 05:44:11,675 [WARNING] Failed to replay event 10: [Errno 32] Broken pipe
2026-06-29 05:44:11,675 [WARNING] Failed to replay event 11: [Errno 32] Broken pipe
2026-06-29 05:44:11,675 [WARNING] Failed to replay event 12: [Errno 32] Broken pipe
2026-06-29 05:44:11,675 [WARNING] Failed to replay event 13: [Errno 32] Broken pipe
2026-06-29 05:44:11,675 [WARNING] Failed to replay event 14: [Errno 32] Broken pipe
2026-06-29 05:44:11,675 [WARNING] Failed to replay event 15: [Errno 32] Broken pipe
2026-06-29 05:44:11,675 [WARNING] Failed to replay event 16: [Errno 32] Broken pipe
2026-06-29 05:44:11,675 [WARNING] Failed to replay event 17: [Errno 32] Broken pipe
2026-06-29 05:44:11,675 [WARNING] Failed to replay event 18: [Errno 32] Broken pipe
2026-06-29 05:44:11,675 [WARNING] Failed to replay event 19: [Errno 32] Broken pipe
2026-06-29 05:44:11,675 [WARNING] Failed to replay event 20: [Errno 32] Broken pipe
2026-06-29 05:44:11,675 [WARNING] Failed to replay event 21: [Errno 32] Broken pipe
2026-06-29 05:44:11,675 [WARNING] Failed to replay event 22: [Errno 32] Broken pipe
2026-06-29 05:44:11,675 [WARNING] Failed to replay event 23: [Errno 32] Broken pipe
2026-06-29 05:44:11,675 [WARNING] Failed to replay event 24: [Errno 32] Broken pipe
2026-06-29 05:44:11,675 [WARNING] Failed to replay event 25: [Errno 32] Broken pipe
2026-06-29 05:44:11,675 [WARNING] Failed to replay event 26: [Errno 32] Broken pipe
2026-06-29 05:44:11,675 [WARNING] Failed to replay event 27: [Errno 32] Broken pipe
2026-06-29 05:44:11,675 [WARNING] Failed to replay event 28: [Errno 32] Broken pipe
2026-06-29 05:44:11,675 [WARNING] Failed to replay event 29: [Errno 32] Broken pipe
2026-06-29 05:44:11,675 [WARNING] Failed to replay event 30: [Errno 32] Broken pipe
2026-06-29 05:44:11,675 [INFO] handle_client: Entering receive loop
2026-06-29 05:44:11,675 [INFO] handle_client: Received empty data, client closed connection
2026-06-29 05:44:11,675 [INFO] Control Client disconnected
2026-06-29 05:44:12,079 [DEBUG] Received 10 bytes from BTS
2026-06-29 05:44:12,079 [DEBUG] Decoded IPA frame: proto=0x00, payload_len=7, consumed=10, payload_hex: 0c1201900fffff
2026-06-29 05:44:12,079 [DEBUG] RSL message: 0c1201900fffff
2026-06-29 05:44:12,079 [DEBUG] RSL discriminator: 0x0c, message type: 0x12, payload: 0c1201900fffff
2026-06-29 05:44:12,079 [DEBUG] Incomplete frame, buffer size: 0, buffer_hex: 
2026-06-29 05:44:12,220 [DEBUG] Received 13 bytes from BTS
2026-06-29 05:44:12,220 [DEBUG] Decoded IPA frame: proto=0x00, payload_len=10, consumed=13, payload_hex: 0c13018813007a8f1100
2026-06-29 05:44:12,220 [DEBUG] RSL message: 0c13018813007a8f1100
2026-06-29 05:44:12,220 [DEBUG] RSL discriminator: 0x0c, message type: 0x13, payload: 0c13018813007a8f1100
2026-06-29 05:44:12,220 [INFO] BTS 4242/0/0: CHAN_RQD received - RA=0, FN=20425, payload: 0c13018813007a8f1100
2026-06-29 05:44:12,220 [INFO] CHAN_RQD: RA=0 FN=20425 BTS=4242/0/0
2026-06-29 05:44:12,220 [INFO] DEBUG: auto_respond=False
2026-06-29 05:44:12,220 [INFO] Sending CHAN_RQD event to control server: RA=0, FN_enc=31375
2026-06-29 05:44:12,220 [DEBUG] Buffered event CHAN_RQD (total buffered: 31)
2026-06-29 05:44:12,220 [DEBUG] Incomplete frame, buffer size: 0, buffer_hex: 
2026-06-29 05:44:12,260 [DEBUG] Received 10 bytes from BTS
2026-06-29 05:44:12,260 [DEBUG] Decoded IPA frame: proto=0x00, payload_len=7, consumed=10, payload_hex: 0c1201900fffff
2026-06-29 05:44:12,260 [DEBUG] RSL message: 0c1201900fffff
2026-06-29 05:44:12,260 [DEBUG] RSL discriminator: 0x0c, message type: 0x12, payload: 0c1201900fffff
2026-06-29 05:44:12,260 [DEBUG] Incomplete frame, buffer size: 0, buffer_hex: 
2026-06-29 05:44:12,936 [INFO] Control Client connected from ('10.42.0.1', 35526)
2026-06-29 05:44:12,936 [INFO] handle_client: Starting, client socket: 6
2026-06-29 05:44:12,936 [INFO] handle_client: WELCOME sent
2026-06-29 05:44:12,986 [INFO] Replaying 31 buffered event(s)
2026-06-29 05:44:12,987 [WARNING] Failed to replay event 1: [Errno 32] Broken pipe
2026-06-29 05:44:12,987 [WARNING] Failed to replay event 2: [Errno 32] Broken pipe
2026-06-29 05:44:12,987 [WARNING] Failed to replay event 3: [Errno 32] Broken pipe
2026-06-29 05:44:12,987 [WARNING] Failed to replay event 4: [Errno 32] Broken pipe
2026-06-29 05:44:12,987 [WARNING] Failed to replay event 5: [Errno 32] Broken pipe
2026-06-29 05:44:12,987 [WARNING] Failed to replay event 6: [Errno 32] Broken pipe
2026-06-29 05:44:12,987 [WARNING] Failed to replay event 7: [Errno 32] Broken pipe
2026-06-29 05:44:12,987 [WARNING] Failed to replay event 8: [Errno 32] Broken pipe
2026-06-29 05:44:12,987 [WARNING] Failed to replay event 9: [Errno 32] Broken pipe
2026-06-29 05:44:12,987 [WARNING] Failed to replay event 10: [Errno 32] Broken pipe
2026-06-29 05:44:12,987 [WARNING] Failed to replay event 11: [Errno 32] Broken pipe
2026-06-29 05:44:12,987 [WARNING] Failed to replay event 12: [Errno 32] Broken pipe
2026-06-29 05:44:12,987 [WARNING] Failed to replay event 13: [Errno 32] Broken pipe
2026-06-29 05:44:12,987 [WARNING] Failed to replay event 14: [Errno 32] Broken pipe
2026-06-29 05:44:12,987 [WARNING] Failed to replay event 15: [Errno 32] Broken pipe
2026-06-29 05:44:12,987 [WARNING] Failed to replay event 16: [Errno 32] Broken pipe
2026-06-29 05:44:12,987 [WARNING] Failed to replay event 17: [Errno 32] Broken pipe
2026-06-29 05:44:12,987 [WARNING] Failed to replay event 18: [Errno 32] Broken pipe
2026-06-29 05:44:12,987 [WARNING] Failed to replay event 19: [Errno 32] Broken pipe
2026-06-29 05:44:12,987 [WARNING] Failed to replay event 20: [Errno 32] Broken pipe
2026-06-29 05:44:12,987 [WARNING] Failed to replay event 21: [Errno 32] Broken pipe
2026-06-29 05:44:12,987 [WARNING] Failed to replay event 22: [Errno 32] Broken pipe
2026-06-29 05:44:12,987 [WARNING] Failed to replay event 23: [Errno 32] Broken pipe
2026-06-29 05:44:12,987 [WARNING] Failed to replay event 24: [Errno 32] Broken pipe
2026-06-29 05:44:12,987 [WARNING] Failed to replay event 25: [Errno 32] Broken pipe
2026-06-29 05:44:12,987 [WARNING] Failed to replay event 26: [Errno 32] Broken pipe
2026-06-29 05:44:12,987 [WARNING] Failed to replay event 27: [Errno 32] Broken pipe
2026-06-29 05:44:12,987 [WARNING] Failed to replay event 28: [Errno 32] Broken pipe
2026-06-29 05:44:12,987 [WARNING] Failed to replay event 29: [Errno 32] Broken pipe
2026-06-29 05:44:12,987 [WARNING] Failed to replay event 30: [Errno 32] Broken pipe
2026-06-29 05:44:12,987 [WARNING] Failed to replay event 31: [Errno 32] Broken pipe
2026-06-29 05:44:12,987 [INFO] handle_client: Entering receive loop
2026-06-29 05:44:12,988 [INFO] handle_client: Received empty data, client closed connection
2026-06-29 05:44:12,988 [INFO] Control Client disconnected
2026-06-29 05:44:13,079 [DEBUG] Received 10 bytes from BTS
2026-06-29 05:44:13,079 [DEBUG] Decoded IPA frame: proto=0x00, payload_len=7, consumed=10, payload_hex: 0c1201900fffff
2026-06-29 05:44:13,079 [DEBUG] RSL message: 0c1201900fffff
2026-06-29 05:44:13,079 [DEBUG] RSL discriminator: 0x0c, message type: 0x12, payload: 0c1201900fffff
2026-06-29 05:44:13,079 [DEBUG] Incomplete frame, buffer size: 0, buffer_hex: 
2026-06-29 05:44:13,261 [DEBUG] Received 10 bytes from BTS
2026-06-29 05:44:13,261 [DEBUG] Decoded IPA frame: proto=0x00, payload_len=7, consumed=10, payload_hex: 0c1201900fffff
2026-06-29 05:44:13,261 [DEBUG] RSL message: 0c1201900fffff
2026-06-29 05:44:13,261 [DEBUG] RSL discriminator: 0x0c, message type: 0x12, payload: 0c1201900fffff
2026-06-29 05:44:13,262 [DEBUG] Incomplete frame, buffer size: 0, buffer_hex: 
2026-06-29 05:44:13,397 [DEBUG] Received 13 bytes from BTS
2026-06-29 05:44:13,397 [DEBUG] Decoded IPA frame: proto=0x00, payload_len=10, consumed=13, payload_hex: 0c130188130b7b501100
2026-06-29 05:44:13,397 [DEBUG] RSL message: 0c130188130b7b501100
2026-06-29 05:44:13,397 [DEBUG] RSL discriminator: 0x0c, message type: 0x13, payload: 0c130188130b7b501100
2026-06-29 05:44:13,397 [INFO] BTS 4242/0/0: CHAN_RQD received - RA=11, FN=20582, payload: 0c130188130b7b501100
2026-06-29 05:44:13,397 [INFO] CHAN_RQD: RA=11 FN=20582 BTS=4242/0/0
2026-06-29 05:44:13,397 [INFO] DEBUG: auto_respond=False
2026-06-29 05:44:13,397 [INFO] Sending CHAN_RQD event to control server: RA=11, FN_enc=31568
2026-06-29 05:44:13,397 [DEBUG] Buffered event CHAN_RQD (total buffered: 32)
2026-06-29 05:44:13,397 [DEBUG] Incomplete frame, buffer size: 0, buffer_hex: 
2026-06-29 05:44:14,079 [DEBUG] Received 10 bytes from BTS
2026-06-29 05:44:14,080 [DEBUG] Decoded IPA frame: proto=0x00, payload_len=7, consumed=10, payload_hex: 0c1201900fffff
2026-06-29 05:44:14,080 [DEBUG] RSL message: 0c1201900fffff
2026-06-29 05:44:14,080 [DEBUG] RSL discriminator: 0x0c, message type: 0x12, payload: 0c1201900fffff
2026-06-29 05:44:14,080 [DEBUG] Incomplete frame, buffer size: 0, buffer_hex: 
2026-06-29 05:44:14,262 [DEBUG] Received 10 bytes from BTS
2026-06-29 05:44:14,262 [DEBUG] Decoded IPA frame: proto=0x00, payload_len=7, consumed=10, payload_hex: 0c1201900fffff
2026-06-29 05:44:14,262 [DEBUG] RSL message: 0c1201900fffff
2026-06-29 05:44:14,262 [DEBUG] RSL discriminator: 0x0c, message type: 0x12, payload: 0c1201900fffff
2026-06-29 05:44:14,262 [DEBUG] Incomplete frame, buffer size: 0, buffer_hex: 
2026-06-29 05:44:14,575 [DEBUG] Received 13 bytes from BTS
2026-06-29 05:44:14,575 [DEBUG] Decoded IPA frame: proto=0x00, payload_len=10, consumed=13, payload_hex: 0c13018813007a851100
2026-06-29 05:44:14,575 [DEBUG] RSL message: 0c13018813007a851100
2026-06-29 05:44:14,575 [DEBUG] RSL discriminator: 0x0c, message type: 0x13, payload: 0c13018813007a851100
2026-06-29 05:44:14,575 [INFO] BTS 4242/0/0: CHAN_RQD received - RA=0, FN=20415, payload: 0c13018813007a851100
2026-06-29 05:44:14,575 [INFO] CHAN_RQD: RA=0 FN=20415 BTS=4242/0/0
2026-06-29 05:44:14,575 [INFO] DEBUG: auto_respond=False
2026-06-29 05:44:14,575 [INFO] Sending CHAN_RQD event to control server: RA=0, FN_enc=31365
2026-06-29 05:44:14,575 [DEBUG] Buffered event CHAN_RQD (total buffered: 33)
2026-06-29 05:44:14,575 [DEBUG] Incomplete frame, buffer size: 0, buffer_hex: 
2026-06-29 05:44:14,623 [INFO] Control Client connected from ('10.42.0.1', 35532)
2026-06-29 05:44:14,623 [INFO] handle_client: Starting, client socket: 11
2026-06-29 05:44:14,623 [INFO] handle_client: WELCOME sent
2026-06-29 05:44:14,673 [INFO] Replaying 33 buffered event(s)
2026-06-29 05:44:14,674 [WARNING] Failed to replay event 1: [Errno 32] Broken pipe
2026-06-29 05:44:14,674 [WARNING] Failed to replay event 2: [Errno 32] Broken pipe
2026-06-29 05:44:14,674 [WARNING] Failed to replay event 3: [Errno 32] Broken pipe
2026-06-29 05:44:14,674 [WARNING] Failed to replay event 4: [Errno 32] Broken pipe
2026-06-29 05:44:14,674 [WARNING] Failed to replay event 5: [Errno 32] Broken pipe
2026-06-29 05:44:14,674 [WARNING] Failed to replay event 6: [Errno 32] Broken pipe
2026-06-29 05:44:14,674 [WARNING] Failed to replay event 7: [Errno 32] Broken pipe
2026-06-29 05:44:14,674 [WARNING] Failed to replay event 8: [Errno 32] Broken pipe
2026-06-29 05:44:14,674 [WARNING] Failed to replay event 9: [Errno 32] Broken pipe
2026-06-29 05:44:14,674 [WARNING] Failed to replay event 10: [Errno 32] Broken pipe
2026-06-29 05:44:14,674 [WARNING] Failed to replay event 11: [Errno 32] Broken pipe
2026-06-29 05:44:14,674 [WARNING] Failed to replay event 12: [Errno 32] Broken pipe
2026-06-29 05:44:14,674 [WARNING] Failed to replay event 13: [Errno 32] Broken pipe
2026-06-29 05:44:14,674 [WARNING] Failed to replay event 14: [Errno 32] Broken pipe
2026-06-29 05:44:14,674 [WARNING] Failed to replay event 15: [Errno 32] Broken pipe
2026-06-29 05:44:14,674 [WARNING] Failed to replay event 16: [Errno 32] Broken pipe
2026-06-29 05:44:14,674 [WARNING] Failed to replay event 17: [Errno 32] Broken pipe
2026-06-29 05:44:14,674 [WARNING] Failed to replay event 18: [Errno 32] Broken pipe
2026-06-29 05:44:14,674 [WARNING] Failed to replay event 19: [Errno 32] Broken pipe
2026-06-29 05:44:14,674 [WARNING] Failed to replay event 20: [Errno 32] Broken pipe
2026-06-29 05:44:14,674 [WARNING] Failed to replay event 21: [Errno 32] Broken pipe
2026-06-29 05:44:14,674 [WARNING] Failed to replay event 22: [Errno 32] Broken pipe
2026-06-29 05:44:14,674 [WARNING] Failed to replay event 23: [Errno 32] Broken pipe
2026-06-29 05:44:14,674 [WARNING] Failed to replay event 24: [Errno 32] Broken pipe
2026-06-29 05:44:14,674 [WARNING] Failed to replay event 25: [Errno 32] Broken pipe
2026-06-29 05:44:14,674 [WARNING] Failed to replay event 26: [Errno 32] Broken pipe
2026-06-29 05:44:14,674 [WARNING] Failed to replay event 27: [Errno 32] Broken pipe
2026-06-29 05:44:14,674 [WARNING] Failed to replay event 28: [Errno 32] Broken pipe
2026-06-29 05:44:14,674 [WARNING] Failed to replay event 29: [Errno 32] Broken pipe
2026-06-29 05:44:14,674 [WARNING] Failed to replay event 30: [Errno 32] Broken pipe
2026-06-29 05:44:14,674 [WARNING] Failed to replay event 31: [Errno 32] Broken pipe
2026-06-29 05:44:14,674 [WARNING] Failed to replay event 32: [Errno 32] Broken pipe
2026-06-29 05:44:14,674 [WARNING] Failed to replay event 33: [Errno 32] Broken pipe
2026-06-29 05:44:14,674 [INFO] handle_client: Entering receive loop
2026-06-29 05:44:14,674 [INFO] handle_client: Received empty data, client closed connection
2026-06-29 05:44:14,674 [INFO] Control Client disconnected
2026-06-29 05:44:15,080 [DEBUG] Received 10 bytes from BTS
2026-06-29 05:44:15,080 [DEBUG] Decoded IPA frame: proto=0x00, payload_len=7, consumed=10, payload_hex: 0c1201900fffff
2026-06-29 05:44:15,080 [DEBUG] RSL message: 0c1201900fffff
2026-06-29 05:44:15,080 [DEBUG] RSL discriminator: 0x0c, message type: 0x12, payload: 0c1201900fffff
2026-06-29 05:44:15,080 [DEBUG] Incomplete frame, buffer size: 0, buffer_hex: 
2026-06-29 05:44:15,262 [DEBUG] Received 10 bytes from BTS
2026-06-29 05:44:15,262 [DEBUG] Decoded IPA frame: proto=0x00, payload_len=7, consumed=10, payload_hex: 0c1201900fffff
2026-06-29 05:44:15,262 [DEBUG] RSL message: 0c1201900fffff
2026-06-29 05:44:15,262 [DEBUG] RSL discriminator: 0x0c, message type: 0x12, payload: 0c1201900fffff
2026-06-29 05:44:15,262 [DEBUG] Incomplete frame, buffer size: 0, buffer_hex: 
2026-06-29 05:44:15,750 [DEBUG] Received 13 bytes from BTS
2026-06-29 05:44:15,750 [DEBUG] Decoded IPA frame: proto=0x00, payload_len=10, consumed=13, payload_hex: 0c13018813027bca1100
2026-06-29 05:44:15,750 [DEBUG] RSL message: 0c13018813027bca1100
2026-06-29 05:44:15,750 [DEBUG] RSL discriminator: 0x0c, message type: 0x13, payload: 0c13018813027bca1100
2026-06-29 05:44:15,750 [INFO] BTS 4242/0/0: CHAN_RQD received - RA=2, FN=20680, payload: 0c13018813027bca1100
2026-06-29 05:44:15,750 [INFO] CHAN_RQD: RA=2 FN=20680 BTS=4242/0/0
2026-06-29 05:44:15,750 [INFO] DEBUG: auto_respond=False
2026-06-29 05:44:15,750 [INFO] Sending CHAN_RQD event to control server: RA=2, FN_enc=31690
2026-06-29 05:44:15,750 [DEBUG] Buffered event CHAN_RQD (total buffered: 34)
2026-06-29 05:44:15,750 [DEBUG] Incomplete frame, buffer size: 0, buffer_hex: 
2026-06-29 05:44:16,080 [DEBUG] Received 10 bytes from BTS
2026-06-29 05:44:16,080 [DEBUG] Decoded IPA frame: proto=0x00, payload_len=7, consumed=10, payload_hex: 0c1201900fffff
2026-06-29 05:44:16,080 [DEBUG] RSL message: 0c1201900fffff
2026-06-29 05:44:16,080 [DEBUG] RSL discriminator: 0x0c, message type: 0x12, payload: 0c1201900fffff
2026-06-29 05:44:16,080 [DEBUG] Incomplete frame, buffer size: 0, buffer_hex: 
2026-06-29 05:44:16,263 [DEBUG] Received 10 bytes from BTS
2026-06-29 05:44:16,264 [DEBUG] Decoded IPA frame: proto=0x00, payload_len=7, consumed=10, payload_hex: 0c1201900fffff
2026-06-29 05:44:16,264 [DEBUG] RSL message: 0c1201900fffff
2026-06-29 05:44:16,264 [DEBUG] RSL discriminator: 0x0c, message type: 0x12, payload: 0c1201900fffff
2026-06-29 05:44:16,264 [DEBUG] Incomplete frame, buffer size: 0, buffer_hex: 
2026-06-29 05:44:16,927 [DEBUG] Received 13 bytes from BTS
2026-06-29 05:44:16,927 [DEBUG] Decoded IPA frame: proto=0x00, payload_len=10, consumed=13, payload_hex: 0c13018813027ba41100
2026-06-29 05:44:16,927 [DEBUG] RSL message: 0c13018813027ba41100
2026-06-29 05:44:16,927 [DEBUG] RSL discriminator: 0x0c, message type: 0x13, payload: 0c13018813027ba41100
2026-06-29 05:44:16,927 [INFO] BTS 4242/0/0: CHAN_RQD received - RA=2, FN=20648, payload: 0c13018813027ba41100
2026-06-29 05:44:16,927 [INFO] CHAN_RQD: RA=2 FN=20648 BTS=4242/0/0
2026-06-29 05:44:16,927 [INFO] DEBUG: auto_respond=False
2026-06-29 05:44:16,927 [INFO] Sending CHAN_RQD event to control server: RA=2, FN_enc=31652
2026-06-29 05:44:16,927 [DEBUG] Buffered event CHAN_RQD (total buffered: 35)
2026-06-29 05:44:16,927 [DEBUG] Incomplete frame, buffer size: 0, buffer_hex: 
2026-06-29 05:44:17,081 [DEBUG] Received 10 bytes from BTS
2026-06-29 05:44:17,081 [DEBUG] Decoded IPA frame: proto=0x00, payload_len=7, consumed=10, payload_hex: 0c1201900fffff
2026-06-29 05:44:17,081 [DEBUG] RSL message: 0c1201900fffff
2026-06-29 05:44:17,081 [DEBUG] RSL discriminator: 0x0c, message type: 0x12, payload: 0c1201900fffff
2026-06-29 05:44:17,081 [DEBUG] Incomplete frame, buffer size: 0, buffer_hex: 
2026-06-29 05:44:17,264 [DEBUG] Received 10 bytes from BTS
2026-06-29 05:44:17,264 [DEBUG] Decoded IPA frame: proto=0x00, payload_len=7, consumed=10, payload_hex: 0c1201900fffff
2026-06-29 05:44:17,264 [DEBUG] RSL message: 0c1201900fffff
2026-06-29 05:44:17,264 [DEBUG] RSL discriminator: 0x0c, message type: 0x12, payload: 0c1201900fffff
2026-06-29 05:44:17,264 [DEBUG] Incomplete frame, buffer size: 0, buffer_hex: 
2026-06-29 05:44:17,623 [INFO] Control Client connected from ('10.42.0.1', 35534)
2026-06-29 05:44:17,623 [INFO] handle_client: Starting, client socket: 6
2026-06-29 05:44:17,624 [INFO] handle_client: WELCOME sent
2026-06-29 05:44:17,674 [INFO] Replaying 35 buffered event(s)
2026-06-29 05:44:17,674 [WARNING] Failed to replay event 1: [Errno 32] Broken pipe
2026-06-29 05:44:17,674 [WARNING] Failed to replay event 2: [Errno 32] Broken pipe
2026-06-29 05:44:17,674 [WARNING] Failed to replay event 3: [Errno 32] Broken pipe
2026-06-29 05:44:17,674 [WARNING] Failed to replay event 4: [Errno 32] Broken pipe
2026-06-29 05:44:17,674 [WARNING] Failed to replay event 5: [Errno 32] Broken pipe
2026-06-29 05:44:17,674 [WARNING] Failed to replay event 6: [Errno 32] Broken pipe
2026-06-29 05:44:17,674 [WARNING] Failed to replay event 7: [Errno 32] Broken pipe
2026-06-29 05:44:17,674 [WARNING] Failed to replay event 8: [Errno 32] Broken pipe
2026-06-29 05:44:17,674 [WARNING] Failed to replay event 9: [Errno 32] Broken pipe
2026-06-29 05:44:17,674 [WARNING] Failed to replay event 10: [Errno 32] Broken pipe
2026-06-29 05:44:17,674 [WARNING] Failed to replay event 11: [Errno 32] Broken pipe
2026-06-29 05:44:17,674 [WARNING] Failed to replay event 12: [Errno 32] Broken pipe
2026-06-29 05:44:17,674 [WARNING] Failed to replay event 13: [Errno 32] Broken pipe
2026-06-29 05:44:17,674 [WARNING] Failed to replay event 14: [Errno 32] Broken pipe
2026-06-29 05:44:17,674 [WARNING] Failed to replay event 15: [Errno 32] Broken pipe
2026-06-29 05:44:17,674 [WARNING] Failed to replay event 16: [Errno 32] Broken pipe
2026-06-29 05:44:17,674 [WARNING] Failed to replay event 17: [Errno 32] Broken pipe
2026-06-29 05:44:17,674 [WARNING] Failed to replay event 18: [Errno 32] Broken pipe
2026-06-29 05:44:17,674 [WARNING] Failed to replay event 19: [Errno 32] Broken pipe
2026-06-29 05:44:17,674 [WARNING] Failed to replay event 20: [Errno 32] Broken pipe
2026-06-29 05:44:17,674 [WARNING] Failed to replay event 21: [Errno 32] Broken pipe
2026-06-29 05:44:17,675 [WARNING] Failed to replay event 22: [Errno 32] Broken pipe
2026-06-29 05:44:17,675 [WARNING] Failed to replay event 23: [Errno 32] Broken pipe
2026-06-29 05:44:17,675 [WARNING] Failed to replay event 24: [Errno 32] Broken pipe
2026-06-29 05:44:17,675 [WARNING] Failed to replay event 25: [Errno 32] Broken pipe
2026-06-29 05:44:17,675 [WARNING] Failed to replay event 26: [Errno 32] Broken pipe
2026-06-29 05:44:17,675 [WARNING] Failed to replay event 27: [Errno 32] Broken pipe
2026-06-29 05:44:17,675 [WARNING] Failed to replay event 28: [Errno 32] Broken pipe
2026-06-29 05:44:17,675 [WARNING] Failed to replay event 29: [Errno 32] Broken pipe
2026-06-29 05:44:17,675 [WARNING] Failed to replay event 30: [Errno 32] Broken pipe
2026-06-29 05:44:17,675 [WARNING] Failed to replay event 31: [Errno 32] Broken pipe
2026-06-29 05:44:17,675 [WARNING] Failed to replay event 32: [Errno 32] Broken pipe
2026-06-29 05:44:17,675 [WARNING] Failed to replay event 33: [Errno 32] Broken pipe
2026-06-29 05:44:17,675 [WARNING] Failed to replay event 34: [Errno 32] Broken pipe
2026-06-29 05:44:17,675 [WARNING] Failed to replay event 35: [Errno 32] Broken pipe
2026-06-29 05:44:17,675 [INFO] handle_client: Entering receive loop
2026-06-29 05:44:17,675 [INFO] handle_client: Received empty data, client closed connection
2026-06-29 05:44:17,675 [INFO] Control Client disconnected
2026-06-29 05:44:18,081 [DEBUG] Received 10 bytes from BTS
2026-06-29 05:44:18,081 [DEBUG] Decoded IPA frame: proto=0x00, payload_len=7, consumed=10, payload_hex: 0c1201900fffff
2026-06-29 05:44:18,081 [DEBUG] RSL message: 0c1201900fffff
2026-06-29 05:44:18,081 [DEBUG] RSL discriminator: 0x0c, message type: 0x12, payload: 0c1201900fffff
2026-06-29 05:44:18,081 [DEBUG] Incomplete frame, buffer size: 0, buffer_hex: 
2026-06-29 05:44:18,103 [DEBUG] Received 13 bytes from BTS
2026-06-29 05:44:18,103 [DEBUG] Decoded IPA frame: proto=0x00, payload_len=10, consumed=13, payload_hex: 0c130188130983351100
2026-06-29 05:44:18,103 [DEBUG] RSL message: 0c130188130983351100
2026-06-29 05:44:18,103 [DEBUG] RSL discriminator: 0x0c, message type: 0x13, payload: 0c130188130983351100
2026-06-29 05:44:18,103 [INFO] BTS 4242/0/0: CHAN_RQD received - RA=9, FN=21887, payload: 0c130188130983351100
2026-06-29 05:44:18,103 [INFO] CHAN_RQD: RA=9 FN=21887 BTS=4242/0/0
2026-06-29 05:44:18,103 [INFO] DEBUG: auto_respond=False
2026-06-29 05:44:18,103 [INFO] Sending CHAN_RQD event to control server: RA=9, FN_enc=33589
2026-06-29 05:44:18,103 [DEBUG] Buffered event CHAN_RQD (total buffered: 36)
2026-06-29 05:44:18,104 [DEBUG] Incomplete frame, buffer size: 0, buffer_hex: 
2026-06-29 05:44:18,264 [DEBUG] Received 10 bytes from BTS
2026-06-29 05:44:18,264 [DEBUG] Decoded IPA frame: proto=0x00, payload_len=7, consumed=10, payload_hex: 0c1201900fffff
2026-06-29 05:44:18,265 [DEBUG] RSL message: 0c1201900fffff
2026-06-29 05:44:18,265 [DEBUG] RSL discriminator: 0x0c, message type: 0x12, payload: 0c1201900fffff
2026-06-29 05:44:18,265 [DEBUG] Incomplete frame, buffer size: 0, buffer_hex: 
2026-06-29 05:44:19,081 [DEBUG] Received 10 bytes from BTS
2026-06-29 05:44:19,082 [DEBUG] Decoded IPA frame: proto=0x00, payload_len=7, consumed=10, payload_hex: 0c1201900fffff
2026-06-29 05:44:19,082 [DEBUG] RSL message: 0c1201900fffff
2026-06-29 05:44:19,082 [DEBUG] RSL discriminator: 0x0c, message type: 0x12, payload: 0c1201900fffff
2026-06-29 05:44:19,082 [DEBUG] Incomplete frame, buffer size: 0, buffer_hex: 
2026-06-29 05:44:19,264 [DEBUG] Received 10 bytes from BTS
2026-06-29 05:44:19,265 [DEBUG] Decoded IPA frame: proto=0x00, payload_len=7, consumed=10, payload_hex: 0c1201900fffff
2026-06-29 05:44:19,265 [DEBUG] RSL message: 0c1201900fffff
2026-06-29 05:44:19,265 [DEBUG] RSL discriminator: 0x0c, message type: 0x12, payload: 0c1201900fffff
2026-06-29 05:44:19,265 [DEBUG] Incomplete frame, buffer size: 0, buffer_hex: 
2026-06-29 05:44:20,082 [DEBUG] Received 10 bytes from BTS
2026-06-29 05:44:20,082 [DEBUG] Decoded IPA frame: proto=0x00, payload_len=7, consumed=10, payload_hex: 0c1201900fffff
2026-06-29 05:44:20,082 [DEBUG] RSL message: 0c1201900fffff
2026-06-29 05:44:20,082 [DEBUG] RSL discriminator: 0x0c, message type: 0x12, payload: 0c1201900fffff
2026-06-29 05:44:20,082 [DEBUG] Incomplete frame, buffer size: 0, buffer_hex: 
2026-06-29 05:44:20,265 [DEBUG] Received 10 bytes from BTS
2026-06-29 05:44:20,265 [DEBUG] Decoded IPA frame: proto=0x00, payload_len=7, consumed=10, payload_hex: 0c1201900fffff
2026-06-29 05:44:20,265 [DEBUG] RSL message: 0c1201900fffff
2026-06-29 05:44:20,265 [DEBUG] RSL discriminator: 0x0c, message type: 0x12, payload: 0c1201900fffff
2026-06-29 05:44:20,265 [DEBUG] Incomplete frame, buffer size: 0, buffer_hex: 
2026-06-29 05:44:20,623 [INFO] Control Client connected from ('10.42.0.1', 35536)
2026-06-29 05:44:20,623 [INFO] handle_client: Starting, client socket: 11
2026-06-29 05:44:20,624 [INFO] handle_client: WELCOME sent
2026-06-29 05:44:20,674 [INFO] Replaying 36 buffered event(s)
2026-06-29 05:44:20,674 [WARNING] Failed to replay event 1: [Errno 32] Broken pipe
2026-06-29 05:44:20,674 [WARNING] Failed to replay event 2: [Errno 32] Broken pipe
2026-06-29 05:44:20,674 [WARNING] Failed to replay event 3: [Errno 32] Broken pipe
2026-06-29 05:44:20,674 [WARNING] Failed to replay event 4: [Errno 32] Broken pipe
2026-06-29 05:44:20,674 [WARNING] Failed to replay event 5: [Errno 32] Broken pipe
2026-06-29 05:44:20,674 [WARNING] Failed to replay event 6: [Errno 32] Broken pipe
2026-06-29 05:44:20,674 [WARNING] Failed to replay event 7: [Errno 32] Broken pipe
2026-06-29 05:44:20,674 [WARNING] Failed to replay event 8: [Errno 32] Broken pipe
2026-06-29 05:44:20,674 [WARNING] Failed to replay event 9: [Errno 32] Broken pipe
2026-06-29 05:44:20,674 [WARNING] Failed to replay event 10: [Errno 32] Broken pipe
2026-06-29 05:44:20,674 [WARNING] Failed to replay event 11: [Errno 32] Broken pipe
2026-06-29 05:44:20,674 [WARNING] Failed to replay event 12: [Errno 32] Broken pipe
2026-06-29 05:44:20,674 [WARNING] Failed to replay event 13: [Errno 32] Broken pipe
2026-06-29 05:44:20,674 [WARNING] Failed to replay event 14: [Errno 32] Broken pipe
2026-06-29 05:44:20,674 [WARNING] Failed to replay event 15: [Errno 32] Broken pipe
2026-06-29 05:44:20,674 [WARNING] Failed to replay event 16: [Errno 32] Broken pipe
2026-06-29 05:44:20,674 [WARNING] Failed to replay event 17: [Errno 32] Broken pipe
2026-06-29 05:44:20,674 [WARNING] Failed to replay event 18: [Errno 32] Broken pipe
2026-06-29 05:44:20,674 [WARNING] Failed to replay event 19: [Errno 32] Broken pipe
2026-06-29 05:44:20,674 [WARNING] Failed to replay event 20: [Errno 32] Broken pipe
2026-06-29 05:44:20,674 [WARNING] Failed to replay event 21: [Errno 32] Broken pipe
2026-06-29 05:44:20,674 [WARNING] Failed to replay event 22: [Errno 32] Broken pipe
2026-06-29 05:44:20,674 [WARNING] Failed to replay event 23: [Errno 32] Broken pipe
2026-06-29 05:44:20,674 [WARNING] Failed to replay event 24: [Errno 32] Broken pipe
2026-06-29 05:44:20,674 [WARNING] Failed to replay event 25: [Errno 32] Broken pipe
2026-06-29 05:44:20,674 [WARNING] Failed to replay event 26: [Errno 32] Broken pipe
2026-06-29 05:44:20,674 [WARNING] Failed to replay event 27: [Errno 32] Broken pipe
2026-06-29 05:44:20,674 [WARNING] Failed to replay event 28: [Errno 32] Broken pipe
2026-06-29 05:44:20,674 [WARNING] Failed to replay event 29: [Errno 32] Broken pipe
2026-06-29 05:44:20,674 [WARNING] Failed to replay event 30: [Errno 32] Broken pipe
2026-06-29 05:44:20,674 [WARNING] Failed to replay event 31: [Errno 32] Broken pipe
2026-06-29 05:44:20,675 [WARNING] Failed to replay event 32: [Errno 32] Broken pipe
2026-06-29 05:44:20,675 [WARNING] Failed to replay event 33: [Errno 32] Broken pipe
2026-06-29 05:44:20,675 [WARNING] Failed to replay event 34: [Errno 32] Broken pipe
2026-06-29 05:44:20,675 [WARNING] Failed to replay event 35: [Errno 32] Broken pipe
2026-06-29 05:44:20,675 [WARNING] Failed to replay event 36: [Errno 32] Broken pipe
2026-06-29 05:44:20,675 [INFO] handle_client: Entering receive loop
2026-06-29 05:44:20,675 [INFO] handle_client: Received empty data, client closed connection
2026-06-29 05:44:20,675 [INFO] Control Client disconnected
2026-06-29 05:44:21,082 [DEBUG] Received 10 bytes from BTS
2026-06-29 05:44:21,082 [DEBUG] Decoded IPA frame: proto=0x00, payload_len=7, consumed=10, payload_hex: 0c1201900fffff
2026-06-29 05:44:21,082 [DEBUG] RSL message: 0c1201900fffff
2026-06-29 05:44:21,082 [DEBUG] RSL discriminator: 0x0c, message type: 0x12, payload: 0c1201900fffff
2026-06-29 05:44:21,082 [DEBUG] Incomplete frame, buffer size: 0, buffer_hex: 
2026-06-29 05:44:21,265 [DEBUG] Received 10 bytes from BTS
2026-06-29 05:44:21,265 [DEBUG] Decoded IPA frame: proto=0x00, payload_len=7, consumed=10, payload_hex: 0c1201900fffff
2026-06-29 05:44:21,265 [DEBUG] RSL message: 0c1201900fffff
2026-06-29 05:44:21,265 [DEBUG] RSL discriminator: 0x0c, message type: 0x12, payload: 0c1201900fffff
2026-06-29 05:44:21,265 [DEBUG] Incomplete frame, buffer size: 0, buffer_hex: 
2026-06-29 05:44:22,083 [DEBUG] Received 10 bytes from BTS
2026-06-29 05:44:22,083 [DEBUG] Decoded IPA frame: proto=0x00, payload_len=7, consumed=10, payload_hex: 0c1201900fffff
2026-06-29 05:44:22,083 [DEBUG] RSL message: 0c1201900fffff
2026-06-29 05:44:22,083 [DEBUG] RSL discriminator: 0x0c, message type: 0x12, payload: 0c1201900fffff
2026-06-29 05:44:22,083 [DEBUG] Incomplete frame, buffer size: 0, buffer_hex: 
2026-06-29 05:44:22,266 [DEBUG] Received 10 bytes from BTS
2026-06-29 05:44:22,266 [DEBUG] Decoded IPA frame: proto=0x00, payload_len=7, consumed=10, payload_hex: 0c1201900fffff
2026-06-29 05:44:22,266 [DEBUG] RSL message: 0c1201900fffff
2026-06-29 05:44:22,266 [DEBUG] RSL discriminator: 0x0c, message type: 0x12, payload: 0c1201900fffff
2026-06-29 05:44:22,266 [DEBUG] Incomplete frame, buffer size: 0, buffer_hex: 
2026-06-29 05:44:22,936 [INFO] Control Client connected from ('10.42.0.1', 53838)
2026-06-29 05:44:22,936 [INFO] handle_client: Starting, client socket: 6
2026-06-29 05:44:22,936 [INFO] handle_client: WELCOME sent
2026-06-29 05:44:22,987 [INFO] Replaying 36 buffered event(s)
2026-06-29 05:44:22,987 [WARNING] Failed to replay event 1: [Errno 32] Broken pipe
2026-06-29 05:44:22,987 [WARNING] Failed to replay event 2: [Errno 32] Broken pipe
2026-06-29 05:44:22,987 [WARNING] Failed to replay event 3: [Errno 32] Broken pipe
2026-06-29 05:44:22,987 [WARNING] Failed to replay event 4: [Errno 32] Broken pipe
2026-06-29 05:44:22,987 [WARNING] Failed to replay event 5: [Errno 32] Broken pipe
2026-06-29 05:44:22,987 [WARNING] Failed to replay event 6: [Errno 32] Broken pipe
2026-06-29 05:44:22,987 [WARNING] Failed to replay event 7: [Errno 32] Broken pipe
2026-06-29 05:44:22,987 [WARNING] Failed to replay event 8: [Errno 32] Broken pipe
2026-06-29 05:44:22,987 [WARNING] Failed to replay event 9: [Errno 32] Broken pipe
2026-06-29 05:44:22,987 [WARNING] Failed to replay event 10: [Errno 32] Broken pipe
2026-06-29 05:44:22,987 [WARNING] Failed to replay event 11: [Errno 32] Broken pipe
2026-06-29 05:44:22,987 [WARNING] Failed to replay event 12: [Errno 32] Broken pipe
2026-06-29 05:44:22,987 [WARNING] Failed to replay event 13: [Errno 32] Broken pipe
2026-06-29 05:44:22,987 [WARNING] Failed to replay event 14: [Errno 32] Broken pipe
2026-06-29 05:44:22,987 [WARNING] Failed to replay event 15: [Errno 32] Broken pipe
2026-06-29 05:44:22,987 [WARNING] Failed to replay event 16: [Errno 32] Broken pipe
2026-06-29 05:44:22,987 [WARNING] Failed to replay event 17: [Errno 32] Broken pipe
2026-06-29 05:44:22,987 [WARNING] Failed to replay event 18: [Errno 32] Broken pipe
2026-06-29 05:44:22,987 [WARNING] Failed to replay event 19: [Errno 32] Broken pipe
2026-06-29 05:44:22,987 [WARNING] Failed to replay event 20: [Errno 32] Broken pipe
2026-06-29 05:44:22,987 [WARNING] Failed to replay event 21: [Errno 32] Broken pipe
2026-06-29 05:44:22,987 [WARNING] Failed to replay event 22: [Errno 32] Broken pipe
2026-06-29 05:44:22,987 [WARNING] Failed to replay event 23: [Errno 32] Broken pipe
2026-06-29 05:44:22,987 [WARNING] Failed to replay event 24: [Errno 32] Broken pipe
2026-06-29 05:44:22,987 [WARNING] Failed to replay event 25: [Errno 32] Broken pipe
2026-06-29 05:44:22,987 [WARNING] Failed to replay event 26: [Errno 32] Broken pipe
2026-06-29 05:44:22,987 [WARNING] Failed to replay event 27: [Errno 32] Broken pipe
2026-06-29 05:44:22,987 [WARNING] Failed to replay event 28: [Errno 32] Broken pipe
2026-06-29 05:44:22,987 [WARNING] Failed to replay event 29: [Errno 32] Broken pipe
2026-06-29 05:44:22,987 [WARNING] Failed to replay event 30: [Errno 32] Broken pipe
2026-06-29 05:44:22,987 [WARNING] Failed to replay event 31: [Errno 32] Broken pipe
2026-06-29 05:44:22,987 [WARNING] Failed to replay event 32: [Errno 32] Broken pipe
2026-06-29 05:44:22,987 [WARNING] Failed to replay event 33: [Errno 32] Broken pipe
2026-06-29 05:44:22,987 [WARNING] Failed to replay event 34: [Errno 32] Broken pipe
2026-06-29 05:44:22,987 [WARNING] Failed to replay event 35: [Errno 32] Broken pipe
2026-06-29 05:44:22,987 [WARNING] Failed to replay event 36: [Errno 32] Broken pipe
2026-06-29 05:44:22,987 [INFO] handle_client: Entering receive loop
2026-06-29 05:44:22,987 [INFO] handle_client: Received empty data, client closed connection
2026-06-29 05:44:22,987 [INFO] Control Client disconnected
2026-06-29 05:44:23,083 [DEBUG] Received 10 bytes from BTS
2026-06-29 05:44:23,084 [DEBUG] Decoded IPA frame: proto=0x00, payload_len=7, consumed=10, payload_hex: 0c1201900fffff
2026-06-29 05:44:23,084 [DEBUG] RSL message: 0c1201900fffff
2026-06-29 05:44:23,084 [DEBUG] RSL discriminator: 0x0c, message type: 0x12, payload: 0c1201900fffff
2026-06-29 05:44:23,084 [DEBUG] Incomplete frame, buffer size: 0, buffer_hex: 
2026-06-29 05:44:23,266 [DEBUG] Received 10 bytes from BTS
2026-06-29 05:44:23,266 [DEBUG] Decoded IPA frame: proto=0x00, payload_len=7, consumed=10, payload_hex: 0c1201900fffff
2026-06-29 05:44:23,266 [DEBUG] RSL message: 0c1201900fffff
2026-06-29 05:44:23,266 [DEBUG] RSL discriminator: 0x0c, message type: 0x12, payload: 0c1201900fffff
2026-06-29 05:44:23,266 [DEBUG] Incomplete frame, buffer size: 0, buffer_hex: 
2026-06-29 05:44:23,623 [INFO] Control Client connected from ('10.42.0.1', 53852)
2026-06-29 05:44:23,623 [INFO] handle_client: Starting, client socket: 11
2026-06-29 05:44:23,623 [INFO] handle_client: WELCOME sent
2026-06-29 05:44:23,674 [INFO] Replaying 36 buffered event(s)
2026-06-29 05:44:23,674 [WARNING] Failed to replay event 1: [Errno 32] Broken pipe
2026-06-29 05:44:23,674 [WARNING] Failed to replay event 2: [Errno 32] Broken pipe
2026-06-29 05:44:23,674 [WARNING] Failed to replay event 3: [Errno 32] Broken pipe
2026-06-29 05:44:23,674 [WARNING] Failed to replay event 4: [Errno 32] Broken pipe
2026-06-29 05:44:23,674 [WARNING] Failed to replay event 5: [Errno 32] Broken pipe
2026-06-29 05:44:23,674 [WARNING] Failed to replay event 6: [Errno 32] Broken pipe
2026-06-29 05:44:23,674 [WARNING] Failed to replay event 7: [Errno 32] Broken pipe
2026-06-29 05:44:23,674 [WARNING] Failed to replay event 8: [Errno 32] Broken pipe
2026-06-29 05:44:23,674 [WARNING] Failed to replay event 9: [Errno 32] Broken pipe
2026-06-29 05:44:23,674 [WARNING] Failed to replay event 10: [Errno 32] Broken pipe
2026-06-29 05:44:23,674 [WARNING] Failed to replay event 11: [Errno 32] Broken pipe
2026-06-29 05:44:23,674 [WARNING] Failed to replay event 12: [Errno 32] Broken pipe
2026-06-29 05:44:23,674 [WARNING] Failed to replay event 13: [Errno 32] Broken pipe
2026-06-29 05:44:23,674 [WARNING] Failed to replay event 14: [Errno 32] Broken pipe
2026-06-29 05:44:23,674 [WARNING] Failed to replay event 15: [Errno 32] Broken pipe
2026-06-29 05:44:23,674 [WARNING] Failed to replay event 16: [Errno 32] Broken pipe
2026-06-29 05:44:23,674 [WARNING] Failed to replay event 17: [Errno 32] Broken pipe
2026-06-29 05:44:23,674 [WARNING] Failed to replay event 18: [Errno 32] Broken pipe
2026-06-29 05:44:23,674 [WARNING] Failed to replay event 19: [Errno 32] Broken pipe
2026-06-29 05:44:23,674 [WARNING] Failed to replay event 20: [Errno 32] Broken pipe
2026-06-29 05:44:23,674 [WARNING] Failed to replay event 21: [Errno 32] Broken pipe
2026-06-29 05:44:23,674 [WARNING] Failed to replay event 22: [Errno 32] Broken pipe
2026-06-29 05:44:23,674 [WARNING] Failed to replay event 23: [Errno 32] Broken pipe
2026-06-29 05:44:23,674 [WARNING] Failed to replay event 24: [Errno 32] Broken pipe
2026-06-29 05:44:23,674 [WARNING] Failed to replay event 25: [Errno 32] Broken pipe
2026-06-29 05:44:23,674 [WARNING] Failed to replay event 26: [Errno 32] Broken pipe
2026-06-29 05:44:23,675 [WARNING] Failed to replay event 27: [Errno 32] Broken pipe
2026-06-29 05:44:23,675 [WARNING] Failed to replay event 28: [Errno 32] Broken pipe
2026-06-29 05:44:23,675 [WARNING] Failed to replay event 29: [Errno 32] Broken pipe
2026-06-29 05:44:23,675 [WARNING] Failed to replay event 30: [Errno 32] Broken pipe
2026-06-29 05:44:23,675 [WARNING] Failed to replay event 31: [Errno 32] Broken pipe
2026-06-29 05:44:23,675 [WARNING] Failed to replay event 32: [Errno 32] Broken pipe
2026-06-29 05:44:23,675 [WARNING] Failed to replay event 33: [Errno 32] Broken pipe
2026-06-29 05:44:23,675 [WARNING] Failed to replay event 34: [Errno 32] Broken pipe
2026-06-29 05:44:23,675 [WARNING] Failed to replay event 35: [Errno 32] Broken pipe
2026-06-29 05:44:23,675 [WARNING] Failed to replay event 36: [Errno 32] Broken pipe
2026-06-29 05:44:23,675 [INFO] handle_client: Entering receive loop
2026-06-29 05:44:23,675 [INFO] handle_client: Received empty data, client closed connection
2026-06-29 05:44:23,675 [INFO] Control Client disconnected
2026-06-29 05:44:24,084 [DEBUG] Received 10 bytes from BTS
2026-06-29 05:44:24,084 [DEBUG] Decoded IPA frame: proto=0x00, payload_len=7, consumed=10, payload_hex: 0c1201900fffff
2026-06-29 05:44:24,084 [DEBUG] RSL message: 0c1201900fffff
2026-06-29 05:44:24,085 [DEBUG] RSL discriminator: 0x0c, message type: 0x12, payload: 0c1201900fffff
2026-06-29 05:44:24,085 [DEBUG] Incomplete frame, buffer size: 0, buffer_hex: 
2026-06-29 05:44:24,267 [DEBUG] Received 10 bytes from BTS
2026-06-29 05:44:24,267 [DEBUG] Decoded IPA frame: proto=0x00, payload_len=7, consumed=10, payload_hex: 0c1201900fffff
2026-06-29 05:44:24,268 [DEBUG] RSL message: 0c1201900fffff
2026-06-29 05:44:24,268 [DEBUG] RSL discriminator: 0x0c, message type: 0x12, payload: 0c1201900fffff
2026-06-29 05:44:24,268 [DEBUG] Incomplete frame, buffer size: 0, buffer_hex: 
2026-06-29 05:44:25,084 [DEBUG] Received 10 bytes from BTS
2026-06-29 05:44:25,084 [DEBUG] Decoded IPA frame: proto=0x00, payload_len=7, consumed=10, payload_hex: 0c1201900fffff
2026-06-29 05:44:25,084 [DEBUG] RSL message: 0c1201900fffff
2026-06-29 05:44:25,085 [DEBUG] RSL discriminator: 0x0c, message type: 0x12, payload: 0c1201900fffff
2026-06-29 05:44:25,085 [DEBUG] Incomplete frame, buffer size: 0, buffer_hex: 
2026-06-29 05:44:25,267 [DEBUG] Received 10 bytes from BTS
2026-06-29 05:44:25,268 [DEBUG] Decoded IPA frame: proto=0x00, payload_len=7, consumed=10, payload_hex: 0c1201900fffff
2026-06-29 05:44:25,268 [DEBUG] RSL message: 0c1201900fffff
2026-06-29 05:44:25,268 [DEBUG] RSL discriminator: 0x0c, message type: 0x12, payload: 0c1201900fffff
2026-06-29 05:44:25,268 [DEBUG] Incomplete frame, buffer size: 0, buffer_hex: 
2026-06-29 05:44:26,085 [DEBUG] Received 10 bytes from BTS
2026-06-29 05:44:26,085 [DEBUG] Decoded IPA frame: proto=0x00, payload_len=7, consumed=10, payload_hex: 0c1201900fffff
2026-06-29 05:44:26,085 [DEBUG] RSL message: 0c1201900fffff
2026-06-29 05:44:26,085 [DEBUG] RSL discriminator: 0x0c, message type: 0x12, payload: 0c1201900fffff
2026-06-29 05:44:26,085 [DEBUG] Incomplete frame, buffer size: 0, buffer_hex: 
2026-06-29 05:44:26,268 [DEBUG] Received 10 bytes from BTS
2026-06-29 05:44:26,268 [DEBUG] Decoded IPA frame: proto=0x00, payload_len=7, consumed=10, payload_hex: 0c1201900fffff
2026-06-29 05:44:26,268 [DEBUG] RSL message: 0c1201900fffff
2026-06-29 05:44:26,268 [DEBUG] RSL discriminator: 0x0c, message type: 0x12, payload: 0c1201900fffff
2026-06-29 05:44:26,269 [DEBUG] Incomplete frame, buffer size: 0, buffer_hex: 
2026-06-29 05:44:26,624 [INFO] Control Client connected from ('10.42.0.1', 53854)
2026-06-29 05:44:26,624 [INFO] handle_client: Starting, client socket: 6
2026-06-29 05:44:26,624 [INFO] handle_client: WELCOME sent
2026-06-29 05:44:26,674 [INFO] Replaying 36 buffered event(s)
2026-06-29 05:44:26,675 [WARNING] Failed to replay event 1: [Errno 32] Broken pipe
2026-06-29 05:44:26,675 [WARNING] Failed to replay event 2: [Errno 32] Broken pipe
2026-06-29 05:44:26,675 [WARNING] Failed to replay event 3: [Errno 32] Broken pipe
2026-06-29 05:44:26,675 [WARNING] Failed to replay event 4: [Errno 32] Broken pipe
2026-06-29 05:44:26,675 [WARNING] Failed to replay event 5: [Errno 32] Broken pipe
2026-06-29 05:44:26,675 [WARNING] Failed to replay event 6: [Errno 32] Broken pipe
2026-06-29 05:44:26,675 [WARNING] Failed to replay event 7: [Errno 32] Broken pipe
2026-06-29 05:44:26,675 [WARNING] Failed to replay event 8: [Errno 32] Broken pipe
2026-06-29 05:44:26,675 [WARNING] Failed to replay event 9: [Errno 32] Broken pipe
2026-06-29 05:44:26,675 [WARNING] Failed to replay event 10: [Errno 32] Broken pipe
2026-06-29 05:44:26,675 [WARNING] Failed to replay event 11: [Errno 32] Broken pipe
2026-06-29 05:44:26,675 [WARNING] Failed to replay event 12: [Errno 32] Broken pipe
2026-06-29 05:44:26,675 [WARNING] Failed to replay event 13: [Errno 32] Broken pipe
2026-06-29 05:44:26,675 [WARNING] Failed to replay event 14: [Errno 32] Broken pipe
2026-06-29 05:44:26,675 [WARNING] Failed to replay event 15: [Errno 32] Broken pipe
2026-06-29 05:44:26,675 [WARNING] Failed to replay event 16: [Errno 32] Broken pipe
2026-06-29 05:44:26,675 [WARNING] Failed to replay event 17: [Errno 32] Broken pipe
2026-06-29 05:44:26,675 [WARNING] Failed to replay event 18: [Errno 32] Broken pipe
2026-06-29 05:44:26,675 [WARNING] Failed to replay event 19: [Errno 32] Broken pipe
2026-06-29 05:44:26,675 [WARNING] Failed to replay event 20: [Errno 32] Broken pipe
2026-06-29 05:44:26,675 [WARNING] Failed to replay event 21: [Errno 32] Broken pipe
2026-06-29 05:44:26,675 [WARNING] Failed to replay event 22: [Errno 32] Broken pipe
2026-06-29 05:44:26,675 [WARNING] Failed to replay event 23: [Errno 32] Broken pipe
2026-06-29 05:44:26,675 [WARNING] Failed to replay event 24: [Errno 32] Broken pipe
2026-06-29 05:44:26,675 [WARNING] Failed to replay event 25: [Errno 32] Broken pipe
2026-06-29 05:44:26,675 [WARNING] Failed to replay event 26: [Errno 32] Broken pipe
2026-06-29 05:44:26,675 [WARNING] Failed to replay event 27: [Errno 32] Broken pipe
2026-06-29 05:44:26,675 [WARNING] Failed to replay event 28: [Errno 32] Broken pipe
2026-06-29 05:44:26,675 [WARNING] Failed to replay event 29: [Errno 32] Broken pipe
2026-06-29 05:44:26,675 [WARNING] Failed to replay event 30: [Errno 32] Broken pipe
2026-06-29 05:44:26,675 [WARNING] Failed to replay event 31: [Errno 32] Broken pipe
2026-06-29 05:44:26,675 [WARNING] Failed to replay event 32: [Errno 32] Broken pipe
2026-06-29 05:44:26,675 [WARNING] Failed to replay event 33: [Errno 32] Broken pipe
2026-06-29 05:44:26,675 [WARNING] Failed to replay event 34: [Errno 32] Broken pipe
2026-06-29 05:44:26,675 [WARNING] Failed to replay event 35: [Errno 32] Broken pipe
2026-06-29 05:44:26,675 [WARNING] Failed to replay event 36: [Errno 32] Broken pipe
2026-06-29 05:44:26,675 [INFO] handle_client: Entering receive loop
2026-06-29 05:44:26,675 [INFO] handle_client: Received empty data, client closed connection
2026-06-29 05:44:26,675 [INFO] Control Client disconnected
2026-06-29 05:44:27,085 [DEBUG] Received 10 bytes from BTS
2026-06-29 05:44:27,086 [DEBUG] Decoded IPA frame: proto=0x00, payload_len=7, consumed=10, payload_hex: 0c1201900fffff
2026-06-29 05:44:27,086 [DEBUG] RSL message: 0c1201900fffff
2026-06-29 05:44:27,086 [DEBUG] RSL discriminator: 0x0c, message type: 0x12, payload: 0c1201900fffff
2026-06-29 05:44:27,086 [DEBUG] Incomplete frame, buffer size: 0, buffer_hex: 
2026-06-29 05:44:27,268 [DEBUG] Received 10 bytes from BTS
2026-06-29 05:44:27,269 [DEBUG] Decoded IPA frame: proto=0x00, payload_len=7, consumed=10, payload_hex: 0c1201900fffff
2026-06-29 05:44:27,269 [DEBUG] RSL message: 0c1201900fffff
2026-06-29 05:44:27,269 [DEBUG] RSL discriminator: 0x0c, message type: 0x12, payload: 0c1201900fffff
2026-06-29 05:44:27,269 [DEBUG] Incomplete frame, buffer size: 0, buffer_hex: 
2026-06-29 05:44:28,086 [DEBUG] Received 10 bytes from BTS
2026-06-29 05:44:28,086 [DEBUG] Decoded IPA frame: proto=0x00, payload_len=7, consumed=10, payload_hex: 0c1201900fffff
2026-06-29 05:44:28,086 [DEBUG] RSL message: 0c1201900fffff
2026-06-29 05:44:28,087 [DEBUG] RSL discriminator: 0x0c, message type: 0x12, payload: 0c1201900fffff
2026-06-29 05:44:28,087 [DEBUG] Incomplete frame, buffer size: 0, buffer_hex: 
2026-06-29 05:44:28,269 [DEBUG] Received 10 bytes from BTS
2026-06-29 05:44:28,269 [DEBUG] Decoded IPA frame: proto=0x00, payload_len=7, consumed=10, payload_hex: 0c1201900fffff
2026-06-29 05:44:28,269 [DEBUG] RSL message: 0c1201900fffff
2026-06-29 05:44:28,269 [DEBUG] RSL discriminator: 0x0c, message type: 0x12, payload: 0c1201900fffff
2026-06-29 05:44:28,270 [DEBUG] Incomplete frame, buffer size: 0, buffer_hex: 
2026-06-29 05:44:29,087 [DEBUG] Received 10 bytes from BTS
2026-06-29 05:44:29,087 [DEBUG] Decoded IPA frame: proto=0x00, payload_len=7, consumed=10, payload_hex: 0c1201900fffff
2026-06-29 05:44:29,087 [DEBUG] RSL message: 0c1201900fffff
2026-06-29 05:44:29,087 [DEBUG] RSL discriminator: 0x0c, message type: 0x12, payload: 0c1201900fffff
2026-06-29 05:44:29,087 [DEBUG] Incomplete frame, buffer size: 0, buffer_hex: 
2026-06-29 05:44:29,270 [DEBUG] Received 10 bytes from BTS
2026-06-29 05:44:29,270 [DEBUG] Decoded IPA frame: proto=0x00, payload_len=7, consumed=10, payload_hex: 0c1201900fffff
2026-06-29 05:44:29,270 [DEBUG] RSL message: 0c1201900fffff
2026-06-29 05:44:29,270 [DEBUG] RSL discriminator: 0x0c, message type: 0x12, payload: 0c1201900fffff
2026-06-29 05:44:29,270 [DEBUG] Incomplete frame, buffer size: 0, buffer_hex: 
2026-06-29 05:44:29,624 [INFO] Control Client connected from ('10.42.0.1', 53866)
2026-06-29 05:44:29,624 [INFO] handle_client: Starting, client socket: 11
2026-06-29 05:44:29,624 [INFO] handle_client: WELCOME sent
2026-06-29 05:44:29,674 [INFO] Replaying 36 buffered event(s)
2026-06-29 05:44:29,674 [WARNING] Failed to replay event 1: [Errno 32] Broken pipe
2026-06-29 05:44:29,674 [WARNING] Failed to replay event 2: [Errno 32] Broken pipe
2026-06-29 05:44:29,674 [WARNING] Failed to replay event 3: [Errno 32] Broken pipe
2026-06-29 05:44:29,674 [WARNING] Failed to replay event 4: [Errno 32] Broken pipe
2026-06-29 05:44:29,674 [WARNING] Failed to replay event 5: [Errno 32] Broken pipe
2026-06-29 05:44:29,674 [WARNING] Failed to replay event 6: [Errno 32] Broken pipe
2026-06-29 05:44:29,675 [WARNING] Failed to replay event 7: [Errno 32] Broken pipe
2026-06-29 05:44:29,675 [WARNING] Failed to replay event 8: [Errno 32] Broken pipe
2026-06-29 05:44:29,675 [WARNING] Failed to replay event 9: [Errno 32] Broken pipe
2026-06-29 05:44:29,675 [WARNING] Failed to replay event 10: [Errno 32] Broken pipe
2026-06-29 05:44:29,675 [WARNING] Failed to replay event 11: [Errno 32] Broken pipe
2026-06-29 05:44:29,675 [WARNING] Failed to replay event 12: [Errno 32] Broken pipe
2026-06-29 05:44:29,675 [WARNING] Failed to replay event 13: [Errno 32] Broken pipe
2026-06-29 05:44:29,675 [WARNING] Failed to replay event 14: [Errno 32] Broken pipe
2026-06-29 05:44:29,675 [WARNING] Failed to replay event 15: [Errno 32] Broken pipe
2026-06-29 05:44:29,675 [WARNING] Failed to replay event 16: [Errno 32] Broken pipe
2026-06-29 05:44:29,675 [WARNING] Failed to replay event 17: [Errno 32] Broken pipe
2026-06-29 05:44:29,675 [WARNING] Failed to replay event 18: [Errno 32] Broken pipe
2026-06-29 05:44:29,675 [WARNING] Failed to replay event 19: [Errno 32] Broken pipe
2026-06-29 05:44:29,675 [WARNING] Failed to replay event 20: [Errno 32] Broken pipe
2026-06-29 05:44:29,675 [WARNING] Failed to replay event 21: [Errno 32] Broken pipe
2026-06-29 05:44:29,675 [WARNING] Failed to replay event 22: [Errno 32] Broken pipe
2026-06-29 05:44:29,675 [WARNING] Failed to replay event 23: [Errno 32] Broken pipe
2026-06-29 05:44:29,675 [WARNING] Failed to replay event 24: [Errno 32] Broken pipe
2026-06-29 05:44:29,675 [WARNING] Failed to replay event 25: [Errno 32] Broken pipe
2026-06-29 05:44:29,675 [WARNING] Failed to replay event 26: [Errno 32] Broken pipe
2026-06-29 05:44:29,675 [WARNING] Failed to replay event 27: [Errno 32] Broken pipe
2026-06-29 05:44:29,675 [WARNING] Failed to replay event 28: [Errno 32] Broken pipe
2026-06-29 05:44:29,675 [WARNING] Failed to replay event 29: [Errno 32] Broken pipe
2026-06-29 05:44:29,675 [WARNING] Failed to replay event 30: [Errno 32] Broken pipe
2026-06-29 05:44:29,675 [WARNING] Failed to replay event 31: [Errno 32] Broken pipe
2026-06-29 05:44:29,675 [WARNING] Failed to replay event 32: [Errno 32] Broken pipe
2026-06-29 05:44:29,675 [WARNING] Failed to replay event 33: [Errno 32] Broken pipe
2026-06-29 05:44:29,675 [WARNING] Failed to replay event 34: [Errno 32] Broken pipe
2026-06-29 05:44:29,675 [WARNING] Failed to replay event 35: [Errno 32] Broken pipe
2026-06-29 05:44:29,675 [WARNING] Failed to replay event 36: [Errno 32] Broken pipe
2026-06-29 05:44:29,675 [INFO] handle_client: Entering receive loop
2026-06-29 05:44:29,675 [INFO] handle_client: Received empty data, client closed connection
2026-06-29 05:44:29,675 [INFO] Control Client disconnected
2026-06-29 05:44:30,088 [DEBUG] Received 10 bytes from BTS
2026-06-29 05:44:30,088 [DEBUG] Decoded IPA frame: proto=0x00, payload_len=7, consumed=10, payload_hex: 0c1201900fffff
2026-06-29 05:44:30,088 [DEBUG] RSL message: 0c1201900fffff
2026-06-29 05:44:30,088 [DEBUG] RSL discriminator: 0x0c, message type: 0x12, payload: 0c1201900fffff
2026-06-29 05:44:30,088 [DEBUG] Incomplete frame, buffer size: 0, buffer_hex: 
2026-06-29 05:44:30,271 [DEBUG] Received 10 bytes from BTS
2026-06-29 05:44:30,271 [DEBUG] Decoded IPA frame: proto=0x00, payload_len=7, consumed=10, payload_hex: 0c1201900fffff
2026-06-29 05:44:30,271 [DEBUG] RSL message: 0c1201900fffff
2026-06-29 05:44:30,271 [DEBUG] RSL discriminator: 0x0c, message type: 0x12, payload: 0c1201900fffff
2026-06-29 05:44:30,271 [DEBUG] Incomplete frame, buffer size: 0, buffer_hex: 
2026-06-29 05:44:31,088 [DEBUG] Received 10 bytes from BTS
2026-06-29 05:44:31,088 [DEBUG] Decoded IPA frame: proto=0x00, payload_len=7, consumed=10, payload_hex: 0c1201900fffff
2026-06-29 05:44:31,088 [DEBUG] RSL message: 0c1201900fffff
2026-06-29 05:44:31,088 [DEBUG] RSL discriminator: 0x0c, message type: 0x12, payload: 0c1201900fffff
2026-06-29 05:44:31,088 [DEBUG] Incomplete frame, buffer size: 0, buffer_hex: 
2026-06-29 05:44:31,271 [DEBUG] Received 10 bytes from BTS
2026-06-29 05:44:31,271 [DEBUG] Decoded IPA frame: proto=0x00, payload_len=7, consumed=10, payload_hex: 0c1201900fffff
2026-06-29 05:44:31,272 [DEBUG] RSL message: 0c1201900fffff
2026-06-29 05:44:31,272 [DEBUG] RSL discriminator: 0x0c, message type: 0x12, payload: 0c1201900fffff
2026-06-29 05:44:31,272 [DEBUG] Incomplete frame, buffer size: 0, buffer_hex: 
2026-06-29 05:44:32,088 [DEBUG] Received 10 bytes from BTS
2026-06-29 05:44:32,089 [DEBUG] Decoded IPA frame: proto=0x00, payload_len=7, consumed=10, payload_hex: 0c1201900fffff
2026-06-29 05:44:32,089 [DEBUG] RSL message: 0c1201900fffff
2026-06-29 05:44:32,089 [DEBUG] RSL discriminator: 0x0c, message type: 0x12, payload: 0c1201900fffff
2026-06-29 05:44:32,089 [DEBUG] Incomplete frame, buffer size: 0, buffer_hex: 
2026-06-29 05:44:32,272 [DEBUG] Received 10 bytes from BTS
2026-06-29 05:44:32,272 [DEBUG] Decoded IPA frame: proto=0x00, payload_len=7, consumed=10, payload_hex: 0c1201900fffff
2026-06-29 05:44:32,272 [DEBUG] RSL message: 0c1201900fffff
2026-06-29 05:44:32,272 [DEBUG] RSL discriminator: 0x0c, message type: 0x12, payload: 0c1201900fffff
2026-06-29 05:44:32,272 [DEBUG] Incomplete frame, buffer size: 0, buffer_hex: 
2026-06-29 05:44:32,624 [INFO] Control Client connected from ('10.42.0.1', 58456)
2026-06-29 05:44:32,624 [INFO] handle_client: Starting, client socket: 6
2026-06-29 05:44:32,624 [INFO] handle_client: WELCOME sent
2026-06-29 05:44:32,675 [INFO] Replaying 36 buffered event(s)
2026-06-29 05:44:32,675 [WARNING] Failed to replay event 1: [Errno 32] Broken pipe
2026-06-29 05:44:32,675 [WARNING] Failed to replay event 2: [Errno 32] Broken pipe
2026-06-29 05:44:32,675 [WARNING] Failed to replay event 3: [Errno 32] Broken pipe
2026-06-29 05:44:32,675 [WARNING] Failed to replay event 4: [Errno 32] Broken pipe
2026-06-29 05:44:32,675 [WARNING] Failed to replay event 5: [Errno 32] Broken pipe
2026-06-29 05:44:32,675 [WARNING] Failed to replay event 6: [Errno 32] Broken pipe
2026-06-29 05:44:32,675 [WARNING] Failed to replay event 7: [Errno 32] Broken pipe
2026-06-29 05:44:32,675 [WARNING] Failed to replay event 8: [Errno 32] Broken pipe
2026-06-29 05:44:32,675 [WARNING] Failed to replay event 9: [Errno 32] Broken pipe
2026-06-29 05:44:32,675 [WARNING] Failed to replay event 10: [Errno 32] Broken pipe
2026-06-29 05:44:32,675 [WARNING] Failed to replay event 11: [Errno 32] Broken pipe
2026-06-29 05:44:32,675 [WARNING] Failed to replay event 12: [Errno 32] Broken pipe
2026-06-29 05:44:32,675 [WARNING] Failed to replay event 13: [Errno 32] Broken pipe
2026-06-29 05:44:32,675 [WARNING] Failed to replay event 14: [Errno 32] Broken pipe
2026-06-29 05:44:32,676 [WARNING] Failed to replay event 15: [Errno 32] Broken pipe
2026-06-29 05:44:32,676 [WARNING] Failed to replay event 16: [Errno 32] Broken pipe
2026-06-29 05:44:32,676 [WARNING] Failed to replay event 17: [Errno 32] Broken pipe
2026-06-29 05:44:32,676 [WARNING] Failed to replay event 18: [Errno 32] Broken pipe
2026-06-29 05:44:32,676 [WARNING] Failed to replay event 19: [Errno 32] Broken pipe
2026-06-29 05:44:32,676 [WARNING] Failed to replay event 20: [Errno 32] Broken pipe
2026-06-29 05:44:32,676 [WARNING] Failed to replay event 21: [Errno 32] Broken pipe
2026-06-29 05:44:32,676 [WARNING] Failed to replay event 22: [Errno 32] Broken pipe
2026-06-29 05:44:32,676 [WARNING] Failed to replay event 23: [Errno 32] Broken pipe
2026-06-29 05:44:32,676 [WARNING] Failed to replay event 24: [Errno 32] Broken pipe
2026-06-29 05:44:32,676 [WARNING] Failed to replay event 25: [Errno 32] Broken pipe
2026-06-29 05:44:32,676 [WARNING] Failed to replay event 26: [Errno 32] Broken pipe
2026-06-29 05:44:32,676 [WARNING] Failed to replay event 27: [Errno 32] Broken pipe
2026-06-29 05:44:32,676 [WARNING] Failed to replay event 28: [Errno 32] Broken pipe
2026-06-29 05:44:32,676 [WARNING] Failed to replay event 29: [Errno 32] Broken pipe
2026-06-29 05:44:32,676 [WARNING] Failed to replay event 30: [Errno 32] Broken pipe
2026-06-29 05:44:32,676 [WARNING] Failed to replay event 31: [Errno 32] Broken pipe
2026-06-29 05:44:32,676 [WARNING] Failed to replay event 32: [Errno 32] Broken pipe
2026-06-29 05:44:32,676 [WARNING] Failed to replay event 33: [Errno 32] Broken pipe
2026-06-29 05:44:32,676 [WARNING] Failed to replay event 34: [Errno 32] Broken pipe
2026-06-29 05:44:32,676 [WARNING] Failed to replay event 35: [Errno 32] Broken pipe
2026-06-29 05:44:32,677 [WARNING] Failed to replay event 36: [Errno 32] Broken pipe
2026-06-29 05:44:32,677 [INFO] handle_client: Entering receive loop
2026-06-29 05:44:32,677 [INFO] handle_client: Received empty data, client closed connection
2026-06-29 05:44:32,677 [INFO] Control Client disconnected
2026-06-29 05:44:32,936 [INFO] Control Client connected from ('10.42.0.1', 58468)
2026-06-29 05:44:32,936 [INFO] handle_client: Starting, client socket: 11
2026-06-29 05:44:32,936 [INFO] handle_client: WELCOME sent
2026-06-29 05:44:32,986 [INFO] Replaying 36 buffered event(s)
2026-06-29 05:44:32,986 [WARNING] Failed to replay event 1: [Errno 32] Broken pipe
2026-06-29 05:44:32,986 [WARNING] Failed to replay event 2: [Errno 32] Broken pipe
2026-06-29 05:44:32,986 [WARNING] Failed to replay event 3: [Errno 32] Broken pipe
2026-06-29 05:44:32,987 [WARNING] Failed to replay event 4: [Errno 32] Broken pipe
2026-06-29 05:44:32,987 [WARNING] Failed to replay event 5: [Errno 32] Broken pipe
2026-06-29 05:44:32,987 [WARNING] Failed to replay event 6: [Errno 32] Broken pipe
2026-06-29 05:44:32,987 [WARNING] Failed to replay event 7: [Errno 32] Broken pipe
2026-06-29 05:44:32,987 [WARNING] Failed to replay event 8: [Errno 32] Broken pipe
2026-06-29 05:44:32,987 [WARNING] Failed to replay event 9: [Errno 32] Broken pipe
2026-06-29 05:44:32,987 [WARNING] Failed to replay event 10: [Errno 32] Broken pipe
2026-06-29 05:44:32,987 [WARNING] Failed to replay event 11: [Errno 32] Broken pipe
2026-06-29 05:44:32,987 [WARNING] Failed to replay event 12: [Errno 32] Broken pipe
2026-06-29 05:44:32,987 [WARNING] Failed to replay event 13: [Errno 32] Broken pipe
2026-06-29 05:44:32,987 [WARNING] Failed to replay event 14: [Errno 32] Broken pipe
2026-06-29 05:44:32,987 [WARNING] Failed to replay event 15: [Errno 32] Broken pipe
2026-06-29 05:44:32,987 [WARNING] Failed to replay event 16: [Errno 32] Broken pipe
2026-06-29 05:44:32,987 [WARNING] Failed to replay event 17: [Errno 32] Broken pipe
2026-06-29 05:44:32,987 [WARNING] Failed to replay event 18: [Errno 32] Broken pipe
2026-06-29 05:44:32,987 [WARNING] Failed to replay event 19: [Errno 32] Broken pipe
2026-06-29 05:44:32,987 [WARNING] Failed to replay event 20: [Errno 32] Broken pipe
2026-06-29 05:44:32,987 [WARNING] Failed to replay event 21: [Errno 32] Broken pipe
2026-06-29 05:44:32,987 [WARNING] Failed to replay event 22: [Errno 32] Broken pipe
2026-06-29 05:44:32,987 [WARNING] Failed to replay event 23: [Errno 32] Broken pipe
2026-06-29 05:44:32,987 [WARNING] Failed to replay event 24: [Errno 32] Broken pipe
2026-06-29 05:44:32,987 [WARNING] Failed to replay event 25: [Errno 32] Broken pipe
2026-06-29 05:44:32,987 [WARNING] Failed to replay event 26: [Errno 32] Broken pipe
2026-06-29 05:44:32,987 [WARNING] Failed to replay event 27: [Errno 32] Broken pipe
2026-06-29 05:44:32,987 [WARNING] Failed to replay event 28: [Errno 32] Broken pipe
2026-06-29 05:44:32,987 [WARNING] Failed to replay event 29: [Errno 32] Broken pipe
2026-06-29 05:44:32,987 [WARNING] Failed to replay event 30: [Errno 32] Broken pipe
2026-06-29 05:44:32,987 [WARNING] Failed to replay event 31: [Errno 32] Broken pipe
2026-06-29 05:44:32,987 [WARNING] Failed to replay event 32: [Errno 32] Broken pipe
2026-06-29 05:44:32,987 [WARNING] Failed to replay event 33: [Errno 32] Broken pipe
2026-06-29 05:44:32,987 [WARNING] Failed to replay event 34: [Errno 32] Broken pipe
2026-06-29 05:44:32,987 [WARNING] Failed to replay event 35: [Errno 32] Broken pipe
2026-06-29 05:44:32,987 [WARNING] Failed to replay event 36: [Errno 32] Broken pipe
2026-06-29 05:44:32,987 [INFO] handle_client: Entering receive loop
2026-06-29 05:44:32,987 [INFO] handle_client: Received empty data, client closed connection
2026-06-29 05:44:32,987 [INFO] Control Client disconnected
2026-06-29 05:44:33,089 [DEBUG] Received 10 bytes from BTS
2026-06-29 05:44:33,089 [DEBUG] Decoded IPA frame: proto=0x00, payload_len=7, consumed=10, payload_hex: 0c1201900fffff
2026-06-29 05:44:33,089 [DEBUG] RSL message: 0c1201900fffff
2026-06-29 05:44:33,089 [DEBUG] RSL discriminator: 0x0c, message type: 0x12, payload: 0c1201900fffff
2026-06-29 05:44:33,090 [DEBUG] Incomplete frame, buffer size: 0, buffer_hex: 
2026-06-29 05:44:33,272 [DEBUG] Received 10 bytes from BTS
2026-06-29 05:44:33,273 [DEBUG] Decoded IPA frame: proto=0x00, payload_len=7, consumed=10, payload_hex: 0c1201900fffff
2026-06-29 05:44:33,273 [DEBUG] RSL message: 0c1201900fffff
2026-06-29 05:44:33,273 [DEBUG] RSL discriminator: 0x0c, message type: 0x12, payload: 0c1201900fffff
2026-06-29 05:44:33,273 [DEBUG] Incomplete frame, buffer size: 0, buffer_hex: 
2026-06-29 05:44:34,090 [DEBUG] Received 10 bytes from BTS
2026-06-29 05:44:34,090 [DEBUG] Decoded IPA frame: proto=0x00, payload_len=7, consumed=10, payload_hex: 0c1201900fffff
2026-06-29 05:44:34,090 [DEBUG] RSL message: 0c1201900fffff
2026-06-29 05:44:34,090 [DEBUG] RSL discriminator: 0x0c, message type: 0x12, payload: 0c1201900fffff
2026-06-29 05:44:34,090 [DEBUG] Incomplete frame, buffer size: 0, buffer_hex: 
2026-06-29 05:44:34,273 [DEBUG] Received 10 bytes from BTS
2026-06-29 05:44:34,273 [DEBUG] Decoded IPA frame: proto=0x00, payload_len=7, consumed=10, payload_hex: 0c1201900fffff
2026-06-29 05:44:34,273 [DEBUG] RSL message: 0c1201900fffff
2026-06-29 05:44:34,273 [DEBUG] RSL discriminator: 0x0c, message type: 0x12, payload: 0c1201900fffff
2026-06-29 05:44:34,273 [DEBUG] Incomplete frame, buffer size: 0, buffer_hex: 
2026-06-29 05:44:35,091 [DEBUG] Received 10 bytes from BTS
2026-06-29 05:44:35,091 [DEBUG] Decoded IPA frame: proto=0x00, payload_len=7, consumed=10, payload_hex: 0c1201900fffff
2026-06-29 05:44:35,091 [DEBUG] RSL message: 0c1201900fffff
2026-06-29 05:44:35,091 [DEBUG] RSL discriminator: 0x0c, message type: 0x12, payload: 0c1201900fffff
2026-06-29 05:44:35,091 [DEBUG] Incomplete frame, buffer size: 0, buffer_hex: 
2026-06-29 05:44:35,273 [DEBUG] Received 10 bytes from BTS
2026-06-29 05:44:35,274 [DEBUG] Decoded IPA frame: proto=0x00, payload_len=7, consumed=10, payload_hex: 0c1201900fffff
2026-06-29 05:44:35,274 [DEBUG] RSL message: 0c1201900fffff
2026-06-29 05:44:35,274 [DEBUG] RSL discriminator: 0x0c, message type: 0x12, payload: 0c1201900fffff
2026-06-29 05:44:35,274 [DEBUG] Incomplete frame, buffer size: 0, buffer_hex: 
2026-06-29 05:44:35,623 [INFO] Control Client connected from ('10.42.0.1', 58474)
2026-06-29 05:44:35,623 [INFO] handle_client: Starting, client socket: 6
2026-06-29 05:44:35,624 [INFO] handle_client: WELCOME sent
2026-06-29 05:44:35,674 [INFO] Replaying 36 buffered event(s)
2026-06-29 05:44:35,674 [WARNING] Failed to replay event 1: [Errno 32] Broken pipe
2026-06-29 05:44:35,674 [WARNING] Failed to replay event 2: [Errno 32] Broken pipe
2026-06-29 05:44:35,674 [WARNING] Failed to replay event 3: [Errno 32] Broken pipe
2026-06-29 05:44:35,674 [WARNING] Failed to replay event 4: [Errno 32] Broken pipe
2026-06-29 05:44:35,674 [WARNING] Failed to replay event 5: [Errno 32] Broken pipe
2026-06-29 05:44:35,674 [WARNING] Failed to replay event 6: [Errno 32] Broken pipe
2026-06-29 05:44:35,674 [WARNING] Failed to replay event 7: [Errno 32] Broken pipe
2026-06-29 05:44:35,674 [WARNING] Failed to replay event 8: [Errno 32] Broken pipe
2026-06-29 05:44:35,674 [WARNING] Failed to replay event 9: [Errno 32] Broken pipe
2026-06-29 05:44:35,674 [WARNING] Failed to replay event 10: [Errno 32] Broken pipe
2026-06-29 05:44:35,674 [WARNING] Failed to replay event 11: [Errno 32] Broken pipe
2026-06-29 05:44:35,674 [WARNING] Failed to replay event 12: [Errno 32] Broken pipe
2026-06-29 05:44:35,674 [WARNING] Failed to replay event 13: [Errno 32] Broken pipe
2026-06-29 05:44:35,674 [WARNING] Failed to replay event 14: [Errno 32] Broken pipe
2026-06-29 05:44:35,674 [WARNING] Failed to replay event 15: [Errno 32] Broken pipe
2026-06-29 05:44:35,674 [WARNING] Failed to replay event 16: [Errno 32] Broken pipe
2026-06-29 05:44:35,674 [WARNING] Failed to replay event 17: [Errno 32] Broken pipe
2026-06-29 05:44:35,674 [WARNING] Failed to replay event 18: [Errno 32] Broken pipe
2026-06-29 05:44:35,674 [WARNING] Failed to replay event 19: [Errno 32] Broken pipe
2026-06-29 05:44:35,674 [WARNING] Failed to replay event 20: [Errno 32] Broken pipe
2026-06-29 05:44:35,674 [WARNING] Failed to replay event 21: [Errno 32] Broken pipe
2026-06-29 05:44:35,674 [WARNING] Failed to replay event 22: [Errno 32] Broken pipe
2026-06-29 05:44:35,674 [WARNING] Failed to replay event 23: [Errno 32] Broken pipe
2026-06-29 05:44:35,674 [WARNING] Failed to replay event 24: [Errno 32] Broken pipe
2026-06-29 05:44:35,674 [WARNING] Failed to replay event 25: [Errno 32] Broken pipe
2026-06-29 05:44:35,674 [WARNING] Failed to replay event 26: [Errno 32] Broken pipe
2026-06-29 05:44:35,674 [WARNING] Failed to replay event 27: [Errno 32] Broken pipe
2026-06-29 05:44:35,674 [WARNING] Failed to replay event 28: [Errno 32] Broken pipe
2026-06-29 05:44:35,674 [WARNING] Failed to replay event 29: [Errno 32] Broken pipe
2026-06-29 05:44:35,674 [WARNING] Failed to replay event 30: [Errno 32] Broken pipe
2026-06-29 05:44:35,674 [WARNING] Failed to replay event 31: [Errno 32] Broken pipe
2026-06-29 05:44:35,674 [WARNING] Failed to replay event 32: [Errno 32] Broken pipe
2026-06-29 05:44:35,674 [WARNING] Failed to replay event 33: [Errno 32] Broken pipe
2026-06-29 05:44:35,674 [WARNING] Failed to replay event 34: [Errno 32] Broken pipe
2026-06-29 05:44:35,674 [WARNING] Failed to replay event 35: [Errno 32] Broken pipe
2026-06-29 05:44:35,674 [WARNING] Failed to replay event 36: [Errno 32] Broken pipe
2026-06-29 05:44:35,674 [INFO] handle_client: Entering receive loop
2026-06-29 05:44:35,674 [INFO] handle_client: Received empty data, client closed connection
2026-06-29 05:44:35,674 [INFO] Control Client disconnected
2026-06-29 05:44:36,092 [DEBUG] Received 10 bytes from BTS
2026-06-29 05:44:36,092 [DEBUG] Decoded IPA frame: proto=0x00, payload_len=7, consumed=10, payload_hex: 0c1201900fffff
2026-06-29 05:44:36,092 [DEBUG] RSL message: 0c1201900fffff
2026-06-29 05:44:36,092 [DEBUG] RSL discriminator: 0x0c, message type: 0x12, payload: 0c1201900fffff
2026-06-29 05:44:36,092 [DEBUG] Incomplete frame, buffer size: 0, buffer_hex: 
2026-06-29 05:44:36,274 [DEBUG] Received 10 bytes from BTS
2026-06-29 05:44:36,274 [DEBUG] Decoded IPA frame: proto=0x00, payload_len=7, consumed=10, payload_hex: 0c1201900fffff
2026-06-29 05:44:36,274 [DEBUG] RSL message: 0c1201900fffff
2026-06-29 05:44:36,274 [DEBUG] RSL discriminator: 0x0c, message type: 0x12, payload: 0c1201900fffff
2026-06-29 05:44:36,274 [DEBUG] Incomplete frame, buffer size: 0, buffer_hex: 
2026-06-29 05:44:37,093 [DEBUG] Received 10 bytes from BTS
2026-06-29 05:44:37,093 [DEBUG] Decoded IPA frame: proto=0x00, payload_len=7, consumed=10, payload_hex: 0c1201900fffff
2026-06-29 05:44:37,093 [DEBUG] RSL message: 0c1201900fffff
2026-06-29 05:44:37,093 [DEBUG] RSL discriminator: 0x0c, message type: 0x12, payload: 0c1201900fffff
2026-06-29 05:44:37,093 [DEBUG] Incomplete frame, buffer size: 0, buffer_hex: 
2026-06-29 05:44:37,274 [DEBUG] Received 10 bytes from BTS
2026-06-29 05:44:37,274 [DEBUG] Decoded IPA frame: proto=0x00, payload_len=7, consumed=10, payload_hex: 0c1201900fffff
2026-06-29 05:44:37,275 [DEBUG] RSL message: 0c1201900fffff
2026-06-29 05:44:37,275 [DEBUG] RSL discriminator: 0x0c, message type: 0x12, payload: 0c1201900fffff
2026-06-29 05:44:37,275 [DEBUG] Incomplete frame, buffer size: 0, buffer_hex: 
2026-06-29 05:44:38,093 [DEBUG] Received 10 bytes from BTS
2026-06-29 05:44:38,093 [DEBUG] Decoded IPA frame: proto=0x00, payload_len=7, consumed=10, payload_hex: 0c1201900fffff
2026-06-29 05:44:38,093 [DEBUG] RSL message: 0c1201900fffff
2026-06-29 05:44:38,093 [DEBUG] RSL discriminator: 0x0c, message type: 0x12, payload: 0c1201900fffff
2026-06-29 05:44:38,093 [DEBUG] Incomplete frame, buffer size: 0, buffer_hex: 
2026-06-29 05:44:38,275 [DEBUG] Received 10 bytes from BTS
2026-06-29 05:44:38,275 [DEBUG] Decoded IPA frame: proto=0x00, payload_len=7, consumed=10, payload_hex: 0c1201900fffff
2026-06-29 05:44:38,275 [DEBUG] RSL message: 0c1201900fffff
2026-06-29 05:44:38,275 [DEBUG] RSL discriminator: 0x0c, message type: 0x12, payload: 0c1201900fffff
2026-06-29 05:44:38,275 [DEBUG] Incomplete frame, buffer size: 0, buffer_hex: 
2026-06-29 05:44:38,623 [INFO] Control Client connected from ('10.42.0.1', 58480)
2026-06-29 05:44:38,623 [INFO] handle_client: Starting, client socket: 11
2026-06-29 05:44:38,623 [INFO] handle_client: WELCOME sent
2026-06-29 05:44:38,674 [INFO] Replaying 36 buffered event(s)
2026-06-29 05:44:38,674 [WARNING] Failed to replay event 1: [Errno 32] Broken pipe
2026-06-29 05:44:38,674 [WARNING] Failed to replay event 2: [Errno 32] Broken pipe
2026-06-29 05:44:38,674 [WARNING] Failed to replay event 3: [Errno 32] Broken pipe
2026-06-29 05:44:38,674 [WARNING] Failed to replay event 4: [Errno 32] Broken pipe
2026-06-29 05:44:38,674 [WARNING] Failed to replay event 5: [Errno 32] Broken pipe
2026-06-29 05:44:38,674 [WARNING] Failed to replay event 6: [Errno 32] Broken pipe
2026-06-29 05:44:38,674 [WARNING] Failed to replay event 7: [Errno 32] Broken pipe
2026-06-29 05:44:38,674 [WARNING] Failed to replay event 8: [Errno 32] Broken pipe
2026-06-29 05:44:38,674 [WARNING] Failed to replay event 9: [Errno 32] Broken pipe
2026-06-29 05:44:38,674 [WARNING] Failed to replay event 10: [Errno 32] Broken pipe
2026-06-29 05:44:38,674 [WARNING] Failed to replay event 11: [Errno 32] Broken pipe
2026-06-29 05:44:38,674 [WARNING] Failed to replay event 12: [Errno 32] Broken pipe
2026-06-29 05:44:38,674 [WARNING] Failed to replay event 13: [Errno 32] Broken pipe
2026-06-29 05:44:38,674 [WARNING] Failed to replay event 14: [Errno 32] Broken pipe
2026-06-29 05:44:38,674 [WARNING] Failed to replay event 15: [Errno 32] Broken pipe
2026-06-29 05:44:38,674 [WARNING] Failed to replay event 16: [Errno 32] Broken pipe
2026-06-29 05:44:38,674 [WARNING] Failed to replay event 17: [Errno 32] Broken pipe
2026-06-29 05:44:38,674 [WARNING] Failed to replay event 18: [Errno 32] Broken pipe
2026-06-29 05:44:38,674 [WARNING] Failed to replay event 19: [Errno 32] Broken pipe
2026-06-29 05:44:38,674 [WARNING] Failed to replay event 20: [Errno 32] Broken pipe
2026-06-29 05:44:38,674 [WARNING] Failed to replay event 21: [Errno 32] Broken pipe
2026-06-29 05:44:38,674 [WARNING] Failed to replay event 22: [Errno 32] Broken pipe
2026-06-29 05:44:38,674 [WARNING] Failed to replay event 23: [Errno 32] Broken pipe
2026-06-29 05:44:38,674 [WARNING] Failed to replay event 24: [Errno 32] Broken pipe
2026-06-29 05:44:38,674 [WARNING] Failed to replay event 25: [Errno 32] Broken pipe
2026-06-29 05:44:38,674 [WARNING] Failed to replay event 26: [Errno 32] Broken pipe
2026-06-29 05:44:38,674 [WARNING] Failed to replay event 27: [Errno 32] Broken pipe
2026-06-29 05:44:38,674 [WARNING] Failed to replay event 28: [Errno 32] Broken pipe
2026-06-29 05:44:38,674 [WARNING] Failed to replay event 29: [Errno 32] Broken pipe
2026-06-29 05:44:38,674 [WARNING] Failed to replay event 30: [Errno 32] Broken pipe
2026-06-29 05:44:38,674 [WARNING] Failed to replay event 31: [Errno 32] Broken pipe
2026-06-29 05:44:38,674 [WARNING] Failed to replay event 32: [Errno 32] Broken pipe
2026-06-29 05:44:38,674 [WARNING] Failed to replay event 33: [Errno 32] Broken pipe
2026-06-29 05:44:38,674 [WARNING] Failed to replay event 34: [Errno 32] Broken pipe
2026-06-29 05:44:38,674 [WARNING] Failed to replay event 35: [Errno 32] Broken pipe
2026-06-29 05:44:38,674 [WARNING] Failed to replay event 36: [Errno 32] Broken pipe
2026-06-29 05:44:38,674 [INFO] handle_client: Entering receive loop
2026-06-29 05:44:38,674 [INFO] handle_client: Received empty data, client closed connection
2026-06-29 05:44:38,674 [INFO] Control Client disconnected
2026-06-29 05:44:39,093 [DEBUG] Received 10 bytes from BTS
2026-06-29 05:44:39,093 [DEBUG] Decoded IPA frame: proto=0x00, payload_len=7, consumed=10, payload_hex: 0c1201900fffff
2026-06-29 05:44:39,093 [DEBUG] RSL message: 0c1201900fffff
2026-06-29 05:44:39,093 [DEBUG] RSL discriminator: 0x0c, message type: 0x12, payload: 0c1201900fffff
2026-06-29 05:44:39,093 [DEBUG] Incomplete frame, buffer size: 0, buffer_hex: 
2026-06-29 05:44:39,276 [DEBUG] Received 10 bytes from BTS
2026-06-29 05:44:39,276 [DEBUG] Decoded IPA frame: proto=0x00, payload_len=7, consumed=10, payload_hex: 0c1201900fffff
2026-06-29 05:44:39,276 [DEBUG] RSL message: 0c1201900fffff
2026-06-29 05:44:39,276 [DEBUG] RSL discriminator: 0x0c, message type: 0x12, payload: 0c1201900fffff
2026-06-29 05:44:39,276 [DEBUG] Incomplete frame, buffer size: 0, buffer_hex: 
2026-06-29 05:44:40,094 [DEBUG] Received 10 bytes from BTS
2026-06-29 05:44:40,094 [DEBUG] Decoded IPA frame: proto=0x00, payload_len=7, consumed=10, payload_hex: 0c1201900fffff
2026-06-29 05:44:40,094 [DEBUG] RSL message: 0c1201900fffff
2026-06-29 05:44:40,094 [DEBUG] RSL discriminator: 0x0c, message type: 0x12, payload: 0c1201900fffff
2026-06-29 05:44:40,094 [DEBUG] Incomplete frame, buffer size: 0, buffer_hex: 
2026-06-29 05:44:40,276 [DEBUG] Received 10 bytes from BTS
2026-06-29 05:44:40,276 [DEBUG] Decoded IPA frame: proto=0x00, payload_len=7, consumed=10, payload_hex: 0c1201900fffff
2026-06-29 05:44:40,276 [DEBUG] RSL message: 0c1201900fffff
2026-06-29 05:44:40,277 [DEBUG] RSL discriminator: 0x0c, message type: 0x12, payload: 0c1201900fffff
2026-06-29 05:44:40,277 [DEBUG] Incomplete frame, buffer size: 0, buffer_hex: 
2026-06-29 05:44:41,094 [DEBUG] Received 10 bytes from BTS
2026-06-29 05:44:41,094 [DEBUG] Decoded IPA frame: proto=0x00, payload_len=7, consumed=10, payload_hex: 0c1201900fffff
2026-06-29 05:44:41,094 [DEBUG] RSL message: 0c1201900fffff
2026-06-29 05:44:41,094 [DEBUG] RSL discriminator: 0x0c, message type: 0x12, payload: 0c1201900fffff
2026-06-29 05:44:41,094 [DEBUG] Incomplete frame, buffer size: 0, buffer_hex: 
2026-06-29 05:44:41,277 [DEBUG] Received 10 bytes from BTS
2026-06-29 05:44:41,277 [DEBUG] Decoded IPA frame: proto=0x00, payload_len=7, consumed=10, payload_hex: 0c1201900fffff
2026-06-29 05:44:41,277 [DEBUG] RSL message: 0c1201900fffff
2026-06-29 05:44:41,277 [DEBUG] RSL discriminator: 0x0c, message type: 0x12, payload: 0c1201900fffff
2026-06-29 05:44:41,278 [DEBUG] Incomplete frame, buffer size: 0, buffer_hex: 
2026-06-29 05:44:41,623 [INFO] Control Client connected from ('10.42.0.1', 40752)
2026-06-29 05:44:41,624 [INFO] handle_client: Starting, client socket: 6
2026-06-29 05:44:41,624 [INFO] handle_client: WELCOME sent
2026-06-29 05:44:41,674 [INFO] Replaying 36 buffered event(s)
2026-06-29 05:44:41,674 [WARNING] Failed to replay event 1: [Errno 32] Broken pipe
2026-06-29 05:44:41,674 [WARNING] Failed to replay event 2: [Errno 32] Broken pipe
2026-06-29 05:44:41,674 [WARNING] Failed to replay event 3: [Errno 32] Broken pipe
2026-06-29 05:44:41,675 [WARNING] Failed to replay event 4: [Errno 32] Broken pipe
2026-06-29 05:44:41,675 [WARNING] Failed to replay event 5: [Errno 32] Broken pipe
2026-06-29 05:44:41,675 [WARNING] Failed to replay event 6: [Errno 32] Broken pipe
2026-06-29 05:44:41,675 [WARNING] Failed to replay event 7: [Errno 32] Broken pipe
2026-06-29 05:44:41,675 [WARNING] Failed to replay event 8: [Errno 32] Broken pipe
2026-06-29 05:44:41,675 [WARNING] Failed to replay event 9: [Errno 32] Broken pipe
2026-06-29 05:44:41,675 [WARNING] Failed to replay event 10: [Errno 32] Broken pipe
2026-06-29 05:44:41,675 [WARNING] Failed to replay event 11: [Errno 32] Broken pipe
2026-06-29 05:44:41,675 [WARNING] Failed to replay event 12: [Errno 32] Broken pipe
2026-06-29 05:44:41,675 [WARNING] Failed to replay event 13: [Errno 32] Broken pipe
2026-06-29 05:44:41,675 [WARNING] Failed to replay event 14: [Errno 32] Broken pipe
2026-06-29 05:44:41,675 [WARNING] Failed to replay event 15: [Errno 32] Broken pipe
2026-06-29 05:44:41,675 [WARNING] Failed to replay event 16: [Errno 32] Broken pipe
2026-06-29 05:44:41,675 [WARNING] Failed to replay event 17: [Errno 32] Broken pipe
2026-06-29 05:44:41,675 [WARNING] Failed to replay event 18: [Errno 32] Broken pipe
2026-06-29 05:44:41,675 [WARNING] Failed to replay event 19: [Errno 32] Broken pipe
2026-06-29 05:44:41,675 [WARNING] Failed to replay event 20: [Errno 32] Broken pipe
2026-06-29 05:44:41,675 [WARNING] Failed to replay event 21: [Errno 32] Broken pipe
2026-06-29 05:44:41,675 [WARNING] Failed to replay event 22: [Errno 32] Broken pipe
2026-06-29 05:44:41,675 [WARNING] Failed to replay event 23: [Errno 32] Broken pipe
2026-06-29 05:44:41,675 [WARNING] Failed to replay event 24: [Errno 32] Broken pipe
2026-06-29 05:44:41,675 [WARNING] Failed to replay event 25: [Errno 32] Broken pipe
2026-06-29 05:44:41,675 [WARNING] Failed to replay event 26: [Errno 32] Broken pipe
2026-06-29 05:44:41,675 [WARNING] Failed to replay event 27: [Errno 32] Broken pipe
2026-06-29 05:44:41,675 [WARNING] Failed to replay event 28: [Errno 32] Broken pipe
2026-06-29 05:44:41,675 [WARNING] Failed to replay event 29: [Errno 32] Broken pipe
2026-06-29 05:44:41,675 [WARNING] Failed to replay event 30: [Errno 32] Broken pipe
2026-06-29 05:44:41,675 [WARNING] Failed to replay event 31: [Errno 32] Broken pipe
2026-06-29 05:44:41,675 [WARNING] Failed to replay event 32: [Errno 32] Broken pipe
2026-06-29 05:44:41,675 [WARNING] Failed to replay event 33: [Errno 32] Broken pipe
2026-06-29 05:44:41,675 [WARNING] Failed to replay event 34: [Errno 32] Broken pipe
2026-06-29 05:44:41,675 [WARNING] Failed to replay event 35: [Errno 32] Broken pipe
2026-06-29 05:44:41,675 [WARNING] Failed to replay event 36: [Errno 32] Broken pipe
2026-06-29 05:44:41,675 [INFO] handle_client: Entering receive loop
2026-06-29 05:44:41,675 [INFO] handle_client: Received empty data, client closed connection
2026-06-29 05:44:41,675 [INFO] Control Client disconnected
2026-06-29 05:44:42,095 [DEBUG] Received 10 bytes from BTS
2026-06-29 05:44:42,095 [DEBUG] Decoded IPA frame: proto=0x00, payload_len=7, consumed=10, payload_hex: 0c1201900fffff
2026-06-29 05:44:42,095 [DEBUG] RSL message: 0c1201900fffff
2026-06-29 05:44:42,095 [DEBUG] RSL discriminator: 0x0c, message type: 0x12, payload: 0c1201900fffff
2026-06-29 05:44:42,095 [DEBUG] Incomplete frame, buffer size: 0, buffer_hex: 
2026-06-29 05:44:42,277 [DEBUG] Received 10 bytes from BTS
2026-06-29 05:44:42,278 [DEBUG] Decoded IPA frame: proto=0x00, payload_len=7, consumed=10, payload_hex: 0c1201900fffff
2026-06-29 05:44:42,278 [DEBUG] RSL message: 0c1201900fffff
2026-06-29 05:44:42,278 [DEBUG] RSL discriminator: 0x0c, message type: 0x12, payload: 0c1201900fffff
2026-06-29 05:44:42,278 [DEBUG] Incomplete frame, buffer size: 0, buffer_hex: 
2026-06-29 05:44:42,936 [INFO] Control Client connected from ('10.42.0.1', 40760)
2026-06-29 05:44:42,936 [INFO] handle_client: Starting, client socket: 11
2026-06-29 05:44:42,936 [INFO] handle_client: WELCOME sent
2026-06-29 05:44:42,987 [INFO] Replaying 36 buffered event(s)
2026-06-29 05:44:42,987 [WARNING] Failed to replay event 1: [Errno 32] Broken pipe
2026-06-29 05:44:42,987 [WARNING] Failed to replay event 2: [Errno 32] Broken pipe
2026-06-29 05:44:42,987 [WARNING] Failed to replay event 3: [Errno 32] Broken pipe
2026-06-29 05:44:42,987 [WARNING] Failed to replay event 4: [Errno 32] Broken pipe
2026-06-29 05:44:42,987 [WARNING] Failed to replay event 5: [Errno 32] Broken pipe
2026-06-29 05:44:42,987 [WARNING] Failed to replay event 6: [Errno 32] Broken pipe
2026-06-29 05:44:42,987 [WARNING] Failed to replay event 7: [Errno 32] Broken pipe
2026-06-29 05:44:42,987 [WARNING] Failed to replay event 8: [Errno 32] Broken pipe
2026-06-29 05:44:42,987 [WARNING] Failed to replay event 9: [Errno 32] Broken pipe
2026-06-29 05:44:42,987 [WARNING] Failed to replay event 10: [Errno 32] Broken pipe
2026-06-29 05:44:42,987 [WARNING] Failed to replay event 11: [Errno 32] Broken pipe
2026-06-29 05:44:42,987 [WARNING] Failed to replay event 12: [Errno 32] Broken pipe
2026-06-29 05:44:42,987 [WARNING] Failed to replay event 13: [Errno 32] Broken pipe
2026-06-29 05:44:42,987 [WARNING] Failed to replay event 14: [Errno 32] Broken pipe
2026-06-29 05:44:42,988 [WARNING] Failed to replay event 15: [Errno 32] Broken pipe
2026-06-29 05:44:42,988 [WARNING] Failed to replay event 16: [Errno 32] Broken pipe
2026-06-29 05:44:42,988 [WARNING] Failed to replay event 17: [Errno 32] Broken pipe
2026-06-29 05:44:42,988 [WARNING] Failed to replay event 18: [Errno 32] Broken pipe
2026-06-29 05:44:42,988 [WARNING] Failed to replay event 19: [Errno 32] Broken pipe
2026-06-29 05:44:42,988 [WARNING] Failed to replay event 20: [Errno 32] Broken pipe
2026-06-29 05:44:42,988 [WARNING] Failed to replay event 21: [Errno 32] Broken pipe
2026-06-29 05:44:42,988 [WARNING] Failed to replay event 22: [Errno 32] Broken pipe
2026-06-29 05:44:42,988 [WARNING] Failed to replay event 23: [Errno 32] Broken pipe
2026-06-29 05:44:42,988 [WARNING] Failed to replay event 24: [Errno 32] Broken pipe
2026-06-29 05:44:42,988 [WARNING] Failed to replay event 25: [Errno 32] Broken pipe
2026-06-29 05:44:42,988 [WARNING] Failed to replay event 26: [Errno 32] Broken pipe
2026-06-29 05:44:42,988 [WARNING] Failed to replay event 27: [Errno 32] Broken pipe
2026-06-29 05:44:42,988 [WARNING] Failed to replay event 28: [Errno 32] Broken pipe
2026-06-29 05:44:42,988 [WARNING] Failed to replay event 29: [Errno 32] Broken pipe
2026-06-29 05:44:42,988 [WARNING] Failed to replay event 30: [Errno 32] Broken pipe
2026-06-29 05:44:42,988 [WARNING] Failed to replay event 31: [Errno 32] Broken pipe
2026-06-29 05:44:42,988 [WARNING] Failed to replay event 32: [Errno 32] Broken pipe
2026-06-29 05:44:42,988 [WARNING] Failed to replay event 33: [Errno 32] Broken pipe
2026-06-29 05:44:42,988 [WARNING] Failed to replay event 34: [Errno 32] Broken pipe
2026-06-29 05:44:42,988 [WARNING] Failed to replay event 35: [Errno 32] Broken pipe
2026-06-29 05:44:42,988 [WARNING] Failed to replay event 36: [Errno 32] Broken pipe
2026-06-29 05:44:42,988 [INFO] handle_client: Entering receive loop
2026-06-29 05:44:42,988 [INFO] handle_client: Received empty data, client closed connection
2026-06-29 05:44:42,988 [INFO] Control Client disconnected
2026-06-29 05:44:43,095 [DEBUG] Received 10 bytes from BTS
2026-06-29 05:44:43,096 [DEBUG] Decoded IPA frame: proto=0x00, payload_len=7, consumed=10, payload_hex: 0c1201900fffff
2026-06-29 05:44:43,096 [DEBUG] RSL message: 0c1201900fffff
2026-06-29 05:44:43,096 [DEBUG] RSL discriminator: 0x0c, message type: 0x12, payload: 0c1201900fffff
2026-06-29 05:44:43,096 [DEBUG] Incomplete frame, buffer size: 0, buffer_hex: 
2026-06-29 05:44:43,278 [DEBUG] Received 10 bytes from BTS
2026-06-29 05:44:43,278 [DEBUG] Decoded IPA frame: proto=0x00, payload_len=7, consumed=10, payload_hex: 0c1201900fffff
2026-06-29 05:44:43,278 [DEBUG] RSL message: 0c1201900fffff
2026-06-29 05:44:43,278 [DEBUG] RSL discriminator: 0x0c, message type: 0x12, payload: 0c1201900fffff
2026-06-29 05:44:43,278 [DEBUG] Incomplete frame, buffer size: 0, buffer_hex: 
2026-06-29 05:44:44,096 [DEBUG] Received 10 bytes from BTS
2026-06-29 05:44:44,097 [DEBUG] Decoded IPA frame: proto=0x00, payload_len=7, consumed=10, payload_hex: 0c1201900fffff
2026-06-29 05:44:44,097 [DEBUG] RSL message: 0c1201900fffff
2026-06-29 05:44:44,097 [DEBUG] RSL discriminator: 0x0c, message type: 0x12, payload: 0c1201900fffff
2026-06-29 05:44:44,097 [DEBUG] Incomplete frame, buffer size: 0, buffer_hex: 
2026-06-29 05:44:44,279 [DEBUG] Received 10 bytes from BTS
2026-06-29 05:44:44,279 [DEBUG] Decoded IPA frame: proto=0x00, payload_len=7, consumed=10, payload_hex: 0c1201900fffff
2026-06-29 05:44:44,280 [DEBUG] RSL message: 0c1201900fffff
2026-06-29 05:44:44,280 [DEBUG] RSL discriminator: 0x0c, message type: 0x12, payload: 0c1201900fffff
2026-06-29 05:44:44,280 [DEBUG] Incomplete frame, buffer size: 0, buffer_hex: 
2026-06-29 05:44:44,624 [INFO] Control Client connected from ('10.42.0.1', 40770)
2026-06-29 05:44:44,624 [INFO] handle_client: Starting, client socket: 6
2026-06-29 05:44:44,624 [INFO] handle_client: WELCOME sent
2026-06-29 05:44:44,674 [INFO] Replaying 36 buffered event(s)
2026-06-29 05:44:44,674 [WARNING] Failed to replay event 1: [Errno 32] Broken pipe
2026-06-29 05:44:44,674 [WARNING] Failed to replay event 2: [Errno 32] Broken pipe
2026-06-29 05:44:44,675 [WARNING] Failed to replay event 3: [Errno 32] Broken pipe
2026-06-29 05:44:44,675 [WARNING] Failed to replay event 4: [Errno 32] Broken pipe
2026-06-29 05:44:44,675 [WARNING] Failed to replay event 5: [Errno 32] Broken pipe
2026-06-29 05:44:44,675 [WARNING] Failed to replay event 6: [Errno 32] Broken pipe
2026-06-29 05:44:44,675 [WARNING] Failed to replay event 7: [Errno 32] Broken pipe
2026-06-29 05:44:44,675 [WARNING] Failed to replay event 8: [Errno 32] Broken pipe
2026-06-29 05:44:44,675 [WARNING] Failed to replay event 9: [Errno 32] Broken pipe
2026-06-29 05:44:44,675 [WARNING] Failed to replay event 10: [Errno 32] Broken pipe
2026-06-29 05:44:44,675 [WARNING] Failed to replay event 11: [Errno 32] Broken pipe
2026-06-29 05:44:44,675 [WARNING] Failed to replay event 12: [Errno 32] Broken pipe
2026-06-29 05:44:44,675 [WARNING] Failed to replay event 13: [Errno 32] Broken pipe
2026-06-29 05:44:44,675 [WARNING] Failed to replay event 14: [Errno 32] Broken pipe
2026-06-29 05:44:44,675 [WARNING] Failed to replay event 15: [Errno 32] Broken pipe
2026-06-29 05:44:44,675 [WARNING] Failed to replay event 16: [Errno 32] Broken pipe
2026-06-29 05:44:44,675 [WARNING] Failed to replay event 17: [Errno 32] Broken pipe
2026-06-29 05:44:44,675 [WARNING] Failed to replay event 18: [Errno 32] Broken pipe
2026-06-29 05:44:44,675 [WARNING] Failed to replay event 19: [Errno 32] Broken pipe
2026-06-29 05:44:44,675 [WARNING] Failed to replay event 20: [Errno 32] Broken pipe
2026-06-29 05:44:44,675 [WARNING] Failed to replay event 21: [Errno 32] Broken pipe
2026-06-29 05:44:44,675 [WARNING] Failed to replay event 22: [Errno 32] Broken pipe
2026-06-29 05:44:44,675 [WARNING] Failed to replay event 23: [Errno 32] Broken pipe
2026-06-29 05:44:44,675 [WARNING] Failed to replay event 24: [Errno 32] Broken pipe
2026-06-29 05:44:44,675 [WARNING] Failed to replay event 25: [Errno 32] Broken pipe
2026-06-29 05:44:44,675 [WARNING] Failed to replay event 26: [Errno 32] Broken pipe
2026-06-29 05:44:44,676 [WARNING] Failed to replay event 27: [Errno 32] Broken pipe
2026-06-29 05:44:44,676 [WARNING] Failed to replay event 28: [Errno 32] Broken pipe
2026-06-29 05:44:44,676 [WARNING] Failed to replay event 29: [Errno 32] Broken pipe
2026-06-29 05:44:44,676 [WARNING] Failed to replay event 30: [Errno 32] Broken pipe
2026-06-29 05:44:44,676 [WARNING] Failed to replay event 31: [Errno 32] Broken pipe
2026-06-29 05:44:44,676 [WARNING] Failed to replay event 32: [Errno 32] Broken pipe
2026-06-29 05:44:44,676 [WARNING] Failed to replay event 33: [Errno 32] Broken pipe
2026-06-29 05:44:44,676 [WARNING] Failed to replay event 34: [Errno 32] Broken pipe
2026-06-29 05:44:44,676 [WARNING] Failed to replay event 35: [Errno 32] Broken pipe
2026-06-29 05:44:44,676 [WARNING] Failed to replay event 36: [Errno 32] Broken pipe
2026-06-29 05:44:44,676 [INFO] handle_client: Entering receive loop
2026-06-29 05:44:44,676 [INFO] handle_client: Received empty data, client closed connection
2026-06-29 05:44:44,676 [INFO] Control Client disconnected
2026-06-29 05:44:45,097 [DEBUG] Received 10 bytes from BTS
2026-06-29 05:44:45,097 [DEBUG] Decoded IPA frame: proto=0x00, payload_len=7, consumed=10, payload_hex: 0c1201900fffff
2026-06-29 05:44:45,097 [DEBUG] RSL message: 0c1201900fffff
2026-06-29 05:44:45,097 [DEBUG] RSL discriminator: 0x0c, message type: 0x12, payload: 0c1201900fffff
2026-06-29 05:44:45,097 [DEBUG] Incomplete frame, buffer size: 0, buffer_hex: 
2026-06-29 05:44:45,280 [DEBUG] Received 10 bytes from BTS
2026-06-29 05:44:45,280 [DEBUG] Decoded IPA frame: proto=0x00, payload_len=7, consumed=10, payload_hex: 0c1201900fffff
2026-06-29 05:44:45,280 [DEBUG] RSL message: 0c1201900fffff
2026-06-29 05:44:45,280 [DEBUG] RSL discriminator: 0x0c, message type: 0x12, payload: 0c1201900fffff
2026-06-29 05:44:45,280 [DEBUG] Incomplete frame, buffer size: 0, buffer_hex: 
2026-06-29 05:44:46,098 [DEBUG] Received 10 bytes from BTS
2026-06-29 05:44:46,098 [DEBUG] Decoded IPA frame: proto=0x00, payload_len=7, consumed=10, payload_hex: 0c1201900fffff
2026-06-29 05:44:46,098 [DEBUG] RSL message: 0c1201900fffff
2026-06-29 05:44:46,098 [DEBUG] RSL discriminator: 0x0c, message type: 0x12, payload: 0c1201900fffff
2026-06-29 05:44:46,098 [DEBUG] Incomplete frame, buffer size: 0, buffer_hex: 
2026-06-29 05:44:46,281 [DEBUG] Received 10 bytes from BTS
2026-06-29 05:44:46,281 [DEBUG] Decoded IPA frame: proto=0x00, payload_len=7, consumed=10, payload_hex: 0c1201900fffff
2026-06-29 05:44:46,281 [DEBUG] RSL message: 0c1201900fffff
2026-06-29 05:44:46,281 [DEBUG] RSL discriminator: 0x0c, message type: 0x12, payload: 0c1201900fffff
2026-06-29 05:44:46,281 [DEBUG] Incomplete frame, buffer size: 0, buffer_hex: 
2026-06-29 05:44:47,098 [DEBUG] Received 10 bytes from BTS
2026-06-29 05:44:47,098 [DEBUG] Decoded IPA frame: proto=0x00, payload_len=7, consumed=10, payload_hex: 0c1201900fffff
2026-06-29 05:44:47,098 [DEBUG] RSL message: 0c1201900fffff
2026-06-29 05:44:47,098 [DEBUG] RSL discriminator: 0x0c, message type: 0x12, payload: 0c1201900fffff
2026-06-29 05:44:47,098 [DEBUG] Incomplete frame, buffer size: 0, buffer_hex: 
2026-06-29 05:44:47,282 [DEBUG] Received 10 bytes from BTS
2026-06-29 05:44:47,282 [DEBUG] Decoded IPA frame: proto=0x00, payload_len=7, consumed=10, payload_hex: 0c1201900fffff
2026-06-29 05:44:47,282 [DEBUG] RSL message: 0c1201900fffff
2026-06-29 05:44:47,282 [DEBUG] RSL discriminator: 0x0c, message type: 0x12, payload: 0c1201900fffff
2026-06-29 05:44:47,282 [DEBUG] Incomplete frame, buffer size: 0, buffer_hex: 
2026-06-29 05:44:47,623 [INFO] Control Client connected from ('10.42.0.1', 40774)
2026-06-29 05:44:47,624 [INFO] handle_client: Starting, client socket: 11
2026-06-29 05:44:47,624 [INFO] handle_client: WELCOME sent
2026-06-29 05:44:47,674 [INFO] Replaying 36 buffered event(s)
2026-06-29 05:44:47,674 [WARNING] Failed to replay event 1: [Errno 32] Broken pipe
2026-06-29 05:44:47,674 [WARNING] Failed to replay event 2: [Errno 32] Broken pipe
2026-06-29 05:44:47,674 [WARNING] Failed to replay event 3: [Errno 32] Broken pipe
2026-06-29 05:44:47,674 [WARNING] Failed to replay event 4: [Errno 32] Broken pipe
2026-06-29 05:44:47,674 [WARNING] Failed to replay event 5: [Errno 32] Broken pipe
2026-06-29 05:44:47,674 [WARNING] Failed to replay event 6: [Errno 32] Broken pipe
2026-06-29 05:44:47,674 [WARNING] Failed to replay event 7: [Errno 32] Broken pipe
2026-06-29 05:44:47,674 [WARNING] Failed to replay event 8: [Errno 32] Broken pipe
2026-06-29 05:44:47,674 [WARNING] Failed to replay event 9: [Errno 32] Broken pipe
2026-06-29 05:44:47,674 [WARNING] Failed to replay event 10: [Errno 32] Broken pipe
2026-06-29 05:44:47,674 [WARNING] Failed to replay event 11: [Errno 32] Broken pipe
2026-06-29 05:44:47,674 [WARNING] Failed to replay event 12: [Errno 32] Broken pipe
2026-06-29 05:44:47,674 [WARNING] Failed to replay event 13: [Errno 32] Broken pipe
2026-06-29 05:44:47,674 [WARNING] Failed to replay event 14: [Errno 32] Broken pipe
2026-06-29 05:44:47,674 [WARNING] Failed to replay event 15: [Errno 32] Broken pipe
2026-06-29 05:44:47,674 [WARNING] Failed to replay event 16: [Errno 32] Broken pipe
2026-06-29 05:44:47,674 [WARNING] Failed to replay event 17: [Errno 32] Broken pipe
2026-06-29 05:44:47,674 [WARNING] Failed to replay event 18: [Errno 32] Broken pipe
2026-06-29 05:44:47,674 [WARNING] Failed to replay event 19: [Errno 32] Broken pipe
2026-06-29 05:44:47,674 [WARNING] Failed to replay event 20: [Errno 32] Broken pipe
2026-06-29 05:44:47,674 [WARNING] Failed to replay event 21: [Errno 32] Broken pipe
2026-06-29 05:44:47,674 [WARNING] Failed to replay event 22: [Errno 32] Broken pipe
2026-06-29 05:44:47,674 [WARNING] Failed to replay event 23: [Errno 32] Broken pipe
2026-06-29 05:44:47,674 [WARNING] Failed to replay event 24: [Errno 32] Broken pipe
2026-06-29 05:44:47,674 [WARNING] Failed to replay event 25: [Errno 32] Broken pipe
2026-06-29 05:44:47,675 [WARNING] Failed to replay event 26: [Errno 32] Broken pipe
2026-06-29 05:44:47,675 [WARNING] Failed to replay event 27: [Errno 32] Broken pipe
2026-06-29 05:44:47,675 [WARNING] Failed to replay event 28: [Errno 32] Broken pipe
2026-06-29 05:44:47,675 [WARNING] Failed to replay event 29: [Errno 32] Broken pipe
2026-06-29 05:44:47,675 [WARNING] Failed to replay event 30: [Errno 32] Broken pipe
2026-06-29 05:44:47,675 [WARNING] Failed to replay event 31: [Errno 32] Broken pipe
2026-06-29 05:44:47,675 [WARNING] Failed to replay event 32: [Errno 32] Broken pipe
2026-06-29 05:44:47,675 [WARNING] Failed to replay event 33: [Errno 32] Broken pipe
2026-06-29 05:44:47,675 [WARNING] Failed to replay event 34: [Errno 32] Broken pipe
2026-06-29 05:44:47,675 [WARNING] Failed to replay event 35: [Errno 32] Broken pipe
2026-06-29 05:44:47,675 [WARNING] Failed to replay event 36: [Errno 32] Broken pipe
2026-06-29 05:44:47,675 [INFO] handle_client: Entering receive loop
2026-06-29 05:44:47,675 [INFO] handle_client: Received empty data, client closed connection
2026-06-29 05:44:47,675 [INFO] Control Client disconnected
2026-06-29 05:44:48,098 [DEBUG] Received 10 bytes from BTS
2026-06-29 05:44:48,099 [DEBUG] Decoded IPA frame: proto=0x00, payload_len=7, consumed=10, payload_hex: 0c1201900fffff
2026-06-29 05:44:48,099 [DEBUG] RSL message: 0c1201900fffff
2026-06-29 05:44:48,099 [DEBUG] RSL discriminator: 0x0c, message type: 0x12, payload: 0c1201900fffff
2026-06-29 05:44:48,099 [DEBUG] Incomplete frame, buffer size: 0, buffer_hex: 
2026-06-29 05:44:48,282 [DEBUG] Received 10 bytes from BTS
2026-06-29 05:44:48,282 [DEBUG] Decoded IPA frame: proto=0x00, payload_len=7, consumed=10, payload_hex: 0c1201900fffff
2026-06-29 05:44:48,282 [DEBUG] RSL message: 0c1201900fffff
2026-06-29 05:44:48,282 [DEBUG] RSL discriminator: 0x0c, message type: 0x12, payload: 0c1201900fffff
2026-06-29 05:44:48,282 [DEBUG] Incomplete frame, buffer size: 0, buffer_hex: 
2026-06-29 05:44:49,099 [DEBUG] Received 10 bytes from BTS
2026-06-29 05:44:49,099 [DEBUG] Decoded IPA frame: proto=0x00, payload_len=7, consumed=10, payload_hex: 0c1201900fffff
2026-06-29 05:44:49,099 [DEBUG] RSL message: 0c1201900fffff
2026-06-29 05:44:49,099 [DEBUG] RSL discriminator: 0x0c, message type: 0x12, payload: 0c1201900fffff
2026-06-29 05:44:49,099 [DEBUG] Incomplete frame, buffer size: 0, buffer_hex: 
2026-06-29 05:44:49,282 [DEBUG] Received 10 bytes from BTS
2026-06-29 05:44:49,282 [DEBUG] Decoded IPA frame: proto=0x00, payload_len=7, consumed=10, payload_hex: 0c1201900fffff
2026-06-29 05:44:49,282 [DEBUG] RSL message: 0c1201900fffff
2026-06-29 05:44:49,282 [DEBUG] RSL discriminator: 0x0c, message type: 0x12, payload: 0c1201900fffff
2026-06-29 05:44:49,282 [DEBUG] Incomplete frame, buffer size: 0, buffer_hex: 
2026-06-29 05:44:50,100 [DEBUG] Received 10 bytes from BTS
2026-06-29 05:44:50,100 [DEBUG] Decoded IPA frame: proto=0x00, payload_len=7, consumed=10, payload_hex: 0c1201900fffff
2026-06-29 05:44:50,100 [DEBUG] RSL message: 0c1201900fffff
2026-06-29 05:44:50,100 [DEBUG] RSL discriminator: 0x0c, message type: 0x12, payload: 0c1201900fffff
2026-06-29 05:44:50,100 [DEBUG] Incomplete frame, buffer size: 0, buffer_hex: 
2026-06-29 05:44:50,283 [DEBUG] Received 10 bytes from BTS
2026-06-29 05:44:50,283 [DEBUG] Decoded IPA frame: proto=0x00, payload_len=7, consumed=10, payload_hex: 0c1201900fffff
2026-06-29 05:44:50,283 [DEBUG] RSL message: 0c1201900fffff
2026-06-29 05:44:50,283 [DEBUG] RSL discriminator: 0x0c, message type: 0x12, payload: 0c1201900fffff
2026-06-29 05:44:50,283 [DEBUG] Incomplete frame, buffer size: 0, buffer_hex: 
2026-06-29 05:44:50,623 [INFO] Control Client connected from ('10.42.0.1', 40782)
2026-06-29 05:44:50,623 [INFO] handle_client: Starting, client socket: 6
2026-06-29 05:44:50,623 [INFO] handle_client: WELCOME sent
2026-06-29 05:44:50,674 [INFO] Replaying 36 buffered event(s)
2026-06-29 05:44:50,674 [WARNING] Failed to replay event 1: [Errno 32] Broken pipe
2026-06-29 05:44:50,674 [WARNING] Failed to replay event 2: [Errno 32] Broken pipe
2026-06-29 05:44:50,674 [WARNING] Failed to replay event 3: [Errno 32] Broken pipe
2026-06-29 05:44:50,674 [WARNING] Failed to replay event 4: [Errno 32] Broken pipe
2026-06-29 05:44:50,674 [WARNING] Failed to replay event 5: [Errno 32] Broken pipe
2026-06-29 05:44:50,674 [WARNING] Failed to replay event 6: [Errno 32] Broken pipe
2026-06-29 05:44:50,674 [WARNING] Failed to replay event 7: [Errno 32] Broken pipe
2026-06-29 05:44:50,674 [WARNING] Failed to replay event 8: [Errno 32] Broken pipe
2026-06-29 05:44:50,674 [WARNING] Failed to replay event 9: [Errno 32] Broken pipe
2026-06-29 05:44:50,674 [WARNING] Failed to replay event 10: [Errno 32] Broken pipe
2026-06-29 05:44:50,674 [WARNING] Failed to replay event 11: [Errno 32] Broken pipe
2026-06-29 05:44:50,674 [WARNING] Failed to replay event 12: [Errno 32] Broken pipe
2026-06-29 05:44:50,674 [WARNING] Failed to replay event 13: [Errno 32] Broken pipe
2026-06-29 05:44:50,674 [WARNING] Failed to replay event 14: [Errno 32] Broken pipe
2026-06-29 05:44:50,674 [WARNING] Failed to replay event 15: [Errno 32] Broken pipe
2026-06-29 05:44:50,674 [WARNING] Failed to replay event 16: [Errno 32] Broken pipe
2026-06-29 05:44:50,674 [WARNING] Failed to replay event 17: [Errno 32] Broken pipe
2026-06-29 05:44:50,674 [WARNING] Failed to replay event 18: [Errno 32] Broken pipe
2026-06-29 05:44:50,674 [WARNING] Failed to replay event 19: [Errno 32] Broken pipe
2026-06-29 05:44:50,674 [WARNING] Failed to replay event 20: [Errno 32] Broken pipe
2026-06-29 05:44:50,674 [WARNING] Failed to replay event 21: [Errno 32] Broken pipe
2026-06-29 05:44:50,674 [WARNING] Failed to replay event 22: [Errno 32] Broken pipe
2026-06-29 05:44:50,674 [WARNING] Failed to replay event 23: [Errno 32] Broken pipe
2026-06-29 05:44:50,675 [WARNING] Failed to replay event 24: [Errno 32] Broken pipe
2026-06-29 05:44:50,675 [WARNING] Failed to replay event 25: [Errno 32] Broken pipe
2026-06-29 05:44:50,675 [WARNING] Failed to replay event 26: [Errno 32] Broken pipe
2026-06-29 05:44:50,675 [WARNING] Failed to replay event 27: [Errno 32] Broken pipe
2026-06-29 05:44:50,675 [WARNING] Failed to replay event 28: [Errno 32] Broken pipe
2026-06-29 05:44:50,675 [WARNING] Failed to replay event 29: [Errno 32] Broken pipe
2026-06-29 05:44:50,675 [WARNING] Failed to replay event 30: [Errno 32] Broken pipe
2026-06-29 05:44:50,675 [WARNING] Failed to replay event 31: [Errno 32] Broken pipe
2026-06-29 05:44:50,675 [WARNING] Failed to replay event 32: [Errno 32] Broken pipe
2026-06-29 05:44:50,675 [WARNING] Failed to replay event 33: [Errno 32] Broken pipe
2026-06-29 05:44:50,675 [WARNING] Failed to replay event 34: [Errno 32] Broken pipe
2026-06-29 05:44:50,675 [WARNING] Failed to replay event 35: [Errno 32] Broken pipe
2026-06-29 05:44:50,675 [WARNING] Failed to replay event 36: [Errno 32] Broken pipe
2026-06-29 05:44:50,675 [INFO] handle_client: Entering receive loop
2026-06-29 05:44:50,675 [INFO] handle_client: Received empty data, client closed connection
2026-06-29 05:44:50,675 [INFO] Control Client disconnected
2026-06-29 05:44:51,100 [DEBUG] Received 10 bytes from BTS
2026-06-29 05:44:51,100 [DEBUG] Decoded IPA frame: proto=0x00, payload_len=7, consumed=10, payload_hex: 0c1201900fffff
2026-06-29 05:44:51,100 [DEBUG] RSL message: 0c1201900fffff
2026-06-29 05:44:51,100 [DEBUG] RSL discriminator: 0x0c, message type: 0x12, payload: 0c1201900fffff
2026-06-29 05:44:51,100 [DEBUG] Incomplete frame, buffer size: 0, buffer_hex: 
2026-06-29 05:44:51,284 [DEBUG] Received 10 bytes from BTS
2026-06-29 05:44:51,284 [DEBUG] Decoded IPA frame: proto=0x00, payload_len=7, consumed=10, payload_hex: 0c1201900fffff
2026-06-29 05:44:51,284 [DEBUG] RSL message: 0c1201900fffff
2026-06-29 05:44:51,284 [DEBUG] RSL discriminator: 0x0c, message type: 0x12, payload: 0c1201900fffff
2026-06-29 05:44:51,284 [DEBUG] Incomplete frame, buffer size: 0, buffer_hex: 
2026-06-29 05:44:52,100 [DEBUG] Received 10 bytes from BTS
2026-06-29 05:44:52,100 [DEBUG] Decoded IPA frame: proto=0x00, payload_len=7, consumed=10, payload_hex: 0c1201900fffff
2026-06-29 05:44:52,100 [DEBUG] RSL message: 0c1201900fffff
2026-06-29 05:44:52,100 [DEBUG] RSL discriminator: 0x0c, message type: 0x12, payload: 0c1201900fffff
2026-06-29 05:44:52,100 [DEBUG] Incomplete frame, buffer size: 0, buffer_hex: 
2026-06-29 05:44:52,284 [DEBUG] Received 10 bytes from BTS
2026-06-29 05:44:52,284 [DEBUG] Decoded IPA frame: proto=0x00, payload_len=7, consumed=10, payload_hex: 0c1201900fffff
2026-06-29 05:44:52,284 [DEBUG] RSL message: 0c1201900fffff
2026-06-29 05:44:52,284 [DEBUG] RSL discriminator: 0x0c, message type: 0x12, payload: 0c1201900fffff
2026-06-29 05:44:52,284 [DEBUG] Incomplete frame, buffer size: 0, buffer_hex: 
2026-06-29 05:44:52,936 [INFO] Control Client connected from ('10.42.0.1', 57988)
2026-06-29 05:44:52,936 [INFO] handle_client: Starting, client socket: 11
2026-06-29 05:44:52,937 [INFO] handle_client: WELCOME sent
2026-06-29 05:44:52,987 [INFO] Replaying 36 buffered event(s)
2026-06-29 05:44:52,987 [WARNING] Failed to replay event 1: [Errno 32] Broken pipe
2026-06-29 05:44:52,987 [WARNING] Failed to replay event 2: [Errno 32] Broken pipe
2026-06-29 05:44:52,987 [WARNING] Failed to replay event 3: [Errno 32] Broken pipe
2026-06-29 05:44:52,987 [WARNING] Failed to replay event 4: [Errno 32] Broken pipe
2026-06-29 05:44:52,987 [WARNING] Failed to replay event 5: [Errno 32] Broken pipe
2026-06-29 05:44:52,987 [WARNING] Failed to replay event 6: [Errno 32] Broken pipe
2026-06-29 05:44:52,987 [WARNING] Failed to replay event 7: [Errno 32] Broken pipe
2026-06-29 05:44:52,987 [WARNING] Failed to replay event 8: [Errno 32] Broken pipe
2026-06-29 05:44:52,987 [WARNING] Failed to replay event 9: [Errno 32] Broken pipe
2026-06-29 05:44:52,988 [WARNING] Failed to replay event 10: [Errno 32] Broken pipe
2026-06-29 05:44:52,988 [WARNING] Failed to replay event 11: [Errno 32] Broken pipe
2026-06-29 05:44:52,988 [WARNING] Failed to replay event 12: [Errno 32] Broken pipe
2026-06-29 05:44:52,988 [WARNING] Failed to replay event 13: [Errno 32] Broken pipe
2026-06-29 05:44:52,988 [WARNING] Failed to replay event 14: [Errno 32] Broken pipe
2026-06-29 05:44:52,988 [WARNING] Failed to replay event 15: [Errno 32] Broken pipe
2026-06-29 05:44:52,988 [WARNING] Failed to replay event 16: [Errno 32] Broken pipe
2026-06-29 05:44:52,988 [WARNING] Failed to replay event 17: [Errno 32] Broken pipe
2026-06-29 05:44:52,988 [WARNING] Failed to replay event 18: [Errno 32] Broken pipe
2026-06-29 05:44:52,988 [WARNING] Failed to replay event 19: [Errno 32] Broken pipe
2026-06-29 05:44:52,988 [WARNING] Failed to replay event 20: [Errno 32] Broken pipe
2026-06-29 05:44:52,988 [WARNING] Failed to replay event 21: [Errno 32] Broken pipe
2026-06-29 05:44:52,988 [WARNING] Failed to replay event 22: [Errno 32] Broken pipe
2026-06-29 05:44:52,988 [WARNING] Failed to replay event 23: [Errno 32] Broken pipe
2026-06-29 05:44:52,988 [WARNING] Failed to replay event 24: [Errno 32] Broken pipe
2026-06-29 05:44:52,988 [WARNING] Failed to replay event 25: [Errno 32] Broken pipe
2026-06-29 05:44:52,988 [WARNING] Failed to replay event 26: [Errno 32] Broken pipe
2026-06-29 05:44:52,988 [WARNING] Failed to replay event 27: [Errno 32] Broken pipe
2026-06-29 05:44:52,988 [WARNING] Failed to replay event 28: [Errno 32] Broken pipe
2026-06-29 05:44:52,988 [WARNING] Failed to replay event 29: [Errno 32] Broken pipe
2026-06-29 05:44:52,988 [WARNING] Failed to replay event 30: [Errno 32] Broken pipe
2026-06-29 05:44:52,988 [WARNING] Failed to replay event 31: [Errno 32] Broken pipe
2026-06-29 05:44:52,988 [WARNING] Failed to replay event 32: [Errno 32] Broken pipe
2026-06-29 05:44:52,988 [WARNING] Failed to replay event 33: [Errno 32] Broken pipe
2026-06-29 05:44:52,988 [WARNING] Failed to replay event 34: [Errno 32] Broken pipe
2026-06-29 05:44:52,988 [WARNING] Failed to replay event 35: [Errno 32] Broken pipe
2026-06-29 05:44:52,988 [WARNING] Failed to replay event 36: [Errno 32] Broken pipe
2026-06-29 05:44:52,988 [INFO] handle_client: Entering receive loop
2026-06-29 05:44:52,988 [INFO] handle_client: Received empty data, client closed connection
2026-06-29 05:44:52,988 [INFO] Control Client disconnected
2026-06-29 05:44:53,101 [DEBUG] Received 10 bytes from BTS
2026-06-29 05:44:53,101 [DEBUG] Decoded IPA frame: proto=0x00, payload_len=7, consumed=10, payload_hex: 0c1201900fffff
2026-06-29 05:44:53,101 [DEBUG] RSL message: 0c1201900fffff
2026-06-29 05:44:53,101 [DEBUG] RSL discriminator: 0x0c, message type: 0x12, payload: 0c1201900fffff
2026-06-29 05:44:53,101 [DEBUG] Incomplete frame, buffer size: 0, buffer_hex: 
2026-06-29 05:44:53,285 [DEBUG] Received 10 bytes from BTS
2026-06-29 05:44:53,285 [DEBUG] Decoded IPA frame: proto=0x00, payload_len=7, consumed=10, payload_hex: 0c1201900fffff
2026-06-29 05:44:53,285 [DEBUG] RSL message: 0c1201900fffff
2026-06-29 05:44:53,285 [DEBUG] RSL discriminator: 0x0c, message type: 0x12, payload: 0c1201900fffff
2026-06-29 05:44:53,285 [DEBUG] Incomplete frame, buffer size: 0, buffer_hex: 
2026-06-29 05:44:53,624 [INFO] Control Client connected from ('10.42.0.1', 58004)
2026-06-29 05:44:53,624 [INFO] handle_client: Starting, client socket: 6
2026-06-29 05:44:53,624 [INFO] handle_client: WELCOME sent
2026-06-29 05:44:53,674 [INFO] Replaying 36 buffered event(s)
2026-06-29 05:44:53,675 [WARNING] Failed to replay event 1: [Errno 32] Broken pipe
2026-06-29 05:44:53,675 [WARNING] Failed to replay event 2: [Errno 32] Broken pipe
2026-06-29 05:44:53,675 [WARNING] Failed to replay event 3: [Errno 32] Broken pipe
2026-06-29 05:44:53,675 [WARNING] Failed to replay event 4: [Errno 32] Broken pipe
2026-06-29 05:44:53,675 [WARNING] Failed to replay event 5: [Errno 32] Broken pipe
2026-06-29 05:44:53,675 [WARNING] Failed to replay event 6: [Errno 32] Broken pipe
2026-06-29 05:44:53,675 [WARNING] Failed to replay event 7: [Errno 32] Broken pipe
2026-06-29 05:44:53,675 [WARNING] Failed to replay event 8: [Errno 32] Broken pipe
2026-06-29 05:44:53,675 [WARNING] Failed to replay event 9: [Errno 32] Broken pipe
2026-06-29 05:44:53,675 [WARNING] Failed to replay event 10: [Errno 32] Broken pipe
2026-06-29 05:44:53,675 [WARNING] Failed to replay event 11: [Errno 32] Broken pipe
2026-06-29 05:44:53,675 [WARNING] Failed to replay event 12: [Errno 32] Broken pipe
2026-06-29 05:44:53,675 [WARNING] Failed to replay event 13: [Errno 32] Broken pipe
2026-06-29 05:44:53,675 [WARNING] Failed to replay event 14: [Errno 32] Broken pipe
2026-06-29 05:44:53,675 [WARNING] Failed to replay event 15: [Errno 32] Broken pipe
2026-06-29 05:44:53,675 [WARNING] Failed to replay event 16: [Errno 32] Broken pipe
2026-06-29 05:44:53,675 [WARNING] Failed to replay event 17: [Errno 32] Broken pipe
2026-06-29 05:44:53,675 [WARNING] Failed to replay event 18: [Errno 32] Broken pipe
2026-06-29 05:44:53,675 [WARNING] Failed to replay event 19: [Errno 32] Broken pipe
2026-06-29 05:44:53,675 [WARNING] Failed to replay event 20: [Errno 32] Broken pipe
2026-06-29 05:44:53,675 [WARNING] Failed to replay event 21: [Errno 32] Broken pipe
2026-06-29 05:44:53,675 [WARNING] Failed to replay event 22: [Errno 32] Broken pipe
2026-06-29 05:44:53,675 [WARNING] Failed to replay event 23: [Errno 32] Broken pipe
2026-06-29 05:44:53,675 [WARNING] Failed to replay event 24: [Errno 32] Broken pipe
2026-06-29 05:44:53,675 [WARNING] Failed to replay event 25: [Errno 32] Broken pipe
2026-06-29 05:44:53,675 [WARNING] Failed to replay event 26: [Errno 32] Broken pipe
2026-06-29 05:44:53,675 [WARNING] Failed to replay event 27: [Errno 32] Broken pipe
2026-06-29 05:44:53,675 [WARNING] Failed to replay event 28: [Errno 32] Broken pipe
2026-06-29 05:44:53,675 [WARNING] Failed to replay event 29: [Errno 32] Broken pipe
2026-06-29 05:44:53,675 [WARNING] Failed to replay event 30: [Errno 32] Broken pipe
2026-06-29 05:44:53,675 [WARNING] Failed to replay event 31: [Errno 32] Broken pipe
2026-06-29 05:44:53,675 [WARNING] Failed to replay event 32: [Errno 32] Broken pipe
2026-06-29 05:44:53,675 [WARNING] Failed to replay event 33: [Errno 32] Broken pipe
2026-06-29 05:44:53,675 [WARNING] Failed to replay event 34: [Errno 32] Broken pipe
2026-06-29 05:44:53,675 [WARNING] Failed to replay event 35: [Errno 32] Broken pipe
2026-06-29 05:44:53,675 [WARNING] Failed to replay event 36: [Errno 32] Broken pipe
2026-06-29 05:44:53,675 [INFO] handle_client: Entering receive loop
2026-06-29 05:44:53,675 [INFO] handle_client: Received empty data, client closed connection
2026-06-29 05:44:53,675 [INFO] Control Client disconnected
2026-06-29 05:44:54,102 [DEBUG] Received 10 bytes from BTS
2026-06-29 05:44:54,102 [DEBUG] Decoded IPA frame: proto=0x00, payload_len=7, consumed=10, payload_hex: 0c1201900fffff
2026-06-29 05:44:54,102 [DEBUG] RSL message: 0c1201900fffff
2026-06-29 05:44:54,102 [DEBUG] RSL discriminator: 0x0c, message type: 0x12, payload: 0c1201900fffff
2026-06-29 05:44:54,102 [DEBUG] Incomplete frame, buffer size: 0, buffer_hex: 
2026-06-29 05:44:54,285 [DEBUG] Received 10 bytes from BTS
2026-06-29 05:44:54,286 [DEBUG] Decoded IPA frame: proto=0x00, payload_len=7, consumed=10, payload_hex: 0c1201900fffff
2026-06-29 05:44:54,286 [DEBUG] RSL message: 0c1201900fffff
2026-06-29 05:44:54,286 [DEBUG] RSL discriminator: 0x0c, message type: 0x12, payload: 0c1201900fffff
2026-06-29 05:44:54,286 [DEBUG] Incomplete frame, buffer size: 0, buffer_hex: 
2026-06-29 05:44:55,102 [DEBUG] Received 10 bytes from BTS
2026-06-29 05:44:55,102 [DEBUG] Decoded IPA frame: proto=0x00, payload_len=7, consumed=10, payload_hex: 0c1201900fffff
2026-06-29 05:44:55,102 [DEBUG] RSL message: 0c1201900fffff
2026-06-29 05:44:55,102 [DEBUG] RSL discriminator: 0x0c, message type: 0x12, payload: 0c1201900fffff
2026-06-29 05:44:55,102 [DEBUG] Incomplete frame, buffer size: 0, buffer_hex: 
2026-06-29 05:44:55,286 [DEBUG] Received 10 bytes from BTS
2026-06-29 05:44:55,286 [DEBUG] Decoded IPA frame: proto=0x00, payload_len=7, consumed=10, payload_hex: 0c1201900fffff
2026-06-29 05:44:55,286 [DEBUG] RSL message: 0c1201900fffff
2026-06-29 05:44:55,286 [DEBUG] RSL discriminator: 0x0c, message type: 0x12, payload: 0c1201900fffff
2026-06-29 05:44:55,286 [DEBUG] Incomplete frame, buffer size: 0, buffer_hex: 
2026-06-29 05:44:56,102 [DEBUG] Received 10 bytes from BTS
2026-06-29 05:44:56,102 [DEBUG] Decoded IPA frame: proto=0x00, payload_len=7, consumed=10, payload_hex: 0c1201900fffff
2026-06-29 05:44:56,102 [DEBUG] RSL message: 0c1201900fffff
2026-06-29 05:44:56,102 [DEBUG] RSL discriminator: 0x0c, message type: 0x12, payload: 0c1201900fffff
2026-06-29 05:44:56,102 [DEBUG] Incomplete frame, buffer size: 0, buffer_hex: 
2026-06-29 05:44:56,286 [DEBUG] Received 10 bytes from BTS
2026-06-29 05:44:56,287 [DEBUG] Decoded IPA frame: proto=0x00, payload_len=7, consumed=10, payload_hex: 0c1201900fffff
2026-06-29 05:44:56,287 [DEBUG] RSL message: 0c1201900fffff
2026-06-29 05:44:56,287 [DEBUG] RSL discriminator: 0x0c, message type: 0x12, payload: 0c1201900fffff
2026-06-29 05:44:56,287 [DEBUG] Incomplete frame, buffer size: 0, buffer_hex: 
2026-06-29 05:44:56,623 [INFO] Control Client connected from ('10.42.0.1', 58010)
2026-06-29 05:44:56,623 [INFO] handle_client: Starting, client socket: 11
2026-06-29 05:44:56,623 [INFO] handle_client: WELCOME sent
2026-06-29 05:44:56,673 [INFO] Replaying 36 buffered event(s)
2026-06-29 05:44:56,673 [WARNING] Failed to replay event 1: [Errno 104] Connection reset by peer
2026-06-29 05:44:56,674 [WARNING] Failed to replay event 2: [Errno 32] Broken pipe
2026-06-29 05:44:56,674 [WARNING] Failed to replay event 3: [Errno 32] Broken pipe
2026-06-29 05:44:56,674 [WARNING] Failed to replay event 4: [Errno 32] Broken pipe
2026-06-29 05:44:56,674 [WARNING] Failed to replay event 5: [Errno 32] Broken pipe
2026-06-29 05:44:56,674 [WARNING] Failed to replay event 6: [Errno 32] Broken pipe
2026-06-29 05:44:56,674 [WARNING] Failed to replay event 7: [Errno 32] Broken pipe
2026-06-29 05:44:56,674 [WARNING] Failed to replay event 8: [Errno 32] Broken pipe
2026-06-29 05:44:56,674 [WARNING] Failed to replay event 9: [Errno 32] Broken pipe
2026-06-29 05:44:56,674 [WARNING] Failed to replay event 10: [Errno 32] Broken pipe
2026-06-29 05:44:56,674 [WARNING] Failed to replay event 11: [Errno 32] Broken pipe
2026-06-29 05:44:56,674 [WARNING] Failed to replay event 12: [Errno 32] Broken pipe
2026-06-29 05:44:56,674 [WARNING] Failed to replay event 13: [Errno 32] Broken pipe
2026-06-29 05:44:56,674 [WARNING] Failed to replay event 14: [Errno 32] Broken pipe
2026-06-29 05:44:56,674 [WARNING] Failed to replay event 15: [Errno 32] Broken pipe
2026-06-29 05:44:56,674 [WARNING] Failed to replay event 16: [Errno 32] Broken pipe
2026-06-29 05:44:56,674 [WARNING] Failed to replay event 17: [Errno 32] Broken pipe
2026-06-29 05:44:56,674 [WARNING] Failed to replay event 18: [Errno 32] Broken pipe
2026-06-29 05:44:56,674 [WARNING] Failed to replay event 19: [Errno 32] Broken pipe
2026-06-29 05:44:56,674 [WARNING] Failed to replay event 20: [Errno 32] Broken pipe
2026-06-29 05:44:56,674 [WARNING] Failed to replay event 21: [Errno 32] Broken pipe
2026-06-29 05:44:56,674 [WARNING] Failed to replay event 22: [Errno 32] Broken pipe
2026-06-29 05:44:56,674 [WARNING] Failed to replay event 23: [Errno 32] Broken pipe
2026-06-29 05:44:56,674 [WARNING] Failed to replay event 24: [Errno 32] Broken pipe
2026-06-29 05:44:56,674 [WARNING] Failed to replay event 25: [Errno 32] Broken pipe
2026-06-29 05:44:56,674 [WARNING] Failed to replay event 26: [Errno 32] Broken pipe
2026-06-29 05:44:56,674 [WARNING] Failed to replay event 27: [Errno 32] Broken pipe
2026-06-29 05:44:56,674 [WARNING] Failed to replay event 28: [Errno 32] Broken pipe
2026-06-29 05:44:56,674 [WARNING] Failed to replay event 29: [Errno 32] Broken pipe
2026-06-29 05:44:56,674 [WARNING] Failed to replay event 30: [Errno 32] Broken pipe
2026-06-29 05:44:56,674 [WARNING] Failed to replay event 31: [Errno 32] Broken pipe
2026-06-29 05:44:56,674 [WARNING] Failed to replay event 32: [Errno 32] Broken pipe
2026-06-29 05:44:56,674 [WARNING] Failed to replay event 33: [Errno 32] Broken pipe
2026-06-29 05:44:56,674 [WARNING] Failed to replay event 34: [Errno 32] Broken pipe
2026-06-29 05:44:56,674 [WARNING] Failed to replay event 35: [Errno 32] Broken pipe
2026-06-29 05:44:56,674 [WARNING] Failed to replay event 36: [Errno 32] Broken pipe
2026-06-29 05:44:56,674 [INFO] handle_client: Entering receive loop
2026-06-29 05:44:56,674 [INFO] handle_client: Received empty data, client closed connection
2026-06-29 05:44:56,674 [INFO] Control Client disconnected
2026-06-29 05:44:57,103 [DEBUG] Received 10 bytes from BTS
2026-06-29 05:44:57,103 [DEBUG] Decoded IPA frame: proto=0x00, payload_len=7, consumed=10, payload_hex: 0c1201900fffff
2026-06-29 05:44:57,103 [DEBUG] RSL message: 0c1201900fffff
2026-06-29 05:44:57,103 [DEBUG] RSL discriminator: 0x0c, message type: 0x12, payload: 0c1201900fffff
2026-06-29 05:44:57,103 [DEBUG] Incomplete frame, buffer size: 0, buffer_hex: 
2026-06-29 05:44:57,287 [DEBUG] Received 10 bytes from BTS
2026-06-29 05:44:57,287 [DEBUG] Decoded IPA frame: proto=0x00, payload_len=7, consumed=10, payload_hex: 0c1201900fffff
2026-06-29 05:44:57,288 [DEBUG] RSL message: 0c1201900fffff
2026-06-29 05:44:57,288 [DEBUG] RSL discriminator: 0x0c, message type: 0x12, payload: 0c1201900fffff
2026-06-29 05:44:57,288 [DEBUG] Incomplete frame, buffer size: 0, buffer_hex: 
2026-06-29 05:44:58,103 [DEBUG] Received 10 bytes from BTS
2026-06-29 05:44:58,103 [DEBUG] Decoded IPA frame: proto=0x00, payload_len=7, consumed=10, payload_hex: 0c1201900fffff
2026-06-29 05:44:58,103 [DEBUG] RSL message: 0c1201900fffff
2026-06-29 05:44:58,103 [DEBUG] RSL discriminator: 0x0c, message type: 0x12, payload: 0c1201900fffff
2026-06-29 05:44:58,103 [DEBUG] Incomplete frame, buffer size: 0, buffer_hex: 
2026-06-29 05:44:58,288 [DEBUG] Received 10 bytes from BTS
2026-06-29 05:44:58,288 [DEBUG] Decoded IPA frame: proto=0x00, payload_len=7, consumed=10, payload_hex: 0c1201900fffff
2026-06-29 05:44:58,288 [DEBUG] RSL message: 0c1201900fffff
2026-06-29 05:44:58,289 [DEBUG] RSL discriminator: 0x0c, message type: 0x12, payload: 0c1201900fffff
2026-06-29 05:44:58,289 [DEBUG] Incomplete frame, buffer size: 0, buffer_hex: 
2026-06-29 05:44:59,103 [DEBUG] Received 10 bytes from BTS
2026-06-29 05:44:59,103 [DEBUG] Decoded IPA frame: proto=0x00, payload_len=7, consumed=10, payload_hex: 0c1201900fffff
2026-06-29 05:44:59,103 [DEBUG] RSL message: 0c1201900fffff
2026-06-29 05:44:59,103 [DEBUG] RSL discriminator: 0x0c, message type: 0x12, payload: 0c1201900fffff
2026-06-29 05:44:59,103 [DEBUG] Incomplete frame, buffer size: 0, buffer_hex: 
2026-06-29 05:44:59,289 [DEBUG] Received 10 bytes from BTS
2026-06-29 05:44:59,289 [DEBUG] Decoded IPA frame: proto=0x00, payload_len=7, consumed=10, payload_hex: 0c1201900fffff
2026-06-29 05:44:59,289 [DEBUG] RSL message: 0c1201900fffff
2026-06-29 05:44:59,289 [DEBUG] RSL discriminator: 0x0c, message type: 0x12, payload: 0c1201900fffff
2026-06-29 05:44:59,289 [DEBUG] Incomplete frame, buffer size: 0, buffer_hex: 
2026-06-29 05:44:59,623 [INFO] Control Client connected from ('10.42.0.1', 58012)
2026-06-29 05:44:59,624 [INFO] handle_client: Starting, client socket: 6
2026-06-29 05:44:59,624 [INFO] handle_client: WELCOME sent
2026-06-29 05:44:59,674 [INFO] Replaying 36 buffered event(s)
2026-06-29 05:44:59,674 [WARNING] Failed to replay event 1: [Errno 32] Broken pipe
2026-06-29 05:44:59,674 [WARNING] Failed to replay event 2: [Errno 32] Broken pipe
2026-06-29 05:44:59,674 [WARNING] Failed to replay event 3: [Errno 32] Broken pipe
2026-06-29 05:44:59,674 [WARNING] Failed to replay event 4: [Errno 32] Broken pipe
2026-06-29 05:44:59,674 [WARNING] Failed to replay event 5: [Errno 32] Broken pipe
2026-06-29 05:44:59,674 [WARNING] Failed to replay event 6: [Errno 32] Broken pipe
2026-06-29 05:44:59,674 [WARNING] Failed to replay event 7: [Errno 32] Broken pipe
2026-06-29 05:44:59,674 [WARNING] Failed to replay event 8: [Errno 32] Broken pipe
2026-06-29 05:44:59,674 [WARNING] Failed to replay event 9: [Errno 32] Broken pipe
2026-06-29 05:44:59,674 [WARNING] Failed to replay event 10: [Errno 32] Broken pipe
2026-06-29 05:44:59,674 [WARNING] Failed to replay event 11: [Errno 32] Broken pipe
2026-06-29 05:44:59,674 [WARNING] Failed to replay event 12: [Errno 32] Broken pipe
2026-06-29 05:44:59,674 [WARNING] Failed to replay event 13: [Errno 32] Broken pipe
2026-06-29 05:44:59,674 [WARNING] Failed to replay event 14: [Errno 32] Broken pipe
2026-06-29 05:44:59,674 [WARNING] Failed to replay event 15: [Errno 32] Broken pipe
2026-06-29 05:44:59,674 [WARNING] Failed to replay event 16: [Errno 32] Broken pipe
2026-06-29 05:44:59,674 [WARNING] Failed to replay event 17: [Errno 32] Broken pipe
2026-06-29 05:44:59,674 [WARNING] Failed to replay event 18: [Errno 32] Broken pipe
2026-06-29 05:44:59,674 [WARNING] Failed to replay event 19: [Errno 32] Broken pipe
2026-06-29 05:44:59,674 [WARNING] Failed to replay event 20: [Errno 32] Broken pipe
2026-06-29 05:44:59,674 [WARNING] Failed to replay event 21: [Errno 32] Broken pipe
2026-06-29 05:44:59,675 [WARNING] Failed to replay event 22: [Errno 32] Broken pipe
2026-06-29 05:44:59,675 [WARNING] Failed to replay event 23: [Errno 32] Broken pipe
2026-06-29 05:44:59,675 [WARNING] Failed to replay event 24: [Errno 32] Broken pipe
2026-06-29 05:44:59,675 [WARNING] Failed to replay event 25: [Errno 32] Broken pipe
2026-06-29 05:44:59,675 [WARNING] Failed to replay event 26: [Errno 32] Broken pipe
2026-06-29 05:44:59,675 [WARNING] Failed to replay event 27: [Errno 32] Broken pipe
2026-06-29 05:44:59,675 [WARNING] Failed to replay event 28: [Errno 32] Broken pipe
2026-06-29 05:44:59,675 [WARNING] Failed to replay event 29: [Errno 32] Broken pipe
2026-06-29 05:44:59,675 [WARNING] Failed to replay event 30: [Errno 32] Broken pipe
2026-06-29 05:44:59,675 [WARNING] Failed to replay event 31: [Errno 32] Broken pipe
2026-06-29 05:44:59,675 [WARNING] Failed to replay event 32: [Errno 32] Broken pipe
2026-06-29 05:44:59,675 [WARNING] Failed to replay event 33: [Errno 32] Broken pipe
2026-06-29 05:44:59,675 [WARNING] Failed to replay event 34: [Errno 32] Broken pipe
2026-06-29 05:44:59,675 [WARNING] Failed to replay event 35: [Errno 32] Broken pipe
2026-06-29 05:44:59,675 [WARNING] Failed to replay event 36: [Errno 32] Broken pipe
2026-06-29 05:44:59,675 [INFO] handle_client: Entering receive loop
2026-06-29 05:44:59,675 [INFO] handle_client: Received empty data, client closed connection
2026-06-29 05:44:59,675 [INFO] Control Client disconnected
2026-06-29 05:45:00,104 [DEBUG] Received 10 bytes from BTS
2026-06-29 05:45:00,104 [DEBUG] Decoded IPA frame: proto=0x00, payload_len=7, consumed=10, payload_hex: 0c1201900fffff
2026-06-29 05:45:00,104 [DEBUG] RSL message: 0c1201900fffff
2026-06-29 05:45:00,104 [DEBUG] RSL discriminator: 0x0c, message type: 0x12, payload: 0c1201900fffff
2026-06-29 05:45:00,104 [DEBUG] Incomplete frame, buffer size: 0, buffer_hex: 
2026-06-29 05:45:00,290 [DEBUG] Received 10 bytes from BTS
2026-06-29 05:45:00,290 [DEBUG] Decoded IPA frame: proto=0x00, payload_len=7, consumed=10, payload_hex: 0c1201900fffff
2026-06-29 05:45:00,290 [DEBUG] RSL message: 0c1201900fffff
2026-06-29 05:45:00,290 [DEBUG] RSL discriminator: 0x0c, message type: 0x12, payload: 0c1201900fffff
2026-06-29 05:45:00,290 [DEBUG] Incomplete frame, buffer size: 0, buffer_hex: 
2026-06-29 05:45:01,104 [DEBUG] Received 10 bytes from BTS
2026-06-29 05:45:01,105 [DEBUG] Decoded IPA frame: proto=0x00, payload_len=7, consumed=10, payload_hex: 0c1201900fffff
2026-06-29 05:45:01,105 [DEBUG] RSL message: 0c1201900fffff
2026-06-29 05:45:01,105 [DEBUG] RSL discriminator: 0x0c, message type: 0x12, payload: 0c1201900fffff
2026-06-29 05:45:01,105 [DEBUG] Incomplete frame, buffer size: 0, buffer_hex: 
2026-06-29 05:45:01,291 [DEBUG] Received 10 bytes from BTS
2026-06-29 05:45:01,291 [DEBUG] Decoded IPA frame: proto=0x00, payload_len=7, consumed=10, payload_hex: 0c1201900fffff
2026-06-29 05:45:01,291 [DEBUG] RSL message: 0c1201900fffff
2026-06-29 05:45:01,291 [DEBUG] RSL discriminator: 0x0c, message type: 0x12, payload: 0c1201900fffff
2026-06-29 05:45:01,291 [DEBUG] Incomplete frame, buffer size: 0, buffer_hex: 
2026-06-29 05:45:02,105 [DEBUG] Received 10 bytes from BTS
2026-06-29 05:45:02,105 [DEBUG] Decoded IPA frame: proto=0x00, payload_len=7, consumed=10, payload_hex: 0c1201900fffff
2026-06-29 05:45:02,105 [DEBUG] RSL message: 0c1201900fffff
2026-06-29 05:45:02,105 [DEBUG] RSL discriminator: 0x0c, message type: 0x12, payload: 0c1201900fffff
2026-06-29 05:45:02,105 [DEBUG] Incomplete frame, buffer size: 0, buffer_hex: 
2026-06-29 05:45:02,291 [DEBUG] Received 10 bytes from BTS
2026-06-29 05:45:02,291 [DEBUG] Decoded IPA frame: proto=0x00, payload_len=7, consumed=10, payload_hex: 0c1201900fffff
2026-06-29 05:45:02,291 [DEBUG] RSL message: 0c1201900fffff
2026-06-29 05:45:02,291 [DEBUG] RSL discriminator: 0x0c, message type: 0x12, payload: 0c1201900fffff
2026-06-29 05:45:02,291 [DEBUG] Incomplete frame, buffer size: 0, buffer_hex: 
2026-06-29 05:45:02,623 [INFO] Control Client connected from ('10.42.0.1', 35700)
2026-06-29 05:45:02,623 [INFO] handle_client: Starting, client socket: 11
2026-06-29 05:45:02,623 [INFO] handle_client: WELCOME sent
2026-06-29 05:45:02,674 [INFO] Replaying 36 buffered event(s)
2026-06-29 05:45:02,674 [WARNING] Failed to replay event 1: [Errno 32] Broken pipe
2026-06-29 05:45:02,674 [WARNING] Failed to replay event 2: [Errno 32] Broken pipe
2026-06-29 05:45:02,674 [WARNING] Failed to replay event 3: [Errno 32] Broken pipe
2026-06-29 05:45:02,674 [WARNING] Failed to replay event 4: [Errno 32] Broken pipe
2026-06-29 05:45:02,674 [WARNING] Failed to replay event 5: [Errno 32] Broken pipe
2026-06-29 05:45:02,674 [WARNING] Failed to replay event 6: [Errno 32] Broken pipe
2026-06-29 05:45:02,674 [WARNING] Failed to replay event 7: [Errno 32] Broken pipe
2026-06-29 05:45:02,674 [WARNING] Failed to replay event 8: [Errno 32] Broken pipe
2026-06-29 05:45:02,674 [WARNING] Failed to replay event 9: [Errno 32] Broken pipe
2026-06-29 05:45:02,674 [WARNING] Failed to replay event 10: [Errno 32] Broken pipe
2026-06-29 05:45:02,674 [WARNING] Failed to replay event 11: [Errno 32] Broken pipe
2026-06-29 05:45:02,674 [WARNING] Failed to replay event 12: [Errno 32] Broken pipe
2026-06-29 05:45:02,674 [WARNING] Failed to replay event 13: [Errno 32] Broken pipe
2026-06-29 05:45:02,674 [WARNING] Failed to replay event 14: [Errno 32] Broken pipe
2026-06-29 05:45:02,674 [WARNING] Failed to replay event 15: [Errno 32] Broken pipe
2026-06-29 05:45:02,674 [WARNING] Failed to replay event 16: [Errno 32] Broken pipe
2026-06-29 05:45:02,674 [WARNING] Failed to replay event 17: [Errno 32] Broken pipe
2026-06-29 05:45:02,674 [WARNING] Failed to replay event 18: [Errno 32] Broken pipe
2026-06-29 05:45:02,674 [WARNING] Failed to replay event 19: [Errno 32] Broken pipe
2026-06-29 05:45:02,674 [WARNING] Failed to replay event 20: [Errno 32] Broken pipe
2026-06-29 05:45:02,674 [WARNING] Failed to replay event 21: [Errno 32] Broken pipe
2026-06-29 05:45:02,674 [WARNING] Failed to replay event 22: [Errno 32] Broken pipe
2026-06-29 05:45:02,674 [WARNING] Failed to replay event 23: [Errno 32] Broken pipe
2026-06-29 05:45:02,674 [WARNING] Failed to replay event 24: [Errno 32] Broken pipe
2026-06-29 05:45:02,674 [WARNING] Failed to replay event 25: [Errno 32] Broken pipe
2026-06-29 05:45:02,674 [WARNING] Failed to replay event 26: [Errno 32] Broken pipe
2026-06-29 05:45:02,674 [WARNING] Failed to replay event 27: [Errno 32] Broken pipe
2026-06-29 05:45:02,674 [WARNING] Failed to replay event 28: [Errno 32] Broken pipe
2026-06-29 05:45:02,674 [WARNING] Failed to replay event 29: [Errno 32] Broken pipe
2026-06-29 05:45:02,674 [WARNING] Failed to replay event 30: [Errno 32] Broken pipe
2026-06-29 05:45:02,674 [WARNING] Failed to replay event 31: [Errno 32] Broken pipe
2026-06-29 05:45:02,674 [WARNING] Failed to replay event 32: [Errno 32] Broken pipe
2026-06-29 05:45:02,674 [WARNING] Failed to replay event 33: [Errno 32] Broken pipe
2026-06-29 05:45:02,674 [WARNING] Failed to replay event 34: [Errno 32] Broken pipe
2026-06-29 05:45:02,675 [WARNING] Failed to replay event 35: [Errno 32] Broken pipe
2026-06-29 05:45:02,675 [WARNING] Failed to replay event 36: [Errno 32] Broken pipe
2026-06-29 05:45:02,675 [INFO] handle_client: Entering receive loop
2026-06-29 05:45:02,675 [INFO] handle_client: Received empty data, client closed connection
2026-06-29 05:45:02,675 [INFO] Control Client disconnected
2026-06-29 05:45:02,935 [INFO] Control Client connected from ('10.42.0.1', 35712)
2026-06-29 05:45:02,936 [INFO] handle_client: Starting, client socket: 6
2026-06-29 05:45:02,936 [INFO] handle_client: WELCOME sent
2026-06-29 05:45:02,986 [INFO] Replaying 36 buffered event(s)
2026-06-29 05:45:02,986 [WARNING] Failed to replay event 1: [Errno 32] Broken pipe
2026-06-29 05:45:02,986 [WARNING] Failed to replay event 2: [Errno 32] Broken pipe
2026-06-29 05:45:02,986 [WARNING] Failed to replay event 3: [Errno 32] Broken pipe
2026-06-29 05:45:02,986 [WARNING] Failed to replay event 4: [Errno 32] Broken pipe
2026-06-29 05:45:02,986 [WARNING] Failed to replay event 5: [Errno 32] Broken pipe
2026-06-29 05:45:02,986 [WARNING] Failed to replay event 6: [Errno 32] Broken pipe
2026-06-29 05:45:02,986 [WARNING] Failed to replay event 7: [Errno 32] Broken pipe
2026-06-29 05:45:02,986 [WARNING] Failed to replay event 8: [Errno 32] Broken pipe
2026-06-29 05:45:02,986 [WARNING] Failed to replay event 9: [Errno 32] Broken pipe
2026-06-29 05:45:02,986 [WARNING] Failed to replay event 10: [Errno 32] Broken pipe
2026-06-29 05:45:02,986 [WARNING] Failed to replay event 11: [Errno 32] Broken pipe
2026-06-29 05:45:02,986 [WARNING] Failed to replay event 12: [Errno 32] Broken pipe
2026-06-29 05:45:02,986 [WARNING] Failed to replay event 13: [Errno 32] Broken pipe
2026-06-29 05:45:02,986 [WARNING] Failed to replay event 14: [Errno 32] Broken pipe
2026-06-29 05:45:02,987 [WARNING] Failed to replay event 15: [Errno 32] Broken pipe
2026-06-29 05:45:02,987 [WARNING] Failed to replay event 16: [Errno 32] Broken pipe
2026-06-29 05:45:02,987 [WARNING] Failed to replay event 17: [Errno 32] Broken pipe
2026-06-29 05:45:02,987 [WARNING] Failed to replay event 18: [Errno 32] Broken pipe
2026-06-29 05:45:02,987 [WARNING] Failed to replay event 19: [Errno 32] Broken pipe
2026-06-29 05:45:02,987 [WARNING] Failed to replay event 20: [Errno 32] Broken pipe
2026-06-29 05:45:02,987 [WARNING] Failed to replay event 21: [Errno 32] Broken pipe
2026-06-29 05:45:02,987 [WARNING] Failed to replay event 22: [Errno 32] Broken pipe
2026-06-29 05:45:02,987 [WARNING] Failed to replay event 23: [Errno 32] Broken pipe
2026-06-29 05:45:02,987 [WARNING] Failed to replay event 24: [Errno 32] Broken pipe
2026-06-29 05:45:02,987 [WARNING] Failed to replay event 25: [Errno 32] Broken pipe
2026-06-29 05:45:02,987 [WARNING] Failed to replay event 26: [Errno 32] Broken pipe
2026-06-29 05:45:02,987 [WARNING] Failed to replay event 27: [Errno 32] Broken pipe
2026-06-29 05:45:02,987 [WARNING] Failed to replay event 28: [Errno 32] Broken pipe
2026-06-29 05:45:02,987 [WARNING] Failed to replay event 29: [Errno 32] Broken pipe
2026-06-29 05:45:02,987 [WARNING] Failed to replay event 30: [Errno 32] Broken pipe
2026-06-29 05:45:02,987 [WARNING] Failed to replay event 31: [Errno 32] Broken pipe
2026-06-29 05:45:02,987 [WARNING] Failed to replay event 32: [Errno 32] Broken pipe
2026-06-29 05:45:02,987 [WARNING] Failed to replay event 33: [Errno 32] Broken pipe
2026-06-29 05:45:02,987 [WARNING] Failed to replay event 34: [Errno 32] Broken pipe
2026-06-29 05:45:02,987 [WARNING] Failed to replay event 35: [Errno 32] Broken pipe
2026-06-29 05:45:02,987 [WARNING] Failed to replay event 36: [Errno 32] Broken pipe
2026-06-29 05:45:02,987 [INFO] handle_client: Entering receive loop
2026-06-29 05:45:02,987 [INFO] handle_client: Received empty data, client closed connection
2026-06-29 05:45:02,987 [INFO] Control Client disconnected
2026-06-29 05:45:03,106 [DEBUG] Received 10 bytes from BTS
2026-06-29 05:45:03,106 [DEBUG] Decoded IPA frame: proto=0x00, payload_len=7, consumed=10, payload_hex: 0c1201900fffff
2026-06-29 05:45:03,106 [DEBUG] RSL message: 0c1201900fffff
2026-06-29 05:45:03,106 [DEBUG] RSL discriminator: 0x0c, message type: 0x12, payload: 0c1201900fffff
2026-06-29 05:45:03,106 [DEBUG] Incomplete frame, buffer size: 0, buffer_hex: 
2026-06-29 05:45:03,292 [DEBUG] Received 10 bytes from BTS
2026-06-29 05:45:03,292 [DEBUG] Decoded IPA frame: proto=0x00, payload_len=7, consumed=10, payload_hex: 0c1201900fffff
2026-06-29 05:45:03,292 [DEBUG] RSL message: 0c1201900fffff
2026-06-29 05:45:03,292 [DEBUG] RSL discriminator: 0x0c, message type: 0x12, payload: 0c1201900fffff
2026-06-29 05:45:03,292 [DEBUG] Incomplete frame, buffer size: 0, buffer_hex: 
2026-06-29 05:45:04,106 [DEBUG] Received 10 bytes from BTS
2026-06-29 05:45:04,106 [DEBUG] Decoded IPA frame: proto=0x00, payload_len=7, consumed=10, payload_hex: 0c1201900fffff
2026-06-29 05:45:04,106 [DEBUG] RSL message: 0c1201900fffff
2026-06-29 05:45:04,106 [DEBUG] RSL discriminator: 0x0c, message type: 0x12, payload: 0c1201900fffff
2026-06-29 05:45:04,106 [DEBUG] Incomplete frame, buffer size: 0, buffer_hex: 
2026-06-29 05:45:04,292 [DEBUG] Received 10 bytes from BTS
2026-06-29 05:45:04,292 [DEBUG] Decoded IPA frame: proto=0x00, payload_len=7, consumed=10, payload_hex: 0c1201900fffff
2026-06-29 05:45:04,292 [DEBUG] RSL message: 0c1201900fffff
2026-06-29 05:45:04,292 [DEBUG] RSL discriminator: 0x0c, message type: 0x12, payload: 0c1201900fffff
2026-06-29 05:45:04,292 [DEBUG] Incomplete frame, buffer size: 0, buffer_hex: 
2026-06-29 05:45:05,107 [DEBUG] Received 10 bytes from BTS
2026-06-29 05:45:05,107 [DEBUG] Decoded IPA frame: proto=0x00, payload_len=7, consumed=10, payload_hex: 0c1201900fffff
2026-06-29 05:45:05,107 [DEBUG] RSL message: 0c1201900fffff
2026-06-29 05:45:05,107 [DEBUG] RSL discriminator: 0x0c, message type: 0x12, payload: 0c1201900fffff
2026-06-29 05:45:05,107 [DEBUG] Incomplete frame, buffer size: 0, buffer_hex: 
2026-06-29 05:45:05,293 [DEBUG] Received 10 bytes from BTS
2026-06-29 05:45:05,293 [DEBUG] Decoded IPA frame: proto=0x00, payload_len=7, consumed=10, payload_hex: 0c1201900fffff
2026-06-29 05:45:05,293 [DEBUG] RSL message: 0c1201900fffff
2026-06-29 05:45:05,293 [DEBUG] RSL discriminator: 0x0c, message type: 0x12, payload: 0c1201900fffff
2026-06-29 05:45:05,293 [DEBUG] Incomplete frame, buffer size: 0, buffer_hex: 
2026-06-29 05:45:05,623 [INFO] Control Client connected from ('10.42.0.1', 35718)
2026-06-29 05:45:05,623 [INFO] handle_client: Starting, client socket: 11
2026-06-29 05:45:05,623 [INFO] handle_client: WELCOME sent
2026-06-29 05:45:05,674 [INFO] Replaying 36 buffered event(s)
2026-06-29 05:45:05,674 [WARNING] Failed to replay event 1: [Errno 32] Broken pipe
2026-06-29 05:45:05,674 [WARNING] Failed to replay event 2: [Errno 32] Broken pipe
2026-06-29 05:45:05,674 [WARNING] Failed to replay event 3: [Errno 32] Broken pipe
2026-06-29 05:45:05,674 [WARNING] Failed to replay event 4: [Errno 32] Broken pipe
2026-06-29 05:45:05,674 [WARNING] Failed to replay event 5: [Errno 32] Broken pipe
2026-06-29 05:45:05,674 [WARNING] Failed to replay event 6: [Errno 32] Broken pipe
2026-06-29 05:45:05,674 [WARNING] Failed to replay event 7: [Errno 32] Broken pipe
2026-06-29 05:45:05,674 [WARNING] Failed to replay event 8: [Errno 32] Broken pipe
2026-06-29 05:45:05,674 [WARNING] Failed to replay event 9: [Errno 32] Broken pipe
2026-06-29 05:45:05,674 [WARNING] Failed to replay event 10: [Errno 32] Broken pipe
2026-06-29 05:45:05,674 [WARNING] Failed to replay event 11: [Errno 32] Broken pipe
2026-06-29 05:45:05,674 [WARNING] Failed to replay event 12: [Errno 32] Broken pipe
2026-06-29 05:45:05,674 [WARNING] Failed to replay event 13: [Errno 32] Broken pipe
2026-06-29 05:45:05,674 [WARNING] Failed to replay event 14: [Errno 32] Broken pipe
2026-06-29 05:45:05,674 [WARNING] Failed to replay event 15: [Errno 32] Broken pipe
2026-06-29 05:45:05,674 [WARNING] Failed to replay event 16: [Errno 32] Broken pipe
2026-06-29 05:45:05,674 [WARNING] Failed to replay event 17: [Errno 32] Broken pipe
2026-06-29 05:45:05,674 [WARNING] Failed to replay event 18: [Errno 32] Broken pipe
2026-06-29 05:45:05,674 [WARNING] Failed to replay event 19: [Errno 32] Broken pipe
2026-06-29 05:45:05,674 [WARNING] Failed to replay event 20: [Errno 32] Broken pipe
2026-06-29 05:45:05,674 [WARNING] Failed to replay event 21: [Errno 32] Broken pipe
2026-06-29 05:45:05,674 [WARNING] Failed to replay event 22: [Errno 32] Broken pipe
2026-06-29 05:45:05,674 [WARNING] Failed to replay event 23: [Errno 32] Broken pipe
2026-06-29 05:45:05,674 [WARNING] Failed to replay event 24: [Errno 32] Broken pipe
2026-06-29 05:45:05,674 [WARNING] Failed to replay event 25: [Errno 32] Broken pipe
2026-06-29 05:45:05,674 [WARNING] Failed to replay event 26: [Errno 32] Broken pipe
2026-06-29 05:45:05,674 [WARNING] Failed to replay event 27: [Errno 32] Broken pipe
2026-06-29 05:45:05,674 [WARNING] Failed to replay event 28: [Errno 32] Broken pipe
2026-06-29 05:45:05,674 [WARNING] Failed to replay event 29: [Errno 32] Broken pipe
2026-06-29 05:45:05,674 [WARNING] Failed to replay event 30: [Errno 32] Broken pipe
2026-06-29 05:45:05,674 [WARNING] Failed to replay event 31: [Errno 32] Broken pipe
2026-06-29 05:45:05,674 [WARNING] Failed to replay event 32: [Errno 32] Broken pipe
2026-06-29 05:45:05,674 [WARNING] Failed to replay event 33: [Errno 32] Broken pipe
2026-06-29 05:45:05,674 [WARNING] Failed to replay event 34: [Errno 32] Broken pipe
2026-06-29 05:45:05,674 [WARNING] Failed to replay event 35: [Errno 32] Broken pipe
2026-06-29 05:45:05,674 [WARNING] Failed to replay event 36: [Errno 32] Broken pipe
2026-06-29 05:45:05,674 [INFO] handle_client: Entering receive loop
2026-06-29 05:45:05,674 [INFO] handle_client: Received empty data, client closed connection
2026-06-29 05:45:05,674 [INFO] Control Client disconnected
2026-06-29 05:45:06,107 [DEBUG] Received 10 bytes from BTS
2026-06-29 05:45:06,108 [DEBUG] Decoded IPA frame: proto=0x00, payload_len=7, consumed=10, payload_hex: 0c1201900fffff
2026-06-29 05:45:06,108 [DEBUG] RSL message: 0c1201900fffff
2026-06-29 05:45:06,108 [DEBUG] RSL discriminator: 0x0c, message type: 0x12, payload: 0c1201900fffff
2026-06-29 05:45:06,108 [DEBUG] Incomplete frame, buffer size: 0, buffer_hex: 
2026-06-29 05:45:06,293 [DEBUG] Received 10 bytes from BTS
2026-06-29 05:45:06,293 [DEBUG] Decoded IPA frame: proto=0x00, payload_len=7, consumed=10, payload_hex: 0c1201900fffff
2026-06-29 05:45:06,293 [DEBUG] RSL message: 0c1201900fffff
2026-06-29 05:45:06,294 [DEBUG] RSL discriminator: 0x0c, message type: 0x12, payload: 0c1201900fffff
2026-06-29 05:45:06,294 [DEBUG] Incomplete frame, buffer size: 0, buffer_hex: 
2026-06-29 05:45:07,108 [DEBUG] Received 10 bytes from BTS
2026-06-29 05:45:07,108 [DEBUG] Decoded IPA frame: proto=0x00, payload_len=7, consumed=10, payload_hex: 0c1201900fffff
2026-06-29 05:45:07,108 [DEBUG] RSL message: 0c1201900fffff
2026-06-29 05:45:07,108 [DEBUG] RSL discriminator: 0x0c, message type: 0x12, payload: 0c1201900fffff
2026-06-29 05:45:07,108 [DEBUG] Incomplete frame, buffer size: 0, buffer_hex: 
2026-06-29 05:45:07,294 [DEBUG] Received 10 bytes from BTS
2026-06-29 05:45:07,294 [DEBUG] Decoded IPA frame: proto=0x00, payload_len=7, consumed=10, payload_hex: 0c1201900fffff
2026-06-29 05:45:07,294 [DEBUG] RSL message: 0c1201900fffff
2026-06-29 05:45:07,294 [DEBUG] RSL discriminator: 0x0c, message type: 0x12, payload: 0c1201900fffff
2026-06-29 05:45:07,295 [DEBUG] Incomplete frame, buffer size: 0, buffer_hex: 
2026-06-29 05:45:08,109 [DEBUG] Received 10 bytes from BTS
2026-06-29 05:45:08,109 [DEBUG] Decoded IPA frame: proto=0x00, payload_len=7, consumed=10, payload_hex: 0c1201900fffff
2026-06-29 05:45:08,109 [DEBUG] RSL message: 0c1201900fffff
2026-06-29 05:45:08,109 [DEBUG] RSL discriminator: 0x0c, message type: 0x12, payload: 0c1201900fffff
2026-06-29 05:45:08,109 [DEBUG] Incomplete frame, buffer size: 0, buffer_hex: 
2026-06-29 05:45:08,295 [DEBUG] Received 10 bytes from BTS
2026-06-29 05:45:08,295 [DEBUG] Decoded IPA frame: proto=0x00, payload_len=7, consumed=10, payload_hex: 0c1201900fffff
2026-06-29 05:45:08,295 [DEBUG] RSL message: 0c1201900fffff
2026-06-29 05:45:08,295 [DEBUG] RSL discriminator: 0x0c, message type: 0x12, payload: 0c1201900fffff
2026-06-29 05:45:08,295 [DEBUG] Incomplete frame, buffer size: 0, buffer_hex: 
2026-06-29 05:45:08,623 [INFO] Control Client connected from ('10.42.0.1', 35732)
2026-06-29 05:45:08,623 [INFO] handle_client: Starting, client socket: 6
2026-06-29 05:45:08,623 [INFO] handle_client: WELCOME sent
2026-06-29 05:45:08,674 [INFO] Replaying 36 buffered event(s)
2026-06-29 05:45:08,674 [WARNING] Failed to replay event 1: [Errno 32] Broken pipe
2026-06-29 05:45:08,674 [WARNING] Failed to replay event 2: [Errno 32] Broken pipe
2026-06-29 05:45:08,674 [WARNING] Failed to replay event 3: [Errno 32] Broken pipe
2026-06-29 05:45:08,674 [WARNING] Failed to replay event 4: [Errno 32] Broken pipe
2026-06-29 05:45:08,674 [WARNING] Failed to replay event 5: [Errno 32] Broken pipe
2026-06-29 05:45:08,674 [WARNING] Failed to replay event 6: [Errno 32] Broken pipe
2026-06-29 05:45:08,674 [WARNING] Failed to replay event 7: [Errno 32] Broken pipe
2026-06-29 05:45:08,674 [WARNING] Failed to replay event 8: [Errno 32] Broken pipe
2026-06-29 05:45:08,674 [WARNING] Failed to replay event 9: [Errno 32] Broken pipe
2026-06-29 05:45:08,674 [WARNING] Failed to replay event 10: [Errno 32] Broken pipe
2026-06-29 05:45:08,674 [WARNING] Failed to replay event 11: [Errno 32] Broken pipe
2026-06-29 05:45:08,674 [WARNING] Failed to replay event 12: [Errno 32] Broken pipe
2026-06-29 05:45:08,674 [WARNING] Failed to replay event 13: [Errno 32] Broken pipe
2026-06-29 05:45:08,674 [WARNING] Failed to replay event 14: [Errno 32] Broken pipe
2026-06-29 05:45:08,674 [WARNING] Failed to replay event 15: [Errno 32] Broken pipe
2026-06-29 05:45:08,674 [WARNING] Failed to replay event 16: [Errno 32] Broken pipe
2026-06-29 05:45:08,674 [WARNING] Failed to replay event 17: [Errno 32] Broken pipe
2026-06-29 05:45:08,674 [WARNING] Failed to replay event 18: [Errno 32] Broken pipe
2026-06-29 05:45:08,674 [WARNING] Failed to replay event 19: [Errno 32] Broken pipe
2026-06-29 05:45:08,674 [WARNING] Failed to replay event 20: [Errno 32] Broken pipe
2026-06-29 05:45:08,675 [WARNING] Failed to replay event 21: [Errno 32] Broken pipe
2026-06-29 05:45:08,675 [WARNING] Failed to replay event 22: [Errno 32] Broken pipe
2026-06-29 05:45:08,675 [WARNING] Failed to replay event 23: [Errno 32] Broken pipe
2026-06-29 05:45:08,675 [WARNING] Failed to replay event 24: [Errno 32] Broken pipe
2026-06-29 05:45:08,675 [WARNING] Failed to replay event 25: [Errno 32] Broken pipe
2026-06-29 05:45:08,675 [WARNING] Failed to replay event 26: [Errno 32] Broken pipe
2026-06-29 05:45:08,675 [WARNING] Failed to replay event 27: [Errno 32] Broken pipe
2026-06-29 05:45:08,675 [WARNING] Failed to replay event 28: [Errno 32] Broken pipe
2026-06-29 05:45:08,675 [WARNING] Failed to replay event 29: [Errno 32] Broken pipe
2026-06-29 05:45:08,675 [WARNING] Failed to replay event 30: [Errno 32] Broken pipe
2026-06-29 05:45:08,675 [WARNING] Failed to replay event 31: [Errno 32] Broken pipe
2026-06-29 05:45:08,675 [WARNING] Failed to replay event 32: [Errno 32] Broken pipe
2026-06-29 05:45:08,675 [WARNING] Failed to replay event 33: [Errno 32] Broken pipe
2026-06-29 05:45:08,675 [WARNING] Failed to replay event 34: [Errno 32] Broken pipe
2026-06-29 05:45:08,675 [WARNING] Failed to replay event 35: [Errno 32] Broken pipe
2026-06-29 05:45:08,675 [WARNING] Failed to replay event 36: [Errno 32] Broken pipe
2026-06-29 05:45:08,675 [INFO] handle_client: Entering receive loop
2026-06-29 05:45:08,675 [INFO] handle_client: Received empty data, client closed connection
2026-06-29 05:45:08,675 [INFO] Control Client disconnected
2026-06-29 05:45:09,110 [DEBUG] Received 10 bytes from BTS
2026-06-29 05:45:09,110 [DEBUG] Decoded IPA frame: proto=0x00, payload_len=7, consumed=10, payload_hex: 0c1201900fffff
2026-06-29 05:45:09,110 [DEBUG] RSL message: 0c1201900fffff
2026-06-29 05:45:09,110 [DEBUG] RSL discriminator: 0x0c, message type: 0x12, payload: 0c1201900fffff
2026-06-29 05:45:09,110 [DEBUG] Incomplete frame, buffer size: 0, buffer_hex: 
2026-06-29 05:45:09,295 [DEBUG] Received 10 bytes from BTS
2026-06-29 05:45:09,295 [DEBUG] Decoded IPA frame: proto=0x00, payload_len=7, consumed=10, payload_hex: 0c1201900fffff
2026-06-29 05:45:09,295 [DEBUG] RSL message: 0c1201900fffff
2026-06-29 05:45:09,295 [DEBUG] RSL discriminator: 0x0c, message type: 0x12, payload: 0c1201900fffff
2026-06-29 05:45:09,295 [DEBUG] Incomplete frame, buffer size: 0, buffer_hex: 
2026-06-29 05:45:10,110 [DEBUG] Received 10 bytes from BTS
2026-06-29 05:45:10,110 [DEBUG] Decoded IPA frame: proto=0x00, payload_len=7, consumed=10, payload_hex: 0c1201900fffff
2026-06-29 05:45:10,110 [DEBUG] RSL message: 0c1201900fffff
2026-06-29 05:45:10,110 [DEBUG] RSL discriminator: 0x0c, message type: 0x12, payload: 0c1201900fffff
2026-06-29 05:45:10,110 [DEBUG] Incomplete frame, buffer size: 0, buffer_hex: 
2026-06-29 05:45:10,295 [DEBUG] Received 10 bytes from BTS
2026-06-29 05:45:10,296 [DEBUG] Decoded IPA frame: proto=0x00, payload_len=7, consumed=10, payload_hex: 0c1201900fffff
2026-06-29 05:45:10,296 [DEBUG] RSL message: 0c1201900fffff
2026-06-29 05:45:10,296 [DEBUG] RSL discriminator: 0x0c, message type: 0x12, payload: 0c1201900fffff
2026-06-29 05:45:10,296 [DEBUG] Incomplete frame, buffer size: 0, buffer_hex: 
2026-06-29 05:45:11,111 [DEBUG] Received 10 bytes from BTS
2026-06-29 05:45:11,111 [DEBUG] Decoded IPA frame: proto=0x00, payload_len=7, consumed=10, payload_hex: 0c1201900fffff
2026-06-29 05:45:11,111 [DEBUG] RSL message: 0c1201900fffff
2026-06-29 05:45:11,111 [DEBUG] RSL discriminator: 0x0c, message type: 0x12, payload: 0c1201900fffff
2026-06-29 05:45:11,111 [DEBUG] Incomplete frame, buffer size: 0, buffer_hex: 
2026-06-29 05:45:11,296 [DEBUG] Received 10 bytes from BTS
2026-06-29 05:45:11,296 [DEBUG] Decoded IPA frame: proto=0x00, payload_len=7, consumed=10, payload_hex: 0c1201900fffff
2026-06-29 05:45:11,296 [DEBUG] RSL message: 0c1201900fffff
2026-06-29 05:45:11,296 [DEBUG] RSL discriminator: 0x0c, message type: 0x12, payload: 0c1201900fffff
2026-06-29 05:45:11,296 [DEBUG] Incomplete frame, buffer size: 0, buffer_hex: 
2026-06-29 05:45:11,623 [INFO] Control Client connected from ('10.42.0.1', 39512)
2026-06-29 05:45:11,623 [INFO] handle_client: Starting, client socket: 11
2026-06-29 05:45:11,624 [INFO] handle_client: WELCOME sent
2026-06-29 05:45:11,674 [INFO] Replaying 36 buffered event(s)
2026-06-29 05:45:11,674 [WARNING] Failed to replay event 1: [Errno 32] Broken pipe
2026-06-29 05:45:11,674 [WARNING] Failed to replay event 2: [Errno 32] Broken pipe
2026-06-29 05:45:11,674 [WARNING] Failed to replay event 3: [Errno 32] Broken pipe
2026-06-29 05:45:11,674 [WARNING] Failed to replay event 4: [Errno 32] Broken pipe
2026-06-29 05:45:11,674 [WARNING] Failed to replay event 5: [Errno 32] Broken pipe
2026-06-29 05:45:11,674 [WARNING] Failed to replay event 6: [Errno 32] Broken pipe
2026-06-29 05:45:11,674 [WARNING] Failed to replay event 7: [Errno 32] Broken pipe
2026-06-29 05:45:11,674 [WARNING] Failed to replay event 8: [Errno 32] Broken pipe
2026-06-29 05:45:11,674 [WARNING] Failed to replay event 9: [Errno 32] Broken pipe
2026-06-29 05:45:11,674 [WARNING] Failed to replay event 10: [Errno 32] Broken pipe
2026-06-29 05:45:11,674 [WARNING] Failed to replay event 11: [Errno 32] Broken pipe
2026-06-29 05:45:11,674 [WARNING] Failed to replay event 12: [Errno 32] Broken pipe
2026-06-29 05:45:11,674 [WARNING] Failed to replay event 13: [Errno 32] Broken pipe
2026-06-29 05:45:11,674 [WARNING] Failed to replay event 14: [Errno 32] Broken pipe
2026-06-29 05:45:11,674 [WARNING] Failed to replay event 15: [Errno 32] Broken pipe
2026-06-29 05:45:11,674 [WARNING] Failed to replay event 16: [Errno 32] Broken pipe
2026-06-29 05:45:11,675 [WARNING] Failed to replay event 17: [Errno 32] Broken pipe
2026-06-29 05:45:11,675 [WARNING] Failed to replay event 18: [Errno 32] Broken pipe
2026-06-29 05:45:11,675 [WARNING] Failed to replay event 19: [Errno 32] Broken pipe
2026-06-29 05:45:11,675 [WARNING] Failed to replay event 20: [Errno 32] Broken pipe
2026-06-29 05:45:11,675 [WARNING] Failed to replay event 21: [Errno 32] Broken pipe
2026-06-29 05:45:11,675 [WARNING] Failed to replay event 22: [Errno 32] Broken pipe
2026-06-29 05:45:11,675 [WARNING] Failed to replay event 23: [Errno 32] Broken pipe
2026-06-29 05:45:11,675 [WARNING] Failed to replay event 24: [Errno 32] Broken pipe
2026-06-29 05:45:11,675 [WARNING] Failed to replay event 25: [Errno 32] Broken pipe
2026-06-29 05:45:11,675 [WARNING] Failed to replay event 26: [Errno 32] Broken pipe
2026-06-29 05:45:11,675 [WARNING] Failed to replay event 27: [Errno 32] Broken pipe
2026-06-29 05:45:11,675 [WARNING] Failed to replay event 28: [Errno 32] Broken pipe
2026-06-29 05:45:11,675 [WARNING] Failed to replay event 29: [Errno 32] Broken pipe
2026-06-29 05:45:11,675 [WARNING] Failed to replay event 30: [Errno 32] Broken pipe
2026-06-29 05:45:11,675 [WARNING] Failed to replay event 31: [Errno 32] Broken pipe
2026-06-29 05:45:11,675 [WARNING] Failed to replay event 32: [Errno 32] Broken pipe
2026-06-29 05:45:11,675 [WARNING] Failed to replay event 33: [Errno 32] Broken pipe
2026-06-29 05:45:11,675 [WARNING] Failed to replay event 34: [Errno 32] Broken pipe
2026-06-29 05:45:11,675 [WARNING] Failed to replay event 35: [Errno 32] Broken pipe
2026-06-29 05:45:11,675 [WARNING] Failed to replay event 36: [Errno 32] Broken pipe
2026-06-29 05:45:11,675 [INFO] handle_client: Entering receive loop
2026-06-29 05:45:11,675 [INFO] handle_client: Received empty data, client closed connection
2026-06-29 05:45:11,675 [INFO] Control Client disconnected
2026-06-29 05:45:12,112 [DEBUG] Received 10 bytes from BTS
2026-06-29 05:45:12,112 [DEBUG] Decoded IPA frame: proto=0x00, payload_len=7, consumed=10, payload_hex: 0c1201900fffff
2026-06-29 05:45:12,112 [DEBUG] RSL message: 0c1201900fffff
2026-06-29 05:45:12,112 [DEBUG] RSL discriminator: 0x0c, message type: 0x12, payload: 0c1201900fffff
2026-06-29 05:45:12,112 [DEBUG] Incomplete frame, buffer size: 0, buffer_hex: 
2026-06-29 05:45:12,299 [DEBUG] Received 10 bytes from BTS
2026-06-29 05:45:12,300 [DEBUG] Decoded IPA frame: proto=0x00, payload_len=7, consumed=10, payload_hex: 0c1201900fffff
2026-06-29 05:45:12,300 [DEBUG] RSL message: 0c1201900fffff
2026-06-29 05:45:12,300 [DEBUG] RSL discriminator: 0x0c, message type: 0x12, payload: 0c1201900fffff
2026-06-29 05:45:12,300 [DEBUG] Incomplete frame, buffer size: 0, buffer_hex: 
2026-06-29 05:45:12,936 [INFO] Control Client connected from ('10.42.0.1', 39518)
2026-06-29 05:45:12,936 [INFO] handle_client: Starting, client socket: 6
2026-06-29 05:45:12,937 [INFO] handle_client: WELCOME sent
2026-06-29 05:45:12,987 [INFO] Replaying 36 buffered event(s)
2026-06-29 05:45:12,987 [WARNING] Failed to replay event 1: [Errno 32] Broken pipe
2026-06-29 05:45:12,987 [WARNING] Failed to replay event 2: [Errno 32] Broken pipe
2026-06-29 05:45:12,987 [WARNING] Failed to replay event 3: [Errno 32] Broken pipe
2026-06-29 05:45:12,987 [WARNING] Failed to replay event 4: [Errno 32] Broken pipe
2026-06-29 05:45:12,987 [WARNING] Failed to replay event 5: [Errno 32] Broken pipe
2026-06-29 05:45:12,987 [WARNING] Failed to replay event 6: [Errno 32] Broken pipe
2026-06-29 05:45:12,987 [WARNING] Failed to replay event 7: [Errno 32] Broken pipe
2026-06-29 05:45:12,987 [WARNING] Failed to replay event 8: [Errno 32] Broken pipe
2026-06-29 05:45:12,987 [WARNING] Failed to replay event 9: [Errno 32] Broken pipe
2026-06-29 05:45:12,987 [WARNING] Failed to replay event 10: [Errno 32] Broken pipe
2026-06-29 05:45:12,987 [WARNING] Failed to replay event 11: [Errno 32] Broken pipe
2026-06-29 05:45:12,987 [WARNING] Failed to replay event 12: [Errno 32] Broken pipe
2026-06-29 05:45:12,987 [WARNING] Failed to replay event 13: [Errno 32] Broken pipe
2026-06-29 05:45:12,987 [WARNING] Failed to replay event 14: [Errno 32] Broken pipe
2026-06-29 05:45:12,987 [WARNING] Failed to replay event 15: [Errno 32] Broken pipe
2026-06-29 05:45:12,987 [WARNING] Failed to replay event 16: [Errno 32] Broken pipe
2026-06-29 05:45:12,987 [WARNING] Failed to replay event 17: [Errno 32] Broken pipe
2026-06-29 05:45:12,987 [WARNING] Failed to replay event 18: [Errno 32] Broken pipe
2026-06-29 05:45:12,987 [WARNING] Failed to replay event 19: [Errno 32] Broken pipe
2026-06-29 05:45:12,987 [WARNING] Failed to replay event 20: [Errno 32] Broken pipe
2026-06-29 05:45:12,987 [WARNING] Failed to replay event 21: [Errno 32] Broken pipe
2026-06-29 05:45:12,987 [WARNING] Failed to replay event 22: [Errno 32] Broken pipe
2026-06-29 05:45:12,987 [WARNING] Failed to replay event 23: [Errno 32] Broken pipe
2026-06-29 05:45:12,987 [WARNING] Failed to replay event 24: [Errno 32] Broken pipe
2026-06-29 05:45:12,987 [WARNING] Failed to replay event 25: [Errno 32] Broken pipe
2026-06-29 05:45:12,987 [WARNING] Failed to replay event 26: [Errno 32] Broken pipe
2026-06-29 05:45:12,987 [WARNING] Failed to replay event 27: [Errno 32] Broken pipe
2026-06-29 05:45:12,987 [WARNING] Failed to replay event 28: [Errno 32] Broken pipe
2026-06-29 05:45:12,987 [WARNING] Failed to replay event 29: [Errno 32] Broken pipe
2026-06-29 05:45:12,987 [WARNING] Failed to replay event 30: [Errno 32] Broken pipe
2026-06-29 05:45:12,987 [WARNING] Failed to replay event 31: [Errno 32] Broken pipe
2026-06-29 05:45:12,987 [WARNING] Failed to replay event 32: [Errno 32] Broken pipe
2026-06-29 05:45:12,987 [WARNING] Failed to replay event 33: [Errno 32] Broken pipe
2026-06-29 05:45:12,987 [WARNING] Failed to replay event 34: [Errno 32] Broken pipe
2026-06-29 05:45:12,987 [WARNING] Failed to replay event 35: [Errno 32] Broken pipe
2026-06-29 05:45:12,987 [WARNING] Failed to replay event 36: [Errno 32] Broken pipe
2026-06-29 05:45:12,988 [INFO] handle_client: Entering receive loop
2026-06-29 05:45:12,988 [INFO] handle_client: Received empty data, client closed connection
2026-06-29 05:45:12,988 [INFO] Control Client disconnected
2026-06-29 05:45:13,112 [DEBUG] Received 10 bytes from BTS
2026-06-29 05:45:13,112 [DEBUG] Decoded IPA frame: proto=0x00, payload_len=7, consumed=10, payload_hex: 0c1201900fffff
2026-06-29 05:45:13,112 [DEBUG] RSL message: 0c1201900fffff
2026-06-29 05:45:13,112 [DEBUG] RSL discriminator: 0x0c, message type: 0x12, payload: 0c1201900fffff
2026-06-29 05:45:13,112 [DEBUG] Incomplete frame, buffer size: 0, buffer_hex: 
2026-06-29 05:45:13,299 [DEBUG] Received 10 bytes from BTS
2026-06-29 05:45:13,299 [DEBUG] Decoded IPA frame: proto=0x00, payload_len=7, consumed=10, payload_hex: 0c1201900fffff
2026-06-29 05:45:13,299 [DEBUG] RSL message: 0c1201900fffff
2026-06-29 05:45:13,299 [DEBUG] RSL discriminator: 0x0c, message type: 0x12, payload: 0c1201900fffff
2026-06-29 05:45:13,299 [DEBUG] Incomplete frame, buffer size: 0, buffer_hex: 
2026-06-29 05:45:14,114 [DEBUG] Received 10 bytes from BTS
2026-06-29 05:45:14,114 [DEBUG] Decoded IPA frame: proto=0x00, payload_len=7, consumed=10, payload_hex: 0c1201900fffff
2026-06-29 05:45:14,114 [DEBUG] RSL message: 0c1201900fffff
2026-06-29 05:45:14,114 [DEBUG] RSL discriminator: 0x0c, message type: 0x12, payload: 0c1201900fffff
2026-06-29 05:45:14,114 [DEBUG] Incomplete frame, buffer size: 0, buffer_hex: 
2026-06-29 05:45:14,299 [DEBUG] Received 10 bytes from BTS
2026-06-29 05:45:14,299 [DEBUG] Decoded IPA frame: proto=0x00, payload_len=7, consumed=10, payload_hex: 0c1201900fffff
2026-06-29 05:45:14,299 [DEBUG] RSL message: 0c1201900fffff
2026-06-29 05:45:14,299 [DEBUG] RSL discriminator: 0x0c, message type: 0x12, payload: 0c1201900fffff
2026-06-29 05:45:14,299 [DEBUG] Incomplete frame, buffer size: 0, buffer_hex: 
2026-06-29 05:45:14,626 [INFO] Control Client connected from ('10.42.0.1', 39526)
2026-06-29 05:45:14,626 [INFO] handle_client: Starting, client socket: 11
2026-06-29 05:45:14,626 [INFO] handle_client: WELCOME sent
2026-06-29 05:45:14,676 [INFO] Replaying 36 buffered event(s)
2026-06-29 05:45:14,676 [WARNING] Failed to replay event 1: [Errno 32] Broken pipe
2026-06-29 05:45:14,676 [WARNING] Failed to replay event 2: [Errno 32] Broken pipe
2026-06-29 05:45:14,677 [WARNING] Failed to replay event 3: [Errno 32] Broken pipe
2026-06-29 05:45:14,677 [WARNING] Failed to replay event 4: [Errno 32] Broken pipe
2026-06-29 05:45:14,677 [WARNING] Failed to replay event 5: [Errno 32] Broken pipe
2026-06-29 05:45:14,677 [WARNING] Failed to replay event 6: [Errno 32] Broken pipe
2026-06-29 05:45:14,677 [WARNING] Failed to replay event 7: [Errno 32] Broken pipe
2026-06-29 05:45:14,677 [WARNING] Failed to replay event 8: [Errno 32] Broken pipe
2026-06-29 05:45:14,677 [WARNING] Failed to replay event 9: [Errno 32] Broken pipe
2026-06-29 05:45:14,677 [WARNING] Failed to replay event 10: [Errno 32] Broken pipe
2026-06-29 05:45:14,677 [WARNING] Failed to replay event 11: [Errno 32] Broken pipe
2026-06-29 05:45:14,677 [WARNING] Failed to replay event 12: [Errno 32] Broken pipe
2026-06-29 05:45:14,677 [WARNING] Failed to replay event 13: [Errno 32] Broken pipe
2026-06-29 05:45:14,677 [WARNING] Failed to replay event 14: [Errno 32] Broken pipe
2026-06-29 05:45:14,677 [WARNING] Failed to replay event 15: [Errno 32] Broken pipe
2026-06-29 05:45:14,677 [WARNING] Failed to replay event 16: [Errno 32] Broken pipe
2026-06-29 05:45:14,677 [WARNING] Failed to replay event 17: [Errno 32] Broken pipe
2026-06-29 05:45:14,677 [WARNING] Failed to replay event 18: [Errno 32] Broken pipe
2026-06-29 05:45:14,677 [WARNING] Failed to replay event 19: [Errno 32] Broken pipe
2026-06-29 05:45:14,677 [WARNING] Failed to replay event 20: [Errno 32] Broken pipe
2026-06-29 05:45:14,677 [WARNING] Failed to replay event 21: [Errno 32] Broken pipe
2026-06-29 05:45:14,677 [WARNING] Failed to replay event 22: [Errno 32] Broken pipe
2026-06-29 05:45:14,677 [WARNING] Failed to replay event 23: [Errno 32] Broken pipe
2026-06-29 05:45:14,677 [WARNING] Failed to replay event 24: [Errno 32] Broken pipe
2026-06-29 05:45:14,677 [WARNING] Failed to replay event 25: [Errno 32] Broken pipe
2026-06-29 05:45:14,677 [WARNING] Failed to replay event 26: [Errno 32] Broken pipe
2026-06-29 05:45:14,677 [WARNING] Failed to replay event 27: [Errno 32] Broken pipe
2026-06-29 05:45:14,677 [WARNING] Failed to replay event 28: [Errno 32] Broken pipe
2026-06-29 05:45:14,677 [WARNING] Failed to replay event 29: [Errno 32] Broken pipe
2026-06-29 05:45:14,677 [WARNING] Failed to replay event 30: [Errno 32] Broken pipe
2026-06-29 05:45:14,677 [WARNING] Failed to replay event 31: [Errno 32] Broken pipe
2026-06-29 05:45:14,677 [WARNING] Failed to replay event 32: [Errno 32] Broken pipe
2026-06-29 05:45:14,677 [WARNING] Failed to replay event 33: [Errno 32] Broken pipe
2026-06-29 05:45:14,677 [WARNING] Failed to replay event 34: [Errno 32] Broken pipe
2026-06-29 05:45:14,677 [WARNING] Failed to replay event 35: [Errno 32] Broken pipe
2026-06-29 05:45:14,677 [WARNING] Failed to replay event 36: [Errno 32] Broken pipe
2026-06-29 05:45:14,677 [INFO] handle_client: Entering receive loop
2026-06-29 05:45:14,677 [INFO] handle_client: Received empty data, client closed connection
2026-06-29 05:45:14,677 [INFO] Control Client disconnected
2026-06-29 05:45:15,115 [DEBUG] Received 10 bytes from BTS
2026-06-29 05:45:15,115 [DEBUG] Decoded IPA frame: proto=0x00, payload_len=7, consumed=10, payload_hex: 0c1201900fffff
2026-06-29 05:45:15,115 [DEBUG] RSL message: 0c1201900fffff
2026-06-29 05:45:15,115 [DEBUG] RSL discriminator: 0x0c, message type: 0x12, payload: 0c1201900fffff
2026-06-29 05:45:15,115 [DEBUG] Incomplete frame, buffer size: 0, buffer_hex: 
2026-06-29 05:45:15,300 [DEBUG] Received 10 bytes from BTS
2026-06-29 05:45:15,300 [DEBUG] Decoded IPA frame: proto=0x00, payload_len=7, consumed=10, payload_hex: 0c1201900fffff
2026-06-29 05:45:15,300 [DEBUG] RSL message: 0c1201900fffff
2026-06-29 05:45:15,300 [DEBUG] RSL discriminator: 0x0c, message type: 0x12, payload: 0c1201900fffff
2026-06-29 05:45:15,300 [DEBUG] Incomplete frame, buffer size: 0, buffer_hex: 
2026-06-29 05:45:16,115 [DEBUG] Received 10 bytes from BTS
2026-06-29 05:45:16,115 [DEBUG] Decoded IPA frame: proto=0x00, payload_len=7, consumed=10, payload_hex: 0c1201900fffff
2026-06-29 05:45:16,115 [DEBUG] RSL message: 0c1201900fffff
2026-06-29 05:45:16,115 [DEBUG] RSL discriminator: 0x0c, message type: 0x12, payload: 0c1201900fffff
2026-06-29 05:45:16,115 [DEBUG] Incomplete frame, buffer size: 0, buffer_hex: 
2026-06-29 05:45:16,300 [DEBUG] Received 10 bytes from BTS
2026-06-29 05:45:16,300 [DEBUG] Decoded IPA frame: proto=0x00, payload_len=7, consumed=10, payload_hex: 0c1201900fffff
2026-06-29 05:45:16,300 [DEBUG] RSL message: 0c1201900fffff
2026-06-29 05:45:16,300 [DEBUG] RSL discriminator: 0x0c, message type: 0x12, payload: 0c1201900fffff
2026-06-29 05:45:16,300 [DEBUG] Incomplete frame, buffer size: 0, buffer_hex: 
2026-06-29 05:45:17,115 [DEBUG] Received 10 bytes from BTS
2026-06-29 05:45:17,115 [DEBUG] Decoded IPA frame: proto=0x00, payload_len=7, consumed=10, payload_hex: 0c1201900fffff
2026-06-29 05:45:17,115 [DEBUG] RSL message: 0c1201900fffff
2026-06-29 05:45:17,115 [DEBUG] RSL discriminator: 0x0c, message type: 0x12, payload: 0c1201900fffff
2026-06-29 05:45:17,115 [DEBUG] Incomplete frame, buffer size: 0, buffer_hex: 
2026-06-29 05:45:17,301 [DEBUG] Received 10 bytes from BTS
2026-06-29 05:45:17,301 [DEBUG] Decoded IPA frame: proto=0x00, payload_len=7, consumed=10, payload_hex: 0c1201900fffff
2026-06-29 05:45:17,301 [DEBUG] RSL message: 0c1201900fffff
2026-06-29 05:45:17,301 [DEBUG] RSL discriminator: 0x0c, message type: 0x12, payload: 0c1201900fffff
2026-06-29 05:45:17,301 [DEBUG] Incomplete frame, buffer size: 0, buffer_hex: 
2026-06-29 05:45:17,624 [INFO] Control Client connected from ('10.42.0.1', 39528)
2026-06-29 05:45:17,624 [INFO] handle_client: Starting, client socket: 6
2026-06-29 05:45:17,624 [INFO] handle_client: WELCOME sent
2026-06-29 05:45:17,674 [INFO] Replaying 36 buffered event(s)
2026-06-29 05:45:17,675 [WARNING] Failed to replay event 1: [Errno 32] Broken pipe
2026-06-29 05:45:17,675 [WARNING] Failed to replay event 2: [Errno 32] Broken pipe
2026-06-29 05:45:17,675 [WARNING] Failed to replay event 3: [Errno 32] Broken pipe
2026-06-29 05:45:17,675 [WARNING] Failed to replay event 4: [Errno 32] Broken pipe
2026-06-29 05:45:17,675 [WARNING] Failed to replay event 5: [Errno 32] Broken pipe
2026-06-29 05:45:17,675 [WARNING] Failed to replay event 6: [Errno 32] Broken pipe
2026-06-29 05:45:17,675 [WARNING] Failed to replay event 7: [Errno 32] Broken pipe
2026-06-29 05:45:17,675 [WARNING] Failed to replay event 8: [Errno 32] Broken pipe
2026-06-29 05:45:17,675 [WARNING] Failed to replay event 9: [Errno 32] Broken pipe
2026-06-29 05:45:17,675 [WARNING] Failed to replay event 10: [Errno 32] Broken pipe
2026-06-29 05:45:17,675 [WARNING] Failed to replay event 11: [Errno 32] Broken pipe
2026-06-29 05:45:17,675 [WARNING] Failed to replay event 12: [Errno 32] Broken pipe
2026-06-29 05:45:17,675 [WARNING] Failed to replay event 13: [Errno 32] Broken pipe
2026-06-29 05:45:17,675 [WARNING] Failed to replay event 14: [Errno 32] Broken pipe
2026-06-29 05:45:17,675 [WARNING] Failed to replay event 15: [Errno 32] Broken pipe
2026-06-29 05:45:17,675 [WARNING] Failed to replay event 16: [Errno 32] Broken pipe
2026-06-29 05:45:17,675 [WARNING] Failed to replay event 17: [Errno 32] Broken pipe
2026-06-29 05:45:17,675 [WARNING] Failed to replay event 18: [Errno 32] Broken pipe
2026-06-29 05:45:17,675 [WARNING] Failed to replay event 19: [Errno 32] Broken pipe
2026-06-29 05:45:17,675 [WARNING] Failed to replay event 20: [Errno 32] Broken pipe
2026-06-29 05:45:17,675 [WARNING] Failed to replay event 21: [Errno 32] Broken pipe
2026-06-29 05:45:17,675 [WARNING] Failed to replay event 22: [Errno 32] Broken pipe
2026-06-29 05:45:17,675 [WARNING] Failed to replay event 23: [Errno 32] Broken pipe
2026-06-29 05:45:17,675 [WARNING] Failed to replay event 24: [Errno 32] Broken pipe
2026-06-29 05:45:17,675 [WARNING] Failed to replay event 25: [Errno 32] Broken pipe
2026-06-29 05:45:17,675 [WARNING] Failed to replay event 26: [Errno 32] Broken pipe
2026-06-29 05:45:17,675 [WARNING] Failed to replay event 27: [Errno 32] Broken pipe
2026-06-29 05:45:17,675 [WARNING] Failed to replay event 28: [Errno 32] Broken pipe
2026-06-29 05:45:17,675 [WARNING] Failed to replay event 29: [Errno 32] Broken pipe
2026-06-29 05:45:17,675 [WARNING] Failed to replay event 30: [Errno 32] Broken pipe
2026-06-29 05:45:17,675 [WARNING] Failed to replay event 31: [Errno 32] Broken pipe
2026-06-29 05:45:17,675 [WARNING] Failed to replay event 32: [Errno 32] Broken pipe
2026-06-29 05:45:17,675 [WARNING] Failed to replay event 33: [Errno 32] Broken pipe
2026-06-29 05:45:17,675 [WARNING] Failed to replay event 34: [Errno 32] Broken pipe
2026-06-29 05:45:17,675 [WARNING] Failed to replay event 35: [Errno 32] Broken pipe
2026-06-29 05:45:17,675 [WARNING] Failed to replay event 36: [Errno 32] Broken pipe
2026-06-29 05:45:17,675 [INFO] handle_client: Entering receive loop
2026-06-29 05:45:17,675 [INFO] handle_client: Received empty data, client closed connection
2026-06-29 05:45:17,675 [INFO] Control Client disconnected
2026-06-29 05:45:18,116 [DEBUG] Received 10 bytes from BTS
2026-06-29 05:45:18,116 [DEBUG] Decoded IPA frame: proto=0x00, payload_len=7, consumed=10, payload_hex: 0c1201900fffff
2026-06-29 05:45:18,116 [DEBUG] RSL message: 0c1201900fffff
2026-06-29 05:45:18,116 [DEBUG] RSL discriminator: 0x0c, message type: 0x12, payload: 0c1201900fffff
2026-06-29 05:45:18,116 [DEBUG] Incomplete frame, buffer size: 0, buffer_hex: 
2026-06-29 05:45:18,302 [DEBUG] Received 10 bytes from BTS
2026-06-29 05:45:18,302 [DEBUG] Decoded IPA frame: proto=0x00, payload_len=7, consumed=10, payload_hex: 0c1201900fffff
2026-06-29 05:45:18,302 [DEBUG] RSL message: 0c1201900fffff
2026-06-29 05:45:18,302 [DEBUG] RSL discriminator: 0x0c, message type: 0x12, payload: 0c1201900fffff
2026-06-29 05:45:18,302 [DEBUG] Incomplete frame, buffer size: 0, buffer_hex: 
2026-06-29 05:45:19,116 [DEBUG] Received 10 bytes from BTS
2026-06-29 05:45:19,116 [DEBUG] Decoded IPA frame: proto=0x00, payload_len=7, consumed=10, payload_hex: 0c1201900fffff
2026-06-29 05:45:19,116 [DEBUG] RSL message: 0c1201900fffff
2026-06-29 05:45:19,116 [DEBUG] RSL discriminator: 0x0c, message type: 0x12, payload: 0c1201900fffff
2026-06-29 05:45:19,117 [DEBUG] Incomplete frame, buffer size: 0, buffer_hex: 
2026-06-29 05:45:19,303 [DEBUG] Received 10 bytes from BTS
2026-06-29 05:45:19,303 [DEBUG] Decoded IPA frame: proto=0x00, payload_len=7, consumed=10, payload_hex: 0c1201900fffff
2026-06-29 05:45:19,303 [DEBUG] RSL message: 0c1201900fffff
2026-06-29 05:45:19,303 [DEBUG] RSL discriminator: 0x0c, message type: 0x12, payload: 0c1201900fffff
2026-06-29 05:45:19,303 [DEBUG] Incomplete frame, buffer size: 0, buffer_hex: 
2026-06-29 05:45:20,117 [DEBUG] Received 10 bytes from BTS
2026-06-29 05:45:20,117 [DEBUG] Decoded IPA frame: proto=0x00, payload_len=7, consumed=10, payload_hex: 0c1201900fffff
2026-06-29 05:45:20,117 [DEBUG] RSL message: 0c1201900fffff
2026-06-29 05:45:20,117 [DEBUG] RSL discriminator: 0x0c, message type: 0x12, payload: 0c1201900fffff
2026-06-29 05:45:20,117 [DEBUG] Incomplete frame, buffer size: 0, buffer_hex: 
2026-06-29 05:45:20,303 [DEBUG] Received 10 bytes from BTS
2026-06-29 05:45:20,304 [DEBUG] Decoded IPA frame: proto=0x00, payload_len=7, consumed=10, payload_hex: 0c1201900fffff
2026-06-29 05:45:20,304 [DEBUG] RSL message: 0c1201900fffff
2026-06-29 05:45:20,304 [DEBUG] RSL discriminator: 0x0c, message type: 0x12, payload: 0c1201900fffff
2026-06-29 05:45:20,304 [DEBUG] Incomplete frame, buffer size: 0, buffer_hex: 
2026-06-29 05:45:20,624 [INFO] Control Client connected from ('10.42.0.1', 39534)
2026-06-29 05:45:20,624 [INFO] handle_client: Starting, client socket: 11
2026-06-29 05:45:20,624 [INFO] handle_client: WELCOME sent
2026-06-29 05:45:20,675 [INFO] Replaying 36 buffered event(s)
2026-06-29 05:45:20,675 [WARNING] Failed to replay event 1: [Errno 32] Broken pipe
2026-06-29 05:45:20,675 [WARNING] Failed to replay event 2: [Errno 32] Broken pipe
2026-06-29 05:45:20,675 [WARNING] Failed to replay event 3: [Errno 32] Broken pipe
2026-06-29 05:45:20,675 [WARNING] Failed to replay event 4: [Errno 32] Broken pipe
2026-06-29 05:45:20,675 [WARNING] Failed to replay event 5: [Errno 32] Broken pipe
2026-06-29 05:45:20,675 [WARNING] Failed to replay event 6: [Errno 32] Broken pipe
2026-06-29 05:45:20,675 [WARNING] Failed to replay event 7: [Errno 32] Broken pipe
2026-06-29 05:45:20,675 [WARNING] Failed to replay event 8: [Errno 32] Broken pipe
2026-06-29 05:45:20,675 [WARNING] Failed to replay event 9: [Errno 32] Broken pipe
2026-06-29 05:45:20,675 [WARNING] Failed to replay event 10: [Errno 32] Broken pipe
2026-06-29 05:45:20,675 [WARNING] Failed to replay event 11: [Errno 32] Broken pipe
2026-06-29 05:45:20,675 [WARNING] Failed to replay event 12: [Errno 32] Broken pipe
2026-06-29 05:45:20,675 [WARNING] Failed to replay event 13: [Errno 32] Broken pipe
2026-06-29 05:45:20,675 [WARNING] Failed to replay event 14: [Errno 32] Broken pipe
2026-06-29 05:45:20,675 [WARNING] Failed to replay event 15: [Errno 32] Broken pipe
2026-06-29 05:45:20,675 [WARNING] Failed to replay event 16: [Errno 32] Broken pipe
2026-06-29 05:45:20,675 [WARNING] Failed to replay event 17: [Errno 32] Broken pipe
2026-06-29 05:45:20,675 [WARNING] Failed to replay event 18: [Errno 32] Broken pipe
2026-06-29 05:45:20,675 [WARNING] Failed to replay event 19: [Errno 32] Broken pipe
2026-06-29 05:45:20,675 [WARNING] Failed to replay event 20: [Errno 32] Broken pipe
2026-06-29 05:45:20,675 [WARNING] Failed to replay event 21: [Errno 32] Broken pipe
2026-06-29 05:45:20,675 [WARNING] Failed to replay event 22: [Errno 32] Broken pipe
2026-06-29 05:45:20,675 [WARNING] Failed to replay event 23: [Errno 32] Broken pipe
2026-06-29 05:45:20,675 [WARNING] Failed to replay event 24: [Errno 32] Broken pipe
2026-06-29 05:45:20,675 [WARNING] Failed to replay event 25: [Errno 32] Broken pipe
2026-06-29 05:45:20,675 [WARNING] Failed to replay event 26: [Errno 32] Broken pipe
2026-06-29 05:45:20,675 [WARNING] Failed to replay event 27: [Errno 32] Broken pipe
2026-06-29 05:45:20,675 [WARNING] Failed to replay event 28: [Errno 32] Broken pipe
2026-06-29 05:45:20,675 [WARNING] Failed to replay event 29: [Errno 32] Broken pipe
2026-06-29 05:45:20,675 [WARNING] Failed to replay event 30: [Errno 32] Broken pipe
2026-06-29 05:45:20,675 [WARNING] Failed to replay event 31: [Errno 32] Broken pipe
2026-06-29 05:45:20,675 [WARNING] Failed to replay event 32: [Errno 32] Broken pipe
2026-06-29 05:45:20,675 [WARNING] Failed to replay event 33: [Errno 32] Broken pipe
2026-06-29 05:45:20,675 [WARNING] Failed to replay event 34: [Errno 32] Broken pipe
2026-06-29 05:45:20,675 [WARNING] Failed to replay event 35: [Errno 32] Broken pipe
2026-06-29 05:45:20,676 [WARNING] Failed to replay event 36: [Errno 32] Broken pipe
2026-06-29 05:45:20,676 [INFO] handle_client: Entering receive loop
2026-06-29 05:45:20,676 [INFO] handle_client: Received empty data, client closed connection
2026-06-29 05:45:20,676 [INFO] Control Client disconnected
2026-06-29 05:45:21,118 [DEBUG] Received 10 bytes from BTS
2026-06-29 05:45:21,118 [DEBUG] Decoded IPA frame: proto=0x00, payload_len=7, consumed=10, payload_hex: 0c1201900fffff
2026-06-29 05:45:21,118 [DEBUG] RSL message: 0c1201900fffff
2026-06-29 05:45:21,118 [DEBUG] RSL discriminator: 0x0c, message type: 0x12, payload: 0c1201900fffff
2026-06-29 05:45:21,118 [DEBUG] Incomplete frame, buffer size: 0, buffer_hex: 
2026-06-29 05:45:21,304 [DEBUG] Received 10 bytes from BTS
2026-06-29 05:45:21,304 [DEBUG] Decoded IPA frame: proto=0x00, payload_len=7, consumed=10, payload_hex: 0c1201900fffff
2026-06-29 05:45:21,304 [DEBUG] RSL message: 0c1201900fffff
2026-06-29 05:45:21,304 [DEBUG] RSL discriminator: 0x0c, message type: 0x12, payload: 0c1201900fffff
2026-06-29 05:45:21,304 [DEBUG] Incomplete frame, buffer size: 0, buffer_hex: 
2026-06-29 05:45:22,118 [DEBUG] Received 10 bytes from BTS
2026-06-29 05:45:22,118 [DEBUG] Decoded IPA frame: proto=0x00, payload_len=7, consumed=10, payload_hex: 0c1201900fffff
2026-06-29 05:45:22,118 [DEBUG] RSL message: 0c1201900fffff
2026-06-29 05:45:22,118 [DEBUG] RSL discriminator: 0x0c, message type: 0x12, payload: 0c1201900fffff
2026-06-29 05:45:22,118 [DEBUG] Incomplete frame, buffer size: 0, buffer_hex: 
2026-06-29 05:45:22,306 [DEBUG] Received 10 bytes from BTS
2026-06-29 05:45:22,306 [DEBUG] Decoded IPA frame: proto=0x00, payload_len=7, consumed=10, payload_hex: 0c1201900fffff
2026-06-29 05:45:22,306 [DEBUG] RSL message: 0c1201900fffff
2026-06-29 05:45:22,306 [DEBUG] RSL discriminator: 0x0c, message type: 0x12, payload: 0c1201900fffff
2026-06-29 05:45:22,306 [DEBUG] Incomplete frame, buffer size: 0, buffer_hex: 
2026-06-29 05:45:22,936 [INFO] Control Client connected from ('10.42.0.1', 53630)
2026-06-29 05:45:22,937 [INFO] handle_client: Starting, client socket: 6
2026-06-29 05:45:22,937 [INFO] handle_client: WELCOME sent
2026-06-29 05:45:22,987 [INFO] Replaying 36 buffered event(s)
2026-06-29 05:45:22,988 [WARNING] Failed to replay event 1: [Errno 32] Broken pipe
2026-06-29 05:45:22,988 [WARNING] Failed to replay event 2: [Errno 32] Broken pipe
2026-06-29 05:45:22,988 [WARNING] Failed to replay event 3: [Errno 32] Broken pipe
2026-06-29 05:45:22,988 [WARNING] Failed to replay event 4: [Errno 32] Broken pipe
2026-06-29 05:45:22,988 [WARNING] Failed to replay event 5: [Errno 32] Broken pipe
2026-06-29 05:45:22,988 [WARNING] Failed to replay event 6: [Errno 32] Broken pipe
2026-06-29 05:45:22,988 [WARNING] Failed to replay event 7: [Errno 32] Broken pipe
2026-06-29 05:45:22,988 [WARNING] Failed to replay event 8: [Errno 32] Broken pipe
2026-06-29 05:45:22,988 [WARNING] Failed to replay event 9: [Errno 32] Broken pipe
2026-06-29 05:45:22,988 [WARNING] Failed to replay event 10: [Errno 32] Broken pipe
2026-06-29 05:45:22,988 [WARNING] Failed to replay event 11: [Errno 32] Broken pipe
2026-06-29 05:45:22,988 [WARNING] Failed to replay event 12: [Errno 32] Broken pipe
2026-06-29 05:45:22,988 [WARNING] Failed to replay event 13: [Errno 32] Broken pipe
2026-06-29 05:45:22,988 [WARNING] Failed to replay event 14: [Errno 32] Broken pipe
2026-06-29 05:45:22,988 [WARNING] Failed to replay event 15: [Errno 32] Broken pipe
2026-06-29 05:45:22,988 [WARNING] Failed to replay event 16: [Errno 32] Broken pipe
2026-06-29 05:45:22,988 [WARNING] Failed to replay event 17: [Errno 32] Broken pipe
2026-06-29 05:45:22,988 [WARNING] Failed to replay event 18: [Errno 32] Broken pipe
2026-06-29 05:45:22,988 [WARNING] Failed to replay event 19: [Errno 32] Broken pipe
2026-06-29 05:45:22,988 [WARNING] Failed to replay event 20: [Errno 32] Broken pipe
2026-06-29 05:45:22,988 [WARNING] Failed to replay event 21: [Errno 32] Broken pipe
2026-06-29 05:45:22,988 [WARNING] Failed to replay event 22: [Errno 32] Broken pipe
2026-06-29 05:45:22,988 [WARNING] Failed to replay event 23: [Errno 32] Broken pipe
2026-06-29 05:45:22,988 [WARNING] Failed to replay event 24: [Errno 32] Broken pipe
2026-06-29 05:45:22,988 [WARNING] Failed to replay event 25: [Errno 32] Broken pipe
2026-06-29 05:45:22,988 [WARNING] Failed to replay event 26: [Errno 32] Broken pipe
2026-06-29 05:45:22,988 [WARNING] Failed to replay event 27: [Errno 32] Broken pipe
2026-06-29 05:45:22,988 [WARNING] Failed to replay event 28: [Errno 32] Broken pipe
2026-06-29 05:45:22,988 [WARNING] Failed to replay event 29: [Errno 32] Broken pipe
2026-06-29 05:45:22,988 [WARNING] Failed to replay event 30: [Errno 32] Broken pipe
2026-06-29 05:45:22,988 [WARNING] Failed to replay event 31: [Errno 32] Broken pipe
2026-06-29 05:45:22,988 [WARNING] Failed to replay event 32: [Errno 32] Broken pipe
2026-06-29 05:45:22,988 [WARNING] Failed to replay event 33: [Errno 32] Broken pipe
2026-06-29 05:45:22,988 [WARNING] Failed to replay event 34: [Errno 32] Broken pipe
2026-06-29 05:45:22,988 [WARNING] Failed to replay event 35: [Errno 32] Broken pipe
2026-06-29 05:45:22,988 [WARNING] Failed to replay event 36: [Errno 32] Broken pipe
2026-06-29 05:45:22,988 [INFO] handle_client: Entering receive loop
2026-06-29 05:45:22,988 [INFO] handle_client: Received empty data, client closed connection
2026-06-29 05:45:22,988 [INFO] Control Client disconnected
2026-06-29 05:45:23,119 [DEBUG] Received 10 bytes from BTS
2026-06-29 05:45:23,119 [DEBUG] Decoded IPA frame: proto=0x00, payload_len=7, consumed=10, payload_hex: 0c1201900fffff
2026-06-29 05:45:23,119 [DEBUG] RSL message: 0c1201900fffff
2026-06-29 05:45:23,119 [DEBUG] RSL discriminator: 0x0c, message type: 0x12, payload: 0c1201900fffff
2026-06-29 05:45:23,119 [DEBUG] Incomplete frame, buffer size: 0, buffer_hex: 
2026-06-29 05:45:23,306 [DEBUG] Received 10 bytes from BTS
2026-06-29 05:45:23,306 [DEBUG] Decoded IPA frame: proto=0x00, payload_len=7, consumed=10, payload_hex: 0c1201900fffff
2026-06-29 05:45:23,306 [DEBUG] RSL message: 0c1201900fffff
2026-06-29 05:45:23,306 [DEBUG] RSL discriminator: 0x0c, message type: 0x12, payload: 0c1201900fffff
2026-06-29 05:45:23,306 [DEBUG] Incomplete frame, buffer size: 0, buffer_hex: 
2026-06-29 05:45:23,623 [INFO] Control Client connected from ('10.42.0.1', 53640)
2026-06-29 05:45:23,624 [INFO] handle_client: Starting, client socket: 11
2026-06-29 05:45:23,624 [INFO] handle_client: WELCOME sent
2026-06-29 05:45:23,674 [INFO] Replaying 36 buffered event(s)
2026-06-29 05:45:23,674 [WARNING] Failed to replay event 1: [Errno 32] Broken pipe
2026-06-29 05:45:23,674 [WARNING] Failed to replay event 2: [Errno 32] Broken pipe
2026-06-29 05:45:23,674 [WARNING] Failed to replay event 3: [Errno 32] Broken pipe
2026-06-29 05:45:23,674 [WARNING] Failed to replay event 4: [Errno 32] Broken pipe
2026-06-29 05:45:23,674 [WARNING] Failed to replay event 5: [Errno 32] Broken pipe
2026-06-29 05:45:23,674 [WARNING] Failed to replay event 6: [Errno 32] Broken pipe
2026-06-29 05:45:23,674 [WARNING] Failed to replay event 7: [Errno 32] Broken pipe
2026-06-29 05:45:23,674 [WARNING] Failed to replay event 8: [Errno 32] Broken pipe
2026-06-29 05:45:23,674 [WARNING] Failed to replay event 9: [Errno 32] Broken pipe
2026-06-29 05:45:23,674 [WARNING] Failed to replay event 10: [Errno 32] Broken pipe
2026-06-29 05:45:23,674 [WARNING] Failed to replay event 11: [Errno 32] Broken pipe
2026-06-29 05:45:23,674 [WARNING] Failed to replay event 12: [Errno 32] Broken pipe
2026-06-29 05:45:23,674 [WARNING] Failed to replay event 13: [Errno 32] Broken pipe
2026-06-29 05:45:23,674 [WARNING] Failed to replay event 14: [Errno 32] Broken pipe
2026-06-29 05:45:23,674 [WARNING] Failed to replay event 15: [Errno 32] Broken pipe
2026-06-29 05:45:23,674 [WARNING] Failed to replay event 16: [Errno 32] Broken pipe
2026-06-29 05:45:23,674 [WARNING] Failed to replay event 17: [Errno 32] Broken pipe
2026-06-29 05:45:23,674 [WARNING] Failed to replay event 18: [Errno 32] Broken pipe
2026-06-29 05:45:23,674 [WARNING] Failed to replay event 19: [Errno 32] Broken pipe
2026-06-29 05:45:23,674 [WARNING] Failed to replay event 20: [Errno 32] Broken pipe
2026-06-29 05:45:23,674 [WARNING] Failed to replay event 21: [Errno 32] Broken pipe
2026-06-29 05:45:23,674 [WARNING] Failed to replay event 22: [Errno 32] Broken pipe
2026-06-29 05:45:23,674 [WARNING] Failed to replay event 23: [Errno 32] Broken pipe
2026-06-29 05:45:23,674 [WARNING] Failed to replay event 24: [Errno 32] Broken pipe
2026-06-29 05:45:23,674 [WARNING] Failed to replay event 25: [Errno 32] Broken pipe
2026-06-29 05:45:23,674 [WARNING] Failed to replay event 26: [Errno 32] Broken pipe
2026-06-29 05:45:23,674 [WARNING] Failed to replay event 27: [Errno 32] Broken pipe
2026-06-29 05:45:23,675 [WARNING] Failed to replay event 28: [Errno 32] Broken pipe
2026-06-29 05:45:23,675 [WARNING] Failed to replay event 29: [Errno 32] Broken pipe
2026-06-29 05:45:23,675 [WARNING] Failed to replay event 30: [Errno 32] Broken pipe
2026-06-29 05:45:23,675 [WARNING] Failed to replay event 31: [Errno 32] Broken pipe
2026-06-29 05:45:23,675 [WARNING] Failed to replay event 32: [Errno 32] Broken pipe
2026-06-29 05:45:23,675 [WARNING] Failed to replay event 33: [Errno 32] Broken pipe
2026-06-29 05:45:23,675 [WARNING] Failed to replay event 34: [Errno 32] Broken pipe
2026-06-29 05:45:23,675 [WARNING] Failed to replay event 35: [Errno 32] Broken pipe
2026-06-29 05:45:23,675 [WARNING] Failed to replay event 36: [Errno 32] Broken pipe
2026-06-29 05:45:23,675 [INFO] handle_client: Entering receive loop
2026-06-29 05:45:23,675 [INFO] handle_client: Received empty data, client closed connection
2026-06-29 05:45:23,675 [INFO] Control Client disconnected
2026-06-29 05:45:24,120 [DEBUG] Received 10 bytes from BTS
2026-06-29 05:45:24,120 [DEBUG] Decoded IPA frame: proto=0x00, payload_len=7, consumed=10, payload_hex: 0c1201900fffff
2026-06-29 05:45:24,120 [DEBUG] RSL message: 0c1201900fffff
2026-06-29 05:45:24,120 [DEBUG] RSL discriminator: 0x0c, message type: 0x12, payload: 0c1201900fffff
2026-06-29 05:45:24,120 [DEBUG] Incomplete frame, buffer size: 0, buffer_hex: 
2026-06-29 05:45:24,307 [DEBUG] Received 10 bytes from BTS
2026-06-29 05:45:24,307 [DEBUG] Decoded IPA frame: proto=0x00, payload_len=7, consumed=10, payload_hex: 0c1201900fffff
2026-06-29 05:45:24,307 [DEBUG] RSL message: 0c1201900fffff
2026-06-29 05:45:24,307 [DEBUG] RSL discriminator: 0x0c, message type: 0x12, payload: 0c1201900fffff
2026-06-29 05:45:24,307 [DEBUG] Incomplete frame, buffer size: 0, buffer_hex: 
2026-06-29 05:45:25,121 [DEBUG] Received 10 bytes from BTS
2026-06-29 05:45:25,121 [DEBUG] Decoded IPA frame: proto=0x00, payload_len=7, consumed=10, payload_hex: 0c1201900fffff
2026-06-29 05:45:25,121 [DEBUG] RSL message: 0c1201900fffff
2026-06-29 05:45:25,121 [DEBUG] RSL discriminator: 0x0c, message type: 0x12, payload: 0c1201900fffff
2026-06-29 05:45:25,121 [DEBUG] Incomplete frame, buffer size: 0, buffer_hex: 
2026-06-29 05:45:25,307 [DEBUG] Received 10 bytes from BTS
2026-06-29 05:45:25,307 [DEBUG] Decoded IPA frame: proto=0x00, payload_len=7, consumed=10, payload_hex: 0c1201900fffff
2026-06-29 05:45:25,307 [DEBUG] RSL message: 0c1201900fffff
2026-06-29 05:45:25,307 [DEBUG] RSL discriminator: 0x0c, message type: 0x12, payload: 0c1201900fffff
2026-06-29 05:45:25,307 [DEBUG] Incomplete frame, buffer size: 0, buffer_hex: 
2026-06-29 05:45:26,122 [DEBUG] Received 10 bytes from BTS
2026-06-29 05:45:26,122 [DEBUG] Decoded IPA frame: proto=0x00, payload_len=7, consumed=10, payload_hex: 0c1201900fffff
2026-06-29 05:45:26,122 [DEBUG] RSL message: 0c1201900fffff
2026-06-29 05:45:26,122 [DEBUG] RSL discriminator: 0x0c, message type: 0x12, payload: 0c1201900fffff
2026-06-29 05:45:26,122 [DEBUG] Incomplete frame, buffer size: 0, buffer_hex: 
2026-06-29 05:45:26,307 [DEBUG] Received 10 bytes from BTS
2026-06-29 05:45:26,308 [DEBUG] Decoded IPA frame: proto=0x00, payload_len=7, consumed=10, payload_hex: 0c1201900fffff
2026-06-29 05:45:26,308 [DEBUG] RSL message: 0c1201900fffff
2026-06-29 05:45:26,308 [DEBUG] RSL discriminator: 0x0c, message type: 0x12, payload: 0c1201900fffff
2026-06-29 05:45:26,308 [DEBUG] Incomplete frame, buffer size: 0, buffer_hex: 
2026-06-29 05:45:26,624 [INFO] Control Client connected from ('10.42.0.1', 53646)
2026-06-29 05:45:26,624 [INFO] handle_client: Starting, client socket: 6
2026-06-29 05:45:26,624 [INFO] handle_client: WELCOME sent
2026-06-29 05:45:26,674 [INFO] Replaying 36 buffered event(s)
2026-06-29 05:45:26,675 [WARNING] Failed to replay event 1: [Errno 32] Broken pipe
2026-06-29 05:45:26,675 [WARNING] Failed to replay event 2: [Errno 32] Broken pipe
2026-06-29 05:45:26,675 [WARNING] Failed to replay event 3: [Errno 32] Broken pipe
2026-06-29 05:45:26,675 [WARNING] Failed to replay event 4: [Errno 32] Broken pipe
2026-06-29 05:45:26,675 [WARNING] Failed to replay event 5: [Errno 32] Broken pipe
2026-06-29 05:45:26,675 [WARNING] Failed to replay event 6: [Errno 32] Broken pipe
2026-06-29 05:45:26,675 [WARNING] Failed to replay event 7: [Errno 32] Broken pipe
2026-06-29 05:45:26,675 [WARNING] Failed to replay event 8: [Errno 32] Broken pipe
2026-06-29 05:45:26,675 [WARNING] Failed to replay event 9: [Errno 32] Broken pipe
2026-06-29 05:45:26,675 [WARNING] Failed to replay event 10: [Errno 32] Broken pipe
2026-06-29 05:45:26,675 [WARNING] Failed to replay event 11: [Errno 32] Broken pipe
2026-06-29 05:45:26,675 [WARNING] Failed to replay event 12: [Errno 32] Broken pipe
2026-06-29 05:45:26,675 [WARNING] Failed to replay event 13: [Errno 32] Broken pipe
2026-06-29 05:45:26,675 [WARNING] Failed to replay event 14: [Errno 32] Broken pipe
2026-06-29 05:45:26,675 [WARNING] Failed to replay event 15: [Errno 32] Broken pipe
2026-06-29 05:45:26,675 [WARNING] Failed to replay event 16: [Errno 32] Broken pipe
2026-06-29 05:45:26,675 [WARNING] Failed to replay event 17: [Errno 32] Broken pipe
2026-06-29 05:45:26,675 [WARNING] Failed to replay event 18: [Errno 32] Broken pipe
2026-06-29 05:45:26,675 [WARNING] Failed to replay event 19: [Errno 32] Broken pipe
2026-06-29 05:45:26,675 [WARNING] Failed to replay event 20: [Errno 32] Broken pipe
2026-06-29 05:45:26,675 [WARNING] Failed to replay event 21: [Errno 32] Broken pipe
2026-06-29 05:45:26,675 [WARNING] Failed to replay event 22: [Errno 32] Broken pipe
2026-06-29 05:45:26,675 [WARNING] Failed to replay event 23: [Errno 32] Broken pipe
2026-06-29 05:45:26,675 [WARNING] Failed to replay event 24: [Errno 32] Broken pipe
2026-06-29 05:45:26,675 [WARNING] Failed to replay event 25: [Errno 32] Broken pipe
2026-06-29 05:45:26,675 [WARNING] Failed to replay event 26: [Errno 32] Broken pipe
2026-06-29 05:45:26,675 [WARNING] Failed to replay event 27: [Errno 32] Broken pipe
2026-06-29 05:45:26,675 [WARNING] Failed to replay event 28: [Errno 32] Broken pipe
2026-06-29 05:45:26,675 [WARNING] Failed to replay event 29: [Errno 32] Broken pipe
2026-06-29 05:45:26,675 [WARNING] Failed to replay event 30: [Errno 32] Broken pipe
2026-06-29 05:45:26,675 [WARNING] Failed to replay event 31: [Errno 32] Broken pipe
2026-06-29 05:45:26,675 [WARNING] Failed to replay event 32: [Errno 32] Broken pipe
2026-06-29 05:45:26,675 [WARNING] Failed to replay event 33: [Errno 32] Broken pipe
2026-06-29 05:45:26,675 [WARNING] Failed to replay event 34: [Errno 32] Broken pipe
2026-06-29 05:45:26,675 [WARNING] Failed to replay event 35: [Errno 32] Broken pipe
2026-06-29 05:45:26,675 [WARNING] Failed to replay event 36: [Errno 32] Broken pipe
2026-06-29 05:45:26,675 [INFO] handle_client: Entering receive loop
2026-06-29 05:45:26,675 [INFO] handle_client: Received empty data, client closed connection
2026-06-29 05:45:26,675 [INFO] Control Client disconnected
2026-06-29 05:45:27,122 [DEBUG] Received 10 bytes from BTS
2026-06-29 05:45:27,122 [DEBUG] Decoded IPA frame: proto=0x00, payload_len=7, consumed=10, payload_hex: 0c1201900fffff
2026-06-29 05:45:27,122 [DEBUG] RSL message: 0c1201900fffff
2026-06-29 05:45:27,122 [DEBUG] RSL discriminator: 0x0c, message type: 0x12, payload: 0c1201900fffff
2026-06-29 05:45:27,122 [DEBUG] Incomplete frame, buffer size: 0, buffer_hex: 
2026-06-29 05:45:27,309 [DEBUG] Received 10 bytes from BTS
2026-06-29 05:45:27,309 [DEBUG] Decoded IPA frame: proto=0x00, payload_len=7, consumed=10, payload_hex: 0c1201900fffff
2026-06-29 05:45:27,309 [DEBUG] RSL message: 0c1201900fffff
2026-06-29 05:45:27,309 [DEBUG] RSL discriminator: 0x0c, message type: 0x12, payload: 0c1201900fffff
2026-06-29 05:45:27,309 [DEBUG] Incomplete frame, buffer size: 0, buffer_hex: 
2026-06-29 05:45:27,549 [INFO] Control Client connected from ('10.42.0.48', 33912)
2026-06-29 05:45:27,549 [INFO] handle_client: Starting, client socket: 11
2026-06-29 05:45:27,549 [INFO] handle_client: WELCOME sent
2026-06-29 05:45:27,599 [INFO] Replaying 36 buffered event(s)
2026-06-29 05:45:27,599 [INFO] Replayed event 1/36: sent 60 bytes
2026-06-29 05:45:27,599 [INFO] Replayed event 2/36: sent 56 bytes
2026-06-29 05:45:27,600 [INFO] Replayed event 3/36: sent 60 bytes
2026-06-29 05:45:27,600 [INFO] Replayed event 4/36: sent 56 bytes
2026-06-29 05:45:27,600 [INFO] Replayed event 5/36: sent 115 bytes
2026-06-29 05:45:27,600 [INFO] Replayed event 6/36: sent 116 bytes
2026-06-29 05:45:27,600 [INFO] Replayed event 7/36: sent 116 bytes
2026-06-29 05:45:27,600 [INFO] Replayed event 8/36: sent 116 bytes
2026-06-29 05:45:27,600 [INFO] Replayed event 9/36: sent 117 bytes
2026-06-29 05:45:27,600 [INFO] Replayed event 10/36: sent 117 bytes
2026-06-29 05:45:27,600 [INFO] Replayed event 11/36: sent 116 bytes
2026-06-29 05:45:27,600 [INFO] Replayed event 12/36: sent 116 bytes
2026-06-29 05:45:27,600 [INFO] Replayed event 13/36: sent 117 bytes
2026-06-29 05:45:27,600 [INFO] Replayed event 14/36: sent 117 bytes
2026-06-29 05:45:27,600 [INFO] Replayed event 15/36: sent 117 bytes
2026-06-29 05:45:27,600 [INFO] Replayed event 16/36: sent 117 bytes
2026-06-29 05:45:27,600 [INFO] Replayed event 17/36: sent 117 bytes
2026-06-29 05:45:27,600 [INFO] Replayed event 18/36: sent 117 bytes
2026-06-29 05:45:27,600 [INFO] Replayed event 19/36: sent 117 bytes
2026-06-29 05:45:27,600 [INFO] Replayed event 20/36: sent 118 bytes
2026-06-29 05:45:27,600 [INFO] Replayed event 21/36: sent 118 bytes
2026-06-29 05:45:27,600 [INFO] Replayed event 22/36: sent 119 bytes
2026-06-29 05:45:27,600 [INFO] Replayed event 23/36: sent 119 bytes
2026-06-29 05:45:27,600 [INFO] Replayed event 24/36: sent 119 bytes
2026-06-29 05:45:27,600 [INFO] Replayed event 25/36: sent 118 bytes
2026-06-29 05:45:27,600 [INFO] Replayed event 26/36: sent 118 bytes
2026-06-29 05:45:27,600 [INFO] Replayed event 27/36: sent 118 bytes
2026-06-29 05:45:27,600 [INFO] Replayed event 28/36: sent 118 bytes
2026-06-29 05:45:27,600 [INFO] Replayed event 29/36: sent 119 bytes
2026-06-29 05:45:27,600 [INFO] Replayed event 30/36: sent 118 bytes
2026-06-29 05:45:27,600 [INFO] Replayed event 31/36: sent 118 bytes
2026-06-29 05:45:27,600 [INFO] Replayed event 32/36: sent 119 bytes
2026-06-29 05:45:27,600 [INFO] Replayed event 33/36: sent 118 bytes
2026-06-29 05:45:27,600 [INFO] Replayed event 34/36: sent 118 bytes
2026-06-29 05:45:27,600 [INFO] Replayed event 35/36: sent 118 bytes
2026-06-29 05:45:27,600 [INFO] Replayed event 36/36: sent 118 bytes
2026-06-29 05:45:27,600 [INFO] handle_client: Entering receive loop
2026-06-29 05:45:28,053 [DEBUG] handle_client: Received 49 bytes
2026-06-29 05:45:28,054 [INFO] Control CMD: {"command": "SET_AUTO_RESPOND", "enabled": true}
2026-06-29 05:45:28,054 [INFO] Auto-respond enabled: cleared stale _pending_chan_activ
2026-06-29 05:45:28,054 [INFO] Auto-respond set to: True
2026-06-29 05:45:28,122 [DEBUG] Received 10 bytes from BTS
2026-06-29 05:45:28,123 [DEBUG] Decoded IPA frame: proto=0x00, payload_len=7, consumed=10, payload_hex: 0c1201900fffff
2026-06-29 05:45:28,123 [DEBUG] RSL message: 0c1201900fffff
2026-06-29 05:45:28,123 [DEBUG] RSL discriminator: 0x0c, message type: 0x12, payload: 0c1201900fffff
2026-06-29 05:45:28,123 [DEBUG] Incomplete frame, buffer size: 0, buffer_hex: 
2026-06-29 05:45:28,309 [DEBUG] Received 10 bytes from BTS
2026-06-29 05:45:28,309 [DEBUG] Decoded IPA frame: proto=0x00, payload_len=7, consumed=10, payload_hex: 0c1201900fffff
2026-06-29 05:45:28,309 [DEBUG] RSL message: 0c1201900fffff
2026-06-29 05:45:28,309 [DEBUG] RSL discriminator: 0x0c, message type: 0x12, payload: 0c1201900fffff
2026-06-29 05:45:28,309 [DEBUG] Incomplete frame, buffer size: 0, buffer_hex: 
2026-06-29 05:45:29,123 [DEBUG] Received 10 bytes from BTS
2026-06-29 05:45:29,123 [DEBUG] Decoded IPA frame: proto=0x00, payload_len=7, consumed=10, payload_hex: 0c1201900fffff
2026-06-29 05:45:29,123 [DEBUG] RSL message: 0c1201900fffff
2026-06-29 05:45:29,123 [DEBUG] RSL discriminator: 0x0c, message type: 0x12, payload: 0c1201900fffff
2026-06-29 05:45:29,123 [DEBUG] Incomplete frame, buffer size: 0, buffer_hex: 
2026-06-29 05:45:29,310 [DEBUG] Received 10 bytes from BTS
2026-06-29 05:45:29,310 [DEBUG] Decoded IPA frame: proto=0x00, payload_len=7, consumed=10, payload_hex: 0c1201900fffff
2026-06-29 05:45:29,310 [DEBUG] RSL message: 0c1201900fffff
2026-06-29 05:45:29,310 [DEBUG] RSL discriminator: 0x0c, message type: 0x12, payload: 0c1201900fffff
2026-06-29 05:45:29,310 [DEBUG] Incomplete frame, buffer size: 0, buffer_hex: 
2026-06-29 05:45:29,624 [INFO] Control Client connected from ('10.42.0.1', 53648)
2026-06-29 05:45:29,624 [INFO] handle_client: Starting, client socket: 6
2026-06-29 05:45:29,624 [INFO] handle_client: WELCOME sent
2026-06-29 05:45:29,675 [INFO] Replaying 36 buffered event(s)
2026-06-29 05:45:29,675 [WARNING] Failed to replay event 1: [Errno 32] Broken pipe
2026-06-29 05:45:29,675 [WARNING] Failed to replay event 2: [Errno 32] Broken pipe
2026-06-29 05:45:29,675 [WARNING] Failed to replay event 3: [Errno 32] Broken pipe
2026-06-29 05:45:29,675 [WARNING] Failed to replay event 4: [Errno 32] Broken pipe
2026-06-29 05:45:29,675 [WARNING] Failed to replay event 5: [Errno 32] Broken pipe
2026-06-29 05:45:29,675 [WARNING] Failed to replay event 6: [Errno 32] Broken pipe
2026-06-29 05:45:29,675 [WARNING] Failed to replay event 7: [Errno 32] Broken pipe
2026-06-29 05:45:29,675 [WARNING] Failed to replay event 8: [Errno 32] Broken pipe
2026-06-29 05:45:29,675 [WARNING] Failed to replay event 9: [Errno 32] Broken pipe
2026-06-29 05:45:29,675 [WARNING] Failed to replay event 10: [Errno 32] Broken pipe
2026-06-29 05:45:29,675 [WARNING] Failed to replay event 11: [Errno 32] Broken pipe
2026-06-29 05:45:29,675 [WARNING] Failed to replay event 12: [Errno 32] Broken pipe
2026-06-29 05:45:29,675 [WARNING] Failed to replay event 13: [Errno 32] Broken pipe
2026-06-29 05:45:29,675 [WARNING] Failed to replay event 14: [Errno 32] Broken pipe
2026-06-29 05:45:29,675 [WARNING] Failed to replay event 15: [Errno 32] Broken pipe
2026-06-29 05:45:29,675 [WARNING] Failed to replay event 16: [Errno 32] Broken pipe
2026-06-29 05:45:29,675 [WARNING] Failed to replay event 17: [Errno 32] Broken pipe
2026-06-29 05:45:29,675 [WARNING] Failed to replay event 18: [Errno 32] Broken pipe
2026-06-29 05:45:29,675 [WARNING] Failed to replay event 19: [Errno 32] Broken pipe
2026-06-29 05:45:29,676 [WARNING] Failed to replay event 20: [Errno 32] Broken pipe
2026-06-29 05:45:29,676 [WARNING] Failed to replay event 21: [Errno 32] Broken pipe
2026-06-29 05:45:29,676 [WARNING] Failed to replay event 22: [Errno 32] Broken pipe
2026-06-29 05:45:29,676 [WARNING] Failed to replay event 23: [Errno 32] Broken pipe
2026-06-29 05:45:29,676 [WARNING] Failed to replay event 24: [Errno 32] Broken pipe
2026-06-29 05:45:29,676 [WARNING] Failed to replay event 25: [Errno 32] Broken pipe
2026-06-29 05:45:29,676 [WARNING] Failed to replay event 26: [Errno 32] Broken pipe
2026-06-29 05:45:29,676 [WARNING] Failed to replay event 27: [Errno 32] Broken pipe
2026-06-29 05:45:29,676 [WARNING] Failed to replay event 28: [Errno 32] Broken pipe
2026-06-29 05:45:29,676 [WARNING] Failed to replay event 29: [Errno 32] Broken pipe
2026-06-29 05:45:29,676 [WARNING] Failed to replay event 30: [Errno 32] Broken pipe
2026-06-29 05:45:29,676 [WARNING] Failed to replay event 31: [Errno 32] Broken pipe
2026-06-29 05:45:29,676 [WARNING] Failed to replay event 32: [Errno 32] Broken pipe
2026-06-29 05:45:29,676 [WARNING] Failed to replay event 33: [Errno 32] Broken pipe
2026-06-29 05:45:29,676 [WARNING] Failed to replay event 34: [Errno 32] Broken pipe
2026-06-29 05:45:29,676 [WARNING] Failed to replay event 35: [Errno 32] Broken pipe
2026-06-29 05:45:29,676 [WARNING] Failed to replay event 36: [Errno 32] Broken pipe
2026-06-29 05:45:29,676 [INFO] handle_client: Entering receive loop
2026-06-29 05:45:29,676 [INFO] handle_client: Received empty data, client closed connection
2026-06-29 05:45:29,676 [INFO] Control Client disconnected
2026-06-29 05:45:30,124 [DEBUG] Received 10 bytes from BTS
2026-06-29 05:45:30,124 [DEBUG] Decoded IPA frame: proto=0x00, payload_len=7, consumed=10, payload_hex: 0c1201900fffff
2026-06-29 05:45:30,124 [DEBUG] RSL message: 0c1201900fffff
2026-06-29 05:45:30,124 [DEBUG] RSL discriminator: 0x0c, message type: 0x12, payload: 0c1201900fffff
2026-06-29 05:45:30,124 [DEBUG] Incomplete frame, buffer size: 0, buffer_hex: 
2026-06-29 05:45:30,310 [DEBUG] Received 10 bytes from BTS
2026-06-29 05:45:30,310 [DEBUG] Decoded IPA frame: proto=0x00, payload_len=7, consumed=10, payload_hex: 0c1201900fffff
2026-06-29 05:45:30,310 [DEBUG] RSL message: 0c1201900fffff
2026-06-29 05:45:30,310 [DEBUG] RSL discriminator: 0x0c, message type: 0x12, payload: 0c1201900fffff
2026-06-29 05:45:30,310 [DEBUG] Incomplete frame, buffer size: 0, buffer_hex: 
2026-06-29 05:45:31,125 [DEBUG] Received 10 bytes from BTS
2026-06-29 05:45:31,125 [DEBUG] Decoded IPA frame: proto=0x00, payload_len=7, consumed=10, payload_hex: 0c1201900fffff
2026-06-29 05:45:31,125 [DEBUG] RSL message: 0c1201900fffff
2026-06-29 05:45:31,125 [DEBUG] RSL discriminator: 0x0c, message type: 0x12, payload: 0c1201900fffff
2026-06-29 05:45:31,125 [DEBUG] Incomplete frame, buffer size: 0, buffer_hex: 
2026-06-29 05:45:31,310 [DEBUG] Received 10 bytes from BTS
2026-06-29 05:45:31,311 [DEBUG] Decoded IPA frame: proto=0x00, payload_len=7, consumed=10, payload_hex: 0c1201900fffff
2026-06-29 05:45:31,311 [DEBUG] RSL message: 0c1201900fffff
2026-06-29 05:45:31,311 [DEBUG] RSL discriminator: 0x0c, message type: 0x12, payload: 0c1201900fffff
2026-06-29 05:45:31,311 [DEBUG] Incomplete frame, buffer size: 0, buffer_hex: 
2026-06-29 05:45:32,125 [DEBUG] Received 10 bytes from BTS
2026-06-29 05:45:32,125 [DEBUG] Decoded IPA frame: proto=0x00, payload_len=7, consumed=10, payload_hex: 0c1201900fffff
2026-06-29 05:45:32,126 [DEBUG] RSL message: 0c1201900fffff
2026-06-29 05:45:32,126 [DEBUG] RSL discriminator: 0x0c, message type: 0x12, payload: 0c1201900fffff
2026-06-29 05:45:32,126 [DEBUG] Incomplete frame, buffer size: 0, buffer_hex: 
2026-06-29 05:45:32,311 [DEBUG] Received 10 bytes from BTS
2026-06-29 05:45:32,311 [DEBUG] Decoded IPA frame: proto=0x00, payload_len=7, consumed=10, payload_hex: 0c1201900fffff
2026-06-29 05:45:32,311 [DEBUG] RSL message: 0c1201900fffff
2026-06-29 05:45:32,312 [DEBUG] RSL discriminator: 0x0c, message type: 0x12, payload: 0c1201900fffff
2026-06-29 05:45:32,312 [DEBUG] Incomplete frame, buffer size: 0, buffer_hex: 
2026-06-29 05:45:32,623 [INFO] Control Client connected from ('10.42.0.1', 41472)
2026-06-29 05:45:32,623 [INFO] handle_client: Starting, client socket: 12
2026-06-29 05:45:32,624 [INFO] handle_client: WELCOME sent
2026-06-29 05:45:32,674 [INFO] Replaying 36 buffered event(s)
2026-06-29 05:45:32,674 [WARNING] Failed to replay event 1: [Errno 32] Broken pipe
2026-06-29 05:45:32,674 [WARNING] Failed to replay event 2: [Errno 32] Broken pipe
2026-06-29 05:45:32,674 [WARNING] Failed to replay event 3: [Errno 32] Broken pipe
2026-06-29 05:45:32,674 [WARNING] Failed to replay event 4: [Errno 32] Broken pipe
2026-06-29 05:45:32,674 [WARNING] Failed to replay event 5: [Errno 32] Broken pipe
2026-06-29 05:45:32,674 [WARNING] Failed to replay event 6: [Errno 32] Broken pipe
2026-06-29 05:45:32,674 [WARNING] Failed to replay event 7: [Errno 32] Broken pipe
2026-06-29 05:45:32,674 [WARNING] Failed to replay event 8: [Errno 32] Broken pipe
2026-06-29 05:45:32,674 [WARNING] Failed to replay event 9: [Errno 32] Broken pipe
2026-06-29 05:45:32,674 [WARNING] Failed to replay event 10: [Errno 32] Broken pipe
2026-06-29 05:45:32,674 [WARNING] Failed to replay event 11: [Errno 32] Broken pipe
2026-06-29 05:45:32,674 [WARNING] Failed to replay event 12: [Errno 32] Broken pipe
2026-06-29 05:45:32,674 [WARNING] Failed to replay event 13: [Errno 32] Broken pipe
2026-06-29 05:45:32,674 [WARNING] Failed to replay event 14: [Errno 32] Broken pipe
2026-06-29 05:45:32,674 [WARNING] Failed to replay event 15: [Errno 32] Broken pipe
2026-06-29 05:45:32,674 [WARNING] Failed to replay event 16: [Errno 32] Broken pipe
2026-06-29 05:45:32,674 [WARNING] Failed to replay event 17: [Errno 32] Broken pipe
2026-06-29 05:45:32,674 [WARNING] Failed to replay event 18: [Errno 32] Broken pipe
2026-06-29 05:45:32,674 [WARNING] Failed to replay event 19: [Errno 32] Broken pipe
2026-06-29 05:45:32,674 [WARNING] Failed to replay event 20: [Errno 32] Broken pipe
2026-06-29 05:45:32,674 [WARNING] Failed to replay event 21: [Errno 32] Broken pipe
2026-06-29 05:45:32,674 [WARNING] Failed to replay event 22: [Errno 32] Broken pipe
2026-06-29 05:45:32,674 [WARNING] Failed to replay event 23: [Errno 32] Broken pipe
2026-06-29 05:45:32,675 [WARNING] Failed to replay event 24: [Errno 32] Broken pipe
2026-06-29 05:45:32,675 [WARNING] Failed to replay event 25: [Errno 32] Broken pipe
2026-06-29 05:45:32,675 [WARNING] Failed to replay event 26: [Errno 32] Broken pipe
2026-06-29 05:45:32,675 [WARNING] Failed to replay event 27: [Errno 32] Broken pipe
2026-06-29 05:45:32,675 [WARNING] Failed to replay event 28: [Errno 32] Broken pipe
2026-06-29 05:45:32,675 [WARNING] Failed to replay event 29: [Errno 32] Broken pipe
2026-06-29 05:45:32,675 [WARNING] Failed to replay event 30: [Errno 32] Broken pipe
2026-06-29 05:45:32,675 [WARNING] Failed to replay event 31: [Errno 32] Broken pipe
2026-06-29 05:45:32,675 [WARNING] Failed to replay event 32: [Errno 32] Broken pipe
2026-06-29 05:45:32,675 [WARNING] Failed to replay event 33: [Errno 32] Broken pipe
2026-06-29 05:45:32,675 [WARNING] Failed to replay event 34: [Errno 32] Broken pipe
2026-06-29 05:45:32,675 [WARNING] Failed to replay event 35: [Errno 32] Broken pipe
2026-06-29 05:45:32,675 [WARNING] Failed to replay event 36: [Errno 32] Broken pipe
2026-06-29 05:45:32,675 [INFO] handle_client: Entering receive loop
2026-06-29 05:45:32,675 [INFO] handle_client: Received empty data, client closed connection
2026-06-29 05:45:32,675 [INFO] Control Client disconnected
2026-06-29 05:45:32,936 [INFO] Control Client connected from ('10.42.0.1', 41482)
2026-06-29 05:45:32,936 [INFO] handle_client: Starting, client socket: 6
2026-06-29 05:45:32,936 [INFO] handle_client: WELCOME sent
2026-06-29 05:45:32,987 [INFO] Replaying 36 buffered event(s)
2026-06-29 05:45:32,987 [WARNING] Failed to replay event 1: [Errno 32] Broken pipe
2026-06-29 05:45:32,987 [WARNING] Failed to replay event 2: [Errno 32] Broken pipe
2026-06-29 05:45:32,987 [WARNING] Failed to replay event 3: [Errno 32] Broken pipe
2026-06-29 05:45:32,987 [WARNING] Failed to replay event 4: [Errno 32] Broken pipe
2026-06-29 05:45:32,987 [WARNING] Failed to replay event 5: [Errno 32] Broken pipe
2026-06-29 05:45:32,987 [WARNING] Failed to replay event 6: [Errno 32] Broken pipe
2026-06-29 05:45:32,987 [WARNING] Failed to replay event 7: [Errno 32] Broken pipe
2026-06-29 05:45:32,987 [WARNING] Failed to replay event 8: [Errno 32] Broken pipe
2026-06-29 05:45:32,987 [WARNING] Failed to replay event 9: [Errno 32] Broken pipe
2026-06-29 05:45:32,987 [WARNING] Failed to replay event 10: [Errno 32] Broken pipe
2026-06-29 05:45:32,987 [WARNING] Failed to replay event 11: [Errno 32] Broken pipe
2026-06-29 05:45:32,987 [WARNING] Failed to replay event 12: [Errno 32] Broken pipe
2026-06-29 05:45:32,987 [WARNING] Failed to replay event 13: [Errno 32] Broken pipe
2026-06-29 05:45:32,987 [WARNING] Failed to replay event 14: [Errno 32] Broken pipe
2026-06-29 05:45:32,987 [WARNING] Failed to replay event 15: [Errno 32] Broken pipe
2026-06-29 05:45:32,987 [WARNING] Failed to replay event 16: [Errno 32] Broken pipe
2026-06-29 05:45:32,987 [WARNING] Failed to replay event 17: [Errno 32] Broken pipe
2026-06-29 05:45:32,987 [WARNING] Failed to replay event 18: [Errno 32] Broken pipe
2026-06-29 05:45:32,987 [WARNING] Failed to replay event 19: [Errno 32] Broken pipe
2026-06-29 05:45:32,987 [WARNING] Failed to replay event 20: [Errno 32] Broken pipe
2026-06-29 05:45:32,987 [WARNING] Failed to replay event 21: [Errno 32] Broken pipe
2026-06-29 05:45:32,987 [WARNING] Failed to replay event 22: [Errno 32] Broken pipe
2026-06-29 05:45:32,987 [WARNING] Failed to replay event 23: [Errno 32] Broken pipe
2026-06-29 05:45:32,987 [WARNING] Failed to replay event 24: [Errno 32] Broken pipe
2026-06-29 05:45:32,987 [WARNING] Failed to replay event 25: [Errno 32] Broken pipe
2026-06-29 05:45:32,987 [WARNING] Failed to replay event 26: [Errno 32] Broken pipe
2026-06-29 05:45:32,987 [WARNING] Failed to replay event 27: [Errno 32] Broken pipe
2026-06-29 05:45:32,987 [WARNING] Failed to replay event 28: [Errno 32] Broken pipe
2026-06-29 05:45:32,987 [WARNING] Failed to replay event 29: [Errno 32] Broken pipe
2026-06-29 05:45:32,987 [WARNING] Failed to replay event 30: [Errno 32] Broken pipe
2026-06-29 05:45:32,987 [WARNING] Failed to replay event 31: [Errno 32] Broken pipe
2026-06-29 05:45:32,987 [WARNING] Failed to replay event 32: [Errno 32] Broken pipe
2026-06-29 05:45:32,987 [WARNING] Failed to replay event 33: [Errno 32] Broken pipe
2026-06-29 05:45:32,987 [WARNING] Failed to replay event 34: [Errno 32] Broken pipe
2026-06-29 05:45:32,987 [WARNING] Failed to replay event 35: [Errno 32] Broken pipe
2026-06-29 05:45:32,987 [WARNING] Failed to replay event 36: [Errno 32] Broken pipe
2026-06-29 05:45:32,987 [INFO] handle_client: Entering receive loop
2026-06-29 05:45:32,987 [INFO] handle_client: Received empty data, client closed connection
2026-06-29 05:45:32,987 [INFO] Control Client disconnected
2026-06-29 05:45:33,126 [DEBUG] Received 10 bytes from BTS
2026-06-29 05:45:33,126 [DEBUG] Decoded IPA frame: proto=0x00, payload_len=7, consumed=10, payload_hex: 0c1201900fffff
2026-06-29 05:45:33,126 [DEBUG] RSL message: 0c1201900fffff
2026-06-29 05:45:33,126 [DEBUG] RSL discriminator: 0x0c, message type: 0x12, payload: 0c1201900fffff
2026-06-29 05:45:33,126 [DEBUG] Incomplete frame, buffer size: 0, buffer_hex: 
2026-06-29 05:45:33,312 [DEBUG] Received 10 bytes from BTS
2026-06-29 05:45:33,312 [DEBUG] Decoded IPA frame: proto=0x00, payload_len=7, consumed=10, payload_hex: 0c1201900fffff
2026-06-29 05:45:33,312 [DEBUG] RSL message: 0c1201900fffff
2026-06-29 05:45:33,312 [DEBUG] RSL discriminator: 0x0c, message type: 0x12, payload: 0c1201900fffff
2026-06-29 05:45:33,312 [DEBUG] Incomplete frame, buffer size: 0, buffer_hex: 
2026-06-29 05:45:34,126 [DEBUG] Received 10 bytes from BTS
2026-06-29 05:45:34,126 [DEBUG] Decoded IPA frame: proto=0x00, payload_len=7, consumed=10, payload_hex: 0c1201900fffff
2026-06-29 05:45:34,126 [DEBUG] RSL message: 0c1201900fffff
2026-06-29 05:45:34,126 [DEBUG] RSL discriminator: 0x0c, message type: 0x12, payload: 0c1201900fffff
2026-06-29 05:45:34,126 [DEBUG] Incomplete frame, buffer size: 0, buffer_hex: 
2026-06-29 05:45:34,313 [DEBUG] Received 10 bytes from BTS
2026-06-29 05:45:34,313 [DEBUG] Decoded IPA frame: proto=0x00, payload_len=7, consumed=10, payload_hex: 0c1201900fffff
2026-06-29 05:45:34,313 [DEBUG] RSL message: 0c1201900fffff
2026-06-29 05:45:34,313 [DEBUG] RSL discriminator: 0x0c, message type: 0x12, payload: 0c1201900fffff
2026-06-29 05:45:34,313 [DEBUG] Incomplete frame, buffer size: 0, buffer_hex: 
2026-06-29 05:45:35,126 [DEBUG] Received 10 bytes from BTS
2026-06-29 05:45:35,126 [DEBUG] Decoded IPA frame: proto=0x00, payload_len=7, consumed=10, payload_hex: 0c1201900fffff
2026-06-29 05:45:35,126 [DEBUG] RSL message: 0c1201900fffff
2026-06-29 05:45:35,126 [DEBUG] RSL discriminator: 0x0c, message type: 0x12, payload: 0c1201900fffff
2026-06-29 05:45:35,126 [DEBUG] Incomplete frame, buffer size: 0, buffer_hex: 
2026-06-29 05:45:35,313 [DEBUG] Received 10 bytes from BTS
2026-06-29 05:45:35,313 [DEBUG] Decoded IPA frame: proto=0x00, payload_len=7, consumed=10, payload_hex: 0c1201900fffff
2026-06-29 05:45:35,314 [DEBUG] RSL message: 0c1201900fffff
2026-06-29 05:45:35,314 [DEBUG] RSL discriminator: 0x0c, message type: 0x12, payload: 0c1201900fffff
2026-06-29 05:45:35,314 [DEBUG] Incomplete frame, buffer size: 0, buffer_hex: 
2026-06-29 05:45:35,624 [INFO] Control Client connected from ('10.42.0.1', 41490)
2026-06-29 05:45:35,624 [INFO] handle_client: Starting, client socket: 12
2026-06-29 05:45:35,624 [INFO] handle_client: WELCOME sent
2026-06-29 05:45:35,674 [INFO] Replaying 36 buffered event(s)
2026-06-29 05:45:35,674 [WARNING] Failed to replay event 1: [Errno 32] Broken pipe
2026-06-29 05:45:35,674 [WARNING] Failed to replay event 2: [Errno 32] Broken pipe
2026-06-29 05:45:35,674 [WARNING] Failed to replay event 3: [Errno 32] Broken pipe
2026-06-29 05:45:35,674 [WARNING] Failed to replay event 4: [Errno 32] Broken pipe
2026-06-29 05:45:35,674 [WARNING] Failed to replay event 5: [Errno 32] Broken pipe
2026-06-29 05:45:35,674 [WARNING] Failed to replay event 6: [Errno 32] Broken pipe
2026-06-29 05:45:35,674 [WARNING] Failed to replay event 7: [Errno 32] Broken pipe
2026-06-29 05:45:35,674 [WARNING] Failed to replay event 8: [Errno 32] Broken pipe
2026-06-29 05:45:35,674 [WARNING] Failed to replay event 9: [Errno 32] Broken pipe
2026-06-29 05:45:35,674 [WARNING] Failed to replay event 10: [Errno 32] Broken pipe
2026-06-29 05:45:35,674 [WARNING] Failed to replay event 11: [Errno 32] Broken pipe
2026-06-29 05:45:35,674 [WARNING] Failed to replay event 12: [Errno 32] Broken pipe
2026-06-29 05:45:35,675 [WARNING] Failed to replay event 13: [Errno 32] Broken pipe
2026-06-29 05:45:35,675 [WARNING] Failed to replay event 14: [Errno 32] Broken pipe
2026-06-29 05:45:35,675 [WARNING] Failed to replay event 15: [Errno 32] Broken pipe
2026-06-29 05:45:35,675 [WARNING] Failed to replay event 16: [Errno 32] Broken pipe
2026-06-29 05:45:35,675 [WARNING] Failed to replay event 17: [Errno 32] Broken pipe
2026-06-29 05:45:35,675 [WARNING] Failed to replay event 18: [Errno 32] Broken pipe
2026-06-29 05:45:35,675 [WARNING] Failed to replay event 19: [Errno 32] Broken pipe
2026-06-29 05:45:35,675 [WARNING] Failed to replay event 20: [Errno 32] Broken pipe
2026-06-29 05:45:35,675 [WARNING] Failed to replay event 21: [Errno 32] Broken pipe
2026-06-29 05:45:35,675 [WARNING] Failed to replay event 22: [Errno 32] Broken pipe
2026-06-29 05:45:35,675 [WARNING] Failed to replay event 23: [Errno 32] Broken pipe
2026-06-29 05:45:35,675 [WARNING] Failed to replay event 24: [Errno 32] Broken pipe
2026-06-29 05:45:35,675 [WARNING] Failed to replay event 25: [Errno 32] Broken pipe
2026-06-29 05:45:35,675 [WARNING] Failed to replay event 26: [Errno 32] Broken pipe
2026-06-29 05:45:35,675 [WARNING] Failed to replay event 27: [Errno 32] Broken pipe
2026-06-29 05:45:35,675 [WARNING] Failed to replay event 28: [Errno 32] Broken pipe
2026-06-29 05:45:35,675 [WARNING] Failed to replay event 29: [Errno 32] Broken pipe
2026-06-29 05:45:35,675 [WARNING] Failed to replay event 30: [Errno 32] Broken pipe
2026-06-29 05:45:35,675 [WARNING] Failed to replay event 31: [Errno 32] Broken pipe
2026-06-29 05:45:35,675 [WARNING] Failed to replay event 32: [Errno 32] Broken pipe
2026-06-29 05:45:35,675 [WARNING] Failed to replay event 33: [Errno 32] Broken pipe
2026-06-29 05:45:35,675 [WARNING] Failed to replay event 34: [Errno 32] Broken pipe
2026-06-29 05:45:35,675 [WARNING] Failed to replay event 35: [Errno 32] Broken pipe
2026-06-29 05:45:35,675 [WARNING] Failed to replay event 36: [Errno 32] Broken pipe
2026-06-29 05:45:35,675 [INFO] handle_client: Entering receive loop
2026-06-29 05:45:35,675 [INFO] handle_client: Received empty data, client closed connection
2026-06-29 05:45:35,675 [INFO] Control Client disconnected
2026-06-29 05:45:36,127 [DEBUG] Received 10 bytes from BTS
2026-06-29 05:45:36,127 [DEBUG] Decoded IPA frame: proto=0x00, payload_len=7, consumed=10, payload_hex: 0c1201900fffff
2026-06-29 05:45:36,127 [DEBUG] RSL message: 0c1201900fffff
2026-06-29 05:45:36,127 [DEBUG] RSL discriminator: 0x0c, message type: 0x12, payload: 0c1201900fffff
2026-06-29 05:45:36,127 [DEBUG] Incomplete frame, buffer size: 0, buffer_hex: 
2026-06-29 05:45:36,313 [DEBUG] Received 10 bytes from BTS
2026-06-29 05:45:36,314 [DEBUG] Decoded IPA frame: proto=0x00, payload_len=7, consumed=10, payload_hex: 0c1201900fffff
2026-06-29 05:45:36,314 [DEBUG] RSL message: 0c1201900fffff
2026-06-29 05:45:36,314 [DEBUG] RSL discriminator: 0x0c, message type: 0x12, payload: 0c1201900fffff
2026-06-29 05:45:36,314 [DEBUG] Incomplete frame, buffer size: 0, buffer_hex: 
2026-06-29 05:45:37,128 [DEBUG] Received 10 bytes from BTS
2026-06-29 05:45:37,128 [DEBUG] Decoded IPA frame: proto=0x00, payload_len=7, consumed=10, payload_hex: 0c1201900fffff
2026-06-29 05:45:37,128 [DEBUG] RSL message: 0c1201900fffff
2026-06-29 05:45:37,128 [DEBUG] RSL discriminator: 0x0c, message type: 0x12, payload: 0c1201900fffff
2026-06-29 05:45:37,128 [DEBUG] Incomplete frame, buffer size: 0, buffer_hex: 
2026-06-29 05:45:37,314 [DEBUG] Received 10 bytes from BTS
2026-06-29 05:45:37,314 [DEBUG] Decoded IPA frame: proto=0x00, payload_len=7, consumed=10, payload_hex: 0c1201900fffff
2026-06-29 05:45:37,314 [DEBUG] RSL message: 0c1201900fffff
2026-06-29 05:45:37,314 [DEBUG] RSL discriminator: 0x0c, message type: 0x12, payload: 0c1201900fffff
2026-06-29 05:45:37,315 [DEBUG] Incomplete frame, buffer size: 0, buffer_hex: 
2026-06-29 05:45:38,128 [DEBUG] Received 10 bytes from BTS
2026-06-29 05:45:38,128 [DEBUG] Decoded IPA frame: proto=0x00, payload_len=7, consumed=10, payload_hex: 0c1201900fffff
2026-06-29 05:45:38,128 [DEBUG] RSL message: 0c1201900fffff
2026-06-29 05:45:38,128 [DEBUG] RSL discriminator: 0x0c, message type: 0x12, payload: 0c1201900fffff
2026-06-29 05:45:38,128 [DEBUG] Incomplete frame, buffer size: 0, buffer_hex: 
2026-06-29 05:45:38,315 [DEBUG] Received 10 bytes from BTS
2026-06-29 05:45:38,315 [DEBUG] Decoded IPA frame: proto=0x00, payload_len=7, consumed=10, payload_hex: 0c1201900fffff
2026-06-29 05:45:38,315 [DEBUG] RSL message: 0c1201900fffff
2026-06-29 05:45:38,315 [DEBUG] RSL discriminator: 0x0c, message type: 0x12, payload: 0c1201900fffff
2026-06-29 05:45:38,315 [DEBUG] Incomplete frame, buffer size: 0, buffer_hex: 
2026-06-29 05:45:38,623 [INFO] Control Client connected from ('10.42.0.1', 41500)
2026-06-29 05:45:38,623 [INFO] handle_client: Starting, client socket: 6
2026-06-29 05:45:38,623 [INFO] handle_client: WELCOME sent
2026-06-29 05:45:38,673 [INFO] Replaying 36 buffered event(s)
2026-06-29 05:45:38,673 [WARNING] Failed to replay event 1: [Errno 32] Broken pipe
2026-06-29 05:45:38,673 [WARNING] Failed to replay event 2: [Errno 32] Broken pipe
2026-06-29 05:45:38,673 [WARNING] Failed to replay event 3: [Errno 32] Broken pipe
2026-06-29 05:45:38,674 [WARNING] Failed to replay event 4: [Errno 32] Broken pipe
2026-06-29 05:45:38,674 [WARNING] Failed to replay event 5: [Errno 32] Broken pipe
2026-06-29 05:45:38,674 [WARNING] Failed to replay event 6: [Errno 32] Broken pipe
2026-06-29 05:45:38,674 [WARNING] Failed to replay event 7: [Errno 32] Broken pipe
2026-06-29 05:45:38,674 [WARNING] Failed to replay event 8: [Errno 32] Broken pipe
2026-06-29 05:45:38,674 [WARNING] Failed to replay event 9: [Errno 32] Broken pipe
2026-06-29 05:45:38,674 [WARNING] Failed to replay event 10: [Errno 32] Broken pipe
2026-06-29 05:45:38,674 [WARNING] Failed to replay event 11: [Errno 32] Broken pipe
2026-06-29 05:45:38,674 [WARNING] Failed to replay event 12: [Errno 32] Broken pipe
2026-06-29 05:45:38,674 [WARNING] Failed to replay event 13: [Errno 32] Broken pipe
2026-06-29 05:45:38,674 [WARNING] Failed to replay event 14: [Errno 32] Broken pipe
2026-06-29 05:45:38,674 [WARNING] Failed to replay event 15: [Errno 32] Broken pipe
2026-06-29 05:45:38,674 [WARNING] Failed to replay event 16: [Errno 32] Broken pipe
2026-06-29 05:45:38,674 [WARNING] Failed to replay event 17: [Errno 32] Broken pipe
2026-06-29 05:45:38,674 [WARNING] Failed to replay event 18: [Errno 32] Broken pipe
2026-06-29 05:45:38,674 [WARNING] Failed to replay event 19: [Errno 32] Broken pipe
2026-06-29 05:45:38,674 [WARNING] Failed to replay event 20: [Errno 32] Broken pipe
2026-06-29 05:45:38,674 [WARNING] Failed to replay event 21: [Errno 32] Broken pipe
2026-06-29 05:45:38,674 [WARNING] Failed to replay event 22: [Errno 32] Broken pipe
2026-06-29 05:45:38,674 [WARNING] Failed to replay event 23: [Errno 32] Broken pipe
2026-06-29 05:45:38,674 [WARNING] Failed to replay event 24: [Errno 32] Broken pipe
2026-06-29 05:45:38,674 [WARNING] Failed to replay event 25: [Errno 32] Broken pipe
2026-06-29 05:45:38,674 [WARNING] Failed to replay event 26: [Errno 32] Broken pipe
2026-06-29 05:45:38,674 [WARNING] Failed to replay event 27: [Errno 32] Broken pipe
2026-06-29 05:45:38,674 [WARNING] Failed to replay event 28: [Errno 32] Broken pipe
2026-06-29 05:45:38,674 [WARNING] Failed to replay event 29: [Errno 32] Broken pipe
2026-06-29 05:45:38,674 [WARNING] Failed to replay event 30: [Errno 32] Broken pipe
2026-06-29 05:45:38,674 [WARNING] Failed to replay event 31: [Errno 32] Broken pipe
2026-06-29 05:45:38,674 [WARNING] Failed to replay event 32: [Errno 32] Broken pipe
2026-06-29 05:45:38,674 [WARNING] Failed to replay event 33: [Errno 32] Broken pipe
2026-06-29 05:45:38,674 [WARNING] Failed to replay event 34: [Errno 32] Broken pipe
2026-06-29 05:45:38,674 [WARNING] Failed to replay event 35: [Errno 32] Broken pipe
2026-06-29 05:45:38,674 [WARNING] Failed to replay event 36: [Errno 32] Broken pipe
2026-06-29 05:45:38,674 [INFO] handle_client: Entering receive loop
2026-06-29 05:45:38,674 [INFO] handle_client: Received empty data, client closed connection
2026-06-29 05:45:38,674 [INFO] Control Client disconnected
2026-06-29 05:45:39,129 [DEBUG] Received 10 bytes from BTS
2026-06-29 05:45:39,129 [DEBUG] Decoded IPA frame: proto=0x00, payload_len=7, consumed=10, payload_hex: 0c1201900fffff
2026-06-29 05:45:39,129 [DEBUG] RSL message: 0c1201900fffff
2026-06-29 05:45:39,129 [DEBUG] RSL discriminator: 0x0c, message type: 0x12, payload: 0c1201900fffff
2026-06-29 05:45:39,129 [DEBUG] Incomplete frame, buffer size: 0, buffer_hex: 
2026-06-29 05:45:39,317 [DEBUG] Received 10 bytes from BTS
2026-06-29 05:45:39,317 [DEBUG] Decoded IPA frame: proto=0x00, payload_len=7, consumed=10, payload_hex: 0c1201900fffff
2026-06-29 05:45:39,317 [DEBUG] RSL message: 0c1201900fffff
2026-06-29 05:45:39,317 [DEBUG] RSL discriminator: 0x0c, message type: 0x12, payload: 0c1201900fffff
2026-06-29 05:45:39,317 [DEBUG] Incomplete frame, buffer size: 0, buffer_hex: 
2026-06-29 05:45:40,129 [DEBUG] Received 10 bytes from BTS
2026-06-29 05:45:40,129 [DEBUG] Decoded IPA frame: proto=0x00, payload_len=7, consumed=10, payload_hex: 0c1201900fffff
2026-06-29 05:45:40,130 [DEBUG] RSL message: 0c1201900fffff
2026-06-29 05:45:40,130 [DEBUG] RSL discriminator: 0x0c, message type: 0x12, payload: 0c1201900fffff
2026-06-29 05:45:40,130 [DEBUG] Incomplete frame, buffer size: 0, buffer_hex: 
2026-06-29 05:45:40,317 [DEBUG] Received 10 bytes from BTS
2026-06-29 05:45:40,317 [DEBUG] Decoded IPA frame: proto=0x00, payload_len=7, consumed=10, payload_hex: 0c1201900fffff
2026-06-29 05:45:40,317 [DEBUG] RSL message: 0c1201900fffff
2026-06-29 05:45:40,317 [DEBUG] RSL discriminator: 0x0c, message type: 0x12, payload: 0c1201900fffff
2026-06-29 05:45:40,317 [DEBUG] Incomplete frame, buffer size: 0, buffer_hex: 
2026-06-29 05:45:41,130 [DEBUG] Received 10 bytes from BTS
2026-06-29 05:45:41,130 [DEBUG] Decoded IPA frame: proto=0x00, payload_len=7, consumed=10, payload_hex: 0c1201900fffff
2026-06-29 05:45:41,131 [DEBUG] RSL message: 0c1201900fffff
2026-06-29 05:45:41,131 [DEBUG] RSL discriminator: 0x0c, message type: 0x12, payload: 0c1201900fffff
2026-06-29 05:45:41,131 [DEBUG] Incomplete frame, buffer size: 0, buffer_hex: 
2026-06-29 05:45:41,318 [DEBUG] Received 10 bytes from BTS
2026-06-29 05:45:41,318 [DEBUG] Decoded IPA frame: proto=0x00, payload_len=7, consumed=10, payload_hex: 0c1201900fffff
2026-06-29 05:45:41,318 [DEBUG] RSL message: 0c1201900fffff
2026-06-29 05:45:41,318 [DEBUG] RSL discriminator: 0x0c, message type: 0x12, payload: 0c1201900fffff
2026-06-29 05:45:41,318 [DEBUG] Incomplete frame, buffer size: 0, buffer_hex: 
2026-06-29 05:45:41,623 [INFO] Control Client connected from ('10.42.0.1', 38516)
2026-06-29 05:45:41,624 [INFO] handle_client: Starting, client socket: 12
2026-06-29 05:45:41,624 [INFO] handle_client: WELCOME sent
2026-06-29 05:45:41,674 [INFO] Replaying 36 buffered event(s)
2026-06-29 05:45:41,674 [WARNING] Failed to replay event 1: [Errno 32] Broken pipe
2026-06-29 05:45:41,674 [WARNING] Failed to replay event 2: [Errno 32] Broken pipe
2026-06-29 05:45:41,674 [WARNING] Failed to replay event 3: [Errno 32] Broken pipe
2026-06-29 05:45:41,674 [WARNING] Failed to replay event 4: [Errno 32] Broken pipe
2026-06-29 05:45:41,674 [WARNING] Failed to replay event 5: [Errno 32] Broken pipe
2026-06-29 05:45:41,674 [WARNING] Failed to replay event 6: [Errno 32] Broken pipe
2026-06-29 05:45:41,674 [WARNING] Failed to replay event 7: [Errno 32] Broken pipe
2026-06-29 05:45:41,674 [WARNING] Failed to replay event 8: [Errno 32] Broken pipe
2026-06-29 05:45:41,674 [WARNING] Failed to replay event 9: [Errno 32] Broken pipe
2026-06-29 05:45:41,674 [WARNING] Failed to replay event 10: [Errno 32] Broken pipe
2026-06-29 05:45:41,674 [WARNING] Failed to replay event 11: [Errno 32] Broken pipe
2026-06-29 05:45:41,674 [WARNING] Failed to replay event 12: [Errno 32] Broken pipe
2026-06-29 05:45:41,674 [WARNING] Failed to replay event 13: [Errno 32] Broken pipe
2026-06-29 05:45:41,674 [WARNING] Failed to replay event 14: [Errno 32] Broken pipe
2026-06-29 05:45:41,675 [WARNING] Failed to replay event 15: [Errno 32] Broken pipe
2026-06-29 05:45:41,675 [WARNING] Failed to replay event 16: [Errno 32] Broken pipe
2026-06-29 05:45:41,675 [WARNING] Failed to replay event 17: [Errno 32] Broken pipe
2026-06-29 05:45:41,675 [WARNING] Failed to replay event 18: [Errno 32] Broken pipe
2026-06-29 05:45:41,675 [WARNING] Failed to replay event 19: [Errno 32] Broken pipe
2026-06-29 05:45:41,675 [WARNING] Failed to replay event 20: [Errno 32] Broken pipe
2026-06-29 05:45:41,675 [WARNING] Failed to replay event 21: [Errno 32] Broken pipe
2026-06-29 05:45:41,675 [WARNING] Failed to replay event 22: [Errno 32] Broken pipe
2026-06-29 05:45:41,675 [WARNING] Failed to replay event 23: [Errno 32] Broken pipe
2026-06-29 05:45:41,675 [WARNING] Failed to replay event 24: [Errno 32] Broken pipe
2026-06-29 05:45:41,675 [WARNING] Failed to replay event 25: [Errno 32] Broken pipe
2026-06-29 05:45:41,675 [WARNING] Failed to replay event 26: [Errno 32] Broken pipe
2026-06-29 05:45:41,675 [WARNING] Failed to replay event 27: [Errno 32] Broken pipe
2026-06-29 05:45:41,675 [WARNING] Failed to replay event 28: [Errno 32] Broken pipe
2026-06-29 05:45:41,675 [WARNING] Failed to replay event 29: [Errno 32] Broken pipe
2026-06-29 05:45:41,675 [WARNING] Failed to replay event 30: [Errno 32] Broken pipe
2026-06-29 05:45:41,675 [WARNING] Failed to replay event 31: [Errno 32] Broken pipe
2026-06-29 05:45:41,675 [WARNING] Failed to replay event 32: [Errno 32] Broken pipe
2026-06-29 05:45:41,675 [WARNING] Failed to replay event 33: [Errno 32] Broken pipe
2026-06-29 05:45:41,675 [WARNING] Failed to replay event 34: [Errno 32] Broken pipe
2026-06-29 05:45:41,675 [WARNING] Failed to replay event 35: [Errno 32] Broken pipe
2026-06-29 05:45:41,675 [WARNING] Failed to replay event 36: [Errno 32] Broken pipe
2026-06-29 05:45:41,675 [INFO] handle_client: Entering receive loop
2026-06-29 05:45:41,675 [INFO] handle_client: Received empty data, client closed connection
2026-06-29 05:45:41,675 [INFO] Control Client disconnected
2026-06-29 05:45:42,131 [DEBUG] Received 10 bytes from BTS
2026-06-29 05:45:42,131 [DEBUG] Decoded IPA frame: proto=0x00, payload_len=7, consumed=10, payload_hex: 0c1201900fffff
2026-06-29 05:45:42,131 [DEBUG] RSL message: 0c1201900fffff
2026-06-29 05:45:42,131 [DEBUG] RSL discriminator: 0x0c, message type: 0x12, payload: 0c1201900fffff
2026-06-29 05:45:42,131 [DEBUG] Incomplete frame, buffer size: 0, buffer_hex: 
2026-06-29 05:45:42,318 [DEBUG] Received 10 bytes from BTS
2026-06-29 05:45:42,318 [DEBUG] Decoded IPA frame: proto=0x00, payload_len=7, consumed=10, payload_hex: 0c1201900fffff
2026-06-29 05:45:42,318 [DEBUG] RSL message: 0c1201900fffff
2026-06-29 05:45:42,318 [DEBUG] RSL discriminator: 0x0c, message type: 0x12, payload: 0c1201900fffff
2026-06-29 05:45:42,318 [DEBUG] Incomplete frame, buffer size: 0, buffer_hex: 
2026-06-29 05:45:42,937 [INFO] Control Client connected from ('10.42.0.1', 38522)
2026-06-29 05:45:42,937 [INFO] handle_client: Starting, client socket: 6
2026-06-29 05:45:42,937 [INFO] handle_client: WELCOME sent
2026-06-29 05:45:42,987 [INFO] Replaying 36 buffered event(s)
2026-06-29 05:45:42,988 [WARNING] Failed to replay event 1: [Errno 32] Broken pipe
2026-06-29 05:45:42,988 [WARNING] Failed to replay event 2: [Errno 32] Broken pipe
2026-06-29 05:45:42,988 [WARNING] Failed to replay event 3: [Errno 32] Broken pipe
2026-06-29 05:45:42,988 [WARNING] Failed to replay event 4: [Errno 32] Broken pipe
2026-06-29 05:45:42,988 [WARNING] Failed to replay event 5: [Errno 32] Broken pipe
2026-06-29 05:45:42,988 [WARNING] Failed to replay event 6: [Errno 32] Broken pipe
2026-06-29 05:45:42,988 [WARNING] Failed to replay event 7: [Errno 32] Broken pipe
2026-06-29 05:45:42,988 [WARNING] Failed to replay event 8: [Errno 32] Broken pipe
2026-06-29 05:45:42,988 [WARNING] Failed to replay event 9: [Errno 32] Broken pipe
2026-06-29 05:45:42,988 [WARNING] Failed to replay event 10: [Errno 32] Broken pipe
2026-06-29 05:45:42,988 [WARNING] Failed to replay event 11: [Errno 32] Broken pipe
2026-06-29 05:45:42,988 [WARNING] Failed to replay event 12: [Errno 32] Broken pipe
2026-06-29 05:45:42,988 [WARNING] Failed to replay event 13: [Errno 32] Broken pipe
2026-06-29 05:45:42,988 [WARNING] Failed to replay event 14: [Errno 32] Broken pipe
2026-06-29 05:45:42,988 [WARNING] Failed to replay event 15: [Errno 32] Broken pipe
2026-06-29 05:45:42,988 [WARNING] Failed to replay event 16: [Errno 32] Broken pipe
2026-06-29 05:45:42,988 [WARNING] Failed to replay event 17: [Errno 32] Broken pipe
2026-06-29 05:45:42,988 [WARNING] Failed to replay event 18: [Errno 32] Broken pipe
2026-06-29 05:45:42,988 [WARNING] Failed to replay event 19: [Errno 32] Broken pipe
2026-06-29 05:45:42,988 [WARNING] Failed to replay event 20: [Errno 32] Broken pipe
2026-06-29 05:45:42,988 [WARNING] Failed to replay event 21: [Errno 32] Broken pipe
2026-06-29 05:45:42,988 [WARNING] Failed to replay event 22: [Errno 32] Broken pipe
2026-06-29 05:45:42,988 [WARNING] Failed to replay event 23: [Errno 32] Broken pipe
2026-06-29 05:45:42,988 [WARNING] Failed to replay event 24: [Errno 32] Broken pipe
2026-06-29 05:45:42,988 [WARNING] Failed to replay event 25: [Errno 32] Broken pipe
2026-06-29 05:45:42,988 [WARNING] Failed to replay event 26: [Errno 32] Broken pipe
2026-06-29 05:45:42,988 [WARNING] Failed to replay event 27: [Errno 32] Broken pipe
2026-06-29 05:45:42,988 [WARNING] Failed to replay event 28: [Errno 32] Broken pipe
2026-06-29 05:45:42,988 [WARNING] Failed to replay event 29: [Errno 32] Broken pipe
2026-06-29 05:45:42,988 [WARNING] Failed to replay event 30: [Errno 32] Broken pipe
2026-06-29 05:45:42,988 [WARNING] Failed to replay event 31: [Errno 32] Broken pipe
2026-06-29 05:45:42,988 [WARNING] Failed to replay event 32: [Errno 32] Broken pipe
2026-06-29 05:45:42,988 [WARNING] Failed to replay event 33: [Errno 32] Broken pipe
2026-06-29 05:45:42,988 [WARNING] Failed to replay event 34: [Errno 32] Broken pipe
2026-06-29 05:45:42,988 [WARNING] Failed to replay event 35: [Errno 32] Broken pipe
2026-06-29 05:45:42,988 [WARNING] Failed to replay event 36: [Errno 32] Broken pipe
2026-06-29 05:45:42,988 [INFO] handle_client: Entering receive loop
2026-06-29 05:45:42,988 [INFO] handle_client: Received empty data, client closed connection
2026-06-29 05:45:42,988 [INFO] Control Client disconnected
2026-06-29 05:45:43,131 [DEBUG] Received 10 bytes from BTS
2026-06-29 05:45:43,132 [DEBUG] Decoded IPA frame: proto=0x00, payload_len=7, consumed=10, payload_hex: 0c1201900fffff
2026-06-29 05:45:43,132 [DEBUG] RSL message: 0c1201900fffff
2026-06-29 05:45:43,132 [DEBUG] RSL discriminator: 0x0c, message type: 0x12, payload: 0c1201900fffff
2026-06-29 05:45:43,132 [DEBUG] Incomplete frame, buffer size: 0, buffer_hex: 
2026-06-29 05:45:43,318 [DEBUG] Received 10 bytes from BTS
2026-06-29 05:45:43,318 [DEBUG] Decoded IPA frame: proto=0x00, payload_len=7, consumed=10, payload_hex: 0c1201900fffff
2026-06-29 05:45:43,318 [DEBUG] RSL message: 0c1201900fffff
2026-06-29 05:45:43,318 [DEBUG] RSL discriminator: 0x0c, message type: 0x12, payload: 0c1201900fffff
2026-06-29 05:45:43,318 [DEBUG] Incomplete frame, buffer size: 0, buffer_hex: 
2026-06-29 05:45:44,132 [DEBUG] Received 10 bytes from BTS
2026-06-29 05:45:44,132 [DEBUG] Decoded IPA frame: proto=0x00, payload_len=7, consumed=10, payload_hex: 0c1201900fffff
2026-06-29 05:45:44,132 [DEBUG] RSL message: 0c1201900fffff
2026-06-29 05:45:44,132 [DEBUG] RSL discriminator: 0x0c, message type: 0x12, payload: 0c1201900fffff
2026-06-29 05:45:44,132 [DEBUG] Incomplete frame, buffer size: 0, buffer_hex: 
2026-06-29 05:45:44,319 [DEBUG] Received 10 bytes from BTS
2026-06-29 05:45:44,319 [DEBUG] Decoded IPA frame: proto=0x00, payload_len=7, consumed=10, payload_hex: 0c1201900fffff
2026-06-29 05:45:44,319 [DEBUG] RSL message: 0c1201900fffff
2026-06-29 05:45:44,319 [DEBUG] RSL discriminator: 0x0c, message type: 0x12, payload: 0c1201900fffff
2026-06-29 05:45:44,319 [DEBUG] Incomplete frame, buffer size: 0, buffer_hex: 
2026-06-29 05:45:44,623 [INFO] Control Client connected from ('10.42.0.1', 38538)
2026-06-29 05:45:44,624 [INFO] handle_client: Starting, client socket: 12
2026-06-29 05:45:44,624 [INFO] handle_client: WELCOME sent
2026-06-29 05:45:44,674 [INFO] Replaying 36 buffered event(s)
2026-06-29 05:45:44,674 [WARNING] Failed to replay event 1: [Errno 32] Broken pipe
2026-06-29 05:45:44,674 [WARNING] Failed to replay event 2: [Errno 32] Broken pipe
2026-06-29 05:45:44,674 [WARNING] Failed to replay event 3: [Errno 32] Broken pipe
2026-06-29 05:45:44,674 [WARNING] Failed to replay event 4: [Errno 32] Broken pipe
2026-06-29 05:45:44,674 [WARNING] Failed to replay event 5: [Errno 32] Broken pipe
2026-06-29 05:45:44,674 [WARNING] Failed to replay event 6: [Errno 32] Broken pipe
2026-06-29 05:45:44,674 [WARNING] Failed to replay event 7: [Errno 32] Broken pipe
2026-06-29 05:45:44,674 [WARNING] Failed to replay event 8: [Errno 32] Broken pipe
2026-06-29 05:45:44,674 [WARNING] Failed to replay event 9: [Errno 32] Broken pipe
2026-06-29 05:45:44,674 [WARNING] Failed to replay event 10: [Errno 32] Broken pipe
2026-06-29 05:45:44,674 [WARNING] Failed to replay event 11: [Errno 32] Broken pipe
2026-06-29 05:45:44,674 [WARNING] Failed to replay event 12: [Errno 32] Broken pipe
2026-06-29 05:45:44,674 [WARNING] Failed to replay event 13: [Errno 32] Broken pipe
2026-06-29 05:45:44,674 [WARNING] Failed to replay event 14: [Errno 32] Broken pipe
2026-06-29 05:45:44,674 [WARNING] Failed to replay event 15: [Errno 32] Broken pipe
2026-06-29 05:45:44,674 [WARNING] Failed to replay event 16: [Errno 32] Broken pipe
2026-06-29 05:45:44,674 [WARNING] Failed to replay event 17: [Errno 32] Broken pipe
2026-06-29 05:45:44,674 [WARNING] Failed to replay event 18: [Errno 32] Broken pipe
2026-06-29 05:45:44,674 [WARNING] Failed to replay event 19: [Errno 32] Broken pipe
2026-06-29 05:45:44,674 [WARNING] Failed to replay event 20: [Errno 32] Broken pipe
2026-06-29 05:45:44,674 [WARNING] Failed to replay event 21: [Errno 32] Broken pipe
2026-06-29 05:45:44,674 [WARNING] Failed to replay event 22: [Errno 32] Broken pipe
2026-06-29 05:45:44,674 [WARNING] Failed to replay event 23: [Errno 32] Broken pipe
2026-06-29 05:45:44,674 [WARNING] Failed to replay event 24: [Errno 32] Broken pipe
2026-06-29 05:45:44,674 [WARNING] Failed to replay event 25: [Errno 32] Broken pipe
2026-06-29 05:45:44,674 [WARNING] Failed to replay event 26: [Errno 32] Broken pipe
2026-06-29 05:45:44,674 [WARNING] Failed to replay event 27: [Errno 32] Broken pipe
2026-06-29 05:45:44,675 [WARNING] Failed to replay event 28: [Errno 32] Broken pipe
2026-06-29 05:45:44,675 [WARNING] Failed to replay event 29: [Errno 32] Broken pipe
2026-06-29 05:45:44,675 [WARNING] Failed to replay event 30: [Errno 32] Broken pipe
2026-06-29 05:45:44,675 [WARNING] Failed to replay event 31: [Errno 32] Broken pipe
2026-06-29 05:45:44,675 [WARNING] Failed to replay event 32: [Errno 32] Broken pipe
2026-06-29 05:45:44,675 [WARNING] Failed to replay event 33: [Errno 32] Broken pipe
2026-06-29 05:45:44,675 [WARNING] Failed to replay event 34: [Errno 32] Broken pipe
2026-06-29 05:45:44,675 [WARNING] Failed to replay event 35: [Errno 32] Broken pipe
2026-06-29 05:45:44,675 [WARNING] Failed to replay event 36: [Errno 32] Broken pipe
2026-06-29 05:45:44,675 [INFO] handle_client: Entering receive loop
2026-06-29 05:45:44,675 [INFO] handle_client: Received empty data, client closed connection
2026-06-29 05:45:44,675 [INFO] Control Client disconnected
2026-06-29 05:45:45,132 [DEBUG] Received 10 bytes from BTS
2026-06-29 05:45:45,133 [DEBUG] Decoded IPA frame: proto=0x00, payload_len=7, consumed=10, payload_hex: 0c1201900fffff
2026-06-29 05:45:45,133 [DEBUG] RSL message: 0c1201900fffff
2026-06-29 05:45:45,133 [DEBUG] RSL discriminator: 0x0c, message type: 0x12, payload: 0c1201900fffff
2026-06-29 05:45:45,133 [DEBUG] Incomplete frame, buffer size: 0, buffer_hex: 
2026-06-29 05:45:45,320 [DEBUG] Received 10 bytes from BTS
2026-06-29 05:45:45,320 [DEBUG] Decoded IPA frame: proto=0x00, payload_len=7, consumed=10, payload_hex: 0c1201900fffff
2026-06-29 05:45:45,320 [DEBUG] RSL message: 0c1201900fffff
2026-06-29 05:45:45,320 [DEBUG] RSL discriminator: 0x0c, message type: 0x12, payload: 0c1201900fffff
2026-06-29 05:45:45,320 [DEBUG] Incomplete frame, buffer size: 0, buffer_hex: 
2026-06-29 05:45:46,133 [DEBUG] Received 10 bytes from BTS
2026-06-29 05:45:46,134 [DEBUG] Decoded IPA frame: proto=0x00, payload_len=7, consumed=10, payload_hex: 0c1201900fffff
2026-06-29 05:45:46,134 [DEBUG] RSL message: 0c1201900fffff
2026-06-29 05:45:46,134 [DEBUG] RSL discriminator: 0x0c, message type: 0x12, payload: 0c1201900fffff
2026-06-29 05:45:46,134 [DEBUG] Incomplete frame, buffer size: 0, buffer_hex: 
2026-06-29 05:45:46,321 [DEBUG] Received 10 bytes from BTS
2026-06-29 05:45:46,321 [DEBUG] Decoded IPA frame: proto=0x00, payload_len=7, consumed=10, payload_hex: 0c1201900fffff
2026-06-29 05:45:46,321 [DEBUG] RSL message: 0c1201900fffff
2026-06-29 05:45:46,321 [DEBUG] RSL discriminator: 0x0c, message type: 0x12, payload: 0c1201900fffff
2026-06-29 05:45:46,321 [DEBUG] Incomplete frame, buffer size: 0, buffer_hex: 
2026-06-29 05:45:47,135 [DEBUG] Received 10 bytes from BTS
2026-06-29 05:45:47,135 [DEBUG] Decoded IPA frame: proto=0x00, payload_len=7, consumed=10, payload_hex: 0c1201900fffff
2026-06-29 05:45:47,135 [DEBUG] RSL message: 0c1201900fffff
2026-06-29 05:45:47,135 [DEBUG] RSL discriminator: 0x0c, message type: 0x12, payload: 0c1201900fffff
2026-06-29 05:45:47,135 [DEBUG] Incomplete frame, buffer size: 0, buffer_hex: 
2026-06-29 05:45:47,322 [DEBUG] Received 10 bytes from BTS
2026-06-29 05:45:47,322 [DEBUG] Decoded IPA frame: proto=0x00, payload_len=7, consumed=10, payload_hex: 0c1201900fffff
2026-06-29 05:45:47,322 [DEBUG] RSL message: 0c1201900fffff
2026-06-29 05:45:47,322 [DEBUG] RSL discriminator: 0x0c, message type: 0x12, payload: 0c1201900fffff
2026-06-29 05:45:47,322 [DEBUG] Incomplete frame, buffer size: 0, buffer_hex: 
2026-06-29 05:45:47,623 [INFO] Control Client connected from ('10.42.0.1', 38548)
2026-06-29 05:45:47,623 [INFO] handle_client: Starting, client socket: 6
2026-06-29 05:45:47,623 [INFO] handle_client: WELCOME sent
2026-06-29 05:45:47,674 [INFO] Replaying 36 buffered event(s)
2026-06-29 05:45:47,674 [WARNING] Failed to replay event 1: [Errno 32] Broken pipe
2026-06-29 05:45:47,674 [WARNING] Failed to replay event 2: [Errno 32] Broken pipe
2026-06-29 05:45:47,674 [WARNING] Failed to replay event 3: [Errno 32] Broken pipe
2026-06-29 05:45:47,674 [WARNING] Failed to replay event 4: [Errno 32] Broken pipe
2026-06-29 05:45:47,674 [WARNING] Failed to replay event 5: [Errno 32] Broken pipe
2026-06-29 05:45:47,674 [WARNING] Failed to replay event 6: [Errno 32] Broken pipe
2026-06-29 05:45:47,674 [WARNING] Failed to replay event 7: [Errno 32] Broken pipe
2026-06-29 05:45:47,674 [WARNING] Failed to replay event 8: [Errno 32] Broken pipe
2026-06-29 05:45:47,674 [WARNING] Failed to replay event 9: [Errno 32] Broken pipe
2026-06-29 05:45:47,674 [WARNING] Failed to replay event 10: [Errno 32] Broken pipe
2026-06-29 05:45:47,674 [WARNING] Failed to replay event 11: [Errno 32] Broken pipe
2026-06-29 05:45:47,674 [WARNING] Failed to replay event 12: [Errno 32] Broken pipe
2026-06-29 05:45:47,674 [WARNING] Failed to replay event 13: [Errno 32] Broken pipe
2026-06-29 05:45:47,674 [WARNING] Failed to replay event 14: [Errno 32] Broken pipe
2026-06-29 05:45:47,674 [WARNING] Failed to replay event 15: [Errno 32] Broken pipe
2026-06-29 05:45:47,674 [WARNING] Failed to replay event 16: [Errno 32] Broken pipe
2026-06-29 05:45:47,674 [WARNING] Failed to replay event 17: [Errno 32] Broken pipe
2026-06-29 05:45:47,674 [WARNING] Failed to replay event 18: [Errno 32] Broken pipe
2026-06-29 05:45:47,674 [WARNING] Failed to replay event 19: [Errno 32] Broken pipe
2026-06-29 05:45:47,674 [WARNING] Failed to replay event 20: [Errno 32] Broken pipe
2026-06-29 05:45:47,674 [WARNING] Failed to replay event 21: [Errno 32] Broken pipe
2026-06-29 05:45:47,674 [WARNING] Failed to replay event 22: [Errno 32] Broken pipe
2026-06-29 05:45:47,674 [WARNING] Failed to replay event 23: [Errno 32] Broken pipe
2026-06-29 05:45:47,674 [WARNING] Failed to replay event 24: [Errno 32] Broken pipe
2026-06-29 05:45:47,674 [WARNING] Failed to replay event 25: [Errno 32] Broken pipe
2026-06-29 05:45:47,674 [WARNING] Failed to replay event 26: [Errno 32] Broken pipe
2026-06-29 05:45:47,674 [WARNING] Failed to replay event 27: [Errno 32] Broken pipe
2026-06-29 05:45:47,674 [WARNING] Failed to replay event 28: [Errno 32] Broken pipe
2026-06-29 05:45:47,674 [WARNING] Failed to replay event 29: [Errno 32] Broken pipe
2026-06-29 05:45:47,674 [WARNING] Failed to replay event 30: [Errno 32] Broken pipe
2026-06-29 05:45:47,674 [WARNING] Failed to replay event 31: [Errno 32] Broken pipe
2026-06-29 05:45:47,674 [WARNING] Failed to replay event 32: [Errno 32] Broken pipe
2026-06-29 05:45:47,674 [WARNING] Failed to replay event 33: [Errno 32] Broken pipe
2026-06-29 05:45:47,674 [WARNING] Failed to replay event 34: [Errno 32] Broken pipe
2026-06-29 05:45:47,674 [WARNING] Failed to replay event 35: [Errno 32] Broken pipe
2026-06-29 05:45:47,674 [WARNING] Failed to replay event 36: [Errno 32] Broken pipe
2026-06-29 05:45:47,674 [INFO] handle_client: Entering receive loop
2026-06-29 05:45:47,674 [INFO] handle_client: Received empty data, client closed connection
2026-06-29 05:45:47,674 [INFO] Control Client disconnected
2026-06-29 05:45:48,136 [DEBUG] Received 10 bytes from BTS
2026-06-29 05:45:48,136 [DEBUG] Decoded IPA frame: proto=0x00, payload_len=7, consumed=10, payload_hex: 0c1201900fffff
2026-06-29 05:45:48,136 [DEBUG] RSL message: 0c1201900fffff
2026-06-29 05:45:48,136 [DEBUG] RSL discriminator: 0x0c, message type: 0x12, payload: 0c1201900fffff
2026-06-29 05:45:48,136 [DEBUG] Incomplete frame, buffer size: 0, buffer_hex: 
2026-06-29 05:45:48,322 [DEBUG] Received 10 bytes from BTS
2026-06-29 05:45:48,322 [DEBUG] Decoded IPA frame: proto=0x00, payload_len=7, consumed=10, payload_hex: 0c1201900fffff
2026-06-29 05:45:48,323 [DEBUG] RSL message: 0c1201900fffff
2026-06-29 05:45:48,323 [DEBUG] RSL discriminator: 0x0c, message type: 0x12, payload: 0c1201900fffff
2026-06-29 05:45:48,323 [DEBUG] Incomplete frame, buffer size: 0, buffer_hex: 
2026-06-29 05:45:49,136 [DEBUG] Received 10 bytes from BTS
2026-06-29 05:45:49,136 [DEBUG] Decoded IPA frame: proto=0x00, payload_len=7, consumed=10, payload_hex: 0c1201900fffff
2026-06-29 05:45:49,136 [DEBUG] RSL message: 0c1201900fffff
2026-06-29 05:45:49,136 [DEBUG] RSL discriminator: 0x0c, message type: 0x12, payload: 0c1201900fffff
2026-06-29 05:45:49,136 [DEBUG] Incomplete frame, buffer size: 0, buffer_hex: 
2026-06-29 05:45:49,323 [DEBUG] Received 10 bytes from BTS
2026-06-29 05:45:49,323 [DEBUG] Decoded IPA frame: proto=0x00, payload_len=7, consumed=10, payload_hex: 0c1201900fffff
2026-06-29 05:45:49,323 [DEBUG] RSL message: 0c1201900fffff
2026-06-29 05:45:49,323 [DEBUG] RSL discriminator: 0x0c, message type: 0x12, payload: 0c1201900fffff
2026-06-29 05:45:49,323 [DEBUG] Incomplete frame, buffer size: 0, buffer_hex: 
2026-06-29 05:45:50,136 [DEBUG] Received 10 bytes from BTS
2026-06-29 05:45:50,136 [DEBUG] Decoded IPA frame: proto=0x00, payload_len=7, consumed=10, payload_hex: 0c1201900fffff
2026-06-29 05:45:50,136 [DEBUG] RSL message: 0c1201900fffff
2026-06-29 05:45:50,136 [DEBUG] RSL discriminator: 0x0c, message type: 0x12, payload: 0c1201900fffff
2026-06-29 05:45:50,136 [DEBUG] Incomplete frame, buffer size: 0, buffer_hex: 
2026-06-29 05:45:50,323 [DEBUG] Received 10 bytes from BTS
2026-06-29 05:45:50,323 [DEBUG] Decoded IPA frame: proto=0x00, payload_len=7, consumed=10, payload_hex: 0c1201900fffff
2026-06-29 05:45:50,323 [DEBUG] RSL message: 0c1201900fffff
2026-06-29 05:45:50,323 [DEBUG] RSL discriminator: 0x0c, message type: 0x12, payload: 0c1201900fffff
2026-06-29 05:45:50,323 [DEBUG] Incomplete frame, buffer size: 0, buffer_hex: 
2026-06-29 05:45:50,623 [INFO] Control Client connected from ('10.42.0.1', 38556)
2026-06-29 05:45:50,623 [INFO] handle_client: Starting, client socket: 12
2026-06-29 05:45:50,624 [INFO] handle_client: WELCOME sent
2026-06-29 05:45:50,674 [INFO] Replaying 36 buffered event(s)
2026-06-29 05:45:50,674 [WARNING] Failed to replay event 1: [Errno 32] Broken pipe
2026-06-29 05:45:50,674 [WARNING] Failed to replay event 2: [Errno 32] Broken pipe
2026-06-29 05:45:50,674 [WARNING] Failed to replay event 3: [Errno 32] Broken pipe
2026-06-29 05:45:50,674 [WARNING] Failed to replay event 4: [Errno 32] Broken pipe
2026-06-29 05:45:50,674 [WARNING] Failed to replay event 5: [Errno 32] Broken pipe
2026-06-29 05:45:50,674 [WARNING] Failed to replay event 6: [Errno 32] Broken pipe
2026-06-29 05:45:50,674 [WARNING] Failed to replay event 7: [Errno 32] Broken pipe
2026-06-29 05:45:50,674 [WARNING] Failed to replay event 8: [Errno 32] Broken pipe
2026-06-29 05:45:50,674 [WARNING] Failed to replay event 9: [Errno 32] Broken pipe
2026-06-29 05:45:50,674 [WARNING] Failed to replay event 10: [Errno 32] Broken pipe
2026-06-29 05:45:50,674 [WARNING] Failed to replay event 11: [Errno 32] Broken pipe
2026-06-29 05:45:50,674 [WARNING] Failed to replay event 12: [Errno 32] Broken pipe
2026-06-29 05:45:50,674 [WARNING] Failed to replay event 13: [Errno 32] Broken pipe
2026-06-29 05:45:50,674 [WARNING] Failed to replay event 14: [Errno 32] Broken pipe
2026-06-29 05:45:50,674 [WARNING] Failed to replay event 15: [Errno 32] Broken pipe
2026-06-29 05:45:50,674 [WARNING] Failed to replay event 16: [Errno 32] Broken pipe
2026-06-29 05:45:50,674 [WARNING] Failed to replay event 17: [Errno 32] Broken pipe
2026-06-29 05:45:50,674 [WARNING] Failed to replay event 18: [Errno 32] Broken pipe
2026-06-29 05:45:50,674 [WARNING] Failed to replay event 19: [Errno 32] Broken pipe
2026-06-29 05:45:50,674 [WARNING] Failed to replay event 20: [Errno 32] Broken pipe
2026-06-29 05:45:50,674 [WARNING] Failed to replay event 21: [Errno 32] Broken pipe
2026-06-29 05:45:50,674 [WARNING] Failed to replay event 22: [Errno 32] Broken pipe
2026-06-29 05:45:50,674 [WARNING] Failed to replay event 23: [Errno 32] Broken pipe
2026-06-29 05:45:50,674 [WARNING] Failed to replay event 24: [Errno 32] Broken pipe
2026-06-29 05:45:50,675 [WARNING] Failed to replay event 25: [Errno 32] Broken pipe
2026-06-29 05:45:50,675 [WARNING] Failed to replay event 26: [Errno 32] Broken pipe
2026-06-29 05:45:50,675 [WARNING] Failed to replay event 27: [Errno 32] Broken pipe
2026-06-29 05:45:50,675 [WARNING] Failed to replay event 28: [Errno 32] Broken pipe
2026-06-29 05:45:50,675 [WARNING] Failed to replay event 29: [Errno 32] Broken pipe
2026-06-29 05:45:50,675 [WARNING] Failed to replay event 30: [Errno 32] Broken pipe
2026-06-29 05:45:50,675 [WARNING] Failed to replay event 31: [Errno 32] Broken pipe
2026-06-29 05:45:50,675 [WARNING] Failed to replay event 32: [Errno 32] Broken pipe
2026-06-29 05:45:50,675 [WARNING] Failed to replay event 33: [Errno 32] Broken pipe
2026-06-29 05:45:50,675 [WARNING] Failed to replay event 34: [Errno 32] Broken pipe
2026-06-29 05:45:50,675 [WARNING] Failed to replay event 35: [Errno 32] Broken pipe
2026-06-29 05:45:50,675 [WARNING] Failed to replay event 36: [Errno 32] Broken pipe
2026-06-29 05:45:50,675 [INFO] handle_client: Entering receive loop
2026-06-29 05:45:50,675 [INFO] handle_client: Received empty data, client closed connection
2026-06-29 05:45:50,675 [INFO] Control Client disconnected
2026-06-29 05:45:51,137 [DEBUG] Received 10 bytes from BTS
2026-06-29 05:45:51,137 [DEBUG] Decoded IPA frame: proto=0x00, payload_len=7, consumed=10, payload_hex: 0c1201900fffff
2026-06-29 05:45:51,137 [DEBUG] RSL message: 0c1201900fffff
2026-06-29 05:45:51,137 [DEBUG] RSL discriminator: 0x0c, message type: 0x12, payload: 0c1201900fffff
2026-06-29 05:45:51,137 [DEBUG] Incomplete frame, buffer size: 0, buffer_hex: 
2026-06-29 05:45:51,323 [DEBUG] Received 10 bytes from BTS
2026-06-29 05:45:51,323 [DEBUG] Decoded IPA frame: proto=0x00, payload_len=7, consumed=10, payload_hex: 0c1201900fffff
2026-06-29 05:45:51,323 [DEBUG] RSL message: 0c1201900fffff
2026-06-29 05:45:51,323 [DEBUG] RSL discriminator: 0x0c, message type: 0x12, payload: 0c1201900fffff
2026-06-29 05:45:51,323 [DEBUG] Incomplete frame, buffer size: 0, buffer_hex: 
2026-06-29 05:45:52,136 [DEBUG] Received 10 bytes from BTS
2026-06-29 05:45:52,136 [DEBUG] Decoded IPA frame: proto=0x00, payload_len=7, consumed=10, payload_hex: 0c1201900fffff
2026-06-29 05:45:52,136 [DEBUG] RSL message: 0c1201900fffff
2026-06-29 05:45:52,136 [DEBUG] RSL discriminator: 0x0c, message type: 0x12, payload: 0c1201900fffff
2026-06-29 05:45:52,136 [DEBUG] Incomplete frame, buffer size: 0, buffer_hex: 
2026-06-29 05:45:52,324 [DEBUG] Received 10 bytes from BTS
2026-06-29 05:45:52,324 [DEBUG] Decoded IPA frame: proto=0x00, payload_len=7, consumed=10, payload_hex: 0c1201900fffff
2026-06-29 05:45:52,324 [DEBUG] RSL message: 0c1201900fffff
2026-06-29 05:45:52,324 [DEBUG] RSL discriminator: 0x0c, message type: 0x12, payload: 0c1201900fffff
2026-06-29 05:45:52,324 [DEBUG] Incomplete frame, buffer size: 0, buffer_hex: 
2026-06-29 05:45:52,936 [INFO] Control Client connected from ('10.42.0.1', 47650)
2026-06-29 05:45:52,937 [INFO] handle_client: Starting, client socket: 6
2026-06-29 05:45:52,937 [INFO] handle_client: WELCOME sent
2026-06-29 05:45:52,987 [INFO] Replaying 36 buffered event(s)
2026-06-29 05:45:52,987 [WARNING] Failed to replay event 1: [Errno 32] Broken pipe
2026-06-29 05:45:52,987 [WARNING] Failed to replay event 2: [Errno 32] Broken pipe
2026-06-29 05:45:52,987 [WARNING] Failed to replay event 3: [Errno 32] Broken pipe
2026-06-29 05:45:52,987 [WARNING] Failed to replay event 4: [Errno 32] Broken pipe
2026-06-29 05:45:52,987 [WARNING] Failed to replay event 5: [Errno 32] Broken pipe
2026-06-29 05:45:52,987 [WARNING] Failed to replay event 6: [Errno 32] Broken pipe
2026-06-29 05:45:52,987 [WARNING] Failed to replay event 7: [Errno 32] Broken pipe
2026-06-29 05:45:52,987 [WARNING] Failed to replay event 8: [Errno 32] Broken pipe
2026-06-29 05:45:52,987 [WARNING] Failed to replay event 9: [Errno 32] Broken pipe
2026-06-29 05:45:52,987 [WARNING] Failed to replay event 10: [Errno 32] Broken pipe
2026-06-29 05:45:52,987 [WARNING] Failed to replay event 11: [Errno 32] Broken pipe
2026-06-29 05:45:52,987 [WARNING] Failed to replay event 12: [Errno 32] Broken pipe
2026-06-29 05:45:52,987 [WARNING] Failed to replay event 13: [Errno 32] Broken pipe
2026-06-29 05:45:52,987 [WARNING] Failed to replay event 14: [Errno 32] Broken pipe
2026-06-29 05:45:52,987 [WARNING] Failed to replay event 15: [Errno 32] Broken pipe
2026-06-29 05:45:52,987 [WARNING] Failed to replay event 16: [Errno 32] Broken pipe
2026-06-29 05:45:52,987 [WARNING] Failed to replay event 17: [Errno 32] Broken pipe
2026-06-29 05:45:52,987 [WARNING] Failed to replay event 18: [Errno 32] Broken pipe
2026-06-29 05:45:52,987 [WARNING] Failed to replay event 19: [Errno 32] Broken pipe
2026-06-29 05:45:52,987 [WARNING] Failed to replay event 20: [Errno 32] Broken pipe
2026-06-29 05:45:52,987 [WARNING] Failed to replay event 21: [Errno 32] Broken pipe
2026-06-29 05:45:52,987 [WARNING] Failed to replay event 22: [Errno 32] Broken pipe
2026-06-29 05:45:52,987 [WARNING] Failed to replay event 23: [Errno 32] Broken pipe
2026-06-29 05:45:52,987 [WARNING] Failed to replay event 24: [Errno 32] Broken pipe
2026-06-29 05:45:52,987 [WARNING] Failed to replay event 25: [Errno 32] Broken pipe
2026-06-29 05:45:52,987 [WARNING] Failed to replay event 26: [Errno 32] Broken pipe
2026-06-29 05:45:52,987 [WARNING] Failed to replay event 27: [Errno 32] Broken pipe
2026-06-29 05:45:52,987 [WARNING] Failed to replay event 28: [Errno 32] Broken pipe
2026-06-29 05:45:52,987 [WARNING] Failed to replay event 29: [Errno 32] Broken pipe
2026-06-29 05:45:52,987 [WARNING] Failed to replay event 30: [Errno 32] Broken pipe
2026-06-29 05:45:52,987 [WARNING] Failed to replay event 31: [Errno 32] Broken pipe
2026-06-29 05:45:52,988 [WARNING] Failed to replay event 32: [Errno 32] Broken pipe
2026-06-29 05:45:52,988 [WARNING] Failed to replay event 33: [Errno 32] Broken pipe
2026-06-29 05:45:52,988 [WARNING] Failed to replay event 34: [Errno 32] Broken pipe
2026-06-29 05:45:52,988 [WARNING] Failed to replay event 35: [Errno 32] Broken pipe
2026-06-29 05:45:52,988 [WARNING] Failed to replay event 36: [Errno 32] Broken pipe
2026-06-29 05:45:52,988 [INFO] handle_client: Entering receive loop
2026-06-29 05:45:52,988 [INFO] handle_client: Received empty data, client closed connection
2026-06-29 05:45:52,988 [INFO] Control Client disconnected
2026-06-29 05:45:53,137 [DEBUG] Received 10 bytes from BTS
2026-06-29 05:45:53,137 [DEBUG] Decoded IPA frame: proto=0x00, payload_len=7, consumed=10, payload_hex: 0c1201900fffff
2026-06-29 05:45:53,137 [DEBUG] RSL message: 0c1201900fffff
2026-06-29 05:45:53,137 [DEBUG] RSL discriminator: 0x0c, message type: 0x12, payload: 0c1201900fffff
2026-06-29 05:45:53,137 [DEBUG] Incomplete frame, buffer size: 0, buffer_hex: 
2026-06-29 05:45:53,191 [DEBUG] Received 13 bytes from BTS
2026-06-29 05:45:53,191 [DEBUG] Decoded IPA frame: proto=0x00, payload_len=10, consumed=13, payload_hex: 0c1301881303fb061100
2026-06-29 05:45:53,191 [DEBUG] RSL message: 0c1301881303fb061100
2026-06-29 05:45:53,191 [DEBUG] RSL discriminator: 0x0c, message type: 0x13, payload: 0c1301881303fb061100
2026-06-29 05:45:53,191 [INFO] BTS 4242/0/0: CHAN_RQD received - RA=3, FN=41736, payload: 0c1301881303fb061100
2026-06-29 05:45:53,192 [INFO] CHAN_RQD: RA=3 FN=41736 BTS=4242/0/0
2026-06-29 05:45:53,192 [INFO] DEBUG: auto_respond=True
2026-06-29 05:45:53,192 [INFO] Auto-respond has ENABLED - sending CHAN_ACTIV then IMMEDIATE ASSIGNMENT EXTENDED
2026-06-29 05:45:53,192 [INFO] Auto-respond: selected chan_nr=0x20 (active=[])
2026-06-29 05:45:53,192 [DEBUG] Sending RSL message (22 bytes)
2026-06-29 05:45:53,192 [DEBUG] Sending 25 bytes to BTS 4242/0/0
2026-06-29 05:45:53,192 [INFO] Auto-respond: Sent CHAN_ACTIV for chan_nr=0x20
2026-06-29 05:45:53,192 [INFO] Sending CHAN_RQD event to control server: RA=3, FN_enc=64262
2026-06-29 05:45:53,192 [DEBUG] Sent event: CHAN_RQD to 1 client(s)
2026-06-29 05:45:53,192 [DEBUG] Incomplete frame, buffer size: 0, buffer_hex: 
2026-06-29 05:45:53,192 [DEBUG] Received 10 bytes from BTS
2026-06-29 05:45:53,192 [DEBUG] Decoded IPA frame: proto=0x00, payload_len=7, consumed=10, payload_hex: 0822012008f849
2026-06-29 05:45:53,192 [DEBUG] RSL message: 0822012008f849
2026-06-29 05:45:53,192 [DEBUG] RSL discriminator: 0x08, message type: 0x22, payload: 0822012008f849
2026-06-29 05:45:53,192 [INFO] CHAN_ACTIV_ACK received for chan_nr=0x20
2026-06-29 05:45:53,192 [DEBUG] Incomplete frame, buffer size: 0, buffer_hex: 
2026-06-29 05:45:53,192 [INFO] CHAN_ACTIV_ACK received for chan_nr=0x20, sending IMM_ASS_EXT
2026-06-29 05:45:53,192 [INFO] Auto-respond IMM_ASS_EXT: ARFCN=51 chan_nr=0x20 (BTS 4242/0/0)
2026-06-29 05:45:53,192 [INFO] Auto-respond IMM_ASS_EXT (19 bytes): 0606390020e03303fb0600ffe033ff00000000
2026-06-29 05:45:53,192 [DEBUG] Encoded IMMEDIATE ASSIGNMENT CMD: 29 bytes, RR msg: 19 bytes padded to 23
2026-06-29 05:45:53,192 [DEBUG] Sending RSL message (29 bytes)
2026-06-29 05:45:53,192 [DEBUG] Sending 32 bytes to BTS 4242/0/0
2026-06-29 05:45:53,193 [INFO] Auto-respond: Sent IMMEDIATE ASSIGNMENT CMD after CHAN_ACTIV_ACK
2026-06-29 05:45:53,324 [DEBUG] Received 10 bytes from BTS
2026-06-29 05:45:53,324 [DEBUG] Decoded IPA frame: proto=0x00, payload_len=7, consumed=10, payload_hex: 0c1201900fffff
2026-06-29 05:45:53,324 [DEBUG] RSL message: 0c1201900fffff
2026-06-29 05:45:53,324 [DEBUG] RSL discriminator: 0x0c, message type: 0x12, payload: 0c1201900fffff
2026-06-29 05:45:53,324 [DEBUG] Incomplete frame, buffer size: 0, buffer_hex: 
2026-06-29 05:45:53,427 [DEBUG] Received 30 bytes from BTS
2026-06-29 05:45:53,427 [DEBUG] Decoded IPA frame: proto=0x00, payload_len=27, consumed=30, payload_hex: 0206012002000b001205087009f107000033089910070000000010
2026-06-29 05:45:53,427 [DEBUG] RSL message: 0206012002000b001205087009f107000033089910070000000010
2026-06-29 05:45:53,427 [DEBUG] RSL discriminator: 0x02, message type: 0x06, payload: 0206012002000b001205087009f10700
2026-06-29 05:45:53,427 [INFO] ESTABLISH_IND: chan_nr=0x20, L3=05087009f107000033089910070000000010
2026-06-29 05:45:53,427 [DEBUG] Sent event: ESTABLISH_IND to 1 client(s)
2026-06-29 05:45:53,427 [INFO] ESTABLISH_IND: LU REQUEST detected, emitting EVENT_LU_REQUEST chan_nr=0x20
2026-06-29 05:45:53,427 [DEBUG] Sent event: EVENT_LU_REQUEST to 1 client(s)
2026-06-29 05:45:53,427 [DEBUG] Incomplete frame, buffer size: 0, buffer_hex: 
2026-06-29 05:45:53,623 [INFO] Control Client connected from ('10.42.0.1', 47666)
2026-06-29 05:45:53,624 [INFO] handle_client: Starting, client socket: 12
2026-06-29 05:45:53,624 [INFO] handle_client: WELCOME sent
2026-06-29 05:45:53,674 [INFO] Replaying 36 buffered event(s)
2026-06-29 05:45:53,674 [WARNING] Failed to replay event 1: [Errno 32] Broken pipe
2026-06-29 05:45:53,674 [WARNING] Failed to replay event 2: [Errno 32] Broken pipe
2026-06-29 05:45:53,674 [WARNING] Failed to replay event 3: [Errno 32] Broken pipe
2026-06-29 05:45:53,674 [WARNING] Failed to replay event 4: [Errno 32] Broken pipe
2026-06-29 05:45:53,674 [WARNING] Failed to replay event 5: [Errno 32] Broken pipe
2026-06-29 05:45:53,674 [WARNING] Failed to replay event 6: [Errno 32] Broken pipe
2026-06-29 05:45:53,675 [WARNING] Failed to replay event 7: [Errno 32] Broken pipe
2026-06-29 05:45:53,675 [WARNING] Failed to replay event 8: [Errno 32] Broken pipe
2026-06-29 05:45:53,675 [WARNING] Failed to replay event 9: [Errno 32] Broken pipe
2026-06-29 05:45:53,675 [WARNING] Failed to replay event 10: [Errno 32] Broken pipe
2026-06-29 05:45:53,675 [WARNING] Failed to replay event 11: [Errno 32] Broken pipe
2026-06-29 05:45:53,675 [WARNING] Failed to replay event 12: [Errno 32] Broken pipe
2026-06-29 05:45:53,675 [WARNING] Failed to replay event 13: [Errno 32] Broken pipe
2026-06-29 05:45:53,675 [WARNING] Failed to replay event 14: [Errno 32] Broken pipe
2026-06-29 05:45:53,675 [WARNING] Failed to replay event 15: [Errno 32] Broken pipe
2026-06-29 05:45:53,675 [WARNING] Failed to replay event 16: [Errno 32] Broken pipe
2026-06-29 05:45:53,675 [WARNING] Failed to replay event 17: [Errno 32] Broken pipe
2026-06-29 05:45:53,675 [WARNING] Failed to replay event 18: [Errno 32] Broken pipe
2026-06-29 05:45:53,675 [WARNING] Failed to replay event 19: [Errno 32] Broken pipe
2026-06-29 05:45:53,675 [WARNING] Failed to replay event 20: [Errno 32] Broken pipe
2026-06-29 05:45:53,675 [WARNING] Failed to replay event 21: [Errno 32] Broken pipe
2026-06-29 05:45:53,675 [WARNING] Failed to replay event 22: [Errno 32] Broken pipe
2026-06-29 05:45:53,675 [WARNING] Failed to replay event 23: [Errno 32] Broken pipe
2026-06-29 05:45:53,675 [WARNING] Failed to replay event 24: [Errno 32] Broken pipe
2026-06-29 05:45:53,675 [WARNING] Failed to replay event 25: [Errno 32] Broken pipe
2026-06-29 05:45:53,675 [WARNING] Failed to replay event 26: [Errno 32] Broken pipe
2026-06-29 05:45:53,675 [WARNING] Failed to replay event 27: [Errno 32] Broken pipe
2026-06-29 05:45:53,676 [WARNING] Failed to replay event 28: [Errno 32] Broken pipe
2026-06-29 05:45:53,676 [WARNING] Failed to replay event 29: [Errno 32] Broken pipe
2026-06-29 05:45:53,676 [WARNING] Failed to replay event 30: [Errno 32] Broken pipe
2026-06-29 05:45:53,676 [WARNING] Failed to replay event 31: [Errno 32] Broken pipe
2026-06-29 05:45:53,676 [WARNING] Failed to replay event 32: [Errno 32] Broken pipe
2026-06-29 05:45:53,676 [WARNING] Failed to replay event 33: [Errno 32] Broken pipe
2026-06-29 05:45:53,676 [WARNING] Failed to replay event 34: [Errno 32] Broken pipe
2026-06-29 05:45:53,676 [WARNING] Failed to replay event 35: [Errno 32] Broken pipe
2026-06-29 05:45:53,676 [WARNING] Failed to replay event 36: [Errno 32] Broken pipe
2026-06-29 05:45:53,676 [INFO] handle_client: Entering receive loop
2026-06-29 05:45:53,676 [INFO] handle_client: Received empty data, client closed connection
2026-06-29 05:45:53,676 [INFO] Control Client disconnected
2026-06-29 05:45:54,138 [DEBUG] Received 10 bytes from BTS
2026-06-29 05:45:54,138 [DEBUG] Decoded IPA frame: proto=0x00, payload_len=7, consumed=10, payload_hex: 0c1201900fffff
2026-06-29 05:45:54,138 [DEBUG] RSL message: 0c1201900fffff
2026-06-29 05:45:54,138 [DEBUG] RSL discriminator: 0x0c, message type: 0x12, payload: 0c1201900fffff
2026-06-29 05:45:54,138 [DEBUG] Incomplete frame, buffer size: 0, buffer_hex: 
2026-06-29 05:45:54,325 [DEBUG] Received 10 bytes from BTS
2026-06-29 05:45:54,325 [DEBUG] Decoded IPA frame: proto=0x00, payload_len=7, consumed=10, payload_hex: 0c1201900fffff
2026-06-29 05:45:54,325 [DEBUG] RSL message: 0c1201900fffff
2026-06-29 05:45:54,325 [DEBUG] RSL discriminator: 0x0c, message type: 0x12, payload: 0c1201900fffff
2026-06-29 05:45:54,325 [DEBUG] Incomplete frame, buffer size: 0, buffer_hex: 
2026-06-29 05:45:54,368 [DEBUG] Received 42 bytes from BTS
2026-06-29 05:45:54,369 [DEBUG] Decoded IPA frame: proto=0x00, payload_len=39, consumed=42, payload_hex: 082801201b001903013f3f04000a98000b001206153f3f01c0000000000000000000000000253f
2026-06-29 05:45:54,369 [DEBUG] RSL message: 082801201b001903013f3f04000a98000b001206153f3f01c0000000000000000000000000253f
2026-06-29 05:45:54,369 [DEBUG] RSL discriminator: 0x08, message type: 0x28, payload: 082801201b001903013f3f04000a9800
2026-06-29 05:45:54,369 [INFO] MEAS_RES: chan_nr=0x20, ncells=0
2026-06-29 05:45:54,369 [DEBUG] Sent event: MEAS_RES to 1 client(s)
2026-06-29 05:45:54,369 [DEBUG] Incomplete frame, buffer size: 0, buffer_hex: 
2026-06-29 05:45:55,138 [DEBUG] Received 10 bytes from BTS
2026-06-29 05:45:55,138 [DEBUG] Decoded IPA frame: proto=0x00, payload_len=7, consumed=10, payload_hex: 0c1201900fffff
2026-06-29 05:45:55,138 [DEBUG] RSL message: 0c1201900fffff
2026-06-29 05:45:55,139 [DEBUG] RSL discriminator: 0x0c, message type: 0x12, payload: 0c1201900fffff
2026-06-29 05:45:55,139 [DEBUG] Incomplete frame, buffer size: 0, buffer_hex: 
2026-06-29 05:45:55,310 [DEBUG] Received 42 bytes from BTS
2026-06-29 05:45:55,310 [DEBUG] Decoded IPA frame: proto=0x00, payload_len=39, consumed=42, payload_hex: 082801201b011903013f3f04000a98000b001206153f3f01c0000000000000000000000000253f
2026-06-29 05:45:55,310 [DEBUG] RSL message: 082801201b011903013f3f04000a98000b001206153f3f01c0000000000000000000000000253f
2026-06-29 05:45:55,310 [DEBUG] RSL discriminator: 0x08, message type: 0x28, payload: 082801201b011903013f3f04000a9800
2026-06-29 05:45:55,310 [INFO] MEAS_RES: chan_nr=0x20, ncells=0
2026-06-29 05:45:55,310 [DEBUG] Sent event: MEAS_RES to 1 client(s)
2026-06-29 05:45:55,310 [DEBUG] Incomplete frame, buffer size: 0, buffer_hex: 
2026-06-29 05:45:55,325 [DEBUG] Received 10 bytes from BTS
2026-06-29 05:45:55,326 [DEBUG] Decoded IPA frame: proto=0x00, payload_len=7, consumed=10, payload_hex: 0c1201900fffff
2026-06-29 05:45:55,326 [DEBUG] RSL message: 0c1201900fffff
2026-06-29 05:45:55,326 [DEBUG] RSL discriminator: 0x0c, message type: 0x12, payload: 0c1201900fffff
2026-06-29 05:45:55,326 [DEBUG] Incomplete frame, buffer size: 0, buffer_hex: 
2026-06-29 05:45:56,140 [DEBUG] Received 10 bytes from BTS
2026-06-29 05:45:56,140 [DEBUG] Decoded IPA frame: proto=0x00, payload_len=7, consumed=10, payload_hex: 0c1201900fffff
2026-06-29 05:45:56,140 [DEBUG] RSL message: 0c1201900fffff
2026-06-29 05:45:56,140 [DEBUG] RSL discriminator: 0x0c, message type: 0x12, payload: 0c1201900fffff
2026-06-29 05:45:56,140 [DEBUG] Incomplete frame, buffer size: 0, buffer_hex: 
2026-06-29 05:45:56,251 [DEBUG] Received 42 bytes from BTS
2026-06-29 05:45:56,251 [DEBUG] Decoded IPA frame: proto=0x00, payload_len=39, consumed=42, payload_hex: 082801201b021903013f3f04000a98000b001206153f3f01c0000000000000000000000000253f
2026-06-29 05:45:56,251 [DEBUG] RSL message: 082801201b021903013f3f04000a98000b001206153f3f01c0000000000000000000000000253f
2026-06-29 05:45:56,251 [DEBUG] RSL discriminator: 0x08, message type: 0x28, payload: 082801201b021903013f3f04000a9800
2026-06-29 05:45:56,251 [INFO] MEAS_RES: chan_nr=0x20, ncells=0
2026-06-29 05:45:56,251 [DEBUG] Sent event: MEAS_RES to 1 client(s)
2026-06-29 05:45:56,251 [DEBUG] Incomplete frame, buffer size: 0, buffer_hex: 
2026-06-29 05:45:56,326 [DEBUG] Received 10 bytes from BTS
2026-06-29 05:45:56,326 [DEBUG] Decoded IPA frame: proto=0x00, payload_len=7, consumed=10, payload_hex: 0c1201900fffff
2026-06-29 05:45:56,326 [DEBUG] RSL message: 0c1201900fffff
2026-06-29 05:45:56,326 [DEBUG] RSL discriminator: 0x0c, message type: 0x12, payload: 0c1201900fffff
2026-06-29 05:45:56,327 [DEBUG] Incomplete frame, buffer size: 0, buffer_hex: 
2026-06-29 05:45:56,623 [INFO] Control Client connected from ('10.42.0.1', 47674)
2026-06-29 05:45:56,623 [INFO] handle_client: Starting, client socket: 6
2026-06-29 05:45:56,623 [INFO] handle_client: WELCOME sent
2026-06-29 05:45:56,674 [INFO] Replaying 36 buffered event(s)
2026-06-29 05:45:56,674 [WARNING] Failed to replay event 1: [Errno 32] Broken pipe
2026-06-29 05:45:56,674 [WARNING] Failed to replay event 2: [Errno 32] Broken pipe
2026-06-29 05:45:56,674 [WARNING] Failed to replay event 3: [Errno 32] Broken pipe
2026-06-29 05:45:56,674 [WARNING] Failed to replay event 4: [Errno 32] Broken pipe
2026-06-29 05:45:56,674 [WARNING] Failed to replay event 5: [Errno 32] Broken pipe
2026-06-29 05:45:56,674 [WARNING] Failed to replay event 6: [Errno 32] Broken pipe
2026-06-29 05:45:56,674 [WARNING] Failed to replay event 7: [Errno 32] Broken pipe
2026-06-29 05:45:56,674 [WARNING] Failed to replay event 8: [Errno 32] Broken pipe
2026-06-29 05:45:56,674 [WARNING] Failed to replay event 9: [Errno 32] Broken pipe
2026-06-29 05:45:56,674 [WARNING] Failed to replay event 10: [Errno 32] Broken pipe
2026-06-29 05:45:56,674 [WARNING] Failed to replay event 11: [Errno 32] Broken pipe
2026-06-29 05:45:56,674 [WARNING] Failed to replay event 12: [Errno 32] Broken pipe
2026-06-29 05:45:56,674 [WARNING] Failed to replay event 13: [Errno 32] Broken pipe
2026-06-29 05:45:56,674 [WARNING] Failed to replay event 14: [Errno 32] Broken pipe
2026-06-29 05:45:56,674 [WARNING] Failed to replay event 15: [Errno 32] Broken pipe
2026-06-29 05:45:56,674 [WARNING] Failed to replay event 16: [Errno 32] Broken pipe
2026-06-29 05:45:56,674 [WARNING] Failed to replay event 17: [Errno 32] Broken pipe
2026-06-29 05:45:56,674 [WARNING] Failed to replay event 18: [Errno 32] Broken pipe
2026-06-29 05:45:56,674 [WARNING] Failed to replay event 19: [Errno 32] Broken pipe
2026-06-29 05:45:56,674 [WARNING] Failed to replay event 20: [Errno 32] Broken pipe
2026-06-29 05:45:56,674 [WARNING] Failed to replay event 21: [Errno 32] Broken pipe
2026-06-29 05:45:56,674 [WARNING] Failed to replay event 22: [Errno 32] Broken pipe
2026-06-29 05:45:56,674 [WARNING] Failed to replay event 23: [Errno 32] Broken pipe
2026-06-29 05:45:56,674 [WARNING] Failed to replay event 24: [Errno 32] Broken pipe
2026-06-29 05:45:56,674 [WARNING] Failed to replay event 25: [Errno 32] Broken pipe
2026-06-29 05:45:56,674 [WARNING] Failed to replay event 26: [Errno 32] Broken pipe
2026-06-29 05:45:56,674 [WARNING] Failed to replay event 27: [Errno 32] Broken pipe
2026-06-29 05:45:56,674 [WARNING] Failed to replay event 28: [Errno 32] Broken pipe
2026-06-29 05:45:56,674 [WARNING] Failed to replay event 29: [Errno 32] Broken pipe
2026-06-29 05:45:56,674 [WARNING] Failed to replay event 30: [Errno 32] Broken pipe
2026-06-29 05:45:56,674 [WARNING] Failed to replay event 31: [Errno 32] Broken pipe
2026-06-29 05:45:56,674 [WARNING] Failed to replay event 32: [Errno 32] Broken pipe
2026-06-29 05:45:56,674 [WARNING] Failed to replay event 33: [Errno 32] Broken pipe
2026-06-29 05:45:56,674 [WARNING] Failed to replay event 34: [Errno 32] Broken pipe
2026-06-29 05:45:56,674 [WARNING] Failed to replay event 35: [Errno 32] Broken pipe
2026-06-29 05:45:56,674 [WARNING] Failed to replay event 36: [Errno 32] Broken pipe
2026-06-29 05:45:56,674 [INFO] handle_client: Entering receive loop
2026-06-29 05:45:56,674 [INFO] handle_client: Received empty data, client closed connection
2026-06-29 05:45:56,674 [INFO] Control Client disconnected
2026-06-29 05:45:57,140 [DEBUG] Received 10 bytes from BTS
2026-06-29 05:45:57,141 [DEBUG] Decoded IPA frame: proto=0x00, payload_len=7, consumed=10, payload_hex: 0c1201900fffff
2026-06-29 05:45:57,141 [DEBUG] RSL message: 0c1201900fffff
2026-06-29 05:45:57,141 [DEBUG] RSL discriminator: 0x0c, message type: 0x12, payload: 0c1201900fffff
2026-06-29 05:45:57,141 [DEBUG] Incomplete frame, buffer size: 0, buffer_hex: 
2026-06-29 05:45:57,327 [DEBUG] Received 10 bytes from BTS
2026-06-29 05:45:57,327 [DEBUG] Decoded IPA frame: proto=0x00, payload_len=7, consumed=10, payload_hex: 0c1201900fffff
2026-06-29 05:45:57,327 [DEBUG] RSL message: 0c1201900fffff
2026-06-29 05:45:57,327 [DEBUG] RSL discriminator: 0x0c, message type: 0x12, payload: 0c1201900fffff
2026-06-29 05:45:57,327 [DEBUG] Incomplete frame, buffer size: 0, buffer_hex: 
2026-06-29 05:45:57,520 [DEBUG] Received 42 bytes from BTS
2026-06-29 05:45:57,520 [DEBUG] Decoded IPA frame: proto=0x00, payload_len=39, consumed=42, payload_hex: 082801201b031903013f3f04000a98000b001206153f3f01c0000000000000000000000000253f
2026-06-29 05:45:57,520 [DEBUG] RSL message: 082801201b031903013f3f04000a98000b001206153f3f01c0000000000000000000000000253f
2026-06-29 05:45:57,520 [DEBUG] RSL discriminator: 0x08, message type: 0x28, payload: 082801201b031903013f3f04000a9800
2026-06-29 05:45:57,520 [INFO] MEAS_RES: chan_nr=0x20, ncells=0
2026-06-29 05:45:57,520 [DEBUG] Sent event: MEAS_RES to 1 client(s)
2026-06-29 05:45:57,520 [DEBUG] Incomplete frame, buffer size: 0, buffer_hex: 
2026-06-29 05:45:58,096 [DEBUG] handle_client: Received 89 bytes
2026-06-29 05:45:58,096 [INFO] Control CMD: {"command": "CMD_SEND_LU_ACCEPT", "chan_nr": 32, "mcc": "901", "mnc": "70", "lac": 4242}
2026-06-29 05:45:58,096 [DEBUG] Sending RSL message (16 bytes)
2026-06-29 05:45:58,096 [DEBUG] Sending 19 bytes to BTS 4242/0/0
2026-06-29 05:45:58,096 [INFO] CMD_SEND_LU_ACCEPT: sent LU ACCEPT on chan_nr=0x20 LAC=4242
2026-06-29 05:45:58,141 [DEBUG] Received 10 bytes from BTS
2026-06-29 05:45:58,142 [DEBUG] Decoded IPA frame: proto=0x00, payload_len=7, consumed=10, payload_hex: 0c1201900fffff
2026-06-29 05:45:58,142 [DEBUG] RSL message: 0c1201900fffff
2026-06-29 05:45:58,142 [DEBUG] RSL discriminator: 0x0c, message type: 0x12, payload: 0c1201900fffff
2026-06-29 05:45:58,142 [DEBUG] Incomplete frame, buffer size: 0, buffer_hex: 
2026-06-29 05:45:58,327 [DEBUG] Received 10 bytes from BTS
2026-06-29 05:45:58,327 [DEBUG] Decoded IPA frame: proto=0x00, payload_len=7, consumed=10, payload_hex: 0c1201900fffff
2026-06-29 05:45:58,327 [DEBUG] RSL message: 0c1201900fffff
2026-06-29 05:45:58,328 [DEBUG] RSL discriminator: 0x0c, message type: 0x12, payload: 0c1201900fffff
2026-06-29 05:45:58,328 [DEBUG] Incomplete frame, buffer size: 0, buffer_hex: 
2026-06-29 05:45:58,605 [DEBUG] Received 42 bytes from BTS
2026-06-29 05:45:58,605 [DEBUG] Decoded IPA frame: proto=0x00, payload_len=39, consumed=42, payload_hex: 082801201b041903013f3f04000a98000b001206153f3f01c0000000000000000000000000253f
2026-06-29 05:45:58,605 [DEBUG] RSL message: 082801201b041903013f3f04000a98000b001206153f3f01c0000000000000000000000000253f
2026-06-29 05:45:58,605 [DEBUG] RSL discriminator: 0x08, message type: 0x28, payload: 082801201b041903013f3f04000a9800
2026-06-29 05:45:58,605 [INFO] MEAS_RES: chan_nr=0x20, ncells=0
2026-06-29 05:45:58,605 [DEBUG] Sent event: MEAS_RES to 1 client(s)
2026-06-29 05:45:58,605 [DEBUG] Incomplete frame, buffer size: 0, buffer_hex: 
2026-06-29 05:45:59,096 [DEBUG] Sending RSL message (12 bytes)
2026-06-29 05:45:59,097 [DEBUG] Sending 15 bytes to BTS 4242/0/0
2026-06-29 05:45:59,097 [INFO] CMD_SEND_LU_ACCEPT: sent RR CHANNEL RELEASE for chan_nr=0x20
2026-06-29 05:45:59,142 [DEBUG] Received 10 bytes from BTS
2026-06-29 05:45:59,142 [DEBUG] Decoded IPA frame: proto=0x00, payload_len=7, consumed=10, payload_hex: 0c1201900fffff
2026-06-29 05:45:59,142 [DEBUG] RSL message: 0c1201900fffff
2026-06-29 05:45:59,142 [DEBUG] RSL discriminator: 0x0c, message type: 0x12, payload: 0c1201900fffff
2026-06-29 05:45:59,142 [DEBUG] Incomplete frame, buffer size: 0, buffer_hex: 
2026-06-29 05:45:59,261 [DEBUG] Received 9 bytes from BTS
2026-06-29 05:45:59,261 [DEBUG] Decoded IPA frame: proto=0x00, payload_len=6, consumed=9, payload_hex: 020901200200
2026-06-29 05:45:59,261 [DEBUG] RSL message: 020901200200
2026-06-29 05:45:59,261 [DEBUG] RSL discriminator: 0x02, message type: 0x09, payload: 020901200200
2026-06-29 05:45:59,262 [INFO] REL_IND: chan_nr=0x20 — MS released L2 link
2026-06-29 05:45:59,262 [DEBUG] Sent event: RELEASE_IND to 1 client(s)
2026-06-29 05:45:59,262 [DEBUG] Incomplete frame, buffer size: 0, buffer_hex: 
2026-06-29 05:45:59,328 [DEBUG] Received 10 bytes from BTS
2026-06-29 05:45:59,328 [DEBUG] Decoded IPA frame: proto=0x00, payload_len=7, consumed=10, payload_hex: 0c1201900fffff
2026-06-29 05:45:59,328 [DEBUG] RSL message: 0c1201900fffff
2026-06-29 05:45:59,328 [DEBUG] RSL discriminator: 0x0c, message type: 0x12, payload: 0c1201900fffff
2026-06-29 05:45:59,328 [DEBUG] Incomplete frame, buffer size: 0, buffer_hex: 
2026-06-29 05:45:59,623 [INFO] Control Client connected from ('10.42.0.1', 47686)
2026-06-29 05:45:59,624 [INFO] handle_client: Starting, client socket: 12
2026-06-29 05:45:59,624 [INFO] handle_client: WELCOME sent
2026-06-29 05:45:59,674 [INFO] Replaying 36 buffered event(s)
2026-06-29 05:45:59,674 [WARNING] Failed to replay event 1: [Errno 32] Broken pipe
2026-06-29 05:45:59,674 [WARNING] Failed to replay event 2: [Errno 32] Broken pipe
2026-06-29 05:45:59,674 [WARNING] Failed to replay event 3: [Errno 32] Broken pipe
2026-06-29 05:45:59,674 [WARNING] Failed to replay event 4: [Errno 32] Broken pipe
2026-06-29 05:45:59,674 [WARNING] Failed to replay event 5: [Errno 32] Broken pipe
2026-06-29 05:45:59,674 [WARNING] Failed to replay event 6: [Errno 32] Broken pipe
2026-06-29 05:45:59,674 [WARNING] Failed to replay event 7: [Errno 32] Broken pipe
2026-06-29 05:45:59,674 [WARNING] Failed to replay event 8: [Errno 32] Broken pipe
2026-06-29 05:45:59,674 [WARNING] Failed to replay event 9: [Errno 32] Broken pipe
2026-06-29 05:45:59,674 [WARNING] Failed to replay event 10: [Errno 32] Broken pipe
2026-06-29 05:45:59,674 [WARNING] Failed to replay event 11: [Errno 32] Broken pipe
2026-06-29 05:45:59,674 [WARNING] Failed to replay event 12: [Errno 32] Broken pipe
2026-06-29 05:45:59,674 [WARNING] Failed to replay event 13: [Errno 32] Broken pipe
2026-06-29 05:45:59,674 [WARNING] Failed to replay event 14: [Errno 32] Broken pipe
2026-06-29 05:45:59,674 [WARNING] Failed to replay event 15: [Errno 32] Broken pipe
2026-06-29 05:45:59,674 [WARNING] Failed to replay event 16: [Errno 32] Broken pipe
2026-06-29 05:45:59,674 [WARNING] Failed to replay event 17: [Errno 32] Broken pipe
2026-06-29 05:45:59,674 [WARNING] Failed to replay event 18: [Errno 32] Broken pipe
2026-06-29 05:45:59,674 [WARNING] Failed to replay event 19: [Errno 32] Broken pipe
2026-06-29 05:45:59,674 [WARNING] Failed to replay event 20: [Errno 32] Broken pipe
2026-06-29 05:45:59,674 [WARNING] Failed to replay event 21: [Errno 32] Broken pipe
2026-06-29 05:45:59,674 [WARNING] Failed to replay event 22: [Errno 32] Broken pipe
2026-06-29 05:45:59,674 [WARNING] Failed to replay event 23: [Errno 32] Broken pipe
2026-06-29 05:45:59,674 [WARNING] Failed to replay event 24: [Errno 32] Broken pipe
2026-06-29 05:45:59,674 [WARNING] Failed to replay event 25: [Errno 32] Broken pipe
2026-06-29 05:45:59,674 [WARNING] Failed to replay event 26: [Errno 32] Broken pipe
2026-06-29 05:45:59,674 [WARNING] Failed to replay event 27: [Errno 32] Broken pipe
2026-06-29 05:45:59,674 [WARNING] Failed to replay event 28: [Errno 32] Broken pipe
2026-06-29 05:45:59,674 [WARNING] Failed to replay event 29: [Errno 32] Broken pipe
2026-06-29 05:45:59,675 [WARNING] Failed to replay event 30: [Errno 32] Broken pipe
2026-06-29 05:45:59,675 [WARNING] Failed to replay event 31: [Errno 32] Broken pipe
2026-06-29 05:45:59,675 [WARNING] Failed to replay event 32: [Errno 32] Broken pipe
2026-06-29 05:45:59,675 [WARNING] Failed to replay event 33: [Errno 32] Broken pipe
2026-06-29 05:45:59,675 [WARNING] Failed to replay event 34: [Errno 32] Broken pipe
2026-06-29 05:45:59,675 [WARNING] Failed to replay event 35: [Errno 32] Broken pipe
2026-06-29 05:45:59,675 [WARNING] Failed to replay event 36: [Errno 32] Broken pipe
2026-06-29 05:45:59,675 [INFO] handle_client: Entering receive loop
2026-06-29 05:45:59,675 [INFO] handle_client: Received empty data, client closed connection
2026-06-29 05:45:59,675 [INFO] Control Client disconnected
2026-06-29 05:46:00,142 [DEBUG] Received 10 bytes from BTS
2026-06-29 05:46:00,143 [DEBUG] Decoded IPA frame: proto=0x00, payload_len=7, consumed=10, payload_hex: 0c1201900fffff
2026-06-29 05:46:00,143 [DEBUG] RSL message: 0c1201900fffff
2026-06-29 05:46:00,143 [DEBUG] RSL discriminator: 0x0c, message type: 0x12, payload: 0c1201900fffff
2026-06-29 05:46:00,143 [DEBUG] Incomplete frame, buffer size: 0, buffer_hex: 
2026-06-29 05:46:00,328 [DEBUG] Received 10 bytes from BTS
2026-06-29 05:46:00,328 [DEBUG] Decoded IPA frame: proto=0x00, payload_len=7, consumed=10, payload_hex: 0c1201900fffff
2026-06-29 05:46:00,329 [DEBUG] RSL message: 0c1201900fffff
2026-06-29 05:46:00,329 [DEBUG] RSL discriminator: 0x0c, message type: 0x12, payload: 0c1201900fffff
2026-06-29 05:46:00,329 [DEBUG] Incomplete frame, buffer size: 0, buffer_hex: 
2026-06-29 05:46:01,097 [DEBUG] Sending RSL message (4 bytes)
2026-06-29 05:46:01,097 [DEBUG] Sending 7 bytes to BTS 4242/0/0
2026-06-29 05:46:01,097 [INFO] CMD_SEND_LU_ACCEPT: sent RF_CHAN_REL for chan_nr=0x20
2026-06-29 05:46:01,097 [DEBUG] Received 7 bytes from BTS
2026-06-29 05:46:01,097 [DEBUG] Decoded IPA frame: proto=0x00, payload_len=4, consumed=7, payload_hex: 08330120
2026-06-29 05:46:01,097 [DEBUG] RSL message: 08330120
2026-06-29 05:46:01,097 [DEBUG] RSL discriminator: 0x08, message type: 0x33, payload: 08330120
2026-06-29 05:46:01,097 [INFO] RF_CHAN_REL_ACK received for chan_nr=0x20
2026-06-29 05:46:01,097 [DEBUG] Incomplete frame, buffer size: 0, buffer_hex: 
2026-06-29 05:46:01,143 [DEBUG] Received 10 bytes from BTS
2026-06-29 05:46:01,143 [DEBUG] Decoded IPA frame: proto=0x00, payload_len=7, consumed=10, payload_hex: 0c1201900fffff
2026-06-29 05:46:01,143 [DEBUG] RSL message: 0c1201900fffff
2026-06-29 05:46:01,143 [DEBUG] RSL discriminator: 0x0c, message type: 0x12, payload: 0c1201900fffff
2026-06-29 05:46:01,143 [DEBUG] Incomplete frame, buffer size: 0, buffer_hex: 
2026-06-29 05:46:01,329 [DEBUG] Received 10 bytes from BTS
2026-06-29 05:46:01,329 [DEBUG] Decoded IPA frame: proto=0x00, payload_len=7, consumed=10, payload_hex: 0c1201900fffff
2026-06-29 05:46:01,329 [DEBUG] RSL message: 0c1201900fffff
2026-06-29 05:46:01,329 [DEBUG] RSL discriminator: 0x0c, message type: 0x12, payload: 0c1201900fffff
2026-06-29 05:46:01,329 [DEBUG] Incomplete frame, buffer size: 0, buffer_hex: 
2026-06-29 05:46:02,144 [DEBUG] Received 10 bytes from BTS
2026-06-29 05:46:02,144 [DEBUG] Decoded IPA frame: proto=0x00, payload_len=7, consumed=10, payload_hex: 0c1201900fffff
2026-06-29 05:46:02,144 [DEBUG] RSL message: 0c1201900fffff
2026-06-29 05:46:02,144 [DEBUG] RSL discriminator: 0x0c, message type: 0x12, payload: 0c1201900fffff
2026-06-29 05:46:02,144 [DEBUG] Incomplete frame, buffer size: 0, buffer_hex: 
2026-06-29 05:46:02,329 [DEBUG] Received 10 bytes from BTS
2026-06-29 05:46:02,329 [DEBUG] Decoded IPA frame: proto=0x00, payload_len=7, consumed=10, payload_hex: 0c1201900fffff
2026-06-29 05:46:02,330 [DEBUG] RSL message: 0c1201900fffff
2026-06-29 05:46:02,330 [DEBUG] RSL discriminator: 0x0c, message type: 0x12, payload: 0c1201900fffff
2026-06-29 05:46:02,330 [DEBUG] Incomplete frame, buffer size: 0, buffer_hex: 
2026-06-29 05:46:02,623 [INFO] Control Client connected from ('10.42.0.1', 55440)
2026-06-29 05:46:02,623 [INFO] handle_client: Starting, client socket: 6
2026-06-29 05:46:02,623 [INFO] handle_client: WELCOME sent
2026-06-29 05:46:02,674 [INFO] Replaying 36 buffered event(s)
2026-06-29 05:46:02,674 [WARNING] Failed to replay event 1: [Errno 32] Broken pipe
2026-06-29 05:46:02,674 [WARNING] Failed to replay event 2: [Errno 32] Broken pipe
2026-06-29 05:46:02,674 [WARNING] Failed to replay event 3: [Errno 32] Broken pipe
2026-06-29 05:46:02,674 [WARNING] Failed to replay event 4: [Errno 32] Broken pipe
2026-06-29 05:46:02,674 [WARNING] Failed to replay event 5: [Errno 32] Broken pipe
2026-06-29 05:46:02,674 [WARNING] Failed to replay event 6: [Errno 32] Broken pipe
2026-06-29 05:46:02,674 [WARNING] Failed to replay event 7: [Errno 32] Broken pipe
2026-06-29 05:46:02,674 [WARNING] Failed to replay event 8: [Errno 32] Broken pipe
2026-06-29 05:46:02,674 [WARNING] Failed to replay event 9: [Errno 32] Broken pipe
2026-06-29 05:46:02,674 [WARNING] Failed to replay event 10: [Errno 32] Broken pipe
2026-06-29 05:46:02,674 [WARNING] Failed to replay event 11: [Errno 32] Broken pipe
2026-06-29 05:46:02,674 [WARNING] Failed to replay event 12: [Errno 32] Broken pipe
2026-06-29 05:46:02,674 [WARNING] Failed to replay event 13: [Errno 32] Broken pipe
2026-06-29 05:46:02,674 [WARNING] Failed to replay event 14: [Errno 32] Broken pipe
2026-06-29 05:46:02,674 [WARNING] Failed to replay event 15: [Errno 32] Broken pipe
2026-06-29 05:46:02,674 [WARNING] Failed to replay event 16: [Errno 32] Broken pipe
2026-06-29 05:46:02,674 [WARNING] Failed to replay event 17: [Errno 32] Broken pipe
2026-06-29 05:46:02,674 [WARNING] Failed to replay event 18: [Errno 32] Broken pipe
2026-06-29 05:46:02,674 [WARNING] Failed to replay event 19: [Errno 32] Broken pipe
2026-06-29 05:46:02,674 [WARNING] Failed to replay event 20: [Errno 32] Broken pipe
2026-06-29 05:46:02,674 [WARNING] Failed to replay event 21: [Errno 32] Broken pipe
2026-06-29 05:46:02,674 [WARNING] Failed to replay event 22: [Errno 32] Broken pipe
2026-06-29 05:46:02,674 [WARNING] Failed to replay event 23: [Errno 32] Broken pipe
2026-06-29 05:46:02,674 [WARNING] Failed to replay event 24: [Errno 32] Broken pipe
2026-06-29 05:46:02,674 [WARNING] Failed to replay event 25: [Errno 32] Broken pipe
2026-06-29 05:46:02,674 [WARNING] Failed to replay event 26: [Errno 32] Broken pipe
2026-06-29 05:46:02,674 [WARNING] Failed to replay event 27: [Errno 32] Broken pipe
2026-06-29 05:46:02,674 [WARNING] Failed to replay event 28: [Errno 32] Broken pipe
2026-06-29 05:46:02,674 [WARNING] Failed to replay event 29: [Errno 32] Broken pipe
2026-06-29 05:46:02,674 [WARNING] Failed to replay event 30: [Errno 32] Broken pipe
2026-06-29 05:46:02,674 [WARNING] Failed to replay event 31: [Errno 32] Broken pipe
2026-06-29 05:46:02,674 [WARNING] Failed to replay event 32: [Errno 32] Broken pipe
2026-06-29 05:46:02,674 [WARNING] Failed to replay event 33: [Errno 32] Broken pipe
2026-06-29 05:46:02,674 [WARNING] Failed to replay event 34: [Errno 32] Broken pipe
2026-06-29 05:46:02,674 [WARNING] Failed to replay event 35: [Errno 32] Broken pipe
2026-06-29 05:46:02,674 [WARNING] Failed to replay event 36: [Errno 32] Broken pipe
2026-06-29 05:46:02,674 [INFO] handle_client: Entering receive loop
2026-06-29 05:46:02,674 [INFO] handle_client: Received empty data, client closed connection
2026-06-29 05:46:02,674 [INFO] Control Client disconnected
2026-06-29 05:46:02,936 [INFO] Control Client connected from ('10.42.0.1', 55444)
2026-06-29 05:46:02,936 [INFO] handle_client: Starting, client socket: 12
2026-06-29 05:46:02,936 [INFO] handle_client: WELCOME sent
2026-06-29 05:46:02,987 [INFO] Replaying 36 buffered event(s)
2026-06-29 05:46:02,987 [WARNING] Failed to replay event 1: [Errno 32] Broken pipe
2026-06-29 05:46:02,987 [WARNING] Failed to replay event 2: [Errno 32] Broken pipe
2026-06-29 05:46:02,987 [WARNING] Failed to replay event 3: [Errno 32] Broken pipe
2026-06-29 05:46:02,987 [WARNING] Failed to replay event 4: [Errno 32] Broken pipe
2026-06-29 05:46:02,987 [WARNING] Failed to replay event 5: [Errno 32] Broken pipe
2026-06-29 05:46:02,987 [WARNING] Failed to replay event 6: [Errno 32] Broken pipe
2026-06-29 05:46:02,987 [WARNING] Failed to replay event 7: [Errno 32] Broken pipe
2026-06-29 05:46:02,987 [WARNING] Failed to replay event 8: [Errno 32] Broken pipe
2026-06-29 05:46:02,987 [WARNING] Failed to replay event 9: [Errno 32] Broken pipe
2026-06-29 05:46:02,987 [WARNING] Failed to replay event 10: [Errno 32] Broken pipe
2026-06-29 05:46:02,987 [WARNING] Failed to replay event 11: [Errno 32] Broken pipe
2026-06-29 05:46:02,987 [WARNING] Failed to replay event 12: [Errno 32] Broken pipe
2026-06-29 05:46:02,987 [WARNING] Failed to replay event 13: [Errno 32] Broken pipe
2026-06-29 05:46:02,987 [WARNING] Failed to replay event 14: [Errno 32] Broken pipe
2026-06-29 05:46:02,987 [WARNING] Failed to replay event 15: [Errno 32] Broken pipe
2026-06-29 05:46:02,987 [WARNING] Failed to replay event 16: [Errno 32] Broken pipe
2026-06-29 05:46:02,987 [WARNING] Failed to replay event 17: [Errno 32] Broken pipe
2026-06-29 05:46:02,987 [WARNING] Failed to replay event 18: [Errno 32] Broken pipe
2026-06-29 05:46:02,987 [WARNING] Failed to replay event 19: [Errno 32] Broken pipe
2026-06-29 05:46:02,987 [WARNING] Failed to replay event 20: [Errno 32] Broken pipe
2026-06-29 05:46:02,987 [WARNING] Failed to replay event 21: [Errno 32] Broken pipe
2026-06-29 05:46:02,987 [WARNING] Failed to replay event 22: [Errno 32] Broken pipe
2026-06-29 05:46:02,987 [WARNING] Failed to replay event 23: [Errno 32] Broken pipe
2026-06-29 05:46:02,988 [WARNING] Failed to replay event 24: [Errno 32] Broken pipe
2026-06-29 05:46:02,988 [WARNING] Failed to replay event 25: [Errno 32] Broken pipe
2026-06-29 05:46:02,988 [WARNING] Failed to replay event 26: [Errno 32] Broken pipe
2026-06-29 05:46:02,988 [WARNING] Failed to replay event 27: [Errno 32] Broken pipe
2026-06-29 05:46:02,988 [WARNING] Failed to replay event 28: [Errno 32] Broken pipe
2026-06-29 05:46:02,988 [WARNING] Failed to replay event 29: [Errno 32] Broken pipe
2026-06-29 05:46:02,988 [WARNING] Failed to replay event 30: [Errno 32] Broken pipe
2026-06-29 05:46:02,988 [WARNING] Failed to replay event 31: [Errno 32] Broken pipe
2026-06-29 05:46:02,988 [WARNING] Failed to replay event 32: [Errno 32] Broken pipe
2026-06-29 05:46:02,988 [WARNING] Failed to replay event 33: [Errno 32] Broken pipe
2026-06-29 05:46:02,988 [WARNING] Failed to replay event 34: [Errno 32] Broken pipe
2026-06-29 05:46:02,988 [WARNING] Failed to replay event 35: [Errno 32] Broken pipe
2026-06-29 05:46:02,988 [WARNING] Failed to replay event 36: [Errno 32] Broken pipe
2026-06-29 05:46:02,988 [INFO] handle_client: Entering receive loop
2026-06-29 05:46:02,988 [INFO] handle_client: Received empty data, client closed connection
2026-06-29 05:46:02,988 [INFO] Control Client disconnected
2026-06-29 05:46:03,145 [DEBUG] Received 10 bytes from BTS
2026-06-29 05:46:03,145 [DEBUG] Decoded IPA frame: proto=0x00, payload_len=7, consumed=10, payload_hex: 0c1201900fffff
2026-06-29 05:46:03,145 [DEBUG] RSL message: 0c1201900fffff
2026-06-29 05:46:03,145 [DEBUG] RSL discriminator: 0x0c, message type: 0x12, payload: 0c1201900fffff
2026-06-29 05:46:03,145 [DEBUG] Incomplete frame, buffer size: 0, buffer_hex: 
2026-06-29 05:46:03,330 [DEBUG] Received 10 bytes from BTS
2026-06-29 05:46:03,330 [DEBUG] Decoded IPA frame: proto=0x00, payload_len=7, consumed=10, payload_hex: 0c1201900fffff
2026-06-29 05:46:03,330 [DEBUG] RSL message: 0c1201900fffff
2026-06-29 05:46:03,330 [DEBUG] RSL discriminator: 0x0c, message type: 0x12, payload: 0c1201900fffff
2026-06-29 05:46:03,330 [DEBUG] Incomplete frame, buffer size: 0, buffer_hex: 
2026-06-29 05:46:04,146 [DEBUG] Received 10 bytes from BTS
2026-06-29 05:46:04,146 [DEBUG] Decoded IPA frame: proto=0x00, payload_len=7, consumed=10, payload_hex: 0c1201900fffff
2026-06-29 05:46:04,146 [DEBUG] RSL message: 0c1201900fffff
2026-06-29 05:46:04,146 [DEBUG] RSL discriminator: 0x0c, message type: 0x12, payload: 0c1201900fffff
2026-06-29 05:46:04,146 [DEBUG] Incomplete frame, buffer size: 0, buffer_hex: 
2026-06-29 05:46:04,330 [DEBUG] Received 10 bytes from BTS
2026-06-29 05:46:04,330 [DEBUG] Decoded IPA frame: proto=0x00, payload_len=7, consumed=10, payload_hex: 0c1201900fffff
2026-06-29 05:46:04,330 [DEBUG] RSL message: 0c1201900fffff
2026-06-29 05:46:04,330 [DEBUG] RSL discriminator: 0x0c, message type: 0x12, payload: 0c1201900fffff
2026-06-29 05:46:04,330 [DEBUG] Incomplete frame, buffer size: 0, buffer_hex: 
2026-06-29 05:46:05,146 [DEBUG] Received 10 bytes from BTS
2026-06-29 05:46:05,146 [DEBUG] Decoded IPA frame: proto=0x00, payload_len=7, consumed=10, payload_hex: 0c1201900fffff
2026-06-29 05:46:05,146 [DEBUG] RSL message: 0c1201900fffff
2026-06-29 05:46:05,146 [DEBUG] RSL discriminator: 0x0c, message type: 0x12, payload: 0c1201900fffff
2026-06-29 05:46:05,146 [DEBUG] Incomplete frame, buffer size: 0, buffer_hex: 
2026-06-29 05:46:05,331 [DEBUG] Received 10 bytes from BTS
2026-06-29 05:46:05,331 [DEBUG] Decoded IPA frame: proto=0x00, payload_len=7, consumed=10, payload_hex: 0c1201900fffff
2026-06-29 05:46:05,331 [DEBUG] RSL message: 0c1201900fffff
2026-06-29 05:46:05,331 [DEBUG] RSL discriminator: 0x0c, message type: 0x12, payload: 0c1201900fffff
2026-06-29 05:46:05,331 [DEBUG] Incomplete frame, buffer size: 0, buffer_hex: 
2026-06-29 05:46:05,623 [INFO] Control Client connected from ('10.42.0.1', 55452)
2026-06-29 05:46:05,623 [INFO] handle_client: Starting, client socket: 6
2026-06-29 05:46:05,623 [INFO] handle_client: WELCOME sent
2026-06-29 05:46:05,673 [INFO] Replaying 36 buffered event(s)
2026-06-29 05:46:05,674 [WARNING] Failed to replay event 1: [Errno 32] Broken pipe
2026-06-29 05:46:05,674 [WARNING] Failed to replay event 2: [Errno 32] Broken pipe
2026-06-29 05:46:05,674 [WARNING] Failed to replay event 3: [Errno 32] Broken pipe
2026-06-29 05:46:05,674 [WARNING] Failed to replay event 4: [Errno 32] Broken pipe
2026-06-29 05:46:05,674 [WARNING] Failed to replay event 5: [Errno 32] Broken pipe
2026-06-29 05:46:05,674 [WARNING] Failed to replay event 6: [Errno 32] Broken pipe
2026-06-29 05:46:05,674 [WARNING] Failed to replay event 7: [Errno 32] Broken pipe
2026-06-29 05:46:05,674 [WARNING] Failed to replay event 8: [Errno 32] Broken pipe
2026-06-29 05:46:05,674 [WARNING] Failed to replay event 9: [Errno 32] Broken pipe
2026-06-29 05:46:05,674 [WARNING] Failed to replay event 10: [Errno 32] Broken pipe
2026-06-29 05:46:05,674 [WARNING] Failed to replay event 11: [Errno 32] Broken pipe
2026-06-29 05:46:05,674 [WARNING] Failed to replay event 12: [Errno 32] Broken pipe
2026-06-29 05:46:05,674 [WARNING] Failed to replay event 13: [Errno 32] Broken pipe
2026-06-29 05:46:05,674 [WARNING] Failed to replay event 14: [Errno 32] Broken pipe
2026-06-29 05:46:05,674 [WARNING] Failed to replay event 15: [Errno 32] Broken pipe
2026-06-29 05:46:05,674 [WARNING] Failed to replay event 16: [Errno 32] Broken pipe
2026-06-29 05:46:05,674 [WARNING] Failed to replay event 17: [Errno 32] Broken pipe
2026-06-29 05:46:05,674 [WARNING] Failed to replay event 18: [Errno 32] Broken pipe
2026-06-29 05:46:05,674 [WARNING] Failed to replay event 19: [Errno 32] Broken pipe
2026-06-29 05:46:05,674 [WARNING] Failed to replay event 20: [Errno 32] Broken pipe
2026-06-29 05:46:05,674 [WARNING] Failed to replay event 21: [Errno 32] Broken pipe
2026-06-29 05:46:05,674 [WARNING] Failed to replay event 22: [Errno 32] Broken pipe
2026-06-29 05:46:05,674 [WARNING] Failed to replay event 23: [Errno 32] Broken pipe
2026-06-29 05:46:05,674 [WARNING] Failed to replay event 24: [Errno 32] Broken pipe
2026-06-29 05:46:05,674 [WARNING] Failed to replay event 25: [Errno 32] Broken pipe
2026-06-29 05:46:05,674 [WARNING] Failed to replay event 26: [Errno 32] Broken pipe
2026-06-29 05:46:05,674 [WARNING] Failed to replay event 27: [Errno 32] Broken pipe
2026-06-29 05:46:05,674 [WARNING] Failed to replay event 28: [Errno 32] Broken pipe
2026-06-29 05:46:05,674 [WARNING] Failed to replay event 29: [Errno 32] Broken pipe
2026-06-29 05:46:05,674 [WARNING] Failed to replay event 30: [Errno 32] Broken pipe
2026-06-29 05:46:05,674 [WARNING] Failed to replay event 31: [Errno 32] Broken pipe
2026-06-29 05:46:05,674 [WARNING] Failed to replay event 32: [Errno 32] Broken pipe
2026-06-29 05:46:05,674 [WARNING] Failed to replay event 33: [Errno 32] Broken pipe
2026-06-29 05:46:05,674 [WARNING] Failed to replay event 34: [Errno 32] Broken pipe
2026-06-29 05:46:05,674 [WARNING] Failed to replay event 35: [Errno 32] Broken pipe
2026-06-29 05:46:05,674 [WARNING] Failed to replay event 36: [Errno 32] Broken pipe
2026-06-29 05:46:05,674 [INFO] handle_client: Entering receive loop
2026-06-29 05:46:05,674 [INFO] handle_client: Received empty data, client closed connection
2026-06-29 05:46:05,674 [INFO] Control Client disconnected
2026-06-29 05:46:06,147 [DEBUG] Received 10 bytes from BTS
2026-06-29 05:46:06,147 [DEBUG] Decoded IPA frame: proto=0x00, payload_len=7, consumed=10, payload_hex: 0c1201900fffff
2026-06-29 05:46:06,147 [DEBUG] RSL message: 0c1201900fffff
2026-06-29 05:46:06,147 [DEBUG] RSL discriminator: 0x0c, message type: 0x12, payload: 0c1201900fffff
2026-06-29 05:46:06,147 [DEBUG] Incomplete frame, buffer size: 0, buffer_hex: 
2026-06-29 05:46:06,331 [DEBUG] Received 10 bytes from BTS
2026-06-29 05:46:06,331 [DEBUG] Decoded IPA frame: proto=0x00, payload_len=7, consumed=10, payload_hex: 0c1201900fffff
2026-06-29 05:46:06,331 [DEBUG] RSL message: 0c1201900fffff
2026-06-29 05:46:06,331 [DEBUG] RSL discriminator: 0x0c, message type: 0x12, payload: 0c1201900fffff
2026-06-29 05:46:06,331 [DEBUG] Incomplete frame, buffer size: 0, buffer_hex: 
2026-06-29 05:46:07,147 [DEBUG] Received 10 bytes from BTS
2026-06-29 05:46:07,147 [DEBUG] Decoded IPA frame: proto=0x00, payload_len=7, consumed=10, payload_hex: 0c1201900fffff
2026-06-29 05:46:07,147 [DEBUG] RSL message: 0c1201900fffff
2026-06-29 05:46:07,147 [DEBUG] RSL discriminator: 0x0c, message type: 0x12, payload: 0c1201900fffff
2026-06-29 05:46:07,147 [DEBUG] Incomplete frame, buffer size: 0, buffer_hex: 
2026-06-29 05:46:07,331 [DEBUG] Received 10 bytes from BTS
2026-06-29 05:46:07,332 [DEBUG] Decoded IPA frame: proto=0x00, payload_len=7, consumed=10, payload_hex: 0c1201900fffff
2026-06-29 05:46:07,332 [DEBUG] RSL message: 0c1201900fffff
2026-06-29 05:46:07,332 [DEBUG] RSL discriminator: 0x0c, message type: 0x12, payload: 0c1201900fffff
2026-06-29 05:46:07,332 [DEBUG] Incomplete frame, buffer size: 0, buffer_hex: 
2026-06-29 05:46:08,148 [DEBUG] Received 10 bytes from BTS
2026-06-29 05:46:08,148 [DEBUG] Decoded IPA frame: proto=0x00, payload_len=7, consumed=10, payload_hex: 0c1201900fffff
2026-06-29 05:46:08,148 [DEBUG] RSL message: 0c1201900fffff
2026-06-29 05:46:08,148 [DEBUG] RSL discriminator: 0x0c, message type: 0x12, payload: 0c1201900fffff
2026-06-29 05:46:08,148 [DEBUG] Incomplete frame, buffer size: 0, buffer_hex: 
2026-06-29 05:46:08,332 [DEBUG] Received 10 bytes from BTS
2026-06-29 05:46:08,332 [DEBUG] Decoded IPA frame: proto=0x00, payload_len=7, consumed=10, payload_hex: 0c1201900fffff
2026-06-29 05:46:08,332 [DEBUG] RSL message: 0c1201900fffff
2026-06-29 05:46:08,332 [DEBUG] RSL discriminator: 0x0c, message type: 0x12, payload: 0c1201900fffff
2026-06-29 05:46:08,332 [DEBUG] Incomplete frame, buffer size: 0, buffer_hex: 
2026-06-29 05:46:08,623 [INFO] Control Client connected from ('10.42.0.1', 55462)
2026-06-29 05:46:08,624 [INFO] handle_client: Starting, client socket: 12
2026-06-29 05:46:08,624 [INFO] handle_client: WELCOME sent
2026-06-29 05:46:08,674 [INFO] Replaying 36 buffered event(s)
2026-06-29 05:46:08,674 [WARNING] Failed to replay event 1: [Errno 32] Broken pipe
2026-06-29 05:46:08,674 [WARNING] Failed to replay event 2: [Errno 32] Broken pipe
2026-06-29 05:46:08,674 [WARNING] Failed to replay event 3: [Errno 32] Broken pipe
2026-06-29 05:46:08,674 [WARNING] Failed to replay event 4: [Errno 32] Broken pipe
2026-06-29 05:46:08,674 [WARNING] Failed to replay event 5: [Errno 32] Broken pipe
2026-06-29 05:46:08,674 [WARNING] Failed to replay event 6: [Errno 32] Broken pipe
2026-06-29 05:46:08,674 [WARNING] Failed to replay event 7: [Errno 32] Broken pipe
2026-06-29 05:46:08,674 [WARNING] Failed to replay event 8: [Errno 32] Broken pipe
2026-06-29 05:46:08,674 [WARNING] Failed to replay event 9: [Errno 32] Broken pipe
2026-06-29 05:46:08,674 [WARNING] Failed to replay event 10: [Errno 32] Broken pipe
2026-06-29 05:46:08,675 [WARNING] Failed to replay event 11: [Errno 32] Broken pipe
2026-06-29 05:46:08,675 [WARNING] Failed to replay event 12: [Errno 32] Broken pipe
2026-06-29 05:46:08,675 [WARNING] Failed to replay event 13: [Errno 32] Broken pipe
2026-06-29 05:46:08,675 [WARNING] Failed to replay event 14: [Errno 32] Broken pipe
2026-06-29 05:46:08,675 [WARNING] Failed to replay event 15: [Errno 32] Broken pipe
2026-06-29 05:46:08,675 [WARNING] Failed to replay event 16: [Errno 32] Broken pipe
2026-06-29 05:46:08,675 [WARNING] Failed to replay event 17: [Errno 32] Broken pipe
2026-06-29 05:46:08,675 [WARNING] Failed to replay event 18: [Errno 32] Broken pipe
2026-06-29 05:46:08,675 [WARNING] Failed to replay event 19: [Errno 32] Broken pipe
2026-06-29 05:46:08,675 [WARNING] Failed to replay event 20: [Errno 32] Broken pipe
2026-06-29 05:46:08,675 [WARNING] Failed to replay event 21: [Errno 32] Broken pipe
2026-06-29 05:46:08,675 [WARNING] Failed to replay event 22: [Errno 32] Broken pipe
2026-06-29 05:46:08,675 [WARNING] Failed to replay event 23: [Errno 32] Broken pipe
2026-06-29 05:46:08,675 [WARNING] Failed to replay event 24: [Errno 32] Broken pipe
2026-06-29 05:46:08,675 [WARNING] Failed to replay event 25: [Errno 32] Broken pipe
2026-06-29 05:46:08,675 [WARNING] Failed to replay event 26: [Errno 32] Broken pipe
2026-06-29 05:46:08,675 [WARNING] Failed to replay event 27: [Errno 32] Broken pipe
2026-06-29 05:46:08,675 [WARNING] Failed to replay event 28: [Errno 32] Broken pipe
2026-06-29 05:46:08,675 [WARNING] Failed to replay event 29: [Errno 32] Broken pipe
2026-06-29 05:46:08,675 [WARNING] Failed to replay event 30: [Errno 32] Broken pipe
2026-06-29 05:46:08,675 [WARNING] Failed to replay event 31: [Errno 32] Broken pipe
2026-06-29 05:46:08,675 [WARNING] Failed to replay event 32: [Errno 32] Broken pipe
2026-06-29 05:46:08,675 [WARNING] Failed to replay event 33: [Errno 32] Broken pipe
2026-06-29 05:46:08,675 [WARNING] Failed to replay event 34: [Errno 32] Broken pipe
2026-06-29 05:46:08,675 [WARNING] Failed to replay event 35: [Errno 32] Broken pipe
2026-06-29 05:46:08,675 [WARNING] Failed to replay event 36: [Errno 32] Broken pipe
2026-06-29 05:46:08,675 [INFO] handle_client: Entering receive loop
2026-06-29 05:46:08,675 [INFO] handle_client: Received empty data, client closed connection
2026-06-29 05:46:08,675 [INFO] Control Client disconnected
2026-06-29 05:46:09,148 [DEBUG] Received 10 bytes from BTS
2026-06-29 05:46:09,148 [DEBUG] Decoded IPA frame: proto=0x00, payload_len=7, consumed=10, payload_hex: 0c1201900fffff
2026-06-29 05:46:09,148 [DEBUG] RSL message: 0c1201900fffff
2026-06-29 05:46:09,148 [DEBUG] RSL discriminator: 0x0c, message type: 0x12, payload: 0c1201900fffff
2026-06-29 05:46:09,148 [DEBUG] Incomplete frame, buffer size: 0, buffer_hex: 
2026-06-29 05:46:09,298 [DEBUG] handle_client: Received 50 bytes
2026-06-29 05:46:09,298 [INFO] Control CMD: {"command": "SET_AUTO_RESPOND", "enabled": false}
2026-06-29 05:46:09,298 [INFO] Auto-respond set to: False
2026-06-29 05:46:09,332 [DEBUG] Received 10 bytes from BTS
2026-06-29 05:46:09,332 [DEBUG] Decoded IPA frame: proto=0x00, payload_len=7, consumed=10, payload_hex: 0c1201900fffff
2026-06-29 05:46:09,332 [DEBUG] RSL message: 0c1201900fffff
2026-06-29 05:46:09,332 [DEBUG] RSL discriminator: 0x0c, message type: 0x12, payload: 0c1201900fffff
2026-06-29 05:46:09,332 [DEBUG] Incomplete frame, buffer size: 0, buffer_hex: 
2026-06-29 05:46:10,149 [DEBUG] Received 10 bytes from BTS
2026-06-29 05:46:10,149 [DEBUG] Decoded IPA frame: proto=0x00, payload_len=7, consumed=10, payload_hex: 0c1201900fffff
2026-06-29 05:46:10,149 [DEBUG] RSL message: 0c1201900fffff
2026-06-29 05:46:10,149 [DEBUG] RSL discriminator: 0x0c, message type: 0x12, payload: 0c1201900fffff
2026-06-29 05:46:10,149 [DEBUG] Incomplete frame, buffer size: 0, buffer_hex: 
2026-06-29 05:46:10,332 [DEBUG] Received 10 bytes from BTS
2026-06-29 05:46:10,332 [DEBUG] Decoded IPA frame: proto=0x00, payload_len=7, consumed=10, payload_hex: 0c1201900fffff
2026-06-29 05:46:10,332 [DEBUG] RSL message: 0c1201900fffff
2026-06-29 05:46:10,332 [DEBUG] RSL discriminator: 0x0c, message type: 0x12, payload: 0c1201900fffff
2026-06-29 05:46:10,332 [DEBUG] Incomplete frame, buffer size: 0, buffer_hex: 
2026-06-29 05:46:10,799 [DEBUG] handle_client: Received 69 bytes
2026-06-29 05:46:10,800 [INFO] Control CMD: {"command": "CMD_SEND_PAGING", "imsi": "901700000000001", "tmsi": 0}
2026-06-29 05:46:10,800 [DEBUG] Sending RSL message (15 bytes)
2026-06-29 05:46:10,800 [DEBUG] Sending 18 bytes to BTS 4242/0/0
2026-06-29 05:46:10,800 [INFO] CMD_SEND_PAGING: imsi=901700000000001 tmsi=0 chan_needed=0 rsl=(15B) 0c1501900e010c05f4000000002800
2026-06-29 05:46:11,149 [DEBUG] Received 10 bytes from BTS
2026-06-29 05:46:11,149 [DEBUG] Decoded IPA frame: proto=0x00, payload_len=7, consumed=10, payload_hex: 0c1201900f00c7
2026-06-29 05:46:11,149 [DEBUG] RSL message: 0c1201900f00c7
2026-06-29 05:46:11,149 [DEBUG] RSL discriminator: 0x0c, message type: 0x12, payload: 0c1201900f00c7
2026-06-29 05:46:11,149 [DEBUG] Incomplete frame, buffer size: 0, buffer_hex: 
2026-06-29 05:46:11,333 [DEBUG] Received 10 bytes from BTS
2026-06-29 05:46:11,333 [DEBUG] Decoded IPA frame: proto=0x00, payload_len=7, consumed=10, payload_hex: 0c1201900fffff
2026-06-29 05:46:11,333 [DEBUG] RSL message: 0c1201900fffff
2026-06-29 05:46:11,333 [DEBUG] RSL discriminator: 0x0c, message type: 0x12, payload: 0c1201900fffff
2026-06-29 05:46:11,333 [DEBUG] Incomplete frame, buffer size: 0, buffer_hex: 
2026-06-29 05:46:11,623 [INFO] Control Client connected from ('10.42.0.1', 41260)
2026-06-29 05:46:11,623 [INFO] handle_client: Starting, client socket: 6
2026-06-29 05:46:11,624 [INFO] handle_client: WELCOME sent
2026-06-29 05:46:11,674 [INFO] Replaying 36 buffered event(s)
2026-06-29 05:46:11,674 [WARNING] Failed to replay event 1: [Errno 32] Broken pipe
2026-06-29 05:46:11,674 [WARNING] Failed to replay event 2: [Errno 32] Broken pipe
2026-06-29 05:46:11,674 [WARNING] Failed to replay event 3: [Errno 32] Broken pipe
2026-06-29 05:46:11,674 [WARNING] Failed to replay event 4: [Errno 32] Broken pipe
2026-06-29 05:46:11,674 [WARNING] Failed to replay event 5: [Errno 32] Broken pipe
2026-06-29 05:46:11,674 [WARNING] Failed to replay event 6: [Errno 32] Broken pipe
2026-06-29 05:46:11,674 [WARNING] Failed to replay event 7: [Errno 32] Broken pipe
2026-06-29 05:46:11,674 [WARNING] Failed to replay event 8: [Errno 32] Broken pipe
2026-06-29 05:46:11,674 [WARNING] Failed to replay event 9: [Errno 32] Broken pipe
2026-06-29 05:46:11,674 [WARNING] Failed to replay event 10: [Errno 32] Broken pipe
2026-06-29 05:46:11,674 [WARNING] Failed to replay event 11: [Errno 32] Broken pipe
2026-06-29 05:46:11,674 [WARNING] Failed to replay event 12: [Errno 32] Broken pipe
2026-06-29 05:46:11,674 [WARNING] Failed to replay event 13: [Errno 32] Broken pipe
2026-06-29 05:46:11,674 [WARNING] Failed to replay event 14: [Errno 32] Broken pipe
2026-06-29 05:46:11,674 [WARNING] Failed to replay event 15: [Errno 32] Broken pipe
2026-06-29 05:46:11,674 [WARNING] Failed to replay event 16: [Errno 32] Broken pipe
2026-06-29 05:46:11,674 [WARNING] Failed to replay event 17: [Errno 32] Broken pipe
2026-06-29 05:46:11,674 [WARNING] Failed to replay event 18: [Errno 32] Broken pipe
2026-06-29 05:46:11,674 [WARNING] Failed to replay event 19: [Errno 32] Broken pipe
2026-06-29 05:46:11,674 [WARNING] Failed to replay event 20: [Errno 32] Broken pipe
2026-06-29 05:46:11,674 [WARNING] Failed to replay event 21: [Errno 32] Broken pipe
2026-06-29 05:46:11,674 [WARNING] Failed to replay event 22: [Errno 32] Broken pipe
2026-06-29 05:46:11,674 [WARNING] Failed to replay event 23: [Errno 32] Broken pipe
2026-06-29 05:46:11,674 [WARNING] Failed to replay event 24: [Errno 32] Broken pipe
2026-06-29 05:46:11,674 [WARNING] Failed to replay event 25: [Errno 32] Broken pipe
2026-06-29 05:46:11,674 [WARNING] Failed to replay event 26: [Errno 32] Broken pipe
2026-06-29 05:46:11,674 [WARNING] Failed to replay event 27: [Errno 32] Broken pipe
2026-06-29 05:46:11,675 [WARNING] Failed to replay event 28: [Errno 32] Broken pipe
2026-06-29 05:46:11,675 [WARNING] Failed to replay event 29: [Errno 32] Broken pipe
2026-06-29 05:46:11,675 [WARNING] Failed to replay event 30: [Errno 32] Broken pipe
2026-06-29 05:46:11,675 [WARNING] Failed to replay event 31: [Errno 32] Broken pipe
2026-06-29 05:46:11,675 [WARNING] Failed to replay event 32: [Errno 32] Broken pipe
2026-06-29 05:46:11,675 [WARNING] Failed to replay event 33: [Errno 32] Broken pipe
2026-06-29 05:46:11,675 [WARNING] Failed to replay event 34: [Errno 32] Broken pipe
2026-06-29 05:46:11,675 [WARNING] Failed to replay event 35: [Errno 32] Broken pipe
2026-06-29 05:46:11,675 [WARNING] Failed to replay event 36: [Errno 32] Broken pipe
2026-06-29 05:46:11,675 [INFO] handle_client: Entering receive loop
2026-06-29 05:46:11,675 [INFO] handle_client: Received empty data, client closed connection
2026-06-29 05:46:11,675 [INFO] Control Client disconnected
2026-06-29 05:46:12,150 [DEBUG] Received 10 bytes from BTS
2026-06-29 05:46:12,150 [DEBUG] Decoded IPA frame: proto=0x00, payload_len=7, consumed=10, payload_hex: 0c1201900f00c7
2026-06-29 05:46:12,150 [DEBUG] RSL message: 0c1201900f00c7
2026-06-29 05:46:12,150 [DEBUG] RSL discriminator: 0x0c, message type: 0x12, payload: 0c1201900f00c7
2026-06-29 05:46:12,150 [DEBUG] Incomplete frame, buffer size: 0, buffer_hex: 
2026-06-29 05:46:12,333 [DEBUG] Received 10 bytes from BTS
2026-06-29 05:46:12,333 [DEBUG] Decoded IPA frame: proto=0x00, payload_len=7, consumed=10, payload_hex: 0c1201900fffff
2026-06-29 05:46:12,333 [DEBUG] RSL message: 0c1201900fffff
2026-06-29 05:46:12,334 [DEBUG] RSL discriminator: 0x0c, message type: 0x12, payload: 0c1201900fffff
2026-06-29 05:46:12,334 [DEBUG] Incomplete frame, buffer size: 0, buffer_hex: 
2026-06-29 05:46:12,936 [INFO] Control Client connected from ('10.42.0.1', 41276)
2026-06-29 05:46:12,936 [INFO] handle_client: Starting, client socket: 12
2026-06-29 05:46:12,936 [INFO] handle_client: WELCOME sent
2026-06-29 05:46:12,987 [INFO] Replaying 36 buffered event(s)
2026-06-29 05:46:12,987 [WARNING] Failed to replay event 1: [Errno 32] Broken pipe
2026-06-29 05:46:12,987 [WARNING] Failed to replay event 2: [Errno 32] Broken pipe
2026-06-29 05:46:12,987 [WARNING] Failed to replay event 3: [Errno 32] Broken pipe
2026-06-29 05:46:12,987 [WARNING] Failed to replay event 4: [Errno 32] Broken pipe
2026-06-29 05:46:12,987 [WARNING] Failed to replay event 5: [Errno 32] Broken pipe
2026-06-29 05:46:12,987 [WARNING] Failed to replay event 6: [Errno 32] Broken pipe
2026-06-29 05:46:12,987 [WARNING] Failed to replay event 7: [Errno 32] Broken pipe
2026-06-29 05:46:12,987 [WARNING] Failed to replay event 8: [Errno 32] Broken pipe
2026-06-29 05:46:12,987 [WARNING] Failed to replay event 9: [Errno 32] Broken pipe
2026-06-29 05:46:12,987 [WARNING] Failed to replay event 10: [Errno 32] Broken pipe
2026-06-29 05:46:12,987 [WARNING] Failed to replay event 11: [Errno 32] Broken pipe
2026-06-29 05:46:12,987 [WARNING] Failed to replay event 12: [Errno 32] Broken pipe
2026-06-29 05:46:12,987 [WARNING] Failed to replay event 13: [Errno 32] Broken pipe
2026-06-29 05:46:12,987 [WARNING] Failed to replay event 14: [Errno 32] Broken pipe
2026-06-29 05:46:12,987 [WARNING] Failed to replay event 15: [Errno 32] Broken pipe
2026-06-29 05:46:12,987 [WARNING] Failed to replay event 16: [Errno 32] Broken pipe
2026-06-29 05:46:12,987 [WARNING] Failed to replay event 17: [Errno 32] Broken pipe
2026-06-29 05:46:12,987 [WARNING] Failed to replay event 18: [Errno 32] Broken pipe
2026-06-29 05:46:12,987 [WARNING] Failed to replay event 19: [Errno 32] Broken pipe
2026-06-29 05:46:12,987 [WARNING] Failed to replay event 20: [Errno 32] Broken pipe
2026-06-29 05:46:12,987 [WARNING] Failed to replay event 21: [Errno 32] Broken pipe
2026-06-29 05:46:12,987 [WARNING] Failed to replay event 22: [Errno 32] Broken pipe
2026-06-29 05:46:12,987 [WARNING] Failed to replay event 23: [Errno 32] Broken pipe
2026-06-29 05:46:12,987 [WARNING] Failed to replay event 24: [Errno 32] Broken pipe
2026-06-29 05:46:12,987 [WARNING] Failed to replay event 25: [Errno 32] Broken pipe
2026-06-29 05:46:12,987 [WARNING] Failed to replay event 26: [Errno 32] Broken pipe
2026-06-29 05:46:12,987 [WARNING] Failed to replay event 27: [Errno 32] Broken pipe
2026-06-29 05:46:12,987 [WARNING] Failed to replay event 28: [Errno 32] Broken pipe
2026-06-29 05:46:12,987 [WARNING] Failed to replay event 29: [Errno 32] Broken pipe
2026-06-29 05:46:12,987 [WARNING] Failed to replay event 30: [Errno 32] Broken pipe
2026-06-29 05:46:12,987 [WARNING] Failed to replay event 31: [Errno 32] Broken pipe
2026-06-29 05:46:12,987 [WARNING] Failed to replay event 32: [Errno 32] Broken pipe
2026-06-29 05:46:12,987 [WARNING] Failed to replay event 33: [Errno 32] Broken pipe
2026-06-29 05:46:12,987 [WARNING] Failed to replay event 34: [Errno 32] Broken pipe
2026-06-29 05:46:12,987 [WARNING] Failed to replay event 35: [Errno 32] Broken pipe
2026-06-29 05:46:12,987 [WARNING] Failed to replay event 36: [Errno 32] Broken pipe
2026-06-29 05:46:12,987 [INFO] handle_client: Entering receive loop
2026-06-29 05:46:12,987 [INFO] handle_client: Received empty data, client closed connection
2026-06-29 05:46:12,987 [INFO] Control Client disconnected
2026-06-29 05:46:13,150 [DEBUG] Received 10 bytes from BTS
2026-06-29 05:46:13,151 [DEBUG] Decoded IPA frame: proto=0x00, payload_len=7, consumed=10, payload_hex: 0c1201900fffff
2026-06-29 05:46:13,151 [DEBUG] RSL message: 0c1201900fffff
2026-06-29 05:46:13,151 [DEBUG] RSL discriminator: 0x0c, message type: 0x12, payload: 0c1201900fffff
2026-06-29 05:46:13,151 [DEBUG] Incomplete frame, buffer size: 0, buffer_hex: 
2026-06-29 05:46:13,334 [DEBUG] Received 10 bytes from BTS
2026-06-29 05:46:13,334 [DEBUG] Decoded IPA frame: proto=0x00, payload_len=7, consumed=10, payload_hex: 0c1201900fffff
2026-06-29 05:46:13,334 [DEBUG] RSL message: 0c1201900fffff
2026-06-29 05:46:13,334 [DEBUG] RSL discriminator: 0x0c, message type: 0x12, payload: 0c1201900fffff
2026-06-29 05:46:13,334 [DEBUG] Incomplete frame, buffer size: 0, buffer_hex: 
2026-06-29 05:46:14,151 [DEBUG] Received 10 bytes from BTS
2026-06-29 05:46:14,151 [DEBUG] Decoded IPA frame: proto=0x00, payload_len=7, consumed=10, payload_hex: 0c1201900f00c7
2026-06-29 05:46:14,151 [DEBUG] RSL message: 0c1201900f00c7
2026-06-29 05:46:14,151 [DEBUG] RSL discriminator: 0x0c, message type: 0x12, payload: 0c1201900f00c7
2026-06-29 05:46:14,151 [DEBUG] Incomplete frame, buffer size: 0, buffer_hex: 
2026-06-29 05:46:14,334 [DEBUG] Received 10 bytes from BTS
2026-06-29 05:46:14,334 [DEBUG] Decoded IPA frame: proto=0x00, payload_len=7, consumed=10, payload_hex: 0c1201900fffff
2026-06-29 05:46:14,334 [DEBUG] RSL message: 0c1201900fffff
2026-06-29 05:46:14,334 [DEBUG] RSL discriminator: 0x0c, message type: 0x12, payload: 0c1201900fffff
2026-06-29 05:46:14,334 [DEBUG] Incomplete frame, buffer size: 0, buffer_hex: 
2026-06-29 05:46:14,623 [INFO] Control Client connected from ('10.42.0.1', 41286)
2026-06-29 05:46:14,623 [INFO] handle_client: Starting, client socket: 6
2026-06-29 05:46:14,624 [INFO] handle_client: WELCOME sent
2026-06-29 05:46:14,674 [INFO] Replaying 36 buffered event(s)
2026-06-29 05:46:14,674 [WARNING] Failed to replay event 1: [Errno 32] Broken pipe
2026-06-29 05:46:14,674 [WARNING] Failed to replay event 2: [Errno 32] Broken pipe
2026-06-29 05:46:14,674 [WARNING] Failed to replay event 3: [Errno 32] Broken pipe
2026-06-29 05:46:14,674 [WARNING] Failed to replay event 4: [Errno 32] Broken pipe
2026-06-29 05:46:14,674 [WARNING] Failed to replay event 5: [Errno 32] Broken pipe
2026-06-29 05:46:14,674 [WARNING] Failed to replay event 6: [Errno 32] Broken pipe
2026-06-29 05:46:14,674 [WARNING] Failed to replay event 7: [Errno 32] Broken pipe
2026-06-29 05:46:14,674 [WARNING] Failed to replay event 8: [Errno 32] Broken pipe
2026-06-29 05:46:14,674 [WARNING] Failed to replay event 9: [Errno 32] Broken pipe
2026-06-29 05:46:14,674 [WARNING] Failed to replay event 10: [Errno 32] Broken pipe
2026-06-29 05:46:14,674 [WARNING] Failed to replay event 11: [Errno 32] Broken pipe
2026-06-29 05:46:14,674 [WARNING] Failed to replay event 12: [Errno 32] Broken pipe
2026-06-29 05:46:14,674 [WARNING] Failed to replay event 13: [Errno 32] Broken pipe
2026-06-29 05:46:14,674 [WARNING] Failed to replay event 14: [Errno 32] Broken pipe
2026-06-29 05:46:14,674 [WARNING] Failed to replay event 15: [Errno 32] Broken pipe
2026-06-29 05:46:14,674 [WARNING] Failed to replay event 16: [Errno 32] Broken pipe
2026-06-29 05:46:14,674 [WARNING] Failed to replay event 17: [Errno 32] Broken pipe
2026-06-29 05:46:14,674 [WARNING] Failed to replay event 18: [Errno 32] Broken pipe
2026-06-29 05:46:14,674 [WARNING] Failed to replay event 19: [Errno 32] Broken pipe
2026-06-29 05:46:14,674 [WARNING] Failed to replay event 20: [Errno 32] Broken pipe
2026-06-29 05:46:14,674 [WARNING] Failed to replay event 21: [Errno 32] Broken pipe
2026-06-29 05:46:14,674 [WARNING] Failed to replay event 22: [Errno 32] Broken pipe
2026-06-29 05:46:14,674 [WARNING] Failed to replay event 23: [Errno 32] Broken pipe
2026-06-29 05:46:14,674 [WARNING] Failed to replay event 24: [Errno 32] Broken pipe
2026-06-29 05:46:14,674 [WARNING] Failed to replay event 25: [Errno 32] Broken pipe
2026-06-29 05:46:14,674 [WARNING] Failed to replay event 26: [Errno 32] Broken pipe
2026-06-29 05:46:14,674 [WARNING] Failed to replay event 27: [Errno 32] Broken pipe
2026-06-29 05:46:14,674 [WARNING] Failed to replay event 28: [Errno 32] Broken pipe
2026-06-29 05:46:14,675 [WARNING] Failed to replay event 29: [Errno 32] Broken pipe
2026-06-29 05:46:14,675 [WARNING] Failed to replay event 30: [Errno 32] Broken pipe
2026-06-29 05:46:14,675 [WARNING] Failed to replay event 31: [Errno 32] Broken pipe
2026-06-29 05:46:14,675 [WARNING] Failed to replay event 32: [Errno 32] Broken pipe
2026-06-29 05:46:14,675 [WARNING] Failed to replay event 33: [Errno 32] Broken pipe
2026-06-29 05:46:14,675 [WARNING] Failed to replay event 34: [Errno 32] Broken pipe
2026-06-29 05:46:14,675 [WARNING] Failed to replay event 35: [Errno 32] Broken pipe
2026-06-29 05:46:14,675 [WARNING] Failed to replay event 36: [Errno 32] Broken pipe
2026-06-29 05:46:14,675 [INFO] handle_client: Entering receive loop
2026-06-29 05:46:14,675 [INFO] handle_client: Received empty data, client closed connection
2026-06-29 05:46:14,675 [INFO] Control Client disconnected
2026-06-29 05:46:15,152 [DEBUG] Received 10 bytes from BTS
2026-06-29 05:46:15,152 [DEBUG] Decoded IPA frame: proto=0x00, payload_len=7, consumed=10, payload_hex: 0c1201900f00c7
2026-06-29 05:46:15,152 [DEBUG] RSL message: 0c1201900f00c7
2026-06-29 05:46:15,152 [DEBUG] RSL discriminator: 0x0c, message type: 0x12, payload: 0c1201900f00c7
2026-06-29 05:46:15,152 [DEBUG] Incomplete frame, buffer size: 0, buffer_hex: 
2026-06-29 05:46:15,335 [DEBUG] Received 10 bytes from BTS
2026-06-29 05:46:15,335 [DEBUG] Decoded IPA frame: proto=0x00, payload_len=7, consumed=10, payload_hex: 0c1201900fffff
2026-06-29 05:46:15,335 [DEBUG] RSL message: 0c1201900fffff
2026-06-29 05:46:15,335 [DEBUG] RSL discriminator: 0x0c, message type: 0x12, payload: 0c1201900fffff
2026-06-29 05:46:15,335 [DEBUG] Incomplete frame, buffer size: 0, buffer_hex: 
2026-06-29 05:46:16,152 [DEBUG] Received 10 bytes from BTS
2026-06-29 05:46:16,153 [DEBUG] Decoded IPA frame: proto=0x00, payload_len=7, consumed=10, payload_hex: 0c1201900f00c7
2026-06-29 05:46:16,153 [DEBUG] RSL message: 0c1201900f00c7
2026-06-29 05:46:16,153 [DEBUG] RSL discriminator: 0x0c, message type: 0x12, payload: 0c1201900f00c7
2026-06-29 05:46:16,153 [DEBUG] Incomplete frame, buffer size: 0, buffer_hex: 
2026-06-29 05:46:16,336 [DEBUG] Received 10 bytes from BTS
2026-06-29 05:46:16,336 [DEBUG] Decoded IPA frame: proto=0x00, payload_len=7, consumed=10, payload_hex: 0c1201900fffff
2026-06-29 05:46:16,336 [DEBUG] RSL message: 0c1201900fffff
2026-06-29 05:46:16,336 [DEBUG] RSL discriminator: 0x0c, message type: 0x12, payload: 0c1201900fffff
2026-06-29 05:46:16,336 [DEBUG] Incomplete frame, buffer size: 0, buffer_hex: 
2026-06-29 05:46:17,153 [DEBUG] Received 10 bytes from BTS
2026-06-29 05:46:17,153 [DEBUG] Decoded IPA frame: proto=0x00, payload_len=7, consumed=10, payload_hex: 0c1201900f00c7
2026-06-29 05:46:17,153 [DEBUG] RSL message: 0c1201900f00c7
2026-06-29 05:46:17,153 [DEBUG] RSL discriminator: 0x0c, message type: 0x12, payload: 0c1201900f00c7
2026-06-29 05:46:17,153 [DEBUG] Incomplete frame, buffer size: 0, buffer_hex: 
2026-06-29 05:46:17,336 [DEBUG] Received 10 bytes from BTS
2026-06-29 05:46:17,336 [DEBUG] Decoded IPA frame: proto=0x00, payload_len=7, consumed=10, payload_hex: 0c1201900fffff
2026-06-29 05:46:17,336 [DEBUG] RSL message: 0c1201900fffff
2026-06-29 05:46:17,336 [DEBUG] RSL discriminator: 0x0c, message type: 0x12, payload: 0c1201900fffff
2026-06-29 05:46:17,336 [DEBUG] Incomplete frame, buffer size: 0, buffer_hex: 
2026-06-29 05:46:17,623 [INFO] Control Client connected from ('10.42.0.1', 41290)
2026-06-29 05:46:17,623 [INFO] handle_client: Starting, client socket: 12
2026-06-29 05:46:17,623 [INFO] handle_client: WELCOME sent
2026-06-29 05:46:17,674 [INFO] Replaying 36 buffered event(s)
2026-06-29 05:46:17,674 [WARNING] Failed to replay event 1: [Errno 32] Broken pipe
2026-06-29 05:46:17,674 [WARNING] Failed to replay event 2: [Errno 32] Broken pipe
2026-06-29 05:46:17,674 [WARNING] Failed to replay event 3: [Errno 32] Broken pipe
2026-06-29 05:46:17,674 [WARNING] Failed to replay event 4: [Errno 32] Broken pipe
2026-06-29 05:46:17,674 [WARNING] Failed to replay event 5: [Errno 32] Broken pipe
2026-06-29 05:46:17,674 [WARNING] Failed to replay event 6: [Errno 32] Broken pipe
2026-06-29 05:46:17,674 [WARNING] Failed to replay event 7: [Errno 32] Broken pipe
2026-06-29 05:46:17,674 [WARNING] Failed to replay event 8: [Errno 32] Broken pipe
2026-06-29 05:46:17,674 [WARNING] Failed to replay event 9: [Errno 32] Broken pipe
2026-06-29 05:46:17,674 [WARNING] Failed to replay event 10: [Errno 32] Broken pipe
2026-06-29 05:46:17,674 [WARNING] Failed to replay event 11: [Errno 32] Broken pipe
2026-06-29 05:46:17,674 [WARNING] Failed to replay event 12: [Errno 32] Broken pipe
2026-06-29 05:46:17,674 [WARNING] Failed to replay event 13: [Errno 32] Broken pipe
2026-06-29 05:46:17,674 [WARNING] Failed to replay event 14: [Errno 32] Broken pipe
2026-06-29 05:46:17,674 [WARNING] Failed to replay event 15: [Errno 32] Broken pipe
2026-06-29 05:46:17,674 [WARNING] Failed to replay event 16: [Errno 32] Broken pipe
2026-06-29 05:46:17,674 [WARNING] Failed to replay event 17: [Errno 32] Broken pipe
2026-06-29 05:46:17,674 [WARNING] Failed to replay event 18: [Errno 32] Broken pipe
2026-06-29 05:46:17,674 [WARNING] Failed to replay event 19: [Errno 32] Broken pipe
2026-06-29 05:46:17,674 [WARNING] Failed to replay event 20: [Errno 32] Broken pipe
2026-06-29 05:46:17,674 [WARNING] Failed to replay event 21: [Errno 32] Broken pipe
2026-06-29 05:46:17,675 [WARNING] Failed to replay event 22: [Errno 32] Broken pipe
2026-06-29 05:46:17,675 [WARNING] Failed to replay event 23: [Errno 32] Broken pipe
2026-06-29 05:46:17,675 [WARNING] Failed to replay event 24: [Errno 32] Broken pipe
2026-06-29 05:46:17,675 [WARNING] Failed to replay event 25: [Errno 32] Broken pipe
2026-06-29 05:46:17,675 [WARNING] Failed to replay event 26: [Errno 32] Broken pipe
2026-06-29 05:46:17,675 [WARNING] Failed to replay event 27: [Errno 32] Broken pipe
2026-06-29 05:46:17,675 [WARNING] Failed to replay event 28: [Errno 32] Broken pipe
2026-06-29 05:46:17,675 [WARNING] Failed to replay event 29: [Errno 32] Broken pipe
2026-06-29 05:46:17,675 [WARNING] Failed to replay event 30: [Errno 32] Broken pipe
2026-06-29 05:46:17,675 [WARNING] Failed to replay event 31: [Errno 32] Broken pipe
2026-06-29 05:46:17,675 [WARNING] Failed to replay event 32: [Errno 32] Broken pipe
2026-06-29 05:46:17,675 [WARNING] Failed to replay event 33: [Errno 32] Broken pipe
2026-06-29 05:46:17,675 [WARNING] Failed to replay event 34: [Errno 32] Broken pipe
2026-06-29 05:46:17,675 [WARNING] Failed to replay event 35: [Errno 32] Broken pipe
2026-06-29 05:46:17,675 [WARNING] Failed to replay event 36: [Errno 32] Broken pipe
2026-06-29 05:46:17,675 [INFO] handle_client: Entering receive loop
2026-06-29 05:46:17,675 [INFO] handle_client: Received empty data, client closed connection
2026-06-29 05:46:17,675 [INFO] Control Client disconnected
2026-06-29 05:46:18,154 [DEBUG] Received 10 bytes from BTS
2026-06-29 05:46:18,154 [DEBUG] Decoded IPA frame: proto=0x00, payload_len=7, consumed=10, payload_hex: 0c1201900f00c7
2026-06-29 05:46:18,154 [DEBUG] RSL message: 0c1201900f00c7
2026-06-29 05:46:18,154 [DEBUG] RSL discriminator: 0x0c, message type: 0x12, payload: 0c1201900f00c7
2026-06-29 05:46:18,154 [DEBUG] Incomplete frame, buffer size: 0, buffer_hex: 
2026-06-29 05:46:18,336 [DEBUG] Received 10 bytes from BTS
2026-06-29 05:46:18,336 [DEBUG] Decoded IPA frame: proto=0x00, payload_len=7, consumed=10, payload_hex: 0c1201900fffff
2026-06-29 05:46:18,336 [DEBUG] RSL message: 0c1201900fffff
2026-06-29 05:46:18,337 [DEBUG] RSL discriminator: 0x0c, message type: 0x12, payload: 0c1201900fffff
2026-06-29 05:46:18,337 [DEBUG] Incomplete frame, buffer size: 0, buffer_hex: 
2026-06-29 05:46:19,155 [DEBUG] Received 10 bytes from BTS
2026-06-29 05:46:19,155 [DEBUG] Decoded IPA frame: proto=0x00, payload_len=7, consumed=10, payload_hex: 0c1201900f00c7
2026-06-29 05:46:19,155 [DEBUG] RSL message: 0c1201900f00c7
2026-06-29 05:46:19,155 [DEBUG] RSL discriminator: 0x0c, message type: 0x12, payload: 0c1201900f00c7
2026-06-29 05:46:19,155 [DEBUG] Incomplete frame, buffer size: 0, buffer_hex: 
2026-06-29 05:46:19,337 [DEBUG] Received 10 bytes from BTS
2026-06-29 05:46:19,337 [DEBUG] Decoded IPA frame: proto=0x00, payload_len=7, consumed=10, payload_hex: 0c1201900fffff
2026-06-29 05:46:19,337 [DEBUG] RSL message: 0c1201900fffff
2026-06-29 05:46:19,337 [DEBUG] RSL discriminator: 0x0c, message type: 0x12, payload: 0c1201900fffff
2026-06-29 05:46:19,337 [DEBUG] Incomplete frame, buffer size: 0, buffer_hex: 
2026-06-29 05:46:20,155 [DEBUG] Received 10 bytes from BTS
2026-06-29 05:46:20,156 [DEBUG] Decoded IPA frame: proto=0x00, payload_len=7, consumed=10, payload_hex: 0c1201900fffff
2026-06-29 05:46:20,156 [DEBUG] RSL message: 0c1201900fffff
2026-06-29 05:46:20,156 [DEBUG] RSL discriminator: 0x0c, message type: 0x12, payload: 0c1201900fffff
2026-06-29 05:46:20,156 [DEBUG] Incomplete frame, buffer size: 0, buffer_hex: 
2026-06-29 05:46:20,337 [DEBUG] Received 10 bytes from BTS
2026-06-29 05:46:20,337 [DEBUG] Decoded IPA frame: proto=0x00, payload_len=7, consumed=10, payload_hex: 0c1201900fffff
2026-06-29 05:46:20,337 [DEBUG] RSL message: 0c1201900fffff
2026-06-29 05:46:20,337 [DEBUG] RSL discriminator: 0x0c, message type: 0x12, payload: 0c1201900fffff
2026-06-29 05:46:20,337 [DEBUG] Incomplete frame, buffer size: 0, buffer_hex: 
2026-06-29 05:46:20,623 [INFO] Control Client connected from ('10.42.0.1', 41300)
2026-06-29 05:46:20,623 [INFO] handle_client: Starting, client socket: 6
2026-06-29 05:46:20,623 [INFO] handle_client: WELCOME sent
2026-06-29 05:46:20,674 [INFO] Replaying 36 buffered event(s)
2026-06-29 05:46:20,674 [WARNING] Failed to replay event 1: [Errno 32] Broken pipe
2026-06-29 05:46:20,674 [WARNING] Failed to replay event 2: [Errno 32] Broken pipe
2026-06-29 05:46:20,674 [WARNING] Failed to replay event 3: [Errno 32] Broken pipe
2026-06-29 05:46:20,674 [WARNING] Failed to replay event 4: [Errno 32] Broken pipe
2026-06-29 05:46:20,674 [WARNING] Failed to replay event 5: [Errno 32] Broken pipe
2026-06-29 05:46:20,674 [WARNING] Failed to replay event 6: [Errno 32] Broken pipe
2026-06-29 05:46:20,674 [WARNING] Failed to replay event 7: [Errno 32] Broken pipe
2026-06-29 05:46:20,674 [WARNING] Failed to replay event 8: [Errno 32] Broken pipe
2026-06-29 05:46:20,674 [WARNING] Failed to replay event 9: [Errno 32] Broken pipe
2026-06-29 05:46:20,674 [WARNING] Failed to replay event 10: [Errno 32] Broken pipe
2026-06-29 05:46:20,674 [WARNING] Failed to replay event 11: [Errno 32] Broken pipe
2026-06-29 05:46:20,674 [WARNING] Failed to replay event 12: [Errno 32] Broken pipe
2026-06-29 05:46:20,674 [WARNING] Failed to replay event 13: [Errno 32] Broken pipe
2026-06-29 05:46:20,674 [WARNING] Failed to replay event 14: [Errno 32] Broken pipe
2026-06-29 05:46:20,674 [WARNING] Failed to replay event 15: [Errno 32] Broken pipe
2026-06-29 05:46:20,674 [WARNING] Failed to replay event 16: [Errno 32] Broken pipe
2026-06-29 05:46:20,674 [WARNING] Failed to replay event 17: [Errno 32] Broken pipe
2026-06-29 05:46:20,674 [WARNING] Failed to replay event 18: [Errno 32] Broken pipe
2026-06-29 05:46:20,674 [WARNING] Failed to replay event 19: [Errno 32] Broken pipe
2026-06-29 05:46:20,674 [WARNING] Failed to replay event 20: [Errno 32] Broken pipe
2026-06-29 05:46:20,674 [WARNING] Failed to replay event 21: [Errno 32] Broken pipe
2026-06-29 05:46:20,674 [WARNING] Failed to replay event 22: [Errno 32] Broken pipe
2026-06-29 05:46:20,674 [WARNING] Failed to replay event 23: [Errno 32] Broken pipe
2026-06-29 05:46:20,674 [WARNING] Failed to replay event 24: [Errno 32] Broken pipe
2026-06-29 05:46:20,674 [WARNING] Failed to replay event 25: [Errno 32] Broken pipe
2026-06-29 05:46:20,674 [WARNING] Failed to replay event 26: [Errno 32] Broken pipe
2026-06-29 05:46:20,674 [WARNING] Failed to replay event 27: [Errno 32] Broken pipe
2026-06-29 05:46:20,674 [WARNING] Failed to replay event 28: [Errno 32] Broken pipe
2026-06-29 05:46:20,674 [WARNING] Failed to replay event 29: [Errno 32] Broken pipe
2026-06-29 05:46:20,674 [WARNING] Failed to replay event 30: [Errno 32] Broken pipe
2026-06-29 05:46:20,674 [WARNING] Failed to replay event 31: [Errno 32] Broken pipe
2026-06-29 05:46:20,674 [WARNING] Failed to replay event 32: [Errno 32] Broken pipe
2026-06-29 05:46:20,674 [WARNING] Failed to replay event 33: [Errno 32] Broken pipe
2026-06-29 05:46:20,674 [WARNING] Failed to replay event 34: [Errno 32] Broken pipe
2026-06-29 05:46:20,674 [WARNING] Failed to replay event 35: [Errno 32] Broken pipe
2026-06-29 05:46:20,674 [WARNING] Failed to replay event 36: [Errno 32] Broken pipe
2026-06-29 05:46:20,674 [INFO] handle_client: Entering receive loop
2026-06-29 05:46:20,674 [INFO] handle_client: Received empty data, client closed connection
2026-06-29 05:46:20,674 [INFO] Control Client disconnected
2026-06-29 05:46:21,156 [DEBUG] Received 10 bytes from BTS
2026-06-29 05:46:21,156 [DEBUG] Decoded IPA frame: proto=0x00, payload_len=7, consumed=10, payload_hex: 0c1201900f00c8
2026-06-29 05:46:21,156 [DEBUG] RSL message: 0c1201900f00c8
2026-06-29 05:46:21,156 [DEBUG] RSL discriminator: 0x0c, message type: 0x12, payload: 0c1201900f00c8
2026-06-29 05:46:21,156 [DEBUG] Incomplete frame, buffer size: 0, buffer_hex: 
2026-06-29 05:46:21,338 [DEBUG] Received 10 bytes from BTS
2026-06-29 05:46:21,338 [DEBUG] Decoded IPA frame: proto=0x00, payload_len=7, consumed=10, payload_hex: 0c1201900fffff
2026-06-29 05:46:21,338 [DEBUG] RSL message: 0c1201900fffff
2026-06-29 05:46:21,338 [DEBUG] RSL discriminator: 0x0c, message type: 0x12, payload: 0c1201900fffff
2026-06-29 05:46:21,338 [DEBUG] Incomplete frame, buffer size: 0, buffer_hex: 
2026-06-29 05:46:22,156 [DEBUG] Received 10 bytes from BTS
2026-06-29 05:46:22,156 [DEBUG] Decoded IPA frame: proto=0x00, payload_len=7, consumed=10, payload_hex: 0c1201900fffff
2026-06-29 05:46:22,156 [DEBUG] RSL message: 0c1201900fffff
2026-06-29 05:46:22,156 [DEBUG] RSL discriminator: 0x0c, message type: 0x12, payload: 0c1201900fffff
2026-06-29 05:46:22,156 [DEBUG] Incomplete frame, buffer size: 0, buffer_hex: 
2026-06-29 05:46:22,339 [DEBUG] Received 10 bytes from BTS
2026-06-29 05:46:22,339 [DEBUG] Decoded IPA frame: proto=0x00, payload_len=7, consumed=10, payload_hex: 0c1201900fffff
2026-06-29 05:46:22,339 [DEBUG] RSL message: 0c1201900fffff
2026-06-29 05:46:22,339 [DEBUG] RSL discriminator: 0x0c, message type: 0x12, payload: 0c1201900fffff
2026-06-29 05:46:22,339 [DEBUG] Incomplete frame, buffer size: 0, buffer_hex: 
2026-06-29 05:46:22,936 [INFO] Control Client connected from ('10.42.0.1', 58608)
2026-06-29 05:46:22,936 [INFO] handle_client: Starting, client socket: 12
2026-06-29 05:46:22,937 [INFO] handle_client: WELCOME sent
2026-06-29 05:46:22,987 [INFO] Replaying 36 buffered event(s)
2026-06-29 05:46:22,987 [WARNING] Failed to replay event 1: [Errno 32] Broken pipe
2026-06-29 05:46:22,987 [WARNING] Failed to replay event 2: [Errno 32] Broken pipe
2026-06-29 05:46:22,987 [WARNING] Failed to replay event 3: [Errno 32] Broken pipe
2026-06-29 05:46:22,987 [WARNING] Failed to replay event 4: [Errno 32] Broken pipe
2026-06-29 05:46:22,987 [WARNING] Failed to replay event 5: [Errno 32] Broken pipe
2026-06-29 05:46:22,987 [WARNING] Failed to replay event 6: [Errno 32] Broken pipe
2026-06-29 05:46:22,987 [WARNING] Failed to replay event 7: [Errno 32] Broken pipe
2026-06-29 05:46:22,987 [WARNING] Failed to replay event 8: [Errno 32] Broken pipe
2026-06-29 05:46:22,987 [WARNING] Failed to replay event 9: [Errno 32] Broken pipe
2026-06-29 05:46:22,987 [WARNING] Failed to replay event 10: [Errno 32] Broken pipe
2026-06-29 05:46:22,987 [WARNING] Failed to replay event 11: [Errno 32] Broken pipe
2026-06-29 05:46:22,987 [WARNING] Failed to replay event 12: [Errno 32] Broken pipe
2026-06-29 05:46:22,987 [WARNING] Failed to replay event 13: [Errno 32] Broken pipe
2026-06-29 05:46:22,987 [WARNING] Failed to replay event 14: [Errno 32] Broken pipe
2026-06-29 05:46:22,987 [WARNING] Failed to replay event 15: [Errno 32] Broken pipe
2026-06-29 05:46:22,987 [WARNING] Failed to replay event 16: [Errno 32] Broken pipe
2026-06-29 05:46:22,987 [WARNING] Failed to replay event 17: [Errno 32] Broken pipe
2026-06-29 05:46:22,987 [WARNING] Failed to replay event 18: [Errno 32] Broken pipe
2026-06-29 05:46:22,987 [WARNING] Failed to replay event 19: [Errno 32] Broken pipe
2026-06-29 05:46:22,987 [WARNING] Failed to replay event 20: [Errno 32] Broken pipe
2026-06-29 05:46:22,987 [WARNING] Failed to replay event 21: [Errno 32] Broken pipe
2026-06-29 05:46:22,987 [WARNING] Failed to replay event 22: [Errno 32] Broken pipe
2026-06-29 05:46:22,987 [WARNING] Failed to replay event 23: [Errno 32] Broken pipe
2026-06-29 05:46:22,987 [WARNING] Failed to replay event 24: [Errno 32] Broken pipe
2026-06-29 05:46:22,987 [WARNING] Failed to replay event 25: [Errno 32] Broken pipe
2026-06-29 05:46:22,987 [WARNING] Failed to replay event 26: [Errno 32] Broken pipe
2026-06-29 05:46:22,987 [WARNING] Failed to replay event 27: [Errno 32] Broken pipe
2026-06-29 05:46:22,987 [WARNING] Failed to replay event 28: [Errno 32] Broken pipe
2026-06-29 05:46:22,987 [WARNING] Failed to replay event 29: [Errno 32] Broken pipe
2026-06-29 05:46:22,988 [WARNING] Failed to replay event 30: [Errno 32] Broken pipe
2026-06-29 05:46:22,988 [WARNING] Failed to replay event 31: [Errno 32] Broken pipe
2026-06-29 05:46:22,988 [WARNING] Failed to replay event 32: [Errno 32] Broken pipe
2026-06-29 05:46:22,988 [WARNING] Failed to replay event 33: [Errno 32] Broken pipe
2026-06-29 05:46:22,988 [WARNING] Failed to replay event 34: [Errno 32] Broken pipe
2026-06-29 05:46:22,988 [WARNING] Failed to replay event 35: [Errno 32] Broken pipe
2026-06-29 05:46:22,988 [WARNING] Failed to replay event 36: [Errno 32] Broken pipe
2026-06-29 05:46:22,988 [INFO] handle_client: Entering receive loop
2026-06-29 05:46:22,988 [INFO] handle_client: Received empty data, client closed connection
2026-06-29 05:46:22,988 [INFO] Control Client disconnected
2026-06-29 05:46:23,157 [DEBUG] Received 10 bytes from BTS
2026-06-29 05:46:23,157 [DEBUG] Decoded IPA frame: proto=0x00, payload_len=7, consumed=10, payload_hex: 0c1201900fffff
2026-06-29 05:46:23,157 [DEBUG] RSL message: 0c1201900fffff
2026-06-29 05:46:23,157 [DEBUG] RSL discriminator: 0x0c, message type: 0x12, payload: 0c1201900fffff
2026-06-29 05:46:23,157 [DEBUG] Incomplete frame, buffer size: 0, buffer_hex: 
2026-06-29 05:46:23,339 [DEBUG] Received 10 bytes from BTS
2026-06-29 05:46:23,340 [DEBUG] Decoded IPA frame: proto=0x00, payload_len=7, consumed=10, payload_hex: 0c1201900fffff
2026-06-29 05:46:23,340 [DEBUG] RSL message: 0c1201900fffff
2026-06-29 05:46:23,340 [DEBUG] RSL discriminator: 0x0c, message type: 0x12, payload: 0c1201900fffff
2026-06-29 05:46:23,340 [DEBUG] Incomplete frame, buffer size: 0, buffer_hex: 
2026-06-29 05:46:23,623 [INFO] Control Client connected from ('10.42.0.1', 58616)
2026-06-29 05:46:23,623 [INFO] handle_client: Starting, client socket: 6
2026-06-29 05:46:23,624 [INFO] handle_client: WELCOME sent
2026-06-29 05:46:23,674 [INFO] Replaying 36 buffered event(s)
2026-06-29 05:46:23,674 [WARNING] Failed to replay event 1: [Errno 32] Broken pipe
2026-06-29 05:46:23,674 [WARNING] Failed to replay event 2: [Errno 32] Broken pipe
2026-06-29 05:46:23,674 [WARNING] Failed to replay event 3: [Errno 32] Broken pipe
2026-06-29 05:46:23,674 [WARNING] Failed to replay event 4: [Errno 32] Broken pipe
2026-06-29 05:46:23,674 [WARNING] Failed to replay event 5: [Errno 32] Broken pipe
2026-06-29 05:46:23,674 [WARNING] Failed to replay event 6: [Errno 32] Broken pipe
2026-06-29 05:46:23,674 [WARNING] Failed to replay event 7: [Errno 32] Broken pipe
2026-06-29 05:46:23,674 [WARNING] Failed to replay event 8: [Errno 32] Broken pipe
2026-06-29 05:46:23,674 [WARNING] Failed to replay event 9: [Errno 32] Broken pipe
2026-06-29 05:46:23,674 [WARNING] Failed to replay event 10: [Errno 32] Broken pipe
2026-06-29 05:46:23,674 [WARNING] Failed to replay event 11: [Errno 32] Broken pipe
2026-06-29 05:46:23,674 [WARNING] Failed to replay event 12: [Errno 32] Broken pipe
2026-06-29 05:46:23,674 [WARNING] Failed to replay event 13: [Errno 32] Broken pipe
2026-06-29 05:46:23,674 [WARNING] Failed to replay event 14: [Errno 32] Broken pipe
2026-06-29 05:46:23,674 [WARNING] Failed to replay event 15: [Errno 32] Broken pipe
2026-06-29 05:46:23,674 [WARNING] Failed to replay event 16: [Errno 32] Broken pipe
2026-06-29 05:46:23,674 [WARNING] Failed to replay event 17: [Errno 32] Broken pipe
2026-06-29 05:46:23,674 [WARNING] Failed to replay event 18: [Errno 32] Broken pipe
2026-06-29 05:46:23,674 [WARNING] Failed to replay event 19: [Errno 32] Broken pipe
2026-06-29 05:46:23,674 [WARNING] Failed to replay event 20: [Errno 32] Broken pipe
2026-06-29 05:46:23,674 [WARNING] Failed to replay event 21: [Errno 32] Broken pipe
2026-06-29 05:46:23,674 [WARNING] Failed to replay event 22: [Errno 32] Broken pipe
2026-06-29 05:46:23,674 [WARNING] Failed to replay event 23: [Errno 32] Broken pipe
2026-06-29 05:46:23,674 [WARNING] Failed to replay event 24: [Errno 32] Broken pipe
2026-06-29 05:46:23,674 [WARNING] Failed to replay event 25: [Errno 32] Broken pipe
2026-06-29 05:46:23,674 [WARNING] Failed to replay event 26: [Errno 32] Broken pipe
2026-06-29 05:46:23,674 [WARNING] Failed to replay event 27: [Errno 32] Broken pipe
2026-06-29 05:46:23,674 [WARNING] Failed to replay event 28: [Errno 32] Broken pipe
2026-06-29 05:46:23,674 [WARNING] Failed to replay event 29: [Errno 32] Broken pipe
2026-06-29 05:46:23,674 [WARNING] Failed to replay event 30: [Errno 32] Broken pipe
2026-06-29 05:46:23,674 [WARNING] Failed to replay event 31: [Errno 32] Broken pipe
2026-06-29 05:46:23,674 [WARNING] Failed to replay event 32: [Errno 32] Broken pipe
2026-06-29 05:46:23,674 [WARNING] Failed to replay event 33: [Errno 32] Broken pipe
2026-06-29 05:46:23,674 [WARNING] Failed to replay event 34: [Errno 32] Broken pipe
2026-06-29 05:46:23,674 [WARNING] Failed to replay event 35: [Errno 32] Broken pipe
2026-06-29 05:46:23,674 [WARNING] Failed to replay event 36: [Errno 32] Broken pipe
2026-06-29 05:46:23,675 [INFO] handle_client: Entering receive loop
2026-06-29 05:46:23,675 [INFO] handle_client: Received empty data, client closed connection
2026-06-29 05:46:23,675 [INFO] Control Client disconnected
2026-06-29 05:46:24,158 [DEBUG] Received 10 bytes from BTS
2026-06-29 05:46:24,158 [DEBUG] Decoded IPA frame: proto=0x00, payload_len=7, consumed=10, payload_hex: 0c1201900fffff
2026-06-29 05:46:24,158 [DEBUG] RSL message: 0c1201900fffff
2026-06-29 05:46:24,158 [DEBUG] RSL discriminator: 0x0c, message type: 0x12, payload: 0c1201900fffff
2026-06-29 05:46:24,158 [DEBUG] Incomplete frame, buffer size: 0, buffer_hex: 
2026-06-29 05:46:24,340 [DEBUG] Received 10 bytes from BTS
2026-06-29 05:46:24,340 [DEBUG] Decoded IPA frame: proto=0x00, payload_len=7, consumed=10, payload_hex: 0c1201900fffff
2026-06-29 05:46:24,340 [DEBUG] RSL message: 0c1201900fffff
2026-06-29 05:46:24,340 [DEBUG] RSL discriminator: 0x0c, message type: 0x12, payload: 0c1201900fffff
2026-06-29 05:46:24,340 [DEBUG] Incomplete frame, buffer size: 0, buffer_hex: 
2026-06-29 05:46:25,158 [DEBUG] Received 10 bytes from BTS
2026-06-29 05:46:25,158 [DEBUG] Decoded IPA frame: proto=0x00, payload_len=7, consumed=10, payload_hex: 0c1201900fffff
2026-06-29 05:46:25,158 [DEBUG] RSL message: 0c1201900fffff
2026-06-29 05:46:25,158 [DEBUG] RSL discriminator: 0x0c, message type: 0x12, payload: 0c1201900fffff
2026-06-29 05:46:25,158 [DEBUG] Incomplete frame, buffer size: 0, buffer_hex: 
2026-06-29 05:46:25,341 [DEBUG] Received 10 bytes from BTS
2026-06-29 05:46:25,341 [DEBUG] Decoded IPA frame: proto=0x00, payload_len=7, consumed=10, payload_hex: 0c1201900fffff
2026-06-29 05:46:25,341 [DEBUG] RSL message: 0c1201900fffff
2026-06-29 05:46:25,341 [DEBUG] RSL discriminator: 0x0c, message type: 0x12, payload: 0c1201900fffff
2026-06-29 05:46:25,341 [DEBUG] Incomplete frame, buffer size: 0, buffer_hex: 
2026-06-29 05:46:26,158 [DEBUG] Received 10 bytes from BTS
2026-06-29 05:46:26,158 [DEBUG] Decoded IPA frame: proto=0x00, payload_len=7, consumed=10, payload_hex: 0c1201900fffff
2026-06-29 05:46:26,159 [DEBUG] RSL message: 0c1201900fffff
2026-06-29 05:46:26,159 [DEBUG] RSL discriminator: 0x0c, message type: 0x12, payload: 0c1201900fffff
2026-06-29 05:46:26,159 [DEBUG] Incomplete frame, buffer size: 0, buffer_hex: 
2026-06-29 05:46:26,341 [DEBUG] Received 10 bytes from BTS
2026-06-29 05:46:26,341 [DEBUG] Decoded IPA frame: proto=0x00, payload_len=7, consumed=10, payload_hex: 0c1201900fffff
2026-06-29 05:46:26,341 [DEBUG] RSL message: 0c1201900fffff
2026-06-29 05:46:26,341 [DEBUG] RSL discriminator: 0x0c, message type: 0x12, payload: 0c1201900fffff
2026-06-29 05:46:26,341 [DEBUG] Incomplete frame, buffer size: 0, buffer_hex: 
2026-06-29 05:46:26,623 [INFO] Control Client connected from ('10.42.0.1', 58618)
2026-06-29 05:46:26,623 [INFO] handle_client: Starting, client socket: 12
2026-06-29 05:46:26,623 [INFO] handle_client: WELCOME sent
2026-06-29 05:46:26,674 [INFO] Replaying 36 buffered event(s)
2026-06-29 05:46:26,674 [WARNING] Failed to replay event 1: [Errno 32] Broken pipe
2026-06-29 05:46:26,674 [WARNING] Failed to replay event 2: [Errno 32] Broken pipe
2026-06-29 05:46:26,674 [WARNING] Failed to replay event 3: [Errno 32] Broken pipe
2026-06-29 05:46:26,674 [WARNING] Failed to replay event 4: [Errno 32] Broken pipe
2026-06-29 05:46:26,674 [WARNING] Failed to replay event 5: [Errno 32] Broken pipe
2026-06-29 05:46:26,674 [WARNING] Failed to replay event 6: [Errno 32] Broken pipe
2026-06-29 05:46:26,674 [WARNING] Failed to replay event 7: [Errno 32] Broken pipe
2026-06-29 05:46:26,674 [WARNING] Failed to replay event 8: [Errno 32] Broken pipe
2026-06-29 05:46:26,674 [WARNING] Failed to replay event 9: [Errno 32] Broken pipe
2026-06-29 05:46:26,674 [WARNING] Failed to replay event 10: [Errno 32] Broken pipe
2026-06-29 05:46:26,674 [WARNING] Failed to replay event 11: [Errno 32] Broken pipe
2026-06-29 05:46:26,674 [WARNING] Failed to replay event 12: [Errno 32] Broken pipe
2026-06-29 05:46:26,674 [WARNING] Failed to replay event 13: [Errno 32] Broken pipe
2026-06-29 05:46:26,674 [WARNING] Failed to replay event 14: [Errno 32] Broken pipe
2026-06-29 05:46:26,674 [WARNING] Failed to replay event 15: [Errno 32] Broken pipe
2026-06-29 05:46:26,674 [WARNING] Failed to replay event 16: [Errno 32] Broken pipe
2026-06-29 05:46:26,674 [WARNING] Failed to replay event 17: [Errno 32] Broken pipe
2026-06-29 05:46:26,674 [WARNING] Failed to replay event 18: [Errno 32] Broken pipe
2026-06-29 05:46:26,674 [WARNING] Failed to replay event 19: [Errno 32] Broken pipe
2026-06-29 05:46:26,674 [WARNING] Failed to replay event 20: [Errno 32] Broken pipe
2026-06-29 05:46:26,674 [WARNING] Failed to replay event 21: [Errno 32] Broken pipe
2026-06-29 05:46:26,674 [WARNING] Failed to replay event 22: [Errno 32] Broken pipe
2026-06-29 05:46:26,674 [WARNING] Failed to replay event 23: [Errno 32] Broken pipe
2026-06-29 05:46:26,674 [WARNING] Failed to replay event 24: [Errno 32] Broken pipe
2026-06-29 05:46:26,674 [WARNING] Failed to replay event 25: [Errno 32] Broken pipe
2026-06-29 05:46:26,674 [WARNING] Failed to replay event 26: [Errno 32] Broken pipe
2026-06-29 05:46:26,674 [WARNING] Failed to replay event 27: [Errno 32] Broken pipe
2026-06-29 05:46:26,674 [WARNING] Failed to replay event 28: [Errno 32] Broken pipe
2026-06-29 05:46:26,674 [WARNING] Failed to replay event 29: [Errno 32] Broken pipe
2026-06-29 05:46:26,674 [WARNING] Failed to replay event 30: [Errno 32] Broken pipe
2026-06-29 05:46:26,674 [WARNING] Failed to replay event 31: [Errno 32] Broken pipe
2026-06-29 05:46:26,674 [WARNING] Failed to replay event 32: [Errno 32] Broken pipe
2026-06-29 05:46:26,674 [WARNING] Failed to replay event 33: [Errno 32] Broken pipe
2026-06-29 05:46:26,674 [WARNING] Failed to replay event 34: [Errno 32] Broken pipe
2026-06-29 05:46:26,674 [WARNING] Failed to replay event 35: [Errno 32] Broken pipe
2026-06-29 05:46:26,674 [WARNING] Failed to replay event 36: [Errno 32] Broken pipe
2026-06-29 05:46:26,674 [INFO] handle_client: Entering receive loop
2026-06-29 05:46:26,674 [INFO] handle_client: Received empty data, client closed connection
2026-06-29 05:46:26,674 [INFO] Control Client disconnected
2026-06-29 05:46:27,159 [DEBUG] Received 10 bytes from BTS
2026-06-29 05:46:27,159 [DEBUG] Decoded IPA frame: proto=0x00, payload_len=7, consumed=10, payload_hex: 0c1201900fffff
2026-06-29 05:46:27,159 [DEBUG] RSL message: 0c1201900fffff
2026-06-29 05:46:27,159 [DEBUG] RSL discriminator: 0x0c, message type: 0x12, payload: 0c1201900fffff
2026-06-29 05:46:27,159 [DEBUG] Incomplete frame, buffer size: 0, buffer_hex: 
2026-06-29 05:46:27,342 [DEBUG] Received 10 bytes from BTS
2026-06-29 05:46:27,342 [DEBUG] Decoded IPA frame: proto=0x00, payload_len=7, consumed=10, payload_hex: 0c1201900fffff
2026-06-29 05:46:27,342 [DEBUG] RSL message: 0c1201900fffff
2026-06-29 05:46:27,342 [DEBUG] RSL discriminator: 0x0c, message type: 0x12, payload: 0c1201900fffff
2026-06-29 05:46:27,342 [DEBUG] Incomplete frame, buffer size: 0, buffer_hex: 
2026-06-29 05:46:28,159 [DEBUG] Received 10 bytes from BTS
2026-06-29 05:46:28,159 [DEBUG] Decoded IPA frame: proto=0x00, payload_len=7, consumed=10, payload_hex: 0c1201900fffff
2026-06-29 05:46:28,159 [DEBUG] RSL message: 0c1201900fffff
2026-06-29 05:46:28,159 [DEBUG] RSL discriminator: 0x0c, message type: 0x12, payload: 0c1201900fffff
2026-06-29 05:46:28,159 [DEBUG] Incomplete frame, buffer size: 0, buffer_hex: 
2026-06-29 05:46:28,343 [DEBUG] Received 10 bytes from BTS
2026-06-29 05:46:28,343 [DEBUG] Decoded IPA frame: proto=0x00, payload_len=7, consumed=10, payload_hex: 0c1201900fffff
2026-06-29 05:46:28,343 [DEBUG] RSL message: 0c1201900fffff
2026-06-29 05:46:28,343 [DEBUG] RSL discriminator: 0x0c, message type: 0x12, payload: 0c1201900fffff
2026-06-29 05:46:28,343 [DEBUG] Incomplete frame, buffer size: 0, buffer_hex: 
2026-06-29 05:46:29,160 [DEBUG] Received 10 bytes from BTS
2026-06-29 05:46:29,160 [DEBUG] Decoded IPA frame: proto=0x00, payload_len=7, consumed=10, payload_hex: 0c1201900fffff
2026-06-29 05:46:29,160 [DEBUG] RSL message: 0c1201900fffff
2026-06-29 05:46:29,160 [DEBUG] RSL discriminator: 0x0c, message type: 0x12, payload: 0c1201900fffff
2026-06-29 05:46:29,160 [DEBUG] Incomplete frame, buffer size: 0, buffer_hex: 
2026-06-29 05:46:29,343 [DEBUG] Received 10 bytes from BTS
2026-06-29 05:46:29,343 [DEBUG] Decoded IPA frame: proto=0x00, payload_len=7, consumed=10, payload_hex: 0c1201900fffff
2026-06-29 05:46:29,343 [DEBUG] RSL message: 0c1201900fffff
2026-06-29 05:46:29,343 [DEBUG] RSL discriminator: 0x0c, message type: 0x12, payload: 0c1201900fffff
2026-06-29 05:46:29,343 [DEBUG] Incomplete frame, buffer size: 0, buffer_hex: 
2026-06-29 05:46:29,624 [INFO] Control Client connected from ('10.42.0.1', 58630)
2026-06-29 05:46:29,624 [INFO] handle_client: Starting, client socket: 6
2026-06-29 05:46:29,624 [INFO] handle_client: WELCOME sent
2026-06-29 05:46:29,674 [INFO] Replaying 36 buffered event(s)
2026-06-29 05:46:29,674 [WARNING] Failed to replay event 1: [Errno 32] Broken pipe
2026-06-29 05:46:29,674 [WARNING] Failed to replay event 2: [Errno 32] Broken pipe
2026-06-29 05:46:29,674 [WARNING] Failed to replay event 3: [Errno 32] Broken pipe
2026-06-29 05:46:29,674 [WARNING] Failed to replay event 4: [Errno 32] Broken pipe
2026-06-29 05:46:29,674 [WARNING] Failed to replay event 5: [Errno 32] Broken pipe
2026-06-29 05:46:29,674 [WARNING] Failed to replay event 6: [Errno 32] Broken pipe
2026-06-29 05:46:29,674 [WARNING] Failed to replay event 7: [Errno 32] Broken pipe
2026-06-29 05:46:29,674 [WARNING] Failed to replay event 8: [Errno 32] Broken pipe
2026-06-29 05:46:29,674 [WARNING] Failed to replay event 9: [Errno 32] Broken pipe
2026-06-29 05:46:29,675 [WARNING] Failed to replay event 10: [Errno 32] Broken pipe
2026-06-29 05:46:29,675 [WARNING] Failed to replay event 11: [Errno 32] Broken pipe
2026-06-29 05:46:29,675 [WARNING] Failed to replay event 12: [Errno 32] Broken pipe
2026-06-29 05:46:29,675 [WARNING] Failed to replay event 13: [Errno 32] Broken pipe
2026-06-29 05:46:29,675 [WARNING] Failed to replay event 14: [Errno 32] Broken pipe
2026-06-29 05:46:29,675 [WARNING] Failed to replay event 15: [Errno 32] Broken pipe
2026-06-29 05:46:29,675 [WARNING] Failed to replay event 16: [Errno 32] Broken pipe
2026-06-29 05:46:29,675 [WARNING] Failed to replay event 17: [Errno 32] Broken pipe
2026-06-29 05:46:29,675 [WARNING] Failed to replay event 18: [Errno 32] Broken pipe
2026-06-29 05:46:29,675 [WARNING] Failed to replay event 19: [Errno 32] Broken pipe
2026-06-29 05:46:29,675 [WARNING] Failed to replay event 20: [Errno 32] Broken pipe
2026-06-29 05:46:29,675 [WARNING] Failed to replay event 21: [Errno 32] Broken pipe
2026-06-29 05:46:29,675 [WARNING] Failed to replay event 22: [Errno 32] Broken pipe
2026-06-29 05:46:29,675 [WARNING] Failed to replay event 23: [Errno 32] Broken pipe
2026-06-29 05:46:29,675 [WARNING] Failed to replay event 24: [Errno 32] Broken pipe
2026-06-29 05:46:29,675 [WARNING] Failed to replay event 25: [Errno 32] Broken pipe
2026-06-29 05:46:29,675 [WARNING] Failed to replay event 26: [Errno 32] Broken pipe
2026-06-29 05:46:29,675 [WARNING] Failed to replay event 27: [Errno 32] Broken pipe
2026-06-29 05:46:29,675 [WARNING] Failed to replay event 28: [Errno 32] Broken pipe
2026-06-29 05:46:29,675 [WARNING] Failed to replay event 29: [Errno 32] Broken pipe
2026-06-29 05:46:29,675 [WARNING] Failed to replay event 30: [Errno 32] Broken pipe
2026-06-29 05:46:29,675 [WARNING] Failed to replay event 31: [Errno 32] Broken pipe
2026-06-29 05:46:29,675 [WARNING] Failed to replay event 32: [Errno 32] Broken pipe
2026-06-29 05:46:29,675 [WARNING] Failed to replay event 33: [Errno 32] Broken pipe
2026-06-29 05:46:29,675 [WARNING] Failed to replay event 34: [Errno 32] Broken pipe
2026-06-29 05:46:29,675 [WARNING] Failed to replay event 35: [Errno 32] Broken pipe
2026-06-29 05:46:29,675 [WARNING] Failed to replay event 36: [Errno 32] Broken pipe
2026-06-29 05:46:29,675 [INFO] handle_client: Entering receive loop
2026-06-29 05:46:29,675 [INFO] handle_client: Received empty data, client closed connection
2026-06-29 05:46:29,675 [INFO] Control Client disconnected
2026-06-29 05:46:30,160 [DEBUG] Received 10 bytes from BTS
2026-06-29 05:46:30,160 [DEBUG] Decoded IPA frame: proto=0x00, payload_len=7, consumed=10, payload_hex: 0c1201900fffff
2026-06-29 05:46:30,160 [DEBUG] RSL message: 0c1201900fffff
2026-06-29 05:46:30,160 [DEBUG] RSL discriminator: 0x0c, message type: 0x12, payload: 0c1201900fffff
2026-06-29 05:46:30,160 [DEBUG] Incomplete frame, buffer size: 0, buffer_hex: 
2026-06-29 05:46:30,345 [DEBUG] Received 10 bytes from BTS
2026-06-29 05:46:30,345 [DEBUG] Decoded IPA frame: proto=0x00, payload_len=7, consumed=10, payload_hex: 0c1201900fffff
2026-06-29 05:46:30,345 [DEBUG] RSL message: 0c1201900fffff
2026-06-29 05:46:30,345 [DEBUG] RSL discriminator: 0x0c, message type: 0x12, payload: 0c1201900fffff
2026-06-29 05:46:30,345 [DEBUG] Incomplete frame, buffer size: 0, buffer_hex: 
2026-06-29 05:46:31,161 [DEBUG] Received 10 bytes from BTS
2026-06-29 05:46:31,161 [DEBUG] Decoded IPA frame: proto=0x00, payload_len=7, consumed=10, payload_hex: 0c1201900fffff
2026-06-29 05:46:31,161 [DEBUG] RSL message: 0c1201900fffff
2026-06-29 05:46:31,161 [DEBUG] RSL discriminator: 0x0c, message type: 0x12, payload: 0c1201900fffff
2026-06-29 05:46:31,161 [DEBUG] Incomplete frame, buffer size: 0, buffer_hex: 
2026-06-29 05:46:31,345 [DEBUG] Received 10 bytes from BTS
2026-06-29 05:46:31,345 [DEBUG] Decoded IPA frame: proto=0x00, payload_len=7, consumed=10, payload_hex: 0c1201900fffff
2026-06-29 05:46:31,345 [DEBUG] RSL message: 0c1201900fffff
2026-06-29 05:46:31,345 [DEBUG] RSL discriminator: 0x0c, message type: 0x12, payload: 0c1201900fffff
2026-06-29 05:46:31,345 [DEBUG] Incomplete frame, buffer size: 0, buffer_hex: 
2026-06-29 05:46:32,161 [DEBUG] Received 10 bytes from BTS
2026-06-29 05:46:32,161 [DEBUG] Decoded IPA frame: proto=0x00, payload_len=7, consumed=10, payload_hex: 0c1201900fffff
2026-06-29 05:46:32,161 [DEBUG] RSL message: 0c1201900fffff
2026-06-29 05:46:32,162 [DEBUG] RSL discriminator: 0x0c, message type: 0x12, payload: 0c1201900fffff
2026-06-29 05:46:32,162 [DEBUG] Incomplete frame, buffer size: 0, buffer_hex: 
2026-06-29 05:46:32,346 [DEBUG] Received 10 bytes from BTS
2026-06-29 05:46:32,346 [DEBUG] Decoded IPA frame: proto=0x00, payload_len=7, consumed=10, payload_hex: 0c1201900fffff
2026-06-29 05:46:32,346 [DEBUG] RSL message: 0c1201900fffff
2026-06-29 05:46:32,346 [DEBUG] RSL discriminator: 0x0c, message type: 0x12, payload: 0c1201900fffff
2026-06-29 05:46:32,346 [DEBUG] Incomplete frame, buffer size: 0, buffer_hex: 
2026-06-29 05:46:32,623 [INFO] Control Client connected from ('10.42.0.1', 48204)
2026-06-29 05:46:32,623 [INFO] handle_client: Starting, client socket: 12
2026-06-29 05:46:32,623 [INFO] handle_client: WELCOME sent
2026-06-29 05:46:32,674 [INFO] Replaying 36 buffered event(s)
2026-06-29 05:46:32,674 [WARNING] Failed to replay event 1: [Errno 32] Broken pipe
2026-06-29 05:46:32,674 [WARNING] Failed to replay event 2: [Errno 32] Broken pipe
2026-06-29 05:46:32,674 [WARNING] Failed to replay event 3: [Errno 32] Broken pipe
2026-06-29 05:46:32,674 [WARNING] Failed to replay event 4: [Errno 32] Broken pipe
2026-06-29 05:46:32,674 [WARNING] Failed to replay event 5: [Errno 32] Broken pipe
2026-06-29 05:46:32,674 [WARNING] Failed to replay event 6: [Errno 32] Broken pipe
2026-06-29 05:46:32,674 [WARNING] Failed to replay event 7: [Errno 32] Broken pipe
2026-06-29 05:46:32,674 [WARNING] Failed to replay event 8: [Errno 32] Broken pipe
2026-06-29 05:46:32,674 [WARNING] Failed to replay event 9: [Errno 32] Broken pipe
2026-06-29 05:46:32,674 [WARNING] Failed to replay event 10: [Errno 32] Broken pipe
2026-06-29 05:46:32,674 [WARNING] Failed to replay event 11: [Errno 32] Broken pipe
2026-06-29 05:46:32,674 [WARNING] Failed to replay event 12: [Errno 32] Broken pipe
2026-06-29 05:46:32,674 [WARNING] Failed to replay event 13: [Errno 32] Broken pipe
2026-06-29 05:46:32,674 [WARNING] Failed to replay event 14: [Errno 32] Broken pipe
2026-06-29 05:46:32,674 [WARNING] Failed to replay event 15: [Errno 32] Broken pipe
2026-06-29 05:46:32,674 [WARNING] Failed to replay event 16: [Errno 32] Broken pipe
2026-06-29 05:46:32,674 [WARNING] Failed to replay event 17: [Errno 32] Broken pipe
2026-06-29 05:46:32,674 [WARNING] Failed to replay event 18: [Errno 32] Broken pipe
2026-06-29 05:46:32,674 [WARNING] Failed to replay event 19: [Errno 32] Broken pipe
2026-06-29 05:46:32,674 [WARNING] Failed to replay event 20: [Errno 32] Broken pipe
2026-06-29 05:46:32,674 [WARNING] Failed to replay event 21: [Errno 32] Broken pipe
2026-06-29 05:46:32,674 [WARNING] Failed to replay event 22: [Errno 32] Broken pipe
2026-06-29 05:46:32,674 [WARNING] Failed to replay event 23: [Errno 32] Broken pipe
2026-06-29 05:46:32,674 [WARNING] Failed to replay event 24: [Errno 32] Broken pipe
2026-06-29 05:46:32,674 [WARNING] Failed to replay event 25: [Errno 32] Broken pipe
2026-06-29 05:46:32,674 [WARNING] Failed to replay event 26: [Errno 32] Broken pipe
2026-06-29 05:46:32,674 [WARNING] Failed to replay event 27: [Errno 32] Broken pipe
2026-06-29 05:46:32,674 [WARNING] Failed to replay event 28: [Errno 32] Broken pipe
2026-06-29 05:46:32,674 [WARNING] Failed to replay event 29: [Errno 32] Broken pipe
2026-06-29 05:46:32,674 [WARNING] Failed to replay event 30: [Errno 32] Broken pipe
2026-06-29 05:46:32,674 [WARNING] Failed to replay event 31: [Errno 32] Broken pipe
2026-06-29 05:46:32,674 [WARNING] Failed to replay event 32: [Errno 32] Broken pipe
2026-06-29 05:46:32,674 [WARNING] Failed to replay event 33: [Errno 32] Broken pipe
2026-06-29 05:46:32,674 [WARNING] Failed to replay event 34: [Errno 32] Broken pipe
2026-06-29 05:46:32,674 [WARNING] Failed to replay event 35: [Errno 32] Broken pipe
2026-06-29 05:46:32,674 [WARNING] Failed to replay event 36: [Errno 32] Broken pipe
2026-06-29 05:46:32,674 [INFO] handle_client: Entering receive loop
2026-06-29 05:46:32,674 [INFO] handle_client: Received empty data, client closed connection
2026-06-29 05:46:32,674 [INFO] Control Client disconnected
2026-06-29 05:46:32,936 [INFO] Control Client connected from ('10.42.0.1', 48212)
2026-06-29 05:46:32,936 [INFO] handle_client: Starting, client socket: 6
2026-06-29 05:46:32,936 [INFO] handle_client: WELCOME sent
2026-06-29 05:46:32,986 [INFO] Replaying 36 buffered event(s)
2026-06-29 05:46:32,986 [WARNING] Failed to replay event 1: [Errno 32] Broken pipe
2026-06-29 05:46:32,986 [WARNING] Failed to replay event 2: [Errno 32] Broken pipe
2026-06-29 05:46:32,987 [WARNING] Failed to replay event 3: [Errno 32] Broken pipe
2026-06-29 05:46:32,987 [WARNING] Failed to replay event 4: [Errno 32] Broken pipe
2026-06-29 05:46:32,987 [WARNING] Failed to replay event 5: [Errno 32] Broken pipe
2026-06-29 05:46:32,987 [WARNING] Failed to replay event 6: [Errno 32] Broken pipe
2026-06-29 05:46:32,987 [WARNING] Failed to replay event 7: [Errno 32] Broken pipe
2026-06-29 05:46:32,987 [WARNING] Failed to replay event 8: [Errno 32] Broken pipe
2026-06-29 05:46:32,987 [WARNING] Failed to replay event 9: [Errno 32] Broken pipe
2026-06-29 05:46:32,987 [WARNING] Failed to replay event 10: [Errno 32] Broken pipe
2026-06-29 05:46:32,987 [WARNING] Failed to replay event 11: [Errno 32] Broken pipe
2026-06-29 05:46:32,987 [WARNING] Failed to replay event 12: [Errno 32] Broken pipe
2026-06-29 05:46:32,987 [WARNING] Failed to replay event 13: [Errno 32] Broken pipe
2026-06-29 05:46:32,987 [WARNING] Failed to replay event 14: [Errno 32] Broken pipe
2026-06-29 05:46:32,987 [WARNING] Failed to replay event 15: [Errno 32] Broken pipe
2026-06-29 05:46:32,987 [WARNING] Failed to replay event 16: [Errno 32] Broken pipe
2026-06-29 05:46:32,987 [WARNING] Failed to replay event 17: [Errno 32] Broken pipe
2026-06-29 05:46:32,987 [WARNING] Failed to replay event 18: [Errno 32] Broken pipe
2026-06-29 05:46:32,987 [WARNING] Failed to replay event 19: [Errno 32] Broken pipe
2026-06-29 05:46:32,987 [WARNING] Failed to replay event 20: [Errno 32] Broken pipe
2026-06-29 05:46:32,987 [WARNING] Failed to replay event 21: [Errno 32] Broken pipe
2026-06-29 05:46:32,987 [WARNING] Failed to replay event 22: [Errno 32] Broken pipe
2026-06-29 05:46:32,987 [WARNING] Failed to replay event 23: [Errno 32] Broken pipe
2026-06-29 05:46:32,987 [WARNING] Failed to replay event 24: [Errno 32] Broken pipe
2026-06-29 05:46:32,987 [WARNING] Failed to replay event 25: [Errno 32] Broken pipe
2026-06-29 05:46:32,987 [WARNING] Failed to replay event 26: [Errno 32] Broken pipe
2026-06-29 05:46:32,987 [WARNING] Failed to replay event 27: [Errno 32] Broken pipe
2026-06-29 05:46:32,987 [WARNING] Failed to replay event 28: [Errno 32] Broken pipe
2026-06-29 05:46:32,987 [WARNING] Failed to replay event 29: [Errno 32] Broken pipe
2026-06-29 05:46:32,987 [WARNING] Failed to replay event 30: [Errno 32] Broken pipe
2026-06-29 05:46:32,987 [WARNING] Failed to replay event 31: [Errno 32] Broken pipe
2026-06-29 05:46:32,987 [WARNING] Failed to replay event 32: [Errno 32] Broken pipe
2026-06-29 05:46:32,987 [WARNING] Failed to replay event 33: [Errno 32] Broken pipe
2026-06-29 05:46:32,987 [WARNING] Failed to replay event 34: [Errno 32] Broken pipe
2026-06-29 05:46:32,987 [WARNING] Failed to replay event 35: [Errno 32] Broken pipe
2026-06-29 05:46:32,987 [WARNING] Failed to replay event 36: [Errno 32] Broken pipe
2026-06-29 05:46:32,987 [INFO] handle_client: Entering receive loop
2026-06-29 05:46:32,987 [INFO] handle_client: Received empty data, client closed connection
2026-06-29 05:46:32,987 [INFO] Control Client disconnected
2026-06-29 05:46:33,161 [DEBUG] Received 10 bytes from BTS
2026-06-29 05:46:33,161 [DEBUG] Decoded IPA frame: proto=0x00, payload_len=7, consumed=10, payload_hex: 0c1201900fffff
2026-06-29 05:46:33,162 [DEBUG] RSL message: 0c1201900fffff
2026-06-29 05:46:33,162 [DEBUG] RSL discriminator: 0x0c, message type: 0x12, payload: 0c1201900fffff
2026-06-29 05:46:33,162 [DEBUG] Incomplete frame, buffer size: 0, buffer_hex: 
2026-06-29 05:46:33,346 [DEBUG] Received 10 bytes from BTS
2026-06-29 05:46:33,346 [DEBUG] Decoded IPA frame: proto=0x00, payload_len=7, consumed=10, payload_hex: 0c1201900fffff
2026-06-29 05:46:33,346 [DEBUG] RSL message: 0c1201900fffff
2026-06-29 05:46:33,346 [DEBUG] RSL discriminator: 0x0c, message type: 0x12, payload: 0c1201900fffff
2026-06-29 05:46:33,346 [DEBUG] Incomplete frame, buffer size: 0, buffer_hex: 
2026-06-29 05:46:34,163 [DEBUG] Received 10 bytes from BTS
2026-06-29 05:46:34,163 [DEBUG] Decoded IPA frame: proto=0x00, payload_len=7, consumed=10, payload_hex: 0c1201900fffff
2026-06-29 05:46:34,163 [DEBUG] RSL message: 0c1201900fffff
2026-06-29 05:46:34,163 [DEBUG] RSL discriminator: 0x0c, message type: 0x12, payload: 0c1201900fffff
2026-06-29 05:46:34,163 [DEBUG] Incomplete frame, buffer size: 0, buffer_hex: 
2026-06-29 05:46:34,346 [DEBUG] Received 10 bytes from BTS
2026-06-29 05:46:34,346 [DEBUG] Decoded IPA frame: proto=0x00, payload_len=7, consumed=10, payload_hex: 0c1201900fffff
2026-06-29 05:46:34,346 [DEBUG] RSL message: 0c1201900fffff
2026-06-29 05:46:34,346 [DEBUG] RSL discriminator: 0x0c, message type: 0x12, payload: 0c1201900fffff
2026-06-29 05:46:34,346 [DEBUG] Incomplete frame, buffer size: 0, buffer_hex: 
2026-06-29 05:46:35,162 [DEBUG] Received 10 bytes from BTS
2026-06-29 05:46:35,162 [DEBUG] Decoded IPA frame: proto=0x00, payload_len=7, consumed=10, payload_hex: 0c1201900fffff
2026-06-29 05:46:35,162 [DEBUG] RSL message: 0c1201900fffff
2026-06-29 05:46:35,162 [DEBUG] RSL discriminator: 0x0c, message type: 0x12, payload: 0c1201900fffff
2026-06-29 05:46:35,163 [DEBUG] Incomplete frame, buffer size: 0, buffer_hex: 
2026-06-29 05:46:35,347 [DEBUG] Received 10 bytes from BTS
2026-06-29 05:46:35,347 [DEBUG] Decoded IPA frame: proto=0x00, payload_len=7, consumed=10, payload_hex: 0c1201900fffff
2026-06-29 05:46:35,347 [DEBUG] RSL message: 0c1201900fffff
2026-06-29 05:46:35,347 [DEBUG] RSL discriminator: 0x0c, message type: 0x12, payload: 0c1201900fffff
2026-06-29 05:46:35,347 [DEBUG] Incomplete frame, buffer size: 0, buffer_hex: 
2026-06-29 05:46:35,623 [INFO] Control Client connected from ('10.42.0.1', 48220)
2026-06-29 05:46:35,623 [INFO] handle_client: Starting, client socket: 12
2026-06-29 05:46:35,623 [INFO] handle_client: WELCOME sent
2026-06-29 05:46:35,674 [INFO] Replaying 36 buffered event(s)
2026-06-29 05:46:35,674 [WARNING] Failed to replay event 1: [Errno 32] Broken pipe
2026-06-29 05:46:35,674 [WARNING] Failed to replay event 2: [Errno 32] Broken pipe
2026-06-29 05:46:35,674 [WARNING] Failed to replay event 3: [Errno 32] Broken pipe
2026-06-29 05:46:35,674 [WARNING] Failed to replay event 4: [Errno 32] Broken pipe
2026-06-29 05:46:35,674 [WARNING] Failed to replay event 5: [Errno 32] Broken pipe
2026-06-29 05:46:35,674 [WARNING] Failed to replay event 6: [Errno 32] Broken pipe
2026-06-29 05:46:35,674 [WARNING] Failed to replay event 7: [Errno 32] Broken pipe
2026-06-29 05:46:35,674 [WARNING] Failed to replay event 8: [Errno 32] Broken pipe
2026-06-29 05:46:35,674 [WARNING] Failed to replay event 9: [Errno 32] Broken pipe
2026-06-29 05:46:35,674 [WARNING] Failed to replay event 10: [Errno 32] Broken pipe
2026-06-29 05:46:35,674 [WARNING] Failed to replay event 11: [Errno 32] Broken pipe
2026-06-29 05:46:35,674 [WARNING] Failed to replay event 12: [Errno 32] Broken pipe
2026-06-29 05:46:35,674 [WARNING] Failed to replay event 13: [Errno 32] Broken pipe
2026-06-29 05:46:35,674 [WARNING] Failed to replay event 14: [Errno 32] Broken pipe
2026-06-29 05:46:35,675 [WARNING] Failed to replay event 15: [Errno 32] Broken pipe
2026-06-29 05:46:35,675 [WARNING] Failed to replay event 16: [Errno 32] Broken pipe
2026-06-29 05:46:35,675 [WARNING] Failed to replay event 17: [Errno 32] Broken pipe
2026-06-29 05:46:35,675 [WARNING] Failed to replay event 18: [Errno 32] Broken pipe
2026-06-29 05:46:35,675 [WARNING] Failed to replay event 19: [Errno 32] Broken pipe
2026-06-29 05:46:35,675 [WARNING] Failed to replay event 20: [Errno 32] Broken pipe
2026-06-29 05:46:35,675 [WARNING] Failed to replay event 21: [Errno 32] Broken pipe
2026-06-29 05:46:35,675 [WARNING] Failed to replay event 22: [Errno 32] Broken pipe
2026-06-29 05:46:35,675 [WARNING] Failed to replay event 23: [Errno 32] Broken pipe
2026-06-29 05:46:35,675 [WARNING] Failed to replay event 24: [Errno 32] Broken pipe
2026-06-29 05:46:35,675 [WARNING] Failed to replay event 25: [Errno 32] Broken pipe
2026-06-29 05:46:35,675 [WARNING] Failed to replay event 26: [Errno 32] Broken pipe
2026-06-29 05:46:35,675 [WARNING] Failed to replay event 27: [Errno 32] Broken pipe
2026-06-29 05:46:35,675 [WARNING] Failed to replay event 28: [Errno 32] Broken pipe
2026-06-29 05:46:35,675 [WARNING] Failed to replay event 29: [Errno 32] Broken pipe
2026-06-29 05:46:35,675 [WARNING] Failed to replay event 30: [Errno 32] Broken pipe
2026-06-29 05:46:35,675 [WARNING] Failed to replay event 31: [Errno 32] Broken pipe
2026-06-29 05:46:35,675 [WARNING] Failed to replay event 32: [Errno 32] Broken pipe
2026-06-29 05:46:35,675 [WARNING] Failed to replay event 33: [Errno 32] Broken pipe
2026-06-29 05:46:35,675 [WARNING] Failed to replay event 34: [Errno 32] Broken pipe
2026-06-29 05:46:35,675 [WARNING] Failed to replay event 35: [Errno 32] Broken pipe
2026-06-29 05:46:35,675 [WARNING] Failed to replay event 36: [Errno 32] Broken pipe
2026-06-29 05:46:35,675 [INFO] handle_client: Entering receive loop
2026-06-29 05:46:35,675 [INFO] handle_client: Received empty data, client closed connection
2026-06-29 05:46:35,675 [INFO] Control Client disconnected
2026-06-29 05:46:36,163 [DEBUG] Received 10 bytes from BTS
2026-06-29 05:46:36,163 [DEBUG] Decoded IPA frame: proto=0x00, payload_len=7, consumed=10, payload_hex: 0c1201900fffff
2026-06-29 05:46:36,163 [DEBUG] RSL message: 0c1201900fffff
2026-06-29 05:46:36,163 [DEBUG] RSL discriminator: 0x0c, message type: 0x12, payload: 0c1201900fffff
2026-06-29 05:46:36,163 [DEBUG] Incomplete frame, buffer size: 0, buffer_hex: 
2026-06-29 05:46:36,347 [DEBUG] Received 10 bytes from BTS
2026-06-29 05:46:36,348 [DEBUG] Decoded IPA frame: proto=0x00, payload_len=7, consumed=10, payload_hex: 0c1201900fffff
2026-06-29 05:46:36,348 [DEBUG] RSL message: 0c1201900fffff
2026-06-29 05:46:36,348 [DEBUG] RSL discriminator: 0x0c, message type: 0x12, payload: 0c1201900fffff
2026-06-29 05:46:36,348 [DEBUG] Incomplete frame, buffer size: 0, buffer_hex: 
2026-06-29 05:46:37,164 [DEBUG] Received 10 bytes from BTS
2026-06-29 05:46:37,164 [DEBUG] Decoded IPA frame: proto=0x00, payload_len=7, consumed=10, payload_hex: 0c1201900fffff
2026-06-29 05:46:37,164 [DEBUG] RSL message: 0c1201900fffff
2026-06-29 05:46:37,164 [DEBUG] RSL discriminator: 0x0c, message type: 0x12, payload: 0c1201900fffff
2026-06-29 05:46:37,164 [DEBUG] Incomplete frame, buffer size: 0, buffer_hex: 
2026-06-29 05:46:37,349 [DEBUG] Received 10 bytes from BTS
2026-06-29 05:46:37,349 [DEBUG] Decoded IPA frame: proto=0x00, payload_len=7, consumed=10, payload_hex: 0c1201900fffff
2026-06-29 05:46:37,349 [DEBUG] RSL message: 0c1201900fffff
2026-06-29 05:46:37,349 [DEBUG] RSL discriminator: 0x0c, message type: 0x12, payload: 0c1201900fffff
2026-06-29 05:46:37,349 [DEBUG] Incomplete frame, buffer size: 0, buffer_hex: 
2026-06-29 05:46:38,164 [DEBUG] Received 10 bytes from BTS
2026-06-29 05:46:38,165 [DEBUG] Decoded IPA frame: proto=0x00, payload_len=7, consumed=10, payload_hex: 0c1201900fffff
2026-06-29 05:46:38,165 [DEBUG] RSL message: 0c1201900fffff
2026-06-29 05:46:38,166 [DEBUG] RSL discriminator: 0x0c, message type: 0x12, payload: 0c1201900fffff
2026-06-29 05:46:38,166 [DEBUG] Incomplete frame, buffer size: 0, buffer_hex: 
2026-06-29 05:46:38,349 [DEBUG] Received 10 bytes from BTS
2026-06-29 05:46:38,349 [DEBUG] Decoded IPA frame: proto=0x00, payload_len=7, consumed=10, payload_hex: 0c1201900fffff
2026-06-29 05:46:38,349 [DEBUG] RSL message: 0c1201900fffff
2026-06-29 05:46:38,349 [DEBUG] RSL discriminator: 0x0c, message type: 0x12, payload: 0c1201900fffff
2026-06-29 05:46:38,349 [DEBUG] Incomplete frame, buffer size: 0, buffer_hex: 
2026-06-29 05:46:38,623 [INFO] Control Client connected from ('10.42.0.1', 48232)
2026-06-29 05:46:38,623 [INFO] handle_client: Starting, client socket: 6
2026-06-29 05:46:38,624 [INFO] handle_client: WELCOME sent
2026-06-29 05:46:38,674 [INFO] Replaying 36 buffered event(s)
2026-06-29 05:46:38,674 [WARNING] Failed to replay event 1: [Errno 32] Broken pipe
2026-06-29 05:46:38,674 [WARNING] Failed to replay event 2: [Errno 32] Broken pipe
2026-06-29 05:46:38,674 [WARNING] Failed to replay event 3: [Errno 32] Broken pipe
2026-06-29 05:46:38,674 [WARNING] Failed to replay event 4: [Errno 32] Broken pipe
2026-06-29 05:46:38,674 [WARNING] Failed to replay event 5: [Errno 32] Broken pipe
2026-06-29 05:46:38,674 [WARNING] Failed to replay event 6: [Errno 32] Broken pipe
2026-06-29 05:46:38,674 [WARNING] Failed to replay event 7: [Errno 32] Broken pipe
2026-06-29 05:46:38,674 [WARNING] Failed to replay event 8: [Errno 32] Broken pipe
2026-06-29 05:46:38,674 [WARNING] Failed to replay event 9: [Errno 32] Broken pipe
2026-06-29 05:46:38,674 [WARNING] Failed to replay event 10: [Errno 32] Broken pipe
2026-06-29 05:46:38,674 [WARNING] Failed to replay event 11: [Errno 32] Broken pipe
2026-06-29 05:46:38,674 [WARNING] Failed to replay event 12: [Errno 32] Broken pipe
2026-06-29 05:46:38,674 [WARNING] Failed to replay event 13: [Errno 32] Broken pipe
2026-06-29 05:46:38,674 [WARNING] Failed to replay event 14: [Errno 32] Broken pipe
2026-06-29 05:46:38,674 [WARNING] Failed to replay event 15: [Errno 32] Broken pipe
2026-06-29 05:46:38,674 [WARNING] Failed to replay event 16: [Errno 32] Broken pipe
2026-06-29 05:46:38,674 [WARNING] Failed to replay event 17: [Errno 32] Broken pipe
2026-06-29 05:46:38,674 [WARNING] Failed to replay event 18: [Errno 32] Broken pipe
2026-06-29 05:46:38,674 [WARNING] Failed to replay event 19: [Errno 32] Broken pipe
2026-06-29 05:46:38,674 [WARNING] Failed to replay event 20: [Errno 32] Broken pipe
2026-06-29 05:46:38,674 [WARNING] Failed to replay event 21: [Errno 32] Broken pipe
2026-06-29 05:46:38,674 [WARNING] Failed to replay event 22: [Errno 32] Broken pipe
2026-06-29 05:46:38,674 [WARNING] Failed to replay event 23: [Errno 32] Broken pipe
2026-06-29 05:46:38,674 [WARNING] Failed to replay event 24: [Errno 32] Broken pipe
2026-06-29 05:46:38,674 [WARNING] Failed to replay event 25: [Errno 32] Broken pipe
2026-06-29 05:46:38,674 [WARNING] Failed to replay event 26: [Errno 32] Broken pipe
2026-06-29 05:46:38,674 [WARNING] Failed to replay event 27: [Errno 32] Broken pipe
2026-06-29 05:46:38,674 [WARNING] Failed to replay event 28: [Errno 32] Broken pipe
2026-06-29 05:46:38,674 [WARNING] Failed to replay event 29: [Errno 32] Broken pipe
2026-06-29 05:46:38,674 [WARNING] Failed to replay event 30: [Errno 32] Broken pipe
2026-06-29 05:46:38,674 [WARNING] Failed to replay event 31: [Errno 32] Broken pipe
2026-06-29 05:46:38,674 [WARNING] Failed to replay event 32: [Errno 32] Broken pipe
2026-06-29 05:46:38,674 [WARNING] Failed to replay event 33: [Errno 32] Broken pipe
2026-06-29 05:46:38,674 [WARNING] Failed to replay event 34: [Errno 32] Broken pipe
2026-06-29 05:46:38,674 [WARNING] Failed to replay event 35: [Errno 32] Broken pipe
2026-06-29 05:46:38,674 [WARNING] Failed to replay event 36: [Errno 32] Broken pipe
2026-06-29 05:46:38,675 [INFO] handle_client: Entering receive loop
2026-06-29 05:46:38,675 [INFO] handle_client: Received empty data, client closed connection
2026-06-29 05:46:38,675 [INFO] Control Client disconnected
2026-06-29 05:46:39,164 [DEBUG] Received 10 bytes from BTS
2026-06-29 05:46:39,165 [DEBUG] Decoded IPA frame: proto=0x00, payload_len=7, consumed=10, payload_hex: 0c1201900fffff
2026-06-29 05:46:39,165 [DEBUG] RSL message: 0c1201900fffff
2026-06-29 05:46:39,165 [DEBUG] RSL discriminator: 0x0c, message type: 0x12, payload: 0c1201900fffff
2026-06-29 05:46:39,165 [DEBUG] Incomplete frame, buffer size: 0, buffer_hex: 
2026-06-29 05:46:39,349 [DEBUG] Received 10 bytes from BTS
2026-06-29 05:46:39,350 [DEBUG] Decoded IPA frame: proto=0x00, payload_len=7, consumed=10, payload_hex: 0c1201900fffff
2026-06-29 05:46:39,350 [DEBUG] RSL message: 0c1201900fffff
2026-06-29 05:46:39,350 [DEBUG] RSL discriminator: 0x0c, message type: 0x12, payload: 0c1201900fffff
2026-06-29 05:46:39,350 [DEBUG] Incomplete frame, buffer size: 0, buffer_hex: 
2026-06-29 05:46:40,165 [DEBUG] Received 10 bytes from BTS
2026-06-29 05:46:40,165 [DEBUG] Decoded IPA frame: proto=0x00, payload_len=7, consumed=10, payload_hex: 0c1201900fffff
2026-06-29 05:46:40,165 [DEBUG] RSL message: 0c1201900fffff
2026-06-29 05:46:40,165 [DEBUG] RSL discriminator: 0x0c, message type: 0x12, payload: 0c1201900fffff
2026-06-29 05:46:40,165 [DEBUG] Incomplete frame, buffer size: 0, buffer_hex: 
2026-06-29 05:46:40,350 [DEBUG] Received 10 bytes from BTS
2026-06-29 05:46:40,350 [DEBUG] Decoded IPA frame: proto=0x00, payload_len=7, consumed=10, payload_hex: 0c1201900fffff
2026-06-29 05:46:40,350 [DEBUG] RSL message: 0c1201900fffff
2026-06-29 05:46:40,350 [DEBUG] RSL discriminator: 0x0c, message type: 0x12, payload: 0c1201900fffff
2026-06-29 05:46:40,350 [DEBUG] Incomplete frame, buffer size: 0, buffer_hex: 
2026-06-29 05:46:40,803 [INFO] handle_client: Received empty data, client closed connection
2026-06-29 05:46:40,803 [INFO] Control Client disconnected
2026-06-29 05:46:41,165 [DEBUG] Received 10 bytes from BTS
2026-06-29 05:46:41,165 [DEBUG] Decoded IPA frame: proto=0x00, payload_len=7, consumed=10, payload_hex: 0c1201900fffff
2026-06-29 05:46:41,165 [DEBUG] RSL message: 0c1201900fffff
2026-06-29 05:46:41,165 [DEBUG] RSL discriminator: 0x0c, message type: 0x12, payload: 0c1201900fffff
2026-06-29 05:46:41,165 [DEBUG] Incomplete frame, buffer size: 0, buffer_hex: 
2026-06-29 05:46:41,350 [DEBUG] Received 10 bytes from BTS
2026-06-29 05:46:41,350 [DEBUG] Decoded IPA frame: proto=0x00, payload_len=7, consumed=10, payload_hex: 0c1201900fffff
2026-06-29 05:46:41,350 [DEBUG] RSL message: 0c1201900fffff
2026-06-29 05:46:41,350 [DEBUG] RSL discriminator: 0x0c, message type: 0x12, payload: 0c1201900fffff
2026-06-29 05:46:41,350 [DEBUG] Incomplete frame, buffer size: 0, buffer_hex: 
2026-06-29 05:46:41,623 [INFO] Control Client connected from ('10.42.0.1', 46422)
2026-06-29 05:46:41,623 [INFO] handle_client: Starting, client socket: 11
2026-06-29 05:46:41,623 [INFO] handle_client: WELCOME sent
2026-06-29 05:46:41,673 [INFO] Replaying 36 buffered event(s)
2026-06-29 05:46:41,673 [WARNING] Failed to replay event 1: [Errno 32] Broken pipe
2026-06-29 05:46:41,673 [WARNING] Failed to replay event 2: [Errno 32] Broken pipe
2026-06-29 05:46:41,674 [WARNING] Failed to replay event 3: [Errno 32] Broken pipe
2026-06-29 05:46:41,674 [WARNING] Failed to replay event 4: [Errno 32] Broken pipe
2026-06-29 05:46:41,674 [WARNING] Failed to replay event 5: [Errno 32] Broken pipe
2026-06-29 05:46:41,674 [WARNING] Failed to replay event 6: [Errno 32] Broken pipe
2026-06-29 05:46:41,674 [WARNING] Failed to replay event 7: [Errno 32] Broken pipe
2026-06-29 05:46:41,674 [WARNING] Failed to replay event 8: [Errno 32] Broken pipe
2026-06-29 05:46:41,674 [WARNING] Failed to replay event 9: [Errno 32] Broken pipe
2026-06-29 05:46:41,674 [WARNING] Failed to replay event 10: [Errno 32] Broken pipe
2026-06-29 05:46:41,674 [WARNING] Failed to replay event 11: [Errno 32] Broken pipe
2026-06-29 05:46:41,674 [WARNING] Failed to replay event 12: [Errno 32] Broken pipe
2026-06-29 05:46:41,674 [WARNING] Failed to replay event 13: [Errno 32] Broken pipe
2026-06-29 05:46:41,674 [WARNING] Failed to replay event 14: [Errno 32] Broken pipe
2026-06-29 05:46:41,674 [WARNING] Failed to replay event 15: [Errno 32] Broken pipe
2026-06-29 05:46:41,674 [WARNING] Failed to replay event 16: [Errno 32] Broken pipe
2026-06-29 05:46:41,674 [WARNING] Failed to replay event 17: [Errno 32] Broken pipe
2026-06-29 05:46:41,674 [WARNING] Failed to replay event 18: [Errno 32] Broken pipe
2026-06-29 05:46:41,674 [WARNING] Failed to replay event 19: [Errno 32] Broken pipe
2026-06-29 05:46:41,674 [WARNING] Failed to replay event 20: [Errno 32] Broken pipe
2026-06-29 05:46:41,674 [WARNING] Failed to replay event 21: [Errno 32] Broken pipe
2026-06-29 05:46:41,674 [WARNING] Failed to replay event 22: [Errno 32] Broken pipe
2026-06-29 05:46:41,674 [WARNING] Failed to replay event 23: [Errno 32] Broken pipe
2026-06-29 05:46:41,674 [WARNING] Failed to replay event 24: [Errno 32] Broken pipe
2026-06-29 05:46:41,674 [WARNING] Failed to replay event 25: [Errno 32] Broken pipe
2026-06-29 05:46:41,674 [WARNING] Failed to replay event 26: [Errno 32] Broken pipe
2026-06-29 05:46:41,674 [WARNING] Failed to replay event 27: [Errno 32] Broken pipe
2026-06-29 05:46:41,674 [WARNING] Failed to replay event 28: [Errno 32] Broken pipe
2026-06-29 05:46:41,674 [WARNING] Failed to replay event 29: [Errno 32] Broken pipe
2026-06-29 05:46:41,674 [WARNING] Failed to replay event 30: [Errno 32] Broken pipe
2026-06-29 05:46:41,674 [WARNING] Failed to replay event 31: [Errno 32] Broken pipe
2026-06-29 05:46:41,674 [WARNING] Failed to replay event 32: [Errno 32] Broken pipe
2026-06-29 05:46:41,674 [WARNING] Failed to replay event 33: [Errno 32] Broken pipe
2026-06-29 05:46:41,674 [WARNING] Failed to replay event 34: [Errno 32] Broken pipe
2026-06-29 05:46:41,674 [WARNING] Failed to replay event 35: [Errno 32] Broken pipe
2026-06-29 05:46:41,674 [WARNING] Failed to replay event 36: [Errno 32] Broken pipe
2026-06-29 05:46:41,674 [INFO] handle_client: Entering receive loop
2026-06-29 05:46:41,674 [INFO] handle_client: Received empty data, client closed connection
2026-06-29 05:46:41,674 [INFO] Control Client disconnected
2026-06-29 05:46:42,165 [DEBUG] Received 10 bytes from BTS
2026-06-29 05:46:42,165 [DEBUG] Decoded IPA frame: proto=0x00, payload_len=7, consumed=10, payload_hex: 0c1201900fffff
2026-06-29 05:46:42,165 [DEBUG] RSL message: 0c1201900fffff
2026-06-29 05:46:42,165 [DEBUG] RSL discriminator: 0x0c, message type: 0x12, payload: 0c1201900fffff
2026-06-29 05:46:42,165 [DEBUG] Incomplete frame, buffer size: 0, buffer_hex: 
2026-06-29 05:46:42,351 [DEBUG] Received 10 bytes from BTS
2026-06-29 05:46:42,351 [DEBUG] Decoded IPA frame: proto=0x00, payload_len=7, consumed=10, payload_hex: 0c1201900fffff
2026-06-29 05:46:42,351 [DEBUG] RSL message: 0c1201900fffff
2026-06-29 05:46:42,351 [DEBUG] RSL discriminator: 0x0c, message type: 0x12, payload: 0c1201900fffff
2026-06-29 05:46:42,351 [DEBUG] Incomplete frame, buffer size: 0, buffer_hex: 
2026-06-29 05:46:42,937 [INFO] Control Client connected from ('10.42.0.1', 46426)
2026-06-29 05:46:42,938 [INFO] handle_client: Starting, client socket: 6
2026-06-29 05:46:42,938 [INFO] handle_client: WELCOME sent
2026-06-29 05:46:42,989 [INFO] Replaying 36 buffered event(s)
2026-06-29 05:46:42,989 [WARNING] Failed to replay event 1: [Errno 32] Broken pipe
2026-06-29 05:46:42,989 [WARNING] Failed to replay event 2: [Errno 32] Broken pipe
2026-06-29 05:46:42,989 [WARNING] Failed to replay event 3: [Errno 32] Broken pipe
2026-06-29 05:46:42,989 [WARNING] Failed to replay event 4: [Errno 32] Broken pipe
2026-06-29 05:46:42,989 [WARNING] Failed to replay event 5: [Errno 32] Broken pipe
2026-06-29 05:46:42,989 [WARNING] Failed to replay event 6: [Errno 32] Broken pipe
2026-06-29 05:46:42,989 [WARNING] Failed to replay event 7: [Errno 32] Broken pipe
2026-06-29 05:46:42,989 [WARNING] Failed to replay event 8: [Errno 32] Broken pipe
2026-06-29 05:46:42,989 [WARNING] Failed to replay event 9: [Errno 32] Broken pipe
2026-06-29 05:46:42,989 [WARNING] Failed to replay event 10: [Errno 32] Broken pipe
2026-06-29 05:46:42,989 [WARNING] Failed to replay event 11: [Errno 32] Broken pipe
2026-06-29 05:46:42,989 [WARNING] Failed to replay event 12: [Errno 32] Broken pipe
2026-06-29 05:46:42,989 [WARNING] Failed to replay event 13: [Errno 32] Broken pipe
2026-06-29 05:46:42,989 [WARNING] Failed to replay event 14: [Errno 32] Broken pipe
2026-06-29 05:46:42,989 [WARNING] Failed to replay event 15: [Errno 32] Broken pipe
2026-06-29 05:46:42,989 [WARNING] Failed to replay event 16: [Errno 32] Broken pipe
2026-06-29 05:46:42,989 [WARNING] Failed to replay event 17: [Errno 32] Broken pipe
2026-06-29 05:46:42,989 [WARNING] Failed to replay event 18: [Errno 32] Broken pipe
2026-06-29 05:46:42,989 [WARNING] Failed to replay event 19: [Errno 32] Broken pipe
2026-06-29 05:46:42,989 [WARNING] Failed to replay event 20: [Errno 32] Broken pipe
2026-06-29 05:46:42,989 [WARNING] Failed to replay event 21: [Errno 32] Broken pipe
2026-06-29 05:46:42,989 [WARNING] Failed to replay event 22: [Errno 32] Broken pipe
2026-06-29 05:46:42,989 [WARNING] Failed to replay event 23: [Errno 32] Broken pipe
2026-06-29 05:46:42,989 [WARNING] Failed to replay event 24: [Errno 32] Broken pipe
2026-06-29 05:46:42,989 [WARNING] Failed to replay event 25: [Errno 32] Broken pipe
2026-06-29 05:46:42,989 [WARNING] Failed to replay event 26: [Errno 32] Broken pipe
2026-06-29 05:46:42,989 [WARNING] Failed to replay event 27: [Errno 32] Broken pipe
2026-06-29 05:46:42,989 [WARNING] Failed to replay event 28: [Errno 32] Broken pipe
2026-06-29 05:46:42,989 [WARNING] Failed to replay event 29: [Errno 32] Broken pipe
2026-06-29 05:46:42,989 [WARNING] Failed to replay event 30: [Errno 32] Broken pipe
2026-06-29 05:46:42,989 [WARNING] Failed to replay event 31: [Errno 32] Broken pipe
2026-06-29 05:46:42,989 [WARNING] Failed to replay event 32: [Errno 32] Broken pipe
2026-06-29 05:46:42,989 [WARNING] Failed to replay event 33: [Errno 32] Broken pipe
2026-06-29 05:46:42,989 [WARNING] Failed to replay event 34: [Errno 32] Broken pipe
2026-06-29 05:46:42,990 [WARNING] Failed to replay event 35: [Errno 32] Broken pipe
2026-06-29 05:46:42,990 [WARNING] Failed to replay event 36: [Errno 32] Broken pipe
2026-06-29 05:46:42,990 [INFO] handle_client: Entering receive loop
2026-06-29 05:46:42,990 [INFO] handle_client: Received empty data, client closed connection
2026-06-29 05:46:42,990 [INFO] Control Client disconnected
2026-06-29 05:46:43,165 [DEBUG] Received 10 bytes from BTS
2026-06-29 05:46:43,165 [DEBUG] Decoded IPA frame: proto=0x00, payload_len=7, consumed=10, payload_hex: 0c1201900fffff
2026-06-29 05:46:43,165 [DEBUG] RSL message: 0c1201900fffff
2026-06-29 05:46:43,165 [DEBUG] RSL discriminator: 0x0c, message type: 0x12, payload: 0c1201900fffff
2026-06-29 05:46:43,166 [DEBUG] Incomplete frame, buffer size: 0, buffer_hex: 
2026-06-29 05:46:43,351 [DEBUG] Received 10 bytes from BTS
2026-06-29 05:46:43,351 [DEBUG] Decoded IPA frame: proto=0x00, payload_len=7, consumed=10, payload_hex: 0c1201900fffff
2026-06-29 05:46:43,351 [DEBUG] RSL message: 0c1201900fffff
2026-06-29 05:46:43,351 [DEBUG] RSL discriminator: 0x0c, message type: 0x12, payload: 0c1201900fffff
2026-06-29 05:46:43,351 [DEBUG] Incomplete frame, buffer size: 0, buffer_hex: 
2026-06-29 05:46:44,166 [DEBUG] Received 10 bytes from BTS
2026-06-29 05:46:44,166 [DEBUG] Decoded IPA frame: proto=0x00, payload_len=7, consumed=10, payload_hex: 0c1201900fffff
2026-06-29 05:46:44,166 [DEBUG] RSL message: 0c1201900fffff
2026-06-29 05:46:44,166 [DEBUG] RSL discriminator: 0x0c, message type: 0x12, payload: 0c1201900fffff
2026-06-29 05:46:44,166 [DEBUG] Incomplete frame, buffer size: 0, buffer_hex: 
2026-06-29 05:46:44,352 [DEBUG] Received 10 bytes from BTS
2026-06-29 05:46:44,352 [DEBUG] Decoded IPA frame: proto=0x00, payload_len=7, consumed=10, payload_hex: 0c1201900fffff
2026-06-29 05:46:44,352 [DEBUG] RSL message: 0c1201900fffff
2026-06-29 05:46:44,352 [DEBUG] RSL discriminator: 0x0c, message type: 0x12, payload: 0c1201900fffff
2026-06-29 05:46:44,352 [DEBUG] Incomplete frame, buffer size: 0, buffer_hex: 
2026-06-29 05:46:44,623 [INFO] Control Client connected from ('10.42.0.1', 46434)
2026-06-29 05:46:44,624 [INFO] handle_client: Starting, client socket: 11
2026-06-29 05:46:44,624 [INFO] handle_client: WELCOME sent
2026-06-29 05:46:44,674 [INFO] Replaying 36 buffered event(s)
2026-06-29 05:46:44,674 [WARNING] Failed to replay event 1: [Errno 32] Broken pipe
2026-06-29 05:46:44,674 [WARNING] Failed to replay event 2: [Errno 32] Broken pipe
2026-06-29 05:46:44,674 [WARNING] Failed to replay event 3: [Errno 32] Broken pipe
2026-06-29 05:46:44,674 [WARNING] Failed to replay event 4: [Errno 32] Broken pipe
2026-06-29 05:46:44,674 [WARNING] Failed to replay event 5: [Errno 32] Broken pipe
2026-06-29 05:46:44,674 [WARNING] Failed to replay event 6: [Errno 32] Broken pipe
2026-06-29 05:46:44,675 [WARNING] Failed to replay event 7: [Errno 32] Broken pipe
2026-06-29 05:46:44,675 [WARNING] Failed to replay event 8: [Errno 32] Broken pipe
2026-06-29 05:46:44,675 [WARNING] Failed to replay event 9: [Errno 32] Broken pipe
2026-06-29 05:46:44,675 [WARNING] Failed to replay event 10: [Errno 32] Broken pipe
2026-06-29 05:46:44,675 [WARNING] Failed to replay event 11: [Errno 32] Broken pipe
2026-06-29 05:46:44,675 [WARNING] Failed to replay event 12: [Errno 32] Broken pipe
2026-06-29 05:46:44,675 [WARNING] Failed to replay event 13: [Errno 32] Broken pipe
2026-06-29 05:46:44,675 [WARNING] Failed to replay event 14: [Errno 32] Broken pipe
2026-06-29 05:46:44,675 [WARNING] Failed to replay event 15: [Errno 32] Broken pipe
2026-06-29 05:46:44,675 [WARNING] Failed to replay event 16: [Errno 32] Broken pipe
2026-06-29 05:46:44,675 [WARNING] Failed to replay event 17: [Errno 32] Broken pipe
2026-06-29 05:46:44,675 [WARNING] Failed to replay event 18: [Errno 32] Broken pipe
2026-06-29 05:46:44,675 [WARNING] Failed to replay event 19: [Errno 32] Broken pipe
2026-06-29 05:46:44,675 [WARNING] Failed to replay event 20: [Errno 32] Broken pipe
2026-06-29 05:46:44,675 [WARNING] Failed to replay event 21: [Errno 32] Broken pipe
2026-06-29 05:46:44,675 [WARNING] Failed to replay event 22: [Errno 32] Broken pipe
2026-06-29 05:46:44,675 [WARNING] Failed to replay event 23: [Errno 32] Broken pipe
2026-06-29 05:46:44,675 [WARNING] Failed to replay event 24: [Errno 32] Broken pipe
2026-06-29 05:46:44,675 [WARNING] Failed to replay event 25: [Errno 32] Broken pipe
2026-06-29 05:46:44,675 [WARNING] Failed to replay event 26: [Errno 32] Broken pipe
2026-06-29 05:46:44,675 [WARNING] Failed to replay event 27: [Errno 32] Broken pipe
2026-06-29 05:46:44,675 [WARNING] Failed to replay event 28: [Errno 32] Broken pipe
2026-06-29 05:46:44,675 [WARNING] Failed to replay event 29: [Errno 32] Broken pipe
2026-06-29 05:46:44,675 [WARNING] Failed to replay event 30: [Errno 32] Broken pipe
2026-06-29 05:46:44,675 [WARNING] Failed to replay event 31: [Errno 32] Broken pipe
2026-06-29 05:46:44,675 [WARNING] Failed to replay event 32: [Errno 32] Broken pipe
2026-06-29 05:46:44,675 [WARNING] Failed to replay event 33: [Errno 32] Broken pipe
2026-06-29 05:46:44,675 [WARNING] Failed to replay event 34: [Errno 32] Broken pipe
2026-06-29 05:46:44,675 [WARNING] Failed to replay event 35: [Errno 32] Broken pipe
2026-06-29 05:46:44,675 [WARNING] Failed to replay event 36: [Errno 32] Broken pipe
2026-06-29 05:46:44,675 [INFO] handle_client: Entering receive loop
2026-06-29 05:46:44,675 [INFO] handle_client: Received empty data, client closed connection
2026-06-29 05:46:44,675 [INFO] Control Client disconnected
2026-06-29 05:46:45,166 [DEBUG] Received 10 bytes from BTS
2026-06-29 05:46:45,166 [DEBUG] Decoded IPA frame: proto=0x00, payload_len=7, consumed=10, payload_hex: 0c1201900fffff
2026-06-29 05:46:45,167 [DEBUG] RSL message: 0c1201900fffff
2026-06-29 05:46:45,167 [DEBUG] RSL discriminator: 0x0c, message type: 0x12, payload: 0c1201900fffff
2026-06-29 05:46:45,167 [DEBUG] Incomplete frame, buffer size: 0, buffer_hex: 
2026-06-29 05:46:45,352 [DEBUG] Received 10 bytes from BTS
2026-06-29 05:46:45,353 [DEBUG] Decoded IPA frame: proto=0x00, payload_len=7, consumed=10, payload_hex: 0c1201900fffff
2026-06-29 05:46:45,353 [DEBUG] RSL message: 0c1201900fffff
2026-06-29 05:46:45,353 [DEBUG] RSL discriminator: 0x0c, message type: 0x12, payload: 0c1201900fffff
2026-06-29 05:46:45,353 [DEBUG] Incomplete frame, buffer size: 0, buffer_hex: 
2026-06-29 05:46:46,167 [DEBUG] Received 10 bytes from BTS
2026-06-29 05:46:46,167 [DEBUG] Decoded IPA frame: proto=0x00, payload_len=7, consumed=10, payload_hex: 0c1201900fffff
2026-06-29 05:46:46,168 [DEBUG] RSL message: 0c1201900fffff
2026-06-29 05:46:46,168 [DEBUG] RSL discriminator: 0x0c, message type: 0x12, payload: 0c1201900fffff
2026-06-29 05:46:46,168 [DEBUG] Incomplete frame, buffer size: 0, buffer_hex: 
2026-06-29 05:46:46,354 [DEBUG] Received 10 bytes from BTS
2026-06-29 05:46:46,354 [DEBUG] Decoded IPA frame: proto=0x00, payload_len=7, consumed=10, payload_hex: 0c1201900fffff
2026-06-29 05:46:46,354 [DEBUG] RSL message: 0c1201900fffff
2026-06-29 05:46:46,354 [DEBUG] RSL discriminator: 0x0c, message type: 0x12, payload: 0c1201900fffff
2026-06-29 05:46:46,354 [DEBUG] Incomplete frame, buffer size: 0, buffer_hex: 
2026-06-29 05:46:47,168 [DEBUG] Received 10 bytes from BTS
2026-06-29 05:46:47,168 [DEBUG] Decoded IPA frame: proto=0x00, payload_len=7, consumed=10, payload_hex: 0c1201900fffff
2026-06-29 05:46:47,168 [DEBUG] RSL message: 0c1201900fffff
2026-06-29 05:46:47,168 [DEBUG] RSL discriminator: 0x0c, message type: 0x12, payload: 0c1201900fffff
2026-06-29 05:46:47,168 [DEBUG] Incomplete frame, buffer size: 0, buffer_hex: 
2026-06-29 05:46:47,354 [DEBUG] Received 10 bytes from BTS
2026-06-29 05:46:47,354 [DEBUG] Decoded IPA frame: proto=0x00, payload_len=7, consumed=10, payload_hex: 0c1201900fffff
2026-06-29 05:46:47,354 [DEBUG] RSL message: 0c1201900fffff
2026-06-29 05:46:47,354 [DEBUG] RSL discriminator: 0x0c, message type: 0x12, payload: 0c1201900fffff
2026-06-29 05:46:47,354 [DEBUG] Incomplete frame, buffer size: 0, buffer_hex: 
2026-06-29 05:46:47,623 [INFO] Control Client connected from ('10.42.0.1', 46442)
2026-06-29 05:46:47,624 [INFO] handle_client: Starting, client socket: 6
2026-06-29 05:46:47,624 [INFO] handle_client: WELCOME sent
2026-06-29 05:46:47,674 [INFO] Replaying 36 buffered event(s)
2026-06-29 05:46:47,674 [WARNING] Failed to replay event 1: [Errno 32] Broken pipe
2026-06-29 05:46:47,674 [WARNING] Failed to replay event 2: [Errno 32] Broken pipe
2026-06-29 05:46:47,674 [WARNING] Failed to replay event 3: [Errno 32] Broken pipe
2026-06-29 05:46:47,674 [WARNING] Failed to replay event 4: [Errno 32] Broken pipe
2026-06-29 05:46:47,674 [WARNING] Failed to replay event 5: [Errno 32] Broken pipe
2026-06-29 05:46:47,674 [WARNING] Failed to replay event 6: [Errno 32] Broken pipe
2026-06-29 05:46:47,674 [WARNING] Failed to replay event 7: [Errno 32] Broken pipe
2026-06-29 05:46:47,674 [WARNING] Failed to replay event 8: [Errno 32] Broken pipe
2026-06-29 05:46:47,674 [WARNING] Failed to replay event 9: [Errno 32] Broken pipe
2026-06-29 05:46:47,674 [WARNING] Failed to replay event 10: [Errno 32] Broken pipe
2026-06-29 05:46:47,674 [WARNING] Failed to replay event 11: [Errno 32] Broken pipe
2026-06-29 05:46:47,674 [WARNING] Failed to replay event 12: [Errno 32] Broken pipe
2026-06-29 05:46:47,674 [WARNING] Failed to replay event 13: [Errno 32] Broken pipe
2026-06-29 05:46:47,674 [WARNING] Failed to replay event 14: [Errno 32] Broken pipe
2026-06-29 05:46:47,674 [WARNING] Failed to replay event 15: [Errno 32] Broken pipe
2026-06-29 05:46:47,674 [WARNING] Failed to replay event 16: [Errno 32] Broken pipe
2026-06-29 05:46:47,674 [WARNING] Failed to replay event 17: [Errno 32] Broken pipe
2026-06-29 05:46:47,674 [WARNING] Failed to replay event 18: [Errno 32] Broken pipe
2026-06-29 05:46:47,674 [WARNING] Failed to replay event 19: [Errno 32] Broken pipe
2026-06-29 05:46:47,674 [WARNING] Failed to replay event 20: [Errno 32] Broken pipe
2026-06-29 05:46:47,675 [WARNING] Failed to replay event 21: [Errno 32] Broken pipe
2026-06-29 05:46:47,675 [WARNING] Failed to replay event 22: [Errno 32] Broken pipe
2026-06-29 05:46:47,675 [WARNING] Failed to replay event 23: [Errno 32] Broken pipe
2026-06-29 05:46:47,675 [WARNING] Failed to replay event 24: [Errno 32] Broken pipe
2026-06-29 05:46:47,675 [WARNING] Failed to replay event 25: [Errno 32] Broken pipe
2026-06-29 05:46:47,675 [WARNING] Failed to replay event 26: [Errno 32] Broken pipe
2026-06-29 05:46:47,675 [WARNING] Failed to replay event 27: [Errno 32] Broken pipe
2026-06-29 05:46:47,675 [WARNING] Failed to replay event 28: [Errno 32] Broken pipe
2026-06-29 05:46:47,675 [WARNING] Failed to replay event 29: [Errno 32] Broken pipe
2026-06-29 05:46:47,675 [WARNING] Failed to replay event 30: [Errno 32] Broken pipe
2026-06-29 05:46:47,675 [WARNING] Failed to replay event 31: [Errno 32] Broken pipe
2026-06-29 05:46:47,675 [WARNING] Failed to replay event 32: [Errno 32] Broken pipe
2026-06-29 05:46:47,675 [WARNING] Failed to replay event 33: [Errno 32] Broken pipe
2026-06-29 05:46:47,675 [WARNING] Failed to replay event 34: [Errno 32] Broken pipe
2026-06-29 05:46:47,675 [WARNING] Failed to replay event 35: [Errno 32] Broken pipe
2026-06-29 05:46:47,675 [WARNING] Failed to replay event 36: [Errno 32] Broken pipe
2026-06-29 05:46:47,675 [INFO] handle_client: Entering receive loop
2026-06-29 05:46:47,675 [INFO] handle_client: Received empty data, client closed connection
2026-06-29 05:46:47,675 [INFO] Control Client disconnected
2026-06-29 05:46:48,169 [DEBUG] Received 10 bytes from BTS
2026-06-29 05:46:48,169 [DEBUG] Decoded IPA frame: proto=0x00, payload_len=7, consumed=10, payload_hex: 0c1201900fffff
2026-06-29 05:46:48,169 [DEBUG] RSL message: 0c1201900fffff
2026-06-29 05:46:48,169 [DEBUG] RSL discriminator: 0x0c, message type: 0x12, payload: 0c1201900fffff
2026-06-29 05:46:48,169 [DEBUG] Incomplete frame, buffer size: 0, buffer_hex: 
2026-06-29 05:46:48,354 [DEBUG] Received 10 bytes from BTS
2026-06-29 05:46:48,355 [DEBUG] Decoded IPA frame: proto=0x00, payload_len=7, consumed=10, payload_hex: 0c1201900fffff
2026-06-29 05:46:48,355 [DEBUG] RSL message: 0c1201900fffff
2026-06-29 05:46:48,355 [DEBUG] RSL discriminator: 0x0c, message type: 0x12, payload: 0c1201900fffff
2026-06-29 05:46:48,355 [DEBUG] Incomplete frame, buffer size: 0, buffer_hex: 
2026-06-29 05:46:49,170 [DEBUG] Received 10 bytes from BTS
2026-06-29 05:46:49,170 [DEBUG] Decoded IPA frame: proto=0x00, payload_len=7, consumed=10, payload_hex: 0c1201900fffff
2026-06-29 05:46:49,170 [DEBUG] RSL message: 0c1201900fffff
2026-06-29 05:46:49,170 [DEBUG] RSL discriminator: 0x0c, message type: 0x12, payload: 0c1201900fffff
2026-06-29 05:46:49,170 [DEBUG] Incomplete frame, buffer size: 0, buffer_hex: 
2026-06-29 05:46:49,355 [DEBUG] Received 10 bytes from BTS
2026-06-29 05:46:49,355 [DEBUG] Decoded IPA frame: proto=0x00, payload_len=7, consumed=10, payload_hex: 0c1201900fffff
2026-06-29 05:46:49,356 [DEBUG] RSL message: 0c1201900fffff
2026-06-29 05:46:49,356 [DEBUG] RSL discriminator: 0x0c, message type: 0x12, payload: 0c1201900fffff
2026-06-29 05:46:49,356 [DEBUG] Incomplete frame, buffer size: 0, buffer_hex: 
