Defaulted container "ttcn3" out of: ttcn3, setup-mobile-vty-dnat (init)
======================================================
Waiting for mobile to register (5 seconds)...
======================================================
======================================================
Starting TC_26_6_5_2_8 Test Case
======================================================
Resolved: msc=10.42.0.229 mobile=10.43.248.79 bsc=10.42.0.233
DEBUG: [EXECUTE] section:
[EXECUTE]
TC_26_6_5_2_8.TC_26_6_5_2_8
  Waiting for MC... (1/30)
Main Controller ready (attempt 2)
Starting Host Controller...
TTCN-3 Host Controller (parallel mode), version 11.1.0
The address of MC was set to a local IP address. This may cause incorrect behavior if a HC from a remote host also connects to MC.
Result dir: /results/TC_26_6_5_2_8-2026-06-29-054520
Waiting for log files...
2026/Jun/29 05:45:27.496981 EXECUTOR - TTCN-3 Host Controller started on ttcn3-tc-26-6-5-2-8-1-cpdh2. Version: 11.1.0.
2026/Jun/29 05:45:27.498499 EXECUTOR - TTCN Logger v2.2 options: TimeStampFormat:=DateTime; LogEntityName:=No; LogEventTypes:=Yes; SourceInfoFormat:=Single; LogSensitiveData:=No; *.FileMask:=LOG_ALL; *.ConsoleMask:=ERROR | TESTCASE | USER | VERDICTOP | WARNING; LogFileSize:=0; LogFileNumber:=1; DiskFullAction:=Error
2026/Jun/29 05:45:27.498515 EXECUTOR - Maximum number of open file descriptors: 1048576,   FD_SETSIZE = 1024
2026/Jun/29 05:45:27.498667 WARNING - Warning: The address of MC was set to a local IP address. This may cause incorrect behavior if a HC from a remote host also connects to MC.
2026/Jun/29 05:45:27.498714 EXECUTOR - The address of MC was set to 127.0.0.1:0.
2026/Jun/29 05:45:27.498861 EXECUTOR - Connected to MC.
2026/Jun/29 05:45:27.499006 EXECUTOR - This host supports UNIX domain sockets for local communication.
2026/Jun/29 05:45:27.499189 EXECUTOR - Processing configuration data received from MC.
2026/Jun/29 05:45:27.500846 WARNING - Warning: Skeleton `/results/TC_26_6_5_2_8-2026-06-29-054520/%n.log' does not guarantee unique log file name for every test system process. It may cause unpredictable results if several test components try to write into the same log file.
2026/Jun/29 05:45:27.540894 EXECUTOR - Module GSM_Constants has the following parameters: { TSPC_Serv_TS11 := true, TSPC_Serv_TS61 := false, TSPC_Serv_TS62 := false, TSPC_Serv_BS21 := false, TSPC_Serv_BS22 := false, TSPC_Serv_BS24 := false, TSPC_Serv_BS25 := false, TSPC_Serv_BS26 := false, TSPC_Serv_BS31 := false, TSPC_Serv_BS32 := false, TSPC_Serv_BS33 := false, TSPC_Serv_BS34 := false, TSPC_Serv_BS41 := false, TSPC_Serv_BS42 := false, TSPC_Serv_BS43 := false, TSPC_Serv_BS44 := false, TSPC_Serv_BS45 := false, TSPC_Serv_BS51 := false, TSPC_Serv_BS61 := false, TSPC_Serv_BS81 := false, TSPC_DualRate := false, TSPC_MTsvc := true, TSPX_IMSI := '901700000000001F'O, TSPX_TMSI := '1914D97F'O, TSPX_CKSNDef := 0, TSPX_RANDDef := '00112233445566778899AABBCCDDEEFF'O, TSPX_SRES := '12345678'O, TSPX_Kc := '0000000000000000'O, TSPX_SDCCH4SubDef := 0, TSPX_TmSltDef := 0, TSPX_TscDef := 7, TSPX_TCHHSubDef := 0, TCV_CC := true, TSPX_Telephony_Rate := C_Full (0), TSPX_MOBscSvcA := C_Telephony (0), TSPX_MOBscSvcB := C_Telephony (0), TSPX_MOBscSvcC := C_Telephony (0), TSPX_MOBscSvcD := C_Telephony (0), TSPX_MOBscSvcE := C_Telephony (0), TSPX_MOBscSvcF := C_Telephony (0), TSPX_MOBscSvcG := C_Telephony (0), TSPX_MOChRateA := C_Full (0), TSPX_MOChRateB := C_Full (0), TSPX_MOChRateC := C_Full (0), TSPX_MOChRateD := C_Full (0), TSPX_MOChRateE := C_Full (0), TSPX_MOChRateF := C_Full (0), TSPX_MOChRateG := C_Full (0), TSPX_MTBscSvcA := C_Telephony (0), TSPX_MTBscSvcB := C_Telephony (0), TSPX_MTBscSvcC := C_Telephony (0), TSPX_MTBscSvcD := C_Telephony (0), TSPX_MTBscSvcE := C_Telephony (0), TSPX_MTBscSvcF := C_Telephony (0), TSPX_MTBscSvcG := C_Telephony (0), TSPX_MTBscSvcH := C_Telephony (0), TSPX_MTBscSvcI := C_Telephony (0), TSPX_MTBscSvcJ := C_Telephony (0), TSPX_MTChRateA := C_Full (0), TSPX_MTChRateB := C_Full (0), TSPX_MTChRateC := C_Full (0), TSPX_MTChRateD := C_Full (0), TSPX_MTChRateE := C_Full (0), TSPX_MTChRateF := C_Full (0), TSPX_MTChRateG := C_Full (0), TSPX_MTChRateH := C_Full (0), TSPX_MTChRateI := C_Full (0), TSPX_MTChRateJ := C_Full (0), C_arfcnA := 100 }
2026/Jun/29 05:45:27.540991 EXECUTOR - Module TC_26_3_3 has the following parameters: { TSPC_Serv_TS12 := false }
2026/Jun/29 05:45:27.541005 EXECUTOR - Module TC_26_6_13_5 has the following parameters: { TSPC_NonSynchronizedHO := false, TSPC_FreqHopping := false, TSPC_TwoCellSetup := false }
2026/Jun/29 05:45:27.541017 EXECUTOR - Module TC_26_6_13_6 has the following parameters: { TSPC_StartingTime := false, TSPC_TwoCellSetup := false, TSPC_FhChannelConfig := false, TSPC_FhMaListCheck := false, TSPC_NonSynchronizedHO := false, TSPC_MaListEncoding := false }
2026/Jun/29 05:45:27.541028 EXECUTOR - Module TC_26_6_1_2 has the following parameters: { TSPX_nPara := 3, TSPX_i1Para := 3, TSPX_kPara := 5, TSPX_i2Para := 1, TSPX_rPara := 4, TSPX_i3Para := 4 }
2026/Jun/29 05:45:27.541048 EXECUTOR - Module TC_26_6_2_5 has the following parameters: { TSPX_CcchConf_MultiNonComb := true, TSPC_CcchgPositive := true, TSPC_CcchgComputation := false, TSPC_SdcchOmConfig := false }
2026/Jun/29 05:45:27.541059 EXECUTOR - Module TC_26_6_3_2 has the following parameters: { TSPC_SacchSiInjection := false, TSPC_MeasurementReportCheck := false }
2026/Jun/29 05:45:27.541069 EXECUTOR - Module TC_26_6_4_2_1 has the following parameters: { TSPC_SacchL1PowerCheck := false, TSPC_HalfRateChannel := false, TSPC_CCStateU10 := false }
2026/Jun/29 05:45:27.541080 EXECUTOR - Module TC_26_6_5_2_10 has the following parameters: { TSPC_FnTimingCheck := false }
2026/Jun/29 05:45:27.541091 EXECUTOR - Module TC_26_6_5_2_9 has the following parameters: { TSPC_OM_NoL2Ack := false, TSPC_SacchMrCheck := false, TSPC_FreqHopping := false, TSPC_OM_SendNextOnHO := false }
2026/Jun/29 05:45:27.541101 EXECUTOR - Module TC_26_6_5_3_1 has the following parameters: { TSPC_InterCellHO := false, TSPC_FnTiming := false, TSPC_CheckCellsPresent := false, TSPC_TimadvPwrlvlChk := false }
2026/Jun/29 05:45:27.541111 EXECUTOR - Module TC_26_6_5_4_1 has the following parameters: { TSPC_StartCellB := false, TSPC_OM_GetTxFn := false, TSPC_FnTimingCheck := false, TSPC_TimadvPwrlvlChk := false }
2026/Jun/29 05:45:27.541122 EXECUTOR - Module TC_26_6_5_8 has the following parameters: { TSPC_CCStateU10 := false, TSPC_HoAccessObserve := false, TSPC_SacchL1PowerCheck := false, TSPC_CheckCellsPresent := false, TSPC_OM_ReturnFn := false }
2026/Jun/29 05:45:27.541132 EXECUTOR - Module TC_26_6_6_1 has the following parameters: { TSPC_FHCHK := false, TSPC_StartingTime := false, TSPC_DualRate := false, TSPC_PerSubtestChannel := false, TSPC_FHImmAsgn := false, TSPC_PerSubtestRelease := false, TSPC_OM_StopCell := false }
2026/Jun/29 05:45:27.541143 EXECUTOR - Module TC_26_6_7_2 has the following parameters: { TSPC_48DataH := false, TSPC_24DataH := false, TSPC_HalfRateSpeech := false }
2026/Jun/29 05:45:27.541182 EXECUTOR - Initializing module GSM_Component_Definitions.
2026/Jun/29 05:45:27.541192 EXECUTOR GSM_Component_Definitions.ttcn3:0 Initializing module GSM_Templates.
2026/Jun/29 05:45:27.541215 EXECUTOR GSM_Templates.ttcn3:0 Initializing module GSM_Constants.
2026/Jun/29 05:45:27.541221 EXECUTOR GSM_Constants.ttcn3:0 Initializing module GSM_Types.
2026/Jun/29 05:45:27.541224 EXECUTOR GSM_Constants.ttcn3:0 Initialization of module GSM_Types finished.
2026/Jun/29 05:45:27.541227 EXECUTOR GSM_Templates.ttcn3:0 Initialization of module GSM_Constants finished.
2026/Jun/29 05:45:27.541310 EXECUTOR GSM_Component_Definitions.ttcn3:0 Initialization of module GSM_Templates finished.
2026/Jun/29 05:45:27.541313 EXECUTOR - Initialization of module GSM_Component_Definitions finished.
2026/Jun/29 05:45:27.541315 EXECUTOR - Initializing module GSM_Functions.
2026/Jun/29 05:45:27.541344 EXECUTOR - Initialization of module GSM_Functions finished.
2026/Jun/29 05:45:27.541347 EXECUTOR - Initializing module PreGenRecordOf.
2026/Jun/29 05:45:27.541349 EXECUTOR - Initialization of module PreGenRecordOf finished.
2026/Jun/29 05:45:27.541351 EXECUTOR - Initializing module TC_26_2_1_3.
2026/Jun/29 05:45:27.541357 EXECUTOR - Initialization of module TC_26_2_1_3 finished.
2026/Jun/29 05:45:27.541359 EXECUTOR - Initializing module TC_26_2_2.
2026/Jun/29 05:45:27.541365 EXECUTOR - Initialization of module TC_26_2_2 finished.
2026/Jun/29 05:45:27.541367 EXECUTOR - Initializing module TC_26_2_3.
2026/Jun/29 05:45:27.541373 EXECUTOR - Initialization of module TC_26_2_3 finished.
2026/Jun/29 05:45:27.541375 EXECUTOR - Initializing module TC_26_3_2.
2026/Jun/29 05:45:27.541381 EXECUTOR - Initialization of module TC_26_3_2 finished.
2026/Jun/29 05:45:27.541383 EXECUTOR - Initializing module TC_26_3_3.
2026/Jun/29 05:45:27.541388 EXECUTOR - Initialization of module TC_26_3_3 finished.
2026/Jun/29 05:45:27.541390 EXECUTOR - Initializing module TC_26_3_4.
2026/Jun/29 05:45:27.541396 EXECUTOR - Initialization of module TC_26_3_4 finished.
2026/Jun/29 05:45:27.541401 EXECUTOR - Initializing module TC_26_6_11_1.
2026/Jun/29 05:45:27.541407 EXECUTOR - Initialization of module TC_26_6_11_1 finished.
2026/Jun/29 05:45:27.541410 EXECUTOR - Initializing module TC_26_6_11_2.
2026/Jun/29 05:45:27.541415 EXECUTOR - Initialization of module TC_26_6_11_2 finished.
2026/Jun/29 05:45:27.541417 EXECUTOR - Initializing module TC_26_6_12_1.
2026/Jun/29 05:45:27.541423 EXECUTOR - Initialization of module TC_26_6_12_1 finished.
2026/Jun/29 05:45:27.541425 EXECUTOR - Initializing module TC_26_6_12_2.
2026/Jun/29 05:45:27.541431 EXECUTOR - Initialization of module TC_26_6_12_2 finished.
2026/Jun/29 05:45:27.541433 EXECUTOR - Initializing module TC_26_6_12_3.
2026/Jun/29 05:45:27.541438 EXECUTOR - Initialization of module TC_26_6_12_3 finished.
2026/Jun/29 05:45:27.541440 EXECUTOR - Initializing module TC_26_6_12_4.
2026/Jun/29 05:45:27.541446 EXECUTOR - Initialization of module TC_26_6_12_4 finished.
2026/Jun/29 05:45:27.541448 EXECUTOR - Initializing module TC_26_6_13_1.
2026/Jun/29 05:45:27.541454 EXECUTOR - Initialization of module TC_26_6_13_1 finished.
2026/Jun/29 05:45:27.541456 EXECUTOR - Initializing module TC_26_6_13_10.
2026/Jun/29 05:45:27.541462 EXECUTOR - Initialization of module TC_26_6_13_10 finished.
2026/Jun/29 05:45:27.541464 EXECUTOR - Initializing module TC_26_6_13_2.
2026/Jun/29 05:45:27.541470 EXECUTOR - Initialization of module TC_26_6_13_2 finished.
2026/Jun/29 05:45:27.541472 EXECUTOR - Initializing module TC_26_6_13_3.
2026/Jun/29 05:45:27.541478 EXECUTOR - Initialization of module TC_26_6_13_3 finished.
2026/Jun/29 05:45:27.541480 EXECUTOR - Initializing module TC_26_6_13_4.
2026/Jun/29 05:45:27.541486 EXECUTOR - Initialization of module TC_26_6_13_4 finished.
2026/Jun/29 05:45:27.541488 EXECUTOR - Initializing module TC_26_6_13_5.
2026/Jun/29 05:45:27.541493 EXECUTOR - Initialization of module TC_26_6_13_5 finished.
2026/Jun/29 05:45:27.541495 EXECUTOR - Initializing module TC_26_6_13_6.
2026/Jun/29 05:45:27.541500 EXECUTOR - Initialization of module TC_26_6_13_6 finished.
2026/Jun/29 05:45:27.541502 EXECUTOR - Initializing module TC_26_6_13_7.
2026/Jun/29 05:45:27.541508 EXECUTOR - Initialization of module TC_26_6_13_7 finished.
2026/Jun/29 05:45:27.541510 EXECUTOR - Initializing module TC_26_6_13_9.
2026/Jun/29 05:45:27.541516 EXECUTOR - Initialization of module TC_26_6_13_9 finished.
2026/Jun/29 05:45:27.541518 EXECUTOR - Initializing module TC_26_6_1_1.
2026/Jun/29 05:45:27.541523 EXECUTOR - Initialization of module TC_26_6_1_1 finished.
2026/Jun/29 05:45:27.541525 EXECUTOR - Initializing module TC_26_6_1_2.
2026/Jun/29 05:45:27.541531 EXECUTOR - Initialization of module TC_26_6_1_2 finished.
2026/Jun/29 05:45:27.541533 EXECUTOR - Initializing module TC_26_6_1_3.
2026/Jun/29 05:45:27.541539 EXECUTOR - Initialization of module TC_26_6_1_3 finished.
2026/Jun/29 05:45:27.541541 EXECUTOR - Initializing module TC_26_6_1_4.
2026/Jun/29 05:45:27.541546 EXECUTOR - Initialization of module TC_26_6_1_4 finished.
2026/Jun/29 05:45:27.541549 EXECUTOR - Initializing module TC_26_6_1_5.
2026/Jun/29 05:45:27.541554 EXECUTOR - Initialization of module TC_26_6_1_5 finished.
2026/Jun/29 05:45:27.541556 EXECUTOR - Initializing module TC_26_6_2_1_1.
2026/Jun/29 05:45:27.541562 EXECUTOR - Initialization of module TC_26_6_2_1_1 finished.
2026/Jun/29 05:45:27.541564 EXECUTOR - Initializing module TC_26_6_2_1_2.
2026/Jun/29 05:45:27.541570 EXECUTOR - Initialization of module TC_26_6_2_1_2 finished.
2026/Jun/29 05:45:27.541572 EXECUTOR - Initializing module TC_26_6_2_1_3.
2026/Jun/29 05:45:27.541577 EXECUTOR - Initialization of module TC_26_6_2_1_3 finished.
2026/Jun/29 05:45:27.541580 EXECUTOR - Initializing module TC_26_6_2_2.
2026/Jun/29 05:45:27.541585 EXECUTOR - Initialization of module TC_26_6_2_2 finished.
2026/Jun/29 05:45:27.541587 EXECUTOR - Initializing module TC_26_6_2_3_1.
2026/Jun/29 05:45:27.541593 EXECUTOR - Initialization of module TC_26_6_2_3_1 finished.
2026/Jun/29 05:45:27.541596 EXECUTOR - Initializing module TC_26_6_2_3_2.
2026/Jun/29 05:45:27.541604 EXECUTOR - Initialization of module TC_26_6_2_3_2 finished.
2026/Jun/29 05:45:27.541606 EXECUTOR - Initializing module TC_26_6_2_4.
2026/Jun/29 05:45:27.541612 EXECUTOR - Initialization of module TC_26_6_2_4 finished.
2026/Jun/29 05:45:27.541614 EXECUTOR - Initializing module TC_26_6_2_5.
2026/Jun/29 05:45:27.541619 EXECUTOR - Initialization of module TC_26_6_2_5 finished.
2026/Jun/29 05:45:27.541621 EXECUTOR - Initializing module TC_26_6_3_1.
2026/Jun/29 05:45:27.541626 EXECUTOR - Initialization of module TC_26_6_3_1 finished.
2026/Jun/29 05:45:27.541629 EXECUTOR - Initializing module TC_26_6_3_2.
2026/Jun/29 05:45:27.541633 EXECUTOR - Initialization of module TC_26_6_3_2 finished.
2026/Jun/29 05:45:27.541635 EXECUTOR - Initializing module TC_26_6_3_3.
2026/Jun/29 05:45:27.541641 EXECUTOR - Initialization of module TC_26_6_3_3 finished.
2026/Jun/29 05:45:27.541643 EXECUTOR - Initializing module TC_26_6_3_4.
2026/Jun/29 05:45:27.541649 EXECUTOR - Initialization of module TC_26_6_3_4 finished.
2026/Jun/29 05:45:27.541651 EXECUTOR - Initializing module TC_26_6_3_5.
2026/Jun/29 05:45:27.541658 EXECUTOR - Initialization of module TC_26_6_3_5 finished.
2026/Jun/29 05:45:27.541660 EXECUTOR - Initializing module TC_26_6_4_1.
2026/Jun/29 05:45:27.541666 EXECUTOR - Initialization of module TC_26_6_4_1 finished.
2026/Jun/29 05:45:27.541668 EXECUTOR - Initializing module TC_26_6_4_2_1.
2026/Jun/29 05:45:27.541672 EXECUTOR - Initialization of module TC_26_6_4_2_1 finished.
2026/Jun/29 05:45:27.541674 EXECUTOR - Initializing module TC_26_6_4_2_2.
2026/Jun/29 05:45:27.541680 EXECUTOR - Initialization of module TC_26_6_4_2_2 finished.
2026/Jun/29 05:45:27.541682 EXECUTOR - Initializing module TC_26_6_5_1.
2026/Jun/29 05:45:27.541688 EXECUTOR - Initialization of module TC_26_6_5_1 finished.
2026/Jun/29 05:45:27.541690 EXECUTOR - Initializing module TC_26_6_5_2_1.
2026/Jun/29 05:45:27.541696 EXECUTOR - Initialization of module TC_26_6_5_2_1 finished.
2026/Jun/29 05:45:27.541698 EXECUTOR - Initializing module TC_26_6_5_2_10.
2026/Jun/29 05:45:27.541702 EXECUTOR - Initialization of module TC_26_6_5_2_10 finished.
2026/Jun/29 05:45:27.541704 EXECUTOR - Initializing module TC_26_6_5_2_2.
2026/Jun/29 05:45:27.541710 EXECUTOR - Initialization of module TC_26_6_5_2_2 finished.
2026/Jun/29 05:45:27.541712 EXECUTOR - Initializing module TC_26_6_5_2_3.
2026/Jun/29 05:45:27.541718 EXECUTOR - Initialization of module TC_26_6_5_2_3 finished.
2026/Jun/29 05:45:27.541720 EXECUTOR - Initializing module TC_26_6_5_2_4.
2026/Jun/29 05:45:27.541726 EXECUTOR - Initialization of module TC_26_6_5_2_4 finished.
2026/Jun/29 05:45:27.541728 EXECUTOR - Initializing module TC_26_6_5_2_5.
2026/Jun/29 05:45:27.541733 EXECUTOR - Initialization of module TC_26_6_5_2_5 finished.
2026/Jun/29 05:45:27.541735 EXECUTOR - Initializing module TC_26_6_5_2_6.
2026/Jun/29 05:45:27.541741 EXECUTOR - Initialization of module TC_26_6_5_2_6 finished.
2026/Jun/29 05:45:27.541743 EXECUTOR - Initializing module TC_26_6_5_2_7.
2026/Jun/29 05:45:27.541749 EXECUTOR - Initialization of module TC_26_6_5_2_7 finished.
2026/Jun/29 05:45:27.541751 EXECUTOR - Initializing module TC_26_6_5_2_8.
2026/Jun/29 05:45:27.541757 EXECUTOR - Initialization of module TC_26_6_5_2_8 finished.
2026/Jun/29 05:45:27.541759 EXECUTOR - Initializing module TC_26_6_5_2_9.
2026/Jun/29 05:45:27.541764 EXECUTOR - Initialization of module TC_26_6_5_2_9 finished.
2026/Jun/29 05:45:27.541766 EXECUTOR - Initializing module TC_26_6_5_3_1.
2026/Jun/29 05:45:27.541771 EXECUTOR - Initialization of module TC_26_6_5_3_1 finished.
2026/Jun/29 05:45:27.541773 EXECUTOR - Initializing module TC_26_6_5_3_2.
2026/Jun/29 05:45:27.541778 EXECUTOR - Initialization of module TC_26_6_5_3_2 finished.
2026/Jun/29 05:45:27.541780 EXECUTOR - Initializing module TC_26_6_5_4_1.
2026/Jun/29 05:45:27.541784 EXECUTOR - Initialization of module TC_26_6_5_4_1 finished.
2026/Jun/29 05:45:27.541787 EXECUTOR - Initializing module TC_26_6_5_4_2.
2026/Jun/29 05:45:27.541792 EXECUTOR - Initialization of module TC_26_6_5_4_2 finished.
2026/Jun/29 05:45:27.541796 EXECUTOR - Initializing module TC_26_6_5_5_2.
2026/Jun/29 05:45:27.541802 EXECUTOR - Initialization of module TC_26_6_5_5_2 finished.
2026/Jun/29 05:45:27.541804 EXECUTOR - Initializing module TC_26_6_5_6.
2026/Jun/29 05:45:27.541809 EXECUTOR - Initialization of module TC_26_6_5_6 finished.
2026/Jun/29 05:45:27.541811 EXECUTOR - Initializing module TC_26_6_5_7.
2026/Jun/29 05:45:27.541816 EXECUTOR - Initialization of module TC_26_6_5_7 finished.
2026/Jun/29 05:45:27.541818 EXECUTOR - Initializing module TC_26_6_5_8.
2026/Jun/29 05:45:27.541881 EXECUTOR - Initialization of module TC_26_6_5_8 finished.
2026/Jun/29 05:45:27.541888 EXECUTOR - Initializing module TC_26_6_6_1.
2026/Jun/29 05:45:27.541893 EXECUTOR - Initialization of module TC_26_6_6_1 finished.
2026/Jun/29 05:45:27.541895 EXECUTOR - Initializing module TC_26_6_7_2.
2026/Jun/29 05:45:27.541899 EXECUTOR - Initialization of module TC_26_6_7_2 finished.
2026/Jun/29 05:45:27.541901 EXECUTOR - Initializing module TC_26_6_8_1.
2026/Jun/29 05:45:27.541906 EXECUTOR - Initialization of module TC_26_6_8_1 finished.
2026/Jun/29 05:45:27.541908 EXECUTOR - Initializing module TC_26_6_8_2.
2026/Jun/29 05:45:27.541913 EXECUTOR - Initialization of module TC_26_6_8_2 finished.
2026/Jun/29 05:45:27.541916 EXECUTOR - Initializing module TC_26_6_8_3.
2026/Jun/29 05:45:27.541921 EXECUTOR - Initialization of module TC_26_6_8_3 finished.
2026/Jun/29 05:45:27.541923 EXECUTOR - Initializing module TC_26_6_8_4.
2026/Jun/29 05:45:27.541928 EXECUTOR - Initialization of module TC_26_6_8_4 finished.
2026/Jun/29 05:45:27.541930 EXECUTOR - Initializing module TC_26_6_8_5.
2026/Jun/29 05:45:27.541935 EXECUTOR - Initialization of module TC_26_6_8_5 finished.
2026/Jun/29 05:45:27.541937 EXECUTOR - Initializing module TC_26_7_1.
2026/Jun/29 05:45:27.541942 EXECUTOR - Initialization of module TC_26_7_1 finished.
2026/Jun/29 05:45:27.541944 EXECUTOR - Initializing module TC_26_7_2_1.
2026/Jun/29 05:45:27.541949 EXECUTOR - Initialization of module TC_26_7_2_1 finished.
2026/Jun/29 05:45:27.541951 EXECUTOR - Initializing module TC_26_7_2_2.
2026/Jun/29 05:45:27.541955 EXECUTOR - Initialization of module TC_26_7_2_2 finished.
2026/Jun/29 05:45:27.541958 EXECUTOR - Initializing module TC_26_7_3_1.
2026/Jun/29 05:45:27.541962 EXECUTOR - Initialization of module TC_26_7_3_1 finished.
2026/Jun/29 05:45:27.541964 EXECUTOR - Initializing module TC_26_7_3_2.
2026/Jun/29 05:45:27.541969 EXECUTOR - Initialization of module TC_26_7_3_2 finished.
2026/Jun/29 05:45:27.541972 EXECUTOR - Initializing module TC_26_7_4_1.
2026/Jun/29 05:45:27.541976 EXECUTOR - Initialization of module TC_26_7_4_1 finished.
2026/Jun/29 05:45:27.541978 EXECUTOR - Initializing module TC_26_7_4_2_1.
2026/Jun/29 05:45:27.541983 EXECUTOR - Initialization of module TC_26_7_4_2_1 finished.
2026/Jun/29 05:45:27.541985 EXECUTOR - Initializing module TC_26_7_4_2_2_1.
2026/Jun/29 05:45:27.541991 EXECUTOR - Initialization of module TC_26_7_4_2_2_1 finished.
2026/Jun/29 05:45:27.541993 EXECUTOR - Initializing module TC_26_7_4_2_2_2.
2026/Jun/29 05:45:27.541998 EXECUTOR - Initialization of module TC_26_7_4_2_2_2 finished.
2026/Jun/29 05:45:27.542000 EXECUTOR - Initializing module TC_26_7_4_2_3.
2026/Jun/29 05:45:27.542006 EXECUTOR - Initialization of module TC_26_7_4_2_3 finished.
2026/Jun/29 05:45:27.542008 EXECUTOR - Initializing module TC_26_7_4_2_4_1.
2026/Jun/29 05:45:27.542013 EXECUTOR - Initialization of module TC_26_7_4_2_4_1 finished.
2026/Jun/29 05:45:27.542015 EXECUTOR - Initializing module TC_26_7_4_2_4_2.
2026/Jun/29 05:45:27.542020 EXECUTOR - Initialization of module TC_26_7_4_2_4_2 finished.
2026/Jun/29 05:45:27.542022 EXECUTOR - Initializing module TC_26_7_4_2_4_3.
2026/Jun/29 05:45:27.542027 EXECUTOR - Initialization of module TC_26_7_4_2_4_3 finished.
2026/Jun/29 05:45:27.542029 EXECUTOR - Initializing module TC_26_7_4_2_4_4.
2026/Jun/29 05:45:27.542034 EXECUTOR - Initialization of module TC_26_7_4_2_4_4 finished.
2026/Jun/29 05:45:27.542037 EXECUTOR - Initializing module TC_26_7_4_2_4_5.
2026/Jun/29 05:45:27.542045 EXECUTOR - Initialization of module TC_26_7_4_2_4_5 finished.
2026/Jun/29 05:45:27.542047 EXECUTOR - Initializing module TC_26_7_4_3_1.
2026/Jun/29 05:45:27.542052 EXECUTOR - Initialization of module TC_26_7_4_3_1 finished.
2026/Jun/29 05:45:27.542054 EXECUTOR - Initializing module TC_26_7_4_3_2.
2026/Jun/29 05:45:27.542059 EXECUTOR - Initialization of module TC_26_7_4_3_2 finished.
2026/Jun/29 05:45:27.542061 EXECUTOR - Initializing module TC_26_7_4_3_3.
2026/Jun/29 05:45:27.542066 EXECUTOR - Initialization of module TC_26_7_4_3_3 finished.
2026/Jun/29 05:45:27.542068 EXECUTOR - Initializing module TC_26_7_4_3_4.
2026/Jun/29 05:45:27.542073 EXECUTOR - Initialization of module TC_26_7_4_3_4 finished.
2026/Jun/29 05:45:27.542075 EXECUTOR - Initializing module TC_26_7_4_4.
2026/Jun/29 05:45:27.542079 EXECUTOR - Initialization of module TC_26_7_4_4 finished.
2026/Jun/29 05:45:27.542081 EXECUTOR - Initializing module TC_26_7_4_5_1.
2026/Jun/29 05:45:27.542087 EXECUTOR - Initialization of module TC_26_7_4_5_1 finished.
2026/Jun/29 05:45:27.542089 EXECUTOR - Initializing module TC_26_7_4_5_2.
2026/Jun/29 05:45:27.542094 EXECUTOR - Initialization of module TC_26_7_4_5_2 finished.
2026/Jun/29 05:45:27.542096 EXECUTOR - Initializing module TC_26_7_4_5_3.
2026/Jun/29 05:45:27.542101 EXECUTOR - Initialization of module TC_26_7_4_5_3 finished.
2026/Jun/29 05:45:27.542103 EXECUTOR - Initializing module TC_26_7_4_5_4_2.
2026/Jun/29 05:45:27.542108 EXECUTOR - Initialization of module TC_26_7_4_5_4_2 finished.
2026/Jun/29 05:45:27.542110 EXECUTOR - Initializing module TC_26_7_4_5_4_3.
2026/Jun/29 05:45:27.542115 EXECUTOR - Initialization of module TC_26_7_4_5_4_3 finished.
2026/Jun/29 05:45:27.542117 EXECUTOR - Initializing module TC_26_7_5_2.
2026/Jun/29 05:45:27.542122 EXECUTOR - Initialization of module TC_26_7_5_2 finished.
2026/Jun/29 05:45:27.542124 EXECUTOR - Initializing module TC_26_7_5_3.
2026/Jun/29 05:45:27.542129 EXECUTOR - Initialization of module TC_26_7_5_3 finished.
2026/Jun/29 05:45:27.542131 EXECUTOR - Initializing module TC_26_7_5_4.
2026/Jun/29 05:45:27.542136 EXECUTOR - Initialization of module TC_26_7_5_4 finished.
2026/Jun/29 05:45:27.542138 EXECUTOR - Initializing module TC_26_7_5_5.
2026/Jun/29 05:45:27.542143 EXECUTOR - Initialization of module TC_26_7_5_5 finished.
2026/Jun/29 05:45:27.542145 EXECUTOR - Initializing module TC_26_7_5_6.
2026/Jun/29 05:45:27.542150 EXECUTOR - Initialization of module TC_26_7_5_6 finished.
2026/Jun/29 05:45:27.542152 EXECUTOR - Initializing module TC_26_7_5_7_1.
2026/Jun/29 05:45:27.542156 EXECUTOR - Initialization of module TC_26_7_5_7_1 finished.
2026/Jun/29 05:45:27.542159 EXECUTOR - Initializing module TC_26_7_5_8_1.
2026/Jun/29 05:45:27.542163 EXECUTOR - Initialization of module TC_26_7_5_8_1 finished.
2026/Jun/29 05:45:27.542165 EXECUTOR - Initializing module TC_26_7_5_8_2.
2026/Jun/29 05:45:27.542170 EXECUTOR - Initialization of module TC_26_7_5_8_2 finished.
2026/Jun/29 05:45:27.542172 EXECUTOR - Initializing module TC_26_7_5_8_3.
2026/Jun/29 05:45:27.542177 EXECUTOR - Initialization of module TC_26_7_5_8_3 finished.
2026/Jun/29 05:45:27.542179 EXECUTOR - Initializing module TC_26_8_1_2_1_1.
2026/Jun/29 05:45:27.542184 EXECUTOR - Initialization of module TC_26_8_1_2_1_1 finished.
2026/Jun/29 05:45:27.542186 EXECUTOR - Initializing module TC_26_8_1_2_2_1.
2026/Jun/29 05:45:27.542191 EXECUTOR - Initialization of module TC_26_8_1_2_2_1 finished.
2026/Jun/29 05:45:27.542193 EXECUTOR - Initializing module TC_26_8_1_2_2_2.
2026/Jun/29 05:45:27.542198 EXECUTOR - Initialization of module TC_26_8_1_2_2_2 finished.
2026/Jun/29 05:45:27.542200 EXECUTOR - Initializing module TC_26_8_1_2_2_3.
2026/Jun/29 05:45:27.542205 EXECUTOR - Initialization of module TC_26_8_1_2_2_3 finished.
2026/Jun/29 05:45:27.542207 EXECUTOR - Initializing module TC_26_8_1_2_3_1.
2026/Jun/29 05:45:27.542212 EXECUTOR - Initialization of module TC_26_8_1_2_3_1 finished.
2026/Jun/29 05:45:27.542214 EXECUTOR - Initializing module TC_26_8_1_2_3_2.
2026/Jun/29 05:45:27.542219 EXECUTOR - Initialization of module TC_26_8_1_2_3_2 finished.
2026/Jun/29 05:45:27.542224 EXECUTOR - Initializing module TC_26_8_1_2_3_3.
2026/Jun/29 05:45:27.542229 EXECUTOR - Initialization of module TC_26_8_1_2_3_3 finished.
2026/Jun/29 05:45:27.542231 EXECUTOR - Initializing module TC_26_8_1_2_3_4.
2026/Jun/29 05:45:27.542236 EXECUTOR - Initialization of module TC_26_8_1_2_3_4 finished.
2026/Jun/29 05:45:27.542238 EXECUTOR - Initializing module TC_26_8_1_2_3_5.
2026/Jun/29 05:45:27.542243 EXECUTOR - Initialization of module TC_26_8_1_2_3_5 finished.
2026/Jun/29 05:45:27.542245 EXECUTOR - Initializing module TC_26_8_1_2_3_6.
2026/Jun/29 05:45:27.542250 EXECUTOR - Initialization of module TC_26_8_1_2_3_6 finished.
2026/Jun/29 05:45:27.542252 EXECUTOR - Initializing module TC_26_8_1_2_3_7.
2026/Jun/29 05:45:27.542257 EXECUTOR - Initialization of module TC_26_8_1_2_3_7 finished.
2026/Jun/29 05:45:27.542259 EXECUTOR - Initializing module TC_26_8_1_2_4_1.
2026/Jun/29 05:45:27.542264 EXECUTOR - Initialization of module TC_26_8_1_2_4_1 finished.
2026/Jun/29 05:45:27.542266 EXECUTOR - Initializing module TC_26_8_1_2_4_13.
2026/Jun/29 05:45:27.542271 EXECUTOR - Initialization of module TC_26_8_1_2_4_13 finished.
2026/Jun/29 05:45:27.542273 EXECUTOR - Initializing module TC_26_8_1_2_4_2.
2026/Jun/29 05:45:27.542278 EXECUTOR - Initialization of module TC_26_8_1_2_4_2 finished.
2026/Jun/29 05:45:27.542280 EXECUTOR - Initializing module TC_26_8_1_2_4_3.
2026/Jun/29 05:45:27.542285 EXECUTOR - Initialization of module TC_26_8_1_2_4_3 finished.
2026/Jun/29 05:45:27.542288 EXECUTOR - Initializing module TC_26_8_1_2_4_4.
2026/Jun/29 05:45:27.542293 EXECUTOR - Initialization of module TC_26_8_1_2_4_4 finished.
2026/Jun/29 05:45:27.542295 EXECUTOR - Initializing module TC_26_8_1_2_4_5.
2026/Jun/29 05:45:27.542300 EXECUTOR - Initialization of module TC_26_8_1_2_4_5 finished.
2026/Jun/29 05:45:27.542302 EXECUTOR - Initializing module TC_26_8_1_2_5_7.
2026/Jun/29 05:45:27.542308 EXECUTOR - Initialization of module TC_26_8_1_2_5_7 finished.
2026/Jun/29 05:45:27.542310 EXECUTOR - Initializing module TC_26_8_1_2_6_1.
2026/Jun/29 05:45:27.542316 EXECUTOR - Initialization of module TC_26_8_1_2_6_1 finished.
2026/Jun/29 05:45:27.542318 EXECUTOR - Initializing module TC_26_8_1_2_6_2.
2026/Jun/29 05:45:27.542324 EXECUTOR - Initialization of module TC_26_8_1_2_6_2 finished.
2026/Jun/29 05:45:27.542326 EXECUTOR - Initializing module TC_26_8_1_2_6_3.
2026/Jun/29 05:45:27.542332 EXECUTOR - Initialization of module TC_26_8_1_2_6_3 finished.
2026/Jun/29 05:45:27.542334 EXECUTOR - Initializing module TC_26_8_1_2_6_5.
2026/Jun/29 05:45:27.542340 EXECUTOR - Initialization of module TC_26_8_1_2_6_5 finished.
2026/Jun/29 05:45:27.542342 EXECUTOR - Initializing module TC_26_8_1_2_6_6.
2026/Jun/29 05:45:27.542347 EXECUTOR - Initialization of module TC_26_8_1_2_6_6 finished.
2026/Jun/29 05:45:27.542349 EXECUTOR - Initializing module TC_26_8_1_2_7_3.
2026/Jun/29 05:45:27.542355 EXECUTOR - Initialization of module TC_26_8_1_2_7_3 finished.
2026/Jun/29 05:45:27.542357 EXECUTOR - Initializing module TC_26_8_1_2_7_4.
2026/Jun/29 05:45:27.542362 EXECUTOR - Initialization of module TC_26_8_1_2_7_4 finished.
2026/Jun/29 05:45:27.542364 EXECUTOR - Initializing module TC_26_8_1_2_8_3.
2026/Jun/29 05:45:27.542370 EXECUTOR - Initialization of module TC_26_8_1_2_8_3 finished.
2026/Jun/29 05:45:27.542372 EXECUTOR - Initializing module TC_26_8_1_2_9_2.
2026/Jun/29 05:45:27.542378 EXECUTOR - Initialization of module TC_26_8_1_2_9_2 finished.
2026/Jun/29 05:45:27.542380 EXECUTOR - Initializing module TC_26_8_1_2_9_4.
2026/Jun/29 05:45:27.542385 EXECUTOR - Initialization of module TC_26_8_1_2_9_4 finished.
2026/Jun/29 05:45:27.542387 EXECUTOR - Initializing module TC_26_8_1_2_9_5.
2026/Jun/29 05:45:27.542393 EXECUTOR - Initialization of module TC_26_8_1_2_9_5 finished.
2026/Jun/29 05:45:27.542395 EXECUTOR - Initializing module TC_26_8_1_3_1_1.
2026/Jun/29 05:45:27.542400 EXECUTOR - Initialization of module TC_26_8_1_3_1_1 finished.
2026/Jun/29 05:45:27.542402 EXECUTOR - Initializing module TC_26_8_1_3_2_1.
2026/Jun/29 05:45:27.542410 EXECUTOR - Initialization of module TC_26_8_1_3_2_1 finished.
2026/Jun/29 05:45:27.542413 EXECUTOR - Initializing module TC_26_8_1_3_3_1.
2026/Jun/29 05:45:27.542418 EXECUTOR - Initialization of module TC_26_8_1_3_3_1 finished.
2026/Jun/29 05:45:27.542420 EXECUTOR - Initializing module TC_26_8_1_3_3_2.
2026/Jun/29 05:45:27.542425 EXECUTOR - Initialization of module TC_26_8_1_3_3_2 finished.
2026/Jun/29 05:45:27.542427 EXECUTOR - Initializing module TC_26_8_1_3_3_3.
2026/Jun/29 05:45:27.542433 EXECUTOR - Initialization of module TC_26_8_1_3_3_3 finished.
2026/Jun/29 05:45:27.542435 EXECUTOR - Initializing module TC_26_8_1_3_3_4.
2026/Jun/29 05:45:27.542440 EXECUTOR - Initialization of module TC_26_8_1_3_3_4 finished.
2026/Jun/29 05:45:27.542442 EXECUTOR - Initializing module TC_26_8_1_3_3_5.
2026/Jun/29 05:45:27.542447 EXECUTOR - Initialization of module TC_26_8_1_3_3_5 finished.
2026/Jun/29 05:45:27.542449 EXECUTOR - Initializing module TC_26_8_1_3_3_6.
2026/Jun/29 05:45:27.542455 EXECUTOR - Initialization of module TC_26_8_1_3_3_6 finished.
2026/Jun/29 05:45:27.542457 EXECUTOR - Initializing module TC_26_8_1_3_3_7.
2026/Jun/29 05:45:27.542463 EXECUTOR - Initialization of module TC_26_8_1_3_3_7 finished.
2026/Jun/29 05:45:27.542465 EXECUTOR - Initializing module TC_26_8_1_3_4_1.
2026/Jun/29 05:45:27.542471 EXECUTOR - Initialization of module TC_26_8_1_3_4_1 finished.
2026/Jun/29 05:45:27.542473 EXECUTOR - Initializing module TC_26_8_1_3_4_2.
2026/Jun/29 05:45:27.542478 EXECUTOR - Initialization of module TC_26_8_1_3_4_2 finished.
2026/Jun/29 05:45:27.542480 EXECUTOR - Initializing module TC_26_8_1_3_4_3.
2026/Jun/29 05:45:27.542486 EXECUTOR - Initialization of module TC_26_8_1_3_4_3 finished.
2026/Jun/29 05:45:27.542488 EXECUTOR - Initializing module TC_26_8_1_3_4_4.
2026/Jun/29 05:45:27.542493 EXECUTOR - Initialization of module TC_26_8_1_3_4_4 finished.
2026/Jun/29 05:45:27.542496 EXECUTOR - Initializing module TC_26_8_1_3_4_5.
2026/Jun/29 05:45:27.542501 EXECUTOR - Initialization of module TC_26_8_1_3_4_5 finished.
2026/Jun/29 05:45:27.542503 EXECUTOR - Initializing module TC_26_8_1_3_4_6.
2026/Jun/29 05:45:27.542509 EXECUTOR - Initialization of module TC_26_8_1_3_4_6 finished.
2026/Jun/29 05:45:27.542511 EXECUTOR - Initializing module TC_26_8_1_3_4_7.
2026/Jun/29 05:45:27.542517 EXECUTOR - Initialization of module TC_26_8_1_3_4_7 finished.
2026/Jun/29 05:45:27.542519 EXECUTOR - Initializing module TC_26_8_1_3_4_8.
2026/Jun/29 05:45:27.542524 EXECUTOR - Initialization of module TC_26_8_1_3_4_8 finished.
2026/Jun/29 05:45:27.542526 EXECUTOR - Initializing module TC_26_8_1_3_5_1.
2026/Jun/29 05:45:27.542532 EXECUTOR - Initialization of module TC_26_8_1_3_5_1 finished.
2026/Jun/29 05:45:27.542535 EXECUTOR - Initializing module TC_26_8_1_3_5_2.
2026/Jun/29 05:45:27.542540 EXECUTOR - Initialization of module TC_26_8_1_3_5_2 finished.
2026/Jun/29 05:45:27.542542 EXECUTOR - Initializing module TC_26_8_1_3_5_3.
2026/Jun/29 05:45:27.542548 EXECUTOR - Initialization of module TC_26_8_1_3_5_3 finished.
2026/Jun/29 05:45:27.542550 EXECUTOR - Initializing module TC_26_8_1_3_5_4.
2026/Jun/29 05:45:27.542555 EXECUTOR - Initialization of module TC_26_8_1_3_5_4 finished.
2026/Jun/29 05:45:27.542557 EXECUTOR - Initializing module TC_26_8_1_3_5_5.
2026/Jun/29 05:45:27.542563 EXECUTOR - Initialization of module TC_26_8_1_3_5_5 finished.
2026/Jun/29 05:45:27.542565 EXECUTOR - Initializing module TC_26_8_1_3_5_6.
2026/Jun/29 05:45:27.542571 EXECUTOR - Initialization of module TC_26_8_1_3_5_6 finished.
2026/Jun/29 05:45:27.542573 EXECUTOR - Initializing module TC_26_8_1_3_5_7.
2026/Jun/29 05:45:27.542579 EXECUTOR - Initialization of module TC_26_8_1_3_5_7 finished.
2026/Jun/29 05:45:27.542581 EXECUTOR - Initializing module TC_26_8_1_3_5_8.
2026/Jun/29 05:45:27.542586 EXECUTOR - Initialization of module TC_26_8_1_3_5_8 finished.
2026/Jun/29 05:45:27.542588 EXECUTOR - Initializing module TC_26_8_1_3_5_9.
2026/Jun/29 05:45:27.542594 EXECUTOR - Initialization of module TC_26_8_1_3_5_9 finished.
2026/Jun/29 05:45:27.542596 EXECUTOR - Initializing module TC_26_8_1_4_3_1.
2026/Jun/29 05:45:27.542603 EXECUTOR - Initialization of module TC_26_8_1_4_3_1 finished.
2026/Jun/29 05:45:27.542606 EXECUTOR - Initializing module TC_26_8_1_4_3_2.
2026/Jun/29 05:45:27.542611 EXECUTOR - Initialization of module TC_26_8_1_4_3_2 finished.
2026/Jun/29 05:45:27.542613 EXECUTOR - Initializing module TC_26_8_1_4_5_6.
2026/Jun/29 05:45:27.542619 EXECUTOR - Initialization of module TC_26_8_1_4_5_6 finished.
2026/Jun/29 05:45:27.542621 EXECUTOR - Initializing module TC_26_8_2_1.
2026/Jun/29 05:45:27.542626 EXECUTOR - Initialization of module TC_26_8_2_1 finished.
2026/Jun/29 05:45:27.542628 EXECUTOR - Initializing module TC_26_8_2_2.
2026/Jun/29 05:45:27.542634 EXECUTOR - Initialization of module TC_26_8_2_2 finished.
2026/Jun/29 05:45:27.542636 EXECUTOR - Initializing module TC_26_8_2_3.
2026/Jun/29 05:45:27.542641 EXECUTOR - Initialization of module TC_26_8_2_3 finished.
2026/Jun/29 05:45:27.542643 EXECUTOR - Initializing module TC_26_8_3.
2026/Jun/29 05:45:27.542648 EXECUTOR - Initialization of module TC_26_8_3 finished.
2026/Jun/29 05:45:27.542651 EXECUTOR - Initializing module TC_34_2_2.
2026/Jun/29 05:45:27.542656 EXECUTOR - Initialization of module TC_34_2_2 finished.
2026/Jun/29 05:45:27.542658 EXECUTOR - Initializing module TitanLoggerApi.
2026/Jun/29 05:45:27.542660 EXECUTOR - Initialization of module TitanLoggerApi finished.
2026/Jun/29 05:45:27.542662 EXECUTOR - Initializing module TitanLoggerControl.
2026/Jun/29 05:45:27.542664 EXECUTOR - Initialization of module TitanLoggerControl finished.
2026/Jun/29 05:45:27.542679 EXECUTOR - Configuration data was processed successfully.
2026/Jun/29 05:45:27.544882 EXECUTOR - MTC was created. Process id: 39.
2026/Jun/29 05:46:51.849543 EXECUTOR - Exit was requested from MC. Terminating HC.
2026/Jun/29 05:46:51.849736 EXECUTOR - Disconnected from MC.
2026/Jun/29 05:46:51.849761 EXECUTOR - TTCN-3 Host Controller finished.
2026/Jun/29 05:45:27.545640 EXECUTOR - TTCN-3 Main Test Component started on ttcn3-tc-26-6-5-2-8-1-cpdh2. Version: 11.1.0.
2026/Jun/29 05:45:27.545876 EXECUTOR - TTCN Logger v2.2 options: TimeStampFormat:=DateTime; LogEntityName:=No; LogEventTypes:=Yes; SourceInfoFormat:=Single; LogSensitiveData:=No; *.FileMask:=LOG_ALL; *.ConsoleMask:=ERROR | TESTCASE | USER | VERDICTOP | WARNING; LogFileSize:=0; LogFileNumber:=1; DiskFullAction:=Error
2026/Jun/29 05:45:27.545937 EXECUTOR - Connected to MC.
2026/Jun/29 05:45:27.546045 EXECUTOR - Executing test case TC_26_6_5_2_8 in module TC_26_6_5_2_8.
2026/Jun/29 05:45:27.546293 TESTCASE TC_26_6_5_2_8.ttcn3:62 Test case TC_26_6_5_2_8 started.
2026/Jun/29 05:45:27.546810 PARALLEL TC_26_6_5_2_8.ttcn3:62 Initializing variables, timers and ports of component type GSM_Component_Definitions.GSM_CT inside testcase TC_26_6_5_2_8.
2026/Jun/29 05:45:27.547601 USER TC_26_6_5_2_8.ttcn3:62 MSC_Port: set_parameter msc_stub_host = 10.42.0.229
2026/Jun/29 05:45:27.547656 USER TC_26_6_5_2_8.ttcn3:62 MSC_Port: set_parameter msc_stub_port = 5000
2026/Jun/29 05:45:27.547714 USER TC_26_6_5_2_8.ttcn3:62 L3_Port: set_parameter gsmtap_host = 127.0.0.1
2026/Jun/29 05:45:27.547729 USER TC_26_6_5_2_8.ttcn3:62 L3_Port: set_parameter gsmtap_port = 4729
2026/Jun/29 05:45:27.547736 USER TC_26_6_5_2_8.ttcn3:62 L3_Port: set_parameter local_port = 4729
2026/Jun/29 05:45:27.547740 USER TC_26_6_5_2_8.ttcn3:62 L3_Port: set_parameter ul_multicast_group = 239.193.23.2
2026/Jun/29 05:45:27.547745 USER TC_26_6_5_2_8.ttcn3:62 L3_Port: Will join UL multicast group 239.193.23.2 for RACH capture
2026/Jun/29 05:45:27.547749 USER TC_26_6_5_2_8.ttcn3:62 L3_Port: set_parameter arfcn = 51
2026/Jun/29 05:45:27.547800 USER TC_26_6_5_2_8.ttcn3:62 L3_Port: user_start called
2026/Jun/29 05:45:27.547811 PORTEVENT TC_26_6_5_2_8.ttcn3:62 Port L was started.
2026/Jun/29 05:45:27.548199 PORTEVENT TC_26_6_5_2_8.ttcn3:62 Port RR was started.
2026/Jun/29 05:45:27.548205 PORTEVENT TC_26_6_5_2_8.ttcn3:62 Port MM was started.
2026/Jun/29 05:45:27.548210 PORTEVENT TC_26_6_5_2_8.ttcn3:62 Port CC was started.
2026/Jun/29 05:45:27.548213 USER TC_26_6_5_2_8.ttcn3:62 MSC_Port: user_start called
2026/Jun/29 05:45:27.548219 PORTEVENT TC_26_6_5_2_8.ttcn3:62 Port MSC was started.
2026/Jun/29 05:45:27.548222 PORTEVENT TC_26_6_5_2_8.ttcn3:62 Port BSC was started.
2026/Jun/29 05:45:27.548224 PORTEVENT TC_26_6_5_2_8.ttcn3:62 Port RSL was started.
2026/Jun/29 05:45:27.548232 USER TC_26_6_5_2_8.ttcn3:62 VTY_PT: Starting
2026/Jun/29 05:45:27.548236 PORTEVENT TC_26_6_5_2_8.ttcn3:62 Port VTY was started.
2026/Jun/29 05:45:27.548241 PORTEVENT TC_26_6_5_2_8.ttcn3:62 Port COORD was started.
2026/Jun/29 05:45:27.548243 PARALLEL TC_26_6_5_2_8.ttcn3:62 Component type GSM_Component_Definitions.GSM_CT was initialized.
2026/Jun/29 05:45:27.548285 PARALLEL TC_26_6_5_2_8.ttcn3:98 Mapping port mtc:BSC to system:BSC.
2026/Jun/29 05:45:27.548339 USER TC_26_6_5_2_8.ttcn3:98 BSC_Port: Mapping to 10.42.0.233:5001
2026/Jun/29 05:45:27.548851 WARNING TC_26_6_5_2_8.ttcn3:98 Warning: The maximum number of open file descriptors (1048576) is greater than FD_SETSIZE (1024). Ensure that Test Ports using Install_Handler do not try to wait for events of file descriptors with values greater than FD_SETSIZE (1024). (Current caller of Install_Handler is "BSC")
2026/Jun/29 05:45:27.548893 USER TC_26_6_5_2_8.ttcn3:98 BSC_Port: Registered socket for async events
2026/Jun/29 05:45:27.548899 USER TC_26_6_5_2_8.ttcn3:98 BSC_Port: Connected successfully
2026/Jun/29 05:45:27.548909 PORTEVENT TC_26_6_5_2_8.ttcn3:98 Port BSC was mapped to system:BSC.
2026/Jun/29 05:45:27.548984 PARALLEL TC_26_6_5_2_8.ttcn3:98 Map operation of mtc:BSC to system:BSC finished.
2026/Jun/29 05:45:27.549021 PARALLEL TC_26_6_5_2_8.ttcn3:99 Mapping port mtc:MSC to system:MSC.
2026/Jun/29 05:45:27.549119 USER TC_26_6_5_2_8.ttcn3:99 MSC_Port: Mapping to MSC
2026/Jun/29 05:45:27.549452 USER TC_26_6_5_2_8.ttcn3:99 MSC_Port: Registered socket for async events
2026/Jun/29 05:45:27.549466 USER TC_26_6_5_2_8.ttcn3:99 MSC_Port: Connected to MSC stub at 10.42.0.229:5000
2026/Jun/29 05:45:27.549479 PORTEVENT TC_26_6_5_2_8.ttcn3:99 Port MSC was mapped to system:MSC.
2026/Jun/29 05:45:27.549535 PARALLEL TC_26_6_5_2_8.ttcn3:99 Map operation of mtc:MSC to system:MSC finished.
2026/Jun/29 05:45:27.549552 PARALLEL TC_26_6_5_2_8.ttcn3:100 Mapping port mtc:L to system:L.
2026/Jun/29 05:45:27.549633 USER TC_26_6_5_2_8.ttcn3:100 BSC_Port: RX: {"event": "WELCOME", "data": {"status": "connected"}}
2026/Jun/29 05:45:27.549694 PORTEVENT TC_26_6_5_2_8.ttcn3:100 Message enqueued on BSC from system charstring : "{\"event\": \"WELCOME\", \"data\": {\"status\": \"connected\"}}" id 1
2026/Jun/29 05:45:27.549740 USER TC_26_6_5_2_8.ttcn3:100 L3_Port: Mapping to L
2026/Jun/29 05:45:27.549794 USER TC_26_6_5_2_8.ttcn3:100 L3_Port: Joined UL multicast group 239.193.23.2 for RACH capture
2026/Jun/29 05:45:27.549804 USER TC_26_6_5_2_8.ttcn3:100 L3_Port: GSMTAP listening on port 4729
2026/Jun/29 05:45:27.549812 USER TC_26_6_5_2_8.ttcn3:100 L3_Port: Mapped successfully (GSMTAP: 127.0.0.1:4729)
2026/Jun/29 05:45:27.549840 PORTEVENT TC_26_6_5_2_8.ttcn3:100 Port L was mapped to system:L.
2026/Jun/29 05:45:27.549865 PARALLEL TC_26_6_5_2_8.ttcn3:100 Map operation of mtc:L to system:L finished.
2026/Jun/29 05:45:27.549871 PARALLEL TC_26_6_5_2_8.ttcn3:101 Mapping port mtc:VTY to system:VTY.
2026/Jun/29 05:45:27.549890 USER TC_26_6_5_2_8.ttcn3:101 VTY_PT: Mapping port to VTY interface
2026/Jun/29 05:45:27.550183 USER TC_26_6_5_2_8.ttcn3:101 VTY_PT: Connected to VTY at 10.43.248.79:4247
2026/Jun/29 05:45:28.050411 USER TC_26_6_5_2_8.ttcn3:101 VTY_PT: Initial banner received
2026/Jun/29 05:45:28.050463 PORTEVENT TC_26_6_5_2_8.ttcn3:101 Port VTY was mapped to system:VTY.
2026/Jun/29 05:45:28.050534 USER TC_26_6_5_2_8.ttcn3:101 MSC_Port: RX: {"type": "WELCOME", "status": "connected"}
2026/Jun/29 05:45:28.050559 PORTEVENT TC_26_6_5_2_8.ttcn3:101 Message enqueued on MSC from system charstring : "{\"type\": \"WELCOME\", \"status\": \"connected\"}" id 1
2026/Jun/29 05:45:28.050600 USER TC_26_6_5_2_8.ttcn3:101 BSC_Port: RX: {"event": "BTS_CONNECTED", "data": {"unit_id": "4242/0/0"}}
2026/Jun/29 05:45:28.050609 PORTEVENT TC_26_6_5_2_8.ttcn3:101 Message enqueued on BSC from system charstring : "{\"event\": \"BTS_CONNECTED\", \"data\": {\"unit_id\": \"4242/0/0\"}}" id 2
2026/Jun/29 05:45:28.050615 USER TC_26_6_5_2_8.ttcn3:101 BSC_Port: RX: {"event": "BTS_CONNECTED", "data": {"unit_id": "4248/0/0"}}
2026/Jun/29 05:45:28.050622 PORTEVENT TC_26_6_5_2_8.ttcn3:101 Message enqueued on BSC from system charstring : "{\"event\": \"BTS_CONNECTED\", \"data\": {\"unit_id\": \"4248/0/0\"}}" id 3
2026/Jun/29 05:45:28.050626 USER TC_26_6_5_2_8.ttcn3:101 BSC_Port: RX: {"event": "BTS_READY", "data": {"unit_id": "4242/0/0"}}
2026/Jun/29 05:45:28.050634 PORTEVENT TC_26_6_5_2_8.ttcn3:101 Message enqueued on BSC from system charstring : "{\"event\": \"BTS_READY\", \"data\": {\"unit_id\": \"4242/0/0\"}}" id 4
2026/Jun/29 05:45:28.050638 USER TC_26_6_5_2_8.ttcn3:101 BSC_Port: RX: {"event": "BTS_READY", "data": {"unit_id": "4248/0/0"}}
2026/Jun/29 05:45:28.050644 PORTEVENT TC_26_6_5_2_8.ttcn3:101 Message enqueued on BSC from system charstring : "{\"event\": \"BTS_READY\", \"data\": {\"unit_id\": \"4248/0/0\"}}" id 5
2026/Jun/29 05:45:28.050649 USER TC_26_6_5_2_8.ttcn3:101 BSC_Port: RX: {"event": "CHAN_RQD", "data": {"ra": 5, "frame_number": 632, "frame_number_encoded": 776, "unit_id": "4242/0/0"}}
2026/Jun/29 05:45:28.050657 PORTEVENT TC_26_6_5_2_8.ttcn3:101 Message enqueued on BSC from system charstring : "{\"event\": \"CHAN_RQD\", \"data\": {\"ra\": 5, \"frame_number\": 632, \"frame_number_encoded\": 776, \"unit_id\": \"4242/0/0\"}}" id 6
2026/Jun/29 05:45:28.050662 USER TC_26_6_5_2_8.ttcn3:101 BSC_Port: RX: {"event": "CHAN_RQD", "data": {"ra": 1, "frame_number": 762, "frame_number_encoded": 936, "unit_id": "4242/0/0"}}
2026/Jun/29 05:45:28.050673 PORTEVENT TC_26_6_5_2_8.ttcn3:101 Message enqueued on BSC from system charstring : "{\"event\": \"CHAN_RQD\", \"data\": {\"ra\": 1, \"frame_number\": 762, \"frame_number_encoded\": 936, \"unit_id\": \"4242/0/0\"}}" id 7
2026/Jun/29 05:45:28.050690 USER TC_26_6_5_2_8.ttcn3:101 BSC_Port: RX: {"event": "CHAN_RQD", "data": {"ra": 15, "frame_number": 1893, "frame_number_encoded": 2741, "unit_id": "4242/0/0"}}
2026/Jun/29 05:45:28.050699 PORTEVENT TC_26_6_5_2_8.ttcn3:101 Message enqueued on BSC from system charstring : "{\"event\": \"CHAN_RQD\", \"data\": {\"ra\": 15, \"frame_number\": 1893, \"frame_number_encoded\": 2741, \"unit_id\": \"4242/0/0\"}}" id 8
2026/Jun/29 05:45:28.050704 USER TC_26_6_5_2_8.ttcn3:101 BSC_Port: RX: {"event": "CHAN_RQD", "data": {"ra": 7, "frame_number": 2104, "frame_number_encoded": 3000, "unit_id": "4242/0/0"}}
2026/Jun/29 05:45:28.050712 PORTEVENT TC_26_6_5_2_8.ttcn3:101 Message enqueued on BSC from system charstring : "{\"event\": \"CHAN_RQD\", \"data\": {\"ra\": 7, \"frame_number\": 2104, \"frame_number_encoded\": 3000, \"unit_id\": \"4242/0/0\"}}" id 9
2026/Jun/29 05:45:28.050717 USER TC_26_6_5_2_8.ttcn3:101 BSC_Port: RX: {"event": "CHAN_RQD", "data": {"ra": 14, "frame_number": 1991, "frame_number_encoded": 2863, "unit_id": "4242/0/0"}}
2026/Jun/29 05:45:28.050725 PORTEVENT TC_26_6_5_2_8.ttcn3:101 Message enqueued on BSC from system charstring : "{\"event\": \"CHAN_RQD\", \"data\": {\"ra\": 14, \"frame_number\": 1991, \"frame_number_encoded\": 2863, \"unit_id\": \"4242/0/0\"}}" id 10
2026/Jun/29 05:45:28.050729 USER TC_26_6_5_2_8.ttcn3:101 BSC_Port: RX: {"event": "CHAN_RQD", "data": {"ra": 10, "frame_number": 1878, "frame_number_encoded": 2726, "unit_id": "4242/0/0"}}
2026/Jun/29 05:45:28.050738 PORTEVENT TC_26_6_5_2_8.ttcn3:101 Message enqueued on BSC from system charstring : "{\"event\": \"CHAN_RQD\", \"data\": {\"ra\": 10, \"frame_number\": 1878, \"frame_number_encoded\": 2726, \"unit_id\": \"4242/0/0\"}}" id 11
2026/Jun/29 05:45:28.050745 USER TC_26_6_5_2_8.ttcn3:101 BSC_Port: RX: {"event": "CHAN_RQD", "data": {"ra": 1, "frame_number": 2062, "frame_number_encoded": 2952, "unit_id": "4242/0/0"}}
2026/Jun/29 05:45:28.050753 PORTEVENT TC_26_6_5_2_8.ttcn3:101 Message enqueued on BSC from system charstring : "{\"event\": \"CHAN_RQD\", \"data\": {\"ra\": 1, \"frame_number\": 2062, \"frame_number_encoded\": 2952, \"unit_id\": \"4242/0/0\"}}" id 12
2026/Jun/29 05:45:28.050757 USER TC_26_6_5_2_8.ttcn3:101 BSC_Port: RX: {"event": "CHAN_RQD", "data": {"ra": 5, "frame_number": 2084, "frame_number_encoded": 2980, "unit_id": "4242/0/0"}}
2026/Jun/29 05:45:28.050766 PORTEVENT TC_26_6_5_2_8.ttcn3:101 Message enqueued on BSC from system charstring : "{\"event\": \"CHAN_RQD\", \"data\": {\"ra\": 5, \"frame_number\": 2084, \"frame_number_encoded\": 2980, \"unit_id\": \"4242/0/0\"}}" id 13
2026/Jun/29 05:45:28.050770 USER TC_26_6_5_2_8.ttcn3:101 BSC_Port: RX: {"event": "CHAN_RQD", "data": {"ra": 12, "frame_number": 7244, "frame_number_encoded": 10992, "unit_id": "4242/0/0"}}
2026/Jun/29 05:45:28.050778 PORTEVENT TC_26_6_5_2_8.ttcn3:101 Message enqueued on BSC from system charstring : "{\"event\": \"CHAN_RQD\", \"data\": {\"ra\": 12, \"frame_number\": 7244, \"frame_number_encoded\": 10992, \"unit_id\": \"4242/0/0\"}}" id 14
2026/Jun/29 05:45:28.050782 USER TC_26_6_5_2_8.ttcn3:101 BSC_Port: RX: {"event": "CHAN_RQD", "data": {"ra": 13, "frame_number": 7212, "frame_number_encoded": 10954, "unit_id": "4242/0/0"}}
2026/Jun/29 05:45:28.050790 PORTEVENT TC_26_6_5_2_8.ttcn3:101 Message enqueued on BSC from system charstring : "{\"event\": \"CHAN_RQD\", \"data\": {\"ra\": 13, \"frame_number\": 7212, \"frame_number_encoded\": 10954, \"unit_id\": \"4242/0/0\"}}" id 15
2026/Jun/29 05:45:28.050795 USER TC_26_6_5_2_8.ttcn3:101 BSC_Port: RX: {"event": "CHAN_RQD", "data": {"ra": 15, "frame_number": 7342, "frame_number_encoded": 11114, "unit_id": "4242/0/0"}}
2026/Jun/29 05:45:28.050803 PORTEVENT TC_26_6_5_2_8.ttcn3:101 Message enqueued on BSC from system charstring : "{\"event\": \"CHAN_RQD\", \"data\": {\"ra\": 15, \"frame_number\": 7342, \"frame_number_encoded\": 11114, \"unit_id\": \"4242/0/0\"}}" id 16
2026/Jun/29 05:45:28.050807 USER TC_26_6_5_2_8.ttcn3:101 BSC_Port: RX: {"event": "CHAN_RQD", "data": {"ra": 6, "frame_number": 7310, "frame_number_encoded": 11076, "unit_id": "4242/0/0"}}
2026/Jun/29 05:45:28.050818 PORTEVENT TC_26_6_5_2_8.ttcn3:101 Message enqueued on BSC from system charstring : "{\"event\": \"CHAN_RQD\", \"data\": {\"ra\": 6, \"frame_number\": 7310, \"frame_number_encoded\": 11076, \"unit_id\": \"4242/0/0\"}}" id 17
2026/Jun/29 05:45:28.050840 USER TC_26_6_5_2_8.ttcn3:101 BSC_Port: RX: {"event": "CHAN_RQD", "data": {"ra": 10, "frame_number": 8549, "frame_number_encoded": 13013, "unit_id": "4242/0/0"}}
2026/Jun/29 05:45:28.050849 PORTEVENT TC_26_6_5_2_8.ttcn3:101 Message enqueued on BSC from system charstring : "{\"event\": \"CHAN_RQD\", \"data\": {\"ra\": 10, \"frame_number\": 8549, \"frame_number_encoded\": 13013, \"unit_id\": \"4242/0/0\"}}" id 18
2026/Jun/29 05:45:28.050853 USER TC_26_6_5_2_8.ttcn3:101 BSC_Port: RX: {"event": "CHAN_RQD", "data": {"ra": 13, "frame_number": 8544, "frame_number_encoded": 13008, "unit_id": "4242/0/0"}}
2026/Jun/29 05:45:28.050862 PORTEVENT TC_26_6_5_2_8.ttcn3:101 Message enqueued on BSC from system charstring : "{\"event\": \"CHAN_RQD\", \"data\": {\"ra\": 13, \"frame_number\": 8544, \"frame_number_encoded\": 13008, \"unit_id\": \"4242/0/0\"}}" id 19
2026/Jun/29 05:45:28.050867 USER TC_26_6_5_2_8.ttcn3:101 BSC_Port: RX: {"event": "CHAN_RQD", "data": {"ra": 9, "frame_number": 8593, "frame_number_encoded": 13069, "unit_id": "4242/0/0"}}
2026/Jun/29 05:45:28.050877 PORTEVENT TC_26_6_5_2_8.ttcn3:101 Message enqueued on BSC from system charstring : "{\"event\": \"CHAN_RQD\", \"data\": {\"ra\": 9, \"frame_number\": 8593, \"frame_number_encoded\": 13069, \"unit_id\": \"4242/0/0\"}}" id 20
2026/Jun/29 05:45:28.050882 USER TC_26_6_5_2_8.ttcn3:101 BSC_Port: RX: {"event": "CHAN_RQD", "data": {"ra": 9, "frame_number": 8507, "frame_number_encoded": 12965, "unit_id": "4242/0/0"}}
2026/Jun/29 05:45:28.050889 PORTEVENT TC_26_6_5_2_8.ttcn3:101 Message enqueued on BSC from system charstring : "{\"event\": \"CHAN_RQD\", \"data\": {\"ra\": 9, \"frame_number\": 8507, \"frame_number_encoded\": 12965, \"unit_id\": \"4242/0/0\"}}" id 21
2026/Jun/29 05:45:28.050894 USER TC_26_6_5_2_8.ttcn3:101 BSC_Port: RX: {"event": "CHAN_RQD", "data": {"ra": 15, "frame_number": 12395, "frame_number_encoded": 18995, "unit_id": "4242/0/0"}}
2026/Jun/29 05:45:28.050901 PORTEVENT TC_26_6_5_2_8.ttcn3:101 Message enqueued on BSC from system charstring : "{\"event\": \"CHAN_RQD\", \"data\": {\"ra\": 15, \"frame_number\": 12395, \"frame_number_encoded\": 18995, \"unit_id\": \"4242/0/0\"}}" id 22
2026/Jun/29 05:45:28.050906 USER TC_26_6_5_2_8.ttcn3:101 BSC_Port: RX: {"event": "CHAN_RQD", "data": {"ra": 1, "frame_number": 13905, "frame_number_encoded": 21269, "unit_id": "4242/0/0"}}
2026/Jun/29 05:45:28.050913 PORTEVENT TC_26_6_5_2_8.ttcn3:101 Message enqueued on BSC from system charstring : "{\"event\": \"CHAN_RQD\", \"data\": {\"ra\": 1, \"frame_number\": 13905, \"frame_number_encoded\": 21269, \"unit_id\": \"4242/0/0\"}}" id 23
2026/Jun/29 05:45:28.050917 USER TC_26_6_5_2_8.ttcn3:101 BSC_Port: RX: {"event": "CHAN_RQD", "data": {"ra": 2, "frame_number": 13927, "frame_number_encoded": 21297, "unit_id": "4242/0/0"}}
2026/Jun/29 05:45:28.050925 PORTEVENT TC_26_6_5_2_8.ttcn3:101 Message enqueued on BSC from system charstring : "{\"event\": \"CHAN_RQD\", \"data\": {\"ra\": 2, \"frame_number\": 13927, \"frame_number_encoded\": 21297, \"unit_id\": \"4242/0/0\"}}" id 24
2026/Jun/29 05:45:28.050929 USER TC_26_6_5_2_8.ttcn3:101 BSC_Port: RX: {"event": "CHAN_RQD", "data": {"ra": 8, "frame_number": 14003, "frame_number_encoded": 21391, "unit_id": "4242/0/0"}}
2026/Jun/29 05:45:28.050937 PORTEVENT TC_26_6_5_2_8.ttcn3:101 Message enqueued on BSC from system charstring : "{\"event\": \"CHAN_RQD\", \"data\": {\"ra\": 8, \"frame_number\": 14003, \"frame_number_encoded\": 21391, \"unit_id\": \"4242/0/0\"}}" id 25
2026/Jun/29 05:45:28.050941 USER TC_26_6_5_2_8.ttcn3:101 BSC_Port: RX: {"event": "CHAN_RQD", "data": {"ra": 10, "frame_number": 13836, "frame_number_encoded": 21188, "unit_id": "4242/0/0"}}
2026/Jun/29 05:45:28.050949 PORTEVENT TC_26_6_5_2_8.ttcn3:101 Message enqueued on BSC from system charstring : "{\"event\": \"CHAN_RQD\", \"data\": {\"ra\": 10, \"frame_number\": 13836, \"frame_number_encoded\": 21188, \"unit_id\": \"4242/0/0\"}}" id 26
2026/Jun/29 05:45:28.050956 USER TC_26_6_5_2_8.ttcn3:101 BSC_Port: RX: {"event": "CHAN_RQD", "data": {"ra": 7, "frame_number": 13993, "frame_number_encoded": 21381, "unit_id": "4242/0/0"}}
2026/Jun/29 05:45:28.050965 PORTEVENT TC_26_6_5_2_8.ttcn3:101 Message enqueued on BSC from system charstring : "{\"event\": \"CHAN_RQD\", \"data\": {\"ra\": 7, \"frame_number\": 13993, \"frame_number_encoded\": 21381, \"unit_id\": \"4242/0/0\"}}" id 27
2026/Jun/29 05:45:28.050969 USER TC_26_6_5_2_8.ttcn3:101 BSC_Port: RX: {"event": "CHAN_RQD", "data": {"ra": 13, "frame_number": 15368, "frame_number_encoded": 23490, "unit_id": "4242/0/0"}}
2026/Jun/29 05:45:28.050977 PORTEVENT TC_26_6_5_2_8.ttcn3:101 Message enqueued on BSC from system charstring : "{\"event\": \"CHAN_RQD\", \"data\": {\"ra\": 13, \"frame_number\": 15368, \"frame_number_encoded\": 23490, \"unit_id\": \"4242/0/0\"}}" id 28
2026/Jun/29 05:45:28.050981 USER TC_26_6_5_2_8.ttcn3:101 BSC_Port: RX: {"event": "CHAN_RQD", "data": {"ra": 6, "frame_number": 15362, "frame_number_encoded": 23478, "unit_id": "4242/0/0"}}
2026/Jun/29 05:45:28.050991 PORTEVENT TC_26_6_5_2_8.ttcn3:101 Message enqueued on BSC from system charstring : "{\"event\": \"CHAN_RQD\", \"data\": {\"ra\": 6, \"frame_number\": 15362, \"frame_number_encoded\": 23478, \"unit_id\": \"4242/0/0\"}}" id 29
2026/Jun/29 05:45:28.050996 USER TC_26_6_5_2_8.ttcn3:101 BSC_Port: RX: {"event": "CHAN_RQD", "data": {"ra": 7, "frame_number": 19008, "frame_number_encoded": 29218, "unit_id": "4242/0/0"}}
2026/Jun/29 05:45:28.051004 PORTEVENT TC_26_6_5_2_8.ttcn3:101 Message enqueued on BSC from system charstring : "{\"event\": \"CHAN_RQD\", \"data\": {\"ra\": 7, \"frame_number\": 19008, \"frame_number_encoded\": 29218, \"unit_id\": \"4242/0/0\"}}" id 30
2026/Jun/29 05:45:28.051008 USER TC_26_6_5_2_8.ttcn3:101 BSC_Port: RX: {"event": "CHAN_RQD", "data": {"ra": 10, "frame_number": 19138, "frame_number_encoded": 29378, "unit_id": "4242/0/0"}}
2026/Jun/29 05:45:28.051016 PORTEVENT TC_26_6_5_2_8.ttcn3:101 Message enqueued on BSC from system charstring : "{\"event\": \"CHAN_RQD\", \"data\": {\"ra\": 10, \"frame_number\": 19138, \"frame_number_encoded\": 29378, \"unit_id\": \"4242/0/0\"}}" id 31
2026/Jun/29 05:45:28.051020 USER TC_26_6_5_2_8.ttcn3:101 BSC_Port: RX: {"event": "CHAN_RQD", "data": {"ra": 13, "frame_number": 19105, "frame_number_encoded": 29333, "unit_id": "4242/0/0"}}
2026/Jun/29 05:45:28.051028 PORTEVENT TC_26_6_5_2_8.ttcn3:101 Message enqueued on BSC from system charstring : "{\"event\": \"CHAN_RQD\", \"data\": {\"ra\": 13, \"frame_number\": 19105, \"frame_number_encoded\": 29333, \"unit_id\": \"4242/0/0\"}}" id 32
2026/Jun/29 05:45:28.051032 USER TC_26_6_5_2_8.ttcn3:101 BSC_Port: RX: {"event": "CHAN_RQD", "data": {"ra": 5, "frame_number": 20453, "frame_number_encoded": 31409, "unit_id": "4242/0/0"}}
2026/Jun/29 05:45:28.051056 PORTEVENT TC_26_6_5_2_8.ttcn3:101 Message enqueued on BSC from system charstring : "{\"event\": \"CHAN_RQD\", \"data\": {\"ra\": 5, \"frame_number\": 20453, \"frame_number_encoded\": 31409, \"unit_id\": \"4242/0/0\"}}" id 33
2026/Jun/29 05:45:28.051061 USER TC_26_6_5_2_8.ttcn3:101 BSC_Port: RX: {"event": "CHAN_RQD", "data": {"ra": 2, "frame_number": 20691, "frame_number_encoded": 31701, "unit_id": "4242/0/0"}}
2026/Jun/29 05:45:28.051070 PORTEVENT TC_26_6_5_2_8.ttcn3:101 Message enqueued on BSC from system charstring : "{\"event\": \"CHAN_RQD\", \"data\": {\"ra\": 2, \"frame_number\": 20691, \"frame_number_encoded\": 31701, \"unit_id\": \"4242/0/0\"}}" id 34
2026/Jun/29 05:45:28.051074 USER TC_26_6_5_2_8.ttcn3:101 BSC_Port: RX: {"event": "CHAN_RQD", "data": {"ra": 3, "frame_number": 20632, "frame_number_encoded": 31630, "unit_id": "4242/0/0"}}
2026/Jun/29 05:45:28.051082 PORTEVENT TC_26_6_5_2_8.ttcn3:101 Message enqueued on BSC from system charstring : "{\"event\": \"CHAN_RQD\", \"data\": {\"ra\": 3, \"frame_number\": 20632, \"frame_number_encoded\": 31630, \"unit_id\": \"4242/0/0\"}}" id 35
2026/Jun/29 05:45:28.051089 USER TC_26_6_5_2_8.ttcn3:101 BSC_Port: RX: {"event": "CHAN_RQD", "data": {"ra": 11, "frame_number": 20627, "frame_number_encoded": 31625, "unit_id": "4242/0/0"}}
2026/Jun/29 05:45:28.051097 PORTEVENT TC_26_6_5_2_8.ttcn3:101 Message enqueued on BSC from system charstring : "{\"event\": \"CHAN_RQD\", \"data\": {\"ra\": 11, \"frame_number\": 20627, \"frame_number_encoded\": 31625, \"unit_id\": \"4242/0/0\"}}" id 36
2026/Jun/29 05:45:28.051101 USER TC_26_6_5_2_8.ttcn3:101 BSC_Port: RX: {"event": "CHAN_RQD", "data": {"ra": 1, "frame_number": 20649, "frame_number_encoded": 31653, "unit_id": "4242/0/0"}}
2026/Jun/29 05:45:28.051109 PORTEVENT TC_26_6_5_2_8.ttcn3:101 Message enqueued on BSC from system charstring : "{\"event\": \"CHAN_RQD\", \"data\": {\"ra\": 1, \"frame_number\": 20649, \"frame_number_encoded\": 31653, \"unit_id\": \"4242/0/0\"}}" id 37
2026/Jun/29 05:45:28.051295 PARALLEL TC_26_6_5_2_8.ttcn3:101 Map operation of mtc:VTY to system:VTY finished.
2026/Jun/29 05:45:28.051329 TIMEROP TC_26_6_5_2_8.ttcn3:103 Start timer T_guard: 300 s
2026/Jun/29 05:45:28.051856 USER TC_26_6_5_2_8.ttcn3:105 ==========================================================
2026/Jun/29 05:45:28.051879 USER TC_26_6_5_2_8.ttcn3:106 *** TC_26_6_5_2_8: Non-synchronised Handover (Variant 4) ***
2026/Jun/29 05:45:28.051896 USER TC_26_6_5_2_8.ttcn3:107 "*** Reference: GSM 04.08 " & char(0, 0, 0, 167) & " 26.6.5.2.8 ***"
2026/Jun/29 05:45:28.051922 USER TC_26_6_5_2_8.ttcn3:108 *** Variant 4: Non-zero timeslot + SDCCH/8 assignment ***
2026/Jun/29 05:45:28.051934 USER TC_26_6_5_2_8.ttcn3:109 "*** INFRA_LIMIT-4: TSPX_TmSltNotZero NOT TESTABLE " & char(0, 0, 33, 146) & " using SDCCH/4 TS0 (PARTIAL) ***"
2026/Jun/29 05:45:28.051953 USER TC_26_6_5_2_8.ttcn3:110 "*** FH-SKIP: C_Test_fh=1 " & char(0, 0, 33, 146) & " using h=0 channels (ARFCN 51" & char(0, 0, 33, 146) & "56) ***"
2026/Jun/29 05:45:28.051971 USER TC_26_6_5_2_8.ttcn3:111 *** INFRA_LIMIT-2: L2 ack withhold + N(SD) retransmit check best-effort ***
2026/Jun/29 05:45:28.051984 USER TC_26_6_5_2_8.ttcn3:112 *** INFRA_LIMIT-3: +Check_Cells_Present neighbor cell check PARTIAL ***
2026/Jun/29 05:45:28.051996 USER TC_26_6_5_2_8.ttcn3:113 *** IMPLEMENTED: non-sync access bursts, PHYSICAL INFO, inter-cell HO ***
2026/Jun/29 05:45:28.052009 USER TC_26_6_5_2_8.ttcn3:114 ==========================================================
2026/Jun/29 05:45:28.052022 USER TC_26_6_5_2_8.ttcn3:119 *** FIX-059: Disabling auto-respond immediately after port mapping ***
2026/Jun/29 05:45:28.052056 PORTEVENT TC_26_6_5_2_8.ttcn3:120 Sent on BSC to system charstring : "{\"command\": \"SET_AUTO_RESPOND\", \"enabled\": false}"
2026/Jun/29 05:45:28.052374 USER TC_26_6_5_2_8.ttcn3:120 BSC_Port: TX: {"command": "SET_AUTO_RESPOND", "enabled": false}
2026/Jun/29 05:45:28.052730 TIMEROP TC_26_6_5_2_8.ttcn3:122 Start timer T_auto_resp_ack: 5 s
2026/Jun/29 05:45:28.052785 PORTEVENT TC_26_6_5_2_8.ttcn3:124 Receive operation on port BSC succeeded, message from system(): charstring : "{\"event\": \"WELCOME\", \"data\": {\"status\": \"connected\"}}" id 1
2026/Jun/29 05:45:28.052817 PORTEVENT TC_26_6_5_2_8.ttcn3:124 Message with id 1 was extracted from the queue of BSC.
2026/Jun/29 05:45:28.053028 TIMEROP TC_26_6_5_2_8.ttcn3:126 Stop timer T_auto_resp_ack: 5 s
2026/Jun/29 05:45:28.053044 USER TC_26_6_5_2_8.ttcn3:127 Auto-respond disabled successfully
2026/Jun/29 05:45:28.053077 USER TC_26_6_5_2_8.ttcn3:154 "*** Phase 1: LU preamble (BSC stub mode " & char(0, 0, 32, 20) & " direct RSL LU ACCEPT) ***"
2026/Jun/29 05:45:28.053098 USER TC_26_6_5_2_8.ttcn3:155 "*** FH-SKIP: +IdleUpdated with C_Test_fh " & char(0, 0, 33, 146) & " h=0 SI broadcast ***"
2026/Jun/29 05:45:28.053114 USER TC_26_6_5_2_8.ttcn3:160 *** FIX-059d: Clearing buffered events before mobile restart ***
2026/Jun/29 05:45:28.053130 PORTEVENT TC_26_6_5_2_8.ttcn3:161 Sent on BSC to system charstring : "{\"command\": \"CMD_CLEAR_EVENTS\"}"
2026/Jun/29 05:45:28.053169 USER TC_26_6_5_2_8.ttcn3:161 BSC_Port: TX: {"command": "CMD_CLEAR_EVENTS"}
2026/Jun/29 05:45:28.053191 TIMEROP TC_26_6_5_2_8.ttcn3:163 Start timer T_clear_ack: 2 s
2026/Jun/29 05:45:28.053202 PORTEVENT TC_26_6_5_2_8.ttcn3:165 Receive operation on port BSC succeeded, message from system(): charstring : "{\"event\": \"BTS_CONNECTED\", \"data\": {\"unit_id\": \"4242/0/0\"}}" id 2
2026/Jun/29 05:45:28.053208 PORTEVENT TC_26_6_5_2_8.ttcn3:165 Message with id 2 was extracted from the queue of BSC.
2026/Jun/29 05:45:28.053250 USER TC_26_6_5_2_8.ttcn3:172 Ignoring message during clear: "{\"event\": \"BTS_CONNECTED\", \"data\": {\"unit_id\": \"4242/0/0\"}}"
2026/Jun/29 05:45:28.053288 PORTEVENT TC_26_6_5_2_8.ttcn3:165 Receive operation on port BSC succeeded, message from system(): charstring : "{\"event\": \"BTS_CONNECTED\", \"data\": {\"unit_id\": \"4248/0/0\"}}" id 3
2026/Jun/29 05:45:28.053293 PORTEVENT TC_26_6_5_2_8.ttcn3:165 Message with id 3 was extracted from the queue of BSC.
2026/Jun/29 05:45:28.053325 USER TC_26_6_5_2_8.ttcn3:172 Ignoring message during clear: "{\"event\": \"BTS_CONNECTED\", \"data\": {\"unit_id\": \"4248/0/0\"}}"
2026/Jun/29 05:45:28.053347 PORTEVENT TC_26_6_5_2_8.ttcn3:165 Receive operation on port BSC succeeded, message from system(): charstring : "{\"event\": \"BTS_READY\", \"data\": {\"unit_id\": \"4242/0/0\"}}" id 4
2026/Jun/29 05:45:28.053352 PORTEVENT TC_26_6_5_2_8.ttcn3:165 Message with id 4 was extracted from the queue of BSC.
2026/Jun/29 05:45:28.053383 USER TC_26_6_5_2_8.ttcn3:172 Ignoring message during clear: "{\"event\": \"BTS_READY\", \"data\": {\"unit_id\": \"4242/0/0\"}}"
2026/Jun/29 05:45:28.053401 PORTEVENT TC_26_6_5_2_8.ttcn3:165 Receive operation on port BSC succeeded, message from system(): charstring : "{\"event\": \"BTS_READY\", \"data\": {\"unit_id\": \"4248/0/0\"}}" id 5
2026/Jun/29 05:45:28.053406 PORTEVENT TC_26_6_5_2_8.ttcn3:165 Message with id 5 was extracted from the queue of BSC.
2026/Jun/29 05:45:28.053435 USER TC_26_6_5_2_8.ttcn3:172 Ignoring message during clear: "{\"event\": \"BTS_READY\", \"data\": {\"unit_id\": \"4248/0/0\"}}"
2026/Jun/29 05:45:28.053686 PORTEVENT TC_26_6_5_2_8.ttcn3:165 Receive operation on port BSC succeeded, message from system(): charstring : "{\"event\": \"CHAN_RQD\", \"data\": {\"ra\": 5, \"frame_number\": 632, \"frame_number_encoded\": 776, \"unit_id\": \"4242/0/0\"}}" id 6
2026/Jun/29 05:45:28.053698 PORTEVENT TC_26_6_5_2_8.ttcn3:165 Message with id 6 was extracted from the queue of BSC.
2026/Jun/29 05:45:28.053743 USER TC_26_6_5_2_8.ttcn3:172 Ignoring message during clear: "{\"event\": \"CHAN_RQD\", \"data\": {\"ra\": 5, \"frame_number\": 632, \"frame_number_encoded\": 776, \"unit_id\": \"4242/0/0\"}}"
2026/Jun/29 05:45:28.053778 PORTEVENT TC_26_6_5_2_8.ttcn3:165 Receive operation on port BSC succeeded, message from system(): charstring : "{\"event\": \"CHAN_RQD\", \"data\": {\"ra\": 1, \"frame_number\": 762, \"frame_number_encoded\": 936, \"unit_id\": \"4242/0/0\"}}" id 7
2026/Jun/29 05:45:28.053784 PORTEVENT TC_26_6_5_2_8.ttcn3:165 Message with id 7 was extracted from the queue of BSC.
2026/Jun/29 05:45:28.053828 USER TC_26_6_5_2_8.ttcn3:172 Ignoring message during clear: "{\"event\": \"CHAN_RQD\", \"data\": {\"ra\": 1, \"frame_number\": 762, \"frame_number_encoded\": 936, \"unit_id\": \"4242/0/0\"}}"
2026/Jun/29 05:45:28.053858 PORTEVENT TC_26_6_5_2_8.ttcn3:165 Receive operation on port BSC succeeded, message from system(): charstring : "{\"event\": \"CHAN_RQD\", \"data\": {\"ra\": 15, \"frame_number\": 1893, \"frame_number_encoded\": 2741, \"unit_id\": \"4242/0/0\"}}" id 8
2026/Jun/29 05:45:28.053863 PORTEVENT TC_26_6_5_2_8.ttcn3:165 Message with id 8 was extracted from the queue of BSC.
2026/Jun/29 05:45:28.053899 USER TC_26_6_5_2_8.ttcn3:172 Ignoring message during clear: "{\"event\": \"CHAN_RQD\", \"data\": {\"ra\": 15, \"frame_number\": 1893, \"frame_number_encoded\": 2741, \"unit_id\": \"4242/0/0\"}}"
2026/Jun/29 05:45:28.053921 PORTEVENT TC_26_6_5_2_8.ttcn3:165 Receive operation on port BSC succeeded, message from system(): charstring : "{\"event\": \"CHAN_RQD\", \"data\": {\"ra\": 7, \"frame_number\": 2104, \"frame_number_encoded\": 3000, \"unit_id\": \"4242/0/0\"}}" id 9
2026/Jun/29 05:45:28.053930 PORTEVENT TC_26_6_5_2_8.ttcn3:165 Message with id 9 was extracted from the queue of BSC.
2026/Jun/29 05:45:28.053966 USER TC_26_6_5_2_8.ttcn3:172 Ignoring message during clear: "{\"event\": \"CHAN_RQD\", \"data\": {\"ra\": 7, \"frame_number\": 2104, \"frame_number_encoded\": 3000, \"unit_id\": \"4242/0/0\"}}"
2026/Jun/29 05:45:28.053988 PORTEVENT TC_26_6_5_2_8.ttcn3:165 Receive operation on port BSC succeeded, message from system(): charstring : "{\"event\": \"CHAN_RQD\", \"data\": {\"ra\": 14, \"frame_number\": 1991, \"frame_number_encoded\": 2863, \"unit_id\": \"4242/0/0\"}}" id 10
2026/Jun/29 05:45:28.053993 PORTEVENT TC_26_6_5_2_8.ttcn3:165 Message with id 10 was extracted from the queue of BSC.
2026/Jun/29 05:45:28.054028 USER TC_26_6_5_2_8.ttcn3:172 Ignoring message during clear: "{\"event\": \"CHAN_RQD\", \"data\": {\"ra\": 14, \"frame_number\": 1991, \"frame_number_encoded\": 2863, \"unit_id\": \"4242/0/0\"}}"
2026/Jun/29 05:45:28.054049 PORTEVENT TC_26_6_5_2_8.ttcn3:165 Receive operation on port BSC succeeded, message from system(): charstring : "{\"event\": \"CHAN_RQD\", \"data\": {\"ra\": 10, \"frame_number\": 1878, \"frame_number_encoded\": 2726, \"unit_id\": \"4242/0/0\"}}" id 11
2026/Jun/29 05:45:28.054054 PORTEVENT TC_26_6_5_2_8.ttcn3:165 Message with id 11 was extracted from the queue of BSC.
2026/Jun/29 05:45:28.054088 USER TC_26_6_5_2_8.ttcn3:172 Ignoring message during clear: "{\"event\": \"CHAN_RQD\", \"data\": {\"ra\": 10, \"frame_number\": 1878, \"frame_number_encoded\": 2726, \"unit_id\": \"4242/0/0\"}}"
2026/Jun/29 05:45:28.054110 PORTEVENT TC_26_6_5_2_8.ttcn3:165 Receive operation on port BSC succeeded, message from system(): charstring : "{\"event\": \"CHAN_RQD\", \"data\": {\"ra\": 1, \"frame_number\": 2062, \"frame_number_encoded\": 2952, \"unit_id\": \"4242/0/0\"}}" id 12
2026/Jun/29 05:45:28.054115 PORTEVENT TC_26_6_5_2_8.ttcn3:165 Message with id 12 was extracted from the queue of BSC.
2026/Jun/29 05:45:28.054150 USER TC_26_6_5_2_8.ttcn3:172 Ignoring message during clear: "{\"event\": \"CHAN_RQD\", \"data\": {\"ra\": 1, \"frame_number\": 2062, \"frame_number_encoded\": 2952, \"unit_id\": \"4242/0/0\"}}"
2026/Jun/29 05:45:28.054171 PORTEVENT TC_26_6_5_2_8.ttcn3:165 Receive operation on port BSC succeeded, message from system(): charstring : "{\"event\": \"CHAN_RQD\", \"data\": {\"ra\": 5, \"frame_number\": 2084, \"frame_number_encoded\": 2980, \"unit_id\": \"4242/0/0\"}}" id 13
2026/Jun/29 05:45:28.054176 PORTEVENT TC_26_6_5_2_8.ttcn3:165 Message with id 13 was extracted from the queue of BSC.
2026/Jun/29 05:45:28.054211 USER TC_26_6_5_2_8.ttcn3:172 Ignoring message during clear: "{\"event\": \"CHAN_RQD\", \"data\": {\"ra\": 5, \"frame_number\": 2084, \"frame_number_encoded\": 2980, \"unit_id\": \"4242/0/0\"}}"
2026/Jun/29 05:45:28.054232 PORTEVENT TC_26_6_5_2_8.ttcn3:165 Receive operation on port BSC succeeded, message from system(): charstring : "{\"event\": \"CHAN_RQD\", \"data\": {\"ra\": 12, \"frame_number\": 7244, \"frame_number_encoded\": 10992, \"unit_id\": \"4242/0/0\"}}" id 14
2026/Jun/29 05:45:28.054237 PORTEVENT TC_26_6_5_2_8.ttcn3:165 Message with id 14 was extracted from the queue of BSC.
2026/Jun/29 05:45:28.054272 USER TC_26_6_5_2_8.ttcn3:172 Ignoring message during clear: "{\"event\": \"CHAN_RQD\", \"data\": {\"ra\": 12, \"frame_number\": 7244, \"frame_number_encoded\": 10992, \"unit_id\": \"4242/0/0\"}}"
2026/Jun/29 05:45:28.054293 PORTEVENT TC_26_6_5_2_8.ttcn3:165 Receive operation on port BSC succeeded, message from system(): charstring : "{\"event\": \"CHAN_RQD\", \"data\": {\"ra\": 13, \"frame_number\": 7212, \"frame_number_encoded\": 10954, \"unit_id\": \"4242/0/0\"}}" id 15
2026/Jun/29 05:45:28.054298 PORTEVENT TC_26_6_5_2_8.ttcn3:165 Message with id 15 was extracted from the queue of BSC.
2026/Jun/29 05:45:28.054333 USER TC_26_6_5_2_8.ttcn3:172 Ignoring message during clear: "{\"event\": \"CHAN_RQD\", \"data\": {\"ra\": 13, \"frame_number\": 7212, \"frame_number_encoded\": 10954, \"unit_id\": \"4242/0/0\"}}"
2026/Jun/29 05:45:28.054358 PORTEVENT TC_26_6_5_2_8.ttcn3:165 Receive operation on port BSC succeeded, message from system(): charstring : "{\"event\": \"CHAN_RQD\", \"data\": {\"ra\": 15, \"frame_number\": 7342, \"frame_number_encoded\": 11114, \"unit_id\": \"4242/0/0\"}}" id 16
2026/Jun/29 05:45:28.054363 PORTEVENT TC_26_6_5_2_8.ttcn3:165 Message with id 16 was extracted from the queue of BSC.
2026/Jun/29 05:45:28.054398 USER TC_26_6_5_2_8.ttcn3:172 Ignoring message during clear: "{\"event\": \"CHAN_RQD\", \"data\": {\"ra\": 15, \"frame_number\": 7342, \"frame_number_encoded\": 11114, \"unit_id\": \"4242/0/0\"}}"
2026/Jun/29 05:45:28.054420 PORTEVENT TC_26_6_5_2_8.ttcn3:165 Receive operation on port BSC succeeded, message from system(): charstring : "{\"event\": \"CHAN_RQD\", \"data\": {\"ra\": 6, \"frame_number\": 7310, \"frame_number_encoded\": 11076, \"unit_id\": \"4242/0/0\"}}" id 17
2026/Jun/29 05:45:28.054424 PORTEVENT TC_26_6_5_2_8.ttcn3:165 Message with id 17 was extracted from the queue of BSC.
2026/Jun/29 05:45:28.054460 USER TC_26_6_5_2_8.ttcn3:172 Ignoring message during clear: "{\"event\": \"CHAN_RQD\", \"data\": {\"ra\": 6, \"frame_number\": 7310, \"frame_number_encoded\": 11076, \"unit_id\": \"4242/0/0\"}}"
2026/Jun/29 05:45:28.054482 PORTEVENT TC_26_6_5_2_8.ttcn3:165 Receive operation on port BSC succeeded, message from system(): charstring : "{\"event\": \"CHAN_RQD\", \"data\": {\"ra\": 10, \"frame_number\": 8549, \"frame_number_encoded\": 13013, \"unit_id\": \"4242/0/0\"}}" id 18
2026/Jun/29 05:45:28.054486 PORTEVENT TC_26_6_5_2_8.ttcn3:165 Message with id 18 was extracted from the queue of BSC.
2026/Jun/29 05:45:28.054521 USER TC_26_6_5_2_8.ttcn3:172 Ignoring message during clear: "{\"event\": \"CHAN_RQD\", \"data\": {\"ra\": 10, \"frame_number\": 8549, \"frame_number_encoded\": 13013, \"unit_id\": \"4242/0/0\"}}"
2026/Jun/29 05:45:28.054544 PORTEVENT TC_26_6_5_2_8.ttcn3:165 Receive operation on port BSC succeeded, message from system(): charstring : "{\"event\": \"CHAN_RQD\", \"data\": {\"ra\": 13, \"frame_number\": 8544, \"frame_number_encoded\": 13008, \"unit_id\": \"4242/0/0\"}}" id 19
2026/Jun/29 05:45:28.054548 PORTEVENT TC_26_6_5_2_8.ttcn3:165 Message with id 19 was extracted from the queue of BSC.
2026/Jun/29 05:45:28.054583 USER TC_26_6_5_2_8.ttcn3:172 Ignoring message during clear: "{\"event\": \"CHAN_RQD\", \"data\": {\"ra\": 13, \"frame_number\": 8544, \"frame_number_encoded\": 13008, \"unit_id\": \"4242/0/0\"}}"
2026/Jun/29 05:45:28.054604 PORTEVENT TC_26_6_5_2_8.ttcn3:165 Receive operation on port BSC succeeded, message from system(): charstring : "{\"event\": \"CHAN_RQD\", \"data\": {\"ra\": 9, \"frame_number\": 8593, \"frame_number_encoded\": 13069, \"unit_id\": \"4242/0/0\"}}" id 20
2026/Jun/29 05:45:28.054609 PORTEVENT TC_26_6_5_2_8.ttcn3:165 Message with id 20 was extracted from the queue of BSC.
2026/Jun/29 05:45:28.054644 USER TC_26_6_5_2_8.ttcn3:172 Ignoring message during clear: "{\"event\": \"CHAN_RQD\", \"data\": {\"ra\": 9, \"frame_number\": 8593, \"frame_number_encoded\": 13069, \"unit_id\": \"4242/0/0\"}}"
2026/Jun/29 05:45:28.054665 PORTEVENT TC_26_6_5_2_8.ttcn3:165 Receive operation on port BSC succeeded, message from system(): charstring : "{\"event\": \"CHAN_RQD\", \"data\": {\"ra\": 9, \"frame_number\": 8507, \"frame_number_encoded\": 12965, \"unit_id\": \"4242/0/0\"}}" id 21
2026/Jun/29 05:45:28.054670 PORTEVENT TC_26_6_5_2_8.ttcn3:165 Message with id 21 was extracted from the queue of BSC.
2026/Jun/29 05:45:28.054704 USER TC_26_6_5_2_8.ttcn3:172 Ignoring message during clear: "{\"event\": \"CHAN_RQD\", \"data\": {\"ra\": 9, \"frame_number\": 8507, \"frame_number_encoded\": 12965, \"unit_id\": \"4242/0/0\"}}"
2026/Jun/29 05:45:28.054726 PORTEVENT TC_26_6_5_2_8.ttcn3:165 Receive operation on port BSC succeeded, message from system(): charstring : "{\"event\": \"CHAN_RQD\", \"data\": {\"ra\": 15, \"frame_number\": 12395, \"frame_number_encoded\": 18995, \"unit_id\": \"4242/0/0\"}}" id 22
2026/Jun/29 05:45:28.054734 PORTEVENT TC_26_6_5_2_8.ttcn3:165 Message with id 22 was extracted from the queue of BSC.
2026/Jun/29 05:45:28.054768 USER TC_26_6_5_2_8.ttcn3:172 Ignoring message during clear: "{\"event\": \"CHAN_RQD\", \"data\": {\"ra\": 15, \"frame_number\": 12395, \"frame_number_encoded\": 18995, \"unit_id\": \"4242/0/0\"}}"
2026/Jun/29 05:45:28.054790 PORTEVENT TC_26_6_5_2_8.ttcn3:165 Receive operation on port BSC succeeded, message from system(): charstring : "{\"event\": \"CHAN_RQD\", \"data\": {\"ra\": 1, \"frame_number\": 13905, \"frame_number_encoded\": 21269, \"unit_id\": \"4242/0/0\"}}" id 23
2026/Jun/29 05:45:28.054795 PORTEVENT TC_26_6_5_2_8.ttcn3:165 Message with id 23 was extracted from the queue of BSC.
2026/Jun/29 05:45:28.054836 USER TC_26_6_5_2_8.ttcn3:172 Ignoring message during clear: "{\"event\": \"CHAN_RQD\", \"data\": {\"ra\": 1, \"frame_number\": 13905, \"frame_number_encoded\": 21269, \"unit_id\": \"4242/0/0\"}}"
2026/Jun/29 05:45:28.054863 PORTEVENT TC_26_6_5_2_8.ttcn3:165 Receive operation on port BSC succeeded, message from system(): charstring : "{\"event\": \"CHAN_RQD\", \"data\": {\"ra\": 2, \"frame_number\": 13927, \"frame_number_encoded\": 21297, \"unit_id\": \"4242/0/0\"}}" id 24
2026/Jun/29 05:45:28.054868 PORTEVENT TC_26_6_5_2_8.ttcn3:165 Message with id 24 was extracted from the queue of BSC.
2026/Jun/29 05:45:28.054902 USER TC_26_6_5_2_8.ttcn3:172 Ignoring message during clear: "{\"event\": \"CHAN_RQD\", \"data\": {\"ra\": 2, \"frame_number\": 13927, \"frame_number_encoded\": 21297, \"unit_id\": \"4242/0/0\"}}"
2026/Jun/29 05:45:28.054924 PORTEVENT TC_26_6_5_2_8.ttcn3:165 Receive operation on port BSC succeeded, message from system(): charstring : "{\"event\": \"CHAN_RQD\", \"data\": {\"ra\": 8, \"frame_number\": 14003, \"frame_number_encoded\": 21391, \"unit_id\": \"4242/0/0\"}}" id 25
2026/Jun/29 05:45:28.054929 PORTEVENT TC_26_6_5_2_8.ttcn3:165 Message with id 25 was extracted from the queue of BSC.
2026/Jun/29 05:45:28.054963 USER TC_26_6_5_2_8.ttcn3:172 Ignoring message during clear: "{\"event\": \"CHAN_RQD\", \"data\": {\"ra\": 8, \"frame_number\": 14003, \"frame_number_encoded\": 21391, \"unit_id\": \"4242/0/0\"}}"
2026/Jun/29 05:45:28.054985 PORTEVENT TC_26_6_5_2_8.ttcn3:165 Receive operation on port BSC succeeded, message from system(): charstring : "{\"event\": \"CHAN_RQD\", \"data\": {\"ra\": 10, \"frame_number\": 13836, \"frame_number_encoded\": 21188, \"unit_id\": \"4242/0/0\"}}" id 26
2026/Jun/29 05:45:28.054989 PORTEVENT TC_26_6_5_2_8.ttcn3:165 Message with id 26 was extracted from the queue of BSC.
2026/Jun/29 05:45:28.055024 USER TC_26_6_5_2_8.ttcn3:172 Ignoring message during clear: "{\"event\": \"CHAN_RQD\", \"data\": {\"ra\": 10, \"frame_number\": 13836, \"frame_number_encoded\": 21188, \"unit_id\": \"4242/0/0\"}}"
2026/Jun/29 05:45:28.055050 PORTEVENT TC_26_6_5_2_8.ttcn3:165 Receive operation on port BSC succeeded, message from system(): charstring : "{\"event\": \"CHAN_RQD\", \"data\": {\"ra\": 7, \"frame_number\": 13993, \"frame_number_encoded\": 21381, \"unit_id\": \"4242/0/0\"}}" id 27
2026/Jun/29 05:45:28.055054 PORTEVENT TC_26_6_5_2_8.ttcn3:165 Message with id 27 was extracted from the queue of BSC.
2026/Jun/29 05:45:28.055089 USER TC_26_6_5_2_8.ttcn3:172 Ignoring message during clear: "{\"event\": \"CHAN_RQD\", \"data\": {\"ra\": 7, \"frame_number\": 13993, \"frame_number_encoded\": 21381, \"unit_id\": \"4242/0/0\"}}"
2026/Jun/29 05:45:28.055111 PORTEVENT TC_26_6_5_2_8.ttcn3:165 Receive operation on port BSC succeeded, message from system(): charstring : "{\"event\": \"CHAN_RQD\", \"data\": {\"ra\": 13, \"frame_number\": 15368, \"frame_number_encoded\": 23490, \"unit_id\": \"4242/0/0\"}}" id 28
2026/Jun/29 05:45:28.055116 PORTEVENT TC_26_6_5_2_8.ttcn3:165 Message with id 28 was extracted from the queue of BSC.
2026/Jun/29 05:45:28.055150 USER TC_26_6_5_2_8.ttcn3:172 Ignoring message during clear: "{\"event\": \"CHAN_RQD\", \"data\": {\"ra\": 13, \"frame_number\": 15368, \"frame_number_encoded\": 23490, \"unit_id\": \"4242/0/0\"}}"
2026/Jun/29 05:45:28.055176 PORTEVENT TC_26_6_5_2_8.ttcn3:165 Receive operation on port BSC succeeded, message from system(): charstring : "{\"event\": \"CHAN_RQD\", \"data\": {\"ra\": 6, \"frame_number\": 15362, \"frame_number_encoded\": 23478, \"unit_id\": \"4242/0/0\"}}" id 29
2026/Jun/29 05:45:28.055181 PORTEVENT TC_26_6_5_2_8.ttcn3:165 Message with id 29 was extracted from the queue of BSC.
2026/Jun/29 05:45:28.055216 USER TC_26_6_5_2_8.ttcn3:172 Ignoring message during clear: "{\"event\": \"CHAN_RQD\", \"data\": {\"ra\": 6, \"frame_number\": 15362, \"frame_number_encoded\": 23478, \"unit_id\": \"4242/0/0\"}}"
2026/Jun/29 05:45:28.055238 PORTEVENT TC_26_6_5_2_8.ttcn3:165 Receive operation on port BSC succeeded, message from system(): charstring : "{\"event\": \"CHAN_RQD\", \"data\": {\"ra\": 7, \"frame_number\": 19008, \"frame_number_encoded\": 29218, \"unit_id\": \"4242/0/0\"}}" id 30
2026/Jun/29 05:45:28.055242 PORTEVENT TC_26_6_5_2_8.ttcn3:165 Message with id 30 was extracted from the queue of BSC.
2026/Jun/29 05:45:28.055277 USER TC_26_6_5_2_8.ttcn3:172 Ignoring message during clear: "{\"event\": \"CHAN_RQD\", \"data\": {\"ra\": 7, \"frame_number\": 19008, \"frame_number_encoded\": 29218, \"unit_id\": \"4242/0/0\"}}"
2026/Jun/29 05:45:28.055298 PORTEVENT TC_26_6_5_2_8.ttcn3:165 Receive operation on port BSC succeeded, message from system(): charstring : "{\"event\": \"CHAN_RQD\", \"data\": {\"ra\": 10, \"frame_number\": 19138, \"frame_number_encoded\": 29378, \"unit_id\": \"4242/0/0\"}}" id 31
2026/Jun/29 05:45:28.055303 PORTEVENT TC_26_6_5_2_8.ttcn3:165 Message with id 31 was extracted from the queue of BSC.
2026/Jun/29 05:45:28.055338 USER TC_26_6_5_2_8.ttcn3:172 Ignoring message during clear: "{\"event\": \"CHAN_RQD\", \"data\": {\"ra\": 10, \"frame_number\": 19138, \"frame_number_encoded\": 29378, \"unit_id\": \"4242/0/0\"}}"
2026/Jun/29 05:45:28.055359 PORTEVENT TC_26_6_5_2_8.ttcn3:165 Receive operation on port BSC succeeded, message from system(): charstring : "{\"event\": \"CHAN_RQD\", \"data\": {\"ra\": 13, \"frame_number\": 19105, \"frame_number_encoded\": 29333, \"unit_id\": \"4242/0/0\"}}" id 32
2026/Jun/29 05:45:28.055363 PORTEVENT TC_26_6_5_2_8.ttcn3:165 Message with id 32 was extracted from the queue of BSC.
2026/Jun/29 05:45:28.055398 USER TC_26_6_5_2_8.ttcn3:172 Ignoring message during clear: "{\"event\": \"CHAN_RQD\", \"data\": {\"ra\": 13, \"frame_number\": 19105, \"frame_number_encoded\": 29333, \"unit_id\": \"4242/0/0\"}}"
2026/Jun/29 05:45:28.055420 PORTEVENT TC_26_6_5_2_8.ttcn3:165 Receive operation on port BSC succeeded, message from system(): charstring : "{\"event\": \"CHAN_RQD\", \"data\": {\"ra\": 5, \"frame_number\": 20453, \"frame_number_encoded\": 31409, \"unit_id\": \"4242/0/0\"}}" id 33
2026/Jun/29 05:45:28.055425 PORTEVENT TC_26_6_5_2_8.ttcn3:165 Message with id 33 was extracted from the queue of BSC.
2026/Jun/29 05:45:28.055460 USER TC_26_6_5_2_8.ttcn3:172 Ignoring message during clear: "{\"event\": \"CHAN_RQD\", \"data\": {\"ra\": 5, \"frame_number\": 20453, \"frame_number_encoded\": 31409, \"unit_id\": \"4242/0/0\"}}"
2026/Jun/29 05:45:28.055481 PORTEVENT TC_26_6_5_2_8.ttcn3:165 Receive operation on port BSC succeeded, message from system(): charstring : "{\"event\": \"CHAN_RQD\", \"data\": {\"ra\": 2, \"frame_number\": 20691, \"frame_number_encoded\": 31701, \"unit_id\": \"4242/0/0\"}}" id 34
2026/Jun/29 05:45:28.055486 PORTEVENT TC_26_6_5_2_8.ttcn3:165 Message with id 34 was extracted from the queue of BSC.
2026/Jun/29 05:45:28.055521 USER TC_26_6_5_2_8.ttcn3:172 Ignoring message during clear: "{\"event\": \"CHAN_RQD\", \"data\": {\"ra\": 2, \"frame_number\": 20691, \"frame_number_encoded\": 31701, \"unit_id\": \"4242/0/0\"}}"
2026/Jun/29 05:45:28.055543 PORTEVENT TC_26_6_5_2_8.ttcn3:165 Receive operation on port BSC succeeded, message from system(): charstring : "{\"event\": \"CHAN_RQD\", \"data\": {\"ra\": 3, \"frame_number\": 20632, \"frame_number_encoded\": 31630, \"unit_id\": \"4242/0/0\"}}" id 35
2026/Jun/29 05:45:28.055547 PORTEVENT TC_26_6_5_2_8.ttcn3:165 Message with id 35 was extracted from the queue of BSC.
2026/Jun/29 05:45:28.055587 USER TC_26_6_5_2_8.ttcn3:172 Ignoring message during clear: "{\"event\": \"CHAN_RQD\", \"data\": {\"ra\": 3, \"frame_number\": 20632, \"frame_number_encoded\": 31630, \"unit_id\": \"4242/0/0\"}}"
2026/Jun/29 05:45:28.055609 PORTEVENT TC_26_6_5_2_8.ttcn3:165 Receive operation on port BSC succeeded, message from system(): charstring : "{\"event\": \"CHAN_RQD\", \"data\": {\"ra\": 11, \"frame_number\": 20627, \"frame_number_encoded\": 31625, \"unit_id\": \"4242/0/0\"}}" id 36
2026/Jun/29 05:45:28.055626 PORTEVENT TC_26_6_5_2_8.ttcn3:165 Message with id 36 was extracted from the queue of BSC.
2026/Jun/29 05:45:28.055677 USER TC_26_6_5_2_8.ttcn3:172 Ignoring message during clear: "{\"event\": \"CHAN_RQD\", \"data\": {\"ra\": 11, \"frame_number\": 20627, \"frame_number_encoded\": 31625, \"unit_id\": \"4242/0/0\"}}"
2026/Jun/29 05:45:28.055699 PORTEVENT TC_26_6_5_2_8.ttcn3:165 Receive operation on port BSC succeeded, message from system(): charstring : "{\"event\": \"CHAN_RQD\", \"data\": {\"ra\": 1, \"frame_number\": 20649, \"frame_number_encoded\": 31653, \"unit_id\": \"4242/0/0\"}}" id 37
2026/Jun/29 05:45:28.055704 PORTEVENT TC_26_6_5_2_8.ttcn3:165 Message with id 37 was extracted from the queue of BSC.
2026/Jun/29 05:45:28.055739 USER TC_26_6_5_2_8.ttcn3:172 Ignoring message during clear: "{\"event\": \"CHAN_RQD\", \"data\": {\"ra\": 1, \"frame_number\": 20649, \"frame_number_encoded\": 31653, \"unit_id\": \"4242/0/0\"}}"
2026/Jun/29 05:45:28.055771 PORTEVENT TC_26_6_5_2_8.ttcn3:176 Receive operation on port MSC succeeded, message from system(): charstring: "{\"type\": \"WELCOME\", \"status\": \"connected\"}" id 1
2026/Jun/29 05:45:28.055776 PORTEVENT TC_26_6_5_2_8.ttcn3:176 Message with id 1 was extracted from the queue of MSC.
2026/Jun/29 05:45:28.055797 USER TC_26_6_5_2_8.ttcn3:164 BSC_Port: RX: {"status": "ok", "auto_respond": false}
2026/Jun/29 05:45:28.055814 PORTEVENT TC_26_6_5_2_8.ttcn3:164 Message enqueued on BSC from system charstring : "{\"status\": \"ok\", \"auto_respond\": false}" id 38
2026/Jun/29 05:45:28.055824 USER TC_26_6_5_2_8.ttcn3:164 BSC_Port: RX: {"status": "ok", "cleared": 36}
2026/Jun/29 05:45:28.055843 PORTEVENT TC_26_6_5_2_8.ttcn3:164 Message enqueued on BSC from system charstring : "{\"status\": \"ok\", \"cleared\": 36}" id 39
2026/Jun/29 05:45:28.055850 PORTEVENT TC_26_6_5_2_8.ttcn3:165 Receive operation on port BSC succeeded, message from system(): charstring : "{\"status\": \"ok\", \"auto_respond\": false}" id 38
2026/Jun/29 05:45:28.055853 PORTEVENT TC_26_6_5_2_8.ttcn3:165 Message with id 38 was extracted from the queue of BSC.
2026/Jun/29 05:45:28.055875 TIMEROP TC_26_6_5_2_8.ttcn3:167 Stop timer T_clear_ack: 2 s
2026/Jun/29 05:45:28.055882 USER TC_26_6_5_2_8.ttcn3:168 Buffered events cleared from BSC stub
2026/Jun/29 05:45:28.055895 USER TC_26_6_5_2_8.ttcn3:185 *** FIX-065: Draining BSC port receive queue ***
2026/Jun/29 05:45:28.055907 TIMEROP TC_26_6_5_2_8.ttcn3:187 Start timer T_drain: 0.5 s
2026/Jun/29 05:45:28.055915 PORTEVENT TC_26_6_5_2_8.ttcn3:190 Receive operation on port BSC succeeded, message from system(): charstring : "{\"status\": \"ok\", \"cleared\": 36}" id 39
2026/Jun/29 05:45:28.055919 PORTEVENT TC_26_6_5_2_8.ttcn3:190 Message with id 39 was extracted from the queue of BSC.
2026/Jun/29 05:45:28.055929 USER TC_26_6_5_2_8.ttcn3:192 Drained stale event: "{\"status\": \"ok\", \"cleared\": 36}"
2026/Jun/29 05:45:28.555957 TIMEROP TC_26_6_5_2_8.ttcn3:197 Timeout T_drain: 0.5 s
2026/Jun/29 05:45:28.556019 USER TC_26_6_5_2_8.ttcn3:198 Port drain complete, drained 1 stale events
2026/Jun/29 05:45:28.556097 USER TC_26_6_5_2_8.ttcn3:205 *** FIX-063: Restarting mobile via container restart ***
2026/Jun/29 05:45:28.556162 USER TC_26_6_5_2_8.ttcn3:206 docker.sock not found — using VTY power-cycle (k8s mode)
2026/Jun/29 05:45:28.556188 USER TC_26_6_5_2_8.ttcn3:206 === k8s fallback: VTY power-cycle mobile at 10.43.248.79:4247 ===
2026/Jun/29 05:45:34.029959 USER TC_26_6_5_2_8.ttcn3:206 Waiting 10 seconds (power off)...
2026/Jun/29 05:45:49.389966 USER TC_26_6_5_2_8.ttcn3:206 VTY 'clear-loci' sent — LOCI erased
2026/Jun/29 05:45:56.045922 USER TC_26_6_5_2_8.ttcn3:206 === VTY power-cycle complete — MS will send LU shortly ===
2026/Jun/29 05:45:56.046039 USER TC_26_6_5_2_8.ttcn3:217 *** FIX-066: Final port drain after restart (remove events from shutdown phase) ***
2026/Jun/29 05:45:56.046052 TIMEROP TC_26_6_5_2_8.ttcn3:219 Start timer T_drain2: 0.5 s
2026/Jun/29 05:45:56.046094 USER TC_26_6_5_2_8.ttcn3:221 VTY_PT: Received data (buffered): 94 bytes
2026/Jun/29 05:45:56.046122 USER TC_26_6_5_2_8.ttcn3:221 MSC_Port: RX: {"type": "HEARTBEAT"}
2026/Jun/29 05:45:56.046136 PORTEVENT TC_26_6_5_2_8.ttcn3:221 Message enqueued on MSC from system charstring : "{\"type\": \"HEARTBEAT\"}" id 2
2026/Jun/29 05:45:56.046148 USER TC_26_6_5_2_8.ttcn3:221 MSC_Port: RX: {"type": "HEARTBEAT"}
2026/Jun/29 05:45:56.046157 PORTEVENT TC_26_6_5_2_8.ttcn3:221 Message enqueued on MSC from system charstring : "{\"type\": \"HEARTBEAT\"}" id 3
2026/Jun/29 05:45:56.046162 USER TC_26_6_5_2_8.ttcn3:221 MSC_Port: RX: {"type": "HEARTBEAT"}
2026/Jun/29 05:45:56.046171 PORTEVENT TC_26_6_5_2_8.ttcn3:221 Message enqueued on MSC from system charstring : "{\"type\": \"HEARTBEAT\"}" id 4
2026/Jun/29 05:45:56.046175 USER TC_26_6_5_2_8.ttcn3:221 MSC_Port: RX: {"type": "HEARTBEAT"}
2026/Jun/29 05:45:56.046184 PORTEVENT TC_26_6_5_2_8.ttcn3:221 Message enqueued on MSC from system charstring : "{\"type\": \"HEARTBEAT\"}" id 5
2026/Jun/29 05:45:56.046188 USER TC_26_6_5_2_8.ttcn3:221 MSC_Port: RX: {"type": "HEARTBEAT"}
2026/Jun/29 05:45:56.046197 PORTEVENT TC_26_6_5_2_8.ttcn3:221 Message enqueued on MSC from system charstring : "{\"type\": \"HEARTBEAT\"}" id 6
2026/Jun/29 05:45:56.046207 USER TC_26_6_5_2_8.ttcn3:221 BSC_Port: RX: {"event": "CHAN_RQD", "data": {"ra": 4, "frame_number": 41762, "frame_number_encoded": 64294, "unit_id": "4242/0/0"}}
2026/Jun/29 05:45:56.046219 PORTEVENT TC_26_6_5_2_8.ttcn3:221 Message enqueued on BSC from system charstring : "{\"event\": \"CHAN_RQD\", \"data\": {\"ra\": 4, \"frame_number\": 41762, \"frame_number_encoded\": 64294, \"unit_id\": \"4242/0/0\"}}" id 40
2026/Jun/29 05:45:56.046225 USER TC_26_6_5_2_8.ttcn3:221 BSC_Port: RX: {"event": "CHAN_RQD", "data": {"ra": 11, "frame_number": 41892, "frame_number_encoded": 64454, "unit_id": "4242/0/0"}}
2026/Jun/29 05:45:56.046237 PORTEVENT TC_26_6_5_2_8.ttcn3:221 Message enqueued on BSC from system charstring : "{\"event\": \"CHAN_RQD\", \"data\": {\"ra\": 11, \"frame_number\": 41892, \"frame_number_encoded\": 64454, \"unit_id\": \"4242/0/0\"}}" id 41
2026/Jun/29 05:45:56.046242 USER TC_26_6_5_2_8.ttcn3:221 BSC_Port: RX: {"event": "CHAN_RQD", "data": {"ra": 15, "frame_number": 726, "frame_number_encoded": 888, "unit_id": "4242/0/0"}}
2026/Jun/29 05:45:56.046253 PORTEVENT TC_26_6_5_2_8.ttcn3:221 Message enqueued on BSC from system charstring : "{\"event\": \"CHAN_RQD\", \"data\": {\"ra\": 15, \"frame_number\": 726, \"frame_number_encoded\": 888, \"unit_id\": \"4242/0/0\"}}" id 42
2026/Jun/29 05:45:56.046258 USER TC_26_6_5_2_8.ttcn3:221 BSC_Port: RX: {"event": "CHAN_RQD", "data": {"ra": 9, "frame_number": 748, "frame_number_encoded": 916, "unit_id": "4242/0/0"}}
2026/Jun/29 05:45:56.046269 PORTEVENT TC_26_6_5_2_8.ttcn3:221 Message enqueued on BSC from system charstring : "{\"event\": \"CHAN_RQD\", \"data\": {\"ra\": 9, \"frame_number\": 748, \"frame_number_encoded\": 916, \"unit_id\": \"4242/0/0\"}}" id 43
2026/Jun/29 05:45:56.046274 USER TC_26_6_5_2_8.ttcn3:221 BSC_Port: RX: {"event": "CHAN_RQD", "data": {"ra": 8, "frame_number": 527, "frame_number_encoded": 647, "unit_id": "4242/0/0"}}
2026/Jun/29 05:45:56.046284 PORTEVENT TC_26_6_5_2_8.ttcn3:221 Message enqueued on BSC from system charstring : "{\"event\": \"CHAN_RQD\", \"data\": {\"ra\": 8, \"frame_number\": 527, \"frame_number_encoded\": 647, \"unit_id\": \"4242/0/0\"}}" id 44
2026/Jun/29 05:45:56.046301 USER TC_26_6_5_2_8.ttcn3:221 L3_Port: Received 17 bytes
2026/Jun/29 05:45:56.046317 USER TC_26_6_5_2_8.ttcn3:221 L3_Port: RAW GSMTAP hdr->arfcn=0x4033 RxArfcn=0x4033 Uplink=1 Chan=3 Len=1
2026/Jun/29 05:45:56.046335 USER TC_26_6_5_2_8.ttcn3:221 L3_Port: RX: 07 
2026/Jun/29 05:45:56.046356 PORTEVENT TC_26_6_5_2_8.ttcn3:221 Message enqueued on L from system octetstring : '070000A2A9'O id 1
2026/Jun/29 05:45:56.046367 USER TC_26_6_5_2_8.ttcn3:221 L3_Port: Message delivered to TTCN-3
2026/Jun/29 05:45:56.046380 PORTEVENT TC_26_6_5_2_8.ttcn3:222 Receive operation on port BSC succeeded, message from system(): charstring : "{\"event\": \"CHAN_RQD\", \"data\": {\"ra\": 4, \"frame_number\": 41762, \"frame_number_encoded\": 64294, \"unit_id\": \"4242/0/0\"}}" id 40
2026/Jun/29 05:45:56.046388 PORTEVENT TC_26_6_5_2_8.ttcn3:222 Message with id 40 was extracted from the queue of BSC.
2026/Jun/29 05:45:56.046392 USER TC_26_6_5_2_8.ttcn3:224 Drained shutdown-phase event: "{\"event\": \"CHAN_RQD\", \"data\": {\"ra\": 4, \"frame_number\": 41762, \"frame_number_encoded\": 64294, \"unit_id\": \"4242/0/0\"}}"
2026/Jun/29 05:45:56.046406 PORTEVENT TC_26_6_5_2_8.ttcn3:222 Receive operation on port BSC succeeded, message from system(): charstring : "{\"event\": \"CHAN_RQD\", \"data\": {\"ra\": 11, \"frame_number\": 41892, \"frame_number_encoded\": 64454, \"unit_id\": \"4242/0/0\"}}" id 41
2026/Jun/29 05:45:56.046410 PORTEVENT TC_26_6_5_2_8.ttcn3:222 Message with id 41 was extracted from the queue of BSC.
2026/Jun/29 05:45:56.046413 USER TC_26_6_5_2_8.ttcn3:224 Drained shutdown-phase event: "{\"event\": \"CHAN_RQD\", \"data\": {\"ra\": 11, \"frame_number\": 41892, \"frame_number_encoded\": 64454, \"unit_id\": \"4242/0/0\"}}"
2026/Jun/29 05:45:56.046427 PORTEVENT TC_26_6_5_2_8.ttcn3:222 Receive operation on port BSC succeeded, message from system(): charstring : "{\"event\": \"CHAN_RQD\", \"data\": {\"ra\": 15, \"frame_number\": 726, \"frame_number_encoded\": 888, \"unit_id\": \"4242/0/0\"}}" id 42
2026/Jun/29 05:45:56.046431 PORTEVENT TC_26_6_5_2_8.ttcn3:222 Message with id 42 was extracted from the queue of BSC.
2026/Jun/29 05:45:56.046434 USER TC_26_6_5_2_8.ttcn3:224 Drained shutdown-phase event: "{\"event\": \"CHAN_RQD\", \"data\": {\"ra\": 15, \"frame_number\": 726, \"frame_number_encoded\": 888, \"unit_id\": \"4242/0/0\"}}"
2026/Jun/29 05:45:56.046447 PORTEVENT TC_26_6_5_2_8.ttcn3:222 Receive operation on port BSC succeeded, message from system(): charstring : "{\"event\": \"CHAN_RQD\", \"data\": {\"ra\": 9, \"frame_number\": 748, \"frame_number_encoded\": 916, \"unit_id\": \"4242/0/0\"}}" id 43
2026/Jun/29 05:45:56.046451 PORTEVENT TC_26_6_5_2_8.ttcn3:222 Message with id 43 was extracted from the queue of BSC.
2026/Jun/29 05:45:56.046453 USER TC_26_6_5_2_8.ttcn3:224 Drained shutdown-phase event: "{\"event\": \"CHAN_RQD\", \"data\": {\"ra\": 9, \"frame_number\": 748, \"frame_number_encoded\": 916, \"unit_id\": \"4242/0/0\"}}"
2026/Jun/29 05:45:56.046467 PORTEVENT TC_26_6_5_2_8.ttcn3:222 Receive operation on port BSC succeeded, message from system(): charstring : "{\"event\": \"CHAN_RQD\", \"data\": {\"ra\": 8, \"frame_number\": 527, \"frame_number_encoded\": 647, \"unit_id\": \"4242/0/0\"}}" id 44
2026/Jun/29 05:45:56.046470 PORTEVENT TC_26_6_5_2_8.ttcn3:222 Message with id 44 was extracted from the queue of BSC.
2026/Jun/29 05:45:56.046473 USER TC_26_6_5_2_8.ttcn3:224 Drained shutdown-phase event: "{\"event\": \"CHAN_RQD\", \"data\": {\"ra\": 8, \"frame_number\": 527, \"frame_number_encoded\": 647, \"unit_id\": \"4242/0/0\"}}"
2026/Jun/29 05:45:56.046484 PORTEVENT TC_26_6_5_2_8.ttcn3:227 Receive operation on port MSC succeeded, message from system(): charstring: "{\"type\": \"HEARTBEAT\"}" id 2
2026/Jun/29 05:45:56.046487 PORTEVENT TC_26_6_5_2_8.ttcn3:227 Message with id 2 was extracted from the queue of MSC.
2026/Jun/29 05:45:56.046491 PORTEVENT TC_26_6_5_2_8.ttcn3:227 Receive operation on port MSC succeeded, message from system(): charstring: "{\"type\": \"HEARTBEAT\"}" id 3
2026/Jun/29 05:45:56.046494 PORTEVENT TC_26_6_5_2_8.ttcn3:227 Message with id 3 was extracted from the queue of MSC.
2026/Jun/29 05:45:56.046497 PORTEVENT TC_26_6_5_2_8.ttcn3:227 Receive operation on port MSC succeeded, message from system(): charstring: "{\"type\": \"HEARTBEAT\"}" id 4
2026/Jun/29 05:45:56.046503 PORTEVENT TC_26_6_5_2_8.ttcn3:227 Message with id 4 was extracted from the queue of MSC.
2026/Jun/29 05:45:56.046507 PORTEVENT TC_26_6_5_2_8.ttcn3:227 Receive operation on port MSC succeeded, message from system(): charstring: "{\"type\": \"HEARTBEAT\"}" id 5
2026/Jun/29 05:45:56.046510 PORTEVENT TC_26_6_5_2_8.ttcn3:227 Message with id 5 was extracted from the queue of MSC.
2026/Jun/29 05:45:56.046513 PORTEVENT TC_26_6_5_2_8.ttcn3:227 Receive operation on port MSC succeeded, message from system(): charstring: "{\"type\": \"HEARTBEAT\"}" id 6
2026/Jun/29 05:45:56.046516 PORTEVENT TC_26_6_5_2_8.ttcn3:227 Message with id 6 was extracted from the queue of MSC.
2026/Jun/29 05:45:56.046519 PORTEVENT TC_26_6_5_2_8.ttcn3:228 Receive operation on port L succeeded, message from system(): octetstring: '070000A2A9'O id 1
2026/Jun/29 05:45:56.046524 PORTEVENT TC_26_6_5_2_8.ttcn3:228 Message with id 1 was extracted from the queue of L.
2026/Jun/29 05:45:56.046531 USER TC_26_6_5_2_8.ttcn3:221 L3_Port: Received 17 bytes
2026/Jun/29 05:45:56.046538 USER TC_26_6_5_2_8.ttcn3:221 L3_Port: RAW GSMTAP hdr->arfcn=0x4033 RxArfcn=0x4033 Uplink=1 Chan=3 Len=1
2026/Jun/29 05:45:56.046543 USER TC_26_6_5_2_8.ttcn3:221 L3_Port: RX: 0D 
2026/Jun/29 05:45:56.046548 PORTEVENT TC_26_6_5_2_8.ttcn3:221 Message enqueued on L from system octetstring : '0D0000A3AD'O id 2
2026/Jun/29 05:45:56.046551 USER TC_26_6_5_2_8.ttcn3:221 L3_Port: Message delivered to TTCN-3
2026/Jun/29 05:45:56.046558 PORTEVENT TC_26_6_5_2_8.ttcn3:228 Receive operation on port L succeeded, message from system(): octetstring: '0D0000A3AD'O id 2
2026/Jun/29 05:45:56.046562 PORTEVENT TC_26_6_5_2_8.ttcn3:228 Message with id 2 was extracted from the queue of L.
2026/Jun/29 05:45:56.546086 TIMEROP TC_26_6_5_2_8.ttcn3:229 Timeout T_drain2: 0.5 s
2026/Jun/29 05:45:56.546149 USER TC_26_6_5_2_8.ttcn3:230 Final drain complete, drained 5 shutdown-phase events
2026/Jun/29 05:45:56.546181 USER TC_26_6_5_2_8.ttcn3:237 *** FIX-063: Starting T_boot drain loop (catch retry CHAN_RQD from port buffer) ***
2026/Jun/29 05:45:56.546190 TIMEROP TC_26_6_5_2_8.ttcn3:239 Start timer T_boot: 20 s
2026/Jun/29 05:45:56.707309 USER TC_26_6_5_2_8.ttcn3:244 L3_Port: Received 17 bytes
2026/Jun/29 05:45:56.707363 USER TC_26_6_5_2_8.ttcn3:244 L3_Port: RAW GSMTAP hdr->arfcn=0x4033 RxArfcn=0x4033 Uplink=1 Chan=3 Len=1
2026/Jun/29 05:45:56.707370 USER TC_26_6_5_2_8.ttcn3:244 L3_Port: RX: 0B 
2026/Jun/29 05:45:56.707383 PORTEVENT TC_26_6_5_2_8.ttcn3:244 Message enqueued on L from system octetstring : '0B0000A4A9'O id 3
2026/Jun/29 05:45:56.707396 USER TC_26_6_5_2_8.ttcn3:244 L3_Port: Message delivered to TTCN-3
2026/Jun/29 05:45:56.707409 PORTEVENT TC_26_6_5_2_8.ttcn3:270 Receive operation on port L succeeded, message from system(): octetstring: '0B0000A4A9'O id 3
2026/Jun/29 05:45:56.707418 PORTEVENT TC_26_6_5_2_8.ttcn3:270 Message with id 3 was extracted from the queue of L.
2026/Jun/29 05:45:57.067987 USER TC_26_6_5_2_8.ttcn3:244 BSC_Port: RX: {"event": "CHAN_RQD", "data": {"ra": 7, "frame_number": 630, "frame_number_encoded": 774, "unit_id": "4242/0/0"}}
2026/Jun/29 05:45:57.068093 PORTEVENT TC_26_6_5_2_8.ttcn3:244 Message enqueued on BSC from system charstring : "{\"event\": \"CHAN_RQD\", \"data\": {\"ra\": 7, \"frame_number\": 630, \"frame_number_encoded\": 774, \"unit_id\": \"4242/0/0\"}}" id 45
2026/Jun/29 05:45:57.068142 PORTEVENT TC_26_6_5_2_8.ttcn3:245 Receive operation on port BSC succeeded, message from system(): charstring : "{\"event\": \"CHAN_RQD\", \"data\": {\"ra\": 7, \"frame_number\": 630, \"frame_number_encoded\": 774, \"unit_id\": \"4242/0/0\"}}" id 45
2026/Jun/29 05:45:57.068160 PORTEVENT TC_26_6_5_2_8.ttcn3:245 Message with id 45 was extracted from the queue of BSC.
2026/Jun/29 05:45:57.068423 USER GSM_Functions.ttcn3:365 f_extractJsonInt: Searching for key '"ra"' in JSON: "{\"event\": \"CHAN_RQD\", \"data\": {\"ra\": 7, \"frame_number\": 630, \"frame_number_encoded\": 774, \"unit_id\": \"4242/0/0\"}}"
2026/Jun/29 05:45:57.069201 USER GSM_Functions.ttcn3:372 f_extractJsonInt: Found key at position 31 (pattern: "\"ra\":")
2026/Jun/29 05:45:57.069354 USER GSM_Functions.ttcn3:422 f_extractJsonInt: Extracted number string '"7"' => integer 7
2026/Jun/29 05:45:57.069389 USER GSM_Functions.ttcn3:365 f_extractJsonInt: Searching for key '"frame_number_encoded"' in JSON: "{\"event\": \"CHAN_RQD\", \"data\": {\"ra\": 7, \"frame_number\": 630, \"frame_number_encoded\": 774, \"unit_id\": \"4242/0/0\"}}"
2026/Jun/29 05:45:57.069438 USER GSM_Functions.ttcn3:372 f_extractJsonInt: Found key at position 61 (pattern: "\"frame_number_encoded\":")
2026/Jun/29 05:45:57.069465 USER GSM_Functions.ttcn3:422 f_extractJsonInt: Extracted number string '"774"' => integer 774
2026/Jun/29 05:45:57.069484 USER TC_26_6_5_2_8.ttcn3:249 *** T_boot: CHAN_RQD RA=7 fn=774" " & char(0, 0, 32, 20) & " sending IMM_ASS_EXT immediately ***"
2026/Jun/29 05:45:57.069571 PORTEVENT TC_26_6_5_2_8.ttcn3:260 Sent on BSC to system charstring : "{\"command\": \"CMD_SEND_IMM_ASS_EXT\", \"req_ref1\": {\"ra\": 7, \"frame_number\": 0, \"frame_number_encoded\": 774}, \"req_ref2\": {\"ra\": 0, \"frame_number\": 0, \"frame_number_encoded\": 0}, \"chan_desc1\": {\"ts\": 1, \"subslot\": 0, \"arfcn\": 51, \"chan_type\": 1, \"h\": 0}, \"chan_desc2\": {\"ts\": 1, \"subslot\": 1, \"arfcn\": 51, \"chan_type\": 1, \"h\": 0}, \"timing_advance\": 30}"
2026/Jun/29 05:45:57.069667 USER TC_26_6_5_2_8.ttcn3:260 BSC_Port: TX: {"command": "CMD_SEND_IMM_ASS_EXT", "req_ref1": {"ra": 7, "frame_number": 0, "frame_number_encoded": 774}, "req_ref2": {"ra": 0, "frame_number": 0, "frame_number_encoded": 0}, "chan_desc1": {"ts": 1, "subslot": 0, "arfcn": 51, "chan_type": 1, "h": 0}, "chan_desc2": {"ts": 1, "subslot": 1, "arfcn": 51, "chan_type": 1, "h": 0}, "timing_advance": 30}
2026/Jun/29 05:45:57.069697 TIMEROP TC_26_6_5_2_8.ttcn3:262 Stop timer T_boot: 20 s
2026/Jun/29 05:45:57.069723 TIMEROP TC_26_6_5_2_8.ttcn3:284 Start timer T_lu_req: 30 s
2026/Jun/29 05:45:57.072210 USER TC_26_6_5_2_8.ttcn3:286 BSC_Port: RX: {"status": "ok"}
2026/Jun/29 05:45:57.072250 PORTEVENT TC_26_6_5_2_8.ttcn3:286 Message enqueued on BSC from system charstring : "{\"status\": \"ok\"}" id 46
2026/Jun/29 05:45:57.072274 PORTEVENT TC_26_6_5_2_8.ttcn3:287 Receive operation on port BSC succeeded, message from system(): charstring : "{\"status\": \"ok\"}" id 46
2026/Jun/29 05:45:57.072288 PORTEVENT TC_26_6_5_2_8.ttcn3:287 Message with id 46 was extracted from the queue of BSC.
2026/Jun/29 05:45:57.130631 USER TC_26_6_5_2_8.ttcn3:286 BSC_Port: RX: {"event": "ESTABLISH_IND", "data": {"chan_nr": 65, "bsc_slr": 65, "l3_data": "05087009f107000033089910070000000010"}}
2026/Jun/29 05:45:57.130730 PORTEVENT TC_26_6_5_2_8.ttcn3:286 Message enqueued on BSC from system charstring : "{\"event\": \"ESTABLISH_IND\", \"data\": {\"chan_nr\": 65, \"bsc_slr\": 65, \"l3_data\": \"05087009f107000033089910070000000010\"}}" id 47
2026/Jun/29 05:45:57.130777 PORTEVENT TC_26_6_5_2_8.ttcn3:287 Receive operation on port BSC succeeded, message from system(): charstring : "{\"event\": \"ESTABLISH_IND\", \"data\": {\"chan_nr\": 65, \"bsc_slr\": 65, \"l3_data\": \"05087009f107000033089910070000000010\"}}" id 47
2026/Jun/29 05:45:57.130795 PORTEVENT TC_26_6_5_2_8.ttcn3:287 Message with id 47 was extracted from the queue of BSC.
2026/Jun/29 05:45:57.131153 USER GSM_Functions.ttcn3:365 f_extractJsonInt: Searching for key '"chan_nr"' in JSON: "{\"event\": \"ESTABLISH_IND\", \"data\": {\"chan_nr\": 65, \"bsc_slr\": 65, \"l3_data\": \"05087009f107000033089910070000000010\"}}"
2026/Jun/29 05:45:57.131222 USER GSM_Functions.ttcn3:372 f_extractJsonInt: Found key at position 36 (pattern: "\"chan_nr\":")
2026/Jun/29 05:45:57.131256 USER GSM_Functions.ttcn3:422 f_extractJsonInt: Extracted number string '"65"' => integer 65
2026/Jun/29 05:45:57.131275 USER TC_26_6_5_2_8.ttcn3:294 *** Phase 1: LU REQUEST in ESTABLISH_IND, chan_nr=65 ***
2026/Jun/29 05:45:57.131292 TIMEROP TC_26_6_5_2_8.ttcn3:296 Stop timer T_lu_req: 30 s
2026/Jun/29 05:45:57.131324 PORTEVENT TC_26_6_5_2_8.ttcn3:329 Sent on BSC to system charstring : "{\"command\": \"CMD_SEND_LU_ACCEPT\", \"bsc_slr\": 0, \"lac\": 4242}"
2026/Jun/29 05:45:57.131421 USER TC_26_6_5_2_8.ttcn3:329 BSC_Port: TX: {"command": "CMD_SEND_LU_ACCEPT", "bsc_slr": 0, "lac": 4242}
2026/Jun/29 05:45:57.131442 USER TC_26_6_5_2_8.ttcn3:330 Sent LU ACCEPT with LAC 4242 (spec C_LAC_1='0001'O, using infra override)
2026/Jun/29 05:45:57.131455 TIMEROP TC_26_6_5_2_8.ttcn3:334 Start timer T_lu_acc: 10 s
2026/Jun/29 05:45:57.131486 USER TC_26_6_5_2_8.ttcn3:335 BSC_Port: RX: {"event": "EVENT_LU_REQUEST", "data": {"chan_nr": 65, "bsc_slr": 65, "location_updating_request": true, "l3_data": "05087009f107000033089910070000000010"}}
2026/Jun/29 05:45:57.131516 PORTEVENT TC_26_6_5_2_8.ttcn3:335 Message enqueued on BSC from system charstring : "{\"event\": \"EVENT_LU_REQUEST\", \"data\": {\"chan_nr\": 65, \"bsc_slr\": 65, \"location_updating_request\": true, \"l3_data\": \"05087009f107000033089910070000000010\"}}" id 48
2026/Jun/29 05:45:57.131547 PORTEVENT TC_26_6_5_2_8.ttcn3:336 Receive operation on port BSC succeeded, message from system(): charstring : "{\"event\": \"EVENT_LU_REQUEST\", \"data\": {\"chan_nr\": 65, \"bsc_slr\": 65, \"location_updating_request\": true, \"l3_data\": \"05087009f107000033089910070000000010\"}}" id 48
2026/Jun/29 05:45:57.131561 PORTEVENT TC_26_6_5_2_8.ttcn3:336 Message with id 48 was extracted from the queue of BSC.
2026/Jun/29 05:45:57.579064 USER TC_26_6_5_2_8.ttcn3:335 MSC_Port: RX: {"type": "HEARTBEAT"}
2026/Jun/29 05:45:57.579137 PORTEVENT TC_26_6_5_2_8.ttcn3:335 Message enqueued on MSC from system charstring : "{\"type\": \"HEARTBEAT\"}" id 7
2026/Jun/29 05:45:57.579161 PORTEVENT TC_26_6_5_2_8.ttcn3:346 Receive operation on port MSC succeeded, message from system(): charstring: "{\"type\": \"HEARTBEAT\"}" id 7
2026/Jun/29 05:45:57.579170 PORTEVENT TC_26_6_5_2_8.ttcn3:346 Message with id 7 was extracted from the queue of MSC.
2026/Jun/29 05:45:57.583220 USER TC_26_6_5_2_8.ttcn3:335 BSC_Port: RX: {"event": "MEAS_RES", "data": {"chan_nr": 65, "ncells": 0, "l3_data": ""}}
2026/Jun/29 05:45:57.583252 PORTEVENT TC_26_6_5_2_8.ttcn3:335 Message enqueued on BSC from system charstring : "{\"event\": \"MEAS_RES\", \"data\": {\"chan_nr\": 65, \"ncells\": 0, \"l3_data\": \"\"}}" id 49
2026/Jun/29 05:45:57.583269 PORTEVENT TC_26_6_5_2_8.ttcn3:336 Receive operation on port BSC succeeded, message from system(): charstring : "{\"event\": \"MEAS_RES\", \"data\": {\"chan_nr\": 65, \"ncells\": 0, \"l3_data\": \"\"}}" id 49
2026/Jun/29 05:45:57.583276 PORTEVENT TC_26_6_5_2_8.ttcn3:336 Message with id 49 was extracted from the queue of BSC.
2026/Jun/29 05:45:57.883944 USER TC_26_6_5_2_8.ttcn3:335 L3_Port: Received 17 bytes
2026/Jun/29 05:45:57.884002 USER TC_26_6_5_2_8.ttcn3:335 L3_Port: RAW GSMTAP hdr->arfcn=0x4033 RxArfcn=0x4033 Uplink=1 Chan=3 Len=1
2026/Jun/29 05:45:57.884012 USER TC_26_6_5_2_8.ttcn3:335 L3_Port: RX: 0E 
2026/Jun/29 05:45:57.884024 PORTEVENT TC_26_6_5_2_8.ttcn3:335 Message enqueued on L from system octetstring : '0E0000A5A9'O id 4
2026/Jun/29 05:45:57.884036 USER TC_26_6_5_2_8.ttcn3:335 L3_Port: Message delivered to TTCN-3
2026/Jun/29 05:45:58.308907 USER TC_26_6_5_2_8.ttcn3:335 BSC_Port: RX: {"event": "RELEASE_IND", "data": {"chan_nr": 65}}
2026/Jun/29 05:45:58.308999 PORTEVENT TC_26_6_5_2_8.ttcn3:335 Message enqueued on BSC from system charstring : "{\"event\": \"RELEASE_IND\", \"data\": {\"chan_nr\": 65}}" id 50
2026/Jun/29 05:45:58.309041 PORTEVENT TC_26_6_5_2_8.ttcn3:336 Receive operation on port BSC succeeded, message from system(): charstring : "{\"event\": \"RELEASE_IND\", \"data\": {\"chan_nr\": 65}}" id 50
2026/Jun/29 05:45:58.309059 PORTEVENT TC_26_6_5_2_8.ttcn3:336 Message with id 50 was extracted from the queue of BSC.
2026/Jun/29 05:45:58.467211 USER TC_26_6_5_2_8.ttcn3:335 VTY_PT: Received data (buffered): 61 bytes
2026/Jun/29 05:45:59.061620 USER TC_26_6_5_2_8.ttcn3:335 L3_Port: Received 17 bytes
2026/Jun/29 05:45:59.061664 USER TC_26_6_5_2_8.ttcn3:335 L3_Port: RAW GSMTAP hdr->arfcn=0x4033 RxArfcn=0x4033 Uplink=1 Chan=3 Len=1
2026/Jun/29 05:45:59.061680 USER TC_26_6_5_2_8.ttcn3:335 L3_Port: RX: 07 
2026/Jun/29 05:45:59.061689 PORTEVENT TC_26_6_5_2_8.ttcn3:335 Message enqueued on L from system octetstring : '070000A6A0'O id 5
2026/Jun/29 05:45:59.061697 USER TC_26_6_5_2_8.ttcn3:335 L3_Port: Message delivered to TTCN-3
2026/Jun/29 05:45:59.832217 USER TC_26_6_5_2_8.ttcn3:335 L3_Port: Received 39 bytes
2026/Jun/29 05:45:59.832266 USER TC_26_6_5_2_8.ttcn3:335 L3_Port: RAW GSMTAP hdr->arfcn=0x4033 RxArfcn=0x4033 Uplink=1 Chan=8 Len=23
2026/Jun/29 05:45:59.832275 USER TC_26_6_5_2_8.ttcn3:335 L3_Port: RX: 01 3F 49 05 08 70 09 F1 07 00 00 33 08 99 10 07 00 00 00 00 10 2B 2B 
2026/Jun/29 05:45:59.832288 PORTEVENT TC_26_6_5_2_8.ttcn3:335 Message enqueued on L from system octetstring : '013F4905087009F1070000330899100700000000102B2B'O id 6
2026/Jun/29 05:45:59.832301 USER TC_26_6_5_2_8.ttcn3:335 L3_Port: Message delivered to TTCN-3
2026/Jun/29 05:46:00.049471 USER TC_26_6_5_2_8.ttcn3:335 L3_Port: Received 39 bytes
2026/Jun/29 05:46:00.049524 USER TC_26_6_5_2_8.ttcn3:335 L3_Port: RAW GSMTAP hdr->arfcn=0x4033 RxArfcn=0x4033 Uplink=1 Chan=136 Len=23
2026/Jun/29 05:46:00.049533 USER TC_26_6_5_2_8.ttcn3:335 L3_Port: RX: 0E 00 01 03 49 06 15 00 40 01 C0 00 00 00 00 00 00 00 00 00 00 00 00 
2026/Jun/29 05:46:00.049546 PORTEVENT TC_26_6_5_2_8.ttcn3:335 Message enqueued on L from system octetstring : '0E000103490615004001C0000000000000000000000000'O id 7
2026/Jun/29 05:46:00.049557 USER TC_26_6_5_2_8.ttcn3:335 L3_Port: Message delivered to TTCN-3
2026/Jun/29 05:46:00.132848 USER TC_26_6_5_2_8.ttcn3:335 BSC_Port: RX: {"status": "ok", "chan_nr": 65, "lac": 4242}
2026/Jun/29 05:46:00.132927 PORTEVENT TC_26_6_5_2_8.ttcn3:335 Message enqueued on BSC from system charstring : "{\"status\": \"ok\", \"chan_nr\": 65, \"lac\": 4242}" id 51
2026/Jun/29 05:46:00.132960 PORTEVENT TC_26_6_5_2_8.ttcn3:336 Receive operation on port BSC succeeded, message from system(): charstring : "{\"status\": \"ok\", \"chan_nr\": 65, \"lac\": 4242}" id 51
2026/Jun/29 05:46:00.132973 PORTEVENT TC_26_6_5_2_8.ttcn3:336 Message with id 51 was extracted from the queue of BSC.
2026/Jun/29 05:46:00.304336 USER TC_26_6_5_2_8.ttcn3:335 L3_Port: Received 39 bytes
2026/Jun/29 05:46:00.304405 USER TC_26_6_5_2_8.ttcn3:335 L3_Port: RAW GSMTAP hdr->arfcn=0x4033 RxArfcn=0x4033 Uplink=1 Chan=8 Len=23
2026/Jun/29 05:46:00.304428 USER TC_26_6_5_2_8.ttcn3:335 L3_Port: RX: 03 21 01 2B 2B 2B 2B 2B 2B 2B 2B 2B 2B 2B 2B 2B 2B 2B 2B 2B 2B 2B 2B 
2026/Jun/29 05:46:00.304451 PORTEVENT TC_26_6_5_2_8.ttcn3:335 Message enqueued on L from system octetstring : '0321012B2B2B2B2B2B2B2B2B2B2B2B2B2B2B2B2B2B2B2B'O id 8
2026/Jun/29 05:46:00.304471 USER TC_26_6_5_2_8.ttcn3:335 L3_Port: Message delivered to TTCN-3
2026/Jun/29 05:46:00.990499 USER TC_26_6_5_2_8.ttcn3:335 L3_Port: Received 39 bytes
2026/Jun/29 05:46:00.990556 USER TC_26_6_5_2_8.ttcn3:335 L3_Port: RAW GSMTAP hdr->arfcn=0x4033 RxArfcn=0x4033 Uplink=1 Chan=136 Len=23
2026/Jun/29 05:46:00.990566 USER TC_26_6_5_2_8.ttcn3:335 L3_Port: RX: 13 00 01 03 49 06 15 3F 3F 01 C0 00 00 00 00 00 00 00 00 00 00 00 00 
2026/Jun/29 05:46:00.990579 PORTEVENT TC_26_6_5_2_8.ttcn3:335 Message enqueued on L from system octetstring : '130001034906153F3F01C0000000000000000000000000'O id 9
2026/Jun/29 05:46:00.990592 USER TC_26_6_5_2_8.ttcn3:335 L3_Port: Message delivered to TTCN-3
2026/Jun/29 05:46:01.008358 USER TC_26_6_5_2_8.ttcn3:335 L3_Port: Received 39 bytes
2026/Jun/29 05:46:01.008405 USER TC_26_6_5_2_8.ttcn3:335 L3_Port: RAW GSMTAP hdr->arfcn=0x4033 RxArfcn=0x4033 Uplink=1 Chan=8 Len=23
2026/Jun/29 05:46:01.008414 USER TC_26_6_5_2_8.ttcn3:335 L3_Port: RX: 03 41 01 2B 2B 2B 2B 2B 2B 2B 2B 2B 2B 2B 2B 2B 2B 2B 2B 2B 2B 2B 2B 
2026/Jun/29 05:46:01.008427 PORTEVENT TC_26_6_5_2_8.ttcn3:335 Message enqueued on L from system octetstring : '0341012B2B2B2B2B2B2B2B2B2B2B2B2B2B2B2B2B2B2B2B'O id 10
2026/Jun/29 05:46:01.008439 USER TC_26_6_5_2_8.ttcn3:335 L3_Port: Message delivered to TTCN-3
2026/Jun/29 05:46:01.008877 USER TC_26_6_5_2_8.ttcn3:335 L3_Port: Received 39 bytes
2026/Jun/29 05:46:01.008893 USER TC_26_6_5_2_8.ttcn3:335 L3_Port: RAW GSMTAP hdr->arfcn=0x4033 RxArfcn=0x4033 Uplink=1 Chan=8 Len=23
2026/Jun/29 05:46:01.008899 USER TC_26_6_5_2_8.ttcn3:335 L3_Port: RX: 01 53 01 2B 2B 2B 2B 2B 2B 2B 2B 2B 2B 2B 2B 2B 2B 2B 2B 2B 2B 2B 2B 
2026/Jun/29 05:46:01.008905 PORTEVENT TC_26_6_5_2_8.ttcn3:335 Message enqueued on L from system octetstring : '0153012B2B2B2B2B2B2B2B2B2B2B2B2B2B2B2B2B2B2B2B'O id 11
2026/Jun/29 05:46:01.008909 USER TC_26_6_5_2_8.ttcn3:335 L3_Port: Message delivered to TTCN-3
2026/Jun/29 05:46:02.584020 USER TC_26_6_5_2_8.ttcn3:335 MSC_Port: RX: {"type": "HEARTBEAT"}
2026/Jun/29 05:46:02.584098 PORTEVENT TC_26_6_5_2_8.ttcn3:335 Message enqueued on MSC from system charstring : "{\"type\": \"HEARTBEAT\"}" id 8
2026/Jun/29 05:46:02.584125 PORTEVENT TC_26_6_5_2_8.ttcn3:346 Receive operation on port MSC succeeded, message from system(): charstring: "{\"type\": \"HEARTBEAT\"}" id 8
2026/Jun/29 05:46:02.584135 PORTEVENT TC_26_6_5_2_8.ttcn3:346 Message with id 8 was extracted from the queue of MSC.
2026/Jun/29 05:46:06.827775 USER TC_26_6_5_2_8.ttcn3:335 L3_Port: Received 17 bytes
2026/Jun/29 05:46:06.827835 USER TC_26_6_5_2_8.ttcn3:335 L3_Port: RAW GSMTAP hdr->arfcn=0x4033 RxArfcn=0x4033 Uplink=1 Chan=3 Len=1
2026/Jun/29 05:46:06.827846 USER TC_26_6_5_2_8.ttcn3:335 L3_Port: RX: F6 
2026/Jun/29 05:46:06.827859 PORTEVENT TC_26_6_5_2_8.ttcn3:335 Message enqueued on L from system octetstring : 'F60000AD32'O id 12
2026/Jun/29 05:46:06.827870 USER TC_26_6_5_2_8.ttcn3:335 L3_Port: Message delivered to TTCN-3
2026/Jun/29 05:46:06.893183 USER TC_26_6_5_2_8.ttcn3:335 L3_Port: Received 39 bytes
2026/Jun/29 05:46:06.893237 USER TC_26_6_5_2_8.ttcn3:335 L3_Port: RAW GSMTAP hdr->arfcn=0x4033 RxArfcn=0x4033 Uplink=1 Chan=8 Len=23
2026/Jun/29 05:46:06.893249 USER TC_26_6_5_2_8.ttcn3:335 L3_Port: RX: 01 3F 41 05 24 71 03 33 1F 01 08 99 10 07 00 00 00 00 10 2B 2B 2B 2B 
2026/Jun/29 05:46:06.893262 PORTEVENT TC_26_6_5_2_8.ttcn3:335 Message enqueued on L from system octetstring : '013F4105247103331F010899100700000000102B2B2B2B'O id 13
2026/Jun/29 05:46:06.893276 USER TC_26_6_5_2_8.ttcn3:335 L3_Port: Message delivered to TTCN-3
2026/Jun/29 05:46:07.110082 USER TC_26_6_5_2_8.ttcn3:335 L3_Port: Received 39 bytes
2026/Jun/29 05:46:07.110147 USER TC_26_6_5_2_8.ttcn3:335 L3_Port: RAW GSMTAP hdr->arfcn=0x4033 RxArfcn=0x4033 Uplink=1 Chan=136 Len=23
2026/Jun/29 05:46:07.110165 USER TC_26_6_5_2_8.ttcn3:335 L3_Port: RX: 0E 00 01 03 49 06 15 00 40 01 C0 00 00 00 00 00 00 00 00 00 00 00 00 
2026/Jun/29 05:46:07.110179 PORTEVENT TC_26_6_5_2_8.ttcn3:335 Message enqueued on L from system octetstring : '0E000103490615004001C0000000000000000000000000'O id 14
2026/Jun/29 05:46:07.110193 USER TC_26_6_5_2_8.ttcn3:335 L3_Port: Message delivered to TTCN-3
2026/Jun/29 05:46:07.131484 TIMEROP TC_26_6_5_2_8.ttcn3:347 Timeout T_lu_acc: 10 s
2026/Jun/29 05:46:07.131557 PORTEVENT TC_26_6_5_2_8.ttcn3:350 Sent on BSC to system charstring : "{\"command\": \"CMD_SEND_CHAN_RELEASE\", \"bsc_slr\": 0, \"cause\": 0}"
2026/Jun/29 05:46:07.131659 USER TC_26_6_5_2_8.ttcn3:350 BSC_Port: TX: {"command": "CMD_SEND_CHAN_RELEASE", "bsc_slr": 0, "cause": 0}
2026/Jun/29 05:46:07.131683 USER TC_26_6_5_2_8.ttcn3:351 Sent CHANNEL RELEASE after LU ACCEPT
2026/Jun/29 05:46:07.131690 TIMEROP TC_26_6_5_2_8.ttcn3:355 Start timer T_rll_rel: 10 s
2026/Jun/29 05:46:07.131993 USER TC_26_6_5_2_8.ttcn3:356 BSC_Port: RX: {"error": "Unknown command: CMD_SEND_CHAN_RELEASE"}
2026/Jun/29 05:46:07.132008 PORTEVENT TC_26_6_5_2_8.ttcn3:356 Message enqueued on BSC from system charstring : "{\"error\": \"Unknown command: CMD_SEND_CHAN_RELEASE\"}" id 52
2026/Jun/29 05:46:07.132023 PORTEVENT TC_26_6_5_2_8.ttcn3:357 Receive operation on port BSC succeeded, message from system(): charstring : "{\"error\": \"Unknown command: CMD_SEND_CHAN_RELEASE\"}" id 52
2026/Jun/29 05:46:07.132031 PORTEVENT TC_26_6_5_2_8.ttcn3:357 Message with id 52 was extracted from the queue of BSC.
2026/Jun/29 05:46:07.590648 USER TC_26_6_5_2_8.ttcn3:356 MSC_Port: RX: {"type": "HEARTBEAT"}
2026/Jun/29 05:46:07.590712 PORTEVENT TC_26_6_5_2_8.ttcn3:356 Message enqueued on MSC from system charstring : "{\"type\": \"HEARTBEAT\"}" id 9
2026/Jun/29 05:46:07.590732 PORTEVENT TC_26_6_5_2_8.ttcn3:367 Receive operation on port MSC succeeded, message from system(): charstring: "{\"type\": \"HEARTBEAT\"}" id 9
2026/Jun/29 05:46:07.590739 PORTEVENT TC_26_6_5_2_8.ttcn3:367 Message with id 9 was extracted from the queue of MSC.
2026/Jun/29 05:46:08.051521 USER TC_26_6_5_2_8.ttcn3:356 L3_Port: Received 39 bytes
2026/Jun/29 05:46:08.051580 USER TC_26_6_5_2_8.ttcn3:356 L3_Port: RAW GSMTAP hdr->arfcn=0x4033 RxArfcn=0x4033 Uplink=1 Chan=136 Len=23
2026/Jun/29 05:46:08.051591 USER TC_26_6_5_2_8.ttcn3:356 L3_Port: RX: 13 00 01 03 49 06 15 3F 3F 01 C0 00 00 00 00 00 00 00 00 00 00 00 00 
2026/Jun/29 05:46:08.051604 PORTEVENT TC_26_6_5_2_8.ttcn3:356 Message enqueued on L from system octetstring : '130001034906153F3F01C0000000000000000000000000'O id 15
2026/Jun/29 05:46:08.051617 USER TC_26_6_5_2_8.ttcn3:356 L3_Port: Message delivered to TTCN-3
2026/Jun/29 05:46:09.172619 USER TC_26_6_5_2_8.ttcn3:356 L3_Port: Received 39 bytes
2026/Jun/29 05:46:09.172658 USER TC_26_6_5_2_8.ttcn3:356 L3_Port: RAW GSMTAP hdr->arfcn=0x4033 RxArfcn=0x4033 Uplink=1 Chan=136 Len=23
2026/Jun/29 05:46:09.172668 USER TC_26_6_5_2_8.ttcn3:356 L3_Port: RX: 13 00 01 03 49 06 15 3F 3F 01 C0 00 00 00 00 00 00 00 00 00 00 00 00 
2026/Jun/29 05:46:09.172679 PORTEVENT TC_26_6_5_2_8.ttcn3:356 Message enqueued on L from system octetstring : '130001034906153F3F01C0000000000000000000000000'O id 16
2026/Jun/29 05:46:09.172688 USER TC_26_6_5_2_8.ttcn3:356 L3_Port: Message delivered to TTCN-3
2026/Jun/29 05:46:10.113910 USER TC_26_6_5_2_8.ttcn3:356 L3_Port: Received 39 bytes
2026/Jun/29 05:46:10.113947 USER TC_26_6_5_2_8.ttcn3:356 L3_Port: RAW GSMTAP hdr->arfcn=0x4033 RxArfcn=0x4033 Uplink=1 Chan=136 Len=23
2026/Jun/29 05:46:10.113957 USER TC_26_6_5_2_8.ttcn3:356 L3_Port: RX: 13 00 01 03 49 06 15 3F 3F 01 C0 00 00 00 00 00 00 00 00 00 00 00 00 
2026/Jun/29 05:46:10.113968 PORTEVENT TC_26_6_5_2_8.ttcn3:356 Message enqueued on L from system octetstring : '130001034906153F3F01C0000000000000000000000000'O id 17
2026/Jun/29 05:46:10.113981 USER TC_26_6_5_2_8.ttcn3:356 L3_Port: Message delivered to TTCN-3
2026/Jun/29 05:46:11.346461 USER TC_26_6_5_2_8.ttcn3:356 L3_Port: Received 39 bytes
2026/Jun/29 05:46:11.346505 USER TC_26_6_5_2_8.ttcn3:356 L3_Port: RAW GSMTAP hdr->arfcn=0x4033 RxArfcn=0x4033 Uplink=1 Chan=136 Len=23
2026/Jun/29 05:46:11.346516 USER TC_26_6_5_2_8.ttcn3:356 L3_Port: RX: 13 00 01 03 49 06 15 3F 3F 01 C0 00 00 00 00 00 00 00 00 00 00 00 00 
2026/Jun/29 05:46:11.346526 PORTEVENT TC_26_6_5_2_8.ttcn3:356 Message enqueued on L from system octetstring : '130001034906153F3F01C0000000000000000000000000'O id 18
2026/Jun/29 05:46:11.346536 USER TC_26_6_5_2_8.ttcn3:356 L3_Port: Message delivered to TTCN-3
2026/Jun/29 05:46:12.287310 USER TC_26_6_5_2_8.ttcn3:356 L3_Port: Received 39 bytes
2026/Jun/29 05:46:12.287354 USER TC_26_6_5_2_8.ttcn3:356 L3_Port: RAW GSMTAP hdr->arfcn=0x4033 RxArfcn=0x4033 Uplink=1 Chan=136 Len=23
2026/Jun/29 05:46:12.287365 USER TC_26_6_5_2_8.ttcn3:356 L3_Port: RX: 13 00 01 03 49 06 15 3F 3F 01 C0 00 00 00 00 00 00 00 00 00 00 00 00 
2026/Jun/29 05:46:12.287375 PORTEVENT TC_26_6_5_2_8.ttcn3:356 Message enqueued on L from system octetstring : '130001034906153F3F01C0000000000000000000000000'O id 19
2026/Jun/29 05:46:12.287387 USER TC_26_6_5_2_8.ttcn3:356 L3_Port: Message delivered to TTCN-3
2026/Jun/29 05:46:12.595016 USER TC_26_6_5_2_8.ttcn3:356 MSC_Port: RX: {"type": "HEARTBEAT"}
2026/Jun/29 05:46:12.595060 PORTEVENT TC_26_6_5_2_8.ttcn3:356 Message enqueued on MSC from system charstring : "{\"type\": \"HEARTBEAT\"}" id 10
2026/Jun/29 05:46:12.595077 PORTEVENT TC_26_6_5_2_8.ttcn3:367 Receive operation on port MSC succeeded, message from system(): charstring: "{\"type\": \"HEARTBEAT\"}" id 10
2026/Jun/29 05:46:12.595085 PORTEVENT TC_26_6_5_2_8.ttcn3:367 Message with id 10 was extracted from the queue of MSC.
2026/Jun/29 05:46:13.229583 USER TC_26_6_5_2_8.ttcn3:356 L3_Port: Received 39 bytes
2026/Jun/29 05:46:13.229658 USER TC_26_6_5_2_8.ttcn3:356 L3_Port: RAW GSMTAP hdr->arfcn=0x4033 RxArfcn=0x4033 Uplink=1 Chan=136 Len=23
2026/Jun/29 05:46:13.229678 USER TC_26_6_5_2_8.ttcn3:356 L3_Port: RX: 13 00 01 03 49 06 15 3F 3F 01 C0 00 00 00 00 00 00 00 00 00 00 00 00 
2026/Jun/29 05:46:13.229695 PORTEVENT TC_26_6_5_2_8.ttcn3:356 Message enqueued on L from system octetstring : '130001034906153F3F01C0000000000000000000000000'O id 20
2026/Jun/29 05:46:13.229710 USER TC_26_6_5_2_8.ttcn3:356 L3_Port: Message delivered to TTCN-3
2026/Jun/29 05:46:14.170807 USER TC_26_6_5_2_8.ttcn3:356 L3_Port: Received 39 bytes
2026/Jun/29 05:46:14.170869 USER TC_26_6_5_2_8.ttcn3:356 L3_Port: RAW GSMTAP hdr->arfcn=0x4033 RxArfcn=0x4033 Uplink=1 Chan=136 Len=23
2026/Jun/29 05:46:14.170885 USER TC_26_6_5_2_8.ttcn3:356 L3_Port: RX: 13 00 01 03 49 06 15 3F 3F 01 C0 00 00 00 00 00 00 00 00 00 00 00 00 
2026/Jun/29 05:46:14.170896 PORTEVENT TC_26_6_5_2_8.ttcn3:356 Message enqueued on L from system octetstring : '130001034906153F3F01C0000000000000000000000000'O id 21
2026/Jun/29 05:46:14.170905 USER TC_26_6_5_2_8.ttcn3:356 L3_Port: Message delivered to TTCN-3
2026/Jun/29 05:46:15.113350 USER TC_26_6_5_2_8.ttcn3:356 L3_Port: Received 39 bytes
2026/Jun/29 05:46:15.113401 USER TC_26_6_5_2_8.ttcn3:356 L3_Port: RAW GSMTAP hdr->arfcn=0x4033 RxArfcn=0x4033 Uplink=1 Chan=136 Len=23
2026/Jun/29 05:46:15.113415 USER TC_26_6_5_2_8.ttcn3:356 L3_Port: RX: 13 00 01 03 49 06 15 3F 3F 01 C0 00 00 00 00 00 00 00 00 00 00 00 00 
2026/Jun/29 05:46:15.113428 PORTEVENT TC_26_6_5_2_8.ttcn3:356 Message enqueued on L from system octetstring : '130001034906153F3F01C0000000000000000000000000'O id 22
2026/Jun/29 05:46:15.113441 USER TC_26_6_5_2_8.ttcn3:356 L3_Port: Message delivered to TTCN-3
2026/Jun/29 05:46:16.053735 USER TC_26_6_5_2_8.ttcn3:356 L3_Port: Received 39 bytes
2026/Jun/29 05:46:16.053777 USER TC_26_6_5_2_8.ttcn3:356 L3_Port: RAW GSMTAP hdr->arfcn=0x4033 RxArfcn=0x4033 Uplink=1 Chan=136 Len=23
2026/Jun/29 05:46:16.053788 USER TC_26_6_5_2_8.ttcn3:356 L3_Port: RX: 13 00 01 03 49 06 15 3F 3F 01 C0 00 00 00 00 00 00 00 00 00 00 00 00 
2026/Jun/29 05:46:16.053799 PORTEVENT TC_26_6_5_2_8.ttcn3:356 Message enqueued on L from system octetstring : '130001034906153F3F01C0000000000000000000000000'O id 23
2026/Jun/29 05:46:16.053809 USER TC_26_6_5_2_8.ttcn3:356 L3_Port: Message delivered to TTCN-3
2026/Jun/29 05:46:16.943379 USER TC_26_6_5_2_8.ttcn3:356 L3_Port: Received 39 bytes
2026/Jun/29 05:46:16.943419 USER TC_26_6_5_2_8.ttcn3:356 L3_Port: RAW GSMTAP hdr->arfcn=0x4038 RxArfcn=0x4038 Uplink=1 Chan=9 Len=23
2026/Jun/29 05:46:16.943429 USER TC_26_6_5_2_8.ttcn3:356 L3_Port: RX: 01 3F 01 2B 2B 2B 2B 2B 2B 2B 2B 2B 2B 2B 2B 2B 2B 2B 2B 2B 2B 2B 2B 
2026/Jun/29 05:46:16.943440 PORTEVENT TC_26_6_5_2_8.ttcn3:356 Message enqueued on L from system octetstring : '013F012B2B2B2B2B2B2B2B2B2B2B2B2B2B2B2B2B2B2B2B'O id 24
2026/Jun/29 05:46:16.943451 USER TC_26_6_5_2_8.ttcn3:356 L3_Port: Message delivered to TTCN-3
2026/Jun/29 05:46:16.989659 USER TC_26_6_5_2_8.ttcn3:356 L3_Port: Received 39 bytes
2026/Jun/29 05:46:16.989703 USER TC_26_6_5_2_8.ttcn3:356 L3_Port: RAW GSMTAP hdr->arfcn=0x4038 RxArfcn=0x4038 Uplink=1 Chan=9 Len=23
2026/Jun/29 05:46:16.989716 USER TC_26_6_5_2_8.ttcn3:356 L3_Port: RX: 01 00 0D 06 2C 00 2B 2B 2B 2B 2B 2B 2B 2B 2B 2B 2B 2B 2B 2B 2B 2B 2B 
2026/Jun/29 05:46:16.989729 PORTEVENT TC_26_6_5_2_8.ttcn3:356 Message enqueued on L from system octetstring : '01000D062C002B2B2B2B2B2B2B2B2B2B2B2B2B2B2B2B2B'O id 25
2026/Jun/29 05:46:16.989740 USER TC_26_6_5_2_8.ttcn3:356 L3_Port: Message delivered to TTCN-3
2026/Jun/29 05:46:17.008300 USER TC_26_6_5_2_8.ttcn3:356 L3_Port: Received 39 bytes
2026/Jun/29 05:46:17.008340 USER TC_26_6_5_2_8.ttcn3:356 L3_Port: RAW GSMTAP hdr->arfcn=0x4038 RxArfcn=0x4038 Uplink=1 Chan=137 Len=23
2026/Jun/29 05:46:17.008356 USER TC_26_6_5_2_8.ttcn3:356 L3_Port: RX: 00 00 01 03 49 06 15 00 40 01 C0 00 00 00 00 00 00 00 00 00 00 00 00 
2026/Jun/29 05:46:17.008367 PORTEVENT TC_26_6_5_2_8.ttcn3:356 Message enqueued on L from system octetstring : '00000103490615004001C0000000000000000000000000'O id 26
2026/Jun/29 05:46:17.008385 USER TC_26_6_5_2_8.ttcn3:356 L3_Port: Message delivered to TTCN-3
2026/Jun/29 05:46:17.131716 TIMEROP TC_26_6_5_2_8.ttcn3:368 Timeout T_rll_rel: 10 s
2026/Jun/29 05:46:17.131790 USER TC_26_6_5_2_8.ttcn3:372 *** Phase 1 complete: MS in idle-updated state ***
2026/Jun/29 05:46:17.131838 USER TC_26_6_5_2_8.ttcn3:379 *** Phase 2: SDCCH/4 assignment (INFRA-FIX: using TS0 instead of TS1) ***
2026/Jun/29 05:46:17.131856 USER TC_26_6_5_2_8.ttcn3:380 "*** FH-SKIP: +SDCCH8_A_1_nociph with FreqSDCCHa_hof1 " & char(0, 0, 33, 146) & " h=0 ARFCN 51 ***"
2026/Jun/29 05:46:17.131889 USER TC_26_6_5_2_8.ttcn3:383 *** Triggering MO call via VTY (FIX-006: double enable prefix) ***
2026/Jun/29 05:46:17.131916 PORTEVENT TC_26_6_5_2_8.ttcn3:384 Sent on VTY to system charstring : "enable"
2026/Jun/29 05:46:17.131991 USER TC_26_6_5_2_8.ttcn3:384 VTY_PT: Sending command: "enable"
2026/Jun/29 05:46:17.332225 USER TC_26_6_5_2_8.ttcn3:384 VTY_PT: Received response: 
% (MS 1)
% Power off!

% (MS 1)
% Trying to register with network International, 70...

% (MS 1)
% On Network, normal service: International, 70
enable
OsmocomBB(mobile)# 
OsmocomBB(mobile)# 
2026/Jun/29 05:46:17.332338 PORTEVENT TC_26_6_5_2_8.ttcn3:384 Message enqueued on VTY from system charstring : "\r\n% (MS 1)\r\n% Power off!\r\n\r\n% (MS 1)\r\n% Trying to register with network International, 70...\r\n\r\n% (MS 1)\r\n% On Network, normal service: International, 70\r\nenable\r\nOsmocomBB(mobile)# \r\nOsmocomBB(mobile)# " id 1
2026/Jun/29 05:46:17.332359 TIMEROP TC_26_6_5_2_8.ttcn3:385 Start timer T_vty_en1: 2 s
2026/Jun/29 05:46:17.600028 USER TC_26_6_5_2_8.ttcn3:385 MSC_Port: RX: {"type": "HEARTBEAT"}
2026/Jun/29 05:46:17.600088 PORTEVENT TC_26_6_5_2_8.ttcn3:385 Message enqueued on MSC from system charstring : "{\"type\": \"HEARTBEAT\"}" id 11
2026/Jun/29 05:46:17.968230 USER TC_26_6_5_2_8.ttcn3:385 L3_Port: Received 39 bytes
2026/Jun/29 05:46:17.968282 USER TC_26_6_5_2_8.ttcn3:385 L3_Port: RAW GSMTAP hdr->arfcn=0x4038 RxArfcn=0x4038 Uplink=1 Chan=137 Len=23
2026/Jun/29 05:46:17.968295 USER TC_26_6_5_2_8.ttcn3:385 L3_Port: RX: 00 00 01 03 49 06 15 3F 3F 01 C0 00 00 00 00 00 00 00 00 00 00 00 00 
2026/Jun/29 05:46:17.968307 PORTEVENT TC_26_6_5_2_8.ttcn3:385 Message enqueued on L from system octetstring : '000001034906153F3F01C0000000000000000000000000'O id 27
2026/Jun/29 05:46:17.968317 USER TC_26_6_5_2_8.ttcn3:385 L3_Port: Message delivered to TTCN-3
2026/Jun/29 05:46:19.048218 USER TC_26_6_5_2_8.ttcn3:385 L3_Port: Received 39 bytes
2026/Jun/29 05:46:19.048260 USER TC_26_6_5_2_8.ttcn3:385 L3_Port: RAW GSMTAP hdr->arfcn=0x4038 RxArfcn=0x4038 Uplink=1 Chan=137 Len=23
2026/Jun/29 05:46:19.048269 USER TC_26_6_5_2_8.ttcn3:385 L3_Port: RX: 00 00 01 03 49 06 15 3F 3F 01 C0 00 00 00 00 00 00 00 00 00 00 00 00 
2026/Jun/29 05:46:19.048281 PORTEVENT TC_26_6_5_2_8.ttcn3:385 Message enqueued on L from system octetstring : '000001034906153F3F01C0000000000000000000000000'O id 28
2026/Jun/29 05:46:19.048292 USER TC_26_6_5_2_8.ttcn3:385 L3_Port: Message delivered to TTCN-3
2026/Jun/29 05:46:19.332615 TIMEROP TC_26_6_5_2_8.ttcn3:385 Timeout T_vty_en1: 2 s
2026/Jun/29 05:46:19.332684 PORTEVENT TC_26_6_5_2_8.ttcn3:386 Sent on VTY to system charstring : "enable"
2026/Jun/29 05:46:19.332708 USER TC_26_6_5_2_8.ttcn3:386 VTY_PT: Sending command: "enable"
2026/Jun/29 05:46:19.532881 USER TC_26_6_5_2_8.ttcn3:386 VTY_PT: Received response: enable
% Unknown command.
OsmocomBB(mobile)# 
OsmocomBB(mobile)# 
2026/Jun/29 05:46:19.532984 PORTEVENT TC_26_6_5_2_8.ttcn3:386 Message enqueued on VTY from system charstring : "enable\r\n% Unknown command.\r\nOsmocomBB(mobile)# \r\nOsmocomBB(mobile)# " id 2
2026/Jun/29 05:46:19.533013 TIMEROP TC_26_6_5_2_8.ttcn3:387 Start timer T_vty_en2: 2 s
2026/Jun/29 05:46:20.003835 USER TC_26_6_5_2_8.ttcn3:387 L3_Port: Received 39 bytes
2026/Jun/29 05:46:20.003915 USER TC_26_6_5_2_8.ttcn3:387 L3_Port: RAW GSMTAP hdr->arfcn=0x4038 RxArfcn=0x4038 Uplink=1 Chan=137 Len=23
2026/Jun/29 05:46:20.003952 USER TC_26_6_5_2_8.ttcn3:387 L3_Port: RX: 00 00 01 03 49 06 15 3F 3F 01 C0 00 00 00 00 00 00 00 00 00 00 00 00 
2026/Jun/29 05:46:20.003974 PORTEVENT TC_26_6_5_2_8.ttcn3:387 Message enqueued on L from system octetstring : '000001034906153F3F01C0000000000000000000000000'O id 29
2026/Jun/29 05:46:20.003992 USER TC_26_6_5_2_8.ttcn3:387 L3_Port: Message delivered to TTCN-3
2026/Jun/29 05:46:20.964111 USER TC_26_6_5_2_8.ttcn3:387 L3_Port: Received 39 bytes
2026/Jun/29 05:46:20.964160 USER TC_26_6_5_2_8.ttcn3:387 L3_Port: RAW GSMTAP hdr->arfcn=0x4038 RxArfcn=0x4038 Uplink=1 Chan=137 Len=23
2026/Jun/29 05:46:20.964171 USER TC_26_6_5_2_8.ttcn3:387 L3_Port: RX: 00 00 01 03 49 06 15 3F 3F 01 C0 00 00 00 00 00 00 00 00 00 00 00 00 
2026/Jun/29 05:46:20.964185 PORTEVENT TC_26_6_5_2_8.ttcn3:387 Message enqueued on L from system octetstring : '000001034906153F3F01C0000000000000000000000000'O id 30
2026/Jun/29 05:46:20.964199 USER TC_26_6_5_2_8.ttcn3:387 L3_Port: Message delivered to TTCN-3
2026/Jun/29 05:46:21.533044 TIMEROP TC_26_6_5_2_8.ttcn3:387 Timeout T_vty_en2: 2 s
2026/Jun/29 05:46:21.533137 PORTEVENT TC_26_6_5_2_8.ttcn3:388 Sent on VTY to system charstring : "call 1 12345"
2026/Jun/29 05:46:21.533164 USER TC_26_6_5_2_8.ttcn3:388 VTY_PT: Sending command: "call 1 12345"
2026/Jun/29 05:46:21.733359 USER TC_26_6_5_2_8.ttcn3:388 VTY_PT: Received response: call 1 12345
OsmocomBB(mobile)# 
OsmocomBB(mobile)# 
2026/Jun/29 05:46:21.733421 PORTEVENT TC_26_6_5_2_8.ttcn3:388 Message enqueued on VTY from system charstring : "call 1 12345\r\nOsmocomBB(mobile)# \r\nOsmocomBB(mobile)# " id 3
2026/Jun/29 05:46:21.733436 USER TC_26_6_5_2_8.ttcn3:389 Sent VTY: call 1 12345
2026/Jun/29 05:46:21.733443 TIMEROP TC_26_6_5_2_8.ttcn3:393 Start timer T_mo_chan_rqd: 30 s
2026/Jun/29 05:46:21.733461 PORTEVENT TC_26_6_5_2_8.ttcn3:411 Receive operation on port MSC succeeded, message from system(): charstring: "{\"type\": \"HEARTBEAT\"}" id 11
2026/Jun/29 05:46:21.733468 PORTEVENT TC_26_6_5_2_8.ttcn3:411 Message with id 11 was extracted from the queue of MSC.
2026/Jun/29 05:46:21.779472 USER TC_26_6_5_2_8.ttcn3:397 BSC_Port: RX: {"event": "CHAN_RQD", "data": {"ra": 237, "frame_number": 5770, "frame_number_encoded": 8760, "unit_id": "4242/0/0"}}
2026/Jun/29 05:46:21.779543 PORTEVENT TC_26_6_5_2_8.ttcn3:397 Message enqueued on BSC from system charstring : "{\"event\": \"CHAN_RQD\", \"data\": {\"ra\": 237, \"frame_number\": 5770, \"frame_number_encoded\": 8760, \"unit_id\": \"4242/0/0\"}}" id 53
2026/Jun/29 05:46:21.779572 PORTEVENT TC_26_6_5_2_8.ttcn3:398 Receive operation on port BSC succeeded, message from system(): charstring : "{\"event\": \"CHAN_RQD\", \"data\": {\"ra\": 237, \"frame_number\": 5770, \"frame_number_encoded\": 8760, \"unit_id\": \"4242/0/0\"}}" id 53
2026/Jun/29 05:46:21.779582 PORTEVENT TC_26_6_5_2_8.ttcn3:398 Message with id 53 was extracted from the queue of BSC.
2026/Jun/29 05:46:21.779684 USER GSM_Functions.ttcn3:365 f_extractJsonInt: Searching for key '"ra"' in JSON: "{\"event\": \"CHAN_RQD\", \"data\": {\"ra\": 237, \"frame_number\": 5770, \"frame_number_encoded\": 8760, \"unit_id\": \"4242/0/0\"}}"
2026/Jun/29 05:46:21.779714 USER GSM_Functions.ttcn3:372 f_extractJsonInt: Found key at position 31 (pattern: "\"ra\":")
2026/Jun/29 05:46:21.779733 USER GSM_Functions.ttcn3:422 f_extractJsonInt: Extracted number string '"237"' => integer 237
2026/Jun/29 05:46:21.779743 USER GSM_Functions.ttcn3:365 f_extractJsonInt: Searching for key '"frame_number_encoded"' in JSON: "{\"event\": \"CHAN_RQD\", \"data\": {\"ra\": 237, \"frame_number\": 5770, \"frame_number_encoded\": 8760, \"unit_id\": \"4242/0/0\"}}"
2026/Jun/29 05:46:21.779766 USER GSM_Functions.ttcn3:372 f_extractJsonInt: Found key at position 64 (pattern: "\"frame_number_encoded\":")
2026/Jun/29 05:46:21.779778 USER GSM_Functions.ttcn3:422 f_extractJsonInt: Extracted number string '"8760"' => integer 8760
2026/Jun/29 05:46:21.779788 TIMEROP TC_26_6_5_2_8.ttcn3:405 Stop timer T_mo_chan_rqd: 30 s
2026/Jun/29 05:46:21.779802 USER TC_26_6_5_2_8.ttcn3:406 Received CHAN_RQD for MO call: ra=237, fn=8760
2026/Jun/29 05:46:21.779858 PORTEVENT TC_26_6_5_2_8.ttcn3:439 Sent on BSC to system charstring : "{\"command\": \"CMD_SEND_IMM_ASS_EXT\", \"req_ref1\": {\"ra\": 237, \"frame_number\": 0, \"frame_number_encoded\": 8760}, \"req_ref2\": {\"ra\": 0, \"frame_number\": 0, \"frame_number_encoded\": 0}, \"chan_desc1\": {\"ts\": 1, \"subslot\": 0, \"arfcn\": 51, \"chan_type\": 1, \"h\": 0}, \"chan_desc2\": {\"ts\": 1, \"subslot\": 1, \"arfcn\": 51, \"chan_type\": 1, \"h\": 0}, \"timing_advance\": 30}"
2026/Jun/29 05:46:21.779910 USER TC_26_6_5_2_8.ttcn3:439 BSC_Port: TX: {"command": "CMD_SEND_IMM_ASS_EXT", "req_ref1": {"ra": 237, "frame_number": 0, "frame_number_encoded": 8760}, "req_ref2": {"ra": 0, "frame_number": 0, "frame_number_encoded": 0}, "chan_desc1": {"ts": 1, "subslot": 0, "arfcn": 51, "chan_type": 1, "h": 0}, "chan_desc2": {"ts": 1, "subslot": 1, "arfcn": 51, "chan_type": 1, "h": 0}, "timing_advance": 30}
2026/Jun/29 05:46:21.779920 USER TC_26_6_5_2_8.ttcn3:440 Sent IMM_ASS for MO call: SDCCH/4 TS0 (chan_desc1: ts=0 subslot=1 -> chan_nr=12)
2026/Jun/29 05:46:21.779928 TIMEROP TC_26_6_5_2_8.ttcn3:444 Start timer T_cm_serv_req: 30 s
2026/Jun/29 05:46:21.781478 USER TC_26_6_5_2_8.ttcn3:446 BSC_Port: RX: {"status": "ok"}
2026/Jun/29 05:46:21.781495 PORTEVENT TC_26_6_5_2_8.ttcn3:446 Message enqueued on BSC from system charstring : "{\"status\": \"ok\"}" id 54
2026/Jun/29 05:46:21.781505 PORTEVENT TC_26_6_5_2_8.ttcn3:447 Receive operation on port BSC succeeded, message from system(): charstring : "{\"status\": \"ok\"}" id 54
2026/Jun/29 05:46:21.781512 PORTEVENT TC_26_6_5_2_8.ttcn3:447 Message with id 54 was extracted from the queue of BSC.
2026/Jun/29 05:46:21.845307 USER TC_26_6_5_2_8.ttcn3:446 BSC_Port: RX: {"event": "ESTABLISH_IND", "data": {"chan_nr": 65, "bsc_slr": 65, "l3_data": "05247103331f01089910070000000010"}}
2026/Jun/29 05:46:21.845401 PORTEVENT TC_26_6_5_2_8.ttcn3:446 Message enqueued on BSC from system charstring : "{\"event\": \"ESTABLISH_IND\", \"data\": {\"chan_nr\": 65, \"bsc_slr\": 65, \"l3_data\": \"05247103331f01089910070000000010\"}}" id 55
2026/Jun/29 05:46:21.845448 PORTEVENT TC_26_6_5_2_8.ttcn3:447 Receive operation on port BSC succeeded, message from system(): charstring : "{\"event\": \"ESTABLISH_IND\", \"data\": {\"chan_nr\": 65, \"bsc_slr\": 65, \"l3_data\": \"05247103331f01089910070000000010\"}}" id 55
2026/Jun/29 05:46:21.845466 PORTEVENT TC_26_6_5_2_8.ttcn3:447 Message with id 55 was extracted from the queue of BSC.
2026/Jun/29 05:46:21.845797 USER GSM_Functions.ttcn3:365 f_extractJsonInt: Searching for key '"chan_nr"' in JSON: "{\"event\": \"ESTABLISH_IND\", \"data\": {\"chan_nr\": 65, \"bsc_slr\": 65, \"l3_data\": \"05247103331f01089910070000000010\"}}"
2026/Jun/29 05:46:21.845875 USER GSM_Functions.ttcn3:372 f_extractJsonInt: Found key at position 36 (pattern: "\"chan_nr\":")
2026/Jun/29 05:46:21.845911 USER GSM_Functions.ttcn3:422 f_extractJsonInt: Extracted number string '"65"' => integer 65
2026/Jun/29 05:46:21.845931 USER TC_26_6_5_2_8.ttcn3:455 *** Phase 2: CM SERVICE REQUEST in ESTABLISH_IND, chan_nr=65 ***
2026/Jun/29 05:46:21.845947 TIMEROP TC_26_6_5_2_8.ttcn3:457 Stop timer T_cm_serv_req: 30 s
2026/Jun/29 05:46:21.845966 USER TC_26_6_5_2_8.ttcn3:483 *** Phase 2 complete: SDCCH/4 assigned for MO call (INFRA-FIX) ***
2026/Jun/29 05:46:21.845978 USER TC_26_6_5_2_8.ttcn3:490 *** Phase 3: Wait for initial CC SETUP (before handover) ***
2026/Jun/29 05:46:21.845989 USER TC_26_6_5_2_8.ttcn3:491 *** INFRA_LIMIT-2: L2 ack withhold not implemented (best-effort N(SD) check) ***
2026/Jun/29 05:46:21.846002 TIMEROP TC_26_6_5_2_8.ttcn3:494 Start timer T_setup1: 30 s
2026/Jun/29 05:46:21.846031 USER TC_26_6_5_2_8.ttcn3:496 BSC_Port: RX: {"event": "EVENT_CM_SERVICE_REQUEST", "data": {"chan_nr": 65, "bsc_slr": 65, "cm_service_request": true, "l3_data": "05247103331f01089910070000000010"}}
2026/Jun/29 05:46:21.846061 PORTEVENT TC_26_6_5_2_8.ttcn3:496 Message enqueued on BSC from system charstring : "{\"event\": \"EVENT_CM_SERVICE_REQUEST\", \"data\": {\"chan_nr\": 65, \"bsc_slr\": 65, \"cm_service_request\": true, \"l3_data\": \"05247103331f01089910070000000010\"}}" id 56
2026/Jun/29 05:46:21.846104 PORTEVENT TC_26_6_5_2_8.ttcn3:497 Receive operation on port BSC succeeded, message from system(): charstring : "{\"event\": \"EVENT_CM_SERVICE_REQUEST\", \"data\": {\"chan_nr\": 65, \"bsc_slr\": 65, \"cm_service_request\": true, \"l3_data\": \"05247103331f01089910070000000010\"}}" id 56
2026/Jun/29 05:46:21.846118 PORTEVENT TC_26_6_5_2_8.ttcn3:497 Message with id 56 was extracted from the queue of BSC.
2026/Jun/29 05:46:22.048776 USER TC_26_6_5_2_8.ttcn3:496 L3_Port: Received 39 bytes
2026/Jun/29 05:46:22.048834 USER TC_26_6_5_2_8.ttcn3:496 L3_Port: RAW GSMTAP hdr->arfcn=0x4038 RxArfcn=0x4038 Uplink=1 Chan=137 Len=23
2026/Jun/29 05:46:22.048851 USER TC_26_6_5_2_8.ttcn3:496 L3_Port: RX: 00 00 01 03 49 06 15 3F 3F 01 C0 00 00 00 00 00 00 00 00 00 00 00 00 
2026/Jun/29 05:46:22.048864 PORTEVENT TC_26_6_5_2_8.ttcn3:496 Message enqueued on L from system octetstring : '000001034906153F3F01C0000000000000000000000000'O id 31
2026/Jun/29 05:46:22.048875 USER TC_26_6_5_2_8.ttcn3:496 L3_Port: Message delivered to TTCN-3
2026/Jun/29 05:46:22.066662 USER TC_26_6_5_2_8.ttcn3:496 L3_Port: Received 39 bytes
2026/Jun/29 05:46:22.066719 USER TC_26_6_5_2_8.ttcn3:496 L3_Port: RAW GSMTAP hdr->arfcn=0x4038 RxArfcn=0x4038 Uplink=1 Chan=9 Len=23
2026/Jun/29 05:46:22.066732 USER TC_26_6_5_2_8.ttcn3:496 L3_Port: RX: 01 02 0D 05 71 11 2B 2B 2B 2B 2B 2B 2B 2B 2B 2B 2B 2B 2B 2B 2B 2B 2B 
2026/Jun/29 05:46:22.066744 PORTEVENT TC_26_6_5_2_8.ttcn3:496 Message enqueued on L from system octetstring : '01020D0571112B2B2B2B2B2B2B2B2B2B2B2B2B2B2B2B2B'O id 32
2026/Jun/29 05:46:22.066755 USER TC_26_6_5_2_8.ttcn3:496 L3_Port: Message delivered to TTCN-3
2026/Jun/29 05:46:22.605005 USER TC_26_6_5_2_8.ttcn3:496 MSC_Port: RX: {"type": "HEARTBEAT"}
2026/Jun/29 05:46:22.605061 PORTEVENT TC_26_6_5_2_8.ttcn3:496 Message enqueued on MSC from system charstring : "{\"type\": \"HEARTBEAT\"}" id 12
2026/Jun/29 05:46:22.605080 PORTEVENT TC_26_6_5_2_8.ttcn3:521 Receive operation on port MSC succeeded, message from system(): charstring: "{\"type\": \"HEARTBEAT\"}" id 12
2026/Jun/29 05:46:22.605087 PORTEVENT TC_26_6_5_2_8.ttcn3:521 Message with id 12 was extracted from the queue of MSC.
2026/Jun/29 05:46:23.007578 USER TC_26_6_5_2_8.ttcn3:496 L3_Port: Received 39 bytes
2026/Jun/29 05:46:23.007618 USER TC_26_6_5_2_8.ttcn3:496 L3_Port: RAW GSMTAP hdr->arfcn=0x4038 RxArfcn=0x4038 Uplink=1 Chan=137 Len=23
2026/Jun/29 05:46:23.007629 USER TC_26_6_5_2_8.ttcn3:496 L3_Port: RX: 00 00 01 03 49 06 15 3F 3F 01 C0 00 00 00 00 00 00 00 00 00 00 00 00 
2026/Jun/29 05:46:23.007639 PORTEVENT TC_26_6_5_2_8.ttcn3:496 Message enqueued on L from system octetstring : '000001034906153F3F01C0000000000000000000000000'O id 33
2026/Jun/29 05:46:23.007647 USER TC_26_6_5_2_8.ttcn3:496 L3_Port: Message delivered to TTCN-3
2026/Jun/29 05:46:23.968016 USER TC_26_6_5_2_8.ttcn3:496 L3_Port: Received 39 bytes
2026/Jun/29 05:46:23.968062 USER TC_26_6_5_2_8.ttcn3:496 L3_Port: RAW GSMTAP hdr->arfcn=0x4038 RxArfcn=0x4038 Uplink=1 Chan=137 Len=23
2026/Jun/29 05:46:23.968073 USER TC_26_6_5_2_8.ttcn3:496 L3_Port: RX: 00 00 01 03 49 06 15 3F 3F 01 C0 00 00 00 00 00 00 00 00 00 00 00 00 
2026/Jun/29 05:46:23.968083 PORTEVENT TC_26_6_5_2_8.ttcn3:496 Message enqueued on L from system octetstring : '000001034906153F3F01C0000000000000000000000000'O id 34
2026/Jun/29 05:46:23.968093 USER TC_26_6_5_2_8.ttcn3:496 L3_Port: Message delivered to TTCN-3
2026/Jun/29 05:46:25.048162 USER TC_26_6_5_2_8.ttcn3:496 L3_Port: Received 39 bytes
2026/Jun/29 05:46:25.048215 USER TC_26_6_5_2_8.ttcn3:496 L3_Port: RAW GSMTAP hdr->arfcn=0x4038 RxArfcn=0x4038 Uplink=1 Chan=137 Len=23
2026/Jun/29 05:46:25.048225 USER TC_26_6_5_2_8.ttcn3:496 L3_Port: RX: 00 00 01 03 49 06 15 3F 3F 01 C0 00 00 00 00 00 00 00 00 00 00 00 00 
2026/Jun/29 05:46:25.048235 PORTEVENT TC_26_6_5_2_8.ttcn3:496 Message enqueued on L from system octetstring : '000001034906153F3F01C0000000000000000000000000'O id 35
2026/Jun/29 05:46:25.048266 USER TC_26_6_5_2_8.ttcn3:496 L3_Port: Message delivered to TTCN-3
2026/Jun/29 05:46:26.007991 USER TC_26_6_5_2_8.ttcn3:496 L3_Port: Received 39 bytes
2026/Jun/29 05:46:26.008038 USER TC_26_6_5_2_8.ttcn3:496 L3_Port: RAW GSMTAP hdr->arfcn=0x4038 RxArfcn=0x4038 Uplink=1 Chan=137 Len=23
2026/Jun/29 05:46:26.008048 USER TC_26_6_5_2_8.ttcn3:496 L3_Port: RX: 00 00 01 03 49 06 15 3F 3F 01 C0 00 00 00 00 00 00 00 00 00 00 00 00 
2026/Jun/29 05:46:26.008058 PORTEVENT TC_26_6_5_2_8.ttcn3:496 Message enqueued on L from system octetstring : '000001034906153F3F01C0000000000000000000000000'O id 36
2026/Jun/29 05:46:26.008068 USER TC_26_6_5_2_8.ttcn3:496 L3_Port: Message delivered to TTCN-3
2026/Jun/29 05:46:26.967357 USER TC_26_6_5_2_8.ttcn3:496 L3_Port: Received 39 bytes
2026/Jun/29 05:46:26.967419 USER TC_26_6_5_2_8.ttcn3:496 L3_Port: RAW GSMTAP hdr->arfcn=0x4038 RxArfcn=0x4038 Uplink=1 Chan=137 Len=23
2026/Jun/29 05:46:26.967437 USER TC_26_6_5_2_8.ttcn3:496 L3_Port: RX: 00 00 01 03 49 06 15 3F 3F 01 C0 00 00 00 00 00 00 00 00 00 00 00 00 
2026/Jun/29 05:46:26.967454 PORTEVENT TC_26_6_5_2_8.ttcn3:496 Message enqueued on L from system octetstring : '000001034906153F3F01C0000000000000000000000000'O id 37
2026/Jun/29 05:46:26.967470 USER TC_26_6_5_2_8.ttcn3:496 L3_Port: Message delivered to TTCN-3
2026/Jun/29 05:46:27.609991 USER TC_26_6_5_2_8.ttcn3:496 MSC_Port: RX: {"type": "HEARTBEAT"}
2026/Jun/29 05:46:27.610044 PORTEVENT TC_26_6_5_2_8.ttcn3:496 Message enqueued on MSC from system charstring : "{\"type\": \"HEARTBEAT\"}" id 13
2026/Jun/29 05:46:27.610064 PORTEVENT TC_26_6_5_2_8.ttcn3:521 Receive operation on port MSC succeeded, message from system(): charstring: "{\"type\": \"HEARTBEAT\"}" id 13
2026/Jun/29 05:46:27.610071 PORTEVENT TC_26_6_5_2_8.ttcn3:521 Message with id 13 was extracted from the queue of MSC.
2026/Jun/29 05:46:28.045147 USER TC_26_6_5_2_8.ttcn3:496 L3_Port: Received 39 bytes
2026/Jun/29 05:46:28.045188 USER TC_26_6_5_2_8.ttcn3:496 L3_Port: RAW GSMTAP hdr->arfcn=0x4038 RxArfcn=0x4038 Uplink=1 Chan=137 Len=23
2026/Jun/29 05:46:28.045198 USER TC_26_6_5_2_8.ttcn3:496 L3_Port: RX: 00 00 01 03 49 06 15 3F 3F 01 C0 00 00 00 00 00 00 00 00 00 00 00 00 
2026/Jun/29 05:46:28.045208 PORTEVENT TC_26_6_5_2_8.ttcn3:496 Message enqueued on L from system octetstring : '000001034906153F3F01C0000000000000000000000000'O id 38
2026/Jun/29 05:46:28.045217 USER TC_26_6_5_2_8.ttcn3:496 L3_Port: Message delivered to TTCN-3
2026/Jun/29 05:46:29.006851 USER TC_26_6_5_2_8.ttcn3:496 L3_Port: Received 39 bytes
2026/Jun/29 05:46:29.006906 USER TC_26_6_5_2_8.ttcn3:496 L3_Port: RAW GSMTAP hdr->arfcn=0x4038 RxArfcn=0x4038 Uplink=1 Chan=137 Len=23
2026/Jun/29 05:46:29.006916 USER TC_26_6_5_2_8.ttcn3:496 L3_Port: RX: 00 00 01 03 49 06 15 3F 3F 01 C0 00 00 00 00 00 00 00 00 00 00 00 00 
2026/Jun/29 05:46:29.006926 PORTEVENT TC_26_6_5_2_8.ttcn3:496 Message enqueued on L from system octetstring : '000001034906153F3F01C0000000000000000000000000'O id 39
2026/Jun/29 05:46:29.006935 USER TC_26_6_5_2_8.ttcn3:496 L3_Port: Message delivered to TTCN-3
2026/Jun/29 05:46:29.967375 USER TC_26_6_5_2_8.ttcn3:496 L3_Port: Received 39 bytes
2026/Jun/29 05:46:29.967419 USER TC_26_6_5_2_8.ttcn3:496 L3_Port: RAW GSMTAP hdr->arfcn=0x4038 RxArfcn=0x4038 Uplink=1 Chan=137 Len=23
2026/Jun/29 05:46:29.967429 USER TC_26_6_5_2_8.ttcn3:496 L3_Port: RX: 00 00 01 03 49 06 15 3F 3F 01 C0 00 00 00 00 00 00 00 00 00 00 00 00 
2026/Jun/29 05:46:29.967440 PORTEVENT TC_26_6_5_2_8.ttcn3:496 Message enqueued on L from system octetstring : '000001034906153F3F01C0000000000000000000000000'O id 40
2026/Jun/29 05:46:29.967450 USER TC_26_6_5_2_8.ttcn3:496 L3_Port: Message delivered to TTCN-3
2026/Jun/29 05:46:31.047146 USER TC_26_6_5_2_8.ttcn3:496 L3_Port: Received 39 bytes
2026/Jun/29 05:46:31.047195 USER TC_26_6_5_2_8.ttcn3:496 L3_Port: RAW GSMTAP hdr->arfcn=0x4038 RxArfcn=0x4038 Uplink=1 Chan=137 Len=23
2026/Jun/29 05:46:31.047207 USER TC_26_6_5_2_8.ttcn3:496 L3_Port: RX: 00 00 01 03 49 06 15 3F 3F 01 C0 00 00 00 00 00 00 00 00 00 00 00 00 
2026/Jun/29 05:46:31.047225 PORTEVENT TC_26_6_5_2_8.ttcn3:496 Message enqueued on L from system octetstring : '000001034906153F3F01C0000000000000000000000000'O id 41
2026/Jun/29 05:46:31.047236 USER TC_26_6_5_2_8.ttcn3:496 L3_Port: Message delivered to TTCN-3
2026/Jun/29 05:46:32.007446 USER TC_26_6_5_2_8.ttcn3:496 L3_Port: Received 39 bytes
2026/Jun/29 05:46:32.007489 USER TC_26_6_5_2_8.ttcn3:496 L3_Port: RAW GSMTAP hdr->arfcn=0x4038 RxArfcn=0x4038 Uplink=1 Chan=137 Len=23
2026/Jun/29 05:46:32.007498 USER TC_26_6_5_2_8.ttcn3:496 L3_Port: RX: 00 00 01 03 49 06 15 3F 3F 01 C0 00 00 00 00 00 00 00 00 00 00 00 00 
2026/Jun/29 05:46:32.007510 PORTEVENT TC_26_6_5_2_8.ttcn3:496 Message enqueued on L from system octetstring : '000001034906153F3F01C0000000000000000000000000'O id 42
2026/Jun/29 05:46:32.007522 USER TC_26_6_5_2_8.ttcn3:496 L3_Port: Message delivered to TTCN-3
2026/Jun/29 05:46:32.067504 USER TC_26_6_5_2_8.ttcn3:496 L3_Port: Received 39 bytes
2026/Jun/29 05:46:32.067546 USER TC_26_6_5_2_8.ttcn3:496 L3_Port: RAW GSMTAP hdr->arfcn=0x4038 RxArfcn=0x4038 Uplink=1 Chan=9 Len=23
2026/Jun/29 05:46:32.067555 USER TC_26_6_5_2_8.ttcn3:496 L3_Port: RX: 01 53 01 2B 2B 2B 2B 2B 2B 2B 2B 2B 2B 2B 2B 2B 2B 2B 2B 2B 2B 2B 2B 
2026/Jun/29 05:46:32.067565 PORTEVENT TC_26_6_5_2_8.ttcn3:496 Message enqueued on L from system octetstring : '0153012B2B2B2B2B2B2B2B2B2B2B2B2B2B2B2B2B2B2B2B'O id 43
2026/Jun/29 05:46:32.067575 USER TC_26_6_5_2_8.ttcn3:496 L3_Port: Message delivered to TTCN-3
2026/Jun/29 05:46:32.615006 USER TC_26_6_5_2_8.ttcn3:496 MSC_Port: RX: {"type": "HEARTBEAT"}
2026/Jun/29 05:46:32.615065 PORTEVENT TC_26_6_5_2_8.ttcn3:496 Message enqueued on MSC from system charstring : "{\"type\": \"HEARTBEAT\"}" id 14
2026/Jun/29 05:46:32.615088 PORTEVENT TC_26_6_5_2_8.ttcn3:521 Receive operation on port MSC succeeded, message from system(): charstring: "{\"type\": \"HEARTBEAT\"}" id 14
2026/Jun/29 05:46:32.615096 PORTEVENT TC_26_6_5_2_8.ttcn3:521 Message with id 14 was extracted from the queue of MSC.
2026/Jun/29 05:46:37.004554 USER TC_26_6_5_2_8.ttcn3:496 VTY_PT: Received data (buffered): 38 bytes
2026/Jun/29 05:46:37.142145 USER TC_26_6_5_2_8.ttcn3:496 BSC_Port: RX: {"event": "DATA_IND", "data": {"chan_nr": 65, "bsc_slr": 65, "l3_data": "057111"}}
2026/Jun/29 05:46:37.142212 PORTEVENT TC_26_6_5_2_8.ttcn3:496 Message enqueued on BSC from system charstring : "{\"event\": \"DATA_IND\", \"data\": {\"chan_nr\": 65, \"bsc_slr\": 65, \"l3_data\": \"057111\"}}" id 57
2026/Jun/29 05:46:37.142239 PORTEVENT TC_26_6_5_2_8.ttcn3:497 Receive operation on port BSC succeeded, message from system(): charstring : "{\"event\": \"DATA_IND\", \"data\": {\"chan_nr\": 65, \"bsc_slr\": 65, \"l3_data\": \"057111\"}}" id 57
2026/Jun/29 05:46:37.142248 PORTEVENT TC_26_6_5_2_8.ttcn3:497 Message with id 57 was extracted from the queue of BSC.
2026/Jun/29 05:46:37.620023 USER TC_26_6_5_2_8.ttcn3:496 MSC_Port: RX: {"type": "HEARTBEAT"}
2026/Jun/29 05:46:37.620086 PORTEVENT TC_26_6_5_2_8.ttcn3:496 Message enqueued on MSC from system charstring : "{\"type\": \"HEARTBEAT\"}" id 15
2026/Jun/29 05:46:37.620109 PORTEVENT TC_26_6_5_2_8.ttcn3:521 Receive operation on port MSC succeeded, message from system(): charstring: "{\"type\": \"HEARTBEAT\"}" id 15
2026/Jun/29 05:46:37.620119 PORTEVENT TC_26_6_5_2_8.ttcn3:521 Message with id 15 was extracted from the queue of MSC.
2026/Jun/29 05:46:38.064539 USER TC_26_6_5_2_8.ttcn3:496 BSC_Port: RX: {"event": "MEAS_RES", "data": {"chan_nr": 65, "ncells": 0, "l3_data": ""}}
2026/Jun/29 05:46:38.064613 PORTEVENT TC_26_6_5_2_8.ttcn3:496 Message enqueued on BSC from system charstring : "{\"event\": \"MEAS_RES\", \"data\": {\"chan_nr\": 65, \"ncells\": 0, \"l3_data\": \"\"}}" id 58
2026/Jun/29 05:46:38.064638 PORTEVENT TC_26_6_5_2_8.ttcn3:497 Receive operation on port BSC succeeded, message from system(): charstring : "{\"event\": \"MEAS_RES\", \"data\": {\"chan_nr\": 65, \"ncells\": 0, \"l3_data\": \"\"}}" id 58
2026/Jun/29 05:46:38.064647 PORTEVENT TC_26_6_5_2_8.ttcn3:497 Message with id 58 was extracted from the queue of BSC.
2026/Jun/29 05:46:39.006073 USER TC_26_6_5_2_8.ttcn3:496 BSC_Port: RX: {"event": "MEAS_RES", "data": {"chan_nr": 65, "ncells": 0, "l3_data": ""}}
2026/Jun/29 05:46:39.006136 PORTEVENT TC_26_6_5_2_8.ttcn3:496 Message enqueued on BSC from system charstring : "{\"event\": \"MEAS_RES\", \"data\": {\"chan_nr\": 65, \"ncells\": 0, \"l3_data\": \"\"}}" id 59
2026/Jun/29 05:46:39.006160 PORTEVENT TC_26_6_5_2_8.ttcn3:497 Receive operation on port BSC succeeded, message from system(): charstring : "{\"event\": \"MEAS_RES\", \"data\": {\"chan_nr\": 65, \"ncells\": 0, \"l3_data\": \"\"}}" id 59
2026/Jun/29 05:46:39.006168 PORTEVENT TC_26_6_5_2_8.ttcn3:497 Message with id 59 was extracted from the queue of BSC.
2026/Jun/29 05:46:40.127993 USER TC_26_6_5_2_8.ttcn3:496 BSC_Port: RX: {"event": "MEAS_RES", "data": {"chan_nr": 65, "ncells": 0, "l3_data": ""}}
2026/Jun/29 05:46:40.128068 PORTEVENT TC_26_6_5_2_8.ttcn3:496 Message enqueued on BSC from system charstring : "{\"event\": \"MEAS_RES\", \"data\": {\"chan_nr\": 65, \"ncells\": 0, \"l3_data\": \"\"}}" id 60
2026/Jun/29 05:46:40.128099 PORTEVENT TC_26_6_5_2_8.ttcn3:497 Receive operation on port BSC succeeded, message from system(): charstring : "{\"event\": \"MEAS_RES\", \"data\": {\"chan_nr\": 65, \"ncells\": 0, \"l3_data\": \"\"}}" id 60
2026/Jun/29 05:46:40.128110 PORTEVENT TC_26_6_5_2_8.ttcn3:497 Message with id 60 was extracted from the queue of BSC.
2026/Jun/29 05:46:41.304746 USER TC_26_6_5_2_8.ttcn3:496 BSC_Port: RX: {"event": "MEAS_RES", "data": {"chan_nr": 65, "ncells": 0, "l3_data": ""}}
2026/Jun/29 05:46:41.304815 PORTEVENT TC_26_6_5_2_8.ttcn3:496 Message enqueued on BSC from system charstring : "{\"event\": \"MEAS_RES\", \"data\": {\"chan_nr\": 65, \"ncells\": 0, \"l3_data\": \"\"}}" id 61
2026/Jun/29 05:46:41.304854 PORTEVENT TC_26_6_5_2_8.ttcn3:497 Receive operation on port BSC succeeded, message from system(): charstring : "{\"event\": \"MEAS_RES\", \"data\": {\"chan_nr\": 65, \"ncells\": 0, \"l3_data\": \"\"}}" id 61
2026/Jun/29 05:46:41.304862 PORTEVENT TC_26_6_5_2_8.ttcn3:497 Message with id 61 was extracted from the queue of BSC.
2026/Jun/29 05:46:42.303154 USER TC_26_6_5_2_8.ttcn3:496 BSC_Port: RX: {"event": "MEAS_RES", "data": {"chan_nr": 65, "ncells": 0, "l3_data": ""}}
2026/Jun/29 05:46:42.303224 PORTEVENT TC_26_6_5_2_8.ttcn3:496 Message enqueued on BSC from system charstring : "{\"event\": \"MEAS_RES\", \"data\": {\"chan_nr\": 65, \"ncells\": 0, \"l3_data\": \"\"}}" id 62
2026/Jun/29 05:46:42.303250 PORTEVENT TC_26_6_5_2_8.ttcn3:497 Receive operation on port BSC succeeded, message from system(): charstring : "{\"event\": \"MEAS_RES\", \"data\": {\"chan_nr\": 65, \"ncells\": 0, \"l3_data\": \"\"}}" id 62
2026/Jun/29 05:46:42.303259 PORTEVENT TC_26_6_5_2_8.ttcn3:497 Message with id 62 was extracted from the queue of BSC.
2026/Jun/29 05:46:42.626061 USER TC_26_6_5_2_8.ttcn3:496 MSC_Port: RX: {"type": "HEARTBEAT"}
2026/Jun/29 05:46:42.626128 PORTEVENT TC_26_6_5_2_8.ttcn3:496 Message enqueued on MSC from system charstring : "{\"type\": \"HEARTBEAT\"}" id 16
2026/Jun/29 05:46:42.626149 PORTEVENT TC_26_6_5_2_8.ttcn3:521 Receive operation on port MSC succeeded, message from system(): charstring: "{\"type\": \"HEARTBEAT\"}" id 16
2026/Jun/29 05:46:42.626156 PORTEVENT TC_26_6_5_2_8.ttcn3:521 Message with id 16 was extracted from the queue of MSC.
2026/Jun/29 05:46:43.243196 USER TC_26_6_5_2_8.ttcn3:496 BSC_Port: RX: {"event": "MEAS_RES", "data": {"chan_nr": 65, "ncells": 0, "l3_data": ""}}
2026/Jun/29 05:46:43.243267 PORTEVENT TC_26_6_5_2_8.ttcn3:496 Message enqueued on BSC from system charstring : "{\"event\": \"MEAS_RES\", \"data\": {\"chan_nr\": 65, \"ncells\": 0, \"l3_data\": \"\"}}" id 63
2026/Jun/29 05:46:43.243292 PORTEVENT TC_26_6_5_2_8.ttcn3:497 Receive operation on port BSC succeeded, message from system(): charstring : "{\"event\": \"MEAS_RES\", \"data\": {\"chan_nr\": 65, \"ncells\": 0, \"l3_data\": \"\"}}" id 63
2026/Jun/29 05:46:43.243300 PORTEVENT TC_26_6_5_2_8.ttcn3:497 Message with id 63 was extracted from the queue of BSC.
2026/Jun/29 05:46:44.184397 USER TC_26_6_5_2_8.ttcn3:496 BSC_Port: RX: {"event": "MEAS_RES", "data": {"chan_nr": 65, "ncells": 0, "l3_data": ""}}
2026/Jun/29 05:46:44.184487 PORTEVENT TC_26_6_5_2_8.ttcn3:496 Message enqueued on BSC from system charstring : "{\"event\": \"MEAS_RES\", \"data\": {\"chan_nr\": 65, \"ncells\": 0, \"l3_data\": \"\"}}" id 64
2026/Jun/29 05:46:44.184513 PORTEVENT TC_26_6_5_2_8.ttcn3:497 Receive operation on port BSC succeeded, message from system(): charstring : "{\"event\": \"MEAS_RES\", \"data\": {\"chan_nr\": 65, \"ncells\": 0, \"l3_data\": \"\"}}" id 64
2026/Jun/29 05:46:44.184521 PORTEVENT TC_26_6_5_2_8.ttcn3:497 Message with id 64 was extracted from the queue of BSC.
2026/Jun/29 05:46:45.074948 USER TC_26_6_5_2_8.ttcn3:496 BSC_Port: RX: {"event": "MEAS_RES", "data": {"chan_nr": 65, "ncells": 0, "l3_data": ""}}
2026/Jun/29 05:46:45.075023 PORTEVENT TC_26_6_5_2_8.ttcn3:496 Message enqueued on BSC from system charstring : "{\"event\": \"MEAS_RES\", \"data\": {\"chan_nr\": 65, \"ncells\": 0, \"l3_data\": \"\"}}" id 65
2026/Jun/29 05:46:45.075047 PORTEVENT TC_26_6_5_2_8.ttcn3:497 Receive operation on port BSC succeeded, message from system(): charstring : "{\"event\": \"MEAS_RES\", \"data\": {\"chan_nr\": 65, \"ncells\": 0, \"l3_data\": \"\"}}" id 65
2026/Jun/29 05:46:45.075056 PORTEVENT TC_26_6_5_2_8.ttcn3:497 Message with id 65 was extracted from the queue of BSC.
2026/Jun/29 05:46:46.067119 USER TC_26_6_5_2_8.ttcn3:496 BSC_Port: RX: {"event": "MEAS_RES", "data": {"chan_nr": 65, "ncells": 0, "l3_data": ""}}
2026/Jun/29 05:46:46.067185 PORTEVENT TC_26_6_5_2_8.ttcn3:496 Message enqueued on BSC from system charstring : "{\"event\": \"MEAS_RES\", \"data\": {\"chan_nr\": 65, \"ncells\": 0, \"l3_data\": \"\"}}" id 66
2026/Jun/29 05:46:46.067209 PORTEVENT TC_26_6_5_2_8.ttcn3:497 Receive operation on port BSC succeeded, message from system(): charstring : "{\"event\": \"MEAS_RES\", \"data\": {\"chan_nr\": 65, \"ncells\": 0, \"l3_data\": \"\"}}" id 66
2026/Jun/29 05:46:46.067217 PORTEVENT TC_26_6_5_2_8.ttcn3:497 Message with id 66 was extracted from the queue of BSC.
2026/Jun/29 05:46:47.009080 USER TC_26_6_5_2_8.ttcn3:496 BSC_Port: RX: {"event": "MEAS_RES", "data": {"chan_nr": 65, "ncells": 0, "l3_data": ""}}
2026/Jun/29 05:46:47.009156 PORTEVENT TC_26_6_5_2_8.ttcn3:496 Message enqueued on BSC from system charstring : "{\"event\": \"MEAS_RES\", \"data\": {\"chan_nr\": 65, \"ncells\": 0, \"l3_data\": \"\"}}" id 67
2026/Jun/29 05:46:47.009183 PORTEVENT TC_26_6_5_2_8.ttcn3:497 Receive operation on port BSC succeeded, message from system(): charstring : "{\"event\": \"MEAS_RES\", \"data\": {\"chan_nr\": 65, \"ncells\": 0, \"l3_data\": \"\"}}" id 67
2026/Jun/29 05:46:47.009192 PORTEVENT TC_26_6_5_2_8.ttcn3:497 Message with id 67 was extracted from the queue of BSC.
2026/Jun/29 05:46:47.030880 USER TC_26_6_5_2_8.ttcn3:496 BSC_Port: RX: {"event": "RELEASE_IND", "data": {"chan_nr": 65}}
2026/Jun/29 05:46:47.030958 PORTEVENT TC_26_6_5_2_8.ttcn3:496 Message enqueued on BSC from system charstring : "{\"event\": \"RELEASE_IND\", \"data\": {\"chan_nr\": 65}}" id 68
2026/Jun/29 05:46:47.030982 PORTEVENT TC_26_6_5_2_8.ttcn3:497 Receive operation on port BSC succeeded, message from system(): charstring : "{\"event\": \"RELEASE_IND\", \"data\": {\"chan_nr\": 65}}" id 68
2026/Jun/29 05:46:47.030991 PORTEVENT TC_26_6_5_2_8.ttcn3:497 Message with id 68 was extracted from the queue of BSC.
2026/Jun/29 05:46:47.632037 USER TC_26_6_5_2_8.ttcn3:496 MSC_Port: RX: {"type": "HEARTBEAT"}
2026/Jun/29 05:46:47.632113 PORTEVENT TC_26_6_5_2_8.ttcn3:496 Message enqueued on MSC from system charstring : "{\"type\": \"HEARTBEAT\"}" id 17
2026/Jun/29 05:46:47.632138 PORTEVENT TC_26_6_5_2_8.ttcn3:521 Receive operation on port MSC succeeded, message from system(): charstring: "{\"type\": \"HEARTBEAT\"}" id 17
2026/Jun/29 05:46:47.632146 PORTEVENT TC_26_6_5_2_8.ttcn3:521 Message with id 17 was extracted from the queue of MSC.
2026/Jun/29 05:46:49.080051 USER TC_26_6_5_2_8.ttcn3:496 VTY_PT: Received data (buffered): 61 bytes
2026/Jun/29 05:46:51.847861 TIMEROP TC_26_6_5_2_8.ttcn3:528 Timeout T_setup1: 30 s
2026/Jun/29 05:46:51.848020 VERDICTOP TC_26_6_5_2_8.ttcn3:529 setverdict(fail): none -> fail reason: "No CC SETUP after CM SERVICE REQUEST", new component reason: "No CC SETUP after CM SERVICE REQUEST"
2026/Jun/29 05:46:51.848112 TIMEROP TC_26_6_5_2_8.ttcn3:530 Stop timer T_guard: 300 s
2026/Jun/29 05:46:51.848125 PARALLEL TC_26_6_5_2_8.ttcn3:531 Unmapping port mtc:BSC from system:BSC.
2026/Jun/29 05:46:51.848217 USER TC_26_6_5_2_8.ttcn3:531 BSC_Port: Unmapping
2026/Jun/29 05:46:51.848322 PORTEVENT TC_26_6_5_2_8.ttcn3:531 Port BSC was unmapped from system:BSC.
2026/Jun/29 05:46:51.848364 PARALLEL TC_26_6_5_2_8.ttcn3:531 Unmap operation of mtc:BSC from system:BSC finished.
2026/Jun/29 05:46:51.848374 PARALLEL TC_26_6_5_2_8.ttcn3:531 Unmapping port mtc:MSC from system:MSC.
2026/Jun/29 05:46:51.848392 USER TC_26_6_5_2_8.ttcn3:531 MSC_Port: Unmapping from MSC
2026/Jun/29 05:46:51.848456 PORTEVENT TC_26_6_5_2_8.ttcn3:531 Port MSC was unmapped from system:MSC.
2026/Jun/29 05:46:51.848476 PARALLEL TC_26_6_5_2_8.ttcn3:531 Unmap operation of mtc:MSC from system:MSC finished.
2026/Jun/29 05:46:51.848481 PARALLEL TC_26_6_5_2_8.ttcn3:532 Unmapping port mtc:L from system:L.
2026/Jun/29 05:46:51.848498 USER TC_26_6_5_2_8.ttcn3:532 L3_Port: Unmapping from L
2026/Jun/29 05:46:51.848523 PORTEVENT TC_26_6_5_2_8.ttcn3:532 Port L was unmapped from system:L.
2026/Jun/29 05:46:51.848545 PARALLEL TC_26_6_5_2_8.ttcn3:532 Unmap operation of mtc:L from system:L finished.
2026/Jun/29 05:46:51.848550 PARALLEL TC_26_6_5_2_8.ttcn3:532 Unmapping port mtc:VTY from system:VTY.
2026/Jun/29 05:46:51.848564 USER TC_26_6_5_2_8.ttcn3:532 VTY_PT: Unmapping port from VTY interface
2026/Jun/29 05:46:51.848626 USER TC_26_6_5_2_8.ttcn3:532 VTY_PT: Disconnected from VTY
2026/Jun/29 05:46:51.848647 PORTEVENT TC_26_6_5_2_8.ttcn3:532 Port VTY was unmapped from system:VTY.
2026/Jun/29 05:46:51.848663 PARALLEL TC_26_6_5_2_8.ttcn3:532 Unmap operation of mtc:VTY from system:VTY finished.
2026/Jun/29 05:46:51.848677 PARALLEL TC_26_6_5_2_8.ttcn3:533 Stopping test component execution.
2026/Jun/29 05:46:51.848858 FUNCTION TC_26_6_5_2_8.ttcn3:533 Test case TC_26_6_5_2_8 was stopped.
2026/Jun/29 05:46:51.848884 PARALLEL TC_26_6_5_2_8.ttcn3:533 Terminating component type GSM_Component_Definitions.GSM_CT.
2026/Jun/29 05:46:51.848905 USER TC_26_6_5_2_8.ttcn3:533 L3_Port: user_stop called
2026/Jun/29 05:46:51.848914 PORTEVENT TC_26_6_5_2_8.ttcn3:533 Message with id 4 was extracted from the queue of L.
2026/Jun/29 05:46:51.848922 PORTEVENT TC_26_6_5_2_8.ttcn3:533 Message with id 5 was extracted from the queue of L.
2026/Jun/29 05:46:51.848925 PORTEVENT TC_26_6_5_2_8.ttcn3:533 Message with id 6 was extracted from the queue of L.
2026/Jun/29 05:46:51.848927 PORTEVENT TC_26_6_5_2_8.ttcn3:533 Message with id 7 was extracted from the queue of L.
2026/Jun/29 05:46:51.848930 PORTEVENT TC_26_6_5_2_8.ttcn3:533 Message with id 8 was extracted from the queue of L.
2026/Jun/29 05:46:51.848933 PORTEVENT TC_26_6_5_2_8.ttcn3:533 Message with id 9 was extracted from the queue of L.
2026/Jun/29 05:46:51.848936 PORTEVENT TC_26_6_5_2_8.ttcn3:533 Message with id 10 was extracted from the queue of L.
2026/Jun/29 05:46:51.848939 PORTEVENT TC_26_6_5_2_8.ttcn3:533 Message with id 11 was extracted from the queue of L.
2026/Jun/29 05:46:51.848942 PORTEVENT TC_26_6_5_2_8.ttcn3:533 Message with id 12 was extracted from the queue of L.
2026/Jun/29 05:46:51.848944 PORTEVENT TC_26_6_5_2_8.ttcn3:533 Message with id 13 was extracted from the queue of L.
2026/Jun/29 05:46:51.848947 PORTEVENT TC_26_6_5_2_8.ttcn3:533 Message with id 14 was extracted from the queue of L.
2026/Jun/29 05:46:51.848950 PORTEVENT TC_26_6_5_2_8.ttcn3:533 Message with id 15 was extracted from the queue of L.
2026/Jun/29 05:46:51.848953 PORTEVENT TC_26_6_5_2_8.ttcn3:533 Message with id 16 was extracted from the queue of L.
2026/Jun/29 05:46:51.848956 PORTEVENT TC_26_6_5_2_8.ttcn3:533 Message with id 17 was extracted from the queue of L.
2026/Jun/29 05:46:51.848958 PORTEVENT TC_26_6_5_2_8.ttcn3:533 Message with id 18 was extracted from the queue of L.
2026/Jun/29 05:46:51.848966 PORTEVENT TC_26_6_5_2_8.ttcn3:533 Message with id 19 was extracted from the queue of L.
2026/Jun/29 05:46:51.848969 PORTEVENT TC_26_6_5_2_8.ttcn3:533 Message with id 20 was extracted from the queue of L.
2026/Jun/29 05:46:51.848972 PORTEVENT TC_26_6_5_2_8.ttcn3:533 Message with id 21 was extracted from the queue of L.
2026/Jun/29 05:46:51.848974 PORTEVENT TC_26_6_5_2_8.ttcn3:533 Message with id 22 was extracted from the queue of L.
2026/Jun/29 05:46:51.848977 PORTEVENT TC_26_6_5_2_8.ttcn3:533 Message with id 23 was extracted from the queue of L.
2026/Jun/29 05:46:51.848980 PORTEVENT TC_26_6_5_2_8.ttcn3:533 Message with id 24 was extracted from the queue of L.
2026/Jun/29 05:46:51.848983 PORTEVENT TC_26_6_5_2_8.ttcn3:533 Message with id 25 was extracted from the queue of L.
2026/Jun/29 05:46:51.848985 PORTEVENT TC_26_6_5_2_8.ttcn3:533 Message with id 26 was extracted from the queue of L.
2026/Jun/29 05:46:51.848988 PORTEVENT TC_26_6_5_2_8.ttcn3:533 Message with id 27 was extracted from the queue of L.
2026/Jun/29 05:46:51.848991 PORTEVENT TC_26_6_5_2_8.ttcn3:533 Message with id 28 was extracted from the queue of L.
2026/Jun/29 05:46:51.848993 PORTEVENT TC_26_6_5_2_8.ttcn3:533 Message with id 29 was extracted from the queue of L.
2026/Jun/29 05:46:51.848996 PORTEVENT TC_26_6_5_2_8.ttcn3:533 Message with id 30 was extracted from the queue of L.
2026/Jun/29 05:46:51.848999 PORTEVENT TC_26_6_5_2_8.ttcn3:533 Message with id 31 was extracted from the queue of L.
2026/Jun/29 05:46:51.849002 PORTEVENT TC_26_6_5_2_8.ttcn3:533 Message with id 32 was extracted from the queue of L.
2026/Jun/29 05:46:51.849004 PORTEVENT TC_26_6_5_2_8.ttcn3:533 Message with id 33 was extracted from the queue of L.
2026/Jun/29 05:46:51.849007 PORTEVENT TC_26_6_5_2_8.ttcn3:533 Message with id 34 was extracted from the queue of L.
2026/Jun/29 05:46:51.849010 PORTEVENT TC_26_6_5_2_8.ttcn3:533 Message with id 35 was extracted from the queue of L.
2026/Jun/29 05:46:51.849013 PORTEVENT TC_26_6_5_2_8.ttcn3:533 Message with id 36 was extracted from the queue of L.
2026/Jun/29 05:46:51.849016 PORTEVENT TC_26_6_5_2_8.ttcn3:533 Message with id 37 was extracted from the queue of L.
2026/Jun/29 05:46:51.849018 PORTEVENT TC_26_6_5_2_8.ttcn3:533 Message with id 38 was extracted from the queue of L.
2026/Jun/29 05:46:51.849021 PORTEVENT TC_26_6_5_2_8.ttcn3:533 Message with id 39 was extracted from the queue of L.
2026/Jun/29 05:46:51.849024 PORTEVENT TC_26_6_5_2_8.ttcn3:533 Message with id 40 was extracted from the queue of L.
2026/Jun/29 05:46:51.849026 PORTEVENT TC_26_6_5_2_8.ttcn3:533 Message with id 41 was extracted from the queue of L.
2026/Jun/29 05:46:51.849029 PORTEVENT TC_26_6_5_2_8.ttcn3:533 Message with id 42 was extracted from the queue of L.
2026/Jun/29 05:46:51.849032 PORTEVENT TC_26_6_5_2_8.ttcn3:533 Message with id 43 was extracted from the queue of L.
2026/Jun/29 05:46:51.849035 PORTEVENT TC_26_6_5_2_8.ttcn3:533 Port L was stopped.
2026/Jun/29 05:46:51.849050 PORTEVENT TC_26_6_5_2_8.ttcn3:533 Port RR was stopped.
2026/Jun/29 05:46:51.849054 PORTEVENT TC_26_6_5_2_8.ttcn3:533 Port MM was stopped.
2026/Jun/29 05:46:51.849061 PORTEVENT TC_26_6_5_2_8.ttcn3:533 Port CC was stopped.
2026/Jun/29 05:46:51.849064 USER TC_26_6_5_2_8.ttcn3:533 MSC_Port: user_stop called
2026/Jun/29 05:46:51.849068 PORTEVENT TC_26_6_5_2_8.ttcn3:533 Port MSC was stopped.
2026/Jun/29 05:46:51.849073 USER TC_26_6_5_2_8.ttcn3:533 BSC_Port: user_stop called
2026/Jun/29 05:46:51.849076 PORTEVENT TC_26_6_5_2_8.ttcn3:533 Port BSC was stopped.
2026/Jun/29 05:46:51.849079 PORTEVENT TC_26_6_5_2_8.ttcn3:533 Port RSL was stopped.
2026/Jun/29 05:46:51.849082 USER TC_26_6_5_2_8.ttcn3:533 VTY_PT: Stopping
2026/Jun/29 05:46:51.849089 PORTEVENT TC_26_6_5_2_8.ttcn3:533 Message with id 1 was extracted from the queue of VTY.
2026/Jun/29 05:46:51.849092 PORTEVENT TC_26_6_5_2_8.ttcn3:533 Message with id 2 was extracted from the queue of VTY.
2026/Jun/29 05:46:51.849094 PORTEVENT TC_26_6_5_2_8.ttcn3:533 Message with id 3 was extracted from the queue of VTY.
2026/Jun/29 05:46:51.849100 PORTEVENT TC_26_6_5_2_8.ttcn3:533 Port VTY was stopped.
2026/Jun/29 05:46:51.849104 PORTEVENT TC_26_6_5_2_8.ttcn3:533 Port COORD was stopped.
2026/Jun/29 05:46:51.849107 PARALLEL TC_26_6_5_2_8.ttcn3:533 Component type GSM_Component_Definitions.GSM_CT was shut down inside testcase TC_26_6_5_2_8.
2026/Jun/29 05:46:51.849112 EXECUTOR TC_26_6_5_2_8.ttcn3:533 Waiting for PTCs to finish.
2026/Jun/29 05:46:51.849166 VERDICTOP TC_26_6_5_2_8.ttcn3:533 Setting final verdict of the test case.
2026/Jun/29 05:46:51.849216 VERDICTOP TC_26_6_5_2_8.ttcn3:533 Local verdict of MTC: fail reason: "No CC SETUP after CM SERVICE REQUEST"
2026/Jun/29 05:46:51.849247 VERDICTOP TC_26_6_5_2_8.ttcn3:533 No PTCs were created.
2026/Jun/29 05:46:51.849267 TESTCASE TC_26_6_5_2_8.ttcn3:533 Test case TC_26_6_5_2_8 finished. Verdict: fail reason: No CC SETUP after CM SERVICE REQUEST
2026/Jun/29 05:46:51.849352 STATISTICS - Verdict statistics: 0 none (0.00 %), 0 pass (0.00 %), 0 inconc (0.00 %), 1 fail (100.00 %), 0 error (0.00 %).
2026/Jun/29 05:46:51.849398 STATISTICS - Test execution summary: 1 test case was executed. Overall verdict: fail
2026/Jun/29 05:46:51.849400 EXECUTOR - Exit was requested from MC. Terminating MTC.
======================================================
TEST RESULT: FAIL
