unix_ts,namespace,pod,cpu_m,mem_mib
1782485053,gsm-32,msc-test-stub-5b875d749d-6wxxk,1,16
1782485053,gsm-32,osmo-bsc-594654bd47-wx5fv,7,5
1782485053,gsm-32,osmo-bts-virtual-5f8b9b86fc-gkt55,19,5
1782485053,gsm-32,osmo-hlr-546bdb8988-s4bbk,5,2
1782485053,gsm-32,osmo-mgw-8c8fc67d6-c2jgx,1,2
1782485053,gsm-32,osmo-mobile-567ccbf999-c957g,4,36
1782485053,gsm-32,osmo-stp-768687f494-l699b,1,2
1782485053,gsm-32,virtphy-6d5bdd8c84-wt4jd,6,1
1782485057,gsm-32,msc-test-stub-5b875d749d-6wxxk,1,16
1782485057,gsm-32,osmo-bsc-594654bd47-wx5fv,7,5
1782485057,gsm-32,osmo-bts-virtual-5f8b9b86fc-gkt55,19,5
1782485057,gsm-32,osmo-hlr-546bdb8988-s4bbk,5,2
1782485057,gsm-32,osmo-mgw-8c8fc67d6-c2jgx,1,2
1782485057,gsm-32,osmo-mobile-567ccbf999-c957g,4,36
1782485057,gsm-32,osmo-stp-768687f494-l699b,1,2
1782485057,gsm-32,virtphy-6d5bdd8c84-wt4jd,6,1
1782485060,gsm-32,msc-test-stub-5b875d749d-6wxxk,1,16
1782485060,gsm-32,osmo-bsc-594654bd47-wx5fv,7,5
1782485060,gsm-32,osmo-bts-virtual-5f8b9b86fc-gkt55,19,5
1782485060,gsm-32,osmo-hlr-546bdb8988-s4bbk,5,2
1782485060,gsm-32,osmo-mgw-8c8fc67d6-c2jgx,1,2
1782485060,gsm-32,osmo-mobile-567ccbf999-c957g,4,36
1782485060,gsm-32,osmo-stp-768687f494-l699b,1,2
1782485060,gsm-32,virtphy-6d5bdd8c84-wt4jd,6,1
1782485063,gsm-32,msc-test-stub-5b875d749d-6wxxk,1,16
1782485063,gsm-32,osmo-bsc-594654bd47-wx5fv,7,5
1782485063,gsm-32,osmo-bts-virtual-5f8b9b86fc-gkt55,19,5
1782485063,gsm-32,osmo-hlr-546bdb8988-s4bbk,5,2
1782485063,gsm-32,osmo-mgw-8c8fc67d6-c2jgx,1,2
1782485063,gsm-32,osmo-mobile-567ccbf999-c957g,4,36
1782485063,gsm-32,osmo-stp-768687f494-l699b,1,2
1782485063,gsm-32,virtphy-6d5bdd8c84-wt4jd,6,1
1782485066,gsm-32,msc-test-stub-5b875d749d-6wxxk,1,16
1782485066,gsm-32,osmo-bsc-594654bd47-wx5fv,7,5
1782485066,gsm-32,osmo-bts-virtual-5f8b9b86fc-gkt55,19,5
1782485066,gsm-32,osmo-hlr-546bdb8988-s4bbk,5,2
1782485066,gsm-32,osmo-mgw-8c8fc67d6-c2jgx,1,2
1782485066,gsm-32,osmo-mobile-567ccbf999-c957g,4,36
1782485066,gsm-32,osmo-stp-768687f494-l699b,1,2
1782485066,gsm-32,virtphy-6d5bdd8c84-wt4jd,6,1
1782485069,gsm-32,msc-test-stub-5b875d749d-6wxxk,1,16
1782485069,gsm-32,osmo-bsc-594654bd47-wx5fv,1,5
1782485069,gsm-32,osmo-bts-virtual-5f8b9b86fc-gkt55,28,5
1782485069,gsm-32,osmo-hlr-546bdb8988-s4bbk,1,2
1782485069,gsm-32,osmo-mgw-8c8fc67d6-c2jgx,1,2
1782485069,gsm-32,osmo-mobile-567ccbf999-c957g,4,36
1782485069,gsm-32,osmo-stp-768687f494-l699b,1,2
1782485069,gsm-32,virtphy-6d5bdd8c84-wt4jd,7,1
1782485071,gsm-32,msc-test-stub-5b875d749d-6wxxk,1,16
1782485071,gsm-32,osmo-bsc-594654bd47-wx5fv,1,5
1782485071,gsm-32,osmo-bts-virtual-5f8b9b86fc-gkt55,28,5
1782485071,gsm-32,osmo-hlr-546bdb8988-s4bbk,1,2
1782485071,gsm-32,osmo-mgw-8c8fc67d6-c2jgx,1,2
1782485071,gsm-32,osmo-mobile-567ccbf999-c957g,4,36
1782485071,gsm-32,osmo-stp-768687f494-l699b,1,2
1782485071,gsm-32,virtphy-6d5bdd8c84-wt4jd,7,1
1782485076,gsm-32,msc-test-stub-5b875d749d-6wxxk,1,16
1782485076,gsm-32,osmo-bsc-594654bd47-wx5fv,1,5
1782485076,gsm-32,osmo-bts-virtual-5f8b9b86fc-gkt55,28,5
1782485076,gsm-32,osmo-hlr-546bdb8988-s4bbk,1,2
1782485076,gsm-32,osmo-mgw-8c8fc67d6-c2jgx,1,2
1782485076,gsm-32,osmo-mobile-567ccbf999-c957g,4,36
1782485076,gsm-32,osmo-stp-768687f494-l699b,1,2
1782485076,gsm-32,virtphy-6d5bdd8c84-wt4jd,7,1
1782485079,gsm-32,msc-test-stub-5b875d749d-6wxxk,1,16
1782485079,gsm-32,osmo-bsc-594654bd47-wx5fv,1,5
1782485079,gsm-32,osmo-bts-virtual-5f8b9b86fc-gkt55,28,5
1782485079,gsm-32,osmo-hlr-546bdb8988-s4bbk,1,2
1782485079,gsm-32,osmo-mgw-8c8fc67d6-c2jgx,1,2
1782485079,gsm-32,osmo-mobile-567ccbf999-c957g,4,36
1782485079,gsm-32,osmo-stp-768687f494-l699b,1,2
1782485079,gsm-32,virtphy-6d5bdd8c84-wt4jd,7,1
1782485081,gsm-32,msc-test-stub-5b875d749d-6wxxk,1,16
1782485081,gsm-32,osmo-bsc-594654bd47-wx5fv,1,5
1782485081,gsm-32,osmo-bts-virtual-5f8b9b86fc-gkt55,28,5
1782485081,gsm-32,osmo-hlr-546bdb8988-s4bbk,1,2
1782485081,gsm-32,osmo-mgw-8c8fc67d6-c2jgx,1,2
1782485081,gsm-32,osmo-mobile-567ccbf999-c957g,4,36
1782485081,gsm-32,osmo-stp-768687f494-l699b,1,2
1782485081,gsm-32,virtphy-6d5bdd8c84-wt4jd,7,1
1782485084,gsm-32,msc-test-stub-5b875d749d-6wxxk,4,16
1782485084,gsm-32,osmo-bsc-594654bd47-wx5fv,1,5
1782485084,gsm-32,osmo-bts-virtual-5f8b9b86fc-gkt55,23,5
1782485084,gsm-32,osmo-hlr-546bdb8988-s4bbk,1,2
1782485084,gsm-32,osmo-mgw-8c8fc67d6-c2jgx,1,2
1782485084,gsm-32,osmo-mobile-567ccbf999-c957g,3,36
1782485084,gsm-32,osmo-stp-768687f494-l699b,1,2
1782485084,gsm-32,ttcn3-tc-26-7-4-2-1-1-7cl96,11,6
1782485084,gsm-32,virtphy-6d5bdd8c84-wt4jd,6,1
1782485086,gsm-32,msc-test-stub-5b875d749d-6wxxk,4,16
1782485086,gsm-32,osmo-bsc-594654bd47-wx5fv,1,5
1782485086,gsm-32,osmo-bts-virtual-5f8b9b86fc-gkt55,23,5
1782485086,gsm-32,osmo-hlr-546bdb8988-s4bbk,1,2
1782485086,gsm-32,osmo-mgw-8c8fc67d6-c2jgx,1,2
1782485086,gsm-32,osmo-mobile-567ccbf999-c957g,3,36
1782485086,gsm-32,osmo-stp-768687f494-l699b,1,2
1782485086,gsm-32,ttcn3-tc-26-7-4-2-1-1-7cl96,11,6
1782485086,gsm-32,virtphy-6d5bdd8c84-wt4jd,6,1
1782485088,gsm-32,msc-test-stub-5b875d749d-6wxxk,4,16
1782485088,gsm-32,osmo-bsc-594654bd47-wx5fv,1,5
1782485088,gsm-32,osmo-bts-virtual-5f8b9b86fc-gkt55,23,5
1782485088,gsm-32,osmo-hlr-546bdb8988-s4bbk,1,2
1782485088,gsm-32,osmo-mgw-8c8fc67d6-c2jgx,1,2
1782485088,gsm-32,osmo-mobile-567ccbf999-c957g,3,36
1782485088,gsm-32,osmo-stp-768687f494-l699b,1,2
1782485088,gsm-32,ttcn3-tc-26-7-4-2-1-1-7cl96,11,6
1782485088,gsm-32,virtphy-6d5bdd8c84-wt4jd,6,1
1782485091,gsm-32,msc-test-stub-5b875d749d-6wxxk,4,16
1782485091,gsm-32,osmo-bsc-594654bd47-wx5fv,1,5
1782485091,gsm-32,osmo-bts-virtual-5f8b9b86fc-gkt55,23,5
1782485091,gsm-32,osmo-hlr-546bdb8988-s4bbk,1,2
1782485091,gsm-32,osmo-mgw-8c8fc67d6-c2jgx,1,2
1782485091,gsm-32,osmo-mobile-567ccbf999-c957g,3,36
1782485091,gsm-32,osmo-stp-768687f494-l699b,1,2
1782485091,gsm-32,ttcn3-tc-26-7-4-2-1-1-7cl96,11,6
1782485091,gsm-32,virtphy-6d5bdd8c84-wt4jd,6,1
1782485093,gsm-32,msc-test-stub-5b875d749d-6wxxk,4,16
1782485093,gsm-32,osmo-bsc-594654bd47-wx5fv,1,5
1782485093,gsm-32,osmo-bts-virtual-5f8b9b86fc-gkt55,23,5
1782485093,gsm-32,osmo-hlr-546bdb8988-s4bbk,1,2
1782485093,gsm-32,osmo-mgw-8c8fc67d6-c2jgx,1,2
1782485093,gsm-32,osmo-mobile-567ccbf999-c957g,3,36
1782485093,gsm-32,osmo-stp-768687f494-l699b,1,2
1782485093,gsm-32,ttcn3-tc-26-7-4-2-1-1-7cl96,11,6
1782485093,gsm-32,virtphy-6d5bdd8c84-wt4jd,6,1
1782485095,gsm-32,msc-test-stub-5b875d749d-6wxxk,4,16
1782485095,gsm-32,osmo-bsc-594654bd47-wx5fv,1,5
1782485095,gsm-32,osmo-bts-virtual-5f8b9b86fc-gkt55,23,5
1782485095,gsm-32,osmo-hlr-546bdb8988-s4bbk,1,2
1782485095,gsm-32,osmo-mgw-8c8fc67d6-c2jgx,1,2
1782485095,gsm-32,osmo-mobile-567ccbf999-c957g,3,36
1782485095,gsm-32,osmo-stp-768687f494-l699b,1,2
1782485095,gsm-32,ttcn3-tc-26-7-4-2-1-1-7cl96,11,6
1782485095,gsm-32,virtphy-6d5bdd8c84-wt4jd,6,1
1782485098,gsm-32,msc-test-stub-5b875d749d-6wxxk,1,16
1782485098,gsm-32,osmo-bsc-594654bd47-wx5fv,1,5
1782485098,gsm-32,osmo-bts-virtual-5f8b9b86fc-gkt55,27,5
1782485098,gsm-32,osmo-hlr-546bdb8988-s4bbk,1,2
1782485098,gsm-32,osmo-mgw-8c8fc67d6-c2jgx,1,2
1782485098,gsm-32,osmo-mobile-567ccbf999-c957g,3,36
1782485098,gsm-32,osmo-stp-768687f494-l699b,1,2
1782485098,gsm-32,ttcn3-tc-26-7-4-2-1-1-7cl96,1,6
1782485098,gsm-32,virtphy-6d5bdd8c84-wt4jd,7,1
1782485100,gsm-32,msc-test-stub-5b875d749d-6wxxk,1,16
1782485100,gsm-32,osmo-bsc-594654bd47-wx5fv,1,5
1782485100,gsm-32,osmo-bts-virtual-5f8b9b86fc-gkt55,27,5
1782485100,gsm-32,osmo-hlr-546bdb8988-s4bbk,1,2
1782485100,gsm-32,osmo-mgw-8c8fc67d6-c2jgx,1,2
1782485100,gsm-32,osmo-mobile-567ccbf999-c957g,3,36
1782485100,gsm-32,osmo-stp-768687f494-l699b,1,2
1782485100,gsm-32,ttcn3-tc-26-7-4-2-1-1-7cl96,1,6
1782485100,gsm-32,virtphy-6d5bdd8c84-wt4jd,7,1
1782485102,gsm-32,msc-test-stub-5b875d749d-6wxxk,1,16
1782485102,gsm-32,osmo-bsc-594654bd47-wx5fv,1,5
1782485102,gsm-32,osmo-bts-virtual-5f8b9b86fc-gkt55,27,5
1782485102,gsm-32,osmo-hlr-546bdb8988-s4bbk,1,2
1782485102,gsm-32,osmo-mgw-8c8fc67d6-c2jgx,1,2
1782485102,gsm-32,osmo-mobile-567ccbf999-c957g,3,36
1782485102,gsm-32,osmo-stp-768687f494-l699b,1,2
1782485102,gsm-32,ttcn3-tc-26-7-4-2-1-1-7cl96,1,6
1782485102,gsm-32,virtphy-6d5bdd8c84-wt4jd,7,1
1782485105,gsm-32,msc-test-stub-5b875d749d-6wxxk,1,16
1782485105,gsm-32,osmo-bsc-594654bd47-wx5fv,1,5
1782485105,gsm-32,osmo-bts-virtual-5f8b9b86fc-gkt55,27,5
1782485105,gsm-32,osmo-hlr-546bdb8988-s4bbk,1,2
1782485105,gsm-32,osmo-mgw-8c8fc67d6-c2jgx,1,2
1782485105,gsm-32,osmo-mobile-567ccbf999-c957g,3,36
1782485105,gsm-32,osmo-stp-768687f494-l699b,1,2
1782485105,gsm-32,ttcn3-tc-26-7-4-2-1-1-7cl96,1,6
1782485105,gsm-32,virtphy-6d5bdd8c84-wt4jd,7,1
1782485107,gsm-32,msc-test-stub-5b875d749d-6wxxk,1,16
1782485107,gsm-32,osmo-bsc-594654bd47-wx5fv,1,5
1782485107,gsm-32,osmo-bts-virtual-5f8b9b86fc-gkt55,27,5
1782485107,gsm-32,osmo-hlr-546bdb8988-s4bbk,1,2
1782485107,gsm-32,osmo-mgw-8c8fc67d6-c2jgx,1,2
1782485107,gsm-32,osmo-mobile-567ccbf999-c957g,3,36
1782485107,gsm-32,osmo-stp-768687f494-l699b,1,2
1782485107,gsm-32,ttcn3-tc-26-7-4-2-1-1-7cl96,1,6
1782485107,gsm-32,virtphy-6d5bdd8c84-wt4jd,7,1
1782485110,gsm-32,msc-test-stub-5b875d749d-6wxxk,1,16
1782485110,gsm-32,osmo-bsc-594654bd47-wx5fv,1,5
1782485110,gsm-32,osmo-bts-virtual-5f8b9b86fc-gkt55,27,5
1782485110,gsm-32,osmo-hlr-546bdb8988-s4bbk,1,2
1782485110,gsm-32,osmo-mgw-8c8fc67d6-c2jgx,1,2
1782485110,gsm-32,osmo-mobile-567ccbf999-c957g,3,36
1782485110,gsm-32,osmo-stp-768687f494-l699b,1,2
1782485110,gsm-32,ttcn3-tc-26-7-4-2-1-1-7cl96,1,6
1782485110,gsm-32,virtphy-6d5bdd8c84-wt4jd,7,1
1782485113,gsm-32,msc-test-stub-5b875d749d-6wxxk,1,16
1782485113,gsm-32,osmo-bsc-594654bd47-wx5fv,1,5
1782485113,gsm-32,osmo-bts-virtual-5f8b9b86fc-gkt55,24,5
1782485113,gsm-32,osmo-hlr-546bdb8988-s4bbk,1,2
1782485113,gsm-32,osmo-mgw-8c8fc67d6-c2jgx,1,2
1782485113,gsm-32,osmo-mobile-567ccbf999-c957g,3,36
1782485113,gsm-32,osmo-stp-768687f494-l699b,1,2
1782485113,gsm-32,ttcn3-tc-26-7-4-2-1-1-7cl96,1,6
1782485113,gsm-32,virtphy-6d5bdd8c84-wt4jd,7,1
1782485115,gsm-32,msc-test-stub-5b875d749d-6wxxk,1,16
1782485115,gsm-32,osmo-bsc-594654bd47-wx5fv,1,5
1782485115,gsm-32,osmo-bts-virtual-5f8b9b86fc-gkt55,24,5
1782485115,gsm-32,osmo-hlr-546bdb8988-s4bbk,1,2
1782485115,gsm-32,osmo-mgw-8c8fc67d6-c2jgx,1,2
1782485115,gsm-32,osmo-mobile-567ccbf999-c957g,3,36
1782485115,gsm-32,osmo-stp-768687f494-l699b,1,2
1782485115,gsm-32,ttcn3-tc-26-7-4-2-1-1-7cl96,1,6
1782485115,gsm-32,virtphy-6d5bdd8c84-wt4jd,7,1
1782485118,gsm-32,msc-test-stub-5b875d749d-6wxxk,1,16
1782485118,gsm-32,osmo-bsc-594654bd47-wx5fv,1,5
1782485118,gsm-32,osmo-bts-virtual-5f8b9b86fc-gkt55,24,5
1782485118,gsm-32,osmo-hlr-546bdb8988-s4bbk,1,2
1782485118,gsm-32,osmo-mgw-8c8fc67d6-c2jgx,1,2
1782485118,gsm-32,osmo-mobile-567ccbf999-c957g,3,36
1782485118,gsm-32,osmo-stp-768687f494-l699b,1,2
1782485118,gsm-32,ttcn3-tc-26-7-4-2-1-1-7cl96,1,6
1782485118,gsm-32,virtphy-6d5bdd8c84-wt4jd,7,1
1782485124,gsm-32,msc-test-stub-5b875d749d-6wxxk,1,16
1782485124,gsm-32,osmo-bsc-594654bd47-wx5fv,1,5
1782485124,gsm-32,osmo-bts-virtual-5f8b9b86fc-gkt55,24,5
1782485124,gsm-32,osmo-hlr-546bdb8988-s4bbk,1,2
1782485124,gsm-32,osmo-mgw-8c8fc67d6-c2jgx,1,2
1782485124,gsm-32,osmo-mobile-567ccbf999-c957g,3,36
1782485124,gsm-32,osmo-stp-768687f494-l699b,1,2
1782485124,gsm-32,ttcn3-tc-26-7-4-2-1-1-7cl96,1,6
1782485124,gsm-32,virtphy-6d5bdd8c84-wt4jd,7,1
1782485127,gsm-32,msc-test-stub-5b875d749d-6wxxk,1,16
1782485127,gsm-32,osmo-bsc-594654bd47-wx5fv,1,5
1782485127,gsm-32,osmo-bts-virtual-5f8b9b86fc-gkt55,24,5
1782485127,gsm-32,osmo-hlr-546bdb8988-s4bbk,1,2
1782485127,gsm-32,osmo-mgw-8c8fc67d6-c2jgx,1,2
1782485127,gsm-32,osmo-mobile-567ccbf999-c957g,3,36
1782485127,gsm-32,osmo-stp-768687f494-l699b,1,2
1782485127,gsm-32,ttcn3-tc-26-7-4-2-1-1-7cl96,1,6
1782485127,gsm-32,virtphy-6d5bdd8c84-wt4jd,7,1
1782485131,gsm-32,msc-test-stub-5b875d749d-6wxxk,1,16
1782485131,gsm-32,osmo-bsc-594654bd47-wx5fv,1,5
1782485131,gsm-32,osmo-bts-virtual-5f8b9b86fc-gkt55,24,5
1782485131,gsm-32,osmo-hlr-546bdb8988-s4bbk,1,2
1782485131,gsm-32,osmo-mgw-8c8fc67d6-c2jgx,1,2
1782485131,gsm-32,osmo-mobile-567ccbf999-c957g,3,36
1782485131,gsm-32,osmo-stp-768687f494-l699b,1,2
1782485131,gsm-32,ttcn3-tc-26-7-4-2-1-1-7cl96,1,6
1782485131,gsm-32,virtphy-6d5bdd8c84-wt4jd,7,4
1782485134,gsm-32,msc-test-stub-5b875d749d-6wxxk,1,16
1782485134,gsm-32,osmo-bsc-594654bd47-wx5fv,1,5
1782485134,gsm-32,osmo-bts-virtual-5f8b9b86fc-gkt55,24,5
1782485134,gsm-32,osmo-hlr-546bdb8988-s4bbk,1,2
1782485134,gsm-32,osmo-mgw-8c8fc67d6-c2jgx,1,2
1782485134,gsm-32,osmo-mobile-567ccbf999-c957g,3,36
1782485134,gsm-32,osmo-stp-768687f494-l699b,1,2
1782485134,gsm-32,ttcn3-tc-26-7-4-2-1-1-7cl96,1,6
1782485134,gsm-32,virtphy-6d5bdd8c84-wt4jd,7,4
1782485137,gsm-32,msc-test-stub-5b875d749d-6wxxk,1,16
1782485137,gsm-32,osmo-bsc-594654bd47-wx5fv,1,5
1782485137,gsm-32,osmo-bts-virtual-5f8b9b86fc-gkt55,24,5
1782485137,gsm-32,osmo-hlr-546bdb8988-s4bbk,1,2
1782485137,gsm-32,osmo-mgw-8c8fc67d6-c2jgx,1,2
1782485137,gsm-32,osmo-mobile-567ccbf999-c957g,3,36
1782485137,gsm-32,osmo-stp-768687f494-l699b,1,2
1782485137,gsm-32,ttcn3-tc-26-7-4-2-1-1-7cl96,1,6
1782485137,gsm-32,virtphy-6d5bdd8c84-wt4jd,7,4
1782485140,gsm-32,msc-test-stub-5b875d749d-6wxxk,1,16
1782485140,gsm-32,osmo-bsc-594654bd47-wx5fv,1,5
1782485140,gsm-32,osmo-bts-virtual-5f8b9b86fc-gkt55,24,5
1782485140,gsm-32,osmo-hlr-546bdb8988-s4bbk,1,2
1782485140,gsm-32,osmo-mgw-8c8fc67d6-c2jgx,1,2
1782485140,gsm-32,osmo-mobile-567ccbf999-c957g,3,36
1782485140,gsm-32,osmo-stp-768687f494-l699b,1,2
1782485140,gsm-32,ttcn3-tc-26-7-4-2-1-1-7cl96,1,6
1782485140,gsm-32,virtphy-6d5bdd8c84-wt4jd,7,4
1782485142,gsm-32,msc-test-stub-5b875d749d-6wxxk,1,16
1782485142,gsm-32,osmo-bsc-594654bd47-wx5fv,1,5
1782485142,gsm-32,osmo-bts-virtual-5f8b9b86fc-gkt55,24,5
1782485142,gsm-32,osmo-hlr-546bdb8988-s4bbk,1,2
1782485142,gsm-32,osmo-mgw-8c8fc67d6-c2jgx,1,2
1782485142,gsm-32,osmo-mobile-567ccbf999-c957g,3,36
1782485142,gsm-32,osmo-stp-768687f494-l699b,1,2
1782485142,gsm-32,ttcn3-tc-26-7-4-2-1-1-7cl96,1,6
1782485142,gsm-32,virtphy-6d5bdd8c84-wt4jd,7,4
1782485144,gsm-32,msc-test-stub-5b875d749d-6wxxk,1,16
1782485144,gsm-32,osmo-bsc-594654bd47-wx5fv,1,5
1782485144,gsm-32,osmo-bts-virtual-5f8b9b86fc-gkt55,25,5
1782485144,gsm-32,osmo-hlr-546bdb8988-s4bbk,1,2
1782485144,gsm-32,osmo-mgw-8c8fc67d6-c2jgx,1,2
1782485144,gsm-32,osmo-mobile-567ccbf999-c957g,3,36
1782485144,gsm-32,osmo-stp-768687f494-l699b,1,2
1782485144,gsm-32,ttcn3-tc-26-7-4-2-1-1-7cl96,1,6
1782485144,gsm-32,virtphy-6d5bdd8c84-wt4jd,6,1
1782485147,gsm-32,msc-test-stub-5b875d749d-6wxxk,1,16
1782485147,gsm-32,osmo-bsc-594654bd47-wx5fv,1,5
1782485147,gsm-32,osmo-bts-virtual-5f8b9b86fc-gkt55,25,5
1782485147,gsm-32,osmo-hlr-546bdb8988-s4bbk,1,2
1782485147,gsm-32,osmo-mgw-8c8fc67d6-c2jgx,1,2
1782485147,gsm-32,osmo-mobile-567ccbf999-c957g,3,36
1782485147,gsm-32,osmo-stp-768687f494-l699b,1,2
1782485147,gsm-32,ttcn3-tc-26-7-4-2-1-1-7cl96,1,6
1782485147,gsm-32,virtphy-6d5bdd8c84-wt4jd,6,1
1782485150,gsm-32,msc-test-stub-5b875d749d-6wxxk,1,16
1782485150,gsm-32,osmo-bsc-594654bd47-wx5fv,1,5
1782485150,gsm-32,osmo-bts-virtual-5f8b9b86fc-gkt55,25,5
1782485150,gsm-32,osmo-hlr-546bdb8988-s4bbk,1,2
1782485150,gsm-32,osmo-mgw-8c8fc67d6-c2jgx,1,2
1782485150,gsm-32,osmo-mobile-567ccbf999-c957g,3,36
1782485150,gsm-32,osmo-stp-768687f494-l699b,1,2
1782485150,gsm-32,ttcn3-tc-26-7-4-2-1-1-7cl96,1,6
1782485150,gsm-32,virtphy-6d5bdd8c84-wt4jd,6,1
1782485152,gsm-32,msc-test-stub-5b875d749d-6wxxk,1,16
1782485152,gsm-32,osmo-bsc-594654bd47-wx5fv,1,5
1782485152,gsm-32,osmo-bts-virtual-5f8b9b86fc-gkt55,25,5
1782485152,gsm-32,osmo-hlr-546bdb8988-s4bbk,1,2
1782485152,gsm-32,osmo-mgw-8c8fc67d6-c2jgx,1,2
1782485152,gsm-32,osmo-mobile-567ccbf999-c957g,3,36
1782485152,gsm-32,osmo-stp-768687f494-l699b,1,2
1782485152,gsm-32,ttcn3-tc-26-7-4-2-1-1-7cl96,1,6
1782485152,gsm-32,virtphy-6d5bdd8c84-wt4jd,6,1
1782485155,gsm-32,msc-test-stub-5b875d749d-6wxxk,1,16
1782485155,gsm-32,osmo-bsc-594654bd47-wx5fv,1,5
1782485155,gsm-32,osmo-bts-virtual-5f8b9b86fc-gkt55,25,5
1782485155,gsm-32,osmo-hlr-546bdb8988-s4bbk,1,2
1782485155,gsm-32,osmo-mgw-8c8fc67d6-c2jgx,1,2
1782485155,gsm-32,osmo-mobile-567ccbf999-c957g,3,36
1782485155,gsm-32,osmo-stp-768687f494-l699b,1,2
1782485155,gsm-32,ttcn3-tc-26-7-4-2-1-1-7cl96,1,6
1782485155,gsm-32,virtphy-6d5bdd8c84-wt4jd,6,1
1782485158,gsm-32,msc-test-stub-5b875d749d-6wxxk,1,16
1782485158,gsm-32,osmo-bsc-594654bd47-wx5fv,1,5
1782485158,gsm-32,osmo-bts-virtual-5f8b9b86fc-gkt55,24,5
1782485158,gsm-32,osmo-hlr-546bdb8988-s4bbk,1,2
1782485158,gsm-32,osmo-mgw-8c8fc67d6-c2jgx,1,2
1782485158,gsm-32,osmo-mobile-567ccbf999-c957g,3,36
1782485158,gsm-32,osmo-stp-768687f494-l699b,1,2
1782485158,gsm-32,ttcn3-tc-26-7-4-2-1-1-7cl96,2,6
1782485158,gsm-32,virtphy-6d5bdd8c84-wt4jd,6,1
1782485160,gsm-32,msc-test-stub-5b875d749d-6wxxk,1,16
1782485160,gsm-32,osmo-bsc-594654bd47-wx5fv,1,5
1782485160,gsm-32,osmo-bts-virtual-5f8b9b86fc-gkt55,24,5
1782485160,gsm-32,osmo-hlr-546bdb8988-s4bbk,1,2
1782485160,gsm-32,osmo-mgw-8c8fc67d6-c2jgx,1,2
1782485160,gsm-32,osmo-mobile-567ccbf999-c957g,3,36
1782485160,gsm-32,osmo-stp-768687f494-l699b,1,2
1782485160,gsm-32,ttcn3-tc-26-7-4-2-1-1-7cl96,2,6
1782485160,gsm-32,virtphy-6d5bdd8c84-wt4jd,6,1
1782485163,gsm-32,msc-test-stub-5b875d749d-6wxxk,1,16
1782485163,gsm-32,osmo-bsc-594654bd47-wx5fv,1,5
1782485163,gsm-32,osmo-bts-virtual-5f8b9b86fc-gkt55,24,5
1782485163,gsm-32,osmo-hlr-546bdb8988-s4bbk,1,2
1782485163,gsm-32,osmo-mgw-8c8fc67d6-c2jgx,1,2
1782485163,gsm-32,osmo-mobile-567ccbf999-c957g,3,36
1782485163,gsm-32,osmo-stp-768687f494-l699b,1,2
1782485163,gsm-32,ttcn3-tc-26-7-4-2-1-1-7cl96,2,6
1782485163,gsm-32,virtphy-6d5bdd8c84-wt4jd,6,1
1782485166,gsm-32,msc-test-stub-5b875d749d-6wxxk,1,16
1782485166,gsm-32,osmo-bsc-594654bd47-wx5fv,1,5
1782485166,gsm-32,osmo-bts-virtual-5f8b9b86fc-gkt55,24,5
1782485166,gsm-32,osmo-hlr-546bdb8988-s4bbk,1,2
1782485166,gsm-32,osmo-mgw-8c8fc67d6-c2jgx,1,2
1782485166,gsm-32,osmo-mobile-567ccbf999-c957g,3,36
1782485166,gsm-32,osmo-stp-768687f494-l699b,1,2
1782485166,gsm-32,ttcn3-tc-26-7-4-2-1-1-7cl96,2,6
1782485166,gsm-32,virtphy-6d5bdd8c84-wt4jd,6,1
1782485169,gsm-32,msc-test-stub-5b875d749d-6wxxk,1,16
1782485169,gsm-32,osmo-bsc-594654bd47-wx5fv,1,5
1782485169,gsm-32,osmo-bts-virtual-5f8b9b86fc-gkt55,24,5
1782485169,gsm-32,osmo-hlr-546bdb8988-s4bbk,1,2
1782485169,gsm-32,osmo-mgw-8c8fc67d6-c2jgx,1,2
1782485169,gsm-32,osmo-mobile-567ccbf999-c957g,3,36
1782485169,gsm-32,osmo-stp-768687f494-l699b,1,2
1782485169,gsm-32,ttcn3-tc-26-7-4-2-1-1-7cl96,2,6
1782485169,gsm-32,virtphy-6d5bdd8c84-wt4jd,6,1
1782485172,gsm-32,msc-test-stub-5b875d749d-6wxxk,1,16
1782485172,gsm-32,osmo-bsc-594654bd47-wx5fv,1,5
1782485172,gsm-32,osmo-bts-virtual-5f8b9b86fc-gkt55,24,5
1782485172,gsm-32,osmo-hlr-546bdb8988-s4bbk,1,2
1782485172,gsm-32,osmo-mgw-8c8fc67d6-c2jgx,1,2
1782485172,gsm-32,osmo-mobile-567ccbf999-c957g,3,36
1782485172,gsm-32,osmo-stp-768687f494-l699b,1,2
1782485172,gsm-32,ttcn3-tc-26-7-4-2-1-1-7cl96,2,6
1782485172,gsm-32,virtphy-6d5bdd8c84-wt4jd,6,1
1782485174,gsm-32,msc-test-stub-5b875d749d-6wxxk,1,16
1782485174,gsm-32,osmo-bsc-594654bd47-wx5fv,1,5
1782485174,gsm-32,osmo-bts-virtual-5f8b9b86fc-gkt55,23,5
1782485174,gsm-32,osmo-hlr-546bdb8988-s4bbk,1,2
1782485174,gsm-32,osmo-mgw-8c8fc67d6-c2jgx,1,2
1782485174,gsm-32,osmo-mobile-567ccbf999-c957g,3,36
1782485174,gsm-32,osmo-stp-768687f494-l699b,1,2
1782485174,gsm-32,ttcn3-tc-26-7-4-2-1-1-7cl96,2,6
1782485174,gsm-32,virtphy-6d5bdd8c84-wt4jd,6,1
1782485176,gsm-32,msc-test-stub-5b875d749d-6wxxk,1,16
1782485176,gsm-32,osmo-bsc-594654bd47-wx5fv,1,5
1782485176,gsm-32,osmo-bts-virtual-5f8b9b86fc-gkt55,23,5
1782485176,gsm-32,osmo-hlr-546bdb8988-s4bbk,1,2
1782485176,gsm-32,osmo-mgw-8c8fc67d6-c2jgx,1,2
1782485176,gsm-32,osmo-mobile-567ccbf999-c957g,3,36
1782485176,gsm-32,osmo-stp-768687f494-l699b,1,2
1782485176,gsm-32,ttcn3-tc-26-7-4-2-1-1-7cl96,2,6
1782485176,gsm-32,virtphy-6d5bdd8c84-wt4jd,6,1
1782485179,gsm-32,msc-test-stub-5b875d749d-6wxxk,1,16
1782485179,gsm-32,osmo-bsc-594654bd47-wx5fv,1,5
1782485179,gsm-32,osmo-bts-virtual-5f8b9b86fc-gkt55,23,5
1782485179,gsm-32,osmo-hlr-546bdb8988-s4bbk,1,2
1782485179,gsm-32,osmo-mgw-8c8fc67d6-c2jgx,1,2
1782485179,gsm-32,osmo-mobile-567ccbf999-c957g,3,36
1782485179,gsm-32,osmo-stp-768687f494-l699b,1,2
1782485179,gsm-32,ttcn3-tc-26-7-4-2-1-1-7cl96,2,6
1782485179,gsm-32,virtphy-6d5bdd8c84-wt4jd,6,1
1782485181,gsm-32,msc-test-stub-5b875d749d-6wxxk,1,16
1782485181,gsm-32,osmo-bsc-594654bd47-wx5fv,1,5
1782485181,gsm-32,osmo-bts-virtual-5f8b9b86fc-gkt55,23,5
1782485181,gsm-32,osmo-hlr-546bdb8988-s4bbk,1,2
1782485181,gsm-32,osmo-mgw-8c8fc67d6-c2jgx,1,2
1782485181,gsm-32,osmo-mobile-567ccbf999-c957g,3,36
1782485181,gsm-32,osmo-stp-768687f494-l699b,1,2
1782485181,gsm-32,ttcn3-tc-26-7-4-2-1-1-7cl96,2,6
1782485181,gsm-32,virtphy-6d5bdd8c84-wt4jd,6,1
1782485185,gsm-32,msc-test-stub-5b875d749d-6wxxk,1,16
1782485185,gsm-32,osmo-bsc-594654bd47-wx5fv,1,5
1782485185,gsm-32,osmo-bts-virtual-5f8b9b86fc-gkt55,23,5
1782485185,gsm-32,osmo-hlr-546bdb8988-s4bbk,1,2
1782485185,gsm-32,osmo-mgw-8c8fc67d6-c2jgx,1,2
1782485185,gsm-32,osmo-mobile-567ccbf999-c957g,3,36
1782485185,gsm-32,osmo-stp-768687f494-l699b,1,2
1782485185,gsm-32,ttcn3-tc-26-7-4-2-1-1-7cl96,2,6
1782485185,gsm-32,virtphy-6d5bdd8c84-wt4jd,6,1
1782485188,gsm-32,msc-test-stub-5b875d749d-6wxxk,1,16
1782485188,gsm-32,osmo-bsc-594654bd47-wx5fv,1,5
1782485188,gsm-32,osmo-bts-virtual-5f8b9b86fc-gkt55,23,5
1782485188,gsm-32,osmo-hlr-546bdb8988-s4bbk,1,2
1782485188,gsm-32,osmo-mgw-8c8fc67d6-c2jgx,1,2
1782485188,gsm-32,osmo-mobile-567ccbf999-c957g,3,36
1782485188,gsm-32,osmo-stp-768687f494-l699b,1,2
1782485188,gsm-32,ttcn3-tc-26-7-4-2-1-1-7cl96,1,6
1782485188,gsm-32,virtphy-6d5bdd8c84-wt4jd,6,1
1782485190,gsm-32,msc-test-stub-5b875d749d-6wxxk,1,16
1782485190,gsm-32,osmo-bsc-594654bd47-wx5fv,1,5
1782485190,gsm-32,osmo-bts-virtual-5f8b9b86fc-gkt55,23,5
1782485190,gsm-32,osmo-hlr-546bdb8988-s4bbk,1,2
1782485190,gsm-32,osmo-mgw-8c8fc67d6-c2jgx,1,2
1782485190,gsm-32,osmo-mobile-567ccbf999-c957g,3,36
1782485190,gsm-32,osmo-stp-768687f494-l699b,1,2
1782485190,gsm-32,ttcn3-tc-26-7-4-2-1-1-7cl96,1,6
1782485190,gsm-32,virtphy-6d5bdd8c84-wt4jd,6,1
1782485192,gsm-32,msc-test-stub-5b875d749d-6wxxk,1,16
1782485192,gsm-32,osmo-bsc-594654bd47-wx5fv,1,5
1782485192,gsm-32,osmo-bts-virtual-5f8b9b86fc-gkt55,23,5
1782485192,gsm-32,osmo-hlr-546bdb8988-s4bbk,1,2
1782485192,gsm-32,osmo-mgw-8c8fc67d6-c2jgx,1,2
1782485192,gsm-32,osmo-mobile-567ccbf999-c957g,3,36
1782485192,gsm-32,osmo-stp-768687f494-l699b,1,2
1782485192,gsm-32,ttcn3-tc-26-7-4-2-1-1-7cl96,1,6
1782485192,gsm-32,virtphy-6d5bdd8c84-wt4jd,6,1
1782485195,gsm-32,msc-test-stub-5b875d749d-6wxxk,1,16
1782485195,gsm-32,osmo-bsc-594654bd47-wx5fv,1,5
1782485195,gsm-32,osmo-bts-virtual-5f8b9b86fc-gkt55,23,5
1782485195,gsm-32,osmo-hlr-546bdb8988-s4bbk,1,2
1782485195,gsm-32,osmo-mgw-8c8fc67d6-c2jgx,1,2
1782485195,gsm-32,osmo-mobile-567ccbf999-c957g,3,36
1782485195,gsm-32,osmo-stp-768687f494-l699b,1,2
1782485195,gsm-32,ttcn3-tc-26-7-4-2-1-1-7cl96,1,6
1782485195,gsm-32,virtphy-6d5bdd8c84-wt4jd,6,1
1782485198,gsm-32,msc-test-stub-5b875d749d-6wxxk,1,16
1782485198,gsm-32,osmo-bsc-594654bd47-wx5fv,1,5
1782485198,gsm-32,osmo-bts-virtual-5f8b9b86fc-gkt55,23,5
1782485198,gsm-32,osmo-hlr-546bdb8988-s4bbk,1,2
1782485198,gsm-32,osmo-mgw-8c8fc67d6-c2jgx,1,2
1782485198,gsm-32,osmo-mobile-567ccbf999-c957g,3,36
1782485198,gsm-32,osmo-stp-768687f494-l699b,1,2
1782485198,gsm-32,ttcn3-tc-26-7-4-2-1-1-7cl96,1,6
1782485198,gsm-32,virtphy-6d5bdd8c84-wt4jd,6,1
1782485203,gsm-32,msc-test-stub-5b875d749d-6wxxk,1,16
1782485203,gsm-32,osmo-bsc-594654bd47-wx5fv,1,5
1782485203,gsm-32,osmo-bts-virtual-5f8b9b86fc-gkt55,23,5
1782485203,gsm-32,osmo-hlr-546bdb8988-s4bbk,1,2
1782485203,gsm-32,osmo-mgw-8c8fc67d6-c2jgx,1,2
1782485203,gsm-32,osmo-mobile-567ccbf999-c957g,3,36
1782485203,gsm-32,osmo-stp-768687f494-l699b,1,2
1782485203,gsm-32,ttcn3-tc-26-7-4-2-1-1-7cl96,1,6
1782485203,gsm-32,virtphy-6d5bdd8c84-wt4jd,6,1
1782485206,gsm-32,msc-test-stub-5b875d749d-6wxxk,1,16
1782485206,gsm-32,osmo-bsc-594654bd47-wx5fv,1,5
1782485206,gsm-32,osmo-bts-virtual-5f8b9b86fc-gkt55,24,5
1782485206,gsm-32,osmo-hlr-546bdb8988-s4bbk,1,2
1782485206,gsm-32,osmo-mgw-8c8fc67d6-c2jgx,1,2
1782485206,gsm-32,osmo-mobile-567ccbf999-c957g,3,36
1782485206,gsm-32,osmo-stp-768687f494-l699b,1,2
1782485206,gsm-32,ttcn3-tc-26-7-4-2-1-1-7cl96,1,6
1782485206,gsm-32,virtphy-6d5bdd8c84-wt4jd,7,1
1782485209,gsm-32,msc-test-stub-5b875d749d-6wxxk,1,16
1782485209,gsm-32,osmo-bsc-594654bd47-wx5fv,1,5
1782485209,gsm-32,osmo-bts-virtual-5f8b9b86fc-gkt55,24,5
1782485209,gsm-32,osmo-hlr-546bdb8988-s4bbk,1,2
1782485209,gsm-32,osmo-mgw-8c8fc67d6-c2jgx,1,2
1782485209,gsm-32,osmo-mobile-567ccbf999-c957g,3,36
1782485209,gsm-32,osmo-stp-768687f494-l699b,1,2
1782485209,gsm-32,ttcn3-tc-26-7-4-2-1-1-7cl96,1,6
1782485209,gsm-32,virtphy-6d5bdd8c84-wt4jd,7,1
1782485212,gsm-32,msc-test-stub-5b875d749d-6wxxk,1,16
1782485212,gsm-32,osmo-bsc-594654bd47-wx5fv,1,5
1782485212,gsm-32,osmo-bts-virtual-5f8b9b86fc-gkt55,24,5
1782485212,gsm-32,osmo-hlr-546bdb8988-s4bbk,1,2
1782485212,gsm-32,osmo-mgw-8c8fc67d6-c2jgx,1,2
1782485212,gsm-32,osmo-mobile-567ccbf999-c957g,3,36
1782485212,gsm-32,osmo-stp-768687f494-l699b,1,2
1782485212,gsm-32,ttcn3-tc-26-7-4-2-1-1-7cl96,1,6
1782485212,gsm-32,virtphy-6d5bdd8c84-wt4jd,7,1
1782485215,gsm-32,msc-test-stub-5b875d749d-6wxxk,1,16
1782485215,gsm-32,osmo-bsc-594654bd47-wx5fv,1,5
1782485215,gsm-32,osmo-bts-virtual-5f8b9b86fc-gkt55,24,5
1782485215,gsm-32,osmo-hlr-546bdb8988-s4bbk,1,2
1782485215,gsm-32,osmo-mgw-8c8fc67d6-c2jgx,1,2
1782485215,gsm-32,osmo-mobile-567ccbf999-c957g,3,36
1782485215,gsm-32,osmo-stp-768687f494-l699b,1,2
1782485215,gsm-32,ttcn3-tc-26-7-4-2-1-1-7cl96,1,6
1782485215,gsm-32,virtphy-6d5bdd8c84-wt4jd,7,1
1782485217,gsm-32,msc-test-stub-5b875d749d-6wxxk,1,16
1782485217,gsm-32,osmo-bsc-594654bd47-wx5fv,1,5
1782485217,gsm-32,osmo-bts-virtual-5f8b9b86fc-gkt55,21,5
1782485217,gsm-32,osmo-hlr-546bdb8988-s4bbk,1,2
1782485217,gsm-32,osmo-mgw-8c8fc67d6-c2jgx,1,2
1782485217,gsm-32,osmo-mobile-567ccbf999-c957g,2,36
1782485217,gsm-32,osmo-stp-768687f494-l699b,1,2
1782485217,gsm-32,ttcn3-tc-26-7-4-2-1-1-7cl96,1,6
1782485217,gsm-32,virtphy-6d5bdd8c84-wt4jd,6,1
1782485221,gsm-32,msc-test-stub-5b875d749d-6wxxk,1,16
1782485221,gsm-32,osmo-bsc-594654bd47-wx5fv,1,5
1782485221,gsm-32,osmo-bts-virtual-5f8b9b86fc-gkt55,21,5
1782485221,gsm-32,osmo-hlr-546bdb8988-s4bbk,1,2
1782485221,gsm-32,osmo-mgw-8c8fc67d6-c2jgx,1,2
1782485221,gsm-32,osmo-mobile-567ccbf999-c957g,2,36
1782485221,gsm-32,osmo-stp-768687f494-l699b,1,2
1782485221,gsm-32,ttcn3-tc-26-7-4-2-1-1-7cl96,1,6
1782485221,gsm-32,virtphy-6d5bdd8c84-wt4jd,6,1
1782485224,gsm-32,msc-test-stub-5b875d749d-6wxxk,1,16
1782485224,gsm-32,osmo-bsc-594654bd47-wx5fv,1,5
1782485224,gsm-32,osmo-bts-virtual-5f8b9b86fc-gkt55,21,5
1782485224,gsm-32,osmo-hlr-546bdb8988-s4bbk,1,2
1782485224,gsm-32,osmo-mgw-8c8fc67d6-c2jgx,1,2
1782485224,gsm-32,osmo-mobile-567ccbf999-c957g,2,36
1782485224,gsm-32,osmo-stp-768687f494-l699b,1,2
1782485224,gsm-32,ttcn3-tc-26-7-4-2-1-1-7cl96,1,6
1782485224,gsm-32,virtphy-6d5bdd8c84-wt4jd,6,1
1782485228,gsm-32,msc-test-stub-5b875d749d-6wxxk,1,16
1782485228,gsm-32,osmo-bsc-594654bd47-wx5fv,1,5
1782485228,gsm-32,osmo-bts-virtual-5f8b9b86fc-gkt55,21,5
1782485228,gsm-32,osmo-hlr-546bdb8988-s4bbk,1,2
1782485228,gsm-32,osmo-mgw-8c8fc67d6-c2jgx,1,2
1782485228,gsm-32,osmo-mobile-567ccbf999-c957g,2,36
1782485228,gsm-32,osmo-stp-768687f494-l699b,1,2
1782485228,gsm-32,ttcn3-tc-26-7-4-2-1-1-7cl96,1,6
1782485228,gsm-32,virtphy-6d5bdd8c84-wt4jd,6,1
1782485231,gsm-32,msc-test-stub-5b875d749d-6wxxk,1,16
1782485231,gsm-32,osmo-bsc-594654bd47-wx5fv,1,5
1782485231,gsm-32,osmo-bts-virtual-5f8b9b86fc-gkt55,21,5
1782485231,gsm-32,osmo-hlr-546bdb8988-s4bbk,1,2
1782485231,gsm-32,osmo-mgw-8c8fc67d6-c2jgx,1,2
1782485231,gsm-32,osmo-mobile-567ccbf999-c957g,2,36
1782485231,gsm-32,osmo-stp-768687f494-l699b,1,2
1782485231,gsm-32,ttcn3-tc-26-7-4-2-1-1-7cl96,1,6
1782485231,gsm-32,virtphy-6d5bdd8c84-wt4jd,6,1
1782485233,gsm-32,msc-test-stub-5b875d749d-6wxxk,1,16
1782485233,gsm-32,osmo-bsc-594654bd47-wx5fv,1,5
1782485233,gsm-32,osmo-bts-virtual-5f8b9b86fc-gkt55,21,5
1782485233,gsm-32,osmo-hlr-546bdb8988-s4bbk,1,2
1782485233,gsm-32,osmo-mgw-8c8fc67d6-c2jgx,1,2
1782485233,gsm-32,osmo-mobile-567ccbf999-c957g,2,36
1782485233,gsm-32,osmo-stp-768687f494-l699b,1,2
1782485233,gsm-32,ttcn3-tc-26-7-4-2-1-1-7cl96,1,6
1782485233,gsm-32,virtphy-6d5bdd8c84-wt4jd,6,1
1782485235,gsm-32,msc-test-stub-5b875d749d-6wxxk,1,16
1782485235,gsm-32,osmo-bsc-594654bd47-wx5fv,1,5
1782485235,gsm-32,osmo-bts-virtual-5f8b9b86fc-gkt55,21,5
1782485235,gsm-32,osmo-hlr-546bdb8988-s4bbk,1,2
1782485235,gsm-32,osmo-mgw-8c8fc67d6-c2jgx,1,2
1782485235,gsm-32,osmo-mobile-567ccbf999-c957g,2,36
1782485235,gsm-32,osmo-stp-768687f494-l699b,1,2
1782485235,gsm-32,ttcn3-tc-26-7-4-2-1-1-7cl96,1,6
1782485235,gsm-32,virtphy-6d5bdd8c84-wt4jd,6,1
1782485238,gsm-32,msc-test-stub-5b875d749d-6wxxk,1,16
1782485238,gsm-32,osmo-bsc-594654bd47-wx5fv,1,5
1782485238,gsm-32,osmo-bts-virtual-5f8b9b86fc-gkt55,21,5
1782485238,gsm-32,osmo-hlr-546bdb8988-s4bbk,1,2
1782485238,gsm-32,osmo-mgw-8c8fc67d6-c2jgx,1,2
1782485238,gsm-32,osmo-mobile-567ccbf999-c957g,2,36
1782485238,gsm-32,osmo-stp-768687f494-l699b,1,2
1782485238,gsm-32,ttcn3-tc-26-7-4-2-1-1-7cl96,1,6
1782485238,gsm-32,virtphy-6d5bdd8c84-wt4jd,6,1
1782485241,gsm-32,msc-test-stub-5b875d749d-6wxxk,1,16
1782485241,gsm-32,osmo-bsc-594654bd47-wx5fv,1,5
1782485241,gsm-32,osmo-bts-virtual-5f8b9b86fc-gkt55,21,5
1782485241,gsm-32,osmo-hlr-546bdb8988-s4bbk,1,2
1782485241,gsm-32,osmo-mgw-8c8fc67d6-c2jgx,1,2
1782485241,gsm-32,osmo-mobile-567ccbf999-c957g,2,36
1782485241,gsm-32,osmo-stp-768687f494-l699b,1,2
1782485241,gsm-32,ttcn3-tc-26-7-4-2-1-1-7cl96,1,6
1782485241,gsm-32,virtphy-6d5bdd8c84-wt4jd,6,1
1782485244,gsm-32,msc-test-stub-5b875d749d-6wxxk,1,16
1782485244,gsm-32,osmo-bsc-594654bd47-wx5fv,1,5
1782485244,gsm-32,osmo-bts-virtual-5f8b9b86fc-gkt55,21,5
1782485244,gsm-32,osmo-hlr-546bdb8988-s4bbk,1,2
1782485244,gsm-32,osmo-mgw-8c8fc67d6-c2jgx,1,2
1782485244,gsm-32,osmo-mobile-567ccbf999-c957g,2,36
1782485244,gsm-32,osmo-stp-768687f494-l699b,1,2
1782485244,gsm-32,ttcn3-tc-26-7-4-2-1-1-7cl96,1,6
1782485244,gsm-32,virtphy-6d5bdd8c84-wt4jd,6,1
1782485246,gsm-32,msc-test-stub-5b875d749d-6wxxk,1,16
1782485246,gsm-32,osmo-bsc-594654bd47-wx5fv,1,5
1782485246,gsm-32,osmo-bts-virtual-5f8b9b86fc-gkt55,21,5
1782485246,gsm-32,osmo-hlr-546bdb8988-s4bbk,1,2
1782485246,gsm-32,osmo-mgw-8c8fc67d6-c2jgx,1,2
1782485246,gsm-32,osmo-mobile-567ccbf999-c957g,2,36
1782485246,gsm-32,osmo-stp-768687f494-l699b,1,2
1782485246,gsm-32,ttcn3-tc-26-7-4-2-1-1-7cl96,1,6
1782485246,gsm-32,virtphy-6d5bdd8c84-wt4jd,6,1
1782485249,gsm-32,msc-test-stub-5b875d749d-6wxxk,1,16
1782485249,gsm-32,osmo-bsc-594654bd47-wx5fv,1,5
1782485249,gsm-32,osmo-bts-virtual-5f8b9b86fc-gkt55,24,5
1782485249,gsm-32,osmo-hlr-546bdb8988-s4bbk,1,2
1782485249,gsm-32,osmo-mgw-8c8fc67d6-c2jgx,1,2
1782485249,gsm-32,osmo-mobile-567ccbf999-c957g,2,36
1782485249,gsm-32,osmo-stp-768687f494-l699b,1,2
1782485249,gsm-32,ttcn3-tc-26-7-4-2-1-1-7cl96,1,6
1782485249,gsm-32,virtphy-6d5bdd8c84-wt4jd,7,1
1782485251,gsm-32,msc-test-stub-5b875d749d-6wxxk,1,16
1782485251,gsm-32,osmo-bsc-594654bd47-wx5fv,1,5
1782485251,gsm-32,osmo-bts-virtual-5f8b9b86fc-gkt55,24,5
1782485251,gsm-32,osmo-hlr-546bdb8988-s4bbk,1,2
1782485251,gsm-32,osmo-mgw-8c8fc67d6-c2jgx,1,2
1782485251,gsm-32,osmo-mobile-567ccbf999-c957g,2,36
1782485251,gsm-32,osmo-stp-768687f494-l699b,1,2
1782485251,gsm-32,ttcn3-tc-26-7-4-2-1-1-7cl96,1,6
1782485251,gsm-32,virtphy-6d5bdd8c84-wt4jd,7,1
1782485254,gsm-32,msc-test-stub-5b875d749d-6wxxk,1,16
1782485254,gsm-32,osmo-bsc-594654bd47-wx5fv,1,5
1782485254,gsm-32,osmo-bts-virtual-5f8b9b86fc-gkt55,24,5
1782485254,gsm-32,osmo-hlr-546bdb8988-s4bbk,1,2
1782485254,gsm-32,osmo-mgw-8c8fc67d6-c2jgx,1,2
1782485254,gsm-32,osmo-mobile-567ccbf999-c957g,2,36
1782485254,gsm-32,osmo-stp-768687f494-l699b,1,2
1782485254,gsm-32,ttcn3-tc-26-7-4-2-1-1-7cl96,1,6
1782485254,gsm-32,virtphy-6d5bdd8c84-wt4jd,7,1
1782485256,gsm-32,msc-test-stub-5b875d749d-6wxxk,1,16
1782485256,gsm-32,osmo-bsc-594654bd47-wx5fv,1,5
1782485256,gsm-32,osmo-bts-virtual-5f8b9b86fc-gkt55,24,5
1782485256,gsm-32,osmo-hlr-546bdb8988-s4bbk,1,2
1782485256,gsm-32,osmo-mgw-8c8fc67d6-c2jgx,1,2
1782485256,gsm-32,osmo-mobile-567ccbf999-c957g,2,36
1782485256,gsm-32,osmo-stp-768687f494-l699b,1,2
1782485256,gsm-32,ttcn3-tc-26-7-4-2-1-1-7cl96,1,6
1782485256,gsm-32,virtphy-6d5bdd8c84-wt4jd,7,1
1782485259,gsm-32,msc-test-stub-5b875d749d-6wxxk,1,16
1782485259,gsm-32,osmo-bsc-594654bd47-wx5fv,1,5
1782485259,gsm-32,osmo-bts-virtual-5f8b9b86fc-gkt55,24,5
1782485259,gsm-32,osmo-hlr-546bdb8988-s4bbk,1,2
1782485259,gsm-32,osmo-mgw-8c8fc67d6-c2jgx,1,2
1782485259,gsm-32,osmo-mobile-567ccbf999-c957g,2,36
1782485259,gsm-32,osmo-stp-768687f494-l699b,1,2
1782485259,gsm-32,ttcn3-tc-26-7-4-2-1-1-7cl96,1,6
1782485259,gsm-32,virtphy-6d5bdd8c84-wt4jd,7,1
1782485261,gsm-32,msc-test-stub-5b875d749d-6wxxk,1,16
1782485261,gsm-32,osmo-bsc-594654bd47-wx5fv,1,5
1782485261,gsm-32,osmo-bts-virtual-5f8b9b86fc-gkt55,23,5
1782485261,gsm-32,osmo-hlr-546bdb8988-s4bbk,1,2
1782485261,gsm-32,osmo-mgw-8c8fc67d6-c2jgx,1,2
1782485261,gsm-32,osmo-mobile-567ccbf999-c957g,3,36
1782485261,gsm-32,osmo-stp-768687f494-l699b,1,2
1782485261,gsm-32,ttcn3-tc-26-7-4-2-1-1-7cl96,1,7
1782485261,gsm-32,virtphy-6d5bdd8c84-wt4jd,7,1
1782485266,gsm-32,msc-test-stub-5b875d749d-6wxxk,1,16
1782485266,gsm-32,osmo-bsc-594654bd47-wx5fv,1,5
1782485266,gsm-32,osmo-bts-virtual-5f8b9b86fc-gkt55,23,5
1782485266,gsm-32,osmo-hlr-546bdb8988-s4bbk,1,2
1782485266,gsm-32,osmo-mgw-8c8fc67d6-c2jgx,1,2
1782485266,gsm-32,osmo-mobile-567ccbf999-c957g,3,36
1782485266,gsm-32,osmo-stp-768687f494-l699b,1,2
1782485266,gsm-32,ttcn3-tc-26-7-4-2-1-1-7cl96,1,7
1782485266,gsm-32,virtphy-6d5bdd8c84-wt4jd,7,1
1782485269,gsm-32,msc-test-stub-5b875d749d-6wxxk,1,16
1782485269,gsm-32,osmo-bsc-594654bd47-wx5fv,1,5
1782485269,gsm-32,osmo-bts-virtual-5f8b9b86fc-gkt55,23,5
1782485269,gsm-32,osmo-hlr-546bdb8988-s4bbk,1,2
1782485269,gsm-32,osmo-mgw-8c8fc67d6-c2jgx,1,2
1782485269,gsm-32,osmo-mobile-567ccbf999-c957g,3,36
1782485269,gsm-32,osmo-stp-768687f494-l699b,1,2
1782485269,gsm-32,ttcn3-tc-26-7-4-2-1-1-7cl96,1,7
1782485269,gsm-32,virtphy-6d5bdd8c84-wt4jd,7,1
1782485271,gsm-32,msc-test-stub-5b875d749d-6wxxk,1,16
1782485271,gsm-32,osmo-bsc-594654bd47-wx5fv,1,5
1782485271,gsm-32,osmo-bts-virtual-5f8b9b86fc-gkt55,23,5
1782485271,gsm-32,osmo-hlr-546bdb8988-s4bbk,1,2
1782485271,gsm-32,osmo-mgw-8c8fc67d6-c2jgx,1,2
1782485271,gsm-32,osmo-mobile-567ccbf999-c957g,3,36
1782485271,gsm-32,osmo-stp-768687f494-l699b,1,2
1782485271,gsm-32,ttcn3-tc-26-7-4-2-1-1-7cl96,1,7
1782485271,gsm-32,virtphy-6d5bdd8c84-wt4jd,7,1
1782485273,gsm-32,msc-test-stub-5b875d749d-6wxxk,1,16
1782485273,gsm-32,osmo-bsc-594654bd47-wx5fv,1,5
1782485273,gsm-32,osmo-bts-virtual-5f8b9b86fc-gkt55,23,5
1782485273,gsm-32,osmo-hlr-546bdb8988-s4bbk,1,2
1782485273,gsm-32,osmo-mgw-8c8fc67d6-c2jgx,1,2
1782485273,gsm-32,osmo-mobile-567ccbf999-c957g,3,36
1782485273,gsm-32,osmo-stp-768687f494-l699b,1,2
1782485273,gsm-32,ttcn3-tc-26-7-4-2-1-1-7cl96,1,7
1782485273,gsm-32,virtphy-6d5bdd8c84-wt4jd,7,1
1782485276,gsm-32,msc-test-stub-5b875d749d-6wxxk,1,16
1782485276,gsm-32,osmo-bsc-594654bd47-wx5fv,1,5
1782485276,gsm-32,osmo-bts-virtual-5f8b9b86fc-gkt55,23,5
1782485276,gsm-32,osmo-hlr-546bdb8988-s4bbk,1,2
1782485276,gsm-32,osmo-mgw-8c8fc67d6-c2jgx,1,2
1782485276,gsm-32,osmo-mobile-567ccbf999-c957g,3,36
1782485276,gsm-32,osmo-stp-768687f494-l699b,1,2
1782485276,gsm-32,ttcn3-tc-26-7-4-2-1-1-7cl96,1,7
1782485276,gsm-32,virtphy-6d5bdd8c84-wt4jd,7,1
1782485279,gsm-32,msc-test-stub-5b875d749d-6wxxk,1,16
1782485279,gsm-32,osmo-bsc-594654bd47-wx5fv,1,5
1782485279,gsm-32,osmo-bts-virtual-5f8b9b86fc-gkt55,26,5
1782485279,gsm-32,osmo-hlr-546bdb8988-s4bbk,1,2
1782485279,gsm-32,osmo-mgw-8c8fc67d6-c2jgx,1,2
1782485279,gsm-32,osmo-mobile-567ccbf999-c957g,2,36
1782485279,gsm-32,osmo-stp-768687f494-l699b,1,2
1782485279,gsm-32,ttcn3-tc-26-7-4-2-1-1-7cl96,1,7
1782485279,gsm-32,virtphy-6d5bdd8c84-wt4jd,6,1
1782485281,gsm-32,msc-test-stub-5b875d749d-6wxxk,1,16
1782485281,gsm-32,osmo-bsc-594654bd47-wx5fv,1,5
1782485281,gsm-32,osmo-bts-virtual-5f8b9b86fc-gkt55,26,5
1782485281,gsm-32,osmo-hlr-546bdb8988-s4bbk,1,2
1782485281,gsm-32,osmo-mgw-8c8fc67d6-c2jgx,1,2
1782485281,gsm-32,osmo-mobile-567ccbf999-c957g,2,36
1782485281,gsm-32,osmo-stp-768687f494-l699b,1,2
1782485281,gsm-32,ttcn3-tc-26-7-4-2-1-1-7cl96,1,7
1782485281,gsm-32,virtphy-6d5bdd8c84-wt4jd,6,1
1782485283,gsm-32,msc-test-stub-5b875d749d-6wxxk,1,16
1782485283,gsm-32,osmo-bsc-594654bd47-wx5fv,1,5
1782485283,gsm-32,osmo-bts-virtual-5f8b9b86fc-gkt55,26,5
1782485283,gsm-32,osmo-hlr-546bdb8988-s4bbk,1,2
1782485283,gsm-32,osmo-mgw-8c8fc67d6-c2jgx,1,2
1782485283,gsm-32,osmo-mobile-567ccbf999-c957g,2,36
1782485283,gsm-32,osmo-stp-768687f494-l699b,1,2
1782485283,gsm-32,ttcn3-tc-26-7-4-2-1-1-7cl96,1,7
1782485283,gsm-32,virtphy-6d5bdd8c84-wt4jd,6,1
1782485286,gsm-32,msc-test-stub-5b875d749d-6wxxk,1,16
1782485286,gsm-32,osmo-bsc-594654bd47-wx5fv,1,5
1782485286,gsm-32,osmo-bts-virtual-5f8b9b86fc-gkt55,26,5
1782485286,gsm-32,osmo-hlr-546bdb8988-s4bbk,1,2
1782485286,gsm-32,osmo-mgw-8c8fc67d6-c2jgx,1,2
1782485286,gsm-32,osmo-mobile-567ccbf999-c957g,2,36
1782485286,gsm-32,osmo-stp-768687f494-l699b,1,2
1782485286,gsm-32,ttcn3-tc-26-7-4-2-1-1-7cl96,1,7
1782485286,gsm-32,virtphy-6d5bdd8c84-wt4jd,6,1
1782485288,gsm-32,msc-test-stub-5b875d749d-6wxxk,1,16
1782485288,gsm-32,osmo-bsc-594654bd47-wx5fv,1,5
1782485288,gsm-32,osmo-bts-virtual-5f8b9b86fc-gkt55,26,5
1782485288,gsm-32,osmo-hlr-546bdb8988-s4bbk,1,2
1782485288,gsm-32,osmo-mgw-8c8fc67d6-c2jgx,1,2
1782485288,gsm-32,osmo-mobile-567ccbf999-c957g,2,36
1782485288,gsm-32,osmo-stp-768687f494-l699b,1,2
1782485288,gsm-32,ttcn3-tc-26-7-4-2-1-1-7cl96,1,7
1782485288,gsm-32,virtphy-6d5bdd8c84-wt4jd,6,1
1782485290,gsm-32,msc-test-stub-5b875d749d-6wxxk,1,16
1782485290,gsm-32,osmo-bsc-594654bd47-wx5fv,1,5
1782485290,gsm-32,osmo-bts-virtual-5f8b9b86fc-gkt55,26,5
1782485290,gsm-32,osmo-hlr-546bdb8988-s4bbk,1,2
1782485290,gsm-32,osmo-mgw-8c8fc67d6-c2jgx,1,2
1782485290,gsm-32,osmo-mobile-567ccbf999-c957g,2,36
1782485290,gsm-32,osmo-stp-768687f494-l699b,1,2
1782485290,gsm-32,ttcn3-tc-26-7-4-2-1-1-7cl96,1,7
1782485290,gsm-32,virtphy-6d5bdd8c84-wt4jd,6,1
1782485293,gsm-32,msc-test-stub-5b875d749d-6wxxk,1,16
1782485293,gsm-32,osmo-bsc-594654bd47-wx5fv,1,5
1782485293,gsm-32,osmo-bts-virtual-5f8b9b86fc-gkt55,27,5
1782485293,gsm-32,osmo-hlr-546bdb8988-s4bbk,1,2
1782485293,gsm-32,osmo-mgw-8c8fc67d6-c2jgx,1,2
1782485293,gsm-32,osmo-mobile-567ccbf999-c957g,3,36
1782485293,gsm-32,osmo-stp-768687f494-l699b,1,2
1782485293,gsm-32,ttcn3-tc-26-7-4-2-1-1-7cl96,1,7
1782485293,gsm-32,virtphy-6d5bdd8c84-wt4jd,6,1
1782485296,gsm-32,msc-test-stub-5b875d749d-6wxxk,1,16
1782485296,gsm-32,osmo-bsc-594654bd47-wx5fv,1,5
1782485296,gsm-32,osmo-bts-virtual-5f8b9b86fc-gkt55,27,5
1782485296,gsm-32,osmo-hlr-546bdb8988-s4bbk,1,2
1782485296,gsm-32,osmo-mgw-8c8fc67d6-c2jgx,1,2
1782485296,gsm-32,osmo-mobile-567ccbf999-c957g,3,36
1782485296,gsm-32,osmo-stp-768687f494-l699b,1,2
1782485296,gsm-32,ttcn3-tc-26-7-4-2-1-1-7cl96,1,7
1782485296,gsm-32,virtphy-6d5bdd8c84-wt4jd,6,1
1782485299,gsm-32,msc-test-stub-5b875d749d-6wxxk,1,16
1782485299,gsm-32,osmo-bsc-594654bd47-wx5fv,1,5
1782485299,gsm-32,osmo-bts-virtual-5f8b9b86fc-gkt55,27,5
1782485299,gsm-32,osmo-hlr-546bdb8988-s4bbk,1,2
1782485299,gsm-32,osmo-mgw-8c8fc67d6-c2jgx,1,2
1782485299,gsm-32,osmo-mobile-567ccbf999-c957g,3,36
1782485299,gsm-32,osmo-stp-768687f494-l699b,1,2
1782485299,gsm-32,ttcn3-tc-26-7-4-2-1-1-7cl96,1,7
1782485299,gsm-32,virtphy-6d5bdd8c84-wt4jd,6,1
1782485302,gsm-32,msc-test-stub-5b875d749d-6wxxk,1,16
1782485302,gsm-32,osmo-bsc-594654bd47-wx5fv,1,5
1782485302,gsm-32,osmo-bts-virtual-5f8b9b86fc-gkt55,27,5
1782485302,gsm-32,osmo-hlr-546bdb8988-s4bbk,1,2
1782485302,gsm-32,osmo-mgw-8c8fc67d6-c2jgx,1,2
1782485302,gsm-32,osmo-mobile-567ccbf999-c957g,3,36
1782485302,gsm-32,osmo-stp-768687f494-l699b,1,2
1782485302,gsm-32,ttcn3-tc-26-7-4-2-1-1-7cl96,1,7
1782485302,gsm-32,virtphy-6d5bdd8c84-wt4jd,6,1
1782485304,gsm-32,msc-test-stub-5b875d749d-6wxxk,1,16
1782485304,gsm-32,osmo-bsc-594654bd47-wx5fv,1,5
1782485304,gsm-32,osmo-bts-virtual-5f8b9b86fc-gkt55,27,5
1782485304,gsm-32,osmo-hlr-546bdb8988-s4bbk,1,2
1782485304,gsm-32,osmo-mgw-8c8fc67d6-c2jgx,1,2
1782485304,gsm-32,osmo-mobile-567ccbf999-c957g,3,36
1782485304,gsm-32,osmo-stp-768687f494-l699b,1,2
1782485304,gsm-32,ttcn3-tc-26-7-4-2-1-1-7cl96,1,7
1782485304,gsm-32,virtphy-6d5bdd8c84-wt4jd,6,1
1782485307,gsm-32,msc-test-stub-5b875d749d-6wxxk,1,16
1782485307,gsm-32,osmo-bsc-594654bd47-wx5fv,1,5
1782485307,gsm-32,osmo-bts-virtual-5f8b9b86fc-gkt55,27,5
1782485307,gsm-32,osmo-hlr-546bdb8988-s4bbk,1,2
1782485307,gsm-32,osmo-mgw-8c8fc67d6-c2jgx,1,2
1782485307,gsm-32,osmo-mobile-567ccbf999-c957g,3,36
1782485307,gsm-32,osmo-stp-768687f494-l699b,1,2
1782485307,gsm-32,ttcn3-tc-26-7-4-2-1-1-7cl96,1,7
1782485307,gsm-32,virtphy-6d5bdd8c84-wt4jd,6,1
1782485309,gsm-32,msc-test-stub-5b875d749d-6wxxk,1,16
1782485309,gsm-32,osmo-bsc-594654bd47-wx5fv,1,5
1782485309,gsm-32,osmo-bts-virtual-5f8b9b86fc-gkt55,25,5
1782485309,gsm-32,osmo-hlr-546bdb8988-s4bbk,1,2
1782485309,gsm-32,osmo-mgw-8c8fc67d6-c2jgx,1,2
1782485309,gsm-32,osmo-mobile-567ccbf999-c957g,3,36
1782485309,gsm-32,osmo-stp-768687f494-l699b,1,2
1782485309,gsm-32,ttcn3-tc-26-7-4-2-1-1-7cl96,1,7
1782485309,gsm-32,virtphy-6d5bdd8c84-wt4jd,7,1
1782485312,gsm-32,msc-test-stub-5b875d749d-6wxxk,1,16
1782485312,gsm-32,osmo-bsc-594654bd47-wx5fv,1,5
1782485312,gsm-32,osmo-bts-virtual-5f8b9b86fc-gkt55,25,5
1782485312,gsm-32,osmo-hlr-546bdb8988-s4bbk,1,2
1782485312,gsm-32,osmo-mgw-8c8fc67d6-c2jgx,1,2
1782485312,gsm-32,osmo-mobile-567ccbf999-c957g,3,36
1782485312,gsm-32,osmo-stp-768687f494-l699b,1,2
1782485312,gsm-32,ttcn3-tc-26-7-4-2-1-1-7cl96,1,7
1782485312,gsm-32,virtphy-6d5bdd8c84-wt4jd,7,1
1782485314,gsm-32,msc-test-stub-5b875d749d-6wxxk,1,16
1782485314,gsm-32,osmo-bsc-594654bd47-wx5fv,1,5
1782485314,gsm-32,osmo-bts-virtual-5f8b9b86fc-gkt55,25,5
1782485314,gsm-32,osmo-hlr-546bdb8988-s4bbk,1,2
1782485314,gsm-32,osmo-mgw-8c8fc67d6-c2jgx,1,2
1782485314,gsm-32,osmo-mobile-567ccbf999-c957g,3,36
1782485314,gsm-32,osmo-stp-768687f494-l699b,1,2
1782485314,gsm-32,ttcn3-tc-26-7-4-2-1-1-7cl96,1,7
1782485314,gsm-32,virtphy-6d5bdd8c84-wt4jd,7,1
1782485316,gsm-32,msc-test-stub-5b875d749d-6wxxk,1,16
1782485316,gsm-32,osmo-bsc-594654bd47-wx5fv,1,5
1782485316,gsm-32,osmo-bts-virtual-5f8b9b86fc-gkt55,25,5
1782485316,gsm-32,osmo-hlr-546bdb8988-s4bbk,1,2
1782485316,gsm-32,osmo-mgw-8c8fc67d6-c2jgx,1,2
1782485316,gsm-32,osmo-mobile-567ccbf999-c957g,3,36
1782485316,gsm-32,osmo-stp-768687f494-l699b,1,2
1782485316,gsm-32,ttcn3-tc-26-7-4-2-1-1-7cl96,1,7
1782485316,gsm-32,virtphy-6d5bdd8c84-wt4jd,7,1
1782485319,gsm-32,msc-test-stub-5b875d749d-6wxxk,1,16
1782485319,gsm-32,osmo-bsc-594654bd47-wx5fv,1,5
1782485319,gsm-32,osmo-bts-virtual-5f8b9b86fc-gkt55,25,5
1782485319,gsm-32,osmo-hlr-546bdb8988-s4bbk,1,2
1782485319,gsm-32,osmo-mgw-8c8fc67d6-c2jgx,1,2
1782485319,gsm-32,osmo-mobile-567ccbf999-c957g,3,36
1782485319,gsm-32,osmo-stp-768687f494-l699b,1,2
1782485319,gsm-32,ttcn3-tc-26-7-4-2-1-1-7cl96,1,7
1782485319,gsm-32,virtphy-6d5bdd8c84-wt4jd,7,1
1782485321,gsm-32,msc-test-stub-5b875d749d-6wxxk,1,16
1782485321,gsm-32,osmo-bsc-594654bd47-wx5fv,1,5
1782485321,gsm-32,osmo-bts-virtual-5f8b9b86fc-gkt55,25,5
1782485321,gsm-32,osmo-hlr-546bdb8988-s4bbk,1,2
1782485321,gsm-32,osmo-mgw-8c8fc67d6-c2jgx,1,2
1782485321,gsm-32,osmo-mobile-567ccbf999-c957g,3,36
1782485321,gsm-32,osmo-stp-768687f494-l699b,1,2
1782485321,gsm-32,ttcn3-tc-26-7-4-2-1-1-7cl96,1,7
1782485321,gsm-32,virtphy-6d5bdd8c84-wt4jd,7,1
1782485324,gsm-32,msc-test-stub-5b875d749d-6wxxk,1,16
1782485324,gsm-32,osmo-bsc-594654bd47-wx5fv,1,5
1782485324,gsm-32,osmo-bts-virtual-5f8b9b86fc-gkt55,26,5
1782485324,gsm-32,osmo-hlr-546bdb8988-s4bbk,1,2
1782485324,gsm-32,osmo-mgw-8c8fc67d6-c2jgx,1,2
1782485324,gsm-32,osmo-mobile-567ccbf999-c957g,3,36
1782485324,gsm-32,osmo-stp-768687f494-l699b,1,2
1782485324,gsm-32,ttcn3-tc-26-7-4-2-1-1-7cl96,1,7
1782485324,gsm-32,virtphy-6d5bdd8c84-wt4jd,6,1
1782485326,gsm-32,msc-test-stub-5b875d749d-6wxxk,1,16
1782485326,gsm-32,osmo-bsc-594654bd47-wx5fv,1,5
1782485326,gsm-32,osmo-bts-virtual-5f8b9b86fc-gkt55,26,5
1782485326,gsm-32,osmo-hlr-546bdb8988-s4bbk,1,2
1782485326,gsm-32,osmo-mgw-8c8fc67d6-c2jgx,1,2
1782485326,gsm-32,osmo-mobile-567ccbf999-c957g,3,36
1782485326,gsm-32,osmo-stp-768687f494-l699b,1,2
1782485326,gsm-32,ttcn3-tc-26-7-4-2-1-1-7cl96,1,7
1782485326,gsm-32,virtphy-6d5bdd8c84-wt4jd,6,1
1782485328,gsm-32,msc-test-stub-5b875d749d-6wxxk,1,16
1782485328,gsm-32,osmo-bsc-594654bd47-wx5fv,1,5
1782485328,gsm-32,osmo-bts-virtual-5f8b9b86fc-gkt55,26,5
1782485328,gsm-32,osmo-hlr-546bdb8988-s4bbk,1,2
1782485328,gsm-32,osmo-mgw-8c8fc67d6-c2jgx,1,2
1782485328,gsm-32,osmo-mobile-567ccbf999-c957g,3,36
1782485328,gsm-32,osmo-stp-768687f494-l699b,1,2
1782485328,gsm-32,ttcn3-tc-26-7-4-2-1-1-7cl96,1,7
1782485328,gsm-32,virtphy-6d5bdd8c84-wt4jd,6,1
1782485331,gsm-32,msc-test-stub-5b875d749d-6wxxk,1,16
1782485331,gsm-32,osmo-bsc-594654bd47-wx5fv,1,5
1782485331,gsm-32,osmo-bts-virtual-5f8b9b86fc-gkt55,26,5
1782485331,gsm-32,osmo-hlr-546bdb8988-s4bbk,1,2
1782485331,gsm-32,osmo-mgw-8c8fc67d6-c2jgx,1,2
1782485331,gsm-32,osmo-mobile-567ccbf999-c957g,3,36
1782485331,gsm-32,osmo-stp-768687f494-l699b,1,2
1782485331,gsm-32,ttcn3-tc-26-7-4-2-1-1-7cl96,1,7
1782485331,gsm-32,virtphy-6d5bdd8c84-wt4jd,6,1
1782485334,gsm-32,msc-test-stub-5b875d749d-6wxxk,1,16
1782485334,gsm-32,osmo-bsc-594654bd47-wx5fv,1,5
1782485334,gsm-32,osmo-bts-virtual-5f8b9b86fc-gkt55,26,5
1782485334,gsm-32,osmo-hlr-546bdb8988-s4bbk,1,2
1782485334,gsm-32,osmo-mgw-8c8fc67d6-c2jgx,1,2
1782485334,gsm-32,osmo-mobile-567ccbf999-c957g,3,36
1782485334,gsm-32,osmo-stp-768687f494-l699b,1,2
1782485334,gsm-32,ttcn3-tc-26-7-4-2-1-1-7cl96,1,7
1782485334,gsm-32,virtphy-6d5bdd8c84-wt4jd,6,1
1782485336,gsm-32,msc-test-stub-5b875d749d-6wxxk,1,16
1782485336,gsm-32,osmo-bsc-594654bd47-wx5fv,1,5
1782485336,gsm-32,osmo-bts-virtual-5f8b9b86fc-gkt55,26,5
1782485336,gsm-32,osmo-hlr-546bdb8988-s4bbk,1,2
1782485336,gsm-32,osmo-mgw-8c8fc67d6-c2jgx,1,2
1782485336,gsm-32,osmo-mobile-567ccbf999-c957g,3,36
1782485336,gsm-32,osmo-stp-768687f494-l699b,1,2
1782485336,gsm-32,ttcn3-tc-26-7-4-2-1-1-7cl96,1,7
1782485336,gsm-32,virtphy-6d5bdd8c84-wt4jd,6,1
1782485339,gsm-32,msc-test-stub-5b875d749d-6wxxk,1,16
1782485339,gsm-32,osmo-bsc-594654bd47-wx5fv,1,5
1782485339,gsm-32,osmo-bts-virtual-5f8b9b86fc-gkt55,26,5
1782485339,gsm-32,osmo-hlr-546bdb8988-s4bbk,1,2
1782485339,gsm-32,osmo-mgw-8c8fc67d6-c2jgx,1,2
1782485339,gsm-32,osmo-mobile-567ccbf999-c957g,3,36
1782485339,gsm-32,osmo-stp-768687f494-l699b,1,2
1782485339,gsm-32,ttcn3-tc-26-7-4-2-1-1-7cl96,1,7
1782485339,gsm-32,virtphy-6d5bdd8c84-wt4jd,6,1
1782485341,gsm-32,msc-test-stub-5b875d749d-6wxxk,1,16
1782485341,gsm-32,osmo-bsc-594654bd47-wx5fv,1,5
1782485341,gsm-32,osmo-bts-virtual-5f8b9b86fc-gkt55,26,5
1782485341,gsm-32,osmo-hlr-546bdb8988-s4bbk,1,2
1782485341,gsm-32,osmo-mgw-8c8fc67d6-c2jgx,1,2
1782485341,gsm-32,osmo-mobile-567ccbf999-c957g,3,36
1782485341,gsm-32,osmo-stp-768687f494-l699b,1,2
1782485341,gsm-32,ttcn3-tc-26-7-4-2-1-1-7cl96,1,7
1782485341,gsm-32,virtphy-6d5bdd8c84-wt4jd,6,1
1782485343,gsm-32,msc-test-stub-5b875d749d-6wxxk,1,16
1782485343,gsm-32,osmo-bsc-594654bd47-wx5fv,1,5
1782485343,gsm-32,osmo-bts-virtual-5f8b9b86fc-gkt55,26,5
1782485343,gsm-32,osmo-hlr-546bdb8988-s4bbk,1,2
1782485343,gsm-32,osmo-mgw-8c8fc67d6-c2jgx,1,2
1782485343,gsm-32,osmo-mobile-567ccbf999-c957g,3,36
1782485343,gsm-32,osmo-stp-768687f494-l699b,1,2
1782485343,gsm-32,ttcn3-tc-26-7-4-2-1-1-7cl96,1,7
1782485343,gsm-32,virtphy-6d5bdd8c84-wt4jd,6,1
1782485346,gsm-32,msc-test-stub-5b875d749d-6wxxk,1,16
1782485346,gsm-32,osmo-bsc-594654bd47-wx5fv,1,5
1782485346,gsm-32,osmo-bts-virtual-5f8b9b86fc-gkt55,26,5
1782485346,gsm-32,osmo-hlr-546bdb8988-s4bbk,1,2
1782485346,gsm-32,osmo-mgw-8c8fc67d6-c2jgx,1,2
1782485346,gsm-32,osmo-mobile-567ccbf999-c957g,3,36
1782485346,gsm-32,osmo-stp-768687f494-l699b,1,2
1782485346,gsm-32,ttcn3-tc-26-7-4-2-1-1-7cl96,1,7
1782485346,gsm-32,virtphy-6d5bdd8c84-wt4jd,6,1
1782485348,gsm-32,msc-test-stub-5b875d749d-6wxxk,1,16
1782485348,gsm-32,osmo-bsc-594654bd47-wx5fv,1,5
1782485348,gsm-32,osmo-bts-virtual-5f8b9b86fc-gkt55,26,5
1782485348,gsm-32,osmo-hlr-546bdb8988-s4bbk,1,2
1782485348,gsm-32,osmo-mgw-8c8fc67d6-c2jgx,1,2
1782485348,gsm-32,osmo-mobile-567ccbf999-c957g,3,36
1782485348,gsm-32,osmo-stp-768687f494-l699b,1,2
1782485348,gsm-32,ttcn3-tc-26-7-4-2-1-1-7cl96,1,7
1782485348,gsm-32,virtphy-6d5bdd8c84-wt4jd,6,1
1782485350,gsm-32,msc-test-stub-5b875d749d-6wxxk,1,16
1782485350,gsm-32,osmo-bsc-594654bd47-wx5fv,1,5
1782485350,gsm-32,osmo-bts-virtual-5f8b9b86fc-gkt55,26,5
1782485350,gsm-32,osmo-hlr-546bdb8988-s4bbk,1,2
1782485350,gsm-32,osmo-mgw-8c8fc67d6-c2jgx,1,2
1782485350,gsm-32,osmo-mobile-567ccbf999-c957g,3,36
1782485350,gsm-32,osmo-stp-768687f494-l699b,1,2
1782485350,gsm-32,ttcn3-tc-26-7-4-2-1-1-7cl96,1,7
1782485350,gsm-32,virtphy-6d5bdd8c84-wt4jd,6,1
1782485353,gsm-32,msc-test-stub-5b875d749d-6wxxk,1,16
1782485353,gsm-32,osmo-bsc-594654bd47-wx5fv,1,5
1782485353,gsm-32,osmo-bts-virtual-5f8b9b86fc-gkt55,26,5
1782485353,gsm-32,osmo-hlr-546bdb8988-s4bbk,1,2
1782485353,gsm-32,osmo-mgw-8c8fc67d6-c2jgx,1,2
1782485353,gsm-32,osmo-mobile-567ccbf999-c957g,3,36
1782485353,gsm-32,osmo-stp-768687f494-l699b,1,2
1782485353,gsm-32,ttcn3-tc-26-7-4-2-1-1-7cl96,1,7
1782485353,gsm-32,virtphy-6d5bdd8c84-wt4jd,6,1
1782485355,gsm-32,msc-test-stub-5b875d749d-6wxxk,1,16
1782485355,gsm-32,osmo-bsc-594654bd47-wx5fv,1,5
1782485355,gsm-32,osmo-bts-virtual-5f8b9b86fc-gkt55,26,5
1782485355,gsm-32,osmo-hlr-546bdb8988-s4bbk,1,2
1782485355,gsm-32,osmo-mgw-8c8fc67d6-c2jgx,1,2
1782485355,gsm-32,osmo-mobile-567ccbf999-c957g,3,36
1782485355,gsm-32,osmo-stp-768687f494-l699b,1,2
1782485355,gsm-32,ttcn3-tc-26-7-4-2-1-1-7cl96,1,7
1782485355,gsm-32,virtphy-6d5bdd8c84-wt4jd,6,1
1782485358,gsm-32,msc-test-stub-5b875d749d-6wxxk,1,16
1782485358,gsm-32,osmo-bsc-594654bd47-wx5fv,1,5
1782485358,gsm-32,osmo-bts-virtual-5f8b9b86fc-gkt55,26,5
1782485358,gsm-32,osmo-hlr-546bdb8988-s4bbk,1,2
1782485358,gsm-32,osmo-mgw-8c8fc67d6-c2jgx,1,2
1782485358,gsm-32,osmo-mobile-567ccbf999-c957g,3,36
1782485358,gsm-32,osmo-stp-768687f494-l699b,1,2
1782485358,gsm-32,ttcn3-tc-26-7-4-2-1-1-7cl96,1,7
1782485358,gsm-32,virtphy-6d5bdd8c84-wt4jd,6,1
1782485360,gsm-32,msc-test-stub-5b875d749d-6wxxk,1,16
1782485360,gsm-32,osmo-bsc-594654bd47-wx5fv,1,5
1782485360,gsm-32,osmo-bts-virtual-5f8b9b86fc-gkt55,26,5
1782485360,gsm-32,osmo-hlr-546bdb8988-s4bbk,1,2
1782485360,gsm-32,osmo-mgw-8c8fc67d6-c2jgx,1,2
1782485360,gsm-32,osmo-mobile-567ccbf999-c957g,3,36
1782485360,gsm-32,osmo-stp-768687f494-l699b,1,2
1782485360,gsm-32,ttcn3-tc-26-7-4-2-1-1-7cl96,1,7
1782485360,gsm-32,virtphy-6d5bdd8c84-wt4jd,6,1
1782485362,gsm-32,msc-test-stub-5b875d749d-6wxxk,1,16
1782485362,gsm-32,osmo-bsc-594654bd47-wx5fv,1,5
1782485362,gsm-32,osmo-bts-virtual-5f8b9b86fc-gkt55,26,5
1782485362,gsm-32,osmo-hlr-546bdb8988-s4bbk,1,2
1782485362,gsm-32,osmo-mgw-8c8fc67d6-c2jgx,1,2
1782485362,gsm-32,osmo-mobile-567ccbf999-c957g,3,36
1782485362,gsm-32,osmo-stp-768687f494-l699b,1,2
1782485362,gsm-32,ttcn3-tc-26-7-4-2-1-1-7cl96,1,7
1782485362,gsm-32,virtphy-6d5bdd8c84-wt4jd,6,1
1782485364,gsm-32,msc-test-stub-5b875d749d-6wxxk,1,16
1782485364,gsm-32,osmo-bsc-594654bd47-wx5fv,1,5
1782485364,gsm-32,osmo-bts-virtual-5f8b9b86fc-gkt55,26,5
1782485364,gsm-32,osmo-hlr-546bdb8988-s4bbk,1,2
1782485364,gsm-32,osmo-mgw-8c8fc67d6-c2jgx,1,2
1782485364,gsm-32,osmo-mobile-567ccbf999-c957g,3,36
1782485364,gsm-32,osmo-stp-768687f494-l699b,1,2
1782485364,gsm-32,ttcn3-tc-26-7-4-2-1-1-7cl96,1,7
1782485364,gsm-32,virtphy-6d5bdd8c84-wt4jd,6,1
1782485367,gsm-32,msc-test-stub-5b875d749d-6wxxk,1,16
1782485367,gsm-32,osmo-bsc-594654bd47-wx5fv,1,5
1782485367,gsm-32,osmo-bts-virtual-5f8b9b86fc-gkt55,26,5
1782485367,gsm-32,osmo-hlr-546bdb8988-s4bbk,1,2
1782485367,gsm-32,osmo-mgw-8c8fc67d6-c2jgx,1,2
1782485367,gsm-32,osmo-mobile-567ccbf999-c957g,3,36
1782485367,gsm-32,osmo-stp-768687f494-l699b,1,2
1782485367,gsm-32,ttcn3-tc-26-7-4-2-1-1-7cl96,1,7
1782485367,gsm-32,virtphy-6d5bdd8c84-wt4jd,6,1
1782485370,gsm-32,msc-test-stub-5b875d749d-6wxxk,1,16
1782485370,gsm-32,osmo-bsc-594654bd47-wx5fv,1,5
1782485370,gsm-32,osmo-bts-virtual-5f8b9b86fc-gkt55,26,5
1782485370,gsm-32,osmo-hlr-546bdb8988-s4bbk,1,2
1782485370,gsm-32,osmo-mgw-8c8fc67d6-c2jgx,1,2
1782485370,gsm-32,osmo-mobile-567ccbf999-c957g,3,36
1782485370,gsm-32,osmo-stp-768687f494-l699b,1,2
1782485370,gsm-32,ttcn3-tc-26-7-4-2-1-1-7cl96,1,7
1782485370,gsm-32,virtphy-6d5bdd8c84-wt4jd,6,1
1782485373,gsm-32,msc-test-stub-5b875d749d-6wxxk,1,16
1782485373,gsm-32,osmo-bsc-594654bd47-wx5fv,1,5
1782485373,gsm-32,osmo-bts-virtual-5f8b9b86fc-gkt55,26,5
1782485373,gsm-32,osmo-hlr-546bdb8988-s4bbk,1,2
1782485373,gsm-32,osmo-mgw-8c8fc67d6-c2jgx,1,2
1782485373,gsm-32,osmo-mobile-567ccbf999-c957g,3,36
1782485373,gsm-32,osmo-stp-768687f494-l699b,1,2
1782485373,gsm-32,ttcn3-tc-26-7-4-2-1-1-7cl96,1,7
1782485373,gsm-32,virtphy-6d5bdd8c84-wt4jd,6,1
1782485375,gsm-32,msc-test-stub-5b875d749d-6wxxk,1,16
1782485375,gsm-32,osmo-bsc-594654bd47-wx5fv,1,5
1782485375,gsm-32,osmo-bts-virtual-5f8b9b86fc-gkt55,26,5
1782485375,gsm-32,osmo-hlr-546bdb8988-s4bbk,1,2
1782485375,gsm-32,osmo-mgw-8c8fc67d6-c2jgx,1,2
1782485375,gsm-32,osmo-mobile-567ccbf999-c957g,3,36
1782485375,gsm-32,osmo-stp-768687f494-l699b,1,2
1782485375,gsm-32,ttcn3-tc-26-7-4-2-1-1-7cl96,1,7
1782485375,gsm-32,virtphy-6d5bdd8c84-wt4jd,6,1
1782485377,gsm-32,msc-test-stub-5b875d749d-6wxxk,1,16
1782485377,gsm-32,osmo-bsc-594654bd47-wx5fv,1,5
1782485377,gsm-32,osmo-bts-virtual-5f8b9b86fc-gkt55,26,5
1782485377,gsm-32,osmo-hlr-546bdb8988-s4bbk,1,2
1782485377,gsm-32,osmo-mgw-8c8fc67d6-c2jgx,1,2
1782485377,gsm-32,osmo-mobile-567ccbf999-c957g,3,36
1782485377,gsm-32,osmo-stp-768687f494-l699b,1,2
1782485377,gsm-32,ttcn3-tc-26-7-4-2-1-1-7cl96,1,7
1782485377,gsm-32,virtphy-6d5bdd8c84-wt4jd,6,1
1782485380,gsm-32,msc-test-stub-5b875d749d-6wxxk,1,16
1782485380,gsm-32,osmo-bsc-594654bd47-wx5fv,1,5
1782485380,gsm-32,osmo-bts-virtual-5f8b9b86fc-gkt55,26,5
1782485380,gsm-32,osmo-hlr-546bdb8988-s4bbk,1,2
1782485380,gsm-32,osmo-mgw-8c8fc67d6-c2jgx,1,2
1782485380,gsm-32,osmo-mobile-567ccbf999-c957g,3,36
1782485380,gsm-32,osmo-stp-768687f494-l699b,1,2
1782485380,gsm-32,ttcn3-tc-26-7-4-2-1-1-7cl96,1,7
1782485380,gsm-32,virtphy-6d5bdd8c84-wt4jd,6,1
1782485383,gsm-32,msc-test-stub-5b875d749d-6wxxk,1,16
1782485383,gsm-32,osmo-bsc-594654bd47-wx5fv,1,5
1782485383,gsm-32,osmo-bts-virtual-5f8b9b86fc-gkt55,24,5
1782485383,gsm-32,osmo-hlr-546bdb8988-s4bbk,1,2
1782485383,gsm-32,osmo-mgw-8c8fc67d6-c2jgx,1,2
1782485383,gsm-32,osmo-mobile-567ccbf999-c957g,3,36
1782485383,gsm-32,osmo-stp-768687f494-l699b,1,2
1782485383,gsm-32,ttcn3-tc-26-7-4-2-1-1-7cl96,1,7
1782485383,gsm-32,virtphy-6d5bdd8c84-wt4jd,6,1
1782485385,gsm-32,msc-test-stub-5b875d749d-6wxxk,1,16
1782485385,gsm-32,osmo-bsc-594654bd47-wx5fv,1,5
1782485385,gsm-32,osmo-bts-virtual-5f8b9b86fc-gkt55,24,5
1782485385,gsm-32,osmo-hlr-546bdb8988-s4bbk,1,2
1782485385,gsm-32,osmo-mgw-8c8fc67d6-c2jgx,1,2
1782485385,gsm-32,osmo-mobile-567ccbf999-c957g,3,36
1782485385,gsm-32,osmo-stp-768687f494-l699b,1,2
1782485385,gsm-32,ttcn3-tc-26-7-4-2-1-1-7cl96,1,7
1782485385,gsm-32,virtphy-6d5bdd8c84-wt4jd,6,1
1782485388,gsm-32,msc-test-stub-5b875d749d-6wxxk,1,16
1782485388,gsm-32,osmo-bsc-594654bd47-wx5fv,1,5
1782485388,gsm-32,osmo-bts-virtual-5f8b9b86fc-gkt55,24,5
1782485388,gsm-32,osmo-hlr-546bdb8988-s4bbk,1,2
1782485388,gsm-32,osmo-mgw-8c8fc67d6-c2jgx,1,2
1782485388,gsm-32,osmo-mobile-567ccbf999-c957g,3,36
1782485388,gsm-32,osmo-stp-768687f494-l699b,1,2
1782485388,gsm-32,ttcn3-tc-26-7-4-2-1-1-7cl96,1,7
1782485388,gsm-32,virtphy-6d5bdd8c84-wt4jd,6,1
1782485391,gsm-32,msc-test-stub-5b875d749d-6wxxk,1,16
1782485391,gsm-32,osmo-bsc-594654bd47-wx5fv,1,5
1782485391,gsm-32,osmo-bts-virtual-5f8b9b86fc-gkt55,24,5
1782485391,gsm-32,osmo-hlr-546bdb8988-s4bbk,1,2
1782485391,gsm-32,osmo-mgw-8c8fc67d6-c2jgx,1,2
1782485391,gsm-32,osmo-mobile-567ccbf999-c957g,3,36
1782485391,gsm-32,osmo-stp-768687f494-l699b,1,2
1782485391,gsm-32,ttcn3-tc-26-7-4-2-1-1-7cl96,1,7
1782485391,gsm-32,virtphy-6d5bdd8c84-wt4jd,6,1
1782485394,gsm-32,msc-test-stub-5b875d749d-6wxxk,1,16
1782485394,gsm-32,osmo-bsc-594654bd47-wx5fv,1,5
1782485394,gsm-32,osmo-bts-virtual-5f8b9b86fc-gkt55,24,5
1782485394,gsm-32,osmo-hlr-546bdb8988-s4bbk,1,2
1782485394,gsm-32,osmo-mgw-8c8fc67d6-c2jgx,1,2
1782485394,gsm-32,osmo-mobile-567ccbf999-c957g,3,36
1782485394,gsm-32,osmo-stp-768687f494-l699b,1,2
1782485394,gsm-32,ttcn3-tc-26-7-4-2-1-1-7cl96,1,7
1782485394,gsm-32,virtphy-6d5bdd8c84-wt4jd,6,1
1782485397,gsm-32,msc-test-stub-5b875d749d-6wxxk,1,16
1782485397,gsm-32,osmo-bsc-594654bd47-wx5fv,1,5
1782485397,gsm-32,osmo-bts-virtual-5f8b9b86fc-gkt55,24,5
1782485397,gsm-32,osmo-hlr-546bdb8988-s4bbk,1,2
1782485397,gsm-32,osmo-mgw-8c8fc67d6-c2jgx,1,2
1782485397,gsm-32,osmo-mobile-567ccbf999-c957g,3,36
1782485397,gsm-32,osmo-stp-768687f494-l699b,1,2
1782485397,gsm-32,ttcn3-tc-26-7-4-2-1-1-7cl96,1,7
1782485397,gsm-32,virtphy-6d5bdd8c84-wt4jd,6,1
1782485399,gsm-32,msc-test-stub-5b875d749d-6wxxk,1,16
1782485399,gsm-32,osmo-bsc-594654bd47-wx5fv,1,5
1782485399,gsm-32,osmo-bts-virtual-5f8b9b86fc-gkt55,26,5
1782485399,gsm-32,osmo-hlr-546bdb8988-s4bbk,1,2
1782485399,gsm-32,osmo-mgw-8c8fc67d6-c2jgx,1,2
1782485399,gsm-32,osmo-mobile-567ccbf999-c957g,3,36
1782485399,gsm-32,osmo-stp-768687f494-l699b,1,2
1782485399,gsm-32,ttcn3-tc-26-7-4-2-1-1-7cl96,1,6
1782485399,gsm-32,virtphy-6d5bdd8c84-wt4jd,6,1
1782485401,gsm-32,msc-test-stub-5b875d749d-6wxxk,1,16
1782485401,gsm-32,osmo-bsc-594654bd47-wx5fv,1,5
1782485401,gsm-32,osmo-bts-virtual-5f8b9b86fc-gkt55,26,5
1782485401,gsm-32,osmo-hlr-546bdb8988-s4bbk,1,2
1782485401,gsm-32,osmo-mgw-8c8fc67d6-c2jgx,1,2
1782485401,gsm-32,osmo-mobile-567ccbf999-c957g,3,36
1782485401,gsm-32,osmo-stp-768687f494-l699b,1,2
1782485401,gsm-32,ttcn3-tc-26-7-4-2-1-1-7cl96,1,6
1782485401,gsm-32,virtphy-6d5bdd8c84-wt4jd,6,1
1782485404,gsm-32,msc-test-stub-5b875d749d-6wxxk,1,16
1782485404,gsm-32,osmo-bsc-594654bd47-wx5fv,1,5
1782485404,gsm-32,osmo-bts-virtual-5f8b9b86fc-gkt55,26,5
1782485404,gsm-32,osmo-hlr-546bdb8988-s4bbk,1,2
1782485404,gsm-32,osmo-mgw-8c8fc67d6-c2jgx,1,2
1782485404,gsm-32,osmo-mobile-567ccbf999-c957g,3,36
1782485404,gsm-32,osmo-stp-768687f494-l699b,1,2
1782485404,gsm-32,ttcn3-tc-26-7-4-2-1-1-7cl96,1,6
1782485404,gsm-32,virtphy-6d5bdd8c84-wt4jd,6,1
1782485407,gsm-32,msc-test-stub-5b875d749d-6wxxk,1,16
1782485407,gsm-32,osmo-bsc-594654bd47-wx5fv,1,5
1782485407,gsm-32,osmo-bts-virtual-5f8b9b86fc-gkt55,26,5
1782485407,gsm-32,osmo-hlr-546bdb8988-s4bbk,1,2
1782485407,gsm-32,osmo-mgw-8c8fc67d6-c2jgx,1,2
1782485407,gsm-32,osmo-mobile-567ccbf999-c957g,3,36
1782485407,gsm-32,osmo-stp-768687f494-l699b,1,2
1782485407,gsm-32,ttcn3-tc-26-7-4-2-1-1-7cl96,1,6
1782485407,gsm-32,virtphy-6d5bdd8c84-wt4jd,6,1
1782485409,gsm-32,msc-test-stub-5b875d749d-6wxxk,1,16
1782485409,gsm-32,osmo-bsc-594654bd47-wx5fv,1,5
1782485409,gsm-32,osmo-bts-virtual-5f8b9b86fc-gkt55,26,5
1782485409,gsm-32,osmo-hlr-546bdb8988-s4bbk,1,2
1782485409,gsm-32,osmo-mgw-8c8fc67d6-c2jgx,1,2
1782485409,gsm-32,osmo-mobile-567ccbf999-c957g,3,36
1782485409,gsm-32,osmo-stp-768687f494-l699b,1,2
1782485409,gsm-32,ttcn3-tc-26-7-4-2-1-1-7cl96,1,6
1782485409,gsm-32,virtphy-6d5bdd8c84-wt4jd,6,1
1782485411,gsm-32,msc-test-stub-5b875d749d-6wxxk,1,16
1782485411,gsm-32,osmo-bsc-594654bd47-wx5fv,1,5
1782485411,gsm-32,osmo-bts-virtual-5f8b9b86fc-gkt55,26,5
1782485411,gsm-32,osmo-hlr-546bdb8988-s4bbk,1,2
1782485411,gsm-32,osmo-mgw-8c8fc67d6-c2jgx,1,2
1782485411,gsm-32,osmo-mobile-567ccbf999-c957g,3,36
1782485411,gsm-32,osmo-stp-768687f494-l699b,1,2
1782485411,gsm-32,ttcn3-tc-26-7-4-2-1-1-7cl96,1,6
1782485411,gsm-32,virtphy-6d5bdd8c84-wt4jd,6,1
1782485414,gsm-32,msc-test-stub-5b875d749d-6wxxk,1,16
1782485414,gsm-32,osmo-bsc-594654bd47-wx5fv,1,5
1782485414,gsm-32,osmo-bts-virtual-5f8b9b86fc-gkt55,26,5
1782485414,gsm-32,osmo-hlr-546bdb8988-s4bbk,1,2
1782485414,gsm-32,osmo-mgw-8c8fc67d6-c2jgx,1,2
1782485414,gsm-32,osmo-mobile-567ccbf999-c957g,4,38
1782485414,gsm-32,osmo-stp-768687f494-l699b,1,2
1782485414,gsm-32,ttcn3-tc-26-7-4-2-1-1-7cl96,1,6
1782485414,gsm-32,virtphy-6d5bdd8c84-wt4jd,6,4
1782485417,gsm-32,msc-test-stub-5b875d749d-6wxxk,1,16
1782485417,gsm-32,osmo-bsc-594654bd47-wx5fv,1,5
1782485417,gsm-32,osmo-bts-virtual-5f8b9b86fc-gkt55,26,5
1782485417,gsm-32,osmo-hlr-546bdb8988-s4bbk,1,2
1782485417,gsm-32,osmo-mgw-8c8fc67d6-c2jgx,1,2
1782485417,gsm-32,osmo-mobile-567ccbf999-c957g,4,38
1782485417,gsm-32,osmo-stp-768687f494-l699b,1,2
1782485417,gsm-32,ttcn3-tc-26-7-4-2-1-1-7cl96,1,6
1782485417,gsm-32,virtphy-6d5bdd8c84-wt4jd,6,4
1782485423,gsm-32,msc-test-stub-5b875d749d-6wxxk,1,16
1782485423,gsm-32,osmo-bsc-594654bd47-wx5fv,1,5
1782485423,gsm-32,osmo-bts-virtual-5f8b9b86fc-gkt55,26,5
1782485423,gsm-32,osmo-hlr-546bdb8988-s4bbk,1,2
1782485423,gsm-32,osmo-mgw-8c8fc67d6-c2jgx,1,2
1782485423,gsm-32,osmo-mobile-567ccbf999-c957g,4,38
1782485423,gsm-32,osmo-stp-768687f494-l699b,1,2
1782485423,gsm-32,ttcn3-tc-26-7-4-2-1-1-7cl96,1,6
1782485423,gsm-32,virtphy-6d5bdd8c84-wt4jd,6,4
1782485425,gsm-32,msc-test-stub-5b875d749d-6wxxk,1,16
1782485425,gsm-32,osmo-bsc-594654bd47-wx5fv,1,5
1782485425,gsm-32,osmo-bts-virtual-5f8b9b86fc-gkt55,26,5
1782485425,gsm-32,osmo-hlr-546bdb8988-s4bbk,1,2
1782485425,gsm-32,osmo-mgw-8c8fc67d6-c2jgx,1,2
1782485425,gsm-32,osmo-mobile-567ccbf999-c957g,4,38
1782485425,gsm-32,osmo-stp-768687f494-l699b,1,2
1782485425,gsm-32,ttcn3-tc-26-7-4-2-1-1-7cl96,1,6
1782485425,gsm-32,virtphy-6d5bdd8c84-wt4jd,6,4
1782485428,gsm-32,msc-test-stub-5b875d749d-6wxxk,1,16
1782485428,gsm-32,osmo-bsc-594654bd47-wx5fv,1,5
1782485428,gsm-32,osmo-bts-virtual-5f8b9b86fc-gkt55,25,5
1782485428,gsm-32,osmo-hlr-546bdb8988-s4bbk,1,2
1782485428,gsm-32,osmo-mgw-8c8fc67d6-c2jgx,1,2
1782485428,gsm-32,osmo-mobile-567ccbf999-c957g,4,38
1782485428,gsm-32,osmo-stp-768687f494-l699b,1,2
1782485428,gsm-32,ttcn3-tc-26-7-4-2-1-1-7cl96,1,6
1782485428,gsm-32,virtphy-6d5bdd8c84-wt4jd,6,1
1782485431,gsm-32,msc-test-stub-5b875d749d-6wxxk,1,16
1782485431,gsm-32,osmo-bsc-594654bd47-wx5fv,1,5
1782485431,gsm-32,osmo-bts-virtual-5f8b9b86fc-gkt55,25,5
1782485431,gsm-32,osmo-hlr-546bdb8988-s4bbk,1,2
1782485431,gsm-32,osmo-mgw-8c8fc67d6-c2jgx,1,2
1782485431,gsm-32,osmo-mobile-567ccbf999-c957g,4,38
1782485431,gsm-32,osmo-stp-768687f494-l699b,1,2
1782485431,gsm-32,ttcn3-tc-26-7-4-2-1-1-7cl96,1,6
1782485431,gsm-32,virtphy-6d5bdd8c84-wt4jd,6,1
1782485433,gsm-32,msc-test-stub-5b875d749d-6wxxk,1,16
1782485433,gsm-32,osmo-bsc-594654bd47-wx5fv,1,5
1782485433,gsm-32,osmo-bts-virtual-5f8b9b86fc-gkt55,25,5
1782485433,gsm-32,osmo-hlr-546bdb8988-s4bbk,1,2
1782485433,gsm-32,osmo-mgw-8c8fc67d6-c2jgx,1,2
1782485433,gsm-32,osmo-mobile-567ccbf999-c957g,4,38
1782485433,gsm-32,osmo-stp-768687f494-l699b,1,2
1782485433,gsm-32,ttcn3-tc-26-7-4-2-1-1-7cl96,1,6
1782485433,gsm-32,virtphy-6d5bdd8c84-wt4jd,6,1
1782485435,gsm-32,msc-test-stub-5b875d749d-6wxxk,1,16
1782485435,gsm-32,osmo-bsc-594654bd47-wx5fv,1,5
1782485435,gsm-32,osmo-bts-virtual-5f8b9b86fc-gkt55,25,5
1782485435,gsm-32,osmo-hlr-546bdb8988-s4bbk,1,2
1782485435,gsm-32,osmo-mgw-8c8fc67d6-c2jgx,1,2
1782485435,gsm-32,osmo-mobile-567ccbf999-c957g,4,38
1782485435,gsm-32,osmo-stp-768687f494-l699b,1,2
1782485435,gsm-32,ttcn3-tc-26-7-4-2-1-1-7cl96,1,6
1782485435,gsm-32,virtphy-6d5bdd8c84-wt4jd,6,1
1782485438,gsm-32,msc-test-stub-5b875d749d-6wxxk,1,16
1782485438,gsm-32,osmo-bsc-594654bd47-wx5fv,1,5
1782485438,gsm-32,osmo-bts-virtual-5f8b9b86fc-gkt55,25,5
1782485438,gsm-32,osmo-hlr-546bdb8988-s4bbk,1,2
1782485438,gsm-32,osmo-mgw-8c8fc67d6-c2jgx,1,2
1782485438,gsm-32,osmo-mobile-567ccbf999-c957g,4,38
1782485438,gsm-32,osmo-stp-768687f494-l699b,1,2
1782485438,gsm-32,ttcn3-tc-26-7-4-2-1-1-7cl96,1,6
1782485438,gsm-32,virtphy-6d5bdd8c84-wt4jd,6,1
1782485440,gsm-32,msc-test-stub-5b875d749d-6wxxk,1,16
1782485440,gsm-32,osmo-bsc-594654bd47-wx5fv,1,5
1782485440,gsm-32,osmo-bts-virtual-5f8b9b86fc-gkt55,25,5
1782485440,gsm-32,osmo-hlr-546bdb8988-s4bbk,1,2
1782485440,gsm-32,osmo-mgw-8c8fc67d6-c2jgx,1,2
1782485440,gsm-32,osmo-mobile-567ccbf999-c957g,4,38
1782485440,gsm-32,osmo-stp-768687f494-l699b,1,2
1782485440,gsm-32,ttcn3-tc-26-7-4-2-1-1-7cl96,1,6
1782485440,gsm-32,virtphy-6d5bdd8c84-wt4jd,6,1
1782485442,gsm-32,osmo-bsc-594654bd47-wx5fv,1,5
1782485442,gsm-32,osmo-bts-virtual-5f8b9b86fc-gkt55,26,5
1782485442,gsm-32,osmo-hlr-546bdb8988-s4bbk,1,2
1782485442,gsm-32,osmo-mgw-8c8fc67d6-c2jgx,1,2
1782485442,gsm-32,osmo-mobile-567ccbf999-c957g,3,38
1782485442,gsm-32,osmo-stp-768687f494-l699b,1,2
1782485442,gsm-32,ttcn3-tc-26-7-4-2-1-1-7cl96,1,6
1782485442,gsm-32,virtphy-6d5bdd8c84-wt4jd,6,1
1782485445,gsm-32,osmo-bsc-594654bd47-wx5fv,1,5
1782485445,gsm-32,osmo-bts-virtual-5f8b9b86fc-gkt55,26,5
1782485445,gsm-32,osmo-hlr-546bdb8988-s4bbk,1,2
1782485445,gsm-32,osmo-mgw-8c8fc67d6-c2jgx,1,2
1782485445,gsm-32,osmo-mobile-567ccbf999-c957g,3,38
1782485445,gsm-32,osmo-stp-768687f494-l699b,1,2
1782485445,gsm-32,ttcn3-tc-26-7-4-2-1-1-7cl96,1,6
1782485445,gsm-32,virtphy-6d5bdd8c84-wt4jd,6,1
1782485448,gsm-32,osmo-bsc-594654bd47-wx5fv,1,5
1782485448,gsm-32,osmo-bts-virtual-5f8b9b86fc-gkt55,26,5
1782485448,gsm-32,osmo-hlr-546bdb8988-s4bbk,1,2
1782485448,gsm-32,osmo-mgw-8c8fc67d6-c2jgx,1,2
1782485448,gsm-32,osmo-mobile-567ccbf999-c957g,3,38
1782485448,gsm-32,osmo-stp-768687f494-l699b,1,2
1782485448,gsm-32,ttcn3-tc-26-7-4-2-1-1-7cl96,1,6
1782485448,gsm-32,virtphy-6d5bdd8c84-wt4jd,6,1
1782485450,gsm-32,osmo-bsc-594654bd47-wx5fv,1,5
1782485450,gsm-32,osmo-bts-virtual-5f8b9b86fc-gkt55,26,5
1782485450,gsm-32,osmo-hlr-546bdb8988-s4bbk,1,2
1782485450,gsm-32,osmo-mgw-8c8fc67d6-c2jgx,1,2
1782485450,gsm-32,osmo-mobile-567ccbf999-c957g,3,38
1782485450,gsm-32,osmo-stp-768687f494-l699b,1,2
1782485450,gsm-32,ttcn3-tc-26-7-4-2-1-1-7cl96,1,6
1782485450,gsm-32,virtphy-6d5bdd8c84-wt4jd,6,1
1782485452,gsm-32,osmo-bsc-594654bd47-wx5fv,1,5
1782485452,gsm-32,osmo-bts-virtual-5f8b9b86fc-gkt55,26,5
1782485452,gsm-32,osmo-hlr-546bdb8988-s4bbk,1,2
1782485452,gsm-32,osmo-mgw-8c8fc67d6-c2jgx,1,2
1782485452,gsm-32,osmo-mobile-567ccbf999-c957g,3,38
1782485452,gsm-32,osmo-stp-768687f494-l699b,1,2
1782485452,gsm-32,ttcn3-tc-26-7-4-2-1-1-7cl96,1,6
1782485452,gsm-32,virtphy-6d5bdd8c84-wt4jd,6,1
1782485454,gsm-32,osmo-bsc-594654bd47-wx5fv,1,5
1782485454,gsm-32,osmo-bts-virtual-5f8b9b86fc-gkt55,26,5
1782485454,gsm-32,osmo-hlr-546bdb8988-s4bbk,1,2
1782485454,gsm-32,osmo-mgw-8c8fc67d6-c2jgx,1,2
1782485454,gsm-32,osmo-mobile-567ccbf999-c957g,3,38
1782485454,gsm-32,osmo-stp-768687f494-l699b,1,2
1782485454,gsm-32,ttcn3-tc-26-7-4-2-1-1-7cl96,1,6
1782485454,gsm-32,virtphy-6d5bdd8c84-wt4jd,6,1
1782485457,gsm-32,osmo-bsc-594654bd47-wx5fv,1,5
1782485457,gsm-32,osmo-bts-virtual-5f8b9b86fc-gkt55,26,5
1782485457,gsm-32,osmo-hlr-546bdb8988-s4bbk,1,2
1782485457,gsm-32,osmo-mgw-8c8fc67d6-c2jgx,1,2
1782485457,gsm-32,osmo-mobile-567ccbf999-c957g,3,38
1782485457,gsm-32,osmo-stp-768687f494-l699b,1,2
1782485457,gsm-32,ttcn3-tc-26-7-4-2-1-1-7cl96,1,6
1782485457,gsm-32,virtphy-6d5bdd8c84-wt4jd,6,1
1782485460,gsm-32,msc-test-stub-5b875d749d-6wxxk,1,16
1782485460,gsm-32,osmo-bsc-594654bd47-wx5fv,1,5
1782485460,gsm-32,osmo-bts-virtual-5f8b9b86fc-gkt55,27,5
1782485460,gsm-32,osmo-hlr-546bdb8988-s4bbk,1,2
1782485460,gsm-32,osmo-mgw-8c8fc67d6-c2jgx,1,2
1782485460,gsm-32,osmo-mobile-567ccbf999-c957g,3,38
1782485460,gsm-32,osmo-stp-768687f494-l699b,1,2
1782485460,gsm-32,ttcn3-tc-26-7-4-2-1-1-7cl96,1,6
1782485460,gsm-32,virtphy-6d5bdd8c84-wt4jd,6,1
1782485462,gsm-32,msc-test-stub-5b875d749d-6wxxk,1,16
1782485462,gsm-32,osmo-bsc-594654bd47-wx5fv,1,5
1782485462,gsm-32,osmo-bts-virtual-5f8b9b86fc-gkt55,27,5
1782485462,gsm-32,osmo-hlr-546bdb8988-s4bbk,1,2
1782485462,gsm-32,osmo-mgw-8c8fc67d6-c2jgx,1,2
1782485462,gsm-32,osmo-mobile-567ccbf999-c957g,3,38
1782485462,gsm-32,osmo-stp-768687f494-l699b,1,2
1782485462,gsm-32,ttcn3-tc-26-7-4-2-1-1-7cl96,1,6
1782485462,gsm-32,virtphy-6d5bdd8c84-wt4jd,6,1
1782485464,gsm-32,msc-test-stub-5b875d749d-6wxxk,1,16
1782485464,gsm-32,osmo-bsc-594654bd47-wx5fv,1,5
1782485464,gsm-32,osmo-bts-virtual-5f8b9b86fc-gkt55,27,5
1782485464,gsm-32,osmo-hlr-546bdb8988-s4bbk,1,2
1782485464,gsm-32,osmo-mgw-8c8fc67d6-c2jgx,1,2
1782485464,gsm-32,osmo-mobile-567ccbf999-c957g,3,38
1782485464,gsm-32,osmo-stp-768687f494-l699b,1,2
1782485464,gsm-32,ttcn3-tc-26-7-4-2-1-1-7cl96,1,6
1782485464,gsm-32,virtphy-6d5bdd8c84-wt4jd,6,1
1782485467,gsm-32,msc-test-stub-5b875d749d-6wxxk,1,16
1782485467,gsm-32,osmo-bsc-594654bd47-wx5fv,1,5
1782485467,gsm-32,osmo-bts-virtual-5f8b9b86fc-gkt55,27,5
1782485467,gsm-32,osmo-hlr-546bdb8988-s4bbk,1,2
1782485467,gsm-32,osmo-mgw-8c8fc67d6-c2jgx,1,2
1782485467,gsm-32,osmo-mobile-567ccbf999-c957g,3,38
1782485467,gsm-32,osmo-stp-768687f494-l699b,1,2
1782485467,gsm-32,ttcn3-tc-26-7-4-2-1-1-7cl96,1,6
1782485467,gsm-32,virtphy-6d5bdd8c84-wt4jd,6,1
1782485469,gsm-32,msc-test-stub-5b875d749d-6wxxk,1,16
1782485469,gsm-32,osmo-bsc-594654bd47-wx5fv,1,5
1782485469,gsm-32,osmo-bts-virtual-5f8b9b86fc-gkt55,27,5
1782485469,gsm-32,osmo-hlr-546bdb8988-s4bbk,1,2
1782485469,gsm-32,osmo-mgw-8c8fc67d6-c2jgx,1,2
1782485469,gsm-32,osmo-mobile-567ccbf999-c957g,3,38
1782485469,gsm-32,osmo-stp-768687f494-l699b,1,2
1782485469,gsm-32,ttcn3-tc-26-7-4-2-1-1-7cl96,1,6
1782485469,gsm-32,virtphy-6d5bdd8c84-wt4jd,6,1
1782485471,gsm-32,msc-test-stub-5b875d749d-6wxxk,1,16
1782485471,gsm-32,osmo-bsc-594654bd47-wx5fv,1,5
1782485471,gsm-32,osmo-bts-virtual-5f8b9b86fc-gkt55,27,5
1782485471,gsm-32,osmo-hlr-546bdb8988-s4bbk,1,2
1782485471,gsm-32,osmo-mgw-8c8fc67d6-c2jgx,1,2
1782485471,gsm-32,osmo-mobile-567ccbf999-c957g,3,38
1782485471,gsm-32,osmo-stp-768687f494-l699b,1,2
1782485471,gsm-32,ttcn3-tc-26-7-4-2-1-1-7cl96,1,6
1782485471,gsm-32,virtphy-6d5bdd8c84-wt4jd,6,1
1782485473,gsm-32,msc-test-stub-5b875d749d-6wxxk,1,16
1782485473,gsm-32,osmo-bsc-594654bd47-wx5fv,1,5
1782485473,gsm-32,osmo-bts-virtual-5f8b9b86fc-gkt55,26,5
1782485473,gsm-32,osmo-hlr-546bdb8988-s4bbk,1,2
1782485473,gsm-32,osmo-mgw-8c8fc67d6-c2jgx,1,2
1782485473,gsm-32,osmo-mobile-567ccbf999-c957g,3,38
1782485473,gsm-32,osmo-stp-768687f494-l699b,1,2
1782485473,gsm-32,ttcn3-tc-26-7-4-2-1-1-7cl96,1,6
1782485473,gsm-32,virtphy-6d5bdd8c84-wt4jd,6,1
1782485476,gsm-32,msc-test-stub-5b875d749d-6wxxk,1,16
1782485476,gsm-32,osmo-bsc-594654bd47-wx5fv,1,5
1782485476,gsm-32,osmo-bts-virtual-5f8b9b86fc-gkt55,26,5
1782485476,gsm-32,osmo-hlr-546bdb8988-s4bbk,1,2
1782485476,gsm-32,osmo-mgw-8c8fc67d6-c2jgx,1,2
1782485476,gsm-32,osmo-mobile-567ccbf999-c957g,3,38
1782485476,gsm-32,osmo-stp-768687f494-l699b,1,2
1782485476,gsm-32,ttcn3-tc-26-7-4-2-1-1-7cl96,1,6
1782485476,gsm-32,virtphy-6d5bdd8c84-wt4jd,6,1
1782485479,gsm-32,msc-test-stub-5b875d749d-6wxxk,1,16
1782485479,gsm-32,osmo-bsc-594654bd47-wx5fv,1,5
1782485479,gsm-32,osmo-bts-virtual-5f8b9b86fc-gkt55,26,5
1782485479,gsm-32,osmo-hlr-546bdb8988-s4bbk,1,2
1782485479,gsm-32,osmo-mgw-8c8fc67d6-c2jgx,1,2
1782485479,gsm-32,osmo-mobile-567ccbf999-c957g,3,38
1782485479,gsm-32,osmo-stp-768687f494-l699b,1,2
1782485479,gsm-32,ttcn3-tc-26-7-4-2-1-1-7cl96,1,6
1782485479,gsm-32,virtphy-6d5bdd8c84-wt4jd,6,1
1782485481,gsm-32,msc-test-stub-5b875d749d-6wxxk,1,16
1782485481,gsm-32,osmo-bsc-594654bd47-wx5fv,1,5
1782485481,gsm-32,osmo-bts-virtual-5f8b9b86fc-gkt55,26,5
1782485481,gsm-32,osmo-hlr-546bdb8988-s4bbk,1,2
1782485481,gsm-32,osmo-mgw-8c8fc67d6-c2jgx,1,2
1782485481,gsm-32,osmo-mobile-567ccbf999-c957g,3,38
1782485481,gsm-32,osmo-stp-768687f494-l699b,1,2
1782485481,gsm-32,ttcn3-tc-26-7-4-2-1-1-7cl96,1,6
1782485481,gsm-32,virtphy-6d5bdd8c84-wt4jd,6,1
1782485485,gsm-32,msc-test-stub-5b875d749d-6wxxk,1,16
1782485485,gsm-32,osmo-bsc-594654bd47-wx5fv,1,5
1782485485,gsm-32,osmo-bts-virtual-5f8b9b86fc-gkt55,26,5
1782485485,gsm-32,osmo-hlr-546bdb8988-s4bbk,1,2
1782485485,gsm-32,osmo-mgw-8c8fc67d6-c2jgx,1,2
1782485485,gsm-32,osmo-mobile-567ccbf999-c957g,3,38
1782485485,gsm-32,osmo-stp-768687f494-l699b,1,2
1782485485,gsm-32,ttcn3-tc-26-7-4-2-1-1-7cl96,1,6
1782485485,gsm-32,virtphy-6d5bdd8c84-wt4jd,6,1
1782485487,gsm-32,msc-test-stub-5b875d749d-6wxxk,1,16
1782485487,gsm-32,osmo-bsc-594654bd47-wx5fv,1,5
1782485487,gsm-32,osmo-bts-virtual-5f8b9b86fc-gkt55,26,5
1782485487,gsm-32,osmo-hlr-546bdb8988-s4bbk,1,2
1782485487,gsm-32,osmo-mgw-8c8fc67d6-c2jgx,1,2
1782485487,gsm-32,osmo-mobile-567ccbf999-c957g,3,38
1782485487,gsm-32,osmo-stp-768687f494-l699b,1,2
1782485487,gsm-32,ttcn3-tc-26-7-4-2-1-1-7cl96,1,6
1782485487,gsm-32,virtphy-6d5bdd8c84-wt4jd,6,1
1782485490,gsm-32,msc-test-stub-5b875d749d-6wxxk,1,16
1782485490,gsm-32,osmo-bsc-594654bd47-wx5fv,1,5
1782485490,gsm-32,osmo-bts-virtual-5f8b9b86fc-gkt55,26,5
1782485490,gsm-32,osmo-hlr-546bdb8988-s4bbk,1,2
1782485490,gsm-32,osmo-mgw-8c8fc67d6-c2jgx,1,2
1782485490,gsm-32,osmo-mobile-567ccbf999-c957g,3,38
1782485490,gsm-32,osmo-stp-768687f494-l699b,1,2
1782485490,gsm-32,ttcn3-tc-26-7-4-2-1-1-7cl96,1,6
1782485490,gsm-32,virtphy-6d5bdd8c84-wt4jd,6,1
1782485493,gsm-32,msc-test-stub-5b875d749d-6wxxk,1,16
1782485493,gsm-32,osmo-bsc-594654bd47-wx5fv,1,5
1782485493,gsm-32,osmo-bts-virtual-5f8b9b86fc-gkt55,26,5
1782485493,gsm-32,osmo-hlr-546bdb8988-s4bbk,1,2
1782485493,gsm-32,osmo-mgw-8c8fc67d6-c2jgx,1,2
1782485493,gsm-32,osmo-mobile-567ccbf999-c957g,3,38
1782485493,gsm-32,osmo-stp-768687f494-l699b,1,2
1782485493,gsm-32,ttcn3-tc-26-7-4-2-1-1-7cl96,1,6
1782485493,gsm-32,virtphy-6d5bdd8c84-wt4jd,6,1
1782485496,gsm-32,msc-test-stub-5b875d749d-6wxxk,1,16
1782485496,gsm-32,osmo-bsc-594654bd47-wx5fv,1,5
1782485496,gsm-32,osmo-bts-virtual-5f8b9b86fc-gkt55,26,5
1782485496,gsm-32,osmo-hlr-546bdb8988-s4bbk,1,2
1782485496,gsm-32,osmo-mgw-8c8fc67d6-c2jgx,1,2
1782485496,gsm-32,osmo-mobile-567ccbf999-c957g,3,38
1782485496,gsm-32,osmo-stp-768687f494-l699b,1,2
1782485496,gsm-32,ttcn3-tc-26-7-4-2-1-1-7cl96,1,6
1782485496,gsm-32,virtphy-6d5bdd8c84-wt4jd,6,1
1782485499,gsm-32,msc-test-stub-5b875d749d-6wxxk,1,16
1782485499,gsm-32,osmo-bsc-594654bd47-wx5fv,1,5
1782485499,gsm-32,osmo-bts-virtual-5f8b9b86fc-gkt55,26,5
1782485499,gsm-32,osmo-hlr-546bdb8988-s4bbk,1,2
1782485499,gsm-32,osmo-mgw-8c8fc67d6-c2jgx,1,2
1782485499,gsm-32,osmo-mobile-567ccbf999-c957g,3,38
1782485499,gsm-32,osmo-stp-768687f494-l699b,1,2
1782485499,gsm-32,ttcn3-tc-26-7-4-2-1-1-7cl96,1,6
1782485499,gsm-32,virtphy-6d5bdd8c84-wt4jd,6,1
1782485502,gsm-32,msc-test-stub-5b875d749d-6wxxk,1,16
1782485502,gsm-32,osmo-bsc-594654bd47-wx5fv,1,5
1782485502,gsm-32,osmo-bts-virtual-5f8b9b86fc-gkt55,30,5
1782485502,gsm-32,osmo-hlr-546bdb8988-s4bbk,1,2
1782485502,gsm-32,osmo-mgw-8c8fc67d6-c2jgx,1,2
1782485502,gsm-32,osmo-mobile-567ccbf999-c957g,3,38
1782485502,gsm-32,osmo-stp-768687f494-l699b,1,2
1782485502,gsm-32,ttcn3-tc-26-7-4-2-1-1-7cl96,1,6
1782485502,gsm-32,virtphy-6d5bdd8c84-wt4jd,6,1
1782485505,gsm-32,msc-test-stub-5b875d749d-6wxxk,1,16
1782485505,gsm-32,osmo-bsc-594654bd47-wx5fv,1,5
1782485505,gsm-32,osmo-bts-virtual-5f8b9b86fc-gkt55,30,5
1782485505,gsm-32,osmo-hlr-546bdb8988-s4bbk,1,2
1782485505,gsm-32,osmo-mgw-8c8fc67d6-c2jgx,1,2
1782485505,gsm-32,osmo-mobile-567ccbf999-c957g,3,38
1782485505,gsm-32,osmo-stp-768687f494-l699b,1,2
1782485505,gsm-32,ttcn3-tc-26-7-4-2-1-1-7cl96,1,6
1782485505,gsm-32,virtphy-6d5bdd8c84-wt4jd,6,1
1782485509,gsm-32,msc-test-stub-5b875d749d-6wxxk,1,16
1782485509,gsm-32,osmo-bsc-594654bd47-wx5fv,1,5
1782485509,gsm-32,osmo-bts-virtual-5f8b9b86fc-gkt55,30,5
1782485509,gsm-32,osmo-hlr-546bdb8988-s4bbk,1,2
1782485509,gsm-32,osmo-mgw-8c8fc67d6-c2jgx,1,2
1782485509,gsm-32,osmo-mobile-567ccbf999-c957g,3,38
1782485509,gsm-32,osmo-stp-768687f494-l699b,1,2
1782485509,gsm-32,ttcn3-tc-26-7-4-2-1-1-7cl96,1,6
1782485509,gsm-32,virtphy-6d5bdd8c84-wt4jd,6,1
1782485512,gsm-32,msc-test-stub-5b875d749d-6wxxk,1,16
1782485512,gsm-32,osmo-bsc-594654bd47-wx5fv,1,5
1782485512,gsm-32,osmo-bts-virtual-5f8b9b86fc-gkt55,30,5
1782485512,gsm-32,osmo-hlr-546bdb8988-s4bbk,1,2
1782485512,gsm-32,osmo-mgw-8c8fc67d6-c2jgx,1,2
1782485512,gsm-32,osmo-mobile-567ccbf999-c957g,3,38
1782485512,gsm-32,osmo-stp-768687f494-l699b,1,2
1782485512,gsm-32,ttcn3-tc-26-7-4-2-1-1-7cl96,1,6
1782485512,gsm-32,virtphy-6d5bdd8c84-wt4jd,6,1
1782485514,gsm-32,msc-test-stub-5b875d749d-6wxxk,1,16
1782485514,gsm-32,osmo-bsc-594654bd47-wx5fv,1,5
1782485514,gsm-32,osmo-bts-virtual-5f8b9b86fc-gkt55,30,5
1782485514,gsm-32,osmo-hlr-546bdb8988-s4bbk,1,2
1782485514,gsm-32,osmo-mgw-8c8fc67d6-c2jgx,1,2
1782485514,gsm-32,osmo-mobile-567ccbf999-c957g,3,38
1782485514,gsm-32,osmo-stp-768687f494-l699b,1,2
1782485514,gsm-32,ttcn3-tc-26-7-4-2-1-1-7cl96,1,6
1782485514,gsm-32,virtphy-6d5bdd8c84-wt4jd,6,1
1782485518,gsm-32,msc-test-stub-5b875d749d-6wxxk,1,16
1782485518,gsm-32,osmo-bsc-594654bd47-wx5fv,1,5
1782485518,gsm-32,osmo-bts-virtual-5f8b9b86fc-gkt55,29,5
1782485518,gsm-32,osmo-hlr-546bdb8988-s4bbk,1,2
1782485518,gsm-32,osmo-mgw-8c8fc67d6-c2jgx,1,2
1782485518,gsm-32,osmo-mobile-567ccbf999-c957g,3,38
1782485518,gsm-32,osmo-stp-768687f494-l699b,1,2
1782485518,gsm-32,ttcn3-tc-26-7-4-2-1-1-7cl96,1,6
1782485518,gsm-32,virtphy-6d5bdd8c84-wt4jd,6,1
1782485521,gsm-32,msc-test-stub-5b875d749d-6wxxk,1,16
1782485521,gsm-32,osmo-bsc-594654bd47-wx5fv,1,5
1782485521,gsm-32,osmo-bts-virtual-5f8b9b86fc-gkt55,29,5
1782485521,gsm-32,osmo-hlr-546bdb8988-s4bbk,1,2
1782485521,gsm-32,osmo-mgw-8c8fc67d6-c2jgx,1,2
1782485521,gsm-32,osmo-mobile-567ccbf999-c957g,3,38
1782485521,gsm-32,osmo-stp-768687f494-l699b,1,2
1782485521,gsm-32,ttcn3-tc-26-7-4-2-1-1-7cl96,1,6
1782485521,gsm-32,virtphy-6d5bdd8c84-wt4jd,6,1
1782485524,gsm-32,msc-test-stub-5b875d749d-6wxxk,1,16
1782485524,gsm-32,osmo-bsc-594654bd47-wx5fv,1,5
1782485524,gsm-32,osmo-bts-virtual-5f8b9b86fc-gkt55,29,5
1782485524,gsm-32,osmo-hlr-546bdb8988-s4bbk,1,2
1782485524,gsm-32,osmo-mgw-8c8fc67d6-c2jgx,1,2
1782485524,gsm-32,osmo-mobile-567ccbf999-c957g,3,38
1782485524,gsm-32,osmo-stp-768687f494-l699b,1,2
1782485524,gsm-32,ttcn3-tc-26-7-4-2-1-1-7cl96,1,6
1782485524,gsm-32,virtphy-6d5bdd8c84-wt4jd,6,1
1782485527,gsm-32,msc-test-stub-5b875d749d-6wxxk,1,16
1782485527,gsm-32,osmo-bsc-594654bd47-wx5fv,1,5
1782485527,gsm-32,osmo-bts-virtual-5f8b9b86fc-gkt55,29,5
1782485527,gsm-32,osmo-hlr-546bdb8988-s4bbk,1,2
1782485527,gsm-32,osmo-mgw-8c8fc67d6-c2jgx,1,2
1782485527,gsm-32,osmo-mobile-567ccbf999-c957g,3,38
1782485527,gsm-32,osmo-stp-768687f494-l699b,1,2
1782485527,gsm-32,ttcn3-tc-26-7-4-2-1-1-7cl96,1,6
1782485527,gsm-32,virtphy-6d5bdd8c84-wt4jd,6,1
1782485531,gsm-32,msc-test-stub-5b875d749d-6wxxk,1,16
1782485531,gsm-32,osmo-bsc-594654bd47-wx5fv,1,5
1782485531,gsm-32,osmo-bts-virtual-5f8b9b86fc-gkt55,29,5
1782485531,gsm-32,osmo-hlr-546bdb8988-s4bbk,1,2
1782485531,gsm-32,osmo-mgw-8c8fc67d6-c2jgx,1,2
1782485531,gsm-32,osmo-mobile-567ccbf999-c957g,3,38
1782485531,gsm-32,osmo-stp-768687f494-l699b,1,2
1782485531,gsm-32,ttcn3-tc-26-7-4-2-1-1-7cl96,1,6
1782485531,gsm-32,virtphy-6d5bdd8c84-wt4jd,6,1
1782485533,gsm-32,msc-test-stub-5b875d749d-6wxxk,1,16
1782485533,gsm-32,osmo-bsc-594654bd47-wx5fv,1,5
1782485533,gsm-32,osmo-bts-virtual-5f8b9b86fc-gkt55,29,5
1782485533,gsm-32,osmo-hlr-546bdb8988-s4bbk,1,2
1782485533,gsm-32,osmo-mgw-8c8fc67d6-c2jgx,1,2
1782485533,gsm-32,osmo-mobile-567ccbf999-c957g,3,38
1782485533,gsm-32,osmo-stp-768687f494-l699b,1,2
1782485533,gsm-32,ttcn3-tc-26-7-4-2-1-1-7cl96,1,6
1782485533,gsm-32,virtphy-6d5bdd8c84-wt4jd,6,1
1782485535,gsm-32,msc-test-stub-5b875d749d-6wxxk,1,16
1782485535,gsm-32,osmo-bsc-594654bd47-wx5fv,1,5
1782485535,gsm-32,osmo-bts-virtual-5f8b9b86fc-gkt55,29,5
1782485535,gsm-32,osmo-hlr-546bdb8988-s4bbk,1,2
1782485535,gsm-32,osmo-mgw-8c8fc67d6-c2jgx,1,2
1782485535,gsm-32,osmo-mobile-567ccbf999-c957g,3,38
1782485535,gsm-32,osmo-stp-768687f494-l699b,1,2
1782485535,gsm-32,ttcn3-tc-26-7-4-2-1-1-7cl96,1,6
1782485535,gsm-32,virtphy-6d5bdd8c84-wt4jd,6,1
1782485538,gsm-32,msc-test-stub-5b875d749d-6wxxk,1,16
1782485538,gsm-32,osmo-bsc-594654bd47-wx5fv,1,5
1782485538,gsm-32,osmo-bts-virtual-5f8b9b86fc-gkt55,29,5
1782485538,gsm-32,osmo-hlr-546bdb8988-s4bbk,1,2
1782485538,gsm-32,osmo-mgw-8c8fc67d6-c2jgx,1,2
1782485538,gsm-32,osmo-mobile-567ccbf999-c957g,3,38
1782485538,gsm-32,osmo-stp-768687f494-l699b,1,2
1782485538,gsm-32,ttcn3-tc-26-7-4-2-1-1-7cl96,1,6
1782485538,gsm-32,virtphy-6d5bdd8c84-wt4jd,6,1
1782485540,gsm-32,msc-test-stub-5b875d749d-6wxxk,1,16
1782485540,gsm-32,osmo-bsc-594654bd47-wx5fv,1,5
1782485540,gsm-32,osmo-bts-virtual-5f8b9b86fc-gkt55,29,5
1782485540,gsm-32,osmo-hlr-546bdb8988-s4bbk,1,2
1782485540,gsm-32,osmo-mgw-8c8fc67d6-c2jgx,1,2
1782485540,gsm-32,osmo-mobile-567ccbf999-c957g,3,38
1782485540,gsm-32,osmo-stp-768687f494-l699b,1,2
1782485540,gsm-32,ttcn3-tc-26-7-4-2-1-1-7cl96,1,6
1782485540,gsm-32,virtphy-6d5bdd8c84-wt4jd,6,1
1782485542,gsm-32,msc-test-stub-5b875d749d-6wxxk,1,16
1782485542,gsm-32,osmo-bsc-594654bd47-wx5fv,1,5
1782485542,gsm-32,osmo-bts-virtual-5f8b9b86fc-gkt55,29,5
1782485542,gsm-32,osmo-hlr-546bdb8988-s4bbk,1,2
1782485542,gsm-32,osmo-mgw-8c8fc67d6-c2jgx,1,2
1782485542,gsm-32,osmo-mobile-567ccbf999-c957g,3,38
1782485542,gsm-32,osmo-stp-768687f494-l699b,1,2
1782485542,gsm-32,ttcn3-tc-26-7-4-2-1-1-7cl96,1,6
1782485542,gsm-32,virtphy-6d5bdd8c84-wt4jd,6,1
1782485544,gsm-32,msc-test-stub-5b875d749d-6wxxk,1,16
1782485544,gsm-32,osmo-bsc-594654bd47-wx5fv,1,5
1782485544,gsm-32,osmo-bts-virtual-5f8b9b86fc-gkt55,29,5
1782485544,gsm-32,osmo-hlr-546bdb8988-s4bbk,1,2
1782485544,gsm-32,osmo-mgw-8c8fc67d6-c2jgx,1,2
1782485544,gsm-32,osmo-mobile-567ccbf999-c957g,3,38
1782485544,gsm-32,osmo-stp-768687f494-l699b,1,2
1782485544,gsm-32,ttcn3-tc-26-7-4-2-1-1-7cl96,1,6
1782485544,gsm-32,virtphy-6d5bdd8c84-wt4jd,6,1
1782485547,gsm-32,msc-test-stub-5b875d749d-6wxxk,1,16
1782485547,gsm-32,osmo-bsc-594654bd47-wx5fv,1,5
1782485547,gsm-32,osmo-bts-virtual-5f8b9b86fc-gkt55,29,5
1782485547,gsm-32,osmo-hlr-546bdb8988-s4bbk,1,2
1782485547,gsm-32,osmo-mgw-8c8fc67d6-c2jgx,1,2
1782485547,gsm-32,osmo-mobile-567ccbf999-c957g,3,38
1782485547,gsm-32,osmo-stp-768687f494-l699b,1,2
1782485547,gsm-32,ttcn3-tc-26-7-4-2-1-1-7cl96,1,6
1782485547,gsm-32,virtphy-6d5bdd8c84-wt4jd,7,1
1782485550,gsm-32,msc-test-stub-5b875d749d-6wxxk,1,16
1782485550,gsm-32,osmo-bsc-594654bd47-wx5fv,1,5
1782485550,gsm-32,osmo-bts-virtual-5f8b9b86fc-gkt55,29,5
1782485550,gsm-32,osmo-hlr-546bdb8988-s4bbk,1,2
1782485550,gsm-32,osmo-mgw-8c8fc67d6-c2jgx,1,2
1782485550,gsm-32,osmo-mobile-567ccbf999-c957g,3,38
1782485550,gsm-32,osmo-stp-768687f494-l699b,1,2
1782485550,gsm-32,ttcn3-tc-26-7-4-2-1-1-7cl96,1,6
1782485550,gsm-32,virtphy-6d5bdd8c84-wt4jd,7,1
1782485552,gsm-32,msc-test-stub-5b875d749d-6wxxk,1,16
1782485552,gsm-32,osmo-bsc-594654bd47-wx5fv,1,5
1782485552,gsm-32,osmo-bts-virtual-5f8b9b86fc-gkt55,29,5
1782485552,gsm-32,osmo-hlr-546bdb8988-s4bbk,1,2
1782485552,gsm-32,osmo-mgw-8c8fc67d6-c2jgx,1,2
1782485552,gsm-32,osmo-mobile-567ccbf999-c957g,3,38
1782485552,gsm-32,osmo-stp-768687f494-l699b,1,2
1782485552,gsm-32,ttcn3-tc-26-7-4-2-1-1-7cl96,1,6
1782485552,gsm-32,virtphy-6d5bdd8c84-wt4jd,7,1
1782485555,gsm-32,msc-test-stub-5b875d749d-6wxxk,1,16
1782485555,gsm-32,osmo-bsc-594654bd47-wx5fv,1,5
1782485555,gsm-32,osmo-bts-virtual-5f8b9b86fc-gkt55,29,5
1782485555,gsm-32,osmo-hlr-546bdb8988-s4bbk,1,2
1782485555,gsm-32,osmo-mgw-8c8fc67d6-c2jgx,1,2
1782485555,gsm-32,osmo-mobile-567ccbf999-c957g,3,38
1782485555,gsm-32,osmo-stp-768687f494-l699b,1,2
1782485555,gsm-32,ttcn3-tc-26-7-4-2-1-1-7cl96,1,6
1782485555,gsm-32,virtphy-6d5bdd8c84-wt4jd,7,1
1782485558,gsm-32,msc-test-stub-5b875d749d-6wxxk,1,16
1782485558,gsm-32,osmo-bsc-594654bd47-wx5fv,1,5
1782485558,gsm-32,osmo-bts-virtual-5f8b9b86fc-gkt55,29,5
1782485558,gsm-32,osmo-hlr-546bdb8988-s4bbk,1,2
1782485558,gsm-32,osmo-mgw-8c8fc67d6-c2jgx,1,2
1782485558,gsm-32,osmo-mobile-567ccbf999-c957g,3,38
1782485558,gsm-32,osmo-stp-768687f494-l699b,1,2
1782485558,gsm-32,ttcn3-tc-26-7-4-2-1-1-7cl96,1,6
1782485558,gsm-32,virtphy-6d5bdd8c84-wt4jd,7,1
1782485562,gsm-32,msc-test-stub-5b875d749d-6wxxk,1,16
1782485562,gsm-32,osmo-bsc-594654bd47-wx5fv,1,5
1782485562,gsm-32,osmo-bts-virtual-5f8b9b86fc-gkt55,29,5
1782485562,gsm-32,osmo-hlr-546bdb8988-s4bbk,1,2
1782485562,gsm-32,osmo-mgw-8c8fc67d6-c2jgx,1,2
1782485562,gsm-32,osmo-mobile-567ccbf999-c957g,3,38
1782485562,gsm-32,osmo-stp-768687f494-l699b,1,2
1782485562,gsm-32,ttcn3-tc-26-7-4-2-1-1-7cl96,1,6
1782485562,gsm-32,virtphy-6d5bdd8c84-wt4jd,7,1
1782485564,gsm-32,msc-test-stub-5b875d749d-6wxxk,1,16
1782485564,gsm-32,osmo-bsc-594654bd47-wx5fv,1,5
1782485564,gsm-32,osmo-bts-virtual-5f8b9b86fc-gkt55,29,5
1782485564,gsm-32,osmo-hlr-546bdb8988-s4bbk,1,2
1782485564,gsm-32,osmo-mgw-8c8fc67d6-c2jgx,1,2
1782485564,gsm-32,osmo-mobile-567ccbf999-c957g,3,38
1782485564,gsm-32,osmo-stp-768687f494-l699b,1,2
1782485564,gsm-32,ttcn3-tc-26-7-4-2-1-1-7cl96,1,6
1782485564,gsm-32,virtphy-6d5bdd8c84-wt4jd,6,1
1782485567,gsm-32,msc-test-stub-5b875d749d-6wxxk,1,16
1782485567,gsm-32,osmo-bsc-594654bd47-wx5fv,1,5
1782485567,gsm-32,osmo-bts-virtual-5f8b9b86fc-gkt55,29,5
1782485567,gsm-32,osmo-hlr-546bdb8988-s4bbk,1,2
1782485567,gsm-32,osmo-mgw-8c8fc67d6-c2jgx,1,2
1782485567,gsm-32,osmo-mobile-567ccbf999-c957g,3,38
1782485567,gsm-32,osmo-stp-768687f494-l699b,1,2
1782485567,gsm-32,ttcn3-tc-26-7-4-2-1-1-7cl96,1,6
1782485567,gsm-32,virtphy-6d5bdd8c84-wt4jd,6,1
1782485570,gsm-32,msc-test-stub-5b875d749d-6wxxk,1,16
1782485570,gsm-32,osmo-bsc-594654bd47-wx5fv,1,5
1782485570,gsm-32,osmo-bts-virtual-5f8b9b86fc-gkt55,29,5
1782485570,gsm-32,osmo-hlr-546bdb8988-s4bbk,1,2
1782485570,gsm-32,osmo-mgw-8c8fc67d6-c2jgx,1,2
1782485570,gsm-32,osmo-mobile-567ccbf999-c957g,3,38
1782485570,gsm-32,osmo-stp-768687f494-l699b,1,2
1782485570,gsm-32,ttcn3-tc-26-7-4-2-1-1-7cl96,1,6
1782485570,gsm-32,virtphy-6d5bdd8c84-wt4jd,6,1
1782485574,gsm-32,msc-test-stub-5b875d749d-6wxxk,1,16
1782485574,gsm-32,osmo-bsc-594654bd47-wx5fv,1,5
1782485574,gsm-32,osmo-bts-virtual-5f8b9b86fc-gkt55,29,5
1782485574,gsm-32,osmo-hlr-546bdb8988-s4bbk,1,2
1782485574,gsm-32,osmo-mgw-8c8fc67d6-c2jgx,1,2
1782485574,gsm-32,osmo-mobile-567ccbf999-c957g,3,38
1782485574,gsm-32,osmo-stp-768687f494-l699b,1,2
1782485574,gsm-32,ttcn3-tc-26-7-4-2-1-1-7cl96,1,6
1782485574,gsm-32,virtphy-6d5bdd8c84-wt4jd,6,1
1782485576,gsm-32,msc-test-stub-5b875d749d-6wxxk,1,16
1782485576,gsm-32,osmo-bsc-594654bd47-wx5fv,1,5
1782485576,gsm-32,osmo-bts-virtual-5f8b9b86fc-gkt55,29,5
1782485576,gsm-32,osmo-hlr-546bdb8988-s4bbk,1,2
1782485576,gsm-32,osmo-mgw-8c8fc67d6-c2jgx,1,2
1782485576,gsm-32,osmo-mobile-567ccbf999-c957g,3,38
1782485576,gsm-32,osmo-stp-768687f494-l699b,1,2
1782485576,gsm-32,ttcn3-tc-26-7-4-2-1-1-7cl96,1,6
1782485576,gsm-32,virtphy-6d5bdd8c84-wt4jd,6,1
1782485579,gsm-32,msc-test-stub-5b875d749d-6wxxk,1,16
1782485579,gsm-32,osmo-bsc-594654bd47-wx5fv,1,5
1782485579,gsm-32,osmo-bts-virtual-5f8b9b86fc-gkt55,28,5
1782485579,gsm-32,osmo-hlr-546bdb8988-s4bbk,1,2
1782485579,gsm-32,osmo-mgw-8c8fc67d6-c2jgx,1,2
1782485579,gsm-32,osmo-mobile-567ccbf999-c957g,3,38
1782485579,gsm-32,osmo-stp-768687f494-l699b,1,2
1782485579,gsm-32,ttcn3-tc-26-7-4-2-1-1-7cl96,1,6
1782485579,gsm-32,virtphy-6d5bdd8c84-wt4jd,6,1
1782485583,gsm-32,msc-test-stub-5b875d749d-6wxxk,1,16
1782485583,gsm-32,osmo-bsc-594654bd47-wx5fv,1,5
1782485583,gsm-32,osmo-bts-virtual-5f8b9b86fc-gkt55,28,5
1782485583,gsm-32,osmo-hlr-546bdb8988-s4bbk,1,2
1782485583,gsm-32,osmo-mgw-8c8fc67d6-c2jgx,1,2
1782485583,gsm-32,osmo-mobile-567ccbf999-c957g,3,38
1782485583,gsm-32,osmo-stp-768687f494-l699b,1,2
1782485583,gsm-32,ttcn3-tc-26-7-4-2-1-1-7cl96,1,6
1782485583,gsm-32,virtphy-6d5bdd8c84-wt4jd,6,1
1782485585,gsm-32,msc-test-stub-5b875d749d-6wxxk,1,16
1782485585,gsm-32,osmo-bsc-594654bd47-wx5fv,1,5
1782485585,gsm-32,osmo-bts-virtual-5f8b9b86fc-gkt55,28,5
1782485585,gsm-32,osmo-hlr-546bdb8988-s4bbk,1,2
1782485585,gsm-32,osmo-mgw-8c8fc67d6-c2jgx,1,2
1782485585,gsm-32,osmo-mobile-567ccbf999-c957g,3,38
1782485585,gsm-32,osmo-stp-768687f494-l699b,1,2
1782485585,gsm-32,ttcn3-tc-26-7-4-2-1-1-7cl96,1,6
1782485585,gsm-32,virtphy-6d5bdd8c84-wt4jd,6,1
1782485588,gsm-32,msc-test-stub-5b875d749d-6wxxk,1,16
1782485588,gsm-32,osmo-bsc-594654bd47-wx5fv,1,5
1782485588,gsm-32,osmo-bts-virtual-5f8b9b86fc-gkt55,28,5
1782485588,gsm-32,osmo-hlr-546bdb8988-s4bbk,1,2
1782485588,gsm-32,osmo-mgw-8c8fc67d6-c2jgx,1,2
1782485588,gsm-32,osmo-mobile-567ccbf999-c957g,3,38
1782485588,gsm-32,osmo-stp-768687f494-l699b,1,2
1782485588,gsm-32,ttcn3-tc-26-7-4-2-1-1-7cl96,1,6
1782485588,gsm-32,virtphy-6d5bdd8c84-wt4jd,6,1
1782485591,gsm-32,msc-test-stub-5b875d749d-6wxxk,1,16
1782485591,gsm-32,osmo-bsc-594654bd47-wx5fv,1,5
1782485591,gsm-32,osmo-bts-virtual-5f8b9b86fc-gkt55,28,5
1782485591,gsm-32,osmo-hlr-546bdb8988-s4bbk,1,2
1782485591,gsm-32,osmo-mgw-8c8fc67d6-c2jgx,1,2
1782485591,gsm-32,osmo-mobile-567ccbf999-c957g,3,38
1782485591,gsm-32,osmo-stp-768687f494-l699b,1,2
1782485591,gsm-32,ttcn3-tc-26-7-4-2-1-1-7cl96,1,6
1782485591,gsm-32,virtphy-6d5bdd8c84-wt4jd,6,1
1782485594,gsm-32,msc-test-stub-5b875d749d-6wxxk,1,16
1782485594,gsm-32,osmo-bsc-594654bd47-wx5fv,1,5
1782485594,gsm-32,osmo-bts-virtual-5f8b9b86fc-gkt55,28,5
1782485594,gsm-32,osmo-hlr-546bdb8988-s4bbk,1,2
1782485594,gsm-32,osmo-mgw-8c8fc67d6-c2jgx,1,2
1782485594,gsm-32,osmo-mobile-567ccbf999-c957g,3,38
1782485594,gsm-32,osmo-stp-768687f494-l699b,1,2
1782485594,gsm-32,ttcn3-tc-26-7-4-2-1-1-7cl96,1,6
1782485594,gsm-32,virtphy-6d5bdd8c84-wt4jd,6,1
1782485597,gsm-32,msc-test-stub-5b875d749d-6wxxk,1,16
1782485597,gsm-32,osmo-bsc-594654bd47-wx5fv,1,5
1782485597,gsm-32,osmo-bts-virtual-5f8b9b86fc-gkt55,28,5
1782485597,gsm-32,osmo-hlr-546bdb8988-s4bbk,1,2
1782485597,gsm-32,osmo-mgw-8c8fc67d6-c2jgx,1,2
1782485597,gsm-32,osmo-mobile-567ccbf999-c957g,3,38
1782485597,gsm-32,osmo-stp-768687f494-l699b,1,2
1782485597,gsm-32,ttcn3-tc-26-7-4-2-1-1-7cl96,1,6
1782485597,gsm-32,virtphy-6d5bdd8c84-wt4jd,6,1
1782485600,gsm-32,msc-test-stub-5b875d749d-6wxxk,1,16
1782485600,gsm-32,osmo-bsc-594654bd47-wx5fv,1,5
1782485600,gsm-32,osmo-bts-virtual-5f8b9b86fc-gkt55,28,5
1782485600,gsm-32,osmo-hlr-546bdb8988-s4bbk,1,2
1782485600,gsm-32,osmo-mgw-8c8fc67d6-c2jgx,1,2
1782485600,gsm-32,osmo-mobile-567ccbf999-c957g,3,38
1782485600,gsm-32,osmo-stp-768687f494-l699b,1,2
1782485600,gsm-32,ttcn3-tc-26-7-4-2-1-1-7cl96,1,6
1782485600,gsm-32,virtphy-6d5bdd8c84-wt4jd,6,1
1782485602,gsm-32,msc-test-stub-5b875d749d-6wxxk,1,16
1782485602,gsm-32,osmo-bsc-594654bd47-wx5fv,1,5
1782485602,gsm-32,osmo-bts-virtual-5f8b9b86fc-gkt55,28,5
1782485602,gsm-32,osmo-hlr-546bdb8988-s4bbk,1,2
1782485602,gsm-32,osmo-mgw-8c8fc67d6-c2jgx,1,2
1782485602,gsm-32,osmo-mobile-567ccbf999-c957g,3,38
1782485602,gsm-32,osmo-stp-768687f494-l699b,1,2
1782485602,gsm-32,ttcn3-tc-26-7-4-2-1-1-7cl96,1,6
1782485602,gsm-32,virtphy-6d5bdd8c84-wt4jd,6,1
1782485605,gsm-32,msc-test-stub-5b875d749d-6wxxk,1,16
1782485605,gsm-32,osmo-bsc-594654bd47-wx5fv,1,5
1782485605,gsm-32,osmo-bts-virtual-5f8b9b86fc-gkt55,28,5
1782485605,gsm-32,osmo-hlr-546bdb8988-s4bbk,1,2
1782485605,gsm-32,osmo-mgw-8c8fc67d6-c2jgx,1,2
1782485605,gsm-32,osmo-mobile-567ccbf999-c957g,3,38
1782485605,gsm-32,osmo-stp-768687f494-l699b,1,2
1782485605,gsm-32,ttcn3-tc-26-7-4-2-1-1-7cl96,1,6
1782485605,gsm-32,virtphy-6d5bdd8c84-wt4jd,6,1
1782485608,gsm-32,msc-test-stub-5b875d749d-6wxxk,1,16
1782485608,gsm-32,osmo-bsc-594654bd47-wx5fv,1,5
1782485608,gsm-32,osmo-bts-virtual-5f8b9b86fc-gkt55,29,5
1782485608,gsm-32,osmo-hlr-546bdb8988-s4bbk,1,2
1782485608,gsm-32,osmo-mgw-8c8fc67d6-c2jgx,1,2
1782485608,gsm-32,osmo-mobile-567ccbf999-c957g,3,38
1782485608,gsm-32,osmo-stp-768687f494-l699b,1,2
1782485608,gsm-32,ttcn3-tc-26-7-4-2-1-1-7cl96,1,6
1782485608,gsm-32,virtphy-6d5bdd8c84-wt4jd,6,1
1782485610,gsm-32,msc-test-stub-5b875d749d-6wxxk,1,16
1782485610,gsm-32,osmo-bsc-594654bd47-wx5fv,1,5
1782485610,gsm-32,osmo-bts-virtual-5f8b9b86fc-gkt55,29,5
1782485610,gsm-32,osmo-hlr-546bdb8988-s4bbk,1,2
1782485610,gsm-32,osmo-mgw-8c8fc67d6-c2jgx,1,2
1782485610,gsm-32,osmo-mobile-567ccbf999-c957g,3,38
1782485610,gsm-32,osmo-stp-768687f494-l699b,1,2
1782485610,gsm-32,ttcn3-tc-26-7-4-2-1-1-7cl96,1,6
1782485610,gsm-32,virtphy-6d5bdd8c84-wt4jd,6,1
1782485613,gsm-32,msc-test-stub-5b875d749d-6wxxk,1,16
1782485613,gsm-32,osmo-bsc-594654bd47-wx5fv,1,5
1782485613,gsm-32,osmo-bts-virtual-5f8b9b86fc-gkt55,29,5
1782485613,gsm-32,osmo-hlr-546bdb8988-s4bbk,1,2
1782485613,gsm-32,osmo-mgw-8c8fc67d6-c2jgx,1,2
1782485613,gsm-32,osmo-mobile-567ccbf999-c957g,3,38
1782485613,gsm-32,osmo-stp-768687f494-l699b,1,2
1782485613,gsm-32,ttcn3-tc-26-7-4-2-1-1-7cl96,1,6
1782485613,gsm-32,virtphy-6d5bdd8c84-wt4jd,6,1
1782485615,gsm-32,msc-test-stub-5b875d749d-6wxxk,1,16
1782485615,gsm-32,osmo-bsc-594654bd47-wx5fv,1,5
1782485615,gsm-32,osmo-bts-virtual-5f8b9b86fc-gkt55,29,5
1782485615,gsm-32,osmo-hlr-546bdb8988-s4bbk,1,2
1782485615,gsm-32,osmo-mgw-8c8fc67d6-c2jgx,1,2
1782485615,gsm-32,osmo-mobile-567ccbf999-c957g,3,38
1782485615,gsm-32,osmo-stp-768687f494-l699b,1,2
1782485615,gsm-32,ttcn3-tc-26-7-4-2-1-1-7cl96,1,6
1782485615,gsm-32,virtphy-6d5bdd8c84-wt4jd,6,1
1782485618,gsm-32,msc-test-stub-5b875d749d-6wxxk,1,16
1782485618,gsm-32,osmo-bsc-594654bd47-wx5fv,1,5
1782485618,gsm-32,osmo-bts-virtual-5f8b9b86fc-gkt55,29,5
1782485618,gsm-32,osmo-hlr-546bdb8988-s4bbk,1,2
1782485618,gsm-32,osmo-mgw-8c8fc67d6-c2jgx,1,2
1782485618,gsm-32,osmo-mobile-567ccbf999-c957g,3,38
1782485618,gsm-32,osmo-stp-768687f494-l699b,1,2
1782485618,gsm-32,ttcn3-tc-26-7-4-2-1-1-7cl96,1,6
1782485618,gsm-32,virtphy-6d5bdd8c84-wt4jd,6,1
1782485620,gsm-32,msc-test-stub-5b875d749d-6wxxk,1,16
1782485620,gsm-32,osmo-bsc-594654bd47-wx5fv,1,5
1782485620,gsm-32,osmo-bts-virtual-5f8b9b86fc-gkt55,29,5
1782485620,gsm-32,osmo-hlr-546bdb8988-s4bbk,1,2
1782485620,gsm-32,osmo-mgw-8c8fc67d6-c2jgx,1,2
1782485620,gsm-32,osmo-mobile-567ccbf999-c957g,3,38
1782485620,gsm-32,osmo-stp-768687f494-l699b,1,2
1782485620,gsm-32,ttcn3-tc-26-7-4-2-1-1-7cl96,1,6
1782485620,gsm-32,virtphy-6d5bdd8c84-wt4jd,6,1
1782485623,gsm-32,msc-test-stub-5b875d749d-6wxxk,1,16
1782485623,gsm-32,osmo-bsc-594654bd47-wx5fv,1,5
1782485623,gsm-32,osmo-bts-virtual-5f8b9b86fc-gkt55,29,5
1782485623,gsm-32,osmo-hlr-546bdb8988-s4bbk,1,2
1782485623,gsm-32,osmo-mgw-8c8fc67d6-c2jgx,1,2
1782485623,gsm-32,osmo-mobile-567ccbf999-c957g,3,38
1782485623,gsm-32,osmo-stp-768687f494-l699b,1,2
1782485623,gsm-32,ttcn3-tc-26-7-4-2-1-1-7cl96,1,6
1782485623,gsm-32,virtphy-6d5bdd8c84-wt4jd,6,1
1782485626,gsm-32,msc-test-stub-5b875d749d-6wxxk,1,16
1782485626,gsm-32,osmo-bsc-594654bd47-wx5fv,1,5
1782485626,gsm-32,osmo-bts-virtual-5f8b9b86fc-gkt55,29,5
1782485626,gsm-32,osmo-hlr-546bdb8988-s4bbk,1,2
1782485626,gsm-32,osmo-mgw-8c8fc67d6-c2jgx,1,2
1782485626,gsm-32,osmo-mobile-567ccbf999-c957g,3,38
1782485626,gsm-32,osmo-stp-768687f494-l699b,1,2
1782485626,gsm-32,ttcn3-tc-26-7-4-2-1-1-7cl96,1,6
1782485626,gsm-32,virtphy-6d5bdd8c84-wt4jd,6,1
1782485628,gsm-32,msc-test-stub-5b875d749d-6wxxk,1,16
1782485628,gsm-32,osmo-bsc-594654bd47-wx5fv,1,5
1782485628,gsm-32,osmo-bts-virtual-5f8b9b86fc-gkt55,29,5
1782485628,gsm-32,osmo-hlr-546bdb8988-s4bbk,1,2
1782485628,gsm-32,osmo-mgw-8c8fc67d6-c2jgx,1,2
1782485628,gsm-32,osmo-mobile-567ccbf999-c957g,3,38
1782485628,gsm-32,osmo-stp-768687f494-l699b,1,2
1782485628,gsm-32,ttcn3-tc-26-7-4-2-1-1-7cl96,1,6
1782485628,gsm-32,virtphy-6d5bdd8c84-wt4jd,6,1
1782485630,gsm-32,msc-test-stub-5b875d749d-6wxxk,1,16
1782485630,gsm-32,osmo-bsc-594654bd47-wx5fv,1,5
1782485630,gsm-32,osmo-bts-virtual-5f8b9b86fc-gkt55,29,5
1782485630,gsm-32,osmo-hlr-546bdb8988-s4bbk,1,2
1782485630,gsm-32,osmo-mgw-8c8fc67d6-c2jgx,1,2
1782485630,gsm-32,osmo-mobile-567ccbf999-c957g,3,38
1782485630,gsm-32,osmo-stp-768687f494-l699b,1,2
1782485630,gsm-32,ttcn3-tc-26-7-4-2-1-1-7cl96,1,6
1782485630,gsm-32,virtphy-6d5bdd8c84-wt4jd,6,1
1782485633,gsm-32,msc-test-stub-5b875d749d-6wxxk,1,16
1782485633,gsm-32,osmo-bsc-594654bd47-wx5fv,1,5
1782485633,gsm-32,osmo-bts-virtual-5f8b9b86fc-gkt55,29,5
1782485633,gsm-32,osmo-hlr-546bdb8988-s4bbk,1,2
1782485633,gsm-32,osmo-mgw-8c8fc67d6-c2jgx,1,2
1782485633,gsm-32,osmo-mobile-567ccbf999-c957g,3,38
1782485633,gsm-32,osmo-stp-768687f494-l699b,1,2
1782485633,gsm-32,ttcn3-tc-26-7-4-2-1-1-7cl96,1,6
1782485633,gsm-32,virtphy-6d5bdd8c84-wt4jd,6,1
1782485635,gsm-32,msc-test-stub-5b875d749d-6wxxk,1,16
1782485635,gsm-32,osmo-bsc-594654bd47-wx5fv,1,5
1782485635,gsm-32,osmo-bts-virtual-5f8b9b86fc-gkt55,29,5
1782485635,gsm-32,osmo-hlr-546bdb8988-s4bbk,1,2
1782485635,gsm-32,osmo-mgw-8c8fc67d6-c2jgx,1,2
1782485635,gsm-32,osmo-mobile-567ccbf999-c957g,3,38
1782485635,gsm-32,osmo-stp-768687f494-l699b,1,2
1782485635,gsm-32,ttcn3-tc-26-7-4-2-1-1-7cl96,1,6
1782485635,gsm-32,virtphy-6d5bdd8c84-wt4jd,6,1
1782485637,gsm-32,msc-test-stub-5b875d749d-6wxxk,1,16
1782485637,gsm-32,osmo-bsc-594654bd47-wx5fv,1,5
1782485637,gsm-32,osmo-bts-virtual-5f8b9b86fc-gkt55,26,5
1782485637,gsm-32,osmo-hlr-546bdb8988-s4bbk,1,2
1782485637,gsm-32,osmo-mgw-8c8fc67d6-c2jgx,1,2
1782485637,gsm-32,osmo-mobile-567ccbf999-c957g,3,38
1782485637,gsm-32,osmo-stp-768687f494-l699b,1,2
1782485637,gsm-32,ttcn3-tc-26-7-4-2-1-1-7cl96,1,6
1782485637,gsm-32,virtphy-6d5bdd8c84-wt4jd,6,1
1782485640,gsm-32,msc-test-stub-5b875d749d-6wxxk,1,16
1782485640,gsm-32,osmo-bsc-594654bd47-wx5fv,1,5
1782485640,gsm-32,osmo-bts-virtual-5f8b9b86fc-gkt55,26,5
1782485640,gsm-32,osmo-hlr-546bdb8988-s4bbk,1,2
1782485640,gsm-32,osmo-mgw-8c8fc67d6-c2jgx,1,2
1782485640,gsm-32,osmo-mobile-567ccbf999-c957g,3,38
1782485640,gsm-32,osmo-stp-768687f494-l699b,1,2
1782485640,gsm-32,ttcn3-tc-26-7-4-2-1-1-7cl96,1,6
1782485640,gsm-32,virtphy-6d5bdd8c84-wt4jd,6,1
1782485643,gsm-32,msc-test-stub-5b875d749d-6wxxk,1,16
1782485643,gsm-32,osmo-bsc-594654bd47-wx5fv,1,5
1782485643,gsm-32,osmo-bts-virtual-5f8b9b86fc-gkt55,26,5
1782485643,gsm-32,osmo-hlr-546bdb8988-s4bbk,1,2
1782485643,gsm-32,osmo-mgw-8c8fc67d6-c2jgx,1,2
1782485643,gsm-32,osmo-mobile-567ccbf999-c957g,3,38
1782485643,gsm-32,osmo-stp-768687f494-l699b,1,2
1782485643,gsm-32,ttcn3-tc-26-7-4-2-1-1-7cl96,1,6
1782485643,gsm-32,virtphy-6d5bdd8c84-wt4jd,6,1
1782485647,gsm-32,msc-test-stub-5b875d749d-6wxxk,1,16
1782485647,gsm-32,osmo-bsc-594654bd47-wx5fv,1,5
1782485647,gsm-32,osmo-bts-virtual-5f8b9b86fc-gkt55,26,5
1782485647,gsm-32,osmo-hlr-546bdb8988-s4bbk,1,2
1782485647,gsm-32,osmo-mgw-8c8fc67d6-c2jgx,1,2
1782485647,gsm-32,osmo-mobile-567ccbf999-c957g,3,38
1782485647,gsm-32,osmo-stp-768687f494-l699b,1,2
1782485647,gsm-32,ttcn3-tc-26-7-4-2-1-1-7cl96,1,6
1782485647,gsm-32,virtphy-6d5bdd8c84-wt4jd,6,1
1782485649,gsm-32,msc-test-stub-5b875d749d-6wxxk,1,16
1782485649,gsm-32,osmo-bsc-594654bd47-wx5fv,1,5
1782485649,gsm-32,osmo-bts-virtual-5f8b9b86fc-gkt55,26,5
1782485649,gsm-32,osmo-hlr-546bdb8988-s4bbk,1,2
1782485649,gsm-32,osmo-mgw-8c8fc67d6-c2jgx,1,2
1782485649,gsm-32,osmo-mobile-567ccbf999-c957g,3,38
1782485649,gsm-32,osmo-stp-768687f494-l699b,1,2
1782485649,gsm-32,ttcn3-tc-26-7-4-2-1-1-7cl96,1,6
1782485649,gsm-32,virtphy-6d5bdd8c84-wt4jd,6,1
1782485652,gsm-32,msc-test-stub-5b875d749d-6wxxk,1,16
1782485652,gsm-32,osmo-bsc-594654bd47-wx5fv,1,5
1782485652,gsm-32,osmo-bts-virtual-5f8b9b86fc-gkt55,26,5
1782485652,gsm-32,osmo-hlr-546bdb8988-s4bbk,1,2
1782485652,gsm-32,osmo-mgw-8c8fc67d6-c2jgx,1,2
1782485652,gsm-32,osmo-mobile-567ccbf999-c957g,3,38
1782485652,gsm-32,osmo-stp-768687f494-l699b,1,2
1782485652,gsm-32,ttcn3-tc-26-7-4-2-1-1-7cl96,1,6
1782485652,gsm-32,virtphy-6d5bdd8c84-wt4jd,6,1
1782485654,gsm-32,msc-test-stub-5b875d749d-6wxxk,1,16
1782485654,gsm-32,osmo-bsc-594654bd47-wx5fv,1,5
1782485654,gsm-32,osmo-bts-virtual-5f8b9b86fc-gkt55,24,5
1782485654,gsm-32,osmo-hlr-546bdb8988-s4bbk,1,2
1782485654,gsm-32,osmo-mgw-8c8fc67d6-c2jgx,1,2
1782485654,gsm-32,osmo-mobile-567ccbf999-c957g,3,38
1782485654,gsm-32,osmo-stp-768687f494-l699b,1,2
1782485654,gsm-32,ttcn3-tc-26-7-4-2-1-1-7cl96,1,6
1782485654,gsm-32,virtphy-6d5bdd8c84-wt4jd,7,1
1782485657,gsm-32,msc-test-stub-5b875d749d-6wxxk,1,16
1782485657,gsm-32,osmo-bsc-594654bd47-wx5fv,1,5
1782485657,gsm-32,osmo-bts-virtual-5f8b9b86fc-gkt55,24,5
1782485657,gsm-32,osmo-hlr-546bdb8988-s4bbk,1,2
1782485657,gsm-32,osmo-mgw-8c8fc67d6-c2jgx,1,2
1782485657,gsm-32,osmo-mobile-567ccbf999-c957g,3,38
1782485657,gsm-32,osmo-stp-768687f494-l699b,1,2
1782485657,gsm-32,ttcn3-tc-26-7-4-2-1-1-7cl96,1,6
1782485657,gsm-32,virtphy-6d5bdd8c84-wt4jd,7,1
1782485659,gsm-32,msc-test-stub-5b875d749d-6wxxk,1,16
1782485659,gsm-32,osmo-bsc-594654bd47-wx5fv,1,5
1782485659,gsm-32,osmo-bts-virtual-5f8b9b86fc-gkt55,24,5
1782485659,gsm-32,osmo-hlr-546bdb8988-s4bbk,1,2
1782485659,gsm-32,osmo-mgw-8c8fc67d6-c2jgx,1,2
1782485659,gsm-32,osmo-mobile-567ccbf999-c957g,3,38
1782485659,gsm-32,osmo-stp-768687f494-l699b,1,2
1782485659,gsm-32,ttcn3-tc-26-7-4-2-1-1-7cl96,1,6
1782485659,gsm-32,virtphy-6d5bdd8c84-wt4jd,7,1
1782485662,gsm-32,msc-test-stub-5b875d749d-6wxxk,1,16
1782485662,gsm-32,osmo-bsc-594654bd47-wx5fv,1,5
1782485662,gsm-32,osmo-bts-virtual-5f8b9b86fc-gkt55,24,5
1782485662,gsm-32,osmo-hlr-546bdb8988-s4bbk,1,2
1782485662,gsm-32,osmo-mgw-8c8fc67d6-c2jgx,1,2
1782485662,gsm-32,osmo-mobile-567ccbf999-c957g,3,38
1782485662,gsm-32,osmo-stp-768687f494-l699b,1,2
1782485662,gsm-32,ttcn3-tc-26-7-4-2-1-1-7cl96,1,6
1782485662,gsm-32,virtphy-6d5bdd8c84-wt4jd,7,1
1782485664,gsm-32,msc-test-stub-5b875d749d-6wxxk,1,16
1782485664,gsm-32,osmo-bsc-594654bd47-wx5fv,1,5
1782485664,gsm-32,osmo-bts-virtual-5f8b9b86fc-gkt55,24,5
1782485664,gsm-32,osmo-hlr-546bdb8988-s4bbk,1,2
1782485664,gsm-32,osmo-mgw-8c8fc67d6-c2jgx,1,2
1782485664,gsm-32,osmo-mobile-567ccbf999-c957g,3,38
1782485664,gsm-32,osmo-stp-768687f494-l699b,1,2
1782485664,gsm-32,ttcn3-tc-26-7-4-2-1-1-7cl96,1,6
1782485664,gsm-32,virtphy-6d5bdd8c84-wt4jd,7,1
1782485669,gsm-32,msc-test-stub-5b875d749d-6wxxk,1,16
1782485669,gsm-32,osmo-bsc-594654bd47-wx5fv,1,5
1782485669,gsm-32,osmo-bts-virtual-5f8b9b86fc-gkt55,25,5
1782485669,gsm-32,osmo-hlr-546bdb8988-s4bbk,1,2
1782485669,gsm-32,osmo-mgw-8c8fc67d6-c2jgx,1,2
1782485669,gsm-32,osmo-mobile-567ccbf999-c957g,3,38
1782485669,gsm-32,osmo-stp-768687f494-l699b,1,2
1782485669,gsm-32,ttcn3-tc-26-7-4-2-1-1-7cl96,1,6
1782485669,gsm-32,virtphy-6d5bdd8c84-wt4jd,6,1
1782485672,gsm-32,msc-test-stub-5b875d749d-6wxxk,1,16
1782485672,gsm-32,osmo-bsc-594654bd47-wx5fv,1,5
1782485672,gsm-32,osmo-bts-virtual-5f8b9b86fc-gkt55,25,5
1782485672,gsm-32,osmo-hlr-546bdb8988-s4bbk,1,2
1782485672,gsm-32,osmo-mgw-8c8fc67d6-c2jgx,1,2
1782485672,gsm-32,osmo-mobile-567ccbf999-c957g,3,38
1782485672,gsm-32,osmo-stp-768687f494-l699b,1,2
1782485672,gsm-32,ttcn3-tc-26-7-4-2-1-1-7cl96,1,6
1782485672,gsm-32,virtphy-6d5bdd8c84-wt4jd,6,1
1782485675,gsm-32,msc-test-stub-5b875d749d-6wxxk,1,16
1782485675,gsm-32,osmo-bsc-594654bd47-wx5fv,1,5
1782485675,gsm-32,osmo-bts-virtual-5f8b9b86fc-gkt55,25,5
1782485675,gsm-32,osmo-hlr-546bdb8988-s4bbk,1,2
1782485675,gsm-32,osmo-mgw-8c8fc67d6-c2jgx,1,2
1782485675,gsm-32,osmo-mobile-567ccbf999-c957g,3,38
1782485675,gsm-32,osmo-stp-768687f494-l699b,1,2
1782485675,gsm-32,ttcn3-tc-26-7-4-2-1-1-7cl96,1,6
1782485675,gsm-32,virtphy-6d5bdd8c84-wt4jd,6,1
1782485677,gsm-32,msc-test-stub-5b875d749d-6wxxk,1,16
1782485677,gsm-32,osmo-bsc-594654bd47-wx5fv,1,5
1782485677,gsm-32,osmo-bts-virtual-5f8b9b86fc-gkt55,25,5
1782485677,gsm-32,osmo-hlr-546bdb8988-s4bbk,1,2
1782485677,gsm-32,osmo-mgw-8c8fc67d6-c2jgx,1,2
1782485677,gsm-32,osmo-mobile-567ccbf999-c957g,3,38
1782485677,gsm-32,osmo-stp-768687f494-l699b,1,2
1782485677,gsm-32,ttcn3-tc-26-7-4-2-1-1-7cl96,1,6
1782485677,gsm-32,virtphy-6d5bdd8c84-wt4jd,6,1
1782485680,gsm-32,msc-test-stub-5b875d749d-6wxxk,1,16
1782485680,gsm-32,osmo-bsc-594654bd47-wx5fv,1,5
1782485680,gsm-32,osmo-bts-virtual-5f8b9b86fc-gkt55,25,5
1782485680,gsm-32,osmo-hlr-546bdb8988-s4bbk,1,2
1782485680,gsm-32,osmo-mgw-8c8fc67d6-c2jgx,1,2
1782485680,gsm-32,osmo-mobile-567ccbf999-c957g,3,38
1782485680,gsm-32,osmo-stp-768687f494-l699b,1,2
1782485680,gsm-32,ttcn3-tc-26-7-4-2-1-1-7cl96,1,6
1782485680,gsm-32,virtphy-6d5bdd8c84-wt4jd,6,1
1782485683,gsm-32,msc-test-stub-5b875d749d-6wxxk,1,16
1782485683,gsm-32,osmo-bsc-594654bd47-wx5fv,1,5
1782485683,gsm-32,osmo-bts-virtual-5f8b9b86fc-gkt55,28,5
1782485683,gsm-32,osmo-hlr-546bdb8988-s4bbk,1,2
1782485683,gsm-32,osmo-mgw-8c8fc67d6-c2jgx,1,2
1782485683,gsm-32,osmo-mobile-567ccbf999-c957g,3,38
1782485683,gsm-32,osmo-stp-768687f494-l699b,1,2
1782485683,gsm-32,ttcn3-tc-26-7-4-2-1-1-7cl96,1,6
1782485683,gsm-32,virtphy-6d5bdd8c84-wt4jd,7,1
1782485685,gsm-32,msc-test-stub-5b875d749d-6wxxk,1,16
1782485685,gsm-32,osmo-bsc-594654bd47-wx5fv,1,5
1782485685,gsm-32,osmo-bts-virtual-5f8b9b86fc-gkt55,28,5
1782485685,gsm-32,osmo-hlr-546bdb8988-s4bbk,1,2
1782485685,gsm-32,osmo-mgw-8c8fc67d6-c2jgx,1,2
1782485685,gsm-32,osmo-mobile-567ccbf999-c957g,3,38
1782485685,gsm-32,osmo-stp-768687f494-l699b,1,2
1782485685,gsm-32,ttcn3-tc-26-7-4-2-1-1-7cl96,1,6
1782485685,gsm-32,virtphy-6d5bdd8c84-wt4jd,7,1
1782485690,gsm-32,msc-test-stub-5b875d749d-6wxxk,1,16
1782485690,gsm-32,osmo-bsc-594654bd47-wx5fv,1,5
1782485690,gsm-32,osmo-bts-virtual-5f8b9b86fc-gkt55,28,5
1782485690,gsm-32,osmo-hlr-546bdb8988-s4bbk,1,2
1782485690,gsm-32,osmo-mgw-8c8fc67d6-c2jgx,1,2
1782485690,gsm-32,osmo-mobile-567ccbf999-c957g,3,38
1782485690,gsm-32,osmo-stp-768687f494-l699b,1,2
1782485690,gsm-32,ttcn3-tc-26-7-4-2-1-1-7cl96,1,6
1782485690,gsm-32,virtphy-6d5bdd8c84-wt4jd,7,1
1782485693,gsm-32,msc-test-stub-5b875d749d-6wxxk,1,16
1782485693,gsm-32,osmo-bsc-594654bd47-wx5fv,1,5
1782485693,gsm-32,osmo-bts-virtual-5f8b9b86fc-gkt55,28,5
1782485693,gsm-32,osmo-hlr-546bdb8988-s4bbk,1,2
1782485693,gsm-32,osmo-mgw-8c8fc67d6-c2jgx,1,2
1782485693,gsm-32,osmo-mobile-567ccbf999-c957g,3,38
1782485693,gsm-32,osmo-stp-768687f494-l699b,1,2
1782485693,gsm-32,ttcn3-tc-26-7-4-2-1-1-7cl96,1,6
1782485693,gsm-32,virtphy-6d5bdd8c84-wt4jd,7,1
1782485696,gsm-32,msc-test-stub-5b875d749d-6wxxk,1,16
1782485696,gsm-32,osmo-bsc-594654bd47-wx5fv,1,5
1782485696,gsm-32,osmo-bts-virtual-5f8b9b86fc-gkt55,28,5
1782485696,gsm-32,osmo-hlr-546bdb8988-s4bbk,1,2
1782485696,gsm-32,osmo-mgw-8c8fc67d6-c2jgx,1,2
1782485696,gsm-32,osmo-mobile-567ccbf999-c957g,3,38
1782485696,gsm-32,osmo-stp-768687f494-l699b,1,2
1782485696,gsm-32,ttcn3-tc-26-7-4-2-1-1-7cl96,1,6
1782485696,gsm-32,virtphy-6d5bdd8c84-wt4jd,7,1
1782485699,gsm-32,msc-test-stub-5b875d749d-6wxxk,1,16
1782485699,gsm-32,osmo-bsc-594654bd47-wx5fv,1,5
1782485699,gsm-32,osmo-bts-virtual-5f8b9b86fc-gkt55,29,5
1782485699,gsm-32,osmo-hlr-546bdb8988-s4bbk,1,2
1782485699,gsm-32,osmo-mgw-8c8fc67d6-c2jgx,1,2
1782485699,gsm-32,osmo-mobile-567ccbf999-c957g,2,38
1782485699,gsm-32,osmo-stp-768687f494-l699b,1,2
1782485699,gsm-32,ttcn3-tc-26-7-4-2-1-1-7cl96,1,6
1782485699,gsm-32,virtphy-6d5bdd8c84-wt4jd,7,1
1782485702,gsm-32,msc-test-stub-5b875d749d-6wxxk,1,16
1782485702,gsm-32,osmo-bsc-594654bd47-wx5fv,1,5
1782485702,gsm-32,osmo-bts-virtual-5f8b9b86fc-gkt55,29,5
1782485702,gsm-32,osmo-hlr-546bdb8988-s4bbk,1,2
1782485702,gsm-32,osmo-mgw-8c8fc67d6-c2jgx,1,2
1782485702,gsm-32,osmo-mobile-567ccbf999-c957g,2,38
1782485702,gsm-32,osmo-stp-768687f494-l699b,1,2
1782485702,gsm-32,ttcn3-tc-26-7-4-2-1-1-7cl96,1,6
1782485702,gsm-32,virtphy-6d5bdd8c84-wt4jd,7,1
1782485704,gsm-32,msc-test-stub-5b875d749d-6wxxk,1,16
1782485704,gsm-32,osmo-bsc-594654bd47-wx5fv,1,5
1782485704,gsm-32,osmo-bts-virtual-5f8b9b86fc-gkt55,29,5
1782485704,gsm-32,osmo-hlr-546bdb8988-s4bbk,1,2
1782485704,gsm-32,osmo-mgw-8c8fc67d6-c2jgx,1,2
1782485704,gsm-32,osmo-mobile-567ccbf999-c957g,2,38
1782485704,gsm-32,osmo-stp-768687f494-l699b,1,2
1782485704,gsm-32,ttcn3-tc-26-7-4-2-1-1-7cl96,1,6
1782485704,gsm-32,virtphy-6d5bdd8c84-wt4jd,7,1
1782485707,gsm-32,msc-test-stub-5b875d749d-6wxxk,1,16
1782485707,gsm-32,osmo-bsc-594654bd47-wx5fv,1,5
1782485707,gsm-32,osmo-bts-virtual-5f8b9b86fc-gkt55,29,5
1782485707,gsm-32,osmo-hlr-546bdb8988-s4bbk,1,2
1782485707,gsm-32,osmo-mgw-8c8fc67d6-c2jgx,1,2
1782485707,gsm-32,osmo-mobile-567ccbf999-c957g,2,38
1782485707,gsm-32,osmo-stp-768687f494-l699b,1,2
1782485707,gsm-32,ttcn3-tc-26-7-4-2-1-1-7cl96,1,6
1782485707,gsm-32,virtphy-6d5bdd8c84-wt4jd,7,1
1782485709,gsm-32,msc-test-stub-5b875d749d-6wxxk,1,16
1782485709,gsm-32,osmo-bsc-594654bd47-wx5fv,1,5
1782485709,gsm-32,osmo-bts-virtual-5f8b9b86fc-gkt55,29,5
1782485709,gsm-32,osmo-hlr-546bdb8988-s4bbk,1,2
1782485709,gsm-32,osmo-mgw-8c8fc67d6-c2jgx,1,2
1782485709,gsm-32,osmo-mobile-567ccbf999-c957g,2,38
1782485709,gsm-32,osmo-stp-768687f494-l699b,1,2
1782485709,gsm-32,ttcn3-tc-26-7-4-2-1-1-7cl96,1,6
1782485709,gsm-32,virtphy-6d5bdd8c84-wt4jd,7,1
1782485712,gsm-32,msc-test-stub-5b875d749d-6wxxk,1,16
1782485712,gsm-32,osmo-bsc-594654bd47-wx5fv,1,5
1782485712,gsm-32,osmo-bts-virtual-5f8b9b86fc-gkt55,29,5
1782485712,gsm-32,osmo-hlr-546bdb8988-s4bbk,1,2
1782485712,gsm-32,osmo-mgw-8c8fc67d6-c2jgx,1,2
1782485712,gsm-32,osmo-mobile-567ccbf999-c957g,2,38
1782485712,gsm-32,osmo-stp-768687f494-l699b,1,2
1782485712,gsm-32,ttcn3-tc-26-7-4-2-1-1-7cl96,1,6
1782485712,gsm-32,virtphy-6d5bdd8c84-wt4jd,7,1
1782485714,gsm-32,msc-test-stub-5b875d749d-6wxxk,1,16
1782485714,gsm-32,osmo-bsc-594654bd47-wx5fv,1,5
1782485714,gsm-32,osmo-bts-virtual-5f8b9b86fc-gkt55,28,5
1782485714,gsm-32,osmo-hlr-546bdb8988-s4bbk,1,2
1782485714,gsm-32,osmo-mgw-8c8fc67d6-c2jgx,1,2
1782485714,gsm-32,osmo-mobile-567ccbf999-c957g,2,38
1782485714,gsm-32,osmo-stp-768687f494-l699b,1,2
1782485714,gsm-32,ttcn3-tc-26-7-4-2-1-1-7cl96,1,6
1782485714,gsm-32,virtphy-6d5bdd8c84-wt4jd,7,1
1782485716,gsm-32,msc-test-stub-5b875d749d-6wxxk,1,16
1782485716,gsm-32,osmo-bsc-594654bd47-wx5fv,1,5
1782485716,gsm-32,osmo-bts-virtual-5f8b9b86fc-gkt55,28,5
1782485716,gsm-32,osmo-hlr-546bdb8988-s4bbk,1,2
1782485716,gsm-32,osmo-mgw-8c8fc67d6-c2jgx,1,2
1782485716,gsm-32,osmo-mobile-567ccbf999-c957g,2,38
1782485716,gsm-32,osmo-stp-768687f494-l699b,1,2
1782485716,gsm-32,ttcn3-tc-26-7-4-2-1-1-7cl96,1,6
1782485716,gsm-32,virtphy-6d5bdd8c84-wt4jd,7,1
1782485718,gsm-32,msc-test-stub-5b875d749d-6wxxk,1,16
1782485718,gsm-32,osmo-bsc-594654bd47-wx5fv,1,5
1782485718,gsm-32,osmo-bts-virtual-5f8b9b86fc-gkt55,28,5
1782485718,gsm-32,osmo-hlr-546bdb8988-s4bbk,1,2
1782485718,gsm-32,osmo-mgw-8c8fc67d6-c2jgx,1,2
1782485718,gsm-32,osmo-mobile-567ccbf999-c957g,2,38
1782485718,gsm-32,osmo-stp-768687f494-l699b,1,2
1782485718,gsm-32,ttcn3-tc-26-7-4-2-1-1-7cl96,1,6
1782485718,gsm-32,virtphy-6d5bdd8c84-wt4jd,7,1
1782485722,gsm-32,msc-test-stub-5b875d749d-6wxxk,1,16
1782485722,gsm-32,osmo-bsc-594654bd47-wx5fv,1,5
1782485722,gsm-32,osmo-bts-virtual-5f8b9b86fc-gkt55,28,5
1782485722,gsm-32,osmo-hlr-546bdb8988-s4bbk,1,2
1782485722,gsm-32,osmo-mgw-8c8fc67d6-c2jgx,1,2
1782485722,gsm-32,osmo-mobile-567ccbf999-c957g,2,38
1782485722,gsm-32,osmo-stp-768687f494-l699b,1,2
1782485722,gsm-32,ttcn3-tc-26-7-4-2-1-1-7cl96,1,6
1782485722,gsm-32,virtphy-6d5bdd8c84-wt4jd,7,1
1782485724,gsm-32,msc-test-stub-5b875d749d-6wxxk,1,16
1782485724,gsm-32,osmo-bsc-594654bd47-wx5fv,1,5
1782485724,gsm-32,osmo-bts-virtual-5f8b9b86fc-gkt55,28,5
1782485724,gsm-32,osmo-hlr-546bdb8988-s4bbk,1,2
1782485724,gsm-32,osmo-mgw-8c8fc67d6-c2jgx,1,2
1782485724,gsm-32,osmo-mobile-567ccbf999-c957g,2,38
1782485724,gsm-32,osmo-stp-768687f494-l699b,1,2
1782485724,gsm-32,ttcn3-tc-26-7-4-2-1-1-7cl96,1,6
1782485724,gsm-32,virtphy-6d5bdd8c84-wt4jd,7,1
1782485727,gsm-32,msc-test-stub-5b875d749d-6wxxk,1,16
1782485727,gsm-32,osmo-bsc-594654bd47-wx5fv,1,5
1782485727,gsm-32,osmo-bts-virtual-5f8b9b86fc-gkt55,28,5
1782485727,gsm-32,osmo-hlr-546bdb8988-s4bbk,1,2
1782485727,gsm-32,osmo-mgw-8c8fc67d6-c2jgx,1,2
1782485727,gsm-32,osmo-mobile-567ccbf999-c957g,2,38
1782485727,gsm-32,osmo-stp-768687f494-l699b,1,2
1782485727,gsm-32,ttcn3-tc-26-7-4-2-1-1-7cl96,1,6
1782485727,gsm-32,virtphy-6d5bdd8c84-wt4jd,6,1
1782485730,gsm-32,msc-test-stub-5b875d749d-6wxxk,1,16
1782485730,gsm-32,osmo-bsc-594654bd47-wx5fv,1,5
1782485730,gsm-32,osmo-bts-virtual-5f8b9b86fc-gkt55,28,5
1782485730,gsm-32,osmo-hlr-546bdb8988-s4bbk,1,2
1782485730,gsm-32,osmo-mgw-8c8fc67d6-c2jgx,1,2
1782485730,gsm-32,osmo-mobile-567ccbf999-c957g,2,38
1782485730,gsm-32,osmo-stp-768687f494-l699b,1,2
1782485730,gsm-32,ttcn3-tc-26-7-4-2-1-1-7cl96,1,6
1782485730,gsm-32,virtphy-6d5bdd8c84-wt4jd,6,1
1782485732,gsm-32,msc-test-stub-5b875d749d-6wxxk,1,16
1782485732,gsm-32,osmo-bsc-594654bd47-wx5fv,1,5
1782485732,gsm-32,osmo-bts-virtual-5f8b9b86fc-gkt55,28,5
1782485732,gsm-32,osmo-hlr-546bdb8988-s4bbk,1,2
1782485732,gsm-32,osmo-mgw-8c8fc67d6-c2jgx,1,2
1782485732,gsm-32,osmo-mobile-567ccbf999-c957g,2,38
1782485732,gsm-32,osmo-stp-768687f494-l699b,1,2
1782485732,gsm-32,ttcn3-tc-26-7-4-2-1-1-7cl96,1,6
1782485732,gsm-32,virtphy-6d5bdd8c84-wt4jd,6,1
1782485734,gsm-32,msc-test-stub-5b875d749d-6wxxk,1,16
1782485734,gsm-32,osmo-bsc-594654bd47-wx5fv,1,5
1782485734,gsm-32,osmo-bts-virtual-5f8b9b86fc-gkt55,28,5
1782485734,gsm-32,osmo-hlr-546bdb8988-s4bbk,1,2
1782485734,gsm-32,osmo-mgw-8c8fc67d6-c2jgx,1,2
1782485734,gsm-32,osmo-mobile-567ccbf999-c957g,2,38
1782485734,gsm-32,osmo-stp-768687f494-l699b,1,2
1782485734,gsm-32,ttcn3-tc-26-7-4-2-1-1-7cl96,1,6
1782485734,gsm-32,virtphy-6d5bdd8c84-wt4jd,6,1
1782485736,gsm-32,msc-test-stub-5b875d749d-6wxxk,1,16
1782485736,gsm-32,osmo-bsc-594654bd47-wx5fv,1,5
1782485736,gsm-32,osmo-bts-virtual-5f8b9b86fc-gkt55,28,5
1782485736,gsm-32,osmo-hlr-546bdb8988-s4bbk,1,2
1782485736,gsm-32,osmo-mgw-8c8fc67d6-c2jgx,1,2
1782485736,gsm-32,osmo-mobile-567ccbf999-c957g,2,38
1782485736,gsm-32,osmo-stp-768687f494-l699b,1,2
1782485736,gsm-32,ttcn3-tc-26-7-4-2-1-1-7cl96,1,6
1782485736,gsm-32,virtphy-6d5bdd8c84-wt4jd,6,1
1782485739,gsm-32,msc-test-stub-5b875d749d-6wxxk,1,16
1782485739,gsm-32,osmo-bsc-594654bd47-wx5fv,1,5
1782485739,gsm-32,osmo-bts-virtual-5f8b9b86fc-gkt55,28,5
1782485739,gsm-32,osmo-hlr-546bdb8988-s4bbk,1,2
1782485739,gsm-32,osmo-mgw-8c8fc67d6-c2jgx,1,2
1782485739,gsm-32,osmo-mobile-567ccbf999-c957g,2,38
1782485739,gsm-32,osmo-stp-768687f494-l699b,1,2
1782485739,gsm-32,ttcn3-tc-26-7-4-2-1-1-7cl96,1,6
1782485739,gsm-32,virtphy-6d5bdd8c84-wt4jd,6,1
1782485741,gsm-32,msc-test-stub-5b875d749d-6wxxk,1,16
1782485741,gsm-32,osmo-bsc-594654bd47-wx5fv,1,5
1782485741,gsm-32,osmo-bts-virtual-5f8b9b86fc-gkt55,28,5
1782485741,gsm-32,osmo-hlr-546bdb8988-s4bbk,1,2
1782485741,gsm-32,osmo-mgw-8c8fc67d6-c2jgx,1,2
1782485741,gsm-32,osmo-mobile-567ccbf999-c957g,2,38
1782485741,gsm-32,osmo-stp-768687f494-l699b,1,2
1782485741,gsm-32,ttcn3-tc-26-7-4-2-1-1-7cl96,1,6
1782485741,gsm-32,virtphy-6d5bdd8c84-wt4jd,6,1
1782485744,gsm-32,msc-test-stub-5b875d749d-6wxxk,1,16
1782485744,gsm-32,osmo-bsc-594654bd47-wx5fv,1,5
1782485744,gsm-32,osmo-bts-virtual-5f8b9b86fc-gkt55,28,5
1782485744,gsm-32,osmo-hlr-546bdb8988-s4bbk,1,2
1782485744,gsm-32,osmo-mgw-8c8fc67d6-c2jgx,1,2
1782485744,gsm-32,osmo-mobile-567ccbf999-c957g,3,38
1782485744,gsm-32,osmo-stp-768687f494-l699b,1,2
1782485744,gsm-32,ttcn3-tc-26-7-4-2-1-1-7cl96,1,6
1782485744,gsm-32,virtphy-6d5bdd8c84-wt4jd,6,1
1782485747,gsm-32,msc-test-stub-5b875d749d-6wxxk,1,16
1782485747,gsm-32,osmo-bsc-594654bd47-wx5fv,1,5
1782485747,gsm-32,osmo-bts-virtual-5f8b9b86fc-gkt55,28,5
1782485747,gsm-32,osmo-hlr-546bdb8988-s4bbk,1,2
1782485747,gsm-32,osmo-mgw-8c8fc67d6-c2jgx,1,2
1782485747,gsm-32,osmo-mobile-567ccbf999-c957g,3,38
1782485747,gsm-32,osmo-stp-768687f494-l699b,1,2
1782485747,gsm-32,ttcn3-tc-26-7-4-2-1-1-7cl96,1,6
1782485747,gsm-32,virtphy-6d5bdd8c84-wt4jd,6,1
1782485749,gsm-32,msc-test-stub-5b875d749d-6wxxk,1,16
1782485749,gsm-32,osmo-bsc-594654bd47-wx5fv,1,5
1782485749,gsm-32,osmo-bts-virtual-5f8b9b86fc-gkt55,28,5
1782485749,gsm-32,osmo-hlr-546bdb8988-s4bbk,1,2
1782485749,gsm-32,osmo-mgw-8c8fc67d6-c2jgx,1,2
1782485749,gsm-32,osmo-mobile-567ccbf999-c957g,3,38
1782485749,gsm-32,osmo-stp-768687f494-l699b,1,2
1782485749,gsm-32,ttcn3-tc-26-7-4-2-1-1-7cl96,1,6
1782485749,gsm-32,virtphy-6d5bdd8c84-wt4jd,6,1
1782485751,gsm-32,msc-test-stub-5b875d749d-6wxxk,1,16
1782485751,gsm-32,osmo-bsc-594654bd47-wx5fv,1,5
1782485751,gsm-32,osmo-bts-virtual-5f8b9b86fc-gkt55,28,5
1782485751,gsm-32,osmo-hlr-546bdb8988-s4bbk,1,2
1782485751,gsm-32,osmo-mgw-8c8fc67d6-c2jgx,1,2
1782485751,gsm-32,osmo-mobile-567ccbf999-c957g,3,38
1782485751,gsm-32,osmo-stp-768687f494-l699b,1,2
1782485751,gsm-32,ttcn3-tc-26-7-4-2-1-1-7cl96,1,6
1782485751,gsm-32,virtphy-6d5bdd8c84-wt4jd,6,1
1782485753,gsm-32,msc-test-stub-5b875d749d-6wxxk,1,16
1782485753,gsm-32,osmo-bsc-594654bd47-wx5fv,1,5
1782485753,gsm-32,osmo-bts-virtual-5f8b9b86fc-gkt55,28,5
1782485753,gsm-32,osmo-hlr-546bdb8988-s4bbk,1,2
1782485753,gsm-32,osmo-mgw-8c8fc67d6-c2jgx,1,2
1782485753,gsm-32,osmo-mobile-567ccbf999-c957g,3,38
1782485753,gsm-32,osmo-stp-768687f494-l699b,1,2
1782485753,gsm-32,ttcn3-tc-26-7-4-2-1-1-7cl96,1,6
1782485753,gsm-32,virtphy-6d5bdd8c84-wt4jd,6,1
1782485756,gsm-32,msc-test-stub-5b875d749d-6wxxk,1,16
1782485756,gsm-32,osmo-bsc-594654bd47-wx5fv,1,5
1782485756,gsm-32,osmo-bts-virtual-5f8b9b86fc-gkt55,28,5
1782485756,gsm-32,osmo-hlr-546bdb8988-s4bbk,1,2
1782485756,gsm-32,osmo-mgw-8c8fc67d6-c2jgx,1,2
1782485756,gsm-32,osmo-mobile-567ccbf999-c957g,3,38
1782485756,gsm-32,osmo-stp-768687f494-l699b,1,2
1782485756,gsm-32,ttcn3-tc-26-7-4-2-1-1-7cl96,1,6
1782485756,gsm-32,virtphy-6d5bdd8c84-wt4jd,6,1
1782485759,gsm-32,msc-test-stub-5b875d749d-6wxxk,1,16
1782485759,gsm-32,osmo-bsc-594654bd47-wx5fv,1,5
1782485759,gsm-32,osmo-bts-virtual-5f8b9b86fc-gkt55,26,5
1782485759,gsm-32,osmo-hlr-546bdb8988-s4bbk,1,2
1782485759,gsm-32,osmo-mgw-8c8fc67d6-c2jgx,1,2
1782485759,gsm-32,osmo-mobile-567ccbf999-c957g,3,37
1782485759,gsm-32,osmo-stp-768687f494-l699b,1,2
1782485759,gsm-32,ttcn3-tc-26-7-4-2-1-1-7cl96,3,6
1782485759,gsm-32,virtphy-6d5bdd8c84-wt4jd,7,1
1782485761,gsm-32,msc-test-stub-5b875d749d-6wxxk,1,16
1782485761,gsm-32,osmo-bsc-594654bd47-wx5fv,1,5
1782485761,gsm-32,osmo-bts-virtual-5f8b9b86fc-gkt55,26,5
1782485761,gsm-32,osmo-hlr-546bdb8988-s4bbk,1,2
1782485761,gsm-32,osmo-mgw-8c8fc67d6-c2jgx,1,2
1782485761,gsm-32,osmo-mobile-567ccbf999-c957g,3,37
1782485761,gsm-32,osmo-stp-768687f494-l699b,1,2
1782485761,gsm-32,ttcn3-tc-26-7-4-2-1-1-7cl96,3,6
1782485761,gsm-32,virtphy-6d5bdd8c84-wt4jd,7,1
1782485764,gsm-32,msc-test-stub-5b875d749d-6wxxk,1,16
1782485764,gsm-32,osmo-bsc-594654bd47-wx5fv,1,5
1782485764,gsm-32,osmo-bts-virtual-5f8b9b86fc-gkt55,26,5
1782485764,gsm-32,osmo-hlr-546bdb8988-s4bbk,1,2
1782485764,gsm-32,osmo-mgw-8c8fc67d6-c2jgx,1,2
1782485764,gsm-32,osmo-mobile-567ccbf999-c957g,3,37
1782485764,gsm-32,osmo-stp-768687f494-l699b,1,2
1782485764,gsm-32,ttcn3-tc-26-7-4-2-1-1-7cl96,3,6
1782485764,gsm-32,virtphy-6d5bdd8c84-wt4jd,7,1
1782485766,gsm-32,msc-test-stub-5b875d749d-6wxxk,1,16
1782485766,gsm-32,osmo-bsc-594654bd47-wx5fv,1,5
1782485766,gsm-32,osmo-bts-virtual-5f8b9b86fc-gkt55,26,5
1782485766,gsm-32,osmo-hlr-546bdb8988-s4bbk,1,2
1782485766,gsm-32,osmo-mgw-8c8fc67d6-c2jgx,1,2
1782485766,gsm-32,osmo-mobile-567ccbf999-c957g,3,37
1782485766,gsm-32,osmo-stp-768687f494-l699b,1,2
1782485766,gsm-32,ttcn3-tc-26-7-4-2-1-1-7cl96,3,6
1782485766,gsm-32,virtphy-6d5bdd8c84-wt4jd,7,1
1782485769,gsm-32,msc-test-stub-5b875d749d-6wxxk,1,16
1782485769,gsm-32,osmo-bsc-594654bd47-wx5fv,1,5
1782485769,gsm-32,osmo-bts-virtual-5f8b9b86fc-gkt55,26,5
1782485769,gsm-32,osmo-hlr-546bdb8988-s4bbk,1,2
1782485769,gsm-32,osmo-mgw-8c8fc67d6-c2jgx,1,2
1782485769,gsm-32,osmo-mobile-567ccbf999-c957g,3,37
1782485769,gsm-32,osmo-stp-768687f494-l699b,1,2
1782485769,gsm-32,ttcn3-tc-26-7-4-2-1-1-7cl96,3,6
1782485769,gsm-32,virtphy-6d5bdd8c84-wt4jd,7,1
1782485772,gsm-32,msc-test-stub-5b875d749d-6wxxk,1,16
1782485772,gsm-32,osmo-bsc-594654bd47-wx5fv,1,5
1782485772,gsm-32,osmo-bts-virtual-5f8b9b86fc-gkt55,26,5
1782485772,gsm-32,osmo-hlr-546bdb8988-s4bbk,1,2
1782485772,gsm-32,osmo-mgw-8c8fc67d6-c2jgx,1,2
1782485772,gsm-32,osmo-mobile-567ccbf999-c957g,3,37
1782485772,gsm-32,osmo-stp-768687f494-l699b,1,2
1782485772,gsm-32,ttcn3-tc-26-7-4-2-1-1-7cl96,1,6
1782485772,gsm-32,virtphy-6d5bdd8c84-wt4jd,6,1
1782485775,gsm-32,msc-test-stub-5b875d749d-6wxxk,1,16
1782485775,gsm-32,osmo-bsc-594654bd47-wx5fv,1,5
1782485775,gsm-32,osmo-bts-virtual-5f8b9b86fc-gkt55,26,5
1782485775,gsm-32,osmo-hlr-546bdb8988-s4bbk,1,2
1782485775,gsm-32,osmo-mgw-8c8fc67d6-c2jgx,1,2
1782485775,gsm-32,osmo-mobile-567ccbf999-c957g,3,37
1782485775,gsm-32,osmo-stp-768687f494-l699b,1,2
1782485775,gsm-32,ttcn3-tc-26-7-4-2-1-1-7cl96,1,6
1782485775,gsm-32,virtphy-6d5bdd8c84-wt4jd,6,1
1782485777,gsm-32,msc-test-stub-5b875d749d-6wxxk,1,16
1782485777,gsm-32,osmo-bsc-594654bd47-wx5fv,1,5
1782485777,gsm-32,osmo-bts-virtual-5f8b9b86fc-gkt55,26,5
1782485777,gsm-32,osmo-hlr-546bdb8988-s4bbk,1,2
1782485777,gsm-32,osmo-mgw-8c8fc67d6-c2jgx,1,2
1782485777,gsm-32,osmo-mobile-567ccbf999-c957g,3,37
1782485777,gsm-32,osmo-stp-768687f494-l699b,1,2
1782485777,gsm-32,ttcn3-tc-26-7-4-2-1-1-7cl96,1,6
1782485777,gsm-32,virtphy-6d5bdd8c84-wt4jd,6,1
1782485779,gsm-32,msc-test-stub-5b875d749d-6wxxk,1,16
1782485779,gsm-32,osmo-bsc-594654bd47-wx5fv,1,5
1782485779,gsm-32,osmo-bts-virtual-5f8b9b86fc-gkt55,26,5
1782485779,gsm-32,osmo-hlr-546bdb8988-s4bbk,1,2
1782485779,gsm-32,osmo-mgw-8c8fc67d6-c2jgx,1,2
1782485779,gsm-32,osmo-mobile-567ccbf999-c957g,3,37
1782485779,gsm-32,osmo-stp-768687f494-l699b,1,2
1782485779,gsm-32,ttcn3-tc-26-7-4-2-1-1-7cl96,1,6
1782485779,gsm-32,virtphy-6d5bdd8c84-wt4jd,6,1
1782485782,gsm-32,msc-test-stub-5b875d749d-6wxxk,1,16
1782485782,gsm-32,osmo-bsc-594654bd47-wx5fv,1,5
1782485782,gsm-32,osmo-bts-virtual-5f8b9b86fc-gkt55,26,5
1782485782,gsm-32,osmo-hlr-546bdb8988-s4bbk,1,2
1782485782,gsm-32,osmo-mgw-8c8fc67d6-c2jgx,1,2
1782485782,gsm-32,osmo-mobile-567ccbf999-c957g,3,37
1782485782,gsm-32,osmo-stp-768687f494-l699b,1,2
1782485782,gsm-32,ttcn3-tc-26-7-4-2-1-1-7cl96,1,6
1782485782,gsm-32,virtphy-6d5bdd8c84-wt4jd,6,1
1782485785,gsm-32,msc-test-stub-5b875d749d-6wxxk,1,16
1782485785,gsm-32,osmo-bsc-594654bd47-wx5fv,1,5
1782485785,gsm-32,osmo-bts-virtual-5f8b9b86fc-gkt55,26,5
1782485785,gsm-32,osmo-hlr-546bdb8988-s4bbk,1,2
1782485785,gsm-32,osmo-mgw-8c8fc67d6-c2jgx,1,2
1782485785,gsm-32,osmo-mobile-567ccbf999-c957g,3,37
1782485785,gsm-32,osmo-stp-768687f494-l699b,1,2
1782485785,gsm-32,ttcn3-tc-26-7-4-2-1-1-7cl96,1,6
1782485785,gsm-32,virtphy-6d5bdd8c84-wt4jd,6,1
1782485787,gsm-32,msc-test-stub-5b875d749d-6wxxk,1,16
1782485787,gsm-32,osmo-bsc-594654bd47-wx5fv,1,5
1782485787,gsm-32,osmo-bts-virtual-5f8b9b86fc-gkt55,26,5
1782485787,gsm-32,osmo-hlr-546bdb8988-s4bbk,1,2
1782485787,gsm-32,osmo-mgw-8c8fc67d6-c2jgx,1,2
1782485787,gsm-32,osmo-mobile-567ccbf999-c957g,3,37
1782485787,gsm-32,osmo-stp-768687f494-l699b,1,2
1782485787,gsm-32,ttcn3-tc-26-7-4-2-1-1-7cl96,1,6
1782485787,gsm-32,virtphy-6d5bdd8c84-wt4jd,6,1
1782485789,gsm-32,msc-test-stub-5b875d749d-6wxxk,1,16
1782485789,gsm-32,osmo-bsc-594654bd47-wx5fv,1,5
1782485789,gsm-32,osmo-bts-virtual-5f8b9b86fc-gkt55,28,5
1782485789,gsm-32,osmo-hlr-546bdb8988-s4bbk,1,2
1782485789,gsm-32,osmo-mgw-8c8fc67d6-c2jgx,1,2
1782485789,gsm-32,osmo-mobile-567ccbf999-c957g,3,37
1782485789,gsm-32,osmo-stp-768687f494-l699b,1,2
1782485789,gsm-32,ttcn3-tc-26-7-4-2-1-1-7cl96,1,6
1782485789,gsm-32,virtphy-6d5bdd8c84-wt4jd,6,1
1782485792,gsm-32,msc-test-stub-5b875d749d-6wxxk,1,16
1782485792,gsm-32,osmo-bsc-594654bd47-wx5fv,1,5
1782485792,gsm-32,osmo-bts-virtual-5f8b9b86fc-gkt55,28,5
1782485792,gsm-32,osmo-hlr-546bdb8988-s4bbk,1,2
1782485792,gsm-32,osmo-mgw-8c8fc67d6-c2jgx,1,2
1782485792,gsm-32,osmo-mobile-567ccbf999-c957g,3,37
1782485792,gsm-32,osmo-stp-768687f494-l699b,1,2
1782485792,gsm-32,ttcn3-tc-26-7-4-2-1-1-7cl96,1,6
1782485792,gsm-32,virtphy-6d5bdd8c84-wt4jd,6,1
1782485794,gsm-32,msc-test-stub-5b875d749d-6wxxk,1,16
1782485794,gsm-32,osmo-bsc-594654bd47-wx5fv,1,5
1782485794,gsm-32,osmo-bts-virtual-5f8b9b86fc-gkt55,28,5
1782485794,gsm-32,osmo-hlr-546bdb8988-s4bbk,1,2
1782485794,gsm-32,osmo-mgw-8c8fc67d6-c2jgx,1,2
1782485794,gsm-32,osmo-mobile-567ccbf999-c957g,3,37
1782485794,gsm-32,osmo-stp-768687f494-l699b,1,2
1782485794,gsm-32,ttcn3-tc-26-7-4-2-1-1-7cl96,1,6
1782485794,gsm-32,virtphy-6d5bdd8c84-wt4jd,6,1
1782485796,gsm-32,msc-test-stub-5b875d749d-6wxxk,1,16
1782485796,gsm-32,osmo-bsc-594654bd47-wx5fv,1,5
1782485796,gsm-32,osmo-bts-virtual-5f8b9b86fc-gkt55,28,5
1782485796,gsm-32,osmo-hlr-546bdb8988-s4bbk,1,2
1782485796,gsm-32,osmo-mgw-8c8fc67d6-c2jgx,1,2
1782485796,gsm-32,osmo-mobile-567ccbf999-c957g,3,37
1782485796,gsm-32,osmo-stp-768687f494-l699b,1,2
1782485796,gsm-32,ttcn3-tc-26-7-4-2-1-1-7cl96,1,6
1782485796,gsm-32,virtphy-6d5bdd8c84-wt4jd,6,1
1782485799,gsm-32,msc-test-stub-5b875d749d-6wxxk,1,16
1782485799,gsm-32,osmo-bsc-594654bd47-wx5fv,1,5
1782485799,gsm-32,osmo-bts-virtual-5f8b9b86fc-gkt55,28,5
1782485799,gsm-32,osmo-hlr-546bdb8988-s4bbk,1,2
1782485799,gsm-32,osmo-mgw-8c8fc67d6-c2jgx,1,2
1782485799,gsm-32,osmo-mobile-567ccbf999-c957g,3,37
1782485799,gsm-32,osmo-stp-768687f494-l699b,1,2
1782485799,gsm-32,ttcn3-tc-26-7-4-2-1-1-7cl96,1,6
1782485799,gsm-32,virtphy-6d5bdd8c84-wt4jd,6,1
1782485802,gsm-32,msc-test-stub-5b875d749d-6wxxk,1,16
1782485802,gsm-32,osmo-bsc-594654bd47-wx5fv,1,5
1782485802,gsm-32,osmo-bts-virtual-5f8b9b86fc-gkt55,28,5
1782485802,gsm-32,osmo-hlr-546bdb8988-s4bbk,1,2
1782485802,gsm-32,osmo-mgw-8c8fc67d6-c2jgx,1,2
1782485802,gsm-32,osmo-mobile-567ccbf999-c957g,3,37
1782485802,gsm-32,osmo-stp-768687f494-l699b,1,2
1782485802,gsm-32,ttcn3-tc-26-7-4-2-1-1-7cl96,1,6
1782485802,gsm-32,virtphy-6d5bdd8c84-wt4jd,6,1
1782485804,gsm-32,msc-test-stub-5b875d749d-6wxxk,1,16
1782485804,gsm-32,osmo-bsc-594654bd47-wx5fv,1,5
1782485804,gsm-32,osmo-bts-virtual-5f8b9b86fc-gkt55,28,5
1782485804,gsm-32,osmo-hlr-546bdb8988-s4bbk,1,2
1782485804,gsm-32,osmo-mgw-8c8fc67d6-c2jgx,1,2
1782485804,gsm-32,osmo-mobile-567ccbf999-c957g,2,37
1782485804,gsm-32,osmo-stp-768687f494-l699b,1,2
1782485804,gsm-32,ttcn3-tc-26-7-4-2-1-1-7cl96,1,6
1782485804,gsm-32,virtphy-6d5bdd8c84-wt4jd,6,1
1782485807,gsm-32,msc-test-stub-5b875d749d-6wxxk,1,16
1782485807,gsm-32,osmo-bsc-594654bd47-wx5fv,1,5
1782485807,gsm-32,osmo-bts-virtual-5f8b9b86fc-gkt55,28,5
1782485807,gsm-32,osmo-hlr-546bdb8988-s4bbk,1,2
1782485807,gsm-32,osmo-mgw-8c8fc67d6-c2jgx,1,2
1782485807,gsm-32,osmo-mobile-567ccbf999-c957g,2,37
1782485807,gsm-32,osmo-stp-768687f494-l699b,1,2
1782485807,gsm-32,ttcn3-tc-26-7-4-2-1-1-7cl96,1,6
1782485807,gsm-32,virtphy-6d5bdd8c84-wt4jd,6,1
1782485810,gsm-32,msc-test-stub-5b875d749d-6wxxk,1,16
1782485810,gsm-32,osmo-bsc-594654bd47-wx5fv,1,5
1782485810,gsm-32,osmo-bts-virtual-5f8b9b86fc-gkt55,28,5
1782485810,gsm-32,osmo-hlr-546bdb8988-s4bbk,1,2
1782485810,gsm-32,osmo-mgw-8c8fc67d6-c2jgx,1,2
1782485810,gsm-32,osmo-mobile-567ccbf999-c957g,2,37
1782485810,gsm-32,osmo-stp-768687f494-l699b,1,2
1782485810,gsm-32,ttcn3-tc-26-7-4-2-1-1-7cl96,1,6
1782485810,gsm-32,virtphy-6d5bdd8c84-wt4jd,6,1
1782485812,gsm-32,msc-test-stub-5b875d749d-6wxxk,1,16
1782485812,gsm-32,osmo-bsc-594654bd47-wx5fv,1,5
1782485812,gsm-32,osmo-bts-virtual-5f8b9b86fc-gkt55,28,5
1782485812,gsm-32,osmo-hlr-546bdb8988-s4bbk,1,2
1782485812,gsm-32,osmo-mgw-8c8fc67d6-c2jgx,1,2
1782485812,gsm-32,osmo-mobile-567ccbf999-c957g,2,37
1782485812,gsm-32,osmo-stp-768687f494-l699b,1,2
1782485812,gsm-32,ttcn3-tc-26-7-4-2-1-1-7cl96,1,6
1782485812,gsm-32,virtphy-6d5bdd8c84-wt4jd,6,1
1782485814,gsm-32,msc-test-stub-5b875d749d-6wxxk,1,16
1782485814,gsm-32,osmo-bsc-594654bd47-wx5fv,1,5
1782485814,gsm-32,osmo-bts-virtual-5f8b9b86fc-gkt55,28,5
1782485814,gsm-32,osmo-hlr-546bdb8988-s4bbk,1,2
1782485814,gsm-32,osmo-mgw-8c8fc67d6-c2jgx,1,2
1782485814,gsm-32,osmo-mobile-567ccbf999-c957g,2,37
1782485814,gsm-32,osmo-stp-768687f494-l699b,1,2
1782485814,gsm-32,ttcn3-tc-26-7-4-2-1-1-7cl96,1,6
1782485814,gsm-32,virtphy-6d5bdd8c84-wt4jd,6,1
1782485817,gsm-32,msc-test-stub-5b875d749d-6wxxk,1,16
1782485817,gsm-32,osmo-bsc-594654bd47-wx5fv,1,5
1782485817,gsm-32,osmo-bts-virtual-5f8b9b86fc-gkt55,28,5
1782485817,gsm-32,osmo-hlr-546bdb8988-s4bbk,1,2
1782485817,gsm-32,osmo-mgw-8c8fc67d6-c2jgx,1,2
1782485817,gsm-32,osmo-mobile-567ccbf999-c957g,2,37
1782485817,gsm-32,osmo-stp-768687f494-l699b,1,2
1782485817,gsm-32,ttcn3-tc-26-7-4-2-1-1-7cl96,1,6
1782485817,gsm-32,virtphy-6d5bdd8c84-wt4jd,6,1
1782485819,gsm-32,msc-test-stub-5b875d749d-6wxxk,1,16
1782485819,gsm-32,osmo-bsc-594654bd47-wx5fv,1,5
1782485819,gsm-32,osmo-bts-virtual-5f8b9b86fc-gkt55,32,5
1782485819,gsm-32,osmo-hlr-546bdb8988-s4bbk,1,2
1782485819,gsm-32,osmo-mgw-8c8fc67d6-c2jgx,1,2
1782485819,gsm-32,osmo-mobile-567ccbf999-c957g,2,37
1782485819,gsm-32,osmo-stp-768687f494-l699b,1,2
1782485819,gsm-32,ttcn3-tc-26-7-4-2-1-1-7cl96,1,6
1782485819,gsm-32,virtphy-6d5bdd8c84-wt4jd,7,1
1782485822,gsm-32,msc-test-stub-5b875d749d-6wxxk,1,16
1782485822,gsm-32,osmo-bsc-594654bd47-wx5fv,1,5
1782485822,gsm-32,osmo-bts-virtual-5f8b9b86fc-gkt55,32,5
1782485822,gsm-32,osmo-hlr-546bdb8988-s4bbk,1,2
1782485822,gsm-32,osmo-mgw-8c8fc67d6-c2jgx,1,2
1782485822,gsm-32,osmo-mobile-567ccbf999-c957g,2,37
1782485822,gsm-32,osmo-stp-768687f494-l699b,1,2
1782485822,gsm-32,ttcn3-tc-26-7-4-2-1-1-7cl96,1,6
1782485822,gsm-32,virtphy-6d5bdd8c84-wt4jd,7,1
1782485824,gsm-32,msc-test-stub-5b875d749d-6wxxk,1,16
1782485824,gsm-32,osmo-bsc-594654bd47-wx5fv,1,5
1782485824,gsm-32,osmo-bts-virtual-5f8b9b86fc-gkt55,32,5
1782485824,gsm-32,osmo-hlr-546bdb8988-s4bbk,1,2
1782485824,gsm-32,osmo-mgw-8c8fc67d6-c2jgx,1,2
1782485824,gsm-32,osmo-mobile-567ccbf999-c957g,2,37
1782485824,gsm-32,osmo-stp-768687f494-l699b,1,2
1782485824,gsm-32,ttcn3-tc-26-7-4-2-1-1-7cl96,1,6
1782485824,gsm-32,virtphy-6d5bdd8c84-wt4jd,7,1
1782485826,gsm-32,msc-test-stub-5b875d749d-6wxxk,1,16
1782485826,gsm-32,osmo-bsc-594654bd47-wx5fv,1,5
1782485826,gsm-32,osmo-bts-virtual-5f8b9b86fc-gkt55,32,5
1782485826,gsm-32,osmo-hlr-546bdb8988-s4bbk,1,2
1782485826,gsm-32,osmo-mgw-8c8fc67d6-c2jgx,1,2
1782485826,gsm-32,osmo-mobile-567ccbf999-c957g,2,37
1782485826,gsm-32,osmo-stp-768687f494-l699b,1,2
1782485826,gsm-32,ttcn3-tc-26-7-4-2-1-1-7cl96,1,6
1782485826,gsm-32,virtphy-6d5bdd8c84-wt4jd,7,1
1782485829,gsm-32,msc-test-stub-5b875d749d-6wxxk,1,16
1782485829,gsm-32,osmo-bsc-594654bd47-wx5fv,1,5
1782485829,gsm-32,osmo-bts-virtual-5f8b9b86fc-gkt55,32,5
1782485829,gsm-32,osmo-hlr-546bdb8988-s4bbk,1,2
1782485829,gsm-32,osmo-mgw-8c8fc67d6-c2jgx,1,2
1782485829,gsm-32,osmo-mobile-567ccbf999-c957g,2,37
1782485829,gsm-32,osmo-stp-768687f494-l699b,1,2
1782485829,gsm-32,ttcn3-tc-26-7-4-2-1-1-7cl96,1,6
1782485829,gsm-32,virtphy-6d5bdd8c84-wt4jd,7,1
1782485832,gsm-32,msc-test-stub-5b875d749d-6wxxk,1,16
1782485832,gsm-32,osmo-bsc-594654bd47-wx5fv,1,5
1782485832,gsm-32,osmo-bts-virtual-5f8b9b86fc-gkt55,32,5
1782485832,gsm-32,osmo-hlr-546bdb8988-s4bbk,1,2
1782485832,gsm-32,osmo-mgw-8c8fc67d6-c2jgx,1,2
1782485832,gsm-32,osmo-mobile-567ccbf999-c957g,2,37
1782485832,gsm-32,osmo-stp-768687f494-l699b,1,2
1782485832,gsm-32,ttcn3-tc-26-7-4-2-1-1-7cl96,1,6
1782485832,gsm-32,virtphy-6d5bdd8c84-wt4jd,7,1
1782485834,gsm-32,msc-test-stub-5b875d749d-6wxxk,1,16
1782485834,gsm-32,osmo-bsc-594654bd47-wx5fv,1,5
1782485834,gsm-32,osmo-bts-virtual-5f8b9b86fc-gkt55,26,5
1782485834,gsm-32,osmo-hlr-546bdb8988-s4bbk,1,2
1782485834,gsm-32,osmo-mgw-8c8fc67d6-c2jgx,1,2
1782485834,gsm-32,osmo-mobile-567ccbf999-c957g,3,37
1782485834,gsm-32,osmo-stp-768687f494-l699b,1,2
1782485834,gsm-32,ttcn3-tc-26-7-4-2-1-1-7cl96,1,6
1782485834,gsm-32,virtphy-6d5bdd8c84-wt4jd,7,1
1782485837,gsm-32,msc-test-stub-5b875d749d-6wxxk,1,16
1782485837,gsm-32,osmo-bsc-594654bd47-wx5fv,1,5
1782485837,gsm-32,osmo-bts-virtual-5f8b9b86fc-gkt55,26,5
1782485837,gsm-32,osmo-hlr-546bdb8988-s4bbk,1,2
1782485837,gsm-32,osmo-mgw-8c8fc67d6-c2jgx,1,2
1782485837,gsm-32,osmo-mobile-567ccbf999-c957g,3,37
1782485837,gsm-32,osmo-stp-768687f494-l699b,1,2
1782485837,gsm-32,ttcn3-tc-26-7-4-2-1-1-7cl96,1,6
1782485837,gsm-32,virtphy-6d5bdd8c84-wt4jd,7,1
1782485840,gsm-32,msc-test-stub-5b875d749d-6wxxk,1,16
1782485840,gsm-32,osmo-bsc-594654bd47-wx5fv,1,5
1782485840,gsm-32,osmo-bts-virtual-5f8b9b86fc-gkt55,26,5
1782485840,gsm-32,osmo-hlr-546bdb8988-s4bbk,1,2
1782485840,gsm-32,osmo-mgw-8c8fc67d6-c2jgx,1,2
1782485840,gsm-32,osmo-mobile-567ccbf999-c957g,3,37
1782485840,gsm-32,osmo-stp-768687f494-l699b,1,2
1782485840,gsm-32,ttcn3-tc-26-7-4-2-1-1-7cl96,1,6
1782485840,gsm-32,virtphy-6d5bdd8c84-wt4jd,7,1
1782485843,gsm-32,msc-test-stub-5b875d749d-6wxxk,1,16
1782485843,gsm-32,osmo-bsc-594654bd47-wx5fv,1,5
1782485843,gsm-32,osmo-bts-virtual-5f8b9b86fc-gkt55,26,5
1782485843,gsm-32,osmo-hlr-546bdb8988-s4bbk,1,2
1782485843,gsm-32,osmo-mgw-8c8fc67d6-c2jgx,1,2
1782485843,gsm-32,osmo-mobile-567ccbf999-c957g,3,37
1782485843,gsm-32,osmo-stp-768687f494-l699b,1,2
1782485843,gsm-32,ttcn3-tc-26-7-4-2-1-1-7cl96,1,6
1782485843,gsm-32,virtphy-6d5bdd8c84-wt4jd,7,1
1782485846,gsm-32,msc-test-stub-5b875d749d-6wxxk,1,16
1782485846,gsm-32,osmo-bsc-594654bd47-wx5fv,1,5
1782485846,gsm-32,osmo-bts-virtual-5f8b9b86fc-gkt55,26,5
1782485846,gsm-32,osmo-hlr-546bdb8988-s4bbk,1,2
1782485846,gsm-32,osmo-mgw-8c8fc67d6-c2jgx,1,2
1782485846,gsm-32,osmo-mobile-567ccbf999-c957g,3,37
1782485846,gsm-32,osmo-stp-768687f494-l699b,1,2
1782485846,gsm-32,ttcn3-tc-26-7-4-2-1-1-7cl96,1,6
1782485846,gsm-32,virtphy-6d5bdd8c84-wt4jd,7,1
1782485848,gsm-32,msc-test-stub-5b875d749d-6wxxk,1,16
1782485848,gsm-32,osmo-bsc-594654bd47-wx5fv,1,5
1782485848,gsm-32,osmo-bts-virtual-5f8b9b86fc-gkt55,25,5
1782485848,gsm-32,osmo-hlr-546bdb8988-s4bbk,1,2
1782485848,gsm-32,osmo-mgw-8c8fc67d6-c2jgx,1,2
1782485848,gsm-32,osmo-mobile-567ccbf999-c957g,2,37
1782485848,gsm-32,osmo-stp-768687f494-l699b,1,2
1782485848,gsm-32,ttcn3-tc-26-7-4-2-1-1-7cl96,1,6
1782485848,gsm-32,virtphy-6d5bdd8c84-wt4jd,6,4
1782485851,gsm-32,msc-test-stub-5b875d749d-6wxxk,1,16
1782485851,gsm-32,osmo-bsc-594654bd47-wx5fv,1,5
1782485851,gsm-32,osmo-bts-virtual-5f8b9b86fc-gkt55,25,5
1782485851,gsm-32,osmo-hlr-546bdb8988-s4bbk,1,2
1782485851,gsm-32,osmo-mgw-8c8fc67d6-c2jgx,1,2
1782485851,gsm-32,osmo-mobile-567ccbf999-c957g,2,37
1782485851,gsm-32,osmo-stp-768687f494-l699b,1,2
1782485851,gsm-32,ttcn3-tc-26-7-4-2-1-1-7cl96,1,6
1782485851,gsm-32,virtphy-6d5bdd8c84-wt4jd,6,4
1782485854,gsm-32,msc-test-stub-5b875d749d-6wxxk,1,16
1782485854,gsm-32,osmo-bsc-594654bd47-wx5fv,1,5
1782485854,gsm-32,osmo-bts-virtual-5f8b9b86fc-gkt55,25,5
1782485854,gsm-32,osmo-hlr-546bdb8988-s4bbk,1,2
1782485854,gsm-32,osmo-mgw-8c8fc67d6-c2jgx,1,2
1782485854,gsm-32,osmo-mobile-567ccbf999-c957g,2,37
1782485854,gsm-32,osmo-stp-768687f494-l699b,1,2
1782485854,gsm-32,ttcn3-tc-26-7-4-2-1-1-7cl96,1,6
1782485854,gsm-32,virtphy-6d5bdd8c84-wt4jd,6,4
1782485856,gsm-32,msc-test-stub-5b875d749d-6wxxk,1,16
1782485856,gsm-32,osmo-bsc-594654bd47-wx5fv,1,5
1782485856,gsm-32,osmo-bts-virtual-5f8b9b86fc-gkt55,25,5
1782485856,gsm-32,osmo-hlr-546bdb8988-s4bbk,1,2
1782485856,gsm-32,osmo-mgw-8c8fc67d6-c2jgx,1,2
1782485856,gsm-32,osmo-mobile-567ccbf999-c957g,2,37
1782485856,gsm-32,osmo-stp-768687f494-l699b,1,2
1782485856,gsm-32,ttcn3-tc-26-7-4-2-1-1-7cl96,1,6
1782485856,gsm-32,virtphy-6d5bdd8c84-wt4jd,6,4
1782485858,gsm-32,msc-test-stub-5b875d749d-6wxxk,1,16
1782485858,gsm-32,osmo-bsc-594654bd47-wx5fv,1,5
1782485858,gsm-32,osmo-bts-virtual-5f8b9b86fc-gkt55,25,5
1782485858,gsm-32,osmo-hlr-546bdb8988-s4bbk,1,2
1782485858,gsm-32,osmo-mgw-8c8fc67d6-c2jgx,1,2
1782485858,gsm-32,osmo-mobile-567ccbf999-c957g,2,37
1782485858,gsm-32,osmo-stp-768687f494-l699b,1,2
1782485858,gsm-32,ttcn3-tc-26-7-4-2-1-1-7cl96,1,6
1782485858,gsm-32,virtphy-6d5bdd8c84-wt4jd,6,4
1782485861,gsm-32,msc-test-stub-5b875d749d-6wxxk,1,16
1782485861,gsm-32,osmo-bsc-594654bd47-wx5fv,1,5
1782485861,gsm-32,osmo-bts-virtual-5f8b9b86fc-gkt55,25,5
1782485861,gsm-32,osmo-hlr-546bdb8988-s4bbk,1,2
1782485861,gsm-32,osmo-mgw-8c8fc67d6-c2jgx,1,2
1782485861,gsm-32,osmo-mobile-567ccbf999-c957g,2,37
1782485861,gsm-32,osmo-stp-768687f494-l699b,1,2
1782485861,gsm-32,ttcn3-tc-26-7-4-2-1-1-7cl96,1,6
1782485861,gsm-32,virtphy-6d5bdd8c84-wt4jd,6,4
1782485865,gsm-32,msc-test-stub-5b875d749d-6wxxk,1,16
1782485865,gsm-32,osmo-bsc-594654bd47-wx5fv,1,5
1782485865,gsm-32,osmo-bts-virtual-5f8b9b86fc-gkt55,25,5
1782485865,gsm-32,osmo-hlr-546bdb8988-s4bbk,1,2
1782485865,gsm-32,osmo-mgw-8c8fc67d6-c2jgx,1,2
1782485865,gsm-32,osmo-mobile-567ccbf999-c957g,2,37
1782485865,gsm-32,osmo-stp-768687f494-l699b,1,2
1782485865,gsm-32,ttcn3-tc-26-7-4-2-1-1-7cl96,1,6
1782485865,gsm-32,virtphy-6d5bdd8c84-wt4jd,7,1
1782485868,gsm-32,msc-test-stub-5b875d749d-6wxxk,1,16
1782485868,gsm-32,osmo-bsc-594654bd47-wx5fv,1,5
1782485868,gsm-32,osmo-bts-virtual-5f8b9b86fc-gkt55,25,5
1782485868,gsm-32,osmo-hlr-546bdb8988-s4bbk,1,2
1782485868,gsm-32,osmo-mgw-8c8fc67d6-c2jgx,1,2
1782485868,gsm-32,osmo-mobile-567ccbf999-c957g,2,37
1782485868,gsm-32,osmo-stp-768687f494-l699b,1,2
1782485868,gsm-32,ttcn3-tc-26-7-4-2-1-1-7cl96,1,6
1782485868,gsm-32,virtphy-6d5bdd8c84-wt4jd,7,1
1782485871,gsm-32,msc-test-stub-5b875d749d-6wxxk,1,16
1782485871,gsm-32,osmo-bsc-594654bd47-wx5fv,1,5
1782485871,gsm-32,osmo-bts-virtual-5f8b9b86fc-gkt55,25,5
1782485871,gsm-32,osmo-hlr-546bdb8988-s4bbk,1,2
1782485871,gsm-32,osmo-mgw-8c8fc67d6-c2jgx,1,2
1782485871,gsm-32,osmo-mobile-567ccbf999-c957g,2,37
1782485871,gsm-32,osmo-stp-768687f494-l699b,1,2
1782485871,gsm-32,ttcn3-tc-26-7-4-2-1-1-7cl96,1,6
1782485871,gsm-32,virtphy-6d5bdd8c84-wt4jd,7,1
1782485874,gsm-32,msc-test-stub-5b875d749d-6wxxk,1,16
1782485874,gsm-32,osmo-bsc-594654bd47-wx5fv,1,5
1782485874,gsm-32,osmo-bts-virtual-5f8b9b86fc-gkt55,25,5
1782485874,gsm-32,osmo-hlr-546bdb8988-s4bbk,1,2
1782485874,gsm-32,osmo-mgw-8c8fc67d6-c2jgx,1,2
1782485874,gsm-32,osmo-mobile-567ccbf999-c957g,2,37
1782485874,gsm-32,osmo-stp-768687f494-l699b,1,2
1782485874,gsm-32,ttcn3-tc-26-7-4-2-1-1-7cl96,1,6
1782485874,gsm-32,virtphy-6d5bdd8c84-wt4jd,7,1
1782485876,gsm-32,msc-test-stub-5b875d749d-6wxxk,1,16
1782485876,gsm-32,osmo-bsc-594654bd47-wx5fv,1,5
1782485876,gsm-32,osmo-bts-virtual-5f8b9b86fc-gkt55,25,5
1782485876,gsm-32,osmo-hlr-546bdb8988-s4bbk,1,2
1782485876,gsm-32,osmo-mgw-8c8fc67d6-c2jgx,1,2
1782485876,gsm-32,osmo-mobile-567ccbf999-c957g,2,37
1782485876,gsm-32,osmo-stp-768687f494-l699b,1,2
1782485876,gsm-32,ttcn3-tc-26-7-4-2-1-1-7cl96,1,6
1782485876,gsm-32,virtphy-6d5bdd8c84-wt4jd,7,1
1782485878,gsm-32,msc-test-stub-5b875d749d-6wxxk,1,16
1782485878,gsm-32,osmo-bsc-594654bd47-wx5fv,1,5
1782485878,gsm-32,osmo-bts-virtual-5f8b9b86fc-gkt55,24,5
1782485878,gsm-32,osmo-hlr-546bdb8988-s4bbk,1,2
1782485878,gsm-32,osmo-mgw-8c8fc67d6-c2jgx,1,2
1782485878,gsm-32,osmo-mobile-567ccbf999-c957g,3,37
1782485878,gsm-32,osmo-stp-768687f494-l699b,1,2
1782485878,gsm-32,ttcn3-tc-26-7-4-2-1-1-7cl96,1,6
1782485878,gsm-32,virtphy-6d5bdd8c84-wt4jd,6,1
1782485882,gsm-32,msc-test-stub-5b875d749d-6wxxk,1,16
1782485882,gsm-32,osmo-bsc-594654bd47-wx5fv,1,5
1782485882,gsm-32,osmo-bts-virtual-5f8b9b86fc-gkt55,24,5
1782485882,gsm-32,osmo-hlr-546bdb8988-s4bbk,1,2
1782485882,gsm-32,osmo-mgw-8c8fc67d6-c2jgx,1,2
1782485882,gsm-32,osmo-mobile-567ccbf999-c957g,3,37
1782485882,gsm-32,osmo-stp-768687f494-l699b,1,2
1782485882,gsm-32,ttcn3-tc-26-7-4-2-1-1-7cl96,1,6
1782485882,gsm-32,virtphy-6d5bdd8c84-wt4jd,6,1
1782485884,gsm-32,msc-test-stub-5b875d749d-6wxxk,1,16
1782485884,gsm-32,osmo-bsc-594654bd47-wx5fv,1,5
1782485884,gsm-32,osmo-bts-virtual-5f8b9b86fc-gkt55,24,5
1782485884,gsm-32,osmo-hlr-546bdb8988-s4bbk,1,2
1782485884,gsm-32,osmo-mgw-8c8fc67d6-c2jgx,1,2
1782485884,gsm-32,osmo-mobile-567ccbf999-c957g,3,37
1782485884,gsm-32,osmo-stp-768687f494-l699b,1,2
1782485884,gsm-32,ttcn3-tc-26-7-4-2-1-1-7cl96,1,6
1782485884,gsm-32,virtphy-6d5bdd8c84-wt4jd,6,1
1782485888,gsm-32,msc-test-stub-5b875d749d-6wxxk,1,16
1782485888,gsm-32,osmo-bsc-594654bd47-wx5fv,1,5
1782485888,gsm-32,osmo-bts-virtual-5f8b9b86fc-gkt55,24,5
1782485888,gsm-32,osmo-hlr-546bdb8988-s4bbk,1,2
1782485888,gsm-32,osmo-mgw-8c8fc67d6-c2jgx,1,2
1782485888,gsm-32,osmo-mobile-567ccbf999-c957g,3,37
1782485888,gsm-32,osmo-stp-768687f494-l699b,1,2
1782485888,gsm-32,ttcn3-tc-26-7-4-2-1-1-7cl96,1,6
1782485888,gsm-32,virtphy-6d5bdd8c84-wt4jd,6,1
1782485891,gsm-32,msc-test-stub-5b875d749d-6wxxk,1,16
1782485891,gsm-32,osmo-bsc-594654bd47-wx5fv,1,5
1782485891,gsm-32,osmo-bts-virtual-5f8b9b86fc-gkt55,24,5
1782485891,gsm-32,osmo-hlr-546bdb8988-s4bbk,1,2
1782485891,gsm-32,osmo-mgw-8c8fc67d6-c2jgx,1,2
1782485891,gsm-32,osmo-mobile-567ccbf999-c957g,3,37
1782485891,gsm-32,osmo-stp-768687f494-l699b,1,2
1782485891,gsm-32,ttcn3-tc-26-7-4-2-1-1-7cl96,1,6
1782485891,gsm-32,virtphy-6d5bdd8c84-wt4jd,6,1
1782485894,gsm-32,msc-test-stub-5b875d749d-6wxxk,1,16
1782485894,gsm-32,osmo-bsc-594654bd47-wx5fv,1,5
1782485894,gsm-32,osmo-bts-virtual-5f8b9b86fc-gkt55,23,5
1782485894,gsm-32,osmo-hlr-546bdb8988-s4bbk,1,2
1782485894,gsm-32,osmo-mgw-8c8fc67d6-c2jgx,1,2
1782485894,gsm-32,osmo-mobile-567ccbf999-c957g,3,37
1782485894,gsm-32,osmo-stp-768687f494-l699b,1,2
1782485894,gsm-32,ttcn3-tc-26-7-4-2-1-1-7cl96,4,6
1782485894,gsm-32,virtphy-6d5bdd8c84-wt4jd,7,1
1782485897,gsm-32,msc-test-stub-5b875d749d-6wxxk,1,16
1782485897,gsm-32,osmo-bsc-594654bd47-wx5fv,1,5
1782485897,gsm-32,osmo-bts-virtual-5f8b9b86fc-gkt55,23,5
1782485897,gsm-32,osmo-hlr-546bdb8988-s4bbk,1,2
1782485897,gsm-32,osmo-mgw-8c8fc67d6-c2jgx,1,2
1782485897,gsm-32,osmo-mobile-567ccbf999-c957g,3,37
1782485897,gsm-32,osmo-stp-768687f494-l699b,1,2
1782485897,gsm-32,ttcn3-tc-26-7-4-2-1-1-7cl96,4,6
1782485897,gsm-32,virtphy-6d5bdd8c84-wt4jd,7,1
1782485902,gsm-32,msc-test-stub-5b875d749d-6wxxk,1,16
1782485902,gsm-32,osmo-bsc-594654bd47-wx5fv,1,5
1782485902,gsm-32,osmo-bts-virtual-5f8b9b86fc-gkt55,23,5
1782485902,gsm-32,osmo-hlr-546bdb8988-s4bbk,1,2
1782485902,gsm-32,osmo-mgw-8c8fc67d6-c2jgx,1,2
1782485902,gsm-32,osmo-mobile-567ccbf999-c957g,3,37
1782485902,gsm-32,osmo-stp-768687f494-l699b,1,2
1782485902,gsm-32,ttcn3-tc-26-7-4-2-1-1-7cl96,4,6
1782485902,gsm-32,virtphy-6d5bdd8c84-wt4jd,7,1
1782485904,gsm-32,msc-test-stub-5b875d749d-6wxxk,1,16
1782485904,gsm-32,osmo-bsc-594654bd47-wx5fv,1,5
1782485904,gsm-32,osmo-bts-virtual-5f8b9b86fc-gkt55,23,5
1782485904,gsm-32,osmo-hlr-546bdb8988-s4bbk,1,2
1782485904,gsm-32,osmo-mgw-8c8fc67d6-c2jgx,1,2
1782485904,gsm-32,osmo-mobile-567ccbf999-c957g,3,37
1782485904,gsm-32,osmo-stp-768687f494-l699b,1,2
1782485904,gsm-32,ttcn3-tc-26-7-4-2-1-1-7cl96,4,6
1782485904,gsm-32,virtphy-6d5bdd8c84-wt4jd,7,1
1782485908,gsm-32,msc-test-stub-5b875d749d-6wxxk,1,16
1782485908,gsm-32,osmo-bsc-594654bd47-wx5fv,1,5
1782485908,gsm-32,osmo-bts-virtual-5f8b9b86fc-gkt55,27,5
1782485908,gsm-32,osmo-hlr-546bdb8988-s4bbk,1,2
1782485908,gsm-32,osmo-mgw-8c8fc67d6-c2jgx,1,2
1782485908,gsm-32,osmo-mobile-567ccbf999-c957g,3,37
1782485908,gsm-32,osmo-stp-768687f494-l699b,1,2
1782485908,gsm-32,ttcn3-tc-26-7-4-2-1-1-7cl96,1,6
1782485908,gsm-32,virtphy-6d5bdd8c84-wt4jd,7,1
1782485911,gsm-32,msc-test-stub-5b875d749d-6wxxk,1,16
1782485911,gsm-32,osmo-bsc-594654bd47-wx5fv,1,5
1782485911,gsm-32,osmo-bts-virtual-5f8b9b86fc-gkt55,27,5
1782485911,gsm-32,osmo-hlr-546bdb8988-s4bbk,1,2
1782485911,gsm-32,osmo-mgw-8c8fc67d6-c2jgx,1,2
1782485911,gsm-32,osmo-mobile-567ccbf999-c957g,3,37
1782485911,gsm-32,osmo-stp-768687f494-l699b,1,2
1782485911,gsm-32,ttcn3-tc-26-7-4-2-1-1-7cl96,1,6
1782485911,gsm-32,virtphy-6d5bdd8c84-wt4jd,7,1
1782485913,gsm-32,msc-test-stub-5b875d749d-6wxxk,1,16
1782485913,gsm-32,osmo-bsc-594654bd47-wx5fv,1,5
1782485913,gsm-32,osmo-bts-virtual-5f8b9b86fc-gkt55,27,5
1782485913,gsm-32,osmo-hlr-546bdb8988-s4bbk,1,2
1782485913,gsm-32,osmo-mgw-8c8fc67d6-c2jgx,1,2
1782485913,gsm-32,osmo-mobile-567ccbf999-c957g,3,37
1782485913,gsm-32,osmo-stp-768687f494-l699b,1,2
1782485913,gsm-32,ttcn3-tc-26-7-4-2-1-1-7cl96,1,6
1782485913,gsm-32,virtphy-6d5bdd8c84-wt4jd,7,1
1782485916,gsm-32,msc-test-stub-5b875d749d-6wxxk,1,16
1782485916,gsm-32,osmo-bsc-594654bd47-wx5fv,1,5
1782485916,gsm-32,osmo-bts-virtual-5f8b9b86fc-gkt55,27,5
1782485916,gsm-32,osmo-hlr-546bdb8988-s4bbk,1,2
1782485916,gsm-32,osmo-mgw-8c8fc67d6-c2jgx,1,2
1782485916,gsm-32,osmo-mobile-567ccbf999-c957g,3,37
1782485916,gsm-32,osmo-stp-768687f494-l699b,1,2
1782485916,gsm-32,ttcn3-tc-26-7-4-2-1-1-7cl96,1,6
1782485916,gsm-32,virtphy-6d5bdd8c84-wt4jd,7,1
1782485920,gsm-32,msc-test-stub-5b875d749d-6wxxk,1,16
1782485920,gsm-32,osmo-bsc-594654bd47-wx5fv,1,5
1782485920,gsm-32,osmo-bts-virtual-5f8b9b86fc-gkt55,27,5
1782485920,gsm-32,osmo-hlr-546bdb8988-s4bbk,1,2
1782485920,gsm-32,osmo-mgw-8c8fc67d6-c2jgx,1,2
1782485920,gsm-32,osmo-mobile-567ccbf999-c957g,3,37
1782485920,gsm-32,osmo-stp-768687f494-l699b,1,2
1782485920,gsm-32,ttcn3-tc-26-7-4-2-1-1-7cl96,1,6
1782485920,gsm-32,virtphy-6d5bdd8c84-wt4jd,7,1
1782485922,gsm-32,msc-test-stub-5b875d749d-6wxxk,1,16
1782485922,gsm-32,osmo-bsc-594654bd47-wx5fv,1,5
1782485922,gsm-32,osmo-bts-virtual-5f8b9b86fc-gkt55,27,5
1782485922,gsm-32,osmo-hlr-546bdb8988-s4bbk,1,2
1782485922,gsm-32,osmo-mgw-8c8fc67d6-c2jgx,1,2
1782485922,gsm-32,osmo-mobile-567ccbf999-c957g,3,37
1782485922,gsm-32,osmo-stp-768687f494-l699b,1,2
1782485922,gsm-32,ttcn3-tc-26-7-4-2-1-1-7cl96,1,6
1782485922,gsm-32,virtphy-6d5bdd8c84-wt4jd,7,1
1782485924,gsm-32,msc-test-stub-5b875d749d-6wxxk,1,16
1782485924,gsm-32,osmo-bsc-594654bd47-wx5fv,1,5
1782485924,gsm-32,osmo-bts-virtual-5f8b9b86fc-gkt55,27,5
1782485924,gsm-32,osmo-hlr-546bdb8988-s4bbk,1,2
1782485924,gsm-32,osmo-mgw-8c8fc67d6-c2jgx,1,2
1782485924,gsm-32,osmo-mobile-567ccbf999-c957g,3,37
1782485924,gsm-32,osmo-stp-768687f494-l699b,1,2
1782485924,gsm-32,ttcn3-tc-26-7-4-2-1-1-7cl96,1,6
1782485924,gsm-32,virtphy-6d5bdd8c84-wt4jd,6,1
1782485928,gsm-32,msc-test-stub-5b875d749d-6wxxk,1,16
1782485928,gsm-32,osmo-bsc-594654bd47-wx5fv,1,5
1782485928,gsm-32,osmo-bts-virtual-5f8b9b86fc-gkt55,27,5
1782485928,gsm-32,osmo-hlr-546bdb8988-s4bbk,1,2
1782485928,gsm-32,osmo-mgw-8c8fc67d6-c2jgx,1,2
1782485928,gsm-32,osmo-mobile-567ccbf999-c957g,3,37
1782485928,gsm-32,osmo-stp-768687f494-l699b,1,2
1782485928,gsm-32,ttcn3-tc-26-7-4-2-1-1-7cl96,1,6
1782485928,gsm-32,virtphy-6d5bdd8c84-wt4jd,6,1
1782485930,gsm-32,msc-test-stub-5b875d749d-6wxxk,1,16
1782485930,gsm-32,osmo-bsc-594654bd47-wx5fv,1,5
1782485930,gsm-32,osmo-bts-virtual-5f8b9b86fc-gkt55,27,5
1782485930,gsm-32,osmo-hlr-546bdb8988-s4bbk,1,2
1782485930,gsm-32,osmo-mgw-8c8fc67d6-c2jgx,1,2
1782485930,gsm-32,osmo-mobile-567ccbf999-c957g,3,37
1782485930,gsm-32,osmo-stp-768687f494-l699b,1,2
1782485930,gsm-32,ttcn3-tc-26-7-4-2-1-1-7cl96,1,6
1782485930,gsm-32,virtphy-6d5bdd8c84-wt4jd,6,1
1782485933,gsm-32,msc-test-stub-5b875d749d-6wxxk,1,16
1782485933,gsm-32,osmo-bsc-594654bd47-wx5fv,1,5
1782485933,gsm-32,osmo-bts-virtual-5f8b9b86fc-gkt55,27,5
1782485933,gsm-32,osmo-hlr-546bdb8988-s4bbk,1,2
1782485933,gsm-32,osmo-mgw-8c8fc67d6-c2jgx,1,2
1782485933,gsm-32,osmo-mobile-567ccbf999-c957g,3,37
1782485933,gsm-32,osmo-stp-768687f494-l699b,1,2
1782485933,gsm-32,ttcn3-tc-26-7-4-2-1-1-7cl96,1,6
1782485933,gsm-32,virtphy-6d5bdd8c84-wt4jd,6,1
1782485935,gsm-32,msc-test-stub-5b875d749d-6wxxk,1,16
1782485935,gsm-32,osmo-bsc-594654bd47-wx5fv,1,5
1782485935,gsm-32,osmo-bts-virtual-5f8b9b86fc-gkt55,27,5
1782485935,gsm-32,osmo-hlr-546bdb8988-s4bbk,1,2
1782485935,gsm-32,osmo-mgw-8c8fc67d6-c2jgx,1,2
1782485935,gsm-32,osmo-mobile-567ccbf999-c957g,3,37
1782485935,gsm-32,osmo-stp-768687f494-l699b,1,2
1782485935,gsm-32,ttcn3-tc-26-7-4-2-1-1-7cl96,1,6
1782485935,gsm-32,virtphy-6d5bdd8c84-wt4jd,6,1
1782485938,gsm-32,msc-test-stub-5b875d749d-6wxxk,1,16
1782485938,gsm-32,osmo-bsc-594654bd47-wx5fv,1,5
1782485938,gsm-32,osmo-bts-virtual-5f8b9b86fc-gkt55,25,5
1782485938,gsm-32,osmo-hlr-546bdb8988-s4bbk,1,2
1782485938,gsm-32,osmo-mgw-8c8fc67d6-c2jgx,1,2
1782485938,gsm-32,osmo-mobile-567ccbf999-c957g,2,37
1782485938,gsm-32,osmo-stp-768687f494-l699b,1,2
1782485938,gsm-32,ttcn3-tc-26-7-4-2-1-1-7cl96,1,6
1782485938,gsm-32,virtphy-6d5bdd8c84-wt4jd,6,1
1782485941,gsm-32,msc-test-stub-5b875d749d-6wxxk,1,16
1782485941,gsm-32,osmo-bsc-594654bd47-wx5fv,1,5
1782485941,gsm-32,osmo-bts-virtual-5f8b9b86fc-gkt55,25,5
1782485941,gsm-32,osmo-hlr-546bdb8988-s4bbk,1,2
1782485941,gsm-32,osmo-mgw-8c8fc67d6-c2jgx,1,2
1782485941,gsm-32,osmo-mobile-567ccbf999-c957g,2,37
1782485941,gsm-32,osmo-stp-768687f494-l699b,1,2
1782485941,gsm-32,ttcn3-tc-26-7-4-2-1-1-7cl96,1,6
1782485941,gsm-32,virtphy-6d5bdd8c84-wt4jd,6,1
1782485944,gsm-32,msc-test-stub-5b875d749d-6wxxk,1,16
1782485944,gsm-32,osmo-bsc-594654bd47-wx5fv,1,5
1782485944,gsm-32,osmo-bts-virtual-5f8b9b86fc-gkt55,25,5
1782485944,gsm-32,osmo-hlr-546bdb8988-s4bbk,1,2
1782485944,gsm-32,osmo-mgw-8c8fc67d6-c2jgx,1,2
1782485944,gsm-32,osmo-mobile-567ccbf999-c957g,2,37
1782485944,gsm-32,osmo-stp-768687f494-l699b,1,2
1782485944,gsm-32,ttcn3-tc-26-7-4-2-1-1-7cl96,1,6
1782485944,gsm-32,virtphy-6d5bdd8c84-wt4jd,6,1
1782485946,gsm-32,msc-test-stub-5b875d749d-6wxxk,1,16
1782485946,gsm-32,osmo-bsc-594654bd47-wx5fv,1,5
1782485946,gsm-32,osmo-bts-virtual-5f8b9b86fc-gkt55,25,5
1782485946,gsm-32,osmo-hlr-546bdb8988-s4bbk,1,2
1782485946,gsm-32,osmo-mgw-8c8fc67d6-c2jgx,1,2
1782485946,gsm-32,osmo-mobile-567ccbf999-c957g,2,37
1782485946,gsm-32,osmo-stp-768687f494-l699b,1,2
1782485946,gsm-32,ttcn3-tc-26-7-4-2-1-1-7cl96,1,6
1782485946,gsm-32,virtphy-6d5bdd8c84-wt4jd,6,1
1782485948,gsm-32,msc-test-stub-5b875d749d-6wxxk,1,16
1782485948,gsm-32,osmo-bsc-594654bd47-wx5fv,1,5
1782485948,gsm-32,osmo-bts-virtual-5f8b9b86fc-gkt55,25,5
1782485948,gsm-32,osmo-hlr-546bdb8988-s4bbk,1,2
1782485948,gsm-32,osmo-mgw-8c8fc67d6-c2jgx,1,2
1782485948,gsm-32,osmo-mobile-567ccbf999-c957g,2,37
1782485948,gsm-32,osmo-stp-768687f494-l699b,1,2
1782485948,gsm-32,ttcn3-tc-26-7-4-2-1-1-7cl96,1,6
1782485948,gsm-32,virtphy-6d5bdd8c84-wt4jd,6,1
1782485951,gsm-32,msc-test-stub-5b875d749d-6wxxk,1,16
1782485951,gsm-32,osmo-bsc-594654bd47-wx5fv,1,5
1782485951,gsm-32,osmo-bts-virtual-5f8b9b86fc-gkt55,25,5
1782485951,gsm-32,osmo-hlr-546bdb8988-s4bbk,1,2
1782485951,gsm-32,osmo-mgw-8c8fc67d6-c2jgx,1,2
1782485951,gsm-32,osmo-mobile-567ccbf999-c957g,2,37
1782485951,gsm-32,osmo-stp-768687f494-l699b,1,2
1782485951,gsm-32,ttcn3-tc-26-7-4-2-1-1-7cl96,1,6
1782485951,gsm-32,virtphy-6d5bdd8c84-wt4jd,6,1
1782485953,gsm-32,msc-test-stub-5b875d749d-6wxxk,1,16
1782485953,gsm-32,osmo-bsc-594654bd47-wx5fv,1,5
1782485953,gsm-32,osmo-bts-virtual-5f8b9b86fc-gkt55,26,5
1782485953,gsm-32,osmo-hlr-546bdb8988-s4bbk,1,2
1782485953,gsm-32,osmo-mgw-8c8fc67d6-c2jgx,1,2
1782485953,gsm-32,osmo-mobile-567ccbf999-c957g,2,37
1782485953,gsm-32,osmo-stp-768687f494-l699b,1,2
1782485953,gsm-32,ttcn3-tc-26-7-4-2-1-1-7cl96,1,6
1782485953,gsm-32,virtphy-6d5bdd8c84-wt4jd,7,1
1782485956,gsm-32,msc-test-stub-5b875d749d-6wxxk,1,16
1782485956,gsm-32,osmo-bsc-594654bd47-wx5fv,1,5
1782485956,gsm-32,osmo-bts-virtual-5f8b9b86fc-gkt55,26,5
1782485956,gsm-32,osmo-hlr-546bdb8988-s4bbk,1,2
1782485956,gsm-32,osmo-mgw-8c8fc67d6-c2jgx,1,2
1782485956,gsm-32,osmo-mobile-567ccbf999-c957g,2,37
1782485956,gsm-32,osmo-stp-768687f494-l699b,1,2
1782485956,gsm-32,ttcn3-tc-26-7-4-2-1-1-7cl96,1,6
1782485956,gsm-32,virtphy-6d5bdd8c84-wt4jd,7,1
1782485959,gsm-32,msc-test-stub-5b875d749d-6wxxk,1,16
1782485959,gsm-32,osmo-bsc-594654bd47-wx5fv,1,5
1782485959,gsm-32,osmo-bts-virtual-5f8b9b86fc-gkt55,26,5
1782485959,gsm-32,osmo-hlr-546bdb8988-s4bbk,1,2
1782485959,gsm-32,osmo-mgw-8c8fc67d6-c2jgx,1,2
1782485959,gsm-32,osmo-mobile-567ccbf999-c957g,2,37
1782485959,gsm-32,osmo-stp-768687f494-l699b,1,2
1782485959,gsm-32,ttcn3-tc-26-7-4-2-1-1-7cl96,1,6
1782485959,gsm-32,virtphy-6d5bdd8c84-wt4jd,7,1
1782485962,gsm-32,msc-test-stub-5b875d749d-6wxxk,1,16
1782485962,gsm-32,osmo-bsc-594654bd47-wx5fv,1,5
1782485962,gsm-32,osmo-bts-virtual-5f8b9b86fc-gkt55,26,5
1782485962,gsm-32,osmo-hlr-546bdb8988-s4bbk,1,2
1782485962,gsm-32,osmo-mgw-8c8fc67d6-c2jgx,1,2
1782485962,gsm-32,osmo-mobile-567ccbf999-c957g,2,37
1782485962,gsm-32,osmo-stp-768687f494-l699b,1,2
1782485962,gsm-32,ttcn3-tc-26-7-4-2-1-1-7cl96,1,6
1782485962,gsm-32,virtphy-6d5bdd8c84-wt4jd,7,1
1782485964,gsm-32,msc-test-stub-5b875d749d-6wxxk,1,16
1782485964,gsm-32,osmo-bsc-594654bd47-wx5fv,1,5
1782485964,gsm-32,osmo-bts-virtual-5f8b9b86fc-gkt55,26,5
1782485964,gsm-32,osmo-hlr-546bdb8988-s4bbk,1,2
1782485964,gsm-32,osmo-mgw-8c8fc67d6-c2jgx,1,2
1782485964,gsm-32,osmo-mobile-567ccbf999-c957g,2,37
1782485964,gsm-32,osmo-stp-768687f494-l699b,1,2
1782485964,gsm-32,ttcn3-tc-26-7-4-2-1-1-7cl96,1,6
1782485964,gsm-32,virtphy-6d5bdd8c84-wt4jd,7,1
1782485966,gsm-32,msc-test-stub-5b875d749d-6wxxk,1,16
1782485966,gsm-32,osmo-bsc-594654bd47-wx5fv,1,5
1782485966,gsm-32,osmo-bts-virtual-5f8b9b86fc-gkt55,26,5
1782485966,gsm-32,osmo-hlr-546bdb8988-s4bbk,1,2
1782485966,gsm-32,osmo-mgw-8c8fc67d6-c2jgx,1,2
1782485966,gsm-32,osmo-mobile-567ccbf999-c957g,2,37
1782485966,gsm-32,osmo-stp-768687f494-l699b,1,2
1782485966,gsm-32,ttcn3-tc-26-7-4-2-1-1-7cl96,1,6
1782485966,gsm-32,virtphy-6d5bdd8c84-wt4jd,7,1
1782485969,gsm-32,msc-test-stub-5b875d749d-6wxxk,1,16
1782485969,gsm-32,osmo-bsc-594654bd47-wx5fv,1,5
1782485969,gsm-32,osmo-bts-virtual-5f8b9b86fc-gkt55,25,5
1782485969,gsm-32,osmo-hlr-546bdb8988-s4bbk,1,2
1782485969,gsm-32,osmo-mgw-8c8fc67d6-c2jgx,1,2
1782485969,gsm-32,osmo-mobile-567ccbf999-c957g,3,37
1782485969,gsm-32,osmo-stp-768687f494-l699b,1,2
1782485969,gsm-32,ttcn3-tc-26-7-4-2-1-1-7cl96,1,6
1782485969,gsm-32,virtphy-6d5bdd8c84-wt4jd,7,1
1782485972,gsm-32,msc-test-stub-5b875d749d-6wxxk,1,16
1782485972,gsm-32,osmo-bsc-594654bd47-wx5fv,1,5
1782485972,gsm-32,osmo-bts-virtual-5f8b9b86fc-gkt55,25,5
1782485972,gsm-32,osmo-hlr-546bdb8988-s4bbk,1,2
1782485972,gsm-32,osmo-mgw-8c8fc67d6-c2jgx,1,2
1782485972,gsm-32,osmo-mobile-567ccbf999-c957g,3,37
1782485972,gsm-32,osmo-stp-768687f494-l699b,1,2
1782485972,gsm-32,virtphy-6d5bdd8c84-wt4jd,7,1
