unix_ts,namespace,pod,cpu_m,mem_mib
1781593795,kube-system,coredns-c4dbffb5f-p9rsr,3,26
1781593795,kube-system,local-path-provisioner-5c4dc5d66d-nfqxz,1,16
1781593795,kube-system,metrics-server-786d997795-hcp2m,9,43
1781593795,kube-system,svclb-traefik-1100f998-kpm9h,0,0
1781593795,kube-system,traefik-9bcdbbd9-qtpjt,1,37
1781593797,kube-system,coredns-c4dbffb5f-p9rsr,3,26
1781593797,kube-system,local-path-provisioner-5c4dc5d66d-nfqxz,1,16
1781593797,kube-system,metrics-server-786d997795-hcp2m,9,43
1781593797,kube-system,svclb-traefik-1100f998-kpm9h,0,0
1781593797,kube-system,traefik-9bcdbbd9-qtpjt,1,37
1781593800,kube-system,coredns-c4dbffb5f-p9rsr,3,26
1781593800,kube-system,local-path-provisioner-5c4dc5d66d-nfqxz,1,16
1781593800,kube-system,metrics-server-786d997795-hcp2m,8,43
1781593800,kube-system,svclb-traefik-1100f998-kpm9h,0,0
1781593800,kube-system,traefik-9bcdbbd9-qtpjt,1,37
1781593808,kube-system,coredns-c4dbffb5f-p9rsr,3,26
1781593808,kube-system,local-path-provisioner-5c4dc5d66d-nfqxz,1,16
1781593808,kube-system,metrics-server-786d997795-hcp2m,8,43
1781593808,kube-system,svclb-traefik-1100f998-kpm9h,0,0
1781593808,kube-system,traefik-9bcdbbd9-qtpjt,1,37
1781593811,kube-system,coredns-c4dbffb5f-p9rsr,3,26
1781593811,kube-system,local-path-provisioner-5c4dc5d66d-nfqxz,1,16
1781593811,kube-system,metrics-server-786d997795-hcp2m,8,43
1781593811,kube-system,svclb-traefik-1100f998-kpm9h,0,0
1781593811,kube-system,traefik-9bcdbbd9-qtpjt,1,37
1781593814,gsm-2,osmo-bsc-594654bd47-hhlp9,6,0
1781593814,gsm-4,osmo-bts-virtual-5f8b9b86fc-nhcwb,8,0
1781593814,gsm-4,osmo-hlr-546bdb8988-r7vdz,4,2
1781593814,gsm-4,osmo-mgw-8c8fc67d6-r4jrz,4,2
1781593814,gsm-4,osmo-mobile-74f4b9d576-kj84s,22,32
1781593814,gsm-4,osmo-stp-768687f494-n6vz9,5,2
1781593814,gsm-4,virtphy-7cb5464db9-qzrgq,9,1
1781593814,gsm-5,osmo-bsc-594654bd47-xbxld,7,5
1781593814,gsm-5,osmo-bts-virtual-5f8b9b86fc-pd9t7,7,0
1781593814,gsm-5,osmo-mgw-8c8fc67d6-fxp8q,5,2
1781593814,gsm-5,osmo-mobile-59d8d55bb5-vv6bg,22,32
1781593814,gsm-5,osmo-stp-768687f494-nhnn6,5,2
1781593814,gsm-7,osmo-bsc-594654bd47-qqkm6,3,5
1781593814,gsm-7,osmo-bts-virtual-5f8b9b86fc-qlkms,8,1
1781593814,gsm-7,osmo-hlr-546bdb8988-497nd,5,2
1781593814,gsm-7,osmo-mgw-8c8fc67d6-rfmz7,5,2
1781593814,gsm-7,osmo-mobile-6865667c79-4594t,15,44
1781593814,gsm-7,virtphy-6cd7658d46-7mqb9,9,1
1781593814,gsm-8,osmo-bsc-594654bd47-gl8n5,7,5
1781593814,gsm-8,osmo-bts-virtual-5f8b9b86fc-2jhn7,11,5
1781593814,gsm-8,osmo-hlr-546bdb8988-728qc,4,7
1781593814,gsm-8,osmo-mgw-8c8fc67d6-2zf7g,5,5
1781593814,gsm-8,osmo-mobile-7f88cc47b4-fl965,15,42
1781593814,gsm-8,osmo-stp-768687f494-j95b9,1,2
1781593814,gsm-8,virtphy-86b4bdf559-sq5gd,8,2
1781593814,kube-system,coredns-c4dbffb5f-p9rsr,7,26
1781593814,kube-system,local-path-provisioner-5c4dc5d66d-nfqxz,1,16
1781593814,kube-system,metrics-server-786d997795-hcp2m,9,43
1781593814,kube-system,svclb-traefik-1100f998-kpm9h,0,0
1781593814,kube-system,traefik-9bcdbbd9-qtpjt,4,38
1781593817,gsm-2,osmo-bsc-594654bd47-hhlp9,6,0
1781593817,gsm-4,osmo-bts-virtual-5f8b9b86fc-nhcwb,8,0
1781593817,gsm-4,osmo-hlr-546bdb8988-r7vdz,4,2
1781593817,gsm-4,osmo-mgw-8c8fc67d6-r4jrz,4,2
1781593817,gsm-4,osmo-mobile-74f4b9d576-kj84s,22,32
1781593817,gsm-4,osmo-stp-768687f494-n6vz9,5,2
1781593817,gsm-4,virtphy-7cb5464db9-qzrgq,9,1
1781593817,gsm-5,osmo-bsc-594654bd47-xbxld,7,5
1781593817,gsm-5,osmo-bts-virtual-5f8b9b86fc-pd9t7,7,0
1781593817,gsm-5,osmo-mgw-8c8fc67d6-fxp8q,5,2
1781593817,gsm-5,osmo-mobile-59d8d55bb5-vv6bg,22,32
1781593817,gsm-5,osmo-stp-768687f494-nhnn6,5,2
1781593817,gsm-7,osmo-bsc-594654bd47-qqkm6,3,5
1781593817,gsm-7,osmo-bts-virtual-5f8b9b86fc-qlkms,8,1
1781593817,gsm-7,osmo-hlr-546bdb8988-497nd,5,2
1781593817,gsm-7,osmo-mgw-8c8fc67d6-rfmz7,5,2
1781593817,gsm-7,osmo-mobile-6865667c79-4594t,15,44
1781593817,gsm-7,virtphy-6cd7658d46-7mqb9,9,1
1781593817,gsm-8,osmo-bsc-594654bd47-gl8n5,7,5
1781593817,gsm-8,osmo-bts-virtual-5f8b9b86fc-2jhn7,11,5
1781593817,gsm-8,osmo-hlr-546bdb8988-728qc,4,7
1781593817,gsm-8,osmo-mgw-8c8fc67d6-2zf7g,5,5
1781593817,gsm-8,osmo-mobile-7f88cc47b4-fl965,15,42
1781593817,gsm-8,osmo-stp-768687f494-j95b9,1,2
1781593817,gsm-8,virtphy-86b4bdf559-sq5gd,8,2
1781593817,kube-system,coredns-c4dbffb5f-p9rsr,7,26
1781593817,kube-system,local-path-provisioner-5c4dc5d66d-nfqxz,1,16
1781593817,kube-system,metrics-server-786d997795-hcp2m,9,43
1781593817,kube-system,svclb-traefik-1100f998-kpm9h,0,0
1781593817,kube-system,traefik-9bcdbbd9-qtpjt,4,38
1781593820,gsm-2,osmo-bsc-594654bd47-hhlp9,6,0
1781593820,gsm-4,osmo-bts-virtual-5f8b9b86fc-nhcwb,8,0
1781593820,gsm-4,osmo-hlr-546bdb8988-r7vdz,4,2
1781593820,gsm-4,osmo-mgw-8c8fc67d6-r4jrz,4,2
1781593820,gsm-4,osmo-mobile-74f4b9d576-kj84s,22,32
1781593820,gsm-4,osmo-stp-768687f494-n6vz9,5,2
1781593820,gsm-4,virtphy-7cb5464db9-qzrgq,9,1
1781593820,gsm-5,osmo-bsc-594654bd47-xbxld,7,5
1781593820,gsm-5,osmo-bts-virtual-5f8b9b86fc-pd9t7,7,0
1781593820,gsm-5,osmo-mgw-8c8fc67d6-fxp8q,5,2
1781593820,gsm-5,osmo-mobile-59d8d55bb5-vv6bg,22,32
1781593820,gsm-5,osmo-stp-768687f494-nhnn6,5,2
1781593820,gsm-7,osmo-bsc-594654bd47-qqkm6,3,5
1781593820,gsm-7,osmo-bts-virtual-5f8b9b86fc-qlkms,8,1
1781593820,gsm-7,osmo-hlr-546bdb8988-497nd,5,2
1781593820,gsm-7,osmo-mgw-8c8fc67d6-rfmz7,5,2
1781593820,gsm-7,osmo-mobile-6865667c79-4594t,15,44
1781593820,gsm-7,virtphy-6cd7658d46-7mqb9,9,1
1781593820,gsm-8,osmo-bsc-594654bd47-gl8n5,7,5
1781593820,gsm-8,osmo-bts-virtual-5f8b9b86fc-2jhn7,11,5
1781593820,gsm-8,osmo-hlr-546bdb8988-728qc,4,7
1781593820,gsm-8,osmo-mgw-8c8fc67d6-2zf7g,5,5
1781593820,gsm-8,osmo-mobile-7f88cc47b4-fl965,15,42
1781593820,gsm-8,osmo-stp-768687f494-j95b9,1,2
1781593820,gsm-8,virtphy-86b4bdf559-sq5gd,8,2
1781593820,kube-system,coredns-c4dbffb5f-p9rsr,7,26
1781593820,kube-system,local-path-provisioner-5c4dc5d66d-nfqxz,1,16
1781593820,kube-system,metrics-server-786d997795-hcp2m,9,43
1781593820,kube-system,svclb-traefik-1100f998-kpm9h,0,0
1781593820,kube-system,traefik-9bcdbbd9-qtpjt,4,38
1781593823,gsm-2,osmo-bsc-594654bd47-hhlp9,6,0
1781593823,gsm-4,osmo-bts-virtual-5f8b9b86fc-nhcwb,8,0
1781593823,gsm-4,osmo-hlr-546bdb8988-r7vdz,4,2
1781593823,gsm-4,osmo-mgw-8c8fc67d6-r4jrz,4,2
1781593823,gsm-4,osmo-mobile-74f4b9d576-kj84s,22,32
1781593823,gsm-4,osmo-stp-768687f494-n6vz9,5,2
1781593823,gsm-4,virtphy-7cb5464db9-qzrgq,9,1
1781593823,gsm-5,osmo-bsc-594654bd47-xbxld,7,5
1781593823,gsm-5,osmo-bts-virtual-5f8b9b86fc-pd9t7,7,0
1781593823,gsm-5,osmo-mgw-8c8fc67d6-fxp8q,5,2
1781593823,gsm-5,osmo-mobile-59d8d55bb5-vv6bg,22,32
1781593823,gsm-5,osmo-stp-768687f494-nhnn6,5,2
1781593823,gsm-7,osmo-bsc-594654bd47-qqkm6,3,5
1781593823,gsm-7,osmo-bts-virtual-5f8b9b86fc-qlkms,8,1
1781593823,gsm-7,osmo-hlr-546bdb8988-497nd,5,2
1781593823,gsm-7,osmo-mgw-8c8fc67d6-rfmz7,5,2
1781593823,gsm-7,osmo-mobile-6865667c79-4594t,15,44
1781593823,gsm-7,virtphy-6cd7658d46-7mqb9,9,1
1781593823,gsm-8,osmo-bsc-594654bd47-gl8n5,7,5
1781593823,gsm-8,osmo-bts-virtual-5f8b9b86fc-2jhn7,11,5
1781593823,gsm-8,osmo-hlr-546bdb8988-728qc,4,7
1781593823,gsm-8,osmo-mgw-8c8fc67d6-2zf7g,5,5
1781593823,gsm-8,osmo-mobile-7f88cc47b4-fl965,15,42
1781593823,gsm-8,osmo-stp-768687f494-j95b9,1,2
1781593823,gsm-8,virtphy-86b4bdf559-sq5gd,8,2
1781593823,kube-system,coredns-c4dbffb5f-p9rsr,7,26
1781593823,kube-system,local-path-provisioner-5c4dc5d66d-nfqxz,1,16
1781593823,kube-system,metrics-server-786d997795-hcp2m,9,43
1781593823,kube-system,svclb-traefik-1100f998-kpm9h,0,0
1781593823,kube-system,traefik-9bcdbbd9-qtpjt,4,38
1781593826,gsm-2,osmo-bsc-594654bd47-hhlp9,6,0
1781593826,gsm-4,osmo-bts-virtual-5f8b9b86fc-nhcwb,8,0
1781593826,gsm-4,osmo-hlr-546bdb8988-r7vdz,4,2
1781593826,gsm-4,osmo-mgw-8c8fc67d6-r4jrz,4,2
1781593826,gsm-4,osmo-mobile-74f4b9d576-kj84s,22,32
1781593826,gsm-4,osmo-stp-768687f494-n6vz9,5,2
1781593826,gsm-4,virtphy-7cb5464db9-qzrgq,9,1
1781593826,gsm-5,osmo-bsc-594654bd47-xbxld,7,5
1781593826,gsm-5,osmo-bts-virtual-5f8b9b86fc-pd9t7,7,0
1781593826,gsm-5,osmo-mgw-8c8fc67d6-fxp8q,5,2
1781593826,gsm-5,osmo-mobile-59d8d55bb5-vv6bg,22,32
1781593826,gsm-5,osmo-stp-768687f494-nhnn6,5,2
1781593826,gsm-7,osmo-bsc-594654bd47-qqkm6,3,5
1781593826,gsm-7,osmo-bts-virtual-5f8b9b86fc-qlkms,8,1
1781593826,gsm-7,osmo-hlr-546bdb8988-497nd,5,2
1781593826,gsm-7,osmo-mgw-8c8fc67d6-rfmz7,5,2
1781593826,gsm-7,osmo-mobile-6865667c79-4594t,15,44
1781593826,gsm-7,virtphy-6cd7658d46-7mqb9,9,1
1781593826,gsm-8,osmo-bsc-594654bd47-gl8n5,7,5
1781593826,gsm-8,osmo-bts-virtual-5f8b9b86fc-2jhn7,11,5
1781593826,gsm-8,osmo-hlr-546bdb8988-728qc,4,7
1781593826,gsm-8,osmo-mgw-8c8fc67d6-2zf7g,5,5
1781593826,gsm-8,osmo-mobile-7f88cc47b4-fl965,15,42
1781593826,gsm-8,osmo-stp-768687f494-j95b9,1,2
1781593826,gsm-8,virtphy-86b4bdf559-sq5gd,8,2
1781593826,kube-system,coredns-c4dbffb5f-p9rsr,7,26
1781593826,kube-system,local-path-provisioner-5c4dc5d66d-nfqxz,1,16
1781593826,kube-system,metrics-server-786d997795-hcp2m,9,43
1781593826,kube-system,svclb-traefik-1100f998-kpm9h,0,0
1781593826,kube-system,traefik-9bcdbbd9-qtpjt,4,38
1781593828,gsm-1,osmo-bsc-594654bd47-j9mdh,3,5
1781593828,gsm-1,osmo-bts-virtual-5f8b9b86fc-szfjb,12,5
1781593828,gsm-1,osmo-hlr-546bdb8988-d4r6r,1,2
1781593828,gsm-1,osmo-mgw-8c8fc67d6-txwl8,1,2
1781593828,gsm-1,osmo-mobile-947867b85-d9gvn,16,36
1781593828,gsm-1,osmo-stp-768687f494-mgj9x,1,2
1781593828,gsm-1,virtphy-858665df6d-4fmrz,8,1
1781593828,gsm-2,osmo-bsc-594654bd47-hhlp9,6,0
1781593828,gsm-2,osmo-bts-virtual-5f8b9b86fc-rjnc6,8,5
1781593828,gsm-2,osmo-hlr-546bdb8988-9h84c,4,2
1781593828,gsm-2,osmo-mgw-8c8fc67d6-lhmxh,4,2
1781593828,gsm-2,osmo-mobile-6b5b79f646-nqjb8,16,32
1781593828,gsm-2,osmo-stp-768687f494-hf2mq,1,2
1781593828,gsm-2,virtphy-6458f9f999-7h52n,6,1
1781593828,gsm-3,osmo-bsc-594654bd47-4gxcf,4,5
1781593828,gsm-3,osmo-bts-virtual-5f8b9b86fc-wfr4m,5,0
1781593828,gsm-3,osmo-hlr-546bdb8988-fzbfh,1,2
1781593828,gsm-3,osmo-mgw-8c8fc67d6-hfrjx,1,2
1781593828,gsm-3,osmo-mobile-856799fbbc-b2lmx,13,32
1781593828,gsm-3,osmo-stp-768687f494-sr7gg,1,2
1781593828,gsm-3,virtphy-7c75c79c86-svx7p,8,1
1781593828,gsm-4,msc-test-stub-5b875d749d-tqp6x,10,16
1781593828,gsm-4,osmo-bsc-594654bd47-675ng,1,5
1781593828,gsm-4,osmo-bts-virtual-5f8b9b86fc-nhcwb,8,0
1781593828,gsm-4,osmo-hlr-546bdb8988-r7vdz,1,2
1781593828,gsm-4,osmo-mgw-8c8fc67d6-r4jrz,1,2
1781593828,gsm-4,osmo-mobile-74f4b9d576-kj84s,3,32
1781593828,gsm-4,osmo-stp-768687f494-n6vz9,5,2
1781593828,gsm-4,virtphy-7cb5464db9-qzrgq,6,1
1781593828,gsm-5,msc-test-stub-5b875d749d-fnfg5,9,16
1781593828,gsm-5,osmo-bsc-594654bd47-xbxld,2,5
1781593828,gsm-5,osmo-bts-virtual-5f8b9b86fc-pd9t7,29,5
1781593828,gsm-5,osmo-hlr-546bdb8988-wb5xr,1,2
1781593828,gsm-5,osmo-mgw-8c8fc67d6-fxp8q,1,2
1781593828,gsm-5,osmo-mobile-59d8d55bb5-vv6bg,3,32
1781593828,gsm-5,osmo-stp-768687f494-nhnn6,1,2
1781593828,gsm-5,virtphy-b55647b48-h2vqw,9,1
1781593828,gsm-6,osmo-bsc-594654bd47-hsh8v,7,5
1781593828,gsm-6,osmo-bts-virtual-5f8b9b86fc-fktnj,12,5
1781593828,gsm-6,osmo-hlr-546bdb8988-2vkjl,4,2
1781593828,gsm-6,osmo-mgw-8c8fc67d6-wd4pb,1,2
1781593828,gsm-6,osmo-mobile-7b8d4df666-lrms9,16,36
1781593828,gsm-6,osmo-stp-768687f494-9smpc,1,2
1781593828,gsm-6,virtphy-65fcd75d7-sfg7g,8,1
1781593828,gsm-7,msc-test-stub-5b875d749d-khnpx,1,16
1781593828,gsm-7,osmo-bsc-594654bd47-qqkm6,2,5
1781593828,gsm-7,osmo-bts-virtual-5f8b9b86fc-qlkms,19,5
1781593828,gsm-7,osmo-hlr-546bdb8988-497nd,1,2
1781593828,gsm-7,osmo-mgw-8c8fc67d6-rfmz7,1,2
1781593828,gsm-7,osmo-mobile-6865667c79-4594t,3,44
1781593828,gsm-7,osmo-stp-768687f494-plxcc,1,2
1781593828,gsm-7,virtphy-6cd7658d46-7mqb9,9,1
1781593828,gsm-8,msc-test-stub-5b875d749d-qjjvd,1,17
1781593828,gsm-8,osmo-bsc-594654bd47-gl8n5,1,5
1781593828,gsm-8,osmo-bts-virtual-5f8b9b86fc-2jhn7,31,5
1781593828,gsm-8,osmo-hlr-546bdb8988-728qc,1,7
1781593828,gsm-8,osmo-mgw-8c8fc67d6-2zf7g,1,5
1781593828,gsm-8,osmo-mobile-7f88cc47b4-fl965,3,42
1781593828,gsm-8,osmo-stp-768687f494-j95b9,1,2
1781593828,gsm-8,virtphy-86b4bdf559-sq5gd,8,2
1781593828,kube-system,coredns-c4dbffb5f-p9rsr,12,26
1781593828,kube-system,local-path-provisioner-5c4dc5d66d-nfqxz,1,17
1781593828,kube-system,metrics-server-786d997795-hcp2m,8,43
1781593828,kube-system,svclb-traefik-1100f998-kpm9h,0,0
1781593828,kube-system,traefik-9bcdbbd9-qtpjt,2,39
1781593831,gsm-1,osmo-bsc-594654bd47-j9mdh,3,5
1781593831,gsm-1,osmo-bts-virtual-5f8b9b86fc-szfjb,12,5
1781593831,gsm-1,osmo-hlr-546bdb8988-d4r6r,1,2
1781593831,gsm-1,osmo-mgw-8c8fc67d6-txwl8,1,2
1781593831,gsm-1,osmo-mobile-947867b85-d9gvn,16,36
1781593831,gsm-1,osmo-stp-768687f494-mgj9x,1,2
1781593831,gsm-1,virtphy-858665df6d-4fmrz,8,1
1781593831,gsm-2,osmo-bsc-594654bd47-hhlp9,6,0
1781593831,gsm-2,osmo-bts-virtual-5f8b9b86fc-rjnc6,8,5
1781593831,gsm-2,osmo-hlr-546bdb8988-9h84c,4,2
1781593831,gsm-2,osmo-mgw-8c8fc67d6-lhmxh,4,2
1781593831,gsm-2,osmo-mobile-6b5b79f646-nqjb8,16,32
1781593831,gsm-2,osmo-stp-768687f494-hf2mq,1,2
1781593831,gsm-2,virtphy-6458f9f999-7h52n,6,1
1781593831,gsm-3,osmo-bsc-594654bd47-4gxcf,4,5
1781593831,gsm-3,osmo-bts-virtual-5f8b9b86fc-wfr4m,5,0
1781593831,gsm-3,osmo-hlr-546bdb8988-fzbfh,1,2
1781593831,gsm-3,osmo-mgw-8c8fc67d6-hfrjx,1,2
1781593831,gsm-3,osmo-mobile-856799fbbc-b2lmx,13,32
1781593831,gsm-3,osmo-stp-768687f494-sr7gg,1,2
1781593831,gsm-3,virtphy-7c75c79c86-svx7p,8,1
1781593831,gsm-4,msc-test-stub-5b875d749d-tqp6x,10,16
1781593831,gsm-4,osmo-bsc-594654bd47-675ng,1,5
1781593831,gsm-4,osmo-bts-virtual-5f8b9b86fc-nhcwb,8,0
1781593831,gsm-4,osmo-hlr-546bdb8988-r7vdz,1,2
1781593831,gsm-4,osmo-mgw-8c8fc67d6-r4jrz,1,2
1781593831,gsm-4,osmo-mobile-74f4b9d576-kj84s,3,32
1781593831,gsm-4,osmo-stp-768687f494-n6vz9,5,2
1781593831,gsm-4,virtphy-7cb5464db9-qzrgq,6,1
1781593831,gsm-5,msc-test-stub-5b875d749d-fnfg5,9,16
1781593831,gsm-5,osmo-bsc-594654bd47-xbxld,2,5
1781593831,gsm-5,osmo-bts-virtual-5f8b9b86fc-pd9t7,29,5
1781593831,gsm-5,osmo-hlr-546bdb8988-wb5xr,1,2
1781593831,gsm-5,osmo-mgw-8c8fc67d6-fxp8q,1,2
1781593831,gsm-5,osmo-mobile-59d8d55bb5-vv6bg,3,32
1781593831,gsm-5,osmo-stp-768687f494-nhnn6,1,2
1781593831,gsm-5,virtphy-b55647b48-h2vqw,9,1
1781593831,gsm-6,osmo-bsc-594654bd47-hsh8v,7,5
1781593831,gsm-6,osmo-bts-virtual-5f8b9b86fc-fktnj,12,5
1781593831,gsm-6,osmo-hlr-546bdb8988-2vkjl,4,2
1781593831,gsm-6,osmo-mgw-8c8fc67d6-wd4pb,1,2
1781593831,gsm-6,osmo-mobile-7b8d4df666-lrms9,16,36
1781593831,gsm-6,osmo-stp-768687f494-9smpc,1,2
1781593831,gsm-6,virtphy-65fcd75d7-sfg7g,8,1
1781593831,gsm-7,msc-test-stub-5b875d749d-khnpx,1,16
1781593831,gsm-7,osmo-bsc-594654bd47-qqkm6,2,5
1781593831,gsm-7,osmo-bts-virtual-5f8b9b86fc-qlkms,19,5
1781593831,gsm-7,osmo-hlr-546bdb8988-497nd,1,2
1781593831,gsm-7,osmo-mgw-8c8fc67d6-rfmz7,1,2
1781593831,gsm-7,osmo-mobile-6865667c79-4594t,3,44
1781593831,gsm-7,osmo-stp-768687f494-plxcc,1,2
1781593831,gsm-7,virtphy-6cd7658d46-7mqb9,9,1
1781593831,gsm-8,msc-test-stub-5b875d749d-qjjvd,1,17
1781593831,gsm-8,osmo-bsc-594654bd47-gl8n5,1,5
1781593831,gsm-8,osmo-bts-virtual-5f8b9b86fc-2jhn7,31,5
1781593831,gsm-8,osmo-hlr-546bdb8988-728qc,1,7
1781593831,gsm-8,osmo-mgw-8c8fc67d6-2zf7g,1,5
1781593831,gsm-8,osmo-mobile-7f88cc47b4-fl965,3,42
1781593831,gsm-8,osmo-stp-768687f494-j95b9,1,2
1781593831,gsm-8,virtphy-86b4bdf559-sq5gd,8,2
1781593831,kube-system,coredns-c4dbffb5f-p9rsr,12,26
1781593831,kube-system,local-path-provisioner-5c4dc5d66d-nfqxz,1,17
1781593831,kube-system,metrics-server-786d997795-hcp2m,8,43
1781593831,kube-system,svclb-traefik-1100f998-kpm9h,0,0
1781593831,kube-system,traefik-9bcdbbd9-qtpjt,2,39
1781593833,gsm-1,osmo-bsc-594654bd47-j9mdh,3,5
1781593833,gsm-1,osmo-bts-virtual-5f8b9b86fc-szfjb,12,5
1781593833,gsm-1,osmo-hlr-546bdb8988-d4r6r,1,2
1781593833,gsm-1,osmo-mgw-8c8fc67d6-txwl8,1,2
1781593833,gsm-1,osmo-mobile-947867b85-d9gvn,16,36
1781593833,gsm-1,osmo-stp-768687f494-mgj9x,1,2
1781593833,gsm-1,virtphy-858665df6d-4fmrz,8,1
1781593833,gsm-2,osmo-bsc-594654bd47-hhlp9,6,0
1781593833,gsm-2,osmo-bts-virtual-5f8b9b86fc-rjnc6,8,5
1781593833,gsm-2,osmo-hlr-546bdb8988-9h84c,4,2
1781593833,gsm-2,osmo-mgw-8c8fc67d6-lhmxh,4,2
1781593833,gsm-2,osmo-mobile-6b5b79f646-nqjb8,16,32
1781593833,gsm-2,osmo-stp-768687f494-hf2mq,1,2
1781593833,gsm-2,virtphy-6458f9f999-7h52n,6,1
1781593833,gsm-3,osmo-bsc-594654bd47-4gxcf,4,5
1781593833,gsm-3,osmo-bts-virtual-5f8b9b86fc-wfr4m,5,0
1781593833,gsm-3,osmo-hlr-546bdb8988-fzbfh,1,2
1781593833,gsm-3,osmo-mgw-8c8fc67d6-hfrjx,1,2
1781593833,gsm-3,osmo-mobile-856799fbbc-b2lmx,13,32
1781593833,gsm-3,osmo-stp-768687f494-sr7gg,1,2
1781593833,gsm-3,virtphy-7c75c79c86-svx7p,8,1
1781593833,gsm-4,msc-test-stub-5b875d749d-tqp6x,10,16
1781593833,gsm-4,osmo-bsc-594654bd47-675ng,1,5
1781593833,gsm-4,osmo-bts-virtual-5f8b9b86fc-nhcwb,8,0
1781593833,gsm-4,osmo-hlr-546bdb8988-r7vdz,1,2
1781593833,gsm-4,osmo-mgw-8c8fc67d6-r4jrz,1,2
1781593833,gsm-4,osmo-mobile-74f4b9d576-kj84s,3,32
1781593833,gsm-4,osmo-stp-768687f494-n6vz9,5,2
1781593833,gsm-4,virtphy-7cb5464db9-qzrgq,6,1
1781593833,gsm-5,msc-test-stub-5b875d749d-fnfg5,9,16
1781593833,gsm-5,osmo-bsc-594654bd47-xbxld,2,5
1781593833,gsm-5,osmo-bts-virtual-5f8b9b86fc-pd9t7,29,5
1781593833,gsm-5,osmo-hlr-546bdb8988-wb5xr,1,2
1781593833,gsm-5,osmo-mgw-8c8fc67d6-fxp8q,1,2
1781593833,gsm-5,osmo-mobile-59d8d55bb5-vv6bg,3,32
1781593833,gsm-5,osmo-stp-768687f494-nhnn6,1,2
1781593833,gsm-5,virtphy-b55647b48-h2vqw,9,1
1781593833,gsm-6,osmo-bsc-594654bd47-hsh8v,7,5
1781593833,gsm-6,osmo-bts-virtual-5f8b9b86fc-fktnj,12,5
1781593833,gsm-6,osmo-hlr-546bdb8988-2vkjl,4,2
1781593833,gsm-6,osmo-mgw-8c8fc67d6-wd4pb,1,2
1781593833,gsm-6,osmo-mobile-7b8d4df666-lrms9,16,36
1781593833,gsm-6,osmo-stp-768687f494-9smpc,1,2
1781593833,gsm-6,virtphy-65fcd75d7-sfg7g,8,1
1781593833,gsm-7,msc-test-stub-5b875d749d-khnpx,1,16
1781593833,gsm-7,osmo-bsc-594654bd47-qqkm6,2,5
1781593833,gsm-7,osmo-bts-virtual-5f8b9b86fc-qlkms,19,5
1781593833,gsm-7,osmo-hlr-546bdb8988-497nd,1,2
1781593833,gsm-7,osmo-mgw-8c8fc67d6-rfmz7,1,2
1781593833,gsm-7,osmo-mobile-6865667c79-4594t,3,44
1781593833,gsm-7,osmo-stp-768687f494-plxcc,1,2
1781593833,gsm-7,virtphy-6cd7658d46-7mqb9,9,1
1781593833,gsm-8,msc-test-stub-5b875d749d-qjjvd,1,17
1781593833,gsm-8,osmo-bsc-594654bd47-gl8n5,1,5
1781593833,gsm-8,osmo-bts-virtual-5f8b9b86fc-2jhn7,31,5
1781593833,gsm-8,osmo-hlr-546bdb8988-728qc,1,7
1781593833,gsm-8,osmo-mgw-8c8fc67d6-2zf7g,1,5
1781593833,gsm-8,osmo-mobile-7f88cc47b4-fl965,3,42
1781593833,gsm-8,osmo-stp-768687f494-j95b9,1,2
1781593833,gsm-8,virtphy-86b4bdf559-sq5gd,8,2
1781593833,kube-system,coredns-c4dbffb5f-p9rsr,12,26
1781593833,kube-system,local-path-provisioner-5c4dc5d66d-nfqxz,1,17
1781593833,kube-system,metrics-server-786d997795-hcp2m,8,43
1781593833,kube-system,svclb-traefik-1100f998-kpm9h,0,0
1781593833,kube-system,traefik-9bcdbbd9-qtpjt,2,39
1781593836,gsm-1,osmo-bsc-594654bd47-j9mdh,3,5
1781593836,gsm-1,osmo-bts-virtual-5f8b9b86fc-szfjb,12,5
1781593836,gsm-1,osmo-hlr-546bdb8988-d4r6r,1,2
1781593836,gsm-1,osmo-mgw-8c8fc67d6-txwl8,1,2
1781593836,gsm-1,osmo-mobile-947867b85-d9gvn,16,36
1781593836,gsm-1,osmo-stp-768687f494-mgj9x,1,2
1781593836,gsm-1,virtphy-858665df6d-4fmrz,8,1
1781593836,gsm-2,osmo-bsc-594654bd47-hhlp9,6,0
1781593836,gsm-2,osmo-bts-virtual-5f8b9b86fc-rjnc6,8,5
1781593836,gsm-2,osmo-hlr-546bdb8988-9h84c,4,2
1781593836,gsm-2,osmo-mgw-8c8fc67d6-lhmxh,4,2
1781593836,gsm-2,osmo-mobile-6b5b79f646-nqjb8,16,32
1781593836,gsm-2,osmo-stp-768687f494-hf2mq,1,2
1781593836,gsm-2,virtphy-6458f9f999-7h52n,6,1
1781593836,gsm-3,osmo-bsc-594654bd47-4gxcf,4,5
1781593836,gsm-3,osmo-bts-virtual-5f8b9b86fc-wfr4m,5,0
1781593836,gsm-3,osmo-hlr-546bdb8988-fzbfh,1,2
1781593836,gsm-3,osmo-mgw-8c8fc67d6-hfrjx,1,2
1781593836,gsm-3,osmo-mobile-856799fbbc-b2lmx,13,32
1781593836,gsm-3,osmo-stp-768687f494-sr7gg,1,2
1781593836,gsm-3,virtphy-7c75c79c86-svx7p,8,1
1781593836,gsm-4,msc-test-stub-5b875d749d-tqp6x,10,16
1781593836,gsm-4,osmo-bsc-594654bd47-675ng,1,5
1781593836,gsm-4,osmo-bts-virtual-5f8b9b86fc-nhcwb,8,0
1781593836,gsm-4,osmo-hlr-546bdb8988-r7vdz,1,2
1781593836,gsm-4,osmo-mgw-8c8fc67d6-r4jrz,1,2
1781593836,gsm-4,osmo-mobile-74f4b9d576-kj84s,3,32
1781593836,gsm-4,osmo-stp-768687f494-n6vz9,5,2
1781593836,gsm-4,virtphy-7cb5464db9-qzrgq,6,1
1781593836,gsm-5,msc-test-stub-5b875d749d-fnfg5,9,16
1781593836,gsm-5,osmo-bsc-594654bd47-xbxld,2,5
1781593836,gsm-5,osmo-bts-virtual-5f8b9b86fc-pd9t7,29,5
1781593836,gsm-5,osmo-hlr-546bdb8988-wb5xr,1,2
1781593836,gsm-5,osmo-mgw-8c8fc67d6-fxp8q,1,2
1781593836,gsm-5,osmo-mobile-59d8d55bb5-vv6bg,3,32
1781593836,gsm-5,osmo-stp-768687f494-nhnn6,1,2
1781593836,gsm-5,virtphy-b55647b48-h2vqw,9,1
1781593836,gsm-6,osmo-bsc-594654bd47-hsh8v,7,5
1781593836,gsm-6,osmo-bts-virtual-5f8b9b86fc-fktnj,12,5
1781593836,gsm-6,osmo-hlr-546bdb8988-2vkjl,4,2
1781593836,gsm-6,osmo-mgw-8c8fc67d6-wd4pb,1,2
1781593836,gsm-6,osmo-mobile-7b8d4df666-lrms9,16,36
1781593836,gsm-6,osmo-stp-768687f494-9smpc,1,2
1781593836,gsm-6,virtphy-65fcd75d7-sfg7g,8,1
1781593836,gsm-7,msc-test-stub-5b875d749d-khnpx,1,16
1781593836,gsm-7,osmo-bsc-594654bd47-qqkm6,2,5
1781593836,gsm-7,osmo-bts-virtual-5f8b9b86fc-qlkms,19,5
1781593836,gsm-7,osmo-hlr-546bdb8988-497nd,1,2
1781593836,gsm-7,osmo-mgw-8c8fc67d6-rfmz7,1,2
1781593836,gsm-7,osmo-mobile-6865667c79-4594t,3,44
1781593836,gsm-7,osmo-stp-768687f494-plxcc,1,2
1781593836,gsm-7,virtphy-6cd7658d46-7mqb9,9,1
1781593836,gsm-8,msc-test-stub-5b875d749d-qjjvd,1,17
1781593836,gsm-8,osmo-bsc-594654bd47-gl8n5,1,5
1781593836,gsm-8,osmo-bts-virtual-5f8b9b86fc-2jhn7,31,5
1781593836,gsm-8,osmo-hlr-546bdb8988-728qc,1,7
1781593836,gsm-8,osmo-mgw-8c8fc67d6-2zf7g,1,5
1781593836,gsm-8,osmo-mobile-7f88cc47b4-fl965,3,42
1781593836,gsm-8,osmo-stp-768687f494-j95b9,1,2
1781593836,gsm-8,virtphy-86b4bdf559-sq5gd,8,2
1781593836,kube-system,coredns-c4dbffb5f-p9rsr,12,26
1781593836,kube-system,local-path-provisioner-5c4dc5d66d-nfqxz,1,17
1781593836,kube-system,metrics-server-786d997795-hcp2m,8,43
1781593836,kube-system,svclb-traefik-1100f998-kpm9h,0,0
1781593836,kube-system,traefik-9bcdbbd9-qtpjt,2,39
1781593838,gsm-1,osmo-bsc-594654bd47-j9mdh,3,5
1781593838,gsm-1,osmo-bts-virtual-5f8b9b86fc-szfjb,12,5
1781593838,gsm-1,osmo-hlr-546bdb8988-d4r6r,1,2
1781593838,gsm-1,osmo-mgw-8c8fc67d6-txwl8,1,2
1781593838,gsm-1,osmo-mobile-947867b85-d9gvn,16,36
1781593838,gsm-1,osmo-stp-768687f494-mgj9x,1,2
1781593838,gsm-1,virtphy-858665df6d-4fmrz,8,1
1781593838,gsm-2,osmo-bsc-594654bd47-hhlp9,6,0
1781593838,gsm-2,osmo-bts-virtual-5f8b9b86fc-rjnc6,8,5
1781593838,gsm-2,osmo-hlr-546bdb8988-9h84c,4,2
1781593838,gsm-2,osmo-mgw-8c8fc67d6-lhmxh,4,2
1781593838,gsm-2,osmo-mobile-6b5b79f646-nqjb8,16,32
1781593838,gsm-2,osmo-stp-768687f494-hf2mq,1,2
1781593838,gsm-2,virtphy-6458f9f999-7h52n,6,1
1781593838,gsm-3,osmo-bsc-594654bd47-4gxcf,4,5
1781593838,gsm-3,osmo-bts-virtual-5f8b9b86fc-wfr4m,5,0
1781593838,gsm-3,osmo-hlr-546bdb8988-fzbfh,1,2
1781593838,gsm-3,osmo-mgw-8c8fc67d6-hfrjx,1,2
1781593838,gsm-3,osmo-mobile-856799fbbc-b2lmx,13,32
1781593838,gsm-3,osmo-stp-768687f494-sr7gg,1,2
1781593838,gsm-3,virtphy-7c75c79c86-svx7p,8,1
1781593838,gsm-4,msc-test-stub-5b875d749d-tqp6x,10,16
1781593838,gsm-4,osmo-bsc-594654bd47-675ng,1,5
1781593838,gsm-4,osmo-bts-virtual-5f8b9b86fc-nhcwb,8,0
1781593838,gsm-4,osmo-hlr-546bdb8988-r7vdz,1,2
1781593838,gsm-4,osmo-mgw-8c8fc67d6-r4jrz,1,2
1781593838,gsm-4,osmo-mobile-74f4b9d576-kj84s,3,32
1781593838,gsm-4,osmo-stp-768687f494-n6vz9,5,2
1781593838,gsm-4,virtphy-7cb5464db9-qzrgq,6,1
1781593838,gsm-5,msc-test-stub-5b875d749d-fnfg5,9,16
1781593838,gsm-5,osmo-bsc-594654bd47-xbxld,2,5
1781593838,gsm-5,osmo-bts-virtual-5f8b9b86fc-pd9t7,29,5
1781593838,gsm-5,osmo-hlr-546bdb8988-wb5xr,1,2
1781593838,gsm-5,osmo-mgw-8c8fc67d6-fxp8q,1,2
1781593838,gsm-5,osmo-mobile-59d8d55bb5-vv6bg,3,32
1781593838,gsm-5,osmo-stp-768687f494-nhnn6,1,2
1781593838,gsm-5,virtphy-b55647b48-h2vqw,9,1
1781593838,gsm-6,osmo-bsc-594654bd47-hsh8v,7,5
1781593838,gsm-6,osmo-bts-virtual-5f8b9b86fc-fktnj,12,5
1781593838,gsm-6,osmo-hlr-546bdb8988-2vkjl,4,2
1781593838,gsm-6,osmo-mgw-8c8fc67d6-wd4pb,1,2
1781593838,gsm-6,osmo-mobile-7b8d4df666-lrms9,16,36
1781593838,gsm-6,osmo-stp-768687f494-9smpc,1,2
1781593838,gsm-6,virtphy-65fcd75d7-sfg7g,8,1
1781593838,gsm-7,msc-test-stub-5b875d749d-khnpx,1,16
1781593838,gsm-7,osmo-bsc-594654bd47-qqkm6,2,5
1781593838,gsm-7,osmo-bts-virtual-5f8b9b86fc-qlkms,19,5
1781593838,gsm-7,osmo-hlr-546bdb8988-497nd,1,2
1781593838,gsm-7,osmo-mgw-8c8fc67d6-rfmz7,1,2
1781593838,gsm-7,osmo-mobile-6865667c79-4594t,3,44
1781593838,gsm-7,osmo-stp-768687f494-plxcc,1,2
1781593838,gsm-7,virtphy-6cd7658d46-7mqb9,9,1
1781593838,gsm-8,msc-test-stub-5b875d749d-qjjvd,1,17
1781593838,gsm-8,osmo-bsc-594654bd47-gl8n5,1,5
1781593838,gsm-8,osmo-bts-virtual-5f8b9b86fc-2jhn7,31,5
1781593838,gsm-8,osmo-hlr-546bdb8988-728qc,1,7
1781593838,gsm-8,osmo-mgw-8c8fc67d6-2zf7g,1,5
1781593838,gsm-8,osmo-mobile-7f88cc47b4-fl965,3,42
1781593838,gsm-8,osmo-stp-768687f494-j95b9,1,2
1781593838,gsm-8,virtphy-86b4bdf559-sq5gd,8,2
1781593838,kube-system,coredns-c4dbffb5f-p9rsr,12,26
1781593838,kube-system,local-path-provisioner-5c4dc5d66d-nfqxz,1,17
1781593838,kube-system,metrics-server-786d997795-hcp2m,8,43
1781593838,kube-system,svclb-traefik-1100f998-kpm9h,0,0
1781593838,kube-system,traefik-9bcdbbd9-qtpjt,2,39
1781593841,gsm-1,osmo-bsc-594654bd47-j9mdh,3,5
1781593841,gsm-1,osmo-bts-virtual-5f8b9b86fc-szfjb,12,5
1781593841,gsm-1,osmo-hlr-546bdb8988-d4r6r,1,2
1781593841,gsm-1,osmo-mgw-8c8fc67d6-txwl8,1,2
1781593841,gsm-1,osmo-mobile-947867b85-d9gvn,16,36
1781593841,gsm-1,osmo-stp-768687f494-mgj9x,1,2
1781593841,gsm-1,virtphy-858665df6d-4fmrz,8,1
1781593841,gsm-2,osmo-bsc-594654bd47-hhlp9,6,0
1781593841,gsm-2,osmo-bts-virtual-5f8b9b86fc-rjnc6,8,5
1781593841,gsm-2,osmo-hlr-546bdb8988-9h84c,4,2
1781593841,gsm-2,osmo-mgw-8c8fc67d6-lhmxh,4,2
1781593841,gsm-2,osmo-mobile-6b5b79f646-nqjb8,16,32
1781593841,gsm-2,osmo-stp-768687f494-hf2mq,1,2
1781593841,gsm-2,virtphy-6458f9f999-7h52n,6,1
1781593841,gsm-3,osmo-bsc-594654bd47-4gxcf,4,5
1781593841,gsm-3,osmo-bts-virtual-5f8b9b86fc-wfr4m,5,0
1781593841,gsm-3,osmo-hlr-546bdb8988-fzbfh,1,2
1781593841,gsm-3,osmo-mgw-8c8fc67d6-hfrjx,1,2
1781593841,gsm-3,osmo-mobile-856799fbbc-b2lmx,13,32
1781593841,gsm-3,osmo-stp-768687f494-sr7gg,1,2
1781593841,gsm-3,virtphy-7c75c79c86-svx7p,8,1
1781593841,gsm-4,msc-test-stub-5b875d749d-tqp6x,10,16
1781593841,gsm-4,osmo-bsc-594654bd47-675ng,1,5
1781593841,gsm-4,osmo-bts-virtual-5f8b9b86fc-nhcwb,8,0
1781593841,gsm-4,osmo-hlr-546bdb8988-r7vdz,1,2
1781593841,gsm-4,osmo-mgw-8c8fc67d6-r4jrz,1,2
1781593841,gsm-4,osmo-mobile-74f4b9d576-kj84s,3,32
1781593841,gsm-4,osmo-stp-768687f494-n6vz9,5,2
1781593841,gsm-4,virtphy-7cb5464db9-qzrgq,6,1
1781593841,gsm-5,msc-test-stub-5b875d749d-fnfg5,9,16
1781593841,gsm-5,osmo-bsc-594654bd47-xbxld,2,5
1781593841,gsm-5,osmo-bts-virtual-5f8b9b86fc-pd9t7,29,5
1781593841,gsm-5,osmo-hlr-546bdb8988-wb5xr,1,2
1781593841,gsm-5,osmo-mgw-8c8fc67d6-fxp8q,1,2
1781593841,gsm-5,osmo-mobile-59d8d55bb5-vv6bg,3,32
1781593841,gsm-5,osmo-stp-768687f494-nhnn6,1,2
1781593841,gsm-5,virtphy-b55647b48-h2vqw,9,1
1781593841,gsm-6,osmo-bsc-594654bd47-hsh8v,7,5
1781593841,gsm-6,osmo-bts-virtual-5f8b9b86fc-fktnj,12,5
1781593841,gsm-6,osmo-hlr-546bdb8988-2vkjl,4,2
1781593841,gsm-6,osmo-mgw-8c8fc67d6-wd4pb,1,2
1781593841,gsm-6,osmo-mobile-7b8d4df666-lrms9,16,36
1781593841,gsm-6,osmo-stp-768687f494-9smpc,1,2
1781593841,gsm-6,virtphy-65fcd75d7-sfg7g,8,1
1781593841,gsm-7,msc-test-stub-5b875d749d-khnpx,1,16
1781593841,gsm-7,osmo-bsc-594654bd47-qqkm6,2,5
1781593841,gsm-7,osmo-bts-virtual-5f8b9b86fc-qlkms,19,5
1781593841,gsm-7,osmo-hlr-546bdb8988-497nd,1,2
1781593841,gsm-7,osmo-mgw-8c8fc67d6-rfmz7,1,2
1781593841,gsm-7,osmo-mobile-6865667c79-4594t,3,44
1781593841,gsm-7,osmo-stp-768687f494-plxcc,1,2
1781593841,gsm-7,virtphy-6cd7658d46-7mqb9,9,1
1781593841,gsm-8,msc-test-stub-5b875d749d-qjjvd,1,17
1781593841,gsm-8,osmo-bsc-594654bd47-gl8n5,1,5
1781593841,gsm-8,osmo-bts-virtual-5f8b9b86fc-2jhn7,31,5
1781593841,gsm-8,osmo-hlr-546bdb8988-728qc,1,7
1781593841,gsm-8,osmo-mgw-8c8fc67d6-2zf7g,1,5
1781593841,gsm-8,osmo-mobile-7f88cc47b4-fl965,3,42
1781593841,gsm-8,osmo-stp-768687f494-j95b9,1,2
1781593841,gsm-8,virtphy-86b4bdf559-sq5gd,8,2
1781593841,kube-system,coredns-c4dbffb5f-p9rsr,12,26
1781593841,kube-system,local-path-provisioner-5c4dc5d66d-nfqxz,1,17
1781593841,kube-system,metrics-server-786d997795-hcp2m,8,43
1781593841,kube-system,svclb-traefik-1100f998-kpm9h,0,0
1781593841,kube-system,traefik-9bcdbbd9-qtpjt,2,39
1781593843,gsm-1,msc-test-stub-5b875d749d-dp87n,1,16
1781593843,gsm-1,osmo-bsc-594654bd47-j9mdh,1,5
1781593843,gsm-1,osmo-bts-virtual-5f8b9b86fc-szfjb,12,5
1781593843,gsm-1,osmo-hlr-546bdb8988-d4r6r,0,2
1781593843,gsm-1,osmo-mgw-8c8fc67d6-txwl8,1,2
1781593843,gsm-1,osmo-mobile-947867b85-d9gvn,3,36
1781593843,gsm-1,osmo-stp-768687f494-mgj9x,1,2
1781593843,gsm-1,virtphy-858665df6d-4fmrz,8,1
1781593843,gsm-2,msc-test-stub-5b875d749d-thf6z,1,16
1781593843,gsm-2,osmo-bsc-594654bd47-hhlp9,3,5
1781593843,gsm-2,osmo-bts-virtual-5f8b9b86fc-rjnc6,29,5
1781593843,gsm-2,osmo-hlr-546bdb8988-9h84c,1,2
1781593843,gsm-2,osmo-mgw-8c8fc67d6-lhmxh,1,2
1781593843,gsm-2,osmo-mobile-6b5b79f646-nqjb8,3,32
1781593843,gsm-2,osmo-stp-768687f494-hf2mq,1,2
1781593843,gsm-2,virtphy-6458f9f999-7h52n,7,1
1781593843,gsm-3,msc-test-stub-5b875d749d-85ttv,8,16
1781593843,gsm-3,osmo-bsc-594654bd47-4gxcf,2,5
1781593843,gsm-3,osmo-bts-virtual-5f8b9b86fc-wfr4m,19,5
1781593843,gsm-3,osmo-hlr-546bdb8988-fzbfh,1,2
1781593843,gsm-3,osmo-mgw-8c8fc67d6-hfrjx,1,2
1781593843,gsm-3,osmo-mobile-856799fbbc-b2lmx,3,33
1781593843,gsm-3,osmo-stp-768687f494-sr7gg,1,2
1781593843,gsm-3,virtphy-7c75c79c86-svx7p,8,1
1781593843,gsm-4,msc-test-stub-5b875d749d-tqp6x,1,16
1781593843,gsm-4,osmo-bsc-594654bd47-675ng,1,5
1781593843,gsm-4,osmo-bts-virtual-5f8b9b86fc-nhcwb,26,5
1781593843,gsm-4,osmo-hlr-546bdb8988-r7vdz,1,2
1781593843,gsm-4,osmo-mgw-8c8fc67d6-r4jrz,1,2
1781593843,gsm-4,osmo-mobile-74f4b9d576-kj84s,4,32
1781593843,gsm-4,osmo-stp-768687f494-n6vz9,1,2
1781593843,gsm-4,virtphy-7cb5464db9-qzrgq,7,1
1781593843,gsm-5,msc-test-stub-5b875d749d-fnfg5,1,16
1781593843,gsm-5,osmo-bsc-594654bd47-xbxld,1,5
1781593843,gsm-5,osmo-bts-virtual-5f8b9b86fc-pd9t7,29,5
1781593843,gsm-5,osmo-hlr-546bdb8988-wb5xr,1,2
1781593843,gsm-5,osmo-mgw-8c8fc67d6-fxp8q,1,2
1781593843,gsm-5,osmo-mobile-59d8d55bb5-vv6bg,3,32
1781593843,gsm-5,osmo-stp-768687f494-nhnn6,1,2
1781593843,gsm-5,virtphy-b55647b48-h2vqw,7,1
1781593843,gsm-6,msc-test-stub-5b875d749d-8vkzh,10,16
1781593843,gsm-6,osmo-bsc-594654bd47-hsh8v,7,5
1781593843,gsm-6,osmo-bts-virtual-5f8b9b86fc-fktnj,31,5
1781593843,gsm-6,osmo-hlr-546bdb8988-2vkjl,1,2
1781593843,gsm-6,osmo-mgw-8c8fc67d6-wd4pb,1,2
1781593843,gsm-6,osmo-mobile-7b8d4df666-lrms9,3,36
1781593843,gsm-6,osmo-stp-768687f494-9smpc,1,2
1781593843,gsm-6,virtphy-65fcd75d7-sfg7g,7,1
1781593843,gsm-7,msc-test-stub-5b875d749d-khnpx,1,16
1781593843,gsm-7,osmo-bsc-594654bd47-qqkm6,1,5
1781593843,gsm-7,osmo-bts-virtual-5f8b9b86fc-qlkms,30,5
1781593843,gsm-7,osmo-hlr-546bdb8988-497nd,1,2
1781593843,gsm-7,osmo-mgw-8c8fc67d6-rfmz7,1,2
1781593843,gsm-7,osmo-mobile-6865667c79-4594t,4,44
1781593843,gsm-7,osmo-stp-768687f494-plxcc,1,2
1781593843,gsm-7,virtphy-6cd7658d46-7mqb9,7,1
1781593843,gsm-8,msc-test-stub-5b875d749d-qjjvd,3,17
1781593843,gsm-8,osmo-bsc-594654bd47-gl8n5,1,5
1781593843,gsm-8,osmo-bts-virtual-5f8b9b86fc-2jhn7,27,5
1781593843,gsm-8,osmo-hlr-546bdb8988-728qc,1,7
1781593843,gsm-8,osmo-mgw-8c8fc67d6-2zf7g,1,5
1781593843,gsm-8,osmo-mobile-7f88cc47b4-fl965,4,42
1781593843,gsm-8,osmo-stp-768687f494-j95b9,1,2
1781593843,gsm-8,virtphy-86b4bdf559-sq5gd,7,2
1781593843,kube-system,coredns-c4dbffb5f-p9rsr,6,26
1781593843,kube-system,local-path-provisioner-5c4dc5d66d-nfqxz,1,17
1781593843,kube-system,metrics-server-786d997795-hcp2m,11,43
1781593843,kube-system,svclb-traefik-1100f998-kpm9h,0,0
1781593843,kube-system,traefik-9bcdbbd9-qtpjt,1,39
1781593846,gsm-1,msc-test-stub-5b875d749d-dp87n,1,16
1781593846,gsm-1,osmo-bsc-594654bd47-j9mdh,1,5
1781593846,gsm-1,osmo-bts-virtual-5f8b9b86fc-szfjb,12,5
1781593846,gsm-1,osmo-hlr-546bdb8988-d4r6r,0,2
1781593846,gsm-1,osmo-mgw-8c8fc67d6-txwl8,1,2
1781593846,gsm-1,osmo-mobile-947867b85-d9gvn,3,36
1781593846,gsm-1,osmo-stp-768687f494-mgj9x,1,2
1781593846,gsm-1,virtphy-858665df6d-4fmrz,8,1
1781593846,gsm-2,msc-test-stub-5b875d749d-thf6z,1,16
1781593846,gsm-2,osmo-bsc-594654bd47-hhlp9,3,5
1781593846,gsm-2,osmo-bts-virtual-5f8b9b86fc-rjnc6,29,5
1781593846,gsm-2,osmo-hlr-546bdb8988-9h84c,1,2
1781593846,gsm-2,osmo-mgw-8c8fc67d6-lhmxh,1,2
1781593846,gsm-2,osmo-mobile-6b5b79f646-nqjb8,3,32
1781593846,gsm-2,osmo-stp-768687f494-hf2mq,1,2
1781593846,gsm-2,virtphy-6458f9f999-7h52n,7,1
1781593846,gsm-3,msc-test-stub-5b875d749d-85ttv,8,16
1781593846,gsm-3,osmo-bsc-594654bd47-4gxcf,2,5
1781593846,gsm-3,osmo-bts-virtual-5f8b9b86fc-wfr4m,19,5
1781593846,gsm-3,osmo-hlr-546bdb8988-fzbfh,1,2
1781593846,gsm-3,osmo-mgw-8c8fc67d6-hfrjx,1,2
1781593846,gsm-3,osmo-mobile-856799fbbc-b2lmx,3,33
1781593846,gsm-3,osmo-stp-768687f494-sr7gg,1,2
1781593846,gsm-3,virtphy-7c75c79c86-svx7p,8,1
1781593846,gsm-4,msc-test-stub-5b875d749d-tqp6x,1,16
1781593846,gsm-4,osmo-bsc-594654bd47-675ng,1,5
1781593846,gsm-4,osmo-bts-virtual-5f8b9b86fc-nhcwb,26,5
1781593846,gsm-4,osmo-hlr-546bdb8988-r7vdz,1,2
1781593846,gsm-4,osmo-mgw-8c8fc67d6-r4jrz,1,2
1781593846,gsm-4,osmo-mobile-74f4b9d576-kj84s,4,32
1781593846,gsm-4,osmo-stp-768687f494-n6vz9,1,2
1781593846,gsm-4,virtphy-7cb5464db9-qzrgq,7,1
1781593846,gsm-5,msc-test-stub-5b875d749d-fnfg5,1,16
1781593846,gsm-5,osmo-bsc-594654bd47-xbxld,1,5
1781593846,gsm-5,osmo-bts-virtual-5f8b9b86fc-pd9t7,29,5
1781593846,gsm-5,osmo-hlr-546bdb8988-wb5xr,1,2
1781593846,gsm-5,osmo-mgw-8c8fc67d6-fxp8q,1,2
1781593846,gsm-5,osmo-mobile-59d8d55bb5-vv6bg,3,32
1781593846,gsm-5,osmo-stp-768687f494-nhnn6,1,2
1781593846,gsm-5,virtphy-b55647b48-h2vqw,7,1
1781593846,gsm-6,msc-test-stub-5b875d749d-8vkzh,10,16
1781593846,gsm-6,osmo-bsc-594654bd47-hsh8v,7,5
1781593846,gsm-6,osmo-bts-virtual-5f8b9b86fc-fktnj,31,5
1781593846,gsm-6,osmo-hlr-546bdb8988-2vkjl,1,2
1781593846,gsm-6,osmo-mgw-8c8fc67d6-wd4pb,1,2
1781593846,gsm-6,osmo-mobile-7b8d4df666-lrms9,3,36
1781593846,gsm-6,osmo-stp-768687f494-9smpc,1,2
1781593846,gsm-6,virtphy-65fcd75d7-sfg7g,7,1
1781593846,gsm-7,msc-test-stub-5b875d749d-khnpx,1,16
1781593846,gsm-7,osmo-bsc-594654bd47-qqkm6,1,5
1781593846,gsm-7,osmo-bts-virtual-5f8b9b86fc-qlkms,30,5
1781593846,gsm-7,osmo-hlr-546bdb8988-497nd,1,2
1781593846,gsm-7,osmo-mgw-8c8fc67d6-rfmz7,1,2
1781593846,gsm-7,osmo-mobile-6865667c79-4594t,4,44
1781593846,gsm-7,osmo-stp-768687f494-plxcc,1,2
1781593846,gsm-7,virtphy-6cd7658d46-7mqb9,7,1
1781593846,gsm-8,msc-test-stub-5b875d749d-qjjvd,3,17
1781593846,gsm-8,osmo-bsc-594654bd47-gl8n5,1,5
1781593846,gsm-8,osmo-bts-virtual-5f8b9b86fc-2jhn7,27,5
1781593846,gsm-8,osmo-hlr-546bdb8988-728qc,1,7
1781593846,gsm-8,osmo-mgw-8c8fc67d6-2zf7g,1,5
1781593846,gsm-8,osmo-mobile-7f88cc47b4-fl965,4,42
1781593846,gsm-8,osmo-stp-768687f494-j95b9,1,2
1781593846,gsm-8,virtphy-86b4bdf559-sq5gd,7,2
1781593846,kube-system,coredns-c4dbffb5f-p9rsr,6,26
1781593846,kube-system,local-path-provisioner-5c4dc5d66d-nfqxz,1,17
1781593846,kube-system,metrics-server-786d997795-hcp2m,11,43
1781593846,kube-system,svclb-traefik-1100f998-kpm9h,0,0
1781593846,kube-system,traefik-9bcdbbd9-qtpjt,1,39
1781593848,gsm-1,msc-test-stub-5b875d749d-dp87n,1,16
1781593848,gsm-1,osmo-bsc-594654bd47-j9mdh,1,5
1781593848,gsm-1,osmo-bts-virtual-5f8b9b86fc-szfjb,12,5
1781593848,gsm-1,osmo-hlr-546bdb8988-d4r6r,0,2
1781593848,gsm-1,osmo-mgw-8c8fc67d6-txwl8,1,2
1781593848,gsm-1,osmo-mobile-947867b85-d9gvn,3,36
1781593848,gsm-1,osmo-stp-768687f494-mgj9x,1,2
1781593848,gsm-1,virtphy-858665df6d-4fmrz,8,1
1781593848,gsm-2,msc-test-stub-5b875d749d-thf6z,1,16
1781593848,gsm-2,osmo-bsc-594654bd47-hhlp9,3,5
1781593848,gsm-2,osmo-bts-virtual-5f8b9b86fc-rjnc6,29,5
1781593848,gsm-2,osmo-hlr-546bdb8988-9h84c,1,2
1781593848,gsm-2,osmo-mgw-8c8fc67d6-lhmxh,1,2
1781593848,gsm-2,osmo-mobile-6b5b79f646-nqjb8,3,32
1781593848,gsm-2,osmo-stp-768687f494-hf2mq,1,2
1781593848,gsm-2,virtphy-6458f9f999-7h52n,7,1
1781593848,gsm-3,msc-test-stub-5b875d749d-85ttv,8,16
1781593848,gsm-3,osmo-bsc-594654bd47-4gxcf,2,5
1781593848,gsm-3,osmo-bts-virtual-5f8b9b86fc-wfr4m,19,5
1781593848,gsm-3,osmo-hlr-546bdb8988-fzbfh,1,2
1781593848,gsm-3,osmo-mgw-8c8fc67d6-hfrjx,1,2
1781593848,gsm-3,osmo-mobile-856799fbbc-b2lmx,3,33
1781593848,gsm-3,osmo-stp-768687f494-sr7gg,1,2
1781593848,gsm-3,virtphy-7c75c79c86-svx7p,8,1
1781593848,gsm-4,msc-test-stub-5b875d749d-tqp6x,1,16
1781593848,gsm-4,osmo-bsc-594654bd47-675ng,1,5
1781593848,gsm-4,osmo-bts-virtual-5f8b9b86fc-nhcwb,26,5
1781593848,gsm-4,osmo-hlr-546bdb8988-r7vdz,1,2
1781593848,gsm-4,osmo-mgw-8c8fc67d6-r4jrz,1,2
1781593848,gsm-4,osmo-mobile-74f4b9d576-kj84s,4,32
1781593848,gsm-4,osmo-stp-768687f494-n6vz9,1,2
1781593848,gsm-4,virtphy-7cb5464db9-qzrgq,7,1
1781593848,gsm-5,msc-test-stub-5b875d749d-fnfg5,1,16
1781593848,gsm-5,osmo-bsc-594654bd47-xbxld,1,5
1781593848,gsm-5,osmo-bts-virtual-5f8b9b86fc-pd9t7,29,5
1781593848,gsm-5,osmo-hlr-546bdb8988-wb5xr,1,2
1781593848,gsm-5,osmo-mgw-8c8fc67d6-fxp8q,1,2
1781593848,gsm-5,osmo-mobile-59d8d55bb5-vv6bg,3,32
1781593848,gsm-5,osmo-stp-768687f494-nhnn6,1,2
1781593848,gsm-5,virtphy-b55647b48-h2vqw,7,1
1781593848,gsm-6,msc-test-stub-5b875d749d-8vkzh,10,16
1781593848,gsm-6,osmo-bsc-594654bd47-hsh8v,7,5
1781593848,gsm-6,osmo-bts-virtual-5f8b9b86fc-fktnj,31,5
1781593848,gsm-6,osmo-hlr-546bdb8988-2vkjl,1,2
1781593848,gsm-6,osmo-mgw-8c8fc67d6-wd4pb,1,2
1781593848,gsm-6,osmo-mobile-7b8d4df666-lrms9,3,36
1781593848,gsm-6,osmo-stp-768687f494-9smpc,1,2
1781593848,gsm-6,virtphy-65fcd75d7-sfg7g,7,1
1781593848,gsm-7,msc-test-stub-5b875d749d-khnpx,1,16
1781593848,gsm-7,osmo-bsc-594654bd47-qqkm6,1,5
1781593848,gsm-7,osmo-bts-virtual-5f8b9b86fc-qlkms,30,5
1781593848,gsm-7,osmo-hlr-546bdb8988-497nd,1,2
1781593848,gsm-7,osmo-mgw-8c8fc67d6-rfmz7,1,2
1781593848,gsm-7,osmo-mobile-6865667c79-4594t,4,44
1781593848,gsm-7,osmo-stp-768687f494-plxcc,1,2
1781593848,gsm-7,virtphy-6cd7658d46-7mqb9,7,1
1781593848,gsm-8,msc-test-stub-5b875d749d-qjjvd,3,17
1781593848,gsm-8,osmo-bsc-594654bd47-gl8n5,1,5
1781593848,gsm-8,osmo-bts-virtual-5f8b9b86fc-2jhn7,27,5
1781593848,gsm-8,osmo-hlr-546bdb8988-728qc,1,7
1781593848,gsm-8,osmo-mgw-8c8fc67d6-2zf7g,1,5
1781593848,gsm-8,osmo-mobile-7f88cc47b4-fl965,4,42
1781593848,gsm-8,osmo-stp-768687f494-j95b9,1,2
1781593848,gsm-8,virtphy-86b4bdf559-sq5gd,7,2
1781593848,kube-system,coredns-c4dbffb5f-p9rsr,6,26
1781593848,kube-system,local-path-provisioner-5c4dc5d66d-nfqxz,1,17
1781593848,kube-system,metrics-server-786d997795-hcp2m,11,43
1781593848,kube-system,svclb-traefik-1100f998-kpm9h,0,0
1781593848,kube-system,traefik-9bcdbbd9-qtpjt,1,39
1781593853,gsm-1,msc-test-stub-5b875d749d-dp87n,1,16
1781593853,gsm-1,osmo-bsc-594654bd47-j9mdh,1,5
1781593853,gsm-1,osmo-bts-virtual-5f8b9b86fc-szfjb,12,5
1781593853,gsm-1,osmo-hlr-546bdb8988-d4r6r,0,2
1781593853,gsm-1,osmo-mgw-8c8fc67d6-txwl8,1,2
1781593853,gsm-1,osmo-mobile-947867b85-d9gvn,3,36
1781593853,gsm-1,osmo-stp-768687f494-mgj9x,1,2
1781593853,gsm-1,virtphy-858665df6d-4fmrz,8,1
1781593853,gsm-2,msc-test-stub-5b875d749d-thf6z,1,16
1781593853,gsm-2,osmo-bsc-594654bd47-hhlp9,3,5
1781593853,gsm-2,osmo-bts-virtual-5f8b9b86fc-rjnc6,29,5
1781593853,gsm-2,osmo-hlr-546bdb8988-9h84c,1,2
1781593853,gsm-2,osmo-mgw-8c8fc67d6-lhmxh,1,2
1781593853,gsm-2,osmo-mobile-6b5b79f646-nqjb8,3,32
1781593853,gsm-2,osmo-stp-768687f494-hf2mq,1,2
1781593853,gsm-2,virtphy-6458f9f999-7h52n,7,1
1781593853,gsm-3,msc-test-stub-5b875d749d-85ttv,8,16
1781593853,gsm-3,osmo-bsc-594654bd47-4gxcf,2,5
1781593853,gsm-3,osmo-bts-virtual-5f8b9b86fc-wfr4m,19,5
1781593853,gsm-3,osmo-hlr-546bdb8988-fzbfh,1,2
1781593853,gsm-3,osmo-mgw-8c8fc67d6-hfrjx,1,2
1781593853,gsm-3,osmo-mobile-856799fbbc-b2lmx,3,33
1781593853,gsm-3,osmo-stp-768687f494-sr7gg,1,2
1781593853,gsm-3,virtphy-7c75c79c86-svx7p,8,1
1781593853,gsm-4,msc-test-stub-5b875d749d-tqp6x,1,16
1781593853,gsm-4,osmo-bsc-594654bd47-675ng,1,5
1781593853,gsm-4,osmo-bts-virtual-5f8b9b86fc-nhcwb,26,5
1781593853,gsm-4,osmo-hlr-546bdb8988-r7vdz,1,2
1781593853,gsm-4,osmo-mgw-8c8fc67d6-r4jrz,1,2
1781593853,gsm-4,osmo-mobile-74f4b9d576-kj84s,4,32
1781593853,gsm-4,osmo-stp-768687f494-n6vz9,1,2
1781593853,gsm-4,virtphy-7cb5464db9-qzrgq,7,1
1781593853,gsm-5,msc-test-stub-5b875d749d-fnfg5,1,16
1781593853,gsm-5,osmo-bsc-594654bd47-xbxld,1,5
1781593853,gsm-5,osmo-bts-virtual-5f8b9b86fc-pd9t7,29,5
1781593853,gsm-5,osmo-hlr-546bdb8988-wb5xr,1,2
1781593853,gsm-5,osmo-mgw-8c8fc67d6-fxp8q,1,2
1781593853,gsm-5,osmo-mobile-59d8d55bb5-vv6bg,3,32
1781593853,gsm-5,osmo-stp-768687f494-nhnn6,1,2
1781593853,gsm-5,virtphy-b55647b48-h2vqw,7,1
1781593853,gsm-6,msc-test-stub-5b875d749d-8vkzh,10,16
1781593853,gsm-6,osmo-bsc-594654bd47-hsh8v,7,5
1781593853,gsm-6,osmo-bts-virtual-5f8b9b86fc-fktnj,31,5
1781593853,gsm-6,osmo-hlr-546bdb8988-2vkjl,1,2
1781593853,gsm-6,osmo-mgw-8c8fc67d6-wd4pb,1,2
1781593853,gsm-6,osmo-mobile-7b8d4df666-lrms9,3,36
1781593853,gsm-6,osmo-stp-768687f494-9smpc,1,2
1781593853,gsm-6,virtphy-65fcd75d7-sfg7g,7,1
1781593853,gsm-7,msc-test-stub-5b875d749d-khnpx,1,16
1781593853,gsm-7,osmo-bsc-594654bd47-qqkm6,1,5
1781593853,gsm-7,osmo-bts-virtual-5f8b9b86fc-qlkms,30,5
1781593853,gsm-7,osmo-hlr-546bdb8988-497nd,1,2
1781593853,gsm-7,osmo-mgw-8c8fc67d6-rfmz7,1,2
1781593853,gsm-7,osmo-mobile-6865667c79-4594t,4,44
1781593853,gsm-7,osmo-stp-768687f494-plxcc,1,2
1781593853,gsm-7,virtphy-6cd7658d46-7mqb9,7,1
1781593853,gsm-8,msc-test-stub-5b875d749d-qjjvd,3,17
1781593853,gsm-8,osmo-bsc-594654bd47-gl8n5,1,5
1781593853,gsm-8,osmo-bts-virtual-5f8b9b86fc-2jhn7,27,5
1781593853,gsm-8,osmo-hlr-546bdb8988-728qc,1,7
1781593853,gsm-8,osmo-mgw-8c8fc67d6-2zf7g,1,5
1781593853,gsm-8,osmo-mobile-7f88cc47b4-fl965,4,42
1781593853,gsm-8,osmo-stp-768687f494-j95b9,1,2
1781593853,gsm-8,virtphy-86b4bdf559-sq5gd,7,2
1781593853,kube-system,coredns-c4dbffb5f-p9rsr,6,26
1781593853,kube-system,local-path-provisioner-5c4dc5d66d-nfqxz,1,17
1781593853,kube-system,metrics-server-786d997795-hcp2m,11,43
1781593853,kube-system,svclb-traefik-1100f998-kpm9h,0,0
1781593853,kube-system,traefik-9bcdbbd9-qtpjt,1,39
1781593856,gsm-1,msc-test-stub-5b875d749d-dp87n,1,16
1781593856,gsm-1,osmo-bsc-594654bd47-j9mdh,1,5
1781593856,gsm-1,osmo-bts-virtual-5f8b9b86fc-szfjb,12,5
1781593856,gsm-1,osmo-hlr-546bdb8988-d4r6r,0,2
1781593856,gsm-1,osmo-mgw-8c8fc67d6-txwl8,1,2
1781593856,gsm-1,osmo-mobile-947867b85-d9gvn,3,36
1781593856,gsm-1,osmo-stp-768687f494-mgj9x,1,2
1781593856,gsm-1,virtphy-858665df6d-4fmrz,8,1
1781593856,gsm-2,msc-test-stub-5b875d749d-thf6z,1,16
1781593856,gsm-2,osmo-bsc-594654bd47-hhlp9,3,5
1781593856,gsm-2,osmo-bts-virtual-5f8b9b86fc-rjnc6,29,5
1781593856,gsm-2,osmo-hlr-546bdb8988-9h84c,1,2
1781593856,gsm-2,osmo-mgw-8c8fc67d6-lhmxh,1,2
1781593856,gsm-2,osmo-mobile-6b5b79f646-nqjb8,3,32
1781593856,gsm-2,osmo-stp-768687f494-hf2mq,1,2
1781593856,gsm-2,virtphy-6458f9f999-7h52n,7,1
1781593856,gsm-3,msc-test-stub-5b875d749d-85ttv,8,16
1781593856,gsm-3,osmo-bsc-594654bd47-4gxcf,2,5
1781593856,gsm-3,osmo-bts-virtual-5f8b9b86fc-wfr4m,19,5
1781593856,gsm-3,osmo-hlr-546bdb8988-fzbfh,1,2
1781593856,gsm-3,osmo-mgw-8c8fc67d6-hfrjx,1,2
1781593856,gsm-3,osmo-mobile-856799fbbc-b2lmx,3,33
1781593856,gsm-3,osmo-stp-768687f494-sr7gg,1,2
1781593856,gsm-3,virtphy-7c75c79c86-svx7p,8,1
1781593856,gsm-4,msc-test-stub-5b875d749d-tqp6x,1,16
1781593856,gsm-4,osmo-bsc-594654bd47-675ng,1,5
1781593856,gsm-4,osmo-bts-virtual-5f8b9b86fc-nhcwb,26,5
1781593856,gsm-4,osmo-hlr-546bdb8988-r7vdz,1,2
1781593856,gsm-4,osmo-mgw-8c8fc67d6-r4jrz,1,2
1781593856,gsm-4,osmo-mobile-74f4b9d576-kj84s,4,32
1781593856,gsm-4,osmo-stp-768687f494-n6vz9,1,2
1781593856,gsm-4,virtphy-7cb5464db9-qzrgq,7,1
1781593856,gsm-5,msc-test-stub-5b875d749d-fnfg5,1,16
1781593856,gsm-5,osmo-bsc-594654bd47-xbxld,1,5
1781593856,gsm-5,osmo-bts-virtual-5f8b9b86fc-pd9t7,29,5
1781593856,gsm-5,osmo-hlr-546bdb8988-wb5xr,1,2
1781593856,gsm-5,osmo-mgw-8c8fc67d6-fxp8q,1,2
1781593856,gsm-5,osmo-mobile-59d8d55bb5-vv6bg,3,32
1781593856,gsm-5,osmo-stp-768687f494-nhnn6,1,2
1781593856,gsm-5,virtphy-b55647b48-h2vqw,7,1
1781593856,gsm-6,msc-test-stub-5b875d749d-8vkzh,10,16
1781593856,gsm-6,osmo-bsc-594654bd47-hsh8v,7,5
1781593856,gsm-6,osmo-bts-virtual-5f8b9b86fc-fktnj,31,5
1781593856,gsm-6,osmo-hlr-546bdb8988-2vkjl,1,2
1781593856,gsm-6,osmo-mgw-8c8fc67d6-wd4pb,1,2
1781593856,gsm-6,osmo-mobile-7b8d4df666-lrms9,3,36
1781593856,gsm-6,osmo-stp-768687f494-9smpc,1,2
1781593856,gsm-6,virtphy-65fcd75d7-sfg7g,7,1
1781593856,gsm-7,msc-test-stub-5b875d749d-khnpx,1,16
1781593856,gsm-7,osmo-bsc-594654bd47-qqkm6,1,5
1781593856,gsm-7,osmo-bts-virtual-5f8b9b86fc-qlkms,30,5
1781593856,gsm-7,osmo-hlr-546bdb8988-497nd,1,2
1781593856,gsm-7,osmo-mgw-8c8fc67d6-rfmz7,1,2
1781593856,gsm-7,osmo-mobile-6865667c79-4594t,4,44
1781593856,gsm-7,osmo-stp-768687f494-plxcc,1,2
1781593856,gsm-7,virtphy-6cd7658d46-7mqb9,7,1
1781593856,gsm-8,msc-test-stub-5b875d749d-qjjvd,3,17
1781593856,gsm-8,osmo-bsc-594654bd47-gl8n5,1,5
1781593856,gsm-8,osmo-bts-virtual-5f8b9b86fc-2jhn7,27,5
1781593856,gsm-8,osmo-hlr-546bdb8988-728qc,1,7
1781593856,gsm-8,osmo-mgw-8c8fc67d6-2zf7g,1,5
1781593856,gsm-8,osmo-mobile-7f88cc47b4-fl965,4,42
1781593856,gsm-8,osmo-stp-768687f494-j95b9,1,2
1781593856,gsm-8,virtphy-86b4bdf559-sq5gd,7,2
1781593856,kube-system,coredns-c4dbffb5f-p9rsr,6,26
1781593856,kube-system,local-path-provisioner-5c4dc5d66d-nfqxz,1,17
1781593856,kube-system,metrics-server-786d997795-hcp2m,11,43
1781593856,kube-system,svclb-traefik-1100f998-kpm9h,0,0
1781593856,kube-system,traefik-9bcdbbd9-qtpjt,1,39
1781593858,gsm-1,msc-test-stub-5b875d749d-dp87n,3,16
1781593858,gsm-1,osmo-bsc-594654bd47-j9mdh,1,5
1781593858,gsm-1,osmo-bts-virtual-5f8b9b86fc-szfjb,29,5
1781593858,gsm-1,osmo-hlr-546bdb8988-d4r6r,1,2
1781593858,gsm-1,osmo-mgw-8c8fc67d6-txwl8,1,2
1781593858,gsm-1,osmo-mobile-947867b85-d9gvn,4,36
1781593858,gsm-1,osmo-stp-768687f494-mgj9x,1,2
1781593858,gsm-1,virtphy-858665df6d-4fmrz,7,1
1781593858,gsm-2,msc-test-stub-5b875d749d-thf6z,1,16
1781593858,gsm-2,osmo-bsc-594654bd47-hhlp9,1,5
1781593858,gsm-2,osmo-bts-virtual-5f8b9b86fc-rjnc6,28,5
1781593858,gsm-2,osmo-hlr-546bdb8988-9h84c,1,2
1781593858,gsm-2,osmo-mgw-8c8fc67d6-lhmxh,1,2
1781593858,gsm-2,osmo-mobile-6b5b79f646-nqjb8,4,33
1781593858,gsm-2,osmo-stp-768687f494-hf2mq,1,2
1781593858,gsm-2,virtphy-6458f9f999-7h52n,7,1
1781593858,gsm-3,msc-test-stub-5b875d749d-85ttv,2,16
1781593858,gsm-3,osmo-bsc-594654bd47-4gxcf,1,5
1781593858,gsm-3,osmo-bts-virtual-5f8b9b86fc-wfr4m,28,5
1781593858,gsm-3,osmo-hlr-546bdb8988-fzbfh,1,2
1781593858,gsm-3,osmo-mgw-8c8fc67d6-hfrjx,1,2
1781593858,gsm-3,osmo-mobile-856799fbbc-b2lmx,4,33
1781593858,gsm-3,osmo-stp-768687f494-sr7gg,1,2
1781593858,gsm-3,virtphy-7c75c79c86-svx7p,7,1
1781593858,gsm-4,msc-test-stub-5b875d749d-tqp6x,1,16
1781593858,gsm-4,osmo-bsc-594654bd47-675ng,1,5
1781593858,gsm-4,osmo-bts-virtual-5f8b9b86fc-nhcwb,27,5
1781593858,gsm-4,osmo-hlr-546bdb8988-r7vdz,1,2
1781593858,gsm-4,osmo-mgw-8c8fc67d6-r4jrz,1,2
1781593858,gsm-4,osmo-mobile-74f4b9d576-kj84s,3,33
1781593858,gsm-4,osmo-stp-768687f494-n6vz9,1,2
1781593858,gsm-4,ttcn3-tc-26-7-2-1-1-c5gw7,10,9
1781593858,gsm-4,virtphy-7cb5464db9-qzrgq,7,1
1781593858,gsm-5,msc-test-stub-5b875d749d-fnfg5,3,16
1781593858,gsm-5,osmo-bsc-594654bd47-xbxld,1,5
1781593858,gsm-5,osmo-bts-virtual-5f8b9b86fc-pd9t7,29,5
1781593858,gsm-5,osmo-hlr-546bdb8988-wb5xr,1,2
1781593858,gsm-5,osmo-mgw-8c8fc67d6-fxp8q,1,2
1781593858,gsm-5,osmo-mobile-59d8d55bb5-vv6bg,4,33
1781593858,gsm-5,osmo-stp-768687f494-nhnn6,1,2
1781593858,gsm-5,ttcn3-tc-26-7-4-1-1-kjjfz,7,12
1781593858,gsm-5,virtphy-b55647b48-h2vqw,6,1
1781593858,gsm-6,msc-test-stub-5b875d749d-8vkzh,1,16
1781593858,gsm-6,osmo-bsc-594654bd47-hsh8v,1,5
1781593858,gsm-6,osmo-bts-virtual-5f8b9b86fc-fktnj,29,5
1781593858,gsm-6,osmo-hlr-546bdb8988-2vkjl,1,2
1781593858,gsm-6,osmo-mgw-8c8fc67d6-wd4pb,1,2
1781593858,gsm-6,osmo-mobile-7b8d4df666-lrms9,3,36
1781593858,gsm-6,osmo-stp-768687f494-9smpc,1,2
1781593858,gsm-6,virtphy-65fcd75d7-sfg7g,6,1
1781593858,gsm-7,msc-test-stub-5b875d749d-khnpx,2,16
1781593858,gsm-7,osmo-bsc-594654bd47-qqkm6,1,5
1781593858,gsm-7,osmo-bts-virtual-5f8b9b86fc-qlkms,30,5
1781593858,gsm-7,osmo-hlr-546bdb8988-497nd,1,2
1781593858,gsm-7,osmo-mgw-8c8fc67d6-rfmz7,1,2
1781593858,gsm-7,osmo-mobile-6865667c79-4594t,3,44
1781593858,gsm-7,osmo-stp-768687f494-plxcc,1,2
1781593858,gsm-7,ttcn3-tc-26-8-1-3-3-1-1-msds5,11,9
1781593858,gsm-7,virtphy-6cd7658d46-7mqb9,6,1
1781593858,gsm-8,msc-test-stub-5b875d749d-qjjvd,1,17
1781593858,gsm-8,osmo-bsc-594654bd47-gl8n5,1,5
1781593858,gsm-8,osmo-bts-virtual-5f8b9b86fc-2jhn7,23,5
1781593858,gsm-8,osmo-hlr-546bdb8988-728qc,1,7
1781593858,gsm-8,osmo-mgw-8c8fc67d6-2zf7g,1,5
1781593858,gsm-8,osmo-mobile-7f88cc47b4-fl965,3,42
1781593858,gsm-8,osmo-stp-768687f494-j95b9,1,2
1781593858,gsm-8,ttcn3-tc-34-2-2-1-prvgs,9,11
1781593858,gsm-8,virtphy-86b4bdf559-sq5gd,6,2
1781593858,kube-system,coredns-c4dbffb5f-p9rsr,2,26
1781593858,kube-system,local-path-provisioner-5c4dc5d66d-nfqxz,1,17
1781593858,kube-system,metrics-server-786d997795-hcp2m,10,43
1781593858,kube-system,svclb-traefik-1100f998-kpm9h,0,0
1781593858,kube-system,traefik-9bcdbbd9-qtpjt,2,40
1781593860,gsm-1,msc-test-stub-5b875d749d-dp87n,3,16
1781593860,gsm-1,osmo-bsc-594654bd47-j9mdh,1,5
1781593860,gsm-1,osmo-bts-virtual-5f8b9b86fc-szfjb,29,5
1781593860,gsm-1,osmo-hlr-546bdb8988-d4r6r,1,2
1781593860,gsm-1,osmo-mgw-8c8fc67d6-txwl8,1,2
1781593860,gsm-1,osmo-mobile-947867b85-d9gvn,4,36
1781593860,gsm-1,osmo-stp-768687f494-mgj9x,1,2
1781593860,gsm-1,virtphy-858665df6d-4fmrz,7,1
1781593860,gsm-2,msc-test-stub-5b875d749d-thf6z,1,16
1781593860,gsm-2,osmo-bsc-594654bd47-hhlp9,1,5
1781593860,gsm-2,osmo-bts-virtual-5f8b9b86fc-rjnc6,28,5
1781593860,gsm-2,osmo-hlr-546bdb8988-9h84c,1,2
1781593860,gsm-2,osmo-mgw-8c8fc67d6-lhmxh,1,2
1781593860,gsm-2,osmo-mobile-6b5b79f646-nqjb8,4,33
1781593860,gsm-2,osmo-stp-768687f494-hf2mq,1,2
1781593860,gsm-2,virtphy-6458f9f999-7h52n,7,1
1781593860,gsm-3,msc-test-stub-5b875d749d-85ttv,2,16
1781593860,gsm-3,osmo-bsc-594654bd47-4gxcf,1,5
1781593860,gsm-3,osmo-bts-virtual-5f8b9b86fc-wfr4m,28,5
1781593860,gsm-3,osmo-hlr-546bdb8988-fzbfh,1,2
1781593860,gsm-3,osmo-mgw-8c8fc67d6-hfrjx,1,2
1781593860,gsm-3,osmo-mobile-856799fbbc-b2lmx,4,33
1781593860,gsm-3,osmo-stp-768687f494-sr7gg,1,2
1781593860,gsm-3,virtphy-7c75c79c86-svx7p,7,1
1781593860,gsm-4,msc-test-stub-5b875d749d-tqp6x,1,16
1781593860,gsm-4,osmo-bsc-594654bd47-675ng,1,5
1781593860,gsm-4,osmo-bts-virtual-5f8b9b86fc-nhcwb,27,5
1781593860,gsm-4,osmo-hlr-546bdb8988-r7vdz,1,2
1781593860,gsm-4,osmo-mgw-8c8fc67d6-r4jrz,1,2
1781593860,gsm-4,osmo-mobile-74f4b9d576-kj84s,3,33
1781593860,gsm-4,osmo-stp-768687f494-n6vz9,1,2
1781593860,gsm-4,ttcn3-tc-26-7-2-1-1-c5gw7,10,9
1781593860,gsm-4,virtphy-7cb5464db9-qzrgq,7,1
1781593860,gsm-5,msc-test-stub-5b875d749d-fnfg5,3,16
1781593860,gsm-5,osmo-bsc-594654bd47-xbxld,1,5
1781593860,gsm-5,osmo-bts-virtual-5f8b9b86fc-pd9t7,29,5
1781593860,gsm-5,osmo-hlr-546bdb8988-wb5xr,1,2
1781593860,gsm-5,osmo-mgw-8c8fc67d6-fxp8q,1,2
1781593860,gsm-5,osmo-mobile-59d8d55bb5-vv6bg,4,33
1781593860,gsm-5,osmo-stp-768687f494-nhnn6,1,2
1781593860,gsm-5,ttcn3-tc-26-7-4-1-1-kjjfz,7,12
1781593860,gsm-5,virtphy-b55647b48-h2vqw,6,1
1781593860,gsm-6,msc-test-stub-5b875d749d-8vkzh,1,16
1781593860,gsm-6,osmo-bsc-594654bd47-hsh8v,1,5
1781593860,gsm-6,osmo-bts-virtual-5f8b9b86fc-fktnj,29,5
1781593860,gsm-6,osmo-hlr-546bdb8988-2vkjl,1,2
1781593860,gsm-6,osmo-mgw-8c8fc67d6-wd4pb,1,2
1781593860,gsm-6,osmo-mobile-7b8d4df666-lrms9,3,36
1781593860,gsm-6,osmo-stp-768687f494-9smpc,1,2
1781593860,gsm-6,virtphy-65fcd75d7-sfg7g,6,1
1781593860,gsm-7,msc-test-stub-5b875d749d-khnpx,2,16
1781593860,gsm-7,osmo-bsc-594654bd47-qqkm6,1,5
1781593860,gsm-7,osmo-bts-virtual-5f8b9b86fc-qlkms,30,5
1781593860,gsm-7,osmo-hlr-546bdb8988-497nd,1,2
1781593860,gsm-7,osmo-mgw-8c8fc67d6-rfmz7,1,2
1781593860,gsm-7,osmo-mobile-6865667c79-4594t,3,44
1781593860,gsm-7,osmo-stp-768687f494-plxcc,1,2
1781593860,gsm-7,ttcn3-tc-26-8-1-3-3-1-1-msds5,11,9
1781593860,gsm-7,virtphy-6cd7658d46-7mqb9,6,1
1781593860,gsm-8,msc-test-stub-5b875d749d-qjjvd,1,17
1781593860,gsm-8,osmo-bsc-594654bd47-gl8n5,1,5
1781593860,gsm-8,osmo-bts-virtual-5f8b9b86fc-2jhn7,23,5
1781593860,gsm-8,osmo-hlr-546bdb8988-728qc,1,7
1781593860,gsm-8,osmo-mgw-8c8fc67d6-2zf7g,1,5
1781593860,gsm-8,osmo-mobile-7f88cc47b4-fl965,3,42
1781593860,gsm-8,osmo-stp-768687f494-j95b9,1,2
1781593860,gsm-8,ttcn3-tc-34-2-2-1-prvgs,9,11
1781593860,gsm-8,virtphy-86b4bdf559-sq5gd,6,2
1781593860,kube-system,coredns-c4dbffb5f-p9rsr,2,26
1781593860,kube-system,local-path-provisioner-5c4dc5d66d-nfqxz,1,17
1781593860,kube-system,metrics-server-786d997795-hcp2m,10,43
1781593860,kube-system,svclb-traefik-1100f998-kpm9h,0,0
1781593860,kube-system,traefik-9bcdbbd9-qtpjt,2,40
1781593863,gsm-1,msc-test-stub-5b875d749d-dp87n,3,16
1781593863,gsm-1,osmo-bsc-594654bd47-j9mdh,1,5
1781593863,gsm-1,osmo-bts-virtual-5f8b9b86fc-szfjb,29,5
1781593863,gsm-1,osmo-hlr-546bdb8988-d4r6r,1,2
1781593863,gsm-1,osmo-mgw-8c8fc67d6-txwl8,1,2
1781593863,gsm-1,osmo-mobile-947867b85-d9gvn,4,36
1781593863,gsm-1,osmo-stp-768687f494-mgj9x,1,2
1781593863,gsm-1,virtphy-858665df6d-4fmrz,7,1
1781593863,gsm-2,msc-test-stub-5b875d749d-thf6z,1,16
1781593863,gsm-2,osmo-bsc-594654bd47-hhlp9,1,5
1781593863,gsm-2,osmo-bts-virtual-5f8b9b86fc-rjnc6,28,5
1781593863,gsm-2,osmo-hlr-546bdb8988-9h84c,1,2
1781593863,gsm-2,osmo-mgw-8c8fc67d6-lhmxh,1,2
1781593863,gsm-2,osmo-mobile-6b5b79f646-nqjb8,4,33
1781593863,gsm-2,osmo-stp-768687f494-hf2mq,1,2
1781593863,gsm-2,virtphy-6458f9f999-7h52n,7,1
1781593863,gsm-3,msc-test-stub-5b875d749d-85ttv,2,16
1781593863,gsm-3,osmo-bsc-594654bd47-4gxcf,1,5
1781593863,gsm-3,osmo-bts-virtual-5f8b9b86fc-wfr4m,28,5
1781593863,gsm-3,osmo-hlr-546bdb8988-fzbfh,1,2
1781593863,gsm-3,osmo-mgw-8c8fc67d6-hfrjx,1,2
1781593863,gsm-3,osmo-mobile-856799fbbc-b2lmx,4,33
1781593863,gsm-3,osmo-stp-768687f494-sr7gg,1,2
1781593863,gsm-3,virtphy-7c75c79c86-svx7p,7,1
1781593863,gsm-4,msc-test-stub-5b875d749d-tqp6x,1,16
1781593863,gsm-4,osmo-bsc-594654bd47-675ng,1,5
1781593863,gsm-4,osmo-bts-virtual-5f8b9b86fc-nhcwb,27,5
1781593863,gsm-4,osmo-hlr-546bdb8988-r7vdz,1,2
1781593863,gsm-4,osmo-mgw-8c8fc67d6-r4jrz,1,2
1781593863,gsm-4,osmo-mobile-74f4b9d576-kj84s,3,33
1781593863,gsm-4,osmo-stp-768687f494-n6vz9,1,2
1781593863,gsm-4,ttcn3-tc-26-7-2-1-1-c5gw7,10,9
1781593863,gsm-4,virtphy-7cb5464db9-qzrgq,7,1
1781593863,gsm-5,msc-test-stub-5b875d749d-fnfg5,3,16
1781593863,gsm-5,osmo-bsc-594654bd47-xbxld,1,5
1781593863,gsm-5,osmo-bts-virtual-5f8b9b86fc-pd9t7,29,5
1781593863,gsm-5,osmo-hlr-546bdb8988-wb5xr,1,2
1781593863,gsm-5,osmo-mgw-8c8fc67d6-fxp8q,1,2
1781593863,gsm-5,osmo-mobile-59d8d55bb5-vv6bg,4,33
1781593863,gsm-5,osmo-stp-768687f494-nhnn6,1,2
1781593863,gsm-5,ttcn3-tc-26-7-4-1-1-kjjfz,7,12
1781593863,gsm-5,virtphy-b55647b48-h2vqw,6,1
1781593863,gsm-6,msc-test-stub-5b875d749d-8vkzh,1,16
1781593863,gsm-6,osmo-bsc-594654bd47-hsh8v,1,5
1781593863,gsm-6,osmo-bts-virtual-5f8b9b86fc-fktnj,29,5
1781593863,gsm-6,osmo-hlr-546bdb8988-2vkjl,1,2
1781593863,gsm-6,osmo-mgw-8c8fc67d6-wd4pb,1,2
1781593863,gsm-6,osmo-mobile-7b8d4df666-lrms9,3,36
1781593863,gsm-6,osmo-stp-768687f494-9smpc,1,2
1781593863,gsm-6,virtphy-65fcd75d7-sfg7g,6,1
1781593863,gsm-7,msc-test-stub-5b875d749d-khnpx,2,16
1781593863,gsm-7,osmo-bsc-594654bd47-qqkm6,1,5
1781593863,gsm-7,osmo-bts-virtual-5f8b9b86fc-qlkms,30,5
1781593863,gsm-7,osmo-hlr-546bdb8988-497nd,1,2
1781593863,gsm-7,osmo-mgw-8c8fc67d6-rfmz7,1,2
1781593863,gsm-7,osmo-mobile-6865667c79-4594t,3,44
1781593863,gsm-7,osmo-stp-768687f494-plxcc,1,2
1781593863,gsm-7,ttcn3-tc-26-8-1-3-3-1-1-msds5,11,9
1781593863,gsm-7,virtphy-6cd7658d46-7mqb9,6,1
1781593863,gsm-8,msc-test-stub-5b875d749d-qjjvd,1,17
1781593863,gsm-8,osmo-bsc-594654bd47-gl8n5,1,5
1781593863,gsm-8,osmo-bts-virtual-5f8b9b86fc-2jhn7,23,5
1781593863,gsm-8,osmo-hlr-546bdb8988-728qc,1,7
1781593863,gsm-8,osmo-mgw-8c8fc67d6-2zf7g,1,5
1781593863,gsm-8,osmo-mobile-7f88cc47b4-fl965,3,42
1781593863,gsm-8,osmo-stp-768687f494-j95b9,1,2
1781593863,gsm-8,ttcn3-tc-34-2-2-1-prvgs,9,11
1781593863,gsm-8,virtphy-86b4bdf559-sq5gd,6,2
1781593863,kube-system,coredns-c4dbffb5f-p9rsr,2,26
1781593863,kube-system,local-path-provisioner-5c4dc5d66d-nfqxz,1,17
1781593863,kube-system,metrics-server-786d997795-hcp2m,10,43
1781593863,kube-system,svclb-traefik-1100f998-kpm9h,0,0
1781593863,kube-system,traefik-9bcdbbd9-qtpjt,2,40
1781593865,gsm-1,msc-test-stub-5b875d749d-dp87n,3,16
1781593865,gsm-1,osmo-bsc-594654bd47-j9mdh,1,5
1781593865,gsm-1,osmo-bts-virtual-5f8b9b86fc-szfjb,29,5
1781593865,gsm-1,osmo-hlr-546bdb8988-d4r6r,1,2
1781593865,gsm-1,osmo-mgw-8c8fc67d6-txwl8,1,2
1781593865,gsm-1,osmo-mobile-947867b85-d9gvn,4,36
1781593865,gsm-1,osmo-stp-768687f494-mgj9x,1,2
1781593865,gsm-1,virtphy-858665df6d-4fmrz,7,1
1781593865,gsm-2,msc-test-stub-5b875d749d-thf6z,1,16
1781593865,gsm-2,osmo-bsc-594654bd47-hhlp9,1,5
1781593865,gsm-2,osmo-bts-virtual-5f8b9b86fc-rjnc6,28,5
1781593865,gsm-2,osmo-hlr-546bdb8988-9h84c,1,2
1781593865,gsm-2,osmo-mgw-8c8fc67d6-lhmxh,1,2
1781593865,gsm-2,osmo-mobile-6b5b79f646-nqjb8,4,33
1781593865,gsm-2,osmo-stp-768687f494-hf2mq,1,2
1781593865,gsm-2,virtphy-6458f9f999-7h52n,7,1
1781593865,gsm-3,msc-test-stub-5b875d749d-85ttv,2,16
1781593865,gsm-3,osmo-bsc-594654bd47-4gxcf,1,5
1781593865,gsm-3,osmo-bts-virtual-5f8b9b86fc-wfr4m,28,5
1781593865,gsm-3,osmo-hlr-546bdb8988-fzbfh,1,2
1781593865,gsm-3,osmo-mgw-8c8fc67d6-hfrjx,1,2
1781593865,gsm-3,osmo-mobile-856799fbbc-b2lmx,4,33
1781593865,gsm-3,osmo-stp-768687f494-sr7gg,1,2
1781593865,gsm-3,virtphy-7c75c79c86-svx7p,7,1
1781593865,gsm-4,msc-test-stub-5b875d749d-tqp6x,1,16
1781593865,gsm-4,osmo-bsc-594654bd47-675ng,1,5
1781593865,gsm-4,osmo-bts-virtual-5f8b9b86fc-nhcwb,27,5
1781593865,gsm-4,osmo-hlr-546bdb8988-r7vdz,1,2
1781593865,gsm-4,osmo-mgw-8c8fc67d6-r4jrz,1,2
1781593865,gsm-4,osmo-mobile-74f4b9d576-kj84s,3,33
1781593865,gsm-4,osmo-stp-768687f494-n6vz9,1,2
1781593865,gsm-4,ttcn3-tc-26-7-2-1-1-c5gw7,10,9
1781593865,gsm-4,virtphy-7cb5464db9-qzrgq,7,1
1781593865,gsm-5,msc-test-stub-5b875d749d-fnfg5,3,16
1781593865,gsm-5,osmo-bsc-594654bd47-xbxld,1,5
1781593865,gsm-5,osmo-bts-virtual-5f8b9b86fc-pd9t7,29,5
1781593865,gsm-5,osmo-hlr-546bdb8988-wb5xr,1,2
1781593865,gsm-5,osmo-mgw-8c8fc67d6-fxp8q,1,2
1781593865,gsm-5,osmo-mobile-59d8d55bb5-vv6bg,4,33
1781593865,gsm-5,osmo-stp-768687f494-nhnn6,1,2
1781593865,gsm-5,ttcn3-tc-26-7-4-1-1-kjjfz,7,12
1781593865,gsm-5,virtphy-b55647b48-h2vqw,6,1
1781593865,gsm-6,msc-test-stub-5b875d749d-8vkzh,1,16
1781593865,gsm-6,osmo-bsc-594654bd47-hsh8v,1,5
1781593865,gsm-6,osmo-bts-virtual-5f8b9b86fc-fktnj,29,5
1781593865,gsm-6,osmo-hlr-546bdb8988-2vkjl,1,2
1781593865,gsm-6,osmo-mgw-8c8fc67d6-wd4pb,1,2
1781593865,gsm-6,osmo-mobile-7b8d4df666-lrms9,3,36
1781593865,gsm-6,osmo-stp-768687f494-9smpc,1,2
1781593865,gsm-6,virtphy-65fcd75d7-sfg7g,6,1
1781593865,gsm-7,msc-test-stub-5b875d749d-khnpx,2,16
1781593865,gsm-7,osmo-bsc-594654bd47-qqkm6,1,5
1781593865,gsm-7,osmo-bts-virtual-5f8b9b86fc-qlkms,30,5
1781593865,gsm-7,osmo-hlr-546bdb8988-497nd,1,2
1781593865,gsm-7,osmo-mgw-8c8fc67d6-rfmz7,1,2
1781593865,gsm-7,osmo-mobile-6865667c79-4594t,3,44
1781593865,gsm-7,osmo-stp-768687f494-plxcc,1,2
1781593865,gsm-7,ttcn3-tc-26-8-1-3-3-1-1-msds5,11,9
1781593865,gsm-7,virtphy-6cd7658d46-7mqb9,6,1
1781593865,gsm-8,msc-test-stub-5b875d749d-qjjvd,1,17
1781593865,gsm-8,osmo-bsc-594654bd47-gl8n5,1,5
1781593865,gsm-8,osmo-bts-virtual-5f8b9b86fc-2jhn7,23,5
1781593865,gsm-8,osmo-hlr-546bdb8988-728qc,1,7
1781593865,gsm-8,osmo-mgw-8c8fc67d6-2zf7g,1,5
1781593865,gsm-8,osmo-mobile-7f88cc47b4-fl965,3,42
1781593865,gsm-8,osmo-stp-768687f494-j95b9,1,2
1781593865,gsm-8,ttcn3-tc-34-2-2-1-prvgs,9,11
1781593865,gsm-8,virtphy-86b4bdf559-sq5gd,6,2
1781593865,kube-system,coredns-c4dbffb5f-p9rsr,2,26
1781593865,kube-system,local-path-provisioner-5c4dc5d66d-nfqxz,1,17
1781593865,kube-system,metrics-server-786d997795-hcp2m,10,43
1781593865,kube-system,svclb-traefik-1100f998-kpm9h,0,0
1781593865,kube-system,traefik-9bcdbbd9-qtpjt,2,40
1781593868,gsm-1,msc-test-stub-5b875d749d-dp87n,3,16
1781593868,gsm-1,osmo-bsc-594654bd47-j9mdh,1,5
1781593868,gsm-1,osmo-bts-virtual-5f8b9b86fc-szfjb,29,5
1781593868,gsm-1,osmo-hlr-546bdb8988-d4r6r,1,2
1781593868,gsm-1,osmo-mgw-8c8fc67d6-txwl8,1,2
1781593868,gsm-1,osmo-mobile-947867b85-d9gvn,4,36
1781593868,gsm-1,osmo-stp-768687f494-mgj9x,1,2
1781593868,gsm-1,virtphy-858665df6d-4fmrz,7,1
1781593868,gsm-2,msc-test-stub-5b875d749d-thf6z,1,16
1781593868,gsm-2,osmo-bsc-594654bd47-hhlp9,1,5
1781593868,gsm-2,osmo-bts-virtual-5f8b9b86fc-rjnc6,28,5
1781593868,gsm-2,osmo-hlr-546bdb8988-9h84c,1,2
1781593868,gsm-2,osmo-mgw-8c8fc67d6-lhmxh,1,2
1781593868,gsm-2,osmo-mobile-6b5b79f646-nqjb8,4,33
1781593868,gsm-2,osmo-stp-768687f494-hf2mq,1,2
1781593868,gsm-2,virtphy-6458f9f999-7h52n,7,1
1781593868,gsm-3,msc-test-stub-5b875d749d-85ttv,2,16
1781593868,gsm-3,osmo-bsc-594654bd47-4gxcf,1,5
1781593868,gsm-3,osmo-bts-virtual-5f8b9b86fc-wfr4m,28,5
1781593868,gsm-3,osmo-hlr-546bdb8988-fzbfh,1,2
1781593868,gsm-3,osmo-mgw-8c8fc67d6-hfrjx,1,2
1781593868,gsm-3,osmo-mobile-856799fbbc-b2lmx,4,33
1781593868,gsm-3,osmo-stp-768687f494-sr7gg,1,2
1781593868,gsm-3,virtphy-7c75c79c86-svx7p,7,1
1781593868,gsm-4,msc-test-stub-5b875d749d-tqp6x,1,16
1781593868,gsm-4,osmo-bsc-594654bd47-675ng,1,5
1781593868,gsm-4,osmo-bts-virtual-5f8b9b86fc-nhcwb,27,5
1781593868,gsm-4,osmo-hlr-546bdb8988-r7vdz,1,2
1781593868,gsm-4,osmo-mgw-8c8fc67d6-r4jrz,1,2
1781593868,gsm-4,osmo-mobile-74f4b9d576-kj84s,3,33
1781593868,gsm-4,osmo-stp-768687f494-n6vz9,1,2
1781593868,gsm-4,ttcn3-tc-26-7-2-1-1-c5gw7,10,9
1781593868,gsm-4,virtphy-7cb5464db9-qzrgq,7,1
1781593868,gsm-5,msc-test-stub-5b875d749d-fnfg5,3,16
1781593868,gsm-5,osmo-bsc-594654bd47-xbxld,1,5
1781593868,gsm-5,osmo-bts-virtual-5f8b9b86fc-pd9t7,29,5
1781593868,gsm-5,osmo-hlr-546bdb8988-wb5xr,1,2
1781593868,gsm-5,osmo-mgw-8c8fc67d6-fxp8q,1,2
1781593868,gsm-5,osmo-mobile-59d8d55bb5-vv6bg,4,33
1781593868,gsm-5,osmo-stp-768687f494-nhnn6,1,2
1781593868,gsm-5,ttcn3-tc-26-7-4-1-1-kjjfz,7,12
1781593868,gsm-5,virtphy-b55647b48-h2vqw,6,1
1781593868,gsm-6,msc-test-stub-5b875d749d-8vkzh,1,16
1781593868,gsm-6,osmo-bsc-594654bd47-hsh8v,1,5
1781593868,gsm-6,osmo-bts-virtual-5f8b9b86fc-fktnj,29,5
1781593868,gsm-6,osmo-hlr-546bdb8988-2vkjl,1,2
1781593868,gsm-6,osmo-mgw-8c8fc67d6-wd4pb,1,2
1781593868,gsm-6,osmo-mobile-7b8d4df666-lrms9,3,36
1781593868,gsm-6,osmo-stp-768687f494-9smpc,1,2
1781593868,gsm-6,virtphy-65fcd75d7-sfg7g,6,1
1781593868,gsm-7,msc-test-stub-5b875d749d-khnpx,2,16
1781593868,gsm-7,osmo-bsc-594654bd47-qqkm6,1,5
1781593868,gsm-7,osmo-bts-virtual-5f8b9b86fc-qlkms,30,5
1781593868,gsm-7,osmo-hlr-546bdb8988-497nd,1,2
1781593868,gsm-7,osmo-mgw-8c8fc67d6-rfmz7,1,2
1781593868,gsm-7,osmo-mobile-6865667c79-4594t,3,44
1781593868,gsm-7,osmo-stp-768687f494-plxcc,1,2
1781593868,gsm-7,ttcn3-tc-26-8-1-3-3-1-1-msds5,11,9
1781593868,gsm-7,virtphy-6cd7658d46-7mqb9,6,1
1781593868,gsm-8,msc-test-stub-5b875d749d-qjjvd,1,17
1781593868,gsm-8,osmo-bsc-594654bd47-gl8n5,1,5
1781593868,gsm-8,osmo-bts-virtual-5f8b9b86fc-2jhn7,23,5
1781593868,gsm-8,osmo-hlr-546bdb8988-728qc,1,7
1781593868,gsm-8,osmo-mgw-8c8fc67d6-2zf7g,1,5
1781593868,gsm-8,osmo-mobile-7f88cc47b4-fl965,3,42
1781593868,gsm-8,osmo-stp-768687f494-j95b9,1,2
1781593868,gsm-8,ttcn3-tc-34-2-2-1-prvgs,9,11
1781593868,gsm-8,virtphy-86b4bdf559-sq5gd,6,2
1781593868,kube-system,coredns-c4dbffb5f-p9rsr,2,26
1781593868,kube-system,local-path-provisioner-5c4dc5d66d-nfqxz,1,17
1781593868,kube-system,metrics-server-786d997795-hcp2m,10,43
1781593868,kube-system,svclb-traefik-1100f998-kpm9h,0,0
1781593868,kube-system,traefik-9bcdbbd9-qtpjt,2,40
1781593870,gsm-1,msc-test-stub-5b875d749d-dp87n,3,16
1781593870,gsm-1,osmo-bsc-594654bd47-j9mdh,1,5
1781593870,gsm-1,osmo-bts-virtual-5f8b9b86fc-szfjb,29,5
1781593870,gsm-1,osmo-hlr-546bdb8988-d4r6r,1,2
1781593870,gsm-1,osmo-mgw-8c8fc67d6-txwl8,1,2
1781593870,gsm-1,osmo-mobile-947867b85-d9gvn,4,36
1781593870,gsm-1,osmo-stp-768687f494-mgj9x,1,2
1781593870,gsm-1,virtphy-858665df6d-4fmrz,7,1
1781593870,gsm-2,msc-test-stub-5b875d749d-thf6z,1,16
1781593870,gsm-2,osmo-bsc-594654bd47-hhlp9,1,5
1781593870,gsm-2,osmo-bts-virtual-5f8b9b86fc-rjnc6,28,5
1781593870,gsm-2,osmo-hlr-546bdb8988-9h84c,1,2
1781593870,gsm-2,osmo-mgw-8c8fc67d6-lhmxh,1,2
1781593870,gsm-2,osmo-mobile-6b5b79f646-nqjb8,4,33
1781593870,gsm-2,osmo-stp-768687f494-hf2mq,1,2
1781593870,gsm-2,virtphy-6458f9f999-7h52n,7,1
1781593870,gsm-3,msc-test-stub-5b875d749d-85ttv,2,16
1781593870,gsm-3,osmo-bsc-594654bd47-4gxcf,1,5
1781593870,gsm-3,osmo-bts-virtual-5f8b9b86fc-wfr4m,28,5
1781593870,gsm-3,osmo-hlr-546bdb8988-fzbfh,1,2
1781593870,gsm-3,osmo-mgw-8c8fc67d6-hfrjx,1,2
1781593870,gsm-3,osmo-mobile-856799fbbc-b2lmx,4,33
1781593870,gsm-3,osmo-stp-768687f494-sr7gg,1,2
1781593870,gsm-3,virtphy-7c75c79c86-svx7p,7,1
1781593870,gsm-4,msc-test-stub-5b875d749d-tqp6x,1,16
1781593870,gsm-4,osmo-bsc-594654bd47-675ng,1,5
1781593870,gsm-4,osmo-bts-virtual-5f8b9b86fc-nhcwb,27,5
1781593870,gsm-4,osmo-hlr-546bdb8988-r7vdz,1,2
1781593870,gsm-4,osmo-mgw-8c8fc67d6-r4jrz,1,2
1781593870,gsm-4,osmo-mobile-74f4b9d576-kj84s,3,33
1781593870,gsm-4,osmo-stp-768687f494-n6vz9,1,2
1781593870,gsm-4,ttcn3-tc-26-7-2-1-1-c5gw7,10,9
1781593870,gsm-4,virtphy-7cb5464db9-qzrgq,7,1
1781593870,gsm-5,msc-test-stub-5b875d749d-fnfg5,3,16
1781593870,gsm-5,osmo-bsc-594654bd47-xbxld,1,5
1781593870,gsm-5,osmo-bts-virtual-5f8b9b86fc-pd9t7,29,5
1781593870,gsm-5,osmo-hlr-546bdb8988-wb5xr,1,2
1781593870,gsm-5,osmo-mgw-8c8fc67d6-fxp8q,1,2
1781593870,gsm-5,osmo-mobile-59d8d55bb5-vv6bg,4,33
1781593870,gsm-5,osmo-stp-768687f494-nhnn6,1,2
1781593870,gsm-5,ttcn3-tc-26-7-4-1-1-kjjfz,7,12
1781593870,gsm-5,virtphy-b55647b48-h2vqw,6,1
1781593870,gsm-6,msc-test-stub-5b875d749d-8vkzh,1,16
1781593870,gsm-6,osmo-bsc-594654bd47-hsh8v,1,5
1781593870,gsm-6,osmo-bts-virtual-5f8b9b86fc-fktnj,29,5
1781593870,gsm-6,osmo-hlr-546bdb8988-2vkjl,1,2
1781593870,gsm-6,osmo-mgw-8c8fc67d6-wd4pb,1,2
1781593870,gsm-6,osmo-mobile-7b8d4df666-lrms9,3,36
1781593870,gsm-6,osmo-stp-768687f494-9smpc,1,2
1781593870,gsm-6,virtphy-65fcd75d7-sfg7g,6,1
1781593870,gsm-7,msc-test-stub-5b875d749d-khnpx,2,16
1781593870,gsm-7,osmo-bsc-594654bd47-qqkm6,1,5
1781593870,gsm-7,osmo-bts-virtual-5f8b9b86fc-qlkms,30,5
1781593870,gsm-7,osmo-hlr-546bdb8988-497nd,1,2
1781593870,gsm-7,osmo-mgw-8c8fc67d6-rfmz7,1,2
1781593870,gsm-7,osmo-mobile-6865667c79-4594t,3,44
1781593870,gsm-7,osmo-stp-768687f494-plxcc,1,2
1781593870,gsm-7,ttcn3-tc-26-8-1-3-3-1-1-msds5,11,9
1781593870,gsm-7,virtphy-6cd7658d46-7mqb9,6,1
1781593870,gsm-8,msc-test-stub-5b875d749d-qjjvd,1,17
1781593870,gsm-8,osmo-bsc-594654bd47-gl8n5,1,5
1781593870,gsm-8,osmo-bts-virtual-5f8b9b86fc-2jhn7,23,5
1781593870,gsm-8,osmo-hlr-546bdb8988-728qc,1,7
1781593870,gsm-8,osmo-mgw-8c8fc67d6-2zf7g,1,5
1781593870,gsm-8,osmo-mobile-7f88cc47b4-fl965,3,42
1781593870,gsm-8,osmo-stp-768687f494-j95b9,1,2
1781593870,gsm-8,ttcn3-tc-34-2-2-1-prvgs,9,11
1781593870,gsm-8,virtphy-86b4bdf559-sq5gd,6,2
1781593870,kube-system,coredns-c4dbffb5f-p9rsr,2,26
1781593870,kube-system,local-path-provisioner-5c4dc5d66d-nfqxz,1,17
1781593870,kube-system,metrics-server-786d997795-hcp2m,10,43
1781593870,kube-system,svclb-traefik-1100f998-kpm9h,0,0
1781593870,kube-system,traefik-9bcdbbd9-qtpjt,2,40
1781593872,gsm-1,msc-test-stub-5b875d749d-dp87n,3,16
1781593872,gsm-1,osmo-bsc-594654bd47-j9mdh,1,5
1781593872,gsm-1,osmo-bts-virtual-5f8b9b86fc-szfjb,27,5
1781593872,gsm-1,osmo-hlr-546bdb8988-d4r6r,1,2
1781593872,gsm-1,osmo-mgw-8c8fc67d6-txwl8,1,2
1781593872,gsm-1,osmo-mobile-947867b85-d9gvn,4,36
1781593872,gsm-1,osmo-stp-768687f494-mgj9x,1,2
1781593872,gsm-1,ttcn3-tc-26-6-1-1-1-rx2fd,1,6
1781593872,gsm-1,virtphy-858665df6d-4fmrz,7,1
1781593872,gsm-2,msc-test-stub-5b875d749d-thf6z,2,16
1781593872,gsm-2,osmo-bsc-594654bd47-hhlp9,1,5
1781593872,gsm-2,osmo-bts-virtual-5f8b9b86fc-rjnc6,25,5
1781593872,gsm-2,osmo-hlr-546bdb8988-9h84c,1,2
1781593872,gsm-2,osmo-mgw-8c8fc67d6-lhmxh,1,2
1781593872,gsm-2,osmo-mobile-6b5b79f646-nqjb8,3,33
1781593872,gsm-2,osmo-stp-768687f494-hf2mq,1,2
1781593872,gsm-2,ttcn3-tc-26-6-2-1-1-1-9rxf9,4,6
1781593872,gsm-2,virtphy-6458f9f999-7h52n,7,1
1781593872,gsm-3,msc-test-stub-5b875d749d-85ttv,2,16
1781593872,gsm-3,osmo-bsc-594654bd47-4gxcf,1,5
1781593872,gsm-3,osmo-bts-virtual-5f8b9b86fc-wfr4m,27,5
1781593872,gsm-3,osmo-hlr-546bdb8988-fzbfh,1,2
1781593872,gsm-3,osmo-mgw-8c8fc67d6-hfrjx,1,2
1781593872,gsm-3,osmo-mobile-856799fbbc-b2lmx,4,33
1781593872,gsm-3,osmo-stp-768687f494-sr7gg,1,2
1781593872,gsm-3,ttcn3-tc-26-6-8-2-1-hzqbr,6,6
1781593872,gsm-3,virtphy-7c75c79c86-svx7p,6,1
1781593872,gsm-4,msc-test-stub-5b875d749d-tqp6x,2,16
1781593872,gsm-4,osmo-bsc-594654bd47-675ng,1,5
1781593872,gsm-4,osmo-bts-virtual-5f8b9b86fc-nhcwb,24,5
1781593872,gsm-4,osmo-hlr-546bdb8988-r7vdz,1,2
1781593872,gsm-4,osmo-mgw-8c8fc67d6-r4jrz,1,2
1781593872,gsm-4,osmo-mobile-74f4b9d576-kj84s,3,33
1781593872,gsm-4,osmo-stp-768687f494-n6vz9,1,2
1781593872,gsm-4,ttcn3-tc-26-7-2-1-1-c5gw7,1,9
1781593872,gsm-4,virtphy-7cb5464db9-qzrgq,7,1
1781593872,gsm-5,msc-test-stub-5b875d749d-fnfg5,1,16
1781593872,gsm-5,osmo-bsc-594654bd47-xbxld,1,5
1781593872,gsm-5,osmo-bts-virtual-5f8b9b86fc-pd9t7,25,5
1781593872,gsm-5,osmo-hlr-546bdb8988-wb5xr,1,2
1781593872,gsm-5,osmo-mgw-8c8fc67d6-fxp8q,1,2
1781593872,gsm-5,osmo-mobile-59d8d55bb5-vv6bg,3,33
1781593872,gsm-5,osmo-stp-768687f494-nhnn6,1,2
1781593872,gsm-5,ttcn3-tc-26-7-4-1-1-kjjfz,1,12
1781593872,gsm-5,virtphy-b55647b48-h2vqw,6,1
1781593872,gsm-6,msc-test-stub-5b875d749d-8vkzh,2,16
1781593872,gsm-6,osmo-bsc-594654bd47-hsh8v,1,5
1781593872,gsm-6,osmo-bts-virtual-5f8b9b86fc-fktnj,26,5
1781593872,gsm-6,osmo-hlr-546bdb8988-2vkjl,1,2
1781593872,gsm-6,osmo-mgw-8c8fc67d6-wd4pb,1,2
1781593872,gsm-6,osmo-mobile-7b8d4df666-lrms9,3,36
1781593872,gsm-6,osmo-stp-768687f494-9smpc,1,2
1781593872,gsm-6,ttcn3-tc-26-8-1-2-1-1-1-p7b4n,1,6
1781593872,gsm-6,virtphy-65fcd75d7-sfg7g,6,1
1781593872,gsm-7,msc-test-stub-5b875d749d-khnpx,1,16
1781593872,gsm-7,osmo-bsc-594654bd47-qqkm6,1,5
1781593872,gsm-7,osmo-bts-virtual-5f8b9b86fc-qlkms,25,5
1781593872,gsm-7,osmo-hlr-546bdb8988-497nd,1,2
1781593872,gsm-7,osmo-mgw-8c8fc67d6-rfmz7,1,2
1781593872,gsm-7,osmo-mobile-6865667c79-4594t,3,44
1781593872,gsm-7,osmo-stp-768687f494-plxcc,1,2
1781593872,gsm-7,ttcn3-tc-26-8-1-3-3-1-1-msds5,1,9
1781593872,gsm-7,virtphy-6cd7658d46-7mqb9,7,1
1781593872,gsm-8,msc-test-stub-5b875d749d-qjjvd,1,17
1781593872,gsm-8,osmo-bsc-594654bd47-gl8n5,1,5
1781593872,gsm-8,osmo-bts-virtual-5f8b9b86fc-2jhn7,25,5
1781593872,gsm-8,osmo-hlr-546bdb8988-728qc,1,7
1781593872,gsm-8,osmo-mgw-8c8fc67d6-2zf7g,1,5
1781593872,gsm-8,osmo-mobile-7f88cc47b4-fl965,3,42
1781593872,gsm-8,osmo-stp-768687f494-j95b9,1,2
1781593872,gsm-8,ttcn3-tc-34-2-2-1-prvgs,4,18
1781593872,gsm-8,virtphy-86b4bdf559-sq5gd,6,2
1781593872,kube-system,coredns-c4dbffb5f-p9rsr,4,26
1781593872,kube-system,local-path-provisioner-5c4dc5d66d-nfqxz,1,17
1781593872,kube-system,metrics-server-786d997795-hcp2m,11,43
1781593872,kube-system,svclb-traefik-1100f998-kpm9h,0,0
1781593872,kube-system,traefik-9bcdbbd9-qtpjt,1,40
1781593875,gsm-1,msc-test-stub-5b875d749d-dp87n,3,16
1781593875,gsm-1,osmo-bsc-594654bd47-j9mdh,1,5
1781593875,gsm-1,osmo-bts-virtual-5f8b9b86fc-szfjb,27,5
1781593875,gsm-1,osmo-hlr-546bdb8988-d4r6r,1,2
1781593875,gsm-1,osmo-mgw-8c8fc67d6-txwl8,1,2
1781593875,gsm-1,osmo-mobile-947867b85-d9gvn,4,36
1781593875,gsm-1,osmo-stp-768687f494-mgj9x,1,2
1781593875,gsm-1,ttcn3-tc-26-6-1-1-1-rx2fd,1,6
1781593875,gsm-1,virtphy-858665df6d-4fmrz,7,1
1781593875,gsm-2,msc-test-stub-5b875d749d-thf6z,2,16
1781593875,gsm-2,osmo-bsc-594654bd47-hhlp9,1,5
1781593875,gsm-2,osmo-bts-virtual-5f8b9b86fc-rjnc6,25,5
1781593875,gsm-2,osmo-hlr-546bdb8988-9h84c,1,2
1781593875,gsm-2,osmo-mgw-8c8fc67d6-lhmxh,1,2
1781593875,gsm-2,osmo-mobile-6b5b79f646-nqjb8,3,33
1781593875,gsm-2,osmo-stp-768687f494-hf2mq,1,2
1781593875,gsm-2,ttcn3-tc-26-6-2-1-1-1-9rxf9,4,6
1781593875,gsm-2,virtphy-6458f9f999-7h52n,7,1
1781593875,gsm-3,msc-test-stub-5b875d749d-85ttv,2,16
1781593875,gsm-3,osmo-bsc-594654bd47-4gxcf,1,5
1781593875,gsm-3,osmo-bts-virtual-5f8b9b86fc-wfr4m,27,5
1781593875,gsm-3,osmo-hlr-546bdb8988-fzbfh,1,2
1781593875,gsm-3,osmo-mgw-8c8fc67d6-hfrjx,1,2
1781593875,gsm-3,osmo-mobile-856799fbbc-b2lmx,4,33
1781593875,gsm-3,osmo-stp-768687f494-sr7gg,1,2
1781593875,gsm-3,ttcn3-tc-26-6-8-2-1-hzqbr,6,6
1781593875,gsm-3,virtphy-7c75c79c86-svx7p,6,1
1781593875,gsm-4,msc-test-stub-5b875d749d-tqp6x,2,16
1781593875,gsm-4,osmo-bsc-594654bd47-675ng,1,5
1781593875,gsm-4,osmo-bts-virtual-5f8b9b86fc-nhcwb,24,5
1781593875,gsm-4,osmo-hlr-546bdb8988-r7vdz,1,2
1781593875,gsm-4,osmo-mgw-8c8fc67d6-r4jrz,1,2
1781593875,gsm-4,osmo-mobile-74f4b9d576-kj84s,3,33
1781593875,gsm-4,osmo-stp-768687f494-n6vz9,1,2
1781593875,gsm-4,ttcn3-tc-26-7-2-1-1-c5gw7,1,9
1781593875,gsm-4,virtphy-7cb5464db9-qzrgq,7,1
1781593875,gsm-5,msc-test-stub-5b875d749d-fnfg5,1,16
1781593875,gsm-5,osmo-bsc-594654bd47-xbxld,1,5
1781593875,gsm-5,osmo-bts-virtual-5f8b9b86fc-pd9t7,25,5
1781593875,gsm-5,osmo-hlr-546bdb8988-wb5xr,1,2
1781593875,gsm-5,osmo-mgw-8c8fc67d6-fxp8q,1,2
1781593875,gsm-5,osmo-mobile-59d8d55bb5-vv6bg,3,33
1781593875,gsm-5,osmo-stp-768687f494-nhnn6,1,2
1781593875,gsm-5,ttcn3-tc-26-7-4-1-1-kjjfz,1,12
1781593875,gsm-5,virtphy-b55647b48-h2vqw,6,1
1781593875,gsm-6,msc-test-stub-5b875d749d-8vkzh,2,16
1781593875,gsm-6,osmo-bsc-594654bd47-hsh8v,1,5
1781593875,gsm-6,osmo-bts-virtual-5f8b9b86fc-fktnj,26,5
1781593875,gsm-6,osmo-hlr-546bdb8988-2vkjl,1,2
1781593875,gsm-6,osmo-mgw-8c8fc67d6-wd4pb,1,2
1781593875,gsm-6,osmo-mobile-7b8d4df666-lrms9,3,36
1781593875,gsm-6,osmo-stp-768687f494-9smpc,1,2
1781593875,gsm-6,ttcn3-tc-26-8-1-2-1-1-1-p7b4n,1,6
1781593875,gsm-6,virtphy-65fcd75d7-sfg7g,6,1
1781593875,gsm-7,msc-test-stub-5b875d749d-khnpx,1,16
1781593875,gsm-7,osmo-bsc-594654bd47-qqkm6,1,5
1781593875,gsm-7,osmo-bts-virtual-5f8b9b86fc-qlkms,25,5
1781593875,gsm-7,osmo-hlr-546bdb8988-497nd,1,2
1781593875,gsm-7,osmo-mgw-8c8fc67d6-rfmz7,1,2
1781593875,gsm-7,osmo-mobile-6865667c79-4594t,3,44
1781593875,gsm-7,osmo-stp-768687f494-plxcc,1,2
1781593875,gsm-7,ttcn3-tc-26-8-1-3-3-1-1-msds5,1,9
1781593875,gsm-7,virtphy-6cd7658d46-7mqb9,7,1
1781593875,gsm-8,msc-test-stub-5b875d749d-qjjvd,1,17
1781593875,gsm-8,osmo-bsc-594654bd47-gl8n5,1,5
1781593875,gsm-8,osmo-bts-virtual-5f8b9b86fc-2jhn7,25,5
1781593875,gsm-8,osmo-hlr-546bdb8988-728qc,1,7
1781593875,gsm-8,osmo-mgw-8c8fc67d6-2zf7g,1,5
1781593875,gsm-8,osmo-mobile-7f88cc47b4-fl965,3,42
1781593875,gsm-8,osmo-stp-768687f494-j95b9,1,2
1781593875,gsm-8,ttcn3-tc-34-2-2-1-prvgs,4,18
1781593875,gsm-8,virtphy-86b4bdf559-sq5gd,6,2
1781593875,kube-system,coredns-c4dbffb5f-p9rsr,4,26
1781593875,kube-system,local-path-provisioner-5c4dc5d66d-nfqxz,1,17
1781593875,kube-system,metrics-server-786d997795-hcp2m,11,43
1781593875,kube-system,svclb-traefik-1100f998-kpm9h,0,0
1781593875,kube-system,traefik-9bcdbbd9-qtpjt,1,40
1781593877,gsm-1,msc-test-stub-5b875d749d-dp87n,3,16
1781593877,gsm-1,osmo-bsc-594654bd47-j9mdh,1,5
1781593877,gsm-1,osmo-bts-virtual-5f8b9b86fc-szfjb,27,5
1781593877,gsm-1,osmo-hlr-546bdb8988-d4r6r,1,2
1781593877,gsm-1,osmo-mgw-8c8fc67d6-txwl8,1,2
1781593877,gsm-1,osmo-mobile-947867b85-d9gvn,4,36
1781593877,gsm-1,osmo-stp-768687f494-mgj9x,1,2
1781593877,gsm-1,ttcn3-tc-26-6-1-1-1-rx2fd,1,6
1781593877,gsm-1,virtphy-858665df6d-4fmrz,7,1
1781593877,gsm-2,msc-test-stub-5b875d749d-thf6z,2,16
1781593877,gsm-2,osmo-bsc-594654bd47-hhlp9,1,5
1781593877,gsm-2,osmo-bts-virtual-5f8b9b86fc-rjnc6,25,5
1781593877,gsm-2,osmo-hlr-546bdb8988-9h84c,1,2
1781593877,gsm-2,osmo-mgw-8c8fc67d6-lhmxh,1,2
1781593877,gsm-2,osmo-mobile-6b5b79f646-nqjb8,3,33
1781593877,gsm-2,osmo-stp-768687f494-hf2mq,1,2
1781593877,gsm-2,ttcn3-tc-26-6-2-1-1-1-9rxf9,4,6
1781593877,gsm-2,virtphy-6458f9f999-7h52n,7,1
1781593877,gsm-3,msc-test-stub-5b875d749d-85ttv,2,16
1781593877,gsm-3,osmo-bsc-594654bd47-4gxcf,1,5
1781593877,gsm-3,osmo-bts-virtual-5f8b9b86fc-wfr4m,27,5
1781593877,gsm-3,osmo-hlr-546bdb8988-fzbfh,1,2
1781593877,gsm-3,osmo-mgw-8c8fc67d6-hfrjx,1,2
1781593877,gsm-3,osmo-mobile-856799fbbc-b2lmx,4,33
1781593877,gsm-3,osmo-stp-768687f494-sr7gg,1,2
1781593877,gsm-3,ttcn3-tc-26-6-8-2-1-hzqbr,6,6
1781593877,gsm-3,virtphy-7c75c79c86-svx7p,6,1
1781593877,gsm-4,msc-test-stub-5b875d749d-tqp6x,2,16
1781593877,gsm-4,osmo-bsc-594654bd47-675ng,1,5
1781593877,gsm-4,osmo-bts-virtual-5f8b9b86fc-nhcwb,24,5
1781593877,gsm-4,osmo-hlr-546bdb8988-r7vdz,1,2
1781593877,gsm-4,osmo-mgw-8c8fc67d6-r4jrz,1,2
1781593877,gsm-4,osmo-mobile-74f4b9d576-kj84s,3,33
1781593877,gsm-4,osmo-stp-768687f494-n6vz9,1,2
1781593877,gsm-4,ttcn3-tc-26-7-2-1-1-c5gw7,1,9
1781593877,gsm-4,virtphy-7cb5464db9-qzrgq,7,1
1781593877,gsm-5,msc-test-stub-5b875d749d-fnfg5,1,16
1781593877,gsm-5,osmo-bsc-594654bd47-xbxld,1,5
1781593877,gsm-5,osmo-bts-virtual-5f8b9b86fc-pd9t7,25,5
1781593877,gsm-5,osmo-hlr-546bdb8988-wb5xr,1,2
1781593877,gsm-5,osmo-mgw-8c8fc67d6-fxp8q,1,2
1781593877,gsm-5,osmo-mobile-59d8d55bb5-vv6bg,3,33
1781593877,gsm-5,osmo-stp-768687f494-nhnn6,1,2
1781593877,gsm-5,ttcn3-tc-26-7-4-1-1-kjjfz,1,12
1781593877,gsm-5,virtphy-b55647b48-h2vqw,6,1
1781593877,gsm-6,msc-test-stub-5b875d749d-8vkzh,2,16
1781593877,gsm-6,osmo-bsc-594654bd47-hsh8v,1,5
1781593877,gsm-6,osmo-bts-virtual-5f8b9b86fc-fktnj,26,5
1781593877,gsm-6,osmo-hlr-546bdb8988-2vkjl,1,2
1781593877,gsm-6,osmo-mgw-8c8fc67d6-wd4pb,1,2
1781593877,gsm-6,osmo-mobile-7b8d4df666-lrms9,3,36
1781593877,gsm-6,osmo-stp-768687f494-9smpc,1,2
1781593877,gsm-6,ttcn3-tc-26-8-1-2-1-1-1-p7b4n,1,6
1781593877,gsm-6,virtphy-65fcd75d7-sfg7g,6,1
1781593877,gsm-7,msc-test-stub-5b875d749d-khnpx,1,16
1781593877,gsm-7,osmo-bsc-594654bd47-qqkm6,1,5
1781593877,gsm-7,osmo-bts-virtual-5f8b9b86fc-qlkms,25,5
1781593877,gsm-7,osmo-hlr-546bdb8988-497nd,1,2
1781593877,gsm-7,osmo-mgw-8c8fc67d6-rfmz7,1,2
1781593877,gsm-7,osmo-mobile-6865667c79-4594t,3,44
1781593877,gsm-7,osmo-stp-768687f494-plxcc,1,2
1781593877,gsm-7,ttcn3-tc-26-8-1-3-3-1-1-msds5,1,9
1781593877,gsm-7,virtphy-6cd7658d46-7mqb9,7,1
1781593877,gsm-8,msc-test-stub-5b875d749d-qjjvd,1,17
1781593877,gsm-8,osmo-bsc-594654bd47-gl8n5,1,5
1781593877,gsm-8,osmo-bts-virtual-5f8b9b86fc-2jhn7,25,5
1781593877,gsm-8,osmo-hlr-546bdb8988-728qc,1,7
1781593877,gsm-8,osmo-mgw-8c8fc67d6-2zf7g,1,5
1781593877,gsm-8,osmo-mobile-7f88cc47b4-fl965,3,42
1781593877,gsm-8,osmo-stp-768687f494-j95b9,1,2
1781593877,gsm-8,ttcn3-tc-34-2-2-1-prvgs,4,18
1781593877,gsm-8,virtphy-86b4bdf559-sq5gd,6,2
1781593877,kube-system,coredns-c4dbffb5f-p9rsr,4,26
1781593877,kube-system,local-path-provisioner-5c4dc5d66d-nfqxz,1,17
1781593877,kube-system,metrics-server-786d997795-hcp2m,11,43
1781593877,kube-system,svclb-traefik-1100f998-kpm9h,0,0
1781593877,kube-system,traefik-9bcdbbd9-qtpjt,1,40
1781593880,gsm-1,msc-test-stub-5b875d749d-dp87n,3,16
1781593880,gsm-1,osmo-bsc-594654bd47-j9mdh,1,5
1781593880,gsm-1,osmo-bts-virtual-5f8b9b86fc-szfjb,27,5
1781593880,gsm-1,osmo-hlr-546bdb8988-d4r6r,1,2
1781593880,gsm-1,osmo-mgw-8c8fc67d6-txwl8,1,2
1781593880,gsm-1,osmo-mobile-947867b85-d9gvn,4,36
1781593880,gsm-1,osmo-stp-768687f494-mgj9x,1,2
1781593880,gsm-1,ttcn3-tc-26-6-1-1-1-rx2fd,1,6
1781593880,gsm-1,virtphy-858665df6d-4fmrz,7,1
1781593880,gsm-2,msc-test-stub-5b875d749d-thf6z,2,16
1781593880,gsm-2,osmo-bsc-594654bd47-hhlp9,1,5
1781593880,gsm-2,osmo-bts-virtual-5f8b9b86fc-rjnc6,25,5
1781593880,gsm-2,osmo-hlr-546bdb8988-9h84c,1,2
1781593880,gsm-2,osmo-mgw-8c8fc67d6-lhmxh,1,2
1781593880,gsm-2,osmo-mobile-6b5b79f646-nqjb8,3,33
1781593880,gsm-2,osmo-stp-768687f494-hf2mq,1,2
1781593880,gsm-2,ttcn3-tc-26-6-2-1-1-1-9rxf9,4,6
1781593880,gsm-2,virtphy-6458f9f999-7h52n,7,1
1781593880,gsm-3,msc-test-stub-5b875d749d-85ttv,2,16
1781593880,gsm-3,osmo-bsc-594654bd47-4gxcf,1,5
1781593880,gsm-3,osmo-bts-virtual-5f8b9b86fc-wfr4m,27,5
1781593880,gsm-3,osmo-hlr-546bdb8988-fzbfh,1,2
1781593880,gsm-3,osmo-mgw-8c8fc67d6-hfrjx,1,2
1781593880,gsm-3,osmo-mobile-856799fbbc-b2lmx,4,33
1781593880,gsm-3,osmo-stp-768687f494-sr7gg,1,2
1781593880,gsm-3,ttcn3-tc-26-6-8-2-1-hzqbr,6,6
1781593880,gsm-3,virtphy-7c75c79c86-svx7p,6,1
1781593880,gsm-4,msc-test-stub-5b875d749d-tqp6x,2,16
1781593880,gsm-4,osmo-bsc-594654bd47-675ng,1,5
1781593880,gsm-4,osmo-bts-virtual-5f8b9b86fc-nhcwb,24,5
1781593880,gsm-4,osmo-hlr-546bdb8988-r7vdz,1,2
1781593880,gsm-4,osmo-mgw-8c8fc67d6-r4jrz,1,2
1781593880,gsm-4,osmo-mobile-74f4b9d576-kj84s,3,33
1781593880,gsm-4,osmo-stp-768687f494-n6vz9,1,2
1781593880,gsm-4,ttcn3-tc-26-7-2-1-1-c5gw7,1,9
1781593880,gsm-4,virtphy-7cb5464db9-qzrgq,7,1
1781593880,gsm-5,msc-test-stub-5b875d749d-fnfg5,1,16
1781593880,gsm-5,osmo-bsc-594654bd47-xbxld,1,5
1781593880,gsm-5,osmo-bts-virtual-5f8b9b86fc-pd9t7,25,5
1781593880,gsm-5,osmo-hlr-546bdb8988-wb5xr,1,2
1781593880,gsm-5,osmo-mgw-8c8fc67d6-fxp8q,1,2
1781593880,gsm-5,osmo-mobile-59d8d55bb5-vv6bg,3,33
1781593880,gsm-5,osmo-stp-768687f494-nhnn6,1,2
1781593880,gsm-5,ttcn3-tc-26-7-4-1-1-kjjfz,1,12
1781593880,gsm-5,virtphy-b55647b48-h2vqw,6,1
1781593880,gsm-6,msc-test-stub-5b875d749d-8vkzh,2,16
1781593880,gsm-6,osmo-bsc-594654bd47-hsh8v,1,5
1781593880,gsm-6,osmo-bts-virtual-5f8b9b86fc-fktnj,26,5
1781593880,gsm-6,osmo-hlr-546bdb8988-2vkjl,1,2
1781593880,gsm-6,osmo-mgw-8c8fc67d6-wd4pb,1,2
1781593880,gsm-6,osmo-mobile-7b8d4df666-lrms9,3,36
1781593880,gsm-6,osmo-stp-768687f494-9smpc,1,2
1781593880,gsm-6,ttcn3-tc-26-8-1-2-1-1-1-p7b4n,1,6
1781593880,gsm-6,virtphy-65fcd75d7-sfg7g,6,1
1781593880,gsm-7,msc-test-stub-5b875d749d-khnpx,1,16
1781593880,gsm-7,osmo-bsc-594654bd47-qqkm6,1,5
1781593880,gsm-7,osmo-bts-virtual-5f8b9b86fc-qlkms,25,5
1781593880,gsm-7,osmo-hlr-546bdb8988-497nd,1,2
1781593880,gsm-7,osmo-mgw-8c8fc67d6-rfmz7,1,2
1781593880,gsm-7,osmo-mobile-6865667c79-4594t,3,44
1781593880,gsm-7,osmo-stp-768687f494-plxcc,1,2
1781593880,gsm-7,ttcn3-tc-26-8-1-3-3-1-1-msds5,1,9
1781593880,gsm-7,virtphy-6cd7658d46-7mqb9,7,1
1781593880,gsm-8,msc-test-stub-5b875d749d-qjjvd,1,17
1781593880,gsm-8,osmo-bsc-594654bd47-gl8n5,1,5
1781593880,gsm-8,osmo-bts-virtual-5f8b9b86fc-2jhn7,25,5
1781593880,gsm-8,osmo-hlr-546bdb8988-728qc,1,7
1781593880,gsm-8,osmo-mgw-8c8fc67d6-2zf7g,1,5
1781593880,gsm-8,osmo-mobile-7f88cc47b4-fl965,3,42
1781593880,gsm-8,osmo-stp-768687f494-j95b9,1,2
1781593880,gsm-8,ttcn3-tc-34-2-2-1-prvgs,4,18
1781593880,gsm-8,virtphy-86b4bdf559-sq5gd,6,2
1781593880,kube-system,coredns-c4dbffb5f-p9rsr,4,26
1781593880,kube-system,local-path-provisioner-5c4dc5d66d-nfqxz,1,17
1781593880,kube-system,metrics-server-786d997795-hcp2m,11,43
1781593880,kube-system,svclb-traefik-1100f998-kpm9h,0,0
1781593880,kube-system,traefik-9bcdbbd9-qtpjt,1,40
1781593882,gsm-1,msc-test-stub-5b875d749d-dp87n,3,16
1781593882,gsm-1,osmo-bsc-594654bd47-j9mdh,1,5
1781593882,gsm-1,osmo-bts-virtual-5f8b9b86fc-szfjb,27,5
1781593882,gsm-1,osmo-hlr-546bdb8988-d4r6r,1,2
1781593882,gsm-1,osmo-mgw-8c8fc67d6-txwl8,1,2
1781593882,gsm-1,osmo-mobile-947867b85-d9gvn,4,36
1781593882,gsm-1,osmo-stp-768687f494-mgj9x,1,2
1781593882,gsm-1,ttcn3-tc-26-6-1-1-1-rx2fd,1,6
1781593882,gsm-1,virtphy-858665df6d-4fmrz,7,1
1781593882,gsm-2,msc-test-stub-5b875d749d-thf6z,2,16
1781593882,gsm-2,osmo-bsc-594654bd47-hhlp9,1,5
1781593882,gsm-2,osmo-bts-virtual-5f8b9b86fc-rjnc6,25,5
1781593882,gsm-2,osmo-hlr-546bdb8988-9h84c,1,2
1781593882,gsm-2,osmo-mgw-8c8fc67d6-lhmxh,1,2
1781593882,gsm-2,osmo-mobile-6b5b79f646-nqjb8,3,33
1781593882,gsm-2,osmo-stp-768687f494-hf2mq,1,2
1781593882,gsm-2,ttcn3-tc-26-6-2-1-1-1-9rxf9,4,6
1781593882,gsm-2,virtphy-6458f9f999-7h52n,7,1
1781593882,gsm-3,msc-test-stub-5b875d749d-85ttv,2,16
1781593882,gsm-3,osmo-bsc-594654bd47-4gxcf,1,5
1781593882,gsm-3,osmo-bts-virtual-5f8b9b86fc-wfr4m,27,5
1781593882,gsm-3,osmo-hlr-546bdb8988-fzbfh,1,2
1781593882,gsm-3,osmo-mgw-8c8fc67d6-hfrjx,1,2
1781593882,gsm-3,osmo-mobile-856799fbbc-b2lmx,4,33
1781593882,gsm-3,osmo-stp-768687f494-sr7gg,1,2
1781593882,gsm-3,ttcn3-tc-26-6-8-2-1-hzqbr,6,6
1781593882,gsm-3,virtphy-7c75c79c86-svx7p,6,1
1781593882,gsm-4,msc-test-stub-5b875d749d-tqp6x,2,16
1781593882,gsm-4,osmo-bsc-594654bd47-675ng,1,5
1781593882,gsm-4,osmo-bts-virtual-5f8b9b86fc-nhcwb,24,5
1781593882,gsm-4,osmo-hlr-546bdb8988-r7vdz,1,2
1781593882,gsm-4,osmo-mgw-8c8fc67d6-r4jrz,1,2
1781593882,gsm-4,osmo-mobile-74f4b9d576-kj84s,3,33
1781593882,gsm-4,osmo-stp-768687f494-n6vz9,1,2
1781593882,gsm-4,ttcn3-tc-26-7-2-1-1-c5gw7,1,9
1781593882,gsm-4,virtphy-7cb5464db9-qzrgq,7,1
1781593882,gsm-5,msc-test-stub-5b875d749d-fnfg5,1,16
1781593882,gsm-5,osmo-bsc-594654bd47-xbxld,1,5
1781593882,gsm-5,osmo-bts-virtual-5f8b9b86fc-pd9t7,25,5
1781593882,gsm-5,osmo-hlr-546bdb8988-wb5xr,1,2
1781593882,gsm-5,osmo-mgw-8c8fc67d6-fxp8q,1,2
1781593882,gsm-5,osmo-mobile-59d8d55bb5-vv6bg,3,33
1781593882,gsm-5,osmo-stp-768687f494-nhnn6,1,2
1781593882,gsm-5,ttcn3-tc-26-7-4-1-1-kjjfz,1,12
1781593882,gsm-5,virtphy-b55647b48-h2vqw,6,1
1781593882,gsm-6,msc-test-stub-5b875d749d-8vkzh,2,16
1781593882,gsm-6,osmo-bsc-594654bd47-hsh8v,1,5
1781593882,gsm-6,osmo-bts-virtual-5f8b9b86fc-fktnj,26,5
1781593882,gsm-6,osmo-hlr-546bdb8988-2vkjl,1,2
1781593882,gsm-6,osmo-mgw-8c8fc67d6-wd4pb,1,2
1781593882,gsm-6,osmo-mobile-7b8d4df666-lrms9,3,36
1781593882,gsm-6,osmo-stp-768687f494-9smpc,1,2
1781593882,gsm-6,ttcn3-tc-26-8-1-2-1-1-1-p7b4n,1,6
1781593882,gsm-6,virtphy-65fcd75d7-sfg7g,6,1
1781593882,gsm-7,msc-test-stub-5b875d749d-khnpx,1,16
1781593882,gsm-7,osmo-bsc-594654bd47-qqkm6,1,5
1781593882,gsm-7,osmo-bts-virtual-5f8b9b86fc-qlkms,25,5
1781593882,gsm-7,osmo-hlr-546bdb8988-497nd,1,2
1781593882,gsm-7,osmo-mgw-8c8fc67d6-rfmz7,1,2
1781593882,gsm-7,osmo-mobile-6865667c79-4594t,3,44
1781593882,gsm-7,osmo-stp-768687f494-plxcc,1,2
1781593882,gsm-7,ttcn3-tc-26-8-1-3-3-1-1-msds5,1,9
1781593882,gsm-7,virtphy-6cd7658d46-7mqb9,7,1
1781593882,gsm-8,msc-test-stub-5b875d749d-qjjvd,1,17
1781593882,gsm-8,osmo-bsc-594654bd47-gl8n5,1,5
1781593882,gsm-8,osmo-bts-virtual-5f8b9b86fc-2jhn7,25,5
1781593882,gsm-8,osmo-hlr-546bdb8988-728qc,1,7
1781593882,gsm-8,osmo-mgw-8c8fc67d6-2zf7g,1,5
1781593882,gsm-8,osmo-mobile-7f88cc47b4-fl965,3,42
1781593882,gsm-8,osmo-stp-768687f494-j95b9,1,2
1781593882,gsm-8,ttcn3-tc-34-2-2-1-prvgs,4,18
1781593882,gsm-8,virtphy-86b4bdf559-sq5gd,6,2
1781593882,kube-system,coredns-c4dbffb5f-p9rsr,4,26
1781593882,kube-system,local-path-provisioner-5c4dc5d66d-nfqxz,1,17
1781593882,kube-system,metrics-server-786d997795-hcp2m,11,43
1781593882,kube-system,svclb-traefik-1100f998-kpm9h,0,0
1781593882,kube-system,traefik-9bcdbbd9-qtpjt,1,40
1781593884,gsm-1,msc-test-stub-5b875d749d-dp87n,3,16
1781593884,gsm-1,osmo-bsc-594654bd47-j9mdh,1,5
1781593884,gsm-1,osmo-bts-virtual-5f8b9b86fc-szfjb,27,5
1781593884,gsm-1,osmo-hlr-546bdb8988-d4r6r,1,2
1781593884,gsm-1,osmo-mgw-8c8fc67d6-txwl8,1,2
1781593884,gsm-1,osmo-mobile-947867b85-d9gvn,4,36
1781593884,gsm-1,osmo-stp-768687f494-mgj9x,1,2
1781593884,gsm-1,ttcn3-tc-26-6-1-1-1-rx2fd,1,6
1781593884,gsm-1,virtphy-858665df6d-4fmrz,7,1
1781593884,gsm-2,msc-test-stub-5b875d749d-thf6z,2,16
1781593884,gsm-2,osmo-bsc-594654bd47-hhlp9,1,5
1781593884,gsm-2,osmo-bts-virtual-5f8b9b86fc-rjnc6,25,5
1781593884,gsm-2,osmo-hlr-546bdb8988-9h84c,1,2
1781593884,gsm-2,osmo-mgw-8c8fc67d6-lhmxh,1,2
1781593884,gsm-2,osmo-mobile-6b5b79f646-nqjb8,3,33
1781593884,gsm-2,osmo-stp-768687f494-hf2mq,1,2
1781593884,gsm-2,ttcn3-tc-26-6-2-1-1-1-9rxf9,4,6
1781593884,gsm-2,virtphy-6458f9f999-7h52n,7,1
1781593884,gsm-3,msc-test-stub-5b875d749d-85ttv,2,16
1781593884,gsm-3,osmo-bsc-594654bd47-4gxcf,1,5
1781593884,gsm-3,osmo-bts-virtual-5f8b9b86fc-wfr4m,27,5
1781593884,gsm-3,osmo-hlr-546bdb8988-fzbfh,1,2
1781593884,gsm-3,osmo-mgw-8c8fc67d6-hfrjx,1,2
1781593884,gsm-3,osmo-mobile-856799fbbc-b2lmx,4,33
1781593884,gsm-3,osmo-stp-768687f494-sr7gg,1,2
1781593884,gsm-3,ttcn3-tc-26-6-8-2-1-hzqbr,6,6
1781593884,gsm-3,virtphy-7c75c79c86-svx7p,6,1
1781593884,gsm-4,msc-test-stub-5b875d749d-tqp6x,2,16
1781593884,gsm-4,osmo-bsc-594654bd47-675ng,1,5
1781593884,gsm-4,osmo-bts-virtual-5f8b9b86fc-nhcwb,24,5
1781593884,gsm-4,osmo-hlr-546bdb8988-r7vdz,1,2
1781593884,gsm-4,osmo-mgw-8c8fc67d6-r4jrz,1,2
1781593884,gsm-4,osmo-mobile-74f4b9d576-kj84s,3,33
1781593884,gsm-4,osmo-stp-768687f494-n6vz9,1,2
1781593884,gsm-4,ttcn3-tc-26-7-2-1-1-c5gw7,1,9
1781593884,gsm-4,virtphy-7cb5464db9-qzrgq,7,1
1781593884,gsm-5,msc-test-stub-5b875d749d-fnfg5,1,16
1781593884,gsm-5,osmo-bsc-594654bd47-xbxld,1,5
1781593884,gsm-5,osmo-bts-virtual-5f8b9b86fc-pd9t7,25,5
1781593884,gsm-5,osmo-hlr-546bdb8988-wb5xr,1,2
1781593884,gsm-5,osmo-mgw-8c8fc67d6-fxp8q,1,2
1781593884,gsm-5,osmo-mobile-59d8d55bb5-vv6bg,3,33
1781593884,gsm-5,osmo-stp-768687f494-nhnn6,1,2
1781593884,gsm-5,ttcn3-tc-26-7-4-1-1-kjjfz,1,12
1781593884,gsm-5,virtphy-b55647b48-h2vqw,6,1
1781593884,gsm-6,msc-test-stub-5b875d749d-8vkzh,2,16
1781593884,gsm-6,osmo-bsc-594654bd47-hsh8v,1,5
1781593884,gsm-6,osmo-bts-virtual-5f8b9b86fc-fktnj,26,5
1781593884,gsm-6,osmo-hlr-546bdb8988-2vkjl,1,2
1781593884,gsm-6,osmo-mgw-8c8fc67d6-wd4pb,1,2
1781593884,gsm-6,osmo-mobile-7b8d4df666-lrms9,3,36
1781593884,gsm-6,osmo-stp-768687f494-9smpc,1,2
1781593884,gsm-6,ttcn3-tc-26-8-1-2-1-1-1-p7b4n,1,6
1781593884,gsm-6,virtphy-65fcd75d7-sfg7g,6,1
1781593884,gsm-7,msc-test-stub-5b875d749d-khnpx,1,16
1781593884,gsm-7,osmo-bsc-594654bd47-qqkm6,1,5
1781593884,gsm-7,osmo-bts-virtual-5f8b9b86fc-qlkms,25,5
1781593884,gsm-7,osmo-hlr-546bdb8988-497nd,1,2
1781593884,gsm-7,osmo-mgw-8c8fc67d6-rfmz7,1,2
1781593884,gsm-7,osmo-mobile-6865667c79-4594t,3,44
1781593884,gsm-7,osmo-stp-768687f494-plxcc,1,2
1781593884,gsm-7,ttcn3-tc-26-8-1-3-3-1-1-msds5,1,9
1781593884,gsm-7,virtphy-6cd7658d46-7mqb9,7,1
1781593884,gsm-8,msc-test-stub-5b875d749d-qjjvd,1,17
1781593884,gsm-8,osmo-bsc-594654bd47-gl8n5,1,5
1781593884,gsm-8,osmo-bts-virtual-5f8b9b86fc-2jhn7,25,5
1781593884,gsm-8,osmo-hlr-546bdb8988-728qc,1,7
1781593884,gsm-8,osmo-mgw-8c8fc67d6-2zf7g,1,5
1781593884,gsm-8,osmo-mobile-7f88cc47b4-fl965,3,42
1781593884,gsm-8,osmo-stp-768687f494-j95b9,1,2
1781593884,gsm-8,ttcn3-tc-34-2-2-1-prvgs,4,18
1781593884,gsm-8,virtphy-86b4bdf559-sq5gd,6,2
1781593884,kube-system,coredns-c4dbffb5f-p9rsr,4,26
1781593884,kube-system,local-path-provisioner-5c4dc5d66d-nfqxz,1,17
1781593884,kube-system,metrics-server-786d997795-hcp2m,11,43
1781593884,kube-system,svclb-traefik-1100f998-kpm9h,0,0
1781593884,kube-system,traefik-9bcdbbd9-qtpjt,1,40
1781593886,gsm-1,msc-test-stub-5b875d749d-dp87n,3,16
1781593886,gsm-1,osmo-bsc-594654bd47-j9mdh,1,5
1781593886,gsm-1,osmo-bts-virtual-5f8b9b86fc-szfjb,27,5
1781593886,gsm-1,osmo-hlr-546bdb8988-d4r6r,1,2
1781593886,gsm-1,osmo-mgw-8c8fc67d6-txwl8,1,2
1781593886,gsm-1,osmo-mobile-947867b85-d9gvn,4,36
1781593886,gsm-1,osmo-stp-768687f494-mgj9x,1,2
1781593886,gsm-1,ttcn3-tc-26-6-1-1-1-rx2fd,1,6
1781593886,gsm-1,virtphy-858665df6d-4fmrz,7,1
1781593886,gsm-2,msc-test-stub-5b875d749d-thf6z,2,16
1781593886,gsm-2,osmo-bsc-594654bd47-hhlp9,1,5
1781593886,gsm-2,osmo-bts-virtual-5f8b9b86fc-rjnc6,25,5
1781593886,gsm-2,osmo-hlr-546bdb8988-9h84c,1,2
1781593886,gsm-2,osmo-mgw-8c8fc67d6-lhmxh,1,2
1781593886,gsm-2,osmo-mobile-6b5b79f646-nqjb8,3,33
1781593886,gsm-2,osmo-stp-768687f494-hf2mq,1,2
1781593886,gsm-2,ttcn3-tc-26-6-2-1-1-1-9rxf9,4,6
1781593886,gsm-2,virtphy-6458f9f999-7h52n,7,1
1781593886,gsm-3,msc-test-stub-5b875d749d-85ttv,2,16
1781593886,gsm-3,osmo-bsc-594654bd47-4gxcf,1,5
1781593886,gsm-3,osmo-bts-virtual-5f8b9b86fc-wfr4m,27,5
1781593886,gsm-3,osmo-hlr-546bdb8988-fzbfh,1,2
1781593886,gsm-3,osmo-mgw-8c8fc67d6-hfrjx,1,2
1781593886,gsm-3,osmo-mobile-856799fbbc-b2lmx,4,33
1781593886,gsm-3,osmo-stp-768687f494-sr7gg,1,2
1781593886,gsm-3,ttcn3-tc-26-6-8-2-1-hzqbr,6,6
1781593886,gsm-3,virtphy-7c75c79c86-svx7p,6,1
1781593886,gsm-4,msc-test-stub-5b875d749d-tqp6x,2,16
1781593886,gsm-4,osmo-bsc-594654bd47-675ng,1,5
1781593886,gsm-4,osmo-bts-virtual-5f8b9b86fc-nhcwb,24,5
1781593886,gsm-4,osmo-hlr-546bdb8988-r7vdz,1,2
1781593886,gsm-4,osmo-mgw-8c8fc67d6-r4jrz,1,2
1781593886,gsm-4,osmo-mobile-74f4b9d576-kj84s,3,33
1781593886,gsm-4,osmo-stp-768687f494-n6vz9,1,2
1781593886,gsm-4,ttcn3-tc-26-7-2-1-1-c5gw7,1,9
1781593886,gsm-4,virtphy-7cb5464db9-qzrgq,7,1
1781593886,gsm-5,msc-test-stub-5b875d749d-fnfg5,1,16
1781593886,gsm-5,osmo-bsc-594654bd47-xbxld,1,5
1781593886,gsm-5,osmo-bts-virtual-5f8b9b86fc-pd9t7,25,5
1781593886,gsm-5,osmo-hlr-546bdb8988-wb5xr,1,2
1781593886,gsm-5,osmo-mgw-8c8fc67d6-fxp8q,1,2
1781593886,gsm-5,osmo-mobile-59d8d55bb5-vv6bg,3,33
1781593886,gsm-5,osmo-stp-768687f494-nhnn6,1,2
1781593886,gsm-5,ttcn3-tc-26-7-4-1-1-kjjfz,1,12
1781593886,gsm-5,virtphy-b55647b48-h2vqw,6,1
1781593886,gsm-6,msc-test-stub-5b875d749d-8vkzh,2,16
1781593886,gsm-6,osmo-bsc-594654bd47-hsh8v,1,5
1781593886,gsm-6,osmo-bts-virtual-5f8b9b86fc-fktnj,26,5
1781593886,gsm-6,osmo-hlr-546bdb8988-2vkjl,1,2
1781593886,gsm-6,osmo-mgw-8c8fc67d6-wd4pb,1,2
1781593886,gsm-6,osmo-mobile-7b8d4df666-lrms9,3,36
1781593886,gsm-6,osmo-stp-768687f494-9smpc,1,2
1781593886,gsm-6,ttcn3-tc-26-8-1-2-1-1-1-p7b4n,1,6
1781593886,gsm-6,virtphy-65fcd75d7-sfg7g,6,1
1781593886,gsm-7,msc-test-stub-5b875d749d-khnpx,1,16
1781593886,gsm-7,osmo-bsc-594654bd47-qqkm6,1,5
1781593886,gsm-7,osmo-bts-virtual-5f8b9b86fc-qlkms,25,5
1781593886,gsm-7,osmo-hlr-546bdb8988-497nd,1,2
1781593886,gsm-7,osmo-mgw-8c8fc67d6-rfmz7,1,2
1781593886,gsm-7,osmo-mobile-6865667c79-4594t,3,44
1781593886,gsm-7,osmo-stp-768687f494-plxcc,1,2
1781593886,gsm-7,ttcn3-tc-26-8-1-3-3-1-1-msds5,1,9
1781593886,gsm-7,virtphy-6cd7658d46-7mqb9,7,1
1781593886,gsm-8,msc-test-stub-5b875d749d-qjjvd,1,17
1781593886,gsm-8,osmo-bsc-594654bd47-gl8n5,1,5
1781593886,gsm-8,osmo-bts-virtual-5f8b9b86fc-2jhn7,25,5
1781593886,gsm-8,osmo-hlr-546bdb8988-728qc,1,7
1781593886,gsm-8,osmo-mgw-8c8fc67d6-2zf7g,1,5
1781593886,gsm-8,osmo-mobile-7f88cc47b4-fl965,3,42
1781593886,gsm-8,osmo-stp-768687f494-j95b9,1,2
1781593886,gsm-8,ttcn3-tc-34-2-2-1-prvgs,4,18
1781593886,gsm-8,virtphy-86b4bdf559-sq5gd,6,2
1781593886,kube-system,coredns-c4dbffb5f-p9rsr,4,26
1781593886,kube-system,local-path-provisioner-5c4dc5d66d-nfqxz,1,17
1781593886,kube-system,metrics-server-786d997795-hcp2m,11,43
1781593886,kube-system,svclb-traefik-1100f998-kpm9h,0,0
1781593886,kube-system,traefik-9bcdbbd9-qtpjt,1,40
1781593888,gsm-1,msc-test-stub-5b875d749d-dp87n,1,16
1781593888,gsm-1,osmo-bsc-594654bd47-j9mdh,1,5
1781593888,gsm-1,osmo-bts-virtual-5f8b9b86fc-szfjb,27,5
1781593888,gsm-1,osmo-hlr-546bdb8988-d4r6r,1,2
1781593888,gsm-1,osmo-mgw-8c8fc67d6-txwl8,1,2
1781593888,gsm-1,osmo-mobile-947867b85-d9gvn,3,36
1781593888,gsm-1,osmo-stp-768687f494-mgj9x,1,2
1781593888,gsm-1,ttcn3-tc-26-6-1-1-1-rx2fd,1,6
1781593888,gsm-1,virtphy-858665df6d-4fmrz,7,1
1781593888,gsm-2,msc-test-stub-5b875d749d-thf6z,1,16
1781593888,gsm-2,osmo-bsc-594654bd47-hhlp9,1,5
1781593888,gsm-2,osmo-bts-virtual-5f8b9b86fc-rjnc6,25,5
1781593888,gsm-2,osmo-hlr-546bdb8988-9h84c,1,2
1781593888,gsm-2,osmo-mgw-8c8fc67d6-lhmxh,1,2
1781593888,gsm-2,osmo-mobile-6b5b79f646-nqjb8,2,33
1781593888,gsm-2,osmo-stp-768687f494-hf2mq,1,2
1781593888,gsm-2,ttcn3-tc-26-6-2-1-1-1-9rxf9,1,6
1781593888,gsm-2,virtphy-6458f9f999-7h52n,6,1
1781593888,gsm-3,msc-test-stub-5b875d749d-85ttv,1,16
1781593888,gsm-3,osmo-bsc-594654bd47-4gxcf,1,5
1781593888,gsm-3,osmo-bts-virtual-5f8b9b86fc-wfr4m,27,5
1781593888,gsm-3,osmo-hlr-546bdb8988-fzbfh,1,2
1781593888,gsm-3,osmo-mgw-8c8fc67d6-hfrjx,1,2
1781593888,gsm-3,osmo-mobile-856799fbbc-b2lmx,3,33
1781593888,gsm-3,osmo-stp-768687f494-sr7gg,1,2
1781593888,gsm-3,ttcn3-tc-26-6-8-2-1-hzqbr,6,6
1781593888,gsm-3,virtphy-7c75c79c86-svx7p,6,1
1781593888,gsm-4,msc-test-stub-5b875d749d-tqp6x,1,16
1781593888,gsm-4,osmo-bsc-594654bd47-675ng,1,5
1781593888,gsm-4,osmo-bts-virtual-5f8b9b86fc-nhcwb,26,5
1781593888,gsm-4,osmo-hlr-546bdb8988-r7vdz,1,2
1781593888,gsm-4,osmo-mgw-8c8fc67d6-r4jrz,1,2
1781593888,gsm-4,osmo-mobile-74f4b9d576-kj84s,3,33
1781593888,gsm-4,osmo-stp-768687f494-n6vz9,1,2
1781593888,gsm-4,ttcn3-tc-26-7-2-1-1-c5gw7,1,9
1781593888,gsm-4,virtphy-7cb5464db9-qzrgq,7,1
1781593888,gsm-5,msc-test-stub-5b875d749d-fnfg5,1,16
1781593888,gsm-5,osmo-bsc-594654bd47-xbxld,1,5
1781593888,gsm-5,osmo-bts-virtual-5f8b9b86fc-pd9t7,26,5
1781593888,gsm-5,osmo-hlr-546bdb8988-wb5xr,1,2
1781593888,gsm-5,osmo-mgw-8c8fc67d6-fxp8q,1,2
1781593888,gsm-5,osmo-mobile-59d8d55bb5-vv6bg,3,33
1781593888,gsm-5,osmo-stp-768687f494-nhnn6,1,2
1781593888,gsm-5,ttcn3-tc-26-7-4-1-1-kjjfz,1,12
1781593888,gsm-5,virtphy-b55647b48-h2vqw,7,1
1781593888,gsm-6,msc-test-stub-5b875d749d-8vkzh,1,16
1781593888,gsm-6,osmo-bsc-594654bd47-hsh8v,1,5
1781593888,gsm-6,osmo-bts-virtual-5f8b9b86fc-fktnj,27,5
1781593888,gsm-6,osmo-hlr-546bdb8988-2vkjl,1,2
1781593888,gsm-6,osmo-mgw-8c8fc67d6-wd4pb,1,2
1781593888,gsm-6,osmo-mobile-7b8d4df666-lrms9,2,36
1781593888,gsm-6,osmo-stp-768687f494-9smpc,1,2
1781593888,gsm-6,ttcn3-tc-26-8-1-2-1-1-1-p7b4n,1,6
1781593888,gsm-6,virtphy-65fcd75d7-sfg7g,6,1
1781593888,gsm-7,msc-test-stub-5b875d749d-khnpx,1,16
1781593888,gsm-7,osmo-bsc-594654bd47-qqkm6,1,5
1781593888,gsm-7,osmo-bts-virtual-5f8b9b86fc-qlkms,26,5
1781593888,gsm-7,osmo-hlr-546bdb8988-497nd,1,2
1781593888,gsm-7,osmo-mgw-8c8fc67d6-rfmz7,1,2
1781593888,gsm-7,osmo-mobile-6865667c79-4594t,2,44
1781593888,gsm-7,osmo-stp-768687f494-plxcc,1,2
1781593888,gsm-7,ttcn3-tc-26-8-1-3-3-1-1-msds5,1,9
1781593888,gsm-7,virtphy-6cd7658d46-7mqb9,6,1
1781593888,gsm-8,msc-test-stub-5b875d749d-qjjvd,1,17
1781593888,gsm-8,osmo-bsc-594654bd47-gl8n5,1,5
1781593888,gsm-8,osmo-bts-virtual-5f8b9b86fc-2jhn7,25,5
1781593888,gsm-8,osmo-hlr-546bdb8988-728qc,1,7
1781593888,gsm-8,osmo-mgw-8c8fc67d6-2zf7g,1,5
1781593888,gsm-8,osmo-mobile-7f88cc47b4-fl965,2,42
1781593888,gsm-8,osmo-stp-768687f494-j95b9,1,2
1781593888,gsm-8,ttcn3-tc-34-2-2-1-prvgs,1,18
1781593888,gsm-8,virtphy-86b4bdf559-sq5gd,6,2
1781593888,kube-system,coredns-c4dbffb5f-p9rsr,2,26
1781593888,kube-system,local-path-provisioner-5c4dc5d66d-nfqxz,1,17
1781593888,kube-system,metrics-server-786d997795-hcp2m,12,44
1781593888,kube-system,svclb-traefik-1100f998-kpm9h,0,0
1781593888,kube-system,traefik-9bcdbbd9-qtpjt,1,40
1781593891,gsm-1,msc-test-stub-5b875d749d-dp87n,1,16
1781593891,gsm-1,osmo-bsc-594654bd47-j9mdh,1,5
1781593891,gsm-1,osmo-bts-virtual-5f8b9b86fc-szfjb,27,5
1781593891,gsm-1,osmo-hlr-546bdb8988-d4r6r,1,2
1781593891,gsm-1,osmo-mgw-8c8fc67d6-txwl8,1,2
1781593891,gsm-1,osmo-mobile-947867b85-d9gvn,3,36
1781593891,gsm-1,osmo-stp-768687f494-mgj9x,1,2
1781593891,gsm-1,ttcn3-tc-26-6-1-1-1-rx2fd,1,6
1781593891,gsm-1,virtphy-858665df6d-4fmrz,7,1
1781593891,gsm-2,msc-test-stub-5b875d749d-thf6z,1,16
1781593891,gsm-2,osmo-bsc-594654bd47-hhlp9,1,5
1781593891,gsm-2,osmo-bts-virtual-5f8b9b86fc-rjnc6,25,5
1781593891,gsm-2,osmo-hlr-546bdb8988-9h84c,1,2
1781593891,gsm-2,osmo-mgw-8c8fc67d6-lhmxh,1,2
1781593891,gsm-2,osmo-mobile-6b5b79f646-nqjb8,2,33
1781593891,gsm-2,osmo-stp-768687f494-hf2mq,1,2
1781593891,gsm-2,ttcn3-tc-26-6-2-1-1-1-9rxf9,1,6
1781593891,gsm-2,virtphy-6458f9f999-7h52n,6,1
1781593891,gsm-3,msc-test-stub-5b875d749d-85ttv,1,16
1781593891,gsm-3,osmo-bsc-594654bd47-4gxcf,1,5
1781593891,gsm-3,osmo-bts-virtual-5f8b9b86fc-wfr4m,27,5
1781593891,gsm-3,osmo-hlr-546bdb8988-fzbfh,1,2
1781593891,gsm-3,osmo-mgw-8c8fc67d6-hfrjx,1,2
1781593891,gsm-3,osmo-mobile-856799fbbc-b2lmx,3,33
1781593891,gsm-3,osmo-stp-768687f494-sr7gg,1,2
1781593891,gsm-3,ttcn3-tc-26-6-8-2-1-hzqbr,6,6
1781593891,gsm-3,virtphy-7c75c79c86-svx7p,6,1
1781593891,gsm-4,msc-test-stub-5b875d749d-tqp6x,1,16
1781593891,gsm-4,osmo-bsc-594654bd47-675ng,1,5
1781593891,gsm-4,osmo-bts-virtual-5f8b9b86fc-nhcwb,26,5
1781593891,gsm-4,osmo-hlr-546bdb8988-r7vdz,1,2
1781593891,gsm-4,osmo-mgw-8c8fc67d6-r4jrz,1,2
1781593891,gsm-4,osmo-mobile-74f4b9d576-kj84s,3,33
1781593891,gsm-4,osmo-stp-768687f494-n6vz9,1,2
1781593891,gsm-4,ttcn3-tc-26-7-2-1-1-c5gw7,1,9
1781593891,gsm-4,virtphy-7cb5464db9-qzrgq,7,1
1781593891,gsm-5,msc-test-stub-5b875d749d-fnfg5,1,16
1781593891,gsm-5,osmo-bsc-594654bd47-xbxld,1,5
1781593891,gsm-5,osmo-bts-virtual-5f8b9b86fc-pd9t7,26,5
1781593891,gsm-5,osmo-hlr-546bdb8988-wb5xr,1,2
1781593891,gsm-5,osmo-mgw-8c8fc67d6-fxp8q,1,2
1781593891,gsm-5,osmo-mobile-59d8d55bb5-vv6bg,3,33
1781593891,gsm-5,osmo-stp-768687f494-nhnn6,1,2
1781593891,gsm-5,ttcn3-tc-26-7-4-1-1-kjjfz,1,12
1781593891,gsm-5,virtphy-b55647b48-h2vqw,7,1
1781593891,gsm-6,msc-test-stub-5b875d749d-8vkzh,1,16
1781593891,gsm-6,osmo-bsc-594654bd47-hsh8v,1,5
1781593891,gsm-6,osmo-bts-virtual-5f8b9b86fc-fktnj,27,5
1781593891,gsm-6,osmo-hlr-546bdb8988-2vkjl,1,2
1781593891,gsm-6,osmo-mgw-8c8fc67d6-wd4pb,1,2
1781593891,gsm-6,osmo-mobile-7b8d4df666-lrms9,2,36
1781593891,gsm-6,osmo-stp-768687f494-9smpc,1,2
1781593891,gsm-6,ttcn3-tc-26-8-1-2-1-1-1-p7b4n,1,6
1781593891,gsm-6,virtphy-65fcd75d7-sfg7g,6,1
1781593891,gsm-7,msc-test-stub-5b875d749d-khnpx,1,16
1781593891,gsm-7,osmo-bsc-594654bd47-qqkm6,1,5
1781593891,gsm-7,osmo-bts-virtual-5f8b9b86fc-qlkms,26,5
1781593891,gsm-7,osmo-hlr-546bdb8988-497nd,1,2
1781593891,gsm-7,osmo-mgw-8c8fc67d6-rfmz7,1,2
1781593891,gsm-7,osmo-mobile-6865667c79-4594t,2,44
1781593891,gsm-7,osmo-stp-768687f494-plxcc,1,2
1781593891,gsm-7,ttcn3-tc-26-8-1-3-3-1-1-msds5,1,9
1781593891,gsm-7,virtphy-6cd7658d46-7mqb9,6,1
1781593891,gsm-8,msc-test-stub-5b875d749d-qjjvd,1,17
1781593891,gsm-8,osmo-bsc-594654bd47-gl8n5,1,5
1781593891,gsm-8,osmo-bts-virtual-5f8b9b86fc-2jhn7,25,5
1781593891,gsm-8,osmo-hlr-546bdb8988-728qc,1,7
1781593891,gsm-8,osmo-mgw-8c8fc67d6-2zf7g,1,5
1781593891,gsm-8,osmo-mobile-7f88cc47b4-fl965,2,42
1781593891,gsm-8,osmo-stp-768687f494-j95b9,1,2
1781593891,gsm-8,ttcn3-tc-34-2-2-1-prvgs,1,18
1781593891,gsm-8,virtphy-86b4bdf559-sq5gd,6,2
1781593891,kube-system,coredns-c4dbffb5f-p9rsr,2,26
1781593891,kube-system,local-path-provisioner-5c4dc5d66d-nfqxz,1,17
1781593891,kube-system,metrics-server-786d997795-hcp2m,12,44
1781593891,kube-system,svclb-traefik-1100f998-kpm9h,0,0
1781593891,kube-system,traefik-9bcdbbd9-qtpjt,1,40
1781593893,gsm-1,msc-test-stub-5b875d749d-dp87n,1,16
1781593893,gsm-1,osmo-bsc-594654bd47-j9mdh,1,5
1781593893,gsm-1,osmo-bts-virtual-5f8b9b86fc-szfjb,27,5
1781593893,gsm-1,osmo-hlr-546bdb8988-d4r6r,1,2
1781593893,gsm-1,osmo-mgw-8c8fc67d6-txwl8,1,2
1781593893,gsm-1,osmo-mobile-947867b85-d9gvn,3,36
1781593893,gsm-1,osmo-stp-768687f494-mgj9x,1,2
1781593893,gsm-1,ttcn3-tc-26-6-1-1-1-rx2fd,1,6
1781593893,gsm-1,virtphy-858665df6d-4fmrz,7,1
1781593893,gsm-2,msc-test-stub-5b875d749d-thf6z,1,16
1781593893,gsm-2,osmo-bsc-594654bd47-hhlp9,1,5
1781593893,gsm-2,osmo-bts-virtual-5f8b9b86fc-rjnc6,25,5
1781593893,gsm-2,osmo-hlr-546bdb8988-9h84c,1,2
1781593893,gsm-2,osmo-mgw-8c8fc67d6-lhmxh,1,2
1781593893,gsm-2,osmo-mobile-6b5b79f646-nqjb8,2,33
1781593893,gsm-2,osmo-stp-768687f494-hf2mq,1,2
1781593893,gsm-2,ttcn3-tc-26-6-2-1-1-1-9rxf9,1,6
1781593893,gsm-2,virtphy-6458f9f999-7h52n,6,1
1781593893,gsm-3,msc-test-stub-5b875d749d-85ttv,1,16
1781593893,gsm-3,osmo-bsc-594654bd47-4gxcf,1,5
1781593893,gsm-3,osmo-bts-virtual-5f8b9b86fc-wfr4m,27,5
1781593893,gsm-3,osmo-hlr-546bdb8988-fzbfh,1,2
1781593893,gsm-3,osmo-mgw-8c8fc67d6-hfrjx,1,2
1781593893,gsm-3,osmo-mobile-856799fbbc-b2lmx,3,33
1781593893,gsm-3,osmo-stp-768687f494-sr7gg,1,2
1781593893,gsm-3,ttcn3-tc-26-6-8-2-1-hzqbr,6,6
1781593893,gsm-3,virtphy-7c75c79c86-svx7p,6,1
1781593893,gsm-4,msc-test-stub-5b875d749d-tqp6x,1,16
1781593893,gsm-4,osmo-bsc-594654bd47-675ng,1,5
1781593893,gsm-4,osmo-bts-virtual-5f8b9b86fc-nhcwb,26,5
1781593893,gsm-4,osmo-hlr-546bdb8988-r7vdz,1,2
1781593893,gsm-4,osmo-mgw-8c8fc67d6-r4jrz,1,2
1781593893,gsm-4,osmo-mobile-74f4b9d576-kj84s,3,33
1781593893,gsm-4,osmo-stp-768687f494-n6vz9,1,2
1781593893,gsm-4,ttcn3-tc-26-7-2-1-1-c5gw7,1,9
1781593893,gsm-4,virtphy-7cb5464db9-qzrgq,7,1
1781593893,gsm-5,msc-test-stub-5b875d749d-fnfg5,1,16
1781593893,gsm-5,osmo-bsc-594654bd47-xbxld,1,5
1781593893,gsm-5,osmo-bts-virtual-5f8b9b86fc-pd9t7,26,5
1781593893,gsm-5,osmo-hlr-546bdb8988-wb5xr,1,2
1781593893,gsm-5,osmo-mgw-8c8fc67d6-fxp8q,1,2
1781593893,gsm-5,osmo-mobile-59d8d55bb5-vv6bg,3,33
1781593893,gsm-5,osmo-stp-768687f494-nhnn6,1,2
1781593893,gsm-5,ttcn3-tc-26-7-4-1-1-kjjfz,1,12
1781593893,gsm-5,virtphy-b55647b48-h2vqw,7,1
1781593893,gsm-6,msc-test-stub-5b875d749d-8vkzh,1,16
1781593893,gsm-6,osmo-bsc-594654bd47-hsh8v,1,5
1781593893,gsm-6,osmo-bts-virtual-5f8b9b86fc-fktnj,27,5
1781593893,gsm-6,osmo-hlr-546bdb8988-2vkjl,1,2
1781593893,gsm-6,osmo-mgw-8c8fc67d6-wd4pb,1,2
1781593893,gsm-6,osmo-mobile-7b8d4df666-lrms9,2,36
1781593893,gsm-6,osmo-stp-768687f494-9smpc,1,2
1781593893,gsm-6,ttcn3-tc-26-8-1-2-1-1-1-p7b4n,1,6
1781593893,gsm-6,virtphy-65fcd75d7-sfg7g,6,1
1781593893,gsm-7,msc-test-stub-5b875d749d-khnpx,1,16
1781593893,gsm-7,osmo-bsc-594654bd47-qqkm6,1,5
1781593893,gsm-7,osmo-bts-virtual-5f8b9b86fc-qlkms,26,5
1781593893,gsm-7,osmo-hlr-546bdb8988-497nd,1,2
1781593893,gsm-7,osmo-mgw-8c8fc67d6-rfmz7,1,2
1781593893,gsm-7,osmo-mobile-6865667c79-4594t,2,44
1781593893,gsm-7,osmo-stp-768687f494-plxcc,1,2
1781593893,gsm-7,ttcn3-tc-26-8-1-3-3-1-1-msds5,1,9
1781593893,gsm-7,virtphy-6cd7658d46-7mqb9,6,1
1781593893,gsm-8,msc-test-stub-5b875d749d-qjjvd,1,17
1781593893,gsm-8,osmo-bsc-594654bd47-gl8n5,1,5
1781593893,gsm-8,osmo-bts-virtual-5f8b9b86fc-2jhn7,25,5
1781593893,gsm-8,osmo-hlr-546bdb8988-728qc,1,7
1781593893,gsm-8,osmo-mgw-8c8fc67d6-2zf7g,1,5
1781593893,gsm-8,osmo-mobile-7f88cc47b4-fl965,2,42
1781593893,gsm-8,osmo-stp-768687f494-j95b9,1,2
1781593893,gsm-8,ttcn3-tc-34-2-2-1-prvgs,1,18
1781593893,gsm-8,virtphy-86b4bdf559-sq5gd,6,2
1781593893,kube-system,coredns-c4dbffb5f-p9rsr,2,26
1781593893,kube-system,local-path-provisioner-5c4dc5d66d-nfqxz,1,17
1781593893,kube-system,metrics-server-786d997795-hcp2m,12,44
1781593893,kube-system,svclb-traefik-1100f998-kpm9h,0,0
1781593893,kube-system,traefik-9bcdbbd9-qtpjt,1,40
1781593895,gsm-1,msc-test-stub-5b875d749d-dp87n,1,16
1781593895,gsm-1,osmo-bsc-594654bd47-j9mdh,1,5
1781593895,gsm-1,osmo-bts-virtual-5f8b9b86fc-szfjb,27,5
1781593895,gsm-1,osmo-hlr-546bdb8988-d4r6r,1,2
1781593895,gsm-1,osmo-mgw-8c8fc67d6-txwl8,1,2
1781593895,gsm-1,osmo-mobile-947867b85-d9gvn,3,36
1781593895,gsm-1,osmo-stp-768687f494-mgj9x,1,2
1781593895,gsm-1,ttcn3-tc-26-6-1-1-1-rx2fd,1,6
1781593895,gsm-1,virtphy-858665df6d-4fmrz,7,1
1781593895,gsm-2,msc-test-stub-5b875d749d-thf6z,1,16
1781593895,gsm-2,osmo-bsc-594654bd47-hhlp9,1,5
1781593895,gsm-2,osmo-bts-virtual-5f8b9b86fc-rjnc6,25,5
1781593895,gsm-2,osmo-hlr-546bdb8988-9h84c,1,2
1781593895,gsm-2,osmo-mgw-8c8fc67d6-lhmxh,1,2
1781593895,gsm-2,osmo-mobile-6b5b79f646-nqjb8,2,33
1781593895,gsm-2,osmo-stp-768687f494-hf2mq,1,2
1781593895,gsm-2,ttcn3-tc-26-6-2-1-1-1-9rxf9,1,6
1781593895,gsm-2,virtphy-6458f9f999-7h52n,6,1
1781593895,gsm-3,msc-test-stub-5b875d749d-85ttv,1,16
1781593895,gsm-3,osmo-bsc-594654bd47-4gxcf,1,5
1781593895,gsm-3,osmo-bts-virtual-5f8b9b86fc-wfr4m,27,5
1781593895,gsm-3,osmo-hlr-546bdb8988-fzbfh,1,2
1781593895,gsm-3,osmo-mgw-8c8fc67d6-hfrjx,1,2
1781593895,gsm-3,osmo-mobile-856799fbbc-b2lmx,3,33
1781593895,gsm-3,osmo-stp-768687f494-sr7gg,1,2
1781593895,gsm-3,ttcn3-tc-26-6-8-2-1-hzqbr,6,6
1781593895,gsm-3,virtphy-7c75c79c86-svx7p,6,1
1781593895,gsm-4,msc-test-stub-5b875d749d-tqp6x,1,16
1781593895,gsm-4,osmo-bsc-594654bd47-675ng,1,5
1781593895,gsm-4,osmo-bts-virtual-5f8b9b86fc-nhcwb,26,5
1781593895,gsm-4,osmo-hlr-546bdb8988-r7vdz,1,2
1781593895,gsm-4,osmo-mgw-8c8fc67d6-r4jrz,1,2
1781593895,gsm-4,osmo-mobile-74f4b9d576-kj84s,3,33
1781593895,gsm-4,osmo-stp-768687f494-n6vz9,1,2
1781593895,gsm-4,ttcn3-tc-26-7-2-1-1-c5gw7,1,9
1781593895,gsm-4,virtphy-7cb5464db9-qzrgq,7,1
1781593895,gsm-5,msc-test-stub-5b875d749d-fnfg5,1,16
1781593895,gsm-5,osmo-bsc-594654bd47-xbxld,1,5
1781593895,gsm-5,osmo-bts-virtual-5f8b9b86fc-pd9t7,26,5
1781593895,gsm-5,osmo-hlr-546bdb8988-wb5xr,1,2
1781593895,gsm-5,osmo-mgw-8c8fc67d6-fxp8q,1,2
1781593895,gsm-5,osmo-mobile-59d8d55bb5-vv6bg,3,33
1781593895,gsm-5,osmo-stp-768687f494-nhnn6,1,2
1781593895,gsm-5,ttcn3-tc-26-7-4-1-1-kjjfz,1,12
1781593895,gsm-5,virtphy-b55647b48-h2vqw,7,1
1781593895,gsm-6,msc-test-stub-5b875d749d-8vkzh,1,16
1781593895,gsm-6,osmo-bsc-594654bd47-hsh8v,1,5
1781593895,gsm-6,osmo-bts-virtual-5f8b9b86fc-fktnj,27,5
1781593895,gsm-6,osmo-hlr-546bdb8988-2vkjl,1,2
1781593895,gsm-6,osmo-mgw-8c8fc67d6-wd4pb,1,2
1781593895,gsm-6,osmo-mobile-7b8d4df666-lrms9,2,36
1781593895,gsm-6,osmo-stp-768687f494-9smpc,1,2
1781593895,gsm-6,ttcn3-tc-26-8-1-2-1-1-1-p7b4n,1,6
1781593895,gsm-6,virtphy-65fcd75d7-sfg7g,6,1
1781593895,gsm-7,msc-test-stub-5b875d749d-khnpx,1,16
1781593895,gsm-7,osmo-bsc-594654bd47-qqkm6,1,5
1781593895,gsm-7,osmo-bts-virtual-5f8b9b86fc-qlkms,26,5
1781593895,gsm-7,osmo-hlr-546bdb8988-497nd,1,2
1781593895,gsm-7,osmo-mgw-8c8fc67d6-rfmz7,1,2
1781593895,gsm-7,osmo-mobile-6865667c79-4594t,2,44
1781593895,gsm-7,osmo-stp-768687f494-plxcc,1,2
1781593895,gsm-7,ttcn3-tc-26-8-1-3-3-1-1-msds5,1,9
1781593895,gsm-7,virtphy-6cd7658d46-7mqb9,6,1
1781593895,gsm-8,msc-test-stub-5b875d749d-qjjvd,1,17
1781593895,gsm-8,osmo-bsc-594654bd47-gl8n5,1,5
1781593895,gsm-8,osmo-bts-virtual-5f8b9b86fc-2jhn7,25,5
1781593895,gsm-8,osmo-hlr-546bdb8988-728qc,1,7
1781593895,gsm-8,osmo-mgw-8c8fc67d6-2zf7g,1,5
1781593895,gsm-8,osmo-mobile-7f88cc47b4-fl965,2,42
1781593895,gsm-8,osmo-stp-768687f494-j95b9,1,2
1781593895,gsm-8,ttcn3-tc-34-2-2-1-prvgs,1,18
1781593895,gsm-8,virtphy-86b4bdf559-sq5gd,6,2
1781593895,kube-system,coredns-c4dbffb5f-p9rsr,2,26
1781593895,kube-system,local-path-provisioner-5c4dc5d66d-nfqxz,1,17
1781593895,kube-system,metrics-server-786d997795-hcp2m,12,44
1781593895,kube-system,svclb-traefik-1100f998-kpm9h,0,0
1781593895,kube-system,traefik-9bcdbbd9-qtpjt,1,40
1781593897,gsm-1,msc-test-stub-5b875d749d-dp87n,1,16
1781593897,gsm-1,osmo-bsc-594654bd47-j9mdh,1,5
1781593897,gsm-1,osmo-bts-virtual-5f8b9b86fc-szfjb,27,5
1781593897,gsm-1,osmo-hlr-546bdb8988-d4r6r,1,2
1781593897,gsm-1,osmo-mgw-8c8fc67d6-txwl8,1,2
1781593897,gsm-1,osmo-mobile-947867b85-d9gvn,3,36
1781593897,gsm-1,osmo-stp-768687f494-mgj9x,1,2
1781593897,gsm-1,ttcn3-tc-26-6-1-1-1-rx2fd,1,6
1781593897,gsm-1,virtphy-858665df6d-4fmrz,7,1
1781593897,gsm-2,msc-test-stub-5b875d749d-thf6z,1,16
1781593897,gsm-2,osmo-bsc-594654bd47-hhlp9,1,5
1781593897,gsm-2,osmo-bts-virtual-5f8b9b86fc-rjnc6,25,5
1781593897,gsm-2,osmo-hlr-546bdb8988-9h84c,1,2
1781593897,gsm-2,osmo-mgw-8c8fc67d6-lhmxh,1,2
1781593897,gsm-2,osmo-mobile-6b5b79f646-nqjb8,2,33
1781593897,gsm-2,osmo-stp-768687f494-hf2mq,1,2
1781593897,gsm-2,ttcn3-tc-26-6-2-1-1-1-9rxf9,1,6
1781593897,gsm-2,virtphy-6458f9f999-7h52n,6,1
1781593897,gsm-3,msc-test-stub-5b875d749d-85ttv,1,16
1781593897,gsm-3,osmo-bsc-594654bd47-4gxcf,1,5
1781593897,gsm-3,osmo-bts-virtual-5f8b9b86fc-wfr4m,27,5
1781593897,gsm-3,osmo-hlr-546bdb8988-fzbfh,1,2
1781593897,gsm-3,osmo-mgw-8c8fc67d6-hfrjx,1,2
1781593897,gsm-3,osmo-mobile-856799fbbc-b2lmx,3,33
1781593897,gsm-3,osmo-stp-768687f494-sr7gg,1,2
1781593897,gsm-3,ttcn3-tc-26-6-8-2-1-hzqbr,6,6
1781593897,gsm-3,virtphy-7c75c79c86-svx7p,6,1
1781593897,gsm-4,msc-test-stub-5b875d749d-tqp6x,1,16
1781593897,gsm-4,osmo-bsc-594654bd47-675ng,1,5
1781593897,gsm-4,osmo-bts-virtual-5f8b9b86fc-nhcwb,26,5
1781593897,gsm-4,osmo-hlr-546bdb8988-r7vdz,1,2
1781593897,gsm-4,osmo-mgw-8c8fc67d6-r4jrz,1,2
1781593897,gsm-4,osmo-mobile-74f4b9d576-kj84s,3,33
1781593897,gsm-4,osmo-stp-768687f494-n6vz9,1,2
1781593897,gsm-4,ttcn3-tc-26-7-2-1-1-c5gw7,1,9
1781593897,gsm-4,virtphy-7cb5464db9-qzrgq,7,1
1781593897,gsm-5,msc-test-stub-5b875d749d-fnfg5,1,16
1781593897,gsm-5,osmo-bsc-594654bd47-xbxld,1,5
1781593897,gsm-5,osmo-bts-virtual-5f8b9b86fc-pd9t7,26,5
1781593897,gsm-5,osmo-hlr-546bdb8988-wb5xr,1,2
1781593897,gsm-5,osmo-mgw-8c8fc67d6-fxp8q,1,2
1781593897,gsm-5,osmo-mobile-59d8d55bb5-vv6bg,3,33
1781593897,gsm-5,osmo-stp-768687f494-nhnn6,1,2
1781593897,gsm-5,ttcn3-tc-26-7-4-1-1-kjjfz,1,12
1781593897,gsm-5,virtphy-b55647b48-h2vqw,7,1
1781593897,gsm-6,msc-test-stub-5b875d749d-8vkzh,1,16
1781593897,gsm-6,osmo-bsc-594654bd47-hsh8v,1,5
1781593897,gsm-6,osmo-bts-virtual-5f8b9b86fc-fktnj,27,5
1781593897,gsm-6,osmo-hlr-546bdb8988-2vkjl,1,2
1781593897,gsm-6,osmo-mgw-8c8fc67d6-wd4pb,1,2
1781593897,gsm-6,osmo-mobile-7b8d4df666-lrms9,2,36
1781593897,gsm-6,osmo-stp-768687f494-9smpc,1,2
1781593897,gsm-6,ttcn3-tc-26-8-1-2-1-1-1-p7b4n,1,6
1781593897,gsm-6,virtphy-65fcd75d7-sfg7g,6,1
1781593897,gsm-7,msc-test-stub-5b875d749d-khnpx,1,16
1781593897,gsm-7,osmo-bsc-594654bd47-qqkm6,1,5
1781593897,gsm-7,osmo-bts-virtual-5f8b9b86fc-qlkms,26,5
1781593897,gsm-7,osmo-hlr-546bdb8988-497nd,1,2
1781593897,gsm-7,osmo-mgw-8c8fc67d6-rfmz7,1,2
1781593897,gsm-7,osmo-mobile-6865667c79-4594t,2,44
1781593897,gsm-7,osmo-stp-768687f494-plxcc,1,2
1781593897,gsm-7,ttcn3-tc-26-8-1-3-3-1-1-msds5,1,9
1781593897,gsm-7,virtphy-6cd7658d46-7mqb9,6,1
1781593897,gsm-8,msc-test-stub-5b875d749d-qjjvd,1,17
1781593897,gsm-8,osmo-bsc-594654bd47-gl8n5,1,5
1781593897,gsm-8,osmo-bts-virtual-5f8b9b86fc-2jhn7,25,5
1781593897,gsm-8,osmo-hlr-546bdb8988-728qc,1,7
1781593897,gsm-8,osmo-mgw-8c8fc67d6-2zf7g,1,5
1781593897,gsm-8,osmo-mobile-7f88cc47b4-fl965,2,42
1781593897,gsm-8,osmo-stp-768687f494-j95b9,1,2
1781593897,gsm-8,ttcn3-tc-34-2-2-1-prvgs,1,18
1781593897,gsm-8,virtphy-86b4bdf559-sq5gd,6,2
1781593897,kube-system,coredns-c4dbffb5f-p9rsr,2,26
1781593897,kube-system,local-path-provisioner-5c4dc5d66d-nfqxz,1,17
1781593897,kube-system,metrics-server-786d997795-hcp2m,12,44
1781593897,kube-system,svclb-traefik-1100f998-kpm9h,0,0
1781593897,kube-system,traefik-9bcdbbd9-qtpjt,1,40
1781593900,gsm-1,msc-test-stub-5b875d749d-dp87n,1,16
1781593900,gsm-1,osmo-bsc-594654bd47-j9mdh,1,5
1781593900,gsm-1,osmo-bts-virtual-5f8b9b86fc-szfjb,27,5
1781593900,gsm-1,osmo-hlr-546bdb8988-d4r6r,1,2
1781593900,gsm-1,osmo-mgw-8c8fc67d6-txwl8,1,2
1781593900,gsm-1,osmo-mobile-947867b85-d9gvn,3,36
1781593900,gsm-1,osmo-stp-768687f494-mgj9x,1,2
1781593900,gsm-1,ttcn3-tc-26-6-1-1-1-rx2fd,1,6
1781593900,gsm-1,virtphy-858665df6d-4fmrz,7,1
1781593900,gsm-2,msc-test-stub-5b875d749d-thf6z,1,16
1781593900,gsm-2,osmo-bsc-594654bd47-hhlp9,1,5
1781593900,gsm-2,osmo-bts-virtual-5f8b9b86fc-rjnc6,25,5
1781593900,gsm-2,osmo-hlr-546bdb8988-9h84c,1,2
1781593900,gsm-2,osmo-mgw-8c8fc67d6-lhmxh,1,2
1781593900,gsm-2,osmo-mobile-6b5b79f646-nqjb8,2,33
1781593900,gsm-2,osmo-stp-768687f494-hf2mq,1,2
1781593900,gsm-2,ttcn3-tc-26-6-2-1-1-1-9rxf9,1,6
1781593900,gsm-2,virtphy-6458f9f999-7h52n,6,1
1781593900,gsm-3,msc-test-stub-5b875d749d-85ttv,1,16
1781593900,gsm-3,osmo-bsc-594654bd47-4gxcf,1,5
1781593900,gsm-3,osmo-bts-virtual-5f8b9b86fc-wfr4m,27,5
1781593900,gsm-3,osmo-hlr-546bdb8988-fzbfh,1,2
1781593900,gsm-3,osmo-mgw-8c8fc67d6-hfrjx,1,2
1781593900,gsm-3,osmo-mobile-856799fbbc-b2lmx,3,33
1781593900,gsm-3,osmo-stp-768687f494-sr7gg,1,2
1781593900,gsm-3,ttcn3-tc-26-6-8-2-1-hzqbr,6,6
1781593900,gsm-3,virtphy-7c75c79c86-svx7p,6,1
1781593900,gsm-4,msc-test-stub-5b875d749d-tqp6x,1,16
1781593900,gsm-4,osmo-bsc-594654bd47-675ng,1,5
1781593900,gsm-4,osmo-bts-virtual-5f8b9b86fc-nhcwb,26,5
1781593900,gsm-4,osmo-hlr-546bdb8988-r7vdz,1,2
1781593900,gsm-4,osmo-mgw-8c8fc67d6-r4jrz,1,2
1781593900,gsm-4,osmo-mobile-74f4b9d576-kj84s,3,33
1781593900,gsm-4,osmo-stp-768687f494-n6vz9,1,2
1781593900,gsm-4,ttcn3-tc-26-7-2-1-1-c5gw7,1,9
1781593900,gsm-4,virtphy-7cb5464db9-qzrgq,7,1
1781593900,gsm-5,msc-test-stub-5b875d749d-fnfg5,1,16
1781593900,gsm-5,osmo-bsc-594654bd47-xbxld,1,5
1781593900,gsm-5,osmo-bts-virtual-5f8b9b86fc-pd9t7,26,5
1781593900,gsm-5,osmo-hlr-546bdb8988-wb5xr,1,2
1781593900,gsm-5,osmo-mgw-8c8fc67d6-fxp8q,1,2
1781593900,gsm-5,osmo-mobile-59d8d55bb5-vv6bg,3,33
1781593900,gsm-5,osmo-stp-768687f494-nhnn6,1,2
1781593900,gsm-5,ttcn3-tc-26-7-4-1-1-kjjfz,1,12
1781593900,gsm-5,virtphy-b55647b48-h2vqw,7,1
1781593900,gsm-6,msc-test-stub-5b875d749d-8vkzh,1,16
1781593900,gsm-6,osmo-bsc-594654bd47-hsh8v,1,5
1781593900,gsm-6,osmo-bts-virtual-5f8b9b86fc-fktnj,27,5
1781593900,gsm-6,osmo-hlr-546bdb8988-2vkjl,1,2
1781593900,gsm-6,osmo-mgw-8c8fc67d6-wd4pb,1,2
1781593900,gsm-6,osmo-mobile-7b8d4df666-lrms9,2,36
1781593900,gsm-6,osmo-stp-768687f494-9smpc,1,2
1781593900,gsm-6,ttcn3-tc-26-8-1-2-1-1-1-p7b4n,1,6
1781593900,gsm-6,virtphy-65fcd75d7-sfg7g,6,1
1781593900,gsm-7,msc-test-stub-5b875d749d-khnpx,1,16
1781593900,gsm-7,osmo-bsc-594654bd47-qqkm6,1,5
1781593900,gsm-7,osmo-bts-virtual-5f8b9b86fc-qlkms,26,5
1781593900,gsm-7,osmo-hlr-546bdb8988-497nd,1,2
1781593900,gsm-7,osmo-mgw-8c8fc67d6-rfmz7,1,2
1781593900,gsm-7,osmo-mobile-6865667c79-4594t,2,44
1781593900,gsm-7,osmo-stp-768687f494-plxcc,1,2
1781593900,gsm-7,ttcn3-tc-26-8-1-3-3-1-1-msds5,1,9
1781593900,gsm-7,virtphy-6cd7658d46-7mqb9,6,1
1781593900,gsm-8,msc-test-stub-5b875d749d-qjjvd,1,17
1781593900,gsm-8,osmo-bsc-594654bd47-gl8n5,1,5
1781593900,gsm-8,osmo-bts-virtual-5f8b9b86fc-2jhn7,25,5
1781593900,gsm-8,osmo-hlr-546bdb8988-728qc,1,7
1781593900,gsm-8,osmo-mgw-8c8fc67d6-2zf7g,1,5
1781593900,gsm-8,osmo-mobile-7f88cc47b4-fl965,2,42
1781593900,gsm-8,osmo-stp-768687f494-j95b9,1,2
1781593900,gsm-8,ttcn3-tc-34-2-2-1-prvgs,1,18
1781593900,gsm-8,virtphy-86b4bdf559-sq5gd,6,2
1781593900,kube-system,coredns-c4dbffb5f-p9rsr,2,26
1781593900,kube-system,local-path-provisioner-5c4dc5d66d-nfqxz,1,17
1781593900,kube-system,metrics-server-786d997795-hcp2m,12,44
1781593900,kube-system,svclb-traefik-1100f998-kpm9h,0,0
1781593900,kube-system,traefik-9bcdbbd9-qtpjt,1,40
1781593902,gsm-1,msc-test-stub-5b875d749d-dp87n,1,16
1781593902,gsm-1,osmo-bsc-594654bd47-j9mdh,1,5
1781593902,gsm-1,osmo-bts-virtual-5f8b9b86fc-szfjb,27,5
1781593902,gsm-1,osmo-hlr-546bdb8988-d4r6r,1,2
1781593902,gsm-1,osmo-mgw-8c8fc67d6-txwl8,1,2
1781593902,gsm-1,osmo-mobile-947867b85-d9gvn,3,36
1781593902,gsm-1,osmo-stp-768687f494-mgj9x,1,2
1781593902,gsm-1,ttcn3-tc-26-6-1-1-1-rx2fd,1,6
1781593902,gsm-1,virtphy-858665df6d-4fmrz,7,1
1781593902,gsm-2,msc-test-stub-5b875d749d-thf6z,1,16
1781593902,gsm-2,osmo-bsc-594654bd47-hhlp9,1,5
1781593902,gsm-2,osmo-bts-virtual-5f8b9b86fc-rjnc6,25,5
1781593902,gsm-2,osmo-hlr-546bdb8988-9h84c,1,2
1781593902,gsm-2,osmo-mgw-8c8fc67d6-lhmxh,1,2
1781593902,gsm-2,osmo-mobile-6b5b79f646-nqjb8,2,33
1781593902,gsm-2,osmo-stp-768687f494-hf2mq,1,2
1781593902,gsm-2,ttcn3-tc-26-6-2-1-1-1-9rxf9,1,6
1781593902,gsm-2,virtphy-6458f9f999-7h52n,6,1
1781593902,gsm-3,msc-test-stub-5b875d749d-85ttv,1,16
1781593902,gsm-3,osmo-bsc-594654bd47-4gxcf,1,5
1781593902,gsm-3,osmo-bts-virtual-5f8b9b86fc-wfr4m,27,5
1781593902,gsm-3,osmo-hlr-546bdb8988-fzbfh,1,2
1781593902,gsm-3,osmo-mgw-8c8fc67d6-hfrjx,1,2
1781593902,gsm-3,osmo-mobile-856799fbbc-b2lmx,3,33
1781593902,gsm-3,osmo-stp-768687f494-sr7gg,1,2
1781593902,gsm-3,ttcn3-tc-26-6-8-2-1-hzqbr,6,6
1781593902,gsm-3,virtphy-7c75c79c86-svx7p,6,1
1781593902,gsm-4,msc-test-stub-5b875d749d-tqp6x,1,16
1781593902,gsm-4,osmo-bsc-594654bd47-675ng,1,5
1781593902,gsm-4,osmo-bts-virtual-5f8b9b86fc-nhcwb,26,5
1781593902,gsm-4,osmo-hlr-546bdb8988-r7vdz,1,2
1781593902,gsm-4,osmo-mgw-8c8fc67d6-r4jrz,1,2
1781593902,gsm-4,osmo-mobile-74f4b9d576-kj84s,3,33
1781593902,gsm-4,osmo-stp-768687f494-n6vz9,1,2
1781593902,gsm-4,ttcn3-tc-26-7-2-1-1-c5gw7,1,9
1781593902,gsm-4,virtphy-7cb5464db9-qzrgq,7,1
1781593902,gsm-5,msc-test-stub-5b875d749d-fnfg5,1,16
1781593902,gsm-5,osmo-bsc-594654bd47-xbxld,1,5
1781593902,gsm-5,osmo-bts-virtual-5f8b9b86fc-pd9t7,26,5
1781593902,gsm-5,osmo-hlr-546bdb8988-wb5xr,1,2
1781593902,gsm-5,osmo-mgw-8c8fc67d6-fxp8q,1,2
1781593902,gsm-5,osmo-mobile-59d8d55bb5-vv6bg,3,33
1781593902,gsm-5,osmo-stp-768687f494-nhnn6,1,2
1781593902,gsm-5,ttcn3-tc-26-7-4-1-1-kjjfz,1,12
1781593902,gsm-5,virtphy-b55647b48-h2vqw,7,1
1781593902,gsm-6,msc-test-stub-5b875d749d-8vkzh,1,16
1781593902,gsm-6,osmo-bsc-594654bd47-hsh8v,1,5
1781593902,gsm-6,osmo-bts-virtual-5f8b9b86fc-fktnj,27,5
1781593902,gsm-6,osmo-hlr-546bdb8988-2vkjl,1,2
1781593902,gsm-6,osmo-mgw-8c8fc67d6-wd4pb,1,2
1781593902,gsm-6,osmo-mobile-7b8d4df666-lrms9,2,36
1781593902,gsm-6,osmo-stp-768687f494-9smpc,1,2
1781593902,gsm-6,ttcn3-tc-26-8-1-2-1-1-1-p7b4n,1,6
1781593902,gsm-6,virtphy-65fcd75d7-sfg7g,6,1
1781593902,gsm-7,msc-test-stub-5b875d749d-khnpx,1,16
1781593902,gsm-7,osmo-bsc-594654bd47-qqkm6,1,5
1781593902,gsm-7,osmo-bts-virtual-5f8b9b86fc-qlkms,26,5
1781593902,gsm-7,osmo-hlr-546bdb8988-497nd,1,2
1781593902,gsm-7,osmo-mgw-8c8fc67d6-rfmz7,1,2
1781593902,gsm-7,osmo-mobile-6865667c79-4594t,2,44
1781593902,gsm-7,osmo-stp-768687f494-plxcc,1,2
1781593902,gsm-7,ttcn3-tc-26-8-1-3-3-1-1-msds5,1,9
1781593902,gsm-7,virtphy-6cd7658d46-7mqb9,6,1
1781593902,gsm-8,msc-test-stub-5b875d749d-qjjvd,1,17
1781593902,gsm-8,osmo-bsc-594654bd47-gl8n5,1,5
1781593902,gsm-8,osmo-bts-virtual-5f8b9b86fc-2jhn7,25,5
1781593902,gsm-8,osmo-hlr-546bdb8988-728qc,1,7
1781593902,gsm-8,osmo-mgw-8c8fc67d6-2zf7g,1,5
1781593902,gsm-8,osmo-mobile-7f88cc47b4-fl965,2,42
1781593902,gsm-8,osmo-stp-768687f494-j95b9,1,2
1781593902,gsm-8,ttcn3-tc-34-2-2-1-prvgs,1,18
1781593902,gsm-8,virtphy-86b4bdf559-sq5gd,6,2
1781593902,kube-system,coredns-c4dbffb5f-p9rsr,2,26
1781593902,kube-system,local-path-provisioner-5c4dc5d66d-nfqxz,1,17
1781593902,kube-system,metrics-server-786d997795-hcp2m,12,44
1781593902,kube-system,svclb-traefik-1100f998-kpm9h,0,0
1781593902,kube-system,traefik-9bcdbbd9-qtpjt,1,40
1781593904,gsm-1,msc-test-stub-5b875d749d-dp87n,1,16
1781593904,gsm-1,osmo-bsc-594654bd47-j9mdh,1,5
1781593904,gsm-1,osmo-bts-virtual-5f8b9b86fc-szfjb,27,5
1781593904,gsm-1,osmo-hlr-546bdb8988-d4r6r,1,2
1781593904,gsm-1,osmo-mgw-8c8fc67d6-txwl8,1,2
1781593904,gsm-1,osmo-mobile-947867b85-d9gvn,3,36
1781593904,gsm-1,osmo-stp-768687f494-mgj9x,1,2
1781593904,gsm-1,ttcn3-tc-26-6-1-1-1-rx2fd,1,6
1781593904,gsm-1,virtphy-858665df6d-4fmrz,7,1
1781593904,gsm-2,msc-test-stub-5b875d749d-thf6z,1,16
1781593904,gsm-2,osmo-bsc-594654bd47-hhlp9,1,5
1781593904,gsm-2,osmo-bts-virtual-5f8b9b86fc-rjnc6,27,5
1781593904,gsm-2,osmo-hlr-546bdb8988-9h84c,1,2
1781593904,gsm-2,osmo-mgw-8c8fc67d6-lhmxh,1,2
1781593904,gsm-2,osmo-mobile-6b5b79f646-nqjb8,3,33
1781593904,gsm-2,osmo-stp-768687f494-hf2mq,1,2
1781593904,gsm-2,ttcn3-tc-26-6-2-1-1-1-9rxf9,1,6
1781593904,gsm-2,virtphy-6458f9f999-7h52n,7,1
1781593904,gsm-3,msc-test-stub-5b875d749d-85ttv,1,16
1781593904,gsm-3,osmo-bsc-594654bd47-4gxcf,1,5
1781593904,gsm-3,osmo-bts-virtual-5f8b9b86fc-wfr4m,25,5
1781593904,gsm-3,osmo-hlr-546bdb8988-fzbfh,1,2
1781593904,gsm-3,osmo-mgw-8c8fc67d6-hfrjx,1,2
1781593904,gsm-3,osmo-mobile-856799fbbc-b2lmx,3,33
1781593904,gsm-3,osmo-stp-768687f494-sr7gg,1,2
1781593904,gsm-3,ttcn3-tc-26-6-8-2-1-hzqbr,1,6
1781593904,gsm-3,virtphy-7c75c79c86-svx7p,7,1
1781593904,gsm-4,msc-test-stub-5b875d749d-tqp6x,1,16
1781593904,gsm-4,osmo-bsc-594654bd47-675ng,1,5
1781593904,gsm-4,osmo-bts-virtual-5f8b9b86fc-nhcwb,25,5
1781593904,gsm-4,osmo-hlr-546bdb8988-r7vdz,1,2
1781593904,gsm-4,osmo-mgw-8c8fc67d6-r4jrz,1,2
1781593904,gsm-4,osmo-mobile-74f4b9d576-kj84s,3,33
1781593904,gsm-4,osmo-stp-768687f494-n6vz9,1,2
1781593904,gsm-4,ttcn3-tc-26-7-2-1-1-c5gw7,1,9
1781593904,gsm-4,virtphy-7cb5464db9-qzrgq,6,1
1781593904,gsm-5,msc-test-stub-5b875d749d-fnfg5,1,16
1781593904,gsm-5,osmo-bsc-594654bd47-xbxld,1,5
1781593904,gsm-5,osmo-bts-virtual-5f8b9b86fc-pd9t7,27,5
1781593904,gsm-5,osmo-hlr-546bdb8988-wb5xr,1,2
1781593904,gsm-5,osmo-mgw-8c8fc67d6-fxp8q,1,2
1781593904,gsm-5,osmo-mobile-59d8d55bb5-vv6bg,3,33
1781593904,gsm-5,osmo-stp-768687f494-nhnn6,1,2
1781593904,gsm-5,ttcn3-tc-26-7-4-1-1-kjjfz,1,12
1781593904,gsm-5,virtphy-b55647b48-h2vqw,7,1
1781593904,gsm-6,msc-test-stub-5b875d749d-8vkzh,1,16
1781593904,gsm-6,osmo-bsc-594654bd47-hsh8v,1,5
1781593904,gsm-6,osmo-bts-virtual-5f8b9b86fc-fktnj,27,5
1781593904,gsm-6,osmo-hlr-546bdb8988-2vkjl,1,2
1781593904,gsm-6,osmo-mgw-8c8fc67d6-wd4pb,1,2
1781593904,gsm-6,osmo-mobile-7b8d4df666-lrms9,3,36
1781593904,gsm-6,osmo-stp-768687f494-9smpc,1,2
1781593904,gsm-6,ttcn3-tc-26-8-1-2-1-1-1-p7b4n,1,6
1781593904,gsm-6,virtphy-65fcd75d7-sfg7g,6,1
1781593904,gsm-7,msc-test-stub-5b875d749d-khnpx,1,16
1781593904,gsm-7,osmo-bsc-594654bd47-qqkm6,1,5
1781593904,gsm-7,osmo-bts-virtual-5f8b9b86fc-qlkms,26,5
1781593904,gsm-7,osmo-hlr-546bdb8988-497nd,1,2
1781593904,gsm-7,osmo-mgw-8c8fc67d6-rfmz7,1,2
1781593904,gsm-7,osmo-mobile-6865667c79-4594t,3,44
1781593904,gsm-7,osmo-stp-768687f494-plxcc,1,2
1781593904,gsm-7,ttcn3-tc-26-8-1-3-3-1-1-msds5,1,9
1781593904,gsm-7,virtphy-6cd7658d46-7mqb9,7,1
1781593904,gsm-8,msc-test-stub-5b875d749d-qjjvd,1,17
1781593904,gsm-8,osmo-bsc-594654bd47-gl8n5,1,5
1781593904,gsm-8,osmo-bts-virtual-5f8b9b86fc-2jhn7,25,5
1781593904,gsm-8,osmo-hlr-546bdb8988-728qc,1,7
1781593904,gsm-8,osmo-mgw-8c8fc67d6-2zf7g,1,5
1781593904,gsm-8,osmo-mobile-7f88cc47b4-fl965,2,42
1781593904,gsm-8,osmo-stp-768687f494-j95b9,1,2
1781593904,gsm-8,ttcn3-tc-34-2-2-1-prvgs,1,18
1781593904,gsm-8,virtphy-86b4bdf559-sq5gd,7,2
1781593904,kube-system,coredns-c4dbffb5f-p9rsr,2,26
1781593904,kube-system,local-path-provisioner-5c4dc5d66d-nfqxz,1,17
1781593904,kube-system,metrics-server-786d997795-hcp2m,12,44
1781593904,kube-system,svclb-traefik-1100f998-kpm9h,0,0
1781593904,kube-system,traefik-9bcdbbd9-qtpjt,1,40
1781593907,gsm-1,msc-test-stub-5b875d749d-dp87n,1,16
1781593907,gsm-1,osmo-bsc-594654bd47-j9mdh,1,5
1781593907,gsm-1,osmo-bts-virtual-5f8b9b86fc-szfjb,27,5
1781593907,gsm-1,osmo-hlr-546bdb8988-d4r6r,1,2
1781593907,gsm-1,osmo-mgw-8c8fc67d6-txwl8,1,2
1781593907,gsm-1,osmo-mobile-947867b85-d9gvn,3,36
1781593907,gsm-1,osmo-stp-768687f494-mgj9x,1,2
1781593907,gsm-1,ttcn3-tc-26-6-1-1-1-rx2fd,1,6
1781593907,gsm-1,virtphy-858665df6d-4fmrz,7,1
1781593907,gsm-2,msc-test-stub-5b875d749d-thf6z,1,16
1781593907,gsm-2,osmo-bsc-594654bd47-hhlp9,1,5
1781593907,gsm-2,osmo-bts-virtual-5f8b9b86fc-rjnc6,27,5
1781593907,gsm-2,osmo-hlr-546bdb8988-9h84c,1,2
1781593907,gsm-2,osmo-mgw-8c8fc67d6-lhmxh,1,2
1781593907,gsm-2,osmo-mobile-6b5b79f646-nqjb8,3,33
1781593907,gsm-2,osmo-stp-768687f494-hf2mq,1,2
1781593907,gsm-2,ttcn3-tc-26-6-2-1-1-1-9rxf9,1,6
1781593907,gsm-2,virtphy-6458f9f999-7h52n,7,1
1781593907,gsm-3,msc-test-stub-5b875d749d-85ttv,1,16
1781593907,gsm-3,osmo-bsc-594654bd47-4gxcf,1,5
1781593907,gsm-3,osmo-bts-virtual-5f8b9b86fc-wfr4m,25,5
1781593907,gsm-3,osmo-hlr-546bdb8988-fzbfh,1,2
1781593907,gsm-3,osmo-mgw-8c8fc67d6-hfrjx,1,2
1781593907,gsm-3,osmo-mobile-856799fbbc-b2lmx,3,33
1781593907,gsm-3,osmo-stp-768687f494-sr7gg,1,2
1781593907,gsm-3,ttcn3-tc-26-6-8-2-1-hzqbr,1,6
1781593907,gsm-3,virtphy-7c75c79c86-svx7p,7,1
1781593907,gsm-4,msc-test-stub-5b875d749d-tqp6x,1,16
1781593907,gsm-4,osmo-bsc-594654bd47-675ng,1,5
1781593907,gsm-4,osmo-bts-virtual-5f8b9b86fc-nhcwb,25,5
1781593907,gsm-4,osmo-hlr-546bdb8988-r7vdz,1,2
1781593907,gsm-4,osmo-mgw-8c8fc67d6-r4jrz,1,2
1781593907,gsm-4,osmo-mobile-74f4b9d576-kj84s,3,33
1781593907,gsm-4,osmo-stp-768687f494-n6vz9,1,2
1781593907,gsm-4,ttcn3-tc-26-7-2-1-1-c5gw7,1,9
1781593907,gsm-4,virtphy-7cb5464db9-qzrgq,6,1
1781593907,gsm-5,msc-test-stub-5b875d749d-fnfg5,1,16
1781593907,gsm-5,osmo-bsc-594654bd47-xbxld,1,5
1781593907,gsm-5,osmo-bts-virtual-5f8b9b86fc-pd9t7,27,5
1781593907,gsm-5,osmo-hlr-546bdb8988-wb5xr,1,2
1781593907,gsm-5,osmo-mgw-8c8fc67d6-fxp8q,1,2
1781593907,gsm-5,osmo-mobile-59d8d55bb5-vv6bg,3,33
1781593907,gsm-5,osmo-stp-768687f494-nhnn6,1,2
1781593907,gsm-5,ttcn3-tc-26-7-4-1-1-kjjfz,1,12
1781593907,gsm-5,virtphy-b55647b48-h2vqw,7,1
1781593907,gsm-6,msc-test-stub-5b875d749d-8vkzh,1,16
1781593907,gsm-6,osmo-bsc-594654bd47-hsh8v,1,5
1781593907,gsm-6,osmo-bts-virtual-5f8b9b86fc-fktnj,27,5
1781593907,gsm-6,osmo-hlr-546bdb8988-2vkjl,1,2
1781593907,gsm-6,osmo-mgw-8c8fc67d6-wd4pb,1,2
1781593907,gsm-6,osmo-mobile-7b8d4df666-lrms9,3,36
1781593907,gsm-6,osmo-stp-768687f494-9smpc,1,2
1781593907,gsm-6,ttcn3-tc-26-8-1-2-1-1-1-p7b4n,1,6
1781593907,gsm-6,virtphy-65fcd75d7-sfg7g,6,1
1781593907,gsm-7,msc-test-stub-5b875d749d-khnpx,1,16
1781593907,gsm-7,osmo-bsc-594654bd47-qqkm6,1,5
1781593907,gsm-7,osmo-bts-virtual-5f8b9b86fc-qlkms,26,5
1781593907,gsm-7,osmo-hlr-546bdb8988-497nd,1,2
1781593907,gsm-7,osmo-mgw-8c8fc67d6-rfmz7,1,2
1781593907,gsm-7,osmo-mobile-6865667c79-4594t,3,44
1781593907,gsm-7,osmo-stp-768687f494-plxcc,1,2
1781593907,gsm-7,ttcn3-tc-26-8-1-3-3-1-1-msds5,1,9
1781593907,gsm-7,virtphy-6cd7658d46-7mqb9,7,1
1781593907,gsm-8,msc-test-stub-5b875d749d-qjjvd,1,17
1781593907,gsm-8,osmo-bsc-594654bd47-gl8n5,1,5
1781593907,gsm-8,osmo-bts-virtual-5f8b9b86fc-2jhn7,25,5
1781593907,gsm-8,osmo-hlr-546bdb8988-728qc,1,7
1781593907,gsm-8,osmo-mgw-8c8fc67d6-2zf7g,1,5
1781593907,gsm-8,osmo-mobile-7f88cc47b4-fl965,2,42
1781593907,gsm-8,osmo-stp-768687f494-j95b9,1,2
1781593907,gsm-8,ttcn3-tc-34-2-2-1-prvgs,1,18
1781593907,gsm-8,virtphy-86b4bdf559-sq5gd,7,2
1781593907,kube-system,coredns-c4dbffb5f-p9rsr,2,26
1781593907,kube-system,local-path-provisioner-5c4dc5d66d-nfqxz,1,17
1781593907,kube-system,metrics-server-786d997795-hcp2m,12,44
1781593907,kube-system,svclb-traefik-1100f998-kpm9h,0,0
1781593907,kube-system,traefik-9bcdbbd9-qtpjt,1,40
1781593909,gsm-1,msc-test-stub-5b875d749d-dp87n,1,16
1781593909,gsm-1,osmo-bsc-594654bd47-j9mdh,1,5
1781593909,gsm-1,osmo-bts-virtual-5f8b9b86fc-szfjb,27,5
1781593909,gsm-1,osmo-hlr-546bdb8988-d4r6r,1,2
1781593909,gsm-1,osmo-mgw-8c8fc67d6-txwl8,1,2
1781593909,gsm-1,osmo-mobile-947867b85-d9gvn,3,36
1781593909,gsm-1,osmo-stp-768687f494-mgj9x,1,2
1781593909,gsm-1,ttcn3-tc-26-6-1-1-1-rx2fd,1,6
1781593909,gsm-1,virtphy-858665df6d-4fmrz,7,1
1781593909,gsm-2,msc-test-stub-5b875d749d-thf6z,1,16
1781593909,gsm-2,osmo-bsc-594654bd47-hhlp9,1,5
1781593909,gsm-2,osmo-bts-virtual-5f8b9b86fc-rjnc6,27,5
1781593909,gsm-2,osmo-hlr-546bdb8988-9h84c,1,2
1781593909,gsm-2,osmo-mgw-8c8fc67d6-lhmxh,1,2
1781593909,gsm-2,osmo-mobile-6b5b79f646-nqjb8,3,33
1781593909,gsm-2,osmo-stp-768687f494-hf2mq,1,2
1781593909,gsm-2,ttcn3-tc-26-6-2-1-1-1-9rxf9,1,6
1781593909,gsm-2,virtphy-6458f9f999-7h52n,7,1
1781593909,gsm-3,msc-test-stub-5b875d749d-85ttv,1,16
1781593909,gsm-3,osmo-bsc-594654bd47-4gxcf,1,5
1781593909,gsm-3,osmo-bts-virtual-5f8b9b86fc-wfr4m,25,5
1781593909,gsm-3,osmo-hlr-546bdb8988-fzbfh,1,2
1781593909,gsm-3,osmo-mgw-8c8fc67d6-hfrjx,1,2
1781593909,gsm-3,osmo-mobile-856799fbbc-b2lmx,3,33
1781593909,gsm-3,osmo-stp-768687f494-sr7gg,1,2
1781593909,gsm-3,ttcn3-tc-26-6-8-2-1-hzqbr,1,6
1781593909,gsm-3,virtphy-7c75c79c86-svx7p,7,1
1781593909,gsm-4,msc-test-stub-5b875d749d-tqp6x,1,16
1781593909,gsm-4,osmo-bsc-594654bd47-675ng,1,5
1781593909,gsm-4,osmo-bts-virtual-5f8b9b86fc-nhcwb,25,5
1781593909,gsm-4,osmo-hlr-546bdb8988-r7vdz,1,2
1781593909,gsm-4,osmo-mgw-8c8fc67d6-r4jrz,1,2
1781593909,gsm-4,osmo-mobile-74f4b9d576-kj84s,3,33
1781593909,gsm-4,osmo-stp-768687f494-n6vz9,1,2
1781593909,gsm-4,ttcn3-tc-26-7-2-1-1-c5gw7,1,9
1781593909,gsm-4,virtphy-7cb5464db9-qzrgq,6,1
1781593909,gsm-5,msc-test-stub-5b875d749d-fnfg5,1,16
1781593909,gsm-5,osmo-bsc-594654bd47-xbxld,1,5
1781593909,gsm-5,osmo-bts-virtual-5f8b9b86fc-pd9t7,27,5
1781593909,gsm-5,osmo-hlr-546bdb8988-wb5xr,1,2
1781593909,gsm-5,osmo-mgw-8c8fc67d6-fxp8q,1,2
1781593909,gsm-5,osmo-mobile-59d8d55bb5-vv6bg,3,33
1781593909,gsm-5,osmo-stp-768687f494-nhnn6,1,2
1781593909,gsm-5,ttcn3-tc-26-7-4-1-1-kjjfz,1,12
1781593909,gsm-5,virtphy-b55647b48-h2vqw,7,1
1781593909,gsm-6,msc-test-stub-5b875d749d-8vkzh,1,16
1781593909,gsm-6,osmo-bsc-594654bd47-hsh8v,1,5
1781593909,gsm-6,osmo-bts-virtual-5f8b9b86fc-fktnj,27,5
1781593909,gsm-6,osmo-hlr-546bdb8988-2vkjl,1,2
1781593909,gsm-6,osmo-mgw-8c8fc67d6-wd4pb,1,2
1781593909,gsm-6,osmo-mobile-7b8d4df666-lrms9,3,36
1781593909,gsm-6,osmo-stp-768687f494-9smpc,1,2
1781593909,gsm-6,ttcn3-tc-26-8-1-2-1-1-1-p7b4n,1,6
1781593909,gsm-6,virtphy-65fcd75d7-sfg7g,6,1
1781593909,gsm-7,msc-test-stub-5b875d749d-khnpx,1,16
1781593909,gsm-7,osmo-bsc-594654bd47-qqkm6,1,5
1781593909,gsm-7,osmo-bts-virtual-5f8b9b86fc-qlkms,26,5
1781593909,gsm-7,osmo-hlr-546bdb8988-497nd,1,2
1781593909,gsm-7,osmo-mgw-8c8fc67d6-rfmz7,1,2
1781593909,gsm-7,osmo-mobile-6865667c79-4594t,3,44
1781593909,gsm-7,osmo-stp-768687f494-plxcc,1,2
1781593909,gsm-7,ttcn3-tc-26-8-1-3-3-1-1-msds5,1,9
1781593909,gsm-7,virtphy-6cd7658d46-7mqb9,7,1
1781593909,gsm-8,msc-test-stub-5b875d749d-qjjvd,1,17
1781593909,gsm-8,osmo-bsc-594654bd47-gl8n5,1,5
1781593909,gsm-8,osmo-bts-virtual-5f8b9b86fc-2jhn7,25,5
1781593909,gsm-8,osmo-hlr-546bdb8988-728qc,1,7
1781593909,gsm-8,osmo-mgw-8c8fc67d6-2zf7g,1,5
1781593909,gsm-8,osmo-mobile-7f88cc47b4-fl965,2,42
1781593909,gsm-8,osmo-stp-768687f494-j95b9,1,2
1781593909,gsm-8,ttcn3-tc-34-2-2-1-prvgs,1,18
1781593909,gsm-8,virtphy-86b4bdf559-sq5gd,7,2
1781593909,kube-system,coredns-c4dbffb5f-p9rsr,2,26
1781593909,kube-system,local-path-provisioner-5c4dc5d66d-nfqxz,1,17
1781593909,kube-system,metrics-server-786d997795-hcp2m,12,44
1781593909,kube-system,svclb-traefik-1100f998-kpm9h,0,0
1781593909,kube-system,traefik-9bcdbbd9-qtpjt,1,40
1781593911,gsm-1,msc-test-stub-5b875d749d-dp87n,1,16
1781593911,gsm-1,osmo-bsc-594654bd47-j9mdh,1,5
1781593911,gsm-1,osmo-bts-virtual-5f8b9b86fc-szfjb,27,5
1781593911,gsm-1,osmo-hlr-546bdb8988-d4r6r,1,2
1781593911,gsm-1,osmo-mgw-8c8fc67d6-txwl8,1,2
1781593911,gsm-1,osmo-mobile-947867b85-d9gvn,3,36
1781593911,gsm-1,osmo-stp-768687f494-mgj9x,1,2
1781593911,gsm-1,ttcn3-tc-26-6-1-1-1-rx2fd,1,6
1781593911,gsm-1,virtphy-858665df6d-4fmrz,7,1
1781593911,gsm-2,msc-test-stub-5b875d749d-thf6z,1,16
1781593911,gsm-2,osmo-bsc-594654bd47-hhlp9,1,5
1781593911,gsm-2,osmo-bts-virtual-5f8b9b86fc-rjnc6,27,5
1781593911,gsm-2,osmo-hlr-546bdb8988-9h84c,1,2
1781593911,gsm-2,osmo-mgw-8c8fc67d6-lhmxh,1,2
1781593911,gsm-2,osmo-mobile-6b5b79f646-nqjb8,3,33
1781593911,gsm-2,osmo-stp-768687f494-hf2mq,1,2
1781593911,gsm-2,ttcn3-tc-26-6-2-1-1-1-9rxf9,1,6
1781593911,gsm-2,virtphy-6458f9f999-7h52n,7,1
1781593911,gsm-3,msc-test-stub-5b875d749d-85ttv,1,16
1781593911,gsm-3,osmo-bsc-594654bd47-4gxcf,1,5
1781593911,gsm-3,osmo-bts-virtual-5f8b9b86fc-wfr4m,25,5
1781593911,gsm-3,osmo-hlr-546bdb8988-fzbfh,1,2
1781593911,gsm-3,osmo-mgw-8c8fc67d6-hfrjx,1,2
1781593911,gsm-3,osmo-mobile-856799fbbc-b2lmx,3,33
1781593911,gsm-3,osmo-stp-768687f494-sr7gg,1,2
1781593911,gsm-3,ttcn3-tc-26-6-8-2-1-hzqbr,1,6
1781593911,gsm-3,virtphy-7c75c79c86-svx7p,7,1
1781593911,gsm-4,msc-test-stub-5b875d749d-tqp6x,1,16
1781593911,gsm-4,osmo-bsc-594654bd47-675ng,1,5
1781593911,gsm-4,osmo-bts-virtual-5f8b9b86fc-nhcwb,25,5
1781593911,gsm-4,osmo-hlr-546bdb8988-r7vdz,1,2
1781593911,gsm-4,osmo-mgw-8c8fc67d6-r4jrz,1,2
1781593911,gsm-4,osmo-mobile-74f4b9d576-kj84s,3,33
1781593911,gsm-4,osmo-stp-768687f494-n6vz9,1,2
1781593911,gsm-4,ttcn3-tc-26-7-2-1-1-c5gw7,1,9
1781593911,gsm-4,virtphy-7cb5464db9-qzrgq,6,1
1781593911,gsm-5,msc-test-stub-5b875d749d-fnfg5,1,16
1781593911,gsm-5,osmo-bsc-594654bd47-xbxld,1,5
1781593911,gsm-5,osmo-bts-virtual-5f8b9b86fc-pd9t7,27,5
1781593911,gsm-5,osmo-hlr-546bdb8988-wb5xr,1,2
1781593911,gsm-5,osmo-mgw-8c8fc67d6-fxp8q,1,2
1781593911,gsm-5,osmo-mobile-59d8d55bb5-vv6bg,3,33
1781593911,gsm-5,osmo-stp-768687f494-nhnn6,1,2
1781593911,gsm-5,ttcn3-tc-26-7-4-1-1-kjjfz,1,12
1781593911,gsm-5,virtphy-b55647b48-h2vqw,7,1
1781593911,gsm-6,msc-test-stub-5b875d749d-8vkzh,1,16
1781593911,gsm-6,osmo-bsc-594654bd47-hsh8v,1,5
1781593911,gsm-6,osmo-bts-virtual-5f8b9b86fc-fktnj,27,5
1781593911,gsm-6,osmo-hlr-546bdb8988-2vkjl,1,2
1781593911,gsm-6,osmo-mgw-8c8fc67d6-wd4pb,1,2
1781593911,gsm-6,osmo-mobile-7b8d4df666-lrms9,3,36
1781593911,gsm-6,osmo-stp-768687f494-9smpc,1,2
1781593911,gsm-6,ttcn3-tc-26-8-1-2-1-1-1-p7b4n,1,6
1781593911,gsm-6,virtphy-65fcd75d7-sfg7g,6,1
1781593911,gsm-7,msc-test-stub-5b875d749d-khnpx,1,16
1781593911,gsm-7,osmo-bsc-594654bd47-qqkm6,1,5
1781593911,gsm-7,osmo-bts-virtual-5f8b9b86fc-qlkms,26,5
1781593911,gsm-7,osmo-hlr-546bdb8988-497nd,1,2
1781593911,gsm-7,osmo-mgw-8c8fc67d6-rfmz7,1,2
1781593911,gsm-7,osmo-mobile-6865667c79-4594t,3,44
1781593911,gsm-7,osmo-stp-768687f494-plxcc,1,2
1781593911,gsm-7,ttcn3-tc-26-8-1-3-3-1-1-msds5,1,9
1781593911,gsm-7,virtphy-6cd7658d46-7mqb9,7,1
1781593911,gsm-8,msc-test-stub-5b875d749d-qjjvd,1,17
1781593911,gsm-8,osmo-bsc-594654bd47-gl8n5,1,5
1781593911,gsm-8,osmo-bts-virtual-5f8b9b86fc-2jhn7,25,5
1781593911,gsm-8,osmo-hlr-546bdb8988-728qc,1,7
1781593911,gsm-8,osmo-mgw-8c8fc67d6-2zf7g,1,5
1781593911,gsm-8,osmo-mobile-7f88cc47b4-fl965,2,42
1781593911,gsm-8,osmo-stp-768687f494-j95b9,1,2
1781593911,gsm-8,ttcn3-tc-34-2-2-1-prvgs,1,18
1781593911,gsm-8,virtphy-86b4bdf559-sq5gd,7,2
1781593911,kube-system,coredns-c4dbffb5f-p9rsr,2,26
1781593911,kube-system,local-path-provisioner-5c4dc5d66d-nfqxz,1,17
1781593911,kube-system,metrics-server-786d997795-hcp2m,12,44
1781593911,kube-system,svclb-traefik-1100f998-kpm9h,0,0
1781593911,kube-system,traefik-9bcdbbd9-qtpjt,1,40
1781593913,gsm-1,msc-test-stub-5b875d749d-dp87n,1,16
1781593913,gsm-1,osmo-bsc-594654bd47-j9mdh,1,5
1781593913,gsm-1,osmo-bts-virtual-5f8b9b86fc-szfjb,27,5
1781593913,gsm-1,osmo-hlr-546bdb8988-d4r6r,1,2
1781593913,gsm-1,osmo-mgw-8c8fc67d6-txwl8,1,2
1781593913,gsm-1,osmo-mobile-947867b85-d9gvn,3,36
1781593913,gsm-1,osmo-stp-768687f494-mgj9x,1,2
1781593913,gsm-1,ttcn3-tc-26-6-1-1-1-rx2fd,1,6
1781593913,gsm-1,virtphy-858665df6d-4fmrz,7,1
1781593913,gsm-2,msc-test-stub-5b875d749d-thf6z,1,16
1781593913,gsm-2,osmo-bsc-594654bd47-hhlp9,1,5
1781593913,gsm-2,osmo-bts-virtual-5f8b9b86fc-rjnc6,27,5
1781593913,gsm-2,osmo-hlr-546bdb8988-9h84c,1,2
1781593913,gsm-2,osmo-mgw-8c8fc67d6-lhmxh,1,2
1781593913,gsm-2,osmo-mobile-6b5b79f646-nqjb8,3,33
1781593913,gsm-2,osmo-stp-768687f494-hf2mq,1,2
1781593913,gsm-2,ttcn3-tc-26-6-2-1-1-1-9rxf9,1,6
1781593913,gsm-2,virtphy-6458f9f999-7h52n,7,1
1781593913,gsm-3,msc-test-stub-5b875d749d-85ttv,1,16
1781593913,gsm-3,osmo-bsc-594654bd47-4gxcf,1,5
1781593913,gsm-3,osmo-bts-virtual-5f8b9b86fc-wfr4m,25,5
1781593913,gsm-3,osmo-hlr-546bdb8988-fzbfh,1,2
1781593913,gsm-3,osmo-mgw-8c8fc67d6-hfrjx,1,2
1781593913,gsm-3,osmo-mobile-856799fbbc-b2lmx,3,33
1781593913,gsm-3,osmo-stp-768687f494-sr7gg,1,2
1781593913,gsm-3,ttcn3-tc-26-6-8-2-1-hzqbr,1,6
1781593913,gsm-3,virtphy-7c75c79c86-svx7p,7,1
1781593913,gsm-4,msc-test-stub-5b875d749d-tqp6x,1,16
1781593913,gsm-4,osmo-bsc-594654bd47-675ng,1,5
1781593913,gsm-4,osmo-bts-virtual-5f8b9b86fc-nhcwb,25,5
1781593913,gsm-4,osmo-hlr-546bdb8988-r7vdz,1,2
1781593913,gsm-4,osmo-mgw-8c8fc67d6-r4jrz,1,2
1781593913,gsm-4,osmo-mobile-74f4b9d576-kj84s,3,33
1781593913,gsm-4,osmo-stp-768687f494-n6vz9,1,2
1781593913,gsm-4,ttcn3-tc-26-7-2-1-1-c5gw7,1,9
1781593913,gsm-4,virtphy-7cb5464db9-qzrgq,6,1
1781593913,gsm-5,msc-test-stub-5b875d749d-fnfg5,1,16
1781593913,gsm-5,osmo-bsc-594654bd47-xbxld,1,5
1781593913,gsm-5,osmo-bts-virtual-5f8b9b86fc-pd9t7,27,5
1781593913,gsm-5,osmo-hlr-546bdb8988-wb5xr,1,2
1781593913,gsm-5,osmo-mgw-8c8fc67d6-fxp8q,1,2
1781593913,gsm-5,osmo-mobile-59d8d55bb5-vv6bg,3,33
1781593913,gsm-5,osmo-stp-768687f494-nhnn6,1,2
1781593913,gsm-5,ttcn3-tc-26-7-4-1-1-kjjfz,1,12
1781593913,gsm-5,virtphy-b55647b48-h2vqw,7,1
1781593913,gsm-6,msc-test-stub-5b875d749d-8vkzh,1,16
1781593913,gsm-6,osmo-bsc-594654bd47-hsh8v,1,5
1781593913,gsm-6,osmo-bts-virtual-5f8b9b86fc-fktnj,27,5
1781593913,gsm-6,osmo-hlr-546bdb8988-2vkjl,1,2
1781593913,gsm-6,osmo-mgw-8c8fc67d6-wd4pb,1,2
1781593913,gsm-6,osmo-mobile-7b8d4df666-lrms9,3,36
1781593913,gsm-6,osmo-stp-768687f494-9smpc,1,2
1781593913,gsm-6,ttcn3-tc-26-8-1-2-1-1-1-p7b4n,1,6
1781593913,gsm-6,virtphy-65fcd75d7-sfg7g,6,1
1781593913,gsm-7,msc-test-stub-5b875d749d-khnpx,1,16
1781593913,gsm-7,osmo-bsc-594654bd47-qqkm6,1,5
1781593913,gsm-7,osmo-bts-virtual-5f8b9b86fc-qlkms,26,5
1781593913,gsm-7,osmo-hlr-546bdb8988-497nd,1,2
1781593913,gsm-7,osmo-mgw-8c8fc67d6-rfmz7,1,2
1781593913,gsm-7,osmo-mobile-6865667c79-4594t,3,44
1781593913,gsm-7,osmo-stp-768687f494-plxcc,1,2
1781593913,gsm-7,ttcn3-tc-26-8-1-3-3-1-1-msds5,1,9
1781593913,gsm-7,virtphy-6cd7658d46-7mqb9,7,1
1781593913,gsm-8,msc-test-stub-5b875d749d-qjjvd,1,17
1781593913,gsm-8,osmo-bsc-594654bd47-gl8n5,1,5
1781593913,gsm-8,osmo-bts-virtual-5f8b9b86fc-2jhn7,25,5
1781593913,gsm-8,osmo-hlr-546bdb8988-728qc,1,7
1781593913,gsm-8,osmo-mgw-8c8fc67d6-2zf7g,1,5
1781593913,gsm-8,osmo-mobile-7f88cc47b4-fl965,2,42
1781593913,gsm-8,osmo-stp-768687f494-j95b9,1,2
1781593913,gsm-8,ttcn3-tc-34-2-2-1-prvgs,1,18
1781593913,gsm-8,virtphy-86b4bdf559-sq5gd,7,2
1781593913,kube-system,coredns-c4dbffb5f-p9rsr,2,26
1781593913,kube-system,local-path-provisioner-5c4dc5d66d-nfqxz,1,17
1781593913,kube-system,metrics-server-786d997795-hcp2m,12,44
1781593913,kube-system,svclb-traefik-1100f998-kpm9h,0,0
1781593913,kube-system,traefik-9bcdbbd9-qtpjt,1,40
1781593916,gsm-1,msc-test-stub-5b875d749d-dp87n,1,16
1781593916,gsm-1,osmo-bsc-594654bd47-j9mdh,1,5
1781593916,gsm-1,osmo-bts-virtual-5f8b9b86fc-szfjb,27,5
1781593916,gsm-1,osmo-hlr-546bdb8988-d4r6r,1,2
1781593916,gsm-1,osmo-mgw-8c8fc67d6-txwl8,1,2
1781593916,gsm-1,osmo-mobile-947867b85-d9gvn,3,36
1781593916,gsm-1,osmo-stp-768687f494-mgj9x,1,2
1781593916,gsm-1,ttcn3-tc-26-6-1-1-1-rx2fd,1,6
1781593916,gsm-1,virtphy-858665df6d-4fmrz,7,1
1781593916,gsm-2,msc-test-stub-5b875d749d-thf6z,1,16
1781593916,gsm-2,osmo-bsc-594654bd47-hhlp9,1,5
1781593916,gsm-2,osmo-bts-virtual-5f8b9b86fc-rjnc6,27,5
1781593916,gsm-2,osmo-hlr-546bdb8988-9h84c,1,2
1781593916,gsm-2,osmo-mgw-8c8fc67d6-lhmxh,1,2
1781593916,gsm-2,osmo-mobile-6b5b79f646-nqjb8,3,33
1781593916,gsm-2,osmo-stp-768687f494-hf2mq,1,2
1781593916,gsm-2,ttcn3-tc-26-6-2-1-1-1-9rxf9,1,6
1781593916,gsm-2,virtphy-6458f9f999-7h52n,7,1
1781593916,gsm-3,msc-test-stub-5b875d749d-85ttv,1,16
1781593916,gsm-3,osmo-bsc-594654bd47-4gxcf,1,5
1781593916,gsm-3,osmo-bts-virtual-5f8b9b86fc-wfr4m,25,5
1781593916,gsm-3,osmo-hlr-546bdb8988-fzbfh,1,2
1781593916,gsm-3,osmo-mgw-8c8fc67d6-hfrjx,1,2
1781593916,gsm-3,osmo-mobile-856799fbbc-b2lmx,3,33
1781593916,gsm-3,osmo-stp-768687f494-sr7gg,1,2
1781593916,gsm-3,ttcn3-tc-26-6-8-2-1-hzqbr,1,6
1781593916,gsm-3,virtphy-7c75c79c86-svx7p,7,1
1781593916,gsm-4,msc-test-stub-5b875d749d-tqp6x,1,16
1781593916,gsm-4,osmo-bsc-594654bd47-675ng,1,5
1781593916,gsm-4,osmo-bts-virtual-5f8b9b86fc-nhcwb,25,5
1781593916,gsm-4,osmo-hlr-546bdb8988-r7vdz,1,2
1781593916,gsm-4,osmo-mgw-8c8fc67d6-r4jrz,1,2
1781593916,gsm-4,osmo-mobile-74f4b9d576-kj84s,3,33
1781593916,gsm-4,osmo-stp-768687f494-n6vz9,1,2
1781593916,gsm-4,ttcn3-tc-26-7-2-1-1-c5gw7,1,9
1781593916,gsm-4,virtphy-7cb5464db9-qzrgq,6,1
1781593916,gsm-5,msc-test-stub-5b875d749d-fnfg5,1,16
1781593916,gsm-5,osmo-bsc-594654bd47-xbxld,1,5
1781593916,gsm-5,osmo-bts-virtual-5f8b9b86fc-pd9t7,27,5
1781593916,gsm-5,osmo-hlr-546bdb8988-wb5xr,1,2
1781593916,gsm-5,osmo-mgw-8c8fc67d6-fxp8q,1,2
1781593916,gsm-5,osmo-mobile-59d8d55bb5-vv6bg,3,33
1781593916,gsm-5,osmo-stp-768687f494-nhnn6,1,2
1781593916,gsm-5,ttcn3-tc-26-7-4-1-1-kjjfz,1,12
1781593916,gsm-5,virtphy-b55647b48-h2vqw,7,1
1781593916,gsm-6,msc-test-stub-5b875d749d-8vkzh,1,16
1781593916,gsm-6,osmo-bsc-594654bd47-hsh8v,1,5
1781593916,gsm-6,osmo-bts-virtual-5f8b9b86fc-fktnj,27,5
1781593916,gsm-6,osmo-hlr-546bdb8988-2vkjl,1,2
1781593916,gsm-6,osmo-mgw-8c8fc67d6-wd4pb,1,2
1781593916,gsm-6,osmo-mobile-7b8d4df666-lrms9,3,36
1781593916,gsm-6,osmo-stp-768687f494-9smpc,1,2
1781593916,gsm-6,ttcn3-tc-26-8-1-2-1-1-1-p7b4n,1,6
1781593916,gsm-6,virtphy-65fcd75d7-sfg7g,6,1
1781593916,gsm-7,msc-test-stub-5b875d749d-khnpx,1,16
1781593916,gsm-7,osmo-bsc-594654bd47-qqkm6,1,5
1781593916,gsm-7,osmo-bts-virtual-5f8b9b86fc-qlkms,26,5
1781593916,gsm-7,osmo-hlr-546bdb8988-497nd,1,2
1781593916,gsm-7,osmo-mgw-8c8fc67d6-rfmz7,1,2
1781593916,gsm-7,osmo-mobile-6865667c79-4594t,3,44
1781593916,gsm-7,osmo-stp-768687f494-plxcc,1,2
1781593916,gsm-7,ttcn3-tc-26-8-1-3-3-1-1-msds5,1,9
1781593916,gsm-7,virtphy-6cd7658d46-7mqb9,7,1
1781593916,gsm-8,msc-test-stub-5b875d749d-qjjvd,1,17
1781593916,gsm-8,osmo-bsc-594654bd47-gl8n5,1,5
1781593916,gsm-8,osmo-bts-virtual-5f8b9b86fc-2jhn7,25,5
1781593916,gsm-8,osmo-hlr-546bdb8988-728qc,1,7
1781593916,gsm-8,osmo-mgw-8c8fc67d6-2zf7g,1,5
1781593916,gsm-8,osmo-mobile-7f88cc47b4-fl965,2,42
1781593916,gsm-8,osmo-stp-768687f494-j95b9,1,2
1781593916,gsm-8,ttcn3-tc-34-2-2-1-prvgs,1,18
1781593916,gsm-8,virtphy-86b4bdf559-sq5gd,7,2
1781593916,kube-system,coredns-c4dbffb5f-p9rsr,2,26
1781593916,kube-system,local-path-provisioner-5c4dc5d66d-nfqxz,1,17
1781593916,kube-system,metrics-server-786d997795-hcp2m,12,44
1781593916,kube-system,svclb-traefik-1100f998-kpm9h,0,0
1781593916,kube-system,traefik-9bcdbbd9-qtpjt,1,40
1781593918,gsm-1,msc-test-stub-5b875d749d-dp87n,1,16
1781593918,gsm-1,osmo-bsc-594654bd47-j9mdh,1,5
1781593918,gsm-1,osmo-bts-virtual-5f8b9b86fc-szfjb,27,5
1781593918,gsm-1,osmo-hlr-546bdb8988-d4r6r,1,2
1781593918,gsm-1,osmo-mgw-8c8fc67d6-txwl8,1,2
1781593918,gsm-1,osmo-mobile-947867b85-d9gvn,3,36
1781593918,gsm-1,osmo-stp-768687f494-mgj9x,1,2
1781593918,gsm-1,ttcn3-tc-26-6-1-1-1-rx2fd,1,6
1781593918,gsm-1,virtphy-858665df6d-4fmrz,6,1
1781593918,gsm-2,msc-test-stub-5b875d749d-thf6z,1,16
1781593918,gsm-2,osmo-bsc-594654bd47-hhlp9,1,5
1781593918,gsm-2,osmo-bts-virtual-5f8b9b86fc-rjnc6,26,5
1781593918,gsm-2,osmo-hlr-546bdb8988-9h84c,1,2
1781593918,gsm-2,osmo-mgw-8c8fc67d6-lhmxh,1,2
1781593918,gsm-2,osmo-mobile-6b5b79f646-nqjb8,3,33
1781593918,gsm-2,osmo-stp-768687f494-hf2mq,1,2
1781593918,gsm-2,ttcn3-tc-26-6-2-1-1-1-9rxf9,1,6
1781593918,gsm-2,virtphy-6458f9f999-7h52n,7,1
1781593918,gsm-3,msc-test-stub-5b875d749d-85ttv,1,16
1781593918,gsm-3,osmo-bsc-594654bd47-4gxcf,1,5
1781593918,gsm-3,osmo-bts-virtual-5f8b9b86fc-wfr4m,28,5
1781593918,gsm-3,osmo-hlr-546bdb8988-fzbfh,1,2
1781593918,gsm-3,osmo-mgw-8c8fc67d6-hfrjx,1,2
1781593918,gsm-3,osmo-mobile-856799fbbc-b2lmx,3,33
1781593918,gsm-3,osmo-stp-768687f494-sr7gg,1,2
1781593918,gsm-3,ttcn3-tc-26-6-8-2-1-hzqbr,1,6
1781593918,gsm-3,virtphy-7c75c79c86-svx7p,6,1
1781593918,gsm-4,msc-test-stub-5b875d749d-tqp6x,1,16
1781593918,gsm-4,osmo-bsc-594654bd47-675ng,1,5
1781593918,gsm-4,osmo-bts-virtual-5f8b9b86fc-nhcwb,27,5
1781593918,gsm-4,osmo-hlr-546bdb8988-r7vdz,1,2
1781593918,gsm-4,osmo-mgw-8c8fc67d6-r4jrz,1,2
1781593918,gsm-4,osmo-mobile-74f4b9d576-kj84s,3,33
1781593918,gsm-4,osmo-stp-768687f494-n6vz9,1,2
1781593918,gsm-4,ttcn3-tc-26-7-2-1-1-c5gw7,1,9
1781593918,gsm-4,virtphy-7cb5464db9-qzrgq,6,1
1781593918,gsm-5,msc-test-stub-5b875d749d-fnfg5,1,16
1781593918,gsm-5,osmo-bsc-594654bd47-xbxld,1,5
1781593918,gsm-5,osmo-bts-virtual-5f8b9b86fc-pd9t7,28,5
1781593918,gsm-5,osmo-hlr-546bdb8988-wb5xr,1,2
1781593918,gsm-5,osmo-mgw-8c8fc67d6-fxp8q,1,2
1781593918,gsm-5,osmo-mobile-59d8d55bb5-vv6bg,3,33
1781593918,gsm-5,osmo-stp-768687f494-nhnn6,1,2
1781593918,gsm-5,ttcn3-tc-26-7-4-1-1-kjjfz,1,12
1781593918,gsm-5,virtphy-b55647b48-h2vqw,7,1
1781593918,gsm-6,msc-test-stub-5b875d749d-8vkzh,1,16
1781593918,gsm-6,osmo-bsc-594654bd47-hsh8v,1,5
1781593918,gsm-6,osmo-bts-virtual-5f8b9b86fc-fktnj,27,5
1781593918,gsm-6,osmo-hlr-546bdb8988-2vkjl,1,2
1781593918,gsm-6,osmo-mgw-8c8fc67d6-wd4pb,1,2
1781593918,gsm-6,osmo-mobile-7b8d4df666-lrms9,3,36
1781593918,gsm-6,osmo-stp-768687f494-9smpc,1,2
1781593918,gsm-6,ttcn3-tc-26-8-1-2-1-1-1-p7b4n,1,6
1781593918,gsm-6,virtphy-65fcd75d7-sfg7g,7,1
1781593918,gsm-7,msc-test-stub-5b875d749d-khnpx,1,16
1781593918,gsm-7,osmo-bsc-594654bd47-qqkm6,1,5
1781593918,gsm-7,osmo-bts-virtual-5f8b9b86fc-qlkms,28,5
1781593918,gsm-7,osmo-hlr-546bdb8988-497nd,1,2
1781593918,gsm-7,osmo-mgw-8c8fc67d6-rfmz7,1,2
1781593918,gsm-7,osmo-mobile-6865667c79-4594t,3,44
1781593918,gsm-7,osmo-stp-768687f494-plxcc,1,2
1781593918,gsm-7,ttcn3-tc-26-8-1-3-3-1-1-msds5,1,9
1781593918,gsm-7,virtphy-6cd7658d46-7mqb9,8,1
1781593918,gsm-8,msc-test-stub-5b875d749d-qjjvd,1,17
1781593918,gsm-8,osmo-bsc-594654bd47-gl8n5,1,5
1781593918,gsm-8,osmo-bts-virtual-5f8b9b86fc-2jhn7,25,5
1781593918,gsm-8,osmo-hlr-546bdb8988-728qc,1,7
1781593918,gsm-8,osmo-mgw-8c8fc67d6-2zf7g,1,5
1781593918,gsm-8,osmo-mobile-7f88cc47b4-fl965,3,42
1781593918,gsm-8,osmo-stp-768687f494-j95b9,1,2
1781593918,gsm-8,ttcn3-tc-34-2-2-1-prvgs,1,18
1781593918,gsm-8,virtphy-86b4bdf559-sq5gd,7,2
1781593918,kube-system,coredns-c4dbffb5f-p9rsr,2,26
1781593918,kube-system,local-path-provisioner-5c4dc5d66d-nfqxz,1,17
1781593918,kube-system,metrics-server-786d997795-hcp2m,10,44
1781593918,kube-system,svclb-traefik-1100f998-kpm9h,0,0
1781593918,kube-system,traefik-9bcdbbd9-qtpjt,1,40
1781593920,gsm-1,msc-test-stub-5b875d749d-dp87n,1,16
1781593920,gsm-1,osmo-bsc-594654bd47-j9mdh,1,5
1781593920,gsm-1,osmo-bts-virtual-5f8b9b86fc-szfjb,27,5
1781593920,gsm-1,osmo-hlr-546bdb8988-d4r6r,1,2
1781593920,gsm-1,osmo-mgw-8c8fc67d6-txwl8,1,2
1781593920,gsm-1,osmo-mobile-947867b85-d9gvn,3,36
1781593920,gsm-1,osmo-stp-768687f494-mgj9x,1,2
1781593920,gsm-1,ttcn3-tc-26-6-1-1-1-rx2fd,1,6
1781593920,gsm-1,virtphy-858665df6d-4fmrz,6,1
1781593920,gsm-2,msc-test-stub-5b875d749d-thf6z,1,16
1781593920,gsm-2,osmo-bsc-594654bd47-hhlp9,1,5
1781593920,gsm-2,osmo-bts-virtual-5f8b9b86fc-rjnc6,26,5
1781593920,gsm-2,osmo-hlr-546bdb8988-9h84c,1,2
1781593920,gsm-2,osmo-mgw-8c8fc67d6-lhmxh,1,2
1781593920,gsm-2,osmo-mobile-6b5b79f646-nqjb8,3,33
1781593920,gsm-2,osmo-stp-768687f494-hf2mq,1,2
1781593920,gsm-2,ttcn3-tc-26-6-2-1-1-1-9rxf9,1,6
1781593920,gsm-2,virtphy-6458f9f999-7h52n,7,1
1781593920,gsm-3,msc-test-stub-5b875d749d-85ttv,1,16
1781593920,gsm-3,osmo-bsc-594654bd47-4gxcf,1,5
1781593920,gsm-3,osmo-bts-virtual-5f8b9b86fc-wfr4m,28,5
1781593920,gsm-3,osmo-hlr-546bdb8988-fzbfh,1,2
1781593920,gsm-3,osmo-mgw-8c8fc67d6-hfrjx,1,2
1781593920,gsm-3,osmo-mobile-856799fbbc-b2lmx,3,33
1781593920,gsm-3,osmo-stp-768687f494-sr7gg,1,2
1781593920,gsm-3,ttcn3-tc-26-6-8-2-1-hzqbr,1,6
1781593920,gsm-3,virtphy-7c75c79c86-svx7p,6,1
1781593920,gsm-4,msc-test-stub-5b875d749d-tqp6x,1,16
1781593920,gsm-4,osmo-bsc-594654bd47-675ng,1,5
1781593920,gsm-4,osmo-bts-virtual-5f8b9b86fc-nhcwb,27,5
1781593920,gsm-4,osmo-hlr-546bdb8988-r7vdz,1,2
1781593920,gsm-4,osmo-mgw-8c8fc67d6-r4jrz,1,2
1781593920,gsm-4,osmo-mobile-74f4b9d576-kj84s,3,33
1781593920,gsm-4,osmo-stp-768687f494-n6vz9,1,2
1781593920,gsm-4,ttcn3-tc-26-7-2-1-1-c5gw7,1,9
1781593920,gsm-4,virtphy-7cb5464db9-qzrgq,6,1
1781593920,gsm-5,msc-test-stub-5b875d749d-fnfg5,1,16
1781593920,gsm-5,osmo-bsc-594654bd47-xbxld,1,5
1781593920,gsm-5,osmo-bts-virtual-5f8b9b86fc-pd9t7,28,5
1781593920,gsm-5,osmo-hlr-546bdb8988-wb5xr,1,2
1781593920,gsm-5,osmo-mgw-8c8fc67d6-fxp8q,1,2
1781593920,gsm-5,osmo-mobile-59d8d55bb5-vv6bg,3,33
1781593920,gsm-5,osmo-stp-768687f494-nhnn6,1,2
1781593920,gsm-5,ttcn3-tc-26-7-4-1-1-kjjfz,1,12
1781593920,gsm-5,virtphy-b55647b48-h2vqw,7,1
1781593920,gsm-6,msc-test-stub-5b875d749d-8vkzh,1,16
1781593920,gsm-6,osmo-bsc-594654bd47-hsh8v,1,5
1781593920,gsm-6,osmo-bts-virtual-5f8b9b86fc-fktnj,27,5
1781593920,gsm-6,osmo-hlr-546bdb8988-2vkjl,1,2
1781593920,gsm-6,osmo-mgw-8c8fc67d6-wd4pb,1,2
1781593920,gsm-6,osmo-mobile-7b8d4df666-lrms9,3,36
1781593920,gsm-6,osmo-stp-768687f494-9smpc,1,2
1781593920,gsm-6,ttcn3-tc-26-8-1-2-1-1-1-p7b4n,1,6
1781593920,gsm-6,virtphy-65fcd75d7-sfg7g,7,1
1781593920,gsm-7,msc-test-stub-5b875d749d-khnpx,1,16
1781593920,gsm-7,osmo-bsc-594654bd47-qqkm6,1,5
1781593920,gsm-7,osmo-bts-virtual-5f8b9b86fc-qlkms,28,5
1781593920,gsm-7,osmo-hlr-546bdb8988-497nd,1,2
1781593920,gsm-7,osmo-mgw-8c8fc67d6-rfmz7,1,2
1781593920,gsm-7,osmo-mobile-6865667c79-4594t,3,44
1781593920,gsm-7,osmo-stp-768687f494-plxcc,1,2
1781593920,gsm-7,ttcn3-tc-26-8-1-3-3-1-1-msds5,1,9
1781593920,gsm-7,virtphy-6cd7658d46-7mqb9,8,1
1781593920,gsm-8,msc-test-stub-5b875d749d-qjjvd,1,17
1781593920,gsm-8,osmo-bsc-594654bd47-gl8n5,1,5
1781593920,gsm-8,osmo-bts-virtual-5f8b9b86fc-2jhn7,25,5
1781593920,gsm-8,osmo-hlr-546bdb8988-728qc,1,7
1781593920,gsm-8,osmo-mgw-8c8fc67d6-2zf7g,1,5
1781593920,gsm-8,osmo-mobile-7f88cc47b4-fl965,3,42
1781593920,gsm-8,osmo-stp-768687f494-j95b9,1,2
1781593920,gsm-8,ttcn3-tc-34-2-2-1-prvgs,1,18
1781593920,gsm-8,virtphy-86b4bdf559-sq5gd,7,2
1781593920,kube-system,coredns-c4dbffb5f-p9rsr,2,26
1781593920,kube-system,local-path-provisioner-5c4dc5d66d-nfqxz,1,17
1781593920,kube-system,metrics-server-786d997795-hcp2m,10,44
1781593920,kube-system,svclb-traefik-1100f998-kpm9h,0,0
1781593920,kube-system,traefik-9bcdbbd9-qtpjt,1,40
1781593922,gsm-1,msc-test-stub-5b875d749d-dp87n,1,16
1781593922,gsm-1,osmo-bsc-594654bd47-j9mdh,1,5
1781593922,gsm-1,osmo-bts-virtual-5f8b9b86fc-szfjb,27,5
1781593922,gsm-1,osmo-hlr-546bdb8988-d4r6r,1,2
1781593922,gsm-1,osmo-mgw-8c8fc67d6-txwl8,1,2
1781593922,gsm-1,osmo-mobile-947867b85-d9gvn,3,36
1781593922,gsm-1,osmo-stp-768687f494-mgj9x,1,2
1781593922,gsm-1,ttcn3-tc-26-6-1-1-1-rx2fd,1,6
1781593922,gsm-1,virtphy-858665df6d-4fmrz,6,1
1781593922,gsm-2,msc-test-stub-5b875d749d-thf6z,1,16
1781593922,gsm-2,osmo-bsc-594654bd47-hhlp9,1,5
1781593922,gsm-2,osmo-bts-virtual-5f8b9b86fc-rjnc6,26,5
1781593922,gsm-2,osmo-hlr-546bdb8988-9h84c,1,2
1781593922,gsm-2,osmo-mgw-8c8fc67d6-lhmxh,1,2
1781593922,gsm-2,osmo-mobile-6b5b79f646-nqjb8,3,33
1781593922,gsm-2,osmo-stp-768687f494-hf2mq,1,2
1781593922,gsm-2,ttcn3-tc-26-6-2-1-1-1-9rxf9,1,6
1781593922,gsm-2,virtphy-6458f9f999-7h52n,7,1
1781593922,gsm-3,msc-test-stub-5b875d749d-85ttv,1,16
1781593922,gsm-3,osmo-bsc-594654bd47-4gxcf,1,5
1781593922,gsm-3,osmo-bts-virtual-5f8b9b86fc-wfr4m,28,5
1781593922,gsm-3,osmo-hlr-546bdb8988-fzbfh,1,2
1781593922,gsm-3,osmo-mgw-8c8fc67d6-hfrjx,1,2
1781593922,gsm-3,osmo-mobile-856799fbbc-b2lmx,3,33
1781593922,gsm-3,osmo-stp-768687f494-sr7gg,1,2
1781593922,gsm-3,ttcn3-tc-26-6-8-2-1-hzqbr,1,6
1781593922,gsm-3,virtphy-7c75c79c86-svx7p,6,1
1781593922,gsm-4,msc-test-stub-5b875d749d-tqp6x,1,16
1781593922,gsm-4,osmo-bsc-594654bd47-675ng,1,5
1781593922,gsm-4,osmo-bts-virtual-5f8b9b86fc-nhcwb,27,5
1781593922,gsm-4,osmo-hlr-546bdb8988-r7vdz,1,2
1781593922,gsm-4,osmo-mgw-8c8fc67d6-r4jrz,1,2
1781593922,gsm-4,osmo-mobile-74f4b9d576-kj84s,3,33
1781593922,gsm-4,osmo-stp-768687f494-n6vz9,1,2
1781593922,gsm-4,ttcn3-tc-26-7-2-1-1-c5gw7,1,9
1781593922,gsm-4,virtphy-7cb5464db9-qzrgq,6,1
1781593922,gsm-5,msc-test-stub-5b875d749d-fnfg5,1,16
1781593922,gsm-5,osmo-bsc-594654bd47-xbxld,1,5
1781593922,gsm-5,osmo-bts-virtual-5f8b9b86fc-pd9t7,28,5
1781593922,gsm-5,osmo-hlr-546bdb8988-wb5xr,1,2
1781593922,gsm-5,osmo-mgw-8c8fc67d6-fxp8q,1,2
1781593922,gsm-5,osmo-mobile-59d8d55bb5-vv6bg,3,33
1781593922,gsm-5,osmo-stp-768687f494-nhnn6,1,2
1781593922,gsm-5,ttcn3-tc-26-7-4-1-1-kjjfz,1,12
1781593922,gsm-5,virtphy-b55647b48-h2vqw,7,1
1781593922,gsm-6,msc-test-stub-5b875d749d-8vkzh,1,16
1781593922,gsm-6,osmo-bsc-594654bd47-hsh8v,1,5
1781593922,gsm-6,osmo-bts-virtual-5f8b9b86fc-fktnj,27,5
1781593922,gsm-6,osmo-hlr-546bdb8988-2vkjl,1,2
1781593922,gsm-6,osmo-mgw-8c8fc67d6-wd4pb,1,2
1781593922,gsm-6,osmo-mobile-7b8d4df666-lrms9,3,36
1781593922,gsm-6,osmo-stp-768687f494-9smpc,1,2
1781593922,gsm-6,ttcn3-tc-26-8-1-2-1-1-1-p7b4n,1,6
1781593922,gsm-6,virtphy-65fcd75d7-sfg7g,7,1
1781593922,gsm-7,msc-test-stub-5b875d749d-khnpx,1,16
1781593922,gsm-7,osmo-bsc-594654bd47-qqkm6,1,5
1781593922,gsm-7,osmo-bts-virtual-5f8b9b86fc-qlkms,28,5
1781593922,gsm-7,osmo-hlr-546bdb8988-497nd,1,2
1781593922,gsm-7,osmo-mgw-8c8fc67d6-rfmz7,1,2
1781593922,gsm-7,osmo-mobile-6865667c79-4594t,3,44
1781593922,gsm-7,osmo-stp-768687f494-plxcc,1,2
1781593922,gsm-7,ttcn3-tc-26-8-1-3-3-1-1-msds5,1,9
1781593922,gsm-7,virtphy-6cd7658d46-7mqb9,8,1
1781593922,gsm-8,msc-test-stub-5b875d749d-qjjvd,1,17
1781593922,gsm-8,osmo-bsc-594654bd47-gl8n5,1,5
1781593922,gsm-8,osmo-bts-virtual-5f8b9b86fc-2jhn7,25,5
1781593922,gsm-8,osmo-hlr-546bdb8988-728qc,1,7
1781593922,gsm-8,osmo-mgw-8c8fc67d6-2zf7g,1,5
1781593922,gsm-8,osmo-mobile-7f88cc47b4-fl965,3,42
1781593922,gsm-8,osmo-stp-768687f494-j95b9,1,2
1781593922,gsm-8,ttcn3-tc-34-2-2-1-prvgs,1,18
1781593922,gsm-8,virtphy-86b4bdf559-sq5gd,7,2
1781593922,kube-system,coredns-c4dbffb5f-p9rsr,2,26
1781593922,kube-system,local-path-provisioner-5c4dc5d66d-nfqxz,1,17
1781593922,kube-system,metrics-server-786d997795-hcp2m,10,44
1781593922,kube-system,svclb-traefik-1100f998-kpm9h,0,0
1781593922,kube-system,traefik-9bcdbbd9-qtpjt,1,40
1781593925,gsm-1,msc-test-stub-5b875d749d-dp87n,1,16
1781593925,gsm-1,osmo-bsc-594654bd47-j9mdh,1,5
1781593925,gsm-1,osmo-bts-virtual-5f8b9b86fc-szfjb,27,5
1781593925,gsm-1,osmo-hlr-546bdb8988-d4r6r,1,2
1781593925,gsm-1,osmo-mgw-8c8fc67d6-txwl8,1,2
1781593925,gsm-1,osmo-mobile-947867b85-d9gvn,3,36
1781593925,gsm-1,osmo-stp-768687f494-mgj9x,1,2
1781593925,gsm-1,ttcn3-tc-26-6-1-1-1-rx2fd,1,6
1781593925,gsm-1,virtphy-858665df6d-4fmrz,6,1
1781593925,gsm-2,msc-test-stub-5b875d749d-thf6z,1,16
1781593925,gsm-2,osmo-bsc-594654bd47-hhlp9,1,5
1781593925,gsm-2,osmo-bts-virtual-5f8b9b86fc-rjnc6,26,5
1781593925,gsm-2,osmo-hlr-546bdb8988-9h84c,1,2
1781593925,gsm-2,osmo-mgw-8c8fc67d6-lhmxh,1,2
1781593925,gsm-2,osmo-mobile-6b5b79f646-nqjb8,3,33
1781593925,gsm-2,osmo-stp-768687f494-hf2mq,1,2
1781593925,gsm-2,ttcn3-tc-26-6-2-1-1-1-9rxf9,1,6
1781593925,gsm-2,virtphy-6458f9f999-7h52n,7,1
1781593925,gsm-3,msc-test-stub-5b875d749d-85ttv,1,16
1781593925,gsm-3,osmo-bsc-594654bd47-4gxcf,1,5
1781593925,gsm-3,osmo-bts-virtual-5f8b9b86fc-wfr4m,28,5
1781593925,gsm-3,osmo-hlr-546bdb8988-fzbfh,1,2
1781593925,gsm-3,osmo-mgw-8c8fc67d6-hfrjx,1,2
1781593925,gsm-3,osmo-mobile-856799fbbc-b2lmx,3,33
1781593925,gsm-3,osmo-stp-768687f494-sr7gg,1,2
1781593925,gsm-3,ttcn3-tc-26-6-8-2-1-hzqbr,1,6
1781593925,gsm-3,virtphy-7c75c79c86-svx7p,6,1
1781593925,gsm-4,msc-test-stub-5b875d749d-tqp6x,1,16
1781593925,gsm-4,osmo-bsc-594654bd47-675ng,1,5
1781593925,gsm-4,osmo-bts-virtual-5f8b9b86fc-nhcwb,27,5
1781593925,gsm-4,osmo-hlr-546bdb8988-r7vdz,1,2
1781593925,gsm-4,osmo-mgw-8c8fc67d6-r4jrz,1,2
1781593925,gsm-4,osmo-mobile-74f4b9d576-kj84s,3,33
1781593925,gsm-4,osmo-stp-768687f494-n6vz9,1,2
1781593925,gsm-4,ttcn3-tc-26-7-2-1-1-c5gw7,1,9
1781593925,gsm-4,virtphy-7cb5464db9-qzrgq,6,1
1781593925,gsm-5,msc-test-stub-5b875d749d-fnfg5,1,16
1781593925,gsm-5,osmo-bsc-594654bd47-xbxld,1,5
1781593925,gsm-5,osmo-bts-virtual-5f8b9b86fc-pd9t7,28,5
1781593925,gsm-5,osmo-hlr-546bdb8988-wb5xr,1,2
1781593925,gsm-5,osmo-mgw-8c8fc67d6-fxp8q,1,2
1781593925,gsm-5,osmo-mobile-59d8d55bb5-vv6bg,3,33
1781593925,gsm-5,osmo-stp-768687f494-nhnn6,1,2
1781593925,gsm-5,ttcn3-tc-26-7-4-1-1-kjjfz,1,12
1781593925,gsm-5,virtphy-b55647b48-h2vqw,7,1
1781593925,gsm-6,msc-test-stub-5b875d749d-8vkzh,1,16
1781593925,gsm-6,osmo-bsc-594654bd47-hsh8v,1,5
1781593925,gsm-6,osmo-bts-virtual-5f8b9b86fc-fktnj,27,5
1781593925,gsm-6,osmo-hlr-546bdb8988-2vkjl,1,2
1781593925,gsm-6,osmo-mgw-8c8fc67d6-wd4pb,1,2
1781593925,gsm-6,osmo-mobile-7b8d4df666-lrms9,3,36
1781593925,gsm-6,osmo-stp-768687f494-9smpc,1,2
1781593925,gsm-6,ttcn3-tc-26-8-1-2-1-1-1-p7b4n,1,6
1781593925,gsm-6,virtphy-65fcd75d7-sfg7g,7,1
1781593925,gsm-7,msc-test-stub-5b875d749d-khnpx,1,16
1781593925,gsm-7,osmo-bsc-594654bd47-qqkm6,1,5
1781593925,gsm-7,osmo-bts-virtual-5f8b9b86fc-qlkms,28,5
1781593925,gsm-7,osmo-hlr-546bdb8988-497nd,1,2
1781593925,gsm-7,osmo-mgw-8c8fc67d6-rfmz7,1,2
1781593925,gsm-7,osmo-mobile-6865667c79-4594t,3,44
1781593925,gsm-7,osmo-stp-768687f494-plxcc,1,2
1781593925,gsm-7,ttcn3-tc-26-8-1-3-3-1-1-msds5,1,9
1781593925,gsm-7,virtphy-6cd7658d46-7mqb9,8,1
1781593925,gsm-8,msc-test-stub-5b875d749d-qjjvd,1,17
1781593925,gsm-8,osmo-bsc-594654bd47-gl8n5,1,5
1781593925,gsm-8,osmo-bts-virtual-5f8b9b86fc-2jhn7,25,5
1781593925,gsm-8,osmo-hlr-546bdb8988-728qc,1,7
1781593925,gsm-8,osmo-mgw-8c8fc67d6-2zf7g,1,5
1781593925,gsm-8,osmo-mobile-7f88cc47b4-fl965,3,42
1781593925,gsm-8,osmo-stp-768687f494-j95b9,1,2
1781593925,gsm-8,ttcn3-tc-34-2-2-1-prvgs,1,18
1781593925,gsm-8,virtphy-86b4bdf559-sq5gd,7,2
1781593925,kube-system,coredns-c4dbffb5f-p9rsr,2,26
1781593925,kube-system,local-path-provisioner-5c4dc5d66d-nfqxz,1,17
1781593925,kube-system,metrics-server-786d997795-hcp2m,10,44
1781593925,kube-system,svclb-traefik-1100f998-kpm9h,0,0
1781593925,kube-system,traefik-9bcdbbd9-qtpjt,1,40
1781593927,gsm-1,msc-test-stub-5b875d749d-dp87n,1,16
1781593927,gsm-1,osmo-bsc-594654bd47-j9mdh,1,5
1781593927,gsm-1,osmo-bts-virtual-5f8b9b86fc-szfjb,27,5
1781593927,gsm-1,osmo-hlr-546bdb8988-d4r6r,1,2
1781593927,gsm-1,osmo-mgw-8c8fc67d6-txwl8,1,2
1781593927,gsm-1,osmo-mobile-947867b85-d9gvn,3,36
1781593927,gsm-1,osmo-stp-768687f494-mgj9x,1,2
1781593927,gsm-1,ttcn3-tc-26-6-1-1-1-rx2fd,1,6
1781593927,gsm-1,virtphy-858665df6d-4fmrz,6,1
1781593927,gsm-2,msc-test-stub-5b875d749d-thf6z,1,16
1781593927,gsm-2,osmo-bsc-594654bd47-hhlp9,1,5
1781593927,gsm-2,osmo-bts-virtual-5f8b9b86fc-rjnc6,26,5
1781593927,gsm-2,osmo-hlr-546bdb8988-9h84c,1,2
1781593927,gsm-2,osmo-mgw-8c8fc67d6-lhmxh,1,2
1781593927,gsm-2,osmo-mobile-6b5b79f646-nqjb8,3,33
1781593927,gsm-2,osmo-stp-768687f494-hf2mq,1,2
1781593927,gsm-2,ttcn3-tc-26-6-2-1-1-1-9rxf9,1,6
1781593927,gsm-2,virtphy-6458f9f999-7h52n,7,1
1781593927,gsm-3,msc-test-stub-5b875d749d-85ttv,1,16
1781593927,gsm-3,osmo-bsc-594654bd47-4gxcf,1,5
1781593927,gsm-3,osmo-bts-virtual-5f8b9b86fc-wfr4m,28,5
1781593927,gsm-3,osmo-hlr-546bdb8988-fzbfh,1,2
1781593927,gsm-3,osmo-mgw-8c8fc67d6-hfrjx,1,2
1781593927,gsm-3,osmo-mobile-856799fbbc-b2lmx,3,33
1781593927,gsm-3,osmo-stp-768687f494-sr7gg,1,2
1781593927,gsm-3,ttcn3-tc-26-6-8-2-1-hzqbr,1,6
1781593927,gsm-3,virtphy-7c75c79c86-svx7p,6,1
1781593927,gsm-4,msc-test-stub-5b875d749d-tqp6x,1,16
1781593927,gsm-4,osmo-bsc-594654bd47-675ng,1,5
1781593927,gsm-4,osmo-bts-virtual-5f8b9b86fc-nhcwb,27,5
1781593927,gsm-4,osmo-hlr-546bdb8988-r7vdz,1,2
1781593927,gsm-4,osmo-mgw-8c8fc67d6-r4jrz,1,2
1781593927,gsm-4,osmo-mobile-74f4b9d576-kj84s,3,33
1781593927,gsm-4,osmo-stp-768687f494-n6vz9,1,2
1781593927,gsm-4,ttcn3-tc-26-7-2-1-1-c5gw7,1,9
1781593927,gsm-4,virtphy-7cb5464db9-qzrgq,6,1
1781593927,gsm-5,msc-test-stub-5b875d749d-fnfg5,1,16
1781593927,gsm-5,osmo-bsc-594654bd47-xbxld,1,5
1781593927,gsm-5,osmo-bts-virtual-5f8b9b86fc-pd9t7,28,5
1781593927,gsm-5,osmo-hlr-546bdb8988-wb5xr,1,2
1781593927,gsm-5,osmo-mgw-8c8fc67d6-fxp8q,1,2
1781593927,gsm-5,osmo-mobile-59d8d55bb5-vv6bg,3,33
1781593927,gsm-5,osmo-stp-768687f494-nhnn6,1,2
1781593927,gsm-5,ttcn3-tc-26-7-4-1-1-kjjfz,1,12
1781593927,gsm-5,virtphy-b55647b48-h2vqw,7,1
1781593927,gsm-6,msc-test-stub-5b875d749d-8vkzh,1,16
1781593927,gsm-6,osmo-bsc-594654bd47-hsh8v,1,5
1781593927,gsm-6,osmo-bts-virtual-5f8b9b86fc-fktnj,27,5
1781593927,gsm-6,osmo-hlr-546bdb8988-2vkjl,1,2
1781593927,gsm-6,osmo-mgw-8c8fc67d6-wd4pb,1,2
1781593927,gsm-6,osmo-mobile-7b8d4df666-lrms9,3,36
1781593927,gsm-6,osmo-stp-768687f494-9smpc,1,2
1781593927,gsm-6,ttcn3-tc-26-8-1-2-1-1-1-p7b4n,1,6
1781593927,gsm-6,virtphy-65fcd75d7-sfg7g,7,1
1781593927,gsm-7,msc-test-stub-5b875d749d-khnpx,1,16
1781593927,gsm-7,osmo-bsc-594654bd47-qqkm6,1,5
1781593927,gsm-7,osmo-bts-virtual-5f8b9b86fc-qlkms,28,5
1781593927,gsm-7,osmo-hlr-546bdb8988-497nd,1,2
1781593927,gsm-7,osmo-mgw-8c8fc67d6-rfmz7,1,2
1781593927,gsm-7,osmo-mobile-6865667c79-4594t,3,44
1781593927,gsm-7,osmo-stp-768687f494-plxcc,1,2
1781593927,gsm-7,ttcn3-tc-26-8-1-3-3-1-1-msds5,1,9
1781593927,gsm-7,virtphy-6cd7658d46-7mqb9,8,1
1781593927,gsm-8,msc-test-stub-5b875d749d-qjjvd,1,17
1781593927,gsm-8,osmo-bsc-594654bd47-gl8n5,1,5
1781593927,gsm-8,osmo-bts-virtual-5f8b9b86fc-2jhn7,25,5
1781593927,gsm-8,osmo-hlr-546bdb8988-728qc,1,7
1781593927,gsm-8,osmo-mgw-8c8fc67d6-2zf7g,1,5
1781593927,gsm-8,osmo-mobile-7f88cc47b4-fl965,3,42
1781593927,gsm-8,osmo-stp-768687f494-j95b9,1,2
1781593927,gsm-8,ttcn3-tc-34-2-2-1-prvgs,1,18
1781593927,gsm-8,virtphy-86b4bdf559-sq5gd,7,2
1781593927,kube-system,coredns-c4dbffb5f-p9rsr,2,26
1781593927,kube-system,local-path-provisioner-5c4dc5d66d-nfqxz,1,17
1781593927,kube-system,metrics-server-786d997795-hcp2m,10,44
1781593927,kube-system,svclb-traefik-1100f998-kpm9h,0,0
1781593927,kube-system,traefik-9bcdbbd9-qtpjt,1,40
1781593929,gsm-1,msc-test-stub-5b875d749d-dp87n,1,16
1781593929,gsm-1,osmo-bsc-594654bd47-j9mdh,1,5
1781593929,gsm-1,osmo-bts-virtual-5f8b9b86fc-szfjb,27,5
1781593929,gsm-1,osmo-hlr-546bdb8988-d4r6r,1,2
1781593929,gsm-1,osmo-mgw-8c8fc67d6-txwl8,1,2
1781593929,gsm-1,osmo-mobile-947867b85-d9gvn,3,36
1781593929,gsm-1,osmo-stp-768687f494-mgj9x,1,2
1781593929,gsm-1,ttcn3-tc-26-6-1-1-1-rx2fd,1,6
1781593929,gsm-1,virtphy-858665df6d-4fmrz,6,1
1781593929,gsm-2,msc-test-stub-5b875d749d-thf6z,1,16
1781593929,gsm-2,osmo-bsc-594654bd47-hhlp9,1,5
1781593929,gsm-2,osmo-bts-virtual-5f8b9b86fc-rjnc6,26,5
1781593929,gsm-2,osmo-hlr-546bdb8988-9h84c,1,2
1781593929,gsm-2,osmo-mgw-8c8fc67d6-lhmxh,1,2
1781593929,gsm-2,osmo-mobile-6b5b79f646-nqjb8,3,33
1781593929,gsm-2,osmo-stp-768687f494-hf2mq,1,2
1781593929,gsm-2,ttcn3-tc-26-6-2-1-1-1-9rxf9,1,6
1781593929,gsm-2,virtphy-6458f9f999-7h52n,7,1
1781593929,gsm-3,msc-test-stub-5b875d749d-85ttv,1,16
1781593929,gsm-3,osmo-bsc-594654bd47-4gxcf,1,5
1781593929,gsm-3,osmo-bts-virtual-5f8b9b86fc-wfr4m,28,5
1781593929,gsm-3,osmo-hlr-546bdb8988-fzbfh,1,2
1781593929,gsm-3,osmo-mgw-8c8fc67d6-hfrjx,1,2
1781593929,gsm-3,osmo-mobile-856799fbbc-b2lmx,3,33
1781593929,gsm-3,osmo-stp-768687f494-sr7gg,1,2
1781593929,gsm-3,ttcn3-tc-26-6-8-2-1-hzqbr,1,6
1781593929,gsm-3,virtphy-7c75c79c86-svx7p,6,1
1781593929,gsm-4,msc-test-stub-5b875d749d-tqp6x,1,16
1781593929,gsm-4,osmo-bsc-594654bd47-675ng,1,5
1781593929,gsm-4,osmo-bts-virtual-5f8b9b86fc-nhcwb,27,5
1781593929,gsm-4,osmo-hlr-546bdb8988-r7vdz,1,2
1781593929,gsm-4,osmo-mgw-8c8fc67d6-r4jrz,1,2
1781593929,gsm-4,osmo-mobile-74f4b9d576-kj84s,3,33
1781593929,gsm-4,osmo-stp-768687f494-n6vz9,1,2
1781593929,gsm-4,ttcn3-tc-26-7-2-1-1-c5gw7,1,9
1781593929,gsm-4,virtphy-7cb5464db9-qzrgq,6,1
1781593929,gsm-5,msc-test-stub-5b875d749d-fnfg5,1,16
1781593929,gsm-5,osmo-bsc-594654bd47-xbxld,1,5
1781593929,gsm-5,osmo-bts-virtual-5f8b9b86fc-pd9t7,28,5
1781593929,gsm-5,osmo-hlr-546bdb8988-wb5xr,1,2
1781593929,gsm-5,osmo-mgw-8c8fc67d6-fxp8q,1,2
1781593929,gsm-5,osmo-mobile-59d8d55bb5-vv6bg,3,33
1781593929,gsm-5,osmo-stp-768687f494-nhnn6,1,2
1781593929,gsm-5,ttcn3-tc-26-7-4-1-1-kjjfz,1,12
1781593929,gsm-5,virtphy-b55647b48-h2vqw,7,1
1781593929,gsm-6,msc-test-stub-5b875d749d-8vkzh,1,16
1781593929,gsm-6,osmo-bsc-594654bd47-hsh8v,1,5
1781593929,gsm-6,osmo-bts-virtual-5f8b9b86fc-fktnj,27,5
1781593929,gsm-6,osmo-hlr-546bdb8988-2vkjl,1,2
1781593929,gsm-6,osmo-mgw-8c8fc67d6-wd4pb,1,2
1781593929,gsm-6,osmo-mobile-7b8d4df666-lrms9,3,36
1781593929,gsm-6,osmo-stp-768687f494-9smpc,1,2
1781593929,gsm-6,ttcn3-tc-26-8-1-2-1-1-1-p7b4n,1,6
1781593929,gsm-6,virtphy-65fcd75d7-sfg7g,7,1
1781593929,gsm-7,msc-test-stub-5b875d749d-khnpx,1,16
1781593929,gsm-7,osmo-bsc-594654bd47-qqkm6,1,5
1781593929,gsm-7,osmo-bts-virtual-5f8b9b86fc-qlkms,28,5
1781593929,gsm-7,osmo-hlr-546bdb8988-497nd,1,2
1781593929,gsm-7,osmo-mgw-8c8fc67d6-rfmz7,1,2
1781593929,gsm-7,osmo-mobile-6865667c79-4594t,3,44
1781593929,gsm-7,osmo-stp-768687f494-plxcc,1,2
1781593929,gsm-7,ttcn3-tc-26-8-1-3-3-1-1-msds5,1,9
1781593929,gsm-7,virtphy-6cd7658d46-7mqb9,8,1
1781593929,gsm-8,msc-test-stub-5b875d749d-qjjvd,1,17
1781593929,gsm-8,osmo-bsc-594654bd47-gl8n5,1,5
1781593929,gsm-8,osmo-bts-virtual-5f8b9b86fc-2jhn7,25,5
1781593929,gsm-8,osmo-hlr-546bdb8988-728qc,1,7
1781593929,gsm-8,osmo-mgw-8c8fc67d6-2zf7g,1,5
1781593929,gsm-8,osmo-mobile-7f88cc47b4-fl965,3,42
1781593929,gsm-8,osmo-stp-768687f494-j95b9,1,2
1781593929,gsm-8,ttcn3-tc-34-2-2-1-prvgs,1,18
1781593929,gsm-8,virtphy-86b4bdf559-sq5gd,7,2
1781593929,kube-system,coredns-c4dbffb5f-p9rsr,2,26
1781593929,kube-system,local-path-provisioner-5c4dc5d66d-nfqxz,1,17
1781593929,kube-system,metrics-server-786d997795-hcp2m,10,44
1781593929,kube-system,svclb-traefik-1100f998-kpm9h,0,0
1781593929,kube-system,traefik-9bcdbbd9-qtpjt,1,40
1781593931,gsm-1,msc-test-stub-5b875d749d-dp87n,1,16
1781593931,gsm-1,osmo-bsc-594654bd47-j9mdh,1,5
1781593931,gsm-1,osmo-bts-virtual-5f8b9b86fc-szfjb,27,5
1781593931,gsm-1,osmo-hlr-546bdb8988-d4r6r,1,2
1781593931,gsm-1,osmo-mgw-8c8fc67d6-txwl8,1,2
1781593931,gsm-1,osmo-mobile-947867b85-d9gvn,3,36
1781593931,gsm-1,osmo-stp-768687f494-mgj9x,1,2
1781593931,gsm-1,ttcn3-tc-26-6-1-1-1-rx2fd,1,6
1781593931,gsm-1,virtphy-858665df6d-4fmrz,6,1
1781593931,gsm-2,msc-test-stub-5b875d749d-thf6z,1,16
1781593931,gsm-2,osmo-bsc-594654bd47-hhlp9,1,5
1781593931,gsm-2,osmo-bts-virtual-5f8b9b86fc-rjnc6,26,5
1781593931,gsm-2,osmo-hlr-546bdb8988-9h84c,1,2
1781593931,gsm-2,osmo-mgw-8c8fc67d6-lhmxh,1,2
1781593931,gsm-2,osmo-mobile-6b5b79f646-nqjb8,3,33
1781593931,gsm-2,osmo-stp-768687f494-hf2mq,1,2
1781593931,gsm-2,ttcn3-tc-26-6-2-1-1-1-9rxf9,1,6
1781593931,gsm-2,virtphy-6458f9f999-7h52n,7,1
1781593931,gsm-3,msc-test-stub-5b875d749d-85ttv,1,16
1781593931,gsm-3,osmo-bsc-594654bd47-4gxcf,1,5
1781593931,gsm-3,osmo-bts-virtual-5f8b9b86fc-wfr4m,28,5
1781593931,gsm-3,osmo-hlr-546bdb8988-fzbfh,1,2
1781593931,gsm-3,osmo-mgw-8c8fc67d6-hfrjx,1,2
1781593931,gsm-3,osmo-mobile-856799fbbc-b2lmx,3,33
1781593931,gsm-3,osmo-stp-768687f494-sr7gg,1,2
1781593931,gsm-3,ttcn3-tc-26-6-8-2-1-hzqbr,1,6
1781593931,gsm-3,virtphy-7c75c79c86-svx7p,6,1
1781593931,gsm-4,msc-test-stub-5b875d749d-tqp6x,1,16
1781593931,gsm-4,osmo-bsc-594654bd47-675ng,1,5
1781593931,gsm-4,osmo-bts-virtual-5f8b9b86fc-nhcwb,27,5
1781593931,gsm-4,osmo-hlr-546bdb8988-r7vdz,1,2
1781593931,gsm-4,osmo-mgw-8c8fc67d6-r4jrz,1,2
1781593931,gsm-4,osmo-mobile-74f4b9d576-kj84s,3,33
1781593931,gsm-4,osmo-stp-768687f494-n6vz9,1,2
1781593931,gsm-4,ttcn3-tc-26-7-2-1-1-c5gw7,1,9
1781593931,gsm-4,virtphy-7cb5464db9-qzrgq,6,1
1781593931,gsm-5,msc-test-stub-5b875d749d-fnfg5,1,16
1781593931,gsm-5,osmo-bsc-594654bd47-xbxld,1,5
1781593931,gsm-5,osmo-bts-virtual-5f8b9b86fc-pd9t7,28,5
1781593931,gsm-5,osmo-hlr-546bdb8988-wb5xr,1,2
1781593931,gsm-5,osmo-mgw-8c8fc67d6-fxp8q,1,2
1781593931,gsm-5,osmo-mobile-59d8d55bb5-vv6bg,3,33
1781593931,gsm-5,osmo-stp-768687f494-nhnn6,1,2
1781593931,gsm-5,ttcn3-tc-26-7-4-1-1-kjjfz,1,12
1781593931,gsm-5,virtphy-b55647b48-h2vqw,7,1
1781593931,gsm-6,msc-test-stub-5b875d749d-8vkzh,1,16
1781593931,gsm-6,osmo-bsc-594654bd47-hsh8v,1,5
1781593931,gsm-6,osmo-bts-virtual-5f8b9b86fc-fktnj,27,5
1781593931,gsm-6,osmo-hlr-546bdb8988-2vkjl,1,2
1781593931,gsm-6,osmo-mgw-8c8fc67d6-wd4pb,1,2
1781593931,gsm-6,osmo-mobile-7b8d4df666-lrms9,3,36
1781593931,gsm-6,osmo-stp-768687f494-9smpc,1,2
1781593931,gsm-6,ttcn3-tc-26-8-1-2-1-1-1-p7b4n,1,6
1781593931,gsm-6,virtphy-65fcd75d7-sfg7g,7,1
1781593931,gsm-7,msc-test-stub-5b875d749d-khnpx,1,16
1781593931,gsm-7,osmo-bsc-594654bd47-qqkm6,1,5
1781593931,gsm-7,osmo-bts-virtual-5f8b9b86fc-qlkms,28,5
1781593931,gsm-7,osmo-hlr-546bdb8988-497nd,1,2
1781593931,gsm-7,osmo-mgw-8c8fc67d6-rfmz7,1,2
1781593931,gsm-7,osmo-mobile-6865667c79-4594t,3,44
1781593931,gsm-7,osmo-stp-768687f494-plxcc,1,2
1781593931,gsm-7,ttcn3-tc-26-8-1-3-3-1-1-msds5,1,9
1781593931,gsm-7,virtphy-6cd7658d46-7mqb9,8,1
1781593931,gsm-8,msc-test-stub-5b875d749d-qjjvd,1,17
1781593931,gsm-8,osmo-bsc-594654bd47-gl8n5,1,5
1781593931,gsm-8,osmo-bts-virtual-5f8b9b86fc-2jhn7,25,5
1781593931,gsm-8,osmo-hlr-546bdb8988-728qc,1,7
1781593931,gsm-8,osmo-mgw-8c8fc67d6-2zf7g,1,5
1781593931,gsm-8,osmo-mobile-7f88cc47b4-fl965,3,42
1781593931,gsm-8,osmo-stp-768687f494-j95b9,1,2
1781593931,gsm-8,ttcn3-tc-34-2-2-1-prvgs,1,18
1781593931,gsm-8,virtphy-86b4bdf559-sq5gd,7,2
1781593931,kube-system,coredns-c4dbffb5f-p9rsr,2,26
1781593931,kube-system,local-path-provisioner-5c4dc5d66d-nfqxz,1,17
1781593931,kube-system,metrics-server-786d997795-hcp2m,10,44
1781593931,kube-system,svclb-traefik-1100f998-kpm9h,0,0
1781593931,kube-system,traefik-9bcdbbd9-qtpjt,1,40
1781593933,gsm-1,msc-test-stub-5b875d749d-dp87n,1,16
1781593933,gsm-1,osmo-bsc-594654bd47-j9mdh,1,5
1781593933,gsm-1,osmo-bts-virtual-5f8b9b86fc-szfjb,27,5
1781593933,gsm-1,osmo-hlr-546bdb8988-d4r6r,1,2
1781593933,gsm-1,osmo-mgw-8c8fc67d6-txwl8,1,2
1781593933,gsm-1,osmo-mobile-947867b85-d9gvn,3,36
1781593933,gsm-1,osmo-stp-768687f494-mgj9x,1,2
1781593933,gsm-1,ttcn3-tc-26-6-1-1-1-rx2fd,1,6
1781593933,gsm-1,virtphy-858665df6d-4fmrz,7,1
1781593933,gsm-2,msc-test-stub-5b875d749d-thf6z,1,16
1781593933,gsm-2,osmo-bsc-594654bd47-hhlp9,1,5
1781593933,gsm-2,osmo-bts-virtual-5f8b9b86fc-rjnc6,26,5
1781593933,gsm-2,osmo-hlr-546bdb8988-9h84c,1,2
1781593933,gsm-2,osmo-mgw-8c8fc67d6-lhmxh,1,2
1781593933,gsm-2,osmo-mobile-6b5b79f646-nqjb8,4,33
1781593933,gsm-2,osmo-stp-768687f494-hf2mq,1,2
1781593933,gsm-2,ttcn3-tc-26-6-2-1-1-1-9rxf9,1,6
1781593933,gsm-2,virtphy-6458f9f999-7h52n,7,1
1781593933,gsm-3,msc-test-stub-5b875d749d-85ttv,1,16
1781593933,gsm-3,osmo-bsc-594654bd47-4gxcf,1,5
1781593933,gsm-3,osmo-bts-virtual-5f8b9b86fc-wfr4m,26,5
1781593933,gsm-3,osmo-hlr-546bdb8988-fzbfh,1,2
1781593933,gsm-3,osmo-mgw-8c8fc67d6-hfrjx,1,2
1781593933,gsm-3,osmo-mobile-856799fbbc-b2lmx,3,33
1781593933,gsm-3,osmo-stp-768687f494-sr7gg,1,2
1781593933,gsm-3,ttcn3-tc-26-6-8-2-1-hzqbr,1,6
1781593933,gsm-3,virtphy-7c75c79c86-svx7p,6,1
1781593933,gsm-4,msc-test-stub-5b875d749d-tqp6x,1,16
1781593933,gsm-4,osmo-bsc-594654bd47-675ng,1,5
1781593933,gsm-4,osmo-bts-virtual-5f8b9b86fc-nhcwb,29,5
1781593933,gsm-4,osmo-hlr-546bdb8988-r7vdz,1,2
1781593933,gsm-4,osmo-mgw-8c8fc67d6-r4jrz,1,2
1781593933,gsm-4,osmo-mobile-74f4b9d576-kj84s,3,33
1781593933,gsm-4,osmo-stp-768687f494-n6vz9,1,2
1781593933,gsm-4,ttcn3-tc-26-7-2-1-1-c5gw7,1,9
1781593933,gsm-4,virtphy-7cb5464db9-qzrgq,7,1
1781593933,gsm-5,msc-test-stub-5b875d749d-fnfg5,1,16
1781593933,gsm-5,osmo-bsc-594654bd47-xbxld,1,5
1781593933,gsm-5,osmo-bts-virtual-5f8b9b86fc-pd9t7,32,5
1781593933,gsm-5,osmo-hlr-546bdb8988-wb5xr,1,2
1781593933,gsm-5,osmo-mgw-8c8fc67d6-fxp8q,1,2
1781593933,gsm-5,osmo-mobile-59d8d55bb5-vv6bg,3,33
1781593933,gsm-5,osmo-stp-768687f494-nhnn6,1,2
1781593933,gsm-5,ttcn3-tc-26-7-4-1-1-kjjfz,1,12
1781593933,gsm-5,virtphy-b55647b48-h2vqw,7,1
1781593933,gsm-6,msc-test-stub-5b875d749d-8vkzh,1,16
1781593933,gsm-6,osmo-bsc-594654bd47-hsh8v,1,5
1781593933,gsm-6,osmo-bts-virtual-5f8b9b86fc-fktnj,26,5
1781593933,gsm-6,osmo-hlr-546bdb8988-2vkjl,1,2
1781593933,gsm-6,osmo-mgw-8c8fc67d6-wd4pb,1,2
1781593933,gsm-6,osmo-mobile-7b8d4df666-lrms9,4,36
1781593933,gsm-6,osmo-stp-768687f494-9smpc,1,2
1781593933,gsm-6,ttcn3-tc-26-8-1-2-1-1-1-p7b4n,1,6
1781593933,gsm-6,virtphy-65fcd75d7-sfg7g,6,1
1781593933,gsm-7,msc-test-stub-5b875d749d-khnpx,1,16
1781593933,gsm-7,osmo-bsc-594654bd47-qqkm6,1,5
1781593933,gsm-7,osmo-bts-virtual-5f8b9b86fc-qlkms,27,5
1781593933,gsm-7,osmo-hlr-546bdb8988-497nd,1,2
1781593933,gsm-7,osmo-mgw-8c8fc67d6-rfmz7,1,2
1781593933,gsm-7,osmo-mobile-6865667c79-4594t,3,44
1781593933,gsm-7,osmo-stp-768687f494-plxcc,1,2
1781593933,gsm-7,ttcn3-tc-26-8-1-3-3-1-1-msds5,1,9
1781593933,gsm-7,virtphy-6cd7658d46-7mqb9,6,1
1781593933,gsm-8,msc-test-stub-5b875d749d-qjjvd,1,17
1781593933,gsm-8,osmo-bsc-594654bd47-gl8n5,1,5
1781593933,gsm-8,osmo-bts-virtual-5f8b9b86fc-2jhn7,27,5
1781593933,gsm-8,osmo-hlr-546bdb8988-728qc,1,7
1781593933,gsm-8,osmo-mgw-8c8fc67d6-2zf7g,1,5
1781593933,gsm-8,osmo-mobile-7f88cc47b4-fl965,3,42
1781593933,gsm-8,osmo-stp-768687f494-j95b9,1,2
1781593933,gsm-8,ttcn3-tc-34-2-2-1-prvgs,1,18
1781593933,gsm-8,virtphy-86b4bdf559-sq5gd,6,2
1781593933,kube-system,coredns-c4dbffb5f-p9rsr,3,27
1781593933,kube-system,local-path-provisioner-5c4dc5d66d-nfqxz,1,17
1781593933,kube-system,metrics-server-786d997795-hcp2m,12,44
1781593933,kube-system,svclb-traefik-1100f998-kpm9h,0,0
1781593933,kube-system,traefik-9bcdbbd9-qtpjt,1,40
1781593936,gsm-1,msc-test-stub-5b875d749d-dp87n,1,16
1781593936,gsm-1,osmo-bsc-594654bd47-j9mdh,1,5
1781593936,gsm-1,osmo-bts-virtual-5f8b9b86fc-szfjb,27,5
1781593936,gsm-1,osmo-hlr-546bdb8988-d4r6r,1,2
1781593936,gsm-1,osmo-mgw-8c8fc67d6-txwl8,1,2
1781593936,gsm-1,osmo-mobile-947867b85-d9gvn,3,36
1781593936,gsm-1,osmo-stp-768687f494-mgj9x,1,2
1781593936,gsm-1,ttcn3-tc-26-6-1-1-1-rx2fd,1,6
1781593936,gsm-1,virtphy-858665df6d-4fmrz,7,1
1781593936,gsm-2,msc-test-stub-5b875d749d-thf6z,1,16
1781593936,gsm-2,osmo-bsc-594654bd47-hhlp9,1,5
1781593936,gsm-2,osmo-bts-virtual-5f8b9b86fc-rjnc6,26,5
1781593936,gsm-2,osmo-hlr-546bdb8988-9h84c,1,2
1781593936,gsm-2,osmo-mgw-8c8fc67d6-lhmxh,1,2
1781593936,gsm-2,osmo-mobile-6b5b79f646-nqjb8,4,33
1781593936,gsm-2,osmo-stp-768687f494-hf2mq,1,2
1781593936,gsm-2,ttcn3-tc-26-6-2-1-1-1-9rxf9,1,6
1781593936,gsm-2,virtphy-6458f9f999-7h52n,7,1
1781593936,gsm-3,msc-test-stub-5b875d749d-85ttv,1,16
1781593936,gsm-3,osmo-bsc-594654bd47-4gxcf,1,5
1781593936,gsm-3,osmo-bts-virtual-5f8b9b86fc-wfr4m,26,5
1781593936,gsm-3,osmo-hlr-546bdb8988-fzbfh,1,2
1781593936,gsm-3,osmo-mgw-8c8fc67d6-hfrjx,1,2
1781593936,gsm-3,osmo-mobile-856799fbbc-b2lmx,3,33
1781593936,gsm-3,osmo-stp-768687f494-sr7gg,1,2
1781593936,gsm-3,ttcn3-tc-26-6-8-2-1-hzqbr,1,6
1781593936,gsm-3,virtphy-7c75c79c86-svx7p,6,1
1781593936,gsm-4,msc-test-stub-5b875d749d-tqp6x,1,16
1781593936,gsm-4,osmo-bsc-594654bd47-675ng,1,5
1781593936,gsm-4,osmo-bts-virtual-5f8b9b86fc-nhcwb,29,5
1781593936,gsm-4,osmo-hlr-546bdb8988-r7vdz,1,2
1781593936,gsm-4,osmo-mgw-8c8fc67d6-r4jrz,1,2
1781593936,gsm-4,osmo-mobile-74f4b9d576-kj84s,3,33
1781593936,gsm-4,osmo-stp-768687f494-n6vz9,1,2
1781593936,gsm-4,ttcn3-tc-26-7-2-1-1-c5gw7,1,9
1781593936,gsm-4,virtphy-7cb5464db9-qzrgq,7,1
1781593936,gsm-5,msc-test-stub-5b875d749d-fnfg5,1,16
1781593936,gsm-5,osmo-bsc-594654bd47-xbxld,1,5
1781593936,gsm-5,osmo-bts-virtual-5f8b9b86fc-pd9t7,32,5
1781593936,gsm-5,osmo-hlr-546bdb8988-wb5xr,1,2
1781593936,gsm-5,osmo-mgw-8c8fc67d6-fxp8q,1,2
1781593936,gsm-5,osmo-mobile-59d8d55bb5-vv6bg,3,33
1781593936,gsm-5,osmo-stp-768687f494-nhnn6,1,2
1781593936,gsm-5,ttcn3-tc-26-7-4-1-1-kjjfz,1,12
1781593936,gsm-5,virtphy-b55647b48-h2vqw,7,1
1781593936,gsm-6,msc-test-stub-5b875d749d-8vkzh,1,16
1781593936,gsm-6,osmo-bsc-594654bd47-hsh8v,1,5
1781593936,gsm-6,osmo-bts-virtual-5f8b9b86fc-fktnj,26,5
1781593936,gsm-6,osmo-hlr-546bdb8988-2vkjl,1,2
1781593936,gsm-6,osmo-mgw-8c8fc67d6-wd4pb,1,2
1781593936,gsm-6,osmo-mobile-7b8d4df666-lrms9,4,36
1781593936,gsm-6,osmo-stp-768687f494-9smpc,1,2
1781593936,gsm-6,ttcn3-tc-26-8-1-2-1-1-1-p7b4n,1,6
1781593936,gsm-6,virtphy-65fcd75d7-sfg7g,6,1
1781593936,gsm-7,msc-test-stub-5b875d749d-khnpx,1,16
1781593936,gsm-7,osmo-bsc-594654bd47-qqkm6,1,5
1781593936,gsm-7,osmo-bts-virtual-5f8b9b86fc-qlkms,27,5
1781593936,gsm-7,osmo-hlr-546bdb8988-497nd,1,2
1781593936,gsm-7,osmo-mgw-8c8fc67d6-rfmz7,1,2
1781593936,gsm-7,osmo-mobile-6865667c79-4594t,3,44
1781593936,gsm-7,osmo-stp-768687f494-plxcc,1,2
1781593936,gsm-7,ttcn3-tc-26-8-1-3-3-1-1-msds5,1,9
1781593936,gsm-7,virtphy-6cd7658d46-7mqb9,6,1
1781593936,gsm-8,msc-test-stub-5b875d749d-qjjvd,1,17
1781593936,gsm-8,osmo-bsc-594654bd47-gl8n5,1,5
1781593936,gsm-8,osmo-bts-virtual-5f8b9b86fc-2jhn7,27,5
1781593936,gsm-8,osmo-hlr-546bdb8988-728qc,1,7
1781593936,gsm-8,osmo-mgw-8c8fc67d6-2zf7g,1,5
1781593936,gsm-8,osmo-mobile-7f88cc47b4-fl965,3,42
1781593936,gsm-8,osmo-stp-768687f494-j95b9,1,2
1781593936,gsm-8,ttcn3-tc-34-2-2-1-prvgs,1,18
1781593936,gsm-8,virtphy-86b4bdf559-sq5gd,6,2
1781593936,kube-system,coredns-c4dbffb5f-p9rsr,3,27
1781593936,kube-system,local-path-provisioner-5c4dc5d66d-nfqxz,1,17
1781593936,kube-system,metrics-server-786d997795-hcp2m,12,44
1781593936,kube-system,svclb-traefik-1100f998-kpm9h,0,0
1781593936,kube-system,traefik-9bcdbbd9-qtpjt,1,40
1781593939,gsm-1,msc-test-stub-5b875d749d-dp87n,1,16
1781593939,gsm-1,osmo-bsc-594654bd47-j9mdh,1,5
1781593939,gsm-1,osmo-bts-virtual-5f8b9b86fc-szfjb,27,5
1781593939,gsm-1,osmo-hlr-546bdb8988-d4r6r,1,2
1781593939,gsm-1,osmo-mgw-8c8fc67d6-txwl8,1,2
1781593939,gsm-1,osmo-mobile-947867b85-d9gvn,3,36
1781593939,gsm-1,osmo-stp-768687f494-mgj9x,1,2
1781593939,gsm-1,ttcn3-tc-26-6-1-1-1-rx2fd,1,6
1781593939,gsm-1,virtphy-858665df6d-4fmrz,7,1
1781593939,gsm-2,msc-test-stub-5b875d749d-thf6z,1,16
1781593939,gsm-2,osmo-bsc-594654bd47-hhlp9,1,5
1781593939,gsm-2,osmo-bts-virtual-5f8b9b86fc-rjnc6,26,5
1781593939,gsm-2,osmo-hlr-546bdb8988-9h84c,1,2
1781593939,gsm-2,osmo-mgw-8c8fc67d6-lhmxh,1,2
1781593939,gsm-2,osmo-mobile-6b5b79f646-nqjb8,4,33
1781593939,gsm-2,osmo-stp-768687f494-hf2mq,1,2
1781593939,gsm-2,ttcn3-tc-26-6-2-1-1-1-9rxf9,1,6
1781593939,gsm-2,virtphy-6458f9f999-7h52n,7,1
1781593939,gsm-3,msc-test-stub-5b875d749d-85ttv,1,16
1781593939,gsm-3,osmo-bsc-594654bd47-4gxcf,1,5
1781593939,gsm-3,osmo-bts-virtual-5f8b9b86fc-wfr4m,26,5
1781593939,gsm-3,osmo-hlr-546bdb8988-fzbfh,1,2
1781593939,gsm-3,osmo-mgw-8c8fc67d6-hfrjx,1,2
1781593939,gsm-3,osmo-mobile-856799fbbc-b2lmx,3,33
1781593939,gsm-3,osmo-stp-768687f494-sr7gg,1,2
1781593939,gsm-3,ttcn3-tc-26-6-8-2-1-hzqbr,1,6
1781593939,gsm-3,virtphy-7c75c79c86-svx7p,6,1
1781593939,gsm-4,msc-test-stub-5b875d749d-tqp6x,1,16
1781593939,gsm-4,osmo-bsc-594654bd47-675ng,1,5
1781593939,gsm-4,osmo-bts-virtual-5f8b9b86fc-nhcwb,29,5
1781593939,gsm-4,osmo-hlr-546bdb8988-r7vdz,1,2
1781593939,gsm-4,osmo-mgw-8c8fc67d6-r4jrz,1,2
1781593939,gsm-4,osmo-mobile-74f4b9d576-kj84s,3,33
1781593939,gsm-4,osmo-stp-768687f494-n6vz9,1,2
1781593939,gsm-4,virtphy-7cb5464db9-qzrgq,7,1
1781593939,gsm-5,msc-test-stub-5b875d749d-fnfg5,1,16
1781593939,gsm-5,osmo-bsc-594654bd47-xbxld,1,5
1781593939,gsm-5,osmo-bts-virtual-5f8b9b86fc-pd9t7,32,5
1781593939,gsm-5,osmo-hlr-546bdb8988-wb5xr,1,2
1781593939,gsm-5,osmo-mgw-8c8fc67d6-fxp8q,1,2
1781593939,gsm-5,osmo-mobile-59d8d55bb5-vv6bg,3,33
1781593939,gsm-5,osmo-stp-768687f494-nhnn6,1,2
1781593939,gsm-5,ttcn3-tc-26-7-4-1-1-kjjfz,1,12
1781593939,gsm-5,virtphy-b55647b48-h2vqw,7,1
1781593939,gsm-6,msc-test-stub-5b875d749d-8vkzh,1,16
1781593939,gsm-6,osmo-bsc-594654bd47-hsh8v,1,5
1781593939,gsm-6,osmo-bts-virtual-5f8b9b86fc-fktnj,26,5
1781593939,gsm-6,osmo-hlr-546bdb8988-2vkjl,1,2
1781593939,gsm-6,osmo-mgw-8c8fc67d6-wd4pb,1,2
1781593939,gsm-6,osmo-mobile-7b8d4df666-lrms9,4,36
1781593939,gsm-6,osmo-stp-768687f494-9smpc,1,2
1781593939,gsm-6,virtphy-65fcd75d7-sfg7g,6,1
1781593939,gsm-7,msc-test-stub-5b875d749d-khnpx,1,16
1781593939,gsm-7,osmo-bsc-594654bd47-qqkm6,1,5
1781593939,gsm-7,osmo-bts-virtual-5f8b9b86fc-qlkms,27,5
1781593939,gsm-7,osmo-hlr-546bdb8988-497nd,1,2
1781593939,gsm-7,osmo-mgw-8c8fc67d6-rfmz7,1,2
1781593939,gsm-7,osmo-mobile-6865667c79-4594t,3,44
1781593939,gsm-7,osmo-stp-768687f494-plxcc,1,2
1781593939,gsm-7,ttcn3-tc-26-8-1-3-3-1-1-msds5,1,9
1781593939,gsm-7,virtphy-6cd7658d46-7mqb9,6,1
1781593939,gsm-8,msc-test-stub-5b875d749d-qjjvd,1,17
1781593939,gsm-8,osmo-bsc-594654bd47-gl8n5,1,5
1781593939,gsm-8,osmo-bts-virtual-5f8b9b86fc-2jhn7,27,5
1781593939,gsm-8,osmo-hlr-546bdb8988-728qc,1,7
1781593939,gsm-8,osmo-mgw-8c8fc67d6-2zf7g,1,5
1781593939,gsm-8,osmo-mobile-7f88cc47b4-fl965,3,42
1781593939,gsm-8,osmo-stp-768687f494-j95b9,1,2
1781593939,gsm-8,ttcn3-tc-34-2-2-1-prvgs,1,18
1781593939,gsm-8,virtphy-86b4bdf559-sq5gd,6,2
1781593939,kube-system,coredns-c4dbffb5f-p9rsr,3,27
1781593939,kube-system,local-path-provisioner-5c4dc5d66d-nfqxz,1,17
1781593939,kube-system,metrics-server-786d997795-hcp2m,12,44
1781593939,kube-system,svclb-traefik-1100f998-kpm9h,0,0
1781593939,kube-system,traefik-9bcdbbd9-qtpjt,1,40
1781593941,gsm-1,msc-test-stub-5b875d749d-dp87n,1,16
1781593941,gsm-1,osmo-bsc-594654bd47-j9mdh,1,5
1781593941,gsm-1,osmo-bts-virtual-5f8b9b86fc-szfjb,27,5
1781593941,gsm-1,osmo-hlr-546bdb8988-d4r6r,1,2
1781593941,gsm-1,osmo-mgw-8c8fc67d6-txwl8,1,2
1781593941,gsm-1,osmo-mobile-947867b85-d9gvn,3,36
1781593941,gsm-1,osmo-stp-768687f494-mgj9x,1,2
1781593941,gsm-1,ttcn3-tc-26-6-1-1-1-rx2fd,1,6
1781593941,gsm-1,virtphy-858665df6d-4fmrz,7,1
1781593941,gsm-2,msc-test-stub-5b875d749d-thf6z,1,16
1781593941,gsm-2,osmo-bsc-594654bd47-hhlp9,1,5
1781593941,gsm-2,osmo-bts-virtual-5f8b9b86fc-rjnc6,26,5
1781593941,gsm-2,osmo-hlr-546bdb8988-9h84c,1,2
1781593941,gsm-2,osmo-mgw-8c8fc67d6-lhmxh,1,2
1781593941,gsm-2,osmo-mobile-6b5b79f646-nqjb8,4,33
1781593941,gsm-2,osmo-stp-768687f494-hf2mq,1,2
1781593941,gsm-2,ttcn3-tc-26-6-2-1-1-1-9rxf9,1,6
1781593941,gsm-2,virtphy-6458f9f999-7h52n,7,1
1781593941,gsm-3,msc-test-stub-5b875d749d-85ttv,1,16
1781593941,gsm-3,osmo-bsc-594654bd47-4gxcf,1,5
1781593941,gsm-3,osmo-bts-virtual-5f8b9b86fc-wfr4m,26,5
1781593941,gsm-3,osmo-hlr-546bdb8988-fzbfh,1,2
1781593941,gsm-3,osmo-mgw-8c8fc67d6-hfrjx,1,2
1781593941,gsm-3,osmo-mobile-856799fbbc-b2lmx,3,33
1781593941,gsm-3,osmo-stp-768687f494-sr7gg,1,2
1781593941,gsm-3,ttcn3-tc-26-6-8-2-1-hzqbr,1,6
1781593941,gsm-3,virtphy-7c75c79c86-svx7p,6,1
1781593941,gsm-4,msc-test-stub-5b875d749d-tqp6x,1,16
1781593941,gsm-4,osmo-bsc-594654bd47-675ng,1,5
1781593941,gsm-4,osmo-bts-virtual-5f8b9b86fc-nhcwb,29,5
1781593941,gsm-4,osmo-hlr-546bdb8988-r7vdz,1,2
1781593941,gsm-4,osmo-mgw-8c8fc67d6-r4jrz,1,2
1781593941,gsm-4,osmo-mobile-74f4b9d576-kj84s,3,33
1781593941,gsm-4,osmo-stp-768687f494-n6vz9,1,2
1781593941,gsm-4,virtphy-7cb5464db9-qzrgq,7,1
1781593941,gsm-5,msc-test-stub-5b875d749d-fnfg5,1,16
1781593941,gsm-5,osmo-bsc-594654bd47-xbxld,1,5
1781593941,gsm-5,osmo-bts-virtual-5f8b9b86fc-pd9t7,32,5
1781593941,gsm-5,osmo-hlr-546bdb8988-wb5xr,1,2
1781593941,gsm-5,osmo-mgw-8c8fc67d6-fxp8q,1,2
1781593941,gsm-5,osmo-mobile-59d8d55bb5-vv6bg,3,33
1781593941,gsm-5,osmo-stp-768687f494-nhnn6,1,2
1781593941,gsm-5,ttcn3-tc-26-7-4-1-1-kjjfz,1,12
1781593941,gsm-5,virtphy-b55647b48-h2vqw,7,1
1781593941,gsm-6,msc-test-stub-5b875d749d-8vkzh,1,16
1781593941,gsm-6,osmo-bsc-594654bd47-hsh8v,1,5
1781593941,gsm-6,osmo-bts-virtual-5f8b9b86fc-fktnj,26,5
1781593941,gsm-6,osmo-hlr-546bdb8988-2vkjl,1,2
1781593941,gsm-6,osmo-mgw-8c8fc67d6-wd4pb,1,2
1781593941,gsm-6,osmo-mobile-7b8d4df666-lrms9,4,36
1781593941,gsm-6,osmo-stp-768687f494-9smpc,1,2
1781593941,gsm-6,virtphy-65fcd75d7-sfg7g,6,1
1781593941,gsm-7,msc-test-stub-5b875d749d-khnpx,1,16
1781593941,gsm-7,osmo-bsc-594654bd47-qqkm6,1,5
1781593941,gsm-7,osmo-bts-virtual-5f8b9b86fc-qlkms,27,5
1781593941,gsm-7,osmo-hlr-546bdb8988-497nd,1,2
1781593941,gsm-7,osmo-mgw-8c8fc67d6-rfmz7,1,2
1781593941,gsm-7,osmo-mobile-6865667c79-4594t,3,44
1781593941,gsm-7,osmo-stp-768687f494-plxcc,1,2
1781593941,gsm-7,ttcn3-tc-26-8-1-3-3-1-1-msds5,1,9
1781593941,gsm-7,virtphy-6cd7658d46-7mqb9,6,1
1781593941,gsm-8,msc-test-stub-5b875d749d-qjjvd,1,17
1781593941,gsm-8,osmo-bsc-594654bd47-gl8n5,1,5
1781593941,gsm-8,osmo-bts-virtual-5f8b9b86fc-2jhn7,27,5
1781593941,gsm-8,osmo-hlr-546bdb8988-728qc,1,7
1781593941,gsm-8,osmo-mgw-8c8fc67d6-2zf7g,1,5
1781593941,gsm-8,osmo-mobile-7f88cc47b4-fl965,3,42
1781593941,gsm-8,osmo-stp-768687f494-j95b9,1,2
1781593941,gsm-8,ttcn3-tc-34-2-2-1-prvgs,1,18
1781593941,gsm-8,virtphy-86b4bdf559-sq5gd,6,2
1781593941,kube-system,coredns-c4dbffb5f-p9rsr,3,27
1781593941,kube-system,local-path-provisioner-5c4dc5d66d-nfqxz,1,17
1781593941,kube-system,metrics-server-786d997795-hcp2m,12,44
1781593941,kube-system,svclb-traefik-1100f998-kpm9h,0,0
1781593941,kube-system,traefik-9bcdbbd9-qtpjt,1,40
1781593944,gsm-1,msc-test-stub-5b875d749d-dp87n,1,16
1781593944,gsm-1,osmo-bsc-594654bd47-j9mdh,1,5
1781593944,gsm-1,osmo-bts-virtual-5f8b9b86fc-szfjb,27,5
1781593944,gsm-1,osmo-hlr-546bdb8988-d4r6r,1,2
1781593944,gsm-1,osmo-mgw-8c8fc67d6-txwl8,1,2
1781593944,gsm-1,osmo-mobile-947867b85-d9gvn,3,36
1781593944,gsm-1,osmo-stp-768687f494-mgj9x,1,2
1781593944,gsm-1,ttcn3-tc-26-6-1-1-1-rx2fd,1,6
1781593944,gsm-1,virtphy-858665df6d-4fmrz,7,1
1781593944,gsm-2,msc-test-stub-5b875d749d-thf6z,1,16
1781593944,gsm-2,osmo-bsc-594654bd47-hhlp9,1,5
1781593944,gsm-2,osmo-bts-virtual-5f8b9b86fc-rjnc6,26,5
1781593944,gsm-2,osmo-hlr-546bdb8988-9h84c,1,2
1781593944,gsm-2,osmo-mgw-8c8fc67d6-lhmxh,1,2
1781593944,gsm-2,osmo-mobile-6b5b79f646-nqjb8,4,33
1781593944,gsm-2,osmo-stp-768687f494-hf2mq,1,2
1781593944,gsm-2,ttcn3-tc-26-6-2-1-1-1-9rxf9,1,6
1781593944,gsm-2,virtphy-6458f9f999-7h52n,7,1
1781593944,gsm-3,msc-test-stub-5b875d749d-85ttv,1,16
1781593944,gsm-3,osmo-bsc-594654bd47-4gxcf,1,5
1781593944,gsm-3,osmo-bts-virtual-5f8b9b86fc-wfr4m,26,5
1781593944,gsm-3,osmo-hlr-546bdb8988-fzbfh,1,2
1781593944,gsm-3,osmo-mgw-8c8fc67d6-hfrjx,1,2
1781593944,gsm-3,osmo-mobile-856799fbbc-b2lmx,3,33
1781593944,gsm-3,osmo-stp-768687f494-sr7gg,1,2
1781593944,gsm-3,ttcn3-tc-26-6-8-2-1-hzqbr,1,6
1781593944,gsm-3,virtphy-7c75c79c86-svx7p,6,1
1781593944,gsm-4,msc-test-stub-5b875d749d-tqp6x,1,16
1781593944,gsm-4,osmo-bsc-594654bd47-675ng,1,5
1781593944,gsm-4,osmo-bts-virtual-5f8b9b86fc-nhcwb,29,5
1781593944,gsm-4,osmo-hlr-546bdb8988-r7vdz,1,2
1781593944,gsm-4,osmo-mgw-8c8fc67d6-r4jrz,1,2
1781593944,gsm-4,osmo-mobile-74f4b9d576-kj84s,3,33
1781593944,gsm-4,osmo-stp-768687f494-n6vz9,1,2
1781593944,gsm-4,virtphy-7cb5464db9-qzrgq,7,1
1781593944,gsm-5,msc-test-stub-5b875d749d-fnfg5,1,16
1781593944,gsm-5,osmo-bsc-594654bd47-xbxld,1,5
1781593944,gsm-5,osmo-bts-virtual-5f8b9b86fc-pd9t7,32,5
1781593944,gsm-5,osmo-hlr-546bdb8988-wb5xr,1,2
1781593944,gsm-5,osmo-mgw-8c8fc67d6-fxp8q,1,2
1781593944,gsm-5,osmo-mobile-59d8d55bb5-vv6bg,3,33
1781593944,gsm-5,osmo-stp-768687f494-nhnn6,1,2
1781593944,gsm-5,ttcn3-tc-26-7-4-1-1-kjjfz,1,12
1781593944,gsm-5,virtphy-b55647b48-h2vqw,7,1
1781593944,gsm-6,msc-test-stub-5b875d749d-8vkzh,1,16
1781593944,gsm-6,osmo-bsc-594654bd47-hsh8v,1,5
1781593944,gsm-6,osmo-bts-virtual-5f8b9b86fc-fktnj,26,5
1781593944,gsm-6,osmo-hlr-546bdb8988-2vkjl,1,2
1781593944,gsm-6,osmo-mgw-8c8fc67d6-wd4pb,1,2
1781593944,gsm-6,osmo-mobile-7b8d4df666-lrms9,4,36
1781593944,gsm-6,osmo-stp-768687f494-9smpc,1,2
1781593944,gsm-6,virtphy-65fcd75d7-sfg7g,6,1
1781593944,gsm-7,msc-test-stub-5b875d749d-khnpx,1,16
1781593944,gsm-7,osmo-bsc-594654bd47-qqkm6,1,5
1781593944,gsm-7,osmo-bts-virtual-5f8b9b86fc-qlkms,27,5
1781593944,gsm-7,osmo-hlr-546bdb8988-497nd,1,2
1781593944,gsm-7,osmo-mgw-8c8fc67d6-rfmz7,1,2
1781593944,gsm-7,osmo-mobile-6865667c79-4594t,3,44
1781593944,gsm-7,osmo-stp-768687f494-plxcc,1,2
1781593944,gsm-7,ttcn3-tc-26-8-1-3-3-1-1-msds5,1,9
1781593944,gsm-7,virtphy-6cd7658d46-7mqb9,6,1
1781593944,gsm-8,msc-test-stub-5b875d749d-qjjvd,1,17
1781593944,gsm-8,osmo-bsc-594654bd47-gl8n5,1,5
1781593944,gsm-8,osmo-bts-virtual-5f8b9b86fc-2jhn7,27,5
1781593944,gsm-8,osmo-hlr-546bdb8988-728qc,1,7
1781593944,gsm-8,osmo-mgw-8c8fc67d6-2zf7g,1,5
1781593944,gsm-8,osmo-mobile-7f88cc47b4-fl965,3,42
1781593944,gsm-8,osmo-stp-768687f494-j95b9,1,2
1781593944,gsm-8,ttcn3-tc-34-2-2-1-prvgs,1,18
1781593944,gsm-8,virtphy-86b4bdf559-sq5gd,6,2
1781593944,kube-system,coredns-c4dbffb5f-p9rsr,3,27
1781593944,kube-system,local-path-provisioner-5c4dc5d66d-nfqxz,1,17
1781593944,kube-system,metrics-server-786d997795-hcp2m,12,44
1781593944,kube-system,svclb-traefik-1100f998-kpm9h,0,0
1781593944,kube-system,traefik-9bcdbbd9-qtpjt,1,40
1781593947,gsm-1,msc-test-stub-5b875d749d-dp87n,1,16
1781593947,gsm-1,osmo-bsc-594654bd47-j9mdh,1,5
1781593947,gsm-1,osmo-bts-virtual-5f8b9b86fc-szfjb,27,5
1781593947,gsm-1,osmo-hlr-546bdb8988-d4r6r,1,2
1781593947,gsm-1,osmo-mgw-8c8fc67d6-txwl8,1,2
1781593947,gsm-1,osmo-mobile-947867b85-d9gvn,3,36
1781593947,gsm-1,osmo-stp-768687f494-mgj9x,1,2
1781593947,gsm-1,ttcn3-tc-26-6-1-1-1-rx2fd,1,6
1781593947,gsm-1,virtphy-858665df6d-4fmrz,7,1
1781593947,gsm-2,msc-test-stub-5b875d749d-thf6z,1,16
1781593947,gsm-2,osmo-bsc-594654bd47-hhlp9,1,5
1781593947,gsm-2,osmo-bts-virtual-5f8b9b86fc-rjnc6,26,5
1781593947,gsm-2,osmo-hlr-546bdb8988-9h84c,1,2
1781593947,gsm-2,osmo-mgw-8c8fc67d6-lhmxh,1,2
1781593947,gsm-2,osmo-mobile-6b5b79f646-nqjb8,4,33
1781593947,gsm-2,osmo-stp-768687f494-hf2mq,1,2
1781593947,gsm-2,ttcn3-tc-26-6-2-1-1-1-9rxf9,1,6
1781593947,gsm-2,virtphy-6458f9f999-7h52n,7,1
1781593947,gsm-3,msc-test-stub-5b875d749d-85ttv,1,16
1781593947,gsm-3,osmo-bsc-594654bd47-4gxcf,1,5
1781593947,gsm-3,osmo-bts-virtual-5f8b9b86fc-wfr4m,26,5
1781593947,gsm-3,osmo-hlr-546bdb8988-fzbfh,1,2
1781593947,gsm-3,osmo-mgw-8c8fc67d6-hfrjx,1,2
1781593947,gsm-3,osmo-mobile-856799fbbc-b2lmx,3,33
1781593947,gsm-3,osmo-stp-768687f494-sr7gg,1,2
1781593947,gsm-3,virtphy-7c75c79c86-svx7p,6,1
1781593947,gsm-4,msc-test-stub-5b875d749d-tqp6x,1,16
1781593947,gsm-4,osmo-bts-virtual-5f8b9b86fc-nhcwb,29,5
1781593947,gsm-4,osmo-mgw-8c8fc67d6-r4jrz,1,2
1781593947,gsm-4,osmo-mobile-74f4b9d576-kj84s,3,33
1781593947,gsm-4,osmo-stp-768687f494-n6vz9,1,2
1781593947,gsm-5,msc-test-stub-5b875d749d-fnfg5,1,16
1781593947,gsm-5,osmo-bsc-594654bd47-xbxld,1,5
1781593947,gsm-5,osmo-bts-virtual-5f8b9b86fc-pd9t7,32,5
1781593947,gsm-5,osmo-hlr-546bdb8988-wb5xr,1,2
1781593947,gsm-5,osmo-mgw-8c8fc67d6-fxp8q,1,2
1781593947,gsm-5,osmo-mobile-59d8d55bb5-vv6bg,3,33
1781593947,gsm-5,osmo-stp-768687f494-nhnn6,1,2
1781593947,gsm-5,ttcn3-tc-26-7-4-1-1-kjjfz,1,12
1781593947,gsm-5,virtphy-b55647b48-h2vqw,7,1
1781593947,gsm-6,msc-test-stub-5b875d749d-8vkzh,1,16
1781593947,gsm-6,osmo-bsc-594654bd47-hsh8v,1,5
1781593947,gsm-6,osmo-bts-virtual-5f8b9b86fc-fktnj,26,5
1781593947,gsm-6,osmo-hlr-546bdb8988-2vkjl,1,2
1781593947,gsm-6,osmo-mgw-8c8fc67d6-wd4pb,1,2
1781593947,gsm-6,osmo-mobile-7b8d4df666-lrms9,4,36
1781593947,gsm-6,osmo-stp-768687f494-9smpc,1,2
1781593947,gsm-6,virtphy-65fcd75d7-sfg7g,6,1
1781593947,gsm-7,msc-test-stub-5b875d749d-khnpx,1,16
1781593947,gsm-7,osmo-bsc-594654bd47-qqkm6,1,5
1781593947,gsm-7,osmo-bts-virtual-5f8b9b86fc-qlkms,27,5
1781593947,gsm-7,osmo-hlr-546bdb8988-497nd,1,2
1781593947,gsm-7,osmo-mgw-8c8fc67d6-rfmz7,1,2
1781593947,gsm-7,osmo-mobile-6865667c79-4594t,3,44
1781593947,gsm-7,osmo-stp-768687f494-plxcc,1,2
1781593947,gsm-7,ttcn3-tc-26-8-1-3-3-1-1-msds5,1,9
1781593947,gsm-7,virtphy-6cd7658d46-7mqb9,6,1
1781593947,gsm-8,msc-test-stub-5b875d749d-qjjvd,1,17
1781593947,gsm-8,osmo-bsc-594654bd47-gl8n5,1,5
1781593947,gsm-8,osmo-bts-virtual-5f8b9b86fc-2jhn7,27,5
1781593947,gsm-8,osmo-hlr-546bdb8988-728qc,1,7
1781593947,gsm-8,osmo-mgw-8c8fc67d6-2zf7g,1,5
1781593947,gsm-8,osmo-mobile-7f88cc47b4-fl965,3,42
1781593947,gsm-8,osmo-stp-768687f494-j95b9,1,2
1781593947,gsm-8,ttcn3-tc-34-2-2-1-prvgs,1,18
1781593947,gsm-8,virtphy-86b4bdf559-sq5gd,6,2
1781593947,kube-system,coredns-c4dbffb5f-p9rsr,3,27
1781593947,kube-system,local-path-provisioner-5c4dc5d66d-nfqxz,1,17
1781593947,kube-system,metrics-server-786d997795-hcp2m,12,44
1781593947,kube-system,svclb-traefik-1100f998-kpm9h,0,0
1781593947,kube-system,traefik-9bcdbbd9-qtpjt,1,40
1781593950,gsm-1,msc-test-stub-5b875d749d-dp87n,1,16
1781593950,gsm-1,osmo-bsc-594654bd47-j9mdh,1,5
1781593950,gsm-1,osmo-bts-virtual-5f8b9b86fc-szfjb,26,5
1781593950,gsm-1,osmo-hlr-546bdb8988-d4r6r,1,2
1781593950,gsm-1,osmo-mgw-8c8fc67d6-txwl8,1,2
1781593950,gsm-1,osmo-mobile-947867b85-d9gvn,2,36
1781593950,gsm-1,osmo-stp-768687f494-mgj9x,1,2
1781593950,gsm-1,ttcn3-tc-26-6-1-1-1-rx2fd,1,6
1781593950,gsm-1,virtphy-858665df6d-4fmrz,7,1
1781593950,gsm-2,msc-test-stub-5b875d749d-thf6z,1,16
1781593950,gsm-2,osmo-bsc-594654bd47-hhlp9,1,5
1781593950,gsm-2,osmo-bts-virtual-5f8b9b86fc-rjnc6,26,5
1781593950,gsm-2,osmo-hlr-546bdb8988-9h84c,1,2
1781593950,gsm-2,osmo-mgw-8c8fc67d6-lhmxh,1,2
1781593950,gsm-2,osmo-mobile-6b5b79f646-nqjb8,3,33
1781593950,gsm-2,osmo-stp-768687f494-hf2mq,1,2
1781593950,gsm-2,ttcn3-tc-26-6-2-1-1-1-9rxf9,1,6
1781593950,gsm-2,virtphy-6458f9f999-7h52n,7,1
1781593950,gsm-3,msc-test-stub-5b875d749d-85ttv,1,16
1781593950,gsm-3,osmo-bsc-594654bd47-4gxcf,1,5
1781593950,gsm-3,osmo-bts-virtual-5f8b9b86fc-wfr4m,25,5
1781593950,gsm-3,osmo-hlr-546bdb8988-fzbfh,1,2
1781593950,gsm-3,osmo-mgw-8c8fc67d6-hfrjx,1,2
1781593950,gsm-3,osmo-mobile-856799fbbc-b2lmx,3,33
1781593950,gsm-3,osmo-stp-768687f494-sr7gg,1,2
1781593950,gsm-3,virtphy-7c75c79c86-svx7p,7,1
1781593950,gsm-4,msc-test-stub-5b875d749d-tqp6x,2,16
1781593950,gsm-4,osmo-bts-virtual-5f8b9b86fc-nhcwb,28,5
1781593950,gsm-4,osmo-mgw-8c8fc67d6-r4jrz,1,2
1781593950,gsm-4,osmo-mobile-74f4b9d576-kj84s,3,32
1781593950,gsm-5,msc-test-stub-5b875d749d-fnfg5,1,16
1781593950,gsm-5,osmo-bsc-594654bd47-xbxld,1,5
1781593950,gsm-5,osmo-bts-virtual-5f8b9b86fc-pd9t7,31,5
1781593950,gsm-5,osmo-hlr-546bdb8988-wb5xr,1,2
1781593950,gsm-5,osmo-mgw-8c8fc67d6-fxp8q,1,2
1781593950,gsm-5,osmo-mobile-59d8d55bb5-vv6bg,2,33
1781593950,gsm-5,osmo-stp-768687f494-nhnn6,1,2
1781593950,gsm-5,ttcn3-tc-26-7-4-1-1-kjjfz,1,12
1781593950,gsm-5,virtphy-b55647b48-h2vqw,7,1
1781593950,gsm-6,msc-test-stub-5b875d749d-8vkzh,1,16
1781593950,gsm-6,osmo-bts-virtual-5f8b9b86fc-fktnj,25,5
1781593950,gsm-6,osmo-mgw-8c8fc67d6-wd4pb,1,2
1781593950,gsm-6,osmo-mobile-7b8d4df666-lrms9,3,36
1781593950,gsm-7,msc-test-stub-5b875d749d-khnpx,1,16
1781593950,gsm-7,osmo-bsc-594654bd47-qqkm6,1,5
1781593950,gsm-7,osmo-bts-virtual-5f8b9b86fc-qlkms,24,5
1781593950,gsm-7,osmo-hlr-546bdb8988-497nd,1,2
1781593950,gsm-7,osmo-mgw-8c8fc67d6-rfmz7,1,2
1781593950,gsm-7,osmo-mobile-6865667c79-4594t,3,44
1781593950,gsm-7,osmo-stp-768687f494-plxcc,1,2
1781593950,gsm-7,ttcn3-tc-26-8-1-3-3-1-1-msds5,1,9
1781593950,gsm-7,virtphy-6cd7658d46-7mqb9,6,1
1781593950,gsm-8,msc-test-stub-5b875d749d-qjjvd,1,17
1781593950,gsm-8,osmo-bsc-594654bd47-gl8n5,1,5
1781593950,gsm-8,osmo-bts-virtual-5f8b9b86fc-2jhn7,25,5
1781593950,gsm-8,osmo-hlr-546bdb8988-728qc,1,7
1781593950,gsm-8,osmo-mgw-8c8fc67d6-2zf7g,1,5
1781593950,gsm-8,osmo-mobile-7f88cc47b4-fl965,3,42
1781593950,gsm-8,osmo-stp-768687f494-j95b9,1,2
1781593950,gsm-8,ttcn3-tc-34-2-2-1-prvgs,1,18
1781593950,gsm-8,virtphy-86b4bdf559-sq5gd,7,2
1781593950,kube-system,coredns-c4dbffb5f-p9rsr,2,27
1781593950,kube-system,local-path-provisioner-5c4dc5d66d-nfqxz,1,17
1781593950,kube-system,metrics-server-786d997795-hcp2m,11,44
1781593950,kube-system,svclb-traefik-1100f998-kpm9h,0,0
1781593950,kube-system,traefik-9bcdbbd9-qtpjt,1,40
1781593952,gsm-1,msc-test-stub-5b875d749d-dp87n,1,16
1781593952,gsm-1,osmo-bsc-594654bd47-j9mdh,1,5
1781593952,gsm-1,osmo-bts-virtual-5f8b9b86fc-szfjb,26,5
1781593952,gsm-1,osmo-hlr-546bdb8988-d4r6r,1,2
1781593952,gsm-1,osmo-mgw-8c8fc67d6-txwl8,1,2
1781593952,gsm-1,osmo-mobile-947867b85-d9gvn,2,36
1781593952,gsm-1,osmo-stp-768687f494-mgj9x,1,2
1781593952,gsm-1,ttcn3-tc-26-6-1-1-1-rx2fd,1,6
1781593952,gsm-1,virtphy-858665df6d-4fmrz,7,1
1781593952,gsm-2,msc-test-stub-5b875d749d-thf6z,1,16
1781593952,gsm-2,osmo-bsc-594654bd47-hhlp9,1,5
1781593952,gsm-2,osmo-bts-virtual-5f8b9b86fc-rjnc6,26,5
1781593952,gsm-2,osmo-hlr-546bdb8988-9h84c,1,2
1781593952,gsm-2,osmo-mgw-8c8fc67d6-lhmxh,1,2
1781593952,gsm-2,osmo-mobile-6b5b79f646-nqjb8,3,33
1781593952,gsm-2,osmo-stp-768687f494-hf2mq,1,2
1781593952,gsm-2,ttcn3-tc-26-6-2-1-1-1-9rxf9,1,6
1781593952,gsm-2,virtphy-6458f9f999-7h52n,7,1
1781593952,gsm-3,msc-test-stub-5b875d749d-85ttv,1,16
1781593952,gsm-3,osmo-bsc-594654bd47-4gxcf,1,5
1781593952,gsm-3,osmo-bts-virtual-5f8b9b86fc-wfr4m,25,5
1781593952,gsm-3,osmo-hlr-546bdb8988-fzbfh,1,2
1781593952,gsm-3,osmo-mgw-8c8fc67d6-hfrjx,1,2
1781593952,gsm-3,osmo-mobile-856799fbbc-b2lmx,3,33
1781593952,gsm-3,osmo-stp-768687f494-sr7gg,1,2
1781593952,gsm-3,virtphy-7c75c79c86-svx7p,7,1
1781593952,gsm-4,msc-test-stub-5b875d749d-tqp6x,2,16
1781593952,gsm-4,osmo-mgw-8c8fc67d6-r4jrz,1,2
1781593952,gsm-4,osmo-mobile-74f4b9d576-kj84s,3,32
1781593952,gsm-5,msc-test-stub-5b875d749d-fnfg5,1,16
1781593952,gsm-5,osmo-bsc-594654bd47-xbxld,1,5
1781593952,gsm-5,osmo-bts-virtual-5f8b9b86fc-pd9t7,31,5
1781593952,gsm-5,osmo-hlr-546bdb8988-wb5xr,1,2
1781593952,gsm-5,osmo-mgw-8c8fc67d6-fxp8q,1,2
1781593952,gsm-5,osmo-mobile-59d8d55bb5-vv6bg,2,33
1781593952,gsm-5,osmo-stp-768687f494-nhnn6,1,2
1781593952,gsm-5,ttcn3-tc-26-7-4-1-1-kjjfz,1,12
1781593952,gsm-5,virtphy-b55647b48-h2vqw,7,1
1781593952,gsm-6,msc-test-stub-5b875d749d-8vkzh,1,16
1781593952,gsm-6,osmo-bts-virtual-5f8b9b86fc-fktnj,25,5
1781593952,gsm-6,osmo-mgw-8c8fc67d6-wd4pb,1,2
1781593952,gsm-6,osmo-mobile-7b8d4df666-lrms9,3,36
1781593952,gsm-7,msc-test-stub-5b875d749d-khnpx,1,16
1781593952,gsm-7,osmo-bsc-594654bd47-qqkm6,1,5
1781593952,gsm-7,osmo-bts-virtual-5f8b9b86fc-qlkms,24,5
1781593952,gsm-7,osmo-hlr-546bdb8988-497nd,1,2
1781593952,gsm-7,osmo-mgw-8c8fc67d6-rfmz7,1,2
1781593952,gsm-7,osmo-mobile-6865667c79-4594t,3,44
1781593952,gsm-7,osmo-stp-768687f494-plxcc,1,2
1781593952,gsm-7,ttcn3-tc-26-8-1-3-3-1-1-msds5,1,9
1781593952,gsm-7,virtphy-6cd7658d46-7mqb9,6,1
1781593952,gsm-8,msc-test-stub-5b875d749d-qjjvd,1,17
1781593952,gsm-8,osmo-bsc-594654bd47-gl8n5,1,5
1781593952,gsm-8,osmo-bts-virtual-5f8b9b86fc-2jhn7,25,5
1781593952,gsm-8,osmo-hlr-546bdb8988-728qc,1,7
1781593952,gsm-8,osmo-mgw-8c8fc67d6-2zf7g,1,5
1781593952,gsm-8,osmo-mobile-7f88cc47b4-fl965,3,42
1781593952,gsm-8,osmo-stp-768687f494-j95b9,1,2
1781593952,gsm-8,ttcn3-tc-34-2-2-1-prvgs,1,18
1781593952,gsm-8,virtphy-86b4bdf559-sq5gd,7,2
1781593952,kube-system,coredns-c4dbffb5f-p9rsr,2,27
1781593952,kube-system,local-path-provisioner-5c4dc5d66d-nfqxz,1,17
1781593952,kube-system,metrics-server-786d997795-hcp2m,11,44
1781593952,kube-system,svclb-traefik-1100f998-kpm9h,0,0
1781593952,kube-system,traefik-9bcdbbd9-qtpjt,1,40
1781593955,gsm-1,msc-test-stub-5b875d749d-dp87n,1,16
1781593955,gsm-1,osmo-bsc-594654bd47-j9mdh,1,5
1781593955,gsm-1,osmo-bts-virtual-5f8b9b86fc-szfjb,26,5
1781593955,gsm-1,osmo-hlr-546bdb8988-d4r6r,1,2
1781593955,gsm-1,osmo-mgw-8c8fc67d6-txwl8,1,2
1781593955,gsm-1,osmo-mobile-947867b85-d9gvn,2,36
1781593955,gsm-1,osmo-stp-768687f494-mgj9x,1,2
1781593955,gsm-1,ttcn3-tc-26-6-1-1-1-rx2fd,1,6
1781593955,gsm-1,virtphy-858665df6d-4fmrz,7,1
1781593955,gsm-2,msc-test-stub-5b875d749d-thf6z,1,16
1781593955,gsm-2,osmo-bsc-594654bd47-hhlp9,1,5
1781593955,gsm-2,osmo-bts-virtual-5f8b9b86fc-rjnc6,26,5
1781593955,gsm-2,osmo-hlr-546bdb8988-9h84c,1,2
1781593955,gsm-2,osmo-mgw-8c8fc67d6-lhmxh,1,2
1781593955,gsm-2,osmo-mobile-6b5b79f646-nqjb8,3,33
1781593955,gsm-2,osmo-stp-768687f494-hf2mq,1,2
1781593955,gsm-2,ttcn3-tc-26-6-2-1-1-1-9rxf9,1,6
1781593955,gsm-2,virtphy-6458f9f999-7h52n,7,1
1781593955,gsm-3,msc-test-stub-5b875d749d-85ttv,1,16
1781593955,gsm-3,osmo-bts-virtual-5f8b9b86fc-wfr4m,25,5
1781593955,gsm-3,osmo-mgw-8c8fc67d6-hfrjx,1,2
1781593955,gsm-3,osmo-mobile-856799fbbc-b2lmx,3,33
1781593955,gsm-4,msc-test-stub-5b875d749d-tqp6x,2,16
1781593955,gsm-4,osmo-mgw-8c8fc67d6-r4jrz,1,2
1781593955,gsm-4,osmo-mobile-74f4b9d576-kj84s,3,32
1781593955,gsm-5,msc-test-stub-5b875d749d-fnfg5,1,16
1781593955,gsm-5,osmo-bsc-594654bd47-xbxld,1,5
1781593955,gsm-5,osmo-bts-virtual-5f8b9b86fc-pd9t7,31,5
1781593955,gsm-5,osmo-hlr-546bdb8988-wb5xr,1,2
1781593955,gsm-5,osmo-mgw-8c8fc67d6-fxp8q,1,2
1781593955,gsm-5,osmo-mobile-59d8d55bb5-vv6bg,2,33
1781593955,gsm-5,osmo-stp-768687f494-nhnn6,1,2
1781593955,gsm-5,ttcn3-tc-26-7-4-1-1-kjjfz,1,12
1781593955,gsm-5,virtphy-b55647b48-h2vqw,7,1
1781593955,gsm-6,msc-test-stub-5b875d749d-8vkzh,1,16
1781593955,gsm-6,osmo-mgw-8c8fc67d6-wd4pb,1,2
1781593955,gsm-6,osmo-mobile-7b8d4df666-lrms9,3,36
1781593955,gsm-7,msc-test-stub-5b875d749d-khnpx,1,16
1781593955,gsm-7,osmo-bsc-594654bd47-qqkm6,1,5
1781593955,gsm-7,osmo-bts-virtual-5f8b9b86fc-qlkms,24,5
1781593955,gsm-7,osmo-hlr-546bdb8988-497nd,1,2
1781593955,gsm-7,osmo-mgw-8c8fc67d6-rfmz7,1,2
1781593955,gsm-7,osmo-mobile-6865667c79-4594t,3,44
1781593955,gsm-7,osmo-stp-768687f494-plxcc,1,2
1781593955,gsm-7,ttcn3-tc-26-8-1-3-3-1-1-msds5,1,9
1781593955,gsm-7,virtphy-6cd7658d46-7mqb9,6,1
1781593955,gsm-8,msc-test-stub-5b875d749d-qjjvd,1,17
1781593955,gsm-8,osmo-bsc-594654bd47-gl8n5,1,5
1781593955,gsm-8,osmo-bts-virtual-5f8b9b86fc-2jhn7,25,5
1781593955,gsm-8,osmo-hlr-546bdb8988-728qc,1,7
1781593955,gsm-8,osmo-mgw-8c8fc67d6-2zf7g,1,5
1781593955,gsm-8,osmo-mobile-7f88cc47b4-fl965,3,42
1781593955,gsm-8,osmo-stp-768687f494-j95b9,1,2
1781593955,gsm-8,ttcn3-tc-34-2-2-1-prvgs,1,18
1781593955,gsm-8,virtphy-86b4bdf559-sq5gd,7,2
1781593955,kube-system,coredns-c4dbffb5f-p9rsr,2,27
1781593955,kube-system,local-path-provisioner-5c4dc5d66d-nfqxz,1,17
1781593955,kube-system,metrics-server-786d997795-hcp2m,11,44
1781593955,kube-system,svclb-traefik-1100f998-kpm9h,0,0
1781593955,kube-system,traefik-9bcdbbd9-qtpjt,1,40
1781593957,gsm-1,msc-test-stub-5b875d749d-dp87n,1,16
1781593957,gsm-1,osmo-bsc-594654bd47-j9mdh,1,5
1781593957,gsm-1,osmo-bts-virtual-5f8b9b86fc-szfjb,26,5
1781593957,gsm-1,osmo-hlr-546bdb8988-d4r6r,1,2
1781593957,gsm-1,osmo-mgw-8c8fc67d6-txwl8,1,2
1781593957,gsm-1,osmo-mobile-947867b85-d9gvn,2,36
1781593957,gsm-1,osmo-stp-768687f494-mgj9x,1,2
1781593957,gsm-1,ttcn3-tc-26-6-1-1-1-rx2fd,1,6
1781593957,gsm-1,virtphy-858665df6d-4fmrz,7,1
1781593957,gsm-2,msc-test-stub-5b875d749d-thf6z,1,16
1781593957,gsm-2,osmo-bsc-594654bd47-hhlp9,1,5
1781593957,gsm-2,osmo-bts-virtual-5f8b9b86fc-rjnc6,26,5
1781593957,gsm-2,osmo-hlr-546bdb8988-9h84c,1,2
1781593957,gsm-2,osmo-mgw-8c8fc67d6-lhmxh,1,2
1781593957,gsm-2,osmo-mobile-6b5b79f646-nqjb8,3,33
1781593957,gsm-2,osmo-stp-768687f494-hf2mq,1,2
1781593957,gsm-2,ttcn3-tc-26-6-2-1-1-1-9rxf9,1,6
1781593957,gsm-2,virtphy-6458f9f999-7h52n,7,1
1781593957,gsm-3,msc-test-stub-5b875d749d-85ttv,1,16
1781593957,gsm-3,osmo-bts-virtual-5f8b9b86fc-wfr4m,25,5
1781593957,gsm-3,osmo-mgw-8c8fc67d6-hfrjx,1,2
1781593957,gsm-3,osmo-mobile-856799fbbc-b2lmx,3,33
1781593957,gsm-4,msc-test-stub-5b875d749d-tqp6x,2,16
1781593957,gsm-4,osmo-mgw-8c8fc67d6-r4jrz,1,2
1781593957,gsm-4,osmo-mobile-74f4b9d576-kj84s,3,32
1781593957,gsm-5,msc-test-stub-5b875d749d-fnfg5,1,16
1781593957,gsm-5,osmo-bsc-594654bd47-xbxld,1,5
1781593957,gsm-5,osmo-bts-virtual-5f8b9b86fc-pd9t7,31,5
1781593957,gsm-5,osmo-hlr-546bdb8988-wb5xr,1,2
1781593957,gsm-5,osmo-mgw-8c8fc67d6-fxp8q,1,2
1781593957,gsm-5,osmo-mobile-59d8d55bb5-vv6bg,2,33
1781593957,gsm-5,osmo-stp-768687f494-nhnn6,1,2
1781593957,gsm-5,ttcn3-tc-26-7-4-1-1-kjjfz,1,12
1781593957,gsm-5,virtphy-b55647b48-h2vqw,7,1
1781593957,gsm-6,msc-test-stub-5b875d749d-8vkzh,1,16
1781593957,gsm-6,osmo-mgw-8c8fc67d6-wd4pb,1,2
1781593957,gsm-6,osmo-mobile-7b8d4df666-lrms9,3,36
1781593957,gsm-7,msc-test-stub-5b875d749d-khnpx,1,16
1781593957,gsm-7,osmo-bsc-594654bd47-qqkm6,1,5
1781593957,gsm-7,osmo-bts-virtual-5f8b9b86fc-qlkms,24,5
1781593957,gsm-7,osmo-hlr-546bdb8988-497nd,1,2
1781593957,gsm-7,osmo-mgw-8c8fc67d6-rfmz7,1,2
1781593957,gsm-7,osmo-mobile-6865667c79-4594t,3,44
1781593957,gsm-7,osmo-stp-768687f494-plxcc,1,2
1781593957,gsm-7,ttcn3-tc-26-8-1-3-3-1-1-msds5,1,9
1781593957,gsm-7,virtphy-6cd7658d46-7mqb9,6,1
1781593957,gsm-8,msc-test-stub-5b875d749d-qjjvd,1,17
1781593957,gsm-8,osmo-bsc-594654bd47-gl8n5,1,5
1781593957,gsm-8,osmo-bts-virtual-5f8b9b86fc-2jhn7,25,5
1781593957,gsm-8,osmo-hlr-546bdb8988-728qc,1,7
1781593957,gsm-8,osmo-mgw-8c8fc67d6-2zf7g,1,5
1781593957,gsm-8,osmo-mobile-7f88cc47b4-fl965,3,42
1781593957,gsm-8,osmo-stp-768687f494-j95b9,1,2
1781593957,gsm-8,ttcn3-tc-34-2-2-1-prvgs,1,18
1781593957,gsm-8,virtphy-86b4bdf559-sq5gd,7,2
1781593957,kube-system,coredns-c4dbffb5f-p9rsr,2,27
1781593957,kube-system,local-path-provisioner-5c4dc5d66d-nfqxz,1,17
1781593957,kube-system,metrics-server-786d997795-hcp2m,11,44
1781593957,kube-system,svclb-traefik-1100f998-kpm9h,0,0
1781593957,kube-system,traefik-9bcdbbd9-qtpjt,1,40
1781593959,gsm-1,msc-test-stub-5b875d749d-dp87n,1,16
1781593959,gsm-1,osmo-bsc-594654bd47-j9mdh,1,5
1781593959,gsm-1,osmo-bts-virtual-5f8b9b86fc-szfjb,26,5
1781593959,gsm-1,osmo-hlr-546bdb8988-d4r6r,1,2
1781593959,gsm-1,osmo-mgw-8c8fc67d6-txwl8,1,2
1781593959,gsm-1,osmo-mobile-947867b85-d9gvn,2,36
1781593959,gsm-1,osmo-stp-768687f494-mgj9x,1,2
1781593959,gsm-1,ttcn3-tc-26-6-1-1-1-rx2fd,1,6
1781593959,gsm-1,virtphy-858665df6d-4fmrz,7,1
1781593959,gsm-2,msc-test-stub-5b875d749d-thf6z,1,16
1781593959,gsm-2,osmo-bsc-594654bd47-hhlp9,1,5
1781593959,gsm-2,osmo-bts-virtual-5f8b9b86fc-rjnc6,26,5
1781593959,gsm-2,osmo-hlr-546bdb8988-9h84c,1,2
1781593959,gsm-2,osmo-mgw-8c8fc67d6-lhmxh,1,2
1781593959,gsm-2,osmo-mobile-6b5b79f646-nqjb8,3,33
1781593959,gsm-2,osmo-stp-768687f494-hf2mq,1,2
1781593959,gsm-2,ttcn3-tc-26-6-2-1-1-1-9rxf9,1,6
1781593959,gsm-2,virtphy-6458f9f999-7h52n,7,1
1781593959,gsm-3,msc-test-stub-5b875d749d-85ttv,1,16
1781593959,gsm-3,osmo-mgw-8c8fc67d6-hfrjx,1,2
1781593959,gsm-3,osmo-mobile-856799fbbc-b2lmx,3,33
1781593959,gsm-4,msc-test-stub-5b875d749d-tqp6x,2,16
1781593959,gsm-4,osmo-mgw-8c8fc67d6-r4jrz,1,2
1781593959,gsm-4,osmo-mobile-74f4b9d576-kj84s,3,32
1781593959,gsm-5,msc-test-stub-5b875d749d-fnfg5,1,16
1781593959,gsm-5,osmo-bsc-594654bd47-xbxld,1,5
1781593959,gsm-5,osmo-bts-virtual-5f8b9b86fc-pd9t7,31,5
1781593959,gsm-5,osmo-hlr-546bdb8988-wb5xr,1,2
1781593959,gsm-5,osmo-mgw-8c8fc67d6-fxp8q,1,2
1781593959,gsm-5,osmo-mobile-59d8d55bb5-vv6bg,2,33
1781593959,gsm-5,osmo-stp-768687f494-nhnn6,1,2
1781593959,gsm-5,ttcn3-tc-26-7-4-1-1-kjjfz,1,12
1781593959,gsm-5,virtphy-b55647b48-h2vqw,7,1
1781593959,gsm-6,msc-test-stub-5b875d749d-8vkzh,1,16
1781593959,gsm-6,osmo-mgw-8c8fc67d6-wd4pb,1,2
1781593959,gsm-6,osmo-mobile-7b8d4df666-lrms9,3,36
1781593959,gsm-7,msc-test-stub-5b875d749d-khnpx,1,16
1781593959,gsm-7,osmo-bsc-594654bd47-qqkm6,1,5
1781593959,gsm-7,osmo-bts-virtual-5f8b9b86fc-qlkms,24,5
1781593959,gsm-7,osmo-hlr-546bdb8988-497nd,1,2
1781593959,gsm-7,osmo-mgw-8c8fc67d6-rfmz7,1,2
1781593959,gsm-7,osmo-mobile-6865667c79-4594t,3,44
1781593959,gsm-7,osmo-stp-768687f494-plxcc,1,2
1781593959,gsm-7,ttcn3-tc-26-8-1-3-3-1-1-msds5,1,9
1781593959,gsm-7,virtphy-6cd7658d46-7mqb9,6,1
1781593959,gsm-8,msc-test-stub-5b875d749d-qjjvd,1,17
1781593959,gsm-8,osmo-bsc-594654bd47-gl8n5,1,5
1781593959,gsm-8,osmo-bts-virtual-5f8b9b86fc-2jhn7,25,5
1781593959,gsm-8,osmo-hlr-546bdb8988-728qc,1,7
1781593959,gsm-8,osmo-mgw-8c8fc67d6-2zf7g,1,5
1781593959,gsm-8,osmo-mobile-7f88cc47b4-fl965,3,42
1781593959,gsm-8,osmo-stp-768687f494-j95b9,1,2
1781593959,gsm-8,ttcn3-tc-34-2-2-1-prvgs,1,18
1781593959,gsm-8,virtphy-86b4bdf559-sq5gd,7,2
1781593959,kube-system,coredns-c4dbffb5f-p9rsr,2,27
1781593959,kube-system,local-path-provisioner-5c4dc5d66d-nfqxz,1,17
1781593959,kube-system,metrics-server-786d997795-hcp2m,11,44
1781593959,kube-system,svclb-traefik-1100f998-kpm9h,0,0
1781593959,kube-system,traefik-9bcdbbd9-qtpjt,1,40
1781593962,gsm-1,msc-test-stub-5b875d749d-dp87n,1,16
1781593962,gsm-1,osmo-bsc-594654bd47-j9mdh,1,5
1781593962,gsm-1,osmo-bts-virtual-5f8b9b86fc-szfjb,26,5
1781593962,gsm-1,osmo-hlr-546bdb8988-d4r6r,1,2
1781593962,gsm-1,osmo-mgw-8c8fc67d6-txwl8,1,2
1781593962,gsm-1,osmo-mobile-947867b85-d9gvn,2,36
1781593962,gsm-1,osmo-stp-768687f494-mgj9x,1,2
1781593962,gsm-1,ttcn3-tc-26-6-1-1-1-rx2fd,1,6
1781593962,gsm-1,virtphy-858665df6d-4fmrz,7,1
1781593962,gsm-2,msc-test-stub-5b875d749d-thf6z,1,16
1781593962,gsm-2,osmo-bsc-594654bd47-hhlp9,1,5
1781593962,gsm-2,osmo-bts-virtual-5f8b9b86fc-rjnc6,26,5
1781593962,gsm-2,osmo-hlr-546bdb8988-9h84c,1,2
1781593962,gsm-2,osmo-mgw-8c8fc67d6-lhmxh,1,2
1781593962,gsm-2,osmo-mobile-6b5b79f646-nqjb8,3,33
1781593962,gsm-2,osmo-stp-768687f494-hf2mq,1,2
1781593962,gsm-2,ttcn3-tc-26-6-2-1-1-1-9rxf9,1,6
1781593962,gsm-2,virtphy-6458f9f999-7h52n,7,1
1781593962,gsm-3,msc-test-stub-5b875d749d-85ttv,1,16
1781593962,gsm-3,osmo-mgw-8c8fc67d6-hfrjx,1,2
1781593962,gsm-3,osmo-mobile-856799fbbc-b2lmx,3,33
1781593962,gsm-4,msc-test-stub-5b875d749d-tqp6x,2,16
1781593962,gsm-4,osmo-mgw-8c8fc67d6-r4jrz,1,2
1781593962,gsm-4,osmo-mobile-74f4b9d576-kj84s,3,32
1781593962,gsm-5,msc-test-stub-5b875d749d-fnfg5,1,16
1781593962,gsm-5,osmo-bsc-594654bd47-xbxld,1,5
1781593962,gsm-5,osmo-bts-virtual-5f8b9b86fc-pd9t7,31,5
1781593962,gsm-5,osmo-hlr-546bdb8988-wb5xr,1,2
1781593962,gsm-5,osmo-mgw-8c8fc67d6-fxp8q,1,2
1781593962,gsm-5,osmo-mobile-59d8d55bb5-vv6bg,2,33
1781593962,gsm-5,osmo-stp-768687f494-nhnn6,1,2
1781593962,gsm-5,ttcn3-tc-26-7-4-1-1-kjjfz,1,12
1781593962,gsm-5,virtphy-b55647b48-h2vqw,7,1
1781593962,gsm-6,msc-test-stub-5b875d749d-8vkzh,1,16
1781593962,gsm-6,osmo-mgw-8c8fc67d6-wd4pb,1,2
1781593962,gsm-6,osmo-mobile-7b8d4df666-lrms9,3,36
1781593962,gsm-7,msc-test-stub-5b875d749d-khnpx,1,16
1781593962,gsm-7,osmo-bsc-594654bd47-qqkm6,1,5
1781593962,gsm-7,osmo-bts-virtual-5f8b9b86fc-qlkms,24,5
1781593962,gsm-7,osmo-hlr-546bdb8988-497nd,1,2
1781593962,gsm-7,osmo-mgw-8c8fc67d6-rfmz7,1,2
1781593962,gsm-7,osmo-mobile-6865667c79-4594t,3,44
1781593962,gsm-7,osmo-stp-768687f494-plxcc,1,2
1781593962,gsm-7,ttcn3-tc-26-8-1-3-3-1-1-msds5,1,9
1781593962,gsm-7,virtphy-6cd7658d46-7mqb9,6,1
1781593962,gsm-8,msc-test-stub-5b875d749d-qjjvd,1,17
1781593962,gsm-8,osmo-bsc-594654bd47-gl8n5,1,5
1781593962,gsm-8,osmo-bts-virtual-5f8b9b86fc-2jhn7,25,5
1781593962,gsm-8,osmo-hlr-546bdb8988-728qc,1,7
1781593962,gsm-8,osmo-mgw-8c8fc67d6-2zf7g,1,5
1781593962,gsm-8,osmo-mobile-7f88cc47b4-fl965,3,42
1781593962,gsm-8,osmo-stp-768687f494-j95b9,1,2
1781593962,gsm-8,ttcn3-tc-34-2-2-1-prvgs,1,18
1781593962,gsm-8,virtphy-86b4bdf559-sq5gd,7,2
1781593962,kube-system,coredns-c4dbffb5f-p9rsr,2,27
1781593962,kube-system,local-path-provisioner-5c4dc5d66d-nfqxz,1,17
1781593962,kube-system,metrics-server-786d997795-hcp2m,11,44
1781593962,kube-system,svclb-traefik-1100f998-kpm9h,0,0
1781593962,kube-system,traefik-9bcdbbd9-qtpjt,1,40
1781593964,gsm-1,msc-test-stub-5b875d749d-dp87n,1,16
1781593964,gsm-1,osmo-bsc-594654bd47-j9mdh,1,5
1781593964,gsm-1,osmo-bts-virtual-5f8b9b86fc-szfjb,24,5
1781593964,gsm-1,osmo-hlr-546bdb8988-d4r6r,1,2
1781593964,gsm-1,osmo-mgw-8c8fc67d6-txwl8,1,2
1781593964,gsm-1,osmo-mobile-947867b85-d9gvn,3,36
1781593964,gsm-1,osmo-stp-768687f494-mgj9x,1,2
1781593964,gsm-1,ttcn3-tc-26-6-1-1-1-rx2fd,1,6
1781593964,gsm-1,virtphy-858665df6d-4fmrz,7,1
1781593964,gsm-2,msc-test-stub-5b875d749d-thf6z,1,16
1781593964,gsm-2,osmo-bsc-594654bd47-hhlp9,1,5
1781593964,gsm-2,osmo-bts-virtual-5f8b9b86fc-rjnc6,25,5
1781593964,gsm-2,osmo-hlr-546bdb8988-9h84c,1,2
1781593964,gsm-2,osmo-mgw-8c8fc67d6-lhmxh,1,2
1781593964,gsm-2,osmo-mobile-6b5b79f646-nqjb8,3,33
1781593964,gsm-2,osmo-stp-768687f494-hf2mq,1,2
1781593964,gsm-2,ttcn3-tc-26-6-2-1-1-1-9rxf9,1,6
1781593964,gsm-2,virtphy-6458f9f999-7h52n,7,1
1781593964,gsm-3,msc-test-stub-5b875d749d-85ttv,1,16
1781593964,gsm-3,osmo-mgw-8c8fc67d6-hfrjx,1,2
1781593964,gsm-3,osmo-mobile-856799fbbc-b2lmx,3,31
1781593964,gsm-4,msc-test-stub-5b875d749d-tqp6x,1,16
1781593964,gsm-4,osmo-mgw-8c8fc67d6-r4jrz,1,2
1781593964,gsm-4,osmo-mobile-74f4b9d576-kj84s,5,30
1781593964,gsm-5,msc-test-stub-5b875d749d-fnfg5,1,16
1781593964,gsm-5,osmo-bsc-594654bd47-xbxld,1,5
1781593964,gsm-5,osmo-bts-virtual-5f8b9b86fc-pd9t7,28,5
1781593964,gsm-5,osmo-hlr-546bdb8988-wb5xr,1,2
1781593964,gsm-5,osmo-mgw-8c8fc67d6-fxp8q,1,2
1781593964,gsm-5,osmo-mobile-59d8d55bb5-vv6bg,2,33
1781593964,gsm-5,osmo-stp-768687f494-nhnn6,1,2
1781593964,gsm-5,ttcn3-tc-26-7-4-1-1-kjjfz,1,12
1781593964,gsm-5,virtphy-b55647b48-h2vqw,7,1
1781593964,gsm-6,msc-test-stub-5b875d749d-8vkzh,1,16
1781593964,gsm-6,osmo-mgw-8c8fc67d6-wd4pb,1,2
1781593964,gsm-6,osmo-mobile-7b8d4df666-lrms9,3,34
1781593964,gsm-7,msc-test-stub-5b875d749d-khnpx,1,16
1781593964,gsm-7,osmo-bsc-594654bd47-qqkm6,1,5
1781593964,gsm-7,osmo-bts-virtual-5f8b9b86fc-qlkms,26,5
1781593964,gsm-7,osmo-hlr-546bdb8988-497nd,1,2
1781593964,gsm-7,osmo-mgw-8c8fc67d6-rfmz7,1,2
1781593964,gsm-7,osmo-mobile-6865667c79-4594t,3,44
1781593964,gsm-7,osmo-stp-768687f494-plxcc,1,2
1781593964,gsm-7,virtphy-6cd7658d46-7mqb9,7,1
1781593964,gsm-8,msc-test-stub-5b875d749d-qjjvd,1,17
1781593964,gsm-8,osmo-bsc-594654bd47-gl8n5,1,5
1781593964,gsm-8,osmo-bts-virtual-5f8b9b86fc-2jhn7,23,5
1781593964,gsm-8,osmo-hlr-546bdb8988-728qc,1,7
1781593964,gsm-8,osmo-mgw-8c8fc67d6-2zf7g,1,5
1781593964,gsm-8,osmo-mobile-7f88cc47b4-fl965,3,42
1781593964,gsm-8,osmo-stp-768687f494-j95b9,1,2
1781593964,gsm-8,ttcn3-tc-34-2-2-1-prvgs,1,18
1781593964,gsm-8,virtphy-86b4bdf559-sq5gd,7,2
1781593964,kube-system,coredns-c4dbffb5f-p9rsr,3,27
1781593964,kube-system,local-path-provisioner-5c4dc5d66d-nfqxz,1,17
1781593964,kube-system,metrics-server-786d997795-hcp2m,10,44
1781593964,kube-system,svclb-traefik-1100f998-kpm9h,0,0
1781593964,kube-system,traefik-9bcdbbd9-qtpjt,2,40
1781593967,gsm-1,msc-test-stub-5b875d749d-dp87n,1,16
1781593967,gsm-1,osmo-bsc-594654bd47-j9mdh,1,5
1781593967,gsm-1,osmo-bts-virtual-5f8b9b86fc-szfjb,24,5
1781593967,gsm-1,osmo-hlr-546bdb8988-d4r6r,1,2
1781593967,gsm-1,osmo-mgw-8c8fc67d6-txwl8,1,2
1781593967,gsm-1,osmo-mobile-947867b85-d9gvn,3,36
1781593967,gsm-1,osmo-stp-768687f494-mgj9x,1,2
1781593967,gsm-1,ttcn3-tc-26-6-1-1-1-rx2fd,1,6
1781593967,gsm-1,virtphy-858665df6d-4fmrz,7,1
1781593967,gsm-2,msc-test-stub-5b875d749d-thf6z,1,16
1781593967,gsm-2,osmo-bsc-594654bd47-hhlp9,1,5
1781593967,gsm-2,osmo-bts-virtual-5f8b9b86fc-rjnc6,25,5
1781593967,gsm-2,osmo-hlr-546bdb8988-9h84c,1,2
1781593967,gsm-2,osmo-mgw-8c8fc67d6-lhmxh,1,2
1781593967,gsm-2,osmo-mobile-6b5b79f646-nqjb8,3,33
1781593967,gsm-2,osmo-stp-768687f494-hf2mq,1,2
1781593967,gsm-2,ttcn3-tc-26-6-2-1-1-1-9rxf9,1,6
1781593967,gsm-2,virtphy-6458f9f999-7h52n,7,1
1781593967,gsm-3,msc-test-stub-5b875d749d-85ttv,1,16
1781593967,gsm-3,osmo-mgw-8c8fc67d6-hfrjx,1,2
1781593967,gsm-3,osmo-mobile-856799fbbc-b2lmx,3,31
1781593967,gsm-4,msc-test-stub-5b875d749d-tqp6x,1,16
1781593967,gsm-4,osmo-mgw-8c8fc67d6-r4jrz,1,2
1781593967,gsm-4,osmo-mobile-74f4b9d576-kj84s,5,30
1781593967,gsm-5,msc-test-stub-5b875d749d-fnfg5,1,16
1781593967,gsm-5,osmo-bsc-594654bd47-xbxld,1,5
1781593967,gsm-5,osmo-bts-virtual-5f8b9b86fc-pd9t7,28,5
1781593967,gsm-5,osmo-hlr-546bdb8988-wb5xr,1,2
1781593967,gsm-5,osmo-mgw-8c8fc67d6-fxp8q,1,2
1781593967,gsm-5,osmo-mobile-59d8d55bb5-vv6bg,2,33
1781593967,gsm-5,osmo-stp-768687f494-nhnn6,1,2
1781593967,gsm-5,ttcn3-tc-26-7-4-1-1-kjjfz,1,12
1781593967,gsm-5,virtphy-b55647b48-h2vqw,7,1
1781593967,gsm-6,msc-test-stub-5b875d749d-8vkzh,1,16
1781593967,gsm-6,osmo-mgw-8c8fc67d6-wd4pb,1,2
1781593967,gsm-6,osmo-mobile-7b8d4df666-lrms9,3,34
1781593967,gsm-7,msc-test-stub-5b875d749d-khnpx,1,16
1781593967,gsm-7,osmo-bsc-594654bd47-qqkm6,1,5
1781593967,gsm-7,osmo-bts-virtual-5f8b9b86fc-qlkms,26,5
1781593967,gsm-7,osmo-hlr-546bdb8988-497nd,1,2
1781593967,gsm-7,osmo-mgw-8c8fc67d6-rfmz7,1,2
1781593967,gsm-7,osmo-mobile-6865667c79-4594t,3,44
1781593967,gsm-7,osmo-stp-768687f494-plxcc,1,2
1781593967,gsm-7,virtphy-6cd7658d46-7mqb9,7,1
1781593967,gsm-8,msc-test-stub-5b875d749d-qjjvd,1,17
1781593967,gsm-8,osmo-bsc-594654bd47-gl8n5,1,5
1781593967,gsm-8,osmo-bts-virtual-5f8b9b86fc-2jhn7,23,5
1781593967,gsm-8,osmo-hlr-546bdb8988-728qc,1,7
1781593967,gsm-8,osmo-mgw-8c8fc67d6-2zf7g,1,5
1781593967,gsm-8,osmo-mobile-7f88cc47b4-fl965,3,42
1781593967,gsm-8,osmo-stp-768687f494-j95b9,1,2
1781593967,gsm-8,ttcn3-tc-34-2-2-1-prvgs,1,18
1781593967,gsm-8,virtphy-86b4bdf559-sq5gd,7,2
1781593967,kube-system,coredns-c4dbffb5f-p9rsr,3,27
1781593967,kube-system,local-path-provisioner-5c4dc5d66d-nfqxz,1,17
1781593967,kube-system,metrics-server-786d997795-hcp2m,10,44
1781593967,kube-system,svclb-traefik-1100f998-kpm9h,0,0
1781593967,kube-system,traefik-9bcdbbd9-qtpjt,2,40
1781593969,gsm-1,msc-test-stub-5b875d749d-dp87n,1,16
1781593969,gsm-1,osmo-bsc-594654bd47-j9mdh,1,5
1781593969,gsm-1,osmo-bts-virtual-5f8b9b86fc-szfjb,24,5
1781593969,gsm-1,osmo-hlr-546bdb8988-d4r6r,1,2
1781593969,gsm-1,osmo-mgw-8c8fc67d6-txwl8,1,2
1781593969,gsm-1,osmo-mobile-947867b85-d9gvn,3,36
1781593969,gsm-1,osmo-stp-768687f494-mgj9x,1,2
1781593969,gsm-1,ttcn3-tc-26-6-1-1-1-rx2fd,1,6
1781593969,gsm-1,virtphy-858665df6d-4fmrz,7,1
1781593969,gsm-2,msc-test-stub-5b875d749d-thf6z,1,16
1781593969,gsm-2,osmo-bsc-594654bd47-hhlp9,1,5
1781593969,gsm-2,osmo-bts-virtual-5f8b9b86fc-rjnc6,25,5
1781593969,gsm-2,osmo-hlr-546bdb8988-9h84c,1,2
1781593969,gsm-2,osmo-mgw-8c8fc67d6-lhmxh,1,2
1781593969,gsm-2,osmo-mobile-6b5b79f646-nqjb8,3,33
1781593969,gsm-2,osmo-stp-768687f494-hf2mq,1,2
1781593969,gsm-2,ttcn3-tc-26-6-2-1-1-1-9rxf9,1,6
1781593969,gsm-2,virtphy-6458f9f999-7h52n,7,1
1781593969,gsm-3,msc-test-stub-5b875d749d-85ttv,1,16
1781593969,gsm-3,osmo-mgw-8c8fc67d6-hfrjx,1,2
1781593969,gsm-3,osmo-mobile-856799fbbc-b2lmx,3,31
1781593969,gsm-4,msc-test-stub-5b875d749d-tqp6x,1,16
1781593969,gsm-4,osmo-mgw-8c8fc67d6-r4jrz,1,2
1781593969,gsm-4,osmo-mobile-74f4b9d576-kj84s,5,30
1781593969,gsm-5,msc-test-stub-5b875d749d-fnfg5,1,16
1781593969,gsm-5,osmo-bsc-594654bd47-xbxld,1,5
1781593969,gsm-5,osmo-bts-virtual-5f8b9b86fc-pd9t7,28,5
1781593969,gsm-5,osmo-hlr-546bdb8988-wb5xr,1,2
1781593969,gsm-5,osmo-mgw-8c8fc67d6-fxp8q,1,2
1781593969,gsm-5,osmo-mobile-59d8d55bb5-vv6bg,2,33
1781593969,gsm-5,osmo-stp-768687f494-nhnn6,1,2
1781593969,gsm-5,ttcn3-tc-26-7-4-1-1-kjjfz,1,12
1781593969,gsm-5,virtphy-b55647b48-h2vqw,7,1
1781593969,gsm-6,msc-test-stub-5b875d749d-8vkzh,1,16
1781593969,gsm-6,osmo-mgw-8c8fc67d6-wd4pb,1,2
1781593969,gsm-6,osmo-mobile-7b8d4df666-lrms9,3,34
1781593969,gsm-7,msc-test-stub-5b875d749d-khnpx,1,16
1781593969,gsm-7,osmo-bsc-594654bd47-qqkm6,1,5
1781593969,gsm-7,osmo-bts-virtual-5f8b9b86fc-qlkms,26,5
1781593969,gsm-7,osmo-hlr-546bdb8988-497nd,1,2
1781593969,gsm-7,osmo-mgw-8c8fc67d6-rfmz7,1,2
1781593969,gsm-7,osmo-mobile-6865667c79-4594t,3,44
1781593969,gsm-7,osmo-stp-768687f494-plxcc,1,2
1781593969,gsm-7,virtphy-6cd7658d46-7mqb9,7,1
1781593969,gsm-8,msc-test-stub-5b875d749d-qjjvd,1,17
1781593969,gsm-8,osmo-bsc-594654bd47-gl8n5,1,5
1781593969,gsm-8,osmo-bts-virtual-5f8b9b86fc-2jhn7,23,5
1781593969,gsm-8,osmo-hlr-546bdb8988-728qc,1,7
1781593969,gsm-8,osmo-mgw-8c8fc67d6-2zf7g,1,5
1781593969,gsm-8,osmo-mobile-7f88cc47b4-fl965,3,42
1781593969,gsm-8,osmo-stp-768687f494-j95b9,1,2
1781593969,gsm-8,ttcn3-tc-34-2-2-1-prvgs,1,18
1781593969,gsm-8,virtphy-86b4bdf559-sq5gd,7,2
1781593969,kube-system,coredns-c4dbffb5f-p9rsr,3,27
1781593969,kube-system,local-path-provisioner-5c4dc5d66d-nfqxz,1,17
1781593969,kube-system,metrics-server-786d997795-hcp2m,10,44
1781593969,kube-system,svclb-traefik-1100f998-kpm9h,0,0
1781593969,kube-system,traefik-9bcdbbd9-qtpjt,2,40
1781593971,gsm-1,msc-test-stub-5b875d749d-dp87n,1,16
1781593971,gsm-1,osmo-bsc-594654bd47-j9mdh,1,5
1781593971,gsm-1,osmo-bts-virtual-5f8b9b86fc-szfjb,24,5
1781593971,gsm-1,osmo-hlr-546bdb8988-d4r6r,1,2
1781593971,gsm-1,osmo-mgw-8c8fc67d6-txwl8,1,2
1781593971,gsm-1,osmo-mobile-947867b85-d9gvn,3,36
1781593971,gsm-1,osmo-stp-768687f494-mgj9x,1,2
1781593971,gsm-1,ttcn3-tc-26-6-1-1-1-rx2fd,1,6
1781593971,gsm-1,virtphy-858665df6d-4fmrz,7,1
1781593971,gsm-2,msc-test-stub-5b875d749d-thf6z,1,16
1781593971,gsm-2,osmo-bsc-594654bd47-hhlp9,1,5
1781593971,gsm-2,osmo-bts-virtual-5f8b9b86fc-rjnc6,25,5
1781593971,gsm-2,osmo-hlr-546bdb8988-9h84c,1,2
1781593971,gsm-2,osmo-mgw-8c8fc67d6-lhmxh,1,2
1781593971,gsm-2,osmo-mobile-6b5b79f646-nqjb8,3,33
1781593971,gsm-2,osmo-stp-768687f494-hf2mq,1,2
1781593971,gsm-2,ttcn3-tc-26-6-2-1-1-1-9rxf9,1,6
1781593971,gsm-2,virtphy-6458f9f999-7h52n,7,1
1781593971,gsm-3,msc-test-stub-5b875d749d-85ttv,1,16
1781593971,gsm-3,osmo-mgw-8c8fc67d6-hfrjx,1,2
1781593971,gsm-3,osmo-mobile-856799fbbc-b2lmx,3,31
1781593971,gsm-4,msc-test-stub-5b875d749d-tqp6x,1,16
1781593971,gsm-4,osmo-mgw-8c8fc67d6-r4jrz,1,2
1781593971,gsm-4,osmo-mobile-74f4b9d576-kj84s,5,30
1781593971,gsm-5,msc-test-stub-5b875d749d-fnfg5,1,16
1781593971,gsm-5,osmo-bsc-594654bd47-xbxld,1,5
1781593971,gsm-5,osmo-bts-virtual-5f8b9b86fc-pd9t7,28,5
1781593971,gsm-5,osmo-hlr-546bdb8988-wb5xr,1,2
1781593971,gsm-5,osmo-mgw-8c8fc67d6-fxp8q,1,2
1781593971,gsm-5,osmo-mobile-59d8d55bb5-vv6bg,2,33
1781593971,gsm-5,osmo-stp-768687f494-nhnn6,1,2
1781593971,gsm-5,ttcn3-tc-26-7-4-1-1-kjjfz,1,12
1781593971,gsm-5,virtphy-b55647b48-h2vqw,7,1
1781593971,gsm-6,msc-test-stub-5b875d749d-8vkzh,1,16
1781593971,gsm-6,osmo-mgw-8c8fc67d6-wd4pb,1,2
1781593971,gsm-6,osmo-mobile-7b8d4df666-lrms9,3,34
1781593971,gsm-7,msc-test-stub-5b875d749d-khnpx,1,16
1781593971,gsm-7,osmo-bsc-594654bd47-qqkm6,1,5
1781593971,gsm-7,osmo-bts-virtual-5f8b9b86fc-qlkms,26,5
1781593971,gsm-7,osmo-mgw-8c8fc67d6-rfmz7,1,2
1781593971,gsm-7,osmo-mobile-6865667c79-4594t,3,44
1781593971,gsm-7,osmo-stp-768687f494-plxcc,1,2
1781593971,gsm-7,virtphy-6cd7658d46-7mqb9,7,1
1781593971,gsm-8,msc-test-stub-5b875d749d-qjjvd,1,17
1781593971,gsm-8,osmo-bsc-594654bd47-gl8n5,1,5
1781593971,gsm-8,osmo-bts-virtual-5f8b9b86fc-2jhn7,23,5
1781593971,gsm-8,osmo-hlr-546bdb8988-728qc,1,7
1781593971,gsm-8,osmo-mgw-8c8fc67d6-2zf7g,1,5
1781593971,gsm-8,osmo-mobile-7f88cc47b4-fl965,3,42
1781593971,gsm-8,osmo-stp-768687f494-j95b9,1,2
1781593971,gsm-8,ttcn3-tc-34-2-2-1-prvgs,1,18
1781593971,gsm-8,virtphy-86b4bdf559-sq5gd,7,2
1781593971,kube-system,coredns-c4dbffb5f-p9rsr,3,27
1781593971,kube-system,local-path-provisioner-5c4dc5d66d-nfqxz,1,17
1781593971,kube-system,metrics-server-786d997795-hcp2m,10,44
1781593971,kube-system,svclb-traefik-1100f998-kpm9h,0,0
1781593971,kube-system,traefik-9bcdbbd9-qtpjt,2,40
1781593974,gsm-1,msc-test-stub-5b875d749d-dp87n,1,16
1781593974,gsm-1,osmo-bsc-594654bd47-j9mdh,1,5
1781593974,gsm-1,osmo-bts-virtual-5f8b9b86fc-szfjb,24,5
1781593974,gsm-1,osmo-hlr-546bdb8988-d4r6r,1,2
1781593974,gsm-1,osmo-mgw-8c8fc67d6-txwl8,1,2
1781593974,gsm-1,osmo-mobile-947867b85-d9gvn,3,36
1781593974,gsm-1,osmo-stp-768687f494-mgj9x,1,2
1781593974,gsm-1,ttcn3-tc-26-6-1-1-1-rx2fd,1,6
1781593974,gsm-1,virtphy-858665df6d-4fmrz,7,1
1781593974,gsm-2,msc-test-stub-5b875d749d-thf6z,1,16
1781593974,gsm-2,osmo-bsc-594654bd47-hhlp9,1,5
1781593974,gsm-2,osmo-bts-virtual-5f8b9b86fc-rjnc6,25,5
1781593974,gsm-2,osmo-hlr-546bdb8988-9h84c,1,2
1781593974,gsm-2,osmo-mgw-8c8fc67d6-lhmxh,1,2
1781593974,gsm-2,osmo-mobile-6b5b79f646-nqjb8,3,33
1781593974,gsm-2,osmo-stp-768687f494-hf2mq,1,2
1781593974,gsm-2,ttcn3-tc-26-6-2-1-1-1-9rxf9,1,6
1781593974,gsm-2,virtphy-6458f9f999-7h52n,7,1
1781593974,gsm-3,msc-test-stub-5b875d749d-85ttv,1,16
1781593974,gsm-3,osmo-mgw-8c8fc67d6-hfrjx,1,2
1781593974,gsm-3,osmo-mobile-856799fbbc-b2lmx,3,31
1781593974,gsm-4,msc-test-stub-5b875d749d-tqp6x,1,16
1781593974,gsm-4,osmo-mgw-8c8fc67d6-r4jrz,1,2
1781593974,gsm-4,osmo-mobile-74f4b9d576-kj84s,5,30
1781593974,gsm-5,msc-test-stub-5b875d749d-fnfg5,1,16
1781593974,gsm-5,osmo-bsc-594654bd47-xbxld,1,5
1781593974,gsm-5,osmo-bts-virtual-5f8b9b86fc-pd9t7,28,5
1781593974,gsm-5,osmo-hlr-546bdb8988-wb5xr,1,2
1781593974,gsm-5,osmo-mgw-8c8fc67d6-fxp8q,1,2
1781593974,gsm-5,osmo-mobile-59d8d55bb5-vv6bg,2,33
1781593974,gsm-5,osmo-stp-768687f494-nhnn6,1,2
1781593974,gsm-5,ttcn3-tc-26-7-4-1-1-kjjfz,1,12
1781593974,gsm-5,virtphy-b55647b48-h2vqw,7,1
1781593974,gsm-6,msc-test-stub-5b875d749d-8vkzh,1,16
1781593974,gsm-6,osmo-mgw-8c8fc67d6-wd4pb,1,2
1781593974,gsm-6,osmo-mobile-7b8d4df666-lrms9,3,34
1781593974,gsm-7,msc-test-stub-5b875d749d-khnpx,1,16
1781593974,gsm-7,osmo-bts-virtual-5f8b9b86fc-qlkms,26,5
1781593974,gsm-7,osmo-mgw-8c8fc67d6-rfmz7,1,2
1781593974,gsm-7,osmo-mobile-6865667c79-4594t,3,44
1781593974,gsm-8,msc-test-stub-5b875d749d-qjjvd,1,17
1781593974,gsm-8,osmo-bsc-594654bd47-gl8n5,1,5
1781593974,gsm-8,osmo-bts-virtual-5f8b9b86fc-2jhn7,23,5
1781593974,gsm-8,osmo-hlr-546bdb8988-728qc,1,7
1781593974,gsm-8,osmo-mgw-8c8fc67d6-2zf7g,1,5
1781593974,gsm-8,osmo-mobile-7f88cc47b4-fl965,3,42
1781593974,gsm-8,osmo-stp-768687f494-j95b9,1,2
1781593974,gsm-8,ttcn3-tc-34-2-2-1-prvgs,1,18
1781593974,gsm-8,virtphy-86b4bdf559-sq5gd,7,2
1781593974,kube-system,coredns-c4dbffb5f-p9rsr,3,27
1781593974,kube-system,local-path-provisioner-5c4dc5d66d-nfqxz,1,17
1781593974,kube-system,metrics-server-786d997795-hcp2m,10,44
1781593974,kube-system,svclb-traefik-1100f998-kpm9h,0,0
1781593974,kube-system,traefik-9bcdbbd9-qtpjt,2,40
1781593976,gsm-1,msc-test-stub-5b875d749d-dp87n,1,16
1781593976,gsm-1,osmo-bsc-594654bd47-j9mdh,1,5
1781593976,gsm-1,osmo-bts-virtual-5f8b9b86fc-szfjb,24,5
1781593976,gsm-1,osmo-hlr-546bdb8988-d4r6r,1,2
1781593976,gsm-1,osmo-mgw-8c8fc67d6-txwl8,1,2
1781593976,gsm-1,osmo-mobile-947867b85-d9gvn,3,36
1781593976,gsm-1,osmo-stp-768687f494-mgj9x,1,2
1781593976,gsm-1,ttcn3-tc-26-6-1-1-1-rx2fd,1,6
1781593976,gsm-1,virtphy-858665df6d-4fmrz,7,1
1781593976,gsm-2,msc-test-stub-5b875d749d-thf6z,1,16
1781593976,gsm-2,osmo-bsc-594654bd47-hhlp9,1,5
1781593976,gsm-2,osmo-bts-virtual-5f8b9b86fc-rjnc6,25,5
1781593976,gsm-2,osmo-hlr-546bdb8988-9h84c,1,2
1781593976,gsm-2,osmo-mgw-8c8fc67d6-lhmxh,1,2
1781593976,gsm-2,osmo-mobile-6b5b79f646-nqjb8,3,33
1781593976,gsm-2,osmo-stp-768687f494-hf2mq,1,2
1781593976,gsm-2,ttcn3-tc-26-6-2-1-1-1-9rxf9,1,6
1781593976,gsm-2,virtphy-6458f9f999-7h52n,7,1
1781593976,gsm-3,msc-test-stub-5b875d749d-85ttv,1,16
1781593976,gsm-3,osmo-mgw-8c8fc67d6-hfrjx,1,2
1781593976,gsm-3,osmo-mobile-856799fbbc-b2lmx,3,31
1781593976,gsm-5,msc-test-stub-5b875d749d-fnfg5,1,16
1781593976,gsm-5,osmo-bsc-594654bd47-xbxld,1,5
1781593976,gsm-5,osmo-bts-virtual-5f8b9b86fc-pd9t7,28,5
1781593976,gsm-5,osmo-hlr-546bdb8988-wb5xr,1,2
1781593976,gsm-5,osmo-mgw-8c8fc67d6-fxp8q,1,2
1781593976,gsm-5,osmo-mobile-59d8d55bb5-vv6bg,2,33
1781593976,gsm-5,osmo-stp-768687f494-nhnn6,1,2
1781593976,gsm-5,ttcn3-tc-26-7-4-1-1-kjjfz,1,12
1781593976,gsm-5,virtphy-b55647b48-h2vqw,7,1
1781593976,gsm-6,msc-test-stub-5b875d749d-8vkzh,1,16
1781593976,gsm-6,osmo-mgw-8c8fc67d6-wd4pb,1,2
1781593976,gsm-6,osmo-mobile-7b8d4df666-lrms9,3,34
1781593976,gsm-7,msc-test-stub-5b875d749d-khnpx,1,16
1781593976,gsm-7,osmo-mgw-8c8fc67d6-rfmz7,1,2
1781593976,gsm-7,osmo-mobile-6865667c79-4594t,3,44
1781593976,gsm-8,msc-test-stub-5b875d749d-qjjvd,1,17
1781593976,gsm-8,osmo-bsc-594654bd47-gl8n5,1,5
1781593976,gsm-8,osmo-bts-virtual-5f8b9b86fc-2jhn7,23,5
1781593976,gsm-8,osmo-hlr-546bdb8988-728qc,1,7
1781593976,gsm-8,osmo-mgw-8c8fc67d6-2zf7g,1,5
1781593976,gsm-8,osmo-mobile-7f88cc47b4-fl965,3,42
1781593976,gsm-8,osmo-stp-768687f494-j95b9,1,2
1781593976,gsm-8,ttcn3-tc-34-2-2-1-prvgs,1,18
1781593976,gsm-8,virtphy-86b4bdf559-sq5gd,7,2
1781593976,kube-system,coredns-c4dbffb5f-p9rsr,3,27
1781593976,kube-system,local-path-provisioner-5c4dc5d66d-nfqxz,1,17
1781593976,kube-system,metrics-server-786d997795-hcp2m,10,44
1781593976,kube-system,svclb-traefik-1100f998-kpm9h,0,0
1781593976,kube-system,traefik-9bcdbbd9-qtpjt,2,40
1781593978,gsm-1,msc-test-stub-5b875d749d-dp87n,1,16
1781593978,gsm-1,osmo-bsc-594654bd47-j9mdh,1,5
1781593978,gsm-1,osmo-bts-virtual-5f8b9b86fc-szfjb,28,5
1781593978,gsm-1,osmo-hlr-546bdb8988-d4r6r,1,2
1781593978,gsm-1,osmo-mgw-8c8fc67d6-txwl8,1,2
1781593978,gsm-1,osmo-mobile-947867b85-d9gvn,3,36
1781593978,gsm-1,osmo-stp-768687f494-mgj9x,1,2
1781593978,gsm-1,ttcn3-tc-26-6-1-1-1-rx2fd,1,6
1781593978,gsm-1,virtphy-858665df6d-4fmrz,6,1
1781593978,gsm-2,msc-test-stub-5b875d749d-thf6z,1,16
1781593978,gsm-2,osmo-bsc-594654bd47-hhlp9,1,5
1781593978,gsm-2,osmo-bts-virtual-5f8b9b86fc-rjnc6,21,5
1781593978,gsm-2,osmo-hlr-546bdb8988-9h84c,1,2
1781593978,gsm-2,osmo-mgw-8c8fc67d6-lhmxh,1,2
1781593978,gsm-2,osmo-mobile-6b5b79f646-nqjb8,2,33
1781593978,gsm-2,osmo-stp-768687f494-hf2mq,1,2
1781593978,gsm-2,ttcn3-tc-26-6-2-1-1-1-9rxf9,1,6
1781593978,gsm-2,virtphy-6458f9f999-7h52n,6,1
1781593978,gsm-3,msc-test-stub-5b875d749d-85ttv,1,16
1781593978,gsm-3,osmo-mgw-8c8fc67d6-hfrjx,1,2
1781593978,gsm-3,osmo-mobile-856799fbbc-b2lmx,6,31
1781593978,gsm-5,msc-test-stub-5b875d749d-fnfg5,1,16
1781593978,gsm-5,osmo-bsc-594654bd47-xbxld,1,5
1781593978,gsm-5,osmo-bts-virtual-5f8b9b86fc-pd9t7,28,5
1781593978,gsm-5,osmo-hlr-546bdb8988-wb5xr,1,2
1781593978,gsm-5,osmo-mgw-8c8fc67d6-fxp8q,1,2
1781593978,gsm-5,osmo-mobile-59d8d55bb5-vv6bg,3,33
1781593978,gsm-5,osmo-stp-768687f494-nhnn6,1,2
1781593978,gsm-5,ttcn3-tc-26-7-4-1-1-kjjfz,1,12
1781593978,gsm-5,virtphy-b55647b48-h2vqw,7,1
1781593978,gsm-7,msc-test-stub-5b875d749d-khnpx,1,16
1781593978,gsm-7,osmo-mgw-8c8fc67d6-rfmz7,1,2
1781593978,gsm-7,osmo-mobile-6865667c79-4594t,3,44
1781593978,gsm-8,msc-test-stub-5b875d749d-qjjvd,1,17
1781593978,gsm-8,osmo-bsc-594654bd47-gl8n5,1,5
1781593978,gsm-8,osmo-bts-virtual-5f8b9b86fc-2jhn7,24,5
1781593978,gsm-8,osmo-hlr-546bdb8988-728qc,1,7
1781593978,gsm-8,osmo-mgw-8c8fc67d6-2zf7g,1,5
1781593978,gsm-8,osmo-mobile-7f88cc47b4-fl965,2,43
1781593978,gsm-8,osmo-stp-768687f494-j95b9,1,2
1781593978,gsm-8,ttcn3-tc-34-2-2-1-prvgs,1,18
1781593978,gsm-8,virtphy-86b4bdf559-sq5gd,7,2
1781593978,kube-system,coredns-c4dbffb5f-p9rsr,3,27
1781593978,kube-system,local-path-provisioner-5c4dc5d66d-nfqxz,1,17
1781593978,kube-system,metrics-server-786d997795-hcp2m,11,44
1781593978,kube-system,svclb-traefik-1100f998-kpm9h,0,0
1781593978,kube-system,traefik-9bcdbbd9-qtpjt,2,39
1781593981,gsm-1,msc-test-stub-5b875d749d-dp87n,1,16
1781593981,gsm-1,osmo-bsc-594654bd47-j9mdh,1,5
1781593981,gsm-1,osmo-bts-virtual-5f8b9b86fc-szfjb,28,5
1781593981,gsm-1,osmo-hlr-546bdb8988-d4r6r,1,2
1781593981,gsm-1,osmo-mgw-8c8fc67d6-txwl8,1,2
1781593981,gsm-1,osmo-mobile-947867b85-d9gvn,3,36
1781593981,gsm-1,osmo-stp-768687f494-mgj9x,1,2
1781593981,gsm-1,ttcn3-tc-26-6-1-1-1-rx2fd,1,6
1781593981,gsm-1,virtphy-858665df6d-4fmrz,6,1
1781593981,gsm-2,msc-test-stub-5b875d749d-thf6z,1,16
1781593981,gsm-2,osmo-bsc-594654bd47-hhlp9,1,5
1781593981,gsm-2,osmo-bts-virtual-5f8b9b86fc-rjnc6,21,5
1781593981,gsm-2,osmo-hlr-546bdb8988-9h84c,1,2
1781593981,gsm-2,osmo-mgw-8c8fc67d6-lhmxh,1,2
1781593981,gsm-2,osmo-mobile-6b5b79f646-nqjb8,2,33
1781593981,gsm-2,osmo-stp-768687f494-hf2mq,1,2
1781593981,gsm-2,ttcn3-tc-26-6-2-1-1-1-9rxf9,1,6
1781593981,gsm-2,virtphy-6458f9f999-7h52n,6,1
1781593981,gsm-3,msc-test-stub-5b875d749d-85ttv,1,16
1781593981,gsm-3,osmo-mgw-8c8fc67d6-hfrjx,1,2
1781593981,gsm-3,osmo-mobile-856799fbbc-b2lmx,6,31
1781593981,gsm-5,msc-test-stub-5b875d749d-fnfg5,1,16
1781593981,gsm-5,osmo-bsc-594654bd47-xbxld,1,5
1781593981,gsm-5,osmo-bts-virtual-5f8b9b86fc-pd9t7,28,5
1781593981,gsm-5,osmo-hlr-546bdb8988-wb5xr,1,2
1781593981,gsm-5,osmo-mgw-8c8fc67d6-fxp8q,1,2
1781593981,gsm-5,osmo-mobile-59d8d55bb5-vv6bg,3,33
1781593981,gsm-5,osmo-stp-768687f494-nhnn6,1,2
1781593981,gsm-5,ttcn3-tc-26-7-4-1-1-kjjfz,1,12
1781593981,gsm-5,virtphy-b55647b48-h2vqw,7,1
1781593981,gsm-7,msc-test-stub-5b875d749d-khnpx,1,16
1781593981,gsm-7,osmo-mgw-8c8fc67d6-rfmz7,1,2
1781593981,gsm-7,osmo-mobile-6865667c79-4594t,3,44
1781593981,gsm-8,msc-test-stub-5b875d749d-qjjvd,1,17
1781593981,gsm-8,osmo-bsc-594654bd47-gl8n5,1,5
1781593981,gsm-8,osmo-bts-virtual-5f8b9b86fc-2jhn7,24,5
1781593981,gsm-8,osmo-hlr-546bdb8988-728qc,1,7
1781593981,gsm-8,osmo-mgw-8c8fc67d6-2zf7g,1,5
1781593981,gsm-8,osmo-mobile-7f88cc47b4-fl965,2,43
1781593981,gsm-8,osmo-stp-768687f494-j95b9,1,2
1781593981,gsm-8,ttcn3-tc-34-2-2-1-prvgs,1,18
1781593981,gsm-8,virtphy-86b4bdf559-sq5gd,7,2
1781593981,kube-system,coredns-c4dbffb5f-p9rsr,3,27
1781593981,kube-system,local-path-provisioner-5c4dc5d66d-nfqxz,1,17
1781593981,kube-system,metrics-server-786d997795-hcp2m,11,44
1781593981,kube-system,svclb-traefik-1100f998-kpm9h,0,0
1781593981,kube-system,traefik-9bcdbbd9-qtpjt,2,39
1781593983,gsm-1,msc-test-stub-5b875d749d-dp87n,1,16
1781593983,gsm-1,osmo-bsc-594654bd47-j9mdh,1,5
1781593983,gsm-1,osmo-bts-virtual-5f8b9b86fc-szfjb,28,5
1781593983,gsm-1,osmo-hlr-546bdb8988-d4r6r,1,2
1781593983,gsm-1,osmo-mgw-8c8fc67d6-txwl8,1,2
1781593983,gsm-1,osmo-mobile-947867b85-d9gvn,3,36
1781593983,gsm-1,osmo-stp-768687f494-mgj9x,1,2
1781593983,gsm-1,ttcn3-tc-26-6-1-1-1-rx2fd,1,6
1781593983,gsm-1,virtphy-858665df6d-4fmrz,6,1
1781593983,gsm-2,msc-test-stub-5b875d749d-thf6z,1,16
1781593983,gsm-2,osmo-bsc-594654bd47-hhlp9,1,5
1781593983,gsm-2,osmo-bts-virtual-5f8b9b86fc-rjnc6,21,5
1781593983,gsm-2,osmo-hlr-546bdb8988-9h84c,1,2
1781593983,gsm-2,osmo-mgw-8c8fc67d6-lhmxh,1,2
1781593983,gsm-2,osmo-mobile-6b5b79f646-nqjb8,2,33
1781593983,gsm-2,osmo-stp-768687f494-hf2mq,1,2
1781593983,gsm-2,ttcn3-tc-26-6-2-1-1-1-9rxf9,1,6
1781593983,gsm-2,virtphy-6458f9f999-7h52n,6,1
1781593983,gsm-3,msc-test-stub-5b875d749d-85ttv,1,16
1781593983,gsm-3,osmo-mgw-8c8fc67d6-hfrjx,1,2
1781593983,gsm-3,osmo-mobile-856799fbbc-b2lmx,6,31
1781593983,gsm-5,msc-test-stub-5b875d749d-fnfg5,1,16
1781593983,gsm-5,osmo-bsc-594654bd47-xbxld,1,5
1781593983,gsm-5,osmo-bts-virtual-5f8b9b86fc-pd9t7,28,5
1781593983,gsm-5,osmo-hlr-546bdb8988-wb5xr,1,2
1781593983,gsm-5,osmo-mgw-8c8fc67d6-fxp8q,1,2
1781593983,gsm-5,osmo-mobile-59d8d55bb5-vv6bg,3,33
1781593983,gsm-5,osmo-stp-768687f494-nhnn6,1,2
1781593983,gsm-5,ttcn3-tc-26-7-4-1-1-kjjfz,1,12
1781593983,gsm-5,virtphy-b55647b48-h2vqw,7,1
1781593983,gsm-7,msc-test-stub-5b875d749d-khnpx,1,16
1781593983,gsm-7,osmo-mgw-8c8fc67d6-rfmz7,1,2
1781593983,gsm-7,osmo-mobile-6865667c79-4594t,3,44
1781593983,gsm-8,msc-test-stub-5b875d749d-qjjvd,1,17
1781593983,gsm-8,osmo-bsc-594654bd47-gl8n5,1,5
1781593983,gsm-8,osmo-bts-virtual-5f8b9b86fc-2jhn7,24,5
1781593983,gsm-8,osmo-hlr-546bdb8988-728qc,1,7
1781593983,gsm-8,osmo-mgw-8c8fc67d6-2zf7g,1,5
1781593983,gsm-8,osmo-mobile-7f88cc47b4-fl965,2,43
1781593983,gsm-8,osmo-stp-768687f494-j95b9,1,2
1781593983,gsm-8,ttcn3-tc-34-2-2-1-prvgs,1,18
1781593983,gsm-8,virtphy-86b4bdf559-sq5gd,7,2
1781593983,kube-system,coredns-c4dbffb5f-p9rsr,3,27
1781593983,kube-system,local-path-provisioner-5c4dc5d66d-nfqxz,1,17
1781593983,kube-system,metrics-server-786d997795-hcp2m,11,44
1781593983,kube-system,svclb-traefik-1100f998-kpm9h,0,0
1781593983,kube-system,traefik-9bcdbbd9-qtpjt,2,39
1781593985,gsm-1,msc-test-stub-5b875d749d-dp87n,1,16
1781593985,gsm-1,osmo-bsc-594654bd47-j9mdh,1,5
1781593985,gsm-1,osmo-bts-virtual-5f8b9b86fc-szfjb,28,5
1781593985,gsm-1,osmo-hlr-546bdb8988-d4r6r,1,2
1781593985,gsm-1,osmo-mgw-8c8fc67d6-txwl8,1,2
1781593985,gsm-1,osmo-mobile-947867b85-d9gvn,3,36
1781593985,gsm-1,osmo-stp-768687f494-mgj9x,1,2
1781593985,gsm-1,ttcn3-tc-26-6-1-1-1-rx2fd,1,6
1781593985,gsm-1,virtphy-858665df6d-4fmrz,6,1
1781593985,gsm-2,msc-test-stub-5b875d749d-thf6z,1,16
1781593985,gsm-2,osmo-bsc-594654bd47-hhlp9,1,5
1781593985,gsm-2,osmo-bts-virtual-5f8b9b86fc-rjnc6,21,5
1781593985,gsm-2,osmo-hlr-546bdb8988-9h84c,1,2
1781593985,gsm-2,osmo-mgw-8c8fc67d6-lhmxh,1,2
1781593985,gsm-2,osmo-mobile-6b5b79f646-nqjb8,2,33
1781593985,gsm-2,osmo-stp-768687f494-hf2mq,1,2
1781593985,gsm-2,ttcn3-tc-26-6-2-1-1-1-9rxf9,1,6
1781593985,gsm-2,virtphy-6458f9f999-7h52n,6,1
1781593985,gsm-5,msc-test-stub-5b875d749d-fnfg5,1,16
1781593985,gsm-5,osmo-bsc-594654bd47-xbxld,1,5
1781593985,gsm-5,osmo-bts-virtual-5f8b9b86fc-pd9t7,28,5
1781593985,gsm-5,osmo-hlr-546bdb8988-wb5xr,1,2
1781593985,gsm-5,osmo-mgw-8c8fc67d6-fxp8q,1,2
1781593985,gsm-5,osmo-mobile-59d8d55bb5-vv6bg,3,33
1781593985,gsm-5,osmo-stp-768687f494-nhnn6,1,2
1781593985,gsm-5,ttcn3-tc-26-7-4-1-1-kjjfz,1,12
1781593985,gsm-5,virtphy-b55647b48-h2vqw,7,1
1781593985,gsm-7,msc-test-stub-5b875d749d-khnpx,1,16
1781593985,gsm-7,osmo-mgw-8c8fc67d6-rfmz7,1,2
1781593985,gsm-7,osmo-mobile-6865667c79-4594t,3,44
1781593985,gsm-8,msc-test-stub-5b875d749d-qjjvd,1,17
1781593985,gsm-8,osmo-bsc-594654bd47-gl8n5,1,5
1781593985,gsm-8,osmo-bts-virtual-5f8b9b86fc-2jhn7,24,5
1781593985,gsm-8,osmo-hlr-546bdb8988-728qc,1,7
1781593985,gsm-8,osmo-mgw-8c8fc67d6-2zf7g,1,5
1781593985,gsm-8,osmo-mobile-7f88cc47b4-fl965,2,43
1781593985,gsm-8,osmo-stp-768687f494-j95b9,1,2
1781593985,gsm-8,ttcn3-tc-34-2-2-1-prvgs,1,18
1781593985,gsm-8,virtphy-86b4bdf559-sq5gd,7,2
1781593985,kube-system,coredns-c4dbffb5f-p9rsr,3,27
1781593985,kube-system,local-path-provisioner-5c4dc5d66d-nfqxz,1,17
1781593985,kube-system,metrics-server-786d997795-hcp2m,11,44
1781593985,kube-system,svclb-traefik-1100f998-kpm9h,0,0
1781593985,kube-system,traefik-9bcdbbd9-qtpjt,2,39
1781593987,gsm-1,msc-test-stub-5b875d749d-dp87n,1,16
1781593987,gsm-1,osmo-bsc-594654bd47-j9mdh,1,5
1781593987,gsm-1,osmo-bts-virtual-5f8b9b86fc-szfjb,28,5
1781593987,gsm-1,osmo-hlr-546bdb8988-d4r6r,1,2
1781593987,gsm-1,osmo-mgw-8c8fc67d6-txwl8,1,2
1781593987,gsm-1,osmo-mobile-947867b85-d9gvn,3,36
1781593987,gsm-1,osmo-stp-768687f494-mgj9x,1,2
1781593987,gsm-1,ttcn3-tc-26-6-1-1-1-rx2fd,1,6
1781593987,gsm-1,virtphy-858665df6d-4fmrz,6,1
1781593987,gsm-2,msc-test-stub-5b875d749d-thf6z,1,16
1781593987,gsm-2,osmo-bsc-594654bd47-hhlp9,1,5
1781593987,gsm-2,osmo-bts-virtual-5f8b9b86fc-rjnc6,21,5
1781593987,gsm-2,osmo-hlr-546bdb8988-9h84c,1,2
1781593987,gsm-2,osmo-mgw-8c8fc67d6-lhmxh,1,2
1781593987,gsm-2,osmo-mobile-6b5b79f646-nqjb8,2,33
1781593987,gsm-2,osmo-stp-768687f494-hf2mq,1,2
1781593987,gsm-2,ttcn3-tc-26-6-2-1-1-1-9rxf9,1,6
1781593987,gsm-2,virtphy-6458f9f999-7h52n,6,1
1781593987,gsm-5,msc-test-stub-5b875d749d-fnfg5,1,16
1781593987,gsm-5,osmo-bsc-594654bd47-xbxld,1,5
1781593987,gsm-5,osmo-bts-virtual-5f8b9b86fc-pd9t7,28,5
1781593987,gsm-5,osmo-hlr-546bdb8988-wb5xr,1,2
1781593987,gsm-5,osmo-mgw-8c8fc67d6-fxp8q,1,2
1781593987,gsm-5,osmo-mobile-59d8d55bb5-vv6bg,3,33
1781593987,gsm-5,osmo-stp-768687f494-nhnn6,1,2
1781593987,gsm-5,ttcn3-tc-26-7-4-1-1-kjjfz,1,12
1781593987,gsm-5,virtphy-b55647b48-h2vqw,7,1
1781593987,gsm-7,msc-test-stub-5b875d749d-khnpx,1,16
1781593987,gsm-7,osmo-mgw-8c8fc67d6-rfmz7,1,2
1781593987,gsm-7,osmo-mobile-6865667c79-4594t,3,44
1781593987,gsm-8,msc-test-stub-5b875d749d-qjjvd,1,17
1781593987,gsm-8,osmo-bsc-594654bd47-gl8n5,1,5
1781593987,gsm-8,osmo-bts-virtual-5f8b9b86fc-2jhn7,24,5
1781593987,gsm-8,osmo-hlr-546bdb8988-728qc,1,7
1781593987,gsm-8,osmo-mgw-8c8fc67d6-2zf7g,1,5
1781593987,gsm-8,osmo-mobile-7f88cc47b4-fl965,2,43
1781593987,gsm-8,osmo-stp-768687f494-j95b9,1,2
1781593987,gsm-8,ttcn3-tc-34-2-2-1-prvgs,1,18
1781593987,gsm-8,virtphy-86b4bdf559-sq5gd,7,2
1781593987,kube-system,coredns-c4dbffb5f-p9rsr,3,27
1781593987,kube-system,local-path-provisioner-5c4dc5d66d-nfqxz,1,17
1781593987,kube-system,metrics-server-786d997795-hcp2m,11,44
1781593987,kube-system,svclb-traefik-1100f998-kpm9h,0,0
1781593987,kube-system,traefik-9bcdbbd9-qtpjt,2,39
1781593989,gsm-1,msc-test-stub-5b875d749d-dp87n,1,16
1781593989,gsm-1,osmo-bsc-594654bd47-j9mdh,1,5
1781593989,gsm-1,osmo-bts-virtual-5f8b9b86fc-szfjb,28,5
1781593989,gsm-1,osmo-hlr-546bdb8988-d4r6r,1,2
1781593989,gsm-1,osmo-mgw-8c8fc67d6-txwl8,1,2
1781593989,gsm-1,osmo-mobile-947867b85-d9gvn,3,36
1781593989,gsm-1,osmo-stp-768687f494-mgj9x,1,2
1781593989,gsm-1,ttcn3-tc-26-6-1-1-1-rx2fd,1,6
1781593989,gsm-1,virtphy-858665df6d-4fmrz,6,1
1781593989,gsm-2,msc-test-stub-5b875d749d-thf6z,1,16
1781593989,gsm-2,osmo-bsc-594654bd47-hhlp9,1,5
1781593989,gsm-2,osmo-bts-virtual-5f8b9b86fc-rjnc6,21,5
1781593989,gsm-2,osmo-hlr-546bdb8988-9h84c,1,2
1781593989,gsm-2,osmo-mgw-8c8fc67d6-lhmxh,1,2
1781593989,gsm-2,osmo-mobile-6b5b79f646-nqjb8,2,33
1781593989,gsm-2,osmo-stp-768687f494-hf2mq,1,2
1781593989,gsm-2,ttcn3-tc-26-6-2-1-1-1-9rxf9,1,6
1781593989,gsm-2,virtphy-6458f9f999-7h52n,6,1
1781593989,gsm-5,msc-test-stub-5b875d749d-fnfg5,1,16
1781593989,gsm-5,osmo-bsc-594654bd47-xbxld,1,5
1781593989,gsm-5,osmo-bts-virtual-5f8b9b86fc-pd9t7,28,5
1781593989,gsm-5,osmo-hlr-546bdb8988-wb5xr,1,2
1781593989,gsm-5,osmo-mgw-8c8fc67d6-fxp8q,1,2
1781593989,gsm-5,osmo-mobile-59d8d55bb5-vv6bg,3,33
1781593989,gsm-5,osmo-stp-768687f494-nhnn6,1,2
1781593989,gsm-5,ttcn3-tc-26-7-4-1-1-kjjfz,1,12
1781593989,gsm-5,virtphy-b55647b48-h2vqw,7,1
1781593989,gsm-7,msc-test-stub-5b875d749d-khnpx,1,16
1781593989,gsm-7,osmo-mgw-8c8fc67d6-rfmz7,1,2
1781593989,gsm-7,osmo-mobile-6865667c79-4594t,3,44
1781593989,gsm-8,msc-test-stub-5b875d749d-qjjvd,1,17
1781593989,gsm-8,osmo-bsc-594654bd47-gl8n5,1,5
1781593989,gsm-8,osmo-bts-virtual-5f8b9b86fc-2jhn7,24,5
1781593989,gsm-8,osmo-hlr-546bdb8988-728qc,1,7
1781593989,gsm-8,osmo-mgw-8c8fc67d6-2zf7g,1,5
1781593989,gsm-8,osmo-mobile-7f88cc47b4-fl965,2,43
1781593989,gsm-8,osmo-stp-768687f494-j95b9,1,2
1781593989,gsm-8,ttcn3-tc-34-2-2-1-prvgs,1,18
1781593989,gsm-8,virtphy-86b4bdf559-sq5gd,7,2
1781593989,kube-system,coredns-c4dbffb5f-p9rsr,3,27
1781593989,kube-system,local-path-provisioner-5c4dc5d66d-nfqxz,1,17
1781593989,kube-system,metrics-server-786d997795-hcp2m,11,44
1781593989,kube-system,svclb-traefik-1100f998-kpm9h,0,0
1781593989,kube-system,traefik-9bcdbbd9-qtpjt,2,39
1781593992,gsm-1,msc-test-stub-5b875d749d-dp87n,1,16
1781593992,gsm-1,osmo-bsc-594654bd47-j9mdh,1,5
1781593992,gsm-1,osmo-bts-virtual-5f8b9b86fc-szfjb,28,5
1781593992,gsm-1,osmo-hlr-546bdb8988-d4r6r,1,2
1781593992,gsm-1,osmo-mgw-8c8fc67d6-txwl8,1,2
1781593992,gsm-1,osmo-mobile-947867b85-d9gvn,3,36
1781593992,gsm-1,osmo-stp-768687f494-mgj9x,1,2
1781593992,gsm-1,ttcn3-tc-26-6-1-1-1-rx2fd,1,6
1781593992,gsm-1,virtphy-858665df6d-4fmrz,6,1
1781593992,gsm-2,msc-test-stub-5b875d749d-thf6z,1,16
1781593992,gsm-2,osmo-bsc-594654bd47-hhlp9,1,5
1781593992,gsm-2,osmo-bts-virtual-5f8b9b86fc-rjnc6,21,5
1781593992,gsm-2,osmo-hlr-546bdb8988-9h84c,1,2
1781593992,gsm-2,osmo-mgw-8c8fc67d6-lhmxh,1,2
1781593992,gsm-2,osmo-mobile-6b5b79f646-nqjb8,2,33
1781593992,gsm-2,osmo-stp-768687f494-hf2mq,1,2
1781593992,gsm-2,ttcn3-tc-26-6-2-1-1-1-9rxf9,1,6
1781593992,gsm-2,virtphy-6458f9f999-7h52n,6,1
1781593992,gsm-5,msc-test-stub-5b875d749d-fnfg5,1,16
1781593992,gsm-5,osmo-bsc-594654bd47-xbxld,1,5
1781593992,gsm-5,osmo-bts-virtual-5f8b9b86fc-pd9t7,28,5
1781593992,gsm-5,osmo-hlr-546bdb8988-wb5xr,1,2
1781593992,gsm-5,osmo-mgw-8c8fc67d6-fxp8q,1,2
1781593992,gsm-5,osmo-mobile-59d8d55bb5-vv6bg,3,33
1781593992,gsm-5,osmo-stp-768687f494-nhnn6,1,2
1781593992,gsm-5,ttcn3-tc-26-7-4-1-1-kjjfz,1,12
1781593992,gsm-5,virtphy-b55647b48-h2vqw,7,1
1781593992,gsm-7,msc-test-stub-5b875d749d-khnpx,1,16
1781593992,gsm-7,osmo-mgw-8c8fc67d6-rfmz7,1,2
1781593992,gsm-7,osmo-mobile-6865667c79-4594t,3,44
1781593992,gsm-8,msc-test-stub-5b875d749d-qjjvd,1,17
1781593992,gsm-8,osmo-bsc-594654bd47-gl8n5,1,5
1781593992,gsm-8,osmo-bts-virtual-5f8b9b86fc-2jhn7,24,5
1781593992,gsm-8,osmo-hlr-546bdb8988-728qc,1,7
1781593992,gsm-8,osmo-mgw-8c8fc67d6-2zf7g,1,5
1781593992,gsm-8,osmo-mobile-7f88cc47b4-fl965,2,43
1781593992,gsm-8,osmo-stp-768687f494-j95b9,1,2
1781593992,gsm-8,ttcn3-tc-34-2-2-1-prvgs,1,18
1781593992,gsm-8,virtphy-86b4bdf559-sq5gd,7,2
1781593992,kube-system,coredns-c4dbffb5f-p9rsr,3,27
1781593992,kube-system,local-path-provisioner-5c4dc5d66d-nfqxz,1,17
1781593992,kube-system,metrics-server-786d997795-hcp2m,11,44
1781593992,kube-system,svclb-traefik-1100f998-kpm9h,0,0
1781593992,kube-system,traefik-9bcdbbd9-qtpjt,2,39
1781593994,gsm-1,msc-test-stub-5b875d749d-dp87n,1,16
1781593994,gsm-1,osmo-bsc-594654bd47-j9mdh,1,5
1781593994,gsm-1,osmo-bts-virtual-5f8b9b86fc-szfjb,26,5
1781593994,gsm-1,osmo-hlr-546bdb8988-d4r6r,1,2
1781593994,gsm-1,osmo-mgw-8c8fc67d6-txwl8,1,2
1781593994,gsm-1,osmo-mobile-947867b85-d9gvn,3,36
1781593994,gsm-1,osmo-stp-768687f494-mgj9x,1,2
1781593994,gsm-1,ttcn3-tc-26-6-1-1-1-rx2fd,1,6
1781593994,gsm-1,virtphy-858665df6d-4fmrz,7,1
1781593994,gsm-2,msc-test-stub-5b875d749d-thf6z,1,16
1781593994,gsm-2,osmo-bsc-594654bd47-hhlp9,1,5
1781593994,gsm-2,osmo-bts-virtual-5f8b9b86fc-rjnc6,21,5
1781593994,gsm-2,osmo-hlr-546bdb8988-9h84c,1,2
1781593994,gsm-2,osmo-mgw-8c8fc67d6-lhmxh,1,2
1781593994,gsm-2,osmo-mobile-6b5b79f646-nqjb8,2,33
1781593994,gsm-2,osmo-stp-768687f494-hf2mq,1,2
1781593994,gsm-2,ttcn3-tc-26-6-2-1-1-1-9rxf9,1,6
1781593994,gsm-2,virtphy-6458f9f999-7h52n,7,1
1781593994,gsm-5,msc-test-stub-5b875d749d-fnfg5,1,16
1781593994,gsm-5,osmo-bsc-594654bd47-xbxld,1,5
1781593994,gsm-5,osmo-bts-virtual-5f8b9b86fc-pd9t7,24,5
1781593994,gsm-5,osmo-hlr-546bdb8988-wb5xr,1,2
1781593994,gsm-5,osmo-mgw-8c8fc67d6-fxp8q,1,2
1781593994,gsm-5,osmo-mobile-59d8d55bb5-vv6bg,2,33
1781593994,gsm-5,osmo-stp-768687f494-nhnn6,1,2
1781593994,gsm-5,ttcn3-tc-26-7-4-1-1-kjjfz,1,12
1781593994,gsm-5,virtphy-b55647b48-h2vqw,7,1
1781593994,gsm-7,msc-test-stub-5b875d749d-khnpx,1,16
1781593994,gsm-7,osmo-mgw-8c8fc67d6-rfmz7,1,2
1781593994,gsm-7,osmo-mobile-6865667c79-4594t,3,42
1781593994,gsm-8,msc-test-stub-5b875d749d-qjjvd,1,17
1781593994,gsm-8,osmo-bsc-594654bd47-gl8n5,1,5
1781593994,gsm-8,osmo-bts-virtual-5f8b9b86fc-2jhn7,23,5
1781593994,gsm-8,osmo-hlr-546bdb8988-728qc,1,7
1781593994,gsm-8,osmo-mgw-8c8fc67d6-2zf7g,1,5
1781593994,gsm-8,osmo-mobile-7f88cc47b4-fl965,2,43
1781593994,gsm-8,osmo-stp-768687f494-j95b9,1,2
1781593994,gsm-8,ttcn3-tc-34-2-2-1-prvgs,1,18
1781593994,gsm-8,virtphy-86b4bdf559-sq5gd,8,2
1781593994,kube-system,coredns-c4dbffb5f-p9rsr,3,27
1781593994,kube-system,local-path-provisioner-5c4dc5d66d-nfqxz,1,17
1781593994,kube-system,metrics-server-786d997795-hcp2m,8,44
1781593994,kube-system,svclb-traefik-1100f998-kpm9h,0,0
1781593994,kube-system,traefik-9bcdbbd9-qtpjt,1,39
1781593997,gsm-1,msc-test-stub-5b875d749d-dp87n,1,16
1781593997,gsm-1,osmo-bsc-594654bd47-j9mdh,1,5
1781593997,gsm-1,osmo-bts-virtual-5f8b9b86fc-szfjb,26,5
1781593997,gsm-1,osmo-hlr-546bdb8988-d4r6r,1,2
1781593997,gsm-1,osmo-mgw-8c8fc67d6-txwl8,1,2
1781593997,gsm-1,osmo-mobile-947867b85-d9gvn,3,36
1781593997,gsm-1,osmo-stp-768687f494-mgj9x,1,2
1781593997,gsm-1,ttcn3-tc-26-6-1-1-1-rx2fd,1,6
1781593997,gsm-1,virtphy-858665df6d-4fmrz,7,1
1781593997,gsm-2,msc-test-stub-5b875d749d-thf6z,1,16
1781593997,gsm-2,osmo-bsc-594654bd47-hhlp9,1,5
1781593997,gsm-2,osmo-bts-virtual-5f8b9b86fc-rjnc6,21,5
1781593997,gsm-2,osmo-hlr-546bdb8988-9h84c,1,2
1781593997,gsm-2,osmo-mgw-8c8fc67d6-lhmxh,1,2
1781593997,gsm-2,osmo-mobile-6b5b79f646-nqjb8,2,33
1781593997,gsm-2,osmo-stp-768687f494-hf2mq,1,2
1781593997,gsm-2,ttcn3-tc-26-6-2-1-1-1-9rxf9,1,6
1781593997,gsm-2,virtphy-6458f9f999-7h52n,7,1
1781593997,gsm-5,msc-test-stub-5b875d749d-fnfg5,1,16
1781593997,gsm-5,osmo-bsc-594654bd47-xbxld,1,5
1781593997,gsm-5,osmo-bts-virtual-5f8b9b86fc-pd9t7,24,5
1781593997,gsm-5,osmo-hlr-546bdb8988-wb5xr,1,2
1781593997,gsm-5,osmo-mgw-8c8fc67d6-fxp8q,1,2
1781593997,gsm-5,osmo-mobile-59d8d55bb5-vv6bg,2,33
1781593997,gsm-5,osmo-stp-768687f494-nhnn6,1,2
1781593997,gsm-5,ttcn3-tc-26-7-4-1-1-kjjfz,1,12
1781593997,gsm-5,virtphy-b55647b48-h2vqw,7,1
1781593997,gsm-7,msc-test-stub-5b875d749d-khnpx,1,16
1781593997,gsm-7,osmo-mgw-8c8fc67d6-rfmz7,1,2
1781593997,gsm-7,osmo-mobile-6865667c79-4594t,3,42
1781593997,gsm-8,msc-test-stub-5b875d749d-qjjvd,1,17
1781593997,gsm-8,osmo-bsc-594654bd47-gl8n5,1,5
1781593997,gsm-8,osmo-bts-virtual-5f8b9b86fc-2jhn7,23,5
1781593997,gsm-8,osmo-hlr-546bdb8988-728qc,1,7
1781593997,gsm-8,osmo-mgw-8c8fc67d6-2zf7g,1,5
1781593997,gsm-8,osmo-mobile-7f88cc47b4-fl965,2,43
1781593997,gsm-8,osmo-stp-768687f494-j95b9,1,2
1781593997,gsm-8,ttcn3-tc-34-2-2-1-prvgs,1,18
1781593997,gsm-8,virtphy-86b4bdf559-sq5gd,8,2
1781593997,kube-system,coredns-c4dbffb5f-p9rsr,3,27
1781593997,kube-system,local-path-provisioner-5c4dc5d66d-nfqxz,1,17
1781593997,kube-system,metrics-server-786d997795-hcp2m,8,44
1781593997,kube-system,svclb-traefik-1100f998-kpm9h,0,0
1781593997,kube-system,traefik-9bcdbbd9-qtpjt,1,39
1781593999,gsm-1,msc-test-stub-5b875d749d-dp87n,1,16
1781593999,gsm-1,osmo-bsc-594654bd47-j9mdh,1,5
1781593999,gsm-1,osmo-bts-virtual-5f8b9b86fc-szfjb,26,5
1781593999,gsm-1,osmo-hlr-546bdb8988-d4r6r,1,2
1781593999,gsm-1,osmo-mgw-8c8fc67d6-txwl8,1,2
1781593999,gsm-1,osmo-mobile-947867b85-d9gvn,3,36
1781593999,gsm-1,osmo-stp-768687f494-mgj9x,1,2
1781593999,gsm-1,ttcn3-tc-26-6-1-1-1-rx2fd,1,6
1781593999,gsm-1,virtphy-858665df6d-4fmrz,7,1
1781593999,gsm-2,msc-test-stub-5b875d749d-thf6z,1,16
1781593999,gsm-2,osmo-bsc-594654bd47-hhlp9,1,5
1781593999,gsm-2,osmo-bts-virtual-5f8b9b86fc-rjnc6,21,5
1781593999,gsm-2,osmo-hlr-546bdb8988-9h84c,1,2
1781593999,gsm-2,osmo-mgw-8c8fc67d6-lhmxh,1,2
1781593999,gsm-2,osmo-mobile-6b5b79f646-nqjb8,2,33
1781593999,gsm-2,osmo-stp-768687f494-hf2mq,1,2
1781593999,gsm-2,ttcn3-tc-26-6-2-1-1-1-9rxf9,1,6
1781593999,gsm-2,virtphy-6458f9f999-7h52n,7,1
1781593999,gsm-5,msc-test-stub-5b875d749d-fnfg5,1,16
1781593999,gsm-5,osmo-bsc-594654bd47-xbxld,1,5
1781593999,gsm-5,osmo-bts-virtual-5f8b9b86fc-pd9t7,24,5
1781593999,gsm-5,osmo-hlr-546bdb8988-wb5xr,1,2
1781593999,gsm-5,osmo-mgw-8c8fc67d6-fxp8q,1,2
1781593999,gsm-5,osmo-mobile-59d8d55bb5-vv6bg,2,33
1781593999,gsm-5,osmo-stp-768687f494-nhnn6,1,2
1781593999,gsm-5,ttcn3-tc-26-7-4-1-1-kjjfz,1,12
1781593999,gsm-5,virtphy-b55647b48-h2vqw,7,1
1781593999,gsm-7,msc-test-stub-5b875d749d-khnpx,1,16
1781593999,gsm-7,osmo-mgw-8c8fc67d6-rfmz7,1,2
1781593999,gsm-7,osmo-mobile-6865667c79-4594t,3,42
1781593999,gsm-8,msc-test-stub-5b875d749d-qjjvd,1,17
1781593999,gsm-8,osmo-bsc-594654bd47-gl8n5,1,5
1781593999,gsm-8,osmo-bts-virtual-5f8b9b86fc-2jhn7,23,5
1781593999,gsm-8,osmo-hlr-546bdb8988-728qc,1,7
1781593999,gsm-8,osmo-mgw-8c8fc67d6-2zf7g,1,5
1781593999,gsm-8,osmo-mobile-7f88cc47b4-fl965,2,43
1781593999,gsm-8,osmo-stp-768687f494-j95b9,1,2
1781593999,gsm-8,ttcn3-tc-34-2-2-1-prvgs,1,18
1781593999,gsm-8,virtphy-86b4bdf559-sq5gd,8,2
1781593999,kube-system,coredns-c4dbffb5f-p9rsr,3,27
1781593999,kube-system,local-path-provisioner-5c4dc5d66d-nfqxz,1,17
1781593999,kube-system,metrics-server-786d997795-hcp2m,8,44
1781593999,kube-system,svclb-traefik-1100f998-kpm9h,0,0
1781593999,kube-system,traefik-9bcdbbd9-qtpjt,1,39
1781594001,gsm-1,msc-test-stub-5b875d749d-dp87n,1,16
1781594001,gsm-1,osmo-bsc-594654bd47-j9mdh,1,5
1781594001,gsm-1,osmo-bts-virtual-5f8b9b86fc-szfjb,26,5
1781594001,gsm-1,osmo-hlr-546bdb8988-d4r6r,1,2
1781594001,gsm-1,osmo-mgw-8c8fc67d6-txwl8,1,2
1781594001,gsm-1,osmo-mobile-947867b85-d9gvn,3,36
1781594001,gsm-1,osmo-stp-768687f494-mgj9x,1,2
1781594001,gsm-1,ttcn3-tc-26-6-1-1-1-rx2fd,1,6
1781594001,gsm-1,virtphy-858665df6d-4fmrz,7,1
1781594001,gsm-2,msc-test-stub-5b875d749d-thf6z,1,16
1781594001,gsm-2,osmo-bsc-594654bd47-hhlp9,1,5
1781594001,gsm-2,osmo-bts-virtual-5f8b9b86fc-rjnc6,21,5
1781594001,gsm-2,osmo-hlr-546bdb8988-9h84c,1,2
1781594001,gsm-2,osmo-mgw-8c8fc67d6-lhmxh,1,2
1781594001,gsm-2,osmo-mobile-6b5b79f646-nqjb8,2,33
1781594001,gsm-2,osmo-stp-768687f494-hf2mq,1,2
1781594001,gsm-2,ttcn3-tc-26-6-2-1-1-1-9rxf9,1,6
1781594001,gsm-2,virtphy-6458f9f999-7h52n,7,1
1781594001,gsm-5,msc-test-stub-5b875d749d-fnfg5,1,16
1781594001,gsm-5,osmo-bsc-594654bd47-xbxld,1,5
1781594001,gsm-5,osmo-bts-virtual-5f8b9b86fc-pd9t7,24,5
1781594001,gsm-5,osmo-hlr-546bdb8988-wb5xr,1,2
1781594001,gsm-5,osmo-mgw-8c8fc67d6-fxp8q,1,2
1781594001,gsm-5,osmo-mobile-59d8d55bb5-vv6bg,2,33
1781594001,gsm-5,osmo-stp-768687f494-nhnn6,1,2
1781594001,gsm-5,ttcn3-tc-26-7-4-1-1-kjjfz,1,12
1781594001,gsm-5,virtphy-b55647b48-h2vqw,7,1
1781594001,gsm-8,msc-test-stub-5b875d749d-qjjvd,1,17
1781594001,gsm-8,osmo-bsc-594654bd47-gl8n5,1,5
1781594001,gsm-8,osmo-bts-virtual-5f8b9b86fc-2jhn7,23,5
1781594001,gsm-8,osmo-hlr-546bdb8988-728qc,1,7
1781594001,gsm-8,osmo-mgw-8c8fc67d6-2zf7g,1,5
1781594001,gsm-8,osmo-mobile-7f88cc47b4-fl965,2,43
1781594001,gsm-8,osmo-stp-768687f494-j95b9,1,2
1781594001,gsm-8,ttcn3-tc-34-2-2-1-prvgs,1,18
1781594001,gsm-8,virtphy-86b4bdf559-sq5gd,8,2
1781594001,kube-system,coredns-c4dbffb5f-p9rsr,3,27
1781594001,kube-system,local-path-provisioner-5c4dc5d66d-nfqxz,1,17
1781594001,kube-system,metrics-server-786d997795-hcp2m,8,44
1781594001,kube-system,svclb-traefik-1100f998-kpm9h,0,0
1781594001,kube-system,traefik-9bcdbbd9-qtpjt,1,39
1781594004,gsm-1,msc-test-stub-5b875d749d-dp87n,1,16
1781594004,gsm-1,osmo-bsc-594654bd47-j9mdh,1,5
1781594004,gsm-1,osmo-bts-virtual-5f8b9b86fc-szfjb,26,5
1781594004,gsm-1,osmo-hlr-546bdb8988-d4r6r,1,2
1781594004,gsm-1,osmo-mgw-8c8fc67d6-txwl8,1,2
1781594004,gsm-1,osmo-mobile-947867b85-d9gvn,3,36
1781594004,gsm-1,osmo-stp-768687f494-mgj9x,1,2
1781594004,gsm-1,ttcn3-tc-26-6-1-1-1-rx2fd,1,6
1781594004,gsm-1,virtphy-858665df6d-4fmrz,7,1
1781594004,gsm-2,msc-test-stub-5b875d749d-thf6z,1,16
1781594004,gsm-2,osmo-bsc-594654bd47-hhlp9,1,5
1781594004,gsm-2,osmo-bts-virtual-5f8b9b86fc-rjnc6,21,5
1781594004,gsm-2,osmo-hlr-546bdb8988-9h84c,1,2
1781594004,gsm-2,osmo-mgw-8c8fc67d6-lhmxh,1,2
1781594004,gsm-2,osmo-mobile-6b5b79f646-nqjb8,2,33
1781594004,gsm-2,osmo-stp-768687f494-hf2mq,1,2
1781594004,gsm-2,ttcn3-tc-26-6-2-1-1-1-9rxf9,1,6
1781594004,gsm-2,virtphy-6458f9f999-7h52n,7,1
1781594004,gsm-5,msc-test-stub-5b875d749d-fnfg5,1,16
1781594004,gsm-5,osmo-bsc-594654bd47-xbxld,1,5
1781594004,gsm-5,osmo-bts-virtual-5f8b9b86fc-pd9t7,24,5
1781594004,gsm-5,osmo-hlr-546bdb8988-wb5xr,1,2
1781594004,gsm-5,osmo-mgw-8c8fc67d6-fxp8q,1,2
1781594004,gsm-5,osmo-mobile-59d8d55bb5-vv6bg,2,33
1781594004,gsm-5,osmo-stp-768687f494-nhnn6,1,2
1781594004,gsm-5,ttcn3-tc-26-7-4-1-1-kjjfz,1,12
1781594004,gsm-5,virtphy-b55647b48-h2vqw,7,1
1781594004,gsm-8,msc-test-stub-5b875d749d-qjjvd,1,17
1781594004,gsm-8,osmo-bsc-594654bd47-gl8n5,1,5
1781594004,gsm-8,osmo-bts-virtual-5f8b9b86fc-2jhn7,23,5
1781594004,gsm-8,osmo-hlr-546bdb8988-728qc,1,7
1781594004,gsm-8,osmo-mgw-8c8fc67d6-2zf7g,1,5
1781594004,gsm-8,osmo-mobile-7f88cc47b4-fl965,2,43
1781594004,gsm-8,osmo-stp-768687f494-j95b9,1,2
1781594004,gsm-8,ttcn3-tc-34-2-2-1-prvgs,1,18
1781594004,gsm-8,virtphy-86b4bdf559-sq5gd,8,2
1781594004,kube-system,coredns-c4dbffb5f-p9rsr,3,27
1781594004,kube-system,local-path-provisioner-5c4dc5d66d-nfqxz,1,17
1781594004,kube-system,metrics-server-786d997795-hcp2m,8,44
1781594004,kube-system,svclb-traefik-1100f998-kpm9h,0,0
1781594004,kube-system,traefik-9bcdbbd9-qtpjt,1,39
1781594006,gsm-1,msc-test-stub-5b875d749d-dp87n,1,16
1781594006,gsm-1,osmo-bsc-594654bd47-j9mdh,1,5
1781594006,gsm-1,osmo-bts-virtual-5f8b9b86fc-szfjb,26,5
1781594006,gsm-1,osmo-hlr-546bdb8988-d4r6r,1,2
1781594006,gsm-1,osmo-mgw-8c8fc67d6-txwl8,1,2
1781594006,gsm-1,osmo-mobile-947867b85-d9gvn,3,36
1781594006,gsm-1,osmo-stp-768687f494-mgj9x,1,2
1781594006,gsm-1,ttcn3-tc-26-6-1-1-1-rx2fd,1,6
1781594006,gsm-1,virtphy-858665df6d-4fmrz,7,1
1781594006,gsm-2,msc-test-stub-5b875d749d-thf6z,1,16
1781594006,gsm-2,osmo-bsc-594654bd47-hhlp9,1,5
1781594006,gsm-2,osmo-bts-virtual-5f8b9b86fc-rjnc6,21,5
1781594006,gsm-2,osmo-hlr-546bdb8988-9h84c,1,2
1781594006,gsm-2,osmo-mgw-8c8fc67d6-lhmxh,1,2
1781594006,gsm-2,osmo-mobile-6b5b79f646-nqjb8,2,33
1781594006,gsm-2,osmo-stp-768687f494-hf2mq,1,2
1781594006,gsm-2,ttcn3-tc-26-6-2-1-1-1-9rxf9,1,6
1781594006,gsm-2,virtphy-6458f9f999-7h52n,7,1
1781594006,gsm-5,msc-test-stub-5b875d749d-fnfg5,1,16
1781594006,gsm-5,osmo-bsc-594654bd47-xbxld,1,5
1781594006,gsm-5,osmo-bts-virtual-5f8b9b86fc-pd9t7,24,5
1781594006,gsm-5,osmo-hlr-546bdb8988-wb5xr,1,2
1781594006,gsm-5,osmo-mgw-8c8fc67d6-fxp8q,1,2
1781594006,gsm-5,osmo-mobile-59d8d55bb5-vv6bg,2,33
1781594006,gsm-5,osmo-stp-768687f494-nhnn6,1,2
1781594006,gsm-5,ttcn3-tc-26-7-4-1-1-kjjfz,1,12
1781594006,gsm-5,virtphy-b55647b48-h2vqw,7,1
1781594006,gsm-8,msc-test-stub-5b875d749d-qjjvd,1,17
1781594006,gsm-8,osmo-bsc-594654bd47-gl8n5,1,5
1781594006,gsm-8,osmo-bts-virtual-5f8b9b86fc-2jhn7,23,5
1781594006,gsm-8,osmo-hlr-546bdb8988-728qc,1,7
1781594006,gsm-8,osmo-mgw-8c8fc67d6-2zf7g,1,5
1781594006,gsm-8,osmo-mobile-7f88cc47b4-fl965,2,43
1781594006,gsm-8,osmo-stp-768687f494-j95b9,1,2
1781594006,gsm-8,ttcn3-tc-34-2-2-1-prvgs,1,18
1781594006,gsm-8,virtphy-86b4bdf559-sq5gd,8,2
1781594006,kube-system,coredns-c4dbffb5f-p9rsr,3,27
1781594006,kube-system,local-path-provisioner-5c4dc5d66d-nfqxz,1,17
1781594006,kube-system,metrics-server-786d997795-hcp2m,8,44
1781594006,kube-system,svclb-traefik-1100f998-kpm9h,0,0
1781594006,kube-system,traefik-9bcdbbd9-qtpjt,1,39
1781594008,gsm-1,msc-test-stub-5b875d749d-dp87n,1,16
1781594008,gsm-1,osmo-bsc-594654bd47-j9mdh,1,5
1781594008,gsm-1,osmo-bts-virtual-5f8b9b86fc-szfjb,22,5
1781594008,gsm-1,osmo-hlr-546bdb8988-d4r6r,1,2
1781594008,gsm-1,osmo-mgw-8c8fc67d6-txwl8,1,2
1781594008,gsm-1,osmo-mobile-947867b85-d9gvn,3,36
1781594008,gsm-1,osmo-stp-768687f494-mgj9x,1,2
1781594008,gsm-1,ttcn3-tc-26-6-1-1-1-rx2fd,1,6
1781594008,gsm-1,virtphy-858665df6d-4fmrz,7,1
1781594008,gsm-2,msc-test-stub-5b875d749d-thf6z,1,16
1781594008,gsm-2,osmo-bsc-594654bd47-hhlp9,1,5
1781594008,gsm-2,osmo-bts-virtual-5f8b9b86fc-rjnc6,20,5
1781594008,gsm-2,osmo-hlr-546bdb8988-9h84c,1,2
1781594008,gsm-2,osmo-mgw-8c8fc67d6-lhmxh,1,2
1781594008,gsm-2,osmo-mobile-6b5b79f646-nqjb8,3,33
1781594008,gsm-2,osmo-stp-768687f494-hf2mq,1,2
1781594008,gsm-2,ttcn3-tc-26-6-2-1-1-1-9rxf9,1,6
1781594008,gsm-2,virtphy-6458f9f999-7h52n,7,1
1781594008,gsm-5,msc-test-stub-5b875d749d-fnfg5,1,16
1781594008,gsm-5,osmo-bsc-594654bd47-xbxld,1,5
1781594008,gsm-5,osmo-bts-virtual-5f8b9b86fc-pd9t7,24,5
1781594008,gsm-5,osmo-hlr-546bdb8988-wb5xr,1,2
1781594008,gsm-5,osmo-mgw-8c8fc67d6-fxp8q,1,2
1781594008,gsm-5,osmo-mobile-59d8d55bb5-vv6bg,2,33
1781594008,gsm-5,osmo-stp-768687f494-nhnn6,1,2
1781594008,gsm-5,ttcn3-tc-26-7-4-1-1-kjjfz,1,12
1781594008,gsm-5,virtphy-b55647b48-h2vqw,7,1
1781594008,gsm-8,msc-test-stub-5b875d749d-qjjvd,1,17
1781594008,gsm-8,osmo-bsc-594654bd47-gl8n5,1,5
1781594008,gsm-8,osmo-bts-virtual-5f8b9b86fc-2jhn7,22,5
1781594008,gsm-8,osmo-hlr-546bdb8988-728qc,1,7
1781594008,gsm-8,osmo-mgw-8c8fc67d6-2zf7g,1,5
1781594008,gsm-8,osmo-mobile-7f88cc47b4-fl965,3,43
1781594008,gsm-8,osmo-stp-768687f494-j95b9,1,2
1781594008,gsm-8,ttcn3-tc-34-2-2-1-prvgs,1,18
1781594008,gsm-8,virtphy-86b4bdf559-sq5gd,7,2
1781594008,kube-system,coredns-c4dbffb5f-p9rsr,3,27
1781594008,kube-system,local-path-provisioner-5c4dc5d66d-nfqxz,1,17
1781594008,kube-system,metrics-server-786d997795-hcp2m,10,44
1781594008,kube-system,svclb-traefik-1100f998-kpm9h,0,0
1781594008,kube-system,traefik-9bcdbbd9-qtpjt,1,39
1781594011,gsm-1,msc-test-stub-5b875d749d-dp87n,1,16
1781594011,gsm-1,osmo-bsc-594654bd47-j9mdh,1,5
1781594011,gsm-1,osmo-bts-virtual-5f8b9b86fc-szfjb,22,5
1781594011,gsm-1,osmo-hlr-546bdb8988-d4r6r,1,2
1781594011,gsm-1,osmo-mgw-8c8fc67d6-txwl8,1,2
1781594011,gsm-1,osmo-mobile-947867b85-d9gvn,3,36
1781594011,gsm-1,osmo-stp-768687f494-mgj9x,1,2
1781594011,gsm-1,ttcn3-tc-26-6-1-1-1-rx2fd,1,6
1781594011,gsm-1,virtphy-858665df6d-4fmrz,7,1
1781594011,gsm-2,msc-test-stub-5b875d749d-thf6z,1,16
1781594011,gsm-2,osmo-bsc-594654bd47-hhlp9,1,5
1781594011,gsm-2,osmo-bts-virtual-5f8b9b86fc-rjnc6,20,5
1781594011,gsm-2,osmo-hlr-546bdb8988-9h84c,1,2
1781594011,gsm-2,osmo-mgw-8c8fc67d6-lhmxh,1,2
1781594011,gsm-2,osmo-mobile-6b5b79f646-nqjb8,3,33
1781594011,gsm-2,osmo-stp-768687f494-hf2mq,1,2
1781594011,gsm-2,ttcn3-tc-26-6-2-1-1-1-9rxf9,1,6
1781594011,gsm-2,virtphy-6458f9f999-7h52n,7,1
1781594011,gsm-5,msc-test-stub-5b875d749d-fnfg5,1,16
1781594011,gsm-5,osmo-bsc-594654bd47-xbxld,1,5
1781594011,gsm-5,osmo-bts-virtual-5f8b9b86fc-pd9t7,24,5
1781594011,gsm-5,osmo-hlr-546bdb8988-wb5xr,1,2
1781594011,gsm-5,osmo-mgw-8c8fc67d6-fxp8q,1,2
1781594011,gsm-5,osmo-mobile-59d8d55bb5-vv6bg,2,33
1781594011,gsm-5,osmo-stp-768687f494-nhnn6,1,2
1781594011,gsm-5,ttcn3-tc-26-7-4-1-1-kjjfz,1,12
1781594011,gsm-5,virtphy-b55647b48-h2vqw,7,1
1781594011,gsm-8,msc-test-stub-5b875d749d-qjjvd,1,17
1781594011,gsm-8,osmo-bsc-594654bd47-gl8n5,1,5
1781594011,gsm-8,osmo-bts-virtual-5f8b9b86fc-2jhn7,22,5
1781594011,gsm-8,osmo-hlr-546bdb8988-728qc,1,7
1781594011,gsm-8,osmo-mgw-8c8fc67d6-2zf7g,1,5
1781594011,gsm-8,osmo-mobile-7f88cc47b4-fl965,3,43
1781594011,gsm-8,osmo-stp-768687f494-j95b9,1,2
1781594011,gsm-8,ttcn3-tc-34-2-2-1-prvgs,1,18
1781594011,gsm-8,virtphy-86b4bdf559-sq5gd,7,2
1781594011,kube-system,coredns-c4dbffb5f-p9rsr,3,27
1781594011,kube-system,local-path-provisioner-5c4dc5d66d-nfqxz,1,17
1781594011,kube-system,metrics-server-786d997795-hcp2m,10,44
1781594011,kube-system,svclb-traefik-1100f998-kpm9h,0,0
1781594011,kube-system,traefik-9bcdbbd9-qtpjt,1,39
1781594013,gsm-1,msc-test-stub-5b875d749d-dp87n,1,16
1781594013,gsm-1,osmo-bsc-594654bd47-j9mdh,1,5
1781594013,gsm-1,osmo-bts-virtual-5f8b9b86fc-szfjb,22,5
1781594013,gsm-1,osmo-hlr-546bdb8988-d4r6r,1,2
1781594013,gsm-1,osmo-mgw-8c8fc67d6-txwl8,1,2
1781594013,gsm-1,osmo-mobile-947867b85-d9gvn,3,36
1781594013,gsm-1,osmo-stp-768687f494-mgj9x,1,2
1781594013,gsm-1,ttcn3-tc-26-6-1-1-1-rx2fd,1,6
1781594013,gsm-1,virtphy-858665df6d-4fmrz,7,1
1781594013,gsm-2,msc-test-stub-5b875d749d-thf6z,1,16
1781594013,gsm-2,osmo-bsc-594654bd47-hhlp9,1,5
1781594013,gsm-2,osmo-bts-virtual-5f8b9b86fc-rjnc6,20,5
1781594013,gsm-2,osmo-hlr-546bdb8988-9h84c,1,2
1781594013,gsm-2,osmo-mgw-8c8fc67d6-lhmxh,1,2
1781594013,gsm-2,osmo-mobile-6b5b79f646-nqjb8,3,33
1781594013,gsm-2,osmo-stp-768687f494-hf2mq,1,2
1781594013,gsm-2,ttcn3-tc-26-6-2-1-1-1-9rxf9,1,6
1781594013,gsm-2,virtphy-6458f9f999-7h52n,7,1
1781594013,gsm-5,msc-test-stub-5b875d749d-fnfg5,1,16
1781594013,gsm-5,osmo-bsc-594654bd47-xbxld,1,5
1781594013,gsm-5,osmo-bts-virtual-5f8b9b86fc-pd9t7,24,5
1781594013,gsm-5,osmo-hlr-546bdb8988-wb5xr,1,2
1781594013,gsm-5,osmo-mgw-8c8fc67d6-fxp8q,1,2
1781594013,gsm-5,osmo-mobile-59d8d55bb5-vv6bg,2,33
1781594013,gsm-5,osmo-stp-768687f494-nhnn6,1,2
1781594013,gsm-5,ttcn3-tc-26-7-4-1-1-kjjfz,1,12
1781594013,gsm-5,virtphy-b55647b48-h2vqw,7,1
1781594013,gsm-8,msc-test-stub-5b875d749d-qjjvd,1,17
1781594013,gsm-8,osmo-bsc-594654bd47-gl8n5,1,5
1781594013,gsm-8,osmo-bts-virtual-5f8b9b86fc-2jhn7,22,5
1781594013,gsm-8,osmo-hlr-546bdb8988-728qc,1,7
1781594013,gsm-8,osmo-mgw-8c8fc67d6-2zf7g,1,5
1781594013,gsm-8,osmo-mobile-7f88cc47b4-fl965,3,43
1781594013,gsm-8,osmo-stp-768687f494-j95b9,1,2
1781594013,gsm-8,ttcn3-tc-34-2-2-1-prvgs,1,18
1781594013,gsm-8,virtphy-86b4bdf559-sq5gd,7,2
1781594013,kube-system,coredns-c4dbffb5f-p9rsr,3,27
1781594013,kube-system,local-path-provisioner-5c4dc5d66d-nfqxz,1,17
1781594013,kube-system,metrics-server-786d997795-hcp2m,10,44
1781594013,kube-system,svclb-traefik-1100f998-kpm9h,0,0
1781594013,kube-system,traefik-9bcdbbd9-qtpjt,1,39
1781594015,gsm-1,msc-test-stub-5b875d749d-dp87n,1,16
1781594015,gsm-1,osmo-bsc-594654bd47-j9mdh,1,5
1781594015,gsm-1,osmo-bts-virtual-5f8b9b86fc-szfjb,22,5
1781594015,gsm-1,osmo-hlr-546bdb8988-d4r6r,1,2
1781594015,gsm-1,osmo-mgw-8c8fc67d6-txwl8,1,2
1781594015,gsm-1,osmo-mobile-947867b85-d9gvn,3,36
1781594015,gsm-1,osmo-stp-768687f494-mgj9x,1,2
1781594015,gsm-1,ttcn3-tc-26-6-1-1-1-rx2fd,1,6
1781594015,gsm-1,virtphy-858665df6d-4fmrz,7,1
1781594015,gsm-2,msc-test-stub-5b875d749d-thf6z,1,16
1781594015,gsm-2,osmo-bsc-594654bd47-hhlp9,1,5
1781594015,gsm-2,osmo-bts-virtual-5f8b9b86fc-rjnc6,20,5
1781594015,gsm-2,osmo-hlr-546bdb8988-9h84c,1,2
1781594015,gsm-2,osmo-mgw-8c8fc67d6-lhmxh,1,2
1781594015,gsm-2,osmo-mobile-6b5b79f646-nqjb8,3,33
1781594015,gsm-2,osmo-stp-768687f494-hf2mq,1,2
1781594015,gsm-2,ttcn3-tc-26-6-2-1-1-1-9rxf9,1,6
1781594015,gsm-2,virtphy-6458f9f999-7h52n,7,1
1781594015,gsm-5,msc-test-stub-5b875d749d-fnfg5,1,16
1781594015,gsm-5,osmo-bsc-594654bd47-xbxld,1,5
1781594015,gsm-5,osmo-bts-virtual-5f8b9b86fc-pd9t7,24,5
1781594015,gsm-5,osmo-hlr-546bdb8988-wb5xr,1,2
1781594015,gsm-5,osmo-mgw-8c8fc67d6-fxp8q,1,2
1781594015,gsm-5,osmo-mobile-59d8d55bb5-vv6bg,2,33
1781594015,gsm-5,osmo-stp-768687f494-nhnn6,1,2
1781594015,gsm-5,ttcn3-tc-26-7-4-1-1-kjjfz,1,12
1781594015,gsm-5,virtphy-b55647b48-h2vqw,7,1
1781594015,gsm-8,msc-test-stub-5b875d749d-qjjvd,1,17
1781594015,gsm-8,osmo-bsc-594654bd47-gl8n5,1,5
1781594015,gsm-8,osmo-bts-virtual-5f8b9b86fc-2jhn7,22,5
1781594015,gsm-8,osmo-hlr-546bdb8988-728qc,1,7
1781594015,gsm-8,osmo-mgw-8c8fc67d6-2zf7g,1,5
1781594015,gsm-8,osmo-mobile-7f88cc47b4-fl965,3,43
1781594015,gsm-8,osmo-stp-768687f494-j95b9,1,2
1781594015,gsm-8,ttcn3-tc-34-2-2-1-prvgs,1,18
1781594015,gsm-8,virtphy-86b4bdf559-sq5gd,7,2
1781594015,kube-system,coredns-c4dbffb5f-p9rsr,3,27
1781594015,kube-system,local-path-provisioner-5c4dc5d66d-nfqxz,1,17
1781594015,kube-system,metrics-server-786d997795-hcp2m,10,44
1781594015,kube-system,svclb-traefik-1100f998-kpm9h,0,0
1781594015,kube-system,traefik-9bcdbbd9-qtpjt,1,39
1781594019,gsm-1,msc-test-stub-5b875d749d-dp87n,1,16
1781594019,gsm-1,osmo-bsc-594654bd47-j9mdh,1,5
1781594019,gsm-1,osmo-bts-virtual-5f8b9b86fc-szfjb,22,5
1781594019,gsm-1,osmo-hlr-546bdb8988-d4r6r,1,2
1781594019,gsm-1,osmo-mgw-8c8fc67d6-txwl8,1,2
1781594019,gsm-1,osmo-mobile-947867b85-d9gvn,3,36
1781594019,gsm-1,osmo-stp-768687f494-mgj9x,1,2
1781594019,gsm-1,ttcn3-tc-26-6-1-1-1-rx2fd,1,6
1781594019,gsm-1,virtphy-858665df6d-4fmrz,7,1
1781594019,gsm-2,msc-test-stub-5b875d749d-thf6z,1,16
1781594019,gsm-2,osmo-bsc-594654bd47-hhlp9,1,5
1781594019,gsm-2,osmo-bts-virtual-5f8b9b86fc-rjnc6,20,5
1781594019,gsm-2,osmo-hlr-546bdb8988-9h84c,1,2
1781594019,gsm-2,osmo-mgw-8c8fc67d6-lhmxh,1,2
1781594019,gsm-2,osmo-mobile-6b5b79f646-nqjb8,3,33
1781594019,gsm-2,osmo-stp-768687f494-hf2mq,1,2
1781594019,gsm-2,ttcn3-tc-26-6-2-1-1-1-9rxf9,1,6
1781594019,gsm-2,virtphy-6458f9f999-7h52n,7,1
1781594019,gsm-5,msc-test-stub-5b875d749d-fnfg5,1,16
1781594019,gsm-5,osmo-bsc-594654bd47-xbxld,1,5
1781594019,gsm-5,osmo-bts-virtual-5f8b9b86fc-pd9t7,24,5
1781594019,gsm-5,osmo-hlr-546bdb8988-wb5xr,1,2
1781594019,gsm-5,osmo-mgw-8c8fc67d6-fxp8q,1,2
1781594019,gsm-5,osmo-mobile-59d8d55bb5-vv6bg,2,33
1781594019,gsm-5,osmo-stp-768687f494-nhnn6,1,2
1781594019,gsm-5,ttcn3-tc-26-7-4-1-1-kjjfz,1,12
1781594019,gsm-5,virtphy-b55647b48-h2vqw,7,1
1781594019,gsm-8,msc-test-stub-5b875d749d-qjjvd,1,17
1781594019,gsm-8,osmo-bsc-594654bd47-gl8n5,1,5
1781594019,gsm-8,osmo-bts-virtual-5f8b9b86fc-2jhn7,22,5
1781594019,gsm-8,osmo-hlr-546bdb8988-728qc,1,7
1781594019,gsm-8,osmo-mgw-8c8fc67d6-2zf7g,1,5
1781594019,gsm-8,osmo-mobile-7f88cc47b4-fl965,3,43
1781594019,gsm-8,osmo-stp-768687f494-j95b9,1,2
1781594019,gsm-8,ttcn3-tc-34-2-2-1-prvgs,1,18
1781594019,gsm-8,virtphy-86b4bdf559-sq5gd,7,2
1781594019,kube-system,coredns-c4dbffb5f-p9rsr,3,27
1781594019,kube-system,local-path-provisioner-5c4dc5d66d-nfqxz,1,17
1781594019,kube-system,metrics-server-786d997795-hcp2m,10,44
1781594019,kube-system,svclb-traefik-1100f998-kpm9h,0,0
1781594019,kube-system,traefik-9bcdbbd9-qtpjt,1,39
1781594021,gsm-1,msc-test-stub-5b875d749d-dp87n,1,16
1781594021,gsm-1,osmo-bsc-594654bd47-j9mdh,1,5
1781594021,gsm-1,osmo-bts-virtual-5f8b9b86fc-szfjb,22,5
1781594021,gsm-1,osmo-hlr-546bdb8988-d4r6r,1,2
1781594021,gsm-1,osmo-mgw-8c8fc67d6-txwl8,1,2
1781594021,gsm-1,osmo-mobile-947867b85-d9gvn,3,36
1781594021,gsm-1,osmo-stp-768687f494-mgj9x,1,2
1781594021,gsm-1,ttcn3-tc-26-6-1-1-1-rx2fd,1,6
1781594021,gsm-1,virtphy-858665df6d-4fmrz,7,1
1781594021,gsm-2,msc-test-stub-5b875d749d-thf6z,1,16
1781594021,gsm-2,osmo-bsc-594654bd47-hhlp9,1,5
1781594021,gsm-2,osmo-bts-virtual-5f8b9b86fc-rjnc6,20,5
1781594021,gsm-2,osmo-hlr-546bdb8988-9h84c,1,2
1781594021,gsm-2,osmo-mgw-8c8fc67d6-lhmxh,1,2
1781594021,gsm-2,osmo-mobile-6b5b79f646-nqjb8,3,33
1781594021,gsm-2,osmo-stp-768687f494-hf2mq,1,2
1781594021,gsm-2,ttcn3-tc-26-6-2-1-1-1-9rxf9,1,6
1781594021,gsm-2,virtphy-6458f9f999-7h52n,7,1
1781594021,gsm-5,msc-test-stub-5b875d749d-fnfg5,1,16
1781594021,gsm-5,osmo-bsc-594654bd47-xbxld,1,5
1781594021,gsm-5,osmo-bts-virtual-5f8b9b86fc-pd9t7,24,5
1781594021,gsm-5,osmo-hlr-546bdb8988-wb5xr,1,2
1781594021,gsm-5,osmo-mgw-8c8fc67d6-fxp8q,1,2
1781594021,gsm-5,osmo-mobile-59d8d55bb5-vv6bg,2,33
1781594021,gsm-5,osmo-stp-768687f494-nhnn6,1,2
1781594021,gsm-5,ttcn3-tc-26-7-4-1-1-kjjfz,1,12
1781594021,gsm-5,virtphy-b55647b48-h2vqw,7,1
1781594021,gsm-8,msc-test-stub-5b875d749d-qjjvd,1,17
1781594021,gsm-8,osmo-bsc-594654bd47-gl8n5,1,5
1781594021,gsm-8,osmo-bts-virtual-5f8b9b86fc-2jhn7,22,5
1781594021,gsm-8,osmo-hlr-546bdb8988-728qc,1,7
1781594021,gsm-8,osmo-mgw-8c8fc67d6-2zf7g,1,5
1781594021,gsm-8,osmo-mobile-7f88cc47b4-fl965,3,43
1781594021,gsm-8,osmo-stp-768687f494-j95b9,1,2
1781594021,gsm-8,ttcn3-tc-34-2-2-1-prvgs,1,18
1781594021,gsm-8,virtphy-86b4bdf559-sq5gd,7,2
1781594021,kube-system,coredns-c4dbffb5f-p9rsr,3,27
1781594021,kube-system,local-path-provisioner-5c4dc5d66d-nfqxz,1,17
1781594021,kube-system,metrics-server-786d997795-hcp2m,10,44
1781594021,kube-system,svclb-traefik-1100f998-kpm9h,0,0
1781594021,kube-system,traefik-9bcdbbd9-qtpjt,1,39
1781594023,gsm-1,msc-test-stub-5b875d749d-dp87n,1,16
1781594023,gsm-1,osmo-bsc-594654bd47-j9mdh,1,5
1781594023,gsm-1,osmo-bts-virtual-5f8b9b86fc-szfjb,20,5
1781594023,gsm-1,osmo-hlr-546bdb8988-d4r6r,1,2
1781594023,gsm-1,osmo-mgw-8c8fc67d6-txwl8,1,2
1781594023,gsm-1,osmo-mobile-947867b85-d9gvn,3,36
1781594023,gsm-1,osmo-stp-768687f494-mgj9x,1,2
1781594023,gsm-1,ttcn3-tc-26-6-1-1-1-rx2fd,1,6
1781594023,gsm-1,virtphy-858665df6d-4fmrz,6,1
1781594023,gsm-2,msc-test-stub-5b875d749d-thf6z,1,16
1781594023,gsm-2,osmo-bsc-594654bd47-hhlp9,2,5
1781594023,gsm-2,osmo-bts-virtual-5f8b9b86fc-rjnc6,23,5
1781594023,gsm-2,osmo-hlr-546bdb8988-9h84c,1,2
1781594023,gsm-2,osmo-mgw-8c8fc67d6-lhmxh,1,2
1781594023,gsm-2,osmo-mobile-6b5b79f646-nqjb8,3,33
1781594023,gsm-2,osmo-stp-768687f494-hf2mq,1,2
1781594023,gsm-2,ttcn3-tc-26-6-2-1-1-1-9rxf9,1,6
1781594023,gsm-2,virtphy-6458f9f999-7h52n,7,1
1781594023,gsm-5,msc-test-stub-5b875d749d-fnfg5,1,16
1781594023,gsm-5,osmo-bsc-594654bd47-xbxld,1,5
1781594023,gsm-5,osmo-bts-virtual-5f8b9b86fc-pd9t7,23,5
1781594023,gsm-5,osmo-hlr-546bdb8988-wb5xr,1,2
1781594023,gsm-5,osmo-mgw-8c8fc67d6-fxp8q,1,2
1781594023,gsm-5,osmo-mobile-59d8d55bb5-vv6bg,2,33
1781594023,gsm-5,osmo-stp-768687f494-nhnn6,1,2
1781594023,gsm-5,ttcn3-tc-26-7-4-1-1-kjjfz,1,12
1781594023,gsm-5,virtphy-b55647b48-h2vqw,7,1
1781594023,gsm-8,msc-test-stub-5b875d749d-qjjvd,1,17
1781594023,gsm-8,osmo-bsc-594654bd47-gl8n5,1,5
1781594023,gsm-8,osmo-bts-virtual-5f8b9b86fc-2jhn7,18,5
1781594023,gsm-8,osmo-hlr-546bdb8988-728qc,1,7
1781594023,gsm-8,osmo-mgw-8c8fc67d6-2zf7g,1,5
1781594023,gsm-8,osmo-mobile-7f88cc47b4-fl965,3,43
1781594023,gsm-8,osmo-stp-768687f494-j95b9,1,2
1781594023,gsm-8,ttcn3-tc-34-2-2-1-prvgs,1,18
1781594023,gsm-8,virtphy-86b4bdf559-sq5gd,6,2
1781594023,kube-system,coredns-c4dbffb5f-p9rsr,2,27
1781594023,kube-system,local-path-provisioner-5c4dc5d66d-nfqxz,1,17
1781594023,kube-system,metrics-server-786d997795-hcp2m,10,44
1781594023,kube-system,svclb-traefik-1100f998-kpm9h,0,0
1781594023,kube-system,traefik-9bcdbbd9-qtpjt,1,39
1781594026,gsm-1,msc-test-stub-5b875d749d-dp87n,1,16
1781594026,gsm-1,osmo-bsc-594654bd47-j9mdh,1,5
1781594026,gsm-1,osmo-bts-virtual-5f8b9b86fc-szfjb,20,5
1781594026,gsm-1,osmo-hlr-546bdb8988-d4r6r,1,2
1781594026,gsm-1,osmo-mgw-8c8fc67d6-txwl8,1,2
1781594026,gsm-1,osmo-mobile-947867b85-d9gvn,3,36
1781594026,gsm-1,osmo-stp-768687f494-mgj9x,1,2
1781594026,gsm-1,ttcn3-tc-26-6-1-1-1-rx2fd,1,6
1781594026,gsm-1,virtphy-858665df6d-4fmrz,6,1
1781594026,gsm-2,msc-test-stub-5b875d749d-thf6z,1,16
1781594026,gsm-2,osmo-bsc-594654bd47-hhlp9,2,5
1781594026,gsm-2,osmo-bts-virtual-5f8b9b86fc-rjnc6,23,5
1781594026,gsm-2,osmo-hlr-546bdb8988-9h84c,1,2
1781594026,gsm-2,osmo-mgw-8c8fc67d6-lhmxh,1,2
1781594026,gsm-2,osmo-mobile-6b5b79f646-nqjb8,3,33
1781594026,gsm-2,osmo-stp-768687f494-hf2mq,1,2
1781594026,gsm-2,ttcn3-tc-26-6-2-1-1-1-9rxf9,1,6
1781594026,gsm-2,virtphy-6458f9f999-7h52n,7,1
1781594026,gsm-5,msc-test-stub-5b875d749d-fnfg5,1,16
1781594026,gsm-5,osmo-bsc-594654bd47-xbxld,1,5
1781594026,gsm-5,osmo-bts-virtual-5f8b9b86fc-pd9t7,23,5
1781594026,gsm-5,osmo-hlr-546bdb8988-wb5xr,1,2
1781594026,gsm-5,osmo-mgw-8c8fc67d6-fxp8q,1,2
1781594026,gsm-5,osmo-mobile-59d8d55bb5-vv6bg,2,33
1781594026,gsm-5,osmo-stp-768687f494-nhnn6,1,2
1781594026,gsm-5,ttcn3-tc-26-7-4-1-1-kjjfz,1,12
1781594026,gsm-5,virtphy-b55647b48-h2vqw,7,1
1781594026,gsm-8,msc-test-stub-5b875d749d-qjjvd,1,17
1781594026,gsm-8,osmo-bsc-594654bd47-gl8n5,1,5
1781594026,gsm-8,osmo-bts-virtual-5f8b9b86fc-2jhn7,18,5
1781594026,gsm-8,osmo-hlr-546bdb8988-728qc,1,7
1781594026,gsm-8,osmo-mgw-8c8fc67d6-2zf7g,1,5
1781594026,gsm-8,osmo-mobile-7f88cc47b4-fl965,3,43
1781594026,gsm-8,osmo-stp-768687f494-j95b9,1,2
1781594026,gsm-8,ttcn3-tc-34-2-2-1-prvgs,1,18
1781594026,gsm-8,virtphy-86b4bdf559-sq5gd,6,2
1781594026,kube-system,coredns-c4dbffb5f-p9rsr,2,27
1781594026,kube-system,local-path-provisioner-5c4dc5d66d-nfqxz,1,17
1781594026,kube-system,metrics-server-786d997795-hcp2m,10,44
1781594026,kube-system,svclb-traefik-1100f998-kpm9h,0,0
1781594026,kube-system,traefik-9bcdbbd9-qtpjt,1,39
1781594028,gsm-1,msc-test-stub-5b875d749d-dp87n,1,16
1781594028,gsm-1,osmo-bsc-594654bd47-j9mdh,1,5
1781594028,gsm-1,osmo-bts-virtual-5f8b9b86fc-szfjb,20,5
1781594028,gsm-1,osmo-hlr-546bdb8988-d4r6r,1,2
1781594028,gsm-1,osmo-mgw-8c8fc67d6-txwl8,1,2
1781594028,gsm-1,osmo-mobile-947867b85-d9gvn,3,36
1781594028,gsm-1,osmo-stp-768687f494-mgj9x,1,2
1781594028,gsm-1,ttcn3-tc-26-6-1-1-1-rx2fd,1,6
1781594028,gsm-1,virtphy-858665df6d-4fmrz,6,1
1781594028,gsm-2,msc-test-stub-5b875d749d-thf6z,1,16
1781594028,gsm-2,osmo-bsc-594654bd47-hhlp9,2,5
1781594028,gsm-2,osmo-bts-virtual-5f8b9b86fc-rjnc6,23,5
1781594028,gsm-2,osmo-hlr-546bdb8988-9h84c,1,2
1781594028,gsm-2,osmo-mgw-8c8fc67d6-lhmxh,1,2
1781594028,gsm-2,osmo-mobile-6b5b79f646-nqjb8,3,33
1781594028,gsm-2,osmo-stp-768687f494-hf2mq,1,2
1781594028,gsm-2,ttcn3-tc-26-6-2-1-1-1-9rxf9,1,6
1781594028,gsm-2,virtphy-6458f9f999-7h52n,7,1
1781594028,gsm-5,msc-test-stub-5b875d749d-fnfg5,1,16
1781594028,gsm-5,osmo-bsc-594654bd47-xbxld,1,5
1781594028,gsm-5,osmo-bts-virtual-5f8b9b86fc-pd9t7,23,5
1781594028,gsm-5,osmo-hlr-546bdb8988-wb5xr,1,2
1781594028,gsm-5,osmo-mgw-8c8fc67d6-fxp8q,1,2
1781594028,gsm-5,osmo-mobile-59d8d55bb5-vv6bg,2,33
1781594028,gsm-5,osmo-stp-768687f494-nhnn6,1,2
1781594028,gsm-5,ttcn3-tc-26-7-4-1-1-kjjfz,1,12
1781594028,gsm-5,virtphy-b55647b48-h2vqw,7,1
1781594028,gsm-8,msc-test-stub-5b875d749d-qjjvd,1,17
1781594028,gsm-8,osmo-bsc-594654bd47-gl8n5,1,5
1781594028,gsm-8,osmo-bts-virtual-5f8b9b86fc-2jhn7,18,5
1781594028,gsm-8,osmo-hlr-546bdb8988-728qc,1,7
1781594028,gsm-8,osmo-mgw-8c8fc67d6-2zf7g,1,5
1781594028,gsm-8,osmo-mobile-7f88cc47b4-fl965,3,43
1781594028,gsm-8,osmo-stp-768687f494-j95b9,1,2
1781594028,gsm-8,ttcn3-tc-34-2-2-1-prvgs,1,18
1781594028,gsm-8,virtphy-86b4bdf559-sq5gd,6,2
1781594028,kube-system,coredns-c4dbffb5f-p9rsr,2,27
1781594028,kube-system,local-path-provisioner-5c4dc5d66d-nfqxz,1,17
1781594028,kube-system,metrics-server-786d997795-hcp2m,10,44
1781594028,kube-system,svclb-traefik-1100f998-kpm9h,0,0
1781594028,kube-system,traefik-9bcdbbd9-qtpjt,1,39
1781594031,gsm-1,msc-test-stub-5b875d749d-dp87n,1,16
1781594031,gsm-1,osmo-bsc-594654bd47-j9mdh,1,5
1781594031,gsm-1,osmo-bts-virtual-5f8b9b86fc-szfjb,20,5
1781594031,gsm-1,osmo-hlr-546bdb8988-d4r6r,1,2
1781594031,gsm-1,osmo-mgw-8c8fc67d6-txwl8,1,2
1781594031,gsm-1,osmo-mobile-947867b85-d9gvn,3,36
1781594031,gsm-1,osmo-stp-768687f494-mgj9x,1,2
1781594031,gsm-1,ttcn3-tc-26-6-1-1-1-rx2fd,1,6
1781594031,gsm-1,virtphy-858665df6d-4fmrz,6,1
1781594031,gsm-2,msc-test-stub-5b875d749d-thf6z,1,16
1781594031,gsm-2,osmo-bsc-594654bd47-hhlp9,2,5
1781594031,gsm-2,osmo-bts-virtual-5f8b9b86fc-rjnc6,23,5
1781594031,gsm-2,osmo-hlr-546bdb8988-9h84c,1,2
1781594031,gsm-2,osmo-mgw-8c8fc67d6-lhmxh,1,2
1781594031,gsm-2,osmo-mobile-6b5b79f646-nqjb8,3,33
1781594031,gsm-2,osmo-stp-768687f494-hf2mq,1,2
1781594031,gsm-2,ttcn3-tc-26-6-2-1-1-1-9rxf9,1,6
1781594031,gsm-2,virtphy-6458f9f999-7h52n,7,1
1781594031,gsm-5,msc-test-stub-5b875d749d-fnfg5,1,16
1781594031,gsm-5,osmo-bsc-594654bd47-xbxld,1,5
1781594031,gsm-5,osmo-bts-virtual-5f8b9b86fc-pd9t7,23,5
1781594031,gsm-5,osmo-hlr-546bdb8988-wb5xr,1,2
1781594031,gsm-5,osmo-mgw-8c8fc67d6-fxp8q,1,2
1781594031,gsm-5,osmo-mobile-59d8d55bb5-vv6bg,2,33
1781594031,gsm-5,osmo-stp-768687f494-nhnn6,1,2
1781594031,gsm-5,ttcn3-tc-26-7-4-1-1-kjjfz,1,12
1781594031,gsm-5,virtphy-b55647b48-h2vqw,7,1
1781594031,gsm-8,msc-test-stub-5b875d749d-qjjvd,1,17
1781594031,gsm-8,osmo-bsc-594654bd47-gl8n5,1,5
1781594031,gsm-8,osmo-bts-virtual-5f8b9b86fc-2jhn7,18,5
1781594031,gsm-8,osmo-hlr-546bdb8988-728qc,1,7
1781594031,gsm-8,osmo-mgw-8c8fc67d6-2zf7g,1,5
1781594031,gsm-8,osmo-mobile-7f88cc47b4-fl965,3,43
1781594031,gsm-8,osmo-stp-768687f494-j95b9,1,2
1781594031,gsm-8,ttcn3-tc-34-2-2-1-prvgs,1,18
1781594031,gsm-8,virtphy-86b4bdf559-sq5gd,6,2
1781594031,kube-system,coredns-c4dbffb5f-p9rsr,2,27
1781594031,kube-system,local-path-provisioner-5c4dc5d66d-nfqxz,1,17
1781594031,kube-system,metrics-server-786d997795-hcp2m,10,44
1781594031,kube-system,svclb-traefik-1100f998-kpm9h,0,0
1781594031,kube-system,traefik-9bcdbbd9-qtpjt,1,39
1781594033,gsm-1,msc-test-stub-5b875d749d-dp87n,1,16
1781594033,gsm-1,osmo-bsc-594654bd47-j9mdh,1,5
1781594033,gsm-1,osmo-bts-virtual-5f8b9b86fc-szfjb,20,5
1781594033,gsm-1,osmo-hlr-546bdb8988-d4r6r,1,2
1781594033,gsm-1,osmo-mgw-8c8fc67d6-txwl8,1,2
1781594033,gsm-1,osmo-mobile-947867b85-d9gvn,3,36
1781594033,gsm-1,osmo-stp-768687f494-mgj9x,1,2
1781594033,gsm-1,ttcn3-tc-26-6-1-1-1-rx2fd,1,6
1781594033,gsm-1,virtphy-858665df6d-4fmrz,6,1
1781594033,gsm-2,msc-test-stub-5b875d749d-thf6z,1,16
1781594033,gsm-2,osmo-bsc-594654bd47-hhlp9,2,5
1781594033,gsm-2,osmo-bts-virtual-5f8b9b86fc-rjnc6,23,5
1781594033,gsm-2,osmo-hlr-546bdb8988-9h84c,1,2
1781594033,gsm-2,osmo-mgw-8c8fc67d6-lhmxh,1,2
1781594033,gsm-2,osmo-mobile-6b5b79f646-nqjb8,3,33
1781594033,gsm-2,osmo-stp-768687f494-hf2mq,1,2
1781594033,gsm-2,ttcn3-tc-26-6-2-1-1-1-9rxf9,1,6
1781594033,gsm-2,virtphy-6458f9f999-7h52n,7,1
1781594033,gsm-5,msc-test-stub-5b875d749d-fnfg5,1,16
1781594033,gsm-5,osmo-bsc-594654bd47-xbxld,1,5
1781594033,gsm-5,osmo-bts-virtual-5f8b9b86fc-pd9t7,23,5
1781594033,gsm-5,osmo-hlr-546bdb8988-wb5xr,1,2
1781594033,gsm-5,osmo-mgw-8c8fc67d6-fxp8q,1,2
1781594033,gsm-5,osmo-mobile-59d8d55bb5-vv6bg,2,33
1781594033,gsm-5,osmo-stp-768687f494-nhnn6,1,2
1781594033,gsm-5,ttcn3-tc-26-7-4-1-1-kjjfz,1,12
1781594033,gsm-5,virtphy-b55647b48-h2vqw,7,1
1781594033,gsm-8,msc-test-stub-5b875d749d-qjjvd,1,17
1781594033,gsm-8,osmo-bsc-594654bd47-gl8n5,1,5
1781594033,gsm-8,osmo-bts-virtual-5f8b9b86fc-2jhn7,18,5
1781594033,gsm-8,osmo-hlr-546bdb8988-728qc,1,7
1781594033,gsm-8,osmo-mgw-8c8fc67d6-2zf7g,1,5
1781594033,gsm-8,osmo-mobile-7f88cc47b4-fl965,3,43
1781594033,gsm-8,osmo-stp-768687f494-j95b9,1,2
1781594033,gsm-8,ttcn3-tc-34-2-2-1-prvgs,1,18
1781594033,gsm-8,virtphy-86b4bdf559-sq5gd,6,2
1781594033,kube-system,coredns-c4dbffb5f-p9rsr,2,27
1781594033,kube-system,local-path-provisioner-5c4dc5d66d-nfqxz,1,17
1781594033,kube-system,metrics-server-786d997795-hcp2m,10,44
1781594033,kube-system,svclb-traefik-1100f998-kpm9h,0,0
1781594033,kube-system,traefik-9bcdbbd9-qtpjt,1,39
1781594035,gsm-1,msc-test-stub-5b875d749d-dp87n,1,16
1781594035,gsm-1,osmo-bsc-594654bd47-j9mdh,1,5
1781594035,gsm-1,osmo-bts-virtual-5f8b9b86fc-szfjb,20,5
1781594035,gsm-1,osmo-hlr-546bdb8988-d4r6r,1,2
1781594035,gsm-1,osmo-mgw-8c8fc67d6-txwl8,1,2
1781594035,gsm-1,osmo-mobile-947867b85-d9gvn,3,36
1781594035,gsm-1,osmo-stp-768687f494-mgj9x,1,2
1781594035,gsm-1,ttcn3-tc-26-6-1-1-1-rx2fd,1,6
1781594035,gsm-1,virtphy-858665df6d-4fmrz,6,1
1781594035,gsm-2,msc-test-stub-5b875d749d-thf6z,1,16
1781594035,gsm-2,osmo-bsc-594654bd47-hhlp9,2,5
1781594035,gsm-2,osmo-bts-virtual-5f8b9b86fc-rjnc6,23,5
1781594035,gsm-2,osmo-hlr-546bdb8988-9h84c,1,2
1781594035,gsm-2,osmo-mgw-8c8fc67d6-lhmxh,1,2
1781594035,gsm-2,osmo-mobile-6b5b79f646-nqjb8,3,33
1781594035,gsm-2,osmo-stp-768687f494-hf2mq,1,2
1781594035,gsm-2,ttcn3-tc-26-6-2-1-1-1-9rxf9,1,6
1781594035,gsm-2,virtphy-6458f9f999-7h52n,7,1
1781594035,gsm-5,msc-test-stub-5b875d749d-fnfg5,1,16
1781594035,gsm-5,osmo-bsc-594654bd47-xbxld,1,5
1781594035,gsm-5,osmo-bts-virtual-5f8b9b86fc-pd9t7,23,5
1781594035,gsm-5,osmo-hlr-546bdb8988-wb5xr,1,2
1781594035,gsm-5,osmo-mgw-8c8fc67d6-fxp8q,1,2
1781594035,gsm-5,osmo-mobile-59d8d55bb5-vv6bg,2,33
1781594035,gsm-5,osmo-stp-768687f494-nhnn6,1,2
1781594035,gsm-5,ttcn3-tc-26-7-4-1-1-kjjfz,1,12
1781594035,gsm-5,virtphy-b55647b48-h2vqw,7,1
1781594035,gsm-8,msc-test-stub-5b875d749d-qjjvd,1,17
1781594035,gsm-8,osmo-bsc-594654bd47-gl8n5,1,5
1781594035,gsm-8,osmo-bts-virtual-5f8b9b86fc-2jhn7,18,5
1781594035,gsm-8,osmo-hlr-546bdb8988-728qc,1,7
1781594035,gsm-8,osmo-mgw-8c8fc67d6-2zf7g,1,5
1781594035,gsm-8,osmo-mobile-7f88cc47b4-fl965,3,43
1781594035,gsm-8,osmo-stp-768687f494-j95b9,1,2
1781594035,gsm-8,ttcn3-tc-34-2-2-1-prvgs,1,18
1781594035,gsm-8,virtphy-86b4bdf559-sq5gd,6,2
1781594035,kube-system,coredns-c4dbffb5f-p9rsr,2,27
1781594035,kube-system,local-path-provisioner-5c4dc5d66d-nfqxz,1,17
1781594035,kube-system,metrics-server-786d997795-hcp2m,10,44
1781594035,kube-system,svclb-traefik-1100f998-kpm9h,0,0
1781594035,kube-system,traefik-9bcdbbd9-qtpjt,1,39
1781594037,gsm-1,msc-test-stub-5b875d749d-dp87n,1,16
1781594037,gsm-1,osmo-bsc-594654bd47-j9mdh,1,5
1781594037,gsm-1,osmo-bts-virtual-5f8b9b86fc-szfjb,20,5
1781594037,gsm-1,osmo-hlr-546bdb8988-d4r6r,1,2
1781594037,gsm-1,osmo-mgw-8c8fc67d6-txwl8,1,2
1781594037,gsm-1,osmo-mobile-947867b85-d9gvn,3,36
1781594037,gsm-1,osmo-stp-768687f494-mgj9x,1,2
1781594037,gsm-1,ttcn3-tc-26-6-1-1-1-rx2fd,1,6
1781594037,gsm-1,virtphy-858665df6d-4fmrz,6,1
1781594037,gsm-2,msc-test-stub-5b875d749d-thf6z,1,16
1781594037,gsm-2,osmo-bsc-594654bd47-hhlp9,2,5
1781594037,gsm-2,osmo-bts-virtual-5f8b9b86fc-rjnc6,23,5
1781594037,gsm-2,osmo-hlr-546bdb8988-9h84c,1,2
1781594037,gsm-2,osmo-mgw-8c8fc67d6-lhmxh,1,2
1781594037,gsm-2,osmo-mobile-6b5b79f646-nqjb8,3,33
1781594037,gsm-2,osmo-stp-768687f494-hf2mq,1,2
1781594037,gsm-2,ttcn3-tc-26-6-2-1-1-1-9rxf9,1,6
1781594037,gsm-2,virtphy-6458f9f999-7h52n,7,1
1781594037,gsm-5,msc-test-stub-5b875d749d-fnfg5,1,16
1781594037,gsm-5,osmo-bsc-594654bd47-xbxld,1,5
1781594037,gsm-5,osmo-bts-virtual-5f8b9b86fc-pd9t7,23,5
1781594037,gsm-5,osmo-hlr-546bdb8988-wb5xr,1,2
1781594037,gsm-5,osmo-mgw-8c8fc67d6-fxp8q,1,2
1781594037,gsm-5,osmo-mobile-59d8d55bb5-vv6bg,2,33
1781594037,gsm-5,osmo-stp-768687f494-nhnn6,1,2
1781594037,gsm-5,virtphy-b55647b48-h2vqw,7,1
1781594037,gsm-8,msc-test-stub-5b875d749d-qjjvd,1,17
1781594037,gsm-8,osmo-bsc-594654bd47-gl8n5,1,5
1781594037,gsm-8,osmo-bts-virtual-5f8b9b86fc-2jhn7,18,5
1781594037,gsm-8,osmo-hlr-546bdb8988-728qc,1,7
1781594037,gsm-8,osmo-mgw-8c8fc67d6-2zf7g,1,5
1781594037,gsm-8,osmo-mobile-7f88cc47b4-fl965,3,43
1781594037,gsm-8,osmo-stp-768687f494-j95b9,1,2
1781594037,gsm-8,ttcn3-tc-34-2-2-1-prvgs,1,18
1781594037,gsm-8,virtphy-86b4bdf559-sq5gd,6,2
1781594037,kube-system,coredns-c4dbffb5f-p9rsr,2,27
1781594037,kube-system,local-path-provisioner-5c4dc5d66d-nfqxz,1,17
1781594037,kube-system,metrics-server-786d997795-hcp2m,10,44
1781594037,kube-system,svclb-traefik-1100f998-kpm9h,0,0
1781594037,kube-system,traefik-9bcdbbd9-qtpjt,1,39
1781594039,gsm-1,msc-test-stub-5b875d749d-dp87n,1,16
1781594039,gsm-1,osmo-bsc-594654bd47-j9mdh,1,5
1781594039,gsm-1,osmo-bts-virtual-5f8b9b86fc-szfjb,21,5
1781594039,gsm-1,osmo-hlr-546bdb8988-d4r6r,1,2
1781594039,gsm-1,osmo-mgw-8c8fc67d6-txwl8,1,2
1781594039,gsm-1,osmo-mobile-947867b85-d9gvn,3,36
1781594039,gsm-1,osmo-stp-768687f494-mgj9x,1,2
1781594039,gsm-1,ttcn3-tc-26-6-1-1-1-rx2fd,1,6
1781594039,gsm-1,virtphy-858665df6d-4fmrz,7,1
1781594039,gsm-2,msc-test-stub-5b875d749d-thf6z,1,16
1781594039,gsm-2,osmo-bsc-594654bd47-hhlp9,1,5
1781594039,gsm-2,osmo-bts-virtual-5f8b9b86fc-rjnc6,21,5
1781594039,gsm-2,osmo-hlr-546bdb8988-9h84c,1,2
1781594039,gsm-2,osmo-mgw-8c8fc67d6-lhmxh,1,2
1781594039,gsm-2,osmo-mobile-6b5b79f646-nqjb8,3,33
1781594039,gsm-2,osmo-stp-768687f494-hf2mq,1,2
1781594039,gsm-2,ttcn3-tc-26-6-2-1-1-1-9rxf9,1,6
1781594039,gsm-2,virtphy-6458f9f999-7h52n,7,1
1781594039,gsm-5,msc-test-stub-5b875d749d-fnfg5,1,16
1781594039,gsm-5,osmo-bsc-594654bd47-xbxld,1,5
1781594039,gsm-5,osmo-bts-virtual-5f8b9b86fc-pd9t7,25,5
1781594039,gsm-5,osmo-hlr-546bdb8988-wb5xr,1,2
1781594039,gsm-5,osmo-mgw-8c8fc67d6-fxp8q,1,2
1781594039,gsm-5,osmo-mobile-59d8d55bb5-vv6bg,2,33
1781594039,gsm-5,osmo-stp-768687f494-nhnn6,1,2
1781594039,gsm-5,virtphy-b55647b48-h2vqw,7,1
1781594039,gsm-8,msc-test-stub-5b875d749d-qjjvd,1,17
1781594039,gsm-8,osmo-bsc-594654bd47-gl8n5,1,5
1781594039,gsm-8,osmo-bts-virtual-5f8b9b86fc-2jhn7,20,5
1781594039,gsm-8,osmo-hlr-546bdb8988-728qc,1,7
1781594039,gsm-8,osmo-mgw-8c8fc67d6-2zf7g,1,5
1781594039,gsm-8,osmo-mobile-7f88cc47b4-fl965,3,43
1781594039,gsm-8,osmo-stp-768687f494-j95b9,1,2
1781594039,gsm-8,ttcn3-tc-34-2-2-1-prvgs,1,18
1781594039,gsm-8,virtphy-86b4bdf559-sq5gd,7,2
1781594039,kube-system,coredns-c4dbffb5f-p9rsr,2,27
1781594039,kube-system,local-path-provisioner-5c4dc5d66d-nfqxz,1,17
1781594039,kube-system,metrics-server-786d997795-hcp2m,8,44
1781594039,kube-system,svclb-traefik-1100f998-kpm9h,0,0
1781594039,kube-system,traefik-9bcdbbd9-qtpjt,1,39
1781594041,gsm-1,msc-test-stub-5b875d749d-dp87n,1,16
1781594041,gsm-1,osmo-bsc-594654bd47-j9mdh,1,5
1781594041,gsm-1,osmo-bts-virtual-5f8b9b86fc-szfjb,21,5
1781594041,gsm-1,osmo-hlr-546bdb8988-d4r6r,1,2
1781594041,gsm-1,osmo-mgw-8c8fc67d6-txwl8,1,2
1781594041,gsm-1,osmo-mobile-947867b85-d9gvn,3,36
1781594041,gsm-1,osmo-stp-768687f494-mgj9x,1,2
1781594041,gsm-1,ttcn3-tc-26-6-1-1-1-rx2fd,1,6
1781594041,gsm-1,virtphy-858665df6d-4fmrz,7,1
1781594041,gsm-2,msc-test-stub-5b875d749d-thf6z,1,16
1781594041,gsm-2,osmo-bsc-594654bd47-hhlp9,1,5
1781594041,gsm-2,osmo-bts-virtual-5f8b9b86fc-rjnc6,21,5
1781594041,gsm-2,osmo-hlr-546bdb8988-9h84c,1,2
1781594041,gsm-2,osmo-mgw-8c8fc67d6-lhmxh,1,2
1781594041,gsm-2,osmo-mobile-6b5b79f646-nqjb8,3,33
1781594041,gsm-2,osmo-stp-768687f494-hf2mq,1,2
1781594041,gsm-2,ttcn3-tc-26-6-2-1-1-1-9rxf9,1,6
1781594041,gsm-2,virtphy-6458f9f999-7h52n,7,1
1781594041,gsm-5,msc-test-stub-5b875d749d-fnfg5,1,16
1781594041,gsm-5,osmo-bsc-594654bd47-xbxld,1,5
1781594041,gsm-5,osmo-bts-virtual-5f8b9b86fc-pd9t7,25,5
1781594041,gsm-5,osmo-hlr-546bdb8988-wb5xr,1,2
1781594041,gsm-5,osmo-mgw-8c8fc67d6-fxp8q,1,2
1781594041,gsm-5,osmo-mobile-59d8d55bb5-vv6bg,2,33
1781594041,gsm-5,osmo-stp-768687f494-nhnn6,1,2
1781594041,gsm-5,virtphy-b55647b48-h2vqw,7,1
1781594041,gsm-8,msc-test-stub-5b875d749d-qjjvd,1,17
1781594041,gsm-8,osmo-bsc-594654bd47-gl8n5,1,5
1781594041,gsm-8,osmo-bts-virtual-5f8b9b86fc-2jhn7,20,5
1781594041,gsm-8,osmo-hlr-546bdb8988-728qc,1,7
1781594041,gsm-8,osmo-mgw-8c8fc67d6-2zf7g,1,5
1781594041,gsm-8,osmo-mobile-7f88cc47b4-fl965,3,43
1781594041,gsm-8,osmo-stp-768687f494-j95b9,1,2
1781594041,gsm-8,ttcn3-tc-34-2-2-1-prvgs,1,18
1781594041,gsm-8,virtphy-86b4bdf559-sq5gd,7,2
1781594041,kube-system,coredns-c4dbffb5f-p9rsr,2,27
1781594041,kube-system,local-path-provisioner-5c4dc5d66d-nfqxz,1,17
1781594041,kube-system,metrics-server-786d997795-hcp2m,8,44
1781594041,kube-system,svclb-traefik-1100f998-kpm9h,0,0
1781594041,kube-system,traefik-9bcdbbd9-qtpjt,1,39
1781594044,gsm-1,msc-test-stub-5b875d749d-dp87n,1,16
1781594044,gsm-1,osmo-bsc-594654bd47-j9mdh,1,5
1781594044,gsm-1,osmo-bts-virtual-5f8b9b86fc-szfjb,21,5
1781594044,gsm-1,osmo-hlr-546bdb8988-d4r6r,1,2
1781594044,gsm-1,osmo-mgw-8c8fc67d6-txwl8,1,2
1781594044,gsm-1,osmo-mobile-947867b85-d9gvn,3,36
1781594044,gsm-1,osmo-stp-768687f494-mgj9x,1,2
1781594044,gsm-1,ttcn3-tc-26-6-1-1-1-rx2fd,1,6
1781594044,gsm-1,virtphy-858665df6d-4fmrz,7,1
1781594044,gsm-2,msc-test-stub-5b875d749d-thf6z,1,16
1781594044,gsm-2,osmo-bsc-594654bd47-hhlp9,1,5
1781594044,gsm-2,osmo-bts-virtual-5f8b9b86fc-rjnc6,21,5
1781594044,gsm-2,osmo-hlr-546bdb8988-9h84c,1,2
1781594044,gsm-2,osmo-mgw-8c8fc67d6-lhmxh,1,2
1781594044,gsm-2,osmo-mobile-6b5b79f646-nqjb8,3,33
1781594044,gsm-2,osmo-stp-768687f494-hf2mq,1,2
1781594044,gsm-2,virtphy-6458f9f999-7h52n,7,1
1781594044,gsm-5,msc-test-stub-5b875d749d-fnfg5,1,16
1781594044,gsm-5,osmo-bsc-594654bd47-xbxld,1,5
1781594044,gsm-5,osmo-bts-virtual-5f8b9b86fc-pd9t7,25,5
1781594044,gsm-5,osmo-mgw-8c8fc67d6-fxp8q,1,2
1781594044,gsm-5,osmo-mobile-59d8d55bb5-vv6bg,2,33
1781594044,gsm-5,osmo-stp-768687f494-nhnn6,1,2
1781594044,gsm-5,virtphy-b55647b48-h2vqw,7,1
1781594044,gsm-8,msc-test-stub-5b875d749d-qjjvd,1,17
1781594044,gsm-8,osmo-bsc-594654bd47-gl8n5,1,5
1781594044,gsm-8,osmo-bts-virtual-5f8b9b86fc-2jhn7,20,5
1781594044,gsm-8,osmo-hlr-546bdb8988-728qc,1,7
1781594044,gsm-8,osmo-mgw-8c8fc67d6-2zf7g,1,5
1781594044,gsm-8,osmo-mobile-7f88cc47b4-fl965,3,43
1781594044,gsm-8,osmo-stp-768687f494-j95b9,1,2
1781594044,gsm-8,ttcn3-tc-34-2-2-1-prvgs,1,18
1781594044,gsm-8,virtphy-86b4bdf559-sq5gd,7,2
1781594044,kube-system,coredns-c4dbffb5f-p9rsr,2,27
1781594044,kube-system,local-path-provisioner-5c4dc5d66d-nfqxz,1,17
1781594044,kube-system,metrics-server-786d997795-hcp2m,8,44
1781594044,kube-system,svclb-traefik-1100f998-kpm9h,0,0
1781594044,kube-system,traefik-9bcdbbd9-qtpjt,1,39
1781594046,gsm-1,msc-test-stub-5b875d749d-dp87n,1,16
1781594046,gsm-1,osmo-bsc-594654bd47-j9mdh,1,5
1781594046,gsm-1,osmo-bts-virtual-5f8b9b86fc-szfjb,21,5
1781594046,gsm-1,osmo-hlr-546bdb8988-d4r6r,1,2
1781594046,gsm-1,osmo-mgw-8c8fc67d6-txwl8,1,2
1781594046,gsm-1,osmo-mobile-947867b85-d9gvn,3,36
1781594046,gsm-1,osmo-stp-768687f494-mgj9x,1,2
1781594046,gsm-1,ttcn3-tc-26-6-1-1-1-rx2fd,1,6
1781594046,gsm-1,virtphy-858665df6d-4fmrz,7,1
1781594046,gsm-2,msc-test-stub-5b875d749d-thf6z,1,16
1781594046,gsm-2,osmo-bsc-594654bd47-hhlp9,1,5
1781594046,gsm-2,osmo-bts-virtual-5f8b9b86fc-rjnc6,21,5
1781594046,gsm-2,osmo-hlr-546bdb8988-9h84c,1,2
1781594046,gsm-2,osmo-mgw-8c8fc67d6-lhmxh,1,2
1781594046,gsm-2,osmo-mobile-6b5b79f646-nqjb8,3,33
1781594046,gsm-2,osmo-stp-768687f494-hf2mq,1,2
1781594046,gsm-2,virtphy-6458f9f999-7h52n,7,1
1781594046,gsm-5,msc-test-stub-5b875d749d-fnfg5,1,16
1781594046,gsm-5,osmo-mgw-8c8fc67d6-fxp8q,1,2
1781594046,gsm-5,osmo-mobile-59d8d55bb5-vv6bg,2,33
1781594046,gsm-8,msc-test-stub-5b875d749d-qjjvd,1,17
1781594046,gsm-8,osmo-bsc-594654bd47-gl8n5,1,5
1781594046,gsm-8,osmo-bts-virtual-5f8b9b86fc-2jhn7,20,5
1781594046,gsm-8,osmo-hlr-546bdb8988-728qc,1,7
1781594046,gsm-8,osmo-mgw-8c8fc67d6-2zf7g,1,5
1781594046,gsm-8,osmo-mobile-7f88cc47b4-fl965,3,43
1781594046,gsm-8,osmo-stp-768687f494-j95b9,1,2
1781594046,gsm-8,ttcn3-tc-34-2-2-1-prvgs,1,18
1781594046,gsm-8,virtphy-86b4bdf559-sq5gd,7,2
1781594046,kube-system,coredns-c4dbffb5f-p9rsr,2,27
1781594046,kube-system,local-path-provisioner-5c4dc5d66d-nfqxz,1,17
1781594046,kube-system,metrics-server-786d997795-hcp2m,8,44
1781594046,kube-system,svclb-traefik-1100f998-kpm9h,0,0
1781594046,kube-system,traefik-9bcdbbd9-qtpjt,1,39
1781594048,gsm-1,msc-test-stub-5b875d749d-dp87n,1,16
1781594048,gsm-1,osmo-bsc-594654bd47-j9mdh,1,5
1781594048,gsm-1,osmo-bts-virtual-5f8b9b86fc-szfjb,21,5
1781594048,gsm-1,osmo-hlr-546bdb8988-d4r6r,1,2
1781594048,gsm-1,osmo-mgw-8c8fc67d6-txwl8,1,2
1781594048,gsm-1,osmo-mobile-947867b85-d9gvn,3,36
1781594048,gsm-1,osmo-stp-768687f494-mgj9x,1,2
1781594048,gsm-1,ttcn3-tc-26-6-1-1-1-rx2fd,1,6
1781594048,gsm-1,virtphy-858665df6d-4fmrz,7,1
1781594048,gsm-2,msc-test-stub-5b875d749d-thf6z,1,16
1781594048,gsm-2,osmo-bsc-594654bd47-hhlp9,1,5
1781594048,gsm-2,osmo-bts-virtual-5f8b9b86fc-rjnc6,21,5
1781594048,gsm-2,osmo-hlr-546bdb8988-9h84c,1,2
1781594048,gsm-2,osmo-mgw-8c8fc67d6-lhmxh,1,2
1781594048,gsm-2,osmo-mobile-6b5b79f646-nqjb8,3,33
1781594048,gsm-2,osmo-stp-768687f494-hf2mq,1,2
1781594048,gsm-2,virtphy-6458f9f999-7h52n,7,1
1781594048,gsm-5,msc-test-stub-5b875d749d-fnfg5,1,16
1781594048,gsm-5,osmo-mgw-8c8fc67d6-fxp8q,1,2
1781594048,gsm-5,osmo-mobile-59d8d55bb5-vv6bg,2,33
1781594048,gsm-8,msc-test-stub-5b875d749d-qjjvd,1,17
1781594048,gsm-8,osmo-bsc-594654bd47-gl8n5,1,5
1781594048,gsm-8,osmo-bts-virtual-5f8b9b86fc-2jhn7,20,5
1781594048,gsm-8,osmo-hlr-546bdb8988-728qc,1,7
1781594048,gsm-8,osmo-mgw-8c8fc67d6-2zf7g,1,5
1781594048,gsm-8,osmo-mobile-7f88cc47b4-fl965,3,43
1781594048,gsm-8,osmo-stp-768687f494-j95b9,1,2
1781594048,gsm-8,ttcn3-tc-34-2-2-1-prvgs,1,18
1781594048,gsm-8,virtphy-86b4bdf559-sq5gd,7,2
1781594048,kube-system,coredns-c4dbffb5f-p9rsr,2,27
1781594048,kube-system,local-path-provisioner-5c4dc5d66d-nfqxz,1,17
1781594048,kube-system,metrics-server-786d997795-hcp2m,8,44
1781594048,kube-system,svclb-traefik-1100f998-kpm9h,0,0
1781594048,kube-system,traefik-9bcdbbd9-qtpjt,1,39
1781594050,gsm-1,msc-test-stub-5b875d749d-dp87n,1,16
1781594050,gsm-1,osmo-bsc-594654bd47-j9mdh,1,5
1781594050,gsm-1,osmo-bts-virtual-5f8b9b86fc-szfjb,21,5
1781594050,gsm-1,osmo-hlr-546bdb8988-d4r6r,1,2
1781594050,gsm-1,osmo-mgw-8c8fc67d6-txwl8,1,2
1781594050,gsm-1,osmo-mobile-947867b85-d9gvn,3,36
1781594050,gsm-1,osmo-stp-768687f494-mgj9x,1,2
1781594050,gsm-1,ttcn3-tc-26-6-1-1-1-rx2fd,1,6
1781594050,gsm-1,virtphy-858665df6d-4fmrz,7,1
1781594050,gsm-2,msc-test-stub-5b875d749d-thf6z,1,16
1781594050,gsm-2,osmo-hlr-546bdb8988-9h84c,1,2
1781594050,gsm-2,osmo-mgw-8c8fc67d6-lhmxh,1,2
1781594050,gsm-2,osmo-mobile-6b5b79f646-nqjb8,3,33
1781594050,gsm-5,msc-test-stub-5b875d749d-fnfg5,1,16
1781594050,gsm-5,osmo-mgw-8c8fc67d6-fxp8q,1,2
1781594050,gsm-5,osmo-mobile-59d8d55bb5-vv6bg,2,33
1781594050,gsm-8,msc-test-stub-5b875d749d-qjjvd,1,17
1781594050,gsm-8,osmo-bsc-594654bd47-gl8n5,1,5
1781594050,gsm-8,osmo-bts-virtual-5f8b9b86fc-2jhn7,20,5
1781594050,gsm-8,osmo-hlr-546bdb8988-728qc,1,7
1781594050,gsm-8,osmo-mgw-8c8fc67d6-2zf7g,1,5
1781594050,gsm-8,osmo-mobile-7f88cc47b4-fl965,3,43
1781594050,gsm-8,osmo-stp-768687f494-j95b9,1,2
1781594050,gsm-8,ttcn3-tc-34-2-2-1-prvgs,1,18
1781594050,gsm-8,virtphy-86b4bdf559-sq5gd,7,2
1781594050,kube-system,coredns-c4dbffb5f-p9rsr,2,27
1781594050,kube-system,local-path-provisioner-5c4dc5d66d-nfqxz,1,17
1781594050,kube-system,metrics-server-786d997795-hcp2m,8,44
1781594050,kube-system,svclb-traefik-1100f998-kpm9h,0,0
1781594050,kube-system,traefik-9bcdbbd9-qtpjt,1,39
1781594053,gsm-1,msc-test-stub-5b875d749d-dp87n,1,16
1781594053,gsm-1,osmo-bsc-594654bd47-j9mdh,1,5
1781594053,gsm-1,osmo-bts-virtual-5f8b9b86fc-szfjb,20,5
1781594053,gsm-1,osmo-hlr-546bdb8988-d4r6r,1,2
1781594053,gsm-1,osmo-mgw-8c8fc67d6-txwl8,1,2
1781594053,gsm-1,osmo-mobile-947867b85-d9gvn,3,36
1781594053,gsm-1,osmo-stp-768687f494-mgj9x,1,2
1781594053,gsm-1,ttcn3-tc-26-6-1-1-1-rx2fd,1,6
1781594053,gsm-1,virtphy-858665df6d-4fmrz,6,1
1781594053,gsm-2,msc-test-stub-5b875d749d-thf6z,2,16
1781594053,gsm-2,osmo-mgw-8c8fc67d6-lhmxh,1,2
1781594053,gsm-2,osmo-mobile-6b5b79f646-nqjb8,3,31
1781594053,gsm-5,msc-test-stub-5b875d749d-fnfg5,1,16
1781594053,gsm-5,osmo-mgw-8c8fc67d6-fxp8q,1,2
1781594053,gsm-5,osmo-mobile-59d8d55bb5-vv6bg,2,33
1781594053,gsm-8,msc-test-stub-5b875d749d-qjjvd,1,17
1781594053,gsm-8,osmo-bsc-594654bd47-gl8n5,1,5
1781594053,gsm-8,osmo-bts-virtual-5f8b9b86fc-2jhn7,19,5
1781594053,gsm-8,osmo-hlr-546bdb8988-728qc,1,7
1781594053,gsm-8,osmo-mgw-8c8fc67d6-2zf7g,1,5
1781594053,gsm-8,osmo-mobile-7f88cc47b4-fl965,3,43
1781594053,gsm-8,osmo-stp-768687f494-j95b9,1,2
1781594053,gsm-8,ttcn3-tc-34-2-2-1-prvgs,1,18
1781594053,gsm-8,virtphy-86b4bdf559-sq5gd,7,2
1781594053,kube-system,coredns-c4dbffb5f-p9rsr,2,27
1781594053,kube-system,local-path-provisioner-5c4dc5d66d-nfqxz,1,17
1781594053,kube-system,metrics-server-786d997795-hcp2m,9,44
1781594053,kube-system,svclb-traefik-1100f998-kpm9h,0,0
1781594053,kube-system,traefik-9bcdbbd9-qtpjt,1,39
1781594055,gsm-1,msc-test-stub-5b875d749d-dp87n,1,16
1781594055,gsm-1,osmo-bsc-594654bd47-j9mdh,1,5
1781594055,gsm-1,osmo-bts-virtual-5f8b9b86fc-szfjb,20,5
1781594055,gsm-1,osmo-hlr-546bdb8988-d4r6r,1,2
1781594055,gsm-1,osmo-mgw-8c8fc67d6-txwl8,1,2
1781594055,gsm-1,osmo-mobile-947867b85-d9gvn,3,36
1781594055,gsm-1,osmo-stp-768687f494-mgj9x,1,2
1781594055,gsm-1,ttcn3-tc-26-6-1-1-1-rx2fd,1,6
1781594055,gsm-1,virtphy-858665df6d-4fmrz,6,1
1781594055,gsm-2,msc-test-stub-5b875d749d-thf6z,2,16
1781594055,gsm-2,osmo-mgw-8c8fc67d6-lhmxh,1,2
1781594055,gsm-2,osmo-mobile-6b5b79f646-nqjb8,3,31
1781594055,gsm-5,msc-test-stub-5b875d749d-fnfg5,1,16
1781594055,gsm-5,osmo-mgw-8c8fc67d6-fxp8q,1,2
1781594055,gsm-5,osmo-mobile-59d8d55bb5-vv6bg,2,33
1781594055,gsm-8,msc-test-stub-5b875d749d-qjjvd,1,17
1781594055,gsm-8,osmo-bsc-594654bd47-gl8n5,1,5
1781594055,gsm-8,osmo-bts-virtual-5f8b9b86fc-2jhn7,19,5
1781594055,gsm-8,osmo-hlr-546bdb8988-728qc,1,7
1781594055,gsm-8,osmo-mgw-8c8fc67d6-2zf7g,1,5
1781594055,gsm-8,osmo-mobile-7f88cc47b4-fl965,3,43
1781594055,gsm-8,osmo-stp-768687f494-j95b9,1,2
1781594055,gsm-8,ttcn3-tc-34-2-2-1-prvgs,1,18
1781594055,gsm-8,virtphy-86b4bdf559-sq5gd,7,2
1781594055,kube-system,coredns-c4dbffb5f-p9rsr,2,27
1781594055,kube-system,local-path-provisioner-5c4dc5d66d-nfqxz,1,17
1781594055,kube-system,metrics-server-786d997795-hcp2m,9,44
1781594055,kube-system,svclb-traefik-1100f998-kpm9h,0,0
1781594055,kube-system,traefik-9bcdbbd9-qtpjt,1,39
1781594057,gsm-1,msc-test-stub-5b875d749d-dp87n,1,16
1781594057,gsm-1,osmo-bsc-594654bd47-j9mdh,1,5
1781594057,gsm-1,osmo-bts-virtual-5f8b9b86fc-szfjb,20,5
1781594057,gsm-1,osmo-hlr-546bdb8988-d4r6r,1,2
1781594057,gsm-1,osmo-mgw-8c8fc67d6-txwl8,1,2
1781594057,gsm-1,osmo-mobile-947867b85-d9gvn,3,36
1781594057,gsm-1,osmo-stp-768687f494-mgj9x,1,2
1781594057,gsm-1,ttcn3-tc-26-6-1-1-1-rx2fd,1,6
1781594057,gsm-1,virtphy-858665df6d-4fmrz,6,1
1781594057,gsm-2,msc-test-stub-5b875d749d-thf6z,2,16
1781594057,gsm-2,osmo-mgw-8c8fc67d6-lhmxh,1,2
1781594057,gsm-2,osmo-mobile-6b5b79f646-nqjb8,3,31
1781594057,gsm-5,msc-test-stub-5b875d749d-fnfg5,1,16
1781594057,gsm-5,osmo-mgw-8c8fc67d6-fxp8q,1,2
1781594057,gsm-5,osmo-mobile-59d8d55bb5-vv6bg,2,33
1781594057,gsm-8,msc-test-stub-5b875d749d-qjjvd,1,17
1781594057,gsm-8,osmo-bsc-594654bd47-gl8n5,1,5
1781594057,gsm-8,osmo-bts-virtual-5f8b9b86fc-2jhn7,19,5
1781594057,gsm-8,osmo-hlr-546bdb8988-728qc,1,7
1781594057,gsm-8,osmo-mgw-8c8fc67d6-2zf7g,1,5
1781594057,gsm-8,osmo-mobile-7f88cc47b4-fl965,3,43
1781594057,gsm-8,osmo-stp-768687f494-j95b9,1,2
1781594057,gsm-8,ttcn3-tc-34-2-2-1-prvgs,1,18
1781594057,gsm-8,virtphy-86b4bdf559-sq5gd,7,2
1781594057,kube-system,coredns-c4dbffb5f-p9rsr,2,27
1781594057,kube-system,local-path-provisioner-5c4dc5d66d-nfqxz,1,17
1781594057,kube-system,metrics-server-786d997795-hcp2m,9,44
1781594057,kube-system,svclb-traefik-1100f998-kpm9h,0,0
1781594057,kube-system,traefik-9bcdbbd9-qtpjt,1,39
1781594059,gsm-1,msc-test-stub-5b875d749d-dp87n,1,16
1781594059,gsm-1,osmo-bsc-594654bd47-j9mdh,1,5
1781594059,gsm-1,osmo-bts-virtual-5f8b9b86fc-szfjb,20,5
1781594059,gsm-1,osmo-hlr-546bdb8988-d4r6r,1,2
1781594059,gsm-1,osmo-mgw-8c8fc67d6-txwl8,1,2
1781594059,gsm-1,osmo-mobile-947867b85-d9gvn,3,36
1781594059,gsm-1,osmo-stp-768687f494-mgj9x,1,2
1781594059,gsm-1,ttcn3-tc-26-6-1-1-1-rx2fd,1,6
1781594059,gsm-1,virtphy-858665df6d-4fmrz,6,1
1781594059,gsm-2,msc-test-stub-5b875d749d-thf6z,2,16
1781594059,gsm-2,osmo-mgw-8c8fc67d6-lhmxh,1,2
1781594059,gsm-2,osmo-mobile-6b5b79f646-nqjb8,3,31
1781594059,gsm-5,msc-test-stub-5b875d749d-fnfg5,1,16
1781594059,gsm-5,osmo-mgw-8c8fc67d6-fxp8q,1,2
1781594059,gsm-5,osmo-mobile-59d8d55bb5-vv6bg,2,33
1781594059,gsm-8,msc-test-stub-5b875d749d-qjjvd,1,17
1781594059,gsm-8,osmo-bsc-594654bd47-gl8n5,1,5
1781594059,gsm-8,osmo-bts-virtual-5f8b9b86fc-2jhn7,19,5
1781594059,gsm-8,osmo-hlr-546bdb8988-728qc,1,7
1781594059,gsm-8,osmo-mgw-8c8fc67d6-2zf7g,1,5
1781594059,gsm-8,osmo-mobile-7f88cc47b4-fl965,3,43
1781594059,gsm-8,osmo-stp-768687f494-j95b9,1,2
1781594059,gsm-8,ttcn3-tc-34-2-2-1-prvgs,1,18
1781594059,gsm-8,virtphy-86b4bdf559-sq5gd,7,2
1781594059,kube-system,coredns-c4dbffb5f-p9rsr,2,27
1781594059,kube-system,local-path-provisioner-5c4dc5d66d-nfqxz,1,17
1781594059,kube-system,metrics-server-786d997795-hcp2m,9,44
1781594059,kube-system,svclb-traefik-1100f998-kpm9h,0,0
1781594059,kube-system,traefik-9bcdbbd9-qtpjt,1,39
1781594061,gsm-1,msc-test-stub-5b875d749d-dp87n,1,16
1781594061,gsm-1,osmo-bsc-594654bd47-j9mdh,1,5
1781594061,gsm-1,osmo-bts-virtual-5f8b9b86fc-szfjb,20,5
1781594061,gsm-1,osmo-hlr-546bdb8988-d4r6r,1,2
1781594061,gsm-1,osmo-mgw-8c8fc67d6-txwl8,1,2
1781594061,gsm-1,osmo-mobile-947867b85-d9gvn,3,36
1781594061,gsm-1,osmo-stp-768687f494-mgj9x,1,2
1781594061,gsm-1,ttcn3-tc-26-6-1-1-1-rx2fd,1,6
1781594061,gsm-1,virtphy-858665df6d-4fmrz,6,1
1781594061,gsm-2,msc-test-stub-5b875d749d-thf6z,2,16
1781594061,gsm-2,osmo-mgw-8c8fc67d6-lhmxh,1,2
1781594061,gsm-2,osmo-mobile-6b5b79f646-nqjb8,3,31
1781594061,gsm-5,msc-test-stub-5b875d749d-fnfg5,1,16
1781594061,gsm-5,osmo-mgw-8c8fc67d6-fxp8q,1,2
1781594061,gsm-5,osmo-mobile-59d8d55bb5-vv6bg,2,33
1781594061,gsm-8,msc-test-stub-5b875d749d-qjjvd,1,17
1781594061,gsm-8,osmo-bsc-594654bd47-gl8n5,1,5
1781594061,gsm-8,osmo-bts-virtual-5f8b9b86fc-2jhn7,19,5
1781594061,gsm-8,osmo-hlr-546bdb8988-728qc,1,7
1781594061,gsm-8,osmo-mgw-8c8fc67d6-2zf7g,1,5
1781594061,gsm-8,osmo-mobile-7f88cc47b4-fl965,3,43
1781594061,gsm-8,osmo-stp-768687f494-j95b9,1,2
1781594061,gsm-8,ttcn3-tc-34-2-2-1-prvgs,1,18
1781594061,gsm-8,virtphy-86b4bdf559-sq5gd,7,2
1781594061,kube-system,coredns-c4dbffb5f-p9rsr,2,27
1781594061,kube-system,local-path-provisioner-5c4dc5d66d-nfqxz,1,17
1781594061,kube-system,metrics-server-786d997795-hcp2m,9,44
1781594061,kube-system,svclb-traefik-1100f998-kpm9h,0,0
1781594061,kube-system,traefik-9bcdbbd9-qtpjt,1,39
1781594064,gsm-1,msc-test-stub-5b875d749d-dp87n,1,16
1781594064,gsm-1,osmo-bsc-594654bd47-j9mdh,1,5
1781594064,gsm-1,osmo-bts-virtual-5f8b9b86fc-szfjb,20,5
1781594064,gsm-1,osmo-hlr-546bdb8988-d4r6r,1,2
1781594064,gsm-1,osmo-mgw-8c8fc67d6-txwl8,1,2
1781594064,gsm-1,osmo-mobile-947867b85-d9gvn,3,36
1781594064,gsm-1,osmo-stp-768687f494-mgj9x,1,2
1781594064,gsm-1,ttcn3-tc-26-6-1-1-1-rx2fd,1,6
1781594064,gsm-1,virtphy-858665df6d-4fmrz,6,1
1781594064,gsm-2,msc-test-stub-5b875d749d-thf6z,2,16
1781594064,gsm-2,osmo-mgw-8c8fc67d6-lhmxh,1,2
1781594064,gsm-2,osmo-mobile-6b5b79f646-nqjb8,3,31
1781594064,gsm-5,msc-test-stub-5b875d749d-fnfg5,1,16
1781594064,gsm-5,osmo-mgw-8c8fc67d6-fxp8q,1,2
1781594064,gsm-5,osmo-mobile-59d8d55bb5-vv6bg,2,33
1781594064,gsm-8,msc-test-stub-5b875d749d-qjjvd,1,17
1781594064,gsm-8,osmo-bsc-594654bd47-gl8n5,1,5
1781594064,gsm-8,osmo-bts-virtual-5f8b9b86fc-2jhn7,19,5
1781594064,gsm-8,osmo-hlr-546bdb8988-728qc,1,7
1781594064,gsm-8,osmo-mgw-8c8fc67d6-2zf7g,1,5
1781594064,gsm-8,osmo-mobile-7f88cc47b4-fl965,3,43
1781594064,gsm-8,osmo-stp-768687f494-j95b9,1,2
1781594064,gsm-8,ttcn3-tc-34-2-2-1-prvgs,1,18
1781594064,gsm-8,virtphy-86b4bdf559-sq5gd,7,2
1781594064,kube-system,coredns-c4dbffb5f-p9rsr,2,27
1781594064,kube-system,local-path-provisioner-5c4dc5d66d-nfqxz,1,17
1781594064,kube-system,metrics-server-786d997795-hcp2m,9,44
1781594064,kube-system,svclb-traefik-1100f998-kpm9h,0,0
1781594064,kube-system,traefik-9bcdbbd9-qtpjt,1,39
1781594066,gsm-1,msc-test-stub-5b875d749d-dp87n,1,16
1781594066,gsm-1,osmo-bsc-594654bd47-j9mdh,1,5
1781594066,gsm-1,osmo-bts-virtual-5f8b9b86fc-szfjb,20,5
1781594066,gsm-1,osmo-hlr-546bdb8988-d4r6r,1,2
1781594066,gsm-1,osmo-mgw-8c8fc67d6-txwl8,1,2
1781594066,gsm-1,osmo-mobile-947867b85-d9gvn,3,36
1781594066,gsm-1,osmo-stp-768687f494-mgj9x,1,2
1781594066,gsm-1,ttcn3-tc-26-6-1-1-1-rx2fd,1,6
1781594066,gsm-1,virtphy-858665df6d-4fmrz,6,1
1781594066,gsm-2,msc-test-stub-5b875d749d-thf6z,2,16
1781594066,gsm-2,osmo-mgw-8c8fc67d6-lhmxh,1,2
1781594066,gsm-2,osmo-mobile-6b5b79f646-nqjb8,3,31
1781594066,gsm-5,msc-test-stub-5b875d749d-fnfg5,1,16
1781594066,gsm-5,osmo-mgw-8c8fc67d6-fxp8q,1,2
1781594066,gsm-5,osmo-mobile-59d8d55bb5-vv6bg,2,33
1781594066,gsm-8,msc-test-stub-5b875d749d-qjjvd,1,17
1781594066,gsm-8,osmo-bsc-594654bd47-gl8n5,1,5
1781594066,gsm-8,osmo-bts-virtual-5f8b9b86fc-2jhn7,19,5
1781594066,gsm-8,osmo-hlr-546bdb8988-728qc,1,7
1781594066,gsm-8,osmo-mgw-8c8fc67d6-2zf7g,1,5
1781594066,gsm-8,osmo-mobile-7f88cc47b4-fl965,3,43
1781594066,gsm-8,osmo-stp-768687f494-j95b9,1,2
1781594066,gsm-8,ttcn3-tc-34-2-2-1-prvgs,1,18
1781594066,gsm-8,virtphy-86b4bdf559-sq5gd,7,2
1781594066,kube-system,coredns-c4dbffb5f-p9rsr,2,27
1781594066,kube-system,local-path-provisioner-5c4dc5d66d-nfqxz,1,17
1781594066,kube-system,metrics-server-786d997795-hcp2m,9,44
1781594066,kube-system,svclb-traefik-1100f998-kpm9h,0,0
1781594066,kube-system,traefik-9bcdbbd9-qtpjt,1,39
1781594068,gsm-1,msc-test-stub-5b875d749d-dp87n,1,16
1781594068,gsm-1,osmo-bsc-594654bd47-j9mdh,1,5
1781594068,gsm-1,osmo-bts-virtual-5f8b9b86fc-szfjb,20,5
1781594068,gsm-1,osmo-hlr-546bdb8988-d4r6r,1,2
1781594068,gsm-1,osmo-mgw-8c8fc67d6-txwl8,1,2
1781594068,gsm-1,osmo-mobile-947867b85-d9gvn,3,36
1781594068,gsm-1,osmo-stp-768687f494-mgj9x,1,2
1781594068,gsm-1,ttcn3-tc-26-6-1-1-1-rx2fd,1,6
1781594068,gsm-1,virtphy-858665df6d-4fmrz,6,1
1781594068,gsm-2,msc-test-stub-5b875d749d-thf6z,1,16
1781594068,gsm-2,osmo-mgw-8c8fc67d6-lhmxh,1,2
1781594068,gsm-2,osmo-mobile-6b5b79f646-nqjb8,3,31
1781594068,gsm-5,msc-test-stub-5b875d749d-fnfg5,1,16
1781594068,gsm-5,osmo-mgw-8c8fc67d6-fxp8q,1,2
1781594068,gsm-5,osmo-mobile-59d8d55bb5-vv6bg,5,30
1781594068,gsm-8,msc-test-stub-5b875d749d-qjjvd,1,17
1781594068,gsm-8,osmo-bsc-594654bd47-gl8n5,1,5
1781594068,gsm-8,osmo-bts-virtual-5f8b9b86fc-2jhn7,19,5
1781594068,gsm-8,osmo-hlr-546bdb8988-728qc,1,7
1781594068,gsm-8,osmo-mgw-8c8fc67d6-2zf7g,1,5
1781594068,gsm-8,osmo-mobile-7f88cc47b4-fl965,3,43
1781594068,gsm-8,osmo-stp-768687f494-j95b9,1,2
1781594068,gsm-8,ttcn3-tc-34-2-2-1-prvgs,1,18
1781594068,gsm-8,virtphy-86b4bdf559-sq5gd,6,2
1781594068,kube-system,coredns-c4dbffb5f-p9rsr,3,27
1781594068,kube-system,local-path-provisioner-5c4dc5d66d-nfqxz,1,17
1781594068,kube-system,metrics-server-786d997795-hcp2m,8,44
1781594068,kube-system,svclb-traefik-1100f998-kpm9h,0,0
1781594068,kube-system,traefik-9bcdbbd9-qtpjt,1,39
1781594070,gsm-1,msc-test-stub-5b875d749d-dp87n,1,16
1781594070,gsm-1,osmo-bsc-594654bd47-j9mdh,1,5
1781594070,gsm-1,osmo-bts-virtual-5f8b9b86fc-szfjb,20,5
1781594070,gsm-1,osmo-hlr-546bdb8988-d4r6r,1,2
1781594070,gsm-1,osmo-mgw-8c8fc67d6-txwl8,1,2
1781594070,gsm-1,osmo-mobile-947867b85-d9gvn,3,36
1781594070,gsm-1,osmo-stp-768687f494-mgj9x,1,2
1781594070,gsm-1,ttcn3-tc-26-6-1-1-1-rx2fd,1,6
1781594070,gsm-1,virtphy-858665df6d-4fmrz,6,1
1781594070,gsm-2,msc-test-stub-5b875d749d-thf6z,1,16
1781594070,gsm-2,osmo-mgw-8c8fc67d6-lhmxh,1,2
1781594070,gsm-2,osmo-mobile-6b5b79f646-nqjb8,3,31
1781594070,gsm-5,msc-test-stub-5b875d749d-fnfg5,1,16
1781594070,gsm-5,osmo-mgw-8c8fc67d6-fxp8q,1,2
1781594070,gsm-5,osmo-mobile-59d8d55bb5-vv6bg,5,30
1781594070,gsm-8,msc-test-stub-5b875d749d-qjjvd,1,17
1781594070,gsm-8,osmo-bsc-594654bd47-gl8n5,1,5
1781594070,gsm-8,osmo-bts-virtual-5f8b9b86fc-2jhn7,19,5
1781594070,gsm-8,osmo-hlr-546bdb8988-728qc,1,7
1781594070,gsm-8,osmo-mgw-8c8fc67d6-2zf7g,1,5
1781594070,gsm-8,osmo-mobile-7f88cc47b4-fl965,3,43
1781594070,gsm-8,osmo-stp-768687f494-j95b9,1,2
1781594070,gsm-8,ttcn3-tc-34-2-2-1-prvgs,1,18
1781594070,gsm-8,virtphy-86b4bdf559-sq5gd,6,2
1781594070,kube-system,coredns-c4dbffb5f-p9rsr,3,27
1781594070,kube-system,local-path-provisioner-5c4dc5d66d-nfqxz,1,17
1781594070,kube-system,metrics-server-786d997795-hcp2m,8,44
1781594070,kube-system,svclb-traefik-1100f998-kpm9h,0,0
1781594070,kube-system,traefik-9bcdbbd9-qtpjt,1,39
1781594072,gsm-1,msc-test-stub-5b875d749d-dp87n,1,16
1781594072,gsm-1,osmo-bsc-594654bd47-j9mdh,1,5
1781594072,gsm-1,osmo-bts-virtual-5f8b9b86fc-szfjb,20,5
1781594072,gsm-1,osmo-hlr-546bdb8988-d4r6r,1,2
1781594072,gsm-1,osmo-mgw-8c8fc67d6-txwl8,1,2
1781594072,gsm-1,osmo-mobile-947867b85-d9gvn,3,36
1781594072,gsm-1,osmo-stp-768687f494-mgj9x,1,2
1781594072,gsm-1,ttcn3-tc-26-6-1-1-1-rx2fd,1,6
1781594072,gsm-1,virtphy-858665df6d-4fmrz,6,1
1781594072,gsm-2,msc-test-stub-5b875d749d-thf6z,1,16
1781594072,gsm-2,osmo-mgw-8c8fc67d6-lhmxh,1,2
1781594072,gsm-2,osmo-mobile-6b5b79f646-nqjb8,3,31
1781594072,gsm-5,msc-test-stub-5b875d749d-fnfg5,1,16
1781594072,gsm-5,osmo-mgw-8c8fc67d6-fxp8q,1,2
1781594072,gsm-5,osmo-mobile-59d8d55bb5-vv6bg,5,30
1781594072,gsm-8,msc-test-stub-5b875d749d-qjjvd,1,17
1781594072,gsm-8,osmo-bsc-594654bd47-gl8n5,1,5
1781594072,gsm-8,osmo-bts-virtual-5f8b9b86fc-2jhn7,19,5
1781594072,gsm-8,osmo-hlr-546bdb8988-728qc,1,7
1781594072,gsm-8,osmo-mgw-8c8fc67d6-2zf7g,1,5
1781594072,gsm-8,osmo-mobile-7f88cc47b4-fl965,3,43
1781594072,gsm-8,osmo-stp-768687f494-j95b9,1,2
1781594072,gsm-8,ttcn3-tc-34-2-2-1-prvgs,1,18
1781594072,gsm-8,virtphy-86b4bdf559-sq5gd,6,2
1781594072,kube-system,coredns-c4dbffb5f-p9rsr,3,27
1781594072,kube-system,local-path-provisioner-5c4dc5d66d-nfqxz,1,17
1781594072,kube-system,metrics-server-786d997795-hcp2m,8,44
1781594072,kube-system,svclb-traefik-1100f998-kpm9h,0,0
1781594072,kube-system,traefik-9bcdbbd9-qtpjt,1,39
1781594076,gsm-1,msc-test-stub-5b875d749d-dp87n,1,16
1781594076,gsm-1,osmo-bsc-594654bd47-j9mdh,1,5
1781594076,gsm-1,osmo-bts-virtual-5f8b9b86fc-szfjb,20,5
1781594076,gsm-1,osmo-hlr-546bdb8988-d4r6r,1,2
1781594076,gsm-1,osmo-mgw-8c8fc67d6-txwl8,1,2
1781594076,gsm-1,osmo-mobile-947867b85-d9gvn,3,36
1781594076,gsm-1,osmo-stp-768687f494-mgj9x,1,2
1781594076,gsm-1,ttcn3-tc-26-6-1-1-1-rx2fd,1,6
1781594076,gsm-1,virtphy-858665df6d-4fmrz,6,1
1781594076,gsm-2,msc-test-stub-5b875d749d-thf6z,1,16
1781594076,gsm-2,osmo-mgw-8c8fc67d6-lhmxh,1,2
1781594076,gsm-2,osmo-mobile-6b5b79f646-nqjb8,3,31
1781594076,gsm-8,msc-test-stub-5b875d749d-qjjvd,1,17
1781594076,gsm-8,osmo-bsc-594654bd47-gl8n5,1,5
1781594076,gsm-8,osmo-bts-virtual-5f8b9b86fc-2jhn7,19,5
1781594076,gsm-8,osmo-hlr-546bdb8988-728qc,1,7
1781594076,gsm-8,osmo-mgw-8c8fc67d6-2zf7g,1,5
1781594076,gsm-8,osmo-mobile-7f88cc47b4-fl965,3,43
1781594076,gsm-8,osmo-stp-768687f494-j95b9,1,2
1781594076,gsm-8,ttcn3-tc-34-2-2-1-prvgs,1,18
1781594076,gsm-8,virtphy-86b4bdf559-sq5gd,6,2
1781594076,kube-system,coredns-c4dbffb5f-p9rsr,3,27
1781594076,kube-system,local-path-provisioner-5c4dc5d66d-nfqxz,1,17
1781594076,kube-system,metrics-server-786d997795-hcp2m,8,44
1781594076,kube-system,svclb-traefik-1100f998-kpm9h,0,0
1781594076,kube-system,traefik-9bcdbbd9-qtpjt,1,39
1781594079,gsm-1,msc-test-stub-5b875d749d-dp87n,1,16
1781594079,gsm-1,osmo-bsc-594654bd47-j9mdh,1,5
1781594079,gsm-1,osmo-bts-virtual-5f8b9b86fc-szfjb,20,5
1781594079,gsm-1,osmo-hlr-546bdb8988-d4r6r,1,2
1781594079,gsm-1,osmo-mgw-8c8fc67d6-txwl8,1,2
1781594079,gsm-1,osmo-mobile-947867b85-d9gvn,3,36
1781594079,gsm-1,osmo-stp-768687f494-mgj9x,1,2
1781594079,gsm-1,ttcn3-tc-26-6-1-1-1-rx2fd,1,6
1781594079,gsm-1,virtphy-858665df6d-4fmrz,6,1
1781594079,gsm-2,msc-test-stub-5b875d749d-thf6z,1,16
1781594079,gsm-2,osmo-mgw-8c8fc67d6-lhmxh,1,2
1781594079,gsm-2,osmo-mobile-6b5b79f646-nqjb8,3,31
1781594079,gsm-8,msc-test-stub-5b875d749d-qjjvd,1,17
1781594079,gsm-8,osmo-bsc-594654bd47-gl8n5,1,5
1781594079,gsm-8,osmo-bts-virtual-5f8b9b86fc-2jhn7,19,5
1781594079,gsm-8,osmo-hlr-546bdb8988-728qc,1,7
1781594079,gsm-8,osmo-mgw-8c8fc67d6-2zf7g,1,5
1781594079,gsm-8,osmo-mobile-7f88cc47b4-fl965,3,43
1781594079,gsm-8,osmo-stp-768687f494-j95b9,1,2
1781594079,gsm-8,ttcn3-tc-34-2-2-1-prvgs,1,18
1781594079,gsm-8,virtphy-86b4bdf559-sq5gd,6,2
1781594079,kube-system,coredns-c4dbffb5f-p9rsr,3,27
1781594079,kube-system,local-path-provisioner-5c4dc5d66d-nfqxz,1,17
1781594079,kube-system,metrics-server-786d997795-hcp2m,8,44
1781594079,kube-system,svclb-traefik-1100f998-kpm9h,0,0
1781594079,kube-system,traefik-9bcdbbd9-qtpjt,1,39
1781594082,gsm-1,msc-test-stub-5b875d749d-dp87n,1,16
1781594082,gsm-1,osmo-bsc-594654bd47-j9mdh,1,5
1781594082,gsm-1,osmo-bts-virtual-5f8b9b86fc-szfjb,20,5
1781594082,gsm-1,osmo-hlr-546bdb8988-d4r6r,1,2
1781594082,gsm-1,osmo-mgw-8c8fc67d6-txwl8,1,2
1781594082,gsm-1,osmo-mobile-947867b85-d9gvn,2,36
1781594082,gsm-1,osmo-stp-768687f494-mgj9x,1,2
1781594082,gsm-1,ttcn3-tc-26-6-1-1-1-rx2fd,1,6
1781594082,gsm-1,virtphy-858665df6d-4fmrz,6,1
1781594082,gsm-8,msc-test-stub-5b875d749d-qjjvd,1,17
1781594082,gsm-8,osmo-bsc-594654bd47-gl8n5,1,5
1781594082,gsm-8,osmo-bts-virtual-5f8b9b86fc-2jhn7,19,5
1781594082,gsm-8,osmo-hlr-546bdb8988-728qc,1,7
1781594082,gsm-8,osmo-mgw-8c8fc67d6-2zf7g,1,5
1781594082,gsm-8,osmo-mobile-7f88cc47b4-fl965,3,43
1781594082,gsm-8,osmo-stp-768687f494-j95b9,1,2
1781594082,gsm-8,ttcn3-tc-34-2-2-1-prvgs,1,18
1781594082,gsm-8,virtphy-86b4bdf559-sq5gd,6,2
1781594082,kube-system,coredns-c4dbffb5f-p9rsr,3,27
1781594082,kube-system,local-path-provisioner-5c4dc5d66d-nfqxz,1,17
1781594082,kube-system,metrics-server-786d997795-hcp2m,8,44
1781594082,kube-system,svclb-traefik-1100f998-kpm9h,0,0
1781594082,kube-system,traefik-9bcdbbd9-qtpjt,1,39
1781594084,gsm-1,msc-test-stub-5b875d749d-dp87n,1,16
1781594084,gsm-1,osmo-bsc-594654bd47-j9mdh,1,5
1781594084,gsm-1,osmo-bts-virtual-5f8b9b86fc-szfjb,20,5
1781594084,gsm-1,osmo-hlr-546bdb8988-d4r6r,1,2
1781594084,gsm-1,osmo-mgw-8c8fc67d6-txwl8,1,2
1781594084,gsm-1,osmo-mobile-947867b85-d9gvn,2,36
1781594084,gsm-1,osmo-stp-768687f494-mgj9x,1,2
1781594084,gsm-1,ttcn3-tc-26-6-1-1-1-rx2fd,1,6
1781594084,gsm-1,virtphy-858665df6d-4fmrz,6,1
1781594084,gsm-8,msc-test-stub-5b875d749d-qjjvd,1,17
1781594084,gsm-8,osmo-bsc-594654bd47-gl8n5,1,5
1781594084,gsm-8,osmo-bts-virtual-5f8b9b86fc-2jhn7,19,5
1781594084,gsm-8,osmo-hlr-546bdb8988-728qc,1,7
1781594084,gsm-8,osmo-mgw-8c8fc67d6-2zf7g,1,5
1781594084,gsm-8,osmo-mobile-7f88cc47b4-fl965,3,43
1781594084,gsm-8,osmo-stp-768687f494-j95b9,1,2
1781594084,gsm-8,ttcn3-tc-34-2-2-1-prvgs,1,18
1781594084,gsm-8,virtphy-86b4bdf559-sq5gd,6,2
1781594084,kube-system,coredns-c4dbffb5f-p9rsr,3,27
1781594084,kube-system,local-path-provisioner-5c4dc5d66d-nfqxz,1,17
1781594084,kube-system,metrics-server-786d997795-hcp2m,8,44
1781594084,kube-system,svclb-traefik-1100f998-kpm9h,0,0
1781594084,kube-system,traefik-9bcdbbd9-qtpjt,1,39
1781594086,gsm-1,msc-test-stub-5b875d749d-dp87n,1,16
1781594086,gsm-1,osmo-bsc-594654bd47-j9mdh,1,5
1781594086,gsm-1,osmo-bts-virtual-5f8b9b86fc-szfjb,20,5
1781594086,gsm-1,osmo-hlr-546bdb8988-d4r6r,1,2
1781594086,gsm-1,osmo-mgw-8c8fc67d6-txwl8,1,2
1781594086,gsm-1,osmo-mobile-947867b85-d9gvn,2,36
1781594086,gsm-1,osmo-stp-768687f494-mgj9x,1,2
1781594086,gsm-1,ttcn3-tc-26-6-1-1-1-rx2fd,1,6
1781594086,gsm-1,virtphy-858665df6d-4fmrz,6,1
1781594086,gsm-8,msc-test-stub-5b875d749d-qjjvd,1,17
1781594086,gsm-8,osmo-bsc-594654bd47-gl8n5,1,5
1781594086,gsm-8,osmo-bts-virtual-5f8b9b86fc-2jhn7,19,5
1781594086,gsm-8,osmo-hlr-546bdb8988-728qc,1,7
1781594086,gsm-8,osmo-mgw-8c8fc67d6-2zf7g,1,5
1781594086,gsm-8,osmo-mobile-7f88cc47b4-fl965,3,43
1781594086,gsm-8,osmo-stp-768687f494-j95b9,1,2
1781594086,gsm-8,ttcn3-tc-34-2-2-1-prvgs,1,18
1781594086,gsm-8,virtphy-86b4bdf559-sq5gd,6,2
1781594086,kube-system,coredns-c4dbffb5f-p9rsr,3,27
1781594086,kube-system,local-path-provisioner-5c4dc5d66d-nfqxz,1,17
1781594086,kube-system,metrics-server-786d997795-hcp2m,8,44
1781594086,kube-system,svclb-traefik-1100f998-kpm9h,0,0
1781594086,kube-system,traefik-9bcdbbd9-qtpjt,1,39
1781594089,gsm-1,msc-test-stub-5b875d749d-dp87n,1,16
1781594089,gsm-1,osmo-bsc-594654bd47-j9mdh,1,5
1781594089,gsm-1,osmo-bts-virtual-5f8b9b86fc-szfjb,20,5
1781594089,gsm-1,osmo-hlr-546bdb8988-d4r6r,1,2
1781594089,gsm-1,osmo-mgw-8c8fc67d6-txwl8,1,2
1781594089,gsm-1,osmo-mobile-947867b85-d9gvn,2,36
1781594089,gsm-1,osmo-stp-768687f494-mgj9x,1,2
1781594089,gsm-1,ttcn3-tc-26-6-1-1-1-rx2fd,1,6
1781594089,gsm-1,virtphy-858665df6d-4fmrz,6,1
1781594089,gsm-8,msc-test-stub-5b875d749d-qjjvd,1,17
1781594089,gsm-8,osmo-bsc-594654bd47-gl8n5,1,5
1781594089,gsm-8,osmo-bts-virtual-5f8b9b86fc-2jhn7,19,5
1781594089,gsm-8,osmo-hlr-546bdb8988-728qc,1,7
1781594089,gsm-8,osmo-mgw-8c8fc67d6-2zf7g,1,5
1781594089,gsm-8,osmo-mobile-7f88cc47b4-fl965,3,43
1781594089,gsm-8,osmo-stp-768687f494-j95b9,1,2
1781594089,gsm-8,ttcn3-tc-34-2-2-1-prvgs,1,18
1781594089,gsm-8,virtphy-86b4bdf559-sq5gd,6,2
1781594089,kube-system,coredns-c4dbffb5f-p9rsr,3,27
1781594089,kube-system,local-path-provisioner-5c4dc5d66d-nfqxz,1,17
1781594089,kube-system,metrics-server-786d997795-hcp2m,8,44
1781594089,kube-system,svclb-traefik-1100f998-kpm9h,0,0
1781594089,kube-system,traefik-9bcdbbd9-qtpjt,1,39
1781594091,gsm-1,msc-test-stub-5b875d749d-dp87n,1,16
1781594091,gsm-1,osmo-bsc-594654bd47-j9mdh,1,5
1781594091,gsm-1,osmo-bts-virtual-5f8b9b86fc-szfjb,20,5
1781594091,gsm-1,osmo-hlr-546bdb8988-d4r6r,1,2
1781594091,gsm-1,osmo-mgw-8c8fc67d6-txwl8,1,2
1781594091,gsm-1,osmo-mobile-947867b85-d9gvn,2,36
1781594091,gsm-1,osmo-stp-768687f494-mgj9x,1,2
1781594091,gsm-1,ttcn3-tc-26-6-1-1-1-rx2fd,1,6
1781594091,gsm-1,virtphy-858665df6d-4fmrz,6,1
1781594091,gsm-8,msc-test-stub-5b875d749d-qjjvd,1,17
1781594091,gsm-8,osmo-bsc-594654bd47-gl8n5,1,5
1781594091,gsm-8,osmo-bts-virtual-5f8b9b86fc-2jhn7,19,5
1781594091,gsm-8,osmo-hlr-546bdb8988-728qc,1,7
1781594091,gsm-8,osmo-mgw-8c8fc67d6-2zf7g,1,5
1781594091,gsm-8,osmo-mobile-7f88cc47b4-fl965,3,43
1781594091,gsm-8,osmo-stp-768687f494-j95b9,1,2
1781594091,gsm-8,ttcn3-tc-34-2-2-1-prvgs,1,18
1781594091,gsm-8,virtphy-86b4bdf559-sq5gd,6,2
1781594091,kube-system,coredns-c4dbffb5f-p9rsr,3,27
1781594091,kube-system,local-path-provisioner-5c4dc5d66d-nfqxz,1,17
1781594091,kube-system,metrics-server-786d997795-hcp2m,8,44
1781594091,kube-system,svclb-traefik-1100f998-kpm9h,0,0
1781594091,kube-system,traefik-9bcdbbd9-qtpjt,1,39
1781594093,gsm-1,msc-test-stub-5b875d749d-dp87n,1,16
1781594093,gsm-1,osmo-bsc-594654bd47-j9mdh,1,5
1781594093,gsm-1,osmo-bts-virtual-5f8b9b86fc-szfjb,20,5
1781594093,gsm-1,osmo-hlr-546bdb8988-d4r6r,1,2
1781594093,gsm-1,osmo-mgw-8c8fc67d6-txwl8,1,2
1781594093,gsm-1,osmo-mobile-947867b85-d9gvn,2,36
1781594093,gsm-1,osmo-stp-768687f494-mgj9x,1,2
1781594093,gsm-1,ttcn3-tc-26-6-1-1-1-rx2fd,1,6
1781594093,gsm-1,virtphy-858665df6d-4fmrz,6,1
1781594093,gsm-8,msc-test-stub-5b875d749d-qjjvd,1,17
1781594093,gsm-8,osmo-bsc-594654bd47-gl8n5,1,5
1781594093,gsm-8,osmo-bts-virtual-5f8b9b86fc-2jhn7,19,5
1781594093,gsm-8,osmo-hlr-546bdb8988-728qc,1,7
1781594093,gsm-8,osmo-mgw-8c8fc67d6-2zf7g,1,5
1781594093,gsm-8,osmo-mobile-7f88cc47b4-fl965,3,43
1781594093,gsm-8,osmo-stp-768687f494-j95b9,1,2
1781594093,gsm-8,ttcn3-tc-34-2-2-1-prvgs,1,18
1781594093,gsm-8,virtphy-86b4bdf559-sq5gd,6,2
1781594093,kube-system,coredns-c4dbffb5f-p9rsr,3,27
1781594093,kube-system,local-path-provisioner-5c4dc5d66d-nfqxz,1,17
1781594093,kube-system,metrics-server-786d997795-hcp2m,8,44
1781594093,kube-system,svclb-traefik-1100f998-kpm9h,0,0
1781594093,kube-system,traefik-9bcdbbd9-qtpjt,1,39
1781594096,gsm-1,msc-test-stub-5b875d749d-dp87n,1,16
1781594096,gsm-1,osmo-bsc-594654bd47-j9mdh,1,5
1781594096,gsm-1,osmo-bts-virtual-5f8b9b86fc-szfjb,20,5
1781594096,gsm-1,osmo-hlr-546bdb8988-d4r6r,1,2
1781594096,gsm-1,osmo-mgw-8c8fc67d6-txwl8,1,2
1781594096,gsm-1,osmo-mobile-947867b85-d9gvn,2,36
1781594096,gsm-1,osmo-stp-768687f494-mgj9x,1,2
1781594096,gsm-1,ttcn3-tc-26-6-1-1-1-rx2fd,1,6
1781594096,gsm-1,virtphy-858665df6d-4fmrz,6,1
1781594096,gsm-8,msc-test-stub-5b875d749d-qjjvd,1,17
1781594096,gsm-8,osmo-bsc-594654bd47-gl8n5,1,5
1781594096,gsm-8,osmo-bts-virtual-5f8b9b86fc-2jhn7,19,5
1781594096,gsm-8,osmo-hlr-546bdb8988-728qc,1,7
1781594096,gsm-8,osmo-mgw-8c8fc67d6-2zf7g,1,5
1781594096,gsm-8,osmo-mobile-7f88cc47b4-fl965,3,43
1781594096,gsm-8,osmo-stp-768687f494-j95b9,1,2
1781594096,gsm-8,ttcn3-tc-34-2-2-1-prvgs,1,18
1781594096,gsm-8,virtphy-86b4bdf559-sq5gd,6,2
1781594096,kube-system,coredns-c4dbffb5f-p9rsr,3,27
1781594096,kube-system,local-path-provisioner-5c4dc5d66d-nfqxz,1,17
1781594096,kube-system,metrics-server-786d997795-hcp2m,8,44
1781594096,kube-system,svclb-traefik-1100f998-kpm9h,0,0
1781594096,kube-system,traefik-9bcdbbd9-qtpjt,1,39
1781594098,gsm-1,msc-test-stub-5b875d749d-dp87n,1,16
1781594098,gsm-1,osmo-bsc-594654bd47-j9mdh,1,5
1781594098,gsm-1,osmo-bts-virtual-5f8b9b86fc-szfjb,20,5
1781594098,gsm-1,osmo-hlr-546bdb8988-d4r6r,1,2
1781594098,gsm-1,osmo-mgw-8c8fc67d6-txwl8,1,2
1781594098,gsm-1,osmo-mobile-947867b85-d9gvn,2,36
1781594098,gsm-1,osmo-stp-768687f494-mgj9x,1,2
1781594098,gsm-1,ttcn3-tc-26-6-1-1-1-rx2fd,1,6
1781594098,gsm-1,virtphy-858665df6d-4fmrz,7,1
1781594098,gsm-8,msc-test-stub-5b875d749d-qjjvd,1,17
1781594098,gsm-8,osmo-bsc-594654bd47-gl8n5,1,5
1781594098,gsm-8,osmo-bts-virtual-5f8b9b86fc-2jhn7,19,5
1781594098,gsm-8,osmo-hlr-546bdb8988-728qc,1,7
1781594098,gsm-8,osmo-mgw-8c8fc67d6-2zf7g,1,5
1781594098,gsm-8,osmo-mobile-7f88cc47b4-fl965,3,43
1781594098,gsm-8,osmo-stp-768687f494-j95b9,1,2
1781594098,gsm-8,ttcn3-tc-34-2-2-1-prvgs,1,18
1781594098,gsm-8,virtphy-86b4bdf559-sq5gd,7,2
1781594098,kube-system,coredns-c4dbffb5f-p9rsr,2,27
1781594098,kube-system,local-path-provisioner-5c4dc5d66d-nfqxz,1,17
1781594098,kube-system,metrics-server-786d997795-hcp2m,7,44
1781594098,kube-system,svclb-traefik-1100f998-kpm9h,0,0
1781594098,kube-system,traefik-9bcdbbd9-qtpjt,2,39
1781594100,gsm-1,msc-test-stub-5b875d749d-dp87n,1,16
1781594100,gsm-1,osmo-bsc-594654bd47-j9mdh,1,5
1781594100,gsm-1,osmo-bts-virtual-5f8b9b86fc-szfjb,20,5
1781594100,gsm-1,osmo-hlr-546bdb8988-d4r6r,1,2
1781594100,gsm-1,osmo-mgw-8c8fc67d6-txwl8,1,2
1781594100,gsm-1,osmo-mobile-947867b85-d9gvn,2,36
1781594100,gsm-1,osmo-stp-768687f494-mgj9x,1,2
1781594100,gsm-1,ttcn3-tc-26-6-1-1-1-rx2fd,1,6
1781594100,gsm-1,virtphy-858665df6d-4fmrz,7,1
1781594100,gsm-8,msc-test-stub-5b875d749d-qjjvd,1,17
1781594100,gsm-8,osmo-bsc-594654bd47-gl8n5,1,5
1781594100,gsm-8,osmo-bts-virtual-5f8b9b86fc-2jhn7,19,5
1781594100,gsm-8,osmo-hlr-546bdb8988-728qc,1,7
1781594100,gsm-8,osmo-mgw-8c8fc67d6-2zf7g,1,5
1781594100,gsm-8,osmo-mobile-7f88cc47b4-fl965,3,43
1781594100,gsm-8,osmo-stp-768687f494-j95b9,1,2
1781594100,gsm-8,ttcn3-tc-34-2-2-1-prvgs,1,18
1781594100,gsm-8,virtphy-86b4bdf559-sq5gd,7,2
1781594100,kube-system,coredns-c4dbffb5f-p9rsr,2,27
1781594100,kube-system,local-path-provisioner-5c4dc5d66d-nfqxz,1,17
1781594100,kube-system,metrics-server-786d997795-hcp2m,7,44
1781594100,kube-system,svclb-traefik-1100f998-kpm9h,0,0
1781594100,kube-system,traefik-9bcdbbd9-qtpjt,2,39
1781594103,gsm-1,msc-test-stub-5b875d749d-dp87n,1,16
1781594103,gsm-1,osmo-bsc-594654bd47-j9mdh,1,5
1781594103,gsm-1,osmo-bts-virtual-5f8b9b86fc-szfjb,20,5
1781594103,gsm-1,osmo-hlr-546bdb8988-d4r6r,1,2
1781594103,gsm-1,osmo-mgw-8c8fc67d6-txwl8,1,2
1781594103,gsm-1,osmo-mobile-947867b85-d9gvn,2,36
1781594103,gsm-1,osmo-stp-768687f494-mgj9x,1,2
1781594103,gsm-1,ttcn3-tc-26-6-1-1-1-rx2fd,1,6
1781594103,gsm-1,virtphy-858665df6d-4fmrz,7,1
1781594103,gsm-8,msc-test-stub-5b875d749d-qjjvd,1,17
1781594103,gsm-8,osmo-bsc-594654bd47-gl8n5,1,5
1781594103,gsm-8,osmo-bts-virtual-5f8b9b86fc-2jhn7,19,5
1781594103,gsm-8,osmo-hlr-546bdb8988-728qc,1,7
1781594103,gsm-8,osmo-mgw-8c8fc67d6-2zf7g,1,5
1781594103,gsm-8,osmo-mobile-7f88cc47b4-fl965,3,43
1781594103,gsm-8,osmo-stp-768687f494-j95b9,1,2
1781594103,gsm-8,ttcn3-tc-34-2-2-1-prvgs,1,18
1781594103,gsm-8,virtphy-86b4bdf559-sq5gd,7,2
1781594103,kube-system,coredns-c4dbffb5f-p9rsr,2,27
1781594103,kube-system,local-path-provisioner-5c4dc5d66d-nfqxz,1,17
1781594103,kube-system,metrics-server-786d997795-hcp2m,7,44
1781594103,kube-system,svclb-traefik-1100f998-kpm9h,0,0
1781594103,kube-system,traefik-9bcdbbd9-qtpjt,2,39
1781594105,gsm-1,msc-test-stub-5b875d749d-dp87n,1,16
1781594105,gsm-1,osmo-bsc-594654bd47-j9mdh,1,5
1781594105,gsm-1,osmo-bts-virtual-5f8b9b86fc-szfjb,20,5
1781594105,gsm-1,osmo-hlr-546bdb8988-d4r6r,1,2
1781594105,gsm-1,osmo-mgw-8c8fc67d6-txwl8,1,2
1781594105,gsm-1,osmo-mobile-947867b85-d9gvn,2,36
1781594105,gsm-1,osmo-stp-768687f494-mgj9x,1,2
1781594105,gsm-1,ttcn3-tc-26-6-1-1-1-rx2fd,1,6
1781594105,gsm-1,virtphy-858665df6d-4fmrz,7,1
1781594105,gsm-8,msc-test-stub-5b875d749d-qjjvd,1,17
1781594105,gsm-8,osmo-bsc-594654bd47-gl8n5,1,5
1781594105,gsm-8,osmo-bts-virtual-5f8b9b86fc-2jhn7,19,5
1781594105,gsm-8,osmo-hlr-546bdb8988-728qc,1,7
1781594105,gsm-8,osmo-mgw-8c8fc67d6-2zf7g,1,5
1781594105,gsm-8,osmo-mobile-7f88cc47b4-fl965,3,43
1781594105,gsm-8,osmo-stp-768687f494-j95b9,1,2
1781594105,gsm-8,ttcn3-tc-34-2-2-1-prvgs,1,18
1781594105,gsm-8,virtphy-86b4bdf559-sq5gd,7,2
1781594105,kube-system,coredns-c4dbffb5f-p9rsr,2,27
1781594105,kube-system,local-path-provisioner-5c4dc5d66d-nfqxz,1,17
1781594105,kube-system,metrics-server-786d997795-hcp2m,7,44
1781594105,kube-system,svclb-traefik-1100f998-kpm9h,0,0
1781594105,kube-system,traefik-9bcdbbd9-qtpjt,2,39
1781594107,gsm-1,msc-test-stub-5b875d749d-dp87n,1,16
1781594107,gsm-1,osmo-bsc-594654bd47-j9mdh,1,5
1781594107,gsm-1,osmo-bts-virtual-5f8b9b86fc-szfjb,20,5
1781594107,gsm-1,osmo-hlr-546bdb8988-d4r6r,1,2
1781594107,gsm-1,osmo-mgw-8c8fc67d6-txwl8,1,2
1781594107,gsm-1,osmo-mobile-947867b85-d9gvn,2,36
1781594107,gsm-1,osmo-stp-768687f494-mgj9x,1,2
1781594107,gsm-1,ttcn3-tc-26-6-1-1-1-rx2fd,1,6
1781594107,gsm-1,virtphy-858665df6d-4fmrz,7,1
1781594107,gsm-8,msc-test-stub-5b875d749d-qjjvd,1,17
1781594107,gsm-8,osmo-bsc-594654bd47-gl8n5,1,5
1781594107,gsm-8,osmo-bts-virtual-5f8b9b86fc-2jhn7,19,5
1781594107,gsm-8,osmo-hlr-546bdb8988-728qc,1,7
1781594107,gsm-8,osmo-mgw-8c8fc67d6-2zf7g,1,5
1781594107,gsm-8,osmo-mobile-7f88cc47b4-fl965,3,43
1781594107,gsm-8,osmo-stp-768687f494-j95b9,1,2
1781594107,gsm-8,ttcn3-tc-34-2-2-1-prvgs,1,18
1781594107,gsm-8,virtphy-86b4bdf559-sq5gd,7,2
1781594107,kube-system,coredns-c4dbffb5f-p9rsr,2,27
1781594107,kube-system,local-path-provisioner-5c4dc5d66d-nfqxz,1,17
1781594107,kube-system,metrics-server-786d997795-hcp2m,7,44
1781594107,kube-system,svclb-traefik-1100f998-kpm9h,0,0
1781594107,kube-system,traefik-9bcdbbd9-qtpjt,2,39
1781594109,gsm-1,msc-test-stub-5b875d749d-dp87n,1,16
1781594109,gsm-1,osmo-bsc-594654bd47-j9mdh,1,5
1781594109,gsm-1,osmo-bts-virtual-5f8b9b86fc-szfjb,20,5
1781594109,gsm-1,osmo-hlr-546bdb8988-d4r6r,1,2
1781594109,gsm-1,osmo-mgw-8c8fc67d6-txwl8,1,2
1781594109,gsm-1,osmo-mobile-947867b85-d9gvn,2,36
1781594109,gsm-1,osmo-stp-768687f494-mgj9x,1,2
1781594109,gsm-1,ttcn3-tc-26-6-1-1-1-rx2fd,1,6
1781594109,gsm-1,virtphy-858665df6d-4fmrz,7,1
1781594109,gsm-8,msc-test-stub-5b875d749d-qjjvd,1,17
1781594109,gsm-8,osmo-bsc-594654bd47-gl8n5,1,5
1781594109,gsm-8,osmo-bts-virtual-5f8b9b86fc-2jhn7,19,5
1781594109,gsm-8,osmo-hlr-546bdb8988-728qc,1,7
1781594109,gsm-8,osmo-mgw-8c8fc67d6-2zf7g,1,5
1781594109,gsm-8,osmo-mobile-7f88cc47b4-fl965,3,43
1781594109,gsm-8,osmo-stp-768687f494-j95b9,1,2
1781594109,gsm-8,ttcn3-tc-34-2-2-1-prvgs,1,18
1781594109,gsm-8,virtphy-86b4bdf559-sq5gd,7,2
1781594109,kube-system,coredns-c4dbffb5f-p9rsr,2,27
1781594109,kube-system,local-path-provisioner-5c4dc5d66d-nfqxz,1,17
1781594109,kube-system,metrics-server-786d997795-hcp2m,7,44
1781594109,kube-system,svclb-traefik-1100f998-kpm9h,0,0
1781594109,kube-system,traefik-9bcdbbd9-qtpjt,2,39
1781594112,gsm-1,msc-test-stub-5b875d749d-dp87n,1,16
1781594112,gsm-1,osmo-bsc-594654bd47-j9mdh,1,5
1781594112,gsm-1,osmo-bts-virtual-5f8b9b86fc-szfjb,20,5
1781594112,gsm-1,osmo-hlr-546bdb8988-d4r6r,1,2
1781594112,gsm-1,osmo-mgw-8c8fc67d6-txwl8,1,2
1781594112,gsm-1,osmo-mobile-947867b85-d9gvn,2,36
1781594112,gsm-1,osmo-stp-768687f494-mgj9x,1,2
1781594112,gsm-1,ttcn3-tc-26-6-1-1-1-rx2fd,1,6
1781594112,gsm-1,virtphy-858665df6d-4fmrz,7,1
1781594112,gsm-8,msc-test-stub-5b875d749d-qjjvd,1,17
1781594112,gsm-8,osmo-bsc-594654bd47-gl8n5,1,5
1781594112,gsm-8,osmo-bts-virtual-5f8b9b86fc-2jhn7,19,5
1781594112,gsm-8,osmo-hlr-546bdb8988-728qc,1,7
1781594112,gsm-8,osmo-mgw-8c8fc67d6-2zf7g,1,5
1781594112,gsm-8,osmo-mobile-7f88cc47b4-fl965,3,43
1781594112,gsm-8,osmo-stp-768687f494-j95b9,1,2
1781594112,gsm-8,ttcn3-tc-34-2-2-1-prvgs,1,18
1781594112,gsm-8,virtphy-86b4bdf559-sq5gd,7,2
1781594112,kube-system,coredns-c4dbffb5f-p9rsr,2,27
1781594112,kube-system,local-path-provisioner-5c4dc5d66d-nfqxz,1,17
1781594112,kube-system,metrics-server-786d997795-hcp2m,7,44
1781594112,kube-system,svclb-traefik-1100f998-kpm9h,0,0
1781594112,kube-system,traefik-9bcdbbd9-qtpjt,2,39
1781594114,gsm-1,msc-test-stub-5b875d749d-dp87n,1,16
1781594114,gsm-1,osmo-bsc-594654bd47-j9mdh,1,5
1781594114,gsm-1,osmo-bts-virtual-5f8b9b86fc-szfjb,21,5
1781594114,gsm-1,osmo-hlr-546bdb8988-d4r6r,1,2
1781594114,gsm-1,osmo-mgw-8c8fc67d6-txwl8,1,2
1781594114,gsm-1,osmo-mobile-947867b85-d9gvn,3,36
1781594114,gsm-1,osmo-stp-768687f494-mgj9x,1,2
1781594114,gsm-1,ttcn3-tc-26-6-1-1-1-rx2fd,2,6
1781594114,gsm-1,virtphy-858665df6d-4fmrz,6,1
1781594114,gsm-8,msc-test-stub-5b875d749d-qjjvd,2,17
1781594114,gsm-8,osmo-bsc-594654bd47-gl8n5,2,6
1781594114,gsm-8,osmo-bts-virtual-5f8b9b86fc-2jhn7,21,5
1781594114,gsm-8,osmo-hlr-546bdb8988-728qc,1,7
1781594114,gsm-8,osmo-mgw-8c8fc67d6-2zf7g,1,5
1781594114,gsm-8,osmo-mobile-7f88cc47b4-fl965,3,43
1781594114,gsm-8,osmo-stp-768687f494-j95b9,1,2
1781594114,gsm-8,ttcn3-tc-34-2-2-1-prvgs,1,18
1781594114,gsm-8,virtphy-86b4bdf559-sq5gd,6,2
1781594114,kube-system,coredns-c4dbffb5f-p9rsr,2,27
1781594114,kube-system,local-path-provisioner-5c4dc5d66d-nfqxz,1,17
1781594114,kube-system,metrics-server-786d997795-hcp2m,12,44
1781594114,kube-system,svclb-traefik-1100f998-kpm9h,0,0
1781594114,kube-system,traefik-9bcdbbd9-qtpjt,1,39
1781594116,gsm-1,msc-test-stub-5b875d749d-dp87n,1,16
1781594116,gsm-1,osmo-bsc-594654bd47-j9mdh,1,5
1781594116,gsm-1,osmo-bts-virtual-5f8b9b86fc-szfjb,21,5
1781594116,gsm-1,osmo-hlr-546bdb8988-d4r6r,1,2
1781594116,gsm-1,osmo-mgw-8c8fc67d6-txwl8,1,2
1781594116,gsm-1,osmo-mobile-947867b85-d9gvn,3,36
1781594116,gsm-1,osmo-stp-768687f494-mgj9x,1,2
1781594116,gsm-1,ttcn3-tc-26-6-1-1-1-rx2fd,2,6
1781594116,gsm-1,virtphy-858665df6d-4fmrz,6,1
1781594116,gsm-8,msc-test-stub-5b875d749d-qjjvd,2,17
1781594116,gsm-8,osmo-bsc-594654bd47-gl8n5,2,6
1781594116,gsm-8,osmo-bts-virtual-5f8b9b86fc-2jhn7,21,5
1781594116,gsm-8,osmo-hlr-546bdb8988-728qc,1,7
1781594116,gsm-8,osmo-mgw-8c8fc67d6-2zf7g,1,5
1781594116,gsm-8,osmo-mobile-7f88cc47b4-fl965,3,43
1781594116,gsm-8,osmo-stp-768687f494-j95b9,1,2
1781594116,gsm-8,ttcn3-tc-34-2-2-1-prvgs,1,18
1781594116,gsm-8,virtphy-86b4bdf559-sq5gd,6,2
1781594116,kube-system,coredns-c4dbffb5f-p9rsr,2,27
1781594116,kube-system,local-path-provisioner-5c4dc5d66d-nfqxz,1,17
1781594116,kube-system,metrics-server-786d997795-hcp2m,12,44
1781594116,kube-system,svclb-traefik-1100f998-kpm9h,0,0
1781594116,kube-system,traefik-9bcdbbd9-qtpjt,1,39
1781594118,gsm-1,msc-test-stub-5b875d749d-dp87n,1,16
1781594118,gsm-1,osmo-bsc-594654bd47-j9mdh,1,5
1781594118,gsm-1,osmo-bts-virtual-5f8b9b86fc-szfjb,21,5
1781594118,gsm-1,osmo-hlr-546bdb8988-d4r6r,1,2
1781594118,gsm-1,osmo-mgw-8c8fc67d6-txwl8,1,2
1781594118,gsm-1,osmo-mobile-947867b85-d9gvn,3,36
1781594118,gsm-1,osmo-stp-768687f494-mgj9x,1,2
1781594118,gsm-1,ttcn3-tc-26-6-1-1-1-rx2fd,2,6
1781594118,gsm-1,virtphy-858665df6d-4fmrz,6,1
1781594118,gsm-8,msc-test-stub-5b875d749d-qjjvd,2,17
1781594118,gsm-8,osmo-bsc-594654bd47-gl8n5,2,6
1781594118,gsm-8,osmo-bts-virtual-5f8b9b86fc-2jhn7,21,5
1781594118,gsm-8,osmo-hlr-546bdb8988-728qc,1,7
1781594118,gsm-8,osmo-mgw-8c8fc67d6-2zf7g,1,5
1781594118,gsm-8,osmo-mobile-7f88cc47b4-fl965,3,43
1781594118,gsm-8,osmo-stp-768687f494-j95b9,1,2
1781594118,gsm-8,ttcn3-tc-34-2-2-1-prvgs,1,18
1781594118,gsm-8,virtphy-86b4bdf559-sq5gd,6,2
1781594118,kube-system,coredns-c4dbffb5f-p9rsr,2,27
1781594118,kube-system,local-path-provisioner-5c4dc5d66d-nfqxz,1,17
1781594118,kube-system,metrics-server-786d997795-hcp2m,12,44
1781594118,kube-system,svclb-traefik-1100f998-kpm9h,0,0
1781594118,kube-system,traefik-9bcdbbd9-qtpjt,1,39
1781594120,gsm-1,msc-test-stub-5b875d749d-dp87n,1,16
1781594120,gsm-1,osmo-bsc-594654bd47-j9mdh,1,5
1781594120,gsm-1,osmo-bts-virtual-5f8b9b86fc-szfjb,21,5
1781594120,gsm-1,osmo-hlr-546bdb8988-d4r6r,1,2
1781594120,gsm-1,osmo-mgw-8c8fc67d6-txwl8,1,2
1781594120,gsm-1,osmo-mobile-947867b85-d9gvn,3,36
1781594120,gsm-1,osmo-stp-768687f494-mgj9x,1,2
1781594120,gsm-1,ttcn3-tc-26-6-1-1-1-rx2fd,2,6
1781594120,gsm-1,virtphy-858665df6d-4fmrz,6,1
1781594120,gsm-8,msc-test-stub-5b875d749d-qjjvd,2,17
1781594120,gsm-8,osmo-bsc-594654bd47-gl8n5,2,6
1781594120,gsm-8,osmo-bts-virtual-5f8b9b86fc-2jhn7,21,5
1781594120,gsm-8,osmo-hlr-546bdb8988-728qc,1,7
1781594120,gsm-8,osmo-mgw-8c8fc67d6-2zf7g,1,5
1781594120,gsm-8,osmo-mobile-7f88cc47b4-fl965,3,43
1781594120,gsm-8,osmo-stp-768687f494-j95b9,1,2
1781594120,gsm-8,ttcn3-tc-34-2-2-1-prvgs,1,18
1781594120,gsm-8,virtphy-86b4bdf559-sq5gd,6,2
1781594120,kube-system,coredns-c4dbffb5f-p9rsr,2,27
1781594120,kube-system,local-path-provisioner-5c4dc5d66d-nfqxz,1,17
1781594120,kube-system,metrics-server-786d997795-hcp2m,12,44
1781594120,kube-system,svclb-traefik-1100f998-kpm9h,0,0
1781594120,kube-system,traefik-9bcdbbd9-qtpjt,1,39
1781594122,gsm-1,msc-test-stub-5b875d749d-dp87n,1,16
1781594122,gsm-1,osmo-bsc-594654bd47-j9mdh,1,5
1781594122,gsm-1,osmo-bts-virtual-5f8b9b86fc-szfjb,21,5
1781594122,gsm-1,osmo-hlr-546bdb8988-d4r6r,1,2
1781594122,gsm-1,osmo-mgw-8c8fc67d6-txwl8,1,2
1781594122,gsm-1,osmo-mobile-947867b85-d9gvn,3,36
1781594122,gsm-1,osmo-stp-768687f494-mgj9x,1,2
1781594122,gsm-1,ttcn3-tc-26-6-1-1-1-rx2fd,2,6
1781594122,gsm-1,virtphy-858665df6d-4fmrz,6,1
1781594122,gsm-8,msc-test-stub-5b875d749d-qjjvd,2,17
1781594122,gsm-8,osmo-bsc-594654bd47-gl8n5,2,6
1781594122,gsm-8,osmo-bts-virtual-5f8b9b86fc-2jhn7,21,5
1781594122,gsm-8,osmo-hlr-546bdb8988-728qc,1,7
1781594122,gsm-8,osmo-mgw-8c8fc67d6-2zf7g,1,5
1781594122,gsm-8,osmo-mobile-7f88cc47b4-fl965,3,43
1781594122,gsm-8,osmo-stp-768687f494-j95b9,1,2
1781594122,gsm-8,ttcn3-tc-34-2-2-1-prvgs,1,18
1781594122,gsm-8,virtphy-86b4bdf559-sq5gd,6,2
1781594122,kube-system,coredns-c4dbffb5f-p9rsr,2,27
1781594122,kube-system,local-path-provisioner-5c4dc5d66d-nfqxz,1,17
1781594122,kube-system,metrics-server-786d997795-hcp2m,12,44
1781594122,kube-system,svclb-traefik-1100f998-kpm9h,0,0
1781594122,kube-system,traefik-9bcdbbd9-qtpjt,1,39
1781594124,gsm-1,msc-test-stub-5b875d749d-dp87n,1,16
1781594124,gsm-1,osmo-bsc-594654bd47-j9mdh,1,5
1781594124,gsm-1,osmo-bts-virtual-5f8b9b86fc-szfjb,21,5
1781594124,gsm-1,osmo-hlr-546bdb8988-d4r6r,1,2
1781594124,gsm-1,osmo-mgw-8c8fc67d6-txwl8,1,2
1781594124,gsm-1,osmo-mobile-947867b85-d9gvn,3,36
1781594124,gsm-1,osmo-stp-768687f494-mgj9x,1,2
1781594124,gsm-1,ttcn3-tc-26-6-1-1-1-rx2fd,2,6
1781594124,gsm-1,virtphy-858665df6d-4fmrz,6,1
1781594124,gsm-8,msc-test-stub-5b875d749d-qjjvd,2,17
1781594124,gsm-8,osmo-bsc-594654bd47-gl8n5,2,6
1781594124,gsm-8,osmo-bts-virtual-5f8b9b86fc-2jhn7,21,5
1781594124,gsm-8,osmo-hlr-546bdb8988-728qc,1,7
1781594124,gsm-8,osmo-mgw-8c8fc67d6-2zf7g,1,5
1781594124,gsm-8,osmo-mobile-7f88cc47b4-fl965,3,43
1781594124,gsm-8,osmo-stp-768687f494-j95b9,1,2
1781594124,gsm-8,ttcn3-tc-34-2-2-1-prvgs,1,18
1781594124,gsm-8,virtphy-86b4bdf559-sq5gd,6,2
1781594124,kube-system,coredns-c4dbffb5f-p9rsr,2,27
1781594124,kube-system,local-path-provisioner-5c4dc5d66d-nfqxz,1,17
1781594124,kube-system,metrics-server-786d997795-hcp2m,12,44
1781594124,kube-system,svclb-traefik-1100f998-kpm9h,0,0
1781594124,kube-system,traefik-9bcdbbd9-qtpjt,1,39
1781594127,gsm-1,msc-test-stub-5b875d749d-dp87n,1,16
1781594127,gsm-1,osmo-bsc-594654bd47-j9mdh,1,5
1781594127,gsm-1,osmo-bts-virtual-5f8b9b86fc-szfjb,21,5
1781594127,gsm-1,osmo-hlr-546bdb8988-d4r6r,1,2
1781594127,gsm-1,osmo-mgw-8c8fc67d6-txwl8,1,2
1781594127,gsm-1,osmo-mobile-947867b85-d9gvn,3,36
1781594127,gsm-1,osmo-stp-768687f494-mgj9x,1,2
1781594127,gsm-1,ttcn3-tc-26-6-1-1-1-rx2fd,2,6
1781594127,gsm-1,virtphy-858665df6d-4fmrz,6,1
1781594127,gsm-8,msc-test-stub-5b875d749d-qjjvd,2,17
1781594127,gsm-8,osmo-bsc-594654bd47-gl8n5,2,6
1781594127,gsm-8,osmo-bts-virtual-5f8b9b86fc-2jhn7,21,5
1781594127,gsm-8,osmo-hlr-546bdb8988-728qc,1,7
1781594127,gsm-8,osmo-mgw-8c8fc67d6-2zf7g,1,5
1781594127,gsm-8,osmo-mobile-7f88cc47b4-fl965,3,43
1781594127,gsm-8,osmo-stp-768687f494-j95b9,1,2
1781594127,gsm-8,ttcn3-tc-34-2-2-1-prvgs,1,18
1781594127,gsm-8,virtphy-86b4bdf559-sq5gd,6,2
1781594127,kube-system,coredns-c4dbffb5f-p9rsr,2,27
1781594127,kube-system,local-path-provisioner-5c4dc5d66d-nfqxz,1,17
1781594127,kube-system,metrics-server-786d997795-hcp2m,12,44
1781594127,kube-system,svclb-traefik-1100f998-kpm9h,0,0
1781594127,kube-system,traefik-9bcdbbd9-qtpjt,1,39
1781594129,gsm-1,msc-test-stub-5b875d749d-dp87n,1,16
1781594129,gsm-1,osmo-bsc-594654bd47-j9mdh,1,5
1781594129,gsm-1,osmo-bts-virtual-5f8b9b86fc-szfjb,18,5
1781594129,gsm-1,osmo-hlr-546bdb8988-d4r6r,1,2
1781594129,gsm-1,osmo-mgw-8c8fc67d6-txwl8,1,2
1781594129,gsm-1,osmo-mobile-947867b85-d9gvn,3,36
1781594129,gsm-1,osmo-stp-768687f494-mgj9x,1,2
1781594129,gsm-1,ttcn3-tc-26-6-1-1-1-rx2fd,1,6
1781594129,gsm-1,virtphy-858665df6d-4fmrz,6,1
1781594129,gsm-8,msc-test-stub-5b875d749d-qjjvd,1,17
1781594129,gsm-8,osmo-bsc-594654bd47-gl8n5,1,6
1781594129,gsm-8,osmo-bts-virtual-5f8b9b86fc-2jhn7,19,5
1781594129,gsm-8,osmo-hlr-546bdb8988-728qc,1,7
1781594129,gsm-8,osmo-mgw-8c8fc67d6-2zf7g,1,5
1781594129,gsm-8,osmo-mobile-7f88cc47b4-fl965,3,43
1781594129,gsm-8,osmo-stp-768687f494-j95b9,1,2
1781594129,gsm-8,ttcn3-tc-34-2-2-1-prvgs,1,18
1781594129,gsm-8,virtphy-86b4bdf559-sq5gd,7,2
1781594129,kube-system,coredns-c4dbffb5f-p9rsr,3,27
1781594129,kube-system,local-path-provisioner-5c4dc5d66d-nfqxz,1,17
1781594129,kube-system,metrics-server-786d997795-hcp2m,9,44
1781594129,kube-system,svclb-traefik-1100f998-kpm9h,0,0
1781594129,kube-system,traefik-9bcdbbd9-qtpjt,1,39
1781594131,gsm-1,msc-test-stub-5b875d749d-dp87n,1,16
1781594131,gsm-1,osmo-bsc-594654bd47-j9mdh,1,5
1781594131,gsm-1,osmo-bts-virtual-5f8b9b86fc-szfjb,18,5
1781594131,gsm-1,osmo-hlr-546bdb8988-d4r6r,1,2
1781594131,gsm-1,osmo-mgw-8c8fc67d6-txwl8,1,2
1781594131,gsm-1,osmo-mobile-947867b85-d9gvn,3,36
1781594131,gsm-1,osmo-stp-768687f494-mgj9x,1,2
1781594131,gsm-1,ttcn3-tc-26-6-1-1-1-rx2fd,1,6
1781594131,gsm-1,virtphy-858665df6d-4fmrz,6,1
1781594131,gsm-8,msc-test-stub-5b875d749d-qjjvd,1,17
1781594131,gsm-8,osmo-bsc-594654bd47-gl8n5,1,6
1781594131,gsm-8,osmo-bts-virtual-5f8b9b86fc-2jhn7,19,5
1781594131,gsm-8,osmo-hlr-546bdb8988-728qc,1,7
1781594131,gsm-8,osmo-mgw-8c8fc67d6-2zf7g,1,5
1781594131,gsm-8,osmo-mobile-7f88cc47b4-fl965,3,43
1781594131,gsm-8,osmo-stp-768687f494-j95b9,1,2
1781594131,gsm-8,ttcn3-tc-34-2-2-1-prvgs,1,18
1781594131,gsm-8,virtphy-86b4bdf559-sq5gd,7,2
1781594131,kube-system,coredns-c4dbffb5f-p9rsr,3,27
1781594131,kube-system,local-path-provisioner-5c4dc5d66d-nfqxz,1,17
1781594131,kube-system,metrics-server-786d997795-hcp2m,9,44
1781594131,kube-system,svclb-traefik-1100f998-kpm9h,0,0
1781594131,kube-system,traefik-9bcdbbd9-qtpjt,1,39
1781594133,gsm-1,msc-test-stub-5b875d749d-dp87n,1,16
1781594133,gsm-1,osmo-bsc-594654bd47-j9mdh,1,5
1781594133,gsm-1,osmo-bts-virtual-5f8b9b86fc-szfjb,18,5
1781594133,gsm-1,osmo-hlr-546bdb8988-d4r6r,1,2
1781594133,gsm-1,osmo-mgw-8c8fc67d6-txwl8,1,2
1781594133,gsm-1,osmo-mobile-947867b85-d9gvn,3,36
1781594133,gsm-1,osmo-stp-768687f494-mgj9x,1,2
1781594133,gsm-1,ttcn3-tc-26-6-1-1-1-rx2fd,1,6
1781594133,gsm-1,virtphy-858665df6d-4fmrz,6,1
1781594133,gsm-8,msc-test-stub-5b875d749d-qjjvd,1,17
1781594133,gsm-8,osmo-bsc-594654bd47-gl8n5,1,6
1781594133,gsm-8,osmo-bts-virtual-5f8b9b86fc-2jhn7,19,5
1781594133,gsm-8,osmo-hlr-546bdb8988-728qc,1,7
1781594133,gsm-8,osmo-mgw-8c8fc67d6-2zf7g,1,5
1781594133,gsm-8,osmo-mobile-7f88cc47b4-fl965,3,43
1781594133,gsm-8,osmo-stp-768687f494-j95b9,1,2
1781594133,gsm-8,ttcn3-tc-34-2-2-1-prvgs,1,18
1781594133,gsm-8,virtphy-86b4bdf559-sq5gd,7,2
1781594133,kube-system,coredns-c4dbffb5f-p9rsr,3,27
1781594133,kube-system,local-path-provisioner-5c4dc5d66d-nfqxz,1,17
1781594133,kube-system,metrics-server-786d997795-hcp2m,9,44
1781594133,kube-system,svclb-traefik-1100f998-kpm9h,0,0
1781594133,kube-system,traefik-9bcdbbd9-qtpjt,1,39
1781594135,gsm-1,msc-test-stub-5b875d749d-dp87n,1,16
1781594135,gsm-1,osmo-bsc-594654bd47-j9mdh,1,5
1781594135,gsm-1,osmo-bts-virtual-5f8b9b86fc-szfjb,18,5
1781594135,gsm-1,osmo-hlr-546bdb8988-d4r6r,1,2
1781594135,gsm-1,osmo-mgw-8c8fc67d6-txwl8,1,2
1781594135,gsm-1,osmo-mobile-947867b85-d9gvn,3,36
1781594135,gsm-1,osmo-stp-768687f494-mgj9x,1,2
1781594135,gsm-1,ttcn3-tc-26-6-1-1-1-rx2fd,1,6
1781594135,gsm-1,virtphy-858665df6d-4fmrz,6,1
1781594135,gsm-8,msc-test-stub-5b875d749d-qjjvd,1,17
1781594135,gsm-8,osmo-bsc-594654bd47-gl8n5,1,6
1781594135,gsm-8,osmo-bts-virtual-5f8b9b86fc-2jhn7,19,5
1781594135,gsm-8,osmo-hlr-546bdb8988-728qc,1,7
1781594135,gsm-8,osmo-mgw-8c8fc67d6-2zf7g,1,5
1781594135,gsm-8,osmo-mobile-7f88cc47b4-fl965,3,43
1781594135,gsm-8,osmo-stp-768687f494-j95b9,1,2
1781594135,gsm-8,ttcn3-tc-34-2-2-1-prvgs,1,18
1781594135,gsm-8,virtphy-86b4bdf559-sq5gd,7,2
1781594135,kube-system,coredns-c4dbffb5f-p9rsr,3,27
1781594135,kube-system,local-path-provisioner-5c4dc5d66d-nfqxz,1,17
1781594135,kube-system,metrics-server-786d997795-hcp2m,9,44
1781594135,kube-system,svclb-traefik-1100f998-kpm9h,0,0
1781594135,kube-system,traefik-9bcdbbd9-qtpjt,1,39
1781594137,gsm-1,msc-test-stub-5b875d749d-dp87n,1,16
1781594137,gsm-1,osmo-bsc-594654bd47-j9mdh,1,5
1781594137,gsm-1,osmo-bts-virtual-5f8b9b86fc-szfjb,18,5
1781594137,gsm-1,osmo-hlr-546bdb8988-d4r6r,1,2
1781594137,gsm-1,osmo-mgw-8c8fc67d6-txwl8,1,2
1781594137,gsm-1,osmo-mobile-947867b85-d9gvn,3,36
1781594137,gsm-1,osmo-stp-768687f494-mgj9x,1,2
1781594137,gsm-1,ttcn3-tc-26-6-1-1-1-rx2fd,1,6
1781594137,gsm-1,virtphy-858665df6d-4fmrz,6,1
1781594137,gsm-8,msc-test-stub-5b875d749d-qjjvd,1,17
1781594137,gsm-8,osmo-bsc-594654bd47-gl8n5,1,6
1781594137,gsm-8,osmo-bts-virtual-5f8b9b86fc-2jhn7,19,5
1781594137,gsm-8,osmo-hlr-546bdb8988-728qc,1,7
1781594137,gsm-8,osmo-mgw-8c8fc67d6-2zf7g,1,5
1781594137,gsm-8,osmo-mobile-7f88cc47b4-fl965,3,43
1781594137,gsm-8,osmo-stp-768687f494-j95b9,1,2
1781594137,gsm-8,ttcn3-tc-34-2-2-1-prvgs,1,18
1781594137,gsm-8,virtphy-86b4bdf559-sq5gd,7,2
1781594137,kube-system,coredns-c4dbffb5f-p9rsr,3,27
1781594137,kube-system,local-path-provisioner-5c4dc5d66d-nfqxz,1,17
1781594137,kube-system,metrics-server-786d997795-hcp2m,9,44
1781594137,kube-system,svclb-traefik-1100f998-kpm9h,0,0
1781594137,kube-system,traefik-9bcdbbd9-qtpjt,1,39
1781594139,gsm-1,msc-test-stub-5b875d749d-dp87n,1,16
1781594139,gsm-1,osmo-bsc-594654bd47-j9mdh,1,5
1781594139,gsm-1,osmo-bts-virtual-5f8b9b86fc-szfjb,18,5
1781594139,gsm-1,osmo-hlr-546bdb8988-d4r6r,1,2
1781594139,gsm-1,osmo-mgw-8c8fc67d6-txwl8,1,2
1781594139,gsm-1,osmo-mobile-947867b85-d9gvn,3,36
1781594139,gsm-1,osmo-stp-768687f494-mgj9x,1,2
1781594139,gsm-1,ttcn3-tc-26-6-1-1-1-rx2fd,1,6
1781594139,gsm-1,virtphy-858665df6d-4fmrz,6,1
1781594139,gsm-8,msc-test-stub-5b875d749d-qjjvd,1,17
1781594139,gsm-8,osmo-bsc-594654bd47-gl8n5,1,6
1781594139,gsm-8,osmo-bts-virtual-5f8b9b86fc-2jhn7,19,5
1781594139,gsm-8,osmo-hlr-546bdb8988-728qc,1,7
1781594139,gsm-8,osmo-mgw-8c8fc67d6-2zf7g,1,5
1781594139,gsm-8,osmo-mobile-7f88cc47b4-fl965,3,43
1781594139,gsm-8,osmo-stp-768687f494-j95b9,1,2
1781594139,gsm-8,ttcn3-tc-34-2-2-1-prvgs,1,18
1781594139,gsm-8,virtphy-86b4bdf559-sq5gd,7,2
1781594139,kube-system,coredns-c4dbffb5f-p9rsr,3,27
1781594139,kube-system,local-path-provisioner-5c4dc5d66d-nfqxz,1,17
1781594139,kube-system,metrics-server-786d997795-hcp2m,9,44
1781594139,kube-system,svclb-traefik-1100f998-kpm9h,0,0
1781594139,kube-system,traefik-9bcdbbd9-qtpjt,1,39
1781594141,gsm-1,msc-test-stub-5b875d749d-dp87n,1,16
1781594141,gsm-1,osmo-bsc-594654bd47-j9mdh,1,5
1781594141,gsm-1,osmo-bts-virtual-5f8b9b86fc-szfjb,18,5
1781594141,gsm-1,osmo-hlr-546bdb8988-d4r6r,1,2
1781594141,gsm-1,osmo-mgw-8c8fc67d6-txwl8,1,2
1781594141,gsm-1,osmo-mobile-947867b85-d9gvn,3,36
1781594141,gsm-1,osmo-stp-768687f494-mgj9x,1,2
1781594141,gsm-1,ttcn3-tc-26-6-1-1-1-rx2fd,1,6
1781594141,gsm-1,virtphy-858665df6d-4fmrz,6,1
1781594141,gsm-8,msc-test-stub-5b875d749d-qjjvd,1,17
1781594141,gsm-8,osmo-bsc-594654bd47-gl8n5,1,6
1781594141,gsm-8,osmo-bts-virtual-5f8b9b86fc-2jhn7,19,5
1781594141,gsm-8,osmo-hlr-546bdb8988-728qc,1,7
1781594141,gsm-8,osmo-mgw-8c8fc67d6-2zf7g,1,5
1781594141,gsm-8,osmo-mobile-7f88cc47b4-fl965,3,43
1781594141,gsm-8,osmo-stp-768687f494-j95b9,1,2
1781594141,gsm-8,ttcn3-tc-34-2-2-1-prvgs,1,18
1781594141,gsm-8,virtphy-86b4bdf559-sq5gd,7,2
1781594141,kube-system,coredns-c4dbffb5f-p9rsr,3,27
1781594141,kube-system,local-path-provisioner-5c4dc5d66d-nfqxz,1,17
1781594141,kube-system,metrics-server-786d997795-hcp2m,9,44
1781594141,kube-system,svclb-traefik-1100f998-kpm9h,0,0
1781594141,kube-system,traefik-9bcdbbd9-qtpjt,1,39
1781594143,gsm-1,msc-test-stub-5b875d749d-dp87n,1,16
1781594143,gsm-1,osmo-bsc-594654bd47-j9mdh,1,5
1781594143,gsm-1,osmo-bts-virtual-5f8b9b86fc-szfjb,18,5
1781594143,gsm-1,osmo-hlr-546bdb8988-d4r6r,1,2
1781594143,gsm-1,osmo-mgw-8c8fc67d6-txwl8,1,2
1781594143,gsm-1,osmo-mobile-947867b85-d9gvn,3,36
1781594143,gsm-1,osmo-stp-768687f494-mgj9x,1,2
1781594143,gsm-1,ttcn3-tc-26-6-1-1-1-rx2fd,1,6
1781594143,gsm-1,virtphy-858665df6d-4fmrz,7,1
1781594143,gsm-8,msc-test-stub-5b875d749d-qjjvd,1,17
1781594143,gsm-8,osmo-bsc-594654bd47-gl8n5,1,6
1781594143,gsm-8,osmo-bts-virtual-5f8b9b86fc-2jhn7,19,5
1781594143,gsm-8,osmo-hlr-546bdb8988-728qc,1,7
1781594143,gsm-8,osmo-mgw-8c8fc67d6-2zf7g,1,5
1781594143,gsm-8,osmo-mobile-7f88cc47b4-fl965,3,43
1781594143,gsm-8,osmo-stp-768687f494-j95b9,1,2
1781594143,gsm-8,ttcn3-tc-34-2-2-1-prvgs,1,18
1781594143,gsm-8,virtphy-86b4bdf559-sq5gd,7,2
1781594143,kube-system,coredns-c4dbffb5f-p9rsr,3,27
1781594143,kube-system,local-path-provisioner-5c4dc5d66d-nfqxz,1,17
1781594143,kube-system,metrics-server-786d997795-hcp2m,12,44
1781594143,kube-system,svclb-traefik-1100f998-kpm9h,0,0
1781594143,kube-system,traefik-9bcdbbd9-qtpjt,1,39
1781594145,gsm-1,msc-test-stub-5b875d749d-dp87n,1,16
1781594145,gsm-1,osmo-bsc-594654bd47-j9mdh,1,5
1781594145,gsm-1,osmo-bts-virtual-5f8b9b86fc-szfjb,18,5
1781594145,gsm-1,osmo-hlr-546bdb8988-d4r6r,1,2
1781594145,gsm-1,osmo-mgw-8c8fc67d6-txwl8,1,2
1781594145,gsm-1,osmo-mobile-947867b85-d9gvn,3,36
1781594145,gsm-1,osmo-stp-768687f494-mgj9x,1,2
1781594145,gsm-1,ttcn3-tc-26-6-1-1-1-rx2fd,1,6
1781594145,gsm-1,virtphy-858665df6d-4fmrz,7,1
1781594145,gsm-8,msc-test-stub-5b875d749d-qjjvd,1,17
1781594145,gsm-8,osmo-bsc-594654bd47-gl8n5,1,6
1781594145,gsm-8,osmo-bts-virtual-5f8b9b86fc-2jhn7,19,5
1781594145,gsm-8,osmo-hlr-546bdb8988-728qc,1,7
1781594145,gsm-8,osmo-mgw-8c8fc67d6-2zf7g,1,5
1781594145,gsm-8,osmo-mobile-7f88cc47b4-fl965,3,43
1781594145,gsm-8,osmo-stp-768687f494-j95b9,1,2
1781594145,gsm-8,ttcn3-tc-34-2-2-1-prvgs,1,18
1781594145,gsm-8,virtphy-86b4bdf559-sq5gd,7,2
1781594145,kube-system,coredns-c4dbffb5f-p9rsr,3,27
1781594145,kube-system,local-path-provisioner-5c4dc5d66d-nfqxz,1,17
1781594145,kube-system,metrics-server-786d997795-hcp2m,12,44
1781594145,kube-system,svclb-traefik-1100f998-kpm9h,0,0
1781594145,kube-system,traefik-9bcdbbd9-qtpjt,1,39
1781594147,gsm-1,msc-test-stub-5b875d749d-dp87n,1,16
1781594147,gsm-1,osmo-bsc-594654bd47-j9mdh,1,5
1781594147,gsm-1,osmo-bts-virtual-5f8b9b86fc-szfjb,18,5
1781594147,gsm-1,osmo-hlr-546bdb8988-d4r6r,1,2
1781594147,gsm-1,osmo-mgw-8c8fc67d6-txwl8,1,2
1781594147,gsm-1,osmo-mobile-947867b85-d9gvn,3,36
1781594147,gsm-1,osmo-stp-768687f494-mgj9x,1,2
1781594147,gsm-1,ttcn3-tc-26-6-1-1-1-rx2fd,1,6
1781594147,gsm-1,virtphy-858665df6d-4fmrz,7,1
1781594147,gsm-8,msc-test-stub-5b875d749d-qjjvd,1,17
1781594147,gsm-8,osmo-bsc-594654bd47-gl8n5,1,6
1781594147,gsm-8,osmo-bts-virtual-5f8b9b86fc-2jhn7,19,5
1781594147,gsm-8,osmo-hlr-546bdb8988-728qc,1,7
1781594147,gsm-8,osmo-mgw-8c8fc67d6-2zf7g,1,5
1781594147,gsm-8,osmo-mobile-7f88cc47b4-fl965,3,43
1781594147,gsm-8,osmo-stp-768687f494-j95b9,1,2
1781594147,gsm-8,ttcn3-tc-34-2-2-1-prvgs,1,18
1781594147,gsm-8,virtphy-86b4bdf559-sq5gd,7,2
1781594147,kube-system,coredns-c4dbffb5f-p9rsr,3,27
1781594147,kube-system,local-path-provisioner-5c4dc5d66d-nfqxz,1,17
1781594147,kube-system,metrics-server-786d997795-hcp2m,12,44
1781594147,kube-system,svclb-traefik-1100f998-kpm9h,0,0
1781594147,kube-system,traefik-9bcdbbd9-qtpjt,1,39
1781594149,gsm-1,msc-test-stub-5b875d749d-dp87n,1,16
1781594149,gsm-1,osmo-bsc-594654bd47-j9mdh,1,5
1781594149,gsm-1,osmo-bts-virtual-5f8b9b86fc-szfjb,18,5
1781594149,gsm-1,osmo-hlr-546bdb8988-d4r6r,1,2
1781594149,gsm-1,osmo-mgw-8c8fc67d6-txwl8,1,2
1781594149,gsm-1,osmo-mobile-947867b85-d9gvn,3,36
1781594149,gsm-1,osmo-stp-768687f494-mgj9x,1,2
1781594149,gsm-1,ttcn3-tc-26-6-1-1-1-rx2fd,1,6
1781594149,gsm-1,virtphy-858665df6d-4fmrz,7,1
1781594149,gsm-8,msc-test-stub-5b875d749d-qjjvd,1,17
1781594149,gsm-8,osmo-bsc-594654bd47-gl8n5,1,6
1781594149,gsm-8,osmo-bts-virtual-5f8b9b86fc-2jhn7,19,5
1781594149,gsm-8,osmo-hlr-546bdb8988-728qc,1,7
1781594149,gsm-8,osmo-mgw-8c8fc67d6-2zf7g,1,5
1781594149,gsm-8,osmo-mobile-7f88cc47b4-fl965,3,43
1781594149,gsm-8,osmo-stp-768687f494-j95b9,1,2
1781594149,gsm-8,ttcn3-tc-34-2-2-1-prvgs,1,18
1781594149,gsm-8,virtphy-86b4bdf559-sq5gd,7,2
1781594149,kube-system,coredns-c4dbffb5f-p9rsr,3,27
1781594149,kube-system,local-path-provisioner-5c4dc5d66d-nfqxz,1,17
1781594149,kube-system,metrics-server-786d997795-hcp2m,12,44
1781594149,kube-system,svclb-traefik-1100f998-kpm9h,0,0
1781594149,kube-system,traefik-9bcdbbd9-qtpjt,1,39
1781594151,gsm-1,msc-test-stub-5b875d749d-dp87n,1,16
1781594151,gsm-1,osmo-bsc-594654bd47-j9mdh,1,5
1781594151,gsm-1,osmo-bts-virtual-5f8b9b86fc-szfjb,18,5
1781594151,gsm-1,osmo-hlr-546bdb8988-d4r6r,1,2
1781594151,gsm-1,osmo-mgw-8c8fc67d6-txwl8,1,2
1781594151,gsm-1,osmo-mobile-947867b85-d9gvn,3,36
1781594151,gsm-1,osmo-stp-768687f494-mgj9x,1,2
1781594151,gsm-1,ttcn3-tc-26-6-1-1-1-rx2fd,1,6
1781594151,gsm-1,virtphy-858665df6d-4fmrz,7,1
1781594151,gsm-8,msc-test-stub-5b875d749d-qjjvd,1,17
1781594151,gsm-8,osmo-bsc-594654bd47-gl8n5,1,6
1781594151,gsm-8,osmo-bts-virtual-5f8b9b86fc-2jhn7,19,5
1781594151,gsm-8,osmo-hlr-546bdb8988-728qc,1,7
1781594151,gsm-8,osmo-mgw-8c8fc67d6-2zf7g,1,5
1781594151,gsm-8,osmo-mobile-7f88cc47b4-fl965,3,43
1781594151,gsm-8,osmo-stp-768687f494-j95b9,1,2
1781594151,gsm-8,ttcn3-tc-34-2-2-1-prvgs,1,18
1781594151,gsm-8,virtphy-86b4bdf559-sq5gd,7,2
1781594151,kube-system,coredns-c4dbffb5f-p9rsr,3,27
1781594151,kube-system,local-path-provisioner-5c4dc5d66d-nfqxz,1,17
1781594151,kube-system,metrics-server-786d997795-hcp2m,12,44
1781594151,kube-system,svclb-traefik-1100f998-kpm9h,0,0
1781594151,kube-system,traefik-9bcdbbd9-qtpjt,1,39
1781594153,gsm-1,msc-test-stub-5b875d749d-dp87n,1,16
1781594153,gsm-1,osmo-bsc-594654bd47-j9mdh,1,5
1781594153,gsm-1,osmo-bts-virtual-5f8b9b86fc-szfjb,18,5
1781594153,gsm-1,osmo-hlr-546bdb8988-d4r6r,1,2
1781594153,gsm-1,osmo-mgw-8c8fc67d6-txwl8,1,2
1781594153,gsm-1,osmo-mobile-947867b85-d9gvn,3,36
1781594153,gsm-1,osmo-stp-768687f494-mgj9x,1,2
1781594153,gsm-1,ttcn3-tc-26-6-1-1-1-rx2fd,1,6
1781594153,gsm-1,virtphy-858665df6d-4fmrz,7,1
1781594153,gsm-8,msc-test-stub-5b875d749d-qjjvd,1,17
1781594153,gsm-8,osmo-bsc-594654bd47-gl8n5,1,6
1781594153,gsm-8,osmo-bts-virtual-5f8b9b86fc-2jhn7,19,5
1781594153,gsm-8,osmo-hlr-546bdb8988-728qc,1,7
1781594153,gsm-8,osmo-mgw-8c8fc67d6-2zf7g,1,5
1781594153,gsm-8,osmo-mobile-7f88cc47b4-fl965,3,43
1781594153,gsm-8,osmo-stp-768687f494-j95b9,1,2
1781594153,gsm-8,ttcn3-tc-34-2-2-1-prvgs,1,18
1781594153,gsm-8,virtphy-86b4bdf559-sq5gd,7,2
1781594153,kube-system,coredns-c4dbffb5f-p9rsr,3,27
1781594153,kube-system,local-path-provisioner-5c4dc5d66d-nfqxz,1,17
1781594153,kube-system,metrics-server-786d997795-hcp2m,12,44
1781594153,kube-system,svclb-traefik-1100f998-kpm9h,0,0
1781594153,kube-system,traefik-9bcdbbd9-qtpjt,1,39
1781594155,gsm-1,msc-test-stub-5b875d749d-dp87n,1,16
1781594155,gsm-1,osmo-bsc-594654bd47-j9mdh,1,5
1781594155,gsm-1,osmo-bts-virtual-5f8b9b86fc-szfjb,18,5
1781594155,gsm-1,osmo-hlr-546bdb8988-d4r6r,1,2
1781594155,gsm-1,osmo-mgw-8c8fc67d6-txwl8,1,2
1781594155,gsm-1,osmo-mobile-947867b85-d9gvn,3,36
1781594155,gsm-1,osmo-stp-768687f494-mgj9x,1,2
1781594155,gsm-1,ttcn3-tc-26-6-1-1-1-rx2fd,1,6
1781594155,gsm-1,virtphy-858665df6d-4fmrz,7,1
1781594155,gsm-8,msc-test-stub-5b875d749d-qjjvd,1,17
1781594155,gsm-8,osmo-bsc-594654bd47-gl8n5,1,6
1781594155,gsm-8,osmo-bts-virtual-5f8b9b86fc-2jhn7,19,5
1781594155,gsm-8,osmo-hlr-546bdb8988-728qc,1,7
1781594155,gsm-8,osmo-mgw-8c8fc67d6-2zf7g,1,5
1781594155,gsm-8,osmo-mobile-7f88cc47b4-fl965,3,43
1781594155,gsm-8,osmo-stp-768687f494-j95b9,1,2
1781594155,gsm-8,ttcn3-tc-34-2-2-1-prvgs,1,18
1781594155,gsm-8,virtphy-86b4bdf559-sq5gd,7,2
1781594155,kube-system,coredns-c4dbffb5f-p9rsr,3,27
1781594155,kube-system,local-path-provisioner-5c4dc5d66d-nfqxz,1,17
1781594155,kube-system,metrics-server-786d997795-hcp2m,12,44
1781594155,kube-system,svclb-traefik-1100f998-kpm9h,0,0
1781594155,kube-system,traefik-9bcdbbd9-qtpjt,1,39
1781594158,gsm-1,msc-test-stub-5b875d749d-dp87n,1,16
1781594158,gsm-1,osmo-bsc-594654bd47-j9mdh,1,5
1781594158,gsm-1,osmo-bts-virtual-5f8b9b86fc-szfjb,18,5
1781594158,gsm-1,osmo-hlr-546bdb8988-d4r6r,1,2
1781594158,gsm-1,osmo-mgw-8c8fc67d6-txwl8,1,2
1781594158,gsm-1,osmo-mobile-947867b85-d9gvn,3,36
1781594158,gsm-1,osmo-stp-768687f494-mgj9x,1,2
1781594158,gsm-1,ttcn3-tc-26-6-1-1-1-rx2fd,1,6
1781594158,gsm-1,virtphy-858665df6d-4fmrz,6,1
1781594158,gsm-8,msc-test-stub-5b875d749d-qjjvd,1,17
1781594158,gsm-8,osmo-bsc-594654bd47-gl8n5,1,6
1781594158,gsm-8,osmo-bts-virtual-5f8b9b86fc-2jhn7,18,5
1781594158,gsm-8,osmo-hlr-546bdb8988-728qc,1,7
1781594158,gsm-8,osmo-mgw-8c8fc67d6-2zf7g,1,5
1781594158,gsm-8,osmo-mobile-7f88cc47b4-fl965,3,43
1781594158,gsm-8,osmo-stp-768687f494-j95b9,1,2
1781594158,gsm-8,ttcn3-tc-34-2-2-1-prvgs,1,18
1781594158,gsm-8,virtphy-86b4bdf559-sq5gd,7,2
1781594158,kube-system,coredns-c4dbffb5f-p9rsr,3,27
1781594158,kube-system,local-path-provisioner-5c4dc5d66d-nfqxz,1,17
1781594158,kube-system,metrics-server-786d997795-hcp2m,9,44
1781594158,kube-system,svclb-traefik-1100f998-kpm9h,0,0
1781594158,kube-system,traefik-9bcdbbd9-qtpjt,1,39
1781594161,gsm-1,msc-test-stub-5b875d749d-dp87n,1,16
1781594161,gsm-1,osmo-bsc-594654bd47-j9mdh,1,5
1781594161,gsm-1,osmo-bts-virtual-5f8b9b86fc-szfjb,18,5
1781594161,gsm-1,osmo-hlr-546bdb8988-d4r6r,1,2
1781594161,gsm-1,osmo-mgw-8c8fc67d6-txwl8,1,2
1781594161,gsm-1,osmo-mobile-947867b85-d9gvn,3,36
1781594161,gsm-1,osmo-stp-768687f494-mgj9x,1,2
1781594161,gsm-1,ttcn3-tc-26-6-1-1-1-rx2fd,1,6
1781594161,gsm-1,virtphy-858665df6d-4fmrz,6,1
1781594161,gsm-8,msc-test-stub-5b875d749d-qjjvd,1,17
1781594161,gsm-8,osmo-bsc-594654bd47-gl8n5,1,6
1781594161,gsm-8,osmo-bts-virtual-5f8b9b86fc-2jhn7,18,5
1781594161,gsm-8,osmo-hlr-546bdb8988-728qc,1,7
1781594161,gsm-8,osmo-mgw-8c8fc67d6-2zf7g,1,5
1781594161,gsm-8,osmo-mobile-7f88cc47b4-fl965,3,43
1781594161,gsm-8,osmo-stp-768687f494-j95b9,1,2
1781594161,gsm-8,ttcn3-tc-34-2-2-1-prvgs,1,18
1781594161,gsm-8,virtphy-86b4bdf559-sq5gd,7,2
1781594161,kube-system,coredns-c4dbffb5f-p9rsr,3,27
1781594161,kube-system,local-path-provisioner-5c4dc5d66d-nfqxz,1,17
1781594161,kube-system,metrics-server-786d997795-hcp2m,9,44
1781594161,kube-system,svclb-traefik-1100f998-kpm9h,0,0
1781594161,kube-system,traefik-9bcdbbd9-qtpjt,1,39
1781594163,gsm-1,msc-test-stub-5b875d749d-dp87n,1,16
1781594163,gsm-1,osmo-bsc-594654bd47-j9mdh,1,5
1781594163,gsm-1,osmo-bts-virtual-5f8b9b86fc-szfjb,18,5
1781594163,gsm-1,osmo-hlr-546bdb8988-d4r6r,1,2
1781594163,gsm-1,osmo-mgw-8c8fc67d6-txwl8,1,2
1781594163,gsm-1,osmo-mobile-947867b85-d9gvn,3,36
1781594163,gsm-1,osmo-stp-768687f494-mgj9x,1,2
1781594163,gsm-1,ttcn3-tc-26-6-1-1-1-rx2fd,1,6
1781594163,gsm-1,virtphy-858665df6d-4fmrz,6,1
1781594163,gsm-8,msc-test-stub-5b875d749d-qjjvd,1,17
1781594163,gsm-8,osmo-bsc-594654bd47-gl8n5,1,6
1781594163,gsm-8,osmo-bts-virtual-5f8b9b86fc-2jhn7,18,5
1781594163,gsm-8,osmo-hlr-546bdb8988-728qc,1,7
1781594163,gsm-8,osmo-mgw-8c8fc67d6-2zf7g,1,5
1781594163,gsm-8,osmo-mobile-7f88cc47b4-fl965,3,43
1781594163,gsm-8,osmo-stp-768687f494-j95b9,1,2
1781594163,gsm-8,ttcn3-tc-34-2-2-1-prvgs,1,18
1781594163,gsm-8,virtphy-86b4bdf559-sq5gd,7,2
1781594163,kube-system,coredns-c4dbffb5f-p9rsr,3,27
1781594163,kube-system,local-path-provisioner-5c4dc5d66d-nfqxz,1,17
1781594163,kube-system,metrics-server-786d997795-hcp2m,9,44
1781594163,kube-system,svclb-traefik-1100f998-kpm9h,0,0
1781594163,kube-system,traefik-9bcdbbd9-qtpjt,1,39
1781594165,gsm-1,msc-test-stub-5b875d749d-dp87n,1,16
1781594165,gsm-1,osmo-bsc-594654bd47-j9mdh,1,5
1781594165,gsm-1,osmo-bts-virtual-5f8b9b86fc-szfjb,18,5
1781594165,gsm-1,osmo-hlr-546bdb8988-d4r6r,1,2
1781594165,gsm-1,osmo-mgw-8c8fc67d6-txwl8,1,2
1781594165,gsm-1,osmo-mobile-947867b85-d9gvn,3,36
1781594165,gsm-1,osmo-stp-768687f494-mgj9x,1,2
1781594165,gsm-1,ttcn3-tc-26-6-1-1-1-rx2fd,1,6
1781594165,gsm-1,virtphy-858665df6d-4fmrz,6,1
1781594165,gsm-8,msc-test-stub-5b875d749d-qjjvd,1,17
1781594165,gsm-8,osmo-bsc-594654bd47-gl8n5,1,6
1781594165,gsm-8,osmo-bts-virtual-5f8b9b86fc-2jhn7,18,5
1781594165,gsm-8,osmo-hlr-546bdb8988-728qc,1,7
1781594165,gsm-8,osmo-mgw-8c8fc67d6-2zf7g,1,5
1781594165,gsm-8,osmo-mobile-7f88cc47b4-fl965,3,43
1781594165,gsm-8,osmo-stp-768687f494-j95b9,1,2
1781594165,gsm-8,virtphy-86b4bdf559-sq5gd,7,2
1781594165,kube-system,coredns-c4dbffb5f-p9rsr,3,27
1781594165,kube-system,local-path-provisioner-5c4dc5d66d-nfqxz,1,17
1781594165,kube-system,metrics-server-786d997795-hcp2m,9,44
1781594165,kube-system,svclb-traefik-1100f998-kpm9h,0,0
1781594165,kube-system,traefik-9bcdbbd9-qtpjt,1,39
1781594167,gsm-1,msc-test-stub-5b875d749d-dp87n,1,16
1781594167,gsm-1,osmo-bsc-594654bd47-j9mdh,1,5
1781594167,gsm-1,osmo-bts-virtual-5f8b9b86fc-szfjb,18,5
1781594167,gsm-1,osmo-hlr-546bdb8988-d4r6r,1,2
1781594167,gsm-1,osmo-mgw-8c8fc67d6-txwl8,1,2
1781594167,gsm-1,osmo-mobile-947867b85-d9gvn,3,36
1781594167,gsm-1,osmo-stp-768687f494-mgj9x,1,2
1781594167,gsm-1,ttcn3-tc-26-6-1-1-1-rx2fd,1,6
1781594167,gsm-1,virtphy-858665df6d-4fmrz,6,1
1781594167,gsm-8,msc-test-stub-5b875d749d-qjjvd,1,17
1781594167,gsm-8,osmo-bsc-594654bd47-gl8n5,1,6
1781594167,gsm-8,osmo-bts-virtual-5f8b9b86fc-2jhn7,18,5
1781594167,gsm-8,osmo-hlr-546bdb8988-728qc,1,7
1781594167,gsm-8,osmo-mgw-8c8fc67d6-2zf7g,1,5
1781594167,gsm-8,osmo-mobile-7f88cc47b4-fl965,3,43
1781594167,gsm-8,osmo-stp-768687f494-j95b9,1,2
1781594167,gsm-8,virtphy-86b4bdf559-sq5gd,7,2
1781594167,kube-system,coredns-c4dbffb5f-p9rsr,3,27
1781594167,kube-system,local-path-provisioner-5c4dc5d66d-nfqxz,1,17
1781594167,kube-system,metrics-server-786d997795-hcp2m,9,44
1781594167,kube-system,svclb-traefik-1100f998-kpm9h,0,0
1781594167,kube-system,traefik-9bcdbbd9-qtpjt,1,39
1781594170,gsm-1,msc-test-stub-5b875d749d-dp87n,1,16
1781594170,gsm-1,osmo-bsc-594654bd47-j9mdh,1,5
1781594170,gsm-1,osmo-bts-virtual-5f8b9b86fc-szfjb,18,5
1781594170,gsm-1,osmo-hlr-546bdb8988-d4r6r,1,2
1781594170,gsm-1,osmo-mgw-8c8fc67d6-txwl8,1,2
1781594170,gsm-1,osmo-mobile-947867b85-d9gvn,3,36
1781594170,gsm-1,osmo-stp-768687f494-mgj9x,1,2
1781594170,gsm-1,ttcn3-tc-26-6-1-1-1-rx2fd,1,6
1781594170,gsm-1,virtphy-858665df6d-4fmrz,6,1
1781594170,gsm-8,msc-test-stub-5b875d749d-qjjvd,1,17
1781594170,gsm-8,osmo-bsc-594654bd47-gl8n5,1,6
1781594170,gsm-8,osmo-bts-virtual-5f8b9b86fc-2jhn7,18,5
1781594170,gsm-8,osmo-hlr-546bdb8988-728qc,1,7
1781594170,gsm-8,osmo-mgw-8c8fc67d6-2zf7g,1,5
1781594170,gsm-8,osmo-mobile-7f88cc47b4-fl965,3,43
1781594170,gsm-8,osmo-stp-768687f494-j95b9,1,2
1781594170,gsm-8,virtphy-86b4bdf559-sq5gd,7,2
1781594170,kube-system,coredns-c4dbffb5f-p9rsr,3,27
1781594170,kube-system,local-path-provisioner-5c4dc5d66d-nfqxz,1,17
1781594170,kube-system,metrics-server-786d997795-hcp2m,9,44
1781594170,kube-system,svclb-traefik-1100f998-kpm9h,0,0
1781594170,kube-system,traefik-9bcdbbd9-qtpjt,1,39
1781594172,gsm-1,msc-test-stub-5b875d749d-dp87n,1,16
1781594172,gsm-1,osmo-bsc-594654bd47-j9mdh,1,5
1781594172,gsm-1,osmo-bts-virtual-5f8b9b86fc-szfjb,18,5
1781594172,gsm-1,osmo-hlr-546bdb8988-d4r6r,1,2
1781594172,gsm-1,osmo-mgw-8c8fc67d6-txwl8,1,2
1781594172,gsm-1,osmo-mobile-947867b85-d9gvn,3,36
1781594172,gsm-1,osmo-stp-768687f494-mgj9x,1,2
1781594172,gsm-1,ttcn3-tc-26-6-1-1-1-rx2fd,1,6
1781594172,gsm-1,virtphy-858665df6d-4fmrz,6,1
1781594172,gsm-8,msc-test-stub-5b875d749d-qjjvd,1,17
1781594172,gsm-8,osmo-bsc-594654bd47-gl8n5,1,6
1781594172,gsm-8,osmo-bts-virtual-5f8b9b86fc-2jhn7,18,5
1781594172,gsm-8,osmo-hlr-546bdb8988-728qc,1,7
1781594172,gsm-8,osmo-mgw-8c8fc67d6-2zf7g,1,5
1781594172,gsm-8,osmo-mobile-7f88cc47b4-fl965,3,43
1781594172,gsm-8,osmo-stp-768687f494-j95b9,1,2
1781594172,gsm-8,virtphy-86b4bdf559-sq5gd,7,2
1781594172,kube-system,coredns-c4dbffb5f-p9rsr,3,27
1781594172,kube-system,local-path-provisioner-5c4dc5d66d-nfqxz,1,17
1781594172,kube-system,metrics-server-786d997795-hcp2m,9,44
1781594172,kube-system,svclb-traefik-1100f998-kpm9h,0,0
1781594172,kube-system,traefik-9bcdbbd9-qtpjt,1,39
1781594174,gsm-1,msc-test-stub-5b875d749d-dp87n,1,16
1781594174,gsm-1,osmo-bsc-594654bd47-j9mdh,1,5
1781594174,gsm-1,osmo-bts-virtual-5f8b9b86fc-szfjb,19,5
1781594174,gsm-1,osmo-hlr-546bdb8988-d4r6r,1,2
1781594174,gsm-1,osmo-mgw-8c8fc67d6-txwl8,1,2
1781594174,gsm-1,osmo-mobile-947867b85-d9gvn,3,36
1781594174,gsm-1,osmo-stp-768687f494-mgj9x,1,2
1781594174,gsm-1,ttcn3-tc-26-6-1-1-1-rx2fd,1,6
1781594174,gsm-1,virtphy-858665df6d-4fmrz,6,1
1781594174,gsm-8,msc-test-stub-5b875d749d-qjjvd,1,17
1781594174,gsm-8,osmo-bts-virtual-5f8b9b86fc-2jhn7,18,5
1781594174,gsm-8,osmo-mgw-8c8fc67d6-2zf7g,1,5
1781594174,gsm-8,osmo-mobile-7f88cc47b4-fl965,5,45
1781594174,gsm-8,osmo-stp-768687f494-j95b9,1,2
1781594174,kube-system,coredns-c4dbffb5f-p9rsr,3,27
1781594174,kube-system,local-path-provisioner-5c4dc5d66d-nfqxz,1,17
1781594174,kube-system,metrics-server-786d997795-hcp2m,8,44
1781594174,kube-system,svclb-traefik-1100f998-kpm9h,0,0
1781594174,kube-system,traefik-9bcdbbd9-qtpjt,1,39
1781594176,gsm-1,msc-test-stub-5b875d749d-dp87n,1,16
1781594176,gsm-1,osmo-bsc-594654bd47-j9mdh,1,5
1781594176,gsm-1,osmo-bts-virtual-5f8b9b86fc-szfjb,19,5
1781594176,gsm-1,osmo-hlr-546bdb8988-d4r6r,1,2
1781594176,gsm-1,osmo-mgw-8c8fc67d6-txwl8,1,2
1781594176,gsm-1,osmo-mobile-947867b85-d9gvn,3,36
1781594176,gsm-1,osmo-stp-768687f494-mgj9x,1,2
1781594176,gsm-1,ttcn3-tc-26-6-1-1-1-rx2fd,1,6
1781594176,gsm-1,virtphy-858665df6d-4fmrz,6,1
1781594176,gsm-8,msc-test-stub-5b875d749d-qjjvd,1,17
1781594176,gsm-8,osmo-bts-virtual-5f8b9b86fc-2jhn7,18,5
1781594176,gsm-8,osmo-mgw-8c8fc67d6-2zf7g,1,5
1781594176,gsm-8,osmo-mobile-7f88cc47b4-fl965,5,45
1781594176,kube-system,coredns-c4dbffb5f-p9rsr,3,27
1781594176,kube-system,local-path-provisioner-5c4dc5d66d-nfqxz,1,17
1781594176,kube-system,metrics-server-786d997795-hcp2m,8,44
1781594176,kube-system,svclb-traefik-1100f998-kpm9h,0,0
1781594176,kube-system,traefik-9bcdbbd9-qtpjt,1,39
1781594178,gsm-1,msc-test-stub-5b875d749d-dp87n,1,16
1781594178,gsm-1,osmo-bsc-594654bd47-j9mdh,1,5
1781594178,gsm-1,osmo-bts-virtual-5f8b9b86fc-szfjb,19,5
1781594178,gsm-1,osmo-hlr-546bdb8988-d4r6r,1,2
1781594178,gsm-1,osmo-mgw-8c8fc67d6-txwl8,1,2
1781594178,gsm-1,osmo-mobile-947867b85-d9gvn,3,36
1781594178,gsm-1,osmo-stp-768687f494-mgj9x,1,2
1781594178,gsm-1,ttcn3-tc-26-6-1-1-1-rx2fd,1,6
1781594178,gsm-1,virtphy-858665df6d-4fmrz,6,1
1781594178,gsm-8,msc-test-stub-5b875d749d-qjjvd,1,17
1781594178,gsm-8,osmo-bts-virtual-5f8b9b86fc-2jhn7,18,5
1781594178,gsm-8,osmo-mgw-8c8fc67d6-2zf7g,1,5
1781594178,gsm-8,osmo-mobile-7f88cc47b4-fl965,5,45
1781594178,kube-system,coredns-c4dbffb5f-p9rsr,3,27
1781594178,kube-system,local-path-provisioner-5c4dc5d66d-nfqxz,1,17
1781594178,kube-system,metrics-server-786d997795-hcp2m,8,44
1781594178,kube-system,svclb-traefik-1100f998-kpm9h,0,0
1781594178,kube-system,traefik-9bcdbbd9-qtpjt,1,39
1781594180,gsm-1,msc-test-stub-5b875d749d-dp87n,1,16
1781594180,gsm-1,osmo-bsc-594654bd47-j9mdh,1,5
1781594180,gsm-1,osmo-bts-virtual-5f8b9b86fc-szfjb,19,5
1781594180,gsm-1,osmo-hlr-546bdb8988-d4r6r,1,2
1781594180,gsm-1,osmo-mgw-8c8fc67d6-txwl8,1,2
1781594180,gsm-1,osmo-mobile-947867b85-d9gvn,3,36
1781594180,gsm-1,osmo-stp-768687f494-mgj9x,1,2
1781594180,gsm-1,ttcn3-tc-26-6-1-1-1-rx2fd,1,6
1781594180,gsm-1,virtphy-858665df6d-4fmrz,6,1
1781594180,gsm-8,msc-test-stub-5b875d749d-qjjvd,1,17
1781594180,gsm-8,osmo-mgw-8c8fc67d6-2zf7g,1,5
1781594180,gsm-8,osmo-mobile-7f88cc47b4-fl965,5,45
1781594180,kube-system,coredns-c4dbffb5f-p9rsr,3,27
1781594180,kube-system,local-path-provisioner-5c4dc5d66d-nfqxz,1,17
1781594180,kube-system,metrics-server-786d997795-hcp2m,8,44
1781594180,kube-system,svclb-traefik-1100f998-kpm9h,0,0
1781594180,kube-system,traefik-9bcdbbd9-qtpjt,1,39
1781594182,gsm-1,msc-test-stub-5b875d749d-dp87n,1,16
1781594182,gsm-1,osmo-bsc-594654bd47-j9mdh,1,5
1781594182,gsm-1,osmo-bts-virtual-5f8b9b86fc-szfjb,19,5
1781594182,gsm-1,osmo-hlr-546bdb8988-d4r6r,1,2
1781594182,gsm-1,osmo-mgw-8c8fc67d6-txwl8,1,2
1781594182,gsm-1,osmo-mobile-947867b85-d9gvn,3,36
1781594182,gsm-1,osmo-stp-768687f494-mgj9x,1,2
1781594182,gsm-1,ttcn3-tc-26-6-1-1-1-rx2fd,1,6
1781594182,gsm-1,virtphy-858665df6d-4fmrz,6,1
1781594182,gsm-8,msc-test-stub-5b875d749d-qjjvd,1,17
1781594182,gsm-8,osmo-mgw-8c8fc67d6-2zf7g,1,5
1781594182,gsm-8,osmo-mobile-7f88cc47b4-fl965,5,45
1781594182,kube-system,coredns-c4dbffb5f-p9rsr,3,27
1781594182,kube-system,local-path-provisioner-5c4dc5d66d-nfqxz,1,17
1781594182,kube-system,metrics-server-786d997795-hcp2m,8,44
1781594182,kube-system,svclb-traefik-1100f998-kpm9h,0,0
1781594182,kube-system,traefik-9bcdbbd9-qtpjt,1,39
1781594185,gsm-1,msc-test-stub-5b875d749d-dp87n,1,16
1781594185,gsm-1,osmo-bsc-594654bd47-j9mdh,1,5
1781594185,gsm-1,osmo-bts-virtual-5f8b9b86fc-szfjb,19,5
1781594185,gsm-1,osmo-hlr-546bdb8988-d4r6r,1,2
1781594185,gsm-1,osmo-mgw-8c8fc67d6-txwl8,1,2
1781594185,gsm-1,osmo-mobile-947867b85-d9gvn,3,36
1781594185,gsm-1,osmo-stp-768687f494-mgj9x,1,2
1781594185,gsm-1,ttcn3-tc-26-6-1-1-1-rx2fd,1,6
1781594185,gsm-1,virtphy-858665df6d-4fmrz,6,1
1781594185,gsm-8,msc-test-stub-5b875d749d-qjjvd,1,17
1781594185,gsm-8,osmo-mgw-8c8fc67d6-2zf7g,1,5
1781594185,gsm-8,osmo-mobile-7f88cc47b4-fl965,5,45
1781594185,kube-system,coredns-c4dbffb5f-p9rsr,3,27
1781594185,kube-system,local-path-provisioner-5c4dc5d66d-nfqxz,1,17
1781594185,kube-system,metrics-server-786d997795-hcp2m,8,44
1781594185,kube-system,svclb-traefik-1100f998-kpm9h,0,0
1781594185,kube-system,traefik-9bcdbbd9-qtpjt,1,39
1781594187,gsm-1,msc-test-stub-5b875d749d-dp87n,1,16
1781594187,gsm-1,osmo-bsc-594654bd47-j9mdh,1,5
1781594187,gsm-1,osmo-bts-virtual-5f8b9b86fc-szfjb,19,5
1781594187,gsm-1,osmo-hlr-546bdb8988-d4r6r,1,2
1781594187,gsm-1,osmo-mgw-8c8fc67d6-txwl8,1,2
1781594187,gsm-1,osmo-mobile-947867b85-d9gvn,3,36
1781594187,gsm-1,osmo-stp-768687f494-mgj9x,1,2
1781594187,gsm-1,ttcn3-tc-26-6-1-1-1-rx2fd,1,6
1781594187,gsm-1,virtphy-858665df6d-4fmrz,6,1
1781594187,gsm-8,msc-test-stub-5b875d749d-qjjvd,1,17
1781594187,gsm-8,osmo-mgw-8c8fc67d6-2zf7g,1,5
1781594187,gsm-8,osmo-mobile-7f88cc47b4-fl965,5,45
1781594187,kube-system,coredns-c4dbffb5f-p9rsr,3,27
1781594187,kube-system,local-path-provisioner-5c4dc5d66d-nfqxz,1,17
1781594187,kube-system,metrics-server-786d997795-hcp2m,8,44
1781594187,kube-system,svclb-traefik-1100f998-kpm9h,0,0
1781594187,kube-system,traefik-9bcdbbd9-qtpjt,1,39
1781594189,gsm-1,msc-test-stub-5b875d749d-dp87n,1,16
1781594189,gsm-1,osmo-bsc-594654bd47-j9mdh,1,5
1781594189,gsm-1,osmo-bts-virtual-5f8b9b86fc-szfjb,18,5
1781594189,gsm-1,osmo-hlr-546bdb8988-d4r6r,1,2
1781594189,gsm-1,osmo-mgw-8c8fc67d6-txwl8,1,2
1781594189,gsm-1,osmo-mobile-947867b85-d9gvn,3,36
1781594189,gsm-1,osmo-stp-768687f494-mgj9x,1,2
1781594189,gsm-1,ttcn3-tc-26-6-1-1-1-rx2fd,1,6
1781594189,gsm-1,virtphy-858665df6d-4fmrz,6,1
1781594189,gsm-8,msc-test-stub-5b875d749d-qjjvd,3,17
1781594189,gsm-8,osmo-mgw-8c8fc67d6-2zf7g,1,5
1781594189,gsm-8,osmo-mobile-7f88cc47b4-fl965,4,43
1781594189,kube-system,coredns-c4dbffb5f-p9rsr,3,27
1781594189,kube-system,local-path-provisioner-5c4dc5d66d-nfqxz,1,17
1781594189,kube-system,metrics-server-786d997795-hcp2m,8,44
1781594189,kube-system,svclb-traefik-1100f998-kpm9h,0,0
1781594189,kube-system,traefik-9bcdbbd9-qtpjt,1,39
1781594191,gsm-1,msc-test-stub-5b875d749d-dp87n,1,16
1781594191,gsm-1,osmo-bsc-594654bd47-j9mdh,1,5
1781594191,gsm-1,osmo-bts-virtual-5f8b9b86fc-szfjb,18,5
1781594191,gsm-1,osmo-hlr-546bdb8988-d4r6r,1,2
1781594191,gsm-1,osmo-mgw-8c8fc67d6-txwl8,1,2
1781594191,gsm-1,osmo-mobile-947867b85-d9gvn,3,36
1781594191,gsm-1,osmo-stp-768687f494-mgj9x,1,2
1781594191,gsm-1,ttcn3-tc-26-6-1-1-1-rx2fd,1,6
1781594191,gsm-1,virtphy-858665df6d-4fmrz,6,1
1781594191,gsm-8,msc-test-stub-5b875d749d-qjjvd,3,17
1781594191,gsm-8,osmo-mgw-8c8fc67d6-2zf7g,1,5
1781594191,gsm-8,osmo-mobile-7f88cc47b4-fl965,4,43
1781594191,kube-system,coredns-c4dbffb5f-p9rsr,3,27
1781594191,kube-system,local-path-provisioner-5c4dc5d66d-nfqxz,1,17
1781594191,kube-system,metrics-server-786d997795-hcp2m,8,44
1781594191,kube-system,svclb-traefik-1100f998-kpm9h,0,0
1781594191,kube-system,traefik-9bcdbbd9-qtpjt,1,39
1781594194,gsm-1,msc-test-stub-5b875d749d-dp87n,1,16
1781594194,gsm-1,osmo-bsc-594654bd47-j9mdh,1,5
1781594194,gsm-1,osmo-bts-virtual-5f8b9b86fc-szfjb,18,5
1781594194,gsm-1,osmo-hlr-546bdb8988-d4r6r,1,2
1781594194,gsm-1,osmo-mgw-8c8fc67d6-txwl8,1,2
1781594194,gsm-1,osmo-mobile-947867b85-d9gvn,3,36
1781594194,gsm-1,osmo-stp-768687f494-mgj9x,1,2
1781594194,gsm-1,ttcn3-tc-26-6-1-1-1-rx2fd,1,6
1781594194,gsm-1,virtphy-858665df6d-4fmrz,6,1
1781594194,gsm-8,msc-test-stub-5b875d749d-qjjvd,3,17
1781594194,gsm-8,osmo-mgw-8c8fc67d6-2zf7g,1,5
1781594194,gsm-8,osmo-mobile-7f88cc47b4-fl965,4,43
1781594194,kube-system,coredns-c4dbffb5f-p9rsr,3,27
1781594194,kube-system,local-path-provisioner-5c4dc5d66d-nfqxz,1,17
1781594194,kube-system,metrics-server-786d997795-hcp2m,8,44
1781594194,kube-system,svclb-traefik-1100f998-kpm9h,0,0
1781594194,kube-system,traefik-9bcdbbd9-qtpjt,1,39
1781594196,gsm-1,msc-test-stub-5b875d749d-dp87n,1,16
1781594196,gsm-1,osmo-bsc-594654bd47-j9mdh,1,5
1781594196,gsm-1,osmo-bts-virtual-5f8b9b86fc-szfjb,18,5
1781594196,gsm-1,osmo-hlr-546bdb8988-d4r6r,1,2
1781594196,gsm-1,osmo-mgw-8c8fc67d6-txwl8,1,2
1781594196,gsm-1,osmo-mobile-947867b85-d9gvn,3,36
1781594196,gsm-1,osmo-stp-768687f494-mgj9x,1,2
1781594196,gsm-1,ttcn3-tc-26-6-1-1-1-rx2fd,1,6
1781594196,gsm-1,virtphy-858665df6d-4fmrz,6,1
1781594196,gsm-8,msc-test-stub-5b875d749d-qjjvd,3,17
1781594196,gsm-8,osmo-mgw-8c8fc67d6-2zf7g,1,5
1781594196,gsm-8,osmo-mobile-7f88cc47b4-fl965,4,43
1781594196,kube-system,coredns-c4dbffb5f-p9rsr,3,27
1781594196,kube-system,local-path-provisioner-5c4dc5d66d-nfqxz,1,17
1781594196,kube-system,metrics-server-786d997795-hcp2m,8,44
1781594196,kube-system,svclb-traefik-1100f998-kpm9h,0,0
1781594196,kube-system,traefik-9bcdbbd9-qtpjt,1,39
1781594198,gsm-1,msc-test-stub-5b875d749d-dp87n,1,16
1781594198,gsm-1,osmo-bsc-594654bd47-j9mdh,1,5
1781594198,gsm-1,osmo-bts-virtual-5f8b9b86fc-szfjb,18,5
1781594198,gsm-1,osmo-hlr-546bdb8988-d4r6r,1,2
1781594198,gsm-1,osmo-mgw-8c8fc67d6-txwl8,1,2
1781594198,gsm-1,osmo-mobile-947867b85-d9gvn,3,36
1781594198,gsm-1,osmo-stp-768687f494-mgj9x,1,2
1781594198,gsm-1,ttcn3-tc-26-6-1-1-1-rx2fd,1,6
1781594198,gsm-1,virtphy-858665df6d-4fmrz,6,1
1781594198,gsm-8,msc-test-stub-5b875d749d-qjjvd,3,17
1781594198,gsm-8,osmo-mgw-8c8fc67d6-2zf7g,1,5
1781594198,gsm-8,osmo-mobile-7f88cc47b4-fl965,4,43
1781594198,kube-system,coredns-c4dbffb5f-p9rsr,3,27
1781594198,kube-system,local-path-provisioner-5c4dc5d66d-nfqxz,1,17
1781594198,kube-system,metrics-server-786d997795-hcp2m,8,44
1781594198,kube-system,svclb-traefik-1100f998-kpm9h,0,0
1781594198,kube-system,traefik-9bcdbbd9-qtpjt,1,39
1781594200,gsm-1,msc-test-stub-5b875d749d-dp87n,1,16
1781594200,gsm-1,osmo-bsc-594654bd47-j9mdh,1,5
1781594200,gsm-1,osmo-bts-virtual-5f8b9b86fc-szfjb,18,5
1781594200,gsm-1,osmo-hlr-546bdb8988-d4r6r,1,2
1781594200,gsm-1,osmo-mgw-8c8fc67d6-txwl8,1,2
1781594200,gsm-1,osmo-mobile-947867b85-d9gvn,3,36
1781594200,gsm-1,osmo-stp-768687f494-mgj9x,1,2
1781594200,gsm-1,ttcn3-tc-26-6-1-1-1-rx2fd,1,6
1781594200,gsm-1,virtphy-858665df6d-4fmrz,6,1
1781594200,gsm-8,msc-test-stub-5b875d749d-qjjvd,3,17
1781594200,gsm-8,osmo-mgw-8c8fc67d6-2zf7g,1,5
1781594200,gsm-8,osmo-mobile-7f88cc47b4-fl965,4,43
1781594200,kube-system,coredns-c4dbffb5f-p9rsr,3,27
1781594200,kube-system,local-path-provisioner-5c4dc5d66d-nfqxz,1,17
1781594200,kube-system,metrics-server-786d997795-hcp2m,8,44
1781594200,kube-system,svclb-traefik-1100f998-kpm9h,0,0
1781594200,kube-system,traefik-9bcdbbd9-qtpjt,1,39
1781594203,gsm-1,msc-test-stub-5b875d749d-dp87n,1,16
1781594203,gsm-1,osmo-bsc-594654bd47-j9mdh,1,5
1781594203,gsm-1,osmo-bts-virtual-5f8b9b86fc-szfjb,17,5
1781594203,gsm-1,osmo-hlr-546bdb8988-d4r6r,1,2
1781594203,gsm-1,osmo-mgw-8c8fc67d6-txwl8,1,2
1781594203,gsm-1,osmo-mobile-947867b85-d9gvn,5,38
1781594203,gsm-1,osmo-stp-768687f494-mgj9x,1,2
1781594203,gsm-1,ttcn3-tc-26-6-1-1-1-rx2fd,1,6
1781594203,gsm-1,virtphy-858665df6d-4fmrz,6,1
1781594203,gsm-8,msc-test-stub-5b875d749d-qjjvd,1,17
1781594203,gsm-8,osmo-mgw-8c8fc67d6-2zf7g,1,5
1781594203,gsm-8,osmo-mobile-7f88cc47b4-fl965,6,43
1781594203,kube-system,coredns-c4dbffb5f-p9rsr,3,27
1781594203,kube-system,local-path-provisioner-5c4dc5d66d-nfqxz,1,17
1781594203,kube-system,metrics-server-786d997795-hcp2m,10,44
1781594203,kube-system,svclb-traefik-1100f998-kpm9h,0,0
1781594203,kube-system,traefik-9bcdbbd9-qtpjt,1,39
1781594206,gsm-1,msc-test-stub-5b875d749d-dp87n,1,16
1781594206,gsm-1,osmo-bsc-594654bd47-j9mdh,1,5
1781594206,gsm-1,osmo-bts-virtual-5f8b9b86fc-szfjb,17,5
1781594206,gsm-1,osmo-hlr-546bdb8988-d4r6r,1,2
1781594206,gsm-1,osmo-mgw-8c8fc67d6-txwl8,1,2
1781594206,gsm-1,osmo-mobile-947867b85-d9gvn,5,38
1781594206,gsm-1,osmo-stp-768687f494-mgj9x,1,2
1781594206,gsm-1,ttcn3-tc-26-6-1-1-1-rx2fd,1,6
1781594206,gsm-1,virtphy-858665df6d-4fmrz,6,1
1781594206,kube-system,coredns-c4dbffb5f-p9rsr,3,27
1781594206,kube-system,local-path-provisioner-5c4dc5d66d-nfqxz,1,17
1781594206,kube-system,metrics-server-786d997795-hcp2m,10,44
1781594206,kube-system,svclb-traefik-1100f998-kpm9h,0,0
1781594206,kube-system,traefik-9bcdbbd9-qtpjt,1,39
1781594209,gsm-1,msc-test-stub-5b875d749d-dp87n,1,16
1781594209,gsm-1,osmo-bsc-594654bd47-j9mdh,1,5
1781594209,gsm-1,osmo-bts-virtual-5f8b9b86fc-szfjb,17,5
1781594209,gsm-1,osmo-hlr-546bdb8988-d4r6r,1,2
1781594209,gsm-1,osmo-mgw-8c8fc67d6-txwl8,1,2
1781594209,gsm-1,osmo-mobile-947867b85-d9gvn,5,38
1781594209,gsm-1,osmo-stp-768687f494-mgj9x,1,2
1781594209,gsm-1,ttcn3-tc-26-6-1-1-1-rx2fd,1,6
1781594209,gsm-1,virtphy-858665df6d-4fmrz,6,1
1781594209,kube-system,coredns-c4dbffb5f-p9rsr,3,27
1781594209,kube-system,local-path-provisioner-5c4dc5d66d-nfqxz,1,17
1781594209,kube-system,metrics-server-786d997795-hcp2m,10,44
1781594209,kube-system,svclb-traefik-1100f998-kpm9h,0,0
1781594209,kube-system,traefik-9bcdbbd9-qtpjt,1,39
1781594212,gsm-1,msc-test-stub-5b875d749d-dp87n,1,16
1781594212,gsm-1,osmo-bsc-594654bd47-j9mdh,1,5
1781594212,gsm-1,osmo-bts-virtual-5f8b9b86fc-szfjb,17,5
1781594212,gsm-1,osmo-hlr-546bdb8988-d4r6r,1,2
1781594212,gsm-1,osmo-mgw-8c8fc67d6-txwl8,1,2
1781594212,gsm-1,osmo-mobile-947867b85-d9gvn,5,38
1781594212,gsm-1,osmo-stp-768687f494-mgj9x,1,2
1781594212,gsm-1,ttcn3-tc-26-6-1-1-1-rx2fd,1,6
1781594212,gsm-1,virtphy-858665df6d-4fmrz,6,1
1781594212,kube-system,coredns-c4dbffb5f-p9rsr,3,27
1781594212,kube-system,local-path-provisioner-5c4dc5d66d-nfqxz,1,17
1781594212,kube-system,metrics-server-786d997795-hcp2m,10,44
1781594212,kube-system,svclb-traefik-1100f998-kpm9h,0,0
1781594212,kube-system,traefik-9bcdbbd9-qtpjt,1,39
1781594214,gsm-1,msc-test-stub-5b875d749d-dp87n,1,16
1781594214,gsm-1,osmo-bsc-594654bd47-j9mdh,1,5
1781594214,gsm-1,osmo-bts-virtual-5f8b9b86fc-szfjb,17,5
1781594214,gsm-1,osmo-hlr-546bdb8988-d4r6r,1,2
1781594214,gsm-1,osmo-mgw-8c8fc67d6-txwl8,1,2
1781594214,gsm-1,osmo-mobile-947867b85-d9gvn,5,38
1781594214,gsm-1,osmo-stp-768687f494-mgj9x,1,2
1781594214,gsm-1,ttcn3-tc-26-6-1-1-1-rx2fd,1,6
1781594214,gsm-1,virtphy-858665df6d-4fmrz,6,1
1781594214,kube-system,coredns-c4dbffb5f-p9rsr,3,27
1781594214,kube-system,local-path-provisioner-5c4dc5d66d-nfqxz,1,17
1781594214,kube-system,metrics-server-786d997795-hcp2m,10,44
1781594214,kube-system,svclb-traefik-1100f998-kpm9h,0,0
1781594214,kube-system,traefik-9bcdbbd9-qtpjt,1,39
1781594216,gsm-1,msc-test-stub-5b875d749d-dp87n,1,16
1781594216,gsm-1,osmo-bsc-594654bd47-j9mdh,1,5
1781594216,gsm-1,osmo-bts-virtual-5f8b9b86fc-szfjb,17,5
1781594216,gsm-1,osmo-hlr-546bdb8988-d4r6r,1,2
1781594216,gsm-1,osmo-mgw-8c8fc67d6-txwl8,1,2
1781594216,gsm-1,osmo-mobile-947867b85-d9gvn,5,38
1781594216,gsm-1,osmo-stp-768687f494-mgj9x,1,2
1781594216,gsm-1,ttcn3-tc-26-6-1-1-1-rx2fd,1,6
1781594216,gsm-1,virtphy-858665df6d-4fmrz,6,1
1781594216,kube-system,coredns-c4dbffb5f-p9rsr,3,27
1781594216,kube-system,local-path-provisioner-5c4dc5d66d-nfqxz,1,17
1781594216,kube-system,metrics-server-786d997795-hcp2m,10,44
1781594216,kube-system,svclb-traefik-1100f998-kpm9h,0,0
1781594216,kube-system,traefik-9bcdbbd9-qtpjt,1,39
1781594219,gsm-1,osmo-bsc-594654bd47-j9mdh,1,5
1781594219,gsm-1,osmo-bts-virtual-5f8b9b86fc-szfjb,16,5
1781594219,gsm-1,osmo-hlr-546bdb8988-d4r6r,1,2
1781594219,gsm-1,osmo-mgw-8c8fc67d6-txwl8,1,2
1781594219,gsm-1,osmo-mobile-947867b85-d9gvn,3,38
1781594219,gsm-1,osmo-stp-768687f494-mgj9x,1,2
1781594219,gsm-1,ttcn3-tc-26-6-1-1-1-rx2fd,1,6
1781594219,gsm-1,virtphy-858665df6d-4fmrz,6,1
1781594219,kube-system,coredns-c4dbffb5f-p9rsr,3,27
1781594219,kube-system,local-path-provisioner-5c4dc5d66d-nfqxz,1,17
1781594219,kube-system,metrics-server-786d997795-hcp2m,9,44
1781594219,kube-system,svclb-traefik-1100f998-kpm9h,0,0
1781594219,kube-system,traefik-9bcdbbd9-qtpjt,3,38
1781594222,gsm-1,osmo-bsc-594654bd47-j9mdh,1,5
1781594222,gsm-1,osmo-bts-virtual-5f8b9b86fc-szfjb,16,5
1781594222,gsm-1,osmo-hlr-546bdb8988-d4r6r,1,2
1781594222,gsm-1,osmo-mgw-8c8fc67d6-txwl8,1,2
1781594222,gsm-1,osmo-mobile-947867b85-d9gvn,3,38
1781594222,gsm-1,osmo-stp-768687f494-mgj9x,1,2
1781594222,gsm-1,ttcn3-tc-26-6-1-1-1-rx2fd,1,6
1781594222,gsm-1,virtphy-858665df6d-4fmrz,6,1
1781594222,kube-system,coredns-c4dbffb5f-p9rsr,3,27
1781594222,kube-system,local-path-provisioner-5c4dc5d66d-nfqxz,1,17
1781594222,kube-system,metrics-server-786d997795-hcp2m,9,44
1781594222,kube-system,svclb-traefik-1100f998-kpm9h,0,0
1781594222,kube-system,traefik-9bcdbbd9-qtpjt,3,38
1781594224,gsm-1,osmo-bsc-594654bd47-j9mdh,1,5
1781594224,gsm-1,osmo-bts-virtual-5f8b9b86fc-szfjb,16,5
1781594224,gsm-1,osmo-hlr-546bdb8988-d4r6r,1,2
1781594224,gsm-1,osmo-mgw-8c8fc67d6-txwl8,1,2
1781594224,gsm-1,osmo-mobile-947867b85-d9gvn,3,38
1781594224,gsm-1,osmo-stp-768687f494-mgj9x,1,2
1781594224,gsm-1,ttcn3-tc-26-6-1-1-1-rx2fd,1,6
1781594224,gsm-1,virtphy-858665df6d-4fmrz,6,1
1781594224,kube-system,coredns-c4dbffb5f-p9rsr,3,27
1781594224,kube-system,local-path-provisioner-5c4dc5d66d-nfqxz,1,17
1781594224,kube-system,metrics-server-786d997795-hcp2m,9,44
1781594224,kube-system,svclb-traefik-1100f998-kpm9h,0,0
1781594224,kube-system,traefik-9bcdbbd9-qtpjt,3,38
1781594226,gsm-1,osmo-bsc-594654bd47-j9mdh,1,5
1781594226,gsm-1,osmo-bts-virtual-5f8b9b86fc-szfjb,16,5
1781594226,gsm-1,osmo-hlr-546bdb8988-d4r6r,1,2
1781594226,gsm-1,osmo-mgw-8c8fc67d6-txwl8,1,2
1781594226,gsm-1,osmo-mobile-947867b85-d9gvn,3,38
1781594226,gsm-1,osmo-stp-768687f494-mgj9x,1,2
1781594226,gsm-1,ttcn3-tc-26-6-1-1-1-rx2fd,1,6
1781594226,gsm-1,virtphy-858665df6d-4fmrz,6,1
1781594226,kube-system,coredns-c4dbffb5f-p9rsr,3,27
1781594226,kube-system,local-path-provisioner-5c4dc5d66d-nfqxz,1,17
1781594226,kube-system,metrics-server-786d997795-hcp2m,9,44
1781594226,kube-system,svclb-traefik-1100f998-kpm9h,0,0
1781594226,kube-system,traefik-9bcdbbd9-qtpjt,3,38
1781594228,gsm-1,osmo-bsc-594654bd47-j9mdh,1,5
1781594228,gsm-1,osmo-bts-virtual-5f8b9b86fc-szfjb,16,5
1781594228,gsm-1,osmo-hlr-546bdb8988-d4r6r,1,2
1781594228,gsm-1,osmo-mgw-8c8fc67d6-txwl8,1,2
1781594228,gsm-1,osmo-mobile-947867b85-d9gvn,3,38
1781594228,gsm-1,osmo-stp-768687f494-mgj9x,1,2
1781594228,gsm-1,ttcn3-tc-26-6-1-1-1-rx2fd,1,6
1781594228,gsm-1,virtphy-858665df6d-4fmrz,6,1
1781594228,kube-system,coredns-c4dbffb5f-p9rsr,3,27
1781594228,kube-system,local-path-provisioner-5c4dc5d66d-nfqxz,1,17
1781594228,kube-system,metrics-server-786d997795-hcp2m,9,44
1781594228,kube-system,svclb-traefik-1100f998-kpm9h,0,0
1781594228,kube-system,traefik-9bcdbbd9-qtpjt,3,38
1781594230,gsm-1,osmo-bsc-594654bd47-j9mdh,1,5
1781594230,gsm-1,osmo-bts-virtual-5f8b9b86fc-szfjb,16,5
1781594230,gsm-1,osmo-hlr-546bdb8988-d4r6r,1,2
1781594230,gsm-1,osmo-mgw-8c8fc67d6-txwl8,1,2
1781594230,gsm-1,osmo-mobile-947867b85-d9gvn,3,38
1781594230,gsm-1,osmo-stp-768687f494-mgj9x,1,2
1781594230,gsm-1,ttcn3-tc-26-6-1-1-1-rx2fd,1,6
1781594230,gsm-1,virtphy-858665df6d-4fmrz,6,1
1781594230,kube-system,coredns-c4dbffb5f-p9rsr,3,27
1781594230,kube-system,local-path-provisioner-5c4dc5d66d-nfqxz,1,17
1781594230,kube-system,metrics-server-786d997795-hcp2m,9,44
1781594230,kube-system,svclb-traefik-1100f998-kpm9h,0,0
1781594230,kube-system,traefik-9bcdbbd9-qtpjt,3,38
1781594232,gsm-1,msc-test-stub-5b875d749d-dp87n,8,16
1781594232,gsm-1,osmo-bsc-594654bd47-j9mdh,1,5
1781594232,gsm-1,osmo-bts-virtual-5f8b9b86fc-szfjb,15,5
1781594232,gsm-1,osmo-hlr-546bdb8988-d4r6r,1,2
1781594232,gsm-1,osmo-mgw-8c8fc67d6-txwl8,1,2
1781594232,gsm-1,osmo-mobile-947867b85-d9gvn,3,38
1781594232,gsm-1,osmo-stp-768687f494-mgj9x,1,2
1781594232,gsm-1,ttcn3-tc-26-6-1-1-1-rx2fd,1,6
1781594232,gsm-1,virtphy-858665df6d-4fmrz,6,1
1781594232,kube-system,coredns-c4dbffb5f-p9rsr,2,27
1781594232,kube-system,local-path-provisioner-5c4dc5d66d-nfqxz,1,17
1781594232,kube-system,metrics-server-786d997795-hcp2m,9,44
1781594232,kube-system,svclb-traefik-1100f998-kpm9h,0,0
1781594232,kube-system,traefik-9bcdbbd9-qtpjt,1,38
1781594234,gsm-1,msc-test-stub-5b875d749d-dp87n,8,16
1781594234,gsm-1,osmo-bsc-594654bd47-j9mdh,1,5
1781594234,gsm-1,osmo-bts-virtual-5f8b9b86fc-szfjb,15,5
1781594234,gsm-1,osmo-hlr-546bdb8988-d4r6r,1,2
1781594234,gsm-1,osmo-mgw-8c8fc67d6-txwl8,1,2
1781594234,gsm-1,osmo-mobile-947867b85-d9gvn,3,38
1781594234,gsm-1,osmo-stp-768687f494-mgj9x,1,2
1781594234,gsm-1,ttcn3-tc-26-6-1-1-1-rx2fd,1,6
1781594234,gsm-1,virtphy-858665df6d-4fmrz,6,1
1781594234,kube-system,coredns-c4dbffb5f-p9rsr,2,27
1781594234,kube-system,local-path-provisioner-5c4dc5d66d-nfqxz,1,17
1781594234,kube-system,metrics-server-786d997795-hcp2m,9,44
1781594234,kube-system,svclb-traefik-1100f998-kpm9h,0,0
1781594234,kube-system,traefik-9bcdbbd9-qtpjt,1,38
1781594236,gsm-1,msc-test-stub-5b875d749d-dp87n,8,16
1781594236,gsm-1,osmo-bsc-594654bd47-j9mdh,1,5
1781594236,gsm-1,osmo-bts-virtual-5f8b9b86fc-szfjb,15,5
1781594236,gsm-1,osmo-hlr-546bdb8988-d4r6r,1,2
1781594236,gsm-1,osmo-mgw-8c8fc67d6-txwl8,1,2
1781594236,gsm-1,osmo-mobile-947867b85-d9gvn,3,38
1781594236,gsm-1,osmo-stp-768687f494-mgj9x,1,2
1781594236,gsm-1,ttcn3-tc-26-6-1-1-1-rx2fd,1,6
1781594236,gsm-1,virtphy-858665df6d-4fmrz,6,1
1781594236,kube-system,coredns-c4dbffb5f-p9rsr,2,27
1781594236,kube-system,local-path-provisioner-5c4dc5d66d-nfqxz,1,17
1781594236,kube-system,metrics-server-786d997795-hcp2m,9,44
1781594236,kube-system,svclb-traefik-1100f998-kpm9h,0,0
1781594236,kube-system,traefik-9bcdbbd9-qtpjt,1,38
1781594238,gsm-1,msc-test-stub-5b875d749d-dp87n,8,16
1781594238,gsm-1,osmo-bsc-594654bd47-j9mdh,1,5
1781594238,gsm-1,osmo-bts-virtual-5f8b9b86fc-szfjb,15,5
1781594238,gsm-1,osmo-hlr-546bdb8988-d4r6r,1,2
1781594238,gsm-1,osmo-mgw-8c8fc67d6-txwl8,1,2
1781594238,gsm-1,osmo-mobile-947867b85-d9gvn,3,38
1781594238,gsm-1,osmo-stp-768687f494-mgj9x,1,2
1781594238,gsm-1,ttcn3-tc-26-6-1-1-1-rx2fd,1,6
1781594238,gsm-1,virtphy-858665df6d-4fmrz,6,1
1781594238,kube-system,coredns-c4dbffb5f-p9rsr,2,27
1781594238,kube-system,local-path-provisioner-5c4dc5d66d-nfqxz,1,17
1781594238,kube-system,metrics-server-786d997795-hcp2m,9,44
1781594238,kube-system,svclb-traefik-1100f998-kpm9h,0,0
1781594238,kube-system,traefik-9bcdbbd9-qtpjt,1,38
1781594240,gsm-1,msc-test-stub-5b875d749d-dp87n,8,16
1781594240,gsm-1,osmo-bsc-594654bd47-j9mdh,1,5
1781594240,gsm-1,osmo-bts-virtual-5f8b9b86fc-szfjb,15,5
1781594240,gsm-1,osmo-hlr-546bdb8988-d4r6r,1,2
1781594240,gsm-1,osmo-mgw-8c8fc67d6-txwl8,1,2
1781594240,gsm-1,osmo-mobile-947867b85-d9gvn,3,38
1781594240,gsm-1,osmo-stp-768687f494-mgj9x,1,2
1781594240,gsm-1,ttcn3-tc-26-6-1-1-1-rx2fd,1,6
1781594240,gsm-1,virtphy-858665df6d-4fmrz,6,1
1781594240,kube-system,coredns-c4dbffb5f-p9rsr,2,27
1781594240,kube-system,local-path-provisioner-5c4dc5d66d-nfqxz,1,17
1781594240,kube-system,metrics-server-786d997795-hcp2m,9,44
1781594240,kube-system,svclb-traefik-1100f998-kpm9h,0,0
1781594240,kube-system,traefik-9bcdbbd9-qtpjt,1,38
1781594242,gsm-1,msc-test-stub-5b875d749d-dp87n,8,16
1781594242,gsm-1,osmo-bsc-594654bd47-j9mdh,1,5
1781594242,gsm-1,osmo-bts-virtual-5f8b9b86fc-szfjb,15,5
1781594242,gsm-1,osmo-hlr-546bdb8988-d4r6r,1,2
1781594242,gsm-1,osmo-mgw-8c8fc67d6-txwl8,1,2
1781594242,gsm-1,osmo-mobile-947867b85-d9gvn,3,38
1781594242,gsm-1,osmo-stp-768687f494-mgj9x,1,2
1781594242,gsm-1,ttcn3-tc-26-6-1-1-1-rx2fd,1,6
1781594242,gsm-1,virtphy-858665df6d-4fmrz,6,1
1781594242,kube-system,coredns-c4dbffb5f-p9rsr,2,27
1781594242,kube-system,local-path-provisioner-5c4dc5d66d-nfqxz,1,17
1781594242,kube-system,metrics-server-786d997795-hcp2m,9,44
1781594242,kube-system,svclb-traefik-1100f998-kpm9h,0,0
1781594242,kube-system,traefik-9bcdbbd9-qtpjt,1,38
1781594244,gsm-1,msc-test-stub-5b875d749d-dp87n,8,16
1781594244,gsm-1,osmo-bsc-594654bd47-j9mdh,1,5
1781594244,gsm-1,osmo-bts-virtual-5f8b9b86fc-szfjb,15,5
1781594244,gsm-1,osmo-hlr-546bdb8988-d4r6r,1,2
1781594244,gsm-1,osmo-mgw-8c8fc67d6-txwl8,1,2
1781594244,gsm-1,osmo-mobile-947867b85-d9gvn,3,38
1781594244,gsm-1,osmo-stp-768687f494-mgj9x,1,2
1781594244,gsm-1,ttcn3-tc-26-6-1-1-1-rx2fd,1,6
1781594244,gsm-1,virtphy-858665df6d-4fmrz,6,1
1781594244,kube-system,coredns-c4dbffb5f-p9rsr,2,27
1781594244,kube-system,local-path-provisioner-5c4dc5d66d-nfqxz,1,17
1781594244,kube-system,metrics-server-786d997795-hcp2m,9,44
1781594244,kube-system,svclb-traefik-1100f998-kpm9h,0,0
1781594244,kube-system,traefik-9bcdbbd9-qtpjt,1,38
1781594246,gsm-1,msc-test-stub-5b875d749d-dp87n,8,16
1781594246,gsm-1,osmo-bsc-594654bd47-j9mdh,1,5
1781594246,gsm-1,osmo-bts-virtual-5f8b9b86fc-szfjb,15,5
1781594246,gsm-1,osmo-hlr-546bdb8988-d4r6r,1,2
1781594246,gsm-1,osmo-mgw-8c8fc67d6-txwl8,1,2
1781594246,gsm-1,osmo-mobile-947867b85-d9gvn,3,38
1781594246,gsm-1,osmo-stp-768687f494-mgj9x,1,2
1781594246,gsm-1,ttcn3-tc-26-6-1-1-1-rx2fd,1,6
1781594246,gsm-1,virtphy-858665df6d-4fmrz,6,1
1781594246,kube-system,coredns-c4dbffb5f-p9rsr,2,27
1781594246,kube-system,local-path-provisioner-5c4dc5d66d-nfqxz,1,17
1781594246,kube-system,metrics-server-786d997795-hcp2m,9,44
1781594246,kube-system,svclb-traefik-1100f998-kpm9h,0,0
1781594246,kube-system,traefik-9bcdbbd9-qtpjt,1,38
1781594249,gsm-1,msc-test-stub-5b875d749d-dp87n,1,16
1781594249,gsm-1,osmo-bsc-594654bd47-j9mdh,1,5
1781594249,gsm-1,osmo-bts-virtual-5f8b9b86fc-szfjb,16,5
1781594249,gsm-1,osmo-hlr-546bdb8988-d4r6r,1,2
1781594249,gsm-1,osmo-mgw-8c8fc67d6-txwl8,1,2
1781594249,gsm-1,osmo-mobile-947867b85-d9gvn,3,38
1781594249,gsm-1,osmo-stp-768687f494-mgj9x,1,2
1781594249,gsm-1,ttcn3-tc-26-6-1-1-1-rx2fd,1,6
1781594249,gsm-1,virtphy-858665df6d-4fmrz,6,1
1781594249,kube-system,coredns-c4dbffb5f-p9rsr,3,27
1781594249,kube-system,local-path-provisioner-5c4dc5d66d-nfqxz,1,17
1781594249,kube-system,metrics-server-786d997795-hcp2m,7,44
1781594249,kube-system,svclb-traefik-1100f998-kpm9h,0,0
1781594249,kube-system,traefik-9bcdbbd9-qtpjt,1,38
1781594251,gsm-1,msc-test-stub-5b875d749d-dp87n,1,16
1781594251,gsm-1,osmo-bsc-594654bd47-j9mdh,1,5
1781594251,gsm-1,osmo-bts-virtual-5f8b9b86fc-szfjb,16,5
1781594251,gsm-1,osmo-hlr-546bdb8988-d4r6r,1,2
1781594251,gsm-1,osmo-mgw-8c8fc67d6-txwl8,1,2
1781594251,gsm-1,osmo-mobile-947867b85-d9gvn,3,38
1781594251,gsm-1,osmo-stp-768687f494-mgj9x,1,2
1781594251,gsm-1,ttcn3-tc-26-6-1-1-1-rx2fd,1,6
1781594251,gsm-1,virtphy-858665df6d-4fmrz,6,1
1781594251,kube-system,coredns-c4dbffb5f-p9rsr,3,27
1781594251,kube-system,local-path-provisioner-5c4dc5d66d-nfqxz,1,17
1781594251,kube-system,metrics-server-786d997795-hcp2m,7,44
1781594251,kube-system,svclb-traefik-1100f998-kpm9h,0,0
1781594251,kube-system,traefik-9bcdbbd9-qtpjt,1,38
1781594253,gsm-1,msc-test-stub-5b875d749d-dp87n,1,16
1781594253,gsm-1,osmo-bsc-594654bd47-j9mdh,1,5
1781594253,gsm-1,osmo-bts-virtual-5f8b9b86fc-szfjb,16,5
1781594253,gsm-1,osmo-hlr-546bdb8988-d4r6r,1,2
1781594253,gsm-1,osmo-mgw-8c8fc67d6-txwl8,1,2
1781594253,gsm-1,osmo-mobile-947867b85-d9gvn,3,38
1781594253,gsm-1,osmo-stp-768687f494-mgj9x,1,2
1781594253,gsm-1,ttcn3-tc-26-6-1-1-1-rx2fd,1,6
1781594253,gsm-1,virtphy-858665df6d-4fmrz,6,1
1781594253,kube-system,coredns-c4dbffb5f-p9rsr,3,27
1781594253,kube-system,local-path-provisioner-5c4dc5d66d-nfqxz,1,17
1781594253,kube-system,metrics-server-786d997795-hcp2m,7,44
1781594253,kube-system,svclb-traefik-1100f998-kpm9h,0,0
1781594253,kube-system,traefik-9bcdbbd9-qtpjt,1,38
1781594255,gsm-1,msc-test-stub-5b875d749d-dp87n,1,16
1781594255,gsm-1,osmo-bsc-594654bd47-j9mdh,1,5
1781594255,gsm-1,osmo-bts-virtual-5f8b9b86fc-szfjb,16,5
1781594255,gsm-1,osmo-hlr-546bdb8988-d4r6r,1,2
1781594255,gsm-1,osmo-mgw-8c8fc67d6-txwl8,1,2
1781594255,gsm-1,osmo-mobile-947867b85-d9gvn,3,38
1781594255,gsm-1,osmo-stp-768687f494-mgj9x,1,2
1781594255,gsm-1,ttcn3-tc-26-6-1-1-1-rx2fd,1,6
1781594255,gsm-1,virtphy-858665df6d-4fmrz,6,1
1781594255,kube-system,coredns-c4dbffb5f-p9rsr,3,27
1781594255,kube-system,local-path-provisioner-5c4dc5d66d-nfqxz,1,17
1781594255,kube-system,metrics-server-786d997795-hcp2m,7,44
1781594255,kube-system,svclb-traefik-1100f998-kpm9h,0,0
1781594255,kube-system,traefik-9bcdbbd9-qtpjt,1,38
1781594257,gsm-1,msc-test-stub-5b875d749d-dp87n,1,16
1781594257,gsm-1,osmo-bsc-594654bd47-j9mdh,1,5
1781594257,gsm-1,osmo-bts-virtual-5f8b9b86fc-szfjb,16,5
1781594257,gsm-1,osmo-hlr-546bdb8988-d4r6r,1,2
1781594257,gsm-1,osmo-mgw-8c8fc67d6-txwl8,1,2
1781594257,gsm-1,osmo-mobile-947867b85-d9gvn,3,38
1781594257,gsm-1,osmo-stp-768687f494-mgj9x,1,2
1781594257,gsm-1,ttcn3-tc-26-6-1-1-1-rx2fd,1,6
1781594257,gsm-1,virtphy-858665df6d-4fmrz,6,1
1781594257,kube-system,coredns-c4dbffb5f-p9rsr,3,27
1781594257,kube-system,local-path-provisioner-5c4dc5d66d-nfqxz,1,17
1781594257,kube-system,metrics-server-786d997795-hcp2m,7,44
1781594257,kube-system,svclb-traefik-1100f998-kpm9h,0,0
1781594257,kube-system,traefik-9bcdbbd9-qtpjt,1,38
1781594259,gsm-1,msc-test-stub-5b875d749d-dp87n,1,16
1781594259,gsm-1,osmo-bsc-594654bd47-j9mdh,1,5
1781594259,gsm-1,osmo-bts-virtual-5f8b9b86fc-szfjb,16,5
1781594259,gsm-1,osmo-hlr-546bdb8988-d4r6r,1,2
1781594259,gsm-1,osmo-mgw-8c8fc67d6-txwl8,1,2
1781594259,gsm-1,osmo-mobile-947867b85-d9gvn,3,38
1781594259,gsm-1,osmo-stp-768687f494-mgj9x,1,2
1781594259,gsm-1,virtphy-858665df6d-4fmrz,6,1
1781594259,kube-system,coredns-c4dbffb5f-p9rsr,3,27
1781594259,kube-system,local-path-provisioner-5c4dc5d66d-nfqxz,1,17
1781594259,kube-system,metrics-server-786d997795-hcp2m,7,44
1781594259,kube-system,svclb-traefik-1100f998-kpm9h,0,0
1781594259,kube-system,traefik-9bcdbbd9-qtpjt,1,38
1781594261,gsm-1,msc-test-stub-5b875d749d-dp87n,1,16
1781594261,gsm-1,osmo-bsc-594654bd47-j9mdh,1,5
1781594261,gsm-1,osmo-bts-virtual-5f8b9b86fc-szfjb,16,5
1781594261,gsm-1,osmo-hlr-546bdb8988-d4r6r,1,2
1781594261,gsm-1,osmo-mgw-8c8fc67d6-txwl8,1,2
1781594261,gsm-1,osmo-mobile-947867b85-d9gvn,3,38
1781594261,gsm-1,osmo-stp-768687f494-mgj9x,1,2
1781594261,gsm-1,virtphy-858665df6d-4fmrz,6,1
1781594261,kube-system,coredns-c4dbffb5f-p9rsr,3,27
1781594261,kube-system,local-path-provisioner-5c4dc5d66d-nfqxz,1,17
1781594261,kube-system,metrics-server-786d997795-hcp2m,7,44
1781594261,kube-system,svclb-traefik-1100f998-kpm9h,0,0
1781594261,kube-system,traefik-9bcdbbd9-qtpjt,1,38
1781594263,gsm-1,msc-test-stub-5b875d749d-dp87n,1,16
1781594263,gsm-1,osmo-bsc-594654bd47-j9mdh,1,5
1781594263,gsm-1,osmo-bts-virtual-5f8b9b86fc-szfjb,16,5
1781594263,gsm-1,osmo-hlr-546bdb8988-d4r6r,1,2
1781594263,gsm-1,osmo-mgw-8c8fc67d6-txwl8,1,2
1781594263,gsm-1,osmo-mobile-947867b85-d9gvn,3,38
1781594263,gsm-1,osmo-stp-768687f494-mgj9x,1,2
1781594263,gsm-1,virtphy-858665df6d-4fmrz,7,1
1781594263,kube-system,coredns-c4dbffb5f-p9rsr,3,27
1781594263,kube-system,local-path-provisioner-5c4dc5d66d-nfqxz,1,17
1781594263,kube-system,metrics-server-786d997795-hcp2m,9,44
1781594263,kube-system,svclb-traefik-1100f998-kpm9h,0,0
1781594263,kube-system,traefik-9bcdbbd9-qtpjt,1,38
1781594265,gsm-1,msc-test-stub-5b875d749d-dp87n,1,16
1781594265,gsm-1,osmo-bsc-594654bd47-j9mdh,1,5
1781594265,gsm-1,osmo-bts-virtual-5f8b9b86fc-szfjb,16,5
1781594265,gsm-1,osmo-hlr-546bdb8988-d4r6r,1,2
1781594265,gsm-1,osmo-mgw-8c8fc67d6-txwl8,1,2
1781594265,gsm-1,osmo-mobile-947867b85-d9gvn,3,38
1781594265,gsm-1,osmo-stp-768687f494-mgj9x,1,2
1781594265,gsm-1,virtphy-858665df6d-4fmrz,7,1
1781594265,kube-system,coredns-c4dbffb5f-p9rsr,3,27
1781594265,kube-system,local-path-provisioner-5c4dc5d66d-nfqxz,1,17
1781594265,kube-system,metrics-server-786d997795-hcp2m,9,44
1781594265,kube-system,svclb-traefik-1100f998-kpm9h,0,0
1781594265,kube-system,traefik-9bcdbbd9-qtpjt,1,38
1781594267,gsm-1,msc-test-stub-5b875d749d-dp87n,1,16
1781594267,gsm-1,osmo-mgw-8c8fc67d6-txwl8,1,2
1781594267,gsm-1,osmo-mobile-947867b85-d9gvn,3,38
1781594267,kube-system,coredns-c4dbffb5f-p9rsr,3,27
1781594267,kube-system,local-path-provisioner-5c4dc5d66d-nfqxz,1,17
1781594267,kube-system,metrics-server-786d997795-hcp2m,9,44
1781594267,kube-system,svclb-traefik-1100f998-kpm9h,0,0
1781594267,kube-system,traefik-9bcdbbd9-qtpjt,1,38
1781594269,gsm-1,msc-test-stub-5b875d749d-dp87n,1,16
1781594269,gsm-1,osmo-mgw-8c8fc67d6-txwl8,1,2
1781594269,gsm-1,osmo-mobile-947867b85-d9gvn,3,38
1781594269,kube-system,coredns-c4dbffb5f-p9rsr,3,27
1781594269,kube-system,local-path-provisioner-5c4dc5d66d-nfqxz,1,17
1781594269,kube-system,metrics-server-786d997795-hcp2m,9,44
1781594269,kube-system,svclb-traefik-1100f998-kpm9h,0,0
1781594269,kube-system,traefik-9bcdbbd9-qtpjt,1,38
1781594271,gsm-1,msc-test-stub-5b875d749d-dp87n,1,16
1781594271,gsm-1,osmo-mgw-8c8fc67d6-txwl8,1,2
1781594271,gsm-1,osmo-mobile-947867b85-d9gvn,3,38
1781594271,kube-system,coredns-c4dbffb5f-p9rsr,3,27
1781594271,kube-system,local-path-provisioner-5c4dc5d66d-nfqxz,1,17
1781594271,kube-system,metrics-server-786d997795-hcp2m,9,44
1781594271,kube-system,svclb-traefik-1100f998-kpm9h,0,0
1781594271,kube-system,traefik-9bcdbbd9-qtpjt,1,38
1781594273,gsm-1,msc-test-stub-5b875d749d-dp87n,1,16
1781594273,gsm-1,osmo-mgw-8c8fc67d6-txwl8,1,2
1781594273,gsm-1,osmo-mobile-947867b85-d9gvn,3,38
1781594273,kube-system,coredns-c4dbffb5f-p9rsr,3,27
1781594273,kube-system,local-path-provisioner-5c4dc5d66d-nfqxz,1,17
1781594273,kube-system,metrics-server-786d997795-hcp2m,9,44
1781594273,kube-system,svclb-traefik-1100f998-kpm9h,0,0
1781594273,kube-system,traefik-9bcdbbd9-qtpjt,1,38
1781594275,gsm-1,msc-test-stub-5b875d749d-dp87n,1,16
1781594275,gsm-1,osmo-mgw-8c8fc67d6-txwl8,1,2
1781594275,gsm-1,osmo-mobile-947867b85-d9gvn,3,38
1781594275,kube-system,coredns-c4dbffb5f-p9rsr,3,27
1781594275,kube-system,local-path-provisioner-5c4dc5d66d-nfqxz,1,17
1781594275,kube-system,metrics-server-786d997795-hcp2m,9,44
1781594275,kube-system,svclb-traefik-1100f998-kpm9h,0,0
1781594275,kube-system,traefik-9bcdbbd9-qtpjt,1,38
1781594277,gsm-1,msc-test-stub-5b875d749d-dp87n,1,16
1781594277,gsm-1,osmo-mgw-8c8fc67d6-txwl8,1,2
1781594277,gsm-1,osmo-mobile-947867b85-d9gvn,3,38
1781594277,kube-system,coredns-c4dbffb5f-p9rsr,3,27
1781594277,kube-system,local-path-provisioner-5c4dc5d66d-nfqxz,1,17
1781594277,kube-system,metrics-server-786d997795-hcp2m,9,44
1781594277,kube-system,svclb-traefik-1100f998-kpm9h,0,0
1781594277,kube-system,traefik-9bcdbbd9-qtpjt,1,38
1781594279,gsm-1,msc-test-stub-5b875d749d-dp87n,1,16
1781594279,gsm-1,osmo-mgw-8c8fc67d6-txwl8,1,2
1781594279,gsm-1,osmo-mobile-947867b85-d9gvn,3,36
1781594279,kube-system,coredns-c4dbffb5f-p9rsr,3,27
1781594279,kube-system,local-path-provisioner-5c4dc5d66d-nfqxz,1,17
1781594279,kube-system,metrics-server-786d997795-hcp2m,10,44
1781594279,kube-system,svclb-traefik-1100f998-kpm9h,0,0
1781594279,kube-system,traefik-9bcdbbd9-qtpjt,1,38
1781594281,gsm-1,msc-test-stub-5b875d749d-dp87n,1,16
1781594281,gsm-1,osmo-mgw-8c8fc67d6-txwl8,1,2
1781594281,gsm-1,osmo-mobile-947867b85-d9gvn,3,36
1781594281,kube-system,coredns-c4dbffb5f-p9rsr,3,27
1781594281,kube-system,local-path-provisioner-5c4dc5d66d-nfqxz,1,17
1781594281,kube-system,metrics-server-786d997795-hcp2m,10,44
1781594281,kube-system,svclb-traefik-1100f998-kpm9h,0,0
1781594281,kube-system,traefik-9bcdbbd9-qtpjt,1,38
1781594283,gsm-1,msc-test-stub-5b875d749d-dp87n,1,16
1781594283,gsm-1,osmo-mgw-8c8fc67d6-txwl8,1,2
1781594283,gsm-1,osmo-mobile-947867b85-d9gvn,3,36
1781594283,kube-system,coredns-c4dbffb5f-p9rsr,3,27
1781594283,kube-system,local-path-provisioner-5c4dc5d66d-nfqxz,1,17
1781594283,kube-system,metrics-server-786d997795-hcp2m,10,44
1781594283,kube-system,svclb-traefik-1100f998-kpm9h,0,0
1781594283,kube-system,traefik-9bcdbbd9-qtpjt,1,38
1781594285,gsm-1,msc-test-stub-5b875d749d-dp87n,1,16
1781594285,gsm-1,osmo-mgw-8c8fc67d6-txwl8,1,2
1781594285,gsm-1,osmo-mobile-947867b85-d9gvn,3,36
1781594285,kube-system,coredns-c4dbffb5f-p9rsr,3,27
1781594285,kube-system,local-path-provisioner-5c4dc5d66d-nfqxz,1,17
1781594285,kube-system,metrics-server-786d997795-hcp2m,10,44
1781594285,kube-system,svclb-traefik-1100f998-kpm9h,0,0
1781594285,kube-system,traefik-9bcdbbd9-qtpjt,1,38
1781594287,gsm-1,msc-test-stub-5b875d749d-dp87n,1,16
1781594287,gsm-1,osmo-mgw-8c8fc67d6-txwl8,1,2
1781594287,gsm-1,osmo-mobile-947867b85-d9gvn,3,36
1781594287,kube-system,coredns-c4dbffb5f-p9rsr,3,27
1781594287,kube-system,local-path-provisioner-5c4dc5d66d-nfqxz,1,17
1781594287,kube-system,metrics-server-786d997795-hcp2m,10,44
1781594287,kube-system,svclb-traefik-1100f998-kpm9h,0,0
1781594287,kube-system,traefik-9bcdbbd9-qtpjt,1,38
1781594289,gsm-1,msc-test-stub-5b875d749d-dp87n,1,16
1781594289,gsm-1,osmo-mgw-8c8fc67d6-txwl8,1,2
1781594289,gsm-1,osmo-mobile-947867b85-d9gvn,3,36
1781594289,kube-system,coredns-c4dbffb5f-p9rsr,3,27
1781594289,kube-system,local-path-provisioner-5c4dc5d66d-nfqxz,1,17
1781594289,kube-system,metrics-server-786d997795-hcp2m,10,44
1781594289,kube-system,svclb-traefik-1100f998-kpm9h,0,0
1781594289,kube-system,traefik-9bcdbbd9-qtpjt,1,38
1781594292,gsm-1,msc-test-stub-5b875d749d-dp87n,1,16
1781594292,gsm-1,osmo-mgw-8c8fc67d6-txwl8,1,2
1781594292,gsm-1,osmo-mobile-947867b85-d9gvn,3,36
1781594292,kube-system,coredns-c4dbffb5f-p9rsr,3,27
1781594292,kube-system,local-path-provisioner-5c4dc5d66d-nfqxz,1,17
1781594292,kube-system,metrics-server-786d997795-hcp2m,10,44
1781594292,kube-system,svclb-traefik-1100f998-kpm9h,0,0
1781594292,kube-system,traefik-9bcdbbd9-qtpjt,1,38
1781594294,gsm-1,msc-test-stub-5b875d749d-dp87n,1,16
1781594294,gsm-1,osmo-mgw-8c8fc67d6-txwl8,1,2
1781594294,gsm-1,osmo-mobile-947867b85-d9gvn,5,36
1781594294,kube-system,coredns-c4dbffb5f-p9rsr,4,27
1781594294,kube-system,local-path-provisioner-5c4dc5d66d-nfqxz,1,17
1781594294,kube-system,metrics-server-786d997795-hcp2m,7,44
1781594294,kube-system,svclb-traefik-1100f998-kpm9h,0,0
1781594294,kube-system,traefik-9bcdbbd9-qtpjt,1,38
1781594296,kube-system,coredns-c4dbffb5f-p9rsr,4,27
1781594296,kube-system,local-path-provisioner-5c4dc5d66d-nfqxz,1,17
1781594296,kube-system,metrics-server-786d997795-hcp2m,7,44
1781594296,kube-system,svclb-traefik-1100f998-kpm9h,0,0
1781594296,kube-system,traefik-9bcdbbd9-qtpjt,1,38
1781594298,kube-system,coredns-c4dbffb5f-p9rsr,4,27
1781594298,kube-system,local-path-provisioner-5c4dc5d66d-nfqxz,1,17
1781594298,kube-system,metrics-server-786d997795-hcp2m,7,44
1781594298,kube-system,svclb-traefik-1100f998-kpm9h,0,0
1781594298,kube-system,traefik-9bcdbbd9-qtpjt,1,38
1781594300,kube-system,coredns-c4dbffb5f-p9rsr,4,27
1781594300,kube-system,local-path-provisioner-5c4dc5d66d-nfqxz,1,17
1781594300,kube-system,metrics-server-786d997795-hcp2m,7,44
1781594300,kube-system,svclb-traefik-1100f998-kpm9h,0,0
1781594300,kube-system,traefik-9bcdbbd9-qtpjt,1,38
1781594302,kube-system,coredns-c4dbffb5f-p9rsr,4,27
1781594302,kube-system,local-path-provisioner-5c4dc5d66d-nfqxz,1,17
1781594302,kube-system,metrics-server-786d997795-hcp2m,7,44
1781594302,kube-system,svclb-traefik-1100f998-kpm9h,0,0
1781594302,kube-system,traefik-9bcdbbd9-qtpjt,1,38
1781594304,kube-system,coredns-c4dbffb5f-p9rsr,4,27
1781594304,kube-system,local-path-provisioner-5c4dc5d66d-nfqxz,1,17
1781594304,kube-system,metrics-server-786d997795-hcp2m,7,44
1781594304,kube-system,svclb-traefik-1100f998-kpm9h,0,0
1781594304,kube-system,traefik-9bcdbbd9-qtpjt,1,38
1781594306,kube-system,coredns-c4dbffb5f-p9rsr,4,27
1781594306,kube-system,local-path-provisioner-5c4dc5d66d-nfqxz,1,17
1781594306,kube-system,metrics-server-786d997795-hcp2m,7,44
1781594306,kube-system,svclb-traefik-1100f998-kpm9h,0,0
1781594306,kube-system,traefik-9bcdbbd9-qtpjt,1,38
1781594308,kube-system,coredns-c4dbffb5f-p9rsr,3,27
1781594308,kube-system,local-path-provisioner-5c4dc5d66d-nfqxz,1,17
1781594308,kube-system,metrics-server-786d997795-hcp2m,9,44
1781594308,kube-system,svclb-traefik-1100f998-kpm9h,0,0
1781594308,kube-system,traefik-9bcdbbd9-qtpjt,1,38
1781594310,kube-system,coredns-c4dbffb5f-p9rsr,3,27
1781594310,kube-system,local-path-provisioner-5c4dc5d66d-nfqxz,1,17
1781594310,kube-system,metrics-server-786d997795-hcp2m,9,44
1781594310,kube-system,svclb-traefik-1100f998-kpm9h,0,0
1781594310,kube-system,traefik-9bcdbbd9-qtpjt,1,38
1781594312,kube-system,coredns-c4dbffb5f-p9rsr,3,27
1781594312,kube-system,local-path-provisioner-5c4dc5d66d-nfqxz,1,17
1781594312,kube-system,metrics-server-786d997795-hcp2m,9,44
1781594312,kube-system,svclb-traefik-1100f998-kpm9h,0,0
1781594312,kube-system,traefik-9bcdbbd9-qtpjt,1,38
