======================================================
Waiting for mobile to register (5 seconds)...
======================================================
======================================================
Starting TC_34_2_2 Test Case
======================================================
Resolved: msc=10.42.0.204 mobile=10.43.154.73 bsc=10.42.0.206
DEBUG: [EXECUTE] section:
[EXECUTE]
TC_34_2_2.TC_34_2_2
  Waiting for MC... (1/30)
Main Controller ready (attempt 2)
Starting Host Controller...
TTCN-3 Host Controller (parallel mode), version 11.1.0
The address of MC was set to a local IP address. This may cause incorrect behavior if a HC from a remote host also connects to MC.
Result dir: /results/TC_34_2_2-2026-06-23-082654
Waiting for log files...
2026/Jun/23 08:26:55.621222 EXECUTOR - TTCN-3 Host Controller started on ttcn3-tc-34-2-2-1-scbkv. Version: 11.1.0.
2026/Jun/23 08:26:55.621371 EXECUTOR - TTCN Logger v2.2 options: TimeStampFormat:=DateTime; LogEntityName:=No; LogEventTypes:=Yes; SourceInfoFormat:=Single; LogSensitiveData:=No; *.FileMask:=LOG_ALL; *.ConsoleMask:=ERROR | TESTCASE | USER | VERDICTOP | WARNING; LogFileSize:=0; LogFileNumber:=1; DiskFullAction:=Error
2026/Jun/23 08:26:55.621381 EXECUTOR - Maximum number of open file descriptors: 1048576,   FD_SETSIZE = 1024
2026/Jun/23 08:26:55.621482 WARNING - Warning: The address of MC was set to a local IP address. This may cause incorrect behavior if a HC from a remote host also connects to MC.
2026/Jun/23 08:26:55.621512 EXECUTOR - The address of MC was set to 127.0.0.1:0.
2026/Jun/23 08:26:55.621614 EXECUTOR - Connected to MC.
2026/Jun/23 08:26:55.621690 EXECUTOR - This host supports UNIX domain sockets for local communication.
2026/Jun/23 08:26:55.622061 EXECUTOR - Processing configuration data received from MC.
2026/Jun/23 08:26:55.622335 WARNING - Warning: Skeleton `/results/TC_34_2_2-2026-06-23-082654/%n.log' does not guarantee unique log file name for every test system process. It may cause unpredictable results if several test components try to write into the same log file.
2026/Jun/23 08:26:55.623265 EXECUTOR - Module GSM_Constants has the following parameters: { TSPC_Serv_TS11 := true, TSPC_Serv_TS61 := false, TSPC_Serv_TS62 := false, TSPC_Serv_BS21 := false, TSPC_Serv_BS22 := false, TSPC_Serv_BS24 := false, TSPC_Serv_BS25 := false, TSPC_Serv_BS26 := false, TSPC_Serv_BS31 := false, TSPC_Serv_BS32 := false, TSPC_Serv_BS33 := false, TSPC_Serv_BS34 := false, TSPC_Serv_BS41 := false, TSPC_Serv_BS42 := false, TSPC_Serv_BS43 := false, TSPC_Serv_BS44 := false, TSPC_Serv_BS45 := false, TSPC_Serv_BS51 := false, TSPC_Serv_BS61 := false, TSPC_Serv_BS81 := false, TSPC_DualRate := false, TSPC_MTsvc := true, TSPX_IMSI := '901700000000001F'O, TSPX_TMSI := '1914D97F'O, TSPX_CKSNDef := 0, TSPX_RANDDef := '00112233445566778899AABBCCDDEEFF'O, TSPX_SRES := '12345678'O, TSPX_Kc := '0000000000000000'O, TSPX_SDCCH4SubDef := 0, TSPX_TmSltDef := 0, TSPX_TscDef := 7, TSPX_TCHHSubDef := 0, TCV_CC := true, TSPX_Telephony_Rate := C_Full (0), TSPX_MOBscSvcA := C_Telephony (0), TSPX_MOBscSvcB := C_Telephony (0), TSPX_MOBscSvcC := C_Telephony (0), TSPX_MOBscSvcD := C_Telephony (0), TSPX_MOBscSvcE := C_Telephony (0), TSPX_MOBscSvcF := C_Telephony (0), TSPX_MOBscSvcG := C_Telephony (0), TSPX_MOChRateA := C_Full (0), TSPX_MOChRateB := C_Full (0), TSPX_MOChRateC := C_Full (0), TSPX_MOChRateD := C_Full (0), TSPX_MOChRateE := C_Full (0), TSPX_MOChRateF := C_Full (0), TSPX_MOChRateG := C_Full (0), TSPX_MTBscSvcA := C_Telephony (0), TSPX_MTBscSvcB := C_Telephony (0), TSPX_MTBscSvcC := C_Telephony (0), TSPX_MTBscSvcD := C_Telephony (0), TSPX_MTBscSvcE := C_Telephony (0), TSPX_MTBscSvcF := C_Telephony (0), TSPX_MTBscSvcG := C_Telephony (0), TSPX_MTBscSvcH := C_Telephony (0), TSPX_MTBscSvcI := C_Telephony (0), TSPX_MTBscSvcJ := C_Telephony (0), TSPX_MTChRateA := C_Full (0), TSPX_MTChRateB := C_Full (0), TSPX_MTChRateC := C_Full (0), TSPX_MTChRateD := C_Full (0), TSPX_MTChRateE := C_Full (0), TSPX_MTChRateF := C_Full (0), TSPX_MTChRateG := C_Full (0), TSPX_MTChRateH := C_Full (0), TSPX_MTChRateI := C_Full (0), TSPX_MTChRateJ := C_Full (0), C_arfcnA := 100 }
2026/Jun/23 08:26:55.623354 EXECUTOR - Module TC_26_6_1_2 has the following parameters: { TSPX_nPara := 3, TSPX_i1Para := 3, TSPX_kPara := 5, TSPX_i2Para := 1, TSPX_rPara := 4, TSPX_i3Para := 4 }
2026/Jun/23 08:26:55.623399 EXECUTOR - Initializing module GSM_Component_Definitions.
2026/Jun/23 08:26:55.623408 EXECUTOR GSM_Component_Definitions.ttcn3:0 Initializing module GSM_Templates.
2026/Jun/23 08:26:55.623427 EXECUTOR GSM_Templates.ttcn3:0 Initializing module GSM_Constants.
2026/Jun/23 08:26:55.623433 EXECUTOR GSM_Constants.ttcn3:0 Initializing module GSM_Types.
2026/Jun/23 08:26:55.623436 EXECUTOR GSM_Constants.ttcn3:0 Initialization of module GSM_Types finished.
2026/Jun/23 08:26:55.623440 EXECUTOR GSM_Templates.ttcn3:0 Initialization of module GSM_Constants finished.
2026/Jun/23 08:26:55.623514 EXECUTOR GSM_Component_Definitions.ttcn3:0 Initialization of module GSM_Templates finished.
2026/Jun/23 08:26:55.623518 EXECUTOR - Initialization of module GSM_Component_Definitions finished.
2026/Jun/23 08:26:55.623521 EXECUTOR - Initializing module GSM_Functions.
2026/Jun/23 08:26:55.623547 EXECUTOR - Initialization of module GSM_Functions finished.
2026/Jun/23 08:26:55.623550 EXECUTOR - Initializing module PreGenRecordOf.
2026/Jun/23 08:26:55.623553 EXECUTOR - Initialization of module PreGenRecordOf finished.
2026/Jun/23 08:26:55.623555 EXECUTOR - Initializing module TC_26_2_1_3.
2026/Jun/23 08:26:55.623561 EXECUTOR - Initialization of module TC_26_2_1_3 finished.
2026/Jun/23 08:26:55.623563 EXECUTOR - Initializing module TC_26_2_2.
2026/Jun/23 08:26:55.623569 EXECUTOR - Initialization of module TC_26_2_2 finished.
2026/Jun/23 08:26:55.623572 EXECUTOR - Initializing module TC_26_2_3.
2026/Jun/23 08:26:55.623577 EXECUTOR - Initialization of module TC_26_2_3 finished.
2026/Jun/23 08:26:55.623579 EXECUTOR - Initializing module TC_26_6_11_1.
2026/Jun/23 08:26:55.623585 EXECUTOR - Initialization of module TC_26_6_11_1 finished.
2026/Jun/23 08:26:55.623588 EXECUTOR - Initializing module TC_26_6_11_2.
2026/Jun/23 08:26:55.623593 EXECUTOR - Initialization of module TC_26_6_11_2 finished.
2026/Jun/23 08:26:55.623595 EXECUTOR - Initializing module TC_26_6_12_1.
2026/Jun/23 08:26:55.623601 EXECUTOR - Initialization of module TC_26_6_12_1 finished.
2026/Jun/23 08:26:55.623603 EXECUTOR - Initializing module TC_26_6_12_2.
2026/Jun/23 08:26:55.623609 EXECUTOR - Initialization of module TC_26_6_12_2 finished.
2026/Jun/23 08:26:55.623611 EXECUTOR - Initializing module TC_26_6_12_3.
2026/Jun/23 08:26:55.623617 EXECUTOR - Initialization of module TC_26_6_12_3 finished.
2026/Jun/23 08:26:55.623619 EXECUTOR - Initializing module TC_26_6_12_4.
2026/Jun/23 08:26:55.623625 EXECUTOR - Initialization of module TC_26_6_12_4 finished.
2026/Jun/23 08:26:55.623627 EXECUTOR - Initializing module TC_26_6_13_10.
2026/Jun/23 08:26:55.623633 EXECUTOR - Initialization of module TC_26_6_13_10 finished.
2026/Jun/23 08:26:55.623635 EXECUTOR - Initializing module TC_26_6_13_9.
2026/Jun/23 08:26:55.623640 EXECUTOR - Initialization of module TC_26_6_13_9 finished.
2026/Jun/23 08:26:55.623643 EXECUTOR - Initializing module TC_26_6_1_1.
2026/Jun/23 08:26:55.623648 EXECUTOR - Initialization of module TC_26_6_1_1 finished.
2026/Jun/23 08:26:55.623651 EXECUTOR - Initializing module TC_26_6_1_2.
2026/Jun/23 08:26:55.623656 EXECUTOR - Initialization of module TC_26_6_1_2 finished.
2026/Jun/23 08:26:55.623658 EXECUTOR - Initializing module TC_26_6_1_3.
2026/Jun/23 08:26:55.623664 EXECUTOR - Initialization of module TC_26_6_1_3 finished.
2026/Jun/23 08:26:55.623666 EXECUTOR - Initializing module TC_26_6_1_4.
2026/Jun/23 08:26:55.623672 EXECUTOR - Initialization of module TC_26_6_1_4 finished.
2026/Jun/23 08:26:55.623674 EXECUTOR - Initializing module TC_26_6_1_5.
2026/Jun/23 08:26:55.623680 EXECUTOR - Initialization of module TC_26_6_1_5 finished.
2026/Jun/23 08:26:55.623682 EXECUTOR - Initializing module TC_26_6_2_1_1.
2026/Jun/23 08:26:55.623688 EXECUTOR - Initialization of module TC_26_6_2_1_1 finished.
2026/Jun/23 08:26:55.623690 EXECUTOR - Initializing module TC_26_6_2_1_2.
2026/Jun/23 08:26:55.623696 EXECUTOR - Initialization of module TC_26_6_2_1_2 finished.
2026/Jun/23 08:26:55.623698 EXECUTOR - Initializing module TC_26_6_2_1_3.
2026/Jun/23 08:26:55.623704 EXECUTOR - Initialization of module TC_26_6_2_1_3 finished.
2026/Jun/23 08:26:55.623706 EXECUTOR - Initializing module TC_26_6_2_2.
2026/Jun/23 08:26:55.623712 EXECUTOR - Initialization of module TC_26_6_2_2 finished.
2026/Jun/23 08:26:55.623714 EXECUTOR - Initializing module TC_26_6_2_3_1.
2026/Jun/23 08:26:55.623720 EXECUTOR - Initialization of module TC_26_6_2_3_1 finished.
2026/Jun/23 08:26:55.623722 EXECUTOR - Initializing module TC_26_6_2_3_2.
2026/Jun/23 08:26:55.623728 EXECUTOR - Initialization of module TC_26_6_2_3_2 finished.
2026/Jun/23 08:26:55.623737 EXECUTOR - Initializing module TC_26_6_2_4.
2026/Jun/23 08:26:55.623743 EXECUTOR - Initialization of module TC_26_6_2_4 finished.
2026/Jun/23 08:26:55.623745 EXECUTOR - Initializing module TC_26_6_3_1.
2026/Jun/23 08:26:55.623751 EXECUTOR - Initialization of module TC_26_6_3_1 finished.
2026/Jun/23 08:26:55.623753 EXECUTOR - Initializing module TC_26_6_3_4.
2026/Jun/23 08:26:55.623759 EXECUTOR - Initialization of module TC_26_6_3_4 finished.
2026/Jun/23 08:26:55.623762 EXECUTOR - Initializing module TC_26_6_4_1.
2026/Jun/23 08:26:55.623767 EXECUTOR - Initialization of module TC_26_6_4_1 finished.
2026/Jun/23 08:26:55.623769 EXECUTOR - Initializing module TC_26_6_4_2_2.
2026/Jun/23 08:26:55.623775 EXECUTOR - Initialization of module TC_26_6_4_2_2 finished.
2026/Jun/23 08:26:55.623777 EXECUTOR - Initializing module TC_26_6_5_1.
2026/Jun/23 08:26:55.623783 EXECUTOR - Initialization of module TC_26_6_5_1 finished.
2026/Jun/23 08:26:55.623785 EXECUTOR - Initializing module TC_26_6_5_2_1.
2026/Jun/23 08:26:55.623790 EXECUTOR - Initialization of module TC_26_6_5_2_1 finished.
2026/Jun/23 08:26:55.623793 EXECUTOR - Initializing module TC_26_6_8_1.
2026/Jun/23 08:26:55.623798 EXECUTOR - Initialization of module TC_26_6_8_1 finished.
2026/Jun/23 08:26:55.623801 EXECUTOR - Initializing module TC_26_6_8_2.
2026/Jun/23 08:26:55.623806 EXECUTOR - Initialization of module TC_26_6_8_2 finished.
2026/Jun/23 08:26:55.623808 EXECUTOR - Initializing module TC_26_6_8_3.
2026/Jun/23 08:26:55.623814 EXECUTOR - Initialization of module TC_26_6_8_3 finished.
2026/Jun/23 08:26:55.623816 EXECUTOR - Initializing module TC_26_6_8_4.
2026/Jun/23 08:26:55.623829 EXECUTOR - Initialization of module TC_26_6_8_4 finished.
2026/Jun/23 08:26:55.623835 EXECUTOR - Initializing module TC_26_6_8_5.
2026/Jun/23 08:26:55.623841 EXECUTOR - Initialization of module TC_26_6_8_5 finished.
2026/Jun/23 08:26:55.623843 EXECUTOR - Initializing module TC_26_7_1.
2026/Jun/23 08:26:55.623849 EXECUTOR - Initialization of module TC_26_7_1 finished.
2026/Jun/23 08:26:55.623851 EXECUTOR - Initializing module TC_26_7_2_1.
2026/Jun/23 08:26:55.623857 EXECUTOR - Initialization of module TC_26_7_2_1 finished.
2026/Jun/23 08:26:55.623859 EXECUTOR - Initializing module TC_26_7_2_2.
2026/Jun/23 08:26:55.623865 EXECUTOR - Initialization of module TC_26_7_2_2 finished.
2026/Jun/23 08:26:55.623867 EXECUTOR - Initializing module TC_26_7_3_1.
2026/Jun/23 08:26:55.623872 EXECUTOR - Initialization of module TC_26_7_3_1 finished.
2026/Jun/23 08:26:55.623875 EXECUTOR - Initializing module TC_26_7_3_2.
2026/Jun/23 08:26:55.623881 EXECUTOR - Initialization of module TC_26_7_3_2 finished.
2026/Jun/23 08:26:55.623883 EXECUTOR - Initializing module TC_26_7_4_1.
2026/Jun/23 08:26:55.623888 EXECUTOR - Initialization of module TC_26_7_4_1 finished.
2026/Jun/23 08:26:55.623891 EXECUTOR - Initializing module TC_26_7_4_2_1.
2026/Jun/23 08:26:55.623897 EXECUTOR - Initialization of module TC_26_7_4_2_1 finished.
2026/Jun/23 08:26:55.623899 EXECUTOR - Initializing module TC_26_7_4_2_2_1.
2026/Jun/23 08:26:55.623905 EXECUTOR - Initialization of module TC_26_7_4_2_2_1 finished.
2026/Jun/23 08:26:55.623908 EXECUTOR - Initializing module TC_26_7_4_2_2_2.
2026/Jun/23 08:26:55.623913 EXECUTOR - Initialization of module TC_26_7_4_2_2_2 finished.
2026/Jun/23 08:26:55.623915 EXECUTOR - Initializing module TC_26_7_4_2_3.
2026/Jun/23 08:26:55.623921 EXECUTOR - Initialization of module TC_26_7_4_2_3 finished.
2026/Jun/23 08:26:55.623924 EXECUTOR - Initializing module TC_26_7_4_2_4_1.
2026/Jun/23 08:26:55.623929 EXECUTOR - Initialization of module TC_26_7_4_2_4_1 finished.
2026/Jun/23 08:26:55.623931 EXECUTOR - Initializing module TC_26_7_4_2_4_2.
2026/Jun/23 08:26:55.623937 EXECUTOR - Initialization of module TC_26_7_4_2_4_2 finished.
2026/Jun/23 08:26:55.623940 EXECUTOR - Initializing module TC_26_7_4_2_4_3.
2026/Jun/23 08:26:55.623945 EXECUTOR - Initialization of module TC_26_7_4_2_4_3 finished.
2026/Jun/23 08:26:55.623948 EXECUTOR - Initializing module TC_26_7_4_2_4_4.
2026/Jun/23 08:26:55.623957 EXECUTOR - Initialization of module TC_26_7_4_2_4_4 finished.
2026/Jun/23 08:26:55.623959 EXECUTOR - Initializing module TC_26_7_4_2_4_5.
2026/Jun/23 08:26:55.623965 EXECUTOR - Initialization of module TC_26_7_4_2_4_5 finished.
2026/Jun/23 08:26:55.623967 EXECUTOR - Initializing module TC_26_7_4_3_1.
2026/Jun/23 08:26:55.623973 EXECUTOR - Initialization of module TC_26_7_4_3_1 finished.
2026/Jun/23 08:26:55.623975 EXECUTOR - Initializing module TC_26_7_4_3_2.
2026/Jun/23 08:26:55.623981 EXECUTOR - Initialization of module TC_26_7_4_3_2 finished.
2026/Jun/23 08:26:55.623983 EXECUTOR - Initializing module TC_26_7_4_3_3.
2026/Jun/23 08:26:55.623989 EXECUTOR - Initialization of module TC_26_7_4_3_3 finished.
2026/Jun/23 08:26:55.623991 EXECUTOR - Initializing module TC_26_7_4_3_4.
2026/Jun/23 08:26:55.623996 EXECUTOR - Initialization of module TC_26_7_4_3_4 finished.
2026/Jun/23 08:26:55.623999 EXECUTOR - Initializing module TC_26_7_4_4.
2026/Jun/23 08:26:55.624004 EXECUTOR - Initialization of module TC_26_7_4_4 finished.
2026/Jun/23 08:26:55.624007 EXECUTOR - Initializing module TC_26_7_4_5_1.
2026/Jun/23 08:26:55.624012 EXECUTOR - Initialization of module TC_26_7_4_5_1 finished.
2026/Jun/23 08:26:55.624015 EXECUTOR - Initializing module TC_26_7_4_5_2.
2026/Jun/23 08:26:55.624021 EXECUTOR - Initialization of module TC_26_7_4_5_2 finished.
2026/Jun/23 08:26:55.624023 EXECUTOR - Initializing module TC_26_7_4_5_3.
2026/Jun/23 08:26:55.624029 EXECUTOR - Initialization of module TC_26_7_4_5_3 finished.
2026/Jun/23 08:26:55.624031 EXECUTOR - Initializing module TC_26_7_4_5_4_2.
2026/Jun/23 08:26:55.624037 EXECUTOR - Initialization of module TC_26_7_4_5_4_2 finished.
2026/Jun/23 08:26:55.624039 EXECUTOR - Initializing module TC_26_7_5_2.
2026/Jun/23 08:26:55.624045 EXECUTOR - Initialization of module TC_26_7_5_2 finished.
2026/Jun/23 08:26:55.624047 EXECUTOR - Initializing module TC_26_7_5_3.
2026/Jun/23 08:26:55.624053 EXECUTOR - Initialization of module TC_26_7_5_3 finished.
2026/Jun/23 08:26:55.624056 EXECUTOR - Initializing module TC_26_7_5_4.
2026/Jun/23 08:26:55.624062 EXECUTOR - Initialization of module TC_26_7_5_4 finished.
2026/Jun/23 08:26:55.624064 EXECUTOR - Initializing module TC_26_7_5_5.
2026/Jun/23 08:26:55.624069 EXECUTOR - Initialization of module TC_26_7_5_5 finished.
2026/Jun/23 08:26:55.624072 EXECUTOR - Initializing module TC_26_7_5_6.
2026/Jun/23 08:26:55.624077 EXECUTOR - Initialization of module TC_26_7_5_6 finished.
2026/Jun/23 08:26:55.624080 EXECUTOR - Initializing module TC_26_7_5_7_1.
2026/Jun/23 08:26:55.624086 EXECUTOR - Initialization of module TC_26_7_5_7_1 finished.
2026/Jun/23 08:26:55.624088 EXECUTOR - Initializing module TC_26_7_5_8_1.
2026/Jun/23 08:26:55.624093 EXECUTOR - Initialization of module TC_26_7_5_8_1 finished.
2026/Jun/23 08:26:55.624096 EXECUTOR - Initializing module TC_26_7_5_8_2.
2026/Jun/23 08:26:55.624102 EXECUTOR - Initialization of module TC_26_7_5_8_2 finished.
2026/Jun/23 08:26:55.624104 EXECUTOR - Initializing module TC_26_7_5_8_3.
2026/Jun/23 08:26:55.624109 EXECUTOR - Initialization of module TC_26_7_5_8_3 finished.
2026/Jun/23 08:26:55.624112 EXECUTOR - Initializing module TC_26_8_1_2_1_1.
2026/Jun/23 08:26:55.624117 EXECUTOR - Initialization of module TC_26_8_1_2_1_1 finished.
2026/Jun/23 08:26:55.624120 EXECUTOR - Initializing module TC_26_8_1_2_2_1.
2026/Jun/23 08:26:55.624125 EXECUTOR - Initialization of module TC_26_8_1_2_2_1 finished.
2026/Jun/23 08:26:55.624128 EXECUTOR - Initializing module TC_26_8_1_2_2_2.
2026/Jun/23 08:26:55.624133 EXECUTOR - Initialization of module TC_26_8_1_2_2_2 finished.
2026/Jun/23 08:26:55.624135 EXECUTOR - Initializing module TC_26_8_1_2_2_3.
2026/Jun/23 08:26:55.624141 EXECUTOR - Initialization of module TC_26_8_1_2_2_3 finished.
2026/Jun/23 08:26:55.624144 EXECUTOR - Initializing module TC_26_8_1_2_3_1.
2026/Jun/23 08:26:55.624149 EXECUTOR - Initialization of module TC_26_8_1_2_3_1 finished.
2026/Jun/23 08:26:55.624151 EXECUTOR - Initializing module TC_26_8_1_2_3_2.
2026/Jun/23 08:26:55.624156 EXECUTOR - Initialization of module TC_26_8_1_2_3_2 finished.
2026/Jun/23 08:26:55.624162 EXECUTOR - Initializing module TC_26_8_1_2_3_3.
2026/Jun/23 08:26:55.624167 EXECUTOR - Initialization of module TC_26_8_1_2_3_3 finished.
2026/Jun/23 08:26:55.624169 EXECUTOR - Initializing module TC_26_8_1_2_3_4.
2026/Jun/23 08:26:55.624174 EXECUTOR - Initialization of module TC_26_8_1_2_3_4 finished.
2026/Jun/23 08:26:55.624177 EXECUTOR - Initializing module TC_26_8_1_2_3_5.
2026/Jun/23 08:26:55.624183 EXECUTOR - Initialization of module TC_26_8_1_2_3_5 finished.
2026/Jun/23 08:26:55.624185 EXECUTOR - Initializing module TC_26_8_1_2_3_6.
2026/Jun/23 08:26:55.624190 EXECUTOR - Initialization of module TC_26_8_1_2_3_6 finished.
2026/Jun/23 08:26:55.624193 EXECUTOR - Initializing module TC_26_8_1_2_3_7.
2026/Jun/23 08:26:55.624198 EXECUTOR - Initialization of module TC_26_8_1_2_3_7 finished.
2026/Jun/23 08:26:55.624200 EXECUTOR - Initializing module TC_26_8_1_2_4_1.
2026/Jun/23 08:26:55.624206 EXECUTOR - Initialization of module TC_26_8_1_2_4_1 finished.
2026/Jun/23 08:26:55.624209 EXECUTOR - Initializing module TC_26_8_1_2_4_13.
2026/Jun/23 08:26:55.624214 EXECUTOR - Initialization of module TC_26_8_1_2_4_13 finished.
2026/Jun/23 08:26:55.624217 EXECUTOR - Initializing module TC_26_8_1_2_4_2.
2026/Jun/23 08:26:55.624223 EXECUTOR - Initialization of module TC_26_8_1_2_4_2 finished.
2026/Jun/23 08:26:55.624225 EXECUTOR - Initializing module TC_26_8_1_2_4_3.
2026/Jun/23 08:26:55.624230 EXECUTOR - Initialization of module TC_26_8_1_2_4_3 finished.
2026/Jun/23 08:26:55.624233 EXECUTOR - Initializing module TC_26_8_1_2_4_4.
2026/Jun/23 08:26:55.624238 EXECUTOR - Initialization of module TC_26_8_1_2_4_4 finished.
2026/Jun/23 08:26:55.624241 EXECUTOR - Initializing module TC_26_8_1_2_4_5.
2026/Jun/23 08:26:55.624246 EXECUTOR - Initialization of module TC_26_8_1_2_4_5 finished.
2026/Jun/23 08:26:55.624249 EXECUTOR - Initializing module TC_26_8_1_2_6_1.
2026/Jun/23 08:26:55.624254 EXECUTOR - Initialization of module TC_26_8_1_2_6_1 finished.
2026/Jun/23 08:26:55.624257 EXECUTOR - Initializing module TC_26_8_1_2_6_2.
2026/Jun/23 08:26:55.624263 EXECUTOR - Initialization of module TC_26_8_1_2_6_2 finished.
2026/Jun/23 08:26:55.624265 EXECUTOR - Initializing module TC_26_8_1_2_6_3.
2026/Jun/23 08:26:55.624270 EXECUTOR - Initialization of module TC_26_8_1_2_6_3 finished.
2026/Jun/23 08:26:55.624273 EXECUTOR - Initializing module TC_26_8_1_2_6_6.
2026/Jun/23 08:26:55.624278 EXECUTOR - Initialization of module TC_26_8_1_2_6_6 finished.
2026/Jun/23 08:26:55.624281 EXECUTOR - Initializing module TC_26_8_1_3_1_1.
2026/Jun/23 08:26:55.624286 EXECUTOR - Initialization of module TC_26_8_1_3_1_1 finished.
2026/Jun/23 08:26:55.624289 EXECUTOR - Initializing module TC_26_8_1_3_2_1.
2026/Jun/23 08:26:55.624294 EXECUTOR - Initialization of module TC_26_8_1_3_2_1 finished.
2026/Jun/23 08:26:55.624297 EXECUTOR - Initializing module TC_26_8_1_3_3_1.
2026/Jun/23 08:26:55.624302 EXECUTOR - Initialization of module TC_26_8_1_3_3_1 finished.
2026/Jun/23 08:26:55.624305 EXECUTOR - Initializing module TC_26_8_1_3_3_2.
2026/Jun/23 08:26:55.624311 EXECUTOR - Initialization of module TC_26_8_1_3_3_2 finished.
2026/Jun/23 08:26:55.624313 EXECUTOR - Initializing module TC_26_8_1_3_3_3.
2026/Jun/23 08:26:55.624319 EXECUTOR - Initialization of module TC_26_8_1_3_3_3 finished.
2026/Jun/23 08:26:55.624321 EXECUTOR - Initializing module TC_26_8_1_3_3_4.
2026/Jun/23 08:26:55.624327 EXECUTOR - Initialization of module TC_26_8_1_3_3_4 finished.
2026/Jun/23 08:26:55.624329 EXECUTOR - Initializing module TC_26_8_1_3_3_5.
2026/Jun/23 08:26:55.624335 EXECUTOR - Initialization of module TC_26_8_1_3_3_5 finished.
2026/Jun/23 08:26:55.624337 EXECUTOR - Initializing module TC_26_8_1_3_3_6.
2026/Jun/23 08:26:55.624343 EXECUTOR - Initialization of module TC_26_8_1_3_3_6 finished.
2026/Jun/23 08:26:55.624346 EXECUTOR - Initializing module TC_26_8_1_3_3_7.
2026/Jun/23 08:26:55.624351 EXECUTOR - Initialization of module TC_26_8_1_3_3_7 finished.
2026/Jun/23 08:26:55.624353 EXECUTOR - Initializing module TC_26_8_1_3_4_1.
2026/Jun/23 08:26:55.624361 EXECUTOR - Initialization of module TC_26_8_1_3_4_1 finished.
2026/Jun/23 08:26:55.624364 EXECUTOR - Initializing module TC_26_8_1_3_4_2.
2026/Jun/23 08:26:55.624369 EXECUTOR - Initialization of module TC_26_8_1_3_4_2 finished.
2026/Jun/23 08:26:55.624372 EXECUTOR - Initializing module TC_26_8_1_3_4_3.
2026/Jun/23 08:26:55.624378 EXECUTOR - Initialization of module TC_26_8_1_3_4_3 finished.
2026/Jun/23 08:26:55.624380 EXECUTOR - Initializing module TC_26_8_1_3_4_4.
2026/Jun/23 08:26:55.624385 EXECUTOR - Initialization of module TC_26_8_1_3_4_4 finished.
2026/Jun/23 08:26:55.624388 EXECUTOR - Initializing module TC_26_8_1_3_4_5.
2026/Jun/23 08:26:55.624393 EXECUTOR - Initialization of module TC_26_8_1_3_4_5 finished.
2026/Jun/23 08:26:55.624396 EXECUTOR - Initializing module TC_26_8_1_3_4_6.
2026/Jun/23 08:26:55.624402 EXECUTOR - Initialization of module TC_26_8_1_3_4_6 finished.
2026/Jun/23 08:26:55.624405 EXECUTOR - Initializing module TC_26_8_1_3_4_7.
2026/Jun/23 08:26:55.624410 EXECUTOR - Initialization of module TC_26_8_1_3_4_7 finished.
2026/Jun/23 08:26:55.624412 EXECUTOR - Initializing module TC_26_8_1_3_4_8.
2026/Jun/23 08:26:55.624417 EXECUTOR - Initialization of module TC_26_8_1_3_4_8 finished.
2026/Jun/23 08:26:55.624420 EXECUTOR - Initializing module TC_26_8_1_3_5_1.
2026/Jun/23 08:26:55.624425 EXECUTOR - Initialization of module TC_26_8_1_3_5_1 finished.
2026/Jun/23 08:26:55.624428 EXECUTOR - Initializing module TC_26_8_1_3_5_2.
2026/Jun/23 08:26:55.624433 EXECUTOR - Initialization of module TC_26_8_1_3_5_2 finished.
2026/Jun/23 08:26:55.624436 EXECUTOR - Initializing module TC_26_8_1_3_5_3.
2026/Jun/23 08:26:55.624442 EXECUTOR - Initialization of module TC_26_8_1_3_5_3 finished.
2026/Jun/23 08:26:55.624444 EXECUTOR - Initializing module TC_26_8_1_3_5_4.
2026/Jun/23 08:26:55.624450 EXECUTOR - Initialization of module TC_26_8_1_3_5_4 finished.
2026/Jun/23 08:26:55.624452 EXECUTOR - Initializing module TC_26_8_1_3_5_5.
2026/Jun/23 08:26:55.624458 EXECUTOR - Initialization of module TC_26_8_1_3_5_5 finished.
2026/Jun/23 08:26:55.624460 EXECUTOR - Initializing module TC_26_8_1_3_5_6.
2026/Jun/23 08:26:55.624466 EXECUTOR - Initialization of module TC_26_8_1_3_5_6 finished.
2026/Jun/23 08:26:55.624468 EXECUTOR - Initializing module TC_26_8_1_3_5_7.
2026/Jun/23 08:26:55.624474 EXECUTOR - Initialization of module TC_26_8_1_3_5_7 finished.
2026/Jun/23 08:26:55.624476 EXECUTOR - Initializing module TC_26_8_1_3_5_8.
2026/Jun/23 08:26:55.624482 EXECUTOR - Initialization of module TC_26_8_1_3_5_8 finished.
2026/Jun/23 08:26:55.624484 EXECUTOR - Initializing module TC_26_8_1_3_5_9.
2026/Jun/23 08:26:55.624490 EXECUTOR - Initialization of module TC_26_8_1_3_5_9 finished.
2026/Jun/23 08:26:55.624492 EXECUTOR - Initializing module TC_26_8_2_1.
2026/Jun/23 08:26:55.624497 EXECUTOR - Initialization of module TC_26_8_2_1 finished.
2026/Jun/23 08:26:55.624500 EXECUTOR - Initializing module TC_26_8_2_2.
2026/Jun/23 08:26:55.624506 EXECUTOR - Initialization of module TC_26_8_2_2 finished.
2026/Jun/23 08:26:55.624508 EXECUTOR - Initializing module TC_26_8_2_3.
2026/Jun/23 08:26:55.624514 EXECUTOR - Initialization of module TC_26_8_2_3 finished.
2026/Jun/23 08:26:55.624516 EXECUTOR - Initializing module TC_26_8_3.
2026/Jun/23 08:26:55.624522 EXECUTOR - Initialization of module TC_26_8_3 finished.
2026/Jun/23 08:26:55.624524 EXECUTOR - Initializing module TC_34_2_2.
2026/Jun/23 08:26:55.624530 EXECUTOR - Initialization of module TC_34_2_2 finished.
2026/Jun/23 08:26:55.624532 EXECUTOR - Initializing module TitanLoggerApi.
2026/Jun/23 08:26:55.624535 EXECUTOR - Initialization of module TitanLoggerApi finished.
2026/Jun/23 08:26:55.624537 EXECUTOR - Initializing module TitanLoggerControl.
2026/Jun/23 08:26:55.624540 EXECUTOR - Initialization of module TitanLoggerControl finished.
2026/Jun/23 08:26:55.624551 EXECUTOR - Configuration data was processed successfully.
2026/Jun/23 08:26:55.626163 EXECUTOR - MTC was created. Process id: 39.
2026/Jun/23 08:32:13.179960 EXECUTOR - Exit was requested from MC. Terminating HC.
2026/Jun/23 08:32:13.180180 EXECUTOR - Disconnected from MC.
2026/Jun/23 08:32:13.180223 EXECUTOR - TTCN-3 Host Controller finished.
2026/Jun/23 08:26:55.627524 EXECUTOR - TTCN-3 Main Test Component started on ttcn3-tc-34-2-2-1-scbkv. Version: 11.1.0.
2026/Jun/23 08:26:55.627728 EXECUTOR - TTCN Logger v2.2 options: TimeStampFormat:=DateTime; LogEntityName:=No; LogEventTypes:=Yes; SourceInfoFormat:=Single; LogSensitiveData:=No; *.FileMask:=LOG_ALL; *.ConsoleMask:=ERROR | TESTCASE | USER | VERDICTOP | WARNING; LogFileSize:=0; LogFileNumber:=1; DiskFullAction:=Error
2026/Jun/23 08:26:55.627837 EXECUTOR - Connected to MC.
2026/Jun/23 08:26:55.627997 EXECUTOR - Executing test case TC_34_2_2 in module TC_34_2_2.
2026/Jun/23 08:26:55.628463 TESTCASE TC_34_2_2.ttcn3:1234 Test case TC_34_2_2 started.
2026/Jun/23 08:26:55.628536 PARALLEL TC_34_2_2.ttcn3:1234 Initializing variables, timers and ports of component type GSM_Component_Definitions.GSM_CT inside testcase TC_34_2_2.
2026/Jun/23 08:26:55.628755 USER TC_34_2_2.ttcn3:1234 MSC_Port: set_parameter msc_stub_host = 10.42.0.204
2026/Jun/23 08:26:55.628802 USER TC_34_2_2.ttcn3:1234 MSC_Port: set_parameter msc_stub_port = 5000
2026/Jun/23 08:26:55.628816 USER TC_34_2_2.ttcn3:1234 L3_Port: set_parameter gsmtap_host = 127.0.0.1
2026/Jun/23 08:26:55.628835 USER TC_34_2_2.ttcn3:1234 L3_Port: set_parameter gsmtap_port = 4729
2026/Jun/23 08:26:55.628845 USER TC_34_2_2.ttcn3:1234 L3_Port: set_parameter local_port = 4729
2026/Jun/23 08:26:55.628850 USER TC_34_2_2.ttcn3:1234 L3_Port: set_parameter ul_multicast_group = 239.193.23.2
2026/Jun/23 08:26:55.628854 USER TC_34_2_2.ttcn3:1234 L3_Port: Will join UL multicast group 239.193.23.2 for RACH capture
2026/Jun/23 08:26:55.628859 USER TC_34_2_2.ttcn3:1234 L3_Port: set_parameter arfcn = 51
2026/Jun/23 08:26:55.628905 USER TC_34_2_2.ttcn3:1234 L3_Port: user_start called
2026/Jun/23 08:26:55.628914 PORTEVENT TC_34_2_2.ttcn3:1234 Port L was started.
2026/Jun/23 08:26:55.628964 PORTEVENT TC_34_2_2.ttcn3:1234 Port RR was started.
2026/Jun/23 08:26:55.628970 PORTEVENT TC_34_2_2.ttcn3:1234 Port MM was started.
2026/Jun/23 08:26:55.628974 PORTEVENT TC_34_2_2.ttcn3:1234 Port CC was started.
2026/Jun/23 08:26:55.628977 USER TC_34_2_2.ttcn3:1234 MSC_Port: user_start called
2026/Jun/23 08:26:55.628982 PORTEVENT TC_34_2_2.ttcn3:1234 Port MSC was started.
2026/Jun/23 08:26:55.628987 PORTEVENT TC_34_2_2.ttcn3:1234 Port BSC was started.
2026/Jun/23 08:26:55.628992 PORTEVENT TC_34_2_2.ttcn3:1234 Port RSL was started.
2026/Jun/23 08:26:55.628997 USER TC_34_2_2.ttcn3:1234 VTY_PT: Starting
2026/Jun/23 08:26:55.629002 PORTEVENT TC_34_2_2.ttcn3:1234 Port VTY was started.
2026/Jun/23 08:26:55.629007 PORTEVENT TC_34_2_2.ttcn3:1234 Port COORD was started.
2026/Jun/23 08:26:55.629010 PARALLEL TC_34_2_2.ttcn3:1234 Component type GSM_Component_Definitions.GSM_CT was initialized.
2026/Jun/23 08:26:55.629030 WARNING GSM_Component_Definitions.ttcn3:364 Warning: Stopping inactive timer T_guard.
2026/Jun/23 08:26:55.629039 WARNING GSM_Component_Definitions.ttcn3:365 Warning: Stopping inactive timer T301.
2026/Jun/23 08:26:55.629044 WARNING GSM_Component_Definitions.ttcn3:366 Warning: Stopping inactive timer T303.
2026/Jun/23 08:26:55.629048 WARNING GSM_Component_Definitions.ttcn3:367 Warning: Stopping inactive timer T305.
2026/Jun/23 08:26:55.629052 WARNING GSM_Component_Definitions.ttcn3:368 Warning: Stopping inactive timer T308.
2026/Jun/23 08:26:55.629055 WARNING GSM_Component_Definitions.ttcn3:369 Warning: Stopping inactive timer T310.
2026/Jun/23 08:26:55.629060 WARNING GSM_Component_Definitions.ttcn3:370 Warning: Stopping inactive timer T313.
2026/Jun/23 08:26:55.629067 USER GSM_Component_Definitions.ttcn3:386 Component initialized
2026/Jun/23 08:26:55.629087 PARALLEL GSM_Component_Definitions.ttcn3:334 Mapping port mtc:L to system:L.
2026/Jun/23 08:26:55.629130 USER GSM_Component_Definitions.ttcn3:334 L3_Port: Mapping to L
2026/Jun/23 08:26:55.629192 USER GSM_Component_Definitions.ttcn3:334 L3_Port: Joined UL multicast group 239.193.23.2 for RACH capture
2026/Jun/23 08:26:55.629208 USER GSM_Component_Definitions.ttcn3:334 L3_Port: GSMTAP listening on port 4729
2026/Jun/23 08:26:55.629214 USER GSM_Component_Definitions.ttcn3:334 L3_Port: Mapped successfully (GSMTAP: 127.0.0.1:4729)
2026/Jun/23 08:26:55.629227 WARNING GSM_Component_Definitions.ttcn3:334 Warning: The maximum number of open file descriptors (1048576) is greater than FD_SETSIZE (1024). Ensure that Test Ports using Install_Handler do not try to wait for events of file descriptors with values greater than FD_SETSIZE (1024). (Current caller of Install_Handler is "L")
2026/Jun/23 08:26:55.629256 PORTEVENT GSM_Component_Definitions.ttcn3:334 Port L was mapped to system:L.
2026/Jun/23 08:26:55.629324 PARALLEL GSM_Component_Definitions.ttcn3:334 Map operation of mtc:L to system:L finished.
2026/Jun/23 08:26:55.629351 PARALLEL GSM_Component_Definitions.ttcn3:335 Mapping port mtc:RR to system:RR.
2026/Jun/23 08:26:55.629378 PORTEVENT GSM_Component_Definitions.ttcn3:335 Port RR was mapped to system:RR.
2026/Jun/23 08:26:55.629405 PARALLEL GSM_Component_Definitions.ttcn3:335 Map operation of mtc:RR to system:RR finished.
2026/Jun/23 08:26:55.629410 PARALLEL GSM_Component_Definitions.ttcn3:336 Mapping port mtc:MM to system:MM.
2026/Jun/23 08:26:55.629434 PORTEVENT GSM_Component_Definitions.ttcn3:336 Port MM was mapped to system:MM.
2026/Jun/23 08:26:55.629458 PARALLEL GSM_Component_Definitions.ttcn3:336 Map operation of mtc:MM to system:MM finished.
2026/Jun/23 08:26:55.629462 PARALLEL GSM_Component_Definitions.ttcn3:337 Mapping port mtc:CC to system:CC.
2026/Jun/23 08:26:55.629486 PORTEVENT GSM_Component_Definitions.ttcn3:337 Port CC was mapped to system:CC.
2026/Jun/23 08:26:55.629508 PARALLEL GSM_Component_Definitions.ttcn3:337 Map operation of mtc:CC to system:CC finished.
2026/Jun/23 08:26:55.629513 PARALLEL GSM_Component_Definitions.ttcn3:338 Mapping port mtc:MSC to system:MSC.
2026/Jun/23 08:26:55.629537 USER GSM_Component_Definitions.ttcn3:338 MSC_Port: Mapping to MSC
2026/Jun/23 08:26:55.629774 USER GSM_Component_Definitions.ttcn3:338 MSC_Port: Registered socket for async events
2026/Jun/23 08:26:55.629788 USER GSM_Component_Definitions.ttcn3:338 MSC_Port: Connected to MSC stub at 10.42.0.204:5000
2026/Jun/23 08:26:55.629792 PORTEVENT GSM_Component_Definitions.ttcn3:338 Port MSC was mapped to system:MSC.
2026/Jun/23 08:26:55.629832 PARALLEL GSM_Component_Definitions.ttcn3:338 Map operation of mtc:MSC to system:MSC finished.
2026/Jun/23 08:26:55.629842 PARALLEL GSM_Component_Definitions.ttcn3:339 Mapping port mtc:VTY to system:VTY.
2026/Jun/23 08:26:55.629920 USER GSM_Component_Definitions.ttcn3:339 VTY_PT: Mapping port to VTY interface
2026/Jun/23 08:26:55.630358 USER GSM_Component_Definitions.ttcn3:339 VTY_PT: Connected to VTY at 10.43.154.73:4247
2026/Jun/23 08:26:56.130720 USER GSM_Component_Definitions.ttcn3:339 VTY_PT: Initial banner received
2026/Jun/23 08:26:56.130806 PORTEVENT GSM_Component_Definitions.ttcn3:339 Port VTY was mapped to system:VTY.
2026/Jun/23 08:26:56.130921 USER GSM_Component_Definitions.ttcn3:339 MSC_Port: RX: {"type": "WELCOME", "status": "connected"}
2026/Jun/23 08:26:56.131030 PORTEVENT GSM_Component_Definitions.ttcn3:339 Message enqueued on MSC from system charstring : "{\"type\": \"WELCOME\", \"status\": \"connected\"}" id 1
2026/Jun/23 08:26:56.131084 PARALLEL GSM_Component_Definitions.ttcn3:339 Map operation of mtc:VTY to system:VTY finished.
2026/Jun/23 08:26:56.131112 TIMEROP TC_34_2_2.ttcn3:1260 Start timer T_guard: 1200 s
2026/Jun/23 08:26:56.131184 USER TC_34_2_2.ttcn3:1262 ==========================================================
2026/Jun/23 08:26:56.131191 USER TC_34_2_2.ttcn3:1263 *** TC_34_2_2: MO/MT SMS Point-to-Point Service ***
2026/Jun/23 08:26:56.131197 USER TC_34_2_2.ttcn3:1264 *** GSM 11.10 Section 34.2.2 ***
2026/Jun/23 08:26:56.131203 USER TC_34_2_2.ttcn3:1265 ==========================================================
2026/Jun/23 08:26:56.131209 USER TC_34_2_2.ttcn3:1271 *** Pre-test: Disabling auto-respond mode ***
2026/Jun/23 08:26:56.131244 PORTEVENT TC_34_2_2.ttcn3:1273 Sent on MSC to system charstring : "{\"command\": \"SET_AUTO_RESPOND\", \"params\": {\"enabled\": false}}"
2026/Jun/23 08:26:56.131346 USER TC_34_2_2.ttcn3:1273 MSC_Port: TX: {"command": "SET_AUTO_RESPOND", "params": {"enabled": false}}
2026/Jun/23 08:26:56.131375 TIMEROP TC_34_2_2.ttcn3:74 Start timer T_drain: 2 s
2026/Jun/23 08:26:56.131421 PORTEVENT TC_34_2_2.ttcn3:76 Receive operation on port MSC succeeded, message from system(): charstring : "{\"type\": \"WELCOME\", \"status\": \"connected\"}" id 1
2026/Jun/23 08:26:56.131458 PORTEVENT TC_34_2_2.ttcn3:76 Message with id 1 was extracted from the queue of MSC.
2026/Jun/23 08:26:56.131470 USER TC_34_2_2.ttcn3:77 Draining event: "{\"type\": \"WELCOME\", \"status\": \"connected\"}"
2026/Jun/23 08:26:56.131817 USER TC_34_2_2.ttcn3:75 MSC_Port: RX: {"status": "ok", "auto_respond": false}
2026/Jun/23 08:26:56.131839 PORTEVENT TC_34_2_2.ttcn3:75 Message enqueued on MSC from system charstring : "{\"status\": \"ok\", \"auto_respond\": false}" id 2
2026/Jun/23 08:26:56.131849 PORTEVENT TC_34_2_2.ttcn3:76 Receive operation on port MSC succeeded, message from system(): charstring : "{\"status\": \"ok\", \"auto_respond\": false}" id 2
2026/Jun/23 08:26:56.131855 PORTEVENT TC_34_2_2.ttcn3:76 Message with id 2 was extracted from the queue of MSC.
2026/Jun/23 08:26:56.131859 USER TC_34_2_2.ttcn3:77 Draining event: "{\"status\": \"ok\", \"auto_respond\": false}"
2026/Jun/23 08:26:58.132894 TIMEROP TC_34_2_2.ttcn3:80 Timeout T_drain: 2 s
2026/Jun/23 08:26:58.132991 USER TC_34_2_2.ttcn3:81 Drain period complete
2026/Jun/23 08:26:58.133039 USER TC_34_2_2.ttcn3:1280 *** Pre-test: Restarting mobile ***
2026/Jun/23 08:26:58.133127 USER TC_34_2_2.ttcn3:1281 docker.sock not found — using VTY power-cycle (k8s mode)
2026/Jun/23 08:26:58.133150 USER TC_34_2_2.ttcn3:1281 === k8s fallback: VTY power-cycle mobile at 10.43.154.73:4247 ===
2026/Jun/23 08:27:03.629970 USER TC_34_2_2.ttcn3:1281 Waiting 10 seconds (power off)...
2026/Jun/23 08:27:18.989927 USER TC_34_2_2.ttcn3:1281 VTY 'clear-loci' sent — LOCI erased
2026/Jun/23 08:27:25.645951 USER TC_34_2_2.ttcn3:1281 === VTY power-cycle complete — MS will send LU shortly ===
2026/Jun/23 08:27:25.646121 USER TC_34_2_2.ttcn3:1290 *** Draining pre-restart buffered events (15s) ***
2026/Jun/23 08:27:25.646147 TIMEROP TC_34_2_2.ttcn3:74 Start timer T_drain: 15 s
2026/Jun/23 08:27:25.646204 USER TC_34_2_2.ttcn3:75 VTY_PT: Received data (buffered): 94 bytes
2026/Jun/23 08:27:25.646267 USER TC_34_2_2.ttcn3:75 MSC_Port: RX: {"type": "HEARTBEAT"}
2026/Jun/23 08:27:25.646295 PORTEVENT TC_34_2_2.ttcn3:75 Message enqueued on MSC from system charstring : "{\"type\": \"HEARTBEAT\"}" id 3
2026/Jun/23 08:27:25.646322 USER TC_34_2_2.ttcn3:75 MSC_Port: RX: {"type": "HEARTBEAT"}
2026/Jun/23 08:27:25.646342 PORTEVENT TC_34_2_2.ttcn3:75 Message enqueued on MSC from system charstring : "{\"type\": \"HEARTBEAT\"}" id 4
2026/Jun/23 08:27:25.646357 USER TC_34_2_2.ttcn3:75 MSC_Port: RX: {"type": "HEARTBEAT"}
2026/Jun/23 08:27:25.646376 PORTEVENT TC_34_2_2.ttcn3:75 Message enqueued on MSC from system charstring : "{\"type\": \"HEARTBEAT\"}" id 5
2026/Jun/23 08:27:25.646390 USER TC_34_2_2.ttcn3:75 MSC_Port: RX: {"type": "HEARTBEAT"}
2026/Jun/23 08:27:25.646408 PORTEVENT TC_34_2_2.ttcn3:75 Message enqueued on MSC from system charstring : "{\"type\": \"HEARTBEAT\"}" id 6
2026/Jun/23 08:27:25.646422 USER TC_34_2_2.ttcn3:75 MSC_Port: RX: {"type": "HEARTBEAT"}
2026/Jun/23 08:27:25.646439 PORTEVENT TC_34_2_2.ttcn3:75 Message enqueued on MSC from system charstring : "{\"type\": \"HEARTBEAT\"}" id 7
2026/Jun/23 08:27:25.646461 PORTEVENT TC_34_2_2.ttcn3:76 Receive operation on port MSC succeeded, message from system(): charstring : "{\"type\": \"HEARTBEAT\"}" id 3
2026/Jun/23 08:27:25.646479 PORTEVENT TC_34_2_2.ttcn3:76 Message with id 3 was extracted from the queue of MSC.
2026/Jun/23 08:27:25.646491 USER TC_34_2_2.ttcn3:77 Draining event: "{\"type\": \"HEARTBEAT\"}"
2026/Jun/23 08:27:25.646514 PORTEVENT TC_34_2_2.ttcn3:76 Receive operation on port MSC succeeded, message from system(): charstring : "{\"type\": \"HEARTBEAT\"}" id 4
2026/Jun/23 08:27:25.646528 PORTEVENT TC_34_2_2.ttcn3:76 Message with id 4 was extracted from the queue of MSC.
2026/Jun/23 08:27:25.646550 USER TC_34_2_2.ttcn3:77 Draining event: "{\"type\": \"HEARTBEAT\"}"
2026/Jun/23 08:27:25.646573 PORTEVENT TC_34_2_2.ttcn3:76 Receive operation on port MSC succeeded, message from system(): charstring : "{\"type\": \"HEARTBEAT\"}" id 5
2026/Jun/23 08:27:25.646584 PORTEVENT TC_34_2_2.ttcn3:76 Message with id 5 was extracted from the queue of MSC.
2026/Jun/23 08:27:25.646592 USER TC_34_2_2.ttcn3:77 Draining event: "{\"type\": \"HEARTBEAT\"}"
2026/Jun/23 08:27:25.646612 PORTEVENT TC_34_2_2.ttcn3:76 Receive operation on port MSC succeeded, message from system(): charstring : "{\"type\": \"HEARTBEAT\"}" id 6
2026/Jun/23 08:27:25.646622 PORTEVENT TC_34_2_2.ttcn3:76 Message with id 6 was extracted from the queue of MSC.
2026/Jun/23 08:27:25.646630 USER TC_34_2_2.ttcn3:77 Draining event: "{\"type\": \"HEARTBEAT\"}"
2026/Jun/23 08:27:25.646650 PORTEVENT TC_34_2_2.ttcn3:76 Receive operation on port MSC succeeded, message from system(): charstring : "{\"type\": \"HEARTBEAT\"}" id 7
2026/Jun/23 08:27:25.646660 PORTEVENT TC_34_2_2.ttcn3:76 Message with id 7 was extracted from the queue of MSC.
2026/Jun/23 08:27:25.646669 USER TC_34_2_2.ttcn3:77 Draining event: "{\"type\": \"HEARTBEAT\"}"
2026/Jun/23 08:27:26.162447 USER TC_34_2_2.ttcn3:75 MSC_Port: RX: {"type": "HEARTBEAT"}
2026/Jun/23 08:27:26.162541 PORTEVENT TC_34_2_2.ttcn3:75 Message enqueued on MSC from system charstring : "{\"type\": \"HEARTBEAT\"}" id 8
2026/Jun/23 08:27:26.162580 PORTEVENT TC_34_2_2.ttcn3:76 Receive operation on port MSC succeeded, message from system(): charstring : "{\"type\": \"HEARTBEAT\"}" id 8
2026/Jun/23 08:27:26.162598 PORTEVENT TC_34_2_2.ttcn3:76 Message with id 8 was extracted from the queue of MSC.
2026/Jun/23 08:27:26.162609 USER TC_34_2_2.ttcn3:77 Draining event: "{\"type\": \"HEARTBEAT\"}"
2026/Jun/23 08:27:28.380526 USER TC_34_2_2.ttcn3:75 VTY_PT: Received data (buffered): 68 bytes
2026/Jun/23 08:27:31.167140 USER TC_34_2_2.ttcn3:75 MSC_Port: RX: {"type": "HEARTBEAT"}
2026/Jun/23 08:27:31.167246 PORTEVENT TC_34_2_2.ttcn3:75 Message enqueued on MSC from system charstring : "{\"type\": \"HEARTBEAT\"}" id 9
2026/Jun/23 08:27:31.167291 PORTEVENT TC_34_2_2.ttcn3:76 Receive operation on port MSC succeeded, message from system(): charstring : "{\"type\": \"HEARTBEAT\"}" id 9
2026/Jun/23 08:27:31.167312 PORTEVENT TC_34_2_2.ttcn3:76 Message with id 9 was extracted from the queue of MSC.
2026/Jun/23 08:27:31.167324 USER TC_34_2_2.ttcn3:77 Draining event: "{\"type\": \"HEARTBEAT\"}"
2026/Jun/23 08:27:36.172073 USER TC_34_2_2.ttcn3:75 MSC_Port: RX: {"type": "HEARTBEAT"}
2026/Jun/23 08:27:36.172171 PORTEVENT TC_34_2_2.ttcn3:75 Message enqueued on MSC from system charstring : "{\"type\": \"HEARTBEAT\"}" id 10
2026/Jun/23 08:27:36.172211 PORTEVENT TC_34_2_2.ttcn3:76 Receive operation on port MSC succeeded, message from system(): charstring : "{\"type\": \"HEARTBEAT\"}" id 10
2026/Jun/23 08:27:36.172231 PORTEVENT TC_34_2_2.ttcn3:76 Message with id 10 was extracted from the queue of MSC.
2026/Jun/23 08:27:36.172243 USER TC_34_2_2.ttcn3:77 Draining event: "{\"type\": \"HEARTBEAT\"}"
2026/Jun/23 08:27:40.649787 TIMEROP TC_34_2_2.ttcn3:80 Timeout T_drain: 15 s
2026/Jun/23 08:27:40.649903 USER TC_34_2_2.ttcn3:81 Drain period complete
2026/Jun/23 08:27:40.649941 USER TC_34_2_2.ttcn3:427 *** Waiting for initial LU to complete registration ***
2026/Jun/23 08:27:40.649991 TIMEROP TC_34_2_2.ttcn3:429 Start timer T_lu: 90 s
2026/Jun/23 08:27:41.177621 USER TC_34_2_2.ttcn3:430 MSC_Port: RX: {"type": "HEARTBEAT"}
2026/Jun/23 08:27:41.177720 PORTEVENT TC_34_2_2.ttcn3:430 Message enqueued on MSC from system charstring : "{\"type\": \"HEARTBEAT\"}" id 11
2026/Jun/23 08:27:41.177761 PORTEVENT TC_34_2_2.ttcn3:431 Receive operation on port MSC succeeded, message from system(): charstring : "{\"type\": \"HEARTBEAT\"}" id 11
2026/Jun/23 08:27:41.177781 PORTEVENT TC_34_2_2.ttcn3:431 Message with id 11 was extracted from the queue of MSC.
2026/Jun/23 08:27:46.182159 USER TC_34_2_2.ttcn3:430 MSC_Port: RX: {"type": "HEARTBEAT"}
2026/Jun/23 08:27:46.182270 PORTEVENT TC_34_2_2.ttcn3:430 Message enqueued on MSC from system charstring : "{\"type\": \"HEARTBEAT\"}" id 12
2026/Jun/23 08:27:46.182306 PORTEVENT TC_34_2_2.ttcn3:431 Receive operation on port MSC succeeded, message from system(): charstring : "{\"type\": \"HEARTBEAT\"}" id 12
2026/Jun/23 08:27:46.182323 PORTEVENT TC_34_2_2.ttcn3:431 Message with id 12 was extracted from the queue of MSC.
2026/Jun/23 08:27:51.187071 USER TC_34_2_2.ttcn3:430 MSC_Port: RX: {"type": "HEARTBEAT"}
2026/Jun/23 08:27:51.187169 PORTEVENT TC_34_2_2.ttcn3:430 Message enqueued on MSC from system charstring : "{\"type\": \"HEARTBEAT\"}" id 13
2026/Jun/23 08:27:51.187207 PORTEVENT TC_34_2_2.ttcn3:431 Receive operation on port MSC succeeded, message from system(): charstring : "{\"type\": \"HEARTBEAT\"}" id 13
2026/Jun/23 08:27:51.187224 PORTEVENT TC_34_2_2.ttcn3:431 Message with id 13 was extracted from the queue of MSC.
2026/Jun/23 08:27:51.240078 USER TC_34_2_2.ttcn3:430 VTY_PT: Received data (buffered): 68 bytes
2026/Jun/23 08:27:56.192112 USER TC_34_2_2.ttcn3:430 MSC_Port: RX: {"type": "HEARTBEAT"}
2026/Jun/23 08:27:56.192206 PORTEVENT TC_34_2_2.ttcn3:430 Message enqueued on MSC from system charstring : "{\"type\": \"HEARTBEAT\"}" id 14
2026/Jun/23 08:27:56.192241 PORTEVENT TC_34_2_2.ttcn3:431 Receive operation on port MSC succeeded, message from system(): charstring : "{\"type\": \"HEARTBEAT\"}" id 14
2026/Jun/23 08:27:56.192258 PORTEVENT TC_34_2_2.ttcn3:431 Message with id 14 was extracted from the queue of MSC.
2026/Jun/23 08:28:01.197112 USER TC_34_2_2.ttcn3:430 MSC_Port: RX: {"type": "HEARTBEAT"}
2026/Jun/23 08:28:01.197209 PORTEVENT TC_34_2_2.ttcn3:430 Message enqueued on MSC from system charstring : "{\"type\": \"HEARTBEAT\"}" id 15
2026/Jun/23 08:28:01.197249 PORTEVENT TC_34_2_2.ttcn3:431 Receive operation on port MSC succeeded, message from system(): charstring : "{\"type\": \"HEARTBEAT\"}" id 15
2026/Jun/23 08:28:01.197269 PORTEVENT TC_34_2_2.ttcn3:431 Message with id 15 was extracted from the queue of MSC.
2026/Jun/23 08:28:06.202060 USER TC_34_2_2.ttcn3:430 MSC_Port: RX: {"type": "HEARTBEAT"}
2026/Jun/23 08:28:06.202127 PORTEVENT TC_34_2_2.ttcn3:430 Message enqueued on MSC from system charstring : "{\"type\": \"HEARTBEAT\"}" id 16
2026/Jun/23 08:28:06.202150 PORTEVENT TC_34_2_2.ttcn3:431 Receive operation on port MSC succeeded, message from system(): charstring : "{\"type\": \"HEARTBEAT\"}" id 16
2026/Jun/23 08:28:06.202160 PORTEVENT TC_34_2_2.ttcn3:431 Message with id 16 was extracted from the queue of MSC.
2026/Jun/23 08:28:06.754183 USER TC_34_2_2.ttcn3:430 MSC_Port: RX: {"type": "EVENT_LU_REQUEST", "bsc_slr": 2, "msc_slr": 2, "cksn": 7, "lu_type": 0, "old_mcc": "901", "old_mnc": "70", "old_lac": 0, "mi_type": "imsi"}
2026/Jun/23 08:28:06.754276 PORTEVENT TC_34_2_2.ttcn3:430 Message enqueued on MSC from system charstring : "{\"type\": \"EVENT_LU_REQUEST\", \"bsc_slr\": 2, \"msc_slr\": 2, \"cksn\": 7, \"lu_type\": 0, \"old_mcc\": \"901\", \"old_mnc\": \"70\", \"old_lac\": 0, \"mi_type\": \"imsi\"}" id 17
2026/Jun/23 08:28:06.754327 PORTEVENT TC_34_2_2.ttcn3:431 Receive operation on port MSC succeeded, message from system(): charstring : "{\"type\": \"EVENT_LU_REQUEST\", \"bsc_slr\": 2, \"msc_slr\": 2, \"cksn\": 7, \"lu_type\": 0, \"old_mcc\": \"901\", \"old_mnc\": \"70\", \"old_lac\": 0, \"mi_type\": \"imsi\"}" id 17
2026/Jun/23 08:28:06.754349 PORTEVENT TC_34_2_2.ttcn3:431 Message with id 17 was extracted from the queue of MSC.
2026/Jun/23 08:28:06.754624 USER GSM_Functions.ttcn3:365 f_extractJsonInt: Searching for key '"bsc_slr"' in JSON: "{\"type\": \"EVENT_LU_REQUEST\", \"bsc_slr\": 2, \"msc_slr\": 2, \"cksn\": 7, \"lu_type\": 0, \"old_mcc\": \"901\", \"old_mnc\": \"70\", \"old_lac\": 0, \"mi_type\": \"imsi\"}"
2026/Jun/23 08:28:06.754781 USER GSM_Functions.ttcn3:372 f_extractJsonInt: Found key at position 29 (pattern: "\"bsc_slr\":")
2026/Jun/23 08:28:06.754929 USER GSM_Functions.ttcn3:422 f_extractJsonInt: Extracted number string '"2"' => integer 2
2026/Jun/23 08:28:06.754967 USER TC_34_2_2.ttcn3:434 LU REQUEST: bsc_slr=2
2026/Jun/23 08:28:06.755013 TIMEROP TC_34_2_2.ttcn3:435 Stop timer T_lu: 90 s
2026/Jun/23 08:28:06.755079 PORTEVENT TC_34_2_2.ttcn3:439 Sent on MSC to system charstring : "{\"command\": \"CMD_SEND_LU_ACCEPT_CUSTOM\", \"params\": {\"bsc_slr\": 2, \"mcc\": \"901\", \"mnc\": \"70\", \"lac\": 4242, \"tmsi\": 305419896}}"
2026/Jun/23 08:28:06.755154 USER TC_34_2_2.ttcn3:439 MSC_Port: TX: {"command": "CMD_SEND_LU_ACCEPT_CUSTOM", "params": {"bsc_slr": 2, "mcc": "901", "mnc": "70", "lac": 4242, "tmsi": 305419896}}
2026/Jun/23 08:28:06.755175 TIMEROP TC_34_2_2.ttcn3:74 Start timer T_drain: 3 s
2026/Jun/23 08:28:07.256696 USER TC_34_2_2.ttcn3:75 MSC_Port: RX: {"status": "ok", "sent": true}
2026/Jun/23 08:28:07.256781 PORTEVENT TC_34_2_2.ttcn3:75 Message enqueued on MSC from system charstring : "{\"status\": \"ok\", \"sent\": true}" id 18
2026/Jun/23 08:28:07.256814 PORTEVENT TC_34_2_2.ttcn3:76 Receive operation on port MSC succeeded, message from system(): charstring : "{\"status\": \"ok\", \"sent\": true}" id 18
2026/Jun/23 08:28:07.256850 PORTEVENT TC_34_2_2.ttcn3:76 Message with id 18 was extracted from the queue of MSC.
2026/Jun/23 08:28:07.256870 USER TC_34_2_2.ttcn3:77 Draining event: "{\"status\": \"ok\", \"sent\": true}"
2026/Jun/23 08:28:07.409254 USER TC_34_2_2.ttcn3:75 MSC_Port: RX: {"type": "EVENT_DTAP", "bsc_slr": 2, "pd": 5, "msg_type": 27}
2026/Jun/23 08:28:07.409349 PORTEVENT TC_34_2_2.ttcn3:75 Message enqueued on MSC from system charstring : "{\"type\": \"EVENT_DTAP\", \"bsc_slr\": 2, \"pd\": 5, \"msg_type\": 27}" id 19
2026/Jun/23 08:28:07.409392 PORTEVENT TC_34_2_2.ttcn3:76 Receive operation on port MSC succeeded, message from system(): charstring : "{\"type\": \"EVENT_DTAP\", \"bsc_slr\": 2, \"pd\": 5, \"msg_type\": 27}" id 19
2026/Jun/23 08:28:07.409411 PORTEVENT TC_34_2_2.ttcn3:76 Message with id 19 was extracted from the queue of MSC.
2026/Jun/23 08:28:07.409422 USER TC_34_2_2.ttcn3:77 Draining event: "{\"type\": \"EVENT_DTAP\", \"bsc_slr\": 2, \"pd\": 5, \"msg_type\": 27}"
2026/Jun/23 08:28:07.409465 USER TC_34_2_2.ttcn3:75 MSC_Port: RX: {"type": "EVENT_TMSI_REALLOC_COMPLETE", "bsc_slr": 2}
2026/Jun/23 08:28:07.409487 PORTEVENT TC_34_2_2.ttcn3:75 Message enqueued on MSC from system charstring : "{\"type\": \"EVENT_TMSI_REALLOC_COMPLETE\", \"bsc_slr\": 2}" id 20
2026/Jun/23 08:28:07.409507 PORTEVENT TC_34_2_2.ttcn3:76 Receive operation on port MSC succeeded, message from system(): charstring : "{\"type\": \"EVENT_TMSI_REALLOC_COMPLETE\", \"bsc_slr\": 2}" id 20
2026/Jun/23 08:28:07.409519 PORTEVENT TC_34_2_2.ttcn3:76 Message with id 20 was extracted from the queue of MSC.
2026/Jun/23 08:28:07.409529 USER TC_34_2_2.ttcn3:77 Draining event: "{\"type\": \"EVENT_TMSI_REALLOC_COMPLETE\", \"bsc_slr\": 2}"
2026/Jun/23 08:28:09.756858 TIMEROP TC_34_2_2.ttcn3:80 Timeout T_drain: 3 s
2026/Jun/23 08:28:09.756921 USER TC_34_2_2.ttcn3:81 Drain period complete
2026/Jun/23 08:28:09.756960 PORTEVENT TC_34_2_2.ttcn3:444 Sent on MSC to system charstring : "{\"command\": \"CMD_SEND_CLEAR_CMD\", \"params\": {\"bsc_slr\": 2, \"cause\": 0}}"
2026/Jun/23 08:28:09.757043 USER TC_34_2_2.ttcn3:444 MSC_Port: TX: {"command": "CMD_SEND_CLEAR_CMD", "params": {"bsc_slr": 2, "cause": 0}}
2026/Jun/23 08:28:09.757057 TIMEROP TC_34_2_2.ttcn3:74 Start timer T_drain: 5 s
2026/Jun/23 08:28:09.757807 USER TC_34_2_2.ttcn3:75 MSC_Port: RX: {"status": "ok"}
2026/Jun/23 08:28:09.757834 PORTEVENT TC_34_2_2.ttcn3:75 Message enqueued on MSC from system charstring : "{\"status\": \"ok\"}" id 21
2026/Jun/23 08:28:09.757855 PORTEVENT TC_34_2_2.ttcn3:76 Receive operation on port MSC succeeded, message from system(): charstring : "{\"status\": \"ok\"}" id 21
2026/Jun/23 08:28:09.757865 PORTEVENT TC_34_2_2.ttcn3:76 Message with id 21 was extracted from the queue of MSC.
2026/Jun/23 08:28:09.757870 USER TC_34_2_2.ttcn3:77 Draining event: "{\"status\": \"ok\"}"
2026/Jun/23 08:28:09.759053 USER TC_34_2_2.ttcn3:75 MSC_Port: RX: {"type": "EVENT_BSSMAP_CLEAR_COMPLETE", "bsc_slr": 2}
2026/Jun/23 08:28:09.759072 PORTEVENT TC_34_2_2.ttcn3:75 Message enqueued on MSC from system charstring : "{\"type\": \"EVENT_BSSMAP_CLEAR_COMPLETE\", \"bsc_slr\": 2}" id 22
2026/Jun/23 08:28:09.759095 PORTEVENT TC_34_2_2.ttcn3:76 Receive operation on port MSC succeeded, message from system(): charstring : "{\"type\": \"EVENT_BSSMAP_CLEAR_COMPLETE\", \"bsc_slr\": 2}" id 22
2026/Jun/23 08:28:09.759103 PORTEVENT TC_34_2_2.ttcn3:76 Message with id 22 was extracted from the queue of MSC.
2026/Jun/23 08:28:09.759108 USER TC_34_2_2.ttcn3:77 Draining event: "{\"type\": \"EVENT_BSSMAP_CLEAR_COMPLETE\", \"bsc_slr\": 2}"
2026/Jun/23 08:28:10.139289 USER TC_34_2_2.ttcn3:75 VTY_PT: Received data (buffered): 61 bytes
2026/Jun/23 08:28:11.759096 USER TC_34_2_2.ttcn3:75 MSC_Port: RX: {"type": "HEARTBEAT"}
2026/Jun/23 08:28:11.759191 PORTEVENT TC_34_2_2.ttcn3:75 Message enqueued on MSC from system charstring : "{\"type\": \"HEARTBEAT\"}" id 23
2026/Jun/23 08:28:11.759231 PORTEVENT TC_34_2_2.ttcn3:76 Receive operation on port MSC succeeded, message from system(): charstring : "{\"type\": \"HEARTBEAT\"}" id 23
2026/Jun/23 08:28:11.759251 PORTEVENT TC_34_2_2.ttcn3:76 Message with id 23 was extracted from the queue of MSC.
2026/Jun/23 08:28:11.759264 USER TC_34_2_2.ttcn3:77 Draining event: "{\"type\": \"HEARTBEAT\"}"
2026/Jun/23 08:28:14.758861 TIMEROP TC_34_2_2.ttcn3:80 Timeout T_drain: 5 s
2026/Jun/23 08:28:14.758941 USER TC_34_2_2.ttcn3:81 Drain period complete
2026/Jun/23 08:28:14.758980 USER TC_34_2_2.ttcn3:447 Initial LU completed, mobile registered
2026/Jun/23 08:28:14.759000 TIMEROP TC_34_2_2.ttcn3:74 Start timer T_drain: 5 s
2026/Jun/23 08:28:16.764071 USER TC_34_2_2.ttcn3:75 MSC_Port: RX: {"type": "HEARTBEAT"}
2026/Jun/23 08:28:16.764129 PORTEVENT TC_34_2_2.ttcn3:75 Message enqueued on MSC from system charstring : "{\"type\": \"HEARTBEAT\"}" id 24
2026/Jun/23 08:28:16.764150 PORTEVENT TC_34_2_2.ttcn3:76 Receive operation on port MSC succeeded, message from system(): charstring : "{\"type\": \"HEARTBEAT\"}" id 24
2026/Jun/23 08:28:16.764160 PORTEVENT TC_34_2_2.ttcn3:76 Message with id 24 was extracted from the queue of MSC.
2026/Jun/23 08:28:16.764165 USER TC_34_2_2.ttcn3:77 Draining event: "{\"type\": \"HEARTBEAT\"}"
2026/Jun/23 08:28:19.761214 TIMEROP TC_34_2_2.ttcn3:80 Timeout T_drain: 5 s
2026/Jun/23 08:28:19.761299 USER TC_34_2_2.ttcn3:81 Drain period complete
2026/Jun/23 08:28:19.761333 USER TC_34_2_2.ttcn3:1305 *** Pre-test: Configuring SMS service center ***
2026/Jun/23 08:28:19.761350 USER TC_34_2_2.ttcn3:409 Configuring SMS service center: "+1234567890"
2026/Jun/23 08:28:19.761382 USER GSM_Component_Definitions.ttcn3:455 VTY: Sending command: "enable"
2026/Jun/23 08:28:19.761436 PORTEVENT GSM_Component_Definitions.ttcn3:456 Sent on VTY to system charstring : "enable"
2026/Jun/23 08:28:19.761485 USER GSM_Component_Definitions.ttcn3:456 VTY_PT: Sending command: "enable"
2026/Jun/23 08:28:19.961723 USER GSM_Component_Definitions.ttcn3:456 VTY_PT: Received response: 
% (MS 1)
% Power off!

% (MS 1)
% Trying to register with network International, 70...

% (MS 1)
% Trying to register with network International, 70...

% (MS 1)
% Trying to register with network International, 70...

% (MS 1)
% On Network, normal service: International, 70
enable
OsmocomBB(mobile)# 
OsmocomBB(mobile)# 
2026/Jun/23 08:28:19.961915 PORTEVENT GSM_Component_Definitions.ttcn3:456 Message enqueued on VTY from system charstring : "\r\n% (MS 1)\r\n% Power off!\r\n\r\n% (MS 1)\r\n% Trying to register with network International, 70...\r\n\r\n% (MS 1)\r\n% Trying to register with network International, 70...\r\n\r\n% (MS 1)\r\n% Trying to register with network International, 70...\r\n\r\n% (MS 1)\r\n% On Network, normal service: International, 70\r\nenable\r\nOsmocomBB(mobile)# \r\nOsmocomBB(mobile)# " id 1
2026/Jun/23 08:28:19.961966 TIMEROP GSM_Component_Definitions.ttcn3:459 Start timer T_vty: 5 s
2026/Jun/23 08:28:19.962039 PORTEVENT GSM_Component_Definitions.ttcn3:462 Receive operation on port VTY succeeded, message from system(): charstring : "\r\n% (MS 1)\r\n% Power off!\r\n\r\n% (MS 1)\r\n% Trying to register with network International, 70...\r\n\r\n% (MS 1)\r\n% Trying to register with network International, 70...\r\n\r\n% (MS 1)\r\n% Trying to register with network International, 70...\r\n\r\n% (MS 1)\r\n% On Network, normal service: International, 70\r\nenable\r\nOsmocomBB(mobile)# \r\nOsmocomBB(mobile)# " id 1
2026/Jun/23 08:28:19.962088 PORTEVENT GSM_Component_Definitions.ttcn3:462 Message with id 1 was extracted from the queue of VTY.
2026/Jun/23 08:28:19.962106 TIMEROP GSM_Component_Definitions.ttcn3:463 Stop timer T_vty: 5 s
2026/Jun/23 08:28:19.962119 USER GSM_Component_Definitions.ttcn3:464 VTY: Received response: "\r\n% (MS 1)\r\n% Power off!\r\n\r\n% (MS 1)\r\n% Trying to register with network International, 70...\r\n\r\n% (MS 1)\r\n% Trying to register with network International, 70...\r\n\r\n% (MS 1)\r\n% Trying to register with network International, 70...\r\n\r\n% (MS 1)\r\n% On Network, normal service: International, 70\r\nenable\r\nOsmocomBB(mobile)# \r\nOsmocomBB(mobile)# "
2026/Jun/23 08:28:19.962177 USER GSM_Component_Definitions.ttcn3:455 VTY: Sending command: "configure terminal"
2026/Jun/23 08:28:19.962202 PORTEVENT GSM_Component_Definitions.ttcn3:456 Sent on VTY to system charstring : "configure terminal"
2026/Jun/23 08:28:19.962220 USER GSM_Component_Definitions.ttcn3:456 VTY_PT: Sending command: "configure terminal"
2026/Jun/23 08:28:20.162409 USER GSM_Component_Definitions.ttcn3:456 VTY_PT: Received response: configure terminal
OsmocomBB(mobile)(config)# 
OsmocomBB(mobile)(config)# 
2026/Jun/23 08:28:20.162515 PORTEVENT GSM_Component_Definitions.ttcn3:456 Message enqueued on VTY from system charstring : "configure terminal\r\nOsmocomBB(mobile)(config)# \r\nOsmocomBB(mobile)(config)# " id 2
2026/Jun/23 08:28:20.162544 TIMEROP GSM_Component_Definitions.ttcn3:459 Start timer T_vty: 5 s
2026/Jun/23 08:28:20.162579 PORTEVENT GSM_Component_Definitions.ttcn3:462 Receive operation on port VTY succeeded, message from system(): charstring : "configure terminal\r\nOsmocomBB(mobile)(config)# \r\nOsmocomBB(mobile)(config)# " id 2
2026/Jun/23 08:28:20.162595 PORTEVENT GSM_Component_Definitions.ttcn3:462 Message with id 2 was extracted from the queue of VTY.
2026/Jun/23 08:28:20.162607 TIMEROP GSM_Component_Definitions.ttcn3:463 Stop timer T_vty: 5 s
2026/Jun/23 08:28:20.162617 USER GSM_Component_Definitions.ttcn3:464 VTY: Received response: "configure terminal\r\nOsmocomBB(mobile)(config)# \r\nOsmocomBB(mobile)(config)# "
2026/Jun/23 08:28:20.162645 USER GSM_Component_Definitions.ttcn3:455 VTY: Sending command: "ms 1"
2026/Jun/23 08:28:20.162662 PORTEVENT GSM_Component_Definitions.ttcn3:456 Sent on VTY to system charstring : "ms 1"
2026/Jun/23 08:28:20.162677 USER GSM_Component_Definitions.ttcn3:456 VTY_PT: Sending command: "ms 1"
2026/Jun/23 08:28:20.362864 USER GSM_Component_Definitions.ttcn3:456 VTY_PT: Received response: ms 1
OsmocomBB(mobile)(ms)# 
OsmocomBB(mobile)(ms)# 
2026/Jun/23 08:28:20.362960 PORTEVENT GSM_Component_Definitions.ttcn3:456 Message enqueued on VTY from system charstring : "ms 1\r\nOsmocomBB(mobile)(ms)# \r\nOsmocomBB(mobile)(ms)# " id 3
2026/Jun/23 08:28:20.362990 TIMEROP GSM_Component_Definitions.ttcn3:459 Start timer T_vty: 5 s
2026/Jun/23 08:28:20.363022 PORTEVENT GSM_Component_Definitions.ttcn3:462 Receive operation on port VTY succeeded, message from system(): charstring : "ms 1\r\nOsmocomBB(mobile)(ms)# \r\nOsmocomBB(mobile)(ms)# " id 3
2026/Jun/23 08:28:20.363038 PORTEVENT GSM_Component_Definitions.ttcn3:462 Message with id 3 was extracted from the queue of VTY.
2026/Jun/23 08:28:20.363049 TIMEROP GSM_Component_Definitions.ttcn3:463 Stop timer T_vty: 5 s
2026/Jun/23 08:28:20.363060 USER GSM_Component_Definitions.ttcn3:464 VTY: Received response: "ms 1\r\nOsmocomBB(mobile)(ms)# \r\nOsmocomBB(mobile)(ms)# "
2026/Jun/23 08:28:20.363085 USER GSM_Component_Definitions.ttcn3:455 VTY: Sending command: "sms-service-center +1234567890"
2026/Jun/23 08:28:20.363109 PORTEVENT GSM_Component_Definitions.ttcn3:456 Sent on VTY to system charstring : "sms-service-center +1234567890"
2026/Jun/23 08:28:20.363139 USER GSM_Component_Definitions.ttcn3:456 VTY_PT: Sending command: "sms-service-center +1234567890"
2026/Jun/23 08:28:20.563317 USER GSM_Component_Definitions.ttcn3:456 VTY_PT: Received response: sms-service-center +1234567890
OsmocomBB(mobile)(ms)# 
OsmocomBB(mobile)(ms)# 
2026/Jun/23 08:28:20.563393 PORTEVENT GSM_Component_Definitions.ttcn3:456 Message enqueued on VTY from system charstring : "sms-service-center +1234567890\r\nOsmocomBB(mobile)(ms)# \r\nOsmocomBB(mobile)(ms)# " id 4
2026/Jun/23 08:28:20.563412 TIMEROP GSM_Component_Definitions.ttcn3:459 Start timer T_vty: 5 s
2026/Jun/23 08:28:20.563436 PORTEVENT GSM_Component_Definitions.ttcn3:462 Receive operation on port VTY succeeded, message from system(): charstring : "sms-service-center +1234567890\r\nOsmocomBB(mobile)(ms)# \r\nOsmocomBB(mobile)(ms)# " id 4
2026/Jun/23 08:28:20.563446 PORTEVENT GSM_Component_Definitions.ttcn3:462 Message with id 4 was extracted from the queue of VTY.
2026/Jun/23 08:28:20.563452 TIMEROP GSM_Component_Definitions.ttcn3:463 Stop timer T_vty: 5 s
2026/Jun/23 08:28:20.563457 USER GSM_Component_Definitions.ttcn3:464 VTY: Received response: "sms-service-center +1234567890\r\nOsmocomBB(mobile)(ms)# \r\nOsmocomBB(mobile)(ms)# "
2026/Jun/23 08:28:20.563473 USER GSM_Component_Definitions.ttcn3:455 VTY: Sending command: "end"
2026/Jun/23 08:28:20.563482 PORTEVENT GSM_Component_Definitions.ttcn3:456 Sent on VTY to system charstring : "end"
2026/Jun/23 08:28:20.563491 USER GSM_Component_Definitions.ttcn3:456 VTY_PT: Sending command: "end"
2026/Jun/23 08:28:20.763650 USER GSM_Component_Definitions.ttcn3:456 VTY_PT: Received response: end
OsmocomBB(mobile)# 
OsmocomBB(mobile)# 
2026/Jun/23 08:28:20.763750 PORTEVENT GSM_Component_Definitions.ttcn3:456 Message enqueued on VTY from system charstring : "end\r\nOsmocomBB(mobile)# \r\nOsmocomBB(mobile)# " id 5
2026/Jun/23 08:28:20.763781 TIMEROP GSM_Component_Definitions.ttcn3:459 Start timer T_vty: 5 s
2026/Jun/23 08:28:20.763814 PORTEVENT GSM_Component_Definitions.ttcn3:462 Receive operation on port VTY succeeded, message from system(): charstring : "end\r\nOsmocomBB(mobile)# \r\nOsmocomBB(mobile)# " id 5
2026/Jun/23 08:28:20.763851 PORTEVENT GSM_Component_Definitions.ttcn3:462 Message with id 5 was extracted from the queue of VTY.
2026/Jun/23 08:28:20.763864 TIMEROP GSM_Component_Definitions.ttcn3:463 Stop timer T_vty: 5 s
2026/Jun/23 08:28:20.763875 USER GSM_Component_Definitions.ttcn3:464 VTY: Received response: "end\r\nOsmocomBB(mobile)# \r\nOsmocomBB(mobile)# "
2026/Jun/23 08:28:20.763900 USER TC_34_2_2.ttcn3:416 SMS service center configured
2026/Jun/23 08:28:20.763914 USER TC_34_2_2.ttcn3:1312 ##########################################################
2026/Jun/23 08:28:20.763925 USER TC_34_2_2.ttcn3:1313 ### PART 1: MO-SMS on SDCCH ###
2026/Jun/23 08:28:20.763935 USER TC_34_2_2.ttcn3:1314 ##########################################################
2026/Jun/23 08:28:20.763951 USER TC_34_2_2.ttcn3:476 ==========================================================
2026/Jun/23 08:28:20.763961 USER TC_34_2_2.ttcn3:477 *** Part 1a: Normal MO-SMS on SDCCH ***
2026/Jun/23 08:28:20.763971 USER TC_34_2_2.ttcn3:478 ==========================================================
2026/Jun/23 08:28:20.764031 USER TC_34_2_2.ttcn3:482 --- Part 1a MO-SMS attempt #1 of 3 ---
2026/Jun/23 08:28:20.764053 USER TC_34_2_2.ttcn3:398 Triggering MO-SMS via VTY: number="12345" text='"Hello Part1a"'
2026/Jun/23 08:28:20.764080 USER GSM_Component_Definitions.ttcn3:455 VTY: Sending command: "enable"
2026/Jun/23 08:28:20.764098 PORTEVENT GSM_Component_Definitions.ttcn3:456 Sent on VTY to system charstring : "enable"
2026/Jun/23 08:28:20.764114 USER GSM_Component_Definitions.ttcn3:456 VTY_PT: Sending command: "enable"
2026/Jun/23 08:28:20.964292 USER GSM_Component_Definitions.ttcn3:456 VTY_PT: Received response: enable
% Unknown command.
OsmocomBB(mobile)# 
OsmocomBB(mobile)# 
2026/Jun/23 08:28:20.964398 PORTEVENT GSM_Component_Definitions.ttcn3:456 Message enqueued on VTY from system charstring : "enable\r\n% Unknown command.\r\nOsmocomBB(mobile)# \r\nOsmocomBB(mobile)# " id 6
2026/Jun/23 08:28:20.964440 TIMEROP GSM_Component_Definitions.ttcn3:459 Start timer T_vty: 5 s
2026/Jun/23 08:28:20.964477 PORTEVENT GSM_Component_Definitions.ttcn3:462 Receive operation on port VTY succeeded, message from system(): charstring : "enable\r\n% Unknown command.\r\nOsmocomBB(mobile)# \r\nOsmocomBB(mobile)# " id 6
2026/Jun/23 08:28:20.964493 PORTEVENT GSM_Component_Definitions.ttcn3:462 Message with id 6 was extracted from the queue of VTY.
2026/Jun/23 08:28:20.964505 TIMEROP GSM_Component_Definitions.ttcn3:463 Stop timer T_vty: 5 s
2026/Jun/23 08:28:20.964517 USER GSM_Component_Definitions.ttcn3:464 VTY: Received response: "enable\r\n% Unknown command.\r\nOsmocomBB(mobile)# \r\nOsmocomBB(mobile)# "
2026/Jun/23 08:28:20.964544 USER GSM_Component_Definitions.ttcn3:455 VTY: Sending command: "sms 1 12345 Hello Part1a"
2026/Jun/23 08:28:20.964570 PORTEVENT GSM_Component_Definitions.ttcn3:456 Sent on VTY to system charstring : "sms 1 12345 Hello Part1a"
2026/Jun/23 08:28:20.964588 USER GSM_Component_Definitions.ttcn3:456 VTY_PT: Sending command: "sms 1 12345 Hello Part1a"
2026/Jun/23 08:28:21.164769 USER GSM_Component_Definitions.ttcn3:456 VTY_PT: Received response: sms 1 12345 Hello Part1a
OsmocomBB(mobile)# 
OsmocomBB(mobile)# 
2026/Jun/23 08:28:21.164893 PORTEVENT GSM_Component_Definitions.ttcn3:456 Message enqueued on VTY from system charstring : "sms 1 12345 Hello Part1a\r\nOsmocomBB(mobile)# \r\nOsmocomBB(mobile)# " id 7
2026/Jun/23 08:28:21.164926 TIMEROP GSM_Component_Definitions.ttcn3:459 Start timer T_vty: 5 s
2026/Jun/23 08:28:21.164961 PORTEVENT GSM_Component_Definitions.ttcn3:462 Receive operation on port VTY succeeded, message from system(): charstring : "sms 1 12345 Hello Part1a\r\nOsmocomBB(mobile)# \r\nOsmocomBB(mobile)# " id 7
2026/Jun/23 08:28:21.164978 PORTEVENT GSM_Component_Definitions.ttcn3:462 Message with id 7 was extracted from the queue of VTY.
2026/Jun/23 08:28:21.164989 TIMEROP GSM_Component_Definitions.ttcn3:463 Stop timer T_vty: 5 s
2026/Jun/23 08:28:21.165001 USER GSM_Component_Definitions.ttcn3:464 VTY: Received response: "sms 1 12345 Hello Part1a\r\nOsmocomBB(mobile)# \r\nOsmocomBB(mobile)# "
2026/Jun/23 08:28:21.165027 USER TC_34_2_2.ttcn3:402 VTY sms response: "sms 1 12345 Hello Part1a\r\nOsmocomBB(mobile)# \r\nOsmocomBB(mobile)# "
2026/Jun/23 08:28:21.165052 TIMEROP TC_34_2_2.ttcn3:94 Start timer T_wait: 60 s
2026/Jun/23 08:28:21.531307 USER TC_34_2_2.ttcn3:95 MSC_Port: RX: {"type": "EVENT_CM_SERVICE_REQUEST", "bsc_slr": 3, "cm_service_type": 4, "cm_service_type_name": "Short message service"}
2026/Jun/23 08:28:21.531404 PORTEVENT TC_34_2_2.ttcn3:95 Message enqueued on MSC from system charstring : "{\"type\": \"EVENT_CM_SERVICE_REQUEST\", \"bsc_slr\": 3, \"cm_service_type\": 4, \"cm_service_type_name\": \"Short message service\"}" id 25
2026/Jun/23 08:28:21.531451 PORTEVENT TC_34_2_2.ttcn3:96 Receive operation on port MSC succeeded, message from system(): charstring : "{\"type\": \"EVENT_CM_SERVICE_REQUEST\", \"bsc_slr\": 3, \"cm_service_type\": 4, \"cm_service_type_name\": \"Short message service\"}" id 25
2026/Jun/23 08:28:21.531471 PORTEVENT TC_34_2_2.ttcn3:96 Message with id 25 was extracted from the queue of MSC.
2026/Jun/23 08:28:21.531750 USER GSM_Functions.ttcn3:365 f_extractJsonInt: Searching for key '"bsc_slr"' in JSON: "{\"type\": \"EVENT_CM_SERVICE_REQUEST\", \"bsc_slr\": 3, \"cm_service_type\": 4, \"cm_service_type_name\": \"Short message service\"}"
2026/Jun/23 08:28:21.531813 USER GSM_Functions.ttcn3:372 f_extractJsonInt: Found key at position 37 (pattern: "\"bsc_slr\":")
2026/Jun/23 08:28:21.531874 USER GSM_Functions.ttcn3:422 f_extractJsonInt: Extracted number string '"3"' => integer 3
2026/Jun/23 08:28:21.531896 USER GSM_Functions.ttcn3:365 f_extractJsonInt: Searching for key '"service_type"' in JSON: "{\"type\": \"EVENT_CM_SERVICE_REQUEST\", \"bsc_slr\": 3, \"cm_service_type\": 4, \"cm_service_type_name\": \"Short message service\"}"
2026/Jun/23 08:28:21.531986 USER GSM_Functions.ttcn3:391 f_extractJsonInt: Key '"service_type"' NOT found, returning 0
2026/Jun/23 08:28:21.532017 USER TC_34_2_2.ttcn3:100 CM SERVICE REQUEST received: bsc_slr=3 service_type=0
2026/Jun/23 08:28:21.532037 TIMEROP TC_34_2_2.ttcn3:101 Stop timer T_wait: 60 s
2026/Jun/23 08:28:21.532070 PORTEVENT TC_34_2_2.ttcn3:104 Sent on MSC to system charstring : "{\"command\": \"CMD_SEND_CM_SERVICE_ACCEPT\", \"params\": {\"bsc_slr\": 3}}"
2026/Jun/23 08:28:21.532138 USER TC_34_2_2.ttcn3:104 MSC_Port: TX: {"command": "CMD_SEND_CM_SERVICE_ACCEPT", "params": {"bsc_slr": 3}}
2026/Jun/23 08:28:21.532158 TIMEROP TC_34_2_2.ttcn3:107 Start timer T_ack: 2 s
2026/Jun/23 08:28:21.532740 USER TC_34_2_2.ttcn3:108 MSC_Port: RX: {"status": "ok", "sent": true}
2026/Jun/23 08:28:21.532766 PORTEVENT TC_34_2_2.ttcn3:108 Message enqueued on MSC from system charstring : "{\"status\": \"ok\", \"sent\": true}" id 26
2026/Jun/23 08:28:21.532788 PORTEVENT TC_34_2_2.ttcn3:109 Receive operation on port MSC succeeded, message from system(): charstring : "{\"status\": \"ok\", \"sent\": true}" id 26
2026/Jun/23 08:28:21.532802 PORTEVENT TC_34_2_2.ttcn3:109 Message with id 26 was extracted from the queue of MSC.
2026/Jun/23 08:28:21.532811 TIMEROP TC_34_2_2.ttcn3:110 Stop timer T_ack: 2 s
2026/Jun/23 08:28:21.532839 TIMEROP TC_34_2_2.ttcn3:162 Start timer T_wait: 60 s
2026/Jun/23 08:28:22.472104 USER TC_34_2_2.ttcn3:163 MSC_Port: RX: {"type": "EVENT_DTAP", "bsc_slr": 3, "pd": 9, "msg_type": 1}
2026/Jun/23 08:28:22.472181 PORTEVENT TC_34_2_2.ttcn3:163 Message enqueued on MSC from system charstring : "{\"type\": \"EVENT_DTAP\", \"bsc_slr\": 3, \"pd\": 9, \"msg_type\": 1}" id 27
2026/Jun/23 08:28:22.472212 PORTEVENT TC_34_2_2.ttcn3:164 Receive operation on port MSC succeeded, message from system(): charstring : "{\"type\": \"EVENT_DTAP\", \"bsc_slr\": 3, \"pd\": 9, \"msg_type\": 1}" id 27
2026/Jun/23 08:28:22.472224 PORTEVENT TC_34_2_2.ttcn3:164 Message with id 27 was extracted from the queue of MSC.
2026/Jun/23 08:28:22.472356 USER TC_34_2_2.ttcn3:178 Event while waiting for CP-DATA: "{\"type\": \"EVENT_DTAP\", \"bsc_slr\": 3, \"pd\": 9, \"msg_type\": 1}"
2026/Jun/23 08:28:22.472387 USER TC_34_2_2.ttcn3:163 MSC_Port: RX: {"type": "EVENT_SMS_CP_DATA", "bsc_slr": 3, "ti_value": 0, "ti_flag": 0, "rp_mr": 42, "rp_msg_type": 0, "rp_error_cause": 0, "rp_hex": "002a000691214365870915012a05812143f500000cc8329bfd0641c3727a2c0c"}
2026/Jun/23 08:28:22.472409 PORTEVENT TC_34_2_2.ttcn3:163 Message enqueued on MSC from system charstring : "{\"type\": \"EVENT_SMS_CP_DATA\", \"bsc_slr\": 3, \"ti_value\": 0, \"ti_flag\": 0, \"rp_mr\": 42, \"rp_msg_type\": 0, \"rp_error_cause\": 0, \"rp_hex\": \"002a000691214365870915012a05812143f500000cc8329bfd0641c3727a2c0c\"}" id 28
2026/Jun/23 08:28:22.472429 PORTEVENT TC_34_2_2.ttcn3:164 Receive operation on port MSC succeeded, message from system(): charstring : "{\"type\": \"EVENT_SMS_CP_DATA\", \"bsc_slr\": 3, \"ti_value\": 0, \"ti_flag\": 0, \"rp_mr\": 42, \"rp_msg_type\": 0, \"rp_error_cause\": 0, \"rp_hex\": \"002a000691214365870915012a05812143f500000cc8329bfd0641c3727a2c0c\"}" id 28
2026/Jun/23 08:28:22.472438 PORTEVENT TC_34_2_2.ttcn3:164 Message with id 28 was extracted from the queue of MSC.
2026/Jun/23 08:28:22.472543 USER GSM_Functions.ttcn3:365 f_extractJsonInt: Searching for key '"bsc_slr"' in JSON: "{\"type\": \"EVENT_SMS_CP_DATA\", \"bsc_slr\": 3, \"ti_value\": 0, \"ti_flag\": 0, \"rp_mr\": 42, \"rp_msg_type\": 0, \"rp_error_cause\": 0, \"rp_hex\": \"002a000691214365870915012a05812143f500000cc8329bfd0641c3727a2c0c\"}"
2026/Jun/23 08:28:22.472582 USER GSM_Functions.ttcn3:372 f_extractJsonInt: Found key at position 30 (pattern: "\"bsc_slr\":")
2026/Jun/23 08:28:22.472603 USER GSM_Functions.ttcn3:422 f_extractJsonInt: Extracted number string '"3"' => integer 3
2026/Jun/23 08:28:22.472616 USER GSM_Functions.ttcn3:365 f_extractJsonInt: Searching for key '"ti_value"' in JSON: "{\"type\": \"EVENT_SMS_CP_DATA\", \"bsc_slr\": 3, \"ti_value\": 0, \"ti_flag\": 0, \"rp_mr\": 42, \"rp_msg_type\": 0, \"rp_error_cause\": 0, \"rp_hex\": \"002a000691214365870915012a05812143f500000cc8329bfd0641c3727a2c0c\"}"
2026/Jun/23 08:28:22.472654 USER GSM_Functions.ttcn3:372 f_extractJsonInt: Found key at position 44 (pattern: "\"ti_value\":")
2026/Jun/23 08:28:22.472667 USER GSM_Functions.ttcn3:422 f_extractJsonInt: Extracted number string '"0"' => integer 0
2026/Jun/23 08:28:22.472678 USER GSM_Functions.ttcn3:365 f_extractJsonInt: Searching for key '"ti_flag"' in JSON: "{\"type\": \"EVENT_SMS_CP_DATA\", \"bsc_slr\": 3, \"ti_value\": 0, \"ti_flag\": 0, \"rp_mr\": 42, \"rp_msg_type\": 0, \"rp_error_cause\": 0, \"rp_hex\": \"002a000691214365870915012a05812143f500000cc8329bfd0641c3727a2c0c\"}"
2026/Jun/23 08:28:22.472708 USER GSM_Functions.ttcn3:372 f_extractJsonInt: Found key at position 59 (pattern: "\"ti_flag\":")
2026/Jun/23 08:28:22.472720 USER GSM_Functions.ttcn3:422 f_extractJsonInt: Extracted number string '"0"' => integer 0
2026/Jun/23 08:28:22.472730 USER GSM_Functions.ttcn3:365 f_extractJsonInt: Searching for key '"rp_mr"' in JSON: "{\"type\": \"EVENT_SMS_CP_DATA\", \"bsc_slr\": 3, \"ti_value\": 0, \"ti_flag\": 0, \"rp_mr\": 42, \"rp_msg_type\": 0, \"rp_error_cause\": 0, \"rp_hex\": \"002a000691214365870915012a05812143f500000cc8329bfd0641c3727a2c0c\"}"
2026/Jun/23 08:28:22.472762 USER GSM_Functions.ttcn3:372 f_extractJsonInt: Found key at position 73 (pattern: "\"rp_mr\":")
2026/Jun/23 08:28:22.472774 USER GSM_Functions.ttcn3:422 f_extractJsonInt: Extracted number string '"42"' => integer 42
2026/Jun/23 08:28:22.472784 USER TC_34_2_2.ttcn3:170 CP-DATA received: TI=0 TI_flag=0 RP-MR=42
2026/Jun/23 08:28:22.472837 TIMEROP TC_34_2_2.ttcn3:172 Stop timer T_wait: 60 s
2026/Jun/23 08:28:22.472859 USER TC_34_2_2.ttcn3:511 *** Received MO-SMS CP-DATA: TI=0 RP-MR=42 ***
2026/Jun/23 08:28:22.472891 PORTEVENT TC_34_2_2.ttcn3:226 Sent on MSC to system charstring : "{\"command\": \"CMD_SEND_SMS_CP_ACK\", \"params\": {\"bsc_slr\": 3, \"ti_value\": 0, \"ti_flag\": 1}}"
2026/Jun/23 08:28:22.472943 USER TC_34_2_2.ttcn3:226 MSC_Port: TX: {"command": "CMD_SEND_SMS_CP_ACK", "params": {"bsc_slr": 3, "ti_value": 0, "ti_flag": 1}}
2026/Jun/23 08:28:22.472955 USER TC_34_2_2.ttcn3:227 Sent CP-ACK: TI=0 TI_flag=1
2026/Jun/23 08:28:22.472966 TIMEROP TC_34_2_2.ttcn3:230 Start timer T_ack: 1 s
2026/Jun/23 08:28:22.473430 USER TC_34_2_2.ttcn3:231 MSC_Port: RX: {"status": "ok", "sent": true}
2026/Jun/23 08:28:22.473472 PORTEVENT TC_34_2_2.ttcn3:231 Message enqueued on MSC from system charstring : "{\"status\": \"ok\", \"sent\": true}" id 29
2026/Jun/23 08:28:22.473489 PORTEVENT TC_34_2_2.ttcn3:232 Receive operation on port MSC succeeded, message from system(): charstring : "{\"status\": \"ok\", \"sent\": true}" id 29
2026/Jun/23 08:28:22.473497 PORTEVENT TC_34_2_2.ttcn3:232 Message with id 29 was extracted from the queue of MSC.
2026/Jun/23 08:28:22.473502 TIMEROP TC_34_2_2.ttcn3:232 Stop timer T_ack: 1 s
2026/Jun/23 08:28:22.473522 PORTEVENT TC_34_2_2.ttcn3:243 Sent on MSC to system charstring : "{\"command\": \"CMD_SEND_SMS_CP_DATA_RP_ACK\", \"params\": {\"bsc_slr\": 3, \"ti_value\": 0, \"ti_flag\": 1, \"rp_mr\": 42}}"
2026/Jun/23 08:28:22.473560 USER TC_34_2_2.ttcn3:243 MSC_Port: TX: {"command": "CMD_SEND_SMS_CP_DATA_RP_ACK", "params": {"bsc_slr": 3, "ti_value": 0, "ti_flag": 1, "rp_mr": 42}}
2026/Jun/23 08:28:22.473572 USER TC_34_2_2.ttcn3:244 Sent CP-DATA(RP-ACK): TI=0 RP-MR=42
2026/Jun/23 08:28:22.473584 TIMEROP TC_34_2_2.ttcn3:247 Start timer T_ack: 1 s
2026/Jun/23 08:28:22.473826 USER TC_34_2_2.ttcn3:248 MSC_Port: RX: {"status": "ok", "sent": true}
2026/Jun/23 08:28:22.473844 PORTEVENT TC_34_2_2.ttcn3:248 Message enqueued on MSC from system charstring : "{\"status\": \"ok\", \"sent\": true}" id 30
2026/Jun/23 08:28:22.473854 PORTEVENT TC_34_2_2.ttcn3:249 Receive operation on port MSC succeeded, message from system(): charstring : "{\"status\": \"ok\", \"sent\": true}" id 30
2026/Jun/23 08:28:22.473861 PORTEVENT TC_34_2_2.ttcn3:249 Message with id 30 was extracted from the queue of MSC.
2026/Jun/23 08:28:22.473865 TIMEROP TC_34_2_2.ttcn3:249 Stop timer T_ack: 1 s
2026/Jun/23 08:28:22.473872 TIMEROP TC_34_2_2.ttcn3:196 Start timer T_wait: 25 s
2026/Jun/23 08:28:23.084968 USER TC_34_2_2.ttcn3:197 VTY_PT: Received data (buffered): 39 bytes
2026/Jun/23 08:28:23.228778 USER TC_34_2_2.ttcn3:197 MSC_Port: RX: {"type": "EVENT_DTAP", "bsc_slr": 3, "pd": 9, "msg_type": 4}
2026/Jun/23 08:28:23.228889 PORTEVENT TC_34_2_2.ttcn3:197 Message enqueued on MSC from system charstring : "{\"type\": \"EVENT_DTAP\", \"bsc_slr\": 3, \"pd\": 9, \"msg_type\": 4}" id 31
2026/Jun/23 08:28:23.228935 PORTEVENT TC_34_2_2.ttcn3:198 Receive operation on port MSC succeeded, message from system(): charstring : "{\"type\": \"EVENT_DTAP\", \"bsc_slr\": 3, \"pd\": 9, \"msg_type\": 4}" id 31
2026/Jun/23 08:28:23.228954 PORTEVENT TC_34_2_2.ttcn3:198 Message with id 31 was extracted from the queue of MSC.
2026/Jun/23 08:28:23.229165 USER TC_34_2_2.ttcn3:208 Event while waiting for CP-ACK: "{\"type\": \"EVENT_DTAP\", \"bsc_slr\": 3, \"pd\": 9, \"msg_type\": 4}"
2026/Jun/23 08:28:23.229212 USER TC_34_2_2.ttcn3:197 MSC_Port: RX: {"type": "EVENT_SMS_CP_ACK", "bsc_slr": 3, "ti_value": 0, "ti_flag": 0}
2026/Jun/23 08:28:23.229238 PORTEVENT TC_34_2_2.ttcn3:197 Message enqueued on MSC from system charstring : "{\"type\": \"EVENT_SMS_CP_ACK\", \"bsc_slr\": 3, \"ti_value\": 0, \"ti_flag\": 0}" id 32
2026/Jun/23 08:28:23.229260 PORTEVENT TC_34_2_2.ttcn3:198 Receive operation on port MSC succeeded, message from system(): charstring : "{\"type\": \"EVENT_SMS_CP_ACK\", \"bsc_slr\": 3, \"ti_value\": 0, \"ti_flag\": 0}" id 32
2026/Jun/23 08:28:23.229273 PORTEVENT TC_34_2_2.ttcn3:198 Message with id 32 was extracted from the queue of MSC.
2026/Jun/23 08:28:23.229399 USER TC_34_2_2.ttcn3:200 CP-ACK received
2026/Jun/23 08:28:23.229416 TIMEROP TC_34_2_2.ttcn3:202 Stop timer T_wait: 25 s
2026/Jun/23 08:28:23.229463 USER TC_34_2_2.ttcn3:521 *** Part 1a PASS: MS sent CP-ACK for RP-ACK ***
2026/Jun/23 08:28:23.229490 PORTEVENT TC_34_2_2.ttcn3:308 Sent on MSC to system charstring : "{\"command\": \"CMD_SEND_CLEAR_CMD\", \"params\": {\"bsc_slr\": 3, \"cause\": 0}}"
2026/Jun/23 08:28:23.229561 USER TC_34_2_2.ttcn3:308 MSC_Port: TX: {"command": "CMD_SEND_CLEAR_CMD", "params": {"bsc_slr": 3, "cause": 0}}
2026/Jun/23 08:28:23.229579 USER TC_34_2_2.ttcn3:309 Sent CLEAR COMMAND for bsc_slr=3
2026/Jun/23 08:28:23.229603 TIMEROP TC_34_2_2.ttcn3:74 Start timer T_drain: 5 s
2026/Jun/23 08:28:23.230230 USER TC_34_2_2.ttcn3:75 MSC_Port: RX: {"status": "ok"}
2026/Jun/23 08:28:23.230299 PORTEVENT TC_34_2_2.ttcn3:75 Message enqueued on MSC from system charstring : "{\"status\": \"ok\"}" id 33
2026/Jun/23 08:28:23.230331 PORTEVENT TC_34_2_2.ttcn3:76 Receive operation on port MSC succeeded, message from system(): charstring : "{\"status\": \"ok\"}" id 33
2026/Jun/23 08:28:23.230348 PORTEVENT TC_34_2_2.ttcn3:76 Message with id 33 was extracted from the queue of MSC.
2026/Jun/23 08:28:23.230359 USER TC_34_2_2.ttcn3:77 Draining event: "{\"status\": \"ok\"}"
2026/Jun/23 08:28:23.270976 USER TC_34_2_2.ttcn3:75 MSC_Port: RX: {"type": "EVENT_BSSMAP_CLEAR_COMPLETE", "bsc_slr": 3}
2026/Jun/23 08:28:23.271073 PORTEVENT TC_34_2_2.ttcn3:75 Message enqueued on MSC from system charstring : "{\"type\": \"EVENT_BSSMAP_CLEAR_COMPLETE\", \"bsc_slr\": 3}" id 34
2026/Jun/23 08:28:23.271114 PORTEVENT TC_34_2_2.ttcn3:76 Receive operation on port MSC succeeded, message from system(): charstring : "{\"type\": \"EVENT_BSSMAP_CLEAR_COMPLETE\", \"bsc_slr\": 3}" id 34
2026/Jun/23 08:28:23.271132 PORTEVENT TC_34_2_2.ttcn3:76 Message with id 34 was extracted from the queue of MSC.
2026/Jun/23 08:28:23.271143 USER TC_34_2_2.ttcn3:77 Draining event: "{\"type\": \"EVENT_BSSMAP_CLEAR_COMPLETE\", \"bsc_slr\": 3}"
2026/Jun/23 08:28:24.231442 USER TC_34_2_2.ttcn3:75 MSC_Port: RX: {"type": "HEARTBEAT"}
2026/Jun/23 08:28:24.231542 PORTEVENT TC_34_2_2.ttcn3:75 Message enqueued on MSC from system charstring : "{\"type\": \"HEARTBEAT\"}" id 35
2026/Jun/23 08:28:24.231580 PORTEVENT TC_34_2_2.ttcn3:76 Receive operation on port MSC succeeded, message from system(): charstring : "{\"type\": \"HEARTBEAT\"}" id 35
2026/Jun/23 08:28:24.231612 PORTEVENT TC_34_2_2.ttcn3:76 Message with id 35 was extracted from the queue of MSC.
2026/Jun/23 08:28:24.231623 USER TC_34_2_2.ttcn3:77 Draining event: "{\"type\": \"HEARTBEAT\"}"
2026/Jun/23 08:28:26.052566 USER TC_34_2_2.ttcn3:75 VTY_PT: Received data (buffered): 61 bytes
2026/Jun/23 08:28:28.230862 TIMEROP TC_34_2_2.ttcn3:80 Timeout T_drain: 5 s
2026/Jun/23 08:28:28.230942 USER TC_34_2_2.ttcn3:81 Drain period complete
2026/Jun/23 08:28:28.230984 TIMEROP TC_34_2_2.ttcn3:74 Start timer T_drain: 10 s
2026/Jun/23 08:28:29.235981 USER TC_34_2_2.ttcn3:75 MSC_Port: RX: {"type": "HEARTBEAT"}
2026/Jun/23 08:28:29.236041 PORTEVENT TC_34_2_2.ttcn3:75 Message enqueued on MSC from system charstring : "{\"type\": \"HEARTBEAT\"}" id 36
2026/Jun/23 08:28:29.236064 PORTEVENT TC_34_2_2.ttcn3:76 Receive operation on port MSC succeeded, message from system(): charstring : "{\"type\": \"HEARTBEAT\"}" id 36
2026/Jun/23 08:28:29.236072 PORTEVENT TC_34_2_2.ttcn3:76 Message with id 36 was extracted from the queue of MSC.
2026/Jun/23 08:28:29.236077 USER TC_34_2_2.ttcn3:77 Draining event: "{\"type\": \"HEARTBEAT\"}"
2026/Jun/23 08:28:34.241090 USER TC_34_2_2.ttcn3:75 MSC_Port: RX: {"type": "HEARTBEAT"}
2026/Jun/23 08:28:34.241166 PORTEVENT TC_34_2_2.ttcn3:75 Message enqueued on MSC from system charstring : "{\"type\": \"HEARTBEAT\"}" id 37
2026/Jun/23 08:28:34.241207 PORTEVENT TC_34_2_2.ttcn3:76 Receive operation on port MSC succeeded, message from system(): charstring : "{\"type\": \"HEARTBEAT\"}" id 37
2026/Jun/23 08:28:34.241228 PORTEVENT TC_34_2_2.ttcn3:76 Message with id 37 was extracted from the queue of MSC.
2026/Jun/23 08:28:34.241241 USER TC_34_2_2.ttcn3:77 Draining event: "{\"type\": \"HEARTBEAT\"}"
2026/Jun/23 08:28:38.233875 TIMEROP TC_34_2_2.ttcn3:80 Timeout T_drain: 10 s
2026/Jun/23 08:28:38.233948 USER TC_34_2_2.ttcn3:81 Drain period complete
2026/Jun/23 08:28:38.234008 USER TC_34_2_2.ttcn3:549 ==========================================================
2026/Jun/23 08:28:38.234021 USER TC_34_2_2.ttcn3:550 *** Part 1b: MO-SMS CP-DATA Retransmission ***
2026/Jun/23 08:28:38.234031 USER TC_34_2_2.ttcn3:551 ==========================================================
2026/Jun/23 08:28:38.234041 USER TC_34_2_2.ttcn3:556 --- Part 1b MO-SMS attempt #1 of 3 ---
2026/Jun/23 08:28:38.234063 USER TC_34_2_2.ttcn3:398 Triggering MO-SMS via VTY: number="12345" text='"Hello Part1b Retx"'
2026/Jun/23 08:28:38.234083 USER GSM_Component_Definitions.ttcn3:455 VTY: Sending command: "enable"
2026/Jun/23 08:28:38.234102 PORTEVENT GSM_Component_Definitions.ttcn3:456 Sent on VTY to system charstring : "enable"
2026/Jun/23 08:28:38.234124 USER GSM_Component_Definitions.ttcn3:456 VTY_PT: Sending command: "enable"
2026/Jun/23 08:28:38.434305 USER GSM_Component_Definitions.ttcn3:456 VTY_PT: Received response: 
% (MS 1)
% SMS to 12345 successful

% (MS 1)
% On Network, normal service: International, 70
enable
% Unknown command.
OsmocomBB(mobile)# 
OsmocomBB(mobile)# 
2026/Jun/23 08:28:38.434432 PORTEVENT GSM_Component_Definitions.ttcn3:456 Message enqueued on VTY from system charstring : "\r\n% (MS 1)\r\n% SMS to 12345 successful\r\n\r\n% (MS 1)\r\n% On Network, normal service: International, 70\r\nenable\r\n% Unknown command.\r\nOsmocomBB(mobile)# \r\nOsmocomBB(mobile)# " id 8
2026/Jun/23 08:28:38.434466 TIMEROP GSM_Component_Definitions.ttcn3:459 Start timer T_vty: 5 s
2026/Jun/23 08:28:38.434512 PORTEVENT GSM_Component_Definitions.ttcn3:462 Receive operation on port VTY succeeded, message from system(): charstring : "\r\n% (MS 1)\r\n% SMS to 12345 successful\r\n\r\n% (MS 1)\r\n% On Network, normal service: International, 70\r\nenable\r\n% Unknown command.\r\nOsmocomBB(mobile)# \r\nOsmocomBB(mobile)# " id 8
2026/Jun/23 08:28:38.434533 PORTEVENT GSM_Component_Definitions.ttcn3:462 Message with id 8 was extracted from the queue of VTY.
2026/Jun/23 08:28:38.434548 TIMEROP GSM_Component_Definitions.ttcn3:463 Stop timer T_vty: 5 s
2026/Jun/23 08:28:38.434562 USER GSM_Component_Definitions.ttcn3:464 VTY: Received response: "\r\n% (MS 1)\r\n% SMS to 12345 successful\r\n\r\n% (MS 1)\r\n% On Network, normal service: International, 70\r\nenable\r\n% Unknown command.\r\nOsmocomBB(mobile)# \r\nOsmocomBB(mobile)# "
2026/Jun/23 08:28:38.434618 USER GSM_Component_Definitions.ttcn3:455 VTY: Sending command: "sms 1 12345 Hello Part1b Retx"
2026/Jun/23 08:28:38.434644 PORTEVENT GSM_Component_Definitions.ttcn3:456 Sent on VTY to system charstring : "sms 1 12345 Hello Part1b Retx"
2026/Jun/23 08:28:38.434663 USER GSM_Component_Definitions.ttcn3:456 VTY_PT: Sending command: "sms 1 12345 Hello Part1b Retx"
2026/Jun/23 08:28:38.634871 USER GSM_Component_Definitions.ttcn3:456 VTY_PT: Received response: sms 1 12345 Hello Part1b Retx
OsmocomBB(mobile)# 
OsmocomBB(mobile)# 
2026/Jun/23 08:28:38.634981 PORTEVENT GSM_Component_Definitions.ttcn3:456 Message enqueued on VTY from system charstring : "sms 1 12345 Hello Part1b Retx\r\nOsmocomBB(mobile)# \r\nOsmocomBB(mobile)# " id 9
2026/Jun/23 08:28:38.635012 TIMEROP GSM_Component_Definitions.ttcn3:459 Start timer T_vty: 5 s
2026/Jun/23 08:28:38.635046 PORTEVENT GSM_Component_Definitions.ttcn3:462 Receive operation on port VTY succeeded, message from system(): charstring : "sms 1 12345 Hello Part1b Retx\r\nOsmocomBB(mobile)# \r\nOsmocomBB(mobile)# " id 9
2026/Jun/23 08:28:38.635064 PORTEVENT GSM_Component_Definitions.ttcn3:462 Message with id 9 was extracted from the queue of VTY.
2026/Jun/23 08:28:38.635076 TIMEROP GSM_Component_Definitions.ttcn3:463 Stop timer T_vty: 5 s
2026/Jun/23 08:28:38.635088 USER GSM_Component_Definitions.ttcn3:464 VTY: Received response: "sms 1 12345 Hello Part1b Retx\r\nOsmocomBB(mobile)# \r\nOsmocomBB(mobile)# "
2026/Jun/23 08:28:38.635116 USER TC_34_2_2.ttcn3:402 VTY sms response: "sms 1 12345 Hello Part1b Retx\r\nOsmocomBB(mobile)# \r\nOsmocomBB(mobile)# "
2026/Jun/23 08:28:38.635140 TIMEROP TC_34_2_2.ttcn3:94 Start timer T_wait: 60 s
2026/Jun/23 08:28:38.948038 USER TC_34_2_2.ttcn3:95 MSC_Port: RX: {"type": "EVENT_CM_SERVICE_REQUEST", "bsc_slr": 4, "cm_service_type": 4, "cm_service_type_name": "Short message service"}
2026/Jun/23 08:28:38.948144 PORTEVENT TC_34_2_2.ttcn3:95 Message enqueued on MSC from system charstring : "{\"type\": \"EVENT_CM_SERVICE_REQUEST\", \"bsc_slr\": 4, \"cm_service_type\": 4, \"cm_service_type_name\": \"Short message service\"}" id 38
2026/Jun/23 08:28:38.948193 PORTEVENT TC_34_2_2.ttcn3:96 Receive operation on port MSC succeeded, message from system(): charstring : "{\"type\": \"EVENT_CM_SERVICE_REQUEST\", \"bsc_slr\": 4, \"cm_service_type\": 4, \"cm_service_type_name\": \"Short message service\"}" id 38
2026/Jun/23 08:28:38.948211 PORTEVENT TC_34_2_2.ttcn3:96 Message with id 38 was extracted from the queue of MSC.
2026/Jun/23 08:28:38.948457 USER GSM_Functions.ttcn3:365 f_extractJsonInt: Searching for key '"bsc_slr"' in JSON: "{\"type\": \"EVENT_CM_SERVICE_REQUEST\", \"bsc_slr\": 4, \"cm_service_type\": 4, \"cm_service_type_name\": \"Short message service\"}"
2026/Jun/23 08:28:38.948519 USER GSM_Functions.ttcn3:372 f_extractJsonInt: Found key at position 37 (pattern: "\"bsc_slr\":")
2026/Jun/23 08:28:38.948553 USER GSM_Functions.ttcn3:422 f_extractJsonInt: Extracted number string '"4"' => integer 4
2026/Jun/23 08:28:38.948575 USER GSM_Functions.ttcn3:365 f_extractJsonInt: Searching for key '"service_type"' in JSON: "{\"type\": \"EVENT_CM_SERVICE_REQUEST\", \"bsc_slr\": 4, \"cm_service_type\": 4, \"cm_service_type_name\": \"Short message service\"}"
2026/Jun/23 08:28:38.948663 USER GSM_Functions.ttcn3:391 f_extractJsonInt: Key '"service_type"' NOT found, returning 0
2026/Jun/23 08:28:38.948682 USER TC_34_2_2.ttcn3:100 CM SERVICE REQUEST received: bsc_slr=4 service_type=0
2026/Jun/23 08:28:38.948703 TIMEROP TC_34_2_2.ttcn3:101 Stop timer T_wait: 60 s
2026/Jun/23 08:28:38.948736 PORTEVENT TC_34_2_2.ttcn3:104 Sent on MSC to system charstring : "{\"command\": \"CMD_SEND_CM_SERVICE_ACCEPT\", \"params\": {\"bsc_slr\": 4}}"
2026/Jun/23 08:28:38.948809 USER TC_34_2_2.ttcn3:104 MSC_Port: TX: {"command": "CMD_SEND_CM_SERVICE_ACCEPT", "params": {"bsc_slr": 4}}
2026/Jun/23 08:28:38.948851 TIMEROP TC_34_2_2.ttcn3:107 Start timer T_ack: 2 s
2026/Jun/23 08:28:38.949406 USER TC_34_2_2.ttcn3:108 MSC_Port: RX: {"status": "ok", "sent": true}
2026/Jun/23 08:28:38.949431 PORTEVENT TC_34_2_2.ttcn3:108 Message enqueued on MSC from system charstring : "{\"status\": \"ok\", \"sent\": true}" id 39
2026/Jun/23 08:28:38.949452 PORTEVENT TC_34_2_2.ttcn3:109 Receive operation on port MSC succeeded, message from system(): charstring : "{\"status\": \"ok\", \"sent\": true}" id 39
2026/Jun/23 08:28:38.949465 PORTEVENT TC_34_2_2.ttcn3:109 Message with id 39 was extracted from the queue of MSC.
2026/Jun/23 08:28:38.949474 TIMEROP TC_34_2_2.ttcn3:110 Stop timer T_ack: 2 s
2026/Jun/23 08:28:38.949488 TIMEROP TC_34_2_2.ttcn3:162 Start timer T_wait: 60 s
2026/Jun/23 08:28:39.889186 USER TC_34_2_2.ttcn3:163 MSC_Port: RX: {"type": "EVENT_DTAP", "bsc_slr": 4, "pd": 9, "msg_type": 1}
2026/Jun/23 08:28:39.889279 PORTEVENT TC_34_2_2.ttcn3:163 Message enqueued on MSC from system charstring : "{\"type\": \"EVENT_DTAP\", \"bsc_slr\": 4, \"pd\": 9, \"msg_type\": 1}" id 40
2026/Jun/23 08:28:39.889323 PORTEVENT TC_34_2_2.ttcn3:164 Receive operation on port MSC succeeded, message from system(): charstring : "{\"type\": \"EVENT_DTAP\", \"bsc_slr\": 4, \"pd\": 9, \"msg_type\": 1}" id 40
2026/Jun/23 08:28:39.889344 PORTEVENT TC_34_2_2.ttcn3:164 Message with id 40 was extracted from the queue of MSC.
2026/Jun/23 08:28:39.889550 USER TC_34_2_2.ttcn3:178 Event while waiting for CP-DATA: "{\"type\": \"EVENT_DTAP\", \"bsc_slr\": 4, \"pd\": 9, \"msg_type\": 1}"
2026/Jun/23 08:28:39.889602 USER TC_34_2_2.ttcn3:163 MSC_Port: RX: {"type": "EVENT_SMS_CP_DATA", "bsc_slr": 4, "ti_value": 0, "ti_flag": 0, "rp_mr": 42, "rp_msg_type": 0, "rp_error_cause": 0, "rp_hex": "002a000691214365870919012a05812143f5000011c8329bfd0641c3727a4c0c9296e978"}
2026/Jun/23 08:28:39.889643 PORTEVENT TC_34_2_2.ttcn3:163 Message enqueued on MSC from system charstring : "{\"type\": \"EVENT_SMS_CP_DATA\", \"bsc_slr\": 4, \"ti_value\": 0, \"ti_flag\": 0, \"rp_mr\": 42, \"rp_msg_type\": 0, \"rp_error_cause\": 0, \"rp_hex\": \"002a000691214365870919012a05812143f5000011c8329bfd0641c3727a4c0c9296e978\"}" id 41
2026/Jun/23 08:28:39.889681 PORTEVENT TC_34_2_2.ttcn3:164 Receive operation on port MSC succeeded, message from system(): charstring : "{\"type\": \"EVENT_SMS_CP_DATA\", \"bsc_slr\": 4, \"ti_value\": 0, \"ti_flag\": 0, \"rp_mr\": 42, \"rp_msg_type\": 0, \"rp_error_cause\": 0, \"rp_hex\": \"002a000691214365870919012a05812143f5000011c8329bfd0641c3727a4c0c9296e978\"}" id 41
2026/Jun/23 08:28:39.889698 PORTEVENT TC_34_2_2.ttcn3:164 Message with id 41 was extracted from the queue of MSC.
2026/Jun/23 08:28:39.889866 USER GSM_Functions.ttcn3:365 f_extractJsonInt: Searching for key '"bsc_slr"' in JSON: "{\"type\": \"EVENT_SMS_CP_DATA\", \"bsc_slr\": 4, \"ti_value\": 0, \"ti_flag\": 0, \"rp_mr\": 42, \"rp_msg_type\": 0, \"rp_error_cause\": 0, \"rp_hex\": \"002a000691214365870919012a05812143f5000011c8329bfd0641c3727a4c0c9296e978\"}"
2026/Jun/23 08:28:39.889931 USER GSM_Functions.ttcn3:372 f_extractJsonInt: Found key at position 30 (pattern: "\"bsc_slr\":")
2026/Jun/23 08:28:39.889967 USER GSM_Functions.ttcn3:422 f_extractJsonInt: Extracted number string '"4"' => integer 4
2026/Jun/23 08:28:39.889991 USER GSM_Functions.ttcn3:365 f_extractJsonInt: Searching for key '"ti_value"' in JSON: "{\"type\": \"EVENT_SMS_CP_DATA\", \"bsc_slr\": 4, \"ti_value\": 0, \"ti_flag\": 0, \"rp_mr\": 42, \"rp_msg_type\": 0, \"rp_error_cause\": 0, \"rp_hex\": \"002a000691214365870919012a05812143f5000011c8329bfd0641c3727a4c0c9296e978\"}"
2026/Jun/23 08:28:39.890044 USER GSM_Functions.ttcn3:372 f_extractJsonInt: Found key at position 44 (pattern: "\"ti_value\":")
2026/Jun/23 08:28:39.890069 USER GSM_Functions.ttcn3:422 f_extractJsonInt: Extracted number string '"0"' => integer 0
2026/Jun/23 08:28:39.890090 USER GSM_Functions.ttcn3:365 f_extractJsonInt: Searching for key '"ti_flag"' in JSON: "{\"type\": \"EVENT_SMS_CP_DATA\", \"bsc_slr\": 4, \"ti_value\": 0, \"ti_flag\": 0, \"rp_mr\": 42, \"rp_msg_type\": 0, \"rp_error_cause\": 0, \"rp_hex\": \"002a000691214365870919012a05812143f5000011c8329bfd0641c3727a4c0c9296e978\"}"
2026/Jun/23 08:28:39.890157 USER GSM_Functions.ttcn3:372 f_extractJsonInt: Found key at position 59 (pattern: "\"ti_flag\":")
2026/Jun/23 08:28:39.890181 USER GSM_Functions.ttcn3:422 f_extractJsonInt: Extracted number string '"0"' => integer 0
2026/Jun/23 08:28:39.890201 USER GSM_Functions.ttcn3:365 f_extractJsonInt: Searching for key '"rp_mr"' in JSON: "{\"type\": \"EVENT_SMS_CP_DATA\", \"bsc_slr\": 4, \"ti_value\": 0, \"ti_flag\": 0, \"rp_mr\": 42, \"rp_msg_type\": 0, \"rp_error_cause\": 0, \"rp_hex\": \"002a000691214365870919012a05812143f5000011c8329bfd0641c3727a4c0c9296e978\"}"
2026/Jun/23 08:28:39.890254 USER GSM_Functions.ttcn3:372 f_extractJsonInt: Found key at position 73 (pattern: "\"rp_mr\":")
2026/Jun/23 08:28:39.890276 USER GSM_Functions.ttcn3:422 f_extractJsonInt: Extracted number string '"42"' => integer 42
2026/Jun/23 08:28:39.890296 USER TC_34_2_2.ttcn3:170 CP-DATA received: TI=0 TI_flag=0 RP-MR=42
2026/Jun/23 08:28:39.890316 TIMEROP TC_34_2_2.ttcn3:172 Stop timer T_wait: 60 s
2026/Jun/23 08:28:39.890338 USER TC_34_2_2.ttcn3:584 *** Initial CP-DATA received, NOT sending CP-ACK ***
2026/Jun/23 08:28:39.890352 USER TC_34_2_2.ttcn3:585 *** Waiting for retransmissions (expect max 3) ***
2026/Jun/23 08:28:39.890369 TIMEROP TC_34_2_2.ttcn3:590 Start timer T_retx: 90 s
2026/Jun/23 08:28:39.950009 USER TC_34_2_2.ttcn3:591 MSC_Port: RX: {"type": "HEARTBEAT"}
2026/Jun/23 08:28:39.950090 PORTEVENT TC_34_2_2.ttcn3:591 Message enqueued on MSC from system charstring : "{\"type\": \"HEARTBEAT\"}" id 42
2026/Jun/23 08:28:39.950126 PORTEVENT TC_34_2_2.ttcn3:592 Receive operation on port MSC succeeded, message from system(): charstring : "{\"type\": \"HEARTBEAT\"}" id 42
2026/Jun/23 08:28:39.950143 PORTEVENT TC_34_2_2.ttcn3:592 Message with id 42 was extracted from the queue of MSC.
2026/Jun/23 08:28:44.955080 USER TC_34_2_2.ttcn3:591 MSC_Port: RX: {"type": "HEARTBEAT"}
2026/Jun/23 08:28:44.955184 PORTEVENT TC_34_2_2.ttcn3:591 Message enqueued on MSC from system charstring : "{\"type\": \"HEARTBEAT\"}" id 43
2026/Jun/23 08:28:44.955222 PORTEVENT TC_34_2_2.ttcn3:592 Receive operation on port MSC succeeded, message from system(): charstring : "{\"type\": \"HEARTBEAT\"}" id 43
2026/Jun/23 08:28:44.955241 PORTEVENT TC_34_2_2.ttcn3:592 Message with id 43 was extracted from the queue of MSC.
2026/Jun/23 08:28:49.774200 USER TC_34_2_2.ttcn3:591 MSC_Port: RX: {"type": "EVENT_DTAP", "bsc_slr": 4, "pd": 9, "msg_type": 1}
2026/Jun/23 08:28:49.774303 PORTEVENT TC_34_2_2.ttcn3:591 Message enqueued on MSC from system charstring : "{\"type\": \"EVENT_DTAP\", \"bsc_slr\": 4, \"pd\": 9, \"msg_type\": 1}" id 44
2026/Jun/23 08:28:49.774348 PORTEVENT TC_34_2_2.ttcn3:592 Receive operation on port MSC succeeded, message from system(): charstring : "{\"type\": \"EVENT_DTAP\", \"bsc_slr\": 4, \"pd\": 9, \"msg_type\": 1}" id 44
2026/Jun/23 08:28:49.774369 PORTEVENT TC_34_2_2.ttcn3:592 Message with id 44 was extracted from the queue of MSC.
2026/Jun/23 08:28:49.774543 USER TC_34_2_2.ttcn3:605 Event during retx wait: "{\"type\": \"EVENT_DTAP\", \"bsc_slr\": 4, \"pd\": 9, \"msg_type\": 1}"
2026/Jun/23 08:28:49.774594 USER TC_34_2_2.ttcn3:591 MSC_Port: RX: {"type": "EVENT_SMS_CP_DATA", "bsc_slr": 4, "ti_value": 0, "ti_flag": 0, "rp_mr": 42, "rp_msg_type": 0, "rp_error_cause": 0, "rp_hex": "002a000691214365870919012a05812143f5000011c8329bfd0641c3727a4c0c9296e978"}
2026/Jun/23 08:28:49.774632 PORTEVENT TC_34_2_2.ttcn3:591 Message enqueued on MSC from system charstring : "{\"type\": \"EVENT_SMS_CP_DATA\", \"bsc_slr\": 4, \"ti_value\": 0, \"ti_flag\": 0, \"rp_mr\": 42, \"rp_msg_type\": 0, \"rp_error_cause\": 0, \"rp_hex\": \"002a000691214365870919012a05812143f5000011c8329bfd0641c3727a4c0c9296e978\"}" id 45
2026/Jun/23 08:28:49.774670 PORTEVENT TC_34_2_2.ttcn3:592 Receive operation on port MSC succeeded, message from system(): charstring : "{\"type\": \"EVENT_SMS_CP_DATA\", \"bsc_slr\": 4, \"ti_value\": 0, \"ti_flag\": 0, \"rp_mr\": 42, \"rp_msg_type\": 0, \"rp_error_cause\": 0, \"rp_hex\": \"002a000691214365870919012a05812143f5000011c8329bfd0641c3727a4c0c9296e978\"}" id 45
2026/Jun/23 08:28:49.774701 PORTEVENT TC_34_2_2.ttcn3:592 Message with id 45 was extracted from the queue of MSC.
2026/Jun/23 08:28:49.774868 USER TC_34_2_2.ttcn3:595 CP-DATA retransmission #1
2026/Jun/23 08:28:49.960030 USER TC_34_2_2.ttcn3:591 MSC_Port: RX: {"type": "HEARTBEAT"}
2026/Jun/23 08:28:49.960121 PORTEVENT TC_34_2_2.ttcn3:591 Message enqueued on MSC from system charstring : "{\"type\": \"HEARTBEAT\"}" id 46
2026/Jun/23 08:28:49.960155 PORTEVENT TC_34_2_2.ttcn3:592 Receive operation on port MSC succeeded, message from system(): charstring : "{\"type\": \"HEARTBEAT\"}" id 46
2026/Jun/23 08:28:49.960169 PORTEVENT TC_34_2_2.ttcn3:592 Message with id 46 was extracted from the queue of MSC.
2026/Jun/23 08:28:54.965245 USER TC_34_2_2.ttcn3:591 MSC_Port: RX: {"type": "HEARTBEAT"}
2026/Jun/23 08:28:54.965349 PORTEVENT TC_34_2_2.ttcn3:591 Message enqueued on MSC from system charstring : "{\"type\": \"HEARTBEAT\"}" id 47
2026/Jun/23 08:28:54.965388 PORTEVENT TC_34_2_2.ttcn3:592 Receive operation on port MSC succeeded, message from system(): charstring : "{\"type\": \"HEARTBEAT\"}" id 47
2026/Jun/23 08:28:54.965405 PORTEVENT TC_34_2_2.ttcn3:592 Message with id 47 was extracted from the queue of MSC.
2026/Jun/23 08:28:59.945754 USER TC_34_2_2.ttcn3:591 MSC_Port: RX: {"type": "EVENT_DTAP", "bsc_slr": 4, "pd": 9, "msg_type": 1}
2026/Jun/23 08:28:59.945871 PORTEVENT TC_34_2_2.ttcn3:591 Message enqueued on MSC from system charstring : "{\"type\": \"EVENT_DTAP\", \"bsc_slr\": 4, \"pd\": 9, \"msg_type\": 1}" id 48
2026/Jun/23 08:28:59.945919 PORTEVENT TC_34_2_2.ttcn3:592 Receive operation on port MSC succeeded, message from system(): charstring : "{\"type\": \"EVENT_DTAP\", \"bsc_slr\": 4, \"pd\": 9, \"msg_type\": 1}" id 48
2026/Jun/23 08:28:59.945939 PORTEVENT TC_34_2_2.ttcn3:592 Message with id 48 was extracted from the queue of MSC.
2026/Jun/23 08:28:59.946110 USER TC_34_2_2.ttcn3:605 Event during retx wait: "{\"type\": \"EVENT_DTAP\", \"bsc_slr\": 4, \"pd\": 9, \"msg_type\": 1}"
2026/Jun/23 08:28:59.946160 USER TC_34_2_2.ttcn3:591 MSC_Port: RX: {"type": "EVENT_SMS_CP_DATA", "bsc_slr": 4, "ti_value": 0, "ti_flag": 0, "rp_mr": 42, "rp_msg_type": 0, "rp_error_cause": 0, "rp_hex": "002a000691214365870919012a05812143f5000011c8329bfd0641c3727a4c0c9296e978"}
2026/Jun/23 08:28:59.946199 PORTEVENT TC_34_2_2.ttcn3:591 Message enqueued on MSC from system charstring : "{\"type\": \"EVENT_SMS_CP_DATA\", \"bsc_slr\": 4, \"ti_value\": 0, \"ti_flag\": 0, \"rp_mr\": 42, \"rp_msg_type\": 0, \"rp_error_cause\": 0, \"rp_hex\": \"002a000691214365870919012a05812143f5000011c8329bfd0641c3727a4c0c9296e978\"}" id 49
2026/Jun/23 08:28:59.946237 PORTEVENT TC_34_2_2.ttcn3:592 Receive operation on port MSC succeeded, message from system(): charstring : "{\"type\": \"EVENT_SMS_CP_DATA\", \"bsc_slr\": 4, \"ti_value\": 0, \"ti_flag\": 0, \"rp_mr\": 42, \"rp_msg_type\": 0, \"rp_error_cause\": 0, \"rp_hex\": \"002a000691214365870919012a05812143f5000011c8329bfd0641c3727a4c0c9296e978\"}" id 49
2026/Jun/23 08:28:59.946254 PORTEVENT TC_34_2_2.ttcn3:592 Message with id 49 was extracted from the queue of MSC.
2026/Jun/23 08:28:59.946398 USER TC_34_2_2.ttcn3:595 CP-DATA retransmission #2
2026/Jun/23 08:28:59.970702 USER TC_34_2_2.ttcn3:591 MSC_Port: RX: {"type": "HEARTBEAT"}
2026/Jun/23 08:28:59.970804 PORTEVENT TC_34_2_2.ttcn3:591 Message enqueued on MSC from system charstring : "{\"type\": \"HEARTBEAT\"}" id 50
2026/Jun/23 08:28:59.970855 PORTEVENT TC_34_2_2.ttcn3:592 Receive operation on port MSC succeeded, message from system(): charstring : "{\"type\": \"HEARTBEAT\"}" id 50
2026/Jun/23 08:28:59.970875 PORTEVENT TC_34_2_2.ttcn3:592 Message with id 50 was extracted from the queue of MSC.
2026/Jun/23 08:29:04.976192 USER TC_34_2_2.ttcn3:591 MSC_Port: RX: {"type": "HEARTBEAT"}
2026/Jun/23 08:29:04.976306 PORTEVENT TC_34_2_2.ttcn3:591 Message enqueued on MSC from system charstring : "{\"type\": \"HEARTBEAT\"}" id 51
2026/Jun/23 08:29:04.976347 PORTEVENT TC_34_2_2.ttcn3:592 Receive operation on port MSC succeeded, message from system(): charstring : "{\"type\": \"HEARTBEAT\"}" id 51
2026/Jun/23 08:29:04.976382 PORTEVENT TC_34_2_2.ttcn3:592 Message with id 51 was extracted from the queue of MSC.
2026/Jun/23 08:29:09.563014 USER TC_34_2_2.ttcn3:591 VTY_PT: Received data (buffered): 54 bytes
2026/Jun/23 08:29:09.981647 USER TC_34_2_2.ttcn3:591 MSC_Port: RX: {"type": "HEARTBEAT"}
2026/Jun/23 08:29:09.981727 PORTEVENT TC_34_2_2.ttcn3:591 Message enqueued on MSC from system charstring : "{\"type\": \"HEARTBEAT\"}" id 52
2026/Jun/23 08:29:09.981756 PORTEVENT TC_34_2_2.ttcn3:592 Receive operation on port MSC succeeded, message from system(): charstring : "{\"type\": \"HEARTBEAT\"}" id 52
2026/Jun/23 08:29:09.981768 PORTEVENT TC_34_2_2.ttcn3:592 Message with id 52 was extracted from the queue of MSC.
2026/Jun/23 08:29:14.985280 USER TC_34_2_2.ttcn3:591 MSC_Port: RX: {"type": "HEARTBEAT"}
2026/Jun/23 08:29:14.985387 PORTEVENT TC_34_2_2.ttcn3:591 Message enqueued on MSC from system charstring : "{\"type\": \"HEARTBEAT\"}" id 53
2026/Jun/23 08:29:14.985429 PORTEVENT TC_34_2_2.ttcn3:592 Receive operation on port MSC succeeded, message from system(): charstring : "{\"type\": \"HEARTBEAT\"}" id 53
2026/Jun/23 08:29:14.985450 PORTEVENT TC_34_2_2.ttcn3:592 Message with id 53 was extracted from the queue of MSC.
2026/Jun/23 08:29:19.716990 USER TC_34_2_2.ttcn3:591 MSC_Port: RX: {"type": "EVENT_CLEAR_REQUEST", "bsc_slr": 4}
2026/Jun/23 08:29:19.717068 PORTEVENT TC_34_2_2.ttcn3:591 Message enqueued on MSC from system charstring : "{\"type\": \"EVENT_CLEAR_REQUEST\", \"bsc_slr\": 4}" id 54
2026/Jun/23 08:29:19.717099 PORTEVENT TC_34_2_2.ttcn3:592 Receive operation on port MSC succeeded, message from system(): charstring : "{\"type\": \"EVENT_CLEAR_REQUEST\", \"bsc_slr\": 4}" id 54
2026/Jun/23 08:29:19.717114 PORTEVENT TC_34_2_2.ttcn3:592 Message with id 54 was extracted from the queue of MSC.
2026/Jun/23 08:29:19.717237 USER TC_34_2_2.ttcn3:605 Event during retx wait: "{\"type\": \"EVENT_CLEAR_REQUEST\", \"bsc_slr\": 4}"
2026/Jun/23 08:29:19.990135 USER TC_34_2_2.ttcn3:591 MSC_Port: RX: {"type": "HEARTBEAT"}
2026/Jun/23 08:29:19.990241 PORTEVENT TC_34_2_2.ttcn3:591 Message enqueued on MSC from system charstring : "{\"type\": \"HEARTBEAT\"}" id 55
2026/Jun/23 08:29:19.990283 PORTEVENT TC_34_2_2.ttcn3:592 Receive operation on port MSC succeeded, message from system(): charstring : "{\"type\": \"HEARTBEAT\"}" id 55
2026/Jun/23 08:29:19.990302 PORTEVENT TC_34_2_2.ttcn3:592 Message with id 55 was extracted from the queue of MSC.
2026/Jun/23 08:29:21.127283 USER TC_34_2_2.ttcn3:591 VTY_PT: Received data (buffered): 61 bytes
2026/Jun/23 08:29:24.995027 USER TC_34_2_2.ttcn3:591 MSC_Port: RX: {"type": "HEARTBEAT"}
2026/Jun/23 08:29:24.995103 PORTEVENT TC_34_2_2.ttcn3:591 Message enqueued on MSC from system charstring : "{\"type\": \"HEARTBEAT\"}" id 56
2026/Jun/23 08:29:24.995129 PORTEVENT TC_34_2_2.ttcn3:592 Receive operation on port MSC succeeded, message from system(): charstring : "{\"type\": \"HEARTBEAT\"}" id 56
2026/Jun/23 08:29:24.995140 PORTEVENT TC_34_2_2.ttcn3:592 Message with id 56 was extracted from the queue of MSC.
2026/Jun/23 08:29:30.000062 USER TC_34_2_2.ttcn3:591 MSC_Port: RX: {"type": "HEARTBEAT"}
2026/Jun/23 08:29:30.000174 PORTEVENT TC_34_2_2.ttcn3:591 Message enqueued on MSC from system charstring : "{\"type\": \"HEARTBEAT\"}" id 57
2026/Jun/23 08:29:30.000217 PORTEVENT TC_34_2_2.ttcn3:592 Receive operation on port MSC succeeded, message from system(): charstring : "{\"type\": \"HEARTBEAT\"}" id 57
2026/Jun/23 08:29:30.000236 PORTEVENT TC_34_2_2.ttcn3:592 Message with id 57 was extracted from the queue of MSC.
2026/Jun/23 08:29:35.005210 USER TC_34_2_2.ttcn3:591 MSC_Port: RX: {"type": "HEARTBEAT"}
2026/Jun/23 08:29:35.005310 PORTEVENT TC_34_2_2.ttcn3:591 Message enqueued on MSC from system charstring : "{\"type\": \"HEARTBEAT\"}" id 58
2026/Jun/23 08:29:35.005351 PORTEVENT TC_34_2_2.ttcn3:592 Receive operation on port MSC succeeded, message from system(): charstring : "{\"type\": \"HEARTBEAT\"}" id 58
2026/Jun/23 08:29:35.005387 PORTEVENT TC_34_2_2.ttcn3:592 Message with id 58 was extracted from the queue of MSC.
2026/Jun/23 08:29:40.010054 USER TC_34_2_2.ttcn3:591 MSC_Port: RX: {"type": "HEARTBEAT"}
2026/Jun/23 08:29:40.010159 PORTEVENT TC_34_2_2.ttcn3:591 Message enqueued on MSC from system charstring : "{\"type\": \"HEARTBEAT\"}" id 59
2026/Jun/23 08:29:40.010199 PORTEVENT TC_34_2_2.ttcn3:592 Receive operation on port MSC succeeded, message from system(): charstring : "{\"type\": \"HEARTBEAT\"}" id 59
2026/Jun/23 08:29:40.010218 PORTEVENT TC_34_2_2.ttcn3:592 Message with id 59 was extracted from the queue of MSC.
2026/Jun/23 08:29:45.014396 USER TC_34_2_2.ttcn3:591 MSC_Port: RX: {"type": "HEARTBEAT"}
2026/Jun/23 08:29:45.014492 PORTEVENT TC_34_2_2.ttcn3:591 Message enqueued on MSC from system charstring : "{\"type\": \"HEARTBEAT\"}" id 60
2026/Jun/23 08:29:45.014533 PORTEVENT TC_34_2_2.ttcn3:592 Receive operation on port MSC succeeded, message from system(): charstring : "{\"type\": \"HEARTBEAT\"}" id 60
2026/Jun/23 08:29:45.014552 PORTEVENT TC_34_2_2.ttcn3:592 Message with id 60 was extracted from the queue of MSC.
2026/Jun/23 08:29:50.019069 USER TC_34_2_2.ttcn3:591 MSC_Port: RX: {"type": "HEARTBEAT"}
2026/Jun/23 08:29:50.019172 PORTEVENT TC_34_2_2.ttcn3:591 Message enqueued on MSC from system charstring : "{\"type\": \"HEARTBEAT\"}" id 61
2026/Jun/23 08:29:50.019212 PORTEVENT TC_34_2_2.ttcn3:592 Receive operation on port MSC succeeded, message from system(): charstring : "{\"type\": \"HEARTBEAT\"}" id 61
2026/Jun/23 08:29:50.019232 PORTEVENT TC_34_2_2.ttcn3:592 Message with id 61 was extracted from the queue of MSC.
2026/Jun/23 08:29:55.024080 USER TC_34_2_2.ttcn3:591 MSC_Port: RX: {"type": "HEARTBEAT"}
2026/Jun/23 08:29:55.024157 PORTEVENT TC_34_2_2.ttcn3:591 Message enqueued on MSC from system charstring : "{\"type\": \"HEARTBEAT\"}" id 62
2026/Jun/23 08:29:55.024186 PORTEVENT TC_34_2_2.ttcn3:592 Receive operation on port MSC succeeded, message from system(): charstring : "{\"type\": \"HEARTBEAT\"}" id 62
2026/Jun/23 08:29:55.024200 PORTEVENT TC_34_2_2.ttcn3:592 Message with id 62 was extracted from the queue of MSC.
2026/Jun/23 08:30:00.029066 USER TC_34_2_2.ttcn3:591 MSC_Port: RX: {"type": "HEARTBEAT"}
2026/Jun/23 08:30:00.029173 PORTEVENT TC_34_2_2.ttcn3:591 Message enqueued on MSC from system charstring : "{\"type\": \"HEARTBEAT\"}" id 63
2026/Jun/23 08:30:00.029213 PORTEVENT TC_34_2_2.ttcn3:592 Receive operation on port MSC succeeded, message from system(): charstring : "{\"type\": \"HEARTBEAT\"}" id 63
2026/Jun/23 08:30:00.029233 PORTEVENT TC_34_2_2.ttcn3:592 Message with id 63 was extracted from the queue of MSC.
2026/Jun/23 08:30:05.034081 USER TC_34_2_2.ttcn3:591 MSC_Port: RX: {"type": "HEARTBEAT"}
2026/Jun/23 08:30:05.034179 PORTEVENT TC_34_2_2.ttcn3:591 Message enqueued on MSC from system charstring : "{\"type\": \"HEARTBEAT\"}" id 64
2026/Jun/23 08:30:05.034219 PORTEVENT TC_34_2_2.ttcn3:592 Receive operation on port MSC succeeded, message from system(): charstring : "{\"type\": \"HEARTBEAT\"}" id 64
2026/Jun/23 08:30:05.034238 PORTEVENT TC_34_2_2.ttcn3:592 Message with id 64 was extracted from the queue of MSC.
2026/Jun/23 08:30:09.894307 TIMEROP TC_34_2_2.ttcn3:609 Timeout T_retx: 90 s
2026/Jun/23 08:30:09.894392 USER TC_34_2_2.ttcn3:610 Retransmission wait timeout
2026/Jun/23 08:30:09.894428 USER TC_34_2_2.ttcn3:615 *** Waiting 30s to verify no more retransmissions ***
2026/Jun/23 08:30:09.894447 TIMEROP TC_34_2_2.ttcn3:618 Start timer T_verify: 30 s
2026/Jun/23 08:30:10.039098 USER TC_34_2_2.ttcn3:619 MSC_Port: RX: {"type": "HEARTBEAT"}
2026/Jun/23 08:30:10.039186 PORTEVENT TC_34_2_2.ttcn3:619 Message enqueued on MSC from system charstring : "{\"type\": \"HEARTBEAT\"}" id 65
2026/Jun/23 08:30:10.039226 PORTEVENT TC_34_2_2.ttcn3:620 Receive operation on port MSC succeeded, message from system(): charstring : "{\"type\": \"HEARTBEAT\"}" id 65
2026/Jun/23 08:30:10.039246 PORTEVENT TC_34_2_2.ttcn3:620 Message with id 65 was extracted from the queue of MSC.
2026/Jun/23 08:30:15.044121 USER TC_34_2_2.ttcn3:619 MSC_Port: RX: {"type": "HEARTBEAT"}
2026/Jun/23 08:30:15.044194 PORTEVENT TC_34_2_2.ttcn3:619 Message enqueued on MSC from system charstring : "{\"type\": \"HEARTBEAT\"}" id 66
2026/Jun/23 08:30:15.044218 PORTEVENT TC_34_2_2.ttcn3:620 Receive operation on port MSC succeeded, message from system(): charstring : "{\"type\": \"HEARTBEAT\"}" id 66
2026/Jun/23 08:30:15.044228 PORTEVENT TC_34_2_2.ttcn3:620 Message with id 66 was extracted from the queue of MSC.
2026/Jun/23 08:30:20.049128 USER TC_34_2_2.ttcn3:619 MSC_Port: RX: {"type": "HEARTBEAT"}
2026/Jun/23 08:30:20.049229 PORTEVENT TC_34_2_2.ttcn3:619 Message enqueued on MSC from system charstring : "{\"type\": \"HEARTBEAT\"}" id 67
2026/Jun/23 08:30:20.049271 PORTEVENT TC_34_2_2.ttcn3:620 Receive operation on port MSC succeeded, message from system(): charstring : "{\"type\": \"HEARTBEAT\"}" id 67
2026/Jun/23 08:30:20.049291 PORTEVENT TC_34_2_2.ttcn3:620 Message with id 67 was extracted from the queue of MSC.
2026/Jun/23 08:30:25.053892 USER TC_34_2_2.ttcn3:619 MSC_Port: RX: {"type": "HEARTBEAT"}
2026/Jun/23 08:30:25.053995 PORTEVENT TC_34_2_2.ttcn3:619 Message enqueued on MSC from system charstring : "{\"type\": \"HEARTBEAT\"}" id 68
2026/Jun/23 08:30:25.054039 PORTEVENT TC_34_2_2.ttcn3:620 Receive operation on port MSC succeeded, message from system(): charstring : "{\"type\": \"HEARTBEAT\"}" id 68
2026/Jun/23 08:30:25.054059 PORTEVENT TC_34_2_2.ttcn3:620 Message with id 68 was extracted from the queue of MSC.
2026/Jun/23 08:30:30.058086 USER TC_34_2_2.ttcn3:619 MSC_Port: RX: {"type": "HEARTBEAT"}
2026/Jun/23 08:30:30.058182 PORTEVENT TC_34_2_2.ttcn3:619 Message enqueued on MSC from system charstring : "{\"type\": \"HEARTBEAT\"}" id 69
2026/Jun/23 08:30:30.058222 PORTEVENT TC_34_2_2.ttcn3:620 Receive operation on port MSC succeeded, message from system(): charstring : "{\"type\": \"HEARTBEAT\"}" id 69
2026/Jun/23 08:30:30.058241 PORTEVENT TC_34_2_2.ttcn3:620 Message with id 69 was extracted from the queue of MSC.
2026/Jun/23 08:30:35.063524 USER TC_34_2_2.ttcn3:619 MSC_Port: RX: {"type": "HEARTBEAT"}
2026/Jun/23 08:30:35.063629 PORTEVENT TC_34_2_2.ttcn3:619 Message enqueued on MSC from system charstring : "{\"type\": \"HEARTBEAT\"}" id 70
2026/Jun/23 08:30:35.063670 PORTEVENT TC_34_2_2.ttcn3:620 Receive operation on port MSC succeeded, message from system(): charstring : "{\"type\": \"HEARTBEAT\"}" id 70
2026/Jun/23 08:30:35.063689 PORTEVENT TC_34_2_2.ttcn3:620 Message with id 70 was extracted from the queue of MSC.
2026/Jun/23 08:30:39.898757 TIMEROP TC_34_2_2.ttcn3:631 Timeout T_verify: 30 s
2026/Jun/23 08:30:39.898865 USER TC_34_2_2.ttcn3:632 Good: No extra retransmissions
2026/Jun/23 08:30:39.898954 USER TC_34_2_2.ttcn3:637 *** Part 1b PASS: MS retransmitted 2 time(s) then stopped ***
2026/Jun/23 08:30:39.899004 PORTEVENT TC_34_2_2.ttcn3:308 Sent on MSC to system charstring : "{\"command\": \"CMD_SEND_CLEAR_CMD\", \"params\": {\"bsc_slr\": 4, \"cause\": 0}}"
2026/Jun/23 08:30:39.899120 USER TC_34_2_2.ttcn3:308 MSC_Port: TX: {"command": "CMD_SEND_CLEAR_CMD", "params": {"bsc_slr": 4, "cause": 0}}
2026/Jun/23 08:30:39.899144 USER TC_34_2_2.ttcn3:309 Sent CLEAR COMMAND for bsc_slr=4
2026/Jun/23 08:30:39.899166 TIMEROP TC_34_2_2.ttcn3:74 Start timer T_drain: 5 s
2026/Jun/23 08:30:39.899670 USER TC_34_2_2.ttcn3:75 MSC_Port: RX: {"status": "ok"}
2026/Jun/23 08:30:39.899698 PORTEVENT TC_34_2_2.ttcn3:75 Message enqueued on MSC from system charstring : "{\"status\": \"ok\"}" id 71
2026/Jun/23 08:30:39.899727 PORTEVENT TC_34_2_2.ttcn3:76 Receive operation on port MSC succeeded, message from system(): charstring : "{\"status\": \"ok\"}" id 71
2026/Jun/23 08:30:39.899745 PORTEVENT TC_34_2_2.ttcn3:76 Message with id 71 was extracted from the queue of MSC.
2026/Jun/23 08:30:39.899757 USER TC_34_2_2.ttcn3:77 Draining event: "{\"status\": \"ok\"}"
2026/Jun/23 08:30:40.900935 USER TC_34_2_2.ttcn3:75 MSC_Port: RX: {"type": "HEARTBEAT"}
2026/Jun/23 08:30:40.901031 PORTEVENT TC_34_2_2.ttcn3:75 Message enqueued on MSC from system charstring : "{\"type\": \"HEARTBEAT\"}" id 72
2026/Jun/23 08:30:40.901088 PORTEVENT TC_34_2_2.ttcn3:76 Receive operation on port MSC succeeded, message from system(): charstring : "{\"type\": \"HEARTBEAT\"}" id 72
2026/Jun/23 08:30:40.901107 PORTEVENT TC_34_2_2.ttcn3:76 Message with id 72 was extracted from the queue of MSC.
2026/Jun/23 08:30:40.901119 USER TC_34_2_2.ttcn3:77 Draining event: "{\"type\": \"HEARTBEAT\"}"
2026/Jun/23 08:30:44.901603 TIMEROP TC_34_2_2.ttcn3:80 Timeout T_drain: 5 s
2026/Jun/23 08:30:44.901683 USER TC_34_2_2.ttcn3:81 Drain period complete
2026/Jun/23 08:30:44.901729 TIMEROP TC_34_2_2.ttcn3:74 Start timer T_drain: 10 s
2026/Jun/23 08:30:45.905325 USER TC_34_2_2.ttcn3:75 MSC_Port: RX: {"type": "HEARTBEAT"}
2026/Jun/23 08:30:45.905427 PORTEVENT TC_34_2_2.ttcn3:75 Message enqueued on MSC from system charstring : "{\"type\": \"HEARTBEAT\"}" id 73
2026/Jun/23 08:30:45.905467 PORTEVENT TC_34_2_2.ttcn3:76 Receive operation on port MSC succeeded, message from system(): charstring : "{\"type\": \"HEARTBEAT\"}" id 73
2026/Jun/23 08:30:45.905486 PORTEVENT TC_34_2_2.ttcn3:76 Message with id 73 was extracted from the queue of MSC.
2026/Jun/23 08:30:45.905499 USER TC_34_2_2.ttcn3:77 Draining event: "{\"type\": \"HEARTBEAT\"}"
2026/Jun/23 08:30:50.910015 USER TC_34_2_2.ttcn3:75 MSC_Port: RX: {"type": "HEARTBEAT"}
2026/Jun/23 08:30:50.910085 PORTEVENT TC_34_2_2.ttcn3:75 Message enqueued on MSC from system charstring : "{\"type\": \"HEARTBEAT\"}" id 74
2026/Jun/23 08:30:50.910112 PORTEVENT TC_34_2_2.ttcn3:76 Receive operation on port MSC succeeded, message from system(): charstring : "{\"type\": \"HEARTBEAT\"}" id 74
2026/Jun/23 08:30:50.910124 PORTEVENT TC_34_2_2.ttcn3:76 Message with id 74 was extracted from the queue of MSC.
2026/Jun/23 08:30:50.910130 USER TC_34_2_2.ttcn3:77 Draining event: "{\"type\": \"HEARTBEAT\"}"
2026/Jun/23 08:30:54.905186 TIMEROP TC_34_2_2.ttcn3:80 Timeout T_drain: 10 s
2026/Jun/23 08:30:54.905281 USER TC_34_2_2.ttcn3:81 Drain period complete
2026/Jun/23 08:30:54.905321 USER TC_34_2_2.ttcn3:668 ==========================================================
2026/Jun/23 08:30:54.905338 USER TC_34_2_2.ttcn3:669 *** Part 1c: MO-SMS with CP-ERROR response ***
2026/Jun/23 08:30:54.905352 USER TC_34_2_2.ttcn3:670 ==========================================================
2026/Jun/23 08:30:54.905366 USER TC_34_2_2.ttcn3:675 --- Part 1c MO-SMS attempt #1 of 3 ---
2026/Jun/23 08:30:54.905395 USER TC_34_2_2.ttcn3:398 Triggering MO-SMS via VTY: number="12345" text='"Hello Part1c CpErr"'
2026/Jun/23 08:30:54.905423 USER GSM_Component_Definitions.ttcn3:455 VTY: Sending command: "enable"
2026/Jun/23 08:30:54.905448 PORTEVENT GSM_Component_Definitions.ttcn3:456 Sent on VTY to system charstring : "enable"
2026/Jun/23 08:30:54.905476 USER GSM_Component_Definitions.ttcn3:456 VTY_PT: Sending command: "enable"
2026/Jun/23 08:30:55.105675 USER GSM_Component_Definitions.ttcn3:456 VTY_PT: Received response: 
% (MS 1)
% SMS to 12345 failed: (MO) SMS rejected

% (MS 1)
% On Network, normal service: International, 70
enable
% Unknown command.
OsmocomBB(mobile)# 
OsmocomBB(mobile)# 
2026/Jun/23 08:30:55.105796 PORTEVENT GSM_Component_Definitions.ttcn3:456 Message enqueued on VTY from system charstring : "\r\n% (MS 1)\r\n% SMS to 12345 failed: (MO) SMS rejected\r\n\r\n% (MS 1)\r\n% On Network, normal service: International, 70\r\nenable\r\n% Unknown command.\r\nOsmocomBB(mobile)# \r\nOsmocomBB(mobile)# " id 10
2026/Jun/23 08:30:55.105851 TIMEROP GSM_Component_Definitions.ttcn3:459 Start timer T_vty: 5 s
2026/Jun/23 08:30:55.105902 PORTEVENT GSM_Component_Definitions.ttcn3:462 Receive operation on port VTY succeeded, message from system(): charstring : "\r\n% (MS 1)\r\n% SMS to 12345 failed: (MO) SMS rejected\r\n\r\n% (MS 1)\r\n% On Network, normal service: International, 70\r\nenable\r\n% Unknown command.\r\nOsmocomBB(mobile)# \r\nOsmocomBB(mobile)# " id 10
2026/Jun/23 08:30:55.105923 PORTEVENT GSM_Component_Definitions.ttcn3:462 Message with id 10 was extracted from the queue of VTY.
2026/Jun/23 08:30:55.105937 TIMEROP GSM_Component_Definitions.ttcn3:463 Stop timer T_vty: 5 s
2026/Jun/23 08:30:55.105966 USER GSM_Component_Definitions.ttcn3:464 VTY: Received response: "\r\n% (MS 1)\r\n% SMS to 12345 failed: (MO) SMS rejected\r\n\r\n% (MS 1)\r\n% On Network, normal service: International, 70\r\nenable\r\n% Unknown command.\r\nOsmocomBB(mobile)# \r\nOsmocomBB(mobile)# "
2026/Jun/23 08:30:55.106008 USER GSM_Component_Definitions.ttcn3:455 VTY: Sending command: "sms 1 12345 Hello Part1c CpErr"
2026/Jun/23 08:30:55.106033 PORTEVENT GSM_Component_Definitions.ttcn3:456 Sent on VTY to system charstring : "sms 1 12345 Hello Part1c CpErr"
2026/Jun/23 08:30:55.106051 USER GSM_Component_Definitions.ttcn3:456 VTY_PT: Sending command: "sms 1 12345 Hello Part1c CpErr"
2026/Jun/23 08:30:55.306250 USER GSM_Component_Definitions.ttcn3:456 VTY_PT: Received response: sms 1 12345 Hello Part1c CpErr
OsmocomBB(mobile)# 
OsmocomBB(mobile)# 
2026/Jun/23 08:30:55.306358 PORTEVENT GSM_Component_Definitions.ttcn3:456 Message enqueued on VTY from system charstring : "sms 1 12345 Hello Part1c CpErr\r\nOsmocomBB(mobile)# \r\nOsmocomBB(mobile)# " id 11
2026/Jun/23 08:30:55.306388 TIMEROP GSM_Component_Definitions.ttcn3:459 Start timer T_vty: 5 s
2026/Jun/23 08:30:55.306423 PORTEVENT GSM_Component_Definitions.ttcn3:462 Receive operation on port VTY succeeded, message from system(): charstring : "sms 1 12345 Hello Part1c CpErr\r\nOsmocomBB(mobile)# \r\nOsmocomBB(mobile)# " id 11
2026/Jun/23 08:30:55.306440 PORTEVENT GSM_Component_Definitions.ttcn3:462 Message with id 11 was extracted from the queue of VTY.
2026/Jun/23 08:30:55.306452 TIMEROP GSM_Component_Definitions.ttcn3:463 Stop timer T_vty: 5 s
2026/Jun/23 08:30:55.306463 USER GSM_Component_Definitions.ttcn3:464 VTY: Received response: "sms 1 12345 Hello Part1c CpErr\r\nOsmocomBB(mobile)# \r\nOsmocomBB(mobile)# "
2026/Jun/23 08:30:55.306492 USER TC_34_2_2.ttcn3:402 VTY sms response: "sms 1 12345 Hello Part1c CpErr\r\nOsmocomBB(mobile)# \r\nOsmocomBB(mobile)# "
2026/Jun/23 08:30:55.306517 TIMEROP TC_34_2_2.ttcn3:94 Start timer T_wait: 60 s
2026/Jun/23 08:30:55.745888 USER TC_34_2_2.ttcn3:95 MSC_Port: RX: {"type": "EVENT_CM_SERVICE_REQUEST", "bsc_slr": 5, "cm_service_type": 4, "cm_service_type_name": "Short message service"}
2026/Jun/23 08:30:55.745985 PORTEVENT TC_34_2_2.ttcn3:95 Message enqueued on MSC from system charstring : "{\"type\": \"EVENT_CM_SERVICE_REQUEST\", \"bsc_slr\": 5, \"cm_service_type\": 4, \"cm_service_type_name\": \"Short message service\"}" id 75
2026/Jun/23 08:30:55.746034 PORTEVENT TC_34_2_2.ttcn3:96 Receive operation on port MSC succeeded, message from system(): charstring : "{\"type\": \"EVENT_CM_SERVICE_REQUEST\", \"bsc_slr\": 5, \"cm_service_type\": 4, \"cm_service_type_name\": \"Short message service\"}" id 75
2026/Jun/23 08:30:55.746054 PORTEVENT TC_34_2_2.ttcn3:96 Message with id 75 was extracted from the queue of MSC.
2026/Jun/23 08:30:55.746296 USER GSM_Functions.ttcn3:365 f_extractJsonInt: Searching for key '"bsc_slr"' in JSON: "{\"type\": \"EVENT_CM_SERVICE_REQUEST\", \"bsc_slr\": 5, \"cm_service_type\": 4, \"cm_service_type_name\": \"Short message service\"}"
2026/Jun/23 08:30:55.746358 USER GSM_Functions.ttcn3:372 f_extractJsonInt: Found key at position 37 (pattern: "\"bsc_slr\":")
2026/Jun/23 08:30:55.746393 USER GSM_Functions.ttcn3:422 f_extractJsonInt: Extracted number string '"5"' => integer 5
2026/Jun/23 08:30:55.746416 USER GSM_Functions.ttcn3:365 f_extractJsonInt: Searching for key '"service_type"' in JSON: "{\"type\": \"EVENT_CM_SERVICE_REQUEST\", \"bsc_slr\": 5, \"cm_service_type\": 4, \"cm_service_type_name\": \"Short message service\"}"
2026/Jun/23 08:30:55.746505 USER GSM_Functions.ttcn3:391 f_extractJsonInt: Key '"service_type"' NOT found, returning 0
2026/Jun/23 08:30:55.746524 USER TC_34_2_2.ttcn3:100 CM SERVICE REQUEST received: bsc_slr=5 service_type=0
2026/Jun/23 08:30:55.746542 TIMEROP TC_34_2_2.ttcn3:101 Stop timer T_wait: 60 s
2026/Jun/23 08:30:55.746574 PORTEVENT TC_34_2_2.ttcn3:104 Sent on MSC to system charstring : "{\"command\": \"CMD_SEND_CM_SERVICE_ACCEPT\", \"params\": {\"bsc_slr\": 5}}"
2026/Jun/23 08:30:55.746659 USER TC_34_2_2.ttcn3:104 MSC_Port: TX: {"command": "CMD_SEND_CM_SERVICE_ACCEPT", "params": {"bsc_slr": 5}}
2026/Jun/23 08:30:55.746682 TIMEROP TC_34_2_2.ttcn3:107 Start timer T_ack: 2 s
2026/Jun/23 08:30:55.747236 USER TC_34_2_2.ttcn3:108 MSC_Port: RX: {"status": "ok", "sent": true}
2026/Jun/23 08:30:55.747267 PORTEVENT TC_34_2_2.ttcn3:108 Message enqueued on MSC from system charstring : "{\"status\": \"ok\", \"sent\": true}" id 76
2026/Jun/23 08:30:55.747289 PORTEVENT TC_34_2_2.ttcn3:109 Receive operation on port MSC succeeded, message from system(): charstring : "{\"status\": \"ok\", \"sent\": true}" id 76
2026/Jun/23 08:30:55.747302 PORTEVENT TC_34_2_2.ttcn3:109 Message with id 76 was extracted from the queue of MSC.
2026/Jun/23 08:30:55.747312 TIMEROP TC_34_2_2.ttcn3:110 Stop timer T_ack: 2 s
2026/Jun/23 08:30:55.747326 TIMEROP TC_34_2_2.ttcn3:162 Start timer T_wait: 60 s
2026/Jun/23 08:30:56.687488 USER TC_34_2_2.ttcn3:163 MSC_Port: RX: {"type": "EVENT_DTAP", "bsc_slr": 5, "pd": 9, "msg_type": 1}
2026/Jun/23 08:30:56.687589 PORTEVENT TC_34_2_2.ttcn3:163 Message enqueued on MSC from system charstring : "{\"type\": \"EVENT_DTAP\", \"bsc_slr\": 5, \"pd\": 9, \"msg_type\": 1}" id 77
2026/Jun/23 08:30:56.687633 PORTEVENT TC_34_2_2.ttcn3:164 Receive operation on port MSC succeeded, message from system(): charstring : "{\"type\": \"EVENT_DTAP\", \"bsc_slr\": 5, \"pd\": 9, \"msg_type\": 1}" id 77
2026/Jun/23 08:30:56.687651 PORTEVENT TC_34_2_2.ttcn3:164 Message with id 77 was extracted from the queue of MSC.
2026/Jun/23 08:30:56.687884 USER TC_34_2_2.ttcn3:178 Event while waiting for CP-DATA: "{\"type\": \"EVENT_DTAP\", \"bsc_slr\": 5, \"pd\": 9, \"msg_type\": 1}"
2026/Jun/23 08:30:56.687939 USER TC_34_2_2.ttcn3:163 MSC_Port: RX: {"type": "EVENT_SMS_CP_DATA", "bsc_slr": 5, "ti_value": 0, "ti_flag": 0, "rp_mr": 42, "rp_msg_type": 0, "rp_error_cause": 0, "rp_hex": "002a00069121436587091a012a05812143f5000012c8329bfd0641c3727a6c0c1ac28b7239"}
2026/Jun/23 08:30:56.687977 PORTEVENT TC_34_2_2.ttcn3:163 Message enqueued on MSC from system charstring : "{\"type\": \"EVENT_SMS_CP_DATA\", \"bsc_slr\": 5, \"ti_value\": 0, \"ti_flag\": 0, \"rp_mr\": 42, \"rp_msg_type\": 0, \"rp_error_cause\": 0, \"rp_hex\": \"002a00069121436587091a012a05812143f5000012c8329bfd0641c3727a6c0c1ac28b7239\"}" id 78
2026/Jun/23 08:30:56.688013 PORTEVENT TC_34_2_2.ttcn3:164 Receive operation on port MSC succeeded, message from system(): charstring : "{\"type\": \"EVENT_SMS_CP_DATA\", \"bsc_slr\": 5, \"ti_value\": 0, \"ti_flag\": 0, \"rp_mr\": 42, \"rp_msg_type\": 0, \"rp_error_cause\": 0, \"rp_hex\": \"002a00069121436587091a012a05812143f5000012c8329bfd0641c3727a6c0c1ac28b7239\"}" id 78
2026/Jun/23 08:30:56.688028 PORTEVENT TC_34_2_2.ttcn3:164 Message with id 78 was extracted from the queue of MSC.
2026/Jun/23 08:30:56.688172 USER GSM_Functions.ttcn3:365 f_extractJsonInt: Searching for key '"bsc_slr"' in JSON: "{\"type\": \"EVENT_SMS_CP_DATA\", \"bsc_slr\": 5, \"ti_value\": 0, \"ti_flag\": 0, \"rp_mr\": 42, \"rp_msg_type\": 0, \"rp_error_cause\": 0, \"rp_hex\": \"002a00069121436587091a012a05812143f5000012c8329bfd0641c3727a6c0c1ac28b7239\"}"
2026/Jun/23 08:30:56.688230 USER GSM_Functions.ttcn3:372 f_extractJsonInt: Found key at position 30 (pattern: "\"bsc_slr\":")
2026/Jun/23 08:30:56.688264 USER GSM_Functions.ttcn3:422 f_extractJsonInt: Extracted number string '"5"' => integer 5
2026/Jun/23 08:30:56.688286 USER GSM_Functions.ttcn3:365 f_extractJsonInt: Searching for key '"ti_value"' in JSON: "{\"type\": \"EVENT_SMS_CP_DATA\", \"bsc_slr\": 5, \"ti_value\": 0, \"ti_flag\": 0, \"rp_mr\": 42, \"rp_msg_type\": 0, \"rp_error_cause\": 0, \"rp_hex\": \"002a00069121436587091a012a05812143f5000012c8329bfd0641c3727a6c0c1ac28b7239\"}"
2026/Jun/23 08:30:56.688334 USER GSM_Functions.ttcn3:372 f_extractJsonInt: Found key at position 44 (pattern: "\"ti_value\":")
2026/Jun/23 08:30:56.688357 USER GSM_Functions.ttcn3:422 f_extractJsonInt: Extracted number string '"0"' => integer 0
2026/Jun/23 08:30:56.688377 USER GSM_Functions.ttcn3:365 f_extractJsonInt: Searching for key '"ti_flag"' in JSON: "{\"type\": \"EVENT_SMS_CP_DATA\", \"bsc_slr\": 5, \"ti_value\": 0, \"ti_flag\": 0, \"rp_mr\": 42, \"rp_msg_type\": 0, \"rp_error_cause\": 0, \"rp_hex\": \"002a00069121436587091a012a05812143f5000012c8329bfd0641c3727a6c0c1ac28b7239\"}"
2026/Jun/23 08:30:56.688444 USER GSM_Functions.ttcn3:372 f_extractJsonInt: Found key at position 59 (pattern: "\"ti_flag\":")
2026/Jun/23 08:30:56.688466 USER GSM_Functions.ttcn3:422 f_extractJsonInt: Extracted number string '"0"' => integer 0
2026/Jun/23 08:30:56.688485 USER GSM_Functions.ttcn3:365 f_extractJsonInt: Searching for key '"rp_mr"' in JSON: "{\"type\": \"EVENT_SMS_CP_DATA\", \"bsc_slr\": 5, \"ti_value\": 0, \"ti_flag\": 0, \"rp_mr\": 42, \"rp_msg_type\": 0, \"rp_error_cause\": 0, \"rp_hex\": \"002a00069121436587091a012a05812143f5000012c8329bfd0641c3727a6c0c1ac28b7239\"}"
2026/Jun/23 08:30:56.688539 USER GSM_Functions.ttcn3:372 f_extractJsonInt: Found key at position 73 (pattern: "\"rp_mr\":")
2026/Jun/23 08:30:56.688562 USER GSM_Functions.ttcn3:422 f_extractJsonInt: Extracted number string '"42"' => integer 42
2026/Jun/23 08:30:56.688580 USER TC_34_2_2.ttcn3:170 CP-DATA received: TI=0 TI_flag=0 RP-MR=42
2026/Jun/23 08:30:56.688601 TIMEROP TC_34_2_2.ttcn3:172 Stop timer T_wait: 60 s
2026/Jun/23 08:30:56.688643 PORTEVENT TC_34_2_2.ttcn3:260 Sent on MSC to system charstring : "{\"command\": \"CMD_SEND_SMS_CP_ERROR\", \"params\": {\"bsc_slr\": 5, \"ti_value\": 0, \"ti_flag\": 1, \"cause\": 17}}"
2026/Jun/23 08:30:56.688710 USER TC_34_2_2.ttcn3:260 MSC_Port: TX: {"command": "CMD_SEND_SMS_CP_ERROR", "params": {"bsc_slr": 5, "ti_value": 0, "ti_flag": 1, "cause": 17}}
2026/Jun/23 08:30:56.688731 USER TC_34_2_2.ttcn3:261 Sent CP-ERROR: TI=0 cause=17
2026/Jun/23 08:30:56.688751 TIMEROP TC_34_2_2.ttcn3:263 Start timer T_ack: 1 s
2026/Jun/23 08:30:56.689389 USER TC_34_2_2.ttcn3:264 MSC_Port: RX: {"status": "ok", "sent": true}
2026/Jun/23 08:30:56.689421 PORTEVENT TC_34_2_2.ttcn3:264 Message enqueued on MSC from system charstring : "{\"status\": \"ok\", \"sent\": true}" id 79
2026/Jun/23 08:30:56.689442 PORTEVENT TC_34_2_2.ttcn3:265 Receive operation on port MSC succeeded, message from system(): charstring : "{\"status\": \"ok\", \"sent\": true}" id 79
2026/Jun/23 08:30:56.689456 PORTEVENT TC_34_2_2.ttcn3:265 Message with id 79 was extracted from the queue of MSC.
2026/Jun/23 08:30:56.689465 TIMEROP TC_34_2_2.ttcn3:265 Stop timer T_ack: 1 s
2026/Jun/23 08:30:56.689477 USER TC_34_2_2.ttcn3:705 *** Part 1c PASS: CP-ERROR sent successfully ***
2026/Jun/23 08:30:56.689501 PORTEVENT TC_34_2_2.ttcn3:308 Sent on MSC to system charstring : "{\"command\": \"CMD_SEND_CLEAR_CMD\", \"params\": {\"bsc_slr\": 5, \"cause\": 0}}"
2026/Jun/23 08:30:56.689551 USER TC_34_2_2.ttcn3:308 MSC_Port: TX: {"command": "CMD_SEND_CLEAR_CMD", "params": {"bsc_slr": 5, "cause": 0}}
2026/Jun/23 08:30:56.689569 USER TC_34_2_2.ttcn3:309 Sent CLEAR COMMAND for bsc_slr=5
2026/Jun/23 08:30:56.689586 TIMEROP TC_34_2_2.ttcn3:74 Start timer T_drain: 5 s
2026/Jun/23 08:30:56.689929 USER TC_34_2_2.ttcn3:75 MSC_Port: RX: {"status": "ok"}
2026/Jun/23 08:30:56.689954 PORTEVENT TC_34_2_2.ttcn3:75 Message enqueued on MSC from system charstring : "{\"status\": \"ok\"}" id 80
2026/Jun/23 08:30:56.689973 PORTEVENT TC_34_2_2.ttcn3:76 Receive operation on port MSC succeeded, message from system(): charstring : "{\"status\": \"ok\"}" id 80
2026/Jun/23 08:30:56.689985 PORTEVENT TC_34_2_2.ttcn3:76 Message with id 80 was extracted from the queue of MSC.
2026/Jun/23 08:30:56.689995 USER TC_34_2_2.ttcn3:77 Draining event: "{\"status\": \"ok\"}"
2026/Jun/23 08:30:56.895429 USER TC_34_2_2.ttcn3:75 MSC_Port: RX: {"type": "EVENT_BSSMAP_CLEAR_COMPLETE", "bsc_slr": 5}
2026/Jun/23 08:30:56.895521 PORTEVENT TC_34_2_2.ttcn3:75 Message enqueued on MSC from system charstring : "{\"type\": \"EVENT_BSSMAP_CLEAR_COMPLETE\", \"bsc_slr\": 5}" id 81
2026/Jun/23 08:30:56.895563 PORTEVENT TC_34_2_2.ttcn3:76 Receive operation on port MSC succeeded, message from system(): charstring : "{\"type\": \"EVENT_BSSMAP_CLEAR_COMPLETE\", \"bsc_slr\": 5}" id 81
2026/Jun/23 08:30:56.895594 PORTEVENT TC_34_2_2.ttcn3:76 Message with id 81 was extracted from the queue of MSC.
2026/Jun/23 08:30:56.895606 USER TC_34_2_2.ttcn3:77 Draining event: "{\"type\": \"EVENT_BSSMAP_CLEAR_COMPLETE\", \"bsc_slr\": 5}"
2026/Jun/23 08:30:57.013118 USER TC_34_2_2.ttcn3:75 VTY_PT: Received data (buffered): 54 bytes
2026/Jun/23 08:30:57.691065 USER TC_34_2_2.ttcn3:75 MSC_Port: RX: {"type": "HEARTBEAT"}
2026/Jun/23 08:30:57.691169 PORTEVENT TC_34_2_2.ttcn3:75 Message enqueued on MSC from system charstring : "{\"type\": \"HEARTBEAT\"}" id 82
2026/Jun/23 08:30:57.691209 PORTEVENT TC_34_2_2.ttcn3:76 Receive operation on port MSC succeeded, message from system(): charstring : "{\"type\": \"HEARTBEAT\"}" id 82
2026/Jun/23 08:30:57.691227 PORTEVENT TC_34_2_2.ttcn3:76 Message with id 82 was extracted from the queue of MSC.
2026/Jun/23 08:30:57.691239 USER TC_34_2_2.ttcn3:77 Draining event: "{\"type\": \"HEARTBEAT\"}"
2026/Jun/23 08:30:58.804191 USER TC_34_2_2.ttcn3:75 VTY_PT: Received data (buffered): 61 bytes
2026/Jun/23 08:31:01.692231 TIMEROP TC_34_2_2.ttcn3:80 Timeout T_drain: 5 s
2026/Jun/23 08:31:01.692317 USER TC_34_2_2.ttcn3:81 Drain period complete
2026/Jun/23 08:31:01.692358 TIMEROP TC_34_2_2.ttcn3:74 Start timer T_drain: 10 s
2026/Jun/23 08:31:02.696081 USER TC_34_2_2.ttcn3:75 MSC_Port: RX: {"type": "HEARTBEAT"}
2026/Jun/23 08:31:02.696175 PORTEVENT TC_34_2_2.ttcn3:75 Message enqueued on MSC from system charstring : "{\"type\": \"HEARTBEAT\"}" id 83
2026/Jun/23 08:31:02.696214 PORTEVENT TC_34_2_2.ttcn3:76 Receive operation on port MSC succeeded, message from system(): charstring : "{\"type\": \"HEARTBEAT\"}" id 83
2026/Jun/23 08:31:02.696234 PORTEVENT TC_34_2_2.ttcn3:76 Message with id 83 was extracted from the queue of MSC.
2026/Jun/23 08:31:02.696247 USER TC_34_2_2.ttcn3:77 Draining event: "{\"type\": \"HEARTBEAT\"}"
2026/Jun/23 08:31:07.701204 USER TC_34_2_2.ttcn3:75 MSC_Port: RX: {"type": "HEARTBEAT"}
2026/Jun/23 08:31:07.701308 PORTEVENT TC_34_2_2.ttcn3:75 Message enqueued on MSC from system charstring : "{\"type\": \"HEARTBEAT\"}" id 84
2026/Jun/23 08:31:07.701348 PORTEVENT TC_34_2_2.ttcn3:76 Receive operation on port MSC succeeded, message from system(): charstring : "{\"type\": \"HEARTBEAT\"}" id 84
2026/Jun/23 08:31:07.701368 PORTEVENT TC_34_2_2.ttcn3:76 Message with id 84 was extracted from the queue of MSC.
2026/Jun/23 08:31:07.701381 USER TC_34_2_2.ttcn3:77 Draining event: "{\"type\": \"HEARTBEAT\"}"
2026/Jun/23 08:31:11.695443 TIMEROP TC_34_2_2.ttcn3:80 Timeout T_drain: 10 s
2026/Jun/23 08:31:11.695534 USER TC_34_2_2.ttcn3:81 Drain period complete
2026/Jun/23 08:31:11.695576 USER TC_34_2_2.ttcn3:1332 ##########################################################
2026/Jun/23 08:31:11.695592 USER TC_34_2_2.ttcn3:1333 ### PART 2: MO-SMS during voice call ###
2026/Jun/23 08:31:11.695605 USER TC_34_2_2.ttcn3:1334 ##########################################################
2026/Jun/23 08:31:11.695620 USER TC_34_2_2.ttcn3:734 ==========================================================
2026/Jun/23 08:31:11.695633 USER TC_34_2_2.ttcn3:735 *** Part 2: MO-SMS during voice call ***
2026/Jun/23 08:31:11.695650 USER TC_34_2_2.ttcn3:736 ==========================================================
2026/Jun/23 08:31:11.695666 USER TC_34_2_2.ttcn3:743 --- Part 2 call setup attempt #1 of 5 ---
2026/Jun/23 08:31:11.695695 USER TC_34_2_2.ttcn3:746 *** Step 1: Initiating MO call via VTY ***
2026/Jun/23 08:31:11.695710 USER GSM_Component_Definitions.ttcn3:455 VTY: Sending command: "call 1 12345"
2026/Jun/23 08:31:11.695739 PORTEVENT GSM_Component_Definitions.ttcn3:456 Sent on VTY to system charstring : "call 1 12345"
2026/Jun/23 08:31:11.695767 USER GSM_Component_Definitions.ttcn3:456 VTY_PT: Sending command: "call 1 12345"
2026/Jun/23 08:31:11.896016 USER GSM_Component_Definitions.ttcn3:456 VTY_PT: Received response: 
% (MS 1)
% SMS to 12345 failed: (MO) SMS rejected

% (MS 1)
% On Network, normal service: International, 70
call 1 12345
OsmocomBB(mobile)# 
OsmocomBB(mobile)# 
2026/Jun/23 08:31:11.896156 PORTEVENT GSM_Component_Definitions.ttcn3:456 Message enqueued on VTY from system charstring : "\r\n% (MS 1)\r\n% SMS to 12345 failed: (MO) SMS rejected\r\n\r\n% (MS 1)\r\n% On Network, normal service: International, 70\r\ncall 1 12345\r\nOsmocomBB(mobile)# \r\nOsmocomBB(mobile)# " id 12
2026/Jun/23 08:31:11.896189 TIMEROP GSM_Component_Definitions.ttcn3:459 Start timer T_vty: 5 s
2026/Jun/23 08:31:11.896232 PORTEVENT GSM_Component_Definitions.ttcn3:462 Receive operation on port VTY succeeded, message from system(): charstring : "\r\n% (MS 1)\r\n% SMS to 12345 failed: (MO) SMS rejected\r\n\r\n% (MS 1)\r\n% On Network, normal service: International, 70\r\ncall 1 12345\r\nOsmocomBB(mobile)# \r\nOsmocomBB(mobile)# " id 12
2026/Jun/23 08:31:11.896251 PORTEVENT GSM_Component_Definitions.ttcn3:462 Message with id 12 was extracted from the queue of VTY.
2026/Jun/23 08:31:11.896263 TIMEROP GSM_Component_Definitions.ttcn3:463 Stop timer T_vty: 5 s
2026/Jun/23 08:31:11.896273 USER GSM_Component_Definitions.ttcn3:464 VTY: Received response: "\r\n% (MS 1)\r\n% SMS to 12345 failed: (MO) SMS rejected\r\n\r\n% (MS 1)\r\n% On Network, normal service: International, 70\r\ncall 1 12345\r\nOsmocomBB(mobile)# \r\nOsmocomBB(mobile)# "
2026/Jun/23 08:31:11.896308 USER TC_34_2_2.ttcn3:748 VTY call response: "\r\n% (MS 1)\r\n% SMS to 12345 failed: (MO) SMS rejected\r\n\r\n% (MS 1)\r\n% On Network, normal service: International, 70\r\ncall 1 12345\r\nOsmocomBB(mobile)# \r\nOsmocomBB(mobile)# "
2026/Jun/23 08:31:11.896341 USER TC_34_2_2.ttcn3:751 *** Step 2: Waiting for CM SERVICE REQUEST ***
2026/Jun/23 08:31:11.896357 TIMEROP TC_34_2_2.ttcn3:94 Start timer T_wait: 60 s
2026/Jun/23 08:31:12.221699 USER TC_34_2_2.ttcn3:95 MSC_Port: RX: {"type": "EVENT_CM_SERVICE_REQUEST", "bsc_slr": 6, "cm_service_type": 1, "cm_service_type_name": "MO call / Packet"}
2026/Jun/23 08:31:12.221804 PORTEVENT TC_34_2_2.ttcn3:95 Message enqueued on MSC from system charstring : "{\"type\": \"EVENT_CM_SERVICE_REQUEST\", \"bsc_slr\": 6, \"cm_service_type\": 1, \"cm_service_type_name\": \"MO call / Packet\"}" id 85
2026/Jun/23 08:31:12.221874 PORTEVENT TC_34_2_2.ttcn3:96 Receive operation on port MSC succeeded, message from system(): charstring : "{\"type\": \"EVENT_CM_SERVICE_REQUEST\", \"bsc_slr\": 6, \"cm_service_type\": 1, \"cm_service_type_name\": \"MO call / Packet\"}" id 85
2026/Jun/23 08:31:12.221894 PORTEVENT TC_34_2_2.ttcn3:96 Message with id 85 was extracted from the queue of MSC.
2026/Jun/23 08:31:12.222142 USER GSM_Functions.ttcn3:365 f_extractJsonInt: Searching for key '"bsc_slr"' in JSON: "{\"type\": \"EVENT_CM_SERVICE_REQUEST\", \"bsc_slr\": 6, \"cm_service_type\": 1, \"cm_service_type_name\": \"MO call / Packet\"}"
2026/Jun/23 08:31:12.222207 USER GSM_Functions.ttcn3:372 f_extractJsonInt: Found key at position 37 (pattern: "\"bsc_slr\":")
2026/Jun/23 08:31:12.222242 USER GSM_Functions.ttcn3:422 f_extractJsonInt: Extracted number string '"6"' => integer 6
2026/Jun/23 08:31:12.222264 USER GSM_Functions.ttcn3:365 f_extractJsonInt: Searching for key '"service_type"' in JSON: "{\"type\": \"EVENT_CM_SERVICE_REQUEST\", \"bsc_slr\": 6, \"cm_service_type\": 1, \"cm_service_type_name\": \"MO call / Packet\"}"
2026/Jun/23 08:31:12.222351 USER GSM_Functions.ttcn3:391 f_extractJsonInt: Key '"service_type"' NOT found, returning 0
2026/Jun/23 08:31:12.222370 USER TC_34_2_2.ttcn3:100 CM SERVICE REQUEST received: bsc_slr=6 service_type=0
2026/Jun/23 08:31:12.222388 TIMEROP TC_34_2_2.ttcn3:101 Stop timer T_wait: 60 s
2026/Jun/23 08:31:12.222423 PORTEVENT TC_34_2_2.ttcn3:104 Sent on MSC to system charstring : "{\"command\": \"CMD_SEND_CM_SERVICE_ACCEPT\", \"params\": {\"bsc_slr\": 6}}"
2026/Jun/23 08:31:12.222496 USER TC_34_2_2.ttcn3:104 MSC_Port: TX: {"command": "CMD_SEND_CM_SERVICE_ACCEPT", "params": {"bsc_slr": 6}}
2026/Jun/23 08:31:12.222523 TIMEROP TC_34_2_2.ttcn3:107 Start timer T_ack: 2 s
2026/Jun/23 08:31:12.223103 USER TC_34_2_2.ttcn3:108 MSC_Port: RX: {"status": "ok", "sent": true}
2026/Jun/23 08:31:12.223135 PORTEVENT TC_34_2_2.ttcn3:108 Message enqueued on MSC from system charstring : "{\"status\": \"ok\", \"sent\": true}" id 86
2026/Jun/23 08:31:12.223173 PORTEVENT TC_34_2_2.ttcn3:109 Receive operation on port MSC succeeded, message from system(): charstring : "{\"status\": \"ok\", \"sent\": true}" id 86
2026/Jun/23 08:31:12.223188 PORTEVENT TC_34_2_2.ttcn3:109 Message with id 86 was extracted from the queue of MSC.
2026/Jun/23 08:31:12.223198 TIMEROP TC_34_2_2.ttcn3:110 Stop timer T_ack: 2 s
2026/Jun/23 08:31:12.223212 USER TC_34_2_2.ttcn3:760 CM SERVICE ACCEPT sent for bsc_slr=6
2026/Jun/23 08:31:12.223230 USER TC_34_2_2.ttcn3:763 *** Step 3: Waiting for CC SETUP ***
2026/Jun/23 08:31:12.223242 TIMEROP TC_34_2_2.ttcn3:765 Start timer T_setup: 30 s
2026/Jun/23 08:31:12.691623 USER TC_34_2_2.ttcn3:766 MSC_Port: RX: {"type": "EVENT_DTAP", "bsc_slr": 6, "pd": 3, "msg_type": 5}
2026/Jun/23 08:31:12.691719 PORTEVENT TC_34_2_2.ttcn3:766 Message enqueued on MSC from system charstring : "{\"type\": \"EVENT_DTAP\", \"bsc_slr\": 6, \"pd\": 3, \"msg_type\": 5}" id 87
2026/Jun/23 08:31:12.691764 PORTEVENT TC_34_2_2.ttcn3:767 Receive operation on port MSC succeeded, message from system(): charstring : "{\"type\": \"EVENT_DTAP\", \"bsc_slr\": 6, \"pd\": 3, \"msg_type\": 5}" id 87
2026/Jun/23 08:31:12.691783 PORTEVENT TC_34_2_2.ttcn3:767 Message with id 87 was extracted from the queue of MSC.
2026/Jun/23 08:31:12.692183 USER GSM_Functions.ttcn3:365 f_extractJsonInt: Searching for key '"bsc_slr"' in JSON: "{\"type\": \"EVENT_DTAP\", \"bsc_slr\": 6, \"pd\": 3, \"msg_type\": 5}"
2026/Jun/23 08:31:12.692242 USER GSM_Functions.ttcn3:372 f_extractJsonInt: Found key at position 23 (pattern: "\"bsc_slr\":")
2026/Jun/23 08:31:12.692277 USER GSM_Functions.ttcn3:422 f_extractJsonInt: Extracted number string '"6"' => integer 6
2026/Jun/23 08:31:12.692298 USER TC_34_2_2.ttcn3:780 CC SETUP detected via EVENT_DTAP: bsc_slr=6
2026/Jun/23 08:31:12.692316 TIMEROP TC_34_2_2.ttcn3:782 Stop timer T_setup: 30 s
2026/Jun/23 08:31:12.692339 USER TC_34_2_2.ttcn3:810 *** Step 4: Sending CC CALL PROCEEDING ***
2026/Jun/23 08:31:12.692370 PORTEVENT TC_34_2_2.ttcn3:320 Sent on MSC to system charstring : "{\"command\": \"CMD_SEND_CC_CALL_PROCEEDING\", \"params\": {\"bsc_slr\": 6, \"ti_value\": 0, \"ti_flag\": 1}}"
2026/Jun/23 08:31:12.692444 USER TC_34_2_2.ttcn3:320 MSC_Port: TX: {"command": "CMD_SEND_CC_CALL_PROCEEDING", "params": {"bsc_slr": 6, "ti_value": 0, "ti_flag": 1}}
2026/Jun/23 08:31:12.692464 USER TC_34_2_2.ttcn3:321 Sent CC CALL PROCEEDING: TI=0
2026/Jun/23 08:31:12.692483 TIMEROP TC_34_2_2.ttcn3:323 Start timer T_ack: 1 s
2026/Jun/23 08:31:12.692514 USER TC_34_2_2.ttcn3:324 MSC_Port: RX: {"type": "EVENT_CC_SETUP", "bsc_slr": 6, "ti_value": 0, "ti_flag": 0}
2026/Jun/23 08:31:12.692539 PORTEVENT TC_34_2_2.ttcn3:324 Message enqueued on MSC from system charstring : "{\"type\": \"EVENT_CC_SETUP\", \"bsc_slr\": 6, \"ti_value\": 0, \"ti_flag\": 0}" id 88
2026/Jun/23 08:31:12.692565 PORTEVENT TC_34_2_2.ttcn3:325 Receive operation on port MSC succeeded, message from system(): charstring : "{\"type\": \"EVENT_CC_SETUP\", \"bsc_slr\": 6, \"ti_value\": 0, \"ti_flag\": 0}" id 88
2026/Jun/23 08:31:12.692580 PORTEVENT TC_34_2_2.ttcn3:325 Message with id 88 was extracted from the queue of MSC.
2026/Jun/23 08:31:12.692590 TIMEROP TC_34_2_2.ttcn3:325 Stop timer T_ack: 1 s
2026/Jun/23 08:31:12.692602 USER TC_34_2_2.ttcn3:816 *** Step 5: Sending ASSIGNMENT REQUEST ***
2026/Jun/23 08:31:12.692626 PORTEVENT TC_34_2_2.ttcn3:332 Sent on MSC to system charstring : "{\"command\": \"CMD_SEND_ASSIGNMENT_REQUEST\", \"params\": {\"bsc_slr\": 6}}"
2026/Jun/23 08:31:12.692646 USER TC_34_2_2.ttcn3:332 MSC_Port: TX: {"command": "CMD_SEND_ASSIGNMENT_REQUEST", "params": {"bsc_slr": 6}}
2026/Jun/23 08:31:12.692661 USER TC_34_2_2.ttcn3:333 Sent BSSMAP ASSIGNMENT REQUEST for bsc_slr=6
2026/Jun/23 08:31:12.692676 TIMEROP TC_34_2_2.ttcn3:335 Start timer T_ack: 1 s
2026/Jun/23 08:31:12.693129 USER TC_34_2_2.ttcn3:336 MSC_Port: RX: {"status": "ok", "sent": true}
2026/Jun/23 08:31:12.693159 PORTEVENT TC_34_2_2.ttcn3:336 Message enqueued on MSC from system charstring : "{\"status\": \"ok\", \"sent\": true}" id 89
2026/Jun/23 08:31:12.693193 PORTEVENT TC_34_2_2.ttcn3:337 Receive operation on port MSC succeeded, message from system(): charstring : "{\"status\": \"ok\", \"sent\": true}" id 89
2026/Jun/23 08:31:12.693206 PORTEVENT TC_34_2_2.ttcn3:337 Message with id 89 was extracted from the queue of MSC.
2026/Jun/23 08:31:12.693215 TIMEROP TC_34_2_2.ttcn3:337 Stop timer T_ack: 1 s
2026/Jun/23 08:31:12.693227 USER TC_34_2_2.ttcn3:822 *** Step 6: Waiting for ASSIGNMENT COMPLETE ***
2026/Jun/23 08:31:12.693241 TIMEROP TC_34_2_2.ttcn3:825 Start timer T_ass: 30 s
2026/Jun/23 08:31:12.693487 USER TC_34_2_2.ttcn3:826 MSC_Port: RX: {"status": "ok", "sent": true}
2026/Jun/23 08:31:12.693510 PORTEVENT TC_34_2_2.ttcn3:826 Message enqueued on MSC from system charstring : "{\"status\": \"ok\", \"sent\": true}" id 90
2026/Jun/23 08:31:12.693528 PORTEVENT TC_34_2_2.ttcn3:827 Receive operation on port MSC succeeded, message from system(): charstring : "{\"status\": \"ok\", \"sent\": true}" id 90
2026/Jun/23 08:31:12.693540 PORTEVENT TC_34_2_2.ttcn3:827 Message with id 90 was extracted from the queue of MSC.
2026/Jun/23 08:31:13.018401 USER TC_34_2_2.ttcn3:826 VTY_PT: Received data (buffered): 34 bytes
2026/Jun/23 08:31:13.398698 USER TC_34_2_2.ttcn3:826 MSC_Port: RX: {"type": "EVENT_ASSIGNMENT_COMPLETE", "bsc_slr": 6}
2026/Jun/23 08:31:13.398793 PORTEVENT TC_34_2_2.ttcn3:826 Message enqueued on MSC from system charstring : "{\"type\": \"EVENT_ASSIGNMENT_COMPLETE\", \"bsc_slr\": 6}" id 91
2026/Jun/23 08:31:13.398855 PORTEVENT TC_34_2_2.ttcn3:827 Receive operation on port MSC succeeded, message from system(): charstring : "{\"type\": \"EVENT_ASSIGNMENT_COMPLETE\", \"bsc_slr\": 6}" id 91
2026/Jun/23 08:31:13.398877 PORTEVENT TC_34_2_2.ttcn3:827 Message with id 91 was extracted from the queue of MSC.
2026/Jun/23 08:31:13.399138 USER TC_34_2_2.ttcn3:829 ASSIGNMENT COMPLETE received
2026/Jun/23 08:31:13.399162 TIMEROP TC_34_2_2.ttcn3:831 Stop timer T_ass: 30 s
2026/Jun/23 08:31:13.399184 USER TC_34_2_2.ttcn3:851 *** Step 7: Sending CC ALERTING ***
2026/Jun/23 08:31:13.399222 PORTEVENT TC_34_2_2.ttcn3:345 Sent on MSC to system charstring : "{\"command\": \"CMD_SEND_CC_ALERTING\", \"params\": {\"bsc_slr\": 6, \"ti_value\": 0, \"ti_flag\": 1}}"
2026/Jun/23 08:31:13.399293 USER TC_34_2_2.ttcn3:345 MSC_Port: TX: {"command": "CMD_SEND_CC_ALERTING", "params": {"bsc_slr": 6, "ti_value": 0, "ti_flag": 1}}
2026/Jun/23 08:31:13.399315 USER TC_34_2_2.ttcn3:346 Sent CC ALERTING: TI=0
2026/Jun/23 08:31:13.399341 TIMEROP TC_34_2_2.ttcn3:348 Start timer T_ack: 1 s
2026/Jun/23 08:31:13.399819 USER TC_34_2_2.ttcn3:349 MSC_Port: RX: {"status": "ok", "sent": true}
2026/Jun/23 08:31:13.399858 PORTEVENT TC_34_2_2.ttcn3:349 Message enqueued on MSC from system charstring : "{\"status\": \"ok\", \"sent\": true}" id 92
2026/Jun/23 08:31:13.399881 PORTEVENT TC_34_2_2.ttcn3:350 Receive operation on port MSC succeeded, message from system(): charstring : "{\"status\": \"ok\", \"sent\": true}" id 92
2026/Jun/23 08:31:13.399897 PORTEVENT TC_34_2_2.ttcn3:350 Message with id 92 was extracted from the queue of MSC.
2026/Jun/23 08:31:13.399908 TIMEROP TC_34_2_2.ttcn3:350 Stop timer T_ack: 1 s
2026/Jun/23 08:31:13.399923 TIMEROP TC_34_2_2.ttcn3:856 Start timer T_ring: 2 s
2026/Jun/23 08:31:13.447882 USER TC_34_2_2.ttcn3:857 VTY_PT: Received data (buffered): 32 bytes
2026/Jun/23 08:31:14.401062 USER TC_34_2_2.ttcn3:857 MSC_Port: RX: {"type": "HEARTBEAT"}
2026/Jun/23 08:31:14.401153 PORTEVENT TC_34_2_2.ttcn3:857 Message enqueued on MSC from system charstring : "{\"type\": \"HEARTBEAT\"}" id 93
2026/Jun/23 08:31:15.399944 TIMEROP TC_34_2_2.ttcn3:857 Timeout T_ring: 2 s
2026/Jun/23 08:31:15.400023 USER TC_34_2_2.ttcn3:862 *** Step 8: Sending CC CONNECT ***
2026/Jun/23 08:31:15.400080 PORTEVENT TC_34_2_2.ttcn3:358 Sent on MSC to system charstring : "{\"command\": \"CMD_SEND_CC_CONNECT\", \"params\": {\"bsc_slr\": 6, \"ti_value\": 0, \"ti_flag\": 1}}"
2026/Jun/23 08:31:15.400151 USER TC_34_2_2.ttcn3:358 MSC_Port: TX: {"command": "CMD_SEND_CC_CONNECT", "params": {"bsc_slr": 6, "ti_value": 0, "ti_flag": 1}}
2026/Jun/23 08:31:15.400190 USER TC_34_2_2.ttcn3:359 Sent CC CONNECT: TI=0
2026/Jun/23 08:31:15.400211 TIMEROP TC_34_2_2.ttcn3:361 Start timer T_ack: 1 s
2026/Jun/23 08:31:15.400231 PORTEVENT TC_34_2_2.ttcn3:363 Receive operation on port MSC succeeded, message from system(): charstring : "{\"type\": \"HEARTBEAT\"}" id 93
2026/Jun/23 08:31:15.400245 PORTEVENT TC_34_2_2.ttcn3:363 Message with id 93 was extracted from the queue of MSC.
2026/Jun/23 08:31:15.400255 TIMEROP TC_34_2_2.ttcn3:363 Stop timer T_ack: 1 s
2026/Jun/23 08:31:15.400265 USER TC_34_2_2.ttcn3:868 *** Step 9: Waiting for CC CONNECT ACK ***
2026/Jun/23 08:31:15.400276 TIMEROP TC_34_2_2.ttcn3:871 Start timer T_conn_ack: 25 s
2026/Jun/23 08:31:15.400673 USER TC_34_2_2.ttcn3:872 MSC_Port: RX: {"status": "ok", "sent": true}
2026/Jun/23 08:31:15.400693 PORTEVENT TC_34_2_2.ttcn3:872 Message enqueued on MSC from system charstring : "{\"status\": \"ok\", \"sent\": true}" id 94
2026/Jun/23 08:31:15.400710 PORTEVENT TC_34_2_2.ttcn3:873 Receive operation on port MSC succeeded, message from system(): charstring : "{\"status\": \"ok\", \"sent\": true}" id 94
2026/Jun/23 08:31:15.400733 PORTEVENT TC_34_2_2.ttcn3:873 Message with id 94 was extracted from the queue of MSC.
2026/Jun/23 08:31:15.427020 USER TC_34_2_2.ttcn3:872 VTY_PT: Received data (buffered): 32 bytes
2026/Jun/23 08:31:15.516552 USER TC_34_2_2.ttcn3:872 MSC_Port: RX: {"type": "EVENT_DTAP", "bsc_slr": 6, "pd": 3, "msg_type": 15}
2026/Jun/23 08:31:15.516639 PORTEVENT TC_34_2_2.ttcn3:872 Message enqueued on MSC from system charstring : "{\"type\": \"EVENT_DTAP\", \"bsc_slr\": 6, \"pd\": 3, \"msg_type\": 15}" id 95
2026/Jun/23 08:31:15.516681 PORTEVENT TC_34_2_2.ttcn3:873 Receive operation on port MSC succeeded, message from system(): charstring : "{\"type\": \"EVENT_DTAP\", \"bsc_slr\": 6, \"pd\": 3, \"msg_type\": 15}" id 95
2026/Jun/23 08:31:15.516699 PORTEVENT TC_34_2_2.ttcn3:873 Message with id 95 was extracted from the queue of MSC.
2026/Jun/23 08:31:15.517119 USER TC_34_2_2.ttcn3:880 CC CONNECT ACK detected via EVENT_DTAP
2026/Jun/23 08:31:15.517146 TIMEROP TC_34_2_2.ttcn3:882 Stop timer T_conn_ack: 25 s
2026/Jun/23 08:31:15.517168 USER TC_34_2_2.ttcn3:901 *** Step 10: Triggering MO-SMS during active call ***
2026/Jun/23 08:31:15.517182 USER TC_34_2_2.ttcn3:398 Triggering MO-SMS via VTY: number="12345" text='"SMS during call"'
2026/Jun/23 08:31:15.517211 USER GSM_Component_Definitions.ttcn3:455 VTY: Sending command: "enable"
2026/Jun/23 08:31:15.517234 PORTEVENT GSM_Component_Definitions.ttcn3:456 Sent on VTY to system charstring : "enable"
2026/Jun/23 08:31:15.517252 USER GSM_Component_Definitions.ttcn3:456 VTY_PT: Sending command: "enable"
2026/Jun/23 08:31:15.717436 USER GSM_Component_Definitions.ttcn3:456 VTY_PT: Received response: 
% (MS 1)
% Call is proceeding

% (MS 1)
% Call is alerting

% (MS 1)
% Call is answered
enable
% Unknown command.
OsmocomBB(mobile)# 
OsmocomBB(mobile)# 
2026/Jun/23 08:31:15.717560 PORTEVENT GSM_Component_Definitions.ttcn3:456 Message enqueued on VTY from system charstring : "\r\n% (MS 1)\r\n% Call is proceeding\r\n\r\n% (MS 1)\r\n% Call is alerting\r\n\r\n% (MS 1)\r\n% Call is answered\r\nenable\r\n% Unknown command.\r\nOsmocomBB(mobile)# \r\nOsmocomBB(mobile)# " id 13
2026/Jun/23 08:31:15.717591 TIMEROP GSM_Component_Definitions.ttcn3:459 Start timer T_vty: 5 s
2026/Jun/23 08:31:15.717634 PORTEVENT GSM_Component_Definitions.ttcn3:462 Receive operation on port VTY succeeded, message from system(): charstring : "\r\n% (MS 1)\r\n% Call is proceeding\r\n\r\n% (MS 1)\r\n% Call is alerting\r\n\r\n% (MS 1)\r\n% Call is answered\r\nenable\r\n% Unknown command.\r\nOsmocomBB(mobile)# \r\nOsmocomBB(mobile)# " id 13
2026/Jun/23 08:31:15.717652 PORTEVENT GSM_Component_Definitions.ttcn3:462 Message with id 13 was extracted from the queue of VTY.
2026/Jun/23 08:31:15.717665 TIMEROP GSM_Component_Definitions.ttcn3:463 Stop timer T_vty: 5 s
2026/Jun/23 08:31:15.717692 USER GSM_Component_Definitions.ttcn3:464 VTY: Received response: "\r\n% (MS 1)\r\n% Call is proceeding\r\n\r\n% (MS 1)\r\n% Call is alerting\r\n\r\n% (MS 1)\r\n% Call is answered\r\nenable\r\n% Unknown command.\r\nOsmocomBB(mobile)# \r\nOsmocomBB(mobile)# "
2026/Jun/23 08:31:15.717729 USER GSM_Component_Definitions.ttcn3:455 VTY: Sending command: "sms 1 12345 SMS during call"
2026/Jun/23 08:31:15.717757 PORTEVENT GSM_Component_Definitions.ttcn3:456 Sent on VTY to system charstring : "sms 1 12345 SMS during call"
2026/Jun/23 08:31:15.717775 USER GSM_Component_Definitions.ttcn3:456 VTY_PT: Sending command: "sms 1 12345 SMS during call"
2026/Jun/23 08:31:15.918049 USER GSM_Component_Definitions.ttcn3:456 VTY_PT: Received response: sms 1 12345 SMS during call
OsmocomBB(mobile)# 
OsmocomBB(mobile)# 
2026/Jun/23 08:31:15.918156 PORTEVENT GSM_Component_Definitions.ttcn3:456 Message enqueued on VTY from system charstring : "sms 1 12345 SMS during call\r\nOsmocomBB(mobile)# \r\nOsmocomBB(mobile)# " id 14
2026/Jun/23 08:31:15.918187 TIMEROP GSM_Component_Definitions.ttcn3:459 Start timer T_vty: 5 s
2026/Jun/23 08:31:15.918220 PORTEVENT GSM_Component_Definitions.ttcn3:462 Receive operation on port VTY succeeded, message from system(): charstring : "sms 1 12345 SMS during call\r\nOsmocomBB(mobile)# \r\nOsmocomBB(mobile)# " id 14
2026/Jun/23 08:31:15.918238 PORTEVENT GSM_Component_Definitions.ttcn3:462 Message with id 14 was extracted from the queue of VTY.
2026/Jun/23 08:31:15.918250 TIMEROP GSM_Component_Definitions.ttcn3:463 Stop timer T_vty: 5 s
2026/Jun/23 08:31:15.918262 USER GSM_Component_Definitions.ttcn3:464 VTY: Received response: "sms 1 12345 SMS during call\r\nOsmocomBB(mobile)# \r\nOsmocomBB(mobile)# "
2026/Jun/23 08:31:15.918291 USER TC_34_2_2.ttcn3:402 VTY sms response: "sms 1 12345 SMS during call\r\nOsmocomBB(mobile)# \r\nOsmocomBB(mobile)# "
2026/Jun/23 08:31:15.918315 USER TC_34_2_2.ttcn3:907 *** Step 11: Waiting for SMS CP-DATA during call ***
2026/Jun/23 08:31:15.918329 TIMEROP TC_34_2_2.ttcn3:910 Start timer T_sms: 60 s
2026/Jun/23 08:31:15.918367 USER TC_34_2_2.ttcn3:911 MSC_Port: RX: {"type": "EVENT_CC_CONNECT_ACK", "bsc_slr": 6, "ti_value": 0, "ti_flag": 0}
2026/Jun/23 08:31:15.918390 PORTEVENT TC_34_2_2.ttcn3:911 Message enqueued on MSC from system charstring : "{\"type\": \"EVENT_CC_CONNECT_ACK\", \"bsc_slr\": 6, \"ti_value\": 0, \"ti_flag\": 0}" id 96
2026/Jun/23 08:31:15.918405 USER TC_34_2_2.ttcn3:911 MSC_Port: RX: {"type": "EVENT_DTAP", "bsc_slr": 6, "pd": 5, "msg_type": 36}
2026/Jun/23 08:31:15.918427 PORTEVENT TC_34_2_2.ttcn3:911 Message enqueued on MSC from system charstring : "{\"type\": \"EVENT_DTAP\", \"bsc_slr\": 6, \"pd\": 5, \"msg_type\": 36}" id 97
2026/Jun/23 08:31:15.918440 USER TC_34_2_2.ttcn3:911 MSC_Port: RX: {"type": "EVENT_CM_SERVICE_REQUEST", "bsc_slr": 6, "cm_service_type": 4, "cm_service_type_name": "Short message service"}
2026/Jun/23 08:31:15.918465 PORTEVENT TC_34_2_2.ttcn3:911 Message enqueued on MSC from system charstring : "{\"type\": \"EVENT_CM_SERVICE_REQUEST\", \"bsc_slr\": 6, \"cm_service_type\": 4, \"cm_service_type_name\": \"Short message service\"}" id 98
2026/Jun/23 08:31:15.918485 PORTEVENT TC_34_2_2.ttcn3:912 Receive operation on port MSC succeeded, message from system(): charstring : "{\"type\": \"EVENT_CC_CONNECT_ACK\", \"bsc_slr\": 6, \"ti_value\": 0, \"ti_flag\": 0}" id 96
2026/Jun/23 08:31:15.918497 PORTEVENT TC_34_2_2.ttcn3:912 Message with id 96 was extracted from the queue of MSC.
2026/Jun/23 08:31:15.918741 USER TC_34_2_2.ttcn3:937 Event while waiting for SMS: "{\"type\": \"EVENT_CC_CONNECT_ACK\", \"bsc_slr\": 6, \"ti_value\": 0, \"ti_flag\": 0}"
2026/Jun/23 08:31:15.918774 PORTEVENT TC_34_2_2.ttcn3:912 Receive operation on port MSC succeeded, message from system(): charstring : "{\"type\": \"EVENT_DTAP\", \"bsc_slr\": 6, \"pd\": 5, \"msg_type\": 36}" id 97
2026/Jun/23 08:31:15.918786 PORTEVENT TC_34_2_2.ttcn3:912 Message with id 97 was extracted from the queue of MSC.
2026/Jun/23 08:31:15.918997 USER TC_34_2_2.ttcn3:937 Event while waiting for SMS: "{\"type\": \"EVENT_DTAP\", \"bsc_slr\": 6, \"pd\": 5, \"msg_type\": 36}"
2026/Jun/23 08:31:15.919055 PORTEVENT TC_34_2_2.ttcn3:912 Receive operation on port MSC succeeded, message from system(): charstring : "{\"type\": \"EVENT_CM_SERVICE_REQUEST\", \"bsc_slr\": 6, \"cm_service_type\": 4, \"cm_service_type_name\": \"Short message service\"}" id 98
2026/Jun/23 08:31:15.919070 PORTEVENT TC_34_2_2.ttcn3:912 Message with id 98 was extracted from the queue of MSC.
2026/Jun/23 08:31:15.919314 USER GSM_Functions.ttcn3:365 f_extractJsonInt: Searching for key '"bsc_slr"' in JSON: "{\"type\": \"EVENT_CM_SERVICE_REQUEST\", \"bsc_slr\": 6, \"cm_service_type\": 4, \"cm_service_type_name\": \"Short message service\"}"
2026/Jun/23 08:31:15.919370 USER GSM_Functions.ttcn3:372 f_extractJsonInt: Found key at position 37 (pattern: "\"bsc_slr\":")
2026/Jun/23 08:31:15.919403 USER GSM_Functions.ttcn3:422 f_extractJsonInt: Extracted number string '"6"' => integer 6
2026/Jun/23 08:31:15.919423 USER TC_34_2_2.ttcn3:924 CM SERVICE REQUEST for SMS during call, accepting
2026/Jun/23 08:31:15.919447 PORTEVENT TC_34_2_2.ttcn3:926 Sent on MSC to system charstring : "{\"command\": \"CMD_SEND_CM_SERVICE_ACCEPT\", \"params\": {\"bsc_slr\": 6}}"
2026/Jun/23 08:31:15.919528 USER TC_34_2_2.ttcn3:926 MSC_Port: TX: {"command": "CMD_SEND_CM_SERVICE_ACCEPT", "params": {"bsc_slr": 6}}
2026/Jun/23 08:31:15.919548 TIMEROP TC_34_2_2.ttcn3:928 Start timer T_ack2: 2 s
2026/Jun/23 08:31:15.920238 USER TC_34_2_2.ttcn3:929 MSC_Port: RX: {"status": "ok", "sent": true}
2026/Jun/23 08:31:15.920269 PORTEVENT TC_34_2_2.ttcn3:929 Message enqueued on MSC from system charstring : "{\"status\": \"ok\", \"sent\": true}" id 99
2026/Jun/23 08:31:15.920289 PORTEVENT TC_34_2_2.ttcn3:930 Receive operation on port MSC succeeded, message from system(): charstring : "{\"status\": \"ok\", \"sent\": true}" id 99
2026/Jun/23 08:31:15.920301 PORTEVENT TC_34_2_2.ttcn3:930 Message with id 99 was extracted from the queue of MSC.
2026/Jun/23 08:31:15.920309 TIMEROP TC_34_2_2.ttcn3:930 Stop timer T_ack2: 2 s
2026/Jun/23 08:31:17.163518 USER TC_34_2_2.ttcn3:911 MSC_Port: RX: {"type": "EVENT_DTAP", "bsc_slr": 6, "pd": 9, "msg_type": 1}
2026/Jun/23 08:31:17.163590 PORTEVENT TC_34_2_2.ttcn3:911 Message enqueued on MSC from system charstring : "{\"type\": \"EVENT_DTAP\", \"bsc_slr\": 6, \"pd\": 9, \"msg_type\": 1}" id 100
2026/Jun/23 08:31:17.163618 PORTEVENT TC_34_2_2.ttcn3:912 Receive operation on port MSC succeeded, message from system(): charstring : "{\"type\": \"EVENT_DTAP\", \"bsc_slr\": 6, \"pd\": 9, \"msg_type\": 1}" id 100
2026/Jun/23 08:31:17.163629 PORTEVENT TC_34_2_2.ttcn3:912 Message with id 100 was extracted from the queue of MSC.
2026/Jun/23 08:31:17.163769 USER TC_34_2_2.ttcn3:937 Event while waiting for SMS: "{\"type\": \"EVENT_DTAP\", \"bsc_slr\": 6, \"pd\": 9, \"msg_type\": 1}"
2026/Jun/23 08:31:17.163795 USER TC_34_2_2.ttcn3:911 MSC_Port: RX: {"type": "EVENT_SMS_CP_DATA", "bsc_slr": 6, "ti_value": 0, "ti_flag": 0, "rp_mr": 42, "rp_msg_type": 0, "rp_error_cause": 0, "rp_hex": "002a000691214365870918012a05812143f500000fd3e61444aecbd3ee33681c66b301"}
2026/Jun/23 08:31:17.163813 PORTEVENT TC_34_2_2.ttcn3:911 Message enqueued on MSC from system charstring : "{\"type\": \"EVENT_SMS_CP_DATA\", \"bsc_slr\": 6, \"ti_value\": 0, \"ti_flag\": 0, \"rp_mr\": 42, \"rp_msg_type\": 0, \"rp_error_cause\": 0, \"rp_hex\": \"002a000691214365870918012a05812143f500000fd3e61444aecbd3ee33681c66b301\"}" id 101
2026/Jun/23 08:31:17.163847 PORTEVENT TC_34_2_2.ttcn3:912 Receive operation on port MSC succeeded, message from system(): charstring : "{\"type\": \"EVENT_SMS_CP_DATA\", \"bsc_slr\": 6, \"ti_value\": 0, \"ti_flag\": 0, \"rp_mr\": 42, \"rp_msg_type\": 0, \"rp_error_cause\": 0, \"rp_hex\": \"002a000691214365870918012a05812143f500000fd3e61444aecbd3ee33681c66b301\"}" id 101
2026/Jun/23 08:31:17.163858 PORTEVENT TC_34_2_2.ttcn3:912 Message with id 101 was extracted from the queue of MSC.
2026/Jun/23 08:31:17.163932 USER GSM_Functions.ttcn3:365 f_extractJsonInt: Searching for key '"bsc_slr"' in JSON: "{\"type\": \"EVENT_SMS_CP_DATA\", \"bsc_slr\": 6, \"ti_value\": 0, \"ti_flag\": 0, \"rp_mr\": 42, \"rp_msg_type\": 0, \"rp_error_cause\": 0, \"rp_hex\": \"002a000691214365870918012a05812143f500000fd3e61444aecbd3ee33681c66b301\"}"
2026/Jun/23 08:31:17.163973 USER GSM_Functions.ttcn3:372 f_extractJsonInt: Found key at position 30 (pattern: "\"bsc_slr\":")
2026/Jun/23 08:31:17.163993 USER GSM_Functions.ttcn3:422 f_extractJsonInt: Extracted number string '"6"' => integer 6
2026/Jun/23 08:31:17.164004 USER GSM_Functions.ttcn3:365 f_extractJsonInt: Searching for key '"ti_value"' in JSON: "{\"type\": \"EVENT_SMS_CP_DATA\", \"bsc_slr\": 6, \"ti_value\": 0, \"ti_flag\": 0, \"rp_mr\": 42, \"rp_msg_type\": 0, \"rp_error_cause\": 0, \"rp_hex\": \"002a000691214365870918012a05812143f500000fd3e61444aecbd3ee33681c66b301\"}"
2026/Jun/23 08:31:17.164029 USER GSM_Functions.ttcn3:372 f_extractJsonInt: Found key at position 44 (pattern: "\"ti_value\":")
2026/Jun/23 08:31:17.164041 USER GSM_Functions.ttcn3:422 f_extractJsonInt: Extracted number string '"0"' => integer 0
2026/Jun/23 08:31:17.164050 USER GSM_Functions.ttcn3:365 f_extractJsonInt: Searching for key '"ti_flag"' in JSON: "{\"type\": \"EVENT_SMS_CP_DATA\", \"bsc_slr\": 6, \"ti_value\": 0, \"ti_flag\": 0, \"rp_mr\": 42, \"rp_msg_type\": 0, \"rp_error_cause\": 0, \"rp_hex\": \"002a000691214365870918012a05812143f500000fd3e61444aecbd3ee33681c66b301\"}"
2026/Jun/23 08:31:17.164075 USER GSM_Functions.ttcn3:372 f_extractJsonInt: Found key at position 59 (pattern: "\"ti_flag\":")
2026/Jun/23 08:31:17.164086 USER GSM_Functions.ttcn3:422 f_extractJsonInt: Extracted number string '"0"' => integer 0
2026/Jun/23 08:31:17.164095 USER GSM_Functions.ttcn3:365 f_extractJsonInt: Searching for key '"rp_mr"' in JSON: "{\"type\": \"EVENT_SMS_CP_DATA\", \"bsc_slr\": 6, \"ti_value\": 0, \"ti_flag\": 0, \"rp_mr\": 42, \"rp_msg_type\": 0, \"rp_error_cause\": 0, \"rp_hex\": \"002a000691214365870918012a05812143f500000fd3e61444aecbd3ee33681c66b301\"}"
2026/Jun/23 08:31:17.164122 USER GSM_Functions.ttcn3:372 f_extractJsonInt: Found key at position 73 (pattern: "\"rp_mr\":")
2026/Jun/23 08:31:17.164133 USER GSM_Functions.ttcn3:422 f_extractJsonInt: Extracted number string '"42"' => integer 42
2026/Jun/23 08:31:17.164141 USER TC_34_2_2.ttcn3:918 SMS CP-DATA received during call: TI=0
2026/Jun/23 08:31:17.164149 TIMEROP TC_34_2_2.ttcn3:920 Stop timer T_sms: 60 s
2026/Jun/23 08:31:17.164160 USER TC_34_2_2.ttcn3:948 *** Completing SMS exchange during call ***
2026/Jun/23 08:31:17.164177 PORTEVENT TC_34_2_2.ttcn3:226 Sent on MSC to system charstring : "{\"command\": \"CMD_SEND_SMS_CP_ACK\", \"params\": {\"bsc_slr\": 6, \"ti_value\": 0, \"ti_flag\": 1}}"
2026/Jun/23 08:31:17.164217 USER TC_34_2_2.ttcn3:226 MSC_Port: TX: {"command": "CMD_SEND_SMS_CP_ACK", "params": {"bsc_slr": 6, "ti_value": 0, "ti_flag": 1}}
2026/Jun/23 08:31:17.164227 USER TC_34_2_2.ttcn3:227 Sent CP-ACK: TI=0 TI_flag=1
2026/Jun/23 08:31:17.164237 TIMEROP TC_34_2_2.ttcn3:230 Start timer T_ack: 1 s
2026/Jun/23 08:31:17.164593 USER TC_34_2_2.ttcn3:231 MSC_Port: RX: {"status": "ok", "sent": true}
2026/Jun/23 08:31:17.164605 PORTEVENT TC_34_2_2.ttcn3:231 Message enqueued on MSC from system charstring : "{\"status\": \"ok\", \"sent\": true}" id 102
2026/Jun/23 08:31:17.164615 PORTEVENT TC_34_2_2.ttcn3:232 Receive operation on port MSC succeeded, message from system(): charstring : "{\"status\": \"ok\", \"sent\": true}" id 102
2026/Jun/23 08:31:17.164622 PORTEVENT TC_34_2_2.ttcn3:232 Message with id 102 was extracted from the queue of MSC.
2026/Jun/23 08:31:17.164626 TIMEROP TC_34_2_2.ttcn3:232 Stop timer T_ack: 1 s
2026/Jun/23 08:31:17.164639 PORTEVENT TC_34_2_2.ttcn3:243 Sent on MSC to system charstring : "{\"command\": \"CMD_SEND_SMS_CP_DATA_RP_ACK\", \"params\": {\"bsc_slr\": 6, \"ti_value\": 0, \"ti_flag\": 1, \"rp_mr\": 42}}"
2026/Jun/23 08:31:17.164664 USER TC_34_2_2.ttcn3:243 MSC_Port: TX: {"command": "CMD_SEND_SMS_CP_DATA_RP_ACK", "params": {"bsc_slr": 6, "ti_value": 0, "ti_flag": 1, "rp_mr": 42}}
2026/Jun/23 08:31:17.164673 USER TC_34_2_2.ttcn3:244 Sent CP-DATA(RP-ACK): TI=0 RP-MR=42
2026/Jun/23 08:31:17.164689 TIMEROP TC_34_2_2.ttcn3:247 Start timer T_ack: 1 s
2026/Jun/23 08:31:17.164878 USER TC_34_2_2.ttcn3:248 MSC_Port: RX: {"status": "ok", "sent": true}
2026/Jun/23 08:31:17.164892 PORTEVENT TC_34_2_2.ttcn3:248 Message enqueued on MSC from system charstring : "{\"status\": \"ok\", \"sent\": true}" id 103
2026/Jun/23 08:31:17.164901 PORTEVENT TC_34_2_2.ttcn3:249 Receive operation on port MSC succeeded, message from system(): charstring : "{\"status\": \"ok\", \"sent\": true}" id 103
2026/Jun/23 08:31:17.164907 PORTEVENT TC_34_2_2.ttcn3:249 Message with id 103 was extracted from the queue of MSC.
2026/Jun/23 08:31:17.164911 TIMEROP TC_34_2_2.ttcn3:249 Stop timer T_ack: 1 s
2026/Jun/23 08:31:17.164916 TIMEROP TC_34_2_2.ttcn3:196 Start timer T_wait: 25 s
2026/Jun/23 08:31:18.524131 USER TC_34_2_2.ttcn3:197 VTY_PT: Received data (buffered): 39 bytes
2026/Jun/23 08:31:18.575885 USER TC_34_2_2.ttcn3:197 MSC_Port: RX: {"type": "EVENT_DTAP", "bsc_slr": 6, "pd": 9, "msg_type": 4}
2026/Jun/23 08:31:18.575975 PORTEVENT TC_34_2_2.ttcn3:197 Message enqueued on MSC from system charstring : "{\"type\": \"EVENT_DTAP\", \"bsc_slr\": 6, \"pd\": 9, \"msg_type\": 4}" id 104
2026/Jun/23 08:31:18.576017 PORTEVENT TC_34_2_2.ttcn3:198 Receive operation on port MSC succeeded, message from system(): charstring : "{\"type\": \"EVENT_DTAP\", \"bsc_slr\": 6, \"pd\": 9, \"msg_type\": 4}" id 104
2026/Jun/23 08:31:18.576036 PORTEVENT TC_34_2_2.ttcn3:198 Message with id 104 was extracted from the queue of MSC.
2026/Jun/23 08:31:18.576251 USER TC_34_2_2.ttcn3:208 Event while waiting for CP-ACK: "{\"type\": \"EVENT_DTAP\", \"bsc_slr\": 6, \"pd\": 9, \"msg_type\": 4}"
2026/Jun/23 08:31:18.576301 USER TC_34_2_2.ttcn3:197 MSC_Port: RX: {"type": "EVENT_SMS_CP_ACK", "bsc_slr": 6, "ti_value": 0, "ti_flag": 0}
2026/Jun/23 08:31:18.576328 PORTEVENT TC_34_2_2.ttcn3:197 Message enqueued on MSC from system charstring : "{\"type\": \"EVENT_SMS_CP_ACK\", \"bsc_slr\": 6, \"ti_value\": 0, \"ti_flag\": 0}" id 105
2026/Jun/23 08:31:18.576352 PORTEVENT TC_34_2_2.ttcn3:198 Receive operation on port MSC succeeded, message from system(): charstring : "{\"type\": \"EVENT_SMS_CP_ACK\", \"bsc_slr\": 6, \"ti_value\": 0, \"ti_flag\": 0}" id 105
2026/Jun/23 08:31:18.576367 PORTEVENT TC_34_2_2.ttcn3:198 Message with id 105 was extracted from the queue of MSC.
2026/Jun/23 08:31:18.576498 USER TC_34_2_2.ttcn3:200 CP-ACK received
2026/Jun/23 08:31:18.576519 TIMEROP TC_34_2_2.ttcn3:202 Stop timer T_wait: 25 s
2026/Jun/23 08:31:18.576544 USER TC_34_2_2.ttcn3:953 SMS exchange completed during active call
2026/Jun/23 08:31:18.576559 USER TC_34_2_2.ttcn3:960 *** Step 12: Tearing down voice call ***
2026/Jun/23 08:31:18.576593 PORTEVENT TC_34_2_2.ttcn3:371 Sent on MSC to system charstring : "{\"command\": \"CMD_SEND_CC_DISCONNECT\", \"params\": {\"bsc_slr\": 6, \"ti_value\": 0, \"ti_flag\": 1, \"cause\": 16}}"
2026/Jun/23 08:31:18.576666 USER TC_34_2_2.ttcn3:371 MSC_Port: TX: {"command": "CMD_SEND_CC_DISCONNECT", "params": {"bsc_slr": 6, "ti_value": 0, "ti_flag": 1, "cause": 16}}
2026/Jun/23 08:31:18.576687 USER TC_34_2_2.ttcn3:372 Sent CC DISCONNECT: TI=0 cause=16
2026/Jun/23 08:31:18.576711 TIMEROP TC_34_2_2.ttcn3:374 Start timer T_ack: 1 s
2026/Jun/23 08:31:18.577342 USER TC_34_2_2.ttcn3:375 MSC_Port: RX: {"status": "ok", "sent": true}
2026/Jun/23 08:31:18.577371 PORTEVENT TC_34_2_2.ttcn3:375 Message enqueued on MSC from system charstring : "{\"status\": \"ok\", \"sent\": true}" id 106
2026/Jun/23 08:31:18.577393 PORTEVENT TC_34_2_2.ttcn3:376 Receive operation on port MSC succeeded, message from system(): charstring : "{\"status\": \"ok\", \"sent\": true}" id 106
2026/Jun/23 08:31:18.577408 PORTEVENT TC_34_2_2.ttcn3:376 Message with id 106 was extracted from the queue of MSC.
2026/Jun/23 08:31:18.577419 TIMEROP TC_34_2_2.ttcn3:376 Stop timer T_ack: 1 s
2026/Jun/23 08:31:18.577433 TIMEROP TC_34_2_2.ttcn3:965 Start timer T_release: 10 s
2026/Jun/23 08:31:18.607010 USER TC_34_2_2.ttcn3:966 VTY_PT: Received data (buffered): 37 bytes
2026/Jun/23 08:31:18.621607 USER TC_34_2_2.ttcn3:966 MSC_Port: RX: {"type": "EVENT_DTAP", "bsc_slr": 6, "pd": 3, "msg_type": 45}
2026/Jun/23 08:31:18.621654 PORTEVENT TC_34_2_2.ttcn3:966 Message enqueued on MSC from system charstring : "{\"type\": \"EVENT_DTAP\", \"bsc_slr\": 6, \"pd\": 3, \"msg_type\": 45}" id 107
2026/Jun/23 08:31:18.621688 PORTEVENT TC_34_2_2.ttcn3:967 Receive operation on port MSC succeeded, message from system(): charstring : "{\"type\": \"EVENT_DTAP\", \"bsc_slr\": 6, \"pd\": 3, \"msg_type\": 45}" id 107
2026/Jun/23 08:31:18.621703 PORTEVENT TC_34_2_2.ttcn3:967 Message with id 107 was extracted from the queue of MSC.
2026/Jun/23 08:31:18.621896 USER TC_34_2_2.ttcn3:975 Event during call teardown: "{\"type\": \"EVENT_DTAP\", \"bsc_slr\": 6, \"pd\": 3, \"msg_type\": 45}"
2026/Jun/23 08:31:18.621942 USER TC_34_2_2.ttcn3:966 MSC_Port: RX: {"type": "EVENT_CC_RELEASE", "bsc_slr": 6, "ti_value": 0, "ti_flag": 0}
2026/Jun/23 08:31:18.621965 PORTEVENT TC_34_2_2.ttcn3:966 Message enqueued on MSC from system charstring : "{\"type\": \"EVENT_CC_RELEASE\", \"bsc_slr\": 6, \"ti_value\": 0, \"ti_flag\": 0}" id 108
2026/Jun/23 08:31:18.621987 PORTEVENT TC_34_2_2.ttcn3:967 Receive operation on port MSC succeeded, message from system(): charstring : "{\"type\": \"EVENT_CC_RELEASE\", \"bsc_slr\": 6, \"ti_value\": 0, \"ti_flag\": 0}" id 108
2026/Jun/23 08:31:18.621999 PORTEVENT TC_34_2_2.ttcn3:967 Message with id 108 was extracted from the queue of MSC.
2026/Jun/23 08:31:18.622139 USER TC_34_2_2.ttcn3:969 CC RELEASE received
2026/Jun/23 08:31:18.622156 TIMEROP TC_34_2_2.ttcn3:970 Stop timer T_release: 10 s
2026/Jun/23 08:31:18.622193 PORTEVENT TC_34_2_2.ttcn3:384 Sent on MSC to system charstring : "{\"command\": \"CMD_SEND_CC_RELEASE_COMPLETE\", \"params\": {\"bsc_slr\": 6, \"ti_value\": 0, \"ti_flag\": 1}}"
2026/Jun/23 08:31:18.622261 USER TC_34_2_2.ttcn3:384 MSC_Port: TX: {"command": "CMD_SEND_CC_RELEASE_COMPLETE", "params": {"bsc_slr": 6, "ti_value": 0, "ti_flag": 1}}
2026/Jun/23 08:31:18.622280 USER TC_34_2_2.ttcn3:385 Sent CC RELEASE COMPLETE: TI=0
2026/Jun/23 08:31:18.622298 TIMEROP TC_34_2_2.ttcn3:387 Start timer T_ack: 1 s
2026/Jun/23 08:31:18.622883 USER TC_34_2_2.ttcn3:388 MSC_Port: RX: {"status": "ok", "sent": true}
2026/Jun/23 08:31:18.622919 PORTEVENT TC_34_2_2.ttcn3:388 Message enqueued on MSC from system charstring : "{\"status\": \"ok\", \"sent\": true}" id 109
2026/Jun/23 08:31:18.622941 PORTEVENT TC_34_2_2.ttcn3:389 Receive operation on port MSC succeeded, message from system(): charstring : "{\"status\": \"ok\", \"sent\": true}" id 109
2026/Jun/23 08:31:18.622954 PORTEVENT TC_34_2_2.ttcn3:389 Message with id 109 was extracted from the queue of MSC.
2026/Jun/23 08:31:18.622964 TIMEROP TC_34_2_2.ttcn3:389 Stop timer T_ack: 1 s
2026/Jun/23 08:31:18.622988 PORTEVENT TC_34_2_2.ttcn3:308 Sent on MSC to system charstring : "{\"command\": \"CMD_SEND_CLEAR_CMD\", \"params\": {\"bsc_slr\": 6, \"cause\": 0}}"
2026/Jun/23 08:31:18.623042 USER TC_34_2_2.ttcn3:308 MSC_Port: TX: {"command": "CMD_SEND_CLEAR_CMD", "params": {"bsc_slr": 6, "cause": 0}}
2026/Jun/23 08:31:18.623062 USER TC_34_2_2.ttcn3:309 Sent CLEAR COMMAND for bsc_slr=6
2026/Jun/23 08:31:18.623080 TIMEROP TC_34_2_2.ttcn3:74 Start timer T_drain: 5 s
2026/Jun/23 08:31:18.623415 USER TC_34_2_2.ttcn3:75 MSC_Port: RX: {"status": "ok"}
2026/Jun/23 08:31:18.623436 PORTEVENT TC_34_2_2.ttcn3:75 Message enqueued on MSC from system charstring : "{\"status\": \"ok\"}" id 110
2026/Jun/23 08:31:18.623454 PORTEVENT TC_34_2_2.ttcn3:76 Receive operation on port MSC succeeded, message from system(): charstring : "{\"status\": \"ok\"}" id 110
2026/Jun/23 08:31:18.623467 PORTEVENT TC_34_2_2.ttcn3:76 Message with id 110 was extracted from the queue of MSC.
2026/Jun/23 08:31:18.623477 USER TC_34_2_2.ttcn3:77 Draining event: "{\"status\": \"ok\"}"
2026/Jun/23 08:31:18.831461 USER TC_34_2_2.ttcn3:75 MSC_Port: RX: {"type": "EVENT_BSSMAP_CLEAR_COMPLETE", "bsc_slr": 6}
2026/Jun/23 08:31:18.831550 PORTEVENT TC_34_2_2.ttcn3:75 Message enqueued on MSC from system charstring : "{\"type\": \"EVENT_BSSMAP_CLEAR_COMPLETE\", \"bsc_slr\": 6}" id 111
2026/Jun/23 08:31:18.831603 PORTEVENT TC_34_2_2.ttcn3:76 Receive operation on port MSC succeeded, message from system(): charstring : "{\"type\": \"EVENT_BSSMAP_CLEAR_COMPLETE\", \"bsc_slr\": 6}" id 111
2026/Jun/23 08:31:18.831621 PORTEVENT TC_34_2_2.ttcn3:76 Message with id 111 was extracted from the queue of MSC.
2026/Jun/23 08:31:18.831632 USER TC_34_2_2.ttcn3:77 Draining event: "{\"type\": \"EVENT_BSSMAP_CLEAR_COMPLETE\", \"bsc_slr\": 6}"
2026/Jun/23 08:31:19.624674 USER TC_34_2_2.ttcn3:75 MSC_Port: RX: {"type": "HEARTBEAT"}
2026/Jun/23 08:31:19.624779 PORTEVENT TC_34_2_2.ttcn3:75 Message enqueued on MSC from system charstring : "{\"type\": \"HEARTBEAT\"}" id 112
2026/Jun/23 08:31:19.624818 PORTEVENT TC_34_2_2.ttcn3:76 Receive operation on port MSC succeeded, message from system(): charstring : "{\"type\": \"HEARTBEAT\"}" id 112
2026/Jun/23 08:31:19.624862 PORTEVENT TC_34_2_2.ttcn3:76 Message with id 112 was extracted from the queue of MSC.
2026/Jun/23 08:31:19.624875 USER TC_34_2_2.ttcn3:77 Draining event: "{\"type\": \"HEARTBEAT\"}"
2026/Jun/23 08:31:21.163403 USER TC_34_2_2.ttcn3:75 VTY_PT: Received data (buffered): 61 bytes
2026/Jun/23 08:31:23.625016 TIMEROP TC_34_2_2.ttcn3:80 Timeout T_drain: 5 s
2026/Jun/23 08:31:23.625110 USER TC_34_2_2.ttcn3:81 Drain period complete
2026/Jun/23 08:31:23.625152 TIMEROP TC_34_2_2.ttcn3:74 Start timer T_drain: 10 s
2026/Jun/23 08:31:24.630104 USER TC_34_2_2.ttcn3:75 MSC_Port: RX: {"type": "HEARTBEAT"}
2026/Jun/23 08:31:24.630205 PORTEVENT TC_34_2_2.ttcn3:75 Message enqueued on MSC from system charstring : "{\"type\": \"HEARTBEAT\"}" id 113
2026/Jun/23 08:31:24.630244 PORTEVENT TC_34_2_2.ttcn3:76 Receive operation on port MSC succeeded, message from system(): charstring : "{\"type\": \"HEARTBEAT\"}" id 113
2026/Jun/23 08:31:24.630265 PORTEVENT TC_34_2_2.ttcn3:76 Message with id 113 was extracted from the queue of MSC.
2026/Jun/23 08:31:24.630278 USER TC_34_2_2.ttcn3:77 Draining event: "{\"type\": \"HEARTBEAT\"}"
2026/Jun/23 08:31:29.635082 USER TC_34_2_2.ttcn3:75 MSC_Port: RX: {"type": "HEARTBEAT"}
2026/Jun/23 08:31:29.635189 PORTEVENT TC_34_2_2.ttcn3:75 Message enqueued on MSC from system charstring : "{\"type\": \"HEARTBEAT\"}" id 114
2026/Jun/23 08:31:29.635231 PORTEVENT TC_34_2_2.ttcn3:76 Receive operation on port MSC succeeded, message from system(): charstring : "{\"type\": \"HEARTBEAT\"}" id 114
2026/Jun/23 08:31:29.635252 PORTEVENT TC_34_2_2.ttcn3:76 Message with id 114 was extracted from the queue of MSC.
2026/Jun/23 08:31:29.635265 USER TC_34_2_2.ttcn3:77 Draining event: "{\"type\": \"HEARTBEAT\"}"
2026/Jun/23 08:31:33.627863 TIMEROP TC_34_2_2.ttcn3:80 Timeout T_drain: 10 s
2026/Jun/23 08:31:33.627966 USER TC_34_2_2.ttcn3:81 Drain period complete
2026/Jun/23 08:31:33.628008 USER TC_34_2_2.ttcn3:993 *** Part 2 PASS: MS sent MO-SMS during active voice call ***
2026/Jun/23 08:31:33.628028 USER TC_34_2_2.ttcn3:1343 ##########################################################
2026/Jun/23 08:31:33.628043 USER TC_34_2_2.ttcn3:1344 ### PART 3: Simultaneous MO + MT SMS ###
2026/Jun/23 08:31:33.628056 USER TC_34_2_2.ttcn3:1345 ##########################################################
2026/Jun/23 08:31:33.628071 USER TC_34_2_2.ttcn3:1016 ==========================================================
2026/Jun/23 08:31:33.628084 USER TC_34_2_2.ttcn3:1017 *** Part 3: Simultaneous MO + MT SMS ***
2026/Jun/23 08:31:33.628096 USER TC_34_2_2.ttcn3:1018 ==========================================================
2026/Jun/23 08:31:33.628111 USER TC_34_2_2.ttcn3:1023 --- Part 3 MO-SMS attempt #1 of 3 ---
2026/Jun/23 08:31:33.628141 USER TC_34_2_2.ttcn3:398 Triggering MO-SMS via VTY: number="12345" text='"Hello Part3 SimSMS"'
2026/Jun/23 08:31:33.628169 USER GSM_Component_Definitions.ttcn3:455 VTY: Sending command: "enable"
2026/Jun/23 08:31:33.628197 PORTEVENT GSM_Component_Definitions.ttcn3:456 Sent on VTY to system charstring : "enable"
2026/Jun/23 08:31:33.628225 USER GSM_Component_Definitions.ttcn3:456 VTY_PT: Sending command: "enable"
2026/Jun/23 08:31:33.828450 USER GSM_Component_Definitions.ttcn3:456 VTY_PT: Received response: 
% (MS 1)
% SMS to 12345 successful

% (MS 1)
% Call: Remote hangs up

% (MS 1)
% On Network, normal service: International, 70
enable
% Unknown command.
OsmocomBB(mobile)# 
OsmocomBB(mobile)# 
2026/Jun/23 08:31:33.828543 PORTEVENT GSM_Component_Definitions.ttcn3:456 Message enqueued on VTY from system charstring : "\r\n% (MS 1)\r\n% SMS to 12345 successful\r\n\r\n% (MS 1)\r\n% Call: Remote hangs up\r\n\r\n% (MS 1)\r\n% On Network, normal service: International, 70\r\nenable\r\n% Unknown command.\r\nOsmocomBB(mobile)# \r\nOsmocomBB(mobile)# " id 15
2026/Jun/23 08:31:33.828565 TIMEROP GSM_Component_Definitions.ttcn3:459 Start timer T_vty: 5 s
2026/Jun/23 08:31:33.828596 PORTEVENT GSM_Component_Definitions.ttcn3:462 Receive operation on port VTY succeeded, message from system(): charstring : "\r\n% (MS 1)\r\n% SMS to 12345 successful\r\n\r\n% (MS 1)\r\n% Call: Remote hangs up\r\n\r\n% (MS 1)\r\n% On Network, normal service: International, 70\r\nenable\r\n% Unknown command.\r\nOsmocomBB(mobile)# \r\nOsmocomBB(mobile)# " id 15
2026/Jun/23 08:31:33.828608 PORTEVENT GSM_Component_Definitions.ttcn3:462 Message with id 15 was extracted from the queue of VTY.
2026/Jun/23 08:31:33.828614 TIMEROP GSM_Component_Definitions.ttcn3:463 Stop timer T_vty: 5 s
2026/Jun/23 08:31:33.828620 USER GSM_Component_Definitions.ttcn3:464 VTY: Received response: "\r\n% (MS 1)\r\n% SMS to 12345 successful\r\n\r\n% (MS 1)\r\n% Call: Remote hangs up\r\n\r\n% (MS 1)\r\n% On Network, normal service: International, 70\r\nenable\r\n% Unknown command.\r\nOsmocomBB(mobile)# \r\nOsmocomBB(mobile)# "
2026/Jun/23 08:31:33.828642 USER GSM_Component_Definitions.ttcn3:455 VTY: Sending command: "sms 1 12345 Hello Part3 SimSMS"
2026/Jun/23 08:31:33.828657 PORTEVENT GSM_Component_Definitions.ttcn3:456 Sent on VTY to system charstring : "sms 1 12345 Hello Part3 SimSMS"
2026/Jun/23 08:31:33.828667 USER GSM_Component_Definitions.ttcn3:456 VTY_PT: Sending command: "sms 1 12345 Hello Part3 SimSMS"
2026/Jun/23 08:31:34.028863 USER GSM_Component_Definitions.ttcn3:456 VTY_PT: Received response: sms 1 12345 Hello Part3 SimSMS
OsmocomBB(mobile)# 
OsmocomBB(mobile)# 
2026/Jun/23 08:31:34.028985 PORTEVENT GSM_Component_Definitions.ttcn3:456 Message enqueued on VTY from system charstring : "sms 1 12345 Hello Part3 SimSMS\r\nOsmocomBB(mobile)# \r\nOsmocomBB(mobile)# " id 16
2026/Jun/23 08:31:34.029020 TIMEROP GSM_Component_Definitions.ttcn3:459 Start timer T_vty: 5 s
2026/Jun/23 08:31:34.029057 PORTEVENT GSM_Component_Definitions.ttcn3:462 Receive operation on port VTY succeeded, message from system(): charstring : "sms 1 12345 Hello Part3 SimSMS\r\nOsmocomBB(mobile)# \r\nOsmocomBB(mobile)# " id 16
2026/Jun/23 08:31:34.029075 PORTEVENT GSM_Component_Definitions.ttcn3:462 Message with id 16 was extracted from the queue of VTY.
2026/Jun/23 08:31:34.029088 TIMEROP GSM_Component_Definitions.ttcn3:463 Stop timer T_vty: 5 s
2026/Jun/23 08:31:34.029100 USER GSM_Component_Definitions.ttcn3:464 VTY: Received response: "sms 1 12345 Hello Part3 SimSMS\r\nOsmocomBB(mobile)# \r\nOsmocomBB(mobile)# "
2026/Jun/23 08:31:34.029129 USER TC_34_2_2.ttcn3:402 VTY sms response: "sms 1 12345 Hello Part3 SimSMS\r\nOsmocomBB(mobile)# \r\nOsmocomBB(mobile)# "
2026/Jun/23 08:31:34.029156 TIMEROP TC_34_2_2.ttcn3:94 Start timer T_wait: 60 s
2026/Jun/23 08:31:34.346285 USER TC_34_2_2.ttcn3:95 MSC_Port: RX: {"type": "EVENT_CM_SERVICE_REQUEST", "bsc_slr": 7, "cm_service_type": 4, "cm_service_type_name": "Short message service"}
2026/Jun/23 08:31:34.346385 PORTEVENT TC_34_2_2.ttcn3:95 Message enqueued on MSC from system charstring : "{\"type\": \"EVENT_CM_SERVICE_REQUEST\", \"bsc_slr\": 7, \"cm_service_type\": 4, \"cm_service_type_name\": \"Short message service\"}" id 115
2026/Jun/23 08:31:34.346435 PORTEVENT TC_34_2_2.ttcn3:96 Receive operation on port MSC succeeded, message from system(): charstring : "{\"type\": \"EVENT_CM_SERVICE_REQUEST\", \"bsc_slr\": 7, \"cm_service_type\": 4, \"cm_service_type_name\": \"Short message service\"}" id 115
2026/Jun/23 08:31:34.346468 PORTEVENT TC_34_2_2.ttcn3:96 Message with id 115 was extracted from the queue of MSC.
2026/Jun/23 08:31:34.346704 USER GSM_Functions.ttcn3:365 f_extractJsonInt: Searching for key '"bsc_slr"' in JSON: "{\"type\": \"EVENT_CM_SERVICE_REQUEST\", \"bsc_slr\": 7, \"cm_service_type\": 4, \"cm_service_type_name\": \"Short message service\"}"
2026/Jun/23 08:31:34.346769 USER GSM_Functions.ttcn3:372 f_extractJsonInt: Found key at position 37 (pattern: "\"bsc_slr\":")
2026/Jun/23 08:31:34.346805 USER GSM_Functions.ttcn3:422 f_extractJsonInt: Extracted number string '"7"' => integer 7
2026/Jun/23 08:31:34.346853 USER GSM_Functions.ttcn3:365 f_extractJsonInt: Searching for key '"service_type"' in JSON: "{\"type\": \"EVENT_CM_SERVICE_REQUEST\", \"bsc_slr\": 7, \"cm_service_type\": 4, \"cm_service_type_name\": \"Short message service\"}"
2026/Jun/23 08:31:34.346950 USER GSM_Functions.ttcn3:391 f_extractJsonInt: Key '"service_type"' NOT found, returning 0
2026/Jun/23 08:31:34.346970 USER TC_34_2_2.ttcn3:100 CM SERVICE REQUEST received: bsc_slr=7 service_type=0
2026/Jun/23 08:31:34.346990 TIMEROP TC_34_2_2.ttcn3:101 Stop timer T_wait: 60 s
2026/Jun/23 08:31:34.347024 PORTEVENT TC_34_2_2.ttcn3:104 Sent on MSC to system charstring : "{\"command\": \"CMD_SEND_CM_SERVICE_ACCEPT\", \"params\": {\"bsc_slr\": 7}}"
2026/Jun/23 08:31:34.347096 USER TC_34_2_2.ttcn3:104 MSC_Port: TX: {"command": "CMD_SEND_CM_SERVICE_ACCEPT", "params": {"bsc_slr": 7}}
2026/Jun/23 08:31:34.347121 TIMEROP TC_34_2_2.ttcn3:107 Start timer T_ack: 2 s
2026/Jun/23 08:31:34.347676 USER TC_34_2_2.ttcn3:108 MSC_Port: RX: {"status": "ok", "sent": true}
2026/Jun/23 08:31:34.347701 PORTEVENT TC_34_2_2.ttcn3:108 Message enqueued on MSC from system charstring : "{\"status\": \"ok\", \"sent\": true}" id 116
2026/Jun/23 08:31:34.347722 PORTEVENT TC_34_2_2.ttcn3:109 Receive operation on port MSC succeeded, message from system(): charstring : "{\"status\": \"ok\", \"sent\": true}" id 116
2026/Jun/23 08:31:34.347736 PORTEVENT TC_34_2_2.ttcn3:109 Message with id 116 was extracted from the queue of MSC.
2026/Jun/23 08:31:34.347746 TIMEROP TC_34_2_2.ttcn3:110 Stop timer T_ack: 2 s
2026/Jun/23 08:31:34.347760 TIMEROP TC_34_2_2.ttcn3:162 Start timer T_wait: 60 s
2026/Jun/23 08:31:35.286982 USER TC_34_2_2.ttcn3:163 MSC_Port: RX: {"type": "EVENT_DTAP", "bsc_slr": 7, "pd": 9, "msg_type": 1}
2026/Jun/23 08:31:35.287079 PORTEVENT TC_34_2_2.ttcn3:163 Message enqueued on MSC from system charstring : "{\"type\": \"EVENT_DTAP\", \"bsc_slr\": 7, \"pd\": 9, \"msg_type\": 1}" id 117
2026/Jun/23 08:31:35.287122 PORTEVENT TC_34_2_2.ttcn3:164 Receive operation on port MSC succeeded, message from system(): charstring : "{\"type\": \"EVENT_DTAP\", \"bsc_slr\": 7, \"pd\": 9, \"msg_type\": 1}" id 117
2026/Jun/23 08:31:35.287141 PORTEVENT TC_34_2_2.ttcn3:164 Message with id 117 was extracted from the queue of MSC.
2026/Jun/23 08:31:35.287357 USER TC_34_2_2.ttcn3:178 Event while waiting for CP-DATA: "{\"type\": \"EVENT_DTAP\", \"bsc_slr\": 7, \"pd\": 9, \"msg_type\": 1}"
2026/Jun/23 08:31:35.287406 USER TC_34_2_2.ttcn3:163 MSC_Port: RX: {"type": "EVENT_SMS_CP_DATA", "bsc_slr": 7, "ti_value": 0, "ti_flag": 0, "rp_mr": 42, "rp_msg_type": 0, "rp_error_cause": 0, "rp_hex": "002a00069121436587091a012a05812143f5000012c8329bfd0641c372fa0c344db7a7cd29"}
2026/Jun/23 08:31:35.287445 PORTEVENT TC_34_2_2.ttcn3:163 Message enqueued on MSC from system charstring : "{\"type\": \"EVENT_SMS_CP_DATA\", \"bsc_slr\": 7, \"ti_value\": 0, \"ti_flag\": 0, \"rp_mr\": 42, \"rp_msg_type\": 0, \"rp_error_cause\": 0, \"rp_hex\": \"002a00069121436587091a012a05812143f5000012c8329bfd0641c372fa0c344db7a7cd29\"}" id 118
2026/Jun/23 08:31:35.287483 PORTEVENT TC_34_2_2.ttcn3:164 Receive operation on port MSC succeeded, message from system(): charstring : "{\"type\": \"EVENT_SMS_CP_DATA\", \"bsc_slr\": 7, \"ti_value\": 0, \"ti_flag\": 0, \"rp_mr\": 42, \"rp_msg_type\": 0, \"rp_error_cause\": 0, \"rp_hex\": \"002a00069121436587091a012a05812143f5000012c8329bfd0641c372fa0c344db7a7cd29\"}" id 118
2026/Jun/23 08:31:35.287512 PORTEVENT TC_34_2_2.ttcn3:164 Message with id 118 was extracted from the queue of MSC.
2026/Jun/23 08:31:35.287657 USER GSM_Functions.ttcn3:365 f_extractJsonInt: Searching for key '"bsc_slr"' in JSON: "{\"type\": \"EVENT_SMS_CP_DATA\", \"bsc_slr\": 7, \"ti_value\": 0, \"ti_flag\": 0, \"rp_mr\": 42, \"rp_msg_type\": 0, \"rp_error_cause\": 0, \"rp_hex\": \"002a00069121436587091a012a05812143f5000012c8329bfd0641c372fa0c344db7a7cd29\"}"
2026/Jun/23 08:31:35.287719 USER GSM_Functions.ttcn3:372 f_extractJsonInt: Found key at position 30 (pattern: "\"bsc_slr\":")
2026/Jun/23 08:31:35.287753 USER GSM_Functions.ttcn3:422 f_extractJsonInt: Extracted number string '"7"' => integer 7
2026/Jun/23 08:31:35.287775 USER GSM_Functions.ttcn3:365 f_extractJsonInt: Searching for key '"ti_value"' in JSON: "{\"type\": \"EVENT_SMS_CP_DATA\", \"bsc_slr\": 7, \"ti_value\": 0, \"ti_flag\": 0, \"rp_mr\": 42, \"rp_msg_type\": 0, \"rp_error_cause\": 0, \"rp_hex\": \"002a00069121436587091a012a05812143f5000012c8329bfd0641c372fa0c344db7a7cd29\"}"
2026/Jun/23 08:31:35.287846 USER GSM_Functions.ttcn3:372 f_extractJsonInt: Found key at position 44 (pattern: "\"ti_value\":")
2026/Jun/23 08:31:35.287877 USER GSM_Functions.ttcn3:422 f_extractJsonInt: Extracted number string '"0"' => integer 0
2026/Jun/23 08:31:35.287898 USER GSM_Functions.ttcn3:365 f_extractJsonInt: Searching for key '"ti_flag"' in JSON: "{\"type\": \"EVENT_SMS_CP_DATA\", \"bsc_slr\": 7, \"ti_value\": 0, \"ti_flag\": 0, \"rp_mr\": 42, \"rp_msg_type\": 0, \"rp_error_cause\": 0, \"rp_hex\": \"002a00069121436587091a012a05812143f5000012c8329bfd0641c372fa0c344db7a7cd29\"}"
2026/Jun/23 08:31:35.287950 USER GSM_Functions.ttcn3:372 f_extractJsonInt: Found key at position 59 (pattern: "\"ti_flag\":")
2026/Jun/23 08:31:35.287973 USER GSM_Functions.ttcn3:422 f_extractJsonInt: Extracted number string '"0"' => integer 0
2026/Jun/23 08:31:35.287993 USER GSM_Functions.ttcn3:365 f_extractJsonInt: Searching for key '"rp_mr"' in JSON: "{\"type\": \"EVENT_SMS_CP_DATA\", \"bsc_slr\": 7, \"ti_value\": 0, \"ti_flag\": 0, \"rp_mr\": 42, \"rp_msg_type\": 0, \"rp_error_cause\": 0, \"rp_hex\": \"002a00069121436587091a012a05812143f5000012c8329bfd0641c372fa0c344db7a7cd29\"}"
2026/Jun/23 08:31:35.288048 USER GSM_Functions.ttcn3:372 f_extractJsonInt: Found key at position 73 (pattern: "\"rp_mr\":")
2026/Jun/23 08:31:35.288070 USER GSM_Functions.ttcn3:422 f_extractJsonInt: Extracted number string '"42"' => integer 42
2026/Jun/23 08:31:35.288090 USER TC_34_2_2.ttcn3:170 CP-DATA received: TI=0 TI_flag=0 RP-MR=42
2026/Jun/23 08:31:35.288111 TIMEROP TC_34_2_2.ttcn3:172 Stop timer T_wait: 60 s
2026/Jun/23 08:31:35.288133 USER TC_34_2_2.ttcn3:1050 *** MO-SMS CP-DATA received: TI=0 ***
2026/Jun/23 08:31:35.288177 USER TC_34_2_2.ttcn3:1060 *** Sending MT-SMS with TI=1 while MO-SMS pending ***
2026/Jun/23 08:31:35.288221 PORTEVENT TC_34_2_2.ttcn3:278 Sent on MSC to system charstring : "{\"command\": \"CMD_SEND_SMS_CP_DATA_SMS_DELIVER\", \"params\": {\"bsc_slr\": 7, \"ti_value\": 1, \"ti_flag\": 0, \"rp_mr\": 42, \"originating_address\": \"5555555555\", \"service_center\": \"1111111111\", \"message\": \"MT Test Msg\"}}"
2026/Jun/23 08:31:35.288293 USER TC_34_2_2.ttcn3:278 MSC_Port: TX: {"command": "CMD_SEND_SMS_CP_DATA_SMS_DELIVER", "params": {"bsc_slr": 7, "ti_value": 1, "ti_flag": 0, "rp_mr": 42, "originating_address": "5555555555", "service_center": "1111111111", "message": "MT Test Msg"}}
2026/Jun/23 08:31:35.288314 USER TC_34_2_2.ttcn3:279 Sent CP-DATA(SMS-DELIVER): TI=1 msg='"MT Test Msg"'
2026/Jun/23 08:31:35.288338 TIMEROP TC_34_2_2.ttcn3:281 Start timer T_ack: 1 s
2026/Jun/23 08:31:35.288878 USER TC_34_2_2.ttcn3:282 MSC_Port: RX: {"status": "ok", "sent": true}
2026/Jun/23 08:31:35.288908 PORTEVENT TC_34_2_2.ttcn3:282 Message enqueued on MSC from system charstring : "{\"status\": \"ok\", \"sent\": true}" id 119
2026/Jun/23 08:31:35.288930 PORTEVENT TC_34_2_2.ttcn3:283 Receive operation on port MSC succeeded, message from system(): charstring : "{\"status\": \"ok\", \"sent\": true}" id 119
2026/Jun/23 08:31:35.288955 PORTEVENT TC_34_2_2.ttcn3:283 Message with id 119 was extracted from the queue of MSC.
2026/Jun/23 08:31:35.288965 TIMEROP TC_34_2_2.ttcn3:283 Stop timer T_ack: 1 s
2026/Jun/23 08:31:35.288978 TIMEROP TC_34_2_2.ttcn3:1070 Start timer T_mt: 75 s
2026/Jun/23 08:31:36.085689 USER TC_34_2_2.ttcn3:1071 VTY_PT: Received data (buffered): 51 bytes
2026/Jun/23 08:31:36.228891 USER TC_34_2_2.ttcn3:1071 MSC_Port: RX: {"type": "EVENT_DTAP", "bsc_slr": 7, "pd": 9, "msg_type": 4}
2026/Jun/23 08:31:36.228987 PORTEVENT TC_34_2_2.ttcn3:1071 Message enqueued on MSC from system charstring : "{\"type\": \"EVENT_DTAP\", \"bsc_slr\": 7, \"pd\": 9, \"msg_type\": 4}" id 120
2026/Jun/23 08:31:36.229032 PORTEVENT TC_34_2_2.ttcn3:1072 Receive operation on port MSC succeeded, message from system(): charstring : "{\"type\": \"EVENT_DTAP\", \"bsc_slr\": 7, \"pd\": 9, \"msg_type\": 4}" id 120
2026/Jun/23 08:31:36.229051 PORTEVENT TC_34_2_2.ttcn3:1072 Message with id 120 was extracted from the queue of MSC.
2026/Jun/23 08:31:36.229302 USER TC_34_2_2.ttcn3:1096 Event during MT-SMS wait: "{\"type\": \"EVENT_DTAP\", \"bsc_slr\": 7, \"pd\": 9, \"msg_type\": 4}"
2026/Jun/23 08:31:36.229351 USER TC_34_2_2.ttcn3:1071 MSC_Port: RX: {"type": "EVENT_SMS_CP_ACK", "bsc_slr": 7, "ti_value": 1, "ti_flag": 1}
2026/Jun/23 08:31:36.229377 PORTEVENT TC_34_2_2.ttcn3:1071 Message enqueued on MSC from system charstring : "{\"type\": \"EVENT_SMS_CP_ACK\", \"bsc_slr\": 7, \"ti_value\": 1, \"ti_flag\": 1}" id 121
2026/Jun/23 08:31:36.229400 PORTEVENT TC_34_2_2.ttcn3:1072 Receive operation on port MSC succeeded, message from system(): charstring : "{\"type\": \"EVENT_SMS_CP_ACK\", \"bsc_slr\": 7, \"ti_value\": 1, \"ti_flag\": 1}" id 121
2026/Jun/23 08:31:36.229414 PORTEVENT TC_34_2_2.ttcn3:1072 Message with id 121 was extracted from the queue of MSC.
2026/Jun/23 08:31:36.229541 USER TC_34_2_2.ttcn3:1074 CP-ACK received (could be for MO or MT)
2026/Jun/23 08:31:36.289626 USER TC_34_2_2.ttcn3:1071 MSC_Port: RX: {"type": "HEARTBEAT"}
2026/Jun/23 08:31:36.289686 PORTEVENT TC_34_2_2.ttcn3:1071 Message enqueued on MSC from system charstring : "{\"type\": \"HEARTBEAT\"}" id 122
2026/Jun/23 08:31:36.289717 PORTEVENT TC_34_2_2.ttcn3:1072 Receive operation on port MSC succeeded, message from system(): charstring : "{\"type\": \"HEARTBEAT\"}" id 122
2026/Jun/23 08:31:36.289733 PORTEVENT TC_34_2_2.ttcn3:1072 Message with id 122 was extracted from the queue of MSC.
2026/Jun/23 08:31:36.413015 USER TC_34_2_2.ttcn3:1071 MSC_Port: RX: {"type": "EVENT_DTAP", "bsc_slr": 7, "pd": 9, "msg_type": 1}
2026/Jun/23 08:31:36.413102 PORTEVENT TC_34_2_2.ttcn3:1071 Message enqueued on MSC from system charstring : "{\"type\": \"EVENT_DTAP\", \"bsc_slr\": 7, \"pd\": 9, \"msg_type\": 1}" id 123
2026/Jun/23 08:31:36.413139 PORTEVENT TC_34_2_2.ttcn3:1072 Receive operation on port MSC succeeded, message from system(): charstring : "{\"type\": \"EVENT_DTAP\", \"bsc_slr\": 7, \"pd\": 9, \"msg_type\": 1}" id 123
2026/Jun/23 08:31:36.413155 PORTEVENT TC_34_2_2.ttcn3:1072 Message with id 123 was extracted from the queue of MSC.
2026/Jun/23 08:31:36.413366 USER TC_34_2_2.ttcn3:1096 Event during MT-SMS wait: "{\"type\": \"EVENT_DTAP\", \"bsc_slr\": 7, \"pd\": 9, \"msg_type\": 1}"
2026/Jun/23 08:31:36.413407 USER TC_34_2_2.ttcn3:1071 MSC_Port: RX: {"type": "EVENT_SMS_CP_DATA", "bsc_slr": 7, "ti_value": 1, "ti_flag": 1, "rp_mr": 42, "rp_msg_type": 2, "rp_error_cause": 0, "rp_hex": "022a"}
2026/Jun/23 08:31:36.413435 PORTEVENT TC_34_2_2.ttcn3:1071 Message enqueued on MSC from system charstring : "{\"type\": \"EVENT_SMS_CP_DATA\", \"bsc_slr\": 7, \"ti_value\": 1, \"ti_flag\": 1, \"rp_mr\": 42, \"rp_msg_type\": 2, \"rp_error_cause\": 0, \"rp_hex\": \"022a\"}" id 124
2026/Jun/23 08:31:36.413462 PORTEVENT TC_34_2_2.ttcn3:1072 Receive operation on port MSC succeeded, message from system(): charstring : "{\"type\": \"EVENT_SMS_CP_DATA\", \"bsc_slr\": 7, \"ti_value\": 1, \"ti_flag\": 1, \"rp_mr\": 42, \"rp_msg_type\": 2, \"rp_error_cause\": 0, \"rp_hex\": \"022a\"}" id 124
2026/Jun/23 08:31:36.413485 PORTEVENT TC_34_2_2.ttcn3:1072 Message with id 124 was extracted from the queue of MSC.
2026/Jun/23 08:31:36.413678 USER TC_34_2_2.ttcn3:1082 CP-DATA received (RP-ACK from MS for MT-SMS)
2026/Jun/23 08:31:36.413699 USER GSM_Functions.ttcn3:365 f_extractJsonInt: Searching for key '"ti_value"' in JSON: "{\"type\": \"EVENT_SMS_CP_DATA\", \"bsc_slr\": 7, \"ti_value\": 1, \"ti_flag\": 1, \"rp_mr\": 42, \"rp_msg_type\": 2, \"rp_error_cause\": 0, \"rp_hex\": \"022a\"}"
2026/Jun/23 08:31:36.413751 USER GSM_Functions.ttcn3:372 f_extractJsonInt: Found key at position 44 (pattern: "\"ti_value\":")
2026/Jun/23 08:31:36.413782 USER GSM_Functions.ttcn3:422 f_extractJsonInt: Extracted number string '"1"' => integer 1
2026/Jun/23 08:31:36.413800 USER GSM_Functions.ttcn3:365 f_extractJsonInt: Searching for key '"ti_flag"' in JSON: "{\"type\": \"EVENT_SMS_CP_DATA\", \"bsc_slr\": 7, \"ti_value\": 1, \"ti_flag\": 1, \"rp_mr\": 42, \"rp_msg_type\": 2, \"rp_error_cause\": 0, \"rp_hex\": \"022a\"}"
2026/Jun/23 08:31:36.413861 USER GSM_Functions.ttcn3:372 f_extractJsonInt: Found key at position 59 (pattern: "\"ti_flag\":")
2026/Jun/23 08:31:36.413887 USER GSM_Functions.ttcn3:422 f_extractJsonInt: Extracted number string '"1"' => integer 1
2026/Jun/23 08:31:36.413920 PORTEVENT TC_34_2_2.ttcn3:226 Sent on MSC to system charstring : "{\"command\": \"CMD_SEND_SMS_CP_ACK\", \"params\": {\"bsc_slr\": 7, \"ti_value\": 1, \"ti_flag\": 0}}"
2026/Jun/23 08:31:36.413987 USER TC_34_2_2.ttcn3:226 MSC_Port: TX: {"command": "CMD_SEND_SMS_CP_ACK", "params": {"bsc_slr": 7, "ti_value": 1, "ti_flag": 0}}
2026/Jun/23 08:31:36.414005 USER TC_34_2_2.ttcn3:227 Sent CP-ACK: TI=1 TI_flag=0
2026/Jun/23 08:31:36.414024 TIMEROP TC_34_2_2.ttcn3:230 Start timer T_ack: 1 s
2026/Jun/23 08:31:36.414638 USER TC_34_2_2.ttcn3:231 MSC_Port: RX: {"status": "ok", "sent": true}
2026/Jun/23 08:31:36.414685 PORTEVENT TC_34_2_2.ttcn3:231 Message enqueued on MSC from system charstring : "{\"status\": \"ok\", \"sent\": true}" id 125
2026/Jun/23 08:31:36.414705 PORTEVENT TC_34_2_2.ttcn3:232 Receive operation on port MSC succeeded, message from system(): charstring : "{\"status\": \"ok\", \"sent\": true}" id 125
2026/Jun/23 08:31:36.414714 PORTEVENT TC_34_2_2.ttcn3:232 Message with id 125 was extracted from the queue of MSC.
2026/Jun/23 08:31:36.414720 TIMEROP TC_34_2_2.ttcn3:232 Stop timer T_ack: 1 s
2026/Jun/23 08:31:36.414731 TIMEROP TC_34_2_2.ttcn3:1089 Stop timer T_mt: 75 s
2026/Jun/23 08:31:36.414738 USER TC_34_2_2.ttcn3:1106 *** Completing MO-SMS ***
2026/Jun/23 08:31:36.414756 PORTEVENT TC_34_2_2.ttcn3:226 Sent on MSC to system charstring : "{\"command\": \"CMD_SEND_SMS_CP_ACK\", \"params\": {\"bsc_slr\": 7, \"ti_value\": 0, \"ti_flag\": 1}}"
2026/Jun/23 08:31:36.414793 USER TC_34_2_2.ttcn3:226 MSC_Port: TX: {"command": "CMD_SEND_SMS_CP_ACK", "params": {"bsc_slr": 7, "ti_value": 0, "ti_flag": 1}}
2026/Jun/23 08:31:36.414804 USER TC_34_2_2.ttcn3:227 Sent CP-ACK: TI=0 TI_flag=1
2026/Jun/23 08:31:36.414818 TIMEROP TC_34_2_2.ttcn3:230 Start timer T_ack: 1 s
2026/Jun/23 08:31:36.415166 USER TC_34_2_2.ttcn3:231 MSC_Port: RX: {"status": "ok", "sent": true}
2026/Jun/23 08:31:36.415179 PORTEVENT TC_34_2_2.ttcn3:231 Message enqueued on MSC from system charstring : "{\"status\": \"ok\", \"sent\": true}" id 126
2026/Jun/23 08:31:36.415190 PORTEVENT TC_34_2_2.ttcn3:232 Receive operation on port MSC succeeded, message from system(): charstring : "{\"status\": \"ok\", \"sent\": true}" id 126
2026/Jun/23 08:31:36.415197 PORTEVENT TC_34_2_2.ttcn3:232 Message with id 126 was extracted from the queue of MSC.
2026/Jun/23 08:31:36.415202 TIMEROP TC_34_2_2.ttcn3:232 Stop timer T_ack: 1 s
2026/Jun/23 08:31:36.415217 PORTEVENT TC_34_2_2.ttcn3:243 Sent on MSC to system charstring : "{\"command\": \"CMD_SEND_SMS_CP_DATA_RP_ACK\", \"params\": {\"bsc_slr\": 7, \"ti_value\": 0, \"ti_flag\": 1, \"rp_mr\": 42}}"
2026/Jun/23 08:31:36.415244 USER TC_34_2_2.ttcn3:243 MSC_Port: TX: {"command": "CMD_SEND_SMS_CP_DATA_RP_ACK", "params": {"bsc_slr": 7, "ti_value": 0, "ti_flag": 1, "rp_mr": 42}}
2026/Jun/23 08:31:36.415263 USER TC_34_2_2.ttcn3:244 Sent CP-DATA(RP-ACK): TI=0 RP-MR=42
2026/Jun/23 08:31:36.415274 TIMEROP TC_34_2_2.ttcn3:247 Start timer T_ack: 1 s
2026/Jun/23 08:31:36.415576 USER TC_34_2_2.ttcn3:248 MSC_Port: RX: {"status": "ok", "sent": true}
2026/Jun/23 08:31:36.415588 PORTEVENT TC_34_2_2.ttcn3:248 Message enqueued on MSC from system charstring : "{\"status\": \"ok\", \"sent\": true}" id 127
2026/Jun/23 08:31:36.415598 PORTEVENT TC_34_2_2.ttcn3:249 Receive operation on port MSC succeeded, message from system(): charstring : "{\"status\": \"ok\", \"sent\": true}" id 127
2026/Jun/23 08:31:36.415604 PORTEVENT TC_34_2_2.ttcn3:249 Message with id 127 was extracted from the queue of MSC.
2026/Jun/23 08:31:36.415609 TIMEROP TC_34_2_2.ttcn3:249 Stop timer T_ack: 1 s
2026/Jun/23 08:31:36.415615 TIMEROP TC_34_2_2.ttcn3:196 Start timer T_wait: 25 s
2026/Jun/23 08:31:37.260681 USER TC_34_2_2.ttcn3:197 VTY_PT: Received data (buffered): 39 bytes
2026/Jun/23 08:31:37.354922 USER TC_34_2_2.ttcn3:197 MSC_Port: RX: {"type": "EVENT_DTAP", "bsc_slr": 7, "pd": 9, "msg_type": 4}
2026/Jun/23 08:31:37.355020 PORTEVENT TC_34_2_2.ttcn3:197 Message enqueued on MSC from system charstring : "{\"type\": \"EVENT_DTAP\", \"bsc_slr\": 7, \"pd\": 9, \"msg_type\": 4}" id 128
2026/Jun/23 08:31:37.355063 PORTEVENT TC_34_2_2.ttcn3:198 Receive operation on port MSC succeeded, message from system(): charstring : "{\"type\": \"EVENT_DTAP\", \"bsc_slr\": 7, \"pd\": 9, \"msg_type\": 4}" id 128
2026/Jun/23 08:31:37.355081 PORTEVENT TC_34_2_2.ttcn3:198 Message with id 128 was extracted from the queue of MSC.
2026/Jun/23 08:31:37.355295 USER TC_34_2_2.ttcn3:208 Event while waiting for CP-ACK: "{\"type\": \"EVENT_DTAP\", \"bsc_slr\": 7, \"pd\": 9, \"msg_type\": 4}"
2026/Jun/23 08:31:37.355344 USER TC_34_2_2.ttcn3:197 MSC_Port: RX: {"type": "EVENT_SMS_CP_ACK", "bsc_slr": 7, "ti_value": 0, "ti_flag": 0}
2026/Jun/23 08:31:37.355371 PORTEVENT TC_34_2_2.ttcn3:197 Message enqueued on MSC from system charstring : "{\"type\": \"EVENT_SMS_CP_ACK\", \"bsc_slr\": 7, \"ti_value\": 0, \"ti_flag\": 0}" id 129
2026/Jun/23 08:31:37.355394 PORTEVENT TC_34_2_2.ttcn3:198 Receive operation on port MSC succeeded, message from system(): charstring : "{\"type\": \"EVENT_SMS_CP_ACK\", \"bsc_slr\": 7, \"ti_value\": 0, \"ti_flag\": 0}" id 129
2026/Jun/23 08:31:37.355408 PORTEVENT TC_34_2_2.ttcn3:198 Message with id 129 was extracted from the queue of MSC.
2026/Jun/23 08:31:37.355538 USER TC_34_2_2.ttcn3:200 CP-ACK received
2026/Jun/23 08:31:37.355558 TIMEROP TC_34_2_2.ttcn3:202 Stop timer T_wait: 25 s
2026/Jun/23 08:31:37.355609 USER TC_34_2_2.ttcn3:1114 *** Part 3 PASS: MS handled simultaneous MO+MT SMS ***
2026/Jun/23 08:31:37.355623 USER TC_34_2_2.ttcn3:1115   MT CP-ACK received: true
2026/Jun/23 08:31:37.355649 USER TC_34_2_2.ttcn3:1116   MT CP-DATA(RP-ACK) received: true
2026/Jun/23 08:31:37.355664 USER TC_34_2_2.ttcn3:1117   MO complete (CP-ACK): true
2026/Jun/23 08:31:37.355693 PORTEVENT TC_34_2_2.ttcn3:308 Sent on MSC to system charstring : "{\"command\": \"CMD_SEND_CLEAR_CMD\", \"params\": {\"bsc_slr\": 7, \"cause\": 0}}"
2026/Jun/23 08:31:37.355766 USER TC_34_2_2.ttcn3:308 MSC_Port: TX: {"command": "CMD_SEND_CLEAR_CMD", "params": {"bsc_slr": 7, "cause": 0}}
2026/Jun/23 08:31:37.355787 USER TC_34_2_2.ttcn3:309 Sent CLEAR COMMAND for bsc_slr=7
2026/Jun/23 08:31:37.355808 TIMEROP TC_34_2_2.ttcn3:74 Start timer T_drain: 5 s
2026/Jun/23 08:31:37.356416 USER TC_34_2_2.ttcn3:75 MSC_Port: RX: {"status": "ok"}
2026/Jun/23 08:31:37.356441 PORTEVENT TC_34_2_2.ttcn3:75 Message enqueued on MSC from system charstring : "{\"status\": \"ok\"}" id 130
2026/Jun/23 08:31:37.356461 PORTEVENT TC_34_2_2.ttcn3:76 Receive operation on port MSC succeeded, message from system(): charstring : "{\"status\": \"ok\"}" id 130
2026/Jun/23 08:31:37.356475 PORTEVENT TC_34_2_2.ttcn3:76 Message with id 130 was extracted from the queue of MSC.
2026/Jun/23 08:31:37.356485 USER TC_34_2_2.ttcn3:77 Draining event: "{\"status\": \"ok\"}"
2026/Jun/23 08:31:37.396906 USER TC_34_2_2.ttcn3:75 MSC_Port: RX: {"type": "EVENT_BSSMAP_CLEAR_COMPLETE", "bsc_slr": 7}
2026/Jun/23 08:31:37.396964 PORTEVENT TC_34_2_2.ttcn3:75 Message enqueued on MSC from system charstring : "{\"type\": \"EVENT_BSSMAP_CLEAR_COMPLETE\", \"bsc_slr\": 7}" id 131
2026/Jun/23 08:31:37.396988 PORTEVENT TC_34_2_2.ttcn3:76 Receive operation on port MSC succeeded, message from system(): charstring : "{\"type\": \"EVENT_BSSMAP_CLEAR_COMPLETE\", \"bsc_slr\": 7}" id 131
2026/Jun/23 08:31:37.397003 PORTEVENT TC_34_2_2.ttcn3:76 Message with id 131 was extracted from the queue of MSC.
2026/Jun/23 08:31:37.397013 USER TC_34_2_2.ttcn3:77 Draining event: "{\"type\": \"EVENT_BSSMAP_CLEAR_COMPLETE\", \"bsc_slr\": 7}"
2026/Jun/23 08:31:39.993098 USER TC_34_2_2.ttcn3:75 VTY_PT: Received data (buffered): 61 bytes
2026/Jun/23 08:31:41.360071 USER TC_34_2_2.ttcn3:75 MSC_Port: RX: {"type": "HEARTBEAT"}
2026/Jun/23 08:31:41.360149 PORTEVENT TC_34_2_2.ttcn3:75 Message enqueued on MSC from system charstring : "{\"type\": \"HEARTBEAT\"}" id 132
2026/Jun/23 08:31:41.360187 PORTEVENT TC_34_2_2.ttcn3:76 Receive operation on port MSC succeeded, message from system(): charstring : "{\"type\": \"HEARTBEAT\"}" id 132
2026/Jun/23 08:31:41.360200 PORTEVENT TC_34_2_2.ttcn3:76 Message with id 132 was extracted from the queue of MSC.
2026/Jun/23 08:31:41.360207 USER TC_34_2_2.ttcn3:77 Draining event: "{\"type\": \"HEARTBEAT\"}"
2026/Jun/23 08:31:42.356267 TIMEROP TC_34_2_2.ttcn3:80 Timeout T_drain: 5 s
2026/Jun/23 08:31:42.356363 USER TC_34_2_2.ttcn3:81 Drain period complete
2026/Jun/23 08:31:42.356404 TIMEROP TC_34_2_2.ttcn3:74 Start timer T_drain: 10 s
2026/Jun/23 08:31:46.364085 USER TC_34_2_2.ttcn3:75 MSC_Port: RX: {"type": "HEARTBEAT"}
2026/Jun/23 08:31:46.364201 PORTEVENT TC_34_2_2.ttcn3:75 Message enqueued on MSC from system charstring : "{\"type\": \"HEARTBEAT\"}" id 133
2026/Jun/23 08:31:46.364241 PORTEVENT TC_34_2_2.ttcn3:76 Receive operation on port MSC succeeded, message from system(): charstring : "{\"type\": \"HEARTBEAT\"}" id 133
2026/Jun/23 08:31:46.364262 PORTEVENT TC_34_2_2.ttcn3:76 Message with id 133 was extracted from the queue of MSC.
2026/Jun/23 08:31:46.364282 USER TC_34_2_2.ttcn3:77 Draining event: "{\"type\": \"HEARTBEAT\"}"
2026/Jun/23 08:31:51.369206 USER TC_34_2_2.ttcn3:75 MSC_Port: RX: {"type": "HEARTBEAT"}
2026/Jun/23 08:31:51.369309 PORTEVENT TC_34_2_2.ttcn3:75 Message enqueued on MSC from system charstring : "{\"type\": \"HEARTBEAT\"}" id 134
2026/Jun/23 08:31:51.369350 PORTEVENT TC_34_2_2.ttcn3:76 Receive operation on port MSC succeeded, message from system(): charstring : "{\"type\": \"HEARTBEAT\"}" id 134
2026/Jun/23 08:31:51.369371 PORTEVENT TC_34_2_2.ttcn3:76 Message with id 134 was extracted from the queue of MSC.
2026/Jun/23 08:31:51.369384 USER TC_34_2_2.ttcn3:77 Draining event: "{\"type\": \"HEARTBEAT\"}"
2026/Jun/23 08:31:52.357446 TIMEROP TC_34_2_2.ttcn3:80 Timeout T_drain: 10 s
2026/Jun/23 08:31:52.357542 USER TC_34_2_2.ttcn3:81 Drain period complete
2026/Jun/23 08:31:52.357581 USER TC_34_2_2.ttcn3:1354 ##########################################################
2026/Jun/23 08:31:52.357599 USER TC_34_2_2.ttcn3:1355 ### PART 4: CM Service Reject ###
2026/Jun/23 08:31:52.357613 USER TC_34_2_2.ttcn3:1356 ##########################################################
2026/Jun/23 08:31:52.357627 USER TC_34_2_2.ttcn3:1142 ==========================================================
2026/Jun/23 08:31:52.357641 USER TC_34_2_2.ttcn3:1143 *** Part 4: CM Service Reject ***
2026/Jun/23 08:31:52.357654 USER TC_34_2_2.ttcn3:1144 ==========================================================
2026/Jun/23 08:31:52.357670 USER TC_34_2_2.ttcn3:1149 --- Part 4 MO-SMS attempt #1 of 3 ---
2026/Jun/23 08:31:52.357699 USER TC_34_2_2.ttcn3:398 Triggering MO-SMS via VTY: number="12345" text='"Hello Part4 Reject"'
2026/Jun/23 08:31:52.357728 USER GSM_Component_Definitions.ttcn3:455 VTY: Sending command: "enable"
2026/Jun/23 08:31:52.357756 PORTEVENT GSM_Component_Definitions.ttcn3:456 Sent on VTY to system charstring : "enable"
2026/Jun/23 08:31:52.357785 USER GSM_Component_Definitions.ttcn3:456 VTY_PT: Sending command: "enable"
2026/Jun/23 08:31:52.558032 USER GSM_Component_Definitions.ttcn3:456 VTY_PT: Received response: 
% (MS 1)
% SMS from +5555555555: 'MT Test Msg'

% (MS 1)
% SMS to 12345 successful

% (MS 1)
% On Network, normal service: International, 70
enable
% Unknown command.
OsmocomBB(mobile)# 
OsmocomBB(mobile)# 
2026/Jun/23 08:31:52.558165 PORTEVENT GSM_Component_Definitions.ttcn3:456 Message enqueued on VTY from system charstring : "\r\n% (MS 1)\r\n% SMS from +5555555555: 'MT Test Msg'\r\n\r\n% (MS 1)\r\n% SMS to 12345 successful\r\n\r\n% (MS 1)\r\n% On Network, normal service: International, 70\r\nenable\r\n% Unknown command.\r\nOsmocomBB(mobile)# \r\nOsmocomBB(mobile)# " id 17
2026/Jun/23 08:31:52.558199 TIMEROP GSM_Component_Definitions.ttcn3:459 Start timer T_vty: 5 s
2026/Jun/23 08:31:52.558249 PORTEVENT GSM_Component_Definitions.ttcn3:462 Receive operation on port VTY succeeded, message from system(): charstring : "\r\n% (MS 1)\r\n% SMS from +5555555555: 'MT Test Msg'\r\n\r\n% (MS 1)\r\n% SMS to 12345 successful\r\n\r\n% (MS 1)\r\n% On Network, normal service: International, 70\r\nenable\r\n% Unknown command.\r\nOsmocomBB(mobile)# \r\nOsmocomBB(mobile)# " id 17
2026/Jun/23 08:31:52.558270 PORTEVENT GSM_Component_Definitions.ttcn3:462 Message with id 17 was extracted from the queue of VTY.
2026/Jun/23 08:31:52.558283 TIMEROP GSM_Component_Definitions.ttcn3:463 Stop timer T_vty: 5 s
2026/Jun/23 08:31:52.558295 USER GSM_Component_Definitions.ttcn3:464 VTY: Received response: "\r\n% (MS 1)\r\n% SMS from +5555555555: 'MT Test Msg'\r\n\r\n% (MS 1)\r\n% SMS to 12345 successful\r\n\r\n% (MS 1)\r\n% On Network, normal service: International, 70\r\nenable\r\n% Unknown command.\r\nOsmocomBB(mobile)# \r\nOsmocomBB(mobile)# "
2026/Jun/23 08:31:52.558337 USER GSM_Component_Definitions.ttcn3:455 VTY: Sending command: "sms 1 12345 Hello Part4 Reject"
2026/Jun/23 08:31:52.558366 PORTEVENT GSM_Component_Definitions.ttcn3:456 Sent on VTY to system charstring : "sms 1 12345 Hello Part4 Reject"
2026/Jun/23 08:31:52.558385 USER GSM_Component_Definitions.ttcn3:456 VTY_PT: Sending command: "sms 1 12345 Hello Part4 Reject"
2026/Jun/23 08:31:52.758616 USER GSM_Component_Definitions.ttcn3:456 VTY_PT: Received response: sms 1 12345 Hello Part4 Reject
OsmocomBB(mobile)# 
OsmocomBB(mobile)# 
2026/Jun/23 08:31:52.758702 PORTEVENT GSM_Component_Definitions.ttcn3:456 Message enqueued on VTY from system charstring : "sms 1 12345 Hello Part4 Reject\r\nOsmocomBB(mobile)# \r\nOsmocomBB(mobile)# " id 18
2026/Jun/23 08:31:52.758720 TIMEROP GSM_Component_Definitions.ttcn3:459 Start timer T_vty: 5 s
2026/Jun/23 08:31:52.758742 PORTEVENT GSM_Component_Definitions.ttcn3:462 Receive operation on port VTY succeeded, message from system(): charstring : "sms 1 12345 Hello Part4 Reject\r\nOsmocomBB(mobile)# \r\nOsmocomBB(mobile)# " id 18
2026/Jun/23 08:31:52.758751 PORTEVENT GSM_Component_Definitions.ttcn3:462 Message with id 18 was extracted from the queue of VTY.
2026/Jun/23 08:31:52.758757 TIMEROP GSM_Component_Definitions.ttcn3:463 Stop timer T_vty: 5 s
2026/Jun/23 08:31:52.758762 USER GSM_Component_Definitions.ttcn3:464 VTY: Received response: "sms 1 12345 Hello Part4 Reject\r\nOsmocomBB(mobile)# \r\nOsmocomBB(mobile)# "
2026/Jun/23 08:31:52.758777 USER TC_34_2_2.ttcn3:402 VTY sms response: "sms 1 12345 Hello Part4 Reject\r\nOsmocomBB(mobile)# \r\nOsmocomBB(mobile)# "
2026/Jun/23 08:31:52.758788 TIMEROP TC_34_2_2.ttcn3:1156 Start timer T_wait: 60 s
2026/Jun/23 08:31:53.175449 USER TC_34_2_2.ttcn3:1157 MSC_Port: RX: {"type": "EVENT_CM_SERVICE_REQUEST", "bsc_slr": 8, "cm_service_type": 4, "cm_service_type_name": "Short message service"}
2026/Jun/23 08:31:53.175551 PORTEVENT TC_34_2_2.ttcn3:1157 Message enqueued on MSC from system charstring : "{\"type\": \"EVENT_CM_SERVICE_REQUEST\", \"bsc_slr\": 8, \"cm_service_type\": 4, \"cm_service_type_name\": \"Short message service\"}" id 135
2026/Jun/23 08:31:53.175598 PORTEVENT TC_34_2_2.ttcn3:1158 Receive operation on port MSC succeeded, message from system(): charstring : "{\"type\": \"EVENT_CM_SERVICE_REQUEST\", \"bsc_slr\": 8, \"cm_service_type\": 4, \"cm_service_type_name\": \"Short message service\"}" id 135
2026/Jun/23 08:31:53.175631 PORTEVENT TC_34_2_2.ttcn3:1158 Message with id 135 was extracted from the queue of MSC.
2026/Jun/23 08:31:53.175870 USER GSM_Functions.ttcn3:365 f_extractJsonInt: Searching for key '"bsc_slr"' in JSON: "{\"type\": \"EVENT_CM_SERVICE_REQUEST\", \"bsc_slr\": 8, \"cm_service_type\": 4, \"cm_service_type_name\": \"Short message service\"}"
2026/Jun/23 08:31:53.175938 USER GSM_Functions.ttcn3:372 f_extractJsonInt: Found key at position 37 (pattern: "\"bsc_slr\":")
2026/Jun/23 08:31:53.175975 USER GSM_Functions.ttcn3:422 f_extractJsonInt: Extracted number string '"8"' => integer 8
2026/Jun/23 08:31:53.175994 USER TC_34_2_2.ttcn3:1161 CM SERVICE REQUEST received: bsc_slr=8
2026/Jun/23 08:31:53.176009 TIMEROP TC_34_2_2.ttcn3:1162 Stop timer T_wait: 60 s
2026/Jun/23 08:31:53.176045 PORTEVENT TC_34_2_2.ttcn3:293 Sent on MSC to system charstring : "{\"command\": \"CMD_SEND_CM_SERVICE_REJECT\", \"params\": {\"bsc_slr\": 8, \"cause\": 32}}"
2026/Jun/23 08:31:53.176116 USER TC_34_2_2.ttcn3:293 MSC_Port: TX: {"command": "CMD_SEND_CM_SERVICE_REJECT", "params": {"bsc_slr": 8, "cause": 32}}
2026/Jun/23 08:31:53.176138 USER TC_34_2_2.ttcn3:294 Sent CM SERVICE REJECT: cause=32
2026/Jun/23 08:31:53.176155 TIMEROP TC_34_2_2.ttcn3:296 Start timer T_ack: 1 s
2026/Jun/23 08:31:53.176718 USER TC_34_2_2.ttcn3:297 MSC_Port: RX: {"status": "ok"}
2026/Jun/23 08:31:53.176742 PORTEVENT TC_34_2_2.ttcn3:297 Message enqueued on MSC from system charstring : "{\"status\": \"ok\"}" id 136
2026/Jun/23 08:31:53.176761 PORTEVENT TC_34_2_2.ttcn3:298 Receive operation on port MSC succeeded, message from system(): charstring : "{\"status\": \"ok\"}" id 136
2026/Jun/23 08:31:53.176775 PORTEVENT TC_34_2_2.ttcn3:298 Message with id 136 was extracted from the queue of MSC.
2026/Jun/23 08:31:53.176784 TIMEROP TC_34_2_2.ttcn3:298 Stop timer T_ack: 1 s
2026/Jun/23 08:31:53.176796 USER TC_34_2_2.ttcn3:1195 *** Waiting 5 seconds to verify SAPI-3 is NOT established ***
2026/Jun/23 08:31:53.176810 TIMEROP TC_34_2_2.ttcn3:1198 Start timer T_verify: 5 s
2026/Jun/23 08:31:53.500963 USER TC_34_2_2.ttcn3:1199 VTY_PT: Received data (buffered): 54 bytes
2026/Jun/23 08:31:57.180079 USER TC_34_2_2.ttcn3:1199 MSC_Port: RX: {"type": "HEARTBEAT"}
2026/Jun/23 08:31:57.180170 PORTEVENT TC_34_2_2.ttcn3:1199 Message enqueued on MSC from system charstring : "{\"type\": \"HEARTBEAT\"}" id 137
2026/Jun/23 08:31:57.180208 PORTEVENT TC_34_2_2.ttcn3:1200 Receive operation on port MSC succeeded, message from system(): charstring : "{\"type\": \"HEARTBEAT\"}" id 137
2026/Jun/23 08:31:57.180225 PORTEVENT TC_34_2_2.ttcn3:1200 Message with id 137 was extracted from the queue of MSC.
2026/Jun/23 08:31:58.176858 TIMEROP TC_34_2_2.ttcn3:1212 Timeout T_verify: 5 s
2026/Jun/23 08:31:58.176943 USER TC_34_2_2.ttcn3:1213 Good: No SAPI-3 activity after CM Service Reject
2026/Jun/23 08:31:58.176979 USER TC_34_2_2.ttcn3:1218 *** Part 4 PASS: MS correctly handled CM Service Reject ***
2026/Jun/23 08:31:58.177017 PORTEVENT TC_34_2_2.ttcn3:308 Sent on MSC to system charstring : "{\"command\": \"CMD_SEND_CLEAR_CMD\", \"params\": {\"bsc_slr\": 8, \"cause\": 0}}"
2026/Jun/23 08:31:58.177109 USER TC_34_2_2.ttcn3:308 MSC_Port: TX: {"command": "CMD_SEND_CLEAR_CMD", "params": {"bsc_slr": 8, "cause": 0}}
2026/Jun/23 08:31:58.177132 USER TC_34_2_2.ttcn3:309 Sent CLEAR COMMAND for bsc_slr=8
2026/Jun/23 08:31:58.177159 TIMEROP TC_34_2_2.ttcn3:74 Start timer T_drain: 5 s
2026/Jun/23 08:31:58.177895 USER TC_34_2_2.ttcn3:75 MSC_Port: RX: {"status": "ok"}
2026/Jun/23 08:31:58.177930 PORTEVENT TC_34_2_2.ttcn3:75 Message enqueued on MSC from system charstring : "{\"status\": \"ok\"}" id 138
2026/Jun/23 08:31:58.177959 PORTEVENT TC_34_2_2.ttcn3:76 Receive operation on port MSC succeeded, message from system(): charstring : "{\"status\": \"ok\"}" id 138
2026/Jun/23 08:31:58.177978 PORTEVENT TC_34_2_2.ttcn3:76 Message with id 138 was extracted from the queue of MSC.
2026/Jun/23 08:31:58.178004 USER TC_34_2_2.ttcn3:77 Draining event: "{\"status\": \"ok\"}"
2026/Jun/23 08:31:58.179144 USER TC_34_2_2.ttcn3:75 MSC_Port: RX: {"type": "EVENT_BSSMAP_CLEAR_COMPLETE", "bsc_slr": 8}
2026/Jun/23 08:31:58.179178 PORTEVENT TC_34_2_2.ttcn3:75 Message enqueued on MSC from system charstring : "{\"type\": \"EVENT_BSSMAP_CLEAR_COMPLETE\", \"bsc_slr\": 8}" id 139
2026/Jun/23 08:31:58.179200 PORTEVENT TC_34_2_2.ttcn3:76 Receive operation on port MSC succeeded, message from system(): charstring : "{\"type\": \"EVENT_BSSMAP_CLEAR_COMPLETE\", \"bsc_slr\": 8}" id 139
2026/Jun/23 08:31:58.179213 PORTEVENT TC_34_2_2.ttcn3:76 Message with id 139 was extracted from the queue of MSC.
2026/Jun/23 08:31:58.179222 USER TC_34_2_2.ttcn3:77 Draining event: "{\"type\": \"EVENT_BSSMAP_CLEAR_COMPLETE\", \"bsc_slr\": 8}"
2026/Jun/23 08:32:00.705542 USER TC_34_2_2.ttcn3:75 VTY_PT: Received data (buffered): 61 bytes
2026/Jun/23 08:32:02.182108 USER TC_34_2_2.ttcn3:75 MSC_Port: RX: {"type": "HEARTBEAT"}
2026/Jun/23 08:32:02.182197 PORTEVENT TC_34_2_2.ttcn3:75 Message enqueued on MSC from system charstring : "{\"type\": \"HEARTBEAT\"}" id 140
2026/Jun/23 08:32:02.182235 PORTEVENT TC_34_2_2.ttcn3:76 Receive operation on port MSC succeeded, message from system(): charstring : "{\"type\": \"HEARTBEAT\"}" id 140
2026/Jun/23 08:32:02.182254 PORTEVENT TC_34_2_2.ttcn3:76 Message with id 140 was extracted from the queue of MSC.
2026/Jun/23 08:32:02.182265 USER TC_34_2_2.ttcn3:77 Draining event: "{\"type\": \"HEARTBEAT\"}"
2026/Jun/23 08:32:03.177188 TIMEROP TC_34_2_2.ttcn3:80 Timeout T_drain: 5 s
2026/Jun/23 08:32:03.177248 USER TC_34_2_2.ttcn3:81 Drain period complete
2026/Jun/23 08:32:03.177277 TIMEROP TC_34_2_2.ttcn3:74 Start timer T_drain: 10 s
2026/Jun/23 08:32:07.187071 USER TC_34_2_2.ttcn3:75 MSC_Port: RX: {"type": "HEARTBEAT"}
2026/Jun/23 08:32:07.187151 PORTEVENT TC_34_2_2.ttcn3:75 Message enqueued on MSC from system charstring : "{\"type\": \"HEARTBEAT\"}" id 141
2026/Jun/23 08:32:07.187181 PORTEVENT TC_34_2_2.ttcn3:76 Receive operation on port MSC succeeded, message from system(): charstring : "{\"type\": \"HEARTBEAT\"}" id 141
2026/Jun/23 08:32:07.187195 PORTEVENT TC_34_2_2.ttcn3:76 Message with id 141 was extracted from the queue of MSC.
2026/Jun/23 08:32:07.187202 USER TC_34_2_2.ttcn3:77 Draining event: "{\"type\": \"HEARTBEAT\"}"
2026/Jun/23 08:32:12.192108 USER TC_34_2_2.ttcn3:75 MSC_Port: RX: {"type": "HEARTBEAT"}
2026/Jun/23 08:32:12.192209 PORTEVENT TC_34_2_2.ttcn3:75 Message enqueued on MSC from system charstring : "{\"type\": \"HEARTBEAT\"}" id 142
2026/Jun/23 08:32:12.192249 PORTEVENT TC_34_2_2.ttcn3:76 Receive operation on port MSC succeeded, message from system(): charstring : "{\"type\": \"HEARTBEAT\"}" id 142
2026/Jun/23 08:32:12.192270 PORTEVENT TC_34_2_2.ttcn3:76 Message with id 142 was extracted from the queue of MSC.
2026/Jun/23 08:32:12.192282 USER TC_34_2_2.ttcn3:77 Draining event: "{\"type\": \"HEARTBEAT\"}"
2026/Jun/23 08:32:13.177302 TIMEROP TC_34_2_2.ttcn3:80 Timeout T_drain: 10 s
2026/Jun/23 08:32:13.177400 USER TC_34_2_2.ttcn3:81 Drain period complete
2026/Jun/23 08:32:13.177443 USER TC_34_2_2.ttcn3:1365 ==========================================================
2026/Jun/23 08:32:13.177459 USER TC_34_2_2.ttcn3:1366 *** TC_34_2_2: FINAL RESULTS ***
2026/Jun/23 08:32:13.177471 USER TC_34_2_2.ttcn3:1367 ==========================================================
2026/Jun/23 08:32:13.177484 USER TC_34_2_2.ttcn3:1368 Part 1a (Normal MO-SMS):      true
2026/Jun/23 08:32:13.177504 USER TC_34_2_2.ttcn3:1369 Part 1b (Retransmission):     true
2026/Jun/23 08:32:13.177518 USER TC_34_2_2.ttcn3:1370 Part 1c (CP-ERROR):           true
2026/Jun/23 08:32:13.177533 USER TC_34_2_2.ttcn3:1371 Part 2  (SMS during call):    true
2026/Jun/23 08:32:13.177546 USER TC_34_2_2.ttcn3:1372 Part 3  (Simultaneous MO+MT): true
2026/Jun/23 08:32:13.177559 USER TC_34_2_2.ttcn3:1373 Part 4  (CM Service Reject):  true
2026/Jun/23 08:32:13.177574 USER TC_34_2_2.ttcn3:1374 ----------------------------------------------------------
2026/Jun/23 08:32:13.177602 USER TC_34_2_2.ttcn3:1375 Passed: 6 / 6 sub-tests
2026/Jun/23 08:32:13.177621 USER TC_34_2_2.ttcn3:1376 ==========================================================
2026/Jun/23 08:32:13.177702 VERDICTOP TC_34_2_2.ttcn3:1380 setverdict(pass): none -> pass
2026/Jun/23 08:32:13.177849 USER TC_34_2_2.ttcn3:1381 *** TC_34_2_2: OVERALL PASS ***
2026/Jun/23 08:32:13.177878 PARALLEL GSM_Component_Definitions.ttcn3:346 Unmapping port mtc:L from system:L.
2026/Jun/23 08:32:13.177980 USER GSM_Component_Definitions.ttcn3:346 L3_Port: Unmapping from L
2026/Jun/23 08:32:13.178032 PORTEVENT GSM_Component_Definitions.ttcn3:346 Port L was unmapped from system:L.
2026/Jun/23 08:32:13.178100 PARALLEL GSM_Component_Definitions.ttcn3:346 Unmap operation of mtc:L from system:L finished.
2026/Jun/23 08:32:13.178119 PARALLEL GSM_Component_Definitions.ttcn3:347 Unmapping port mtc:RR from system:RR.
2026/Jun/23 08:32:13.178175 PORTEVENT GSM_Component_Definitions.ttcn3:347 Port RR was unmapped from system:RR.
2026/Jun/23 08:32:13.178223 PARALLEL GSM_Component_Definitions.ttcn3:347 Unmap operation of mtc:RR from system:RR finished.
2026/Jun/23 08:32:13.178237 PARALLEL GSM_Component_Definitions.ttcn3:348 Unmapping port mtc:MM from system:MM.
2026/Jun/23 08:32:13.178282 PORTEVENT GSM_Component_Definitions.ttcn3:348 Port MM was unmapped from system:MM.
2026/Jun/23 08:32:13.178325 PARALLEL GSM_Component_Definitions.ttcn3:348 Unmap operation of mtc:MM from system:MM finished.
2026/Jun/23 08:32:13.178337 PARALLEL GSM_Component_Definitions.ttcn3:349 Unmapping port mtc:CC from system:CC.
2026/Jun/23 08:32:13.178383 PORTEVENT GSM_Component_Definitions.ttcn3:349 Port CC was unmapped from system:CC.
2026/Jun/23 08:32:13.178427 PARALLEL GSM_Component_Definitions.ttcn3:349 Unmap operation of mtc:CC from system:CC finished.
2026/Jun/23 08:32:13.178440 PARALLEL GSM_Component_Definitions.ttcn3:350 Unmapping port mtc:MSC from system:MSC.
2026/Jun/23 08:32:13.178482 USER GSM_Component_Definitions.ttcn3:350 MSC_Port: Unmapping from MSC
2026/Jun/23 08:32:13.178591 PORTEVENT GSM_Component_Definitions.ttcn3:350 Port MSC was unmapped from system:MSC.
2026/Jun/23 08:32:13.178648 PARALLEL GSM_Component_Definitions.ttcn3:350 Unmap operation of mtc:MSC from system:MSC finished.
2026/Jun/23 08:32:13.178663 PARALLEL GSM_Component_Definitions.ttcn3:351 Unmapping port mtc:VTY from system:VTY.
2026/Jun/23 08:32:13.178707 USER GSM_Component_Definitions.ttcn3:351 VTY_PT: Unmapping port from VTY interface
2026/Jun/23 08:32:13.178803 USER GSM_Component_Definitions.ttcn3:351 VTY_PT: Disconnected from VTY
2026/Jun/23 08:32:13.178832 PORTEVENT GSM_Component_Definitions.ttcn3:351 Port VTY was unmapped from system:VTY.
2026/Jun/23 08:32:13.178920 PARALLEL GSM_Component_Definitions.ttcn3:351 Unmap operation of mtc:VTY from system:VTY finished.
2026/Jun/23 08:32:13.178934 TIMEROP TC_34_2_2.ttcn3:1392 Stop timer T_guard: 1200 s
2026/Jun/23 08:32:13.178967 PARALLEL TC_34_2_2.ttcn3:1392 Terminating component type GSM_Component_Definitions.GSM_CT.
2026/Jun/23 08:32:13.179005 USER TC_34_2_2.ttcn3:1392 L3_Port: user_stop called
2026/Jun/23 08:32:13.179021 PORTEVENT TC_34_2_2.ttcn3:1392 Port L was stopped.
2026/Jun/23 08:32:13.179048 PORTEVENT TC_34_2_2.ttcn3:1392 Port RR was stopped.
2026/Jun/23 08:32:13.179069 PORTEVENT TC_34_2_2.ttcn3:1392 Port MM was stopped.
2026/Jun/23 08:32:13.179086 PORTEVENT TC_34_2_2.ttcn3:1392 Port CC was stopped.
2026/Jun/23 08:32:13.179095 USER TC_34_2_2.ttcn3:1392 MSC_Port: user_stop called
2026/Jun/23 08:32:13.179108 PORTEVENT TC_34_2_2.ttcn3:1392 Port MSC was stopped.
2026/Jun/23 08:32:13.179126 USER TC_34_2_2.ttcn3:1392 BSC_Port: user_stop called
2026/Jun/23 08:32:13.179137 PORTEVENT TC_34_2_2.ttcn3:1392 Port BSC was stopped.
2026/Jun/23 08:32:13.179145 PORTEVENT TC_34_2_2.ttcn3:1392 Port RSL was stopped.
2026/Jun/23 08:32:13.179153 USER TC_34_2_2.ttcn3:1392 VTY_PT: Stopping
2026/Jun/23 08:32:13.179164 PORTEVENT TC_34_2_2.ttcn3:1392 Port VTY was stopped.
2026/Jun/23 08:32:13.179172 PORTEVENT TC_34_2_2.ttcn3:1392 Port COORD was stopped.
2026/Jun/23 08:32:13.179193 PARALLEL TC_34_2_2.ttcn3:1392 Component type GSM_Component_Definitions.GSM_CT was shut down inside testcase TC_34_2_2.
2026/Jun/23 08:32:13.179208 EXECUTOR TC_34_2_2.ttcn3:1392 Waiting for PTCs to finish.
2026/Jun/23 08:32:13.179287 VERDICTOP TC_34_2_2.ttcn3:1392 Setting final verdict of the test case.
2026/Jun/23 08:32:13.179365 VERDICTOP TC_34_2_2.ttcn3:1392 Local verdict of MTC: pass
2026/Jun/23 08:32:13.179410 VERDICTOP TC_34_2_2.ttcn3:1392 No PTCs were created.
2026/Jun/23 08:32:13.179432 TESTCASE TC_34_2_2.ttcn3:1392 Test case TC_34_2_2 finished. Verdict: pass
2026/Jun/23 08:32:13.179619 STATISTICS - Verdict statistics: 0 none (0.00 %), 1 pass (100.00 %), 0 inconc (0.00 %), 0 fail (0.00 %), 0 error (0.00 %).
2026/Jun/23 08:32:13.179700 STATISTICS - Test execution summary: 1 test case was executed. Overall verdict: pass
2026/Jun/23 08:32:13.179707 EXECUTOR - Exit was requested from MC. Terminating MTC.
======================================================
TEST RESULT: PASS
