[1;34mDL1P[0;m <0007> l1sap.c:622 052706/39/04/23/18 Rx MPH_INFO time ind
[1;34mDL1P[0;m <0007> l1sap.c:622 052707/39/05/24/19 Rx MPH_INFO time ind
[1;34mDL1P[0;m <0007> l1sap.c:622 052708/39/06/25/20 Rx MPH_INFO time ind
[1;34mDL1P[0;m <0007> l1sap.c:622 052709/39/07/26/21 Rx MPH_INFO time ind
[1;34mDL1P[0;m <0007> l1sap.c:622 052710/39/08/27/22 Rx MPH_INFO time ind
[1;34mDL1P[0;m <0007> l1sap.c:622 052711/39/09/28/23 Rx MPH_INFO time ind
[1;34mDL1P[0;m <0007> l1sap.c:622 052712/39/10/29/24 Rx MPH_INFO time ind
[1;34mDL1P[0;m <0007> l1sap.c:622 052713/39/11/30/25 Rx MPH_INFO time ind
[1;34mDL1P[0;m <0007> l1sap.c:622 052714/39/12/31/26 Rx MPH_INFO time ind
[1;34mDL1P[0;m <0007> l1sap.c:622 052715/39/13/32/27 Rx MPH_INFO time ind
[1;34mDL1P[0;m <0007> l1sap.c:622 052716/39/14/33/28 Rx MPH_INFO time ind
[1;34mDL1P[0;m <0007> l1sap.c:622 052717/39/15/34/29 Rx MPH_INFO time ind
[1;34mDL1P[0;m <0007> l1sap.c:622 052718/39/16/35/30 Rx MPH_INFO time ind
[1;34mDL1P[0;m <0007> l1sap.c:622 052719/39/17/36/31 Rx MPH_INFO time ind
[1;34mDL1P[0;m <0007> l1sap.c:622 052720/39/18/37/32 Rx MPH_INFO time ind
[1;34mDL1P[0;m <0007> l1sap.c:622 052721/39/19/38/33 Rx MPH_INFO time ind
[1;34mDL1P[0;m <0007> l1sap.c:622 052722/39/20/39/34 Rx MPH_INFO time ind
[1;34mDL1P[0;m <0007> l1sap.c:622 052723/39/21/40/35 Rx MPH_INFO time ind
[1;34mDL1P[0;m <0007> l1sap.c:622 052724/39/22/41/36 Rx MPH_INFO time ind
[1;34mDL1P[0;m <0007> l1sap.c:622 052725/39/23/42/37 Rx MPH_INFO time ind
[1;34mDL1P[0;m <0007> l1sap.c:622 052726/39/24/43/38 Rx MPH_INFO time ind
[1;34mDL1P[0;m <0007> l1sap.c:622 052727/39/25/44/39 Rx MPH_INFO time ind
[1;34mDL1P[0;m <0007> l1sap.c:622 052728/39/00/45/40 Rx MPH_INFO time ind
[1;34mDL1P[0;m <0007> l1sap.c:622 052729/39/01/46/41 Rx MPH_INFO time ind
[1;34mDL1P[0;m <0007> l1sap.c:622 052730/39/02/47/42 Rx MPH_INFO time ind
[1;34mDL1P[0;m <0007> l1sap.c:622 052731/39/03/48/43 Rx MPH_INFO time ind
[1;34mDL1P[0;m <0007> scheduler.c:911 052736/39/08/02/00 (bts=0,trx=0,ts=0) BCCH: PH-RTS.ind: chan_nr=0x80 link_id=0x00
[1;34mDL1P[0;m <0007> l1sap.c:1082 052736/39/08/02/00 Rx PH-RTS.ind chan_nr=BCCH on TS0 link_id=0x00d
[1;34mDL1P[0;m <0007> l1sap.c:1225 052736/39/08/02/00 Tx PH-DATA.req chan_nr=BCCH on TS0 link_id=0x00
[1;34mDL1P[0;m <0007> scheduler.c:842 052736/39/08/02/00 (bts=0,trx=0,ts=0) : PH-DATA.req: chan_nr=0x80 link_id=0x00
[1;34mDL1P[0;m <0007> l1sap.c:622 052732/39/04/49/44 Rx MPH_INFO time ind
[1;34mDL1P[0;m <0007> l1sap.c:622 052733/39/05/50/45 Rx MPH_INFO time ind
[1;34mDL1P[0;m <0007> l1sap.c:622 052734/39/06/00/46 Rx MPH_INFO time ind
[1;34mDL1P[0;m <0007> l1sap.c:622 052735/39/07/01/47 Rx MPH_INFO time ind
[1;34mDL1P[0;m <0007> scheduler.c:911 052740/39/12/06/04 (bts=0,trx=0,ts=0) CCCH: PH-RTS.ind: chan_nr=0x90 link_id=0x00
[1;34mDL1P[0;m <0007> l1sap.c:1082 052740/39/12/06/04 Rx PH-RTS.ind chan_nr=PCH/AGCH on TS0 link_id=0x00d
[1;34mDL1P[0;m <0007> l1sap.c:1225 052740/39/12/06/04 Tx PH-DATA.req chan_nr=PCH/AGCH on TS0 link_id=0x00
[1;34mDL1P[0;m <0007> scheduler.c:842 052740/39/12/06/04 (bts=0,trx=0,ts=0) : PH-DATA.req: chan_nr=0x90 link_id=0x00
[1;34mDL1P[0;m <0007> l1sap.c:622 052736/39/08/02/00 Rx MPH_INFO time ind
[1;34mDL1P[0;m <0007> scheduler_virtbts.c:106 052736/39/08/02/00 (bts=0,trx=0,ts=0) BCCH: Sending GSMTAP message to virtual Um
[1;34mDL1P[0;m <0007> l1sap.c:622 052737/39/09/03/01 Rx MPH_INFO time ind
[1;34mDL1P[0;m <0007> l1sap.c:622 052738/39/10/04/02 Rx MPH_INFO time ind
[1;34mDL1P[0;m <0007> l1sap.c:622 052739/39/11/05/03 Rx MPH_INFO time ind
[1;34mDL1P[0;m <0007> l1sap.c:622 052740/39/12/06/04 Rx MPH_INFO time ind
[1;34mDL1P[0;m <0007> scheduler_virtbts.c:106 052740/39/12/06/04 (bts=0,trx=0,ts=0) CCCH: Sending GSMTAP message to virtual Um
[1;34mDL1P[0;m <0007> l1sap.c:622 052741/39/13/07/05 Rx MPH_INFO time ind
[1;34mDL1P[0;m <0007> scheduler.c:911 052746/39/18/12/10 (bts=0,trx=0,ts=0) CCCH: PH-RTS.ind: chan_nr=0x90 link_id=0x00
[1;34mDL1P[0;m <0007> l1sap.c:1082 052746/39/18/12/10 Rx PH-RTS.ind chan_nr=PCH/AGCH on TS0 link_id=0x00d
[1;34mDL1P[0;m <0007> l1sap.c:1225 052746/39/18/12/10 Tx PH-DATA.req chan_nr=PCH/AGCH on TS0 link_id=0x00
[1;34mDL1P[0;m <0007> scheduler.c:842 052746/39/18/12/10 (bts=0,trx=0,ts=0) : PH-DATA.req: chan_nr=0x90 link_id=0x00
[1;34mDL1P[0;m <0007> l1sap.c:622 052742/39/14/08/06 Rx MPH_INFO time ind
[1;34mDL1P[0;m <0007> l1sap.c:622 052743/39/15/09/07 Rx MPH_INFO time ind
[1;34mDL1P[0;m <0007> l1sap.c:622 052744/39/16/10/08 Rx MPH_INFO time ind
[1;34mDL1P[0;m <0007> l1sap.c:622 052745/39/17/11/09 Rx MPH_INFO time ind
[1;34mDL1P[0;m <0007> scheduler.c:911 052750/39/22/16/14 (bts=0,trx=0,ts=0) CCCH: PH-RTS.ind: chan_nr=0x90 link_id=0x00
[1;34mDL1P[0;m <0007> l1sap.c:1082 052750/39/22/16/14 Rx PH-RTS.ind chan_nr=PCH/AGCH on TS0 link_id=0x00d
[1;34mDL1P[0;m <0007> l1sap.c:1225 052750/39/22/16/14 Tx PH-DATA.req chan_nr=PCH/AGCH on TS0 link_id=0x00
[1;34mDL1P[0;m <0007> scheduler.c:842 052750/39/22/16/14 (bts=0,trx=0,ts=0) : PH-DATA.req: chan_nr=0x90 link_id=0x00
[1;34mDL1P[0;m <0007> l1sap.c:622 052746/39/18/12/10 Rx MPH_INFO time ind
[1;34mDL1P[0;m <0007> scheduler_virtbts.c:106 052746/39/18/12/10 (bts=0,trx=0,ts=0) CCCH: Sending GSMTAP message to virtual Um
[1;34mDL1P[0;m <0007> l1sap.c:622 052747/39/19/13/11 Rx MPH_INFO time ind
[1;34mDL1P[0;m <0007> l1sap.c:622 052748/39/20/14/12 Rx MPH_INFO time ind
[1;34mDL1P[0;m <0007> l1sap.c:622 052749/39/21/15/13 Rx MPH_INFO time ind
[1;34mDL1P[0;m <0007> l1sap.c:622 052750/39/22/16/14 Rx MPH_INFO time ind
[1;34mDL1P[0;m <0007> scheduler_virtbts.c:106 052750/39/22/16/14 (bts=0,trx=0,ts=0) CCCH: Sending GSMTAP message to virtual Um
[1;34mDL1P[0;m <0007> l1sap.c:622 052751/39/23/17/15 Rx MPH_INFO time ind
[1;34mDL1P[0;m <0007> l1sap.c:622 052752/39/24/18/16 Rx MPH_INFO time ind
[1;34mDL1P[0;m <0007> l1sap.c:622 052753/39/25/19/17 Rx MPH_INFO time ind
[1;34mDL1P[0;m <0007> l1sap.c:622 052754/39/00/20/18 Rx MPH_INFO time ind
[1;34mDL1P[0;m <0007> l1sap.c:622 052755/39/01/21/19 Rx MPH_INFO time ind
[1;34mDL1P[0;m <0007> l1sap.c:622 052756/39/02/22/20 Rx MPH_INFO time ind
[1;34mDL1P[0;m <0007> l1sap.c:622 052757/39/03/23/21 Rx MPH_INFO time ind
[1;34mDL1P[0;m <0007> l1sap.c:622 052758/39/04/24/22 Rx MPH_INFO time ind
[1;34mDL1P[0;m <0007> l1sap.c:622 052759/39/05/25/23 Rx MPH_INFO time ind
[1;34mDL1P[0;m <0007> l1sap.c:622 052760/39/06/26/24 Rx MPH_INFO time ind
[1;34mDL1P[0;m <0007> l1sap.c:622 052761/39/07/27/25 Rx MPH_INFO time ind
[1;34mDL1P[0;m <0007> l1sap.c:622 052762/39/08/28/26 Rx MPH_INFO time ind
[1;34mDL1P[0;m <0007> l1sap.c:622 052763/39/09/29/27 Rx MPH_INFO time ind
[1;34mDL1P[0;m <0007> l1sap.c:622 052764/39/10/30/28 Rx MPH_INFO time ind
[1;34mDL1P[0;m <0007> l1sap.c:622 052765/39/11/31/29 Rx MPH_INFO time ind
[1;34mDL1P[0;m <0007> l1sap.c:622 052766/39/12/32/30 Rx MPH_INFO time ind
[1;34mDL1P[0;m <0007> l1sap.c:622 052767/39/13/33/31 Rx MPH_INFO time ind
[1;34mDL1P[0;m <0007> l1sap.c:622 052768/39/14/34/32 Rx MPH_INFO time ind
[1;34mDL1P[0;m <0007> l1sap.c:622 052769/39/15/35/33 Rx MPH_INFO time ind
[1;34mDL1P[0;m <0007> l1sap.c:622 052770/39/16/36/34 Rx MPH_INFO time ind
[1;34mDL1P[0;m <0007> l1sap.c:622 052771/39/17/37/35 Rx MPH_INFO time ind
[1;34mDL1P[0;m <0007> l1sap.c:622 052772/39/18/38/36 Rx MPH_INFO time ind
[1;34mDL1P[0;m <0007> l1sap.c:622 052773/39/19/39/37 Rx MPH_INFO time ind
[1;34mDL1P[0;m <0007> l1sap.c:622 052774/39/20/40/38 Rx MPH_INFO time ind
[1;34mDL1P[0;m <0007> l1sap.c:622 052775/39/21/41/39 Rx MPH_INFO time ind
[1;34mDL1P[0;m <0007> l1sap.c:622 052776/39/22/42/40 Rx MPH_INFO time ind
[1;34mDL1P[0;m <0007> l1sap.c:622 052777/39/23/43/41 Rx MPH_INFO time ind
[1;34mDL1P[0;m <0007> l1sap.c:622 052778/39/24/44/42 Rx MPH_INFO time ind
[1;34mDL1P[0;m <0007> l1sap.c:622 052779/39/25/45/43 Rx MPH_INFO time ind
[1;34mDL1P[0;m <0007> l1sap.c:622 052780/39/00/46/44 Rx MPH_INFO time ind
[1;34mDL1P[0;m <0007> l1sap.c:622 052781/39/01/47/45 Rx MPH_INFO time ind
[1;34mDL1P[0;m <0007> l1sap.c:622 052782/39/02/48/46 Rx MPH_INFO time ind
[1;34mDL1P[0;m <0007> scheduler.c:911 052787/39/07/02/51 (bts=0,trx=0,ts=0) BCCH: PH-RTS.ind: chan_nr=0x80 link_id=0x00
[1;34mDL1P[0;m <0007> l1sap.c:1082 052787/39/07/02/51 Rx PH-RTS.ind chan_nr=BCCH on TS0 link_id=0x00d
[1;34mDL1P[0;m <0007> l1sap.c:1225 052787/39/07/02/51 Tx PH-DATA.req chan_nr=BCCH on TS0 link_id=0x00
[1;34mDL1P[0;m <0007> scheduler.c:842 052787/39/07/02/51 (bts=0,trx=0,ts=0) : PH-DATA.req: chan_nr=0x80 link_id=0x00
[1;34mDL1P[0;m <0007> l1sap.c:622 052783/39/03/49/47 Rx MPH_INFO time ind
[1;34mDL1P[0;m <0007> l1sap.c:622 052784/39/04/50/48 Rx MPH_INFO time ind
[1;34mDL1P[0;m <0007> l1sap.c:622 052785/39/05/00/49 Rx MPH_INFO time ind
[1;34mDL1P[0;m <0007> l1sap.c:622 052786/39/06/01/50 Rx MPH_INFO time ind
[1;34mDL1P[0;m <0007> scheduler.c:911 052791/39/11/06/03 (bts=0,trx=0,ts=0) CCCH: PH-RTS.ind: chan_nr=0x90 link_id=0x00
[1;34mDL1P[0;m <0007> l1sap.c:1082 052791/39/11/06/03 Rx PH-RTS.ind chan_nr=PCH/AGCH on TS0 link_id=0x00d
[1;34mDL1P[0;m <0007> l1sap.c:1225 052791/39/11/06/03 Tx PH-DATA.req chan_nr=PCH/AGCH on TS0 link_id=0x00
[1;34mDL1P[0;m <0007> scheduler.c:842 052791/39/11/06/03 (bts=0,trx=0,ts=0) : PH-DATA.req: chan_nr=0x90 link_id=0x00
[1;34mDL1P[0;m <0007> l1sap.c:622 052787/39/07/02/51 Rx MPH_INFO time ind
[1;34mDL1P[0;m <0007> scheduler_virtbts.c:106 052787/39/07/02/51 (bts=0,trx=0,ts=0) BCCH: Sending GSMTAP message to virtual Um
[1;34mDL1P[0;m <0007> l1sap.c:622 052788/39/08/03/00 Rx MPH_INFO time ind
[1;34mDL1P[0;m <0007> l1sap.c:622 052789/39/09/04/01 Rx MPH_INFO time ind
[1;34mDL1P[0;m <0007> l1sap.c:622 052790/39/10/05/02 Rx MPH_INFO time ind
[1;34mDL1P[0;m <0007> l1sap.c:622 052791/39/11/06/03 Rx MPH_INFO time ind
[1;34mDL1P[0;m <0007> scheduler_virtbts.c:106 052791/39/11/06/03 (bts=0,trx=0,ts=0) CCCH: Sending GSMTAP message to virtual Um
[1;34mDL1P[0;m <0007> l1sap.c:622 052792/39/12/07/04 Rx MPH_INFO time ind
[1;34mDL1P[0;m <0007> scheduler.c:911 052797/39/17/12/09 (bts=0,trx=0,ts=0) CCCH: PH-RTS.ind: chan_nr=0x90 link_id=0x00
[1;34mDL1P[0;m <0007> l1sap.c:1082 052797/39/17/12/09 Rx PH-RTS.ind chan_nr=PCH/AGCH on TS0 link_id=0x00d
[1;34mDL1P[0;m <0007> l1sap.c:1225 052797/39/17/12/09 Tx PH-DATA.req chan_nr=PCH/AGCH on TS0 link_id=0x00
[1;34mDL1P[0;m <0007> scheduler.c:842 052797/39/17/12/09 (bts=0,trx=0,ts=0) : PH-DATA.req: chan_nr=0x90 link_id=0x00
[1;34mDL1P[0;m <0007> l1sap.c:622 052793/39/13/08/05 Rx MPH_INFO time ind
[1;34mDL1P[0;m <0007> l1sap.c:622 052794/39/14/09/06 Rx MPH_INFO time ind
[1;34mDL1P[0;m <0007> l1sap.c:622 052795/39/15/10/07 Rx MPH_INFO time ind
[1;34mDL1P[0;m <0007> l1sap.c:622 052796/39/16/11/08 Rx MPH_INFO time ind
[1;34mDL1P[0;m <0007> scheduler.c:911 052801/39/21/16/13 (bts=0,trx=0,ts=0) CCCH: PH-RTS.ind: chan_nr=0x90 link_id=0x00
[1;34mDL1P[0;m <0007> l1sap.c:1082 052801/39/21/16/13 Rx PH-RTS.ind chan_nr=PCH/AGCH on TS0 link_id=0x00d
[1;34mDL1P[0;m <0007> l1sap.c:1225 052801/39/21/16/13 Tx PH-DATA.req chan_nr=PCH/AGCH on TS0 link_id=0x00
[1;34mDL1P[0;m <0007> scheduler.c:842 052801/39/21/16/13 (bts=0,trx=0,ts=0) : PH-DATA.req: chan_nr=0x90 link_id=0x00
[1;34mDL1P[0;m <0007> l1sap.c:622 052797/39/17/12/09 Rx MPH_INFO time ind
[1;34mDL1P[0;m <0007> scheduler_virtbts.c:106 052797/39/17/12/09 (bts=0,trx=0,ts=0) CCCH: Sending GSMTAP message to virtual Um
[1;34mDL1P[0;m <0007> l1sap.c:622 052798/39/18/13/10 Rx MPH_INFO time ind
[1;34mDL1P[0;m <0007> l1sap.c:622 052799/39/19/14/11 Rx MPH_INFO time ind
[1;34mDL1P[0;m <0007> l1sap.c:622 052800/39/20/15/12 Rx MPH_INFO time ind
[1;34mDL1P[0;m <0007> l1sap.c:622 052801/39/21/16/13 Rx MPH_INFO time ind
[1;34mDL1P[0;m <0007> scheduler_virtbts.c:106 052801/39/21/16/13 (bts=0,trx=0,ts=0) CCCH: Sending GSMTAP message to virtual Um
[1;34mDL1P[0;m <0007> l1sap.c:622 052802/39/22/17/14 Rx MPH_INFO time ind
[1;34mDL1P[0;m <0007> l1sap.c:622 052803/39/23/18/15 Rx MPH_INFO time ind
[1;34mDL1P[0;m <0007> l1sap.c:622 052804/39/24/19/16 Rx MPH_INFO time ind
[1;34mDL1P[0;m <0007> l1sap.c:622 052805/39/25/20/17 Rx MPH_INFO time ind
[1;34mDL1P[0;m <0007> l1sap.c:622 052806/39/00/21/18 Rx MPH_INFO time ind
[1;34mDL1P[0;m <0007> l1sap.c:622 052807/39/01/22/19 Rx MPH_INFO time ind
[1;34mDL1P[0;m <0007> l1sap.c:622 052808/39/02/23/20 Rx MPH_INFO time ind
[1;34mDL1P[0;m <0007> l1sap.c:622 052809/39/03/24/21 Rx MPH_INFO time ind
[1;34mDL1P[0;m <0007> l1sap.c:622 052810/39/04/25/22 Rx MPH_INFO time ind
[1;34mDL1P[0;m <0007> l1sap.c:622 052811/39/05/26/23 Rx MPH_INFO time ind
[1;34mDL1P[0;m <0007> l1sap.c:622 052812/39/06/27/24 Rx MPH_INFO time ind
[1;34mDL1P[0;m <0007> l1sap.c:622 052813/39/07/28/25 Rx MPH_INFO time ind
[1;34mDL1P[0;m <0007> l1sap.c:622 052814/39/08/29/26 Rx MPH_INFO time ind
[1;34mDL1P[0;m <0007> l1sap.c:622 052815/39/09/30/27 Rx MPH_INFO time ind
[1;34mDL1P[0;m <0007> l1sap.c:622 052816/39/10/31/28 Rx MPH_INFO time ind
[1;34mDL1P[0;m <0007> l1sap.c:622 052817/39/11/32/29 Rx MPH_INFO time ind
[1;34mDL1P[0;m <0007> l1sap.c:622 052818/39/12/33/30 Rx MPH_INFO time ind
[1;34mDL1P[0;m <0007> l1sap.c:622 052819/39/13/34/31 Rx MPH_INFO time ind
[1;34mDL1P[0;m <0007> l1sap.c:622 052820/39/14/35/32 Rx MPH_INFO time ind
[1;34mDL1P[0;m <0007> l1sap.c:622 052821/39/15/36/33 Rx MPH_INFO time ind
[1;34mDL1P[0;m <0007> l1sap.c:622 052822/39/16/37/34 Rx MPH_INFO time ind
[1;34mDL1P[0;m <0007> l1sap.c:622 052823/39/17/38/35 Rx MPH_INFO time ind
[1;34mDL1P[0;m <0007> l1sap.c:622 052824/39/18/39/36 Rx MPH_INFO time ind
[1;34mDL1P[0;m <0007> l1sap.c:622 052825/39/19/40/37 Rx MPH_INFO time ind
[1;34mDL1P[0;m <0007> l1sap.c:622 052826/39/20/41/38 Rx MPH_INFO time ind
[1;34mDL1P[0;m <0007> l1sap.c:622 052827/39/21/42/39 Rx MPH_INFO time ind
[1;34mDL1P[0;m <0007> l1sap.c:622 052828/39/22/43/40 Rx MPH_INFO time ind
[1;34mDL1P[0;m <0007> l1sap.c:622 052829/39/23/44/41 Rx MPH_INFO time ind
[1;34mDL1P[0;m <0007> l1sap.c:622 052830/39/24/45/42 Rx MPH_INFO time ind
[1;34mDL1P[0;m <0007> l1sap.c:622 052831/39/25/46/43 Rx MPH_INFO time ind
[1;34mDL1P[0;m <0007> l1sap.c:622 052832/39/00/47/44 Rx MPH_INFO time ind
[1;34mDL1P[0;m <0007> l1sap.c:622 052833/39/01/48/45 Rx MPH_INFO time ind
[1;34mDL1P[0;m <0007> scheduler.c:911 052838/39/06/02/50 (bts=0,trx=0,ts=0) BCCH: PH-RTS.ind: chan_nr=0x80 link_id=0x00
[1;34mDL1P[0;m <0007> l1sap.c:1082 052838/39/06/02/50 Rx PH-RTS.ind chan_nr=BCCH on TS0 link_id=0x00d
[1;34mDL1P[0;m <0007> l1sap.c:1225 052838/39/06/02/50 Tx PH-DATA.req chan_nr=BCCH on TS0 link_id=0x00
[1;34mDL1P[0;m <0007> scheduler.c:842 052838/39/06/02/50 (bts=0,trx=0,ts=0) : PH-DATA.req: chan_nr=0x80 link_id=0x00
[1;34mDL1P[0;m <0007> l1sap.c:622 052834/39/02/49/46 Rx MPH_INFO time ind
[1;34mDL1P[0;m <0007> l1sap.c:622 052835/39/03/50/47 Rx MPH_INFO time ind
[1;34mDL1P[0;m <0007> l1sap.c:622 052836/39/04/00/48 Rx MPH_INFO time ind
[1;34mDL1P[0;m <0007> l1sap.c:622 052837/39/05/01/49 Rx MPH_INFO time ind
[1;34mDL1P[0;m <0007> scheduler.c:911 052842/39/10/06/02 (bts=0,trx=0,ts=0) CCCH: PH-RTS.ind: chan_nr=0x90 link_id=0x00
[1;34mDL1P[0;m <0007> l1sap.c:1082 052842/39/10/06/02 Rx PH-RTS.ind chan_nr=PCH/AGCH on TS0 link_id=0x00d
[1;34mDL1P[0;m <0007> l1sap.c:1225 052842/39/10/06/02 Tx PH-DATA.req chan_nr=PCH/AGCH on TS0 link_id=0x00
[1;34mDL1P[0;m <0007> scheduler.c:842 052842/39/10/06/02 (bts=0,trx=0,ts=0) : PH-DATA.req: chan_nr=0x90 link_id=0x00
[1;34mDL1P[0;m <0007> l1sap.c:622 052838/39/06/02/50 Rx MPH_INFO time ind
[1;34mDL1P[0;m <0007> scheduler_virtbts.c:106 052838/39/06/02/50 (bts=0,trx=0,ts=0) BCCH: Sending GSMTAP message to virtual Um
[1;34mDL1P[0;m <0007> l1sap.c:622 052839/39/07/03/51 Rx MPH_INFO time ind
[1;34mDL1P[0;m <0007> l1sap.c:622 052840/39/08/04/00 Rx MPH_INFO time ind
[1;34mDL1P[0;m <0007> l1sap.c:622 052841/39/09/05/01 Rx MPH_INFO time ind
[1;34mDL1P[0;m <0007> l1sap.c:622 052842/39/10/06/02 Rx MPH_INFO time ind
[1;34mDL1P[0;m <0007> scheduler_virtbts.c:106 052842/39/10/06/02 (bts=0,trx=0,ts=0) CCCH: Sending GSMTAP message to virtual Um
[1;34mDL1P[0;m <0007> l1sap.c:622 052843/39/11/07/03 Rx MPH_INFO time ind
[1;34mDL1P[0;m <0007> scheduler.c:911 052848/39/16/12/08 (bts=0,trx=0,ts=0) CCCH: PH-RTS.ind: chan_nr=0x90 link_id=0x00
[1;34mDL1P[0;m <0007> l1sap.c:1082 052848/39/16/12/08 Rx PH-RTS.ind chan_nr=PCH/AGCH on TS0 link_id=0x00d
[1;34mDL1P[0;m <0007> l1sap.c:1225 052848/39/16/12/08 Tx PH-DATA.req chan_nr=PCH/AGCH on TS0 link_id=0x00
[1;34mDL1P[0;m <0007> scheduler.c:842 052848/39/16/12/08 (bts=0,trx=0,ts=0) : PH-DATA.req: chan_nr=0x90 link_id=0x00
[1;34mDL1P[0;m <0007> l1sap.c:622 052844/39/12/08/04 Rx MPH_INFO time ind
[1;34mDL1P[0;m <0007> l1sap.c:622 052845/39/13/09/05 Rx MPH_INFO time ind
[1;34mDL1P[0;m <0007> l1sap.c:622 052846/39/14/10/06 Rx MPH_INFO time ind
[1;34mDL1P[0;m <0007> l1sap.c:622 052847/39/15/11/07 Rx MPH_INFO time ind
[1;34mDL1P[0;m <0007> scheduler.c:911 052852/39/20/16/12 (bts=0,trx=0,ts=0) CCCH: PH-RTS.ind: chan_nr=0x90 link_id=0x00
[1;34mDL1P[0;m <0007> l1sap.c:1082 052852/39/20/16/12 Rx PH-RTS.ind chan_nr=PCH/AGCH on TS0 link_id=0x00d
[1;34mDL1P[0;m <0007> l1sap.c:1225 052852/39/20/16/12 Tx PH-DATA.req chan_nr=PCH/AGCH on TS0 link_id=0x00
[1;34mDL1P[0;m <0007> scheduler.c:842 052852/39/20/16/12 (bts=0,trx=0,ts=0) : PH-DATA.req: chan_nr=0x90 link_id=0x00
[1;34mDL1P[0;m <0007> l1sap.c:622 052848/39/16/12/08 Rx MPH_INFO time ind
[1;34mDL1P[0;m <0007> scheduler_virtbts.c:106 052848/39/16/12/08 (bts=0,trx=0,ts=0) CCCH: Sending GSMTAP message to virtual Um
[1;34mDL1P[0;m <0007> l1sap.c:622 052849/39/17/13/09 Rx MPH_INFO time ind
[1;34mDL1P[0;m <0007> l1sap.c:622 052850/39/18/14/10 Rx MPH_INFO time ind
[1;34mDL1P[0;m <0007> l1sap.c:622 052851/39/19/15/11 Rx MPH_INFO time ind
[1;34mDL1P[0;m <0007> l1sap.c:622 052852/39/20/16/12 Rx MPH_INFO time ind
[1;34mDL1P[0;m <0007> scheduler_virtbts.c:106 052852/39/20/16/12 (bts=0,trx=0,ts=0) CCCH: Sending GSMTAP message to virtual Um
[1;34mDL1P[0;m <0007> l1sap.c:622 052853/39/21/17/13 Rx MPH_INFO time ind
[1;34mDL1P[0;m <0007> l1sap.c:622 052854/39/22/18/14 Rx MPH_INFO time ind
[1;34mDL1P[0;m <0007> l1sap.c:622 052855/39/23/19/15 Rx MPH_INFO time ind
[1;34mDL1P[0;m <0007> l1sap.c:622 052856/39/24/20/16 Rx MPH_INFO time ind
[1;34mDL1P[0;m <0007> l1sap.c:622 052857/39/25/21/17 Rx MPH_INFO time ind
[1;34mDL1P[0;m <0007> l1sap.c:622 052858/39/00/22/18 Rx MPH_INFO time ind
[1;34mDL1P[0;m <0007> l1sap.c:622 052859/39/01/23/19 Rx MPH_INFO time ind
[1;34mDL1P[0;m <0007> l1sap.c:622 052860/39/02/24/20 Rx MPH_INFO time ind
[1;34mDL1P[0;m <0007> l1sap.c:622 052861/39/03/25/21 Rx MPH_INFO time ind
[1;34mDL1P[0;m <0007> l1sap.c:622 052862/39/04/26/22 Rx MPH_INFO time ind
[1;34mDL1P[0;m <0007> l1sap.c:622 052863/39/05/27/23 Rx MPH_INFO time ind
[1;34mDL1P[0;m <0007> l1sap.c:622 052864/39/06/28/24 Rx MPH_INFO time ind
[1;34mDL1P[0;m <0007> l1sap.c:622 052865/39/07/29/25 Rx MPH_INFO time ind
[1;34mDL1P[0;m <0007> l1sap.c:622 052866/39/08/30/26 Rx MPH_INFO time ind
[1;34mDL1P[0;m <0007> l1sap.c:622 052867/39/09/31/27 Rx MPH_INFO time ind
[1;34mDL1P[0;m <0007> l1sap.c:622 052868/39/10/32/28 Rx MPH_INFO time ind
[1;34mDL1P[0;m <0007> l1sap.c:622 052869/39/11/33/29 Rx MPH_INFO time ind
[1;34mDL1P[0;m <0007> l1sap.c:622 052870/39/12/34/30 Rx MPH_INFO time ind
[1;34mDL1P[0;m <0007> l1sap.c:622 052871/39/13/35/31 Rx MPH_INFO time ind
[1;34mDL1P[0;m <0007> l1sap.c:622 052872/39/14/36/32 Rx MPH_INFO time ind
[1;34mDL1P[0;m <0007> l1sap.c:622 052873/39/15/37/33 Rx MPH_INFO time ind
[1;34mDL1P[0;m <0007> l1sap.c:622 052874/39/16/38/34 Rx MPH_INFO time ind
[1;34mDL1P[0;m <0007> l1sap.c:622 052875/39/17/39/35 Rx MPH_INFO time ind
[1;34mDL1P[0;m <0007> l1sap.c:622 052876/39/18/40/36 Rx MPH_INFO time ind
[1;34mDL1P[0;m <0007> l1sap.c:622 052877/39/19/41/37 Rx MPH_INFO time ind
[1;34mDL1P[0;m <0007> l1sap.c:622 052878/39/20/42/38 Rx MPH_INFO time ind
[1;34mDL1P[0;m <0007> l1sap.c:622 052879/39/21/43/39 Rx MPH_INFO time ind
[1;34mDL1P[0;m <0007> l1sap.c:622 052880/39/22/44/40 Rx MPH_INFO time ind
[1;34mDL1P[0;m <0007> l1sap.c:622 052881/39/23/45/41 Rx MPH_INFO time ind
[1;34mDL1P[0;m <0007> l1sap.c:622 052882/39/24/46/42 Rx MPH_INFO time ind
[1;34mDL1P[0;m <0007> l1sap.c:622 052883/39/25/47/43 Rx MPH_INFO time ind
[1;34mDL1P[0;m <0007> l1sap.c:622 052884/39/00/48/44 Rx MPH_INFO time ind
[1;34mDL1P[0;m <0007> scheduler.c:911 052889/39/05/02/49 (bts=0,trx=0,ts=0) BCCH: PH-RTS.ind: chan_nr=0x80 link_id=0x00
[1;34mDL1P[0;m <0007> l1sap.c:1082 052889/39/05/02/49 Rx PH-RTS.ind chan_nr=BCCH on TS0 link_id=0x00d
[1;34mDL1P[0;m <0007> l1sap.c:1225 052889/39/05/02/49 Tx PH-DATA.req chan_nr=BCCH on TS0 link_id=0x00
[1;34mDL1P[0;m <0007> scheduler.c:842 052889/39/05/02/49 (bts=0,trx=0,ts=0) : PH-DATA.req: chan_nr=0x80 link_id=0x00
[1;34mDL1P[0;m <0007> l1sap.c:622 052885/39/01/49/45 Rx MPH_INFO time ind
[1;34mDL1P[0;m <0007> l1sap.c:622 052886/39/02/50/46 Rx MPH_INFO time ind
[1;34mDL1P[0;m <0007> l1sap.c:622 052887/39/03/00/47 Rx MPH_INFO time ind
[1;34mDL1P[0;m <0007> l1sap.c:622 052888/39/04/01/48 Rx MPH_INFO time ind
[1;34mDL1P[0;m <0007> scheduler.c:911 052893/39/09/06/01 (bts=0,trx=0,ts=0) CCCH: PH-RTS.ind: chan_nr=0x90 link_id=0x00
[1;34mDL1P[0;m <0007> l1sap.c:1082 052893/39/09/06/01 Rx PH-RTS.ind chan_nr=PCH/AGCH on TS0 link_id=0x00d
[1;34mDL1P[0;m <0007> l1sap.c:1225 052893/39/09/06/01 Tx PH-DATA.req chan_nr=PCH/AGCH on TS0 link_id=0x00
[1;34mDL1P[0;m <0007> scheduler.c:842 052893/39/09/06/01 (bts=0,trx=0,ts=0) : PH-DATA.req: chan_nr=0x90 link_id=0x00
[1;34mDL1P[0;m <0007> l1sap.c:622 052889/39/05/02/49 Rx MPH_INFO time ind
[1;34mDL1P[0;m <0007> scheduler_virtbts.c:106 052889/39/05/02/49 (bts=0,trx=0,ts=0) BCCH: Sending GSMTAP message to virtual Um
[1;34mDL1P[0;m <0007> l1sap.c:622 052890/39/06/03/50 Rx MPH_INFO time ind
[1;34mDL1P[0;m <0007> l1sap.c:622 052891/39/07/04/51 Rx MPH_INFO time ind
[1;34mDL1P[0;m <0007> l1sap.c:622 052892/39/08/05/00 Rx MPH_INFO time ind
[1;34mDL1P[0;m <0007> l1sap.c:622 052893/39/09/06/01 Rx MPH_INFO time ind
[1;34mDL1P[0;m <0007> scheduler_virtbts.c:106 052893/39/09/06/01 (bts=0,trx=0,ts=0) CCCH: Sending GSMTAP message to virtual Um
[1;34mDL1P[0;m <0007> l1sap.c:622 052894/39/10/07/02 Rx MPH_INFO time ind
[1;34mDL1P[0;m <0007> scheduler.c:911 052899/39/15/12/07 (bts=0,trx=0,ts=0) CCCH: PH-RTS.ind: chan_nr=0x90 link_id=0x00
[1;34mDL1P[0;m <0007> l1sap.c:1082 052899/39/15/12/07 Rx PH-RTS.ind chan_nr=PCH/AGCH on TS0 link_id=0x00d
[1;34mDL1P[0;m <0007> l1sap.c:1225 052899/39/15/12/07 Tx PH-DATA.req chan_nr=PCH/AGCH on TS0 link_id=0x00
[1;34mDL1P[0;m <0007> scheduler.c:842 052899/39/15/12/07 (bts=0,trx=0,ts=0) : PH-DATA.req: chan_nr=0x90 link_id=0x00
[1;34mDL1P[0;m <0007> l1sap.c:622 052895/39/11/08/03 Rx MPH_INFO time ind
[1;34mDL1P[0;m <0007> l1sap.c:622 052896/39/12/09/04 Rx MPH_INFO time ind
[1;34mDL1P[0;m <0007> l1sap.c:622 052897/39/13/10/05 Rx MPH_INFO time ind
[1;34mDL1P[0;m <0007> l1sap.c:622 052898/39/14/11/06 Rx MPH_INFO time ind
[1;34mDL1P[0;m <0007> scheduler.c:911 052903/39/19/16/11 (bts=0,trx=0,ts=0) CCCH: PH-RTS.ind: chan_nr=0x90 link_id=0x00
[1;34mDL1P[0;m <0007> l1sap.c:1082 052903/39/19/16/11 Rx PH-RTS.ind chan_nr=PCH/AGCH on TS0 link_id=0x00d
[1;34mDL1P[0;m <0007> l1sap.c:1225 052903/39/19/16/11 Tx PH-DATA.req chan_nr=PCH/AGCH on TS0 link_id=0x00
[1;34mDL1P[0;m <0007> scheduler.c:842 052903/39/19/16/11 (bts=0,trx=0,ts=0) : PH-DATA.req: chan_nr=0x90 link_id=0x00
[1;34mDL1P[0;m <0007> l1sap.c:622 052899/39/15/12/07 Rx MPH_INFO time ind
[1;34mDL1P[0;m <0007> scheduler_virtbts.c:106 052899/39/15/12/07 (bts=0,trx=0,ts=0) CCCH: Sending GSMTAP message to virtual Um
[1;34mDL1P[0;m <0007> l1sap.c:622 052900/39/16/13/08 Rx MPH_INFO time ind
[1;34mDL1P[0;m <0007> l1sap.c:622 052901/39/17/14/09 Rx MPH_INFO time ind
[1;34mDL1P[0;m <0007> l1sap.c:622 052902/39/18/15/10 Rx MPH_INFO time ind
[1;34mDL1P[0;m <0007> l1sap.c:622 052903/39/19/16/11 Rx MPH_INFO time ind
[1;34mDL1P[0;m <0007> scheduler_virtbts.c:106 052903/39/19/16/11 (bts=0,trx=0,ts=0) CCCH: Sending GSMTAP message to virtual Um
[1;34mDL1P[0;m <0007> l1sap.c:622 052904/39/20/17/12 Rx MPH_INFO time ind
[1;34mDL1P[0;m <0007> l1sap.c:622 052905/39/21/18/13 Rx MPH_INFO time ind
[1;34mDL1P[0;m <0007> l1sap.c:622 052906/39/22/19/14 Rx MPH_INFO time ind
[1;34mDL1P[0;m <0007> l1sap.c:622 052907/39/23/20/15 Rx MPH_INFO time ind
[1;34mDL1P[0;m <0007> l1sap.c:622 052908/39/24/21/16 Rx MPH_INFO time ind
[1;34mDL1P[0;m <0007> l1sap.c:622 052909/39/25/22/17 Rx MPH_INFO time ind
[1;34mDL1P[0;m <0007> l1sap.c:622 052910/39/00/23/18 Rx MPH_INFO time ind
[1;34mDL1P[0;m <0007> l1sap.c:622 052911/39/01/24/19 Rx MPH_INFO time ind
[1;34mDL1P[0;m <0007> l1sap.c:622 052912/39/02/25/20 Rx MPH_INFO time ind
[1;34mDL1P[0;m <0007> l1sap.c:622 052913/39/03/26/21 Rx MPH_INFO time ind
[1;34mDL1P[0;m <0007> l1sap.c:622 052914/39/04/27/22 Rx MPH_INFO time ind
[1;34mDL1P[0;m <0007> l1sap.c:622 052915/39/05/28/23 Rx MPH_INFO time ind
[1;34mDL1P[0;m <0007> l1sap.c:622 052916/39/06/29/24 Rx MPH_INFO time ind
[1;34mDL1P[0;m <0007> l1sap.c:622 052917/39/07/30/25 Rx MPH_INFO time ind
[1;34mDL1P[0;m <0007> l1sap.c:622 052918/39/08/31/26 Rx MPH_INFO time ind
[1;34mDL1P[0;m <0007> l1sap.c:622 052919/39/09/32/27 Rx MPH_INFO time ind
[1;34mDL1P[0;m <0007> l1sap.c:622 052920/39/10/33/28 Rx MPH_INFO time ind
[1;34mDL1P[0;m <0007> l1sap.c:622 052921/39/11/34/29 Rx MPH_INFO time ind
[1;34mDL1P[0;m <0007> l1sap.c:622 052922/39/12/35/30 Rx MPH_INFO time ind
[1;34mDL1P[0;m <0007> l1sap.c:622 052923/39/13/36/31 Rx MPH_INFO time ind
[1;34mDL1P[0;m <0007> l1sap.c:622 052924/39/14/37/32 Rx MPH_INFO time ind
[1;34mDL1P[0;m <0007> l1sap.c:622 052925/39/15/38/33 Rx MPH_INFO time ind
[1;34mDL1P[0;m <0007> l1sap.c:622 052926/39/16/39/34 Rx MPH_INFO time ind
[1;34mDL1P[0;m <0007> l1sap.c:622 052927/39/17/40/35 Rx MPH_INFO time ind
[1;34mDL1P[0;m <0007> l1sap.c:622 052928/39/18/41/36 Rx MPH_INFO time ind
[1;34mDL1P[0;m <0007> l1sap.c:622 052929/39/19/42/37 Rx MPH_INFO time ind
[1;34mDL1P[0;m <0007> l1sap.c:622 052930/39/20/43/38 Rx MPH_INFO time ind
[1;34mDL1P[0;m <0007> l1sap.c:622 052931/39/21/44/39 Rx MPH_INFO time ind
[1;34mDL1P[0;m <0007> l1sap.c:622 052932/39/22/45/40 Rx MPH_INFO time ind
[1;34mDL1P[0;m <0007> l1sap.c:622 052933/39/23/46/41 Rx MPH_INFO time ind
[1;34mDL1P[0;m <0007> l1sap.c:622 052934/39/24/47/42 Rx MPH_INFO time ind
[1;34mDL1P[0;m <0007> l1sap.c:622 052935/39/25/48/43 Rx MPH_INFO time ind
[1;34mDL1P[0;m <0007> scheduler.c:911 052940/39/04/02/48 (bts=0,trx=0,ts=0) BCCH: PH-RTS.ind: chan_nr=0x80 link_id=0x00
[1;34mDL1P[0;m <0007> l1sap.c:1082 052940/39/04/02/48 Rx PH-RTS.ind chan_nr=BCCH on TS0 link_id=0x00d
[1;34mDL1P[0;m <0007> l1sap.c:1225 052940/39/04/02/48 Tx PH-DATA.req chan_nr=BCCH on TS0 link_id=0x00
[1;34mDL1P[0;m <0007> scheduler.c:842 052940/39/04/02/48 (bts=0,trx=0,ts=0) : PH-DATA.req: chan_nr=0x80 link_id=0x00
[1;34mDL1P[0;m <0007> l1sap.c:622 052936/39/00/49/44 Rx MPH_INFO time ind
[1;34mDL1P[0;m <0007> l1sap.c:622 052937/39/01/50/45 Rx MPH_INFO time ind
[1;34mDL1P[0;m <0007> l1sap.c:622 052938/39/02/00/46 Rx MPH_INFO time ind
[1;34mDL1P[0;m <0007> l1sap.c:622 052939/39/03/01/47 Rx MPH_INFO time ind
[1;34mDL1P[0;m <0007> scheduler.c:911 052944/39/08/06/00 (bts=0,trx=0,ts=0) CCCH: PH-RTS.ind: chan_nr=0x90 link_id=0x00
[1;34mDL1P[0;m <0007> l1sap.c:1082 052944/39/08/06/00 Rx PH-RTS.ind chan_nr=PCH/AGCH on TS0 link_id=0x00d
[1;34mDL1P[0;m <0007> l1sap.c:1225 052944/39/08/06/00 Tx PH-DATA.req chan_nr=PCH/AGCH on TS0 link_id=0x00
[1;34mDL1P[0;m <0007> scheduler.c:842 052944/39/08/06/00 (bts=0,trx=0,ts=0) : PH-DATA.req: chan_nr=0x90 link_id=0x00
[1;34mDL1P[0;m <0007> l1sap.c:622 052940/39/04/02/48 Rx MPH_INFO time ind
[1;34mDL1P[0;m <0007> scheduler_virtbts.c:106 052940/39/04/02/48 (bts=0,trx=0,ts=0) BCCH: Sending GSMTAP message to virtual Um
[1;34mDL1P[0;m <0007> l1sap.c:622 052941/39/05/03/49 Rx MPH_INFO time ind
[1;34mDL1P[0;m <0007> l1sap.c:622 052942/39/06/04/50 Rx MPH_INFO time ind
[1;34mDL1P[0;m <0007> l1sap.c:622 052943/39/07/05/51 Rx MPH_INFO time ind
[1;34mDL1P[0;m <0007> l1sap.c:622 052944/39/08/06/00 Rx MPH_INFO time ind
[1;34mDL1P[0;m <0007> scheduler_virtbts.c:106 052944/39/08/06/00 (bts=0,trx=0,ts=0) CCCH: Sending GSMTAP message to virtual Um
[1;34mDL1P[0;m <0007> l1sap.c:622 052945/39/09/07/01 Rx MPH_INFO time ind
[1;34mDL1P[0;m <0007> scheduler.c:911 052950/39/14/12/06 (bts=0,trx=0,ts=0) CCCH: PH-RTS.ind: chan_nr=0x90 link_id=0x00
[1;34mDL1P[0;m <0007> l1sap.c:1082 052950/39/14/12/06 Rx PH-RTS.ind chan_nr=PCH/AGCH on TS0 link_id=0x00d
[1;34mDL1P[0;m <0007> l1sap.c:1225 052950/39/14/12/06 Tx PH-DATA.req chan_nr=PCH/AGCH on TS0 link_id=0x00
[1;34mDL1P[0;m <0007> scheduler.c:842 052950/39/14/12/06 (bts=0,trx=0,ts=0) : PH-DATA.req: chan_nr=0x90 link_id=0x00
[1;34mDL1P[0;m <0007> l1sap.c:622 052946/39/10/08/02 Rx MPH_INFO time ind
[1;34mDL1P[0;m <0007> l1sap.c:622 052947/39/11/09/03 Rx MPH_INFO time ind
[1;34mDL1P[0;m <0007> l1sap.c:622 052948/39/12/10/04 Rx MPH_INFO time ind
[1;34mDL1P[0;m <0007> l1sap.c:622 052949/39/13/11/05 Rx MPH_INFO time ind
[1;34mDL1P[0;m <0007> scheduler.c:911 052954/39/18/16/10 (bts=0,trx=0,ts=0) CCCH: PH-RTS.ind: chan_nr=0x90 link_id=0x00
[1;34mDL1P[0;m <0007> l1sap.c:1082 052954/39/18/16/10 Rx PH-RTS.ind chan_nr=PCH/AGCH on TS0 link_id=0x00d
[1;34mDL1P[0;m <0007> l1sap.c:1225 052954/39/18/16/10 Tx PH-DATA.req chan_nr=PCH/AGCH on TS0 link_id=0x00
[1;34mDL1P[0;m <0007> scheduler.c:842 052954/39/18/16/10 (bts=0,trx=0,ts=0) : PH-DATA.req: chan_nr=0x90 link_id=0x00
[1;34mDL1P[0;m <0007> l1sap.c:622 052950/39/14/12/06 Rx MPH_INFO time ind
[1;34mDL1P[0;m <0007> scheduler_virtbts.c:106 052950/39/14/12/06 (bts=0,trx=0,ts=0) CCCH: Sending GSMTAP message to virtual Um
[1;34mDL1P[0;m <0007> l1sap.c:622 052951/39/15/13/07 Rx MPH_INFO time ind
[1;34mDL1P[0;m <0007> l1sap.c:622 052952/39/16/14/08 Rx MPH_INFO time ind
[1;34mDL1P[0;m <0007> l1sap.c:622 052953/39/17/15/09 Rx MPH_INFO time ind
[1;34mDL1P[0;m <0007> l1sap.c:622 052954/39/18/16/10 Rx MPH_INFO time ind
[1;34mDL1P[0;m <0007> scheduler_virtbts.c:106 052954/39/18/16/10 (bts=0,trx=0,ts=0) CCCH: Sending GSMTAP message to virtual Um
[1;34mDL1P[0;m <0007> l1sap.c:622 052955/39/19/17/11 Rx MPH_INFO time ind
[1;34mDL1P[0;m <0007> l1sap.c:622 052956/39/20/18/12 Rx MPH_INFO time ind
[1;34mDL1P[0;m <0007> l1sap.c:622 052957/39/21/19/13 Rx MPH_INFO time ind
[1;34mDL1P[0;m <0007> l1sap.c:622 052958/39/22/20/14 Rx MPH_INFO time ind
[1;34mDL1P[0;m <0007> l1sap.c:622 052959/39/23/21/15 Rx MPH_INFO time ind
[1;34mDL1P[0;m <0007> l1sap.c:622 052960/39/24/22/16 Rx MPH_INFO time ind
[1;34mDL1P[0;m <0007> l1sap.c:622 052961/39/25/23/17 Rx MPH_INFO time ind
[1;34mDL1P[0;m <0007> l1sap.c:622 052962/39/00/24/18 Rx MPH_INFO time ind
[1;34mDL1P[0;m <0007> l1sap.c:622 052963/39/01/25/19 Rx MPH_INFO time ind
[1;34mDL1P[0;m <0007> l1sap.c:622 052964/39/02/26/20 Rx MPH_INFO time ind
[1;34mDL1P[0;m <0007> l1sap.c:622 052965/39/03/27/21 Rx MPH_INFO time ind
[1;34mDL1P[0;m <0007> l1sap.c:622 052966/39/04/28/22 Rx MPH_INFO time ind
[1;34mDL1P[0;m <0007> l1sap.c:622 052967/39/05/29/23 Rx MPH_INFO time ind
[1;34mDL1P[0;m <0007> l1sap.c:622 052968/39/06/30/24 Rx MPH_INFO time ind
[1;34mDL1P[0;m <0007> l1sap.c:622 052969/39/07/31/25 Rx MPH_INFO time ind
[1;34mDL1P[0;m <0007> l1sap.c:622 052970/39/08/32/26 Rx MPH_INFO time ind
[1;34mDL1P[0;m <0007> l1sap.c:622 052971/39/09/33/27 Rx MPH_INFO time ind
[1;34mDL1P[0;m <0007> l1sap.c:622 052972/39/10/34/28 Rx MPH_INFO time ind
[1;34mDL1P[0;m <0007> l1sap.c:622 052973/39/11/35/29 Rx MPH_INFO time ind
[1;34mDL1P[0;m <0007> l1sap.c:622 052974/39/12/36/30 Rx MPH_INFO time ind
[1;34mDL1P[0;m <0007> l1sap.c:622 052975/39/13/37/31 Rx MPH_INFO time ind
[1;34mDL1P[0;m <0007> l1sap.c:622 052976/39/14/38/32 Rx MPH_INFO time ind
[1;34mDL1P[0;m <0007> l1sap.c:622 052977/39/15/39/33 Rx MPH_INFO time ind
[1;34mDL1P[0;m <0007> l1sap.c:622 052978/39/16/40/34 Rx MPH_INFO time ind
[1;34mDL1P[0;m <0007> l1sap.c:622 052979/39/17/41/35 Rx MPH_INFO time ind
[1;34mDL1P[0;m <0007> l1sap.c:622 052980/39/18/42/36 Rx MPH_INFO time ind
[1;34mDL1P[0;m <0007> l1sap.c:622 052981/39/19/43/37 Rx MPH_INFO time ind
[1;34mDL1P[0;m <0007> l1sap.c:622 052982/39/20/44/38 Rx MPH_INFO time ind
[1;34mDL1P[0;m <0007> l1sap.c:622 052983/39/21/45/39 Rx MPH_INFO time ind
[1;34mDL1P[0;m <0007> l1sap.c:622 052984/39/22/46/40 Rx MPH_INFO time ind
[1;34mDL1P[0;m <0007> l1sap.c:622 052985/39/23/47/41 Rx MPH_INFO time ind
[1;34mDL1P[0;m <0007> l1sap.c:622 052986/39/24/48/42 Rx MPH_INFO time ind
[1;34mDL1P[0;m <0007> scheduler.c:911 052991/39/03/02/47 (bts=0,trx=0,ts=0) BCCH: PH-RTS.ind: chan_nr=0x80 link_id=0x00
[1;34mDL1P[0;m <0007> l1sap.c:1082 052991/39/03/02/47 Rx PH-RTS.ind chan_nr=BCCH on TS0 link_id=0x00d
[1;34mDL1P[0;m <0007> l1sap.c:1225 052991/39/03/02/47 Tx PH-DATA.req chan_nr=BCCH on TS0 link_id=0x00
[1;34mDL1P[0;m <0007> scheduler.c:842 052991/39/03/02/47 (bts=0,trx=0,ts=0) : PH-DATA.req: chan_nr=0x80 link_id=0x00
[1;34mDL1P[0;m <0007> l1sap.c:622 052987/39/25/49/43 Rx MPH_INFO time ind
[1;34mDL1P[0;m <0007> l1sap.c:622 052988/39/00/50/44 Rx MPH_INFO time ind
[1;34mDL1P[0;m <0007> l1sap.c:622 052989/39/01/00/45 Rx MPH_INFO time ind
[1;34mDL1P[0;m <0007> l1sap.c:622 052990/39/02/01/46 Rx MPH_INFO time ind
[1;34mDL1P[0;m <0007> scheduler.c:911 052995/39/07/06/03 (bts=0,trx=0,ts=0) CCCH: PH-RTS.ind: chan_nr=0x90 link_id=0x00
[1;34mDL1P[0;m <0007> l1sap.c:1082 052995/39/07/06/03 Rx PH-RTS.ind chan_nr=PCH/AGCH on TS0 link_id=0x00d
[1;34mDL1P[0;m <0007> l1sap.c:1225 052995/39/07/06/03 Tx PH-DATA.req chan_nr=PCH/AGCH on TS0 link_id=0x00
[1;34mDL1P[0;m <0007> scheduler.c:842 052995/39/07/06/03 (bts=0,trx=0,ts=0) : PH-DATA.req: chan_nr=0x90 link_id=0x00
[1;34mDL1P[0;m <0007> l1sap.c:622 052991/39/03/02/47 Rx MPH_INFO time ind
[1;34mDL1P[0;m <0007> scheduler_virtbts.c:106 052991/39/03/02/47 (bts=0,trx=0,ts=0) BCCH: Sending GSMTAP message to virtual Um
[1;34mDL1P[0;m <0007> l1sap.c:622 052992/39/04/03/00 Rx MPH_INFO time ind
[1;34mDL1P[0;m <0007> l1sap.c:622 052993/39/05/04/01 Rx MPH_INFO time ind
[1;34mDL1P[0;m <0007> l1sap.c:622 052994/39/06/05/02 Rx MPH_INFO time ind
[1;34mDL1P[0;m <0007> l1sap.c:622 052995/39/07/06/03 Rx MPH_INFO time ind
[1;34mDL1P[0;m <0007> scheduler_virtbts.c:106 052995/39/07/06/03 (bts=0,trx=0,ts=0) CCCH: Sending GSMTAP message to virtual Um
[1;34mDL1P[0;m <0007> l1sap.c:622 052996/39/08/07/04 Rx MPH_INFO time ind
[1;34mDL1P[0;m <0007> scheduler.c:911 053001/39/13/12/09 (bts=0,trx=0,ts=0) CCCH: PH-RTS.ind: chan_nr=0x90 link_id=0x00
[1;34mDL1P[0;m <0007> l1sap.c:1082 053001/39/13/12/09 Rx PH-RTS.ind chan_nr=PCH/AGCH on TS0 link_id=0x00d
[1;34mDL1P[0;m <0007> l1sap.c:1225 053001/39/13/12/09 Tx PH-DATA.req chan_nr=PCH/AGCH on TS0 link_id=0x00
[1;34mDL1P[0;m <0007> scheduler.c:842 053001/39/13/12/09 (bts=0,trx=0,ts=0) : PH-DATA.req: chan_nr=0x90 link_id=0x00
[1;34mDL1P[0;m <0007> l1sap.c:622 052997/39/09/08/05 Rx MPH_INFO time ind
[1;34mDL1P[0;m <0007> l1sap.c:622 052998/39/10/09/06 Rx MPH_INFO time ind
[1;34mDL1P[0;m <0007> l1sap.c:622 052999/39/11/10/07 Rx MPH_INFO time ind
[1;34mDL1P[0;m <0007> l1sap.c:622 053000/39/12/11/08 Rx MPH_INFO time ind
[1;34mDL1P[0;m <0007> scheduler.c:911 053005/39/17/16/13 (bts=0,trx=0,ts=0) CCCH: PH-RTS.ind: chan_nr=0x90 link_id=0x00
[1;34mDL1P[0;m <0007> l1sap.c:1082 053005/39/17/16/13 Rx PH-RTS.ind chan_nr=PCH/AGCH on TS0 link_id=0x00d
[1;34mDL1P[0;m <0007> l1sap.c:1225 053005/39/17/16/13 Tx PH-DATA.req chan_nr=PCH/AGCH on TS0 link_id=0x00
[1;34mDL1P[0;m <0007> scheduler.c:842 053005/39/17/16/13 (bts=0,trx=0,ts=0) : PH-DATA.req: chan_nr=0x90 link_id=0x00
[1;34mDL1P[0;m <0007> l1sap.c:622 053001/39/13/12/09 Rx MPH_INFO time ind
[1;34mDL1P[0;m <0007> scheduler_virtbts.c:106 053001/39/13/12/09 (bts=0,trx=0,ts=0) CCCH: Sending GSMTAP message to virtual Um
[1;34mDL1P[0;m <0007> l1sap.c:622 053002/39/14/13/10 Rx MPH_INFO time ind
[1;34mDL1P[0;m <0007> l1sap.c:622 053003/39/15/14/11 Rx MPH_INFO time ind
[1;34mDL1P[0;m <0007> l1sap.c:622 053004/39/16/15/12 Rx MPH_INFO time ind
[1;34mDL1P[0;m <0007> l1sap.c:622 053005/39/17/16/13 Rx MPH_INFO time ind
[1;34mDL1P[0;m <0007> scheduler_virtbts.c:106 053005/39/17/16/13 (bts=0,trx=0,ts=0) CCCH: Sending GSMTAP message to virtual Um
[1;34mDL1P[0;m <0007> l1sap.c:622 053006/39/18/17/14 Rx MPH_INFO time ind
[1;34mDL1P[0;m <0007> l1sap.c:622 053007/39/19/18/15 Rx MPH_INFO time ind
[1;34mDL1P[0;m <0007> l1sap.c:622 053008/39/20/19/16 Rx MPH_INFO time ind
[1;34mDL1P[0;m <0007> l1sap.c:622 053009/39/21/20/17 Rx MPH_INFO time ind
[1;34mDL1P[0;m <0007> l1sap.c:622 053010/39/22/21/18 Rx MPH_INFO time ind
[1;34mDL1P[0;m <0007> l1sap.c:622 053011/39/23/22/19 Rx MPH_INFO time ind
[1;34mDL1P[0;m <0007> l1sap.c:622 053012/39/24/23/20 Rx MPH_INFO time ind
[1;34mDL1P[0;m <0007> l1sap.c:622 053013/39/25/24/21 Rx MPH_INFO time ind
[1;34mDL1P[0;m <0007> l1sap.c:622 053014/39/00/25/22 Rx MPH_INFO time ind
[1;34mDL1P[0;m <0007> l1sap.c:622 053015/39/01/26/23 Rx MPH_INFO time ind
[1;34mDL1P[0;m <0007> l1sap.c:622 053016/39/02/27/24 Rx MPH_INFO time ind
[1;34mDL1P[0;m <0007> l1sap.c:622 053017/39/03/28/25 Rx MPH_INFO time ind
[1;34mDL1P[0;m <0007> l1sap.c:622 053018/39/04/29/26 Rx MPH_INFO time ind
[1;34mDL1P[0;m <0007> l1sap.c:622 053019/39/05/30/27 Rx MPH_INFO time ind
[1;34mDL1P[0;m <0007> l1sap.c:622 053020/39/06/31/28 Rx MPH_INFO time ind
[1;34mDL1P[0;m <0007> l1sap.c:622 053021/39/07/32/29 Rx MPH_INFO time ind
[1;34mDL1P[0;m <0007> l1sap.c:622 053022/39/08/33/30 Rx MPH_INFO time ind
[1;34mDL1P[0;m <0007> l1sap.c:622 053023/39/09/34/31 Rx MPH_INFO time ind
[1;34mDL1P[0;m <0007> l1sap.c:622 053024/39/10/35/32 Rx MPH_INFO time ind
[1;34mDL1P[0;m <0007> l1sap.c:622 053025/39/11/36/33 Rx MPH_INFO time ind
[1;34mDL1P[0;m <0007> l1sap.c:622 053026/39/12/37/34 Rx MPH_INFO time ind
[1;34mDL1P[0;m <0007> l1sap.c:622 053027/39/13/38/35 Rx MPH_INFO time ind
[1;34mDL1P[0;m <0007> l1sap.c:622 053028/39/14/39/36 Rx MPH_INFO time ind
[1;34mDL1P[0;m <0007> l1sap.c:622 053029/39/15/40/37 Rx MPH_INFO time ind
[1;34mDL1P[0;m <0007> l1sap.c:622 053030/39/16/41/38 Rx MPH_INFO time ind
[1;34mDL1P[0;m <0007> l1sap.c:622 053031/39/17/42/39 Rx MPH_INFO time ind
[1;34mDL1P[0;m <0007> l1sap.c:622 053032/39/18/43/40 Rx MPH_INFO time ind
[1;34mDL1P[0;m <0007> l1sap.c:622 053033/39/19/44/41 Rx MPH_INFO time ind
[1;34mDL1P[0;m <0007> l1sap.c:622 053034/39/20/45/42 Rx MPH_INFO time ind
[1;34mDL1P[0;m <0007> l1sap.c:622 053035/39/21/46/43 Rx MPH_INFO time ind
[1;34mDL1P[0;m <0007> l1sap.c:622 053036/39/22/47/44 Rx MPH_INFO time ind
[1;34mDL1P[0;m <0007> l1sap.c:622 053037/39/23/48/45 Rx MPH_INFO time ind
[1;34mDL1P[0;m <0007> scheduler.c:911 053042/40/02/02/50 (bts=0,trx=0,ts=0) BCCH: PH-RTS.ind: chan_nr=0x80 link_id=0x00
[1;34mDL1P[0;m <0007> l1sap.c:1082 053042/40/02/02/50 Rx PH-RTS.ind chan_nr=BCCH on TS0 link_id=0x00d
[1;34mDL1P[0;m <0007> l1sap.c:1225 053042/40/02/02/50 Tx PH-DATA.req chan_nr=BCCH on TS0 link_id=0x00
[1;34mDL1P[0;m <0007> scheduler.c:842 053042/40/02/02/50 (bts=0,trx=0,ts=0) : PH-DATA.req: chan_nr=0x80 link_id=0x00
[1;34mDL1P[0;m <0007> l1sap.c:622 053038/39/24/49/46 Rx MPH_INFO time ind
[1;34mDL1P[0;m <0007> l1sap.c:622 053039/39/25/50/47 Rx MPH_INFO time ind
[1;34mDL1P[0;m <0007> l1sap.c:622 053040/40/00/00/48 Rx MPH_INFO time ind
[1;34mDL1P[0;m <0007> l1sap.c:622 053041/40/01/01/49 Rx MPH_INFO time ind
[1;34mDL1P[0;m <0007> scheduler.c:911 053046/40/06/06/02 (bts=0,trx=0,ts=0) CCCH: PH-RTS.ind: chan_nr=0x90 link_id=0x00
[1;34mDL1P[0;m <0007> l1sap.c:1082 053046/40/06/06/02 Rx PH-RTS.ind chan_nr=PCH/AGCH on TS0 link_id=0x00d
[1;34mDL1P[0;m <0007> l1sap.c:1225 053046/40/06/06/02 Tx PH-DATA.req chan_nr=PCH/AGCH on TS0 link_id=0x00
[1;34mDL1P[0;m <0007> scheduler.c:842 053046/40/06/06/02 (bts=0,trx=0,ts=0) : PH-DATA.req: chan_nr=0x90 link_id=0x00
[1;34mDL1P[0;m <0007> l1sap.c:622 053042/40/02/02/50 Rx MPH_INFO time ind
[1;34mDL1P[0;m <0007> scheduler_virtbts.c:106 053042/40/02/02/50 (bts=0,trx=0,ts=0) BCCH: Sending GSMTAP message to virtual Um
[1;34mDL1P[0;m <0007> l1sap.c:622 053043/40/03/03/51 Rx MPH_INFO time ind
[1;34mDL1P[0;m <0007> l1sap.c:622 053044/40/04/04/00 Rx MPH_INFO time ind
[1;34mDL1P[0;m <0007> l1sap.c:622 053045/40/05/05/01 Rx MPH_INFO time ind
[1;34mDL1P[0;m <0007> l1sap.c:622 053046/40/06/06/02 Rx MPH_INFO time ind
[1;34mDL1P[0;m <0007> scheduler_virtbts.c:106 053046/40/06/06/02 (bts=0,trx=0,ts=0) CCCH: Sending GSMTAP message to virtual Um
[1;34mDL1P[0;m <0007> l1sap.c:622 053047/40/07/07/03 Rx MPH_INFO time ind
[1;34mDL1P[0;m <0007> scheduler.c:911 053052/40/12/12/08 (bts=0,trx=0,ts=0) CCCH: PH-RTS.ind: chan_nr=0x90 link_id=0x00
[1;34mDL1P[0;m <0007> l1sap.c:1082 053052/40/12/12/08 Rx PH-RTS.ind chan_nr=PCH/AGCH on TS0 link_id=0x00d
[1;34mDL1P[0;m <0007> l1sap.c:1225 053052/40/12/12/08 Tx PH-DATA.req chan_nr=PCH/AGCH on TS0 link_id=0x00
[1;34mDL1P[0;m <0007> scheduler.c:842 053052/40/12/12/08 (bts=0,trx=0,ts=0) : PH-DATA.req: chan_nr=0x90 link_id=0x00
[1;34mDL1P[0;m <0007> l1sap.c:622 053048/40/08/08/04 Rx MPH_INFO time ind
[1;34mDL1P[0;m <0007> l1sap.c:622 053049/40/09/09/05 Rx MPH_INFO time ind
[1;34mDL1P[0;m <0007> l1sap.c:622 053050/40/10/10/06 Rx MPH_INFO time ind
[1;34mDL1P[0;m <0007> l1sap.c:622 053051/40/11/11/07 Rx MPH_INFO time ind
[1;34mDL1P[0;m <0007> scheduler.c:911 053056/40/16/16/12 (bts=0,trx=0,ts=0) CCCH: PH-RTS.ind: chan_nr=0x90 link_id=0x00
[1;34mDL1P[0;m <0007> l1sap.c:1082 053056/40/16/16/12 Rx PH-RTS.ind chan_nr=PCH/AGCH on TS0 link_id=0x00d
[1;34mDL1P[0;m <0007> l1sap.c:1225 053056/40/16/16/12 Tx PH-DATA.req chan_nr=PCH/AGCH on TS0 link_id=0x00
[1;34mDL1P[0;m <0007> scheduler.c:842 053056/40/16/16/12 (bts=0,trx=0,ts=0) : PH-DATA.req: chan_nr=0x90 link_id=0x00
[1;34mDL1P[0;m <0007> l1sap.c:622 053052/40/12/12/08 Rx MPH_INFO time ind
[1;34mDL1P[0;m <0007> scheduler_virtbts.c:106 053052/40/12/12/08 (bts=0,trx=0,ts=0) CCCH: Sending GSMTAP message to virtual Um
[1;34mDL1P[0;m <0007> l1sap.c:622 053053/40/13/13/09 Rx MPH_INFO time ind
[1;34mDL1P[0;m <0007> l1sap.c:622 053054/40/14/14/10 Rx MPH_INFO time ind
[1;34mDL1P[0;m <0007> l1sap.c:622 053055/40/15/15/11 Rx MPH_INFO time ind
[1;34mDL1P[0;m <0007> l1sap.c:622 053056/40/16/16/12 Rx MPH_INFO time ind
[1;34mDL1P[0;m <0007> scheduler_virtbts.c:106 053056/40/16/16/12 (bts=0,trx=0,ts=0) CCCH: Sending GSMTAP message to virtual Um
[1;34mDL1P[0;m <0007> l1sap.c:622 053057/40/17/17/13 Rx MPH_INFO time ind
[1;34mDL1P[0;m <0007> l1sap.c:622 053058/40/18/18/14 Rx MPH_INFO time ind
[1;34mDL1P[0;m <0007> l1sap.c:622 053059/40/19/19/15 Rx MPH_INFO time ind
[1;34mDL1P[0;m <0007> l1sap.c:622 053060/40/20/20/16 Rx MPH_INFO time ind
[1;34mDL1P[0;m <0007> l1sap.c:622 053061/40/21/21/17 Rx MPH_INFO time ind
[1;34mDL1P[0;m <0007> l1sap.c:622 053062/40/22/22/18 Rx MPH_INFO time ind
[1;34mDL1P[0;m <0007> l1sap.c:622 053063/40/23/23/19 Rx MPH_INFO time ind
[1;34mDL1P[0;m <0007> l1sap.c:622 053064/40/24/24/20 Rx MPH_INFO time ind
[1;34mDL1P[0;m <0007> l1sap.c:622 053065/40/25/25/21 Rx MPH_INFO time ind
[1;34mDL1P[0;m <0007> l1sap.c:622 053066/40/00/26/22 Rx MPH_INFO time ind
[1;34mDL1P[0;m <0007> l1sap.c:622 053067/40/01/27/23 Rx MPH_INFO time ind
[1;34mDL1P[0;m <0007> l1sap.c:622 053068/40/02/28/24 Rx MPH_INFO time ind
[1;34mDL1P[0;m <0007> l1sap.c:622 053069/40/03/29/25 Rx MPH_INFO time ind
[1;34mDL1P[0;m <0007> l1sap.c:622 053070/40/04/30/26 Rx MPH_INFO time ind
[1;34mDL1P[0;m <0007> l1sap.c:622 053071/40/05/31/27 Rx MPH_INFO time ind
[1;34mDL1P[0;m <0007> l1sap.c:622 053072/40/06/32/28 Rx MPH_INFO time ind
[1;34mDL1P[0;m <0007> l1sap.c:622 053073/40/07/33/29 Rx MPH_INFO time ind
[1;34mDL1P[0;m <0007> l1sap.c:622 053074/40/08/34/30 Rx MPH_INFO time ind
[1;34mDL1P[0;m <0007> l1sap.c:622 053075/40/09/35/31 Rx MPH_INFO time ind
[1;34mDL1P[0;m <0007> l1sap.c:622 053076/40/10/36/32 Rx MPH_INFO time ind
[1;34mDL1P[0;m <0007> l1sap.c:622 053077/40/11/37/33 Rx MPH_INFO time ind
[1;34mDL1P[0;m <0007> l1sap.c:622 053078/40/12/38/34 Rx MPH_INFO time ind
[1;34mDL1P[0;m <0007> l1sap.c:622 053079/40/13/39/35 Rx MPH_INFO time ind
[1;34mDL1P[0;m <0007> l1sap.c:622 053080/40/14/40/36 Rx MPH_INFO time ind
[1;34mDL1P[0;m <0007> l1sap.c:622 053081/40/15/41/37 Rx MPH_INFO time ind
[1;34mDL1P[0;m <0007> l1sap.c:622 053082/40/16/42/38 Rx MPH_INFO time ind
[1;34mDL1P[0;m <0007> l1sap.c:622 053083/40/17/43/39 Rx MPH_INFO time ind
[1;34mDL1P[0;m <0007> l1sap.c:622 053084/40/18/44/40 Rx MPH_INFO time ind
[1;34mDL1P[0;m <0007> l1sap.c:622 053085/40/19/45/41 Rx MPH_INFO time ind
[1;34mDL1P[0;m <0007> l1sap.c:622 053086/40/20/46/42 Rx MPH_INFO time ind
[1;34mDL1P[0;m <0007> l1sap.c:622 053087/40/21/47/43 Rx MPH_INFO time ind
[1;34mDL1P[0;m <0007> l1sap.c:622 053088/40/22/48/44 Rx MPH_INFO time ind
[1;34mDL1P[0;m <0007> scheduler.c:911 053093/40/01/02/49 (bts=0,trx=0,ts=0) BCCH: PH-RTS.ind: chan_nr=0x80 link_id=0x00
[1;34mDL1P[0;m <0007> l1sap.c:1082 053093/40/01/02/49 Rx PH-RTS.ind chan_nr=BCCH on TS0 link_id=0x00d
[1;34mDL1P[0;m <0007> l1sap.c:1225 053093/40/01/02/49 Tx PH-DATA.req chan_nr=BCCH on TS0 link_id=0x00
[1;34mDL1P[0;m <0007> scheduler.c:842 053093/40/01/02/49 (bts=0,trx=0,ts=0) : PH-DATA.req: chan_nr=0x80 link_id=0x00
[1;34mDL1P[0;m <0007> l1sap.c:622 053089/40/23/49/45 Rx MPH_INFO time ind
[1;34mDL1P[0;m <0007> l1sap.c:622 053090/40/24/50/46 Rx MPH_INFO time ind
[1;34mDL1P[0;m <0007> l1sap.c:622 053091/40/25/00/47 Rx MPH_INFO time ind
[1;34mDL1P[0;m <0007> l1sap.c:622 053092/40/00/01/48 Rx MPH_INFO time ind
[1;34mDL1P[0;m <0007> scheduler.c:911 053097/40/05/06/01 (bts=0,trx=0,ts=0) CCCH: PH-RTS.ind: chan_nr=0x90 link_id=0x00
[1;34mDL1P[0;m <0007> l1sap.c:1082 053097/40/05/06/01 Rx PH-RTS.ind chan_nr=PCH/AGCH on TS0 link_id=0x00d
[1;34mDL1P[0;m <0007> l1sap.c:1225 053097/40/05/06/01 Tx PH-DATA.req chan_nr=PCH/AGCH on TS0 link_id=0x00
[1;34mDL1P[0;m <0007> scheduler.c:842 053097/40/05/06/01 (bts=0,trx=0,ts=0) : PH-DATA.req: chan_nr=0x90 link_id=0x00
[1;34mDL1P[0;m <0007> l1sap.c:622 053093/40/01/02/49 Rx MPH_INFO time ind
[1;34mDL1P[0;m <0007> scheduler_virtbts.c:106 053093/40/01/02/49 (bts=0,trx=0,ts=0) BCCH: Sending GSMTAP message to virtual Um
[1;34mDL1P[0;m <0007> l1sap.c:622 053094/40/02/03/50 Rx MPH_INFO time ind
[1;34mDL1P[0;m <0007> l1sap.c:622 053095/40/03/04/51 Rx MPH_INFO time ind
[1;34mDL1P[0;m <0007> l1sap.c:622 053096/40/04/05/00 Rx MPH_INFO time ind
[1;34mDL1P[0;m <0007> l1sap.c:622 053097/40/05/06/01 Rx MPH_INFO time ind
[1;34mDL1P[0;m <0007> scheduler_virtbts.c:106 053097/40/05/06/01 (bts=0,trx=0,ts=0) CCCH: Sending GSMTAP message to virtual Um
[1;34mDL1P[0;m <0007> l1sap.c:622 053098/40/06/07/02 Rx MPH_INFO time ind
[1;34mDL1P[0;m <0007> scheduler.c:911 053103/40/11/12/07 (bts=0,trx=0,ts=0) CCCH: PH-RTS.ind: chan_nr=0x90 link_id=0x00
[1;34mDL1P[0;m <0007> l1sap.c:1082 053103/40/11/12/07 Rx PH-RTS.ind chan_nr=PCH/AGCH on TS0 link_id=0x00d
[1;34mDL1P[0;m <0007> l1sap.c:1225 053103/40/11/12/07 Tx PH-DATA.req chan_nr=PCH/AGCH on TS0 link_id=0x00
[1;34mDL1P[0;m <0007> scheduler.c:842 053103/40/11/12/07 (bts=0,trx=0,ts=0) : PH-DATA.req: chan_nr=0x90 link_id=0x00
[1;34mDL1P[0;m <0007> l1sap.c:622 053099/40/07/08/03 Rx MPH_INFO time ind
[1;34mDL1P[0;m <0007> l1sap.c:622 053100/40/08/09/04 Rx MPH_INFO time ind
[1;34mDL1P[0;m <0007> l1sap.c:622 053101/40/09/10/05 Rx MPH_INFO time ind
[1;34mDL1P[0;m <0007> l1sap.c:622 053102/40/10/11/06 Rx MPH_INFO time ind
[1;34mDL1P[0;m <0007> scheduler.c:911 053107/40/15/16/11 (bts=0,trx=0,ts=0) CCCH: PH-RTS.ind: chan_nr=0x90 link_id=0x00
[1;34mDL1P[0;m <0007> l1sap.c:1082 053107/40/15/16/11 Rx PH-RTS.ind chan_nr=PCH/AGCH on TS0 link_id=0x00d
[1;34mDL1P[0;m <0007> l1sap.c:1225 053107/40/15/16/11 Tx PH-DATA.req chan_nr=PCH/AGCH on TS0 link_id=0x00
[1;34mDL1P[0;m <0007> scheduler.c:842 053107/40/15/16/11 (bts=0,trx=0,ts=0) : PH-DATA.req: chan_nr=0x90 link_id=0x00
[1;34mDL1P[0;m <0007> l1sap.c:622 053103/40/11/12/07 Rx MPH_INFO time ind
[1;34mDL1P[0;m <0007> scheduler_virtbts.c:106 053103/40/11/12/07 (bts=0,trx=0,ts=0) CCCH: Sending GSMTAP message to virtual Um
[1;34mDL1P[0;m <0007> l1sap.c:622 053104/40/12/13/08 Rx MPH_INFO time ind
[1;34mDL1P[0;m <0007> l1sap.c:622 053105/40/13/14/09 Rx MPH_INFO time ind
[1;34mDL1P[0;m <0007> l1sap.c:622 053106/40/14/15/10 Rx MPH_INFO time ind
[1;34mDL1P[0;m <0007> l1sap.c:622 053107/40/15/16/11 Rx MPH_INFO time ind
[1;34mDL1P[0;m <0007> scheduler_virtbts.c:106 053107/40/15/16/11 (bts=0,trx=0,ts=0) CCCH: Sending GSMTAP message to virtual Um
[1;34mDL1P[0;m <0007> l1sap.c:2719 053107/40/15/16/11 Rx PH-RA.ind
[1;32mDL1P[0;m <0007> l1sap.c:2770 053107/40/15/16/11 RACH for RR access (toa=0, ra=1)
[1;35m[1;32mDRSL[0;m[1;35m <0000> rsl.c:3887 (bts=0,trx=0,ts=0,ss=4) Fwd RLL msg CHAN_RQD from LAPDm to A-bis[0;m
[1;34mDL1P[0;m <0007> l1_if.c:181 053107/40/15/16/11 Message forwarded to layer 2.
[38;5;23m[1;34mDLINP[0;m[38;5;23m <0013> stream_cli.c:573 CLICONN(ts-0-2-rsl-trx0,r=10.42.0.88:3003<->l=10.42.0.92:36397){CONNECTED} received 31 bytes from srv[0;m
[1;35m[1;32mDRSL[0;m[1;35m <0000> rsl.c:4004 (bts=0,trx=0,ts=0,pchan=CCCH+SDCCH4) ss=0 Rx RSL CHAN_ACTIV[0;m
[1;35m[1;34mDRSL[0;m[1;35m <0000> rsl.c:2046 (bts=0,trx=0,ts=0,ss=0) BS Power attenuation 0 dB[0;m
[1;35m[1;32mDRSL[0;m[1;35m <0000> rsl.c:2136 (bts=0,trx=0,ts=0,ss=0) chan_nr=SDCCH/4(0) on TS0 type=0x00=INITIAL mode=SIGNALLING[0;m
[1;32mDL1C[0;m <0006> l1sap.c:2979 (bts=0,trx=0,ts=0,ss=0) Activating channel SDCCH/4(0) on TS0
[1;32mDL1C[0;m <0006> scheduler.c:1070 (bts=0,trx=0,ts=0,ss=0) Activating SDCCH/4(0)
[1;32mDL1C[0;m <0006> scheduler.c:1070 (bts=0,trx=0,ts=0,ss=0) Activating SACCH/4(0)
[1;32mDL1C[0;m <0006> scheduler.c:1221 (bts=0,trx=0,ts=0) Set mode for SDCCH/4(0) (rsl_cmode=3, tch_mode=0, handover=0)
[1;32mDL1C[0;m <0006> lchan.c:291 (bts=0,trx=0,ts=0,ss=0) state NONE -> ACTIVE
[38;5;12m[1;34mDLLAPD[0;m[38;5;12m <0012> lchan.c:171 (bts=0,trx=0,ts=0,ss=0) Setting T200 D0=36, D3=444, S0=87, S3=87 (all in frames)[0;m
[38;5;12m[1;32mDLLAPD[0;m[38;5;12m <0012> lapd_core.c:353 ((bts=0,trx=0,ts=0,ss=0)[ACCH][0]) Init DL layer: sequence range = 8, k = 1, history range = 2[0;m
[38;5;12m[1;32mDLLAPD[0;m[38;5;12m <0012> lapd_core.c:278 ((bts=0,trx=0,ts=0,ss=0)[ACCH][0]) new state LAPD_STATE_NULL -> LAPD_STATE_IDLE[0;m
[38;5;12m[1;32mDLLAPD[0;m[38;5;12m <0012> lapd_core.c:353 ((bts=0,trx=0,ts=0,ss=0)[ACCH][3]) Init DL layer: sequence range = 8, k = 1, history range = 2[0;m
[38;5;12m[1;32mDLLAPD[0;m[38;5;12m <0012> lapd_core.c:278 ((bts=0,trx=0,ts=0,ss=0)[ACCH][3]) new state LAPD_STATE_NULL -> LAPD_STATE_IDLE[0;m
[38;5;12m[1;32mDLLAPD[0;m[38;5;12m <0012> lapd_core.c:353 ((bts=0,trx=0,ts=0,ss=0)[DCCH][0]) Init DL layer: sequence range = 8, k = 1, history range = 2[0;m
[38;5;12m[1;32mDLLAPD[0;m[38;5;12m <0012> lapd_core.c:278 ((bts=0,trx=0,ts=0,ss=0)[DCCH][0]) new state LAPD_STATE_NULL -> LAPD_STATE_IDLE[0;m
[38;5;12m[1;32mDLLAPD[0;m[38;5;12m <0012> lapd_core.c:353 ((bts=0,trx=0,ts=0,ss=0)[DCCH][3]) Init DL layer: sequence range = 8, k = 1, history range = 2[0;m
[38;5;12m[1;32mDLLAPD[0;m[38;5;12m <0012> lapd_core.c:278 ((bts=0,trx=0,ts=0,ss=0)[DCCH][3]) new state LAPD_STATE_NULL -> LAPD_STATE_IDLE[0;m
[1;32mDL1C[0;m <0006> scheduler.c:1288 (bts=0,trx=0,ts=0,ss=0) Set A5/0 uplink for SDCCH/4(0)
[1;32mDL1C[0;m <0006> scheduler.c:1288 (bts=0,trx=0,ts=0,ss=0) Set A5/0 uplink for SACCH/4(0)
[1;32mDL1C[0;m <0006> scheduler.c:1288 (bts=0,trx=0,ts=0,ss=0) Set A5/0 downlink for SDCCH/4(0)
[1;32mDL1C[0;m <0006> scheduler.c:1288 (bts=0,trx=0,ts=0,ss=0) Set A5/0 downlink for SACCH/4(0)
[1;32mDL1C[0;m <0006> l1sap.c:813 (bts=0,trx=0,ts=0,ss=0) activate confirm chan_nr=SDCCH/4(0) on TS0 trx=0
[1;35m[1;32mDRSL[0;m[1;35m <0000> rsl.c:1553 (bts=0,trx=0,ts=0,pchan=CCCH+SDCCH4) (ss=0) SDCCH Tx CHAN ACT ACK[0;m
[38;5;23m[1;34mDLINP[0;m[38;5;23m <0013> stream_cli.c:573 CLICONN(ts-0-2-rsl-trx0,r=10.42.0.88:3003<->l=10.42.0.92:36397){CONNECTED} received 32 bytes from srv[0;m
[1;35m[1;32mDRSL[0;m[1;35m <0000> rsl.c:3938 (bts=0,trx=0,ts=0,ss=0) Rx RSL IMM_ASS_CMD[0;m
[1;34mDL1P[0;m <0007> l1sap.c:622 053108/40/16/17/12 Rx MPH_INFO time ind
[1;34mDL1P[0;m <0007> scheduler.c:911 053113/40/21/22/17 (bts=0,trx=0,ts=0) SDCCH/4(0): PH-RTS.ind: chan_nr=0x20 link_id=0x00
[1;34mDL1P[0;m <0007> l1sap.c:1082 053113/40/21/22/17 Rx PH-RTS.ind chan_nr=SDCCH/4(0) on TS0 link_id=0x00d
[1;34mDL1P[0;m <0007> l1sap.c:1225 053113/40/21/22/17 Tx PH-DATA.req chan_nr=SDCCH/4(0) on TS0 link_id=0x00
[1;34mDL1P[0;m <0007> scheduler.c:842 053113/40/21/22/17 (bts=0,trx=0,ts=0) : PH-DATA.req: chan_nr=0x20 link_id=0x00
[1;34mDL1P[0;m <0007> l1sap.c:622 053109/40/17/18/13 Rx MPH_INFO time ind
[1;34mDL1P[0;m <0007> l1sap.c:622 053110/40/18/19/14 Rx MPH_INFO time ind
[1;34mDL1P[0;m <0007> l1sap.c:622 053111/40/19/20/15 Rx MPH_INFO time ind
[1;34mDL1P[0;m <0007> l1sap.c:622 053112/40/20/21/16 Rx MPH_INFO time ind
[1;34mDL1P[0;m <0007> l1sap.c:622 053113/40/21/22/17 Rx MPH_INFO time ind
[1;34mDL1P[0;m <0007> scheduler_virtbts.c:106 053113/40/21/22/17 (bts=0,trx=0,ts=0) SDCCH/4(0): Sending GSMTAP message to virtual Um
[1;34mDL1P[0;m <0007> l1sap.c:622 053114/40/22/23/18 Rx MPH_INFO time ind
[1;34mDL1P[0;m <0007> l1sap.c:622 053115/40/23/24/19 Rx MPH_INFO time ind
[1;34mDL1P[0;m <0007> l1sap.c:622 053116/40/24/25/20 Rx MPH_INFO time ind
[1;34mDL1P[0;m <0007> l1sap.c:622 053117/40/25/26/21 Rx MPH_INFO time ind
[1;34mDL1P[0;m <0007> l1sap.c:622 053118/40/00/27/22 Rx MPH_INFO time ind
[1;34mDL1P[0;m <0007> l1sap.c:622 053119/40/01/28/23 Rx MPH_INFO time ind
[1;34mDL1P[0;m <0007> l1sap.c:622 053120/40/02/29/24 Rx MPH_INFO time ind
[1;34mDL1P[0;m <0007> l1sap.c:622 053121/40/03/30/25 Rx MPH_INFO time ind
[1;34mDL1P[0;m <0007> l1sap.c:622 053122/40/04/31/26 Rx MPH_INFO time ind
[1;34mDL1P[0;m <0007> l1sap.c:622 053123/40/05/32/27 Rx MPH_INFO time ind
[1;34mDL1P[0;m <0007> l1sap.c:622 053124/40/06/33/28 Rx MPH_INFO time ind
[1;34mDL1P[0;m <0007> l1sap.c:622 053125/40/07/34/29 Rx MPH_INFO time ind
[1;34mDL1P[0;m <0007> l1sap.c:622 053126/40/08/35/30 Rx MPH_INFO time ind
[1;34mDL1P[0;m <0007> l1sap.c:622 053127/40/09/36/31 Rx MPH_INFO time ind
[1;34mDL1P[0;m <0007> l1sap.c:622 053128/40/10/37/32 Rx MPH_INFO time ind
[1;34mDL1P[0;m <0007> l1sap.c:622 053129/40/11/38/33 Rx MPH_INFO time ind
[1;34mDL1P[0;m <0007> l1sap.c:622 053130/40/12/39/34 Rx MPH_INFO time ind
[1;34mDL1P[0;m <0007> l1sap.c:622 053131/40/13/40/35 Rx MPH_INFO time ind
[1;34mDL1P[0;m <0007> l1sap.c:622 053132/40/14/41/36 Rx MPH_INFO time ind
[1;34mDL1P[0;m <0007> l1sap.c:622 053133/40/15/42/37 Rx MPH_INFO time ind
[1;34mDL1P[0;m <0007> l1sap.c:622 053134/40/16/43/38 Rx MPH_INFO time ind
[1;34mDL1P[0;m <0007> l1sap.c:622 053135/40/17/44/39 Rx MPH_INFO time ind
[1;34mDL1P[0;m <0007> l1sap.c:622 053136/40/18/45/40 Rx MPH_INFO time ind
[1;34mDL1P[0;m <0007> l1sap.c:622 053137/40/19/46/41 Rx MPH_INFO time ind
[1;34mDL1P[0;m <0007> l1sap.c:622 053138/40/20/47/42 Rx MPH_INFO time ind
[1;34mDL1P[0;m <0007> l1sap.c:622 053139/40/21/48/43 Rx MPH_INFO time ind
[1;34mDL1P[0;m <0007> scheduler.c:911 053144/40/00/02/48 (bts=0,trx=0,ts=0) BCCH: PH-RTS.ind: chan_nr=0x80 link_id=0x00
[1;34mDL1P[0;m <0007> l1sap.c:1082 053144/40/00/02/48 Rx PH-RTS.ind chan_nr=BCCH on TS0 link_id=0x00d
[1;34mDL1P[0;m <0007> l1sap.c:1225 053144/40/00/02/48 Tx PH-DATA.req chan_nr=BCCH on TS0 link_id=0x00
[1;34mDL1P[0;m <0007> scheduler.c:842 053144/40/00/02/48 (bts=0,trx=0,ts=0) : PH-DATA.req: chan_nr=0x80 link_id=0x00
[1;34mDL1P[0;m <0007> l1sap.c:622 053140/40/22/49/44 Rx MPH_INFO time ind
[1;34mDL1P[0;m <0007> l1sap.c:622 053141/40/23/50/45 Rx MPH_INFO time ind
[1;34mDL1P[0;m <0007> l1sap.c:622 053142/40/24/00/46 Rx MPH_INFO time ind
[1;34mDL1P[0;m <0007> l1sap.c:622 053143/40/25/01/47 Rx MPH_INFO time ind
[1;34mDL1P[0;m <0007> scheduler.c:911 053148/40/04/06/00 (bts=0,trx=0,ts=0) CCCH: PH-RTS.ind: chan_nr=0x90 link_id=0x00
[1;34mDL1P[0;m <0007> l1sap.c:1082 053148/40/04/06/00 Rx PH-RTS.ind chan_nr=PCH/AGCH on TS0 link_id=0x00d
[1;34mDL1P[0;m <0007> l1sap.c:1225 053148/40/04/06/00 Tx PH-DATA.req chan_nr=PCH/AGCH on TS0 link_id=0x00
[1;34mDL1P[0;m <0007> scheduler.c:842 053148/40/04/06/00 (bts=0,trx=0,ts=0) : PH-DATA.req: chan_nr=0x90 link_id=0x00
[1;34mDL1P[0;m <0007> l1sap.c:622 053144/40/00/02/48 Rx MPH_INFO time ind
[1;34mDL1P[0;m <0007> scheduler_virtbts.c:106 053144/40/00/02/48 (bts=0,trx=0,ts=0) BCCH: Sending GSMTAP message to virtual Um
[1;34mDL1P[0;m <0007> l1sap.c:622 053145/40/01/03/49 Rx MPH_INFO time ind
[1;34mDL1P[0;m <0007> l1sap.c:622 053146/40/02/04/50 Rx MPH_INFO time ind
[1;34mDL1P[0;m <0007> l1sap.c:622 053147/40/03/05/51 Rx MPH_INFO time ind
[1;34mDL1P[0;m <0007> l1sap.c:622 053148/40/04/06/00 Rx MPH_INFO time ind
[1;34mDL1P[0;m <0007> scheduler_virtbts.c:106 053148/40/04/06/00 (bts=0,trx=0,ts=0) CCCH: Sending GSMTAP message to virtual Um
[1;34mDL1P[0;m <0007> l1sap.c:622 053149/40/05/07/01 Rx MPH_INFO time ind
[1;34mDL1P[0;m <0007> scheduler.c:911 053154/40/10/12/06 (bts=0,trx=0,ts=0) CCCH: PH-RTS.ind: chan_nr=0x90 link_id=0x00
[1;34mDL1P[0;m <0007> l1sap.c:1082 053154/40/10/12/06 Rx PH-RTS.ind chan_nr=PCH/AGCH on TS0 link_id=0x00d
[1;34mDL1P[0;m <0007> l1sap.c:1225 053154/40/10/12/06 Tx PH-DATA.req chan_nr=PCH/AGCH on TS0 link_id=0x00
[1;34mDL1P[0;m <0007> scheduler.c:842 053154/40/10/12/06 (bts=0,trx=0,ts=0) : PH-DATA.req: chan_nr=0x90 link_id=0x00
[1;34mDL1P[0;m <0007> l1sap.c:622 053150/40/06/08/02 Rx MPH_INFO time ind
[1;34mDL1P[0;m <0007> l1sap.c:622 053151/40/07/09/03 Rx MPH_INFO time ind
[1;34mDL1P[0;m <0007> l1sap.c:622 053152/40/08/10/04 Rx MPH_INFO time ind
[1;34mDL1P[0;m <0007> l1sap.c:622 053153/40/09/11/05 Rx MPH_INFO time ind
[1;34mDL1P[0;m <0007> scheduler.c:911 053158/40/14/16/10 (bts=0,trx=0,ts=0) CCCH: PH-RTS.ind: chan_nr=0x90 link_id=0x00
[1;34mDL1P[0;m <0007> l1sap.c:1082 053158/40/14/16/10 Rx PH-RTS.ind chan_nr=PCH/AGCH on TS0 link_id=0x00d
[1;34mDL1P[0;m <0007> l1sap.c:1225 053158/40/14/16/10 Tx PH-DATA.req chan_nr=PCH/AGCH on TS0 link_id=0x00
[1;34mDL1P[0;m <0007> scheduler.c:842 053158/40/14/16/10 (bts=0,trx=0,ts=0) : PH-DATA.req: chan_nr=0x90 link_id=0x00
[1;34mDL1P[0;m <0007> l1sap.c:622 053154/40/10/12/06 Rx MPH_INFO time ind
[1;34mDL1P[0;m <0007> scheduler_virtbts.c:106 053154/40/10/12/06 (bts=0,trx=0,ts=0) CCCH: Sending GSMTAP message to virtual Um
[1;34mDL1P[0;m <0007> l1sap.c:622 053155/40/11/13/07 Rx MPH_INFO time ind
[1;34mDL1P[0;m <0007> l1sap.c:622 053156/40/12/14/08 Rx MPH_INFO time ind
[1;34mDL1P[0;m <0007> l1sap.c:622 053157/40/13/15/09 Rx MPH_INFO time ind
[1;34mDL1P[0;m <0007> l1sap.c:622 053158/40/14/16/10 Rx MPH_INFO time ind
[1;34mDL1P[0;m <0007> scheduler_virtbts.c:106 053158/40/14/16/10 (bts=0,trx=0,ts=0) CCCH: Sending GSMTAP message to virtual Um
[1;34mDL1P[0;m <0007> l1sap.c:622 053159/40/15/17/11 Rx MPH_INFO time ind
[1;34mDL1P[0;m <0007> scheduler.c:911 053164/40/20/22/16 (bts=0,trx=0,ts=0) SDCCH/4(0): PH-RTS.ind: chan_nr=0x20 link_id=0x00
[1;34mDL1P[0;m <0007> l1sap.c:1082 053164/40/20/22/16 Rx PH-RTS.ind chan_nr=SDCCH/4(0) on TS0 link_id=0x00d
[1;34mDL1P[0;m <0007> l1sap.c:1225 053164/40/20/22/16 Tx PH-DATA.req chan_nr=SDCCH/4(0) on TS0 link_id=0x00
[1;34mDL1P[0;m <0007> scheduler.c:842 053164/40/20/22/16 (bts=0,trx=0,ts=0) : PH-DATA.req: chan_nr=0x20 link_id=0x00
[1;34mDL1P[0;m <0007> l1sap.c:622 053160/40/16/18/12 Rx MPH_INFO time ind
[1;34mDL1P[0;m <0007> l1sap.c:622 053161/40/17/19/13 Rx MPH_INFO time ind
[1;34mDL1P[0;m <0007> l1sap.c:622 053162/40/18/20/14 Rx MPH_INFO time ind
[1;34mDL1P[0;m <0007> l1sap.c:622 053163/40/19/21/15 Rx MPH_INFO time ind
[1;34mDL1P[0;m <0007> l1sap.c:622 053164/40/20/22/16 Rx MPH_INFO time ind
[1;34mDL1P[0;m <0007> scheduler_virtbts.c:106 053164/40/20/22/16 (bts=0,trx=0,ts=0) SDCCH/4(0): Sending GSMTAP message to virtual Um
[1;34mDL1P[0;m <0007> l1sap.c:622 053165/40/21/23/17 Rx MPH_INFO time ind
[1;34mDL1P[0;m <0007> l1sap.c:622 053166/40/22/24/18 Rx MPH_INFO time ind
[1;34mDL1P[0;m <0007> l1sap.c:622 053167/40/23/25/19 Rx MPH_INFO time ind
[1;34mDL1P[0;m <0007> l1sap.c:622 053168/40/24/26/20 Rx MPH_INFO time ind
[1;34mDL1P[0;m <0007> l1sap.c:622 053169/40/25/27/21 Rx MPH_INFO time ind
[1;34mDL1P[0;m <0007> l1sap.c:622 053170/40/00/28/22 Rx MPH_INFO time ind
[1;34mDL1P[0;m <0007> l1sap.c:622 053171/40/01/29/23 Rx MPH_INFO time ind
[1;34mDL1P[0;m <0007> l1sap.c:622 053172/40/02/30/24 Rx MPH_INFO time ind
[1;34mDL1P[0;m <0007> l1sap.c:622 053173/40/03/31/25 Rx MPH_INFO time ind
[1;34mDL1P[0;m <0007> l1sap.c:622 053174/40/04/32/26 Rx MPH_INFO time ind
[1;34mDL1P[0;m <0007> l1sap.c:622 053175/40/05/33/27 Rx MPH_INFO time ind
[1;34mDL1P[0;m <0007> l1sap.c:622 053176/40/06/34/28 Rx MPH_INFO time ind
[1;34mDL1P[0;m <0007> l1sap.c:622 053177/40/07/35/29 Rx MPH_INFO time ind
[1;34mDL1P[0;m <0007> l1sap.c:622 053178/40/08/36/30 Rx MPH_INFO time ind
[1;34mDL1P[0;m <0007> l1sap.c:622 053179/40/09/37/31 Rx MPH_INFO time ind
[1;34mDL1P[0;m <0007> scheduler.c:911 053184/40/14/42/36 (bts=0,trx=0,ts=0) SACCH/4(0): PH-RTS.ind: chan_nr=0x20 link_id=0x40
[1;34mDL1P[0;m <0007> l1sap.c:1082 053184/40/14/42/36 Rx PH-RTS.ind chan_nr=SDCCH/4(0) on TS0 link_id=0x40d
[1;34mDL1P[0;m <0007> l1sap.c:1225 053184/40/14/42/36 Tx PH-DATA.req chan_nr=SDCCH/4(0) on TS0 link_id=0x40
[1;34mDL1P[0;m <0007> scheduler.c:842 053184/40/14/42/36 (bts=0,trx=0,ts=0) : PH-DATA.req: chan_nr=0x20 link_id=0x40
[1;34mDL1P[0;m <0007> l1sap.c:622 053180/40/10/38/32 Rx MPH_INFO time ind
[1;34mDL1P[0;m <0007> l1sap.c:622 053181/40/11/39/33 Rx MPH_INFO time ind
[1;34mDL1P[0;m <0007> l1sap.c:622 053182/40/12/40/34 Rx MPH_INFO time ind
[1;34mDL1P[0;m <0007> l1sap.c:622 053183/40/13/41/35 Rx MPH_INFO time ind
[1;34mDL1P[0;m <0007> l1sap.c:622 053184/40/14/42/36 Rx MPH_INFO time ind
[1;34mDL1P[0;m <0007> scheduler_virtbts.c:106 053184/40/14/42/36 (bts=0,trx=0,ts=0) SACCH/4(0): Sending GSMTAP message to virtual Um
[1;34mDMEAS[0;m <0004> l1_if.c:315 (bts=0,trx=0,ts=0,ss=0) 053179/40/09/37/31 RX L1 frame chan_nr=0x20 MS pwr=15dBm rssi=0.0 dBFS ber=100.00% (0/0 bits) L1_ta=0 ta_ctrl.current=0 toa=0.00
[1;34mDL1P[0;m <0007> l1sap.c:742 (bts=0,trx=0,ts=0,ss=0) 053179/40/09/37/31 MPH INFO meas ind, ta_offs_256bits=0, ber10k=10000, inv_rssi=0, C/I=0 cB
[1;34mDMEAS[0;m <0004> measurement.c:350 (bts=0,trx=0,ts=0,ss=0) 053179/40/09/37/31 adding a SUB measurement (ber10k=10000, ta_offs=0, ci_cB=0, rssi=-0), num_ul_meas=1, fn_mod=37
[1;34mDL1P[0;m <0007> l1sap.c:1974 053179/40/09/37/31 Rx PH-DATA.ind chan_nr=SDCCH/4(0) on TS0 link_id=0x00 len=23
[38;5;12m[1;34mDLLAPD[0;m[38;5;12m <0012> lapdm.c:992 ((bts=0,trx=0,ts=0,ss=0)[DCCH][0]) Frame received at FN 53179.[0;m
[38;5;12m[1;32mDLLAPD[0;m[38;5;12m <0012> lapd_core.c:882 ((bts=0,trx=0,ts=0,ss=0)[DCCH][0]) SABM(E) received in state LAPD_STATE_IDLE[0;m
[38;5;12m[1;32mDLLAPD[0;m[38;5;12m <0012> lapd_core.c:278 ((bts=0,trx=0,ts=0,ss=0)[DCCH][0]) new state LAPD_STATE_IDLE -> LAPD_STATE_MF_EST[0;m
[38;5;12m[1;32mDLLAPD[0;m[38;5;12m <0012> lapd_core.c:1003 ((bts=0,trx=0,ts=0,ss=0)[DCCH][0]) Store content res.[0;m
[1;35m[1;32mDRSL[0;m[1;35m <0000> rsl.c:3887 (bts=0,trx=0,ts=0,ss=0) Fwd RLL msg EST_IND from LAPDm to A-bis[0;m
[1;34mDL1P[0;m <0007> l1_if.c:181 053179/40/09/37/31 Message forwarded to layer 2.
[38;5;23m[1;34mDLINP[0;m[38;5;23m <0013> stream_cli.c:573 CLICONN(ts-0-2-rsl-trx0,r=10.42.0.88:3003<->l=10.42.0.92:36397){CONNECTED} received 15 bytes from srv[0;m
[1;31m[1;34mDRLL[0;m[1;31m <0002> rsl.c:3655 (bts=0,trx=0,ts=0,ss=0) Rx RLL DATA_REQ Abis -> LAPDm[0;m
[38;5;12m[1;32mDLLAPD[0;m[38;5;12m <0012> lapd_core.c:2345 ((bts=0,trx=0,ts=0,ss=0)[DCCH][0]) Message DL-DATA-REQUEST received in state LAPD_STATE_MF_EST[0;m
[38;5;12m[1;32mDLLAPD[0;m[38;5;12m <0012> lapd_core.c:1923 ((bts=0,trx=0,ts=0,ss=0)[DCCH][0]) writing message to send-queue: l3len: 3[0;m
[38;5;12m[1;32mDLLAPD[0;m[38;5;12m <0012> lapd_core.c:1948 ((bts=0,trx=0,ts=0,ss=0)[DCCH][0]) lapd_send_i() called from line 1931[0;m
[38;5;12m[1;32mDLLAPD[0;m[38;5;12m <0012> lapd_core.c:1952 ((bts=0,trx=0,ts=0,ss=0)[DCCH][0]) There is a frame in the TX queue, not checking for sending I frame.[0;m
[38;5;23m[1;34mDLINP[0;m[38;5;23m <0013> stream_cli.c:573 CLICONN(ts-0-2-rsl-trx0,r=10.42.0.88:3003<->l=10.42.0.92:36397){CONNECTED} received 14 bytes from srv[0;m
[1;35m[1;32mDRSL[0;m[1;35m <0000> rsl.c:4004 (bts=0,trx=0,ts=0,pchan=CCCH+SDCCH4) ss=0 Rx RSL DEACTIVATE_SACCH[0;m
[1;32mDL1C[0;m <0006> l1sap.c:3052 (bts=0,trx=0,ts=0,ss=0) Deactivating SACCH on channel SDCCH/4(0) on TS0
[1;32mDL1C[0;m <0006> scheduler.c:1070 (bts=0,trx=0,ts=0,ss=0) Deactivating SACCH/4(0)
[38;5;23m[1;34mDLINP[0;m[38;5;23m <0013> stream_cli.c:573 CLICONN(ts-0-2-rsl-trx0,r=10.42.0.88:3003<->l=10.42.0.92:36397){CONNECTED} received 14 bytes from srv[0;m
[1;35m[1;32mDRSL[0;m[1;35m <0000> rsl.c:4004 (bts=0,trx=0,ts=0,pchan=CCCH+SDCCH4) ss=0 Rx RSL RF_CHAN_REL[0;m
[1;32mDL1C[0;m <0006> l1sap.c:3026 (bts=0,trx=0,ts=0,ss=0) Deactivating channel SDCCH/4(0) on TS0
[1;32mDL1C[0;m <0006> lchan.c:291 (bts=0,trx=0,ts=0,ss=0) state ACTIVE -> NONE
[38;5;12m[1;32mDLLAPD[0;m[38;5;12m <0012> lapd_core.c:382 ((bts=0,trx=0,ts=0,ss=0)[ACCH][0]) Resetting LAPD instance[0;m
[38;5;12m[1;32mDLLAPD[0;m[38;5;12m <0012> lapd_core.c:278 ((bts=0,trx=0,ts=0,ss=0)[ACCH][0]) new state LAPD_STATE_IDLE -> LAPD_STATE_IDLE[0;m
[38;5;12m[1;32mDLLAPD[0;m[38;5;12m <0012> lapd_core.c:278 ((bts=0,trx=0,ts=0,ss=0)[ACCH][0]) new state LAPD_STATE_IDLE -> LAPD_STATE_NULL[0;m
[38;5;12m[1;32mDLLAPD[0;m[38;5;12m <0012> lapd_core.c:382 ((bts=0,trx=0,ts=0,ss=0)[ACCH][3]) Resetting LAPD instance[0;m
[38;5;12m[1;32mDLLAPD[0;m[38;5;12m <0012> lapd_core.c:278 ((bts=0,trx=0,ts=0,ss=0)[ACCH][3]) new state LAPD_STATE_IDLE -> LAPD_STATE_IDLE[0;m
[38;5;12m[1;32mDLLAPD[0;m[38;5;12m <0012> lapd_core.c:278 ((bts=0,trx=0,ts=0,ss=0)[ACCH][3]) new state LAPD_STATE_IDLE -> LAPD_STATE_NULL[0;m
[38;5;12m[1;32mDLLAPD[0;m[38;5;12m <0012> lapd_core.c:382 ((bts=0,trx=0,ts=0,ss=0)[DCCH][0]) Resetting LAPD instance[0;m
[38;5;12m[1;32mDLLAPD[0;m[38;5;12m <0012> lapd_core.c:278 ((bts=0,trx=0,ts=0,ss=0)[DCCH][0]) new state LAPD_STATE_MF_EST -> LAPD_STATE_IDLE[0;m
[38;5;12m[1;32mDLLAPD[0;m[38;5;12m <0012> lapd_core.c:278 ((bts=0,trx=0,ts=0,ss=0)[DCCH][0]) new state LAPD_STATE_IDLE -> LAPD_STATE_NULL[0;m
[38;5;12m[1;32mDLLAPD[0;m[38;5;12m <0012> lapd_core.c:382 ((bts=0,trx=0,ts=0,ss=0)[DCCH][3]) Resetting LAPD instance[0;m
[38;5;12m[1;32mDLLAPD[0;m[38;5;12m <0012> lapd_core.c:278 ((bts=0,trx=0,ts=0,ss=0)[DCCH][3]) new state LAPD_STATE_IDLE -> LAPD_STATE_IDLE[0;m
[38;5;12m[1;32mDLLAPD[0;m[38;5;12m <0012> lapd_core.c:278 ((bts=0,trx=0,ts=0,ss=0)[DCCH][3]) new state LAPD_STATE_IDLE -> LAPD_STATE_NULL[0;m
[1;32mDL1C[0;m <0006> scheduler.c:1070 (bts=0,trx=0,ts=0,ss=0) Deactivating SDCCH/4(0)
[1;32mDL1C[0;m <0006> l1sap.c:842 (bts=0,trx=0,ts=0,ss=0) deactivate confirm chan_nr=SDCCH/4(0) on TS0 trx=0
[1;35m[1;32mDRSL[0;m[1;35m <0000> rsl.c:1538 (bts=0,trx=0,ts=0,pchan=CCCH+SDCCH4) (ss=0) SDCCH Tx CHAN REL ACK[0;m
[1;34mDL1P[0;m <0007> l1sap.c:622 053185/40/15/43/37 Rx MPH_INFO time ind
[1;34mDL1P[0;m <0007> l1sap.c:622 053186/40/16/44/38 Rx MPH_INFO time ind
[1;34mDL1P[0;m <0007> l1sap.c:622 053187/40/17/45/39 Rx MPH_INFO time ind
[1;34mDL1P[0;m <0007> l1sap.c:622 053188/40/18/46/40 Rx MPH_INFO time ind
[1;34mDL1P[0;m <0007> l1sap.c:622 053189/40/19/47/41 Rx MPH_INFO time ind
[1;34mDL1P[0;m <0007> l1sap.c:622 053190/40/20/48/42 Rx MPH_INFO time ind
[1;34mDL1P[0;m <0007> scheduler.c:911 053195/40/25/02/47 (bts=0,trx=0,ts=0) BCCH: PH-RTS.ind: chan_nr=0x80 link_id=0x00
[1;34mDL1P[0;m <0007> l1sap.c:1082 053195/40/25/02/47 Rx PH-RTS.ind chan_nr=BCCH on TS0 link_id=0x00d
[1;34mDL1P[0;m <0007> l1sap.c:1225 053195/40/25/02/47 Tx PH-DATA.req chan_nr=BCCH on TS0 link_id=0x00
[1;34mDL1P[0;m <0007> scheduler.c:842 053195/40/25/02/47 (bts=0,trx=0,ts=0) : PH-DATA.req: chan_nr=0x80 link_id=0x00
[1;34mDL1P[0;m <0007> l1sap.c:622 053191/40/21/49/43 Rx MPH_INFO time ind
[1;34mDL1P[0;m <0007> l1sap.c:622 053192/40/22/50/44 Rx MPH_INFO time ind
[1;34mDL1P[0;m <0007> l1sap.c:622 053193/40/23/00/45 Rx MPH_INFO time ind
[1;34mDL1P[0;m <0007> l1sap.c:622 053194/40/24/01/46 Rx MPH_INFO time ind
[1;34mDL1P[0;m <0007> scheduler.c:911 053199/40/03/06/51 (bts=0,trx=0,ts=0) CCCH: PH-RTS.ind: chan_nr=0x90 link_id=0x00
[1;34mDL1P[0;m <0007> l1sap.c:1082 053199/40/03/06/51 Rx PH-RTS.ind chan_nr=PCH/AGCH on TS0 link_id=0x00d
[1;34mDL1P[0;m <0007> l1sap.c:1225 053199/40/03/06/51 Tx PH-DATA.req chan_nr=PCH/AGCH on TS0 link_id=0x00
[1;34mDL1P[0;m <0007> scheduler.c:842 053199/40/03/06/51 (bts=0,trx=0,ts=0) : PH-DATA.req: chan_nr=0x90 link_id=0x00
[1;34mDL1P[0;m <0007> l1sap.c:622 053195/40/25/02/47 Rx MPH_INFO time ind
[1;34mDL1P[0;m <0007> scheduler_virtbts.c:106 053195/40/25/02/47 (bts=0,trx=0,ts=0) BCCH: Sending GSMTAP message to virtual Um
[1;34mDL1P[0;m <0007> l1sap.c:622 053196/40/00/03/48 Rx MPH_INFO time ind
[1;34mDL1P[0;m <0007> l1sap.c:622 053197/40/01/04/49 Rx MPH_INFO time ind
[1;34mDL1P[0;m <0007> l1sap.c:622 053198/40/02/05/50 Rx MPH_INFO time ind
[1;34mDL1P[0;m <0007> l1sap.c:622 053199/40/03/06/51 Rx MPH_INFO time ind
[1;34mDL1P[0;m <0007> scheduler_virtbts.c:106 053199/40/03/06/51 (bts=0,trx=0,ts=0) CCCH: Sending GSMTAP message to virtual Um
[1;34mDL1P[0;m <0007> l1sap.c:622 053200/40/04/07/00 Rx MPH_INFO time ind
[1;34mDL1P[0;m <0007> scheduler.c:911 053205/40/09/12/05 (bts=0,trx=0,ts=0) CCCH: PH-RTS.ind: chan_nr=0x90 link_id=0x00
[1;34mDL1P[0;m <0007> l1sap.c:1082 053205/40/09/12/05 Rx PH-RTS.ind chan_nr=PCH/AGCH on TS0 link_id=0x00d
[1;34mDL1P[0;m <0007> l1sap.c:1225 053205/40/09/12/05 Tx PH-DATA.req chan_nr=PCH/AGCH on TS0 link_id=0x00
[1;34mDL1P[0;m <0007> scheduler.c:842 053205/40/09/12/05 (bts=0,trx=0,ts=0) : PH-DATA.req: chan_nr=0x90 link_id=0x00
[1;34mDL1P[0;m <0007> l1sap.c:622 053201/40/05/08/01 Rx MPH_INFO time ind
[1;34mDL1P[0;m <0007> l1sap.c:622 053202/40/06/09/02 Rx MPH_INFO time ind
[1;34mDL1P[0;m <0007> l1sap.c:622 053203/40/07/10/03 Rx MPH_INFO time ind
[1;34mDL1P[0;m <0007> l1sap.c:622 053204/40/08/11/04 Rx MPH_INFO time ind
[1;34mDL1P[0;m <0007> scheduler.c:911 053209/40/13/16/09 (bts=0,trx=0,ts=0) CCCH: PH-RTS.ind: chan_nr=0x90 link_id=0x00
[1;34mDL1P[0;m <0007> l1sap.c:1082 053209/40/13/16/09 Rx PH-RTS.ind chan_nr=PCH/AGCH on TS0 link_id=0x00d
[1;34mDL1P[0;m <0007> l1sap.c:1225 053209/40/13/16/09 Tx PH-DATA.req chan_nr=PCH/AGCH on TS0 link_id=0x00
[1;34mDL1P[0;m <0007> scheduler.c:842 053209/40/13/16/09 (bts=0,trx=0,ts=0) : PH-DATA.req: chan_nr=0x90 link_id=0x00
[1;34mDL1P[0;m <0007> l1sap.c:622 053205/40/09/12/05 Rx MPH_INFO time ind
[1;34mDL1P[0;m <0007> scheduler_virtbts.c:106 053205/40/09/12/05 (bts=0,trx=0,ts=0) CCCH: Sending GSMTAP message to virtual Um
[1;34mDMEAS[0;m <0004> l1_if.c:315 (bts=0,trx=0,ts=0,ss=0) 053205/40/09/12/05 RX L1 frame chan_nr=0x20 MS pwr=5dBm rssi=0.0 dBFS ber=100.00% (0/0 bits) L1_ta=0 ta_ctrl.current=0 toa=0.00
[1;33mDL1P[0;m <0007> l1sap.c:104 (bts=0,trx=0,ts=0,ss=0) assuming active lchan, but state is NONE
[1;31mDL1P[0;m <0007> l1sap.c:783 053205/40/09/12/05 No lchan for chan_nr=SDCCH/4(0) on TS0
[1;34mDL1P[0;m <0007> l1sap.c:1974 053205/40/09/12/05 Rx PH-DATA.ind chan_nr=SDCCH/4(0) on TS0 link_id=0x40 len=23
[1;33mDL1P[0;m <0007> l1sap.c:104 (bts=0,trx=0,ts=0,ss=0) assuming active lchan, but state is NONE
[1;31mDL1P[0;m <0007> l1sap.c:2013 053205/40/09/12/05 No lchan for chan_nr=SDCCH/4(0) on TS0
[1;34mDL1P[0;m <0007> l1_if.c:181 053205/40/09/12/05 Message forwarded to layer 2.
[1;34mDL1P[0;m <0007> l1sap.c:622 053206/40/10/13/06 Rx MPH_INFO time ind
[1;34mDL1P[0;m <0007> l1sap.c:622 053207/40/11/14/07 Rx MPH_INFO time ind
[1;34mDL1P[0;m <0007> l1sap.c:622 053208/40/12/15/08 Rx MPH_INFO time ind
[1;34mDL1P[0;m <0007> l1sap.c:622 053209/40/13/16/09 Rx MPH_INFO time ind
[1;34mDL1P[0;m <0007> scheduler_virtbts.c:106 053209/40/13/16/09 (bts=0,trx=0,ts=0) CCCH: Sending GSMTAP message to virtual Um
[1;34mDL1P[0;m <0007> l1sap.c:622 053210/40/14/17/10 Rx MPH_INFO time ind
[1;34mDL1P[0;m <0007> l1sap.c:622 053211/40/15/18/11 Rx MPH_INFO time ind
[1;34mDL1P[0;m <0007> l1sap.c:622 053212/40/16/19/12 Rx MPH_INFO time ind
[1;34mDL1P[0;m <0007> l1sap.c:622 053213/40/17/20/13 Rx MPH_INFO time ind
[1;34mDL1P[0;m <0007> l1sap.c:622 053214/40/18/21/14 Rx MPH_INFO time ind
[1;34mDL1P[0;m <0007> l1sap.c:622 053215/40/19/22/15 Rx MPH_INFO time ind
[1;34mDL1P[0;m <0007> l1sap.c:622 053216/40/20/23/16 Rx MPH_INFO time ind
[1;34mDL1P[0;m <0007> l1sap.c:622 053217/40/21/24/17 Rx MPH_INFO time ind
[1;34mDL1P[0;m <0007> l1sap.c:622 053218/40/22/25/18 Rx MPH_INFO time ind
[1;34mDL1P[0;m <0007> l1sap.c:622 053219/40/23/26/19 Rx MPH_INFO time ind
[1;34mDL1P[0;m <0007> l1sap.c:622 053220/40/24/27/20 Rx MPH_INFO time ind
[1;34mDL1P[0;m <0007> l1sap.c:622 053221/40/25/28/21 Rx MPH_INFO time ind
[1;34mDL1P[0;m <0007> l1sap.c:622 053222/40/00/29/22 Rx MPH_INFO time ind
[1;34mDL1P[0;m <0007> l1sap.c:622 053223/40/01/30/23 Rx MPH_INFO time ind
[1;34mDL1P[0;m <0007> l1sap.c:622 053224/40/02/31/24 Rx MPH_INFO time ind
[1;34mDL1P[0;m <0007> l1sap.c:622 053225/40/03/32/25 Rx MPH_INFO time ind
[1;34mDL1P[0;m <0007> l1sap.c:622 053226/40/04/33/26 Rx MPH_INFO time ind
[1;34mDL1P[0;m <0007> l1sap.c:622 053227/40/05/34/27 Rx MPH_INFO time ind
[1;34mDL1P[0;m <0007> l1sap.c:622 053228/40/06/35/28 Rx MPH_INFO time ind
[1;34mDL1P[0;m <0007> l1sap.c:622 053229/40/07/36/29 Rx MPH_INFO time ind
[1;34mDL1P[0;m <0007> l1sap.c:622 053230/40/08/37/30 Rx MPH_INFO time ind
[1;34mDL1P[0;m <0007> l1sap.c:622 053231/40/09/38/31 Rx MPH_INFO time ind
[1;34mDL1P[0;m <0007> l1sap.c:622 053232/40/10/39/32 Rx MPH_INFO time ind
[1;34mDL1P[0;m <0007> l1sap.c:622 053233/40/11/40/33 Rx MPH_INFO time ind
[1;34mDL1P[0;m <0007> l1sap.c:622 053234/40/12/41/34 Rx MPH_INFO time ind
[1;34mDL1P[0;m <0007> l1sap.c:622 053235/40/13/42/35 Rx MPH_INFO time ind
[1;34mDL1P[0;m <0007> l1sap.c:622 053236/40/14/43/36 Rx MPH_INFO time ind
[1;34mDL1P[0;m <0007> l1sap.c:622 053237/40/15/44/37 Rx MPH_INFO time ind
[1;34mDL1P[0;m <0007> l1sap.c:622 053238/40/16/45/38 Rx MPH_INFO time ind
[1;34mDL1P[0;m <0007> l1sap.c:622 053239/40/17/46/39 Rx MPH_INFO time ind
[1;34mDL1P[0;m <0007> l1sap.c:622 053240/40/18/47/40 Rx MPH_INFO time ind
[1;34mDL1P[0;m <0007> l1sap.c:622 053241/40/19/48/41 Rx MPH_INFO time ind
[1;34mDL1P[0;m <0007> scheduler.c:911 053246/40/24/02/46 (bts=0,trx=0,ts=0) BCCH: PH-RTS.ind: chan_nr=0x80 link_id=0x00
[1;34mDL1P[0;m <0007> l1sap.c:1082 053246/40/24/02/46 Rx PH-RTS.ind chan_nr=BCCH on TS0 link_id=0x00d
[1;34mDL1P[0;m <0007> l1sap.c:1225 053246/40/24/02/46 Tx PH-DATA.req chan_nr=BCCH on TS0 link_id=0x00
[1;34mDL1P[0;m <0007> scheduler.c:842 053246/40/24/02/46 (bts=0,trx=0,ts=0) : PH-DATA.req: chan_nr=0x80 link_id=0x00
[1;34mDL1P[0;m <0007> l1sap.c:622 053242/40/20/49/42 Rx MPH_INFO time ind
[1;34mDL1P[0;m <0007> l1sap.c:622 053243/40/21/50/43 Rx MPH_INFO time ind
[1;34mDL1P[0;m <0007> l1sap.c:622 053244/40/22/00/44 Rx MPH_INFO time ind
[1;34mDL1P[0;m <0007> l1sap.c:622 053245/40/23/01/45 Rx MPH_INFO time ind
[1;34mDL1P[0;m <0007> scheduler.c:911 053250/40/02/06/02 (bts=0,trx=0,ts=0) CCCH: PH-RTS.ind: chan_nr=0x90 link_id=0x00
[1;34mDL1P[0;m <0007> l1sap.c:1082 053250/40/02/06/02 Rx PH-RTS.ind chan_nr=PCH/AGCH on TS0 link_id=0x00d
[1;34mDL1P[0;m <0007> l1sap.c:1225 053250/40/02/06/02 Tx PH-DATA.req chan_nr=PCH/AGCH on TS0 link_id=0x00
[1;34mDL1P[0;m <0007> scheduler.c:842 053250/40/02/06/02 (bts=0,trx=0,ts=0) : PH-DATA.req: chan_nr=0x90 link_id=0x00
[1;34mDL1P[0;m <0007> l1sap.c:622 053246/40/24/02/46 Rx MPH_INFO time ind
[1;34mDL1P[0;m <0007> scheduler_virtbts.c:106 053246/40/24/02/46 (bts=0,trx=0,ts=0) BCCH: Sending GSMTAP message to virtual Um
[1;34mDL1P[0;m <0007> l1sap.c:622 053247/40/25/03/47 Rx MPH_INFO time ind
[1;34mDL1P[0;m <0007> l1sap.c:622 053248/40/00/04/00 Rx MPH_INFO time ind
[1;34mDL1P[0;m <0007> l1sap.c:622 053249/40/01/05/01 Rx MPH_INFO time ind
[1;34mDL1P[0;m <0007> l1sap.c:622 053250/40/02/06/02 Rx MPH_INFO time ind
[1;34mDL1P[0;m <0007> scheduler_virtbts.c:106 053250/40/02/06/02 (bts=0,trx=0,ts=0) CCCH: Sending GSMTAP message to virtual Um
[1;34mDL1P[0;m <0007> l1sap.c:622 053251/40/03/07/03 Rx MPH_INFO time ind
[1;34mDL1P[0;m <0007> scheduler.c:911 053256/40/08/12/08 (bts=0,trx=0,ts=0) CCCH: PH-RTS.ind: chan_nr=0x90 link_id=0x00
[1;34mDL1P[0;m <0007> l1sap.c:1082 053256/40/08/12/08 Rx PH-RTS.ind chan_nr=PCH/AGCH on TS0 link_id=0x00d
[1;34mDL1P[0;m <0007> l1sap.c:1225 053256/40/08/12/08 Tx PH-DATA.req chan_nr=PCH/AGCH on TS0 link_id=0x00
[1;34mDL1P[0;m <0007> scheduler.c:842 053256/40/08/12/08 (bts=0,trx=0,ts=0) : PH-DATA.req: chan_nr=0x90 link_id=0x00
[1;34mDL1P[0;m <0007> l1sap.c:622 053252/40/04/08/04 Rx MPH_INFO time ind
[1;34mDL1P[0;m <0007> l1sap.c:622 053253/40/05/09/05 Rx MPH_INFO time ind
[1;34mDL1P[0;m <0007> l1sap.c:622 053254/40/06/10/06 Rx MPH_INFO time ind
[1;34mDL1P[0;m <0007> l1sap.c:622 053255/40/07/11/07 Rx MPH_INFO time ind
[1;34mDL1P[0;m <0007> scheduler.c:911 053260/40/12/16/12 (bts=0,trx=0,ts=0) CCCH: PH-RTS.ind: chan_nr=0x90 link_id=0x00
[1;34mDL1P[0;m <0007> l1sap.c:1082 053260/40/12/16/12 Rx PH-RTS.ind chan_nr=PCH/AGCH on TS0 link_id=0x00d
[1;34mDL1P[0;m <0007> l1sap.c:1225 053260/40/12/16/12 Tx PH-DATA.req chan_nr=PCH/AGCH on TS0 link_id=0x00
[1;34mDL1P[0;m <0007> scheduler.c:842 053260/40/12/16/12 (bts=0,trx=0,ts=0) : PH-DATA.req: chan_nr=0x90 link_id=0x00
[1;34mDL1P[0;m <0007> l1sap.c:622 053256/40/08/12/08 Rx MPH_INFO time ind
[1;34mDL1P[0;m <0007> scheduler_virtbts.c:106 053256/40/08/12/08 (bts=0,trx=0,ts=0) CCCH: Sending GSMTAP message to virtual Um
[1;34mDL1P[0;m <0007> l1sap.c:622 053257/40/09/13/09 Rx MPH_INFO time ind
[1;34mDL1P[0;m <0007> l1sap.c:622 053258/40/10/14/10 Rx MPH_INFO time ind
[1;34mDL1P[0;m <0007> l1sap.c:622 053259/40/11/15/11 Rx MPH_INFO time ind
[1;34mDL1P[0;m <0007> l1sap.c:622 053260/40/12/16/12 Rx MPH_INFO time ind
[1;34mDL1P[0;m <0007> scheduler_virtbts.c:106 053260/40/12/16/12 (bts=0,trx=0,ts=0) CCCH: Sending GSMTAP message to virtual Um
[1;34mDL1P[0;m <0007> l1sap.c:622 053261/40/13/17/13 Rx MPH_INFO time ind
[1;34mDL1P[0;m <0007> l1sap.c:622 053262/40/14/18/14 Rx MPH_INFO time ind
[1;34mDL1P[0;m <0007> l1sap.c:622 053263/40/15/19/15 Rx MPH_INFO time ind
[1;34mDL1P[0;m <0007> l1sap.c:622 053264/40/16/20/16 Rx MPH_INFO time ind
[1;34mDL1P[0;m <0007> l1sap.c:622 053265/40/17/21/17 Rx MPH_INFO time ind
[1;34mDL1P[0;m <0007> l1sap.c:622 053266/40/18/22/18 Rx MPH_INFO time ind
[1;34mDL1P[0;m <0007> l1sap.c:622 053267/40/19/23/19 Rx MPH_INFO time ind
[1;34mDL1P[0;m <0007> l1sap.c:622 053268/40/20/24/20 Rx MPH_INFO time ind
[1;34mDL1P[0;m <0007> l1sap.c:622 053269/40/21/25/21 Rx MPH_INFO time ind
[1;34mDL1P[0;m <0007> l1sap.c:622 053270/40/22/26/22 Rx MPH_INFO time ind
[1;34mDL1P[0;m <0007> l1sap.c:622 053271/40/23/27/23 Rx MPH_INFO time ind
[1;34mDL1P[0;m <0007> l1sap.c:622 053272/40/24/28/24 Rx MPH_INFO time ind
[1;34mDL1P[0;m <0007> l1sap.c:622 053273/40/25/29/25 Rx MPH_INFO time ind
[1;34mDL1P[0;m <0007> l1sap.c:622 053274/40/00/30/26 Rx MPH_INFO time ind
[1;34mDL1P[0;m <0007> l1sap.c:622 053275/40/01/31/27 Rx MPH_INFO time ind
[1;34mDL1P[0;m <0007> l1sap.c:622 053276/40/02/32/28 Rx MPH_INFO time ind
[1;34mDL1P[0;m <0007> l1sap.c:622 053277/40/03/33/29 Rx MPH_INFO time ind
[1;34mDL1P[0;m <0007> l1sap.c:622 053278/40/04/34/30 Rx MPH_INFO time ind
[1;34mDL1P[0;m <0007> l1sap.c:622 053279/40/05/35/31 Rx MPH_INFO time ind
[1;34mDL1P[0;m <0007> l1sap.c:622 053280/40/06/36/32 Rx MPH_INFO time ind
[1;34mDL1P[0;m <0007> l1sap.c:622 053281/40/07/37/33 Rx MPH_INFO time ind
[1;34mDL1P[0;m <0007> l1sap.c:622 053282/40/08/38/34 Rx MPH_INFO time ind
[1;34mDL1P[0;m <0007> l1sap.c:622 053283/40/09/39/35 Rx MPH_INFO time ind
[1;34mDL1P[0;m <0007> l1sap.c:622 053284/40/10/40/36 Rx MPH_INFO time ind
[1;34mDL1P[0;m <0007> l1sap.c:622 053285/40/11/41/37 Rx MPH_INFO time ind
[1;34mDL1P[0;m <0007> l1sap.c:622 053286/40/12/42/38 Rx MPH_INFO time ind
[1;34mDL1P[0;m <0007> l1sap.c:622 053287/40/13/43/39 Rx MPH_INFO time ind
[1;34mDL1P[0;m <0007> l1sap.c:622 053288/40/14/44/40 Rx MPH_INFO time ind
[1;34mDL1P[0;m <0007> l1sap.c:622 053289/40/15/45/41 Rx MPH_INFO time ind
[1;34mDL1P[0;m <0007> l1sap.c:622 053290/40/16/46/42 Rx MPH_INFO time ind
[1;34mDL1P[0;m <0007> l1sap.c:622 053291/40/17/47/43 Rx MPH_INFO time ind
[1;34mDL1P[0;m <0007> l1sap.c:622 053292/40/18/48/44 Rx MPH_INFO time ind
[1;34mDL1P[0;m <0007> scheduler.c:911 053297/40/23/02/49 (bts=0,trx=0,ts=0) BCCH: PH-RTS.ind: chan_nr=0x80 link_id=0x00
[1;34mDL1P[0;m <0007> l1sap.c:1082 053297/40/23/02/49 Rx PH-RTS.ind chan_nr=BCCH on TS0 link_id=0x00d
[1;34mDL1P[0;m <0007> l1sap.c:1225 053297/40/23/02/49 Tx PH-DATA.req chan_nr=BCCH on TS0 link_id=0x00
[1;34mDL1P[0;m <0007> scheduler.c:842 053297/40/23/02/49 (bts=0,trx=0,ts=0) : PH-DATA.req: chan_nr=0x80 link_id=0x00
[1;34mDL1P[0;m <0007> l1sap.c:622 053293/40/19/49/45 Rx MPH_INFO time ind
[1;34mDL1P[0;m <0007> l1sap.c:622 053294/40/20/50/46 Rx MPH_INFO time ind
[1;34mDL1P[0;m <0007> l1sap.c:622 053295/40/21/00/47 Rx MPH_INFO time ind
[1;34mDL1P[0;m <0007> l1sap.c:622 053296/40/22/01/48 Rx MPH_INFO time ind
[1;34mDL1P[0;m <0007> scheduler.c:911 053301/40/01/06/01 (bts=0,trx=0,ts=0) CCCH: PH-RTS.ind: chan_nr=0x90 link_id=0x00
[1;34mDL1P[0;m <0007> l1sap.c:1082 053301/40/01/06/01 Rx PH-RTS.ind chan_nr=PCH/AGCH on TS0 link_id=0x00d
[1;34mDL1P[0;m <0007> l1sap.c:1225 053301/40/01/06/01 Tx PH-DATA.req chan_nr=PCH/AGCH on TS0 link_id=0x00
[1;34mDL1P[0;m <0007> scheduler.c:842 053301/40/01/06/01 (bts=0,trx=0,ts=0) : PH-DATA.req: chan_nr=0x90 link_id=0x00
[1;34mDL1P[0;m <0007> l1sap.c:622 053297/40/23/02/49 Rx MPH_INFO time ind
[1;34mDL1P[0;m <0007> scheduler_virtbts.c:106 053297/40/23/02/49 (bts=0,trx=0,ts=0) BCCH: Sending GSMTAP message to virtual Um
[1;34mDL1P[0;m <0007> l1sap.c:622 053298/40/24/03/50 Rx MPH_INFO time ind
[1;34mDL1P[0;m <0007> l1sap.c:622 053299/40/25/04/51 Rx MPH_INFO time ind
[1;34mDL1P[0;m <0007> l1sap.c:622 053300/40/00/05/00 Rx MPH_INFO time ind
[1;34mDL1P[0;m <0007> l1sap.c:622 053301/40/01/06/01 Rx MPH_INFO time ind
[1;34mDL1P[0;m <0007> scheduler_virtbts.c:106 053301/40/01/06/01 (bts=0,trx=0,ts=0) CCCH: Sending GSMTAP message to virtual Um
[1;34mDL1P[0;m <0007> l1sap.c:622 053302/40/02/07/02 Rx MPH_INFO time ind
[1;34mDL1P[0;m <0007> scheduler.c:911 053307/40/07/12/07 (bts=0,trx=0,ts=0) CCCH: PH-RTS.ind: chan_nr=0x90 link_id=0x00
[1;34mDL1P[0;m <0007> l1sap.c:1082 053307/40/07/12/07 Rx PH-RTS.ind chan_nr=PCH/AGCH on TS0 link_id=0x00d
[1;34mDL1P[0;m <0007> l1sap.c:1225 053307/40/07/12/07 Tx PH-DATA.req chan_nr=PCH/AGCH on TS0 link_id=0x00
[1;34mDL1P[0;m <0007> scheduler.c:842 053307/40/07/12/07 (bts=0,trx=0,ts=0) : PH-DATA.req: chan_nr=0x90 link_id=0x00
[1;34mDL1P[0;m <0007> l1sap.c:622 053303/40/03/08/03 Rx MPH_INFO time ind
[1;34mDL1P[0;m <0007> l1sap.c:622 053304/40/04/09/04 Rx MPH_INFO time ind
[1;34mDL1P[0;m <0007> l1sap.c:622 053305/40/05/10/05 Rx MPH_INFO time ind
[1;34mDL1P[0;m <0007> l1sap.c:622 053306/40/06/11/06 Rx MPH_INFO time ind
[1;34mDL1P[0;m <0007> scheduler.c:911 053311/40/11/16/11 (bts=0,trx=0,ts=0) CCCH: PH-RTS.ind: chan_nr=0x90 link_id=0x00
[1;34mDL1P[0;m <0007> l1sap.c:1082 053311/40/11/16/11 Rx PH-RTS.ind chan_nr=PCH/AGCH on TS0 link_id=0x00d
[1;34mDL1P[0;m <0007> l1sap.c:1225 053311/40/11/16/11 Tx PH-DATA.req chan_nr=PCH/AGCH on TS0 link_id=0x00
[1;34mDL1P[0;m <0007> scheduler.c:842 053311/40/11/16/11 (bts=0,trx=0,ts=0) : PH-DATA.req: chan_nr=0x90 link_id=0x00
[1;34mDL1P[0;m <0007> l1sap.c:622 053307/40/07/12/07 Rx MPH_INFO time ind
[1;34mDL1P[0;m <0007> scheduler_virtbts.c:106 053307/40/07/12/07 (bts=0,trx=0,ts=0) CCCH: Sending GSMTAP message to virtual Um
[1;34mDL1P[0;m <0007> l1sap.c:622 053308/40/08/13/08 Rx MPH_INFO time ind
[1;34mDL1P[0;m <0007> l1sap.c:622 053309/40/09/14/09 Rx MPH_INFO time ind
[1;34mDL1P[0;m <0007> l1sap.c:622 053310/40/10/15/10 Rx MPH_INFO time ind
[1;34mDL1P[0;m <0007> l1sap.c:622 053311/40/11/16/11 Rx MPH_INFO time ind
[1;34mDL1P[0;m <0007> scheduler_virtbts.c:106 053311/40/11/16/11 (bts=0,trx=0,ts=0) CCCH: Sending GSMTAP message to virtual Um
[1;34mDL1P[0;m <0007> l1sap.c:622 053312/40/12/17/12 Rx MPH_INFO time ind
[1;34mDL1P[0;m <0007> l1sap.c:622 053313/40/13/18/13 Rx MPH_INFO time ind
[1;34mDL1P[0;m <0007> l1sap.c:622 053314/40/14/19/14 Rx MPH_INFO time ind
[1;34mDL1P[0;m <0007> l1sap.c:622 053315/40/15/20/15 Rx MPH_INFO time ind
[1;34mDL1P[0;m <0007> l1sap.c:622 053316/40/16/21/16 Rx MPH_INFO time ind
[1;34mDL1P[0;m <0007> l1sap.c:622 053317/40/17/22/17 Rx MPH_INFO time ind
[1;34mDL1P[0;m <0007> l1sap.c:622 053318/40/18/23/18 Rx MPH_INFO time ind
[1;34mDL1P[0;m <0007> l1sap.c:622 053319/40/19/24/19 Rx MPH_INFO time ind
[1;34mDL1P[0;m <0007> l1sap.c:622 053320/40/20/25/20 Rx MPH_INFO time ind
[1;34mDL1P[0;m <0007> l1sap.c:622 053321/40/21/26/21 Rx MPH_INFO time ind
[1;34mDL1P[0;m <0007> l1sap.c:622 053322/40/22/27/22 Rx MPH_INFO time ind
[1;34mDL1P[0;m <0007> l1sap.c:622 053323/40/23/28/23 Rx MPH_INFO time ind
[1;34mDL1P[0;m <0007> l1sap.c:622 053324/40/24/29/24 Rx MPH_INFO time ind
[1;34mDL1P[0;m <0007> l1sap.c:622 053325/40/25/30/25 Rx MPH_INFO time ind
[1;34mDL1P[0;m <0007> l1sap.c:622 053326/40/00/31/26 Rx MPH_INFO time ind
[1;34mDL1P[0;m <0007> l1sap.c:622 053327/40/01/32/27 Rx MPH_INFO time ind
[1;34mDL1P[0;m <0007> l1sap.c:622 053328/40/02/33/28 Rx MPH_INFO time ind
[1;34mDL1P[0;m <0007> l1sap.c:622 053329/40/03/34/29 Rx MPH_INFO time ind
[1;34mDL1P[0;m <0007> l1sap.c:622 053330/40/04/35/30 Rx MPH_INFO time ind
[1;34mDL1P[0;m <0007> l1sap.c:622 053331/40/05/36/31 Rx MPH_INFO time ind
[1;34mDL1P[0;m <0007> l1sap.c:622 053332/40/06/37/32 Rx MPH_INFO time ind
[1;34mDL1P[0;m <0007> l1sap.c:622 053333/40/07/38/33 Rx MPH_INFO time ind
[1;34mDL1P[0;m <0007> l1sap.c:622 053334/40/08/39/34 Rx MPH_INFO time ind
[1;34mDL1P[0;m <0007> l1sap.c:622 053335/40/09/40/35 Rx MPH_INFO time ind
[1;34mDL1P[0;m <0007> l1sap.c:622 053336/40/10/41/36 Rx MPH_INFO time ind
[1;34mDL1P[0;m <0007> l1sap.c:622 053337/40/11/42/37 Rx MPH_INFO time ind
[1;34mDL1P[0;m <0007> l1sap.c:622 053338/40/12/43/38 Rx MPH_INFO time ind
[1;34mDL1P[0;m <0007> l1sap.c:622 053339/40/13/44/39 Rx MPH_INFO time ind
[1;34mDL1P[0;m <0007> l1sap.c:622 053340/40/14/45/40 Rx MPH_INFO time ind
[1;34mDL1P[0;m <0007> l1sap.c:622 053341/40/15/46/41 Rx MPH_INFO time ind
[1;34mDL1P[0;m <0007> l1sap.c:622 053342/40/16/47/42 Rx MPH_INFO time ind
[1;34mDL1P[0;m <0007> l1sap.c:622 053343/40/17/48/43 Rx MPH_INFO time ind
[1;34mDL1P[0;m <0007> scheduler.c:911 053348/40/22/02/48 (bts=0,trx=0,ts=0) BCCH: PH-RTS.ind: chan_nr=0x80 link_id=0x00
[1;34mDL1P[0;m <0007> l1sap.c:1082 053348/40/22/02/48 Rx PH-RTS.ind chan_nr=BCCH on TS0 link_id=0x00d
[1;34mDL1P[0;m <0007> l1sap.c:1225 053348/40/22/02/48 Tx PH-DATA.req chan_nr=BCCH on TS0 link_id=0x00
[1;34mDL1P[0;m <0007> scheduler.c:842 053348/40/22/02/48 (bts=0,trx=0,ts=0) : PH-DATA.req: chan_nr=0x80 link_id=0x00
[1;34mDL1P[0;m <0007> l1sap.c:622 053344/40/18/49/44 Rx MPH_INFO time ind
[1;34mDL1P[0;m <0007> l1sap.c:622 053345/40/19/50/45 Rx MPH_INFO time ind
[1;34mDL1P[0;m <0007> l1sap.c:622 053346/40/20/00/46 Rx MPH_INFO time ind
[1;34mDL1P[0;m <0007> l1sap.c:622 053347/40/21/01/47 Rx MPH_INFO time ind
[1;34mDL1P[0;m <0007> scheduler.c:911 053352/40/00/06/00 (bts=0,trx=0,ts=0) CCCH: PH-RTS.ind: chan_nr=0x90 link_id=0x00
[1;34mDL1P[0;m <0007> l1sap.c:1082 053352/40/00/06/00 Rx PH-RTS.ind chan_nr=PCH/AGCH on TS0 link_id=0x00d
[1;34mDL1P[0;m <0007> l1sap.c:1225 053352/40/00/06/00 Tx PH-DATA.req chan_nr=PCH/AGCH on TS0 link_id=0x00
[1;34mDL1P[0;m <0007> scheduler.c:842 053352/40/00/06/00 (bts=0,trx=0,ts=0) : PH-DATA.req: chan_nr=0x90 link_id=0x00
[1;34mDL1P[0;m <0007> l1sap.c:622 053348/40/22/02/48 Rx MPH_INFO time ind
[1;34mDL1P[0;m <0007> scheduler_virtbts.c:106 053348/40/22/02/48 (bts=0,trx=0,ts=0) BCCH: Sending GSMTAP message to virtual Um
[1;34mDL1P[0;m <0007> l1sap.c:622 053349/40/23/03/49 Rx MPH_INFO time ind
[1;34mDL1P[0;m <0007> l1sap.c:622 053350/40/24/04/50 Rx MPH_INFO time ind
[1;34mDL1P[0;m <0007> l1sap.c:622 053351/40/25/05/51 Rx MPH_INFO time ind
[1;34mDL1P[0;m <0007> l1sap.c:622 053352/40/00/06/00 Rx MPH_INFO time ind
[1;34mDL1P[0;m <0007> scheduler_virtbts.c:106 053352/40/00/06/00 (bts=0,trx=0,ts=0) CCCH: Sending GSMTAP message to virtual Um
[1;34mDL1P[0;m <0007> l1sap.c:622 053353/40/01/07/01 Rx MPH_INFO time ind
[1;34mDL1P[0;m <0007> scheduler.c:911 053358/40/06/12/06 (bts=0,trx=0,ts=0) CCCH: PH-RTS.ind: chan_nr=0x90 link_id=0x00
[1;34mDL1P[0;m <0007> l1sap.c:1082 053358/40/06/12/06 Rx PH-RTS.ind chan_nr=PCH/AGCH on TS0 link_id=0x00d
[1;34mDL1P[0;m <0007> l1sap.c:1225 053358/40/06/12/06 Tx PH-DATA.req chan_nr=PCH/AGCH on TS0 link_id=0x00
[1;34mDL1P[0;m <0007> scheduler.c:842 053358/40/06/12/06 (bts=0,trx=0,ts=0) : PH-DATA.req: chan_nr=0x90 link_id=0x00
[1;34mDL1P[0;m <0007> l1sap.c:622 053354/40/02/08/02 Rx MPH_INFO time ind
[1;34mDL1P[0;m <0007> l1sap.c:622 053355/40/03/09/03 Rx MPH_INFO time ind
[1;34mDL1P[0;m <0007> l1sap.c:622 053356/40/04/10/04 Rx MPH_INFO time ind
[1;34mDL1P[0;m <0007> l1sap.c:622 053357/40/05/11/05 Rx MPH_INFO time ind
[1;34mDL1P[0;m <0007> scheduler.c:911 053362/40/10/16/10 (bts=0,trx=0,ts=0) CCCH: PH-RTS.ind: chan_nr=0x90 link_id=0x00
[1;34mDL1P[0;m <0007> l1sap.c:1082 053362/40/10/16/10 Rx PH-RTS.ind chan_nr=PCH/AGCH on TS0 link_id=0x00d
[1;34mDL1P[0;m <0007> l1sap.c:1225 053362/40/10/16/10 Tx PH-DATA.req chan_nr=PCH/AGCH on TS0 link_id=0x00
[1;34mDL1P[0;m <0007> scheduler.c:842 053362/40/10/16/10 (bts=0,trx=0,ts=0) : PH-DATA.req: chan_nr=0x90 link_id=0x00
[1;34mDL1P[0;m <0007> l1sap.c:622 053358/40/06/12/06 Rx MPH_INFO time ind
[1;34mDL1P[0;m <0007> scheduler_virtbts.c:106 053358/40/06/12/06 (bts=0,trx=0,ts=0) CCCH: Sending GSMTAP message to virtual Um
[1;34mDL1P[0;m <0007> l1sap.c:622 053359/40/07/13/07 Rx MPH_INFO time ind
[1;34mDL1P[0;m <0007> l1sap.c:622 053360/40/08/14/08 Rx MPH_INFO time ind
[1;34mDL1P[0;m <0007> l1sap.c:622 053361/40/09/15/09 Rx MPH_INFO time ind
[1;34mDL1P[0;m <0007> l1sap.c:622 053362/40/10/16/10 Rx MPH_INFO time ind
[1;34mDL1P[0;m <0007> scheduler_virtbts.c:106 053362/40/10/16/10 (bts=0,trx=0,ts=0) CCCH: Sending GSMTAP message to virtual Um
[1;34mDL1P[0;m <0007> l1sap.c:622 053363/40/11/17/11 Rx MPH_INFO time ind
[1;34mDL1P[0;m <0007> l1sap.c:622 053364/40/12/18/12 Rx MPH_INFO time ind
[1;34mDL1P[0;m <0007> l1sap.c:622 053365/40/13/19/13 Rx MPH_INFO time ind
[1;34mDL1P[0;m <0007> l1sap.c:622 053366/40/14/20/14 Rx MPH_INFO time ind
[1;34mDL1P[0;m <0007> l1sap.c:622 053367/40/15/21/15 Rx MPH_INFO time ind
[1;34mDL1P[0;m <0007> l1sap.c:622 053368/40/16/22/16 Rx MPH_INFO time ind
[1;34mDL1P[0;m <0007> l1sap.c:622 053369/40/17/23/17 Rx MPH_INFO time ind
[1;34mDL1P[0;m <0007> l1sap.c:622 053370/40/18/24/18 Rx MPH_INFO time ind
[1;34mDL1P[0;m <0007> l1sap.c:622 053371/40/19/25/19 Rx MPH_INFO time ind
[1;34mDL1P[0;m <0007> l1sap.c:622 053372/40/20/26/20 Rx MPH_INFO time ind
[1;34mDL1P[0;m <0007> l1sap.c:622 053373/40/21/27/21 Rx MPH_INFO time ind
[1;34mDL1P[0;m <0007> l1sap.c:622 053374/40/22/28/22 Rx MPH_INFO time ind
[1;34mDL1P[0;m <0007> l1sap.c:622 053375/40/23/29/23 Rx MPH_INFO time ind
[1;34mDL1P[0;m <0007> l1sap.c:622 053376/40/24/30/24 Rx MPH_INFO time ind
[1;34mDL1P[0;m <0007> l1sap.c:622 053377/40/25/31/25 Rx MPH_INFO time ind
[1;34mDL1P[0;m <0007> l1sap.c:622 053378/40/00/32/26 Rx MPH_INFO time ind
[1;34mDL1P[0;m <0007> l1sap.c:622 053379/40/01/33/27 Rx MPH_INFO time ind
[1;34mDL1P[0;m <0007> l1sap.c:622 053380/40/02/34/28 Rx MPH_INFO time ind
[1;34mDL1P[0;m <0007> l1sap.c:622 053381/40/03/35/29 Rx MPH_INFO time ind
[1;34mDL1P[0;m <0007> l1sap.c:622 053382/40/04/36/30 Rx MPH_INFO time ind
[1;34mDL1P[0;m <0007> l1sap.c:622 053383/40/05/37/31 Rx MPH_INFO time ind
[1;34mDL1P[0;m <0007> l1sap.c:622 053384/40/06/38/32 Rx MPH_INFO time ind
[1;34mDL1P[0;m <0007> l1sap.c:622 053385/40/07/39/33 Rx MPH_INFO time ind
[1;34mDL1P[0;m <0007> l1sap.c:622 053386/40/08/40/34 Rx MPH_INFO time ind
[1;34mDL1P[0;m <0007> l1sap.c:622 053387/40/09/41/35 Rx MPH_INFO time ind
[1;34mDL1P[0;m <0007> l1sap.c:622 053388/40/10/42/36 Rx MPH_INFO time ind
[1;34mDL1P[0;m <0007> l1sap.c:622 053389/40/11/43/37 Rx MPH_INFO time ind
[1;34mDL1P[0;m <0007> l1sap.c:622 053390/40/12/44/38 Rx MPH_INFO time ind
[1;34mDL1P[0;m <0007> l1sap.c:622 053391/40/13/45/39 Rx MPH_INFO time ind
[1;34mDL1P[0;m <0007> l1sap.c:622 053392/40/14/46/40 Rx MPH_INFO time ind
[1;34mDL1P[0;m <0007> l1sap.c:622 053393/40/15/47/41 Rx MPH_INFO time ind
[1;34mDL1P[0;m <0007> l1sap.c:622 053394/40/16/48/42 Rx MPH_INFO time ind
[1;34mDL1P[0;m <0007> scheduler.c:911 053399/40/21/02/47 (bts=0,trx=0,ts=0) BCCH: PH-RTS.ind: chan_nr=0x80 link_id=0x00
[1;34mDL1P[0;m <0007> l1sap.c:1082 053399/40/21/02/47 Rx PH-RTS.ind chan_nr=BCCH on TS0 link_id=0x00d
[1;34mDL1P[0;m <0007> l1sap.c:1225 053399/40/21/02/47 Tx PH-DATA.req chan_nr=BCCH on TS0 link_id=0x00
[1;34mDL1P[0;m <0007> scheduler.c:842 053399/40/21/02/47 (bts=0,trx=0,ts=0) : PH-DATA.req: chan_nr=0x80 link_id=0x00
[1;34mDL1P[0;m <0007> l1sap.c:622 053395/40/17/49/43 Rx MPH_INFO time ind
[1;34mDL1P[0;m <0007> l1sap.c:622 053396/40/18/50/44 Rx MPH_INFO time ind
[1;34mDL1P[0;m <0007> l1sap.c:622 053397/40/19/00/45 Rx MPH_INFO time ind
[1;34mDL1P[0;m <0007> l1sap.c:622 053398/40/20/01/46 Rx MPH_INFO time ind
[1;34mDL1P[0;m <0007> scheduler.c:911 053403/40/25/06/51 (bts=0,trx=0,ts=0) CCCH: PH-RTS.ind: chan_nr=0x90 link_id=0x00
[1;34mDL1P[0;m <0007> l1sap.c:1082 053403/40/25/06/51 Rx PH-RTS.ind chan_nr=PCH/AGCH on TS0 link_id=0x00d
[1;34mDL1P[0;m <0007> l1sap.c:1225 053403/40/25/06/51 Tx PH-DATA.req chan_nr=PCH/AGCH on TS0 link_id=0x00
[1;34mDL1P[0;m <0007> scheduler.c:842 053403/40/25/06/51 (bts=0,trx=0,ts=0) : PH-DATA.req: chan_nr=0x90 link_id=0x00
[1;34mDL1P[0;m <0007> l1sap.c:622 053399/40/21/02/47 Rx MPH_INFO time ind
[1;34mDL1P[0;m <0007> scheduler_virtbts.c:106 053399/40/21/02/47 (bts=0,trx=0,ts=0) BCCH: Sending GSMTAP message to virtual Um
[1;34mDMEAS[0;m <0004> l1_if.c:315 (bts=0,trx=0,ts=0,ss=0) 053383/40/05/37/31 RX L1 frame chan_nr=0x20 MS pwr=5dBm rssi=0.0 dBFS ber=100.00% (0/0 bits) L1_ta=0 ta_ctrl.current=0 toa=0.00
[1;33mDL1P[0;m <0007> l1sap.c:104 (bts=0,trx=0,ts=0,ss=0) assuming active lchan, but state is NONE
[1;31mDL1P[0;m <0007> l1sap.c:783 053383/40/05/37/31 No lchan for chan_nr=SDCCH/4(0) on TS0
[1;34mDL1P[0;m <0007> l1sap.c:1974 053383/40/05/37/31 Rx PH-DATA.ind chan_nr=SDCCH/4(0) on TS0 link_id=0x00 len=23
[1;33mDL1P[0;m <0007> l1sap.c:104 (bts=0,trx=0,ts=0,ss=0) assuming active lchan, but state is NONE
[1;31mDL1P[0;m <0007> l1sap.c:2013 053383/40/05/37/31 No lchan for chan_nr=SDCCH/4(0) on TS0
[1;34mDL1P[0;m <0007> l1_if.c:181 053383/40/05/37/31 Message forwarded to layer 2.
[1;34mDL1P[0;m <0007> l1sap.c:622 053400/40/22/03/48 Rx MPH_INFO time ind
[1;34mDL1P[0;m <0007> l1sap.c:622 053401/40/23/04/49 Rx MPH_INFO time ind
[1;34mDL1P[0;m <0007> l1sap.c:622 053402/40/24/05/50 Rx MPH_INFO time ind
[1;34mDL1P[0;m <0007> l1sap.c:622 053403/40/25/06/51 Rx MPH_INFO time ind
[1;34mDL1P[0;m <0007> scheduler_virtbts.c:106 053403/40/25/06/51 (bts=0,trx=0,ts=0) CCCH: Sending GSMTAP message to virtual Um
[1;34mDL1P[0;m <0007> l1sap.c:622 053404/40/00/07/00 Rx MPH_INFO time ind
[1;34mDL1P[0;m <0007> scheduler.c:911 053409/40/05/12/05 (bts=0,trx=0,ts=0) CCCH: PH-RTS.ind: chan_nr=0x90 link_id=0x00
[1;34mDL1P[0;m <0007> l1sap.c:1082 053409/40/05/12/05 Rx PH-RTS.ind chan_nr=PCH/AGCH on TS0 link_id=0x00d
[1;34mDL1P[0;m <0007> l1sap.c:1225 053409/40/05/12/05 Tx PH-DATA.req chan_nr=PCH/AGCH on TS0 link_id=0x00
[1;34mDL1P[0;m <0007> scheduler.c:842 053409/40/05/12/05 (bts=0,trx=0,ts=0) : PH-DATA.req: chan_nr=0x90 link_id=0x00
[1;34mDL1P[0;m <0007> l1sap.c:622 053405/40/01/08/01 Rx MPH_INFO time ind
[1;34mDL1P[0;m <0007> l1sap.c:622 053406/40/02/09/02 Rx MPH_INFO time ind
[1;34mDL1P[0;m <0007> l1sap.c:622 053407/40/03/10/03 Rx MPH_INFO time ind
[1;34mDL1P[0;m <0007> l1sap.c:622 053408/40/04/11/04 Rx MPH_INFO time ind
[1;34mDL1P[0;m <0007> scheduler.c:911 053413/40/09/16/09 (bts=0,trx=0,ts=0) CCCH: PH-RTS.ind: chan_nr=0x90 link_id=0x00
[1;34mDL1P[0;m <0007> l1sap.c:1082 053413/40/09/16/09 Rx PH-RTS.ind chan_nr=PCH/AGCH on TS0 link_id=0x00d
[1;34mDL1P[0;m <0007> l1sap.c:1225 053413/40/09/16/09 Tx PH-DATA.req chan_nr=PCH/AGCH on TS0 link_id=0x00
[1;34mDL1P[0;m <0007> scheduler.c:842 053413/40/09/16/09 (bts=0,trx=0,ts=0) : PH-DATA.req: chan_nr=0x90 link_id=0x00
[1;34mDL1P[0;m <0007> l1sap.c:622 053409/40/05/12/05 Rx MPH_INFO time ind
[1;34mDL1P[0;m <0007> scheduler_virtbts.c:106 053409/40/05/12/05 (bts=0,trx=0,ts=0) CCCH: Sending GSMTAP message to virtual Um
[1;34mDL1P[0;m <0007> l1sap.c:622 053410/40/06/13/06 Rx MPH_INFO time ind
[1;34mDL1P[0;m <0007> l1sap.c:622 053411/40/07/14/07 Rx MPH_INFO time ind
[1;34mDL1P[0;m <0007> l1sap.c:622 053412/40/08/15/08 Rx MPH_INFO time ind
[1;34mDL1P[0;m <0007> l1sap.c:622 053413/40/09/16/09 Rx MPH_INFO time ind
[1;34mDL1P[0;m <0007> scheduler_virtbts.c:106 053413/40/09/16/09 (bts=0,trx=0,ts=0) CCCH: Sending GSMTAP message to virtual Um
[1;34mDL1P[0;m <0007> l1sap.c:622 053414/40/10/17/10 Rx MPH_INFO time ind
[1;34mDL1P[0;m <0007> l1sap.c:622 053415/40/11/18/11 Rx MPH_INFO time ind
[1;34mDL1P[0;m <0007> l1sap.c:622 053416/40/12/19/12 Rx MPH_INFO time ind
[1;34mDL1P[0;m <0007> l1sap.c:622 053417/40/13/20/13 Rx MPH_INFO time ind
[1;34mDL1P[0;m <0007> l1sap.c:622 053418/40/14/21/14 Rx MPH_INFO time ind
[1;34mDL1P[0;m <0007> l1sap.c:622 053419/40/15/22/15 Rx MPH_INFO time ind
[1;34mDL1P[0;m <0007> l1sap.c:622 053420/40/16/23/16 Rx MPH_INFO time ind
[1;34mDL1P[0;m <0007> l1sap.c:622 053421/40/17/24/17 Rx MPH_INFO time ind
[1;34mDL1P[0;m <0007> l1sap.c:622 053422/40/18/25/18 Rx MPH_INFO time ind
[1;34mDL1P[0;m <0007> l1sap.c:622 053423/40/19/26/19 Rx MPH_INFO time ind
[1;34mDL1P[0;m <0007> l1sap.c:622 053424/40/20/27/20 Rx MPH_INFO time ind
[1;34mDL1P[0;m <0007> l1sap.c:622 053425/40/21/28/21 Rx MPH_INFO time ind
[1;34mDL1P[0;m <0007> l1sap.c:622 053426/40/22/29/22 Rx MPH_INFO time ind
[1;34mDL1P[0;m <0007> l1sap.c:622 053427/40/23/30/23 Rx MPH_INFO time ind
[1;34mDL1P[0;m <0007> l1sap.c:622 053428/40/24/31/24 Rx MPH_INFO time ind
[1;34mDL1P[0;m <0007> l1sap.c:622 053429/40/25/32/25 Rx MPH_INFO time ind
[1;34mDL1P[0;m <0007> l1sap.c:622 053430/40/00/33/26 Rx MPH_INFO time ind
[1;34mDL1P[0;m <0007> l1sap.c:622 053431/40/01/34/27 Rx MPH_INFO time ind
[1;34mDL1P[0;m <0007> l1sap.c:622 053432/40/02/35/28 Rx MPH_INFO time ind
[1;34mDL1P[0;m <0007> l1sap.c:622 053433/40/03/36/29 Rx MPH_INFO time ind
[1;34mDL1P[0;m <0007> l1sap.c:622 053434/40/04/37/30 Rx MPH_INFO time ind
[1;34mDL1P[0;m <0007> l1sap.c:622 053435/40/05/38/31 Rx MPH_INFO time ind
[1;34mDL1P[0;m <0007> l1sap.c:622 053436/40/06/39/32 Rx MPH_INFO time ind
[1;34mDL1P[0;m <0007> l1sap.c:622 053437/40/07/40/33 Rx MPH_INFO time ind
[1;34mDL1P[0;m <0007> l1sap.c:622 053438/40/08/41/34 Rx MPH_INFO time ind
[1;34mDL1P[0;m <0007> l1sap.c:622 053439/40/09/42/35 Rx MPH_INFO time ind
[1;34mDL1P[0;m <0007> l1sap.c:622 053440/40/10/43/36 Rx MPH_INFO time ind
[1;34mDL1P[0;m <0007> l1sap.c:622 053441/40/11/44/37 Rx MPH_INFO time ind
[1;34mDL1P[0;m <0007> l1sap.c:622 053442/40/12/45/38 Rx MPH_INFO time ind
[1;34mDL1P[0;m <0007> l1sap.c:622 053443/40/13/46/39 Rx MPH_INFO time ind
[1;34mDL1P[0;m <0007> l1sap.c:622 053444/40/14/47/40 Rx MPH_INFO time ind
[1;34mDL1P[0;m <0007> l1sap.c:622 053445/40/15/48/41 Rx MPH_INFO time ind
[1;34mDL1P[0;m <0007> scheduler.c:911 053450/40/20/02/46 (bts=0,trx=0,ts=0) BCCH: PH-RTS.ind: chan_nr=0x80 link_id=0x00
[1;34mDL1P[0;m <0007> l1sap.c:1082 053450/40/20/02/46 Rx PH-RTS.ind chan_nr=BCCH on TS0 link_id=0x00d
[1;34mDL1P[0;m <0007> l1sap.c:1225 053450/40/20/02/46 Tx PH-DATA.req chan_nr=BCCH on TS0 link_id=0x00
[1;34mDL1P[0;m <0007> scheduler.c:842 053450/40/20/02/46 (bts=0,trx=0,ts=0) : PH-DATA.req: chan_nr=0x80 link_id=0x00
[1;34mDL1P[0;m <0007> l1sap.c:622 053446/40/16/49/42 Rx MPH_INFO time ind
[1;34mDL1P[0;m <0007> l1sap.c:622 053447/40/17/50/43 Rx MPH_INFO time ind
[1;34mDL1P[0;m <0007> l1sap.c:622 053448/40/18/00/44 Rx MPH_INFO time ind
[1;34mDL1P[0;m <0007> l1sap.c:622 053449/40/19/01/45 Rx MPH_INFO time ind
[1;34mDL1P[0;m <0007> scheduler.c:911 053454/40/24/06/50 (bts=0,trx=0,ts=0) CCCH: PH-RTS.ind: chan_nr=0x90 link_id=0x00
[1;34mDL1P[0;m <0007> l1sap.c:1082 053454/40/24/06/50 Rx PH-RTS.ind chan_nr=PCH/AGCH on TS0 link_id=0x00d
[1;34mDL1P[0;m <0007> l1sap.c:1225 053454/40/24/06/50 Tx PH-DATA.req chan_nr=PCH/AGCH on TS0 link_id=0x00
[1;34mDL1P[0;m <0007> scheduler.c:842 053454/40/24/06/50 (bts=0,trx=0,ts=0) : PH-DATA.req: chan_nr=0x90 link_id=0x00
[1;34mDL1P[0;m <0007> l1sap.c:622 053450/40/20/02/46 Rx MPH_INFO time ind
[1;34mDL1P[0;m <0007> scheduler_virtbts.c:106 053450/40/20/02/46 (bts=0,trx=0,ts=0) BCCH: Sending GSMTAP message to virtual Um
[1;34mDMEAS[0;m <0004> l1_if.c:315 (bts=0,trx=0,ts=0,ss=0) 053419/40/15/22/15 RX L1 frame chan_nr=0x20 MS pwr=5dBm rssi=0.0 dBFS ber=100.00% (0/0 bits) L1_ta=0 ta_ctrl.current=0 toa=0.00
[1;33mDL1P[0;m <0007> l1sap.c:104 (bts=0,trx=0,ts=0,ss=0) assuming active lchan, but state is NONE
[1;31mDL1P[0;m <0007> l1sap.c:783 053419/40/15/22/15 No lchan for chan_nr=SDCCH/4(0) on TS0
[1;34mDL1P[0;m <0007> l1sap.c:1974 053419/40/15/22/15 Rx PH-DATA.ind chan_nr=SDCCH/4(0) on TS0 link_id=0x40 len=23
[1;33mDL1P[0;m <0007> l1sap.c:104 (bts=0,trx=0,ts=0,ss=0) assuming active lchan, but state is NONE
[1;31mDL1P[0;m <0007> l1sap.c:2013 053419/40/15/22/15 No lchan for chan_nr=SDCCH/4(0) on TS0
[1;34mDL1P[0;m <0007> l1_if.c:181 053419/40/15/22/15 Message forwarded to layer 2.
[1;34mDL1P[0;m <0007> l1sap.c:622 053451/40/21/03/47 Rx MPH_INFO time ind
[1;34mDL1P[0;m <0007> l1sap.c:622 053452/40/22/04/48 Rx MPH_INFO time ind
[1;34mDL1P[0;m <0007> l1sap.c:622 053453/40/23/05/49 Rx MPH_INFO time ind
[1;34mDL1P[0;m <0007> l1sap.c:622 053454/40/24/06/50 Rx MPH_INFO time ind
[1;34mDL1P[0;m <0007> scheduler_virtbts.c:106 053454/40/24/06/50 (bts=0,trx=0,ts=0) CCCH: Sending GSMTAP message to virtual Um
[1;34mDL1P[0;m <0007> l1sap.c:622 053455/40/25/07/51 Rx MPH_INFO time ind
[1;34mDL1P[0;m <0007> scheduler.c:911 053460/40/04/12/04 (bts=0,trx=0,ts=0) CCCH: PH-RTS.ind: chan_nr=0x90 link_id=0x00
[1;34mDL1P[0;m <0007> l1sap.c:1082 053460/40/04/12/04 Rx PH-RTS.ind chan_nr=PCH/AGCH on TS0 link_id=0x00d
[1;34mDL1P[0;m <0007> l1sap.c:1225 053460/40/04/12/04 Tx PH-DATA.req chan_nr=PCH/AGCH on TS0 link_id=0x00
[1;34mDL1P[0;m <0007> scheduler.c:842 053460/40/04/12/04 (bts=0,trx=0,ts=0) : PH-DATA.req: chan_nr=0x90 link_id=0x00
[1;34mDL1P[0;m <0007> l1sap.c:622 053456/40/00/08/00 Rx MPH_INFO time ind
[1;34mDL1P[0;m <0007> l1sap.c:622 053457/40/01/09/01 Rx MPH_INFO time ind
[1;34mDL1P[0;m <0007> l1sap.c:622 053458/40/02/10/02 Rx MPH_INFO time ind
[1;34mDL1P[0;m <0007> l1sap.c:622 053459/40/03/11/03 Rx MPH_INFO time ind
[1;34mDL1P[0;m <0007> scheduler.c:911 053464/40/08/16/08 (bts=0,trx=0,ts=0) CCCH: PH-RTS.ind: chan_nr=0x90 link_id=0x00
[1;34mDL1P[0;m <0007> l1sap.c:1082 053464/40/08/16/08 Rx PH-RTS.ind chan_nr=PCH/AGCH on TS0 link_id=0x00d
[1;34mDL1P[0;m <0007> l1sap.c:1225 053464/40/08/16/08 Tx PH-DATA.req chan_nr=PCH/AGCH on TS0 link_id=0x00
[1;34mDL1P[0;m <0007> scheduler.c:842 053464/40/08/16/08 (bts=0,trx=0,ts=0) : PH-DATA.req: chan_nr=0x90 link_id=0x00
[1;34mDL1P[0;m <0007> l1sap.c:622 053460/40/04/12/04 Rx MPH_INFO time ind
[1;34mDL1P[0;m <0007> scheduler_virtbts.c:106 053460/40/04/12/04 (bts=0,trx=0,ts=0) CCCH: Sending GSMTAP message to virtual Um
[1;34mDL1P[0;m <0007> l1sap.c:622 053461/40/05/13/05 Rx MPH_INFO time ind
[1;34mDL1P[0;m <0007> l1sap.c:622 053462/40/06/14/06 Rx MPH_INFO time ind
[1;34mDL1P[0;m <0007> l1sap.c:622 053463/40/07/15/07 Rx MPH_INFO time ind
[1;34mDL1P[0;m <0007> l1sap.c:622 053464/40/08/16/08 Rx MPH_INFO time ind
[1;34mDL1P[0;m <0007> scheduler_virtbts.c:106 053464/40/08/16/08 (bts=0,trx=0,ts=0) CCCH: Sending GSMTAP message to virtual Um
[1;34mDL1P[0;m <0007> l1sap.c:622 053465/40/09/17/09 Rx MPH_INFO time ind
[1;34mDL1P[0;m <0007> l1sap.c:622 053466/40/10/18/10 Rx MPH_INFO time ind
[1;34mDL1P[0;m <0007> l1sap.c:622 053467/40/11/19/11 Rx MPH_INFO time ind
[1;34mDL1P[0;m <0007> l1sap.c:622 053468/40/12/20/12 Rx MPH_INFO time ind
[1;34mDL1P[0;m <0007> l1sap.c:622 053469/40/13/21/13 Rx MPH_INFO time ind
[1;34mDL1P[0;m <0007> l1sap.c:622 053470/40/14/22/14 Rx MPH_INFO time ind
[1;34mDL1P[0;m <0007> l1sap.c:622 053471/40/15/23/15 Rx MPH_INFO time ind
[1;34mDL1P[0;m <0007> l1sap.c:622 053472/40/16/24/16 Rx MPH_INFO time ind
[1;34mDL1P[0;m <0007> l1sap.c:622 053473/40/17/25/17 Rx MPH_INFO time ind
[1;34mDL1P[0;m <0007> l1sap.c:622 053474/40/18/26/18 Rx MPH_INFO time ind
[1;34mDL1P[0;m <0007> l1sap.c:622 053475/40/19/27/19 Rx MPH_INFO time ind
[1;34mDL1P[0;m <0007> l1sap.c:622 053476/40/20/28/20 Rx MPH_INFO time ind
[1;34mDL1P[0;m <0007> l1sap.c:622 053477/40/21/29/21 Rx MPH_INFO time ind
[1;34mDL1P[0;m <0007> l1sap.c:622 053478/40/22/30/22 Rx MPH_INFO time ind
[1;34mDL1P[0;m <0007> l1sap.c:622 053479/40/23/31/23 Rx MPH_INFO time ind
[1;34mDL1P[0;m <0007> l1sap.c:622 053480/40/24/32/24 Rx MPH_INFO time ind
[1;34mDL1P[0;m <0007> l1sap.c:622 053481/40/25/33/25 Rx MPH_INFO time ind
[1;34mDL1P[0;m <0007> l1sap.c:622 053482/40/00/34/26 Rx MPH_INFO time ind
[1;34mDL1P[0;m <0007> l1sap.c:622 053483/40/01/35/27 Rx MPH_INFO time ind
[1;34mDL1P[0;m <0007> l1sap.c:622 053484/40/02/36/28 Rx MPH_INFO time ind
[1;34mDL1P[0;m <0007> l1sap.c:622 053485/40/03/37/29 Rx MPH_INFO time ind
[1;34mDL1P[0;m <0007> l1sap.c:622 053486/40/04/38/30 Rx MPH_INFO time ind
[1;34mDL1P[0;m <0007> l1sap.c:622 053487/40/05/39/31 Rx MPH_INFO time ind
[1;34mDL1P[0;m <0007> l1sap.c:622 053488/40/06/40/32 Rx MPH_INFO time ind
[1;34mDL1P[0;m <0007> l1sap.c:622 053489/40/07/41/33 Rx MPH_INFO time ind
[1;34mDL1P[0;m <0007> l1sap.c:622 053490/40/08/42/34 Rx MPH_INFO time ind
[1;34mDL1P[0;m <0007> l1sap.c:622 053491/40/09/43/35 Rx MPH_INFO time ind
[1;34mDL1P[0;m <0007> l1sap.c:622 053492/40/10/44/36 Rx MPH_INFO time ind
[1;34mDL1P[0;m <0007> l1sap.c:622 053493/40/11/45/37 Rx MPH_INFO time ind
[1;34mDL1P[0;m <0007> l1sap.c:622 053494/40/12/46/38 Rx MPH_INFO time ind
[1;34mDL1P[0;m <0007> l1sap.c:622 053495/40/13/47/39 Rx MPH_INFO time ind
[1;34mDL1P[0;m <0007> l1sap.c:622 053496/40/14/48/40 Rx MPH_INFO time ind
[1;34mDL1P[0;m <0007> scheduler.c:911 053501/40/19/02/45 (bts=0,trx=0,ts=0) BCCH: PH-RTS.ind: chan_nr=0x80 link_id=0x00
[1;34mDL1P[0;m <0007> l1sap.c:1082 053501/40/19/02/45 Rx PH-RTS.ind chan_nr=BCCH on TS0 link_id=0x00d
[1;34mDL1P[0;m <0007> l1sap.c:1225 053501/40/19/02/45 Tx PH-DATA.req chan_nr=BCCH on TS0 link_id=0x00
[1;34mDL1P[0;m <0007> scheduler.c:842 053501/40/19/02/45 (bts=0,trx=0,ts=0) : PH-DATA.req: chan_nr=0x80 link_id=0x00
[1;34mDL1P[0;m <0007> l1sap.c:622 053497/40/15/49/41 Rx MPH_INFO time ind
[1;34mDL1P[0;m <0007> l1sap.c:622 053498/40/16/50/42 Rx MPH_INFO time ind
[1;34mDL1P[0;m <0007> l1sap.c:622 053499/40/17/00/43 Rx MPH_INFO time ind
[1;34mDL1P[0;m <0007> l1sap.c:622 053500/40/18/01/44 Rx MPH_INFO time ind
[1;34mDL1P[0;m <0007> scheduler.c:911 053505/40/23/06/01 (bts=0,trx=0,ts=0) CCCH: PH-RTS.ind: chan_nr=0x90 link_id=0x00
[1;34mDL1P[0;m <0007> l1sap.c:1082 053505/40/23/06/01 Rx PH-RTS.ind chan_nr=PCH/AGCH on TS0 link_id=0x00d
[1;34mDL1P[0;m <0007> l1sap.c:1225 053505/40/23/06/01 Tx PH-DATA.req chan_nr=PCH/AGCH on TS0 link_id=0x00
[1;34mDL1P[0;m <0007> scheduler.c:842 053505/40/23/06/01 (bts=0,trx=0,ts=0) : PH-DATA.req: chan_nr=0x90 link_id=0x00
[1;34mDL1P[0;m <0007> l1sap.c:622 053501/40/19/02/45 Rx MPH_INFO time ind
[1;34mDL1P[0;m <0007> scheduler_virtbts.c:106 053501/40/19/02/45 (bts=0,trx=0,ts=0) BCCH: Sending GSMTAP message to virtual Um
[1;34mDL1P[0;m <0007> l1sap.c:622 053502/40/20/03/46 Rx MPH_INFO time ind
[1;34mDL1P[0;m <0007> l1sap.c:622 053503/40/21/04/47 Rx MPH_INFO time ind
[1;34mDL1P[0;m <0007> l1sap.c:622 053504/40/22/05/00 Rx MPH_INFO time ind
[1;34mDL1P[0;m <0007> l1sap.c:622 053505/40/23/06/01 Rx MPH_INFO time ind
[1;34mDL1P[0;m <0007> scheduler_virtbts.c:106 053505/40/23/06/01 (bts=0,trx=0,ts=0) CCCH: Sending GSMTAP message to virtual Um
[1;34mDL1P[0;m <0007> l1sap.c:622 053506/40/24/07/02 Rx MPH_INFO time ind
[1;34mDL1P[0;m <0007> scheduler.c:911 053511/40/03/12/07 (bts=0,trx=0,ts=0) CCCH: PH-RTS.ind: chan_nr=0x90 link_id=0x00
[1;34mDL1P[0;m <0007> l1sap.c:1082 053511/40/03/12/07 Rx PH-RTS.ind chan_nr=PCH/AGCH on TS0 link_id=0x00d
[1;34mDL1P[0;m <0007> l1sap.c:1225 053511/40/03/12/07 Tx PH-DATA.req chan_nr=PCH/AGCH on TS0 link_id=0x00
[1;34mDL1P[0;m <0007> scheduler.c:842 053511/40/03/12/07 (bts=0,trx=0,ts=0) : PH-DATA.req: chan_nr=0x90 link_id=0x00
[1;34mDL1P[0;m <0007> l1sap.c:622 053507/40/25/08/03 Rx MPH_INFO time ind
[1;34mDL1P[0;m <0007> l1sap.c:622 053508/40/00/09/04 Rx MPH_INFO time ind
[1;34mDL1P[0;m <0007> l1sap.c:622 053509/40/01/10/05 Rx MPH_INFO time ind
[1;34mDL1P[0;m <0007> l1sap.c:622 053510/40/02/11/06 Rx MPH_INFO time ind
[1;34mDL1P[0;m <0007> scheduler.c:911 053515/40/07/16/11 (bts=0,trx=0,ts=0) CCCH: PH-RTS.ind: chan_nr=0x90 link_id=0x00
[1;34mDL1P[0;m <0007> l1sap.c:1082 053515/40/07/16/11 Rx PH-RTS.ind chan_nr=PCH/AGCH on TS0 link_id=0x00d
[1;34mDL1P[0;m <0007> l1sap.c:1225 053515/40/07/16/11 Tx PH-DATA.req chan_nr=PCH/AGCH on TS0 link_id=0x00
[1;34mDL1P[0;m <0007> scheduler.c:842 053515/40/07/16/11 (bts=0,trx=0,ts=0) : PH-DATA.req: chan_nr=0x90 link_id=0x00
[1;34mDL1P[0;m <0007> l1sap.c:622 053511/40/03/12/07 Rx MPH_INFO time ind
[1;34mDL1P[0;m <0007> scheduler_virtbts.c:106 053511/40/03/12/07 (bts=0,trx=0,ts=0) CCCH: Sending GSMTAP message to virtual Um
[1;34mDL1P[0;m <0007> l1sap.c:622 053512/40/04/13/08 Rx MPH_INFO time ind
[1;34mDL1P[0;m <0007> l1sap.c:622 053513/40/05/14/09 Rx MPH_INFO time ind
[1;34mDL1P[0;m <0007> l1sap.c:622 053514/40/06/15/10 Rx MPH_INFO time ind
[1;34mDL1P[0;m <0007> l1sap.c:622 053515/40/07/16/11 Rx MPH_INFO time ind
[1;34mDL1P[0;m <0007> scheduler_virtbts.c:106 053515/40/07/16/11 (bts=0,trx=0,ts=0) CCCH: Sending GSMTAP message to virtual Um
[1;34mDL1P[0;m <0007> l1sap.c:622 053516/40/08/17/12 Rx MPH_INFO time ind
[1;34mDL1P[0;m <0007> l1sap.c:622 053517/40/09/18/13 Rx MPH_INFO time ind
[1;34mDL1P[0;m <0007> l1sap.c:622 053518/40/10/19/14 Rx MPH_INFO time ind
[1;34mDL1P[0;m <0007> l1sap.c:622 053519/40/11/20/15 Rx MPH_INFO time ind
[1;34mDL1P[0;m <0007> l1sap.c:622 053520/40/12/21/16 Rx MPH_INFO time ind
[1;34mDL1P[0;m <0007> l1sap.c:622 053521/40/13/22/17 Rx MPH_INFO time ind
[1;34mDL1P[0;m <0007> l1sap.c:622 053522/40/14/23/18 Rx MPH_INFO time ind
[1;34mDL1P[0;m <0007> l1sap.c:622 053523/40/15/24/19 Rx MPH_INFO time ind
[1;34mDL1P[0;m <0007> l1sap.c:622 053524/40/16/25/20 Rx MPH_INFO time ind
[1;34mDL1P[0;m <0007> l1sap.c:622 053525/40/17/26/21 Rx MPH_INFO time ind
[1;34mDL1P[0;m <0007> l1sap.c:622 053526/40/18/27/22 Rx MPH_INFO time ind
[1;34mDL1P[0;m <0007> l1sap.c:622 053527/40/19/28/23 Rx MPH_INFO time ind
[1;34mDL1P[0;m <0007> l1sap.c:622 053528/40/20/29/24 Rx MPH_INFO time ind
[1;34mDL1P[0;m <0007> l1sap.c:622 053529/40/21/30/25 Rx MPH_INFO time ind
[1;34mDL1P[0;m <0007> l1sap.c:622 053530/40/22/31/26 Rx MPH_INFO time ind
[1;34mDL1P[0;m <0007> l1sap.c:622 053531/40/23/32/27 Rx MPH_INFO time ind
[1;34mDL1P[0;m <0007> l1sap.c:622 053532/40/24/33/28 Rx MPH_INFO time ind
[1;34mDL1P[0;m <0007> l1sap.c:622 053533/40/25/34/29 Rx MPH_INFO time ind
[1;34mDL1P[0;m <0007> l1sap.c:622 053534/40/00/35/30 Rx MPH_INFO time ind
[1;34mDL1P[0;m <0007> l1sap.c:622 053535/40/01/36/31 Rx MPH_INFO time ind
[1;34mDL1P[0;m <0007> l1sap.c:622 053536/40/02/37/32 Rx MPH_INFO time ind
[1;34mDL1P[0;m <0007> l1sap.c:622 053537/40/03/38/33 Rx MPH_INFO time ind
[1;34mDL1P[0;m <0007> l1sap.c:622 053538/40/04/39/34 Rx MPH_INFO time ind
[1;34mDL1P[0;m <0007> l1sap.c:622 053539/40/05/40/35 Rx MPH_INFO time ind
[1;34mDL1P[0;m <0007> l1sap.c:622 053540/40/06/41/36 Rx MPH_INFO time ind
[1;34mDL1P[0;m <0007> l1sap.c:622 053541/40/07/42/37 Rx MPH_INFO time ind
[1;34mDL1P[0;m <0007> l1sap.c:622 053542/40/08/43/38 Rx MPH_INFO time ind
[1;34mDL1P[0;m <0007> l1sap.c:622 053543/40/09/44/39 Rx MPH_INFO time ind
[1;34mDL1P[0;m <0007> l1sap.c:622 053544/40/10/45/40 Rx MPH_INFO time ind
[1;34mDL1P[0;m <0007> l1sap.c:622 053545/40/11/46/41 Rx MPH_INFO time ind
[1;34mDL1P[0;m <0007> l1sap.c:622 053546/40/12/47/42 Rx MPH_INFO time ind
[1;34mDL1P[0;m <0007> l1sap.c:622 053547/40/13/48/43 Rx MPH_INFO time ind
[1;34mDL1P[0;m <0007> scheduler.c:911 053552/40/18/02/48 (bts=0,trx=0,ts=0) BCCH: PH-RTS.ind: chan_nr=0x80 link_id=0x00
[1;34mDL1P[0;m <0007> l1sap.c:1082 053552/40/18/02/48 Rx PH-RTS.ind chan_nr=BCCH on TS0 link_id=0x00d
[1;34mDL1P[0;m <0007> l1sap.c:1225 053552/40/18/02/48 Tx PH-DATA.req chan_nr=BCCH on TS0 link_id=0x00
[1;34mDL1P[0;m <0007> scheduler.c:842 053552/40/18/02/48 (bts=0,trx=0,ts=0) : PH-DATA.req: chan_nr=0x80 link_id=0x00
[1;34mDL1P[0;m <0007> l1sap.c:622 053548/40/14/49/44 Rx MPH_INFO time ind
[1;34mDL1P[0;m <0007> l1sap.c:622 053549/40/15/50/45 Rx MPH_INFO time ind
[1;34mDL1P[0;m <0007> l1sap.c:622 053550/40/16/00/46 Rx MPH_INFO time ind
[1;34mDL1P[0;m <0007> l1sap.c:622 053551/40/17/01/47 Rx MPH_INFO time ind
[1;34mDL1P[0;m <0007> scheduler.c:911 053556/40/22/06/00 (bts=0,trx=0,ts=0) CCCH: PH-RTS.ind: chan_nr=0x90 link_id=0x00
[1;34mDL1P[0;m <0007> l1sap.c:1082 053556/40/22/06/00 Rx PH-RTS.ind chan_nr=PCH/AGCH on TS0 link_id=0x00d
[1;34mDL1P[0;m <0007> l1sap.c:1225 053556/40/22/06/00 Tx PH-DATA.req chan_nr=PCH/AGCH on TS0 link_id=0x00
[1;34mDL1P[0;m <0007> scheduler.c:842 053556/40/22/06/00 (bts=0,trx=0,ts=0) : PH-DATA.req: chan_nr=0x90 link_id=0x00
[1;34mDL1P[0;m <0007> l1sap.c:622 053552/40/18/02/48 Rx MPH_INFO time ind
[1;34mDL1P[0;m <0007> scheduler_virtbts.c:106 053552/40/18/02/48 (bts=0,trx=0,ts=0) BCCH: Sending GSMTAP message to virtual Um
[1;34mDL1P[0;m <0007> l1sap.c:622 053553/40/19/03/49 Rx MPH_INFO time ind
[1;34mDL1P[0;m <0007> l1sap.c:622 053554/40/20/04/50 Rx MPH_INFO time ind
[1;34mDL1P[0;m <0007> l1sap.c:622 053555/40/21/05/51 Rx MPH_INFO time ind
[1;34mDL1P[0;m <0007> l1sap.c:622 053556/40/22/06/00 Rx MPH_INFO time ind
[1;34mDL1P[0;m <0007> scheduler_virtbts.c:106 053556/40/22/06/00 (bts=0,trx=0,ts=0) CCCH: Sending GSMTAP message to virtual Um
[1;34mDL1P[0;m <0007> l1sap.c:622 053557/40/23/07/01 Rx MPH_INFO time ind
[1;34mDL1P[0;m <0007> scheduler.c:911 053562/40/02/12/06 (bts=0,trx=0,ts=0) CCCH: PH-RTS.ind: chan_nr=0x90 link_id=0x00
[1;34mDL1P[0;m <0007> l1sap.c:1082 053562/40/02/12/06 Rx PH-RTS.ind chan_nr=PCH/AGCH on TS0 link_id=0x00d
[1;34mDL1P[0;m <0007> l1sap.c:1225 053562/40/02/12/06 Tx PH-DATA.req chan_nr=PCH/AGCH on TS0 link_id=0x00
[1;34mDL1P[0;m <0007> scheduler.c:842 053562/40/02/12/06 (bts=0,trx=0,ts=0) : PH-DATA.req: chan_nr=0x90 link_id=0x00
[1;34mDL1P[0;m <0007> l1sap.c:622 053558/40/24/08/02 Rx MPH_INFO time ind
[1;34mDL1P[0;m <0007> l1sap.c:622 053559/40/25/09/03 Rx MPH_INFO time ind
[1;34mDL1P[0;m <0007> l1sap.c:622 053560/40/00/10/04 Rx MPH_INFO time ind
[1;34mDL1P[0;m <0007> l1sap.c:622 053561/40/01/11/05 Rx MPH_INFO time ind
[1;34mDL1P[0;m <0007> scheduler.c:911 053566/40/06/16/10 (bts=0,trx=0,ts=0) CCCH: PH-RTS.ind: chan_nr=0x90 link_id=0x00
[1;34mDL1P[0;m <0007> l1sap.c:1082 053566/40/06/16/10 Rx PH-RTS.ind chan_nr=PCH/AGCH on TS0 link_id=0x00d
[1;34mDL1P[0;m <0007> l1sap.c:1225 053566/40/06/16/10 Tx PH-DATA.req chan_nr=PCH/AGCH on TS0 link_id=0x00
[1;34mDL1P[0;m <0007> scheduler.c:842 053566/40/06/16/10 (bts=0,trx=0,ts=0) : PH-DATA.req: chan_nr=0x90 link_id=0x00
[1;34mDL1P[0;m <0007> l1sap.c:622 053562/40/02/12/06 Rx MPH_INFO time ind
[1;34mDL1P[0;m <0007> scheduler_virtbts.c:106 053562/40/02/12/06 (bts=0,trx=0,ts=0) CCCH: Sending GSMTAP message to virtual Um
[1;34mDL1P[0;m <0007> l1sap.c:622 053563/40/03/13/07 Rx MPH_INFO time ind
[1;34mDL1P[0;m <0007> l1sap.c:622 053564/40/04/14/08 Rx MPH_INFO time ind
[1;34mDL1P[0;m <0007> l1sap.c:622 053565/40/05/15/09 Rx MPH_INFO time ind
[1;34mDL1P[0;m <0007> l1sap.c:622 053566/40/06/16/10 Rx MPH_INFO time ind
[1;34mDL1P[0;m <0007> scheduler_virtbts.c:106 053566/40/06/16/10 (bts=0,trx=0,ts=0) CCCH: Sending GSMTAP message to virtual Um
[1;34mDL1P[0;m <0007> l1sap.c:622 053567/40/07/17/11 Rx MPH_INFO time ind
[1;34mDL1P[0;m <0007> l1sap.c:622 053568/40/08/18/12 Rx MPH_INFO time ind
[1;34mDL1P[0;m <0007> l1sap.c:622 053569/40/09/19/13 Rx MPH_INFO time ind
[1;34mDL1P[0;m <0007> l1sap.c:622 053570/40/10/20/14 Rx MPH_INFO time ind
[1;34mDL1P[0;m <0007> l1sap.c:622 053571/40/11/21/15 Rx MPH_INFO time ind
[1;34mDL1P[0;m <0007> l1sap.c:622 053572/40/12/22/16 Rx MPH_INFO time ind
[1;34mDL1P[0;m <0007> l1sap.c:622 053573/40/13/23/17 Rx MPH_INFO time ind
[1;34mDL1P[0;m <0007> l1sap.c:622 053574/40/14/24/18 Rx MPH_INFO time ind
[1;34mDL1P[0;m <0007> l1sap.c:622 053575/40/15/25/19 Rx MPH_INFO time ind
[1;34mDL1P[0;m <0007> l1sap.c:622 053576/40/16/26/20 Rx MPH_INFO time ind
[1;34mDL1P[0;m <0007> l1sap.c:622 053577/40/17/27/21 Rx MPH_INFO time ind
[1;34mDL1P[0;m <0007> l1sap.c:622 053578/40/18/28/22 Rx MPH_INFO time ind
[1;34mDL1P[0;m <0007> l1sap.c:622 053579/40/19/29/23 Rx MPH_INFO time ind
[1;34mDL1P[0;m <0007> l1sap.c:622 053580/40/20/30/24 Rx MPH_INFO time ind
[1;34mDL1P[0;m <0007> l1sap.c:622 053581/40/21/31/25 Rx MPH_INFO time ind
[1;34mDL1P[0;m <0007> l1sap.c:622 053582/40/22/32/26 Rx MPH_INFO time ind
[1;34mDL1P[0;m <0007> l1sap.c:622 053583/40/23/33/27 Rx MPH_INFO time ind
[1;34mDL1P[0;m <0007> l1sap.c:622 053584/40/24/34/28 Rx MPH_INFO time ind
[1;34mDL1P[0;m <0007> l1sap.c:622 053585/40/25/35/29 Rx MPH_INFO time ind
[1;34mDL1P[0;m <0007> l1sap.c:622 053586/40/00/36/30 Rx MPH_INFO time ind
[1;34mDL1P[0;m <0007> l1sap.c:622 053587/40/01/37/31 Rx MPH_INFO time ind
[1;34mDL1P[0;m <0007> l1sap.c:622 053588/40/02/38/32 Rx MPH_INFO time ind
[1;34mDL1P[0;m <0007> l1sap.c:622 053589/40/03/39/33 Rx MPH_INFO time ind
[1;34mDL1P[0;m <0007> l1sap.c:622 053590/40/04/40/34 Rx MPH_INFO time ind
[1;34mDL1P[0;m <0007> l1sap.c:622 053591/40/05/41/35 Rx MPH_INFO time ind
[1;34mDL1P[0;m <0007> l1sap.c:622 053592/40/06/42/36 Rx MPH_INFO time ind
[1;34mDL1P[0;m <0007> l1sap.c:622 053593/40/07/43/37 Rx MPH_INFO time ind
[1;34mDL1P[0;m <0007> l1sap.c:622 053594/40/08/44/38 Rx MPH_INFO time ind
[1;34mDL1P[0;m <0007> l1sap.c:622 053595/40/09/45/39 Rx MPH_INFO time ind
[1;34mDL1P[0;m <0007> l1sap.c:622 053596/40/10/46/40 Rx MPH_INFO time ind
[1;34mDL1P[0;m <0007> l1sap.c:622 053597/40/11/47/41 Rx MPH_INFO time ind
[1;34mDL1P[0;m <0007> l1sap.c:622 053598/40/12/48/42 Rx MPH_INFO time ind
[1;34mDL1P[0;m <0007> scheduler.c:911 053603/40/17/02/47 (bts=0,trx=0,ts=0) BCCH: PH-RTS.ind: chan_nr=0x80 link_id=0x00
[1;34mDL1P[0;m <0007> l1sap.c:1082 053603/40/17/02/47 Rx PH-RTS.ind chan_nr=BCCH on TS0 link_id=0x00d
[1;34mDL1P[0;m <0007> l1sap.c:1225 053603/40/17/02/47 Tx PH-DATA.req chan_nr=BCCH on TS0 link_id=0x00
[1;34mDL1P[0;m <0007> scheduler.c:842 053603/40/17/02/47 (bts=0,trx=0,ts=0) : PH-DATA.req: chan_nr=0x80 link_id=0x00
[1;34mDL1P[0;m <0007> l1sap.c:622 053599/40/13/49/43 Rx MPH_INFO time ind
[1;34mDL1P[0;m <0007> l1sap.c:622 053600/40/14/50/44 Rx MPH_INFO time ind
[1;34mDL1P[0;m <0007> l1sap.c:622 053601/40/15/00/45 Rx MPH_INFO time ind
[1;34mDL1P[0;m <0007> l1sap.c:622 053602/40/16/01/46 Rx MPH_INFO time ind
[1;34mDL1P[0;m <0007> scheduler.c:911 053607/40/21/06/51 (bts=0,trx=0,ts=0) CCCH: PH-RTS.ind: chan_nr=0x90 link_id=0x00
[1;34mDL1P[0;m <0007> l1sap.c:1082 053607/40/21/06/51 Rx PH-RTS.ind chan_nr=PCH/AGCH on TS0 link_id=0x00d
[1;34mDL1P[0;m <0007> l1sap.c:1225 053607/40/21/06/51 Tx PH-DATA.req chan_nr=PCH/AGCH on TS0 link_id=0x00
[1;34mDL1P[0;m <0007> scheduler.c:842 053607/40/21/06/51 (bts=0,trx=0,ts=0) : PH-DATA.req: chan_nr=0x90 link_id=0x00
[1;34mDL1P[0;m <0007> l1sap.c:622 053603/40/17/02/47 Rx MPH_INFO time ind
[1;34mDL1P[0;m <0007> scheduler_virtbts.c:106 053603/40/17/02/47 (bts=0,trx=0,ts=0) BCCH: Sending GSMTAP message to virtual Um
[1;34mDMEAS[0;m <0004> l1_if.c:315 (bts=0,trx=0,ts=0,ss=0) 053587/40/01/37/31 RX L1 frame chan_nr=0x20 MS pwr=5dBm rssi=0.0 dBFS ber=100.00% (0/0 bits) L1_ta=0 ta_ctrl.current=0 toa=0.00
[1;33mDL1P[0;m <0007> l1sap.c:104 (bts=0,trx=0,ts=0,ss=0) assuming active lchan, but state is NONE
[1;31mDL1P[0;m <0007> l1sap.c:783 053587/40/01/37/31 No lchan for chan_nr=SDCCH/4(0) on TS0
[1;34mDL1P[0;m <0007> l1sap.c:1974 053587/40/01/37/31 Rx PH-DATA.ind chan_nr=SDCCH/4(0) on TS0 link_id=0x00 len=23
[1;33mDL1P[0;m <0007> l1sap.c:104 (bts=0,trx=0,ts=0,ss=0) assuming active lchan, but state is NONE
[1;31mDL1P[0;m <0007> l1sap.c:2013 053587/40/01/37/31 No lchan for chan_nr=SDCCH/4(0) on TS0
[1;34mDL1P[0;m <0007> l1_if.c:181 053587/40/01/37/31 Message forwarded to layer 2.
[1;34mDL1P[0;m <0007> l1sap.c:622 053604/40/18/03/48 Rx MPH_INFO time ind
[1;34mDL1P[0;m <0007> l1sap.c:622 053605/40/19/04/49 Rx MPH_INFO time ind
[1;34mDL1P[0;m <0007> l1sap.c:622 053606/40/20/05/50 Rx MPH_INFO time ind
[1;34mDL1P[0;m <0007> l1sap.c:622 053607/40/21/06/51 Rx MPH_INFO time ind
[1;34mDL1P[0;m <0007> scheduler_virtbts.c:106 053607/40/21/06/51 (bts=0,trx=0,ts=0) CCCH: Sending GSMTAP message to virtual Um
[1;34mDL1P[0;m <0007> l1sap.c:622 053608/40/22/07/00 Rx MPH_INFO time ind
[1;34mDL1P[0;m <0007> scheduler.c:911 053613/40/01/12/05 (bts=0,trx=0,ts=0) CCCH: PH-RTS.ind: chan_nr=0x90 link_id=0x00
[1;34mDL1P[0;m <0007> l1sap.c:1082 053613/40/01/12/05 Rx PH-RTS.ind chan_nr=PCH/AGCH on TS0 link_id=0x00d
[1;34mDL1P[0;m <0007> l1sap.c:1225 053613/40/01/12/05 Tx PH-DATA.req chan_nr=PCH/AGCH on TS0 link_id=0x00
[1;34mDL1P[0;m <0007> scheduler.c:842 053613/40/01/12/05 (bts=0,trx=0,ts=0) : PH-DATA.req: chan_nr=0x90 link_id=0x00
[1;34mDL1P[0;m <0007> l1sap.c:622 053609/40/23/08/01 Rx MPH_INFO time ind
[1;34mDL1P[0;m <0007> l1sap.c:622 053610/40/24/09/02 Rx MPH_INFO time ind
[1;34mDL1P[0;m <0007> l1sap.c:622 053611/40/25/10/03 Rx MPH_INFO time ind
[1;34mDL1P[0;m <0007> l1sap.c:622 053612/40/00/11/04 Rx MPH_INFO time ind
[1;34mDL1P[0;m <0007> scheduler.c:911 053617/40/05/16/09 (bts=0,trx=0,ts=0) CCCH: PH-RTS.ind: chan_nr=0x90 link_id=0x00
[1;34mDL1P[0;m <0007> l1sap.c:1082 053617/40/05/16/09 Rx PH-RTS.ind chan_nr=PCH/AGCH on TS0 link_id=0x00d
[1;34mDL1P[0;m <0007> l1sap.c:1225 053617/40/05/16/09 Tx PH-DATA.req chan_nr=PCH/AGCH on TS0 link_id=0x00
[1;34mDL1P[0;m <0007> scheduler.c:842 053617/40/05/16/09 (bts=0,trx=0,ts=0) : PH-DATA.req: chan_nr=0x90 link_id=0x00
[1;34mDL1P[0;m <0007> l1sap.c:622 053613/40/01/12/05 Rx MPH_INFO time ind
[1;34mDL1P[0;m <0007> scheduler_virtbts.c:106 053613/40/01/12/05 (bts=0,trx=0,ts=0) CCCH: Sending GSMTAP message to virtual Um
[1;34mDL1P[0;m <0007> l1sap.c:622 053614/40/02/13/06 Rx MPH_INFO time ind
[1;34mDL1P[0;m <0007> l1sap.c:622 053615/40/03/14/07 Rx MPH_INFO time ind
[1;34mDL1P[0;m <0007> l1sap.c:622 053616/40/04/15/08 Rx MPH_INFO time ind
[1;34mDL1P[0;m <0007> l1sap.c:622 053617/40/05/16/09 Rx MPH_INFO time ind
[1;34mDL1P[0;m <0007> scheduler_virtbts.c:106 053617/40/05/16/09 (bts=0,trx=0,ts=0) CCCH: Sending GSMTAP message to virtual Um
[1;34mDL1P[0;m <0007> l1sap.c:622 053618/40/06/17/10 Rx MPH_INFO time ind
[1;34mDL1P[0;m <0007> l1sap.c:622 053619/40/07/18/11 Rx MPH_INFO time ind
[1;34mDL1P[0;m <0007> l1sap.c:622 053620/40/08/19/12 Rx MPH_INFO time ind
[1;34mDL1P[0;m <0007> l1sap.c:622 053621/40/09/20/13 Rx MPH_INFO time ind
[1;34mDL1P[0;m <0007> l1sap.c:622 053622/40/10/21/14 Rx MPH_INFO time ind
[1;34mDL1P[0;m <0007> l1sap.c:622 053623/40/11/22/15 Rx MPH_INFO time ind
[1;34mDL1P[0;m <0007> l1sap.c:622 053624/40/12/23/16 Rx MPH_INFO time ind
[1;34mDL1P[0;m <0007> l1sap.c:622 053625/40/13/24/17 Rx MPH_INFO time ind
[1;34mDL1P[0;m <0007> l1sap.c:622 053626/40/14/25/18 Rx MPH_INFO time ind
[1;34mDL1P[0;m <0007> l1sap.c:622 053627/40/15/26/19 Rx MPH_INFO time ind
[1;34mDL1P[0;m <0007> l1sap.c:622 053628/40/16/27/20 Rx MPH_INFO time ind
[1;34mDL1P[0;m <0007> l1sap.c:622 053629/40/17/28/21 Rx MPH_INFO time ind
[1;34mDL1P[0;m <0007> l1sap.c:622 053630/40/18/29/22 Rx MPH_INFO time ind
[1;34mDL1P[0;m <0007> l1sap.c:622 053631/40/19/30/23 Rx MPH_INFO time ind
[1;34mDL1P[0;m <0007> l1sap.c:622 053632/40/20/31/24 Rx MPH_INFO time ind
[1;34mDL1P[0;m <0007> l1sap.c:622 053633/40/21/32/25 Rx MPH_INFO time ind
[1;34mDL1P[0;m <0007> l1sap.c:622 053634/40/22/33/26 Rx MPH_INFO time ind
[1;34mDL1P[0;m <0007> l1sap.c:622 053635/40/23/34/27 Rx MPH_INFO time ind
[1;34mDL1P[0;m <0007> l1sap.c:622 053636/40/24/35/28 Rx MPH_INFO time ind
[1;34mDL1P[0;m <0007> l1sap.c:622 053637/40/25/36/29 Rx MPH_INFO time ind
[1;34mDL1P[0;m <0007> l1sap.c:622 053638/40/00/37/30 Rx MPH_INFO time ind
[1;34mDL1P[0;m <0007> l1sap.c:622 053639/40/01/38/31 Rx MPH_INFO time ind
[1;34mDL1P[0;m <0007> l1sap.c:622 053640/40/02/39/32 Rx MPH_INFO time ind
[1;34mDL1P[0;m <0007> l1sap.c:622 053641/40/03/40/33 Rx MPH_INFO time ind
[1;34mDL1P[0;m <0007> l1sap.c:622 053642/40/04/41/34 Rx MPH_INFO time ind
[1;34mDL1P[0;m <0007> l1sap.c:622 053643/40/05/42/35 Rx MPH_INFO time ind
[1;34mDL1P[0;m <0007> l1sap.c:622 053644/40/06/43/36 Rx MPH_INFO time ind
[1;34mDL1P[0;m <0007> l1sap.c:622 053645/40/07/44/37 Rx MPH_INFO time ind
[1;34mDL1P[0;m <0007> l1sap.c:622 053646/40/08/45/38 Rx MPH_INFO time ind
[1;34mDL1P[0;m <0007> l1sap.c:622 053647/40/09/46/39 Rx MPH_INFO time ind
[1;34mDL1P[0;m <0007> l1sap.c:622 053648/40/10/47/40 Rx MPH_INFO time ind
[1;34mDL1P[0;m <0007> l1sap.c:622 053649/40/11/48/41 Rx MPH_INFO time ind
[1;34mDL1P[0;m <0007> scheduler.c:911 053654/40/16/02/46 (bts=0,trx=0,ts=0) BCCH: PH-RTS.ind: chan_nr=0x80 link_id=0x00
[1;34mDL1P[0;m <0007> l1sap.c:1082 053654/40/16/02/46 Rx PH-RTS.ind chan_nr=BCCH on TS0 link_id=0x00d
[1;34mDL1P[0;m <0007> l1sap.c:1225 053654/40/16/02/46 Tx PH-DATA.req chan_nr=BCCH on TS0 link_id=0x00
[1;34mDL1P[0;m <0007> scheduler.c:842 053654/40/16/02/46 (bts=0,trx=0,ts=0) : PH-DATA.req: chan_nr=0x80 link_id=0x00
[1;34mDL1P[0;m <0007> l1sap.c:622 053650/40/12/49/42 Rx MPH_INFO time ind
[1;34mDL1P[0;m <0007> l1sap.c:622 053651/40/13/50/43 Rx MPH_INFO time ind
[1;34mDL1P[0;m <0007> l1sap.c:622 053652/40/14/00/44 Rx MPH_INFO time ind
[1;34mDL1P[0;m <0007> l1sap.c:622 053653/40/15/01/45 Rx MPH_INFO time ind
[1;34mDL1P[0;m <0007> scheduler.c:911 053658/40/20/06/50 (bts=0,trx=0,ts=0) CCCH: PH-RTS.ind: chan_nr=0x90 link_id=0x00
[1;34mDL1P[0;m <0007> l1sap.c:1082 053658/40/20/06/50 Rx PH-RTS.ind chan_nr=PCH/AGCH on TS0 link_id=0x00d
[1;34mDL1P[0;m <0007> l1sap.c:1225 053658/40/20/06/50 Tx PH-DATA.req chan_nr=PCH/AGCH on TS0 link_id=0x00
[1;34mDL1P[0;m <0007> scheduler.c:842 053658/40/20/06/50 (bts=0,trx=0,ts=0) : PH-DATA.req: chan_nr=0x90 link_id=0x00
[1;34mDL1P[0;m <0007> l1sap.c:622 053654/40/16/02/46 Rx MPH_INFO time ind
[1;34mDL1P[0;m <0007> scheduler_virtbts.c:106 053654/40/16/02/46 (bts=0,trx=0,ts=0) BCCH: Sending GSMTAP message to virtual Um
[1;34mDMEAS[0;m <0004> l1_if.c:315 (bts=0,trx=0,ts=0,ss=0) 053623/40/11/22/15 RX L1 frame chan_nr=0x20 MS pwr=5dBm rssi=0.0 dBFS ber=100.00% (0/0 bits) L1_ta=0 ta_ctrl.current=0 toa=0.00
[1;33mDL1P[0;m <0007> l1sap.c:104 (bts=0,trx=0,ts=0,ss=0) assuming active lchan, but state is NONE
[1;31mDL1P[0;m <0007> l1sap.c:783 053623/40/11/22/15 No lchan for chan_nr=SDCCH/4(0) on TS0
[1;34mDL1P[0;m <0007> l1sap.c:1974 053623/40/11/22/15 Rx PH-DATA.ind chan_nr=SDCCH/4(0) on TS0 link_id=0x40 len=23
[1;33mDL1P[0;m <0007> l1sap.c:104 (bts=0,trx=0,ts=0,ss=0) assuming active lchan, but state is NONE
[1;31mDL1P[0;m <0007> l1sap.c:2013 053623/40/11/22/15 No lchan for chan_nr=SDCCH/4(0) on TS0
[1;34mDL1P[0;m <0007> l1_if.c:181 053623/40/11/22/15 Message forwarded to layer 2.
[1;34mDL1P[0;m <0007> l1sap.c:622 053655/40/17/03/47 Rx MPH_INFO time ind
[1;34mDL1P[0;m <0007> l1sap.c:622 053656/40/18/04/48 Rx MPH_INFO time ind
[1;34mDL1P[0;m <0007> l1sap.c:622 053657/40/19/05/49 Rx MPH_INFO time ind
[1;34mDL1P[0;m <0007> l1sap.c:622 053658/40/20/06/50 Rx MPH_INFO time ind
[1;34mDL1P[0;m <0007> scheduler_virtbts.c:106 053658/40/20/06/50 (bts=0,trx=0,ts=0) CCCH: Sending GSMTAP message to virtual Um
[1;34mDL1P[0;m <0007> l1sap.c:622 053659/40/21/07/51 Rx MPH_INFO time ind
[1;34mDL1P[0;m <0007> scheduler.c:911 053664/40/00/12/04 (bts=0,trx=0,ts=0) CCCH: PH-RTS.ind: chan_nr=0x90 link_id=0x00
[1;34mDL1P[0;m <0007> l1sap.c:1082 053664/40/00/12/04 Rx PH-RTS.ind chan_nr=PCH/AGCH on TS0 link_id=0x00d
[1;34mDL1P[0;m <0007> l1sap.c:1225 053664/40/00/12/04 Tx PH-DATA.req chan_nr=PCH/AGCH on TS0 link_id=0x00
[1;34mDL1P[0;m <0007> scheduler.c:842 053664/40/00/12/04 (bts=0,trx=0,ts=0) : PH-DATA.req: chan_nr=0x90 link_id=0x00
[1;34mDL1P[0;m <0007> l1sap.c:622 053660/40/22/08/00 Rx MPH_INFO time ind
[1;34mDL1P[0;m <0007> l1sap.c:622 053661/40/23/09/01 Rx MPH_INFO time ind
[1;34mDL1P[0;m <0007> l1sap.c:622 053662/40/24/10/02 Rx MPH_INFO time ind
[1;34mDL1P[0;m <0007> l1sap.c:622 053663/40/25/11/03 Rx MPH_INFO time ind
[1;34mDL1P[0;m <0007> scheduler.c:911 053668/40/04/16/08 (bts=0,trx=0,ts=0) CCCH: PH-RTS.ind: chan_nr=0x90 link_id=0x00
[1;34mDL1P[0;m <0007> l1sap.c:1082 053668/40/04/16/08 Rx PH-RTS.ind chan_nr=PCH/AGCH on TS0 link_id=0x00d
[1;34mDL1P[0;m <0007> l1sap.c:1225 053668/40/04/16/08 Tx PH-DATA.req chan_nr=PCH/AGCH on TS0 link_id=0x00
[1;34mDL1P[0;m <0007> scheduler.c:842 053668/40/04/16/08 (bts=0,trx=0,ts=0) : PH-DATA.req: chan_nr=0x90 link_id=0x00
[1;34mDL1P[0;m <0007> l1sap.c:622 053664/40/00/12/04 Rx MPH_INFO time ind
[1;34mDL1P[0;m <0007> scheduler_virtbts.c:106 053664/40/00/12/04 (bts=0,trx=0,ts=0) CCCH: Sending GSMTAP message to virtual Um
[1;34mDL1P[0;m <0007> l1sap.c:622 053665/40/01/13/05 Rx MPH_INFO time ind
[1;34mDL1P[0;m <0007> l1sap.c:622 053666/40/02/14/06 Rx MPH_INFO time ind
[1;34mDL1P[0;m <0007> l1sap.c:622 053667/40/03/15/07 Rx MPH_INFO time ind
[1;34mDL1P[0;m <0007> l1sap.c:622 053668/40/04/16/08 Rx MPH_INFO time ind
[1;34mDL1P[0;m <0007> scheduler_virtbts.c:106 053668/40/04/16/08 (bts=0,trx=0,ts=0) CCCH: Sending GSMTAP message to virtual Um
[1;34mDL1P[0;m <0007> l1sap.c:622 053669/40/05/17/09 Rx MPH_INFO time ind
[1;34mDL1P[0;m <0007> l1sap.c:622 053670/40/06/18/10 Rx MPH_INFO time ind
[1;34mDL1P[0;m <0007> l1sap.c:622 053671/40/07/19/11 Rx MPH_INFO time ind
[1;34mDL1P[0;m <0007> l1sap.c:622 053672/40/08/20/12 Rx MPH_INFO time ind
[1;34mDL1P[0;m <0007> l1sap.c:622 053673/40/09/21/13 Rx MPH_INFO time ind
[1;34mDL1P[0;m <0007> l1sap.c:622 053674/40/10/22/14 Rx MPH_INFO time ind
[1;34mDL1P[0;m <0007> l1sap.c:622 053675/40/11/23/15 Rx MPH_INFO time ind
[1;34mDL1P[0;m <0007> l1sap.c:622 053676/40/12/24/16 Rx MPH_INFO time ind
[1;34mDL1P[0;m <0007> l1sap.c:622 053677/40/13/25/17 Rx MPH_INFO time ind
[1;34mDL1P[0;m <0007> l1sap.c:622 053678/40/14/26/18 Rx MPH_INFO time ind
[1;34mDL1P[0;m <0007> l1sap.c:622 053679/40/15/27/19 Rx MPH_INFO time ind
[1;34mDL1P[0;m <0007> l1sap.c:622 053680/40/16/28/20 Rx MPH_INFO time ind
[1;34mDL1P[0;m <0007> l1sap.c:622 053681/40/17/29/21 Rx MPH_INFO time ind
[1;34mDL1P[0;m <0007> l1sap.c:622 053682/40/18/30/22 Rx MPH_INFO time ind
[1;34mDL1P[0;m <0007> l1sap.c:622 053683/40/19/31/23 Rx MPH_INFO time ind
[1;34mDL1P[0;m <0007> l1sap.c:622 053684/40/20/32/24 Rx MPH_INFO time ind
[1;34mDL1P[0;m <0007> l1sap.c:622 053685/40/21/33/25 Rx MPH_INFO time ind
[1;34mDL1P[0;m <0007> l1sap.c:622 053686/40/22/34/26 Rx MPH_INFO time ind
[1;34mDL1P[0;m <0007> l1sap.c:622 053687/40/23/35/27 Rx MPH_INFO time ind
[1;34mDL1P[0;m <0007> l1sap.c:622 053688/40/24/36/28 Rx MPH_INFO time ind
[1;34mDL1P[0;m <0007> l1sap.c:622 053689/40/25/37/29 Rx MPH_INFO time ind
[1;34mDL1P[0;m <0007> l1sap.c:622 053690/40/00/38/30 Rx MPH_INFO time ind
[1;34mDL1P[0;m <0007> l1sap.c:622 053691/40/01/39/31 Rx MPH_INFO time ind
[1;34mDL1P[0;m <0007> l1sap.c:622 053692/40/02/40/32 Rx MPH_INFO time ind
[1;34mDL1P[0;m <0007> l1sap.c:622 053693/40/03/41/33 Rx MPH_INFO time ind
[1;34mDL1P[0;m <0007> l1sap.c:622 053694/40/04/42/34 Rx MPH_INFO time ind
[1;34mDL1P[0;m <0007> l1sap.c:622 053695/40/05/43/35 Rx MPH_INFO time ind
[1;34mDL1P[0;m <0007> l1sap.c:622 053696/40/06/44/36 Rx MPH_INFO time ind
[1;34mDL1P[0;m <0007> l1sap.c:622 053697/40/07/45/37 Rx MPH_INFO time ind
[1;34mDL1P[0;m <0007> l1sap.c:622 053698/40/08/46/38 Rx MPH_INFO time ind
[1;34mDL1P[0;m <0007> l1sap.c:622 053699/40/09/47/39 Rx MPH_INFO time ind
[1;34mDL1P[0;m <0007> l1sap.c:622 053700/40/10/48/40 Rx MPH_INFO time ind
[1;34mDL1P[0;m <0007> scheduler.c:911 053705/40/15/02/45 (bts=0,trx=0,ts=0) BCCH: PH-RTS.ind: chan_nr=0x80 link_id=0x00
[1;34mDL1P[0;m <0007> l1sap.c:1082 053705/40/15/02/45 Rx PH-RTS.ind chan_nr=BCCH on TS0 link_id=0x00d
[1;34mDL1P[0;m <0007> l1sap.c:1225 053705/40/15/02/45 Tx PH-DATA.req chan_nr=BCCH on TS0 link_id=0x00
[1;34mDL1P[0;m <0007> scheduler.c:842 053705/40/15/02/45 (bts=0,trx=0,ts=0) : PH-DATA.req: chan_nr=0x80 link_id=0x00
[1;34mDL1P[0;m <0007> l1sap.c:622 053701/40/11/49/41 Rx MPH_INFO time ind
[1;34mDL1P[0;m <0007> l1sap.c:622 053702/40/12/50/42 Rx MPH_INFO time ind
[1;34mDL1P[0;m <0007> l1sap.c:622 053703/40/13/00/43 Rx MPH_INFO time ind
[1;34mDL1P[0;m <0007> l1sap.c:622 053704/40/14/01/44 Rx MPH_INFO time ind
[1;34mDL1P[0;m <0007> scheduler.c:911 053709/40/19/06/49 (bts=0,trx=0,ts=0) CCCH: PH-RTS.ind: chan_nr=0x90 link_id=0x00
[1;34mDL1P[0;m <0007> l1sap.c:1082 053709/40/19/06/49 Rx PH-RTS.ind chan_nr=PCH/AGCH on TS0 link_id=0x00d
[1;34mDL1P[0;m <0007> l1sap.c:1225 053709/40/19/06/49 Tx PH-DATA.req chan_nr=PCH/AGCH on TS0 link_id=0x00
[1;34mDL1P[0;m <0007> scheduler.c:842 053709/40/19/06/49 (bts=0,trx=0,ts=0) : PH-DATA.req: chan_nr=0x90 link_id=0x00
[1;34mDL1P[0;m <0007> l1sap.c:622 053705/40/15/02/45 Rx MPH_INFO time ind
[1;34mDL1P[0;m <0007> scheduler_virtbts.c:106 053705/40/15/02/45 (bts=0,trx=0,ts=0) BCCH: Sending GSMTAP message to virtual Um
[1;34mDL1P[0;m <0007> l1sap.c:622 053706/40/16/03/46 Rx MPH_INFO time ind
[1;34mDL1P[0;m <0007> l1sap.c:622 053707/40/17/04/47 Rx MPH_INFO time ind
[1;34mDL1P[0;m <0007> l1sap.c:622 053708/40/18/05/48 Rx MPH_INFO time ind
[1;34mDL1P[0;m <0007> l1sap.c:622 053709/40/19/06/49 Rx MPH_INFO time ind
[1;34mDL1P[0;m <0007> scheduler_virtbts.c:106 053709/40/19/06/49 (bts=0,trx=0,ts=0) CCCH: Sending GSMTAP message to virtual Um
[1;34mDL1P[0;m <0007> l1sap.c:622 053710/40/20/07/50 Rx MPH_INFO time ind
[1;34mDL1P[0;m <0007> scheduler.c:911 053715/40/25/12/03 (bts=0,trx=0,ts=0) CCCH: PH-RTS.ind: chan_nr=0x90 link_id=0x00
[1;34mDL1P[0;m <0007> l1sap.c:1082 053715/40/25/12/03 Rx PH-RTS.ind chan_nr=PCH/AGCH on TS0 link_id=0x00d
[1;34mDL1P[0;m <0007> l1sap.c:1225 053715/40/25/12/03 Tx PH-DATA.req chan_nr=PCH/AGCH on TS0 link_id=0x00
[1;34mDL1P[0;m <0007> scheduler.c:842 053715/40/25/12/03 (bts=0,trx=0,ts=0) : PH-DATA.req: chan_nr=0x90 link_id=0x00
[1;34mDL1P[0;m <0007> l1sap.c:622 053711/40/21/08/51 Rx MPH_INFO time ind
[1;34mDL1P[0;m <0007> l1sap.c:622 053712/40/22/09/00 Rx MPH_INFO time ind
[1;34mDL1P[0;m <0007> l1sap.c:622 053713/40/23/10/01 Rx MPH_INFO time ind
[1;34mDL1P[0;m <0007> l1sap.c:622 053714/40/24/11/02 Rx MPH_INFO time ind
[1;34mDL1P[0;m <0007> scheduler.c:911 053719/40/03/16/07 (bts=0,trx=0,ts=0) CCCH: PH-RTS.ind: chan_nr=0x90 link_id=0x00
[1;34mDL1P[0;m <0007> l1sap.c:1082 053719/40/03/16/07 Rx PH-RTS.ind chan_nr=PCH/AGCH on TS0 link_id=0x00d
[1;34mDL1P[0;m <0007> l1sap.c:1225 053719/40/03/16/07 Tx PH-DATA.req chan_nr=PCH/AGCH on TS0 link_id=0x00
[1;34mDL1P[0;m <0007> scheduler.c:842 053719/40/03/16/07 (bts=0,trx=0,ts=0) : PH-DATA.req: chan_nr=0x90 link_id=0x00
[1;34mDL1P[0;m <0007> l1sap.c:622 053715/40/25/12/03 Rx MPH_INFO time ind
[1;34mDL1P[0;m <0007> scheduler_virtbts.c:106 053715/40/25/12/03 (bts=0,trx=0,ts=0) CCCH: Sending GSMTAP message to virtual Um
[1;34mDL1P[0;m <0007> l1sap.c:622 053716/40/00/13/04 Rx MPH_INFO time ind
[1;34mDL1P[0;m <0007> l1sap.c:622 053717/40/01/14/05 Rx MPH_INFO time ind
[1;34mDL1P[0;m <0007> l1sap.c:622 053718/40/02/15/06 Rx MPH_INFO time ind
[1;34mDL1P[0;m <0007> l1sap.c:622 053719/40/03/16/07 Rx MPH_INFO time ind
[1;34mDL1P[0;m <0007> scheduler_virtbts.c:106 053719/40/03/16/07 (bts=0,trx=0,ts=0) CCCH: Sending GSMTAP message to virtual Um
[1;34mDL1P[0;m <0007> l1sap.c:622 053720/40/04/17/08 Rx MPH_INFO time ind
[1;34mDL1P[0;m <0007> l1sap.c:622 053721/40/05/18/09 Rx MPH_INFO time ind
[1;34mDL1P[0;m <0007> l1sap.c:622 053722/40/06/19/10 Rx MPH_INFO time ind
[1;34mDL1P[0;m <0007> l1sap.c:622 053723/40/07/20/11 Rx MPH_INFO time ind
[1;34mDL1P[0;m <0007> l1sap.c:622 053724/40/08/21/12 Rx MPH_INFO time ind
[1;34mDL1P[0;m <0007> l1sap.c:622 053725/40/09/22/13 Rx MPH_INFO time ind
[1;34mDL1P[0;m <0007> l1sap.c:622 053726/40/10/23/14 Rx MPH_INFO time ind
[1;34mDL1P[0;m <0007> l1sap.c:622 053727/40/11/24/15 Rx MPH_INFO time ind
[1;34mDL1P[0;m <0007> l1sap.c:622 053728/40/12/25/16 Rx MPH_INFO time ind
[1;34mDL1P[0;m <0007> l1sap.c:622 053729/40/13/26/17 Rx MPH_INFO time ind
[1;34mDL1P[0;m <0007> l1sap.c:622 053730/40/14/27/18 Rx MPH_INFO time ind
[1;34mDL1P[0;m <0007> l1sap.c:622 053731/40/15/28/19 Rx MPH_INFO time ind
[1;34mDL1P[0;m <0007> l1sap.c:622 053732/40/16/29/20 Rx MPH_INFO time ind
[1;34mDL1P[0;m <0007> l1sap.c:622 053733/40/17/30/21 Rx MPH_INFO time ind
[1;34mDL1P[0;m <0007> l1sap.c:622 053734/40/18/31/22 Rx MPH_INFO time ind
[1;34mDL1P[0;m <0007> l1sap.c:622 053735/40/19/32/23 Rx MPH_INFO time ind
[1;34mDL1P[0;m <0007> l1sap.c:622 053736/40/20/33/24 Rx MPH_INFO time ind
[1;34mDL1P[0;m <0007> l1sap.c:622 053737/40/21/34/25 Rx MPH_INFO time ind
[1;34mDL1P[0;m <0007> l1sap.c:622 053738/40/22/35/26 Rx MPH_INFO time ind
[1;34mDL1P[0;m <0007> l1sap.c:622 053739/40/23/36/27 Rx MPH_INFO time ind
[1;34mDL1P[0;m <0007> l1sap.c:622 053740/40/24/37/28 Rx MPH_INFO time ind
[1;34mDL1P[0;m <0007> l1sap.c:622 053741/40/25/38/29 Rx MPH_INFO time ind
[1;34mDL1P[0;m <0007> l1sap.c:622 053742/40/00/39/30 Rx MPH_INFO time ind
[1;34mDL1P[0;m <0007> l1sap.c:622 053743/40/01/40/31 Rx MPH_INFO time ind
[1;34mDL1P[0;m <0007> l1sap.c:622 053744/40/02/41/32 Rx MPH_INFO time ind
[1;34mDL1P[0;m <0007> l1sap.c:622 053745/40/03/42/33 Rx MPH_INFO time ind
[1;34mDL1P[0;m <0007> l1sap.c:622 053746/40/04/43/34 Rx MPH_INFO time ind
[1;34mDL1P[0;m <0007> l1sap.c:622 053747/40/05/44/35 Rx MPH_INFO time ind
[1;34mDL1P[0;m <0007> l1sap.c:622 053748/40/06/45/36 Rx MPH_INFO time ind
[1;34mDL1P[0;m <0007> l1sap.c:622 053749/40/07/46/37 Rx MPH_INFO time ind
[1;34mDL1P[0;m <0007> l1sap.c:622 053750/40/08/47/38 Rx MPH_INFO time ind
[1;34mDL1P[0;m <0007> l1sap.c:622 053751/40/09/48/39 Rx MPH_INFO time ind
[1;34mDL1P[0;m <0007> scheduler.c:911 053756/40/14/02/44 (bts=0,trx=0,ts=0) BCCH: PH-RTS.ind: chan_nr=0x80 link_id=0x00
[1;34mDL1P[0;m <0007> l1sap.c:1082 053756/40/14/02/44 Rx PH-RTS.ind chan_nr=BCCH on TS0 link_id=0x00d
[1;34mDL1P[0;m <0007> l1sap.c:1225 053756/40/14/02/44 Tx PH-DATA.req chan_nr=BCCH on TS0 link_id=0x00
[1;34mDL1P[0;m <0007> scheduler.c:842 053756/40/14/02/44 (bts=0,trx=0,ts=0) : PH-DATA.req: chan_nr=0x80 link_id=0x00
[1;34mDL1P[0;m <0007> l1sap.c:622 053752/40/10/49/40 Rx MPH_INFO time ind
[1;34mDL1P[0;m <0007> l1sap.c:622 053753/40/11/50/41 Rx MPH_INFO time ind
[1;34mDL1P[0;m <0007> l1sap.c:622 053754/40/12/00/42 Rx MPH_INFO time ind
[1;34mDL1P[0;m <0007> l1sap.c:622 053755/40/13/01/43 Rx MPH_INFO time ind
[1;34mDL1P[0;m <0007> scheduler.c:911 053760/40/18/06/00 (bts=0,trx=0,ts=0) CCCH: PH-RTS.ind: chan_nr=0x90 link_id=0x00
[1;34mDL1P[0;m <0007> l1sap.c:1082 053760/40/18/06/00 Rx PH-RTS.ind chan_nr=PCH/AGCH on TS0 link_id=0x00d
[1;34mDL1P[0;m <0007> l1sap.c:1225 053760/40/18/06/00 Tx PH-DATA.req chan_nr=PCH/AGCH on TS0 link_id=0x00
[1;34mDL1P[0;m <0007> scheduler.c:842 053760/40/18/06/00 (bts=0,trx=0,ts=0) : PH-DATA.req: chan_nr=0x90 link_id=0x00
[1;34mDL1P[0;m <0007> l1sap.c:622 053756/40/14/02/44 Rx MPH_INFO time ind
[1;34mDL1P[0;m <0007> scheduler_virtbts.c:106 053756/40/14/02/44 (bts=0,trx=0,ts=0) BCCH: Sending GSMTAP message to virtual Um
[1;34mDL1P[0;m <0007> l1sap.c:622 053757/40/15/03/45 Rx MPH_INFO time ind
[1;34mDL1P[0;m <0007> l1sap.c:622 053758/40/16/04/46 Rx MPH_INFO time ind
[1;34mDL1P[0;m <0007> l1sap.c:622 053759/40/17/05/47 Rx MPH_INFO time ind
[1;34mDL1P[0;m <0007> l1sap.c:622 053760/40/18/06/00 Rx MPH_INFO time ind
[1;34mDL1P[0;m <0007> scheduler_virtbts.c:106 053760/40/18/06/00 (bts=0,trx=0,ts=0) CCCH: Sending GSMTAP message to virtual Um
[1;34mDL1P[0;m <0007> l1sap.c:622 053761/40/19/07/01 Rx MPH_INFO time ind
[1;34mDL1P[0;m <0007> scheduler.c:911 053766/40/24/12/06 (bts=0,trx=0,ts=0) CCCH: PH-RTS.ind: chan_nr=0x90 link_id=0x00
[1;34mDL1P[0;m <0007> l1sap.c:1082 053766/40/24/12/06 Rx PH-RTS.ind chan_nr=PCH/AGCH on TS0 link_id=0x00d
[1;34mDL1P[0;m <0007> l1sap.c:1225 053766/40/24/12/06 Tx PH-DATA.req chan_nr=PCH/AGCH on TS0 link_id=0x00
[1;34mDL1P[0;m <0007> scheduler.c:842 053766/40/24/12/06 (bts=0,trx=0,ts=0) : PH-DATA.req: chan_nr=0x90 link_id=0x00
[1;34mDL1P[0;m <0007> l1sap.c:622 053762/40/20/08/02 Rx MPH_INFO time ind
[1;34mDL1P[0;m <0007> l1sap.c:622 053763/40/21/09/03 Rx MPH_INFO time ind
[1;34mDL1P[0;m <0007> l1sap.c:622 053764/40/22/10/04 Rx MPH_INFO time ind
[1;34mDL1P[0;m <0007> l1sap.c:622 053765/40/23/11/05 Rx MPH_INFO time ind
[1;34mDL1P[0;m <0007> scheduler.c:911 053770/40/02/16/10 (bts=0,trx=0,ts=0) CCCH: PH-RTS.ind: chan_nr=0x90 link_id=0x00
[1;34mDL1P[0;m <0007> l1sap.c:1082 053770/40/02/16/10 Rx PH-RTS.ind chan_nr=PCH/AGCH on TS0 link_id=0x00d
[1;34mDL1P[0;m <0007> l1sap.c:1225 053770/40/02/16/10 Tx PH-DATA.req chan_nr=PCH/AGCH on TS0 link_id=0x00
[1;34mDL1P[0;m <0007> scheduler.c:842 053770/40/02/16/10 (bts=0,trx=0,ts=0) : PH-DATA.req: chan_nr=0x90 link_id=0x00
[1;34mDL1P[0;m <0007> l1sap.c:622 053766/40/24/12/06 Rx MPH_INFO time ind
[1;34mDL1P[0;m <0007> scheduler_virtbts.c:106 053766/40/24/12/06 (bts=0,trx=0,ts=0) CCCH: Sending GSMTAP message to virtual Um
[1;34mDL1P[0;m <0007> l1sap.c:622 053767/40/25/13/07 Rx MPH_INFO time ind
[1;34mDL1P[0;m <0007> l1sap.c:622 053768/40/00/14/08 Rx MPH_INFO time ind
[1;34mDL1P[0;m <0007> l1sap.c:622 053769/40/01/15/09 Rx MPH_INFO time ind
[1;34mDL1P[0;m <0007> l1sap.c:622 053770/40/02/16/10 Rx MPH_INFO time ind
[1;34mDL1P[0;m <0007> scheduler_virtbts.c:106 053770/40/02/16/10 (bts=0,trx=0,ts=0) CCCH: Sending GSMTAP message to virtual Um
[1;34mDL1P[0;m <0007> l1sap.c:622 053771/40/03/17/11 Rx MPH_INFO time ind
[1;34mDL1P[0;m <0007> l1sap.c:622 053772/40/04/18/12 Rx MPH_INFO time ind
[1;34mDL1P[0;m <0007> l1sap.c:622 053773/40/05/19/13 Rx MPH_INFO time ind
[1;34mDL1P[0;m <0007> l1sap.c:622 053774/40/06/20/14 Rx MPH_INFO time ind
[1;34mDL1P[0;m <0007> l1sap.c:622 053775/40/07/21/15 Rx MPH_INFO time ind
[1;34mDL1P[0;m <0007> l1sap.c:622 053776/40/08/22/16 Rx MPH_INFO time ind
[1;34mDL1P[0;m <0007> l1sap.c:622 053777/40/09/23/17 Rx MPH_INFO time ind
[1;34mDL1P[0;m <0007> l1sap.c:622 053778/40/10/24/18 Rx MPH_INFO time ind
[1;34mDL1P[0;m <0007> l1sap.c:622 053779/40/11/25/19 Rx MPH_INFO time ind
[1;34mDL1P[0;m <0007> l1sap.c:622 053780/40/12/26/20 Rx MPH_INFO time ind
[1;34mDL1P[0;m <0007> l1sap.c:622 053781/40/13/27/21 Rx MPH_INFO time ind
[1;34mDL1P[0;m <0007> l1sap.c:622 053782/40/14/28/22 Rx MPH_INFO time ind
[1;34mDL1P[0;m <0007> l1sap.c:622 053783/40/15/29/23 Rx MPH_INFO time ind
[1;34mDL1P[0;m <0007> l1sap.c:622 053784/40/16/30/24 Rx MPH_INFO time ind
[1;34mDL1P[0;m <0007> l1sap.c:622 053785/40/17/31/25 Rx MPH_INFO time ind
[1;34mDL1P[0;m <0007> l1sap.c:622 053786/40/18/32/26 Rx MPH_INFO time ind
[1;34mDL1P[0;m <0007> l1sap.c:622 053787/40/19/33/27 Rx MPH_INFO time ind
[1;34mDL1P[0;m <0007> l1sap.c:622 053788/40/20/34/28 Rx MPH_INFO time ind
[1;34mDL1P[0;m <0007> l1sap.c:622 053789/40/21/35/29 Rx MPH_INFO time ind
[1;34mDL1P[0;m <0007> l1sap.c:622 053790/40/22/36/30 Rx MPH_INFO time ind
[1;34mDL1P[0;m <0007> l1sap.c:622 053791/40/23/37/31 Rx MPH_INFO time ind
[1;34mDL1P[0;m <0007> l1sap.c:622 053792/40/24/38/32 Rx MPH_INFO time ind
[1;34mDL1P[0;m <0007> l1sap.c:622 053793/40/25/39/33 Rx MPH_INFO time ind
[1;34mDL1P[0;m <0007> l1sap.c:622 053794/40/00/40/34 Rx MPH_INFO time ind
[1;34mDL1P[0;m <0007> l1sap.c:622 053795/40/01/41/35 Rx MPH_INFO time ind
[1;34mDL1P[0;m <0007> l1sap.c:622 053796/40/02/42/36 Rx MPH_INFO time ind
[1;34mDL1P[0;m <0007> l1sap.c:622 053797/40/03/43/37 Rx MPH_INFO time ind
[1;34mDL1P[0;m <0007> l1sap.c:622 053798/40/04/44/38 Rx MPH_INFO time ind
[1;34mDL1P[0;m <0007> l1sap.c:622 053799/40/05/45/39 Rx MPH_INFO time ind
[1;34mDL1P[0;m <0007> l1sap.c:622 053800/40/06/46/40 Rx MPH_INFO time ind
[1;34mDL1P[0;m <0007> l1sap.c:622 053801/40/07/47/41 Rx MPH_INFO time ind
[1;34mDL1P[0;m <0007> l1sap.c:622 053802/40/08/48/42 Rx MPH_INFO time ind
[1;34mDL1P[0;m <0007> scheduler.c:911 053807/40/13/02/47 (bts=0,trx=0,ts=0) BCCH: PH-RTS.ind: chan_nr=0x80 link_id=0x00
[1;34mDL1P[0;m <0007> l1sap.c:1082 053807/40/13/02/47 Rx PH-RTS.ind chan_nr=BCCH on TS0 link_id=0x00d
[1;34mDL1P[0;m <0007> l1sap.c:1225 053807/40/13/02/47 Tx PH-DATA.req chan_nr=BCCH on TS0 link_id=0x00
[1;34mDL1P[0;m <0007> scheduler.c:842 053807/40/13/02/47 (bts=0,trx=0,ts=0) : PH-DATA.req: chan_nr=0x80 link_id=0x00
[1;34mDL1P[0;m <0007> l1sap.c:622 053803/40/09/49/43 Rx MPH_INFO time ind
[1;34mDL1P[0;m <0007> l1sap.c:622 053804/40/10/50/44 Rx MPH_INFO time ind
[1;34mDL1P[0;m <0007> l1sap.c:622 053805/40/11/00/45 Rx MPH_INFO time ind
[1;34mDL1P[0;m <0007> l1sap.c:622 053806/40/12/01/46 Rx MPH_INFO time ind
[1;34mDL1P[0;m <0007> scheduler.c:911 053811/40/17/06/51 (bts=0,trx=0,ts=0) CCCH: PH-RTS.ind: chan_nr=0x90 link_id=0x00
[1;34mDL1P[0;m <0007> l1sap.c:1082 053811/40/17/06/51 Rx PH-RTS.ind chan_nr=PCH/AGCH on TS0 link_id=0x00d
[1;34mDL1P[0;m <0007> l1sap.c:1225 053811/40/17/06/51 Tx PH-DATA.req chan_nr=PCH/AGCH on TS0 link_id=0x00
[1;34mDL1P[0;m <0007> scheduler.c:842 053811/40/17/06/51 (bts=0,trx=0,ts=0) : PH-DATA.req: chan_nr=0x90 link_id=0x00
[1;34mDL1P[0;m <0007> l1sap.c:622 053807/40/13/02/47 Rx MPH_INFO time ind
[1;34mDL1P[0;m <0007> scheduler_virtbts.c:106 053807/40/13/02/47 (bts=0,trx=0,ts=0) BCCH: Sending GSMTAP message to virtual Um
[1;34mDMEAS[0;m <0004> l1_if.c:315 (bts=0,trx=0,ts=0,ss=0) 053791/40/23/37/31 RX L1 frame chan_nr=0x20 MS pwr=5dBm rssi=0.0 dBFS ber=100.00% (0/0 bits) L1_ta=0 ta_ctrl.current=0 toa=0.00
[1;33mDL1P[0;m <0007> l1sap.c:104 (bts=0,trx=0,ts=0,ss=0) assuming active lchan, but state is NONE
[1;31mDL1P[0;m <0007> l1sap.c:783 053791/40/23/37/31 No lchan for chan_nr=SDCCH/4(0) on TS0
[1;34mDL1P[0;m <0007> l1sap.c:1974 053791/40/23/37/31 Rx PH-DATA.ind chan_nr=SDCCH/4(0) on TS0 link_id=0x00 len=23
[1;33mDL1P[0;m <0007> l1sap.c:104 (bts=0,trx=0,ts=0,ss=0) assuming active lchan, but state is NONE
[1;31mDL1P[0;m <0007> l1sap.c:2013 053791/40/23/37/31 No lchan for chan_nr=SDCCH/4(0) on TS0
[1;34mDL1P[0;m <0007> l1_if.c:181 053791/40/23/37/31 Message forwarded to layer 2.
[1;34mDL1P[0;m <0007> l1sap.c:622 053808/40/14/03/48 Rx MPH_INFO time ind
[1;34mDL1P[0;m <0007> l1sap.c:622 053809/40/15/04/49 Rx MPH_INFO time ind
[1;34mDL1P[0;m <0007> l1sap.c:622 053810/40/16/05/50 Rx MPH_INFO time ind
[1;34mDL1P[0;m <0007> l1sap.c:622 053811/40/17/06/51 Rx MPH_INFO time ind
[1;34mDL1P[0;m <0007> scheduler_virtbts.c:106 053811/40/17/06/51 (bts=0,trx=0,ts=0) CCCH: Sending GSMTAP message to virtual Um
[1;34mDL1P[0;m <0007> l1sap.c:622 053812/40/18/07/00 Rx MPH_INFO time ind
[1;34mDL1P[0;m <0007> scheduler.c:911 053817/40/23/12/05 (bts=0,trx=0,ts=0) CCCH: PH-RTS.ind: chan_nr=0x90 link_id=0x00
[1;34mDL1P[0;m <0007> l1sap.c:1082 053817/40/23/12/05 Rx PH-RTS.ind chan_nr=PCH/AGCH on TS0 link_id=0x00d
[1;34mDL1P[0;m <0007> l1sap.c:1225 053817/40/23/12/05 Tx PH-DATA.req chan_nr=PCH/AGCH on TS0 link_id=0x00
[1;34mDL1P[0;m <0007> scheduler.c:842 053817/40/23/12/05 (bts=0,trx=0,ts=0) : PH-DATA.req: chan_nr=0x90 link_id=0x00
[1;34mDL1P[0;m <0007> l1sap.c:622 053813/40/19/08/01 Rx MPH_INFO time ind
[1;34mDL1P[0;m <0007> l1sap.c:622 053814/40/20/09/02 Rx MPH_INFO time ind
[1;34mDL1P[0;m <0007> l1sap.c:622 053815/40/21/10/03 Rx MPH_INFO time ind
[1;34mDL1P[0;m <0007> l1sap.c:622 053816/40/22/11/04 Rx MPH_INFO time ind
[1;34mDL1P[0;m <0007> scheduler.c:911 053821/40/01/16/09 (bts=0,trx=0,ts=0) CCCH: PH-RTS.ind: chan_nr=0x90 link_id=0x00
[1;34mDL1P[0;m <0007> l1sap.c:1082 053821/40/01/16/09 Rx PH-RTS.ind chan_nr=PCH/AGCH on TS0 link_id=0x00d
[1;34mDL1P[0;m <0007> l1sap.c:1225 053821/40/01/16/09 Tx PH-DATA.req chan_nr=PCH/AGCH on TS0 link_id=0x00
[1;34mDL1P[0;m <0007> scheduler.c:842 053821/40/01/16/09 (bts=0,trx=0,ts=0) : PH-DATA.req: chan_nr=0x90 link_id=0x00
[1;34mDL1P[0;m <0007> l1sap.c:622 053817/40/23/12/05 Rx MPH_INFO time ind
[1;34mDL1P[0;m <0007> scheduler_virtbts.c:106 053817/40/23/12/05 (bts=0,trx=0,ts=0) CCCH: Sending GSMTAP message to virtual Um
[1;34mDL1P[0;m <0007> l1sap.c:622 053818/40/24/13/06 Rx MPH_INFO time ind
[1;34mDL1P[0;m <0007> l1sap.c:622 053819/40/25/14/07 Rx MPH_INFO time ind
[1;34mDL1P[0;m <0007> l1sap.c:622 053820/40/00/15/08 Rx MPH_INFO time ind
[1;34mDL1P[0;m <0007> l1sap.c:622 053821/40/01/16/09 Rx MPH_INFO time ind
[1;34mDL1P[0;m <0007> scheduler_virtbts.c:106 053821/40/01/16/09 (bts=0,trx=0,ts=0) CCCH: Sending GSMTAP message to virtual Um
[1;34mDL1P[0;m <0007> l1sap.c:622 053822/40/02/17/10 Rx MPH_INFO time ind
[1;34mDL1P[0;m <0007> l1sap.c:622 053823/40/03/18/11 Rx MPH_INFO time ind
[1;34mDL1P[0;m <0007> l1sap.c:622 053824/40/04/19/12 Rx MPH_INFO time ind
[1;34mDL1P[0;m <0007> l1sap.c:622 053825/40/05/20/13 Rx MPH_INFO time ind
[1;34mDL1P[0;m <0007> l1sap.c:622 053826/40/06/21/14 Rx MPH_INFO time ind
[1;34mDL1P[0;m <0007> l1sap.c:622 053827/40/07/22/15 Rx MPH_INFO time ind
[1;34mDL1P[0;m <0007> l1sap.c:622 053828/40/08/23/16 Rx MPH_INFO time ind
[1;34mDL1P[0;m <0007> l1sap.c:622 053829/40/09/24/17 Rx MPH_INFO time ind
[1;34mDL1P[0;m <0007> l1sap.c:622 053830/40/10/25/18 Rx MPH_INFO time ind
[1;34mDL1P[0;m <0007> l1sap.c:622 053831/40/11/26/19 Rx MPH_INFO time ind
[1;34mDL1P[0;m <0007> l1sap.c:622 053832/40/12/27/20 Rx MPH_INFO time ind
[1;34mDL1P[0;m <0007> l1sap.c:622 053833/40/13/28/21 Rx MPH_INFO time ind
[1;34mDL1P[0;m <0007> l1sap.c:622 053834/40/14/29/22 Rx MPH_INFO time ind
[1;34mDL1P[0;m <0007> l1sap.c:622 053835/40/15/30/23 Rx MPH_INFO time ind
[1;34mDL1P[0;m <0007> l1sap.c:622 053836/40/16/31/24 Rx MPH_INFO time ind
[1;34mDL1P[0;m <0007> l1sap.c:622 053837/40/17/32/25 Rx MPH_INFO time ind
[1;34mDL1P[0;m <0007> l1sap.c:622 053838/40/18/33/26 Rx MPH_INFO time ind
[1;34mDL1P[0;m <0007> l1sap.c:622 053839/40/19/34/27 Rx MPH_INFO time ind
[1;34mDL1P[0;m <0007> l1sap.c:622 053840/40/20/35/28 Rx MPH_INFO time ind
[1;34mDL1P[0;m <0007> l1sap.c:622 053841/40/21/36/29 Rx MPH_INFO time ind
[1;34mDL1P[0;m <0007> l1sap.c:622 053842/40/22/37/30 Rx MPH_INFO time ind
[1;34mDL1P[0;m <0007> l1sap.c:622 053843/40/23/38/31 Rx MPH_INFO time ind
[1;34mDL1P[0;m <0007> l1sap.c:622 053844/40/24/39/32 Rx MPH_INFO time ind
[1;34mDL1P[0;m <0007> l1sap.c:622 053845/40/25/40/33 Rx MPH_INFO time ind
[1;34mDL1P[0;m <0007> l1sap.c:622 053846/40/00/41/34 Rx MPH_INFO time ind
[1;34mDL1P[0;m <0007> l1sap.c:622 053847/40/01/42/35 Rx MPH_INFO time ind
[1;34mDL1P[0;m <0007> l1sap.c:622 053848/40/02/43/36 Rx MPH_INFO time ind
[1;34mDL1P[0;m <0007> l1sap.c:622 053849/40/03/44/37 Rx MPH_INFO time ind
[1;34mDL1P[0;m <0007> l1sap.c:622 053850/40/04/45/38 Rx MPH_INFO time ind
[1;34mDL1P[0;m <0007> l1sap.c:622 053851/40/05/46/39 Rx MPH_INFO time ind
[1;34mDL1P[0;m <0007> l1sap.c:622 053852/40/06/47/40 Rx MPH_INFO time ind
[1;34mDL1P[0;m <0007> l1sap.c:622 053853/40/07/48/41 Rx MPH_INFO time ind
[1;34mDL1P[0;m <0007> scheduler.c:911 053858/40/12/02/46 (bts=0,trx=0,ts=0) BCCH: PH-RTS.ind: chan_nr=0x80 link_id=0x00
[1;34mDL1P[0;m <0007> l1sap.c:1082 053858/40/12/02/46 Rx PH-RTS.ind chan_nr=BCCH on TS0 link_id=0x00d
[1;34mDL1P[0;m <0007> l1sap.c:1225 053858/40/12/02/46 Tx PH-DATA.req chan_nr=BCCH on TS0 link_id=0x00
[1;34mDL1P[0;m <0007> scheduler.c:842 053858/40/12/02/46 (bts=0,trx=0,ts=0) : PH-DATA.req: chan_nr=0x80 link_id=0x00
[1;34mDL1P[0;m <0007> l1sap.c:622 053854/40/08/49/42 Rx MPH_INFO time ind
[1;34mDL1P[0;m <0007> l1sap.c:622 053855/40/09/50/43 Rx MPH_INFO time ind
[1;34mDL1P[0;m <0007> l1sap.c:622 053856/40/10/00/44 Rx MPH_INFO time ind
[1;34mDL1P[0;m <0007> l1sap.c:622 053857/40/11/01/45 Rx MPH_INFO time ind
[1;34mDL1P[0;m <0007> scheduler.c:911 053862/40/16/06/50 (bts=0,trx=0,ts=0) CCCH: PH-RTS.ind: chan_nr=0x90 link_id=0x00
[1;34mDL1P[0;m <0007> l1sap.c:1082 053862/40/16/06/50 Rx PH-RTS.ind chan_nr=PCH/AGCH on TS0 link_id=0x00d
[1;34mDL1P[0;m <0007> l1sap.c:1225 053862/40/16/06/50 Tx PH-DATA.req chan_nr=PCH/AGCH on TS0 link_id=0x00
[1;34mDL1P[0;m <0007> scheduler.c:842 053862/40/16/06/50 (bts=0,trx=0,ts=0) : PH-DATA.req: chan_nr=0x90 link_id=0x00
[1;34mDL1P[0;m <0007> l1sap.c:622 053858/40/12/02/46 Rx MPH_INFO time ind
[1;34mDL1P[0;m <0007> scheduler_virtbts.c:106 053858/40/12/02/46 (bts=0,trx=0,ts=0) BCCH: Sending GSMTAP message to virtual Um
[1;34mDMEAS[0;m <0004> l1_if.c:315 (bts=0,trx=0,ts=0,ss=0) 053827/40/07/22/15 RX L1 frame chan_nr=0x20 MS pwr=5dBm rssi=0.0 dBFS ber=100.00% (0/0 bits) L1_ta=0 ta_ctrl.current=0 toa=0.00
[1;33mDL1P[0;m <0007> l1sap.c:104 (bts=0,trx=0,ts=0,ss=0) assuming active lchan, but state is NONE
[1;31mDL1P[0;m <0007> l1sap.c:783 053827/40/07/22/15 No lchan for chan_nr=SDCCH/4(0) on TS0
[1;34mDL1P[0;m <0007> l1sap.c:1974 053827/40/07/22/15 Rx PH-DATA.ind chan_nr=SDCCH/4(0) on TS0 link_id=0x40 len=23
[1;33mDL1P[0;m <0007> l1sap.c:104 (bts=0,trx=0,ts=0,ss=0) assuming active lchan, but state is NONE
[1;31mDL1P[0;m <0007> l1sap.c:2013 053827/40/07/22/15 No lchan for chan_nr=SDCCH/4(0) on TS0
[1;34mDL1P[0;m <0007> l1_if.c:181 053827/40/07/22/15 Message forwarded to layer 2.
[1;34mDL1P[0;m <0007> l1sap.c:622 053859/40/13/03/47 Rx MPH_INFO time ind
[1;34mDL1P[0;m <0007> l1sap.c:622 053860/40/14/04/48 Rx MPH_INFO time ind
[1;34mDL1P[0;m <0007> l1sap.c:622 053861/40/15/05/49 Rx MPH_INFO time ind
[1;34mDL1P[0;m <0007> l1sap.c:622 053862/40/16/06/50 Rx MPH_INFO time ind
[1;34mDL1P[0;m <0007> scheduler_virtbts.c:106 053862/40/16/06/50 (bts=0,trx=0,ts=0) CCCH: Sending GSMTAP message to virtual Um
[1;34mDL1P[0;m <0007> l1sap.c:622 053863/40/17/07/51 Rx MPH_INFO time ind
[1;34mDL1P[0;m <0007> scheduler.c:911 053868/40/22/12/04 (bts=0,trx=0,ts=0) CCCH: PH-RTS.ind: chan_nr=0x90 link_id=0x00
[1;34mDL1P[0;m <0007> l1sap.c:1082 053868/40/22/12/04 Rx PH-RTS.ind chan_nr=PCH/AGCH on TS0 link_id=0x00d
[1;34mDL1P[0;m <0007> l1sap.c:1225 053868/40/22/12/04 Tx PH-DATA.req chan_nr=PCH/AGCH on TS0 link_id=0x00
[1;34mDL1P[0;m <0007> scheduler.c:842 053868/40/22/12/04 (bts=0,trx=0,ts=0) : PH-DATA.req: chan_nr=0x90 link_id=0x00
[1;34mDL1P[0;m <0007> l1sap.c:622 053864/40/18/08/00 Rx MPH_INFO time ind
[1;34mDL1P[0;m <0007> l1sap.c:622 053865/40/19/09/01 Rx MPH_INFO time ind
[1;34mDL1P[0;m <0007> l1sap.c:622 053866/40/20/10/02 Rx MPH_INFO time ind
[1;34mDL1P[0;m <0007> l1sap.c:622 053867/40/21/11/03 Rx MPH_INFO time ind
[1;34mDL1P[0;m <0007> scheduler.c:911 053872/40/00/16/08 (bts=0,trx=0,ts=0) CCCH: PH-RTS.ind: chan_nr=0x90 link_id=0x00
[1;34mDL1P[0;m <0007> l1sap.c:1082 053872/40/00/16/08 Rx PH-RTS.ind chan_nr=PCH/AGCH on TS0 link_id=0x00d
[1;34mDL1P[0;m <0007> l1sap.c:1225 053872/40/00/16/08 Tx PH-DATA.req chan_nr=PCH/AGCH on TS0 link_id=0x00
[1;34mDL1P[0;m <0007> scheduler.c:842 053872/40/00/16/08 (bts=0,trx=0,ts=0) : PH-DATA.req: chan_nr=0x90 link_id=0x00
[1;34mDL1P[0;m <0007> l1sap.c:622 053868/40/22/12/04 Rx MPH_INFO time ind
[1;34mDL1P[0;m <0007> scheduler_virtbts.c:106 053868/40/22/12/04 (bts=0,trx=0,ts=0) CCCH: Sending GSMTAP message to virtual Um
[1;34mDL1P[0;m <0007> l1sap.c:622 053869/40/23/13/05 Rx MPH_INFO time ind
[1;34mDL1P[0;m <0007> l1sap.c:622 053870/40/24/14/06 Rx MPH_INFO time ind
[1;34mDL1P[0;m <0007> l1sap.c:622 053871/40/25/15/07 Rx MPH_INFO time ind
[1;34mDL1P[0;m <0007> l1sap.c:622 053872/40/00/16/08 Rx MPH_INFO time ind
[1;34mDL1P[0;m <0007> scheduler_virtbts.c:106 053872/40/00/16/08 (bts=0,trx=0,ts=0) CCCH: Sending GSMTAP message to virtual Um
[1;34mDL1P[0;m <0007> l1sap.c:622 053873/40/01/17/09 Rx MPH_INFO time ind
[1;34mDL1P[0;m <0007> l1sap.c:622 053874/40/02/18/10 Rx MPH_INFO time ind
[1;34mDL1P[0;m <0007> l1sap.c:622 053875/40/03/19/11 Rx MPH_INFO time ind
[1;34mDL1P[0;m <0007> l1sap.c:622 053876/40/04/20/12 Rx MPH_INFO time ind
[1;34mDL1P[0;m <0007> l1sap.c:622 053877/40/05/21/13 Rx MPH_INFO time ind
[1;34mDL1P[0;m <0007> l1sap.c:622 053878/40/06/22/14 Rx MPH_INFO time ind
[1;34mDL1P[0;m <0007> l1sap.c:622 053879/40/07/23/15 Rx MPH_INFO time ind
[1;34mDL1P[0;m <0007> l1sap.c:622 053880/40/08/24/16 Rx MPH_INFO time ind
[1;34mDL1P[0;m <0007> l1sap.c:622 053881/40/09/25/17 Rx MPH_INFO time ind
[1;34mDL1P[0;m <0007> l1sap.c:622 053882/40/10/26/18 Rx MPH_INFO time ind
[1;34mDL1P[0;m <0007> l1sap.c:622 053883/40/11/27/19 Rx MPH_INFO time ind
[1;34mDL1P[0;m <0007> l1sap.c:622 053884/40/12/28/20 Rx MPH_INFO time ind
[1;34mDL1P[0;m <0007> l1sap.c:622 053885/40/13/29/21 Rx MPH_INFO time ind
[1;34mDL1P[0;m <0007> l1sap.c:622 053886/40/14/30/22 Rx MPH_INFO time ind
[1;34mDL1P[0;m <0007> l1sap.c:622 053887/40/15/31/23 Rx MPH_INFO time ind
[1;34mDL1P[0;m <0007> l1sap.c:622 053888/40/16/32/24 Rx MPH_INFO time ind
[1;34mDL1P[0;m <0007> l1sap.c:622 053889/40/17/33/25 Rx MPH_INFO time ind
[1;34mDL1P[0;m <0007> l1sap.c:622 053890/40/18/34/26 Rx MPH_INFO time ind
[1;34mDL1P[0;m <0007> l1sap.c:622 053891/40/19/35/27 Rx MPH_INFO time ind
[1;34mDL1P[0;m <0007> l1sap.c:622 053892/40/20/36/28 Rx MPH_INFO time ind
[1;34mDL1P[0;m <0007> l1sap.c:622 053893/40/21/37/29 Rx MPH_INFO time ind
[1;34mDL1P[0;m <0007> l1sap.c:622 053894/40/22/38/30 Rx MPH_INFO time ind
[1;34mDL1P[0;m <0007> l1sap.c:622 053895/40/23/39/31 Rx MPH_INFO time ind
[1;34mDL1P[0;m <0007> l1sap.c:622 053896/40/24/40/32 Rx MPH_INFO time ind
[1;34mDL1P[0;m <0007> l1sap.c:622 053897/40/25/41/33 Rx MPH_INFO time ind
[1;34mDL1P[0;m <0007> l1sap.c:622 053898/40/00/42/34 Rx MPH_INFO time ind
[1;34mDL1P[0;m <0007> l1sap.c:622 053899/40/01/43/35 Rx MPH_INFO time ind
[1;34mDL1P[0;m <0007> l1sap.c:622 053900/40/02/44/36 Rx MPH_INFO time ind
[1;34mDL1P[0;m <0007> l1sap.c:622 053901/40/03/45/37 Rx MPH_INFO time ind
[1;34mDL1P[0;m <0007> l1sap.c:622 053902/40/04/46/38 Rx MPH_INFO time ind
[1;34mDL1P[0;m <0007> l1sap.c:622 053903/40/05/47/39 Rx MPH_INFO time ind
[1;34mDL1P[0;m <0007> l1sap.c:622 053904/40/06/48/40 Rx MPH_INFO time ind
[1;34mDL1P[0;m <0007> scheduler.c:911 053909/40/11/02/45 (bts=0,trx=0,ts=0) BCCH: PH-RTS.ind: chan_nr=0x80 link_id=0x00
[1;34mDL1P[0;m <0007> l1sap.c:1082 053909/40/11/02/45 Rx PH-RTS.ind chan_nr=BCCH on TS0 link_id=0x00d
[1;34mDL1P[0;m <0007> l1sap.c:1225 053909/40/11/02/45 Tx PH-DATA.req chan_nr=BCCH on TS0 link_id=0x00
[1;34mDL1P[0;m <0007> scheduler.c:842 053909/40/11/02/45 (bts=0,trx=0,ts=0) : PH-DATA.req: chan_nr=0x80 link_id=0x00
[1;34mDL1P[0;m <0007> l1sap.c:622 053905/40/07/49/41 Rx MPH_INFO time ind
[1;34mDL1P[0;m <0007> l1sap.c:622 053906/40/08/50/42 Rx MPH_INFO time ind
[1;34mDL1P[0;m <0007> l1sap.c:622 053907/40/09/00/43 Rx MPH_INFO time ind
[1;34mDL1P[0;m <0007> l1sap.c:622 053908/40/10/01/44 Rx MPH_INFO time ind
[1;34mDL1P[0;m <0007> scheduler.c:911 053913/40/15/06/49 (bts=0,trx=0,ts=0) CCCH: PH-RTS.ind: chan_nr=0x90 link_id=0x00
[1;34mDL1P[0;m <0007> l1sap.c:1082 053913/40/15/06/49 Rx PH-RTS.ind chan_nr=PCH/AGCH on TS0 link_id=0x00d
[1;34mDL1P[0;m <0007> l1sap.c:1225 053913/40/15/06/49 Tx PH-DATA.req chan_nr=PCH/AGCH on TS0 link_id=0x00
[1;34mDL1P[0;m <0007> scheduler.c:842 053913/40/15/06/49 (bts=0,trx=0,ts=0) : PH-DATA.req: chan_nr=0x90 link_id=0x00
[1;34mDL1P[0;m <0007> l1sap.c:622 053909/40/11/02/45 Rx MPH_INFO time ind
[1;34mDL1P[0;m <0007> scheduler_virtbts.c:106 053909/40/11/02/45 (bts=0,trx=0,ts=0) BCCH: Sending GSMTAP message to virtual Um
[1;34mDL1P[0;m <0007> l1sap.c:622 053910/40/12/03/46 Rx MPH_INFO time ind
[1;34mDL1P[0;m <0007> l1sap.c:622 053911/40/13/04/47 Rx MPH_INFO time ind
[1;34mDL1P[0;m <0007> l1sap.c:622 053912/40/14/05/48 Rx MPH_INFO time ind
[1;34mDL1P[0;m <0007> l1sap.c:622 053913/40/15/06/49 Rx MPH_INFO time ind
[1;34mDL1P[0;m <0007> scheduler_virtbts.c:106 053913/40/15/06/49 (bts=0,trx=0,ts=0) CCCH: Sending GSMTAP message to virtual Um
[1;34mDL1P[0;m <0007> l1sap.c:622 053914/40/16/07/50 Rx MPH_INFO time ind
[1;34mDL1P[0;m <0007> scheduler.c:911 053919/40/21/12/03 (bts=0,trx=0,ts=0) CCCH: PH-RTS.ind: chan_nr=0x90 link_id=0x00
[1;34mDL1P[0;m <0007> l1sap.c:1082 053919/40/21/12/03 Rx PH-RTS.ind chan_nr=PCH/AGCH on TS0 link_id=0x00d
[1;34mDL1P[0;m <0007> l1sap.c:1225 053919/40/21/12/03 Tx PH-DATA.req chan_nr=PCH/AGCH on TS0 link_id=0x00
[1;34mDL1P[0;m <0007> scheduler.c:842 053919/40/21/12/03 (bts=0,trx=0,ts=0) : PH-DATA.req: chan_nr=0x90 link_id=0x00
[1;34mDL1P[0;m <0007> l1sap.c:622 053915/40/17/08/51 Rx MPH_INFO time ind
[1;34mDL1P[0;m <0007> l1sap.c:622 053916/40/18/09/00 Rx MPH_INFO time ind
[1;34mDL1P[0;m <0007> l1sap.c:622 053917/40/19/10/01 Rx MPH_INFO time ind
[1;34mDL1P[0;m <0007> l1sap.c:622 053918/40/20/11/02 Rx MPH_INFO time ind
[1;34mDL1P[0;m <0007> scheduler.c:911 053923/40/25/16/07 (bts=0,trx=0,ts=0) CCCH: PH-RTS.ind: chan_nr=0x90 link_id=0x00
[1;34mDL1P[0;m <0007> l1sap.c:1082 053923/40/25/16/07 Rx PH-RTS.ind chan_nr=PCH/AGCH on TS0 link_id=0x00d
[1;34mDL1P[0;m <0007> l1sap.c:1225 053923/40/25/16/07 Tx PH-DATA.req chan_nr=PCH/AGCH on TS0 link_id=0x00
[1;34mDL1P[0;m <0007> scheduler.c:842 053923/40/25/16/07 (bts=0,trx=0,ts=0) : PH-DATA.req: chan_nr=0x90 link_id=0x00
[1;34mDL1P[0;m <0007> l1sap.c:622 053919/40/21/12/03 Rx MPH_INFO time ind
[1;34mDL1P[0;m <0007> scheduler_virtbts.c:106 053919/40/21/12/03 (bts=0,trx=0,ts=0) CCCH: Sending GSMTAP message to virtual Um
[1;34mDL1P[0;m <0007> l1sap.c:622 053920/40/22/13/04 Rx MPH_INFO time ind
[1;34mDL1P[0;m <0007> l1sap.c:622 053921/40/23/14/05 Rx MPH_INFO time ind
[1;34mDL1P[0;m <0007> l1sap.c:622 053922/40/24/15/06 Rx MPH_INFO time ind
[1;34mDL1P[0;m <0007> l1sap.c:622 053923/40/25/16/07 Rx MPH_INFO time ind
[1;34mDL1P[0;m <0007> scheduler_virtbts.c:106 053923/40/25/16/07 (bts=0,trx=0,ts=0) CCCH: Sending GSMTAP message to virtual Um
[1;34mDL1P[0;m <0007> l1sap.c:622 053924/40/00/17/08 Rx MPH_INFO time ind
[1;34mDL1P[0;m <0007> l1sap.c:622 053925/40/01/18/09 Rx MPH_INFO time ind
[1;34mDL1P[0;m <0007> l1sap.c:622 053926/40/02/19/10 Rx MPH_INFO time ind
[1;34mDL1P[0;m <0007> l1sap.c:622 053927/40/03/20/11 Rx MPH_INFO time ind
[1;34mDL1P[0;m <0007> l1sap.c:622 053928/40/04/21/12 Rx MPH_INFO time ind
[1;34mDL1P[0;m <0007> l1sap.c:622 053929/40/05/22/13 Rx MPH_INFO time ind
[1;34mDL1P[0;m <0007> l1sap.c:622 053930/40/06/23/14 Rx MPH_INFO time ind
[1;34mDL1P[0;m <0007> l1sap.c:622 053931/40/07/24/15 Rx MPH_INFO time ind
[1;34mDL1P[0;m <0007> l1sap.c:622 053932/40/08/25/16 Rx MPH_INFO time ind
[1;34mDL1P[0;m <0007> l1sap.c:622 053933/40/09/26/17 Rx MPH_INFO time ind
[1;34mDL1P[0;m <0007> l1sap.c:622 053934/40/10/27/18 Rx MPH_INFO time ind
[1;34mDL1P[0;m <0007> l1sap.c:622 053935/40/11/28/19 Rx MPH_INFO time ind
[1;34mDL1P[0;m <0007> l1sap.c:622 053936/40/12/29/20 Rx MPH_INFO time ind
[1;34mDL1P[0;m <0007> l1sap.c:622 053937/40/13/30/21 Rx MPH_INFO time ind
[1;34mDL1P[0;m <0007> l1sap.c:622 053938/40/14/31/22 Rx MPH_INFO time ind
[1;34mDL1P[0;m <0007> l1sap.c:622 053939/40/15/32/23 Rx MPH_INFO time ind
[1;34mDL1P[0;m <0007> l1sap.c:622 053940/40/16/33/24 Rx MPH_INFO time ind
[1;34mDL1P[0;m <0007> l1sap.c:622 053941/40/17/34/25 Rx MPH_INFO time ind
[1;34mDL1P[0;m <0007> l1sap.c:622 053942/40/18/35/26 Rx MPH_INFO time ind
[1;34mDL1P[0;m <0007> l1sap.c:622 053943/40/19/36/27 Rx MPH_INFO time ind
[1;34mDL1P[0;m <0007> l1sap.c:622 053944/40/20/37/28 Rx MPH_INFO time ind
[1;34mDL1P[0;m <0007> l1sap.c:622 053945/40/21/38/29 Rx MPH_INFO time ind
[1;34mDL1P[0;m <0007> l1sap.c:622 053946/40/22/39/30 Rx MPH_INFO time ind
[1;34mDL1P[0;m <0007> l1sap.c:622 053947/40/23/40/31 Rx MPH_INFO time ind
[1;34mDL1P[0;m <0007> l1sap.c:622 053948/40/24/41/32 Rx MPH_INFO time ind
[1;34mDL1P[0;m <0007> l1sap.c:622 053949/40/25/42/33 Rx MPH_INFO time ind
[1;34mDL1P[0;m <0007> l1sap.c:622 053950/40/00/43/34 Rx MPH_INFO time ind
[1;34mDL1P[0;m <0007> l1sap.c:622 053951/40/01/44/35 Rx MPH_INFO time ind
[1;34mDL1P[0;m <0007> l1sap.c:622 053952/40/02/45/36 Rx MPH_INFO time ind
[1;34mDL1P[0;m <0007> l1sap.c:622 053953/40/03/46/37 Rx MPH_INFO time ind
[1;34mDL1P[0;m <0007> l1sap.c:622 053954/40/04/47/38 Rx MPH_INFO time ind
[1;34mDL1P[0;m <0007> l1sap.c:622 053955/40/05/48/39 Rx MPH_INFO time ind
[1;34mDL1P[0;m <0007> scheduler.c:911 053960/40/10/02/44 (bts=0,trx=0,ts=0) BCCH: PH-RTS.ind: chan_nr=0x80 link_id=0x00
[1;34mDL1P[0;m <0007> l1sap.c:1082 053960/40/10/02/44 Rx PH-RTS.ind chan_nr=BCCH on TS0 link_id=0x00d
[1;34mDL1P[0;m <0007> l1sap.c:1225 053960/40/10/02/44 Tx PH-DATA.req chan_nr=BCCH on TS0 link_id=0x00
[1;34mDL1P[0;m <0007> scheduler.c:842 053960/40/10/02/44 (bts=0,trx=0,ts=0) : PH-DATA.req: chan_nr=0x80 link_id=0x00
[1;34mDL1P[0;m <0007> l1sap.c:622 053956/40/06/49/40 Rx MPH_INFO time ind
[1;34mDL1P[0;m <0007> l1sap.c:622 053957/40/07/50/41 Rx MPH_INFO time ind
[1;34mDL1P[0;m <0007> l1sap.c:622 053958/40/08/00/42 Rx MPH_INFO time ind
[1;34mDL1P[0;m <0007> l1sap.c:622 053959/40/09/01/43 Rx MPH_INFO time ind
[1;34mDL1P[0;m <0007> scheduler.c:911 053964/40/14/06/48 (bts=0,trx=0,ts=0) CCCH: PH-RTS.ind: chan_nr=0x90 link_id=0x00
[1;34mDL1P[0;m <0007> l1sap.c:1082 053964/40/14/06/48 Rx PH-RTS.ind chan_nr=PCH/AGCH on TS0 link_id=0x00d
[1;34mDL1P[0;m <0007> l1sap.c:1225 053964/40/14/06/48 Tx PH-DATA.req chan_nr=PCH/AGCH on TS0 link_id=0x00
[1;34mDL1P[0;m <0007> scheduler.c:842 053964/40/14/06/48 (bts=0,trx=0,ts=0) : PH-DATA.req: chan_nr=0x90 link_id=0x00
[1;34mDL1P[0;m <0007> l1sap.c:622 053960/40/10/02/44 Rx MPH_INFO time ind
[1;34mDL1P[0;m <0007> scheduler_virtbts.c:106 053960/40/10/02/44 (bts=0,trx=0,ts=0) BCCH: Sending GSMTAP message to virtual Um
[1;34mDL1P[0;m <0007> l1sap.c:622 053961/40/11/03/45 Rx MPH_INFO time ind
[1;34mDL1P[0;m <0007> l1sap.c:622 053962/40/12/04/46 Rx MPH_INFO time ind
[1;34mDL1P[0;m <0007> l1sap.c:622 053963/40/13/05/47 Rx MPH_INFO time ind
[1;34mDL1P[0;m <0007> l1sap.c:622 053964/40/14/06/48 Rx MPH_INFO time ind
[1;34mDL1P[0;m <0007> scheduler_virtbts.c:106 053964/40/14/06/48 (bts=0,trx=0,ts=0) CCCH: Sending GSMTAP message to virtual Um
[1;34mDL1P[0;m <0007> l1sap.c:622 053965/40/15/07/49 Rx MPH_INFO time ind
[1;34mDL1P[0;m <0007> scheduler.c:911 053970/40/20/12/02 (bts=0,trx=0,ts=0) CCCH: PH-RTS.ind: chan_nr=0x90 link_id=0x00
[1;34mDL1P[0;m <0007> l1sap.c:1082 053970/40/20/12/02 Rx PH-RTS.ind chan_nr=PCH/AGCH on TS0 link_id=0x00d
[1;34mDL1P[0;m <0007> l1sap.c:1225 053970/40/20/12/02 Tx PH-DATA.req chan_nr=PCH/AGCH on TS0 link_id=0x00
[1;34mDL1P[0;m <0007> scheduler.c:842 053970/40/20/12/02 (bts=0,trx=0,ts=0) : PH-DATA.req: chan_nr=0x90 link_id=0x00
[1;34mDL1P[0;m <0007> l1sap.c:622 053966/40/16/08/50 Rx MPH_INFO time ind
[1;34mDL1P[0;m <0007> l1sap.c:622 053967/40/17/09/51 Rx MPH_INFO time ind
[1;34mDL1P[0;m <0007> l1sap.c:622 053968/40/18/10/00 Rx MPH_INFO time ind
[1;34mDL1P[0;m <0007> l1sap.c:622 053969/40/19/11/01 Rx MPH_INFO time ind
[1;34mDL1P[0;m <0007> scheduler.c:911 053974/40/24/16/06 (bts=0,trx=0,ts=0) CCCH: PH-RTS.ind: chan_nr=0x90 link_id=0x00
[1;34mDL1P[0;m <0007> l1sap.c:1082 053974/40/24/16/06 Rx PH-RTS.ind chan_nr=PCH/AGCH on TS0 link_id=0x00d
[1;34mDL1P[0;m <0007> l1sap.c:1225 053974/40/24/16/06 Tx PH-DATA.req chan_nr=PCH/AGCH on TS0 link_id=0x00
[1;34mDL1P[0;m <0007> scheduler.c:842 053974/40/24/16/06 (bts=0,trx=0,ts=0) : PH-DATA.req: chan_nr=0x90 link_id=0x00
[1;34mDL1P[0;m <0007> l1sap.c:622 053970/40/20/12/02 Rx MPH_INFO time ind
[1;34mDL1P[0;m <0007> scheduler_virtbts.c:106 053970/40/20/12/02 (bts=0,trx=0,ts=0) CCCH: Sending GSMTAP message to virtual Um
[1;34mDL1P[0;m <0007> l1sap.c:622 053971/40/21/13/03 Rx MPH_INFO time ind
[1;34mDL1P[0;m <0007> l1sap.c:622 053972/40/22/14/04 Rx MPH_INFO time ind
[1;34mDL1P[0;m <0007> l1sap.c:622 053973/40/23/15/05 Rx MPH_INFO time ind
[1;34mDL1P[0;m <0007> l1sap.c:622 053974/40/24/16/06 Rx MPH_INFO time ind
[1;34mDL1P[0;m <0007> scheduler_virtbts.c:106 053974/40/24/16/06 (bts=0,trx=0,ts=0) CCCH: Sending GSMTAP message to virtual Um
[1;34mDL1P[0;m <0007> l1sap.c:622 053975/40/25/17/07 Rx MPH_INFO time ind
[1;34mDL1P[0;m <0007> l1sap.c:622 053976/40/00/18/08 Rx MPH_INFO time ind
[1;34mDL1P[0;m <0007> l1sap.c:622 053977/40/01/19/09 Rx MPH_INFO time ind
[1;34mDL1P[0;m <0007> l1sap.c:622 053978/40/02/20/10 Rx MPH_INFO time ind
[1;34mDL1P[0;m <0007> l1sap.c:622 053979/40/03/21/11 Rx MPH_INFO time ind
[1;34mDL1P[0;m <0007> l1sap.c:622 053980/40/04/22/12 Rx MPH_INFO time ind
[1;34mDL1P[0;m <0007> l1sap.c:622 053981/40/05/23/13 Rx MPH_INFO time ind
[1;34mDL1P[0;m <0007> l1sap.c:622 053982/40/06/24/14 Rx MPH_INFO time ind
[1;34mDL1P[0;m <0007> l1sap.c:622 053983/40/07/25/15 Rx MPH_INFO time ind
[1;34mDL1P[0;m <0007> l1sap.c:622 053984/40/08/26/16 Rx MPH_INFO time ind
[1;34mDL1P[0;m <0007> l1sap.c:622 053985/40/09/27/17 Rx MPH_INFO time ind
[1;34mDL1P[0;m <0007> l1sap.c:622 053986/40/10/28/18 Rx MPH_INFO time ind
[1;34mDL1P[0;m <0007> l1sap.c:622 053987/40/11/29/19 Rx MPH_INFO time ind
[1;34mDL1P[0;m <0007> l1sap.c:622 053988/40/12/30/20 Rx MPH_INFO time ind
[1;34mDL1P[0;m <0007> l1sap.c:622 053989/40/13/31/21 Rx MPH_INFO time ind
[1;34mDL1P[0;m <0007> l1sap.c:622 053990/40/14/32/22 Rx MPH_INFO time ind
[1;34mDL1P[0;m <0007> l1sap.c:622 053991/40/15/33/23 Rx MPH_INFO time ind
[1;34mDL1P[0;m <0007> l1sap.c:622 053992/40/16/34/24 Rx MPH_INFO time ind
[1;34mDL1P[0;m <0007> l1sap.c:622 053993/40/17/35/25 Rx MPH_INFO time ind
[1;34mDL1P[0;m <0007> l1sap.c:622 053994/40/18/36/26 Rx MPH_INFO time ind
[1;34mDL1P[0;m <0007> l1sap.c:622 053995/40/19/37/27 Rx MPH_INFO time ind
[1;34mDL1P[0;m <0007> l1sap.c:622 053996/40/20/38/28 Rx MPH_INFO time ind
[1;34mDL1P[0;m <0007> l1sap.c:622 053997/40/21/39/29 Rx MPH_INFO time ind
[1;34mDL1P[0;m <0007> l1sap.c:622 053998/40/22/40/30 Rx MPH_INFO time ind
[1;34mDL1P[0;m <0007> l1sap.c:622 053999/40/23/41/31 Rx MPH_INFO time ind
[1;34mDL1P[0;m <0007> l1sap.c:622 054000/40/24/42/32 Rx MPH_INFO time ind
[1;34mDL1P[0;m <0007> l1sap.c:622 054001/40/25/43/33 Rx MPH_INFO time ind
[1;34mDL1P[0;m <0007> l1sap.c:622 054002/40/00/44/34 Rx MPH_INFO time ind
[1;34mDL1P[0;m <0007> l1sap.c:622 054003/40/01/45/35 Rx MPH_INFO time ind
[1;34mDL1P[0;m <0007> l1sap.c:622 054004/40/02/46/36 Rx MPH_INFO time ind
[1;34mDL1P[0;m <0007> l1sap.c:622 054005/40/03/47/37 Rx MPH_INFO time ind
[1;34mDL1P[0;m <0007> l1sap.c:622 054006/40/04/48/38 Rx MPH_INFO time ind
[1;34mDL1P[0;m <0007> scheduler.c:911 054011/40/09/02/43 (bts=0,trx=0,ts=0) BCCH: PH-RTS.ind: chan_nr=0x80 link_id=0x00
[1;34mDL1P[0;m <0007> l1sap.c:1082 054011/40/09/02/43 Rx PH-RTS.ind chan_nr=BCCH on TS0 link_id=0x00d
[1;34mDL1P[0;m <0007> l1sap.c:1225 054011/40/09/02/43 Tx PH-DATA.req chan_nr=BCCH on TS0 link_id=0x00
[1;34mDL1P[0;m <0007> scheduler.c:842 054011/40/09/02/43 (bts=0,trx=0,ts=0) : PH-DATA.req: chan_nr=0x80 link_id=0x00
[1;34mDL1P[0;m <0007> l1sap.c:622 054007/40/05/49/39 Rx MPH_INFO time ind
[1;34mDL1P[0;m <0007> l1sap.c:622 054008/40/06/50/40 Rx MPH_INFO time ind
[1;34mDL1P[0;m <0007> l1sap.c:622 054009/40/07/00/41 Rx MPH_INFO time ind
[1;34mDL1P[0;m <0007> l1sap.c:622 054010/40/08/01/42 Rx MPH_INFO time ind
[1;34mDL1P[0;m <0007> scheduler.c:911 054015/40/13/06/47 (bts=0,trx=0,ts=0) CCCH: PH-RTS.ind: chan_nr=0x90 link_id=0x00
[1;34mDL1P[0;m <0007> l1sap.c:1082 054015/40/13/06/47 Rx PH-RTS.ind chan_nr=PCH/AGCH on TS0 link_id=0x00d
[1;34mDL1P[0;m <0007> l1sap.c:1225 054015/40/13/06/47 Tx PH-DATA.req chan_nr=PCH/AGCH on TS0 link_id=0x00
[1;34mDL1P[0;m <0007> scheduler.c:842 054015/40/13/06/47 (bts=0,trx=0,ts=0) : PH-DATA.req: chan_nr=0x90 link_id=0x00
[1;34mDL1P[0;m <0007> l1sap.c:622 054011/40/09/02/43 Rx MPH_INFO time ind
[1;34mDL1P[0;m <0007> scheduler_virtbts.c:106 054011/40/09/02/43 (bts=0,trx=0,ts=0) BCCH: Sending GSMTAP message to virtual Um
[1;34mDL1P[0;m <0007> l1sap.c:622 054012/40/10/03/44 Rx MPH_INFO time ind
[1;34mDL1P[0;m <0007> l1sap.c:622 054013/40/11/04/45 Rx MPH_INFO time ind
[1;34mDL1P[0;m <0007> l1sap.c:622 054014/40/12/05/46 Rx MPH_INFO time ind
[1;34mDL1P[0;m <0007> l1sap.c:622 054015/40/13/06/47 Rx MPH_INFO time ind
[1;34mDL1P[0;m <0007> scheduler_virtbts.c:106 054015/40/13/06/47 (bts=0,trx=0,ts=0) CCCH: Sending GSMTAP message to virtual Um
[1;34mDL1P[0;m <0007> l1sap.c:622 054016/40/14/07/00 Rx MPH_INFO time ind
[1;34mDL1P[0;m <0007> scheduler.c:911 054021/40/19/12/05 (bts=0,trx=0,ts=0) CCCH: PH-RTS.ind: chan_nr=0x90 link_id=0x00
[1;34mDL1P[0;m <0007> l1sap.c:1082 054021/40/19/12/05 Rx PH-RTS.ind chan_nr=PCH/AGCH on TS0 link_id=0x00d
[1;34mDL1P[0;m <0007> l1sap.c:1225 054021/40/19/12/05 Tx PH-DATA.req chan_nr=PCH/AGCH on TS0 link_id=0x00
[1;34mDL1P[0;m <0007> scheduler.c:842 054021/40/19/12/05 (bts=0,trx=0,ts=0) : PH-DATA.req: chan_nr=0x90 link_id=0x00
[1;34mDL1P[0;m <0007> l1sap.c:622 054017/40/15/08/01 Rx MPH_INFO time ind
[1;34mDL1P[0;m <0007> l1sap.c:622 054018/40/16/09/02 Rx MPH_INFO time ind
[1;34mDL1P[0;m <0007> l1sap.c:622 054019/40/17/10/03 Rx MPH_INFO time ind
[1;34mDL1P[0;m <0007> l1sap.c:622 054020/40/18/11/04 Rx MPH_INFO time ind
[1;34mDL1P[0;m <0007> scheduler.c:911 054025/40/23/16/09 (bts=0,trx=0,ts=0) CCCH: PH-RTS.ind: chan_nr=0x90 link_id=0x00
[1;34mDL1P[0;m <0007> l1sap.c:1082 054025/40/23/16/09 Rx PH-RTS.ind chan_nr=PCH/AGCH on TS0 link_id=0x00d
[1;34mDL1P[0;m <0007> l1sap.c:1225 054025/40/23/16/09 Tx PH-DATA.req chan_nr=PCH/AGCH on TS0 link_id=0x00
[1;34mDL1P[0;m <0007> scheduler.c:842 054025/40/23/16/09 (bts=0,trx=0,ts=0) : PH-DATA.req: chan_nr=0x90 link_id=0x00
[1;34mDL1P[0;m <0007> l1sap.c:622 054021/40/19/12/05 Rx MPH_INFO time ind
[1;34mDL1P[0;m <0007> scheduler_virtbts.c:106 054021/40/19/12/05 (bts=0,trx=0,ts=0) CCCH: Sending GSMTAP message to virtual Um
[1;34mDMEAS[0;m <0004> l1_if.c:315 (bts=0,trx=0,ts=0,ss=0) 054021/40/19/12/05 RX L1 frame chan_nr=0x20 MS pwr=5dBm rssi=0.0 dBFS ber=100.00% (0/0 bits) L1_ta=0 ta_ctrl.current=0 toa=0.00
[1;33mDL1P[0;m <0007> l1sap.c:104 (bts=0,trx=0,ts=0,ss=0) assuming active lchan, but state is NONE
[1;31mDL1P[0;m <0007> l1sap.c:783 054021/40/19/12/05 No lchan for chan_nr=SDCCH/4(0) on TS0
[1;34mDL1P[0;m <0007> l1sap.c:1974 054021/40/19/12/05 Rx PH-DATA.ind chan_nr=SDCCH/4(0) on TS0 link_id=0x40 len=23
[1;33mDL1P[0;m <0007> l1sap.c:104 (bts=0,trx=0,ts=0,ss=0) assuming active lchan, but state is NONE
[1;31mDL1P[0;m <0007> l1sap.c:2013 054021/40/19/12/05 No lchan for chan_nr=SDCCH/4(0) on TS0
[1;34mDL1P[0;m <0007> l1_if.c:181 054021/40/19/12/05 Message forwarded to layer 2.
[1;34mDL1P[0;m <0007> l1sap.c:622 054022/40/20/13/06 Rx MPH_INFO time ind
[1;34mDL1P[0;m <0007> l1sap.c:622 054023/40/21/14/07 Rx MPH_INFO time ind
[1;34mDL1P[0;m <0007> l1sap.c:622 054024/40/22/15/08 Rx MPH_INFO time ind
[1;34mDL1P[0;m <0007> l1sap.c:622 054025/40/23/16/09 Rx MPH_INFO time ind
[1;34mDL1P[0;m <0007> scheduler_virtbts.c:106 054025/40/23/16/09 (bts=0,trx=0,ts=0) CCCH: Sending GSMTAP message to virtual Um
[1;34mDL1P[0;m <0007> l1sap.c:622 054026/40/24/17/10 Rx MPH_INFO time ind
[1;34mDL1P[0;m <0007> l1sap.c:622 054027/40/25/18/11 Rx MPH_INFO time ind
[1;34mDL1P[0;m <0007> l1sap.c:622 054028/40/00/19/12 Rx MPH_INFO time ind
[1;34mDL1P[0;m <0007> l1sap.c:622 054029/40/01/20/13 Rx MPH_INFO time ind
[1;34mDL1P[0;m <0007> l1sap.c:622 054030/40/02/21/14 Rx MPH_INFO time ind
[1;34mDL1P[0;m <0007> l1sap.c:622 054031/40/03/22/15 Rx MPH_INFO time ind
[1;34mDL1P[0;m <0007> l1sap.c:622 054032/40/04/23/16 Rx MPH_INFO time ind
[1;34mDL1P[0;m <0007> l1sap.c:622 054033/40/05/24/17 Rx MPH_INFO time ind
[1;34mDL1P[0;m <0007> l1sap.c:622 054034/40/06/25/18 Rx MPH_INFO time ind
[1;34mDL1P[0;m <0007> l1sap.c:622 054035/40/07/26/19 Rx MPH_INFO time ind
[1;34mDL1P[0;m <0007> l1sap.c:622 054036/40/08/27/20 Rx MPH_INFO time ind
[1;34mDL1P[0;m <0007> l1sap.c:622 054037/40/09/28/21 Rx MPH_INFO time ind
[1;34mDL1P[0;m <0007> l1sap.c:622 054038/40/10/29/22 Rx MPH_INFO time ind
[1;34mDL1P[0;m <0007> l1sap.c:622 054039/40/11/30/23 Rx MPH_INFO time ind
[1;34mDL1P[0;m <0007> l1sap.c:622 054040/40/12/31/24 Rx MPH_INFO time ind
[1;34mDL1P[0;m <0007> l1sap.c:622 054041/40/13/32/25 Rx MPH_INFO time ind
[1;34mDL1P[0;m <0007> l1sap.c:622 054042/40/14/33/26 Rx MPH_INFO time ind
[1;34mDL1P[0;m <0007> l1sap.c:622 054043/40/15/34/27 Rx MPH_INFO time ind
[1;34mDL1P[0;m <0007> l1sap.c:622 054044/40/16/35/28 Rx MPH_INFO time ind
[1;34mDL1P[0;m <0007> l1sap.c:622 054045/40/17/36/29 Rx MPH_INFO time ind
[1;34mDL1P[0;m <0007> l1sap.c:622 054046/40/18/37/30 Rx MPH_INFO time ind
[1;34mDL1P[0;m <0007> l1sap.c:622 054047/40/19/38/31 Rx MPH_INFO time ind
[1;34mDL1P[0;m <0007> l1sap.c:622 054048/40/20/39/32 Rx MPH_INFO time ind
[1;34mDL1P[0;m <0007> l1sap.c:622 054049/40/21/40/33 Rx MPH_INFO time ind
[1;34mDL1P[0;m <0007> l1sap.c:622 054050/40/22/41/34 Rx MPH_INFO time ind
[1;34mDL1P[0;m <0007> l1sap.c:622 054051/40/23/42/35 Rx MPH_INFO time ind
[1;34mDL1P[0;m <0007> l1sap.c:622 054052/40/24/43/36 Rx MPH_INFO time ind
[1;34mDL1P[0;m <0007> l1sap.c:622 054053/40/25/44/37 Rx MPH_INFO time ind
[1;34mDL1P[0;m <0007> l1sap.c:622 054054/40/00/45/38 Rx MPH_INFO time ind
[1;34mDL1P[0;m <0007> l1sap.c:622 054055/40/01/46/39 Rx MPH_INFO time ind
[1;34mDL1P[0;m <0007> l1sap.c:622 054056/40/02/47/40 Rx MPH_INFO time ind
[1;34mDL1P[0;m <0007> l1sap.c:622 054057/40/03/48/41 Rx MPH_INFO time ind
[1;34mDL1P[0;m <0007> scheduler.c:911 054062/40/08/02/46 (bts=0,trx=0,ts=0) BCCH: PH-RTS.ind: chan_nr=0x80 link_id=0x00
[1;34mDL1P[0;m <0007> l1sap.c:1082 054062/40/08/02/46 Rx PH-RTS.ind chan_nr=BCCH on TS0 link_id=0x00d
[1;34mDL1P[0;m <0007> l1sap.c:1225 054062/40/08/02/46 Tx PH-DATA.req chan_nr=BCCH on TS0 link_id=0x00
[1;34mDL1P[0;m <0007> scheduler.c:842 054062/40/08/02/46 (bts=0,trx=0,ts=0) : PH-DATA.req: chan_nr=0x80 link_id=0x00
[1;34mDL1P[0;m <0007> l1sap.c:622 054058/40/04/49/42 Rx MPH_INFO time ind
[1;34mDL1P[0;m <0007> l1sap.c:622 054059/40/05/50/43 Rx MPH_INFO time ind
[1;34mDL1P[0;m <0007> l1sap.c:622 054060/40/06/00/44 Rx MPH_INFO time ind
[1;34mDL1P[0;m <0007> l1sap.c:622 054061/40/07/01/45 Rx MPH_INFO time ind
[1;34mDL1P[0;m <0007> scheduler.c:911 054066/40/12/06/50 (bts=0,trx=0,ts=0) CCCH: PH-RTS.ind: chan_nr=0x90 link_id=0x00
[1;34mDL1P[0;m <0007> l1sap.c:1082 054066/40/12/06/50 Rx PH-RTS.ind chan_nr=PCH/AGCH on TS0 link_id=0x00d
[1;34mDL1P[0;m <0007> l1sap.c:1225 054066/40/12/06/50 Tx PH-DATA.req chan_nr=PCH/AGCH on TS0 link_id=0x00
[1;34mDL1P[0;m <0007> scheduler.c:842 054066/40/12/06/50 (bts=0,trx=0,ts=0) : PH-DATA.req: chan_nr=0x90 link_id=0x00
[1;34mDL1P[0;m <0007> l1sap.c:622 054062/40/08/02/46 Rx MPH_INFO time ind
[1;34mDL1P[0;m <0007> scheduler_virtbts.c:106 054062/40/08/02/46 (bts=0,trx=0,ts=0) BCCH: Sending GSMTAP message to virtual Um
[1;34mDMEAS[0;m <0004> l1_if.c:315 (bts=0,trx=0,ts=0,ss=0) 054046/40/18/37/30 RX L1 frame chan_nr=0x20 MS pwr=5dBm rssi=0.0 dBFS ber=100.00% (0/0 bits) L1_ta=0 ta_ctrl.current=0 toa=0.00
[1;33mDL1P[0;m <0007> l1sap.c:104 (bts=0,trx=0,ts=0,ss=0) assuming active lchan, but state is NONE
[1;31mDL1P[0;m <0007> l1sap.c:783 054046/40/18/37/30 No lchan for chan_nr=SDCCH/4(0) on TS0
[1;34mDL1P[0;m <0007> l1sap.c:1974 054046/40/18/37/30 Rx PH-DATA.ind chan_nr=SDCCH/4(0) on TS0 link_id=0x00 len=23
[1;33mDL1P[0;m <0007> l1sap.c:104 (bts=0,trx=0,ts=0,ss=0) assuming active lchan, but state is NONE
[1;31mDL1P[0;m <0007> l1sap.c:2013 054046/40/18/37/30 No lchan for chan_nr=SDCCH/4(0) on TS0
[1;34mDL1P[0;m <0007> l1_if.c:181 054046/40/18/37/30 Message forwarded to layer 2.
[1;34mDL1P[0;m <0007> l1sap.c:622 054063/40/09/03/47 Rx MPH_INFO time ind
[1;34mDL1P[0;m <0007> l1sap.c:622 054064/40/10/04/48 Rx MPH_INFO time ind
[1;34mDL1P[0;m <0007> l1sap.c:622 054065/40/11/05/49 Rx MPH_INFO time ind
[1;34mDL1P[0;m <0007> l1sap.c:622 054066/40/12/06/50 Rx MPH_INFO time ind
[1;34mDL1P[0;m <0007> scheduler_virtbts.c:106 054066/40/12/06/50 (bts=0,trx=0,ts=0) CCCH: Sending GSMTAP message to virtual Um
[1;34mDL1P[0;m <0007> l1sap.c:622 054067/40/13/07/51 Rx MPH_INFO time ind
[1;34mDL1P[0;m <0007> scheduler.c:911 054072/40/18/12/04 (bts=0,trx=0,ts=0) CCCH: PH-RTS.ind: chan_nr=0x90 link_id=0x00
[1;34mDL1P[0;m <0007> l1sap.c:1082 054072/40/18/12/04 Rx PH-RTS.ind chan_nr=PCH/AGCH on TS0 link_id=0x00d
[1;34mDL1P[0;m <0007> l1sap.c:1225 054072/40/18/12/04 Tx PH-DATA.req chan_nr=PCH/AGCH on TS0 link_id=0x00
[1;34mDL1P[0;m <0007> scheduler.c:842 054072/40/18/12/04 (bts=0,trx=0,ts=0) : PH-DATA.req: chan_nr=0x90 link_id=0x00
[1;34mDL1P[0;m <0007> l1sap.c:622 054068/40/14/08/00 Rx MPH_INFO time ind
[1;34mDL1P[0;m <0007> l1sap.c:622 054069/40/15/09/01 Rx MPH_INFO time ind
[1;34mDL1P[0;m <0007> l1sap.c:622 054070/40/16/10/02 Rx MPH_INFO time ind
[1;34mDL1P[0;m <0007> l1sap.c:622 054071/40/17/11/03 Rx MPH_INFO time ind
[1;34mDL1P[0;m <0007> scheduler.c:911 054076/40/22/16/08 (bts=0,trx=0,ts=0) CCCH: PH-RTS.ind: chan_nr=0x90 link_id=0x00
[1;34mDL1P[0;m <0007> l1sap.c:1082 054076/40/22/16/08 Rx PH-RTS.ind chan_nr=PCH/AGCH on TS0 link_id=0x00d
[1;34mDL1P[0;m <0007> l1sap.c:1225 054076/40/22/16/08 Tx PH-DATA.req chan_nr=PCH/AGCH on TS0 link_id=0x00
[1;34mDL1P[0;m <0007> scheduler.c:842 054076/40/22/16/08 (bts=0,trx=0,ts=0) : PH-DATA.req: chan_nr=0x90 link_id=0x00
[1;34mDL1P[0;m <0007> l1sap.c:622 054072/40/18/12/04 Rx MPH_INFO time ind
[1;34mDL1P[0;m <0007> scheduler_virtbts.c:106 054072/40/18/12/04 (bts=0,trx=0,ts=0) CCCH: Sending GSMTAP message to virtual Um
[1;34mDL1P[0;m <0007> l1sap.c:622 054073/40/19/13/05 Rx MPH_INFO time ind
[1;34mDL1P[0;m <0007> l1sap.c:622 054074/40/20/14/06 Rx MPH_INFO time ind
[1;34mDL1P[0;m <0007> l1sap.c:622 054075/40/21/15/07 Rx MPH_INFO time ind
[1;34mDL1P[0;m <0007> l1sap.c:622 054076/40/22/16/08 Rx MPH_INFO time ind
[1;34mDL1P[0;m <0007> scheduler_virtbts.c:106 054076/40/22/16/08 (bts=0,trx=0,ts=0) CCCH: Sending GSMTAP message to virtual Um
[1;34mDL1P[0;m <0007> l1sap.c:622 054077/40/23/17/09 Rx MPH_INFO time ind
[1;34mDL1P[0;m <0007> l1sap.c:622 054078/40/24/18/10 Rx MPH_INFO time ind
[1;34mDL1P[0;m <0007> l1sap.c:622 054079/40/25/19/11 Rx MPH_INFO time ind
[1;34mDL1P[0;m <0007> l1sap.c:622 054080/40/00/20/12 Rx MPH_INFO time ind
[1;34mDL1P[0;m <0007> l1sap.c:622 054081/40/01/21/13 Rx MPH_INFO time ind
[1;34mDL1P[0;m <0007> l1sap.c:622 054082/40/02/22/14 Rx MPH_INFO time ind
[1;34mDL1P[0;m <0007> l1sap.c:622 054083/40/03/23/15 Rx MPH_INFO time ind
[1;34mDL1P[0;m <0007> l1sap.c:622 054084/40/04/24/16 Rx MPH_INFO time ind
[1;34mDL1P[0;m <0007> l1sap.c:622 054085/40/05/25/17 Rx MPH_INFO time ind
[1;34mDL1P[0;m <0007> l1sap.c:622 054086/40/06/26/18 Rx MPH_INFO time ind
[1;34mDL1P[0;m <0007> l1sap.c:622 054087/40/07/27/19 Rx MPH_INFO time ind
[1;34mDL1P[0;m <0007> l1sap.c:622 054088/40/08/28/20 Rx MPH_INFO time ind
[1;34mDL1P[0;m <0007> l1sap.c:622 054089/40/09/29/21 Rx MPH_INFO time ind
[1;34mDL1P[0;m <0007> l1sap.c:622 054090/40/10/30/22 Rx MPH_INFO time ind
[1;34mDL1P[0;m <0007> l1sap.c:622 054091/40/11/31/23 Rx MPH_INFO time ind
[1;34mDL1P[0;m <0007> l1sap.c:622 054092/40/12/32/24 Rx MPH_INFO time ind
[1;34mDL1P[0;m <0007> l1sap.c:622 054093/40/13/33/25 Rx MPH_INFO time ind
[1;34mDL1P[0;m <0007> l1sap.c:622 054094/40/14/34/26 Rx MPH_INFO time ind
[1;34mDL1P[0;m <0007> l1sap.c:622 054095/40/15/35/27 Rx MPH_INFO time ind
[1;34mDL1P[0;m <0007> l1sap.c:622 054096/40/16/36/28 Rx MPH_INFO time ind
[1;34mDL1P[0;m <0007> l1sap.c:622 054097/40/17/37/29 Rx MPH_INFO time ind
[1;34mDL1P[0;m <0007> l1sap.c:622 054098/40/18/38/30 Rx MPH_INFO time ind
[1;34mDL1P[0;m <0007> l1sap.c:622 054099/40/19/39/31 Rx MPH_INFO time ind
[1;34mDL1P[0;m <0007> l1sap.c:622 054100/40/20/40/32 Rx MPH_INFO time ind
[1;34mDL1P[0;m <0007> l1sap.c:622 054101/40/21/41/33 Rx MPH_INFO time ind
[1;34mDL1P[0;m <0007> l1sap.c:622 054102/40/22/42/34 Rx MPH_INFO time ind
[1;34mDL1P[0;m <0007> l1sap.c:622 054103/40/23/43/35 Rx MPH_INFO time ind
[1;34mDL1P[0;m <0007> l1sap.c:622 054104/40/24/44/36 Rx MPH_INFO time ind
[1;34mDL1P[0;m <0007> l1sap.c:622 054105/40/25/45/37 Rx MPH_INFO time ind
[1;34mDL1P[0;m <0007> l1sap.c:622 054106/40/00/46/38 Rx MPH_INFO time ind
[1;34mDL1P[0;m <0007> l1sap.c:622 054107/40/01/47/39 Rx MPH_INFO time ind
[1;34mDL1P[0;m <0007> l1sap.c:622 054108/40/02/48/40 Rx MPH_INFO time ind
[1;34mDL1P[0;m <0007> scheduler.c:911 054113/40/07/02/45 (bts=0,trx=0,ts=0) BCCH: PH-RTS.ind: chan_nr=0x80 link_id=0x00
[1;34mDL1P[0;m <0007> l1sap.c:1082 054113/40/07/02/45 Rx PH-RTS.ind chan_nr=BCCH on TS0 link_id=0x00d
[1;34mDL1P[0;m <0007> l1sap.c:1225 054113/40/07/02/45 Tx PH-DATA.req chan_nr=BCCH on TS0 link_id=0x00
[1;34mDL1P[0;m <0007> scheduler.c:842 054113/40/07/02/45 (bts=0,trx=0,ts=0) : PH-DATA.req: chan_nr=0x80 link_id=0x00
[1;34mDL1P[0;m <0007> l1sap.c:622 054109/40/03/49/41 Rx MPH_INFO time ind
[1;34mDL1P[0;m <0007> l1sap.c:622 054110/40/04/50/42 Rx MPH_INFO time ind
[1;34mDL1P[0;m <0007> l1sap.c:622 054111/40/05/00/43 Rx MPH_INFO time ind
[1;34mDL1P[0;m <0007> l1sap.c:622 054112/40/06/01/44 Rx MPH_INFO time ind
[1;34mDL1P[0;m <0007> scheduler.c:911 054117/40/11/06/49 (bts=0,trx=0,ts=0) CCCH: PH-RTS.ind: chan_nr=0x90 link_id=0x00
[1;34mDL1P[0;m <0007> l1sap.c:1082 054117/40/11/06/49 Rx PH-RTS.ind chan_nr=PCH/AGCH on TS0 link_id=0x00d
[1;34mDL1P[0;m <0007> l1sap.c:1225 054117/40/11/06/49 Tx PH-DATA.req chan_nr=PCH/AGCH on TS0 link_id=0x00
[1;34mDL1P[0;m <0007> scheduler.c:842 054117/40/11/06/49 (bts=0,trx=0,ts=0) : PH-DATA.req: chan_nr=0x90 link_id=0x00
[1;34mDL1P[0;m <0007> l1sap.c:622 054113/40/07/02/45 Rx MPH_INFO time ind
[1;34mDL1P[0;m <0007> scheduler_virtbts.c:106 054113/40/07/02/45 (bts=0,trx=0,ts=0) BCCH: Sending GSMTAP message to virtual Um
[1;34mDL1P[0;m <0007> l1sap.c:622 054114/40/08/03/46 Rx MPH_INFO time ind
[1;34mDL1P[0;m <0007> l1sap.c:622 054115/40/09/04/47 Rx MPH_INFO time ind
[1;34mDL1P[0;m <0007> l1sap.c:622 054116/40/10/05/48 Rx MPH_INFO time ind
[1;34mDL1P[0;m <0007> l1sap.c:622 054117/40/11/06/49 Rx MPH_INFO time ind
[1;34mDL1P[0;m <0007> scheduler_virtbts.c:106 054117/40/11/06/49 (bts=0,trx=0,ts=0) CCCH: Sending GSMTAP message to virtual Um
[1;34mDL1P[0;m <0007> l1sap.c:622 054118/40/12/07/50 Rx MPH_INFO time ind
[1;34mDL1P[0;m <0007> scheduler.c:911 054123/40/17/12/03 (bts=0,trx=0,ts=0) CCCH: PH-RTS.ind: chan_nr=0x90 link_id=0x00
[1;34mDL1P[0;m <0007> l1sap.c:1082 054123/40/17/12/03 Rx PH-RTS.ind chan_nr=PCH/AGCH on TS0 link_id=0x00d
[1;34mDL1P[0;m <0007> l1sap.c:1225 054123/40/17/12/03 Tx PH-DATA.req chan_nr=PCH/AGCH on TS0 link_id=0x00
[1;34mDL1P[0;m <0007> scheduler.c:842 054123/40/17/12/03 (bts=0,trx=0,ts=0) : PH-DATA.req: chan_nr=0x90 link_id=0x00
[1;34mDL1P[0;m <0007> l1sap.c:622 054119/40/13/08/51 Rx MPH_INFO time ind
[1;34mDL1P[0;m <0007> l1sap.c:622 054120/40/14/09/00 Rx MPH_INFO time ind
[1;34mDL1P[0;m <0007> l1sap.c:622 054121/40/15/10/01 Rx MPH_INFO time ind
[1;34mDL1P[0;m <0007> l1sap.c:622 054122/40/16/11/02 Rx MPH_INFO time ind
[1;34mDL1P[0;m <0007> scheduler.c:911 054127/40/21/16/07 (bts=0,trx=0,ts=0) CCCH: PH-RTS.ind: chan_nr=0x90 link_id=0x00
[1;34mDL1P[0;m <0007> l1sap.c:1082 054127/40/21/16/07 Rx PH-RTS.ind chan_nr=PCH/AGCH on TS0 link_id=0x00d
[1;34mDL1P[0;m <0007> l1sap.c:1225 054127/40/21/16/07 Tx PH-DATA.req chan_nr=PCH/AGCH on TS0 link_id=0x00
[1;34mDL1P[0;m <0007> scheduler.c:842 054127/40/21/16/07 (bts=0,trx=0,ts=0) : PH-DATA.req: chan_nr=0x90 link_id=0x00
[1;34mDL1P[0;m <0007> l1sap.c:622 054123/40/17/12/03 Rx MPH_INFO time ind
[1;34mDL1P[0;m <0007> scheduler_virtbts.c:106 054123/40/17/12/03 (bts=0,trx=0,ts=0) CCCH: Sending GSMTAP message to virtual Um
[1;34mDL1P[0;m <0007> l1sap.c:622 054124/40/18/13/04 Rx MPH_INFO time ind
[1;34mDL1P[0;m <0007> l1sap.c:622 054125/40/19/14/05 Rx MPH_INFO time ind
[1;34mDL1P[0;m <0007> l1sap.c:622 054126/40/20/15/06 Rx MPH_INFO time ind
[1;34mDL1P[0;m <0007> l1sap.c:622 054127/40/21/16/07 Rx MPH_INFO time ind
[1;34mDL1P[0;m <0007> scheduler_virtbts.c:106 054127/40/21/16/07 (bts=0,trx=0,ts=0) CCCH: Sending GSMTAP message to virtual Um
[1;34mDL1P[0;m <0007> l1sap.c:622 054128/40/22/17/08 Rx MPH_INFO time ind
[1;34mDL1P[0;m <0007> l1sap.c:622 054129/40/23/18/09 Rx MPH_INFO time ind
[1;34mDL1P[0;m <0007> l1sap.c:622 054130/40/24/19/10 Rx MPH_INFO time ind
[1;34mDL1P[0;m <0007> l1sap.c:622 054131/40/25/20/11 Rx MPH_INFO time ind
[1;34mDL1P[0;m <0007> l1sap.c:622 054132/40/00/21/12 Rx MPH_INFO time ind
[1;34mDL1P[0;m <0007> l1sap.c:622 054133/40/01/22/13 Rx MPH_INFO time ind
[1;34mDL1P[0;m <0007> l1sap.c:622 054134/40/02/23/14 Rx MPH_INFO time ind
[1;34mDL1P[0;m <0007> l1sap.c:622 054135/40/03/24/15 Rx MPH_INFO time ind
[1;34mDL1P[0;m <0007> l1sap.c:622 054136/40/04/25/16 Rx MPH_INFO time ind
[1;34mDL1P[0;m <0007> l1sap.c:622 054137/40/05/26/17 Rx MPH_INFO time ind
[1;34mDL1P[0;m <0007> l1sap.c:622 054138/40/06/27/18 Rx MPH_INFO time ind
[1;34mDL1P[0;m <0007> l1sap.c:622 054139/40/07/28/19 Rx MPH_INFO time ind
[1;34mDL1P[0;m <0007> l1sap.c:622 054140/40/08/29/20 Rx MPH_INFO time ind
[1;34mDL1P[0;m <0007> l1sap.c:622 054141/40/09/30/21 Rx MPH_INFO time ind
[1;34mDL1P[0;m <0007> l1sap.c:622 054142/40/10/31/22 Rx MPH_INFO time ind
[1;34mDL1P[0;m <0007> l1sap.c:622 054143/40/11/32/23 Rx MPH_INFO time ind
[1;34mDL1P[0;m <0007> l1sap.c:622 054144/40/12/33/24 Rx MPH_INFO time ind
[1;34mDL1P[0;m <0007> l1sap.c:622 054145/40/13/34/25 Rx MPH_INFO time ind
[1;34mDL1P[0;m <0007> l1sap.c:622 054146/40/14/35/26 Rx MPH_INFO time ind
[1;34mDL1P[0;m <0007> l1sap.c:622 054147/40/15/36/27 Rx MPH_INFO time ind
[1;34mDL1P[0;m <0007> l1sap.c:622 054148/40/16/37/28 Rx MPH_INFO time ind
[1;34mDL1P[0;m <0007> l1sap.c:622 054149/40/17/38/29 Rx MPH_INFO time ind
[1;34mDL1P[0;m <0007> l1sap.c:622 054150/40/18/39/30 Rx MPH_INFO time ind
[1;34mDL1P[0;m <0007> l1sap.c:622 054151/40/19/40/31 Rx MPH_INFO time ind
[1;34mDL1P[0;m <0007> l1sap.c:622 054152/40/20/41/32 Rx MPH_INFO time ind
[1;34mDL1P[0;m <0007> l1sap.c:622 054153/40/21/42/33 Rx MPH_INFO time ind
[1;34mDL1P[0;m <0007> l1sap.c:622 054154/40/22/43/34 Rx MPH_INFO time ind
[1;34mDL1P[0;m <0007> l1sap.c:622 054155/40/23/44/35 Rx MPH_INFO time ind
[1;34mDL1P[0;m <0007> l1sap.c:622 054156/40/24/45/36 Rx MPH_INFO time ind
[1;34mDL1P[0;m <0007> l1sap.c:622 054157/40/25/46/37 Rx MPH_INFO time ind
[1;34mDL1P[0;m <0007> l1sap.c:622 054158/40/00/47/38 Rx MPH_INFO time ind
[1;34mDL1P[0;m <0007> l1sap.c:622 054159/40/01/48/39 Rx MPH_INFO time ind
[1;34mDL1P[0;m <0007> scheduler.c:911 054164/40/06/02/44 (bts=0,trx=0,ts=0) BCCH: PH-RTS.ind: chan_nr=0x80 link_id=0x00
[1;34mDL1P[0;m <0007> l1sap.c:1082 054164/40/06/02/44 Rx PH-RTS.ind chan_nr=BCCH on TS0 link_id=0x00d
[1;34mDL1P[0;m <0007> l1sap.c:1225 054164/40/06/02/44 Tx PH-DATA.req chan_nr=BCCH on TS0 link_id=0x00
[1;34mDL1P[0;m <0007> scheduler.c:842 054164/40/06/02/44 (bts=0,trx=0,ts=0) : PH-DATA.req: chan_nr=0x80 link_id=0x00
[1;34mDL1P[0;m <0007> l1sap.c:622 054160/40/02/49/40 Rx MPH_INFO time ind
[1;34mDL1P[0;m <0007> l1sap.c:622 054161/40/03/50/41 Rx MPH_INFO time ind
[1;34mDL1P[0;m <0007> l1sap.c:622 054162/40/04/00/42 Rx MPH_INFO time ind
[1;34mDL1P[0;m <0007> l1sap.c:622 054163/40/05/01/43 Rx MPH_INFO time ind
[1;34mDL1P[0;m <0007> scheduler.c:911 054168/40/10/06/48 (bts=0,trx=0,ts=0) CCCH: PH-RTS.ind: chan_nr=0x90 link_id=0x00
[1;34mDL1P[0;m <0007> l1sap.c:1082 054168/40/10/06/48 Rx PH-RTS.ind chan_nr=PCH/AGCH on TS0 link_id=0x00d
[1;34mDL1P[0;m <0007> l1sap.c:1225 054168/40/10/06/48 Tx PH-DATA.req chan_nr=PCH/AGCH on TS0 link_id=0x00
[1;34mDL1P[0;m <0007> scheduler.c:842 054168/40/10/06/48 (bts=0,trx=0,ts=0) : PH-DATA.req: chan_nr=0x90 link_id=0x00
[1;34mDL1P[0;m <0007> l1sap.c:622 054164/40/06/02/44 Rx MPH_INFO time ind
[1;34mDL1P[0;m <0007> scheduler_virtbts.c:106 054164/40/06/02/44 (bts=0,trx=0,ts=0) BCCH: Sending GSMTAP message to virtual Um
[1;34mDL1P[0;m <0007> l1sap.c:622 054165/40/07/03/45 Rx MPH_INFO time ind
[1;34mDL1P[0;m <0007> l1sap.c:622 054166/40/08/04/46 Rx MPH_INFO time ind
[1;34mDL1P[0;m <0007> l1sap.c:622 054167/40/09/05/47 Rx MPH_INFO time ind
[1;34mDL1P[0;m <0007> l1sap.c:622 054168/40/10/06/48 Rx MPH_INFO time ind
[1;34mDL1P[0;m <0007> scheduler_virtbts.c:106 054168/40/10/06/48 (bts=0,trx=0,ts=0) CCCH: Sending GSMTAP message to virtual Um
[1;34mDL1P[0;m <0007> l1sap.c:622 054169/40/11/07/49 Rx MPH_INFO time ind
[1;34mDL1P[0;m <0007> scheduler.c:911 054174/40/16/12/02 (bts=0,trx=0,ts=0) CCCH: PH-RTS.ind: chan_nr=0x90 link_id=0x00
[1;34mDL1P[0;m <0007> l1sap.c:1082 054174/40/16/12/02 Rx PH-RTS.ind chan_nr=PCH/AGCH on TS0 link_id=0x00d
[1;34mDL1P[0;m <0007> l1sap.c:1225 054174/40/16/12/02 Tx PH-DATA.req chan_nr=PCH/AGCH on TS0 link_id=0x00
[1;34mDL1P[0;m <0007> scheduler.c:842 054174/40/16/12/02 (bts=0,trx=0,ts=0) : PH-DATA.req: chan_nr=0x90 link_id=0x00
[1;34mDL1P[0;m <0007> l1sap.c:622 054170/40/12/08/50 Rx MPH_INFO time ind
[1;34mDL1P[0;m <0007> l1sap.c:622 054171/40/13/09/51 Rx MPH_INFO time ind
[1;34mDL1P[0;m <0007> l1sap.c:622 054172/40/14/10/00 Rx MPH_INFO time ind
[1;34mDL1P[0;m <0007> l1sap.c:622 054173/40/15/11/01 Rx MPH_INFO time ind
[1;34mDL1P[0;m <0007> scheduler.c:911 054178/40/20/16/06 (bts=0,trx=0,ts=0) CCCH: PH-RTS.ind: chan_nr=0x90 link_id=0x00
[1;34mDL1P[0;m <0007> l1sap.c:1082 054178/40/20/16/06 Rx PH-RTS.ind chan_nr=PCH/AGCH on TS0 link_id=0x00d
[1;34mDL1P[0;m <0007> l1sap.c:1225 054178/40/20/16/06 Tx PH-DATA.req chan_nr=PCH/AGCH on TS0 link_id=0x00
[1;34mDL1P[0;m <0007> scheduler.c:842 054178/40/20/16/06 (bts=0,trx=0,ts=0) : PH-DATA.req: chan_nr=0x90 link_id=0x00
[1;34mDL1P[0;m <0007> l1sap.c:622 054174/40/16/12/02 Rx MPH_INFO time ind
[1;34mDL1P[0;m <0007> scheduler_virtbts.c:106 054174/40/16/12/02 (bts=0,trx=0,ts=0) CCCH: Sending GSMTAP message to virtual Um
[1;34mDL1P[0;m <0007> l1sap.c:622 054175/40/17/13/03 Rx MPH_INFO time ind
[1;34mDL1P[0;m <0007> l1sap.c:622 054176/40/18/14/04 Rx MPH_INFO time ind
[1;34mDL1P[0;m <0007> l1sap.c:622 054177/40/19/15/05 Rx MPH_INFO time ind
[1;34mDL1P[0;m <0007> l1sap.c:622 054178/40/20/16/06 Rx MPH_INFO time ind
[1;34mDL1P[0;m <0007> scheduler_virtbts.c:106 054178/40/20/16/06 (bts=0,trx=0,ts=0) CCCH: Sending GSMTAP message to virtual Um
[1;34mDL1P[0;m <0007> l1sap.c:622 054179/40/21/17/07 Rx MPH_INFO time ind
[1;34mDL1P[0;m <0007> l1sap.c:622 054180/40/22/18/08 Rx MPH_INFO time ind
[1;34mDL1P[0;m <0007> l1sap.c:622 054181/40/23/19/09 Rx MPH_INFO time ind
[1;34mDL1P[0;m <0007> l1sap.c:622 054182/40/24/20/10 Rx MPH_INFO time ind
[1;34mDL1P[0;m <0007> l1sap.c:622 054183/40/25/21/11 Rx MPH_INFO time ind
[1;34mDL1P[0;m <0007> l1sap.c:622 054184/40/00/22/12 Rx MPH_INFO time ind
[1;34mDL1P[0;m <0007> l1sap.c:622 054185/40/01/23/13 Rx MPH_INFO time ind
[1;34mDL1P[0;m <0007> l1sap.c:622 054186/40/02/24/14 Rx MPH_INFO time ind
[1;34mDL1P[0;m <0007> l1sap.c:622 054187/40/03/25/15 Rx MPH_INFO time ind
[1;34mDL1P[0;m <0007> l1sap.c:622 054188/40/04/26/16 Rx MPH_INFO time ind
[1;34mDL1P[0;m <0007> l1sap.c:622 054189/40/05/27/17 Rx MPH_INFO time ind
[1;34mDL1P[0;m <0007> l1sap.c:622 054190/40/06/28/18 Rx MPH_INFO time ind
[1;34mDL1P[0;m <0007> l1sap.c:622 054191/40/07/29/19 Rx MPH_INFO time ind
[1;34mDL1P[0;m <0007> l1sap.c:622 054192/40/08/30/20 Rx MPH_INFO time ind
[1;34mDL1P[0;m <0007> l1sap.c:622 054193/40/09/31/21 Rx MPH_INFO time ind
[1;34mDL1P[0;m <0007> l1sap.c:622 054194/40/10/32/22 Rx MPH_INFO time ind
[1;34mDL1P[0;m <0007> l1sap.c:622 054195/40/11/33/23 Rx MPH_INFO time ind
[1;34mDL1P[0;m <0007> l1sap.c:622 054196/40/12/34/24 Rx MPH_INFO time ind
[1;34mDL1P[0;m <0007> l1sap.c:622 054197/40/13/35/25 Rx MPH_INFO time ind
[1;34mDL1P[0;m <0007> l1sap.c:622 054198/40/14/36/26 Rx MPH_INFO time ind
[1;34mDL1P[0;m <0007> l1sap.c:622 054199/40/15/37/27 Rx MPH_INFO time ind
[1;34mDL1P[0;m <0007> l1sap.c:622 054200/40/16/38/28 Rx MPH_INFO time ind
[1;34mDL1P[0;m <0007> l1sap.c:622 054201/40/17/39/29 Rx MPH_INFO time ind
[1;34mDL1P[0;m <0007> l1sap.c:622 054202/40/18/40/30 Rx MPH_INFO time ind
[1;34mDL1P[0;m <0007> l1sap.c:622 054203/40/19/41/31 Rx MPH_INFO time ind
[1;34mDL1P[0;m <0007> l1sap.c:622 054204/40/20/42/32 Rx MPH_INFO time ind
[1;34mDL1P[0;m <0007> l1sap.c:622 054205/40/21/43/33 Rx MPH_INFO time ind
[1;34mDL1P[0;m <0007> l1sap.c:622 054206/40/22/44/34 Rx MPH_INFO time ind
[1;34mDL1P[0;m <0007> l1sap.c:622 054207/40/23/45/35 Rx MPH_INFO time ind
[1;34mDL1P[0;m <0007> l1sap.c:622 054208/40/24/46/36 Rx MPH_INFO time ind
[1;34mDL1P[0;m <0007> l1sap.c:622 054209/40/25/47/37 Rx MPH_INFO time ind
[1;34mDL1P[0;m <0007> l1sap.c:622 054210/40/00/48/38 Rx MPH_INFO time ind
[1;34mDL1P[0;m <0007> scheduler.c:911 054215/40/05/02/43 (bts=0,trx=0,ts=0) BCCH: PH-RTS.ind: chan_nr=0x80 link_id=0x00
[1;34mDL1P[0;m <0007> l1sap.c:1082 054215/40/05/02/43 Rx PH-RTS.ind chan_nr=BCCH on TS0 link_id=0x00d
[1;34mDL1P[0;m <0007> l1sap.c:1225 054215/40/05/02/43 Tx PH-DATA.req chan_nr=BCCH on TS0 link_id=0x00
[1;34mDL1P[0;m <0007> scheduler.c:842 054215/40/05/02/43 (bts=0,trx=0,ts=0) : PH-DATA.req: chan_nr=0x80 link_id=0x00
[1;34mDL1P[0;m <0007> l1sap.c:622 054211/40/01/49/39 Rx MPH_INFO time ind
[1;34mDL1P[0;m <0007> l1sap.c:622 054212/40/02/50/40 Rx MPH_INFO time ind
[1;34mDL1P[0;m <0007> l1sap.c:622 054213/40/03/00/41 Rx MPH_INFO time ind
[1;34mDL1P[0;m <0007> l1sap.c:622 054214/40/04/01/42 Rx MPH_INFO time ind
[1;34mDL1P[0;m <0007> scheduler.c:911 054219/40/09/06/47 (bts=0,trx=0,ts=0) CCCH: PH-RTS.ind: chan_nr=0x90 link_id=0x00
[1;34mDL1P[0;m <0007> l1sap.c:1082 054219/40/09/06/47 Rx PH-RTS.ind chan_nr=PCH/AGCH on TS0 link_id=0x00d
[1;34mDL1P[0;m <0007> l1sap.c:1225 054219/40/09/06/47 Tx PH-DATA.req chan_nr=PCH/AGCH on TS0 link_id=0x00
[1;34mDL1P[0;m <0007> scheduler.c:842 054219/40/09/06/47 (bts=0,trx=0,ts=0) : PH-DATA.req: chan_nr=0x90 link_id=0x00
[1;34mDL1P[0;m <0007> l1sap.c:622 054215/40/05/02/43 Rx MPH_INFO time ind
[1;34mDL1P[0;m <0007> scheduler_virtbts.c:106 054215/40/05/02/43 (bts=0,trx=0,ts=0) BCCH: Sending GSMTAP message to virtual Um
[1;34mDL1P[0;m <0007> l1sap.c:622 054216/40/06/03/44 Rx MPH_INFO time ind
[1;34mDL1P[0;m <0007> l1sap.c:622 054217/40/07/04/45 Rx MPH_INFO time ind
[1;34mDL1P[0;m <0007> l1sap.c:622 054218/40/08/05/46 Rx MPH_INFO time ind
[1;34mDL1P[0;m <0007> l1sap.c:622 054219/40/09/06/47 Rx MPH_INFO time ind
[1;34mDL1P[0;m <0007> scheduler_virtbts.c:106 054219/40/09/06/47 (bts=0,trx=0,ts=0) CCCH: Sending GSMTAP message to virtual Um
[1;34mDL1P[0;m <0007> l1sap.c:622 054220/40/10/07/48 Rx MPH_INFO time ind
[1;34mDL1P[0;m <0007> scheduler.c:911 054225/40/15/12/01 (bts=0,trx=0,ts=0) CCCH: PH-RTS.ind: chan_nr=0x90 link_id=0x00
[1;34mDL1P[0;m <0007> l1sap.c:1082 054225/40/15/12/01 Rx PH-RTS.ind chan_nr=PCH/AGCH on TS0 link_id=0x00d
[1;34mDL1P[0;m <0007> l1sap.c:1225 054225/40/15/12/01 Tx PH-DATA.req chan_nr=PCH/AGCH on TS0 link_id=0x00
[1;34mDL1P[0;m <0007> scheduler.c:842 054225/40/15/12/01 (bts=0,trx=0,ts=0) : PH-DATA.req: chan_nr=0x90 link_id=0x00
[1;34mDL1P[0;m <0007> l1sap.c:622 054221/40/11/08/49 Rx MPH_INFO time ind
[1;34mDL1P[0;m <0007> l1sap.c:622 054222/40/12/09/50 Rx MPH_INFO time ind
[1;34mDL1P[0;m <0007> l1sap.c:622 054223/40/13/10/51 Rx MPH_INFO time ind
[1;34mDL1P[0;m <0007> l1sap.c:622 054224/40/14/11/00 Rx MPH_INFO time ind
[1;34mDL1P[0;m <0007> scheduler.c:911 054229/40/19/16/05 (bts=0,trx=0,ts=0) CCCH: PH-RTS.ind: chan_nr=0x90 link_id=0x00
[1;34mDL1P[0;m <0007> l1sap.c:1082 054229/40/19/16/05 Rx PH-RTS.ind chan_nr=PCH/AGCH on TS0 link_id=0x00d
[1;34mDL1P[0;m <0007> l1sap.c:1225 054229/40/19/16/05 Tx PH-DATA.req chan_nr=PCH/AGCH on TS0 link_id=0x00
[1;34mDL1P[0;m <0007> scheduler.c:842 054229/40/19/16/05 (bts=0,trx=0,ts=0) : PH-DATA.req: chan_nr=0x90 link_id=0x00
[1;34mDL1P[0;m <0007> l1sap.c:622 054225/40/15/12/01 Rx MPH_INFO time ind
[1;34mDL1P[0;m <0007> scheduler_virtbts.c:106 054225/40/15/12/01 (bts=0,trx=0,ts=0) CCCH: Sending GSMTAP message to virtual Um
[1;34mDL1P[0;m <0007> l1sap.c:622 054226/40/16/13/02 Rx MPH_INFO time ind
[1;34mDL1P[0;m <0007> l1sap.c:622 054227/40/17/14/03 Rx MPH_INFO time ind
[1;34mDL1P[0;m <0007> l1sap.c:622 054228/40/18/15/04 Rx MPH_INFO time ind
[1;34mDL1P[0;m <0007> l1sap.c:622 054229/40/19/16/05 Rx MPH_INFO time ind
[1;34mDL1P[0;m <0007> scheduler_virtbts.c:106 054229/40/19/16/05 (bts=0,trx=0,ts=0) CCCH: Sending GSMTAP message to virtual Um
[1;34mDL1P[0;m <0007> l1sap.c:622 054230/40/20/17/06 Rx MPH_INFO time ind
[1;34mDL1P[0;m <0007> l1sap.c:622 054231/40/21/18/07 Rx MPH_INFO time ind
[1;34mDL1P[0;m <0007> l1sap.c:622 054232/40/22/19/08 Rx MPH_INFO time ind
[1;34mDL1P[0;m <0007> l1sap.c:622 054233/40/23/20/09 Rx MPH_INFO time ind
[1;34mDL1P[0;m <0007> l1sap.c:622 054234/40/24/21/10 Rx MPH_INFO time ind
[1;34mDL1P[0;m <0007> l1sap.c:622 054235/40/25/22/11 Rx MPH_INFO time ind
[1;34mDL1P[0;m <0007> l1sap.c:622 054236/40/00/23/12 Rx MPH_INFO time ind
[1;34mDL1P[0;m <0007> l1sap.c:622 054237/40/01/24/13 Rx MPH_INFO time ind
[1;34mDL1P[0;m <0007> l1sap.c:622 054238/40/02/25/14 Rx MPH_INFO time ind
[1;34mDL1P[0;m <0007> l1sap.c:622 054239/40/03/26/15 Rx MPH_INFO time ind
[1;34mDL1P[0;m <0007> l1sap.c:622 054240/40/04/27/16 Rx MPH_INFO time ind
[1;34mDL1P[0;m <0007> l1sap.c:622 054241/40/05/28/17 Rx MPH_INFO time ind
[1;34mDL1P[0;m <0007> l1sap.c:622 054242/40/06/29/18 Rx MPH_INFO time ind
[1;34mDL1P[0;m <0007> l1sap.c:622 054243/40/07/30/19 Rx MPH_INFO time ind
[1;34mDL1P[0;m <0007> l1sap.c:622 054244/40/08/31/20 Rx MPH_INFO time ind
[1;34mDL1P[0;m <0007> l1sap.c:622 054245/40/09/32/21 Rx MPH_INFO time ind
[1;34mDL1P[0;m <0007> l1sap.c:622 054246/40/10/33/22 Rx MPH_INFO time ind
[1;34mDL1P[0;m <0007> l1sap.c:622 054247/40/11/34/23 Rx MPH_INFO time ind
[1;34mDL1P[0;m <0007> l1sap.c:622 054248/40/12/35/24 Rx MPH_INFO time ind
[1;34mDL1P[0;m <0007> l1sap.c:622 054249/40/13/36/25 Rx MPH_INFO time ind
[1;34mDL1P[0;m <0007> l1sap.c:622 054250/40/14/37/26 Rx MPH_INFO time ind
[1;34mDL1P[0;m <0007> l1sap.c:622 054251/40/15/38/27 Rx MPH_INFO time ind
[1;34mDL1P[0;m <0007> l1sap.c:622 054252/40/16/39/28 Rx MPH_INFO time ind
[1;34mDL1P[0;m <0007> l1sap.c:622 054253/40/17/40/29 Rx MPH_INFO time ind
[1;34mDL1P[0;m <0007> l1sap.c:622 054254/40/18/41/30 Rx MPH_INFO time ind
[1;34mDL1P[0;m <0007> l1sap.c:622 054255/40/19/42/31 Rx MPH_INFO time ind
[1;34mDL1P[0;m <0007> l1sap.c:622 054256/40/20/43/32 Rx MPH_INFO time ind
[1;34mDL1P[0;m <0007> l1sap.c:622 054257/40/21/44/33 Rx MPH_INFO time ind
[1;34mDL1P[0;m <0007> l1sap.c:622 054258/40/22/45/34 Rx MPH_INFO time ind
[1;34mDL1P[0;m <0007> l1sap.c:622 054259/40/23/46/35 Rx MPH_INFO time ind
[1;34mDL1P[0;m <0007> l1sap.c:622 054260/40/24/47/36 Rx MPH_INFO time ind
[1;34mDL1P[0;m <0007> l1sap.c:622 054261/40/25/48/37 Rx MPH_INFO time ind
[1;34mDL1P[0;m <0007> scheduler.c:911 054266/40/04/02/42 (bts=0,trx=0,ts=0) BCCH: PH-RTS.ind: chan_nr=0x80 link_id=0x00
[1;34mDL1P[0;m <0007> l1sap.c:1082 054266/40/04/02/42 Rx PH-RTS.ind chan_nr=BCCH on TS0 link_id=0x00d
[1;34mDL1P[0;m <0007> l1sap.c:1225 054266/40/04/02/42 Tx PH-DATA.req chan_nr=BCCH on TS0 link_id=0x00
[1;34mDL1P[0;m <0007> scheduler.c:842 054266/40/04/02/42 (bts=0,trx=0,ts=0) : PH-DATA.req: chan_nr=0x80 link_id=0x00
[1;34mDL1P[0;m <0007> l1sap.c:622 054262/40/00/49/38 Rx MPH_INFO time ind
[1;34mDL1P[0;m <0007> l1sap.c:622 054263/40/01/50/39 Rx MPH_INFO time ind
[1;34mDL1P[0;m <0007> l1sap.c:622 054264/40/02/00/40 Rx MPH_INFO time ind
[1;34mDL1P[0;m <0007> l1sap.c:622 054265/40/03/01/41 Rx MPH_INFO time ind
[1;34mDL1P[0;m <0007> scheduler.c:911 054270/40/08/06/46 (bts=0,trx=0,ts=0) CCCH: PH-RTS.ind: chan_nr=0x90 link_id=0x00
[1;34mDL1P[0;m <0007> l1sap.c:1082 054270/40/08/06/46 Rx PH-RTS.ind chan_nr=PCH/AGCH on TS0 link_id=0x00d
[1;34mDL1P[0;m <0007> l1sap.c:1225 054270/40/08/06/46 Tx PH-DATA.req chan_nr=PCH/AGCH on TS0 link_id=0x00
[1;34mDL1P[0;m <0007> scheduler.c:842 054270/40/08/06/46 (bts=0,trx=0,ts=0) : PH-DATA.req: chan_nr=0x90 link_id=0x00
[1;34mDL1P[0;m <0007> l1sap.c:622 054266/40/04/02/42 Rx MPH_INFO time ind
[1;34mDL1P[0;m <0007> scheduler_virtbts.c:106 054266/40/04/02/42 (bts=0,trx=0,ts=0) BCCH: Sending GSMTAP message to virtual Um
[1;34mDMEAS[0;m <0004> l1_if.c:315 (bts=0,trx=0,ts=0,ss=0) 054235/40/25/22/11 RX L1 frame chan_nr=0x20 MS pwr=5dBm rssi=0.0 dBFS ber=100.00% (0/0 bits) L1_ta=0 ta_ctrl.current=0 toa=0.00
[1;33mDL1P[0;m <0007> l1sap.c:104 (bts=0,trx=0,ts=0,ss=0) assuming active lchan, but state is NONE
[1;31mDL1P[0;m <0007> l1sap.c:783 054235/40/25/22/11 No lchan for chan_nr=SDCCH/4(0) on TS0
[1;34mDL1P[0;m <0007> l1sap.c:1974 054235/40/25/22/11 Rx PH-DATA.ind chan_nr=SDCCH/4(0) on TS0 link_id=0x40 len=23
[1;33mDL1P[0;m <0007> l1sap.c:104 (bts=0,trx=0,ts=0,ss=0) assuming active lchan, but state is NONE
[1;31mDL1P[0;m <0007> l1sap.c:2013 054235/40/25/22/11 No lchan for chan_nr=SDCCH/4(0) on TS0
[1;34mDL1P[0;m <0007> l1_if.c:181 054235/40/25/22/11 Message forwarded to layer 2.
[1;34mDMEAS[0;m <0004> l1_if.c:315 (bts=0,trx=0,ts=0,ss=0) 054250/40/14/37/26 RX L1 frame chan_nr=0x20 MS pwr=5dBm rssi=0.0 dBFS ber=100.00% (0/0 bits) L1_ta=0 ta_ctrl.current=0 toa=0.00
[1;33mDL1P[0;m <0007> l1sap.c:104 (bts=0,trx=0,ts=0,ss=0) assuming active lchan, but state is NONE
[1;31mDL1P[0;m <0007> l1sap.c:783 054250/40/14/37/26 No lchan for chan_nr=SDCCH/4(0) on TS0
[1;34mDL1P[0;m <0007> l1sap.c:1974 054250/40/14/37/26 Rx PH-DATA.ind chan_nr=SDCCH/4(0) on TS0 link_id=0x00 len=23
[1;33mDL1P[0;m <0007> l1sap.c:104 (bts=0,trx=0,ts=0,ss=0) assuming active lchan, but state is NONE
[1;31mDL1P[0;m <0007> l1sap.c:2013 054250/40/14/37/26 No lchan for chan_nr=SDCCH/4(0) on TS0
[1;34mDL1P[0;m <0007> l1_if.c:181 054250/40/14/37/26 Message forwarded to layer 2.
[1;34mDL1P[0;m <0007> l1sap.c:622 054267/40/05/03/43 Rx MPH_INFO time ind
[1;34mDL1P[0;m <0007> l1sap.c:622 054268/40/06/04/44 Rx MPH_INFO time ind
[1;34mDL1P[0;m <0007> l1sap.c:622 054269/40/07/05/45 Rx MPH_INFO time ind
[1;34mDL1P[0;m <0007> l1sap.c:622 054270/40/08/06/46 Rx MPH_INFO time ind
[1;34mDL1P[0;m <0007> scheduler_virtbts.c:106 054270/40/08/06/46 (bts=0,trx=0,ts=0) CCCH: Sending GSMTAP message to virtual Um
[1;34mDL1P[0;m <0007> l1sap.c:622 054271/40/09/07/47 Rx MPH_INFO time ind
[1;34mDL1P[0;m <0007> scheduler.c:911 054276/40/14/12/04 (bts=0,trx=0,ts=0) CCCH: PH-RTS.ind: chan_nr=0x90 link_id=0x00
[1;34mDL1P[0;m <0007> l1sap.c:1082 054276/40/14/12/04 Rx PH-RTS.ind chan_nr=PCH/AGCH on TS0 link_id=0x00d
[1;34mDL1P[0;m <0007> l1sap.c:1225 054276/40/14/12/04 Tx PH-DATA.req chan_nr=PCH/AGCH on TS0 link_id=0x00
[1;34mDL1P[0;m <0007> scheduler.c:842 054276/40/14/12/04 (bts=0,trx=0,ts=0) : PH-DATA.req: chan_nr=0x90 link_id=0x00
[1;34mDL1P[0;m <0007> l1sap.c:622 054272/40/10/08/00 Rx MPH_INFO time ind
[1;34mDL1P[0;m <0007> l1sap.c:622 054273/40/11/09/01 Rx MPH_INFO time ind
[1;34mDL1P[0;m <0007> l1sap.c:622 054274/40/12/10/02 Rx MPH_INFO time ind
[1;34mDL1P[0;m <0007> l1sap.c:622 054275/40/13/11/03 Rx MPH_INFO time ind
[1;34mDL1P[0;m <0007> scheduler.c:911 054280/40/18/16/08 (bts=0,trx=0,ts=0) CCCH: PH-RTS.ind: chan_nr=0x90 link_id=0x00
[1;34mDL1P[0;m <0007> l1sap.c:1082 054280/40/18/16/08 Rx PH-RTS.ind chan_nr=PCH/AGCH on TS0 link_id=0x00d
[1;34mDL1P[0;m <0007> l1sap.c:1225 054280/40/18/16/08 Tx PH-DATA.req chan_nr=PCH/AGCH on TS0 link_id=0x00
[1;34mDL1P[0;m <0007> scheduler.c:842 054280/40/18/16/08 (bts=0,trx=0,ts=0) : PH-DATA.req: chan_nr=0x90 link_id=0x00
[1;34mDL1P[0;m <0007> l1sap.c:622 054276/40/14/12/04 Rx MPH_INFO time ind
[1;34mDL1P[0;m <0007> scheduler_virtbts.c:106 054276/40/14/12/04 (bts=0,trx=0,ts=0) CCCH: Sending GSMTAP message to virtual Um
[1;34mDL1P[0;m <0007> l1sap.c:622 054277/40/15/13/05 Rx MPH_INFO time ind
[1;34mDL1P[0;m <0007> l1sap.c:622 054278/40/16/14/06 Rx MPH_INFO time ind
[1;34mDL1P[0;m <0007> l1sap.c:622 054279/40/17/15/07 Rx MPH_INFO time ind
[1;34mDL1P[0;m <0007> l1sap.c:622 054280/40/18/16/08 Rx MPH_INFO time ind
[1;34mDL1P[0;m <0007> scheduler_virtbts.c:106 054280/40/18/16/08 (bts=0,trx=0,ts=0) CCCH: Sending GSMTAP message to virtual Um
[1;34mDL1P[0;m <0007> l1sap.c:622 054281/40/19/17/09 Rx MPH_INFO time ind
[1;34mDL1P[0;m <0007> l1sap.c:622 054282/40/20/18/10 Rx MPH_INFO time ind
[1;34mDL1P[0;m <0007> l1sap.c:622 054283/40/21/19/11 Rx MPH_INFO time ind
[1;34mDL1P[0;m <0007> l1sap.c:622 054284/40/22/20/12 Rx MPH_INFO time ind
[1;34mDL1P[0;m <0007> l1sap.c:622 054285/40/23/21/13 Rx MPH_INFO time ind
[1;34mDL1P[0;m <0007> l1sap.c:622 054286/40/24/22/14 Rx MPH_INFO time ind
[1;34mDL1P[0;m <0007> l1sap.c:622 054287/40/25/23/15 Rx MPH_INFO time ind
[1;34mDL1P[0;m <0007> l1sap.c:622 054288/40/00/24/16 Rx MPH_INFO time ind
[1;34mDL1P[0;m <0007> l1sap.c:622 054289/40/01/25/17 Rx MPH_INFO time ind
[1;34mDL1P[0;m <0007> l1sap.c:622 054290/40/02/26/18 Rx MPH_INFO time ind
[1;34mDL1P[0;m <0007> l1sap.c:622 054291/40/03/27/19 Rx MPH_INFO time ind
[1;34mDL1P[0;m <0007> l1sap.c:622 054292/40/04/28/20 Rx MPH_INFO time ind
[1;34mDL1P[0;m <0007> l1sap.c:622 054293/40/05/29/21 Rx MPH_INFO time ind
[1;34mDL1P[0;m <0007> l1sap.c:622 054294/40/06/30/22 Rx MPH_INFO time ind
[1;34mDL1P[0;m <0007> l1sap.c:622 054295/40/07/31/23 Rx MPH_INFO time ind
[1;34mDL1P[0;m <0007> l1sap.c:622 054296/40/08/32/24 Rx MPH_INFO time ind
[1;34mDL1P[0;m <0007> l1sap.c:622 054297/40/09/33/25 Rx MPH_INFO time ind
[1;34mDL1P[0;m <0007> l1sap.c:622 054298/40/10/34/26 Rx MPH_INFO time ind
[1;34mDL1P[0;m <0007> l1sap.c:622 054299/40/11/35/27 Rx MPH_INFO time ind
[1;34mDL1P[0;m <0007> l1sap.c:622 054300/40/12/36/28 Rx MPH_INFO time ind
[1;34mDL1P[0;m <0007> l1sap.c:622 054301/40/13/37/29 Rx MPH_INFO time ind
[1;34mDL1P[0;m <0007> l1sap.c:622 054302/40/14/38/30 Rx MPH_INFO time ind
[1;34mDL1P[0;m <0007> l1sap.c:622 054303/40/15/39/31 Rx MPH_INFO time ind
[1;34mDL1P[0;m <0007> l1sap.c:622 054304/40/16/40/32 Rx MPH_INFO time ind
[1;34mDL1P[0;m <0007> l1sap.c:622 054305/40/17/41/33 Rx MPH_INFO time ind
[1;34mDL1P[0;m <0007> l1sap.c:622 054306/40/18/42/34 Rx MPH_INFO time ind
[1;34mDL1P[0;m <0007> l1sap.c:622 054307/40/19/43/35 Rx MPH_INFO time ind
[1;34mDL1P[0;m <0007> l1sap.c:622 054308/40/20/44/36 Rx MPH_INFO time ind
[1;34mDL1P[0;m <0007> l1sap.c:622 054309/40/21/45/37 Rx MPH_INFO time ind
[1;34mDL1P[0;m <0007> l1sap.c:622 054310/40/22/46/38 Rx MPH_INFO time ind
[1;34mDL1P[0;m <0007> l1sap.c:622 054311/40/23/47/39 Rx MPH_INFO time ind
[1;34mDL1P[0;m <0007> l1sap.c:622 054312/40/24/48/40 Rx MPH_INFO time ind
[1;34mDL1P[0;m <0007> scheduler.c:911 054317/40/03/02/45 (bts=0,trx=0,ts=0) BCCH: PH-RTS.ind: chan_nr=0x80 link_id=0x00
[1;34mDL1P[0;m <0007> l1sap.c:1082 054317/40/03/02/45 Rx PH-RTS.ind chan_nr=BCCH on TS0 link_id=0x00d
[1;34mDL1P[0;m <0007> l1sap.c:1225 054317/40/03/02/45 Tx PH-DATA.req chan_nr=BCCH on TS0 link_id=0x00
[1;34mDL1P[0;m <0007> scheduler.c:842 054317/40/03/02/45 (bts=0,trx=0,ts=0) : PH-DATA.req: chan_nr=0x80 link_id=0x00
[1;34mDL1P[0;m <0007> l1sap.c:622 054313/40/25/49/41 Rx MPH_INFO time ind
[1;34mDL1P[0;m <0007> l1sap.c:622 054314/40/00/50/42 Rx MPH_INFO time ind
[1;34mDL1P[0;m <0007> l1sap.c:622 054315/40/01/00/43 Rx MPH_INFO time ind
[1;34mDL1P[0;m <0007> l1sap.c:622 054316/40/02/01/44 Rx MPH_INFO time ind
[1;34mDL1P[0;m <0007> scheduler.c:911 054321/40/07/06/49 (bts=0,trx=0,ts=0) CCCH: PH-RTS.ind: chan_nr=0x90 link_id=0x00
[1;34mDL1P[0;m <0007> l1sap.c:1082 054321/40/07/06/49 Rx PH-RTS.ind chan_nr=PCH/AGCH on TS0 link_id=0x00d
[1;34mDL1P[0;m <0007> l1sap.c:1225 054321/40/07/06/49 Tx PH-DATA.req chan_nr=PCH/AGCH on TS0 link_id=0x00
[1;34mDL1P[0;m <0007> scheduler.c:842 054321/40/07/06/49 (bts=0,trx=0,ts=0) : PH-DATA.req: chan_nr=0x90 link_id=0x00
[1;34mDL1P[0;m <0007> l1sap.c:622 054317/40/03/02/45 Rx MPH_INFO time ind
[1;34mDL1P[0;m <0007> scheduler_virtbts.c:106 054317/40/03/02/45 (bts=0,trx=0,ts=0) BCCH: Sending GSMTAP message to virtual Um
[1;34mDL1P[0;m <0007> l1sap.c:622 054318/40/04/03/46 Rx MPH_INFO time ind
[1;34mDL1P[0;m <0007> l1sap.c:622 054319/40/05/04/47 Rx MPH_INFO time ind
[1;34mDL1P[0;m <0007> l1sap.c:622 054320/40/06/05/48 Rx MPH_INFO time ind
[1;34mDL1P[0;m <0007> l1sap.c:622 054321/40/07/06/49 Rx MPH_INFO time ind
[1;34mDL1P[0;m <0007> scheduler_virtbts.c:106 054321/40/07/06/49 (bts=0,trx=0,ts=0) CCCH: Sending GSMTAP message to virtual Um
[1;34mDL1P[0;m <0007> l1sap.c:622 054322/40/08/07/50 Rx MPH_INFO time ind
[1;34mDL1P[0;m <0007> scheduler.c:911 054327/40/13/12/03 (bts=0,trx=0,ts=0) CCCH: PH-RTS.ind: chan_nr=0x90 link_id=0x00
[1;34mDL1P[0;m <0007> l1sap.c:1082 054327/40/13/12/03 Rx PH-RTS.ind chan_nr=PCH/AGCH on TS0 link_id=0x00d
[1;34mDL1P[0;m <0007> l1sap.c:1225 054327/40/13/12/03 Tx PH-DATA.req chan_nr=PCH/AGCH on TS0 link_id=0x00
[1;34mDL1P[0;m <0007> scheduler.c:842 054327/40/13/12/03 (bts=0,trx=0,ts=0) : PH-DATA.req: chan_nr=0x90 link_id=0x00
[1;34mDL1P[0;m <0007> l1sap.c:622 054323/40/09/08/51 Rx MPH_INFO time ind
[1;34mDL1P[0;m <0007> l1sap.c:622 054324/40/10/09/00 Rx MPH_INFO time ind
[1;34mDL1P[0;m <0007> l1sap.c:622 054325/40/11/10/01 Rx MPH_INFO time ind
[1;34mDL1P[0;m <0007> l1sap.c:622 054326/40/12/11/02 Rx MPH_INFO time ind
[1;34mDL1P[0;m <0007> scheduler.c:911 054331/40/17/16/07 (bts=0,trx=0,ts=0) CCCH: PH-RTS.ind: chan_nr=0x90 link_id=0x00
[1;34mDL1P[0;m <0007> l1sap.c:1082 054331/40/17/16/07 Rx PH-RTS.ind chan_nr=PCH/AGCH on TS0 link_id=0x00d
[1;34mDL1P[0;m <0007> l1sap.c:1225 054331/40/17/16/07 Tx PH-DATA.req chan_nr=PCH/AGCH on TS0 link_id=0x00
[1;34mDL1P[0;m <0007> scheduler.c:842 054331/40/17/16/07 (bts=0,trx=0,ts=0) : PH-DATA.req: chan_nr=0x90 link_id=0x00
[1;34mDL1P[0;m <0007> l1sap.c:622 054327/40/13/12/03 Rx MPH_INFO time ind
[1;34mDL1P[0;m <0007> scheduler_virtbts.c:106 054327/40/13/12/03 (bts=0,trx=0,ts=0) CCCH: Sending GSMTAP message to virtual Um
[1;34mDL1P[0;m <0007> l1sap.c:622 054328/40/14/13/04 Rx MPH_INFO time ind
[1;34mDL1P[0;m <0007> l1sap.c:622 054329/40/15/14/05 Rx MPH_INFO time ind
[1;34mDL1P[0;m <0007> l1sap.c:622 054330/40/16/15/06 Rx MPH_INFO time ind
[1;34mDL1P[0;m <0007> l1sap.c:622 054331/40/17/16/07 Rx MPH_INFO time ind
[1;34mDL1P[0;m <0007> scheduler_virtbts.c:106 054331/40/17/16/07 (bts=0,trx=0,ts=0) CCCH: Sending GSMTAP message to virtual Um
[1;34mDL1P[0;m <0007> l1sap.c:622 054332/40/18/17/08 Rx MPH_INFO time ind
[1;34mDL1P[0;m <0007> l1sap.c:622 054333/40/19/18/09 Rx MPH_INFO time ind
[1;34mDL1P[0;m <0007> l1sap.c:622 054334/40/20/19/10 Rx MPH_INFO time ind
[1;34mDL1P[0;m <0007> l1sap.c:622 054335/40/21/20/11 Rx MPH_INFO time ind
[1;34mDL1P[0;m <0007> l1sap.c:622 054336/40/22/21/12 Rx MPH_INFO time ind
[1;34mDL1P[0;m <0007> l1sap.c:622 054337/40/23/22/13 Rx MPH_INFO time ind
[1;34mDL1P[0;m <0007> l1sap.c:622 054338/40/24/23/14 Rx MPH_INFO time ind
[1;34mDL1P[0;m <0007> l1sap.c:622 054339/40/25/24/15 Rx MPH_INFO time ind
[1;34mDL1P[0;m <0007> l1sap.c:622 054340/40/00/25/16 Rx MPH_INFO time ind
[1;34mDL1P[0;m <0007> l1sap.c:622 054341/40/01/26/17 Rx MPH_INFO time ind
[1;34mDL1P[0;m <0007> l1sap.c:622 054342/40/02/27/18 Rx MPH_INFO time ind
[1;34mDL1P[0;m <0007> l1sap.c:622 054343/40/03/28/19 Rx MPH_INFO time ind
[1;34mDL1P[0;m <0007> l1sap.c:622 054344/40/04/29/20 Rx MPH_INFO time ind
[1;34mDL1P[0;m <0007> l1sap.c:622 054345/40/05/30/21 Rx MPH_INFO time ind
[1;34mDL1P[0;m <0007> l1sap.c:622 054346/40/06/31/22 Rx MPH_INFO time ind
[1;34mDL1P[0;m <0007> l1sap.c:622 054347/40/07/32/23 Rx MPH_INFO time ind
[1;34mDL1P[0;m <0007> l1sap.c:622 054348/40/08/33/24 Rx MPH_INFO time ind
[1;34mDL1P[0;m <0007> l1sap.c:622 054349/40/09/34/25 Rx MPH_INFO time ind
[1;34mDL1P[0;m <0007> l1sap.c:622 054350/40/10/35/26 Rx MPH_INFO time ind
[1;34mDL1P[0;m <0007> l1sap.c:622 054351/40/11/36/27 Rx MPH_INFO time ind
[1;34mDL1P[0;m <0007> l1sap.c:622 054352/40/12/37/28 Rx MPH_INFO time ind
[1;34mDL1P[0;m <0007> l1sap.c:622 054353/40/13/38/29 Rx MPH_INFO time ind
[1;34mDL1P[0;m <0007> l1sap.c:622 054354/40/14/39/30 Rx MPH_INFO time ind
[1;34mDL1P[0;m <0007> l1sap.c:622 054355/40/15/40/31 Rx MPH_INFO time ind
[1;34mDL1P[0;m <0007> l1sap.c:622 054356/40/16/41/32 Rx MPH_INFO time ind
[1;34mDL1P[0;m <0007> l1sap.c:622 054357/40/17/42/33 Rx MPH_INFO time ind
[1;34mDL1P[0;m <0007> l1sap.c:622 054358/40/18/43/34 Rx MPH_INFO time ind
[1;34mDL1P[0;m <0007> l1sap.c:622 054359/40/19/44/35 Rx MPH_INFO time ind
[1;34mDL1P[0;m <0007> l1sap.c:622 054360/40/20/45/36 Rx MPH_INFO time ind
[1;34mDL1P[0;m <0007> l1sap.c:622 054361/40/21/46/37 Rx MPH_INFO time ind
[1;34mDL1P[0;m <0007> l1sap.c:622 054362/40/22/47/38 Rx MPH_INFO time ind
[1;34mDL1P[0;m <0007> l1sap.c:622 054363/40/23/48/39 Rx MPH_INFO time ind
[1;34mDL1P[0;m <0007> scheduler.c:911 054368/41/02/02/44 (bts=0,trx=0,ts=0) BCCH: PH-RTS.ind: chan_nr=0x80 link_id=0x00
[1;34mDL1P[0;m <0007> l1sap.c:1082 054368/41/02/02/44 Rx PH-RTS.ind chan_nr=BCCH on TS0 link_id=0x00d
[1;34mDL1P[0;m <0007> l1sap.c:1225 054368/41/02/02/44 Tx PH-DATA.req chan_nr=BCCH on TS0 link_id=0x00
[1;34mDL1P[0;m <0007> scheduler.c:842 054368/41/02/02/44 (bts=0,trx=0,ts=0) : PH-DATA.req: chan_nr=0x80 link_id=0x00
[1;34mDL1P[0;m <0007> l1sap.c:622 054364/40/24/49/40 Rx MPH_INFO time ind
[1;34mDL1P[0;m <0007> l1sap.c:622 054365/40/25/50/41 Rx MPH_INFO time ind
[1;34mDL1P[0;m <0007> l1sap.c:622 054366/41/00/00/42 Rx MPH_INFO time ind
[1;34mDL1P[0;m <0007> l1sap.c:622 054367/41/01/01/43 Rx MPH_INFO time ind
[1;34mDL1P[0;m <0007> scheduler.c:911 054372/41/06/06/48 (bts=0,trx=0,ts=0) CCCH: PH-RTS.ind: chan_nr=0x90 link_id=0x00
[1;34mDL1P[0;m <0007> l1sap.c:1082 054372/41/06/06/48 Rx PH-RTS.ind chan_nr=PCH/AGCH on TS0 link_id=0x00d
[1;34mDL1P[0;m <0007> l1sap.c:1225 054372/41/06/06/48 Tx PH-DATA.req chan_nr=PCH/AGCH on TS0 link_id=0x00
[1;34mDL1P[0;m <0007> scheduler.c:842 054372/41/06/06/48 (bts=0,trx=0,ts=0) : PH-DATA.req: chan_nr=0x90 link_id=0x00
[1;34mDL1P[0;m <0007> l1sap.c:622 054368/41/02/02/44 Rx MPH_INFO time ind
[1;34mDL1P[0;m <0007> scheduler_virtbts.c:106 054368/41/02/02/44 (bts=0,trx=0,ts=0) BCCH: Sending GSMTAP message to virtual Um
[1;34mDL1P[0;m <0007> l1sap.c:622 054369/41/03/03/45 Rx MPH_INFO time ind
[1;34mDL1P[0;m <0007> l1sap.c:622 054370/41/04/04/46 Rx MPH_INFO time ind
[1;34mDL1P[0;m <0007> l1sap.c:622 054371/41/05/05/47 Rx MPH_INFO time ind
[1;34mDL1P[0;m <0007> l1sap.c:622 054372/41/06/06/48 Rx MPH_INFO time ind
[1;34mDL1P[0;m <0007> scheduler_virtbts.c:106 054372/41/06/06/48 (bts=0,trx=0,ts=0) CCCH: Sending GSMTAP message to virtual Um
[1;34mDL1P[0;m <0007> l1sap.c:622 054373/41/07/07/49 Rx MPH_INFO time ind
[1;34mDL1P[0;m <0007> scheduler.c:911 054378/41/12/12/02 (bts=0,trx=0,ts=0) CCCH: PH-RTS.ind: chan_nr=0x90 link_id=0x00
[1;34mDL1P[0;m <0007> l1sap.c:1082 054378/41/12/12/02 Rx PH-RTS.ind chan_nr=PCH/AGCH on TS0 link_id=0x00d
[1;34mDL1P[0;m <0007> l1sap.c:1225 054378/41/12/12/02 Tx PH-DATA.req chan_nr=PCH/AGCH on TS0 link_id=0x00
[1;34mDL1P[0;m <0007> scheduler.c:842 054378/41/12/12/02 (bts=0,trx=0,ts=0) : PH-DATA.req: chan_nr=0x90 link_id=0x00
[1;34mDL1P[0;m <0007> l1sap.c:622 054374/41/08/08/50 Rx MPH_INFO time ind
[1;34mDL1P[0;m <0007> l1sap.c:622 054375/41/09/09/51 Rx MPH_INFO time ind
[1;34mDL1P[0;m <0007> l1sap.c:622 054376/41/10/10/00 Rx MPH_INFO time ind
[1;34mDL1P[0;m <0007> l1sap.c:622 054377/41/11/11/01 Rx MPH_INFO time ind
[1;34mDL1P[0;m <0007> scheduler.c:911 054382/41/16/16/06 (bts=0,trx=0,ts=0) CCCH: PH-RTS.ind: chan_nr=0x90 link_id=0x00
[1;34mDL1P[0;m <0007> l1sap.c:1082 054382/41/16/16/06 Rx PH-RTS.ind chan_nr=PCH/AGCH on TS0 link_id=0x00d
[1;34mDL1P[0;m <0007> l1sap.c:1225 054382/41/16/16/06 Tx PH-DATA.req chan_nr=PCH/AGCH on TS0 link_id=0x00
[1;34mDL1P[0;m <0007> scheduler.c:842 054382/41/16/16/06 (bts=0,trx=0,ts=0) : PH-DATA.req: chan_nr=0x90 link_id=0x00
[1;34mDL1P[0;m <0007> l1sap.c:622 054378/41/12/12/02 Rx MPH_INFO time ind
[1;34mDL1P[0;m <0007> scheduler_virtbts.c:106 054378/41/12/12/02 (bts=0,trx=0,ts=0) CCCH: Sending GSMTAP message to virtual Um
[1;34mDL1P[0;m <0007> l1sap.c:622 054379/41/13/13/03 Rx MPH_INFO time ind
[1;34mDL1P[0;m <0007> l1sap.c:622 054380/41/14/14/04 Rx MPH_INFO time ind
[1;34mDL1P[0;m <0007> l1sap.c:622 054381/41/15/15/05 Rx MPH_INFO time ind
[1;34mDL1P[0;m <0007> l1sap.c:622 054382/41/16/16/06 Rx MPH_INFO time ind
[1;34mDL1P[0;m <0007> scheduler_virtbts.c:106 054382/41/16/16/06 (bts=0,trx=0,ts=0) CCCH: Sending GSMTAP message to virtual Um
[1;34mDL1P[0;m <0007> l1sap.c:622 054383/41/17/17/07 Rx MPH_INFO time ind
[1;34mDL1P[0;m <0007> l1sap.c:622 054384/41/18/18/08 Rx MPH_INFO time ind
[1;34mDL1P[0;m <0007> l1sap.c:622 054385/41/19/19/09 Rx MPH_INFO time ind
[1;34mDL1P[0;m <0007> l1sap.c:622 054386/41/20/20/10 Rx MPH_INFO time ind
[1;34mDL1P[0;m <0007> l1sap.c:622 054387/41/21/21/11 Rx MPH_INFO time ind
[1;34mDL1P[0;m <0007> l1sap.c:622 054388/41/22/22/12 Rx MPH_INFO time ind
[1;34mDL1P[0;m <0007> l1sap.c:622 054389/41/23/23/13 Rx MPH_INFO time ind
[1;34mDL1P[0;m <0007> l1sap.c:622 054390/41/24/24/14 Rx MPH_INFO time ind
[1;34mDL1P[0;m <0007> l1sap.c:622 054391/41/25/25/15 Rx MPH_INFO time ind
[1;34mDL1P[0;m <0007> l1sap.c:622 054392/41/00/26/16 Rx MPH_INFO time ind
[1;34mDL1P[0;m <0007> l1sap.c:622 054393/41/01/27/17 Rx MPH_INFO time ind
[1;34mDL1P[0;m <0007> l1sap.c:622 054394/41/02/28/18 Rx MPH_INFO time ind
[1;34mDL1P[0;m <0007> l1sap.c:622 054395/41/03/29/19 Rx MPH_INFO time ind
[1;34mDL1P[0;m <0007> l1sap.c:622 054396/41/04/30/20 Rx MPH_INFO time ind
[1;34mDL1P[0;m <0007> l1sap.c:622 054397/41/05/31/21 Rx MPH_INFO time ind
[1;34mDL1P[0;m <0007> l1sap.c:622 054398/41/06/32/22 Rx MPH_INFO time ind
[1;34mDL1P[0;m <0007> l1sap.c:622 054399/41/07/33/23 Rx MPH_INFO time ind
[1;34mDL1P[0;m <0007> l1sap.c:622 054400/41/08/34/24 Rx MPH_INFO time ind
[1;34mDL1P[0;m <0007> l1sap.c:622 054401/41/09/35/25 Rx MPH_INFO time ind
[1;34mDL1P[0;m <0007> l1sap.c:622 054402/41/10/36/26 Rx MPH_INFO time ind
[1;34mDL1P[0;m <0007> l1sap.c:622 054403/41/11/37/27 Rx MPH_INFO time ind
[1;34mDL1P[0;m <0007> l1sap.c:622 054404/41/12/38/28 Rx MPH_INFO time ind
[1;34mDL1P[0;m <0007> l1sap.c:622 054405/41/13/39/29 Rx MPH_INFO time ind
[1;34mDL1P[0;m <0007> l1sap.c:622 054406/41/14/40/30 Rx MPH_INFO time ind
[1;34mDL1P[0;m <0007> l1sap.c:622 054407/41/15/41/31 Rx MPH_INFO time ind
[1;34mDL1P[0;m <0007> l1sap.c:622 054408/41/16/42/32 Rx MPH_INFO time ind
[1;34mDL1P[0;m <0007> l1sap.c:622 054409/41/17/43/33 Rx MPH_INFO time ind
[1;34mDL1P[0;m <0007> l1sap.c:622 054410/41/18/44/34 Rx MPH_INFO time ind
[1;34mDL1P[0;m <0007> l1sap.c:622 054411/41/19/45/35 Rx MPH_INFO time ind
[1;34mDL1P[0;m <0007> l1sap.c:622 054412/41/20/46/36 Rx MPH_INFO time ind
[1;34mDL1P[0;m <0007> l1sap.c:622 054413/41/21/47/37 Rx MPH_INFO time ind
[1;34mDL1P[0;m <0007> l1sap.c:622 054414/41/22/48/38 Rx MPH_INFO time ind
[1;34mDL1P[0;m <0007> scheduler.c:911 054419/41/01/02/43 (bts=0,trx=0,ts=0) BCCH: PH-RTS.ind: chan_nr=0x80 link_id=0x00
[1;34mDL1P[0;m <0007> l1sap.c:1082 054419/41/01/02/43 Rx PH-RTS.ind chan_nr=BCCH on TS0 link_id=0x00d
[1;34mDL1P[0;m <0007> l1sap.c:1225 054419/41/01/02/43 Tx PH-DATA.req chan_nr=BCCH on TS0 link_id=0x00
[1;34mDL1P[0;m <0007> scheduler.c:842 054419/41/01/02/43 (bts=0,trx=0,ts=0) : PH-DATA.req: chan_nr=0x80 link_id=0x00
[1;34mDL1P[0;m <0007> l1sap.c:622 054415/41/23/49/39 Rx MPH_INFO time ind
[1;34mDL1P[0;m <0007> l1sap.c:622 054416/41/24/50/40 Rx MPH_INFO time ind
[1;34mDL1P[0;m <0007> l1sap.c:622 054417/41/25/00/41 Rx MPH_INFO time ind
[1;34mDL1P[0;m <0007> l1sap.c:622 054418/41/00/01/42 Rx MPH_INFO time ind
[1;34mDL1P[0;m <0007> scheduler.c:911 054423/41/05/06/47 (bts=0,trx=0,ts=0) CCCH: PH-RTS.ind: chan_nr=0x90 link_id=0x00
[1;34mDL1P[0;m <0007> l1sap.c:1082 054423/41/05/06/47 Rx PH-RTS.ind chan_nr=PCH/AGCH on TS0 link_id=0x00d
[1;34mDL1P[0;m <0007> l1sap.c:1225 054423/41/05/06/47 Tx PH-DATA.req chan_nr=PCH/AGCH on TS0 link_id=0x00
[1;34mDL1P[0;m <0007> scheduler.c:842 054423/41/05/06/47 (bts=0,trx=0,ts=0) : PH-DATA.req: chan_nr=0x90 link_id=0x00
[1;34mDL1P[0;m <0007> l1sap.c:622 054419/41/01/02/43 Rx MPH_INFO time ind
[1;34mDL1P[0;m <0007> scheduler_virtbts.c:106 054419/41/01/02/43 (bts=0,trx=0,ts=0) BCCH: Sending GSMTAP message to virtual Um
[1;34mDL1P[0;m <0007> l1sap.c:622 054420/41/02/03/44 Rx MPH_INFO time ind
[1;34mDL1P[0;m <0007> l1sap.c:622 054421/41/03/04/45 Rx MPH_INFO time ind
[1;34mDL1P[0;m <0007> l1sap.c:622 054422/41/04/05/46 Rx MPH_INFO time ind
[1;34mDL1P[0;m <0007> l1sap.c:622 054423/41/05/06/47 Rx MPH_INFO time ind
[1;34mDL1P[0;m <0007> scheduler_virtbts.c:106 054423/41/05/06/47 (bts=0,trx=0,ts=0) CCCH: Sending GSMTAP message to virtual Um
[1;34mDL1P[0;m <0007> l1sap.c:622 054424/41/06/07/48 Rx MPH_INFO time ind
[1;34mDL1P[0;m <0007> scheduler.c:911 054429/41/11/12/01 (bts=0,trx=0,ts=0) CCCH: PH-RTS.ind: chan_nr=0x90 link_id=0x00
[1;34mDL1P[0;m <0007> l1sap.c:1082 054429/41/11/12/01 Rx PH-RTS.ind chan_nr=PCH/AGCH on TS0 link_id=0x00d
[1;34mDL1P[0;m <0007> l1sap.c:1225 054429/41/11/12/01 Tx PH-DATA.req chan_nr=PCH/AGCH on TS0 link_id=0x00
[1;34mDL1P[0;m <0007> scheduler.c:842 054429/41/11/12/01 (bts=0,trx=0,ts=0) : PH-DATA.req: chan_nr=0x90 link_id=0x00
[1;34mDL1P[0;m <0007> l1sap.c:622 054425/41/07/08/49 Rx MPH_INFO time ind
[1;34mDL1P[0;m <0007> l1sap.c:622 054426/41/08/09/50 Rx MPH_INFO time ind
[1;34mDL1P[0;m <0007> l1sap.c:622 054427/41/09/10/51 Rx MPH_INFO time ind
[1;34mDL1P[0;m <0007> l1sap.c:622 054428/41/10/11/00 Rx MPH_INFO time ind
[1;34mDL1P[0;m <0007> scheduler.c:911 054433/41/15/16/05 (bts=0,trx=0,ts=0) CCCH: PH-RTS.ind: chan_nr=0x90 link_id=0x00
[1;34mDL1P[0;m <0007> l1sap.c:1082 054433/41/15/16/05 Rx PH-RTS.ind chan_nr=PCH/AGCH on TS0 link_id=0x00d
[1;34mDL1P[0;m <0007> l1sap.c:1225 054433/41/15/16/05 Tx PH-DATA.req chan_nr=PCH/AGCH on TS0 link_id=0x00
[1;34mDL1P[0;m <0007> scheduler.c:842 054433/41/15/16/05 (bts=0,trx=0,ts=0) : PH-DATA.req: chan_nr=0x90 link_id=0x00
[1;34mDL1P[0;m <0007> l1sap.c:622 054429/41/11/12/01 Rx MPH_INFO time ind
[1;34mDL1P[0;m <0007> scheduler_virtbts.c:106 054429/41/11/12/01 (bts=0,trx=0,ts=0) CCCH: Sending GSMTAP message to virtual Um
[1;34mDL1P[0;m <0007> l1sap.c:622 054430/41/12/13/02 Rx MPH_INFO time ind
[1;34mDL1P[0;m <0007> l1sap.c:622 054431/41/13/14/03 Rx MPH_INFO time ind
[1;34mDL1P[0;m <0007> l1sap.c:622 054432/41/14/15/04 Rx MPH_INFO time ind
[1;34mDL1P[0;m <0007> l1sap.c:622 054433/41/15/16/05 Rx MPH_INFO time ind
[1;34mDL1P[0;m <0007> scheduler_virtbts.c:106 054433/41/15/16/05 (bts=0,trx=0,ts=0) CCCH: Sending GSMTAP message to virtual Um
[1;34mDL1P[0;m <0007> l1sap.c:622 054434/41/16/17/06 Rx MPH_INFO time ind
[1;34mDL1P[0;m <0007> l1sap.c:622 054435/41/17/18/07 Rx MPH_INFO time ind
[1;34mDL1P[0;m <0007> l1sap.c:622 054436/41/18/19/08 Rx MPH_INFO time ind
[1;34mDL1P[0;m <0007> l1sap.c:622 054437/41/19/20/09 Rx MPH_INFO time ind
[1;34mDL1P[0;m <0007> l1sap.c:622 054438/41/20/21/10 Rx MPH_INFO time ind
[1;34mDL1P[0;m <0007> l1sap.c:622 054439/41/21/22/11 Rx MPH_INFO time ind
[1;34mDL1P[0;m <0007> l1sap.c:622 054440/41/22/23/12 Rx MPH_INFO time ind
[1;34mDL1P[0;m <0007> l1sap.c:622 054441/41/23/24/13 Rx MPH_INFO time ind
[1;34mDL1P[0;m <0007> l1sap.c:622 054442/41/24/25/14 Rx MPH_INFO time ind
[1;34mDL1P[0;m <0007> l1sap.c:622 054443/41/25/26/15 Rx MPH_INFO time ind
[1;34mDL1P[0;m <0007> l1sap.c:622 054444/41/00/27/16 Rx MPH_INFO time ind
[1;34mDL1P[0;m <0007> l1sap.c:622 054445/41/01/28/17 Rx MPH_INFO time ind
[1;34mDL1P[0;m <0007> l1sap.c:622 054446/41/02/29/18 Rx MPH_INFO time ind
[1;34mDL1P[0;m <0007> l1sap.c:622 054447/41/03/30/19 Rx MPH_INFO time ind
[1;34mDL1P[0;m <0007> l1sap.c:622 054448/41/04/31/20 Rx MPH_INFO time ind
[1;34mDL1P[0;m <0007> l1sap.c:622 054449/41/05/32/21 Rx MPH_INFO time ind
[1;34mDL1P[0;m <0007> l1sap.c:622 054450/41/06/33/22 Rx MPH_INFO time ind
[1;34mDL1P[0;m <0007> l1sap.c:622 054451/41/07/34/23 Rx MPH_INFO time ind
[1;34mDL1P[0;m <0007> l1sap.c:622 054452/41/08/35/24 Rx MPH_INFO time ind
[1;34mDL1P[0;m <0007> l1sap.c:622 054453/41/09/36/25 Rx MPH_INFO time ind
[1;34mDL1P[0;m <0007> l1sap.c:622 054454/41/10/37/26 Rx MPH_INFO time ind
[1;34mDL1P[0;m <0007> l1sap.c:622 054455/41/11/38/27 Rx MPH_INFO time ind
[1;34mDL1P[0;m <0007> l1sap.c:622 054456/41/12/39/28 Rx MPH_INFO time ind
[1;34mDL1P[0;m <0007> l1sap.c:622 054457/41/13/40/29 Rx MPH_INFO time ind
[1;34mDL1P[0;m <0007> l1sap.c:622 054458/41/14/41/30 Rx MPH_INFO time ind
[1;34mDL1P[0;m <0007> l1sap.c:622 054459/41/15/42/31 Rx MPH_INFO time ind
[1;34mDL1P[0;m <0007> l1sap.c:622 054460/41/16/43/32 Rx MPH_INFO time ind
[1;34mDL1P[0;m <0007> l1sap.c:622 054461/41/17/44/33 Rx MPH_INFO time ind
[1;34mDL1P[0;m <0007> l1sap.c:622 054462/41/18/45/34 Rx MPH_INFO time ind
[1;34mDL1P[0;m <0007> l1sap.c:622 054463/41/19/46/35 Rx MPH_INFO time ind
[1;34mDL1P[0;m <0007> l1sap.c:622 054464/41/20/47/36 Rx MPH_INFO time ind
[1;34mDL1P[0;m <0007> l1sap.c:622 054465/41/21/48/37 Rx MPH_INFO time ind
[1;34mDL1P[0;m <0007> scheduler.c:911 054470/41/00/02/42 (bts=0,trx=0,ts=0) BCCH: PH-RTS.ind: chan_nr=0x80 link_id=0x00
[1;34mDL1P[0;m <0007> l1sap.c:1082 054470/41/00/02/42 Rx PH-RTS.ind chan_nr=BCCH on TS0 link_id=0x00d
[1;34mDL1P[0;m <0007> l1sap.c:1225 054470/41/00/02/42 Tx PH-DATA.req chan_nr=BCCH on TS0 link_id=0x00
[1;34mDL1P[0;m <0007> scheduler.c:842 054470/41/00/02/42 (bts=0,trx=0,ts=0) : PH-DATA.req: chan_nr=0x80 link_id=0x00
[1;34mDL1P[0;m <0007> l1sap.c:622 054466/41/22/49/38 Rx MPH_INFO time ind
[1;34mDL1P[0;m <0007> l1sap.c:622 054467/41/23/50/39 Rx MPH_INFO time ind
[1;34mDL1P[0;m <0007> l1sap.c:622 054468/41/24/00/40 Rx MPH_INFO time ind
[1;34mDL1P[0;m <0007> l1sap.c:622 054469/41/25/01/41 Rx MPH_INFO time ind
[1;34mDL1P[0;m <0007> scheduler.c:911 054474/41/04/06/46 (bts=0,trx=0,ts=0) CCCH: PH-RTS.ind: chan_nr=0x90 link_id=0x00
[1;34mDL1P[0;m <0007> l1sap.c:1082 054474/41/04/06/46 Rx PH-RTS.ind chan_nr=PCH/AGCH on TS0 link_id=0x00d
[1;34mDL1P[0;m <0007> l1sap.c:1225 054474/41/04/06/46 Tx PH-DATA.req chan_nr=PCH/AGCH on TS0 link_id=0x00
[1;34mDL1P[0;m <0007> scheduler.c:842 054474/41/04/06/46 (bts=0,trx=0,ts=0) : PH-DATA.req: chan_nr=0x90 link_id=0x00
[1;34mDL1P[0;m <0007> l1sap.c:622 054470/41/00/02/42 Rx MPH_INFO time ind
[1;34mDL1P[0;m <0007> scheduler_virtbts.c:106 054470/41/00/02/42 (bts=0,trx=0,ts=0) BCCH: Sending GSMTAP message to virtual Um
[1;34mDMEAS[0;m <0004> l1_if.c:315 (bts=0,trx=0,ts=0,ss=0) 054439/41/21/22/11 RX L1 frame chan_nr=0x20 MS pwr=5dBm rssi=0.0 dBFS ber=100.00% (0/0 bits) L1_ta=0 ta_ctrl.current=0 toa=0.00
[1;33mDL1P[0;m <0007> l1sap.c:104 (bts=0,trx=0,ts=0,ss=0) assuming active lchan, but state is NONE
[1;31mDL1P[0;m <0007> l1sap.c:783 054439/41/21/22/11 No lchan for chan_nr=SDCCH/4(0) on TS0
[1;34mDL1P[0;m <0007> l1sap.c:1974 054439/41/21/22/11 Rx PH-DATA.ind chan_nr=SDCCH/4(0) on TS0 link_id=0x40 len=23
[1;33mDL1P[0;m <0007> l1sap.c:104 (bts=0,trx=0,ts=0,ss=0) assuming active lchan, but state is NONE
[1;31mDL1P[0;m <0007> l1sap.c:2013 054439/41/21/22/11 No lchan for chan_nr=SDCCH/4(0) on TS0
[1;34mDL1P[0;m <0007> l1_if.c:181 054439/41/21/22/11 Message forwarded to layer 2.
[1;34mDL1P[0;m <0007> l1sap.c:622 054471/41/01/03/43 Rx MPH_INFO time ind
[1;34mDL1P[0;m <0007> l1sap.c:622 054472/41/02/04/44 Rx MPH_INFO time ind
[1;34mDL1P[0;m <0007> l1sap.c:622 054473/41/03/05/45 Rx MPH_INFO time ind
[1;34mDL1P[0;m <0007> l1sap.c:622 054474/41/04/06/46 Rx MPH_INFO time ind
[1;34mDL1P[0;m <0007> scheduler_virtbts.c:106 054474/41/04/06/46 (bts=0,trx=0,ts=0) CCCH: Sending GSMTAP message to virtual Um
[1;34mDL1P[0;m <0007> l1sap.c:622 054475/41/05/07/47 Rx MPH_INFO time ind
[1;34mDL1P[0;m <0007> scheduler.c:911 054480/41/10/12/00 (bts=0,trx=0,ts=0) CCCH: PH-RTS.ind: chan_nr=0x90 link_id=0x00
[1;34mDL1P[0;m <0007> l1sap.c:1082 054480/41/10/12/00 Rx PH-RTS.ind chan_nr=PCH/AGCH on TS0 link_id=0x00d
[1;34mDL1P[0;m <0007> l1sap.c:1225 054480/41/10/12/00 Tx PH-DATA.req chan_nr=PCH/AGCH on TS0 link_id=0x00
[1;34mDL1P[0;m <0007> scheduler.c:842 054480/41/10/12/00 (bts=0,trx=0,ts=0) : PH-DATA.req: chan_nr=0x90 link_id=0x00
[1;34mDL1P[0;m <0007> l1sap.c:622 054476/41/06/08/48 Rx MPH_INFO time ind
[1;34mDL1P[0;m <0007> l1sap.c:622 054477/41/07/09/49 Rx MPH_INFO time ind
[1;34mDL1P[0;m <0007> l1sap.c:622 054478/41/08/10/50 Rx MPH_INFO time ind
[1;34mDL1P[0;m <0007> l1sap.c:622 054479/41/09/11/51 Rx MPH_INFO time ind
[1;34mDL1P[0;m <0007> scheduler.c:911 054484/41/14/16/04 (bts=0,trx=0,ts=0) CCCH: PH-RTS.ind: chan_nr=0x90 link_id=0x00
[1;34mDL1P[0;m <0007> l1sap.c:1082 054484/41/14/16/04 Rx PH-RTS.ind chan_nr=PCH/AGCH on TS0 link_id=0x00d
[1;34mDL1P[0;m <0007> l1sap.c:1225 054484/41/14/16/04 Tx PH-DATA.req chan_nr=PCH/AGCH on TS0 link_id=0x00
[1;34mDL1P[0;m <0007> scheduler.c:842 054484/41/14/16/04 (bts=0,trx=0,ts=0) : PH-DATA.req: chan_nr=0x90 link_id=0x00
[1;34mDL1P[0;m <0007> l1sap.c:622 054480/41/10/12/00 Rx MPH_INFO time ind
[1;34mDL1P[0;m <0007> scheduler_virtbts.c:106 054480/41/10/12/00 (bts=0,trx=0,ts=0) CCCH: Sending GSMTAP message to virtual Um
[1;34mDL1P[0;m <0007> l1sap.c:622 054481/41/11/13/01 Rx MPH_INFO time ind
[1;34mDL1P[0;m <0007> l1sap.c:622 054482/41/12/14/02 Rx MPH_INFO time ind
[1;34mDL1P[0;m <0007> l1sap.c:622 054483/41/13/15/03 Rx MPH_INFO time ind
[1;34mDL1P[0;m <0007> l1sap.c:622 054484/41/14/16/04 Rx MPH_INFO time ind
[1;34mDL1P[0;m <0007> scheduler_virtbts.c:106 054484/41/14/16/04 (bts=0,trx=0,ts=0) CCCH: Sending GSMTAP message to virtual Um
[1;34mDL1P[0;m <0007> l1sap.c:622 054485/41/15/17/05 Rx MPH_INFO time ind
[1;34mDL1P[0;m <0007> l1sap.c:622 054486/41/16/18/06 Rx MPH_INFO time ind
[1;34mDL1P[0;m <0007> l1sap.c:622 054487/41/17/19/07 Rx MPH_INFO time ind
[1;34mDL1P[0;m <0007> l1sap.c:622 054488/41/18/20/08 Rx MPH_INFO time ind
[1;34mDL1P[0;m <0007> l1sap.c:622 054489/41/19/21/09 Rx MPH_INFO time ind
[1;34mDL1P[0;m <0007> l1sap.c:622 054490/41/20/22/10 Rx MPH_INFO time ind
[1;34mDL1P[0;m <0007> l1sap.c:622 054491/41/21/23/11 Rx MPH_INFO time ind
[1;34mDL1P[0;m <0007> l1sap.c:622 054492/41/22/24/12 Rx MPH_INFO time ind
[1;34mDL1P[0;m <0007> l1sap.c:622 054493/41/23/25/13 Rx MPH_INFO time ind
[1;34mDL1P[0;m <0007> l1sap.c:622 054494/41/24/26/14 Rx MPH_INFO time ind
[1;34mDL1P[0;m <0007> l1sap.c:622 054495/41/25/27/15 Rx MPH_INFO time ind
[1;34mDL1P[0;m <0007> l1sap.c:622 054496/41/00/28/16 Rx MPH_INFO time ind
[1;34mDL1P[0;m <0007> l1sap.c:622 054497/41/01/29/17 Rx MPH_INFO time ind
[1;34mDL1P[0;m <0007> l1sap.c:622 054498/41/02/30/18 Rx MPH_INFO time ind
[1;34mDL1P[0;m <0007> l1sap.c:622 054499/41/03/31/19 Rx MPH_INFO time ind
[1;34mDL1P[0;m <0007> l1sap.c:622 054500/41/04/32/20 Rx MPH_INFO time ind
[1;34mDL1P[0;m <0007> l1sap.c:622 054501/41/05/33/21 Rx MPH_INFO time ind
[1;34mDL1P[0;m <0007> l1sap.c:622 054502/41/06/34/22 Rx MPH_INFO time ind
[1;34mDL1P[0;m <0007> l1sap.c:622 054503/41/07/35/23 Rx MPH_INFO time ind
[1;34mDL1P[0;m <0007> l1sap.c:622 054504/41/08/36/24 Rx MPH_INFO time ind
[1;34mDL1P[0;m <0007> l1sap.c:622 054505/41/09/37/25 Rx MPH_INFO time ind
[1;34mDL1P[0;m <0007> l1sap.c:622 054506/41/10/38/26 Rx MPH_INFO time ind
[1;34mDL1P[0;m <0007> l1sap.c:622 054507/41/11/39/27 Rx MPH_INFO time ind
[1;34mDL1P[0;m <0007> l1sap.c:622 054508/41/12/40/28 Rx MPH_INFO time ind
[1;34mDL1P[0;m <0007> l1sap.c:622 054509/41/13/41/29 Rx MPH_INFO time ind
[1;34mDL1P[0;m <0007> l1sap.c:622 054510/41/14/42/30 Rx MPH_INFO time ind
[1;34mDL1P[0;m <0007> l1sap.c:622 054511/41/15/43/31 Rx MPH_INFO time ind
[1;34mDL1P[0;m <0007> l1sap.c:622 054512/41/16/44/32 Rx MPH_INFO time ind
[1;34mDL1P[0;m <0007> l1sap.c:622 054513/41/17/45/33 Rx MPH_INFO time ind
[1;34mDL1P[0;m <0007> l1sap.c:622 054514/41/18/46/34 Rx MPH_INFO time ind
[1;34mDL1P[0;m <0007> l1sap.c:622 054515/41/19/47/35 Rx MPH_INFO time ind
[1;34mDL1P[0;m <0007> l1sap.c:622 054516/41/20/48/36 Rx MPH_INFO time ind
[1;34mDL1P[0;m <0007> scheduler.c:911 054521/41/25/02/41 (bts=0,trx=0,ts=0) BCCH: PH-RTS.ind: chan_nr=0x80 link_id=0x00
[1;34mDL1P[0;m <0007> l1sap.c:1082 054521/41/25/02/41 Rx PH-RTS.ind chan_nr=BCCH on TS0 link_id=0x00d
[1;34mDL1P[0;m <0007> l1sap.c:1225 054521/41/25/02/41 Tx PH-DATA.req chan_nr=BCCH on TS0 link_id=0x00
[1;34mDL1P[0;m <0007> scheduler.c:842 054521/41/25/02/41 (bts=0,trx=0,ts=0) : PH-DATA.req: chan_nr=0x80 link_id=0x00
[1;34mDL1P[0;m <0007> l1sap.c:622 054517/41/21/49/37 Rx MPH_INFO time ind
[1;34mDL1P[0;m <0007> l1sap.c:622 054518/41/22/50/38 Rx MPH_INFO time ind
[1;34mDL1P[0;m <0007> l1sap.c:622 054519/41/23/00/39 Rx MPH_INFO time ind
[1;34mDL1P[0;m <0007> l1sap.c:622 054520/41/24/01/40 Rx MPH_INFO time ind
[1;34mDL1P[0;m <0007> scheduler.c:911 054525/41/03/06/45 (bts=0,trx=0,ts=0) CCCH: PH-RTS.ind: chan_nr=0x90 link_id=0x00
[1;34mDL1P[0;m <0007> l1sap.c:1082 054525/41/03/06/45 Rx PH-RTS.ind chan_nr=PCH/AGCH on TS0 link_id=0x00d
[1;34mDL1P[0;m <0007> l1sap.c:1225 054525/41/03/06/45 Tx PH-DATA.req chan_nr=PCH/AGCH on TS0 link_id=0x00
[1;34mDL1P[0;m <0007> scheduler.c:842 054525/41/03/06/45 (bts=0,trx=0,ts=0) : PH-DATA.req: chan_nr=0x90 link_id=0x00
[1;34mDL1P[0;m <0007> l1sap.c:622 054521/41/25/02/41 Rx MPH_INFO time ind
[1;34mDL1P[0;m <0007> scheduler_virtbts.c:106 054521/41/25/02/41 (bts=0,trx=0,ts=0) BCCH: Sending GSMTAP message to virtual Um
[1;34mDL1P[0;m <0007> l1sap.c:622 054522/41/00/03/42 Rx MPH_INFO time ind
[1;34mDL1P[0;m <0007> l1sap.c:622 054523/41/01/04/43 Rx MPH_INFO time ind
[1;34mDL1P[0;m <0007> l1sap.c:622 054524/41/02/05/44 Rx MPH_INFO time ind
[1;34mDL1P[0;m <0007> l1sap.c:622 054525/41/03/06/45 Rx MPH_INFO time ind
[1;34mDL1P[0;m <0007> scheduler_virtbts.c:106 054525/41/03/06/45 (bts=0,trx=0,ts=0) CCCH: Sending GSMTAP message to virtual Um
[1;34mDL1P[0;m <0007> l1sap.c:622 054526/41/04/07/46 Rx MPH_INFO time ind
[1;34mDL1P[0;m <0007> scheduler.c:911 054531/41/09/12/03 (bts=0,trx=0,ts=0) CCCH: PH-RTS.ind: chan_nr=0x90 link_id=0x00
[1;34mDL1P[0;m <0007> l1sap.c:1082 054531/41/09/12/03 Rx PH-RTS.ind chan_nr=PCH/AGCH on TS0 link_id=0x00d
[1;34mDL1P[0;m <0007> l1sap.c:1225 054531/41/09/12/03 Tx PH-DATA.req chan_nr=PCH/AGCH on TS0 link_id=0x00
[1;34mDL1P[0;m <0007> scheduler.c:842 054531/41/09/12/03 (bts=0,trx=0,ts=0) : PH-DATA.req: chan_nr=0x90 link_id=0x00
[1;34mDL1P[0;m <0007> l1sap.c:622 054527/41/05/08/47 Rx MPH_INFO time ind
[1;34mDL1P[0;m <0007> l1sap.c:622 054528/41/06/09/00 Rx MPH_INFO time ind
[1;34mDL1P[0;m <0007> l1sap.c:622 054529/41/07/10/01 Rx MPH_INFO time ind
[1;34mDL1P[0;m <0007> l1sap.c:622 054530/41/08/11/02 Rx MPH_INFO time ind
[1;34mDL1P[0;m <0007> scheduler.c:911 054535/41/13/16/07 (bts=0,trx=0,ts=0) CCCH: PH-RTS.ind: chan_nr=0x90 link_id=0x00
[1;34mDL1P[0;m <0007> l1sap.c:1082 054535/41/13/16/07 Rx PH-RTS.ind chan_nr=PCH/AGCH on TS0 link_id=0x00d
[1;34mDL1P[0;m <0007> l1sap.c:1225 054535/41/13/16/07 Tx PH-DATA.req chan_nr=PCH/AGCH on TS0 link_id=0x00
[1;34mDL1P[0;m <0007> scheduler.c:842 054535/41/13/16/07 (bts=0,trx=0,ts=0) : PH-DATA.req: chan_nr=0x90 link_id=0x00
[1;34mDL1P[0;m <0007> l1sap.c:622 054531/41/09/12/03 Rx MPH_INFO time ind
[1;34mDL1P[0;m <0007> scheduler_virtbts.c:106 054531/41/09/12/03 (bts=0,trx=0,ts=0) CCCH: Sending GSMTAP message to virtual Um
[1;34mDL1P[0;m <0007> l1sap.c:622 054532/41/10/13/04 Rx MPH_INFO time ind
[1;34mDL1P[0;m <0007> l1sap.c:622 054533/41/11/14/05 Rx MPH_INFO time ind
[1;34mDL1P[0;m <0007> l1sap.c:622 054534/41/12/15/06 Rx MPH_INFO time ind
[1;34mDL1P[0;m <0007> l1sap.c:622 054535/41/13/16/07 Rx MPH_INFO time ind
[1;34mDL1P[0;m <0007> scheduler_virtbts.c:106 054535/41/13/16/07 (bts=0,trx=0,ts=0) CCCH: Sending GSMTAP message to virtual Um
[1;34mDL1P[0;m <0007> l1sap.c:622 054536/41/14/17/08 Rx MPH_INFO time ind
[1;34mDL1P[0;m <0007> l1sap.c:622 054537/41/15/18/09 Rx MPH_INFO time ind
[1;34mDL1P[0;m <0007> l1sap.c:622 054538/41/16/19/10 Rx MPH_INFO time ind
[1;34mDL1P[0;m <0007> l1sap.c:622 054539/41/17/20/11 Rx MPH_INFO time ind
[1;34mDL1P[0;m <0007> l1sap.c:622 054540/41/18/21/12 Rx MPH_INFO time ind
[1;34mDL1P[0;m <0007> l1sap.c:622 054541/41/19/22/13 Rx MPH_INFO time ind
[1;34mDL1P[0;m <0007> l1sap.c:622 054542/41/20/23/14 Rx MPH_INFO time ind
[1;34mDL1P[0;m <0007> l1sap.c:622 054543/41/21/24/15 Rx MPH_INFO time ind
[1;34mDL1P[0;m <0007> l1sap.c:622 054544/41/22/25/16 Rx MPH_INFO time ind
[1;34mDL1P[0;m <0007> l1sap.c:622 054545/41/23/26/17 Rx MPH_INFO time ind
[1;34mDL1P[0;m <0007> l1sap.c:622 054546/41/24/27/18 Rx MPH_INFO time ind
[1;34mDL1P[0;m <0007> l1sap.c:622 054547/41/25/28/19 Rx MPH_INFO time ind
[1;34mDL1P[0;m <0007> l1sap.c:622 054548/41/00/29/20 Rx MPH_INFO time ind
[1;34mDL1P[0;m <0007> l1sap.c:622 054549/41/01/30/21 Rx MPH_INFO time ind
[1;34mDL1P[0;m <0007> l1sap.c:622 054550/41/02/31/22 Rx MPH_INFO time ind
[1;34mDL1P[0;m <0007> l1sap.c:622 054551/41/03/32/23 Rx MPH_INFO time ind
[1;34mDL1P[0;m <0007> l1sap.c:622 054552/41/04/33/24 Rx MPH_INFO time ind
[1;34mDL1P[0;m <0007> l1sap.c:622 054553/41/05/34/25 Rx MPH_INFO time ind
[1;34mDL1P[0;m <0007> l1sap.c:622 054554/41/06/35/26 Rx MPH_INFO time ind
[1;34mDL1P[0;m <0007> l1sap.c:622 054555/41/07/36/27 Rx MPH_INFO time ind
[1;34mDL1P[0;m <0007> l1sap.c:622 054556/41/08/37/28 Rx MPH_INFO time ind
[1;34mDL1P[0;m <0007> l1sap.c:622 054557/41/09/38/29 Rx MPH_INFO time ind
[1;34mDL1P[0;m <0007> l1sap.c:622 054558/41/10/39/30 Rx MPH_INFO time ind
[1;34mDL1P[0;m <0007> l1sap.c:622 054559/41/11/40/31 Rx MPH_INFO time ind
[1;34mDL1P[0;m <0007> l1sap.c:622 054560/41/12/41/32 Rx MPH_INFO time ind
[1;34mDL1P[0;m <0007> l1sap.c:622 054561/41/13/42/33 Rx MPH_INFO time ind
[1;34mDL1P[0;m <0007> l1sap.c:622 054562/41/14/43/34 Rx MPH_INFO time ind
[1;34mDL1P[0;m <0007> l1sap.c:622 054563/41/15/44/35 Rx MPH_INFO time ind
[1;34mDL1P[0;m <0007> l1sap.c:622 054564/41/16/45/36 Rx MPH_INFO time ind
[1;34mDL1P[0;m <0007> l1sap.c:622 054565/41/17/46/37 Rx MPH_INFO time ind
[1;34mDL1P[0;m <0007> l1sap.c:622 054566/41/18/47/38 Rx MPH_INFO time ind
[1;34mDL1P[0;m <0007> l1sap.c:622 054567/41/19/48/39 Rx MPH_INFO time ind
[1;34mDL1P[0;m <0007> scheduler.c:911 054572/41/24/02/44 (bts=0,trx=0,ts=0) BCCH: PH-RTS.ind: chan_nr=0x80 link_id=0x00
[1;34mDL1P[0;m <0007> l1sap.c:1082 054572/41/24/02/44 Rx PH-RTS.ind chan_nr=BCCH on TS0 link_id=0x00d
[1;34mDL1P[0;m <0007> l1sap.c:1225 054572/41/24/02/44 Tx PH-DATA.req chan_nr=BCCH on TS0 link_id=0x00
[1;34mDL1P[0;m <0007> scheduler.c:842 054572/41/24/02/44 (bts=0,trx=0,ts=0) : PH-DATA.req: chan_nr=0x80 link_id=0x00
[1;34mDL1P[0;m <0007> l1sap.c:622 054568/41/20/49/40 Rx MPH_INFO time ind
[1;34mDL1P[0;m <0007> l1sap.c:622 054569/41/21/50/41 Rx MPH_INFO time ind
[1;34mDL1P[0;m <0007> l1sap.c:622 054570/41/22/00/42 Rx MPH_INFO time ind
[1;34mDL1P[0;m <0007> l1sap.c:622 054571/41/23/01/43 Rx MPH_INFO time ind
[1;34mDL1P[0;m <0007> scheduler.c:911 054576/41/02/06/48 (bts=0,trx=0,ts=0) CCCH: PH-RTS.ind: chan_nr=0x90 link_id=0x00
[1;34mDL1P[0;m <0007> l1sap.c:1082 054576/41/02/06/48 Rx PH-RTS.ind chan_nr=PCH/AGCH on TS0 link_id=0x00d
[1;34mDL1P[0;m <0007> l1sap.c:1225 054576/41/02/06/48 Tx PH-DATA.req chan_nr=PCH/AGCH on TS0 link_id=0x00
[1;34mDL1P[0;m <0007> scheduler.c:842 054576/41/02/06/48 (bts=0,trx=0,ts=0) : PH-DATA.req: chan_nr=0x90 link_id=0x00
[1;34mDL1P[0;m <0007> l1sap.c:622 054572/41/24/02/44 Rx MPH_INFO time ind
[1;34mDL1P[0;m <0007> scheduler_virtbts.c:106 054572/41/24/02/44 (bts=0,trx=0,ts=0) BCCH: Sending GSMTAP message to virtual Um
[1;34mDL1P[0;m <0007> l1sap.c:622 054573/41/25/03/45 Rx MPH_INFO time ind
[1;34mDL1P[0;m <0007> l1sap.c:622 054574/41/00/04/46 Rx MPH_INFO time ind
[1;34mDL1P[0;m <0007> l1sap.c:622 054575/41/01/05/47 Rx MPH_INFO time ind
[1;34mDL1P[0;m <0007> l1sap.c:622 054576/41/02/06/48 Rx MPH_INFO time ind
[1;34mDL1P[0;m <0007> scheduler_virtbts.c:106 054576/41/02/06/48 (bts=0,trx=0,ts=0) CCCH: Sending GSMTAP message to virtual Um
[1;34mDL1P[0;m <0007> l1sap.c:622 054577/41/03/07/49 Rx MPH_INFO time ind
[1;34mDL1P[0;m <0007> scheduler.c:911 054582/41/08/12/02 (bts=0,trx=0,ts=0) CCCH: PH-RTS.ind: chan_nr=0x90 link_id=0x00
[1;34mDL1P[0;m <0007> l1sap.c:1082 054582/41/08/12/02 Rx PH-RTS.ind chan_nr=PCH/AGCH on TS0 link_id=0x00d
[1;34mDL1P[0;m <0007> l1sap.c:1225 054582/41/08/12/02 Tx PH-DATA.req chan_nr=PCH/AGCH on TS0 link_id=0x00
[1;34mDL1P[0;m <0007> scheduler.c:842 054582/41/08/12/02 (bts=0,trx=0,ts=0) : PH-DATA.req: chan_nr=0x90 link_id=0x00
[1;34mDL1P[0;m <0007> l1sap.c:622 054578/41/04/08/50 Rx MPH_INFO time ind
[1;34mDL1P[0;m <0007> l1sap.c:622 054579/41/05/09/51 Rx MPH_INFO time ind
[1;34mDL1P[0;m <0007> l1sap.c:622 054580/41/06/10/00 Rx MPH_INFO time ind
[1;34mDL1P[0;m <0007> l1sap.c:622 054581/41/07/11/01 Rx MPH_INFO time ind
[1;34mDL1P[0;m <0007> scheduler.c:911 054586/41/12/16/06 (bts=0,trx=0,ts=0) CCCH: PH-RTS.ind: chan_nr=0x90 link_id=0x00
[1;34mDL1P[0;m <0007> l1sap.c:1082 054586/41/12/16/06 Rx PH-RTS.ind chan_nr=PCH/AGCH on TS0 link_id=0x00d
[1;34mDL1P[0;m <0007> l1sap.c:1225 054586/41/12/16/06 Tx PH-DATA.req chan_nr=PCH/AGCH on TS0 link_id=0x00
[1;34mDL1P[0;m <0007> scheduler.c:842 054586/41/12/16/06 (bts=0,trx=0,ts=0) : PH-DATA.req: chan_nr=0x90 link_id=0x00
[1;34mDL1P[0;m <0007> l1sap.c:622 054582/41/08/12/02 Rx MPH_INFO time ind
[1;34mDL1P[0;m <0007> scheduler_virtbts.c:106 054582/41/08/12/02 (bts=0,trx=0,ts=0) CCCH: Sending GSMTAP message to virtual Um
[1;34mDL1P[0;m <0007> l1sap.c:622 054583/41/09/13/03 Rx MPH_INFO time ind
[1;34mDL1P[0;m <0007> l1sap.c:622 054584/41/10/14/04 Rx MPH_INFO time ind
[1;34mDL1P[0;m <0007> l1sap.c:622 054585/41/11/15/05 Rx MPH_INFO time ind
[1;34mDL1P[0;m <0007> l1sap.c:622 054586/41/12/16/06 Rx MPH_INFO time ind
[1;34mDL1P[0;m <0007> scheduler_virtbts.c:106 054586/41/12/16/06 (bts=0,trx=0,ts=0) CCCH: Sending GSMTAP message to virtual Um
[1;34mDL1P[0;m <0007> l1sap.c:622 054587/41/13/17/07 Rx MPH_INFO time ind
[1;34mDL1P[0;m <0007> l1sap.c:622 054588/41/14/18/08 Rx MPH_INFO time ind
[1;34mDL1P[0;m <0007> l1sap.c:622 054589/41/15/19/09 Rx MPH_INFO time ind
[1;34mDL1P[0;m <0007> l1sap.c:622 054590/41/16/20/10 Rx MPH_INFO time ind
[1;34mDL1P[0;m <0007> l1sap.c:622 054591/41/17/21/11 Rx MPH_INFO time ind
[1;34mDL1P[0;m <0007> l1sap.c:622 054592/41/18/22/12 Rx MPH_INFO time ind
[1;34mDL1P[0;m <0007> l1sap.c:622 054593/41/19/23/13 Rx MPH_INFO time ind
[1;34mDL1P[0;m <0007> l1sap.c:622 054594/41/20/24/14 Rx MPH_INFO time ind
[1;34mDL1P[0;m <0007> l1sap.c:622 054595/41/21/25/15 Rx MPH_INFO time ind
[1;34mDL1P[0;m <0007> l1sap.c:622 054596/41/22/26/16 Rx MPH_INFO time ind
[1;34mDL1P[0;m <0007> l1sap.c:622 054597/41/23/27/17 Rx MPH_INFO time ind
[1;34mDL1P[0;m <0007> l1sap.c:622 054598/41/24/28/18 Rx MPH_INFO time ind
[1;34mDL1P[0;m <0007> l1sap.c:622 054599/41/25/29/19 Rx MPH_INFO time ind
[1;34mDL1P[0;m <0007> l1sap.c:622 054600/41/00/30/20 Rx MPH_INFO time ind
[1;34mDL1P[0;m <0007> l1sap.c:622 054601/41/01/31/21 Rx MPH_INFO time ind
[1;34mDL1P[0;m <0007> l1sap.c:622 054602/41/02/32/22 Rx MPH_INFO time ind
[1;34mDL1P[0;m <0007> l1sap.c:622 054603/41/03/33/23 Rx MPH_INFO time ind
[1;34mDL1P[0;m <0007> l1sap.c:622 054604/41/04/34/24 Rx MPH_INFO time ind
[1;34mDL1P[0;m <0007> l1sap.c:622 054605/41/05/35/25 Rx MPH_INFO time ind
[1;34mDL1P[0;m <0007> l1sap.c:622 054606/41/06/36/26 Rx MPH_INFO time ind
[1;34mDL1P[0;m <0007> l1sap.c:622 054607/41/07/37/27 Rx MPH_INFO time ind
[1;34mDL1P[0;m <0007> l1sap.c:622 054608/41/08/38/28 Rx MPH_INFO time ind
[1;34mDL1P[0;m <0007> l1sap.c:622 054609/41/09/39/29 Rx MPH_INFO time ind
[1;34mDL1P[0;m <0007> l1sap.c:622 054610/41/10/40/30 Rx MPH_INFO time ind
[1;34mDL1P[0;m <0007> l1sap.c:622 054611/41/11/41/31 Rx MPH_INFO time ind
[1;34mDL1P[0;m <0007> l1sap.c:622 054612/41/12/42/32 Rx MPH_INFO time ind
[1;34mDL1P[0;m <0007> l1sap.c:622 054613/41/13/43/33 Rx MPH_INFO time ind
[1;34mDL1P[0;m <0007> l1sap.c:622 054614/41/14/44/34 Rx MPH_INFO time ind
[1;34mDL1P[0;m <0007> l1sap.c:622 054615/41/15/45/35 Rx MPH_INFO time ind
[1;34mDL1P[0;m <0007> l1sap.c:622 054616/41/16/46/36 Rx MPH_INFO time ind
[1;34mDL1P[0;m <0007> l1sap.c:622 054617/41/17/47/37 Rx MPH_INFO time ind
[1;34mDL1P[0;m <0007> l1sap.c:622 054618/41/18/48/38 Rx MPH_INFO time ind
[1;34mDL1P[0;m <0007> scheduler.c:911 054623/41/23/02/43 (bts=0,trx=0,ts=0) BCCH: PH-RTS.ind: chan_nr=0x80 link_id=0x00
[1;34mDL1P[0;m <0007> l1sap.c:1082 054623/41/23/02/43 Rx PH-RTS.ind chan_nr=BCCH on TS0 link_id=0x00d
[1;34mDL1P[0;m <0007> l1sap.c:1225 054623/41/23/02/43 Tx PH-DATA.req chan_nr=BCCH on TS0 link_id=0x00
[1;34mDL1P[0;m <0007> scheduler.c:842 054623/41/23/02/43 (bts=0,trx=0,ts=0) : PH-DATA.req: chan_nr=0x80 link_id=0x00
[1;34mDL1P[0;m <0007> l1sap.c:622 054619/41/19/49/39 Rx MPH_INFO time ind
[1;34mDL1P[0;m <0007> l1sap.c:622 054620/41/20/50/40 Rx MPH_INFO time ind
[1;34mDL1P[0;m <0007> l1sap.c:622 054621/41/21/00/41 Rx MPH_INFO time ind
[1;34mDL1P[0;m <0007> l1sap.c:622 054622/41/22/01/42 Rx MPH_INFO time ind
[1;34mDL1P[0;m <0007> scheduler.c:911 054627/41/01/06/47 (bts=0,trx=0,ts=0) CCCH: PH-RTS.ind: chan_nr=0x90 link_id=0x00
[1;34mDL1P[0;m <0007> l1sap.c:1082 054627/41/01/06/47 Rx PH-RTS.ind chan_nr=PCH/AGCH on TS0 link_id=0x00d
[1;34mDL1P[0;m <0007> l1sap.c:1225 054627/41/01/06/47 Tx PH-DATA.req chan_nr=PCH/AGCH on TS0 link_id=0x00
[1;34mDL1P[0;m <0007> scheduler.c:842 054627/41/01/06/47 (bts=0,trx=0,ts=0) : PH-DATA.req: chan_nr=0x90 link_id=0x00
[1;34mDL1P[0;m <0007> l1sap.c:622 054623/41/23/02/43 Rx MPH_INFO time ind
[1;34mDL1P[0;m <0007> scheduler_virtbts.c:106 054623/41/23/02/43 (bts=0,trx=0,ts=0) BCCH: Sending GSMTAP message to virtual Um
[1;34mDL1P[0;m <0007> l1sap.c:622 054624/41/24/03/44 Rx MPH_INFO time ind
[1;34mDL1P[0;m <0007> l1sap.c:622 054625/41/25/04/45 Rx MPH_INFO time ind
[1;34mDL1P[0;m <0007> l1sap.c:622 054626/41/00/05/46 Rx MPH_INFO time ind
[1;34mDL1P[0;m <0007> l1sap.c:622 054627/41/01/06/47 Rx MPH_INFO time ind
[1;34mDL1P[0;m <0007> scheduler_virtbts.c:106 054627/41/01/06/47 (bts=0,trx=0,ts=0) CCCH: Sending GSMTAP message to virtual Um
[1;34mDL1P[0;m <0007> l1sap.c:622 054628/41/02/07/48 Rx MPH_INFO time ind
[1;34mDL1P[0;m <0007> scheduler.c:911 054633/41/07/12/01 (bts=0,trx=0,ts=0) CCCH: PH-RTS.ind: chan_nr=0x90 link_id=0x00
[1;34mDL1P[0;m <0007> l1sap.c:1082 054633/41/07/12/01 Rx PH-RTS.ind chan_nr=PCH/AGCH on TS0 link_id=0x00d
[1;34mDL1P[0;m <0007> l1sap.c:1225 054633/41/07/12/01 Tx PH-DATA.req chan_nr=PCH/AGCH on TS0 link_id=0x00
[1;34mDL1P[0;m <0007> scheduler.c:842 054633/41/07/12/01 (bts=0,trx=0,ts=0) : PH-DATA.req: chan_nr=0x90 link_id=0x00
[1;34mDL1P[0;m <0007> l1sap.c:622 054629/41/03/08/49 Rx MPH_INFO time ind
[1;34mDL1P[0;m <0007> l1sap.c:622 054630/41/04/09/50 Rx MPH_INFO time ind
[1;34mDL1P[0;m <0007> l1sap.c:622 054631/41/05/10/51 Rx MPH_INFO time ind
[1;34mDL1P[0;m <0007> l1sap.c:622 054632/41/06/11/00 Rx MPH_INFO time ind
[1;34mDL1P[0;m <0007> scheduler.c:911 054637/41/11/16/05 (bts=0,trx=0,ts=0) CCCH: PH-RTS.ind: chan_nr=0x90 link_id=0x00
[1;34mDL1P[0;m <0007> l1sap.c:1082 054637/41/11/16/05 Rx PH-RTS.ind chan_nr=PCH/AGCH on TS0 link_id=0x00d
[1;34mDL1P[0;m <0007> l1sap.c:1225 054637/41/11/16/05 Tx PH-DATA.req chan_nr=PCH/AGCH on TS0 link_id=0x00
[1;34mDL1P[0;m <0007> scheduler.c:842 054637/41/11/16/05 (bts=0,trx=0,ts=0) : PH-DATA.req: chan_nr=0x90 link_id=0x00
[1;34mDL1P[0;m <0007> l1sap.c:622 054633/41/07/12/01 Rx MPH_INFO time ind
[1;34mDL1P[0;m <0007> scheduler_virtbts.c:106 054633/41/07/12/01 (bts=0,trx=0,ts=0) CCCH: Sending GSMTAP message to virtual Um
[1;34mDL1P[0;m <0007> l1sap.c:622 054634/41/08/13/02 Rx MPH_INFO time ind
[1;34mDL1P[0;m <0007> l1sap.c:622 054635/41/09/14/03 Rx MPH_INFO time ind
[1;34mDL1P[0;m <0007> l1sap.c:622 054636/41/10/15/04 Rx MPH_INFO time ind
[1;34mDL1P[0;m <0007> l1sap.c:622 054637/41/11/16/05 Rx MPH_INFO time ind
[1;34mDL1P[0;m <0007> scheduler_virtbts.c:106 054637/41/11/16/05 (bts=0,trx=0,ts=0) CCCH: Sending GSMTAP message to virtual Um
[1;34mDL1P[0;m <0007> l1sap.c:622 054638/41/12/17/06 Rx MPH_INFO time ind
[1;34mDL1P[0;m <0007> l1sap.c:622 054639/41/13/18/07 Rx MPH_INFO time ind
[1;34mDL1P[0;m <0007> l1sap.c:622 054640/41/14/19/08 Rx MPH_INFO time ind
[1;34mDL1P[0;m <0007> l1sap.c:622 054641/41/15/20/09 Rx MPH_INFO time ind
[1;34mDL1P[0;m <0007> l1sap.c:622 054642/41/16/21/10 Rx MPH_INFO time ind
[1;34mDL1P[0;m <0007> l1sap.c:622 054643/41/17/22/11 Rx MPH_INFO time ind
[1;34mDL1P[0;m <0007> l1sap.c:622 054644/41/18/23/12 Rx MPH_INFO time ind
[1;34mDL1P[0;m <0007> l1sap.c:622 054645/41/19/24/13 Rx MPH_INFO time ind
[1;34mDL1P[0;m <0007> l1sap.c:622 054646/41/20/25/14 Rx MPH_INFO time ind
[1;34mDL1P[0;m <0007> l1sap.c:622 054647/41/21/26/15 Rx MPH_INFO time ind
[1;34mDL1P[0;m <0007> l1sap.c:622 054648/41/22/27/16 Rx MPH_INFO time ind
[1;34mDL1P[0;m <0007> l1sap.c:622 054649/41/23/28/17 Rx MPH_INFO time ind
[1;34mDL1P[0;m <0007> l1sap.c:622 054650/41/24/29/18 Rx MPH_INFO time ind
[1;34mDL1P[0;m <0007> l1sap.c:622 054651/41/25/30/19 Rx MPH_INFO time ind
[1;34mDL1P[0;m <0007> l1sap.c:622 054652/41/00/31/20 Rx MPH_INFO time ind
[1;34mDL1P[0;m <0007> l1sap.c:622 054653/41/01/32/21 Rx MPH_INFO time ind
[1;34mDL1P[0;m <0007> l1sap.c:622 054654/41/02/33/22 Rx MPH_INFO time ind
[1;34mDL1P[0;m <0007> l1sap.c:622 054655/41/03/34/23 Rx MPH_INFO time ind
[1;34mDL1P[0;m <0007> l1sap.c:622 054656/41/04/35/24 Rx MPH_INFO time ind
[1;34mDL1P[0;m <0007> l1sap.c:622 054657/41/05/36/25 Rx MPH_INFO time ind
[1;34mDL1P[0;m <0007> l1sap.c:622 054658/41/06/37/26 Rx MPH_INFO time ind
[1;34mDL1P[0;m <0007> l1sap.c:622 054659/41/07/38/27 Rx MPH_INFO time ind
[1;34mDL1P[0;m <0007> l1sap.c:622 054660/41/08/39/28 Rx MPH_INFO time ind
[1;34mDL1P[0;m <0007> l1sap.c:622 054661/41/09/40/29 Rx MPH_INFO time ind
[1;34mDL1P[0;m <0007> l1sap.c:622 054662/41/10/41/30 Rx MPH_INFO time ind
[1;34mDL1P[0;m <0007> l1sap.c:622 054663/41/11/42/31 Rx MPH_INFO time ind
[1;34mDL1P[0;m <0007> l1sap.c:622 054664/41/12/43/32 Rx MPH_INFO time ind
[1;34mDL1P[0;m <0007> l1sap.c:622 054665/41/13/44/33 Rx MPH_INFO time ind
[1;34mDL1P[0;m <0007> l1sap.c:622 054666/41/14/45/34 Rx MPH_INFO time ind
[1;34mDL1P[0;m <0007> l1sap.c:622 054667/41/15/46/35 Rx MPH_INFO time ind
[1;34mDL1P[0;m <0007> l1sap.c:622 054668/41/16/47/36 Rx MPH_INFO time ind
[1;34mDL1P[0;m <0007> l1sap.c:622 054669/41/17/48/37 Rx MPH_INFO time ind
[1;34mDL1P[0;m <0007> scheduler.c:911 054674/41/22/02/42 (bts=0,trx=0,ts=0) BCCH: PH-RTS.ind: chan_nr=0x80 link_id=0x00
[1;34mDL1P[0;m <0007> l1sap.c:1082 054674/41/22/02/42 Rx PH-RTS.ind chan_nr=BCCH on TS0 link_id=0x00d
[1;34mDL1P[0;m <0007> l1sap.c:1225 054674/41/22/02/42 Tx PH-DATA.req chan_nr=BCCH on TS0 link_id=0x00
[1;34mDL1P[0;m <0007> scheduler.c:842 054674/41/22/02/42 (bts=0,trx=0,ts=0) : PH-DATA.req: chan_nr=0x80 link_id=0x00
[1;34mDL1P[0;m <0007> l1sap.c:622 054670/41/18/49/38 Rx MPH_INFO time ind
[1;34mDL1P[0;m <0007> l1sap.c:622 054671/41/19/50/39 Rx MPH_INFO time ind
[1;34mDL1P[0;m <0007> l1sap.c:622 054672/41/20/00/40 Rx MPH_INFO time ind
[1;34mDL1P[0;m <0007> l1sap.c:622 054673/41/21/01/41 Rx MPH_INFO time ind
[1;34mDL1P[0;m <0007> scheduler.c:911 054678/41/00/06/46 (bts=0,trx=0,ts=0) CCCH: PH-RTS.ind: chan_nr=0x90 link_id=0x00
[1;34mDL1P[0;m <0007> l1sap.c:1082 054678/41/00/06/46 Rx PH-RTS.ind chan_nr=PCH/AGCH on TS0 link_id=0x00d
[1;34mDL1P[0;m <0007> l1sap.c:1225 054678/41/00/06/46 Tx PH-DATA.req chan_nr=PCH/AGCH on TS0 link_id=0x00
[1;34mDL1P[0;m <0007> scheduler.c:842 054678/41/00/06/46 (bts=0,trx=0,ts=0) : PH-DATA.req: chan_nr=0x90 link_id=0x00
[1;34mDL1P[0;m <0007> l1sap.c:622 054674/41/22/02/42 Rx MPH_INFO time ind
[1;34mDL1P[0;m <0007> scheduler_virtbts.c:106 054674/41/22/02/42 (bts=0,trx=0,ts=0) BCCH: Sending GSMTAP message to virtual Um
[1;34mDMEAS[0;m <0004> l1_if.c:315 (bts=0,trx=0,ts=0,ss=0) 054643/41/17/22/11 RX L1 frame chan_nr=0x20 MS pwr=5dBm rssi=0.0 dBFS ber=100.00% (0/0 bits) L1_ta=0 ta_ctrl.current=0 toa=0.00
[1;33mDL1P[0;m <0007> l1sap.c:104 (bts=0,trx=0,ts=0,ss=0) assuming active lchan, but state is NONE
[1;31mDL1P[0;m <0007> l1sap.c:783 054643/41/17/22/11 No lchan for chan_nr=SDCCH/4(0) on TS0
[1;34mDL1P[0;m <0007> l1sap.c:1974 054643/41/17/22/11 Rx PH-DATA.ind chan_nr=SDCCH/4(0) on TS0 link_id=0x40 len=23
[1;33mDL1P[0;m <0007> l1sap.c:104 (bts=0,trx=0,ts=0,ss=0) assuming active lchan, but state is NONE
[1;31mDL1P[0;m <0007> l1sap.c:2013 054643/41/17/22/11 No lchan for chan_nr=SDCCH/4(0) on TS0
[1;34mDL1P[0;m <0007> l1_if.c:181 054643/41/17/22/11 Message forwarded to layer 2.
[1;34mDL1P[0;m <0007> l1sap.c:622 054675/41/23/03/43 Rx MPH_INFO time ind
[1;34mDL1P[0;m <0007> l1sap.c:622 054676/41/24/04/44 Rx MPH_INFO time ind
[1;34mDL1P[0;m <0007> l1sap.c:622 054677/41/25/05/45 Rx MPH_INFO time ind
[1;34mDL1P[0;m <0007> l1sap.c:622 054678/41/00/06/46 Rx MPH_INFO time ind
[1;34mDL1P[0;m <0007> scheduler_virtbts.c:106 054678/41/00/06/46 (bts=0,trx=0,ts=0) CCCH: Sending GSMTAP message to virtual Um
[1;34mDL1P[0;m <0007> l1sap.c:622 054679/41/01/07/47 Rx MPH_INFO time ind
[1;34mDL1P[0;m <0007> scheduler.c:911 054684/41/06/12/00 (bts=0,trx=0,ts=0) CCCH: PH-RTS.ind: chan_nr=0x90 link_id=0x00
[1;34mDL1P[0;m <0007> l1sap.c:1082 054684/41/06/12/00 Rx PH-RTS.ind chan_nr=PCH/AGCH on TS0 link_id=0x00d
[1;34mDL1P[0;m <0007> l1sap.c:1225 054684/41/06/12/00 Tx PH-DATA.req chan_nr=PCH/AGCH on TS0 link_id=0x00
[1;34mDL1P[0;m <0007> scheduler.c:842 054684/41/06/12/00 (bts=0,trx=0,ts=0) : PH-DATA.req: chan_nr=0x90 link_id=0x00
[1;34mDL1P[0;m <0007> l1sap.c:622 054680/41/02/08/48 Rx MPH_INFO time ind
[1;34mDL1P[0;m <0007> l1sap.c:622 054681/41/03/09/49 Rx MPH_INFO time ind
[1;34mDL1P[0;m <0007> l1sap.c:622 054682/41/04/10/50 Rx MPH_INFO time ind
[1;34mDL1P[0;m <0007> l1sap.c:622 054683/41/05/11/51 Rx MPH_INFO time ind
[1;34mDL1P[0;m <0007> scheduler.c:911 054688/41/10/16/04 (bts=0,trx=0,ts=0) CCCH: PH-RTS.ind: chan_nr=0x90 link_id=0x00
[1;34mDL1P[0;m <0007> l1sap.c:1082 054688/41/10/16/04 Rx PH-RTS.ind chan_nr=PCH/AGCH on TS0 link_id=0x00d
[1;34mDL1P[0;m <0007> l1sap.c:1225 054688/41/10/16/04 Tx PH-DATA.req chan_nr=PCH/AGCH on TS0 link_id=0x00
[1;34mDL1P[0;m <0007> scheduler.c:842 054688/41/10/16/04 (bts=0,trx=0,ts=0) : PH-DATA.req: chan_nr=0x90 link_id=0x00
[1;34mDL1P[0;m <0007> l1sap.c:622 054684/41/06/12/00 Rx MPH_INFO time ind
[1;34mDL1P[0;m <0007> scheduler_virtbts.c:106 054684/41/06/12/00 (bts=0,trx=0,ts=0) CCCH: Sending GSMTAP message to virtual Um
[1;34mDL1P[0;m <0007> l1sap.c:622 054685/41/07/13/01 Rx MPH_INFO time ind
[1;34mDL1P[0;m <0007> l1sap.c:622 054686/41/08/14/02 Rx MPH_INFO time ind
[1;34mDL1P[0;m <0007> l1sap.c:622 054687/41/09/15/03 Rx MPH_INFO time ind
[1;34mDL1P[0;m <0007> l1sap.c:622 054688/41/10/16/04 Rx MPH_INFO time ind
[1;34mDL1P[0;m <0007> scheduler_virtbts.c:106 054688/41/10/16/04 (bts=0,trx=0,ts=0) CCCH: Sending GSMTAP message to virtual Um
[1;34mDL1P[0;m <0007> l1sap.c:622 054689/41/11/17/05 Rx MPH_INFO time ind
[1;34mDL1P[0;m <0007> l1sap.c:622 054690/41/12/18/06 Rx MPH_INFO time ind
[1;34mDL1P[0;m <0007> l1sap.c:622 054691/41/13/19/07 Rx MPH_INFO time ind
[1;34mDL1P[0;m <0007> l1sap.c:622 054692/41/14/20/08 Rx MPH_INFO time ind
[1;34mDL1P[0;m <0007> l1sap.c:622 054693/41/15/21/09 Rx MPH_INFO time ind
[1;34mDL1P[0;m <0007> l1sap.c:622 054694/41/16/22/10 Rx MPH_INFO time ind
[1;34mDL1P[0;m <0007> l1sap.c:622 054695/41/17/23/11 Rx MPH_INFO time ind
[1;34mDL1P[0;m <0007> l1sap.c:622 054696/41/18/24/12 Rx MPH_INFO time ind
[1;34mDL1P[0;m <0007> l1sap.c:622 054697/41/19/25/13 Rx MPH_INFO time ind
[1;34mDL1P[0;m <0007> l1sap.c:622 054698/41/20/26/14 Rx MPH_INFO time ind
[1;34mDL1P[0;m <0007> l1sap.c:622 054699/41/21/27/15 Rx MPH_INFO time ind
[1;34mDL1P[0;m <0007> l1sap.c:622 054700/41/22/28/16 Rx MPH_INFO time ind
[1;34mDL1P[0;m <0007> l1sap.c:622 054701/41/23/29/17 Rx MPH_INFO time ind
[1;34mDL1P[0;m <0007> l1sap.c:622 054702/41/24/30/18 Rx MPH_INFO time ind
[1;34mDL1P[0;m <0007> l1sap.c:622 054703/41/25/31/19 Rx MPH_INFO time ind
[1;34mDL1P[0;m <0007> l1sap.c:622 054704/41/00/32/20 Rx MPH_INFO time ind
[1;34mDL1P[0;m <0007> l1sap.c:622 054705/41/01/33/21 Rx MPH_INFO time ind
[1;34mDL1P[0;m <0007> l1sap.c:622 054706/41/02/34/22 Rx MPH_INFO time ind
[1;34mDL1P[0;m <0007> l1sap.c:622 054707/41/03/35/23 Rx MPH_INFO time ind
[1;34mDL1P[0;m <0007> l1sap.c:622 054708/41/04/36/24 Rx MPH_INFO time ind
[1;34mDL1P[0;m <0007> l1sap.c:622 054709/41/05/37/25 Rx MPH_INFO time ind
[1;34mDL1P[0;m <0007> l1sap.c:622 054710/41/06/38/26 Rx MPH_INFO time ind
[1;34mDL1P[0;m <0007> l1sap.c:622 054711/41/07/39/27 Rx MPH_INFO time ind
[1;34mDL1P[0;m <0007> l1sap.c:622 054712/41/08/40/28 Rx MPH_INFO time ind
[1;34mDL1P[0;m <0007> l1sap.c:622 054713/41/09/41/29 Rx MPH_INFO time ind
[1;34mDL1P[0;m <0007> l1sap.c:622 054714/41/10/42/30 Rx MPH_INFO time ind
[1;34mDL1P[0;m <0007> l1sap.c:622 054715/41/11/43/31 Rx MPH_INFO time ind
[1;34mDL1P[0;m <0007> l1sap.c:622 054716/41/12/44/32 Rx MPH_INFO time ind
[1;34mDL1P[0;m <0007> l1sap.c:622 054717/41/13/45/33 Rx MPH_INFO time ind
[1;34mDL1P[0;m <0007> l1sap.c:622 054718/41/14/46/34 Rx MPH_INFO time ind
[1;34mDL1P[0;m <0007> l1sap.c:622 054719/41/15/47/35 Rx MPH_INFO time ind
[1;34mDL1P[0;m <0007> l1sap.c:622 054720/41/16/48/36 Rx MPH_INFO time ind
[1;34mDL1P[0;m <0007> scheduler.c:911 054725/41/21/02/41 (bts=0,trx=0,ts=0) BCCH: PH-RTS.ind: chan_nr=0x80 link_id=0x00
[1;34mDL1P[0;m <0007> l1sap.c:1082 054725/41/21/02/41 Rx PH-RTS.ind chan_nr=BCCH on TS0 link_id=0x00d
[1;34mDL1P[0;m <0007> l1sap.c:1225 054725/41/21/02/41 Tx PH-DATA.req chan_nr=BCCH on TS0 link_id=0x00
[1;34mDL1P[0;m <0007> scheduler.c:842 054725/41/21/02/41 (bts=0,trx=0,ts=0) : PH-DATA.req: chan_nr=0x80 link_id=0x00
[1;34mDL1P[0;m <0007> l1sap.c:622 054721/41/17/49/37 Rx MPH_INFO time ind
[1;34mDL1P[0;m <0007> l1sap.c:622 054722/41/18/50/38 Rx MPH_INFO time ind
[1;34mDL1P[0;m <0007> l1sap.c:622 054723/41/19/00/39 Rx MPH_INFO time ind
[1;34mDL1P[0;m <0007> l1sap.c:622 054724/41/20/01/40 Rx MPH_INFO time ind
[1;34mDL1P[0;m <0007> scheduler.c:911 054729/41/25/06/45 (bts=0,trx=0,ts=0) CCCH: PH-RTS.ind: chan_nr=0x90 link_id=0x00
[1;34mDL1P[0;m <0007> l1sap.c:1082 054729/41/25/06/45 Rx PH-RTS.ind chan_nr=PCH/AGCH on TS0 link_id=0x00d
[1;34mDL1P[0;m <0007> l1sap.c:1225 054729/41/25/06/45 Tx PH-DATA.req chan_nr=PCH/AGCH on TS0 link_id=0x00
[1;34mDL1P[0;m <0007> scheduler.c:842 054729/41/25/06/45 (bts=0,trx=0,ts=0) : PH-DATA.req: chan_nr=0x90 link_id=0x00
[1;34mDL1P[0;m <0007> l1sap.c:622 054725/41/21/02/41 Rx MPH_INFO time ind
[1;34mDL1P[0;m <0007> scheduler_virtbts.c:106 054725/41/21/02/41 (bts=0,trx=0,ts=0) BCCH: Sending GSMTAP message to virtual Um
[1;34mDL1P[0;m <0007> l1sap.c:622 054726/41/22/03/42 Rx MPH_INFO time ind
[1;34mDL1P[0;m <0007> l1sap.c:622 054727/41/23/04/43 Rx MPH_INFO time ind
[1;34mDL1P[0;m <0007> l1sap.c:622 054728/41/24/05/44 Rx MPH_INFO time ind
[1;34mDL1P[0;m <0007> l1sap.c:622 054729/41/25/06/45 Rx MPH_INFO time ind
[1;34mDL1P[0;m <0007> scheduler_virtbts.c:106 054729/41/25/06/45 (bts=0,trx=0,ts=0) CCCH: Sending GSMTAP message to virtual Um
[1;34mDL1P[0;m <0007> l1sap.c:622 054730/41/00/07/46 Rx MPH_INFO time ind
[1;34mDL1P[0;m <0007> scheduler.c:911 054735/41/05/12/51 (bts=0,trx=0,ts=0) CCCH: PH-RTS.ind: chan_nr=0x90 link_id=0x00
[1;34mDL1P[0;m <0007> l1sap.c:1082 054735/41/05/12/51 Rx PH-RTS.ind chan_nr=PCH/AGCH on TS0 link_id=0x00d
[1;34mDL1P[0;m <0007> l1sap.c:1225 054735/41/05/12/51 Tx PH-DATA.req chan_nr=PCH/AGCH on TS0 link_id=0x00
[1;34mDL1P[0;m <0007> scheduler.c:842 054735/41/05/12/51 (bts=0,trx=0,ts=0) : PH-DATA.req: chan_nr=0x90 link_id=0x00
[1;34mDL1P[0;m <0007> l1sap.c:622 054731/41/01/08/47 Rx MPH_INFO time ind
[1;34mDL1P[0;m <0007> l1sap.c:622 054732/41/02/09/48 Rx MPH_INFO time ind
[1;34mDL1P[0;m <0007> l1sap.c:622 054733/41/03/10/49 Rx MPH_INFO time ind
[1;34mDL1P[0;m <0007> l1sap.c:622 054734/41/04/11/50 Rx MPH_INFO time ind
[1;34mDL1P[0;m <0007> scheduler.c:911 054739/41/09/16/03 (bts=0,trx=0,ts=0) CCCH: PH-RTS.ind: chan_nr=0x90 link_id=0x00
[1;34mDL1P[0;m <0007> l1sap.c:1082 054739/41/09/16/03 Rx PH-RTS.ind chan_nr=PCH/AGCH on TS0 link_id=0x00d
[1;34mDL1P[0;m <0007> l1sap.c:1225 054739/41/09/16/03 Tx PH-DATA.req chan_nr=PCH/AGCH on TS0 link_id=0x00
[1;34mDL1P[0;m <0007> scheduler.c:842 054739/41/09/16/03 (bts=0,trx=0,ts=0) : PH-DATA.req: chan_nr=0x90 link_id=0x00
[1;34mDL1P[0;m <0007> l1sap.c:622 054735/41/05/12/51 Rx MPH_INFO time ind
[1;34mDL1P[0;m <0007> scheduler_virtbts.c:106 054735/41/05/12/51 (bts=0,trx=0,ts=0) CCCH: Sending GSMTAP message to virtual Um
[1;34mDL1P[0;m <0007> l1sap.c:622 054736/41/06/13/00 Rx MPH_INFO time ind
[1;34mDL1P[0;m <0007> l1sap.c:622 054737/41/07/14/01 Rx MPH_INFO time ind
[1;34mDL1P[0;m <0007> l1sap.c:622 054738/41/08/15/02 Rx MPH_INFO time ind
[1;34mDL1P[0;m <0007> l1sap.c:622 054739/41/09/16/03 Rx MPH_INFO time ind
[1;34mDL1P[0;m <0007> scheduler_virtbts.c:106 054739/41/09/16/03 (bts=0,trx=0,ts=0) CCCH: Sending GSMTAP message to virtual Um
[1;34mDL1P[0;m <0007> l1sap.c:622 054740/41/10/17/04 Rx MPH_INFO time ind
[1;34mDL1P[0;m <0007> l1sap.c:622 054741/41/11/18/05 Rx MPH_INFO time ind
[1;34mDL1P[0;m <0007> l1sap.c:622 054742/41/12/19/06 Rx MPH_INFO time ind
[1;34mDL1P[0;m <0007> l1sap.c:622 054743/41/13/20/07 Rx MPH_INFO time ind
[1;34mDL1P[0;m <0007> l1sap.c:622 054744/41/14/21/08 Rx MPH_INFO time ind
[1;34mDL1P[0;m <0007> l1sap.c:622 054745/41/15/22/09 Rx MPH_INFO time ind
[1;34mDL1P[0;m <0007> l1sap.c:622 054746/41/16/23/10 Rx MPH_INFO time ind
[1;34mDL1P[0;m <0007> l1sap.c:622 054747/41/17/24/11 Rx MPH_INFO time ind
[1;34mDL1P[0;m <0007> l1sap.c:622 054748/41/18/25/12 Rx MPH_INFO time ind
[1;34mDL1P[0;m <0007> l1sap.c:622 054749/41/19/26/13 Rx MPH_INFO time ind
[1;34mDL1P[0;m <0007> l1sap.c:622 054750/41/20/27/14 Rx MPH_INFO time ind
[1;34mDL1P[0;m <0007> l1sap.c:622 054751/41/21/28/15 Rx MPH_INFO time ind
[1;34mDL1P[0;m <0007> l1sap.c:622 054752/41/22/29/16 Rx MPH_INFO time ind
[1;34mDL1P[0;m <0007> l1sap.c:622 054753/41/23/30/17 Rx MPH_INFO time ind
[1;34mDL1P[0;m <0007> l1sap.c:622 054754/41/24/31/18 Rx MPH_INFO time ind
[1;34mDL1P[0;m <0007> l1sap.c:622 054755/41/25/32/19 Rx MPH_INFO time ind
[1;34mDL1P[0;m <0007> l1sap.c:622 054756/41/00/33/20 Rx MPH_INFO time ind
[1;34mDL1P[0;m <0007> l1sap.c:622 054757/41/01/34/21 Rx MPH_INFO time ind
[1;34mDL1P[0;m <0007> l1sap.c:622 054758/41/02/35/22 Rx MPH_INFO time ind
[1;34mDL1P[0;m <0007> l1sap.c:622 054759/41/03/36/23 Rx MPH_INFO time ind
[1;34mDL1P[0;m <0007> l1sap.c:622 054760/41/04/37/24 Rx MPH_INFO time ind
[1;34mDL1P[0;m <0007> l1sap.c:622 054761/41/05/38/25 Rx MPH_INFO time ind
[1;34mDL1P[0;m <0007> l1sap.c:622 054762/41/06/39/26 Rx MPH_INFO time ind
[1;34mDL1P[0;m <0007> l1sap.c:622 054763/41/07/40/27 Rx MPH_INFO time ind
[1;34mDL1P[0;m <0007> l1sap.c:622 054764/41/08/41/28 Rx MPH_INFO time ind
[1;34mDL1P[0;m <0007> l1sap.c:622 054765/41/09/42/29 Rx MPH_INFO time ind
[1;34mDL1P[0;m <0007> l1sap.c:622 054766/41/10/43/30 Rx MPH_INFO time ind
[1;34mDL1P[0;m <0007> l1sap.c:622 054767/41/11/44/31 Rx MPH_INFO time ind
[1;34mDL1P[0;m <0007> l1sap.c:622 054768/41/12/45/32 Rx MPH_INFO time ind
[1;34mDL1P[0;m <0007> l1sap.c:622 054769/41/13/46/33 Rx MPH_INFO time ind
[1;34mDL1P[0;m <0007> l1sap.c:622 054770/41/14/47/34 Rx MPH_INFO time ind
[1;34mDL1P[0;m <0007> l1sap.c:622 054771/41/15/48/35 Rx MPH_INFO time ind
[1;34mDL1P[0;m <0007> scheduler.c:911 054776/41/20/02/40 (bts=0,trx=0,ts=0) BCCH: PH-RTS.ind: chan_nr=0x80 link_id=0x00
[1;34mDL1P[0;m <0007> l1sap.c:1082 054776/41/20/02/40 Rx PH-RTS.ind chan_nr=BCCH on TS0 link_id=0x00d
[1;34mDL1P[0;m <0007> l1sap.c:1225 054776/41/20/02/40 Tx PH-DATA.req chan_nr=BCCH on TS0 link_id=0x00
[1;34mDL1P[0;m <0007> scheduler.c:842 054776/41/20/02/40 (bts=0,trx=0,ts=0) : PH-DATA.req: chan_nr=0x80 link_id=0x00
[1;34mDL1P[0;m <0007> l1sap.c:622 054772/41/16/49/36 Rx MPH_INFO time ind
[1;34mDL1P[0;m <0007> l1sap.c:622 054773/41/17/50/37 Rx MPH_INFO time ind
[1;34mDL1P[0;m <0007> l1sap.c:622 054774/41/18/00/38 Rx MPH_INFO time ind
[1;34mDL1P[0;m <0007> l1sap.c:622 054775/41/19/01/39 Rx MPH_INFO time ind
[1;34mDL1P[0;m <0007> scheduler.c:911 054780/41/24/06/44 (bts=0,trx=0,ts=0) CCCH: PH-RTS.ind: chan_nr=0x90 link_id=0x00
[1;34mDL1P[0;m <0007> l1sap.c:1082 054780/41/24/06/44 Rx PH-RTS.ind chan_nr=PCH/AGCH on TS0 link_id=0x00d
[1;34mDL1P[0;m <0007> l1sap.c:1225 054780/41/24/06/44 Tx PH-DATA.req chan_nr=PCH/AGCH on TS0 link_id=0x00
[1;34mDL1P[0;m <0007> scheduler.c:842 054780/41/24/06/44 (bts=0,trx=0,ts=0) : PH-DATA.req: chan_nr=0x90 link_id=0x00
[1;34mDL1P[0;m <0007> l1sap.c:622 054776/41/20/02/40 Rx MPH_INFO time ind
[1;34mDL1P[0;m <0007> scheduler_virtbts.c:106 054776/41/20/02/40 (bts=0,trx=0,ts=0) BCCH: Sending GSMTAP message to virtual Um
[1;34mDL1P[0;m <0007> l1sap.c:622 054777/41/21/03/41 Rx MPH_INFO time ind
[1;34mDL1P[0;m <0007> l1sap.c:622 054778/41/22/04/42 Rx MPH_INFO time ind
[1;34mDL1P[0;m <0007> l1sap.c:622 054779/41/23/05/43 Rx MPH_INFO time ind
[1;34mDL1P[0;m <0007> l1sap.c:622 054780/41/24/06/44 Rx MPH_INFO time ind
[1;34mDL1P[0;m <0007> scheduler_virtbts.c:106 054780/41/24/06/44 (bts=0,trx=0,ts=0) CCCH: Sending GSMTAP message to virtual Um
[1;34mDL1P[0;m <0007> l1sap.c:622 054781/41/25/07/45 Rx MPH_INFO time ind
[1;34mDL1P[0;m <0007> scheduler.c:911 054786/41/04/12/02 (bts=0,trx=0,ts=0) CCCH: PH-RTS.ind: chan_nr=0x90 link_id=0x00
[1;34mDL1P[0;m <0007> l1sap.c:1082 054786/41/04/12/02 Rx PH-RTS.ind chan_nr=PCH/AGCH on TS0 link_id=0x00d
[1;34mDL1P[0;m <0007> l1sap.c:1225 054786/41/04/12/02 Tx PH-DATA.req chan_nr=PCH/AGCH on TS0 link_id=0x00
[1;34mDL1P[0;m <0007> scheduler.c:842 054786/41/04/12/02 (bts=0,trx=0,ts=0) : PH-DATA.req: chan_nr=0x90 link_id=0x00
[1;34mDL1P[0;m <0007> l1sap.c:622 054782/41/00/08/46 Rx MPH_INFO time ind
[1;34mDL1P[0;m <0007> l1sap.c:622 054783/41/01/09/47 Rx MPH_INFO time ind
[1;34mDL1P[0;m <0007> l1sap.c:622 054784/41/02/10/00 Rx MPH_INFO time ind
[1;34mDL1P[0;m <0007> l1sap.c:622 054785/41/03/11/01 Rx MPH_INFO time ind
[1;34mDL1P[0;m <0007> scheduler.c:911 054790/41/08/16/06 (bts=0,trx=0,ts=0) CCCH: PH-RTS.ind: chan_nr=0x90 link_id=0x00
[1;34mDL1P[0;m <0007> l1sap.c:1082 054790/41/08/16/06 Rx PH-RTS.ind chan_nr=PCH/AGCH on TS0 link_id=0x00d
[1;34mDL1P[0;m <0007> l1sap.c:1225 054790/41/08/16/06 Tx PH-DATA.req chan_nr=PCH/AGCH on TS0 link_id=0x00
[1;34mDL1P[0;m <0007> scheduler.c:842 054790/41/08/16/06 (bts=0,trx=0,ts=0) : PH-DATA.req: chan_nr=0x90 link_id=0x00
[1;34mDL1P[0;m <0007> l1sap.c:622 054786/41/04/12/02 Rx MPH_INFO time ind
[1;34mDL1P[0;m <0007> scheduler_virtbts.c:106 054786/41/04/12/02 (bts=0,trx=0,ts=0) CCCH: Sending GSMTAP message to virtual Um
[1;34mDL1P[0;m <0007> l1sap.c:622 054787/41/05/13/03 Rx MPH_INFO time ind
[1;34mDL1P[0;m <0007> l1sap.c:622 054788/41/06/14/04 Rx MPH_INFO time ind
[1;34mDL1P[0;m <0007> l1sap.c:622 054789/41/07/15/05 Rx MPH_INFO time ind
[1;34mDL1P[0;m <0007> l1sap.c:622 054790/41/08/16/06 Rx MPH_INFO time ind
[1;34mDL1P[0;m <0007> scheduler_virtbts.c:106 054790/41/08/16/06 (bts=0,trx=0,ts=0) CCCH: Sending GSMTAP message to virtual Um
[1;34mDL1P[0;m <0007> l1sap.c:622 054791/41/09/17/07 Rx MPH_INFO time ind
[1;34mDL1P[0;m <0007> l1sap.c:622 054792/41/10/18/08 Rx MPH_INFO time ind
[1;34mDL1P[0;m <0007> l1sap.c:622 054793/41/11/19/09 Rx MPH_INFO time ind
[1;34mDL1P[0;m <0007> l1sap.c:622 054794/41/12/20/10 Rx MPH_INFO time ind
[1;34mDL1P[0;m <0007> l1sap.c:622 054795/41/13/21/11 Rx MPH_INFO time ind
[1;34mDL1P[0;m <0007> l1sap.c:622 054796/41/14/22/12 Rx MPH_INFO time ind
[1;34mDL1P[0;m <0007> l1sap.c:622 054797/41/15/23/13 Rx MPH_INFO time ind
[1;34mDL1P[0;m <0007> l1sap.c:622 054798/41/16/24/14 Rx MPH_INFO time ind
[1;34mDL1P[0;m <0007> l1sap.c:622 054799/41/17/25/15 Rx MPH_INFO time ind
[1;34mDL1P[0;m <0007> l1sap.c:622 054800/41/18/26/16 Rx MPH_INFO time ind
[1;34mDL1P[0;m <0007> l1sap.c:622 054801/41/19/27/17 Rx MPH_INFO time ind
[1;34mDL1P[0;m <0007> l1sap.c:622 054802/41/20/28/18 Rx MPH_INFO time ind
[1;34mDL1P[0;m <0007> l1sap.c:622 054803/41/21/29/19 Rx MPH_INFO time ind
[1;34mDL1P[0;m <0007> l1sap.c:622 054804/41/22/30/20 Rx MPH_INFO time ind
[1;34mDL1P[0;m <0007> l1sap.c:622 054805/41/23/31/21 Rx MPH_INFO time ind
[1;34mDL1P[0;m <0007> l1sap.c:622 054806/41/24/32/22 Rx MPH_INFO time ind
[1;34mDL1P[0;m <0007> l1sap.c:622 054807/41/25/33/23 Rx MPH_INFO time ind
[1;34mDL1P[0;m <0007> l1sap.c:622 054808/41/00/34/24 Rx MPH_INFO time ind
[1;34mDL1P[0;m <0007> l1sap.c:622 054809/41/01/35/25 Rx MPH_INFO time ind
[1;34mDL1P[0;m <0007> l1sap.c:622 054810/41/02/36/26 Rx MPH_INFO time ind
[1;34mDL1P[0;m <0007> l1sap.c:622 054811/41/03/37/27 Rx MPH_INFO time ind
[1;34mDL1P[0;m <0007> l1sap.c:622 054812/41/04/38/28 Rx MPH_INFO time ind
[1;34mDL1P[0;m <0007> l1sap.c:622 054813/41/05/39/29 Rx MPH_INFO time ind
[1;34mDL1P[0;m <0007> l1sap.c:622 054814/41/06/40/30 Rx MPH_INFO time ind
[1;34mDL1P[0;m <0007> l1sap.c:622 054815/41/07/41/31 Rx MPH_INFO time ind
[1;34mDL1P[0;m <0007> l1sap.c:622 054816/41/08/42/32 Rx MPH_INFO time ind
[1;34mDL1P[0;m <0007> l1sap.c:622 054817/41/09/43/33 Rx MPH_INFO time ind
[1;34mDL1P[0;m <0007> l1sap.c:622 054818/41/10/44/34 Rx MPH_INFO time ind
[1;34mDL1P[0;m <0007> l1sap.c:622 054819/41/11/45/35 Rx MPH_INFO time ind
[1;34mDL1P[0;m <0007> l1sap.c:622 054820/41/12/46/36 Rx MPH_INFO time ind
[1;34mDL1P[0;m <0007> l1sap.c:622 054821/41/13/47/37 Rx MPH_INFO time ind
[1;34mDL1P[0;m <0007> l1sap.c:622 054822/41/14/48/38 Rx MPH_INFO time ind
[1;34mDL1P[0;m <0007> scheduler.c:911 054827/41/19/02/43 (bts=0,trx=0,ts=0) BCCH: PH-RTS.ind: chan_nr=0x80 link_id=0x00
[1;34mDL1P[0;m <0007> l1sap.c:1082 054827/41/19/02/43 Rx PH-RTS.ind chan_nr=BCCH on TS0 link_id=0x00d
[1;34mDL1P[0;m <0007> l1sap.c:1225 054827/41/19/02/43 Tx PH-DATA.req chan_nr=BCCH on TS0 link_id=0x00
[1;34mDL1P[0;m <0007> scheduler.c:842 054827/41/19/02/43 (bts=0,trx=0,ts=0) : PH-DATA.req: chan_nr=0x80 link_id=0x00
[1;34mDL1P[0;m <0007> l1sap.c:622 054823/41/15/49/39 Rx MPH_INFO time ind
[1;34mDL1P[0;m <0007> l1sap.c:622 054824/41/16/50/40 Rx MPH_INFO time ind
[1;34mDL1P[0;m <0007> l1sap.c:622 054825/41/17/00/41 Rx MPH_INFO time ind
[1;34mDL1P[0;m <0007> l1sap.c:622 054826/41/18/01/42 Rx MPH_INFO time ind
[1;34mDL1P[0;m <0007> scheduler.c:911 054831/41/23/06/47 (bts=0,trx=0,ts=0) CCCH: PH-RTS.ind: chan_nr=0x90 link_id=0x00
[1;34mDL1P[0;m <0007> l1sap.c:1082 054831/41/23/06/47 Rx PH-RTS.ind chan_nr=PCH/AGCH on TS0 link_id=0x00d
[1;34mDL1P[0;m <0007> l1sap.c:1225 054831/41/23/06/47 Tx PH-DATA.req chan_nr=PCH/AGCH on TS0 link_id=0x00
[1;34mDL1P[0;m <0007> scheduler.c:842 054831/41/23/06/47 (bts=0,trx=0,ts=0) : PH-DATA.req: chan_nr=0x90 link_id=0x00
[1;34mDL1P[0;m <0007> l1sap.c:622 054827/41/19/02/43 Rx MPH_INFO time ind
[1;34mDL1P[0;m <0007> scheduler_virtbts.c:106 054827/41/19/02/43 (bts=0,trx=0,ts=0) BCCH: Sending GSMTAP message to virtual Um
[1;34mDL1P[0;m <0007> l1sap.c:622 054828/41/20/03/44 Rx MPH_INFO time ind
[1;34mDL1P[0;m <0007> l1sap.c:622 054829/41/21/04/45 Rx MPH_INFO time ind
[1;34mDL1P[0;m <0007> l1sap.c:622 054830/41/22/05/46 Rx MPH_INFO time ind
[1;34mDL1P[0;m <0007> l1sap.c:622 054831/41/23/06/47 Rx MPH_INFO time ind
[1;34mDL1P[0;m <0007> scheduler_virtbts.c:106 054831/41/23/06/47 (bts=0,trx=0,ts=0) CCCH: Sending GSMTAP message to virtual Um
[1;34mDL1P[0;m <0007> l1sap.c:622 054832/41/24/07/48 Rx MPH_INFO time ind
[1;34mDL1P[0;m <0007> scheduler.c:911 054837/41/03/12/01 (bts=0,trx=0,ts=0) CCCH: PH-RTS.ind: chan_nr=0x90 link_id=0x00
[1;34mDL1P[0;m <0007> l1sap.c:1082 054837/41/03/12/01 Rx PH-RTS.ind chan_nr=PCH/AGCH on TS0 link_id=0x00d
[1;34mDL1P[0;m <0007> l1sap.c:1225 054837/41/03/12/01 Tx PH-DATA.req chan_nr=PCH/AGCH on TS0 link_id=0x00
[1;34mDL1P[0;m <0007> scheduler.c:842 054837/41/03/12/01 (bts=0,trx=0,ts=0) : PH-DATA.req: chan_nr=0x90 link_id=0x00
[1;34mDL1P[0;m <0007> l1sap.c:622 054833/41/25/08/49 Rx MPH_INFO time ind
[1;34mDL1P[0;m <0007> l1sap.c:622 054834/41/00/09/50 Rx MPH_INFO time ind
[1;34mDL1P[0;m <0007> l1sap.c:622 054835/41/01/10/51 Rx MPH_INFO time ind
[1;34mDL1P[0;m <0007> l1sap.c:622 054836/41/02/11/00 Rx MPH_INFO time ind
[1;34mDL1P[0;m <0007> scheduler.c:911 054841/41/07/16/05 (bts=0,trx=0,ts=0) CCCH: PH-RTS.ind: chan_nr=0x90 link_id=0x00
[1;34mDL1P[0;m <0007> l1sap.c:1082 054841/41/07/16/05 Rx PH-RTS.ind chan_nr=PCH/AGCH on TS0 link_id=0x00d
[1;34mDL1P[0;m <0007> l1sap.c:1225 054841/41/07/16/05 Tx PH-DATA.req chan_nr=PCH/AGCH on TS0 link_id=0x00
[1;34mDL1P[0;m <0007> scheduler.c:842 054841/41/07/16/05 (bts=0,trx=0,ts=0) : PH-DATA.req: chan_nr=0x90 link_id=0x00
[1;34mDL1P[0;m <0007> l1sap.c:622 054837/41/03/12/01 Rx MPH_INFO time ind
[1;34mDL1P[0;m <0007> scheduler_virtbts.c:106 054837/41/03/12/01 (bts=0,trx=0,ts=0) CCCH: Sending GSMTAP message to virtual Um
[1;34mDL1P[0;m <0007> l1sap.c:622 054838/41/04/13/02 Rx MPH_INFO time ind
[1;34mDL1P[0;m <0007> l1sap.c:622 054839/41/05/14/03 Rx MPH_INFO time ind
[1;34mDL1P[0;m <0007> l1sap.c:622 054840/41/06/15/04 Rx MPH_INFO time ind
[1;34mDL1P[0;m <0007> l1sap.c:622 054841/41/07/16/05 Rx MPH_INFO time ind
[1;34mDL1P[0;m <0007> scheduler_virtbts.c:106 054841/41/07/16/05 (bts=0,trx=0,ts=0) CCCH: Sending GSMTAP message to virtual Um
[1;34mDL1P[0;m <0007> l1sap.c:622 054842/41/08/17/06 Rx MPH_INFO time ind
[1;34mDL1P[0;m <0007> l1sap.c:622 054843/41/09/18/07 Rx MPH_INFO time ind
[1;34mDL1P[0;m <0007> l1sap.c:622 054844/41/10/19/08 Rx MPH_INFO time ind
[1;34mDL1P[0;m <0007> l1sap.c:622 054845/41/11/20/09 Rx MPH_INFO time ind
[1;34mDL1P[0;m <0007> l1sap.c:622 054846/41/12/21/10 Rx MPH_INFO time ind
[1;34mDL1P[0;m <0007> l1sap.c:622 054847/41/13/22/11 Rx MPH_INFO time ind
[1;34mDL1P[0;m <0007> l1sap.c:622 054848/41/14/23/12 Rx MPH_INFO time ind
[1;34mDL1P[0;m <0007> l1sap.c:622 054849/41/15/24/13 Rx MPH_INFO time ind
[1;34mDL1P[0;m <0007> l1sap.c:622 054850/41/16/25/14 Rx MPH_INFO time ind
[1;34mDL1P[0;m <0007> l1sap.c:622 054851/41/17/26/15 Rx MPH_INFO time ind
[1;34mDL1P[0;m <0007> l1sap.c:622 054852/41/18/27/16 Rx MPH_INFO time ind
[1;34mDL1P[0;m <0007> l1sap.c:622 054853/41/19/28/17 Rx MPH_INFO time ind
[1;34mDL1P[0;m <0007> l1sap.c:622 054854/41/20/29/18 Rx MPH_INFO time ind
[1;34mDL1P[0;m <0007> l1sap.c:622 054855/41/21/30/19 Rx MPH_INFO time ind
[1;34mDL1P[0;m <0007> l1sap.c:622 054856/41/22/31/20 Rx MPH_INFO time ind
[1;34mDL1P[0;m <0007> l1sap.c:622 054857/41/23/32/21 Rx MPH_INFO time ind
[1;34mDL1P[0;m <0007> l1sap.c:622 054858/41/24/33/22 Rx MPH_INFO time ind
[1;34mDL1P[0;m <0007> l1sap.c:622 054859/41/25/34/23 Rx MPH_INFO time ind
[1;34mDL1P[0;m <0007> l1sap.c:622 054860/41/00/35/24 Rx MPH_INFO time ind
[1;34mDL1P[0;m <0007> l1sap.c:622 054861/41/01/36/25 Rx MPH_INFO time ind
[1;34mDL1P[0;m <0007> l1sap.c:622 054862/41/02/37/26 Rx MPH_INFO time ind
[1;34mDL1P[0;m <0007> l1sap.c:622 054863/41/03/38/27 Rx MPH_INFO time ind
[1;34mDL1P[0;m <0007> l1sap.c:622 054864/41/04/39/28 Rx MPH_INFO time ind
[1;34mDL1P[0;m <0007> l1sap.c:622 054865/41/05/40/29 Rx MPH_INFO time ind
[1;34mDL1P[0;m <0007> l1sap.c:622 054866/41/06/41/30 Rx MPH_INFO time ind
[1;34mDL1P[0;m <0007> l1sap.c:622 054867/41/07/42/31 Rx MPH_INFO time ind
[1;34mDL1P[0;m <0007> l1sap.c:622 054868/41/08/43/32 Rx MPH_INFO time ind
[1;34mDL1P[0;m <0007> l1sap.c:622 054869/41/09/44/33 Rx MPH_INFO time ind
[1;34mDL1P[0;m <0007> l1sap.c:622 054870/41/10/45/34 Rx MPH_INFO time ind
[1;34mDL1P[0;m <0007> l1sap.c:622 054871/41/11/46/35 Rx MPH_INFO time ind
[1;34mDL1P[0;m <0007> l1sap.c:622 054872/41/12/47/36 Rx MPH_INFO time ind
[1;34mDL1P[0;m <0007> l1sap.c:622 054873/41/13/48/37 Rx MPH_INFO time ind
[1;34mDL1P[0;m <0007> scheduler.c:911 054878/41/18/02/42 (bts=0,trx=0,ts=0) BCCH: PH-RTS.ind: chan_nr=0x80 link_id=0x00
[1;34mDL1P[0;m <0007> l1sap.c:1082 054878/41/18/02/42 Rx PH-RTS.ind chan_nr=BCCH on TS0 link_id=0x00d
[1;34mDL1P[0;m <0007> l1sap.c:1225 054878/41/18/02/42 Tx PH-DATA.req chan_nr=BCCH on TS0 link_id=0x00
[1;34mDL1P[0;m <0007> scheduler.c:842 054878/41/18/02/42 (bts=0,trx=0,ts=0) : PH-DATA.req: chan_nr=0x80 link_id=0x00
[1;34mDL1P[0;m <0007> l1sap.c:622 054874/41/14/49/38 Rx MPH_INFO time ind
[1;34mDL1P[0;m <0007> l1sap.c:622 054875/41/15/50/39 Rx MPH_INFO time ind
[1;34mDL1P[0;m <0007> l1sap.c:622 054876/41/16/00/40 Rx MPH_INFO time ind
[1;34mDL1P[0;m <0007> l1sap.c:622 054877/41/17/01/41 Rx MPH_INFO time ind
[1;34mDL1P[0;m <0007> scheduler.c:911 054882/41/22/06/46 (bts=0,trx=0,ts=0) CCCH: PH-RTS.ind: chan_nr=0x90 link_id=0x00
[1;34mDL1P[0;m <0007> l1sap.c:1082 054882/41/22/06/46 Rx PH-RTS.ind chan_nr=PCH/AGCH on TS0 link_id=0x00d
[1;34mDL1P[0;m <0007> l1sap.c:1225 054882/41/22/06/46 Tx PH-DATA.req chan_nr=PCH/AGCH on TS0 link_id=0x00
[1;34mDL1P[0;m <0007> scheduler.c:842 054882/41/22/06/46 (bts=0,trx=0,ts=0) : PH-DATA.req: chan_nr=0x90 link_id=0x00
[1;34mDL1P[0;m <0007> l1sap.c:622 054878/41/18/02/42 Rx MPH_INFO time ind
[1;34mDL1P[0;m <0007> scheduler_virtbts.c:106 054878/41/18/02/42 (bts=0,trx=0,ts=0) BCCH: Sending GSMTAP message to virtual Um
[1;34mDL1P[0;m <0007> l1sap.c:622 054879/41/19/03/43 Rx MPH_INFO time ind
[1;34mDL1P[0;m <0007> l1sap.c:622 054880/41/20/04/44 Rx MPH_INFO time ind
[1;34mDL1P[0;m <0007> l1sap.c:622 054881/41/21/05/45 Rx MPH_INFO time ind
[1;34mDL1P[0;m <0007> l1sap.c:622 054882/41/22/06/46 Rx MPH_INFO time ind
[1;34mDL1P[0;m <0007> scheduler_virtbts.c:106 054882/41/22/06/46 (bts=0,trx=0,ts=0) CCCH: Sending GSMTAP message to virtual Um
[1;34mDL1P[0;m <0007> l1sap.c:622 054883/41/23/07/47 Rx MPH_INFO time ind
[1;34mDL1P[0;m <0007> scheduler.c:911 054888/41/02/12/00 (bts=0,trx=0,ts=0) CCCH: PH-RTS.ind: chan_nr=0x90 link_id=0x00
[1;34mDL1P[0;m <0007> l1sap.c:1082 054888/41/02/12/00 Rx PH-RTS.ind chan_nr=PCH/AGCH on TS0 link_id=0x00d
[1;34mDL1P[0;m <0007> l1sap.c:1225 054888/41/02/12/00 Tx PH-DATA.req chan_nr=PCH/AGCH on TS0 link_id=0x00
[1;34mDL1P[0;m <0007> scheduler.c:842 054888/41/02/12/00 (bts=0,trx=0,ts=0) : PH-DATA.req: chan_nr=0x90 link_id=0x00
[1;34mDL1P[0;m <0007> l1sap.c:622 054884/41/24/08/48 Rx MPH_INFO time ind
[1;34mDL1P[0;m <0007> l1sap.c:622 054885/41/25/09/49 Rx MPH_INFO time ind
[1;34mDL1P[0;m <0007> l1sap.c:622 054886/41/00/10/50 Rx MPH_INFO time ind
[1;34mDL1P[0;m <0007> l1sap.c:622 054887/41/01/11/51 Rx MPH_INFO time ind
[1;34mDL1P[0;m <0007> scheduler.c:911 054892/41/06/16/04 (bts=0,trx=0,ts=0) CCCH: PH-RTS.ind: chan_nr=0x90 link_id=0x00
[1;34mDL1P[0;m <0007> l1sap.c:1082 054892/41/06/16/04 Rx PH-RTS.ind chan_nr=PCH/AGCH on TS0 link_id=0x00d
[1;34mDL1P[0;m <0007> l1sap.c:1225 054892/41/06/16/04 Tx PH-DATA.req chan_nr=PCH/AGCH on TS0 link_id=0x00
[1;34mDL1P[0;m <0007> scheduler.c:842 054892/41/06/16/04 (bts=0,trx=0,ts=0) : PH-DATA.req: chan_nr=0x90 link_id=0x00
[1;34mDL1P[0;m <0007> l1sap.c:622 054888/41/02/12/00 Rx MPH_INFO time ind
[1;34mDL1P[0;m <0007> scheduler_virtbts.c:106 054888/41/02/12/00 (bts=0,trx=0,ts=0) CCCH: Sending GSMTAP message to virtual Um
[1;34mDL1P[0;m <0007> l1sap.c:622 054889/41/03/13/01 Rx MPH_INFO time ind
[1;34mDL1P[0;m <0007> l1sap.c:622 054890/41/04/14/02 Rx MPH_INFO time ind
[1;34mDL1P[0;m <0007> l1sap.c:622 054891/41/05/15/03 Rx MPH_INFO time ind
[1;34mDL1P[0;m <0007> l1sap.c:622 054892/41/06/16/04 Rx MPH_INFO time ind
[1;34mDL1P[0;m <0007> scheduler_virtbts.c:106 054892/41/06/16/04 (bts=0,trx=0,ts=0) CCCH: Sending GSMTAP message to virtual Um
[1;34mDL1P[0;m <0007> l1sap.c:622 054893/41/07/17/05 Rx MPH_INFO time ind
[1;34mDL1P[0;m <0007> l1sap.c:622 054894/41/08/18/06 Rx MPH_INFO time ind
[1;34mDL1P[0;m <0007> l1sap.c:622 054895/41/09/19/07 Rx MPH_INFO time ind
[1;34mDL1P[0;m <0007> l1sap.c:622 054896/41/10/20/08 Rx MPH_INFO time ind
[1;34mDL1P[0;m <0007> l1sap.c:622 054897/41/11/21/09 Rx MPH_INFO time ind
[1;34mDL1P[0;m <0007> l1sap.c:622 054898/41/12/22/10 Rx MPH_INFO time ind
[1;34mDL1P[0;m <0007> l1sap.c:622 054899/41/13/23/11 Rx MPH_INFO time ind
[1;34mDL1P[0;m <0007> l1sap.c:622 054900/41/14/24/12 Rx MPH_INFO time ind
[1;34mDL1P[0;m <0007> l1sap.c:622 054901/41/15/25/13 Rx MPH_INFO time ind
[1;34mDL1P[0;m <0007> l1sap.c:622 054902/41/16/26/14 Rx MPH_INFO time ind
[1;34mDL1P[0;m <0007> l1sap.c:622 054903/41/17/27/15 Rx MPH_INFO time ind
[1;34mDL1P[0;m <0007> l1sap.c:622 054904/41/18/28/16 Rx MPH_INFO time ind
[1;34mDL1P[0;m <0007> l1sap.c:622 054905/41/19/29/17 Rx MPH_INFO time ind
[1;34mDL1P[0;m <0007> l1sap.c:622 054906/41/20/30/18 Rx MPH_INFO time ind
[1;34mDL1P[0;m <0007> l1sap.c:622 054907/41/21/31/19 Rx MPH_INFO time ind
[1;34mDL1P[0;m <0007> l1sap.c:622 054908/41/22/32/20 Rx MPH_INFO time ind
[1;34mDL1P[0;m <0007> l1sap.c:622 054909/41/23/33/21 Rx MPH_INFO time ind
[1;34mDL1P[0;m <0007> l1sap.c:622 054910/41/24/34/22 Rx MPH_INFO time ind
[1;34mDL1P[0;m <0007> l1sap.c:622 054911/41/25/35/23 Rx MPH_INFO time ind
[1;34mDL1P[0;m <0007> l1sap.c:622 054912/41/00/36/24 Rx MPH_INFO time ind
[1;34mDL1P[0;m <0007> l1sap.c:622 054913/41/01/37/25 Rx MPH_INFO time ind
[1;34mDL1P[0;m <0007> l1sap.c:622 054914/41/02/38/26 Rx MPH_INFO time ind
[1;34mDL1P[0;m <0007> l1sap.c:622 054915/41/03/39/27 Rx MPH_INFO time ind
[1;34mDL1P[0;m <0007> l1sap.c:622 054916/41/04/40/28 Rx MPH_INFO time ind
[1;34mDL1P[0;m <0007> l1sap.c:622 054917/41/05/41/29 Rx MPH_INFO time ind
[1;34mDL1P[0;m <0007> l1sap.c:622 054918/41/06/42/30 Rx MPH_INFO time ind
[1;34mDL1P[0;m <0007> l1sap.c:622 054919/41/07/43/31 Rx MPH_INFO time ind
[1;34mDL1P[0;m <0007> l1sap.c:622 054920/41/08/44/32 Rx MPH_INFO time ind
[1;34mDL1P[0;m <0007> l1sap.c:622 054921/41/09/45/33 Rx MPH_INFO time ind
[1;34mDL1P[0;m <0007> l1sap.c:622 054922/41/10/46/34 Rx MPH_INFO time ind
[1;34mDL1P[0;m <0007> l1sap.c:622 054923/41/11/47/35 Rx MPH_INFO time ind
[1;34mDL1P[0;m <0007> l1sap.c:622 054924/41/12/48/36 Rx MPH_INFO time ind
[1;34mDL1P[0;m <0007> scheduler.c:911 054929/41/17/02/41 (bts=0,trx=0,ts=0) BCCH: PH-RTS.ind: chan_nr=0x80 link_id=0x00
[1;34mDL1P[0;m <0007> l1sap.c:1082 054929/41/17/02/41 Rx PH-RTS.ind chan_nr=BCCH on TS0 link_id=0x00d
[1;34mDL1P[0;m <0007> l1sap.c:1225 054929/41/17/02/41 Tx PH-DATA.req chan_nr=BCCH on TS0 link_id=0x00
[1;34mDL1P[0;m <0007> scheduler.c:842 054929/41/17/02/41 (bts=0,trx=0,ts=0) : PH-DATA.req: chan_nr=0x80 link_id=0x00
[1;34mDL1P[0;m <0007> l1sap.c:622 054925/41/13/49/37 Rx MPH_INFO time ind
[1;34mDL1P[0;m <0007> l1sap.c:622 054926/41/14/50/38 Rx MPH_INFO time ind
[1;34mDL1P[0;m <0007> l1sap.c:622 054927/41/15/00/39 Rx MPH_INFO time ind
[1;34mDL1P[0;m <0007> l1sap.c:622 054928/41/16/01/40 Rx MPH_INFO time ind
[1;34mDL1P[0;m <0007> scheduler.c:911 054933/41/21/06/45 (bts=0,trx=0,ts=0) CCCH: PH-RTS.ind: chan_nr=0x90 link_id=0x00
[1;34mDL1P[0;m <0007> l1sap.c:1082 054933/41/21/06/45 Rx PH-RTS.ind chan_nr=PCH/AGCH on TS0 link_id=0x00d
[1;34mDL1P[0;m <0007> l1sap.c:1225 054933/41/21/06/45 Tx PH-DATA.req chan_nr=PCH/AGCH on TS0 link_id=0x00
[1;34mDL1P[0;m <0007> scheduler.c:842 054933/41/21/06/45 (bts=0,trx=0,ts=0) : PH-DATA.req: chan_nr=0x90 link_id=0x00
[1;34mDL1P[0;m <0007> l1sap.c:622 054929/41/17/02/41 Rx MPH_INFO time ind
[1;34mDL1P[0;m <0007> scheduler_virtbts.c:106 054929/41/17/02/41 (bts=0,trx=0,ts=0) BCCH: Sending GSMTAP message to virtual Um
[1;34mDL1P[0;m <0007> l1sap.c:622 054930/41/18/03/42 Rx MPH_INFO time ind
[1;34mDL1P[0;m <0007> l1sap.c:622 054931/41/19/04/43 Rx MPH_INFO time ind
[1;34mDL1P[0;m <0007> l1sap.c:622 054932/41/20/05/44 Rx MPH_INFO time ind
[1;34mDL1P[0;m <0007> l1sap.c:622 054933/41/21/06/45 Rx MPH_INFO time ind
[1;34mDL1P[0;m <0007> scheduler_virtbts.c:106 054933/41/21/06/45 (bts=0,trx=0,ts=0) CCCH: Sending GSMTAP message to virtual Um
[1;34mDL1P[0;m <0007> l1sap.c:622 054934/41/22/07/46 Rx MPH_INFO time ind
[1;34mDL1P[0;m <0007> scheduler.c:911 054939/41/01/12/51 (bts=0,trx=0,ts=0) CCCH: PH-RTS.ind: chan_nr=0x90 link_id=0x00
[1;34mDL1P[0;m <0007> l1sap.c:1082 054939/41/01/12/51 Rx PH-RTS.ind chan_nr=PCH/AGCH on TS0 link_id=0x00d
[1;34mDL1P[0;m <0007> l1sap.c:1225 054939/41/01/12/51 Tx PH-DATA.req chan_nr=PCH/AGCH on TS0 link_id=0x00
[1;34mDL1P[0;m <0007> scheduler.c:842 054939/41/01/12/51 (bts=0,trx=0,ts=0) : PH-DATA.req: chan_nr=0x90 link_id=0x00
[1;34mDL1P[0;m <0007> l1sap.c:622 054935/41/23/08/47 Rx MPH_INFO time ind
[1;34mDL1P[0;m <0007> l1sap.c:622 054936/41/24/09/48 Rx MPH_INFO time ind
[1;34mDL1P[0;m <0007> l1sap.c:622 054937/41/25/10/49 Rx MPH_INFO time ind
[1;34mDL1P[0;m <0007> l1sap.c:622 054938/41/00/11/50 Rx MPH_INFO time ind
[1;34mDL1P[0;m <0007> scheduler.c:911 054943/41/05/16/03 (bts=0,trx=0,ts=0) CCCH: PH-RTS.ind: chan_nr=0x90 link_id=0x00
[1;34mDL1P[0;m <0007> l1sap.c:1082 054943/41/05/16/03 Rx PH-RTS.ind chan_nr=PCH/AGCH on TS0 link_id=0x00d
[1;34mDL1P[0;m <0007> l1sap.c:1225 054943/41/05/16/03 Tx PH-DATA.req chan_nr=PCH/AGCH on TS0 link_id=0x00
[1;34mDL1P[0;m <0007> scheduler.c:842 054943/41/05/16/03 (bts=0,trx=0,ts=0) : PH-DATA.req: chan_nr=0x90 link_id=0x00
[1;34mDL1P[0;m <0007> l1sap.c:622 054939/41/01/12/51 Rx MPH_INFO time ind
[1;34mDL1P[0;m <0007> scheduler_virtbts.c:106 054939/41/01/12/51 (bts=0,trx=0,ts=0) CCCH: Sending GSMTAP message to virtual Um
[1;34mDL1P[0;m <0007> l1sap.c:622 054940/41/02/13/00 Rx MPH_INFO time ind
[1;34mDL1P[0;m <0007> l1sap.c:622 054941/41/03/14/01 Rx MPH_INFO time ind
[1;34mDL1P[0;m <0007> l1sap.c:622 054942/41/04/15/02 Rx MPH_INFO time ind
[1;34mDL1P[0;m <0007> l1sap.c:622 054943/41/05/16/03 Rx MPH_INFO time ind
[1;34mDL1P[0;m <0007> scheduler_virtbts.c:106 054943/41/05/16/03 (bts=0,trx=0,ts=0) CCCH: Sending GSMTAP message to virtual Um
[1;34mDL1P[0;m <0007> l1sap.c:622 054944/41/06/17/04 Rx MPH_INFO time ind
[1;34mDL1P[0;m <0007> l1sap.c:622 054945/41/07/18/05 Rx MPH_INFO time ind
[1;34mDL1P[0;m <0007> l1sap.c:622 054946/41/08/19/06 Rx MPH_INFO time ind
[1;34mDL1P[0;m <0007> l1sap.c:622 054947/41/09/20/07 Rx MPH_INFO time ind
[1;34mDL1P[0;m <0007> l1sap.c:622 054948/41/10/21/08 Rx MPH_INFO time ind
[1;34mDL1P[0;m <0007> l1sap.c:622 054949/41/11/22/09 Rx MPH_INFO time ind
[1;34mDL1P[0;m <0007> l1sap.c:622 054950/41/12/23/10 Rx MPH_INFO time ind
[1;34mDL1P[0;m <0007> l1sap.c:622 054951/41/13/24/11 Rx MPH_INFO time ind
[1;34mDL1P[0;m <0007> l1sap.c:622 054952/41/14/25/12 Rx MPH_INFO time ind
[1;34mDL1P[0;m <0007> l1sap.c:622 054953/41/15/26/13 Rx MPH_INFO time ind
[1;34mDL1P[0;m <0007> l1sap.c:622 054954/41/16/27/14 Rx MPH_INFO time ind
[1;34mDL1P[0;m <0007> l1sap.c:622 054955/41/17/28/15 Rx MPH_INFO time ind
[1;34mDL1P[0;m <0007> l1sap.c:622 054956/41/18/29/16 Rx MPH_INFO time ind
[1;34mDL1P[0;m <0007> l1sap.c:622 054957/41/19/30/17 Rx MPH_INFO time ind
[1;34mDL1P[0;m <0007> l1sap.c:622 054958/41/20/31/18 Rx MPH_INFO time ind
[1;34mDL1P[0;m <0007> l1sap.c:622 054959/41/21/32/19 Rx MPH_INFO time ind
[1;34mDL1P[0;m <0007> l1sap.c:622 054960/41/22/33/20 Rx MPH_INFO time ind
[1;34mDL1P[0;m <0007> l1sap.c:622 054961/41/23/34/21 Rx MPH_INFO time ind
[1;34mDL1P[0;m <0007> l1sap.c:622 054962/41/24/35/22 Rx MPH_INFO time ind
[1;34mDL1P[0;m <0007> l1sap.c:622 054963/41/25/36/23 Rx MPH_INFO time ind
[1;34mDL1P[0;m <0007> l1sap.c:622 054964/41/00/37/24 Rx MPH_INFO time ind
[1;34mDL1P[0;m <0007> l1sap.c:622 054965/41/01/38/25 Rx MPH_INFO time ind
[1;34mDL1P[0;m <0007> l1sap.c:622 054966/41/02/39/26 Rx MPH_INFO time ind
[1;34mDL1P[0;m <0007> l1sap.c:622 054967/41/03/40/27 Rx MPH_INFO time ind
[1;34mDL1P[0;m <0007> l1sap.c:622 054968/41/04/41/28 Rx MPH_INFO time ind
[1;34mDL1P[0;m <0007> l1sap.c:622 054969/41/05/42/29 Rx MPH_INFO time ind
[1;34mDL1P[0;m <0007> l1sap.c:622 054970/41/06/43/30 Rx MPH_INFO time ind
[1;34mDL1P[0;m <0007> l1sap.c:622 054971/41/07/44/31 Rx MPH_INFO time ind
[1;34mDL1P[0;m <0007> l1sap.c:622 054972/41/08/45/32 Rx MPH_INFO time ind
[1;34mDL1P[0;m <0007> l1sap.c:622 054973/41/09/46/33 Rx MPH_INFO time ind
[1;34mDL1P[0;m <0007> l1sap.c:622 054974/41/10/47/34 Rx MPH_INFO time ind
[1;34mDL1P[0;m <0007> l1sap.c:622 054975/41/11/48/35 Rx MPH_INFO time ind
[1;34mDL1P[0;m <0007> scheduler.c:911 054980/41/16/02/40 (bts=0,trx=0,ts=0) BCCH: PH-RTS.ind: chan_nr=0x80 link_id=0x00
[1;34mDL1P[0;m <0007> l1sap.c:1082 054980/41/16/02/40 Rx PH-RTS.ind chan_nr=BCCH on TS0 link_id=0x00d
[1;34mDL1P[0;m <0007> l1sap.c:1225 054980/41/16/02/40 Tx PH-DATA.req chan_nr=BCCH on TS0 link_id=0x00
[1;34mDL1P[0;m <0007> scheduler.c:842 054980/41/16/02/40 (bts=0,trx=0,ts=0) : PH-DATA.req: chan_nr=0x80 link_id=0x00
[1;34mDL1P[0;m <0007> l1sap.c:622 054976/41/12/49/36 Rx MPH_INFO time ind
[1;34mDL1P[0;m <0007> l1sap.c:622 054977/41/13/50/37 Rx MPH_INFO time ind
[1;34mDL1P[0;m <0007> l1sap.c:622 054978/41/14/00/38 Rx MPH_INFO time ind
[1;34mDL1P[0;m <0007> l1sap.c:622 054979/41/15/01/39 Rx MPH_INFO time ind
[1;34mDL1P[0;m <0007> scheduler.c:911 054984/41/20/06/44 (bts=0,trx=0,ts=0) CCCH: PH-RTS.ind: chan_nr=0x90 link_id=0x00
[1;34mDL1P[0;m <0007> l1sap.c:1082 054984/41/20/06/44 Rx PH-RTS.ind chan_nr=PCH/AGCH on TS0 link_id=0x00d
[1;34mDL1P[0;m <0007> l1sap.c:1225 054984/41/20/06/44 Tx PH-DATA.req chan_nr=PCH/AGCH on TS0 link_id=0x00
[1;34mDL1P[0;m <0007> scheduler.c:842 054984/41/20/06/44 (bts=0,trx=0,ts=0) : PH-DATA.req: chan_nr=0x90 link_id=0x00
[1;34mDL1P[0;m <0007> l1sap.c:622 054980/41/16/02/40 Rx MPH_INFO time ind
[1;34mDL1P[0;m <0007> scheduler_virtbts.c:106 054980/41/16/02/40 (bts=0,trx=0,ts=0) BCCH: Sending GSMTAP message to virtual Um
[1;34mDL1P[0;m <0007> l1sap.c:622 054981/41/17/03/41 Rx MPH_INFO time ind
[1;34mDL1P[0;m <0007> l1sap.c:622 054982/41/18/04/42 Rx MPH_INFO time ind
[1;34mDL1P[0;m <0007> l1sap.c:622 054983/41/19/05/43 Rx MPH_INFO time ind
[1;34mDL1P[0;m <0007> l1sap.c:622 054984/41/20/06/44 Rx MPH_INFO time ind
[1;34mDL1P[0;m <0007> scheduler_virtbts.c:106 054984/41/20/06/44 (bts=0,trx=0,ts=0) CCCH: Sending GSMTAP message to virtual Um
[1;34mDL1P[0;m <0007> l1sap.c:622 054985/41/21/07/45 Rx MPH_INFO time ind
[1;34mDL1P[0;m <0007> scheduler.c:911 054990/41/00/12/50 (bts=0,trx=0,ts=0) CCCH: PH-RTS.ind: chan_nr=0x90 link_id=0x00
[1;34mDL1P[0;m <0007> l1sap.c:1082 054990/41/00/12/50 Rx PH-RTS.ind chan_nr=PCH/AGCH on TS0 link_id=0x00d
[1;34mDL1P[0;m <0007> l1sap.c:1225 054990/41/00/12/50 Tx PH-DATA.req chan_nr=PCH/AGCH on TS0 link_id=0x00
[1;34mDL1P[0;m <0007> scheduler.c:842 054990/41/00/12/50 (bts=0,trx=0,ts=0) : PH-DATA.req: chan_nr=0x90 link_id=0x00
[1;34mDL1P[0;m <0007> l1sap.c:622 054986/41/22/08/46 Rx MPH_INFO time ind
[1;34mDL1P[0;m <0007> l1sap.c:622 054987/41/23/09/47 Rx MPH_INFO time ind
[1;34mDL1P[0;m <0007> l1sap.c:622 054988/41/24/10/48 Rx MPH_INFO time ind
[1;34mDL1P[0;m <0007> l1sap.c:622 054989/41/25/11/49 Rx MPH_INFO time ind
[1;34mDL1P[0;m <0007> scheduler.c:911 054994/41/04/16/02 (bts=0,trx=0,ts=0) CCCH: PH-RTS.ind: chan_nr=0x90 link_id=0x00
[1;34mDL1P[0;m <0007> l1sap.c:1082 054994/41/04/16/02 Rx PH-RTS.ind chan_nr=PCH/AGCH on TS0 link_id=0x00d
[1;34mDL1P[0;m <0007> l1sap.c:1225 054994/41/04/16/02 Tx PH-DATA.req chan_nr=PCH/AGCH on TS0 link_id=0x00
[1;34mDL1P[0;m <0007> scheduler.c:842 054994/41/04/16/02 (bts=0,trx=0,ts=0) : PH-DATA.req: chan_nr=0x90 link_id=0x00
[1;34mDL1P[0;m <0007> l1sap.c:622 054990/41/00/12/50 Rx MPH_INFO time ind
[1;34mDL1P[0;m <0007> scheduler_virtbts.c:106 054990/41/00/12/50 (bts=0,trx=0,ts=0) CCCH: Sending GSMTAP message to virtual Um
[1;34mDL1P[0;m <0007> l1sap.c:622 054991/41/01/13/51 Rx MPH_INFO time ind
[1;34mDL1P[0;m <0007> l1sap.c:622 054992/41/02/14/00 Rx MPH_INFO time ind
[1;34mDL1P[0;m <0007> l1sap.c:622 054993/41/03/15/01 Rx MPH_INFO time ind
[1;34mDL1P[0;m <0007> l1sap.c:622 054994/41/04/16/02 Rx MPH_INFO time ind
[1;34mDL1P[0;m <0007> scheduler_virtbts.c:106 054994/41/04/16/02 (bts=0,trx=0,ts=0) CCCH: Sending GSMTAP message to virtual Um
[1;34mDL1P[0;m <0007> l1sap.c:622 054995/41/05/17/03 Rx MPH_INFO time ind
[1;34mDL1P[0;m <0007> l1sap.c:622 054996/41/06/18/04 Rx MPH_INFO time ind
[1;34mDL1P[0;m <0007> l1sap.c:622 054997/41/07/19/05 Rx MPH_INFO time ind
[1;34mDL1P[0;m <0007> l1sap.c:622 054998/41/08/20/06 Rx MPH_INFO time ind
[1;34mDL1P[0;m <0007> l1sap.c:622 054999/41/09/21/07 Rx MPH_INFO time ind
[1;34mDL1P[0;m <0007> l1sap.c:622 055000/41/10/22/08 Rx MPH_INFO time ind
[1;34mDL1P[0;m <0007> l1sap.c:622 055001/41/11/23/09 Rx MPH_INFO time ind
[1;34mDL1P[0;m <0007> l1sap.c:622 055002/41/12/24/10 Rx MPH_INFO time ind
[1;34mDL1P[0;m <0007> l1sap.c:622 055003/41/13/25/11 Rx MPH_INFO time ind
[1;34mDL1P[0;m <0007> l1sap.c:622 055004/41/14/26/12 Rx MPH_INFO time ind
[1;34mDL1P[0;m <0007> l1sap.c:622 055005/41/15/27/13 Rx MPH_INFO time ind
[1;34mDL1P[0;m <0007> l1sap.c:622 055006/41/16/28/14 Rx MPH_INFO time ind
[1;34mDL1P[0;m <0007> l1sap.c:622 055007/41/17/29/15 Rx MPH_INFO time ind
[1;34mDL1P[0;m <0007> l1sap.c:622 055008/41/18/30/16 Rx MPH_INFO time ind
[1;34mDL1P[0;m <0007> l1sap.c:622 055009/41/19/31/17 Rx MPH_INFO time ind
[1;34mDL1P[0;m <0007> l1sap.c:622 055010/41/20/32/18 Rx MPH_INFO time ind
[1;34mDL1P[0;m <0007> l1sap.c:622 055011/41/21/33/19 Rx MPH_INFO time ind
[1;34mDL1P[0;m <0007> l1sap.c:622 055012/41/22/34/20 Rx MPH_INFO time ind
[1;34mDL1P[0;m <0007> l1sap.c:622 055013/41/23/35/21 Rx MPH_INFO time ind
[1;34mDL1P[0;m <0007> l1sap.c:622 055014/41/24/36/22 Rx MPH_INFO time ind
[1;34mDL1P[0;m <0007> l1sap.c:622 055015/41/25/37/23 Rx MPH_INFO time ind
[1;34mDL1P[0;m <0007> l1sap.c:622 055016/41/00/38/24 Rx MPH_INFO time ind
[1;34mDL1P[0;m <0007> l1sap.c:622 055017/41/01/39/25 Rx MPH_INFO time ind
[1;34mDL1P[0;m <0007> l1sap.c:622 055018/41/02/40/26 Rx MPH_INFO time ind
[1;34mDL1P[0;m <0007> l1sap.c:622 055019/41/03/41/27 Rx MPH_INFO time ind
[1;34mDL1P[0;m <0007> l1sap.c:622 055020/41/04/42/28 Rx MPH_INFO time ind
[1;34mDL1P[0;m <0007> l1sap.c:622 055021/41/05/43/29 Rx MPH_INFO time ind
[1;34mDL1P[0;m <0007> l1sap.c:622 055022/41/06/44/30 Rx MPH_INFO time ind
[1;34mDL1P[0;m <0007> l1sap.c:622 055023/41/07/45/31 Rx MPH_INFO time ind
[1;34mDL1P[0;m <0007> l1sap.c:622 055024/41/08/46/32 Rx MPH_INFO time ind
[1;34mDL1P[0;m <0007> l1sap.c:622 055025/41/09/47/33 Rx MPH_INFO time ind
[1;34mDL1P[0;m <0007> l1sap.c:622 055026/41/10/48/34 Rx MPH_INFO time ind
[1;34mDL1P[0;m <0007> scheduler.c:911 055031/41/15/02/39 (bts=0,trx=0,ts=0) BCCH: PH-RTS.ind: chan_nr=0x80 link_id=0x00
[1;34mDL1P[0;m <0007> l1sap.c:1082 055031/41/15/02/39 Rx PH-RTS.ind chan_nr=BCCH on TS0 link_id=0x00d
[1;34mDL1P[0;m <0007> l1sap.c:1225 055031/41/15/02/39 Tx PH-DATA.req chan_nr=BCCH on TS0 link_id=0x00
[1;34mDL1P[0;m <0007> scheduler.c:842 055031/41/15/02/39 (bts=0,trx=0,ts=0) : PH-DATA.req: chan_nr=0x80 link_id=0x00
[1;34mDL1P[0;m <0007> l1sap.c:622 055027/41/11/49/35 Rx MPH_INFO time ind
[1;34mDL1P[0;m <0007> l1sap.c:622 055028/41/12/50/36 Rx MPH_INFO time ind
[1;34mDL1P[0;m <0007> l1sap.c:622 055029/41/13/00/37 Rx MPH_INFO time ind
[1;34mDL1P[0;m <0007> l1sap.c:622 055030/41/14/01/38 Rx MPH_INFO time ind
[1;34mDL1P[0;m <0007> scheduler.c:911 055035/41/19/06/43 (bts=0,trx=0,ts=0) CCCH: PH-RTS.ind: chan_nr=0x90 link_id=0x00
[1;34mDL1P[0;m <0007> l1sap.c:1082 055035/41/19/06/43 Rx PH-RTS.ind chan_nr=PCH/AGCH on TS0 link_id=0x00d
[1;34mDL1P[0;m <0007> l1sap.c:1225 055035/41/19/06/43 Tx PH-DATA.req chan_nr=PCH/AGCH on TS0 link_id=0x00
[1;34mDL1P[0;m <0007> scheduler.c:842 055035/41/19/06/43 (bts=0,trx=0,ts=0) : PH-DATA.req: chan_nr=0x90 link_id=0x00
[1;34mDL1P[0;m <0007> l1sap.c:622 055031/41/15/02/39 Rx MPH_INFO time ind
[1;34mDL1P[0;m <0007> scheduler_virtbts.c:106 055031/41/15/02/39 (bts=0,trx=0,ts=0) BCCH: Sending GSMTAP message to virtual Um
[1;34mDL1P[0;m <0007> l1sap.c:622 055032/41/16/03/40 Rx MPH_INFO time ind
[1;34mDL1P[0;m <0007> l1sap.c:622 055033/41/17/04/41 Rx MPH_INFO time ind
[1;34mDL1P[0;m <0007> l1sap.c:622 055034/41/18/05/42 Rx MPH_INFO time ind
[1;34mDL1P[0;m <0007> l1sap.c:622 055035/41/19/06/43 Rx MPH_INFO time ind
[1;34mDL1P[0;m <0007> scheduler_virtbts.c:106 055035/41/19/06/43 (bts=0,trx=0,ts=0) CCCH: Sending GSMTAP message to virtual Um
[1;34mDL1P[0;m <0007> l1sap.c:622 055036/41/20/07/44 Rx MPH_INFO time ind
[1;34mDL1P[0;m <0007> scheduler.c:911 055041/41/25/12/01 (bts=0,trx=0,ts=0) CCCH: PH-RTS.ind: chan_nr=0x90 link_id=0x00
[1;34mDL1P[0;m <0007> l1sap.c:1082 055041/41/25/12/01 Rx PH-RTS.ind chan_nr=PCH/AGCH on TS0 link_id=0x00d
[1;34mDL1P[0;m <0007> l1sap.c:1225 055041/41/25/12/01 Tx PH-DATA.req chan_nr=PCH/AGCH on TS0 link_id=0x00
[1;34mDL1P[0;m <0007> scheduler.c:842 055041/41/25/12/01 (bts=0,trx=0,ts=0) : PH-DATA.req: chan_nr=0x90 link_id=0x00
[1;34mDL1P[0;m <0007> l1sap.c:622 055037/41/21/08/45 Rx MPH_INFO time ind
[1;34mDL1P[0;m <0007> l1sap.c:622 055038/41/22/09/46 Rx MPH_INFO time ind
[1;34mDL1P[0;m <0007> l1sap.c:622 055039/41/23/10/47 Rx MPH_INFO time ind
[1;34mDL1P[0;m <0007> l1sap.c:622 055040/41/24/11/00 Rx MPH_INFO time ind
[1;34mDL1P[0;m <0007> scheduler.c:911 055045/41/03/16/05 (bts=0,trx=0,ts=0) CCCH: PH-RTS.ind: chan_nr=0x90 link_id=0x00
[1;34mDL1P[0;m <0007> l1sap.c:1082 055045/41/03/16/05 Rx PH-RTS.ind chan_nr=PCH/AGCH on TS0 link_id=0x00d
[1;34mDL1P[0;m <0007> l1sap.c:1225 055045/41/03/16/05 Tx PH-DATA.req chan_nr=PCH/AGCH on TS0 link_id=0x00
[1;34mDL1P[0;m <0007> scheduler.c:842 055045/41/03/16/05 (bts=0,trx=0,ts=0) : PH-DATA.req: chan_nr=0x90 link_id=0x00
[1;34mDL1P[0;m <0007> l1sap.c:622 055041/41/25/12/01 Rx MPH_INFO time ind
[1;34mDL1P[0;m <0007> scheduler_virtbts.c:106 055041/41/25/12/01 (bts=0,trx=0,ts=0) CCCH: Sending GSMTAP message to virtual Um
[1;34mDL1P[0;m <0007> l1sap.c:622 055042/41/00/13/02 Rx MPH_INFO time ind
[1;34mDL1P[0;m <0007> l1sap.c:622 055043/41/01/14/03 Rx MPH_INFO time ind
[1;34mDL1P[0;m <0007> l1sap.c:622 055044/41/02/15/04 Rx MPH_INFO time ind
[1;34mDL1P[0;m <0007> l1sap.c:622 055045/41/03/16/05 Rx MPH_INFO time ind
[1;34mDL1P[0;m <0007> scheduler_virtbts.c:106 055045/41/03/16/05 (bts=0,trx=0,ts=0) CCCH: Sending GSMTAP message to virtual Um
[1;34mDL1P[0;m <0007> l1sap.c:622 055046/41/04/17/06 Rx MPH_INFO time ind
[1;34mDL1P[0;m <0007> l1sap.c:622 055047/41/05/18/07 Rx MPH_INFO time ind
[1;34mDL1P[0;m <0007> l1sap.c:622 055048/41/06/19/08 Rx MPH_INFO time ind
[1;34mDL1P[0;m <0007> l1sap.c:622 055049/41/07/20/09 Rx MPH_INFO time ind
[1;34mDL1P[0;m <0007> l1sap.c:622 055050/41/08/21/10 Rx MPH_INFO time ind
[1;34mDL1P[0;m <0007> l1sap.c:622 055051/41/09/22/11 Rx MPH_INFO time ind
[1;34mDL1P[0;m <0007> l1sap.c:622 055052/41/10/23/12 Rx MPH_INFO time ind
[1;34mDL1P[0;m <0007> l1sap.c:622 055053/41/11/24/13 Rx MPH_INFO time ind
[1;34mDL1P[0;m <0007> l1sap.c:622 055054/41/12/25/14 Rx MPH_INFO time ind
[1;34mDL1P[0;m <0007> l1sap.c:622 055055/41/13/26/15 Rx MPH_INFO time ind
[1;34mDL1P[0;m <0007> l1sap.c:622 055056/41/14/27/16 Rx MPH_INFO time ind
[1;34mDL1P[0;m <0007> l1sap.c:622 055057/41/15/28/17 Rx MPH_INFO time ind
[1;34mDL1P[0;m <0007> l1sap.c:622 055058/41/16/29/18 Rx MPH_INFO time ind
[1;34mDL1P[0;m <0007> l1sap.c:622 055059/41/17/30/19 Rx MPH_INFO time ind
[1;34mDL1P[0;m <0007> l1sap.c:622 055060/41/18/31/20 Rx MPH_INFO time ind
[1;34mDL1P[0;m <0007> l1sap.c:622 055061/41/19/32/21 Rx MPH_INFO time ind
[1;34mDL1P[0;m <0007> l1sap.c:622 055062/41/20/33/22 Rx MPH_INFO time ind
[1;34mDL1P[0;m <0007> l1sap.c:622 055063/41/21/34/23 Rx MPH_INFO time ind
[1;34mDL1P[0;m <0007> l1sap.c:622 055064/41/22/35/24 Rx MPH_INFO time ind
[1;34mDL1P[0;m <0007> l1sap.c:622 055065/41/23/36/25 Rx MPH_INFO time ind
[1;34mDL1P[0;m <0007> l1sap.c:622 055066/41/24/37/26 Rx MPH_INFO time ind
[1;34mDL1P[0;m <0007> l1sap.c:622 055067/41/25/38/27 Rx MPH_INFO time ind
[1;34mDL1P[0;m <0007> l1sap.c:622 055068/41/00/39/28 Rx MPH_INFO time ind
[1;34mDL1P[0;m <0007> l1sap.c:622 055069/41/01/40/29 Rx MPH_INFO time ind
[1;34mDL1P[0;m <0007> l1sap.c:622 055070/41/02/41/30 Rx MPH_INFO time ind
[1;34mDL1P[0;m <0007> l1sap.c:622 055071/41/03/42/31 Rx MPH_INFO time ind
[1;34mDL1P[0;m <0007> l1sap.c:622 055072/41/04/43/32 Rx MPH_INFO time ind
[1;34mDL1P[0;m <0007> l1sap.c:622 055073/41/05/44/33 Rx MPH_INFO time ind
[1;34mDL1P[0;m <0007> l1sap.c:622 055074/41/06/45/34 Rx MPH_INFO time ind
[1;34mDL1P[0;m <0007> l1sap.c:622 055075/41/07/46/35 Rx MPH_INFO time ind
[1;34mDL1P[0;m <0007> l1sap.c:622 055076/41/08/47/36 Rx MPH_INFO time ind
[1;34mDL1P[0;m <0007> l1sap.c:622 055077/41/09/48/37 Rx MPH_INFO time ind
[1;34mDL1P[0;m <0007> scheduler.c:911 055082/41/14/02/42 (bts=0,trx=0,ts=0) BCCH: PH-RTS.ind: chan_nr=0x80 link_id=0x00
[1;34mDL1P[0;m <0007> l1sap.c:1082 055082/41/14/02/42 Rx PH-RTS.ind chan_nr=BCCH on TS0 link_id=0x00d
[1;34mDL1P[0;m <0007> l1sap.c:1225 055082/41/14/02/42 Tx PH-DATA.req chan_nr=BCCH on TS0 link_id=0x00
[1;34mDL1P[0;m <0007> scheduler.c:842 055082/41/14/02/42 (bts=0,trx=0,ts=0) : PH-DATA.req: chan_nr=0x80 link_id=0x00
[1;34mDL1P[0;m <0007> l1sap.c:622 055078/41/10/49/38 Rx MPH_INFO time ind
[1;34mDL1P[0;m <0007> l1sap.c:622 055079/41/11/50/39 Rx MPH_INFO time ind
[1;34mDL1P[0;m <0007> l1sap.c:622 055080/41/12/00/40 Rx MPH_INFO time ind
[1;34mDL1P[0;m <0007> l1sap.c:622 055081/41/13/01/41 Rx MPH_INFO time ind
[1;34mDL1P[0;m <0007> scheduler.c:911 055086/41/18/06/46 (bts=0,trx=0,ts=0) CCCH: PH-RTS.ind: chan_nr=0x90 link_id=0x00
[1;34mDL1P[0;m <0007> l1sap.c:1082 055086/41/18/06/46 Rx PH-RTS.ind chan_nr=PCH/AGCH on TS0 link_id=0x00d
[1;34mDL1P[0;m <0007> l1sap.c:1225 055086/41/18/06/46 Tx PH-DATA.req chan_nr=PCH/AGCH on TS0 link_id=0x00
[1;34mDL1P[0;m <0007> scheduler.c:842 055086/41/18/06/46 (bts=0,trx=0,ts=0) : PH-DATA.req: chan_nr=0x90 link_id=0x00
[1;34mDL1P[0;m <0007> l1sap.c:622 055082/41/14/02/42 Rx MPH_INFO time ind
[1;34mDL1P[0;m <0007> scheduler_virtbts.c:106 055082/41/14/02/42 (bts=0,trx=0,ts=0) BCCH: Sending GSMTAP message to virtual Um
[1;34mDL1P[0;m <0007> l1sap.c:622 055083/41/15/03/43 Rx MPH_INFO time ind
[1;34mDL1P[0;m <0007> l1sap.c:622 055084/41/16/04/44 Rx MPH_INFO time ind
[1;34mDL1P[0;m <0007> l1sap.c:622 055085/41/17/05/45 Rx MPH_INFO time ind
[1;34mDL1P[0;m <0007> l1sap.c:622 055086/41/18/06/46 Rx MPH_INFO time ind
[1;34mDL1P[0;m <0007> scheduler_virtbts.c:106 055086/41/18/06/46 (bts=0,trx=0,ts=0) CCCH: Sending GSMTAP message to virtual Um
[1;34mDL1P[0;m <0007> l1sap.c:622 055087/41/19/07/47 Rx MPH_INFO time ind
[1;34mDL1P[0;m <0007> scheduler.c:911 055092/41/24/12/00 (bts=0,trx=0,ts=0) CCCH: PH-RTS.ind: chan_nr=0x90 link_id=0x00
[1;34mDL1P[0;m <0007> l1sap.c:1082 055092/41/24/12/00 Rx PH-RTS.ind chan_nr=PCH/AGCH on TS0 link_id=0x00d
[1;34mDL1P[0;m <0007> l1sap.c:1225 055092/41/24/12/00 Tx PH-DATA.req chan_nr=PCH/AGCH on TS0 link_id=0x00
[1;34mDL1P[0;m <0007> scheduler.c:842 055092/41/24/12/00 (bts=0,trx=0,ts=0) : PH-DATA.req: chan_nr=0x90 link_id=0x00
[1;34mDL1P[0;m <0007> l1sap.c:622 055088/41/20/08/48 Rx MPH_INFO time ind
[1;34mDL1P[0;m <0007> l1sap.c:622 055089/41/21/09/49 Rx MPH_INFO time ind
[1;34mDL1P[0;m <0007> l1sap.c:622 055090/41/22/10/50 Rx MPH_INFO time ind
[1;34mDL1P[0;m <0007> l1sap.c:622 055091/41/23/11/51 Rx MPH_INFO time ind
[1;34mDL1P[0;m <0007> scheduler.c:911 055096/41/02/16/04 (bts=0,trx=0,ts=0) CCCH: PH-RTS.ind: chan_nr=0x90 link_id=0x00
[1;34mDL1P[0;m <0007> l1sap.c:1082 055096/41/02/16/04 Rx PH-RTS.ind chan_nr=PCH/AGCH on TS0 link_id=0x00d
[1;34mDL1P[0;m <0007> l1sap.c:1225 055096/41/02/16/04 Tx PH-DATA.req chan_nr=PCH/AGCH on TS0 link_id=0x00
[1;34mDL1P[0;m <0007> scheduler.c:842 055096/41/02/16/04 (bts=0,trx=0,ts=0) : PH-DATA.req: chan_nr=0x90 link_id=0x00
[1;34mDL1P[0;m <0007> l1sap.c:622 055092/41/24/12/00 Rx MPH_INFO time ind
[1;34mDL1P[0;m <0007> scheduler_virtbts.c:106 055092/41/24/12/00 (bts=0,trx=0,ts=0) CCCH: Sending GSMTAP message to virtual Um
[1;34mDL1P[0;m <0007> l1sap.c:622 055093/41/25/13/01 Rx MPH_INFO time ind
[1;34mDL1P[0;m <0007> l1sap.c:622 055094/41/00/14/02 Rx MPH_INFO time ind
[1;34mDL1P[0;m <0007> l1sap.c:622 055095/41/01/15/03 Rx MPH_INFO time ind
[1;34mDL1P[0;m <0007> l1sap.c:622 055096/41/02/16/04 Rx MPH_INFO time ind
[1;34mDL1P[0;m <0007> scheduler_virtbts.c:106 055096/41/02/16/04 (bts=0,trx=0,ts=0) CCCH: Sending GSMTAP message to virtual Um
[1;34mDL1P[0;m <0007> l1sap.c:622 055097/41/03/17/05 Rx MPH_INFO time ind
[1;34mDL1P[0;m <0007> l1sap.c:622 055098/41/04/18/06 Rx MPH_INFO time ind
[1;34mDL1P[0;m <0007> l1sap.c:622 055099/41/05/19/07 Rx MPH_INFO time ind
[1;34mDL1P[0;m <0007> l1sap.c:622 055100/41/06/20/08 Rx MPH_INFO time ind
[1;34mDL1P[0;m <0007> l1sap.c:622 055101/41/07/21/09 Rx MPH_INFO time ind
[1;34mDL1P[0;m <0007> l1sap.c:622 055102/41/08/22/10 Rx MPH_INFO time ind
[1;34mDL1P[0;m <0007> l1sap.c:622 055103/41/09/23/11 Rx MPH_INFO time ind
[1;34mDL1P[0;m <0007> l1sap.c:622 055104/41/10/24/12 Rx MPH_INFO time ind
[1;34mDL1P[0;m <0007> l1sap.c:622 055105/41/11/25/13 Rx MPH_INFO time ind
[1;34mDL1P[0;m <0007> l1sap.c:622 055106/41/12/26/14 Rx MPH_INFO time ind
[1;34mDL1P[0;m <0007> l1sap.c:622 055107/41/13/27/15 Rx MPH_INFO time ind
[1;34mDL1P[0;m <0007> l1sap.c:622 055108/41/14/28/16 Rx MPH_INFO time ind
[1;34mDL1P[0;m <0007> l1sap.c:622 055109/41/15/29/17 Rx MPH_INFO time ind
[1;34mDL1P[0;m <0007> l1sap.c:622 055110/41/16/30/18 Rx MPH_INFO time ind
[1;34mDL1P[0;m <0007> l1sap.c:622 055111/41/17/31/19 Rx MPH_INFO time ind
[1;34mDL1P[0;m <0007> l1sap.c:622 055112/41/18/32/20 Rx MPH_INFO time ind
[1;34mDL1P[0;m <0007> l1sap.c:622 055113/41/19/33/21 Rx MPH_INFO time ind
[1;34mDL1P[0;m <0007> l1sap.c:622 055114/41/20/34/22 Rx MPH_INFO time ind
[1;34mDL1P[0;m <0007> l1sap.c:622 055115/41/21/35/23 Rx MPH_INFO time ind
[1;34mDL1P[0;m <0007> l1sap.c:622 055116/41/22/36/24 Rx MPH_INFO time ind
[1;34mDL1P[0;m <0007> l1sap.c:622 055117/41/23/37/25 Rx MPH_INFO time ind
[1;34mDL1P[0;m <0007> l1sap.c:622 055118/41/24/38/26 Rx MPH_INFO time ind
[1;34mDL1P[0;m <0007> l1sap.c:622 055119/41/25/39/27 Rx MPH_INFO time ind
[1;34mDL1P[0;m <0007> l1sap.c:622 055120/41/00/40/28 Rx MPH_INFO time ind
[1;34mDL1P[0;m <0007> l1sap.c:622 055121/41/01/41/29 Rx MPH_INFO time ind
[1;34mDL1P[0;m <0007> l1sap.c:622 055122/41/02/42/30 Rx MPH_INFO time ind
[1;34mDL1P[0;m <0007> l1sap.c:622 055123/41/03/43/31 Rx MPH_INFO time ind
[1;34mDL1P[0;m <0007> l1sap.c:622 055124/41/04/44/32 Rx MPH_INFO time ind
[1;34mDL1P[0;m <0007> l1sap.c:622 055125/41/05/45/33 Rx MPH_INFO time ind
[1;34mDL1P[0;m <0007> l1sap.c:622 055126/41/06/46/34 Rx MPH_INFO time ind
[1;34mDL1P[0;m <0007> l1sap.c:622 055127/41/07/47/35 Rx MPH_INFO time ind
[1;34mDL1P[0;m <0007> l1sap.c:622 055128/41/08/48/36 Rx MPH_INFO time ind
[1;34mDL1P[0;m <0007> scheduler.c:911 055133/41/13/02/41 (bts=0,trx=0,ts=0) BCCH: PH-RTS.ind: chan_nr=0x80 link_id=0x00
[1;34mDL1P[0;m <0007> l1sap.c:1082 055133/41/13/02/41 Rx PH-RTS.ind chan_nr=BCCH on TS0 link_id=0x00d
[1;34mDL1P[0;m <0007> l1sap.c:1225 055133/41/13/02/41 Tx PH-DATA.req chan_nr=BCCH on TS0 link_id=0x00
[1;34mDL1P[0;m <0007> scheduler.c:842 055133/41/13/02/41 (bts=0,trx=0,ts=0) : PH-DATA.req: chan_nr=0x80 link_id=0x00
[1;34mDL1P[0;m <0007> l1sap.c:622 055129/41/09/49/37 Rx MPH_INFO time ind
[1;34mDL1P[0;m <0007> l1sap.c:622 055130/41/10/50/38 Rx MPH_INFO time ind
[1;34mDL1P[0;m <0007> l1sap.c:622 055131/41/11/00/39 Rx MPH_INFO time ind
[1;34mDL1P[0;m <0007> l1sap.c:622 055132/41/12/01/40 Rx MPH_INFO time ind
[1;34mDL1P[0;m <0007> scheduler.c:911 055137/41/17/06/45 (bts=0,trx=0,ts=0) CCCH: PH-RTS.ind: chan_nr=0x90 link_id=0x00
[1;34mDL1P[0;m <0007> l1sap.c:1082 055137/41/17/06/45 Rx PH-RTS.ind chan_nr=PCH/AGCH on TS0 link_id=0x00d
[1;34mDL1P[0;m <0007> l1sap.c:1225 055137/41/17/06/45 Tx PH-DATA.req chan_nr=PCH/AGCH on TS0 link_id=0x00
[1;34mDL1P[0;m <0007> scheduler.c:842 055137/41/17/06/45 (bts=0,trx=0,ts=0) : PH-DATA.req: chan_nr=0x90 link_id=0x00
[1;34mDL1P[0;m <0007> l1sap.c:622 055133/41/13/02/41 Rx MPH_INFO time ind
[1;34mDL1P[0;m <0007> scheduler_virtbts.c:106 055133/41/13/02/41 (bts=0,trx=0,ts=0) BCCH: Sending GSMTAP message to virtual Um
[1;34mDL1P[0;m <0007> l1sap.c:622 055134/41/14/03/42 Rx MPH_INFO time ind
[1;34mDL1P[0;m <0007> l1sap.c:622 055135/41/15/04/43 Rx MPH_INFO time ind
[1;34mDL1P[0;m <0007> l1sap.c:622 055136/41/16/05/44 Rx MPH_INFO time ind
[1;34mDL1P[0;m <0007> l1sap.c:622 055137/41/17/06/45 Rx MPH_INFO time ind
[1;34mDL1P[0;m <0007> scheduler_virtbts.c:106 055137/41/17/06/45 (bts=0,trx=0,ts=0) CCCH: Sending GSMTAP message to virtual Um
[1;34mDL1P[0;m <0007> l1sap.c:622 055138/41/18/07/46 Rx MPH_INFO time ind
[1;34mDL1P[0;m <0007> scheduler.c:911 055143/41/23/12/51 (bts=0,trx=0,ts=0) CCCH: PH-RTS.ind: chan_nr=0x90 link_id=0x00
[1;34mDL1P[0;m <0007> l1sap.c:1082 055143/41/23/12/51 Rx PH-RTS.ind chan_nr=PCH/AGCH on TS0 link_id=0x00d
[1;34mDL1P[0;m <0007> l1sap.c:1225 055143/41/23/12/51 Tx PH-DATA.req chan_nr=PCH/AGCH on TS0 link_id=0x00
[1;34mDL1P[0;m <0007> scheduler.c:842 055143/41/23/12/51 (bts=0,trx=0,ts=0) : PH-DATA.req: chan_nr=0x90 link_id=0x00
[1;34mDL1P[0;m <0007> l1sap.c:622 055139/41/19/08/47 Rx MPH_INFO time ind
[1;34mDL1P[0;m <0007> l1sap.c:622 055140/41/20/09/48 Rx MPH_INFO time ind
[1;34mDL1P[0;m <0007> l1sap.c:622 055141/41/21/10/49 Rx MPH_INFO time ind
[1;34mDL1P[0;m <0007> l1sap.c:622 055142/41/22/11/50 Rx MPH_INFO time ind
[1;34mDL1P[0;m <0007> scheduler.c:911 055147/41/01/16/03 (bts=0,trx=0,ts=0) CCCH: PH-RTS.ind: chan_nr=0x90 link_id=0x00
[1;34mDL1P[0;m <0007> l1sap.c:1082 055147/41/01/16/03 Rx PH-RTS.ind chan_nr=PCH/AGCH on TS0 link_id=0x00d
[1;34mDL1P[0;m <0007> l1sap.c:1225 055147/41/01/16/03 Tx PH-DATA.req chan_nr=PCH/AGCH on TS0 link_id=0x00
[1;34mDL1P[0;m <0007> scheduler.c:842 055147/41/01/16/03 (bts=0,trx=0,ts=0) : PH-DATA.req: chan_nr=0x90 link_id=0x00
[1;34mDL1P[0;m <0007> l1sap.c:622 055143/41/23/12/51 Rx MPH_INFO time ind
[1;34mDL1P[0;m <0007> scheduler_virtbts.c:106 055143/41/23/12/51 (bts=0,trx=0,ts=0) CCCH: Sending GSMTAP message to virtual Um
[1;34mDL1P[0;m <0007> l1sap.c:622 055144/41/24/13/00 Rx MPH_INFO time ind
[1;34mDL1P[0;m <0007> l1sap.c:622 055145/41/25/14/01 Rx MPH_INFO time ind
[1;34mDL1P[0;m <0007> l1sap.c:622 055146/41/00/15/02 Rx MPH_INFO time ind
[1;34mDL1P[0;m <0007> l1sap.c:622 055147/41/01/16/03 Rx MPH_INFO time ind
[1;34mDL1P[0;m <0007> scheduler_virtbts.c:106 055147/41/01/16/03 (bts=0,trx=0,ts=0) CCCH: Sending GSMTAP message to virtual Um
[1;34mDL1P[0;m <0007> l1sap.c:622 055148/41/02/17/04 Rx MPH_INFO time ind
[1;34mDL1P[0;m <0007> l1sap.c:622 055149/41/03/18/05 Rx MPH_INFO time ind
[1;34mDL1P[0;m <0007> l1sap.c:622 055150/41/04/19/06 Rx MPH_INFO time ind
[1;34mDL1P[0;m <0007> l1sap.c:622 055151/41/05/20/07 Rx MPH_INFO time ind
[1;34mDL1P[0;m <0007> l1sap.c:622 055152/41/06/21/08 Rx MPH_INFO time ind
[1;34mDL1P[0;m <0007> l1sap.c:622 055153/41/07/22/09 Rx MPH_INFO time ind
[1;34mDL1P[0;m <0007> l1sap.c:622 055154/41/08/23/10 Rx MPH_INFO time ind
[1;34mDL1P[0;m <0007> l1sap.c:622 055155/41/09/24/11 Rx MPH_INFO time ind
[1;34mDL1P[0;m <0007> l1sap.c:622 055156/41/10/25/12 Rx MPH_INFO time ind
[1;34mDL1P[0;m <0007> l1sap.c:622 055157/41/11/26/13 Rx MPH_INFO time ind
[1;34mDL1P[0;m <0007> l1sap.c:622 055158/41/12/27/14 Rx MPH_INFO time ind
[1;34mDL1P[0;m <0007> l1sap.c:622 055159/41/13/28/15 Rx MPH_INFO time ind
[1;34mDL1P[0;m <0007> l1sap.c:622 055160/41/14/29/16 Rx MPH_INFO time ind
[1;34mDL1P[0;m <0007> l1sap.c:622 055161/41/15/30/17 Rx MPH_INFO time ind
[1;34mDL1P[0;m <0007> l1sap.c:622 055162/41/16/31/18 Rx MPH_INFO time ind
[1;34mDL1P[0;m <0007> l1sap.c:622 055163/41/17/32/19 Rx MPH_INFO time ind
[1;34mDL1P[0;m <0007> l1sap.c:622 055164/41/18/33/20 Rx MPH_INFO time ind
[1;34mDL1P[0;m <0007> l1sap.c:622 055165/41/19/34/21 Rx MPH_INFO time ind
[1;34mDL1P[0;m <0007> l1sap.c:622 055166/41/20/35/22 Rx MPH_INFO time ind
[1;34mDL1P[0;m <0007> l1sap.c:622 055167/41/21/36/23 Rx MPH_INFO time ind
[1;34mDL1P[0;m <0007> l1sap.c:622 055168/41/22/37/24 Rx MPH_INFO time ind
[1;34mDL1P[0;m <0007> l1sap.c:622 055169/41/23/38/25 Rx MPH_INFO time ind
[1;34mDL1P[0;m <0007> l1sap.c:622 055170/41/24/39/26 Rx MPH_INFO time ind
[1;34mDL1P[0;m <0007> l1sap.c:622 055171/41/25/40/27 Rx MPH_INFO time ind
[1;34mDL1P[0;m <0007> l1sap.c:622 055172/41/00/41/28 Rx MPH_INFO time ind
[1;34mDL1P[0;m <0007> l1sap.c:622 055173/41/01/42/29 Rx MPH_INFO time ind
[1;34mDL1P[0;m <0007> l1sap.c:622 055174/41/02/43/30 Rx MPH_INFO time ind
[1;34mDL1P[0;m <0007> l1sap.c:622 055175/41/03/44/31 Rx MPH_INFO time ind
[1;34mDL1P[0;m <0007> l1sap.c:622 055176/41/04/45/32 Rx MPH_INFO time ind
[1;34mDL1P[0;m <0007> l1sap.c:622 055177/41/05/46/33 Rx MPH_INFO time ind
[1;34mDL1P[0;m <0007> l1sap.c:622 055178/41/06/47/34 Rx MPH_INFO time ind
[1;34mDL1P[0;m <0007> l1sap.c:622 055179/41/07/48/35 Rx MPH_INFO time ind
[1;34mDL1P[0;m <0007> scheduler.c:911 055184/41/12/02/40 (bts=0,trx=0,ts=0) BCCH: PH-RTS.ind: chan_nr=0x80 link_id=0x00
[1;34mDL1P[0;m <0007> l1sap.c:1082 055184/41/12/02/40 Rx PH-RTS.ind chan_nr=BCCH on TS0 link_id=0x00d
[1;34mDL1P[0;m <0007> l1sap.c:1225 055184/41/12/02/40 Tx PH-DATA.req chan_nr=BCCH on TS0 link_id=0x00
[1;34mDL1P[0;m <0007> scheduler.c:842 055184/41/12/02/40 (bts=0,trx=0,ts=0) : PH-DATA.req: chan_nr=0x80 link_id=0x00
[1;34mDL1P[0;m <0007> l1sap.c:622 055180/41/08/49/36 Rx MPH_INFO time ind
[1;34mDL1P[0;m <0007> l1sap.c:622 055181/41/09/50/37 Rx MPH_INFO time ind
[1;34mDL1P[0;m <0007> l1sap.c:622 055182/41/10/00/38 Rx MPH_INFO time ind
[1;34mDL1P[0;m <0007> l1sap.c:622 055183/41/11/01/39 Rx MPH_INFO time ind
[1;34mDL1P[0;m <0007> scheduler.c:911 055188/41/16/06/44 (bts=0,trx=0,ts=0) CCCH: PH-RTS.ind: chan_nr=0x90 link_id=0x00
[1;34mDL1P[0;m <0007> l1sap.c:1082 055188/41/16/06/44 Rx PH-RTS.ind chan_nr=PCH/AGCH on TS0 link_id=0x00d
[1;34mDL1P[0;m <0007> l1sap.c:1225 055188/41/16/06/44 Tx PH-DATA.req chan_nr=PCH/AGCH on TS0 link_id=0x00
[1;34mDL1P[0;m <0007> scheduler.c:842 055188/41/16/06/44 (bts=0,trx=0,ts=0) : PH-DATA.req: chan_nr=0x90 link_id=0x00
[1;34mDL1P[0;m <0007> l1sap.c:622 055184/41/12/02/40 Rx MPH_INFO time ind
[1;34mDL1P[0;m <0007> scheduler_virtbts.c:106 055184/41/12/02/40 (bts=0,trx=0,ts=0) BCCH: Sending GSMTAP message to virtual Um
[1;34mDL1P[0;m <0007> l1sap.c:622 055185/41/13/03/41 Rx MPH_INFO time ind
[1;34mDL1P[0;m <0007> l1sap.c:622 055186/41/14/04/42 Rx MPH_INFO time ind
[1;34mDL1P[0;m <0007> l1sap.c:622 055187/41/15/05/43 Rx MPH_INFO time ind
[1;34mDL1P[0;m <0007> l1sap.c:622 055188/41/16/06/44 Rx MPH_INFO time ind
[1;34mDL1P[0;m <0007> scheduler_virtbts.c:106 055188/41/16/06/44 (bts=0,trx=0,ts=0) CCCH: Sending GSMTAP message to virtual Um
[1;34mDL1P[0;m <0007> l1sap.c:622 055189/41/17/07/45 Rx MPH_INFO time ind
[1;34mDL1P[0;m <0007> scheduler.c:911 055194/41/22/12/50 (bts=0,trx=0,ts=0) CCCH: PH-RTS.ind: chan_nr=0x90 link_id=0x00
[1;34mDL1P[0;m <0007> l1sap.c:1082 055194/41/22/12/50 Rx PH-RTS.ind chan_nr=PCH/AGCH on TS0 link_id=0x00d
[1;34mDL1P[0;m <0007> l1sap.c:1225 055194/41/22/12/50 Tx PH-DATA.req chan_nr=PCH/AGCH on TS0 link_id=0x00
[1;34mDL1P[0;m <0007> scheduler.c:842 055194/41/22/12/50 (bts=0,trx=0,ts=0) : PH-DATA.req: chan_nr=0x90 link_id=0x00
[1;34mDL1P[0;m <0007> l1sap.c:622 055190/41/18/08/46 Rx MPH_INFO time ind
[1;34mDL1P[0;m <0007> l1sap.c:622 055191/41/19/09/47 Rx MPH_INFO time ind
[1;34mDL1P[0;m <0007> l1sap.c:622 055192/41/20/10/48 Rx MPH_INFO time ind
[1;34mDL1P[0;m <0007> l1sap.c:622 055193/41/21/11/49 Rx MPH_INFO time ind
[1;34mDL1P[0;m <0007> scheduler.c:911 055198/41/00/16/02 (bts=0,trx=0,ts=0) CCCH: PH-RTS.ind: chan_nr=0x90 link_id=0x00
[1;34mDL1P[0;m <0007> l1sap.c:1082 055198/41/00/16/02 Rx PH-RTS.ind chan_nr=PCH/AGCH on TS0 link_id=0x00d
[1;34mDL1P[0;m <0007> l1sap.c:1225 055198/41/00/16/02 Tx PH-DATA.req chan_nr=PCH/AGCH on TS0 link_id=0x00
[1;34mDL1P[0;m <0007> scheduler.c:842 055198/41/00/16/02 (bts=0,trx=0,ts=0) : PH-DATA.req: chan_nr=0x90 link_id=0x00
[1;34mDL1P[0;m <0007> l1sap.c:622 055194/41/22/12/50 Rx MPH_INFO time ind
[1;34mDL1P[0;m <0007> scheduler_virtbts.c:106 055194/41/22/12/50 (bts=0,trx=0,ts=0) CCCH: Sending GSMTAP message to virtual Um
[1;34mDL1P[0;m <0007> l1sap.c:622 055195/41/23/13/51 Rx MPH_INFO time ind
[1;34mDL1P[0;m <0007> l1sap.c:622 055196/41/24/14/00 Rx MPH_INFO time ind
[1;34mDL1P[0;m <0007> l1sap.c:622 055197/41/25/15/01 Rx MPH_INFO time ind
[1;34mDL1P[0;m <0007> l1sap.c:622 055198/41/00/16/02 Rx MPH_INFO time ind
[1;34mDL1P[0;m <0007> scheduler_virtbts.c:106 055198/41/00/16/02 (bts=0,trx=0,ts=0) CCCH: Sending GSMTAP message to virtual Um
[1;34mDL1P[0;m <0007> l1sap.c:622 055199/41/01/17/03 Rx MPH_INFO time ind
[1;34mDL1P[0;m <0007> l1sap.c:622 055200/41/02/18/04 Rx MPH_INFO time ind
[1;34mDL1P[0;m <0007> l1sap.c:622 055201/41/03/19/05 Rx MPH_INFO time ind
[1;34mDL1P[0;m <0007> l1sap.c:622 055202/41/04/20/06 Rx MPH_INFO time ind
[1;34mDL1P[0;m <0007> l1sap.c:622 055203/41/05/21/07 Rx MPH_INFO time ind
[1;34mDL1P[0;m <0007> l1sap.c:622 055204/41/06/22/08 Rx MPH_INFO time ind
[1;34mDL1P[0;m <0007> l1sap.c:622 055205/41/07/23/09 Rx MPH_INFO time ind
[1;34mDL1P[0;m <0007> l1sap.c:622 055206/41/08/24/10 Rx MPH_INFO time ind
[1;34mDL1P[0;m <0007> l1sap.c:622 055207/41/09/25/11 Rx MPH_INFO time ind
[1;34mDL1P[0;m <0007> l1sap.c:622 055208/41/10/26/12 Rx MPH_INFO time ind
[1;34mDL1P[0;m <0007> l1sap.c:622 055209/41/11/27/13 Rx MPH_INFO time ind
[1;34mDL1P[0;m <0007> l1sap.c:622 055210/41/12/28/14 Rx MPH_INFO time ind
[1;34mDL1P[0;m <0007> l1sap.c:622 055211/41/13/29/15 Rx MPH_INFO time ind
[1;34mDL1P[0;m <0007> l1sap.c:622 055212/41/14/30/16 Rx MPH_INFO time ind
[1;34mDL1P[0;m <0007> l1sap.c:622 055213/41/15/31/17 Rx MPH_INFO time ind
[1;34mDL1P[0;m <0007> l1sap.c:622 055214/41/16/32/18 Rx MPH_INFO time ind
[1;34mDL1P[0;m <0007> l1sap.c:622 055215/41/17/33/19 Rx MPH_INFO time ind
[1;34mDL1P[0;m <0007> l1sap.c:622 055216/41/18/34/20 Rx MPH_INFO time ind
[1;34mDL1P[0;m <0007> l1sap.c:622 055217/41/19/35/21 Rx MPH_INFO time ind
[1;34mDL1P[0;m <0007> l1sap.c:622 055218/41/20/36/22 Rx MPH_INFO time ind
[1;34mDL1P[0;m <0007> l1sap.c:622 055219/41/21/37/23 Rx MPH_INFO time ind
[1;34mDL1P[0;m <0007> l1sap.c:622 055220/41/22/38/24 Rx MPH_INFO time ind
[1;34mDL1P[0;m <0007> l1sap.c:622 055221/41/23/39/25 Rx MPH_INFO time ind
[1;34mDL1P[0;m <0007> l1sap.c:622 055222/41/24/40/26 Rx MPH_INFO time ind
[1;34mDL1P[0;m <0007> l1sap.c:622 055223/41/25/41/27 Rx MPH_INFO time ind
[1;34mDL1P[0;m <0007> l1sap.c:622 055224/41/00/42/28 Rx MPH_INFO time ind
[1;34mDL1P[0;m <0007> l1sap.c:622 055225/41/01/43/29 Rx MPH_INFO time ind
[1;34mDL1P[0;m <0007> l1sap.c:622 055226/41/02/44/30 Rx MPH_INFO time ind
[1;34mDL1P[0;m <0007> l1sap.c:622 055227/41/03/45/31 Rx MPH_INFO time ind
[1;34mDL1P[0;m <0007> l1sap.c:622 055228/41/04/46/32 Rx MPH_INFO time ind
[1;34mDL1P[0;m <0007> l1sap.c:622 055229/41/05/47/33 Rx MPH_INFO time ind
[1;34mDL1P[0;m <0007> l1sap.c:622 055230/41/06/48/34 Rx MPH_INFO time ind
[1;34mDL1P[0;m <0007> scheduler.c:911 055235/41/11/02/39 (bts=0,trx=0,ts=0) BCCH: PH-RTS.ind: chan_nr=0x80 link_id=0x00
[1;34mDL1P[0;m <0007> l1sap.c:1082 055235/41/11/02/39 Rx PH-RTS.ind chan_nr=BCCH on TS0 link_id=0x00d
[1;34mDL1P[0;m <0007> l1sap.c:1225 055235/41/11/02/39 Tx PH-DATA.req chan_nr=BCCH on TS0 link_id=0x00
[1;34mDL1P[0;m <0007> scheduler.c:842 055235/41/11/02/39 (bts=0,trx=0,ts=0) : PH-DATA.req: chan_nr=0x80 link_id=0x00
[1;34mDL1P[0;m <0007> l1sap.c:622 055231/41/07/49/35 Rx MPH_INFO time ind
[1;34mDL1P[0;m <0007> l1sap.c:622 055232/41/08/50/36 Rx MPH_INFO time ind
[1;34mDL1P[0;m <0007> l1sap.c:622 055233/41/09/00/37 Rx MPH_INFO time ind
[1;34mDL1P[0;m <0007> l1sap.c:622 055234/41/10/01/38 Rx MPH_INFO time ind
[1;34mDL1P[0;m <0007> scheduler.c:911 055239/41/15/06/43 (bts=0,trx=0,ts=0) CCCH: PH-RTS.ind: chan_nr=0x90 link_id=0x00
[1;34mDL1P[0;m <0007> l1sap.c:1082 055239/41/15/06/43 Rx PH-RTS.ind chan_nr=PCH/AGCH on TS0 link_id=0x00d
[1;34mDL1P[0;m <0007> l1sap.c:1225 055239/41/15/06/43 Tx PH-DATA.req chan_nr=PCH/AGCH on TS0 link_id=0x00
[1;34mDL1P[0;m <0007> scheduler.c:842 055239/41/15/06/43 (bts=0,trx=0,ts=0) : PH-DATA.req: chan_nr=0x90 link_id=0x00
[1;34mDL1P[0;m <0007> l1sap.c:622 055235/41/11/02/39 Rx MPH_INFO time ind
[1;34mDL1P[0;m <0007> scheduler_virtbts.c:106 055235/41/11/02/39 (bts=0,trx=0,ts=0) BCCH: Sending GSMTAP message to virtual Um
[1;34mDL1P[0;m <0007> l1sap.c:622 055236/41/12/03/40 Rx MPH_INFO time ind
[1;34mDL1P[0;m <0007> l1sap.c:622 055237/41/13/04/41 Rx MPH_INFO time ind
[1;34mDL1P[0;m <0007> l1sap.c:622 055238/41/14/05/42 Rx MPH_INFO time ind
[1;34mDL1P[0;m <0007> l1sap.c:622 055239/41/15/06/43 Rx MPH_INFO time ind
[1;34mDL1P[0;m <0007> scheduler_virtbts.c:106 055239/41/15/06/43 (bts=0,trx=0,ts=0) CCCH: Sending GSMTAP message to virtual Um
[1;34mDL1P[0;m <0007> l1sap.c:622 055240/41/16/07/44 Rx MPH_INFO time ind
[1;34mDL1P[0;m <0007> scheduler.c:911 055245/41/21/12/49 (bts=0,trx=0,ts=0) CCCH: PH-RTS.ind: chan_nr=0x90 link_id=0x00
[1;34mDL1P[0;m <0007> l1sap.c:1082 055245/41/21/12/49 Rx PH-RTS.ind chan_nr=PCH/AGCH on TS0 link_id=0x00d
[1;34mDL1P[0;m <0007> l1sap.c:1225 055245/41/21/12/49 Tx PH-DATA.req chan_nr=PCH/AGCH on TS0 link_id=0x00
[1;34mDL1P[0;m <0007> scheduler.c:842 055245/41/21/12/49 (bts=0,trx=0,ts=0) : PH-DATA.req: chan_nr=0x90 link_id=0x00
[1;34mDL1P[0;m <0007> l1sap.c:622 055241/41/17/08/45 Rx MPH_INFO time ind
[1;34mDL1P[0;m <0007> l1sap.c:622 055242/41/18/09/46 Rx MPH_INFO time ind
[1;34mDL1P[0;m <0007> l1sap.c:622 055243/41/19/10/47 Rx MPH_INFO time ind
[1;34mDL1P[0;m <0007> l1sap.c:622 055244/41/20/11/48 Rx MPH_INFO time ind
[1;34mDL1P[0;m <0007> scheduler.c:911 055249/41/25/16/01 (bts=0,trx=0,ts=0) CCCH: PH-RTS.ind: chan_nr=0x90 link_id=0x00
[1;34mDL1P[0;m <0007> l1sap.c:1082 055249/41/25/16/01 Rx PH-RTS.ind chan_nr=PCH/AGCH on TS0 link_id=0x00d
[1;34mDL1P[0;m <0007> l1sap.c:1225 055249/41/25/16/01 Tx PH-DATA.req chan_nr=PCH/AGCH on TS0 link_id=0x00
[1;34mDL1P[0;m <0007> scheduler.c:842 055249/41/25/16/01 (bts=0,trx=0,ts=0) : PH-DATA.req: chan_nr=0x90 link_id=0x00
[1;34mDL1P[0;m <0007> l1sap.c:622 055245/41/21/12/49 Rx MPH_INFO time ind
[1;34mDL1P[0;m <0007> scheduler_virtbts.c:106 055245/41/21/12/49 (bts=0,trx=0,ts=0) CCCH: Sending GSMTAP message to virtual Um
[1;34mDL1P[0;m <0007> l1sap.c:622 055246/41/22/13/50 Rx MPH_INFO time ind
[1;34mDL1P[0;m <0007> l1sap.c:622 055247/41/23/14/51 Rx MPH_INFO time ind
[1;34mDL1P[0;m <0007> l1sap.c:622 055248/41/24/15/00 Rx MPH_INFO time ind
[1;34mDL1P[0;m <0007> l1sap.c:622 055249/41/25/16/01 Rx MPH_INFO time ind
[1;34mDL1P[0;m <0007> scheduler_virtbts.c:106 055249/41/25/16/01 (bts=0,trx=0,ts=0) CCCH: Sending GSMTAP message to virtual Um
[1;34mDL1P[0;m <0007> l1sap.c:622 055250/41/00/17/02 Rx MPH_INFO time ind
[1;34mDL1P[0;m <0007> l1sap.c:622 055251/41/01/18/03 Rx MPH_INFO time ind
[1;34mDL1P[0;m <0007> l1sap.c:622 055252/41/02/19/04 Rx MPH_INFO time ind
[1;34mDL1P[0;m <0007> l1sap.c:622 055253/41/03/20/05 Rx MPH_INFO time ind
[1;34mDL1P[0;m <0007> l1sap.c:622 055254/41/04/21/06 Rx MPH_INFO time ind
[1;34mDL1P[0;m <0007> l1sap.c:622 055255/41/05/22/07 Rx MPH_INFO time ind
[1;34mDL1P[0;m <0007> l1sap.c:622 055256/41/06/23/08 Rx MPH_INFO time ind
[1;34mDL1P[0;m <0007> l1sap.c:622 055257/41/07/24/09 Rx MPH_INFO time ind
[1;34mDL1P[0;m <0007> l1sap.c:622 055258/41/08/25/10 Rx MPH_INFO time ind
[1;34mDL1P[0;m <0007> l1sap.c:622 055259/41/09/26/11 Rx MPH_INFO time ind
[1;34mDL1P[0;m <0007> l1sap.c:622 055260/41/10/27/12 Rx MPH_INFO time ind
[1;34mDL1P[0;m <0007> l1sap.c:622 055261/41/11/28/13 Rx MPH_INFO time ind
[1;34mDL1P[0;m <0007> l1sap.c:622 055262/41/12/29/14 Rx MPH_INFO time ind
[1;34mDL1P[0;m <0007> l1sap.c:622 055263/41/13/30/15 Rx MPH_INFO time ind
[1;34mDL1P[0;m <0007> l1sap.c:622 055264/41/14/31/16 Rx MPH_INFO time ind
[1;34mDL1P[0;m <0007> l1sap.c:622 055265/41/15/32/17 Rx MPH_INFO time ind
[1;34mDL1P[0;m <0007> l1sap.c:622 055266/41/16/33/18 Rx MPH_INFO time ind
[1;34mDL1P[0;m <0007> l1sap.c:622 055267/41/17/34/19 Rx MPH_INFO time ind
[1;34mDL1P[0;m <0007> l1sap.c:622 055268/41/18/35/20 Rx MPH_INFO time ind
[1;34mDL1P[0;m <0007> l1sap.c:622 055269/41/19/36/21 Rx MPH_INFO time ind
[1;34mDL1P[0;m <0007> l1sap.c:622 055270/41/20/37/22 Rx MPH_INFO time ind
[1;34mDL1P[0;m <0007> l1sap.c:622 055271/41/21/38/23 Rx MPH_INFO time ind
[1;34mDL1P[0;m <0007> l1sap.c:622 055272/41/22/39/24 Rx MPH_INFO time ind
[1;34mDL1P[0;m <0007> l1sap.c:622 055273/41/23/40/25 Rx MPH_INFO time ind
[1;34mDL1P[0;m <0007> l1sap.c:622 055274/41/24/41/26 Rx MPH_INFO time ind
[1;34mDL1P[0;m <0007> l1sap.c:622 055275/41/25/42/27 Rx MPH_INFO time ind
[1;34mDL1P[0;m <0007> l1sap.c:622 055276/41/00/43/28 Rx MPH_INFO time ind
[1;34mDL1P[0;m <0007> l1sap.c:622 055277/41/01/44/29 Rx MPH_INFO time ind
[1;34mDL1P[0;m <0007> l1sap.c:622 055278/41/02/45/30 Rx MPH_INFO time ind
[1;34mDL1P[0;m <0007> l1sap.c:622 055279/41/03/46/31 Rx MPH_INFO time ind
[1;34mDL1P[0;m <0007> l1sap.c:622 055280/41/04/47/32 Rx MPH_INFO time ind
[1;34mDL1P[0;m <0007> l1sap.c:622 055281/41/05/48/33 Rx MPH_INFO time ind
[1;34mDL1P[0;m <0007> scheduler.c:911 055286/41/10/02/38 (bts=0,trx=0,ts=0) BCCH: PH-RTS.ind: chan_nr=0x80 link_id=0x00
[1;34mDL1P[0;m <0007> l1sap.c:1082 055286/41/10/02/38 Rx PH-RTS.ind chan_nr=BCCH on TS0 link_id=0x00d
[1;34mDL1P[0;m <0007> l1sap.c:1225 055286/41/10/02/38 Tx PH-DATA.req chan_nr=BCCH on TS0 link_id=0x00
[1;34mDL1P[0;m <0007> scheduler.c:842 055286/41/10/02/38 (bts=0,trx=0,ts=0) : PH-DATA.req: chan_nr=0x80 link_id=0x00
[1;34mDL1P[0;m <0007> l1sap.c:622 055282/41/06/49/34 Rx MPH_INFO time ind
[1;34mDL1P[0;m <0007> l1sap.c:622 055283/41/07/50/35 Rx MPH_INFO time ind
[1;34mDL1P[0;m <0007> l1sap.c:622 055284/41/08/00/36 Rx MPH_INFO time ind
[1;34mDL1P[0;m <0007> l1sap.c:622 055285/41/09/01/37 Rx MPH_INFO time ind
[1;34mDL1P[0;m <0007> scheduler.c:911 055290/41/14/06/42 (bts=0,trx=0,ts=0) CCCH: PH-RTS.ind: chan_nr=0x90 link_id=0x00
[1;34mDL1P[0;m <0007> l1sap.c:1082 055290/41/14/06/42 Rx PH-RTS.ind chan_nr=PCH/AGCH on TS0 link_id=0x00d
[1;34mDL1P[0;m <0007> l1sap.c:1225 055290/41/14/06/42 Tx PH-DATA.req chan_nr=PCH/AGCH on TS0 link_id=0x00
[1;34mDL1P[0;m <0007> scheduler.c:842 055290/41/14/06/42 (bts=0,trx=0,ts=0) : PH-DATA.req: chan_nr=0x90 link_id=0x00
[1;34mDL1P[0;m <0007> l1sap.c:622 055286/41/10/02/38 Rx MPH_INFO time ind
[1;34mDL1P[0;m <0007> scheduler_virtbts.c:106 055286/41/10/02/38 (bts=0,trx=0,ts=0) BCCH: Sending GSMTAP message to virtual Um
[1;34mDL1P[0;m <0007> l1sap.c:622 055287/41/11/03/39 Rx MPH_INFO time ind
[1;34mDL1P[0;m <0007> l1sap.c:622 055288/41/12/04/40 Rx MPH_INFO time ind
[1;34mDL1P[0;m <0007> l1sap.c:622 055289/41/13/05/41 Rx MPH_INFO time ind
[1;34mDL1P[0;m <0007> l1sap.c:622 055290/41/14/06/42 Rx MPH_INFO time ind
[1;34mDL1P[0;m <0007> scheduler_virtbts.c:106 055290/41/14/06/42 (bts=0,trx=0,ts=0) CCCH: Sending GSMTAP message to virtual Um
[1;34mDL1P[0;m <0007> l1sap.c:622 055291/41/15/07/43 Rx MPH_INFO time ind
[1;34mDL1P[0;m <0007> scheduler.c:911 055296/41/20/12/00 (bts=0,trx=0,ts=0) CCCH: PH-RTS.ind: chan_nr=0x90 link_id=0x00
[1;34mDL1P[0;m <0007> l1sap.c:1082 055296/41/20/12/00 Rx PH-RTS.ind chan_nr=PCH/AGCH on TS0 link_id=0x00d
[1;34mDL1P[0;m <0007> l1sap.c:1225 055296/41/20/12/00 Tx PH-DATA.req chan_nr=PCH/AGCH on TS0 link_id=0x00
[1;34mDL1P[0;m <0007> scheduler.c:842 055296/41/20/12/00 (bts=0,trx=0,ts=0) : PH-DATA.req: chan_nr=0x90 link_id=0x00
[1;34mDL1P[0;m <0007> l1sap.c:622 055292/41/16/08/44 Rx MPH_INFO time ind
[1;34mDL1P[0;m <0007> l1sap.c:622 055293/41/17/09/45 Rx MPH_INFO time ind
[1;34mDL1P[0;m <0007> l1sap.c:622 055294/41/18/10/46 Rx MPH_INFO time ind
[1;34mDL1P[0;m <0007> l1sap.c:622 055295/41/19/11/47 Rx MPH_INFO time ind
[1;34mDL1P[0;m <0007> scheduler.c:911 055300/41/24/16/04 (bts=0,trx=0,ts=0) CCCH: PH-RTS.ind: chan_nr=0x90 link_id=0x00
[1;34mDL1P[0;m <0007> l1sap.c:1082 055300/41/24/16/04 Rx PH-RTS.ind chan_nr=PCH/AGCH on TS0 link_id=0x00d
[1;34mDL1P[0;m <0007> l1sap.c:1225 055300/41/24/16/04 Tx PH-DATA.req chan_nr=PCH/AGCH on TS0 link_id=0x00
[1;34mDL1P[0;m <0007> scheduler.c:842 055300/41/24/16/04 (bts=0,trx=0,ts=0) : PH-DATA.req: chan_nr=0x90 link_id=0x00
[1;34mDL1P[0;m <0007> l1sap.c:622 055296/41/20/12/00 Rx MPH_INFO time ind
[1;34mDL1P[0;m <0007> scheduler_virtbts.c:106 055296/41/20/12/00 (bts=0,trx=0,ts=0) CCCH: Sending GSMTAP message to virtual Um
[1;34mDL1P[0;m <0007> l1sap.c:622 055297/41/21/13/01 Rx MPH_INFO time ind
[1;34mDL1P[0;m <0007> l1sap.c:622 055298/41/22/14/02 Rx MPH_INFO time ind
[1;34mDL1P[0;m <0007> l1sap.c:622 055299/41/23/15/03 Rx MPH_INFO time ind
[1;34mDL1P[0;m <0007> l1sap.c:622 055300/41/24/16/04 Rx MPH_INFO time ind
[1;34mDL1P[0;m <0007> scheduler_virtbts.c:106 055300/41/24/16/04 (bts=0,trx=0,ts=0) CCCH: Sending GSMTAP message to virtual Um
[1;34mDL1P[0;m <0007> l1sap.c:622 055301/41/25/17/05 Rx MPH_INFO time ind
[1;34mDL1P[0;m <0007> l1sap.c:622 055302/41/00/18/06 Rx MPH_INFO time ind
[1;34mDL1P[0;m <0007> l1sap.c:622 055303/41/01/19/07 Rx MPH_INFO time ind
[1;34mDL1P[0;m <0007> l1sap.c:622 055304/41/02/20/08 Rx MPH_INFO time ind
[1;34mDL1P[0;m <0007> l1sap.c:622 055305/41/03/21/09 Rx MPH_INFO time ind
[1;34mDL1P[0;m <0007> l1sap.c:622 055306/41/04/22/10 Rx MPH_INFO time ind
[1;34mDL1P[0;m <0007> l1sap.c:622 055307/41/05/23/11 Rx MPH_INFO time ind
[1;34mDL1P[0;m <0007> l1sap.c:622 055308/41/06/24/12 Rx MPH_INFO time ind
[1;34mDL1P[0;m <0007> l1sap.c:622 055309/41/07/25/13 Rx MPH_INFO time ind
[1;34mDL1P[0;m <0007> l1sap.c:622 055310/41/08/26/14 Rx MPH_INFO time ind
[1;34mDL1P[0;m <0007> l1sap.c:622 055311/41/09/27/15 Rx MPH_INFO time ind
[1;34mDL1P[0;m <0007> l1sap.c:622 055312/41/10/28/16 Rx MPH_INFO time ind
[1;34mDL1P[0;m <0007> l1sap.c:622 055313/41/11/29/17 Rx MPH_INFO time ind
[1;34mDL1P[0;m <0007> l1sap.c:622 055314/41/12/30/18 Rx MPH_INFO time ind
[1;34mDL1P[0;m <0007> l1sap.c:622 055315/41/13/31/19 Rx MPH_INFO time ind
[1;34mDL1P[0;m <0007> l1sap.c:622 055316/41/14/32/20 Rx MPH_INFO time ind
[1;34mDL1P[0;m <0007> l1sap.c:622 055317/41/15/33/21 Rx MPH_INFO time ind
[1;34mDL1P[0;m <0007> l1sap.c:622 055318/41/16/34/22 Rx MPH_INFO time ind
[1;34mDL1P[0;m <0007> l1sap.c:622 055319/41/17/35/23 Rx MPH_INFO time ind
[1;34mDL1P[0;m <0007> l1sap.c:622 055320/41/18/36/24 Rx MPH_INFO time ind
[1;34mDL1P[0;m <0007> l1sap.c:622 055321/41/19/37/25 Rx MPH_INFO time ind
[1;34mDL1P[0;m <0007> l1sap.c:622 055322/41/20/38/26 Rx MPH_INFO time ind
[1;34mDL1P[0;m <0007> l1sap.c:622 055323/41/21/39/27 Rx MPH_INFO time ind
[1;34mDL1P[0;m <0007> l1sap.c:622 055324/41/22/40/28 Rx MPH_INFO time ind
[1;34mDL1P[0;m <0007> l1sap.c:622 055325/41/23/41/29 Rx MPH_INFO time ind
[1;34mDL1P[0;m <0007> l1sap.c:622 055326/41/24/42/30 Rx MPH_INFO time ind
[1;34mDL1P[0;m <0007> l1sap.c:622 055327/41/25/43/31 Rx MPH_INFO time ind
[1;34mDL1P[0;m <0007> l1sap.c:622 055328/41/00/44/32 Rx MPH_INFO time ind
[1;34mDL1P[0;m <0007> l1sap.c:622 055329/41/01/45/33 Rx MPH_INFO time ind
[1;34mDL1P[0;m <0007> l1sap.c:622 055330/41/02/46/34 Rx MPH_INFO time ind
[1;34mDL1P[0;m <0007> l1sap.c:622 055331/41/03/47/35 Rx MPH_INFO time ind
[1;34mDL1P[0;m <0007> l1sap.c:622 055332/41/04/48/36 Rx MPH_INFO time ind
[1;34mDL1P[0;m <0007> scheduler.c:911 055337/41/09/02/41 (bts=0,trx=0,ts=0) BCCH: PH-RTS.ind: chan_nr=0x80 link_id=0x00
[1;34mDL1P[0;m <0007> l1sap.c:1082 055337/41/09/02/41 Rx PH-RTS.ind chan_nr=BCCH on TS0 link_id=0x00d
[1;34mDL1P[0;m <0007> l1sap.c:1225 055337/41/09/02/41 Tx PH-DATA.req chan_nr=BCCH on TS0 link_id=0x00
[1;34mDL1P[0;m <0007> scheduler.c:842 055337/41/09/02/41 (bts=0,trx=0,ts=0) : PH-DATA.req: chan_nr=0x80 link_id=0x00
[1;34mDL1P[0;m <0007> l1sap.c:622 055333/41/05/49/37 Rx MPH_INFO time ind
[1;34mDL1P[0;m <0007> l1sap.c:622 055334/41/06/50/38 Rx MPH_INFO time ind
[1;34mDL1P[0;m <0007> l1sap.c:622 055335/41/07/00/39 Rx MPH_INFO time ind
[1;34mDL1P[0;m <0007> l1sap.c:622 055336/41/08/01/40 Rx MPH_INFO time ind
[1;34mDL1P[0;m <0007> scheduler.c:911 055341/41/13/06/45 (bts=0,trx=0,ts=0) CCCH: PH-RTS.ind: chan_nr=0x90 link_id=0x00
[1;34mDL1P[0;m <0007> l1sap.c:1082 055341/41/13/06/45 Rx PH-RTS.ind chan_nr=PCH/AGCH on TS0 link_id=0x00d
[1;34mDL1P[0;m <0007> l1sap.c:1225 055341/41/13/06/45 Tx PH-DATA.req chan_nr=PCH/AGCH on TS0 link_id=0x00
[1;34mDL1P[0;m <0007> scheduler.c:842 055341/41/13/06/45 (bts=0,trx=0,ts=0) : PH-DATA.req: chan_nr=0x90 link_id=0x00
[1;34mDL1P[0;m <0007> l1sap.c:622 055337/41/09/02/41 Rx MPH_INFO time ind
[1;34mDL1P[0;m <0007> scheduler_virtbts.c:106 055337/41/09/02/41 (bts=0,trx=0,ts=0) BCCH: Sending GSMTAP message to virtual Um
[1;34mDL1P[0;m <0007> l1sap.c:622 055338/41/10/03/42 Rx MPH_INFO time ind
[1;34mDL1P[0;m <0007> l1sap.c:622 055339/41/11/04/43 Rx MPH_INFO time ind
[1;34mDL1P[0;m <0007> l1sap.c:622 055340/41/12/05/44 Rx MPH_INFO time ind
[1;34mDL1P[0;m <0007> l1sap.c:622 055341/41/13/06/45 Rx MPH_INFO time ind
[1;34mDL1P[0;m <0007> scheduler_virtbts.c:106 055341/41/13/06/45 (bts=0,trx=0,ts=0) CCCH: Sending GSMTAP message to virtual Um
[1;34mDL1P[0;m <0007> l1sap.c:622 055342/41/14/07/46 Rx MPH_INFO time ind
[1;34mDL1P[0;m <0007> scheduler.c:911 055347/41/19/12/51 (bts=0,trx=0,ts=0) CCCH: PH-RTS.ind: chan_nr=0x90 link_id=0x00
[1;34mDL1P[0;m <0007> l1sap.c:1082 055347/41/19/12/51 Rx PH-RTS.ind chan_nr=PCH/AGCH on TS0 link_id=0x00d
[1;34mDL1P[0;m <0007> l1sap.c:1225 055347/41/19/12/51 Tx PH-DATA.req chan_nr=PCH/AGCH on TS0 link_id=0x00
[1;34mDL1P[0;m <0007> scheduler.c:842 055347/41/19/12/51 (bts=0,trx=0,ts=0) : PH-DATA.req: chan_nr=0x90 link_id=0x00
[1;34mDL1P[0;m <0007> l1sap.c:622 055343/41/15/08/47 Rx MPH_INFO time ind
[1;34mDL1P[0;m <0007> l1sap.c:622 055344/41/16/09/48 Rx MPH_INFO time ind
[1;34mDL1P[0;m <0007> l1sap.c:622 055345/41/17/10/49 Rx MPH_INFO time ind
[1;34mDL1P[0;m <0007> l1sap.c:622 055346/41/18/11/50 Rx MPH_INFO time ind
[1;34mDL1P[0;m <0007> scheduler.c:911 055351/41/23/16/03 (bts=0,trx=0,ts=0) CCCH: PH-RTS.ind: chan_nr=0x90 link_id=0x00
[1;34mDL1P[0;m <0007> l1sap.c:1082 055351/41/23/16/03 Rx PH-RTS.ind chan_nr=PCH/AGCH on TS0 link_id=0x00d
[1;34mDL1P[0;m <0007> l1sap.c:1225 055351/41/23/16/03 Tx PH-DATA.req chan_nr=PCH/AGCH on TS0 link_id=0x00
[1;34mDL1P[0;m <0007> scheduler.c:842 055351/41/23/16/03 (bts=0,trx=0,ts=0) : PH-DATA.req: chan_nr=0x90 link_id=0x00
[1;34mDL1P[0;m <0007> l1sap.c:622 055347/41/19/12/51 Rx MPH_INFO time ind
[1;34mDL1P[0;m <0007> scheduler_virtbts.c:106 055347/41/19/12/51 (bts=0,trx=0,ts=0) CCCH: Sending GSMTAP message to virtual Um
[1;34mDL1P[0;m <0007> l1sap.c:622 055348/41/20/13/00 Rx MPH_INFO time ind
[1;34mDL1P[0;m <0007> l1sap.c:622 055349/41/21/14/01 Rx MPH_INFO time ind
[1;34mDL1P[0;m <0007> l1sap.c:622 055350/41/22/15/02 Rx MPH_INFO time ind
[1;34mDL1P[0;m <0007> l1sap.c:622 055351/41/23/16/03 Rx MPH_INFO time ind
[1;34mDL1P[0;m <0007> scheduler_virtbts.c:106 055351/41/23/16/03 (bts=0,trx=0,ts=0) CCCH: Sending GSMTAP message to virtual Um
[1;34mDL1P[0;m <0007> l1sap.c:622 055352/41/24/17/04 Rx MPH_INFO time ind
[1;34mDL1P[0;m <0007> l1sap.c:622 055353/41/25/18/05 Rx MPH_INFO time ind
[1;34mDL1P[0;m <0007> l1sap.c:622 055354/41/00/19/06 Rx MPH_INFO time ind
[1;34mDL1P[0;m <0007> l1sap.c:622 055355/41/01/20/07 Rx MPH_INFO time ind
[1;34mDL1P[0;m <0007> l1sap.c:622 055356/41/02/21/08 Rx MPH_INFO time ind
[1;34mDL1P[0;m <0007> l1sap.c:622 055357/41/03/22/09 Rx MPH_INFO time ind
[1;34mDL1P[0;m <0007> l1sap.c:622 055358/41/04/23/10 Rx MPH_INFO time ind
[1;34mDL1P[0;m <0007> l1sap.c:622 055359/41/05/24/11 Rx MPH_INFO time ind
[1;34mDL1P[0;m <0007> l1sap.c:622 055360/41/06/25/12 Rx MPH_INFO time ind
[1;34mDL1P[0;m <0007> l1sap.c:622 055361/41/07/26/13 Rx MPH_INFO time ind
[1;34mDL1P[0;m <0007> l1sap.c:622 055362/41/08/27/14 Rx MPH_INFO time ind
[1;34mDL1P[0;m <0007> l1sap.c:622 055363/41/09/28/15 Rx MPH_INFO time ind
[1;34mDL1P[0;m <0007> l1sap.c:622 055364/41/10/29/16 Rx MPH_INFO time ind
[1;34mDL1P[0;m <0007> l1sap.c:622 055365/41/11/30/17 Rx MPH_INFO time ind
[1;34mDL1P[0;m <0007> l1sap.c:622 055366/41/12/31/18 Rx MPH_INFO time ind
[1;34mDL1P[0;m <0007> l1sap.c:622 055367/41/13/32/19 Rx MPH_INFO time ind
[1;34mDL1P[0;m <0007> l1sap.c:622 055368/41/14/33/20 Rx MPH_INFO time ind
[1;34mDL1P[0;m <0007> l1sap.c:622 055369/41/15/34/21 Rx MPH_INFO time ind
[1;34mDL1P[0;m <0007> l1sap.c:622 055370/41/16/35/22 Rx MPH_INFO time ind
[1;34mDL1P[0;m <0007> l1sap.c:622 055371/41/17/36/23 Rx MPH_INFO time ind
[1;34mDL1P[0;m <0007> l1sap.c:622 055372/41/18/37/24 Rx MPH_INFO time ind
[1;34mDL1P[0;m <0007> l1sap.c:622 055373/41/19/38/25 Rx MPH_INFO time ind
[1;34mDL1P[0;m <0007> l1sap.c:622 055374/41/20/39/26 Rx MPH_INFO time ind
[1;34mDL1P[0;m <0007> l1sap.c:622 055375/41/21/40/27 Rx MPH_INFO time ind
[1;34mDL1P[0;m <0007> l1sap.c:622 055376/41/22/41/28 Rx MPH_INFO time ind
[1;34mDL1P[0;m <0007> l1sap.c:622 055377/41/23/42/29 Rx MPH_INFO time ind
[1;34mDL1P[0;m <0007> l1sap.c:622 055378/41/24/43/30 Rx MPH_INFO time ind
[1;34mDL1P[0;m <0007> l1sap.c:622 055379/41/25/44/31 Rx MPH_INFO time ind
[1;34mDL1P[0;m <0007> l1sap.c:622 055380/41/00/45/32 Rx MPH_INFO time ind
[1;34mDL1P[0;m <0007> l1sap.c:622 055381/41/01/46/33 Rx MPH_INFO time ind
[1;34mDL1P[0;m <0007> l1sap.c:622 055382/41/02/47/34 Rx MPH_INFO time ind
[1;34mDL1P[0;m <0007> l1sap.c:622 055383/41/03/48/35 Rx MPH_INFO time ind
[1;34mDL1P[0;m <0007> scheduler.c:911 055388/41/08/02/40 (bts=0,trx=0,ts=0) BCCH: PH-RTS.ind: chan_nr=0x80 link_id=0x00
[1;34mDL1P[0;m <0007> l1sap.c:1082 055388/41/08/02/40 Rx PH-RTS.ind chan_nr=BCCH on TS0 link_id=0x00d
[1;34mDL1P[0;m <0007> l1sap.c:1225 055388/41/08/02/40 Tx PH-DATA.req chan_nr=BCCH on TS0 link_id=0x00
[1;34mDL1P[0;m <0007> scheduler.c:842 055388/41/08/02/40 (bts=0,trx=0,ts=0) : PH-DATA.req: chan_nr=0x80 link_id=0x00
[1;34mDL1P[0;m <0007> l1sap.c:622 055384/41/04/49/36 Rx MPH_INFO time ind
[1;34mDL1P[0;m <0007> l1sap.c:622 055385/41/05/50/37 Rx MPH_INFO time ind
[1;34mDL1P[0;m <0007> l1sap.c:622 055386/41/06/00/38 Rx MPH_INFO time ind
[1;34mDL1P[0;m <0007> l1sap.c:622 055387/41/07/01/39 Rx MPH_INFO time ind
[1;34mDL1P[0;m <0007> scheduler.c:911 055392/41/12/06/44 (bts=0,trx=0,ts=0) CCCH: PH-RTS.ind: chan_nr=0x90 link_id=0x00
[1;34mDL1P[0;m <0007> l1sap.c:1082 055392/41/12/06/44 Rx PH-RTS.ind chan_nr=PCH/AGCH on TS0 link_id=0x00d
[1;34mDL1P[0;m <0007> l1sap.c:1225 055392/41/12/06/44 Tx PH-DATA.req chan_nr=PCH/AGCH on TS0 link_id=0x00
[1;34mDL1P[0;m <0007> scheduler.c:842 055392/41/12/06/44 (bts=0,trx=0,ts=0) : PH-DATA.req: chan_nr=0x90 link_id=0x00
[1;34mDL1P[0;m <0007> l1sap.c:622 055388/41/08/02/40 Rx MPH_INFO time ind
[1;34mDL1P[0;m <0007> scheduler_virtbts.c:106 055388/41/08/02/40 (bts=0,trx=0,ts=0) BCCH: Sending GSMTAP message to virtual Um
[1;34mDL1P[0;m <0007> l1sap.c:622 055389/41/09/03/41 Rx MPH_INFO time ind
[1;34mDL1P[0;m <0007> l1sap.c:622 055390/41/10/04/42 Rx MPH_INFO time ind
[1;34mDL1P[0;m <0007> l1sap.c:622 055391/41/11/05/43 Rx MPH_INFO time ind
[1;34mDL1P[0;m <0007> l1sap.c:622 055392/41/12/06/44 Rx MPH_INFO time ind
[1;34mDL1P[0;m <0007> scheduler_virtbts.c:106 055392/41/12/06/44 (bts=0,trx=0,ts=0) CCCH: Sending GSMTAP message to virtual Um
[1;34mDL1P[0;m <0007> l1sap.c:622 055393/41/13/07/45 Rx MPH_INFO time ind
[1;34mDL1P[0;m <0007> scheduler.c:911 055398/41/18/12/50 (bts=0,trx=0,ts=0) CCCH: PH-RTS.ind: chan_nr=0x90 link_id=0x00
[1;34mDL1P[0;m <0007> l1sap.c:1082 055398/41/18/12/50 Rx PH-RTS.ind chan_nr=PCH/AGCH on TS0 link_id=0x00d
[1;34mDL1P[0;m <0007> l1sap.c:1225 055398/41/18/12/50 Tx PH-DATA.req chan_nr=PCH/AGCH on TS0 link_id=0x00
[1;34mDL1P[0;m <0007> scheduler.c:842 055398/41/18/12/50 (bts=0,trx=0,ts=0) : PH-DATA.req: chan_nr=0x90 link_id=0x00
[1;34mDL1P[0;m <0007> l1sap.c:622 055394/41/14/08/46 Rx MPH_INFO time ind
[1;34mDL1P[0;m <0007> l1sap.c:622 055395/41/15/09/47 Rx MPH_INFO time ind
[1;34mDL1P[0;m <0007> l1sap.c:622 055396/41/16/10/48 Rx MPH_INFO time ind
[1;34mDL1P[0;m <0007> l1sap.c:622 055397/41/17/11/49 Rx MPH_INFO time ind
[1;34mDL1P[0;m <0007> scheduler.c:911 055402/41/22/16/02 (bts=0,trx=0,ts=0) CCCH: PH-RTS.ind: chan_nr=0x90 link_id=0x00
[1;34mDL1P[0;m <0007> l1sap.c:1082 055402/41/22/16/02 Rx PH-RTS.ind chan_nr=PCH/AGCH on TS0 link_id=0x00d
[1;34mDL1P[0;m <0007> l1sap.c:1225 055402/41/22/16/02 Tx PH-DATA.req chan_nr=PCH/AGCH on TS0 link_id=0x00
[1;34mDL1P[0;m <0007> scheduler.c:842 055402/41/22/16/02 (bts=0,trx=0,ts=0) : PH-DATA.req: chan_nr=0x90 link_id=0x00
[1;34mDL1P[0;m <0007> l1sap.c:622 055398/41/18/12/50 Rx MPH_INFO time ind
[1;34mDL1P[0;m <0007> scheduler_virtbts.c:106 055398/41/18/12/50 (bts=0,trx=0,ts=0) CCCH: Sending GSMTAP message to virtual Um
[1;34mDL1P[0;m <0007> l1sap.c:622 055399/41/19/13/51 Rx MPH_INFO time ind
[1;34mDL1P[0;m <0007> l1sap.c:622 055400/41/20/14/00 Rx MPH_INFO time ind
[1;34mDL1P[0;m <0007> l1sap.c:622 055401/41/21/15/01 Rx MPH_INFO time ind
[1;34mDL1P[0;m <0007> l1sap.c:622 055402/41/22/16/02 Rx MPH_INFO time ind
[1;34mDL1P[0;m <0007> scheduler_virtbts.c:106 055402/41/22/16/02 (bts=0,trx=0,ts=0) CCCH: Sending GSMTAP message to virtual Um
[1;34mDL1P[0;m <0007> l1sap.c:622 055403/41/23/17/03 Rx MPH_INFO time ind
[1;34mDL1P[0;m <0007> l1sap.c:622 055404/41/24/18/04 Rx MPH_INFO time ind
[1;34mDL1P[0;m <0007> l1sap.c:622 055405/41/25/19/05 Rx MPH_INFO time ind
[1;34mDL1P[0;m <0007> l1sap.c:622 055406/41/00/20/06 Rx MPH_INFO time ind
[1;34mDL1P[0;m <0007> l1sap.c:622 055407/41/01/21/07 Rx MPH_INFO time ind
[1;34mDL1P[0;m <0007> l1sap.c:622 055408/41/02/22/08 Rx MPH_INFO time ind
[1;34mDL1P[0;m <0007> l1sap.c:622 055409/41/03/23/09 Rx MPH_INFO time ind
[1;34mDL1P[0;m <0007> l1sap.c:622 055410/41/04/24/10 Rx MPH_INFO time ind
[1;34mDL1P[0;m <0007> l1sap.c:622 055411/41/05/25/11 Rx MPH_INFO time ind
[1;34mDL1P[0;m <0007> l1sap.c:622 055412/41/06/26/12 Rx MPH_INFO time ind
[1;34mDL1P[0;m <0007> l1sap.c:622 055413/41/07/27/13 Rx MPH_INFO time ind
[1;34mDL1P[0;m <0007> l1sap.c:622 055414/41/08/28/14 Rx MPH_INFO time ind
[1;34mDL1P[0;m <0007> l1sap.c:622 055415/41/09/29/15 Rx MPH_INFO time ind
[1;34mDL1P[0;m <0007> l1sap.c:622 055416/41/10/30/16 Rx MPH_INFO time ind
[1;34mDL1P[0;m <0007> l1sap.c:622 055417/41/11/31/17 Rx MPH_INFO time ind
[1;34mDL1P[0;m <0007> l1sap.c:622 055418/41/12/32/18 Rx MPH_INFO time ind
[1;34mDL1P[0;m <0007> l1sap.c:622 055419/41/13/33/19 Rx MPH_INFO time ind
[1;34mDL1P[0;m <0007> l1sap.c:622 055420/41/14/34/20 Rx MPH_INFO time ind
[1;34mDL1P[0;m <0007> l1sap.c:622 055421/41/15/35/21 Rx MPH_INFO time ind
[1;34mDL1P[0;m <0007> l1sap.c:622 055422/41/16/36/22 Rx MPH_INFO time ind
[1;34mDL1P[0;m <0007> l1sap.c:622 055423/41/17/37/23 Rx MPH_INFO time ind
[1;34mDL1P[0;m <0007> l1sap.c:622 055424/41/18/38/24 Rx MPH_INFO time ind
[1;34mDL1P[0;m <0007> l1sap.c:622 055425/41/19/39/25 Rx MPH_INFO time ind
[1;34mDL1P[0;m <0007> l1sap.c:622 055426/41/20/40/26 Rx MPH_INFO time ind
[1;34mDL1P[0;m <0007> l1sap.c:622 055427/41/21/41/27 Rx MPH_INFO time ind
[1;34mDL1P[0;m <0007> l1sap.c:622 055428/41/22/42/28 Rx MPH_INFO time ind
[1;34mDL1P[0;m <0007> l1sap.c:622 055429/41/23/43/29 Rx MPH_INFO time ind
[1;34mDL1P[0;m <0007> l1sap.c:622 055430/41/24/44/30 Rx MPH_INFO time ind
[1;34mDL1P[0;m <0007> l1sap.c:622 055431/41/25/45/31 Rx MPH_INFO time ind
[1;34mDL1P[0;m <0007> l1sap.c:622 055432/41/00/46/32 Rx MPH_INFO time ind
[1;34mDL1P[0;m <0007> l1sap.c:622 055433/41/01/47/33 Rx MPH_INFO time ind
[1;34mDL1P[0;m <0007> l1sap.c:622 055434/41/02/48/34 Rx MPH_INFO time ind
[1;34mDL1P[0;m <0007> scheduler.c:911 055439/41/07/02/39 (bts=0,trx=0,ts=0) BCCH: PH-RTS.ind: chan_nr=0x80 link_id=0x00
[1;34mDL1P[0;m <0007> l1sap.c:1082 055439/41/07/02/39 Rx PH-RTS.ind chan_nr=BCCH on TS0 link_id=0x00d
[1;34mDL1P[0;m <0007> l1sap.c:1225 055439/41/07/02/39 Tx PH-DATA.req chan_nr=BCCH on TS0 link_id=0x00
[1;34mDL1P[0;m <0007> scheduler.c:842 055439/41/07/02/39 (bts=0,trx=0,ts=0) : PH-DATA.req: chan_nr=0x80 link_id=0x00
[1;34mDL1P[0;m <0007> l1sap.c:622 055435/41/03/49/35 Rx MPH_INFO time ind
[1;34mDL1P[0;m <0007> l1sap.c:622 055436/41/04/50/36 Rx MPH_INFO time ind
[1;34mDL1P[0;m <0007> l1sap.c:622 055437/41/05/00/37 Rx MPH_INFO time ind
[1;34mDL1P[0;m <0007> l1sap.c:622 055438/41/06/01/38 Rx MPH_INFO time ind
[1;34mDL1P[0;m <0007> scheduler.c:911 055443/41/11/06/43 (bts=0,trx=0,ts=0) CCCH: PH-RTS.ind: chan_nr=0x90 link_id=0x00
[1;34mDL1P[0;m <0007> l1sap.c:1082 055443/41/11/06/43 Rx PH-RTS.ind chan_nr=PCH/AGCH on TS0 link_id=0x00d
[1;34mDL1P[0;m <0007> l1sap.c:1225 055443/41/11/06/43 Tx PH-DATA.req chan_nr=PCH/AGCH on TS0 link_id=0x00
[1;34mDL1P[0;m <0007> scheduler.c:842 055443/41/11/06/43 (bts=0,trx=0,ts=0) : PH-DATA.req: chan_nr=0x90 link_id=0x00
[1;34mDL1P[0;m <0007> l1sap.c:622 055439/41/07/02/39 Rx MPH_INFO time ind
[1;34mDL1P[0;m <0007> scheduler_virtbts.c:106 055439/41/07/02/39 (bts=0,trx=0,ts=0) BCCH: Sending GSMTAP message to virtual Um
[1;34mDL1P[0;m <0007> l1sap.c:622 055440/41/08/03/40 Rx MPH_INFO time ind
[1;34mDL1P[0;m <0007> l1sap.c:622 055441/41/09/04/41 Rx MPH_INFO time ind
[1;34mDL1P[0;m <0007> l1sap.c:622 055442/41/10/05/42 Rx MPH_INFO time ind
[1;34mDL1P[0;m <0007> l1sap.c:622 055443/41/11/06/43 Rx MPH_INFO time ind
[1;34mDL1P[0;m <0007> scheduler_virtbts.c:106 055443/41/11/06/43 (bts=0,trx=0,ts=0) CCCH: Sending GSMTAP message to virtual Um
[1;34mDL1P[0;m <0007> l1sap.c:622 055444/41/12/07/44 Rx MPH_INFO time ind
[1;34mDL1P[0;m <0007> scheduler.c:911 055449/41/17/12/49 (bts=0,trx=0,ts=0) CCCH: PH-RTS.ind: chan_nr=0x90 link_id=0x00
[1;34mDL1P[0;m <0007> l1sap.c:1082 055449/41/17/12/49 Rx PH-RTS.ind chan_nr=PCH/AGCH on TS0 link_id=0x00d
[1;34mDL1P[0;m <0007> l1sap.c:1225 055449/41/17/12/49 Tx PH-DATA.req chan_nr=PCH/AGCH on TS0 link_id=0x00
[1;34mDL1P[0;m <0007> scheduler.c:842 055449/41/17/12/49 (bts=0,trx=0,ts=0) : PH-DATA.req: chan_nr=0x90 link_id=0x00
[1;34mDL1P[0;m <0007> l1sap.c:622 055445/41/13/08/45 Rx MPH_INFO time ind
[1;34mDL1P[0;m <0007> l1sap.c:622 055446/41/14/09/46 Rx MPH_INFO time ind
[1;34mDL1P[0;m <0007> l1sap.c:622 055447/41/15/10/47 Rx MPH_INFO time ind
[1;34mDL1P[0;m <0007> l1sap.c:622 055448/41/16/11/48 Rx MPH_INFO time ind
[1;34mDL1P[0;m <0007> scheduler.c:911 055453/41/21/16/01 (bts=0,trx=0,ts=0) CCCH: PH-RTS.ind: chan_nr=0x90 link_id=0x00
[1;34mDL1P[0;m <0007> l1sap.c:1082 055453/41/21/16/01 Rx PH-RTS.ind chan_nr=PCH/AGCH on TS0 link_id=0x00d
[1;34mDL1P[0;m <0007> l1sap.c:1225 055453/41/21/16/01 Tx PH-DATA.req chan_nr=PCH/AGCH on TS0 link_id=0x00
[1;34mDL1P[0;m <0007> scheduler.c:842 055453/41/21/16/01 (bts=0,trx=0,ts=0) : PH-DATA.req: chan_nr=0x90 link_id=0x00
[1;34mDL1P[0;m <0007> l1sap.c:622 055449/41/17/12/49 Rx MPH_INFO time ind
[1;34mDL1P[0;m <0007> scheduler_virtbts.c:106 055449/41/17/12/49 (bts=0,trx=0,ts=0) CCCH: Sending GSMTAP message to virtual Um
[1;34mDL1P[0;m <0007> l1sap.c:622 055450/41/18/13/50 Rx MPH_INFO time ind
[1;34mDL1P[0;m <0007> l1sap.c:622 055451/41/19/14/51 Rx MPH_INFO time ind
[1;34mDL1P[0;m <0007> l1sap.c:622 055452/41/20/15/00 Rx MPH_INFO time ind
[1;34mDL1P[0;m <0007> l1sap.c:622 055453/41/21/16/01 Rx MPH_INFO time ind
[1;34mDL1P[0;m <0007> scheduler_virtbts.c:106 055453/41/21/16/01 (bts=0,trx=0,ts=0) CCCH: Sending GSMTAP message to virtual Um
[1;34mDL1P[0;m <0007> l1sap.c:622 055454/41/22/17/02 Rx MPH_INFO time ind
[1;34mDL1P[0;m <0007> l1sap.c:622 055455/41/23/18/03 Rx MPH_INFO time ind
[1;34mDL1P[0;m <0007> l1sap.c:622 055456/41/24/19/04 Rx MPH_INFO time ind
[1;34mDL1P[0;m <0007> l1sap.c:622 055457/41/25/20/05 Rx MPH_INFO time ind
[1;34mDL1P[0;m <0007> l1sap.c:622 055458/41/00/21/06 Rx MPH_INFO time ind
[1;34mDL1P[0;m <0007> l1sap.c:622 055459/41/01/22/07 Rx MPH_INFO time ind
[1;34mDL1P[0;m <0007> l1sap.c:622 055460/41/02/23/08 Rx MPH_INFO time ind
[1;34mDL1P[0;m <0007> l1sap.c:622 055461/41/03/24/09 Rx MPH_INFO time ind
[1;34mDL1P[0;m <0007> l1sap.c:622 055462/41/04/25/10 Rx MPH_INFO time ind
[1;34mDL1P[0;m <0007> l1sap.c:622 055463/41/05/26/11 Rx MPH_INFO time ind
[1;34mDL1P[0;m <0007> l1sap.c:622 055464/41/06/27/12 Rx MPH_INFO time ind
[1;34mDL1P[0;m <0007> l1sap.c:622 055465/41/07/28/13 Rx MPH_INFO time ind
[1;34mDL1P[0;m <0007> l1sap.c:622 055466/41/08/29/14 Rx MPH_INFO time ind
[1;34mDL1P[0;m <0007> l1sap.c:622 055467/41/09/30/15 Rx MPH_INFO time ind
[1;34mDL1P[0;m <0007> l1sap.c:622 055468/41/10/31/16 Rx MPH_INFO time ind
[1;34mDL1P[0;m <0007> l1sap.c:622 055469/41/11/32/17 Rx MPH_INFO time ind
[1;34mDL1P[0;m <0007> l1sap.c:622 055470/41/12/33/18 Rx MPH_INFO time ind
[1;34mDL1P[0;m <0007> l1sap.c:622 055471/41/13/34/19 Rx MPH_INFO time ind
[1;34mDL1P[0;m <0007> l1sap.c:622 055472/41/14/35/20 Rx MPH_INFO time ind
[1;34mDL1P[0;m <0007> l1sap.c:622 055473/41/15/36/21 Rx MPH_INFO time ind
[1;34mDL1P[0;m <0007> l1sap.c:622 055474/41/16/37/22 Rx MPH_INFO time ind
[1;34mDL1P[0;m <0007> l1sap.c:622 055475/41/17/38/23 Rx MPH_INFO time ind
[1;34mDL1P[0;m <0007> l1sap.c:622 055476/41/18/39/24 Rx MPH_INFO time ind
[1;34mDL1P[0;m <0007> l1sap.c:622 055477/41/19/40/25 Rx MPH_INFO time ind
[1;34mDL1P[0;m <0007> l1sap.c:622 055478/41/20/41/26 Rx MPH_INFO time ind
[1;34mDL1P[0;m <0007> l1sap.c:622 055479/41/21/42/27 Rx MPH_INFO time ind
[1;34mDL1P[0;m <0007> l1sap.c:622 055480/41/22/43/28 Rx MPH_INFO time ind
[1;34mDL1P[0;m <0007> l1sap.c:622 055481/41/23/44/29 Rx MPH_INFO time ind
[1;34mDL1P[0;m <0007> l1sap.c:622 055482/41/24/45/30 Rx MPH_INFO time ind
[1;34mDL1P[0;m <0007> l1sap.c:622 055483/41/25/46/31 Rx MPH_INFO time ind
[1;34mDL1P[0;m <0007> l1sap.c:622 055484/41/00/47/32 Rx MPH_INFO time ind
[1;34mDL1P[0;m <0007> l1sap.c:622 055485/41/01/48/33 Rx MPH_INFO time ind
[1;34mDL1P[0;m <0007> scheduler.c:911 055490/41/06/02/38 (bts=0,trx=0,ts=0) BCCH: PH-RTS.ind: chan_nr=0x80 link_id=0x00
[1;34mDL1P[0;m <0007> l1sap.c:1082 055490/41/06/02/38 Rx PH-RTS.ind chan_nr=BCCH on TS0 link_id=0x00d
[1;34mDL1P[0;m <0007> l1sap.c:1225 055490/41/06/02/38 Tx PH-DATA.req chan_nr=BCCH on TS0 link_id=0x00
[1;34mDL1P[0;m <0007> scheduler.c:842 055490/41/06/02/38 (bts=0,trx=0,ts=0) : PH-DATA.req: chan_nr=0x80 link_id=0x00
[1;34mDL1P[0;m <0007> l1sap.c:622 055486/41/02/49/34 Rx MPH_INFO time ind
[1;34mDL1P[0;m <0007> l1sap.c:622 055487/41/03/50/35 Rx MPH_INFO time ind
[1;34mDL1P[0;m <0007> l1sap.c:622 055488/41/04/00/36 Rx MPH_INFO time ind
[1;34mDL1P[0;m <0007> l1sap.c:622 055489/41/05/01/37 Rx MPH_INFO time ind
[1;34mDL1P[0;m <0007> scheduler.c:911 055494/41/10/06/42 (bts=0,trx=0,ts=0) CCCH: PH-RTS.ind: chan_nr=0x90 link_id=0x00
[1;34mDL1P[0;m <0007> l1sap.c:1082 055494/41/10/06/42 Rx PH-RTS.ind chan_nr=PCH/AGCH on TS0 link_id=0x00d
[1;34mDL1P[0;m <0007> l1sap.c:1225 055494/41/10/06/42 Tx PH-DATA.req chan_nr=PCH/AGCH on TS0 link_id=0x00
[1;34mDL1P[0;m <0007> scheduler.c:842 055494/41/10/06/42 (bts=0,trx=0,ts=0) : PH-DATA.req: chan_nr=0x90 link_id=0x00
[1;34mDL1P[0;m <0007> l1sap.c:622 055490/41/06/02/38 Rx MPH_INFO time ind
[1;34mDL1P[0;m <0007> scheduler_virtbts.c:106 055490/41/06/02/38 (bts=0,trx=0,ts=0) BCCH: Sending GSMTAP message to virtual Um
[1;34mDL1P[0;m <0007> l1sap.c:622 055491/41/07/03/39 Rx MPH_INFO time ind
[1;34mDL1P[0;m <0007> l1sap.c:622 055492/41/08/04/40 Rx MPH_INFO time ind
[1;34mDL1P[0;m <0007> l1sap.c:622 055493/41/09/05/41 Rx MPH_INFO time ind
[1;34mDL1P[0;m <0007> l1sap.c:622 055494/41/10/06/42 Rx MPH_INFO time ind
[1;34mDL1P[0;m <0007> scheduler_virtbts.c:106 055494/41/10/06/42 (bts=0,trx=0,ts=0) CCCH: Sending GSMTAP message to virtual Um
[1;34mDL1P[0;m <0007> l1sap.c:622 055495/41/11/07/43 Rx MPH_INFO time ind
[1;34mDL1P[0;m <0007> scheduler.c:911 055500/41/16/12/48 (bts=0,trx=0,ts=0) CCCH: PH-RTS.ind: chan_nr=0x90 link_id=0x00
[1;34mDL1P[0;m <0007> l1sap.c:1082 055500/41/16/12/48 Rx PH-RTS.ind chan_nr=PCH/AGCH on TS0 link_id=0x00d
[1;34mDL1P[0;m <0007> l1sap.c:1225 055500/41/16/12/48 Tx PH-DATA.req chan_nr=PCH/AGCH on TS0 link_id=0x00
[1;34mDL1P[0;m <0007> scheduler.c:842 055500/41/16/12/48 (bts=0,trx=0,ts=0) : PH-DATA.req: chan_nr=0x90 link_id=0x00
[1;34mDL1P[0;m <0007> l1sap.c:622 055496/41/12/08/44 Rx MPH_INFO time ind
[1;34mDL1P[0;m <0007> l1sap.c:622 055497/41/13/09/45 Rx MPH_INFO time ind
[1;34mDL1P[0;m <0007> l1sap.c:622 055498/41/14/10/46 Rx MPH_INFO time ind
[1;34mDL1P[0;m <0007> l1sap.c:622 055499/41/15/11/47 Rx MPH_INFO time ind
[1;34mDL1P[0;m <0007> scheduler.c:911 055504/41/20/16/00 (bts=0,trx=0,ts=0) CCCH: PH-RTS.ind: chan_nr=0x90 link_id=0x00
[1;34mDL1P[0;m <0007> l1sap.c:1082 055504/41/20/16/00 Rx PH-RTS.ind chan_nr=PCH/AGCH on TS0 link_id=0x00d
[1;34mDL1P[0;m <0007> l1sap.c:1225 055504/41/20/16/00 Tx PH-DATA.req chan_nr=PCH/AGCH on TS0 link_id=0x00
[1;34mDL1P[0;m <0007> scheduler.c:842 055504/41/20/16/00 (bts=0,trx=0,ts=0) : PH-DATA.req: chan_nr=0x90 link_id=0x00
[1;34mDL1P[0;m <0007> l1sap.c:622 055500/41/16/12/48 Rx MPH_INFO time ind
[1;34mDL1P[0;m <0007> scheduler_virtbts.c:106 055500/41/16/12/48 (bts=0,trx=0,ts=0) CCCH: Sending GSMTAP message to virtual Um
[1;34mDL1P[0;m <0007> l1sap.c:622 055501/41/17/13/49 Rx MPH_INFO time ind
[1;34mDL1P[0;m <0007> l1sap.c:622 055502/41/18/14/50 Rx MPH_INFO time ind
[1;34mDL1P[0;m <0007> l1sap.c:622 055503/41/19/15/51 Rx MPH_INFO time ind
[1;34mDL1P[0;m <0007> l1sap.c:622 055504/41/20/16/00 Rx MPH_INFO time ind
[1;34mDL1P[0;m <0007> scheduler_virtbts.c:106 055504/41/20/16/00 (bts=0,trx=0,ts=0) CCCH: Sending GSMTAP message to virtual Um
[1;34mDL1P[0;m <0007> l1sap.c:622 055505/41/21/17/01 Rx MPH_INFO time ind
[1;34mDL1P[0;m <0007> l1sap.c:622 055506/41/22/18/02 Rx MPH_INFO time ind
[1;34mDL1P[0;m <0007> l1sap.c:622 055507/41/23/19/03 Rx MPH_INFO time ind
[1;34mDL1P[0;m <0007> l1sap.c:622 055508/41/24/20/04 Rx MPH_INFO time ind
[1;34mDL1P[0;m <0007> l1sap.c:622 055509/41/25/21/05 Rx MPH_INFO time ind
[1;34mDL1P[0;m <0007> l1sap.c:622 055510/41/00/22/06 Rx MPH_INFO time ind
[1;34mDL1P[0;m <0007> l1sap.c:622 055511/41/01/23/07 Rx MPH_INFO time ind
[1;34mDL1P[0;m <0007> l1sap.c:622 055512/41/02/24/08 Rx MPH_INFO time ind
[1;34mDL1P[0;m <0007> l1sap.c:622 055513/41/03/25/09 Rx MPH_INFO time ind
[1;34mDL1P[0;m <0007> l1sap.c:622 055514/41/04/26/10 Rx MPH_INFO time ind
[1;34mDL1P[0;m <0007> l1sap.c:622 055515/41/05/27/11 Rx MPH_INFO time ind
[1;34mDL1P[0;m <0007> l1sap.c:622 055516/41/06/28/12 Rx MPH_INFO time ind
[1;34mDL1P[0;m <0007> l1sap.c:622 055517/41/07/29/13 Rx MPH_INFO time ind
[1;34mDL1P[0;m <0007> l1sap.c:622 055518/41/08/30/14 Rx MPH_INFO time ind
[1;34mDL1P[0;m <0007> l1sap.c:622 055519/41/09/31/15 Rx MPH_INFO time ind
[1;34mDL1P[0;m <0007> l1sap.c:622 055520/41/10/32/16 Rx MPH_INFO time ind
[1;34mDL1P[0;m <0007> l1sap.c:622 055521/41/11/33/17 Rx MPH_INFO time ind
[1;34mDL1P[0;m <0007> l1sap.c:622 055522/41/12/34/18 Rx MPH_INFO time ind
[1;34mDL1P[0;m <0007> l1sap.c:622 055523/41/13/35/19 Rx MPH_INFO time ind
[1;34mDL1P[0;m <0007> l1sap.c:622 055524/41/14/36/20 Rx MPH_INFO time ind
[1;34mDL1P[0;m <0007> l1sap.c:622 055525/41/15/37/21 Rx MPH_INFO time ind
[1;34mDL1P[0;m <0007> l1sap.c:622 055526/41/16/38/22 Rx MPH_INFO time ind
[1;34mDL1P[0;m <0007> l1sap.c:622 055527/41/17/39/23 Rx MPH_INFO time ind
[1;34mDL1P[0;m <0007> l1sap.c:622 055528/41/18/40/24 Rx MPH_INFO time ind
[1;34mDL1P[0;m <0007> l1sap.c:622 055529/41/19/41/25 Rx MPH_INFO time ind
[1;34mDL1P[0;m <0007> l1sap.c:622 055530/41/20/42/26 Rx MPH_INFO time ind
[1;34mDL1P[0;m <0007> l1sap.c:622 055531/41/21/43/27 Rx MPH_INFO time ind
[1;34mDL1P[0;m <0007> l1sap.c:622 055532/41/22/44/28 Rx MPH_INFO time ind
[1;34mDL1P[0;m <0007> l1sap.c:622 055533/41/23/45/29 Rx MPH_INFO time ind
[1;34mDL1P[0;m <0007> l1sap.c:622 055534/41/24/46/30 Rx MPH_INFO time ind
[1;34mDL1P[0;m <0007> l1sap.c:622 055535/41/25/47/31 Rx MPH_INFO time ind
[1;34mDL1P[0;m <0007> l1sap.c:622 055536/41/00/48/32 Rx MPH_INFO time ind
[1;34mDL1P[0;m <0007> scheduler.c:911 055541/41/05/02/37 (bts=0,trx=0,ts=0) BCCH: PH-RTS.ind: chan_nr=0x80 link_id=0x00
[1;34mDL1P[0;m <0007> l1sap.c:1082 055541/41/05/02/37 Rx PH-RTS.ind chan_nr=BCCH on TS0 link_id=0x00d
[1;34mDL1P[0;m <0007> l1sap.c:1225 055541/41/05/02/37 Tx PH-DATA.req chan_nr=BCCH on TS0 link_id=0x00
[1;34mDL1P[0;m <0007> scheduler.c:842 055541/41/05/02/37 (bts=0,trx=0,ts=0) : PH-DATA.req: chan_nr=0x80 link_id=0x00
[1;34mDL1P[0;m <0007> l1sap.c:622 055537/41/01/49/33 Rx MPH_INFO time ind
[1;34mDL1P[0;m <0007> l1sap.c:622 055538/41/02/50/34 Rx MPH_INFO time ind
[1;34mDL1P[0;m <0007> l1sap.c:622 055539/41/03/00/35 Rx MPH_INFO time ind
[1;34mDL1P[0;m <0007> l1sap.c:622 055540/41/04/01/36 Rx MPH_INFO time ind
[1;34mDL1P[0;m <0007> scheduler.c:911 055545/41/09/06/41 (bts=0,trx=0,ts=0) CCCH: PH-RTS.ind: chan_nr=0x90 link_id=0x00
[1;34mDL1P[0;m <0007> l1sap.c:1082 055545/41/09/06/41 Rx PH-RTS.ind chan_nr=PCH/AGCH on TS0 link_id=0x00d
[1;34mDL1P[0;m <0007> l1sap.c:1225 055545/41/09/06/41 Tx PH-DATA.req chan_nr=PCH/AGCH on TS0 link_id=0x00
[1;34mDL1P[0;m <0007> scheduler.c:842 055545/41/09/06/41 (bts=0,trx=0,ts=0) : PH-DATA.req: chan_nr=0x90 link_id=0x00
[1;34mDL1P[0;m <0007> l1sap.c:622 055541/41/05/02/37 Rx MPH_INFO time ind
[1;34mDL1P[0;m <0007> scheduler_virtbts.c:106 055541/41/05/02/37 (bts=0,trx=0,ts=0) BCCH: Sending GSMTAP message to virtual Um
[1;34mDL1P[0;m <0007> l1sap.c:622 055542/41/06/03/38 Rx MPH_INFO time ind
[1;34mDL1P[0;m <0007> l1sap.c:622 055543/41/07/04/39 Rx MPH_INFO time ind
[1;34mDL1P[0;m <0007> l1sap.c:622 055544/41/08/05/40 Rx MPH_INFO time ind
[1;34mDL1P[0;m <0007> l1sap.c:622 055545/41/09/06/41 Rx MPH_INFO time ind
[1;34mDL1P[0;m <0007> scheduler_virtbts.c:106 055545/41/09/06/41 (bts=0,trx=0,ts=0) CCCH: Sending GSMTAP message to virtual Um
[1;34mDL1P[0;m <0007> l1sap.c:622 055546/41/10/07/42 Rx MPH_INFO time ind
[1;34mDL1P[0;m <0007> scheduler.c:911 055551/41/15/12/47 (bts=0,trx=0,ts=0) CCCH: PH-RTS.ind: chan_nr=0x90 link_id=0x00
[1;34mDL1P[0;m <0007> l1sap.c:1082 055551/41/15/12/47 Rx PH-RTS.ind chan_nr=PCH/AGCH on TS0 link_id=0x00d
[1;34mDL1P[0;m <0007> l1sap.c:1225 055551/41/15/12/47 Tx PH-DATA.req chan_nr=PCH/AGCH on TS0 link_id=0x00
[1;34mDL1P[0;m <0007> scheduler.c:842 055551/41/15/12/47 (bts=0,trx=0,ts=0) : PH-DATA.req: chan_nr=0x90 link_id=0x00
[1;34mDL1P[0;m <0007> l1sap.c:622 055547/41/11/08/43 Rx MPH_INFO time ind
[1;34mDL1P[0;m <0007> l1sap.c:622 055548/41/12/09/44 Rx MPH_INFO time ind
[1;34mDL1P[0;m <0007> l1sap.c:622 055549/41/13/10/45 Rx MPH_INFO time ind
[1;34mDL1P[0;m <0007> l1sap.c:622 055550/41/14/11/46 Rx MPH_INFO time ind
[1;34mDL1P[0;m <0007> scheduler.c:911 055555/41/19/16/03 (bts=0,trx=0,ts=0) CCCH: PH-RTS.ind: chan_nr=0x90 link_id=0x00
[1;34mDL1P[0;m <0007> l1sap.c:1082 055555/41/19/16/03 Rx PH-RTS.ind chan_nr=PCH/AGCH on TS0 link_id=0x00d
[1;34mDL1P[0;m <0007> l1sap.c:1225 055555/41/19/16/03 Tx PH-DATA.req chan_nr=PCH/AGCH on TS0 link_id=0x00
[1;34mDL1P[0;m <0007> scheduler.c:842 055555/41/19/16/03 (bts=0,trx=0,ts=0) : PH-DATA.req: chan_nr=0x90 link_id=0x00
[1;34mDL1P[0;m <0007> l1sap.c:622 055551/41/15/12/47 Rx MPH_INFO time ind
[1;34mDL1P[0;m <0007> scheduler_virtbts.c:106 055551/41/15/12/47 (bts=0,trx=0,ts=0) CCCH: Sending GSMTAP message to virtual Um
[1;34mDL1P[0;m <0007> l1sap.c:622 055552/41/16/13/00 Rx MPH_INFO time ind
[1;34mDL1P[0;m <0007> l1sap.c:622 055553/41/17/14/01 Rx MPH_INFO time ind
[1;34mDL1P[0;m <0007> l1sap.c:622 055554/41/18/15/02 Rx MPH_INFO time ind
[1;34mDL1P[0;m <0007> l1sap.c:622 055555/41/19/16/03 Rx MPH_INFO time ind
[1;34mDL1P[0;m <0007> scheduler_virtbts.c:106 055555/41/19/16/03 (bts=0,trx=0,ts=0) CCCH: Sending GSMTAP message to virtual Um
[1;34mDL1P[0;m <0007> l1sap.c:622 055556/41/20/17/04 Rx MPH_INFO time ind
[1;34mDL1P[0;m <0007> l1sap.c:622 055557/41/21/18/05 Rx MPH_INFO time ind
[1;34mDL1P[0;m <0007> l1sap.c:622 055558/41/22/19/06 Rx MPH_INFO time ind
[1;34mDL1P[0;m <0007> l1sap.c:622 055559/41/23/20/07 Rx MPH_INFO time ind
[1;34mDL1P[0;m <0007> l1sap.c:622 055560/41/24/21/08 Rx MPH_INFO time ind
[1;34mDL1P[0;m <0007> l1sap.c:622 055561/41/25/22/09 Rx MPH_INFO time ind
[1;34mDL1P[0;m <0007> l1sap.c:622 055562/41/00/23/10 Rx MPH_INFO time ind
[1;34mDL1P[0;m <0007> l1sap.c:622 055563/41/01/24/11 Rx MPH_INFO time ind
[1;34mDL1P[0;m <0007> l1sap.c:622 055564/41/02/25/12 Rx MPH_INFO time ind
[1;34mDL1P[0;m <0007> l1sap.c:622 055565/41/03/26/13 Rx MPH_INFO time ind
[1;34mDL1P[0;m <0007> l1sap.c:622 055566/41/04/27/14 Rx MPH_INFO time ind
[1;34mDL1P[0;m <0007> l1sap.c:622 055567/41/05/28/15 Rx MPH_INFO time ind
[1;34mDL1P[0;m <0007> l1sap.c:622 055568/41/06/29/16 Rx MPH_INFO time ind
[1;34mDL1P[0;m <0007> l1sap.c:622 055569/41/07/30/17 Rx MPH_INFO time ind
[1;34mDL1P[0;m <0007> l1sap.c:622 055570/41/08/31/18 Rx MPH_INFO time ind
[1;34mDL1P[0;m <0007> l1sap.c:622 055571/41/09/32/19 Rx MPH_INFO time ind
[1;34mDL1P[0;m <0007> l1sap.c:622 055572/41/10/33/20 Rx MPH_INFO time ind
[1;34mDL1P[0;m <0007> l1sap.c:622 055573/41/11/34/21 Rx MPH_INFO time ind
[1;34mDL1P[0;m <0007> l1sap.c:622 055574/41/12/35/22 Rx MPH_INFO time ind
[1;34mDL1P[0;m <0007> l1sap.c:622 055575/41/13/36/23 Rx MPH_INFO time ind
[1;34mDL1P[0;m <0007> l1sap.c:622 055576/41/14/37/24 Rx MPH_INFO time ind
[1;34mDL1P[0;m <0007> l1sap.c:622 055577/41/15/38/25 Rx MPH_INFO time ind
[1;34mDL1P[0;m <0007> l1sap.c:622 055578/41/16/39/26 Rx MPH_INFO time ind
[1;34mDL1P[0;m <0007> l1sap.c:622 055579/41/17/40/27 Rx MPH_INFO time ind
[1;34mDL1P[0;m <0007> l1sap.c:622 055580/41/18/41/28 Rx MPH_INFO time ind
[1;34mDL1P[0;m <0007> l1sap.c:622 055581/41/19/42/29 Rx MPH_INFO time ind
[1;34mDL1P[0;m <0007> l1sap.c:622 055582/41/20/43/30 Rx MPH_INFO time ind
[1;34mDL1P[0;m <0007> l1sap.c:622 055583/41/21/44/31 Rx MPH_INFO time ind
[1;34mDL1P[0;m <0007> l1sap.c:622 055584/41/22/45/32 Rx MPH_INFO time ind
[1;34mDL1P[0;m <0007> l1sap.c:622 055585/41/23/46/33 Rx MPH_INFO time ind
[1;34mDL1P[0;m <0007> l1sap.c:622 055586/41/24/47/34 Rx MPH_INFO time ind
[1;34mDL1P[0;m <0007> l1sap.c:622 055587/41/25/48/35 Rx MPH_INFO time ind
[1;34mDL1P[0;m <0007> scheduler.c:911 055592/41/04/02/40 (bts=0,trx=0,ts=0) BCCH: PH-RTS.ind: chan_nr=0x80 link_id=0x00
[1;34mDL1P[0;m <0007> l1sap.c:1082 055592/41/04/02/40 Rx PH-RTS.ind chan_nr=BCCH on TS0 link_id=0x00d
[1;34mDL1P[0;m <0007> l1sap.c:1225 055592/41/04/02/40 Tx PH-DATA.req chan_nr=BCCH on TS0 link_id=0x00
[1;34mDL1P[0;m <0007> scheduler.c:842 055592/41/04/02/40 (bts=0,trx=0,ts=0) : PH-DATA.req: chan_nr=0x80 link_id=0x00
[1;34mDL1P[0;m <0007> l1sap.c:622 055588/41/00/49/36 Rx MPH_INFO time ind
[1;34mDL1P[0;m <0007> l1sap.c:622 055589/41/01/50/37 Rx MPH_INFO time ind
[1;34mDL1P[0;m <0007> l1sap.c:622 055590/41/02/00/38 Rx MPH_INFO time ind
[1;34mDL1P[0;m <0007> l1sap.c:622 055591/41/03/01/39 Rx MPH_INFO time ind
[1;34mDL1P[0;m <0007> scheduler.c:911 055596/41/08/06/44 (bts=0,trx=0,ts=0) CCCH: PH-RTS.ind: chan_nr=0x90 link_id=0x00
[1;34mDL1P[0;m <0007> l1sap.c:1082 055596/41/08/06/44 Rx PH-RTS.ind chan_nr=PCH/AGCH on TS0 link_id=0x00d
[1;34mDL1P[0;m <0007> l1sap.c:1225 055596/41/08/06/44 Tx PH-DATA.req chan_nr=PCH/AGCH on TS0 link_id=0x00
[1;34mDL1P[0;m <0007> scheduler.c:842 055596/41/08/06/44 (bts=0,trx=0,ts=0) : PH-DATA.req: chan_nr=0x90 link_id=0x00
[1;34mDL1P[0;m <0007> l1sap.c:622 055592/41/04/02/40 Rx MPH_INFO time ind
[1;34mDL1P[0;m <0007> scheduler_virtbts.c:106 055592/41/04/02/40 (bts=0,trx=0,ts=0) BCCH: Sending GSMTAP message to virtual Um
[1;34mDL1P[0;m <0007> l1sap.c:622 055593/41/05/03/41 Rx MPH_INFO time ind
[1;34mDL1P[0;m <0007> l1sap.c:622 055594/41/06/04/42 Rx MPH_INFO time ind
[1;34mDL1P[0;m <0007> l1sap.c:622 055595/41/07/05/43 Rx MPH_INFO time ind
[1;34mDL1P[0;m <0007> l1sap.c:622 055596/41/08/06/44 Rx MPH_INFO time ind
[1;34mDL1P[0;m <0007> scheduler_virtbts.c:106 055596/41/08/06/44 (bts=0,trx=0,ts=0) CCCH: Sending GSMTAP message to virtual Um
[1;34mDL1P[0;m <0007> l1sap.c:622 055597/41/09/07/45 Rx MPH_INFO time ind
[1;34mDL1P[0;m <0007> scheduler.c:911 055602/41/14/12/50 (bts=0,trx=0,ts=0) CCCH: PH-RTS.ind: chan_nr=0x90 link_id=0x00
[1;34mDL1P[0;m <0007> l1sap.c:1082 055602/41/14/12/50 Rx PH-RTS.ind chan_nr=PCH/AGCH on TS0 link_id=0x00d
[1;34mDL1P[0;m <0007> l1sap.c:1225 055602/41/14/12/50 Tx PH-DATA.req chan_nr=PCH/AGCH on TS0 link_id=0x00
[1;34mDL1P[0;m <0007> scheduler.c:842 055602/41/14/12/50 (bts=0,trx=0,ts=0) : PH-DATA.req: chan_nr=0x90 link_id=0x00
[1;34mDL1P[0;m <0007> l1sap.c:622 055598/41/10/08/46 Rx MPH_INFO time ind
[1;34mDL1P[0;m <0007> l1sap.c:622 055599/41/11/09/47 Rx MPH_INFO time ind
[1;34mDL1P[0;m <0007> l1sap.c:622 055600/41/12/10/48 Rx MPH_INFO time ind
[1;34mDL1P[0;m <0007> l1sap.c:622 055601/41/13/11/49 Rx MPH_INFO time ind
[1;34mDL1P[0;m <0007> scheduler.c:911 055606/41/18/16/02 (bts=0,trx=0,ts=0) CCCH: PH-RTS.ind: chan_nr=0x90 link_id=0x00
[1;34mDL1P[0;m <0007> l1sap.c:1082 055606/41/18/16/02 Rx PH-RTS.ind chan_nr=PCH/AGCH on TS0 link_id=0x00d
[1;34mDL1P[0;m <0007> l1sap.c:1225 055606/41/18/16/02 Tx PH-DATA.req chan_nr=PCH/AGCH on TS0 link_id=0x00
[1;34mDL1P[0;m <0007> scheduler.c:842 055606/41/18/16/02 (bts=0,trx=0,ts=0) : PH-DATA.req: chan_nr=0x90 link_id=0x00
[1;34mDL1P[0;m <0007> l1sap.c:622 055602/41/14/12/50 Rx MPH_INFO time ind
[1;34mDL1P[0;m <0007> scheduler_virtbts.c:106 055602/41/14/12/50 (bts=0,trx=0,ts=0) CCCH: Sending GSMTAP message to virtual Um
[1;34mDL1P[0;m <0007> l1sap.c:622 055603/41/15/13/51 Rx MPH_INFO time ind
[1;34mDL1P[0;m <0007> l1sap.c:622 055604/41/16/14/00 Rx MPH_INFO time ind
[1;34mDL1P[0;m <0007> l1sap.c:622 055605/41/17/15/01 Rx MPH_INFO time ind
[1;34mDL1P[0;m <0007> l1sap.c:622 055606/41/18/16/02 Rx MPH_INFO time ind
[1;34mDL1P[0;m <0007> scheduler_virtbts.c:106 055606/41/18/16/02 (bts=0,trx=0,ts=0) CCCH: Sending GSMTAP message to virtual Um
[1;34mDL1P[0;m <0007> l1sap.c:622 055607/41/19/17/03 Rx MPH_INFO time ind
[1;34mDL1P[0;m <0007> l1sap.c:622 055608/41/20/18/04 Rx MPH_INFO time ind
[1;34mDL1P[0;m <0007> l1sap.c:622 055609/41/21/19/05 Rx MPH_INFO time ind
[1;34mDL1P[0;m <0007> l1sap.c:622 055610/41/22/20/06 Rx MPH_INFO time ind
[1;34mDL1P[0;m <0007> l1sap.c:622 055611/41/23/21/07 Rx MPH_INFO time ind
[1;34mDL1P[0;m <0007> l1sap.c:622 055612/41/24/22/08 Rx MPH_INFO time ind
[1;34mDL1P[0;m <0007> l1sap.c:622 055613/41/25/23/09 Rx MPH_INFO time ind
[1;34mDL1P[0;m <0007> l1sap.c:622 055614/41/00/24/10 Rx MPH_INFO time ind
[1;34mDL1P[0;m <0007> l1sap.c:622 055615/41/01/25/11 Rx MPH_INFO time ind
[1;34mDL1P[0;m <0007> l1sap.c:622 055616/41/02/26/12 Rx MPH_INFO time ind
[1;34mDL1P[0;m <0007> l1sap.c:622 055617/41/03/27/13 Rx MPH_INFO time ind
[1;34mDL1P[0;m <0007> l1sap.c:622 055618/41/04/28/14 Rx MPH_INFO time ind
[1;34mDL1P[0;m <0007> l1sap.c:622 055619/41/05/29/15 Rx MPH_INFO time ind
[1;34mDL1P[0;m <0007> l1sap.c:622 055620/41/06/30/16 Rx MPH_INFO time ind
[1;34mDL1P[0;m <0007> l1sap.c:622 055621/41/07/31/17 Rx MPH_INFO time ind
[1;34mDL1P[0;m <0007> l1sap.c:622 055622/41/08/32/18 Rx MPH_INFO time ind
[1;34mDL1P[0;m <0007> l1sap.c:622 055623/41/09/33/19 Rx MPH_INFO time ind
[1;34mDL1P[0;m <0007> l1sap.c:622 055624/41/10/34/20 Rx MPH_INFO time ind
[1;34mDL1P[0;m <0007> l1sap.c:622 055625/41/11/35/21 Rx MPH_INFO time ind
[1;34mDL1P[0;m <0007> l1sap.c:622 055626/41/12/36/22 Rx MPH_INFO time ind
[1;34mDL1P[0;m <0007> l1sap.c:622 055627/41/13/37/23 Rx MPH_INFO time ind
[1;34mDL1P[0;m <0007> l1sap.c:622 055628/41/14/38/24 Rx MPH_INFO time ind
[1;34mDL1P[0;m <0007> l1sap.c:622 055629/41/15/39/25 Rx MPH_INFO time ind
[1;34mDL1P[0;m <0007> l1sap.c:622 055630/41/16/40/26 Rx MPH_INFO time ind
[1;34mDL1P[0;m <0007> l1sap.c:622 055631/41/17/41/27 Rx MPH_INFO time ind
[1;34mDL1P[0;m <0007> l1sap.c:622 055632/41/18/42/28 Rx MPH_INFO time ind
[1;34mDL1P[0;m <0007> l1sap.c:622 055633/41/19/43/29 Rx MPH_INFO time ind
[1;34mDL1P[0;m <0007> l1sap.c:622 055634/41/20/44/30 Rx MPH_INFO time ind
[1;34mDL1P[0;m <0007> l1sap.c:622 055635/41/21/45/31 Rx MPH_INFO time ind
[1;34mDL1P[0;m <0007> l1sap.c:622 055636/41/22/46/32 Rx MPH_INFO time ind
[1;34mDL1P[0;m <0007> l1sap.c:622 055637/41/23/47/33 Rx MPH_INFO time ind
[1;34mDL1P[0;m <0007> l1sap.c:622 055638/41/24/48/34 Rx MPH_INFO time ind
[1;34mDL1P[0;m <0007> scheduler.c:911 055643/41/03/02/39 (bts=0,trx=0,ts=0) BCCH: PH-RTS.ind: chan_nr=0x80 link_id=0x00
[1;34mDL1P[0;m <0007> l1sap.c:1082 055643/41/03/02/39 Rx PH-RTS.ind chan_nr=BCCH on TS0 link_id=0x00d
[1;34mDL1P[0;m <0007> l1sap.c:1225 055643/41/03/02/39 Tx PH-DATA.req chan_nr=BCCH on TS0 link_id=0x00
[1;34mDL1P[0;m <0007> scheduler.c:842 055643/41/03/02/39 (bts=0,trx=0,ts=0) : PH-DATA.req: chan_nr=0x80 link_id=0x00
[1;34mDL1P[0;m <0007> l1sap.c:622 055639/41/25/49/35 Rx MPH_INFO time ind
[1;34mDL1P[0;m <0007> l1sap.c:622 055640/41/00/50/36 Rx MPH_INFO time ind
[1;34mDL1P[0;m <0007> l1sap.c:622 055641/41/01/00/37 Rx MPH_INFO time ind
[1;34mDL1P[0;m <0007> l1sap.c:622 055642/41/02/01/38 Rx MPH_INFO time ind
[1;34mDL1P[0;m <0007> scheduler.c:911 055647/41/07/06/43 (bts=0,trx=0,ts=0) CCCH: PH-RTS.ind: chan_nr=0x90 link_id=0x00
[1;34mDL1P[0;m <0007> l1sap.c:1082 055647/41/07/06/43 Rx PH-RTS.ind chan_nr=PCH/AGCH on TS0 link_id=0x00d
[1;34mDL1P[0;m <0007> l1sap.c:1225 055647/41/07/06/43 Tx PH-DATA.req chan_nr=PCH/AGCH on TS0 link_id=0x00
[1;34mDL1P[0;m <0007> scheduler.c:842 055647/41/07/06/43 (bts=0,trx=0,ts=0) : PH-DATA.req: chan_nr=0x90 link_id=0x00
[1;34mDL1P[0;m <0007> l1sap.c:622 055643/41/03/02/39 Rx MPH_INFO time ind
[1;34mDL1P[0;m <0007> scheduler_virtbts.c:106 055643/41/03/02/39 (bts=0,trx=0,ts=0) BCCH: Sending GSMTAP message to virtual Um
[1;34mDL1P[0;m <0007> l1sap.c:622 055644/41/04/03/40 Rx MPH_INFO time ind
[1;34mDL1P[0;m <0007> l1sap.c:622 055645/41/05/04/41 Rx MPH_INFO time ind
[1;34mDL1P[0;m <0007> l1sap.c:622 055646/41/06/05/42 Rx MPH_INFO time ind
[1;34mDL1P[0;m <0007> l1sap.c:622 055647/41/07/06/43 Rx MPH_INFO time ind
[1;34mDL1P[0;m <0007> scheduler_virtbts.c:106 055647/41/07/06/43 (bts=0,trx=0,ts=0) CCCH: Sending GSMTAP message to virtual Um
[1;34mDL1P[0;m <0007> l1sap.c:622 055648/41/08/07/44 Rx MPH_INFO time ind
[1;34mDL1P[0;m <0007> scheduler.c:911 055653/41/13/12/49 (bts=0,trx=0,ts=0) CCCH: PH-RTS.ind: chan_nr=0x90 link_id=0x00
[1;34mDL1P[0;m <0007> l1sap.c:1082 055653/41/13/12/49 Rx PH-RTS.ind chan_nr=PCH/AGCH on TS0 link_id=0x00d
[1;34mDL1P[0;m <0007> l1sap.c:1225 055653/41/13/12/49 Tx PH-DATA.req chan_nr=PCH/AGCH on TS0 link_id=0x00
[1;34mDL1P[0;m <0007> scheduler.c:842 055653/41/13/12/49 (bts=0,trx=0,ts=0) : PH-DATA.req: chan_nr=0x90 link_id=0x00
[1;34mDL1P[0;m <0007> l1sap.c:622 055649/41/09/08/45 Rx MPH_INFO time ind
[1;34mDL1P[0;m <0007> l1sap.c:622 055650/41/10/09/46 Rx MPH_INFO time ind
[1;34mDL1P[0;m <0007> l1sap.c:622 055651/41/11/10/47 Rx MPH_INFO time ind
[1;34mDL1P[0;m <0007> l1sap.c:622 055652/41/12/11/48 Rx MPH_INFO time ind
[1;34mDL1P[0;m <0007> scheduler.c:911 055657/41/17/16/01 (bts=0,trx=0,ts=0) CCCH: PH-RTS.ind: chan_nr=0x90 link_id=0x00
[1;34mDL1P[0;m <0007> l1sap.c:1082 055657/41/17/16/01 Rx PH-RTS.ind chan_nr=PCH/AGCH on TS0 link_id=0x00d
[1;34mDL1P[0;m <0007> l1sap.c:1225 055657/41/17/16/01 Tx PH-DATA.req chan_nr=PCH/AGCH on TS0 link_id=0x00
[1;34mDL1P[0;m <0007> scheduler.c:842 055657/41/17/16/01 (bts=0,trx=0,ts=0) : PH-DATA.req: chan_nr=0x90 link_id=0x00
[1;34mDL1P[0;m <0007> l1sap.c:622 055653/41/13/12/49 Rx MPH_INFO time ind
[1;34mDL1P[0;m <0007> scheduler_virtbts.c:106 055653/41/13/12/49 (bts=0,trx=0,ts=0) CCCH: Sending GSMTAP message to virtual Um
[1;34mDL1P[0;m <0007> l1sap.c:622 055654/41/14/13/50 Rx MPH_INFO time ind
[1;34mDL1P[0;m <0007> l1sap.c:622 055655/41/15/14/51 Rx MPH_INFO time ind
[1;34mDL1P[0;m <0007> l1sap.c:622 055656/41/16/15/00 Rx MPH_INFO time ind
[1;34mDL1P[0;m <0007> l1sap.c:622 055657/41/17/16/01 Rx MPH_INFO time ind
[1;34mDL1P[0;m <0007> scheduler_virtbts.c:106 055657/41/17/16/01 (bts=0,trx=0,ts=0) CCCH: Sending GSMTAP message to virtual Um
[1;34mDL1P[0;m <0007> l1sap.c:622 055658/41/18/17/02 Rx MPH_INFO time ind
[1;34mDL1P[0;m <0007> l1sap.c:622 055659/41/19/18/03 Rx MPH_INFO time ind
[1;34mDL1P[0;m <0007> l1sap.c:622 055660/41/20/19/04 Rx MPH_INFO time ind
[1;34mDL1P[0;m <0007> l1sap.c:622 055661/41/21/20/05 Rx MPH_INFO time ind
[1;34mDL1P[0;m <0007> l1sap.c:622 055662/41/22/21/06 Rx MPH_INFO time ind
[1;34mDL1P[0;m <0007> l1sap.c:622 055663/41/23/22/07 Rx MPH_INFO time ind
[1;34mDL1P[0;m <0007> l1sap.c:622 055664/41/24/23/08 Rx MPH_INFO time ind
[1;34mDL1P[0;m <0007> l1sap.c:622 055665/41/25/24/09 Rx MPH_INFO time ind
[1;34mDL1P[0;m <0007> l1sap.c:622 055666/41/00/25/10 Rx MPH_INFO time ind
[1;34mDL1P[0;m <0007> l1sap.c:622 055667/41/01/26/11 Rx MPH_INFO time ind
[1;34mDL1P[0;m <0007> l1sap.c:622 055668/41/02/27/12 Rx MPH_INFO time ind
[1;34mDL1P[0;m <0007> l1sap.c:622 055669/41/03/28/13 Rx MPH_INFO time ind
[1;34mDL1P[0;m <0007> l1sap.c:622 055670/41/04/29/14 Rx MPH_INFO time ind
[1;34mDL1P[0;m <0007> l1sap.c:622 055671/41/05/30/15 Rx MPH_INFO time ind
[1;34mDL1P[0;m <0007> l1sap.c:622 055672/41/06/31/16 Rx MPH_INFO time ind
[1;34mDL1P[0;m <0007> l1sap.c:622 055673/41/07/32/17 Rx MPH_INFO time ind
[1;34mDL1P[0;m <0007> l1sap.c:622 055674/41/08/33/18 Rx MPH_INFO time ind
[1;34mDL1P[0;m <0007> l1sap.c:622 055675/41/09/34/19 Rx MPH_INFO time ind
[1;34mDL1P[0;m <0007> l1sap.c:622 055676/41/10/35/20 Rx MPH_INFO time ind
[1;34mDL1P[0;m <0007> l1sap.c:622 055677/41/11/36/21 Rx MPH_INFO time ind
[1;34mDL1P[0;m <0007> l1sap.c:622 055678/41/12/37/22 Rx MPH_INFO time ind
[1;34mDL1P[0;m <0007> l1sap.c:622 055679/41/13/38/23 Rx MPH_INFO time ind
[1;34mDL1P[0;m <0007> l1sap.c:622 055680/41/14/39/24 Rx MPH_INFO time ind
[1;34mDL1P[0;m <0007> l1sap.c:622 055681/41/15/40/25 Rx MPH_INFO time ind
[1;34mDL1P[0;m <0007> l1sap.c:622 055682/41/16/41/26 Rx MPH_INFO time ind
[1;34mDL1P[0;m <0007> l1sap.c:622 055683/41/17/42/27 Rx MPH_INFO time ind
[1;34mDL1P[0;m <0007> l1sap.c:622 055684/41/18/43/28 Rx MPH_INFO time ind
[1;34mDL1P[0;m <0007> l1sap.c:622 055685/41/19/44/29 Rx MPH_INFO time ind
[1;34mDL1P[0;m <0007> l1sap.c:622 055686/41/20/45/30 Rx MPH_INFO time ind
[1;34mDL1P[0;m <0007> l1sap.c:622 055687/41/21/46/31 Rx MPH_INFO time ind
[1;34mDL1P[0;m <0007> l1sap.c:622 055688/41/22/47/32 Rx MPH_INFO time ind
[1;34mDL1P[0;m <0007> l1sap.c:622 055689/41/23/48/33 Rx MPH_INFO time ind
[1;34mDL1P[0;m <0007> scheduler.c:911 055694/42/02/02/38 (bts=0,trx=0,ts=0) BCCH: PH-RTS.ind: chan_nr=0x80 link_id=0x00
[1;34mDL1P[0;m <0007> l1sap.c:1082 055694/42/02/02/38 Rx PH-RTS.ind chan_nr=BCCH on TS0 link_id=0x00d
[1;34mDL1P[0;m <0007> l1sap.c:1225 055694/42/02/02/38 Tx PH-DATA.req chan_nr=BCCH on TS0 link_id=0x00
[1;34mDL1P[0;m <0007> scheduler.c:842 055694/42/02/02/38 (bts=0,trx=0,ts=0) : PH-DATA.req: chan_nr=0x80 link_id=0x00
[1;34mDL1P[0;m <0007> l1sap.c:622 055690/41/24/49/34 Rx MPH_INFO time ind
[1;34mDL1P[0;m <0007> l1sap.c:622 055691/41/25/50/35 Rx MPH_INFO time ind
[1;34mDL1P[0;m <0007> l1sap.c:622 055692/42/00/00/36 Rx MPH_INFO time ind
[1;34mDL1P[0;m <0007> l1sap.c:622 055693/42/01/01/37 Rx MPH_INFO time ind
[1;34mDL1P[0;m <0007> scheduler.c:911 055698/42/06/06/42 (bts=0,trx=0,ts=0) CCCH: PH-RTS.ind: chan_nr=0x90 link_id=0x00
[1;34mDL1P[0;m <0007> l1sap.c:1082 055698/42/06/06/42 Rx PH-RTS.ind chan_nr=PCH/AGCH on TS0 link_id=0x00d
[1;34mDL1P[0;m <0007> l1sap.c:1225 055698/42/06/06/42 Tx PH-DATA.req chan_nr=PCH/AGCH on TS0 link_id=0x00
[1;34mDL1P[0;m <0007> scheduler.c:842 055698/42/06/06/42 (bts=0,trx=0,ts=0) : PH-DATA.req: chan_nr=0x90 link_id=0x00
[1;34mDL1P[0;m <0007> l1sap.c:622 055694/42/02/02/38 Rx MPH_INFO time ind
[1;34mDL1P[0;m <0007> scheduler_virtbts.c:106 055694/42/02/02/38 (bts=0,trx=0,ts=0) BCCH: Sending GSMTAP message to virtual Um
[1;34mDL1P[0;m <0007> l1sap.c:622 055695/42/03/03/39 Rx MPH_INFO time ind
[1;34mDL1P[0;m <0007> l1sap.c:622 055696/42/04/04/40 Rx MPH_INFO time ind
[1;34mDL1P[0;m <0007> l1sap.c:622 055697/42/05/05/41 Rx MPH_INFO time ind
[1;34mDL1P[0;m <0007> l1sap.c:622 055698/42/06/06/42 Rx MPH_INFO time ind
[1;34mDL1P[0;m <0007> scheduler_virtbts.c:106 055698/42/06/06/42 (bts=0,trx=0,ts=0) CCCH: Sending GSMTAP message to virtual Um
[1;34mDL1P[0;m <0007> l1sap.c:622 055699/42/07/07/43 Rx MPH_INFO time ind
[1;34mDL1P[0;m <0007> scheduler.c:911 055704/42/12/12/48 (bts=0,trx=0,ts=0) CCCH: PH-RTS.ind: chan_nr=0x90 link_id=0x00
[1;34mDL1P[0;m <0007> l1sap.c:1082 055704/42/12/12/48 Rx PH-RTS.ind chan_nr=PCH/AGCH on TS0 link_id=0x00d
[1;34mDL1P[0;m <0007> l1sap.c:1225 055704/42/12/12/48 Tx PH-DATA.req chan_nr=PCH/AGCH on TS0 link_id=0x00
[1;34mDL1P[0;m <0007> scheduler.c:842 055704/42/12/12/48 (bts=0,trx=0,ts=0) : PH-DATA.req: chan_nr=0x90 link_id=0x00
[1;34mDL1P[0;m <0007> l1sap.c:622 055700/42/08/08/44 Rx MPH_INFO time ind
[1;34mDL1P[0;m <0007> l1sap.c:622 055701/42/09/09/45 Rx MPH_INFO time ind
[1;34mDL1P[0;m <0007> l1sap.c:622 055702/42/10/10/46 Rx MPH_INFO time ind
[1;34mDL1P[0;m <0007> l1sap.c:622 055703/42/11/11/47 Rx MPH_INFO time ind
[1;34mDL1P[0;m <0007> scheduler.c:911 055708/42/16/16/00 (bts=0,trx=0,ts=0) CCCH: PH-RTS.ind: chan_nr=0x90 link_id=0x00
[1;34mDL1P[0;m <0007> l1sap.c:1082 055708/42/16/16/00 Rx PH-RTS.ind chan_nr=PCH/AGCH on TS0 link_id=0x00d
[1;34mDL1P[0;m <0007> l1sap.c:1225 055708/42/16/16/00 Tx PH-DATA.req chan_nr=PCH/AGCH on TS0 link_id=0x00
[1;34mDL1P[0;m <0007> scheduler.c:842 055708/42/16/16/00 (bts=0,trx=0,ts=0) : PH-DATA.req: chan_nr=0x90 link_id=0x00
[1;34mDL1P[0;m <0007> l1sap.c:622 055704/42/12/12/48 Rx MPH_INFO time ind
[1;34mDL1P[0;m <0007> scheduler_virtbts.c:106 055704/42/12/12/48 (bts=0,trx=0,ts=0) CCCH: Sending GSMTAP message to virtual Um
[1;34mDL1P[0;m <0007> l1sap.c:622 055705/42/13/13/49 Rx MPH_INFO time ind
[1;34mDL1P[0;m <0007> l1sap.c:622 055706/42/14/14/50 Rx MPH_INFO time ind
[1;34mDL1P[0;m <0007> l1sap.c:622 055707/42/15/15/51 Rx MPH_INFO time ind
[1;34mDL1P[0;m <0007> l1sap.c:622 055708/42/16/16/00 Rx MPH_INFO time ind
[1;34mDL1P[0;m <0007> scheduler_virtbts.c:106 055708/42/16/16/00 (bts=0,trx=0,ts=0) CCCH: Sending GSMTAP message to virtual Um
[1;34mDL1P[0;m <0007> l1sap.c:622 055709/42/17/17/01 Rx MPH_INFO time ind
[1;34mDL1P[0;m <0007> l1sap.c:622 055710/42/18/18/02 Rx MPH_INFO time ind
[1;34mDL1P[0;m <0007> l1sap.c:622 055711/42/19/19/03 Rx MPH_INFO time ind
[1;34mDL1P[0;m <0007> l1sap.c:622 055712/42/20/20/04 Rx MPH_INFO time ind
[1;34mDL1P[0;m <0007> l1sap.c:622 055713/42/21/21/05 Rx MPH_INFO time ind
[1;34mDL1P[0;m <0007> l1sap.c:622 055714/42/22/22/06 Rx MPH_INFO time ind
[1;34mDL1P[0;m <0007> l1sap.c:622 055715/42/23/23/07 Rx MPH_INFO time ind
[1;34mDL1P[0;m <0007> l1sap.c:622 055716/42/24/24/08 Rx MPH_INFO time ind
[1;34mDL1P[0;m <0007> l1sap.c:622 055717/42/25/25/09 Rx MPH_INFO time ind
[1;34mDL1P[0;m <0007> l1sap.c:622 055718/42/00/26/10 Rx MPH_INFO time ind
[1;34mDL1P[0;m <0007> l1sap.c:622 055719/42/01/27/11 Rx MPH_INFO time ind
[1;34mDL1P[0;m <0007> l1sap.c:622 055720/42/02/28/12 Rx MPH_INFO time ind
[1;34mDL1P[0;m <0007> l1sap.c:622 055721/42/03/29/13 Rx MPH_INFO time ind
[1;34mDL1P[0;m <0007> l1sap.c:622 055722/42/04/30/14 Rx MPH_INFO time ind
[1;34mDL1P[0;m <0007> l1sap.c:622 055723/42/05/31/15 Rx MPH_INFO time ind
[1;34mDL1P[0;m <0007> l1sap.c:622 055724/42/06/32/16 Rx MPH_INFO time ind
[1;34mDL1P[0;m <0007> l1sap.c:622 055725/42/07/33/17 Rx MPH_INFO time ind
[1;34mDL1P[0;m <0007> l1sap.c:622 055726/42/08/34/18 Rx MPH_INFO time ind
[1;34mDL1P[0;m <0007> l1sap.c:622 055727/42/09/35/19 Rx MPH_INFO time ind
[1;34mDL1P[0;m <0007> l1sap.c:622 055728/42/10/36/20 Rx MPH_INFO time ind
[1;34mDL1P[0;m <0007> l1sap.c:622 055729/42/11/37/21 Rx MPH_INFO time ind
[1;34mDL1P[0;m <0007> l1sap.c:622 055730/42/12/38/22 Rx MPH_INFO time ind
[1;34mDL1P[0;m <0007> l1sap.c:622 055731/42/13/39/23 Rx MPH_INFO time ind
[1;34mDL1P[0;m <0007> l1sap.c:622 055732/42/14/40/24 Rx MPH_INFO time ind
[1;34mDL1P[0;m <0007> l1sap.c:622 055733/42/15/41/25 Rx MPH_INFO time ind
[1;34mDL1P[0;m <0007> l1sap.c:622 055734/42/16/42/26 Rx MPH_INFO time ind
[1;34mDL1P[0;m <0007> l1sap.c:622 055735/42/17/43/27 Rx MPH_INFO time ind
[1;34mDL1P[0;m <0007> l1sap.c:622 055736/42/18/44/28 Rx MPH_INFO time ind
[1;34mDL1P[0;m <0007> l1sap.c:622 055737/42/19/45/29 Rx MPH_INFO time ind
[1;34mDL1P[0;m <0007> l1sap.c:622 055738/42/20/46/30 Rx MPH_INFO time ind
[1;34mDL1P[0;m <0007> l1sap.c:622 055739/42/21/47/31 Rx MPH_INFO time ind
[1;34mDL1P[0;m <0007> l1sap.c:622 055740/42/22/48/32 Rx MPH_INFO time ind
[1;34mDL1P[0;m <0007> scheduler.c:911 055745/42/01/02/37 (bts=0,trx=0,ts=0) BCCH: PH-RTS.ind: chan_nr=0x80 link_id=0x00
[1;34mDL1P[0;m <0007> l1sap.c:1082 055745/42/01/02/37 Rx PH-RTS.ind chan_nr=BCCH on TS0 link_id=0x00d
[1;34mDL1P[0;m <0007> l1sap.c:1225 055745/42/01/02/37 Tx PH-DATA.req chan_nr=BCCH on TS0 link_id=0x00
[1;34mDL1P[0;m <0007> scheduler.c:842 055745/42/01/02/37 (bts=0,trx=0,ts=0) : PH-DATA.req: chan_nr=0x80 link_id=0x00
[1;34mDL1P[0;m <0007> l1sap.c:622 055741/42/23/49/33 Rx MPH_INFO time ind
[1;34mDL1P[0;m <0007> l1sap.c:622 055742/42/24/50/34 Rx MPH_INFO time ind
[1;34mDL1P[0;m <0007> l1sap.c:622 055743/42/25/00/35 Rx MPH_INFO time ind
[1;34mDL1P[0;m <0007> l1sap.c:622 055744/42/00/01/36 Rx MPH_INFO time ind
[1;34mDL1P[0;m <0007> scheduler.c:911 055749/42/05/06/41 (bts=0,trx=0,ts=0) CCCH: PH-RTS.ind: chan_nr=0x90 link_id=0x00
[1;34mDL1P[0;m <0007> l1sap.c:1082 055749/42/05/06/41 Rx PH-RTS.ind chan_nr=PCH/AGCH on TS0 link_id=0x00d
[1;34mDL1P[0;m <0007> l1sap.c:1225 055749/42/05/06/41 Tx PH-DATA.req chan_nr=PCH/AGCH on TS0 link_id=0x00
[1;34mDL1P[0;m <0007> scheduler.c:842 055749/42/05/06/41 (bts=0,trx=0,ts=0) : PH-DATA.req: chan_nr=0x90 link_id=0x00
[1;34mDL1P[0;m <0007> l1sap.c:622 055745/42/01/02/37 Rx MPH_INFO time ind
[1;34mDL1P[0;m <0007> scheduler_virtbts.c:106 055745/42/01/02/37 (bts=0,trx=0,ts=0) BCCH: Sending GSMTAP message to virtual Um
[1;34mDL1P[0;m <0007> l1sap.c:622 055746/42/02/03/38 Rx MPH_INFO time ind
[1;34mDL1P[0;m <0007> l1sap.c:622 055747/42/03/04/39 Rx MPH_INFO time ind
[1;34mDL1P[0;m <0007> l1sap.c:622 055748/42/04/05/40 Rx MPH_INFO time ind
[1;34mDL1P[0;m <0007> l1sap.c:622 055749/42/05/06/41 Rx MPH_INFO time ind
[1;34mDL1P[0;m <0007> scheduler_virtbts.c:106 055749/42/05/06/41 (bts=0,trx=0,ts=0) CCCH: Sending GSMTAP message to virtual Um
[1;34mDL1P[0;m <0007> l1sap.c:622 055750/42/06/07/42 Rx MPH_INFO time ind
[1;34mDL1P[0;m <0007> scheduler.c:911 055755/42/11/12/47 (bts=0,trx=0,ts=0) CCCH: PH-RTS.ind: chan_nr=0x90 link_id=0x00
[1;34mDL1P[0;m <0007> l1sap.c:1082 055755/42/11/12/47 Rx PH-RTS.ind chan_nr=PCH/AGCH on TS0 link_id=0x00d
[1;34mDL1P[0;m <0007> l1sap.c:1225 055755/42/11/12/47 Tx PH-DATA.req chan_nr=PCH/AGCH on TS0 link_id=0x00
[1;34mDL1P[0;m <0007> scheduler.c:842 055755/42/11/12/47 (bts=0,trx=0,ts=0) : PH-DATA.req: chan_nr=0x90 link_id=0x00
[1;34mDL1P[0;m <0007> l1sap.c:622 055751/42/07/08/43 Rx MPH_INFO time ind
[1;34mDL1P[0;m <0007> l1sap.c:622 055752/42/08/09/44 Rx MPH_INFO time ind
[1;34mDL1P[0;m <0007> l1sap.c:622 055753/42/09/10/45 Rx MPH_INFO time ind
[1;34mDL1P[0;m <0007> l1sap.c:622 055754/42/10/11/46 Rx MPH_INFO time ind
[1;34mDL1P[0;m <0007> scheduler.c:911 055759/42/15/16/51 (bts=0,trx=0,ts=0) CCCH: PH-RTS.ind: chan_nr=0x90 link_id=0x00
[1;34mDL1P[0;m <0007> l1sap.c:1082 055759/42/15/16/51 Rx PH-RTS.ind chan_nr=PCH/AGCH on TS0 link_id=0x00d
[1;34mDL1P[0;m <0007> l1sap.c:1225 055759/42/15/16/51 Tx PH-DATA.req chan_nr=PCH/AGCH on TS0 link_id=0x00
[1;34mDL1P[0;m <0007> scheduler.c:842 055759/42/15/16/51 (bts=0,trx=0,ts=0) : PH-DATA.req: chan_nr=0x90 link_id=0x00
[1;34mDL1P[0;m <0007> l1sap.c:622 055755/42/11/12/47 Rx MPH_INFO time ind
[1;34mDL1P[0;m <0007> scheduler_virtbts.c:106 055755/42/11/12/47 (bts=0,trx=0,ts=0) CCCH: Sending GSMTAP message to virtual Um
[1;34mDL1P[0;m <0007> l1sap.c:622 055756/42/12/13/48 Rx MPH_INFO time ind
[1;34mDL1P[0;m <0007> l1sap.c:622 055757/42/13/14/49 Rx MPH_INFO time ind
[1;34mDL1P[0;m <0007> l1sap.c:622 055758/42/14/15/50 Rx MPH_INFO time ind
[1;34mDL1P[0;m <0007> l1sap.c:622 055759/42/15/16/51 Rx MPH_INFO time ind
[1;34mDL1P[0;m <0007> scheduler_virtbts.c:106 055759/42/15/16/51 (bts=0,trx=0,ts=0) CCCH: Sending GSMTAP message to virtual Um
[1;34mDL1P[0;m <0007> l1sap.c:622 055760/42/16/17/00 Rx MPH_INFO time ind
[1;34mDL1P[0;m <0007> l1sap.c:622 055761/42/17/18/01 Rx MPH_INFO time ind
[1;34mDL1P[0;m <0007> l1sap.c:622 055762/42/18/19/02 Rx MPH_INFO time ind
[1;34mDL1P[0;m <0007> l1sap.c:622 055763/42/19/20/03 Rx MPH_INFO time ind
[1;34mDL1P[0;m <0007> l1sap.c:622 055764/42/20/21/04 Rx MPH_INFO time ind
[1;34mDL1P[0;m <0007> l1sap.c:622 055765/42/21/22/05 Rx MPH_INFO time ind
[1;34mDL1P[0;m <0007> l1sap.c:622 055766/42/22/23/06 Rx MPH_INFO time ind
[1;34mDL1P[0;m <0007> l1sap.c:622 055767/42/23/24/07 Rx MPH_INFO time ind
[1;34mDL1P[0;m <0007> l1sap.c:622 055768/42/24/25/08 Rx MPH_INFO time ind
[1;34mDL1P[0;m <0007> l1sap.c:622 055769/42/25/26/09 Rx MPH_INFO time ind
[1;34mDL1P[0;m <0007> l1sap.c:622 055770/42/00/27/10 Rx MPH_INFO time ind
[1;34mDL1P[0;m <0007> l1sap.c:622 055771/42/01/28/11 Rx MPH_INFO time ind
[1;34mDL1P[0;m <0007> l1sap.c:622 055772/42/02/29/12 Rx MPH_INFO time ind
[1;34mDL1P[0;m <0007> l1sap.c:622 055773/42/03/30/13 Rx MPH_INFO time ind
[1;34mDL1P[0;m <0007> l1sap.c:622 055774/42/04/31/14 Rx MPH_INFO time ind
[1;34mDL1P[0;m <0007> l1sap.c:622 055775/42/05/32/15 Rx MPH_INFO time ind
[1;34mDL1P[0;m <0007> l1sap.c:622 055776/42/06/33/16 Rx MPH_INFO time ind
[1;34mDL1P[0;m <0007> l1sap.c:622 055777/42/07/34/17 Rx MPH_INFO time ind
[1;34mDL1P[0;m <0007> l1sap.c:622 055778/42/08/35/18 Rx MPH_INFO time ind
[1;34mDL1P[0;m <0007> l1sap.c:622 055779/42/09/36/19 Rx MPH_INFO time ind
[1;34mDL1P[0;m <0007> l1sap.c:622 055780/42/10/37/20 Rx MPH_INFO time ind
[1;34mDL1P[0;m <0007> l1sap.c:622 055781/42/11/38/21 Rx MPH_INFO time ind
[1;34mDL1P[0;m <0007> l1sap.c:622 055782/42/12/39/22 Rx MPH_INFO time ind
[1;34mDL1P[0;m <0007> l1sap.c:622 055783/42/13/40/23 Rx MPH_INFO time ind
[1;34mDL1P[0;m <0007> l1sap.c:622 055784/42/14/41/24 Rx MPH_INFO time ind
[1;34mDL1P[0;m <0007> l1sap.c:622 055785/42/15/42/25 Rx MPH_INFO time ind
[1;34mDL1P[0;m <0007> l1sap.c:622 055786/42/16/43/26 Rx MPH_INFO time ind
[1;34mDL1P[0;m <0007> l1sap.c:622 055787/42/17/44/27 Rx MPH_INFO time ind
[1;34mDL1P[0;m <0007> l1sap.c:622 055788/42/18/45/28 Rx MPH_INFO time ind
[1;34mDL1P[0;m <0007> l1sap.c:622 055789/42/19/46/29 Rx MPH_INFO time ind
[1;34mDL1P[0;m <0007> l1sap.c:622 055790/42/20/47/30 Rx MPH_INFO time ind
[1;34mDL1P[0;m <0007> l1sap.c:622 055791/42/21/48/31 Rx MPH_INFO time ind
[1;34mDL1P[0;m <0007> scheduler.c:911 055796/42/00/02/36 (bts=0,trx=0,ts=0) BCCH: PH-RTS.ind: chan_nr=0x80 link_id=0x00
[1;34mDL1P[0;m <0007> l1sap.c:1082 055796/42/00/02/36 Rx PH-RTS.ind chan_nr=BCCH on TS0 link_id=0x00d
[1;34mDL1P[0;m <0007> l1sap.c:1225 055796/42/00/02/36 Tx PH-DATA.req chan_nr=BCCH on TS0 link_id=0x00
[1;34mDL1P[0;m <0007> scheduler.c:842 055796/42/00/02/36 (bts=0,trx=0,ts=0) : PH-DATA.req: chan_nr=0x80 link_id=0x00
[1;34mDL1P[0;m <0007> l1sap.c:622 055792/42/22/49/32 Rx MPH_INFO time ind
[1;34mDL1P[0;m <0007> l1sap.c:622 055793/42/23/50/33 Rx MPH_INFO time ind
[1;34mDL1P[0;m <0007> l1sap.c:622 055794/42/24/00/34 Rx MPH_INFO time ind
[1;34mDL1P[0;m <0007> l1sap.c:622 055795/42/25/01/35 Rx MPH_INFO time ind
[1;34mDL1P[0;m <0007> scheduler.c:911 055800/42/04/06/40 (bts=0,trx=0,ts=0) CCCH: PH-RTS.ind: chan_nr=0x90 link_id=0x00
[1;34mDL1P[0;m <0007> l1sap.c:1082 055800/42/04/06/40 Rx PH-RTS.ind chan_nr=PCH/AGCH on TS0 link_id=0x00d
[1;34mDL1P[0;m <0007> l1sap.c:1225 055800/42/04/06/40 Tx PH-DATA.req chan_nr=PCH/AGCH on TS0 link_id=0x00
[1;34mDL1P[0;m <0007> scheduler.c:842 055800/42/04/06/40 (bts=0,trx=0,ts=0) : PH-DATA.req: chan_nr=0x90 link_id=0x00
[1;34mDL1P[0;m <0007> l1sap.c:622 055796/42/00/02/36 Rx MPH_INFO time ind
[1;34mDL1P[0;m <0007> scheduler_virtbts.c:106 055796/42/00/02/36 (bts=0,trx=0,ts=0) BCCH: Sending GSMTAP message to virtual Um
[1;34mDL1P[0;m <0007> l1sap.c:622 055797/42/01/03/37 Rx MPH_INFO time ind
[1;34mDL1P[0;m <0007> l1sap.c:622 055798/42/02/04/38 Rx MPH_INFO time ind
[1;34mDL1P[0;m <0007> l1sap.c:622 055799/42/03/05/39 Rx MPH_INFO time ind
[1;34mDL1P[0;m <0007> l1sap.c:622 055800/42/04/06/40 Rx MPH_INFO time ind
[1;34mDL1P[0;m <0007> scheduler_virtbts.c:106 055800/42/04/06/40 (bts=0,trx=0,ts=0) CCCH: Sending GSMTAP message to virtual Um
[1;34mDL1P[0;m <0007> l1sap.c:622 055801/42/05/07/41 Rx MPH_INFO time ind
[1;34mDL1P[0;m <0007> scheduler.c:911 055806/42/10/12/46 (bts=0,trx=0,ts=0) CCCH: PH-RTS.ind: chan_nr=0x90 link_id=0x00
[1;34mDL1P[0;m <0007> l1sap.c:1082 055806/42/10/12/46 Rx PH-RTS.ind chan_nr=PCH/AGCH on TS0 link_id=0x00d
[1;34mDL1P[0;m <0007> l1sap.c:1225 055806/42/10/12/46 Tx PH-DATA.req chan_nr=PCH/AGCH on TS0 link_id=0x00
[1;34mDL1P[0;m <0007> scheduler.c:842 055806/42/10/12/46 (bts=0,trx=0,ts=0) : PH-DATA.req: chan_nr=0x90 link_id=0x00
[1;34mDL1P[0;m <0007> l1sap.c:622 055802/42/06/08/42 Rx MPH_INFO time ind
[1;34mDL1P[0;m <0007> l1sap.c:622 055803/42/07/09/43 Rx MPH_INFO time ind
[1;34mDL1P[0;m <0007> l1sap.c:622 055804/42/08/10/44 Rx MPH_INFO time ind
[1;34mDL1P[0;m <0007> l1sap.c:622 055805/42/09/11/45 Rx MPH_INFO time ind
[1;34mDL1P[0;m <0007> scheduler.c:911 055810/42/14/16/02 (bts=0,trx=0,ts=0) CCCH: PH-RTS.ind: chan_nr=0x90 link_id=0x00
[1;34mDL1P[0;m <0007> l1sap.c:1082 055810/42/14/16/02 Rx PH-RTS.ind chan_nr=PCH/AGCH on TS0 link_id=0x00d
[1;34mDL1P[0;m <0007> l1sap.c:1225 055810/42/14/16/02 Tx PH-DATA.req chan_nr=PCH/AGCH on TS0 link_id=0x00
[1;34mDL1P[0;m <0007> scheduler.c:842 055810/42/14/16/02 (bts=0,trx=0,ts=0) : PH-DATA.req: chan_nr=0x90 link_id=0x00
[1;34mDL1P[0;m <0007> l1sap.c:622 055806/42/10/12/46 Rx MPH_INFO time ind
[1;34mDL1P[0;m <0007> scheduler_virtbts.c:106 055806/42/10/12/46 (bts=0,trx=0,ts=0) CCCH: Sending GSMTAP message to virtual Um
[1;34mDL1P[0;m <0007> l1sap.c:622 055807/42/11/13/47 Rx MPH_INFO time ind
[1;34mDL1P[0;m <0007> l1sap.c:622 055808/42/12/14/00 Rx MPH_INFO time ind
[1;34mDL1P[0;m <0007> l1sap.c:622 055809/42/13/15/01 Rx MPH_INFO time ind
[1;34mDL1P[0;m <0007> l1sap.c:622 055810/42/14/16/02 Rx MPH_INFO time ind
[1;34mDL1P[0;m <0007> scheduler_virtbts.c:106 055810/42/14/16/02 (bts=0,trx=0,ts=0) CCCH: Sending GSMTAP message to virtual Um
[1;34mDL1P[0;m <0007> l1sap.c:622 055811/42/15/17/03 Rx MPH_INFO time ind
[1;34mDL1P[0;m <0007> l1sap.c:622 055812/42/16/18/04 Rx MPH_INFO time ind
[1;34mDL1P[0;m <0007> l1sap.c:622 055813/42/17/19/05 Rx MPH_INFO time ind
[1;34mDL1P[0;m <0007> l1sap.c:622 055814/42/18/20/06 Rx MPH_INFO time ind
[1;34mDL1P[0;m <0007> l1sap.c:622 055815/42/19/21/07 Rx MPH_INFO time ind
[1;34mDL1P[0;m <0007> l1sap.c:622 055816/42/20/22/08 Rx MPH_INFO time ind
[1;34mDL1P[0;m <0007> l1sap.c:622 055817/42/21/23/09 Rx MPH_INFO time ind
[1;34mDL1P[0;m <0007> l1sap.c:622 055818/42/22/24/10 Rx MPH_INFO time ind
[1;34mDL1P[0;m <0007> l1sap.c:622 055819/42/23/25/11 Rx MPH_INFO time ind
[1;34mDL1P[0;m <0007> l1sap.c:622 055820/42/24/26/12 Rx MPH_INFO time ind
[1;34mDL1P[0;m <0007> l1sap.c:622 055821/42/25/27/13 Rx MPH_INFO time ind
[1;34mDL1P[0;m <0007> l1sap.c:622 055822/42/00/28/14 Rx MPH_INFO time ind
[1;34mDL1P[0;m <0007> l1sap.c:622 055823/42/01/29/15 Rx MPH_INFO time ind
[1;34mDL1P[0;m <0007> l1sap.c:622 055824/42/02/30/16 Rx MPH_INFO time ind
[1;34mDL1P[0;m <0007> l1sap.c:622 055825/42/03/31/17 Rx MPH_INFO time ind
[1;34mDL1P[0;m <0007> l1sap.c:622 055826/42/04/32/18 Rx MPH_INFO time ind
[1;34mDL1P[0;m <0007> l1sap.c:622 055827/42/05/33/19 Rx MPH_INFO time ind
[1;34mDL1P[0;m <0007> l1sap.c:622 055828/42/06/34/20 Rx MPH_INFO time ind
[1;34mDL1P[0;m <0007> l1sap.c:622 055829/42/07/35/21 Rx MPH_INFO time ind
[1;34mDL1P[0;m <0007> l1sap.c:622 055830/42/08/36/22 Rx MPH_INFO time ind
[1;34mDL1P[0;m <0007> l1sap.c:622 055831/42/09/37/23 Rx MPH_INFO time ind
[1;34mDL1P[0;m <0007> l1sap.c:622 055832/42/10/38/24 Rx MPH_INFO time ind
[1;34mDL1P[0;m <0007> l1sap.c:622 055833/42/11/39/25 Rx MPH_INFO time ind
[1;34mDL1P[0;m <0007> l1sap.c:622 055834/42/12/40/26 Rx MPH_INFO time ind
[1;34mDL1P[0;m <0007> l1sap.c:622 055835/42/13/41/27 Rx MPH_INFO time ind
[1;34mDL1P[0;m <0007> l1sap.c:622 055836/42/14/42/28 Rx MPH_INFO time ind
[1;34mDL1P[0;m <0007> l1sap.c:622 055837/42/15/43/29 Rx MPH_INFO time ind
[1;34mDL1P[0;m <0007> l1sap.c:622 055838/42/16/44/30 Rx MPH_INFO time ind
[1;34mDL1P[0;m <0007> l1sap.c:622 055839/42/17/45/31 Rx MPH_INFO time ind
[1;34mDL1P[0;m <0007> l1sap.c:622 055840/42/18/46/32 Rx MPH_INFO time ind
[1;34mDL1P[0;m <0007> l1sap.c:622 055841/42/19/47/33 Rx MPH_INFO time ind
[1;34mDL1P[0;m <0007> l1sap.c:622 055842/42/20/48/34 Rx MPH_INFO time ind
[1;34mDL1P[0;m <0007> scheduler.c:911 055847/42/25/02/39 (bts=0,trx=0,ts=0) BCCH: PH-RTS.ind: chan_nr=0x80 link_id=0x00
[1;34mDL1P[0;m <0007> l1sap.c:1082 055847/42/25/02/39 Rx PH-RTS.ind chan_nr=BCCH on TS0 link_id=0x00d
[1;34mDL1P[0;m <0007> l1sap.c:1225 055847/42/25/02/39 Tx PH-DATA.req chan_nr=BCCH on TS0 link_id=0x00
[1;34mDL1P[0;m <0007> scheduler.c:842 055847/42/25/02/39 (bts=0,trx=0,ts=0) : PH-DATA.req: chan_nr=0x80 link_id=0x00
[1;34mDL1P[0;m <0007> l1sap.c:622 055843/42/21/49/35 Rx MPH_INFO time ind
[1;34mDL1P[0;m <0007> l1sap.c:622 055844/42/22/50/36 Rx MPH_INFO time ind
[1;34mDL1P[0;m <0007> l1sap.c:622 055845/42/23/00/37 Rx MPH_INFO time ind
[1;34mDL1P[0;m <0007> l1sap.c:622 055846/42/24/01/38 Rx MPH_INFO time ind
[1;34mDL1P[0;m <0007> scheduler.c:911 055851/42/03/06/43 (bts=0,trx=0,ts=0) CCCH: PH-RTS.ind: chan_nr=0x90 link_id=0x00
[1;34mDL1P[0;m <0007> l1sap.c:1082 055851/42/03/06/43 Rx PH-RTS.ind chan_nr=PCH/AGCH on TS0 link_id=0x00d
[1;34mDL1P[0;m <0007> l1sap.c:1225 055851/42/03/06/43 Tx PH-DATA.req chan_nr=PCH/AGCH on TS0 link_id=0x00
[1;34mDL1P[0;m <0007> scheduler.c:842 055851/42/03/06/43 (bts=0,trx=0,ts=0) : PH-DATA.req: chan_nr=0x90 link_id=0x00
[1;34mDL1P[0;m <0007> l1sap.c:622 055847/42/25/02/39 Rx MPH_INFO time ind
[1;34mDL1P[0;m <0007> scheduler_virtbts.c:106 055847/42/25/02/39 (bts=0,trx=0,ts=0) BCCH: Sending GSMTAP message to virtual Um
[1;34mDL1P[0;m <0007> l1sap.c:622 055848/42/00/03/40 Rx MPH_INFO time ind
[1;34mDL1P[0;m <0007> l1sap.c:622 055849/42/01/04/41 Rx MPH_INFO time ind
[1;34mDL1P[0;m <0007> l1sap.c:622 055850/42/02/05/42 Rx MPH_INFO time ind
[1;34mDL1P[0;m <0007> l1sap.c:622 055851/42/03/06/43 Rx MPH_INFO time ind
[1;34mDL1P[0;m <0007> scheduler_virtbts.c:106 055851/42/03/06/43 (bts=0,trx=0,ts=0) CCCH: Sending GSMTAP message to virtual Um
[1;34mDL1P[0;m <0007> l1sap.c:622 055852/42/04/07/44 Rx MPH_INFO time ind
[1;34mDL1P[0;m <0007> scheduler.c:911 055857/42/09/12/49 (bts=0,trx=0,ts=0) CCCH: PH-RTS.ind: chan_nr=0x90 link_id=0x00
[1;34mDL1P[0;m <0007> l1sap.c:1082 055857/42/09/12/49 Rx PH-RTS.ind chan_nr=PCH/AGCH on TS0 link_id=0x00d
[1;34mDL1P[0;m <0007> l1sap.c:1225 055857/42/09/12/49 Tx PH-DATA.req chan_nr=PCH/AGCH on TS0 link_id=0x00
[1;34mDL1P[0;m <0007> scheduler.c:842 055857/42/09/12/49 (bts=0,trx=0,ts=0) : PH-DATA.req: chan_nr=0x90 link_id=0x00
[1;34mDL1P[0;m <0007> l1sap.c:622 055853/42/05/08/45 Rx MPH_INFO time ind
[1;34mDL1P[0;m <0007> l1sap.c:622 055854/42/06/09/46 Rx MPH_INFO time ind
