2026/Jun/23 07:17:14.914625 EXECUTOR - TTCN-3 Main Test Component started on ttcn3-tc-26-6-11-1-1-4d78c. Version: 11.1.0.
2026/Jun/23 07:17:14.914749 EXECUTOR - TTCN Logger v2.2 options: TimeStampFormat:=DateTime; LogEntityName:=No; LogEventTypes:=Yes; SourceInfoFormat:=Single; LogSensitiveData:=No; *.FileMask:=LOG_ALL; *.ConsoleMask:=ERROR | TESTCASE | USER | VERDICTOP | WARNING; LogFileSize:=0; LogFileNumber:=1; DiskFullAction:=Error
2026/Jun/23 07:17:14.914814 EXECUTOR - Connected to MC.
2026/Jun/23 07:17:14.915014 EXECUTOR - Executing test case TC_26_6_11_1 in module TC_26_6_11_1.
2026/Jun/23 07:17:14.915176 TESTCASE TC_26_6_11_1.ttcn3:60 Test case TC_26_6_11_1 started.
2026/Jun/23 07:17:14.915260 PARALLEL TC_26_6_11_1.ttcn3:60 Initializing variables, timers and ports of component type GSM_Component_Definitions.GSM_CT inside testcase TC_26_6_11_1.
2026/Jun/23 07:17:14.915555 USER TC_26_6_11_1.ttcn3:60 MSC_Port: set_parameter msc_stub_host = 10.42.0.4
2026/Jun/23 07:17:14.915609 USER TC_26_6_11_1.ttcn3:60 MSC_Port: set_parameter msc_stub_port = 5000
2026/Jun/23 07:17:14.915657 USER TC_26_6_11_1.ttcn3:60 L3_Port: set_parameter gsmtap_host = 127.0.0.1
2026/Jun/23 07:17:14.915674 USER TC_26_6_11_1.ttcn3:60 L3_Port: set_parameter gsmtap_port = 4729
2026/Jun/23 07:17:14.915681 USER TC_26_6_11_1.ttcn3:60 L3_Port: set_parameter local_port = 4730
2026/Jun/23 07:17:14.915685 USER TC_26_6_11_1.ttcn3:60 L3_Port: set_parameter arfcn = 51
2026/Jun/23 07:17:14.915695 USER TC_26_6_11_1.ttcn3:60 L3_Port: user_start called
2026/Jun/23 07:17:14.915705 PORTEVENT TC_26_6_11_1.ttcn3:60 Port L was started.
2026/Jun/23 07:17:14.915771 PORTEVENT TC_26_6_11_1.ttcn3:60 Port RR was started.
2026/Jun/23 07:17:14.915777 PORTEVENT TC_26_6_11_1.ttcn3:60 Port MM was started.
2026/Jun/23 07:17:14.915782 PORTEVENT TC_26_6_11_1.ttcn3:60 Port CC was started.
2026/Jun/23 07:17:14.915785 USER TC_26_6_11_1.ttcn3:60 MSC_Port: user_start called
2026/Jun/23 07:17:14.915790 PORTEVENT TC_26_6_11_1.ttcn3:60 Port MSC was started.
2026/Jun/23 07:17:14.915796 PORTEVENT TC_26_6_11_1.ttcn3:60 Port BSC was started.
2026/Jun/23 07:17:14.915801 PORTEVENT TC_26_6_11_1.ttcn3:60 Port RSL was started.
2026/Jun/23 07:17:14.915807 USER TC_26_6_11_1.ttcn3:60 VTY_PT: Starting
2026/Jun/23 07:17:14.915813 PORTEVENT TC_26_6_11_1.ttcn3:60 Port VTY was started.
2026/Jun/23 07:17:14.915818 PORTEVENT TC_26_6_11_1.ttcn3:60 Port COORD was started.
2026/Jun/23 07:17:14.915826 PARALLEL TC_26_6_11_1.ttcn3:60 Component type GSM_Component_Definitions.GSM_CT was initialized.
2026/Jun/23 07:17:14.915857 WARNING GSM_Component_Definitions.ttcn3:364 Warning: Stopping inactive timer T_guard.
2026/Jun/23 07:17:14.915866 WARNING GSM_Component_Definitions.ttcn3:365 Warning: Stopping inactive timer T301.
2026/Jun/23 07:17:14.915871 WARNING GSM_Component_Definitions.ttcn3:366 Warning: Stopping inactive timer T303.
2026/Jun/23 07:17:14.915875 WARNING GSM_Component_Definitions.ttcn3:367 Warning: Stopping inactive timer T305.
2026/Jun/23 07:17:14.915880 WARNING GSM_Component_Definitions.ttcn3:368 Warning: Stopping inactive timer T308.
2026/Jun/23 07:17:14.915884 WARNING GSM_Component_Definitions.ttcn3:369 Warning: Stopping inactive timer T310.
2026/Jun/23 07:17:14.915888 WARNING GSM_Component_Definitions.ttcn3:370 Warning: Stopping inactive timer T313.
2026/Jun/23 07:17:14.915895 USER GSM_Component_Definitions.ttcn3:386 Component initialized
2026/Jun/23 07:17:14.915912 PARALLEL GSM_Component_Definitions.ttcn3:334 Mapping port mtc:L to system:L.
2026/Jun/23 07:17:14.915971 USER GSM_Component_Definitions.ttcn3:334 L3_Port: Mapping to L
2026/Jun/23 07:17:14.916041 USER GSM_Component_Definitions.ttcn3:334 L3_Port: GSMTAP listening on port 4730
2026/Jun/23 07:17:14.916048 USER GSM_Component_Definitions.ttcn3:334 L3_Port: Mapped successfully (GSMTAP: 127.0.0.1:4729)
2026/Jun/23 07:17:14.916055 WARNING GSM_Component_Definitions.ttcn3:334 Warning: The maximum number of open file descriptors (1048576) is greater than FD_SETSIZE (1024). Ensure that Test Ports using Install_Handler do not try to wait for events of file descriptors with values greater than FD_SETSIZE (1024). (Current caller of Install_Handler is "L")
2026/Jun/23 07:17:14.916097 PORTEVENT GSM_Component_Definitions.ttcn3:334 Port L was mapped to system:L.
2026/Jun/23 07:17:14.916199 PARALLEL GSM_Component_Definitions.ttcn3:334 Map operation of mtc:L to system:L finished.
2026/Jun/23 07:17:14.916237 PARALLEL GSM_Component_Definitions.ttcn3:335 Mapping port mtc:RR to system:RR.
2026/Jun/23 07:17:14.916266 PORTEVENT GSM_Component_Definitions.ttcn3:335 Port RR was mapped to system:RR.
2026/Jun/23 07:17:14.916294 PARALLEL GSM_Component_Definitions.ttcn3:335 Map operation of mtc:RR to system:RR finished.
2026/Jun/23 07:17:14.916299 PARALLEL GSM_Component_Definitions.ttcn3:336 Mapping port mtc:MM to system:MM.
2026/Jun/23 07:17:14.916326 PORTEVENT GSM_Component_Definitions.ttcn3:336 Port MM was mapped to system:MM.
2026/Jun/23 07:17:14.916352 PARALLEL GSM_Component_Definitions.ttcn3:336 Map operation of mtc:MM to system:MM finished.
2026/Jun/23 07:17:14.916356 PARALLEL GSM_Component_Definitions.ttcn3:337 Mapping port mtc:CC to system:CC.
2026/Jun/23 07:17:14.916381 PORTEVENT GSM_Component_Definitions.ttcn3:337 Port CC was mapped to system:CC.
2026/Jun/23 07:17:14.916407 PARALLEL GSM_Component_Definitions.ttcn3:337 Map operation of mtc:CC to system:CC finished.
2026/Jun/23 07:17:14.916411 PARALLEL GSM_Component_Definitions.ttcn3:338 Mapping port mtc:MSC to system:MSC.
2026/Jun/23 07:17:14.916437 USER GSM_Component_Definitions.ttcn3:338 MSC_Port: Mapping to MSC
2026/Jun/23 07:17:14.916884 USER GSM_Component_Definitions.ttcn3:338 MSC_Port: Registered socket for async events
2026/Jun/23 07:17:14.916904 USER GSM_Component_Definitions.ttcn3:338 MSC_Port: Connected to MSC stub at 10.42.0.4:5000
2026/Jun/23 07:17:14.916908 PORTEVENT GSM_Component_Definitions.ttcn3:338 Port MSC was mapped to system:MSC.
2026/Jun/23 07:17:14.916946 PARALLEL GSM_Component_Definitions.ttcn3:338 Map operation of mtc:MSC to system:MSC finished.
2026/Jun/23 07:17:14.916953 PARALLEL GSM_Component_Definitions.ttcn3:339 Mapping port mtc:VTY to system:VTY.
2026/Jun/23 07:17:14.916981 USER GSM_Component_Definitions.ttcn3:339 VTY_PT: Mapping port to VTY interface
2026/Jun/23 07:17:14.917220 USER GSM_Component_Definitions.ttcn3:339 VTY_PT: Connected to VTY at 10.43.101.245:4247
2026/Jun/23 07:17:15.417515 USER GSM_Component_Definitions.ttcn3:339 VTY_PT: Initial banner received
2026/Jun/23 07:17:15.417583 PORTEVENT GSM_Component_Definitions.ttcn3:339 Port VTY was mapped to system:VTY.
2026/Jun/23 07:17:15.417646 USER GSM_Component_Definitions.ttcn3:339 MSC_Port: RX: {"type": "WELCOME", "status": "connected"}
2026/Jun/23 07:17:15.417703 PORTEVENT GSM_Component_Definitions.ttcn3:339 Message enqueued on MSC from system charstring : "{\"type\": \"WELCOME\", \"status\": \"connected\"}" id 1
2026/Jun/23 07:17:15.417755 PARALLEL GSM_Component_Definitions.ttcn3:339 Map operation of mtc:VTY to system:VTY finished.
2026/Jun/23 07:17:15.417782 TIMEROP TC_26_6_11_1.ttcn3:94 Start timer T_guard: 300 s
2026/Jun/23 07:17:15.417861 USER TC_26_6_11_1.ttcn3:96 ==========================================================
2026/Jun/23 07:17:15.417867 USER TC_26_6_11_1.ttcn3:97 *** TC_26_6_11_1: Classmark Change During Call and Idle Mode ***
2026/Jun/23 07:17:15.417871 USER TC_26_6_11_1.ttcn3:98 ==========================================================
2026/Jun/23 07:17:15.417876 USER TC_26_6_11_1.ttcn3:99 *** Test Purpose: Verify MS communicates classmark changes during call ***
2026/Jun/23 07:17:15.417880 USER TC_26_6_11_1.ttcn3:100 *** but not during idle mode ***
2026/Jun/23 07:17:15.417884 USER TC_26_6_11_1.ttcn3:106 *** Step 1: Disabling MSC stub auto_respond mode ***
2026/Jun/23 07:17:15.417910 PORTEVENT TC_26_6_11_1.ttcn3:107 Sent on MSC to system charstring : "{\"command\": \"SET_AUTO_RESPOND\", \"params\": {\"enabled\": false}}"
2026/Jun/23 07:17:15.418015 USER TC_26_6_11_1.ttcn3:107 MSC_Port: TX: {"command": "SET_AUTO_RESPOND", "params": {"enabled": false}}
2026/Jun/23 07:17:15.418033 TIMEROP TC_26_6_11_1.ttcn3:109 Start timer T_ack: 3 s
2026/Jun/23 07:17:15.418083 PORTEVENT TC_26_6_11_1.ttcn3:111 Receive operation on port MSC succeeded, message from system(): charstring : "{\"type\": \"WELCOME\", \"status\": \"connected\"}" id 1
2026/Jun/23 07:17:15.418114 PORTEVENT TC_26_6_11_1.ttcn3:111 Message with id 1 was extracted from the queue of MSC.
2026/Jun/23 07:17:15.418300 USER TC_26_6_11_1.ttcn3:116 Connection established
2026/Jun/23 07:17:15.418323 USER TC_26_6_11_1.ttcn3:110 MSC_Port: RX: {"status": "ok", "auto_respond": false}
2026/Jun/23 07:17:15.418332 PORTEVENT TC_26_6_11_1.ttcn3:110 Message enqueued on MSC from system charstring : "{\"status\": \"ok\", \"auto_respond\": false}" id 2
2026/Jun/23 07:17:15.418340 PORTEVENT TC_26_6_11_1.ttcn3:111 Receive operation on port MSC succeeded, message from system(): charstring : "{\"status\": \"ok\", \"auto_respond\": false}" id 2
2026/Jun/23 07:17:15.418344 PORTEVENT TC_26_6_11_1.ttcn3:111 Message with id 2 was extracted from the queue of MSC.
2026/Jun/23 07:17:15.418410 USER TC_26_6_11_1.ttcn3:113 Auto_respond disabled
2026/Jun/23 07:17:15.418423 TIMEROP TC_26_6_11_1.ttcn3:114 Stop timer T_ack: 3 s
2026/Jun/23 07:17:15.418436 USER TC_26_6_11_1.ttcn3:131 *** Step 2: Draining stale LU requests from initial boot ***
2026/Jun/23 07:17:15.418441 TIMEROP TC_26_6_11_1.ttcn3:133 Start timer T_drain_lu: 10 s
2026/Jun/23 07:17:20.423080 USER TC_26_6_11_1.ttcn3:135 MSC_Port: RX: {"type": "HEARTBEAT"}
2026/Jun/23 07:17:20.423170 PORTEVENT TC_26_6_11_1.ttcn3:135 Message enqueued on MSC from system charstring : "{\"type\": \"HEARTBEAT\"}" id 3
2026/Jun/23 07:17:20.423197 PORTEVENT TC_26_6_11_1.ttcn3:136 Receive operation on port MSC succeeded, message from system(): charstring : "{\"type\": \"HEARTBEAT\"}" id 3
2026/Jun/23 07:17:20.423207 PORTEVENT TC_26_6_11_1.ttcn3:136 Message with id 3 was extracted from the queue of MSC.
2026/Jun/23 07:17:25.422940 TIMEROP TC_26_6_11_1.ttcn3:148 Timeout T_drain_lu: 10 s
2026/Jun/23 07:17:25.423031 USER TC_26_6_11_1.ttcn3:149 LU drain complete, drained 0 requests
2026/Jun/23 07:17:25.423092 USER TC_26_6_11_1.ttcn3:157 *** Step 2b: Restarting mobile for fresh LU attempt ***
2026/Jun/23 07:17:25.423156 USER TC_26_6_11_1.ttcn3:158 docker.sock not found — using VTY power-cycle (k8s mode)
2026/Jun/23 07:17:25.423168 USER TC_26_6_11_1.ttcn3:158 === k8s fallback: VTY power-cycle mobile at 10.43.101.245:4247 ===
2026/Jun/23 07:17:34.414003 USER TC_26_6_11_1.ttcn3:158 Waiting 10 seconds (power off)...
2026/Jun/23 07:17:49.773941 USER TC_26_6_11_1.ttcn3:158 VTY 'clear-loci' sent — LOCI erased
2026/Jun/23 07:17:56.942025 USER TC_26_6_11_1.ttcn3:158 === VTY power-cycle complete — MS will send LU shortly ===
2026/Jun/23 07:17:56.942149 USER TC_26_6_11_1.ttcn3:167 *** Step 3: Waiting for fresh Location Update Request ***
2026/Jun/23 07:17:56.942161 TIMEROP TC_26_6_11_1.ttcn3:169 Start timer T_lu_wait: 60 s
2026/Jun/23 07:17:56.942196 USER TC_26_6_11_1.ttcn3:171 VTY_PT: Received data (buffered): 162 bytes
2026/Jun/23 07:17:56.942235 USER TC_26_6_11_1.ttcn3:171 MSC_Port: RX: {"type": "HEARTBEAT"}
2026/Jun/23 07:17:56.942248 PORTEVENT TC_26_6_11_1.ttcn3:171 Message enqueued on MSC from system charstring : "{\"type\": \"HEARTBEAT\"}" id 4
2026/Jun/23 07:17:56.942260 USER TC_26_6_11_1.ttcn3:171 MSC_Port: RX: {"type": "HEARTBEAT"}
2026/Jun/23 07:17:56.942267 PORTEVENT TC_26_6_11_1.ttcn3:171 Message enqueued on MSC from system charstring : "{\"type\": \"HEARTBEAT\"}" id 5
2026/Jun/23 07:17:56.942272 USER TC_26_6_11_1.ttcn3:171 MSC_Port: RX: {"type": "HEARTBEAT"}
2026/Jun/23 07:17:56.942279 PORTEVENT TC_26_6_11_1.ttcn3:171 Message enqueued on MSC from system charstring : "{\"type\": \"HEARTBEAT\"}" id 6
2026/Jun/23 07:17:56.942284 USER TC_26_6_11_1.ttcn3:171 MSC_Port: RX: {"type": "HEARTBEAT"}
2026/Jun/23 07:17:56.942291 PORTEVENT TC_26_6_11_1.ttcn3:171 Message enqueued on MSC from system charstring : "{\"type\": \"HEARTBEAT\"}" id 7
2026/Jun/23 07:17:56.942296 USER TC_26_6_11_1.ttcn3:171 MSC_Port: RX: {"type": "HEARTBEAT"}
2026/Jun/23 07:17:56.942302 PORTEVENT TC_26_6_11_1.ttcn3:171 Message enqueued on MSC from system charstring : "{\"type\": \"HEARTBEAT\"}" id 8
2026/Jun/23 07:17:56.942313 USER TC_26_6_11_1.ttcn3:171 MSC_Port: RX: {"type": "HEARTBEAT"}
2026/Jun/23 07:17:56.942319 PORTEVENT TC_26_6_11_1.ttcn3:171 Message enqueued on MSC from system charstring : "{\"type\": \"HEARTBEAT\"}" id 9
2026/Jun/23 07:17:56.942323 USER TC_26_6_11_1.ttcn3:171 MSC_Port: RX: {"type": "HEARTBEAT"}
2026/Jun/23 07:17:56.942329 PORTEVENT TC_26_6_11_1.ttcn3:171 Message enqueued on MSC from system charstring : "{\"type\": \"HEARTBEAT\"}" id 10
2026/Jun/23 07:17:56.942337 PORTEVENT TC_26_6_11_1.ttcn3:172 Receive operation on port MSC succeeded, message from system(): charstring : "{\"type\": \"HEARTBEAT\"}" id 4
2026/Jun/23 07:17:56.942343 PORTEVENT TC_26_6_11_1.ttcn3:172 Message with id 4 was extracted from the queue of MSC.
2026/Jun/23 07:17:56.942433 PORTEVENT TC_26_6_11_1.ttcn3:172 Receive operation on port MSC succeeded, message from system(): charstring : "{\"type\": \"HEARTBEAT\"}" id 5
2026/Jun/23 07:17:56.942438 PORTEVENT TC_26_6_11_1.ttcn3:172 Message with id 5 was extracted from the queue of MSC.
2026/Jun/23 07:17:56.942481 PORTEVENT TC_26_6_11_1.ttcn3:172 Receive operation on port MSC succeeded, message from system(): charstring : "{\"type\": \"HEARTBEAT\"}" id 6
2026/Jun/23 07:17:56.942484 PORTEVENT TC_26_6_11_1.ttcn3:172 Message with id 6 was extracted from the queue of MSC.
2026/Jun/23 07:17:56.942522 PORTEVENT TC_26_6_11_1.ttcn3:172 Receive operation on port MSC succeeded, message from system(): charstring : "{\"type\": \"HEARTBEAT\"}" id 7
2026/Jun/23 07:17:56.942525 PORTEVENT TC_26_6_11_1.ttcn3:172 Message with id 7 was extracted from the queue of MSC.
2026/Jun/23 07:17:56.942563 PORTEVENT TC_26_6_11_1.ttcn3:172 Receive operation on port MSC succeeded, message from system(): charstring : "{\"type\": \"HEARTBEAT\"}" id 8
2026/Jun/23 07:17:56.942566 PORTEVENT TC_26_6_11_1.ttcn3:172 Message with id 8 was extracted from the queue of MSC.
2026/Jun/23 07:17:56.942602 PORTEVENT TC_26_6_11_1.ttcn3:172 Receive operation on port MSC succeeded, message from system(): charstring : "{\"type\": \"HEARTBEAT\"}" id 9
2026/Jun/23 07:17:56.942605 PORTEVENT TC_26_6_11_1.ttcn3:172 Message with id 9 was extracted from the queue of MSC.
2026/Jun/23 07:17:56.942640 PORTEVENT TC_26_6_11_1.ttcn3:172 Receive operation on port MSC succeeded, message from system(): charstring : "{\"type\": \"HEARTBEAT\"}" id 10
2026/Jun/23 07:17:56.942644 PORTEVENT TC_26_6_11_1.ttcn3:172 Message with id 10 was extracted from the queue of MSC.
2026/Jun/23 07:17:59.334974 USER TC_26_6_11_1.ttcn3:171 VTY_PT: Received data (buffered): 68 bytes
2026/Jun/23 07:18:00.464055 USER TC_26_6_11_1.ttcn3:171 MSC_Port: RX: {"type": "HEARTBEAT"}
2026/Jun/23 07:18:00.464130 PORTEVENT TC_26_6_11_1.ttcn3:171 Message enqueued on MSC from system charstring : "{\"type\": \"HEARTBEAT\"}" id 11
2026/Jun/23 07:18:00.464156 PORTEVENT TC_26_6_11_1.ttcn3:172 Receive operation on port MSC succeeded, message from system(): charstring : "{\"type\": \"HEARTBEAT\"}" id 11
2026/Jun/23 07:18:00.464166 PORTEVENT TC_26_6_11_1.ttcn3:172 Message with id 11 was extracted from the queue of MSC.
2026/Jun/23 07:18:05.469036 USER TC_26_6_11_1.ttcn3:171 MSC_Port: RX: {"type": "HEARTBEAT"}
2026/Jun/23 07:18:05.469096 PORTEVENT TC_26_6_11_1.ttcn3:171 Message enqueued on MSC from system charstring : "{\"type\": \"HEARTBEAT\"}" id 12
2026/Jun/23 07:18:05.469119 PORTEVENT TC_26_6_11_1.ttcn3:172 Receive operation on port MSC succeeded, message from system(): charstring : "{\"type\": \"HEARTBEAT\"}" id 12
2026/Jun/23 07:18:05.469127 PORTEVENT TC_26_6_11_1.ttcn3:172 Message with id 12 was extracted from the queue of MSC.
2026/Jun/23 07:18:10.474070 USER TC_26_6_11_1.ttcn3:171 MSC_Port: RX: {"type": "HEARTBEAT"}
2026/Jun/23 07:18:10.474137 PORTEVENT TC_26_6_11_1.ttcn3:171 Message enqueued on MSC from system charstring : "{\"type\": \"HEARTBEAT\"}" id 13
2026/Jun/23 07:18:10.474159 PORTEVENT TC_26_6_11_1.ttcn3:172 Receive operation on port MSC succeeded, message from system(): charstring : "{\"type\": \"HEARTBEAT\"}" id 13
2026/Jun/23 07:18:10.474175 PORTEVENT TC_26_6_11_1.ttcn3:172 Message with id 13 was extracted from the queue of MSC.
2026/Jun/23 07:18:14.796346 USER TC_26_6_11_1.ttcn3:171 MSC_Port: RX: {"type": "EVENT_LU_REQUEST", "bsc_slr": 2, "msc_slr": 2, "cksn": 7, "lu_type": 0, "old_mcc": "901", "old_mnc": "70", "old_lac": 0, "mi_type": "imsi"}
2026/Jun/23 07:18:14.796414 PORTEVENT TC_26_6_11_1.ttcn3:171 Message enqueued on MSC from system charstring : "{\"type\": \"EVENT_LU_REQUEST\", \"bsc_slr\": 2, \"msc_slr\": 2, \"cksn\": 7, \"lu_type\": 0, \"old_mcc\": \"901\", \"old_mnc\": \"70\", \"old_lac\": 0, \"mi_type\": \"imsi\"}" id 14
2026/Jun/23 07:18:14.796443 PORTEVENT TC_26_6_11_1.ttcn3:172 Receive operation on port MSC succeeded, message from system(): charstring : "{\"type\": \"EVENT_LU_REQUEST\", \"bsc_slr\": 2, \"msc_slr\": 2, \"cksn\": 7, \"lu_type\": 0, \"old_mcc\": \"901\", \"old_mnc\": \"70\", \"old_lac\": 0, \"mi_type\": \"imsi\"}" id 14
2026/Jun/23 07:18:14.796454 PORTEVENT TC_26_6_11_1.ttcn3:172 Message with id 14 was extracted from the queue of MSC.
2026/Jun/23 07:18:14.796553 USER TC_26_6_11_1.ttcn3:174 *** Received fresh Location Update Request ***
2026/Jun/23 07:18:14.796612 USER GSM_Functions.ttcn3:365 f_extractJsonInt: Searching for key '"bsc_slr"' in JSON: "{\"type\": \"EVENT_LU_REQUEST\", \"bsc_slr\": 2, \"msc_slr\": 2, \"cksn\": 7, \"lu_type\": 0, \"old_mcc\": \"901\", \"old_mnc\": \"70\", \"old_lac\": 0, \"mi_type\": \"imsi\"}"
2026/Jun/23 07:18:14.796692 USER GSM_Functions.ttcn3:372 f_extractJsonInt: Found key at position 29 (pattern: "\"bsc_slr\":")
2026/Jun/23 07:18:14.796751 USER GSM_Functions.ttcn3:422 f_extractJsonInt: Extracted number string '"2"' => integer 2
2026/Jun/23 07:18:14.796768 USER TC_26_6_11_1.ttcn3:176 *** Extracted bsc_slr = 2 ***
2026/Jun/23 07:18:14.796776 TIMEROP TC_26_6_11_1.ttcn3:177 Stop timer T_lu_wait: 60 s
2026/Jun/23 07:18:14.796793 USER TC_26_6_11_1.ttcn3:193 *** Completing Location Update with TMSI ***
2026/Jun/23 07:18:14.796813 PORTEVENT TC_26_6_11_1.ttcn3:195 Sent on MSC to system charstring : "{\"command\": \"CMD_SEND_LU_ACCEPT_CUSTOM\", \"params\": {\"bsc_slr\": 2, \"mcc\": \"901\", \"mnc\": \"70\", \"lac\": 4242, \"tmsi\": 305419896}}"
2026/Jun/23 07:18:14.796871 USER TC_26_6_11_1.ttcn3:195 MSC_Port: TX: {"command": "CMD_SEND_LU_ACCEPT_CUSTOM", "params": {"bsc_slr": 2, "mcc": "901", "mnc": "70", "lac": 4242, "tmsi": 305419896}}
2026/Jun/23 07:18:14.796882 TIMEROP TC_26_6_11_1.ttcn3:198 Start timer T_wait: 10 s
2026/Jun/23 07:18:15.298148 USER TC_26_6_11_1.ttcn3:199 MSC_Port: RX: {"status": "ok", "sent": true}
2026/Jun/23 07:18:15.298204 PORTEVENT TC_26_6_11_1.ttcn3:199 Message enqueued on MSC from system charstring : "{\"status\": \"ok\", \"sent\": true}" id 15
2026/Jun/23 07:18:15.298226 PORTEVENT TC_26_6_11_1.ttcn3:200 Receive operation on port MSC succeeded, message from system(): charstring : "{\"status\": \"ok\", \"sent\": true}" id 15
2026/Jun/23 07:18:15.298235 PORTEVENT TC_26_6_11_1.ttcn3:200 Message with id 15 was extracted from the queue of MSC.
2026/Jun/23 07:18:15.298313 USER TC_26_6_11_1.ttcn3:204 TMSI Reallocation Complete received
2026/Jun/23 07:18:15.298323 TIMEROP TC_26_6_11_1.ttcn3:205 Stop timer T_wait: 10 s
2026/Jun/23 07:18:15.298341 PORTEVENT TC_26_6_11_1.ttcn3:220 Sent on MSC to system charstring : "{\"command\": \"CMD_SEND_CLEAR_CMD\", \"params\": {\"bsc_slr\": 2, \"cause\": 0}}"
2026/Jun/23 07:18:15.298376 USER TC_26_6_11_1.ttcn3:220 MSC_Port: TX: {"command": "CMD_SEND_CLEAR_CMD", "params": {"bsc_slr": 2, "cause": 0}}
2026/Jun/23 07:18:15.298385 TIMEROP TC_26_6_11_1.ttcn3:222 Start timer T_wait_clear: 5 s
2026/Jun/23 07:18:15.298659 USER TC_26_6_11_1.ttcn3:223 MSC_Port: RX: {"status": "ok"}
2026/Jun/23 07:18:15.298670 PORTEVENT TC_26_6_11_1.ttcn3:223 Message enqueued on MSC from system charstring : "{\"status\": \"ok\"}" id 16
2026/Jun/23 07:18:15.298677 PORTEVENT TC_26_6_11_1.ttcn3:224 Receive operation on port MSC succeeded, message from system(): charstring : "{\"status\": \"ok\"}" id 16
2026/Jun/23 07:18:15.298683 PORTEVENT TC_26_6_11_1.ttcn3:224 Message with id 16 was extracted from the queue of MSC.
2026/Jun/23 07:18:15.298724 USER TC_26_6_11_1.ttcn3:226 Connection released
2026/Jun/23 07:18:15.298730 TIMEROP TC_26_6_11_1.ttcn3:227 Stop timer T_wait_clear: 5 s
2026/Jun/23 07:18:15.298754 TIMEROP TC_26_6_11_1.ttcn3:242 Start timer T_settle: 10 s
2026/Jun/23 07:18:15.502794 USER TC_26_6_11_1.ttcn3:243 MSC_Port: RX: {"type": "EVENT_BSSMAP_CLEAR_COMPLETE", "bsc_slr": 2}
2026/Jun/23 07:18:15.502880 PORTEVENT TC_26_6_11_1.ttcn3:243 Message enqueued on MSC from system charstring : "{\"type\": \"EVENT_BSSMAP_CLEAR_COMPLETE\", \"bsc_slr\": 2}" id 17
2026/Jun/23 07:18:15.502905 PORTEVENT TC_26_6_11_1.ttcn3:244 Receive operation on port MSC succeeded, message from system(): charstring : "{\"type\": \"EVENT_BSSMAP_CLEAR_COMPLETE\", \"bsc_slr\": 2}" id 17
2026/Jun/23 07:18:15.502914 PORTEVENT TC_26_6_11_1.ttcn3:244 Message with id 17 was extracted from the queue of MSC.
2026/Jun/23 07:18:15.502963 USER TC_26_6_11_1.ttcn3:246 Event during settle: "{\"type\": \"EVENT_BSSMAP_CLEAR_COMPLETE\", \"bsc_slr\": 2}"
2026/Jun/23 07:18:15.881479 USER TC_26_6_11_1.ttcn3:243 VTY_PT: Received data (buffered): 61 bytes
2026/Jun/23 07:18:16.299008 USER TC_26_6_11_1.ttcn3:243 MSC_Port: RX: {"type": "HEARTBEAT"}
2026/Jun/23 07:18:16.299055 PORTEVENT TC_26_6_11_1.ttcn3:243 Message enqueued on MSC from system charstring : "{\"type\": \"HEARTBEAT\"}" id 18
2026/Jun/23 07:18:16.299074 PORTEVENT TC_26_6_11_1.ttcn3:244 Receive operation on port MSC succeeded, message from system(): charstring : "{\"type\": \"HEARTBEAT\"}" id 18
2026/Jun/23 07:18:16.299083 PORTEVENT TC_26_6_11_1.ttcn3:244 Message with id 18 was extracted from the queue of MSC.
2026/Jun/23 07:18:21.304003 USER TC_26_6_11_1.ttcn3:243 MSC_Port: RX: {"type": "HEARTBEAT"}
2026/Jun/23 07:18:21.304060 PORTEVENT TC_26_6_11_1.ttcn3:243 Message enqueued on MSC from system charstring : "{\"type\": \"HEARTBEAT\"}" id 19
2026/Jun/23 07:18:21.304080 PORTEVENT TC_26_6_11_1.ttcn3:244 Receive operation on port MSC succeeded, message from system(): charstring : "{\"type\": \"HEARTBEAT\"}" id 19
2026/Jun/23 07:18:21.304089 PORTEVENT TC_26_6_11_1.ttcn3:244 Message with id 19 was extracted from the queue of MSC.
2026/Jun/23 07:18:25.301855 TIMEROP TC_26_6_11_1.ttcn3:248 Timeout T_settle: 10 s
2026/Jun/23 07:18:25.301912 USER TC_26_6_11_1.ttcn3:250 *** MS should now be in idle updated state ***
2026/Jun/23 07:18:25.301942 USER GSM_Component_Definitions.ttcn3:455 VTY: Sending command: "show subscriber"
2026/Jun/23 07:18:25.301983 PORTEVENT GSM_Component_Definitions.ttcn3:456 Sent on VTY to system charstring : "show subscriber"
2026/Jun/23 07:18:25.302013 USER GSM_Component_Definitions.ttcn3:456 VTY_PT: Sending command: "show subscriber"
2026/Jun/23 07:18:25.502192 USER GSM_Component_Definitions.ttcn3:456 VTY_PT: Received response: 
% (MS 1)
% Trying to register with network International, 70...

% (MS 1)
% Power off!

% (MS 1)
% Trying to register with network International, 70...

% (MS 1)
% Trying to register with network International, 70...

% (MS 1)
% On Network, normal service: International, 70
show subscriber
Mobile Subscriber of MS '1':
 IMSI: 901700000000001
 Status: U1_UPDATED  IMSI attached  TMSI 0x12345678
         LAI: 901-70-4242  (International, 70)
 GPRS Status: GU0_NULL IMSI detached  PTMSI 0x12345678  PTMSI-sig 0x000000  RAI: invalid
  P-TMSI 0x00000000 Registered PLMN: MCC-MNC 901-70  (International, 70)
 Access barred cells: no
 Access classes: C0 C1 C2 C3 C4 C5 C6 C7 C8 C9 C10 C11 C12 C13 C14 C15

OsmocomBB(mobile)> 
OsmocomBB(mobile)> 
2026/Jun/23 07:18:25.502322 PORTEVENT GSM_Component_Definitions.ttcn3:456 Message enqueued on VTY from system charstring : "\r\n% (MS 1)\r\n% Trying to register with network International, 70...\r\n\r\n% (MS 1)\r\n% Power off!\r\n\r\n% (MS 1)\r\n% Trying to register with network International, 70...\r\n\r\n% (MS 1)\r\n% Trying to register with network International, 70...\r\n\r\n% (MS 1)\r\n% On Network, normal service: International, 70\r\nshow subscriber\r\nMobile Subscriber of MS '1':\r\n IMSI: 901700000000001\r\n Status: U1_UPDATED  IMSI attached  TMSI 0x12345678\r\n         LAI: 901-70-4242  (International, 70)\r\n GPRS Status: GU0_NULL IMSI detached  PTMSI 0x12345678  PTMSI-sig 0x000000  RAI: invalid\r\n  P-TMSI 0x00000000 Registered PLMN: MCC-MNC 901-70  (International, 70)\r\n Access barred cells: no\r\n Access classes: C0 C1 C2 C3 C4 C5 C6 C7 C8 C9 C10 C11 C12 C13 C14 C15\r\n\r\nOsmocomBB(mobile)> \r\nOsmocomBB(mobile)> " id 1
2026/Jun/23 07:18:25.502358 TIMEROP GSM_Component_Definitions.ttcn3:459 Start timer T_vty: 5 s
2026/Jun/23 07:18:25.502404 PORTEVENT GSM_Component_Definitions.ttcn3:462 Receive operation on port VTY succeeded, message from system(): charstring : "\r\n% (MS 1)\r\n% Trying to register with network International, 70...\r\n\r\n% (MS 1)\r\n% Power off!\r\n\r\n% (MS 1)\r\n% Trying to register with network International, 70...\r\n\r\n% (MS 1)\r\n% Trying to register with network International, 70...\r\n\r\n% (MS 1)\r\n% On Network, normal service: International, 70\r\nshow subscriber\r\nMobile Subscriber of MS '1':\r\n IMSI: 901700000000001\r\n Status: U1_UPDATED  IMSI attached  TMSI 0x12345678\r\n         LAI: 901-70-4242  (International, 70)\r\n GPRS Status: GU0_NULL IMSI detached  PTMSI 0x12345678  PTMSI-sig 0x000000  RAI: invalid\r\n  P-TMSI 0x00000000 Registered PLMN: MCC-MNC 901-70  (International, 70)\r\n Access barred cells: no\r\n Access classes: C0 C1 C2 C3 C4 C5 C6 C7 C8 C9 C10 C11 C12 C13 C14 C15\r\n\r\nOsmocomBB(mobile)> \r\nOsmocomBB(mobile)> " id 1
2026/Jun/23 07:18:25.502415 PORTEVENT GSM_Component_Definitions.ttcn3:462 Message with id 1 was extracted from the queue of VTY.
2026/Jun/23 07:18:25.502421 TIMEROP GSM_Component_Definitions.ttcn3:463 Stop timer T_vty: 5 s
2026/Jun/23 07:18:25.502425 USER GSM_Component_Definitions.ttcn3:464 VTY: Received response: "\r\n% (MS 1)\r\n% Trying to register with network International, 70...\r\n\r\n% (MS 1)\r\n% Power off!\r\n\r\n% (MS 1)\r\n% Trying to register with network International, 70...\r\n\r\n% (MS 1)\r\n% Trying to register with network International, 70...\r\n\r\n% (MS 1)\r\n% On Network, normal service: International, 70\r\nshow subscriber\r\nMobile Subscriber of MS '1':\r\n IMSI: 901700000000001\r\n Status: U1_UPDATED  IMSI attached  TMSI 0x12345678\r\n         LAI: 901-70-4242  (International, 70)\r\n GPRS Status: GU0_NULL IMSI detached  PTMSI 0x12345678  PTMSI-sig 0x000000  RAI: invalid\r\n  P-TMSI 0x00000000 Registered PLMN: MCC-MNC 901-70  (International, 70)\r\n Access barred cells: no\r\n Access classes: C0 C1 C2 C3 C4 C5 C6 C7 C8 C9 C10 C11 C12 C13 C14 C15\r\n\r\nOsmocomBB(mobile)> \r\nOsmocomBB(mobile)> "
2026/Jun/23 07:18:25.502462 USER TC_26_6_11_1.ttcn3:254 Mobile state before MO call: "\r\n% (MS 1)\r\n% Trying to register with network International, 70...\r\n\r\n% (MS 1)\r\n% Power off!\r\n\r\n% (MS 1)\r\n% Trying to register with network International, 70...\r\n\r\n% (MS 1)\r\n% Trying to register with network International, 70...\r\n\r\n% (MS 1)\r\n% On Network, normal service: International, 70\r\nshow subscriber\r\nMobile Subscriber of MS '1':\r\n IMSI: 901700000000001\r\n Status: U1_UPDATED  IMSI attached  TMSI 0x12345678\r\n         LAI: 901-70-4242  (International, 70)\r\n GPRS Status: GU0_NULL IMSI detached  PTMSI 0x12345678  PTMSI-sig 0x000000  RAI: invalid\r\n  P-TMSI 0x00000000 Registered PLMN: MCC-MNC 901-70  (International, 70)\r\n Access barred cells: no\r\n Access classes: C0 C1 C2 C3 C4 C5 C6 C7 C8 C9 C10 C11 C12 C13 C14 C15\r\n\r\nOsmocomBB(mobile)> \r\nOsmocomBB(mobile)> "
2026/Jun/23 07:18:25.502490 USER TC_26_6_11_1.ttcn3:260 ==========================================================
2026/Jun/23 07:18:25.502496 USER TC_26_6_11_1.ttcn3:261 *** Step 4: Simulating Power Amplifier Addition ***
2026/Jun/23 07:18:25.502499 USER TC_26_6_11_1.ttcn3:262 ==========================================================
2026/Jun/23 07:18:25.502503 USER TC_26_6_11_1.ttcn3:263 *** NOTE: Power amplifier simulation (OO_AddPwrAmp) is not directly ***
2026/Jun/23 07:18:25.502506 USER TC_26_6_11_1.ttcn3:264 *** available in osmo-mobile test infrastructure. This may result in ***
2026/Jun/23 07:18:25.502513 USER TC_26_6_11_1.ttcn3:265 *** INCONCLUSIVE verdict for classmark change detection. ***
2026/Jun/23 07:18:25.502517 USER TC_26_6_11_1.ttcn3:266 *** Attempting to use VTY to modify power settings... ***
2026/Jun/23 07:18:25.502521 USER GSM_Component_Definitions.ttcn3:455 VTY: Sending command: "tx-power full"
2026/Jun/23 07:18:25.502529 PORTEVENT GSM_Component_Definitions.ttcn3:456 Sent on VTY to system charstring : "tx-power full"
2026/Jun/23 07:18:25.502536 USER GSM_Component_Definitions.ttcn3:456 VTY_PT: Sending command: "tx-power full"
2026/Jun/23 07:18:25.702677 USER GSM_Component_Definitions.ttcn3:456 VTY_PT: Received response: tx-power full
% Unknown command.
OsmocomBB(mobile)> 
OsmocomBB(mobile)> 
2026/Jun/23 07:18:25.702745 PORTEVENT GSM_Component_Definitions.ttcn3:456 Message enqueued on VTY from system charstring : "tx-power full\r\n% Unknown command.\r\nOsmocomBB(mobile)> \r\nOsmocomBB(mobile)> " id 2
2026/Jun/23 07:18:25.702761 TIMEROP GSM_Component_Definitions.ttcn3:459 Start timer T_vty: 5 s
2026/Jun/23 07:18:25.702780 PORTEVENT GSM_Component_Definitions.ttcn3:462 Receive operation on port VTY succeeded, message from system(): charstring : "tx-power full\r\n% Unknown command.\r\nOsmocomBB(mobile)> \r\nOsmocomBB(mobile)> " id 2
2026/Jun/23 07:18:25.702786 PORTEVENT GSM_Component_Definitions.ttcn3:462 Message with id 2 was extracted from the queue of VTY.
2026/Jun/23 07:18:25.702791 TIMEROP GSM_Component_Definitions.ttcn3:463 Stop timer T_vty: 5 s
2026/Jun/23 07:18:25.702795 USER GSM_Component_Definitions.ttcn3:464 VTY: Received response: "tx-power full\r\n% Unknown command.\r\nOsmocomBB(mobile)> \r\nOsmocomBB(mobile)> "
2026/Jun/23 07:18:25.702805 USER TC_26_6_11_1.ttcn3:271 VTY tx-power full response: "tx-power full\r\n% Unknown command.\r\nOsmocomBB(mobile)> \r\nOsmocomBB(mobile)> "
2026/Jun/23 07:18:25.702813 TIMEROP TC_26_6_11_1.ttcn3:275 Start timer T_power_wait: 2 s
2026/Jun/23 07:18:26.309016 USER TC_26_6_11_1.ttcn3:276 MSC_Port: RX: {"type": "HEARTBEAT"}
2026/Jun/23 07:18:26.309072 PORTEVENT TC_26_6_11_1.ttcn3:276 Message enqueued on MSC from system charstring : "{\"type\": \"HEARTBEAT\"}" id 20
2026/Jun/23 07:18:27.702915 TIMEROP TC_26_6_11_1.ttcn3:276 Timeout T_power_wait: 2 s
2026/Jun/23 07:18:27.702975 USER TC_26_6_11_1.ttcn3:282 ==========================================================
2026/Jun/23 07:18:27.702993 USER TC_26_6_11_1.ttcn3:283 *** Step 5: Initiating Mobile Originating Call ***
2026/Jun/23 07:18:27.702999 USER TC_26_6_11_1.ttcn3:284 ==========================================================
2026/Jun/23 07:18:27.703003 USER TC_26_6_11_1.ttcn3:287 *** Triggering MS to initiate call via VTY ***
2026/Jun/23 07:18:27.703033 USER GSM_Component_Definitions.ttcn3:494 *** Initiating call via VTY to number: "12345" ***
2026/Jun/23 07:18:27.703049 USER GSM_Component_Definitions.ttcn3:497 *** Entering enable mode ***
2026/Jun/23 07:18:27.703055 USER GSM_Component_Definitions.ttcn3:455 VTY: Sending command: "enable"
2026/Jun/23 07:18:27.703067 PORTEVENT GSM_Component_Definitions.ttcn3:456 Sent on VTY to system charstring : "enable"
2026/Jun/23 07:18:27.703082 USER GSM_Component_Definitions.ttcn3:456 VTY_PT: Sending command: "enable"
2026/Jun/23 07:18:27.903225 USER GSM_Component_Definitions.ttcn3:456 VTY_PT: Received response: enable
OsmocomBB(mobile)# 
OsmocomBB(mobile)# 
2026/Jun/23 07:18:27.903295 PORTEVENT GSM_Component_Definitions.ttcn3:456 Message enqueued on VTY from system charstring : "enable\r\nOsmocomBB(mobile)# \r\nOsmocomBB(mobile)# " id 3
2026/Jun/23 07:18:27.903311 TIMEROP GSM_Component_Definitions.ttcn3:459 Start timer T_vty: 5 s
2026/Jun/23 07:18:27.903330 PORTEVENT GSM_Component_Definitions.ttcn3:462 Receive operation on port VTY succeeded, message from system(): charstring : "enable\r\nOsmocomBB(mobile)# \r\nOsmocomBB(mobile)# " id 3
2026/Jun/23 07:18:27.903338 PORTEVENT GSM_Component_Definitions.ttcn3:462 Message with id 3 was extracted from the queue of VTY.
2026/Jun/23 07:18:27.903352 TIMEROP GSM_Component_Definitions.ttcn3:463 Stop timer T_vty: 5 s
2026/Jun/23 07:18:27.903357 USER GSM_Component_Definitions.ttcn3:464 VTY: Received response: "enable\r\nOsmocomBB(mobile)# \r\nOsmocomBB(mobile)# "
2026/Jun/23 07:18:27.903429 USER GSM_Component_Definitions.ttcn3:501 char(0, 0, 39, 5) & " Entered enable mode"
2026/Jun/23 07:18:27.903441 USER GSM_Component_Definitions.ttcn3:507 *** Trying call with MS name '1' ***
2026/Jun/23 07:18:27.903453 USER GSM_Component_Definitions.ttcn3:455 VTY: Sending command: "call 1 12345"
2026/Jun/23 07:18:27.903466 PORTEVENT GSM_Component_Definitions.ttcn3:456 Sent on VTY to system charstring : "call 1 12345"
2026/Jun/23 07:18:27.903473 USER GSM_Component_Definitions.ttcn3:456 VTY_PT: Sending command: "call 1 12345"
2026/Jun/23 07:18:28.103631 USER GSM_Component_Definitions.ttcn3:456 VTY_PT: Received response: call 1 12345
OsmocomBB(mobile)# 
OsmocomBB(mobile)# 
2026/Jun/23 07:18:28.103742 PORTEVENT GSM_Component_Definitions.ttcn3:456 Message enqueued on VTY from system charstring : "call 1 12345\r\nOsmocomBB(mobile)# \r\nOsmocomBB(mobile)# " id 4
2026/Jun/23 07:18:28.103773 TIMEROP GSM_Component_Definitions.ttcn3:459 Start timer T_vty: 5 s
2026/Jun/23 07:18:28.103806 PORTEVENT GSM_Component_Definitions.ttcn3:462 Receive operation on port VTY succeeded, message from system(): charstring : "call 1 12345\r\nOsmocomBB(mobile)# \r\nOsmocomBB(mobile)# " id 4
2026/Jun/23 07:18:28.103843 PORTEVENT GSM_Component_Definitions.ttcn3:462 Message with id 4 was extracted from the queue of VTY.
2026/Jun/23 07:18:28.103860 TIMEROP GSM_Component_Definitions.ttcn3:463 Stop timer T_vty: 5 s
2026/Jun/23 07:18:28.103871 USER GSM_Component_Definitions.ttcn3:464 VTY: Received response: "call 1 12345\r\nOsmocomBB(mobile)# \r\nOsmocomBB(mobile)# "
2026/Jun/23 07:18:28.104028 USER GSM_Component_Definitions.ttcn3:514 char(0, 0, 39, 5) & " Call initiated successfully with MS name '1'"
2026/Jun/23 07:18:28.104082 TIMEROP TC_26_6_11_1.ttcn3:303 Start timer T_call_init: 2 s
2026/Jun/23 07:18:28.446902 USER TC_26_6_11_1.ttcn3:304 MSC_Port: RX: {"type": "EVENT_CM_SERVICE_REQUEST", "bsc_slr": 3, "cm_service_type": 1, "cm_service_type_name": "MO call / Packet"}
2026/Jun/23 07:18:28.446976 PORTEVENT TC_26_6_11_1.ttcn3:304 Message enqueued on MSC from system charstring : "{\"type\": \"EVENT_CM_SERVICE_REQUEST\", \"bsc_slr\": 3, \"cm_service_type\": 1, \"cm_service_type_name\": \"MO call / Packet\"}" id 21
2026/Jun/23 07:18:30.104856 TIMEROP TC_26_6_11_1.ttcn3:304 Timeout T_call_init: 2 s
2026/Jun/23 07:18:30.104917 USER TC_26_6_11_1.ttcn3:308 *** Waiting for CM SERVICE REQUEST (MS initiating call) ***
2026/Jun/23 07:18:30.104940 TIMEROP TC_26_6_11_1.ttcn3:310 Start timer T_ch_req: 60 s
2026/Jun/23 07:18:30.104960 PORTEVENT TC_26_6_11_1.ttcn3:313 Receive operation on port MSC succeeded, message from system(): charstring : "{\"type\": \"HEARTBEAT\"}" id 20
2026/Jun/23 07:18:30.104971 PORTEVENT TC_26_6_11_1.ttcn3:313 Message with id 20 was extracted from the queue of MSC.
2026/Jun/23 07:18:30.105114 PORTEVENT TC_26_6_11_1.ttcn3:313 Receive operation on port MSC succeeded, message from system(): charstring : "{\"type\": \"EVENT_CM_SERVICE_REQUEST\", \"bsc_slr\": 3, \"cm_service_type\": 1, \"cm_service_type_name\": \"MO call / Packet\"}" id 21
2026/Jun/23 07:18:30.105120 PORTEVENT TC_26_6_11_1.ttcn3:313 Message with id 21 was extracted from the queue of MSC.
2026/Jun/23 07:18:30.105192 USER TC_26_6_11_1.ttcn3:316 *** Received EVENT_CM_SERVICE_REQUEST - MS initiating call! ***
2026/Jun/23 07:18:30.105200 USER TC_26_6_11_1.ttcn3:317 Event: "{\"type\": \"EVENT_CM_SERVICE_REQUEST\", \"bsc_slr\": 3, \"cm_service_type\": 1, \"cm_service_type_name\": \"MO call / Packet\"}"
2026/Jun/23 07:18:30.105219 USER GSM_Functions.ttcn3:365 f_extractJsonInt: Searching for key '"bsc_slr"' in JSON: "{\"type\": \"EVENT_CM_SERVICE_REQUEST\", \"bsc_slr\": 3, \"cm_service_type\": 1, \"cm_service_type_name\": \"MO call / Packet\"}"
2026/Jun/23 07:18:30.105240 USER GSM_Functions.ttcn3:372 f_extractJsonInt: Found key at position 37 (pattern: "\"bsc_slr\":")
2026/Jun/23 07:18:30.105263 USER GSM_Functions.ttcn3:422 f_extractJsonInt: Extracted number string '"3"' => integer 3
2026/Jun/23 07:18:30.105271 USER TC_26_6_11_1.ttcn3:319 *** Extracted bsc_slr = 3 ***
2026/Jun/23 07:18:30.105306 TIMEROP TC_26_6_11_1.ttcn3:321 Stop timer T_ch_req: 60 s
2026/Jun/23 07:18:30.105312 USER TC_26_6_11_1.ttcn3:358 *** Sending CM SERVICE ACCEPT to bsc_slr=3 ***
2026/Jun/23 07:18:30.105324 PORTEVENT TC_26_6_11_1.ttcn3:360 Sent on MSC to system charstring : "{\"command\": \"CMD_SEND_CM_SERVICE_ACCEPT\", \"params\": {\"bsc_slr\": 3}}"
2026/Jun/23 07:18:30.105388 USER TC_26_6_11_1.ttcn3:360 MSC_Port: TX: {"command": "CMD_SEND_CM_SERVICE_ACCEPT", "params": {"bsc_slr": 3}}
2026/Jun/23 07:18:30.105397 TIMEROP TC_26_6_11_1.ttcn3:364 Start timer T_cm_accept_wait: 2 s
2026/Jun/23 07:18:30.105782 USER TC_26_6_11_1.ttcn3:365 MSC_Port: RX: {"status": "ok", "sent": true}
2026/Jun/23 07:18:30.105792 PORTEVENT TC_26_6_11_1.ttcn3:365 Message enqueued on MSC from system charstring : "{\"status\": \"ok\", \"sent\": true}" id 22
2026/Jun/23 07:18:30.105801 PORTEVENT TC_26_6_11_1.ttcn3:366 Receive operation on port MSC succeeded, message from system(): charstring : "{\"status\": \"ok\", \"sent\": true}" id 22
2026/Jun/23 07:18:30.105805 PORTEVENT TC_26_6_11_1.ttcn3:366 Message with id 22 was extracted from the queue of MSC.
2026/Jun/23 07:18:30.105844 USER TC_26_6_11_1.ttcn3:368 CM SERVICE ACCEPT command acknowledged
2026/Jun/23 07:18:30.105853 USER TC_26_6_11_1.ttcn3:380 *** Waiting for call establishment messages from MS ***
2026/Jun/23 07:18:30.105857 TIMEROP TC_26_6_11_1.ttcn3:382 Start timer T_setup: 30 s
2026/Jun/23 07:18:30.333109 USER TC_26_6_11_1.ttcn3:384 MSC_Port: RX: {"type": "EVENT_DTAP", "bsc_slr": 3, "pd": 3, "msg_type": 5}
2026/Jun/23 07:18:30.333178 PORTEVENT TC_26_6_11_1.ttcn3:384 Message enqueued on MSC from system charstring : "{\"type\": \"EVENT_DTAP\", \"bsc_slr\": 3, \"pd\": 3, \"msg_type\": 5}" id 23
2026/Jun/23 07:18:30.333203 PORTEVENT TC_26_6_11_1.ttcn3:385 Receive operation on port MSC succeeded, message from system(): charstring : "{\"type\": \"EVENT_DTAP\", \"bsc_slr\": 3, \"pd\": 3, \"msg_type\": 5}" id 23
2026/Jun/23 07:18:30.333212 PORTEVENT TC_26_6_11_1.ttcn3:385 Message with id 23 was extracted from the queue of MSC.
2026/Jun/23 07:18:30.333284 USER TC_26_6_11_1.ttcn3:388 *** Received call establishment message ***
2026/Jun/23 07:18:30.333291 USER TC_26_6_11_1.ttcn3:389 Event: "{\"type\": \"EVENT_DTAP\", \"bsc_slr\": 3, \"pd\": 3, \"msg_type\": 5}"
2026/Jun/23 07:18:30.333305 TIMEROP TC_26_6_11_1.ttcn3:391 Stop timer T_setup: 30 s
2026/Jun/23 07:18:30.333316 USER TC_26_6_11_1.ttcn3:407 *** MS has active RR connection - draining events before CLASSMARK tests ***
2026/Jun/23 07:18:30.333321 TIMEROP TC_26_6_11_1.ttcn3:409 Start timer T_stabilize: 5 s
2026/Jun/23 07:18:30.333335 USER TC_26_6_11_1.ttcn3:410 MSC_Port: RX: {"type": "EVENT_CC_SETUP", "bsc_slr": 3, "ti_value": 0, "ti_flag": 0}
2026/Jun/23 07:18:30.333343 PORTEVENT TC_26_6_11_1.ttcn3:410 Message enqueued on MSC from system charstring : "{\"type\": \"EVENT_CC_SETUP\", \"bsc_slr\": 3, \"ti_value\": 0, \"ti_flag\": 0}" id 24
2026/Jun/23 07:18:30.333351 PORTEVENT TC_26_6_11_1.ttcn3:411 Receive operation on port MSC succeeded, message from system(): charstring : "{\"type\": \"EVENT_CC_SETUP\", \"bsc_slr\": 3, \"ti_value\": 0, \"ti_flag\": 0}" id 24
2026/Jun/23 07:18:30.333355 PORTEVENT TC_26_6_11_1.ttcn3:411 Message with id 24 was extracted from the queue of MSC.
2026/Jun/23 07:18:30.333372 USER TC_26_6_11_1.ttcn3:415 Event during stabilize: "{\"type\": \"EVENT_CC_SETUP\", \"bsc_slr\": 3, \"ti_value\": 0, \"ti_flag\": 0}"
2026/Jun/23 07:18:32.107035 USER TC_26_6_11_1.ttcn3:410 MSC_Port: RX: {"type": "HEARTBEAT"}
2026/Jun/23 07:18:32.107107 PORTEVENT TC_26_6_11_1.ttcn3:410 Message enqueued on MSC from system charstring : "{\"type\": \"HEARTBEAT\"}" id 25
2026/Jun/23 07:18:32.107130 PORTEVENT TC_26_6_11_1.ttcn3:411 Receive operation on port MSC succeeded, message from system(): charstring : "{\"type\": \"HEARTBEAT\"}" id 25
2026/Jun/23 07:18:32.107148 PORTEVENT TC_26_6_11_1.ttcn3:411 Message with id 25 was extracted from the queue of MSC.
2026/Jun/23 07:18:35.335855 TIMEROP TC_26_6_11_1.ttcn3:419 Timeout T_stabilize: 5 s
2026/Jun/23 07:18:35.335924 USER TC_26_6_11_1.ttcn3:420 *** Connection stabilized - proceeding with CLASSMARK tests ***
2026/Jun/23 07:18:35.335946 USER TC_26_6_11_1.ttcn3:428 ============================================================
2026/Jun/23 07:18:35.335951 USER TC_26_6_11_1.ttcn3:429 *** SUB-TEST 1: CLASSMARK CHANGE During Call (With Power Amp) ***
2026/Jun/23 07:18:35.335956 USER TC_26_6_11_1.ttcn3:430 ============================================================
2026/Jun/23 07:18:35.335962 USER TC_26_6_11_1.ttcn3:431 *** Expected: MS should send CLASSMARK CHANGE when power capability changes ***
2026/Jun/23 07:18:35.335967 USER TC_26_6_11_1.ttcn3:432 *** during an active call ***
2026/Jun/23 07:18:35.335973 TIMEROP TC_26_6_11_1.ttcn3:435 Start timer T_classmark_1: 10 s
2026/Jun/23 07:18:37.112053 USER TC_26_6_11_1.ttcn3:437 MSC_Port: RX: {"type": "HEARTBEAT"}
2026/Jun/23 07:18:37.112142 PORTEVENT TC_26_6_11_1.ttcn3:437 Message enqueued on MSC from system charstring : "{\"type\": \"HEARTBEAT\"}" id 26
2026/Jun/23 07:18:37.112170 PORTEVENT TC_26_6_11_1.ttcn3:438 Receive operation on port MSC succeeded, message from system(): charstring : "{\"type\": \"HEARTBEAT\"}" id 26
2026/Jun/23 07:18:37.112180 PORTEVENT TC_26_6_11_1.ttcn3:438 Message with id 26 was extracted from the queue of MSC.
2026/Jun/23 07:18:42.117024 USER TC_26_6_11_1.ttcn3:437 MSC_Port: RX: {"type": "HEARTBEAT"}
2026/Jun/23 07:18:42.117104 PORTEVENT TC_26_6_11_1.ttcn3:437 Message enqueued on MSC from system charstring : "{\"type\": \"HEARTBEAT\"}" id 27
2026/Jun/23 07:18:42.117131 PORTEVENT TC_26_6_11_1.ttcn3:438 Receive operation on port MSC succeeded, message from system(): charstring : "{\"type\": \"HEARTBEAT\"}" id 27
2026/Jun/23 07:18:42.117140 PORTEVENT TC_26_6_11_1.ttcn3:438 Message with id 27 was extracted from the queue of MSC.
2026/Jun/23 07:18:45.337876 TIMEROP TC_26_6_11_1.ttcn3:454 Timeout T_classmark_1: 10 s
2026/Jun/23 07:18:45.337970 USER TC_26_6_11_1.ttcn3:455 char(0, 0, 35, 241) & char(0, 0, 254, 15) & "  SUB-TEST 1: TIMEOUT - No CLASSMARK CHANGE received"
2026/Jun/23 07:18:45.338069 USER TC_26_6_11_1.ttcn3:456 *** This may be INCONCLUSIVE if power amplifier simulation is not available ***
2026/Jun/23 07:18:45.338108 USER TC_26_6_11_1.ttcn3:468 ==========================================================
2026/Jun/23 07:18:45.338124 USER TC_26_6_11_1.ttcn3:469 *** Step 6: Simulating Power Amplifier Removal ***
2026/Jun/23 07:18:45.338139 USER TC_26_6_11_1.ttcn3:470 ==========================================================
2026/Jun/23 07:18:45.338153 USER TC_26_6_11_1.ttcn3:471 *** NOTE: Power amplifier removal simulation may not be available ***
2026/Jun/23 07:18:45.338169 USER GSM_Component_Definitions.ttcn3:455 VTY: Sending command: "tx-power auto"
2026/Jun/23 07:18:45.338200 PORTEVENT GSM_Component_Definitions.ttcn3:456 Sent on VTY to system charstring : "tx-power auto"
2026/Jun/23 07:18:45.338227 USER GSM_Component_Definitions.ttcn3:456 VTY_PT: Sending command: "tx-power auto"
2026/Jun/23 07:18:45.538453 USER GSM_Component_Definitions.ttcn3:456 VTY_PT: Received response: tx-power auto
% Unknown command.
OsmocomBB(mobile)# 
OsmocomBB(mobile)# 
2026/Jun/23 07:18:45.538585 PORTEVENT GSM_Component_Definitions.ttcn3:456 Message enqueued on VTY from system charstring : "tx-power auto\r\n% Unknown command.\r\nOsmocomBB(mobile)# \r\nOsmocomBB(mobile)# " id 5
2026/Jun/23 07:18:45.538619 TIMEROP GSM_Component_Definitions.ttcn3:459 Start timer T_vty: 5 s
2026/Jun/23 07:18:45.538658 PORTEVENT GSM_Component_Definitions.ttcn3:462 Receive operation on port VTY succeeded, message from system(): charstring : "tx-power auto\r\n% Unknown command.\r\nOsmocomBB(mobile)# \r\nOsmocomBB(mobile)# " id 5
2026/Jun/23 07:18:45.538675 PORTEVENT GSM_Component_Definitions.ttcn3:462 Message with id 5 was extracted from the queue of VTY.
2026/Jun/23 07:18:45.538705 TIMEROP GSM_Component_Definitions.ttcn3:463 Stop timer T_vty: 5 s
2026/Jun/23 07:18:45.538717 USER GSM_Component_Definitions.ttcn3:464 VTY: Received response: "tx-power auto\r\n% Unknown command.\r\nOsmocomBB(mobile)# \r\nOsmocomBB(mobile)# "
2026/Jun/23 07:18:45.538747 USER TC_26_6_11_1.ttcn3:475 VTY tx-power auto response: "tx-power auto\r\n% Unknown command.\r\nOsmocomBB(mobile)# \r\nOsmocomBB(mobile)# "
2026/Jun/23 07:18:45.538779 TIMEROP TC_26_6_11_1.ttcn3:479 Start timer T_power_wait_2: 2 s
2026/Jun/23 07:18:47.122007 USER TC_26_6_11_1.ttcn3:480 MSC_Port: RX: {"type": "HEARTBEAT"}
2026/Jun/23 07:18:47.122080 PORTEVENT TC_26_6_11_1.ttcn3:480 Message enqueued on MSC from system charstring : "{\"type\": \"HEARTBEAT\"}" id 28
2026/Jun/23 07:18:47.538802 TIMEROP TC_26_6_11_1.ttcn3:480 Timeout T_power_wait_2: 2 s
2026/Jun/23 07:18:47.538887 USER TC_26_6_11_1.ttcn3:486 ============================================================
2026/Jun/23 07:18:47.538917 USER TC_26_6_11_1.ttcn3:487 *** SUB-TEST 2: CLASSMARK CHANGE During Call (Without Power Amp) ***
2026/Jun/23 07:18:47.538927 USER TC_26_6_11_1.ttcn3:488 ============================================================
2026/Jun/23 07:18:47.538935 USER TC_26_6_11_1.ttcn3:489 *** Expected: MS should send CLASSMARK CHANGE when power capability changes back ***
2026/Jun/23 07:18:47.538946 TIMEROP TC_26_6_11_1.ttcn3:492 Start timer T_classmark_2: 10 s
2026/Jun/23 07:18:47.538971 PORTEVENT TC_26_6_11_1.ttcn3:495 Receive operation on port MSC succeeded, message from system(): charstring : "{\"type\": \"HEARTBEAT\"}" id 28
2026/Jun/23 07:18:47.538986 PORTEVENT TC_26_6_11_1.ttcn3:495 Message with id 28 was extracted from the queue of MSC.
2026/Jun/23 07:18:52.127018 USER TC_26_6_11_1.ttcn3:494 MSC_Port: RX: {"type": "HEARTBEAT"}
2026/Jun/23 07:18:52.127107 PORTEVENT TC_26_6_11_1.ttcn3:494 Message enqueued on MSC from system charstring : "{\"type\": \"HEARTBEAT\"}" id 29
2026/Jun/23 07:18:52.127132 PORTEVENT TC_26_6_11_1.ttcn3:495 Receive operation on port MSC succeeded, message from system(): charstring : "{\"type\": \"HEARTBEAT\"}" id 29
2026/Jun/23 07:18:52.127142 PORTEVENT TC_26_6_11_1.ttcn3:495 Message with id 29 was extracted from the queue of MSC.
2026/Jun/23 07:18:57.132017 USER TC_26_6_11_1.ttcn3:494 MSC_Port: RX: {"type": "HEARTBEAT"}
2026/Jun/23 07:18:57.132096 PORTEVENT TC_26_6_11_1.ttcn3:494 Message enqueued on MSC from system charstring : "{\"type\": \"HEARTBEAT\"}" id 30
2026/Jun/23 07:18:57.132122 PORTEVENT TC_26_6_11_1.ttcn3:495 Receive operation on port MSC succeeded, message from system(): charstring : "{\"type\": \"HEARTBEAT\"}" id 30
2026/Jun/23 07:18:57.132131 PORTEVENT TC_26_6_11_1.ttcn3:495 Message with id 30 was extracted from the queue of MSC.
2026/Jun/23 07:18:57.538973 TIMEROP TC_26_6_11_1.ttcn3:511 Timeout T_classmark_2: 10 s
2026/Jun/23 07:18:57.539056 USER TC_26_6_11_1.ttcn3:512 char(0, 0, 35, 241) & char(0, 0, 254, 15) & "  SUB-TEST 2: TIMEOUT - No CLASSMARK CHANGE received"
2026/Jun/23 07:18:57.539109 USER TC_26_6_11_1.ttcn3:513 *** This may be INCONCLUSIVE if power amplifier simulation is not available ***
2026/Jun/23 07:18:57.539124 USER TC_26_6_11_1.ttcn3:525 ==========================================================
2026/Jun/23 07:18:57.539136 USER TC_26_6_11_1.ttcn3:526 *** Step 7: Releasing Call ***
2026/Jun/23 07:18:57.539146 USER TC_26_6_11_1.ttcn3:527 ==========================================================
2026/Jun/23 07:18:57.539171 PORTEVENT TC_26_6_11_1.ttcn3:531 Sent on MSC to system charstring : "{\"command\": \"CMD_SEND_CLEAR_CMD\", \"params\": {\"bsc_slr\": 3, \"cause\": 0}}"
2026/Jun/23 07:18:57.539264 USER TC_26_6_11_1.ttcn3:531 MSC_Port: TX: {"command": "CMD_SEND_CLEAR_CMD", "params": {"bsc_slr": 3, "cause": 0}}
2026/Jun/23 07:18:57.539283 TIMEROP TC_26_6_11_1.ttcn3:533 Start timer T_wait_clear: 10 s
2026/Jun/23 07:18:57.539897 USER TC_26_6_11_1.ttcn3:534 MSC_Port: RX: {"status": "ok"}
2026/Jun/23 07:18:57.539934 PORTEVENT TC_26_6_11_1.ttcn3:534 Message enqueued on MSC from system charstring : "{\"status\": \"ok\"}" id 31
2026/Jun/23 07:18:57.539958 PORTEVENT TC_26_6_11_1.ttcn3:535 Receive operation on port MSC succeeded, message from system(): charstring : "{\"status\": \"ok\"}" id 31
2026/Jun/23 07:18:57.539967 PORTEVENT TC_26_6_11_1.ttcn3:535 Message with id 31 was extracted from the queue of MSC.
2026/Jun/23 07:18:57.540035 USER TC_26_6_11_1.ttcn3:537 Connection released
2026/Jun/23 07:18:57.540043 TIMEROP TC_26_6_11_1.ttcn3:538 Stop timer T_wait_clear: 10 s
2026/Jun/23 07:18:57.540051 TIMEROP TC_26_6_11_1.ttcn3:553 Start timer T_idle_wait: 5 s
2026/Jun/23 07:18:57.540651 USER TC_26_6_11_1.ttcn3:554 MSC_Port: RX: {"type": "EVENT_BSSMAP_CLEAR_COMPLETE", "bsc_slr": 3}
2026/Jun/23 07:18:57.540665 PORTEVENT TC_26_6_11_1.ttcn3:554 Message enqueued on MSC from system charstring : "{\"type\": \"EVENT_BSSMAP_CLEAR_COMPLETE\", \"bsc_slr\": 3}" id 32
2026/Jun/23 07:18:58.009934 USER TC_26_6_11_1.ttcn3:554 VTY_PT: Received data (buffered): 38 bytes
2026/Jun/23 07:18:59.564392 USER TC_26_6_11_1.ttcn3:554 VTY_PT: Received data (buffered): 61 bytes
2026/Jun/23 07:19:02.541880 TIMEROP TC_26_6_11_1.ttcn3:554 Timeout T_idle_wait: 5 s
2026/Jun/23 07:19:02.541965 USER TC_26_6_11_1.ttcn3:555 *** MS should now be in idle state ***
2026/Jun/23 07:19:02.542000 USER TC_26_6_11_1.ttcn3:561 ==========================================================
2026/Jun/23 07:19:02.542015 USER TC_26_6_11_1.ttcn3:562 *** Step 8: Simulating Power Amplifier Removal (Idle Mode) ***
2026/Jun/23 07:19:02.542027 USER TC_26_6_11_1.ttcn3:563 ==========================================================
2026/Jun/23 07:19:02.542040 USER TC_26_6_11_1.ttcn3:564 *** NOTE: Power amplifier removal in idle mode should NOT trigger classmark change ***
2026/Jun/23 07:19:02.542052 USER TC_26_6_11_1.ttcn3:565 *** until next RR connection establishment ***
2026/Jun/23 07:19:02.542068 USER GSM_Component_Definitions.ttcn3:455 VTY: Sending command: "tx-power auto"
2026/Jun/23 07:19:02.542105 PORTEVENT GSM_Component_Definitions.ttcn3:456 Sent on VTY to system charstring : "tx-power auto"
2026/Jun/23 07:19:02.542131 USER GSM_Component_Definitions.ttcn3:456 VTY_PT: Sending command: "tx-power auto"
2026/Jun/23 07:19:02.742324 USER GSM_Component_Definitions.ttcn3:456 VTY_PT: Received response: 
% (MS 1)
% Call has been released

% (MS 1)
% On Network, normal service: International, 70
tx-power auto
% Unknown command.
OsmocomBB(mobile)# 
OsmocomBB(mobile)# 
2026/Jun/23 07:19:02.742439 PORTEVENT GSM_Component_Definitions.ttcn3:456 Message enqueued on VTY from system charstring : "\r\n% (MS 1)\r\n% Call has been released\r\n\r\n% (MS 1)\r\n% On Network, normal service: International, 70\r\ntx-power auto\r\n% Unknown command.\r\nOsmocomBB(mobile)# \r\nOsmocomBB(mobile)# " id 6
2026/Jun/23 07:19:02.742471 TIMEROP GSM_Component_Definitions.ttcn3:459 Start timer T_vty: 5 s
2026/Jun/23 07:19:02.742518 PORTEVENT GSM_Component_Definitions.ttcn3:462 Receive operation on port VTY succeeded, message from system(): charstring : "\r\n% (MS 1)\r\n% Call has been released\r\n\r\n% (MS 1)\r\n% On Network, normal service: International, 70\r\ntx-power auto\r\n% Unknown command.\r\nOsmocomBB(mobile)# \r\nOsmocomBB(mobile)# " id 6
2026/Jun/23 07:19:02.742537 PORTEVENT GSM_Component_Definitions.ttcn3:462 Message with id 6 was extracted from the queue of VTY.
2026/Jun/23 07:19:02.742551 TIMEROP GSM_Component_Definitions.ttcn3:463 Stop timer T_vty: 5 s
2026/Jun/23 07:19:02.742563 USER GSM_Component_Definitions.ttcn3:464 VTY: Received response: "\r\n% (MS 1)\r\n% Call has been released\r\n\r\n% (MS 1)\r\n% On Network, normal service: International, 70\r\ntx-power auto\r\n% Unknown command.\r\nOsmocomBB(mobile)# \r\nOsmocomBB(mobile)# "
2026/Jun/23 07:19:02.742601 USER TC_26_6_11_1.ttcn3:569 VTY tx-power auto response: "\r\n% (MS 1)\r\n% Call has been released\r\n\r\n% (MS 1)\r\n% On Network, normal service: International, 70\r\ntx-power auto\r\n% Unknown command.\r\nOsmocomBB(mobile)# \r\nOsmocomBB(mobile)# "
2026/Jun/23 07:19:02.742635 USER TC_26_6_11_1.ttcn3:572 *** Waiting 12 seconds (as per specification) ***
2026/Jun/23 07:19:02.742669 TIMEROP TC_26_6_11_1.ttcn3:574 Start timer T_delay: 12 s
2026/Jun/23 07:19:02.742707 USER TC_26_6_11_1.ttcn3:575 MSC_Port: RX: {"type": "HEARTBEAT"}
2026/Jun/23 07:19:02.742727 PORTEVENT TC_26_6_11_1.ttcn3:575 Message enqueued on MSC from system charstring : "{\"type\": \"HEARTBEAT\"}" id 33
2026/Jun/23 07:19:07.550015 USER TC_26_6_11_1.ttcn3:575 MSC_Port: RX: {"type": "HEARTBEAT"}
2026/Jun/23 07:19:07.550087 PORTEVENT TC_26_6_11_1.ttcn3:575 Message enqueued on MSC from system charstring : "{\"type\": \"HEARTBEAT\"}" id 34
2026/Jun/23 07:19:12.555107 USER TC_26_6_11_1.ttcn3:575 MSC_Port: RX: {"type": "HEARTBEAT"}
2026/Jun/23 07:19:12.555218 PORTEVENT TC_26_6_11_1.ttcn3:575 Message enqueued on MSC from system charstring : "{\"type\": \"HEARTBEAT\"}" id 35
2026/Jun/23 07:19:14.743861 TIMEROP TC_26_6_11_1.ttcn3:575 Timeout T_delay: 12 s
2026/Jun/23 07:19:14.743953 USER TC_26_6_11_1.ttcn3:581 ==========================================================
2026/Jun/23 07:19:14.743993 USER TC_26_6_11_1.ttcn3:582 *** Step 9: Paging MS to Verify Classmark in PAGING RESPONSE ***
2026/Jun/23 07:19:14.744008 USER TC_26_6_11_1.ttcn3:583 ==========================================================
2026/Jun/23 07:19:14.744021 USER TC_26_6_11_1.ttcn3:586 *** Restarting mobile for fresh registration before paging ***
2026/Jun/23 07:19:14.744054 USER TC_26_6_11_1.ttcn3:587 docker.sock not found — using VTY power-cycle (k8s mode)
2026/Jun/23 07:19:14.744070 USER TC_26_6_11_1.ttcn3:587 === k8s fallback: VTY power-cycle mobile at 10.43.101.245:4247 ===
2026/Jun/23 07:19:20.398094 USER TC_26_6_11_1.ttcn3:587 Waiting 10 seconds (power off)...
2026/Jun/23 07:19:35.757948 USER TC_26_6_11_1.ttcn3:587 VTY 'clear-loci' sent — LOCI erased
2026/Jun/23 07:19:42.927440 USER TC_26_6_11_1.ttcn3:587 === VTY power-cycle complete — MS will send LU shortly ===
2026/Jun/23 07:19:42.927551 USER TC_26_6_11_1.ttcn3:589 *** Mobile restarted - waiting for LU and completing it ***
2026/Jun/23 07:19:42.927563 TIMEROP TC_26_6_11_1.ttcn3:593 Start timer T_restart_lu: 60 s
2026/Jun/23 07:19:42.927600 PORTEVENT TC_26_6_11_1.ttcn3:598 Receive operation on port MSC succeeded, message from system(): charstring : "{\"type\": \"EVENT_BSSMAP_CLEAR_COMPLETE\", \"bsc_slr\": 3}" id 32
2026/Jun/23 07:19:42.927618 PORTEVENT TC_26_6_11_1.ttcn3:598 Message with id 32 was extracted from the queue of MSC.
2026/Jun/23 07:19:42.927729 USER TC_26_6_11_1.ttcn3:607 Draining event during LU wait: "{\"type\": \"EVENT_BSSMAP_CLEAR_COMPLETE\", \"bsc_slr\": 3}"
2026/Jun/23 07:19:42.927753 PORTEVENT TC_26_6_11_1.ttcn3:598 Receive operation on port MSC succeeded, message from system(): charstring : "{\"type\": \"HEARTBEAT\"}" id 33
2026/Jun/23 07:19:42.927762 PORTEVENT TC_26_6_11_1.ttcn3:598 Message with id 33 was extracted from the queue of MSC.
2026/Jun/23 07:19:42.927861 PORTEVENT TC_26_6_11_1.ttcn3:598 Receive operation on port MSC succeeded, message from system(): charstring : "{\"type\": \"HEARTBEAT\"}" id 34
2026/Jun/23 07:19:42.927872 PORTEVENT TC_26_6_11_1.ttcn3:598 Message with id 34 was extracted from the queue of MSC.
2026/Jun/23 07:19:42.927940 PORTEVENT TC_26_6_11_1.ttcn3:598 Receive operation on port MSC succeeded, message from system(): charstring : "{\"type\": \"HEARTBEAT\"}" id 35
2026/Jun/23 07:19:42.927948 PORTEVENT TC_26_6_11_1.ttcn3:598 Message with id 35 was extracted from the queue of MSC.
2026/Jun/23 07:19:42.928031 USER TC_26_6_11_1.ttcn3:597 VTY_PT: Received data (buffered): 94 bytes
2026/Jun/23 07:19:42.928061 USER TC_26_6_11_1.ttcn3:597 MSC_Port: RX: {"type": "HEARTBEAT"}
2026/Jun/23 07:19:42.928074 PORTEVENT TC_26_6_11_1.ttcn3:597 Message enqueued on MSC from system charstring : "{\"type\": \"HEARTBEAT\"}" id 36
2026/Jun/23 07:19:42.928086 USER TC_26_6_11_1.ttcn3:597 MSC_Port: RX: {"type": "EVENT_CLEAR_REQUEST", "bsc_slr": 4}
2026/Jun/23 07:19:42.928098 PORTEVENT TC_26_6_11_1.ttcn3:597 Message enqueued on MSC from system charstring : "{\"type\": \"EVENT_CLEAR_REQUEST\", \"bsc_slr\": 4}" id 37
2026/Jun/23 07:19:42.928118 USER TC_26_6_11_1.ttcn3:597 MSC_Port: RX: {"type": "HEARTBEAT"}
2026/Jun/23 07:19:42.928127 PORTEVENT TC_26_6_11_1.ttcn3:597 Message enqueued on MSC from system charstring : "{\"type\": \"HEARTBEAT\"}" id 38
2026/Jun/23 07:19:42.928134 USER TC_26_6_11_1.ttcn3:597 MSC_Port: RX: {"type": "HEARTBEAT"}
2026/Jun/23 07:19:42.928143 PORTEVENT TC_26_6_11_1.ttcn3:597 Message enqueued on MSC from system charstring : "{\"type\": \"HEARTBEAT\"}" id 39
2026/Jun/23 07:19:42.928149 USER TC_26_6_11_1.ttcn3:597 MSC_Port: RX: {"type": "HEARTBEAT"}
2026/Jun/23 07:19:42.928157 PORTEVENT TC_26_6_11_1.ttcn3:597 Message enqueued on MSC from system charstring : "{\"type\": \"HEARTBEAT\"}" id 40
2026/Jun/23 07:19:42.928163 USER TC_26_6_11_1.ttcn3:597 MSC_Port: RX: {"type": "HEARTBEAT"}
2026/Jun/23 07:19:42.928171 PORTEVENT TC_26_6_11_1.ttcn3:597 Message enqueued on MSC from system charstring : "{\"type\": \"HEARTBEAT\"}" id 41
2026/Jun/23 07:19:42.928177 USER TC_26_6_11_1.ttcn3:597 MSC_Port: RX: {"type": "HEARTBEAT"}
2026/Jun/23 07:19:42.928184 PORTEVENT TC_26_6_11_1.ttcn3:597 Message enqueued on MSC from system charstring : "{\"type\": \"HEARTBEAT\"}" id 42
2026/Jun/23 07:19:42.928192 PORTEVENT TC_26_6_11_1.ttcn3:598 Receive operation on port MSC succeeded, message from system(): charstring : "{\"type\": \"HEARTBEAT\"}" id 36
2026/Jun/23 07:19:42.928198 PORTEVENT TC_26_6_11_1.ttcn3:598 Message with id 36 was extracted from the queue of MSC.
2026/Jun/23 07:19:42.928264 PORTEVENT TC_26_6_11_1.ttcn3:598 Receive operation on port MSC succeeded, message from system(): charstring : "{\"type\": \"EVENT_CLEAR_REQUEST\", \"bsc_slr\": 4}" id 37
2026/Jun/23 07:19:42.928271 PORTEVENT TC_26_6_11_1.ttcn3:598 Message with id 37 was extracted from the queue of MSC.
2026/Jun/23 07:19:42.928324 USER TC_26_6_11_1.ttcn3:607 Draining event during LU wait: "{\"type\": \"EVENT_CLEAR_REQUEST\", \"bsc_slr\": 4}"
2026/Jun/23 07:19:42.928339 PORTEVENT TC_26_6_11_1.ttcn3:598 Receive operation on port MSC succeeded, message from system(): charstring : "{\"type\": \"HEARTBEAT\"}" id 38
2026/Jun/23 07:19:42.928345 PORTEVENT TC_26_6_11_1.ttcn3:598 Message with id 38 was extracted from the queue of MSC.
2026/Jun/23 07:19:42.928406 PORTEVENT TC_26_6_11_1.ttcn3:598 Receive operation on port MSC succeeded, message from system(): charstring : "{\"type\": \"HEARTBEAT\"}" id 39
2026/Jun/23 07:19:42.928413 PORTEVENT TC_26_6_11_1.ttcn3:598 Message with id 39 was extracted from the queue of MSC.
2026/Jun/23 07:19:42.928473 PORTEVENT TC_26_6_11_1.ttcn3:598 Receive operation on port MSC succeeded, message from system(): charstring : "{\"type\": \"HEARTBEAT\"}" id 40
2026/Jun/23 07:19:42.928479 PORTEVENT TC_26_6_11_1.ttcn3:598 Message with id 40 was extracted from the queue of MSC.
2026/Jun/23 07:19:42.928538 PORTEVENT TC_26_6_11_1.ttcn3:598 Receive operation on port MSC succeeded, message from system(): charstring : "{\"type\": \"HEARTBEAT\"}" id 41
2026/Jun/23 07:19:42.928544 PORTEVENT TC_26_6_11_1.ttcn3:598 Message with id 41 was extracted from the queue of MSC.
2026/Jun/23 07:19:42.928602 PORTEVENT TC_26_6_11_1.ttcn3:598 Receive operation on port MSC succeeded, message from system(): charstring : "{\"type\": \"HEARTBEAT\"}" id 42
2026/Jun/23 07:19:42.928608 PORTEVENT TC_26_6_11_1.ttcn3:598 Message with id 42 was extracted from the queue of MSC.
2026/Jun/23 07:19:45.246534 USER TC_26_6_11_1.ttcn3:597 VTY_PT: Received data (buffered): 68 bytes
2026/Jun/23 07:19:47.590012 USER TC_26_6_11_1.ttcn3:597 MSC_Port: RX: {"type": "HEARTBEAT"}
2026/Jun/23 07:19:47.590088 PORTEVENT TC_26_6_11_1.ttcn3:597 Message enqueued on MSC from system charstring : "{\"type\": \"HEARTBEAT\"}" id 43
2026/Jun/23 07:19:47.590110 PORTEVENT TC_26_6_11_1.ttcn3:598 Receive operation on port MSC succeeded, message from system(): charstring : "{\"type\": \"HEARTBEAT\"}" id 43
2026/Jun/23 07:19:47.590119 PORTEVENT TC_26_6_11_1.ttcn3:598 Message with id 43 was extracted from the queue of MSC.
2026/Jun/23 07:19:52.595047 USER TC_26_6_11_1.ttcn3:597 MSC_Port: RX: {"type": "HEARTBEAT"}
2026/Jun/23 07:19:52.595135 PORTEVENT TC_26_6_11_1.ttcn3:597 Message enqueued on MSC from system charstring : "{\"type\": \"HEARTBEAT\"}" id 44
2026/Jun/23 07:19:52.595171 PORTEVENT TC_26_6_11_1.ttcn3:598 Receive operation on port MSC succeeded, message from system(): charstring : "{\"type\": \"HEARTBEAT\"}" id 44
2026/Jun/23 07:19:52.595180 PORTEVENT TC_26_6_11_1.ttcn3:598 Message with id 44 was extracted from the queue of MSC.
2026/Jun/23 07:19:57.600074 USER TC_26_6_11_1.ttcn3:597 MSC_Port: RX: {"type": "HEARTBEAT"}
2026/Jun/23 07:19:57.600148 PORTEVENT TC_26_6_11_1.ttcn3:597 Message enqueued on MSC from system charstring : "{\"type\": \"HEARTBEAT\"}" id 45
2026/Jun/23 07:19:57.600179 PORTEVENT TC_26_6_11_1.ttcn3:598 Receive operation on port MSC succeeded, message from system(): charstring : "{\"type\": \"HEARTBEAT\"}" id 45
2026/Jun/23 07:19:57.600188 PORTEVENT TC_26_6_11_1.ttcn3:598 Message with id 45 was extracted from the queue of MSC.
2026/Jun/23 07:20:00.712075 USER TC_26_6_11_1.ttcn3:597 MSC_Port: RX: {"type": "EVENT_LU_REQUEST", "bsc_slr": 5, "msc_slr": 5, "cksn": 7, "lu_type": 0, "old_mcc": "901", "old_mnc": "70", "old_lac": 0, "mi_type": "imsi"}
2026/Jun/23 07:20:00.712197 PORTEVENT TC_26_6_11_1.ttcn3:597 Message enqueued on MSC from system charstring : "{\"type\": \"EVENT_LU_REQUEST\", \"bsc_slr\": 5, \"msc_slr\": 5, \"cksn\": 7, \"lu_type\": 0, \"old_mcc\": \"901\", \"old_mnc\": \"70\", \"old_lac\": 0, \"mi_type\": \"imsi\"}" id 46
2026/Jun/23 07:20:00.712253 PORTEVENT TC_26_6_11_1.ttcn3:598 Receive operation on port MSC succeeded, message from system(): charstring : "{\"type\": \"EVENT_LU_REQUEST\", \"bsc_slr\": 5, \"msc_slr\": 5, \"cksn\": 7, \"lu_type\": 0, \"old_mcc\": \"901\", \"old_mnc\": \"70\", \"old_lac\": 0, \"mi_type\": \"imsi\"}" id 46
2026/Jun/23 07:20:00.712273 PORTEVENT TC_26_6_11_1.ttcn3:598 Message with id 46 was extracted from the queue of MSC.
2026/Jun/23 07:20:00.712455 USER TC_26_6_11_1.ttcn3:600 *** Got LU REQUEST after restart ***
2026/Jun/23 07:20:00.712481 USER GSM_Functions.ttcn3:365 f_extractJsonInt: Searching for key '"bsc_slr"' in JSON: "{\"type\": \"EVENT_LU_REQUEST\", \"bsc_slr\": 5, \"msc_slr\": 5, \"cksn\": 7, \"lu_type\": 0, \"old_mcc\": \"901\", \"old_mnc\": \"70\", \"old_lac\": 0, \"mi_type\": \"imsi\"}"
2026/Jun/23 07:20:00.712542 USER GSM_Functions.ttcn3:372 f_extractJsonInt: Found key at position 29 (pattern: "\"bsc_slr\":")
2026/Jun/23 07:20:00.712579 USER GSM_Functions.ttcn3:422 f_extractJsonInt: Extracted number string '"5"' => integer 5
2026/Jun/23 07:20:00.712602 TIMEROP TC_26_6_11_1.ttcn3:603 Stop timer T_restart_lu: 60 s
2026/Jun/23 07:20:00.712656 USER TC_26_6_11_1.ttcn3:618 *** Completing LU for bsc_slr=5 ***
2026/Jun/23 07:20:00.712693 PORTEVENT TC_26_6_11_1.ttcn3:620 Sent on MSC to system charstring : "{\"command\": \"CMD_SEND_LU_ACCEPT_CUSTOM\", \"params\": {\"bsc_slr\": 5, \"mcc\": \"901\", \"mnc\": \"70\", \"lac\": 4242, \"tmsi\": 305419897}}"
2026/Jun/23 07:20:00.712767 USER TC_26_6_11_1.ttcn3:620 MSC_Port: TX: {"command": "CMD_SEND_LU_ACCEPT_CUSTOM", "params": {"bsc_slr": 5, "mcc": "901", "mnc": "70", "lac": 4242, "tmsi": 305419897}}
2026/Jun/23 07:20:00.712790 TIMEROP TC_26_6_11_1.ttcn3:624 Start timer T_tmsi2: 10 s
2026/Jun/23 07:20:01.214084 USER TC_26_6_11_1.ttcn3:625 MSC_Port: RX: {"status": "ok", "sent": true}
2026/Jun/23 07:20:01.214157 PORTEVENT TC_26_6_11_1.ttcn3:625 Message enqueued on MSC from system charstring : "{\"status\": \"ok\", \"sent\": true}" id 47
2026/Jun/23 07:20:01.214182 PORTEVENT TC_26_6_11_1.ttcn3:626 Receive operation on port MSC succeeded, message from system(): charstring : "{\"status\": \"ok\", \"sent\": true}" id 47
2026/Jun/23 07:20:01.214193 PORTEVENT TC_26_6_11_1.ttcn3:626 Message with id 47 was extracted from the queue of MSC.
2026/Jun/23 07:20:01.468684 USER TC_26_6_11_1.ttcn3:625 MSC_Port: RX: {"type": "EVENT_DTAP", "bsc_slr": 5, "pd": 5, "msg_type": 27}
2026/Jun/23 07:20:01.468791 PORTEVENT TC_26_6_11_1.ttcn3:625 Message enqueued on MSC from system charstring : "{\"type\": \"EVENT_DTAP\", \"bsc_slr\": 5, \"pd\": 5, \"msg_type\": 27}" id 48
2026/Jun/23 07:20:01.468867 PORTEVENT TC_26_6_11_1.ttcn3:626 Receive operation on port MSC succeeded, message from system(): charstring : "{\"type\": \"EVENT_DTAP\", \"bsc_slr\": 5, \"pd\": 5, \"msg_type\": 27}" id 48
2026/Jun/23 07:20:01.468890 PORTEVENT TC_26_6_11_1.ttcn3:626 Message with id 48 was extracted from the queue of MSC.
2026/Jun/23 07:20:01.469125 USER TC_26_6_11_1.ttcn3:628 *** TMSI REALLOC COMPLETE received ***
2026/Jun/23 07:20:01.469145 TIMEROP TC_26_6_11_1.ttcn3:629 Stop timer T_tmsi2: 10 s
2026/Jun/23 07:20:01.469188 PORTEVENT TC_26_6_11_1.ttcn3:644 Sent on MSC to system charstring : "{\"command\": \"CMD_SEND_CLEAR_CMD\", \"params\": {\"bsc_slr\": 5, \"cause\": 0}}"
2026/Jun/23 07:20:01.469278 USER TC_26_6_11_1.ttcn3:644 MSC_Port: TX: {"command": "CMD_SEND_CLEAR_CMD", "params": {"bsc_slr": 5, "cause": 0}}
2026/Jun/23 07:20:01.469299 TIMEROP TC_26_6_11_1.ttcn3:648 Start timer T_clear2: 10 s
2026/Jun/23 07:20:01.469329 USER TC_26_6_11_1.ttcn3:649 MSC_Port: RX: {"type": "EVENT_TMSI_REALLOC_COMPLETE", "bsc_slr": 5}
2026/Jun/23 07:20:01.469350 PORTEVENT TC_26_6_11_1.ttcn3:649 Message enqueued on MSC from system charstring : "{\"type\": \"EVENT_TMSI_REALLOC_COMPLETE\", \"bsc_slr\": 5}" id 49
2026/Jun/23 07:20:01.469371 PORTEVENT TC_26_6_11_1.ttcn3:650 Receive operation on port MSC succeeded, message from system(): charstring : "{\"type\": \"EVENT_TMSI_REALLOC_COMPLETE\", \"bsc_slr\": 5}" id 49
2026/Jun/23 07:20:01.469383 PORTEVENT TC_26_6_11_1.ttcn3:650 Message with id 49 was extracted from the queue of MSC.
2026/Jun/23 07:20:01.469899 USER TC_26_6_11_1.ttcn3:649 MSC_Port: RX: {"status": "ok"}
2026/Jun/23 07:20:01.469932 PORTEVENT TC_26_6_11_1.ttcn3:649 Message enqueued on MSC from system charstring : "{\"status\": \"ok\"}" id 50
2026/Jun/23 07:20:01.469950 PORTEVENT TC_26_6_11_1.ttcn3:650 Receive operation on port MSC succeeded, message from system(): charstring : "{\"status\": \"ok\"}" id 50
2026/Jun/23 07:20:01.469962 PORTEVENT TC_26_6_11_1.ttcn3:650 Message with id 50 was extracted from the queue of MSC.
2026/Jun/23 07:20:01.470040 USER TC_26_6_11_1.ttcn3:652 LU connection released
2026/Jun/23 07:20:01.470056 TIMEROP TC_26_6_11_1.ttcn3:653 Stop timer T_clear2: 10 s
2026/Jun/23 07:20:01.470068 USER TC_26_6_11_1.ttcn3:666 *** Waiting for mobile to settle in MM IDLE normal service ***
2026/Jun/23 07:20:01.470081 TIMEROP TC_26_6_11_1.ttcn3:668 Start timer T_idle_settle: 10 s
2026/Jun/23 07:20:01.511947 USER TC_26_6_11_1.ttcn3:669 MSC_Port: RX: {"type": "EVENT_BSSMAP_CLEAR_COMPLETE", "bsc_slr": 5}
2026/Jun/23 07:20:01.512016 PORTEVENT TC_26_6_11_1.ttcn3:669 Message enqueued on MSC from system charstring : "{\"type\": \"EVENT_BSSMAP_CLEAR_COMPLETE\", \"bsc_slr\": 5}" id 51
2026/Jun/23 07:20:01.512040 PORTEVENT TC_26_6_11_1.ttcn3:670 Receive operation on port MSC succeeded, message from system(): charstring : "{\"type\": \"EVENT_BSSMAP_CLEAR_COMPLETE\", \"bsc_slr\": 5}" id 51
2026/Jun/23 07:20:01.512048 PORTEVENT TC_26_6_11_1.ttcn3:670 Message with id 51 was extracted from the queue of MSC.
2026/Jun/23 07:20:01.512095 USER TC_26_6_11_1.ttcn3:674 Event during idle settle: "{\"type\": \"EVENT_BSSMAP_CLEAR_COMPLETE\", \"bsc_slr\": 5}"
2026/Jun/23 07:20:02.029164 USER TC_26_6_11_1.ttcn3:669 VTY_PT: Received data (buffered): 61 bytes
2026/Jun/23 07:20:03.472040 USER TC_26_6_11_1.ttcn3:669 MSC_Port: RX: {"type": "HEARTBEAT"}
2026/Jun/23 07:20:03.472106 PORTEVENT TC_26_6_11_1.ttcn3:669 Message enqueued on MSC from system charstring : "{\"type\": \"HEARTBEAT\"}" id 52
2026/Jun/23 07:20:03.472128 PORTEVENT TC_26_6_11_1.ttcn3:670 Receive operation on port MSC succeeded, message from system(): charstring : "{\"type\": \"HEARTBEAT\"}" id 52
2026/Jun/23 07:20:03.472137 PORTEVENT TC_26_6_11_1.ttcn3:670 Message with id 52 was extracted from the queue of MSC.
2026/Jun/23 07:20:08.477042 USER TC_26_6_11_1.ttcn3:669 MSC_Port: RX: {"type": "HEARTBEAT"}
2026/Jun/23 07:20:08.477131 PORTEVENT TC_26_6_11_1.ttcn3:669 Message enqueued on MSC from system charstring : "{\"type\": \"HEARTBEAT\"}" id 53
2026/Jun/23 07:20:08.477158 PORTEVENT TC_26_6_11_1.ttcn3:670 Receive operation on port MSC succeeded, message from system(): charstring : "{\"type\": \"HEARTBEAT\"}" id 53
2026/Jun/23 07:20:08.477181 PORTEVENT TC_26_6_11_1.ttcn3:670 Message with id 53 was extracted from the queue of MSC.
2026/Jun/23 07:20:11.471855 TIMEROP TC_26_6_11_1.ttcn3:678 Timeout T_idle_settle: 10 s
2026/Jun/23 07:20:11.471925 USER TC_26_6_11_1.ttcn3:684 *** Sending PAGING REQUEST (BSSMAP + GSMTAP with retries) ***
2026/Jun/23 07:20:11.471995 USER TC_26_6_11_1.ttcn3:697 ============================================================
2026/Jun/23 07:20:11.472005 USER TC_26_6_11_1.ttcn3:698 *** SUB-TEST 3: Verify Classmark in PAGING RESPONSE ***
2026/Jun/23 07:20:11.472009 USER TC_26_6_11_1.ttcn3:699 ============================================================
2026/Jun/23 07:20:11.472013 USER TC_26_6_11_1.ttcn3:700 *** Expected: MS should send PAGING RESPONSE with CURRENT classmark ***
2026/Jun/23 07:20:11.472037 USER TC_26_6_11_1.ttcn3:709 *** Paging attempt 1 of 6 ***
2026/Jun/23 07:20:11.472063 PORTEVENT TC_26_6_11_1.ttcn3:713 Sent on MSC to system charstring : "{\"command\": \"CMD_SEND_PAGING\", \"params\": {\"imsi\": \"901700000000001\", \"lac\": 4242, \"cell_id\": 4242, \"tmsi\": 305419897}}"
2026/Jun/23 07:20:11.472143 USER TC_26_6_11_1.ttcn3:713 MSC_Port: TX: {"command": "CMD_SEND_PAGING", "params": {"imsi": "901700000000001", "lac": 4242, "cell_id": 4242, "tmsi": 305419897}}
2026/Jun/23 07:20:11.472165 USER GSM_Functions.ttcn3:1335 *** Sending PAGING REQUEST TYPE 1 ***
2026/Jun/23 07:20:11.472172 USER GSM_Functions.ttcn3:1336   Channel: PCH (4)
2026/Jun/23 07:20:11.472194 USER GSM_Functions.ttcn3:1337   Paging Group: '00'O
2026/Jun/23 07:20:11.472205 USER GSM_Functions.ttcn3:1338   Page Mode: '00'O
2026/Jun/23 07:20:11.472214 USER GSM_Functions.ttcn3:1339   Mobile Identity 1: '901700000000001F'O
2026/Jun/23 07:20:11.472228 USER GSM_Functions.ttcn3:1340   Count: 200 (reduced from 500 for faster execution)
2026/Jun/23 07:20:11.472272 USER GSM_Functions.ttcn3:1343 Encoded PAGING REQUEST TYPE 1: 23 bytes (PseudoLen=12)
2026/Jun/23 07:20:11.472289 USER GSM_Functions.ttcn3:1353 === Sending PAGING REQUEST (200 times) via GSMTAP ===
2026/Jun/23 07:20:11.472303 PORTEVENT GSM_Functions.ttcn3:1355 Sent on L to system octetstring : '310621000899100700000000102B2B2B2B2B2B2B2B2B2B'O
2026/Jun/23 07:20:11.472315 USER GSM_Functions.ttcn3:1355 L3_Port: TX OCTETSTRING 23 bytes
2026/Jun/23 07:20:11.472326 USER GSM_Functions.ttcn3:1355 L3_Port: Data: 31 06 21 00 08 99 10 07 00 00 00 00 10 2B 2B 2B 2B 2B 2B 2B 2B 2B 2B 
2026/Jun/23 07:20:11.472331 USER GSM_Functions.ttcn3:1355 L3_Port: TX CCCH 23 bytes
2026/Jun/23 07:20:11.472336 USER GSM_Functions.ttcn3:1355 L3_Port: Detected Paging Request -> Use PCH (5)
2026/Jun/23 07:20:11.472385 USER GSM_Functions.ttcn3:1355 L3_Port: Sent 39 bytes via GSMTAP (chan=5)
2026/Jun/23 07:20:11.472393 PORTEVENT GSM_Functions.ttcn3:1355 Sent on L to system octetstring : '310621000899100700000000102B2B2B2B2B2B2B2B2B2B'O
2026/Jun/23 07:20:11.472397 USER GSM_Functions.ttcn3:1355 L3_Port: TX OCTETSTRING 23 bytes
2026/Jun/23 07:20:11.472403 USER GSM_Functions.ttcn3:1355 L3_Port: Data: 31 06 21 00 08 99 10 07 00 00 00 00 10 2B 2B 2B 2B 2B 2B 2B 2B 2B 2B 
2026/Jun/23 07:20:11.472407 USER GSM_Functions.ttcn3:1355 L3_Port: TX CCCH 23 bytes
2026/Jun/23 07:20:11.472411 USER GSM_Functions.ttcn3:1355 L3_Port: Detected Paging Request -> Use PCH (5)
2026/Jun/23 07:20:11.472420 USER GSM_Functions.ttcn3:1355 L3_Port: Sent 39 bytes via GSMTAP (chan=5)
2026/Jun/23 07:20:11.472425 PORTEVENT GSM_Functions.ttcn3:1355 Sent on L to system octetstring : '310621000899100700000000102B2B2B2B2B2B2B2B2B2B'O
2026/Jun/23 07:20:11.472429 USER GSM_Functions.ttcn3:1355 L3_Port: TX OCTETSTRING 23 bytes
2026/Jun/23 07:20:11.472434 USER GSM_Functions.ttcn3:1355 L3_Port: Data: 31 06 21 00 08 99 10 07 00 00 00 00 10 2B 2B 2B 2B 2B 2B 2B 2B 2B 2B 
2026/Jun/23 07:20:11.472438 USER GSM_Functions.ttcn3:1355 L3_Port: TX CCCH 23 bytes
2026/Jun/23 07:20:11.472442 USER GSM_Functions.ttcn3:1355 L3_Port: Detected Paging Request -> Use PCH (5)
2026/Jun/23 07:20:11.472462 USER GSM_Functions.ttcn3:1355 L3_Port: Sent 39 bytes via GSMTAP (chan=5)
2026/Jun/23 07:20:11.472468 PORTEVENT GSM_Functions.ttcn3:1355 Sent on L to system octetstring : '310621000899100700000000102B2B2B2B2B2B2B2B2B2B'O
2026/Jun/23 07:20:11.472472 USER GSM_Functions.ttcn3:1355 L3_Port: TX OCTETSTRING 23 bytes
2026/Jun/23 07:20:11.472477 USER GSM_Functions.ttcn3:1355 L3_Port: Data: 31 06 21 00 08 99 10 07 00 00 00 00 10 2B 2B 2B 2B 2B 2B 2B 2B 2B 2B 
2026/Jun/23 07:20:11.472482 USER GSM_Functions.ttcn3:1355 L3_Port: TX CCCH 23 bytes
2026/Jun/23 07:20:11.472486 USER GSM_Functions.ttcn3:1355 L3_Port: Detected Paging Request -> Use PCH (5)
2026/Jun/23 07:20:11.472494 USER GSM_Functions.ttcn3:1355 L3_Port: Sent 39 bytes via GSMTAP (chan=5)
2026/Jun/23 07:20:11.472499 PORTEVENT GSM_Functions.ttcn3:1355 Sent on L to system octetstring : '310621000899100700000000102B2B2B2B2B2B2B2B2B2B'O
2026/Jun/23 07:20:11.472503 USER GSM_Functions.ttcn3:1355 L3_Port: TX OCTETSTRING 23 bytes
2026/Jun/23 07:20:11.472508 USER GSM_Functions.ttcn3:1355 L3_Port: Data: 31 06 21 00 08 99 10 07 00 00 00 00 10 2B 2B 2B 2B 2B 2B 2B 2B 2B 2B 
2026/Jun/23 07:20:11.472512 USER GSM_Functions.ttcn3:1355 L3_Port: TX CCCH 23 bytes
2026/Jun/23 07:20:11.472516 USER GSM_Functions.ttcn3:1355 L3_Port: Detected Paging Request -> Use PCH (5)
2026/Jun/23 07:20:11.472524 USER GSM_Functions.ttcn3:1355 L3_Port: Sent 39 bytes via GSMTAP (chan=5)
2026/Jun/23 07:20:11.472529 PORTEVENT GSM_Functions.ttcn3:1355 Sent on L to system octetstring : '310621000899100700000000102B2B2B2B2B2B2B2B2B2B'O
2026/Jun/23 07:20:11.472533 USER GSM_Functions.ttcn3:1355 L3_Port: TX OCTETSTRING 23 bytes
2026/Jun/23 07:20:11.472538 USER GSM_Functions.ttcn3:1355 L3_Port: Data: 31 06 21 00 08 99 10 07 00 00 00 00 10 2B 2B 2B 2B 2B 2B 2B 2B 2B 2B 
2026/Jun/23 07:20:11.472542 USER GSM_Functions.ttcn3:1355 L3_Port: TX CCCH 23 bytes
2026/Jun/23 07:20:11.472545 USER GSM_Functions.ttcn3:1355 L3_Port: Detected Paging Request -> Use PCH (5)
2026/Jun/23 07:20:11.472553 USER GSM_Functions.ttcn3:1355 L3_Port: Sent 39 bytes via GSMTAP (chan=5)
2026/Jun/23 07:20:11.472558 PORTEVENT GSM_Functions.ttcn3:1355 Sent on L to system octetstring : '310621000899100700000000102B2B2B2B2B2B2B2B2B2B'O
2026/Jun/23 07:20:11.472562 USER GSM_Functions.ttcn3:1355 L3_Port: TX OCTETSTRING 23 bytes
2026/Jun/23 07:20:11.472567 USER GSM_Functions.ttcn3:1355 L3_Port: Data: 31 06 21 00 08 99 10 07 00 00 00 00 10 2B 2B 2B 2B 2B 2B 2B 2B 2B 2B 
2026/Jun/23 07:20:11.472571 USER GSM_Functions.ttcn3:1355 L3_Port: TX CCCH 23 bytes
2026/Jun/23 07:20:11.472575 USER GSM_Functions.ttcn3:1355 L3_Port: Detected Paging Request -> Use PCH (5)
2026/Jun/23 07:20:11.472582 USER GSM_Functions.ttcn3:1355 L3_Port: Sent 39 bytes via GSMTAP (chan=5)
2026/Jun/23 07:20:11.472588 PORTEVENT GSM_Functions.ttcn3:1355 Sent on L to system octetstring : '310621000899100700000000102B2B2B2B2B2B2B2B2B2B'O
2026/Jun/23 07:20:11.472591 USER GSM_Functions.ttcn3:1355 L3_Port: TX OCTETSTRING 23 bytes
2026/Jun/23 07:20:11.472597 USER GSM_Functions.ttcn3:1355 L3_Port: Data: 31 06 21 00 08 99 10 07 00 00 00 00 10 2B 2B 2B 2B 2B 2B 2B 2B 2B 2B 
2026/Jun/23 07:20:11.472601 USER GSM_Functions.ttcn3:1355 L3_Port: TX CCCH 23 bytes
2026/Jun/23 07:20:11.472605 USER GSM_Functions.ttcn3:1355 L3_Port: Detected Paging Request -> Use PCH (5)
2026/Jun/23 07:20:11.472613 USER GSM_Functions.ttcn3:1355 L3_Port: Sent 39 bytes via GSMTAP (chan=5)
2026/Jun/23 07:20:11.472618 PORTEVENT GSM_Functions.ttcn3:1355 Sent on L to system octetstring : '310621000899100700000000102B2B2B2B2B2B2B2B2B2B'O
2026/Jun/23 07:20:11.472621 USER GSM_Functions.ttcn3:1355 L3_Port: TX OCTETSTRING 23 bytes
2026/Jun/23 07:20:11.472627 USER GSM_Functions.ttcn3:1355 L3_Port: Data: 31 06 21 00 08 99 10 07 00 00 00 00 10 2B 2B 2B 2B 2B 2B 2B 2B 2B 2B 
2026/Jun/23 07:20:11.472630 USER GSM_Functions.ttcn3:1355 L3_Port: TX CCCH 23 bytes
2026/Jun/23 07:20:11.472634 USER GSM_Functions.ttcn3:1355 L3_Port: Detected Paging Request -> Use PCH (5)
2026/Jun/23 07:20:11.472641 USER GSM_Functions.ttcn3:1355 L3_Port: Sent 39 bytes via GSMTAP (chan=5)
2026/Jun/23 07:20:11.472650 PORTEVENT GSM_Functions.ttcn3:1355 Sent on L to system octetstring : '310621000899100700000000102B2B2B2B2B2B2B2B2B2B'O
2026/Jun/23 07:20:11.472653 USER GSM_Functions.ttcn3:1355 L3_Port: TX OCTETSTRING 23 bytes
2026/Jun/23 07:20:11.472659 USER GSM_Functions.ttcn3:1355 L3_Port: Data: 31 06 21 00 08 99 10 07 00 00 00 00 10 2B 2B 2B 2B 2B 2B 2B 2B 2B 2B 
2026/Jun/23 07:20:11.472663 USER GSM_Functions.ttcn3:1355 L3_Port: TX CCCH 23 bytes
2026/Jun/23 07:20:11.472666 USER GSM_Functions.ttcn3:1355 L3_Port: Detected Paging Request -> Use PCH (5)
2026/Jun/23 07:20:11.472674 USER GSM_Functions.ttcn3:1355 L3_Port: Sent 39 bytes via GSMTAP (chan=5)
2026/Jun/23 07:20:11.472680 PORTEVENT GSM_Functions.ttcn3:1355 Sent on L to system octetstring : '310621000899100700000000102B2B2B2B2B2B2B2B2B2B'O
2026/Jun/23 07:20:11.472683 USER GSM_Functions.ttcn3:1355 L3_Port: TX OCTETSTRING 23 bytes
2026/Jun/23 07:20:11.472688 USER GSM_Functions.ttcn3:1355 L3_Port: Data: 31 06 21 00 08 99 10 07 00 00 00 00 10 2B 2B 2B 2B 2B 2B 2B 2B 2B 2B 
2026/Jun/23 07:20:11.472692 USER GSM_Functions.ttcn3:1355 L3_Port: TX CCCH 23 bytes
2026/Jun/23 07:20:11.472695 USER GSM_Functions.ttcn3:1355 L3_Port: Detected Paging Request -> Use PCH (5)
2026/Jun/23 07:20:11.472703 USER GSM_Functions.ttcn3:1355 L3_Port: Sent 39 bytes via GSMTAP (chan=5)
2026/Jun/23 07:20:11.472709 PORTEVENT GSM_Functions.ttcn3:1355 Sent on L to system octetstring : '310621000899100700000000102B2B2B2B2B2B2B2B2B2B'O
2026/Jun/23 07:20:11.472713 USER GSM_Functions.ttcn3:1355 L3_Port: TX OCTETSTRING 23 bytes
2026/Jun/23 07:20:11.472718 USER GSM_Functions.ttcn3:1355 L3_Port: Data: 31 06 21 00 08 99 10 07 00 00 00 00 10 2B 2B 2B 2B 2B 2B 2B 2B 2B 2B 
2026/Jun/23 07:20:11.472722 USER GSM_Functions.ttcn3:1355 L3_Port: TX CCCH 23 bytes
2026/Jun/23 07:20:11.472725 USER GSM_Functions.ttcn3:1355 L3_Port: Detected Paging Request -> Use PCH (5)
2026/Jun/23 07:20:11.472734 USER GSM_Functions.ttcn3:1355 L3_Port: Sent 39 bytes via GSMTAP (chan=5)
2026/Jun/23 07:20:11.472739 PORTEVENT GSM_Functions.ttcn3:1355 Sent on L to system octetstring : '310621000899100700000000102B2B2B2B2B2B2B2B2B2B'O
2026/Jun/23 07:20:11.472743 USER GSM_Functions.ttcn3:1355 L3_Port: TX OCTETSTRING 23 bytes
2026/Jun/23 07:20:11.472748 USER GSM_Functions.ttcn3:1355 L3_Port: Data: 31 06 21 00 08 99 10 07 00 00 00 00 10 2B 2B 2B 2B 2B 2B 2B 2B 2B 2B 
2026/Jun/23 07:20:11.472751 USER GSM_Functions.ttcn3:1355 L3_Port: TX CCCH 23 bytes
2026/Jun/23 07:20:11.472755 USER GSM_Functions.ttcn3:1355 L3_Port: Detected Paging Request -> Use PCH (5)
2026/Jun/23 07:20:11.472762 USER GSM_Functions.ttcn3:1355 L3_Port: Sent 39 bytes via GSMTAP (chan=5)
2026/Jun/23 07:20:11.472768 PORTEVENT GSM_Functions.ttcn3:1355 Sent on L to system octetstring : '310621000899100700000000102B2B2B2B2B2B2B2B2B2B'O
2026/Jun/23 07:20:11.472771 USER GSM_Functions.ttcn3:1355 L3_Port: TX OCTETSTRING 23 bytes
2026/Jun/23 07:20:11.472777 USER GSM_Functions.ttcn3:1355 L3_Port: Data: 31 06 21 00 08 99 10 07 00 00 00 00 10 2B 2B 2B 2B 2B 2B 2B 2B 2B 2B 
2026/Jun/23 07:20:11.472780 USER GSM_Functions.ttcn3:1355 L3_Port: TX CCCH 23 bytes
2026/Jun/23 07:20:11.472784 USER GSM_Functions.ttcn3:1355 L3_Port: Detected Paging Request -> Use PCH (5)
2026/Jun/23 07:20:11.472792 USER GSM_Functions.ttcn3:1355 L3_Port: Sent 39 bytes via GSMTAP (chan=5)
2026/Jun/23 07:20:11.472797 PORTEVENT GSM_Functions.ttcn3:1355 Sent on L to system octetstring : '310621000899100700000000102B2B2B2B2B2B2B2B2B2B'O
2026/Jun/23 07:20:11.472800 USER GSM_Functions.ttcn3:1355 L3_Port: TX OCTETSTRING 23 bytes
2026/Jun/23 07:20:11.472806 USER GSM_Functions.ttcn3:1355 L3_Port: Data: 31 06 21 00 08 99 10 07 00 00 00 00 10 2B 2B 2B 2B 2B 2B 2B 2B 2B 2B 
2026/Jun/23 07:20:11.472810 USER GSM_Functions.ttcn3:1355 L3_Port: TX CCCH 23 bytes
2026/Jun/23 07:20:11.472813 USER GSM_Functions.ttcn3:1355 L3_Port: Detected Paging Request -> Use PCH (5)
2026/Jun/23 07:20:11.472837 USER GSM_Functions.ttcn3:1355 L3_Port: Sent 39 bytes via GSMTAP (chan=5)
2026/Jun/23 07:20:11.472850 PORTEVENT GSM_Functions.ttcn3:1355 Sent on L to system octetstring : '310621000899100700000000102B2B2B2B2B2B2B2B2B2B'O
2026/Jun/23 07:20:11.472854 USER GSM_Functions.ttcn3:1355 L3_Port: TX OCTETSTRING 23 bytes
2026/Jun/23 07:20:11.472860 USER GSM_Functions.ttcn3:1355 L3_Port: Data: 31 06 21 00 08 99 10 07 00 00 00 00 10 2B 2B 2B 2B 2B 2B 2B 2B 2B 2B 
2026/Jun/23 07:20:11.472864 USER GSM_Functions.ttcn3:1355 L3_Port: TX CCCH 23 bytes
2026/Jun/23 07:20:11.472867 USER GSM_Functions.ttcn3:1355 L3_Port: Detected Paging Request -> Use PCH (5)
2026/Jun/23 07:20:11.472877 USER GSM_Functions.ttcn3:1355 L3_Port: Sent 39 bytes via GSMTAP (chan=5)
2026/Jun/23 07:20:11.472882 PORTEVENT GSM_Functions.ttcn3:1355 Sent on L to system octetstring : '310621000899100700000000102B2B2B2B2B2B2B2B2B2B'O
2026/Jun/23 07:20:11.472886 USER GSM_Functions.ttcn3:1355 L3_Port: TX OCTETSTRING 23 bytes
2026/Jun/23 07:20:11.472892 USER GSM_Functions.ttcn3:1355 L3_Port: Data: 31 06 21 00 08 99 10 07 00 00 00 00 10 2B 2B 2B 2B 2B 2B 2B 2B 2B 2B 
2026/Jun/23 07:20:11.472896 USER GSM_Functions.ttcn3:1355 L3_Port: TX CCCH 23 bytes
2026/Jun/23 07:20:11.472899 USER GSM_Functions.ttcn3:1355 L3_Port: Detected Paging Request -> Use PCH (5)
2026/Jun/23 07:20:11.472907 USER GSM_Functions.ttcn3:1355 L3_Port: Sent 39 bytes via GSMTAP (chan=5)
2026/Jun/23 07:20:11.472912 PORTEVENT GSM_Functions.ttcn3:1355 Sent on L to system octetstring : '310621000899100700000000102B2B2B2B2B2B2B2B2B2B'O
2026/Jun/23 07:20:11.472916 USER GSM_Functions.ttcn3:1355 L3_Port: TX OCTETSTRING 23 bytes
2026/Jun/23 07:20:11.472921 USER GSM_Functions.ttcn3:1355 L3_Port: Data: 31 06 21 00 08 99 10 07 00 00 00 00 10 2B 2B 2B 2B 2B 2B 2B 2B 2B 2B 
2026/Jun/23 07:20:11.472925 USER GSM_Functions.ttcn3:1355 L3_Port: TX CCCH 23 bytes
2026/Jun/23 07:20:11.472929 USER GSM_Functions.ttcn3:1355 L3_Port: Detected Paging Request -> Use PCH (5)
2026/Jun/23 07:20:11.472936 USER GSM_Functions.ttcn3:1355 L3_Port: Sent 39 bytes via GSMTAP (chan=5)
2026/Jun/23 07:20:11.472941 PORTEVENT GSM_Functions.ttcn3:1355 Sent on L to system octetstring : '310621000899100700000000102B2B2B2B2B2B2B2B2B2B'O
2026/Jun/23 07:20:11.472945 USER GSM_Functions.ttcn3:1355 L3_Port: TX OCTETSTRING 23 bytes
2026/Jun/23 07:20:11.472950 USER GSM_Functions.ttcn3:1355 L3_Port: Data: 31 06 21 00 08 99 10 07 00 00 00 00 10 2B 2B 2B 2B 2B 2B 2B 2B 2B 2B 
2026/Jun/23 07:20:11.472954 USER GSM_Functions.ttcn3:1355 L3_Port: TX CCCH 23 bytes
2026/Jun/23 07:20:11.472958 USER GSM_Functions.ttcn3:1355 L3_Port: Detected Paging Request -> Use PCH (5)
2026/Jun/23 07:20:11.472965 USER GSM_Functions.ttcn3:1355 L3_Port: Sent 39 bytes via GSMTAP (chan=5)
2026/Jun/23 07:20:11.472970 PORTEVENT GSM_Functions.ttcn3:1355 Sent on L to system octetstring : '310621000899100700000000102B2B2B2B2B2B2B2B2B2B'O
2026/Jun/23 07:20:11.472974 USER GSM_Functions.ttcn3:1355 L3_Port: TX OCTETSTRING 23 bytes
2026/Jun/23 07:20:11.472980 USER GSM_Functions.ttcn3:1355 L3_Port: Data: 31 06 21 00 08 99 10 07 00 00 00 00 10 2B 2B 2B 2B 2B 2B 2B 2B 2B 2B 
2026/Jun/23 07:20:11.472983 USER GSM_Functions.ttcn3:1355 L3_Port: TX CCCH 23 bytes
2026/Jun/23 07:20:11.472987 USER GSM_Functions.ttcn3:1355 L3_Port: Detected Paging Request -> Use PCH (5)
2026/Jun/23 07:20:11.472997 USER GSM_Functions.ttcn3:1355 L3_Port: Sent 39 bytes via GSMTAP (chan=5)
2026/Jun/23 07:20:11.473003 PORTEVENT GSM_Functions.ttcn3:1355 Sent on L to system octetstring : '310621000899100700000000102B2B2B2B2B2B2B2B2B2B'O
2026/Jun/23 07:20:11.473006 USER GSM_Functions.ttcn3:1355 L3_Port: TX OCTETSTRING 23 bytes
2026/Jun/23 07:20:11.473012 USER GSM_Functions.ttcn3:1355 L3_Port: Data: 31 06 21 00 08 99 10 07 00 00 00 00 10 2B 2B 2B 2B 2B 2B 2B 2B 2B 2B 
2026/Jun/23 07:20:11.473016 USER GSM_Functions.ttcn3:1355 L3_Port: TX CCCH 23 bytes
2026/Jun/23 07:20:11.473020 USER GSM_Functions.ttcn3:1355 L3_Port: Detected Paging Request -> Use PCH (5)
2026/Jun/23 07:20:11.473028 USER GSM_Functions.ttcn3:1355 L3_Port: Sent 39 bytes via GSMTAP (chan=5)
2026/Jun/23 07:20:11.473033 PORTEVENT GSM_Functions.ttcn3:1355 Sent on L to system octetstring : '310621000899100700000000102B2B2B2B2B2B2B2B2B2B'O
2026/Jun/23 07:20:11.473039 USER GSM_Functions.ttcn3:1355 L3_Port: TX OCTETSTRING 23 bytes
2026/Jun/23 07:20:11.473045 USER GSM_Functions.ttcn3:1355 L3_Port: Data: 31 06 21 00 08 99 10 07 00 00 00 00 10 2B 2B 2B 2B 2B 2B 2B 2B 2B 2B 
2026/Jun/23 07:20:11.473050 USER GSM_Functions.ttcn3:1355 L3_Port: TX CCCH 23 bytes
2026/Jun/23 07:20:11.473054 USER GSM_Functions.ttcn3:1355 L3_Port: Detected Paging Request -> Use PCH (5)
2026/Jun/23 07:20:11.473062 USER GSM_Functions.ttcn3:1355 L3_Port: Sent 39 bytes via GSMTAP (chan=5)
2026/Jun/23 07:20:11.473067 PORTEVENT GSM_Functions.ttcn3:1355 Sent on L to system octetstring : '310621000899100700000000102B2B2B2B2B2B2B2B2B2B'O
2026/Jun/23 07:20:11.473071 USER GSM_Functions.ttcn3:1355 L3_Port: TX OCTETSTRING 23 bytes
2026/Jun/23 07:20:11.473076 USER GSM_Functions.ttcn3:1355 L3_Port: Data: 31 06 21 00 08 99 10 07 00 00 00 00 10 2B 2B 2B 2B 2B 2B 2B 2B 2B 2B 
2026/Jun/23 07:20:11.473080 USER GSM_Functions.ttcn3:1355 L3_Port: TX CCCH 23 bytes
2026/Jun/23 07:20:11.473083 USER GSM_Functions.ttcn3:1355 L3_Port: Detected Paging Request -> Use PCH (5)
2026/Jun/23 07:20:11.473091 USER GSM_Functions.ttcn3:1355 L3_Port: Sent 39 bytes via GSMTAP (chan=5)
2026/Jun/23 07:20:11.473097 PORTEVENT GSM_Functions.ttcn3:1355 Sent on L to system octetstring : '310621000899100700000000102B2B2B2B2B2B2B2B2B2B'O
2026/Jun/23 07:20:11.473100 USER GSM_Functions.ttcn3:1355 L3_Port: TX OCTETSTRING 23 bytes
2026/Jun/23 07:20:11.473106 USER GSM_Functions.ttcn3:1355 L3_Port: Data: 31 06 21 00 08 99 10 07 00 00 00 00 10 2B 2B 2B 2B 2B 2B 2B 2B 2B 2B 
2026/Jun/23 07:20:11.473109 USER GSM_Functions.ttcn3:1355 L3_Port: TX CCCH 23 bytes
2026/Jun/23 07:20:11.473113 USER GSM_Functions.ttcn3:1355 L3_Port: Detected Paging Request -> Use PCH (5)
2026/Jun/23 07:20:11.473121 USER GSM_Functions.ttcn3:1355 L3_Port: Sent 39 bytes via GSMTAP (chan=5)
2026/Jun/23 07:20:11.473126 PORTEVENT GSM_Functions.ttcn3:1355 Sent on L to system octetstring : '310621000899100700000000102B2B2B2B2B2B2B2B2B2B'O
2026/Jun/23 07:20:11.473130 USER GSM_Functions.ttcn3:1355 L3_Port: TX OCTETSTRING 23 bytes
2026/Jun/23 07:20:11.473135 USER GSM_Functions.ttcn3:1355 L3_Port: Data: 31 06 21 00 08 99 10 07 00 00 00 00 10 2B 2B 2B 2B 2B 2B 2B 2B 2B 2B 
2026/Jun/23 07:20:11.473139 USER GSM_Functions.ttcn3:1355 L3_Port: TX CCCH 23 bytes
2026/Jun/23 07:20:11.473143 USER GSM_Functions.ttcn3:1355 L3_Port: Detected Paging Request -> Use PCH (5)
2026/Jun/23 07:20:11.473151 USER GSM_Functions.ttcn3:1355 L3_Port: Sent 39 bytes via GSMTAP (chan=5)
2026/Jun/23 07:20:11.473156 PORTEVENT GSM_Functions.ttcn3:1355 Sent on L to system octetstring : '310621000899100700000000102B2B2B2B2B2B2B2B2B2B'O
2026/Jun/23 07:20:11.473160 USER GSM_Functions.ttcn3:1355 L3_Port: TX OCTETSTRING 23 bytes
2026/Jun/23 07:20:11.473165 USER GSM_Functions.ttcn3:1355 L3_Port: Data: 31 06 21 00 08 99 10 07 00 00 00 00 10 2B 2B 2B 2B 2B 2B 2B 2B 2B 2B 
2026/Jun/23 07:20:11.473169 USER GSM_Functions.ttcn3:1355 L3_Port: TX CCCH 23 bytes
2026/Jun/23 07:20:11.473173 USER GSM_Functions.ttcn3:1355 L3_Port: Detected Paging Request -> Use PCH (5)
2026/Jun/23 07:20:11.473182 USER GSM_Functions.ttcn3:1355 L3_Port: Sent 39 bytes via GSMTAP (chan=5)
2026/Jun/23 07:20:11.473187 PORTEVENT GSM_Functions.ttcn3:1355 Sent on L to system octetstring : '310621000899100700000000102B2B2B2B2B2B2B2B2B2B'O
2026/Jun/23 07:20:11.473191 USER GSM_Functions.ttcn3:1355 L3_Port: TX OCTETSTRING 23 bytes
2026/Jun/23 07:20:11.473196 USER GSM_Functions.ttcn3:1355 L3_Port: Data: 31 06 21 00 08 99 10 07 00 00 00 00 10 2B 2B 2B 2B 2B 2B 2B 2B 2B 2B 
2026/Jun/23 07:20:11.473200 USER GSM_Functions.ttcn3:1355 L3_Port: TX CCCH 23 bytes
2026/Jun/23 07:20:11.473204 USER GSM_Functions.ttcn3:1355 L3_Port: Detected Paging Request -> Use PCH (5)
2026/Jun/23 07:20:11.473214 USER GSM_Functions.ttcn3:1355 L3_Port: Sent 39 bytes via GSMTAP (chan=5)
2026/Jun/23 07:20:11.473220 PORTEVENT GSM_Functions.ttcn3:1355 Sent on L to system octetstring : '310621000899100700000000102B2B2B2B2B2B2B2B2B2B'O
2026/Jun/23 07:20:11.473227 USER GSM_Functions.ttcn3:1355 L3_Port: TX OCTETSTRING 23 bytes
2026/Jun/23 07:20:11.473232 USER GSM_Functions.ttcn3:1355 L3_Port: Data: 31 06 21 00 08 99 10 07 00 00 00 00 10 2B 2B 2B 2B 2B 2B 2B 2B 2B 2B 
2026/Jun/23 07:20:11.473237 USER GSM_Functions.ttcn3:1355 L3_Port: TX CCCH 23 bytes
2026/Jun/23 07:20:11.473241 USER GSM_Functions.ttcn3:1355 L3_Port: Detected Paging Request -> Use PCH (5)
2026/Jun/23 07:20:11.473250 USER GSM_Functions.ttcn3:1355 L3_Port: Sent 39 bytes via GSMTAP (chan=5)
2026/Jun/23 07:20:11.473255 PORTEVENT GSM_Functions.ttcn3:1355 Sent on L to system octetstring : '310621000899100700000000102B2B2B2B2B2B2B2B2B2B'O
2026/Jun/23 07:20:11.473259 USER GSM_Functions.ttcn3:1355 L3_Port: TX OCTETSTRING 23 bytes
2026/Jun/23 07:20:11.473265 USER GSM_Functions.ttcn3:1355 L3_Port: Data: 31 06 21 00 08 99 10 07 00 00 00 00 10 2B 2B 2B 2B 2B 2B 2B 2B 2B 2B 
2026/Jun/23 07:20:11.473268 USER GSM_Functions.ttcn3:1355 L3_Port: TX CCCH 23 bytes
2026/Jun/23 07:20:11.473272 USER GSM_Functions.ttcn3:1355 L3_Port: Detected Paging Request -> Use PCH (5)
2026/Jun/23 07:20:11.473280 USER GSM_Functions.ttcn3:1355 L3_Port: Sent 39 bytes via GSMTAP (chan=5)
2026/Jun/23 07:20:11.473285 PORTEVENT GSM_Functions.ttcn3:1355 Sent on L to system octetstring : '310621000899100700000000102B2B2B2B2B2B2B2B2B2B'O
2026/Jun/23 07:20:11.473289 USER GSM_Functions.ttcn3:1355 L3_Port: TX OCTETSTRING 23 bytes
2026/Jun/23 07:20:11.473294 USER GSM_Functions.ttcn3:1355 L3_Port: Data: 31 06 21 00 08 99 10 07 00 00 00 00 10 2B 2B 2B 2B 2B 2B 2B 2B 2B 2B 
2026/Jun/23 07:20:11.473298 USER GSM_Functions.ttcn3:1355 L3_Port: TX CCCH 23 bytes
2026/Jun/23 07:20:11.473302 USER GSM_Functions.ttcn3:1355 L3_Port: Detected Paging Request -> Use PCH (5)
2026/Jun/23 07:20:11.473310 USER GSM_Functions.ttcn3:1355 L3_Port: Sent 39 bytes via GSMTAP (chan=5)
2026/Jun/23 07:20:11.473315 PORTEVENT GSM_Functions.ttcn3:1355 Sent on L to system octetstring : '310621000899100700000000102B2B2B2B2B2B2B2B2B2B'O
2026/Jun/23 07:20:11.473318 USER GSM_Functions.ttcn3:1355 L3_Port: TX OCTETSTRING 23 bytes
2026/Jun/23 07:20:11.473324 USER GSM_Functions.ttcn3:1355 L3_Port: Data: 31 06 21 00 08 99 10 07 00 00 00 00 10 2B 2B 2B 2B 2B 2B 2B 2B 2B 2B 
2026/Jun/23 07:20:11.473328 USER GSM_Functions.ttcn3:1355 L3_Port: TX CCCH 23 bytes
2026/Jun/23 07:20:11.473332 USER GSM_Functions.ttcn3:1355 L3_Port: Detected Paging Request -> Use PCH (5)
2026/Jun/23 07:20:11.473340 USER GSM_Functions.ttcn3:1355 L3_Port: Sent 39 bytes via GSMTAP (chan=5)
2026/Jun/23 07:20:11.473345 PORTEVENT GSM_Functions.ttcn3:1355 Sent on L to system octetstring : '310621000899100700000000102B2B2B2B2B2B2B2B2B2B'O
2026/Jun/23 07:20:11.473349 USER GSM_Functions.ttcn3:1355 L3_Port: TX OCTETSTRING 23 bytes
2026/Jun/23 07:20:11.473354 USER GSM_Functions.ttcn3:1355 L3_Port: Data: 31 06 21 00 08 99 10 07 00 00 00 00 10 2B 2B 2B 2B 2B 2B 2B 2B 2B 2B 
2026/Jun/23 07:20:11.473358 USER GSM_Functions.ttcn3:1355 L3_Port: TX CCCH 23 bytes
2026/Jun/23 07:20:11.473362 USER GSM_Functions.ttcn3:1355 L3_Port: Detected Paging Request -> Use PCH (5)
2026/Jun/23 07:20:11.473370 USER GSM_Functions.ttcn3:1355 L3_Port: Sent 39 bytes via GSMTAP (chan=5)
2026/Jun/23 07:20:11.473376 PORTEVENT GSM_Functions.ttcn3:1355 Sent on L to system octetstring : '310621000899100700000000102B2B2B2B2B2B2B2B2B2B'O
2026/Jun/23 07:20:11.473379 USER GSM_Functions.ttcn3:1355 L3_Port: TX OCTETSTRING 23 bytes
2026/Jun/23 07:20:11.473385 USER GSM_Functions.ttcn3:1355 L3_Port: Data: 31 06 21 00 08 99 10 07 00 00 00 00 10 2B 2B 2B 2B 2B 2B 2B 2B 2B 2B 
2026/Jun/23 07:20:11.473388 USER GSM_Functions.ttcn3:1355 L3_Port: TX CCCH 23 bytes
2026/Jun/23 07:20:11.473392 USER GSM_Functions.ttcn3:1355 L3_Port: Detected Paging Request -> Use PCH (5)
2026/Jun/23 07:20:11.473400 USER GSM_Functions.ttcn3:1355 L3_Port: Sent 39 bytes via GSMTAP (chan=5)
2026/Jun/23 07:20:11.473405 PORTEVENT GSM_Functions.ttcn3:1355 Sent on L to system octetstring : '310621000899100700000000102B2B2B2B2B2B2B2B2B2B'O
2026/Jun/23 07:20:11.473409 USER GSM_Functions.ttcn3:1355 L3_Port: TX OCTETSTRING 23 bytes
2026/Jun/23 07:20:11.473417 USER GSM_Functions.ttcn3:1355 L3_Port: Data: 31 06 21 00 08 99 10 07 00 00 00 00 10 2B 2B 2B 2B 2B 2B 2B 2B 2B 2B 
2026/Jun/23 07:20:11.473421 USER GSM_Functions.ttcn3:1355 L3_Port: TX CCCH 23 bytes
2026/Jun/23 07:20:11.473425 USER GSM_Functions.ttcn3:1355 L3_Port: Detected Paging Request -> Use PCH (5)
2026/Jun/23 07:20:11.473433 USER GSM_Functions.ttcn3:1355 L3_Port: Sent 39 bytes via GSMTAP (chan=5)
2026/Jun/23 07:20:11.473438 PORTEVENT GSM_Functions.ttcn3:1355 Sent on L to system octetstring : '310621000899100700000000102B2B2B2B2B2B2B2B2B2B'O
2026/Jun/23 07:20:11.473442 USER GSM_Functions.ttcn3:1355 L3_Port: TX OCTETSTRING 23 bytes
2026/Jun/23 07:20:11.473448 USER GSM_Functions.ttcn3:1355 L3_Port: Data: 31 06 21 00 08 99 10 07 00 00 00 00 10 2B 2B 2B 2B 2B 2B 2B 2B 2B 2B 
2026/Jun/23 07:20:11.473451 USER GSM_Functions.ttcn3:1355 L3_Port: TX CCCH 23 bytes
2026/Jun/23 07:20:11.473455 USER GSM_Functions.ttcn3:1355 L3_Port: Detected Paging Request -> Use PCH (5)
2026/Jun/23 07:20:11.473466 USER GSM_Functions.ttcn3:1355 L3_Port: Sent 39 bytes via GSMTAP (chan=5)
2026/Jun/23 07:20:11.473471 PORTEVENT GSM_Functions.ttcn3:1355 Sent on L to system octetstring : '310621000899100700000000102B2B2B2B2B2B2B2B2B2B'O
2026/Jun/23 07:20:11.473475 USER GSM_Functions.ttcn3:1355 L3_Port: TX OCTETSTRING 23 bytes
2026/Jun/23 07:20:11.473480 USER GSM_Functions.ttcn3:1355 L3_Port: Data: 31 06 21 00 08 99 10 07 00 00 00 00 10 2B 2B 2B 2B 2B 2B 2B 2B 2B 2B 
2026/Jun/23 07:20:11.473484 USER GSM_Functions.ttcn3:1355 L3_Port: TX CCCH 23 bytes
2026/Jun/23 07:20:11.473488 USER GSM_Functions.ttcn3:1355 L3_Port: Detected Paging Request -> Use PCH (5)
2026/Jun/23 07:20:11.473496 USER GSM_Functions.ttcn3:1355 L3_Port: Sent 39 bytes via GSMTAP (chan=5)
2026/Jun/23 07:20:11.473502 PORTEVENT GSM_Functions.ttcn3:1355 Sent on L to system octetstring : '310621000899100700000000102B2B2B2B2B2B2B2B2B2B'O
2026/Jun/23 07:20:11.473506 USER GSM_Functions.ttcn3:1355 L3_Port: TX OCTETSTRING 23 bytes
2026/Jun/23 07:20:11.473511 USER GSM_Functions.ttcn3:1355 L3_Port: Data: 31 06 21 00 08 99 10 07 00 00 00 00 10 2B 2B 2B 2B 2B 2B 2B 2B 2B 2B 
2026/Jun/23 07:20:11.473515 USER GSM_Functions.ttcn3:1355 L3_Port: TX CCCH 23 bytes
2026/Jun/23 07:20:11.473519 USER GSM_Functions.ttcn3:1355 L3_Port: Detected Paging Request -> Use PCH (5)
2026/Jun/23 07:20:11.473527 USER GSM_Functions.ttcn3:1355 L3_Port: Sent 39 bytes via GSMTAP (chan=5)
2026/Jun/23 07:20:11.473532 PORTEVENT GSM_Functions.ttcn3:1355 Sent on L to system octetstring : '310621000899100700000000102B2B2B2B2B2B2B2B2B2B'O
2026/Jun/23 07:20:11.473536 USER GSM_Functions.ttcn3:1355 L3_Port: TX OCTETSTRING 23 bytes
2026/Jun/23 07:20:11.473542 USER GSM_Functions.ttcn3:1355 L3_Port: Data: 31 06 21 00 08 99 10 07 00 00 00 00 10 2B 2B 2B 2B 2B 2B 2B 2B 2B 2B 
2026/Jun/23 07:20:11.473545 USER GSM_Functions.ttcn3:1355 L3_Port: TX CCCH 23 bytes
2026/Jun/23 07:20:11.473549 USER GSM_Functions.ttcn3:1355 L3_Port: Detected Paging Request -> Use PCH (5)
2026/Jun/23 07:20:11.473557 USER GSM_Functions.ttcn3:1355 L3_Port: Sent 39 bytes via GSMTAP (chan=5)
2026/Jun/23 07:20:11.473562 PORTEVENT GSM_Functions.ttcn3:1355 Sent on L to system octetstring : '310621000899100700000000102B2B2B2B2B2B2B2B2B2B'O
2026/Jun/23 07:20:11.473566 USER GSM_Functions.ttcn3:1355 L3_Port: TX OCTETSTRING 23 bytes
2026/Jun/23 07:20:11.473571 USER GSM_Functions.ttcn3:1355 L3_Port: Data: 31 06 21 00 08 99 10 07 00 00 00 00 10 2B 2B 2B 2B 2B 2B 2B 2B 2B 2B 
2026/Jun/23 07:20:11.473577 USER GSM_Functions.ttcn3:1355 L3_Port: TX CCCH 23 bytes
2026/Jun/23 07:20:11.473581 USER GSM_Functions.ttcn3:1355 L3_Port: Detected Paging Request -> Use PCH (5)
2026/Jun/23 07:20:11.473588 USER GSM_Functions.ttcn3:1355 L3_Port: Sent 39 bytes via GSMTAP (chan=5)
2026/Jun/23 07:20:11.473594 PORTEVENT GSM_Functions.ttcn3:1355 Sent on L to system octetstring : '310621000899100700000000102B2B2B2B2B2B2B2B2B2B'O
2026/Jun/23 07:20:11.473598 USER GSM_Functions.ttcn3:1355 L3_Port: TX OCTETSTRING 23 bytes
2026/Jun/23 07:20:11.473606 USER GSM_Functions.ttcn3:1355 L3_Port: Data: 31 06 21 00 08 99 10 07 00 00 00 00 10 2B 2B 2B 2B 2B 2B 2B 2B 2B 2B 
2026/Jun/23 07:20:11.473610 USER GSM_Functions.ttcn3:1355 L3_Port: TX CCCH 23 bytes
2026/Jun/23 07:20:11.473614 USER GSM_Functions.ttcn3:1355 L3_Port: Detected Paging Request -> Use PCH (5)
2026/Jun/23 07:20:11.473624 USER GSM_Functions.ttcn3:1355 L3_Port: Sent 39 bytes via GSMTAP (chan=5)
2026/Jun/23 07:20:11.473629 PORTEVENT GSM_Functions.ttcn3:1355 Sent on L to system octetstring : '310621000899100700000000102B2B2B2B2B2B2B2B2B2B'O
2026/Jun/23 07:20:11.473633 USER GSM_Functions.ttcn3:1355 L3_Port: TX OCTETSTRING 23 bytes
2026/Jun/23 07:20:11.473639 USER GSM_Functions.ttcn3:1355 L3_Port: Data: 31 06 21 00 08 99 10 07 00 00 00 00 10 2B 2B 2B 2B 2B 2B 2B 2B 2B 2B 
2026/Jun/23 07:20:11.473643 USER GSM_Functions.ttcn3:1355 L3_Port: TX CCCH 23 bytes
2026/Jun/23 07:20:11.473647 USER GSM_Functions.ttcn3:1355 L3_Port: Detected Paging Request -> Use PCH (5)
2026/Jun/23 07:20:11.473655 USER GSM_Functions.ttcn3:1355 L3_Port: Sent 39 bytes via GSMTAP (chan=5)
2026/Jun/23 07:20:11.473660 PORTEVENT GSM_Functions.ttcn3:1355 Sent on L to system octetstring : '310621000899100700000000102B2B2B2B2B2B2B2B2B2B'O
2026/Jun/23 07:20:11.473664 USER GSM_Functions.ttcn3:1355 L3_Port: TX OCTETSTRING 23 bytes
2026/Jun/23 07:20:11.473669 USER GSM_Functions.ttcn3:1355 L3_Port: Data: 31 06 21 00 08 99 10 07 00 00 00 00 10 2B 2B 2B 2B 2B 2B 2B 2B 2B 2B 
2026/Jun/23 07:20:11.473673 USER GSM_Functions.ttcn3:1355 L3_Port: TX CCCH 23 bytes
2026/Jun/23 07:20:11.473677 USER GSM_Functions.ttcn3:1355 L3_Port: Detected Paging Request -> Use PCH (5)
2026/Jun/23 07:20:11.473685 USER GSM_Functions.ttcn3:1355 L3_Port: Sent 39 bytes via GSMTAP (chan=5)
2026/Jun/23 07:20:11.473691 PORTEVENT GSM_Functions.ttcn3:1355 Sent on L to system octetstring : '310621000899100700000000102B2B2B2B2B2B2B2B2B2B'O
2026/Jun/23 07:20:11.473695 USER GSM_Functions.ttcn3:1355 L3_Port: TX OCTETSTRING 23 bytes
2026/Jun/23 07:20:11.473701 USER GSM_Functions.ttcn3:1355 L3_Port: Data: 31 06 21 00 08 99 10 07 00 00 00 00 10 2B 2B 2B 2B 2B 2B 2B 2B 2B 2B 
2026/Jun/23 07:20:11.473705 USER GSM_Functions.ttcn3:1355 L3_Port: TX CCCH 23 bytes
2026/Jun/23 07:20:11.473708 USER GSM_Functions.ttcn3:1355 L3_Port: Detected Paging Request -> Use PCH (5)
2026/Jun/23 07:20:11.473717 USER GSM_Functions.ttcn3:1355 L3_Port: Sent 39 bytes via GSMTAP (chan=5)
2026/Jun/23 07:20:11.473722 PORTEVENT GSM_Functions.ttcn3:1355 Sent on L to system octetstring : '310621000899100700000000102B2B2B2B2B2B2B2B2B2B'O
2026/Jun/23 07:20:11.473726 USER GSM_Functions.ttcn3:1355 L3_Port: TX OCTETSTRING 23 bytes
2026/Jun/23 07:20:11.473731 USER GSM_Functions.ttcn3:1355 L3_Port: Data: 31 06 21 00 08 99 10 07 00 00 00 00 10 2B 2B 2B 2B 2B 2B 2B 2B 2B 2B 
2026/Jun/23 07:20:11.473736 USER GSM_Functions.ttcn3:1355 L3_Port: TX CCCH 23 bytes
2026/Jun/23 07:20:11.473739 USER GSM_Functions.ttcn3:1355 L3_Port: Detected Paging Request -> Use PCH (5)
2026/Jun/23 07:20:11.473747 USER GSM_Functions.ttcn3:1355 L3_Port: Sent 39 bytes via GSMTAP (chan=5)
2026/Jun/23 07:20:11.473752 PORTEVENT GSM_Functions.ttcn3:1355 Sent on L to system octetstring : '310621000899100700000000102B2B2B2B2B2B2B2B2B2B'O
2026/Jun/23 07:20:11.473756 USER GSM_Functions.ttcn3:1355 L3_Port: TX OCTETSTRING 23 bytes
2026/Jun/23 07:20:11.473761 USER GSM_Functions.ttcn3:1355 L3_Port: Data: 31 06 21 00 08 99 10 07 00 00 00 00 10 2B 2B 2B 2B 2B 2B 2B 2B 2B 2B 
2026/Jun/23 07:20:11.473765 USER GSM_Functions.ttcn3:1355 L3_Port: TX CCCH 23 bytes
2026/Jun/23 07:20:11.473773 USER GSM_Functions.ttcn3:1355 L3_Port: Detected Paging Request -> Use PCH (5)
2026/Jun/23 07:20:11.473781 USER GSM_Functions.ttcn3:1355 L3_Port: Sent 39 bytes via GSMTAP (chan=5)
2026/Jun/23 07:20:11.473787 PORTEVENT GSM_Functions.ttcn3:1355 Sent on L to system octetstring : '310621000899100700000000102B2B2B2B2B2B2B2B2B2B'O
2026/Jun/23 07:20:11.473790 USER GSM_Functions.ttcn3:1355 L3_Port: TX OCTETSTRING 23 bytes
2026/Jun/23 07:20:11.473796 USER GSM_Functions.ttcn3:1355 L3_Port: Data: 31 06 21 00 08 99 10 07 00 00 00 00 10 2B 2B 2B 2B 2B 2B 2B 2B 2B 2B 
2026/Jun/23 07:20:11.473803 USER GSM_Functions.ttcn3:1355 L3_Port: TX CCCH 23 bytes
2026/Jun/23 07:20:11.473807 USER GSM_Functions.ttcn3:1355 L3_Port: Detected Paging Request -> Use PCH (5)
2026/Jun/23 07:20:11.473815 USER GSM_Functions.ttcn3:1355 L3_Port: Sent 39 bytes via GSMTAP (chan=5)
2026/Jun/23 07:20:11.473827 PORTEVENT GSM_Functions.ttcn3:1355 Sent on L to system octetstring : '310621000899100700000000102B2B2B2B2B2B2B2B2B2B'O
2026/Jun/23 07:20:11.473832 USER GSM_Functions.ttcn3:1355 L3_Port: TX OCTETSTRING 23 bytes
2026/Jun/23 07:20:11.473839 USER GSM_Functions.ttcn3:1355 L3_Port: Data: 31 06 21 00 08 99 10 07 00 00 00 00 10 2B 2B 2B 2B 2B 2B 2B 2B 2B 2B 
2026/Jun/23 07:20:11.473843 USER GSM_Functions.ttcn3:1355 L3_Port: TX CCCH 23 bytes
2026/Jun/23 07:20:11.473847 USER GSM_Functions.ttcn3:1355 L3_Port: Detected Paging Request -> Use PCH (5)
2026/Jun/23 07:20:11.473856 USER GSM_Functions.ttcn3:1355 L3_Port: Sent 39 bytes via GSMTAP (chan=5)
2026/Jun/23 07:20:11.473862 PORTEVENT GSM_Functions.ttcn3:1355 Sent on L to system octetstring : '310621000899100700000000102B2B2B2B2B2B2B2B2B2B'O
2026/Jun/23 07:20:11.473865 USER GSM_Functions.ttcn3:1355 L3_Port: TX OCTETSTRING 23 bytes
2026/Jun/23 07:20:11.473871 USER GSM_Functions.ttcn3:1355 L3_Port: Data: 31 06 21 00 08 99 10 07 00 00 00 00 10 2B 2B 2B 2B 2B 2B 2B 2B 2B 2B 
2026/Jun/23 07:20:11.473875 USER GSM_Functions.ttcn3:1355 L3_Port: TX CCCH 23 bytes
2026/Jun/23 07:20:11.473879 USER GSM_Functions.ttcn3:1355 L3_Port: Detected Paging Request -> Use PCH (5)
2026/Jun/23 07:20:11.473887 USER GSM_Functions.ttcn3:1355 L3_Port: Sent 39 bytes via GSMTAP (chan=5)
2026/Jun/23 07:20:11.473892 PORTEVENT GSM_Functions.ttcn3:1355 Sent on L to system octetstring : '310621000899100700000000102B2B2B2B2B2B2B2B2B2B'O
2026/Jun/23 07:20:11.473896 USER GSM_Functions.ttcn3:1355 L3_Port: TX OCTETSTRING 23 bytes
2026/Jun/23 07:20:11.473901 USER GSM_Functions.ttcn3:1355 L3_Port: Data: 31 06 21 00 08 99 10 07 00 00 00 00 10 2B 2B 2B 2B 2B 2B 2B 2B 2B 2B 
2026/Jun/23 07:20:11.473905 USER GSM_Functions.ttcn3:1355 L3_Port: TX CCCH 23 bytes
2026/Jun/23 07:20:11.473909 USER GSM_Functions.ttcn3:1355 L3_Port: Detected Paging Request -> Use PCH (5)
2026/Jun/23 07:20:11.473917 USER GSM_Functions.ttcn3:1355 L3_Port: Sent 39 bytes via GSMTAP (chan=5)
2026/Jun/23 07:20:11.473922 PORTEVENT GSM_Functions.ttcn3:1355 Sent on L to system octetstring : '310621000899100700000000102B2B2B2B2B2B2B2B2B2B'O
2026/Jun/23 07:20:11.473926 USER GSM_Functions.ttcn3:1355 L3_Port: TX OCTETSTRING 23 bytes
2026/Jun/23 07:20:11.473931 USER GSM_Functions.ttcn3:1355 L3_Port: Data: 31 06 21 00 08 99 10 07 00 00 00 00 10 2B 2B 2B 2B 2B 2B 2B 2B 2B 2B 
2026/Jun/23 07:20:11.473935 USER GSM_Functions.ttcn3:1355 L3_Port: TX CCCH 23 bytes
2026/Jun/23 07:20:11.473939 USER GSM_Functions.ttcn3:1355 L3_Port: Detected Paging Request -> Use PCH (5)
2026/Jun/23 07:20:11.473947 USER GSM_Functions.ttcn3:1355 L3_Port: Sent 39 bytes via GSMTAP (chan=5)
2026/Jun/23 07:20:11.473952 PORTEVENT GSM_Functions.ttcn3:1355 Sent on L to system octetstring : '310621000899100700000000102B2B2B2B2B2B2B2B2B2B'O
2026/Jun/23 07:20:11.473955 USER GSM_Functions.ttcn3:1355 L3_Port: TX OCTETSTRING 23 bytes
2026/Jun/23 07:20:11.473961 USER GSM_Functions.ttcn3:1355 L3_Port: Data: 31 06 21 00 08 99 10 07 00 00 00 00 10 2B 2B 2B 2B 2B 2B 2B 2B 2B 2B 
2026/Jun/23 07:20:11.473965 USER GSM_Functions.ttcn3:1355 L3_Port: TX CCCH 23 bytes
2026/Jun/23 07:20:11.473969 USER GSM_Functions.ttcn3:1355 L3_Port: Detected Paging Request -> Use PCH (5)
2026/Jun/23 07:20:11.473979 USER GSM_Functions.ttcn3:1355 L3_Port: Sent 39 bytes via GSMTAP (chan=5)
2026/Jun/23 07:20:11.473985 PORTEVENT GSM_Functions.ttcn3:1355 Sent on L to system octetstring : '310621000899100700000000102B2B2B2B2B2B2B2B2B2B'O
2026/Jun/23 07:20:11.473988 USER GSM_Functions.ttcn3:1355 L3_Port: TX OCTETSTRING 23 bytes
2026/Jun/23 07:20:11.473994 USER GSM_Functions.ttcn3:1355 L3_Port: Data: 31 06 21 00 08 99 10 07 00 00 00 00 10 2B 2B 2B 2B 2B 2B 2B 2B 2B 2B 
2026/Jun/23 07:20:11.474001 USER GSM_Functions.ttcn3:1355 L3_Port: TX CCCH 23 bytes
2026/Jun/23 07:20:11.474005 USER GSM_Functions.ttcn3:1355 L3_Port: Detected Paging Request -> Use PCH (5)
2026/Jun/23 07:20:11.474014 USER GSM_Functions.ttcn3:1355 L3_Port: Sent 39 bytes via GSMTAP (chan=5)
2026/Jun/23 07:20:11.474019 PORTEVENT GSM_Functions.ttcn3:1355 Sent on L to system octetstring : '310621000899100700000000102B2B2B2B2B2B2B2B2B2B'O
2026/Jun/23 07:20:11.474023 USER GSM_Functions.ttcn3:1355 L3_Port: TX OCTETSTRING 23 bytes
2026/Jun/23 07:20:11.474028 USER GSM_Functions.ttcn3:1355 L3_Port: Data: 31 06 21 00 08 99 10 07 00 00 00 00 10 2B 2B 2B 2B 2B 2B 2B 2B 2B 2B 
2026/Jun/23 07:20:11.474032 USER GSM_Functions.ttcn3:1355 L3_Port: TX CCCH 23 bytes
2026/Jun/23 07:20:11.474036 USER GSM_Functions.ttcn3:1355 L3_Port: Detected Paging Request -> Use PCH (5)
2026/Jun/23 07:20:11.474044 USER GSM_Functions.ttcn3:1355 L3_Port: Sent 39 bytes via GSMTAP (chan=5)
2026/Jun/23 07:20:11.474049 PORTEVENT GSM_Functions.ttcn3:1355 Sent on L to system octetstring : '310621000899100700000000102B2B2B2B2B2B2B2B2B2B'O
2026/Jun/23 07:20:11.474053 USER GSM_Functions.ttcn3:1355 L3_Port: TX OCTETSTRING 23 bytes
2026/Jun/23 07:20:11.474058 USER GSM_Functions.ttcn3:1355 L3_Port: Data: 31 06 21 00 08 99 10 07 00 00 00 00 10 2B 2B 2B 2B 2B 2B 2B 2B 2B 2B 
2026/Jun/23 07:20:11.474062 USER GSM_Functions.ttcn3:1355 L3_Port: TX CCCH 23 bytes
2026/Jun/23 07:20:11.474066 USER GSM_Functions.ttcn3:1355 L3_Port: Detected Paging Request -> Use PCH (5)
2026/Jun/23 07:20:11.474074 USER GSM_Functions.ttcn3:1355 L3_Port: Sent 39 bytes via GSMTAP (chan=5)
2026/Jun/23 07:20:11.474079 PORTEVENT GSM_Functions.ttcn3:1355 Sent on L to system octetstring : '310621000899100700000000102B2B2B2B2B2B2B2B2B2B'O
2026/Jun/23 07:20:11.474083 USER GSM_Functions.ttcn3:1355 L3_Port: TX OCTETSTRING 23 bytes
2026/Jun/23 07:20:11.474089 USER GSM_Functions.ttcn3:1355 L3_Port: Data: 31 06 21 00 08 99 10 07 00 00 00 00 10 2B 2B 2B 2B 2B 2B 2B 2B 2B 2B 
2026/Jun/23 07:20:11.474093 USER GSM_Functions.ttcn3:1355 L3_Port: TX CCCH 23 bytes
2026/Jun/23 07:20:11.474097 USER GSM_Functions.ttcn3:1355 L3_Port: Detected Paging Request -> Use PCH (5)
2026/Jun/23 07:20:11.474105 USER GSM_Functions.ttcn3:1355 L3_Port: Sent 39 bytes via GSMTAP (chan=5)
2026/Jun/23 07:20:11.474110 PORTEVENT GSM_Functions.ttcn3:1355 Sent on L to system octetstring : '310621000899100700000000102B2B2B2B2B2B2B2B2B2B'O
2026/Jun/23 07:20:11.474114 USER GSM_Functions.ttcn3:1355 L3_Port: TX OCTETSTRING 23 bytes
2026/Jun/23 07:20:11.474119 USER GSM_Functions.ttcn3:1355 L3_Port: Data: 31 06 21 00 08 99 10 07 00 00 00 00 10 2B 2B 2B 2B 2B 2B 2B 2B 2B 2B 
2026/Jun/23 07:20:11.474583 USER GSM_Functions.ttcn3:1355 L3_Port: TX CCCH 23 bytes
2026/Jun/23 07:20:11.474607 USER GSM_Functions.ttcn3:1355 L3_Port: Detected Paging Request -> Use PCH (5)
2026/Jun/23 07:20:11.474633 USER GSM_Functions.ttcn3:1355 L3_Port: Sent 39 bytes via GSMTAP (chan=5)
2026/Jun/23 07:20:11.474644 PORTEVENT GSM_Functions.ttcn3:1355 Sent on L to system octetstring : '310621000899100700000000102B2B2B2B2B2B2B2B2B2B'O
2026/Jun/23 07:20:11.474652 USER GSM_Functions.ttcn3:1355 L3_Port: TX OCTETSTRING 23 bytes
2026/Jun/23 07:20:11.474659 USER GSM_Functions.ttcn3:1355 L3_Port: Data: 31 06 21 00 08 99 10 07 00 00 00 00 10 2B 2B 2B 2B 2B 2B 2B 2B 2B 2B 
2026/Jun/23 07:20:11.474664 USER GSM_Functions.ttcn3:1355 L3_Port: TX CCCH 23 bytes
2026/Jun/23 07:20:11.474668 USER GSM_Functions.ttcn3:1355 L3_Port: Detected Paging Request -> Use PCH (5)
2026/Jun/23 07:20:11.474677 USER GSM_Functions.ttcn3:1355 L3_Port: Sent 39 bytes via GSMTAP (chan=5)
2026/Jun/23 07:20:11.474682 PORTEVENT GSM_Functions.ttcn3:1355 Sent on L to system octetstring : '310621000899100700000000102B2B2B2B2B2B2B2B2B2B'O
2026/Jun/23 07:20:11.474686 USER GSM_Functions.ttcn3:1355 L3_Port: TX OCTETSTRING 23 bytes
2026/Jun/23 07:20:11.474692 USER GSM_Functions.ttcn3:1355 L3_Port: Data: 31 06 21 00 08 99 10 07 00 00 00 00 10 2B 2B 2B 2B 2B 2B 2B 2B 2B 2B 
2026/Jun/23 07:20:11.474696 USER GSM_Functions.ttcn3:1355 L3_Port: TX CCCH 23 bytes
2026/Jun/23 07:20:11.474707 USER GSM_Functions.ttcn3:1355 L3_Port: Detected Paging Request -> Use PCH (5)
2026/Jun/23 07:20:11.474716 USER GSM_Functions.ttcn3:1355 L3_Port: Sent 39 bytes via GSMTAP (chan=5)
2026/Jun/23 07:20:11.474722 PORTEVENT GSM_Functions.ttcn3:1355 Sent on L to system octetstring : '310621000899100700000000102B2B2B2B2B2B2B2B2B2B'O
2026/Jun/23 07:20:11.474726 USER GSM_Functions.ttcn3:1355 L3_Port: TX OCTETSTRING 23 bytes
2026/Jun/23 07:20:11.474731 USER GSM_Functions.ttcn3:1355 L3_Port: Data: 31 06 21 00 08 99 10 07 00 00 00 00 10 2B 2B 2B 2B 2B 2B 2B 2B 2B 2B 
2026/Jun/23 07:20:11.474735 USER GSM_Functions.ttcn3:1355 L3_Port: TX CCCH 23 bytes
2026/Jun/23 07:20:11.474739 USER GSM_Functions.ttcn3:1355 L3_Port: Detected Paging Request -> Use PCH (5)
2026/Jun/23 07:20:11.474747 USER GSM_Functions.ttcn3:1355 L3_Port: Sent 39 bytes via GSMTAP (chan=5)
2026/Jun/23 07:20:11.474752 PORTEVENT GSM_Functions.ttcn3:1355 Sent on L to system octetstring : '310621000899100700000000102B2B2B2B2B2B2B2B2B2B'O
2026/Jun/23 07:20:11.474756 USER GSM_Functions.ttcn3:1355 L3_Port: TX OCTETSTRING 23 bytes
2026/Jun/23 07:20:11.474762 USER GSM_Functions.ttcn3:1355 L3_Port: Data: 31 06 21 00 08 99 10 07 00 00 00 00 10 2B 2B 2B 2B 2B 2B 2B 2B 2B 2B 
2026/Jun/23 07:20:11.474765 USER GSM_Functions.ttcn3:1355 L3_Port: TX CCCH 23 bytes
2026/Jun/23 07:20:11.474769 USER GSM_Functions.ttcn3:1355 L3_Port: Detected Paging Request -> Use PCH (5)
2026/Jun/23 07:20:11.474777 USER GSM_Functions.ttcn3:1355 L3_Port: Sent 39 bytes via GSMTAP (chan=5)
2026/Jun/23 07:20:11.474783 PORTEVENT GSM_Functions.ttcn3:1355 Sent on L to system octetstring : '310621000899100700000000102B2B2B2B2B2B2B2B2B2B'O
2026/Jun/23 07:20:11.474786 USER GSM_Functions.ttcn3:1355 L3_Port: TX OCTETSTRING 23 bytes
2026/Jun/23 07:20:11.474813 USER GSM_Functions.ttcn3:1355 L3_Port: Data: 31 06 21 00 08 99 10 07 00 00 00 00 10 2B 2B 2B 2B 2B 2B 2B 2B 2B 2B 
2026/Jun/23 07:20:11.474817 USER GSM_Functions.ttcn3:1355 L3_Port: TX CCCH 23 bytes
2026/Jun/23 07:20:11.474826 USER GSM_Functions.ttcn3:1355 L3_Port: Detected Paging Request -> Use PCH (5)
2026/Jun/23 07:20:11.474842 USER GSM_Functions.ttcn3:1355 L3_Port: Sent 39 bytes via GSMTAP (chan=5)
2026/Jun/23 07:20:11.474848 PORTEVENT GSM_Functions.ttcn3:1355 Sent on L to system octetstring : '310621000899100700000000102B2B2B2B2B2B2B2B2B2B'O
2026/Jun/23 07:20:11.474852 USER GSM_Functions.ttcn3:1355 L3_Port: TX OCTETSTRING 23 bytes
2026/Jun/23 07:20:11.474858 USER GSM_Functions.ttcn3:1355 L3_Port: Data: 31 06 21 00 08 99 10 07 00 00 00 00 10 2B 2B 2B 2B 2B 2B 2B 2B 2B 2B 
2026/Jun/23 07:20:11.474862 USER GSM_Functions.ttcn3:1355 L3_Port: TX CCCH 23 bytes
2026/Jun/23 07:20:11.474866 USER GSM_Functions.ttcn3:1355 L3_Port: Detected Paging Request -> Use PCH (5)
2026/Jun/23 07:20:11.474874 USER GSM_Functions.ttcn3:1355 L3_Port: Sent 39 bytes via GSMTAP (chan=5)
2026/Jun/23 07:20:11.474881 PORTEVENT GSM_Functions.ttcn3:1355 Sent on L to system octetstring : '310621000899100700000000102B2B2B2B2B2B2B2B2B2B'O
2026/Jun/23 07:20:11.474884 USER GSM_Functions.ttcn3:1355 L3_Port: TX OCTETSTRING 23 bytes
2026/Jun/23 07:20:11.474891 USER GSM_Functions.ttcn3:1355 L3_Port: Data: 31 06 21 00 08 99 10 07 00 00 00 00 10 2B 2B 2B 2B 2B 2B 2B 2B 2B 2B 
2026/Jun/23 07:20:11.474894 USER GSM_Functions.ttcn3:1355 L3_Port: TX CCCH 23 bytes
2026/Jun/23 07:20:11.474898 USER GSM_Functions.ttcn3:1355 L3_Port: Detected Paging Request -> Use PCH (5)
2026/Jun/23 07:20:11.474907 USER GSM_Functions.ttcn3:1355 L3_Port: Sent 39 bytes via GSMTAP (chan=5)
2026/Jun/23 07:20:11.474913 PORTEVENT GSM_Functions.ttcn3:1355 Sent on L to system octetstring : '310621000899100700000000102B2B2B2B2B2B2B2B2B2B'O
2026/Jun/23 07:20:11.474917 USER GSM_Functions.ttcn3:1355 L3_Port: TX OCTETSTRING 23 bytes
2026/Jun/23 07:20:11.474923 USER GSM_Functions.ttcn3:1355 L3_Port: Data: 31 06 21 00 08 99 10 07 00 00 00 00 10 2B 2B 2B 2B 2B 2B 2B 2B 2B 2B 
2026/Jun/23 07:20:11.474927 USER GSM_Functions.ttcn3:1355 L3_Port: TX CCCH 23 bytes
2026/Jun/23 07:20:11.474934 USER GSM_Functions.ttcn3:1355 L3_Port: Detected Paging Request -> Use PCH (5)
2026/Jun/23 07:20:11.474947 USER GSM_Functions.ttcn3:1355 L3_Port: Sent 39 bytes via GSMTAP (chan=5)
2026/Jun/23 07:20:11.474953 PORTEVENT GSM_Functions.ttcn3:1355 Sent on L to system octetstring : '310621000899100700000000102B2B2B2B2B2B2B2B2B2B'O
2026/Jun/23 07:20:11.474957 USER GSM_Functions.ttcn3:1355 L3_Port: TX OCTETSTRING 23 bytes
2026/Jun/23 07:20:11.474963 USER GSM_Functions.ttcn3:1355 L3_Port: Data: 31 06 21 00 08 99 10 07 00 00 00 00 10 2B 2B 2B 2B 2B 2B 2B 2B 2B 2B 
2026/Jun/23 07:20:11.474967 USER GSM_Functions.ttcn3:1355 L3_Port: TX CCCH 23 bytes
2026/Jun/23 07:20:11.474972 USER GSM_Functions.ttcn3:1355 L3_Port: Detected Paging Request -> Use PCH (5)
2026/Jun/23 07:20:11.474981 USER GSM_Functions.ttcn3:1355 L3_Port: Sent 39 bytes via GSMTAP (chan=5)
2026/Jun/23 07:20:11.474987 PORTEVENT GSM_Functions.ttcn3:1355 Sent on L to system octetstring : '310621000899100700000000102B2B2B2B2B2B2B2B2B2B'O
2026/Jun/23 07:20:11.474990 USER GSM_Functions.ttcn3:1355 L3_Port: TX OCTETSTRING 23 bytes
2026/Jun/23 07:20:11.474997 USER GSM_Functions.ttcn3:1355 L3_Port: Data: 31 06 21 00 08 99 10 07 00 00 00 00 10 2B 2B 2B 2B 2B 2B 2B 2B 2B 2B 
2026/Jun/23 07:20:11.475001 USER GSM_Functions.ttcn3:1355 L3_Port: TX CCCH 23 bytes
2026/Jun/23 07:20:11.475004 USER GSM_Functions.ttcn3:1355 L3_Port: Detected Paging Request -> Use PCH (5)
2026/Jun/23 07:20:11.475013 USER GSM_Functions.ttcn3:1355 L3_Port: Sent 39 bytes via GSMTAP (chan=5)
2026/Jun/23 07:20:11.475020 PORTEVENT GSM_Functions.ttcn3:1355 Sent on L to system octetstring : '310621000899100700000000102B2B2B2B2B2B2B2B2B2B'O
2026/Jun/23 07:20:11.475023 USER GSM_Functions.ttcn3:1355 L3_Port: TX OCTETSTRING 23 bytes
2026/Jun/23 07:20:11.475030 USER GSM_Functions.ttcn3:1355 L3_Port: Data: 31 06 21 00 08 99 10 07 00 00 00 00 10 2B 2B 2B 2B 2B 2B 2B 2B 2B 2B 
2026/Jun/23 07:20:11.475036 USER GSM_Functions.ttcn3:1355 L3_Port: TX CCCH 23 bytes
2026/Jun/23 07:20:11.475039 USER GSM_Functions.ttcn3:1355 L3_Port: Detected Paging Request -> Use PCH (5)
2026/Jun/23 07:20:11.475048 USER GSM_Functions.ttcn3:1355 L3_Port: Sent 39 bytes via GSMTAP (chan=5)
2026/Jun/23 07:20:11.475054 PORTEVENT GSM_Functions.ttcn3:1355 Sent on L to system octetstring : '310621000899100700000000102B2B2B2B2B2B2B2B2B2B'O
2026/Jun/23 07:20:11.475058 USER GSM_Functions.ttcn3:1355 L3_Port: TX OCTETSTRING 23 bytes
2026/Jun/23 07:20:11.475064 USER GSM_Functions.ttcn3:1355 L3_Port: Data: 31 06 21 00 08 99 10 07 00 00 00 00 10 2B 2B 2B 2B 2B 2B 2B 2B 2B 2B 
2026/Jun/23 07:20:11.475070 USER GSM_Functions.ttcn3:1355 L3_Port: TX CCCH 23 bytes
2026/Jun/23 07:20:11.475074 USER GSM_Functions.ttcn3:1355 L3_Port: Detected Paging Request -> Use PCH (5)
2026/Jun/23 07:20:11.475082 USER GSM_Functions.ttcn3:1355 L3_Port: Sent 39 bytes via GSMTAP (chan=5)
2026/Jun/23 07:20:11.475088 PORTEVENT GSM_Functions.ttcn3:1355 Sent on L to system octetstring : '310621000899100700000000102B2B2B2B2B2B2B2B2B2B'O
2026/Jun/23 07:20:11.475092 USER GSM_Functions.ttcn3:1355 L3_Port: TX OCTETSTRING 23 bytes
2026/Jun/23 07:20:11.475098 USER GSM_Functions.ttcn3:1355 L3_Port: Data: 31 06 21 00 08 99 10 07 00 00 00 00 10 2B 2B 2B 2B 2B 2B 2B 2B 2B 2B 
2026/Jun/23 07:20:11.475103 USER GSM_Functions.ttcn3:1355 L3_Port: TX CCCH 23 bytes
2026/Jun/23 07:20:11.475107 USER GSM_Functions.ttcn3:1355 L3_Port: Detected Paging Request -> Use PCH (5)
2026/Jun/23 07:20:11.475116 USER GSM_Functions.ttcn3:1355 L3_Port: Sent 39 bytes via GSMTAP (chan=5)
2026/Jun/23 07:20:11.475122 PORTEVENT GSM_Functions.ttcn3:1355 Sent on L to system octetstring : '310621000899100700000000102B2B2B2B2B2B2B2B2B2B'O
2026/Jun/23 07:20:11.475126 USER GSM_Functions.ttcn3:1355 L3_Port: TX OCTETSTRING 23 bytes
2026/Jun/23 07:20:11.475132 USER GSM_Functions.ttcn3:1355 L3_Port: Data: 31 06 21 00 08 99 10 07 00 00 00 00 10 2B 2B 2B 2B 2B 2B 2B 2B 2B 2B 
2026/Jun/23 07:20:11.475138 USER GSM_Functions.ttcn3:1355 L3_Port: TX CCCH 23 bytes
2026/Jun/23 07:20:11.475142 USER GSM_Functions.ttcn3:1355 L3_Port: Detected Paging Request -> Use PCH (5)
2026/Jun/23 07:20:11.475157 USER GSM_Functions.ttcn3:1355 L3_Port: Sent 39 bytes via GSMTAP (chan=5)
2026/Jun/23 07:20:11.475163 PORTEVENT GSM_Functions.ttcn3:1355 Sent on L to system octetstring : '310621000899100700000000102B2B2B2B2B2B2B2B2B2B'O
2026/Jun/23 07:20:11.475167 USER GSM_Functions.ttcn3:1355 L3_Port: TX OCTETSTRING 23 bytes
2026/Jun/23 07:20:11.475174 USER GSM_Functions.ttcn3:1355 L3_Port: Data: 31 06 21 00 08 99 10 07 00 00 00 00 10 2B 2B 2B 2B 2B 2B 2B 2B 2B 2B 
2026/Jun/23 07:20:11.475179 USER GSM_Functions.ttcn3:1355 L3_Port: TX CCCH 23 bytes
2026/Jun/23 07:20:11.475183 USER GSM_Functions.ttcn3:1355 L3_Port: Detected Paging Request -> Use PCH (5)
2026/Jun/23 07:20:11.475192 USER GSM_Functions.ttcn3:1355 L3_Port: Sent 39 bytes via GSMTAP (chan=5)
2026/Jun/23 07:20:11.475199 PORTEVENT GSM_Functions.ttcn3:1355 Sent on L to system octetstring : '310621000899100700000000102B2B2B2B2B2B2B2B2B2B'O
2026/Jun/23 07:20:11.475202 USER GSM_Functions.ttcn3:1355 L3_Port: TX OCTETSTRING 23 bytes
2026/Jun/23 07:20:11.475209 USER GSM_Functions.ttcn3:1355 L3_Port: Data: 31 06 21 00 08 99 10 07 00 00 00 00 10 2B 2B 2B 2B 2B 2B 2B 2B 2B 2B 
2026/Jun/23 07:20:11.475213 USER GSM_Functions.ttcn3:1355 L3_Port: TX CCCH 23 bytes
2026/Jun/23 07:20:11.475219 USER GSM_Functions.ttcn3:1355 L3_Port: Detected Paging Request -> Use PCH (5)
2026/Jun/23 07:20:11.475227 USER GSM_Functions.ttcn3:1355 L3_Port: Sent 39 bytes via GSMTAP (chan=5)
2026/Jun/23 07:20:11.475234 PORTEVENT GSM_Functions.ttcn3:1355 Sent on L to system octetstring : '310621000899100700000000102B2B2B2B2B2B2B2B2B2B'O
2026/Jun/23 07:20:11.475237 USER GSM_Functions.ttcn3:1355 L3_Port: TX OCTETSTRING 23 bytes
2026/Jun/23 07:20:11.475244 USER GSM_Functions.ttcn3:1355 L3_Port: Data: 31 06 21 00 08 99 10 07 00 00 00 00 10 2B 2B 2B 2B 2B 2B 2B 2B 2B 2B 
2026/Jun/23 07:20:11.475248 USER GSM_Functions.ttcn3:1355 L3_Port: TX CCCH 23 bytes
2026/Jun/23 07:20:11.475252 USER GSM_Functions.ttcn3:1355 L3_Port: Detected Paging Request -> Use PCH (5)
2026/Jun/23 07:20:11.475261 USER GSM_Functions.ttcn3:1355 L3_Port: Sent 39 bytes via GSMTAP (chan=5)
2026/Jun/23 07:20:11.475267 PORTEVENT GSM_Functions.ttcn3:1355 Sent on L to system octetstring : '310621000899100700000000102B2B2B2B2B2B2B2B2B2B'O
2026/Jun/23 07:20:11.475271 USER GSM_Functions.ttcn3:1355 L3_Port: TX OCTETSTRING 23 bytes
2026/Jun/23 07:20:11.475277 USER GSM_Functions.ttcn3:1355 L3_Port: Data: 31 06 21 00 08 99 10 07 00 00 00 00 10 2B 2B 2B 2B 2B 2B 2B 2B 2B 2B 
2026/Jun/23 07:20:11.475281 USER GSM_Functions.ttcn3:1355 L3_Port: TX CCCH 23 bytes
2026/Jun/23 07:20:11.475287 USER GSM_Functions.ttcn3:1355 L3_Port: Detected Paging Request -> Use PCH (5)
2026/Jun/23 07:20:11.475295 USER GSM_Functions.ttcn3:1355 L3_Port: Sent 39 bytes via GSMTAP (chan=5)
2026/Jun/23 07:20:11.475301 PORTEVENT GSM_Functions.ttcn3:1355 Sent on L to system octetstring : '310621000899100700000000102B2B2B2B2B2B2B2B2B2B'O
2026/Jun/23 07:20:11.475304 USER GSM_Functions.ttcn3:1355 L3_Port: TX OCTETSTRING 23 bytes
2026/Jun/23 07:20:11.475311 USER GSM_Functions.ttcn3:1355 L3_Port: Data: 31 06 21 00 08 99 10 07 00 00 00 00 10 2B 2B 2B 2B 2B 2B 2B 2B 2B 2B 
2026/Jun/23 07:20:11.475316 USER GSM_Functions.ttcn3:1355 L3_Port: TX CCCH 23 bytes
2026/Jun/23 07:20:11.475320 USER GSM_Functions.ttcn3:1355 L3_Port: Detected Paging Request -> Use PCH (5)
2026/Jun/23 07:20:11.475328 USER GSM_Functions.ttcn3:1355 L3_Port: Sent 39 bytes via GSMTAP (chan=5)
2026/Jun/23 07:20:11.475335 PORTEVENT GSM_Functions.ttcn3:1355 Sent on L to system octetstring : '310621000899100700000000102B2B2B2B2B2B2B2B2B2B'O
2026/Jun/23 07:20:11.475339 USER GSM_Functions.ttcn3:1355 L3_Port: TX OCTETSTRING 23 bytes
2026/Jun/23 07:20:11.475345 USER GSM_Functions.ttcn3:1355 L3_Port: Data: 31 06 21 00 08 99 10 07 00 00 00 00 10 2B 2B 2B 2B 2B 2B 2B 2B 2B 2B 
2026/Jun/23 07:20:11.475351 USER GSM_Functions.ttcn3:1355 L3_Port: TX CCCH 23 bytes
2026/Jun/23 07:20:11.475355 USER GSM_Functions.ttcn3:1355 L3_Port: Detected Paging Request -> Use PCH (5)
2026/Jun/23 07:20:11.475363 USER GSM_Functions.ttcn3:1355 L3_Port: Sent 39 bytes via GSMTAP (chan=5)
2026/Jun/23 07:20:11.475373 PORTEVENT GSM_Functions.ttcn3:1355 Sent on L to system octetstring : '310621000899100700000000102B2B2B2B2B2B2B2B2B2B'O
2026/Jun/23 07:20:11.475377 USER GSM_Functions.ttcn3:1355 L3_Port: TX OCTETSTRING 23 bytes
2026/Jun/23 07:20:11.475384 USER GSM_Functions.ttcn3:1355 L3_Port: Data: 31 06 21 00 08 99 10 07 00 00 00 00 10 2B 2B 2B 2B 2B 2B 2B 2B 2B 2B 
2026/Jun/23 07:20:11.475388 USER GSM_Functions.ttcn3:1355 L3_Port: TX CCCH 23 bytes
2026/Jun/23 07:20:11.475393 USER GSM_Functions.ttcn3:1355 L3_Port: Detected Paging Request -> Use PCH (5)
2026/Jun/23 07:20:11.475403 USER GSM_Functions.ttcn3:1355 L3_Port: Sent 39 bytes via GSMTAP (chan=5)
2026/Jun/23 07:20:11.475410 PORTEVENT GSM_Functions.ttcn3:1355 Sent on L to system octetstring : '310621000899100700000000102B2B2B2B2B2B2B2B2B2B'O
2026/Jun/23 07:20:11.475413 USER GSM_Functions.ttcn3:1355 L3_Port: TX OCTETSTRING 23 bytes
2026/Jun/23 07:20:11.475420 USER GSM_Functions.ttcn3:1355 L3_Port: Data: 31 06 21 00 08 99 10 07 00 00 00 00 10 2B 2B 2B 2B 2B 2B 2B 2B 2B 2B 
2026/Jun/23 07:20:11.475424 USER GSM_Functions.ttcn3:1355 L3_Port: TX CCCH 23 bytes
2026/Jun/23 07:20:11.475429 USER GSM_Functions.ttcn3:1355 L3_Port: Detected Paging Request -> Use PCH (5)
2026/Jun/23 07:20:11.475438 USER GSM_Functions.ttcn3:1355 L3_Port: Sent 39 bytes via GSMTAP (chan=5)
2026/Jun/23 07:20:11.475444 PORTEVENT GSM_Functions.ttcn3:1355 Sent on L to system octetstring : '310621000899100700000000102B2B2B2B2B2B2B2B2B2B'O
2026/Jun/23 07:20:11.475448 USER GSM_Functions.ttcn3:1355 L3_Port: TX OCTETSTRING 23 bytes
2026/Jun/23 07:20:11.475454 USER GSM_Functions.ttcn3:1355 L3_Port: Data: 31 06 21 00 08 99 10 07 00 00 00 00 10 2B 2B 2B 2B 2B 2B 2B 2B 2B 2B 
2026/Jun/23 07:20:11.475460 USER GSM_Functions.ttcn3:1355 L3_Port: TX CCCH 23 bytes
2026/Jun/23 07:20:11.475464 USER GSM_Functions.ttcn3:1355 L3_Port: Detected Paging Request -> Use PCH (5)
2026/Jun/23 07:20:11.475472 USER GSM_Functions.ttcn3:1355 L3_Port: Sent 39 bytes via GSMTAP (chan=5)
2026/Jun/23 07:20:11.475479 PORTEVENT GSM_Functions.ttcn3:1355 Sent on L to system octetstring : '310621000899100700000000102B2B2B2B2B2B2B2B2B2B'O
2026/Jun/23 07:20:11.475483 USER GSM_Functions.ttcn3:1355 L3_Port: TX OCTETSTRING 23 bytes
2026/Jun/23 07:20:11.475489 USER GSM_Functions.ttcn3:1355 L3_Port: Data: 31 06 21 00 08 99 10 07 00 00 00 00 10 2B 2B 2B 2B 2B 2B 2B 2B 2B 2B 
2026/Jun/23 07:20:11.475494 USER GSM_Functions.ttcn3:1355 L3_Port: TX CCCH 23 bytes
2026/Jun/23 07:20:11.475498 USER GSM_Functions.ttcn3:1355 L3_Port: Detected Paging Request -> Use PCH (5)
2026/Jun/23 07:20:11.475507 USER GSM_Functions.ttcn3:1355 L3_Port: Sent 39 bytes via GSMTAP (chan=5)
2026/Jun/23 07:20:11.475513 PORTEVENT GSM_Functions.ttcn3:1355 Sent on L to system octetstring : '310621000899100700000000102B2B2B2B2B2B2B2B2B2B'O
2026/Jun/23 07:20:11.475516 USER GSM_Functions.ttcn3:1355 L3_Port: TX OCTETSTRING 23 bytes
2026/Jun/23 07:20:11.475523 USER GSM_Functions.ttcn3:1355 L3_Port: Data: 31 06 21 00 08 99 10 07 00 00 00 00 10 2B 2B 2B 2B 2B 2B 2B 2B 2B 2B 
2026/Jun/23 07:20:11.475528 USER GSM_Functions.ttcn3:1355 L3_Port: TX CCCH 23 bytes
2026/Jun/23 07:20:11.475532 USER GSM_Functions.ttcn3:1355 L3_Port: Detected Paging Request -> Use PCH (5)
2026/Jun/23 07:20:11.475540 USER GSM_Functions.ttcn3:1355 L3_Port: Sent 39 bytes via GSMTAP (chan=5)
2026/Jun/23 07:20:11.475547 PORTEVENT GSM_Functions.ttcn3:1355 Sent on L to system octetstring : '310621000899100700000000102B2B2B2B2B2B2B2B2B2B'O
2026/Jun/23 07:20:11.475551 USER GSM_Functions.ttcn3:1355 L3_Port: TX OCTETSTRING 23 bytes
2026/Jun/23 07:20:11.475558 USER GSM_Functions.ttcn3:1355 L3_Port: Data: 31 06 21 00 08 99 10 07 00 00 00 00 10 2B 2B 2B 2B 2B 2B 2B 2B 2B 2B 
2026/Jun/23 07:20:11.475562 USER GSM_Functions.ttcn3:1355 L3_Port: TX CCCH 23 bytes
2026/Jun/23 07:20:11.475567 USER GSM_Functions.ttcn3:1355 L3_Port: Detected Paging Request -> Use PCH (5)
2026/Jun/23 07:20:11.475575 USER GSM_Functions.ttcn3:1355 L3_Port: Sent 39 bytes via GSMTAP (chan=5)
2026/Jun/23 07:20:11.475582 PORTEVENT GSM_Functions.ttcn3:1355 Sent on L to system octetstring : '310621000899100700000000102B2B2B2B2B2B2B2B2B2B'O
2026/Jun/23 07:20:11.475589 USER GSM_Functions.ttcn3:1355 L3_Port: TX OCTETSTRING 23 bytes
2026/Jun/23 07:20:11.475595 USER GSM_Functions.ttcn3:1355 L3_Port: Data: 31 06 21 00 08 99 10 07 00 00 00 00 10 2B 2B 2B 2B 2B 2B 2B 2B 2B 2B 
2026/Jun/23 07:20:11.475599 USER GSM_Functions.ttcn3:1355 L3_Port: TX CCCH 23 bytes
2026/Jun/23 07:20:11.475605 USER GSM_Functions.ttcn3:1355 L3_Port: Detected Paging Request -> Use PCH (5)
2026/Jun/23 07:20:11.475615 USER GSM_Functions.ttcn3:1355 L3_Port: Sent 39 bytes via GSMTAP (chan=5)
2026/Jun/23 07:20:11.475622 PORTEVENT GSM_Functions.ttcn3:1355 Sent on L to system octetstring : '310621000899100700000000102B2B2B2B2B2B2B2B2B2B'O
2026/Jun/23 07:20:11.475626 USER GSM_Functions.ttcn3:1355 L3_Port: TX OCTETSTRING 23 bytes
2026/Jun/23 07:20:11.475632 USER GSM_Functions.ttcn3:1355 L3_Port: Data: 31 06 21 00 08 99 10 07 00 00 00 00 10 2B 2B 2B 2B 2B 2B 2B 2B 2B 2B 
2026/Jun/23 07:20:11.475638 USER GSM_Functions.ttcn3:1355 L3_Port: TX CCCH 23 bytes
2026/Jun/23 07:20:11.475642 USER GSM_Functions.ttcn3:1355 L3_Port: Detected Paging Request -> Use PCH (5)
2026/Jun/23 07:20:11.475651 USER GSM_Functions.ttcn3:1355 L3_Port: Sent 39 bytes via GSMTAP (chan=5)
2026/Jun/23 07:20:11.475658 PORTEVENT GSM_Functions.ttcn3:1355 Sent on L to system octetstring : '310621000899100700000000102B2B2B2B2B2B2B2B2B2B'O
2026/Jun/23 07:20:11.475662 USER GSM_Functions.ttcn3:1355 L3_Port: TX OCTETSTRING 23 bytes
2026/Jun/23 07:20:11.475668 USER GSM_Functions.ttcn3:1355 L3_Port: Data: 31 06 21 00 08 99 10 07 00 00 00 00 10 2B 2B 2B 2B 2B 2B 2B 2B 2B 2B 
2026/Jun/23 07:20:11.475673 USER GSM_Functions.ttcn3:1355 L3_Port: TX CCCH 23 bytes
2026/Jun/23 07:20:11.475678 USER GSM_Functions.ttcn3:1355 L3_Port: Detected Paging Request -> Use PCH (5)
2026/Jun/23 07:20:11.475686 USER GSM_Functions.ttcn3:1355 L3_Port: Sent 39 bytes via GSMTAP (chan=5)
2026/Jun/23 07:20:11.475694 PORTEVENT GSM_Functions.ttcn3:1355 Sent on L to system octetstring : '310621000899100700000000102B2B2B2B2B2B2B2B2B2B'O
2026/Jun/23 07:20:11.475697 USER GSM_Functions.ttcn3:1355 L3_Port: TX OCTETSTRING 23 bytes
2026/Jun/23 07:20:11.475703 USER GSM_Functions.ttcn3:1355 L3_Port: Data: 31 06 21 00 08 99 10 07 00 00 00 00 10 2B 2B 2B 2B 2B 2B 2B 2B 2B 2B 
2026/Jun/23 07:20:11.475707 USER GSM_Functions.ttcn3:1355 L3_Port: TX CCCH 23 bytes
2026/Jun/23 07:20:11.475717 USER GSM_Functions.ttcn3:1355 L3_Port: Detected Paging Request -> Use PCH (5)
2026/Jun/23 07:20:11.475726 USER GSM_Functions.ttcn3:1355 L3_Port: Sent 39 bytes via GSMTAP (chan=5)
2026/Jun/23 07:20:11.475733 PORTEVENT GSM_Functions.ttcn3:1355 Sent on L to system octetstring : '310621000899100700000000102B2B2B2B2B2B2B2B2B2B'O
2026/Jun/23 07:20:11.475737 USER GSM_Functions.ttcn3:1355 L3_Port: TX OCTETSTRING 23 bytes
2026/Jun/23 07:20:11.475742 USER GSM_Functions.ttcn3:1355 L3_Port: Data: 31 06 21 00 08 99 10 07 00 00 00 00 10 2B 2B 2B 2B 2B 2B 2B 2B 2B 2B 
2026/Jun/23 07:20:11.475750 USER GSM_Functions.ttcn3:1355 L3_Port: TX CCCH 23 bytes
2026/Jun/23 07:20:11.475753 USER GSM_Functions.ttcn3:1355 L3_Port: Detected Paging Request -> Use PCH (5)
2026/Jun/23 07:20:11.475763 USER GSM_Functions.ttcn3:1355 L3_Port: Sent 39 bytes via GSMTAP (chan=5)
2026/Jun/23 07:20:11.475770 PORTEVENT GSM_Functions.ttcn3:1355 Sent on L to system octetstring : '310621000899100700000000102B2B2B2B2B2B2B2B2B2B'O
2026/Jun/23 07:20:11.475774 USER GSM_Functions.ttcn3:1355 L3_Port: TX OCTETSTRING 23 bytes
2026/Jun/23 07:20:11.475780 USER GSM_Functions.ttcn3:1355 L3_Port: Data: 31 06 21 00 08 99 10 07 00 00 00 00 10 2B 2B 2B 2B 2B 2B 2B 2B 2B 2B 
2026/Jun/23 07:20:11.475784 USER GSM_Functions.ttcn3:1355 L3_Port: TX CCCH 23 bytes
2026/Jun/23 07:20:11.475788 USER GSM_Functions.ttcn3:1355 L3_Port: Detected Paging Request -> Use PCH (5)
2026/Jun/23 07:20:11.475799 USER GSM_Functions.ttcn3:1355 L3_Port: Sent 39 bytes via GSMTAP (chan=5)
2026/Jun/23 07:20:11.475807 PORTEVENT GSM_Functions.ttcn3:1355 Sent on L to system octetstring : '310621000899100700000000102B2B2B2B2B2B2B2B2B2B'O
2026/Jun/23 07:20:11.475813 USER GSM_Functions.ttcn3:1355 L3_Port: TX OCTETSTRING 23 bytes
2026/Jun/23 07:20:11.475828 USER GSM_Functions.ttcn3:1355 L3_Port: Data: 31 06 21 00 08 99 10 07 00 00 00 00 10 2B 2B 2B 2B 2B 2B 2B 2B 2B 2B 
2026/Jun/23 07:20:11.475835 USER GSM_Functions.ttcn3:1355 L3_Port: TX CCCH 23 bytes
2026/Jun/23 07:20:11.475838 USER GSM_Functions.ttcn3:1355 L3_Port: Detected Paging Request -> Use PCH (5)
2026/Jun/23 07:20:11.475848 USER GSM_Functions.ttcn3:1355 L3_Port: Sent 39 bytes via GSMTAP (chan=5)
2026/Jun/23 07:20:11.475856 PORTEVENT GSM_Functions.ttcn3:1355 Sent on L to system octetstring : '310621000899100700000000102B2B2B2B2B2B2B2B2B2B'O
2026/Jun/23 07:20:11.475861 USER GSM_Functions.ttcn3:1355 L3_Port: TX OCTETSTRING 23 bytes
2026/Jun/23 07:20:11.475867 USER GSM_Functions.ttcn3:1355 L3_Port: Data: 31 06 21 00 08 99 10 07 00 00 00 00 10 2B 2B 2B 2B 2B 2B 2B 2B 2B 2B 
2026/Jun/23 07:20:11.475871 USER GSM_Functions.ttcn3:1355 L3_Port: TX CCCH 23 bytes
2026/Jun/23 07:20:11.475875 USER GSM_Functions.ttcn3:1355 L3_Port: Detected Paging Request -> Use PCH (5)
2026/Jun/23 07:20:11.475884 USER GSM_Functions.ttcn3:1355 L3_Port: Sent 39 bytes via GSMTAP (chan=5)
2026/Jun/23 07:20:11.475890 PORTEVENT GSM_Functions.ttcn3:1355 Sent on L to system octetstring : '310621000899100700000000102B2B2B2B2B2B2B2B2B2B'O
2026/Jun/23 07:20:11.475894 USER GSM_Functions.ttcn3:1355 L3_Port: TX OCTETSTRING 23 bytes
2026/Jun/23 07:20:11.475900 USER GSM_Functions.ttcn3:1355 L3_Port: Data: 31 06 21 00 08 99 10 07 00 00 00 00 10 2B 2B 2B 2B 2B 2B 2B 2B 2B 2B 
2026/Jun/23 07:20:11.475906 USER GSM_Functions.ttcn3:1355 L3_Port: TX CCCH 23 bytes
2026/Jun/23 07:20:11.475910 USER GSM_Functions.ttcn3:1355 L3_Port: Detected Paging Request -> Use PCH (5)
2026/Jun/23 07:20:11.475920 USER GSM_Functions.ttcn3:1355 L3_Port: Sent 39 bytes via GSMTAP (chan=5)
2026/Jun/23 07:20:11.475927 PORTEVENT GSM_Functions.ttcn3:1355 Sent on L to system octetstring : '310621000899100700000000102B2B2B2B2B2B2B2B2B2B'O
2026/Jun/23 07:20:11.475931 USER GSM_Functions.ttcn3:1355 L3_Port: TX OCTETSTRING 23 bytes
2026/Jun/23 07:20:11.475937 USER GSM_Functions.ttcn3:1355 L3_Port: Data: 31 06 21 00 08 99 10 07 00 00 00 00 10 2B 2B 2B 2B 2B 2B 2B 2B 2B 2B 
2026/Jun/23 07:20:11.475943 USER GSM_Functions.ttcn3:1355 L3_Port: TX CCCH 23 bytes
2026/Jun/23 07:20:11.475947 USER GSM_Functions.ttcn3:1355 L3_Port: Detected Paging Request -> Use PCH (5)
2026/Jun/23 07:20:11.475955 USER GSM_Functions.ttcn3:1355 L3_Port: Sent 39 bytes via GSMTAP (chan=5)
2026/Jun/23 07:20:11.475962 PORTEVENT GSM_Functions.ttcn3:1355 Sent on L to system octetstring : '310621000899100700000000102B2B2B2B2B2B2B2B2B2B'O
2026/Jun/23 07:20:11.475965 USER GSM_Functions.ttcn3:1355 L3_Port: TX OCTETSTRING 23 bytes
2026/Jun/23 07:20:11.475972 USER GSM_Functions.ttcn3:1355 L3_Port: Data: 31 06 21 00 08 99 10 07 00 00 00 00 10 2B 2B 2B 2B 2B 2B 2B 2B 2B 2B 
2026/Jun/23 07:20:11.475976 USER GSM_Functions.ttcn3:1355 L3_Port: TX CCCH 23 bytes
2026/Jun/23 07:20:11.475981 USER GSM_Functions.ttcn3:1355 L3_Port: Detected Paging Request -> Use PCH (5)
2026/Jun/23 07:20:11.475990 USER GSM_Functions.ttcn3:1355 L3_Port: Sent 39 bytes via GSMTAP (chan=5)
2026/Jun/23 07:20:11.475996 PORTEVENT GSM_Functions.ttcn3:1355 Sent on L to system octetstring : '310621000899100700000000102B2B2B2B2B2B2B2B2B2B'O
2026/Jun/23 07:20:11.476000 USER GSM_Functions.ttcn3:1355 L3_Port: TX OCTETSTRING 23 bytes
2026/Jun/23 07:20:11.476006 USER GSM_Functions.ttcn3:1355 L3_Port: Data: 31 06 21 00 08 99 10 07 00 00 00 00 10 2B 2B 2B 2B 2B 2B 2B 2B 2B 2B 
2026/Jun/23 07:20:11.476010 USER GSM_Functions.ttcn3:1355 L3_Port: TX CCCH 23 bytes
2026/Jun/23 07:20:11.476015 USER GSM_Functions.ttcn3:1355 L3_Port: Detected Paging Request -> Use PCH (5)
2026/Jun/23 07:20:11.476025 USER GSM_Functions.ttcn3:1355 L3_Port: Sent 39 bytes via GSMTAP (chan=5)
2026/Jun/23 07:20:11.476032 PORTEVENT GSM_Functions.ttcn3:1355 Sent on L to system octetstring : '310621000899100700000000102B2B2B2B2B2B2B2B2B2B'O
2026/Jun/23 07:20:11.476038 USER GSM_Functions.ttcn3:1355 L3_Port: TX OCTETSTRING 23 bytes
2026/Jun/23 07:20:11.476045 USER GSM_Functions.ttcn3:1355 L3_Port: Data: 31 06 21 00 08 99 10 07 00 00 00 00 10 2B 2B 2B 2B 2B 2B 2B 2B 2B 2B 
2026/Jun/23 07:20:11.476050 USER GSM_Functions.ttcn3:1355 L3_Port: TX CCCH 23 bytes
2026/Jun/23 07:20:11.476053 USER GSM_Functions.ttcn3:1355 L3_Port: Detected Paging Request -> Use PCH (5)
2026/Jun/23 07:20:11.476063 USER GSM_Functions.ttcn3:1355 L3_Port: Sent 39 bytes via GSMTAP (chan=5)
2026/Jun/23 07:20:11.476069 PORTEVENT GSM_Functions.ttcn3:1355 Sent on L to system octetstring : '310621000899100700000000102B2B2B2B2B2B2B2B2B2B'O
2026/Jun/23 07:20:11.476074 USER GSM_Functions.ttcn3:1355 L3_Port: TX OCTETSTRING 23 bytes
2026/Jun/23 07:20:11.476080 USER GSM_Functions.ttcn3:1355 L3_Port: Data: 31 06 21 00 08 99 10 07 00 00 00 00 10 2B 2B 2B 2B 2B 2B 2B 2B 2B 2B 
2026/Jun/23 07:20:11.476085 USER GSM_Functions.ttcn3:1355 L3_Port: TX CCCH 23 bytes
2026/Jun/23 07:20:11.476089 USER GSM_Functions.ttcn3:1355 L3_Port: Detected Paging Request -> Use PCH (5)
2026/Jun/23 07:20:11.476098 USER GSM_Functions.ttcn3:1355 L3_Port: Sent 39 bytes via GSMTAP (chan=5)
2026/Jun/23 07:20:11.476105 PORTEVENT GSM_Functions.ttcn3:1355 Sent on L to system octetstring : '310621000899100700000000102B2B2B2B2B2B2B2B2B2B'O
2026/Jun/23 07:20:11.476109 USER GSM_Functions.ttcn3:1355 L3_Port: TX OCTETSTRING 23 bytes
2026/Jun/23 07:20:11.476115 USER GSM_Functions.ttcn3:1355 L3_Port: Data: 31 06 21 00 08 99 10 07 00 00 00 00 10 2B 2B 2B 2B 2B 2B 2B 2B 2B 2B 
2026/Jun/23 07:20:11.476119 USER GSM_Functions.ttcn3:1355 L3_Port: TX CCCH 23 bytes
2026/Jun/23 07:20:11.476125 USER GSM_Functions.ttcn3:1355 L3_Port: Detected Paging Request -> Use PCH (5)
2026/Jun/23 07:20:11.476134 USER GSM_Functions.ttcn3:1355 L3_Port: Sent 39 bytes via GSMTAP (chan=5)
2026/Jun/23 07:20:11.476140 PORTEVENT GSM_Functions.ttcn3:1355 Sent on L to system octetstring : '310621000899100700000000102B2B2B2B2B2B2B2B2B2B'O
2026/Jun/23 07:20:11.476144 USER GSM_Functions.ttcn3:1355 L3_Port: TX OCTETSTRING 23 bytes
2026/Jun/23 07:20:11.476150 USER GSM_Functions.ttcn3:1355 L3_Port: Data: 31 06 21 00 08 99 10 07 00 00 00 00 10 2B 2B 2B 2B 2B 2B 2B 2B 2B 2B 
2026/Jun/23 07:20:11.476155 USER GSM_Functions.ttcn3:1355 L3_Port: TX CCCH 23 bytes
2026/Jun/23 07:20:11.476159 USER GSM_Functions.ttcn3:1355 L3_Port: Detected Paging Request -> Use PCH (5)
2026/Jun/23 07:20:11.476168 USER GSM_Functions.ttcn3:1355 L3_Port: Sent 39 bytes via GSMTAP (chan=5)
2026/Jun/23 07:20:11.476174 PORTEVENT GSM_Functions.ttcn3:1355 Sent on L to system octetstring : '310621000899100700000000102B2B2B2B2B2B2B2B2B2B'O
2026/Jun/23 07:20:11.476178 USER GSM_Functions.ttcn3:1355 L3_Port: TX OCTETSTRING 23 bytes
2026/Jun/23 07:20:11.476184 USER GSM_Functions.ttcn3:1355 L3_Port: Data: 31 06 21 00 08 99 10 07 00 00 00 00 10 2B 2B 2B 2B 2B 2B 2B 2B 2B 2B 
2026/Jun/23 07:20:11.476190 USER GSM_Functions.ttcn3:1355 L3_Port: TX CCCH 23 bytes
2026/Jun/23 07:20:11.476194 USER GSM_Functions.ttcn3:1355 L3_Port: Detected Paging Request -> Use PCH (5)
2026/Jun/23 07:20:11.476202 USER GSM_Functions.ttcn3:1355 L3_Port: Sent 39 bytes via GSMTAP (chan=5)
2026/Jun/23 07:20:11.476209 PORTEVENT GSM_Functions.ttcn3:1355 Sent on L to system octetstring : '310621000899100700000000102B2B2B2B2B2B2B2B2B2B'O
2026/Jun/23 07:20:11.476212 USER GSM_Functions.ttcn3:1355 L3_Port: TX OCTETSTRING 23 bytes
2026/Jun/23 07:20:11.476218 USER GSM_Functions.ttcn3:1355 L3_Port: Data: 31 06 21 00 08 99 10 07 00 00 00 00 10 2B 2B 2B 2B 2B 2B 2B 2B 2B 2B 
2026/Jun/23 07:20:11.476224 USER GSM_Functions.ttcn3:1355 L3_Port: TX CCCH 23 bytes
2026/Jun/23 07:20:11.476228 USER GSM_Functions.ttcn3:1355 L3_Port: Detected Paging Request -> Use PCH (5)
2026/Jun/23 07:20:11.476236 USER GSM_Functions.ttcn3:1355 L3_Port: Sent 39 bytes via GSMTAP (chan=5)
2026/Jun/23 07:20:11.476242 PORTEVENT GSM_Functions.ttcn3:1355 Sent on L to system octetstring : '310621000899100700000000102B2B2B2B2B2B2B2B2B2B'O
2026/Jun/23 07:20:11.476246 USER GSM_Functions.ttcn3:1355 L3_Port: TX OCTETSTRING 23 bytes
2026/Jun/23 07:20:11.476256 USER GSM_Functions.ttcn3:1355 L3_Port: Data: 31 06 21 00 08 99 10 07 00 00 00 00 10 2B 2B 2B 2B 2B 2B 2B 2B 2B 2B 
2026/Jun/23 07:20:11.476260 USER GSM_Functions.ttcn3:1355 L3_Port: TX CCCH 23 bytes
2026/Jun/23 07:20:11.476265 USER GSM_Functions.ttcn3:1355 L3_Port: Detected Paging Request -> Use PCH (5)
2026/Jun/23 07:20:11.476273 USER GSM_Functions.ttcn3:1355 L3_Port: Sent 39 bytes via GSMTAP (chan=5)
2026/Jun/23 07:20:11.476279 PORTEVENT GSM_Functions.ttcn3:1355 Sent on L to system octetstring : '310621000899100700000000102B2B2B2B2B2B2B2B2B2B'O
2026/Jun/23 07:20:11.476283 USER GSM_Functions.ttcn3:1355 L3_Port: TX OCTETSTRING 23 bytes
2026/Jun/23 07:20:11.476290 USER GSM_Functions.ttcn3:1355 L3_Port: Data: 31 06 21 00 08 99 10 07 00 00 00 00 10 2B 2B 2B 2B 2B 2B 2B 2B 2B 2B 
2026/Jun/23 07:20:11.476294 USER GSM_Functions.ttcn3:1355 L3_Port: TX CCCH 23 bytes
2026/Jun/23 07:20:11.476300 USER GSM_Functions.ttcn3:1355 L3_Port: Detected Paging Request -> Use PCH (5)
2026/Jun/23 07:20:11.476308 USER GSM_Functions.ttcn3:1355 L3_Port: Sent 39 bytes via GSMTAP (chan=5)
2026/Jun/23 07:20:11.476315 PORTEVENT GSM_Functions.ttcn3:1355 Sent on L to system octetstring : '310621000899100700000000102B2B2B2B2B2B2B2B2B2B'O
2026/Jun/23 07:20:11.476318 USER GSM_Functions.ttcn3:1355 L3_Port: TX OCTETSTRING 23 bytes
2026/Jun/23 07:20:11.476325 USER GSM_Functions.ttcn3:1355 L3_Port: Data: 31 06 21 00 08 99 10 07 00 00 00 00 10 2B 2B 2B 2B 2B 2B 2B 2B 2B 2B 
2026/Jun/23 07:20:11.476329 USER GSM_Functions.ttcn3:1355 L3_Port: TX CCCH 23 bytes
2026/Jun/23 07:20:11.476333 USER GSM_Functions.ttcn3:1355 L3_Port: Detected Paging Request -> Use PCH (5)
2026/Jun/23 07:20:11.476343 USER GSM_Functions.ttcn3:1355 L3_Port: Sent 39 bytes via GSMTAP (chan=5)
2026/Jun/23 07:20:11.476349 PORTEVENT GSM_Functions.ttcn3:1355 Sent on L to system octetstring : '310621000899100700000000102B2B2B2B2B2B2B2B2B2B'O
2026/Jun/23 07:20:11.476353 USER GSM_Functions.ttcn3:1355 L3_Port: TX OCTETSTRING 23 bytes
2026/Jun/23 07:20:11.476359 USER GSM_Functions.ttcn3:1355 L3_Port: Data: 31 06 21 00 08 99 10 07 00 00 00 00 10 2B 2B 2B 2B 2B 2B 2B 2B 2B 2B 
2026/Jun/23 07:20:11.476364 USER GSM_Functions.ttcn3:1355 L3_Port: TX CCCH 23 bytes
2026/Jun/23 07:20:11.476368 USER GSM_Functions.ttcn3:1355 L3_Port: Detected Paging Request -> Use PCH (5)
2026/Jun/23 07:20:11.476378 USER GSM_Functions.ttcn3:1355 L3_Port: Sent 39 bytes via GSMTAP (chan=5)
2026/Jun/23 07:20:11.476385 PORTEVENT GSM_Functions.ttcn3:1355 Sent on L to system octetstring : '310621000899100700000000102B2B2B2B2B2B2B2B2B2B'O
2026/Jun/23 07:20:11.476389 USER GSM_Functions.ttcn3:1355 L3_Port: TX OCTETSTRING 23 bytes
2026/Jun/23 07:20:11.476395 USER GSM_Functions.ttcn3:1355 L3_Port: Data: 31 06 21 00 08 99 10 07 00 00 00 00 10 2B 2B 2B 2B 2B 2B 2B 2B 2B 2B 
2026/Jun/23 07:20:11.476399 USER GSM_Functions.ttcn3:1355 L3_Port: TX CCCH 23 bytes
2026/Jun/23 07:20:11.476404 USER GSM_Functions.ttcn3:1355 L3_Port: Detected Paging Request -> Use PCH (5)
2026/Jun/23 07:20:11.476414 USER GSM_Functions.ttcn3:1355 L3_Port: Sent 39 bytes via GSMTAP (chan=5)
2026/Jun/23 07:20:11.476421 PORTEVENT GSM_Functions.ttcn3:1355 Sent on L to system octetstring : '310621000899100700000000102B2B2B2B2B2B2B2B2B2B'O
2026/Jun/23 07:20:11.476425 USER GSM_Functions.ttcn3:1355 L3_Port: TX OCTETSTRING 23 bytes
2026/Jun/23 07:20:11.476431 USER GSM_Functions.ttcn3:1355 L3_Port: Data: 31 06 21 00 08 99 10 07 00 00 00 00 10 2B 2B 2B 2B 2B 2B 2B 2B 2B 2B 
2026/Jun/23 07:20:11.476438 USER GSM_Functions.ttcn3:1355 L3_Port: TX CCCH 23 bytes
2026/Jun/23 07:20:11.476442 USER GSM_Functions.ttcn3:1355 L3_Port: Detected Paging Request -> Use PCH (5)
2026/Jun/23 07:20:11.476450 USER GSM_Functions.ttcn3:1355 L3_Port: Sent 39 bytes via GSMTAP (chan=5)
2026/Jun/23 07:20:11.476457 PORTEVENT GSM_Functions.ttcn3:1355 Sent on L to system octetstring : '310621000899100700000000102B2B2B2B2B2B2B2B2B2B'O
2026/Jun/23 07:20:11.476462 USER GSM_Functions.ttcn3:1355 L3_Port: TX OCTETSTRING 23 bytes
2026/Jun/23 07:20:11.476469 USER GSM_Functions.ttcn3:1355 L3_Port: Data: 31 06 21 00 08 99 10 07 00 00 00 00 10 2B 2B 2B 2B 2B 2B 2B 2B 2B 2B 
2026/Jun/23 07:20:11.476476 USER GSM_Functions.ttcn3:1355 L3_Port: TX CCCH 23 bytes
2026/Jun/23 07:20:11.476480 USER GSM_Functions.ttcn3:1355 L3_Port: Detected Paging Request -> Use PCH (5)
2026/Jun/23 07:20:11.476490 USER GSM_Functions.ttcn3:1355 L3_Port: Sent 39 bytes via GSMTAP (chan=5)
2026/Jun/23 07:20:11.476496 PORTEVENT GSM_Functions.ttcn3:1355 Sent on L to system octetstring : '310621000899100700000000102B2B2B2B2B2B2B2B2B2B'O
2026/Jun/23 07:20:11.476500 USER GSM_Functions.ttcn3:1355 L3_Port: TX OCTETSTRING 23 bytes
2026/Jun/23 07:20:11.476506 USER GSM_Functions.ttcn3:1355 L3_Port: Data: 31 06 21 00 08 99 10 07 00 00 00 00 10 2B 2B 2B 2B 2B 2B 2B 2B 2B 2B 
2026/Jun/23 07:20:11.476510 USER GSM_Functions.ttcn3:1355 L3_Port: TX CCCH 23 bytes
2026/Jun/23 07:20:11.476514 USER GSM_Functions.ttcn3:1355 L3_Port: Detected Paging Request -> Use PCH (5)
2026/Jun/23 07:20:11.476524 USER GSM_Functions.ttcn3:1355 L3_Port: Sent 39 bytes via GSMTAP (chan=5)
2026/Jun/23 07:20:11.476532 PORTEVENT GSM_Functions.ttcn3:1355 Sent on L to system octetstring : '310621000899100700000000102B2B2B2B2B2B2B2B2B2B'O
2026/Jun/23 07:20:11.476536 USER GSM_Functions.ttcn3:1355 L3_Port: TX OCTETSTRING 23 bytes
2026/Jun/23 07:20:11.476542 USER GSM_Functions.ttcn3:1355 L3_Port: Data: 31 06 21 00 08 99 10 07 00 00 00 00 10 2B 2B 2B 2B 2B 2B 2B 2B 2B 2B 
2026/Jun/23 07:20:11.476546 USER GSM_Functions.ttcn3:1355 L3_Port: TX CCCH 23 bytes
2026/Jun/23 07:20:11.476550 USER GSM_Functions.ttcn3:1355 L3_Port: Detected Paging Request -> Use PCH (5)
2026/Jun/23 07:20:11.476559 USER GSM_Functions.ttcn3:1355 L3_Port: Sent 39 bytes via GSMTAP (chan=5)
2026/Jun/23 07:20:11.476566 PORTEVENT GSM_Functions.ttcn3:1355 Sent on L to system octetstring : '310621000899100700000000102B2B2B2B2B2B2B2B2B2B'O
2026/Jun/23 07:20:11.476569 USER GSM_Functions.ttcn3:1355 L3_Port: TX OCTETSTRING 23 bytes
2026/Jun/23 07:20:11.476577 USER GSM_Functions.ttcn3:1355 L3_Port: Data: 31 06 21 00 08 99 10 07 00 00 00 00 10 2B 2B 2B 2B 2B 2B 2B 2B 2B 2B 
2026/Jun/23 07:20:11.476582 USER GSM_Functions.ttcn3:1355 L3_Port: TX CCCH 23 bytes
2026/Jun/23 07:20:11.476586 USER GSM_Functions.ttcn3:1355 L3_Port: Detected Paging Request -> Use PCH (5)
2026/Jun/23 07:20:11.476595 USER GSM_Functions.ttcn3:1355 L3_Port: Sent 39 bytes via GSMTAP (chan=5)
2026/Jun/23 07:20:11.476602 PORTEVENT GSM_Functions.ttcn3:1355 Sent on L to system octetstring : '310621000899100700000000102B2B2B2B2B2B2B2B2B2B'O
2026/Jun/23 07:20:11.476607 USER GSM_Functions.ttcn3:1355 L3_Port: TX OCTETSTRING 23 bytes
2026/Jun/23 07:20:11.476613 USER GSM_Functions.ttcn3:1355 L3_Port: Data: 31 06 21 00 08 99 10 07 00 00 00 00 10 2B 2B 2B 2B 2B 2B 2B 2B 2B 2B 
2026/Jun/23 07:20:11.476619 USER GSM_Functions.ttcn3:1355 L3_Port: TX CCCH 23 bytes
2026/Jun/23 07:20:11.476622 USER GSM_Functions.ttcn3:1355 L3_Port: Detected Paging Request -> Use PCH (5)
2026/Jun/23 07:20:11.476631 USER GSM_Functions.ttcn3:1355 L3_Port: Sent 39 bytes via GSMTAP (chan=5)
2026/Jun/23 07:20:11.476637 PORTEVENT GSM_Functions.ttcn3:1355 Sent on L to system octetstring : '310621000899100700000000102B2B2B2B2B2B2B2B2B2B'O
2026/Jun/23 07:20:11.476641 USER GSM_Functions.ttcn3:1355 L3_Port: TX OCTETSTRING 23 bytes
2026/Jun/23 07:20:11.476647 USER GSM_Functions.ttcn3:1355 L3_Port: Data: 31 06 21 00 08 99 10 07 00 00 00 00 10 2B 2B 2B 2B 2B 2B 2B 2B 2B 2B 
2026/Jun/23 07:20:11.476652 USER GSM_Functions.ttcn3:1355 L3_Port: TX CCCH 23 bytes
2026/Jun/23 07:20:11.476656 USER GSM_Functions.ttcn3:1355 L3_Port: Detected Paging Request -> Use PCH (5)
2026/Jun/23 07:20:11.476665 USER GSM_Functions.ttcn3:1355 L3_Port: Sent 39 bytes via GSMTAP (chan=5)
2026/Jun/23 07:20:11.476671 PORTEVENT GSM_Functions.ttcn3:1355 Sent on L to system octetstring : '310621000899100700000000102B2B2B2B2B2B2B2B2B2B'O
2026/Jun/23 07:20:11.476675 USER GSM_Functions.ttcn3:1355 L3_Port: TX OCTETSTRING 23 bytes
2026/Jun/23 07:20:11.476681 USER GSM_Functions.ttcn3:1355 L3_Port: Data: 31 06 21 00 08 99 10 07 00 00 00 00 10 2B 2B 2B 2B 2B 2B 2B 2B 2B 2B 
2026/Jun/23 07:20:11.476695 USER GSM_Functions.ttcn3:1355 L3_Port: TX CCCH 23 bytes
2026/Jun/23 07:20:11.476699 USER GSM_Functions.ttcn3:1355 L3_Port: Detected Paging Request -> Use PCH (5)
2026/Jun/23 07:20:11.476708 USER GSM_Functions.ttcn3:1355 L3_Port: Sent 39 bytes via GSMTAP (chan=5)
2026/Jun/23 07:20:11.476715 PORTEVENT GSM_Functions.ttcn3:1355 Sent on L to system octetstring : '310621000899100700000000102B2B2B2B2B2B2B2B2B2B'O
2026/Jun/23 07:20:11.476719 USER GSM_Functions.ttcn3:1355 L3_Port: TX OCTETSTRING 23 bytes
2026/Jun/23 07:20:11.476725 USER GSM_Functions.ttcn3:1355 L3_Port: Data: 31 06 21 00 08 99 10 07 00 00 00 00 10 2B 2B 2B 2B 2B 2B 2B 2B 2B 2B 
2026/Jun/23 07:20:11.476730 USER GSM_Functions.ttcn3:1355 L3_Port: TX CCCH 23 bytes
2026/Jun/23 07:20:11.476734 USER GSM_Functions.ttcn3:1355 L3_Port: Detected Paging Request -> Use PCH (5)
2026/Jun/23 07:20:11.476743 USER GSM_Functions.ttcn3:1355 L3_Port: Sent 39 bytes via GSMTAP (chan=5)
2026/Jun/23 07:20:11.476749 PORTEVENT GSM_Functions.ttcn3:1355 Sent on L to system octetstring : '310621000899100700000000102B2B2B2B2B2B2B2B2B2B'O
2026/Jun/23 07:20:11.476753 USER GSM_Functions.ttcn3:1355 L3_Port: TX OCTETSTRING 23 bytes
2026/Jun/23 07:20:11.476759 USER GSM_Functions.ttcn3:1355 L3_Port: Data: 31 06 21 00 08 99 10 07 00 00 00 00 10 2B 2B 2B 2B 2B 2B 2B 2B 2B 2B 
2026/Jun/23 07:20:11.476763 USER GSM_Functions.ttcn3:1355 L3_Port: TX CCCH 23 bytes
2026/Jun/23 07:20:11.476769 USER GSM_Functions.ttcn3:1355 L3_Port: Detected Paging Request -> Use PCH (5)
2026/Jun/23 07:20:11.476777 USER GSM_Functions.ttcn3:1355 L3_Port: Sent 39 bytes via GSMTAP (chan=5)
2026/Jun/23 07:20:11.476783 PORTEVENT GSM_Functions.ttcn3:1355 Sent on L to system octetstring : '310621000899100700000000102B2B2B2B2B2B2B2B2B2B'O
2026/Jun/23 07:20:11.476787 USER GSM_Functions.ttcn3:1355 L3_Port: TX OCTETSTRING 23 bytes
2026/Jun/23 07:20:11.476794 USER GSM_Functions.ttcn3:1355 L3_Port: Data: 31 06 21 00 08 99 10 07 00 00 00 00 10 2B 2B 2B 2B 2B 2B 2B 2B 2B 2B 
2026/Jun/23 07:20:11.476798 USER GSM_Functions.ttcn3:1355 L3_Port: TX CCCH 23 bytes
2026/Jun/23 07:20:11.476802 USER GSM_Functions.ttcn3:1355 L3_Port: Detected Paging Request -> Use PCH (5)
2026/Jun/23 07:20:11.476811 USER GSM_Functions.ttcn3:1355 L3_Port: Sent 39 bytes via GSMTAP (chan=5)
2026/Jun/23 07:20:11.476817 PORTEVENT GSM_Functions.ttcn3:1355 Sent on L to system octetstring : '310621000899100700000000102B2B2B2B2B2B2B2B2B2B'O
2026/Jun/23 07:20:11.476825 USER GSM_Functions.ttcn3:1355 L3_Port: TX OCTETSTRING 23 bytes
2026/Jun/23 07:20:11.476834 USER GSM_Functions.ttcn3:1355 L3_Port: Data: 31 06 21 00 08 99 10 07 00 00 00 00 10 2B 2B 2B 2B 2B 2B 2B 2B 2B 2B 
2026/Jun/23 07:20:11.476838 USER GSM_Functions.ttcn3:1355 L3_Port: TX CCCH 23 bytes
2026/Jun/23 07:20:11.476843 USER GSM_Functions.ttcn3:1355 L3_Port: Detected Paging Request -> Use PCH (5)
2026/Jun/23 07:20:11.476852 USER GSM_Functions.ttcn3:1355 L3_Port: Sent 39 bytes via GSMTAP (chan=5)
2026/Jun/23 07:20:11.476859 PORTEVENT GSM_Functions.ttcn3:1355 Sent on L to system octetstring : '310621000899100700000000102B2B2B2B2B2B2B2B2B2B'O
2026/Jun/23 07:20:11.476863 USER GSM_Functions.ttcn3:1355 L3_Port: TX OCTETSTRING 23 bytes
2026/Jun/23 07:20:11.476869 USER GSM_Functions.ttcn3:1355 L3_Port: Data: 31 06 21 00 08 99 10 07 00 00 00 00 10 2B 2B 2B 2B 2B 2B 2B 2B 2B 2B 
2026/Jun/23 07:20:11.476873 USER GSM_Functions.ttcn3:1355 L3_Port: TX CCCH 23 bytes
2026/Jun/23 07:20:11.476877 USER GSM_Functions.ttcn3:1355 L3_Port: Detected Paging Request -> Use PCH (5)
2026/Jun/23 07:20:11.476887 USER GSM_Functions.ttcn3:1355 L3_Port: Sent 39 bytes via GSMTAP (chan=5)
2026/Jun/23 07:20:11.476893 PORTEVENT GSM_Functions.ttcn3:1355 Sent on L to system octetstring : '310621000899100700000000102B2B2B2B2B2B2B2B2B2B'O
2026/Jun/23 07:20:11.476896 USER GSM_Functions.ttcn3:1355 L3_Port: TX OCTETSTRING 23 bytes
2026/Jun/23 07:20:11.476903 USER GSM_Functions.ttcn3:1355 L3_Port: Data: 31 06 21 00 08 99 10 07 00 00 00 00 10 2B 2B 2B 2B 2B 2B 2B 2B 2B 2B 
2026/Jun/23 07:20:11.476907 USER GSM_Functions.ttcn3:1355 L3_Port: TX CCCH 23 bytes
2026/Jun/23 07:20:11.476914 USER GSM_Functions.ttcn3:1355 L3_Port: Detected Paging Request -> Use PCH (5)
2026/Jun/23 07:20:11.476923 USER GSM_Functions.ttcn3:1355 L3_Port: Sent 39 bytes via GSMTAP (chan=5)
2026/Jun/23 07:20:11.476929 PORTEVENT GSM_Functions.ttcn3:1355 Sent on L to system octetstring : '310621000899100700000000102B2B2B2B2B2B2B2B2B2B'O
2026/Jun/23 07:20:11.476933 USER GSM_Functions.ttcn3:1355 L3_Port: TX OCTETSTRING 23 bytes
2026/Jun/23 07:20:11.476940 USER GSM_Functions.ttcn3:1355 L3_Port: Data: 31 06 21 00 08 99 10 07 00 00 00 00 10 2B 2B 2B 2B 2B 2B 2B 2B 2B 2B 
2026/Jun/23 07:20:11.476944 USER GSM_Functions.ttcn3:1355 L3_Port: TX CCCH 23 bytes
2026/Jun/23 07:20:11.476948 USER GSM_Functions.ttcn3:1355 L3_Port: Detected Paging Request -> Use PCH (5)
2026/Jun/23 07:20:11.476956 USER GSM_Functions.ttcn3:1355 L3_Port: Sent 39 bytes via GSMTAP (chan=5)
2026/Jun/23 07:20:11.476962 PORTEVENT GSM_Functions.ttcn3:1355 Sent on L to system octetstring : '310621000899100700000000102B2B2B2B2B2B2B2B2B2B'O
2026/Jun/23 07:20:11.476965 USER GSM_Functions.ttcn3:1355 L3_Port: TX OCTETSTRING 23 bytes
2026/Jun/23 07:20:11.476971 USER GSM_Functions.ttcn3:1355 L3_Port: Data: 31 06 21 00 08 99 10 07 00 00 00 00 10 2B 2B 2B 2B 2B 2B 2B 2B 2B 2B 
2026/Jun/23 07:20:11.476975 USER GSM_Functions.ttcn3:1355 L3_Port: TX CCCH 23 bytes
2026/Jun/23 07:20:11.476981 USER GSM_Functions.ttcn3:1355 L3_Port: Detected Paging Request -> Use PCH (5)
2026/Jun/23 07:20:11.476990 USER GSM_Functions.ttcn3:1355 L3_Port: Sent 39 bytes via GSMTAP (chan=5)
2026/Jun/23 07:20:11.476996 PORTEVENT GSM_Functions.ttcn3:1355 Sent on L to system octetstring : '310621000899100700000000102B2B2B2B2B2B2B2B2B2B'O
2026/Jun/23 07:20:11.477000 USER GSM_Functions.ttcn3:1355 L3_Port: TX OCTETSTRING 23 bytes
2026/Jun/23 07:20:11.477006 USER GSM_Functions.ttcn3:1355 L3_Port: Data: 31 06 21 00 08 99 10 07 00 00 00 00 10 2B 2B 2B 2B 2B 2B 2B 2B 2B 2B 
2026/Jun/23 07:20:11.477010 USER GSM_Functions.ttcn3:1355 L3_Port: TX CCCH 23 bytes
2026/Jun/23 07:20:11.477015 USER GSM_Functions.ttcn3:1355 L3_Port: Detected Paging Request -> Use PCH (5)
2026/Jun/23 07:20:11.477023 USER GSM_Functions.ttcn3:1355 L3_Port: Sent 39 bytes via GSMTAP (chan=5)
2026/Jun/23 07:20:11.477030 PORTEVENT GSM_Functions.ttcn3:1355 Sent on L to system octetstring : '310621000899100700000000102B2B2B2B2B2B2B2B2B2B'O
2026/Jun/23 07:20:11.477033 USER GSM_Functions.ttcn3:1355 L3_Port: TX OCTETSTRING 23 bytes
2026/Jun/23 07:20:11.477040 USER GSM_Functions.ttcn3:1355 L3_Port: Data: 31 06 21 00 08 99 10 07 00 00 00 00 10 2B 2B 2B 2B 2B 2B 2B 2B 2B 2B 
2026/Jun/23 07:20:11.477044 USER GSM_Functions.ttcn3:1355 L3_Port: TX CCCH 23 bytes
2026/Jun/23 07:20:11.477049 USER GSM_Functions.ttcn3:1355 L3_Port: Detected Paging Request -> Use PCH (5)
2026/Jun/23 07:20:11.477057 USER GSM_Functions.ttcn3:1355 L3_Port: Sent 39 bytes via GSMTAP (chan=5)
2026/Jun/23 07:20:11.477064 PORTEVENT GSM_Functions.ttcn3:1355 Sent on L to system octetstring : '310621000899100700000000102B2B2B2B2B2B2B2B2B2B'O
2026/Jun/23 07:20:11.477067 USER GSM_Functions.ttcn3:1355 L3_Port: TX OCTETSTRING 23 bytes
2026/Jun/23 07:20:11.477074 USER GSM_Functions.ttcn3:1355 L3_Port: Data: 31 06 21 00 08 99 10 07 00 00 00 00 10 2B 2B 2B 2B 2B 2B 2B 2B 2B 2B 
2026/Jun/23 07:20:11.477078 USER GSM_Functions.ttcn3:1355 L3_Port: TX CCCH 23 bytes
2026/Jun/23 07:20:11.477082 USER GSM_Functions.ttcn3:1355 L3_Port: Detected Paging Request -> Use PCH (5)
2026/Jun/23 07:20:11.477091 USER GSM_Functions.ttcn3:1355 L3_Port: Sent 39 bytes via GSMTAP (chan=5)
2026/Jun/23 07:20:11.477098 PORTEVENT GSM_Functions.ttcn3:1355 Sent on L to system octetstring : '310621000899100700000000102B2B2B2B2B2B2B2B2B2B'O
2026/Jun/23 07:20:11.477101 USER GSM_Functions.ttcn3:1355 L3_Port: TX OCTETSTRING 23 bytes
2026/Jun/23 07:20:11.477107 USER GSM_Functions.ttcn3:1355 L3_Port: Data: 31 06 21 00 08 99 10 07 00 00 00 00 10 2B 2B 2B 2B 2B 2B 2B 2B 2B 2B 
2026/Jun/23 07:20:11.477112 USER GSM_Functions.ttcn3:1355 L3_Port: TX CCCH 23 bytes
2026/Jun/23 07:20:11.477119 USER GSM_Functions.ttcn3:1355 L3_Port: Detected Paging Request -> Use PCH (5)
2026/Jun/23 07:20:11.477128 USER GSM_Functions.ttcn3:1355 L3_Port: Sent 39 bytes via GSMTAP (chan=5)
2026/Jun/23 07:20:11.477134 PORTEVENT GSM_Functions.ttcn3:1355 Sent on L to system octetstring : '310621000899100700000000102B2B2B2B2B2B2B2B2B2B'O
2026/Jun/23 07:20:11.477138 USER GSM_Functions.ttcn3:1355 L3_Port: TX OCTETSTRING 23 bytes
2026/Jun/23 07:20:11.477144 USER GSM_Functions.ttcn3:1355 L3_Port: Data: 31 06 21 00 08 99 10 07 00 00 00 00 10 2B 2B 2B 2B 2B 2B 2B 2B 2B 2B 
2026/Jun/23 07:20:11.477148 USER GSM_Functions.ttcn3:1355 L3_Port: TX CCCH 23 bytes
2026/Jun/23 07:20:11.477153 USER GSM_Functions.ttcn3:1355 L3_Port: Detected Paging Request -> Use PCH (5)
2026/Jun/23 07:20:11.477161 USER GSM_Functions.ttcn3:1355 L3_Port: Sent 39 bytes via GSMTAP (chan=5)
2026/Jun/23 07:20:11.477167 PORTEVENT GSM_Functions.ttcn3:1355 Sent on L to system octetstring : '310621000899100700000000102B2B2B2B2B2B2B2B2B2B'O
2026/Jun/23 07:20:11.477171 USER GSM_Functions.ttcn3:1355 L3_Port: TX OCTETSTRING 23 bytes
2026/Jun/23 07:20:11.477177 USER GSM_Functions.ttcn3:1355 L3_Port: Data: 31 06 21 00 08 99 10 07 00 00 00 00 10 2B 2B 2B 2B 2B 2B 2B 2B 2B 2B 
2026/Jun/23 07:20:11.477181 USER GSM_Functions.ttcn3:1355 L3_Port: TX CCCH 23 bytes
2026/Jun/23 07:20:11.477187 USER GSM_Functions.ttcn3:1355 L3_Port: Detected Paging Request -> Use PCH (5)
2026/Jun/23 07:20:11.477195 USER GSM_Functions.ttcn3:1355 L3_Port: Sent 39 bytes via GSMTAP (chan=5)
2026/Jun/23 07:20:11.477201 PORTEVENT GSM_Functions.ttcn3:1355 Sent on L to system octetstring : '310621000899100700000000102B2B2B2B2B2B2B2B2B2B'O
2026/Jun/23 07:20:11.477205 USER GSM_Functions.ttcn3:1355 L3_Port: TX OCTETSTRING 23 bytes
2026/Jun/23 07:20:11.477211 USER GSM_Functions.ttcn3:1355 L3_Port: Data: 31 06 21 00 08 99 10 07 00 00 00 00 10 2B 2B 2B 2B 2B 2B 2B 2B 2B 2B 
2026/Jun/23 07:20:11.477216 USER GSM_Functions.ttcn3:1355 L3_Port: TX CCCH 23 bytes
2026/Jun/23 07:20:11.477220 USER GSM_Functions.ttcn3:1355 L3_Port: Detected Paging Request -> Use PCH (5)
2026/Jun/23 07:20:11.477229 USER GSM_Functions.ttcn3:1355 L3_Port: Sent 39 bytes via GSMTAP (chan=5)
2026/Jun/23 07:20:11.477235 PORTEVENT GSM_Functions.ttcn3:1355 Sent on L to system octetstring : '310621000899100700000000102B2B2B2B2B2B2B2B2B2B'O
2026/Jun/23 07:20:11.477239 USER GSM_Functions.ttcn3:1355 L3_Port: TX OCTETSTRING 23 bytes
2026/Jun/23 07:20:11.477245 USER GSM_Functions.ttcn3:1355 L3_Port: Data: 31 06 21 00 08 99 10 07 00 00 00 00 10 2B 2B 2B 2B 2B 2B 2B 2B 2B 2B 
2026/Jun/23 07:20:11.477249 USER GSM_Functions.ttcn3:1355 L3_Port: TX CCCH 23 bytes
2026/Jun/23 07:20:11.477253 USER GSM_Functions.ttcn3:1355 L3_Port: Detected Paging Request -> Use PCH (5)
2026/Jun/23 07:20:11.477262 USER GSM_Functions.ttcn3:1355 L3_Port: Sent 39 bytes via GSMTAP (chan=5)
2026/Jun/23 07:20:11.477268 PORTEVENT GSM_Functions.ttcn3:1355 Sent on L to system octetstring : '310621000899100700000000102B2B2B2B2B2B2B2B2B2B'O
2026/Jun/23 07:20:11.477272 USER GSM_Functions.ttcn3:1355 L3_Port: TX OCTETSTRING 23 bytes
2026/Jun/23 07:20:11.477278 USER GSM_Functions.ttcn3:1355 L3_Port: Data: 31 06 21 00 08 99 10 07 00 00 00 00 10 2B 2B 2B 2B 2B 2B 2B 2B 2B 2B 
2026/Jun/23 07:20:11.477282 USER GSM_Functions.ttcn3:1355 L3_Port: TX CCCH 23 bytes
2026/Jun/23 07:20:11.477287 USER GSM_Functions.ttcn3:1355 L3_Port: Detected Paging Request -> Use PCH (5)
2026/Jun/23 07:20:11.477295 USER GSM_Functions.ttcn3:1355 L3_Port: Sent 39 bytes via GSMTAP (chan=5)
2026/Jun/23 07:20:11.477302 PORTEVENT GSM_Functions.ttcn3:1355 Sent on L to system octetstring : '310621000899100700000000102B2B2B2B2B2B2B2B2B2B'O
2026/Jun/23 07:20:11.477305 USER GSM_Functions.ttcn3:1355 L3_Port: TX OCTETSTRING 23 bytes
2026/Jun/23 07:20:11.477311 USER GSM_Functions.ttcn3:1355 L3_Port: Data: 31 06 21 00 08 99 10 07 00 00 00 00 10 2B 2B 2B 2B 2B 2B 2B 2B 2B 2B 
2026/Jun/23 07:20:11.477317 USER GSM_Functions.ttcn3:1355 L3_Port: TX CCCH 23 bytes
2026/Jun/23 07:20:11.477321 USER GSM_Functions.ttcn3:1355 L3_Port: Detected Paging Request -> Use PCH (5)
2026/Jun/23 07:20:11.477333 USER GSM_Functions.ttcn3:1355 L3_Port: Sent 39 bytes via GSMTAP (chan=5)
2026/Jun/23 07:20:11.477340 PORTEVENT GSM_Functions.ttcn3:1355 Sent on L to system octetstring : '310621000899100700000000102B2B2B2B2B2B2B2B2B2B'O
2026/Jun/23 07:20:11.477343 USER GSM_Functions.ttcn3:1355 L3_Port: TX OCTETSTRING 23 bytes
2026/Jun/23 07:20:11.477350 USER GSM_Functions.ttcn3:1355 L3_Port: Data: 31 06 21 00 08 99 10 07 00 00 00 00 10 2B 2B 2B 2B 2B 2B 2B 2B 2B 2B 
2026/Jun/23 07:20:11.477356 USER GSM_Functions.ttcn3:1355 L3_Port: TX CCCH 23 bytes
2026/Jun/23 07:20:11.477359 USER GSM_Functions.ttcn3:1355 L3_Port: Detected Paging Request -> Use PCH (5)
2026/Jun/23 07:20:11.477367 USER GSM_Functions.ttcn3:1355 L3_Port: Sent 39 bytes via GSMTAP (chan=5)
2026/Jun/23 07:20:11.477374 PORTEVENT GSM_Functions.ttcn3:1355 Sent on L to system octetstring : '310621000899100700000000102B2B2B2B2B2B2B2B2B2B'O
2026/Jun/23 07:20:11.477377 USER GSM_Functions.ttcn3:1355 L3_Port: TX OCTETSTRING 23 bytes
2026/Jun/23 07:20:11.477383 USER GSM_Functions.ttcn3:1355 L3_Port: Data: 31 06 21 00 08 99 10 07 00 00 00 00 10 2B 2B 2B 2B 2B 2B 2B 2B 2B 2B 
2026/Jun/23 07:20:11.477389 USER GSM_Functions.ttcn3:1355 L3_Port: TX CCCH 23 bytes
2026/Jun/23 07:20:11.477393 USER GSM_Functions.ttcn3:1355 L3_Port: Detected Paging Request -> Use PCH (5)
2026/Jun/23 07:20:11.477402 USER GSM_Functions.ttcn3:1355 L3_Port: Sent 39 bytes via GSMTAP (chan=5)
2026/Jun/23 07:20:11.477409 PORTEVENT GSM_Functions.ttcn3:1355 Sent on L to system octetstring : '310621000899100700000000102B2B2B2B2B2B2B2B2B2B'O
2026/Jun/23 07:20:11.477412 USER GSM_Functions.ttcn3:1355 L3_Port: TX OCTETSTRING 23 bytes
2026/Jun/23 07:20:11.477419 USER GSM_Functions.ttcn3:1355 L3_Port: Data: 31 06 21 00 08 99 10 07 00 00 00 00 10 2B 2B 2B 2B 2B 2B 2B 2B 2B 2B 
2026/Jun/23 07:20:11.477424 USER GSM_Functions.ttcn3:1355 L3_Port: TX CCCH 23 bytes
2026/Jun/23 07:20:11.477428 USER GSM_Functions.ttcn3:1355 L3_Port: Detected Paging Request -> Use PCH (5)
2026/Jun/23 07:20:11.477436 USER GSM_Functions.ttcn3:1355 L3_Port: Sent 39 bytes via GSMTAP (chan=5)
2026/Jun/23 07:20:11.477443 PORTEVENT GSM_Functions.ttcn3:1355 Sent on L to system octetstring : '310621000899100700000000102B2B2B2B2B2B2B2B2B2B'O
2026/Jun/23 07:20:11.477446 USER GSM_Functions.ttcn3:1355 L3_Port: TX OCTETSTRING 23 bytes
2026/Jun/23 07:20:11.477453 USER GSM_Functions.ttcn3:1355 L3_Port: Data: 31 06 21 00 08 99 10 07 00 00 00 00 10 2B 2B 2B 2B 2B 2B 2B 2B 2B 2B 
2026/Jun/23 07:20:11.477458 USER GSM_Functions.ttcn3:1355 L3_Port: TX CCCH 23 bytes
2026/Jun/23 07:20:11.477462 USER GSM_Functions.ttcn3:1355 L3_Port: Detected Paging Request -> Use PCH (5)
2026/Jun/23 07:20:11.477470 USER GSM_Functions.ttcn3:1355 L3_Port: Sent 39 bytes via GSMTAP (chan=5)
2026/Jun/23 07:20:11.477476 PORTEVENT GSM_Functions.ttcn3:1355 Sent on L to system octetstring : '310621000899100700000000102B2B2B2B2B2B2B2B2B2B'O
2026/Jun/23 07:20:11.477480 USER GSM_Functions.ttcn3:1355 L3_Port: TX OCTETSTRING 23 bytes
2026/Jun/23 07:20:11.477486 USER GSM_Functions.ttcn3:1355 L3_Port: Data: 31 06 21 00 08 99 10 07 00 00 00 00 10 2B 2B 2B 2B 2B 2B 2B 2B 2B 2B 
2026/Jun/23 07:20:11.477492 USER GSM_Functions.ttcn3:1355 L3_Port: TX CCCH 23 bytes
2026/Jun/23 07:20:11.477496 USER GSM_Functions.ttcn3:1355 L3_Port: Detected Paging Request -> Use PCH (5)
2026/Jun/23 07:20:11.477504 USER GSM_Functions.ttcn3:1355 L3_Port: Sent 39 bytes via GSMTAP (chan=5)
2026/Jun/23 07:20:11.477511 PORTEVENT GSM_Functions.ttcn3:1355 Sent on L to system octetstring : '310621000899100700000000102B2B2B2B2B2B2B2B2B2B'O
2026/Jun/23 07:20:11.477514 USER GSM_Functions.ttcn3:1355 L3_Port: TX OCTETSTRING 23 bytes
2026/Jun/23 07:20:11.477520 USER GSM_Functions.ttcn3:1355 L3_Port: Data: 31 06 21 00 08 99 10 07 00 00 00 00 10 2B 2B 2B 2B 2B 2B 2B 2B 2B 2B 
2026/Jun/23 07:20:11.477526 USER GSM_Functions.ttcn3:1355 L3_Port: TX CCCH 23 bytes
2026/Jun/23 07:20:11.477530 USER GSM_Functions.ttcn3:1355 L3_Port: Detected Paging Request -> Use PCH (5)
2026/Jun/23 07:20:11.477539 USER GSM_Functions.ttcn3:1355 L3_Port: Sent 39 bytes via GSMTAP (chan=5)
2026/Jun/23 07:20:11.477548 PORTEVENT GSM_Functions.ttcn3:1355 Sent on L to system octetstring : '310621000899100700000000102B2B2B2B2B2B2B2B2B2B'O
2026/Jun/23 07:20:11.477551 USER GSM_Functions.ttcn3:1355 L3_Port: TX OCTETSTRING 23 bytes
2026/Jun/23 07:20:11.477558 USER GSM_Functions.ttcn3:1355 L3_Port: Data: 31 06 21 00 08 99 10 07 00 00 00 00 10 2B 2B 2B 2B 2B 2B 2B 2B 2B 2B 
2026/Jun/23 07:20:11.477562 USER GSM_Functions.ttcn3:1355 L3_Port: TX CCCH 23 bytes
2026/Jun/23 07:20:11.477567 USER GSM_Functions.ttcn3:1355 L3_Port: Detected Paging Request -> Use PCH (5)
2026/Jun/23 07:20:11.477576 USER GSM_Functions.ttcn3:1355 L3_Port: Sent 39 bytes via GSMTAP (chan=5)
2026/Jun/23 07:20:11.477582 PORTEVENT GSM_Functions.ttcn3:1355 Sent on L to system octetstring : '310621000899100700000000102B2B2B2B2B2B2B2B2B2B'O
2026/Jun/23 07:20:11.477586 USER GSM_Functions.ttcn3:1355 L3_Port: TX OCTETSTRING 23 bytes
2026/Jun/23 07:20:11.477592 USER GSM_Functions.ttcn3:1355 L3_Port: Data: 31 06 21 00 08 99 10 07 00 00 00 00 10 2B 2B 2B 2B 2B 2B 2B 2B 2B 2B 
2026/Jun/23 07:20:11.477598 USER GSM_Functions.ttcn3:1355 L3_Port: TX CCCH 23 bytes
2026/Jun/23 07:20:11.477602 USER GSM_Functions.ttcn3:1355 L3_Port: Detected Paging Request -> Use PCH (5)
2026/Jun/23 07:20:11.477611 USER GSM_Functions.ttcn3:1355 L3_Port: Sent 39 bytes via GSMTAP (chan=5)
2026/Jun/23 07:20:11.477617 PORTEVENT GSM_Functions.ttcn3:1355 Sent on L to system octetstring : '310621000899100700000000102B2B2B2B2B2B2B2B2B2B'O
2026/Jun/23 07:20:11.477621 USER GSM_Functions.ttcn3:1355 L3_Port: TX OCTETSTRING 23 bytes
2026/Jun/23 07:20:11.477627 USER GSM_Functions.ttcn3:1355 L3_Port: Data: 31 06 21 00 08 99 10 07 00 00 00 00 10 2B 2B 2B 2B 2B 2B 2B 2B 2B 2B 
2026/Jun/23 07:20:11.477632 USER GSM_Functions.ttcn3:1355 L3_Port: TX CCCH 23 bytes
2026/Jun/23 07:20:11.477636 USER GSM_Functions.ttcn3:1355 L3_Port: Detected Paging Request -> Use PCH (5)
2026/Jun/23 07:20:11.477644 USER GSM_Functions.ttcn3:1355 L3_Port: Sent 39 bytes via GSMTAP (chan=5)
2026/Jun/23 07:20:11.477651 PORTEVENT GSM_Functions.ttcn3:1355 Sent on L to system octetstring : '310621000899100700000000102B2B2B2B2B2B2B2B2B2B'O
2026/Jun/23 07:20:11.477655 USER GSM_Functions.ttcn3:1355 L3_Port: TX OCTETSTRING 23 bytes
2026/Jun/23 07:20:11.477662 USER GSM_Functions.ttcn3:1355 L3_Port: Data: 31 06 21 00 08 99 10 07 00 00 00 00 10 2B 2B 2B 2B 2B 2B 2B 2B 2B 2B 
2026/Jun/23 07:20:11.477666 USER GSM_Functions.ttcn3:1355 L3_Port: TX CCCH 23 bytes
2026/Jun/23 07:20:11.477671 USER GSM_Functions.ttcn3:1355 L3_Port: Detected Paging Request -> Use PCH (5)
2026/Jun/23 07:20:11.477679 USER GSM_Functions.ttcn3:1355 L3_Port: Sent 39 bytes via GSMTAP (chan=5)
2026/Jun/23 07:20:11.477685 PORTEVENT GSM_Functions.ttcn3:1355 Sent on L to system octetstring : '310621000899100700000000102B2B2B2B2B2B2B2B2B2B'O
2026/Jun/23 07:20:11.477689 USER GSM_Functions.ttcn3:1355 L3_Port: TX OCTETSTRING 23 bytes
2026/Jun/23 07:20:11.477695 USER GSM_Functions.ttcn3:1355 L3_Port: Data: 31 06 21 00 08 99 10 07 00 00 00 00 10 2B 2B 2B 2B 2B 2B 2B 2B 2B 2B 
2026/Jun/23 07:20:11.477700 USER GSM_Functions.ttcn3:1355 L3_Port: TX CCCH 23 bytes
2026/Jun/23 07:20:11.477704 USER GSM_Functions.ttcn3:1355 L3_Port: Detected Paging Request -> Use PCH (5)
2026/Jun/23 07:20:11.477712 USER GSM_Functions.ttcn3:1355 L3_Port: Sent 39 bytes via GSMTAP (chan=5)
2026/Jun/23 07:20:11.477719 PORTEVENT GSM_Functions.ttcn3:1355 Sent on L to system octetstring : '310621000899100700000000102B2B2B2B2B2B2B2B2B2B'O
2026/Jun/23 07:20:11.477722 USER GSM_Functions.ttcn3:1355 L3_Port: TX OCTETSTRING 23 bytes
2026/Jun/23 07:20:11.477729 USER GSM_Functions.ttcn3:1355 L3_Port: Data: 31 06 21 00 08 99 10 07 00 00 00 00 10 2B 2B 2B 2B 2B 2B 2B 2B 2B 2B 
2026/Jun/23 07:20:11.477734 USER GSM_Functions.ttcn3:1355 L3_Port: TX CCCH 23 bytes
2026/Jun/23 07:20:11.477738 USER GSM_Functions.ttcn3:1355 L3_Port: Detected Paging Request -> Use PCH (5)
2026/Jun/23 07:20:11.477746 USER GSM_Functions.ttcn3:1355 L3_Port: Sent 39 bytes via GSMTAP (chan=5)
2026/Jun/23 07:20:11.477755 PORTEVENT GSM_Functions.ttcn3:1355 Sent on L to system octetstring : '310621000899100700000000102B2B2B2B2B2B2B2B2B2B'O
2026/Jun/23 07:20:11.477758 USER GSM_Functions.ttcn3:1355 L3_Port: TX OCTETSTRING 23 bytes
2026/Jun/23 07:20:11.477765 USER GSM_Functions.ttcn3:1355 L3_Port: Data: 31 06 21 00 08 99 10 07 00 00 00 00 10 2B 2B 2B 2B 2B 2B 2B 2B 2B 2B 
2026/Jun/23 07:20:11.477769 USER GSM_Functions.ttcn3:1355 L3_Port: TX CCCH 23 bytes
2026/Jun/23 07:20:11.477775 USER GSM_Functions.ttcn3:1355 L3_Port: Detected Paging Request -> Use PCH (5)
2026/Jun/23 07:20:11.477783 USER GSM_Functions.ttcn3:1355 L3_Port: Sent 39 bytes via GSMTAP (chan=5)
2026/Jun/23 07:20:11.477789 PORTEVENT GSM_Functions.ttcn3:1355 Sent on L to system octetstring : '310621000899100700000000102B2B2B2B2B2B2B2B2B2B'O
2026/Jun/23 07:20:11.477793 USER GSM_Functions.ttcn3:1355 L3_Port: TX OCTETSTRING 23 bytes
2026/Jun/23 07:20:11.477799 USER GSM_Functions.ttcn3:1355 L3_Port: Data: 31 06 21 00 08 99 10 07 00 00 00 00 10 2B 2B 2B 2B 2B 2B 2B 2B 2B 2B 
2026/Jun/23 07:20:11.477803 USER GSM_Functions.ttcn3:1355 L3_Port: TX CCCH 23 bytes
2026/Jun/23 07:20:11.477808 USER GSM_Functions.ttcn3:1355 L3_Port: Detected Paging Request -> Use PCH (5)
2026/Jun/23 07:20:11.477815 USER GSM_Functions.ttcn3:1355 L3_Port: Sent 39 bytes via GSMTAP (chan=5)
2026/Jun/23 07:20:11.477827 PORTEVENT GSM_Functions.ttcn3:1355 Sent on L to system octetstring : '310621000899100700000000102B2B2B2B2B2B2B2B2B2B'O
2026/Jun/23 07:20:11.477833 USER GSM_Functions.ttcn3:1355 L3_Port: TX OCTETSTRING 23 bytes
2026/Jun/23 07:20:11.477839 USER GSM_Functions.ttcn3:1355 L3_Port: Data: 31 06 21 00 08 99 10 07 00 00 00 00 10 2B 2B 2B 2B 2B 2B 2B 2B 2B 2B 
2026/Jun/23 07:20:11.477845 USER GSM_Functions.ttcn3:1355 L3_Port: TX CCCH 23 bytes
2026/Jun/23 07:20:11.477849 USER GSM_Functions.ttcn3:1355 L3_Port: Detected Paging Request -> Use PCH (5)
2026/Jun/23 07:20:11.477858 USER GSM_Functions.ttcn3:1355 L3_Port: Sent 39 bytes via GSMTAP (chan=5)
2026/Jun/23 07:20:11.477864 PORTEVENT GSM_Functions.ttcn3:1355 Sent on L to system octetstring : '310621000899100700000000102B2B2B2B2B2B2B2B2B2B'O
2026/Jun/23 07:20:11.477868 USER GSM_Functions.ttcn3:1355 L3_Port: TX OCTETSTRING 23 bytes
2026/Jun/23 07:20:11.477874 USER GSM_Functions.ttcn3:1355 L3_Port: Data: 31 06 21 00 08 99 10 07 00 00 00 00 10 2B 2B 2B 2B 2B 2B 2B 2B 2B 2B 
2026/Jun/23 07:20:11.477878 USER GSM_Functions.ttcn3:1355 L3_Port: TX CCCH 23 bytes
2026/Jun/23 07:20:11.477882 USER GSM_Functions.ttcn3:1355 L3_Port: Detected Paging Request -> Use PCH (5)
2026/Jun/23 07:20:11.477891 USER GSM_Functions.ttcn3:1355 L3_Port: Sent 39 bytes via GSMTAP (chan=5)
2026/Jun/23 07:20:11.477897 PORTEVENT GSM_Functions.ttcn3:1355 Sent on L to system octetstring : '310621000899100700000000102B2B2B2B2B2B2B2B2B2B'O
2026/Jun/23 07:20:11.477901 USER GSM_Functions.ttcn3:1355 L3_Port: TX OCTETSTRING 23 bytes
2026/Jun/23 07:20:11.477907 USER GSM_Functions.ttcn3:1355 L3_Port: Data: 31 06 21 00 08 99 10 07 00 00 00 00 10 2B 2B 2B 2B 2B 2B 2B 2B 2B 2B 
2026/Jun/23 07:20:11.477911 USER GSM_Functions.ttcn3:1355 L3_Port: TX CCCH 23 bytes
2026/Jun/23 07:20:11.477916 USER GSM_Functions.ttcn3:1355 L3_Port: Detected Paging Request -> Use PCH (5)
2026/Jun/23 07:20:11.477924 USER GSM_Functions.ttcn3:1355 L3_Port: Sent 39 bytes via GSMTAP (chan=5)
2026/Jun/23 07:20:11.477930 PORTEVENT GSM_Functions.ttcn3:1355 Sent on L to system octetstring : '310621000899100700000000102B2B2B2B2B2B2B2B2B2B'O
2026/Jun/23 07:20:11.477934 USER GSM_Functions.ttcn3:1355 L3_Port: TX OCTETSTRING 23 bytes
2026/Jun/23 07:20:11.477939 USER GSM_Functions.ttcn3:1355 L3_Port: Data: 31 06 21 00 08 99 10 07 00 00 00 00 10 2B 2B 2B 2B 2B 2B 2B 2B 2B 2B 
2026/Jun/23 07:20:11.477943 USER GSM_Functions.ttcn3:1355 L3_Port: TX CCCH 23 bytes
2026/Jun/23 07:20:11.477950 USER GSM_Functions.ttcn3:1355 L3_Port: Detected Paging Request -> Use PCH (5)
2026/Jun/23 07:20:11.477958 USER GSM_Functions.ttcn3:1355 L3_Port: Sent 39 bytes via GSMTAP (chan=5)
2026/Jun/23 07:20:11.477964 PORTEVENT GSM_Functions.ttcn3:1355 Sent on L to system octetstring : '310621000899100700000000102B2B2B2B2B2B2B2B2B2B'O
2026/Jun/23 07:20:11.477971 USER GSM_Functions.ttcn3:1355 L3_Port: TX OCTETSTRING 23 bytes
2026/Jun/23 07:20:11.477977 USER GSM_Functions.ttcn3:1355 L3_Port: Data: 31 06 21 00 08 99 10 07 00 00 00 00 10 2B 2B 2B 2B 2B 2B 2B 2B 2B 2B 
2026/Jun/23 07:20:11.477982 USER GSM_Functions.ttcn3:1355 L3_Port: TX CCCH 23 bytes
2026/Jun/23 07:20:11.477986 USER GSM_Functions.ttcn3:1355 L3_Port: Detected Paging Request -> Use PCH (5)
2026/Jun/23 07:20:11.477996 USER GSM_Functions.ttcn3:1355 L3_Port: Sent 39 bytes via GSMTAP (chan=5)
2026/Jun/23 07:20:11.478002 PORTEVENT GSM_Functions.ttcn3:1355 Sent on L to system octetstring : '310621000899100700000000102B2B2B2B2B2B2B2B2B2B'O
2026/Jun/23 07:20:11.478006 USER GSM_Functions.ttcn3:1355 L3_Port: TX OCTETSTRING 23 bytes
2026/Jun/23 07:20:11.478012 USER GSM_Functions.ttcn3:1355 L3_Port: Data: 31 06 21 00 08 99 10 07 00 00 00 00 10 2B 2B 2B 2B 2B 2B 2B 2B 2B 2B 
2026/Jun/23 07:20:11.478016 USER GSM_Functions.ttcn3:1355 L3_Port: TX CCCH 23 bytes
2026/Jun/23 07:20:11.478020 USER GSM_Functions.ttcn3:1355 L3_Port: Detected Paging Request -> Use PCH (5)
2026/Jun/23 07:20:11.478028 USER GSM_Functions.ttcn3:1355 L3_Port: Sent 39 bytes via GSMTAP (chan=5)
2026/Jun/23 07:20:11.478034 PORTEVENT GSM_Functions.ttcn3:1355 Sent on L to system octetstring : '310621000899100700000000102B2B2B2B2B2B2B2B2B2B'O
2026/Jun/23 07:20:11.478038 USER GSM_Functions.ttcn3:1355 L3_Port: TX OCTETSTRING 23 bytes
2026/Jun/23 07:20:11.478044 USER GSM_Functions.ttcn3:1355 L3_Port: Data: 31 06 21 00 08 99 10 07 00 00 00 00 10 2B 2B 2B 2B 2B 2B 2B 2B 2B 2B 
2026/Jun/23 07:20:11.478048 USER GSM_Functions.ttcn3:1355 L3_Port: TX CCCH 23 bytes
2026/Jun/23 07:20:11.478052 USER GSM_Functions.ttcn3:1355 L3_Port: Detected Paging Request -> Use PCH (5)
2026/Jun/23 07:20:11.478062 USER GSM_Functions.ttcn3:1355 L3_Port: Sent 39 bytes via GSMTAP (chan=5)
2026/Jun/23 07:20:11.478068 PORTEVENT GSM_Functions.ttcn3:1355 Sent on L to system octetstring : '310621000899100700000000102B2B2B2B2B2B2B2B2B2B'O
2026/Jun/23 07:20:11.478072 USER GSM_Functions.ttcn3:1355 L3_Port: TX OCTETSTRING 23 bytes
2026/Jun/23 07:20:11.478078 USER GSM_Functions.ttcn3:1355 L3_Port: Data: 31 06 21 00 08 99 10 07 00 00 00 00 10 2B 2B 2B 2B 2B 2B 2B 2B 2B 2B 
2026/Jun/23 07:20:11.478082 USER GSM_Functions.ttcn3:1355 L3_Port: TX CCCH 23 bytes
2026/Jun/23 07:20:11.478086 USER GSM_Functions.ttcn3:1355 L3_Port: Detected Paging Request -> Use PCH (5)
2026/Jun/23 07:20:11.478094 USER GSM_Functions.ttcn3:1355 L3_Port: Sent 39 bytes via GSMTAP (chan=5)
2026/Jun/23 07:20:11.478101 PORTEVENT GSM_Functions.ttcn3:1355 Sent on L to system octetstring : '310621000899100700000000102B2B2B2B2B2B2B2B2B2B'O
2026/Jun/23 07:20:11.478104 USER GSM_Functions.ttcn3:1355 L3_Port: TX OCTETSTRING 23 bytes
2026/Jun/23 07:20:11.478110 USER GSM_Functions.ttcn3:1355 L3_Port: Data: 31 06 21 00 08 99 10 07 00 00 00 00 10 2B 2B 2B 2B 2B 2B 2B 2B 2B 2B 
2026/Jun/23 07:20:11.478114 USER GSM_Functions.ttcn3:1355 L3_Port: TX CCCH 23 bytes
2026/Jun/23 07:20:11.478120 USER GSM_Functions.ttcn3:1355 L3_Port: Detected Paging Request -> Use PCH (5)
2026/Jun/23 07:20:11.478129 USER GSM_Functions.ttcn3:1355 L3_Port: Sent 39 bytes via GSMTAP (chan=5)
2026/Jun/23 07:20:11.478135 PORTEVENT GSM_Functions.ttcn3:1355 Sent on L to system octetstring : '310621000899100700000000102B2B2B2B2B2B2B2B2B2B'O
2026/Jun/23 07:20:11.478138 USER GSM_Functions.ttcn3:1355 L3_Port: TX OCTETSTRING 23 bytes
2026/Jun/23 07:20:11.478144 USER GSM_Functions.ttcn3:1355 L3_Port: Data: 31 06 21 00 08 99 10 07 00 00 00 00 10 2B 2B 2B 2B 2B 2B 2B 2B 2B 2B 
2026/Jun/23 07:20:11.478150 USER GSM_Functions.ttcn3:1355 L3_Port: TX CCCH 23 bytes
2026/Jun/23 07:20:11.478154 USER GSM_Functions.ttcn3:1355 L3_Port: Detected Paging Request -> Use PCH (5)
2026/Jun/23 07:20:11.478163 USER GSM_Functions.ttcn3:1355 L3_Port: Sent 39 bytes via GSMTAP (chan=5)
2026/Jun/23 07:20:11.478169 PORTEVENT GSM_Functions.ttcn3:1355 Sent on L to system octetstring : '310621000899100700000000102B2B2B2B2B2B2B2B2B2B'O
2026/Jun/23 07:20:11.478175 USER GSM_Functions.ttcn3:1355 L3_Port: TX OCTETSTRING 23 bytes
2026/Jun/23 07:20:11.478183 USER GSM_Functions.ttcn3:1355 L3_Port: Data: 31 06 21 00 08 99 10 07 00 00 00 00 10 2B 2B 2B 2B 2B 2B 2B 2B 2B 2B 
2026/Jun/23 07:20:11.478188 USER GSM_Functions.ttcn3:1355 L3_Port: TX CCCH 23 bytes
2026/Jun/23 07:20:11.478192 USER GSM_Functions.ttcn3:1355 L3_Port: Detected Paging Request -> Use PCH (5)
2026/Jun/23 07:20:11.478201 USER GSM_Functions.ttcn3:1355 L3_Port: Sent 39 bytes via GSMTAP (chan=5)
2026/Jun/23 07:20:11.478208 PORTEVENT GSM_Functions.ttcn3:1355 Sent on L to system octetstring : '310621000899100700000000102B2B2B2B2B2B2B2B2B2B'O
2026/Jun/23 07:20:11.478211 USER GSM_Functions.ttcn3:1355 L3_Port: TX OCTETSTRING 23 bytes
2026/Jun/23 07:20:11.478218 USER GSM_Functions.ttcn3:1355 L3_Port: Data: 31 06 21 00 08 99 10 07 00 00 00 00 10 2B 2B 2B 2B 2B 2B 2B 2B 2B 2B 
2026/Jun/23 07:20:11.478223 USER GSM_Functions.ttcn3:1355 L3_Port: TX CCCH 23 bytes
2026/Jun/23 07:20:11.478227 USER GSM_Functions.ttcn3:1355 L3_Port: Detected Paging Request -> Use PCH (5)
2026/Jun/23 07:20:11.478236 USER GSM_Functions.ttcn3:1355 L3_Port: Sent 39 bytes via GSMTAP (chan=5)
2026/Jun/23 07:20:11.478242 PORTEVENT GSM_Functions.ttcn3:1355 Sent on L to system octetstring : '310621000899100700000000102B2B2B2B2B2B2B2B2B2B'O
2026/Jun/23 07:20:11.478246 USER GSM_Functions.ttcn3:1355 L3_Port: TX OCTETSTRING 23 bytes
2026/Jun/23 07:20:11.478252 USER GSM_Functions.ttcn3:1355 L3_Port: Data: 31 06 21 00 08 99 10 07 00 00 00 00 10 2B 2B 2B 2B 2B 2B 2B 2B 2B 2B 
2026/Jun/23 07:20:11.478256 USER GSM_Functions.ttcn3:1355 L3_Port: TX CCCH 23 bytes
2026/Jun/23 07:20:11.478261 USER GSM_Functions.ttcn3:1355 L3_Port: Detected Paging Request -> Use PCH (5)
2026/Jun/23 07:20:11.478269 USER GSM_Functions.ttcn3:1355 L3_Port: Sent 39 bytes via GSMTAP (chan=5)
2026/Jun/23 07:20:11.478275 PORTEVENT GSM_Functions.ttcn3:1355 Sent on L to system octetstring : '310621000899100700000000102B2B2B2B2B2B2B2B2B2B'O
2026/Jun/23 07:20:11.478278 USER GSM_Functions.ttcn3:1355 L3_Port: TX OCTETSTRING 23 bytes
2026/Jun/23 07:20:11.478285 USER GSM_Functions.ttcn3:1355 L3_Port: Data: 31 06 21 00 08 99 10 07 00 00 00 00 10 2B 2B 2B 2B 2B 2B 2B 2B 2B 2B 
2026/Jun/23 07:20:11.478289 USER GSM_Functions.ttcn3:1355 L3_Port: TX CCCH 23 bytes
2026/Jun/23 07:20:11.478293 USER GSM_Functions.ttcn3:1355 L3_Port: Detected Paging Request -> Use PCH (5)
2026/Jun/23 07:20:11.478302 USER GSM_Functions.ttcn3:1355 L3_Port: Sent 39 bytes via GSMTAP (chan=5)
2026/Jun/23 07:20:11.478308 PORTEVENT GSM_Functions.ttcn3:1355 Sent on L to system octetstring : '310621000899100700000000102B2B2B2B2B2B2B2B2B2B'O
2026/Jun/23 07:20:11.478312 USER GSM_Functions.ttcn3:1355 L3_Port: TX OCTETSTRING 23 bytes
2026/Jun/23 07:20:11.478318 USER GSM_Functions.ttcn3:1355 L3_Port: Data: 31 06 21 00 08 99 10 07 00 00 00 00 10 2B 2B 2B 2B 2B 2B 2B 2B 2B 2B 
2026/Jun/23 07:20:11.478322 USER GSM_Functions.ttcn3:1355 L3_Port: TX CCCH 23 bytes
2026/Jun/23 07:20:11.478326 USER GSM_Functions.ttcn3:1355 L3_Port: Detected Paging Request -> Use PCH (5)
2026/Jun/23 07:20:11.478334 USER GSM_Functions.ttcn3:1355 L3_Port: Sent 39 bytes via GSMTAP (chan=5)
2026/Jun/23 07:20:11.478340 PORTEVENT GSM_Functions.ttcn3:1355 Sent on L to system octetstring : '310621000899100700000000102B2B2B2B2B2B2B2B2B2B'O
2026/Jun/23 07:20:11.478344 USER GSM_Functions.ttcn3:1355 L3_Port: TX OCTETSTRING 23 bytes
2026/Jun/23 07:20:11.478350 USER GSM_Functions.ttcn3:1355 L3_Port: Data: 31 06 21 00 08 99 10 07 00 00 00 00 10 2B 2B 2B 2B 2B 2B 2B 2B 2B 2B 
2026/Jun/23 07:20:11.478354 USER GSM_Functions.ttcn3:1355 L3_Port: TX CCCH 23 bytes
2026/Jun/23 07:20:11.478358 USER GSM_Functions.ttcn3:1355 L3_Port: Detected Paging Request -> Use PCH (5)
2026/Jun/23 07:20:11.478367 USER GSM_Functions.ttcn3:1355 L3_Port: Sent 39 bytes via GSMTAP (chan=5)
2026/Jun/23 07:20:11.478375 PORTEVENT GSM_Functions.ttcn3:1355 Sent on L to system octetstring : '310621000899100700000000102B2B2B2B2B2B2B2B2B2B'O
2026/Jun/23 07:20:11.478378 USER GSM_Functions.ttcn3:1355 L3_Port: TX OCTETSTRING 23 bytes
2026/Jun/23 07:20:11.478388 USER GSM_Functions.ttcn3:1355 L3_Port: Data: 31 06 21 00 08 99 10 07 00 00 00 00 10 2B 2B 2B 2B 2B 2B 2B 2B 2B 2B 
2026/Jun/23 07:20:11.478392 USER GSM_Functions.ttcn3:1355 L3_Port: TX CCCH 23 bytes
2026/Jun/23 07:20:11.478396 USER GSM_Functions.ttcn3:1355 L3_Port: Detected Paging Request -> Use PCH (5)
2026/Jun/23 07:20:11.478405 USER GSM_Functions.ttcn3:1355 L3_Port: Sent 39 bytes via GSMTAP (chan=5)
2026/Jun/23 07:20:11.478411 PORTEVENT GSM_Functions.ttcn3:1355 Sent on L to system octetstring : '310621000899100700000000102B2B2B2B2B2B2B2B2B2B'O
2026/Jun/23 07:20:11.478414 USER GSM_Functions.ttcn3:1355 L3_Port: TX OCTETSTRING 23 bytes
2026/Jun/23 07:20:11.478421 USER GSM_Functions.ttcn3:1355 L3_Port: Data: 31 06 21 00 08 99 10 07 00 00 00 00 10 2B 2B 2B 2B 2B 2B 2B 2B 2B 2B 
2026/Jun/23 07:20:11.478425 USER GSM_Functions.ttcn3:1355 L3_Port: TX CCCH 23 bytes
2026/Jun/23 07:20:11.478430 USER GSM_Functions.ttcn3:1355 L3_Port: Detected Paging Request -> Use PCH (5)
2026/Jun/23 07:20:11.478439 USER GSM_Functions.ttcn3:1355 L3_Port: Sent 39 bytes via GSMTAP (chan=5)
2026/Jun/23 07:20:11.478445 PORTEVENT GSM_Functions.ttcn3:1355 Sent on L to system octetstring : '310621000899100700000000102B2B2B2B2B2B2B2B2B2B'O
2026/Jun/23 07:20:11.478449 USER GSM_Functions.ttcn3:1355 L3_Port: TX OCTETSTRING 23 bytes
2026/Jun/23 07:20:11.478455 USER GSM_Functions.ttcn3:1355 L3_Port: Data: 31 06 21 00 08 99 10 07 00 00 00 00 10 2B 2B 2B 2B 2B 2B 2B 2B 2B 2B 
2026/Jun/23 07:20:11.478459 USER GSM_Functions.ttcn3:1355 L3_Port: TX CCCH 23 bytes
2026/Jun/23 07:20:11.478463 USER GSM_Functions.ttcn3:1355 L3_Port: Detected Paging Request -> Use PCH (5)
2026/Jun/23 07:20:11.478472 USER GSM_Functions.ttcn3:1355 L3_Port: Sent 39 bytes via GSMTAP (chan=5)
2026/Jun/23 07:20:11.478478 PORTEVENT GSM_Functions.ttcn3:1355 Sent on L to system octetstring : '310621000899100700000000102B2B2B2B2B2B2B2B2B2B'O
2026/Jun/23 07:20:11.478481 USER GSM_Functions.ttcn3:1355 L3_Port: TX OCTETSTRING 23 bytes
2026/Jun/23 07:20:11.478487 USER GSM_Functions.ttcn3:1355 L3_Port: Data: 31 06 21 00 08 99 10 07 00 00 00 00 10 2B 2B 2B 2B 2B 2B 2B 2B 2B 2B 
2026/Jun/23 07:20:11.478493 USER GSM_Functions.ttcn3:1355 L3_Port: TX CCCH 23 bytes
2026/Jun/23 07:20:11.478497 USER GSM_Functions.ttcn3:1355 L3_Port: Detected Paging Request -> Use PCH (5)
2026/Jun/23 07:20:11.478505 USER GSM_Functions.ttcn3:1355 L3_Port: Sent 39 bytes via GSMTAP (chan=5)
2026/Jun/23 07:20:11.478511 PORTEVENT GSM_Functions.ttcn3:1355 Sent on L to system octetstring : '310621000899100700000000102B2B2B2B2B2B2B2B2B2B'O
2026/Jun/23 07:20:11.478515 USER GSM_Functions.ttcn3:1355 L3_Port: TX OCTETSTRING 23 bytes
2026/Jun/23 07:20:11.478521 USER GSM_Functions.ttcn3:1355 L3_Port: Data: 31 06 21 00 08 99 10 07 00 00 00 00 10 2B 2B 2B 2B 2B 2B 2B 2B 2B 2B 
2026/Jun/23 07:20:11.478525 USER GSM_Functions.ttcn3:1355 L3_Port: TX CCCH 23 bytes
2026/Jun/23 07:20:11.478530 USER GSM_Functions.ttcn3:1355 L3_Port: Detected Paging Request -> Use PCH (5)
2026/Jun/23 07:20:11.478538 USER GSM_Functions.ttcn3:1355 L3_Port: Sent 39 bytes via GSMTAP (chan=5)
2026/Jun/23 07:20:11.478544 PORTEVENT GSM_Functions.ttcn3:1355 Sent on L to system octetstring : '310621000899100700000000102B2B2B2B2B2B2B2B2B2B'O
2026/Jun/23 07:20:11.478548 USER GSM_Functions.ttcn3:1355 L3_Port: TX OCTETSTRING 23 bytes
2026/Jun/23 07:20:11.478554 USER GSM_Functions.ttcn3:1355 L3_Port: Data: 31 06 21 00 08 99 10 07 00 00 00 00 10 2B 2B 2B 2B 2B 2B 2B 2B 2B 2B 
2026/Jun/23 07:20:11.478560 USER GSM_Functions.ttcn3:1355 L3_Port: TX CCCH 23 bytes
2026/Jun/23 07:20:11.478564 USER GSM_Functions.ttcn3:1355 L3_Port: Detected Paging Request -> Use PCH (5)
2026/Jun/23 07:20:11.478572 USER GSM_Functions.ttcn3:1355 L3_Port: Sent 39 bytes via GSMTAP (chan=5)
2026/Jun/23 07:20:11.478578 PORTEVENT GSM_Functions.ttcn3:1355 Sent on L to system octetstring : '310621000899100700000000102B2B2B2B2B2B2B2B2B2B'O
2026/Jun/23 07:20:11.478581 USER GSM_Functions.ttcn3:1355 L3_Port: TX OCTETSTRING 23 bytes
2026/Jun/23 07:20:11.478590 USER GSM_Functions.ttcn3:1355 L3_Port: Data: 31 06 21 00 08 99 10 07 00 00 00 00 10 2B 2B 2B 2B 2B 2B 2B 2B 2B 2B 
2026/Jun/23 07:20:11.478595 USER GSM_Functions.ttcn3:1355 L3_Port: TX CCCH 23 bytes
2026/Jun/23 07:20:11.478599 USER GSM_Functions.ttcn3:1355 L3_Port: Detected Paging Request -> Use PCH (5)
2026/Jun/23 07:20:11.478608 USER GSM_Functions.ttcn3:1355 L3_Port: Sent 39 bytes via GSMTAP (chan=5)
2026/Jun/23 07:20:11.478615 PORTEVENT GSM_Functions.ttcn3:1355 Sent on L to system octetstring : '310621000899100700000000102B2B2B2B2B2B2B2B2B2B'O
2026/Jun/23 07:20:11.478618 USER GSM_Functions.ttcn3:1355 L3_Port: TX OCTETSTRING 23 bytes
2026/Jun/23 07:20:11.478625 USER GSM_Functions.ttcn3:1355 L3_Port: Data: 31 06 21 00 08 99 10 07 00 00 00 00 10 2B 2B 2B 2B 2B 2B 2B 2B 2B 2B 
2026/Jun/23 07:20:11.478630 USER GSM_Functions.ttcn3:1355 L3_Port: TX CCCH 23 bytes
2026/Jun/23 07:20:11.478634 USER GSM_Functions.ttcn3:1355 L3_Port: Detected Paging Request -> Use PCH (5)
2026/Jun/23 07:20:11.478642 USER GSM_Functions.ttcn3:1355 L3_Port: Sent 39 bytes via GSMTAP (chan=5)
2026/Jun/23 07:20:11.478649 PORTEVENT GSM_Functions.ttcn3:1355 Sent on L to system octetstring : '310621000899100700000000102B2B2B2B2B2B2B2B2B2B'O
2026/Jun/23 07:20:11.478652 USER GSM_Functions.ttcn3:1355 L3_Port: TX OCTETSTRING 23 bytes
2026/Jun/23 07:20:11.478659 USER GSM_Functions.ttcn3:1355 L3_Port: Data: 31 06 21 00 08 99 10 07 00 00 00 00 10 2B 2B 2B 2B 2B 2B 2B 2B 2B 2B 
2026/Jun/23 07:20:11.478663 USER GSM_Functions.ttcn3:1355 L3_Port: TX CCCH 23 bytes
2026/Jun/23 07:20:11.478669 USER GSM_Functions.ttcn3:1355 L3_Port: Detected Paging Request -> Use PCH (5)
2026/Jun/23 07:20:11.478677 USER GSM_Functions.ttcn3:1355 L3_Port: Sent 39 bytes via GSMTAP (chan=5)
2026/Jun/23 07:20:11.478683 PORTEVENT GSM_Functions.ttcn3:1355 Sent on L to system octetstring : '310621000899100700000000102B2B2B2B2B2B2B2B2B2B'O
2026/Jun/23 07:20:11.478686 USER GSM_Functions.ttcn3:1355 L3_Port: TX OCTETSTRING 23 bytes
2026/Jun/23 07:20:11.478693 USER GSM_Functions.ttcn3:1355 L3_Port: Data: 31 06 21 00 08 99 10 07 00 00 00 00 10 2B 2B 2B 2B 2B 2B 2B 2B 2B 2B 
2026/Jun/23 07:20:11.478698 USER GSM_Functions.ttcn3:1355 L3_Port: TX CCCH 23 bytes
2026/Jun/23 07:20:11.478702 USER GSM_Functions.ttcn3:1355 L3_Port: Detected Paging Request -> Use PCH (5)
2026/Jun/23 07:20:11.478710 USER GSM_Functions.ttcn3:1355 L3_Port: Sent 39 bytes via GSMTAP (chan=5)
2026/Jun/23 07:20:11.478717 PORTEVENT GSM_Functions.ttcn3:1355 Sent on L to system octetstring : '310621000899100700000000102B2B2B2B2B2B2B2B2B2B'O
2026/Jun/23 07:20:11.478720 USER GSM_Functions.ttcn3:1355 L3_Port: TX OCTETSTRING 23 bytes
2026/Jun/23 07:20:11.478726 USER GSM_Functions.ttcn3:1355 L3_Port: Data: 31 06 21 00 08 99 10 07 00 00 00 00 10 2B 2B 2B 2B 2B 2B 2B 2B 2B 2B 
2026/Jun/23 07:20:11.478730 USER GSM_Functions.ttcn3:1355 L3_Port: TX CCCH 23 bytes
2026/Jun/23 07:20:11.478734 USER GSM_Functions.ttcn3:1355 L3_Port: Detected Paging Request -> Use PCH (5)
2026/Jun/23 07:20:11.478742 USER GSM_Functions.ttcn3:1355 L3_Port: Sent 39 bytes via GSMTAP (chan=5)
2026/Jun/23 07:20:11.478749 PORTEVENT GSM_Functions.ttcn3:1355 Sent on L to system octetstring : '310621000899100700000000102B2B2B2B2B2B2B2B2B2B'O
2026/Jun/23 07:20:11.478752 USER GSM_Functions.ttcn3:1355 L3_Port: TX OCTETSTRING 23 bytes
2026/Jun/23 07:20:11.478758 USER GSM_Functions.ttcn3:1355 L3_Port: Data: 31 06 21 00 08 99 10 07 00 00 00 00 10 2B 2B 2B 2B 2B 2B 2B 2B 2B 2B 
2026/Jun/23 07:20:11.478763 USER GSM_Functions.ttcn3:1355 L3_Port: TX CCCH 23 bytes
2026/Jun/23 07:20:11.478768 USER GSM_Functions.ttcn3:1355 L3_Port: Detected Paging Request -> Use PCH (5)
2026/Jun/23 07:20:11.478776 USER GSM_Functions.ttcn3:1355 L3_Port: Sent 39 bytes via GSMTAP (chan=5)
2026/Jun/23 07:20:11.478782 PORTEVENT GSM_Functions.ttcn3:1355 Sent on L to system octetstring : '310621000899100700000000102B2B2B2B2B2B2B2B2B2B'O
2026/Jun/23 07:20:11.478786 USER GSM_Functions.ttcn3:1355 L3_Port: TX OCTETSTRING 23 bytes
2026/Jun/23 07:20:11.478792 USER GSM_Functions.ttcn3:1355 L3_Port: Data: 31 06 21 00 08 99 10 07 00 00 00 00 10 2B 2B 2B 2B 2B 2B 2B 2B 2B 2B 
2026/Jun/23 07:20:11.478799 USER GSM_Functions.ttcn3:1355 L3_Port: TX CCCH 23 bytes
2026/Jun/23 07:20:11.478803 USER GSM_Functions.ttcn3:1355 L3_Port: Detected Paging Request -> Use PCH (5)
2026/Jun/23 07:20:11.478812 USER GSM_Functions.ttcn3:1355 L3_Port: Sent 39 bytes via GSMTAP (chan=5)
2026/Jun/23 07:20:11.478818 PORTEVENT GSM_Functions.ttcn3:1355 Sent on L to system octetstring : '310621000899100700000000102B2B2B2B2B2B2B2B2B2B'O
2026/Jun/23 07:20:11.478830 USER GSM_Functions.ttcn3:1355 L3_Port: TX OCTETSTRING 23 bytes
2026/Jun/23 07:20:11.478836 USER GSM_Functions.ttcn3:1355 L3_Port: Data: 31 06 21 00 08 99 10 07 00 00 00 00 10 2B 2B 2B 2B 2B 2B 2B 2B 2B 2B 
2026/Jun/23 07:20:11.478842 USER GSM_Functions.ttcn3:1355 L3_Port: TX CCCH 23 bytes
2026/Jun/23 07:20:11.478846 USER GSM_Functions.ttcn3:1355 L3_Port: Detected Paging Request -> Use PCH (5)
2026/Jun/23 07:20:11.478855 USER GSM_Functions.ttcn3:1355 L3_Port: Sent 39 bytes via GSMTAP (chan=5)
2026/Jun/23 07:20:11.478861 PORTEVENT GSM_Functions.ttcn3:1355 Sent on L to system octetstring : '310621000899100700000000102B2B2B2B2B2B2B2B2B2B'O
2026/Jun/23 07:20:11.478865 USER GSM_Functions.ttcn3:1355 L3_Port: TX OCTETSTRING 23 bytes
2026/Jun/23 07:20:11.478871 USER GSM_Functions.ttcn3:1355 L3_Port: Data: 31 06 21 00 08 99 10 07 00 00 00 00 10 2B 2B 2B 2B 2B 2B 2B 2B 2B 2B 
2026/Jun/23 07:20:11.478876 USER GSM_Functions.ttcn3:1355 L3_Port: TX CCCH 23 bytes
2026/Jun/23 07:20:11.478880 USER GSM_Functions.ttcn3:1355 L3_Port: Detected Paging Request -> Use PCH (5)
2026/Jun/23 07:20:11.478888 USER GSM_Functions.ttcn3:1355 L3_Port: Sent 39 bytes via GSMTAP (chan=5)
2026/Jun/23 07:20:11.478894 PORTEVENT GSM_Functions.ttcn3:1355 Sent on L to system octetstring : '310621000899100700000000102B2B2B2B2B2B2B2B2B2B'O
2026/Jun/23 07:20:11.478898 USER GSM_Functions.ttcn3:1355 L3_Port: TX OCTETSTRING 23 bytes
2026/Jun/23 07:20:11.478904 USER GSM_Functions.ttcn3:1355 L3_Port: Data: 31 06 21 00 08 99 10 07 00 00 00 00 10 2B 2B 2B 2B 2B 2B 2B 2B 2B 2B 
2026/Jun/23 07:20:11.478910 USER GSM_Functions.ttcn3:1355 L3_Port: TX CCCH 23 bytes
2026/Jun/23 07:20:11.478914 USER GSM_Functions.ttcn3:1355 L3_Port: Detected Paging Request -> Use PCH (5)
2026/Jun/23 07:20:11.478923 USER GSM_Functions.ttcn3:1355 L3_Port: Sent 39 bytes via GSMTAP (chan=5)
2026/Jun/23 07:20:11.478929 PORTEVENT GSM_Functions.ttcn3:1355 Sent on L to system octetstring : '310621000899100700000000102B2B2B2B2B2B2B2B2B2B'O
2026/Jun/23 07:20:11.478932 USER GSM_Functions.ttcn3:1355 L3_Port: TX OCTETSTRING 23 bytes
2026/Jun/23 07:20:11.478939 USER GSM_Functions.ttcn3:1355 L3_Port: Data: 31 06 21 00 08 99 10 07 00 00 00 00 10 2B 2B 2B 2B 2B 2B 2B 2B 2B 2B 
2026/Jun/23 07:20:11.478943 USER GSM_Functions.ttcn3:1355 L3_Port: TX CCCH 23 bytes
2026/Jun/23 07:20:11.478948 USER GSM_Functions.ttcn3:1355 L3_Port: Detected Paging Request -> Use PCH (5)
2026/Jun/23 07:20:11.478956 USER GSM_Functions.ttcn3:1355 L3_Port: Sent 39 bytes via GSMTAP (chan=5)
2026/Jun/23 07:20:11.478962 PORTEVENT GSM_Functions.ttcn3:1355 Sent on L to system octetstring : '310621000899100700000000102B2B2B2B2B2B2B2B2B2B'O
2026/Jun/23 07:20:11.478965 USER GSM_Functions.ttcn3:1355 L3_Port: TX OCTETSTRING 23 bytes
2026/Jun/23 07:20:11.478971 USER GSM_Functions.ttcn3:1355 L3_Port: Data: 31 06 21 00 08 99 10 07 00 00 00 00 10 2B 2B 2B 2B 2B 2B 2B 2B 2B 2B 
2026/Jun/23 07:20:11.478977 USER GSM_Functions.ttcn3:1355 L3_Port: TX CCCH 23 bytes
2026/Jun/23 07:20:11.478981 USER GSM_Functions.ttcn3:1355 L3_Port: Detected Paging Request -> Use PCH (5)
2026/Jun/23 07:20:11.478989 USER GSM_Functions.ttcn3:1355 L3_Port: Sent 39 bytes via GSMTAP (chan=5)
2026/Jun/23 07:20:11.478995 PORTEVENT GSM_Functions.ttcn3:1355 Sent on L to system octetstring : '310621000899100700000000102B2B2B2B2B2B2B2B2B2B'O
2026/Jun/23 07:20:11.478999 USER GSM_Functions.ttcn3:1355 L3_Port: TX OCTETSTRING 23 bytes
2026/Jun/23 07:20:11.479005 USER GSM_Functions.ttcn3:1355 L3_Port: Data: 31 06 21 00 08 99 10 07 00 00 00 00 10 2B 2B 2B 2B 2B 2B 2B 2B 2B 2B 
2026/Jun/23 07:20:11.479013 USER GSM_Functions.ttcn3:1355 L3_Port: TX CCCH 23 bytes
2026/Jun/23 07:20:11.479017 USER GSM_Functions.ttcn3:1355 L3_Port: Detected Paging Request -> Use PCH (5)
2026/Jun/23 07:20:11.479025 USER GSM_Functions.ttcn3:1355 L3_Port: Sent 39 bytes via GSMTAP (chan=5)
2026/Jun/23 07:20:11.479032 PORTEVENT GSM_Functions.ttcn3:1355 Sent on L to system octetstring : '310621000899100700000000102B2B2B2B2B2B2B2B2B2B'O
2026/Jun/23 07:20:11.479035 USER GSM_Functions.ttcn3:1355 L3_Port: TX OCTETSTRING 23 bytes
2026/Jun/23 07:20:11.479042 USER GSM_Functions.ttcn3:1355 L3_Port: Data: 31 06 21 00 08 99 10 07 00 00 00 00 10 2B 2B 2B 2B 2B 2B 2B 2B 2B 2B 
2026/Jun/23 07:20:11.479047 USER GSM_Functions.ttcn3:1355 L3_Port: TX CCCH 23 bytes
2026/Jun/23 07:20:11.479051 USER GSM_Functions.ttcn3:1355 L3_Port: Detected Paging Request -> Use PCH (5)
2026/Jun/23 07:20:11.479060 USER GSM_Functions.ttcn3:1355 L3_Port: Sent 39 bytes via GSMTAP (chan=5)
2026/Jun/23 07:20:11.479066 PORTEVENT GSM_Functions.ttcn3:1355 Sent on L to system octetstring : '310621000899100700000000102B2B2B2B2B2B2B2B2B2B'O
2026/Jun/23 07:20:11.479069 USER GSM_Functions.ttcn3:1355 L3_Port: TX OCTETSTRING 23 bytes
2026/Jun/23 07:20:11.479076 USER GSM_Functions.ttcn3:1355 L3_Port: Data: 31 06 21 00 08 99 10 07 00 00 00 00 10 2B 2B 2B 2B 2B 2B 2B 2B 2B 2B 
2026/Jun/23 07:20:11.479080 USER GSM_Functions.ttcn3:1355 L3_Port: TX CCCH 23 bytes
2026/Jun/23 07:20:11.479084 USER GSM_Functions.ttcn3:1355 L3_Port: Detected Paging Request -> Use PCH (5)
2026/Jun/23 07:20:11.479092 USER GSM_Functions.ttcn3:1355 L3_Port: Sent 39 bytes via GSMTAP (chan=5)
2026/Jun/23 07:20:11.479099 PORTEVENT GSM_Functions.ttcn3:1355 Sent on L to system octetstring : '310621000899100700000000102B2B2B2B2B2B2B2B2B2B'O
2026/Jun/23 07:20:11.479102 USER GSM_Functions.ttcn3:1355 L3_Port: TX OCTETSTRING 23 bytes
2026/Jun/23 07:20:11.479108 USER GSM_Functions.ttcn3:1355 L3_Port: Data: 31 06 21 00 08 99 10 07 00 00 00 00 10 2B 2B 2B 2B 2B 2B 2B 2B 2B 2B 
2026/Jun/23 07:20:11.479114 USER GSM_Functions.ttcn3:1355 L3_Port: TX CCCH 23 bytes
2026/Jun/23 07:20:11.479118 USER GSM_Functions.ttcn3:1355 L3_Port: Detected Paging Request -> Use PCH (5)
2026/Jun/23 07:20:11.479126 USER GSM_Functions.ttcn3:1355 L3_Port: Sent 39 bytes via GSMTAP (chan=5)
2026/Jun/23 07:20:11.479132 PORTEVENT GSM_Functions.ttcn3:1355 Sent on L to system octetstring : '310621000899100700000000102B2B2B2B2B2B2B2B2B2B'O
2026/Jun/23 07:20:11.479136 USER GSM_Functions.ttcn3:1355 L3_Port: TX OCTETSTRING 23 bytes
2026/Jun/23 07:20:11.479142 USER GSM_Functions.ttcn3:1355 L3_Port: Data: 31 06 21 00 08 99 10 07 00 00 00 00 10 2B 2B 2B 2B 2B 2B 2B 2B 2B 2B 
2026/Jun/23 07:20:11.479146 USER GSM_Functions.ttcn3:1355 L3_Port: TX CCCH 23 bytes
2026/Jun/23 07:20:11.479151 USER GSM_Functions.ttcn3:1355 L3_Port: Detected Paging Request -> Use PCH (5)
2026/Jun/23 07:20:11.479160 USER GSM_Functions.ttcn3:1355 L3_Port: Sent 39 bytes via GSMTAP (chan=5)
2026/Jun/23 07:20:11.479166 PORTEVENT GSM_Functions.ttcn3:1355 Sent on L to system octetstring : '310621000899100700000000102B2B2B2B2B2B2B2B2B2B'O
2026/Jun/23 07:20:11.479170 USER GSM_Functions.ttcn3:1355 L3_Port: TX OCTETSTRING 23 bytes
2026/Jun/23 07:20:11.479176 USER GSM_Functions.ttcn3:1355 L3_Port: Data: 31 06 21 00 08 99 10 07 00 00 00 00 10 2B 2B 2B 2B 2B 2B 2B 2B 2B 2B 
2026/Jun/23 07:20:11.479180 USER GSM_Functions.ttcn3:1355 L3_Port: TX CCCH 23 bytes
2026/Jun/23 07:20:11.479185 USER GSM_Functions.ttcn3:1355 L3_Port: Detected Paging Request -> Use PCH (5)
2026/Jun/23 07:20:11.479193 USER GSM_Functions.ttcn3:1355 L3_Port: Sent 39 bytes via GSMTAP (chan=5)
2026/Jun/23 07:20:11.479200 PORTEVENT GSM_Functions.ttcn3:1355 Sent on L to system octetstring : '310621000899100700000000102B2B2B2B2B2B2B2B2B2B'O
2026/Jun/23 07:20:11.479203 USER GSM_Functions.ttcn3:1355 L3_Port: TX OCTETSTRING 23 bytes
2026/Jun/23 07:20:11.479210 USER GSM_Functions.ttcn3:1355 L3_Port: Data: 31 06 21 00 08 99 10 07 00 00 00 00 10 2B 2B 2B 2B 2B 2B 2B 2B 2B 2B 
2026/Jun/23 07:20:11.479214 USER GSM_Functions.ttcn3:1355 L3_Port: TX CCCH 23 bytes
2026/Jun/23 07:20:11.479221 USER GSM_Functions.ttcn3:1355 L3_Port: Detected Paging Request -> Use PCH (5)
2026/Jun/23 07:20:11.479230 USER GSM_Functions.ttcn3:1355 L3_Port: Sent 39 bytes via GSMTAP (chan=5)
2026/Jun/23 07:20:11.479236 PORTEVENT GSM_Functions.ttcn3:1355 Sent on L to system octetstring : '310621000899100700000000102B2B2B2B2B2B2B2B2B2B'O
2026/Jun/23 07:20:11.479240 USER GSM_Functions.ttcn3:1355 L3_Port: TX OCTETSTRING 23 bytes
2026/Jun/23 07:20:11.479246 USER GSM_Functions.ttcn3:1355 L3_Port: Data: 31 06 21 00 08 99 10 07 00 00 00 00 10 2B 2B 2B 2B 2B 2B 2B 2B 2B 2B 
2026/Jun/23 07:20:11.479252 USER GSM_Functions.ttcn3:1355 L3_Port: TX CCCH 23 bytes
2026/Jun/23 07:20:11.479256 USER GSM_Functions.ttcn3:1355 L3_Port: Detected Paging Request -> Use PCH (5)
2026/Jun/23 07:20:11.479264 USER GSM_Functions.ttcn3:1355 L3_Port: Sent 39 bytes via GSMTAP (chan=5)
2026/Jun/23 07:20:11.479270 PORTEVENT GSM_Functions.ttcn3:1355 Sent on L to system octetstring : '310621000899100700000000102B2B2B2B2B2B2B2B2B2B'O
2026/Jun/23 07:20:11.479274 USER GSM_Functions.ttcn3:1355 L3_Port: TX OCTETSTRING 23 bytes
2026/Jun/23 07:20:11.479280 USER GSM_Functions.ttcn3:1355 L3_Port: Data: 31 06 21 00 08 99 10 07 00 00 00 00 10 2B 2B 2B 2B 2B 2B 2B 2B 2B 2B 
2026/Jun/23 07:20:11.479286 USER GSM_Functions.ttcn3:1355 L3_Port: TX CCCH 23 bytes
2026/Jun/23 07:20:11.479290 USER GSM_Functions.ttcn3:1355 L3_Port: Detected Paging Request -> Use PCH (5)
2026/Jun/23 07:20:11.479298 USER GSM_Functions.ttcn3:1355 L3_Port: Sent 39 bytes via GSMTAP (chan=5)
2026/Jun/23 07:20:11.479305 PORTEVENT GSM_Functions.ttcn3:1355 Sent on L to system octetstring : '310621000899100700000000102B2B2B2B2B2B2B2B2B2B'O
2026/Jun/23 07:20:11.479308 USER GSM_Functions.ttcn3:1355 L3_Port: TX OCTETSTRING 23 bytes
2026/Jun/23 07:20:11.479315 USER GSM_Functions.ttcn3:1355 L3_Port: Data: 31 06 21 00 08 99 10 07 00 00 00 00 10 2B 2B 2B 2B 2B 2B 2B 2B 2B 2B 
2026/Jun/23 07:20:11.479319 USER GSM_Functions.ttcn3:1355 L3_Port: TX CCCH 23 bytes
2026/Jun/23 07:20:11.479324 USER GSM_Functions.ttcn3:1355 L3_Port: Detected Paging Request -> Use PCH (5)
2026/Jun/23 07:20:11.479332 USER GSM_Functions.ttcn3:1355 L3_Port: Sent 39 bytes via GSMTAP (chan=5)
2026/Jun/23 07:20:11.479338 PORTEVENT GSM_Functions.ttcn3:1355 Sent on L to system octetstring : '310621000899100700000000102B2B2B2B2B2B2B2B2B2B'O
2026/Jun/23 07:20:11.479341 USER GSM_Functions.ttcn3:1355 L3_Port: TX OCTETSTRING 23 bytes
2026/Jun/23 07:20:11.479348 USER GSM_Functions.ttcn3:1355 L3_Port: Data: 31 06 21 00 08 99 10 07 00 00 00 00 10 2B 2B 2B 2B 2B 2B 2B 2B 2B 2B 
2026/Jun/23 07:20:11.479352 USER GSM_Functions.ttcn3:1355 L3_Port: TX CCCH 23 bytes
2026/Jun/23 07:20:11.479357 USER GSM_Functions.ttcn3:1355 L3_Port: Detected Paging Request -> Use PCH (5)
2026/Jun/23 07:20:11.479365 USER GSM_Functions.ttcn3:1355 L3_Port: Sent 39 bytes via GSMTAP (chan=5)
2026/Jun/23 07:20:11.479371 PORTEVENT GSM_Functions.ttcn3:1355 Sent on L to system octetstring : '310621000899100700000000102B2B2B2B2B2B2B2B2B2B'O
2026/Jun/23 07:20:11.479375 USER GSM_Functions.ttcn3:1355 L3_Port: TX OCTETSTRING 23 bytes
2026/Jun/23 07:20:11.479381 USER GSM_Functions.ttcn3:1355 L3_Port: Data: 31 06 21 00 08 99 10 07 00 00 00 00 10 2B 2B 2B 2B 2B 2B 2B 2B 2B 2B 
2026/Jun/23 07:20:11.479385 USER GSM_Functions.ttcn3:1355 L3_Port: TX CCCH 23 bytes
2026/Jun/23 07:20:11.479389 USER GSM_Functions.ttcn3:1355 L3_Port: Detected Paging Request -> Use PCH (5)
2026/Jun/23 07:20:11.479399 USER GSM_Functions.ttcn3:1355 L3_Port: Sent 39 bytes via GSMTAP (chan=5)
2026/Jun/23 07:20:11.479405 PORTEVENT GSM_Functions.ttcn3:1355 Sent on L to system octetstring : '310621000899100700000000102B2B2B2B2B2B2B2B2B2B'O
2026/Jun/23 07:20:11.479409 USER GSM_Functions.ttcn3:1355 L3_Port: TX OCTETSTRING 23 bytes
2026/Jun/23 07:20:11.479415 USER GSM_Functions.ttcn3:1355 L3_Port: Data: 31 06 21 00 08 99 10 07 00 00 00 00 10 2B 2B 2B 2B 2B 2B 2B 2B 2B 2B 
2026/Jun/23 07:20:11.479419 USER GSM_Functions.ttcn3:1355 L3_Port: TX CCCH 23 bytes
2026/Jun/23 07:20:11.479423 USER GSM_Functions.ttcn3:1355 L3_Port: Detected Paging Request -> Use PCH (5)
2026/Jun/23 07:20:11.479434 USER GSM_Functions.ttcn3:1355 L3_Port: Sent 39 bytes via GSMTAP (chan=5)
2026/Jun/23 07:20:11.479441 PORTEVENT GSM_Functions.ttcn3:1355 Sent on L to system octetstring : '310621000899100700000000102B2B2B2B2B2B2B2B2B2B'O
2026/Jun/23 07:20:11.479445 USER GSM_Functions.ttcn3:1355 L3_Port: TX OCTETSTRING 23 bytes
2026/Jun/23 07:20:11.479451 USER GSM_Functions.ttcn3:1355 L3_Port: Data: 31 06 21 00 08 99 10 07 00 00 00 00 10 2B 2B 2B 2B 2B 2B 2B 2B 2B 2B 
2026/Jun/23 07:20:11.479457 USER GSM_Functions.ttcn3:1355 L3_Port: TX CCCH 23 bytes
2026/Jun/23 07:20:11.479460 USER GSM_Functions.ttcn3:1355 L3_Port: Detected Paging Request -> Use PCH (5)
2026/Jun/23 07:20:11.479468 USER GSM_Functions.ttcn3:1355 L3_Port: Sent 39 bytes via GSMTAP (chan=5)
2026/Jun/23 07:20:11.479475 PORTEVENT GSM_Functions.ttcn3:1355 Sent on L to system octetstring : '310621000899100700000000102B2B2B2B2B2B2B2B2B2B'O
2026/Jun/23 07:20:11.479478 USER GSM_Functions.ttcn3:1355 L3_Port: TX OCTETSTRING 23 bytes
2026/Jun/23 07:20:11.479484 USER GSM_Functions.ttcn3:1355 L3_Port: Data: 31 06 21 00 08 99 10 07 00 00 00 00 10 2B 2B 2B 2B 2B 2B 2B 2B 2B 2B 
2026/Jun/23 07:20:11.479489 USER GSM_Functions.ttcn3:1355 L3_Port: TX CCCH 23 bytes
2026/Jun/23 07:20:11.479493 USER GSM_Functions.ttcn3:1355 L3_Port: Detected Paging Request -> Use PCH (5)
2026/Jun/23 07:20:11.479501 USER GSM_Functions.ttcn3:1355 L3_Port: Sent 39 bytes via GSMTAP (chan=5)
2026/Jun/23 07:20:11.479507 PORTEVENT GSM_Functions.ttcn3:1355 Sent on L to system octetstring : '310621000899100700000000102B2B2B2B2B2B2B2B2B2B'O
2026/Jun/23 07:20:11.479511 USER GSM_Functions.ttcn3:1355 L3_Port: TX OCTETSTRING 23 bytes
2026/Jun/23 07:20:11.479517 USER GSM_Functions.ttcn3:1355 L3_Port: Data: 31 06 21 00 08 99 10 07 00 00 00 00 10 2B 2B 2B 2B 2B 2B 2B 2B 2B 2B 
2026/Jun/23 07:20:11.479523 USER GSM_Functions.ttcn3:1355 L3_Port: TX CCCH 23 bytes
2026/Jun/23 07:20:11.479527 USER GSM_Functions.ttcn3:1355 L3_Port: Detected Paging Request -> Use PCH (5)
2026/Jun/23 07:20:11.479535 USER GSM_Functions.ttcn3:1355 L3_Port: Sent 39 bytes via GSMTAP (chan=5)
2026/Jun/23 07:20:11.479541 PORTEVENT GSM_Functions.ttcn3:1355 Sent on L to system octetstring : '310621000899100700000000102B2B2B2B2B2B2B2B2B2B'O
2026/Jun/23 07:20:11.479544 USER GSM_Functions.ttcn3:1355 L3_Port: TX OCTETSTRING 23 bytes
2026/Jun/23 07:20:11.479551 USER GSM_Functions.ttcn3:1355 L3_Port: Data: 31 06 21 00 08 99 10 07 00 00 00 00 10 2B 2B 2B 2B 2B 2B 2B 2B 2B 2B 
2026/Jun/23 07:20:11.479554 USER GSM_Functions.ttcn3:1355 L3_Port: TX CCCH 23 bytes
2026/Jun/23 07:20:11.479558 USER GSM_Functions.ttcn3:1355 L3_Port: Detected Paging Request -> Use PCH (5)
2026/Jun/23 07:20:11.479568 USER GSM_Functions.ttcn3:1355 L3_Port: Sent 39 bytes via GSMTAP (chan=5)
2026/Jun/23 07:20:11.479574 PORTEVENT GSM_Functions.ttcn3:1355 Sent on L to system octetstring : '310621000899100700000000102B2B2B2B2B2B2B2B2B2B'O
2026/Jun/23 07:20:11.479578 USER GSM_Functions.ttcn3:1355 L3_Port: TX OCTETSTRING 23 bytes
2026/Jun/23 07:20:11.479584 USER GSM_Functions.ttcn3:1355 L3_Port: Data: 31 06 21 00 08 99 10 07 00 00 00 00 10 2B 2B 2B 2B 2B 2B 2B 2B 2B 2B 
2026/Jun/23 07:20:11.479590 USER GSM_Functions.ttcn3:1355 L3_Port: TX CCCH 23 bytes
2026/Jun/23 07:20:11.479594 USER GSM_Functions.ttcn3:1355 L3_Port: Detected Paging Request -> Use PCH (5)
2026/Jun/23 07:20:11.479601 USER GSM_Functions.ttcn3:1355 L3_Port: Sent 39 bytes via GSMTAP (chan=5)
2026/Jun/23 07:20:11.479608 PORTEVENT GSM_Functions.ttcn3:1355 Sent on L to system octetstring : '310621000899100700000000102B2B2B2B2B2B2B2B2B2B'O
2026/Jun/23 07:20:11.479611 USER GSM_Functions.ttcn3:1355 L3_Port: TX OCTETSTRING 23 bytes
2026/Jun/23 07:20:11.479617 USER GSM_Functions.ttcn3:1355 L3_Port: Data: 31 06 21 00 08 99 10 07 00 00 00 00 10 2B 2B 2B 2B 2B 2B 2B 2B 2B 2B 
2026/Jun/23 07:20:11.479622 USER GSM_Functions.ttcn3:1355 L3_Port: TX CCCH 23 bytes
2026/Jun/23 07:20:11.479626 USER GSM_Functions.ttcn3:1355 L3_Port: Detected Paging Request -> Use PCH (5)
2026/Jun/23 07:20:11.479638 USER GSM_Functions.ttcn3:1355 L3_Port: Sent 39 bytes via GSMTAP (chan=5)
2026/Jun/23 07:20:11.479645 PORTEVENT GSM_Functions.ttcn3:1355 Sent on L to system octetstring : '310621000899100700000000102B2B2B2B2B2B2B2B2B2B'O
2026/Jun/23 07:20:11.479649 USER GSM_Functions.ttcn3:1355 L3_Port: TX OCTETSTRING 23 bytes
2026/Jun/23 07:20:11.479655 USER GSM_Functions.ttcn3:1355 L3_Port: Data: 31 06 21 00 08 99 10 07 00 00 00 00 10 2B 2B 2B 2B 2B 2B 2B 2B 2B 2B 
2026/Jun/23 07:20:11.479660 USER GSM_Functions.ttcn3:1355 L3_Port: TX CCCH 23 bytes
2026/Jun/23 07:20:11.479664 USER GSM_Functions.ttcn3:1355 L3_Port: Detected Paging Request -> Use PCH (5)
2026/Jun/23 07:20:11.479671 USER GSM_Functions.ttcn3:1355 L3_Port: Sent 39 bytes via GSMTAP (chan=5)
2026/Jun/23 07:20:11.479677 PORTEVENT GSM_Functions.ttcn3:1355 Sent on L to system octetstring : '310621000899100700000000102B2B2B2B2B2B2B2B2B2B'O
2026/Jun/23 07:20:11.479681 USER GSM_Functions.ttcn3:1355 L3_Port: TX OCTETSTRING 23 bytes
2026/Jun/23 07:20:11.479687 USER GSM_Functions.ttcn3:1355 L3_Port: Data: 31 06 21 00 08 99 10 07 00 00 00 00 10 2B 2B 2B 2B 2B 2B 2B 2B 2B 2B 
2026/Jun/23 07:20:11.479691 USER GSM_Functions.ttcn3:1355 L3_Port: TX CCCH 23 bytes
2026/Jun/23 07:20:11.479695 USER GSM_Functions.ttcn3:1355 L3_Port: Detected Paging Request -> Use PCH (5)
2026/Jun/23 07:20:11.479704 USER GSM_Functions.ttcn3:1355 L3_Port: Sent 39 bytes via GSMTAP (chan=5)
2026/Jun/23 07:20:11.479709 USER GSM_Functions.ttcn3:1358 === PAGING REQUEST send complete ===
2026/Jun/23 07:20:11.479717 TIMEROP TC_26_6_11_1.ttcn3:719 Start timer T_ch_req_paging: 10 s
2026/Jun/23 07:20:11.479757 USER TC_26_6_11_1.ttcn3:721 MSC_Port: RX: {"status": "ok", "sent": true}
2026/Jun/23 07:20:11.479767 PORTEVENT TC_26_6_11_1.ttcn3:721 Message enqueued on MSC from system charstring : "{\"status\": \"ok\", \"sent\": true}" id 54
2026/Jun/23 07:20:11.479779 PORTEVENT TC_26_6_11_1.ttcn3:722 Receive operation on port MSC succeeded, message from system(): charstring : "{\"status\": \"ok\", \"sent\": true}" id 54
2026/Jun/23 07:20:11.479786 PORTEVENT TC_26_6_11_1.ttcn3:722 Message with id 54 was extracted from the queue of MSC.
2026/Jun/23 07:20:11.479899 USER TC_26_6_11_1.ttcn3:744 Event during paging wait: "{\"status\": \"ok\", \"sent\": true}"
2026/Jun/23 07:20:12.764921 USER TC_26_6_11_1.ttcn3:721 MSC_Port: RX: {"type": "EVENT_PAGING_RESPONSE", "bsc_slr": 6, "msc_slr": 6, "cksn": 7, "mi_type": "tmsi", "tmsi": 305419897}
2026/Jun/23 07:20:12.765001 PORTEVENT TC_26_6_11_1.ttcn3:721 Message enqueued on MSC from system charstring : "{\"type\": \"EVENT_PAGING_RESPONSE\", \"bsc_slr\": 6, \"msc_slr\": 6, \"cksn\": 7, \"mi_type\": \"tmsi\", \"tmsi\": 305419897}" id 55
2026/Jun/23 07:20:12.765042 PORTEVENT TC_26_6_11_1.ttcn3:722 Receive operation on port MSC succeeded, message from system(): charstring : "{\"type\": \"EVENT_PAGING_RESPONSE\", \"bsc_slr\": 6, \"msc_slr\": 6, \"cksn\": 7, \"mi_type\": \"tmsi\", \"tmsi\": 305419897}" id 55
2026/Jun/23 07:20:12.765059 PORTEVENT TC_26_6_11_1.ttcn3:722 Message with id 55 was extracted from the queue of MSC.
2026/Jun/23 07:20:12.765350 USER TC_26_6_11_1.ttcn3:726 *** Received response to paging! ***
2026/Jun/23 07:20:12.765373 USER GSM_Functions.ttcn3:365 f_extractJsonInt: Searching for key '"bsc_slr"' in JSON: "{\"type\": \"EVENT_PAGING_RESPONSE\", \"bsc_slr\": 6, \"msc_slr\": 6, \"cksn\": 7, \"mi_type\": \"tmsi\", \"tmsi\": 305419897}"
2026/Jun/23 07:20:12.765425 USER GSM_Functions.ttcn3:372 f_extractJsonInt: Found key at position 34 (pattern: "\"bsc_slr\":")
2026/Jun/23 07:20:12.765456 USER GSM_Functions.ttcn3:422 f_extractJsonInt: Extracted number string '"6"' => integer 6
2026/Jun/23 07:20:12.765475 USER TC_26_6_11_1.ttcn3:728 *** Extracted bsc_slr = 6 ***
2026/Jun/23 07:20:12.765491 TIMEROP TC_26_6_11_1.ttcn3:732 Stop timer T_ch_req_paging: 10 s
2026/Jun/23 07:20:12.765510 USER TC_26_6_11_1.ttcn3:757 *** PAGING RESPONSE already detected in EVENT_CHANNEL_REQUEST ***
2026/Jun/23 07:20:12.765522 USER TC_26_6_11_1.ttcn3:758 *** Classmark value verification may require enhanced MSC stub event parsing ***
2026/Jun/23 07:20:12.765559 PORTEVENT TC_26_6_11_1.ttcn3:813 Sent on MSC to system charstring : "{\"command\": \"CMD_SEND_CLEAR_CMD\", \"params\": {\"bsc_slr\": 6, \"cause\": 0}}"
2026/Jun/23 07:20:12.765633 USER TC_26_6_11_1.ttcn3:813 MSC_Port: TX: {"command": "CMD_SEND_CLEAR_CMD", "params": {"bsc_slr": 6, "cause": 0}}
2026/Jun/23 07:20:12.765652 TIMEROP TC_26_6_11_1.ttcn3:815 Start timer T_wait_clear_final: 5 s
2026/Jun/23 07:20:12.765962 USER TC_26_6_11_1.ttcn3:816 MSC_Port: RX: {"status": "ok"}
2026/Jun/23 07:20:12.765989 PORTEVENT TC_26_6_11_1.ttcn3:816 Message enqueued on MSC from system charstring : "{\"status\": \"ok\"}" id 56
2026/Jun/23 07:20:12.766008 PORTEVENT TC_26_6_11_1.ttcn3:817 Receive operation on port MSC succeeded, message from system(): charstring : "{\"status\": \"ok\"}" id 56
2026/Jun/23 07:20:12.766020 PORTEVENT TC_26_6_11_1.ttcn3:817 Message with id 56 was extracted from the queue of MSC.
2026/Jun/23 07:20:12.766125 USER TC_26_6_11_1.ttcn3:819 Connection released
2026/Jun/23 07:20:12.766140 TIMEROP TC_26_6_11_1.ttcn3:820 Stop timer T_wait_clear_final: 5 s
2026/Jun/23 07:20:12.766152 USER TC_26_6_11_1.ttcn3:845 =========================================================
2026/Jun/23 07:20:12.766164 USER TC_26_6_11_1.ttcn3:846 *** FINAL VERDICT CALCULATION ***
2026/Jun/23 07:20:12.766174 USER TC_26_6_11_1.ttcn3:847 =========================================================
2026/Jun/23 07:20:12.766237 USER TC_26_6_11_1.ttcn3:874 Total sub-tests: 3
2026/Jun/23 07:20:12.766255 USER TC_26_6_11_1.ttcn3:875   Passed: 1
2026/Jun/23 07:20:12.766269 USER TC_26_6_11_1.ttcn3:876   Failed: 0
2026/Jun/23 07:20:12.766283 USER TC_26_6_11_1.ttcn3:877   Inconclusive: 2
2026/Jun/23 07:20:12.766296 USER TC_26_6_11_1.ttcn3:878   Testable: 1
2026/Jun/23 07:20:12.766308 USER TC_26_6_11_1.ttcn3:879   Pass rate: "100.000000"%
2026/Jun/23 07:20:12.766371 USER TC_26_6_11_1.ttcn3:882 *** VERDICT: PASS ***
2026/Jun/23 07:20:12.766384 USER TC_26_6_11_1.ttcn3:883 *** Pass rate: "100.000000""% (" & char(0, 0, 34, 101) & "60% threshold) ***"
2026/Jun/23 07:20:12.766411 USER TC_26_6_11_1.ttcn3:889 *** Note: 2 sub-tests inconclusive - see detailed reasons above ***
2026/Jun/23 07:20:12.766427 USER TC_26_6_11_1.ttcn3:890 *** Inconclusive sub-tests indicate test infrastructure limitations ***
2026/Jun/23 07:20:12.766476 VERDICTOP TC_26_6_11_1.ttcn3:892 setverdict(pass): none -> pass
2026/Jun/23 07:20:12.766580 USER TC_26_6_11_1.ttcn3:901 =========================================================
2026/Jun/23 07:20:12.766592 USER TC_26_6_11_1.ttcn3:902 *** MS Stack Enhancement Recommendations ***
2026/Jun/23 07:20:12.766604 USER TC_26_6_11_1.ttcn3:903 =========================================================
2026/Jun/23 07:20:12.766624 USER TC_26_6_11_1.ttcn3:917 4. Test Infrastructure Enhancement:
2026/Jun/23 07:20:12.766636 USER TC_26_6_11_1.ttcn3:918    - Implement power amplifier simulation (OO_AddPwrAmp/OO_RemvPwrAmp)
2026/Jun/23 07:20:12.766646 USER TC_26_6_11_1.ttcn3:919    - Add VTY commands or MSC stub commands to trigger classmark changes
2026/Jun/23 07:20:12.766657 USER TC_26_6_11_1.ttcn3:920    - Enhance MSC stub to detect and report CLASSMARK CHANGE events
2026/Jun/23 07:20:12.766679 PARALLEL GSM_Component_Definitions.ttcn3:346 Unmapping port mtc:L from system:L.
2026/Jun/23 07:20:12.766759 USER GSM_Component_Definitions.ttcn3:346 L3_Port: Unmapping from L
2026/Jun/23 07:20:12.766801 PORTEVENT GSM_Component_Definitions.ttcn3:346 Port L was unmapped from system:L.
2026/Jun/23 07:20:12.766899 PARALLEL GSM_Component_Definitions.ttcn3:346 Unmap operation of mtc:L from system:L finished.
2026/Jun/23 07:20:12.766926 PARALLEL GSM_Component_Definitions.ttcn3:347 Unmapping port mtc:RR from system:RR.
2026/Jun/23 07:20:12.766970 PORTEVENT GSM_Component_Definitions.ttcn3:347 Port RR was unmapped from system:RR.
2026/Jun/23 07:20:12.767012 PARALLEL GSM_Component_Definitions.ttcn3:347 Unmap operation of mtc:RR from system:RR finished.
2026/Jun/23 07:20:12.767026 PARALLEL GSM_Component_Definitions.ttcn3:348 Unmapping port mtc:MM from system:MM.
2026/Jun/23 07:20:12.767077 PORTEVENT GSM_Component_Definitions.ttcn3:348 Port MM was unmapped from system:MM.
2026/Jun/23 07:20:12.767117 PARALLEL GSM_Component_Definitions.ttcn3:348 Unmap operation of mtc:MM from system:MM finished.
2026/Jun/23 07:20:12.767131 PARALLEL GSM_Component_Definitions.ttcn3:349 Unmapping port mtc:CC from system:CC.
2026/Jun/23 07:20:12.767182 PORTEVENT GSM_Component_Definitions.ttcn3:349 Port CC was unmapped from system:CC.
2026/Jun/23 07:20:12.767221 PARALLEL GSM_Component_Definitions.ttcn3:349 Unmap operation of mtc:CC from system:CC finished.
2026/Jun/23 07:20:12.767234 PARALLEL GSM_Component_Definitions.ttcn3:350 Unmapping port mtc:MSC from system:MSC.
2026/Jun/23 07:20:12.767274 USER GSM_Component_Definitions.ttcn3:350 MSC_Port: Unmapping from MSC
2026/Jun/23 07:20:12.767357 PORTEVENT GSM_Component_Definitions.ttcn3:350 Port MSC was unmapped from system:MSC.
2026/Jun/23 07:20:12.767402 PARALLEL GSM_Component_Definitions.ttcn3:350 Unmap operation of mtc:MSC from system:MSC finished.
2026/Jun/23 07:20:12.767415 PARALLEL GSM_Component_Definitions.ttcn3:351 Unmapping port mtc:VTY from system:VTY.
2026/Jun/23 07:20:12.767453 USER GSM_Component_Definitions.ttcn3:351 VTY_PT: Unmapping port from VTY interface
2026/Jun/23 07:20:12.767539 USER GSM_Component_Definitions.ttcn3:351 VTY_PT: Disconnected from VTY
2026/Jun/23 07:20:12.767558 PORTEVENT GSM_Component_Definitions.ttcn3:351 Port VTY was unmapped from system:VTY.
2026/Jun/23 07:20:12.767598 PARALLEL GSM_Component_Definitions.ttcn3:351 Unmap operation of mtc:VTY from system:VTY finished.
2026/Jun/23 07:20:12.767612 TIMEROP TC_26_6_11_1.ttcn3:925 Stop timer T_guard: 300 s
2026/Jun/23 07:20:12.767652 PARALLEL TC_26_6_11_1.ttcn3:925 Terminating component type GSM_Component_Definitions.GSM_CT.
2026/Jun/23 07:20:12.767690 USER TC_26_6_11_1.ttcn3:925 L3_Port: user_stop called
2026/Jun/23 07:20:12.767703 PORTEVENT TC_26_6_11_1.ttcn3:925 Port L was stopped.
2026/Jun/23 07:20:12.767730 PORTEVENT TC_26_6_11_1.ttcn3:925 Port RR was stopped.
2026/Jun/23 07:20:12.767750 PORTEVENT TC_26_6_11_1.ttcn3:925 Port MM was stopped.
2026/Jun/23 07:20:12.767768 PORTEVENT TC_26_6_11_1.ttcn3:925 Port CC was stopped.
2026/Jun/23 07:20:12.767776 USER TC_26_6_11_1.ttcn3:925 MSC_Port: user_stop called
2026/Jun/23 07:20:12.767790 PORTEVENT TC_26_6_11_1.ttcn3:925 Port MSC was stopped.
2026/Jun/23 07:20:12.767806 USER TC_26_6_11_1.ttcn3:925 BSC_Port: user_stop called
2026/Jun/23 07:20:12.767818 PORTEVENT TC_26_6_11_1.ttcn3:925 Port BSC was stopped.
2026/Jun/23 07:20:12.767841 PORTEVENT TC_26_6_11_1.ttcn3:925 Port RSL was stopped.
2026/Jun/23 07:20:12.767850 USER TC_26_6_11_1.ttcn3:925 VTY_PT: Stopping
2026/Jun/23 07:20:12.767861 PORTEVENT TC_26_6_11_1.ttcn3:925 Port VTY was stopped.
2026/Jun/23 07:20:12.767870 PORTEVENT TC_26_6_11_1.ttcn3:925 Port COORD was stopped.
2026/Jun/23 07:20:12.767877 PARALLEL TC_26_6_11_1.ttcn3:925 Component type GSM_Component_Definitions.GSM_CT was shut down inside testcase TC_26_6_11_1.
2026/Jun/23 07:20:12.767891 EXECUTOR TC_26_6_11_1.ttcn3:925 Waiting for PTCs to finish.
2026/Jun/23 07:20:12.767986 VERDICTOP TC_26_6_11_1.ttcn3:925 Setting final verdict of the test case.
2026/Jun/23 07:20:12.768068 VERDICTOP TC_26_6_11_1.ttcn3:925 Local verdict of MTC: pass
2026/Jun/23 07:20:12.768109 VERDICTOP TC_26_6_11_1.ttcn3:925 No PTCs were created.
2026/Jun/23 07:20:12.768132 TESTCASE TC_26_6_11_1.ttcn3:925 Test case TC_26_6_11_1 finished. Verdict: pass
2026/Jun/23 07:20:12.768350 STATISTICS - Verdict statistics: 0 none (0.00 %), 1 pass (100.00 %), 0 inconc (0.00 %), 0 fail (0.00 %), 0 error (0.00 %).
2026/Jun/23 07:20:12.768432 STATISTICS - Test execution summary: 1 test case was executed. Overall verdict: pass
2026/Jun/23 07:20:12.768440 EXECUTOR - Exit was requested from MC. Terminating MTC.
