unix_ts,namespace,pod,cpu_m,mem_mib
1782110112,kube-system,coredns-c4dbffb5f-p9rsr,4,29
1782110112,kube-system,local-path-provisioner-5c4dc5d66d-nfqxz,1,16
1782110112,kube-system,metrics-server-786d997795-hcp2m,8,47
1782110112,kube-system,svclb-traefik-1100f998-kpm9h,0,0
1782110112,kube-system,traefik-9bcdbbd9-qtpjt,2,37
1782110114,kube-system,coredns-c4dbffb5f-p9rsr,4,29
1782110114,kube-system,local-path-provisioner-5c4dc5d66d-nfqxz,1,16
1782110114,kube-system,metrics-server-786d997795-hcp2m,8,47
1782110114,kube-system,svclb-traefik-1100f998-kpm9h,0,0
1782110114,kube-system,traefik-9bcdbbd9-qtpjt,2,37
1782110117,kube-system,coredns-c4dbffb5f-p9rsr,4,29
1782110117,kube-system,local-path-provisioner-5c4dc5d66d-nfqxz,1,16
1782110117,kube-system,metrics-server-786d997795-hcp2m,8,47
1782110117,kube-system,svclb-traefik-1100f998-kpm9h,0,0
1782110117,kube-system,traefik-9bcdbbd9-qtpjt,2,37
1782110119,kube-system,coredns-c4dbffb5f-p9rsr,4,29
1782110119,kube-system,local-path-provisioner-5c4dc5d66d-nfqxz,1,16
1782110119,kube-system,metrics-server-786d997795-hcp2m,8,47
1782110119,kube-system,svclb-traefik-1100f998-kpm9h,0,0
1782110119,kube-system,traefik-9bcdbbd9-qtpjt,2,37
1782110122,kube-system,coredns-c4dbffb5f-p9rsr,4,29
1782110122,kube-system,local-path-provisioner-5c4dc5d66d-nfqxz,1,16
1782110122,kube-system,metrics-server-786d997795-hcp2m,8,47
1782110122,kube-system,svclb-traefik-1100f998-kpm9h,0,0
1782110122,kube-system,traefik-9bcdbbd9-qtpjt,2,37
1782110124,kube-system,coredns-c4dbffb5f-p9rsr,4,29
1782110124,kube-system,local-path-provisioner-5c4dc5d66d-nfqxz,1,16
1782110124,kube-system,metrics-server-786d997795-hcp2m,8,47
1782110124,kube-system,svclb-traefik-1100f998-kpm9h,0,0
1782110124,kube-system,traefik-9bcdbbd9-qtpjt,2,37
1782110127,kube-system,coredns-c4dbffb5f-p9rsr,4,29
1782110127,kube-system,local-path-provisioner-5c4dc5d66d-nfqxz,1,16
1782110127,kube-system,metrics-server-786d997795-hcp2m,8,47
1782110127,kube-system,svclb-traefik-1100f998-kpm9h,0,0
1782110127,kube-system,traefik-9bcdbbd9-qtpjt,2,37
1782110129,kube-system,coredns-c4dbffb5f-p9rsr,3,29
1782110129,kube-system,local-path-provisioner-5c4dc5d66d-nfqxz,1,16
1782110129,kube-system,metrics-server-786d997795-hcp2m,9,47
1782110129,kube-system,svclb-traefik-1100f998-kpm9h,0,0
1782110129,kube-system,traefik-9bcdbbd9-qtpjt,1,37
1782110131,kube-system,coredns-c4dbffb5f-p9rsr,3,29
1782110131,kube-system,local-path-provisioner-5c4dc5d66d-nfqxz,1,16
1782110131,kube-system,metrics-server-786d997795-hcp2m,9,47
1782110131,kube-system,svclb-traefik-1100f998-kpm9h,0,0
1782110131,kube-system,traefik-9bcdbbd9-qtpjt,1,37
1782110134,kube-system,coredns-c4dbffb5f-p9rsr,3,29
1782110134,kube-system,local-path-provisioner-5c4dc5d66d-nfqxz,1,16
1782110134,kube-system,metrics-server-786d997795-hcp2m,9,47
1782110134,kube-system,svclb-traefik-1100f998-kpm9h,0,0
1782110134,kube-system,traefik-9bcdbbd9-qtpjt,1,37
1782110136,kube-system,coredns-c4dbffb5f-p9rsr,3,29
1782110136,kube-system,local-path-provisioner-5c4dc5d66d-nfqxz,1,16
1782110136,kube-system,metrics-server-786d997795-hcp2m,9,47
1782110136,kube-system,svclb-traefik-1100f998-kpm9h,0,0
1782110136,kube-system,traefik-9bcdbbd9-qtpjt,1,37
1782110139,kube-system,coredns-c4dbffb5f-p9rsr,3,29
1782110139,kube-system,local-path-provisioner-5c4dc5d66d-nfqxz,1,16
1782110139,kube-system,metrics-server-786d997795-hcp2m,9,47
1782110139,kube-system,svclb-traefik-1100f998-kpm9h,0,0
1782110139,kube-system,traefik-9bcdbbd9-qtpjt,1,37
1782110141,kube-system,coredns-c4dbffb5f-p9rsr,3,29
1782110141,kube-system,local-path-provisioner-5c4dc5d66d-nfqxz,1,16
1782110141,kube-system,metrics-server-786d997795-hcp2m,9,47
1782110141,kube-system,svclb-traefik-1100f998-kpm9h,0,0
1782110141,kube-system,traefik-9bcdbbd9-qtpjt,1,37
1782110143,gsm-1,msc-test-stub-5b875d749d-9f4rq,16,16
1782110143,gsm-1,osmo-bsc-594654bd47-nbzv6,5,5
1782110143,gsm-1,osmo-bts-virtual-5f8b9b86fc-7vzx5,13,5
1782110143,gsm-1,osmo-hlr-546bdb8988-9b4tn,1,2
1782110143,gsm-1,osmo-mgw-8c8fc67d6-vn9j4,1,2
1782110143,gsm-1,osmo-mobile-947867b85-7rhh4,21,24
1782110143,gsm-1,osmo-stp-768687f494-cnb6n,1,2
1782110143,gsm-1,virtphy-858665df6d-m5jmn,8,0
1782110143,kube-system,coredns-c4dbffb5f-p9rsr,5,29
1782110143,kube-system,local-path-provisioner-5c4dc5d66d-nfqxz,1,16
1782110143,kube-system,metrics-server-786d997795-hcp2m,11,47
1782110143,kube-system,svclb-traefik-1100f998-kpm9h,0,0
1782110143,kube-system,traefik-9bcdbbd9-qtpjt,1,37
1782110145,gsm-1,msc-test-stub-5b875d749d-9f4rq,16,16
1782110145,gsm-1,osmo-bsc-594654bd47-nbzv6,5,5
1782110145,gsm-1,osmo-bts-virtual-5f8b9b86fc-7vzx5,13,5
1782110145,gsm-1,osmo-hlr-546bdb8988-9b4tn,1,2
1782110145,gsm-1,osmo-mgw-8c8fc67d6-vn9j4,1,2
1782110145,gsm-1,osmo-mobile-947867b85-7rhh4,21,24
1782110145,gsm-1,osmo-stp-768687f494-cnb6n,1,2
1782110145,gsm-1,virtphy-858665df6d-m5jmn,8,0
1782110145,kube-system,coredns-c4dbffb5f-p9rsr,5,29
1782110145,kube-system,local-path-provisioner-5c4dc5d66d-nfqxz,1,16
1782110145,kube-system,metrics-server-786d997795-hcp2m,11,47
1782110145,kube-system,svclb-traefik-1100f998-kpm9h,0,0
1782110145,kube-system,traefik-9bcdbbd9-qtpjt,1,37
1782110147,gsm-1,msc-test-stub-5b875d749d-9f4rq,16,16
1782110147,gsm-1,osmo-bsc-594654bd47-nbzv6,5,5
1782110147,gsm-1,osmo-bts-virtual-5f8b9b86fc-7vzx5,13,5
1782110147,gsm-1,osmo-hlr-546bdb8988-9b4tn,1,2
1782110147,gsm-1,osmo-mgw-8c8fc67d6-vn9j4,1,2
1782110147,gsm-1,osmo-mobile-947867b85-7rhh4,21,24
1782110147,gsm-1,osmo-stp-768687f494-cnb6n,1,2
1782110147,gsm-1,virtphy-858665df6d-m5jmn,8,0
1782110147,kube-system,coredns-c4dbffb5f-p9rsr,5,29
1782110147,kube-system,local-path-provisioner-5c4dc5d66d-nfqxz,1,16
1782110147,kube-system,metrics-server-786d997795-hcp2m,11,47
1782110147,kube-system,svclb-traefik-1100f998-kpm9h,0,0
1782110147,kube-system,traefik-9bcdbbd9-qtpjt,1,37
1782110150,gsm-1,msc-test-stub-5b875d749d-9f4rq,16,16
1782110150,gsm-1,osmo-bsc-594654bd47-nbzv6,5,5
1782110150,gsm-1,osmo-bts-virtual-5f8b9b86fc-7vzx5,13,5
1782110150,gsm-1,osmo-hlr-546bdb8988-9b4tn,1,2
1782110150,gsm-1,osmo-mgw-8c8fc67d6-vn9j4,1,2
1782110150,gsm-1,osmo-mobile-947867b85-7rhh4,21,24
1782110150,gsm-1,osmo-stp-768687f494-cnb6n,1,2
1782110150,gsm-1,virtphy-858665df6d-m5jmn,8,0
1782110150,kube-system,coredns-c4dbffb5f-p9rsr,5,29
1782110150,kube-system,local-path-provisioner-5c4dc5d66d-nfqxz,1,16
1782110150,kube-system,metrics-server-786d997795-hcp2m,11,47
1782110150,kube-system,svclb-traefik-1100f998-kpm9h,0,0
1782110150,kube-system,traefik-9bcdbbd9-qtpjt,1,37
1782110152,gsm-1,msc-test-stub-5b875d749d-9f4rq,16,16
1782110152,gsm-1,osmo-bsc-594654bd47-nbzv6,5,5
1782110152,gsm-1,osmo-bts-virtual-5f8b9b86fc-7vzx5,13,5
1782110152,gsm-1,osmo-hlr-546bdb8988-9b4tn,1,2
1782110152,gsm-1,osmo-mgw-8c8fc67d6-vn9j4,1,2
1782110152,gsm-1,osmo-mobile-947867b85-7rhh4,21,24
1782110152,gsm-1,osmo-stp-768687f494-cnb6n,1,2
1782110152,gsm-1,virtphy-858665df6d-m5jmn,8,0
1782110152,kube-system,coredns-c4dbffb5f-p9rsr,5,29
1782110152,kube-system,local-path-provisioner-5c4dc5d66d-nfqxz,1,16
1782110152,kube-system,metrics-server-786d997795-hcp2m,11,47
1782110152,kube-system,svclb-traefik-1100f998-kpm9h,0,0
1782110152,kube-system,traefik-9bcdbbd9-qtpjt,1,37
1782110154,gsm-1,msc-test-stub-5b875d749d-9f4rq,16,16
1782110154,gsm-1,osmo-bsc-594654bd47-nbzv6,5,5
1782110154,gsm-1,osmo-bts-virtual-5f8b9b86fc-7vzx5,13,5
1782110154,gsm-1,osmo-hlr-546bdb8988-9b4tn,1,2
1782110154,gsm-1,osmo-mgw-8c8fc67d6-vn9j4,1,2
1782110154,gsm-1,osmo-mobile-947867b85-7rhh4,21,24
1782110154,gsm-1,osmo-stp-768687f494-cnb6n,1,2
1782110154,gsm-1,virtphy-858665df6d-m5jmn,8,0
1782110154,kube-system,coredns-c4dbffb5f-p9rsr,5,29
1782110154,kube-system,local-path-provisioner-5c4dc5d66d-nfqxz,1,16
1782110154,kube-system,metrics-server-786d997795-hcp2m,11,47
1782110154,kube-system,svclb-traefik-1100f998-kpm9h,0,0
1782110154,kube-system,traefik-9bcdbbd9-qtpjt,1,37
1782110156,gsm-1,msc-test-stub-5b875d749d-9f4rq,16,16
1782110156,gsm-1,osmo-bsc-594654bd47-nbzv6,5,5
1782110156,gsm-1,osmo-bts-virtual-5f8b9b86fc-7vzx5,13,5
1782110156,gsm-1,osmo-hlr-546bdb8988-9b4tn,1,2
1782110156,gsm-1,osmo-mgw-8c8fc67d6-vn9j4,1,2
1782110156,gsm-1,osmo-mobile-947867b85-7rhh4,21,24
1782110156,gsm-1,osmo-stp-768687f494-cnb6n,1,2
1782110156,gsm-1,virtphy-858665df6d-m5jmn,8,0
1782110156,kube-system,coredns-c4dbffb5f-p9rsr,5,29
1782110156,kube-system,local-path-provisioner-5c4dc5d66d-nfqxz,1,16
1782110156,kube-system,metrics-server-786d997795-hcp2m,11,47
1782110156,kube-system,svclb-traefik-1100f998-kpm9h,0,0
1782110156,kube-system,traefik-9bcdbbd9-qtpjt,1,37
1782110158,gsm-1,msc-test-stub-5b875d749d-9f4rq,1,16
1782110158,gsm-1,osmo-bsc-594654bd47-nbzv6,5,5
1782110158,gsm-1,osmo-bts-virtual-5f8b9b86fc-7vzx5,17,5
1782110158,gsm-1,osmo-hlr-546bdb8988-9b4tn,1,2
1782110158,gsm-1,osmo-mgw-8c8fc67d6-vn9j4,1,2
1782110158,gsm-1,osmo-mobile-947867b85-7rhh4,11,28
1782110158,gsm-1,osmo-stp-768687f494-cnb6n,1,2
1782110158,gsm-1,virtphy-858665df6d-m5jmn,9,1
1782110158,kube-system,coredns-c4dbffb5f-p9rsr,5,29
1782110158,kube-system,local-path-provisioner-5c4dc5d66d-nfqxz,1,16
1782110158,kube-system,metrics-server-786d997795-hcp2m,8,47
1782110158,kube-system,svclb-traefik-1100f998-kpm9h,0,0
1782110158,kube-system,traefik-9bcdbbd9-qtpjt,1,37
1782110160,gsm-1,msc-test-stub-5b875d749d-9f4rq,1,16
1782110160,gsm-1,osmo-bsc-594654bd47-nbzv6,5,5
1782110160,gsm-1,osmo-bts-virtual-5f8b9b86fc-7vzx5,17,5
1782110160,gsm-1,osmo-hlr-546bdb8988-9b4tn,1,2
1782110160,gsm-1,osmo-mgw-8c8fc67d6-vn9j4,1,2
1782110160,gsm-1,osmo-mobile-947867b85-7rhh4,11,28
1782110160,gsm-1,osmo-stp-768687f494-cnb6n,1,2
1782110160,gsm-1,virtphy-858665df6d-m5jmn,9,1
1782110160,kube-system,coredns-c4dbffb5f-p9rsr,5,29
1782110160,kube-system,local-path-provisioner-5c4dc5d66d-nfqxz,1,16
1782110160,kube-system,metrics-server-786d997795-hcp2m,8,47
1782110160,kube-system,svclb-traefik-1100f998-kpm9h,0,0
1782110160,kube-system,traefik-9bcdbbd9-qtpjt,1,37
1782110163,gsm-1,msc-test-stub-5b875d749d-9f4rq,1,16
1782110163,gsm-1,osmo-bsc-594654bd47-nbzv6,5,5
1782110163,gsm-1,osmo-bts-virtual-5f8b9b86fc-7vzx5,17,5
1782110163,gsm-1,osmo-hlr-546bdb8988-9b4tn,1,2
1782110163,gsm-1,osmo-mgw-8c8fc67d6-vn9j4,1,2
1782110163,gsm-1,osmo-mobile-947867b85-7rhh4,11,28
1782110163,gsm-1,osmo-stp-768687f494-cnb6n,1,2
1782110163,gsm-1,virtphy-858665df6d-m5jmn,9,1
1782110163,kube-system,coredns-c4dbffb5f-p9rsr,5,29
1782110163,kube-system,local-path-provisioner-5c4dc5d66d-nfqxz,1,16
1782110163,kube-system,metrics-server-786d997795-hcp2m,8,47
1782110163,kube-system,svclb-traefik-1100f998-kpm9h,0,0
1782110163,kube-system,traefik-9bcdbbd9-qtpjt,1,37
1782110165,gsm-1,msc-test-stub-5b875d749d-9f4rq,1,16
1782110165,gsm-1,osmo-bsc-594654bd47-nbzv6,5,5
1782110165,gsm-1,osmo-bts-virtual-5f8b9b86fc-7vzx5,17,5
1782110165,gsm-1,osmo-hlr-546bdb8988-9b4tn,1,2
1782110165,gsm-1,osmo-mgw-8c8fc67d6-vn9j4,1,2
1782110165,gsm-1,osmo-mobile-947867b85-7rhh4,11,28
1782110165,gsm-1,osmo-stp-768687f494-cnb6n,1,2
1782110165,gsm-1,virtphy-858665df6d-m5jmn,9,1
1782110165,kube-system,coredns-c4dbffb5f-p9rsr,5,29
1782110165,kube-system,local-path-provisioner-5c4dc5d66d-nfqxz,1,16
1782110165,kube-system,metrics-server-786d997795-hcp2m,8,47
1782110165,kube-system,svclb-traefik-1100f998-kpm9h,0,0
1782110165,kube-system,traefik-9bcdbbd9-qtpjt,1,37
1782110167,gsm-1,msc-test-stub-5b875d749d-9f4rq,1,16
1782110167,gsm-1,osmo-bsc-594654bd47-nbzv6,5,5
1782110167,gsm-1,osmo-bts-virtual-5f8b9b86fc-7vzx5,17,5
1782110167,gsm-1,osmo-hlr-546bdb8988-9b4tn,1,2
1782110167,gsm-1,osmo-mgw-8c8fc67d6-vn9j4,1,2
1782110167,gsm-1,osmo-mobile-947867b85-7rhh4,11,28
1782110167,gsm-1,osmo-stp-768687f494-cnb6n,1,2
1782110167,gsm-1,virtphy-858665df6d-m5jmn,9,1
1782110167,kube-system,coredns-c4dbffb5f-p9rsr,5,29
1782110167,kube-system,local-path-provisioner-5c4dc5d66d-nfqxz,1,16
1782110167,kube-system,metrics-server-786d997795-hcp2m,8,47
1782110167,kube-system,svclb-traefik-1100f998-kpm9h,0,0
1782110167,kube-system,traefik-9bcdbbd9-qtpjt,1,37
1782110169,gsm-1,msc-test-stub-5b875d749d-9f4rq,1,16
1782110169,gsm-1,osmo-bsc-594654bd47-nbzv6,5,5
1782110169,gsm-1,osmo-bts-virtual-5f8b9b86fc-7vzx5,17,5
1782110169,gsm-1,osmo-hlr-546bdb8988-9b4tn,1,2
1782110169,gsm-1,osmo-mgw-8c8fc67d6-vn9j4,1,2
1782110169,gsm-1,osmo-mobile-947867b85-7rhh4,11,28
1782110169,gsm-1,osmo-stp-768687f494-cnb6n,1,2
1782110169,gsm-1,virtphy-858665df6d-m5jmn,9,1
1782110169,kube-system,coredns-c4dbffb5f-p9rsr,5,29
1782110169,kube-system,local-path-provisioner-5c4dc5d66d-nfqxz,1,16
1782110169,kube-system,metrics-server-786d997795-hcp2m,8,47
1782110169,kube-system,svclb-traefik-1100f998-kpm9h,0,0
1782110169,kube-system,traefik-9bcdbbd9-qtpjt,1,37
1782110171,gsm-1,msc-test-stub-5b875d749d-9f4rq,1,16
1782110171,gsm-1,osmo-bsc-594654bd47-nbzv6,5,5
1782110171,gsm-1,osmo-bts-virtual-5f8b9b86fc-7vzx5,17,5
1782110171,gsm-1,osmo-hlr-546bdb8988-9b4tn,1,2
1782110171,gsm-1,osmo-mgw-8c8fc67d6-vn9j4,1,2
1782110171,gsm-1,osmo-mobile-947867b85-7rhh4,11,28
1782110171,gsm-1,osmo-stp-768687f494-cnb6n,1,2
1782110171,gsm-1,virtphy-858665df6d-m5jmn,9,1
1782110171,kube-system,coredns-c4dbffb5f-p9rsr,5,29
1782110171,kube-system,local-path-provisioner-5c4dc5d66d-nfqxz,1,16
1782110171,kube-system,metrics-server-786d997795-hcp2m,8,47
1782110171,kube-system,svclb-traefik-1100f998-kpm9h,0,0
1782110171,kube-system,traefik-9bcdbbd9-qtpjt,1,37
1782110173,gsm-1,msc-test-stub-5b875d749d-9f4rq,1,16
1782110173,gsm-1,osmo-bsc-594654bd47-nbzv6,1,5
1782110173,gsm-1,osmo-bts-virtual-5f8b9b86fc-7vzx5,16,5
1782110173,gsm-1,osmo-hlr-546bdb8988-9b4tn,1,2
1782110173,gsm-1,osmo-mgw-8c8fc67d6-vn9j4,1,2
1782110173,gsm-1,osmo-mobile-947867b85-7rhh4,4,28
1782110173,gsm-1,osmo-stp-768687f494-cnb6n,1,2
1782110173,gsm-1,virtphy-858665df6d-m5jmn,9,1
1782110173,kube-system,coredns-c4dbffb5f-p9rsr,3,29
1782110173,kube-system,local-path-provisioner-5c4dc5d66d-nfqxz,1,16
1782110173,kube-system,metrics-server-786d997795-hcp2m,8,47
1782110173,kube-system,svclb-traefik-1100f998-kpm9h,0,0
1782110173,kube-system,traefik-9bcdbbd9-qtpjt,1,37
1782110176,gsm-1,msc-test-stub-5b875d749d-9f4rq,1,16
1782110176,gsm-1,osmo-bsc-594654bd47-nbzv6,1,5
1782110176,gsm-1,osmo-bts-virtual-5f8b9b86fc-7vzx5,16,5
1782110176,gsm-1,osmo-hlr-546bdb8988-9b4tn,1,2
1782110176,gsm-1,osmo-mgw-8c8fc67d6-vn9j4,1,2
1782110176,gsm-1,osmo-mobile-947867b85-7rhh4,4,28
1782110176,gsm-1,osmo-stp-768687f494-cnb6n,1,2
1782110176,gsm-1,virtphy-858665df6d-m5jmn,9,1
1782110176,kube-system,coredns-c4dbffb5f-p9rsr,3,29
1782110176,kube-system,local-path-provisioner-5c4dc5d66d-nfqxz,1,16
1782110176,kube-system,metrics-server-786d997795-hcp2m,8,47
1782110176,kube-system,svclb-traefik-1100f998-kpm9h,0,0
1782110176,kube-system,traefik-9bcdbbd9-qtpjt,1,37
1782110178,gsm-1,msc-test-stub-5b875d749d-9f4rq,1,16
1782110178,gsm-1,osmo-bsc-594654bd47-nbzv6,1,5
1782110178,gsm-1,osmo-bts-virtual-5f8b9b86fc-7vzx5,16,5
1782110178,gsm-1,osmo-hlr-546bdb8988-9b4tn,1,2
1782110178,gsm-1,osmo-mgw-8c8fc67d6-vn9j4,1,2
1782110178,gsm-1,osmo-mobile-947867b85-7rhh4,4,28
1782110178,gsm-1,osmo-stp-768687f494-cnb6n,1,2
1782110178,gsm-1,virtphy-858665df6d-m5jmn,9,1
1782110178,kube-system,coredns-c4dbffb5f-p9rsr,3,29
1782110178,kube-system,local-path-provisioner-5c4dc5d66d-nfqxz,1,16
1782110178,kube-system,metrics-server-786d997795-hcp2m,8,47
1782110178,kube-system,svclb-traefik-1100f998-kpm9h,0,0
1782110178,kube-system,traefik-9bcdbbd9-qtpjt,1,37
1782110180,gsm-1,msc-test-stub-5b875d749d-9f4rq,1,16
1782110180,gsm-1,osmo-bsc-594654bd47-nbzv6,1,5
1782110180,gsm-1,osmo-bts-virtual-5f8b9b86fc-7vzx5,16,5
1782110180,gsm-1,osmo-hlr-546bdb8988-9b4tn,1,2
1782110180,gsm-1,osmo-mgw-8c8fc67d6-vn9j4,1,2
1782110180,gsm-1,osmo-mobile-947867b85-7rhh4,4,28
1782110180,gsm-1,osmo-stp-768687f494-cnb6n,1,2
1782110180,gsm-1,virtphy-858665df6d-m5jmn,9,1
1782110180,kube-system,coredns-c4dbffb5f-p9rsr,3,29
1782110180,kube-system,local-path-provisioner-5c4dc5d66d-nfqxz,1,16
1782110180,kube-system,metrics-server-786d997795-hcp2m,8,47
1782110180,kube-system,svclb-traefik-1100f998-kpm9h,0,0
1782110180,kube-system,traefik-9bcdbbd9-qtpjt,1,37
1782110182,gsm-1,msc-test-stub-5b875d749d-9f4rq,1,16
1782110182,gsm-1,osmo-bsc-594654bd47-nbzv6,1,5
1782110182,gsm-1,osmo-bts-virtual-5f8b9b86fc-7vzx5,16,5
1782110182,gsm-1,osmo-hlr-546bdb8988-9b4tn,1,2
1782110182,gsm-1,osmo-mgw-8c8fc67d6-vn9j4,1,2
1782110182,gsm-1,osmo-mobile-947867b85-7rhh4,4,28
1782110182,gsm-1,osmo-stp-768687f494-cnb6n,1,2
1782110182,gsm-1,virtphy-858665df6d-m5jmn,9,1
1782110182,kube-system,coredns-c4dbffb5f-p9rsr,3,29
1782110182,kube-system,local-path-provisioner-5c4dc5d66d-nfqxz,1,16
1782110182,kube-system,metrics-server-786d997795-hcp2m,8,47
1782110182,kube-system,svclb-traefik-1100f998-kpm9h,0,0
1782110182,kube-system,traefik-9bcdbbd9-qtpjt,1,37
1782110184,gsm-1,msc-test-stub-5b875d749d-9f4rq,1,16
1782110184,gsm-1,osmo-bsc-594654bd47-nbzv6,1,5
1782110184,gsm-1,osmo-bts-virtual-5f8b9b86fc-7vzx5,16,5
1782110184,gsm-1,osmo-hlr-546bdb8988-9b4tn,1,2
1782110184,gsm-1,osmo-mgw-8c8fc67d6-vn9j4,1,2
1782110184,gsm-1,osmo-mobile-947867b85-7rhh4,4,28
1782110184,gsm-1,osmo-stp-768687f494-cnb6n,1,2
1782110184,gsm-1,virtphy-858665df6d-m5jmn,9,1
1782110184,kube-system,coredns-c4dbffb5f-p9rsr,3,29
1782110184,kube-system,local-path-provisioner-5c4dc5d66d-nfqxz,1,16
1782110184,kube-system,metrics-server-786d997795-hcp2m,8,47
1782110184,kube-system,svclb-traefik-1100f998-kpm9h,0,0
1782110184,kube-system,traefik-9bcdbbd9-qtpjt,1,37
1782110187,gsm-1,msc-test-stub-5b875d749d-9f4rq,1,16
1782110187,gsm-1,osmo-bsc-594654bd47-nbzv6,1,5
1782110187,gsm-1,osmo-bts-virtual-5f8b9b86fc-7vzx5,16,5
1782110187,gsm-1,osmo-hlr-546bdb8988-9b4tn,1,2
1782110187,gsm-1,osmo-mgw-8c8fc67d6-vn9j4,1,2
1782110187,gsm-1,osmo-mobile-947867b85-7rhh4,4,28
1782110187,gsm-1,osmo-stp-768687f494-cnb6n,1,2
1782110187,gsm-1,virtphy-858665df6d-m5jmn,9,1
1782110187,kube-system,coredns-c4dbffb5f-p9rsr,3,29
1782110187,kube-system,local-path-provisioner-5c4dc5d66d-nfqxz,1,16
1782110187,kube-system,metrics-server-786d997795-hcp2m,8,47
1782110187,kube-system,svclb-traefik-1100f998-kpm9h,0,0
1782110187,kube-system,traefik-9bcdbbd9-qtpjt,1,37
1782110189,gsm-1,msc-test-stub-5b875d749d-9f4rq,3,16
1782110189,gsm-1,osmo-bsc-594654bd47-nbzv6,1,5
1782110189,gsm-1,osmo-bts-virtual-5f8b9b86fc-7vzx5,18,9
1782110189,gsm-1,osmo-hlr-546bdb8988-9b4tn,1,2
1782110189,gsm-1,osmo-mgw-8c8fc67d6-vn9j4,1,2
1782110189,gsm-1,osmo-mobile-947867b85-7rhh4,4,28
1782110189,gsm-1,osmo-stp-768687f494-cnb6n,1,2
1782110189,gsm-1,virtphy-858665df6d-m5jmn,9,2
1782110189,kube-system,coredns-c4dbffb5f-p9rsr,3,29
1782110189,kube-system,local-path-provisioner-5c4dc5d66d-nfqxz,1,16
1782110189,kube-system,metrics-server-786d997795-hcp2m,14,48
1782110189,kube-system,svclb-traefik-1100f998-kpm9h,0,0
1782110189,kube-system,traefik-9bcdbbd9-qtpjt,1,37
1782110191,gsm-1,msc-test-stub-5b875d749d-9f4rq,3,16
1782110191,gsm-1,osmo-bsc-594654bd47-nbzv6,1,5
1782110191,gsm-1,osmo-bts-virtual-5f8b9b86fc-7vzx5,18,9
1782110191,gsm-1,osmo-hlr-546bdb8988-9b4tn,1,2
1782110191,gsm-1,osmo-mgw-8c8fc67d6-vn9j4,1,2
1782110191,gsm-1,osmo-mobile-947867b85-7rhh4,4,28
1782110191,gsm-1,osmo-stp-768687f494-cnb6n,1,2
1782110191,gsm-1,virtphy-858665df6d-m5jmn,9,2
1782110191,kube-system,coredns-c4dbffb5f-p9rsr,3,29
1782110191,kube-system,local-path-provisioner-5c4dc5d66d-nfqxz,1,16
1782110191,kube-system,metrics-server-786d997795-hcp2m,14,48
1782110191,kube-system,svclb-traefik-1100f998-kpm9h,0,0
1782110191,kube-system,traefik-9bcdbbd9-qtpjt,1,37
1782110193,gsm-1,msc-test-stub-5b875d749d-9f4rq,3,16
1782110193,gsm-1,osmo-bsc-594654bd47-nbzv6,1,5
1782110193,gsm-1,osmo-bts-virtual-5f8b9b86fc-7vzx5,18,9
1782110193,gsm-1,osmo-hlr-546bdb8988-9b4tn,1,2
1782110193,gsm-1,osmo-mgw-8c8fc67d6-vn9j4,1,2
1782110193,gsm-1,osmo-mobile-947867b85-7rhh4,4,28
1782110193,gsm-1,osmo-stp-768687f494-cnb6n,1,2
1782110193,gsm-1,virtphy-858665df6d-m5jmn,9,2
1782110193,kube-system,coredns-c4dbffb5f-p9rsr,3,29
1782110193,kube-system,local-path-provisioner-5c4dc5d66d-nfqxz,1,16
1782110193,kube-system,metrics-server-786d997795-hcp2m,14,48
1782110193,kube-system,svclb-traefik-1100f998-kpm9h,0,0
1782110193,kube-system,traefik-9bcdbbd9-qtpjt,1,37
1782110196,gsm-1,msc-test-stub-5b875d749d-9f4rq,3,16
1782110196,gsm-1,osmo-bsc-594654bd47-nbzv6,1,5
1782110196,gsm-1,osmo-bts-virtual-5f8b9b86fc-7vzx5,18,9
1782110196,gsm-1,osmo-hlr-546bdb8988-9b4tn,1,2
1782110196,gsm-1,osmo-mgw-8c8fc67d6-vn9j4,1,2
1782110196,gsm-1,osmo-mobile-947867b85-7rhh4,4,28
1782110196,gsm-1,osmo-stp-768687f494-cnb6n,1,2
1782110196,gsm-1,virtphy-858665df6d-m5jmn,9,2
1782110196,kube-system,coredns-c4dbffb5f-p9rsr,3,29
1782110196,kube-system,local-path-provisioner-5c4dc5d66d-nfqxz,1,16
1782110196,kube-system,metrics-server-786d997795-hcp2m,14,48
1782110196,kube-system,svclb-traefik-1100f998-kpm9h,0,0
1782110196,kube-system,traefik-9bcdbbd9-qtpjt,1,37
1782110198,gsm-1,msc-test-stub-5b875d749d-9f4rq,3,16
1782110198,gsm-1,osmo-bsc-594654bd47-nbzv6,1,5
1782110198,gsm-1,osmo-bts-virtual-5f8b9b86fc-7vzx5,18,9
1782110198,gsm-1,osmo-hlr-546bdb8988-9b4tn,1,2
1782110198,gsm-1,osmo-mgw-8c8fc67d6-vn9j4,1,2
1782110198,gsm-1,osmo-mobile-947867b85-7rhh4,4,28
1782110198,gsm-1,osmo-stp-768687f494-cnb6n,1,2
1782110198,gsm-1,virtphy-858665df6d-m5jmn,9,2
1782110198,kube-system,coredns-c4dbffb5f-p9rsr,3,29
1782110198,kube-system,local-path-provisioner-5c4dc5d66d-nfqxz,1,16
1782110198,kube-system,metrics-server-786d997795-hcp2m,14,48
1782110198,kube-system,svclb-traefik-1100f998-kpm9h,0,0
1782110198,kube-system,traefik-9bcdbbd9-qtpjt,1,37
1782110200,gsm-1,msc-test-stub-5b875d749d-9f4rq,3,16
1782110200,gsm-1,osmo-bsc-594654bd47-nbzv6,1,5
1782110200,gsm-1,osmo-bts-virtual-5f8b9b86fc-7vzx5,18,9
1782110200,gsm-1,osmo-hlr-546bdb8988-9b4tn,1,2
1782110200,gsm-1,osmo-mgw-8c8fc67d6-vn9j4,1,2
1782110200,gsm-1,osmo-mobile-947867b85-7rhh4,4,28
1782110200,gsm-1,osmo-stp-768687f494-cnb6n,1,2
1782110200,gsm-1,virtphy-858665df6d-m5jmn,9,2
1782110200,kube-system,coredns-c4dbffb5f-p9rsr,3,29
1782110200,kube-system,local-path-provisioner-5c4dc5d66d-nfqxz,1,16
1782110200,kube-system,metrics-server-786d997795-hcp2m,14,48
1782110200,kube-system,svclb-traefik-1100f998-kpm9h,0,0
1782110200,kube-system,traefik-9bcdbbd9-qtpjt,1,37
1782110202,gsm-1,msc-test-stub-5b875d749d-9f4rq,3,16
1782110202,gsm-1,osmo-bsc-594654bd47-nbzv6,1,5
1782110202,gsm-1,osmo-bts-virtual-5f8b9b86fc-7vzx5,18,9
1782110202,gsm-1,osmo-hlr-546bdb8988-9b4tn,1,2
1782110202,gsm-1,osmo-mgw-8c8fc67d6-vn9j4,1,2
1782110202,gsm-1,osmo-mobile-947867b85-7rhh4,4,28
1782110202,gsm-1,osmo-stp-768687f494-cnb6n,1,2
1782110202,gsm-1,virtphy-858665df6d-m5jmn,9,2
1782110202,kube-system,coredns-c4dbffb5f-p9rsr,3,29
1782110202,kube-system,local-path-provisioner-5c4dc5d66d-nfqxz,1,16
1782110202,kube-system,metrics-server-786d997795-hcp2m,14,48
1782110202,kube-system,svclb-traefik-1100f998-kpm9h,0,0
1782110202,kube-system,traefik-9bcdbbd9-qtpjt,1,37
1782110204,gsm-1,msc-test-stub-5b875d749d-9f4rq,1,16
1782110204,gsm-1,osmo-bsc-594654bd47-nbzv6,1,5
1782110204,gsm-1,osmo-bts-virtual-5f8b9b86fc-7vzx5,17,5
1782110204,gsm-1,osmo-hlr-546bdb8988-9b4tn,1,2
1782110204,gsm-1,osmo-mgw-8c8fc67d6-vn9j4,1,2
1782110204,gsm-1,osmo-mobile-947867b85-7rhh4,3,28
1782110204,gsm-1,osmo-stp-768687f494-cnb6n,1,2
1782110204,gsm-1,ttcn3-tc-26-6-1-1-1-cqc6r,12,4
1782110204,gsm-1,virtphy-858665df6d-m5jmn,9,1
1782110204,kube-system,coredns-c4dbffb5f-p9rsr,3,29
1782110204,kube-system,local-path-provisioner-5c4dc5d66d-nfqxz,1,16
1782110204,kube-system,metrics-server-786d997795-hcp2m,8,48
1782110204,kube-system,svclb-traefik-1100f998-kpm9h,0,0
1782110204,kube-system,traefik-9bcdbbd9-qtpjt,1,37
1782110206,gsm-1,msc-test-stub-5b875d749d-9f4rq,1,16
1782110206,gsm-1,osmo-bsc-594654bd47-nbzv6,1,5
1782110206,gsm-1,osmo-bts-virtual-5f8b9b86fc-7vzx5,17,5
1782110206,gsm-1,osmo-hlr-546bdb8988-9b4tn,1,2
1782110206,gsm-1,osmo-mgw-8c8fc67d6-vn9j4,1,2
1782110206,gsm-1,osmo-mobile-947867b85-7rhh4,3,28
1782110206,gsm-1,osmo-stp-768687f494-cnb6n,1,2
1782110206,gsm-1,ttcn3-tc-26-6-1-1-1-cqc6r,12,4
1782110206,gsm-1,virtphy-858665df6d-m5jmn,9,1
1782110206,kube-system,coredns-c4dbffb5f-p9rsr,3,29
1782110206,kube-system,local-path-provisioner-5c4dc5d66d-nfqxz,1,16
1782110206,kube-system,metrics-server-786d997795-hcp2m,8,48
1782110206,kube-system,svclb-traefik-1100f998-kpm9h,0,0
1782110206,kube-system,traefik-9bcdbbd9-qtpjt,1,37
1782110208,gsm-1,msc-test-stub-5b875d749d-9f4rq,1,16
1782110208,gsm-1,osmo-bsc-594654bd47-nbzv6,1,5
1782110208,gsm-1,osmo-bts-virtual-5f8b9b86fc-7vzx5,17,5
1782110208,gsm-1,osmo-hlr-546bdb8988-9b4tn,1,2
1782110208,gsm-1,osmo-mgw-8c8fc67d6-vn9j4,1,2
1782110208,gsm-1,osmo-mobile-947867b85-7rhh4,3,28
1782110208,gsm-1,osmo-stp-768687f494-cnb6n,1,2
1782110208,gsm-1,ttcn3-tc-26-6-1-1-1-cqc6r,12,4
1782110208,gsm-1,virtphy-858665df6d-m5jmn,9,1
1782110208,kube-system,coredns-c4dbffb5f-p9rsr,3,29
1782110208,kube-system,local-path-provisioner-5c4dc5d66d-nfqxz,1,16
1782110208,kube-system,metrics-server-786d997795-hcp2m,8,48
1782110208,kube-system,svclb-traefik-1100f998-kpm9h,0,0
1782110208,kube-system,traefik-9bcdbbd9-qtpjt,1,37
1782110211,gsm-1,msc-test-stub-5b875d749d-9f4rq,1,16
1782110211,gsm-1,osmo-bsc-594654bd47-nbzv6,1,5
1782110211,gsm-1,osmo-bts-virtual-5f8b9b86fc-7vzx5,17,5
1782110211,gsm-1,osmo-hlr-546bdb8988-9b4tn,1,2
1782110211,gsm-1,osmo-mgw-8c8fc67d6-vn9j4,1,2
1782110211,gsm-1,osmo-mobile-947867b85-7rhh4,3,28
1782110211,gsm-1,osmo-stp-768687f494-cnb6n,1,2
1782110211,gsm-1,ttcn3-tc-26-6-1-1-1-cqc6r,12,4
1782110211,gsm-1,virtphy-858665df6d-m5jmn,9,1
1782110211,kube-system,coredns-c4dbffb5f-p9rsr,3,29
1782110211,kube-system,local-path-provisioner-5c4dc5d66d-nfqxz,1,16
1782110211,kube-system,metrics-server-786d997795-hcp2m,8,48
1782110211,kube-system,svclb-traefik-1100f998-kpm9h,0,0
1782110211,kube-system,traefik-9bcdbbd9-qtpjt,1,37
1782110213,gsm-1,msc-test-stub-5b875d749d-9f4rq,1,16
1782110213,gsm-1,osmo-bsc-594654bd47-nbzv6,1,5
1782110213,gsm-1,osmo-bts-virtual-5f8b9b86fc-7vzx5,17,5
1782110213,gsm-1,osmo-hlr-546bdb8988-9b4tn,1,2
1782110213,gsm-1,osmo-mgw-8c8fc67d6-vn9j4,1,2
1782110213,gsm-1,osmo-mobile-947867b85-7rhh4,3,28
1782110213,gsm-1,osmo-stp-768687f494-cnb6n,1,2
1782110213,gsm-1,ttcn3-tc-26-6-1-1-1-cqc6r,12,4
1782110213,gsm-1,virtphy-858665df6d-m5jmn,9,1
1782110213,kube-system,coredns-c4dbffb5f-p9rsr,3,29
1782110213,kube-system,local-path-provisioner-5c4dc5d66d-nfqxz,1,16
1782110213,kube-system,metrics-server-786d997795-hcp2m,8,48
1782110213,kube-system,svclb-traefik-1100f998-kpm9h,0,0
1782110213,kube-system,traefik-9bcdbbd9-qtpjt,1,37
1782110215,gsm-1,msc-test-stub-5b875d749d-9f4rq,1,16
1782110215,gsm-1,osmo-bsc-594654bd47-nbzv6,1,5
1782110215,gsm-1,osmo-bts-virtual-5f8b9b86fc-7vzx5,17,5
1782110215,gsm-1,osmo-hlr-546bdb8988-9b4tn,1,2
1782110215,gsm-1,osmo-mgw-8c8fc67d6-vn9j4,1,2
1782110215,gsm-1,osmo-mobile-947867b85-7rhh4,3,28
1782110215,gsm-1,osmo-stp-768687f494-cnb6n,1,2
1782110215,gsm-1,ttcn3-tc-26-6-1-1-1-cqc6r,12,4
1782110215,gsm-1,virtphy-858665df6d-m5jmn,9,1
1782110215,kube-system,coredns-c4dbffb5f-p9rsr,3,29
1782110215,kube-system,local-path-provisioner-5c4dc5d66d-nfqxz,1,16
1782110215,kube-system,metrics-server-786d997795-hcp2m,8,48
1782110215,kube-system,svclb-traefik-1100f998-kpm9h,0,0
1782110215,kube-system,traefik-9bcdbbd9-qtpjt,1,37
1782110217,gsm-1,msc-test-stub-5b875d749d-9f4rq,1,16
1782110217,gsm-1,osmo-bsc-594654bd47-nbzv6,1,5
1782110217,gsm-1,osmo-bts-virtual-5f8b9b86fc-7vzx5,17,5
1782110217,gsm-1,osmo-hlr-546bdb8988-9b4tn,1,2
1782110217,gsm-1,osmo-mgw-8c8fc67d6-vn9j4,1,2
1782110217,gsm-1,osmo-mobile-947867b85-7rhh4,3,28
1782110217,gsm-1,osmo-stp-768687f494-cnb6n,1,2
1782110217,gsm-1,ttcn3-tc-26-6-1-1-1-cqc6r,12,4
1782110217,gsm-1,virtphy-858665df6d-m5jmn,9,1
1782110217,kube-system,coredns-c4dbffb5f-p9rsr,3,29
1782110217,kube-system,local-path-provisioner-5c4dc5d66d-nfqxz,1,16
1782110217,kube-system,metrics-server-786d997795-hcp2m,8,48
1782110217,kube-system,svclb-traefik-1100f998-kpm9h,0,0
1782110217,kube-system,traefik-9bcdbbd9-qtpjt,1,37
1782110219,gsm-1,msc-test-stub-5b875d749d-9f4rq,1,16
1782110219,gsm-1,osmo-bsc-594654bd47-nbzv6,1,5
1782110219,gsm-1,osmo-bts-virtual-5f8b9b86fc-7vzx5,17,5
1782110219,gsm-1,osmo-hlr-546bdb8988-9b4tn,1,2
1782110219,gsm-1,osmo-mgw-8c8fc67d6-vn9j4,1,2
1782110219,gsm-1,osmo-mobile-947867b85-7rhh4,4,28
1782110219,gsm-1,osmo-stp-768687f494-cnb6n,1,2
1782110219,gsm-1,ttcn3-tc-26-6-1-1-1-cqc6r,2,6
1782110219,gsm-1,virtphy-858665df6d-m5jmn,8,1
1782110219,kube-system,coredns-c4dbffb5f-p9rsr,3,29
1782110219,kube-system,local-path-provisioner-5c4dc5d66d-nfqxz,1,16
1782110219,kube-system,metrics-server-786d997795-hcp2m,8,48
1782110219,kube-system,svclb-traefik-1100f998-kpm9h,0,0
1782110219,kube-system,traefik-9bcdbbd9-qtpjt,1,37
1782110221,gsm-1,msc-test-stub-5b875d749d-9f4rq,1,16
1782110221,gsm-1,osmo-bsc-594654bd47-nbzv6,1,5
1782110221,gsm-1,osmo-bts-virtual-5f8b9b86fc-7vzx5,17,5
1782110221,gsm-1,osmo-hlr-546bdb8988-9b4tn,1,2
1782110221,gsm-1,osmo-mgw-8c8fc67d6-vn9j4,1,2
1782110221,gsm-1,osmo-mobile-947867b85-7rhh4,4,28
1782110221,gsm-1,osmo-stp-768687f494-cnb6n,1,2
1782110221,gsm-1,ttcn3-tc-26-6-1-1-1-cqc6r,2,6
1782110221,gsm-1,virtphy-858665df6d-m5jmn,8,1
1782110221,kube-system,coredns-c4dbffb5f-p9rsr,3,29
1782110221,kube-system,local-path-provisioner-5c4dc5d66d-nfqxz,1,16
1782110221,kube-system,metrics-server-786d997795-hcp2m,8,48
1782110221,kube-system,svclb-traefik-1100f998-kpm9h,0,0
1782110221,kube-system,traefik-9bcdbbd9-qtpjt,1,37
1782110223,gsm-1,msc-test-stub-5b875d749d-9f4rq,1,16
1782110223,gsm-1,osmo-bsc-594654bd47-nbzv6,1,5
1782110223,gsm-1,osmo-bts-virtual-5f8b9b86fc-7vzx5,17,5
1782110223,gsm-1,osmo-hlr-546bdb8988-9b4tn,1,2
1782110223,gsm-1,osmo-mgw-8c8fc67d6-vn9j4,1,2
1782110223,gsm-1,osmo-mobile-947867b85-7rhh4,4,28
1782110223,gsm-1,osmo-stp-768687f494-cnb6n,1,2
1782110223,gsm-1,ttcn3-tc-26-6-1-1-1-cqc6r,2,6
1782110223,gsm-1,virtphy-858665df6d-m5jmn,8,1
1782110223,kube-system,coredns-c4dbffb5f-p9rsr,3,29
1782110223,kube-system,local-path-provisioner-5c4dc5d66d-nfqxz,1,16
1782110223,kube-system,metrics-server-786d997795-hcp2m,8,48
1782110223,kube-system,svclb-traefik-1100f998-kpm9h,0,0
1782110223,kube-system,traefik-9bcdbbd9-qtpjt,1,37
1782110225,gsm-1,msc-test-stub-5b875d749d-9f4rq,1,16
1782110225,gsm-1,osmo-bsc-594654bd47-nbzv6,1,5
1782110225,gsm-1,osmo-bts-virtual-5f8b9b86fc-7vzx5,17,5
1782110225,gsm-1,osmo-hlr-546bdb8988-9b4tn,1,2
1782110225,gsm-1,osmo-mgw-8c8fc67d6-vn9j4,1,2
1782110225,gsm-1,osmo-mobile-947867b85-7rhh4,4,28
1782110225,gsm-1,osmo-stp-768687f494-cnb6n,1,2
1782110225,gsm-1,ttcn3-tc-26-6-1-1-1-cqc6r,2,6
1782110225,gsm-1,virtphy-858665df6d-m5jmn,8,1
1782110225,kube-system,coredns-c4dbffb5f-p9rsr,3,29
1782110225,kube-system,local-path-provisioner-5c4dc5d66d-nfqxz,1,16
1782110225,kube-system,metrics-server-786d997795-hcp2m,8,48
1782110225,kube-system,svclb-traefik-1100f998-kpm9h,0,0
1782110225,kube-system,traefik-9bcdbbd9-qtpjt,1,37
1782110227,gsm-1,msc-test-stub-5b875d749d-9f4rq,1,16
1782110227,gsm-1,osmo-bsc-594654bd47-nbzv6,1,5
1782110227,gsm-1,osmo-bts-virtual-5f8b9b86fc-7vzx5,17,5
1782110227,gsm-1,osmo-hlr-546bdb8988-9b4tn,1,2
1782110227,gsm-1,osmo-mgw-8c8fc67d6-vn9j4,1,2
1782110227,gsm-1,osmo-mobile-947867b85-7rhh4,4,28
1782110227,gsm-1,osmo-stp-768687f494-cnb6n,1,2
1782110227,gsm-1,ttcn3-tc-26-6-1-1-1-cqc6r,2,6
1782110227,gsm-1,virtphy-858665df6d-m5jmn,8,1
1782110227,kube-system,coredns-c4dbffb5f-p9rsr,3,29
1782110227,kube-system,local-path-provisioner-5c4dc5d66d-nfqxz,1,16
1782110227,kube-system,metrics-server-786d997795-hcp2m,8,48
1782110227,kube-system,svclb-traefik-1100f998-kpm9h,0,0
1782110227,kube-system,traefik-9bcdbbd9-qtpjt,1,37
1782110230,gsm-1,msc-test-stub-5b875d749d-9f4rq,1,16
1782110230,gsm-1,osmo-bsc-594654bd47-nbzv6,1,5
1782110230,gsm-1,osmo-bts-virtual-5f8b9b86fc-7vzx5,17,5
1782110230,gsm-1,osmo-hlr-546bdb8988-9b4tn,1,2
1782110230,gsm-1,osmo-mgw-8c8fc67d6-vn9j4,1,2
1782110230,gsm-1,osmo-mobile-947867b85-7rhh4,4,28
1782110230,gsm-1,osmo-stp-768687f494-cnb6n,1,2
1782110230,gsm-1,ttcn3-tc-26-6-1-1-1-cqc6r,2,6
1782110230,gsm-1,virtphy-858665df6d-m5jmn,8,1
1782110230,kube-system,coredns-c4dbffb5f-p9rsr,3,29
1782110230,kube-system,local-path-provisioner-5c4dc5d66d-nfqxz,1,16
1782110230,kube-system,metrics-server-786d997795-hcp2m,8,48
1782110230,kube-system,svclb-traefik-1100f998-kpm9h,0,0
1782110230,kube-system,traefik-9bcdbbd9-qtpjt,1,37
1782110232,gsm-1,msc-test-stub-5b875d749d-9f4rq,1,16
1782110232,gsm-1,osmo-bsc-594654bd47-nbzv6,1,5
1782110232,gsm-1,osmo-bts-virtual-5f8b9b86fc-7vzx5,15,5
1782110232,gsm-1,osmo-hlr-546bdb8988-9b4tn,1,2
1782110232,gsm-1,osmo-mgw-8c8fc67d6-vn9j4,1,2
1782110232,gsm-1,osmo-mobile-947867b85-7rhh4,3,28
1782110232,gsm-1,osmo-stp-768687f494-cnb6n,1,2
1782110232,gsm-1,ttcn3-tc-26-6-1-1-1-cqc6r,1,6
1782110232,gsm-1,virtphy-858665df6d-m5jmn,8,1
1782110232,kube-system,coredns-c4dbffb5f-p9rsr,3,29
1782110232,kube-system,local-path-provisioner-5c4dc5d66d-nfqxz,1,16
1782110232,kube-system,metrics-server-786d997795-hcp2m,8,48
1782110232,kube-system,svclb-traefik-1100f998-kpm9h,0,0
1782110232,kube-system,traefik-9bcdbbd9-qtpjt,1,37
1782110235,gsm-1,msc-test-stub-5b875d749d-9f4rq,1,16
1782110235,gsm-1,osmo-bsc-594654bd47-nbzv6,1,5
1782110235,gsm-1,osmo-bts-virtual-5f8b9b86fc-7vzx5,15,5
1782110235,gsm-1,osmo-hlr-546bdb8988-9b4tn,1,2
1782110235,gsm-1,osmo-mgw-8c8fc67d6-vn9j4,1,2
1782110235,gsm-1,osmo-mobile-947867b85-7rhh4,3,28
1782110235,gsm-1,osmo-stp-768687f494-cnb6n,1,2
1782110235,gsm-1,ttcn3-tc-26-6-1-1-1-cqc6r,1,6
1782110235,gsm-1,virtphy-858665df6d-m5jmn,8,1
1782110235,kube-system,coredns-c4dbffb5f-p9rsr,3,29
1782110235,kube-system,local-path-provisioner-5c4dc5d66d-nfqxz,1,16
1782110235,kube-system,metrics-server-786d997795-hcp2m,8,48
1782110235,kube-system,svclb-traefik-1100f998-kpm9h,0,0
1782110235,kube-system,traefik-9bcdbbd9-qtpjt,1,37
1782110237,gsm-1,msc-test-stub-5b875d749d-9f4rq,1,16
1782110237,gsm-1,osmo-bsc-594654bd47-nbzv6,1,5
1782110237,gsm-1,osmo-bts-virtual-5f8b9b86fc-7vzx5,15,5
1782110237,gsm-1,osmo-hlr-546bdb8988-9b4tn,1,2
1782110237,gsm-1,osmo-mgw-8c8fc67d6-vn9j4,1,2
1782110237,gsm-1,osmo-mobile-947867b85-7rhh4,3,28
1782110237,gsm-1,osmo-stp-768687f494-cnb6n,1,2
1782110237,gsm-1,ttcn3-tc-26-6-1-1-1-cqc6r,1,6
1782110237,gsm-1,virtphy-858665df6d-m5jmn,8,1
1782110237,kube-system,coredns-c4dbffb5f-p9rsr,3,29
1782110237,kube-system,local-path-provisioner-5c4dc5d66d-nfqxz,1,16
1782110237,kube-system,metrics-server-786d997795-hcp2m,8,48
1782110237,kube-system,svclb-traefik-1100f998-kpm9h,0,0
1782110237,kube-system,traefik-9bcdbbd9-qtpjt,1,37
1782110240,gsm-1,msc-test-stub-5b875d749d-9f4rq,1,16
1782110240,gsm-1,osmo-bsc-594654bd47-nbzv6,1,5
1782110240,gsm-1,osmo-bts-virtual-5f8b9b86fc-7vzx5,15,5
1782110240,gsm-1,osmo-hlr-546bdb8988-9b4tn,1,2
1782110240,gsm-1,osmo-mgw-8c8fc67d6-vn9j4,1,2
1782110240,gsm-1,osmo-mobile-947867b85-7rhh4,3,28
1782110240,gsm-1,osmo-stp-768687f494-cnb6n,1,2
1782110240,gsm-1,ttcn3-tc-26-6-1-1-1-cqc6r,1,6
1782110240,gsm-1,virtphy-858665df6d-m5jmn,8,1
1782110240,kube-system,coredns-c4dbffb5f-p9rsr,3,29
1782110240,kube-system,local-path-provisioner-5c4dc5d66d-nfqxz,1,16
1782110240,kube-system,metrics-server-786d997795-hcp2m,8,48
1782110240,kube-system,svclb-traefik-1100f998-kpm9h,0,0
1782110240,kube-system,traefik-9bcdbbd9-qtpjt,1,37
1782110242,gsm-1,msc-test-stub-5b875d749d-9f4rq,1,16
1782110242,gsm-1,osmo-bsc-594654bd47-nbzv6,1,5
1782110242,gsm-1,osmo-bts-virtual-5f8b9b86fc-7vzx5,15,5
1782110242,gsm-1,osmo-hlr-546bdb8988-9b4tn,1,2
1782110242,gsm-1,osmo-mgw-8c8fc67d6-vn9j4,1,2
1782110242,gsm-1,osmo-mobile-947867b85-7rhh4,3,28
1782110242,gsm-1,osmo-stp-768687f494-cnb6n,1,2
1782110242,gsm-1,ttcn3-tc-26-6-1-1-1-cqc6r,1,6
1782110242,gsm-1,virtphy-858665df6d-m5jmn,8,1
1782110242,kube-system,coredns-c4dbffb5f-p9rsr,3,29
1782110242,kube-system,local-path-provisioner-5c4dc5d66d-nfqxz,1,16
1782110242,kube-system,metrics-server-786d997795-hcp2m,8,48
1782110242,kube-system,svclb-traefik-1100f998-kpm9h,0,0
1782110242,kube-system,traefik-9bcdbbd9-qtpjt,1,37
1782110244,gsm-1,msc-test-stub-5b875d749d-9f4rq,1,16
1782110244,gsm-1,osmo-bsc-594654bd47-nbzv6,1,5
1782110244,gsm-1,osmo-bts-virtual-5f8b9b86fc-7vzx5,15,5
1782110244,gsm-1,osmo-hlr-546bdb8988-9b4tn,1,2
1782110244,gsm-1,osmo-mgw-8c8fc67d6-vn9j4,1,2
1782110244,gsm-1,osmo-mobile-947867b85-7rhh4,3,28
1782110244,gsm-1,osmo-stp-768687f494-cnb6n,1,2
1782110244,gsm-1,ttcn3-tc-26-6-1-1-1-cqc6r,1,6
1782110244,gsm-1,virtphy-858665df6d-m5jmn,8,1
1782110244,kube-system,coredns-c4dbffb5f-p9rsr,3,29
1782110244,kube-system,local-path-provisioner-5c4dc5d66d-nfqxz,1,16
1782110244,kube-system,metrics-server-786d997795-hcp2m,8,48
1782110244,kube-system,svclb-traefik-1100f998-kpm9h,0,0
1782110244,kube-system,traefik-9bcdbbd9-qtpjt,1,37
1782110246,gsm-1,msc-test-stub-5b875d749d-9f4rq,1,16
1782110246,gsm-1,osmo-bsc-594654bd47-nbzv6,1,5
1782110246,gsm-1,osmo-bts-virtual-5f8b9b86fc-7vzx5,15,5
1782110246,gsm-1,osmo-hlr-546bdb8988-9b4tn,1,2
1782110246,gsm-1,osmo-mgw-8c8fc67d6-vn9j4,1,2
1782110246,gsm-1,osmo-mobile-947867b85-7rhh4,3,28
1782110246,gsm-1,osmo-stp-768687f494-cnb6n,1,2
1782110246,gsm-1,ttcn3-tc-26-6-1-1-1-cqc6r,1,6
1782110246,gsm-1,virtphy-858665df6d-m5jmn,8,1
1782110246,kube-system,coredns-c4dbffb5f-p9rsr,3,29
1782110246,kube-system,local-path-provisioner-5c4dc5d66d-nfqxz,1,16
1782110246,kube-system,metrics-server-786d997795-hcp2m,8,48
1782110246,kube-system,svclb-traefik-1100f998-kpm9h,0,0
1782110246,kube-system,traefik-9bcdbbd9-qtpjt,1,37
1782110249,gsm-1,msc-test-stub-5b875d749d-9f4rq,1,16
1782110249,gsm-1,osmo-bsc-594654bd47-nbzv6,1,5
1782110249,gsm-1,osmo-bts-virtual-5f8b9b86fc-7vzx5,17,7
1782110249,gsm-1,osmo-hlr-546bdb8988-9b4tn,1,2
1782110249,gsm-1,osmo-mgw-8c8fc67d6-vn9j4,1,2
1782110249,gsm-1,osmo-mobile-947867b85-7rhh4,3,28
1782110249,gsm-1,osmo-stp-768687f494-cnb6n,1,2
1782110249,gsm-1,ttcn3-tc-26-6-1-1-1-cqc6r,1,6
1782110249,gsm-1,virtphy-858665df6d-m5jmn,8,1
1782110249,kube-system,coredns-c4dbffb5f-p9rsr,2,29
1782110249,kube-system,local-path-provisioner-5c4dc5d66d-nfqxz,1,16
1782110249,kube-system,metrics-server-786d997795-hcp2m,8,48
1782110249,kube-system,svclb-traefik-1100f998-kpm9h,0,0
1782110249,kube-system,traefik-9bcdbbd9-qtpjt,2,37
1782110251,gsm-1,msc-test-stub-5b875d749d-9f4rq,1,16
1782110251,gsm-1,osmo-bsc-594654bd47-nbzv6,1,5
1782110251,gsm-1,osmo-bts-virtual-5f8b9b86fc-7vzx5,17,7
1782110251,gsm-1,osmo-hlr-546bdb8988-9b4tn,1,2
1782110251,gsm-1,osmo-mgw-8c8fc67d6-vn9j4,1,2
1782110251,gsm-1,osmo-mobile-947867b85-7rhh4,3,28
1782110251,gsm-1,osmo-stp-768687f494-cnb6n,1,2
1782110251,gsm-1,ttcn3-tc-26-6-1-1-1-cqc6r,1,6
1782110251,gsm-1,virtphy-858665df6d-m5jmn,8,1
1782110251,kube-system,coredns-c4dbffb5f-p9rsr,2,29
1782110251,kube-system,local-path-provisioner-5c4dc5d66d-nfqxz,1,16
1782110251,kube-system,metrics-server-786d997795-hcp2m,8,48
1782110251,kube-system,svclb-traefik-1100f998-kpm9h,0,0
1782110251,kube-system,traefik-9bcdbbd9-qtpjt,2,37
1782110253,gsm-1,msc-test-stub-5b875d749d-9f4rq,1,16
1782110253,gsm-1,osmo-bsc-594654bd47-nbzv6,1,5
1782110253,gsm-1,osmo-bts-virtual-5f8b9b86fc-7vzx5,17,7
1782110253,gsm-1,osmo-hlr-546bdb8988-9b4tn,1,2
1782110253,gsm-1,osmo-mgw-8c8fc67d6-vn9j4,1,2
1782110253,gsm-1,osmo-mobile-947867b85-7rhh4,3,28
1782110253,gsm-1,osmo-stp-768687f494-cnb6n,1,2
1782110253,gsm-1,ttcn3-tc-26-6-1-1-1-cqc6r,1,6
1782110253,gsm-1,virtphy-858665df6d-m5jmn,8,1
1782110253,kube-system,coredns-c4dbffb5f-p9rsr,2,29
1782110253,kube-system,local-path-provisioner-5c4dc5d66d-nfqxz,1,16
1782110253,kube-system,metrics-server-786d997795-hcp2m,8,48
1782110253,kube-system,svclb-traefik-1100f998-kpm9h,0,0
1782110253,kube-system,traefik-9bcdbbd9-qtpjt,2,37
1782110255,gsm-1,msc-test-stub-5b875d749d-9f4rq,1,16
1782110255,gsm-1,osmo-bsc-594654bd47-nbzv6,1,5
1782110255,gsm-1,osmo-bts-virtual-5f8b9b86fc-7vzx5,17,7
1782110255,gsm-1,osmo-hlr-546bdb8988-9b4tn,1,2
1782110255,gsm-1,osmo-mgw-8c8fc67d6-vn9j4,1,2
1782110255,gsm-1,osmo-mobile-947867b85-7rhh4,3,28
1782110255,gsm-1,osmo-stp-768687f494-cnb6n,1,2
1782110255,gsm-1,ttcn3-tc-26-6-1-1-1-cqc6r,1,6
1782110255,gsm-1,virtphy-858665df6d-m5jmn,8,1
1782110255,kube-system,coredns-c4dbffb5f-p9rsr,2,29
1782110255,kube-system,local-path-provisioner-5c4dc5d66d-nfqxz,1,16
1782110255,kube-system,metrics-server-786d997795-hcp2m,8,48
1782110255,kube-system,svclb-traefik-1100f998-kpm9h,0,0
1782110255,kube-system,traefik-9bcdbbd9-qtpjt,2,37
1782110257,gsm-1,msc-test-stub-5b875d749d-9f4rq,1,16
1782110257,gsm-1,osmo-bsc-594654bd47-nbzv6,1,5
1782110257,gsm-1,osmo-bts-virtual-5f8b9b86fc-7vzx5,17,7
1782110257,gsm-1,osmo-hlr-546bdb8988-9b4tn,1,2
1782110257,gsm-1,osmo-mgw-8c8fc67d6-vn9j4,1,2
1782110257,gsm-1,osmo-mobile-947867b85-7rhh4,3,28
1782110257,gsm-1,osmo-stp-768687f494-cnb6n,1,2
1782110257,gsm-1,ttcn3-tc-26-6-1-1-1-cqc6r,1,6
1782110257,gsm-1,virtphy-858665df6d-m5jmn,8,1
1782110257,kube-system,coredns-c4dbffb5f-p9rsr,2,29
1782110257,kube-system,local-path-provisioner-5c4dc5d66d-nfqxz,1,16
1782110257,kube-system,metrics-server-786d997795-hcp2m,8,48
1782110257,kube-system,svclb-traefik-1100f998-kpm9h,0,0
1782110257,kube-system,traefik-9bcdbbd9-qtpjt,2,37
1782110259,gsm-1,msc-test-stub-5b875d749d-9f4rq,1,16
1782110259,gsm-1,osmo-bsc-594654bd47-nbzv6,1,5
1782110259,gsm-1,osmo-bts-virtual-5f8b9b86fc-7vzx5,17,7
1782110259,gsm-1,osmo-hlr-546bdb8988-9b4tn,1,2
1782110259,gsm-1,osmo-mgw-8c8fc67d6-vn9j4,1,2
1782110259,gsm-1,osmo-mobile-947867b85-7rhh4,3,28
1782110259,gsm-1,osmo-stp-768687f494-cnb6n,1,2
1782110259,gsm-1,ttcn3-tc-26-6-1-1-1-cqc6r,1,6
1782110259,gsm-1,virtphy-858665df6d-m5jmn,8,1
1782110259,kube-system,coredns-c4dbffb5f-p9rsr,2,29
1782110259,kube-system,local-path-provisioner-5c4dc5d66d-nfqxz,1,16
1782110259,kube-system,metrics-server-786d997795-hcp2m,8,48
1782110259,kube-system,svclb-traefik-1100f998-kpm9h,0,0
1782110259,kube-system,traefik-9bcdbbd9-qtpjt,2,37
1782110261,gsm-1,msc-test-stub-5b875d749d-9f4rq,1,16
1782110261,gsm-1,osmo-bsc-594654bd47-nbzv6,1,5
1782110261,gsm-1,osmo-bts-virtual-5f8b9b86fc-7vzx5,17,7
1782110261,gsm-1,osmo-hlr-546bdb8988-9b4tn,1,2
1782110261,gsm-1,osmo-mgw-8c8fc67d6-vn9j4,1,2
1782110261,gsm-1,osmo-mobile-947867b85-7rhh4,3,28
1782110261,gsm-1,osmo-stp-768687f494-cnb6n,1,2
1782110261,gsm-1,ttcn3-tc-26-6-1-1-1-cqc6r,1,6
1782110261,gsm-1,virtphy-858665df6d-m5jmn,8,1
1782110261,kube-system,coredns-c4dbffb5f-p9rsr,2,29
1782110261,kube-system,local-path-provisioner-5c4dc5d66d-nfqxz,1,16
1782110261,kube-system,metrics-server-786d997795-hcp2m,8,48
1782110261,kube-system,svclb-traefik-1100f998-kpm9h,0,0
1782110261,kube-system,traefik-9bcdbbd9-qtpjt,2,37
1782110263,gsm-1,msc-test-stub-5b875d749d-9f4rq,1,16
1782110263,gsm-1,osmo-bsc-594654bd47-nbzv6,1,5
1782110263,gsm-1,osmo-bts-virtual-5f8b9b86fc-7vzx5,17,7
1782110263,gsm-1,osmo-hlr-546bdb8988-9b4tn,1,2
1782110263,gsm-1,osmo-mgw-8c8fc67d6-vn9j4,1,2
1782110263,gsm-1,osmo-mobile-947867b85-7rhh4,3,28
1782110263,gsm-1,osmo-stp-768687f494-cnb6n,1,2
1782110263,gsm-1,ttcn3-tc-26-6-1-1-1-cqc6r,1,6
1782110263,gsm-1,virtphy-858665df6d-m5jmn,9,4
1782110263,kube-system,coredns-c4dbffb5f-p9rsr,3,29
1782110263,kube-system,local-path-provisioner-5c4dc5d66d-nfqxz,1,16
1782110263,kube-system,metrics-server-786d997795-hcp2m,9,48
1782110263,kube-system,svclb-traefik-1100f998-kpm9h,0,0
1782110263,kube-system,traefik-9bcdbbd9-qtpjt,1,37
1782110266,gsm-1,msc-test-stub-5b875d749d-9f4rq,1,16
1782110266,gsm-1,osmo-bsc-594654bd47-nbzv6,1,5
1782110266,gsm-1,osmo-bts-virtual-5f8b9b86fc-7vzx5,17,7
1782110266,gsm-1,osmo-hlr-546bdb8988-9b4tn,1,2
1782110266,gsm-1,osmo-mgw-8c8fc67d6-vn9j4,1,2
1782110266,gsm-1,osmo-mobile-947867b85-7rhh4,3,28
1782110266,gsm-1,osmo-stp-768687f494-cnb6n,1,2
1782110266,gsm-1,ttcn3-tc-26-6-1-1-1-cqc6r,1,6
1782110266,gsm-1,virtphy-858665df6d-m5jmn,9,4
1782110266,kube-system,coredns-c4dbffb5f-p9rsr,3,29
1782110266,kube-system,local-path-provisioner-5c4dc5d66d-nfqxz,1,16
1782110266,kube-system,metrics-server-786d997795-hcp2m,9,48
1782110266,kube-system,svclb-traefik-1100f998-kpm9h,0,0
1782110266,kube-system,traefik-9bcdbbd9-qtpjt,1,37
1782110268,gsm-1,msc-test-stub-5b875d749d-9f4rq,1,16
1782110268,gsm-1,osmo-bsc-594654bd47-nbzv6,1,5
1782110268,gsm-1,osmo-bts-virtual-5f8b9b86fc-7vzx5,17,7
1782110268,gsm-1,osmo-hlr-546bdb8988-9b4tn,1,2
1782110268,gsm-1,osmo-mgw-8c8fc67d6-vn9j4,1,2
1782110268,gsm-1,osmo-mobile-947867b85-7rhh4,3,28
1782110268,gsm-1,osmo-stp-768687f494-cnb6n,1,2
1782110268,gsm-1,ttcn3-tc-26-6-1-1-1-cqc6r,1,6
1782110268,gsm-1,virtphy-858665df6d-m5jmn,9,4
1782110268,kube-system,coredns-c4dbffb5f-p9rsr,3,29
1782110268,kube-system,local-path-provisioner-5c4dc5d66d-nfqxz,1,16
1782110268,kube-system,metrics-server-786d997795-hcp2m,9,48
1782110268,kube-system,svclb-traefik-1100f998-kpm9h,0,0
1782110268,kube-system,traefik-9bcdbbd9-qtpjt,1,37
1782110270,gsm-1,msc-test-stub-5b875d749d-9f4rq,1,16
1782110270,gsm-1,osmo-bsc-594654bd47-nbzv6,1,5
1782110270,gsm-1,osmo-bts-virtual-5f8b9b86fc-7vzx5,17,7
1782110270,gsm-1,osmo-hlr-546bdb8988-9b4tn,1,2
1782110270,gsm-1,osmo-mgw-8c8fc67d6-vn9j4,1,2
1782110270,gsm-1,osmo-mobile-947867b85-7rhh4,3,28
1782110270,gsm-1,osmo-stp-768687f494-cnb6n,1,2
1782110270,gsm-1,ttcn3-tc-26-6-1-1-1-cqc6r,1,6
1782110270,gsm-1,virtphy-858665df6d-m5jmn,9,4
1782110270,kube-system,coredns-c4dbffb5f-p9rsr,3,29
1782110270,kube-system,local-path-provisioner-5c4dc5d66d-nfqxz,1,16
1782110270,kube-system,metrics-server-786d997795-hcp2m,9,48
1782110270,kube-system,svclb-traefik-1100f998-kpm9h,0,0
1782110270,kube-system,traefik-9bcdbbd9-qtpjt,1,37
1782110272,gsm-1,msc-test-stub-5b875d749d-9f4rq,1,16
1782110272,gsm-1,osmo-bsc-594654bd47-nbzv6,1,5
1782110272,gsm-1,osmo-bts-virtual-5f8b9b86fc-7vzx5,17,7
1782110272,gsm-1,osmo-hlr-546bdb8988-9b4tn,1,2
1782110272,gsm-1,osmo-mgw-8c8fc67d6-vn9j4,1,2
1782110272,gsm-1,osmo-mobile-947867b85-7rhh4,3,28
1782110272,gsm-1,osmo-stp-768687f494-cnb6n,1,2
1782110272,gsm-1,ttcn3-tc-26-6-1-1-1-cqc6r,1,6
1782110272,gsm-1,virtphy-858665df6d-m5jmn,9,4
1782110272,kube-system,coredns-c4dbffb5f-p9rsr,3,29
1782110272,kube-system,local-path-provisioner-5c4dc5d66d-nfqxz,1,16
1782110272,kube-system,metrics-server-786d997795-hcp2m,9,48
1782110272,kube-system,svclb-traefik-1100f998-kpm9h,0,0
1782110272,kube-system,traefik-9bcdbbd9-qtpjt,1,37
1782110274,gsm-1,msc-test-stub-5b875d749d-9f4rq,1,16
1782110274,gsm-1,osmo-bsc-594654bd47-nbzv6,1,5
1782110274,gsm-1,osmo-bts-virtual-5f8b9b86fc-7vzx5,17,7
1782110274,gsm-1,osmo-hlr-546bdb8988-9b4tn,1,2
1782110274,gsm-1,osmo-mgw-8c8fc67d6-vn9j4,1,2
1782110274,gsm-1,osmo-mobile-947867b85-7rhh4,3,28
1782110274,gsm-1,osmo-stp-768687f494-cnb6n,1,2
1782110274,gsm-1,ttcn3-tc-26-6-1-1-1-cqc6r,1,6
1782110274,gsm-1,virtphy-858665df6d-m5jmn,9,4
1782110274,kube-system,coredns-c4dbffb5f-p9rsr,3,29
1782110274,kube-system,local-path-provisioner-5c4dc5d66d-nfqxz,1,16
1782110274,kube-system,metrics-server-786d997795-hcp2m,9,48
1782110274,kube-system,svclb-traefik-1100f998-kpm9h,0,0
1782110274,kube-system,traefik-9bcdbbd9-qtpjt,1,37
1782110276,gsm-1,msc-test-stub-5b875d749d-9f4rq,1,16
1782110276,gsm-1,osmo-bsc-594654bd47-nbzv6,1,5
1782110276,gsm-1,osmo-bts-virtual-5f8b9b86fc-7vzx5,17,7
1782110276,gsm-1,osmo-hlr-546bdb8988-9b4tn,1,2
1782110276,gsm-1,osmo-mgw-8c8fc67d6-vn9j4,1,2
1782110276,gsm-1,osmo-mobile-947867b85-7rhh4,3,28
1782110276,gsm-1,osmo-stp-768687f494-cnb6n,1,2
1782110276,gsm-1,ttcn3-tc-26-6-1-1-1-cqc6r,1,6
1782110276,gsm-1,virtphy-858665df6d-m5jmn,9,4
1782110276,kube-system,coredns-c4dbffb5f-p9rsr,3,29
1782110276,kube-system,local-path-provisioner-5c4dc5d66d-nfqxz,1,16
1782110276,kube-system,metrics-server-786d997795-hcp2m,9,48
1782110276,kube-system,svclb-traefik-1100f998-kpm9h,0,0
1782110276,kube-system,traefik-9bcdbbd9-qtpjt,1,37
1782110278,gsm-1,msc-test-stub-5b875d749d-9f4rq,1,16
1782110278,gsm-1,osmo-bsc-594654bd47-nbzv6,1,5
1782110278,gsm-1,osmo-bts-virtual-5f8b9b86fc-7vzx5,17,9
1782110278,gsm-1,osmo-hlr-546bdb8988-9b4tn,1,2
1782110278,gsm-1,osmo-mgw-8c8fc67d6-vn9j4,1,2
1782110278,gsm-1,osmo-mobile-947867b85-7rhh4,3,28
1782110278,gsm-1,osmo-stp-768687f494-cnb6n,1,2
1782110278,gsm-1,ttcn3-tc-26-6-1-1-1-cqc6r,1,6
1782110278,gsm-1,virtphy-858665df6d-m5jmn,9,1
1782110278,kube-system,coredns-c4dbffb5f-p9rsr,3,29
1782110278,kube-system,local-path-provisioner-5c4dc5d66d-nfqxz,1,16
1782110278,kube-system,metrics-server-786d997795-hcp2m,8,48
1782110278,kube-system,svclb-traefik-1100f998-kpm9h,0,0
1782110278,kube-system,traefik-9bcdbbd9-qtpjt,1,37
1782110281,gsm-1,msc-test-stub-5b875d749d-9f4rq,1,16
1782110281,gsm-1,osmo-bsc-594654bd47-nbzv6,1,5
1782110281,gsm-1,osmo-bts-virtual-5f8b9b86fc-7vzx5,17,9
1782110281,gsm-1,osmo-hlr-546bdb8988-9b4tn,1,2
1782110281,gsm-1,osmo-mgw-8c8fc67d6-vn9j4,1,2
1782110281,gsm-1,osmo-mobile-947867b85-7rhh4,3,28
1782110281,gsm-1,osmo-stp-768687f494-cnb6n,1,2
1782110281,gsm-1,ttcn3-tc-26-6-1-1-1-cqc6r,1,6
1782110281,gsm-1,virtphy-858665df6d-m5jmn,9,1
1782110281,kube-system,coredns-c4dbffb5f-p9rsr,3,29
1782110281,kube-system,local-path-provisioner-5c4dc5d66d-nfqxz,1,16
1782110281,kube-system,metrics-server-786d997795-hcp2m,8,48
1782110281,kube-system,svclb-traefik-1100f998-kpm9h,0,0
1782110281,kube-system,traefik-9bcdbbd9-qtpjt,1,37
1782110283,gsm-1,msc-test-stub-5b875d749d-9f4rq,1,16
1782110283,gsm-1,osmo-bsc-594654bd47-nbzv6,1,5
1782110283,gsm-1,osmo-bts-virtual-5f8b9b86fc-7vzx5,17,9
1782110283,gsm-1,osmo-hlr-546bdb8988-9b4tn,1,2
1782110283,gsm-1,osmo-mgw-8c8fc67d6-vn9j4,1,2
1782110283,gsm-1,osmo-mobile-947867b85-7rhh4,3,28
1782110283,gsm-1,osmo-stp-768687f494-cnb6n,1,2
1782110283,gsm-1,ttcn3-tc-26-6-1-1-1-cqc6r,1,6
1782110283,gsm-1,virtphy-858665df6d-m5jmn,9,1
1782110283,kube-system,coredns-c4dbffb5f-p9rsr,3,29
1782110283,kube-system,local-path-provisioner-5c4dc5d66d-nfqxz,1,16
1782110283,kube-system,metrics-server-786d997795-hcp2m,8,48
1782110283,kube-system,svclb-traefik-1100f998-kpm9h,0,0
1782110283,kube-system,traefik-9bcdbbd9-qtpjt,1,37
1782110285,gsm-1,msc-test-stub-5b875d749d-9f4rq,1,16
1782110285,gsm-1,osmo-bsc-594654bd47-nbzv6,1,5
1782110285,gsm-1,osmo-bts-virtual-5f8b9b86fc-7vzx5,17,9
1782110285,gsm-1,osmo-hlr-546bdb8988-9b4tn,1,2
1782110285,gsm-1,osmo-mgw-8c8fc67d6-vn9j4,1,2
1782110285,gsm-1,osmo-mobile-947867b85-7rhh4,3,28
1782110285,gsm-1,osmo-stp-768687f494-cnb6n,1,2
1782110285,gsm-1,ttcn3-tc-26-6-1-1-1-cqc6r,1,6
1782110285,gsm-1,virtphy-858665df6d-m5jmn,9,1
1782110285,kube-system,coredns-c4dbffb5f-p9rsr,3,29
1782110285,kube-system,local-path-provisioner-5c4dc5d66d-nfqxz,1,16
1782110285,kube-system,metrics-server-786d997795-hcp2m,8,48
1782110285,kube-system,svclb-traefik-1100f998-kpm9h,0,0
1782110285,kube-system,traefik-9bcdbbd9-qtpjt,1,37
1782110287,gsm-1,msc-test-stub-5b875d749d-9f4rq,1,16
1782110287,gsm-1,osmo-bsc-594654bd47-nbzv6,1,5
1782110287,gsm-1,osmo-bts-virtual-5f8b9b86fc-7vzx5,17,9
1782110287,gsm-1,osmo-hlr-546bdb8988-9b4tn,1,2
1782110287,gsm-1,osmo-mgw-8c8fc67d6-vn9j4,1,2
1782110287,gsm-1,osmo-mobile-947867b85-7rhh4,3,28
1782110287,gsm-1,osmo-stp-768687f494-cnb6n,1,2
1782110287,gsm-1,ttcn3-tc-26-6-1-1-1-cqc6r,1,6
1782110287,gsm-1,virtphy-858665df6d-m5jmn,9,1
1782110287,kube-system,coredns-c4dbffb5f-p9rsr,3,29
1782110287,kube-system,local-path-provisioner-5c4dc5d66d-nfqxz,1,16
1782110287,kube-system,metrics-server-786d997795-hcp2m,8,48
1782110287,kube-system,svclb-traefik-1100f998-kpm9h,0,0
1782110287,kube-system,traefik-9bcdbbd9-qtpjt,1,37
1782110289,gsm-1,msc-test-stub-5b875d749d-9f4rq,1,16
1782110289,gsm-1,osmo-bsc-594654bd47-nbzv6,1,5
1782110289,gsm-1,osmo-bts-virtual-5f8b9b86fc-7vzx5,17,9
1782110289,gsm-1,osmo-hlr-546bdb8988-9b4tn,1,2
1782110289,gsm-1,osmo-mgw-8c8fc67d6-vn9j4,1,2
1782110289,gsm-1,osmo-mobile-947867b85-7rhh4,3,28
1782110289,gsm-1,osmo-stp-768687f494-cnb6n,1,2
1782110289,gsm-1,ttcn3-tc-26-6-1-1-1-cqc6r,1,6
1782110289,gsm-1,virtphy-858665df6d-m5jmn,9,1
1782110289,kube-system,coredns-c4dbffb5f-p9rsr,3,29
1782110289,kube-system,local-path-provisioner-5c4dc5d66d-nfqxz,1,16
1782110289,kube-system,metrics-server-786d997795-hcp2m,8,48
1782110289,kube-system,svclb-traefik-1100f998-kpm9h,0,0
1782110289,kube-system,traefik-9bcdbbd9-qtpjt,1,37
1782110291,gsm-1,msc-test-stub-5b875d749d-9f4rq,1,16
1782110291,gsm-1,osmo-bsc-594654bd47-nbzv6,1,5
1782110291,gsm-1,osmo-bts-virtual-5f8b9b86fc-7vzx5,17,9
1782110291,gsm-1,osmo-hlr-546bdb8988-9b4tn,1,2
1782110291,gsm-1,osmo-mgw-8c8fc67d6-vn9j4,1,2
1782110291,gsm-1,osmo-mobile-947867b85-7rhh4,3,28
1782110291,gsm-1,osmo-stp-768687f494-cnb6n,1,2
1782110291,gsm-1,ttcn3-tc-26-6-1-1-1-cqc6r,1,6
1782110291,gsm-1,virtphy-858665df6d-m5jmn,9,1
1782110291,kube-system,coredns-c4dbffb5f-p9rsr,3,29
1782110291,kube-system,local-path-provisioner-5c4dc5d66d-nfqxz,1,16
1782110291,kube-system,metrics-server-786d997795-hcp2m,8,48
1782110291,kube-system,svclb-traefik-1100f998-kpm9h,0,0
1782110291,kube-system,traefik-9bcdbbd9-qtpjt,1,37
1782110293,gsm-1,msc-test-stub-5b875d749d-9f4rq,1,16
1782110293,gsm-1,osmo-bsc-594654bd47-nbzv6,1,5
1782110293,gsm-1,osmo-bts-virtual-5f8b9b86fc-7vzx5,17,8
1782110293,gsm-1,osmo-hlr-546bdb8988-9b4tn,1,2
1782110293,gsm-1,osmo-mgw-8c8fc67d6-vn9j4,1,2
1782110293,gsm-1,osmo-mobile-947867b85-7rhh4,3,28
1782110293,gsm-1,osmo-stp-768687f494-cnb6n,1,2
1782110293,gsm-1,ttcn3-tc-26-6-1-1-1-cqc6r,1,6
1782110293,gsm-1,virtphy-858665df6d-m5jmn,10,1
1782110293,kube-system,coredns-c4dbffb5f-p9rsr,3,29
1782110293,kube-system,local-path-provisioner-5c4dc5d66d-nfqxz,1,16
1782110293,kube-system,metrics-server-786d997795-hcp2m,15,48
1782110293,kube-system,svclb-traefik-1100f998-kpm9h,0,0
1782110293,kube-system,traefik-9bcdbbd9-qtpjt,1,37
1782110295,gsm-1,msc-test-stub-5b875d749d-9f4rq,1,16
1782110295,gsm-1,osmo-bsc-594654bd47-nbzv6,1,5
1782110295,gsm-1,osmo-bts-virtual-5f8b9b86fc-7vzx5,17,8
1782110295,gsm-1,osmo-hlr-546bdb8988-9b4tn,1,2
1782110295,gsm-1,osmo-mgw-8c8fc67d6-vn9j4,1,2
1782110295,gsm-1,osmo-mobile-947867b85-7rhh4,3,28
1782110295,gsm-1,osmo-stp-768687f494-cnb6n,1,2
1782110295,gsm-1,ttcn3-tc-26-6-1-1-1-cqc6r,1,6
1782110295,gsm-1,virtphy-858665df6d-m5jmn,10,1
1782110295,kube-system,coredns-c4dbffb5f-p9rsr,3,29
1782110295,kube-system,local-path-provisioner-5c4dc5d66d-nfqxz,1,16
1782110295,kube-system,metrics-server-786d997795-hcp2m,15,48
1782110295,kube-system,svclb-traefik-1100f998-kpm9h,0,0
1782110295,kube-system,traefik-9bcdbbd9-qtpjt,1,37
1782110297,gsm-1,msc-test-stub-5b875d749d-9f4rq,1,16
1782110297,gsm-1,osmo-bsc-594654bd47-nbzv6,1,5
1782110297,gsm-1,osmo-bts-virtual-5f8b9b86fc-7vzx5,17,8
1782110297,gsm-1,osmo-hlr-546bdb8988-9b4tn,1,2
1782110297,gsm-1,osmo-mgw-8c8fc67d6-vn9j4,1,2
1782110297,gsm-1,osmo-mobile-947867b85-7rhh4,3,28
1782110297,gsm-1,osmo-stp-768687f494-cnb6n,1,2
1782110297,gsm-1,ttcn3-tc-26-6-1-1-1-cqc6r,1,6
1782110297,gsm-1,virtphy-858665df6d-m5jmn,10,1
1782110297,kube-system,coredns-c4dbffb5f-p9rsr,3,29
1782110297,kube-system,local-path-provisioner-5c4dc5d66d-nfqxz,1,16
1782110297,kube-system,metrics-server-786d997795-hcp2m,15,48
1782110297,kube-system,svclb-traefik-1100f998-kpm9h,0,0
1782110297,kube-system,traefik-9bcdbbd9-qtpjt,1,37
1782110300,gsm-1,msc-test-stub-5b875d749d-9f4rq,1,16
1782110300,gsm-1,osmo-bsc-594654bd47-nbzv6,1,5
1782110300,gsm-1,osmo-bts-virtual-5f8b9b86fc-7vzx5,17,8
1782110300,gsm-1,osmo-hlr-546bdb8988-9b4tn,1,2
1782110300,gsm-1,osmo-mgw-8c8fc67d6-vn9j4,1,2
1782110300,gsm-1,osmo-mobile-947867b85-7rhh4,3,28
1782110300,gsm-1,osmo-stp-768687f494-cnb6n,1,2
1782110300,gsm-1,ttcn3-tc-26-6-1-1-1-cqc6r,1,6
1782110300,gsm-1,virtphy-858665df6d-m5jmn,10,1
1782110300,kube-system,coredns-c4dbffb5f-p9rsr,3,29
1782110300,kube-system,local-path-provisioner-5c4dc5d66d-nfqxz,1,16
1782110300,kube-system,metrics-server-786d997795-hcp2m,15,48
1782110300,kube-system,svclb-traefik-1100f998-kpm9h,0,0
1782110300,kube-system,traefik-9bcdbbd9-qtpjt,1,37
1782110302,gsm-1,msc-test-stub-5b875d749d-9f4rq,1,16
1782110302,gsm-1,osmo-bsc-594654bd47-nbzv6,1,5
1782110302,gsm-1,osmo-bts-virtual-5f8b9b86fc-7vzx5,17,8
1782110302,gsm-1,osmo-hlr-546bdb8988-9b4tn,1,2
1782110302,gsm-1,osmo-mgw-8c8fc67d6-vn9j4,1,2
1782110302,gsm-1,osmo-mobile-947867b85-7rhh4,3,28
1782110302,gsm-1,osmo-stp-768687f494-cnb6n,1,2
1782110302,gsm-1,ttcn3-tc-26-6-1-1-1-cqc6r,1,6
1782110302,gsm-1,virtphy-858665df6d-m5jmn,10,1
1782110302,kube-system,coredns-c4dbffb5f-p9rsr,3,29
1782110302,kube-system,local-path-provisioner-5c4dc5d66d-nfqxz,1,16
1782110302,kube-system,metrics-server-786d997795-hcp2m,15,48
1782110302,kube-system,svclb-traefik-1100f998-kpm9h,0,0
1782110302,kube-system,traefik-9bcdbbd9-qtpjt,1,37
1782110304,gsm-1,msc-test-stub-5b875d749d-9f4rq,1,16
1782110304,gsm-1,osmo-bsc-594654bd47-nbzv6,1,5
1782110304,gsm-1,osmo-bts-virtual-5f8b9b86fc-7vzx5,17,8
1782110304,gsm-1,osmo-hlr-546bdb8988-9b4tn,1,2
1782110304,gsm-1,osmo-mgw-8c8fc67d6-vn9j4,1,2
1782110304,gsm-1,osmo-mobile-947867b85-7rhh4,3,28
1782110304,gsm-1,osmo-stp-768687f494-cnb6n,1,2
1782110304,gsm-1,ttcn3-tc-26-6-1-1-1-cqc6r,1,6
1782110304,gsm-1,virtphy-858665df6d-m5jmn,10,1
1782110304,kube-system,coredns-c4dbffb5f-p9rsr,3,29
1782110304,kube-system,local-path-provisioner-5c4dc5d66d-nfqxz,1,16
1782110304,kube-system,metrics-server-786d997795-hcp2m,15,48
1782110304,kube-system,svclb-traefik-1100f998-kpm9h,0,0
1782110304,kube-system,traefik-9bcdbbd9-qtpjt,1,37
1782110306,gsm-1,msc-test-stub-5b875d749d-9f4rq,1,16
1782110306,gsm-1,osmo-bsc-594654bd47-nbzv6,1,5
1782110306,gsm-1,osmo-bts-virtual-5f8b9b86fc-7vzx5,17,8
1782110306,gsm-1,osmo-hlr-546bdb8988-9b4tn,1,2
1782110306,gsm-1,osmo-mgw-8c8fc67d6-vn9j4,1,2
1782110306,gsm-1,osmo-mobile-947867b85-7rhh4,3,28
1782110306,gsm-1,osmo-stp-768687f494-cnb6n,1,2
1782110306,gsm-1,ttcn3-tc-26-6-1-1-1-cqc6r,1,6
1782110306,gsm-1,virtphy-858665df6d-m5jmn,10,1
1782110306,kube-system,coredns-c4dbffb5f-p9rsr,3,29
1782110306,kube-system,local-path-provisioner-5c4dc5d66d-nfqxz,1,16
1782110306,kube-system,metrics-server-786d997795-hcp2m,15,48
1782110306,kube-system,svclb-traefik-1100f998-kpm9h,0,0
1782110306,kube-system,traefik-9bcdbbd9-qtpjt,1,37
1782110308,gsm-1,msc-test-stub-5b875d749d-9f4rq,1,16
1782110308,gsm-1,osmo-bsc-594654bd47-nbzv6,1,5
1782110308,gsm-1,osmo-bts-virtual-5f8b9b86fc-7vzx5,17,8
1782110308,gsm-1,osmo-hlr-546bdb8988-9b4tn,1,2
1782110308,gsm-1,osmo-mgw-8c8fc67d6-vn9j4,1,2
1782110308,gsm-1,osmo-mobile-947867b85-7rhh4,3,28
1782110308,gsm-1,osmo-stp-768687f494-cnb6n,1,2
1782110308,gsm-1,ttcn3-tc-26-6-1-1-1-cqc6r,1,6
1782110308,gsm-1,virtphy-858665df6d-m5jmn,9,3
1782110308,kube-system,coredns-c4dbffb5f-p9rsr,3,29
1782110308,kube-system,local-path-provisioner-5c4dc5d66d-nfqxz,1,16
1782110308,kube-system,metrics-server-786d997795-hcp2m,8,48
1782110308,kube-system,svclb-traefik-1100f998-kpm9h,0,0
1782110308,kube-system,traefik-9bcdbbd9-qtpjt,1,37
1782110310,gsm-1,msc-test-stub-5b875d749d-9f4rq,1,16
1782110310,gsm-1,osmo-bsc-594654bd47-nbzv6,1,5
1782110310,gsm-1,osmo-bts-virtual-5f8b9b86fc-7vzx5,17,8
1782110310,gsm-1,osmo-hlr-546bdb8988-9b4tn,1,2
1782110310,gsm-1,osmo-mgw-8c8fc67d6-vn9j4,1,2
1782110310,gsm-1,osmo-mobile-947867b85-7rhh4,3,28
1782110310,gsm-1,osmo-stp-768687f494-cnb6n,1,2
1782110310,gsm-1,ttcn3-tc-26-6-1-1-1-cqc6r,1,6
1782110310,gsm-1,virtphy-858665df6d-m5jmn,9,3
1782110310,kube-system,coredns-c4dbffb5f-p9rsr,3,29
1782110310,kube-system,local-path-provisioner-5c4dc5d66d-nfqxz,1,16
1782110310,kube-system,metrics-server-786d997795-hcp2m,8,48
1782110310,kube-system,svclb-traefik-1100f998-kpm9h,0,0
1782110310,kube-system,traefik-9bcdbbd9-qtpjt,1,37
1782110312,gsm-1,msc-test-stub-5b875d749d-9f4rq,1,16
1782110312,gsm-1,osmo-bsc-594654bd47-nbzv6,1,5
1782110312,gsm-1,osmo-bts-virtual-5f8b9b86fc-7vzx5,17,8
1782110312,gsm-1,osmo-hlr-546bdb8988-9b4tn,1,2
1782110312,gsm-1,osmo-mgw-8c8fc67d6-vn9j4,1,2
1782110312,gsm-1,osmo-mobile-947867b85-7rhh4,3,28
1782110312,gsm-1,osmo-stp-768687f494-cnb6n,1,2
1782110312,gsm-1,ttcn3-tc-26-6-1-1-1-cqc6r,1,6
1782110312,gsm-1,virtphy-858665df6d-m5jmn,9,3
1782110312,kube-system,coredns-c4dbffb5f-p9rsr,3,29
1782110312,kube-system,local-path-provisioner-5c4dc5d66d-nfqxz,1,16
1782110312,kube-system,metrics-server-786d997795-hcp2m,8,48
1782110312,kube-system,svclb-traefik-1100f998-kpm9h,0,0
1782110312,kube-system,traefik-9bcdbbd9-qtpjt,1,37
1782110314,gsm-1,msc-test-stub-5b875d749d-9f4rq,1,16
1782110314,gsm-1,osmo-bsc-594654bd47-nbzv6,1,5
1782110314,gsm-1,osmo-bts-virtual-5f8b9b86fc-7vzx5,17,8
1782110314,gsm-1,osmo-hlr-546bdb8988-9b4tn,1,2
1782110314,gsm-1,osmo-mgw-8c8fc67d6-vn9j4,1,2
1782110314,gsm-1,osmo-mobile-947867b85-7rhh4,3,28
1782110314,gsm-1,osmo-stp-768687f494-cnb6n,1,2
1782110314,gsm-1,ttcn3-tc-26-6-1-1-1-cqc6r,1,6
1782110314,gsm-1,virtphy-858665df6d-m5jmn,9,3
1782110314,kube-system,coredns-c4dbffb5f-p9rsr,3,29
1782110314,kube-system,local-path-provisioner-5c4dc5d66d-nfqxz,1,16
1782110314,kube-system,metrics-server-786d997795-hcp2m,8,48
1782110314,kube-system,svclb-traefik-1100f998-kpm9h,0,0
1782110314,kube-system,traefik-9bcdbbd9-qtpjt,1,37
1782110316,gsm-1,msc-test-stub-5b875d749d-9f4rq,1,16
1782110316,gsm-1,osmo-bsc-594654bd47-nbzv6,1,5
1782110316,gsm-1,osmo-bts-virtual-5f8b9b86fc-7vzx5,17,8
1782110316,gsm-1,osmo-hlr-546bdb8988-9b4tn,1,2
1782110316,gsm-1,osmo-mgw-8c8fc67d6-vn9j4,1,2
1782110316,gsm-1,osmo-mobile-947867b85-7rhh4,3,28
1782110316,gsm-1,osmo-stp-768687f494-cnb6n,1,2
1782110316,gsm-1,ttcn3-tc-26-6-1-1-1-cqc6r,1,6
1782110316,gsm-1,virtphy-858665df6d-m5jmn,9,3
1782110316,kube-system,coredns-c4dbffb5f-p9rsr,3,29
1782110316,kube-system,local-path-provisioner-5c4dc5d66d-nfqxz,1,16
1782110316,kube-system,metrics-server-786d997795-hcp2m,8,48
1782110316,kube-system,svclb-traefik-1100f998-kpm9h,0,0
1782110316,kube-system,traefik-9bcdbbd9-qtpjt,1,37
1782110318,gsm-1,msc-test-stub-5b875d749d-9f4rq,1,16
1782110318,gsm-1,osmo-bsc-594654bd47-nbzv6,1,5
1782110318,gsm-1,osmo-bts-virtual-5f8b9b86fc-7vzx5,17,8
1782110318,gsm-1,osmo-hlr-546bdb8988-9b4tn,1,2
1782110318,gsm-1,osmo-mgw-8c8fc67d6-vn9j4,1,2
1782110318,gsm-1,osmo-mobile-947867b85-7rhh4,3,28
1782110318,gsm-1,osmo-stp-768687f494-cnb6n,1,2
1782110318,gsm-1,ttcn3-tc-26-6-1-1-1-cqc6r,1,6
1782110318,gsm-1,virtphy-858665df6d-m5jmn,9,3
1782110318,kube-system,coredns-c4dbffb5f-p9rsr,3,29
1782110318,kube-system,local-path-provisioner-5c4dc5d66d-nfqxz,1,16
1782110318,kube-system,metrics-server-786d997795-hcp2m,8,48
1782110318,kube-system,svclb-traefik-1100f998-kpm9h,0,0
1782110318,kube-system,traefik-9bcdbbd9-qtpjt,1,37
1782110320,gsm-1,msc-test-stub-5b875d749d-9f4rq,1,16
1782110320,gsm-1,osmo-bsc-594654bd47-nbzv6,1,5
1782110320,gsm-1,osmo-bts-virtual-5f8b9b86fc-7vzx5,17,8
1782110320,gsm-1,osmo-hlr-546bdb8988-9b4tn,1,2
1782110320,gsm-1,osmo-mgw-8c8fc67d6-vn9j4,1,2
1782110320,gsm-1,osmo-mobile-947867b85-7rhh4,3,28
1782110320,gsm-1,osmo-stp-768687f494-cnb6n,1,2
1782110320,gsm-1,ttcn3-tc-26-6-1-1-1-cqc6r,1,6
1782110320,gsm-1,virtphy-858665df6d-m5jmn,9,3
1782110320,kube-system,coredns-c4dbffb5f-p9rsr,3,29
1782110320,kube-system,local-path-provisioner-5c4dc5d66d-nfqxz,1,16
1782110320,kube-system,metrics-server-786d997795-hcp2m,8,48
1782110320,kube-system,svclb-traefik-1100f998-kpm9h,0,0
1782110320,kube-system,traefik-9bcdbbd9-qtpjt,1,37
1782110323,gsm-1,msc-test-stub-5b875d749d-9f4rq,1,16
1782110323,gsm-1,osmo-bsc-594654bd47-nbzv6,1,5
1782110323,gsm-1,osmo-bts-virtual-5f8b9b86fc-7vzx5,17,5
1782110323,gsm-1,osmo-hlr-546bdb8988-9b4tn,1,2
1782110323,gsm-1,osmo-mgw-8c8fc67d6-vn9j4,1,2
1782110323,gsm-1,osmo-mobile-947867b85-7rhh4,3,28
1782110323,gsm-1,osmo-stp-768687f494-cnb6n,1,2
1782110323,gsm-1,ttcn3-tc-26-6-1-1-1-cqc6r,1,6
1782110323,gsm-1,virtphy-858665df6d-m5jmn,10,1
1782110323,kube-system,coredns-c4dbffb5f-p9rsr,3,29
1782110323,kube-system,local-path-provisioner-5c4dc5d66d-nfqxz,1,16
1782110323,kube-system,metrics-server-786d997795-hcp2m,9,48
1782110323,kube-system,svclb-traefik-1100f998-kpm9h,0,0
1782110323,kube-system,traefik-9bcdbbd9-qtpjt,1,37
1782110325,gsm-1,msc-test-stub-5b875d749d-9f4rq,1,16
1782110325,gsm-1,osmo-bsc-594654bd47-nbzv6,1,5
1782110325,gsm-1,osmo-bts-virtual-5f8b9b86fc-7vzx5,17,5
1782110325,gsm-1,osmo-hlr-546bdb8988-9b4tn,1,2
1782110325,gsm-1,osmo-mgw-8c8fc67d6-vn9j4,1,2
1782110325,gsm-1,osmo-mobile-947867b85-7rhh4,3,28
1782110325,gsm-1,osmo-stp-768687f494-cnb6n,1,2
1782110325,gsm-1,ttcn3-tc-26-6-1-1-1-cqc6r,1,6
1782110325,gsm-1,virtphy-858665df6d-m5jmn,10,1
1782110325,kube-system,coredns-c4dbffb5f-p9rsr,3,29
1782110325,kube-system,local-path-provisioner-5c4dc5d66d-nfqxz,1,16
1782110325,kube-system,metrics-server-786d997795-hcp2m,9,48
1782110325,kube-system,svclb-traefik-1100f998-kpm9h,0,0
1782110325,kube-system,traefik-9bcdbbd9-qtpjt,1,37
1782110327,gsm-1,msc-test-stub-5b875d749d-9f4rq,1,16
1782110327,gsm-1,osmo-bsc-594654bd47-nbzv6,1,5
1782110327,gsm-1,osmo-bts-virtual-5f8b9b86fc-7vzx5,17,5
1782110327,gsm-1,osmo-hlr-546bdb8988-9b4tn,1,2
1782110327,gsm-1,osmo-mgw-8c8fc67d6-vn9j4,1,2
1782110327,gsm-1,osmo-mobile-947867b85-7rhh4,3,28
1782110327,gsm-1,osmo-stp-768687f494-cnb6n,1,2
1782110327,gsm-1,ttcn3-tc-26-6-1-1-1-cqc6r,1,6
1782110327,gsm-1,virtphy-858665df6d-m5jmn,10,1
1782110327,kube-system,coredns-c4dbffb5f-p9rsr,3,29
1782110327,kube-system,local-path-provisioner-5c4dc5d66d-nfqxz,1,16
1782110327,kube-system,metrics-server-786d997795-hcp2m,9,48
1782110327,kube-system,svclb-traefik-1100f998-kpm9h,0,0
1782110327,kube-system,traefik-9bcdbbd9-qtpjt,1,37
1782110329,gsm-1,msc-test-stub-5b875d749d-9f4rq,1,16
1782110329,gsm-1,osmo-bsc-594654bd47-nbzv6,1,5
1782110329,gsm-1,osmo-bts-virtual-5f8b9b86fc-7vzx5,17,5
1782110329,gsm-1,osmo-hlr-546bdb8988-9b4tn,1,2
1782110329,gsm-1,osmo-mgw-8c8fc67d6-vn9j4,1,2
1782110329,gsm-1,osmo-mobile-947867b85-7rhh4,3,28
1782110329,gsm-1,osmo-stp-768687f494-cnb6n,1,2
1782110329,gsm-1,ttcn3-tc-26-6-1-1-1-cqc6r,1,6
1782110329,gsm-1,virtphy-858665df6d-m5jmn,10,1
1782110329,kube-system,coredns-c4dbffb5f-p9rsr,3,29
1782110329,kube-system,local-path-provisioner-5c4dc5d66d-nfqxz,1,16
1782110329,kube-system,metrics-server-786d997795-hcp2m,9,48
1782110329,kube-system,svclb-traefik-1100f998-kpm9h,0,0
1782110329,kube-system,traefik-9bcdbbd9-qtpjt,1,37
1782110331,gsm-1,msc-test-stub-5b875d749d-9f4rq,1,16
1782110331,gsm-1,osmo-bsc-594654bd47-nbzv6,1,5
1782110331,gsm-1,osmo-bts-virtual-5f8b9b86fc-7vzx5,17,5
1782110331,gsm-1,osmo-hlr-546bdb8988-9b4tn,1,2
1782110331,gsm-1,osmo-mgw-8c8fc67d6-vn9j4,1,2
1782110331,gsm-1,osmo-mobile-947867b85-7rhh4,3,28
1782110331,gsm-1,osmo-stp-768687f494-cnb6n,1,2
1782110331,gsm-1,ttcn3-tc-26-6-1-1-1-cqc6r,1,6
1782110331,gsm-1,virtphy-858665df6d-m5jmn,10,1
1782110331,kube-system,coredns-c4dbffb5f-p9rsr,3,29
1782110331,kube-system,local-path-provisioner-5c4dc5d66d-nfqxz,1,16
1782110331,kube-system,metrics-server-786d997795-hcp2m,9,48
1782110331,kube-system,svclb-traefik-1100f998-kpm9h,0,0
1782110331,kube-system,traefik-9bcdbbd9-qtpjt,1,37
1782110333,gsm-1,msc-test-stub-5b875d749d-9f4rq,1,16
1782110333,gsm-1,osmo-bsc-594654bd47-nbzv6,1,5
1782110333,gsm-1,osmo-bts-virtual-5f8b9b86fc-7vzx5,17,5
1782110333,gsm-1,osmo-hlr-546bdb8988-9b4tn,1,2
1782110333,gsm-1,osmo-mgw-8c8fc67d6-vn9j4,1,2
1782110333,gsm-1,osmo-mobile-947867b85-7rhh4,3,28
1782110333,gsm-1,osmo-stp-768687f494-cnb6n,1,2
1782110333,gsm-1,ttcn3-tc-26-6-1-1-1-cqc6r,1,6
1782110333,gsm-1,virtphy-858665df6d-m5jmn,10,1
1782110333,kube-system,coredns-c4dbffb5f-p9rsr,3,29
1782110333,kube-system,local-path-provisioner-5c4dc5d66d-nfqxz,1,16
1782110333,kube-system,metrics-server-786d997795-hcp2m,9,48
1782110333,kube-system,svclb-traefik-1100f998-kpm9h,0,0
1782110333,kube-system,traefik-9bcdbbd9-qtpjt,1,37
1782110335,gsm-1,msc-test-stub-5b875d749d-9f4rq,1,16
1782110335,gsm-1,osmo-bsc-594654bd47-nbzv6,1,5
1782110335,gsm-1,osmo-bts-virtual-5f8b9b86fc-7vzx5,17,5
1782110335,gsm-1,osmo-hlr-546bdb8988-9b4tn,1,2
1782110335,gsm-1,osmo-mgw-8c8fc67d6-vn9j4,1,2
1782110335,gsm-1,osmo-mobile-947867b85-7rhh4,3,28
1782110335,gsm-1,osmo-stp-768687f494-cnb6n,1,2
1782110335,gsm-1,ttcn3-tc-26-6-1-1-1-cqc6r,1,6
1782110335,gsm-1,virtphy-858665df6d-m5jmn,10,1
1782110335,kube-system,coredns-c4dbffb5f-p9rsr,3,29
1782110335,kube-system,local-path-provisioner-5c4dc5d66d-nfqxz,1,16
1782110335,kube-system,metrics-server-786d997795-hcp2m,9,48
1782110335,kube-system,svclb-traefik-1100f998-kpm9h,0,0
1782110335,kube-system,traefik-9bcdbbd9-qtpjt,1,37
1782110337,gsm-1,msc-test-stub-5b875d749d-9f4rq,1,16
1782110337,gsm-1,osmo-bsc-594654bd47-nbzv6,1,5
1782110337,gsm-1,osmo-bts-virtual-5f8b9b86fc-7vzx5,17,6
1782110337,gsm-1,osmo-hlr-546bdb8988-9b4tn,1,2
1782110337,gsm-1,osmo-mgw-8c8fc67d6-vn9j4,1,2
1782110337,gsm-1,osmo-mobile-947867b85-7rhh4,3,28
1782110337,gsm-1,osmo-stp-768687f494-cnb6n,1,2
1782110337,gsm-1,ttcn3-tc-26-6-1-1-1-cqc6r,1,6
1782110337,gsm-1,virtphy-858665df6d-m5jmn,9,1
1782110337,kube-system,coredns-c4dbffb5f-p9rsr,3,29
1782110337,kube-system,local-path-provisioner-5c4dc5d66d-nfqxz,1,16
1782110337,kube-system,metrics-server-786d997795-hcp2m,11,49
1782110337,kube-system,svclb-traefik-1100f998-kpm9h,0,0
1782110337,kube-system,traefik-9bcdbbd9-qtpjt,1,37
1782110339,gsm-1,msc-test-stub-5b875d749d-9f4rq,1,16
1782110339,gsm-1,osmo-bsc-594654bd47-nbzv6,1,5
1782110339,gsm-1,osmo-bts-virtual-5f8b9b86fc-7vzx5,17,6
1782110339,gsm-1,osmo-hlr-546bdb8988-9b4tn,1,2
1782110339,gsm-1,osmo-mgw-8c8fc67d6-vn9j4,1,2
1782110339,gsm-1,osmo-mobile-947867b85-7rhh4,3,28
1782110339,gsm-1,osmo-stp-768687f494-cnb6n,1,2
1782110339,gsm-1,ttcn3-tc-26-6-1-1-1-cqc6r,1,6
1782110339,gsm-1,virtphy-858665df6d-m5jmn,9,1
1782110339,kube-system,coredns-c4dbffb5f-p9rsr,3,29
1782110339,kube-system,local-path-provisioner-5c4dc5d66d-nfqxz,1,16
1782110339,kube-system,metrics-server-786d997795-hcp2m,11,49
1782110339,kube-system,svclb-traefik-1100f998-kpm9h,0,0
1782110339,kube-system,traefik-9bcdbbd9-qtpjt,1,37
1782110342,gsm-1,msc-test-stub-5b875d749d-9f4rq,1,16
1782110342,gsm-1,osmo-bsc-594654bd47-nbzv6,1,5
1782110342,gsm-1,osmo-bts-virtual-5f8b9b86fc-7vzx5,17,6
1782110342,gsm-1,osmo-hlr-546bdb8988-9b4tn,1,2
1782110342,gsm-1,osmo-mgw-8c8fc67d6-vn9j4,1,2
1782110342,gsm-1,osmo-mobile-947867b85-7rhh4,3,28
1782110342,gsm-1,osmo-stp-768687f494-cnb6n,1,2
1782110342,gsm-1,ttcn3-tc-26-6-1-1-1-cqc6r,1,6
1782110342,gsm-1,virtphy-858665df6d-m5jmn,9,1
1782110342,kube-system,coredns-c4dbffb5f-p9rsr,3,29
1782110342,kube-system,local-path-provisioner-5c4dc5d66d-nfqxz,1,16
1782110342,kube-system,metrics-server-786d997795-hcp2m,11,49
1782110342,kube-system,svclb-traefik-1100f998-kpm9h,0,0
1782110342,kube-system,traefik-9bcdbbd9-qtpjt,1,37
1782110344,gsm-1,msc-test-stub-5b875d749d-9f4rq,1,16
1782110344,gsm-1,osmo-bsc-594654bd47-nbzv6,1,5
1782110344,gsm-1,osmo-bts-virtual-5f8b9b86fc-7vzx5,17,6
1782110344,gsm-1,osmo-hlr-546bdb8988-9b4tn,1,2
1782110344,gsm-1,osmo-mgw-8c8fc67d6-vn9j4,1,2
1782110344,gsm-1,osmo-mobile-947867b85-7rhh4,3,28
1782110344,gsm-1,osmo-stp-768687f494-cnb6n,1,2
1782110344,gsm-1,ttcn3-tc-26-6-1-1-1-cqc6r,1,6
1782110344,gsm-1,virtphy-858665df6d-m5jmn,9,1
1782110344,kube-system,coredns-c4dbffb5f-p9rsr,3,29
1782110344,kube-system,local-path-provisioner-5c4dc5d66d-nfqxz,1,16
1782110344,kube-system,metrics-server-786d997795-hcp2m,11,49
1782110344,kube-system,svclb-traefik-1100f998-kpm9h,0,0
1782110344,kube-system,traefik-9bcdbbd9-qtpjt,1,37
1782110346,gsm-1,msc-test-stub-5b875d749d-9f4rq,1,16
1782110346,gsm-1,osmo-bsc-594654bd47-nbzv6,1,5
1782110346,gsm-1,osmo-bts-virtual-5f8b9b86fc-7vzx5,17,6
1782110346,gsm-1,osmo-hlr-546bdb8988-9b4tn,1,2
1782110346,gsm-1,osmo-mgw-8c8fc67d6-vn9j4,1,2
1782110346,gsm-1,osmo-mobile-947867b85-7rhh4,3,28
1782110346,gsm-1,osmo-stp-768687f494-cnb6n,1,2
1782110346,gsm-1,ttcn3-tc-26-6-1-1-1-cqc6r,1,6
1782110346,gsm-1,virtphy-858665df6d-m5jmn,9,1
1782110346,kube-system,coredns-c4dbffb5f-p9rsr,3,29
1782110346,kube-system,local-path-provisioner-5c4dc5d66d-nfqxz,1,16
1782110346,kube-system,metrics-server-786d997795-hcp2m,11,49
1782110346,kube-system,svclb-traefik-1100f998-kpm9h,0,0
1782110346,kube-system,traefik-9bcdbbd9-qtpjt,1,37
1782110348,gsm-1,msc-test-stub-5b875d749d-9f4rq,1,16
1782110348,gsm-1,osmo-bsc-594654bd47-nbzv6,1,5
1782110348,gsm-1,osmo-bts-virtual-5f8b9b86fc-7vzx5,17,6
1782110348,gsm-1,osmo-hlr-546bdb8988-9b4tn,1,2
1782110348,gsm-1,osmo-mgw-8c8fc67d6-vn9j4,1,2
1782110348,gsm-1,osmo-mobile-947867b85-7rhh4,3,28
1782110348,gsm-1,osmo-stp-768687f494-cnb6n,1,2
1782110348,gsm-1,ttcn3-tc-26-6-1-1-1-cqc6r,1,6
1782110348,gsm-1,virtphy-858665df6d-m5jmn,9,1
1782110348,kube-system,coredns-c4dbffb5f-p9rsr,3,29
1782110348,kube-system,local-path-provisioner-5c4dc5d66d-nfqxz,1,16
1782110348,kube-system,metrics-server-786d997795-hcp2m,11,49
1782110348,kube-system,svclb-traefik-1100f998-kpm9h,0,0
1782110348,kube-system,traefik-9bcdbbd9-qtpjt,1,37
1782110350,gsm-1,msc-test-stub-5b875d749d-9f4rq,1,16
1782110350,gsm-1,osmo-bsc-594654bd47-nbzv6,1,5
1782110350,gsm-1,osmo-bts-virtual-5f8b9b86fc-7vzx5,17,6
1782110350,gsm-1,osmo-hlr-546bdb8988-9b4tn,1,2
1782110350,gsm-1,osmo-mgw-8c8fc67d6-vn9j4,1,2
1782110350,gsm-1,osmo-mobile-947867b85-7rhh4,3,28
1782110350,gsm-1,osmo-stp-768687f494-cnb6n,1,2
1782110350,gsm-1,ttcn3-tc-26-6-1-1-1-cqc6r,1,6
1782110350,gsm-1,virtphy-858665df6d-m5jmn,9,1
1782110350,kube-system,coredns-c4dbffb5f-p9rsr,3,29
1782110350,kube-system,local-path-provisioner-5c4dc5d66d-nfqxz,1,16
1782110350,kube-system,metrics-server-786d997795-hcp2m,11,49
1782110350,kube-system,svclb-traefik-1100f998-kpm9h,0,0
1782110350,kube-system,traefik-9bcdbbd9-qtpjt,1,37
1782110352,gsm-1,msc-test-stub-5b875d749d-9f4rq,1,16
1782110352,gsm-1,osmo-bsc-594654bd47-nbzv6,1,5
1782110352,gsm-1,osmo-bts-virtual-5f8b9b86fc-7vzx5,17,7
1782110352,gsm-1,osmo-hlr-546bdb8988-9b4tn,1,2
1782110352,gsm-1,osmo-mgw-8c8fc67d6-vn9j4,1,2
1782110352,gsm-1,osmo-mobile-947867b85-7rhh4,3,28
1782110352,gsm-1,osmo-stp-768687f494-cnb6n,1,2
1782110352,gsm-1,ttcn3-tc-26-6-1-1-1-cqc6r,1,6
1782110352,gsm-1,virtphy-858665df6d-m5jmn,9,1
1782110352,kube-system,coredns-c4dbffb5f-p9rsr,4,28
1782110352,kube-system,local-path-provisioner-5c4dc5d66d-nfqxz,1,16
1782110352,kube-system,metrics-server-786d997795-hcp2m,9,49
1782110352,kube-system,svclb-traefik-1100f998-kpm9h,0,0
1782110352,kube-system,traefik-9bcdbbd9-qtpjt,3,37
1782110354,gsm-1,msc-test-stub-5b875d749d-9f4rq,1,16
1782110354,gsm-1,osmo-bsc-594654bd47-nbzv6,1,5
1782110354,gsm-1,osmo-bts-virtual-5f8b9b86fc-7vzx5,17,7
1782110354,gsm-1,osmo-hlr-546bdb8988-9b4tn,1,2
1782110354,gsm-1,osmo-mgw-8c8fc67d6-vn9j4,1,2
1782110354,gsm-1,osmo-mobile-947867b85-7rhh4,3,28
1782110354,gsm-1,osmo-stp-768687f494-cnb6n,1,2
1782110354,gsm-1,ttcn3-tc-26-6-1-1-1-cqc6r,1,6
1782110354,gsm-1,virtphy-858665df6d-m5jmn,9,1
1782110354,kube-system,coredns-c4dbffb5f-p9rsr,4,28
1782110354,kube-system,local-path-provisioner-5c4dc5d66d-nfqxz,1,16
1782110354,kube-system,metrics-server-786d997795-hcp2m,9,49
1782110354,kube-system,svclb-traefik-1100f998-kpm9h,0,0
1782110354,kube-system,traefik-9bcdbbd9-qtpjt,3,37
1782110356,gsm-1,msc-test-stub-5b875d749d-9f4rq,1,16
1782110356,gsm-1,osmo-bsc-594654bd47-nbzv6,1,5
1782110356,gsm-1,osmo-bts-virtual-5f8b9b86fc-7vzx5,17,7
1782110356,gsm-1,osmo-hlr-546bdb8988-9b4tn,1,2
1782110356,gsm-1,osmo-mgw-8c8fc67d6-vn9j4,1,2
1782110356,gsm-1,osmo-mobile-947867b85-7rhh4,3,28
1782110356,gsm-1,osmo-stp-768687f494-cnb6n,1,2
1782110356,gsm-1,ttcn3-tc-26-6-1-1-1-cqc6r,1,6
1782110356,gsm-1,virtphy-858665df6d-m5jmn,9,1
1782110356,kube-system,coredns-c4dbffb5f-p9rsr,4,28
1782110356,kube-system,local-path-provisioner-5c4dc5d66d-nfqxz,1,16
1782110356,kube-system,metrics-server-786d997795-hcp2m,9,49
1782110356,kube-system,svclb-traefik-1100f998-kpm9h,0,0
1782110356,kube-system,traefik-9bcdbbd9-qtpjt,3,37
1782110358,gsm-1,msc-test-stub-5b875d749d-9f4rq,1,16
1782110358,gsm-1,osmo-bsc-594654bd47-nbzv6,1,5
1782110358,gsm-1,osmo-bts-virtual-5f8b9b86fc-7vzx5,17,7
1782110358,gsm-1,osmo-hlr-546bdb8988-9b4tn,1,2
1782110358,gsm-1,osmo-mgw-8c8fc67d6-vn9j4,1,2
1782110358,gsm-1,osmo-mobile-947867b85-7rhh4,3,28
1782110358,gsm-1,osmo-stp-768687f494-cnb6n,1,2
1782110358,gsm-1,ttcn3-tc-26-6-1-1-1-cqc6r,1,6
1782110358,gsm-1,virtphy-858665df6d-m5jmn,9,1
1782110358,kube-system,coredns-c4dbffb5f-p9rsr,4,28
1782110358,kube-system,local-path-provisioner-5c4dc5d66d-nfqxz,1,16
1782110358,kube-system,metrics-server-786d997795-hcp2m,9,49
1782110358,kube-system,svclb-traefik-1100f998-kpm9h,0,0
1782110358,kube-system,traefik-9bcdbbd9-qtpjt,3,37
1782110361,gsm-1,msc-test-stub-5b875d749d-9f4rq,1,16
1782110361,gsm-1,osmo-bsc-594654bd47-nbzv6,1,5
1782110361,gsm-1,osmo-bts-virtual-5f8b9b86fc-7vzx5,17,7
1782110361,gsm-1,osmo-hlr-546bdb8988-9b4tn,1,2
1782110361,gsm-1,osmo-mgw-8c8fc67d6-vn9j4,1,2
1782110361,gsm-1,osmo-mobile-947867b85-7rhh4,3,28
1782110361,gsm-1,osmo-stp-768687f494-cnb6n,1,2
1782110361,gsm-1,ttcn3-tc-26-6-1-1-1-cqc6r,1,6
1782110361,gsm-1,virtphy-858665df6d-m5jmn,9,1
1782110361,kube-system,coredns-c4dbffb5f-p9rsr,4,28
1782110361,kube-system,local-path-provisioner-5c4dc5d66d-nfqxz,1,16
1782110361,kube-system,metrics-server-786d997795-hcp2m,9,49
1782110361,kube-system,svclb-traefik-1100f998-kpm9h,0,0
1782110361,kube-system,traefik-9bcdbbd9-qtpjt,3,37
1782110363,gsm-1,msc-test-stub-5b875d749d-9f4rq,1,16
1782110363,gsm-1,osmo-bsc-594654bd47-nbzv6,1,5
1782110363,gsm-1,osmo-bts-virtual-5f8b9b86fc-7vzx5,17,7
1782110363,gsm-1,osmo-hlr-546bdb8988-9b4tn,1,2
1782110363,gsm-1,osmo-mgw-8c8fc67d6-vn9j4,1,2
1782110363,gsm-1,osmo-mobile-947867b85-7rhh4,3,28
1782110363,gsm-1,osmo-stp-768687f494-cnb6n,1,2
1782110363,gsm-1,ttcn3-tc-26-6-1-1-1-cqc6r,1,6
1782110363,gsm-1,virtphy-858665df6d-m5jmn,9,1
1782110363,kube-system,coredns-c4dbffb5f-p9rsr,4,28
1782110363,kube-system,local-path-provisioner-5c4dc5d66d-nfqxz,1,16
1782110363,kube-system,metrics-server-786d997795-hcp2m,9,49
1782110363,kube-system,svclb-traefik-1100f998-kpm9h,0,0
1782110363,kube-system,traefik-9bcdbbd9-qtpjt,3,37
1782110365,gsm-1,msc-test-stub-5b875d749d-9f4rq,1,16
1782110365,gsm-1,osmo-bsc-594654bd47-nbzv6,1,5
1782110365,gsm-1,osmo-bts-virtual-5f8b9b86fc-7vzx5,17,7
1782110365,gsm-1,osmo-hlr-546bdb8988-9b4tn,1,2
1782110365,gsm-1,osmo-mgw-8c8fc67d6-vn9j4,1,2
1782110365,gsm-1,osmo-mobile-947867b85-7rhh4,3,28
1782110365,gsm-1,osmo-stp-768687f494-cnb6n,1,2
1782110365,gsm-1,ttcn3-tc-26-6-1-1-1-cqc6r,1,6
1782110365,gsm-1,virtphy-858665df6d-m5jmn,9,1
1782110365,kube-system,coredns-c4dbffb5f-p9rsr,4,28
1782110365,kube-system,local-path-provisioner-5c4dc5d66d-nfqxz,1,16
1782110365,kube-system,metrics-server-786d997795-hcp2m,9,49
1782110365,kube-system,svclb-traefik-1100f998-kpm9h,0,0
1782110365,kube-system,traefik-9bcdbbd9-qtpjt,3,37
1782110367,gsm-1,msc-test-stub-5b875d749d-9f4rq,1,16
1782110367,gsm-1,osmo-bsc-594654bd47-nbzv6,1,5
1782110367,gsm-1,osmo-bts-virtual-5f8b9b86fc-7vzx5,17,7
1782110367,gsm-1,osmo-hlr-546bdb8988-9b4tn,1,2
1782110367,gsm-1,osmo-mgw-8c8fc67d6-vn9j4,1,2
1782110367,gsm-1,osmo-mobile-947867b85-7rhh4,3,28
1782110367,gsm-1,osmo-stp-768687f494-cnb6n,1,2
1782110367,gsm-1,ttcn3-tc-26-6-1-1-1-cqc6r,1,6
1782110367,gsm-1,virtphy-858665df6d-m5jmn,9,1
1782110367,kube-system,coredns-c4dbffb5f-p9rsr,4,28
1782110367,kube-system,local-path-provisioner-5c4dc5d66d-nfqxz,1,16
1782110367,kube-system,metrics-server-786d997795-hcp2m,9,49
1782110367,kube-system,svclb-traefik-1100f998-kpm9h,0,0
1782110367,kube-system,traefik-9bcdbbd9-qtpjt,3,37
1782110369,gsm-1,msc-test-stub-5b875d749d-9f4rq,1,16
1782110369,gsm-1,osmo-bsc-594654bd47-nbzv6,1,5
1782110369,gsm-1,osmo-bts-virtual-5f8b9b86fc-7vzx5,17,5
1782110369,gsm-1,osmo-hlr-546bdb8988-9b4tn,1,2
1782110369,gsm-1,osmo-mgw-8c8fc67d6-vn9j4,1,2
1782110369,gsm-1,osmo-mobile-947867b85-7rhh4,3,28
1782110369,gsm-1,osmo-stp-768687f494-cnb6n,1,2
1782110369,gsm-1,ttcn3-tc-26-6-1-1-1-cqc6r,1,6
1782110369,gsm-1,virtphy-858665df6d-m5jmn,9,1
1782110369,kube-system,coredns-c4dbffb5f-p9rsr,3,28
1782110369,kube-system,local-path-provisioner-5c4dc5d66d-nfqxz,1,16
1782110369,kube-system,metrics-server-786d997795-hcp2m,9,49
1782110369,kube-system,svclb-traefik-1100f998-kpm9h,0,0
1782110369,kube-system,traefik-9bcdbbd9-qtpjt,1,37
1782110371,gsm-1,msc-test-stub-5b875d749d-9f4rq,1,16
1782110371,gsm-1,osmo-bsc-594654bd47-nbzv6,1,5
1782110371,gsm-1,osmo-bts-virtual-5f8b9b86fc-7vzx5,17,5
1782110371,gsm-1,osmo-hlr-546bdb8988-9b4tn,1,2
1782110371,gsm-1,osmo-mgw-8c8fc67d6-vn9j4,1,2
1782110371,gsm-1,osmo-mobile-947867b85-7rhh4,3,28
1782110371,gsm-1,osmo-stp-768687f494-cnb6n,1,2
1782110371,gsm-1,ttcn3-tc-26-6-1-1-1-cqc6r,1,6
1782110371,gsm-1,virtphy-858665df6d-m5jmn,9,1
1782110371,kube-system,coredns-c4dbffb5f-p9rsr,3,28
1782110371,kube-system,local-path-provisioner-5c4dc5d66d-nfqxz,1,16
1782110371,kube-system,metrics-server-786d997795-hcp2m,9,49
1782110371,kube-system,svclb-traefik-1100f998-kpm9h,0,0
1782110371,kube-system,traefik-9bcdbbd9-qtpjt,1,37
1782110373,gsm-1,msc-test-stub-5b875d749d-9f4rq,1,16
1782110373,gsm-1,osmo-bsc-594654bd47-nbzv6,1,5
1782110373,gsm-1,osmo-bts-virtual-5f8b9b86fc-7vzx5,17,5
1782110373,gsm-1,osmo-hlr-546bdb8988-9b4tn,1,2
1782110373,gsm-1,osmo-mgw-8c8fc67d6-vn9j4,1,2
1782110373,gsm-1,osmo-mobile-947867b85-7rhh4,3,28
1782110373,gsm-1,osmo-stp-768687f494-cnb6n,1,2
1782110373,gsm-1,ttcn3-tc-26-6-1-1-1-cqc6r,1,6
1782110373,gsm-1,virtphy-858665df6d-m5jmn,9,1
1782110373,kube-system,coredns-c4dbffb5f-p9rsr,3,28
1782110373,kube-system,local-path-provisioner-5c4dc5d66d-nfqxz,1,16
1782110373,kube-system,metrics-server-786d997795-hcp2m,9,49
1782110373,kube-system,svclb-traefik-1100f998-kpm9h,0,0
1782110373,kube-system,traefik-9bcdbbd9-qtpjt,1,37
1782110375,gsm-1,msc-test-stub-5b875d749d-9f4rq,1,16
1782110375,gsm-1,osmo-bsc-594654bd47-nbzv6,1,5
1782110375,gsm-1,osmo-bts-virtual-5f8b9b86fc-7vzx5,17,5
1782110375,gsm-1,osmo-hlr-546bdb8988-9b4tn,1,2
1782110375,gsm-1,osmo-mgw-8c8fc67d6-vn9j4,1,2
1782110375,gsm-1,osmo-mobile-947867b85-7rhh4,3,28
1782110375,gsm-1,osmo-stp-768687f494-cnb6n,1,2
1782110375,gsm-1,ttcn3-tc-26-6-1-1-1-cqc6r,1,6
1782110375,gsm-1,virtphy-858665df6d-m5jmn,9,1
1782110375,kube-system,coredns-c4dbffb5f-p9rsr,3,28
1782110375,kube-system,local-path-provisioner-5c4dc5d66d-nfqxz,1,16
1782110375,kube-system,metrics-server-786d997795-hcp2m,9,49
1782110375,kube-system,svclb-traefik-1100f998-kpm9h,0,0
1782110375,kube-system,traefik-9bcdbbd9-qtpjt,1,37
1782110378,gsm-1,msc-test-stub-5b875d749d-9f4rq,1,16
1782110378,gsm-1,osmo-bsc-594654bd47-nbzv6,1,5
1782110378,gsm-1,osmo-bts-virtual-5f8b9b86fc-7vzx5,17,5
1782110378,gsm-1,osmo-hlr-546bdb8988-9b4tn,1,2
1782110378,gsm-1,osmo-mgw-8c8fc67d6-vn9j4,1,2
1782110378,gsm-1,osmo-mobile-947867b85-7rhh4,3,28
1782110378,gsm-1,osmo-stp-768687f494-cnb6n,1,2
1782110378,gsm-1,ttcn3-tc-26-6-1-1-1-cqc6r,1,6
1782110378,gsm-1,virtphy-858665df6d-m5jmn,9,1
1782110378,kube-system,coredns-c4dbffb5f-p9rsr,3,28
1782110378,kube-system,local-path-provisioner-5c4dc5d66d-nfqxz,1,16
1782110378,kube-system,metrics-server-786d997795-hcp2m,9,49
1782110378,kube-system,svclb-traefik-1100f998-kpm9h,0,0
1782110378,kube-system,traefik-9bcdbbd9-qtpjt,1,37
1782110380,gsm-1,msc-test-stub-5b875d749d-9f4rq,1,16
1782110380,gsm-1,osmo-bsc-594654bd47-nbzv6,1,5
1782110380,gsm-1,osmo-bts-virtual-5f8b9b86fc-7vzx5,17,5
1782110380,gsm-1,osmo-hlr-546bdb8988-9b4tn,1,2
1782110380,gsm-1,osmo-mgw-8c8fc67d6-vn9j4,1,2
1782110380,gsm-1,osmo-mobile-947867b85-7rhh4,3,28
1782110380,gsm-1,osmo-stp-768687f494-cnb6n,1,2
1782110380,gsm-1,ttcn3-tc-26-6-1-1-1-cqc6r,1,6
1782110380,gsm-1,virtphy-858665df6d-m5jmn,9,1
1782110380,kube-system,coredns-c4dbffb5f-p9rsr,3,28
1782110380,kube-system,local-path-provisioner-5c4dc5d66d-nfqxz,1,16
1782110380,kube-system,metrics-server-786d997795-hcp2m,9,49
1782110380,kube-system,svclb-traefik-1100f998-kpm9h,0,0
1782110380,kube-system,traefik-9bcdbbd9-qtpjt,1,37
1782110382,gsm-1,msc-test-stub-5b875d749d-9f4rq,1,16
1782110382,gsm-1,osmo-bsc-594654bd47-nbzv6,1,5
1782110382,gsm-1,osmo-bts-virtual-5f8b9b86fc-7vzx5,16,5
1782110382,gsm-1,osmo-hlr-546bdb8988-9b4tn,1,2
1782110382,gsm-1,osmo-mgw-8c8fc67d6-vn9j4,1,2
1782110382,gsm-1,osmo-mobile-947867b85-7rhh4,3,28
1782110382,gsm-1,osmo-stp-768687f494-cnb6n,1,2
1782110382,gsm-1,ttcn3-tc-26-6-1-1-1-cqc6r,1,6
1782110382,gsm-1,virtphy-858665df6d-m5jmn,8,1
1782110382,kube-system,coredns-c4dbffb5f-p9rsr,2,28
1782110382,kube-system,local-path-provisioner-5c4dc5d66d-nfqxz,1,16
1782110382,kube-system,metrics-server-786d997795-hcp2m,12,48
1782110382,kube-system,svclb-traefik-1100f998-kpm9h,0,0
1782110382,kube-system,traefik-9bcdbbd9-qtpjt,1,37
1782110385,gsm-1,msc-test-stub-5b875d749d-9f4rq,1,16
1782110385,gsm-1,osmo-bsc-594654bd47-nbzv6,1,5
1782110385,gsm-1,osmo-bts-virtual-5f8b9b86fc-7vzx5,16,5
1782110385,gsm-1,osmo-hlr-546bdb8988-9b4tn,1,2
1782110385,gsm-1,osmo-mgw-8c8fc67d6-vn9j4,1,2
1782110385,gsm-1,osmo-mobile-947867b85-7rhh4,3,28
1782110385,gsm-1,osmo-stp-768687f494-cnb6n,1,2
1782110385,gsm-1,ttcn3-tc-26-6-1-1-1-cqc6r,1,6
1782110385,gsm-1,virtphy-858665df6d-m5jmn,8,1
1782110385,kube-system,coredns-c4dbffb5f-p9rsr,2,28
1782110385,kube-system,local-path-provisioner-5c4dc5d66d-nfqxz,1,16
1782110385,kube-system,metrics-server-786d997795-hcp2m,12,48
1782110385,kube-system,svclb-traefik-1100f998-kpm9h,0,0
1782110385,kube-system,traefik-9bcdbbd9-qtpjt,1,37
1782110387,gsm-1,msc-test-stub-5b875d749d-9f4rq,1,16
1782110387,gsm-1,osmo-bsc-594654bd47-nbzv6,1,5
1782110387,gsm-1,osmo-bts-virtual-5f8b9b86fc-7vzx5,16,5
1782110387,gsm-1,osmo-hlr-546bdb8988-9b4tn,1,2
1782110387,gsm-1,osmo-mgw-8c8fc67d6-vn9j4,1,2
1782110387,gsm-1,osmo-mobile-947867b85-7rhh4,3,28
1782110387,gsm-1,osmo-stp-768687f494-cnb6n,1,2
1782110387,gsm-1,ttcn3-tc-26-6-1-1-1-cqc6r,1,6
1782110387,gsm-1,virtphy-858665df6d-m5jmn,8,1
1782110387,kube-system,coredns-c4dbffb5f-p9rsr,2,28
1782110387,kube-system,local-path-provisioner-5c4dc5d66d-nfqxz,1,16
1782110387,kube-system,metrics-server-786d997795-hcp2m,12,48
1782110387,kube-system,svclb-traefik-1100f998-kpm9h,0,0
1782110387,kube-system,traefik-9bcdbbd9-qtpjt,1,37
1782110389,gsm-1,msc-test-stub-5b875d749d-9f4rq,1,16
1782110389,gsm-1,osmo-bsc-594654bd47-nbzv6,1,5
1782110389,gsm-1,osmo-bts-virtual-5f8b9b86fc-7vzx5,16,5
1782110389,gsm-1,osmo-hlr-546bdb8988-9b4tn,1,2
1782110389,gsm-1,osmo-mgw-8c8fc67d6-vn9j4,1,2
1782110389,gsm-1,osmo-mobile-947867b85-7rhh4,3,28
1782110389,gsm-1,osmo-stp-768687f494-cnb6n,1,2
1782110389,gsm-1,ttcn3-tc-26-6-1-1-1-cqc6r,1,6
1782110389,gsm-1,virtphy-858665df6d-m5jmn,8,1
1782110389,kube-system,coredns-c4dbffb5f-p9rsr,2,28
1782110389,kube-system,local-path-provisioner-5c4dc5d66d-nfqxz,1,16
1782110389,kube-system,metrics-server-786d997795-hcp2m,12,48
1782110389,kube-system,svclb-traefik-1100f998-kpm9h,0,0
1782110389,kube-system,traefik-9bcdbbd9-qtpjt,1,37
1782110391,gsm-1,msc-test-stub-5b875d749d-9f4rq,1,16
1782110391,gsm-1,osmo-bsc-594654bd47-nbzv6,1,5
1782110391,gsm-1,osmo-bts-virtual-5f8b9b86fc-7vzx5,16,5
1782110391,gsm-1,osmo-hlr-546bdb8988-9b4tn,1,2
1782110391,gsm-1,osmo-mgw-8c8fc67d6-vn9j4,1,2
1782110391,gsm-1,osmo-mobile-947867b85-7rhh4,3,28
1782110391,gsm-1,osmo-stp-768687f494-cnb6n,1,2
1782110391,gsm-1,ttcn3-tc-26-6-1-1-1-cqc6r,1,6
1782110391,gsm-1,virtphy-858665df6d-m5jmn,8,1
1782110391,kube-system,coredns-c4dbffb5f-p9rsr,2,28
1782110391,kube-system,local-path-provisioner-5c4dc5d66d-nfqxz,1,16
1782110391,kube-system,metrics-server-786d997795-hcp2m,12,48
1782110391,kube-system,svclb-traefik-1100f998-kpm9h,0,0
1782110391,kube-system,traefik-9bcdbbd9-qtpjt,1,37
1782110393,gsm-1,msc-test-stub-5b875d749d-9f4rq,1,16
1782110393,gsm-1,osmo-bsc-594654bd47-nbzv6,1,5
1782110393,gsm-1,osmo-bts-virtual-5f8b9b86fc-7vzx5,16,5
1782110393,gsm-1,osmo-hlr-546bdb8988-9b4tn,1,2
1782110393,gsm-1,osmo-mgw-8c8fc67d6-vn9j4,1,2
1782110393,gsm-1,osmo-mobile-947867b85-7rhh4,3,28
1782110393,gsm-1,osmo-stp-768687f494-cnb6n,1,2
1782110393,gsm-1,ttcn3-tc-26-6-1-1-1-cqc6r,1,6
1782110393,gsm-1,virtphy-858665df6d-m5jmn,8,1
1782110393,kube-system,coredns-c4dbffb5f-p9rsr,2,28
1782110393,kube-system,local-path-provisioner-5c4dc5d66d-nfqxz,1,16
1782110393,kube-system,metrics-server-786d997795-hcp2m,12,48
1782110393,kube-system,svclb-traefik-1100f998-kpm9h,0,0
1782110393,kube-system,traefik-9bcdbbd9-qtpjt,1,37
1782110395,gsm-1,msc-test-stub-5b875d749d-9f4rq,1,16
1782110395,gsm-1,osmo-bsc-594654bd47-nbzv6,1,5
1782110395,gsm-1,osmo-bts-virtual-5f8b9b86fc-7vzx5,16,5
1782110395,gsm-1,osmo-hlr-546bdb8988-9b4tn,1,2
1782110395,gsm-1,osmo-mgw-8c8fc67d6-vn9j4,1,2
1782110395,gsm-1,osmo-mobile-947867b85-7rhh4,3,28
1782110395,gsm-1,osmo-stp-768687f494-cnb6n,1,2
1782110395,gsm-1,ttcn3-tc-26-6-1-1-1-cqc6r,1,6
1782110395,gsm-1,virtphy-858665df6d-m5jmn,8,1
1782110395,kube-system,coredns-c4dbffb5f-p9rsr,2,28
1782110395,kube-system,local-path-provisioner-5c4dc5d66d-nfqxz,1,16
1782110395,kube-system,metrics-server-786d997795-hcp2m,12,48
1782110395,kube-system,svclb-traefik-1100f998-kpm9h,0,0
1782110395,kube-system,traefik-9bcdbbd9-qtpjt,1,37
1782110397,gsm-1,msc-test-stub-5b875d749d-9f4rq,1,16
1782110397,gsm-1,osmo-bsc-594654bd47-nbzv6,1,5
1782110397,gsm-1,osmo-bts-virtual-5f8b9b86fc-7vzx5,16,5
1782110397,gsm-1,osmo-hlr-546bdb8988-9b4tn,1,2
1782110397,gsm-1,osmo-mgw-8c8fc67d6-vn9j4,1,2
1782110397,gsm-1,osmo-mobile-947867b85-7rhh4,3,28
1782110397,gsm-1,osmo-stp-768687f494-cnb6n,1,2
1782110397,gsm-1,ttcn3-tc-26-6-1-1-1-cqc6r,1,6
1782110397,gsm-1,virtphy-858665df6d-m5jmn,8,1
1782110397,kube-system,coredns-c4dbffb5f-p9rsr,2,28
1782110397,kube-system,local-path-provisioner-5c4dc5d66d-nfqxz,1,16
1782110397,kube-system,metrics-server-786d997795-hcp2m,12,48
1782110397,kube-system,svclb-traefik-1100f998-kpm9h,0,0
1782110397,kube-system,traefik-9bcdbbd9-qtpjt,1,37
1782110399,gsm-1,msc-test-stub-5b875d749d-9f4rq,1,16
1782110399,gsm-1,osmo-bsc-594654bd47-nbzv6,1,5
1782110399,gsm-1,osmo-bts-virtual-5f8b9b86fc-7vzx5,16,5
1782110399,gsm-1,osmo-hlr-546bdb8988-9b4tn,1,2
1782110399,gsm-1,osmo-mgw-8c8fc67d6-vn9j4,1,2
1782110399,gsm-1,osmo-mobile-947867b85-7rhh4,2,28
1782110399,gsm-1,osmo-stp-768687f494-cnb6n,1,2
1782110399,gsm-1,ttcn3-tc-26-6-1-1-1-cqc6r,1,6
1782110399,gsm-1,virtphy-858665df6d-m5jmn,9,1
1782110399,kube-system,coredns-c4dbffb5f-p9rsr,3,28
1782110399,kube-system,local-path-provisioner-5c4dc5d66d-nfqxz,1,16
1782110399,kube-system,metrics-server-786d997795-hcp2m,8,48
1782110399,kube-system,svclb-traefik-1100f998-kpm9h,0,0
1782110399,kube-system,traefik-9bcdbbd9-qtpjt,1,37
1782110401,gsm-1,msc-test-stub-5b875d749d-9f4rq,1,16
1782110401,gsm-1,osmo-bsc-594654bd47-nbzv6,1,5
1782110401,gsm-1,osmo-bts-virtual-5f8b9b86fc-7vzx5,16,5
1782110401,gsm-1,osmo-hlr-546bdb8988-9b4tn,1,2
1782110401,gsm-1,osmo-mgw-8c8fc67d6-vn9j4,1,2
1782110401,gsm-1,osmo-mobile-947867b85-7rhh4,2,28
1782110401,gsm-1,osmo-stp-768687f494-cnb6n,1,2
1782110401,gsm-1,ttcn3-tc-26-6-1-1-1-cqc6r,1,6
1782110401,gsm-1,virtphy-858665df6d-m5jmn,9,1
1782110401,kube-system,coredns-c4dbffb5f-p9rsr,3,28
1782110401,kube-system,local-path-provisioner-5c4dc5d66d-nfqxz,1,16
1782110401,kube-system,metrics-server-786d997795-hcp2m,8,48
1782110401,kube-system,svclb-traefik-1100f998-kpm9h,0,0
1782110401,kube-system,traefik-9bcdbbd9-qtpjt,1,37
1782110403,gsm-1,msc-test-stub-5b875d749d-9f4rq,1,16
1782110403,gsm-1,osmo-bsc-594654bd47-nbzv6,1,5
1782110403,gsm-1,osmo-bts-virtual-5f8b9b86fc-7vzx5,16,5
1782110403,gsm-1,osmo-hlr-546bdb8988-9b4tn,1,2
1782110403,gsm-1,osmo-mgw-8c8fc67d6-vn9j4,1,2
1782110403,gsm-1,osmo-mobile-947867b85-7rhh4,2,28
1782110403,gsm-1,osmo-stp-768687f494-cnb6n,1,2
1782110403,gsm-1,ttcn3-tc-26-6-1-1-1-cqc6r,1,6
1782110403,gsm-1,virtphy-858665df6d-m5jmn,9,1
1782110403,kube-system,coredns-c4dbffb5f-p9rsr,3,28
1782110403,kube-system,local-path-provisioner-5c4dc5d66d-nfqxz,1,16
1782110403,kube-system,metrics-server-786d997795-hcp2m,8,48
1782110403,kube-system,svclb-traefik-1100f998-kpm9h,0,0
1782110403,kube-system,traefik-9bcdbbd9-qtpjt,1,37
1782110405,gsm-1,msc-test-stub-5b875d749d-9f4rq,1,16
1782110405,gsm-1,osmo-bsc-594654bd47-nbzv6,1,5
1782110405,gsm-1,osmo-bts-virtual-5f8b9b86fc-7vzx5,16,5
1782110405,gsm-1,osmo-hlr-546bdb8988-9b4tn,1,2
1782110405,gsm-1,osmo-mgw-8c8fc67d6-vn9j4,1,2
1782110405,gsm-1,osmo-mobile-947867b85-7rhh4,2,28
1782110405,gsm-1,osmo-stp-768687f494-cnb6n,1,2
1782110405,gsm-1,ttcn3-tc-26-6-1-1-1-cqc6r,1,6
1782110405,gsm-1,virtphy-858665df6d-m5jmn,9,1
1782110405,kube-system,coredns-c4dbffb5f-p9rsr,3,28
1782110405,kube-system,local-path-provisioner-5c4dc5d66d-nfqxz,1,16
1782110405,kube-system,metrics-server-786d997795-hcp2m,8,48
1782110405,kube-system,svclb-traefik-1100f998-kpm9h,0,0
1782110405,kube-system,traefik-9bcdbbd9-qtpjt,1,37
1782110408,gsm-1,msc-test-stub-5b875d749d-9f4rq,1,16
1782110408,gsm-1,osmo-bsc-594654bd47-nbzv6,1,5
1782110408,gsm-1,osmo-bts-virtual-5f8b9b86fc-7vzx5,16,5
1782110408,gsm-1,osmo-hlr-546bdb8988-9b4tn,1,2
1782110408,gsm-1,osmo-mgw-8c8fc67d6-vn9j4,1,2
1782110408,gsm-1,osmo-mobile-947867b85-7rhh4,2,28
1782110408,gsm-1,osmo-stp-768687f494-cnb6n,1,2
1782110408,gsm-1,ttcn3-tc-26-6-1-1-1-cqc6r,1,6
1782110408,gsm-1,virtphy-858665df6d-m5jmn,9,1
1782110408,kube-system,coredns-c4dbffb5f-p9rsr,3,28
1782110408,kube-system,local-path-provisioner-5c4dc5d66d-nfqxz,1,16
1782110408,kube-system,metrics-server-786d997795-hcp2m,8,48
1782110408,kube-system,svclb-traefik-1100f998-kpm9h,0,0
1782110408,kube-system,traefik-9bcdbbd9-qtpjt,1,37
1782110410,gsm-1,msc-test-stub-5b875d749d-9f4rq,1,16
1782110410,gsm-1,osmo-bsc-594654bd47-nbzv6,1,5
1782110410,gsm-1,osmo-bts-virtual-5f8b9b86fc-7vzx5,16,5
1782110410,gsm-1,osmo-hlr-546bdb8988-9b4tn,1,2
1782110410,gsm-1,osmo-mgw-8c8fc67d6-vn9j4,1,2
1782110410,gsm-1,osmo-mobile-947867b85-7rhh4,2,28
1782110410,gsm-1,osmo-stp-768687f494-cnb6n,1,2
1782110410,gsm-1,ttcn3-tc-26-6-1-1-1-cqc6r,1,6
1782110410,gsm-1,virtphy-858665df6d-m5jmn,9,1
1782110410,kube-system,coredns-c4dbffb5f-p9rsr,3,28
1782110410,kube-system,local-path-provisioner-5c4dc5d66d-nfqxz,1,16
1782110410,kube-system,metrics-server-786d997795-hcp2m,8,48
1782110410,kube-system,svclb-traefik-1100f998-kpm9h,0,0
1782110410,kube-system,traefik-9bcdbbd9-qtpjt,1,37
1782110412,gsm-1,msc-test-stub-5b875d749d-9f4rq,1,16
1782110412,gsm-1,osmo-bsc-594654bd47-nbzv6,1,5
1782110412,gsm-1,osmo-bts-virtual-5f8b9b86fc-7vzx5,16,5
1782110412,gsm-1,osmo-hlr-546bdb8988-9b4tn,1,2
1782110412,gsm-1,osmo-mgw-8c8fc67d6-vn9j4,1,2
1782110412,gsm-1,osmo-mobile-947867b85-7rhh4,2,28
1782110412,gsm-1,osmo-stp-768687f494-cnb6n,1,2
1782110412,gsm-1,ttcn3-tc-26-6-1-1-1-cqc6r,1,6
1782110412,gsm-1,virtphy-858665df6d-m5jmn,9,1
1782110412,kube-system,coredns-c4dbffb5f-p9rsr,3,28
1782110412,kube-system,local-path-provisioner-5c4dc5d66d-nfqxz,1,16
1782110412,kube-system,metrics-server-786d997795-hcp2m,8,48
1782110412,kube-system,svclb-traefik-1100f998-kpm9h,0,0
1782110412,kube-system,traefik-9bcdbbd9-qtpjt,1,37
1782110414,gsm-1,msc-test-stub-5b875d749d-9f4rq,1,16
1782110414,gsm-1,osmo-bsc-594654bd47-nbzv6,1,5
1782110414,gsm-1,osmo-bts-virtual-5f8b9b86fc-7vzx5,17,9
1782110414,gsm-1,osmo-hlr-546bdb8988-9b4tn,1,2
1782110414,gsm-1,osmo-mgw-8c8fc67d6-vn9j4,1,2
1782110414,gsm-1,osmo-mobile-947867b85-7rhh4,2,28
1782110414,gsm-1,osmo-stp-768687f494-cnb6n,1,2
1782110414,gsm-1,ttcn3-tc-26-6-1-1-1-cqc6r,1,6
1782110414,gsm-1,virtphy-858665df6d-m5jmn,7,1
1782110414,kube-system,coredns-c4dbffb5f-p9rsr,3,28
1782110414,kube-system,local-path-provisioner-5c4dc5d66d-nfqxz,1,16
1782110414,kube-system,metrics-server-786d997795-hcp2m,9,48
1782110414,kube-system,svclb-traefik-1100f998-kpm9h,0,0
1782110414,kube-system,traefik-9bcdbbd9-qtpjt,1,37
1782110416,gsm-1,msc-test-stub-5b875d749d-9f4rq,1,16
1782110416,gsm-1,osmo-bsc-594654bd47-nbzv6,1,5
1782110416,gsm-1,osmo-bts-virtual-5f8b9b86fc-7vzx5,17,9
1782110416,gsm-1,osmo-hlr-546bdb8988-9b4tn,1,2
1782110416,gsm-1,osmo-mgw-8c8fc67d6-vn9j4,1,2
1782110416,gsm-1,osmo-mobile-947867b85-7rhh4,2,28
1782110416,gsm-1,osmo-stp-768687f494-cnb6n,1,2
1782110416,gsm-1,ttcn3-tc-26-6-1-1-1-cqc6r,1,6
1782110416,gsm-1,virtphy-858665df6d-m5jmn,7,1
1782110416,kube-system,coredns-c4dbffb5f-p9rsr,3,28
1782110416,kube-system,local-path-provisioner-5c4dc5d66d-nfqxz,1,16
1782110416,kube-system,metrics-server-786d997795-hcp2m,9,48
1782110416,kube-system,svclb-traefik-1100f998-kpm9h,0,0
1782110416,kube-system,traefik-9bcdbbd9-qtpjt,1,37
1782110418,gsm-1,msc-test-stub-5b875d749d-9f4rq,1,16
1782110418,gsm-1,osmo-bsc-594654bd47-nbzv6,1,5
1782110418,gsm-1,osmo-bts-virtual-5f8b9b86fc-7vzx5,17,9
1782110418,gsm-1,osmo-hlr-546bdb8988-9b4tn,1,2
1782110418,gsm-1,osmo-mgw-8c8fc67d6-vn9j4,1,2
1782110418,gsm-1,osmo-mobile-947867b85-7rhh4,2,28
1782110418,gsm-1,osmo-stp-768687f494-cnb6n,1,2
1782110418,gsm-1,ttcn3-tc-26-6-1-1-1-cqc6r,1,6
1782110418,gsm-1,virtphy-858665df6d-m5jmn,7,1
1782110418,kube-system,coredns-c4dbffb5f-p9rsr,3,28
1782110418,kube-system,local-path-provisioner-5c4dc5d66d-nfqxz,1,16
1782110418,kube-system,metrics-server-786d997795-hcp2m,9,48
1782110418,kube-system,svclb-traefik-1100f998-kpm9h,0,0
1782110418,kube-system,traefik-9bcdbbd9-qtpjt,1,37
1782110420,gsm-1,msc-test-stub-5b875d749d-9f4rq,1,16
1782110420,gsm-1,osmo-bsc-594654bd47-nbzv6,1,5
1782110420,gsm-1,osmo-bts-virtual-5f8b9b86fc-7vzx5,17,9
1782110420,gsm-1,osmo-hlr-546bdb8988-9b4tn,1,2
1782110420,gsm-1,osmo-mgw-8c8fc67d6-vn9j4,1,2
1782110420,gsm-1,osmo-mobile-947867b85-7rhh4,2,28
1782110420,gsm-1,osmo-stp-768687f494-cnb6n,1,2
1782110420,gsm-1,ttcn3-tc-26-6-1-1-1-cqc6r,1,6
1782110420,gsm-1,virtphy-858665df6d-m5jmn,7,1
1782110420,kube-system,coredns-c4dbffb5f-p9rsr,3,28
1782110420,kube-system,local-path-provisioner-5c4dc5d66d-nfqxz,1,16
1782110420,kube-system,metrics-server-786d997795-hcp2m,9,48
1782110420,kube-system,svclb-traefik-1100f998-kpm9h,0,0
1782110420,kube-system,traefik-9bcdbbd9-qtpjt,1,37
1782110422,gsm-1,msc-test-stub-5b875d749d-9f4rq,1,16
1782110422,gsm-1,osmo-bsc-594654bd47-nbzv6,1,5
1782110422,gsm-1,osmo-bts-virtual-5f8b9b86fc-7vzx5,17,9
1782110422,gsm-1,osmo-hlr-546bdb8988-9b4tn,1,2
1782110422,gsm-1,osmo-mgw-8c8fc67d6-vn9j4,1,2
1782110422,gsm-1,osmo-mobile-947867b85-7rhh4,2,28
1782110422,gsm-1,osmo-stp-768687f494-cnb6n,1,2
1782110422,gsm-1,ttcn3-tc-26-6-1-1-1-cqc6r,1,6
1782110422,gsm-1,virtphy-858665df6d-m5jmn,7,1
1782110422,kube-system,coredns-c4dbffb5f-p9rsr,3,28
1782110422,kube-system,local-path-provisioner-5c4dc5d66d-nfqxz,1,16
1782110422,kube-system,metrics-server-786d997795-hcp2m,9,48
1782110422,kube-system,svclb-traefik-1100f998-kpm9h,0,0
1782110422,kube-system,traefik-9bcdbbd9-qtpjt,1,37
1782110424,gsm-1,msc-test-stub-5b875d749d-9f4rq,1,16
1782110424,gsm-1,osmo-bsc-594654bd47-nbzv6,1,5
1782110424,gsm-1,osmo-bts-virtual-5f8b9b86fc-7vzx5,17,9
1782110424,gsm-1,osmo-hlr-546bdb8988-9b4tn,1,2
1782110424,gsm-1,osmo-mgw-8c8fc67d6-vn9j4,1,2
1782110424,gsm-1,osmo-mobile-947867b85-7rhh4,2,28
1782110424,gsm-1,osmo-stp-768687f494-cnb6n,1,2
1782110424,gsm-1,ttcn3-tc-26-6-1-1-1-cqc6r,1,6
1782110424,gsm-1,virtphy-858665df6d-m5jmn,7,1
1782110424,kube-system,coredns-c4dbffb5f-p9rsr,3,28
1782110424,kube-system,local-path-provisioner-5c4dc5d66d-nfqxz,1,16
1782110424,kube-system,metrics-server-786d997795-hcp2m,9,48
1782110424,kube-system,svclb-traefik-1100f998-kpm9h,0,0
1782110424,kube-system,traefik-9bcdbbd9-qtpjt,1,37
1782110426,gsm-1,msc-test-stub-5b875d749d-9f4rq,1,16
1782110426,gsm-1,osmo-bsc-594654bd47-nbzv6,1,5
1782110426,gsm-1,osmo-bts-virtual-5f8b9b86fc-7vzx5,17,9
1782110426,gsm-1,osmo-hlr-546bdb8988-9b4tn,1,2
1782110426,gsm-1,osmo-mgw-8c8fc67d6-vn9j4,1,2
1782110426,gsm-1,osmo-mobile-947867b85-7rhh4,2,28
1782110426,gsm-1,osmo-stp-768687f494-cnb6n,1,2
1782110426,gsm-1,ttcn3-tc-26-6-1-1-1-cqc6r,1,6
1782110426,gsm-1,virtphy-858665df6d-m5jmn,7,1
1782110426,kube-system,coredns-c4dbffb5f-p9rsr,3,28
1782110426,kube-system,local-path-provisioner-5c4dc5d66d-nfqxz,1,16
1782110426,kube-system,metrics-server-786d997795-hcp2m,9,48
1782110426,kube-system,svclb-traefik-1100f998-kpm9h,0,0
1782110426,kube-system,traefik-9bcdbbd9-qtpjt,1,37
1782110428,gsm-1,msc-test-stub-5b875d749d-9f4rq,1,16
1782110428,gsm-1,osmo-bsc-594654bd47-nbzv6,1,5
1782110428,gsm-1,osmo-bts-virtual-5f8b9b86fc-7vzx5,18,9
1782110428,gsm-1,osmo-hlr-546bdb8988-9b4tn,1,2
1782110428,gsm-1,osmo-mgw-8c8fc67d6-vn9j4,1,2
1782110428,gsm-1,osmo-mobile-947867b85-7rhh4,2,28
1782110428,gsm-1,osmo-stp-768687f494-cnb6n,1,2
1782110428,gsm-1,ttcn3-tc-26-6-1-1-1-cqc6r,1,6
1782110428,gsm-1,virtphy-858665df6d-m5jmn,9,2
1782110428,kube-system,coredns-c4dbffb5f-p9rsr,2,28
1782110428,kube-system,local-path-provisioner-5c4dc5d66d-nfqxz,1,16
1782110428,kube-system,metrics-server-786d997795-hcp2m,7,48
1782110428,kube-system,svclb-traefik-1100f998-kpm9h,0,0
1782110428,kube-system,traefik-9bcdbbd9-qtpjt,1,37
1782110430,gsm-1,msc-test-stub-5b875d749d-9f4rq,1,16
1782110430,gsm-1,osmo-bsc-594654bd47-nbzv6,1,5
1782110430,gsm-1,osmo-bts-virtual-5f8b9b86fc-7vzx5,18,9
1782110430,gsm-1,osmo-hlr-546bdb8988-9b4tn,1,2
1782110430,gsm-1,osmo-mgw-8c8fc67d6-vn9j4,1,2
1782110430,gsm-1,osmo-mobile-947867b85-7rhh4,2,28
1782110430,gsm-1,osmo-stp-768687f494-cnb6n,1,2
1782110430,gsm-1,ttcn3-tc-26-6-1-1-1-cqc6r,1,6
1782110430,gsm-1,virtphy-858665df6d-m5jmn,9,2
1782110430,kube-system,coredns-c4dbffb5f-p9rsr,2,28
1782110430,kube-system,local-path-provisioner-5c4dc5d66d-nfqxz,1,16
1782110430,kube-system,metrics-server-786d997795-hcp2m,7,48
1782110430,kube-system,svclb-traefik-1100f998-kpm9h,0,0
1782110430,kube-system,traefik-9bcdbbd9-qtpjt,1,37
1782110433,gsm-1,msc-test-stub-5b875d749d-9f4rq,1,16
1782110433,gsm-1,osmo-bsc-594654bd47-nbzv6,1,5
1782110433,gsm-1,osmo-bts-virtual-5f8b9b86fc-7vzx5,18,9
1782110433,gsm-1,osmo-hlr-546bdb8988-9b4tn,1,2
1782110433,gsm-1,osmo-mgw-8c8fc67d6-vn9j4,1,2
1782110433,gsm-1,osmo-mobile-947867b85-7rhh4,2,28
1782110433,gsm-1,osmo-stp-768687f494-cnb6n,1,2
1782110433,gsm-1,ttcn3-tc-26-6-1-1-1-cqc6r,1,6
1782110433,gsm-1,virtphy-858665df6d-m5jmn,9,2
1782110433,kube-system,coredns-c4dbffb5f-p9rsr,2,28
1782110433,kube-system,local-path-provisioner-5c4dc5d66d-nfqxz,1,16
1782110433,kube-system,metrics-server-786d997795-hcp2m,7,48
1782110433,kube-system,svclb-traefik-1100f998-kpm9h,0,0
1782110433,kube-system,traefik-9bcdbbd9-qtpjt,1,37
1782110435,gsm-1,msc-test-stub-5b875d749d-9f4rq,1,16
1782110435,gsm-1,osmo-bsc-594654bd47-nbzv6,1,5
1782110435,gsm-1,osmo-bts-virtual-5f8b9b86fc-7vzx5,18,9
1782110435,gsm-1,osmo-hlr-546bdb8988-9b4tn,1,2
1782110435,gsm-1,osmo-mgw-8c8fc67d6-vn9j4,1,2
1782110435,gsm-1,osmo-mobile-947867b85-7rhh4,2,28
1782110435,gsm-1,osmo-stp-768687f494-cnb6n,1,2
1782110435,gsm-1,ttcn3-tc-26-6-1-1-1-cqc6r,1,6
1782110435,gsm-1,virtphy-858665df6d-m5jmn,9,2
1782110435,kube-system,coredns-c4dbffb5f-p9rsr,2,28
1782110435,kube-system,local-path-provisioner-5c4dc5d66d-nfqxz,1,16
1782110435,kube-system,metrics-server-786d997795-hcp2m,7,48
1782110435,kube-system,svclb-traefik-1100f998-kpm9h,0,0
1782110435,kube-system,traefik-9bcdbbd9-qtpjt,1,37
1782110437,gsm-1,msc-test-stub-5b875d749d-9f4rq,1,16
1782110437,gsm-1,osmo-bsc-594654bd47-nbzv6,1,5
1782110437,gsm-1,osmo-bts-virtual-5f8b9b86fc-7vzx5,18,9
1782110437,gsm-1,osmo-hlr-546bdb8988-9b4tn,1,2
1782110437,gsm-1,osmo-mgw-8c8fc67d6-vn9j4,1,2
1782110437,gsm-1,osmo-mobile-947867b85-7rhh4,2,28
1782110437,gsm-1,osmo-stp-768687f494-cnb6n,1,2
1782110437,gsm-1,ttcn3-tc-26-6-1-1-1-cqc6r,1,6
1782110437,gsm-1,virtphy-858665df6d-m5jmn,9,2
1782110437,kube-system,coredns-c4dbffb5f-p9rsr,2,28
1782110437,kube-system,local-path-provisioner-5c4dc5d66d-nfqxz,1,16
1782110437,kube-system,metrics-server-786d997795-hcp2m,7,48
1782110437,kube-system,svclb-traefik-1100f998-kpm9h,0,0
1782110437,kube-system,traefik-9bcdbbd9-qtpjt,1,37
1782110439,gsm-1,msc-test-stub-5b875d749d-9f4rq,1,16
1782110439,gsm-1,osmo-bsc-594654bd47-nbzv6,1,5
1782110439,gsm-1,osmo-bts-virtual-5f8b9b86fc-7vzx5,18,9
1782110439,gsm-1,osmo-hlr-546bdb8988-9b4tn,1,2
1782110439,gsm-1,osmo-mgw-8c8fc67d6-vn9j4,1,2
1782110439,gsm-1,osmo-mobile-947867b85-7rhh4,2,28
1782110439,gsm-1,osmo-stp-768687f494-cnb6n,1,2
1782110439,gsm-1,ttcn3-tc-26-6-1-1-1-cqc6r,1,6
1782110439,gsm-1,virtphy-858665df6d-m5jmn,9,2
1782110439,kube-system,coredns-c4dbffb5f-p9rsr,2,28
1782110439,kube-system,local-path-provisioner-5c4dc5d66d-nfqxz,1,16
1782110439,kube-system,metrics-server-786d997795-hcp2m,7,48
1782110439,kube-system,svclb-traefik-1100f998-kpm9h,0,0
1782110439,kube-system,traefik-9bcdbbd9-qtpjt,1,37
1782110441,gsm-1,msc-test-stub-5b875d749d-9f4rq,1,16
1782110441,gsm-1,osmo-bsc-594654bd47-nbzv6,1,5
1782110441,gsm-1,osmo-bts-virtual-5f8b9b86fc-7vzx5,18,9
1782110441,gsm-1,osmo-hlr-546bdb8988-9b4tn,1,2
1782110441,gsm-1,osmo-mgw-8c8fc67d6-vn9j4,1,2
1782110441,gsm-1,osmo-mobile-947867b85-7rhh4,2,28
1782110441,gsm-1,osmo-stp-768687f494-cnb6n,1,2
1782110441,gsm-1,ttcn3-tc-26-6-1-1-1-cqc6r,1,6
1782110441,gsm-1,virtphy-858665df6d-m5jmn,9,2
1782110441,kube-system,coredns-c4dbffb5f-p9rsr,2,28
1782110441,kube-system,local-path-provisioner-5c4dc5d66d-nfqxz,1,16
1782110441,kube-system,metrics-server-786d997795-hcp2m,7,48
1782110441,kube-system,svclb-traefik-1100f998-kpm9h,0,0
1782110441,kube-system,traefik-9bcdbbd9-qtpjt,1,37
1782110443,gsm-1,msc-test-stub-5b875d749d-9f4rq,1,16
1782110443,gsm-1,osmo-bsc-594654bd47-nbzv6,1,5
1782110443,gsm-1,osmo-bts-virtual-5f8b9b86fc-7vzx5,18,8
1782110443,gsm-1,osmo-hlr-546bdb8988-9b4tn,1,2
1782110443,gsm-1,osmo-mgw-8c8fc67d6-vn9j4,1,2
1782110443,gsm-1,osmo-mobile-947867b85-7rhh4,3,28
1782110443,gsm-1,osmo-stp-768687f494-cnb6n,1,2
1782110443,gsm-1,ttcn3-tc-26-6-1-1-1-cqc6r,2,6
1782110443,gsm-1,virtphy-858665df6d-m5jmn,9,1
1782110443,kube-system,coredns-c4dbffb5f-p9rsr,3,28
1782110443,kube-system,local-path-provisioner-5c4dc5d66d-nfqxz,1,16
1782110443,kube-system,metrics-server-786d997795-hcp2m,11,48
1782110443,kube-system,svclb-traefik-1100f998-kpm9h,0,0
1782110443,kube-system,traefik-9bcdbbd9-qtpjt,1,37
1782110445,gsm-1,msc-test-stub-5b875d749d-9f4rq,1,16
1782110445,gsm-1,osmo-bsc-594654bd47-nbzv6,1,5
1782110445,gsm-1,osmo-bts-virtual-5f8b9b86fc-7vzx5,18,8
1782110445,gsm-1,osmo-hlr-546bdb8988-9b4tn,1,2
1782110445,gsm-1,osmo-mgw-8c8fc67d6-vn9j4,1,2
1782110445,gsm-1,osmo-mobile-947867b85-7rhh4,3,28
1782110445,gsm-1,osmo-stp-768687f494-cnb6n,1,2
1782110445,gsm-1,ttcn3-tc-26-6-1-1-1-cqc6r,2,6
1782110445,gsm-1,virtphy-858665df6d-m5jmn,9,1
1782110445,kube-system,coredns-c4dbffb5f-p9rsr,3,28
1782110445,kube-system,local-path-provisioner-5c4dc5d66d-nfqxz,1,16
1782110445,kube-system,metrics-server-786d997795-hcp2m,11,48
1782110445,kube-system,svclb-traefik-1100f998-kpm9h,0,0
1782110445,kube-system,traefik-9bcdbbd9-qtpjt,1,37
1782110447,gsm-1,msc-test-stub-5b875d749d-9f4rq,1,16
1782110447,gsm-1,osmo-bsc-594654bd47-nbzv6,1,5
1782110447,gsm-1,osmo-bts-virtual-5f8b9b86fc-7vzx5,18,8
1782110447,gsm-1,osmo-hlr-546bdb8988-9b4tn,1,2
1782110447,gsm-1,osmo-mgw-8c8fc67d6-vn9j4,1,2
1782110447,gsm-1,osmo-mobile-947867b85-7rhh4,3,28
1782110447,gsm-1,osmo-stp-768687f494-cnb6n,1,2
1782110447,gsm-1,ttcn3-tc-26-6-1-1-1-cqc6r,2,6
1782110447,gsm-1,virtphy-858665df6d-m5jmn,9,1
1782110447,kube-system,coredns-c4dbffb5f-p9rsr,3,28
1782110447,kube-system,local-path-provisioner-5c4dc5d66d-nfqxz,1,16
1782110447,kube-system,metrics-server-786d997795-hcp2m,11,48
1782110447,kube-system,svclb-traefik-1100f998-kpm9h,0,0
1782110447,kube-system,traefik-9bcdbbd9-qtpjt,1,37
1782110449,gsm-1,msc-test-stub-5b875d749d-9f4rq,1,16
1782110449,gsm-1,osmo-bsc-594654bd47-nbzv6,1,5
1782110449,gsm-1,osmo-bts-virtual-5f8b9b86fc-7vzx5,18,8
1782110449,gsm-1,osmo-hlr-546bdb8988-9b4tn,1,2
1782110449,gsm-1,osmo-mgw-8c8fc67d6-vn9j4,1,2
1782110449,gsm-1,osmo-mobile-947867b85-7rhh4,3,28
1782110449,gsm-1,osmo-stp-768687f494-cnb6n,1,2
1782110449,gsm-1,ttcn3-tc-26-6-1-1-1-cqc6r,2,6
1782110449,gsm-1,virtphy-858665df6d-m5jmn,9,1
1782110449,kube-system,coredns-c4dbffb5f-p9rsr,3,28
1782110449,kube-system,local-path-provisioner-5c4dc5d66d-nfqxz,1,16
1782110449,kube-system,metrics-server-786d997795-hcp2m,11,48
1782110449,kube-system,svclb-traefik-1100f998-kpm9h,0,0
1782110449,kube-system,traefik-9bcdbbd9-qtpjt,1,37
1782110452,gsm-1,msc-test-stub-5b875d749d-9f4rq,1,16
1782110452,gsm-1,osmo-bsc-594654bd47-nbzv6,1,5
1782110452,gsm-1,osmo-bts-virtual-5f8b9b86fc-7vzx5,18,8
1782110452,gsm-1,osmo-hlr-546bdb8988-9b4tn,1,2
1782110452,gsm-1,osmo-mgw-8c8fc67d6-vn9j4,1,2
1782110452,gsm-1,osmo-mobile-947867b85-7rhh4,3,28
1782110452,gsm-1,osmo-stp-768687f494-cnb6n,1,2
1782110452,gsm-1,ttcn3-tc-26-6-1-1-1-cqc6r,2,6
1782110452,gsm-1,virtphy-858665df6d-m5jmn,9,1
1782110452,kube-system,coredns-c4dbffb5f-p9rsr,3,28
1782110452,kube-system,local-path-provisioner-5c4dc5d66d-nfqxz,1,16
1782110452,kube-system,metrics-server-786d997795-hcp2m,11,48
1782110452,kube-system,svclb-traefik-1100f998-kpm9h,0,0
1782110452,kube-system,traefik-9bcdbbd9-qtpjt,1,37
1782110454,gsm-1,msc-test-stub-5b875d749d-9f4rq,1,16
1782110454,gsm-1,osmo-bsc-594654bd47-nbzv6,1,5
1782110454,gsm-1,osmo-bts-virtual-5f8b9b86fc-7vzx5,18,8
1782110454,gsm-1,osmo-hlr-546bdb8988-9b4tn,1,2
1782110454,gsm-1,osmo-mgw-8c8fc67d6-vn9j4,1,2
1782110454,gsm-1,osmo-mobile-947867b85-7rhh4,3,28
1782110454,gsm-1,osmo-stp-768687f494-cnb6n,1,2
1782110454,gsm-1,ttcn3-tc-26-6-1-1-1-cqc6r,2,6
1782110454,gsm-1,virtphy-858665df6d-m5jmn,9,1
1782110454,kube-system,coredns-c4dbffb5f-p9rsr,3,28
1782110454,kube-system,local-path-provisioner-5c4dc5d66d-nfqxz,1,16
1782110454,kube-system,metrics-server-786d997795-hcp2m,11,48
1782110454,kube-system,svclb-traefik-1100f998-kpm9h,0,0
1782110454,kube-system,traefik-9bcdbbd9-qtpjt,1,37
1782110456,gsm-1,msc-test-stub-5b875d749d-9f4rq,1,16
1782110456,gsm-1,osmo-bsc-594654bd47-nbzv6,1,5
1782110456,gsm-1,osmo-bts-virtual-5f8b9b86fc-7vzx5,18,8
1782110456,gsm-1,osmo-hlr-546bdb8988-9b4tn,1,2
1782110456,gsm-1,osmo-mgw-8c8fc67d6-vn9j4,1,2
1782110456,gsm-1,osmo-mobile-947867b85-7rhh4,3,28
1782110456,gsm-1,osmo-stp-768687f494-cnb6n,1,2
1782110456,gsm-1,ttcn3-tc-26-6-1-1-1-cqc6r,2,6
1782110456,gsm-1,virtphy-858665df6d-m5jmn,9,1
1782110456,kube-system,coredns-c4dbffb5f-p9rsr,3,28
1782110456,kube-system,local-path-provisioner-5c4dc5d66d-nfqxz,1,16
1782110456,kube-system,metrics-server-786d997795-hcp2m,11,48
1782110456,kube-system,svclb-traefik-1100f998-kpm9h,0,0
1782110456,kube-system,traefik-9bcdbbd9-qtpjt,1,37
1782110458,gsm-1,msc-test-stub-5b875d749d-9f4rq,1,16
1782110458,gsm-1,osmo-bsc-594654bd47-nbzv6,1,5
1782110458,gsm-1,osmo-bts-virtual-5f8b9b86fc-7vzx5,16,7
1782110458,gsm-1,osmo-hlr-546bdb8988-9b4tn,1,2
1782110458,gsm-1,osmo-mgw-8c8fc67d6-vn9j4,1,2
1782110458,gsm-1,osmo-mobile-947867b85-7rhh4,3,28
1782110458,gsm-1,osmo-stp-768687f494-cnb6n,1,2
1782110458,gsm-1,ttcn3-tc-26-6-1-1-1-cqc6r,1,6
1782110458,gsm-1,virtphy-858665df6d-m5jmn,8,1
1782110458,kube-system,coredns-c4dbffb5f-p9rsr,3,28
1782110458,kube-system,local-path-provisioner-5c4dc5d66d-nfqxz,1,16
1782110458,kube-system,metrics-server-786d997795-hcp2m,7,48
1782110458,kube-system,svclb-traefik-1100f998-kpm9h,0,0
1782110458,kube-system,traefik-9bcdbbd9-qtpjt,1,37
1782110460,gsm-1,msc-test-stub-5b875d749d-9f4rq,1,16
1782110460,gsm-1,osmo-bsc-594654bd47-nbzv6,1,5
1782110460,gsm-1,osmo-bts-virtual-5f8b9b86fc-7vzx5,16,7
1782110460,gsm-1,osmo-hlr-546bdb8988-9b4tn,1,2
1782110460,gsm-1,osmo-mgw-8c8fc67d6-vn9j4,1,2
1782110460,gsm-1,osmo-mobile-947867b85-7rhh4,3,28
1782110460,gsm-1,osmo-stp-768687f494-cnb6n,1,2
1782110460,gsm-1,ttcn3-tc-26-6-1-1-1-cqc6r,1,6
1782110460,gsm-1,virtphy-858665df6d-m5jmn,8,1
1782110460,kube-system,coredns-c4dbffb5f-p9rsr,3,28
1782110460,kube-system,local-path-provisioner-5c4dc5d66d-nfqxz,1,16
1782110460,kube-system,metrics-server-786d997795-hcp2m,7,48
1782110460,kube-system,svclb-traefik-1100f998-kpm9h,0,0
1782110460,kube-system,traefik-9bcdbbd9-qtpjt,1,37
1782110462,gsm-1,msc-test-stub-5b875d749d-9f4rq,1,16
1782110462,gsm-1,osmo-bsc-594654bd47-nbzv6,1,5
1782110462,gsm-1,osmo-bts-virtual-5f8b9b86fc-7vzx5,16,7
1782110462,gsm-1,osmo-hlr-546bdb8988-9b4tn,1,2
1782110462,gsm-1,osmo-mgw-8c8fc67d6-vn9j4,1,2
1782110462,gsm-1,osmo-mobile-947867b85-7rhh4,3,28
1782110462,gsm-1,osmo-stp-768687f494-cnb6n,1,2
1782110462,gsm-1,ttcn3-tc-26-6-1-1-1-cqc6r,1,6
1782110462,gsm-1,virtphy-858665df6d-m5jmn,8,1
1782110462,kube-system,coredns-c4dbffb5f-p9rsr,3,28
1782110462,kube-system,local-path-provisioner-5c4dc5d66d-nfqxz,1,16
1782110462,kube-system,metrics-server-786d997795-hcp2m,7,48
1782110462,kube-system,svclb-traefik-1100f998-kpm9h,0,0
1782110462,kube-system,traefik-9bcdbbd9-qtpjt,1,37
1782110464,gsm-1,msc-test-stub-5b875d749d-9f4rq,1,16
1782110464,gsm-1,osmo-bsc-594654bd47-nbzv6,1,5
1782110464,gsm-1,osmo-bts-virtual-5f8b9b86fc-7vzx5,16,7
1782110464,gsm-1,osmo-hlr-546bdb8988-9b4tn,1,2
1782110464,gsm-1,osmo-mgw-8c8fc67d6-vn9j4,1,2
1782110464,gsm-1,osmo-mobile-947867b85-7rhh4,3,28
1782110464,gsm-1,osmo-stp-768687f494-cnb6n,1,2
1782110464,gsm-1,ttcn3-tc-26-6-1-1-1-cqc6r,1,6
1782110464,gsm-1,virtphy-858665df6d-m5jmn,8,1
1782110464,kube-system,coredns-c4dbffb5f-p9rsr,3,28
1782110464,kube-system,local-path-provisioner-5c4dc5d66d-nfqxz,1,16
1782110464,kube-system,metrics-server-786d997795-hcp2m,7,48
1782110464,kube-system,svclb-traefik-1100f998-kpm9h,0,0
1782110464,kube-system,traefik-9bcdbbd9-qtpjt,1,37
1782110466,gsm-1,msc-test-stub-5b875d749d-9f4rq,1,16
1782110466,gsm-1,osmo-bsc-594654bd47-nbzv6,1,5
1782110466,gsm-1,osmo-bts-virtual-5f8b9b86fc-7vzx5,16,7
1782110466,gsm-1,osmo-hlr-546bdb8988-9b4tn,1,2
1782110466,gsm-1,osmo-mgw-8c8fc67d6-vn9j4,1,2
1782110466,gsm-1,osmo-mobile-947867b85-7rhh4,3,28
1782110466,gsm-1,osmo-stp-768687f494-cnb6n,1,2
1782110466,gsm-1,ttcn3-tc-26-6-1-1-1-cqc6r,1,6
1782110466,gsm-1,virtphy-858665df6d-m5jmn,8,1
1782110466,kube-system,coredns-c4dbffb5f-p9rsr,3,28
1782110466,kube-system,local-path-provisioner-5c4dc5d66d-nfqxz,1,16
1782110466,kube-system,metrics-server-786d997795-hcp2m,7,48
1782110466,kube-system,svclb-traefik-1100f998-kpm9h,0,0
1782110466,kube-system,traefik-9bcdbbd9-qtpjt,1,37
1782110469,gsm-1,msc-test-stub-5b875d749d-9f4rq,1,16
1782110469,gsm-1,osmo-bsc-594654bd47-nbzv6,1,5
1782110469,gsm-1,osmo-bts-virtual-5f8b9b86fc-7vzx5,16,7
1782110469,gsm-1,osmo-hlr-546bdb8988-9b4tn,1,2
1782110469,gsm-1,osmo-mgw-8c8fc67d6-vn9j4,1,2
1782110469,gsm-1,osmo-mobile-947867b85-7rhh4,3,28
1782110469,gsm-1,osmo-stp-768687f494-cnb6n,1,2
1782110469,gsm-1,ttcn3-tc-26-6-1-1-1-cqc6r,1,6
1782110469,gsm-1,virtphy-858665df6d-m5jmn,8,1
1782110469,kube-system,coredns-c4dbffb5f-p9rsr,3,28
1782110469,kube-system,local-path-provisioner-5c4dc5d66d-nfqxz,1,16
1782110469,kube-system,metrics-server-786d997795-hcp2m,7,48
1782110469,kube-system,svclb-traefik-1100f998-kpm9h,0,0
1782110469,kube-system,traefik-9bcdbbd9-qtpjt,1,37
1782110471,gsm-1,msc-test-stub-5b875d749d-9f4rq,1,16
1782110471,gsm-1,osmo-bsc-594654bd47-nbzv6,1,5
1782110471,gsm-1,osmo-bts-virtual-5f8b9b86fc-7vzx5,16,7
1782110471,gsm-1,osmo-hlr-546bdb8988-9b4tn,1,2
1782110471,gsm-1,osmo-mgw-8c8fc67d6-vn9j4,1,2
1782110471,gsm-1,osmo-mobile-947867b85-7rhh4,3,28
1782110471,gsm-1,osmo-stp-768687f494-cnb6n,1,2
1782110471,gsm-1,ttcn3-tc-26-6-1-1-1-cqc6r,1,6
1782110471,gsm-1,virtphy-858665df6d-m5jmn,8,1
1782110471,kube-system,coredns-c4dbffb5f-p9rsr,3,28
1782110471,kube-system,local-path-provisioner-5c4dc5d66d-nfqxz,1,16
1782110471,kube-system,metrics-server-786d997795-hcp2m,7,48
1782110471,kube-system,svclb-traefik-1100f998-kpm9h,0,0
1782110471,kube-system,traefik-9bcdbbd9-qtpjt,1,37
1782110473,gsm-1,msc-test-stub-5b875d749d-9f4rq,1,16
1782110473,gsm-1,osmo-bsc-594654bd47-nbzv6,1,5
1782110473,gsm-1,osmo-bts-virtual-5f8b9b86fc-7vzx5,17,6
1782110473,gsm-1,osmo-hlr-546bdb8988-9b4tn,1,2
1782110473,gsm-1,osmo-mgw-8c8fc67d6-vn9j4,1,2
1782110473,gsm-1,osmo-mobile-947867b85-7rhh4,3,28
1782110473,gsm-1,osmo-stp-768687f494-cnb6n,1,2
1782110473,gsm-1,ttcn3-tc-26-6-1-1-1-cqc6r,1,6
1782110473,gsm-1,virtphy-858665df6d-m5jmn,9,1
1782110473,kube-system,coredns-c4dbffb5f-p9rsr,4,28
1782110473,kube-system,local-path-provisioner-5c4dc5d66d-nfqxz,1,16
1782110473,kube-system,metrics-server-786d997795-hcp2m,9,48
1782110473,kube-system,svclb-traefik-1100f998-kpm9h,0,0
1782110473,kube-system,traefik-9bcdbbd9-qtpjt,3,37
1782110475,gsm-1,msc-test-stub-5b875d749d-9f4rq,1,16
1782110475,gsm-1,osmo-bsc-594654bd47-nbzv6,1,5
1782110475,gsm-1,osmo-bts-virtual-5f8b9b86fc-7vzx5,17,6
1782110475,gsm-1,osmo-hlr-546bdb8988-9b4tn,1,2
1782110475,gsm-1,osmo-mgw-8c8fc67d6-vn9j4,1,2
1782110475,gsm-1,osmo-mobile-947867b85-7rhh4,3,28
1782110475,gsm-1,osmo-stp-768687f494-cnb6n,1,2
1782110475,gsm-1,ttcn3-tc-26-6-1-1-1-cqc6r,1,6
1782110475,gsm-1,virtphy-858665df6d-m5jmn,9,1
1782110475,kube-system,coredns-c4dbffb5f-p9rsr,4,28
1782110475,kube-system,local-path-provisioner-5c4dc5d66d-nfqxz,1,16
1782110475,kube-system,metrics-server-786d997795-hcp2m,9,48
1782110475,kube-system,svclb-traefik-1100f998-kpm9h,0,0
1782110475,kube-system,traefik-9bcdbbd9-qtpjt,3,37
1782110477,gsm-1,msc-test-stub-5b875d749d-9f4rq,1,16
1782110477,gsm-1,osmo-bsc-594654bd47-nbzv6,1,5
1782110477,gsm-1,osmo-bts-virtual-5f8b9b86fc-7vzx5,17,6
1782110477,gsm-1,osmo-hlr-546bdb8988-9b4tn,1,2
1782110477,gsm-1,osmo-mgw-8c8fc67d6-vn9j4,1,2
1782110477,gsm-1,osmo-mobile-947867b85-7rhh4,3,28
1782110477,gsm-1,osmo-stp-768687f494-cnb6n,1,2
1782110477,gsm-1,ttcn3-tc-26-6-1-1-1-cqc6r,1,6
1782110477,gsm-1,virtphy-858665df6d-m5jmn,9,1
1782110477,kube-system,coredns-c4dbffb5f-p9rsr,4,28
1782110477,kube-system,local-path-provisioner-5c4dc5d66d-nfqxz,1,16
1782110477,kube-system,metrics-server-786d997795-hcp2m,9,48
1782110477,kube-system,svclb-traefik-1100f998-kpm9h,0,0
1782110477,kube-system,traefik-9bcdbbd9-qtpjt,3,37
1782110479,gsm-1,msc-test-stub-5b875d749d-9f4rq,1,16
1782110479,gsm-1,osmo-bsc-594654bd47-nbzv6,1,5
1782110479,gsm-1,osmo-bts-virtual-5f8b9b86fc-7vzx5,17,6
1782110479,gsm-1,osmo-hlr-546bdb8988-9b4tn,1,2
1782110479,gsm-1,osmo-mgw-8c8fc67d6-vn9j4,1,2
1782110479,gsm-1,osmo-mobile-947867b85-7rhh4,3,28
1782110479,gsm-1,osmo-stp-768687f494-cnb6n,1,2
1782110479,gsm-1,ttcn3-tc-26-6-1-1-1-cqc6r,1,6
1782110479,gsm-1,virtphy-858665df6d-m5jmn,9,1
1782110479,kube-system,coredns-c4dbffb5f-p9rsr,4,28
1782110479,kube-system,local-path-provisioner-5c4dc5d66d-nfqxz,1,16
1782110479,kube-system,metrics-server-786d997795-hcp2m,9,48
1782110479,kube-system,svclb-traefik-1100f998-kpm9h,0,0
1782110479,kube-system,traefik-9bcdbbd9-qtpjt,3,37
1782110481,gsm-1,msc-test-stub-5b875d749d-9f4rq,1,16
1782110481,gsm-1,osmo-bsc-594654bd47-nbzv6,1,5
1782110481,gsm-1,osmo-bts-virtual-5f8b9b86fc-7vzx5,17,6
1782110481,gsm-1,osmo-hlr-546bdb8988-9b4tn,1,2
1782110481,gsm-1,osmo-mgw-8c8fc67d6-vn9j4,1,2
1782110481,gsm-1,osmo-mobile-947867b85-7rhh4,3,28
1782110481,gsm-1,osmo-stp-768687f494-cnb6n,1,2
1782110481,gsm-1,ttcn3-tc-26-6-1-1-1-cqc6r,1,6
1782110481,gsm-1,virtphy-858665df6d-m5jmn,9,1
1782110481,kube-system,coredns-c4dbffb5f-p9rsr,4,28
1782110481,kube-system,local-path-provisioner-5c4dc5d66d-nfqxz,1,16
1782110481,kube-system,metrics-server-786d997795-hcp2m,9,48
1782110481,kube-system,svclb-traefik-1100f998-kpm9h,0,0
1782110481,kube-system,traefik-9bcdbbd9-qtpjt,3,37
1782110483,gsm-1,msc-test-stub-5b875d749d-9f4rq,1,16
1782110483,gsm-1,osmo-bsc-594654bd47-nbzv6,1,5
1782110483,gsm-1,osmo-bts-virtual-5f8b9b86fc-7vzx5,17,6
1782110483,gsm-1,osmo-hlr-546bdb8988-9b4tn,1,2
1782110483,gsm-1,osmo-mgw-8c8fc67d6-vn9j4,1,2
1782110483,gsm-1,osmo-mobile-947867b85-7rhh4,3,28
1782110483,gsm-1,osmo-stp-768687f494-cnb6n,1,2
1782110483,gsm-1,ttcn3-tc-26-6-1-1-1-cqc6r,1,6
1782110483,gsm-1,virtphy-858665df6d-m5jmn,9,1
1782110483,kube-system,coredns-c4dbffb5f-p9rsr,4,28
1782110483,kube-system,local-path-provisioner-5c4dc5d66d-nfqxz,1,16
1782110483,kube-system,metrics-server-786d997795-hcp2m,9,48
1782110483,kube-system,svclb-traefik-1100f998-kpm9h,0,0
1782110483,kube-system,traefik-9bcdbbd9-qtpjt,3,37
1782110485,gsm-1,msc-test-stub-5b875d749d-9f4rq,1,16
1782110485,gsm-1,osmo-bsc-594654bd47-nbzv6,1,5
1782110485,gsm-1,osmo-bts-virtual-5f8b9b86fc-7vzx5,17,6
1782110485,gsm-1,osmo-hlr-546bdb8988-9b4tn,1,2
1782110485,gsm-1,osmo-mgw-8c8fc67d6-vn9j4,1,2
1782110485,gsm-1,osmo-mobile-947867b85-7rhh4,3,28
1782110485,gsm-1,osmo-stp-768687f494-cnb6n,1,2
1782110485,gsm-1,ttcn3-tc-26-6-1-1-1-cqc6r,1,6
1782110485,gsm-1,virtphy-858665df6d-m5jmn,9,1
1782110485,kube-system,coredns-c4dbffb5f-p9rsr,4,28
1782110485,kube-system,local-path-provisioner-5c4dc5d66d-nfqxz,1,16
1782110485,kube-system,metrics-server-786d997795-hcp2m,9,48
1782110485,kube-system,svclb-traefik-1100f998-kpm9h,0,0
1782110485,kube-system,traefik-9bcdbbd9-qtpjt,3,37
1782110487,gsm-1,msc-test-stub-5b875d749d-9f4rq,1,16
1782110487,gsm-1,osmo-bsc-594654bd47-nbzv6,1,5
1782110487,gsm-1,osmo-bts-virtual-5f8b9b86fc-7vzx5,16,8
1782110487,gsm-1,osmo-hlr-546bdb8988-9b4tn,1,2
1782110487,gsm-1,osmo-mgw-8c8fc67d6-vn9j4,1,2
1782110487,gsm-1,osmo-mobile-947867b85-7rhh4,3,28
1782110487,gsm-1,osmo-stp-768687f494-cnb6n,1,2
1782110487,gsm-1,ttcn3-tc-26-6-1-1-1-cqc6r,1,6
1782110487,gsm-1,virtphy-858665df6d-m5jmn,9,1
1782110487,kube-system,coredns-c4dbffb5f-p9rsr,3,28
1782110487,kube-system,local-path-provisioner-5c4dc5d66d-nfqxz,1,16
1782110487,kube-system,metrics-server-786d997795-hcp2m,11,48
1782110487,kube-system,svclb-traefik-1100f998-kpm9h,0,0
1782110487,kube-system,traefik-9bcdbbd9-qtpjt,1,37
1782110490,gsm-1,msc-test-stub-5b875d749d-9f4rq,1,16
1782110490,gsm-1,osmo-bsc-594654bd47-nbzv6,1,5
1782110490,gsm-1,osmo-bts-virtual-5f8b9b86fc-7vzx5,16,8
1782110490,gsm-1,osmo-hlr-546bdb8988-9b4tn,1,2
1782110490,gsm-1,osmo-mgw-8c8fc67d6-vn9j4,1,2
1782110490,gsm-1,osmo-mobile-947867b85-7rhh4,3,28
1782110490,gsm-1,osmo-stp-768687f494-cnb6n,1,2
1782110490,gsm-1,ttcn3-tc-26-6-1-1-1-cqc6r,1,6
1782110490,gsm-1,virtphy-858665df6d-m5jmn,9,1
1782110490,kube-system,coredns-c4dbffb5f-p9rsr,3,28
1782110490,kube-system,local-path-provisioner-5c4dc5d66d-nfqxz,1,16
1782110490,kube-system,metrics-server-786d997795-hcp2m,11,48
1782110490,kube-system,svclb-traefik-1100f998-kpm9h,0,0
1782110490,kube-system,traefik-9bcdbbd9-qtpjt,1,37
1782110492,gsm-1,msc-test-stub-5b875d749d-9f4rq,1,16
1782110492,gsm-1,osmo-bsc-594654bd47-nbzv6,1,5
1782110492,gsm-1,osmo-bts-virtual-5f8b9b86fc-7vzx5,16,8
1782110492,gsm-1,osmo-hlr-546bdb8988-9b4tn,1,2
1782110492,gsm-1,osmo-mgw-8c8fc67d6-vn9j4,1,2
1782110492,gsm-1,osmo-mobile-947867b85-7rhh4,3,28
1782110492,gsm-1,osmo-stp-768687f494-cnb6n,1,2
1782110492,gsm-1,ttcn3-tc-26-6-1-1-1-cqc6r,1,6
1782110492,gsm-1,virtphy-858665df6d-m5jmn,9,1
1782110492,kube-system,coredns-c4dbffb5f-p9rsr,3,28
1782110492,kube-system,local-path-provisioner-5c4dc5d66d-nfqxz,1,16
1782110492,kube-system,metrics-server-786d997795-hcp2m,11,48
1782110492,kube-system,svclb-traefik-1100f998-kpm9h,0,0
1782110492,kube-system,traefik-9bcdbbd9-qtpjt,1,37
1782110494,gsm-1,msc-test-stub-5b875d749d-9f4rq,1,16
1782110494,gsm-1,osmo-bsc-594654bd47-nbzv6,1,5
1782110494,gsm-1,osmo-bts-virtual-5f8b9b86fc-7vzx5,16,8
1782110494,gsm-1,osmo-hlr-546bdb8988-9b4tn,1,2
1782110494,gsm-1,osmo-mgw-8c8fc67d6-vn9j4,1,2
1782110494,gsm-1,osmo-mobile-947867b85-7rhh4,3,28
1782110494,gsm-1,osmo-stp-768687f494-cnb6n,1,2
1782110494,gsm-1,ttcn3-tc-26-6-1-1-1-cqc6r,1,6
1782110494,gsm-1,virtphy-858665df6d-m5jmn,9,1
1782110494,kube-system,coredns-c4dbffb5f-p9rsr,3,28
1782110494,kube-system,local-path-provisioner-5c4dc5d66d-nfqxz,1,16
1782110494,kube-system,metrics-server-786d997795-hcp2m,11,48
1782110494,kube-system,svclb-traefik-1100f998-kpm9h,0,0
1782110494,kube-system,traefik-9bcdbbd9-qtpjt,1,37
1782110496,gsm-1,msc-test-stub-5b875d749d-9f4rq,1,16
1782110496,gsm-1,osmo-bsc-594654bd47-nbzv6,1,5
1782110496,gsm-1,osmo-bts-virtual-5f8b9b86fc-7vzx5,16,8
1782110496,gsm-1,osmo-hlr-546bdb8988-9b4tn,1,2
1782110496,gsm-1,osmo-mgw-8c8fc67d6-vn9j4,1,2
1782110496,gsm-1,osmo-mobile-947867b85-7rhh4,3,28
1782110496,gsm-1,osmo-stp-768687f494-cnb6n,1,2
1782110496,gsm-1,ttcn3-tc-26-6-1-1-1-cqc6r,1,6
1782110496,gsm-1,virtphy-858665df6d-m5jmn,9,1
1782110496,kube-system,coredns-c4dbffb5f-p9rsr,3,28
1782110496,kube-system,local-path-provisioner-5c4dc5d66d-nfqxz,1,16
1782110496,kube-system,metrics-server-786d997795-hcp2m,11,48
1782110496,kube-system,svclb-traefik-1100f998-kpm9h,0,0
1782110496,kube-system,traefik-9bcdbbd9-qtpjt,1,37
1782110498,gsm-1,msc-test-stub-5b875d749d-9f4rq,1,16
1782110498,gsm-1,osmo-bsc-594654bd47-nbzv6,1,5
1782110498,gsm-1,osmo-bts-virtual-5f8b9b86fc-7vzx5,16,8
1782110498,gsm-1,osmo-hlr-546bdb8988-9b4tn,1,2
1782110498,gsm-1,osmo-mgw-8c8fc67d6-vn9j4,1,2
1782110498,gsm-1,osmo-mobile-947867b85-7rhh4,3,28
1782110498,gsm-1,osmo-stp-768687f494-cnb6n,1,2
1782110498,gsm-1,ttcn3-tc-26-6-1-1-1-cqc6r,1,6
1782110498,gsm-1,virtphy-858665df6d-m5jmn,9,1
1782110498,kube-system,coredns-c4dbffb5f-p9rsr,3,28
1782110498,kube-system,local-path-provisioner-5c4dc5d66d-nfqxz,1,16
1782110498,kube-system,metrics-server-786d997795-hcp2m,11,48
1782110498,kube-system,svclb-traefik-1100f998-kpm9h,0,0
1782110498,kube-system,traefik-9bcdbbd9-qtpjt,1,37
1782110500,gsm-1,msc-test-stub-5b875d749d-9f4rq,1,16
1782110500,gsm-1,osmo-bsc-594654bd47-nbzv6,1,5
1782110500,gsm-1,osmo-bts-virtual-5f8b9b86fc-7vzx5,16,8
1782110500,gsm-1,osmo-hlr-546bdb8988-9b4tn,1,2
1782110500,gsm-1,osmo-mgw-8c8fc67d6-vn9j4,1,2
1782110500,gsm-1,osmo-mobile-947867b85-7rhh4,3,28
1782110500,gsm-1,osmo-stp-768687f494-cnb6n,1,2
1782110500,gsm-1,ttcn3-tc-26-6-1-1-1-cqc6r,1,6
1782110500,gsm-1,virtphy-858665df6d-m5jmn,9,1
1782110500,kube-system,coredns-c4dbffb5f-p9rsr,3,28
1782110500,kube-system,local-path-provisioner-5c4dc5d66d-nfqxz,1,16
1782110500,kube-system,metrics-server-786d997795-hcp2m,11,48
1782110500,kube-system,svclb-traefik-1100f998-kpm9h,0,0
1782110500,kube-system,traefik-9bcdbbd9-qtpjt,1,37
1782110503,gsm-1,msc-test-stub-5b875d749d-9f4rq,1,16
1782110503,gsm-1,osmo-bsc-594654bd47-nbzv6,1,5
1782110503,gsm-1,osmo-bts-virtual-5f8b9b86fc-7vzx5,17,6
1782110503,gsm-1,osmo-hlr-546bdb8988-9b4tn,1,2
1782110503,gsm-1,osmo-mgw-8c8fc67d6-vn9j4,1,2
1782110503,gsm-1,osmo-mobile-947867b85-7rhh4,3,28
1782110503,gsm-1,osmo-stp-768687f494-cnb6n,1,2
1782110503,gsm-1,ttcn3-tc-26-6-1-1-1-cqc6r,1,6
1782110503,gsm-1,virtphy-858665df6d-m5jmn,8,1
1782110503,kube-system,coredns-c4dbffb5f-p9rsr,3,28
1782110503,kube-system,local-path-provisioner-5c4dc5d66d-nfqxz,1,16
1782110503,kube-system,metrics-server-786d997795-hcp2m,8,48
1782110503,kube-system,svclb-traefik-1100f998-kpm9h,0,0
1782110503,kube-system,traefik-9bcdbbd9-qtpjt,1,37
1782110506,gsm-1,msc-test-stub-5b875d749d-9f4rq,1,16
1782110506,gsm-1,osmo-bsc-594654bd47-nbzv6,1,5
1782110506,gsm-1,osmo-bts-virtual-5f8b9b86fc-7vzx5,17,6
1782110506,gsm-1,osmo-hlr-546bdb8988-9b4tn,1,2
1782110506,gsm-1,osmo-mgw-8c8fc67d6-vn9j4,1,2
1782110506,gsm-1,osmo-mobile-947867b85-7rhh4,3,28
1782110506,gsm-1,osmo-stp-768687f494-cnb6n,1,2
1782110506,gsm-1,ttcn3-tc-26-6-1-1-1-cqc6r,1,6
1782110506,gsm-1,virtphy-858665df6d-m5jmn,8,1
1782110506,kube-system,coredns-c4dbffb5f-p9rsr,3,28
1782110506,kube-system,local-path-provisioner-5c4dc5d66d-nfqxz,1,16
1782110506,kube-system,metrics-server-786d997795-hcp2m,8,48
1782110506,kube-system,svclb-traefik-1100f998-kpm9h,0,0
1782110506,kube-system,traefik-9bcdbbd9-qtpjt,1,37
1782110508,gsm-1,msc-test-stub-5b875d749d-9f4rq,1,16
1782110508,gsm-1,osmo-bsc-594654bd47-nbzv6,1,5
1782110508,gsm-1,osmo-bts-virtual-5f8b9b86fc-7vzx5,17,6
1782110508,gsm-1,osmo-hlr-546bdb8988-9b4tn,1,2
1782110508,gsm-1,osmo-mgw-8c8fc67d6-vn9j4,1,2
1782110508,gsm-1,osmo-mobile-947867b85-7rhh4,3,28
1782110508,gsm-1,osmo-stp-768687f494-cnb6n,1,2
1782110508,gsm-1,ttcn3-tc-26-6-1-1-1-cqc6r,1,6
1782110508,gsm-1,virtphy-858665df6d-m5jmn,8,1
1782110508,kube-system,coredns-c4dbffb5f-p9rsr,3,28
1782110508,kube-system,local-path-provisioner-5c4dc5d66d-nfqxz,1,16
1782110508,kube-system,metrics-server-786d997795-hcp2m,8,48
1782110508,kube-system,svclb-traefik-1100f998-kpm9h,0,0
1782110508,kube-system,traefik-9bcdbbd9-qtpjt,1,37
1782110510,gsm-1,msc-test-stub-5b875d749d-9f4rq,1,16
1782110510,gsm-1,osmo-bsc-594654bd47-nbzv6,1,5
1782110510,gsm-1,osmo-bts-virtual-5f8b9b86fc-7vzx5,17,6
1782110510,gsm-1,osmo-hlr-546bdb8988-9b4tn,1,2
1782110510,gsm-1,osmo-mgw-8c8fc67d6-vn9j4,1,2
1782110510,gsm-1,osmo-mobile-947867b85-7rhh4,3,28
1782110510,gsm-1,osmo-stp-768687f494-cnb6n,1,2
1782110510,gsm-1,ttcn3-tc-26-6-1-1-1-cqc6r,1,6
1782110510,gsm-1,virtphy-858665df6d-m5jmn,8,1
1782110510,kube-system,coredns-c4dbffb5f-p9rsr,3,28
1782110510,kube-system,local-path-provisioner-5c4dc5d66d-nfqxz,1,16
1782110510,kube-system,metrics-server-786d997795-hcp2m,8,48
1782110510,kube-system,svclb-traefik-1100f998-kpm9h,0,0
1782110510,kube-system,traefik-9bcdbbd9-qtpjt,1,37
1782110512,gsm-1,msc-test-stub-5b875d749d-9f4rq,1,16
1782110512,gsm-1,osmo-bsc-594654bd47-nbzv6,1,5
1782110512,gsm-1,osmo-bts-virtual-5f8b9b86fc-7vzx5,17,6
1782110512,gsm-1,osmo-hlr-546bdb8988-9b4tn,1,2
1782110512,gsm-1,osmo-mgw-8c8fc67d6-vn9j4,1,2
1782110512,gsm-1,osmo-mobile-947867b85-7rhh4,3,28
1782110512,gsm-1,osmo-stp-768687f494-cnb6n,1,2
1782110512,gsm-1,ttcn3-tc-26-6-1-1-1-cqc6r,1,6
1782110512,gsm-1,virtphy-858665df6d-m5jmn,8,1
1782110512,kube-system,coredns-c4dbffb5f-p9rsr,3,28
1782110512,kube-system,local-path-provisioner-5c4dc5d66d-nfqxz,1,16
1782110512,kube-system,metrics-server-786d997795-hcp2m,8,48
1782110512,kube-system,svclb-traefik-1100f998-kpm9h,0,0
1782110512,kube-system,traefik-9bcdbbd9-qtpjt,1,37
1782110515,gsm-1,msc-test-stub-5b875d749d-9f4rq,1,16
1782110515,gsm-1,osmo-bsc-594654bd47-nbzv6,1,5
1782110515,gsm-1,osmo-bts-virtual-5f8b9b86fc-7vzx5,17,6
1782110515,gsm-1,osmo-hlr-546bdb8988-9b4tn,1,2
1782110515,gsm-1,osmo-mgw-8c8fc67d6-vn9j4,1,2
1782110515,gsm-1,osmo-mobile-947867b85-7rhh4,3,28
1782110515,gsm-1,osmo-stp-768687f494-cnb6n,1,2
1782110515,gsm-1,ttcn3-tc-26-6-1-1-1-cqc6r,1,6
1782110515,gsm-1,virtphy-858665df6d-m5jmn,8,1
1782110515,kube-system,coredns-c4dbffb5f-p9rsr,3,28
1782110515,kube-system,local-path-provisioner-5c4dc5d66d-nfqxz,1,16
1782110515,kube-system,metrics-server-786d997795-hcp2m,8,48
1782110515,kube-system,svclb-traefik-1100f998-kpm9h,0,0
1782110515,kube-system,traefik-9bcdbbd9-qtpjt,1,37
1782110518,gsm-1,msc-test-stub-5b875d749d-9f4rq,1,16
1782110518,gsm-1,osmo-bsc-594654bd47-nbzv6,1,5
1782110518,gsm-1,osmo-bts-virtual-5f8b9b86fc-7vzx5,16,5
1782110518,gsm-1,osmo-hlr-546bdb8988-9b4tn,1,2
1782110518,gsm-1,osmo-mgw-8c8fc67d6-vn9j4,1,2
1782110518,gsm-1,osmo-mobile-947867b85-7rhh4,3,28
1782110518,gsm-1,osmo-stp-768687f494-cnb6n,1,2
1782110518,gsm-1,ttcn3-tc-26-6-1-1-1-cqc6r,1,6
1782110518,gsm-1,virtphy-858665df6d-m5jmn,9,1
1782110518,kube-system,coredns-c4dbffb5f-p9rsr,3,28
1782110518,kube-system,local-path-provisioner-5c4dc5d66d-nfqxz,1,16
1782110518,kube-system,metrics-server-786d997795-hcp2m,8,48
1782110518,kube-system,svclb-traefik-1100f998-kpm9h,0,0
1782110518,kube-system,traefik-9bcdbbd9-qtpjt,1,37
1782110521,gsm-1,msc-test-stub-5b875d749d-9f4rq,1,16
1782110521,gsm-1,osmo-bsc-594654bd47-nbzv6,1,5
1782110521,gsm-1,osmo-bts-virtual-5f8b9b86fc-7vzx5,16,5
1782110521,gsm-1,osmo-hlr-546bdb8988-9b4tn,1,2
1782110521,gsm-1,osmo-mgw-8c8fc67d6-vn9j4,1,2
1782110521,gsm-1,osmo-mobile-947867b85-7rhh4,3,28
1782110521,gsm-1,osmo-stp-768687f494-cnb6n,1,2
1782110521,gsm-1,ttcn3-tc-26-6-1-1-1-cqc6r,1,6
1782110521,gsm-1,virtphy-858665df6d-m5jmn,9,1
1782110521,kube-system,coredns-c4dbffb5f-p9rsr,3,28
1782110521,kube-system,local-path-provisioner-5c4dc5d66d-nfqxz,1,16
1782110521,kube-system,metrics-server-786d997795-hcp2m,8,48
1782110521,kube-system,svclb-traefik-1100f998-kpm9h,0,0
1782110521,kube-system,traefik-9bcdbbd9-qtpjt,1,37
1782110523,gsm-1,msc-test-stub-5b875d749d-9f4rq,1,16
1782110523,gsm-1,osmo-bsc-594654bd47-nbzv6,1,5
1782110523,gsm-1,osmo-bts-virtual-5f8b9b86fc-7vzx5,16,5
1782110523,gsm-1,osmo-hlr-546bdb8988-9b4tn,1,2
1782110523,gsm-1,osmo-mgw-8c8fc67d6-vn9j4,1,2
1782110523,gsm-1,osmo-mobile-947867b85-7rhh4,3,28
1782110523,gsm-1,osmo-stp-768687f494-cnb6n,1,2
1782110523,gsm-1,ttcn3-tc-26-6-1-1-1-cqc6r,1,6
1782110523,gsm-1,virtphy-858665df6d-m5jmn,9,1
1782110523,kube-system,coredns-c4dbffb5f-p9rsr,3,28
1782110523,kube-system,local-path-provisioner-5c4dc5d66d-nfqxz,1,16
1782110523,kube-system,metrics-server-786d997795-hcp2m,8,48
1782110523,kube-system,svclb-traefik-1100f998-kpm9h,0,0
1782110523,kube-system,traefik-9bcdbbd9-qtpjt,1,37
1782110525,gsm-1,msc-test-stub-5b875d749d-9f4rq,1,16
1782110525,gsm-1,osmo-bsc-594654bd47-nbzv6,1,5
1782110525,gsm-1,osmo-bts-virtual-5f8b9b86fc-7vzx5,16,5
1782110525,gsm-1,osmo-hlr-546bdb8988-9b4tn,1,2
1782110525,gsm-1,osmo-mgw-8c8fc67d6-vn9j4,1,2
1782110525,gsm-1,osmo-mobile-947867b85-7rhh4,3,28
1782110525,gsm-1,osmo-stp-768687f494-cnb6n,1,2
1782110525,gsm-1,ttcn3-tc-26-6-1-1-1-cqc6r,1,6
1782110525,gsm-1,virtphy-858665df6d-m5jmn,9,1
1782110525,kube-system,coredns-c4dbffb5f-p9rsr,3,28
1782110525,kube-system,local-path-provisioner-5c4dc5d66d-nfqxz,1,16
1782110525,kube-system,metrics-server-786d997795-hcp2m,8,48
1782110525,kube-system,svclb-traefik-1100f998-kpm9h,0,0
1782110525,kube-system,traefik-9bcdbbd9-qtpjt,1,37
1782110527,gsm-1,msc-test-stub-5b875d749d-9f4rq,1,16
1782110527,gsm-1,osmo-bsc-594654bd47-nbzv6,1,5
1782110527,gsm-1,osmo-bts-virtual-5f8b9b86fc-7vzx5,16,5
1782110527,gsm-1,osmo-hlr-546bdb8988-9b4tn,1,2
1782110527,gsm-1,osmo-mgw-8c8fc67d6-vn9j4,1,2
1782110527,gsm-1,osmo-mobile-947867b85-7rhh4,3,28
1782110527,gsm-1,osmo-stp-768687f494-cnb6n,1,2
1782110527,gsm-1,ttcn3-tc-26-6-1-1-1-cqc6r,1,6
1782110527,gsm-1,virtphy-858665df6d-m5jmn,9,1
1782110527,kube-system,coredns-c4dbffb5f-p9rsr,3,28
1782110527,kube-system,local-path-provisioner-5c4dc5d66d-nfqxz,1,16
1782110527,kube-system,metrics-server-786d997795-hcp2m,8,48
1782110527,kube-system,svclb-traefik-1100f998-kpm9h,0,0
1782110527,kube-system,traefik-9bcdbbd9-qtpjt,1,37
1782110530,gsm-1,msc-test-stub-5b875d749d-9f4rq,1,16
1782110530,gsm-1,osmo-bsc-594654bd47-nbzv6,1,5
1782110530,gsm-1,osmo-bts-virtual-5f8b9b86fc-7vzx5,16,5
1782110530,gsm-1,osmo-hlr-546bdb8988-9b4tn,1,2
1782110530,gsm-1,osmo-mgw-8c8fc67d6-vn9j4,1,2
1782110530,gsm-1,osmo-mobile-947867b85-7rhh4,3,28
1782110530,gsm-1,osmo-stp-768687f494-cnb6n,1,2
1782110530,gsm-1,ttcn3-tc-26-6-1-1-1-cqc6r,1,6
1782110530,gsm-1,virtphy-858665df6d-m5jmn,9,1
1782110530,kube-system,coredns-c4dbffb5f-p9rsr,3,28
1782110530,kube-system,local-path-provisioner-5c4dc5d66d-nfqxz,1,16
1782110530,kube-system,metrics-server-786d997795-hcp2m,8,48
1782110530,kube-system,svclb-traefik-1100f998-kpm9h,0,0
1782110530,kube-system,traefik-9bcdbbd9-qtpjt,1,37
1782110532,gsm-1,msc-test-stub-5b875d749d-9f4rq,1,16
1782110532,gsm-1,osmo-bsc-594654bd47-nbzv6,1,5
1782110532,gsm-1,osmo-bts-virtual-5f8b9b86fc-7vzx5,16,5
1782110532,gsm-1,osmo-hlr-546bdb8988-9b4tn,1,2
1782110532,gsm-1,osmo-mgw-8c8fc67d6-vn9j4,1,2
1782110532,gsm-1,osmo-mobile-947867b85-7rhh4,3,28
1782110532,gsm-1,osmo-stp-768687f494-cnb6n,1,2
1782110532,gsm-1,ttcn3-tc-26-6-1-1-1-cqc6r,1,6
1782110532,gsm-1,virtphy-858665df6d-m5jmn,9,1
1782110532,kube-system,coredns-c4dbffb5f-p9rsr,3,28
1782110532,kube-system,local-path-provisioner-5c4dc5d66d-nfqxz,1,16
1782110532,kube-system,metrics-server-786d997795-hcp2m,8,48
1782110532,kube-system,svclb-traefik-1100f998-kpm9h,0,0
1782110532,kube-system,traefik-9bcdbbd9-qtpjt,1,37
1782110534,gsm-1,msc-test-stub-5b875d749d-9f4rq,1,16
1782110534,gsm-1,osmo-bsc-594654bd47-nbzv6,1,5
1782110534,gsm-1,osmo-bts-virtual-5f8b9b86fc-7vzx5,16,5
1782110534,gsm-1,osmo-hlr-546bdb8988-9b4tn,1,2
1782110534,gsm-1,osmo-mgw-8c8fc67d6-vn9j4,1,2
1782110534,gsm-1,osmo-mobile-947867b85-7rhh4,5,30
1782110534,gsm-1,osmo-stp-768687f494-cnb6n,1,2
1782110534,gsm-1,ttcn3-tc-26-6-1-1-1-cqc6r,1,6
1782110534,gsm-1,virtphy-858665df6d-m5jmn,9,4
1782110534,kube-system,coredns-c4dbffb5f-p9rsr,3,28
1782110534,kube-system,local-path-provisioner-5c4dc5d66d-nfqxz,1,16
1782110534,kube-system,metrics-server-786d997795-hcp2m,10,48
1782110534,kube-system,svclb-traefik-1100f998-kpm9h,0,0
1782110534,kube-system,traefik-9bcdbbd9-qtpjt,1,37
1782110536,gsm-1,msc-test-stub-5b875d749d-9f4rq,1,16
1782110536,gsm-1,osmo-bsc-594654bd47-nbzv6,1,5
1782110536,gsm-1,osmo-bts-virtual-5f8b9b86fc-7vzx5,16,5
1782110536,gsm-1,osmo-hlr-546bdb8988-9b4tn,1,2
1782110536,gsm-1,osmo-mgw-8c8fc67d6-vn9j4,1,2
1782110536,gsm-1,osmo-mobile-947867b85-7rhh4,5,30
1782110536,gsm-1,osmo-stp-768687f494-cnb6n,1,2
1782110536,gsm-1,ttcn3-tc-26-6-1-1-1-cqc6r,1,6
1782110536,gsm-1,virtphy-858665df6d-m5jmn,9,4
1782110536,kube-system,coredns-c4dbffb5f-p9rsr,3,28
1782110536,kube-system,local-path-provisioner-5c4dc5d66d-nfqxz,1,16
1782110536,kube-system,metrics-server-786d997795-hcp2m,10,48
1782110536,kube-system,svclb-traefik-1100f998-kpm9h,0,0
1782110536,kube-system,traefik-9bcdbbd9-qtpjt,1,37
1782110539,gsm-1,msc-test-stub-5b875d749d-9f4rq,1,16
1782110539,gsm-1,osmo-bsc-594654bd47-nbzv6,1,5
1782110539,gsm-1,osmo-bts-virtual-5f8b9b86fc-7vzx5,16,5
1782110539,gsm-1,osmo-hlr-546bdb8988-9b4tn,1,2
1782110539,gsm-1,osmo-mgw-8c8fc67d6-vn9j4,1,2
1782110539,gsm-1,osmo-mobile-947867b85-7rhh4,5,30
1782110539,gsm-1,osmo-stp-768687f494-cnb6n,1,2
1782110539,gsm-1,ttcn3-tc-26-6-1-1-1-cqc6r,1,6
1782110539,gsm-1,virtphy-858665df6d-m5jmn,9,4
1782110539,kube-system,coredns-c4dbffb5f-p9rsr,3,28
1782110539,kube-system,local-path-provisioner-5c4dc5d66d-nfqxz,1,16
1782110539,kube-system,metrics-server-786d997795-hcp2m,10,48
1782110539,kube-system,svclb-traefik-1100f998-kpm9h,0,0
1782110539,kube-system,traefik-9bcdbbd9-qtpjt,1,37
1782110541,gsm-1,msc-test-stub-5b875d749d-9f4rq,1,16
1782110541,gsm-1,osmo-bsc-594654bd47-nbzv6,1,5
1782110541,gsm-1,osmo-bts-virtual-5f8b9b86fc-7vzx5,16,5
1782110541,gsm-1,osmo-hlr-546bdb8988-9b4tn,1,2
1782110541,gsm-1,osmo-mgw-8c8fc67d6-vn9j4,1,2
1782110541,gsm-1,osmo-mobile-947867b85-7rhh4,5,30
1782110541,gsm-1,osmo-stp-768687f494-cnb6n,1,2
1782110541,gsm-1,ttcn3-tc-26-6-1-1-1-cqc6r,1,6
1782110541,gsm-1,virtphy-858665df6d-m5jmn,9,4
1782110541,kube-system,coredns-c4dbffb5f-p9rsr,3,28
1782110541,kube-system,local-path-provisioner-5c4dc5d66d-nfqxz,1,16
1782110541,kube-system,metrics-server-786d997795-hcp2m,10,48
1782110541,kube-system,svclb-traefik-1100f998-kpm9h,0,0
1782110541,kube-system,traefik-9bcdbbd9-qtpjt,1,37
1782110543,gsm-1,msc-test-stub-5b875d749d-9f4rq,1,16
1782110543,gsm-1,osmo-bsc-594654bd47-nbzv6,1,5
1782110543,gsm-1,osmo-bts-virtual-5f8b9b86fc-7vzx5,16,5
1782110543,gsm-1,osmo-hlr-546bdb8988-9b4tn,1,2
1782110543,gsm-1,osmo-mgw-8c8fc67d6-vn9j4,1,2
1782110543,gsm-1,osmo-mobile-947867b85-7rhh4,5,30
1782110543,gsm-1,osmo-stp-768687f494-cnb6n,1,2
1782110543,gsm-1,ttcn3-tc-26-6-1-1-1-cqc6r,1,6
1782110543,gsm-1,virtphy-858665df6d-m5jmn,9,4
1782110543,kube-system,coredns-c4dbffb5f-p9rsr,3,28
1782110543,kube-system,local-path-provisioner-5c4dc5d66d-nfqxz,1,16
1782110543,kube-system,metrics-server-786d997795-hcp2m,10,48
1782110543,kube-system,svclb-traefik-1100f998-kpm9h,0,0
1782110543,kube-system,traefik-9bcdbbd9-qtpjt,1,37
1782110545,gsm-1,msc-test-stub-5b875d749d-9f4rq,1,16
1782110545,gsm-1,osmo-bsc-594654bd47-nbzv6,1,5
1782110545,gsm-1,osmo-bts-virtual-5f8b9b86fc-7vzx5,16,5
1782110545,gsm-1,osmo-hlr-546bdb8988-9b4tn,1,2
1782110545,gsm-1,osmo-mgw-8c8fc67d6-vn9j4,1,2
1782110545,gsm-1,osmo-mobile-947867b85-7rhh4,5,30
1782110545,gsm-1,osmo-stp-768687f494-cnb6n,1,2
1782110545,gsm-1,ttcn3-tc-26-6-1-1-1-cqc6r,1,6
1782110545,gsm-1,virtphy-858665df6d-m5jmn,9,4
1782110545,kube-system,coredns-c4dbffb5f-p9rsr,3,28
1782110545,kube-system,local-path-provisioner-5c4dc5d66d-nfqxz,1,16
1782110545,kube-system,metrics-server-786d997795-hcp2m,10,48
1782110545,kube-system,svclb-traefik-1100f998-kpm9h,0,0
1782110545,kube-system,traefik-9bcdbbd9-qtpjt,1,37
1782110547,gsm-1,msc-test-stub-5b875d749d-9f4rq,1,16
1782110547,gsm-1,osmo-bsc-594654bd47-nbzv6,1,5
1782110547,gsm-1,osmo-bts-virtual-5f8b9b86fc-7vzx5,16,5
1782110547,gsm-1,osmo-hlr-546bdb8988-9b4tn,1,2
1782110547,gsm-1,osmo-mgw-8c8fc67d6-vn9j4,1,2
1782110547,gsm-1,osmo-mobile-947867b85-7rhh4,5,30
1782110547,gsm-1,osmo-stp-768687f494-cnb6n,1,2
1782110547,gsm-1,ttcn3-tc-26-6-1-1-1-cqc6r,1,6
1782110547,gsm-1,virtphy-858665df6d-m5jmn,9,4
1782110547,kube-system,coredns-c4dbffb5f-p9rsr,3,28
1782110547,kube-system,local-path-provisioner-5c4dc5d66d-nfqxz,1,16
1782110547,kube-system,metrics-server-786d997795-hcp2m,10,48
1782110547,kube-system,svclb-traefik-1100f998-kpm9h,0,0
1782110547,kube-system,traefik-9bcdbbd9-qtpjt,1,37
1782110549,gsm-1,msc-test-stub-5b875d749d-9f4rq,1,16
1782110549,gsm-1,osmo-bsc-594654bd47-nbzv6,1,5
1782110549,gsm-1,osmo-bts-virtual-5f8b9b86fc-7vzx5,16,5
1782110549,gsm-1,osmo-hlr-546bdb8988-9b4tn,1,2
1782110549,gsm-1,osmo-mgw-8c8fc67d6-vn9j4,1,2
1782110549,gsm-1,osmo-mobile-947867b85-7rhh4,3,30
1782110549,gsm-1,osmo-stp-768687f494-cnb6n,1,2
1782110549,gsm-1,ttcn3-tc-26-6-1-1-1-cqc6r,1,6
1782110549,gsm-1,virtphy-858665df6d-m5jmn,9,1
1782110549,kube-system,coredns-c4dbffb5f-p9rsr,3,28
1782110549,kube-system,local-path-provisioner-5c4dc5d66d-nfqxz,1,16
1782110549,kube-system,metrics-server-786d997795-hcp2m,10,48
1782110549,kube-system,svclb-traefik-1100f998-kpm9h,0,0
1782110549,kube-system,traefik-9bcdbbd9-qtpjt,1,37
1782110551,gsm-1,msc-test-stub-5b875d749d-9f4rq,1,16
1782110551,gsm-1,osmo-bsc-594654bd47-nbzv6,1,5
1782110551,gsm-1,osmo-bts-virtual-5f8b9b86fc-7vzx5,16,5
1782110551,gsm-1,osmo-hlr-546bdb8988-9b4tn,1,2
1782110551,gsm-1,osmo-mgw-8c8fc67d6-vn9j4,1,2
1782110551,gsm-1,osmo-mobile-947867b85-7rhh4,3,30
1782110551,gsm-1,osmo-stp-768687f494-cnb6n,1,2
1782110551,gsm-1,ttcn3-tc-26-6-1-1-1-cqc6r,1,6
1782110551,gsm-1,virtphy-858665df6d-m5jmn,9,1
1782110551,kube-system,coredns-c4dbffb5f-p9rsr,3,28
1782110551,kube-system,local-path-provisioner-5c4dc5d66d-nfqxz,1,16
1782110551,kube-system,metrics-server-786d997795-hcp2m,10,48
1782110551,kube-system,svclb-traefik-1100f998-kpm9h,0,0
1782110551,kube-system,traefik-9bcdbbd9-qtpjt,1,37
1782110554,gsm-1,msc-test-stub-5b875d749d-9f4rq,1,16
1782110554,gsm-1,osmo-bsc-594654bd47-nbzv6,1,5
1782110554,gsm-1,osmo-bts-virtual-5f8b9b86fc-7vzx5,16,5
1782110554,gsm-1,osmo-hlr-546bdb8988-9b4tn,1,2
1782110554,gsm-1,osmo-mgw-8c8fc67d6-vn9j4,1,2
1782110554,gsm-1,osmo-mobile-947867b85-7rhh4,3,30
1782110554,gsm-1,osmo-stp-768687f494-cnb6n,1,2
1782110554,gsm-1,ttcn3-tc-26-6-1-1-1-cqc6r,1,6
1782110554,gsm-1,virtphy-858665df6d-m5jmn,9,1
1782110554,kube-system,coredns-c4dbffb5f-p9rsr,3,28
1782110554,kube-system,local-path-provisioner-5c4dc5d66d-nfqxz,1,16
1782110554,kube-system,metrics-server-786d997795-hcp2m,10,48
1782110554,kube-system,svclb-traefik-1100f998-kpm9h,0,0
1782110554,kube-system,traefik-9bcdbbd9-qtpjt,1,37
1782110556,gsm-1,msc-test-stub-5b875d749d-9f4rq,1,16
1782110556,gsm-1,osmo-bsc-594654bd47-nbzv6,1,5
1782110556,gsm-1,osmo-bts-virtual-5f8b9b86fc-7vzx5,16,5
1782110556,gsm-1,osmo-hlr-546bdb8988-9b4tn,1,2
1782110556,gsm-1,osmo-mgw-8c8fc67d6-vn9j4,1,2
1782110556,gsm-1,osmo-mobile-947867b85-7rhh4,3,30
1782110556,gsm-1,osmo-stp-768687f494-cnb6n,1,2
1782110556,gsm-1,ttcn3-tc-26-6-1-1-1-cqc6r,1,6
1782110556,gsm-1,virtphy-858665df6d-m5jmn,9,1
1782110556,kube-system,coredns-c4dbffb5f-p9rsr,3,28
1782110556,kube-system,local-path-provisioner-5c4dc5d66d-nfqxz,1,16
1782110556,kube-system,metrics-server-786d997795-hcp2m,10,48
1782110556,kube-system,svclb-traefik-1100f998-kpm9h,0,0
1782110556,kube-system,traefik-9bcdbbd9-qtpjt,1,37
1782110558,gsm-1,msc-test-stub-5b875d749d-9f4rq,1,16
1782110558,gsm-1,osmo-bsc-594654bd47-nbzv6,1,5
1782110558,gsm-1,osmo-bts-virtual-5f8b9b86fc-7vzx5,16,5
1782110558,gsm-1,osmo-hlr-546bdb8988-9b4tn,1,2
1782110558,gsm-1,osmo-mgw-8c8fc67d6-vn9j4,1,2
1782110558,gsm-1,osmo-mobile-947867b85-7rhh4,3,30
1782110558,gsm-1,osmo-stp-768687f494-cnb6n,1,2
1782110558,gsm-1,ttcn3-tc-26-6-1-1-1-cqc6r,1,6
1782110558,gsm-1,virtphy-858665df6d-m5jmn,9,1
1782110558,kube-system,coredns-c4dbffb5f-p9rsr,3,28
1782110558,kube-system,local-path-provisioner-5c4dc5d66d-nfqxz,1,16
1782110558,kube-system,metrics-server-786d997795-hcp2m,10,48
1782110558,kube-system,svclb-traefik-1100f998-kpm9h,0,0
1782110558,kube-system,traefik-9bcdbbd9-qtpjt,1,37
1782110560,gsm-1,msc-test-stub-5b875d749d-9f4rq,1,16
1782110560,gsm-1,osmo-bsc-594654bd47-nbzv6,1,5
1782110560,gsm-1,osmo-bts-virtual-5f8b9b86fc-7vzx5,16,5
1782110560,gsm-1,osmo-hlr-546bdb8988-9b4tn,1,2
1782110560,gsm-1,osmo-mgw-8c8fc67d6-vn9j4,1,2
1782110560,gsm-1,osmo-mobile-947867b85-7rhh4,3,30
1782110560,gsm-1,osmo-stp-768687f494-cnb6n,1,2
1782110560,gsm-1,ttcn3-tc-26-6-1-1-1-cqc6r,1,6
1782110560,gsm-1,virtphy-858665df6d-m5jmn,9,1
1782110560,kube-system,coredns-c4dbffb5f-p9rsr,3,28
1782110560,kube-system,local-path-provisioner-5c4dc5d66d-nfqxz,1,16
1782110560,kube-system,metrics-server-786d997795-hcp2m,10,48
1782110560,kube-system,svclb-traefik-1100f998-kpm9h,0,0
1782110560,kube-system,traefik-9bcdbbd9-qtpjt,1,37
1782110562,gsm-1,osmo-bsc-594654bd47-nbzv6,1,5
1782110562,gsm-1,osmo-bts-virtual-5f8b9b86fc-7vzx5,16,9
1782110562,gsm-1,osmo-hlr-546bdb8988-9b4tn,1,2
1782110562,gsm-1,osmo-mgw-8c8fc67d6-vn9j4,1,2
1782110562,gsm-1,osmo-mobile-947867b85-7rhh4,3,30
1782110562,gsm-1,osmo-stp-768687f494-cnb6n,1,2
1782110562,gsm-1,ttcn3-tc-26-6-1-1-1-cqc6r,1,6
1782110562,gsm-1,virtphy-858665df6d-m5jmn,8,3
1782110562,kube-system,coredns-c4dbffb5f-p9rsr,3,28
1782110562,kube-system,local-path-provisioner-5c4dc5d66d-nfqxz,1,16
1782110562,kube-system,metrics-server-786d997795-hcp2m,9,48
1782110562,kube-system,svclb-traefik-1100f998-kpm9h,0,0
1782110562,kube-system,traefik-9bcdbbd9-qtpjt,1,37
1782110564,gsm-1,osmo-bsc-594654bd47-nbzv6,1,5
1782110564,gsm-1,osmo-bts-virtual-5f8b9b86fc-7vzx5,16,9
1782110564,gsm-1,osmo-hlr-546bdb8988-9b4tn,1,2
1782110564,gsm-1,osmo-mgw-8c8fc67d6-vn9j4,1,2
1782110564,gsm-1,osmo-mobile-947867b85-7rhh4,3,30
1782110564,gsm-1,osmo-stp-768687f494-cnb6n,1,2
1782110564,gsm-1,ttcn3-tc-26-6-1-1-1-cqc6r,1,6
1782110564,gsm-1,virtphy-858665df6d-m5jmn,8,3
1782110564,kube-system,coredns-c4dbffb5f-p9rsr,3,28
1782110564,kube-system,local-path-provisioner-5c4dc5d66d-nfqxz,1,16
1782110564,kube-system,metrics-server-786d997795-hcp2m,9,48
1782110564,kube-system,svclb-traefik-1100f998-kpm9h,0,0
1782110564,kube-system,traefik-9bcdbbd9-qtpjt,1,37
1782110566,gsm-1,osmo-bsc-594654bd47-nbzv6,1,5
1782110566,gsm-1,osmo-bts-virtual-5f8b9b86fc-7vzx5,16,9
1782110566,gsm-1,osmo-hlr-546bdb8988-9b4tn,1,2
1782110566,gsm-1,osmo-mgw-8c8fc67d6-vn9j4,1,2
1782110566,gsm-1,osmo-mobile-947867b85-7rhh4,3,30
1782110566,gsm-1,osmo-stp-768687f494-cnb6n,1,2
1782110566,gsm-1,ttcn3-tc-26-6-1-1-1-cqc6r,1,6
1782110566,gsm-1,virtphy-858665df6d-m5jmn,8,3
1782110566,kube-system,coredns-c4dbffb5f-p9rsr,3,28
1782110566,kube-system,local-path-provisioner-5c4dc5d66d-nfqxz,1,16
1782110566,kube-system,metrics-server-786d997795-hcp2m,9,48
1782110566,kube-system,svclb-traefik-1100f998-kpm9h,0,0
1782110566,kube-system,traefik-9bcdbbd9-qtpjt,1,37
1782110568,gsm-1,osmo-bsc-594654bd47-nbzv6,1,5
1782110568,gsm-1,osmo-bts-virtual-5f8b9b86fc-7vzx5,16,9
1782110568,gsm-1,osmo-hlr-546bdb8988-9b4tn,1,2
1782110568,gsm-1,osmo-mgw-8c8fc67d6-vn9j4,1,2
1782110568,gsm-1,osmo-mobile-947867b85-7rhh4,3,30
1782110568,gsm-1,osmo-stp-768687f494-cnb6n,1,2
1782110568,gsm-1,ttcn3-tc-26-6-1-1-1-cqc6r,1,6
1782110568,gsm-1,virtphy-858665df6d-m5jmn,8,3
1782110568,kube-system,coredns-c4dbffb5f-p9rsr,3,28
1782110568,kube-system,local-path-provisioner-5c4dc5d66d-nfqxz,1,16
1782110568,kube-system,metrics-server-786d997795-hcp2m,9,48
1782110568,kube-system,svclb-traefik-1100f998-kpm9h,0,0
1782110568,kube-system,traefik-9bcdbbd9-qtpjt,1,37
1782110570,gsm-1,osmo-bsc-594654bd47-nbzv6,1,5
1782110570,gsm-1,osmo-bts-virtual-5f8b9b86fc-7vzx5,16,9
1782110570,gsm-1,osmo-hlr-546bdb8988-9b4tn,1,2
1782110570,gsm-1,osmo-mgw-8c8fc67d6-vn9j4,1,2
1782110570,gsm-1,osmo-mobile-947867b85-7rhh4,3,30
1782110570,gsm-1,osmo-stp-768687f494-cnb6n,1,2
1782110570,gsm-1,ttcn3-tc-26-6-1-1-1-cqc6r,1,6
1782110570,gsm-1,virtphy-858665df6d-m5jmn,8,3
1782110570,kube-system,coredns-c4dbffb5f-p9rsr,3,28
1782110570,kube-system,local-path-provisioner-5c4dc5d66d-nfqxz,1,16
1782110570,kube-system,metrics-server-786d997795-hcp2m,9,48
1782110570,kube-system,svclb-traefik-1100f998-kpm9h,0,0
1782110570,kube-system,traefik-9bcdbbd9-qtpjt,1,37
1782110572,gsm-1,osmo-bsc-594654bd47-nbzv6,1,5
1782110572,gsm-1,osmo-bts-virtual-5f8b9b86fc-7vzx5,16,9
1782110572,gsm-1,osmo-hlr-546bdb8988-9b4tn,1,2
1782110572,gsm-1,osmo-mgw-8c8fc67d6-vn9j4,1,2
1782110572,gsm-1,osmo-mobile-947867b85-7rhh4,3,30
1782110572,gsm-1,osmo-stp-768687f494-cnb6n,1,2
1782110572,gsm-1,ttcn3-tc-26-6-1-1-1-cqc6r,1,6
1782110572,gsm-1,virtphy-858665df6d-m5jmn,8,3
1782110572,kube-system,coredns-c4dbffb5f-p9rsr,3,28
1782110572,kube-system,local-path-provisioner-5c4dc5d66d-nfqxz,1,16
1782110572,kube-system,metrics-server-786d997795-hcp2m,9,48
1782110572,kube-system,svclb-traefik-1100f998-kpm9h,0,0
1782110572,kube-system,traefik-9bcdbbd9-qtpjt,1,37
1782110574,gsm-1,osmo-bsc-594654bd47-nbzv6,1,5
1782110574,gsm-1,osmo-bts-virtual-5f8b9b86fc-7vzx5,16,9
1782110574,gsm-1,osmo-hlr-546bdb8988-9b4tn,1,2
1782110574,gsm-1,osmo-mgw-8c8fc67d6-vn9j4,1,2
1782110574,gsm-1,osmo-mobile-947867b85-7rhh4,3,30
1782110574,gsm-1,osmo-stp-768687f494-cnb6n,1,2
1782110574,gsm-1,ttcn3-tc-26-6-1-1-1-cqc6r,1,6
1782110574,gsm-1,virtphy-858665df6d-m5jmn,8,3
1782110574,kube-system,coredns-c4dbffb5f-p9rsr,3,28
1782110574,kube-system,local-path-provisioner-5c4dc5d66d-nfqxz,1,16
1782110574,kube-system,metrics-server-786d997795-hcp2m,9,48
1782110574,kube-system,svclb-traefik-1100f998-kpm9h,0,0
1782110574,kube-system,traefik-9bcdbbd9-qtpjt,1,37
1782110577,gsm-1,osmo-bsc-594654bd47-nbzv6,1,5
1782110577,gsm-1,osmo-bts-virtual-5f8b9b86fc-7vzx5,16,9
1782110577,gsm-1,osmo-hlr-546bdb8988-9b4tn,1,2
1782110577,gsm-1,osmo-mgw-8c8fc67d6-vn9j4,1,2
1782110577,gsm-1,osmo-mobile-947867b85-7rhh4,3,30
1782110577,gsm-1,osmo-stp-768687f494-cnb6n,1,2
1782110577,gsm-1,ttcn3-tc-26-6-1-1-1-cqc6r,1,6
1782110577,gsm-1,virtphy-858665df6d-m5jmn,8,3
1782110577,kube-system,coredns-c4dbffb5f-p9rsr,3,28
1782110577,kube-system,local-path-provisioner-5c4dc5d66d-nfqxz,1,16
1782110577,kube-system,metrics-server-786d997795-hcp2m,9,48
1782110577,kube-system,svclb-traefik-1100f998-kpm9h,0,0
1782110577,kube-system,traefik-9bcdbbd9-qtpjt,1,37
1782110579,gsm-1,msc-test-stub-5b875d749d-9f4rq,15,16
1782110579,gsm-1,osmo-bsc-594654bd47-nbzv6,1,5
1782110579,gsm-1,osmo-bts-virtual-5f8b9b86fc-7vzx5,15,5
1782110579,gsm-1,osmo-hlr-546bdb8988-9b4tn,1,2
1782110579,gsm-1,osmo-mgw-8c8fc67d6-vn9j4,1,2
1782110579,gsm-1,osmo-mobile-947867b85-7rhh4,3,30
1782110579,gsm-1,osmo-stp-768687f494-cnb6n,1,2
1782110579,gsm-1,ttcn3-tc-26-6-1-1-1-cqc6r,1,6
1782110579,gsm-1,virtphy-858665df6d-m5jmn,8,3
1782110579,kube-system,coredns-c4dbffb5f-p9rsr,3,28
1782110579,kube-system,local-path-provisioner-5c4dc5d66d-nfqxz,1,16
1782110579,kube-system,metrics-server-786d997795-hcp2m,13,48
1782110579,kube-system,svclb-traefik-1100f998-kpm9h,0,0
1782110579,kube-system,traefik-9bcdbbd9-qtpjt,1,37
1782110581,gsm-1,msc-test-stub-5b875d749d-9f4rq,15,16
1782110581,gsm-1,osmo-bsc-594654bd47-nbzv6,1,5
1782110581,gsm-1,osmo-bts-virtual-5f8b9b86fc-7vzx5,15,5
1782110581,gsm-1,osmo-hlr-546bdb8988-9b4tn,1,2
1782110581,gsm-1,osmo-mgw-8c8fc67d6-vn9j4,1,2
1782110581,gsm-1,osmo-mobile-947867b85-7rhh4,3,30
1782110581,gsm-1,osmo-stp-768687f494-cnb6n,1,2
1782110581,gsm-1,ttcn3-tc-26-6-1-1-1-cqc6r,1,6
1782110581,gsm-1,virtphy-858665df6d-m5jmn,8,3
1782110581,kube-system,coredns-c4dbffb5f-p9rsr,3,28
1782110581,kube-system,local-path-provisioner-5c4dc5d66d-nfqxz,1,16
1782110581,kube-system,metrics-server-786d997795-hcp2m,13,48
1782110581,kube-system,svclb-traefik-1100f998-kpm9h,0,0
1782110581,kube-system,traefik-9bcdbbd9-qtpjt,1,37
1782110583,gsm-1,msc-test-stub-5b875d749d-9f4rq,15,16
1782110583,gsm-1,osmo-bsc-594654bd47-nbzv6,1,5
1782110583,gsm-1,osmo-bts-virtual-5f8b9b86fc-7vzx5,15,5
1782110583,gsm-1,osmo-hlr-546bdb8988-9b4tn,1,2
1782110583,gsm-1,osmo-mgw-8c8fc67d6-vn9j4,1,2
1782110583,gsm-1,osmo-mobile-947867b85-7rhh4,3,30
1782110583,gsm-1,osmo-stp-768687f494-cnb6n,1,2
1782110583,gsm-1,ttcn3-tc-26-6-1-1-1-cqc6r,1,6
1782110583,gsm-1,virtphy-858665df6d-m5jmn,8,3
1782110583,kube-system,coredns-c4dbffb5f-p9rsr,3,28
1782110583,kube-system,local-path-provisioner-5c4dc5d66d-nfqxz,1,16
1782110583,kube-system,metrics-server-786d997795-hcp2m,13,48
1782110583,kube-system,svclb-traefik-1100f998-kpm9h,0,0
1782110583,kube-system,traefik-9bcdbbd9-qtpjt,1,37
1782110585,gsm-1,msc-test-stub-5b875d749d-9f4rq,15,16
1782110585,gsm-1,osmo-bsc-594654bd47-nbzv6,1,5
1782110585,gsm-1,osmo-bts-virtual-5f8b9b86fc-7vzx5,15,5
1782110585,gsm-1,osmo-hlr-546bdb8988-9b4tn,1,2
1782110585,gsm-1,osmo-mgw-8c8fc67d6-vn9j4,1,2
1782110585,gsm-1,osmo-mobile-947867b85-7rhh4,3,30
1782110585,gsm-1,osmo-stp-768687f494-cnb6n,1,2
1782110585,gsm-1,ttcn3-tc-26-6-1-1-1-cqc6r,1,6
1782110585,gsm-1,virtphy-858665df6d-m5jmn,8,3
1782110585,kube-system,coredns-c4dbffb5f-p9rsr,3,28
1782110585,kube-system,local-path-provisioner-5c4dc5d66d-nfqxz,1,16
1782110585,kube-system,metrics-server-786d997795-hcp2m,13,48
1782110585,kube-system,svclb-traefik-1100f998-kpm9h,0,0
1782110585,kube-system,traefik-9bcdbbd9-qtpjt,1,37
1782110587,gsm-1,msc-test-stub-5b875d749d-9f4rq,15,16
1782110587,gsm-1,osmo-bsc-594654bd47-nbzv6,1,5
1782110587,gsm-1,osmo-bts-virtual-5f8b9b86fc-7vzx5,15,5
1782110587,gsm-1,osmo-hlr-546bdb8988-9b4tn,1,2
1782110587,gsm-1,osmo-mgw-8c8fc67d6-vn9j4,1,2
1782110587,gsm-1,osmo-mobile-947867b85-7rhh4,3,30
1782110587,gsm-1,osmo-stp-768687f494-cnb6n,1,2
1782110587,gsm-1,ttcn3-tc-26-6-1-1-1-cqc6r,1,6
1782110587,gsm-1,virtphy-858665df6d-m5jmn,8,3
1782110587,kube-system,coredns-c4dbffb5f-p9rsr,3,28
1782110587,kube-system,local-path-provisioner-5c4dc5d66d-nfqxz,1,16
1782110587,kube-system,metrics-server-786d997795-hcp2m,13,48
1782110587,kube-system,svclb-traefik-1100f998-kpm9h,0,0
1782110587,kube-system,traefik-9bcdbbd9-qtpjt,1,37
1782110589,gsm-1,msc-test-stub-5b875d749d-9f4rq,15,16
1782110589,gsm-1,osmo-bsc-594654bd47-nbzv6,1,5
1782110589,gsm-1,osmo-bts-virtual-5f8b9b86fc-7vzx5,15,5
1782110589,gsm-1,osmo-hlr-546bdb8988-9b4tn,1,2
1782110589,gsm-1,osmo-mgw-8c8fc67d6-vn9j4,1,2
1782110589,gsm-1,osmo-mobile-947867b85-7rhh4,3,30
1782110589,gsm-1,osmo-stp-768687f494-cnb6n,1,2
1782110589,gsm-1,ttcn3-tc-26-6-1-1-1-cqc6r,1,6
1782110589,gsm-1,virtphy-858665df6d-m5jmn,8,3
1782110589,kube-system,coredns-c4dbffb5f-p9rsr,3,28
1782110589,kube-system,local-path-provisioner-5c4dc5d66d-nfqxz,1,16
1782110589,kube-system,metrics-server-786d997795-hcp2m,13,48
1782110589,kube-system,svclb-traefik-1100f998-kpm9h,0,0
1782110589,kube-system,traefik-9bcdbbd9-qtpjt,1,37
1782110591,gsm-1,msc-test-stub-5b875d749d-9f4rq,15,16
1782110591,gsm-1,osmo-bsc-594654bd47-nbzv6,1,5
1782110591,gsm-1,osmo-bts-virtual-5f8b9b86fc-7vzx5,15,5
1782110591,gsm-1,osmo-hlr-546bdb8988-9b4tn,1,2
1782110591,gsm-1,osmo-mgw-8c8fc67d6-vn9j4,1,2
1782110591,gsm-1,osmo-mobile-947867b85-7rhh4,3,30
1782110591,gsm-1,osmo-stp-768687f494-cnb6n,1,2
1782110591,gsm-1,virtphy-858665df6d-m5jmn,8,3
1782110591,kube-system,coredns-c4dbffb5f-p9rsr,3,28
1782110591,kube-system,local-path-provisioner-5c4dc5d66d-nfqxz,1,16
1782110591,kube-system,metrics-server-786d997795-hcp2m,13,48
1782110591,kube-system,svclb-traefik-1100f998-kpm9h,0,0
1782110591,kube-system,traefik-9bcdbbd9-qtpjt,1,37
1782110594,gsm-1,msc-test-stub-5b875d749d-9f4rq,1,16
1782110594,gsm-1,osmo-bsc-594654bd47-nbzv6,1,5
1782110594,gsm-1,osmo-bts-virtual-5f8b9b86fc-7vzx5,15,5
1782110594,gsm-1,osmo-hlr-546bdb8988-9b4tn,1,2
1782110594,gsm-1,osmo-mgw-8c8fc67d6-vn9j4,1,2
1782110594,gsm-1,osmo-mobile-947867b85-7rhh4,3,30
1782110594,gsm-1,osmo-stp-768687f494-cnb6n,1,2
1782110594,gsm-1,virtphy-858665df6d-m5jmn,8,3
1782110594,kube-system,coredns-c4dbffb5f-p9rsr,4,28
1782110594,kube-system,local-path-provisioner-5c4dc5d66d-nfqxz,1,16
1782110594,kube-system,metrics-server-786d997795-hcp2m,10,48
1782110594,kube-system,svclb-traefik-1100f998-kpm9h,0,0
1782110594,kube-system,traefik-9bcdbbd9-qtpjt,1,37
1782110596,gsm-1,msc-test-stub-5b875d749d-9f4rq,1,16
1782110596,gsm-1,osmo-bsc-594654bd47-nbzv6,1,5
1782110596,gsm-1,osmo-bts-virtual-5f8b9b86fc-7vzx5,15,5
1782110596,gsm-1,osmo-hlr-546bdb8988-9b4tn,1,2
1782110596,gsm-1,osmo-mgw-8c8fc67d6-vn9j4,1,2
1782110596,gsm-1,osmo-mobile-947867b85-7rhh4,3,30
1782110596,gsm-1,osmo-stp-768687f494-cnb6n,1,2
1782110596,gsm-1,virtphy-858665df6d-m5jmn,8,3
1782110596,kube-system,coredns-c4dbffb5f-p9rsr,4,28
1782110596,kube-system,local-path-provisioner-5c4dc5d66d-nfqxz,1,16
1782110596,kube-system,metrics-server-786d997795-hcp2m,10,48
1782110596,kube-system,svclb-traefik-1100f998-kpm9h,0,0
1782110596,kube-system,traefik-9bcdbbd9-qtpjt,1,37
1782110598,gsm-1,msc-test-stub-5b875d749d-9f4rq,1,16
1782110598,gsm-1,osmo-bsc-594654bd47-nbzv6,1,5
1782110598,gsm-1,osmo-bts-virtual-5f8b9b86fc-7vzx5,15,5
1782110598,gsm-1,osmo-hlr-546bdb8988-9b4tn,1,2
1782110598,gsm-1,osmo-mgw-8c8fc67d6-vn9j4,1,2
1782110598,gsm-1,osmo-mobile-947867b85-7rhh4,3,30
1782110598,gsm-1,osmo-stp-768687f494-cnb6n,1,2
1782110598,gsm-1,virtphy-858665df6d-m5jmn,8,3
1782110598,kube-system,coredns-c4dbffb5f-p9rsr,4,28
1782110598,kube-system,local-path-provisioner-5c4dc5d66d-nfqxz,1,16
1782110598,kube-system,metrics-server-786d997795-hcp2m,10,48
1782110598,kube-system,svclb-traefik-1100f998-kpm9h,0,0
1782110598,kube-system,traefik-9bcdbbd9-qtpjt,1,37
1782110600,gsm-1,msc-test-stub-5b875d749d-9f4rq,1,16
1782110600,gsm-1,osmo-mgw-8c8fc67d6-vn9j4,1,2
1782110600,gsm-1,osmo-mobile-947867b85-7rhh4,3,30
1782110600,kube-system,coredns-c4dbffb5f-p9rsr,4,28
1782110600,kube-system,local-path-provisioner-5c4dc5d66d-nfqxz,1,16
1782110600,kube-system,metrics-server-786d997795-hcp2m,10,48
1782110600,kube-system,svclb-traefik-1100f998-kpm9h,0,0
1782110600,kube-system,traefik-9bcdbbd9-qtpjt,1,37
1782110602,gsm-1,msc-test-stub-5b875d749d-9f4rq,1,16
1782110602,gsm-1,osmo-mgw-8c8fc67d6-vn9j4,1,2
1782110602,gsm-1,osmo-mobile-947867b85-7rhh4,3,30
1782110602,kube-system,coredns-c4dbffb5f-p9rsr,4,28
1782110602,kube-system,local-path-provisioner-5c4dc5d66d-nfqxz,1,16
1782110602,kube-system,metrics-server-786d997795-hcp2m,10,48
1782110602,kube-system,svclb-traefik-1100f998-kpm9h,0,0
1782110602,kube-system,traefik-9bcdbbd9-qtpjt,1,37
1782110605,gsm-1,msc-test-stub-5b875d749d-9f4rq,1,16
1782110605,gsm-1,osmo-mgw-8c8fc67d6-vn9j4,1,2
1782110605,gsm-1,osmo-mobile-947867b85-7rhh4,3,30
1782110605,kube-system,coredns-c4dbffb5f-p9rsr,4,28
1782110605,kube-system,local-path-provisioner-5c4dc5d66d-nfqxz,1,16
1782110605,kube-system,metrics-server-786d997795-hcp2m,10,48
1782110605,kube-system,svclb-traefik-1100f998-kpm9h,0,0
1782110605,kube-system,traefik-9bcdbbd9-qtpjt,1,37
1782110607,gsm-1,msc-test-stub-5b875d749d-9f4rq,1,16
1782110607,gsm-1,osmo-mgw-8c8fc67d6-vn9j4,1,2
1782110607,gsm-1,osmo-mobile-947867b85-7rhh4,3,30
1782110607,kube-system,coredns-c4dbffb5f-p9rsr,4,28
1782110607,kube-system,local-path-provisioner-5c4dc5d66d-nfqxz,1,16
1782110607,kube-system,metrics-server-786d997795-hcp2m,10,48
1782110607,kube-system,svclb-traefik-1100f998-kpm9h,0,0
1782110607,kube-system,traefik-9bcdbbd9-qtpjt,1,37
1782110609,gsm-1,msc-test-stub-5b875d749d-9f4rq,1,16
1782110609,gsm-1,osmo-mgw-8c8fc67d6-vn9j4,1,2
1782110609,gsm-1,osmo-mobile-947867b85-7rhh4,3,28
1782110609,kube-system,coredns-c4dbffb5f-p9rsr,3,28
1782110609,kube-system,local-path-provisioner-5c4dc5d66d-nfqxz,1,16
1782110609,kube-system,metrics-server-786d997795-hcp2m,10,48
1782110609,kube-system,svclb-traefik-1100f998-kpm9h,0,0
1782110609,kube-system,traefik-9bcdbbd9-qtpjt,2,37
1782110611,gsm-1,msc-test-stub-5b875d749d-9f4rq,1,16
1782110611,gsm-1,osmo-mgw-8c8fc67d6-vn9j4,1,2
1782110611,gsm-1,osmo-mobile-947867b85-7rhh4,3,28
1782110611,kube-system,coredns-c4dbffb5f-p9rsr,3,28
1782110611,kube-system,local-path-provisioner-5c4dc5d66d-nfqxz,1,16
1782110611,kube-system,metrics-server-786d997795-hcp2m,10,48
1782110611,kube-system,svclb-traefik-1100f998-kpm9h,0,0
1782110611,kube-system,traefik-9bcdbbd9-qtpjt,2,37
1782110613,gsm-1,msc-test-stub-5b875d749d-9f4rq,1,16
1782110613,gsm-1,osmo-mgw-8c8fc67d6-vn9j4,1,2
1782110613,gsm-1,osmo-mobile-947867b85-7rhh4,3,28
1782110613,kube-system,coredns-c4dbffb5f-p9rsr,3,28
1782110613,kube-system,local-path-provisioner-5c4dc5d66d-nfqxz,1,16
1782110613,kube-system,metrics-server-786d997795-hcp2m,10,48
1782110613,kube-system,svclb-traefik-1100f998-kpm9h,0,0
1782110613,kube-system,traefik-9bcdbbd9-qtpjt,2,37
1782110615,gsm-1,msc-test-stub-5b875d749d-9f4rq,1,16
1782110615,gsm-1,osmo-mgw-8c8fc67d6-vn9j4,1,2
1782110615,gsm-1,osmo-mobile-947867b85-7rhh4,3,28
1782110615,kube-system,coredns-c4dbffb5f-p9rsr,3,28
1782110615,kube-system,local-path-provisioner-5c4dc5d66d-nfqxz,1,16
1782110615,kube-system,metrics-server-786d997795-hcp2m,10,48
1782110615,kube-system,svclb-traefik-1100f998-kpm9h,0,0
1782110615,kube-system,traefik-9bcdbbd9-qtpjt,2,37
1782110617,gsm-1,msc-test-stub-5b875d749d-9f4rq,1,16
1782110617,gsm-1,osmo-mgw-8c8fc67d6-vn9j4,1,2
1782110617,gsm-1,osmo-mobile-947867b85-7rhh4,3,28
1782110617,kube-system,coredns-c4dbffb5f-p9rsr,3,28
1782110617,kube-system,local-path-provisioner-5c4dc5d66d-nfqxz,1,16
1782110617,kube-system,metrics-server-786d997795-hcp2m,10,48
1782110617,kube-system,svclb-traefik-1100f998-kpm9h,0,0
1782110617,kube-system,traefik-9bcdbbd9-qtpjt,2,37
1782110619,gsm-1,msc-test-stub-5b875d749d-9f4rq,1,16
1782110619,gsm-1,osmo-mgw-8c8fc67d6-vn9j4,1,2
1782110619,gsm-1,osmo-mobile-947867b85-7rhh4,3,28
1782110619,kube-system,coredns-c4dbffb5f-p9rsr,3,28
1782110619,kube-system,local-path-provisioner-5c4dc5d66d-nfqxz,1,16
1782110619,kube-system,metrics-server-786d997795-hcp2m,10,48
1782110619,kube-system,svclb-traefik-1100f998-kpm9h,0,0
1782110619,kube-system,traefik-9bcdbbd9-qtpjt,2,37
1782110621,gsm-1,msc-test-stub-5b875d749d-9f4rq,1,16
1782110621,gsm-1,osmo-mgw-8c8fc67d6-vn9j4,1,2
1782110621,gsm-1,osmo-mobile-947867b85-7rhh4,3,28
1782110621,kube-system,coredns-c4dbffb5f-p9rsr,3,28
1782110621,kube-system,local-path-provisioner-5c4dc5d66d-nfqxz,1,16
1782110621,kube-system,metrics-server-786d997795-hcp2m,10,48
1782110621,kube-system,svclb-traefik-1100f998-kpm9h,0,0
1782110621,kube-system,traefik-9bcdbbd9-qtpjt,2,37
1782110623,gsm-1,msc-test-stub-5b875d749d-9f4rq,1,16
1782110623,gsm-1,osmo-mgw-8c8fc67d6-vn9j4,1,2
1782110623,gsm-1,osmo-mobile-947867b85-7rhh4,7,28
1782110623,kube-system,coredns-c4dbffb5f-p9rsr,3,28
1782110623,kube-system,local-path-provisioner-5c4dc5d66d-nfqxz,1,16
1782110623,kube-system,metrics-server-786d997795-hcp2m,10,48
1782110623,kube-system,svclb-traefik-1100f998-kpm9h,0,0
1782110623,kube-system,traefik-9bcdbbd9-qtpjt,1,37
1782110625,gsm-1,msc-test-stub-5b875d749d-9f4rq,1,16
1782110625,gsm-1,osmo-mgw-8c8fc67d6-vn9j4,1,2
1782110625,gsm-1,osmo-mobile-947867b85-7rhh4,7,28
1782110625,kube-system,coredns-c4dbffb5f-p9rsr,3,28
1782110625,kube-system,local-path-provisioner-5c4dc5d66d-nfqxz,1,16
1782110625,kube-system,metrics-server-786d997795-hcp2m,10,48
1782110625,kube-system,svclb-traefik-1100f998-kpm9h,0,0
1782110625,kube-system,traefik-9bcdbbd9-qtpjt,1,37
1782110628,gsm-1,msc-test-stub-5b875d749d-9f4rq,1,16
1782110628,gsm-1,osmo-mgw-8c8fc67d6-vn9j4,1,2
1782110628,gsm-1,osmo-mobile-947867b85-7rhh4,7,28
1782110628,kube-system,coredns-c4dbffb5f-p9rsr,3,28
1782110628,kube-system,local-path-provisioner-5c4dc5d66d-nfqxz,1,16
1782110628,kube-system,metrics-server-786d997795-hcp2m,10,48
1782110628,kube-system,svclb-traefik-1100f998-kpm9h,0,0
1782110628,kube-system,traefik-9bcdbbd9-qtpjt,1,37
1782110630,kube-system,coredns-c4dbffb5f-p9rsr,3,28
1782110630,kube-system,local-path-provisioner-5c4dc5d66d-nfqxz,1,16
1782110630,kube-system,metrics-server-786d997795-hcp2m,10,48
1782110630,kube-system,svclb-traefik-1100f998-kpm9h,0,0
1782110630,kube-system,traefik-9bcdbbd9-qtpjt,1,37
1782110632,kube-system,coredns-c4dbffb5f-p9rsr,3,28
1782110632,kube-system,local-path-provisioner-5c4dc5d66d-nfqxz,1,16
1782110632,kube-system,metrics-server-786d997795-hcp2m,10,48
1782110632,kube-system,svclb-traefik-1100f998-kpm9h,0,0
1782110632,kube-system,traefik-9bcdbbd9-qtpjt,1,37
1782110634,kube-system,coredns-c4dbffb5f-p9rsr,3,28
1782110634,kube-system,local-path-provisioner-5c4dc5d66d-nfqxz,1,16
1782110634,kube-system,metrics-server-786d997795-hcp2m,10,48
1782110634,kube-system,svclb-traefik-1100f998-kpm9h,0,0
1782110634,kube-system,traefik-9bcdbbd9-qtpjt,1,37
1782110636,kube-system,coredns-c4dbffb5f-p9rsr,3,28
1782110636,kube-system,local-path-provisioner-5c4dc5d66d-nfqxz,1,16
1782110636,kube-system,metrics-server-786d997795-hcp2m,10,48
1782110636,kube-system,svclb-traefik-1100f998-kpm9h,0,0
1782110636,kube-system,traefik-9bcdbbd9-qtpjt,1,37
1782110638,kube-system,coredns-c4dbffb5f-p9rsr,3,28
1782110638,kube-system,local-path-provisioner-5c4dc5d66d-nfqxz,1,16
1782110638,kube-system,metrics-server-786d997795-hcp2m,9,48
1782110638,kube-system,svclb-traefik-1100f998-kpm9h,0,0
1782110638,kube-system,traefik-9bcdbbd9-qtpjt,1,37
1782110640,kube-system,coredns-c4dbffb5f-p9rsr,3,28
1782110640,kube-system,local-path-provisioner-5c4dc5d66d-nfqxz,1,16
1782110640,kube-system,metrics-server-786d997795-hcp2m,9,48
1782110640,kube-system,svclb-traefik-1100f998-kpm9h,0,0
1782110640,kube-system,traefik-9bcdbbd9-qtpjt,1,37
1782110643,kube-system,coredns-c4dbffb5f-p9rsr,3,28
1782110643,kube-system,local-path-provisioner-5c4dc5d66d-nfqxz,1,16
1782110643,kube-system,metrics-server-786d997795-hcp2m,9,48
1782110643,kube-system,svclb-traefik-1100f998-kpm9h,0,0
1782110643,kube-system,traefik-9bcdbbd9-qtpjt,1,37
1782110645,kube-system,coredns-c4dbffb5f-p9rsr,3,28
1782110645,kube-system,local-path-provisioner-5c4dc5d66d-nfqxz,1,16
1782110645,kube-system,metrics-server-786d997795-hcp2m,9,48
1782110645,kube-system,svclb-traefik-1100f998-kpm9h,0,0
1782110645,kube-system,traefik-9bcdbbd9-qtpjt,1,37
