unix_ts,namespace,pod,cpu_m,mem_mib
1782471059,gsm-40,osmo-bsc-594654bd47-gq2pw,5,5
1782471059,gsm-40,osmo-bts-virtual-5f8b9b86fc-pwqfm,8,0
1782471059,gsm-40,osmo-hlr-546bdb8988-n67rt,4,2
1782471059,gsm-40,osmo-mgw-8c8fc67d6-lwm4h,4,2
1782471059,gsm-40,osmo-mobile-58f6599fd8-t84nt,5,35
1782471059,gsm-40,osmo-stp-768687f494-wq8sh,1,2
1782471059,gsm-40,virtphy-6b7886fcb7-4thcc,8,1
1782471062,gsm-40,osmo-bsc-594654bd47-gq2pw,5,5
1782471062,gsm-40,osmo-bts-virtual-5f8b9b86fc-pwqfm,8,0
1782471062,gsm-40,osmo-hlr-546bdb8988-n67rt,4,2
1782471062,gsm-40,osmo-mgw-8c8fc67d6-lwm4h,4,2
1782471062,gsm-40,osmo-mobile-58f6599fd8-t84nt,5,35
1782471062,gsm-40,osmo-stp-768687f494-wq8sh,1,2
1782471062,gsm-40,virtphy-6b7886fcb7-4thcc,8,1
1782471064,gsm-40,osmo-bsc-594654bd47-gq2pw,5,5
1782471064,gsm-40,osmo-bts-virtual-5f8b9b86fc-pwqfm,8,0
1782471064,gsm-40,osmo-hlr-546bdb8988-n67rt,4,2
1782471064,gsm-40,osmo-mgw-8c8fc67d6-lwm4h,4,2
1782471064,gsm-40,osmo-mobile-58f6599fd8-t84nt,5,35
1782471064,gsm-40,osmo-stp-768687f494-wq8sh,1,2
1782471064,gsm-40,virtphy-6b7886fcb7-4thcc,8,1
1782471067,gsm-40,osmo-bsc-594654bd47-gq2pw,5,5
1782471067,gsm-40,osmo-bts-virtual-5f8b9b86fc-pwqfm,8,0
1782471067,gsm-40,osmo-hlr-546bdb8988-n67rt,4,2
1782471067,gsm-40,osmo-mgw-8c8fc67d6-lwm4h,4,2
1782471067,gsm-40,osmo-mobile-58f6599fd8-t84nt,5,35
1782471067,gsm-40,osmo-stp-768687f494-wq8sh,1,2
1782471067,gsm-40,virtphy-6b7886fcb7-4thcc,8,1
1782471069,gsm-40,osmo-bsc-594654bd47-gq2pw,5,5
1782471069,gsm-40,osmo-bts-virtual-5f8b9b86fc-pwqfm,8,0
1782471069,gsm-40,osmo-hlr-546bdb8988-n67rt,4,2
1782471069,gsm-40,osmo-mgw-8c8fc67d6-lwm4h,4,2
1782471069,gsm-40,osmo-mobile-58f6599fd8-t84nt,5,35
1782471069,gsm-40,osmo-stp-768687f494-wq8sh,1,2
1782471069,gsm-40,virtphy-6b7886fcb7-4thcc,8,1
1782471072,gsm-40,osmo-bsc-594654bd47-gq2pw,5,5
1782471072,gsm-40,osmo-bts-virtual-5f8b9b86fc-pwqfm,8,0
1782471072,gsm-40,osmo-hlr-546bdb8988-n67rt,4,2
1782471072,gsm-40,osmo-mgw-8c8fc67d6-lwm4h,4,2
1782471072,gsm-40,osmo-mobile-58f6599fd8-t84nt,5,35
1782471072,gsm-40,osmo-stp-768687f494-wq8sh,1,2
1782471072,gsm-40,virtphy-6b7886fcb7-4thcc,8,1
1782471074,gsm-40,msc-test-stub-5b875d749d-hw2sw,1,16
1782471074,gsm-40,osmo-bsc-594654bd47-gq2pw,1,5
1782471074,gsm-40,osmo-bts-virtual-5f8b9b86fc-pwqfm,26,5
1782471074,gsm-40,osmo-hlr-546bdb8988-n67rt,1,2
1782471074,gsm-40,osmo-mgw-8c8fc67d6-lwm4h,1,2
1782471074,gsm-40,osmo-mobile-58f6599fd8-t84nt,3,35
1782471074,gsm-40,osmo-stp-768687f494-wq8sh,1,2
1782471074,gsm-40,virtphy-6b7886fcb7-4thcc,7,1
1782471077,gsm-40,msc-test-stub-5b875d749d-hw2sw,1,16
1782471077,gsm-40,osmo-bsc-594654bd47-gq2pw,1,5
1782471077,gsm-40,osmo-bts-virtual-5f8b9b86fc-pwqfm,26,5
1782471077,gsm-40,osmo-hlr-546bdb8988-n67rt,1,2
1782471077,gsm-40,osmo-mgw-8c8fc67d6-lwm4h,1,2
1782471077,gsm-40,osmo-mobile-58f6599fd8-t84nt,3,35
1782471077,gsm-40,osmo-stp-768687f494-wq8sh,1,2
1782471077,gsm-40,virtphy-6b7886fcb7-4thcc,7,1
1782471080,gsm-40,msc-test-stub-5b875d749d-hw2sw,1,16
1782471080,gsm-40,osmo-bsc-594654bd47-gq2pw,1,5
1782471080,gsm-40,osmo-bts-virtual-5f8b9b86fc-pwqfm,26,5
1782471080,gsm-40,osmo-hlr-546bdb8988-n67rt,1,2
1782471080,gsm-40,osmo-mgw-8c8fc67d6-lwm4h,1,2
1782471080,gsm-40,osmo-mobile-58f6599fd8-t84nt,3,35
1782471080,gsm-40,osmo-stp-768687f494-wq8sh,1,2
1782471080,gsm-40,virtphy-6b7886fcb7-4thcc,7,1
1782471082,gsm-40,msc-test-stub-5b875d749d-hw2sw,1,16
1782471082,gsm-40,osmo-bsc-594654bd47-gq2pw,1,5
1782471082,gsm-40,osmo-bts-virtual-5f8b9b86fc-pwqfm,26,5
1782471082,gsm-40,osmo-hlr-546bdb8988-n67rt,1,2
1782471082,gsm-40,osmo-mgw-8c8fc67d6-lwm4h,1,2
1782471082,gsm-40,osmo-mobile-58f6599fd8-t84nt,3,35
1782471082,gsm-40,osmo-stp-768687f494-wq8sh,1,2
1782471082,gsm-40,virtphy-6b7886fcb7-4thcc,7,1
1782471085,gsm-40,msc-test-stub-5b875d749d-hw2sw,1,16
1782471085,gsm-40,osmo-bsc-594654bd47-gq2pw,1,5
1782471085,gsm-40,osmo-bts-virtual-5f8b9b86fc-pwqfm,26,5
1782471085,gsm-40,osmo-hlr-546bdb8988-n67rt,1,2
1782471085,gsm-40,osmo-mgw-8c8fc67d6-lwm4h,1,2
1782471085,gsm-40,osmo-mobile-58f6599fd8-t84nt,3,35
1782471085,gsm-40,osmo-stp-768687f494-wq8sh,1,2
1782471085,gsm-40,virtphy-6b7886fcb7-4thcc,7,1
1782471088,gsm-40,msc-test-stub-5b875d749d-hw2sw,4,16
1782471088,gsm-40,osmo-bsc-594654bd47-gq2pw,1,5
1782471088,gsm-40,osmo-bts-virtual-5f8b9b86fc-pwqfm,31,5
1782471088,gsm-40,osmo-hlr-546bdb8988-n67rt,1,2
1782471088,gsm-40,osmo-mgw-8c8fc67d6-lwm4h,1,2
1782471088,gsm-40,osmo-mobile-58f6599fd8-t84nt,4,36
1782471088,gsm-40,osmo-stp-768687f494-wq8sh,1,2
1782471088,gsm-40,ttcn3-tc-26-7-4-2-4-5-1-hf26r,14,6
1782471088,gsm-40,virtphy-6b7886fcb7-4thcc,7,1
1782471091,gsm-40,msc-test-stub-5b875d749d-hw2sw,4,16
1782471091,gsm-40,osmo-bsc-594654bd47-gq2pw,1,5
1782471091,gsm-40,osmo-bts-virtual-5f8b9b86fc-pwqfm,31,5
1782471091,gsm-40,osmo-hlr-546bdb8988-n67rt,1,2
1782471091,gsm-40,osmo-mgw-8c8fc67d6-lwm4h,1,2
1782471091,gsm-40,osmo-mobile-58f6599fd8-t84nt,4,36
1782471091,gsm-40,osmo-stp-768687f494-wq8sh,1,2
1782471091,gsm-40,ttcn3-tc-26-7-4-2-4-5-1-hf26r,14,6
1782471091,gsm-40,virtphy-6b7886fcb7-4thcc,7,1
1782471093,gsm-40,msc-test-stub-5b875d749d-hw2sw,4,16
1782471093,gsm-40,osmo-bsc-594654bd47-gq2pw,1,5
1782471093,gsm-40,osmo-bts-virtual-5f8b9b86fc-pwqfm,31,5
1782471093,gsm-40,osmo-hlr-546bdb8988-n67rt,1,2
1782471093,gsm-40,osmo-mgw-8c8fc67d6-lwm4h,1,2
1782471093,gsm-40,osmo-mobile-58f6599fd8-t84nt,4,36
1782471093,gsm-40,osmo-stp-768687f494-wq8sh,1,2
1782471093,gsm-40,ttcn3-tc-26-7-4-2-4-5-1-hf26r,14,6
1782471093,gsm-40,virtphy-6b7886fcb7-4thcc,7,1
1782471096,gsm-40,msc-test-stub-5b875d749d-hw2sw,4,16
1782471096,gsm-40,osmo-bsc-594654bd47-gq2pw,1,5
1782471096,gsm-40,osmo-bts-virtual-5f8b9b86fc-pwqfm,31,5
1782471096,gsm-40,osmo-hlr-546bdb8988-n67rt,1,2
1782471096,gsm-40,osmo-mgw-8c8fc67d6-lwm4h,1,2
1782471096,gsm-40,osmo-mobile-58f6599fd8-t84nt,4,36
1782471096,gsm-40,osmo-stp-768687f494-wq8sh,1,2
1782471096,gsm-40,ttcn3-tc-26-7-4-2-4-5-1-hf26r,14,6
1782471096,gsm-40,virtphy-6b7886fcb7-4thcc,7,1
1782471099,gsm-40,msc-test-stub-5b875d749d-hw2sw,4,16
1782471099,gsm-40,osmo-bsc-594654bd47-gq2pw,1,5
1782471099,gsm-40,osmo-bts-virtual-5f8b9b86fc-pwqfm,31,5
1782471099,gsm-40,osmo-hlr-546bdb8988-n67rt,1,2
1782471099,gsm-40,osmo-mgw-8c8fc67d6-lwm4h,1,2
1782471099,gsm-40,osmo-mobile-58f6599fd8-t84nt,4,36
1782471099,gsm-40,osmo-stp-768687f494-wq8sh,1,2
1782471099,gsm-40,ttcn3-tc-26-7-4-2-4-5-1-hf26r,14,6
1782471099,gsm-40,virtphy-6b7886fcb7-4thcc,7,1
1782471101,gsm-40,msc-test-stub-5b875d749d-hw2sw,4,16
1782471101,gsm-40,osmo-bsc-594654bd47-gq2pw,1,5
1782471101,gsm-40,osmo-bts-virtual-5f8b9b86fc-pwqfm,31,5
1782471101,gsm-40,osmo-hlr-546bdb8988-n67rt,1,2
1782471101,gsm-40,osmo-mgw-8c8fc67d6-lwm4h,1,2
1782471101,gsm-40,osmo-mobile-58f6599fd8-t84nt,4,36
1782471101,gsm-40,osmo-stp-768687f494-wq8sh,1,2
1782471101,gsm-40,ttcn3-tc-26-7-4-2-4-5-1-hf26r,14,6
1782471101,gsm-40,virtphy-6b7886fcb7-4thcc,7,1
1782471104,gsm-40,msc-test-stub-5b875d749d-hw2sw,1,16
1782471104,gsm-40,osmo-bsc-594654bd47-gq2pw,1,5
1782471104,gsm-40,osmo-bts-virtual-5f8b9b86fc-pwqfm,25,5
1782471104,gsm-40,osmo-hlr-546bdb8988-n67rt,1,2
1782471104,gsm-40,osmo-mgw-8c8fc67d6-lwm4h,1,2
1782471104,gsm-40,osmo-mobile-58f6599fd8-t84nt,3,36
1782471104,gsm-40,osmo-stp-768687f494-wq8sh,1,2
1782471104,gsm-40,ttcn3-tc-26-7-4-2-4-5-1-hf26r,1,6
1782471104,gsm-40,virtphy-6b7886fcb7-4thcc,7,1
1782471106,gsm-40,msc-test-stub-5b875d749d-hw2sw,1,16
1782471106,gsm-40,osmo-bsc-594654bd47-gq2pw,1,5
1782471106,gsm-40,osmo-bts-virtual-5f8b9b86fc-pwqfm,25,5
1782471106,gsm-40,osmo-hlr-546bdb8988-n67rt,1,2
1782471106,gsm-40,osmo-mgw-8c8fc67d6-lwm4h,1,2
1782471106,gsm-40,osmo-mobile-58f6599fd8-t84nt,3,36
1782471106,gsm-40,osmo-stp-768687f494-wq8sh,1,2
1782471106,gsm-40,ttcn3-tc-26-7-4-2-4-5-1-hf26r,1,6
1782471106,gsm-40,virtphy-6b7886fcb7-4thcc,7,1
1782471108,gsm-40,msc-test-stub-5b875d749d-hw2sw,1,16
1782471108,gsm-40,osmo-bsc-594654bd47-gq2pw,1,5
1782471108,gsm-40,osmo-bts-virtual-5f8b9b86fc-pwqfm,25,5
1782471108,gsm-40,osmo-hlr-546bdb8988-n67rt,1,2
1782471108,gsm-40,osmo-mgw-8c8fc67d6-lwm4h,1,2
1782471108,gsm-40,osmo-mobile-58f6599fd8-t84nt,3,36
1782471108,gsm-40,osmo-stp-768687f494-wq8sh,1,2
1782471108,gsm-40,ttcn3-tc-26-7-4-2-4-5-1-hf26r,1,6
1782471108,gsm-40,virtphy-6b7886fcb7-4thcc,7,1
1782471111,gsm-40,msc-test-stub-5b875d749d-hw2sw,1,16
1782471111,gsm-40,osmo-bsc-594654bd47-gq2pw,1,5
1782471111,gsm-40,osmo-bts-virtual-5f8b9b86fc-pwqfm,25,5
1782471111,gsm-40,osmo-hlr-546bdb8988-n67rt,1,2
1782471111,gsm-40,osmo-mgw-8c8fc67d6-lwm4h,1,2
1782471111,gsm-40,osmo-mobile-58f6599fd8-t84nt,3,36
1782471111,gsm-40,osmo-stp-768687f494-wq8sh,1,2
1782471111,gsm-40,ttcn3-tc-26-7-4-2-4-5-1-hf26r,1,6
1782471111,gsm-40,virtphy-6b7886fcb7-4thcc,7,1
1782471113,gsm-40,msc-test-stub-5b875d749d-hw2sw,1,16
1782471113,gsm-40,osmo-bsc-594654bd47-gq2pw,1,5
1782471113,gsm-40,osmo-bts-virtual-5f8b9b86fc-pwqfm,25,5
1782471113,gsm-40,osmo-hlr-546bdb8988-n67rt,1,2
1782471113,gsm-40,osmo-mgw-8c8fc67d6-lwm4h,1,2
1782471113,gsm-40,osmo-mobile-58f6599fd8-t84nt,3,36
1782471113,gsm-40,osmo-stp-768687f494-wq8sh,1,2
1782471113,gsm-40,ttcn3-tc-26-7-4-2-4-5-1-hf26r,1,6
1782471113,gsm-40,virtphy-6b7886fcb7-4thcc,7,1
1782471116,gsm-40,msc-test-stub-5b875d749d-hw2sw,1,16
1782471116,gsm-40,osmo-bsc-594654bd47-gq2pw,1,5
1782471116,gsm-40,osmo-bts-virtual-5f8b9b86fc-pwqfm,25,5
1782471116,gsm-40,osmo-hlr-546bdb8988-n67rt,1,2
1782471116,gsm-40,osmo-mgw-8c8fc67d6-lwm4h,1,2
1782471116,gsm-40,osmo-mobile-58f6599fd8-t84nt,3,36
1782471116,gsm-40,osmo-stp-768687f494-wq8sh,1,2
1782471116,gsm-40,ttcn3-tc-26-7-4-2-4-5-1-hf26r,1,6
1782471116,gsm-40,virtphy-6b7886fcb7-4thcc,7,1
1782471118,gsm-40,msc-test-stub-5b875d749d-hw2sw,1,16
1782471118,gsm-40,osmo-bsc-594654bd47-gq2pw,1,5
1782471118,gsm-40,osmo-bts-virtual-5f8b9b86fc-pwqfm,23,5
1782471118,gsm-40,osmo-hlr-546bdb8988-n67rt,1,2
1782471118,gsm-40,osmo-mgw-8c8fc67d6-lwm4h,1,2
1782471118,gsm-40,osmo-mobile-58f6599fd8-t84nt,3,36
1782471118,gsm-40,osmo-stp-768687f494-wq8sh,1,2
1782471118,gsm-40,ttcn3-tc-26-7-4-2-4-5-1-hf26r,1,6
1782471118,gsm-40,virtphy-6b7886fcb7-4thcc,7,1
1782471120,gsm-40,msc-test-stub-5b875d749d-hw2sw,1,16
1782471120,gsm-40,osmo-bsc-594654bd47-gq2pw,1,5
1782471120,gsm-40,osmo-bts-virtual-5f8b9b86fc-pwqfm,23,5
1782471120,gsm-40,osmo-hlr-546bdb8988-n67rt,1,2
1782471120,gsm-40,osmo-mgw-8c8fc67d6-lwm4h,1,2
1782471120,gsm-40,osmo-mobile-58f6599fd8-t84nt,3,36
1782471120,gsm-40,osmo-stp-768687f494-wq8sh,1,2
1782471120,gsm-40,ttcn3-tc-26-7-4-2-4-5-1-hf26r,1,6
1782471120,gsm-40,virtphy-6b7886fcb7-4thcc,7,1
1782471123,gsm-40,msc-test-stub-5b875d749d-hw2sw,1,16
1782471123,gsm-40,osmo-bsc-594654bd47-gq2pw,1,5
1782471123,gsm-40,osmo-bts-virtual-5f8b9b86fc-pwqfm,23,5
1782471123,gsm-40,osmo-hlr-546bdb8988-n67rt,1,2
1782471123,gsm-40,osmo-mgw-8c8fc67d6-lwm4h,1,2
1782471123,gsm-40,osmo-mobile-58f6599fd8-t84nt,3,36
1782471123,gsm-40,osmo-stp-768687f494-wq8sh,1,2
1782471123,gsm-40,ttcn3-tc-26-7-4-2-4-5-1-hf26r,1,6
1782471123,gsm-40,virtphy-6b7886fcb7-4thcc,7,1
1782471126,gsm-40,msc-test-stub-5b875d749d-hw2sw,1,16
1782471126,gsm-40,osmo-bsc-594654bd47-gq2pw,1,5
1782471126,gsm-40,osmo-bts-virtual-5f8b9b86fc-pwqfm,23,5
1782471126,gsm-40,osmo-hlr-546bdb8988-n67rt,1,2
1782471126,gsm-40,osmo-mgw-8c8fc67d6-lwm4h,1,2
1782471126,gsm-40,osmo-mobile-58f6599fd8-t84nt,3,36
1782471126,gsm-40,osmo-stp-768687f494-wq8sh,1,2
1782471126,gsm-40,ttcn3-tc-26-7-4-2-4-5-1-hf26r,1,6
1782471126,gsm-40,virtphy-6b7886fcb7-4thcc,7,1
1782471128,gsm-40,msc-test-stub-5b875d749d-hw2sw,1,16
1782471128,gsm-40,osmo-bsc-594654bd47-gq2pw,1,5
1782471128,gsm-40,osmo-bts-virtual-5f8b9b86fc-pwqfm,23,5
1782471128,gsm-40,osmo-hlr-546bdb8988-n67rt,1,2
1782471128,gsm-40,osmo-mgw-8c8fc67d6-lwm4h,1,2
1782471128,gsm-40,osmo-mobile-58f6599fd8-t84nt,3,36
1782471128,gsm-40,osmo-stp-768687f494-wq8sh,1,2
1782471128,gsm-40,ttcn3-tc-26-7-4-2-4-5-1-hf26r,1,6
1782471128,gsm-40,virtphy-6b7886fcb7-4thcc,7,1
1782471130,gsm-40,msc-test-stub-5b875d749d-hw2sw,1,16
1782471130,gsm-40,osmo-bsc-594654bd47-gq2pw,1,5
1782471130,gsm-40,osmo-bts-virtual-5f8b9b86fc-pwqfm,23,5
1782471130,gsm-40,osmo-hlr-546bdb8988-n67rt,1,2
1782471130,gsm-40,osmo-mgw-8c8fc67d6-lwm4h,1,2
1782471130,gsm-40,osmo-mobile-58f6599fd8-t84nt,3,36
1782471130,gsm-40,osmo-stp-768687f494-wq8sh,1,2
1782471130,gsm-40,ttcn3-tc-26-7-4-2-4-5-1-hf26r,1,6
1782471130,gsm-40,virtphy-6b7886fcb7-4thcc,7,1
1782471133,gsm-40,msc-test-stub-5b875d749d-hw2sw,1,16
1782471133,gsm-40,osmo-bsc-594654bd47-gq2pw,1,5
1782471133,gsm-40,osmo-bts-virtual-5f8b9b86fc-pwqfm,23,5
1782471133,gsm-40,osmo-hlr-546bdb8988-n67rt,1,2
1782471133,gsm-40,osmo-mgw-8c8fc67d6-lwm4h,1,2
1782471133,gsm-40,osmo-mobile-58f6599fd8-t84nt,3,36
1782471133,gsm-40,osmo-stp-768687f494-wq8sh,1,2
1782471133,gsm-40,ttcn3-tc-26-7-4-2-4-5-1-hf26r,1,6
1782471133,gsm-40,virtphy-6b7886fcb7-4thcc,7,1
1782471135,gsm-40,msc-test-stub-5b875d749d-hw2sw,1,16
1782471135,gsm-40,osmo-bsc-594654bd47-gq2pw,1,5
1782471135,gsm-40,osmo-bts-virtual-5f8b9b86fc-pwqfm,23,5
1782471135,gsm-40,osmo-hlr-546bdb8988-n67rt,1,2
1782471135,gsm-40,osmo-mgw-8c8fc67d6-lwm4h,1,2
1782471135,gsm-40,osmo-mobile-58f6599fd8-t84nt,3,36
1782471135,gsm-40,osmo-stp-768687f494-wq8sh,1,2
1782471135,gsm-40,ttcn3-tc-26-7-4-2-4-5-1-hf26r,1,6
1782471135,gsm-40,virtphy-6b7886fcb7-4thcc,7,1
1782471137,gsm-40,msc-test-stub-5b875d749d-hw2sw,1,16
1782471137,gsm-40,osmo-bsc-594654bd47-gq2pw,1,5
1782471137,gsm-40,osmo-bts-virtual-5f8b9b86fc-pwqfm,23,5
1782471137,gsm-40,osmo-hlr-546bdb8988-n67rt,1,2
1782471137,gsm-40,osmo-mgw-8c8fc67d6-lwm4h,1,2
1782471137,gsm-40,osmo-mobile-58f6599fd8-t84nt,3,36
1782471137,gsm-40,osmo-stp-768687f494-wq8sh,1,2
1782471137,gsm-40,ttcn3-tc-26-7-4-2-4-5-1-hf26r,1,6
1782471137,gsm-40,virtphy-6b7886fcb7-4thcc,7,1
1782471140,gsm-40,msc-test-stub-5b875d749d-hw2sw,1,16
1782471140,gsm-40,osmo-bsc-594654bd47-gq2pw,1,5
1782471140,gsm-40,osmo-bts-virtual-5f8b9b86fc-pwqfm,23,5
1782471140,gsm-40,osmo-hlr-546bdb8988-n67rt,1,2
1782471140,gsm-40,osmo-mgw-8c8fc67d6-lwm4h,1,2
1782471140,gsm-40,osmo-mobile-58f6599fd8-t84nt,3,36
1782471140,gsm-40,osmo-stp-768687f494-wq8sh,1,2
1782471140,gsm-40,ttcn3-tc-26-7-4-2-4-5-1-hf26r,1,6
1782471140,gsm-40,virtphy-6b7886fcb7-4thcc,7,1
1782471142,gsm-40,msc-test-stub-5b875d749d-hw2sw,1,16
1782471142,gsm-40,osmo-bsc-594654bd47-gq2pw,1,5
1782471142,gsm-40,osmo-bts-virtual-5f8b9b86fc-pwqfm,23,5
1782471142,gsm-40,osmo-hlr-546bdb8988-n67rt,1,2
1782471142,gsm-40,osmo-mgw-8c8fc67d6-lwm4h,1,2
1782471142,gsm-40,osmo-mobile-58f6599fd8-t84nt,3,36
1782471142,gsm-40,osmo-stp-768687f494-wq8sh,1,2
1782471142,gsm-40,ttcn3-tc-26-7-4-2-4-5-1-hf26r,1,6
1782471142,gsm-40,virtphy-6b7886fcb7-4thcc,7,1
1782471145,gsm-40,msc-test-stub-5b875d749d-hw2sw,1,16
1782471145,gsm-40,osmo-bsc-594654bd47-gq2pw,1,5
1782471145,gsm-40,osmo-bts-virtual-5f8b9b86fc-pwqfm,23,5
1782471145,gsm-40,osmo-hlr-546bdb8988-n67rt,1,2
1782471145,gsm-40,osmo-mgw-8c8fc67d6-lwm4h,1,2
1782471145,gsm-40,osmo-mobile-58f6599fd8-t84nt,3,36
1782471145,gsm-40,osmo-stp-768687f494-wq8sh,1,2
1782471145,gsm-40,ttcn3-tc-26-7-4-2-4-5-1-hf26r,1,6
1782471145,gsm-40,virtphy-6b7886fcb7-4thcc,7,1
1782471148,gsm-40,msc-test-stub-5b875d749d-hw2sw,1,16
1782471148,gsm-40,osmo-bsc-594654bd47-gq2pw,1,5
1782471148,gsm-40,osmo-bts-virtual-5f8b9b86fc-pwqfm,25,5
1782471148,gsm-40,osmo-hlr-546bdb8988-n67rt,1,2
1782471148,gsm-40,osmo-mgw-8c8fc67d6-lwm4h,1,2
1782471148,gsm-40,osmo-mobile-58f6599fd8-t84nt,3,36
1782471148,gsm-40,osmo-stp-768687f494-wq8sh,1,2
1782471148,gsm-40,ttcn3-tc-26-7-4-2-4-5-1-hf26r,1,6
1782471148,gsm-40,virtphy-6b7886fcb7-4thcc,7,1
1782471153,gsm-40,msc-test-stub-5b875d749d-hw2sw,1,16
1782471153,gsm-40,osmo-bsc-594654bd47-gq2pw,1,5
1782471153,gsm-40,osmo-bts-virtual-5f8b9b86fc-pwqfm,25,5
1782471153,gsm-40,osmo-hlr-546bdb8988-n67rt,1,2
1782471153,gsm-40,osmo-mgw-8c8fc67d6-lwm4h,1,2
1782471153,gsm-40,osmo-mobile-58f6599fd8-t84nt,3,36
1782471153,gsm-40,osmo-stp-768687f494-wq8sh,1,2
1782471153,gsm-40,ttcn3-tc-26-7-4-2-4-5-1-hf26r,1,6
1782471153,gsm-40,virtphy-6b7886fcb7-4thcc,7,1
1782471156,gsm-40,msc-test-stub-5b875d749d-hw2sw,1,16
1782471156,gsm-40,osmo-bsc-594654bd47-gq2pw,1,5
1782471156,gsm-40,osmo-bts-virtual-5f8b9b86fc-pwqfm,25,5
1782471156,gsm-40,osmo-hlr-546bdb8988-n67rt,1,2
1782471156,gsm-40,osmo-mgw-8c8fc67d6-lwm4h,1,2
1782471156,gsm-40,osmo-mobile-58f6599fd8-t84nt,3,36
1782471156,gsm-40,osmo-stp-768687f494-wq8sh,1,2
1782471156,gsm-40,ttcn3-tc-26-7-4-2-4-5-1-hf26r,1,6
1782471156,gsm-40,virtphy-6b7886fcb7-4thcc,7,1
1782471158,gsm-40,msc-test-stub-5b875d749d-hw2sw,1,16
1782471158,gsm-40,osmo-bsc-594654bd47-gq2pw,1,5
1782471158,gsm-40,osmo-bts-virtual-5f8b9b86fc-pwqfm,25,5
1782471158,gsm-40,osmo-hlr-546bdb8988-n67rt,1,2
1782471158,gsm-40,osmo-mgw-8c8fc67d6-lwm4h,1,2
1782471158,gsm-40,osmo-mobile-58f6599fd8-t84nt,3,36
1782471158,gsm-40,osmo-stp-768687f494-wq8sh,1,2
1782471158,gsm-40,ttcn3-tc-26-7-4-2-4-5-1-hf26r,1,6
1782471158,gsm-40,virtphy-6b7886fcb7-4thcc,7,1
1782471161,gsm-40,msc-test-stub-5b875d749d-hw2sw,1,16
1782471161,gsm-40,osmo-bsc-594654bd47-gq2pw,1,5
1782471161,gsm-40,osmo-bts-virtual-5f8b9b86fc-pwqfm,25,5
1782471161,gsm-40,osmo-hlr-546bdb8988-n67rt,1,2
1782471161,gsm-40,osmo-mgw-8c8fc67d6-lwm4h,1,2
1782471161,gsm-40,osmo-mobile-58f6599fd8-t84nt,3,36
1782471161,gsm-40,osmo-stp-768687f494-wq8sh,1,2
1782471161,gsm-40,ttcn3-tc-26-7-4-2-4-5-1-hf26r,1,6
1782471161,gsm-40,virtphy-6b7886fcb7-4thcc,7,1
1782471163,gsm-40,msc-test-stub-5b875d749d-hw2sw,1,16
1782471163,gsm-40,osmo-bsc-594654bd47-gq2pw,1,5
1782471163,gsm-40,osmo-bts-virtual-5f8b9b86fc-pwqfm,25,5
1782471163,gsm-40,osmo-hlr-546bdb8988-n67rt,1,2
1782471163,gsm-40,osmo-mgw-8c8fc67d6-lwm4h,1,2
1782471163,gsm-40,osmo-mobile-58f6599fd8-t84nt,3,36
1782471163,gsm-40,osmo-stp-768687f494-wq8sh,1,2
1782471163,gsm-40,ttcn3-tc-26-7-4-2-4-5-1-hf26r,1,6
1782471163,gsm-40,virtphy-6b7886fcb7-4thcc,7,1
1782471165,gsm-40,msc-test-stub-5b875d749d-hw2sw,1,16
1782471165,gsm-40,osmo-bsc-594654bd47-gq2pw,1,5
1782471165,gsm-40,osmo-bts-virtual-5f8b9b86fc-pwqfm,25,5
1782471165,gsm-40,osmo-hlr-546bdb8988-n67rt,1,2
1782471165,gsm-40,osmo-mgw-8c8fc67d6-lwm4h,1,2
1782471165,gsm-40,osmo-mobile-58f6599fd8-t84nt,3,36
1782471165,gsm-40,osmo-stp-768687f494-wq8sh,1,2
1782471165,gsm-40,ttcn3-tc-26-7-4-2-4-5-1-hf26r,1,6
1782471165,gsm-40,virtphy-6b7886fcb7-4thcc,7,1
1782471168,gsm-40,msc-test-stub-5b875d749d-hw2sw,1,16
1782471168,gsm-40,osmo-bsc-594654bd47-gq2pw,1,5
1782471168,gsm-40,osmo-bts-virtual-5f8b9b86fc-pwqfm,25,5
1782471168,gsm-40,osmo-hlr-546bdb8988-n67rt,1,2
1782471168,gsm-40,osmo-mgw-8c8fc67d6-lwm4h,1,2
1782471168,gsm-40,osmo-mobile-58f6599fd8-t84nt,3,36
1782471168,gsm-40,osmo-stp-768687f494-wq8sh,1,2
1782471168,gsm-40,ttcn3-tc-26-7-4-2-4-5-1-hf26r,1,6
1782471168,gsm-40,virtphy-6b7886fcb7-4thcc,7,1
1782471171,gsm-40,msc-test-stub-5b875d749d-hw2sw,1,16
1782471171,gsm-40,osmo-bsc-594654bd47-gq2pw,1,5
1782471171,gsm-40,osmo-bts-virtual-5f8b9b86fc-pwqfm,25,5
1782471171,gsm-40,osmo-hlr-546bdb8988-n67rt,1,2
1782471171,gsm-40,osmo-mgw-8c8fc67d6-lwm4h,1,2
1782471171,gsm-40,osmo-mobile-58f6599fd8-t84nt,3,36
1782471171,gsm-40,osmo-stp-768687f494-wq8sh,1,2
1782471171,gsm-40,ttcn3-tc-26-7-4-2-4-5-1-hf26r,1,6
1782471171,gsm-40,virtphy-6b7886fcb7-4thcc,7,1
1782471174,gsm-40,msc-test-stub-5b875d749d-hw2sw,1,16
1782471174,gsm-40,osmo-bsc-594654bd47-gq2pw,1,5
1782471174,gsm-40,osmo-bts-virtual-5f8b9b86fc-pwqfm,25,5
1782471174,gsm-40,osmo-hlr-546bdb8988-n67rt,1,2
1782471174,gsm-40,osmo-mgw-8c8fc67d6-lwm4h,1,2
1782471174,gsm-40,osmo-mobile-58f6599fd8-t84nt,3,36
1782471174,gsm-40,osmo-stp-768687f494-wq8sh,1,2
1782471174,gsm-40,ttcn3-tc-26-7-4-2-4-5-1-hf26r,1,6
1782471174,gsm-40,virtphy-6b7886fcb7-4thcc,7,1
1782471176,gsm-40,msc-test-stub-5b875d749d-hw2sw,1,16
1782471176,gsm-40,osmo-bsc-594654bd47-gq2pw,1,5
1782471176,gsm-40,osmo-bts-virtual-5f8b9b86fc-pwqfm,25,5
1782471176,gsm-40,osmo-hlr-546bdb8988-n67rt,1,2
1782471176,gsm-40,osmo-mgw-8c8fc67d6-lwm4h,1,2
1782471176,gsm-40,osmo-mobile-58f6599fd8-t84nt,3,36
1782471176,gsm-40,osmo-stp-768687f494-wq8sh,1,2
1782471176,gsm-40,ttcn3-tc-26-7-4-2-4-5-1-hf26r,1,6
1782471176,gsm-40,virtphy-6b7886fcb7-4thcc,7,1
1782471178,gsm-40,msc-test-stub-5b875d749d-hw2sw,1,16
1782471178,gsm-40,osmo-bsc-594654bd47-gq2pw,1,5
1782471178,gsm-40,osmo-bts-virtual-5f8b9b86fc-pwqfm,25,5
1782471178,gsm-40,osmo-hlr-546bdb8988-n67rt,1,2
1782471178,gsm-40,osmo-mgw-8c8fc67d6-lwm4h,1,2
1782471178,gsm-40,osmo-mobile-58f6599fd8-t84nt,3,36
1782471178,gsm-40,osmo-stp-768687f494-wq8sh,1,2
1782471178,gsm-40,ttcn3-tc-26-7-4-2-4-5-1-hf26r,2,6
1782471178,gsm-40,virtphy-6b7886fcb7-4thcc,7,1
1782471181,gsm-40,msc-test-stub-5b875d749d-hw2sw,1,16
1782471181,gsm-40,osmo-bsc-594654bd47-gq2pw,1,5
1782471181,gsm-40,osmo-bts-virtual-5f8b9b86fc-pwqfm,25,5
1782471181,gsm-40,osmo-hlr-546bdb8988-n67rt,1,2
1782471181,gsm-40,osmo-mgw-8c8fc67d6-lwm4h,1,2
1782471181,gsm-40,osmo-mobile-58f6599fd8-t84nt,3,36
1782471181,gsm-40,osmo-stp-768687f494-wq8sh,1,2
1782471181,gsm-40,ttcn3-tc-26-7-4-2-4-5-1-hf26r,2,6
1782471181,gsm-40,virtphy-6b7886fcb7-4thcc,7,1
1782471183,gsm-40,msc-test-stub-5b875d749d-hw2sw,1,16
1782471183,gsm-40,osmo-bsc-594654bd47-gq2pw,1,5
1782471183,gsm-40,osmo-bts-virtual-5f8b9b86fc-pwqfm,25,5
1782471183,gsm-40,osmo-hlr-546bdb8988-n67rt,1,2
1782471183,gsm-40,osmo-mgw-8c8fc67d6-lwm4h,1,2
1782471183,gsm-40,osmo-mobile-58f6599fd8-t84nt,3,36
1782471183,gsm-40,osmo-stp-768687f494-wq8sh,1,2
1782471183,gsm-40,ttcn3-tc-26-7-4-2-4-5-1-hf26r,2,6
1782471183,gsm-40,virtphy-6b7886fcb7-4thcc,7,1
1782471185,gsm-40,msc-test-stub-5b875d749d-hw2sw,1,16
1782471185,gsm-40,osmo-bsc-594654bd47-gq2pw,1,5
1782471185,gsm-40,osmo-bts-virtual-5f8b9b86fc-pwqfm,25,5
1782471185,gsm-40,osmo-hlr-546bdb8988-n67rt,1,2
1782471185,gsm-40,osmo-mgw-8c8fc67d6-lwm4h,1,2
1782471185,gsm-40,osmo-mobile-58f6599fd8-t84nt,3,36
1782471185,gsm-40,osmo-stp-768687f494-wq8sh,1,2
1782471185,gsm-40,ttcn3-tc-26-7-4-2-4-5-1-hf26r,2,6
1782471185,gsm-40,virtphy-6b7886fcb7-4thcc,7,1
1782471188,gsm-40,msc-test-stub-5b875d749d-hw2sw,1,16
1782471188,gsm-40,osmo-bsc-594654bd47-gq2pw,1,5
1782471188,gsm-40,osmo-bts-virtual-5f8b9b86fc-pwqfm,25,5
1782471188,gsm-40,osmo-hlr-546bdb8988-n67rt,1,2
1782471188,gsm-40,osmo-mgw-8c8fc67d6-lwm4h,1,2
1782471188,gsm-40,osmo-mobile-58f6599fd8-t84nt,3,36
1782471188,gsm-40,osmo-stp-768687f494-wq8sh,1,2
1782471188,gsm-40,ttcn3-tc-26-7-4-2-4-5-1-hf26r,2,6
1782471188,gsm-40,virtphy-6b7886fcb7-4thcc,7,1
1782471191,gsm-40,msc-test-stub-5b875d749d-hw2sw,1,16
1782471191,gsm-40,osmo-bsc-594654bd47-gq2pw,1,5
1782471191,gsm-40,osmo-bts-virtual-5f8b9b86fc-pwqfm,25,5
1782471191,gsm-40,osmo-hlr-546bdb8988-n67rt,1,2
1782471191,gsm-40,osmo-mgw-8c8fc67d6-lwm4h,1,2
1782471191,gsm-40,osmo-mobile-58f6599fd8-t84nt,3,36
1782471191,gsm-40,osmo-stp-768687f494-wq8sh,1,2
1782471191,gsm-40,ttcn3-tc-26-7-4-2-4-5-1-hf26r,2,6
1782471191,gsm-40,virtphy-6b7886fcb7-4thcc,7,1
1782471193,gsm-40,msc-test-stub-5b875d749d-hw2sw,1,16
1782471193,gsm-40,osmo-bsc-594654bd47-gq2pw,1,5
1782471193,gsm-40,osmo-bts-virtual-5f8b9b86fc-pwqfm,28,5
1782471193,gsm-40,osmo-hlr-546bdb8988-n67rt,1,2
1782471193,gsm-40,osmo-mgw-8c8fc67d6-lwm4h,1,2
1782471193,gsm-40,osmo-mobile-58f6599fd8-t84nt,3,36
1782471193,gsm-40,osmo-stp-768687f494-wq8sh,1,2
1782471193,gsm-40,ttcn3-tc-26-7-4-2-4-5-1-hf26r,1,6
1782471193,gsm-40,virtphy-6b7886fcb7-4thcc,8,1
1782471195,gsm-40,msc-test-stub-5b875d749d-hw2sw,1,16
1782471195,gsm-40,osmo-bsc-594654bd47-gq2pw,1,5
1782471195,gsm-40,osmo-bts-virtual-5f8b9b86fc-pwqfm,28,5
1782471195,gsm-40,osmo-hlr-546bdb8988-n67rt,1,2
1782471195,gsm-40,osmo-mgw-8c8fc67d6-lwm4h,1,2
1782471195,gsm-40,osmo-mobile-58f6599fd8-t84nt,3,36
1782471195,gsm-40,osmo-stp-768687f494-wq8sh,1,2
1782471195,gsm-40,ttcn3-tc-26-7-4-2-4-5-1-hf26r,1,6
1782471195,gsm-40,virtphy-6b7886fcb7-4thcc,8,1
1782471198,gsm-40,msc-test-stub-5b875d749d-hw2sw,1,16
1782471198,gsm-40,osmo-bsc-594654bd47-gq2pw,1,5
1782471198,gsm-40,osmo-bts-virtual-5f8b9b86fc-pwqfm,28,5
1782471198,gsm-40,osmo-hlr-546bdb8988-n67rt,1,2
1782471198,gsm-40,osmo-mgw-8c8fc67d6-lwm4h,1,2
1782471198,gsm-40,osmo-mobile-58f6599fd8-t84nt,3,36
1782471198,gsm-40,osmo-stp-768687f494-wq8sh,1,2
1782471198,gsm-40,ttcn3-tc-26-7-4-2-4-5-1-hf26r,1,6
1782471198,gsm-40,virtphy-6b7886fcb7-4thcc,8,1
1782471200,gsm-40,msc-test-stub-5b875d749d-hw2sw,1,16
1782471200,gsm-40,osmo-bsc-594654bd47-gq2pw,1,5
1782471200,gsm-40,osmo-bts-virtual-5f8b9b86fc-pwqfm,28,5
1782471200,gsm-40,osmo-hlr-546bdb8988-n67rt,1,2
1782471200,gsm-40,osmo-mgw-8c8fc67d6-lwm4h,1,2
1782471200,gsm-40,osmo-mobile-58f6599fd8-t84nt,3,36
1782471200,gsm-40,osmo-stp-768687f494-wq8sh,1,2
1782471200,gsm-40,ttcn3-tc-26-7-4-2-4-5-1-hf26r,1,6
1782471200,gsm-40,virtphy-6b7886fcb7-4thcc,8,1
1782471203,gsm-40,msc-test-stub-5b875d749d-hw2sw,1,16
1782471203,gsm-40,osmo-bsc-594654bd47-gq2pw,1,5
1782471203,gsm-40,osmo-bts-virtual-5f8b9b86fc-pwqfm,28,5
1782471203,gsm-40,osmo-hlr-546bdb8988-n67rt,1,2
1782471203,gsm-40,osmo-mgw-8c8fc67d6-lwm4h,1,2
1782471203,gsm-40,osmo-mobile-58f6599fd8-t84nt,3,36
1782471203,gsm-40,osmo-stp-768687f494-wq8sh,1,2
1782471203,gsm-40,ttcn3-tc-26-7-4-2-4-5-1-hf26r,1,6
1782471203,gsm-40,virtphy-6b7886fcb7-4thcc,8,1
1782471206,gsm-40,msc-test-stub-5b875d749d-hw2sw,1,16
1782471206,gsm-40,osmo-bsc-594654bd47-gq2pw,1,5
1782471206,gsm-40,osmo-bts-virtual-5f8b9b86fc-pwqfm,28,5
1782471206,gsm-40,osmo-hlr-546bdb8988-n67rt,1,2
1782471206,gsm-40,osmo-mgw-8c8fc67d6-lwm4h,1,2
1782471206,gsm-40,osmo-mobile-58f6599fd8-t84nt,3,36
1782471206,gsm-40,osmo-stp-768687f494-wq8sh,1,2
1782471206,gsm-40,ttcn3-tc-26-7-4-2-4-5-1-hf26r,1,6
1782471206,gsm-40,virtphy-6b7886fcb7-4thcc,8,1
1782471208,gsm-40,msc-test-stub-5b875d749d-hw2sw,1,16
1782471208,gsm-40,osmo-bsc-594654bd47-gq2pw,1,5
1782471208,gsm-40,osmo-bts-virtual-5f8b9b86fc-pwqfm,25,5
1782471208,gsm-40,osmo-hlr-546bdb8988-n67rt,1,2
1782471208,gsm-40,osmo-mgw-8c8fc67d6-lwm4h,1,2
1782471208,gsm-40,osmo-mobile-58f6599fd8-t84nt,3,36
1782471208,gsm-40,osmo-stp-768687f494-wq8sh,1,2
1782471208,gsm-40,ttcn3-tc-26-7-4-2-4-5-1-hf26r,1,6
1782471208,gsm-40,virtphy-6b7886fcb7-4thcc,7,1
1782471210,gsm-40,msc-test-stub-5b875d749d-hw2sw,1,16
1782471210,gsm-40,osmo-bsc-594654bd47-gq2pw,1,5
1782471210,gsm-40,osmo-bts-virtual-5f8b9b86fc-pwqfm,25,5
1782471210,gsm-40,osmo-hlr-546bdb8988-n67rt,1,2
1782471210,gsm-40,osmo-mgw-8c8fc67d6-lwm4h,1,2
1782471210,gsm-40,osmo-mobile-58f6599fd8-t84nt,3,36
1782471210,gsm-40,osmo-stp-768687f494-wq8sh,1,2
1782471210,gsm-40,ttcn3-tc-26-7-4-2-4-5-1-hf26r,1,6
1782471210,gsm-40,virtphy-6b7886fcb7-4thcc,7,1
1782471213,gsm-40,msc-test-stub-5b875d749d-hw2sw,1,16
1782471213,gsm-40,osmo-bsc-594654bd47-gq2pw,1,5
1782471213,gsm-40,osmo-bts-virtual-5f8b9b86fc-pwqfm,25,5
1782471213,gsm-40,osmo-hlr-546bdb8988-n67rt,1,2
1782471213,gsm-40,osmo-mgw-8c8fc67d6-lwm4h,1,2
1782471213,gsm-40,osmo-mobile-58f6599fd8-t84nt,3,36
1782471213,gsm-40,osmo-stp-768687f494-wq8sh,1,2
1782471213,gsm-40,ttcn3-tc-26-7-4-2-4-5-1-hf26r,1,6
1782471213,gsm-40,virtphy-6b7886fcb7-4thcc,7,1
1782471215,gsm-40,msc-test-stub-5b875d749d-hw2sw,1,16
1782471215,gsm-40,osmo-bsc-594654bd47-gq2pw,1,5
1782471215,gsm-40,osmo-bts-virtual-5f8b9b86fc-pwqfm,25,5
1782471215,gsm-40,osmo-hlr-546bdb8988-n67rt,1,2
1782471215,gsm-40,osmo-mgw-8c8fc67d6-lwm4h,1,2
1782471215,gsm-40,osmo-mobile-58f6599fd8-t84nt,3,36
1782471215,gsm-40,osmo-stp-768687f494-wq8sh,1,2
1782471215,gsm-40,ttcn3-tc-26-7-4-2-4-5-1-hf26r,1,6
1782471215,gsm-40,virtphy-6b7886fcb7-4thcc,7,1
1782471218,gsm-40,msc-test-stub-5b875d749d-hw2sw,1,16
1782471218,gsm-40,osmo-bsc-594654bd47-gq2pw,1,5
1782471218,gsm-40,osmo-bts-virtual-5f8b9b86fc-pwqfm,25,5
1782471218,gsm-40,osmo-hlr-546bdb8988-n67rt,1,2
1782471218,gsm-40,osmo-mgw-8c8fc67d6-lwm4h,1,2
1782471218,gsm-40,osmo-mobile-58f6599fd8-t84nt,3,36
1782471218,gsm-40,osmo-stp-768687f494-wq8sh,1,2
1782471218,gsm-40,ttcn3-tc-26-7-4-2-4-5-1-hf26r,1,6
1782471218,gsm-40,virtphy-6b7886fcb7-4thcc,7,1
1782471221,gsm-40,msc-test-stub-5b875d749d-hw2sw,1,16
1782471221,gsm-40,osmo-bsc-594654bd47-gq2pw,1,5
1782471221,gsm-40,osmo-bts-virtual-5f8b9b86fc-pwqfm,25,5
1782471221,gsm-40,osmo-hlr-546bdb8988-n67rt,1,2
1782471221,gsm-40,osmo-mgw-8c8fc67d6-lwm4h,1,2
1782471221,gsm-40,osmo-mobile-58f6599fd8-t84nt,3,36
1782471221,gsm-40,osmo-stp-768687f494-wq8sh,1,2
1782471221,gsm-40,ttcn3-tc-26-7-4-2-4-5-1-hf26r,1,6
1782471221,gsm-40,virtphy-6b7886fcb7-4thcc,7,1
1782471223,gsm-40,msc-test-stub-5b875d749d-hw2sw,1,16
1782471223,gsm-40,osmo-bsc-594654bd47-gq2pw,1,5
1782471223,gsm-40,osmo-bts-virtual-5f8b9b86fc-pwqfm,26,5
1782471223,gsm-40,osmo-hlr-546bdb8988-n67rt,1,2
1782471223,gsm-40,osmo-mgw-8c8fc67d6-lwm4h,1,2
1782471223,gsm-40,osmo-mobile-58f6599fd8-t84nt,3,36
1782471223,gsm-40,osmo-stp-768687f494-wq8sh,1,2
1782471223,gsm-40,ttcn3-tc-26-7-4-2-4-5-1-hf26r,1,6
1782471223,gsm-40,virtphy-6b7886fcb7-4thcc,6,1
1782471225,gsm-40,msc-test-stub-5b875d749d-hw2sw,1,16
1782471225,gsm-40,osmo-bsc-594654bd47-gq2pw,1,5
1782471225,gsm-40,osmo-bts-virtual-5f8b9b86fc-pwqfm,26,5
1782471225,gsm-40,osmo-hlr-546bdb8988-n67rt,1,2
1782471225,gsm-40,osmo-mgw-8c8fc67d6-lwm4h,1,2
1782471225,gsm-40,osmo-mobile-58f6599fd8-t84nt,3,36
1782471225,gsm-40,osmo-stp-768687f494-wq8sh,1,2
1782471225,gsm-40,ttcn3-tc-26-7-4-2-4-5-1-hf26r,1,6
1782471225,gsm-40,virtphy-6b7886fcb7-4thcc,6,1
1782471227,gsm-40,msc-test-stub-5b875d749d-hw2sw,1,16
1782471227,gsm-40,osmo-bsc-594654bd47-gq2pw,1,5
1782471227,gsm-40,osmo-bts-virtual-5f8b9b86fc-pwqfm,26,5
1782471227,gsm-40,osmo-hlr-546bdb8988-n67rt,1,2
1782471227,gsm-40,osmo-mgw-8c8fc67d6-lwm4h,1,2
1782471227,gsm-40,osmo-mobile-58f6599fd8-t84nt,3,36
1782471227,gsm-40,osmo-stp-768687f494-wq8sh,1,2
1782471227,gsm-40,ttcn3-tc-26-7-4-2-4-5-1-hf26r,1,6
1782471227,gsm-40,virtphy-6b7886fcb7-4thcc,6,1
1782471230,gsm-40,msc-test-stub-5b875d749d-hw2sw,1,16
1782471230,gsm-40,osmo-bsc-594654bd47-gq2pw,1,5
1782471230,gsm-40,osmo-bts-virtual-5f8b9b86fc-pwqfm,26,5
1782471230,gsm-40,osmo-hlr-546bdb8988-n67rt,1,2
1782471230,gsm-40,osmo-mgw-8c8fc67d6-lwm4h,1,2
1782471230,gsm-40,osmo-mobile-58f6599fd8-t84nt,3,36
1782471230,gsm-40,osmo-stp-768687f494-wq8sh,1,2
1782471230,gsm-40,ttcn3-tc-26-7-4-2-4-5-1-hf26r,1,6
1782471230,gsm-40,virtphy-6b7886fcb7-4thcc,6,1
1782471232,gsm-40,msc-test-stub-5b875d749d-hw2sw,1,16
1782471232,gsm-40,osmo-bsc-594654bd47-gq2pw,1,5
1782471232,gsm-40,osmo-bts-virtual-5f8b9b86fc-pwqfm,26,5
1782471232,gsm-40,osmo-hlr-546bdb8988-n67rt,1,2
1782471232,gsm-40,osmo-mgw-8c8fc67d6-lwm4h,1,2
1782471232,gsm-40,osmo-mobile-58f6599fd8-t84nt,3,36
1782471232,gsm-40,osmo-stp-768687f494-wq8sh,1,2
1782471232,gsm-40,ttcn3-tc-26-7-4-2-4-5-1-hf26r,1,6
1782471232,gsm-40,virtphy-6b7886fcb7-4thcc,6,1
1782471235,gsm-40,msc-test-stub-5b875d749d-hw2sw,1,16
1782471235,gsm-40,osmo-bsc-594654bd47-gq2pw,1,5
1782471235,gsm-40,osmo-bts-virtual-5f8b9b86fc-pwqfm,26,5
1782471235,gsm-40,osmo-hlr-546bdb8988-n67rt,1,2
1782471235,gsm-40,osmo-mgw-8c8fc67d6-lwm4h,1,2
1782471235,gsm-40,osmo-mobile-58f6599fd8-t84nt,3,36
1782471235,gsm-40,osmo-stp-768687f494-wq8sh,1,2
1782471235,gsm-40,ttcn3-tc-26-7-4-2-4-5-1-hf26r,1,6
1782471235,gsm-40,virtphy-6b7886fcb7-4thcc,6,1
1782471237,gsm-40,msc-test-stub-5b875d749d-hw2sw,1,16
1782471237,gsm-40,osmo-bsc-594654bd47-gq2pw,1,5
1782471237,gsm-40,osmo-bts-virtual-5f8b9b86fc-pwqfm,26,5
1782471237,gsm-40,osmo-hlr-546bdb8988-n67rt,1,2
1782471237,gsm-40,osmo-mgw-8c8fc67d6-lwm4h,1,2
1782471237,gsm-40,osmo-mobile-58f6599fd8-t84nt,3,36
1782471237,gsm-40,osmo-stp-768687f494-wq8sh,1,2
1782471237,gsm-40,ttcn3-tc-26-7-4-2-4-5-1-hf26r,1,6
1782471237,gsm-40,virtphy-6b7886fcb7-4thcc,6,1
1782471239,gsm-40,msc-test-stub-5b875d749d-hw2sw,1,16
1782471239,gsm-40,osmo-bsc-594654bd47-gq2pw,1,5
1782471239,gsm-40,osmo-bts-virtual-5f8b9b86fc-pwqfm,24,5
1782471239,gsm-40,osmo-hlr-546bdb8988-n67rt,1,2
1782471239,gsm-40,osmo-mgw-8c8fc67d6-lwm4h,1,2
1782471239,gsm-40,osmo-mobile-58f6599fd8-t84nt,3,36
1782471239,gsm-40,osmo-stp-768687f494-wq8sh,1,2
1782471239,gsm-40,ttcn3-tc-26-7-4-2-4-5-1-hf26r,1,6
1782471239,gsm-40,virtphy-6b7886fcb7-4thcc,6,1
1782471241,gsm-40,msc-test-stub-5b875d749d-hw2sw,1,16
1782471241,gsm-40,osmo-bsc-594654bd47-gq2pw,1,5
1782471241,gsm-40,osmo-bts-virtual-5f8b9b86fc-pwqfm,24,5
1782471241,gsm-40,osmo-hlr-546bdb8988-n67rt,1,2
1782471241,gsm-40,osmo-mgw-8c8fc67d6-lwm4h,1,2
1782471241,gsm-40,osmo-mobile-58f6599fd8-t84nt,3,36
1782471241,gsm-40,osmo-stp-768687f494-wq8sh,1,2
1782471241,gsm-40,ttcn3-tc-26-7-4-2-4-5-1-hf26r,1,6
1782471241,gsm-40,virtphy-6b7886fcb7-4thcc,6,1
1782471244,gsm-40,msc-test-stub-5b875d749d-hw2sw,1,16
1782471244,gsm-40,osmo-bsc-594654bd47-gq2pw,1,5
1782471244,gsm-40,osmo-bts-virtual-5f8b9b86fc-pwqfm,24,5
1782471244,gsm-40,osmo-hlr-546bdb8988-n67rt,1,2
1782471244,gsm-40,osmo-mgw-8c8fc67d6-lwm4h,1,2
1782471244,gsm-40,osmo-mobile-58f6599fd8-t84nt,3,36
1782471244,gsm-40,osmo-stp-768687f494-wq8sh,1,2
1782471244,gsm-40,ttcn3-tc-26-7-4-2-4-5-1-hf26r,1,6
1782471244,gsm-40,virtphy-6b7886fcb7-4thcc,6,1
1782471246,gsm-40,msc-test-stub-5b875d749d-hw2sw,1,16
1782471246,gsm-40,osmo-bsc-594654bd47-gq2pw,1,5
1782471246,gsm-40,osmo-bts-virtual-5f8b9b86fc-pwqfm,24,5
1782471246,gsm-40,osmo-hlr-546bdb8988-n67rt,1,2
1782471246,gsm-40,osmo-mgw-8c8fc67d6-lwm4h,1,2
1782471246,gsm-40,osmo-mobile-58f6599fd8-t84nt,3,36
1782471246,gsm-40,osmo-stp-768687f494-wq8sh,1,2
1782471246,gsm-40,ttcn3-tc-26-7-4-2-4-5-1-hf26r,1,6
1782471246,gsm-40,virtphy-6b7886fcb7-4thcc,6,1
1782471249,gsm-40,msc-test-stub-5b875d749d-hw2sw,1,16
1782471249,gsm-40,osmo-bsc-594654bd47-gq2pw,1,5
1782471249,gsm-40,osmo-bts-virtual-5f8b9b86fc-pwqfm,24,5
1782471249,gsm-40,osmo-hlr-546bdb8988-n67rt,1,2
1782471249,gsm-40,osmo-mgw-8c8fc67d6-lwm4h,1,2
1782471249,gsm-40,osmo-mobile-58f6599fd8-t84nt,3,36
1782471249,gsm-40,osmo-stp-768687f494-wq8sh,1,2
1782471249,gsm-40,ttcn3-tc-26-7-4-2-4-5-1-hf26r,1,6
1782471249,gsm-40,virtphy-6b7886fcb7-4thcc,6,1
1782471251,gsm-40,msc-test-stub-5b875d749d-hw2sw,1,16
1782471251,gsm-40,osmo-bsc-594654bd47-gq2pw,1,5
1782471251,gsm-40,osmo-bts-virtual-5f8b9b86fc-pwqfm,24,5
1782471251,gsm-40,osmo-hlr-546bdb8988-n67rt,1,2
1782471251,gsm-40,osmo-mgw-8c8fc67d6-lwm4h,1,2
1782471251,gsm-40,osmo-mobile-58f6599fd8-t84nt,3,36
1782471251,gsm-40,osmo-stp-768687f494-wq8sh,1,2
1782471251,gsm-40,ttcn3-tc-26-7-4-2-4-5-1-hf26r,1,6
1782471251,gsm-40,virtphy-6b7886fcb7-4thcc,6,1
1782471253,gsm-40,msc-test-stub-5b875d749d-hw2sw,1,16
1782471253,gsm-40,osmo-bsc-594654bd47-gq2pw,1,5
1782471253,gsm-40,osmo-bts-virtual-5f8b9b86fc-pwqfm,24,5
1782471253,gsm-40,osmo-hlr-546bdb8988-n67rt,1,2
1782471253,gsm-40,osmo-mgw-8c8fc67d6-lwm4h,1,2
1782471253,gsm-40,osmo-mobile-58f6599fd8-t84nt,3,36
1782471253,gsm-40,osmo-stp-768687f494-wq8sh,1,2
1782471253,gsm-40,ttcn3-tc-26-7-4-2-4-5-1-hf26r,1,6
1782471253,gsm-40,virtphy-6b7886fcb7-4thcc,7,1
1782471256,gsm-40,msc-test-stub-5b875d749d-hw2sw,1,16
1782471256,gsm-40,osmo-bsc-594654bd47-gq2pw,1,5
1782471256,gsm-40,osmo-bts-virtual-5f8b9b86fc-pwqfm,24,5
1782471256,gsm-40,osmo-hlr-546bdb8988-n67rt,1,2
1782471256,gsm-40,osmo-mgw-8c8fc67d6-lwm4h,1,2
1782471256,gsm-40,osmo-mobile-58f6599fd8-t84nt,3,36
1782471256,gsm-40,osmo-stp-768687f494-wq8sh,1,2
1782471256,gsm-40,ttcn3-tc-26-7-4-2-4-5-1-hf26r,1,6
1782471256,gsm-40,virtphy-6b7886fcb7-4thcc,7,1
1782471258,gsm-40,msc-test-stub-5b875d749d-hw2sw,1,16
1782471258,gsm-40,osmo-bsc-594654bd47-gq2pw,1,5
1782471258,gsm-40,osmo-bts-virtual-5f8b9b86fc-pwqfm,24,5
1782471258,gsm-40,osmo-hlr-546bdb8988-n67rt,1,2
1782471258,gsm-40,osmo-mgw-8c8fc67d6-lwm4h,1,2
1782471258,gsm-40,osmo-mobile-58f6599fd8-t84nt,3,36
1782471258,gsm-40,osmo-stp-768687f494-wq8sh,1,2
1782471258,gsm-40,ttcn3-tc-26-7-4-2-4-5-1-hf26r,1,6
1782471258,gsm-40,virtphy-6b7886fcb7-4thcc,7,1
1782471260,gsm-40,msc-test-stub-5b875d749d-hw2sw,1,16
1782471260,gsm-40,osmo-bsc-594654bd47-gq2pw,1,5
1782471260,gsm-40,osmo-bts-virtual-5f8b9b86fc-pwqfm,24,5
1782471260,gsm-40,osmo-hlr-546bdb8988-n67rt,1,2
1782471260,gsm-40,osmo-mgw-8c8fc67d6-lwm4h,1,2
1782471260,gsm-40,osmo-mobile-58f6599fd8-t84nt,3,36
1782471260,gsm-40,osmo-stp-768687f494-wq8sh,1,2
1782471260,gsm-40,ttcn3-tc-26-7-4-2-4-5-1-hf26r,1,6
1782471260,gsm-40,virtphy-6b7886fcb7-4thcc,7,1
1782471263,gsm-40,msc-test-stub-5b875d749d-hw2sw,1,16
1782471263,gsm-40,osmo-bsc-594654bd47-gq2pw,1,5
1782471263,gsm-40,osmo-bts-virtual-5f8b9b86fc-pwqfm,24,5
1782471263,gsm-40,osmo-hlr-546bdb8988-n67rt,1,2
1782471263,gsm-40,osmo-mgw-8c8fc67d6-lwm4h,1,2
1782471263,gsm-40,osmo-mobile-58f6599fd8-t84nt,3,36
1782471263,gsm-40,osmo-stp-768687f494-wq8sh,1,2
1782471263,gsm-40,ttcn3-tc-26-7-4-2-4-5-1-hf26r,1,6
1782471263,gsm-40,virtphy-6b7886fcb7-4thcc,7,1
1782471266,gsm-40,msc-test-stub-5b875d749d-hw2sw,1,16
1782471266,gsm-40,osmo-bsc-594654bd47-gq2pw,1,5
1782471266,gsm-40,osmo-bts-virtual-5f8b9b86fc-pwqfm,24,5
1782471266,gsm-40,osmo-hlr-546bdb8988-n67rt,1,2
1782471266,gsm-40,osmo-mgw-8c8fc67d6-lwm4h,1,2
1782471266,gsm-40,osmo-mobile-58f6599fd8-t84nt,3,36
1782471266,gsm-40,osmo-stp-768687f494-wq8sh,1,2
1782471266,gsm-40,ttcn3-tc-26-7-4-2-4-5-1-hf26r,1,6
1782471266,gsm-40,virtphy-6b7886fcb7-4thcc,7,1
1782471268,gsm-40,msc-test-stub-5b875d749d-hw2sw,1,16
1782471268,gsm-40,osmo-bsc-594654bd47-gq2pw,1,5
1782471268,gsm-40,osmo-bts-virtual-5f8b9b86fc-pwqfm,26,5
1782471268,gsm-40,osmo-hlr-546bdb8988-n67rt,1,2
1782471268,gsm-40,osmo-mgw-8c8fc67d6-lwm4h,1,2
1782471268,gsm-40,osmo-mobile-58f6599fd8-t84nt,3,36
1782471268,gsm-40,osmo-stp-768687f494-wq8sh,1,2
1782471268,gsm-40,ttcn3-tc-26-7-4-2-4-5-1-hf26r,1,6
1782471268,gsm-40,virtphy-6b7886fcb7-4thcc,6,1
1782471270,gsm-40,msc-test-stub-5b875d749d-hw2sw,1,16
1782471270,gsm-40,osmo-bsc-594654bd47-gq2pw,1,5
1782471270,gsm-40,osmo-bts-virtual-5f8b9b86fc-pwqfm,26,5
1782471270,gsm-40,osmo-hlr-546bdb8988-n67rt,1,2
1782471270,gsm-40,osmo-mgw-8c8fc67d6-lwm4h,1,2
1782471270,gsm-40,osmo-mobile-58f6599fd8-t84nt,3,36
1782471270,gsm-40,osmo-stp-768687f494-wq8sh,1,2
1782471270,gsm-40,ttcn3-tc-26-7-4-2-4-5-1-hf26r,1,6
1782471270,gsm-40,virtphy-6b7886fcb7-4thcc,6,1
1782471273,gsm-40,msc-test-stub-5b875d749d-hw2sw,1,16
1782471273,gsm-40,osmo-bsc-594654bd47-gq2pw,1,5
1782471273,gsm-40,osmo-bts-virtual-5f8b9b86fc-pwqfm,26,5
1782471273,gsm-40,osmo-hlr-546bdb8988-n67rt,1,2
1782471273,gsm-40,osmo-mgw-8c8fc67d6-lwm4h,1,2
1782471273,gsm-40,osmo-mobile-58f6599fd8-t84nt,3,36
1782471273,gsm-40,osmo-stp-768687f494-wq8sh,1,2
1782471273,gsm-40,ttcn3-tc-26-7-4-2-4-5-1-hf26r,1,6
1782471273,gsm-40,virtphy-6b7886fcb7-4thcc,6,1
1782471275,gsm-40,msc-test-stub-5b875d749d-hw2sw,1,16
1782471275,gsm-40,osmo-bsc-594654bd47-gq2pw,1,5
1782471275,gsm-40,osmo-bts-virtual-5f8b9b86fc-pwqfm,26,5
1782471275,gsm-40,osmo-hlr-546bdb8988-n67rt,1,2
1782471275,gsm-40,osmo-mgw-8c8fc67d6-lwm4h,1,2
1782471275,gsm-40,osmo-mobile-58f6599fd8-t84nt,3,36
1782471275,gsm-40,osmo-stp-768687f494-wq8sh,1,2
1782471275,gsm-40,ttcn3-tc-26-7-4-2-4-5-1-hf26r,1,6
1782471275,gsm-40,virtphy-6b7886fcb7-4thcc,6,1
1782471277,gsm-40,msc-test-stub-5b875d749d-hw2sw,1,16
1782471277,gsm-40,osmo-bsc-594654bd47-gq2pw,1,5
1782471277,gsm-40,osmo-bts-virtual-5f8b9b86fc-pwqfm,26,5
1782471277,gsm-40,osmo-hlr-546bdb8988-n67rt,1,2
1782471277,gsm-40,osmo-mgw-8c8fc67d6-lwm4h,1,2
1782471277,gsm-40,osmo-mobile-58f6599fd8-t84nt,3,36
1782471277,gsm-40,osmo-stp-768687f494-wq8sh,1,2
1782471277,gsm-40,ttcn3-tc-26-7-4-2-4-5-1-hf26r,1,6
1782471277,gsm-40,virtphy-6b7886fcb7-4thcc,6,1
1782471280,gsm-40,msc-test-stub-5b875d749d-hw2sw,1,16
1782471280,gsm-40,osmo-bsc-594654bd47-gq2pw,1,5
1782471280,gsm-40,osmo-bts-virtual-5f8b9b86fc-pwqfm,26,5
1782471280,gsm-40,osmo-hlr-546bdb8988-n67rt,1,2
1782471280,gsm-40,osmo-mgw-8c8fc67d6-lwm4h,1,2
1782471280,gsm-40,osmo-mobile-58f6599fd8-t84nt,3,36
1782471280,gsm-40,osmo-stp-768687f494-wq8sh,1,2
1782471280,gsm-40,ttcn3-tc-26-7-4-2-4-5-1-hf26r,1,6
1782471280,gsm-40,virtphy-6b7886fcb7-4thcc,6,1
1782471283,gsm-40,msc-test-stub-5b875d749d-hw2sw,1,16
1782471283,gsm-40,osmo-bsc-594654bd47-gq2pw,1,5
1782471283,gsm-40,osmo-bts-virtual-5f8b9b86fc-pwqfm,25,5
1782471283,gsm-40,osmo-hlr-546bdb8988-n67rt,1,2
1782471283,gsm-40,osmo-mgw-8c8fc67d6-lwm4h,1,2
1782471283,gsm-40,osmo-mobile-58f6599fd8-t84nt,3,36
1782471283,gsm-40,osmo-stp-768687f494-wq8sh,1,2
1782471283,gsm-40,ttcn3-tc-26-7-4-2-4-5-1-hf26r,1,6
1782471283,gsm-40,virtphy-6b7886fcb7-4thcc,6,1
1782471285,gsm-40,msc-test-stub-5b875d749d-hw2sw,1,16
1782471285,gsm-40,osmo-bsc-594654bd47-gq2pw,1,5
1782471285,gsm-40,osmo-bts-virtual-5f8b9b86fc-pwqfm,25,5
1782471285,gsm-40,osmo-hlr-546bdb8988-n67rt,1,2
1782471285,gsm-40,osmo-mgw-8c8fc67d6-lwm4h,1,2
1782471285,gsm-40,osmo-mobile-58f6599fd8-t84nt,3,36
1782471285,gsm-40,osmo-stp-768687f494-wq8sh,1,2
1782471285,gsm-40,ttcn3-tc-26-7-4-2-4-5-1-hf26r,1,6
1782471285,gsm-40,virtphy-6b7886fcb7-4thcc,6,1
1782471288,gsm-40,msc-test-stub-5b875d749d-hw2sw,1,16
1782471288,gsm-40,osmo-bsc-594654bd47-gq2pw,1,5
1782471288,gsm-40,osmo-bts-virtual-5f8b9b86fc-pwqfm,25,5
1782471288,gsm-40,osmo-hlr-546bdb8988-n67rt,1,2
1782471288,gsm-40,osmo-mgw-8c8fc67d6-lwm4h,1,2
1782471288,gsm-40,osmo-mobile-58f6599fd8-t84nt,3,36
1782471288,gsm-40,osmo-stp-768687f494-wq8sh,1,2
1782471288,gsm-40,ttcn3-tc-26-7-4-2-4-5-1-hf26r,1,6
1782471288,gsm-40,virtphy-6b7886fcb7-4thcc,6,1
1782471290,gsm-40,msc-test-stub-5b875d749d-hw2sw,1,16
1782471290,gsm-40,osmo-bsc-594654bd47-gq2pw,1,5
1782471290,gsm-40,osmo-bts-virtual-5f8b9b86fc-pwqfm,25,5
1782471290,gsm-40,osmo-hlr-546bdb8988-n67rt,1,2
1782471290,gsm-40,osmo-mgw-8c8fc67d6-lwm4h,1,2
1782471290,gsm-40,osmo-mobile-58f6599fd8-t84nt,3,36
1782471290,gsm-40,osmo-stp-768687f494-wq8sh,1,2
1782471290,gsm-40,ttcn3-tc-26-7-4-2-4-5-1-hf26r,1,6
1782471290,gsm-40,virtphy-6b7886fcb7-4thcc,6,1
1782471293,gsm-40,msc-test-stub-5b875d749d-hw2sw,1,16
1782471293,gsm-40,osmo-bsc-594654bd47-gq2pw,1,5
1782471293,gsm-40,osmo-bts-virtual-5f8b9b86fc-pwqfm,25,5
1782471293,gsm-40,osmo-hlr-546bdb8988-n67rt,1,2
1782471293,gsm-40,osmo-mgw-8c8fc67d6-lwm4h,1,2
1782471293,gsm-40,osmo-mobile-58f6599fd8-t84nt,3,36
1782471293,gsm-40,osmo-stp-768687f494-wq8sh,1,2
1782471293,gsm-40,ttcn3-tc-26-7-4-2-4-5-1-hf26r,1,6
1782471293,gsm-40,virtphy-6b7886fcb7-4thcc,6,1
1782471295,gsm-40,msc-test-stub-5b875d749d-hw2sw,1,16
1782471295,gsm-40,osmo-bsc-594654bd47-gq2pw,1,5
1782471295,gsm-40,osmo-bts-virtual-5f8b9b86fc-pwqfm,25,5
1782471295,gsm-40,osmo-hlr-546bdb8988-n67rt,1,2
1782471295,gsm-40,osmo-mgw-8c8fc67d6-lwm4h,1,2
1782471295,gsm-40,osmo-mobile-58f6599fd8-t84nt,3,36
1782471295,gsm-40,osmo-stp-768687f494-wq8sh,1,2
1782471295,gsm-40,ttcn3-tc-26-7-4-2-4-5-1-hf26r,1,6
1782471295,gsm-40,virtphy-6b7886fcb7-4thcc,6,1
1782471297,gsm-40,msc-test-stub-5b875d749d-hw2sw,1,16
1782471297,gsm-40,osmo-bsc-594654bd47-gq2pw,1,5
1782471297,gsm-40,osmo-bts-virtual-5f8b9b86fc-pwqfm,25,5
1782471297,gsm-40,osmo-hlr-546bdb8988-n67rt,1,2
1782471297,gsm-40,osmo-mgw-8c8fc67d6-lwm4h,1,2
1782471297,gsm-40,osmo-mobile-58f6599fd8-t84nt,3,36
1782471297,gsm-40,osmo-stp-768687f494-wq8sh,1,2
1782471297,gsm-40,ttcn3-tc-26-7-4-2-4-5-1-hf26r,1,6
1782471297,gsm-40,virtphy-6b7886fcb7-4thcc,7,1
1782471301,gsm-40,msc-test-stub-5b875d749d-hw2sw,1,16
1782471301,gsm-40,osmo-bsc-594654bd47-gq2pw,1,5
1782471301,gsm-40,osmo-bts-virtual-5f8b9b86fc-pwqfm,25,5
1782471301,gsm-40,osmo-hlr-546bdb8988-n67rt,1,2
1782471301,gsm-40,osmo-mgw-8c8fc67d6-lwm4h,1,2
1782471301,gsm-40,osmo-mobile-58f6599fd8-t84nt,3,36
1782471301,gsm-40,osmo-stp-768687f494-wq8sh,1,2
1782471301,gsm-40,ttcn3-tc-26-7-4-2-4-5-1-hf26r,1,6
1782471301,gsm-40,virtphy-6b7886fcb7-4thcc,7,1
1782471303,gsm-40,msc-test-stub-5b875d749d-hw2sw,1,16
1782471303,gsm-40,osmo-bsc-594654bd47-gq2pw,1,5
1782471303,gsm-40,osmo-bts-virtual-5f8b9b86fc-pwqfm,25,5
1782471303,gsm-40,osmo-hlr-546bdb8988-n67rt,1,2
1782471303,gsm-40,osmo-mgw-8c8fc67d6-lwm4h,1,2
1782471303,gsm-40,osmo-mobile-58f6599fd8-t84nt,3,36
1782471303,gsm-40,osmo-stp-768687f494-wq8sh,1,2
1782471303,gsm-40,ttcn3-tc-26-7-4-2-4-5-1-hf26r,1,6
1782471303,gsm-40,virtphy-6b7886fcb7-4thcc,7,1
1782471306,gsm-40,msc-test-stub-5b875d749d-hw2sw,1,16
1782471306,gsm-40,osmo-bsc-594654bd47-gq2pw,1,5
1782471306,gsm-40,osmo-bts-virtual-5f8b9b86fc-pwqfm,25,5
1782471306,gsm-40,osmo-hlr-546bdb8988-n67rt,1,2
1782471306,gsm-40,osmo-mgw-8c8fc67d6-lwm4h,1,2
1782471306,gsm-40,osmo-mobile-58f6599fd8-t84nt,3,36
1782471306,gsm-40,osmo-stp-768687f494-wq8sh,1,2
1782471306,gsm-40,ttcn3-tc-26-7-4-2-4-5-1-hf26r,1,6
1782471306,gsm-40,virtphy-6b7886fcb7-4thcc,7,1
1782471308,gsm-40,msc-test-stub-5b875d749d-hw2sw,1,16
1782471308,gsm-40,osmo-bsc-594654bd47-gq2pw,1,5
1782471308,gsm-40,osmo-bts-virtual-5f8b9b86fc-pwqfm,25,5
1782471308,gsm-40,osmo-hlr-546bdb8988-n67rt,1,2
1782471308,gsm-40,osmo-mgw-8c8fc67d6-lwm4h,1,2
1782471308,gsm-40,osmo-mobile-58f6599fd8-t84nt,3,36
1782471308,gsm-40,osmo-stp-768687f494-wq8sh,1,2
1782471308,gsm-40,ttcn3-tc-26-7-4-2-4-5-1-hf26r,1,6
1782471308,gsm-40,virtphy-6b7886fcb7-4thcc,7,1
1782471311,gsm-40,msc-test-stub-5b875d749d-hw2sw,1,16
1782471311,gsm-40,osmo-bsc-594654bd47-gq2pw,1,5
1782471311,gsm-40,osmo-bts-virtual-5f8b9b86fc-pwqfm,25,5
1782471311,gsm-40,osmo-hlr-546bdb8988-n67rt,1,2
1782471311,gsm-40,osmo-mgw-8c8fc67d6-lwm4h,1,2
1782471311,gsm-40,osmo-mobile-58f6599fd8-t84nt,3,36
1782471311,gsm-40,osmo-stp-768687f494-wq8sh,1,2
1782471311,gsm-40,ttcn3-tc-26-7-4-2-4-5-1-hf26r,1,6
1782471311,gsm-40,virtphy-6b7886fcb7-4thcc,7,1
1782471313,gsm-40,msc-test-stub-5b875d749d-hw2sw,1,16
1782471313,gsm-40,osmo-bsc-594654bd47-gq2pw,1,5
1782471313,gsm-40,osmo-bts-virtual-5f8b9b86fc-pwqfm,25,5
1782471313,gsm-40,osmo-hlr-546bdb8988-n67rt,1,2
1782471313,gsm-40,osmo-mgw-8c8fc67d6-lwm4h,1,2
1782471313,gsm-40,osmo-mobile-58f6599fd8-t84nt,3,36
1782471313,gsm-40,osmo-stp-768687f494-wq8sh,1,2
1782471313,gsm-40,ttcn3-tc-26-7-4-2-4-5-1-hf26r,1,6
1782471313,gsm-40,virtphy-6b7886fcb7-4thcc,6,1
1782471315,gsm-40,msc-test-stub-5b875d749d-hw2sw,1,16
1782471315,gsm-40,osmo-bsc-594654bd47-gq2pw,1,5
1782471315,gsm-40,osmo-bts-virtual-5f8b9b86fc-pwqfm,25,5
1782471315,gsm-40,osmo-hlr-546bdb8988-n67rt,1,2
1782471315,gsm-40,osmo-mgw-8c8fc67d6-lwm4h,1,2
1782471315,gsm-40,osmo-mobile-58f6599fd8-t84nt,3,36
1782471315,gsm-40,osmo-stp-768687f494-wq8sh,1,2
1782471315,gsm-40,ttcn3-tc-26-7-4-2-4-5-1-hf26r,1,6
1782471315,gsm-40,virtphy-6b7886fcb7-4thcc,6,1
1782471318,gsm-40,msc-test-stub-5b875d749d-hw2sw,1,16
1782471318,gsm-40,osmo-bsc-594654bd47-gq2pw,1,5
1782471318,gsm-40,osmo-bts-virtual-5f8b9b86fc-pwqfm,25,5
1782471318,gsm-40,osmo-hlr-546bdb8988-n67rt,1,2
1782471318,gsm-40,osmo-mgw-8c8fc67d6-lwm4h,1,2
1782471318,gsm-40,osmo-mobile-58f6599fd8-t84nt,3,36
1782471318,gsm-40,osmo-stp-768687f494-wq8sh,1,2
1782471318,gsm-40,ttcn3-tc-26-7-4-2-4-5-1-hf26r,1,6
1782471318,gsm-40,virtphy-6b7886fcb7-4thcc,6,1
1782471320,gsm-40,msc-test-stub-5b875d749d-hw2sw,1,16
1782471320,gsm-40,osmo-bsc-594654bd47-gq2pw,1,5
1782471320,gsm-40,osmo-bts-virtual-5f8b9b86fc-pwqfm,25,5
1782471320,gsm-40,osmo-hlr-546bdb8988-n67rt,1,2
1782471320,gsm-40,osmo-mgw-8c8fc67d6-lwm4h,1,2
1782471320,gsm-40,osmo-mobile-58f6599fd8-t84nt,3,36
1782471320,gsm-40,osmo-stp-768687f494-wq8sh,1,2
1782471320,gsm-40,ttcn3-tc-26-7-4-2-4-5-1-hf26r,1,6
1782471320,gsm-40,virtphy-6b7886fcb7-4thcc,6,1
1782471323,gsm-40,msc-test-stub-5b875d749d-hw2sw,1,16
1782471323,gsm-40,osmo-bsc-594654bd47-gq2pw,1,5
1782471323,gsm-40,osmo-bts-virtual-5f8b9b86fc-pwqfm,25,5
1782471323,gsm-40,osmo-hlr-546bdb8988-n67rt,1,2
1782471323,gsm-40,osmo-mgw-8c8fc67d6-lwm4h,1,2
1782471323,gsm-40,osmo-mobile-58f6599fd8-t84nt,3,36
1782471323,gsm-40,osmo-stp-768687f494-wq8sh,1,2
1782471323,gsm-40,ttcn3-tc-26-7-4-2-4-5-1-hf26r,1,6
1782471323,gsm-40,virtphy-6b7886fcb7-4thcc,6,1
1782471325,gsm-40,msc-test-stub-5b875d749d-hw2sw,1,16
1782471325,gsm-40,osmo-bsc-594654bd47-gq2pw,1,5
1782471325,gsm-40,osmo-bts-virtual-5f8b9b86fc-pwqfm,25,5
1782471325,gsm-40,osmo-hlr-546bdb8988-n67rt,1,2
1782471325,gsm-40,osmo-mgw-8c8fc67d6-lwm4h,1,2
1782471325,gsm-40,osmo-mobile-58f6599fd8-t84nt,3,36
1782471325,gsm-40,osmo-stp-768687f494-wq8sh,1,2
1782471325,gsm-40,ttcn3-tc-26-7-4-2-4-5-1-hf26r,1,6
1782471325,gsm-40,virtphy-6b7886fcb7-4thcc,6,1
1782471327,gsm-40,msc-test-stub-5b875d749d-hw2sw,1,16
1782471327,gsm-40,osmo-bsc-594654bd47-gq2pw,1,5
1782471327,gsm-40,osmo-bts-virtual-5f8b9b86fc-pwqfm,24,5
1782471327,gsm-40,osmo-hlr-546bdb8988-n67rt,1,2
1782471327,gsm-40,osmo-mgw-8c8fc67d6-lwm4h,1,2
1782471327,gsm-40,osmo-mobile-58f6599fd8-t84nt,3,36
1782471327,gsm-40,osmo-stp-768687f494-wq8sh,1,2
1782471327,gsm-40,ttcn3-tc-26-7-4-2-4-5-1-hf26r,1,6
1782471327,gsm-40,virtphy-6b7886fcb7-4thcc,6,1
1782471330,gsm-40,msc-test-stub-5b875d749d-hw2sw,1,16
1782471330,gsm-40,osmo-bsc-594654bd47-gq2pw,1,5
1782471330,gsm-40,osmo-bts-virtual-5f8b9b86fc-pwqfm,24,5
1782471330,gsm-40,osmo-hlr-546bdb8988-n67rt,1,2
1782471330,gsm-40,osmo-mgw-8c8fc67d6-lwm4h,1,2
1782471330,gsm-40,osmo-mobile-58f6599fd8-t84nt,3,36
1782471330,gsm-40,osmo-stp-768687f494-wq8sh,1,2
1782471330,gsm-40,ttcn3-tc-26-7-4-2-4-5-1-hf26r,1,6
1782471330,gsm-40,virtphy-6b7886fcb7-4thcc,6,1
1782471332,gsm-40,msc-test-stub-5b875d749d-hw2sw,1,16
1782471332,gsm-40,osmo-bsc-594654bd47-gq2pw,1,5
1782471332,gsm-40,osmo-bts-virtual-5f8b9b86fc-pwqfm,24,5
1782471332,gsm-40,osmo-hlr-546bdb8988-n67rt,1,2
1782471332,gsm-40,osmo-mgw-8c8fc67d6-lwm4h,1,2
1782471332,gsm-40,osmo-mobile-58f6599fd8-t84nt,3,36
1782471332,gsm-40,osmo-stp-768687f494-wq8sh,1,2
1782471332,gsm-40,ttcn3-tc-26-7-4-2-4-5-1-hf26r,1,6
1782471332,gsm-40,virtphy-6b7886fcb7-4thcc,6,1
1782471335,gsm-40,msc-test-stub-5b875d749d-hw2sw,1,16
1782471335,gsm-40,osmo-bsc-594654bd47-gq2pw,1,5
1782471335,gsm-40,osmo-bts-virtual-5f8b9b86fc-pwqfm,24,5
1782471335,gsm-40,osmo-hlr-546bdb8988-n67rt,1,2
1782471335,gsm-40,osmo-mgw-8c8fc67d6-lwm4h,1,2
1782471335,gsm-40,osmo-mobile-58f6599fd8-t84nt,3,36
1782471335,gsm-40,osmo-stp-768687f494-wq8sh,1,2
1782471335,gsm-40,ttcn3-tc-26-7-4-2-4-5-1-hf26r,1,6
1782471335,gsm-40,virtphy-6b7886fcb7-4thcc,6,1
1782471337,gsm-40,msc-test-stub-5b875d749d-hw2sw,1,16
1782471337,gsm-40,osmo-bsc-594654bd47-gq2pw,1,5
1782471337,gsm-40,osmo-bts-virtual-5f8b9b86fc-pwqfm,24,5
1782471337,gsm-40,osmo-hlr-546bdb8988-n67rt,1,2
1782471337,gsm-40,osmo-mgw-8c8fc67d6-lwm4h,1,2
1782471337,gsm-40,osmo-mobile-58f6599fd8-t84nt,3,36
1782471337,gsm-40,osmo-stp-768687f494-wq8sh,1,2
1782471337,gsm-40,ttcn3-tc-26-7-4-2-4-5-1-hf26r,1,6
1782471337,gsm-40,virtphy-6b7886fcb7-4thcc,6,1
1782471339,gsm-40,msc-test-stub-5b875d749d-hw2sw,1,16
1782471339,gsm-40,osmo-bsc-594654bd47-gq2pw,1,5
1782471339,gsm-40,osmo-bts-virtual-5f8b9b86fc-pwqfm,24,5
1782471339,gsm-40,osmo-hlr-546bdb8988-n67rt,1,2
1782471339,gsm-40,osmo-mgw-8c8fc67d6-lwm4h,1,2
1782471339,gsm-40,osmo-mobile-58f6599fd8-t84nt,3,36
1782471339,gsm-40,osmo-stp-768687f494-wq8sh,1,2
1782471339,gsm-40,ttcn3-tc-26-7-4-2-4-5-1-hf26r,1,6
1782471339,gsm-40,virtphy-6b7886fcb7-4thcc,6,1
1782471342,gsm-40,msc-test-stub-5b875d749d-hw2sw,1,16
1782471342,gsm-40,osmo-bsc-594654bd47-gq2pw,1,5
1782471342,gsm-40,osmo-bts-virtual-5f8b9b86fc-pwqfm,24,5
1782471342,gsm-40,osmo-hlr-546bdb8988-n67rt,1,2
1782471342,gsm-40,osmo-mgw-8c8fc67d6-lwm4h,1,2
1782471342,gsm-40,osmo-mobile-58f6599fd8-t84nt,3,36
1782471342,gsm-40,osmo-stp-768687f494-wq8sh,1,2
1782471342,gsm-40,ttcn3-tc-26-7-4-2-4-5-1-hf26r,1,6
1782471342,gsm-40,virtphy-6b7886fcb7-4thcc,6,1
1782471344,gsm-40,msc-test-stub-5b875d749d-hw2sw,1,16
1782471344,gsm-40,osmo-bsc-594654bd47-gq2pw,1,5
1782471344,gsm-40,osmo-bts-virtual-5f8b9b86fc-pwqfm,26,5
1782471344,gsm-40,osmo-hlr-546bdb8988-n67rt,1,2
1782471344,gsm-40,osmo-mgw-8c8fc67d6-lwm4h,1,2
1782471344,gsm-40,osmo-mobile-58f6599fd8-t84nt,3,36
1782471344,gsm-40,osmo-stp-768687f494-wq8sh,1,2
1782471344,gsm-40,ttcn3-tc-26-7-4-2-4-5-1-hf26r,1,6
1782471344,gsm-40,virtphy-6b7886fcb7-4thcc,7,1
1782471346,gsm-40,msc-test-stub-5b875d749d-hw2sw,1,16
1782471346,gsm-40,osmo-bsc-594654bd47-gq2pw,1,5
1782471346,gsm-40,osmo-bts-virtual-5f8b9b86fc-pwqfm,26,5
1782471346,gsm-40,osmo-hlr-546bdb8988-n67rt,1,2
1782471346,gsm-40,osmo-mgw-8c8fc67d6-lwm4h,1,2
1782471346,gsm-40,osmo-mobile-58f6599fd8-t84nt,3,36
1782471346,gsm-40,osmo-stp-768687f494-wq8sh,1,2
1782471346,gsm-40,ttcn3-tc-26-7-4-2-4-5-1-hf26r,1,6
1782471346,gsm-40,virtphy-6b7886fcb7-4thcc,7,1
1782471349,gsm-40,msc-test-stub-5b875d749d-hw2sw,1,16
1782471349,gsm-40,osmo-bsc-594654bd47-gq2pw,1,5
1782471349,gsm-40,osmo-bts-virtual-5f8b9b86fc-pwqfm,26,5
1782471349,gsm-40,osmo-hlr-546bdb8988-n67rt,1,2
1782471349,gsm-40,osmo-mgw-8c8fc67d6-lwm4h,1,2
1782471349,gsm-40,osmo-mobile-58f6599fd8-t84nt,3,36
1782471349,gsm-40,osmo-stp-768687f494-wq8sh,1,2
1782471349,gsm-40,ttcn3-tc-26-7-4-2-4-5-1-hf26r,1,6
1782471349,gsm-40,virtphy-6b7886fcb7-4thcc,7,1
1782471351,gsm-40,msc-test-stub-5b875d749d-hw2sw,1,16
1782471351,gsm-40,osmo-bsc-594654bd47-gq2pw,1,5
1782471351,gsm-40,osmo-bts-virtual-5f8b9b86fc-pwqfm,26,5
1782471351,gsm-40,osmo-hlr-546bdb8988-n67rt,1,2
1782471351,gsm-40,osmo-mgw-8c8fc67d6-lwm4h,1,2
1782471351,gsm-40,osmo-mobile-58f6599fd8-t84nt,3,36
1782471351,gsm-40,osmo-stp-768687f494-wq8sh,1,2
1782471351,gsm-40,ttcn3-tc-26-7-4-2-4-5-1-hf26r,1,6
1782471351,gsm-40,virtphy-6b7886fcb7-4thcc,7,1
1782471354,gsm-40,msc-test-stub-5b875d749d-hw2sw,1,16
1782471354,gsm-40,osmo-bsc-594654bd47-gq2pw,1,5
1782471354,gsm-40,osmo-bts-virtual-5f8b9b86fc-pwqfm,26,5
1782471354,gsm-40,osmo-hlr-546bdb8988-n67rt,1,2
1782471354,gsm-40,osmo-mgw-8c8fc67d6-lwm4h,1,2
1782471354,gsm-40,osmo-mobile-58f6599fd8-t84nt,3,36
1782471354,gsm-40,osmo-stp-768687f494-wq8sh,1,2
1782471354,gsm-40,ttcn3-tc-26-7-4-2-4-5-1-hf26r,1,6
1782471354,gsm-40,virtphy-6b7886fcb7-4thcc,7,1
1782471356,gsm-40,msc-test-stub-5b875d749d-hw2sw,1,16
1782471356,gsm-40,osmo-bsc-594654bd47-gq2pw,1,5
1782471356,gsm-40,osmo-bts-virtual-5f8b9b86fc-pwqfm,26,5
1782471356,gsm-40,osmo-hlr-546bdb8988-n67rt,1,2
1782471356,gsm-40,osmo-mgw-8c8fc67d6-lwm4h,1,2
1782471356,gsm-40,osmo-mobile-58f6599fd8-t84nt,3,36
1782471356,gsm-40,osmo-stp-768687f494-wq8sh,1,2
1782471356,gsm-40,ttcn3-tc-26-7-4-2-4-5-1-hf26r,1,6
1782471356,gsm-40,virtphy-6b7886fcb7-4thcc,7,1
1782471358,gsm-40,msc-test-stub-5b875d749d-hw2sw,1,16
1782471358,gsm-40,osmo-bsc-594654bd47-gq2pw,1,5
1782471358,gsm-40,osmo-bts-virtual-5f8b9b86fc-pwqfm,26,5
1782471358,gsm-40,osmo-hlr-546bdb8988-n67rt,1,2
1782471358,gsm-40,osmo-mgw-8c8fc67d6-lwm4h,1,2
1782471358,gsm-40,osmo-mobile-58f6599fd8-t84nt,3,36
1782471358,gsm-40,osmo-stp-768687f494-wq8sh,1,2
1782471358,gsm-40,ttcn3-tc-26-7-4-2-4-5-1-hf26r,1,6
1782471358,gsm-40,virtphy-6b7886fcb7-4thcc,6,1
1782471361,gsm-40,msc-test-stub-5b875d749d-hw2sw,1,16
1782471361,gsm-40,osmo-bsc-594654bd47-gq2pw,1,5
1782471361,gsm-40,osmo-bts-virtual-5f8b9b86fc-pwqfm,26,5
1782471361,gsm-40,osmo-hlr-546bdb8988-n67rt,1,2
1782471361,gsm-40,osmo-mgw-8c8fc67d6-lwm4h,1,2
1782471361,gsm-40,osmo-mobile-58f6599fd8-t84nt,3,36
1782471361,gsm-40,osmo-stp-768687f494-wq8sh,1,2
1782471361,gsm-40,ttcn3-tc-26-7-4-2-4-5-1-hf26r,1,6
1782471361,gsm-40,virtphy-6b7886fcb7-4thcc,6,1
1782471363,gsm-40,msc-test-stub-5b875d749d-hw2sw,1,16
1782471363,gsm-40,osmo-bsc-594654bd47-gq2pw,1,5
1782471363,gsm-40,osmo-bts-virtual-5f8b9b86fc-pwqfm,26,5
1782471363,gsm-40,osmo-hlr-546bdb8988-n67rt,1,2
1782471363,gsm-40,osmo-mgw-8c8fc67d6-lwm4h,1,2
1782471363,gsm-40,osmo-mobile-58f6599fd8-t84nt,3,36
1782471363,gsm-40,osmo-stp-768687f494-wq8sh,1,2
1782471363,gsm-40,ttcn3-tc-26-7-4-2-4-5-1-hf26r,1,6
1782471363,gsm-40,virtphy-6b7886fcb7-4thcc,6,1
1782471366,gsm-40,msc-test-stub-5b875d749d-hw2sw,1,16
1782471366,gsm-40,osmo-bsc-594654bd47-gq2pw,1,5
1782471366,gsm-40,osmo-bts-virtual-5f8b9b86fc-pwqfm,26,5
1782471366,gsm-40,osmo-hlr-546bdb8988-n67rt,1,2
1782471366,gsm-40,osmo-mgw-8c8fc67d6-lwm4h,1,2
1782471366,gsm-40,osmo-mobile-58f6599fd8-t84nt,3,36
1782471366,gsm-40,osmo-stp-768687f494-wq8sh,1,2
1782471366,gsm-40,ttcn3-tc-26-7-4-2-4-5-1-hf26r,1,6
1782471366,gsm-40,virtphy-6b7886fcb7-4thcc,6,1
1782471368,gsm-40,msc-test-stub-5b875d749d-hw2sw,1,16
1782471368,gsm-40,osmo-bsc-594654bd47-gq2pw,1,5
1782471368,gsm-40,osmo-bts-virtual-5f8b9b86fc-pwqfm,26,5
1782471368,gsm-40,osmo-hlr-546bdb8988-n67rt,1,2
1782471368,gsm-40,osmo-mgw-8c8fc67d6-lwm4h,1,2
1782471368,gsm-40,osmo-mobile-58f6599fd8-t84nt,3,36
1782471368,gsm-40,osmo-stp-768687f494-wq8sh,1,2
1782471368,gsm-40,ttcn3-tc-26-7-4-2-4-5-1-hf26r,1,6
1782471368,gsm-40,virtphy-6b7886fcb7-4thcc,6,1
1782471371,gsm-40,msc-test-stub-5b875d749d-hw2sw,1,16
1782471371,gsm-40,osmo-bsc-594654bd47-gq2pw,1,5
1782471371,gsm-40,osmo-bts-virtual-5f8b9b86fc-pwqfm,26,5
1782471371,gsm-40,osmo-hlr-546bdb8988-n67rt,1,2
1782471371,gsm-40,osmo-mgw-8c8fc67d6-lwm4h,1,2
1782471371,gsm-40,osmo-mobile-58f6599fd8-t84nt,3,36
1782471371,gsm-40,osmo-stp-768687f494-wq8sh,1,2
1782471371,gsm-40,ttcn3-tc-26-7-4-2-4-5-1-hf26r,1,6
1782471371,gsm-40,virtphy-6b7886fcb7-4thcc,6,1
1782471373,gsm-40,msc-test-stub-5b875d749d-hw2sw,1,16
1782471373,gsm-40,osmo-bsc-594654bd47-gq2pw,1,5
1782471373,gsm-40,osmo-bts-virtual-5f8b9b86fc-pwqfm,25,5
1782471373,gsm-40,osmo-hlr-546bdb8988-n67rt,1,2
1782471373,gsm-40,osmo-mgw-8c8fc67d6-lwm4h,1,2
1782471373,gsm-40,osmo-mobile-58f6599fd8-t84nt,3,36
1782471373,gsm-40,osmo-stp-768687f494-wq8sh,1,2
1782471373,gsm-40,ttcn3-tc-26-7-4-2-4-5-1-hf26r,1,6
1782471373,gsm-40,virtphy-6b7886fcb7-4thcc,7,1
1782471376,gsm-40,msc-test-stub-5b875d749d-hw2sw,1,16
1782471376,gsm-40,osmo-bsc-594654bd47-gq2pw,1,5
1782471376,gsm-40,osmo-bts-virtual-5f8b9b86fc-pwqfm,25,5
1782471376,gsm-40,osmo-hlr-546bdb8988-n67rt,1,2
1782471376,gsm-40,osmo-mgw-8c8fc67d6-lwm4h,1,2
1782471376,gsm-40,osmo-mobile-58f6599fd8-t84nt,3,36
1782471376,gsm-40,osmo-stp-768687f494-wq8sh,1,2
1782471376,gsm-40,ttcn3-tc-26-7-4-2-4-5-1-hf26r,1,6
1782471376,gsm-40,virtphy-6b7886fcb7-4thcc,7,1
1782471378,gsm-40,msc-test-stub-5b875d749d-hw2sw,1,16
1782471378,gsm-40,osmo-bsc-594654bd47-gq2pw,1,5
1782471378,gsm-40,osmo-bts-virtual-5f8b9b86fc-pwqfm,25,5
1782471378,gsm-40,osmo-hlr-546bdb8988-n67rt,1,2
1782471378,gsm-40,osmo-mgw-8c8fc67d6-lwm4h,1,2
1782471378,gsm-40,osmo-mobile-58f6599fd8-t84nt,3,36
1782471378,gsm-40,osmo-stp-768687f494-wq8sh,1,2
1782471378,gsm-40,ttcn3-tc-26-7-4-2-4-5-1-hf26r,1,6
1782471378,gsm-40,virtphy-6b7886fcb7-4thcc,7,1
1782471380,gsm-40,msc-test-stub-5b875d749d-hw2sw,1,16
1782471380,gsm-40,osmo-bsc-594654bd47-gq2pw,1,5
1782471380,gsm-40,osmo-bts-virtual-5f8b9b86fc-pwqfm,25,5
1782471380,gsm-40,osmo-hlr-546bdb8988-n67rt,1,2
1782471380,gsm-40,osmo-mgw-8c8fc67d6-lwm4h,1,2
1782471380,gsm-40,osmo-mobile-58f6599fd8-t84nt,3,36
1782471380,gsm-40,osmo-stp-768687f494-wq8sh,1,2
1782471380,gsm-40,ttcn3-tc-26-7-4-2-4-5-1-hf26r,1,6
1782471380,gsm-40,virtphy-6b7886fcb7-4thcc,7,1
1782471383,gsm-40,msc-test-stub-5b875d749d-hw2sw,1,16
1782471383,gsm-40,osmo-bsc-594654bd47-gq2pw,1,5
1782471383,gsm-40,osmo-bts-virtual-5f8b9b86fc-pwqfm,25,5
1782471383,gsm-40,osmo-hlr-546bdb8988-n67rt,1,2
1782471383,gsm-40,osmo-mgw-8c8fc67d6-lwm4h,1,2
1782471383,gsm-40,osmo-mobile-58f6599fd8-t84nt,3,36
1782471383,gsm-40,osmo-stp-768687f494-wq8sh,1,2
1782471383,gsm-40,ttcn3-tc-26-7-4-2-4-5-1-hf26r,1,6
1782471383,gsm-40,virtphy-6b7886fcb7-4thcc,7,1
1782471385,gsm-40,msc-test-stub-5b875d749d-hw2sw,1,16
1782471385,gsm-40,osmo-bsc-594654bd47-gq2pw,1,5
1782471385,gsm-40,osmo-bts-virtual-5f8b9b86fc-pwqfm,25,5
1782471385,gsm-40,osmo-hlr-546bdb8988-n67rt,1,2
1782471385,gsm-40,osmo-mgw-8c8fc67d6-lwm4h,1,2
1782471385,gsm-40,osmo-mobile-58f6599fd8-t84nt,3,36
1782471385,gsm-40,osmo-stp-768687f494-wq8sh,1,2
1782471385,gsm-40,ttcn3-tc-26-7-4-2-4-5-1-hf26r,1,6
1782471385,gsm-40,virtphy-6b7886fcb7-4thcc,7,1
1782471388,gsm-40,msc-test-stub-5b875d749d-hw2sw,1,16
1782471388,gsm-40,osmo-bsc-594654bd47-gq2pw,1,5
1782471388,gsm-40,osmo-bts-virtual-5f8b9b86fc-pwqfm,25,5
1782471388,gsm-40,osmo-hlr-546bdb8988-n67rt,1,2
1782471388,gsm-40,osmo-mgw-8c8fc67d6-lwm4h,1,2
1782471388,gsm-40,osmo-mobile-58f6599fd8-t84nt,3,36
1782471388,gsm-40,osmo-stp-768687f494-wq8sh,1,2
1782471388,gsm-40,ttcn3-tc-26-7-4-2-4-5-1-hf26r,1,6
1782471388,gsm-40,virtphy-6b7886fcb7-4thcc,6,1
1782471390,gsm-40,msc-test-stub-5b875d749d-hw2sw,1,16
1782471390,gsm-40,osmo-bsc-594654bd47-gq2pw,1,5
1782471390,gsm-40,osmo-bts-virtual-5f8b9b86fc-pwqfm,25,5
1782471390,gsm-40,osmo-hlr-546bdb8988-n67rt,1,2
1782471390,gsm-40,osmo-mgw-8c8fc67d6-lwm4h,1,2
1782471390,gsm-40,osmo-mobile-58f6599fd8-t84nt,3,36
1782471390,gsm-40,osmo-stp-768687f494-wq8sh,1,2
1782471390,gsm-40,ttcn3-tc-26-7-4-2-4-5-1-hf26r,1,6
1782471390,gsm-40,virtphy-6b7886fcb7-4thcc,6,1
1782471393,gsm-40,msc-test-stub-5b875d749d-hw2sw,1,16
1782471393,gsm-40,osmo-bsc-594654bd47-gq2pw,1,5
1782471393,gsm-40,osmo-bts-virtual-5f8b9b86fc-pwqfm,25,5
1782471393,gsm-40,osmo-hlr-546bdb8988-n67rt,1,2
1782471393,gsm-40,osmo-mgw-8c8fc67d6-lwm4h,1,2
1782471393,gsm-40,osmo-mobile-58f6599fd8-t84nt,3,36
1782471393,gsm-40,osmo-stp-768687f494-wq8sh,1,2
1782471393,gsm-40,ttcn3-tc-26-7-4-2-4-5-1-hf26r,1,6
1782471393,gsm-40,virtphy-6b7886fcb7-4thcc,6,1
1782471395,gsm-40,msc-test-stub-5b875d749d-hw2sw,1,16
1782471395,gsm-40,osmo-bsc-594654bd47-gq2pw,1,5
1782471395,gsm-40,osmo-bts-virtual-5f8b9b86fc-pwqfm,25,5
1782471395,gsm-40,osmo-hlr-546bdb8988-n67rt,1,2
1782471395,gsm-40,osmo-mgw-8c8fc67d6-lwm4h,1,2
1782471395,gsm-40,osmo-mobile-58f6599fd8-t84nt,3,36
1782471395,gsm-40,osmo-stp-768687f494-wq8sh,1,2
1782471395,gsm-40,ttcn3-tc-26-7-4-2-4-5-1-hf26r,1,6
1782471395,gsm-40,virtphy-6b7886fcb7-4thcc,6,1
1782471397,gsm-40,msc-test-stub-5b875d749d-hw2sw,1,16
1782471397,gsm-40,osmo-bsc-594654bd47-gq2pw,1,5
1782471397,gsm-40,osmo-bts-virtual-5f8b9b86fc-pwqfm,25,5
1782471397,gsm-40,osmo-hlr-546bdb8988-n67rt,1,2
1782471397,gsm-40,osmo-mgw-8c8fc67d6-lwm4h,1,2
1782471397,gsm-40,osmo-mobile-58f6599fd8-t84nt,3,36
1782471397,gsm-40,osmo-stp-768687f494-wq8sh,1,2
1782471397,gsm-40,ttcn3-tc-26-7-4-2-4-5-1-hf26r,1,6
1782471397,gsm-40,virtphy-6b7886fcb7-4thcc,6,1
1782471400,gsm-40,msc-test-stub-5b875d749d-hw2sw,1,16
1782471400,gsm-40,osmo-bsc-594654bd47-gq2pw,1,5
1782471400,gsm-40,osmo-bts-virtual-5f8b9b86fc-pwqfm,25,5
1782471400,gsm-40,osmo-hlr-546bdb8988-n67rt,1,2
1782471400,gsm-40,osmo-mgw-8c8fc67d6-lwm4h,1,2
1782471400,gsm-40,osmo-mobile-58f6599fd8-t84nt,3,36
1782471400,gsm-40,osmo-stp-768687f494-wq8sh,1,2
1782471400,gsm-40,ttcn3-tc-26-7-4-2-4-5-1-hf26r,1,6
1782471400,gsm-40,virtphy-6b7886fcb7-4thcc,6,1
1782471402,gsm-40,msc-test-stub-5b875d749d-hw2sw,1,16
1782471402,gsm-40,osmo-bsc-594654bd47-gq2pw,1,5
1782471402,gsm-40,osmo-bts-virtual-5f8b9b86fc-pwqfm,25,5
1782471402,gsm-40,osmo-hlr-546bdb8988-n67rt,1,2
1782471402,gsm-40,osmo-mgw-8c8fc67d6-lwm4h,1,2
1782471402,gsm-40,osmo-mobile-58f6599fd8-t84nt,3,36
1782471402,gsm-40,osmo-stp-768687f494-wq8sh,1,2
1782471402,gsm-40,ttcn3-tc-26-7-4-2-4-5-1-hf26r,1,6
1782471402,gsm-40,virtphy-6b7886fcb7-4thcc,6,1
1782471405,gsm-40,msc-test-stub-5b875d749d-hw2sw,1,16
1782471405,gsm-40,osmo-bsc-594654bd47-gq2pw,1,5
1782471405,gsm-40,osmo-bts-virtual-5f8b9b86fc-pwqfm,25,5
1782471405,gsm-40,osmo-hlr-546bdb8988-n67rt,1,2
1782471405,gsm-40,osmo-mgw-8c8fc67d6-lwm4h,1,2
1782471405,gsm-40,osmo-mobile-58f6599fd8-t84nt,3,36
1782471405,gsm-40,osmo-stp-768687f494-wq8sh,1,2
1782471405,gsm-40,ttcn3-tc-26-7-4-2-4-5-1-hf26r,1,6
1782471405,gsm-40,virtphy-6b7886fcb7-4thcc,6,1
1782471407,gsm-40,msc-test-stub-5b875d749d-hw2sw,1,16
1782471407,gsm-40,osmo-bsc-594654bd47-gq2pw,1,5
1782471407,gsm-40,osmo-bts-virtual-5f8b9b86fc-pwqfm,25,5
1782471407,gsm-40,osmo-hlr-546bdb8988-n67rt,1,2
1782471407,gsm-40,osmo-mgw-8c8fc67d6-lwm4h,1,2
1782471407,gsm-40,osmo-mobile-58f6599fd8-t84nt,3,36
1782471407,gsm-40,osmo-stp-768687f494-wq8sh,1,2
1782471407,gsm-40,ttcn3-tc-26-7-4-2-4-5-1-hf26r,1,6
1782471407,gsm-40,virtphy-6b7886fcb7-4thcc,6,1
1782471409,gsm-40,msc-test-stub-5b875d749d-hw2sw,1,16
1782471409,gsm-40,osmo-bsc-594654bd47-gq2pw,1,5
1782471409,gsm-40,osmo-bts-virtual-5f8b9b86fc-pwqfm,25,5
1782471409,gsm-40,osmo-hlr-546bdb8988-n67rt,1,2
1782471409,gsm-40,osmo-mgw-8c8fc67d6-lwm4h,1,2
1782471409,gsm-40,osmo-mobile-58f6599fd8-t84nt,3,36
1782471409,gsm-40,osmo-stp-768687f494-wq8sh,1,2
1782471409,gsm-40,ttcn3-tc-26-7-4-2-4-5-1-hf26r,1,6
1782471409,gsm-40,virtphy-6b7886fcb7-4thcc,6,1
1782471412,gsm-40,msc-test-stub-5b875d749d-hw2sw,1,16
1782471412,gsm-40,osmo-bsc-594654bd47-gq2pw,1,5
1782471412,gsm-40,osmo-bts-virtual-5f8b9b86fc-pwqfm,25,5
1782471412,gsm-40,osmo-hlr-546bdb8988-n67rt,1,2
1782471412,gsm-40,osmo-mgw-8c8fc67d6-lwm4h,1,2
1782471412,gsm-40,osmo-mobile-58f6599fd8-t84nt,3,36
1782471412,gsm-40,osmo-stp-768687f494-wq8sh,1,2
1782471412,gsm-40,ttcn3-tc-26-7-4-2-4-5-1-hf26r,1,6
1782471412,gsm-40,virtphy-6b7886fcb7-4thcc,6,1
1782471415,gsm-40,msc-test-stub-5b875d749d-hw2sw,1,16
1782471415,gsm-40,osmo-bsc-594654bd47-gq2pw,1,5
1782471415,gsm-40,osmo-bts-virtual-5f8b9b86fc-pwqfm,25,5
1782471415,gsm-40,osmo-hlr-546bdb8988-n67rt,1,2
1782471415,gsm-40,osmo-mgw-8c8fc67d6-lwm4h,1,2
1782471415,gsm-40,osmo-mobile-58f6599fd8-t84nt,3,36
1782471415,gsm-40,osmo-stp-768687f494-wq8sh,1,2
1782471415,gsm-40,ttcn3-tc-26-7-4-2-4-5-1-hf26r,1,6
1782471415,gsm-40,virtphy-6b7886fcb7-4thcc,6,1
1782471417,gsm-40,msc-test-stub-5b875d749d-hw2sw,1,16
1782471417,gsm-40,osmo-bsc-594654bd47-gq2pw,1,5
1782471417,gsm-40,osmo-bts-virtual-5f8b9b86fc-pwqfm,25,5
1782471417,gsm-40,osmo-hlr-546bdb8988-n67rt,1,2
1782471417,gsm-40,osmo-mgw-8c8fc67d6-lwm4h,1,2
1782471417,gsm-40,osmo-mobile-58f6599fd8-t84nt,4,38
1782471417,gsm-40,osmo-stp-768687f494-wq8sh,1,2
1782471417,gsm-40,ttcn3-tc-26-7-4-2-4-5-1-hf26r,1,6
1782471417,gsm-40,virtphy-6b7886fcb7-4thcc,6,1
1782471420,gsm-40,msc-test-stub-5b875d749d-hw2sw,1,16
1782471420,gsm-40,osmo-bsc-594654bd47-gq2pw,1,5
1782471420,gsm-40,osmo-bts-virtual-5f8b9b86fc-pwqfm,25,5
1782471420,gsm-40,osmo-hlr-546bdb8988-n67rt,1,2
1782471420,gsm-40,osmo-mgw-8c8fc67d6-lwm4h,1,2
1782471420,gsm-40,osmo-mobile-58f6599fd8-t84nt,4,38
1782471420,gsm-40,osmo-stp-768687f494-wq8sh,1,2
1782471420,gsm-40,ttcn3-tc-26-7-4-2-4-5-1-hf26r,1,6
1782471420,gsm-40,virtphy-6b7886fcb7-4thcc,6,1
1782471423,gsm-40,msc-test-stub-5b875d749d-hw2sw,1,16
1782471423,gsm-40,osmo-bsc-594654bd47-gq2pw,1,5
1782471423,gsm-40,osmo-bts-virtual-5f8b9b86fc-pwqfm,25,5
1782471423,gsm-40,osmo-hlr-546bdb8988-n67rt,1,2
1782471423,gsm-40,osmo-mgw-8c8fc67d6-lwm4h,1,2
1782471423,gsm-40,osmo-mobile-58f6599fd8-t84nt,4,38
1782471423,gsm-40,osmo-stp-768687f494-wq8sh,1,2
1782471423,gsm-40,ttcn3-tc-26-7-4-2-4-5-1-hf26r,1,6
1782471423,gsm-40,virtphy-6b7886fcb7-4thcc,6,1
1782471425,gsm-40,msc-test-stub-5b875d749d-hw2sw,1,16
1782471425,gsm-40,osmo-bsc-594654bd47-gq2pw,1,5
1782471425,gsm-40,osmo-bts-virtual-5f8b9b86fc-pwqfm,25,5
1782471425,gsm-40,osmo-hlr-546bdb8988-n67rt,1,2
1782471425,gsm-40,osmo-mgw-8c8fc67d6-lwm4h,1,2
1782471425,gsm-40,osmo-mobile-58f6599fd8-t84nt,4,38
1782471425,gsm-40,osmo-stp-768687f494-wq8sh,1,2
1782471425,gsm-40,ttcn3-tc-26-7-4-2-4-5-1-hf26r,1,6
1782471425,gsm-40,virtphy-6b7886fcb7-4thcc,6,1
1782471428,gsm-40,msc-test-stub-5b875d749d-hw2sw,1,16
1782471428,gsm-40,osmo-bsc-594654bd47-gq2pw,1,5
1782471428,gsm-40,osmo-bts-virtual-5f8b9b86fc-pwqfm,25,5
1782471428,gsm-40,osmo-hlr-546bdb8988-n67rt,1,2
1782471428,gsm-40,osmo-mgw-8c8fc67d6-lwm4h,1,2
1782471428,gsm-40,osmo-mobile-58f6599fd8-t84nt,4,38
1782471428,gsm-40,osmo-stp-768687f494-wq8sh,1,2
1782471428,gsm-40,ttcn3-tc-26-7-4-2-4-5-1-hf26r,1,6
1782471428,gsm-40,virtphy-6b7886fcb7-4thcc,6,1
1782471430,gsm-40,msc-test-stub-5b875d749d-hw2sw,1,16
1782471430,gsm-40,osmo-bsc-594654bd47-gq2pw,1,5
1782471430,gsm-40,osmo-bts-virtual-5f8b9b86fc-pwqfm,25,5
1782471430,gsm-40,osmo-hlr-546bdb8988-n67rt,1,2
1782471430,gsm-40,osmo-mgw-8c8fc67d6-lwm4h,1,2
1782471430,gsm-40,osmo-mobile-58f6599fd8-t84nt,4,38
1782471430,gsm-40,osmo-stp-768687f494-wq8sh,1,2
1782471430,gsm-40,ttcn3-tc-26-7-4-2-4-5-1-hf26r,1,6
1782471430,gsm-40,virtphy-6b7886fcb7-4thcc,6,1
1782471433,gsm-40,msc-test-stub-5b875d749d-hw2sw,1,16
1782471433,gsm-40,osmo-bsc-594654bd47-gq2pw,1,5
1782471433,gsm-40,osmo-bts-virtual-5f8b9b86fc-pwqfm,24,5
1782471433,gsm-40,osmo-hlr-546bdb8988-n67rt,1,2
1782471433,gsm-40,osmo-mgw-8c8fc67d6-lwm4h,1,2
1782471433,gsm-40,osmo-mobile-58f6599fd8-t84nt,3,38
1782471433,gsm-40,osmo-stp-768687f494-wq8sh,1,2
1782471433,gsm-40,ttcn3-tc-26-7-4-2-4-5-1-hf26r,1,6
1782471433,gsm-40,virtphy-6b7886fcb7-4thcc,6,1
1782471435,gsm-40,msc-test-stub-5b875d749d-hw2sw,1,16
1782471435,gsm-40,osmo-bsc-594654bd47-gq2pw,1,5
1782471435,gsm-40,osmo-bts-virtual-5f8b9b86fc-pwqfm,24,5
1782471435,gsm-40,osmo-hlr-546bdb8988-n67rt,1,2
1782471435,gsm-40,osmo-mgw-8c8fc67d6-lwm4h,1,2
1782471435,gsm-40,osmo-mobile-58f6599fd8-t84nt,3,38
1782471435,gsm-40,osmo-stp-768687f494-wq8sh,1,2
1782471435,gsm-40,ttcn3-tc-26-7-4-2-4-5-1-hf26r,1,6
1782471435,gsm-40,virtphy-6b7886fcb7-4thcc,6,1
1782471438,gsm-40,msc-test-stub-5b875d749d-hw2sw,1,16
1782471438,gsm-40,osmo-bsc-594654bd47-gq2pw,1,5
1782471438,gsm-40,osmo-bts-virtual-5f8b9b86fc-pwqfm,24,5
1782471438,gsm-40,osmo-hlr-546bdb8988-n67rt,1,2
1782471438,gsm-40,osmo-mgw-8c8fc67d6-lwm4h,1,2
1782471438,gsm-40,osmo-mobile-58f6599fd8-t84nt,3,38
1782471438,gsm-40,osmo-stp-768687f494-wq8sh,1,2
1782471438,gsm-40,ttcn3-tc-26-7-4-2-4-5-1-hf26r,1,6
1782471438,gsm-40,virtphy-6b7886fcb7-4thcc,6,1
1782471440,gsm-40,msc-test-stub-5b875d749d-hw2sw,1,16
1782471440,gsm-40,osmo-bsc-594654bd47-gq2pw,1,5
1782471440,gsm-40,osmo-bts-virtual-5f8b9b86fc-pwqfm,24,5
1782471440,gsm-40,osmo-hlr-546bdb8988-n67rt,1,2
1782471440,gsm-40,osmo-mgw-8c8fc67d6-lwm4h,1,2
1782471440,gsm-40,osmo-mobile-58f6599fd8-t84nt,3,38
1782471440,gsm-40,osmo-stp-768687f494-wq8sh,1,2
1782471440,gsm-40,ttcn3-tc-26-7-4-2-4-5-1-hf26r,1,6
1782471440,gsm-40,virtphy-6b7886fcb7-4thcc,6,1
1782471443,gsm-40,msc-test-stub-5b875d749d-hw2sw,1,16
1782471443,gsm-40,osmo-bsc-594654bd47-gq2pw,1,5
1782471443,gsm-40,osmo-bts-virtual-5f8b9b86fc-pwqfm,24,5
1782471443,gsm-40,osmo-hlr-546bdb8988-n67rt,1,2
1782471443,gsm-40,osmo-mgw-8c8fc67d6-lwm4h,1,2
1782471443,gsm-40,osmo-mobile-58f6599fd8-t84nt,3,38
1782471443,gsm-40,osmo-stp-768687f494-wq8sh,1,2
1782471443,gsm-40,ttcn3-tc-26-7-4-2-4-5-1-hf26r,1,6
1782471443,gsm-40,virtphy-6b7886fcb7-4thcc,6,1
1782471445,gsm-40,msc-test-stub-5b875d749d-hw2sw,1,16
1782471445,gsm-40,osmo-bsc-594654bd47-gq2pw,1,5
1782471445,gsm-40,osmo-bts-virtual-5f8b9b86fc-pwqfm,24,5
1782471445,gsm-40,osmo-hlr-546bdb8988-n67rt,1,2
1782471445,gsm-40,osmo-mgw-8c8fc67d6-lwm4h,1,2
1782471445,gsm-40,osmo-mobile-58f6599fd8-t84nt,3,38
1782471445,gsm-40,osmo-stp-768687f494-wq8sh,1,2
1782471445,gsm-40,ttcn3-tc-26-7-4-2-4-5-1-hf26r,1,6
1782471445,gsm-40,virtphy-6b7886fcb7-4thcc,6,1
1782471447,gsm-40,osmo-bsc-594654bd47-gq2pw,1,5
1782471447,gsm-40,osmo-bts-virtual-5f8b9b86fc-pwqfm,22,5
1782471447,gsm-40,osmo-hlr-546bdb8988-n67rt,1,2
1782471447,gsm-40,osmo-mgw-8c8fc67d6-lwm4h,1,2
1782471447,gsm-40,osmo-mobile-58f6599fd8-t84nt,3,38
1782471447,gsm-40,osmo-stp-768687f494-wq8sh,1,2
1782471447,gsm-40,ttcn3-tc-26-7-4-2-4-5-1-hf26r,1,6
1782471447,gsm-40,virtphy-6b7886fcb7-4thcc,6,1
1782471450,gsm-40,osmo-bsc-594654bd47-gq2pw,1,5
1782471450,gsm-40,osmo-bts-virtual-5f8b9b86fc-pwqfm,22,5
1782471450,gsm-40,osmo-hlr-546bdb8988-n67rt,1,2
1782471450,gsm-40,osmo-mgw-8c8fc67d6-lwm4h,1,2
1782471450,gsm-40,osmo-mobile-58f6599fd8-t84nt,3,38
1782471450,gsm-40,osmo-stp-768687f494-wq8sh,1,2
1782471450,gsm-40,ttcn3-tc-26-7-4-2-4-5-1-hf26r,1,6
1782471450,gsm-40,virtphy-6b7886fcb7-4thcc,6,1
1782471453,gsm-40,osmo-bsc-594654bd47-gq2pw,1,5
1782471453,gsm-40,osmo-bts-virtual-5f8b9b86fc-pwqfm,22,5
1782471453,gsm-40,osmo-hlr-546bdb8988-n67rt,1,2
1782471453,gsm-40,osmo-mgw-8c8fc67d6-lwm4h,1,2
1782471453,gsm-40,osmo-mobile-58f6599fd8-t84nt,3,38
1782471453,gsm-40,osmo-stp-768687f494-wq8sh,1,2
1782471453,gsm-40,ttcn3-tc-26-7-4-2-4-5-1-hf26r,1,6
1782471453,gsm-40,virtphy-6b7886fcb7-4thcc,6,1
1782471455,gsm-40,osmo-bsc-594654bd47-gq2pw,1,5
1782471455,gsm-40,osmo-bts-virtual-5f8b9b86fc-pwqfm,22,5
1782471455,gsm-40,osmo-hlr-546bdb8988-n67rt,1,2
1782471455,gsm-40,osmo-mgw-8c8fc67d6-lwm4h,1,2
1782471455,gsm-40,osmo-mobile-58f6599fd8-t84nt,3,38
1782471455,gsm-40,osmo-stp-768687f494-wq8sh,1,2
1782471455,gsm-40,ttcn3-tc-26-7-4-2-4-5-1-hf26r,1,6
1782471455,gsm-40,virtphy-6b7886fcb7-4thcc,6,1
1782471457,gsm-40,osmo-bsc-594654bd47-gq2pw,1,5
1782471457,gsm-40,osmo-bts-virtual-5f8b9b86fc-pwqfm,22,5
1782471457,gsm-40,osmo-hlr-546bdb8988-n67rt,1,2
1782471457,gsm-40,osmo-mgw-8c8fc67d6-lwm4h,1,2
1782471457,gsm-40,osmo-mobile-58f6599fd8-t84nt,3,38
1782471457,gsm-40,osmo-stp-768687f494-wq8sh,1,2
1782471457,gsm-40,ttcn3-tc-26-7-4-2-4-5-1-hf26r,1,6
1782471457,gsm-40,virtphy-6b7886fcb7-4thcc,6,1
1782471459,gsm-40,osmo-bsc-594654bd47-gq2pw,1,5
1782471459,gsm-40,osmo-bts-virtual-5f8b9b86fc-pwqfm,22,5
1782471459,gsm-40,osmo-hlr-546bdb8988-n67rt,1,2
1782471459,gsm-40,osmo-mgw-8c8fc67d6-lwm4h,1,2
1782471459,gsm-40,osmo-mobile-58f6599fd8-t84nt,3,38
1782471459,gsm-40,osmo-stp-768687f494-wq8sh,1,2
1782471459,gsm-40,ttcn3-tc-26-7-4-2-4-5-1-hf26r,1,6
1782471459,gsm-40,virtphy-6b7886fcb7-4thcc,6,1
1782471462,gsm-40,osmo-bsc-594654bd47-gq2pw,1,5
1782471462,gsm-40,osmo-bts-virtual-5f8b9b86fc-pwqfm,22,5
1782471462,gsm-40,osmo-hlr-546bdb8988-n67rt,1,2
1782471462,gsm-40,osmo-mgw-8c8fc67d6-lwm4h,1,2
1782471462,gsm-40,osmo-mobile-58f6599fd8-t84nt,3,38
1782471462,gsm-40,osmo-stp-768687f494-wq8sh,1,2
1782471462,gsm-40,ttcn3-tc-26-7-4-2-4-5-1-hf26r,1,6
1782471462,gsm-40,virtphy-6b7886fcb7-4thcc,6,1
1782471464,gsm-40,msc-test-stub-5b875d749d-hw2sw,1,16
1782471464,gsm-40,osmo-bsc-594654bd47-gq2pw,1,5
1782471464,gsm-40,osmo-bts-virtual-5f8b9b86fc-pwqfm,25,5
1782471464,gsm-40,osmo-hlr-546bdb8988-n67rt,1,2
1782471464,gsm-40,osmo-mgw-8c8fc67d6-lwm4h,1,2
1782471464,gsm-40,osmo-mobile-58f6599fd8-t84nt,3,38
1782471464,gsm-40,osmo-stp-768687f494-wq8sh,1,2
1782471464,gsm-40,ttcn3-tc-26-7-4-2-4-5-1-hf26r,1,6
1782471464,gsm-40,virtphy-6b7886fcb7-4thcc,6,1
1782471466,gsm-40,msc-test-stub-5b875d749d-hw2sw,1,16
1782471466,gsm-40,osmo-bsc-594654bd47-gq2pw,1,5
1782471466,gsm-40,osmo-bts-virtual-5f8b9b86fc-pwqfm,25,5
1782471466,gsm-40,osmo-hlr-546bdb8988-n67rt,1,2
1782471466,gsm-40,osmo-mgw-8c8fc67d6-lwm4h,1,2
1782471466,gsm-40,osmo-mobile-58f6599fd8-t84nt,3,38
1782471466,gsm-40,osmo-stp-768687f494-wq8sh,1,2
1782471466,gsm-40,ttcn3-tc-26-7-4-2-4-5-1-hf26r,1,6
1782471466,gsm-40,virtphy-6b7886fcb7-4thcc,6,1
1782471468,gsm-40,msc-test-stub-5b875d749d-hw2sw,1,16
1782471468,gsm-40,osmo-bsc-594654bd47-gq2pw,1,5
1782471468,gsm-40,osmo-bts-virtual-5f8b9b86fc-pwqfm,25,5
1782471468,gsm-40,osmo-hlr-546bdb8988-n67rt,1,2
1782471468,gsm-40,osmo-mgw-8c8fc67d6-lwm4h,1,2
1782471468,gsm-40,osmo-mobile-58f6599fd8-t84nt,3,38
1782471468,gsm-40,osmo-stp-768687f494-wq8sh,1,2
1782471468,gsm-40,ttcn3-tc-26-7-4-2-4-5-1-hf26r,1,6
1782471468,gsm-40,virtphy-6b7886fcb7-4thcc,6,1
1782471470,gsm-40,msc-test-stub-5b875d749d-hw2sw,1,16
1782471470,gsm-40,osmo-bsc-594654bd47-gq2pw,1,5
1782471470,gsm-40,osmo-bts-virtual-5f8b9b86fc-pwqfm,25,5
1782471470,gsm-40,osmo-hlr-546bdb8988-n67rt,1,2
1782471470,gsm-40,osmo-mgw-8c8fc67d6-lwm4h,1,2
1782471470,gsm-40,osmo-mobile-58f6599fd8-t84nt,3,38
1782471470,gsm-40,osmo-stp-768687f494-wq8sh,1,2
1782471470,gsm-40,ttcn3-tc-26-7-4-2-4-5-1-hf26r,1,6
1782471470,gsm-40,virtphy-6b7886fcb7-4thcc,6,1
1782471473,gsm-40,msc-test-stub-5b875d749d-hw2sw,1,16
1782471473,gsm-40,osmo-bsc-594654bd47-gq2pw,1,5
1782471473,gsm-40,osmo-bts-virtual-5f8b9b86fc-pwqfm,25,5
1782471473,gsm-40,osmo-hlr-546bdb8988-n67rt,1,2
1782471473,gsm-40,osmo-mgw-8c8fc67d6-lwm4h,1,2
1782471473,gsm-40,osmo-mobile-58f6599fd8-t84nt,3,38
1782471473,gsm-40,osmo-stp-768687f494-wq8sh,1,2
1782471473,gsm-40,ttcn3-tc-26-7-4-2-4-5-1-hf26r,1,6
1782471473,gsm-40,virtphy-6b7886fcb7-4thcc,6,1
1782471475,gsm-40,msc-test-stub-5b875d749d-hw2sw,1,16
1782471475,gsm-40,osmo-bsc-594654bd47-gq2pw,1,5
1782471475,gsm-40,osmo-bts-virtual-5f8b9b86fc-pwqfm,25,5
1782471475,gsm-40,osmo-hlr-546bdb8988-n67rt,1,2
1782471475,gsm-40,osmo-mgw-8c8fc67d6-lwm4h,1,2
1782471475,gsm-40,osmo-mobile-58f6599fd8-t84nt,3,38
1782471475,gsm-40,osmo-stp-768687f494-wq8sh,1,2
1782471475,gsm-40,ttcn3-tc-26-7-4-2-4-5-1-hf26r,1,6
1782471475,gsm-40,virtphy-6b7886fcb7-4thcc,6,1
1782471477,gsm-40,msc-test-stub-5b875d749d-hw2sw,1,16
1782471477,gsm-40,osmo-bsc-594654bd47-gq2pw,1,5
1782471477,gsm-40,osmo-bts-virtual-5f8b9b86fc-pwqfm,25,5
1782471477,gsm-40,osmo-hlr-546bdb8988-n67rt,1,2
1782471477,gsm-40,osmo-mgw-8c8fc67d6-lwm4h,1,2
1782471477,gsm-40,osmo-mobile-58f6599fd8-t84nt,3,38
1782471477,gsm-40,osmo-stp-768687f494-wq8sh,1,2
1782471477,gsm-40,ttcn3-tc-26-7-4-2-4-5-1-hf26r,1,6
1782471477,gsm-40,virtphy-6b7886fcb7-4thcc,6,1
1782471480,gsm-40,msc-test-stub-5b875d749d-hw2sw,1,16
1782471480,gsm-40,osmo-bsc-594654bd47-gq2pw,1,5
1782471480,gsm-40,osmo-bts-virtual-5f8b9b86fc-pwqfm,25,5
1782471480,gsm-40,osmo-hlr-546bdb8988-n67rt,1,2
1782471480,gsm-40,osmo-mgw-8c8fc67d6-lwm4h,1,2
1782471480,gsm-40,osmo-mobile-58f6599fd8-t84nt,3,38
1782471480,gsm-40,osmo-stp-768687f494-wq8sh,1,2
1782471480,gsm-40,ttcn3-tc-26-7-4-2-4-5-1-hf26r,1,6
1782471480,gsm-40,virtphy-6b7886fcb7-4thcc,6,1
1782471483,gsm-40,msc-test-stub-5b875d749d-hw2sw,1,16
1782471483,gsm-40,osmo-bsc-594654bd47-gq2pw,1,5
1782471483,gsm-40,osmo-bts-virtual-5f8b9b86fc-pwqfm,25,5
1782471483,gsm-40,osmo-hlr-546bdb8988-n67rt,1,2
1782471483,gsm-40,osmo-mgw-8c8fc67d6-lwm4h,1,2
1782471483,gsm-40,osmo-mobile-58f6599fd8-t84nt,3,38
1782471483,gsm-40,osmo-stp-768687f494-wq8sh,1,2
1782471483,gsm-40,ttcn3-tc-26-7-4-2-4-5-1-hf26r,1,6
1782471483,gsm-40,virtphy-6b7886fcb7-4thcc,6,1
1782471485,gsm-40,msc-test-stub-5b875d749d-hw2sw,1,16
1782471485,gsm-40,osmo-bsc-594654bd47-gq2pw,1,5
1782471485,gsm-40,osmo-bts-virtual-5f8b9b86fc-pwqfm,25,5
1782471485,gsm-40,osmo-hlr-546bdb8988-n67rt,1,2
1782471485,gsm-40,osmo-mgw-8c8fc67d6-lwm4h,1,2
1782471485,gsm-40,osmo-mobile-58f6599fd8-t84nt,3,38
1782471485,gsm-40,osmo-stp-768687f494-wq8sh,1,2
1782471485,gsm-40,ttcn3-tc-26-7-4-2-4-5-1-hf26r,1,6
1782471485,gsm-40,virtphy-6b7886fcb7-4thcc,6,1
1782471487,gsm-40,msc-test-stub-5b875d749d-hw2sw,1,16
1782471487,gsm-40,osmo-bsc-594654bd47-gq2pw,1,5
1782471487,gsm-40,osmo-bts-virtual-5f8b9b86fc-pwqfm,25,5
1782471487,gsm-40,osmo-hlr-546bdb8988-n67rt,1,2
1782471487,gsm-40,osmo-mgw-8c8fc67d6-lwm4h,1,2
1782471487,gsm-40,osmo-mobile-58f6599fd8-t84nt,3,38
1782471487,gsm-40,osmo-stp-768687f494-wq8sh,1,2
1782471487,gsm-40,ttcn3-tc-26-7-4-2-4-5-1-hf26r,1,6
1782471487,gsm-40,virtphy-6b7886fcb7-4thcc,6,1
1782471491,gsm-40,msc-test-stub-5b875d749d-hw2sw,1,16
1782471491,gsm-40,osmo-bsc-594654bd47-gq2pw,1,5
1782471491,gsm-40,osmo-bts-virtual-5f8b9b86fc-pwqfm,25,5
1782471491,gsm-40,osmo-hlr-546bdb8988-n67rt,1,2
1782471491,gsm-40,osmo-mgw-8c8fc67d6-lwm4h,1,2
1782471491,gsm-40,osmo-mobile-58f6599fd8-t84nt,3,38
1782471491,gsm-40,osmo-stp-768687f494-wq8sh,1,2
1782471491,gsm-40,ttcn3-tc-26-7-4-2-4-5-1-hf26r,1,6
1782471491,gsm-40,virtphy-6b7886fcb7-4thcc,6,1
1782471493,gsm-40,msc-test-stub-5b875d749d-hw2sw,1,16
1782471493,gsm-40,osmo-bsc-594654bd47-gq2pw,1,5
1782471493,gsm-40,osmo-bts-virtual-5f8b9b86fc-pwqfm,26,5
1782471493,gsm-40,osmo-hlr-546bdb8988-n67rt,1,2
1782471493,gsm-40,osmo-mgw-8c8fc67d6-lwm4h,1,2
1782471493,gsm-40,osmo-mobile-58f6599fd8-t84nt,3,38
1782471493,gsm-40,osmo-stp-768687f494-wq8sh,1,2
1782471493,gsm-40,ttcn3-tc-26-7-4-2-4-5-1-hf26r,1,6
1782471493,gsm-40,virtphy-6b7886fcb7-4thcc,7,1
1782471495,gsm-40,msc-test-stub-5b875d749d-hw2sw,1,16
1782471495,gsm-40,osmo-bsc-594654bd47-gq2pw,1,5
1782471495,gsm-40,osmo-bts-virtual-5f8b9b86fc-pwqfm,26,5
1782471495,gsm-40,osmo-hlr-546bdb8988-n67rt,1,2
1782471495,gsm-40,osmo-mgw-8c8fc67d6-lwm4h,1,2
1782471495,gsm-40,osmo-mobile-58f6599fd8-t84nt,3,38
1782471495,gsm-40,osmo-stp-768687f494-wq8sh,1,2
1782471495,gsm-40,ttcn3-tc-26-7-4-2-4-5-1-hf26r,1,6
1782471495,gsm-40,virtphy-6b7886fcb7-4thcc,7,1
1782471497,gsm-40,msc-test-stub-5b875d749d-hw2sw,1,16
1782471497,gsm-40,osmo-bsc-594654bd47-gq2pw,1,5
1782471497,gsm-40,osmo-bts-virtual-5f8b9b86fc-pwqfm,26,5
1782471497,gsm-40,osmo-hlr-546bdb8988-n67rt,1,2
1782471497,gsm-40,osmo-mgw-8c8fc67d6-lwm4h,1,2
1782471497,gsm-40,osmo-mobile-58f6599fd8-t84nt,3,38
1782471497,gsm-40,osmo-stp-768687f494-wq8sh,1,2
1782471497,gsm-40,ttcn3-tc-26-7-4-2-4-5-1-hf26r,1,6
1782471497,gsm-40,virtphy-6b7886fcb7-4thcc,7,1
1782471501,gsm-40,msc-test-stub-5b875d749d-hw2sw,1,16
1782471501,gsm-40,osmo-bsc-594654bd47-gq2pw,1,5
1782471501,gsm-40,osmo-bts-virtual-5f8b9b86fc-pwqfm,26,5
1782471501,gsm-40,osmo-hlr-546bdb8988-n67rt,1,2
1782471501,gsm-40,osmo-mgw-8c8fc67d6-lwm4h,1,2
1782471501,gsm-40,osmo-mobile-58f6599fd8-t84nt,3,38
1782471501,gsm-40,osmo-stp-768687f494-wq8sh,1,2
1782471501,gsm-40,ttcn3-tc-26-7-4-2-4-5-1-hf26r,1,6
1782471501,gsm-40,virtphy-6b7886fcb7-4thcc,7,1
1782471503,gsm-40,msc-test-stub-5b875d749d-hw2sw,1,16
1782471503,gsm-40,osmo-bsc-594654bd47-gq2pw,1,5
1782471503,gsm-40,osmo-bts-virtual-5f8b9b86fc-pwqfm,26,5
1782471503,gsm-40,osmo-hlr-546bdb8988-n67rt,1,2
1782471503,gsm-40,osmo-mgw-8c8fc67d6-lwm4h,1,2
1782471503,gsm-40,osmo-mobile-58f6599fd8-t84nt,3,38
1782471503,gsm-40,osmo-stp-768687f494-wq8sh,1,2
1782471503,gsm-40,ttcn3-tc-26-7-4-2-4-5-1-hf26r,1,6
1782471503,gsm-40,virtphy-6b7886fcb7-4thcc,7,1
1782471506,gsm-40,msc-test-stub-5b875d749d-hw2sw,1,16
1782471506,gsm-40,osmo-bsc-594654bd47-gq2pw,1,5
1782471506,gsm-40,osmo-bts-virtual-5f8b9b86fc-pwqfm,26,5
1782471506,gsm-40,osmo-hlr-546bdb8988-n67rt,1,2
1782471506,gsm-40,osmo-mgw-8c8fc67d6-lwm4h,1,2
1782471506,gsm-40,osmo-mobile-58f6599fd8-t84nt,3,38
1782471506,gsm-40,osmo-stp-768687f494-wq8sh,1,2
1782471506,gsm-40,ttcn3-tc-26-7-4-2-4-5-1-hf26r,1,6
1782471506,gsm-40,virtphy-6b7886fcb7-4thcc,7,1
1782471508,gsm-40,msc-test-stub-5b875d749d-hw2sw,1,16
1782471508,gsm-40,osmo-bsc-594654bd47-gq2pw,1,5
1782471508,gsm-40,osmo-bts-virtual-5f8b9b86fc-pwqfm,24,5
1782471508,gsm-40,osmo-hlr-546bdb8988-n67rt,1,2
1782471508,gsm-40,osmo-mgw-8c8fc67d6-lwm4h,1,2
1782471508,gsm-40,osmo-mobile-58f6599fd8-t84nt,3,38
1782471508,gsm-40,osmo-stp-768687f494-wq8sh,1,2
1782471508,gsm-40,ttcn3-tc-26-7-4-2-4-5-1-hf26r,1,6
1782471508,gsm-40,virtphy-6b7886fcb7-4thcc,6,1
1782471511,gsm-40,msc-test-stub-5b875d749d-hw2sw,1,16
1782471511,gsm-40,osmo-bsc-594654bd47-gq2pw,1,5
1782471511,gsm-40,osmo-bts-virtual-5f8b9b86fc-pwqfm,24,5
1782471511,gsm-40,osmo-hlr-546bdb8988-n67rt,1,2
1782471511,gsm-40,osmo-mgw-8c8fc67d6-lwm4h,1,2
1782471511,gsm-40,osmo-mobile-58f6599fd8-t84nt,3,38
1782471511,gsm-40,osmo-stp-768687f494-wq8sh,1,2
1782471511,gsm-40,ttcn3-tc-26-7-4-2-4-5-1-hf26r,1,6
1782471511,gsm-40,virtphy-6b7886fcb7-4thcc,6,1
1782471513,gsm-40,msc-test-stub-5b875d749d-hw2sw,1,16
1782471513,gsm-40,osmo-bsc-594654bd47-gq2pw,1,5
1782471513,gsm-40,osmo-bts-virtual-5f8b9b86fc-pwqfm,24,5
1782471513,gsm-40,osmo-hlr-546bdb8988-n67rt,1,2
1782471513,gsm-40,osmo-mgw-8c8fc67d6-lwm4h,1,2
1782471513,gsm-40,osmo-mobile-58f6599fd8-t84nt,3,38
1782471513,gsm-40,osmo-stp-768687f494-wq8sh,1,2
1782471513,gsm-40,ttcn3-tc-26-7-4-2-4-5-1-hf26r,1,6
1782471513,gsm-40,virtphy-6b7886fcb7-4thcc,6,1
1782471515,gsm-40,msc-test-stub-5b875d749d-hw2sw,1,16
1782471515,gsm-40,osmo-bsc-594654bd47-gq2pw,1,5
1782471515,gsm-40,osmo-bts-virtual-5f8b9b86fc-pwqfm,24,5
1782471515,gsm-40,osmo-hlr-546bdb8988-n67rt,1,2
1782471515,gsm-40,osmo-mgw-8c8fc67d6-lwm4h,1,2
1782471515,gsm-40,osmo-mobile-58f6599fd8-t84nt,3,38
1782471515,gsm-40,osmo-stp-768687f494-wq8sh,1,2
1782471515,gsm-40,ttcn3-tc-26-7-4-2-4-5-1-hf26r,1,6
1782471515,gsm-40,virtphy-6b7886fcb7-4thcc,6,1
1782471517,gsm-40,msc-test-stub-5b875d749d-hw2sw,1,16
1782471517,gsm-40,osmo-bsc-594654bd47-gq2pw,1,5
1782471517,gsm-40,osmo-bts-virtual-5f8b9b86fc-pwqfm,24,5
1782471517,gsm-40,osmo-hlr-546bdb8988-n67rt,1,2
1782471517,gsm-40,osmo-mgw-8c8fc67d6-lwm4h,1,2
1782471517,gsm-40,osmo-mobile-58f6599fd8-t84nt,3,38
1782471517,gsm-40,osmo-stp-768687f494-wq8sh,1,2
1782471517,gsm-40,ttcn3-tc-26-7-4-2-4-5-1-hf26r,1,6
1782471517,gsm-40,virtphy-6b7886fcb7-4thcc,6,1
1782471519,gsm-40,msc-test-stub-5b875d749d-hw2sw,1,16
1782471519,gsm-40,osmo-bsc-594654bd47-gq2pw,1,5
1782471519,gsm-40,osmo-bts-virtual-5f8b9b86fc-pwqfm,24,5
1782471519,gsm-40,osmo-hlr-546bdb8988-n67rt,1,2
1782471519,gsm-40,osmo-mgw-8c8fc67d6-lwm4h,1,2
1782471519,gsm-40,osmo-mobile-58f6599fd8-t84nt,3,38
1782471519,gsm-40,osmo-stp-768687f494-wq8sh,1,2
1782471519,gsm-40,ttcn3-tc-26-7-4-2-4-5-1-hf26r,1,6
1782471519,gsm-40,virtphy-6b7886fcb7-4thcc,6,1
1782471522,gsm-40,msc-test-stub-5b875d749d-hw2sw,1,16
1782471522,gsm-40,osmo-bsc-594654bd47-gq2pw,1,5
1782471522,gsm-40,osmo-bts-virtual-5f8b9b86fc-pwqfm,24,5
1782471522,gsm-40,osmo-hlr-546bdb8988-n67rt,1,2
1782471522,gsm-40,osmo-mgw-8c8fc67d6-lwm4h,1,2
1782471522,gsm-40,osmo-mobile-58f6599fd8-t84nt,3,38
1782471522,gsm-40,osmo-stp-768687f494-wq8sh,1,2
1782471522,gsm-40,ttcn3-tc-26-7-4-2-4-5-1-hf26r,1,6
1782471522,gsm-40,virtphy-6b7886fcb7-4thcc,6,1
1782471524,gsm-40,msc-test-stub-5b875d749d-hw2sw,1,16
1782471524,gsm-40,osmo-bsc-594654bd47-gq2pw,1,5
1782471524,gsm-40,osmo-bts-virtual-5f8b9b86fc-pwqfm,25,5
1782471524,gsm-40,osmo-hlr-546bdb8988-n67rt,1,2
1782471524,gsm-40,osmo-mgw-8c8fc67d6-lwm4h,1,2
1782471524,gsm-40,osmo-mobile-58f6599fd8-t84nt,3,38
1782471524,gsm-40,osmo-stp-768687f494-wq8sh,1,2
1782471524,gsm-40,ttcn3-tc-26-7-4-2-4-5-1-hf26r,1,6
1782471524,gsm-40,virtphy-6b7886fcb7-4thcc,6,1
1782471526,gsm-40,msc-test-stub-5b875d749d-hw2sw,1,16
1782471526,gsm-40,osmo-bsc-594654bd47-gq2pw,1,5
1782471526,gsm-40,osmo-bts-virtual-5f8b9b86fc-pwqfm,25,5
1782471526,gsm-40,osmo-hlr-546bdb8988-n67rt,1,2
1782471526,gsm-40,osmo-mgw-8c8fc67d6-lwm4h,1,2
1782471526,gsm-40,osmo-mobile-58f6599fd8-t84nt,3,38
1782471526,gsm-40,osmo-stp-768687f494-wq8sh,1,2
1782471526,gsm-40,ttcn3-tc-26-7-4-2-4-5-1-hf26r,1,6
1782471526,gsm-40,virtphy-6b7886fcb7-4thcc,6,1
1782471528,gsm-40,msc-test-stub-5b875d749d-hw2sw,1,16
1782471528,gsm-40,osmo-bsc-594654bd47-gq2pw,1,5
1782471528,gsm-40,osmo-bts-virtual-5f8b9b86fc-pwqfm,25,5
1782471528,gsm-40,osmo-hlr-546bdb8988-n67rt,1,2
1782471528,gsm-40,osmo-mgw-8c8fc67d6-lwm4h,1,2
1782471528,gsm-40,osmo-mobile-58f6599fd8-t84nt,3,38
1782471528,gsm-40,osmo-stp-768687f494-wq8sh,1,2
1782471528,gsm-40,ttcn3-tc-26-7-4-2-4-5-1-hf26r,1,6
1782471528,gsm-40,virtphy-6b7886fcb7-4thcc,6,1
1782471531,gsm-40,msc-test-stub-5b875d749d-hw2sw,1,16
1782471531,gsm-40,osmo-bsc-594654bd47-gq2pw,1,5
1782471531,gsm-40,osmo-bts-virtual-5f8b9b86fc-pwqfm,25,5
1782471531,gsm-40,osmo-hlr-546bdb8988-n67rt,1,2
1782471531,gsm-40,osmo-mgw-8c8fc67d6-lwm4h,1,2
1782471531,gsm-40,osmo-mobile-58f6599fd8-t84nt,3,38
1782471531,gsm-40,osmo-stp-768687f494-wq8sh,1,2
1782471531,gsm-40,ttcn3-tc-26-7-4-2-4-5-1-hf26r,1,6
1782471531,gsm-40,virtphy-6b7886fcb7-4thcc,6,1
1782471533,gsm-40,msc-test-stub-5b875d749d-hw2sw,1,16
1782471533,gsm-40,osmo-bsc-594654bd47-gq2pw,1,5
1782471533,gsm-40,osmo-bts-virtual-5f8b9b86fc-pwqfm,25,5
1782471533,gsm-40,osmo-hlr-546bdb8988-n67rt,1,2
1782471533,gsm-40,osmo-mgw-8c8fc67d6-lwm4h,1,2
1782471533,gsm-40,osmo-mobile-58f6599fd8-t84nt,3,38
1782471533,gsm-40,osmo-stp-768687f494-wq8sh,1,2
1782471533,gsm-40,ttcn3-tc-26-7-4-2-4-5-1-hf26r,1,6
1782471533,gsm-40,virtphy-6b7886fcb7-4thcc,6,1
1782471535,gsm-40,msc-test-stub-5b875d749d-hw2sw,1,16
1782471535,gsm-40,osmo-bsc-594654bd47-gq2pw,1,5
1782471535,gsm-40,osmo-bts-virtual-5f8b9b86fc-pwqfm,25,5
1782471535,gsm-40,osmo-hlr-546bdb8988-n67rt,1,2
1782471535,gsm-40,osmo-mgw-8c8fc67d6-lwm4h,1,2
1782471535,gsm-40,osmo-mobile-58f6599fd8-t84nt,3,38
1782471535,gsm-40,osmo-stp-768687f494-wq8sh,1,2
1782471535,gsm-40,ttcn3-tc-26-7-4-2-4-5-1-hf26r,1,6
1782471535,gsm-40,virtphy-6b7886fcb7-4thcc,6,1
1782471537,gsm-40,msc-test-stub-5b875d749d-hw2sw,1,16
1782471537,gsm-40,osmo-bsc-594654bd47-gq2pw,1,5
1782471537,gsm-40,osmo-bts-virtual-5f8b9b86fc-pwqfm,25,5
1782471537,gsm-40,osmo-hlr-546bdb8988-n67rt,1,2
1782471537,gsm-40,osmo-mgw-8c8fc67d6-lwm4h,1,2
1782471537,gsm-40,osmo-mobile-58f6599fd8-t84nt,3,38
1782471537,gsm-40,osmo-stp-768687f494-wq8sh,1,2
1782471537,gsm-40,ttcn3-tc-26-7-4-2-4-5-1-hf26r,1,6
1782471537,gsm-40,virtphy-6b7886fcb7-4thcc,6,1
1782471541,gsm-40,msc-test-stub-5b875d749d-hw2sw,1,16
1782471541,gsm-40,osmo-bsc-594654bd47-gq2pw,1,5
1782471541,gsm-40,osmo-bts-virtual-5f8b9b86fc-pwqfm,25,5
1782471541,gsm-40,osmo-hlr-546bdb8988-n67rt,1,2
1782471541,gsm-40,osmo-mgw-8c8fc67d6-lwm4h,1,2
1782471541,gsm-40,osmo-mobile-58f6599fd8-t84nt,3,38
1782471541,gsm-40,osmo-stp-768687f494-wq8sh,1,2
1782471541,gsm-40,ttcn3-tc-26-7-4-2-4-5-1-hf26r,1,6
1782471541,gsm-40,virtphy-6b7886fcb7-4thcc,6,1
1782471543,gsm-40,msc-test-stub-5b875d749d-hw2sw,1,16
1782471543,gsm-40,osmo-bsc-594654bd47-gq2pw,1,5
1782471543,gsm-40,osmo-bts-virtual-5f8b9b86fc-pwqfm,25,5
1782471543,gsm-40,osmo-hlr-546bdb8988-n67rt,1,2
1782471543,gsm-40,osmo-mgw-8c8fc67d6-lwm4h,1,2
1782471543,gsm-40,osmo-mobile-58f6599fd8-t84nt,3,38
1782471543,gsm-40,osmo-stp-768687f494-wq8sh,1,2
1782471543,gsm-40,ttcn3-tc-26-7-4-2-4-5-1-hf26r,1,6
1782471543,gsm-40,virtphy-6b7886fcb7-4thcc,6,1
1782471545,gsm-40,msc-test-stub-5b875d749d-hw2sw,1,16
1782471545,gsm-40,osmo-bsc-594654bd47-gq2pw,1,5
1782471545,gsm-40,osmo-bts-virtual-5f8b9b86fc-pwqfm,25,5
1782471545,gsm-40,osmo-hlr-546bdb8988-n67rt,1,2
1782471545,gsm-40,osmo-mgw-8c8fc67d6-lwm4h,1,2
1782471545,gsm-40,osmo-mobile-58f6599fd8-t84nt,3,38
1782471545,gsm-40,osmo-stp-768687f494-wq8sh,1,2
1782471545,gsm-40,ttcn3-tc-26-7-4-2-4-5-1-hf26r,1,6
1782471545,gsm-40,virtphy-6b7886fcb7-4thcc,6,1
1782471547,gsm-40,msc-test-stub-5b875d749d-hw2sw,1,16
1782471547,gsm-40,osmo-bsc-594654bd47-gq2pw,1,5
1782471547,gsm-40,osmo-bts-virtual-5f8b9b86fc-pwqfm,25,5
1782471547,gsm-40,osmo-hlr-546bdb8988-n67rt,1,2
1782471547,gsm-40,osmo-mgw-8c8fc67d6-lwm4h,1,2
1782471547,gsm-40,osmo-mobile-58f6599fd8-t84nt,3,38
1782471547,gsm-40,osmo-stp-768687f494-wq8sh,1,2
1782471547,gsm-40,ttcn3-tc-26-7-4-2-4-5-1-hf26r,1,6
1782471547,gsm-40,virtphy-6b7886fcb7-4thcc,6,1
1782471550,gsm-40,msc-test-stub-5b875d749d-hw2sw,1,16
1782471550,gsm-40,osmo-bsc-594654bd47-gq2pw,1,5
1782471550,gsm-40,osmo-bts-virtual-5f8b9b86fc-pwqfm,25,5
1782471550,gsm-40,osmo-hlr-546bdb8988-n67rt,1,2
1782471550,gsm-40,osmo-mgw-8c8fc67d6-lwm4h,1,2
1782471550,gsm-40,osmo-mobile-58f6599fd8-t84nt,3,38
1782471550,gsm-40,osmo-stp-768687f494-wq8sh,1,2
1782471550,gsm-40,ttcn3-tc-26-7-4-2-4-5-1-hf26r,1,6
1782471550,gsm-40,virtphy-6b7886fcb7-4thcc,6,1
1782471553,gsm-40,msc-test-stub-5b875d749d-hw2sw,1,16
1782471553,gsm-40,osmo-bsc-594654bd47-gq2pw,1,5
1782471553,gsm-40,osmo-bts-virtual-5f8b9b86fc-pwqfm,24,5
1782471553,gsm-40,osmo-hlr-546bdb8988-n67rt,1,2
1782471553,gsm-40,osmo-mgw-8c8fc67d6-lwm4h,1,2
1782471553,gsm-40,osmo-mobile-58f6599fd8-t84nt,3,38
1782471553,gsm-40,osmo-stp-768687f494-wq8sh,1,2
1782471553,gsm-40,ttcn3-tc-26-7-4-2-4-5-1-hf26r,1,6
1782471553,gsm-40,virtphy-6b7886fcb7-4thcc,6,1
1782471555,gsm-40,msc-test-stub-5b875d749d-hw2sw,1,16
1782471555,gsm-40,osmo-bsc-594654bd47-gq2pw,1,5
1782471555,gsm-40,osmo-bts-virtual-5f8b9b86fc-pwqfm,24,5
1782471555,gsm-40,osmo-hlr-546bdb8988-n67rt,1,2
1782471555,gsm-40,osmo-mgw-8c8fc67d6-lwm4h,1,2
1782471555,gsm-40,osmo-mobile-58f6599fd8-t84nt,3,38
1782471555,gsm-40,osmo-stp-768687f494-wq8sh,1,2
1782471555,gsm-40,ttcn3-tc-26-7-4-2-4-5-1-hf26r,1,6
1782471555,gsm-40,virtphy-6b7886fcb7-4thcc,6,1
1782471557,gsm-40,msc-test-stub-5b875d749d-hw2sw,1,16
1782471557,gsm-40,osmo-bsc-594654bd47-gq2pw,1,5
1782471557,gsm-40,osmo-bts-virtual-5f8b9b86fc-pwqfm,24,5
1782471557,gsm-40,osmo-hlr-546bdb8988-n67rt,1,2
1782471557,gsm-40,osmo-mgw-8c8fc67d6-lwm4h,1,2
1782471557,gsm-40,osmo-mobile-58f6599fd8-t84nt,3,38
1782471557,gsm-40,osmo-stp-768687f494-wq8sh,1,2
1782471557,gsm-40,ttcn3-tc-26-7-4-2-4-5-1-hf26r,1,6
1782471557,gsm-40,virtphy-6b7886fcb7-4thcc,6,1
1782471559,gsm-40,msc-test-stub-5b875d749d-hw2sw,1,16
1782471559,gsm-40,osmo-bsc-594654bd47-gq2pw,1,5
1782471559,gsm-40,osmo-bts-virtual-5f8b9b86fc-pwqfm,24,5
1782471559,gsm-40,osmo-hlr-546bdb8988-n67rt,1,2
1782471559,gsm-40,osmo-mgw-8c8fc67d6-lwm4h,1,2
1782471559,gsm-40,osmo-mobile-58f6599fd8-t84nt,3,38
1782471559,gsm-40,osmo-stp-768687f494-wq8sh,1,2
1782471559,gsm-40,ttcn3-tc-26-7-4-2-4-5-1-hf26r,1,6
1782471559,gsm-40,virtphy-6b7886fcb7-4thcc,6,1
1782471562,gsm-40,msc-test-stub-5b875d749d-hw2sw,1,16
1782471562,gsm-40,osmo-bsc-594654bd47-gq2pw,1,5
1782471562,gsm-40,osmo-bts-virtual-5f8b9b86fc-pwqfm,24,5
1782471562,gsm-40,osmo-hlr-546bdb8988-n67rt,1,2
1782471562,gsm-40,osmo-mgw-8c8fc67d6-lwm4h,1,2
1782471562,gsm-40,osmo-mobile-58f6599fd8-t84nt,3,38
1782471562,gsm-40,osmo-stp-768687f494-wq8sh,1,2
1782471562,gsm-40,ttcn3-tc-26-7-4-2-4-5-1-hf26r,1,6
1782471562,gsm-40,virtphy-6b7886fcb7-4thcc,6,1
1782471564,gsm-40,msc-test-stub-5b875d749d-hw2sw,1,16
1782471564,gsm-40,osmo-bsc-594654bd47-gq2pw,1,5
1782471564,gsm-40,osmo-bts-virtual-5f8b9b86fc-pwqfm,24,5
1782471564,gsm-40,osmo-hlr-546bdb8988-n67rt,1,2
1782471564,gsm-40,osmo-mgw-8c8fc67d6-lwm4h,1,2
1782471564,gsm-40,osmo-mobile-58f6599fd8-t84nt,3,38
1782471564,gsm-40,osmo-stp-768687f494-wq8sh,1,2
1782471564,gsm-40,ttcn3-tc-26-7-4-2-4-5-1-hf26r,1,6
1782471564,gsm-40,virtphy-6b7886fcb7-4thcc,6,1
1782471566,gsm-40,msc-test-stub-5b875d749d-hw2sw,1,16
1782471566,gsm-40,osmo-bsc-594654bd47-gq2pw,1,5
1782471566,gsm-40,osmo-bts-virtual-5f8b9b86fc-pwqfm,24,5
1782471566,gsm-40,osmo-hlr-546bdb8988-n67rt,1,2
1782471566,gsm-40,osmo-mgw-8c8fc67d6-lwm4h,1,2
1782471566,gsm-40,osmo-mobile-58f6599fd8-t84nt,3,38
1782471566,gsm-40,osmo-stp-768687f494-wq8sh,1,2
1782471566,gsm-40,ttcn3-tc-26-7-4-2-4-5-1-hf26r,1,6
1782471566,gsm-40,virtphy-6b7886fcb7-4thcc,6,1
1782471568,gsm-40,msc-test-stub-5b875d749d-hw2sw,1,16
1782471568,gsm-40,osmo-bsc-594654bd47-gq2pw,1,5
1782471568,gsm-40,osmo-bts-virtual-5f8b9b86fc-pwqfm,26,5
1782471568,gsm-40,osmo-hlr-546bdb8988-n67rt,1,2
1782471568,gsm-40,osmo-mgw-8c8fc67d6-lwm4h,1,2
1782471568,gsm-40,osmo-mobile-58f6599fd8-t84nt,3,38
1782471568,gsm-40,osmo-stp-768687f494-wq8sh,1,2
1782471568,gsm-40,ttcn3-tc-26-7-4-2-4-5-1-hf26r,1,6
1782471568,gsm-40,virtphy-6b7886fcb7-4thcc,7,1
1782471571,gsm-40,msc-test-stub-5b875d749d-hw2sw,1,16
1782471571,gsm-40,osmo-bsc-594654bd47-gq2pw,1,5
1782471571,gsm-40,osmo-bts-virtual-5f8b9b86fc-pwqfm,26,5
1782471571,gsm-40,osmo-hlr-546bdb8988-n67rt,1,2
1782471571,gsm-40,osmo-mgw-8c8fc67d6-lwm4h,1,2
1782471571,gsm-40,osmo-mobile-58f6599fd8-t84nt,3,38
1782471571,gsm-40,osmo-stp-768687f494-wq8sh,1,2
1782471571,gsm-40,ttcn3-tc-26-7-4-2-4-5-1-hf26r,1,6
1782471571,gsm-40,virtphy-6b7886fcb7-4thcc,7,1
1782471573,gsm-40,msc-test-stub-5b875d749d-hw2sw,1,16
1782471573,gsm-40,osmo-bsc-594654bd47-gq2pw,1,5
1782471573,gsm-40,osmo-bts-virtual-5f8b9b86fc-pwqfm,26,5
1782471573,gsm-40,osmo-hlr-546bdb8988-n67rt,1,2
1782471573,gsm-40,osmo-mgw-8c8fc67d6-lwm4h,1,2
1782471573,gsm-40,osmo-mobile-58f6599fd8-t84nt,3,38
1782471573,gsm-40,osmo-stp-768687f494-wq8sh,1,2
1782471573,gsm-40,ttcn3-tc-26-7-4-2-4-5-1-hf26r,1,6
1782471573,gsm-40,virtphy-6b7886fcb7-4thcc,7,1
1782471575,gsm-40,msc-test-stub-5b875d749d-hw2sw,1,16
1782471575,gsm-40,osmo-bsc-594654bd47-gq2pw,1,5
1782471575,gsm-40,osmo-bts-virtual-5f8b9b86fc-pwqfm,26,5
1782471575,gsm-40,osmo-hlr-546bdb8988-n67rt,1,2
1782471575,gsm-40,osmo-mgw-8c8fc67d6-lwm4h,1,2
1782471575,gsm-40,osmo-mobile-58f6599fd8-t84nt,3,38
1782471575,gsm-40,osmo-stp-768687f494-wq8sh,1,2
1782471575,gsm-40,ttcn3-tc-26-7-4-2-4-5-1-hf26r,1,6
1782471575,gsm-40,virtphy-6b7886fcb7-4thcc,7,1
1782471577,gsm-40,msc-test-stub-5b875d749d-hw2sw,1,16
1782471577,gsm-40,osmo-bsc-594654bd47-gq2pw,1,5
1782471577,gsm-40,osmo-bts-virtual-5f8b9b86fc-pwqfm,26,5
1782471577,gsm-40,osmo-hlr-546bdb8988-n67rt,1,2
1782471577,gsm-40,osmo-mgw-8c8fc67d6-lwm4h,1,2
1782471577,gsm-40,osmo-mobile-58f6599fd8-t84nt,3,38
1782471577,gsm-40,osmo-stp-768687f494-wq8sh,1,2
1782471577,gsm-40,ttcn3-tc-26-7-4-2-4-5-1-hf26r,1,6
1782471577,gsm-40,virtphy-6b7886fcb7-4thcc,7,1
1782471580,gsm-40,msc-test-stub-5b875d749d-hw2sw,1,16
1782471580,gsm-40,osmo-bsc-594654bd47-gq2pw,1,5
1782471580,gsm-40,osmo-bts-virtual-5f8b9b86fc-pwqfm,26,5
1782471580,gsm-40,osmo-hlr-546bdb8988-n67rt,1,2
1782471580,gsm-40,osmo-mgw-8c8fc67d6-lwm4h,1,2
1782471580,gsm-40,osmo-mobile-58f6599fd8-t84nt,3,38
1782471580,gsm-40,osmo-stp-768687f494-wq8sh,1,2
1782471580,gsm-40,ttcn3-tc-26-7-4-2-4-5-1-hf26r,1,6
1782471580,gsm-40,virtphy-6b7886fcb7-4thcc,7,1
1782471583,gsm-40,msc-test-stub-5b875d749d-hw2sw,1,16
1782471583,gsm-40,osmo-bsc-594654bd47-gq2pw,1,5
1782471583,gsm-40,osmo-bts-virtual-5f8b9b86fc-pwqfm,25,5
1782471583,gsm-40,osmo-hlr-546bdb8988-n67rt,1,2
1782471583,gsm-40,osmo-mgw-8c8fc67d6-lwm4h,1,2
1782471583,gsm-40,osmo-mobile-58f6599fd8-t84nt,3,38
1782471583,gsm-40,osmo-stp-768687f494-wq8sh,1,2
1782471583,gsm-40,ttcn3-tc-26-7-4-2-4-5-1-hf26r,1,6
1782471583,gsm-40,virtphy-6b7886fcb7-4thcc,7,1
1782471585,gsm-40,msc-test-stub-5b875d749d-hw2sw,1,16
1782471585,gsm-40,osmo-bsc-594654bd47-gq2pw,1,5
1782471585,gsm-40,osmo-bts-virtual-5f8b9b86fc-pwqfm,25,5
1782471585,gsm-40,osmo-hlr-546bdb8988-n67rt,1,2
1782471585,gsm-40,osmo-mgw-8c8fc67d6-lwm4h,1,2
1782471585,gsm-40,osmo-mobile-58f6599fd8-t84nt,3,38
1782471585,gsm-40,osmo-stp-768687f494-wq8sh,1,2
1782471585,gsm-40,ttcn3-tc-26-7-4-2-4-5-1-hf26r,1,6
1782471585,gsm-40,virtphy-6b7886fcb7-4thcc,7,1
1782471588,gsm-40,msc-test-stub-5b875d749d-hw2sw,1,16
1782471588,gsm-40,osmo-bsc-594654bd47-gq2pw,1,5
1782471588,gsm-40,osmo-bts-virtual-5f8b9b86fc-pwqfm,25,5
1782471588,gsm-40,osmo-hlr-546bdb8988-n67rt,1,2
1782471588,gsm-40,osmo-mgw-8c8fc67d6-lwm4h,1,2
1782471588,gsm-40,osmo-mobile-58f6599fd8-t84nt,3,38
1782471588,gsm-40,osmo-stp-768687f494-wq8sh,1,2
1782471588,gsm-40,ttcn3-tc-26-7-4-2-4-5-1-hf26r,1,6
1782471588,gsm-40,virtphy-6b7886fcb7-4thcc,7,1
1782471590,gsm-40,msc-test-stub-5b875d749d-hw2sw,1,16
1782471590,gsm-40,osmo-bsc-594654bd47-gq2pw,1,5
1782471590,gsm-40,osmo-bts-virtual-5f8b9b86fc-pwqfm,25,5
1782471590,gsm-40,osmo-hlr-546bdb8988-n67rt,1,2
1782471590,gsm-40,osmo-mgw-8c8fc67d6-lwm4h,1,2
1782471590,gsm-40,osmo-mobile-58f6599fd8-t84nt,3,38
1782471590,gsm-40,osmo-stp-768687f494-wq8sh,1,2
1782471590,gsm-40,ttcn3-tc-26-7-4-2-4-5-1-hf26r,1,6
1782471590,gsm-40,virtphy-6b7886fcb7-4thcc,7,1
1782471593,gsm-40,msc-test-stub-5b875d749d-hw2sw,1,16
1782471593,gsm-40,osmo-bsc-594654bd47-gq2pw,1,5
1782471593,gsm-40,osmo-bts-virtual-5f8b9b86fc-pwqfm,25,5
1782471593,gsm-40,osmo-hlr-546bdb8988-n67rt,1,2
1782471593,gsm-40,osmo-mgw-8c8fc67d6-lwm4h,1,2
1782471593,gsm-40,osmo-mobile-58f6599fd8-t84nt,3,38
1782471593,gsm-40,osmo-stp-768687f494-wq8sh,1,2
1782471593,gsm-40,ttcn3-tc-26-7-4-2-4-5-1-hf26r,1,6
1782471593,gsm-40,virtphy-6b7886fcb7-4thcc,7,1
1782471596,gsm-40,msc-test-stub-5b875d749d-hw2sw,1,16
1782471596,gsm-40,osmo-bsc-594654bd47-gq2pw,1,5
1782471596,gsm-40,osmo-bts-virtual-5f8b9b86fc-pwqfm,25,5
1782471596,gsm-40,osmo-hlr-546bdb8988-n67rt,1,2
1782471596,gsm-40,osmo-mgw-8c8fc67d6-lwm4h,1,2
1782471596,gsm-40,osmo-mobile-58f6599fd8-t84nt,3,38
1782471596,gsm-40,osmo-stp-768687f494-wq8sh,1,2
1782471596,gsm-40,ttcn3-tc-26-7-4-2-4-5-1-hf26r,1,6
1782471596,gsm-40,virtphy-6b7886fcb7-4thcc,7,1
1782471598,gsm-40,msc-test-stub-5b875d749d-hw2sw,1,16
1782471598,gsm-40,osmo-bsc-594654bd47-gq2pw,1,5
1782471598,gsm-40,osmo-bts-virtual-5f8b9b86fc-pwqfm,26,5
1782471598,gsm-40,osmo-hlr-546bdb8988-n67rt,1,2
1782471598,gsm-40,osmo-mgw-8c8fc67d6-lwm4h,1,2
1782471598,gsm-40,osmo-mobile-58f6599fd8-t84nt,3,38
1782471598,gsm-40,osmo-stp-768687f494-wq8sh,1,2
1782471598,gsm-40,ttcn3-tc-26-7-4-2-4-5-1-hf26r,1,6
1782471598,gsm-40,virtphy-6b7886fcb7-4thcc,6,1
1782471600,gsm-40,msc-test-stub-5b875d749d-hw2sw,1,16
1782471600,gsm-40,osmo-bsc-594654bd47-gq2pw,1,5
1782471600,gsm-40,osmo-bts-virtual-5f8b9b86fc-pwqfm,26,5
1782471600,gsm-40,osmo-hlr-546bdb8988-n67rt,1,2
1782471600,gsm-40,osmo-mgw-8c8fc67d6-lwm4h,1,2
1782471600,gsm-40,osmo-mobile-58f6599fd8-t84nt,3,38
1782471600,gsm-40,osmo-stp-768687f494-wq8sh,1,2
1782471600,gsm-40,ttcn3-tc-26-7-4-2-4-5-1-hf26r,1,6
1782471600,gsm-40,virtphy-6b7886fcb7-4thcc,6,1
1782471603,gsm-40,msc-test-stub-5b875d749d-hw2sw,1,16
1782471603,gsm-40,osmo-bsc-594654bd47-gq2pw,1,5
1782471603,gsm-40,osmo-bts-virtual-5f8b9b86fc-pwqfm,26,5
1782471603,gsm-40,osmo-hlr-546bdb8988-n67rt,1,2
1782471603,gsm-40,osmo-mgw-8c8fc67d6-lwm4h,1,2
1782471603,gsm-40,osmo-mobile-58f6599fd8-t84nt,3,38
1782471603,gsm-40,osmo-stp-768687f494-wq8sh,1,2
1782471603,gsm-40,ttcn3-tc-26-7-4-2-4-5-1-hf26r,1,6
1782471603,gsm-40,virtphy-6b7886fcb7-4thcc,6,1
1782471606,gsm-40,msc-test-stub-5b875d749d-hw2sw,1,16
1782471606,gsm-40,osmo-bsc-594654bd47-gq2pw,1,5
1782471606,gsm-40,osmo-bts-virtual-5f8b9b86fc-pwqfm,26,5
1782471606,gsm-40,osmo-hlr-546bdb8988-n67rt,1,2
1782471606,gsm-40,osmo-mgw-8c8fc67d6-lwm4h,1,2
1782471606,gsm-40,osmo-mobile-58f6599fd8-t84nt,3,38
1782471606,gsm-40,osmo-stp-768687f494-wq8sh,1,2
1782471606,gsm-40,ttcn3-tc-26-7-4-2-4-5-1-hf26r,1,6
1782471606,gsm-40,virtphy-6b7886fcb7-4thcc,6,1
1782471608,gsm-40,msc-test-stub-5b875d749d-hw2sw,1,16
1782471608,gsm-40,osmo-bsc-594654bd47-gq2pw,1,5
1782471608,gsm-40,osmo-bts-virtual-5f8b9b86fc-pwqfm,26,5
1782471608,gsm-40,osmo-hlr-546bdb8988-n67rt,1,2
1782471608,gsm-40,osmo-mgw-8c8fc67d6-lwm4h,1,2
1782471608,gsm-40,osmo-mobile-58f6599fd8-t84nt,3,38
1782471608,gsm-40,osmo-stp-768687f494-wq8sh,1,2
1782471608,gsm-40,ttcn3-tc-26-7-4-2-4-5-1-hf26r,1,6
1782471608,gsm-40,virtphy-6b7886fcb7-4thcc,6,1
1782471610,gsm-40,msc-test-stub-5b875d749d-hw2sw,1,16
1782471610,gsm-40,osmo-bsc-594654bd47-gq2pw,1,5
1782471610,gsm-40,osmo-bts-virtual-5f8b9b86fc-pwqfm,26,5
1782471610,gsm-40,osmo-hlr-546bdb8988-n67rt,1,2
1782471610,gsm-40,osmo-mgw-8c8fc67d6-lwm4h,1,2
1782471610,gsm-40,osmo-mobile-58f6599fd8-t84nt,3,38
1782471610,gsm-40,osmo-stp-768687f494-wq8sh,1,2
1782471610,gsm-40,ttcn3-tc-26-7-4-2-4-5-1-hf26r,1,6
1782471610,gsm-40,virtphy-6b7886fcb7-4thcc,6,1
1782471613,gsm-40,msc-test-stub-5b875d749d-hw2sw,1,16
1782471613,gsm-40,osmo-bsc-594654bd47-gq2pw,1,5
1782471613,gsm-40,osmo-bts-virtual-5f8b9b86fc-pwqfm,24,5
1782471613,gsm-40,osmo-hlr-546bdb8988-n67rt,1,2
1782471613,gsm-40,osmo-mgw-8c8fc67d6-lwm4h,1,2
1782471613,gsm-40,osmo-mobile-58f6599fd8-t84nt,3,38
1782471613,gsm-40,osmo-stp-768687f494-wq8sh,1,2
1782471613,gsm-40,ttcn3-tc-26-7-4-2-4-5-1-hf26r,1,6
1782471613,gsm-40,virtphy-6b7886fcb7-4thcc,6,1
1782471615,gsm-40,msc-test-stub-5b875d749d-hw2sw,1,16
1782471615,gsm-40,osmo-bsc-594654bd47-gq2pw,1,5
1782471615,gsm-40,osmo-bts-virtual-5f8b9b86fc-pwqfm,24,5
1782471615,gsm-40,osmo-hlr-546bdb8988-n67rt,1,2
1782471615,gsm-40,osmo-mgw-8c8fc67d6-lwm4h,1,2
1782471615,gsm-40,osmo-mobile-58f6599fd8-t84nt,3,38
1782471615,gsm-40,osmo-stp-768687f494-wq8sh,1,2
1782471615,gsm-40,ttcn3-tc-26-7-4-2-4-5-1-hf26r,1,6
1782471615,gsm-40,virtphy-6b7886fcb7-4thcc,6,1
1782471617,gsm-40,msc-test-stub-5b875d749d-hw2sw,1,16
1782471617,gsm-40,osmo-bsc-594654bd47-gq2pw,1,5
1782471617,gsm-40,osmo-bts-virtual-5f8b9b86fc-pwqfm,24,5
1782471617,gsm-40,osmo-hlr-546bdb8988-n67rt,1,2
1782471617,gsm-40,osmo-mgw-8c8fc67d6-lwm4h,1,2
1782471617,gsm-40,osmo-mobile-58f6599fd8-t84nt,3,38
1782471617,gsm-40,osmo-stp-768687f494-wq8sh,1,2
1782471617,gsm-40,ttcn3-tc-26-7-4-2-4-5-1-hf26r,1,6
1782471617,gsm-40,virtphy-6b7886fcb7-4thcc,6,1
1782471619,gsm-40,msc-test-stub-5b875d749d-hw2sw,1,16
1782471619,gsm-40,osmo-bsc-594654bd47-gq2pw,1,5
1782471619,gsm-40,osmo-bts-virtual-5f8b9b86fc-pwqfm,24,5
1782471619,gsm-40,osmo-hlr-546bdb8988-n67rt,1,2
1782471619,gsm-40,osmo-mgw-8c8fc67d6-lwm4h,1,2
1782471619,gsm-40,osmo-mobile-58f6599fd8-t84nt,3,38
1782471619,gsm-40,osmo-stp-768687f494-wq8sh,1,2
1782471619,gsm-40,ttcn3-tc-26-7-4-2-4-5-1-hf26r,1,6
1782471619,gsm-40,virtphy-6b7886fcb7-4thcc,6,1
1782471622,gsm-40,msc-test-stub-5b875d749d-hw2sw,1,16
1782471622,gsm-40,osmo-bsc-594654bd47-gq2pw,1,5
1782471622,gsm-40,osmo-bts-virtual-5f8b9b86fc-pwqfm,24,5
1782471622,gsm-40,osmo-hlr-546bdb8988-n67rt,1,2
1782471622,gsm-40,osmo-mgw-8c8fc67d6-lwm4h,1,2
1782471622,gsm-40,osmo-mobile-58f6599fd8-t84nt,3,38
1782471622,gsm-40,osmo-stp-768687f494-wq8sh,1,2
1782471622,gsm-40,ttcn3-tc-26-7-4-2-4-5-1-hf26r,1,6
1782471622,gsm-40,virtphy-6b7886fcb7-4thcc,6,1
1782471624,gsm-40,msc-test-stub-5b875d749d-hw2sw,1,16
1782471624,gsm-40,osmo-bsc-594654bd47-gq2pw,1,5
1782471624,gsm-40,osmo-bts-virtual-5f8b9b86fc-pwqfm,24,5
1782471624,gsm-40,osmo-hlr-546bdb8988-n67rt,1,2
1782471624,gsm-40,osmo-mgw-8c8fc67d6-lwm4h,1,2
1782471624,gsm-40,osmo-mobile-58f6599fd8-t84nt,3,38
1782471624,gsm-40,osmo-stp-768687f494-wq8sh,1,2
1782471624,gsm-40,ttcn3-tc-26-7-4-2-4-5-1-hf26r,1,6
1782471624,gsm-40,virtphy-6b7886fcb7-4thcc,6,1
1782471627,gsm-40,msc-test-stub-5b875d749d-hw2sw,1,16
1782471627,gsm-40,osmo-bsc-594654bd47-gq2pw,1,5
1782471627,gsm-40,osmo-bts-virtual-5f8b9b86fc-pwqfm,24,5
1782471627,gsm-40,osmo-hlr-546bdb8988-n67rt,1,2
1782471627,gsm-40,osmo-mgw-8c8fc67d6-lwm4h,1,2
1782471627,gsm-40,osmo-mobile-58f6599fd8-t84nt,3,38
1782471627,gsm-40,osmo-stp-768687f494-wq8sh,1,2
1782471627,gsm-40,ttcn3-tc-26-7-4-2-4-5-1-hf26r,1,6
1782471627,gsm-40,virtphy-6b7886fcb7-4thcc,6,1
1782471629,gsm-40,msc-test-stub-5b875d749d-hw2sw,1,16
1782471629,gsm-40,osmo-bsc-594654bd47-gq2pw,1,5
1782471629,gsm-40,osmo-bts-virtual-5f8b9b86fc-pwqfm,25,5
1782471629,gsm-40,osmo-hlr-546bdb8988-n67rt,1,2
1782471629,gsm-40,osmo-mgw-8c8fc67d6-lwm4h,1,2
1782471629,gsm-40,osmo-mobile-58f6599fd8-t84nt,2,38
1782471629,gsm-40,osmo-stp-768687f494-wq8sh,1,2
1782471629,gsm-40,ttcn3-tc-26-7-4-2-4-5-1-hf26r,1,6
1782471629,gsm-40,virtphy-6b7886fcb7-4thcc,5,1
1782471631,gsm-40,msc-test-stub-5b875d749d-hw2sw,1,16
1782471631,gsm-40,osmo-bsc-594654bd47-gq2pw,1,5
1782471631,gsm-40,osmo-bts-virtual-5f8b9b86fc-pwqfm,25,5
1782471631,gsm-40,osmo-hlr-546bdb8988-n67rt,1,2
1782471631,gsm-40,osmo-mgw-8c8fc67d6-lwm4h,1,2
1782471631,gsm-40,osmo-mobile-58f6599fd8-t84nt,2,38
1782471631,gsm-40,osmo-stp-768687f494-wq8sh,1,2
1782471631,gsm-40,ttcn3-tc-26-7-4-2-4-5-1-hf26r,1,6
1782471631,gsm-40,virtphy-6b7886fcb7-4thcc,5,1
1782471635,gsm-40,msc-test-stub-5b875d749d-hw2sw,1,16
1782471635,gsm-40,osmo-bsc-594654bd47-gq2pw,1,5
1782471635,gsm-40,osmo-bts-virtual-5f8b9b86fc-pwqfm,25,5
1782471635,gsm-40,osmo-hlr-546bdb8988-n67rt,1,2
1782471635,gsm-40,osmo-mgw-8c8fc67d6-lwm4h,1,2
1782471635,gsm-40,osmo-mobile-58f6599fd8-t84nt,2,38
1782471635,gsm-40,osmo-stp-768687f494-wq8sh,1,2
1782471635,gsm-40,ttcn3-tc-26-7-4-2-4-5-1-hf26r,1,6
1782471635,gsm-40,virtphy-6b7886fcb7-4thcc,5,1
1782471637,gsm-40,msc-test-stub-5b875d749d-hw2sw,1,16
1782471637,gsm-40,osmo-bsc-594654bd47-gq2pw,1,5
1782471637,gsm-40,osmo-bts-virtual-5f8b9b86fc-pwqfm,25,5
1782471637,gsm-40,osmo-hlr-546bdb8988-n67rt,1,2
1782471637,gsm-40,osmo-mgw-8c8fc67d6-lwm4h,1,2
1782471637,gsm-40,osmo-mobile-58f6599fd8-t84nt,2,38
1782471637,gsm-40,osmo-stp-768687f494-wq8sh,1,2
1782471637,gsm-40,ttcn3-tc-26-7-4-2-4-5-1-hf26r,1,6
1782471637,gsm-40,virtphy-6b7886fcb7-4thcc,5,1
1782471640,gsm-40,msc-test-stub-5b875d749d-hw2sw,1,16
1782471640,gsm-40,osmo-bsc-594654bd47-gq2pw,1,5
1782471640,gsm-40,osmo-bts-virtual-5f8b9b86fc-pwqfm,25,5
1782471640,gsm-40,osmo-hlr-546bdb8988-n67rt,1,2
1782471640,gsm-40,osmo-mgw-8c8fc67d6-lwm4h,1,2
1782471640,gsm-40,osmo-mobile-58f6599fd8-t84nt,2,38
1782471640,gsm-40,osmo-stp-768687f494-wq8sh,1,2
1782471640,gsm-40,ttcn3-tc-26-7-4-2-4-5-1-hf26r,1,6
1782471640,gsm-40,virtphy-6b7886fcb7-4thcc,5,1
1782471643,gsm-40,msc-test-stub-5b875d749d-hw2sw,1,16
1782471643,gsm-40,osmo-bsc-594654bd47-gq2pw,1,5
1782471643,gsm-40,osmo-bts-virtual-5f8b9b86fc-pwqfm,31,5
1782471643,gsm-40,osmo-hlr-546bdb8988-n67rt,1,2
1782471643,gsm-40,osmo-mgw-8c8fc67d6-lwm4h,1,2
1782471643,gsm-40,osmo-mobile-58f6599fd8-t84nt,2,38
1782471643,gsm-40,osmo-stp-768687f494-wq8sh,1,2
1782471643,gsm-40,ttcn3-tc-26-7-4-2-4-5-1-hf26r,1,6
1782471643,gsm-40,virtphy-6b7886fcb7-4thcc,7,1
1782471646,gsm-40,msc-test-stub-5b875d749d-hw2sw,1,16
1782471646,gsm-40,osmo-bsc-594654bd47-gq2pw,1,5
1782471646,gsm-40,osmo-bts-virtual-5f8b9b86fc-pwqfm,31,5
1782471646,gsm-40,osmo-hlr-546bdb8988-n67rt,1,2
1782471646,gsm-40,osmo-mgw-8c8fc67d6-lwm4h,1,2
1782471646,gsm-40,osmo-mobile-58f6599fd8-t84nt,2,38
1782471646,gsm-40,osmo-stp-768687f494-wq8sh,1,2
1782471646,gsm-40,ttcn3-tc-26-7-4-2-4-5-1-hf26r,1,6
1782471646,gsm-40,virtphy-6b7886fcb7-4thcc,7,1
1782471648,gsm-40,msc-test-stub-5b875d749d-hw2sw,1,16
1782471648,gsm-40,osmo-bsc-594654bd47-gq2pw,1,5
1782471648,gsm-40,osmo-bts-virtual-5f8b9b86fc-pwqfm,31,5
1782471648,gsm-40,osmo-hlr-546bdb8988-n67rt,1,2
1782471648,gsm-40,osmo-mgw-8c8fc67d6-lwm4h,1,2
1782471648,gsm-40,osmo-mobile-58f6599fd8-t84nt,2,38
1782471648,gsm-40,osmo-stp-768687f494-wq8sh,1,2
1782471648,gsm-40,ttcn3-tc-26-7-4-2-4-5-1-hf26r,1,6
1782471648,gsm-40,virtphy-6b7886fcb7-4thcc,7,1
1782471651,gsm-40,msc-test-stub-5b875d749d-hw2sw,1,16
1782471651,gsm-40,osmo-bsc-594654bd47-gq2pw,1,5
1782471651,gsm-40,osmo-bts-virtual-5f8b9b86fc-pwqfm,31,5
1782471651,gsm-40,osmo-hlr-546bdb8988-n67rt,1,2
1782471651,gsm-40,osmo-mgw-8c8fc67d6-lwm4h,1,2
1782471651,gsm-40,osmo-mobile-58f6599fd8-t84nt,2,38
1782471651,gsm-40,osmo-stp-768687f494-wq8sh,1,2
1782471651,gsm-40,ttcn3-tc-26-7-4-2-4-5-1-hf26r,1,6
1782471651,gsm-40,virtphy-6b7886fcb7-4thcc,7,1
1782471653,gsm-40,msc-test-stub-5b875d749d-hw2sw,1,16
1782471653,gsm-40,osmo-bsc-594654bd47-gq2pw,1,5
1782471653,gsm-40,osmo-bts-virtual-5f8b9b86fc-pwqfm,31,5
1782471653,gsm-40,osmo-hlr-546bdb8988-n67rt,1,2
1782471653,gsm-40,osmo-mgw-8c8fc67d6-lwm4h,1,2
1782471653,gsm-40,osmo-mobile-58f6599fd8-t84nt,2,38
1782471653,gsm-40,osmo-stp-768687f494-wq8sh,1,2
1782471653,gsm-40,ttcn3-tc-26-7-4-2-4-5-1-hf26r,1,6
1782471653,gsm-40,virtphy-6b7886fcb7-4thcc,7,1
1782471656,gsm-40,msc-test-stub-5b875d749d-hw2sw,1,16
1782471656,gsm-40,osmo-bsc-594654bd47-gq2pw,1,5
1782471656,gsm-40,osmo-bts-virtual-5f8b9b86fc-pwqfm,31,5
1782471656,gsm-40,osmo-hlr-546bdb8988-n67rt,1,2
1782471656,gsm-40,osmo-mgw-8c8fc67d6-lwm4h,1,2
1782471656,gsm-40,osmo-mobile-58f6599fd8-t84nt,2,38
1782471656,gsm-40,osmo-stp-768687f494-wq8sh,1,2
1782471656,gsm-40,ttcn3-tc-26-7-4-2-4-5-1-hf26r,1,6
1782471656,gsm-40,virtphy-6b7886fcb7-4thcc,7,1
1782471659,gsm-40,msc-test-stub-5b875d749d-hw2sw,1,16
1782471659,gsm-40,osmo-bsc-594654bd47-gq2pw,1,5
1782471659,gsm-40,osmo-bts-virtual-5f8b9b86fc-pwqfm,26,5
1782471659,gsm-40,osmo-hlr-546bdb8988-n67rt,1,2
1782471659,gsm-40,osmo-mgw-8c8fc67d6-lwm4h,1,2
1782471659,gsm-40,osmo-mobile-58f6599fd8-t84nt,3,38
1782471659,gsm-40,osmo-stp-768687f494-wq8sh,1,2
1782471659,gsm-40,ttcn3-tc-26-7-4-2-4-5-1-hf26r,1,6
1782471659,gsm-40,virtphy-6b7886fcb7-4thcc,6,1
1782471661,gsm-40,msc-test-stub-5b875d749d-hw2sw,1,16
1782471661,gsm-40,osmo-bsc-594654bd47-gq2pw,1,5
1782471661,gsm-40,osmo-bts-virtual-5f8b9b86fc-pwqfm,26,5
1782471661,gsm-40,osmo-hlr-546bdb8988-n67rt,1,2
1782471661,gsm-40,osmo-mgw-8c8fc67d6-lwm4h,1,2
1782471661,gsm-40,osmo-mobile-58f6599fd8-t84nt,3,38
1782471661,gsm-40,osmo-stp-768687f494-wq8sh,1,2
1782471661,gsm-40,ttcn3-tc-26-7-4-2-4-5-1-hf26r,1,6
1782471661,gsm-40,virtphy-6b7886fcb7-4thcc,6,1
1782471664,gsm-40,msc-test-stub-5b875d749d-hw2sw,1,16
1782471664,gsm-40,osmo-bsc-594654bd47-gq2pw,1,5
1782471664,gsm-40,osmo-bts-virtual-5f8b9b86fc-pwqfm,26,5
1782471664,gsm-40,osmo-hlr-546bdb8988-n67rt,1,2
1782471664,gsm-40,osmo-mgw-8c8fc67d6-lwm4h,1,2
1782471664,gsm-40,osmo-mobile-58f6599fd8-t84nt,3,38
1782471664,gsm-40,osmo-stp-768687f494-wq8sh,1,2
1782471664,gsm-40,ttcn3-tc-26-7-4-2-4-5-1-hf26r,1,6
1782471664,gsm-40,virtphy-6b7886fcb7-4thcc,6,1
1782471667,gsm-40,msc-test-stub-5b875d749d-hw2sw,1,16
1782471667,gsm-40,osmo-bsc-594654bd47-gq2pw,1,5
1782471667,gsm-40,osmo-bts-virtual-5f8b9b86fc-pwqfm,26,5
1782471667,gsm-40,osmo-hlr-546bdb8988-n67rt,1,2
1782471667,gsm-40,osmo-mgw-8c8fc67d6-lwm4h,1,2
1782471667,gsm-40,osmo-mobile-58f6599fd8-t84nt,3,38
1782471667,gsm-40,osmo-stp-768687f494-wq8sh,1,2
1782471667,gsm-40,ttcn3-tc-26-7-4-2-4-5-1-hf26r,1,6
1782471667,gsm-40,virtphy-6b7886fcb7-4thcc,6,1
1782471671,gsm-40,msc-test-stub-5b875d749d-hw2sw,1,16
1782471671,gsm-40,osmo-bsc-594654bd47-gq2pw,1,5
1782471671,gsm-40,osmo-bts-virtual-5f8b9b86fc-pwqfm,26,5
1782471671,gsm-40,osmo-hlr-546bdb8988-n67rt,1,2
1782471671,gsm-40,osmo-mgw-8c8fc67d6-lwm4h,1,2
1782471671,gsm-40,osmo-mobile-58f6599fd8-t84nt,3,38
1782471671,gsm-40,osmo-stp-768687f494-wq8sh,1,2
1782471671,gsm-40,ttcn3-tc-26-7-4-2-4-5-1-hf26r,1,6
1782471671,gsm-40,virtphy-6b7886fcb7-4thcc,6,1
1782471673,gsm-40,msc-test-stub-5b875d749d-hw2sw,1,16
1782471673,gsm-40,osmo-bsc-594654bd47-gq2pw,1,5
1782471673,gsm-40,osmo-bts-virtual-5f8b9b86fc-pwqfm,24,5
1782471673,gsm-40,osmo-hlr-546bdb8988-n67rt,1,2
1782471673,gsm-40,osmo-mgw-8c8fc67d6-lwm4h,1,2
1782471673,gsm-40,osmo-mobile-58f6599fd8-t84nt,2,38
1782471673,gsm-40,osmo-stp-768687f494-wq8sh,1,2
1782471673,gsm-40,ttcn3-tc-26-7-4-2-4-5-1-hf26r,1,6
1782471673,gsm-40,virtphy-6b7886fcb7-4thcc,6,1
1782471675,gsm-40,msc-test-stub-5b875d749d-hw2sw,1,16
1782471675,gsm-40,osmo-bsc-594654bd47-gq2pw,1,5
1782471675,gsm-40,osmo-bts-virtual-5f8b9b86fc-pwqfm,24,5
1782471675,gsm-40,osmo-hlr-546bdb8988-n67rt,1,2
1782471675,gsm-40,osmo-mgw-8c8fc67d6-lwm4h,1,2
1782471675,gsm-40,osmo-mobile-58f6599fd8-t84nt,2,38
1782471675,gsm-40,osmo-stp-768687f494-wq8sh,1,2
1782471675,gsm-40,ttcn3-tc-26-7-4-2-4-5-1-hf26r,1,6
1782471675,gsm-40,virtphy-6b7886fcb7-4thcc,6,1
1782471678,gsm-40,msc-test-stub-5b875d749d-hw2sw,1,16
1782471678,gsm-40,osmo-bsc-594654bd47-gq2pw,1,5
1782471678,gsm-40,osmo-bts-virtual-5f8b9b86fc-pwqfm,24,5
1782471678,gsm-40,osmo-hlr-546bdb8988-n67rt,1,2
1782471678,gsm-40,osmo-mgw-8c8fc67d6-lwm4h,1,2
1782471678,gsm-40,osmo-mobile-58f6599fd8-t84nt,2,38
1782471678,gsm-40,osmo-stp-768687f494-wq8sh,1,2
1782471678,gsm-40,ttcn3-tc-26-7-4-2-4-5-1-hf26r,1,6
1782471678,gsm-40,virtphy-6b7886fcb7-4thcc,6,1
1782471680,gsm-40,msc-test-stub-5b875d749d-hw2sw,1,16
1782471680,gsm-40,osmo-bsc-594654bd47-gq2pw,1,5
1782471680,gsm-40,osmo-bts-virtual-5f8b9b86fc-pwqfm,24,5
1782471680,gsm-40,osmo-hlr-546bdb8988-n67rt,1,2
1782471680,gsm-40,osmo-mgw-8c8fc67d6-lwm4h,1,2
1782471680,gsm-40,osmo-mobile-58f6599fd8-t84nt,2,38
1782471680,gsm-40,osmo-stp-768687f494-wq8sh,1,2
1782471680,gsm-40,ttcn3-tc-26-7-4-2-4-5-1-hf26r,1,6
1782471680,gsm-40,virtphy-6b7886fcb7-4thcc,6,1
1782471683,gsm-40,msc-test-stub-5b875d749d-hw2sw,1,16
1782471683,gsm-40,osmo-bsc-594654bd47-gq2pw,1,5
1782471683,gsm-40,osmo-bts-virtual-5f8b9b86fc-pwqfm,24,5
1782471683,gsm-40,osmo-hlr-546bdb8988-n67rt,1,2
1782471683,gsm-40,osmo-mgw-8c8fc67d6-lwm4h,1,2
1782471683,gsm-40,osmo-mobile-58f6599fd8-t84nt,2,38
1782471683,gsm-40,osmo-stp-768687f494-wq8sh,1,2
1782471683,gsm-40,ttcn3-tc-26-7-4-2-4-5-1-hf26r,1,6
1782471683,gsm-40,virtphy-6b7886fcb7-4thcc,6,1
1782471686,gsm-40,msc-test-stub-5b875d749d-hw2sw,1,16
1782471686,gsm-40,osmo-bsc-594654bd47-gq2pw,1,5
1782471686,gsm-40,osmo-bts-virtual-5f8b9b86fc-pwqfm,24,5
1782471686,gsm-40,osmo-hlr-546bdb8988-n67rt,1,2
1782471686,gsm-40,osmo-mgw-8c8fc67d6-lwm4h,1,2
1782471686,gsm-40,osmo-mobile-58f6599fd8-t84nt,2,38
1782471686,gsm-40,osmo-stp-768687f494-wq8sh,1,2
1782471686,gsm-40,ttcn3-tc-26-7-4-2-4-5-1-hf26r,1,6
1782471686,gsm-40,virtphy-6b7886fcb7-4thcc,6,1
1782471688,gsm-40,msc-test-stub-5b875d749d-hw2sw,1,16
1782471688,gsm-40,osmo-bsc-594654bd47-gq2pw,1,5
1782471688,gsm-40,osmo-bts-virtual-5f8b9b86fc-pwqfm,22,5
1782471688,gsm-40,osmo-hlr-546bdb8988-n67rt,1,2
1782471688,gsm-40,osmo-mgw-8c8fc67d6-lwm4h,1,2
1782471688,gsm-40,osmo-mobile-58f6599fd8-t84nt,3,38
1782471688,gsm-40,osmo-stp-768687f494-wq8sh,1,2
1782471688,gsm-40,ttcn3-tc-26-7-4-2-4-5-1-hf26r,1,6
1782471688,gsm-40,virtphy-6b7886fcb7-4thcc,6,1
1782471690,gsm-40,msc-test-stub-5b875d749d-hw2sw,1,16
1782471690,gsm-40,osmo-bsc-594654bd47-gq2pw,1,5
1782471690,gsm-40,osmo-bts-virtual-5f8b9b86fc-pwqfm,22,5
1782471690,gsm-40,osmo-hlr-546bdb8988-n67rt,1,2
1782471690,gsm-40,osmo-mgw-8c8fc67d6-lwm4h,1,2
1782471690,gsm-40,osmo-mobile-58f6599fd8-t84nt,3,38
1782471690,gsm-40,osmo-stp-768687f494-wq8sh,1,2
1782471690,gsm-40,virtphy-6b7886fcb7-4thcc,6,1
1782471692,gsm-40,msc-test-stub-5b875d749d-hw2sw,1,16
1782471692,gsm-40,osmo-bsc-594654bd47-gq2pw,1,5
1782471692,gsm-40,osmo-bts-virtual-5f8b9b86fc-pwqfm,22,5
1782471692,gsm-40,osmo-hlr-546bdb8988-n67rt,1,2
1782471692,gsm-40,osmo-mgw-8c8fc67d6-lwm4h,1,2
1782471692,gsm-40,osmo-mobile-58f6599fd8-t84nt,3,38
1782471692,gsm-40,osmo-stp-768687f494-wq8sh,1,2
1782471692,gsm-40,virtphy-6b7886fcb7-4thcc,6,1
