2026-06-29 06:29:56,403 [INFO] Starting BSC Test Stub
2026-06-29 06:29:56,403 [INFO] OML server listening on port 3002
2026-06-29 06:29:56,403 [INFO] RSL server listening on port 3003
2026-06-29 06:29:56,405 [INFO] Control Server listening on port 5001
2026-06-29 06:30:03,565 [INFO] Control Client connected from ('10.42.0.1', 48248)
2026-06-29 06:30:03,566 [INFO] handle_client: Starting, client socket: 6
2026-06-29 06:30:03,566 [INFO] handle_client: WELCOME sent
2026-06-29 06:30:03,616 [INFO] handle_client: Entering receive loop
2026-06-29 06:30:03,616 [INFO] handle_client: Received empty data, client closed connection
2026-06-29 06:30:03,616 [INFO] Control Client disconnected
2026-06-29 06:30:06,565 [INFO] Control Client connected from ('10.42.0.1', 48250)
2026-06-29 06:30:06,566 [INFO] handle_client: Starting, client socket: 7
2026-06-29 06:30:06,566 [INFO] handle_client: WELCOME sent
2026-06-29 06:30:06,616 [INFO] handle_client: Entering receive loop
2026-06-29 06:30:06,616 [INFO] handle_client: Received empty data, client closed connection
2026-06-29 06:30:06,616 [INFO] Control Client disconnected
2026-06-29 06:30:07,498 [INFO] New OML connection from ('10.42.0.206', 39883)
2026-06-29 06:30:07,498 [INFO] [OML] BTS connection from ('10.42.0.206', 39883)
2026-06-29 06:30:07,498 [DEBUG] Sending ID_GET: 0011fe0401080107010201030104010501010100
2026-06-29 06:30:07,498 [DEBUG] ID_GET sent (20 bytes)
2026-06-29 06:30:07,498 [INFO] Entering receive loop, waiting for messages from BTS...
2026-06-29 06:30:07,499 [DEBUG] Received 91 bytes from BTS
2026-06-29 06:30:07,499 [DEBUG] Decoded IPA frame: proto=0xfe, payload_len=88, consumed=91, payload_hex: 05000a08343234322f302f300000130766613a38663a61353a36303a66313a36360000020200000a036f736d6f2d6274730000020400001005312e31312e302e32332d6234666600000a016f736d6f2d6274730000020000
2026-06-29 06:30:07,499 [DEBUG] CCM message: 05000a08343234322f302f300000130766613a38663a61353a36303a66313a36360000020200000a036f736d6f2d6274730000020400001005312e31312e302e32332d6234666600000a016f736d6f2d6274730000020000
2026-06-29 06:30:07,499 [INFO] BTS identified: 4242/0/0
2026-06-29 06:30:07,499 [DEBUG] Sending 4 bytes to BTS 4242/0/0
2026-06-29 06:30:07,499 [INFO] BTS 4242/0/0 OML connected (IPA identified)
2026-06-29 06:30:07,499 [DEBUG] Buffered event BTS_CONNECTED (total buffered: 1)
2026-06-29 06:30:07,499 [DEBUG] Incomplete frame, buffer size: 0, buffer_hex: 
2026-06-29 06:30:07,499 [DEBUG] Received 396 bytes from BTS
2026-06-29 06:30:07,499 [DEBUG] Decoded IPA frame: proto=0xfe, payload_len=1, consumed=4, payload_hex: 06
2026-06-29 06:30:07,499 [DEBUG] CCM message: 06
2026-06-29 06:30:07,499 [DEBUG] Decoded IPA frame: proto=0xff, payload_len=9, consumed=12, payload_hex: 808000051000ffffff
2026-06-29 06:30:07,499 [DEBUG] OML message: 808000051000ffffff
2026-06-29 06:30:07,499 [INFO] BTS 4242/0/0: SW_ACTIVATED_REP (OC=0x00, INST=ffffff)
2026-06-29 06:30:07,499 [INFO] BTS 4242/0/0: Sending OPSTART for SITE-MANAGER
2026-06-29 06:30:07,499 [DEBUG] Sending OML message (9 bytes)
2026-06-29 06:30:07,499 [DEBUG] Sending 12 bytes to BTS 4242/0/0
2026-06-29 06:30:07,499 [DEBUG] Decoded IPA frame: proto=0xff, payload_len=17, consumed=20, payload_hex: 8080000d6100ffffff2401070001030401
2026-06-29 06:30:07,499 [DEBUG] OML message: 8080000d6100ffffff2401070001030401
2026-06-29 06:30:07,499 [DEBUG] BTS 4242/0/0: State Changed Event Report (OC=0x00)
2026-06-29 06:30:07,499 [DEBUG] Decoded IPA frame: proto=0xff, payload_len=9, consumed=12, payload_hex: 8080000510f000ffff
2026-06-29 06:30:07,499 [DEBUG] OML message: 8080000510f000ffff
2026-06-29 06:30:07,499 [INFO] BTS 4242/0/0: SW_ACTIVATED_REP (OC=0xf0, INST=00ffff)
2026-06-29 06:30:07,499 [DEBUG] Decoded IPA frame: proto=0xff, payload_len=9, consumed=12, payload_hex: 8080000510f10000ff
2026-06-29 06:30:07,499 [DEBUG] OML message: 8080000510f10000ff
2026-06-29 06:30:07,499 [INFO] BTS 4242/0/0: SW_ACTIVATED_REP (OC=0xf1, INST=0000ff)
2026-06-29 06:30:07,500 [DEBUG] Decoded IPA frame: proto=0xff, payload_len=17, consumed=20, payload_hex: 8080000d61f10000ff2401070001050401
2026-06-29 06:30:07,500 [DEBUG] OML message: 8080000d61f10000ff2401070001050401
2026-06-29 06:30:07,500 [DEBUG] BTS 4242/0/0: State Changed Event Report (OC=0xf1)
2026-06-29 06:30:07,500 [DEBUG] Decoded IPA frame: proto=0xff, payload_len=9, consumed=12, payload_hex: 8080000510f20000ff
2026-06-29 06:30:07,500 [DEBUG] OML message: 8080000510f20000ff
2026-06-29 06:30:07,500 [INFO] BTS 4242/0/0: SW_ACTIVATED_REP (OC=0xf2, INST=0000ff)
2026-06-29 06:30:07,500 [DEBUG] Decoded IPA frame: proto=0xff, payload_len=17, consumed=20, payload_hex: 8080000d61f20000ff2401070001050401
2026-06-29 06:30:07,500 [DEBUG] OML message: 8080000d61f20000ff2401070001050401
2026-06-29 06:30:07,500 [DEBUG] BTS 4242/0/0: State Changed Event Report (OC=0xf2)
2026-06-29 06:30:07,500 [DEBUG] Decoded IPA frame: proto=0xff, payload_len=9, consumed=12, payload_hex: 8080000510f20001ff
2026-06-29 06:30:07,500 [DEBUG] OML message: 8080000510f20001ff
2026-06-29 06:30:07,500 [INFO] BTS 4242/0/0: SW_ACTIVATED_REP (OC=0xf2, INST=0001ff)
2026-06-29 06:30:07,500 [DEBUG] Decoded IPA frame: proto=0xff, payload_len=17, consumed=20, payload_hex: 8080000d61f20001ff2401070001050401
2026-06-29 06:30:07,500 [DEBUG] OML message: 8080000d61f20001ff2401070001050401
2026-06-29 06:30:07,500 [DEBUG] BTS 4242/0/0: State Changed Event Report (OC=0xf2)
2026-06-29 06:30:07,500 [DEBUG] Decoded IPA frame: proto=0xff, payload_len=17, consumed=20, payload_hex: 8080000d61f000ffff2401070001050401
2026-06-29 06:30:07,500 [DEBUG] OML message: 8080000d61f000ffff2401070001050401
2026-06-29 06:30:07,500 [DEBUG] BTS 4242/0/0: State Changed Event Report (OC=0xf0)
2026-06-29 06:30:07,500 [DEBUG] Decoded IPA frame: proto=0xff, payload_len=9, consumed=12, payload_hex: 80800005100100ffff
2026-06-29 06:30:07,500 [DEBUG] OML message: 80800005100100ffff
2026-06-29 06:30:07,500 [INFO] BTS 4242/0/0: SW_ACTIVATED_REP (OC=0x01, INST=00ffff)
2026-06-29 06:30:07,500 [DEBUG] Decoded IPA frame: proto=0xff, payload_len=17, consumed=20, payload_hex: 8080000d610100ffff2401070001030401
2026-06-29 06:30:07,500 [DEBUG] OML message: 8080000d610100ffff2401070001030401
2026-06-29 06:30:07,500 [DEBUG] BTS 4242/0/0: State Changed Event Report (OC=0x01)
2026-06-29 06:30:07,500 [DEBUG] Decoded IPA frame: proto=0xff, payload_len=17, consumed=20, payload_hex: 8080000d61020000ff2401070001070401
2026-06-29 06:30:07,500 [DEBUG] OML message: 8080000d61020000ff2401070001070401
2026-06-29 06:30:07,500 [DEBUG] BTS 4242/0/0: State Changed Event Report (OC=0x02)
2026-06-29 06:30:07,500 [DEBUG] Decoded IPA frame: proto=0xff, payload_len=17, consumed=20, payload_hex: 8080000d61040000ff2401070001070401
2026-06-29 06:30:07,500 [DEBUG] OML message: 8080000d61040000ff2401070001070401
2026-06-29 06:30:07,500 [DEBUG] BTS 4242/0/0: State Changed Event Report (OC=0x04)
2026-06-29 06:30:07,500 [DEBUG] Decoded IPA frame: proto=0xff, payload_len=17, consumed=20, payload_hex: 8080000d61030000002401070001070401
2026-06-29 06:30:07,500 [DEBUG] OML message: 8080000d61030000002401070001070401
2026-06-29 06:30:07,500 [DEBUG] BTS 4242/0/0: State Changed Event Report (OC=0x03)
2026-06-29 06:30:07,500 [DEBUG] Decoded IPA frame: proto=0xff, payload_len=17, consumed=20, payload_hex: 8080000d61030000012401070001070401
2026-06-29 06:30:07,500 [DEBUG] OML message: 8080000d61030000012401070001070401
2026-06-29 06:30:07,500 [DEBUG] BTS 4242/0/0: State Changed Event Report (OC=0x03)
2026-06-29 06:30:07,500 [DEBUG] Decoded IPA frame: proto=0xff, payload_len=17, consumed=20, payload_hex: 8080000d61030000022401070001070401
2026-06-29 06:30:07,500 [DEBUG] OML message: 8080000d61030000022401070001070401
2026-06-29 06:30:07,500 [DEBUG] BTS 4242/0/0: State Changed Event Report (OC=0x03)
2026-06-29 06:30:07,500 [DEBUG] Decoded IPA frame: proto=0xff, payload_len=17, consumed=20, payload_hex: 8080000d61030000032401070001070401
2026-06-29 06:30:07,500 [DEBUG] OML message: 8080000d61030000032401070001070401
2026-06-29 06:30:07,500 [DEBUG] BTS 4242/0/0: State Changed Event Report (OC=0x03)
2026-06-29 06:30:07,500 [DEBUG] Decoded IPA frame: proto=0xff, payload_len=17, consumed=20, payload_hex: 8080000d61030000042401070001070401
2026-06-29 06:30:07,500 [DEBUG] OML message: 8080000d61030000042401070001070401
2026-06-29 06:30:07,500 [DEBUG] BTS 4242/0/0: State Changed Event Report (OC=0x03)
2026-06-29 06:30:07,500 [DEBUG] Decoded IPA frame: proto=0xff, payload_len=17, consumed=20, payload_hex: 8080000d61030000052401070001070401
2026-06-29 06:30:07,500 [DEBUG] OML message: 8080000d61030000052401070001070401
2026-06-29 06:30:07,501 [DEBUG] BTS 4242/0/0: State Changed Event Report (OC=0x03)
2026-06-29 06:30:07,501 [DEBUG] Decoded IPA frame: proto=0xff, payload_len=17, consumed=20, payload_hex: 8080000d61030000062401070001070401
2026-06-29 06:30:07,501 [DEBUG] OML message: 8080000d61030000062401070001070401
2026-06-29 06:30:07,501 [DEBUG] BTS 4242/0/0: State Changed Event Report (OC=0x03)
2026-06-29 06:30:07,501 [DEBUG] Decoded IPA frame: proto=0xff, payload_len=17, consumed=20, payload_hex: 8080000d61030000072401070001070401
2026-06-29 06:30:07,501 [DEBUG] OML message: 8080000d61030000072401070001070401
2026-06-29 06:30:07,501 [DEBUG] BTS 4242/0/0: State Changed Event Report (OC=0x03)
2026-06-29 06:30:07,501 [DEBUG] Incomplete frame, buffer size: 0, buffer_hex: 
2026-06-29 06:30:07,501 [DEBUG] Received 32 bytes from BTS
2026-06-29 06:30:07,501 [DEBUG] Decoded IPA frame: proto=0xff, payload_len=9, consumed=12, payload_hex: 808000057500ffffff
2026-06-29 06:30:07,501 [DEBUG] OML message: 808000057500ffffff
2026-06-29 06:30:07,501 [INFO] BTS 4242/0/0: OPSTART_ACK received (OC=0x00)
2026-06-29 06:30:07,501 [INFO] BTS 4242/0/0: SITE-MANAGER operational, sending SET_BTS_ATTR
2026-06-29 06:30:07,501 [INFO] BTS 4242/0/0: Using ARFCN=51
2026-06-29 06:30:07,501 [DEBUG] Sending OML message (65 bytes)
2026-06-29 06:30:07,501 [DEBUG] Sending 68 bytes to BTS 4242/0/0
2026-06-29 06:30:07,501 [INFO] BTS 4242/0/0: Sent SET_BTS_ATTR
2026-06-29 06:30:07,501 [DEBUG] Sending OML message (14 bytes)
2026-06-29 06:30:07,501 [DEBUG] Sending 17 bytes to BTS 4242/0/0
2026-06-29 06:30:07,501 [INFO] BTS 4242/0/0: Sent SET_RADIO_ATTR (ARFCN=51)
2026-06-29 06:30:07,501 [DEBUG] Sending OML message (13 bytes)
2026-06-29 06:30:07,501 [DEBUG] Sending 16 bytes to BTS 4242/0/0
2026-06-29 06:30:07,501 [INFO] BTS 4242/0/0: Sent SET_CHAN_ATTR for TS0 (CCCH+SDCCH/4)
2026-06-29 06:30:07,501 [DEBUG] Sending OML message (13 bytes)
2026-06-29 06:30:07,501 [DEBUG] Sending 16 bytes to BTS 4242/0/0
2026-06-29 06:30:07,501 [INFO] BTS 4242/0/0: Sent SET_CHAN_ATTR for TS1 (SDCCH/8)
2026-06-29 06:30:07,501 [DEBUG] Sending OML message (13 bytes)
2026-06-29 06:30:07,501 [DEBUG] Sending 16 bytes to BTS 4242/0/0
2026-06-29 06:30:07,501 [INFO] BTS 4242/0/0: Sent SET_CHAN_ATTR for TS2 (TCH/H)
2026-06-29 06:30:07,501 [DEBUG] Sending OML message (13 bytes)
2026-06-29 06:30:07,501 [DEBUG] Sending 16 bytes to BTS 4242/0/0
2026-06-29 06:30:07,501 [INFO] BTS 4242/0/0: Sent SET_CHAN_ATTR for TS3 (TCH/F)
2026-06-29 06:30:07,501 [DEBUG] Sending OML message (13 bytes)
2026-06-29 06:30:07,501 [DEBUG] Sending 16 bytes to BTS 4242/0/0
2026-06-29 06:30:07,501 [INFO] BTS 4242/0/0: Sent SET_CHAN_ATTR for TS4 (TCH/F)
2026-06-29 06:30:07,501 [DEBUG] Sending OML message (13 bytes)
2026-06-29 06:30:07,501 [DEBUG] Sending 16 bytes to BTS 4242/0/0
2026-06-29 06:30:07,501 [INFO] BTS 4242/0/0: Sent SET_CHAN_ATTR for TS5 (TCH/F)
2026-06-29 06:30:07,501 [DEBUG] Sending OML message (13 bytes)
2026-06-29 06:30:07,501 [DEBUG] Sending 16 bytes to BTS 4242/0/0
2026-06-29 06:30:07,501 [INFO] BTS 4242/0/0: Sent SET_CHAN_ATTR for TS6 (TCH/F)
2026-06-29 06:30:07,501 [DEBUG] Sending OML message (13 bytes)
2026-06-29 06:30:07,501 [DEBUG] Sending 16 bytes to BTS 4242/0/0
2026-06-29 06:30:07,502 [INFO] BTS 4242/0/0: Sent SET_CHAN_ATTR for TS7 (TCH/F)
2026-06-29 06:30:07,502 [DEBUG] Decoded IPA frame: proto=0xff, payload_len=17, consumed=20, payload_hex: 8080000d6100ffffff2402070001ff0401
2026-06-29 06:30:07,502 [DEBUG] OML message: 8080000d6100ffffff2402070001ff0401
2026-06-29 06:30:07,502 [DEBUG] BTS 4242/0/0: State Changed Event Report (OC=0x00)
2026-06-29 06:30:07,502 [DEBUG] Incomplete frame, buffer size: 0, buffer_hex: 
2026-06-29 06:30:07,502 [DEBUG] Received 501 bytes from BTS
2026-06-29 06:30:07,502 [DEBUG] Decoded IPA frame: proto=0xff, payload_len=9, consumed=12, payload_hex: 8080000510020000ff
2026-06-29 06:30:07,502 [DEBUG] OML message: 8080000510020000ff
2026-06-29 06:30:07,502 [INFO] BTS 4242/0/0: SW_ACTIVATED_REP (OC=0x02, INST=0000ff)
2026-06-29 06:30:07,502 [INFO] BTS 4242/0/0: RADIO-CARRIER activated, sending SET_RADIO_CARRIER_ATTR
2026-06-29 06:30:07,502 [DEBUG] Sending OML message (14 bytes)
2026-06-29 06:30:07,502 [DEBUG] Sending 17 bytes to BTS 4242/0/0
2026-06-29 06:30:07,502 [INFO] BTS 4242/0/0: Sent SET_RADIO_CARRIER_ATTR (ARFCN=51)
2026-06-29 06:30:07,502 [DEBUG] Decoded IPA frame: proto=0xff, payload_len=17, consumed=20, payload_hex: 8080000d61020000ff2401070001030401
2026-06-29 06:30:07,502 [DEBUG] OML message: 8080000d61020000ff2401070001030401
2026-06-29 06:30:07,502 [DEBUG] BTS 4242/0/0: State Changed Event Report (OC=0x02)
2026-06-29 06:30:07,502 [DEBUG] Decoded IPA frame: proto=0xff, payload_len=9, consumed=12, payload_hex: 8080000510040000ff
2026-06-29 06:30:07,502 [DEBUG] OML message: 8080000510040000ff
2026-06-29 06:30:07,502 [INFO] BTS 4242/0/0: SW_ACTIVATED_REP (OC=0x04, INST=0000ff)
2026-06-29 06:30:07,502 [INFO] BTS 4242/0/0: BASEBAND-TRANSCEIVER activated
2026-06-29 06:30:07,502 [DEBUG] Decoded IPA frame: proto=0xff, payload_len=17, consumed=20, payload_hex: 8080000d61040000ff2401070001030401
2026-06-29 06:30:07,502 [DEBUG] OML message: 8080000d61040000ff2401070001030401
2026-06-29 06:30:07,502 [DEBUG] BTS 4242/0/0: State Changed Event Report (OC=0x04)
2026-06-29 06:30:07,502 [DEBUG] Decoded IPA frame: proto=0xff, payload_len=9, consumed=12, payload_hex: 808000051003000000
2026-06-29 06:30:07,502 [DEBUG] OML message: 808000051003000000
2026-06-29 06:30:07,502 [INFO] BTS 4242/0/0: SW_ACTIVATED_REP (OC=0x03, INST=000000)
2026-06-29 06:30:07,502 [DEBUG] Decoded IPA frame: proto=0xff, payload_len=17, consumed=20, payload_hex: 8080000d61030000002401070001050401
2026-06-29 06:30:07,502 [DEBUG] OML message: 8080000d61030000002401070001050401
2026-06-29 06:30:07,502 [DEBUG] BTS 4242/0/0: State Changed Event Report (OC=0x03)
2026-06-29 06:30:07,502 [DEBUG] Decoded IPA frame: proto=0xff, payload_len=9, consumed=12, payload_hex: 808000051003000001
2026-06-29 06:30:07,502 [DEBUG] OML message: 808000051003000001
2026-06-29 06:30:07,502 [INFO] BTS 4242/0/0: SW_ACTIVATED_REP (OC=0x03, INST=000001)
2026-06-29 06:30:07,502 [DEBUG] Decoded IPA frame: proto=0xff, payload_len=17, consumed=20, payload_hex: 8080000d61030000012401070001050401
2026-06-29 06:30:07,502 [DEBUG] OML message: 8080000d61030000012401070001050401
2026-06-29 06:30:07,502 [DEBUG] BTS 4242/0/0: State Changed Event Report (OC=0x03)
2026-06-29 06:30:07,502 [DEBUG] Decoded IPA frame: proto=0xff, payload_len=9, consumed=12, payload_hex: 808000051003000002
2026-06-29 06:30:07,502 [DEBUG] OML message: 808000051003000002
2026-06-29 06:30:07,502 [INFO] BTS 4242/0/0: SW_ACTIVATED_REP (OC=0x03, INST=000002)
2026-06-29 06:30:07,502 [DEBUG] Decoded IPA frame: proto=0xff, payload_len=17, consumed=20, payload_hex: 8080000d61030000022401070001050401
2026-06-29 06:30:07,502 [DEBUG] OML message: 8080000d61030000022401070001050401
2026-06-29 06:30:07,502 [DEBUG] BTS 4242/0/0: State Changed Event Report (OC=0x03)
2026-06-29 06:30:07,502 [DEBUG] Decoded IPA frame: proto=0xff, payload_len=9, consumed=12, payload_hex: 808000051003000003
2026-06-29 06:30:07,502 [DEBUG] OML message: 808000051003000003
2026-06-29 06:30:07,502 [INFO] BTS 4242/0/0: SW_ACTIVATED_REP (OC=0x03, INST=000003)
2026-06-29 06:30:07,502 [DEBUG] Decoded IPA frame: proto=0xff, payload_len=17, consumed=20, payload_hex: 8080000d61030000032401070001050401
2026-06-29 06:30:07,502 [DEBUG] OML message: 8080000d61030000032401070001050401
2026-06-29 06:30:07,502 [DEBUG] BTS 4242/0/0: State Changed Event Report (OC=0x03)
2026-06-29 06:30:07,502 [DEBUG] Decoded IPA frame: proto=0xff, payload_len=9, consumed=12, payload_hex: 808000051003000004
2026-06-29 06:30:07,502 [DEBUG] OML message: 808000051003000004
2026-06-29 06:30:07,502 [INFO] BTS 4242/0/0: SW_ACTIVATED_REP (OC=0x03, INST=000004)
2026-06-29 06:30:07,502 [DEBUG] Decoded IPA frame: proto=0xff, payload_len=17, consumed=20, payload_hex: 8080000d61030000042401070001050401
2026-06-29 06:30:07,503 [DEBUG] OML message: 8080000d61030000042401070001050401
2026-06-29 06:30:07,503 [DEBUG] BTS 4242/0/0: State Changed Event Report (OC=0x03)
2026-06-29 06:30:07,503 [DEBUG] Decoded IPA frame: proto=0xff, payload_len=9, consumed=12, payload_hex: 808000051003000005
2026-06-29 06:30:07,503 [DEBUG] OML message: 808000051003000005
2026-06-29 06:30:07,503 [INFO] BTS 4242/0/0: SW_ACTIVATED_REP (OC=0x03, INST=000005)
2026-06-29 06:30:07,503 [DEBUG] Decoded IPA frame: proto=0xff, payload_len=17, consumed=20, payload_hex: 8080000d61030000052401070001050401
2026-06-29 06:30:07,503 [DEBUG] OML message: 8080000d61030000052401070001050401
2026-06-29 06:30:07,503 [DEBUG] BTS 4242/0/0: State Changed Event Report (OC=0x03)
2026-06-29 06:30:07,503 [DEBUG] Decoded IPA frame: proto=0xff, payload_len=9, consumed=12, payload_hex: 808000051003000006
2026-06-29 06:30:07,503 [DEBUG] OML message: 808000051003000006
2026-06-29 06:30:07,503 [INFO] BTS 4242/0/0: SW_ACTIVATED_REP (OC=0x03, INST=000006)
2026-06-29 06:30:07,503 [DEBUG] Decoded IPA frame: proto=0xff, payload_len=17, consumed=20, payload_hex: 8080000d61030000062401070001050401
2026-06-29 06:30:07,503 [DEBUG] OML message: 8080000d61030000062401070001050401
2026-06-29 06:30:07,503 [DEBUG] BTS 4242/0/0: State Changed Event Report (OC=0x03)
2026-06-29 06:30:07,503 [DEBUG] Decoded IPA frame: proto=0xff, payload_len=9, consumed=12, payload_hex: 808000051003000007
2026-06-29 06:30:07,503 [DEBUG] OML message: 808000051003000007
2026-06-29 06:30:07,503 [INFO] BTS 4242/0/0: SW_ACTIVATED_REP (OC=0x03, INST=000007)
2026-06-29 06:30:07,503 [DEBUG] Decoded IPA frame: proto=0xff, payload_len=17, consumed=20, payload_hex: 8080000d61030000072401070001050401
2026-06-29 06:30:07,503 [DEBUG] OML message: 8080000d61030000072401070001050401
2026-06-29 06:30:07,503 [DEBUG] BTS 4242/0/0: State Changed Event Report (OC=0x03)
2026-06-29 06:30:07,503 [DEBUG] Decoded IPA frame: proto=0xff, payload_len=65, consumed=68, payload_hex: 8080003d420100ffff19f8fafcfeffff18010e00020104331e2424a83421a81f3f2500010a0c0a0b012a5a2b03e80a0a230a080033093f99000709f10700010000
2026-06-29 06:30:07,503 [DEBUG] OML message: 8080003d420100ffff19f8fafcfeffff18010e00020104331e2424a83421a81f3f2500010a0c0a0b012a5a2b03e80a0a230a080033093f99000709f10700010000
2026-06-29 06:30:07,503 [INFO] BTS 4242/0/0: SET_BTS_ATTR_ACK received
2026-06-29 06:30:07,503 [DEBUG] Decoded IPA frame: proto=0xff, payload_len=14, consumed=17, payload_hex: 8080000a45020000ff0500020033
2026-06-29 06:30:07,503 [DEBUG] OML message: 8080000a45020000ff0500020033
2026-06-29 06:30:07,503 [INFO] BTS 4242/0/0: SET_RADIO_ATTR_ACK received
2026-06-29 06:30:07,503 [DEBUG] Decoded IPA frame: proto=0xff, payload_len=13, consumed=16, payload_hex: 8080000948030000000d054007
2026-06-29 06:30:07,503 [DEBUG] OML message: 8080000948030000000d054007
2026-06-29 06:30:07,503 [INFO] BTS 4242/0/0: SET_CHAN_ATTR_ACK (standard) [1/8]
2026-06-29 06:30:07,503 [DEBUG] Decoded IPA frame: proto=0xff, payload_len=13, consumed=16, payload_hex: 8080000948030000010d034007
2026-06-29 06:30:07,503 [DEBUG] OML message: 8080000948030000010d034007
2026-06-29 06:30:07,503 [INFO] BTS 4242/0/0: SET_CHAN_ATTR_ACK (standard) [2/8]
2026-06-29 06:30:07,503 [DEBUG] Decoded IPA frame: proto=0xff, payload_len=13, consumed=16, payload_hex: 8080000948030000020d014007
2026-06-29 06:30:07,503 [DEBUG] OML message: 8080000948030000020d014007
2026-06-29 06:30:07,503 [INFO] BTS 4242/0/0: SET_CHAN_ATTR_ACK (standard) [3/8]
2026-06-29 06:30:07,503 [DEBUG] Decoded IPA frame: proto=0xff, payload_len=13, consumed=16, payload_hex: 8080000948030000030d004007
2026-06-29 06:30:07,503 [DEBUG] OML message: 8080000948030000030d004007
2026-06-29 06:30:07,503 [INFO] BTS 4242/0/0: SET_CHAN_ATTR_ACK (standard) [4/8]
2026-06-29 06:30:07,503 [DEBUG] Decoded IPA frame: proto=0xff, payload_len=13, consumed=16, payload_hex: 8080000948030000040d004007
2026-06-29 06:30:07,503 [DEBUG] OML message: 8080000948030000040d004007
2026-06-29 06:30:07,503 [INFO] BTS 4242/0/0: SET_CHAN_ATTR_ACK (standard) [5/8]
2026-06-29 06:30:07,503 [DEBUG] Decoded IPA frame: proto=0xff, payload_len=13, consumed=16, payload_hex: 8080000948030000050d004007
2026-06-29 06:30:07,503 [DEBUG] OML message: 8080000948030000050d004007
2026-06-29 06:30:07,503 [INFO] BTS 4242/0/0: SET_CHAN_ATTR_ACK (standard) [6/8]
2026-06-29 06:30:07,503 [DEBUG] Incomplete frame, buffer size: 0, buffer_hex: 
2026-06-29 06:30:07,503 [DEBUG] Received 49 bytes from BTS
2026-06-29 06:30:07,503 [DEBUG] Decoded IPA frame: proto=0xff, payload_len=13, consumed=16, payload_hex: 8080000948030000060d004007
2026-06-29 06:30:07,503 [DEBUG] OML message: 8080000948030000060d004007
2026-06-29 06:30:07,503 [INFO] BTS 4242/0/0: SET_CHAN_ATTR_ACK (standard) [7/8]
2026-06-29 06:30:07,503 [DEBUG] Decoded IPA frame: proto=0xff, payload_len=13, consumed=16, payload_hex: 8080000948030000070d004007
2026-06-29 06:30:07,503 [DEBUG] OML message: 8080000948030000070d004007
2026-06-29 06:30:07,503 [INFO] BTS 4242/0/0: SET_CHAN_ATTR_ACK (standard) [8/8]
2026-06-29 06:30:07,503 [INFO] BTS 4242/0/0: All attributes configured, sending OPSTART commands
2026-06-29 06:30:07,503 [DEBUG] Sending OML message (9 bytes)
2026-06-29 06:30:07,503 [DEBUG] Sending 12 bytes to BTS 4242/0/0
2026-06-29 06:30:07,503 [INFO] BTS 4242/0/0: Sent OPSTART for BTS
2026-06-29 06:30:07,504 [DEBUG] Sending OML message (9 bytes)
2026-06-29 06:30:07,504 [DEBUG] Sending 12 bytes to BTS 4242/0/0
2026-06-29 06:30:07,504 [INFO] BTS 4242/0/0: Sent OPSTART for RADIO-CARRIER
2026-06-29 06:30:07,504 [DEBUG] Sending OML message (9 bytes)
2026-06-29 06:30:07,504 [DEBUG] Sending 12 bytes to BTS 4242/0/0
2026-06-29 06:30:07,504 [INFO] BTS 4242/0/0: Sent OPSTART for CHANNEL TS0
2026-06-29 06:30:07,504 [DEBUG] Sending OML message (9 bytes)
2026-06-29 06:30:07,504 [DEBUG] Sending 12 bytes to BTS 4242/0/0
2026-06-29 06:30:07,504 [INFO] BTS 4242/0/0: Sent OPSTART for CHANNEL TS1
2026-06-29 06:30:07,504 [DEBUG] Sending OML message (9 bytes)
2026-06-29 06:30:07,504 [DEBUG] Sending 12 bytes to BTS 4242/0/0
2026-06-29 06:30:07,504 [INFO] BTS 4242/0/0: Sent OPSTART for CHANNEL TS2
2026-06-29 06:30:07,504 [DEBUG] Sending OML message (9 bytes)
2026-06-29 06:30:07,504 [DEBUG] Sending 12 bytes to BTS 4242/0/0
2026-06-29 06:30:07,504 [INFO] BTS 4242/0/0: Sent OPSTART for CHANNEL TS3
2026-06-29 06:30:07,504 [DEBUG] Sending OML message (9 bytes)
2026-06-29 06:30:07,504 [DEBUG] Sending 12 bytes to BTS 4242/0/0
2026-06-29 06:30:07,504 [INFO] BTS 4242/0/0: Sent OPSTART for CHANNEL TS4
2026-06-29 06:30:07,504 [DEBUG] Sending OML message (9 bytes)
2026-06-29 06:30:07,504 [DEBUG] Sending 12 bytes to BTS 4242/0/0
2026-06-29 06:30:07,504 [INFO] BTS 4242/0/0: Sent OPSTART for CHANNEL TS5
2026-06-29 06:30:07,504 [DEBUG] Sending OML message (9 bytes)
2026-06-29 06:30:07,504 [DEBUG] Sending 12 bytes to BTS 4242/0/0
2026-06-29 06:30:07,504 [INFO] BTS 4242/0/0: Sent OPSTART for CHANNEL TS6
2026-06-29 06:30:07,504 [DEBUG] Sending OML message (9 bytes)
2026-06-29 06:30:07,504 [DEBUG] Sending 12 bytes to BTS 4242/0/0
2026-06-29 06:30:07,504 [INFO] BTS 4242/0/0: Sent OPSTART for CHANNEL TS7
2026-06-29 06:30:07,504 [DEBUG] Decoded IPA frame: proto=0xff, payload_len=14, consumed=17, payload_hex: 8080000a45020000ff0500020033
2026-06-29 06:30:07,504 [DEBUG] OML message: 8080000a45020000ff0500020033
2026-06-29 06:30:07,504 [INFO] BTS 4242/0/0: SET_RADIO_ATTR_ACK received
2026-06-29 06:30:07,504 [DEBUG] Incomplete frame, buffer size: 0, buffer_hex: 
2026-06-29 06:30:07,504 [DEBUG] Received 300 bytes from BTS
2026-06-29 06:30:07,504 [DEBUG] Decoded IPA frame: proto=0xff, payload_len=9, consumed=12, payload_hex: 80800005750100ffff
2026-06-29 06:30:07,504 [DEBUG] OML message: 80800005750100ffff
2026-06-29 06:30:07,504 [INFO] BTS 4242/0/0: OPSTART_ACK received (OC=0x01)
2026-06-29 06:30:07,504 [INFO] BTS 4242/0/0: BTS OPSTART_ACK received, triggering RSL init
2026-06-29 06:30:07,504 [INFO] BTS 4242/0/0: Core objects operational, sending IPACC_RSL_CONNECT
2026-06-29 06:30:07,504 [INFO] BTS 4242/0/0: Sent IPACC_RSL_CONNECT (31 bytes): 00 1c ff 10 80 00 0a 0d 63 6f 6d 2e 69 70 61 63 63 65 73 73 00 e0 04 00 00 ff 85 00 81 0b bb
2026-06-29 06:30:07,504 [DEBUG] Sending 31 bytes to BTS 4242/0/0
2026-06-29 06:30:07,504 [DEBUG] Sending 12 bytes to BTS 4242/0/0
2026-06-29 06:30:07,504 [INFO] BTS 4242/0/0: Sent BASEBAND-TRANSCEIVER OPSTART (12 bytes)
2026-06-29 06:30:07,504 [DEBUG] Decoded IPA frame: proto=0xff, payload_len=17, consumed=20, payload_hex: 8080000d610100ffff2402070001ff0401
2026-06-29 06:30:07,504 [DEBUG] OML message: 8080000d610100ffff2402070001ff0401
2026-06-29 06:30:07,504 [DEBUG] BTS 4242/0/0: State Changed Event Report (OC=0x01)
2026-06-29 06:30:07,504 [DEBUG] Decoded IPA frame: proto=0xff, payload_len=9, consumed=12, payload_hex: 8080000575020000ff
2026-06-29 06:30:07,504 [DEBUG] OML message: 8080000575020000ff
2026-06-29 06:30:07,504 [INFO] BTS 4242/0/0: OPSTART_ACK received (OC=0x02)
2026-06-29 06:30:07,504 [INFO] BTS 4242/0/0: RADIO-CARRIER operational
2026-06-29 06:30:07,504 [DEBUG] Decoded IPA frame: proto=0xff, payload_len=9, consumed=12, payload_hex: 808000057503000000
2026-06-29 06:30:07,505 [DEBUG] OML message: 808000057503000000
2026-06-29 06:30:07,505 [INFO] BTS 4242/0/0: OPSTART_ACK received (OC=0x03)
2026-06-29 06:30:07,505 [INFO] BTS 4242/0/0: CHANNEL TS0 OPSTART_ACK - sending CHG_ADM_STATE UNLOCKED
2026-06-29 06:30:07,505 [DEBUG] Sending OML message (11 bytes)
2026-06-29 06:30:07,505 [DEBUG] Sending 14 bytes to BTS 4242/0/0
2026-06-29 06:30:07,505 [DEBUG] Decoded IPA frame: proto=0xff, payload_len=17, consumed=20, payload_hex: 8080000d61030000002402070001ff0401
2026-06-29 06:30:07,505 [DEBUG] OML message: 8080000d61030000002402070001ff0401
2026-06-29 06:30:07,505 [DEBUG] BTS 4242/0/0: State Changed Event Report (OC=0x03)
2026-06-29 06:30:07,505 [DEBUG] Decoded IPA frame: proto=0xff, payload_len=9, consumed=12, payload_hex: 808000057503000001
2026-06-29 06:30:07,505 [DEBUG] OML message: 808000057503000001
2026-06-29 06:30:07,505 [INFO] BTS 4242/0/0: OPSTART_ACK received (OC=0x03)
2026-06-29 06:30:07,505 [INFO] BTS 4242/0/0: CHANNEL TS1 OPSTART_ACK - sending CHG_ADM_STATE UNLOCKED
2026-06-29 06:30:07,505 [DEBUG] Sending OML message (11 bytes)
2026-06-29 06:30:07,505 [DEBUG] Sending 14 bytes to BTS 4242/0/0
2026-06-29 06:30:07,505 [DEBUG] Decoded IPA frame: proto=0xff, payload_len=17, consumed=20, payload_hex: 8080000d61030000012402070001ff0401
2026-06-29 06:30:07,505 [DEBUG] OML message: 8080000d61030000012402070001ff0401
2026-06-29 06:30:07,505 [DEBUG] BTS 4242/0/0: State Changed Event Report (OC=0x03)
2026-06-29 06:30:07,505 [DEBUG] Decoded IPA frame: proto=0xff, payload_len=9, consumed=12, payload_hex: 808000057503000002
2026-06-29 06:30:07,505 [DEBUG] OML message: 808000057503000002
2026-06-29 06:30:07,505 [INFO] BTS 4242/0/0: OPSTART_ACK received (OC=0x03)
2026-06-29 06:30:07,505 [INFO] BTS 4242/0/0: CHANNEL TS2 OPSTART_ACK - sending CHG_ADM_STATE UNLOCKED
2026-06-29 06:30:07,505 [DEBUG] Sending OML message (11 bytes)
2026-06-29 06:30:07,505 [DEBUG] Sending 14 bytes to BTS 4242/0/0
2026-06-29 06:30:07,505 [INFO] New RSL connection from ('10.42.0.206', 33721)
2026-06-29 06:30:07,506 [DEBUG] Decoded IPA frame: proto=0xff, payload_len=17, consumed=20, payload_hex: 8080000d61030000022402070001ff0401
2026-06-29 06:30:07,506 [DEBUG] OML message: 8080000d61030000022402070001ff0401
2026-06-29 06:30:07,506 [DEBUG] BTS 4242/0/0: State Changed Event Report (OC=0x03)
2026-06-29 06:30:07,506 [DEBUG] Decoded IPA frame: proto=0xff, payload_len=9, consumed=12, payload_hex: 808000057503000003
2026-06-29 06:30:07,507 [DEBUG] OML message: 808000057503000003
2026-06-29 06:30:07,507 [INFO] [RSL] BTS connection from ('10.42.0.206', 33721)
2026-06-29 06:30:07,507 [INFO] BTS 4242/0/0: OPSTART_ACK received (OC=0x03)
2026-06-29 06:30:07,507 [DEBUG] Sending ID_GET: 0011fe0401080107010201030104010501010100
2026-06-29 06:30:07,507 [INFO] BTS 4242/0/0: CHANNEL TS3 OPSTART_ACK - sending CHG_ADM_STATE UNLOCKED
2026-06-29 06:30:07,507 [DEBUG] Sending OML message (11 bytes)
2026-06-29 06:30:07,507 [DEBUG] Sending 14 bytes to BTS 4242/0/0
2026-06-29 06:30:07,507 [DEBUG] Decoded IPA frame: proto=0xff, payload_len=17, consumed=20, payload_hex: 8080000d61030000032402070001ff0401
2026-06-29 06:30:07,507 [DEBUG] OML message: 8080000d61030000032402070001ff0401
2026-06-29 06:30:07,507 [DEBUG] BTS 4242/0/0: State Changed Event Report (OC=0x03)
2026-06-29 06:30:07,507 [DEBUG] Decoded IPA frame: proto=0xff, payload_len=9, consumed=12, payload_hex: 808000057503000004
2026-06-29 06:30:07,507 [DEBUG] OML message: 808000057503000004
2026-06-29 06:30:07,507 [INFO] BTS 4242/0/0: OPSTART_ACK received (OC=0x03)
2026-06-29 06:30:07,507 [INFO] BTS 4242/0/0: CHANNEL TS4 OPSTART_ACK - sending CHG_ADM_STATE UNLOCKED
2026-06-29 06:30:07,507 [DEBUG] Sending OML message (11 bytes)
2026-06-29 06:30:07,507 [DEBUG] Sending 14 bytes to BTS 4242/0/0
2026-06-29 06:30:07,507 [DEBUG] ID_GET sent (20 bytes)
2026-06-29 06:30:07,507 [DEBUG] Decoded IPA frame: proto=0xff, payload_len=17, consumed=20, payload_hex: 8080000d61030000042402070001ff0401
2026-06-29 06:30:07,507 [INFO] Entering receive loop, waiting for messages from BTS...
2026-06-29 06:30:07,507 [DEBUG] OML message: 8080000d61030000042402070001ff0401
2026-06-29 06:30:07,507 [DEBUG] BTS 4242/0/0: State Changed Event Report (OC=0x03)
2026-06-29 06:30:07,507 [DEBUG] Decoded IPA frame: proto=0xff, payload_len=9, consumed=12, payload_hex: 808000057503000005
2026-06-29 06:30:07,507 [DEBUG] OML message: 808000057503000005
2026-06-29 06:30:07,507 [INFO] BTS 4242/0/0: OPSTART_ACK received (OC=0x03)
2026-06-29 06:30:07,507 [INFO] BTS 4242/0/0: CHANNEL TS5 OPSTART_ACK - sending CHG_ADM_STATE UNLOCKED
2026-06-29 06:30:07,507 [DEBUG] Sending OML message (11 bytes)
2026-06-29 06:30:07,508 [DEBUG] Sending 14 bytes to BTS 4242/0/0
2026-06-29 06:30:07,508 [DEBUG] Received 102 bytes from BTS
2026-06-29 06:30:07,508 [DEBUG] Decoded IPA frame: proto=0xff, payload_len=17, consumed=20, payload_hex: 8080000d61030000052402070001ff0401
2026-06-29 06:30:07,508 [DEBUG] Decoded IPA frame: proto=0xfe, payload_len=88, consumed=91, payload_hex: 05000a08343234322f302f300000130766613a38663a61353a36303a66313a36360000020200000a036f736d6f2d6274730000020400001005312e31312e302e32332d6234666600000a016f736d6f2d6274730000020000
2026-06-29 06:30:07,508 [DEBUG] OML message: 8080000d61030000052402070001ff0401
2026-06-29 06:30:07,508 [DEBUG] CCM message: 05000a08343234322f302f300000130766613a38663a61353a36303a66313a36360000020200000a036f736d6f2d6274730000020400001005312e31312e302e32332d6234666600000a016f736d6f2d6274730000020000
2026-06-29 06:30:07,508 [DEBUG] BTS 4242/0/0: State Changed Event Report (OC=0x03)
2026-06-29 06:30:07,508 [INFO] BTS identified: 4242/0/0
2026-06-29 06:30:07,508 [DEBUG] Decoded IPA frame: proto=0xff, payload_len=9, consumed=12, payload_hex: 808000057503000006
2026-06-29 06:30:07,508 [DEBUG] Sending 4 bytes to BTS 4242/0/0
2026-06-29 06:30:07,508 [DEBUG] OML message: 808000057503000006
2026-06-29 06:30:07,508 [INFO] BTS 4242/0/0: OPSTART_ACK received (OC=0x03)
2026-06-29 06:30:07,508 [INFO] BTS 4242/0/0 RSL connected (IPA identified)
2026-06-29 06:30:07,508 [INFO] BTS 4242/0/0: CHANNEL TS6 OPSTART_ACK - sending CHG_ADM_STATE UNLOCKED
2026-06-29 06:30:07,508 [INFO] BTS 4242/0/0 RSL link established, sending all SI messages
2026-06-29 06:30:07,508 [DEBUG] Sending OML message (11 bytes)
2026-06-29 06:30:07,508 [INFO] BTS 4242/0/0: SI1 sent (23 bytes)
2026-06-29 06:30:07,508 [DEBUG] Sending 14 bytes to BTS 4242/0/0
2026-06-29 06:30:07,508 [INFO] BTS 4242/0/0: SI2 sent (23 bytes)
2026-06-29 06:30:07,508 [DEBUG] Decoded IPA frame: proto=0xff, payload_len=17, consumed=20, payload_hex: 8080000d61030000062402070001ff0401
2026-06-29 06:30:07,508 [DEBUG] OML message: 8080000d61030000062402070001ff0401
2026-06-29 06:30:07,508 [DEBUG] BTS 4242/0/0: State Changed Event Report (OC=0x03)
2026-06-29 06:30:07,508 [DEBUG] Decoded IPA frame: proto=0xff, payload_len=9, consumed=12, payload_hex: 808000057503000007
2026-06-29 06:30:07,508 [DEBUG] OML message: 808000057503000007
2026-06-29 06:30:07,509 [INFO] BTS 4242/0/0: OPSTART_ACK received (OC=0x03)
2026-06-29 06:30:07,509 [INFO] BTS 4242/0/0: CHANNEL TS7 OPSTART_ACK - sending CHG_ADM_STATE UNLOCKED
2026-06-29 06:30:07,509 [DEBUG] Sending OML message (11 bytes)
2026-06-29 06:30:07,509 [DEBUG] Sending 14 bytes to BTS 4242/0/0
2026-06-29 06:30:07,509 [INFO] BTS 4242/0/0: SI3 sent (23 bytes, LAC=4242)
2026-06-29 06:30:07,509 [DEBUG] Decoded IPA frame: proto=0xff, payload_len=17, consumed=20, payload_hex: 8080000d61030000072402070001ff0401
2026-06-29 06:30:07,509 [DEBUG] OML message: 8080000d61030000072402070001ff0401
2026-06-29 06:30:07,509 [DEBUG] BTS 4242/0/0: State Changed Event Report (OC=0x03)
2026-06-29 06:30:07,509 [DEBUG] Incomplete frame, buffer size: 0, buffer_hex: 
2026-06-29 06:30:07,509 [INFO] BTS 4242/0/0: SI4 sent (23 bytes, LAC=4242)
2026-06-29 06:30:07,509 [INFO] BTS 4242/0/0: All BCCH SI messages sent successfully (SI1-SI4)
2026-06-29 06:30:07,509 [DEBUG] Buffered event BTS_READY (total buffered: 2)
2026-06-29 06:30:07,509 [DEBUG] Decoded IPA frame: proto=0xfe, payload_len=1, consumed=4, payload_hex: 06
2026-06-29 06:30:07,509 [DEBUG] CCM message: 06
2026-06-29 06:30:07,509 [DEBUG] Decoded IPA frame: proto=0x00, payload_len=4, consumed=7, payload_hex: 10191500
2026-06-29 06:30:07,509 [DEBUG] RSL message: 10191500
2026-06-29 06:30:07,509 [DEBUG] RSL discriminator: 0x10, message type: 0x19, payload: 10191500
2026-06-29 06:30:07,509 [DEBUG] Incomplete frame, buffer size: 0, buffer_hex: 
2026-06-29 06:30:07,509 [DEBUG] Received 360 bytes from BTS
2026-06-29 06:30:07,509 [DEBUG] Decoded IPA frame: proto=0xff, payload_len=33, consumed=36, payload_hex: 1080000f0d636f6d2e697061636365737300e1040000ff8500810bbb800a2a00d2
2026-06-29 06:30:07,509 [DEBUG] OML message: 1080000f0d636f6d2e697061636365737300e1040000ff8500810bbb800a2a00d2
2026-06-29 06:30:07,509 [DEBUG] BTS 4242/0/0: OML msg_type=0x0d
2026-06-29 06:30:07,509 [DEBUG] Decoded IPA frame: proto=0xff, payload_len=9, consumed=12, payload_hex: 8080000575040000ff
2026-06-29 06:30:07,509 [DEBUG] OML message: 8080000575040000ff
2026-06-29 06:30:07,509 [INFO] BTS 4242/0/0: OPSTART_ACK received (OC=0x04)
2026-06-29 06:30:07,509 [INFO] BTS 4242/0/0: BASEBAND-TRANSCEIVER object OPSTART_ACK
2026-06-29 06:30:07,509 [DEBUG] Decoded IPA frame: proto=0xff, payload_len=11, consumed=14, payload_hex: 808000076a030000000402
2026-06-29 06:30:07,509 [DEBUG] OML message: 808000076a030000000402
2026-06-29 06:30:07,509 [INFO] BTS 4242/0/0: CHG_ADM_STATE_ACK received (OC=0x03)
2026-06-29 06:30:07,509 [DEBUG] Decoded IPA frame: proto=0xff, payload_len=17, consumed=20, payload_hex: 8080000d61030000002402070001ff0402
2026-06-29 06:30:07,509 [DEBUG] OML message: 8080000d61030000002402070001ff0402
2026-06-29 06:30:07,509 [DEBUG] BTS 4242/0/0: State Changed Event Report (OC=0x03)
2026-06-29 06:30:07,509 [DEBUG] Decoded IPA frame: proto=0xff, payload_len=11, consumed=14, payload_hex: 808000076a030000010402
2026-06-29 06:30:07,509 [DEBUG] OML message: 808000076a030000010402
2026-06-29 06:30:07,510 [INFO] BTS 4242/0/0: CHG_ADM_STATE_ACK received (OC=0x03)
2026-06-29 06:30:07,510 [DEBUG] Decoded IPA frame: proto=0xff, payload_len=17, consumed=20, payload_hex: 8080000d61030000012402070001ff0402
2026-06-29 06:30:07,510 [DEBUG] OML message: 8080000d61030000012402070001ff0402
2026-06-29 06:30:07,510 [DEBUG] BTS 4242/0/0: State Changed Event Report (OC=0x03)
2026-06-29 06:30:07,510 [DEBUG] Decoded IPA frame: proto=0xff, payload_len=11, consumed=14, payload_hex: 808000076a030000020402
2026-06-29 06:30:07,510 [DEBUG] OML message: 808000076a030000020402
2026-06-29 06:30:07,510 [INFO] BTS 4242/0/0: CHG_ADM_STATE_ACK received (OC=0x03)
2026-06-29 06:30:07,510 [DEBUG] Decoded IPA frame: proto=0xff, payload_len=17, consumed=20, payload_hex: 8080000d61030000022402070001ff0402
2026-06-29 06:30:07,510 [DEBUG] OML message: 8080000d61030000022402070001ff0402
2026-06-29 06:30:07,510 [DEBUG] BTS 4242/0/0: State Changed Event Report (OC=0x03)
2026-06-29 06:30:07,510 [DEBUG] Decoded IPA frame: proto=0xff, payload_len=17, consumed=20, payload_hex: 8080000d61020000ff2402070001ff0401
2026-06-29 06:30:07,510 [DEBUG] OML message: 8080000d61020000ff2402070001ff0401
2026-06-29 06:30:07,510 [DEBUG] BTS 4242/0/0: State Changed Event Report (OC=0x02)
2026-06-29 06:30:07,510 [DEBUG] Decoded IPA frame: proto=0xff, payload_len=17, consumed=20, payload_hex: 8080000d61040000ff2402070001ff0401
2026-06-29 06:30:07,510 [DEBUG] OML message: 8080000d61040000ff2402070001ff0401
2026-06-29 06:30:07,510 [DEBUG] BTS 4242/0/0: State Changed Event Report (OC=0x04)
2026-06-29 06:30:07,510 [DEBUG] Decoded IPA frame: proto=0xff, payload_len=11, consumed=14, payload_hex: 808000076a030000030402
2026-06-29 06:30:07,510 [DEBUG] OML message: 808000076a030000030402
2026-06-29 06:30:07,510 [INFO] BTS 4242/0/0: CHG_ADM_STATE_ACK received (OC=0x03)
2026-06-29 06:30:07,510 [DEBUG] Decoded IPA frame: proto=0xff, payload_len=17, consumed=20, payload_hex: 8080000d61030000032402070001ff0402
2026-06-29 06:30:07,510 [DEBUG] OML message: 8080000d61030000032402070001ff0402
2026-06-29 06:30:07,510 [DEBUG] BTS 4242/0/0: State Changed Event Report (OC=0x03)
2026-06-29 06:30:07,510 [DEBUG] Decoded IPA frame: proto=0xff, payload_len=11, consumed=14, payload_hex: 808000076a030000040402
2026-06-29 06:30:07,510 [DEBUG] OML message: 808000076a030000040402
2026-06-29 06:30:07,510 [INFO] BTS 4242/0/0: CHG_ADM_STATE_ACK received (OC=0x03)
2026-06-29 06:30:07,510 [DEBUG] Decoded IPA frame: proto=0xff, payload_len=17, consumed=20, payload_hex: 8080000d61030000042402070001ff0402
2026-06-29 06:30:07,510 [DEBUG] OML message: 8080000d61030000042402070001ff0402
2026-06-29 06:30:07,510 [DEBUG] BTS 4242/0/0: State Changed Event Report (OC=0x03)
2026-06-29 06:30:07,510 [DEBUG] Decoded IPA frame: proto=0xff, payload_len=11, consumed=14, payload_hex: 808000076a030000050402
2026-06-29 06:30:07,510 [DEBUG] OML message: 808000076a030000050402
2026-06-29 06:30:07,510 [INFO] BTS 4242/0/0: CHG_ADM_STATE_ACK received (OC=0x03)
2026-06-29 06:30:07,510 [DEBUG] Decoded IPA frame: proto=0xff, payload_len=17, consumed=20, payload_hex: 8080000d61030000052402070001ff0402
2026-06-29 06:30:07,510 [DEBUG] OML message: 8080000d61030000052402070001ff0402
2026-06-29 06:30:07,510 [DEBUG] BTS 4242/0/0: State Changed Event Report (OC=0x03)
2026-06-29 06:30:07,510 [DEBUG] Decoded IPA frame: proto=0xff, payload_len=11, consumed=14, payload_hex: 808000076a030000060402
2026-06-29 06:30:07,510 [DEBUG] OML message: 808000076a030000060402
2026-06-29 06:30:07,510 [INFO] BTS 4242/0/0: CHG_ADM_STATE_ACK received (OC=0x03)
2026-06-29 06:30:07,510 [DEBUG] Decoded IPA frame: proto=0xff, payload_len=17, consumed=20, payload_hex: 8080000d61030000062402070001ff0402
2026-06-29 06:30:07,510 [DEBUG] OML message: 8080000d61030000062402070001ff0402
2026-06-29 06:30:07,510 [DEBUG] BTS 4242/0/0: State Changed Event Report (OC=0x03)
2026-06-29 06:30:07,510 [DEBUG] Decoded IPA frame: proto=0xff, payload_len=11, consumed=14, payload_hex: 808000076a030000070402
2026-06-29 06:30:07,510 [DEBUG] OML message: 808000076a030000070402
2026-06-29 06:30:07,510 [INFO] BTS 4242/0/0: CHG_ADM_STATE_ACK received (OC=0x03)
2026-06-29 06:30:07,510 [DEBUG] Decoded IPA frame: proto=0xff, payload_len=17, consumed=20, payload_hex: 8080000d61030000072402070001ff0402
2026-06-29 06:30:07,510 [DEBUG] OML message: 8080000d61030000072402070001ff0402
2026-06-29 06:30:07,510 [DEBUG] BTS 4242/0/0: State Changed Event Report (OC=0x03)
2026-06-29 06:30:07,510 [DEBUG] Incomplete frame, buffer size: 0, buffer_hex: 
2026-06-29 06:30:08,338 [INFO] New OML connection from ('10.42.0.212', 33927)
2026-06-29 06:30:08,341 [INFO] [OML] BTS connection from ('10.42.0.212', 33927)
2026-06-29 06:30:08,341 [DEBUG] Sending ID_GET: 0011fe0401080107010201030104010501010100
2026-06-29 06:30:08,341 [DEBUG] ID_GET sent (20 bytes)
2026-06-29 06:30:08,341 [INFO] Entering receive loop, waiting for messages from BTS...
2026-06-29 06:30:08,342 [DEBUG] Received 91 bytes from BTS
2026-06-29 06:30:08,342 [DEBUG] Decoded IPA frame: proto=0xfe, payload_len=88, consumed=91, payload_hex: 05000a08343234382f302f300000130732363a36643a31623a64333a64613a34660000020200000a036f736d6f2d6274730000020400001005312e31312e302e32332d6234666600000a016f736d6f2d6274730000020000
2026-06-29 06:30:08,342 [DEBUG] CCM message: 05000a08343234382f302f300000130732363a36643a31623a64333a64613a34660000020200000a036f736d6f2d6274730000020400001005312e31312e302e32332d6234666600000a016f736d6f2d6274730000020000
2026-06-29 06:30:08,342 [INFO] BTS identified: 4248/0/0
2026-06-29 06:30:08,342 [DEBUG] Sending 4 bytes to BTS 4248/0/0
2026-06-29 06:30:08,342 [INFO] BTS 4248/0/0 OML connected (IPA identified)
2026-06-29 06:30:08,342 [DEBUG] Buffered event BTS_CONNECTED (total buffered: 3)
2026-06-29 06:30:08,342 [DEBUG] Incomplete frame, buffer size: 0, buffer_hex: 
2026-06-29 06:30:08,342 [DEBUG] Received 396 bytes from BTS
2026-06-29 06:30:08,342 [DEBUG] Decoded IPA frame: proto=0xfe, payload_len=1, consumed=4, payload_hex: 06
2026-06-29 06:30:08,342 [DEBUG] CCM message: 06
2026-06-29 06:30:08,342 [DEBUG] Decoded IPA frame: proto=0xff, payload_len=9, consumed=12, payload_hex: 808000051000ffffff
2026-06-29 06:30:08,342 [DEBUG] OML message: 808000051000ffffff
2026-06-29 06:30:08,342 [INFO] BTS 4248/0/0: SW_ACTIVATED_REP (OC=0x00, INST=ffffff)
2026-06-29 06:30:08,342 [INFO] BTS 4248/0/0: Sending OPSTART for SITE-MANAGER
2026-06-29 06:30:08,342 [DEBUG] Sending OML message (9 bytes)
2026-06-29 06:30:08,342 [DEBUG] Sending 12 bytes to BTS 4248/0/0
2026-06-29 06:30:08,342 [DEBUG] Decoded IPA frame: proto=0xff, payload_len=17, consumed=20, payload_hex: 8080000d6100ffffff2401070001030401
2026-06-29 06:30:08,342 [DEBUG] OML message: 8080000d6100ffffff2401070001030401
2026-06-29 06:30:08,342 [DEBUG] BTS 4248/0/0: State Changed Event Report (OC=0x00)
2026-06-29 06:30:08,342 [DEBUG] Decoded IPA frame: proto=0xff, payload_len=9, consumed=12, payload_hex: 8080000510f000ffff
2026-06-29 06:30:08,342 [DEBUG] OML message: 8080000510f000ffff
2026-06-29 06:30:08,342 [INFO] BTS 4248/0/0: SW_ACTIVATED_REP (OC=0xf0, INST=00ffff)
2026-06-29 06:30:08,342 [DEBUG] Decoded IPA frame: proto=0xff, payload_len=9, consumed=12, payload_hex: 8080000510f10000ff
2026-06-29 06:30:08,342 [DEBUG] OML message: 8080000510f10000ff
2026-06-29 06:30:08,342 [INFO] BTS 4248/0/0: SW_ACTIVATED_REP (OC=0xf1, INST=0000ff)
2026-06-29 06:30:08,342 [DEBUG] Decoded IPA frame: proto=0xff, payload_len=17, consumed=20, payload_hex: 8080000d61f10000ff2401070001050401
2026-06-29 06:30:08,342 [DEBUG] OML message: 8080000d61f10000ff2401070001050401
2026-06-29 06:30:08,343 [DEBUG] BTS 4248/0/0: State Changed Event Report (OC=0xf1)
2026-06-29 06:30:08,343 [DEBUG] Decoded IPA frame: proto=0xff, payload_len=9, consumed=12, payload_hex: 8080000510f20000ff
2026-06-29 06:30:08,343 [DEBUG] OML message: 8080000510f20000ff
2026-06-29 06:30:08,343 [INFO] BTS 4248/0/0: SW_ACTIVATED_REP (OC=0xf2, INST=0000ff)
2026-06-29 06:30:08,343 [DEBUG] Decoded IPA frame: proto=0xff, payload_len=17, consumed=20, payload_hex: 8080000d61f20000ff2401070001050401
2026-06-29 06:30:08,343 [DEBUG] OML message: 8080000d61f20000ff2401070001050401
2026-06-29 06:30:08,343 [DEBUG] BTS 4248/0/0: State Changed Event Report (OC=0xf2)
2026-06-29 06:30:08,343 [DEBUG] Decoded IPA frame: proto=0xff, payload_len=9, consumed=12, payload_hex: 8080000510f20001ff
2026-06-29 06:30:08,343 [DEBUG] OML message: 8080000510f20001ff
2026-06-29 06:30:08,343 [INFO] BTS 4248/0/0: SW_ACTIVATED_REP (OC=0xf2, INST=0001ff)
2026-06-29 06:30:08,343 [DEBUG] Decoded IPA frame: proto=0xff, payload_len=17, consumed=20, payload_hex: 8080000d61f20001ff2401070001050401
2026-06-29 06:30:08,343 [DEBUG] OML message: 8080000d61f20001ff2401070001050401
2026-06-29 06:30:08,343 [DEBUG] BTS 4248/0/0: State Changed Event Report (OC=0xf2)
2026-06-29 06:30:08,343 [DEBUG] Decoded IPA frame: proto=0xff, payload_len=17, consumed=20, payload_hex: 8080000d61f000ffff2401070001050401
2026-06-29 06:30:08,343 [DEBUG] OML message: 8080000d61f000ffff2401070001050401
2026-06-29 06:30:08,343 [DEBUG] BTS 4248/0/0: State Changed Event Report (OC=0xf0)
2026-06-29 06:30:08,343 [DEBUG] Decoded IPA frame: proto=0xff, payload_len=9, consumed=12, payload_hex: 80800005100100ffff
2026-06-29 06:30:08,343 [DEBUG] OML message: 80800005100100ffff
2026-06-29 06:30:08,343 [INFO] BTS 4248/0/0: SW_ACTIVATED_REP (OC=0x01, INST=00ffff)
2026-06-29 06:30:08,343 [DEBUG] Decoded IPA frame: proto=0xff, payload_len=17, consumed=20, payload_hex: 8080000d610100ffff2401070001030401
2026-06-29 06:30:08,343 [DEBUG] OML message: 8080000d610100ffff2401070001030401
2026-06-29 06:30:08,343 [DEBUG] BTS 4248/0/0: State Changed Event Report (OC=0x01)
2026-06-29 06:30:08,343 [DEBUG] Decoded IPA frame: proto=0xff, payload_len=17, consumed=20, payload_hex: 8080000d61020000ff2401070001070401
2026-06-29 06:30:08,343 [DEBUG] OML message: 8080000d61020000ff2401070001070401
2026-06-29 06:30:08,343 [DEBUG] BTS 4248/0/0: State Changed Event Report (OC=0x02)
2026-06-29 06:30:08,343 [DEBUG] Decoded IPA frame: proto=0xff, payload_len=17, consumed=20, payload_hex: 8080000d61040000ff2401070001070401
2026-06-29 06:30:08,343 [DEBUG] OML message: 8080000d61040000ff2401070001070401
2026-06-29 06:30:08,343 [DEBUG] BTS 4248/0/0: State Changed Event Report (OC=0x04)
2026-06-29 06:30:08,343 [DEBUG] Decoded IPA frame: proto=0xff, payload_len=17, consumed=20, payload_hex: 8080000d61030000002401070001070401
2026-06-29 06:30:08,343 [DEBUG] OML message: 8080000d61030000002401070001070401
2026-06-29 06:30:08,343 [DEBUG] BTS 4248/0/0: State Changed Event Report (OC=0x03)
2026-06-29 06:30:08,343 [DEBUG] Decoded IPA frame: proto=0xff, payload_len=17, consumed=20, payload_hex: 8080000d61030000012401070001070401
2026-06-29 06:30:08,343 [DEBUG] OML message: 8080000d61030000012401070001070401
2026-06-29 06:30:08,343 [DEBUG] BTS 4248/0/0: State Changed Event Report (OC=0x03)
2026-06-29 06:30:08,343 [DEBUG] Decoded IPA frame: proto=0xff, payload_len=17, consumed=20, payload_hex: 8080000d61030000022401070001070401
2026-06-29 06:30:08,343 [DEBUG] OML message: 8080000d61030000022401070001070401
2026-06-29 06:30:08,343 [DEBUG] BTS 4248/0/0: State Changed Event Report (OC=0x03)
2026-06-29 06:30:08,343 [DEBUG] Decoded IPA frame: proto=0xff, payload_len=17, consumed=20, payload_hex: 8080000d61030000032401070001070401
2026-06-29 06:30:08,343 [DEBUG] OML message: 8080000d61030000032401070001070401
2026-06-29 06:30:08,343 [DEBUG] BTS 4248/0/0: State Changed Event Report (OC=0x03)
2026-06-29 06:30:08,343 [DEBUG] Decoded IPA frame: proto=0xff, payload_len=17, consumed=20, payload_hex: 8080000d61030000042401070001070401
2026-06-29 06:30:08,343 [DEBUG] OML message: 8080000d61030000042401070001070401
2026-06-29 06:30:08,343 [DEBUG] BTS 4248/0/0: State Changed Event Report (OC=0x03)
2026-06-29 06:30:08,343 [DEBUG] Decoded IPA frame: proto=0xff, payload_len=17, consumed=20, payload_hex: 8080000d61030000052401070001070401
2026-06-29 06:30:08,343 [DEBUG] OML message: 8080000d61030000052401070001070401
2026-06-29 06:30:08,343 [DEBUG] BTS 4248/0/0: State Changed Event Report (OC=0x03)
2026-06-29 06:30:08,343 [DEBUG] Decoded IPA frame: proto=0xff, payload_len=17, consumed=20, payload_hex: 8080000d61030000062401070001070401
2026-06-29 06:30:08,343 [DEBUG] OML message: 8080000d61030000062401070001070401
2026-06-29 06:30:08,343 [DEBUG] BTS 4248/0/0: State Changed Event Report (OC=0x03)
2026-06-29 06:30:08,343 [DEBUG] Decoded IPA frame: proto=0xff, payload_len=17, consumed=20, payload_hex: 8080000d61030000072401070001070401
2026-06-29 06:30:08,343 [DEBUG] OML message: 8080000d61030000072401070001070401
2026-06-29 06:30:08,343 [DEBUG] BTS 4248/0/0: State Changed Event Report (OC=0x03)
2026-06-29 06:30:08,343 [DEBUG] Incomplete frame, buffer size: 0, buffer_hex: 
2026-06-29 06:30:08,343 [DEBUG] Received 32 bytes from BTS
2026-06-29 06:30:08,343 [DEBUG] Decoded IPA frame: proto=0xff, payload_len=9, consumed=12, payload_hex: 808000057500ffffff
2026-06-29 06:30:08,343 [DEBUG] OML message: 808000057500ffffff
2026-06-29 06:30:08,344 [INFO] BTS 4248/0/0: OPSTART_ACK received (OC=0x00)
2026-06-29 06:30:08,344 [INFO] BTS 4248/0/0: SITE-MANAGER operational, sending SET_BTS_ATTR
2026-06-29 06:30:08,344 [INFO] BTS 4248/0/0: Using ARFCN=56
2026-06-29 06:30:08,344 [DEBUG] Sending OML message (65 bytes)
2026-06-29 06:30:08,344 [DEBUG] Sending 68 bytes to BTS 4248/0/0
2026-06-29 06:30:08,344 [INFO] BTS 4248/0/0: Sent SET_BTS_ATTR
2026-06-29 06:30:08,344 [DEBUG] Sending OML message (14 bytes)
2026-06-29 06:30:08,344 [DEBUG] Sending 17 bytes to BTS 4248/0/0
2026-06-29 06:30:08,344 [INFO] BTS 4248/0/0: Sent SET_RADIO_ATTR (ARFCN=56)
2026-06-29 06:30:08,344 [DEBUG] Sending OML message (13 bytes)
2026-06-29 06:30:08,344 [DEBUG] Sending 16 bytes to BTS 4248/0/0
2026-06-29 06:30:08,344 [INFO] BTS 4248/0/0: Sent SET_CHAN_ATTR for TS0 (CCCH+SDCCH/4)
2026-06-29 06:30:08,344 [DEBUG] Sending OML message (13 bytes)
2026-06-29 06:30:08,344 [DEBUG] Sending 16 bytes to BTS 4248/0/0
2026-06-29 06:30:08,344 [INFO] BTS 4248/0/0: Sent SET_CHAN_ATTR for TS1 (SDCCH/8)
2026-06-29 06:30:08,344 [DEBUG] Sending OML message (13 bytes)
2026-06-29 06:30:08,344 [DEBUG] Sending 16 bytes to BTS 4248/0/0
2026-06-29 06:30:08,344 [INFO] BTS 4248/0/0: Sent SET_CHAN_ATTR for TS2 (TCH/F)
2026-06-29 06:30:08,344 [DEBUG] Sending OML message (13 bytes)
2026-06-29 06:30:08,344 [DEBUG] Sending 16 bytes to BTS 4248/0/0
2026-06-29 06:30:08,344 [INFO] BTS 4248/0/0: Sent SET_CHAN_ATTR for TS3 (TCH/H)
2026-06-29 06:30:08,344 [DEBUG] Sending OML message (13 bytes)
2026-06-29 06:30:08,344 [DEBUG] Sending 16 bytes to BTS 4248/0/0
2026-06-29 06:30:08,344 [INFO] BTS 4248/0/0: Sent SET_CHAN_ATTR for TS4 (TCH/F)
2026-06-29 06:30:08,344 [DEBUG] Sending OML message (13 bytes)
2026-06-29 06:30:08,344 [DEBUG] Sending 16 bytes to BTS 4248/0/0
2026-06-29 06:30:08,344 [INFO] BTS 4248/0/0: Sent SET_CHAN_ATTR for TS5 (TCH/F)
2026-06-29 06:30:08,344 [DEBUG] Sending OML message (13 bytes)
2026-06-29 06:30:08,344 [DEBUG] Sending 16 bytes to BTS 4248/0/0
2026-06-29 06:30:08,344 [INFO] BTS 4248/0/0: Sent SET_CHAN_ATTR for TS6 (TCH/F)
2026-06-29 06:30:08,344 [DEBUG] Sending OML message (13 bytes)
2026-06-29 06:30:08,344 [DEBUG] Sending 16 bytes to BTS 4248/0/0
2026-06-29 06:30:08,344 [INFO] BTS 4248/0/0: Sent SET_CHAN_ATTR for TS7 (TCH/F)
2026-06-29 06:30:08,344 [DEBUG] Decoded IPA frame: proto=0xff, payload_len=17, consumed=20, payload_hex: 8080000d6100ffffff2402070001ff0401
2026-06-29 06:30:08,344 [DEBUG] OML message: 8080000d6100ffffff2402070001ff0401
2026-06-29 06:30:08,344 [DEBUG] BTS 4248/0/0: State Changed Event Report (OC=0x00)
2026-06-29 06:30:08,344 [DEBUG] Incomplete frame, buffer size: 0, buffer_hex: 
2026-06-29 06:30:08,344 [DEBUG] Received 533 bytes from BTS
2026-06-29 06:30:08,344 [DEBUG] Decoded IPA frame: proto=0xff, payload_len=9, consumed=12, payload_hex: 8080000510020000ff
2026-06-29 06:30:08,344 [DEBUG] OML message: 8080000510020000ff
2026-06-29 06:30:08,344 [INFO] BTS 4248/0/0: SW_ACTIVATED_REP (OC=0x02, INST=0000ff)
2026-06-29 06:30:08,344 [INFO] BTS 4248/0/0: RADIO-CARRIER activated, sending SET_RADIO_CARRIER_ATTR
2026-06-29 06:30:08,344 [DEBUG] Sending OML message (14 bytes)
2026-06-29 06:30:08,344 [DEBUG] Sending 17 bytes to BTS 4248/0/0
2026-06-29 06:30:08,344 [INFO] BTS 4248/0/0: Sent SET_RADIO_CARRIER_ATTR (ARFCN=56)
2026-06-29 06:30:08,344 [DEBUG] Decoded IPA frame: proto=0xff, payload_len=17, consumed=20, payload_hex: 8080000d61020000ff2401070001030401
2026-06-29 06:30:08,344 [DEBUG] OML message: 8080000d61020000ff2401070001030401
2026-06-29 06:30:08,344 [DEBUG] BTS 4248/0/0: State Changed Event Report (OC=0x02)
2026-06-29 06:30:08,344 [DEBUG] Decoded IPA frame: proto=0xff, payload_len=9, consumed=12, payload_hex: 8080000510040000ff
2026-06-29 06:30:08,344 [DEBUG] OML message: 8080000510040000ff
2026-06-29 06:30:08,344 [INFO] BTS 4248/0/0: SW_ACTIVATED_REP (OC=0x04, INST=0000ff)
2026-06-29 06:30:08,344 [INFO] BTS 4248/0/0: BASEBAND-TRANSCEIVER activated
2026-06-29 06:30:08,344 [DEBUG] Decoded IPA frame: proto=0xff, payload_len=17, consumed=20, payload_hex: 8080000d61040000ff2401070001030401
2026-06-29 06:30:08,345 [DEBUG] OML message: 8080000d61040000ff2401070001030401
2026-06-29 06:30:08,345 [DEBUG] BTS 4248/0/0: State Changed Event Report (OC=0x04)
2026-06-29 06:30:08,345 [DEBUG] Decoded IPA frame: proto=0xff, payload_len=9, consumed=12, payload_hex: 808000051003000000
2026-06-29 06:30:08,345 [DEBUG] OML message: 808000051003000000
2026-06-29 06:30:08,345 [INFO] BTS 4248/0/0: SW_ACTIVATED_REP (OC=0x03, INST=000000)
2026-06-29 06:30:08,345 [DEBUG] Decoded IPA frame: proto=0xff, payload_len=17, consumed=20, payload_hex: 8080000d61030000002401070001050401
2026-06-29 06:30:08,345 [DEBUG] OML message: 8080000d61030000002401070001050401
2026-06-29 06:30:08,345 [DEBUG] BTS 4248/0/0: State Changed Event Report (OC=0x03)
2026-06-29 06:30:08,345 [DEBUG] Decoded IPA frame: proto=0xff, payload_len=9, consumed=12, payload_hex: 808000051003000001
2026-06-29 06:30:08,345 [DEBUG] OML message: 808000051003000001
2026-06-29 06:30:08,345 [INFO] BTS 4248/0/0: SW_ACTIVATED_REP (OC=0x03, INST=000001)
2026-06-29 06:30:08,345 [DEBUG] Decoded IPA frame: proto=0xff, payload_len=17, consumed=20, payload_hex: 8080000d61030000012401070001050401
2026-06-29 06:30:08,345 [DEBUG] OML message: 8080000d61030000012401070001050401
2026-06-29 06:30:08,345 [DEBUG] BTS 4248/0/0: State Changed Event Report (OC=0x03)
2026-06-29 06:30:08,345 [DEBUG] Decoded IPA frame: proto=0xff, payload_len=9, consumed=12, payload_hex: 808000051003000002
2026-06-29 06:30:08,345 [DEBUG] OML message: 808000051003000002
2026-06-29 06:30:08,345 [INFO] BTS 4248/0/0: SW_ACTIVATED_REP (OC=0x03, INST=000002)
2026-06-29 06:30:08,345 [DEBUG] Decoded IPA frame: proto=0xff, payload_len=17, consumed=20, payload_hex: 8080000d61030000022401070001050401
2026-06-29 06:30:08,345 [DEBUG] OML message: 8080000d61030000022401070001050401
2026-06-29 06:30:08,345 [DEBUG] BTS 4248/0/0: State Changed Event Report (OC=0x03)
2026-06-29 06:30:08,345 [DEBUG] Decoded IPA frame: proto=0xff, payload_len=9, consumed=12, payload_hex: 808000051003000003
2026-06-29 06:30:08,345 [DEBUG] OML message: 808000051003000003
2026-06-29 06:30:08,345 [INFO] BTS 4248/0/0: SW_ACTIVATED_REP (OC=0x03, INST=000003)
2026-06-29 06:30:08,345 [DEBUG] Decoded IPA frame: proto=0xff, payload_len=17, consumed=20, payload_hex: 8080000d61030000032401070001050401
2026-06-29 06:30:08,345 [DEBUG] OML message: 8080000d61030000032401070001050401
2026-06-29 06:30:08,345 [DEBUG] BTS 4248/0/0: State Changed Event Report (OC=0x03)
2026-06-29 06:30:08,345 [DEBUG] Decoded IPA frame: proto=0xff, payload_len=9, consumed=12, payload_hex: 808000051003000004
2026-06-29 06:30:08,345 [DEBUG] OML message: 808000051003000004
2026-06-29 06:30:08,345 [INFO] BTS 4248/0/0: SW_ACTIVATED_REP (OC=0x03, INST=000004)
2026-06-29 06:30:08,345 [DEBUG] Decoded IPA frame: proto=0xff, payload_len=17, consumed=20, payload_hex: 8080000d61030000042401070001050401
2026-06-29 06:30:08,345 [DEBUG] OML message: 8080000d61030000042401070001050401
2026-06-29 06:30:08,345 [DEBUG] BTS 4248/0/0: State Changed Event Report (OC=0x03)
2026-06-29 06:30:08,345 [DEBUG] Decoded IPA frame: proto=0xff, payload_len=9, consumed=12, payload_hex: 808000051003000005
2026-06-29 06:30:08,345 [DEBUG] OML message: 808000051003000005
2026-06-29 06:30:08,345 [INFO] BTS 4248/0/0: SW_ACTIVATED_REP (OC=0x03, INST=000005)
2026-06-29 06:30:08,345 [DEBUG] Decoded IPA frame: proto=0xff, payload_len=17, consumed=20, payload_hex: 8080000d61030000052401070001050401
2026-06-29 06:30:08,345 [DEBUG] OML message: 8080000d61030000052401070001050401
2026-06-29 06:30:08,345 [DEBUG] BTS 4248/0/0: State Changed Event Report (OC=0x03)
2026-06-29 06:30:08,345 [DEBUG] Decoded IPA frame: proto=0xff, payload_len=9, consumed=12, payload_hex: 808000051003000006
2026-06-29 06:30:08,345 [DEBUG] OML message: 808000051003000006
2026-06-29 06:30:08,345 [INFO] BTS 4248/0/0: SW_ACTIVATED_REP (OC=0x03, INST=000006)
2026-06-29 06:30:08,345 [DEBUG] Decoded IPA frame: proto=0xff, payload_len=17, consumed=20, payload_hex: 8080000d61030000062401070001050401
2026-06-29 06:30:08,345 [DEBUG] OML message: 8080000d61030000062401070001050401
2026-06-29 06:30:08,345 [DEBUG] BTS 4248/0/0: State Changed Event Report (OC=0x03)
2026-06-29 06:30:08,345 [DEBUG] Decoded IPA frame: proto=0xff, payload_len=9, consumed=12, payload_hex: 808000051003000007
2026-06-29 06:30:08,345 [DEBUG] OML message: 808000051003000007
2026-06-29 06:30:08,345 [INFO] BTS 4248/0/0: SW_ACTIVATED_REP (OC=0x03, INST=000007)
2026-06-29 06:30:08,345 [DEBUG] Decoded IPA frame: proto=0xff, payload_len=17, consumed=20, payload_hex: 8080000d61030000072401070001050401
2026-06-29 06:30:08,345 [DEBUG] OML message: 8080000d61030000072401070001050401
2026-06-29 06:30:08,345 [DEBUG] BTS 4248/0/0: State Changed Event Report (OC=0x03)
2026-06-29 06:30:08,345 [DEBUG] Decoded IPA frame: proto=0xff, payload_len=65, consumed=68, payload_hex: 8080003d420100ffff19f8fafcfeffff18010e00020104331e2424a83421a81f3f2500010a0c0a0b012a5a2b03e80a0a230a080038093f99000709f10700010000
2026-06-29 06:30:08,345 [DEBUG] OML message: 8080003d420100ffff19f8fafcfeffff18010e00020104331e2424a83421a81f3f2500010a0c0a0b012a5a2b03e80a0a230a080038093f99000709f10700010000
2026-06-29 06:30:08,345 [INFO] BTS 4248/0/0: SET_BTS_ATTR_ACK received
2026-06-29 06:30:08,345 [DEBUG] Decoded IPA frame: proto=0xff, payload_len=14, consumed=17, payload_hex: 8080000a45020000ff0500020038
2026-06-29 06:30:08,345 [DEBUG] OML message: 8080000a45020000ff0500020038
2026-06-29 06:30:08,345 [INFO] BTS 4248/0/0: SET_RADIO_ATTR_ACK received
2026-06-29 06:30:08,345 [DEBUG] Decoded IPA frame: proto=0xff, payload_len=13, consumed=16, payload_hex: 8080000948030000000d054007
2026-06-29 06:30:08,345 [DEBUG] OML message: 8080000948030000000d054007
2026-06-29 06:30:08,345 [INFO] BTS 4248/0/0: SET_CHAN_ATTR_ACK (standard) [1/8]
2026-06-29 06:30:08,345 [DEBUG] Decoded IPA frame: proto=0xff, payload_len=13, consumed=16, payload_hex: 8080000948030000010d034007
2026-06-29 06:30:08,346 [DEBUG] OML message: 8080000948030000010d034007
2026-06-29 06:30:08,346 [INFO] BTS 4248/0/0: SET_CHAN_ATTR_ACK (standard) [2/8]
2026-06-29 06:30:08,346 [DEBUG] Decoded IPA frame: proto=0xff, payload_len=13, consumed=16, payload_hex: 8080000948030000020d004007
2026-06-29 06:30:08,346 [DEBUG] OML message: 8080000948030000020d004007
2026-06-29 06:30:08,346 [INFO] BTS 4248/0/0: SET_CHAN_ATTR_ACK (standard) [3/8]
2026-06-29 06:30:08,346 [DEBUG] Decoded IPA frame: proto=0xff, payload_len=13, consumed=16, payload_hex: 8080000948030000030d014007
2026-06-29 06:30:08,346 [DEBUG] OML message: 8080000948030000030d014007
2026-06-29 06:30:08,346 [INFO] BTS 4248/0/0: SET_CHAN_ATTR_ACK (standard) [4/8]
2026-06-29 06:30:08,346 [DEBUG] Decoded IPA frame: proto=0xff, payload_len=13, consumed=16, payload_hex: 8080000948030000040d004007
2026-06-29 06:30:08,346 [DEBUG] OML message: 8080000948030000040d004007
2026-06-29 06:30:08,346 [INFO] BTS 4248/0/0: SET_CHAN_ATTR_ACK (standard) [5/8]
2026-06-29 06:30:08,346 [DEBUG] Decoded IPA frame: proto=0xff, payload_len=13, consumed=16, payload_hex: 8080000948030000050d004007
2026-06-29 06:30:08,346 [DEBUG] OML message: 8080000948030000050d004007
2026-06-29 06:30:08,346 [INFO] BTS 4248/0/0: SET_CHAN_ATTR_ACK (standard) [6/8]
2026-06-29 06:30:08,346 [DEBUG] Decoded IPA frame: proto=0xff, payload_len=13, consumed=16, payload_hex: 8080000948030000060d004007
2026-06-29 06:30:08,346 [DEBUG] OML message: 8080000948030000060d004007
2026-06-29 06:30:08,346 [INFO] BTS 4248/0/0: SET_CHAN_ATTR_ACK (standard) [7/8]
2026-06-29 06:30:08,346 [DEBUG] Decoded IPA frame: proto=0xff, payload_len=13, consumed=16, payload_hex: 8080000948030000070d004007
2026-06-29 06:30:08,346 [DEBUG] OML message: 8080000948030000070d004007
2026-06-29 06:30:08,346 [INFO] BTS 4248/0/0: SET_CHAN_ATTR_ACK (standard) [8/8]
2026-06-29 06:30:08,346 [INFO] BTS 4248/0/0: All attributes configured, sending OPSTART commands
2026-06-29 06:30:08,346 [DEBUG] Sending OML message (9 bytes)
2026-06-29 06:30:08,346 [DEBUG] Sending 12 bytes to BTS 4248/0/0
2026-06-29 06:30:08,346 [INFO] BTS 4248/0/0: Sent OPSTART for BTS
2026-06-29 06:30:08,346 [DEBUG] Sending OML message (9 bytes)
2026-06-29 06:30:08,346 [DEBUG] Sending 12 bytes to BTS 4248/0/0
2026-06-29 06:30:08,346 [INFO] BTS 4248/0/0: Sent OPSTART for RADIO-CARRIER
2026-06-29 06:30:08,346 [DEBUG] Sending OML message (9 bytes)
2026-06-29 06:30:08,346 [DEBUG] Sending 12 bytes to BTS 4248/0/0
2026-06-29 06:30:08,346 [INFO] BTS 4248/0/0: Sent OPSTART for CHANNEL TS0
2026-06-29 06:30:08,346 [DEBUG] Sending OML message (9 bytes)
2026-06-29 06:30:08,346 [DEBUG] Sending 12 bytes to BTS 4248/0/0
2026-06-29 06:30:08,346 [INFO] BTS 4248/0/0: Sent OPSTART for CHANNEL TS1
2026-06-29 06:30:08,346 [DEBUG] Sending OML message (9 bytes)
2026-06-29 06:30:08,346 [DEBUG] Sending 12 bytes to BTS 4248/0/0
2026-06-29 06:30:08,346 [INFO] BTS 4248/0/0: Sent OPSTART for CHANNEL TS2
2026-06-29 06:30:08,346 [DEBUG] Sending OML message (9 bytes)
2026-06-29 06:30:08,346 [DEBUG] Sending 12 bytes to BTS 4248/0/0
2026-06-29 06:30:08,346 [INFO] BTS 4248/0/0: Sent OPSTART for CHANNEL TS3
2026-06-29 06:30:08,346 [DEBUG] Sending OML message (9 bytes)
2026-06-29 06:30:08,346 [DEBUG] Sending 12 bytes to BTS 4248/0/0
2026-06-29 06:30:08,346 [INFO] BTS 4248/0/0: Sent OPSTART for CHANNEL TS4
2026-06-29 06:30:08,346 [DEBUG] Sending OML message (9 bytes)
2026-06-29 06:30:08,346 [DEBUG] Sending 12 bytes to BTS 4248/0/0
2026-06-29 06:30:08,346 [INFO] BTS 4248/0/0: Sent OPSTART for CHANNEL TS5
2026-06-29 06:30:08,346 [DEBUG] Sending OML message (9 bytes)
2026-06-29 06:30:08,346 [DEBUG] Sending 12 bytes to BTS 4248/0/0
2026-06-29 06:30:08,346 [INFO] BTS 4248/0/0: Sent OPSTART for CHANNEL TS6
2026-06-29 06:30:08,346 [DEBUG] Sending OML message (9 bytes)
2026-06-29 06:30:08,346 [DEBUG] Sending 12 bytes to BTS 4248/0/0
2026-06-29 06:30:08,346 [INFO] BTS 4248/0/0: Sent OPSTART for CHANNEL TS7
2026-06-29 06:30:08,346 [DEBUG] Incomplete frame, buffer size: 0, buffer_hex: 
2026-06-29 06:30:08,347 [DEBUG] Received 317 bytes from BTS
2026-06-29 06:30:08,347 [DEBUG] Decoded IPA frame: proto=0xff, payload_len=14, consumed=17, payload_hex: 8080000a45020000ff0500020038
2026-06-29 06:30:08,347 [DEBUG] OML message: 8080000a45020000ff0500020038
2026-06-29 06:30:08,347 [INFO] BTS 4248/0/0: SET_RADIO_ATTR_ACK received
2026-06-29 06:30:08,347 [DEBUG] Decoded IPA frame: proto=0xff, payload_len=9, consumed=12, payload_hex: 80800005750100ffff
2026-06-29 06:30:08,347 [DEBUG] OML message: 80800005750100ffff
2026-06-29 06:30:08,347 [INFO] BTS 4248/0/0: OPSTART_ACK received (OC=0x01)
2026-06-29 06:30:08,347 [INFO] BTS 4248/0/0: BTS OPSTART_ACK received, triggering RSL init
2026-06-29 06:30:08,347 [INFO] BTS 4248/0/0: Core objects operational, sending IPACC_RSL_CONNECT
2026-06-29 06:30:08,347 [INFO] BTS 4248/0/0: Sent IPACC_RSL_CONNECT (31 bytes): 00 1c ff 10 80 00 0a 0d 63 6f 6d 2e 69 70 61 63 63 65 73 73 00 e0 04 00 00 ff 85 00 81 0b bb
2026-06-29 06:30:08,347 [DEBUG] Sending 31 bytes to BTS 4248/0/0
2026-06-29 06:30:08,347 [DEBUG] Sending 12 bytes to BTS 4248/0/0
2026-06-29 06:30:08,347 [INFO] BTS 4248/0/0: Sent BASEBAND-TRANSCEIVER OPSTART (12 bytes)
2026-06-29 06:30:08,347 [DEBUG] Decoded IPA frame: proto=0xff, payload_len=17, consumed=20, payload_hex: 8080000d610100ffff2402070001ff0401
2026-06-29 06:30:08,347 [DEBUG] OML message: 8080000d610100ffff2402070001ff0401
2026-06-29 06:30:08,347 [DEBUG] BTS 4248/0/0: State Changed Event Report (OC=0x01)
2026-06-29 06:30:08,347 [DEBUG] Decoded IPA frame: proto=0xff, payload_len=9, consumed=12, payload_hex: 8080000575020000ff
2026-06-29 06:30:08,347 [DEBUG] OML message: 8080000575020000ff
2026-06-29 06:30:08,347 [INFO] BTS 4248/0/0: OPSTART_ACK received (OC=0x02)
2026-06-29 06:30:08,347 [INFO] BTS 4248/0/0: RADIO-CARRIER operational
2026-06-29 06:30:08,347 [DEBUG] Decoded IPA frame: proto=0xff, payload_len=9, consumed=12, payload_hex: 808000057503000000
2026-06-29 06:30:08,347 [DEBUG] OML message: 808000057503000000
2026-06-29 06:30:08,347 [INFO] BTS 4248/0/0: OPSTART_ACK received (OC=0x03)
2026-06-29 06:30:08,347 [INFO] BTS 4248/0/0: CHANNEL TS0 OPSTART_ACK - sending CHG_ADM_STATE UNLOCKED
2026-06-29 06:30:08,347 [DEBUG] Sending OML message (11 bytes)
2026-06-29 06:30:08,347 [DEBUG] Sending 14 bytes to BTS 4248/0/0
2026-06-29 06:30:08,347 [DEBUG] Decoded IPA frame: proto=0xff, payload_len=17, consumed=20, payload_hex: 8080000d61030000002402070001ff0401
2026-06-29 06:30:08,347 [DEBUG] OML message: 8080000d61030000002402070001ff0401
2026-06-29 06:30:08,347 [INFO] New RSL connection from ('10.42.0.212', 36383)
2026-06-29 06:30:08,347 [DEBUG] BTS 4248/0/0: State Changed Event Report (OC=0x03)
2026-06-29 06:30:08,348 [DEBUG] Decoded IPA frame: proto=0xff, payload_len=9, consumed=12, payload_hex: 808000057503000001
2026-06-29 06:30:08,348 [DEBUG] OML message: 808000057503000001
2026-06-29 06:30:08,348 [INFO] [RSL] BTS connection from ('10.42.0.212', 36383)
2026-06-29 06:30:08,348 [INFO] BTS 4248/0/0: OPSTART_ACK received (OC=0x03)
2026-06-29 06:30:08,348 [DEBUG] Sending ID_GET: 0011fe0401080107010201030104010501010100
2026-06-29 06:30:08,348 [INFO] BTS 4248/0/0: CHANNEL TS1 OPSTART_ACK - sending CHG_ADM_STATE UNLOCKED
2026-06-29 06:30:08,348 [DEBUG] Sending OML message (11 bytes)
2026-06-29 06:30:08,348 [DEBUG] Sending 14 bytes to BTS 4248/0/0
2026-06-29 06:30:08,348 [DEBUG] ID_GET sent (20 bytes)
2026-06-29 06:30:08,348 [INFO] Entering receive loop, waiting for messages from BTS...
2026-06-29 06:30:08,348 [DEBUG] Decoded IPA frame: proto=0xff, payload_len=17, consumed=20, payload_hex: 8080000d61030000012402070001ff0401
2026-06-29 06:30:08,348 [DEBUG] OML message: 8080000d61030000012402070001ff0401
2026-06-29 06:30:08,348 [DEBUG] BTS 4248/0/0: State Changed Event Report (OC=0x03)
2026-06-29 06:30:08,348 [DEBUG] Decoded IPA frame: proto=0xff, payload_len=9, consumed=12, payload_hex: 808000057503000002
2026-06-29 06:30:08,348 [DEBUG] OML message: 808000057503000002
2026-06-29 06:30:08,348 [INFO] BTS 4248/0/0: OPSTART_ACK received (OC=0x03)
2026-06-29 06:30:08,348 [INFO] BTS 4248/0/0: CHANNEL TS2 OPSTART_ACK - sending CHG_ADM_STATE UNLOCKED
2026-06-29 06:30:08,348 [DEBUG] Sending OML message (11 bytes)
2026-06-29 06:30:08,348 [DEBUG] Sending 14 bytes to BTS 4248/0/0
2026-06-29 06:30:08,348 [DEBUG] Received 91 bytes from BTS
2026-06-29 06:30:08,348 [DEBUG] Decoded IPA frame: proto=0xfe, payload_len=88, consumed=91, payload_hex: 05000a08343234382f302f300000130732363a36643a31623a64333a64613a34660000020200000a036f736d6f2d6274730000020400001005312e31312e302e32332d6234666600000a016f736d6f2d6274730000020000
2026-06-29 06:30:08,349 [DEBUG] CCM message: 05000a08343234382f302f300000130732363a36643a31623a64333a64613a34660000020200000a036f736d6f2d6274730000020400001005312e31312e302e32332d6234666600000a016f736d6f2d6274730000020000
2026-06-29 06:30:08,349 [INFO] BTS identified: 4248/0/0
2026-06-29 06:30:08,349 [DEBUG] Sending 4 bytes to BTS 4248/0/0
2026-06-29 06:30:08,349 [DEBUG] Decoded IPA frame: proto=0xff, payload_len=17, consumed=20, payload_hex: 8080000d61030000022402070001ff0401
2026-06-29 06:30:08,349 [DEBUG] OML message: 8080000d61030000022402070001ff0401
2026-06-29 06:30:08,349 [DEBUG] BTS 4248/0/0: State Changed Event Report (OC=0x03)
2026-06-29 06:30:08,349 [DEBUG] Decoded IPA frame: proto=0xff, payload_len=9, consumed=12, payload_hex: 808000057503000003
2026-06-29 06:30:08,349 [INFO] BTS 4248/0/0 RSL connected (IPA identified)
2026-06-29 06:30:08,349 [DEBUG] OML message: 808000057503000003
2026-06-29 06:30:08,349 [INFO] BTS 4248/0/0 RSL link established, sending all SI messages
2026-06-29 06:30:08,349 [INFO] BTS 4248/0/0: OPSTART_ACK received (OC=0x03)
2026-06-29 06:30:08,349 [INFO] BTS 4248/0/0: SI1 sent (23 bytes)
2026-06-29 06:30:08,349 [INFO] BTS 4248/0/0: CHANNEL TS3 OPSTART_ACK - sending CHG_ADM_STATE UNLOCKED
2026-06-29 06:30:08,349 [DEBUG] Sending OML message (11 bytes)
2026-06-29 06:30:08,349 [DEBUG] Sending 14 bytes to BTS 4248/0/0
2026-06-29 06:30:08,349 [DEBUG] Decoded IPA frame: proto=0xff, payload_len=17, consumed=20, payload_hex: 8080000d61030000032402070001ff0401
2026-06-29 06:30:08,349 [DEBUG] OML message: 8080000d61030000032402070001ff0401
2026-06-29 06:30:08,349 [DEBUG] BTS 4248/0/0: State Changed Event Report (OC=0x03)
2026-06-29 06:30:08,349 [DEBUG] Decoded IPA frame: proto=0xff, payload_len=9, consumed=12, payload_hex: 808000057503000004
2026-06-29 06:30:08,349 [DEBUG] OML message: 808000057503000004
2026-06-29 06:30:08,349 [INFO] BTS 4248/0/0: OPSTART_ACK received (OC=0x03)
2026-06-29 06:30:08,349 [INFO] BTS 4248/0/0: CHANNEL TS4 OPSTART_ACK - sending CHG_ADM_STATE UNLOCKED
2026-06-29 06:30:08,349 [DEBUG] Sending OML message (11 bytes)
2026-06-29 06:30:08,349 [DEBUG] Sending 14 bytes to BTS 4248/0/0
2026-06-29 06:30:08,350 [DEBUG] Decoded IPA frame: proto=0xff, payload_len=17, consumed=20, payload_hex: 8080000d61030000042402070001ff0401
2026-06-29 06:30:08,350 [DEBUG] OML message: 8080000d61030000042402070001ff0401
2026-06-29 06:30:08,350 [DEBUG] BTS 4248/0/0: State Changed Event Report (OC=0x03)
2026-06-29 06:30:08,350 [DEBUG] Decoded IPA frame: proto=0xff, payload_len=9, consumed=12, payload_hex: 808000057503000005
2026-06-29 06:30:08,350 [DEBUG] OML message: 808000057503000005
2026-06-29 06:30:08,350 [INFO] BTS 4248/0/0: OPSTART_ACK received (OC=0x03)
2026-06-29 06:30:08,350 [INFO] BTS 4248/0/0: CHANNEL TS5 OPSTART_ACK - sending CHG_ADM_STATE UNLOCKED
2026-06-29 06:30:08,350 [DEBUG] Sending OML message (11 bytes)
2026-06-29 06:30:08,350 [DEBUG] Sending 14 bytes to BTS 4248/0/0
2026-06-29 06:30:08,350 [DEBUG] Decoded IPA frame: proto=0xff, payload_len=17, consumed=20, payload_hex: 8080000d61030000052402070001ff0401
2026-06-29 06:30:08,350 [DEBUG] OML message: 8080000d61030000052402070001ff0401
2026-06-29 06:30:08,350 [DEBUG] BTS 4248/0/0: State Changed Event Report (OC=0x03)
2026-06-29 06:30:08,350 [DEBUG] Decoded IPA frame: proto=0xff, payload_len=9, consumed=12, payload_hex: 808000057503000006
2026-06-29 06:30:08,350 [DEBUG] OML message: 808000057503000006
2026-06-29 06:30:08,350 [INFO] BTS 4248/0/0: OPSTART_ACK received (OC=0x03)
2026-06-29 06:30:08,350 [INFO] BTS 4248/0/0: CHANNEL TS6 OPSTART_ACK - sending CHG_ADM_STATE UNLOCKED
2026-06-29 06:30:08,350 [DEBUG] Sending OML message (11 bytes)
2026-06-29 06:30:08,350 [DEBUG] Sending 14 bytes to BTS 4248/0/0
2026-06-29 06:30:08,350 [DEBUG] Decoded IPA frame: proto=0xff, payload_len=17, consumed=20, payload_hex: 8080000d61030000062402070001ff0401
2026-06-29 06:30:08,350 [DEBUG] OML message: 8080000d61030000062402070001ff0401
2026-06-29 06:30:08,350 [DEBUG] BTS 4248/0/0: State Changed Event Report (OC=0x03)
2026-06-29 06:30:08,350 [DEBUG] Decoded IPA frame: proto=0xff, payload_len=9, consumed=12, payload_hex: 808000057503000007
2026-06-29 06:30:08,350 [DEBUG] OML message: 808000057503000007
2026-06-29 06:30:08,350 [INFO] BTS 4248/0/0: OPSTART_ACK received (OC=0x03)
2026-06-29 06:30:08,350 [INFO] BTS 4248/0/0: CHANNEL TS7 OPSTART_ACK - sending CHG_ADM_STATE UNLOCKED
2026-06-29 06:30:08,350 [DEBUG] Sending OML message (11 bytes)
2026-06-29 06:30:08,350 [DEBUG] Sending 14 bytes to BTS 4248/0/0
2026-06-29 06:30:08,350 [DEBUG] Decoded IPA frame: proto=0xff, payload_len=17, consumed=20, payload_hex: 8080000d61030000072402070001ff0401
2026-06-29 06:30:08,350 [DEBUG] OML message: 8080000d61030000072402070001ff0401
2026-06-29 06:30:08,350 [DEBUG] BTS 4248/0/0: State Changed Event Report (OC=0x03)
2026-06-29 06:30:08,350 [DEBUG] Incomplete frame, buffer size: 0, buffer_hex: 
2026-06-29 06:30:08,350 [DEBUG] Received 360 bytes from BTS
2026-06-29 06:30:08,350 [DEBUG] Decoded IPA frame: proto=0xff, payload_len=33, consumed=36, payload_hex: 1080000f0d636f6d2e697061636365737300e1040000ff8500810bbb800a2a00d2
2026-06-29 06:30:08,350 [DEBUG] OML message: 1080000f0d636f6d2e697061636365737300e1040000ff8500810bbb800a2a00d2
2026-06-29 06:30:08,350 [DEBUG] BTS 4248/0/0: OML msg_type=0x0d
2026-06-29 06:30:08,350 [DEBUG] Decoded IPA frame: proto=0xff, payload_len=9, consumed=12, payload_hex: 8080000575040000ff
2026-06-29 06:30:08,350 [DEBUG] OML message: 8080000575040000ff
2026-06-29 06:30:08,350 [INFO] BTS 4248/0/0: OPSTART_ACK received (OC=0x04)
2026-06-29 06:30:08,350 [INFO] BTS 4248/0/0: BASEBAND-TRANSCEIVER object OPSTART_ACK
2026-06-29 06:30:08,350 [DEBUG] Decoded IPA frame: proto=0xff, payload_len=11, consumed=14, payload_hex: 808000076a030000000402
2026-06-29 06:30:08,350 [DEBUG] OML message: 808000076a030000000402
2026-06-29 06:30:08,350 [INFO] BTS 4248/0/0: CHG_ADM_STATE_ACK received (OC=0x03)
2026-06-29 06:30:08,350 [DEBUG] Decoded IPA frame: proto=0xff, payload_len=17, consumed=20, payload_hex: 8080000d61030000002402070001ff0402
2026-06-29 06:30:08,350 [DEBUG] OML message: 8080000d61030000002402070001ff0402
2026-06-29 06:30:08,350 [DEBUG] BTS 4248/0/0: State Changed Event Report (OC=0x03)
2026-06-29 06:30:08,350 [DEBUG] Decoded IPA frame: proto=0xff, payload_len=17, consumed=20, payload_hex: 8080000d61020000ff2402070001ff0401
2026-06-29 06:30:08,350 [DEBUG] OML message: 8080000d61020000ff2402070001ff0401
2026-06-29 06:30:08,350 [DEBUG] BTS 4248/0/0: State Changed Event Report (OC=0x02)
2026-06-29 06:30:08,350 [DEBUG] Decoded IPA frame: proto=0xff, payload_len=17, consumed=20, payload_hex: 8080000d61040000ff2402070001ff0401
2026-06-29 06:30:08,350 [DEBUG] OML message: 8080000d61040000ff2402070001ff0401
2026-06-29 06:30:08,350 [DEBUG] BTS 4248/0/0: State Changed Event Report (OC=0x04)
2026-06-29 06:30:08,350 [DEBUG] Decoded IPA frame: proto=0xff, payload_len=11, consumed=14, payload_hex: 808000076a030000010402
2026-06-29 06:30:08,350 [DEBUG] OML message: 808000076a030000010402
2026-06-29 06:30:08,350 [INFO] BTS 4248/0/0: CHG_ADM_STATE_ACK received (OC=0x03)
2026-06-29 06:30:08,351 [DEBUG] Decoded IPA frame: proto=0xff, payload_len=17, consumed=20, payload_hex: 8080000d61030000012402070001ff0402
2026-06-29 06:30:08,351 [DEBUG] OML message: 8080000d61030000012402070001ff0402
2026-06-29 06:30:08,351 [DEBUG] BTS 4248/0/0: State Changed Event Report (OC=0x03)
2026-06-29 06:30:08,351 [DEBUG] Decoded IPA frame: proto=0xff, payload_len=11, consumed=14, payload_hex: 808000076a030000020402
2026-06-29 06:30:08,351 [DEBUG] OML message: 808000076a030000020402
2026-06-29 06:30:08,351 [INFO] BTS 4248/0/0: CHG_ADM_STATE_ACK received (OC=0x03)
2026-06-29 06:30:08,351 [DEBUG] Decoded IPA frame: proto=0xff, payload_len=17, consumed=20, payload_hex: 8080000d61030000022402070001ff0402
2026-06-29 06:30:08,351 [DEBUG] OML message: 8080000d61030000022402070001ff0402
2026-06-29 06:30:08,351 [DEBUG] BTS 4248/0/0: State Changed Event Report (OC=0x03)
2026-06-29 06:30:08,351 [DEBUG] Decoded IPA frame: proto=0xff, payload_len=11, consumed=14, payload_hex: 808000076a030000030402
2026-06-29 06:30:08,351 [DEBUG] OML message: 808000076a030000030402
2026-06-29 06:30:08,351 [INFO] BTS 4248/0/0: CHG_ADM_STATE_ACK received (OC=0x03)
2026-06-29 06:30:08,351 [DEBUG] Decoded IPA frame: proto=0xff, payload_len=17, consumed=20, payload_hex: 8080000d61030000032402070001ff0402
2026-06-29 06:30:08,351 [DEBUG] OML message: 8080000d61030000032402070001ff0402
2026-06-29 06:30:08,351 [DEBUG] BTS 4248/0/0: State Changed Event Report (OC=0x03)
2026-06-29 06:30:08,351 [DEBUG] Decoded IPA frame: proto=0xff, payload_len=11, consumed=14, payload_hex: 808000076a030000040402
2026-06-29 06:30:08,351 [DEBUG] OML message: 808000076a030000040402
2026-06-29 06:30:08,351 [INFO] BTS 4248/0/0: CHG_ADM_STATE_ACK received (OC=0x03)
2026-06-29 06:30:08,351 [DEBUG] Decoded IPA frame: proto=0xff, payload_len=17, consumed=20, payload_hex: 8080000d61030000042402070001ff0402
2026-06-29 06:30:08,351 [DEBUG] OML message: 8080000d61030000042402070001ff0402
2026-06-29 06:30:08,351 [DEBUG] BTS 4248/0/0: State Changed Event Report (OC=0x03)
2026-06-29 06:30:08,351 [DEBUG] Decoded IPA frame: proto=0xff, payload_len=11, consumed=14, payload_hex: 808000076a030000050402
2026-06-29 06:30:08,351 [DEBUG] OML message: 808000076a030000050402
2026-06-29 06:30:08,351 [INFO] BTS 4248/0/0: CHG_ADM_STATE_ACK received (OC=0x03)
2026-06-29 06:30:08,351 [DEBUG] Decoded IPA frame: proto=0xff, payload_len=17, consumed=20, payload_hex: 8080000d61030000052402070001ff0402
2026-06-29 06:30:08,351 [DEBUG] OML message: 8080000d61030000052402070001ff0402
2026-06-29 06:30:08,351 [DEBUG] BTS 4248/0/0: State Changed Event Report (OC=0x03)
2026-06-29 06:30:08,351 [DEBUG] Decoded IPA frame: proto=0xff, payload_len=11, consumed=14, payload_hex: 808000076a030000060402
2026-06-29 06:30:08,351 [DEBUG] OML message: 808000076a030000060402
2026-06-29 06:30:08,351 [INFO] BTS 4248/0/0: CHG_ADM_STATE_ACK received (OC=0x03)
2026-06-29 06:30:08,351 [DEBUG] Decoded IPA frame: proto=0xff, payload_len=17, consumed=20, payload_hex: 8080000d61030000062402070001ff0402
2026-06-29 06:30:08,351 [DEBUG] OML message: 8080000d61030000062402070001ff0402
2026-06-29 06:30:08,351 [DEBUG] BTS 4248/0/0: State Changed Event Report (OC=0x03)
2026-06-29 06:30:08,351 [DEBUG] Decoded IPA frame: proto=0xff, payload_len=11, consumed=14, payload_hex: 808000076a030000070402
2026-06-29 06:30:08,351 [DEBUG] OML message: 808000076a030000070402
2026-06-29 06:30:08,351 [INFO] BTS 4248/0/0: CHG_ADM_STATE_ACK received (OC=0x03)
2026-06-29 06:30:08,351 [DEBUG] Decoded IPA frame: proto=0xff, payload_len=17, consumed=20, payload_hex: 8080000d61030000072402070001ff0402
2026-06-29 06:30:08,351 [DEBUG] OML message: 8080000d61030000072402070001ff0402
2026-06-29 06:30:08,351 [DEBUG] BTS 4248/0/0: State Changed Event Report (OC=0x03)
2026-06-29 06:30:08,351 [DEBUG] Incomplete frame, buffer size: 0, buffer_hex: 
2026-06-29 06:30:08,352 [INFO] BTS 4248/0/0: SI2 sent (23 bytes)
2026-06-29 06:30:08,352 [INFO] BTS 4248/0/0: SI3 sent (23 bytes, LAC=4242)
2026-06-29 06:30:08,352 [INFO] BTS 4248/0/0: SI4 sent (23 bytes, LAC=4242)
2026-06-29 06:30:08,352 [INFO] BTS 4248/0/0: All BCCH SI messages sent successfully (SI1-SI4)
2026-06-29 06:30:08,352 [DEBUG] Buffered event BTS_READY (total buffered: 4)
2026-06-29 06:30:08,352 [DEBUG] Incomplete frame, buffer size: 0, buffer_hex: 
2026-06-29 06:30:08,352 [DEBUG] Received 11 bytes from BTS
2026-06-29 06:30:08,352 [DEBUG] Decoded IPA frame: proto=0xfe, payload_len=1, consumed=4, payload_hex: 06
2026-06-29 06:30:08,352 [DEBUG] CCM message: 06
2026-06-29 06:30:08,352 [DEBUG] Decoded IPA frame: proto=0x00, payload_len=4, consumed=7, payload_hex: 10191500
2026-06-29 06:30:08,352 [DEBUG] RSL message: 10191500
2026-06-29 06:30:08,352 [DEBUG] RSL discriminator: 0x10, message type: 0x19, payload: 10191500
2026-06-29 06:30:08,352 [DEBUG] Incomplete frame, buffer size: 0, buffer_hex: 
2026-06-29 06:30:08,507 [DEBUG] Received 10 bytes from BTS
2026-06-29 06:30:08,508 [DEBUG] Decoded IPA frame: proto=0x00, payload_len=7, consumed=10, payload_hex: 0c1201900fffff
2026-06-29 06:30:08,508 [DEBUG] RSL message: 0c1201900fffff
2026-06-29 06:30:08,508 [DEBUG] RSL discriminator: 0x0c, message type: 0x12, payload: 0c1201900fffff
2026-06-29 06:30:08,508 [DEBUG] Incomplete frame, buffer size: 0, buffer_hex: 
2026-06-29 06:30:09,349 [DEBUG] Received 10 bytes from BTS
2026-06-29 06:30:09,349 [DEBUG] Decoded IPA frame: proto=0x00, payload_len=7, consumed=10, payload_hex: 0c1201900fffff
2026-06-29 06:30:09,349 [DEBUG] RSL message: 0c1201900fffff
2026-06-29 06:30:09,349 [DEBUG] RSL discriminator: 0x0c, message type: 0x12, payload: 0c1201900fffff
2026-06-29 06:30:09,349 [DEBUG] Incomplete frame, buffer size: 0, buffer_hex: 
2026-06-29 06:30:09,508 [DEBUG] Received 10 bytes from BTS
2026-06-29 06:30:09,508 [DEBUG] Decoded IPA frame: proto=0x00, payload_len=7, consumed=10, payload_hex: 0c1201900fffff
2026-06-29 06:30:09,508 [DEBUG] RSL message: 0c1201900fffff
2026-06-29 06:30:09,508 [DEBUG] RSL discriminator: 0x0c, message type: 0x12, payload: 0c1201900fffff
2026-06-29 06:30:09,508 [DEBUG] Incomplete frame, buffer size: 0, buffer_hex: 
2026-06-29 06:30:09,568 [INFO] Control Client connected from ('10.42.0.1', 48258)
2026-06-29 06:30:09,568 [INFO] handle_client: Starting, client socket: 11
2026-06-29 06:30:09,568 [INFO] handle_client: WELCOME sent
2026-06-29 06:30:09,620 [INFO] Replaying 4 buffered event(s)
2026-06-29 06:30:09,620 [WARNING] Failed to replay event 1: [Errno 32] Broken pipe
2026-06-29 06:30:09,620 [WARNING] Failed to replay event 2: [Errno 32] Broken pipe
2026-06-29 06:30:09,620 [WARNING] Failed to replay event 3: [Errno 32] Broken pipe
2026-06-29 06:30:09,620 [WARNING] Failed to replay event 4: [Errno 32] Broken pipe
2026-06-29 06:30:09,620 [INFO] handle_client: Entering receive loop
2026-06-29 06:30:09,620 [INFO] handle_client: Received empty data, client closed connection
2026-06-29 06:30:09,620 [INFO] Control Client disconnected
2026-06-29 06:30:09,629 [DEBUG] Received 13 bytes from BTS
2026-06-29 06:30:09,629 [DEBUG] Decoded IPA frame: proto=0x00, payload_len=10, consumed=13, payload_hex: 0c130188130802ad1100
2026-06-29 06:30:09,629 [DEBUG] RSL message: 0c130188130802ad1100
2026-06-29 06:30:09,629 [DEBUG] RSL discriminator: 0x0c, message type: 0x13, payload: 0c130188130802ad1100
2026-06-29 06:30:09,629 [INFO] BTS 4242/0/0: CHAN_RQD received - RA=8, FN=559, payload: 0c130188130802ad1100
2026-06-29 06:30:09,629 [INFO] CHAN_RQD: RA=8 FN=559 BTS=4242/0/0
2026-06-29 06:30:09,629 [INFO] DEBUG: auto_respond=False
2026-06-29 06:30:09,629 [INFO] Sending CHAN_RQD event to control server: RA=8, FN_enc=685
2026-06-29 06:30:09,629 [DEBUG] Buffered event CHAN_RQD (total buffered: 5)
2026-06-29 06:30:09,629 [DEBUG] Incomplete frame, buffer size: 0, buffer_hex: 
2026-06-29 06:30:10,350 [DEBUG] Received 10 bytes from BTS
2026-06-29 06:30:10,350 [DEBUG] Decoded IPA frame: proto=0x00, payload_len=7, consumed=10, payload_hex: 0c1201900fffff
2026-06-29 06:30:10,351 [DEBUG] RSL message: 0c1201900fffff
2026-06-29 06:30:10,351 [DEBUG] RSL discriminator: 0x0c, message type: 0x12, payload: 0c1201900fffff
2026-06-29 06:30:10,351 [DEBUG] Incomplete frame, buffer size: 0, buffer_hex: 
2026-06-29 06:30:10,509 [DEBUG] Received 10 bytes from BTS
2026-06-29 06:30:10,509 [DEBUG] Decoded IPA frame: proto=0x00, payload_len=7, consumed=10, payload_hex: 0c1201900fffff
2026-06-29 06:30:10,509 [DEBUG] RSL message: 0c1201900fffff
2026-06-29 06:30:10,509 [DEBUG] RSL discriminator: 0x0c, message type: 0x12, payload: 0c1201900fffff
2026-06-29 06:30:10,509 [DEBUG] Incomplete frame, buffer size: 0, buffer_hex: 
2026-06-29 06:30:10,805 [DEBUG] Received 13 bytes from BTS
2026-06-29 06:30:10,805 [DEBUG] Decoded IPA frame: proto=0x00, payload_len=10, consumed=13, payload_hex: 0c130188130302c91100
2026-06-29 06:30:10,805 [DEBUG] RSL message: 0c130188130302c91100
2026-06-29 06:30:10,805 [DEBUG] RSL discriminator: 0x0c, message type: 0x13, payload: 0c130188130302c91100
2026-06-29 06:30:10,805 [INFO] BTS 4242/0/0: CHAN_RQD received - RA=3, FN=581, payload: 0c130188130302c91100
2026-06-29 06:30:10,805 [INFO] CHAN_RQD: RA=3 FN=581 BTS=4242/0/0
2026-06-29 06:30:10,805 [INFO] DEBUG: auto_respond=False
2026-06-29 06:30:10,805 [INFO] Sending CHAN_RQD event to control server: RA=3, FN_enc=713
2026-06-29 06:30:10,805 [DEBUG] Buffered event CHAN_RQD (total buffered: 6)
2026-06-29 06:30:10,805 [DEBUG] Incomplete frame, buffer size: 0, buffer_hex: 
2026-06-29 06:30:11,351 [DEBUG] Received 10 bytes from BTS
2026-06-29 06:30:11,351 [DEBUG] Decoded IPA frame: proto=0x00, payload_len=7, consumed=10, payload_hex: 0c1201900fffff
2026-06-29 06:30:11,351 [DEBUG] RSL message: 0c1201900fffff
2026-06-29 06:30:11,351 [DEBUG] RSL discriminator: 0x0c, message type: 0x12, payload: 0c1201900fffff
2026-06-29 06:30:11,351 [DEBUG] Incomplete frame, buffer size: 0, buffer_hex: 
2026-06-29 06:30:11,511 [DEBUG] Received 10 bytes from BTS
2026-06-29 06:30:11,511 [DEBUG] Decoded IPA frame: proto=0x00, payload_len=7, consumed=10, payload_hex: 0c1201900fffff
2026-06-29 06:30:11,511 [DEBUG] RSL message: 0c1201900fffff
2026-06-29 06:30:11,511 [DEBUG] RSL discriminator: 0x0c, message type: 0x12, payload: 0c1201900fffff
2026-06-29 06:30:11,512 [DEBUG] Incomplete frame, buffer size: 0, buffer_hex: 
2026-06-29 06:30:11,982 [DEBUG] Received 13 bytes from BTS
2026-06-29 06:30:11,982 [DEBUG] Decoded IPA frame: proto=0x00, payload_len=10, consumed=13, payload_hex: 0c130188130a02c41100
2026-06-29 06:30:11,982 [DEBUG] RSL message: 0c130188130a02c41100
2026-06-29 06:30:11,982 [DEBUG] RSL discriminator: 0x0c, message type: 0x13, payload: 0c130188130a02c41100
2026-06-29 06:30:11,982 [INFO] BTS 4242/0/0: CHAN_RQD received - RA=10, FN=576, payload: 0c130188130a02c41100
2026-06-29 06:30:11,982 [INFO] CHAN_RQD: RA=10 FN=576 BTS=4242/0/0
2026-06-29 06:30:11,982 [INFO] DEBUG: auto_respond=False
2026-06-29 06:30:11,982 [INFO] Sending CHAN_RQD event to control server: RA=10, FN_enc=708
2026-06-29 06:30:11,982 [DEBUG] Buffered event CHAN_RQD (total buffered: 7)
2026-06-29 06:30:11,982 [DEBUG] Incomplete frame, buffer size: 0, buffer_hex: 
2026-06-29 06:30:12,352 [DEBUG] Received 10 bytes from BTS
2026-06-29 06:30:12,352 [DEBUG] Decoded IPA frame: proto=0x00, payload_len=7, consumed=10, payload_hex: 0c1201900fffff
2026-06-29 06:30:12,352 [DEBUG] RSL message: 0c1201900fffff
2026-06-29 06:30:12,352 [DEBUG] RSL discriminator: 0x0c, message type: 0x12, payload: 0c1201900fffff
2026-06-29 06:30:12,352 [DEBUG] Incomplete frame, buffer size: 0, buffer_hex: 
2026-06-29 06:30:12,510 [DEBUG] Received 10 bytes from BTS
2026-06-29 06:30:12,510 [DEBUG] Decoded IPA frame: proto=0x00, payload_len=7, consumed=10, payload_hex: 0c1201900fffff
2026-06-29 06:30:12,510 [DEBUG] RSL message: 0c1201900fffff
2026-06-29 06:30:12,510 [DEBUG] RSL discriminator: 0x0c, message type: 0x12, payload: 0c1201900fffff
2026-06-29 06:30:12,511 [DEBUG] Incomplete frame, buffer size: 0, buffer_hex: 
2026-06-29 06:30:12,565 [INFO] Control Client connected from ('10.42.0.1', 45678)
2026-06-29 06:30:12,565 [INFO] handle_client: Starting, client socket: 7
2026-06-29 06:30:12,566 [INFO] handle_client: WELCOME sent
2026-06-29 06:30:12,616 [INFO] Replaying 7 buffered event(s)
2026-06-29 06:30:12,616 [WARNING] Failed to replay event 1: [Errno 32] Broken pipe
2026-06-29 06:30:12,616 [WARNING] Failed to replay event 2: [Errno 32] Broken pipe
2026-06-29 06:30:12,616 [WARNING] Failed to replay event 3: [Errno 32] Broken pipe
2026-06-29 06:30:12,616 [WARNING] Failed to replay event 4: [Errno 32] Broken pipe
2026-06-29 06:30:12,616 [WARNING] Failed to replay event 5: [Errno 32] Broken pipe
2026-06-29 06:30:12,616 [WARNING] Failed to replay event 6: [Errno 32] Broken pipe
2026-06-29 06:30:12,616 [WARNING] Failed to replay event 7: [Errno 32] Broken pipe
2026-06-29 06:30:12,616 [INFO] handle_client: Entering receive loop
2026-06-29 06:30:12,616 [INFO] handle_client: Received empty data, client closed connection
2026-06-29 06:30:12,616 [INFO] Control Client disconnected
2026-06-29 06:30:13,159 [DEBUG] Received 13 bytes from BTS
2026-06-29 06:30:13,159 [DEBUG] Decoded IPA frame: proto=0x00, payload_len=10, consumed=13, payload_hex: 0c130188130303c71100
2026-06-29 06:30:13,159 [DEBUG] RSL message: 0c130188130303c71100
2026-06-29 06:30:13,159 [DEBUG] RSL discriminator: 0x0c, message type: 0x13, payload: 0c130188130303c71100
2026-06-29 06:30:13,159 [INFO] BTS 4242/0/0: CHAN_RQD received - RA=3, FN=787, payload: 0c130188130303c71100
2026-06-29 06:30:13,159 [INFO] CHAN_RQD: RA=3 FN=787 BTS=4242/0/0
2026-06-29 06:30:13,159 [INFO] DEBUG: auto_respond=False
2026-06-29 06:30:13,159 [INFO] Sending CHAN_RQD event to control server: RA=3, FN_enc=967
2026-06-29 06:30:13,159 [DEBUG] Buffered event CHAN_RQD (total buffered: 8)
2026-06-29 06:30:13,159 [DEBUG] Incomplete frame, buffer size: 0, buffer_hex: 
2026-06-29 06:30:13,352 [DEBUG] Received 10 bytes from BTS
2026-06-29 06:30:13,353 [DEBUG] Decoded IPA frame: proto=0x00, payload_len=7, consumed=10, payload_hex: 0c1201900fffff
2026-06-29 06:30:13,353 [DEBUG] RSL message: 0c1201900fffff
2026-06-29 06:30:13,353 [DEBUG] RSL discriminator: 0x0c, message type: 0x12, payload: 0c1201900fffff
2026-06-29 06:30:13,353 [DEBUG] Incomplete frame, buffer size: 0, buffer_hex: 
2026-06-29 06:30:13,511 [DEBUG] Received 10 bytes from BTS
2026-06-29 06:30:13,511 [DEBUG] Decoded IPA frame: proto=0x00, payload_len=7, consumed=10, payload_hex: 0c1201900fffff
2026-06-29 06:30:13,511 [DEBUG] RSL message: 0c1201900fffff
2026-06-29 06:30:13,511 [DEBUG] RSL discriminator: 0x0c, message type: 0x12, payload: 0c1201900fffff
2026-06-29 06:30:13,511 [DEBUG] Incomplete frame, buffer size: 0, buffer_hex: 
2026-06-29 06:30:14,236 [INFO] Control Client connected from ('10.42.0.1', 45682)
2026-06-29 06:30:14,236 [INFO] handle_client: Starting, client socket: 11
2026-06-29 06:30:14,236 [INFO] handle_client: WELCOME sent
2026-06-29 06:30:14,286 [INFO] Replaying 8 buffered event(s)
2026-06-29 06:30:14,287 [WARNING] Failed to replay event 1: [Errno 104] Connection reset by peer
2026-06-29 06:30:14,287 [WARNING] Failed to replay event 2: [Errno 32] Broken pipe
2026-06-29 06:30:14,287 [WARNING] Failed to replay event 3: [Errno 32] Broken pipe
2026-06-29 06:30:14,287 [WARNING] Failed to replay event 4: [Errno 32] Broken pipe
2026-06-29 06:30:14,287 [WARNING] Failed to replay event 5: [Errno 32] Broken pipe
2026-06-29 06:30:14,287 [WARNING] Failed to replay event 6: [Errno 32] Broken pipe
2026-06-29 06:30:14,287 [WARNING] Failed to replay event 7: [Errno 32] Broken pipe
2026-06-29 06:30:14,287 [WARNING] Failed to replay event 8: [Errno 32] Broken pipe
2026-06-29 06:30:14,287 [INFO] handle_client: Entering receive loop
2026-06-29 06:30:14,287 [INFO] handle_client: Received empty data, client closed connection
2026-06-29 06:30:14,287 [INFO] Control Client disconnected
2026-06-29 06:30:14,335 [DEBUG] Received 13 bytes from BTS
2026-06-29 06:30:14,335 [DEBUG] Decoded IPA frame: proto=0x00, payload_len=10, consumed=13, payload_hex: 0c130188130a0ab31100
2026-06-29 06:30:14,335 [DEBUG] RSL message: 0c130188130a0ab31100
2026-06-29 06:30:14,335 [DEBUG] RSL discriminator: 0x0c, message type: 0x13, payload: 0c130188130a0ab31100
2026-06-29 06:30:14,335 [INFO] BTS 4242/0/0: CHAN_RQD received - RA=10, FN=1891, payload: 0c130188130a0ab31100
2026-06-29 06:30:14,335 [INFO] CHAN_RQD: RA=10 FN=1891 BTS=4242/0/0
2026-06-29 06:30:14,335 [INFO] DEBUG: auto_respond=False
2026-06-29 06:30:14,335 [INFO] Sending CHAN_RQD event to control server: RA=10, FN_enc=2739
2026-06-29 06:30:14,335 [DEBUG] Buffered event CHAN_RQD (total buffered: 9)
2026-06-29 06:30:14,335 [DEBUG] Incomplete frame, buffer size: 0, buffer_hex: 
2026-06-29 06:30:14,352 [DEBUG] Received 10 bytes from BTS
2026-06-29 06:30:14,353 [DEBUG] Decoded IPA frame: proto=0x00, payload_len=7, consumed=10, payload_hex: 0c1201900fffff
2026-06-29 06:30:14,353 [DEBUG] RSL message: 0c1201900fffff
2026-06-29 06:30:14,353 [DEBUG] RSL discriminator: 0x0c, message type: 0x12, payload: 0c1201900fffff
2026-06-29 06:30:14,353 [DEBUG] Incomplete frame, buffer size: 0, buffer_hex: 
2026-06-29 06:30:14,511 [DEBUG] Received 10 bytes from BTS
2026-06-29 06:30:14,511 [DEBUG] Decoded IPA frame: proto=0x00, payload_len=7, consumed=10, payload_hex: 0c1201900fffff
2026-06-29 06:30:14,511 [DEBUG] RSL message: 0c1201900fffff
2026-06-29 06:30:14,511 [DEBUG] RSL discriminator: 0x0c, message type: 0x12, payload: 0c1201900fffff
2026-06-29 06:30:14,511 [DEBUG] Incomplete frame, buffer size: 0, buffer_hex: 
2026-06-29 06:30:15,353 [DEBUG] Received 10 bytes from BTS
2026-06-29 06:30:15,353 [DEBUG] Decoded IPA frame: proto=0x00, payload_len=7, consumed=10, payload_hex: 0c1201900fffff
2026-06-29 06:30:15,353 [DEBUG] RSL message: 0c1201900fffff
2026-06-29 06:30:15,353 [DEBUG] RSL discriminator: 0x0c, message type: 0x12, payload: 0c1201900fffff
2026-06-29 06:30:15,353 [DEBUG] Incomplete frame, buffer size: 0, buffer_hex: 
2026-06-29 06:30:15,512 [DEBUG] Received 10 bytes from BTS
2026-06-29 06:30:15,512 [DEBUG] Decoded IPA frame: proto=0x00, payload_len=7, consumed=10, payload_hex: 0c1201900fffff
2026-06-29 06:30:15,512 [DEBUG] RSL message: 0c1201900fffff
2026-06-29 06:30:15,512 [DEBUG] RSL discriminator: 0x0c, message type: 0x12, payload: 0c1201900fffff
2026-06-29 06:30:15,512 [DEBUG] Incomplete frame, buffer size: 0, buffer_hex: 
2026-06-29 06:30:15,512 [DEBUG] Received 13 bytes from BTS
2026-06-29 06:30:15,512 [DEBUG] Decoded IPA frame: proto=0x00, payload_len=10, consumed=13, payload_hex: 0c13018813040bb61100
2026-06-29 06:30:15,512 [DEBUG] RSL message: 0c13018813040bb61100
2026-06-29 06:30:15,512 [DEBUG] RSL discriminator: 0x0c, message type: 0x13, payload: 0c13018813040bb61100
2026-06-29 06:30:15,512 [INFO] BTS 4242/0/0: CHAN_RQD received - RA=4, FN=2102, payload: 0c13018813040bb61100
2026-06-29 06:30:15,512 [INFO] CHAN_RQD: RA=4 FN=2102 BTS=4242/0/0
2026-06-29 06:30:15,512 [INFO] DEBUG: auto_respond=False
2026-06-29 06:30:15,512 [INFO] Sending CHAN_RQD event to control server: RA=4, FN_enc=2998
2026-06-29 06:30:15,512 [DEBUG] Buffered event CHAN_RQD (total buffered: 10)
2026-06-29 06:30:15,512 [DEBUG] Incomplete frame, buffer size: 0, buffer_hex: 
2026-06-29 06:30:15,565 [INFO] Control Client connected from ('10.42.0.1', 45692)
2026-06-29 06:30:15,565 [INFO] handle_client: Starting, client socket: 7
2026-06-29 06:30:15,565 [INFO] handle_client: WELCOME sent
2026-06-29 06:30:15,615 [INFO] Replaying 10 buffered event(s)
2026-06-29 06:30:15,616 [WARNING] Failed to replay event 1: [Errno 104] Connection reset by peer
2026-06-29 06:30:15,616 [WARNING] Failed to replay event 2: [Errno 32] Broken pipe
2026-06-29 06:30:15,616 [WARNING] Failed to replay event 3: [Errno 32] Broken pipe
2026-06-29 06:30:15,616 [WARNING] Failed to replay event 4: [Errno 32] Broken pipe
2026-06-29 06:30:15,616 [WARNING] Failed to replay event 5: [Errno 32] Broken pipe
2026-06-29 06:30:15,616 [WARNING] Failed to replay event 6: [Errno 32] Broken pipe
2026-06-29 06:30:15,616 [WARNING] Failed to replay event 7: [Errno 32] Broken pipe
2026-06-29 06:30:15,616 [WARNING] Failed to replay event 8: [Errno 32] Broken pipe
2026-06-29 06:30:15,616 [WARNING] Failed to replay event 9: [Errno 32] Broken pipe
2026-06-29 06:30:15,616 [WARNING] Failed to replay event 10: [Errno 32] Broken pipe
2026-06-29 06:30:15,616 [INFO] handle_client: Entering receive loop
2026-06-29 06:30:15,616 [INFO] handle_client: Received empty data, client closed connection
2026-06-29 06:30:15,616 [INFO] Control Client disconnected
2026-06-29 06:30:16,354 [DEBUG] Received 10 bytes from BTS
2026-06-29 06:30:16,355 [DEBUG] Decoded IPA frame: proto=0x00, payload_len=7, consumed=10, payload_hex: 0c1201900fffff
2026-06-29 06:30:16,355 [DEBUG] RSL message: 0c1201900fffff
2026-06-29 06:30:16,355 [DEBUG] RSL discriminator: 0x0c, message type: 0x12, payload: 0c1201900fffff
2026-06-29 06:30:16,355 [DEBUG] Incomplete frame, buffer size: 0, buffer_hex: 
2026-06-29 06:30:16,511 [DEBUG] Received 10 bytes from BTS
2026-06-29 06:30:16,511 [DEBUG] Decoded IPA frame: proto=0x00, payload_len=7, consumed=10, payload_hex: 0c1201900fffff
2026-06-29 06:30:16,511 [DEBUG] RSL message: 0c1201900fffff
2026-06-29 06:30:16,511 [DEBUG] RSL discriminator: 0x0c, message type: 0x12, payload: 0c1201900fffff
2026-06-29 06:30:16,511 [DEBUG] Incomplete frame, buffer size: 0, buffer_hex: 
2026-06-29 06:30:16,689 [DEBUG] Received 13 bytes from BTS
2026-06-29 06:30:16,690 [DEBUG] Decoded IPA frame: proto=0x00, payload_len=10, consumed=13, payload_hex: 0c130188130e0b4e1100
2026-06-29 06:30:16,690 [DEBUG] RSL message: 0c130188130e0b4e1100
2026-06-29 06:30:16,690 [DEBUG] RSL discriminator: 0x0c, message type: 0x13, payload: 0c130188130e0b4e1100
2026-06-29 06:30:16,690 [INFO] BTS 4242/0/0: CHAN_RQD received - RA=14, FN=2016, payload: 0c130188130e0b4e1100
2026-06-29 06:30:16,690 [INFO] CHAN_RQD: RA=14 FN=2016 BTS=4242/0/0
2026-06-29 06:30:16,690 [INFO] DEBUG: auto_respond=False
2026-06-29 06:30:16,690 [INFO] Sending CHAN_RQD event to control server: RA=14, FN_enc=2894
2026-06-29 06:30:16,690 [DEBUG] Buffered event CHAN_RQD (total buffered: 11)
2026-06-29 06:30:16,690 [DEBUG] Incomplete frame, buffer size: 0, buffer_hex: 
2026-06-29 06:30:17,354 [DEBUG] Received 10 bytes from BTS
2026-06-29 06:30:17,355 [DEBUG] Decoded IPA frame: proto=0x00, payload_len=7, consumed=10, payload_hex: 0c1201900fffff
2026-06-29 06:30:17,355 [DEBUG] RSL message: 0c1201900fffff
2026-06-29 06:30:17,355 [DEBUG] RSL discriminator: 0x0c, message type: 0x12, payload: 0c1201900fffff
2026-06-29 06:30:17,355 [DEBUG] Incomplete frame, buffer size: 0, buffer_hex: 
2026-06-29 06:30:17,512 [DEBUG] Received 10 bytes from BTS
2026-06-29 06:30:17,512 [DEBUG] Decoded IPA frame: proto=0x00, payload_len=7, consumed=10, payload_hex: 0c1201900fffff
2026-06-29 06:30:17,512 [DEBUG] RSL message: 0c1201900fffff
2026-06-29 06:30:17,512 [DEBUG] RSL discriminator: 0x0c, message type: 0x12, payload: 0c1201900fffff
2026-06-29 06:30:17,512 [DEBUG] Incomplete frame, buffer size: 0, buffer_hex: 
2026-06-29 06:30:17,866 [DEBUG] Received 13 bytes from BTS
2026-06-29 06:30:17,866 [DEBUG] Decoded IPA frame: proto=0x00, payload_len=10, consumed=13, payload_hex: 0c13018813080b6a1100
2026-06-29 06:30:17,866 [DEBUG] RSL message: 0c13018813080b6a1100
2026-06-29 06:30:17,866 [DEBUG] RSL discriminator: 0x0c, message type: 0x13, payload: 0c13018813080b6a1100
2026-06-29 06:30:17,866 [INFO] BTS 4242/0/0: CHAN_RQD received - RA=8, FN=2038, payload: 0c13018813080b6a1100
2026-06-29 06:30:17,866 [INFO] CHAN_RQD: RA=8 FN=2038 BTS=4242/0/0
2026-06-29 06:30:17,866 [INFO] DEBUG: auto_respond=False
2026-06-29 06:30:17,866 [INFO] Sending CHAN_RQD event to control server: RA=8, FN_enc=2922
2026-06-29 06:30:17,866 [DEBUG] Buffered event CHAN_RQD (total buffered: 12)
2026-06-29 06:30:17,866 [DEBUG] Incomplete frame, buffer size: 0, buffer_hex: 
2026-06-29 06:30:18,355 [DEBUG] Received 10 bytes from BTS
2026-06-29 06:30:18,355 [DEBUG] Decoded IPA frame: proto=0x00, payload_len=7, consumed=10, payload_hex: 0c1201900fffff
2026-06-29 06:30:18,355 [DEBUG] RSL message: 0c1201900fffff
2026-06-29 06:30:18,355 [DEBUG] RSL discriminator: 0x0c, message type: 0x12, payload: 0c1201900fffff
2026-06-29 06:30:18,355 [DEBUG] Incomplete frame, buffer size: 0, buffer_hex: 
2026-06-29 06:30:18,512 [DEBUG] Received 10 bytes from BTS
2026-06-29 06:30:18,512 [DEBUG] Decoded IPA frame: proto=0x00, payload_len=7, consumed=10, payload_hex: 0c1201900fffff
2026-06-29 06:30:18,512 [DEBUG] RSL message: 0c1201900fffff
2026-06-29 06:30:18,512 [DEBUG] RSL discriminator: 0x0c, message type: 0x12, payload: 0c1201900fffff
2026-06-29 06:30:18,512 [DEBUG] Incomplete frame, buffer size: 0, buffer_hex: 
2026-06-29 06:30:18,566 [INFO] Control Client connected from ('10.42.0.1', 45700)
2026-06-29 06:30:18,566 [INFO] handle_client: Starting, client socket: 11
2026-06-29 06:30:18,566 [INFO] handle_client: WELCOME sent
2026-06-29 06:30:18,617 [INFO] Replaying 12 buffered event(s)
2026-06-29 06:30:18,617 [WARNING] Failed to replay event 1: [Errno 32] Broken pipe
2026-06-29 06:30:18,617 [WARNING] Failed to replay event 2: [Errno 32] Broken pipe
2026-06-29 06:30:18,617 [WARNING] Failed to replay event 3: [Errno 32] Broken pipe
2026-06-29 06:30:18,617 [WARNING] Failed to replay event 4: [Errno 32] Broken pipe
2026-06-29 06:30:18,617 [WARNING] Failed to replay event 5: [Errno 32] Broken pipe
2026-06-29 06:30:18,618 [WARNING] Failed to replay event 6: [Errno 32] Broken pipe
2026-06-29 06:30:18,618 [WARNING] Failed to replay event 7: [Errno 32] Broken pipe
2026-06-29 06:30:18,618 [WARNING] Failed to replay event 8: [Errno 32] Broken pipe
2026-06-29 06:30:18,618 [WARNING] Failed to replay event 9: [Errno 32] Broken pipe
2026-06-29 06:30:18,621 [WARNING] Failed to replay event 10: [Errno 32] Broken pipe
2026-06-29 06:30:18,622 [WARNING] Failed to replay event 11: [Errno 32] Broken pipe
2026-06-29 06:30:18,622 [WARNING] Failed to replay event 12: [Errno 32] Broken pipe
2026-06-29 06:30:18,622 [INFO] handle_client: Entering receive loop
2026-06-29 06:30:18,622 [INFO] handle_client: Received empty data, client closed connection
2026-06-29 06:30:18,622 [INFO] Control Client disconnected
2026-06-29 06:30:19,355 [DEBUG] Received 10 bytes from BTS
2026-06-29 06:30:19,355 [DEBUG] Decoded IPA frame: proto=0x00, payload_len=7, consumed=10, payload_hex: 0c1201900fffff
2026-06-29 06:30:19,355 [DEBUG] RSL message: 0c1201900fffff
2026-06-29 06:30:19,355 [DEBUG] RSL discriminator: 0x0c, message type: 0x12, payload: 0c1201900fffff
2026-06-29 06:30:19,355 [DEBUG] Incomplete frame, buffer size: 0, buffer_hex: 
2026-06-29 06:30:19,515 [DEBUG] Received 10 bytes from BTS
2026-06-29 06:30:19,515 [DEBUG] Decoded IPA frame: proto=0x00, payload_len=7, consumed=10, payload_hex: 0c1201900fffff
2026-06-29 06:30:19,515 [DEBUG] RSL message: 0c1201900fffff
2026-06-29 06:30:19,515 [DEBUG] RSL discriminator: 0x0c, message type: 0x12, payload: 0c1201900fffff
2026-06-29 06:30:19,515 [DEBUG] Incomplete frame, buffer size: 0, buffer_hex: 
2026-06-29 06:30:20,355 [DEBUG] Received 10 bytes from BTS
2026-06-29 06:30:20,356 [DEBUG] Decoded IPA frame: proto=0x00, payload_len=7, consumed=10, payload_hex: 0c1201900fffff
2026-06-29 06:30:20,356 [DEBUG] RSL message: 0c1201900fffff
2026-06-29 06:30:20,356 [DEBUG] RSL discriminator: 0x0c, message type: 0x12, payload: 0c1201900fffff
2026-06-29 06:30:20,356 [DEBUG] Incomplete frame, buffer size: 0, buffer_hex: 
2026-06-29 06:30:20,514 [DEBUG] Received 10 bytes from BTS
2026-06-29 06:30:20,514 [DEBUG] Decoded IPA frame: proto=0x00, payload_len=7, consumed=10, payload_hex: 0c1201900fffff
2026-06-29 06:30:20,514 [DEBUG] RSL message: 0c1201900fffff
2026-06-29 06:30:20,514 [DEBUG] RSL discriminator: 0x0c, message type: 0x12, payload: 0c1201900fffff
2026-06-29 06:30:20,514 [DEBUG] Incomplete frame, buffer size: 0, buffer_hex: 
2026-06-29 06:30:21,356 [DEBUG] Received 10 bytes from BTS
2026-06-29 06:30:21,356 [DEBUG] Decoded IPA frame: proto=0x00, payload_len=7, consumed=10, payload_hex: 0c1201900fffff
2026-06-29 06:30:21,356 [DEBUG] RSL message: 0c1201900fffff
2026-06-29 06:30:21,356 [DEBUG] RSL discriminator: 0x0c, message type: 0x12, payload: 0c1201900fffff
2026-06-29 06:30:21,356 [DEBUG] Incomplete frame, buffer size: 0, buffer_hex: 
2026-06-29 06:30:21,514 [DEBUG] Received 10 bytes from BTS
2026-06-29 06:30:21,514 [DEBUG] Decoded IPA frame: proto=0x00, payload_len=7, consumed=10, payload_hex: 0c1201900fffff
2026-06-29 06:30:21,514 [DEBUG] RSL message: 0c1201900fffff
2026-06-29 06:30:21,514 [DEBUG] RSL discriminator: 0x0c, message type: 0x12, payload: 0c1201900fffff
2026-06-29 06:30:21,514 [DEBUG] Incomplete frame, buffer size: 0, buffer_hex: 
2026-06-29 06:30:21,565 [INFO] Control Client connected from ('10.42.0.1', 39750)
2026-06-29 06:30:21,565 [INFO] handle_client: Starting, client socket: 7
2026-06-29 06:30:21,565 [INFO] handle_client: WELCOME sent
2026-06-29 06:30:21,616 [INFO] Replaying 12 buffered event(s)
2026-06-29 06:30:21,617 [WARNING] Failed to replay event 1: [Errno 32] Broken pipe
2026-06-29 06:30:21,617 [WARNING] Failed to replay event 2: [Errno 32] Broken pipe
2026-06-29 06:30:21,617 [WARNING] Failed to replay event 3: [Errno 32] Broken pipe
2026-06-29 06:30:21,617 [WARNING] Failed to replay event 4: [Errno 32] Broken pipe
2026-06-29 06:30:21,617 [WARNING] Failed to replay event 5: [Errno 32] Broken pipe
2026-06-29 06:30:21,617 [WARNING] Failed to replay event 6: [Errno 32] Broken pipe
2026-06-29 06:30:21,617 [WARNING] Failed to replay event 7: [Errno 32] Broken pipe
2026-06-29 06:30:21,617 [WARNING] Failed to replay event 8: [Errno 32] Broken pipe
2026-06-29 06:30:21,617 [WARNING] Failed to replay event 9: [Errno 32] Broken pipe
2026-06-29 06:30:21,617 [WARNING] Failed to replay event 10: [Errno 32] Broken pipe
2026-06-29 06:30:21,617 [WARNING] Failed to replay event 11: [Errno 32] Broken pipe
2026-06-29 06:30:21,617 [WARNING] Failed to replay event 12: [Errno 32] Broken pipe
2026-06-29 06:30:21,617 [INFO] handle_client: Entering receive loop
2026-06-29 06:30:21,617 [INFO] handle_client: Received empty data, client closed connection
2026-06-29 06:30:21,617 [INFO] Control Client disconnected
2026-06-29 06:30:22,356 [DEBUG] Received 10 bytes from BTS
2026-06-29 06:30:22,356 [DEBUG] Decoded IPA frame: proto=0x00, payload_len=7, consumed=10, payload_hex: 0c1201900fffff
2026-06-29 06:30:22,356 [DEBUG] RSL message: 0c1201900fffff
2026-06-29 06:30:22,356 [DEBUG] RSL discriminator: 0x0c, message type: 0x12, payload: 0c1201900fffff
2026-06-29 06:30:22,356 [DEBUG] Incomplete frame, buffer size: 0, buffer_hex: 
2026-06-29 06:30:22,514 [DEBUG] Received 10 bytes from BTS
2026-06-29 06:30:22,514 [DEBUG] Decoded IPA frame: proto=0x00, payload_len=7, consumed=10, payload_hex: 0c1201900fffff
2026-06-29 06:30:22,514 [DEBUG] RSL message: 0c1201900fffff
2026-06-29 06:30:22,514 [DEBUG] RSL discriminator: 0x0c, message type: 0x12, payload: 0c1201900fffff
2026-06-29 06:30:22,514 [DEBUG] Incomplete frame, buffer size: 0, buffer_hex: 
2026-06-29 06:30:23,357 [DEBUG] Received 10 bytes from BTS
2026-06-29 06:30:23,357 [DEBUG] Decoded IPA frame: proto=0x00, payload_len=7, consumed=10, payload_hex: 0c1201900fffff
2026-06-29 06:30:23,357 [DEBUG] RSL message: 0c1201900fffff
2026-06-29 06:30:23,357 [DEBUG] RSL discriminator: 0x0c, message type: 0x12, payload: 0c1201900fffff
2026-06-29 06:30:23,357 [DEBUG] Incomplete frame, buffer size: 0, buffer_hex: 
2026-06-29 06:30:23,516 [DEBUG] Received 10 bytes from BTS
2026-06-29 06:30:23,516 [DEBUG] Decoded IPA frame: proto=0x00, payload_len=7, consumed=10, payload_hex: 0c1201900fffff
2026-06-29 06:30:23,516 [DEBUG] RSL message: 0c1201900fffff
2026-06-29 06:30:23,516 [DEBUG] RSL discriminator: 0x0c, message type: 0x12, payload: 0c1201900fffff
2026-06-29 06:30:23,516 [DEBUG] Incomplete frame, buffer size: 0, buffer_hex: 
2026-06-29 06:30:24,236 [INFO] Control Client connected from ('10.42.0.1', 39756)
2026-06-29 06:30:24,236 [INFO] handle_client: Starting, client socket: 11
2026-06-29 06:30:24,236 [INFO] handle_client: WELCOME sent
2026-06-29 06:30:24,286 [INFO] Replaying 12 buffered event(s)
2026-06-29 06:30:24,286 [WARNING] Failed to replay event 1: [Errno 104] Connection reset by peer
2026-06-29 06:30:24,287 [WARNING] Failed to replay event 2: [Errno 32] Broken pipe
2026-06-29 06:30:24,287 [WARNING] Failed to replay event 3: [Errno 32] Broken pipe
2026-06-29 06:30:24,287 [WARNING] Failed to replay event 4: [Errno 32] Broken pipe
2026-06-29 06:30:24,287 [WARNING] Failed to replay event 5: [Errno 32] Broken pipe
2026-06-29 06:30:24,287 [WARNING] Failed to replay event 6: [Errno 32] Broken pipe
2026-06-29 06:30:24,287 [WARNING] Failed to replay event 7: [Errno 32] Broken pipe
2026-06-29 06:30:24,287 [WARNING] Failed to replay event 8: [Errno 32] Broken pipe
2026-06-29 06:30:24,287 [WARNING] Failed to replay event 9: [Errno 32] Broken pipe
2026-06-29 06:30:24,287 [WARNING] Failed to replay event 10: [Errno 32] Broken pipe
2026-06-29 06:30:24,287 [WARNING] Failed to replay event 11: [Errno 32] Broken pipe
2026-06-29 06:30:24,287 [WARNING] Failed to replay event 12: [Errno 32] Broken pipe
2026-06-29 06:30:24,287 [INFO] handle_client: Entering receive loop
2026-06-29 06:30:24,287 [INFO] handle_client: Received empty data, client closed connection
2026-06-29 06:30:24,287 [INFO] Control Client disconnected
2026-06-29 06:30:24,357 [DEBUG] Received 10 bytes from BTS
2026-06-29 06:30:24,358 [DEBUG] Decoded IPA frame: proto=0x00, payload_len=7, consumed=10, payload_hex: 0c1201900fffff
2026-06-29 06:30:24,358 [DEBUG] RSL message: 0c1201900fffff
2026-06-29 06:30:24,358 [DEBUG] RSL discriminator: 0x0c, message type: 0x12, payload: 0c1201900fffff
2026-06-29 06:30:24,358 [DEBUG] Incomplete frame, buffer size: 0, buffer_hex: 
2026-06-29 06:30:24,515 [DEBUG] Received 10 bytes from BTS
2026-06-29 06:30:24,515 [DEBUG] Decoded IPA frame: proto=0x00, payload_len=7, consumed=10, payload_hex: 0c1201900fffff
2026-06-29 06:30:24,515 [DEBUG] RSL message: 0c1201900fffff
2026-06-29 06:30:24,515 [DEBUG] RSL discriminator: 0x0c, message type: 0x12, payload: 0c1201900fffff
2026-06-29 06:30:24,515 [DEBUG] Incomplete frame, buffer size: 0, buffer_hex: 
2026-06-29 06:30:24,565 [INFO] Control Client connected from ('10.42.0.1', 39758)
2026-06-29 06:30:24,565 [INFO] handle_client: Starting, client socket: 7
2026-06-29 06:30:24,566 [INFO] handle_client: WELCOME sent
2026-06-29 06:30:24,616 [INFO] Replaying 12 buffered event(s)
2026-06-29 06:30:24,616 [WARNING] Failed to replay event 1: [Errno 104] Connection reset by peer
2026-06-29 06:30:24,616 [WARNING] Failed to replay event 2: [Errno 32] Broken pipe
2026-06-29 06:30:24,616 [WARNING] Failed to replay event 3: [Errno 32] Broken pipe
2026-06-29 06:30:24,616 [WARNING] Failed to replay event 4: [Errno 32] Broken pipe
2026-06-29 06:30:24,616 [WARNING] Failed to replay event 5: [Errno 32] Broken pipe
2026-06-29 06:30:24,616 [WARNING] Failed to replay event 6: [Errno 32] Broken pipe
2026-06-29 06:30:24,616 [WARNING] Failed to replay event 7: [Errno 32] Broken pipe
2026-06-29 06:30:24,616 [WARNING] Failed to replay event 8: [Errno 32] Broken pipe
2026-06-29 06:30:24,616 [WARNING] Failed to replay event 9: [Errno 32] Broken pipe
2026-06-29 06:30:24,616 [WARNING] Failed to replay event 10: [Errno 32] Broken pipe
2026-06-29 06:30:24,616 [WARNING] Failed to replay event 11: [Errno 32] Broken pipe
2026-06-29 06:30:24,616 [WARNING] Failed to replay event 12: [Errno 32] Broken pipe
2026-06-29 06:30:24,616 [INFO] handle_client: Entering receive loop
2026-06-29 06:30:24,616 [INFO] handle_client: Received empty data, client closed connection
2026-06-29 06:30:24,616 [INFO] Control Client disconnected
2026-06-29 06:30:25,360 [DEBUG] Received 10 bytes from BTS
2026-06-29 06:30:25,360 [DEBUG] Decoded IPA frame: proto=0x00, payload_len=7, consumed=10, payload_hex: 0c1201900fffff
2026-06-29 06:30:25,360 [DEBUG] RSL message: 0c1201900fffff
2026-06-29 06:30:25,360 [DEBUG] RSL discriminator: 0x0c, message type: 0x12, payload: 0c1201900fffff
2026-06-29 06:30:25,360 [DEBUG] Incomplete frame, buffer size: 0, buffer_hex: 
2026-06-29 06:30:25,516 [DEBUG] Received 10 bytes from BTS
2026-06-29 06:30:25,516 [DEBUG] Decoded IPA frame: proto=0x00, payload_len=7, consumed=10, payload_hex: 0c1201900fffff
2026-06-29 06:30:25,516 [DEBUG] RSL message: 0c1201900fffff
2026-06-29 06:30:25,516 [DEBUG] RSL discriminator: 0x0c, message type: 0x12, payload: 0c1201900fffff
2026-06-29 06:30:25,516 [DEBUG] Incomplete frame, buffer size: 0, buffer_hex: 
2026-06-29 06:30:26,360 [DEBUG] Received 10 bytes from BTS
2026-06-29 06:30:26,360 [DEBUG] Decoded IPA frame: proto=0x00, payload_len=7, consumed=10, payload_hex: 0c1201900fffff
2026-06-29 06:30:26,360 [DEBUG] RSL message: 0c1201900fffff
2026-06-29 06:30:26,360 [DEBUG] RSL discriminator: 0x0c, message type: 0x12, payload: 0c1201900fffff
2026-06-29 06:30:26,360 [DEBUG] Incomplete frame, buffer size: 0, buffer_hex: 
2026-06-29 06:30:26,517 [DEBUG] Received 10 bytes from BTS
2026-06-29 06:30:26,517 [DEBUG] Decoded IPA frame: proto=0x00, payload_len=7, consumed=10, payload_hex: 0c1201900fffff
2026-06-29 06:30:26,517 [DEBUG] RSL message: 0c1201900fffff
2026-06-29 06:30:26,517 [DEBUG] RSL discriminator: 0x0c, message type: 0x12, payload: 0c1201900fffff
2026-06-29 06:30:26,517 [DEBUG] Incomplete frame, buffer size: 0, buffer_hex: 
2026-06-29 06:30:27,361 [DEBUG] Received 10 bytes from BTS
2026-06-29 06:30:27,361 [DEBUG] Decoded IPA frame: proto=0x00, payload_len=7, consumed=10, payload_hex: 0c1201900fffff
2026-06-29 06:30:27,361 [DEBUG] RSL message: 0c1201900fffff
2026-06-29 06:30:27,361 [DEBUG] RSL discriminator: 0x0c, message type: 0x12, payload: 0c1201900fffff
2026-06-29 06:30:27,361 [DEBUG] Incomplete frame, buffer size: 0, buffer_hex: 
2026-06-29 06:30:27,517 [DEBUG] Received 10 bytes from BTS
2026-06-29 06:30:27,517 [DEBUG] Decoded IPA frame: proto=0x00, payload_len=7, consumed=10, payload_hex: 0c1201900fffff
2026-06-29 06:30:27,518 [DEBUG] RSL message: 0c1201900fffff
2026-06-29 06:30:27,518 [DEBUG] RSL discriminator: 0x0c, message type: 0x12, payload: 0c1201900fffff
2026-06-29 06:30:27,518 [DEBUG] Incomplete frame, buffer size: 0, buffer_hex: 
2026-06-29 06:30:27,565 [INFO] Control Client connected from ('10.42.0.1', 39764)
2026-06-29 06:30:27,565 [INFO] handle_client: Starting, client socket: 11
2026-06-29 06:30:27,565 [INFO] handle_client: WELCOME sent
2026-06-29 06:30:27,615 [INFO] Replaying 12 buffered event(s)
2026-06-29 06:30:27,615 [WARNING] Failed to replay event 1: [Errno 32] Broken pipe
2026-06-29 06:30:27,615 [WARNING] Failed to replay event 2: [Errno 32] Broken pipe
2026-06-29 06:30:27,615 [WARNING] Failed to replay event 3: [Errno 32] Broken pipe
2026-06-29 06:30:27,615 [WARNING] Failed to replay event 4: [Errno 32] Broken pipe
2026-06-29 06:30:27,615 [WARNING] Failed to replay event 5: [Errno 32] Broken pipe
2026-06-29 06:30:27,615 [WARNING] Failed to replay event 6: [Errno 32] Broken pipe
2026-06-29 06:30:27,615 [WARNING] Failed to replay event 7: [Errno 32] Broken pipe
2026-06-29 06:30:27,615 [WARNING] Failed to replay event 8: [Errno 32] Broken pipe
2026-06-29 06:30:27,615 [WARNING] Failed to replay event 9: [Errno 32] Broken pipe
2026-06-29 06:30:27,615 [WARNING] Failed to replay event 10: [Errno 32] Broken pipe
2026-06-29 06:30:27,615 [WARNING] Failed to replay event 11: [Errno 32] Broken pipe
2026-06-29 06:30:27,615 [WARNING] Failed to replay event 12: [Errno 32] Broken pipe
2026-06-29 06:30:27,615 [INFO] handle_client: Entering receive loop
2026-06-29 06:30:27,615 [INFO] handle_client: Received empty data, client closed connection
2026-06-29 06:30:27,615 [INFO] Control Client disconnected
2026-06-29 06:30:28,362 [DEBUG] Received 10 bytes from BTS
2026-06-29 06:30:28,362 [DEBUG] Decoded IPA frame: proto=0x00, payload_len=7, consumed=10, payload_hex: 0c1201900fffff
2026-06-29 06:30:28,362 [DEBUG] RSL message: 0c1201900fffff
2026-06-29 06:30:28,362 [DEBUG] RSL discriminator: 0x0c, message type: 0x12, payload: 0c1201900fffff
2026-06-29 06:30:28,362 [DEBUG] Incomplete frame, buffer size: 0, buffer_hex: 
2026-06-29 06:30:28,517 [DEBUG] Received 10 bytes from BTS
2026-06-29 06:30:28,518 [DEBUG] Decoded IPA frame: proto=0x00, payload_len=7, consumed=10, payload_hex: 0c1201900fffff
2026-06-29 06:30:28,518 [DEBUG] RSL message: 0c1201900fffff
2026-06-29 06:30:28,518 [DEBUG] RSL discriminator: 0x0c, message type: 0x12, payload: 0c1201900fffff
2026-06-29 06:30:28,518 [DEBUG] Incomplete frame, buffer size: 0, buffer_hex: 
2026-06-29 06:30:29,362 [DEBUG] Received 10 bytes from BTS
2026-06-29 06:30:29,363 [DEBUG] Decoded IPA frame: proto=0x00, payload_len=7, consumed=10, payload_hex: 0c1201900fffff
2026-06-29 06:30:29,363 [DEBUG] RSL message: 0c1201900fffff
2026-06-29 06:30:29,363 [DEBUG] RSL discriminator: 0x0c, message type: 0x12, payload: 0c1201900fffff
2026-06-29 06:30:29,363 [DEBUG] Incomplete frame, buffer size: 0, buffer_hex: 
2026-06-29 06:30:29,518 [DEBUG] Received 10 bytes from BTS
2026-06-29 06:30:29,518 [DEBUG] Decoded IPA frame: proto=0x00, payload_len=7, consumed=10, payload_hex: 0c1201900fffff
2026-06-29 06:30:29,518 [DEBUG] RSL message: 0c1201900fffff
2026-06-29 06:30:29,518 [DEBUG] RSL discriminator: 0x0c, message type: 0x12, payload: 0c1201900fffff
2026-06-29 06:30:29,518 [DEBUG] Incomplete frame, buffer size: 0, buffer_hex: 
2026-06-29 06:30:30,363 [DEBUG] Received 10 bytes from BTS
2026-06-29 06:30:30,363 [DEBUG] Decoded IPA frame: proto=0x00, payload_len=7, consumed=10, payload_hex: 0c1201900fffff
2026-06-29 06:30:30,363 [DEBUG] RSL message: 0c1201900fffff
2026-06-29 06:30:30,363 [DEBUG] RSL discriminator: 0x0c, message type: 0x12, payload: 0c1201900fffff
2026-06-29 06:30:30,363 [DEBUG] Incomplete frame, buffer size: 0, buffer_hex: 
2026-06-29 06:30:30,518 [DEBUG] Received 10 bytes from BTS
2026-06-29 06:30:30,518 [DEBUG] Decoded IPA frame: proto=0x00, payload_len=7, consumed=10, payload_hex: 0c1201900fffff
2026-06-29 06:30:30,518 [DEBUG] RSL message: 0c1201900fffff
2026-06-29 06:30:30,518 [DEBUG] RSL discriminator: 0x0c, message type: 0x12, payload: 0c1201900fffff
2026-06-29 06:30:30,518 [DEBUG] Incomplete frame, buffer size: 0, buffer_hex: 
2026-06-29 06:30:30,565 [INFO] Control Client connected from ('10.42.0.1', 39766)
2026-06-29 06:30:30,566 [INFO] handle_client: Starting, client socket: 7
2026-06-29 06:30:30,566 [INFO] handle_client: WELCOME sent
2026-06-29 06:30:30,616 [INFO] Replaying 12 buffered event(s)
2026-06-29 06:30:30,616 [WARNING] Failed to replay event 1: [Errno 32] Broken pipe
2026-06-29 06:30:30,616 [WARNING] Failed to replay event 2: [Errno 32] Broken pipe
2026-06-29 06:30:30,616 [WARNING] Failed to replay event 3: [Errno 32] Broken pipe
2026-06-29 06:30:30,616 [WARNING] Failed to replay event 4: [Errno 32] Broken pipe
2026-06-29 06:30:30,616 [WARNING] Failed to replay event 5: [Errno 32] Broken pipe
2026-06-29 06:30:30,616 [WARNING] Failed to replay event 6: [Errno 32] Broken pipe
2026-06-29 06:30:30,616 [WARNING] Failed to replay event 7: [Errno 32] Broken pipe
2026-06-29 06:30:30,616 [WARNING] Failed to replay event 8: [Errno 32] Broken pipe
2026-06-29 06:30:30,616 [WARNING] Failed to replay event 9: [Errno 32] Broken pipe
2026-06-29 06:30:30,616 [WARNING] Failed to replay event 10: [Errno 32] Broken pipe
2026-06-29 06:30:30,616 [WARNING] Failed to replay event 11: [Errno 32] Broken pipe
2026-06-29 06:30:30,616 [WARNING] Failed to replay event 12: [Errno 32] Broken pipe
2026-06-29 06:30:30,616 [INFO] handle_client: Entering receive loop
2026-06-29 06:30:30,616 [INFO] handle_client: Received empty data, client closed connection
2026-06-29 06:30:30,616 [INFO] Control Client disconnected
2026-06-29 06:30:31,364 [DEBUG] Received 10 bytes from BTS
2026-06-29 06:30:31,364 [DEBUG] Decoded IPA frame: proto=0x00, payload_len=7, consumed=10, payload_hex: 0c1201900fffff
2026-06-29 06:30:31,364 [DEBUG] RSL message: 0c1201900fffff
2026-06-29 06:30:31,364 [DEBUG] RSL discriminator: 0x0c, message type: 0x12, payload: 0c1201900fffff
2026-06-29 06:30:31,364 [DEBUG] Incomplete frame, buffer size: 0, buffer_hex: 
2026-06-29 06:30:31,518 [DEBUG] Received 10 bytes from BTS
2026-06-29 06:30:31,518 [DEBUG] Decoded IPA frame: proto=0x00, payload_len=7, consumed=10, payload_hex: 0c1201900fffff
2026-06-29 06:30:31,518 [DEBUG] RSL message: 0c1201900fffff
2026-06-29 06:30:31,518 [DEBUG] RSL discriminator: 0x0c, message type: 0x12, payload: 0c1201900fffff
2026-06-29 06:30:31,518 [DEBUG] Incomplete frame, buffer size: 0, buffer_hex: 
2026-06-29 06:30:32,365 [DEBUG] Received 10 bytes from BTS
2026-06-29 06:30:32,365 [DEBUG] Decoded IPA frame: proto=0x00, payload_len=7, consumed=10, payload_hex: 0c1201900fffff
2026-06-29 06:30:32,365 [DEBUG] RSL message: 0c1201900fffff
2026-06-29 06:30:32,365 [DEBUG] RSL discriminator: 0x0c, message type: 0x12, payload: 0c1201900fffff
2026-06-29 06:30:32,365 [DEBUG] Incomplete frame, buffer size: 0, buffer_hex: 
2026-06-29 06:30:32,518 [DEBUG] Received 10 bytes from BTS
2026-06-29 06:30:32,519 [DEBUG] Decoded IPA frame: proto=0x00, payload_len=7, consumed=10, payload_hex: 0c1201900fffff
2026-06-29 06:30:32,519 [DEBUG] RSL message: 0c1201900fffff
2026-06-29 06:30:32,519 [DEBUG] RSL discriminator: 0x0c, message type: 0x12, payload: 0c1201900fffff
2026-06-29 06:30:32,519 [DEBUG] Incomplete frame, buffer size: 0, buffer_hex: 
2026-06-29 06:30:33,366 [DEBUG] Received 10 bytes from BTS
2026-06-29 06:30:33,366 [DEBUG] Decoded IPA frame: proto=0x00, payload_len=7, consumed=10, payload_hex: 0c1201900fffff
2026-06-29 06:30:33,366 [DEBUG] RSL message: 0c1201900fffff
2026-06-29 06:30:33,366 [DEBUG] RSL discriminator: 0x0c, message type: 0x12, payload: 0c1201900fffff
2026-06-29 06:30:33,366 [DEBUG] Incomplete frame, buffer size: 0, buffer_hex: 
2026-06-29 06:30:33,519 [DEBUG] Received 10 bytes from BTS
2026-06-29 06:30:33,519 [DEBUG] Decoded IPA frame: proto=0x00, payload_len=7, consumed=10, payload_hex: 0c1201900fffff
2026-06-29 06:30:33,519 [DEBUG] RSL message: 0c1201900fffff
2026-06-29 06:30:33,519 [DEBUG] RSL discriminator: 0x0c, message type: 0x12, payload: 0c1201900fffff
2026-06-29 06:30:33,519 [DEBUG] Incomplete frame, buffer size: 0, buffer_hex: 
2026-06-29 06:30:33,564 [INFO] Control Client connected from ('10.42.0.1', 46328)
2026-06-29 06:30:33,565 [INFO] handle_client: Starting, client socket: 11
2026-06-29 06:30:33,565 [INFO] handle_client: WELCOME sent
2026-06-29 06:30:33,615 [INFO] Replaying 12 buffered event(s)
2026-06-29 06:30:33,615 [WARNING] Failed to replay event 1: [Errno 32] Broken pipe
2026-06-29 06:30:33,615 [WARNING] Failed to replay event 2: [Errno 32] Broken pipe
2026-06-29 06:30:33,615 [WARNING] Failed to replay event 3: [Errno 32] Broken pipe
2026-06-29 06:30:33,615 [WARNING] Failed to replay event 4: [Errno 32] Broken pipe
2026-06-29 06:30:33,615 [WARNING] Failed to replay event 5: [Errno 32] Broken pipe
2026-06-29 06:30:33,615 [WARNING] Failed to replay event 6: [Errno 32] Broken pipe
2026-06-29 06:30:33,615 [WARNING] Failed to replay event 7: [Errno 32] Broken pipe
2026-06-29 06:30:33,615 [WARNING] Failed to replay event 8: [Errno 32] Broken pipe
2026-06-29 06:30:33,615 [WARNING] Failed to replay event 9: [Errno 32] Broken pipe
2026-06-29 06:30:33,615 [WARNING] Failed to replay event 10: [Errno 32] Broken pipe
2026-06-29 06:30:33,615 [WARNING] Failed to replay event 11: [Errno 32] Broken pipe
2026-06-29 06:30:33,615 [WARNING] Failed to replay event 12: [Errno 32] Broken pipe
2026-06-29 06:30:33,615 [INFO] handle_client: Entering receive loop
2026-06-29 06:30:33,615 [INFO] handle_client: Received empty data, client closed connection
2026-06-29 06:30:33,615 [INFO] Control Client disconnected
2026-06-29 06:30:34,236 [INFO] Control Client connected from ('10.42.0.1', 46342)
2026-06-29 06:30:34,237 [INFO] handle_client: Starting, client socket: 7
2026-06-29 06:30:34,237 [INFO] handle_client: WELCOME sent
2026-06-29 06:30:34,287 [INFO] Replaying 12 buffered event(s)
2026-06-29 06:30:34,287 [WARNING] Failed to replay event 1: [Errno 32] Broken pipe
2026-06-29 06:30:34,287 [WARNING] Failed to replay event 2: [Errno 32] Broken pipe
2026-06-29 06:30:34,287 [WARNING] Failed to replay event 3: [Errno 32] Broken pipe
2026-06-29 06:30:34,287 [WARNING] Failed to replay event 4: [Errno 32] Broken pipe
2026-06-29 06:30:34,287 [WARNING] Failed to replay event 5: [Errno 32] Broken pipe
2026-06-29 06:30:34,287 [WARNING] Failed to replay event 6: [Errno 32] Broken pipe
2026-06-29 06:30:34,287 [WARNING] Failed to replay event 7: [Errno 32] Broken pipe
2026-06-29 06:30:34,287 [WARNING] Failed to replay event 8: [Errno 32] Broken pipe
2026-06-29 06:30:34,287 [WARNING] Failed to replay event 9: [Errno 32] Broken pipe
2026-06-29 06:30:34,288 [WARNING] Failed to replay event 10: [Errno 32] Broken pipe
2026-06-29 06:30:34,288 [WARNING] Failed to replay event 11: [Errno 32] Broken pipe
2026-06-29 06:30:34,288 [WARNING] Failed to replay event 12: [Errno 32] Broken pipe
2026-06-29 06:30:34,288 [INFO] handle_client: Entering receive loop
2026-06-29 06:30:34,288 [INFO] handle_client: Received empty data, client closed connection
2026-06-29 06:30:34,288 [INFO] Control Client disconnected
2026-06-29 06:30:34,365 [DEBUG] Received 10 bytes from BTS
2026-06-29 06:30:34,365 [DEBUG] Decoded IPA frame: proto=0x00, payload_len=7, consumed=10, payload_hex: 0c1201900fffff
2026-06-29 06:30:34,365 [DEBUG] RSL message: 0c1201900fffff
2026-06-29 06:30:34,365 [DEBUG] RSL discriminator: 0x0c, message type: 0x12, payload: 0c1201900fffff
2026-06-29 06:30:34,365 [DEBUG] Incomplete frame, buffer size: 0, buffer_hex: 
2026-06-29 06:30:34,519 [DEBUG] Received 10 bytes from BTS
2026-06-29 06:30:34,519 [DEBUG] Decoded IPA frame: proto=0x00, payload_len=7, consumed=10, payload_hex: 0c1201900fffff
2026-06-29 06:30:34,519 [DEBUG] RSL message: 0c1201900fffff
2026-06-29 06:30:34,519 [DEBUG] RSL discriminator: 0x0c, message type: 0x12, payload: 0c1201900fffff
2026-06-29 06:30:34,519 [DEBUG] Incomplete frame, buffer size: 0, buffer_hex: 
2026-06-29 06:30:35,366 [DEBUG] Received 10 bytes from BTS
2026-06-29 06:30:35,366 [DEBUG] Decoded IPA frame: proto=0x00, payload_len=7, consumed=10, payload_hex: 0c1201900fffff
2026-06-29 06:30:35,366 [DEBUG] RSL message: 0c1201900fffff
2026-06-29 06:30:35,366 [DEBUG] RSL discriminator: 0x0c, message type: 0x12, payload: 0c1201900fffff
2026-06-29 06:30:35,366 [DEBUG] Incomplete frame, buffer size: 0, buffer_hex: 
2026-06-29 06:30:35,519 [DEBUG] Received 10 bytes from BTS
2026-06-29 06:30:35,520 [DEBUG] Decoded IPA frame: proto=0x00, payload_len=7, consumed=10, payload_hex: 0c1201900fffff
2026-06-29 06:30:35,520 [DEBUG] RSL message: 0c1201900fffff
2026-06-29 06:30:35,520 [DEBUG] RSL discriminator: 0x0c, message type: 0x12, payload: 0c1201900fffff
2026-06-29 06:30:35,520 [DEBUG] Incomplete frame, buffer size: 0, buffer_hex: 
2026-06-29 06:30:36,367 [DEBUG] Received 10 bytes from BTS
2026-06-29 06:30:36,367 [DEBUG] Decoded IPA frame: proto=0x00, payload_len=7, consumed=10, payload_hex: 0c1201900fffff
2026-06-29 06:30:36,367 [DEBUG] RSL message: 0c1201900fffff
2026-06-29 06:30:36,367 [DEBUG] RSL discriminator: 0x0c, message type: 0x12, payload: 0c1201900fffff
2026-06-29 06:30:36,367 [DEBUG] Incomplete frame, buffer size: 0, buffer_hex: 
2026-06-29 06:30:36,520 [DEBUG] Received 10 bytes from BTS
2026-06-29 06:30:36,521 [DEBUG] Decoded IPA frame: proto=0x00, payload_len=7, consumed=10, payload_hex: 0c1201900fffff
2026-06-29 06:30:36,521 [DEBUG] RSL message: 0c1201900fffff
2026-06-29 06:30:36,521 [DEBUG] RSL discriminator: 0x0c, message type: 0x12, payload: 0c1201900fffff
2026-06-29 06:30:36,521 [DEBUG] Incomplete frame, buffer size: 0, buffer_hex: 
2026-06-29 06:30:36,564 [INFO] Control Client connected from ('10.42.0.1', 46348)
2026-06-29 06:30:36,565 [INFO] handle_client: Starting, client socket: 11
2026-06-29 06:30:36,565 [INFO] handle_client: WELCOME sent
2026-06-29 06:30:36,615 [INFO] Replaying 12 buffered event(s)
2026-06-29 06:30:36,615 [WARNING] Failed to replay event 1: [Errno 32] Broken pipe
2026-06-29 06:30:36,615 [WARNING] Failed to replay event 2: [Errno 32] Broken pipe
2026-06-29 06:30:36,615 [WARNING] Failed to replay event 3: [Errno 32] Broken pipe
2026-06-29 06:30:36,615 [WARNING] Failed to replay event 4: [Errno 32] Broken pipe
2026-06-29 06:30:36,615 [WARNING] Failed to replay event 5: [Errno 32] Broken pipe
2026-06-29 06:30:36,615 [WARNING] Failed to replay event 6: [Errno 32] Broken pipe
2026-06-29 06:30:36,615 [WARNING] Failed to replay event 7: [Errno 32] Broken pipe
2026-06-29 06:30:36,615 [WARNING] Failed to replay event 8: [Errno 32] Broken pipe
2026-06-29 06:30:36,615 [WARNING] Failed to replay event 9: [Errno 32] Broken pipe
2026-06-29 06:30:36,615 [WARNING] Failed to replay event 10: [Errno 32] Broken pipe
2026-06-29 06:30:36,615 [WARNING] Failed to replay event 11: [Errno 32] Broken pipe
2026-06-29 06:30:36,615 [WARNING] Failed to replay event 12: [Errno 32] Broken pipe
2026-06-29 06:30:36,615 [INFO] handle_client: Entering receive loop
2026-06-29 06:30:36,615 [INFO] handle_client: Received empty data, client closed connection
2026-06-29 06:30:36,615 [INFO] Control Client disconnected
2026-06-29 06:30:37,367 [DEBUG] Received 10 bytes from BTS
2026-06-29 06:30:37,367 [DEBUG] Decoded IPA frame: proto=0x00, payload_len=7, consumed=10, payload_hex: 0c1201900fffff
2026-06-29 06:30:37,367 [DEBUG] RSL message: 0c1201900fffff
2026-06-29 06:30:37,367 [DEBUG] RSL discriminator: 0x0c, message type: 0x12, payload: 0c1201900fffff
2026-06-29 06:30:37,367 [DEBUG] Incomplete frame, buffer size: 0, buffer_hex: 
2026-06-29 06:30:37,521 [DEBUG] Received 10 bytes from BTS
2026-06-29 06:30:37,521 [DEBUG] Decoded IPA frame: proto=0x00, payload_len=7, consumed=10, payload_hex: 0c1201900fffff
2026-06-29 06:30:37,521 [DEBUG] RSL message: 0c1201900fffff
2026-06-29 06:30:37,521 [DEBUG] RSL discriminator: 0x0c, message type: 0x12, payload: 0c1201900fffff
2026-06-29 06:30:37,521 [DEBUG] Incomplete frame, buffer size: 0, buffer_hex: 
2026-06-29 06:30:38,109 [DEBUG] Received 13 bytes from BTS
2026-06-29 06:30:38,110 [DEBUG] Decoded IPA frame: proto=0x00, payload_len=10, consumed=13, payload_hex: 0c130188130d22531100
2026-06-29 06:30:38,110 [DEBUG] RSL message: 0c130188130d22531100
2026-06-29 06:30:38,110 [DEBUG] RSL discriminator: 0x0c, message type: 0x13, payload: 0c130188130d22531100
2026-06-29 06:30:38,110 [INFO] BTS 4242/0/0: CHAN_RQD received - RA=13, FN=5791, payload: 0c130188130d22531100
2026-06-29 06:30:38,110 [INFO] CHAN_RQD: RA=13 FN=5791 BTS=4242/0/0
2026-06-29 06:30:38,110 [INFO] DEBUG: auto_respond=False
2026-06-29 06:30:38,110 [INFO] Sending CHAN_RQD event to control server: RA=13, FN_enc=8787
2026-06-29 06:30:38,110 [DEBUG] Buffered event CHAN_RQD (total buffered: 13)
2026-06-29 06:30:38,110 [DEBUG] Incomplete frame, buffer size: 0, buffer_hex: 
2026-06-29 06:30:38,368 [DEBUG] Received 10 bytes from BTS
2026-06-29 06:30:38,368 [DEBUG] Decoded IPA frame: proto=0x00, payload_len=7, consumed=10, payload_hex: 0c1201900fffff
2026-06-29 06:30:38,368 [DEBUG] RSL message: 0c1201900fffff
2026-06-29 06:30:38,368 [DEBUG] RSL discriminator: 0x0c, message type: 0x12, payload: 0c1201900fffff
2026-06-29 06:30:38,368 [DEBUG] Incomplete frame, buffer size: 0, buffer_hex: 
2026-06-29 06:30:38,522 [DEBUG] Received 10 bytes from BTS
2026-06-29 06:30:38,522 [DEBUG] Decoded IPA frame: proto=0x00, payload_len=7, consumed=10, payload_hex: 0c1201900fffff
2026-06-29 06:30:38,522 [DEBUG] RSL message: 0c1201900fffff
2026-06-29 06:30:38,522 [DEBUG] RSL discriminator: 0x0c, message type: 0x12, payload: 0c1201900fffff
2026-06-29 06:30:38,522 [DEBUG] Incomplete frame, buffer size: 0, buffer_hex: 
2026-06-29 06:30:39,286 [DEBUG] Received 13 bytes from BTS
2026-06-29 06:30:39,286 [DEBUG] Decoded IPA frame: proto=0x00, payload_len=10, consumed=13, payload_hex: 0c130188130d2bb91100
2026-06-29 06:30:39,286 [DEBUG] RSL message: 0c130188130d2bb91100
2026-06-29 06:30:39,286 [DEBUG] RSL discriminator: 0x0c, message type: 0x13, payload: 0c130188130d2bb91100
2026-06-29 06:30:39,286 [INFO] BTS 4242/0/0: CHAN_RQD received - RA=13, FN=7409, payload: 0c130188130d2bb91100
2026-06-29 06:30:39,286 [INFO] CHAN_RQD: RA=13 FN=7409 BTS=4242/0/0
2026-06-29 06:30:39,286 [INFO] DEBUG: auto_respond=False
2026-06-29 06:30:39,286 [INFO] Sending CHAN_RQD event to control server: RA=13, FN_enc=11193
2026-06-29 06:30:39,286 [DEBUG] Buffered event CHAN_RQD (total buffered: 14)
2026-06-29 06:30:39,287 [DEBUG] Incomplete frame, buffer size: 0, buffer_hex: 
2026-06-29 06:30:39,369 [DEBUG] Received 10 bytes from BTS
2026-06-29 06:30:39,369 [DEBUG] Decoded IPA frame: proto=0x00, payload_len=7, consumed=10, payload_hex: 0c1201900fffff
2026-06-29 06:30:39,369 [DEBUG] RSL message: 0c1201900fffff
2026-06-29 06:30:39,369 [DEBUG] RSL discriminator: 0x0c, message type: 0x12, payload: 0c1201900fffff
2026-06-29 06:30:39,369 [DEBUG] Incomplete frame, buffer size: 0, buffer_hex: 
2026-06-29 06:30:39,523 [DEBUG] Received 10 bytes from BTS
2026-06-29 06:30:39,523 [DEBUG] Decoded IPA frame: proto=0x00, payload_len=7, consumed=10, payload_hex: 0c1201900fffff
2026-06-29 06:30:39,523 [DEBUG] RSL message: 0c1201900fffff
2026-06-29 06:30:39,523 [DEBUG] RSL discriminator: 0x0c, message type: 0x12, payload: 0c1201900fffff
2026-06-29 06:30:39,523 [DEBUG] Incomplete frame, buffer size: 0, buffer_hex: 
2026-06-29 06:30:39,565 [INFO] Control Client connected from ('10.42.0.1', 46360)
2026-06-29 06:30:39,565 [INFO] handle_client: Starting, client socket: 7
2026-06-29 06:30:39,565 [INFO] handle_client: WELCOME sent
2026-06-29 06:30:39,615 [INFO] Replaying 14 buffered event(s)
2026-06-29 06:30:39,615 [WARNING] Failed to replay event 1: [Errno 32] Broken pipe
2026-06-29 06:30:39,615 [WARNING] Failed to replay event 2: [Errno 32] Broken pipe
2026-06-29 06:30:39,615 [WARNING] Failed to replay event 3: [Errno 32] Broken pipe
2026-06-29 06:30:39,616 [WARNING] Failed to replay event 4: [Errno 32] Broken pipe
2026-06-29 06:30:39,616 [WARNING] Failed to replay event 5: [Errno 32] Broken pipe
2026-06-29 06:30:39,616 [WARNING] Failed to replay event 6: [Errno 32] Broken pipe
2026-06-29 06:30:39,616 [WARNING] Failed to replay event 7: [Errno 32] Broken pipe
2026-06-29 06:30:39,616 [WARNING] Failed to replay event 8: [Errno 32] Broken pipe
2026-06-29 06:30:39,616 [WARNING] Failed to replay event 9: [Errno 32] Broken pipe
2026-06-29 06:30:39,616 [WARNING] Failed to replay event 10: [Errno 32] Broken pipe
2026-06-29 06:30:39,616 [WARNING] Failed to replay event 11: [Errno 32] Broken pipe
2026-06-29 06:30:39,616 [WARNING] Failed to replay event 12: [Errno 32] Broken pipe
2026-06-29 06:30:39,616 [WARNING] Failed to replay event 13: [Errno 32] Broken pipe
2026-06-29 06:30:39,616 [WARNING] Failed to replay event 14: [Errno 32] Broken pipe
2026-06-29 06:30:39,616 [INFO] handle_client: Entering receive loop
2026-06-29 06:30:39,616 [INFO] handle_client: Received empty data, client closed connection
2026-06-29 06:30:39,616 [INFO] Control Client disconnected
2026-06-29 06:30:40,370 [DEBUG] Received 10 bytes from BTS
2026-06-29 06:30:40,370 [DEBUG] Decoded IPA frame: proto=0x00, payload_len=7, consumed=10, payload_hex: 0c1201900fffff
2026-06-29 06:30:40,370 [DEBUG] RSL message: 0c1201900fffff
2026-06-29 06:30:40,370 [DEBUG] RSL discriminator: 0x0c, message type: 0x12, payload: 0c1201900fffff
2026-06-29 06:30:40,370 [DEBUG] Incomplete frame, buffer size: 0, buffer_hex: 
2026-06-29 06:30:40,462 [DEBUG] Received 13 bytes from BTS
2026-06-29 06:30:40,462 [DEBUG] Decoded IPA frame: proto=0x00, payload_len=10, consumed=13, payload_hex: 0c13018813022bb41100
2026-06-29 06:30:40,462 [DEBUG] RSL message: 0c13018813022bb41100
2026-06-29 06:30:40,462 [DEBUG] RSL discriminator: 0x0c, message type: 0x13, payload: 0c13018813022bb41100
2026-06-29 06:30:40,462 [INFO] BTS 4242/0/0: CHAN_RQD received - RA=2, FN=7404, payload: 0c13018813022bb41100
2026-06-29 06:30:40,462 [INFO] CHAN_RQD: RA=2 FN=7404 BTS=4242/0/0
2026-06-29 06:30:40,462 [INFO] DEBUG: auto_respond=False
2026-06-29 06:30:40,462 [INFO] Sending CHAN_RQD event to control server: RA=2, FN_enc=11188
2026-06-29 06:30:40,463 [DEBUG] Buffered event CHAN_RQD (total buffered: 15)
2026-06-29 06:30:40,463 [DEBUG] Incomplete frame, buffer size: 0, buffer_hex: 
2026-06-29 06:30:40,524 [DEBUG] Received 10 bytes from BTS
2026-06-29 06:30:40,524 [DEBUG] Decoded IPA frame: proto=0x00, payload_len=7, consumed=10, payload_hex: 0c1201900fffff
2026-06-29 06:30:40,524 [DEBUG] RSL message: 0c1201900fffff
2026-06-29 06:30:40,524 [DEBUG] RSL discriminator: 0x0c, message type: 0x12, payload: 0c1201900fffff
2026-06-29 06:30:40,524 [DEBUG] Incomplete frame, buffer size: 0, buffer_hex: 
2026-06-29 06:30:41,370 [DEBUG] Received 10 bytes from BTS
2026-06-29 06:30:41,370 [DEBUG] Decoded IPA frame: proto=0x00, payload_len=7, consumed=10, payload_hex: 0c1201900fffff
2026-06-29 06:30:41,370 [DEBUG] RSL message: 0c1201900fffff
2026-06-29 06:30:41,370 [DEBUG] RSL discriminator: 0x0c, message type: 0x12, payload: 0c1201900fffff
2026-06-29 06:30:41,370 [DEBUG] Incomplete frame, buffer size: 0, buffer_hex: 
2026-06-29 06:30:41,524 [DEBUG] Received 10 bytes from BTS
2026-06-29 06:30:41,524 [DEBUG] Decoded IPA frame: proto=0x00, payload_len=7, consumed=10, payload_hex: 0c1201900fffff
2026-06-29 06:30:41,524 [DEBUG] RSL message: 0c1201900fffff
2026-06-29 06:30:41,524 [DEBUG] RSL discriminator: 0x0c, message type: 0x12, payload: 0c1201900fffff
2026-06-29 06:30:41,524 [DEBUG] Incomplete frame, buffer size: 0, buffer_hex: 
2026-06-29 06:30:41,638 [DEBUG] Received 13 bytes from BTS
2026-06-29 06:30:41,638 [DEBUG] Decoded IPA frame: proto=0x00, payload_len=10, consumed=13, payload_hex: 0c13018813042b8e1100
2026-06-29 06:30:41,639 [DEBUG] RSL message: 0c13018813042b8e1100
2026-06-29 06:30:41,639 [DEBUG] RSL discriminator: 0x0c, message type: 0x13, payload: 0c13018813042b8e1100
2026-06-29 06:30:41,639 [INFO] BTS 4242/0/0: CHAN_RQD received - RA=4, FN=7372, payload: 0c13018813042b8e1100
2026-06-29 06:30:41,639 [INFO] CHAN_RQD: RA=4 FN=7372 BTS=4242/0/0
2026-06-29 06:30:41,639 [INFO] DEBUG: auto_respond=False
2026-06-29 06:30:41,639 [INFO] Sending CHAN_RQD event to control server: RA=4, FN_enc=11150
2026-06-29 06:30:41,639 [DEBUG] Buffered event CHAN_RQD (total buffered: 16)
2026-06-29 06:30:41,639 [DEBUG] Incomplete frame, buffer size: 0, buffer_hex: 
2026-06-29 06:30:42,371 [DEBUG] Received 10 bytes from BTS
2026-06-29 06:30:42,371 [DEBUG] Decoded IPA frame: proto=0x00, payload_len=7, consumed=10, payload_hex: 0c1201900fffff
2026-06-29 06:30:42,371 [DEBUG] RSL message: 0c1201900fffff
2026-06-29 06:30:42,371 [DEBUG] RSL discriminator: 0x0c, message type: 0x12, payload: 0c1201900fffff
2026-06-29 06:30:42,371 [DEBUG] Incomplete frame, buffer size: 0, buffer_hex: 
2026-06-29 06:30:42,525 [DEBUG] Received 10 bytes from BTS
2026-06-29 06:30:42,525 [DEBUG] Decoded IPA frame: proto=0x00, payload_len=7, consumed=10, payload_hex: 0c1201900fffff
2026-06-29 06:30:42,525 [DEBUG] RSL message: 0c1201900fffff
2026-06-29 06:30:42,525 [DEBUG] RSL discriminator: 0x0c, message type: 0x12, payload: 0c1201900fffff
2026-06-29 06:30:42,525 [DEBUG] Incomplete frame, buffer size: 0, buffer_hex: 
2026-06-29 06:30:42,565 [INFO] Control Client connected from ('10.42.0.1', 52058)
2026-06-29 06:30:42,565 [INFO] handle_client: Starting, client socket: 11
2026-06-29 06:30:42,566 [INFO] handle_client: WELCOME sent
2026-06-29 06:30:42,616 [INFO] Replaying 16 buffered event(s)
2026-06-29 06:30:42,616 [WARNING] Failed to replay event 1: [Errno 32] Broken pipe
2026-06-29 06:30:42,616 [WARNING] Failed to replay event 2: [Errno 32] Broken pipe
2026-06-29 06:30:42,616 [WARNING] Failed to replay event 3: [Errno 32] Broken pipe
2026-06-29 06:30:42,616 [WARNING] Failed to replay event 4: [Errno 32] Broken pipe
2026-06-29 06:30:42,616 [WARNING] Failed to replay event 5: [Errno 32] Broken pipe
2026-06-29 06:30:42,616 [WARNING] Failed to replay event 6: [Errno 32] Broken pipe
2026-06-29 06:30:42,616 [WARNING] Failed to replay event 7: [Errno 32] Broken pipe
2026-06-29 06:30:42,616 [WARNING] Failed to replay event 8: [Errno 32] Broken pipe
2026-06-29 06:30:42,616 [WARNING] Failed to replay event 9: [Errno 32] Broken pipe
2026-06-29 06:30:42,616 [WARNING] Failed to replay event 10: [Errno 32] Broken pipe
2026-06-29 06:30:42,617 [WARNING] Failed to replay event 11: [Errno 32] Broken pipe
2026-06-29 06:30:42,617 [WARNING] Failed to replay event 12: [Errno 32] Broken pipe
2026-06-29 06:30:42,617 [WARNING] Failed to replay event 13: [Errno 32] Broken pipe
2026-06-29 06:30:42,617 [WARNING] Failed to replay event 14: [Errno 32] Broken pipe
2026-06-29 06:30:42,617 [WARNING] Failed to replay event 15: [Errno 32] Broken pipe
2026-06-29 06:30:42,617 [WARNING] Failed to replay event 16: [Errno 32] Broken pipe
2026-06-29 06:30:42,617 [INFO] handle_client: Entering receive loop
2026-06-29 06:30:42,617 [INFO] handle_client: Received empty data, client closed connection
2026-06-29 06:30:42,617 [INFO] Control Client disconnected
2026-06-29 06:30:42,817 [DEBUG] Received 13 bytes from BTS
2026-06-29 06:30:42,817 [DEBUG] Decoded IPA frame: proto=0x00, payload_len=10, consumed=13, payload_hex: 0c13018813042ac31100
2026-06-29 06:30:42,817 [DEBUG] RSL message: 0c13018813042ac31100
2026-06-29 06:30:42,817 [DEBUG] RSL discriminator: 0x0c, message type: 0x13, payload: 0c13018813042ac31100
2026-06-29 06:30:42,817 [INFO] BTS 4242/0/0: CHAN_RQD received - RA=4, FN=7205, payload: 0c13018813042ac31100
2026-06-29 06:30:42,817 [INFO] CHAN_RQD: RA=4 FN=7205 BTS=4242/0/0
2026-06-29 06:30:42,817 [INFO] DEBUG: auto_respond=False
2026-06-29 06:30:42,817 [INFO] Sending CHAN_RQD event to control server: RA=4, FN_enc=10947
2026-06-29 06:30:42,817 [DEBUG] Buffered event CHAN_RQD (total buffered: 17)
2026-06-29 06:30:42,817 [DEBUG] Incomplete frame, buffer size: 0, buffer_hex: 
2026-06-29 06:30:43,372 [DEBUG] Received 10 bytes from BTS
2026-06-29 06:30:43,372 [DEBUG] Decoded IPA frame: proto=0x00, payload_len=7, consumed=10, payload_hex: 0c1201900fffff
2026-06-29 06:30:43,372 [DEBUG] RSL message: 0c1201900fffff
2026-06-29 06:30:43,372 [DEBUG] RSL discriminator: 0x0c, message type: 0x12, payload: 0c1201900fffff
2026-06-29 06:30:43,372 [DEBUG] Incomplete frame, buffer size: 0, buffer_hex: 
2026-06-29 06:30:43,526 [DEBUG] Received 10 bytes from BTS
2026-06-29 06:30:43,526 [DEBUG] Decoded IPA frame: proto=0x00, payload_len=7, consumed=10, payload_hex: 0c1201900fffff
2026-06-29 06:30:43,526 [DEBUG] RSL message: 0c1201900fffff
2026-06-29 06:30:43,526 [DEBUG] RSL discriminator: 0x0c, message type: 0x12, payload: 0c1201900fffff
2026-06-29 06:30:43,526 [DEBUG] Incomplete frame, buffer size: 0, buffer_hex: 
2026-06-29 06:30:43,992 [DEBUG] Received 13 bytes from BTS
2026-06-29 06:30:43,992 [DEBUG] Decoded IPA frame: proto=0x00, payload_len=10, consumed=13, payload_hex: 0c13018813082b631100
2026-06-29 06:30:43,992 [DEBUG] RSL message: 0c13018813082b631100
2026-06-29 06:30:43,992 [DEBUG] RSL discriminator: 0x0c, message type: 0x13, payload: 0c13018813082b631100
2026-06-29 06:30:43,992 [INFO] BTS 4242/0/0: CHAN_RQD received - RA=8, FN=7335, payload: 0c13018813082b631100
2026-06-29 06:30:43,992 [INFO] CHAN_RQD: RA=8 FN=7335 BTS=4242/0/0
2026-06-29 06:30:43,992 [INFO] DEBUG: auto_respond=False
2026-06-29 06:30:43,992 [INFO] Sending CHAN_RQD event to control server: RA=8, FN_enc=11107
2026-06-29 06:30:43,992 [DEBUG] Buffered event CHAN_RQD (total buffered: 18)
2026-06-29 06:30:43,992 [DEBUG] Incomplete frame, buffer size: 0, buffer_hex: 
2026-06-29 06:30:44,236 [INFO] Control Client connected from ('10.42.0.1', 52068)
2026-06-29 06:30:44,237 [INFO] handle_client: Starting, client socket: 7
2026-06-29 06:30:44,237 [INFO] handle_client: WELCOME sent
2026-06-29 06:30:44,287 [INFO] Replaying 18 buffered event(s)
2026-06-29 06:30:44,287 [WARNING] Failed to replay event 1: [Errno 32] Broken pipe
2026-06-29 06:30:44,287 [WARNING] Failed to replay event 2: [Errno 32] Broken pipe
2026-06-29 06:30:44,287 [WARNING] Failed to replay event 3: [Errno 32] Broken pipe
2026-06-29 06:30:44,287 [WARNING] Failed to replay event 4: [Errno 32] Broken pipe
2026-06-29 06:30:44,287 [WARNING] Failed to replay event 5: [Errno 32] Broken pipe
2026-06-29 06:30:44,287 [WARNING] Failed to replay event 6: [Errno 32] Broken pipe
2026-06-29 06:30:44,287 [WARNING] Failed to replay event 7: [Errno 32] Broken pipe
2026-06-29 06:30:44,287 [WARNING] Failed to replay event 8: [Errno 32] Broken pipe
2026-06-29 06:30:44,287 [WARNING] Failed to replay event 9: [Errno 32] Broken pipe
2026-06-29 06:30:44,287 [WARNING] Failed to replay event 10: [Errno 32] Broken pipe
2026-06-29 06:30:44,287 [WARNING] Failed to replay event 11: [Errno 32] Broken pipe
2026-06-29 06:30:44,287 [WARNING] Failed to replay event 12: [Errno 32] Broken pipe
2026-06-29 06:30:44,287 [WARNING] Failed to replay event 13: [Errno 32] Broken pipe
2026-06-29 06:30:44,287 [WARNING] Failed to replay event 14: [Errno 32] Broken pipe
2026-06-29 06:30:44,287 [WARNING] Failed to replay event 15: [Errno 32] Broken pipe
2026-06-29 06:30:44,287 [WARNING] Failed to replay event 16: [Errno 32] Broken pipe
2026-06-29 06:30:44,288 [WARNING] Failed to replay event 17: [Errno 32] Broken pipe
2026-06-29 06:30:44,288 [WARNING] Failed to replay event 18: [Errno 32] Broken pipe
2026-06-29 06:30:44,288 [INFO] handle_client: Entering receive loop
2026-06-29 06:30:44,288 [INFO] handle_client: Received empty data, client closed connection
2026-06-29 06:30:44,288 [INFO] Control Client disconnected
2026-06-29 06:30:44,373 [DEBUG] Received 10 bytes from BTS
2026-06-29 06:30:44,373 [DEBUG] Decoded IPA frame: proto=0x00, payload_len=7, consumed=10, payload_hex: 0c1201900fffff
2026-06-29 06:30:44,373 [DEBUG] RSL message: 0c1201900fffff
2026-06-29 06:30:44,373 [DEBUG] RSL discriminator: 0x0c, message type: 0x12, payload: 0c1201900fffff
2026-06-29 06:30:44,373 [DEBUG] Incomplete frame, buffer size: 0, buffer_hex: 
2026-06-29 06:30:44,526 [DEBUG] Received 10 bytes from BTS
2026-06-29 06:30:44,526 [DEBUG] Decoded IPA frame: proto=0x00, payload_len=7, consumed=10, payload_hex: 0c1201900fffff
2026-06-29 06:30:44,526 [DEBUG] RSL message: 0c1201900fffff
2026-06-29 06:30:44,526 [DEBUG] RSL discriminator: 0x0c, message type: 0x12, payload: 0c1201900fffff
2026-06-29 06:30:44,526 [DEBUG] Incomplete frame, buffer size: 0, buffer_hex: 
2026-06-29 06:30:45,168 [DEBUG] Received 13 bytes from BTS
2026-06-29 06:30:45,168 [DEBUG] Decoded IPA frame: proto=0x00, payload_len=10, consumed=13, payload_hex: 0c130188130533c11100
2026-06-29 06:30:45,168 [DEBUG] RSL message: 0c130188130533c11100
2026-06-29 06:30:45,168 [DEBUG] RSL discriminator: 0x0c, message type: 0x13, payload: 0c130188130533c11100
2026-06-29 06:30:45,168 [INFO] BTS 4242/0/0: CHAN_RQD received - RA=5, FN=8737, payload: 0c130188130533c11100
2026-06-29 06:30:45,168 [INFO] CHAN_RQD: RA=5 FN=8737 BTS=4242/0/0
2026-06-29 06:30:45,168 [INFO] DEBUG: auto_respond=False
2026-06-29 06:30:45,168 [INFO] Sending CHAN_RQD event to control server: RA=5, FN_enc=13249
2026-06-29 06:30:45,168 [DEBUG] Buffered event CHAN_RQD (total buffered: 19)
2026-06-29 06:30:45,168 [DEBUG] Incomplete frame, buffer size: 0, buffer_hex: 
2026-06-29 06:30:45,373 [DEBUG] Received 10 bytes from BTS
2026-06-29 06:30:45,373 [DEBUG] Decoded IPA frame: proto=0x00, payload_len=7, consumed=10, payload_hex: 0c1201900fffff
2026-06-29 06:30:45,373 [DEBUG] RSL message: 0c1201900fffff
2026-06-29 06:30:45,373 [DEBUG] RSL discriminator: 0x0c, message type: 0x12, payload: 0c1201900fffff
2026-06-29 06:30:45,373 [DEBUG] Incomplete frame, buffer size: 0, buffer_hex: 
2026-06-29 06:30:45,526 [DEBUG] Received 10 bytes from BTS
2026-06-29 06:30:45,526 [DEBUG] Decoded IPA frame: proto=0x00, payload_len=7, consumed=10, payload_hex: 0c1201900fffff
2026-06-29 06:30:45,526 [DEBUG] RSL message: 0c1201900fffff
2026-06-29 06:30:45,526 [DEBUG] RSL discriminator: 0x0c, message type: 0x12, payload: 0c1201900fffff
2026-06-29 06:30:45,526 [DEBUG] Incomplete frame, buffer size: 0, buffer_hex: 
2026-06-29 06:30:45,564 [INFO] Control Client connected from ('10.42.0.1', 52080)
2026-06-29 06:30:45,565 [INFO] handle_client: Starting, client socket: 11
2026-06-29 06:30:45,565 [INFO] handle_client: WELCOME sent
2026-06-29 06:30:45,615 [INFO] Replaying 19 buffered event(s)
2026-06-29 06:30:45,615 [WARNING] Failed to replay event 1: [Errno 32] Broken pipe
2026-06-29 06:30:45,615 [WARNING] Failed to replay event 2: [Errno 32] Broken pipe
2026-06-29 06:30:45,615 [WARNING] Failed to replay event 3: [Errno 32] Broken pipe
2026-06-29 06:30:45,615 [WARNING] Failed to replay event 4: [Errno 32] Broken pipe
2026-06-29 06:30:45,615 [WARNING] Failed to replay event 5: [Errno 32] Broken pipe
2026-06-29 06:30:45,615 [WARNING] Failed to replay event 6: [Errno 32] Broken pipe
2026-06-29 06:30:45,615 [WARNING] Failed to replay event 7: [Errno 32] Broken pipe
2026-06-29 06:30:45,615 [WARNING] Failed to replay event 8: [Errno 32] Broken pipe
2026-06-29 06:30:45,615 [WARNING] Failed to replay event 9: [Errno 32] Broken pipe
2026-06-29 06:30:45,615 [WARNING] Failed to replay event 10: [Errno 32] Broken pipe
2026-06-29 06:30:45,615 [WARNING] Failed to replay event 11: [Errno 32] Broken pipe
2026-06-29 06:30:45,615 [WARNING] Failed to replay event 12: [Errno 32] Broken pipe
2026-06-29 06:30:45,615 [WARNING] Failed to replay event 13: [Errno 32] Broken pipe
2026-06-29 06:30:45,615 [WARNING] Failed to replay event 14: [Errno 32] Broken pipe
2026-06-29 06:30:45,615 [WARNING] Failed to replay event 15: [Errno 32] Broken pipe
2026-06-29 06:30:45,615 [WARNING] Failed to replay event 16: [Errno 32] Broken pipe
2026-06-29 06:30:45,615 [WARNING] Failed to replay event 17: [Errno 32] Broken pipe
2026-06-29 06:30:45,615 [WARNING] Failed to replay event 18: [Errno 32] Broken pipe
2026-06-29 06:30:45,615 [WARNING] Failed to replay event 19: [Errno 32] Broken pipe
2026-06-29 06:30:45,616 [INFO] handle_client: Entering receive loop
2026-06-29 06:30:45,616 [INFO] handle_client: Received empty data, client closed connection
2026-06-29 06:30:45,616 [INFO] Control Client disconnected
2026-06-29 06:30:46,345 [DEBUG] Received 13 bytes from BTS
2026-06-29 06:30:46,345 [DEBUG] Decoded IPA frame: proto=0x00, payload_len=10, consumed=13, payload_hex: 0c130188130b33d61100
2026-06-29 06:30:46,345 [DEBUG] RSL message: 0c130188130b33d61100
2026-06-29 06:30:46,345 [DEBUG] RSL discriminator: 0x0c, message type: 0x13, payload: 0c130188130b33d61100
2026-06-29 06:30:46,345 [INFO] BTS 4242/0/0: CHAN_RQD received - RA=11, FN=8758, payload: 0c130188130b33d61100
2026-06-29 06:30:46,345 [INFO] CHAN_RQD: RA=11 FN=8758 BTS=4242/0/0
2026-06-29 06:30:46,345 [INFO] DEBUG: auto_respond=False
2026-06-29 06:30:46,346 [INFO] Sending CHAN_RQD event to control server: RA=11, FN_enc=13270
2026-06-29 06:30:46,346 [DEBUG] Buffered event CHAN_RQD (total buffered: 20)
2026-06-29 06:30:46,346 [DEBUG] Incomplete frame, buffer size: 0, buffer_hex: 
2026-06-29 06:30:46,374 [DEBUG] Received 10 bytes from BTS
2026-06-29 06:30:46,374 [DEBUG] Decoded IPA frame: proto=0x00, payload_len=7, consumed=10, payload_hex: 0c1201900fffff
2026-06-29 06:30:46,374 [DEBUG] RSL message: 0c1201900fffff
2026-06-29 06:30:46,374 [DEBUG] RSL discriminator: 0x0c, message type: 0x12, payload: 0c1201900fffff
2026-06-29 06:30:46,374 [DEBUG] Incomplete frame, buffer size: 0, buffer_hex: 
2026-06-29 06:30:46,526 [DEBUG] Received 10 bytes from BTS
2026-06-29 06:30:46,526 [DEBUG] Decoded IPA frame: proto=0x00, payload_len=7, consumed=10, payload_hex: 0c1201900fffff
2026-06-29 06:30:46,526 [DEBUG] RSL message: 0c1201900fffff
2026-06-29 06:30:46,526 [DEBUG] RSL discriminator: 0x0c, message type: 0x12, payload: 0c1201900fffff
2026-06-29 06:30:46,526 [DEBUG] Incomplete frame, buffer size: 0, buffer_hex: 
2026-06-29 06:30:47,374 [DEBUG] Received 10 bytes from BTS
2026-06-29 06:30:47,374 [DEBUG] Decoded IPA frame: proto=0x00, payload_len=7, consumed=10, payload_hex: 0c1201900fffff
2026-06-29 06:30:47,375 [DEBUG] RSL message: 0c1201900fffff
2026-06-29 06:30:47,375 [DEBUG] RSL discriminator: 0x0c, message type: 0x12, payload: 0c1201900fffff
2026-06-29 06:30:47,375 [DEBUG] Incomplete frame, buffer size: 0, buffer_hex: 
2026-06-29 06:30:47,527 [DEBUG] Received 10 bytes from BTS
2026-06-29 06:30:47,527 [DEBUG] Decoded IPA frame: proto=0x00, payload_len=7, consumed=10, payload_hex: 0c1201900fffff
2026-06-29 06:30:47,527 [DEBUG] RSL message: 0c1201900fffff
2026-06-29 06:30:47,527 [DEBUG] RSL discriminator: 0x0c, message type: 0x12, payload: 0c1201900fffff
2026-06-29 06:30:47,527 [DEBUG] Incomplete frame, buffer size: 0, buffer_hex: 
2026-06-29 06:30:48,375 [DEBUG] Received 10 bytes from BTS
2026-06-29 06:30:48,375 [DEBUG] Decoded IPA frame: proto=0x00, payload_len=7, consumed=10, payload_hex: 0c1201900fffff
2026-06-29 06:30:48,375 [DEBUG] RSL message: 0c1201900fffff
2026-06-29 06:30:48,375 [DEBUG] RSL discriminator: 0x0c, message type: 0x12, payload: 0c1201900fffff
2026-06-29 06:30:48,375 [DEBUG] Incomplete frame, buffer size: 0, buffer_hex: 
2026-06-29 06:30:48,528 [DEBUG] Received 10 bytes from BTS
2026-06-29 06:30:48,528 [DEBUG] Decoded IPA frame: proto=0x00, payload_len=7, consumed=10, payload_hex: 0c1201900fffff
2026-06-29 06:30:48,528 [DEBUG] RSL message: 0c1201900fffff
2026-06-29 06:30:48,528 [DEBUG] RSL discriminator: 0x0c, message type: 0x12, payload: 0c1201900fffff
2026-06-29 06:30:48,528 [DEBUG] Incomplete frame, buffer size: 0, buffer_hex: 
2026-06-29 06:30:48,565 [INFO] Control Client connected from ('10.42.0.1', 52090)
2026-06-29 06:30:48,565 [INFO] handle_client: Starting, client socket: 7
2026-06-29 06:30:48,565 [INFO] handle_client: WELCOME sent
2026-06-29 06:30:48,615 [INFO] Replaying 20 buffered event(s)
2026-06-29 06:30:48,616 [WARNING] Failed to replay event 1: [Errno 32] Broken pipe
2026-06-29 06:30:48,616 [WARNING] Failed to replay event 2: [Errno 32] Broken pipe
2026-06-29 06:30:48,616 [WARNING] Failed to replay event 3: [Errno 32] Broken pipe
2026-06-29 06:30:48,616 [WARNING] Failed to replay event 4: [Errno 32] Broken pipe
2026-06-29 06:30:48,616 [WARNING] Failed to replay event 5: [Errno 32] Broken pipe
2026-06-29 06:30:48,616 [WARNING] Failed to replay event 6: [Errno 32] Broken pipe
2026-06-29 06:30:48,616 [WARNING] Failed to replay event 7: [Errno 32] Broken pipe
2026-06-29 06:30:48,616 [WARNING] Failed to replay event 8: [Errno 32] Broken pipe
2026-06-29 06:30:48,616 [WARNING] Failed to replay event 9: [Errno 32] Broken pipe
2026-06-29 06:30:48,616 [WARNING] Failed to replay event 10: [Errno 32] Broken pipe
2026-06-29 06:30:48,616 [WARNING] Failed to replay event 11: [Errno 32] Broken pipe
2026-06-29 06:30:48,616 [WARNING] Failed to replay event 12: [Errno 32] Broken pipe
2026-06-29 06:30:48,616 [WARNING] Failed to replay event 13: [Errno 32] Broken pipe
2026-06-29 06:30:48,616 [WARNING] Failed to replay event 14: [Errno 32] Broken pipe
2026-06-29 06:30:48,616 [WARNING] Failed to replay event 15: [Errno 32] Broken pipe
2026-06-29 06:30:48,616 [WARNING] Failed to replay event 16: [Errno 32] Broken pipe
2026-06-29 06:30:48,616 [WARNING] Failed to replay event 17: [Errno 32] Broken pipe
2026-06-29 06:30:48,616 [WARNING] Failed to replay event 18: [Errno 32] Broken pipe
2026-06-29 06:30:48,617 [WARNING] Failed to replay event 19: [Errno 32] Broken pipe
2026-06-29 06:30:48,617 [WARNING] Failed to replay event 20: [Errno 32] Broken pipe
2026-06-29 06:30:48,617 [INFO] handle_client: Entering receive loop
2026-06-29 06:30:48,617 [INFO] handle_client: Received empty data, client closed connection
2026-06-29 06:30:48,617 [INFO] Control Client disconnected
2026-06-29 06:30:49,375 [DEBUG] Received 10 bytes from BTS
2026-06-29 06:30:49,375 [DEBUG] Decoded IPA frame: proto=0x00, payload_len=7, consumed=10, payload_hex: 0c1201900fffff
2026-06-29 06:30:49,375 [DEBUG] RSL message: 0c1201900fffff
2026-06-29 06:30:49,375 [DEBUG] RSL discriminator: 0x0c, message type: 0x12, payload: 0c1201900fffff
2026-06-29 06:30:49,375 [DEBUG] Incomplete frame, buffer size: 0, buffer_hex: 
2026-06-29 06:30:49,527 [DEBUG] Received 10 bytes from BTS
2026-06-29 06:30:49,527 [DEBUG] Decoded IPA frame: proto=0x00, payload_len=7, consumed=10, payload_hex: 0c1201900fffff
2026-06-29 06:30:49,527 [DEBUG] RSL message: 0c1201900fffff
2026-06-29 06:30:49,527 [DEBUG] RSL discriminator: 0x0c, message type: 0x12, payload: 0c1201900fffff
2026-06-29 06:30:49,527 [DEBUG] Incomplete frame, buffer size: 0, buffer_hex: 
2026-06-29 06:30:50,375 [DEBUG] Received 10 bytes from BTS
2026-06-29 06:30:50,375 [DEBUG] Decoded IPA frame: proto=0x00, payload_len=7, consumed=10, payload_hex: 0c1201900fffff
2026-06-29 06:30:50,375 [DEBUG] RSL message: 0c1201900fffff
2026-06-29 06:30:50,375 [DEBUG] RSL discriminator: 0x0c, message type: 0x12, payload: 0c1201900fffff
2026-06-29 06:30:50,375 [DEBUG] Incomplete frame, buffer size: 0, buffer_hex: 
2026-06-29 06:30:50,528 [DEBUG] Received 10 bytes from BTS
2026-06-29 06:30:50,528 [DEBUG] Decoded IPA frame: proto=0x00, payload_len=7, consumed=10, payload_hex: 0c1201900fffff
2026-06-29 06:30:50,528 [DEBUG] RSL message: 0c1201900fffff
2026-06-29 06:30:50,528 [DEBUG] RSL discriminator: 0x0c, message type: 0x12, payload: 0c1201900fffff
2026-06-29 06:30:50,528 [DEBUG] Incomplete frame, buffer size: 0, buffer_hex: 
2026-06-29 06:30:51,376 [DEBUG] Received 10 bytes from BTS
2026-06-29 06:30:51,376 [DEBUG] Decoded IPA frame: proto=0x00, payload_len=7, consumed=10, payload_hex: 0c1201900fffff
2026-06-29 06:30:51,376 [DEBUG] RSL message: 0c1201900fffff
2026-06-29 06:30:51,376 [DEBUG] RSL discriminator: 0x0c, message type: 0x12, payload: 0c1201900fffff
2026-06-29 06:30:51,376 [DEBUG] Incomplete frame, buffer size: 0, buffer_hex: 
2026-06-29 06:30:51,529 [DEBUG] Received 10 bytes from BTS
2026-06-29 06:30:51,529 [DEBUG] Decoded IPA frame: proto=0x00, payload_len=7, consumed=10, payload_hex: 0c1201900fffff
2026-06-29 06:30:51,529 [DEBUG] RSL message: 0c1201900fffff
2026-06-29 06:30:51,529 [DEBUG] RSL discriminator: 0x0c, message type: 0x12, payload: 0c1201900fffff
2026-06-29 06:30:51,529 [DEBUG] Incomplete frame, buffer size: 0, buffer_hex: 
2026-06-29 06:30:51,564 [INFO] Control Client connected from ('10.42.0.1', 44678)
2026-06-29 06:30:51,565 [INFO] handle_client: Starting, client socket: 11
2026-06-29 06:30:51,565 [INFO] handle_client: WELCOME sent
2026-06-29 06:30:51,616 [INFO] Replaying 20 buffered event(s)
2026-06-29 06:30:51,616 [WARNING] Failed to replay event 1: [Errno 32] Broken pipe
2026-06-29 06:30:51,616 [WARNING] Failed to replay event 2: [Errno 32] Broken pipe
2026-06-29 06:30:51,616 [WARNING] Failed to replay event 3: [Errno 32] Broken pipe
2026-06-29 06:30:51,616 [WARNING] Failed to replay event 4: [Errno 32] Broken pipe
2026-06-29 06:30:51,616 [WARNING] Failed to replay event 5: [Errno 32] Broken pipe
2026-06-29 06:30:51,616 [WARNING] Failed to replay event 6: [Errno 32] Broken pipe
2026-06-29 06:30:51,616 [WARNING] Failed to replay event 7: [Errno 32] Broken pipe
2026-06-29 06:30:51,616 [WARNING] Failed to replay event 8: [Errno 32] Broken pipe
2026-06-29 06:30:51,616 [WARNING] Failed to replay event 9: [Errno 32] Broken pipe
2026-06-29 06:30:51,616 [WARNING] Failed to replay event 10: [Errno 32] Broken pipe
2026-06-29 06:30:51,616 [WARNING] Failed to replay event 11: [Errno 32] Broken pipe
2026-06-29 06:30:51,616 [WARNING] Failed to replay event 12: [Errno 32] Broken pipe
2026-06-29 06:30:51,616 [WARNING] Failed to replay event 13: [Errno 32] Broken pipe
2026-06-29 06:30:51,616 [WARNING] Failed to replay event 14: [Errno 32] Broken pipe
2026-06-29 06:30:51,616 [WARNING] Failed to replay event 15: [Errno 32] Broken pipe
2026-06-29 06:30:51,616 [WARNING] Failed to replay event 16: [Errno 32] Broken pipe
2026-06-29 06:30:51,616 [WARNING] Failed to replay event 17: [Errno 32] Broken pipe
2026-06-29 06:30:51,616 [WARNING] Failed to replay event 18: [Errno 32] Broken pipe
2026-06-29 06:30:51,616 [WARNING] Failed to replay event 19: [Errno 32] Broken pipe
2026-06-29 06:30:51,616 [WARNING] Failed to replay event 20: [Errno 32] Broken pipe
2026-06-29 06:30:51,616 [INFO] handle_client: Entering receive loop
2026-06-29 06:30:51,616 [INFO] handle_client: Received empty data, client closed connection
2026-06-29 06:30:51,616 [INFO] Control Client disconnected
2026-06-29 06:30:52,377 [DEBUG] Received 10 bytes from BTS
2026-06-29 06:30:52,377 [DEBUG] Decoded IPA frame: proto=0x00, payload_len=7, consumed=10, payload_hex: 0c1201900fffff
2026-06-29 06:30:52,377 [DEBUG] RSL message: 0c1201900fffff
2026-06-29 06:30:52,377 [DEBUG] RSL discriminator: 0x0c, message type: 0x12, payload: 0c1201900fffff
2026-06-29 06:30:52,377 [DEBUG] Incomplete frame, buffer size: 0, buffer_hex: 
2026-06-29 06:30:52,529 [DEBUG] Received 10 bytes from BTS
2026-06-29 06:30:52,529 [DEBUG] Decoded IPA frame: proto=0x00, payload_len=7, consumed=10, payload_hex: 0c1201900fffff
2026-06-29 06:30:52,529 [DEBUG] RSL message: 0c1201900fffff
2026-06-29 06:30:52,529 [DEBUG] RSL discriminator: 0x0c, message type: 0x12, payload: 0c1201900fffff
2026-06-29 06:30:52,529 [DEBUG] Incomplete frame, buffer size: 0, buffer_hex: 
2026-06-29 06:30:53,378 [DEBUG] Received 10 bytes from BTS
2026-06-29 06:30:53,378 [DEBUG] Decoded IPA frame: proto=0x00, payload_len=7, consumed=10, payload_hex: 0c1201900fffff
2026-06-29 06:30:53,378 [DEBUG] RSL message: 0c1201900fffff
2026-06-29 06:30:53,378 [DEBUG] RSL discriminator: 0x0c, message type: 0x12, payload: 0c1201900fffff
2026-06-29 06:30:53,378 [DEBUG] Incomplete frame, buffer size: 0, buffer_hex: 
2026-06-29 06:30:53,529 [DEBUG] Received 10 bytes from BTS
2026-06-29 06:30:53,529 [DEBUG] Decoded IPA frame: proto=0x00, payload_len=7, consumed=10, payload_hex: 0c1201900fffff
2026-06-29 06:30:53,529 [DEBUG] RSL message: 0c1201900fffff
2026-06-29 06:30:53,529 [DEBUG] RSL discriminator: 0x0c, message type: 0x12, payload: 0c1201900fffff
2026-06-29 06:30:53,529 [DEBUG] Incomplete frame, buffer size: 0, buffer_hex: 
2026-06-29 06:30:54,236 [INFO] Control Client connected from ('10.42.0.1', 44682)
2026-06-29 06:30:54,236 [INFO] handle_client: Starting, client socket: 7
2026-06-29 06:30:54,236 [INFO] handle_client: WELCOME sent
2026-06-29 06:30:54,286 [INFO] Replaying 20 buffered event(s)
2026-06-29 06:30:54,287 [WARNING] Failed to replay event 1: [Errno 32] Broken pipe
2026-06-29 06:30:54,287 [WARNING] Failed to replay event 2: [Errno 32] Broken pipe
2026-06-29 06:30:54,287 [WARNING] Failed to replay event 3: [Errno 32] Broken pipe
2026-06-29 06:30:54,287 [WARNING] Failed to replay event 4: [Errno 32] Broken pipe
2026-06-29 06:30:54,287 [WARNING] Failed to replay event 5: [Errno 32] Broken pipe
2026-06-29 06:30:54,287 [WARNING] Failed to replay event 6: [Errno 32] Broken pipe
2026-06-29 06:30:54,287 [WARNING] Failed to replay event 7: [Errno 32] Broken pipe
2026-06-29 06:30:54,287 [WARNING] Failed to replay event 8: [Errno 32] Broken pipe
2026-06-29 06:30:54,287 [WARNING] Failed to replay event 9: [Errno 32] Broken pipe
2026-06-29 06:30:54,287 [WARNING] Failed to replay event 10: [Errno 32] Broken pipe
2026-06-29 06:30:54,287 [WARNING] Failed to replay event 11: [Errno 32] Broken pipe
2026-06-29 06:30:54,287 [WARNING] Failed to replay event 12: [Errno 32] Broken pipe
2026-06-29 06:30:54,287 [WARNING] Failed to replay event 13: [Errno 32] Broken pipe
2026-06-29 06:30:54,287 [WARNING] Failed to replay event 14: [Errno 32] Broken pipe
2026-06-29 06:30:54,287 [WARNING] Failed to replay event 15: [Errno 32] Broken pipe
2026-06-29 06:30:54,287 [WARNING] Failed to replay event 16: [Errno 32] Broken pipe
2026-06-29 06:30:54,287 [WARNING] Failed to replay event 17: [Errno 32] Broken pipe
2026-06-29 06:30:54,287 [WARNING] Failed to replay event 18: [Errno 32] Broken pipe
2026-06-29 06:30:54,287 [WARNING] Failed to replay event 19: [Errno 32] Broken pipe
2026-06-29 06:30:54,287 [WARNING] Failed to replay event 20: [Errno 32] Broken pipe
2026-06-29 06:30:54,287 [INFO] handle_client: Entering receive loop
2026-06-29 06:30:54,287 [INFO] handle_client: Received empty data, client closed connection
2026-06-29 06:30:54,287 [INFO] Control Client disconnected
2026-06-29 06:30:54,378 [DEBUG] Received 10 bytes from BTS
2026-06-29 06:30:54,379 [DEBUG] Decoded IPA frame: proto=0x00, payload_len=7, consumed=10, payload_hex: 0c1201900fffff
2026-06-29 06:30:54,379 [DEBUG] RSL message: 0c1201900fffff
2026-06-29 06:30:54,379 [DEBUG] RSL discriminator: 0x0c, message type: 0x12, payload: 0c1201900fffff
2026-06-29 06:30:54,379 [DEBUG] Incomplete frame, buffer size: 0, buffer_hex: 
2026-06-29 06:30:54,530 [DEBUG] Received 10 bytes from BTS
2026-06-29 06:30:54,530 [DEBUG] Decoded IPA frame: proto=0x00, payload_len=7, consumed=10, payload_hex: 0c1201900fffff
2026-06-29 06:30:54,530 [DEBUG] RSL message: 0c1201900fffff
2026-06-29 06:30:54,530 [DEBUG] RSL discriminator: 0x0c, message type: 0x12, payload: 0c1201900fffff
2026-06-29 06:30:54,530 [DEBUG] Incomplete frame, buffer size: 0, buffer_hex: 
2026-06-29 06:30:54,565 [INFO] Control Client connected from ('10.42.0.1', 44690)
2026-06-29 06:30:54,565 [INFO] handle_client: Starting, client socket: 11
2026-06-29 06:30:54,565 [INFO] handle_client: WELCOME sent
2026-06-29 06:30:54,615 [INFO] Replaying 20 buffered event(s)
2026-06-29 06:30:54,616 [WARNING] Failed to replay event 1: [Errno 32] Broken pipe
2026-06-29 06:30:54,616 [WARNING] Failed to replay event 2: [Errno 32] Broken pipe
2026-06-29 06:30:54,616 [WARNING] Failed to replay event 3: [Errno 32] Broken pipe
2026-06-29 06:30:54,616 [WARNING] Failed to replay event 4: [Errno 32] Broken pipe
2026-06-29 06:30:54,616 [WARNING] Failed to replay event 5: [Errno 32] Broken pipe
2026-06-29 06:30:54,616 [WARNING] Failed to replay event 6: [Errno 32] Broken pipe
2026-06-29 06:30:54,616 [WARNING] Failed to replay event 7: [Errno 32] Broken pipe
2026-06-29 06:30:54,616 [WARNING] Failed to replay event 8: [Errno 32] Broken pipe
2026-06-29 06:30:54,616 [WARNING] Failed to replay event 9: [Errno 32] Broken pipe
2026-06-29 06:30:54,616 [WARNING] Failed to replay event 10: [Errno 32] Broken pipe
2026-06-29 06:30:54,616 [WARNING] Failed to replay event 11: [Errno 32] Broken pipe
2026-06-29 06:30:54,616 [WARNING] Failed to replay event 12: [Errno 32] Broken pipe
2026-06-29 06:30:54,616 [WARNING] Failed to replay event 13: [Errno 32] Broken pipe
2026-06-29 06:30:54,616 [WARNING] Failed to replay event 14: [Errno 32] Broken pipe
2026-06-29 06:30:54,616 [WARNING] Failed to replay event 15: [Errno 32] Broken pipe
2026-06-29 06:30:54,616 [WARNING] Failed to replay event 16: [Errno 32] Broken pipe
2026-06-29 06:30:54,616 [WARNING] Failed to replay event 17: [Errno 32] Broken pipe
2026-06-29 06:30:54,616 [WARNING] Failed to replay event 18: [Errno 32] Broken pipe
2026-06-29 06:30:54,616 [WARNING] Failed to replay event 19: [Errno 32] Broken pipe
2026-06-29 06:30:54,616 [WARNING] Failed to replay event 20: [Errno 32] Broken pipe
2026-06-29 06:30:54,616 [INFO] handle_client: Entering receive loop
2026-06-29 06:30:54,616 [INFO] handle_client: Received empty data, client closed connection
2026-06-29 06:30:54,616 [INFO] Control Client disconnected
2026-06-29 06:30:55,379 [DEBUG] Received 10 bytes from BTS
2026-06-29 06:30:55,379 [DEBUG] Decoded IPA frame: proto=0x00, payload_len=7, consumed=10, payload_hex: 0c1201900fffff
2026-06-29 06:30:55,379 [DEBUG] RSL message: 0c1201900fffff
2026-06-29 06:30:55,379 [DEBUG] RSL discriminator: 0x0c, message type: 0x12, payload: 0c1201900fffff
2026-06-29 06:30:55,379 [DEBUG] Incomplete frame, buffer size: 0, buffer_hex: 
2026-06-29 06:30:55,531 [DEBUG] Received 10 bytes from BTS
2026-06-29 06:30:55,531 [DEBUG] Decoded IPA frame: proto=0x00, payload_len=7, consumed=10, payload_hex: 0c1201900fffff
2026-06-29 06:30:55,531 [DEBUG] RSL message: 0c1201900fffff
2026-06-29 06:30:55,531 [DEBUG] RSL discriminator: 0x0c, message type: 0x12, payload: 0c1201900fffff
2026-06-29 06:30:55,531 [DEBUG] Incomplete frame, buffer size: 0, buffer_hex: 
2026-06-29 06:30:56,379 [DEBUG] Received 10 bytes from BTS
2026-06-29 06:30:56,379 [DEBUG] Decoded IPA frame: proto=0x00, payload_len=7, consumed=10, payload_hex: 0c1201900fffff
2026-06-29 06:30:56,379 [DEBUG] RSL message: 0c1201900fffff
2026-06-29 06:30:56,379 [DEBUG] RSL discriminator: 0x0c, message type: 0x12, payload: 0c1201900fffff
2026-06-29 06:30:56,379 [DEBUG] Incomplete frame, buffer size: 0, buffer_hex: 
2026-06-29 06:30:56,531 [DEBUG] Received 10 bytes from BTS
2026-06-29 06:30:56,531 [DEBUG] Decoded IPA frame: proto=0x00, payload_len=7, consumed=10, payload_hex: 0c1201900fffff
2026-06-29 06:30:56,531 [DEBUG] RSL message: 0c1201900fffff
2026-06-29 06:30:56,531 [DEBUG] RSL discriminator: 0x0c, message type: 0x12, payload: 0c1201900fffff
2026-06-29 06:30:56,531 [DEBUG] Incomplete frame, buffer size: 0, buffer_hex: 
2026-06-29 06:30:57,379 [DEBUG] Received 10 bytes from BTS
2026-06-29 06:30:57,379 [DEBUG] Decoded IPA frame: proto=0x00, payload_len=7, consumed=10, payload_hex: 0c1201900fffff
2026-06-29 06:30:57,380 [DEBUG] RSL message: 0c1201900fffff
2026-06-29 06:30:57,380 [DEBUG] RSL discriminator: 0x0c, message type: 0x12, payload: 0c1201900fffff
2026-06-29 06:30:57,380 [DEBUG] Incomplete frame, buffer size: 0, buffer_hex: 
2026-06-29 06:30:57,532 [DEBUG] Received 10 bytes from BTS
2026-06-29 06:30:57,532 [DEBUG] Decoded IPA frame: proto=0x00, payload_len=7, consumed=10, payload_hex: 0c1201900fffff
2026-06-29 06:30:57,532 [DEBUG] RSL message: 0c1201900fffff
2026-06-29 06:30:57,532 [DEBUG] RSL discriminator: 0x0c, message type: 0x12, payload: 0c1201900fffff
2026-06-29 06:30:57,532 [DEBUG] Incomplete frame, buffer size: 0, buffer_hex: 
2026-06-29 06:30:57,565 [INFO] Control Client connected from ('10.42.0.1', 44700)
2026-06-29 06:30:57,566 [INFO] handle_client: Starting, client socket: 7
2026-06-29 06:30:57,566 [INFO] handle_client: WELCOME sent
2026-06-29 06:30:57,617 [INFO] Replaying 20 buffered event(s)
2026-06-29 06:30:57,617 [WARNING] Failed to replay event 1: [Errno 32] Broken pipe
2026-06-29 06:30:57,617 [WARNING] Failed to replay event 2: [Errno 32] Broken pipe
2026-06-29 06:30:57,617 [WARNING] Failed to replay event 3: [Errno 32] Broken pipe
2026-06-29 06:30:57,617 [WARNING] Failed to replay event 4: [Errno 32] Broken pipe
2026-06-29 06:30:57,617 [WARNING] Failed to replay event 5: [Errno 32] Broken pipe
2026-06-29 06:30:57,617 [WARNING] Failed to replay event 6: [Errno 32] Broken pipe
2026-06-29 06:30:57,617 [WARNING] Failed to replay event 7: [Errno 32] Broken pipe
2026-06-29 06:30:57,617 [WARNING] Failed to replay event 8: [Errno 32] Broken pipe
2026-06-29 06:30:57,617 [WARNING] Failed to replay event 9: [Errno 32] Broken pipe
2026-06-29 06:30:57,617 [WARNING] Failed to replay event 10: [Errno 32] Broken pipe
2026-06-29 06:30:57,617 [WARNING] Failed to replay event 11: [Errno 32] Broken pipe
2026-06-29 06:30:57,617 [WARNING] Failed to replay event 12: [Errno 32] Broken pipe
2026-06-29 06:30:57,617 [WARNING] Failed to replay event 13: [Errno 32] Broken pipe
2026-06-29 06:30:57,617 [WARNING] Failed to replay event 14: [Errno 32] Broken pipe
2026-06-29 06:30:57,617 [WARNING] Failed to replay event 15: [Errno 32] Broken pipe
2026-06-29 06:30:57,617 [WARNING] Failed to replay event 16: [Errno 32] Broken pipe
2026-06-29 06:30:57,617 [WARNING] Failed to replay event 17: [Errno 32] Broken pipe
2026-06-29 06:30:57,617 [WARNING] Failed to replay event 18: [Errno 32] Broken pipe
2026-06-29 06:30:57,617 [WARNING] Failed to replay event 19: [Errno 32] Broken pipe
2026-06-29 06:30:57,617 [WARNING] Failed to replay event 20: [Errno 32] Broken pipe
2026-06-29 06:30:57,617 [INFO] handle_client: Entering receive loop
2026-06-29 06:30:57,617 [INFO] handle_client: Received empty data, client closed connection
2026-06-29 06:30:57,617 [INFO] Control Client disconnected
2026-06-29 06:30:58,380 [DEBUG] Received 10 bytes from BTS
2026-06-29 06:30:58,380 [DEBUG] Decoded IPA frame: proto=0x00, payload_len=7, consumed=10, payload_hex: 0c1201900fffff
2026-06-29 06:30:58,380 [DEBUG] RSL message: 0c1201900fffff
2026-06-29 06:30:58,380 [DEBUG] RSL discriminator: 0x0c, message type: 0x12, payload: 0c1201900fffff
2026-06-29 06:30:58,380 [DEBUG] Incomplete frame, buffer size: 0, buffer_hex: 
2026-06-29 06:30:58,532 [DEBUG] Received 10 bytes from BTS
2026-06-29 06:30:58,532 [DEBUG] Decoded IPA frame: proto=0x00, payload_len=7, consumed=10, payload_hex: 0c1201900fffff
2026-06-29 06:30:58,532 [DEBUG] RSL message: 0c1201900fffff
2026-06-29 06:30:58,532 [DEBUG] RSL discriminator: 0x0c, message type: 0x12, payload: 0c1201900fffff
2026-06-29 06:30:58,532 [DEBUG] Incomplete frame, buffer size: 0, buffer_hex: 
2026-06-29 06:30:59,380 [DEBUG] Received 10 bytes from BTS
2026-06-29 06:30:59,381 [DEBUG] Decoded IPA frame: proto=0x00, payload_len=7, consumed=10, payload_hex: 0c1201900fffff
2026-06-29 06:30:59,381 [DEBUG] RSL message: 0c1201900fffff
2026-06-29 06:30:59,381 [DEBUG] RSL discriminator: 0x0c, message type: 0x12, payload: 0c1201900fffff
2026-06-29 06:30:59,381 [DEBUG] Incomplete frame, buffer size: 0, buffer_hex: 
2026-06-29 06:30:59,533 [DEBUG] Received 10 bytes from BTS
2026-06-29 06:30:59,533 [DEBUG] Decoded IPA frame: proto=0x00, payload_len=7, consumed=10, payload_hex: 0c1201900fffff
2026-06-29 06:30:59,533 [DEBUG] RSL message: 0c1201900fffff
2026-06-29 06:30:59,533 [DEBUG] RSL discriminator: 0x0c, message type: 0x12, payload: 0c1201900fffff
2026-06-29 06:30:59,533 [DEBUG] Incomplete frame, buffer size: 0, buffer_hex: 
2026-06-29 06:31:00,382 [DEBUG] Received 10 bytes from BTS
2026-06-29 06:31:00,382 [DEBUG] Decoded IPA frame: proto=0x00, payload_len=7, consumed=10, payload_hex: 0c1201900fffff
2026-06-29 06:31:00,382 [DEBUG] RSL message: 0c1201900fffff
2026-06-29 06:31:00,382 [DEBUG] RSL discriminator: 0x0c, message type: 0x12, payload: 0c1201900fffff
2026-06-29 06:31:00,382 [DEBUG] Incomplete frame, buffer size: 0, buffer_hex: 
2026-06-29 06:31:00,533 [DEBUG] Received 10 bytes from BTS
2026-06-29 06:31:00,534 [DEBUG] Decoded IPA frame: proto=0x00, payload_len=7, consumed=10, payload_hex: 0c1201900fffff
2026-06-29 06:31:00,534 [DEBUG] RSL message: 0c1201900fffff
2026-06-29 06:31:00,534 [DEBUG] RSL discriminator: 0x0c, message type: 0x12, payload: 0c1201900fffff
2026-06-29 06:31:00,534 [DEBUG] Incomplete frame, buffer size: 0, buffer_hex: 
2026-06-29 06:31:00,565 [INFO] Control Client connected from ('10.42.0.1', 44710)
2026-06-29 06:31:00,565 [INFO] handle_client: Starting, client socket: 11
2026-06-29 06:31:00,565 [INFO] handle_client: WELCOME sent
2026-06-29 06:31:00,616 [INFO] Replaying 20 buffered event(s)
2026-06-29 06:31:00,616 [WARNING] Failed to replay event 1: [Errno 32] Broken pipe
2026-06-29 06:31:00,616 [WARNING] Failed to replay event 2: [Errno 32] Broken pipe
2026-06-29 06:31:00,616 [WARNING] Failed to replay event 3: [Errno 32] Broken pipe
2026-06-29 06:31:00,616 [WARNING] Failed to replay event 4: [Errno 32] Broken pipe
2026-06-29 06:31:00,616 [WARNING] Failed to replay event 5: [Errno 32] Broken pipe
2026-06-29 06:31:00,617 [WARNING] Failed to replay event 6: [Errno 32] Broken pipe
2026-06-29 06:31:00,617 [WARNING] Failed to replay event 7: [Errno 32] Broken pipe
2026-06-29 06:31:00,617 [WARNING] Failed to replay event 8: [Errno 32] Broken pipe
2026-06-29 06:31:00,617 [WARNING] Failed to replay event 9: [Errno 32] Broken pipe
2026-06-29 06:31:00,617 [WARNING] Failed to replay event 10: [Errno 32] Broken pipe
2026-06-29 06:31:00,617 [WARNING] Failed to replay event 11: [Errno 32] Broken pipe
2026-06-29 06:31:00,617 [WARNING] Failed to replay event 12: [Errno 32] Broken pipe
2026-06-29 06:31:00,617 [WARNING] Failed to replay event 13: [Errno 32] Broken pipe
2026-06-29 06:31:00,617 [WARNING] Failed to replay event 14: [Errno 32] Broken pipe
2026-06-29 06:31:00,617 [WARNING] Failed to replay event 15: [Errno 32] Broken pipe
2026-06-29 06:31:00,617 [WARNING] Failed to replay event 16: [Errno 32] Broken pipe
2026-06-29 06:31:00,617 [WARNING] Failed to replay event 17: [Errno 32] Broken pipe
2026-06-29 06:31:00,617 [WARNING] Failed to replay event 18: [Errno 32] Broken pipe
2026-06-29 06:31:00,617 [WARNING] Failed to replay event 19: [Errno 32] Broken pipe
2026-06-29 06:31:00,617 [WARNING] Failed to replay event 20: [Errno 32] Broken pipe
2026-06-29 06:31:00,617 [INFO] handle_client: Entering receive loop
2026-06-29 06:31:00,617 [INFO] handle_client: Received empty data, client closed connection
2026-06-29 06:31:00,617 [INFO] Control Client disconnected
2026-06-29 06:31:01,382 [DEBUG] Received 10 bytes from BTS
2026-06-29 06:31:01,383 [DEBUG] Decoded IPA frame: proto=0x00, payload_len=7, consumed=10, payload_hex: 0c1201900fffff
2026-06-29 06:31:01,383 [DEBUG] RSL message: 0c1201900fffff
2026-06-29 06:31:01,383 [DEBUG] RSL discriminator: 0x0c, message type: 0x12, payload: 0c1201900fffff
2026-06-29 06:31:01,383 [DEBUG] Incomplete frame, buffer size: 0, buffer_hex: 
2026-06-29 06:31:01,534 [DEBUG] Received 10 bytes from BTS
2026-06-29 06:31:01,534 [DEBUG] Decoded IPA frame: proto=0x00, payload_len=7, consumed=10, payload_hex: 0c1201900fffff
2026-06-29 06:31:01,534 [DEBUG] RSL message: 0c1201900fffff
2026-06-29 06:31:01,534 [DEBUG] RSL discriminator: 0x0c, message type: 0x12, payload: 0c1201900fffff
2026-06-29 06:31:01,534 [DEBUG] Incomplete frame, buffer size: 0, buffer_hex: 
2026-06-29 06:31:02,383 [DEBUG] Received 10 bytes from BTS
2026-06-29 06:31:02,383 [DEBUG] Decoded IPA frame: proto=0x00, payload_len=7, consumed=10, payload_hex: 0c1201900fffff
2026-06-29 06:31:02,383 [DEBUG] RSL message: 0c1201900fffff
2026-06-29 06:31:02,383 [DEBUG] RSL discriminator: 0x0c, message type: 0x12, payload: 0c1201900fffff
2026-06-29 06:31:02,383 [DEBUG] Incomplete frame, buffer size: 0, buffer_hex: 
2026-06-29 06:31:02,535 [DEBUG] Received 10 bytes from BTS
2026-06-29 06:31:02,535 [DEBUG] Decoded IPA frame: proto=0x00, payload_len=7, consumed=10, payload_hex: 0c1201900fffff
2026-06-29 06:31:02,535 [DEBUG] RSL message: 0c1201900fffff
2026-06-29 06:31:02,536 [DEBUG] RSL discriminator: 0x0c, message type: 0x12, payload: 0c1201900fffff
2026-06-29 06:31:02,536 [DEBUG] Incomplete frame, buffer size: 0, buffer_hex: 
2026-06-29 06:31:03,384 [DEBUG] Received 10 bytes from BTS
2026-06-29 06:31:03,385 [DEBUG] Decoded IPA frame: proto=0x00, payload_len=7, consumed=10, payload_hex: 0c1201900fffff
2026-06-29 06:31:03,385 [DEBUG] RSL message: 0c1201900fffff
2026-06-29 06:31:03,385 [DEBUG] RSL discriminator: 0x0c, message type: 0x12, payload: 0c1201900fffff
2026-06-29 06:31:03,385 [DEBUG] Incomplete frame, buffer size: 0, buffer_hex: 
2026-06-29 06:31:03,535 [DEBUG] Received 10 bytes from BTS
2026-06-29 06:31:03,535 [DEBUG] Decoded IPA frame: proto=0x00, payload_len=7, consumed=10, payload_hex: 0c1201900fffff
2026-06-29 06:31:03,535 [DEBUG] RSL message: 0c1201900fffff
2026-06-29 06:31:03,535 [DEBUG] RSL discriminator: 0x0c, message type: 0x12, payload: 0c1201900fffff
2026-06-29 06:31:03,535 [DEBUG] Incomplete frame, buffer size: 0, buffer_hex: 
2026-06-29 06:31:03,565 [INFO] Control Client connected from ('10.42.0.1', 51426)
2026-06-29 06:31:03,565 [INFO] handle_client: Starting, client socket: 7
2026-06-29 06:31:03,565 [INFO] handle_client: WELCOME sent
2026-06-29 06:31:03,615 [INFO] Replaying 20 buffered event(s)
2026-06-29 06:31:03,615 [WARNING] Failed to replay event 1: [Errno 32] Broken pipe
2026-06-29 06:31:03,615 [WARNING] Failed to replay event 2: [Errno 32] Broken pipe
2026-06-29 06:31:03,615 [WARNING] Failed to replay event 3: [Errno 32] Broken pipe
2026-06-29 06:31:03,615 [WARNING] Failed to replay event 4: [Errno 32] Broken pipe
2026-06-29 06:31:03,615 [WARNING] Failed to replay event 5: [Errno 32] Broken pipe
2026-06-29 06:31:03,615 [WARNING] Failed to replay event 6: [Errno 32] Broken pipe
2026-06-29 06:31:03,616 [WARNING] Failed to replay event 7: [Errno 32] Broken pipe
2026-06-29 06:31:03,616 [WARNING] Failed to replay event 8: [Errno 32] Broken pipe
2026-06-29 06:31:03,616 [WARNING] Failed to replay event 9: [Errno 32] Broken pipe
2026-06-29 06:31:03,616 [WARNING] Failed to replay event 10: [Errno 32] Broken pipe
2026-06-29 06:31:03,616 [WARNING] Failed to replay event 11: [Errno 32] Broken pipe
2026-06-29 06:31:03,616 [WARNING] Failed to replay event 12: [Errno 32] Broken pipe
2026-06-29 06:31:03,616 [WARNING] Failed to replay event 13: [Errno 32] Broken pipe
2026-06-29 06:31:03,616 [WARNING] Failed to replay event 14: [Errno 32] Broken pipe
2026-06-29 06:31:03,616 [WARNING] Failed to replay event 15: [Errno 32] Broken pipe
2026-06-29 06:31:03,616 [WARNING] Failed to replay event 16: [Errno 32] Broken pipe
2026-06-29 06:31:03,616 [WARNING] Failed to replay event 17: [Errno 32] Broken pipe
2026-06-29 06:31:03,616 [WARNING] Failed to replay event 18: [Errno 32] Broken pipe
2026-06-29 06:31:03,616 [WARNING] Failed to replay event 19: [Errno 32] Broken pipe
2026-06-29 06:31:03,616 [WARNING] Failed to replay event 20: [Errno 32] Broken pipe
2026-06-29 06:31:03,616 [INFO] handle_client: Entering receive loop
2026-06-29 06:31:03,616 [INFO] handle_client: Received empty data, client closed connection
2026-06-29 06:31:03,616 [INFO] Control Client disconnected
2026-06-29 06:31:04,236 [INFO] Control Client connected from ('10.42.0.1', 51440)
2026-06-29 06:31:04,237 [INFO] handle_client: Starting, client socket: 11
2026-06-29 06:31:04,237 [INFO] handle_client: WELCOME sent
2026-06-29 06:31:04,287 [INFO] Replaying 20 buffered event(s)
2026-06-29 06:31:04,287 [WARNING] Failed to replay event 1: [Errno 32] Broken pipe
2026-06-29 06:31:04,287 [WARNING] Failed to replay event 2: [Errno 32] Broken pipe
2026-06-29 06:31:04,287 [WARNING] Failed to replay event 3: [Errno 32] Broken pipe
2026-06-29 06:31:04,287 [WARNING] Failed to replay event 4: [Errno 32] Broken pipe
2026-06-29 06:31:04,287 [WARNING] Failed to replay event 5: [Errno 32] Broken pipe
2026-06-29 06:31:04,287 [WARNING] Failed to replay event 6: [Errno 32] Broken pipe
2026-06-29 06:31:04,287 [WARNING] Failed to replay event 7: [Errno 32] Broken pipe
2026-06-29 06:31:04,287 [WARNING] Failed to replay event 8: [Errno 32] Broken pipe
2026-06-29 06:31:04,287 [WARNING] Failed to replay event 9: [Errno 32] Broken pipe
2026-06-29 06:31:04,287 [WARNING] Failed to replay event 10: [Errno 32] Broken pipe
2026-06-29 06:31:04,287 [WARNING] Failed to replay event 11: [Errno 32] Broken pipe
2026-06-29 06:31:04,287 [WARNING] Failed to replay event 12: [Errno 32] Broken pipe
2026-06-29 06:31:04,287 [WARNING] Failed to replay event 13: [Errno 32] Broken pipe
2026-06-29 06:31:04,287 [WARNING] Failed to replay event 14: [Errno 32] Broken pipe
2026-06-29 06:31:04,287 [WARNING] Failed to replay event 15: [Errno 32] Broken pipe
2026-06-29 06:31:04,287 [WARNING] Failed to replay event 16: [Errno 32] Broken pipe
2026-06-29 06:31:04,287 [WARNING] Failed to replay event 17: [Errno 32] Broken pipe
2026-06-29 06:31:04,287 [WARNING] Failed to replay event 18: [Errno 32] Broken pipe
2026-06-29 06:31:04,287 [WARNING] Failed to replay event 19: [Errno 32] Broken pipe
2026-06-29 06:31:04,287 [WARNING] Failed to replay event 20: [Errno 32] Broken pipe
2026-06-29 06:31:04,287 [INFO] handle_client: Entering receive loop
2026-06-29 06:31:04,287 [INFO] handle_client: Received empty data, client closed connection
2026-06-29 06:31:04,287 [INFO] Control Client disconnected
2026-06-29 06:31:04,385 [DEBUG] Received 10 bytes from BTS
2026-06-29 06:31:04,385 [DEBUG] Decoded IPA frame: proto=0x00, payload_len=7, consumed=10, payload_hex: 0c1201900fffff
2026-06-29 06:31:04,385 [DEBUG] RSL message: 0c1201900fffff
2026-06-29 06:31:04,385 [DEBUG] RSL discriminator: 0x0c, message type: 0x12, payload: 0c1201900fffff
2026-06-29 06:31:04,385 [DEBUG] Incomplete frame, buffer size: 0, buffer_hex: 
2026-06-29 06:31:04,536 [DEBUG] Received 10 bytes from BTS
2026-06-29 06:31:04,536 [DEBUG] Decoded IPA frame: proto=0x00, payload_len=7, consumed=10, payload_hex: 0c1201900fffff
2026-06-29 06:31:04,536 [DEBUG] RSL message: 0c1201900fffff
2026-06-29 06:31:04,536 [DEBUG] RSL discriminator: 0x0c, message type: 0x12, payload: 0c1201900fffff
2026-06-29 06:31:04,536 [DEBUG] Incomplete frame, buffer size: 0, buffer_hex: 
2026-06-29 06:31:05,386 [DEBUG] Received 10 bytes from BTS
2026-06-29 06:31:05,386 [DEBUG] Decoded IPA frame: proto=0x00, payload_len=7, consumed=10, payload_hex: 0c1201900fffff
2026-06-29 06:31:05,386 [DEBUG] RSL message: 0c1201900fffff
2026-06-29 06:31:05,386 [DEBUG] RSL discriminator: 0x0c, message type: 0x12, payload: 0c1201900fffff
2026-06-29 06:31:05,386 [DEBUG] Incomplete frame, buffer size: 0, buffer_hex: 
2026-06-29 06:31:05,536 [DEBUG] Received 10 bytes from BTS
2026-06-29 06:31:05,536 [DEBUG] Decoded IPA frame: proto=0x00, payload_len=7, consumed=10, payload_hex: 0c1201900fffff
2026-06-29 06:31:05,536 [DEBUG] RSL message: 0c1201900fffff
2026-06-29 06:31:05,536 [DEBUG] RSL discriminator: 0x0c, message type: 0x12, payload: 0c1201900fffff
2026-06-29 06:31:05,536 [DEBUG] Incomplete frame, buffer size: 0, buffer_hex: 
2026-06-29 06:31:06,386 [DEBUG] Received 10 bytes from BTS
2026-06-29 06:31:06,386 [DEBUG] Decoded IPA frame: proto=0x00, payload_len=7, consumed=10, payload_hex: 0c1201900fffff
2026-06-29 06:31:06,386 [DEBUG] RSL message: 0c1201900fffff
2026-06-29 06:31:06,387 [DEBUG] RSL discriminator: 0x0c, message type: 0x12, payload: 0c1201900fffff
2026-06-29 06:31:06,387 [DEBUG] Incomplete frame, buffer size: 0, buffer_hex: 
2026-06-29 06:31:06,536 [DEBUG] Received 10 bytes from BTS
2026-06-29 06:31:06,536 [DEBUG] Decoded IPA frame: proto=0x00, payload_len=7, consumed=10, payload_hex: 0c1201900fffff
2026-06-29 06:31:06,536 [DEBUG] RSL message: 0c1201900fffff
2026-06-29 06:31:06,536 [DEBUG] RSL discriminator: 0x0c, message type: 0x12, payload: 0c1201900fffff
2026-06-29 06:31:06,536 [DEBUG] Incomplete frame, buffer size: 0, buffer_hex: 
2026-06-29 06:31:06,564 [INFO] Control Client connected from ('10.42.0.1', 51454)
2026-06-29 06:31:06,565 [INFO] handle_client: Starting, client socket: 7
2026-06-29 06:31:06,565 [INFO] handle_client: WELCOME sent
2026-06-29 06:31:06,586 [DEBUG] Received 13 bytes from BTS
2026-06-29 06:31:06,586 [DEBUG] Decoded IPA frame: proto=0x00, payload_len=10, consumed=13, payload_hex: 0c130188130d4a211100
2026-06-29 06:31:06,586 [DEBUG] RSL message: 0c130188130d4a211100
2026-06-29 06:31:06,586 [DEBUG] RSL discriminator: 0x0c, message type: 0x13, payload: 0c130188130d4a211100
2026-06-29 06:31:06,587 [INFO] BTS 4242/0/0: CHAN_RQD received - RA=13, FN=12377, payload: 0c130188130d4a211100
2026-06-29 06:31:06,587 [INFO] CHAN_RQD: RA=13 FN=12377 BTS=4242/0/0
2026-06-29 06:31:06,587 [INFO] DEBUG: auto_respond=False
2026-06-29 06:31:06,587 [INFO] Sending CHAN_RQD event to control server: RA=13, FN_enc=18977
2026-06-29 06:31:06,587 [ERROR] Failed to send event CHAN_RQD to client fd=7: [Errno 32] Broken pipe - removing
2026-06-29 06:31:06,587 [DEBUG] Buffered event CHAN_RQD after all sends failed (total buffered: 21)
2026-06-29 06:31:06,587 [DEBUG] Incomplete frame, buffer size: 0, buffer_hex: 
2026-06-29 06:31:06,615 [INFO] Replaying 21 buffered event(s)
2026-06-29 06:31:06,615 [WARNING] Failed to replay event 1: [Errno 32] Broken pipe
2026-06-29 06:31:06,615 [WARNING] Failed to replay event 2: [Errno 32] Broken pipe
2026-06-29 06:31:06,615 [WARNING] Failed to replay event 3: [Errno 32] Broken pipe
2026-06-29 06:31:06,615 [WARNING] Failed to replay event 4: [Errno 32] Broken pipe
2026-06-29 06:31:06,615 [WARNING] Failed to replay event 5: [Errno 32] Broken pipe
2026-06-29 06:31:06,615 [WARNING] Failed to replay event 6: [Errno 32] Broken pipe
2026-06-29 06:31:06,615 [WARNING] Failed to replay event 7: [Errno 32] Broken pipe
2026-06-29 06:31:06,615 [WARNING] Failed to replay event 8: [Errno 32] Broken pipe
2026-06-29 06:31:06,615 [WARNING] Failed to replay event 9: [Errno 32] Broken pipe
2026-06-29 06:31:06,615 [WARNING] Failed to replay event 10: [Errno 32] Broken pipe
2026-06-29 06:31:06,615 [WARNING] Failed to replay event 11: [Errno 32] Broken pipe
2026-06-29 06:31:06,615 [WARNING] Failed to replay event 12: [Errno 32] Broken pipe
2026-06-29 06:31:06,615 [WARNING] Failed to replay event 13: [Errno 32] Broken pipe
2026-06-29 06:31:06,615 [WARNING] Failed to replay event 14: [Errno 32] Broken pipe
2026-06-29 06:31:06,616 [WARNING] Failed to replay event 15: [Errno 32] Broken pipe
2026-06-29 06:31:06,616 [WARNING] Failed to replay event 16: [Errno 32] Broken pipe
2026-06-29 06:31:06,616 [WARNING] Failed to replay event 17: [Errno 32] Broken pipe
2026-06-29 06:31:06,616 [WARNING] Failed to replay event 18: [Errno 32] Broken pipe
2026-06-29 06:31:06,616 [WARNING] Failed to replay event 19: [Errno 32] Broken pipe
2026-06-29 06:31:06,616 [WARNING] Failed to replay event 20: [Errno 32] Broken pipe
2026-06-29 06:31:06,616 [WARNING] Failed to replay event 21: [Errno 32] Broken pipe
2026-06-29 06:31:06,616 [INFO] handle_client: Entering receive loop
2026-06-29 06:31:06,616 [INFO] handle_client: Received empty data, client closed connection
2026-06-29 06:31:06,616 [INFO] Control Client disconnected
2026-06-29 06:31:07,386 [DEBUG] Received 10 bytes from BTS
2026-06-29 06:31:07,387 [DEBUG] Decoded IPA frame: proto=0x00, payload_len=7, consumed=10, payload_hex: 0c1201900fffff
2026-06-29 06:31:07,387 [DEBUG] RSL message: 0c1201900fffff
2026-06-29 06:31:07,387 [DEBUG] RSL discriminator: 0x0c, message type: 0x12, payload: 0c1201900fffff
2026-06-29 06:31:07,387 [DEBUG] Incomplete frame, buffer size: 0, buffer_hex: 
2026-06-29 06:31:07,537 [DEBUG] Received 10 bytes from BTS
2026-06-29 06:31:07,537 [DEBUG] Decoded IPA frame: proto=0x00, payload_len=7, consumed=10, payload_hex: 0c1201900fffff
2026-06-29 06:31:07,537 [DEBUG] RSL message: 0c1201900fffff
2026-06-29 06:31:07,537 [DEBUG] RSL discriminator: 0x0c, message type: 0x12, payload: 0c1201900fffff
2026-06-29 06:31:07,537 [DEBUG] Incomplete frame, buffer size: 0, buffer_hex: 
2026-06-29 06:31:07,763 [DEBUG] Received 13 bytes from BTS
2026-06-29 06:31:07,764 [DEBUG] Decoded IPA frame: proto=0x00, payload_len=10, consumed=13, payload_hex: 0c13018813094bc91100
2026-06-29 06:31:07,764 [DEBUG] RSL message: 0c13018813094bc91100
2026-06-29 06:31:07,764 [DEBUG] RSL discriminator: 0x0c, message type: 0x13, payload: 0c13018813094bc91100
2026-06-29 06:31:07,764 [INFO] BTS 4242/0/0: CHAN_RQD received - RA=9, FN=12723, payload: 0c13018813094bc91100
2026-06-29 06:31:07,764 [INFO] CHAN_RQD: RA=9 FN=12723 BTS=4242/0/0
2026-06-29 06:31:07,764 [INFO] DEBUG: auto_respond=False
2026-06-29 06:31:07,764 [INFO] Sending CHAN_RQD event to control server: RA=9, FN_enc=19401
2026-06-29 06:31:07,764 [DEBUG] Buffered event CHAN_RQD (total buffered: 22)
2026-06-29 06:31:07,764 [DEBUG] Incomplete frame, buffer size: 0, buffer_hex: 
2026-06-29 06:31:08,387 [DEBUG] Received 10 bytes from BTS
2026-06-29 06:31:08,387 [DEBUG] Decoded IPA frame: proto=0x00, payload_len=7, consumed=10, payload_hex: 0c1201900fffff
2026-06-29 06:31:08,387 [DEBUG] RSL message: 0c1201900fffff
2026-06-29 06:31:08,387 [DEBUG] RSL discriminator: 0x0c, message type: 0x12, payload: 0c1201900fffff
2026-06-29 06:31:08,387 [DEBUG] Incomplete frame, buffer size: 0, buffer_hex: 
2026-06-29 06:31:08,538 [DEBUG] Received 10 bytes from BTS
2026-06-29 06:31:08,538 [DEBUG] Decoded IPA frame: proto=0x00, payload_len=7, consumed=10, payload_hex: 0c1201900fffff
2026-06-29 06:31:08,538 [DEBUG] RSL message: 0c1201900fffff
2026-06-29 06:31:08,538 [DEBUG] RSL discriminator: 0x0c, message type: 0x12, payload: 0c1201900fffff
2026-06-29 06:31:08,538 [DEBUG] Incomplete frame, buffer size: 0, buffer_hex: 
2026-06-29 06:31:08,940 [DEBUG] Received 13 bytes from BTS
2026-06-29 06:31:08,941 [DEBUG] Decoded IPA frame: proto=0x00, payload_len=10, consumed=13, payload_hex: 0c130188130053401100
2026-06-29 06:31:08,941 [DEBUG] RSL message: 0c130188130053401100
2026-06-29 06:31:08,941 [DEBUG] RSL discriminator: 0x0c, message type: 0x13, payload: 0c130188130053401100
2026-06-29 06:31:08,941 [INFO] BTS 4242/0/0: CHAN_RQD received - RA=0, FN=13936, payload: 0c130188130053401100
2026-06-29 06:31:08,941 [INFO] CHAN_RQD: RA=0 FN=13936 BTS=4242/0/0
2026-06-29 06:31:08,941 [INFO] DEBUG: auto_respond=False
2026-06-29 06:31:08,941 [INFO] Sending CHAN_RQD event to control server: RA=0, FN_enc=21312
2026-06-29 06:31:08,941 [DEBUG] Buffered event CHAN_RQD (total buffered: 23)
2026-06-29 06:31:08,941 [DEBUG] Incomplete frame, buffer size: 0, buffer_hex: 
2026-06-29 06:31:09,388 [DEBUG] Received 10 bytes from BTS
2026-06-29 06:31:09,388 [DEBUG] Decoded IPA frame: proto=0x00, payload_len=7, consumed=10, payload_hex: 0c1201900fffff
2026-06-29 06:31:09,388 [DEBUG] RSL message: 0c1201900fffff
2026-06-29 06:31:09,388 [DEBUG] RSL discriminator: 0x0c, message type: 0x12, payload: 0c1201900fffff
2026-06-29 06:31:09,388 [DEBUG] Incomplete frame, buffer size: 0, buffer_hex: 
2026-06-29 06:31:09,538 [DEBUG] Received 10 bytes from BTS
2026-06-29 06:31:09,538 [DEBUG] Decoded IPA frame: proto=0x00, payload_len=7, consumed=10, payload_hex: 0c1201900fffff
2026-06-29 06:31:09,538 [DEBUG] RSL message: 0c1201900fffff
2026-06-29 06:31:09,538 [DEBUG] RSL discriminator: 0x0c, message type: 0x12, payload: 0c1201900fffff
2026-06-29 06:31:09,538 [DEBUG] Incomplete frame, buffer size: 0, buffer_hex: 
2026-06-29 06:31:09,565 [INFO] Control Client connected from ('10.42.0.1', 51464)
2026-06-29 06:31:09,565 [INFO] handle_client: Starting, client socket: 11
2026-06-29 06:31:09,565 [INFO] handle_client: WELCOME sent
2026-06-29 06:31:09,615 [INFO] Replaying 23 buffered event(s)
2026-06-29 06:31:09,616 [WARNING] Failed to replay event 1: [Errno 32] Broken pipe
2026-06-29 06:31:09,616 [WARNING] Failed to replay event 2: [Errno 32] Broken pipe
2026-06-29 06:31:09,616 [WARNING] Failed to replay event 3: [Errno 32] Broken pipe
2026-06-29 06:31:09,616 [WARNING] Failed to replay event 4: [Errno 32] Broken pipe
2026-06-29 06:31:09,616 [WARNING] Failed to replay event 5: [Errno 32] Broken pipe
2026-06-29 06:31:09,616 [WARNING] Failed to replay event 6: [Errno 32] Broken pipe
2026-06-29 06:31:09,616 [WARNING] Failed to replay event 7: [Errno 32] Broken pipe
2026-06-29 06:31:09,616 [WARNING] Failed to replay event 8: [Errno 32] Broken pipe
2026-06-29 06:31:09,616 [WARNING] Failed to replay event 9: [Errno 32] Broken pipe
2026-06-29 06:31:09,616 [WARNING] Failed to replay event 10: [Errno 32] Broken pipe
2026-06-29 06:31:09,616 [WARNING] Failed to replay event 11: [Errno 32] Broken pipe
2026-06-29 06:31:09,616 [WARNING] Failed to replay event 12: [Errno 32] Broken pipe
2026-06-29 06:31:09,616 [WARNING] Failed to replay event 13: [Errno 32] Broken pipe
2026-06-29 06:31:09,616 [WARNING] Failed to replay event 14: [Errno 32] Broken pipe
2026-06-29 06:31:09,616 [WARNING] Failed to replay event 15: [Errno 32] Broken pipe
2026-06-29 06:31:09,616 [WARNING] Failed to replay event 16: [Errno 32] Broken pipe
2026-06-29 06:31:09,616 [WARNING] Failed to replay event 17: [Errno 32] Broken pipe
2026-06-29 06:31:09,616 [WARNING] Failed to replay event 18: [Errno 32] Broken pipe
2026-06-29 06:31:09,616 [WARNING] Failed to replay event 19: [Errno 32] Broken pipe
2026-06-29 06:31:09,616 [WARNING] Failed to replay event 20: [Errno 32] Broken pipe
2026-06-29 06:31:09,616 [WARNING] Failed to replay event 21: [Errno 32] Broken pipe
2026-06-29 06:31:09,616 [WARNING] Failed to replay event 22: [Errno 32] Broken pipe
2026-06-29 06:31:09,616 [WARNING] Failed to replay event 23: [Errno 32] Broken pipe
2026-06-29 06:31:09,616 [INFO] handle_client: Entering receive loop
2026-06-29 06:31:09,616 [INFO] handle_client: Received empty data, client closed connection
2026-06-29 06:31:09,616 [INFO] Control Client disconnected
2026-06-29 06:31:10,118 [DEBUG] Received 13 bytes from BTS
2026-06-29 06:31:10,118 [DEBUG] Decoded IPA frame: proto=0x00, payload_len=10, consumed=13, payload_hex: 0c130188130653761100
2026-06-29 06:31:10,118 [DEBUG] RSL message: 0c130188130653761100
2026-06-29 06:31:10,118 [DEBUG] RSL discriminator: 0x0c, message type: 0x13, payload: 0c130188130653761100
2026-06-29 06:31:10,118 [INFO] BTS 4242/0/0: CHAN_RQD received - RA=6, FN=13984, payload: 0c130188130653761100
2026-06-29 06:31:10,118 [INFO] CHAN_RQD: RA=6 FN=13984 BTS=4242/0/0
2026-06-29 06:31:10,118 [INFO] DEBUG: auto_respond=False
2026-06-29 06:31:10,118 [INFO] Sending CHAN_RQD event to control server: RA=6, FN_enc=21366
2026-06-29 06:31:10,118 [DEBUG] Buffered event CHAN_RQD (total buffered: 24)
2026-06-29 06:31:10,118 [DEBUG] Incomplete frame, buffer size: 0, buffer_hex: 
2026-06-29 06:31:10,388 [DEBUG] Received 10 bytes from BTS
2026-06-29 06:31:10,389 [DEBUG] Decoded IPA frame: proto=0x00, payload_len=7, consumed=10, payload_hex: 0c1201900fffff
2026-06-29 06:31:10,389 [DEBUG] RSL message: 0c1201900fffff
2026-06-29 06:31:10,389 [DEBUG] RSL discriminator: 0x0c, message type: 0x12, payload: 0c1201900fffff
2026-06-29 06:31:10,389 [DEBUG] Incomplete frame, buffer size: 0, buffer_hex: 
2026-06-29 06:31:10,539 [DEBUG] Received 10 bytes from BTS
2026-06-29 06:31:10,539 [DEBUG] Decoded IPA frame: proto=0x00, payload_len=7, consumed=10, payload_hex: 0c1201900fffff
2026-06-29 06:31:10,539 [DEBUG] RSL message: 0c1201900fffff
2026-06-29 06:31:10,539 [DEBUG] RSL discriminator: 0x0c, message type: 0x12, payload: 0c1201900fffff
2026-06-29 06:31:10,539 [DEBUG] Incomplete frame, buffer size: 0, buffer_hex: 
2026-06-29 06:31:11,294 [DEBUG] Received 13 bytes from BTS
2026-06-29 06:31:11,294 [DEBUG] Decoded IPA frame: proto=0x00, payload_len=10, consumed=13, payload_hex: 0c130188130c53711100
2026-06-29 06:31:11,294 [DEBUG] RSL message: 0c130188130c53711100
2026-06-29 06:31:11,294 [DEBUG] RSL discriminator: 0x0c, message type: 0x13, payload: 0c130188130c53711100
2026-06-29 06:31:11,294 [INFO] BTS 4242/0/0: CHAN_RQD received - RA=12, FN=13979, payload: 0c130188130c53711100
2026-06-29 06:31:11,294 [INFO] CHAN_RQD: RA=12 FN=13979 BTS=4242/0/0
2026-06-29 06:31:11,294 [INFO] DEBUG: auto_respond=False
2026-06-29 06:31:11,294 [INFO] Sending CHAN_RQD event to control server: RA=12, FN_enc=21361
2026-06-29 06:31:11,294 [DEBUG] Buffered event CHAN_RQD (total buffered: 25)
2026-06-29 06:31:11,294 [DEBUG] Incomplete frame, buffer size: 0, buffer_hex: 
2026-06-29 06:31:11,390 [DEBUG] Received 10 bytes from BTS
2026-06-29 06:31:11,390 [DEBUG] Decoded IPA frame: proto=0x00, payload_len=7, consumed=10, payload_hex: 0c1201900fffff
2026-06-29 06:31:11,390 [DEBUG] RSL message: 0c1201900fffff
2026-06-29 06:31:11,390 [DEBUG] RSL discriminator: 0x0c, message type: 0x12, payload: 0c1201900fffff
2026-06-29 06:31:11,390 [DEBUG] Incomplete frame, buffer size: 0, buffer_hex: 
2026-06-29 06:31:11,539 [DEBUG] Received 10 bytes from BTS
2026-06-29 06:31:11,539 [DEBUG] Decoded IPA frame: proto=0x00, payload_len=7, consumed=10, payload_hex: 0c1201900fffff
2026-06-29 06:31:11,539 [DEBUG] RSL message: 0c1201900fffff
2026-06-29 06:31:11,539 [DEBUG] RSL discriminator: 0x0c, message type: 0x12, payload: 0c1201900fffff
2026-06-29 06:31:11,539 [DEBUG] Incomplete frame, buffer size: 0, buffer_hex: 
2026-06-29 06:31:12,390 [DEBUG] Received 10 bytes from BTS
2026-06-29 06:31:12,390 [DEBUG] Decoded IPA frame: proto=0x00, payload_len=7, consumed=10, payload_hex: 0c1201900fffff
2026-06-29 06:31:12,390 [DEBUG] RSL message: 0c1201900fffff
2026-06-29 06:31:12,390 [DEBUG] RSL discriminator: 0x0c, message type: 0x12, payload: 0c1201900fffff
2026-06-29 06:31:12,390 [DEBUG] Incomplete frame, buffer size: 0, buffer_hex: 
2026-06-29 06:31:12,471 [DEBUG] Received 13 bytes from BTS
2026-06-29 06:31:12,471 [DEBUG] Decoded IPA frame: proto=0x00, payload_len=10, consumed=13, payload_hex: 0c130188130652c71100
2026-06-29 06:31:12,471 [DEBUG] RSL message: 0c130188130652c71100
2026-06-29 06:31:12,471 [DEBUG] RSL discriminator: 0x0c, message type: 0x13, payload: 0c130188130652c71100
2026-06-29 06:31:12,471 [INFO] BTS 4242/0/0: CHAN_RQD received - RA=6, FN=13839, payload: 0c130188130652c71100
2026-06-29 06:31:12,471 [INFO] CHAN_RQD: RA=6 FN=13839 BTS=4242/0/0
2026-06-29 06:31:12,471 [INFO] DEBUG: auto_respond=False
2026-06-29 06:31:12,471 [INFO] Sending CHAN_RQD event to control server: RA=6, FN_enc=21191
2026-06-29 06:31:12,471 [DEBUG] Buffered event CHAN_RQD (total buffered: 26)
2026-06-29 06:31:12,471 [DEBUG] Incomplete frame, buffer size: 0, buffer_hex: 
2026-06-29 06:31:12,540 [DEBUG] Received 10 bytes from BTS
2026-06-29 06:31:12,540 [DEBUG] Decoded IPA frame: proto=0x00, payload_len=7, consumed=10, payload_hex: 0c1201900fffff
2026-06-29 06:31:12,540 [DEBUG] RSL message: 0c1201900fffff
2026-06-29 06:31:12,540 [DEBUG] RSL discriminator: 0x0c, message type: 0x12, payload: 0c1201900fffff
2026-06-29 06:31:12,540 [DEBUG] Incomplete frame, buffer size: 0, buffer_hex: 
2026-06-29 06:31:12,565 [INFO] Control Client connected from ('10.42.0.1', 50976)
2026-06-29 06:31:12,565 [INFO] handle_client: Starting, client socket: 7
2026-06-29 06:31:12,565 [INFO] handle_client: WELCOME sent
2026-06-29 06:31:12,616 [INFO] Replaying 26 buffered event(s)
2026-06-29 06:31:12,616 [WARNING] Failed to replay event 1: [Errno 32] Broken pipe
2026-06-29 06:31:12,616 [WARNING] Failed to replay event 2: [Errno 32] Broken pipe
2026-06-29 06:31:12,616 [WARNING] Failed to replay event 3: [Errno 32] Broken pipe
2026-06-29 06:31:12,616 [WARNING] Failed to replay event 4: [Errno 32] Broken pipe
2026-06-29 06:31:12,616 [WARNING] Failed to replay event 5: [Errno 32] Broken pipe
2026-06-29 06:31:12,616 [WARNING] Failed to replay event 6: [Errno 32] Broken pipe
2026-06-29 06:31:12,616 [WARNING] Failed to replay event 7: [Errno 32] Broken pipe
2026-06-29 06:31:12,616 [WARNING] Failed to replay event 8: [Errno 32] Broken pipe
2026-06-29 06:31:12,616 [WARNING] Failed to replay event 9: [Errno 32] Broken pipe
2026-06-29 06:31:12,616 [WARNING] Failed to replay event 10: [Errno 32] Broken pipe
2026-06-29 06:31:12,616 [WARNING] Failed to replay event 11: [Errno 32] Broken pipe
2026-06-29 06:31:12,616 [WARNING] Failed to replay event 12: [Errno 32] Broken pipe
2026-06-29 06:31:12,616 [WARNING] Failed to replay event 13: [Errno 32] Broken pipe
2026-06-29 06:31:12,616 [WARNING] Failed to replay event 14: [Errno 32] Broken pipe
2026-06-29 06:31:12,617 [WARNING] Failed to replay event 15: [Errno 32] Broken pipe
2026-06-29 06:31:12,617 [WARNING] Failed to replay event 16: [Errno 32] Broken pipe
2026-06-29 06:31:12,617 [WARNING] Failed to replay event 17: [Errno 32] Broken pipe
2026-06-29 06:31:12,617 [WARNING] Failed to replay event 18: [Errno 32] Broken pipe
2026-06-29 06:31:12,617 [WARNING] Failed to replay event 19: [Errno 32] Broken pipe
2026-06-29 06:31:12,617 [WARNING] Failed to replay event 20: [Errno 32] Broken pipe
2026-06-29 06:31:12,617 [WARNING] Failed to replay event 21: [Errno 32] Broken pipe
2026-06-29 06:31:12,617 [WARNING] Failed to replay event 22: [Errno 32] Broken pipe
2026-06-29 06:31:12,617 [WARNING] Failed to replay event 23: [Errno 32] Broken pipe
2026-06-29 06:31:12,617 [WARNING] Failed to replay event 24: [Errno 32] Broken pipe
2026-06-29 06:31:12,617 [WARNING] Failed to replay event 25: [Errno 32] Broken pipe
2026-06-29 06:31:12,617 [WARNING] Failed to replay event 26: [Errno 32] Broken pipe
2026-06-29 06:31:12,617 [INFO] handle_client: Entering receive loop
2026-06-29 06:31:12,617 [INFO] handle_client: Received empty data, client closed connection
2026-06-29 06:31:12,617 [INFO] Control Client disconnected
2026-06-29 06:31:13,391 [DEBUG] Received 10 bytes from BTS
2026-06-29 06:31:13,391 [DEBUG] Decoded IPA frame: proto=0x00, payload_len=7, consumed=10, payload_hex: 0c1201900fffff
2026-06-29 06:31:13,391 [DEBUG] RSL message: 0c1201900fffff
2026-06-29 06:31:13,391 [DEBUG] RSL discriminator: 0x0c, message type: 0x12, payload: 0c1201900fffff
2026-06-29 06:31:13,391 [DEBUG] Incomplete frame, buffer size: 0, buffer_hex: 
2026-06-29 06:31:13,540 [DEBUG] Received 10 bytes from BTS
2026-06-29 06:31:13,540 [DEBUG] Decoded IPA frame: proto=0x00, payload_len=7, consumed=10, payload_hex: 0c1201900fffff
2026-06-29 06:31:13,540 [DEBUG] RSL message: 0c1201900fffff
2026-06-29 06:31:13,540 [DEBUG] RSL discriminator: 0x0c, message type: 0x12, payload: 0c1201900fffff
2026-06-29 06:31:13,540 [DEBUG] Incomplete frame, buffer size: 0, buffer_hex: 
2026-06-29 06:31:13,647 [DEBUG] Received 13 bytes from BTS
2026-06-29 06:31:13,647 [DEBUG] Decoded IPA frame: proto=0x00, payload_len=10, consumed=13, payload_hex: 0c130188130e52a11100
2026-06-29 06:31:13,647 [DEBUG] RSL message: 0c130188130e52a11100
2026-06-29 06:31:13,647 [DEBUG] RSL discriminator: 0x0c, message type: 0x13, payload: 0c130188130e52a11100
2026-06-29 06:31:13,648 [INFO] BTS 4242/0/0: CHAN_RQD received - RA=14, FN=13807, payload: 0c130188130e52a11100
2026-06-29 06:31:13,648 [INFO] CHAN_RQD: RA=14 FN=13807 BTS=4242/0/0
2026-06-29 06:31:13,648 [INFO] DEBUG: auto_respond=False
2026-06-29 06:31:13,648 [INFO] Sending CHAN_RQD event to control server: RA=14, FN_enc=21153
2026-06-29 06:31:13,648 [DEBUG] Buffered event CHAN_RQD (total buffered: 27)
2026-06-29 06:31:13,648 [DEBUG] Incomplete frame, buffer size: 0, buffer_hex: 
2026-06-29 06:31:14,236 [INFO] Control Client connected from ('10.42.0.1', 50990)
2026-06-29 06:31:14,237 [INFO] handle_client: Starting, client socket: 11
2026-06-29 06:31:14,237 [INFO] handle_client: WELCOME sent
2026-06-29 06:31:14,287 [INFO] Replaying 27 buffered event(s)
2026-06-29 06:31:14,287 [WARNING] Failed to replay event 1: [Errno 32] Broken pipe
2026-06-29 06:31:14,287 [WARNING] Failed to replay event 2: [Errno 32] Broken pipe
2026-06-29 06:31:14,287 [WARNING] Failed to replay event 3: [Errno 32] Broken pipe
2026-06-29 06:31:14,287 [WARNING] Failed to replay event 4: [Errno 32] Broken pipe
2026-06-29 06:31:14,287 [WARNING] Failed to replay event 5: [Errno 32] Broken pipe
2026-06-29 06:31:14,287 [WARNING] Failed to replay event 6: [Errno 32] Broken pipe
2026-06-29 06:31:14,287 [WARNING] Failed to replay event 7: [Errno 32] Broken pipe
2026-06-29 06:31:14,287 [WARNING] Failed to replay event 8: [Errno 32] Broken pipe
2026-06-29 06:31:14,287 [WARNING] Failed to replay event 9: [Errno 32] Broken pipe
2026-06-29 06:31:14,287 [WARNING] Failed to replay event 10: [Errno 32] Broken pipe
2026-06-29 06:31:14,287 [WARNING] Failed to replay event 11: [Errno 32] Broken pipe
2026-06-29 06:31:14,287 [WARNING] Failed to replay event 12: [Errno 32] Broken pipe
2026-06-29 06:31:14,287 [WARNING] Failed to replay event 13: [Errno 32] Broken pipe
2026-06-29 06:31:14,288 [WARNING] Failed to replay event 14: [Errno 32] Broken pipe
2026-06-29 06:31:14,288 [WARNING] Failed to replay event 15: [Errno 32] Broken pipe
2026-06-29 06:31:14,288 [WARNING] Failed to replay event 16: [Errno 32] Broken pipe
2026-06-29 06:31:14,288 [WARNING] Failed to replay event 17: [Errno 32] Broken pipe
2026-06-29 06:31:14,288 [WARNING] Failed to replay event 18: [Errno 32] Broken pipe
2026-06-29 06:31:14,288 [WARNING] Failed to replay event 19: [Errno 32] Broken pipe
2026-06-29 06:31:14,288 [WARNING] Failed to replay event 20: [Errno 32] Broken pipe
2026-06-29 06:31:14,288 [WARNING] Failed to replay event 21: [Errno 32] Broken pipe
2026-06-29 06:31:14,288 [WARNING] Failed to replay event 22: [Errno 32] Broken pipe
2026-06-29 06:31:14,288 [WARNING] Failed to replay event 23: [Errno 32] Broken pipe
2026-06-29 06:31:14,288 [WARNING] Failed to replay event 24: [Errno 32] Broken pipe
2026-06-29 06:31:14,288 [WARNING] Failed to replay event 25: [Errno 32] Broken pipe
2026-06-29 06:31:14,288 [WARNING] Failed to replay event 26: [Errno 32] Broken pipe
2026-06-29 06:31:14,288 [WARNING] Failed to replay event 27: [Errno 32] Broken pipe
2026-06-29 06:31:14,288 [INFO] handle_client: Entering receive loop
2026-06-29 06:31:14,288 [INFO] handle_client: Received empty data, client closed connection
2026-06-29 06:31:14,288 [INFO] Control Client disconnected
2026-06-29 06:31:14,391 [DEBUG] Received 10 bytes from BTS
2026-06-29 06:31:14,392 [DEBUG] Decoded IPA frame: proto=0x00, payload_len=7, consumed=10, payload_hex: 0c1201900fffff
2026-06-29 06:31:14,392 [DEBUG] RSL message: 0c1201900fffff
2026-06-29 06:31:14,392 [DEBUG] RSL discriminator: 0x0c, message type: 0x12, payload: 0c1201900fffff
2026-06-29 06:31:14,392 [DEBUG] Incomplete frame, buffer size: 0, buffer_hex: 
2026-06-29 06:31:14,541 [DEBUG] Received 10 bytes from BTS
2026-06-29 06:31:14,541 [DEBUG] Decoded IPA frame: proto=0x00, payload_len=7, consumed=10, payload_hex: 0c1201900fffff
2026-06-29 06:31:14,541 [DEBUG] RSL message: 0c1201900fffff
2026-06-29 06:31:14,542 [DEBUG] RSL discriminator: 0x0c, message type: 0x12, payload: 0c1201900fffff
2026-06-29 06:31:14,542 [DEBUG] Incomplete frame, buffer size: 0, buffer_hex: 
2026-06-29 06:31:14,825 [DEBUG] Received 13 bytes from BTS
2026-06-29 06:31:14,826 [DEBUG] Decoded IPA frame: proto=0x00, payload_len=10, consumed=13, payload_hex: 0c130188130b52b61100
2026-06-29 06:31:14,826 [DEBUG] RSL message: 0c130188130b52b61100
2026-06-29 06:31:14,826 [DEBUG] RSL discriminator: 0x0c, message type: 0x13, payload: 0c130188130b52b61100
2026-06-29 06:31:14,826 [INFO] BTS 4242/0/0: CHAN_RQD received - RA=11, FN=13828, payload: 0c130188130b52b61100
2026-06-29 06:31:14,826 [INFO] CHAN_RQD: RA=11 FN=13828 BTS=4242/0/0
2026-06-29 06:31:14,826 [INFO] DEBUG: auto_respond=False
2026-06-29 06:31:14,826 [INFO] Sending CHAN_RQD event to control server: RA=11, FN_enc=21174
2026-06-29 06:31:14,826 [DEBUG] Buffered event CHAN_RQD (total buffered: 28)
2026-06-29 06:31:14,826 [DEBUG] Incomplete frame, buffer size: 0, buffer_hex: 
2026-06-29 06:31:15,392 [DEBUG] Received 10 bytes from BTS
2026-06-29 06:31:15,393 [DEBUG] Decoded IPA frame: proto=0x00, payload_len=7, consumed=10, payload_hex: 0c1201900fffff
2026-06-29 06:31:15,393 [DEBUG] RSL message: 0c1201900fffff
2026-06-29 06:31:15,393 [DEBUG] RSL discriminator: 0x0c, message type: 0x12, payload: 0c1201900fffff
2026-06-29 06:31:15,393 [DEBUG] Incomplete frame, buffer size: 0, buffer_hex: 
2026-06-29 06:31:15,542 [DEBUG] Received 10 bytes from BTS
2026-06-29 06:31:15,542 [DEBUG] Decoded IPA frame: proto=0x00, payload_len=7, consumed=10, payload_hex: 0c1201900fffff
2026-06-29 06:31:15,542 [DEBUG] RSL message: 0c1201900fffff
2026-06-29 06:31:15,542 [DEBUG] RSL discriminator: 0x0c, message type: 0x12, payload: 0c1201900fffff
2026-06-29 06:31:15,542 [DEBUG] Incomplete frame, buffer size: 0, buffer_hex: 
2026-06-29 06:31:15,564 [INFO] Control Client connected from ('10.42.0.1', 50996)
2026-06-29 06:31:15,565 [INFO] handle_client: Starting, client socket: 7
2026-06-29 06:31:15,565 [INFO] handle_client: WELCOME sent
2026-06-29 06:31:15,615 [INFO] Replaying 28 buffered event(s)
2026-06-29 06:31:15,615 [WARNING] Failed to replay event 1: [Errno 32] Broken pipe
2026-06-29 06:31:15,615 [WARNING] Failed to replay event 2: [Errno 32] Broken pipe
2026-06-29 06:31:15,615 [WARNING] Failed to replay event 3: [Errno 32] Broken pipe
2026-06-29 06:31:15,615 [WARNING] Failed to replay event 4: [Errno 32] Broken pipe
2026-06-29 06:31:15,615 [WARNING] Failed to replay event 5: [Errno 32] Broken pipe
2026-06-29 06:31:15,615 [WARNING] Failed to replay event 6: [Errno 32] Broken pipe
2026-06-29 06:31:15,615 [WARNING] Failed to replay event 7: [Errno 32] Broken pipe
2026-06-29 06:31:15,615 [WARNING] Failed to replay event 8: [Errno 32] Broken pipe
2026-06-29 06:31:15,615 [WARNING] Failed to replay event 9: [Errno 32] Broken pipe
2026-06-29 06:31:15,615 [WARNING] Failed to replay event 10: [Errno 32] Broken pipe
2026-06-29 06:31:15,615 [WARNING] Failed to replay event 11: [Errno 32] Broken pipe
2026-06-29 06:31:15,615 [WARNING] Failed to replay event 12: [Errno 32] Broken pipe
2026-06-29 06:31:15,616 [WARNING] Failed to replay event 13: [Errno 32] Broken pipe
2026-06-29 06:31:15,616 [WARNING] Failed to replay event 14: [Errno 32] Broken pipe
2026-06-29 06:31:15,616 [WARNING] Failed to replay event 15: [Errno 32] Broken pipe
2026-06-29 06:31:15,616 [WARNING] Failed to replay event 16: [Errno 32] Broken pipe
2026-06-29 06:31:15,616 [WARNING] Failed to replay event 17: [Errno 32] Broken pipe
2026-06-29 06:31:15,616 [WARNING] Failed to replay event 18: [Errno 32] Broken pipe
2026-06-29 06:31:15,616 [WARNING] Failed to replay event 19: [Errno 32] Broken pipe
2026-06-29 06:31:15,616 [WARNING] Failed to replay event 20: [Errno 32] Broken pipe
2026-06-29 06:31:15,616 [WARNING] Failed to replay event 21: [Errno 32] Broken pipe
2026-06-29 06:31:15,616 [WARNING] Failed to replay event 22: [Errno 32] Broken pipe
2026-06-29 06:31:15,616 [WARNING] Failed to replay event 23: [Errno 32] Broken pipe
2026-06-29 06:31:15,616 [WARNING] Failed to replay event 24: [Errno 32] Broken pipe
2026-06-29 06:31:15,616 [WARNING] Failed to replay event 25: [Errno 32] Broken pipe
2026-06-29 06:31:15,616 [WARNING] Failed to replay event 26: [Errno 32] Broken pipe
2026-06-29 06:31:15,616 [WARNING] Failed to replay event 27: [Errno 32] Broken pipe
2026-06-29 06:31:15,616 [WARNING] Failed to replay event 28: [Errno 32] Broken pipe
2026-06-29 06:31:15,616 [INFO] handle_client: Entering receive loop
2026-06-29 06:31:15,616 [INFO] handle_client: Received empty data, client closed connection
2026-06-29 06:31:15,616 [INFO] Control Client disconnected
2026-06-29 06:31:16,393 [DEBUG] Received 10 bytes from BTS
2026-06-29 06:31:16,393 [DEBUG] Decoded IPA frame: proto=0x00, payload_len=7, consumed=10, payload_hex: 0c1201900fffff
2026-06-29 06:31:16,393 [DEBUG] RSL message: 0c1201900fffff
2026-06-29 06:31:16,393 [DEBUG] RSL discriminator: 0x0c, message type: 0x12, payload: 0c1201900fffff
2026-06-29 06:31:16,393 [DEBUG] Incomplete frame, buffer size: 0, buffer_hex: 
2026-06-29 06:31:16,543 [DEBUG] Received 10 bytes from BTS
2026-06-29 06:31:16,543 [DEBUG] Decoded IPA frame: proto=0x00, payload_len=7, consumed=10, payload_hex: 0c1201900fffff
2026-06-29 06:31:16,543 [DEBUG] RSL message: 0c1201900fffff
2026-06-29 06:31:16,543 [DEBUG] RSL discriminator: 0x0c, message type: 0x12, payload: 0c1201900fffff
2026-06-29 06:31:16,543 [DEBUG] Incomplete frame, buffer size: 0, buffer_hex: 
2026-06-29 06:31:17,393 [DEBUG] Received 10 bytes from BTS
2026-06-29 06:31:17,394 [DEBUG] Decoded IPA frame: proto=0x00, payload_len=7, consumed=10, payload_hex: 0c1201900fffff
2026-06-29 06:31:17,394 [DEBUG] RSL message: 0c1201900fffff
2026-06-29 06:31:17,394 [DEBUG] RSL discriminator: 0x0c, message type: 0x12, payload: 0c1201900fffff
2026-06-29 06:31:17,394 [DEBUG] Incomplete frame, buffer size: 0, buffer_hex: 
2026-06-29 06:31:17,543 [DEBUG] Received 10 bytes from BTS
2026-06-29 06:31:17,544 [DEBUG] Decoded IPA frame: proto=0x00, payload_len=7, consumed=10, payload_hex: 0c1201900fffff
2026-06-29 06:31:17,544 [DEBUG] RSL message: 0c1201900fffff
2026-06-29 06:31:17,544 [DEBUG] RSL discriminator: 0x0c, message type: 0x12, payload: 0c1201900fffff
2026-06-29 06:31:17,544 [DEBUG] Incomplete frame, buffer size: 0, buffer_hex: 
2026-06-29 06:31:18,395 [DEBUG] Received 10 bytes from BTS
2026-06-29 06:31:18,395 [DEBUG] Decoded IPA frame: proto=0x00, payload_len=7, consumed=10, payload_hex: 0c1201900fffff
2026-06-29 06:31:18,395 [DEBUG] RSL message: 0c1201900fffff
2026-06-29 06:31:18,395 [DEBUG] RSL discriminator: 0x0c, message type: 0x12, payload: 0c1201900fffff
2026-06-29 06:31:18,395 [DEBUG] Incomplete frame, buffer size: 0, buffer_hex: 
2026-06-29 06:31:18,544 [DEBUG] Received 10 bytes from BTS
2026-06-29 06:31:18,544 [DEBUG] Decoded IPA frame: proto=0x00, payload_len=7, consumed=10, payload_hex: 0c1201900fffff
2026-06-29 06:31:18,544 [DEBUG] RSL message: 0c1201900fffff
2026-06-29 06:31:18,544 [DEBUG] RSL discriminator: 0x0c, message type: 0x12, payload: 0c1201900fffff
2026-06-29 06:31:18,544 [DEBUG] Incomplete frame, buffer size: 0, buffer_hex: 
2026-06-29 06:31:18,564 [INFO] Control Client connected from ('10.42.0.1', 51012)
2026-06-29 06:31:18,565 [INFO] handle_client: Starting, client socket: 11
2026-06-29 06:31:18,565 [INFO] handle_client: WELCOME sent
2026-06-29 06:31:18,615 [INFO] Replaying 28 buffered event(s)
2026-06-29 06:31:18,615 [WARNING] Failed to replay event 1: [Errno 32] Broken pipe
2026-06-29 06:31:18,615 [WARNING] Failed to replay event 2: [Errno 32] Broken pipe
2026-06-29 06:31:18,615 [WARNING] Failed to replay event 3: [Errno 32] Broken pipe
2026-06-29 06:31:18,615 [WARNING] Failed to replay event 4: [Errno 32] Broken pipe
2026-06-29 06:31:18,615 [WARNING] Failed to replay event 5: [Errno 32] Broken pipe
2026-06-29 06:31:18,615 [WARNING] Failed to replay event 6: [Errno 32] Broken pipe
2026-06-29 06:31:18,615 [WARNING] Failed to replay event 7: [Errno 32] Broken pipe
2026-06-29 06:31:18,615 [WARNING] Failed to replay event 8: [Errno 32] Broken pipe
2026-06-29 06:31:18,615 [WARNING] Failed to replay event 9: [Errno 32] Broken pipe
2026-06-29 06:31:18,615 [WARNING] Failed to replay event 10: [Errno 32] Broken pipe
2026-06-29 06:31:18,615 [WARNING] Failed to replay event 11: [Errno 32] Broken pipe
2026-06-29 06:31:18,615 [WARNING] Failed to replay event 12: [Errno 32] Broken pipe
2026-06-29 06:31:18,615 [WARNING] Failed to replay event 13: [Errno 32] Broken pipe
2026-06-29 06:31:18,615 [WARNING] Failed to replay event 14: [Errno 32] Broken pipe
2026-06-29 06:31:18,615 [WARNING] Failed to replay event 15: [Errno 32] Broken pipe
2026-06-29 06:31:18,615 [WARNING] Failed to replay event 16: [Errno 32] Broken pipe
2026-06-29 06:31:18,615 [WARNING] Failed to replay event 17: [Errno 32] Broken pipe
2026-06-29 06:31:18,615 [WARNING] Failed to replay event 18: [Errno 32] Broken pipe
2026-06-29 06:31:18,615 [WARNING] Failed to replay event 19: [Errno 32] Broken pipe
2026-06-29 06:31:18,615 [WARNING] Failed to replay event 20: [Errno 32] Broken pipe
2026-06-29 06:31:18,615 [WARNING] Failed to replay event 21: [Errno 32] Broken pipe
2026-06-29 06:31:18,615 [WARNING] Failed to replay event 22: [Errno 32] Broken pipe
2026-06-29 06:31:18,616 [WARNING] Failed to replay event 23: [Errno 32] Broken pipe
2026-06-29 06:31:18,616 [WARNING] Failed to replay event 24: [Errno 32] Broken pipe
2026-06-29 06:31:18,616 [WARNING] Failed to replay event 25: [Errno 32] Broken pipe
2026-06-29 06:31:18,616 [WARNING] Failed to replay event 26: [Errno 32] Broken pipe
2026-06-29 06:31:18,616 [WARNING] Failed to replay event 27: [Errno 32] Broken pipe
2026-06-29 06:31:18,616 [WARNING] Failed to replay event 28: [Errno 32] Broken pipe
2026-06-29 06:31:18,616 [INFO] handle_client: Entering receive loop
2026-06-29 06:31:18,616 [INFO] handle_client: Received empty data, client closed connection
2026-06-29 06:31:18,616 [INFO] Control Client disconnected
2026-06-29 06:31:19,395 [DEBUG] Received 10 bytes from BTS
2026-06-29 06:31:19,395 [DEBUG] Decoded IPA frame: proto=0x00, payload_len=7, consumed=10, payload_hex: 0c1201900fffff
2026-06-29 06:31:19,395 [DEBUG] RSL message: 0c1201900fffff
2026-06-29 06:31:19,395 [DEBUG] RSL discriminator: 0x0c, message type: 0x12, payload: 0c1201900fffff
2026-06-29 06:31:19,395 [DEBUG] Incomplete frame, buffer size: 0, buffer_hex: 
2026-06-29 06:31:19,545 [DEBUG] Received 10 bytes from BTS
2026-06-29 06:31:19,545 [DEBUG] Decoded IPA frame: proto=0x00, payload_len=7, consumed=10, payload_hex: 0c1201900fffff
2026-06-29 06:31:19,545 [DEBUG] RSL message: 0c1201900fffff
2026-06-29 06:31:19,545 [DEBUG] RSL discriminator: 0x0c, message type: 0x12, payload: 0c1201900fffff
2026-06-29 06:31:19,545 [DEBUG] Incomplete frame, buffer size: 0, buffer_hex: 
2026-06-29 06:31:20,396 [DEBUG] Received 10 bytes from BTS
2026-06-29 06:31:20,396 [DEBUG] Decoded IPA frame: proto=0x00, payload_len=7, consumed=10, payload_hex: 0c1201900fffff
2026-06-29 06:31:20,396 [DEBUG] RSL message: 0c1201900fffff
2026-06-29 06:31:20,396 [DEBUG] RSL discriminator: 0x0c, message type: 0x12, payload: 0c1201900fffff
2026-06-29 06:31:20,396 [DEBUG] Incomplete frame, buffer size: 0, buffer_hex: 
2026-06-29 06:31:20,546 [DEBUG] Received 10 bytes from BTS
2026-06-29 06:31:20,546 [DEBUG] Decoded IPA frame: proto=0x00, payload_len=7, consumed=10, payload_hex: 0c1201900fffff
2026-06-29 06:31:20,546 [DEBUG] RSL message: 0c1201900fffff
2026-06-29 06:31:20,546 [DEBUG] RSL discriminator: 0x0c, message type: 0x12, payload: 0c1201900fffff
2026-06-29 06:31:20,546 [DEBUG] Incomplete frame, buffer size: 0, buffer_hex: 
2026-06-29 06:31:21,397 [DEBUG] Received 10 bytes from BTS
2026-06-29 06:31:21,397 [DEBUG] Decoded IPA frame: proto=0x00, payload_len=7, consumed=10, payload_hex: 0c1201900fffff
2026-06-29 06:31:21,397 [DEBUG] RSL message: 0c1201900fffff
2026-06-29 06:31:21,397 [DEBUG] RSL discriminator: 0x0c, message type: 0x12, payload: 0c1201900fffff
2026-06-29 06:31:21,397 [DEBUG] Incomplete frame, buffer size: 0, buffer_hex: 
2026-06-29 06:31:21,546 [DEBUG] Received 10 bytes from BTS
2026-06-29 06:31:21,547 [DEBUG] Decoded IPA frame: proto=0x00, payload_len=7, consumed=10, payload_hex: 0c1201900fffff
2026-06-29 06:31:21,547 [DEBUG] RSL message: 0c1201900fffff
2026-06-29 06:31:21,547 [DEBUG] RSL discriminator: 0x0c, message type: 0x12, payload: 0c1201900fffff
2026-06-29 06:31:21,547 [DEBUG] Incomplete frame, buffer size: 0, buffer_hex: 
2026-06-29 06:31:21,564 [INFO] Control Client connected from ('10.42.0.1', 40872)
2026-06-29 06:31:21,565 [INFO] handle_client: Starting, client socket: 7
2026-06-29 06:31:21,565 [INFO] handle_client: WELCOME sent
2026-06-29 06:31:21,615 [INFO] Replaying 28 buffered event(s)
2026-06-29 06:31:21,615 [WARNING] Failed to replay event 1: [Errno 32] Broken pipe
2026-06-29 06:31:21,615 [WARNING] Failed to replay event 2: [Errno 32] Broken pipe
2026-06-29 06:31:21,615 [WARNING] Failed to replay event 3: [Errno 32] Broken pipe
2026-06-29 06:31:21,615 [WARNING] Failed to replay event 4: [Errno 32] Broken pipe
2026-06-29 06:31:21,615 [WARNING] Failed to replay event 5: [Errno 32] Broken pipe
2026-06-29 06:31:21,615 [WARNING] Failed to replay event 6: [Errno 32] Broken pipe
2026-06-29 06:31:21,615 [WARNING] Failed to replay event 7: [Errno 32] Broken pipe
2026-06-29 06:31:21,615 [WARNING] Failed to replay event 8: [Errno 32] Broken pipe
2026-06-29 06:31:21,615 [WARNING] Failed to replay event 9: [Errno 32] Broken pipe
2026-06-29 06:31:21,615 [WARNING] Failed to replay event 10: [Errno 32] Broken pipe
2026-06-29 06:31:21,615 [WARNING] Failed to replay event 11: [Errno 32] Broken pipe
2026-06-29 06:31:21,615 [WARNING] Failed to replay event 12: [Errno 32] Broken pipe
2026-06-29 06:31:21,615 [WARNING] Failed to replay event 13: [Errno 32] Broken pipe
2026-06-29 06:31:21,615 [WARNING] Failed to replay event 14: [Errno 32] Broken pipe
2026-06-29 06:31:21,615 [WARNING] Failed to replay event 15: [Errno 32] Broken pipe
2026-06-29 06:31:21,615 [WARNING] Failed to replay event 16: [Errno 32] Broken pipe
2026-06-29 06:31:21,615 [WARNING] Failed to replay event 17: [Errno 32] Broken pipe
2026-06-29 06:31:21,615 [WARNING] Failed to replay event 18: [Errno 32] Broken pipe
2026-06-29 06:31:21,615 [WARNING] Failed to replay event 19: [Errno 32] Broken pipe
2026-06-29 06:31:21,615 [WARNING] Failed to replay event 20: [Errno 32] Broken pipe
2026-06-29 06:31:21,616 [WARNING] Failed to replay event 21: [Errno 32] Broken pipe
2026-06-29 06:31:21,616 [WARNING] Failed to replay event 22: [Errno 32] Broken pipe
2026-06-29 06:31:21,616 [WARNING] Failed to replay event 23: [Errno 32] Broken pipe
2026-06-29 06:31:21,616 [WARNING] Failed to replay event 24: [Errno 32] Broken pipe
2026-06-29 06:31:21,616 [WARNING] Failed to replay event 25: [Errno 32] Broken pipe
2026-06-29 06:31:21,616 [WARNING] Failed to replay event 26: [Errno 32] Broken pipe
2026-06-29 06:31:21,616 [WARNING] Failed to replay event 27: [Errno 32] Broken pipe
2026-06-29 06:31:21,616 [WARNING] Failed to replay event 28: [Errno 32] Broken pipe
2026-06-29 06:31:21,616 [INFO] handle_client: Entering receive loop
2026-06-29 06:31:21,616 [INFO] handle_client: Received empty data, client closed connection
2026-06-29 06:31:21,616 [INFO] Control Client disconnected
2026-06-29 06:31:22,397 [DEBUG] Received 10 bytes from BTS
2026-06-29 06:31:22,398 [DEBUG] Decoded IPA frame: proto=0x00, payload_len=7, consumed=10, payload_hex: 0c1201900fffff
2026-06-29 06:31:22,398 [DEBUG] RSL message: 0c1201900fffff
2026-06-29 06:31:22,398 [DEBUG] RSL discriminator: 0x0c, message type: 0x12, payload: 0c1201900fffff
2026-06-29 06:31:22,398 [DEBUG] Incomplete frame, buffer size: 0, buffer_hex: 
2026-06-29 06:31:22,547 [DEBUG] Received 10 bytes from BTS
2026-06-29 06:31:22,547 [DEBUG] Decoded IPA frame: proto=0x00, payload_len=7, consumed=10, payload_hex: 0c1201900fffff
2026-06-29 06:31:22,547 [DEBUG] RSL message: 0c1201900fffff
2026-06-29 06:31:22,547 [DEBUG] RSL discriminator: 0x0c, message type: 0x12, payload: 0c1201900fffff
2026-06-29 06:31:22,547 [DEBUG] Incomplete frame, buffer size: 0, buffer_hex: 
2026-06-29 06:31:23,398 [DEBUG] Received 10 bytes from BTS
2026-06-29 06:31:23,398 [DEBUG] Decoded IPA frame: proto=0x00, payload_len=7, consumed=10, payload_hex: 0c1201900fffff
2026-06-29 06:31:23,398 [DEBUG] RSL message: 0c1201900fffff
2026-06-29 06:31:23,398 [DEBUG] RSL discriminator: 0x0c, message type: 0x12, payload: 0c1201900fffff
2026-06-29 06:31:23,398 [DEBUG] Incomplete frame, buffer size: 0, buffer_hex: 
2026-06-29 06:31:23,548 [DEBUG] Received 10 bytes from BTS
2026-06-29 06:31:23,548 [DEBUG] Decoded IPA frame: proto=0x00, payload_len=7, consumed=10, payload_hex: 0c1201900fffff
2026-06-29 06:31:23,548 [DEBUG] RSL message: 0c1201900fffff
2026-06-29 06:31:23,548 [DEBUG] RSL discriminator: 0x0c, message type: 0x12, payload: 0c1201900fffff
2026-06-29 06:31:23,548 [DEBUG] Incomplete frame, buffer size: 0, buffer_hex: 
2026-06-29 06:31:24,236 [INFO] Control Client connected from ('10.42.0.1', 40886)
2026-06-29 06:31:24,236 [INFO] handle_client: Starting, client socket: 11
2026-06-29 06:31:24,236 [INFO] handle_client: WELCOME sent
2026-06-29 06:31:24,286 [INFO] Replaying 28 buffered event(s)
2026-06-29 06:31:24,287 [WARNING] Failed to replay event 1: [Errno 32] Broken pipe
2026-06-29 06:31:24,287 [WARNING] Failed to replay event 2: [Errno 32] Broken pipe
2026-06-29 06:31:24,287 [WARNING] Failed to replay event 3: [Errno 32] Broken pipe
2026-06-29 06:31:24,287 [WARNING] Failed to replay event 4: [Errno 32] Broken pipe
2026-06-29 06:31:24,287 [WARNING] Failed to replay event 5: [Errno 32] Broken pipe
2026-06-29 06:31:24,287 [WARNING] Failed to replay event 6: [Errno 32] Broken pipe
2026-06-29 06:31:24,287 [WARNING] Failed to replay event 7: [Errno 32] Broken pipe
2026-06-29 06:31:24,287 [WARNING] Failed to replay event 8: [Errno 32] Broken pipe
2026-06-29 06:31:24,287 [WARNING] Failed to replay event 9: [Errno 32] Broken pipe
2026-06-29 06:31:24,287 [WARNING] Failed to replay event 10: [Errno 32] Broken pipe
2026-06-29 06:31:24,287 [WARNING] Failed to replay event 11: [Errno 32] Broken pipe
2026-06-29 06:31:24,287 [WARNING] Failed to replay event 12: [Errno 32] Broken pipe
2026-06-29 06:31:24,287 [WARNING] Failed to replay event 13: [Errno 32] Broken pipe
2026-06-29 06:31:24,287 [WARNING] Failed to replay event 14: [Errno 32] Broken pipe
2026-06-29 06:31:24,287 [WARNING] Failed to replay event 15: [Errno 32] Broken pipe
2026-06-29 06:31:24,287 [WARNING] Failed to replay event 16: [Errno 32] Broken pipe
2026-06-29 06:31:24,287 [WARNING] Failed to replay event 17: [Errno 32] Broken pipe
2026-06-29 06:31:24,287 [WARNING] Failed to replay event 18: [Errno 32] Broken pipe
2026-06-29 06:31:24,287 [WARNING] Failed to replay event 19: [Errno 32] Broken pipe
2026-06-29 06:31:24,287 [WARNING] Failed to replay event 20: [Errno 32] Broken pipe
2026-06-29 06:31:24,287 [WARNING] Failed to replay event 21: [Errno 32] Broken pipe
2026-06-29 06:31:24,287 [WARNING] Failed to replay event 22: [Errno 32] Broken pipe
2026-06-29 06:31:24,287 [WARNING] Failed to replay event 23: [Errno 32] Broken pipe
2026-06-29 06:31:24,287 [WARNING] Failed to replay event 24: [Errno 32] Broken pipe
2026-06-29 06:31:24,287 [WARNING] Failed to replay event 25: [Errno 32] Broken pipe
2026-06-29 06:31:24,287 [WARNING] Failed to replay event 26: [Errno 32] Broken pipe
2026-06-29 06:31:24,287 [WARNING] Failed to replay event 27: [Errno 32] Broken pipe
2026-06-29 06:31:24,287 [WARNING] Failed to replay event 28: [Errno 32] Broken pipe
2026-06-29 06:31:24,287 [INFO] handle_client: Entering receive loop
2026-06-29 06:31:24,287 [INFO] handle_client: Received empty data, client closed connection
2026-06-29 06:31:24,287 [INFO] Control Client disconnected
2026-06-29 06:31:24,398 [DEBUG] Received 10 bytes from BTS
2026-06-29 06:31:24,399 [DEBUG] Decoded IPA frame: proto=0x00, payload_len=7, consumed=10, payload_hex: 0c1201900fffff
2026-06-29 06:31:24,399 [DEBUG] RSL message: 0c1201900fffff
2026-06-29 06:31:24,399 [DEBUG] RSL discriminator: 0x0c, message type: 0x12, payload: 0c1201900fffff
2026-06-29 06:31:24,399 [DEBUG] Incomplete frame, buffer size: 0, buffer_hex: 
2026-06-29 06:31:24,548 [DEBUG] Received 10 bytes from BTS
2026-06-29 06:31:24,548 [DEBUG] Decoded IPA frame: proto=0x00, payload_len=7, consumed=10, payload_hex: 0c1201900fffff
2026-06-29 06:31:24,548 [DEBUG] RSL message: 0c1201900fffff
2026-06-29 06:31:24,548 [DEBUG] RSL discriminator: 0x0c, message type: 0x12, payload: 0c1201900fffff
2026-06-29 06:31:24,548 [DEBUG] Incomplete frame, buffer size: 0, buffer_hex: 
2026-06-29 06:31:24,565 [INFO] Control Client connected from ('10.42.0.1', 40896)
2026-06-29 06:31:24,565 [INFO] handle_client: Starting, client socket: 7
2026-06-29 06:31:24,565 [INFO] handle_client: WELCOME sent
2026-06-29 06:31:24,616 [INFO] Replaying 28 buffered event(s)
2026-06-29 06:31:24,616 [WARNING] Failed to replay event 1: [Errno 32] Broken pipe
2026-06-29 06:31:24,616 [WARNING] Failed to replay event 2: [Errno 32] Broken pipe
2026-06-29 06:31:24,616 [WARNING] Failed to replay event 3: [Errno 32] Broken pipe
2026-06-29 06:31:24,616 [WARNING] Failed to replay event 4: [Errno 32] Broken pipe
2026-06-29 06:31:24,616 [WARNING] Failed to replay event 5: [Errno 32] Broken pipe
2026-06-29 06:31:24,616 [WARNING] Failed to replay event 6: [Errno 32] Broken pipe
2026-06-29 06:31:24,616 [WARNING] Failed to replay event 7: [Errno 32] Broken pipe
2026-06-29 06:31:24,616 [WARNING] Failed to replay event 8: [Errno 32] Broken pipe
2026-06-29 06:31:24,616 [WARNING] Failed to replay event 9: [Errno 32] Broken pipe
2026-06-29 06:31:24,616 [WARNING] Failed to replay event 10: [Errno 32] Broken pipe
2026-06-29 06:31:24,616 [WARNING] Failed to replay event 11: [Errno 32] Broken pipe
2026-06-29 06:31:24,616 [WARNING] Failed to replay event 12: [Errno 32] Broken pipe
2026-06-29 06:31:24,616 [WARNING] Failed to replay event 13: [Errno 32] Broken pipe
2026-06-29 06:31:24,616 [WARNING] Failed to replay event 14: [Errno 32] Broken pipe
2026-06-29 06:31:24,616 [WARNING] Failed to replay event 15: [Errno 32] Broken pipe
2026-06-29 06:31:24,616 [WARNING] Failed to replay event 16: [Errno 32] Broken pipe
2026-06-29 06:31:24,616 [WARNING] Failed to replay event 17: [Errno 32] Broken pipe
2026-06-29 06:31:24,616 [WARNING] Failed to replay event 18: [Errno 32] Broken pipe
2026-06-29 06:31:24,616 [WARNING] Failed to replay event 19: [Errno 32] Broken pipe
2026-06-29 06:31:24,616 [WARNING] Failed to replay event 20: [Errno 32] Broken pipe
2026-06-29 06:31:24,616 [WARNING] Failed to replay event 21: [Errno 32] Broken pipe
2026-06-29 06:31:24,616 [WARNING] Failed to replay event 22: [Errno 32] Broken pipe
2026-06-29 06:31:24,616 [WARNING] Failed to replay event 23: [Errno 32] Broken pipe
2026-06-29 06:31:24,616 [WARNING] Failed to replay event 24: [Errno 32] Broken pipe
2026-06-29 06:31:24,616 [WARNING] Failed to replay event 25: [Errno 32] Broken pipe
2026-06-29 06:31:24,616 [WARNING] Failed to replay event 26: [Errno 32] Broken pipe
2026-06-29 06:31:24,616 [WARNING] Failed to replay event 27: [Errno 32] Broken pipe
2026-06-29 06:31:24,616 [WARNING] Failed to replay event 28: [Errno 32] Broken pipe
2026-06-29 06:31:24,616 [INFO] handle_client: Entering receive loop
2026-06-29 06:31:24,616 [INFO] handle_client: Received empty data, client closed connection
2026-06-29 06:31:24,616 [INFO] Control Client disconnected
2026-06-29 06:31:25,399 [DEBUG] Received 10 bytes from BTS
2026-06-29 06:31:25,400 [DEBUG] Decoded IPA frame: proto=0x00, payload_len=7, consumed=10, payload_hex: 0c1201900fffff
2026-06-29 06:31:25,400 [DEBUG] RSL message: 0c1201900fffff
2026-06-29 06:31:25,400 [DEBUG] RSL discriminator: 0x0c, message type: 0x12, payload: 0c1201900fffff
2026-06-29 06:31:25,400 [DEBUG] Incomplete frame, buffer size: 0, buffer_hex: 
2026-06-29 06:31:25,548 [DEBUG] Received 10 bytes from BTS
2026-06-29 06:31:25,548 [DEBUG] Decoded IPA frame: proto=0x00, payload_len=7, consumed=10, payload_hex: 0c1201900fffff
2026-06-29 06:31:25,548 [DEBUG] RSL message: 0c1201900fffff
2026-06-29 06:31:25,548 [DEBUG] RSL discriminator: 0x0c, message type: 0x12, payload: 0c1201900fffff
2026-06-29 06:31:25,548 [DEBUG] Incomplete frame, buffer size: 0, buffer_hex: 
2026-06-29 06:31:26,401 [DEBUG] Received 10 bytes from BTS
2026-06-29 06:31:26,401 [DEBUG] Decoded IPA frame: proto=0x00, payload_len=7, consumed=10, payload_hex: 0c1201900fffff
2026-06-29 06:31:26,401 [DEBUG] RSL message: 0c1201900fffff
2026-06-29 06:31:26,401 [DEBUG] RSL discriminator: 0x0c, message type: 0x12, payload: 0c1201900fffff
2026-06-29 06:31:26,401 [DEBUG] Incomplete frame, buffer size: 0, buffer_hex: 
2026-06-29 06:31:26,548 [DEBUG] Received 10 bytes from BTS
2026-06-29 06:31:26,549 [DEBUG] Decoded IPA frame: proto=0x00, payload_len=7, consumed=10, payload_hex: 0c1201900fffff
2026-06-29 06:31:26,549 [DEBUG] RSL message: 0c1201900fffff
2026-06-29 06:31:26,549 [DEBUG] RSL discriminator: 0x0c, message type: 0x12, payload: 0c1201900fffff
2026-06-29 06:31:26,549 [DEBUG] Incomplete frame, buffer size: 0, buffer_hex: 
2026-06-29 06:31:27,402 [DEBUG] Received 10 bytes from BTS
2026-06-29 06:31:27,402 [DEBUG] Decoded IPA frame: proto=0x00, payload_len=7, consumed=10, payload_hex: 0c1201900fffff
2026-06-29 06:31:27,402 [DEBUG] RSL message: 0c1201900fffff
2026-06-29 06:31:27,402 [DEBUG] RSL discriminator: 0x0c, message type: 0x12, payload: 0c1201900fffff
2026-06-29 06:31:27,402 [DEBUG] Incomplete frame, buffer size: 0, buffer_hex: 
2026-06-29 06:31:27,549 [DEBUG] Received 10 bytes from BTS
2026-06-29 06:31:27,549 [DEBUG] Decoded IPA frame: proto=0x00, payload_len=7, consumed=10, payload_hex: 0c1201900fffff
2026-06-29 06:31:27,549 [DEBUG] RSL message: 0c1201900fffff
2026-06-29 06:31:27,549 [DEBUG] RSL discriminator: 0x0c, message type: 0x12, payload: 0c1201900fffff
2026-06-29 06:31:27,549 [DEBUG] Incomplete frame, buffer size: 0, buffer_hex: 
2026-06-29 06:31:27,565 [INFO] Control Client connected from ('10.42.0.1', 40906)
2026-06-29 06:31:27,565 [INFO] handle_client: Starting, client socket: 11
2026-06-29 06:31:27,565 [INFO] handle_client: WELCOME sent
2026-06-29 06:31:27,615 [INFO] Replaying 28 buffered event(s)
2026-06-29 06:31:27,616 [WARNING] Failed to replay event 1: [Errno 32] Broken pipe
2026-06-29 06:31:27,616 [WARNING] Failed to replay event 2: [Errno 32] Broken pipe
2026-06-29 06:31:27,616 [WARNING] Failed to replay event 3: [Errno 32] Broken pipe
2026-06-29 06:31:27,616 [WARNING] Failed to replay event 4: [Errno 32] Broken pipe
2026-06-29 06:31:27,616 [WARNING] Failed to replay event 5: [Errno 32] Broken pipe
2026-06-29 06:31:27,616 [WARNING] Failed to replay event 6: [Errno 32] Broken pipe
2026-06-29 06:31:27,616 [WARNING] Failed to replay event 7: [Errno 32] Broken pipe
2026-06-29 06:31:27,616 [WARNING] Failed to replay event 8: [Errno 32] Broken pipe
2026-06-29 06:31:27,616 [WARNING] Failed to replay event 9: [Errno 32] Broken pipe
2026-06-29 06:31:27,616 [WARNING] Failed to replay event 10: [Errno 32] Broken pipe
2026-06-29 06:31:27,616 [WARNING] Failed to replay event 11: [Errno 32] Broken pipe
2026-06-29 06:31:27,616 [WARNING] Failed to replay event 12: [Errno 32] Broken pipe
2026-06-29 06:31:27,616 [WARNING] Failed to replay event 13: [Errno 32] Broken pipe
2026-06-29 06:31:27,616 [WARNING] Failed to replay event 14: [Errno 32] Broken pipe
2026-06-29 06:31:27,616 [WARNING] Failed to replay event 15: [Errno 32] Broken pipe
2026-06-29 06:31:27,616 [WARNING] Failed to replay event 16: [Errno 32] Broken pipe
2026-06-29 06:31:27,616 [WARNING] Failed to replay event 17: [Errno 32] Broken pipe
2026-06-29 06:31:27,616 [WARNING] Failed to replay event 18: [Errno 32] Broken pipe
2026-06-29 06:31:27,616 [WARNING] Failed to replay event 19: [Errno 32] Broken pipe
2026-06-29 06:31:27,616 [WARNING] Failed to replay event 20: [Errno 32] Broken pipe
2026-06-29 06:31:27,616 [WARNING] Failed to replay event 21: [Errno 32] Broken pipe
2026-06-29 06:31:27,616 [WARNING] Failed to replay event 22: [Errno 32] Broken pipe
2026-06-29 06:31:27,616 [WARNING] Failed to replay event 23: [Errno 32] Broken pipe
2026-06-29 06:31:27,616 [WARNING] Failed to replay event 24: [Errno 32] Broken pipe
2026-06-29 06:31:27,616 [WARNING] Failed to replay event 25: [Errno 32] Broken pipe
2026-06-29 06:31:27,616 [WARNING] Failed to replay event 26: [Errno 32] Broken pipe
2026-06-29 06:31:27,616 [WARNING] Failed to replay event 27: [Errno 32] Broken pipe
2026-06-29 06:31:27,616 [WARNING] Failed to replay event 28: [Errno 32] Broken pipe
2026-06-29 06:31:27,616 [INFO] handle_client: Entering receive loop
2026-06-29 06:31:27,616 [INFO] handle_client: Received empty data, client closed connection
2026-06-29 06:31:27,616 [INFO] Control Client disconnected
2026-06-29 06:31:28,402 [DEBUG] Received 10 bytes from BTS
2026-06-29 06:31:28,402 [DEBUG] Decoded IPA frame: proto=0x00, payload_len=7, consumed=10, payload_hex: 0c1201900fffff
2026-06-29 06:31:28,402 [DEBUG] RSL message: 0c1201900fffff
2026-06-29 06:31:28,402 [DEBUG] RSL discriminator: 0x0c, message type: 0x12, payload: 0c1201900fffff
2026-06-29 06:31:28,402 [DEBUG] Incomplete frame, buffer size: 0, buffer_hex: 
2026-06-29 06:31:28,550 [DEBUG] Received 10 bytes from BTS
2026-06-29 06:31:28,550 [DEBUG] Decoded IPA frame: proto=0x00, payload_len=7, consumed=10, payload_hex: 0c1201900fffff
2026-06-29 06:31:28,550 [DEBUG] RSL message: 0c1201900fffff
2026-06-29 06:31:28,550 [DEBUG] RSL discriminator: 0x0c, message type: 0x12, payload: 0c1201900fffff
2026-06-29 06:31:28,550 [DEBUG] Incomplete frame, buffer size: 0, buffer_hex: 
2026-06-29 06:31:29,403 [DEBUG] Received 10 bytes from BTS
2026-06-29 06:31:29,403 [DEBUG] Decoded IPA frame: proto=0x00, payload_len=7, consumed=10, payload_hex: 0c1201900fffff
2026-06-29 06:31:29,403 [DEBUG] RSL message: 0c1201900fffff
2026-06-29 06:31:29,403 [DEBUG] RSL discriminator: 0x0c, message type: 0x12, payload: 0c1201900fffff
2026-06-29 06:31:29,403 [DEBUG] Incomplete frame, buffer size: 0, buffer_hex: 
2026-06-29 06:31:29,550 [DEBUG] Received 10 bytes from BTS
2026-06-29 06:31:29,550 [DEBUG] Decoded IPA frame: proto=0x00, payload_len=7, consumed=10, payload_hex: 0c1201900fffff
2026-06-29 06:31:29,551 [DEBUG] RSL message: 0c1201900fffff
2026-06-29 06:31:29,551 [DEBUG] RSL discriminator: 0x0c, message type: 0x12, payload: 0c1201900fffff
2026-06-29 06:31:29,551 [DEBUG] Incomplete frame, buffer size: 0, buffer_hex: 
2026-06-29 06:31:30,404 [DEBUG] Received 10 bytes from BTS
2026-06-29 06:31:30,404 [DEBUG] Decoded IPA frame: proto=0x00, payload_len=7, consumed=10, payload_hex: 0c1201900fffff
2026-06-29 06:31:30,404 [DEBUG] RSL message: 0c1201900fffff
2026-06-29 06:31:30,404 [DEBUG] RSL discriminator: 0x0c, message type: 0x12, payload: 0c1201900fffff
2026-06-29 06:31:30,404 [DEBUG] Incomplete frame, buffer size: 0, buffer_hex: 
2026-06-29 06:31:30,551 [DEBUG] Received 10 bytes from BTS
2026-06-29 06:31:30,551 [DEBUG] Decoded IPA frame: proto=0x00, payload_len=7, consumed=10, payload_hex: 0c1201900fffff
2026-06-29 06:31:30,551 [DEBUG] RSL message: 0c1201900fffff
2026-06-29 06:31:30,551 [DEBUG] RSL discriminator: 0x0c, message type: 0x12, payload: 0c1201900fffff
2026-06-29 06:31:30,551 [DEBUG] Incomplete frame, buffer size: 0, buffer_hex: 
2026-06-29 06:31:30,565 [INFO] Control Client connected from ('10.42.0.1', 40910)
2026-06-29 06:31:30,565 [INFO] handle_client: Starting, client socket: 7
2026-06-29 06:31:30,565 [INFO] handle_client: WELCOME sent
2026-06-29 06:31:30,615 [INFO] Replaying 28 buffered event(s)
2026-06-29 06:31:30,615 [WARNING] Failed to replay event 1: [Errno 32] Broken pipe
2026-06-29 06:31:30,615 [WARNING] Failed to replay event 2: [Errno 32] Broken pipe
2026-06-29 06:31:30,615 [WARNING] Failed to replay event 3: [Errno 32] Broken pipe
2026-06-29 06:31:30,616 [WARNING] Failed to replay event 4: [Errno 32] Broken pipe
2026-06-29 06:31:30,616 [WARNING] Failed to replay event 5: [Errno 32] Broken pipe
2026-06-29 06:31:30,616 [WARNING] Failed to replay event 6: [Errno 32] Broken pipe
2026-06-29 06:31:30,616 [WARNING] Failed to replay event 7: [Errno 32] Broken pipe
2026-06-29 06:31:30,616 [WARNING] Failed to replay event 8: [Errno 32] Broken pipe
2026-06-29 06:31:30,616 [WARNING] Failed to replay event 9: [Errno 32] Broken pipe
2026-06-29 06:31:30,616 [WARNING] Failed to replay event 10: [Errno 32] Broken pipe
2026-06-29 06:31:30,616 [WARNING] Failed to replay event 11: [Errno 32] Broken pipe
2026-06-29 06:31:30,616 [WARNING] Failed to replay event 12: [Errno 32] Broken pipe
2026-06-29 06:31:30,616 [WARNING] Failed to replay event 13: [Errno 32] Broken pipe
2026-06-29 06:31:30,616 [WARNING] Failed to replay event 14: [Errno 32] Broken pipe
2026-06-29 06:31:30,616 [WARNING] Failed to replay event 15: [Errno 32] Broken pipe
2026-06-29 06:31:30,616 [WARNING] Failed to replay event 16: [Errno 32] Broken pipe
2026-06-29 06:31:30,616 [WARNING] Failed to replay event 17: [Errno 32] Broken pipe
2026-06-29 06:31:30,616 [WARNING] Failed to replay event 18: [Errno 32] Broken pipe
2026-06-29 06:31:30,616 [WARNING] Failed to replay event 19: [Errno 32] Broken pipe
2026-06-29 06:31:30,616 [WARNING] Failed to replay event 20: [Errno 32] Broken pipe
2026-06-29 06:31:30,616 [WARNING] Failed to replay event 21: [Errno 32] Broken pipe
2026-06-29 06:31:30,616 [WARNING] Failed to replay event 22: [Errno 32] Broken pipe
2026-06-29 06:31:30,616 [WARNING] Failed to replay event 23: [Errno 32] Broken pipe
2026-06-29 06:31:30,616 [WARNING] Failed to replay event 24: [Errno 32] Broken pipe
2026-06-29 06:31:30,616 [WARNING] Failed to replay event 25: [Errno 32] Broken pipe
2026-06-29 06:31:30,616 [WARNING] Failed to replay event 26: [Errno 32] Broken pipe
2026-06-29 06:31:30,616 [WARNING] Failed to replay event 27: [Errno 32] Broken pipe
2026-06-29 06:31:30,616 [WARNING] Failed to replay event 28: [Errno 32] Broken pipe
2026-06-29 06:31:30,616 [INFO] handle_client: Entering receive loop
2026-06-29 06:31:30,616 [INFO] handle_client: Received empty data, client closed connection
2026-06-29 06:31:30,616 [INFO] Control Client disconnected
2026-06-29 06:31:31,405 [DEBUG] Received 10 bytes from BTS
2026-06-29 06:31:31,405 [DEBUG] Decoded IPA frame: proto=0x00, payload_len=7, consumed=10, payload_hex: 0c1201900fffff
2026-06-29 06:31:31,405 [DEBUG] RSL message: 0c1201900fffff
2026-06-29 06:31:31,405 [DEBUG] RSL discriminator: 0x0c, message type: 0x12, payload: 0c1201900fffff
2026-06-29 06:31:31,405 [DEBUG] Incomplete frame, buffer size: 0, buffer_hex: 
2026-06-29 06:31:31,552 [DEBUG] Received 10 bytes from BTS
2026-06-29 06:31:31,552 [DEBUG] Decoded IPA frame: proto=0x00, payload_len=7, consumed=10, payload_hex: 0c1201900fffff
2026-06-29 06:31:31,552 [DEBUG] RSL message: 0c1201900fffff
2026-06-29 06:31:31,552 [DEBUG] RSL discriminator: 0x0c, message type: 0x12, payload: 0c1201900fffff
2026-06-29 06:31:31,552 [DEBUG] Incomplete frame, buffer size: 0, buffer_hex: 
2026-06-29 06:31:32,406 [DEBUG] Received 10 bytes from BTS
2026-06-29 06:31:32,406 [DEBUG] Decoded IPA frame: proto=0x00, payload_len=7, consumed=10, payload_hex: 0c1201900fffff
2026-06-29 06:31:32,406 [DEBUG] RSL message: 0c1201900fffff
2026-06-29 06:31:32,406 [DEBUG] RSL discriminator: 0x0c, message type: 0x12, payload: 0c1201900fffff
2026-06-29 06:31:32,406 [DEBUG] Incomplete frame, buffer size: 0, buffer_hex: 
2026-06-29 06:31:32,552 [DEBUG] Received 10 bytes from BTS
2026-06-29 06:31:32,552 [DEBUG] Decoded IPA frame: proto=0x00, payload_len=7, consumed=10, payload_hex: 0c1201900fffff
2026-06-29 06:31:32,552 [DEBUG] RSL message: 0c1201900fffff
2026-06-29 06:31:32,553 [DEBUG] RSL discriminator: 0x0c, message type: 0x12, payload: 0c1201900fffff
2026-06-29 06:31:32,553 [DEBUG] Incomplete frame, buffer size: 0, buffer_hex: 
2026-06-29 06:31:33,406 [DEBUG] Received 10 bytes from BTS
2026-06-29 06:31:33,406 [DEBUG] Decoded IPA frame: proto=0x00, payload_len=7, consumed=10, payload_hex: 0c1201900fffff
2026-06-29 06:31:33,406 [DEBUG] RSL message: 0c1201900fffff
2026-06-29 06:31:33,406 [DEBUG] RSL discriminator: 0x0c, message type: 0x12, payload: 0c1201900fffff
2026-06-29 06:31:33,406 [DEBUG] Incomplete frame, buffer size: 0, buffer_hex: 
2026-06-29 06:31:33,552 [DEBUG] Received 10 bytes from BTS
2026-06-29 06:31:33,552 [DEBUG] Decoded IPA frame: proto=0x00, payload_len=7, consumed=10, payload_hex: 0c1201900fffff
2026-06-29 06:31:33,552 [DEBUG] RSL message: 0c1201900fffff
2026-06-29 06:31:33,552 [DEBUG] RSL discriminator: 0x0c, message type: 0x12, payload: 0c1201900fffff
2026-06-29 06:31:33,553 [DEBUG] Incomplete frame, buffer size: 0, buffer_hex: 
2026-06-29 06:31:33,565 [INFO] Control Client connected from ('10.42.0.1', 34574)
2026-06-29 06:31:33,565 [INFO] handle_client: Starting, client socket: 11
2026-06-29 06:31:33,565 [INFO] handle_client: WELCOME sent
2026-06-29 06:31:33,615 [INFO] Replaying 28 buffered event(s)
2026-06-29 06:31:33,615 [WARNING] Failed to replay event 1: [Errno 32] Broken pipe
2026-06-29 06:31:33,615 [WARNING] Failed to replay event 2: [Errno 32] Broken pipe
2026-06-29 06:31:33,615 [WARNING] Failed to replay event 3: [Errno 32] Broken pipe
2026-06-29 06:31:33,615 [WARNING] Failed to replay event 4: [Errno 32] Broken pipe
2026-06-29 06:31:33,615 [WARNING] Failed to replay event 5: [Errno 32] Broken pipe
2026-06-29 06:31:33,615 [WARNING] Failed to replay event 6: [Errno 32] Broken pipe
2026-06-29 06:31:33,615 [WARNING] Failed to replay event 7: [Errno 32] Broken pipe
2026-06-29 06:31:33,615 [WARNING] Failed to replay event 8: [Errno 32] Broken pipe
2026-06-29 06:31:33,615 [WARNING] Failed to replay event 9: [Errno 32] Broken pipe
2026-06-29 06:31:33,615 [WARNING] Failed to replay event 10: [Errno 32] Broken pipe
2026-06-29 06:31:33,615 [WARNING] Failed to replay event 11: [Errno 32] Broken pipe
2026-06-29 06:31:33,615 [WARNING] Failed to replay event 12: [Errno 32] Broken pipe
2026-06-29 06:31:33,615 [WARNING] Failed to replay event 13: [Errno 32] Broken pipe
2026-06-29 06:31:33,616 [WARNING] Failed to replay event 14: [Errno 32] Broken pipe
2026-06-29 06:31:33,616 [WARNING] Failed to replay event 15: [Errno 32] Broken pipe
2026-06-29 06:31:33,616 [WARNING] Failed to replay event 16: [Errno 32] Broken pipe
2026-06-29 06:31:33,616 [WARNING] Failed to replay event 17: [Errno 32] Broken pipe
2026-06-29 06:31:33,616 [WARNING] Failed to replay event 18: [Errno 32] Broken pipe
2026-06-29 06:31:33,616 [WARNING] Failed to replay event 19: [Errno 32] Broken pipe
2026-06-29 06:31:33,616 [WARNING] Failed to replay event 20: [Errno 32] Broken pipe
2026-06-29 06:31:33,616 [WARNING] Failed to replay event 21: [Errno 32] Broken pipe
2026-06-29 06:31:33,616 [WARNING] Failed to replay event 22: [Errno 32] Broken pipe
2026-06-29 06:31:33,616 [WARNING] Failed to replay event 23: [Errno 32] Broken pipe
2026-06-29 06:31:33,616 [WARNING] Failed to replay event 24: [Errno 32] Broken pipe
2026-06-29 06:31:33,616 [WARNING] Failed to replay event 25: [Errno 32] Broken pipe
2026-06-29 06:31:33,616 [WARNING] Failed to replay event 26: [Errno 32] Broken pipe
2026-06-29 06:31:33,616 [WARNING] Failed to replay event 27: [Errno 32] Broken pipe
2026-06-29 06:31:33,616 [WARNING] Failed to replay event 28: [Errno 32] Broken pipe
2026-06-29 06:31:33,616 [INFO] handle_client: Entering receive loop
2026-06-29 06:31:33,616 [INFO] handle_client: Received empty data, client closed connection
2026-06-29 06:31:33,616 [INFO] Control Client disconnected
2026-06-29 06:31:34,236 [INFO] Control Client connected from ('10.42.0.1', 34588)
2026-06-29 06:31:34,237 [INFO] handle_client: Starting, client socket: 7
2026-06-29 06:31:34,237 [INFO] handle_client: WELCOME sent
2026-06-29 06:31:34,287 [INFO] Replaying 28 buffered event(s)
2026-06-29 06:31:34,287 [WARNING] Failed to replay event 1: [Errno 32] Broken pipe
2026-06-29 06:31:34,287 [WARNING] Failed to replay event 2: [Errno 32] Broken pipe
2026-06-29 06:31:34,287 [WARNING] Failed to replay event 3: [Errno 32] Broken pipe
2026-06-29 06:31:34,287 [WARNING] Failed to replay event 4: [Errno 32] Broken pipe
2026-06-29 06:31:34,287 [WARNING] Failed to replay event 5: [Errno 32] Broken pipe
2026-06-29 06:31:34,287 [WARNING] Failed to replay event 6: [Errno 32] Broken pipe
2026-06-29 06:31:34,287 [WARNING] Failed to replay event 7: [Errno 32] Broken pipe
2026-06-29 06:31:34,287 [WARNING] Failed to replay event 8: [Errno 32] Broken pipe
2026-06-29 06:31:34,288 [WARNING] Failed to replay event 9: [Errno 32] Broken pipe
2026-06-29 06:31:34,288 [WARNING] Failed to replay event 10: [Errno 32] Broken pipe
2026-06-29 06:31:34,288 [WARNING] Failed to replay event 11: [Errno 32] Broken pipe
2026-06-29 06:31:34,288 [WARNING] Failed to replay event 12: [Errno 32] Broken pipe
2026-06-29 06:31:34,288 [WARNING] Failed to replay event 13: [Errno 32] Broken pipe
2026-06-29 06:31:34,288 [WARNING] Failed to replay event 14: [Errno 32] Broken pipe
2026-06-29 06:31:34,288 [WARNING] Failed to replay event 15: [Errno 32] Broken pipe
2026-06-29 06:31:34,288 [WARNING] Failed to replay event 16: [Errno 32] Broken pipe
2026-06-29 06:31:34,288 [WARNING] Failed to replay event 17: [Errno 32] Broken pipe
2026-06-29 06:31:34,288 [WARNING] Failed to replay event 18: [Errno 32] Broken pipe
2026-06-29 06:31:34,288 [WARNING] Failed to replay event 19: [Errno 32] Broken pipe
2026-06-29 06:31:34,288 [WARNING] Failed to replay event 20: [Errno 32] Broken pipe
2026-06-29 06:31:34,288 [WARNING] Failed to replay event 21: [Errno 32] Broken pipe
2026-06-29 06:31:34,288 [WARNING] Failed to replay event 22: [Errno 32] Broken pipe
2026-06-29 06:31:34,288 [WARNING] Failed to replay event 23: [Errno 32] Broken pipe
2026-06-29 06:31:34,288 [WARNING] Failed to replay event 24: [Errno 32] Broken pipe
2026-06-29 06:31:34,288 [WARNING] Failed to replay event 25: [Errno 32] Broken pipe
2026-06-29 06:31:34,288 [WARNING] Failed to replay event 26: [Errno 32] Broken pipe
2026-06-29 06:31:34,288 [WARNING] Failed to replay event 27: [Errno 32] Broken pipe
2026-06-29 06:31:34,288 [WARNING] Failed to replay event 28: [Errno 32] Broken pipe
2026-06-29 06:31:34,288 [INFO] handle_client: Entering receive loop
2026-06-29 06:31:34,288 [INFO] handle_client: Received empty data, client closed connection
2026-06-29 06:31:34,288 [INFO] Control Client disconnected
2026-06-29 06:31:34,407 [DEBUG] Received 10 bytes from BTS
2026-06-29 06:31:34,407 [DEBUG] Decoded IPA frame: proto=0x00, payload_len=7, consumed=10, payload_hex: 0c1201900fffff
2026-06-29 06:31:34,407 [DEBUG] RSL message: 0c1201900fffff
2026-06-29 06:31:34,407 [DEBUG] RSL discriminator: 0x0c, message type: 0x12, payload: 0c1201900fffff
2026-06-29 06:31:34,407 [DEBUG] Incomplete frame, buffer size: 0, buffer_hex: 
2026-06-29 06:31:34,552 [DEBUG] Received 10 bytes from BTS
2026-06-29 06:31:34,553 [DEBUG] Decoded IPA frame: proto=0x00, payload_len=7, consumed=10, payload_hex: 0c1201900fffff
2026-06-29 06:31:34,553 [DEBUG] RSL message: 0c1201900fffff
2026-06-29 06:31:34,553 [DEBUG] RSL discriminator: 0x0c, message type: 0x12, payload: 0c1201900fffff
2026-06-29 06:31:34,553 [DEBUG] Incomplete frame, buffer size: 0, buffer_hex: 
2026-06-29 06:31:34,897 [DEBUG] Received 13 bytes from BTS
2026-06-29 06:31:34,897 [DEBUG] Decoded IPA frame: proto=0x00, payload_len=10, consumed=13, payload_hex: 0c130188130371c71100
2026-06-29 06:31:34,897 [DEBUG] RSL message: 0c130188130371c71100
2026-06-29 06:31:34,897 [DEBUG] RSL discriminator: 0x0c, message type: 0x13, payload: 0c130188130371c71100
2026-06-29 06:31:34,897 [INFO] BTS 4242/0/0: CHAN_RQD received - RA=3, FN=18935, payload: 0c130188130371c71100
2026-06-29 06:31:34,897 [INFO] CHAN_RQD: RA=3 FN=18935 BTS=4242/0/0
2026-06-29 06:31:34,897 [INFO] DEBUG: auto_respond=False
2026-06-29 06:31:34,897 [INFO] Sending CHAN_RQD event to control server: RA=3, FN_enc=29127
2026-06-29 06:31:34,897 [DEBUG] Buffered event CHAN_RQD (total buffered: 29)
2026-06-29 06:31:34,897 [DEBUG] Incomplete frame, buffer size: 0, buffer_hex: 
2026-06-29 06:31:35,408 [DEBUG] Received 10 bytes from BTS
2026-06-29 06:31:35,408 [DEBUG] Decoded IPA frame: proto=0x00, payload_len=7, consumed=10, payload_hex: 0c1201900fffff
2026-06-29 06:31:35,408 [DEBUG] RSL message: 0c1201900fffff
2026-06-29 06:31:35,408 [DEBUG] RSL discriminator: 0x0c, message type: 0x12, payload: 0c1201900fffff
2026-06-29 06:31:35,408 [DEBUG] Incomplete frame, buffer size: 0, buffer_hex: 
2026-06-29 06:31:35,553 [DEBUG] Received 10 bytes from BTS
2026-06-29 06:31:35,553 [DEBUG] Decoded IPA frame: proto=0x00, payload_len=7, consumed=10, payload_hex: 0c1201900fffff
2026-06-29 06:31:35,553 [DEBUG] RSL message: 0c1201900fffff
2026-06-29 06:31:35,553 [DEBUG] RSL discriminator: 0x0c, message type: 0x12, payload: 0c1201900fffff
2026-06-29 06:31:35,553 [DEBUG] Incomplete frame, buffer size: 0, buffer_hex: 
2026-06-29 06:31:36,009 [DEBUG] Received 13 bytes from BTS
2026-06-29 06:31:36,009 [DEBUG] Decoded IPA frame: proto=0x00, payload_len=10, consumed=13, payload_hex: 0c1301881303730d1100
2026-06-29 06:31:36,009 [DEBUG] RSL message: 0c1301881303730d1100
2026-06-29 06:31:36,009 [DEBUG] RSL discriminator: 0x0c, message type: 0x13, payload: 0c1301881303730d1100
2026-06-29 06:31:36,009 [INFO] BTS 4242/0/0: CHAN_RQD received - RA=3, FN=19201, payload: 0c1301881303730d1100
2026-06-29 06:31:36,009 [INFO] CHAN_RQD: RA=3 FN=19201 BTS=4242/0/0
2026-06-29 06:31:36,009 [INFO] DEBUG: auto_respond=False
2026-06-29 06:31:36,009 [INFO] Sending CHAN_RQD event to control server: RA=3, FN_enc=29453
2026-06-29 06:31:36,009 [DEBUG] Buffered event CHAN_RQD (total buffered: 30)
2026-06-29 06:31:36,009 [DEBUG] Incomplete frame, buffer size: 0, buffer_hex: 
2026-06-29 06:31:36,409 [DEBUG] Received 10 bytes from BTS
2026-06-29 06:31:36,409 [DEBUG] Decoded IPA frame: proto=0x00, payload_len=7, consumed=10, payload_hex: 0c1201900fffff
2026-06-29 06:31:36,409 [DEBUG] RSL message: 0c1201900fffff
2026-06-29 06:31:36,409 [DEBUG] RSL discriminator: 0x0c, message type: 0x12, payload: 0c1201900fffff
2026-06-29 06:31:36,409 [DEBUG] Incomplete frame, buffer size: 0, buffer_hex: 
2026-06-29 06:31:36,553 [DEBUG] Received 10 bytes from BTS
2026-06-29 06:31:36,553 [DEBUG] Decoded IPA frame: proto=0x00, payload_len=7, consumed=10, payload_hex: 0c1201900fffff
2026-06-29 06:31:36,553 [DEBUG] RSL message: 0c1201900fffff
2026-06-29 06:31:36,553 [DEBUG] RSL discriminator: 0x0c, message type: 0x12, payload: 0c1201900fffff
2026-06-29 06:31:36,553 [DEBUG] Incomplete frame, buffer size: 0, buffer_hex: 
2026-06-29 06:31:36,565 [INFO] Control Client connected from ('10.42.0.1', 34604)
2026-06-29 06:31:36,565 [INFO] handle_client: Starting, client socket: 11
2026-06-29 06:31:36,565 [INFO] handle_client: WELCOME sent
2026-06-29 06:31:36,615 [INFO] Replaying 30 buffered event(s)
2026-06-29 06:31:36,616 [WARNING] Failed to replay event 1: [Errno 32] Broken pipe
2026-06-29 06:31:36,616 [WARNING] Failed to replay event 2: [Errno 32] Broken pipe
2026-06-29 06:31:36,616 [WARNING] Failed to replay event 3: [Errno 32] Broken pipe
2026-06-29 06:31:36,616 [WARNING] Failed to replay event 4: [Errno 32] Broken pipe
2026-06-29 06:31:36,616 [WARNING] Failed to replay event 5: [Errno 32] Broken pipe
2026-06-29 06:31:36,616 [WARNING] Failed to replay event 6: [Errno 32] Broken pipe
2026-06-29 06:31:36,616 [WARNING] Failed to replay event 7: [Errno 32] Broken pipe
2026-06-29 06:31:36,616 [WARNING] Failed to replay event 8: [Errno 32] Broken pipe
2026-06-29 06:31:36,616 [WARNING] Failed to replay event 9: [Errno 32] Broken pipe
2026-06-29 06:31:36,616 [WARNING] Failed to replay event 10: [Errno 32] Broken pipe
2026-06-29 06:31:36,616 [WARNING] Failed to replay event 11: [Errno 32] Broken pipe
2026-06-29 06:31:36,616 [WARNING] Failed to replay event 12: [Errno 32] Broken pipe
2026-06-29 06:31:36,616 [WARNING] Failed to replay event 13: [Errno 32] Broken pipe
2026-06-29 06:31:36,616 [WARNING] Failed to replay event 14: [Errno 32] Broken pipe
2026-06-29 06:31:36,616 [WARNING] Failed to replay event 15: [Errno 32] Broken pipe
2026-06-29 06:31:36,616 [WARNING] Failed to replay event 16: [Errno 32] Broken pipe
2026-06-29 06:31:36,616 [WARNING] Failed to replay event 17: [Errno 32] Broken pipe
2026-06-29 06:31:36,616 [WARNING] Failed to replay event 18: [Errno 32] Broken pipe
2026-06-29 06:31:36,616 [WARNING] Failed to replay event 19: [Errno 32] Broken pipe
2026-06-29 06:31:36,616 [WARNING] Failed to replay event 20: [Errno 32] Broken pipe
2026-06-29 06:31:36,616 [WARNING] Failed to replay event 21: [Errno 32] Broken pipe
2026-06-29 06:31:36,616 [WARNING] Failed to replay event 22: [Errno 32] Broken pipe
2026-06-29 06:31:36,616 [WARNING] Failed to replay event 23: [Errno 32] Broken pipe
2026-06-29 06:31:36,616 [WARNING] Failed to replay event 24: [Errno 32] Broken pipe
2026-06-29 06:31:36,616 [WARNING] Failed to replay event 25: [Errno 32] Broken pipe
2026-06-29 06:31:36,616 [WARNING] Failed to replay event 26: [Errno 32] Broken pipe
2026-06-29 06:31:36,616 [WARNING] Failed to replay event 27: [Errno 32] Broken pipe
2026-06-29 06:31:36,616 [WARNING] Failed to replay event 28: [Errno 32] Broken pipe
2026-06-29 06:31:36,616 [WARNING] Failed to replay event 29: [Errno 32] Broken pipe
2026-06-29 06:31:36,616 [WARNING] Failed to replay event 30: [Errno 32] Broken pipe
2026-06-29 06:31:36,616 [INFO] handle_client: Entering receive loop
2026-06-29 06:31:36,616 [INFO] handle_client: Received empty data, client closed connection
2026-06-29 06:31:36,616 [INFO] Control Client disconnected
2026-06-29 06:31:37,185 [DEBUG] Received 13 bytes from BTS
2026-06-29 06:31:37,186 [DEBUG] Decoded IPA frame: proto=0x00, payload_len=10, consumed=13, payload_hex: 0c130188130673081100
2026-06-29 06:31:37,186 [DEBUG] RSL message: 0c130188130673081100
2026-06-29 06:31:37,186 [DEBUG] RSL discriminator: 0x0c, message type: 0x13, payload: 0c130188130673081100
2026-06-29 06:31:37,186 [INFO] BTS 4242/0/0: CHAN_RQD received - RA=6, FN=19196, payload: 0c130188130673081100
2026-06-29 06:31:37,186 [INFO] CHAN_RQD: RA=6 FN=19196 BTS=4242/0/0
2026-06-29 06:31:37,186 [INFO] DEBUG: auto_respond=False
2026-06-29 06:31:37,186 [INFO] Sending CHAN_RQD event to control server: RA=6, FN_enc=29448
2026-06-29 06:31:37,186 [DEBUG] Buffered event CHAN_RQD (total buffered: 31)
2026-06-29 06:31:37,186 [DEBUG] Incomplete frame, buffer size: 0, buffer_hex: 
2026-06-29 06:31:37,409 [DEBUG] Received 10 bytes from BTS
2026-06-29 06:31:37,409 [DEBUG] Decoded IPA frame: proto=0x00, payload_len=7, consumed=10, payload_hex: 0c1201900fffff
2026-06-29 06:31:37,409 [DEBUG] RSL message: 0c1201900fffff
2026-06-29 06:31:37,410 [DEBUG] RSL discriminator: 0x0c, message type: 0x12, payload: 0c1201900fffff
2026-06-29 06:31:37,410 [DEBUG] Incomplete frame, buffer size: 0, buffer_hex: 
2026-06-29 06:31:37,554 [DEBUG] Received 10 bytes from BTS
2026-06-29 06:31:37,554 [DEBUG] Decoded IPA frame: proto=0x00, payload_len=7, consumed=10, payload_hex: 0c1201900fffff
2026-06-29 06:31:37,554 [DEBUG] RSL message: 0c1201900fffff
2026-06-29 06:31:37,554 [DEBUG] RSL discriminator: 0x0c, message type: 0x12, payload: 0c1201900fffff
2026-06-29 06:31:37,554 [DEBUG] Incomplete frame, buffer size: 0, buffer_hex: 
2026-06-29 06:31:38,361 [DEBUG] Received 13 bytes from BTS
2026-06-29 06:31:38,361 [DEBUG] Decoded IPA frame: proto=0x00, payload_len=10, consumed=13, payload_hex: 0c130188130c72c11100
2026-06-29 06:31:38,361 [DEBUG] RSL message: 0c130188130c72c11100
2026-06-29 06:31:38,361 [DEBUG] RSL discriminator: 0x0c, message type: 0x13, payload: 0c130188130c72c11100
2026-06-29 06:31:38,361 [INFO] BTS 4242/0/0: CHAN_RQD received - RA=12, FN=19137, payload: 0c130188130c72c11100
2026-06-29 06:31:38,361 [INFO] CHAN_RQD: RA=12 FN=19137 BTS=4242/0/0
2026-06-29 06:31:38,361 [INFO] DEBUG: auto_respond=False
2026-06-29 06:31:38,361 [INFO] Sending CHAN_RQD event to control server: RA=12, FN_enc=29377
2026-06-29 06:31:38,361 [DEBUG] Buffered event CHAN_RQD (total buffered: 32)
2026-06-29 06:31:38,361 [DEBUG] Incomplete frame, buffer size: 0, buffer_hex: 
2026-06-29 06:31:38,410 [DEBUG] Received 10 bytes from BTS
2026-06-29 06:31:38,410 [DEBUG] Decoded IPA frame: proto=0x00, payload_len=7, consumed=10, payload_hex: 0c1201900fffff
2026-06-29 06:31:38,410 [DEBUG] RSL message: 0c1201900fffff
2026-06-29 06:31:38,410 [DEBUG] RSL discriminator: 0x0c, message type: 0x12, payload: 0c1201900fffff
2026-06-29 06:31:38,410 [DEBUG] Incomplete frame, buffer size: 0, buffer_hex: 
2026-06-29 06:31:38,555 [DEBUG] Received 10 bytes from BTS
2026-06-29 06:31:38,555 [DEBUG] Decoded IPA frame: proto=0x00, payload_len=7, consumed=10, payload_hex: 0c1201900fffff
2026-06-29 06:31:38,555 [DEBUG] RSL message: 0c1201900fffff
2026-06-29 06:31:38,555 [DEBUG] RSL discriminator: 0x0c, message type: 0x12, payload: 0c1201900fffff
2026-06-29 06:31:38,555 [DEBUG] Incomplete frame, buffer size: 0, buffer_hex: 
2026-06-29 06:31:39,411 [DEBUG] Received 10 bytes from BTS
2026-06-29 06:31:39,411 [DEBUG] Decoded IPA frame: proto=0x00, payload_len=7, consumed=10, payload_hex: 0c1201900fffff
2026-06-29 06:31:39,411 [DEBUG] RSL message: 0c1201900fffff
2026-06-29 06:31:39,411 [DEBUG] RSL discriminator: 0x0c, message type: 0x12, payload: 0c1201900fffff
2026-06-29 06:31:39,411 [DEBUG] Incomplete frame, buffer size: 0, buffer_hex: 
2026-06-29 06:31:39,539 [DEBUG] Received 13 bytes from BTS
2026-06-29 06:31:39,539 [DEBUG] Decoded IPA frame: proto=0x00, payload_len=10, consumed=13, payload_hex: 0c13018813097ad61100
2026-06-29 06:31:39,539 [DEBUG] RSL message: 0c13018813097ad61100
2026-06-29 06:31:39,539 [DEBUG] RSL discriminator: 0x0c, message type: 0x13, payload: 0c13018813097ad61100
2026-06-29 06:31:39,539 [INFO] BTS 4242/0/0: CHAN_RQD received - RA=9, FN=20484, payload: 0c13018813097ad61100
2026-06-29 06:31:39,540 [INFO] CHAN_RQD: RA=9 FN=20484 BTS=4242/0/0
2026-06-29 06:31:39,540 [INFO] DEBUG: auto_respond=False
2026-06-29 06:31:39,540 [INFO] Sending CHAN_RQD event to control server: RA=9, FN_enc=31446
2026-06-29 06:31:39,540 [DEBUG] Buffered event CHAN_RQD (total buffered: 33)
2026-06-29 06:31:39,540 [DEBUG] Incomplete frame, buffer size: 0, buffer_hex: 
2026-06-29 06:31:39,556 [DEBUG] Received 10 bytes from BTS
2026-06-29 06:31:39,556 [DEBUG] Decoded IPA frame: proto=0x00, payload_len=7, consumed=10, payload_hex: 0c1201900fffff
2026-06-29 06:31:39,556 [DEBUG] RSL message: 0c1201900fffff
2026-06-29 06:31:39,556 [DEBUG] RSL discriminator: 0x0c, message type: 0x12, payload: 0c1201900fffff
2026-06-29 06:31:39,556 [DEBUG] Incomplete frame, buffer size: 0, buffer_hex: 
2026-06-29 06:31:39,565 [INFO] Control Client connected from ('10.42.0.1', 34616)
2026-06-29 06:31:39,565 [INFO] handle_client: Starting, client socket: 7
2026-06-29 06:31:39,565 [INFO] handle_client: WELCOME sent
2026-06-29 06:31:39,616 [INFO] Replaying 33 buffered event(s)
2026-06-29 06:31:39,616 [WARNING] Failed to replay event 1: [Errno 32] Broken pipe
2026-06-29 06:31:39,616 [WARNING] Failed to replay event 2: [Errno 32] Broken pipe
2026-06-29 06:31:39,616 [WARNING] Failed to replay event 3: [Errno 32] Broken pipe
2026-06-29 06:31:39,616 [WARNING] Failed to replay event 4: [Errno 32] Broken pipe
2026-06-29 06:31:39,616 [WARNING] Failed to replay event 5: [Errno 32] Broken pipe
2026-06-29 06:31:39,616 [WARNING] Failed to replay event 6: [Errno 32] Broken pipe
2026-06-29 06:31:39,616 [WARNING] Failed to replay event 7: [Errno 32] Broken pipe
2026-06-29 06:31:39,616 [WARNING] Failed to replay event 8: [Errno 32] Broken pipe
2026-06-29 06:31:39,616 [WARNING] Failed to replay event 9: [Errno 32] Broken pipe
2026-06-29 06:31:39,616 [WARNING] Failed to replay event 10: [Errno 32] Broken pipe
2026-06-29 06:31:39,616 [WARNING] Failed to replay event 11: [Errno 32] Broken pipe
2026-06-29 06:31:39,616 [WARNING] Failed to replay event 12: [Errno 32] Broken pipe
2026-06-29 06:31:39,616 [WARNING] Failed to replay event 13: [Errno 32] Broken pipe
2026-06-29 06:31:39,617 [WARNING] Failed to replay event 14: [Errno 32] Broken pipe
2026-06-29 06:31:39,617 [WARNING] Failed to replay event 15: [Errno 32] Broken pipe
2026-06-29 06:31:39,617 [WARNING] Failed to replay event 16: [Errno 32] Broken pipe
2026-06-29 06:31:39,617 [WARNING] Failed to replay event 17: [Errno 32] Broken pipe
2026-06-29 06:31:39,617 [WARNING] Failed to replay event 18: [Errno 32] Broken pipe
2026-06-29 06:31:39,617 [WARNING] Failed to replay event 19: [Errno 32] Broken pipe
2026-06-29 06:31:39,617 [WARNING] Failed to replay event 20: [Errno 32] Broken pipe
2026-06-29 06:31:39,617 [WARNING] Failed to replay event 21: [Errno 32] Broken pipe
2026-06-29 06:31:39,617 [WARNING] Failed to replay event 22: [Errno 32] Broken pipe
2026-06-29 06:31:39,617 [WARNING] Failed to replay event 23: [Errno 32] Broken pipe
2026-06-29 06:31:39,617 [WARNING] Failed to replay event 24: [Errno 32] Broken pipe
2026-06-29 06:31:39,617 [WARNING] Failed to replay event 25: [Errno 32] Broken pipe
2026-06-29 06:31:39,617 [WARNING] Failed to replay event 26: [Errno 32] Broken pipe
2026-06-29 06:31:39,617 [WARNING] Failed to replay event 27: [Errno 32] Broken pipe
2026-06-29 06:31:39,617 [WARNING] Failed to replay event 28: [Errno 32] Broken pipe
2026-06-29 06:31:39,617 [WARNING] Failed to replay event 29: [Errno 32] Broken pipe
2026-06-29 06:31:39,617 [WARNING] Failed to replay event 30: [Errno 32] Broken pipe
2026-06-29 06:31:39,617 [WARNING] Failed to replay event 31: [Errno 32] Broken pipe
2026-06-29 06:31:39,617 [WARNING] Failed to replay event 32: [Errno 32] Broken pipe
2026-06-29 06:31:39,617 [WARNING] Failed to replay event 33: [Errno 32] Broken pipe
2026-06-29 06:31:39,617 [INFO] handle_client: Entering receive loop
2026-06-29 06:31:39,617 [INFO] handle_client: Received empty data, client closed connection
2026-06-29 06:31:39,617 [INFO] Control Client disconnected
2026-06-29 06:31:40,411 [DEBUG] Received 10 bytes from BTS
2026-06-29 06:31:40,411 [DEBUG] Decoded IPA frame: proto=0x00, payload_len=7, consumed=10, payload_hex: 0c1201900fffff
2026-06-29 06:31:40,411 [DEBUG] RSL message: 0c1201900fffff
2026-06-29 06:31:40,411 [DEBUG] RSL discriminator: 0x0c, message type: 0x12, payload: 0c1201900fffff
2026-06-29 06:31:40,411 [DEBUG] Incomplete frame, buffer size: 0, buffer_hex: 
2026-06-29 06:31:40,555 [DEBUG] Received 10 bytes from BTS
2026-06-29 06:31:40,555 [DEBUG] Decoded IPA frame: proto=0x00, payload_len=7, consumed=10, payload_hex: 0c1201900fffff
2026-06-29 06:31:40,555 [DEBUG] RSL message: 0c1201900fffff
2026-06-29 06:31:40,555 [DEBUG] RSL discriminator: 0x0c, message type: 0x12, payload: 0c1201900fffff
2026-06-29 06:31:40,555 [DEBUG] Incomplete frame, buffer size: 0, buffer_hex: 
2026-06-29 06:31:40,714 [DEBUG] Received 13 bytes from BTS
2026-06-29 06:31:40,714 [DEBUG] Decoded IPA frame: proto=0x00, payload_len=10, consumed=13, payload_hex: 0c130188130f7ad11100
2026-06-29 06:31:40,714 [DEBUG] RSL message: 0c130188130f7ad11100
2026-06-29 06:31:40,714 [DEBUG] RSL discriminator: 0x0c, message type: 0x13, payload: 0c130188130f7ad11100
2026-06-29 06:31:40,714 [INFO] BTS 4242/0/0: CHAN_RQD received - RA=15, FN=20479, payload: 0c130188130f7ad11100
2026-06-29 06:31:40,714 [INFO] CHAN_RQD: RA=15 FN=20479 BTS=4242/0/0
2026-06-29 06:31:40,714 [INFO] DEBUG: auto_respond=False
2026-06-29 06:31:40,714 [INFO] Sending CHAN_RQD event to control server: RA=15, FN_enc=31441
2026-06-29 06:31:40,714 [DEBUG] Buffered event CHAN_RQD (total buffered: 34)
2026-06-29 06:31:40,714 [DEBUG] Incomplete frame, buffer size: 0, buffer_hex: 
2026-06-29 06:31:41,412 [DEBUG] Received 10 bytes from BTS
2026-06-29 06:31:41,412 [DEBUG] Decoded IPA frame: proto=0x00, payload_len=7, consumed=10, payload_hex: 0c1201900fffff
2026-06-29 06:31:41,412 [DEBUG] RSL message: 0c1201900fffff
2026-06-29 06:31:41,412 [DEBUG] RSL discriminator: 0x0c, message type: 0x12, payload: 0c1201900fffff
2026-06-29 06:31:41,412 [DEBUG] Incomplete frame, buffer size: 0, buffer_hex: 
2026-06-29 06:31:41,556 [DEBUG] Received 10 bytes from BTS
2026-06-29 06:31:41,556 [DEBUG] Decoded IPA frame: proto=0x00, payload_len=7, consumed=10, payload_hex: 0c1201900fffff
2026-06-29 06:31:41,556 [DEBUG] RSL message: 0c1201900fffff
2026-06-29 06:31:41,556 [DEBUG] RSL discriminator: 0x0c, message type: 0x12, payload: 0c1201900fffff
2026-06-29 06:31:41,556 [DEBUG] Incomplete frame, buffer size: 0, buffer_hex: 
2026-06-29 06:31:41,893 [DEBUG] Received 13 bytes from BTS
2026-06-29 06:31:41,893 [DEBUG] Decoded IPA frame: proto=0x00, payload_len=10, consumed=13, payload_hex: 0c13018813047acc1100
2026-06-29 06:31:41,893 [DEBUG] RSL message: 0c13018813047acc1100
2026-06-29 06:31:41,893 [DEBUG] RSL discriminator: 0x0c, message type: 0x13, payload: 0c13018813047acc1100
2026-06-29 06:31:41,893 [INFO] BTS 4242/0/0: CHAN_RQD received - RA=4, FN=20474, payload: 0c13018813047acc1100
2026-06-29 06:31:41,893 [INFO] CHAN_RQD: RA=4 FN=20474 BTS=4242/0/0
2026-06-29 06:31:41,893 [INFO] DEBUG: auto_respond=False
2026-06-29 06:31:41,893 [INFO] Sending CHAN_RQD event to control server: RA=4, FN_enc=31436
2026-06-29 06:31:41,894 [DEBUG] Buffered event CHAN_RQD (total buffered: 35)
2026-06-29 06:31:41,894 [DEBUG] Incomplete frame, buffer size: 0, buffer_hex: 
2026-06-29 06:31:42,413 [DEBUG] Received 10 bytes from BTS
2026-06-29 06:31:42,413 [DEBUG] Decoded IPA frame: proto=0x00, payload_len=7, consumed=10, payload_hex: 0c1201900fffff
2026-06-29 06:31:42,413 [DEBUG] RSL message: 0c1201900fffff
2026-06-29 06:31:42,413 [DEBUG] RSL discriminator: 0x0c, message type: 0x12, payload: 0c1201900fffff
2026-06-29 06:31:42,413 [DEBUG] Incomplete frame, buffer size: 0, buffer_hex: 
2026-06-29 06:31:42,556 [DEBUG] Received 10 bytes from BTS
2026-06-29 06:31:42,556 [DEBUG] Decoded IPA frame: proto=0x00, payload_len=7, consumed=10, payload_hex: 0c1201900fffff
2026-06-29 06:31:42,556 [DEBUG] RSL message: 0c1201900fffff
2026-06-29 06:31:42,556 [DEBUG] RSL discriminator: 0x0c, message type: 0x12, payload: 0c1201900fffff
2026-06-29 06:31:42,556 [DEBUG] Incomplete frame, buffer size: 0, buffer_hex: 
2026-06-29 06:31:42,564 [INFO] Control Client connected from ('10.42.0.1', 40290)
2026-06-29 06:31:42,565 [INFO] handle_client: Starting, client socket: 11
2026-06-29 06:31:42,565 [INFO] handle_client: WELCOME sent
2026-06-29 06:31:42,615 [INFO] Replaying 35 buffered event(s)
2026-06-29 06:31:42,615 [WARNING] Failed to replay event 1: [Errno 32] Broken pipe
2026-06-29 06:31:42,615 [WARNING] Failed to replay event 2: [Errno 32] Broken pipe
2026-06-29 06:31:42,615 [WARNING] Failed to replay event 3: [Errno 32] Broken pipe
2026-06-29 06:31:42,615 [WARNING] Failed to replay event 4: [Errno 32] Broken pipe
2026-06-29 06:31:42,615 [WARNING] Failed to replay event 5: [Errno 32] Broken pipe
2026-06-29 06:31:42,615 [WARNING] Failed to replay event 6: [Errno 32] Broken pipe
2026-06-29 06:31:42,615 [WARNING] Failed to replay event 7: [Errno 32] Broken pipe
2026-06-29 06:31:42,615 [WARNING] Failed to replay event 8: [Errno 32] Broken pipe
2026-06-29 06:31:42,615 [WARNING] Failed to replay event 9: [Errno 32] Broken pipe
2026-06-29 06:31:42,615 [WARNING] Failed to replay event 10: [Errno 32] Broken pipe
2026-06-29 06:31:42,615 [WARNING] Failed to replay event 11: [Errno 32] Broken pipe
2026-06-29 06:31:42,615 [WARNING] Failed to replay event 12: [Errno 32] Broken pipe
2026-06-29 06:31:42,615 [WARNING] Failed to replay event 13: [Errno 32] Broken pipe
2026-06-29 06:31:42,615 [WARNING] Failed to replay event 14: [Errno 32] Broken pipe
2026-06-29 06:31:42,615 [WARNING] Failed to replay event 15: [Errno 32] Broken pipe
2026-06-29 06:31:42,615 [WARNING] Failed to replay event 16: [Errno 32] Broken pipe
2026-06-29 06:31:42,616 [WARNING] Failed to replay event 17: [Errno 32] Broken pipe
2026-06-29 06:31:42,616 [WARNING] Failed to replay event 18: [Errno 32] Broken pipe
2026-06-29 06:31:42,616 [WARNING] Failed to replay event 19: [Errno 32] Broken pipe
2026-06-29 06:31:42,616 [WARNING] Failed to replay event 20: [Errno 32] Broken pipe
2026-06-29 06:31:42,616 [WARNING] Failed to replay event 21: [Errno 32] Broken pipe
2026-06-29 06:31:42,616 [WARNING] Failed to replay event 22: [Errno 32] Broken pipe
2026-06-29 06:31:42,616 [WARNING] Failed to replay event 23: [Errno 32] Broken pipe
2026-06-29 06:31:42,616 [WARNING] Failed to replay event 24: [Errno 32] Broken pipe
2026-06-29 06:31:42,616 [WARNING] Failed to replay event 25: [Errno 32] Broken pipe
2026-06-29 06:31:42,616 [WARNING] Failed to replay event 26: [Errno 32] Broken pipe
2026-06-29 06:31:42,616 [WARNING] Failed to replay event 27: [Errno 32] Broken pipe
2026-06-29 06:31:42,616 [WARNING] Failed to replay event 28: [Errno 32] Broken pipe
2026-06-29 06:31:42,616 [WARNING] Failed to replay event 29: [Errno 32] Broken pipe
2026-06-29 06:31:42,616 [WARNING] Failed to replay event 30: [Errno 32] Broken pipe
2026-06-29 06:31:42,616 [WARNING] Failed to replay event 31: [Errno 32] Broken pipe
2026-06-29 06:31:42,616 [WARNING] Failed to replay event 32: [Errno 32] Broken pipe
2026-06-29 06:31:42,616 [WARNING] Failed to replay event 33: [Errno 32] Broken pipe
2026-06-29 06:31:42,616 [WARNING] Failed to replay event 34: [Errno 32] Broken pipe
2026-06-29 06:31:42,616 [WARNING] Failed to replay event 35: [Errno 32] Broken pipe
2026-06-29 06:31:42,616 [INFO] handle_client: Entering receive loop
2026-06-29 06:31:42,616 [INFO] handle_client: Received empty data, client closed connection
2026-06-29 06:31:42,616 [INFO] Control Client disconnected
2026-06-29 06:31:43,068 [DEBUG] Received 13 bytes from BTS
2026-06-29 06:31:43,068 [DEBUG] Decoded IPA frame: proto=0x00, payload_len=10, consumed=13, payload_hex: 0c13018813097aa61100
2026-06-29 06:31:43,068 [DEBUG] RSL message: 0c13018813097aa61100
2026-06-29 06:31:43,068 [DEBUG] RSL discriminator: 0x0c, message type: 0x13, payload: 0c13018813097aa61100
2026-06-29 06:31:43,068 [INFO] BTS 4242/0/0: CHAN_RQD received - RA=9, FN=20442, payload: 0c13018813097aa61100
2026-06-29 06:31:43,068 [INFO] CHAN_RQD: RA=9 FN=20442 BTS=4242/0/0
2026-06-29 06:31:43,068 [INFO] DEBUG: auto_respond=False
2026-06-29 06:31:43,068 [INFO] Sending CHAN_RQD event to control server: RA=9, FN_enc=31398
2026-06-29 06:31:43,068 [DEBUG] Buffered event CHAN_RQD (total buffered: 36)
2026-06-29 06:31:43,068 [DEBUG] Incomplete frame, buffer size: 0, buffer_hex: 
2026-06-29 06:31:43,413 [DEBUG] Received 10 bytes from BTS
2026-06-29 06:31:43,414 [DEBUG] Decoded IPA frame: proto=0x00, payload_len=7, consumed=10, payload_hex: 0c1201900fffff
2026-06-29 06:31:43,414 [DEBUG] RSL message: 0c1201900fffff
2026-06-29 06:31:43,414 [DEBUG] RSL discriminator: 0x0c, message type: 0x12, payload: 0c1201900fffff
2026-06-29 06:31:43,414 [DEBUG] Incomplete frame, buffer size: 0, buffer_hex: 
2026-06-29 06:31:43,558 [DEBUG] Received 10 bytes from BTS
2026-06-29 06:31:43,558 [DEBUG] Decoded IPA frame: proto=0x00, payload_len=7, consumed=10, payload_hex: 0c1201900fffff
2026-06-29 06:31:43,558 [DEBUG] RSL message: 0c1201900fffff
2026-06-29 06:31:43,558 [DEBUG] RSL discriminator: 0x0c, message type: 0x12, payload: 0c1201900fffff
2026-06-29 06:31:43,558 [DEBUG] Incomplete frame, buffer size: 0, buffer_hex: 
2026-06-29 06:31:44,236 [INFO] Control Client connected from ('10.42.0.1', 40306)
2026-06-29 06:31:44,236 [INFO] handle_client: Starting, client socket: 7
2026-06-29 06:31:44,237 [INFO] handle_client: WELCOME sent
2026-06-29 06:31:44,287 [INFO] Replaying 36 buffered event(s)
2026-06-29 06:31:44,287 [WARNING] Failed to replay event 1: [Errno 32] Broken pipe
2026-06-29 06:31:44,287 [WARNING] Failed to replay event 2: [Errno 32] Broken pipe
2026-06-29 06:31:44,287 [WARNING] Failed to replay event 3: [Errno 32] Broken pipe
2026-06-29 06:31:44,287 [WARNING] Failed to replay event 4: [Errno 32] Broken pipe
2026-06-29 06:31:44,287 [WARNING] Failed to replay event 5: [Errno 32] Broken pipe
2026-06-29 06:31:44,287 [WARNING] Failed to replay event 6: [Errno 32] Broken pipe
2026-06-29 06:31:44,288 [WARNING] Failed to replay event 7: [Errno 32] Broken pipe
2026-06-29 06:31:44,288 [WARNING] Failed to replay event 8: [Errno 32] Broken pipe
2026-06-29 06:31:44,288 [WARNING] Failed to replay event 9: [Errno 32] Broken pipe
2026-06-29 06:31:44,288 [WARNING] Failed to replay event 10: [Errno 32] Broken pipe
2026-06-29 06:31:44,288 [WARNING] Failed to replay event 11: [Errno 32] Broken pipe
2026-06-29 06:31:44,288 [WARNING] Failed to replay event 12: [Errno 32] Broken pipe
2026-06-29 06:31:44,288 [WARNING] Failed to replay event 13: [Errno 32] Broken pipe
2026-06-29 06:31:44,288 [WARNING] Failed to replay event 14: [Errno 32] Broken pipe
2026-06-29 06:31:44,288 [WARNING] Failed to replay event 15: [Errno 32] Broken pipe
2026-06-29 06:31:44,288 [WARNING] Failed to replay event 16: [Errno 32] Broken pipe
2026-06-29 06:31:44,288 [WARNING] Failed to replay event 17: [Errno 32] Broken pipe
2026-06-29 06:31:44,288 [WARNING] Failed to replay event 18: [Errno 32] Broken pipe
2026-06-29 06:31:44,288 [WARNING] Failed to replay event 19: [Errno 32] Broken pipe
2026-06-29 06:31:44,288 [WARNING] Failed to replay event 20: [Errno 32] Broken pipe
2026-06-29 06:31:44,288 [WARNING] Failed to replay event 21: [Errno 32] Broken pipe
2026-06-29 06:31:44,288 [WARNING] Failed to replay event 22: [Errno 32] Broken pipe
2026-06-29 06:31:44,288 [WARNING] Failed to replay event 23: [Errno 32] Broken pipe
2026-06-29 06:31:44,288 [WARNING] Failed to replay event 24: [Errno 32] Broken pipe
2026-06-29 06:31:44,288 [WARNING] Failed to replay event 25: [Errno 32] Broken pipe
2026-06-29 06:31:44,288 [WARNING] Failed to replay event 26: [Errno 32] Broken pipe
2026-06-29 06:31:44,288 [WARNING] Failed to replay event 27: [Errno 32] Broken pipe
2026-06-29 06:31:44,288 [WARNING] Failed to replay event 28: [Errno 32] Broken pipe
2026-06-29 06:31:44,289 [WARNING] Failed to replay event 29: [Errno 32] Broken pipe
2026-06-29 06:31:44,289 [WARNING] Failed to replay event 30: [Errno 32] Broken pipe
2026-06-29 06:31:44,289 [WARNING] Failed to replay event 31: [Errno 32] Broken pipe
2026-06-29 06:31:44,289 [WARNING] Failed to replay event 32: [Errno 32] Broken pipe
2026-06-29 06:31:44,289 [WARNING] Failed to replay event 33: [Errno 32] Broken pipe
2026-06-29 06:31:44,289 [WARNING] Failed to replay event 34: [Errno 32] Broken pipe
2026-06-29 06:31:44,289 [WARNING] Failed to replay event 35: [Errno 32] Broken pipe
2026-06-29 06:31:44,289 [WARNING] Failed to replay event 36: [Errno 32] Broken pipe
2026-06-29 06:31:44,289 [INFO] handle_client: Entering receive loop
2026-06-29 06:31:44,289 [INFO] handle_client: Received empty data, client closed connection
2026-06-29 06:31:44,289 [INFO] Control Client disconnected
2026-06-29 06:31:44,414 [DEBUG] Received 10 bytes from BTS
2026-06-29 06:31:44,414 [DEBUG] Decoded IPA frame: proto=0x00, payload_len=7, consumed=10, payload_hex: 0c1201900fffff
2026-06-29 06:31:44,414 [DEBUG] RSL message: 0c1201900fffff
2026-06-29 06:31:44,414 [DEBUG] RSL discriminator: 0x0c, message type: 0x12, payload: 0c1201900fffff
2026-06-29 06:31:44,414 [DEBUG] Incomplete frame, buffer size: 0, buffer_hex: 
2026-06-29 06:31:44,557 [DEBUG] Received 10 bytes from BTS
2026-06-29 06:31:44,557 [DEBUG] Decoded IPA frame: proto=0x00, payload_len=7, consumed=10, payload_hex: 0c1201900fffff
2026-06-29 06:31:44,557 [DEBUG] RSL message: 0c1201900fffff
2026-06-29 06:31:44,557 [DEBUG] RSL discriminator: 0x0c, message type: 0x12, payload: 0c1201900fffff
2026-06-29 06:31:44,557 [DEBUG] Incomplete frame, buffer size: 0, buffer_hex: 
2026-06-29 06:31:45,414 [DEBUG] Received 10 bytes from BTS
2026-06-29 06:31:45,415 [DEBUG] Decoded IPA frame: proto=0x00, payload_len=7, consumed=10, payload_hex: 0c1201900fffff
2026-06-29 06:31:45,415 [DEBUG] RSL message: 0c1201900fffff
2026-06-29 06:31:45,415 [DEBUG] RSL discriminator: 0x0c, message type: 0x12, payload: 0c1201900fffff
2026-06-29 06:31:45,415 [DEBUG] Incomplete frame, buffer size: 0, buffer_hex: 
2026-06-29 06:31:45,558 [DEBUG] Received 10 bytes from BTS
2026-06-29 06:31:45,558 [DEBUG] Decoded IPA frame: proto=0x00, payload_len=7, consumed=10, payload_hex: 0c1201900fffff
2026-06-29 06:31:45,558 [DEBUG] RSL message: 0c1201900fffff
2026-06-29 06:31:45,558 [DEBUG] RSL discriminator: 0x0c, message type: 0x12, payload: 0c1201900fffff
2026-06-29 06:31:45,558 [DEBUG] Incomplete frame, buffer size: 0, buffer_hex: 
2026-06-29 06:31:45,564 [INFO] Control Client connected from ('10.42.0.1', 40320)
2026-06-29 06:31:45,565 [INFO] handle_client: Starting, client socket: 11
2026-06-29 06:31:45,565 [INFO] handle_client: WELCOME sent
2026-06-29 06:31:45,615 [INFO] Replaying 36 buffered event(s)
2026-06-29 06:31:45,615 [WARNING] Failed to replay event 1: [Errno 32] Broken pipe
2026-06-29 06:31:45,615 [WARNING] Failed to replay event 2: [Errno 32] Broken pipe
2026-06-29 06:31:45,615 [WARNING] Failed to replay event 3: [Errno 32] Broken pipe
2026-06-29 06:31:45,615 [WARNING] Failed to replay event 4: [Errno 32] Broken pipe
2026-06-29 06:31:45,615 [WARNING] Failed to replay event 5: [Errno 32] Broken pipe
2026-06-29 06:31:45,615 [WARNING] Failed to replay event 6: [Errno 32] Broken pipe
2026-06-29 06:31:45,615 [WARNING] Failed to replay event 7: [Errno 32] Broken pipe
2026-06-29 06:31:45,615 [WARNING] Failed to replay event 8: [Errno 32] Broken pipe
2026-06-29 06:31:45,615 [WARNING] Failed to replay event 9: [Errno 32] Broken pipe
2026-06-29 06:31:45,615 [WARNING] Failed to replay event 10: [Errno 32] Broken pipe
2026-06-29 06:31:45,615 [WARNING] Failed to replay event 11: [Errno 32] Broken pipe
2026-06-29 06:31:45,615 [WARNING] Failed to replay event 12: [Errno 32] Broken pipe
2026-06-29 06:31:45,615 [WARNING] Failed to replay event 13: [Errno 32] Broken pipe
2026-06-29 06:31:45,615 [WARNING] Failed to replay event 14: [Errno 32] Broken pipe
2026-06-29 06:31:45,615 [WARNING] Failed to replay event 15: [Errno 32] Broken pipe
2026-06-29 06:31:45,615 [WARNING] Failed to replay event 16: [Errno 32] Broken pipe
2026-06-29 06:31:45,615 [WARNING] Failed to replay event 17: [Errno 32] Broken pipe
2026-06-29 06:31:45,615 [WARNING] Failed to replay event 18: [Errno 32] Broken pipe
2026-06-29 06:31:45,615 [WARNING] Failed to replay event 19: [Errno 32] Broken pipe
2026-06-29 06:31:45,616 [WARNING] Failed to replay event 20: [Errno 32] Broken pipe
2026-06-29 06:31:45,616 [WARNING] Failed to replay event 21: [Errno 32] Broken pipe
2026-06-29 06:31:45,616 [WARNING] Failed to replay event 22: [Errno 32] Broken pipe
2026-06-29 06:31:45,616 [WARNING] Failed to replay event 23: [Errno 32] Broken pipe
2026-06-29 06:31:45,616 [WARNING] Failed to replay event 24: [Errno 32] Broken pipe
2026-06-29 06:31:45,616 [WARNING] Failed to replay event 25: [Errno 32] Broken pipe
2026-06-29 06:31:45,616 [WARNING] Failed to replay event 26: [Errno 32] Broken pipe
2026-06-29 06:31:45,616 [WARNING] Failed to replay event 27: [Errno 32] Broken pipe
2026-06-29 06:31:45,616 [WARNING] Failed to replay event 28: [Errno 32] Broken pipe
2026-06-29 06:31:45,616 [WARNING] Failed to replay event 29: [Errno 32] Broken pipe
2026-06-29 06:31:45,616 [WARNING] Failed to replay event 30: [Errno 32] Broken pipe
2026-06-29 06:31:45,616 [WARNING] Failed to replay event 31: [Errno 32] Broken pipe
2026-06-29 06:31:45,616 [WARNING] Failed to replay event 32: [Errno 32] Broken pipe
2026-06-29 06:31:45,616 [WARNING] Failed to replay event 33: [Errno 32] Broken pipe
2026-06-29 06:31:45,616 [WARNING] Failed to replay event 34: [Errno 32] Broken pipe
2026-06-29 06:31:45,616 [WARNING] Failed to replay event 35: [Errno 32] Broken pipe
2026-06-29 06:31:45,616 [WARNING] Failed to replay event 36: [Errno 32] Broken pipe
2026-06-29 06:31:45,616 [INFO] handle_client: Entering receive loop
2026-06-29 06:31:45,616 [INFO] handle_client: Received empty data, client closed connection
2026-06-29 06:31:45,616 [INFO] Control Client disconnected
2026-06-29 06:31:46,415 [DEBUG] Received 10 bytes from BTS
2026-06-29 06:31:46,415 [DEBUG] Decoded IPA frame: proto=0x00, payload_len=7, consumed=10, payload_hex: 0c1201900fffff
2026-06-29 06:31:46,415 [DEBUG] RSL message: 0c1201900fffff
2026-06-29 06:31:46,415 [DEBUG] RSL discriminator: 0x0c, message type: 0x12, payload: 0c1201900fffff
2026-06-29 06:31:46,415 [DEBUG] Incomplete frame, buffer size: 0, buffer_hex: 
2026-06-29 06:31:46,559 [DEBUG] Received 10 bytes from BTS
2026-06-29 06:31:46,559 [DEBUG] Decoded IPA frame: proto=0x00, payload_len=7, consumed=10, payload_hex: 0c1201900fffff
2026-06-29 06:31:46,559 [DEBUG] RSL message: 0c1201900fffff
2026-06-29 06:31:46,559 [DEBUG] RSL discriminator: 0x0c, message type: 0x12, payload: 0c1201900fffff
2026-06-29 06:31:46,559 [DEBUG] Incomplete frame, buffer size: 0, buffer_hex: 
2026-06-29 06:31:47,416 [DEBUG] Received 10 bytes from BTS
2026-06-29 06:31:47,416 [DEBUG] Decoded IPA frame: proto=0x00, payload_len=7, consumed=10, payload_hex: 0c1201900fffff
2026-06-29 06:31:47,416 [DEBUG] RSL message: 0c1201900fffff
2026-06-29 06:31:47,416 [DEBUG] RSL discriminator: 0x0c, message type: 0x12, payload: 0c1201900fffff
2026-06-29 06:31:47,416 [DEBUG] Incomplete frame, buffer size: 0, buffer_hex: 
2026-06-29 06:31:47,559 [DEBUG] Received 10 bytes from BTS
2026-06-29 06:31:47,559 [DEBUG] Decoded IPA frame: proto=0x00, payload_len=7, consumed=10, payload_hex: 0c1201900fffff
2026-06-29 06:31:47,559 [DEBUG] RSL message: 0c1201900fffff
2026-06-29 06:31:47,559 [DEBUG] RSL discriminator: 0x0c, message type: 0x12, payload: 0c1201900fffff
2026-06-29 06:31:47,559 [DEBUG] Incomplete frame, buffer size: 0, buffer_hex: 
2026-06-29 06:31:48,417 [DEBUG] Received 10 bytes from BTS
2026-06-29 06:31:48,417 [DEBUG] Decoded IPA frame: proto=0x00, payload_len=7, consumed=10, payload_hex: 0c1201900fffff
2026-06-29 06:31:48,417 [DEBUG] RSL message: 0c1201900fffff
2026-06-29 06:31:48,417 [DEBUG] RSL discriminator: 0x0c, message type: 0x12, payload: 0c1201900fffff
2026-06-29 06:31:48,417 [DEBUG] Incomplete frame, buffer size: 0, buffer_hex: 
2026-06-29 06:31:48,559 [DEBUG] Received 10 bytes from BTS
2026-06-29 06:31:48,559 [DEBUG] Decoded IPA frame: proto=0x00, payload_len=7, consumed=10, payload_hex: 0c1201900fffff
2026-06-29 06:31:48,559 [DEBUG] RSL message: 0c1201900fffff
2026-06-29 06:31:48,559 [DEBUG] RSL discriminator: 0x0c, message type: 0x12, payload: 0c1201900fffff
2026-06-29 06:31:48,559 [DEBUG] Incomplete frame, buffer size: 0, buffer_hex: 
2026-06-29 06:31:48,564 [INFO] Control Client connected from ('10.42.0.1', 40334)
2026-06-29 06:31:48,565 [INFO] handle_client: Starting, client socket: 7
2026-06-29 06:31:48,565 [INFO] handle_client: WELCOME sent
2026-06-29 06:31:48,615 [INFO] Replaying 36 buffered event(s)
2026-06-29 06:31:48,615 [WARNING] Failed to replay event 1: [Errno 32] Broken pipe
2026-06-29 06:31:48,615 [WARNING] Failed to replay event 2: [Errno 32] Broken pipe
2026-06-29 06:31:48,615 [WARNING] Failed to replay event 3: [Errno 32] Broken pipe
2026-06-29 06:31:48,615 [WARNING] Failed to replay event 4: [Errno 32] Broken pipe
2026-06-29 06:31:48,615 [WARNING] Failed to replay event 5: [Errno 32] Broken pipe
2026-06-29 06:31:48,615 [WARNING] Failed to replay event 6: [Errno 32] Broken pipe
2026-06-29 06:31:48,615 [WARNING] Failed to replay event 7: [Errno 32] Broken pipe
2026-06-29 06:31:48,615 [WARNING] Failed to replay event 8: [Errno 32] Broken pipe
2026-06-29 06:31:48,615 [WARNING] Failed to replay event 9: [Errno 32] Broken pipe
2026-06-29 06:31:48,615 [WARNING] Failed to replay event 10: [Errno 32] Broken pipe
2026-06-29 06:31:48,615 [WARNING] Failed to replay event 11: [Errno 32] Broken pipe
2026-06-29 06:31:48,615 [WARNING] Failed to replay event 12: [Errno 32] Broken pipe
2026-06-29 06:31:48,615 [WARNING] Failed to replay event 13: [Errno 32] Broken pipe
2026-06-29 06:31:48,615 [WARNING] Failed to replay event 14: [Errno 32] Broken pipe
2026-06-29 06:31:48,615 [WARNING] Failed to replay event 15: [Errno 32] Broken pipe
2026-06-29 06:31:48,615 [WARNING] Failed to replay event 16: [Errno 32] Broken pipe
2026-06-29 06:31:48,615 [WARNING] Failed to replay event 17: [Errno 32] Broken pipe
2026-06-29 06:31:48,615 [WARNING] Failed to replay event 18: [Errno 32] Broken pipe
2026-06-29 06:31:48,615 [WARNING] Failed to replay event 19: [Errno 32] Broken pipe
2026-06-29 06:31:48,615 [WARNING] Failed to replay event 20: [Errno 32] Broken pipe
2026-06-29 06:31:48,615 [WARNING] Failed to replay event 21: [Errno 32] Broken pipe
2026-06-29 06:31:48,616 [WARNING] Failed to replay event 22: [Errno 32] Broken pipe
2026-06-29 06:31:48,616 [WARNING] Failed to replay event 23: [Errno 32] Broken pipe
2026-06-29 06:31:48,616 [WARNING] Failed to replay event 24: [Errno 32] Broken pipe
2026-06-29 06:31:48,616 [WARNING] Failed to replay event 25: [Errno 32] Broken pipe
2026-06-29 06:31:48,616 [WARNING] Failed to replay event 26: [Errno 32] Broken pipe
2026-06-29 06:31:48,616 [WARNING] Failed to replay event 27: [Errno 32] Broken pipe
2026-06-29 06:31:48,616 [WARNING] Failed to replay event 28: [Errno 32] Broken pipe
2026-06-29 06:31:48,616 [WARNING] Failed to replay event 29: [Errno 32] Broken pipe
2026-06-29 06:31:48,616 [WARNING] Failed to replay event 30: [Errno 32] Broken pipe
2026-06-29 06:31:48,616 [WARNING] Failed to replay event 31: [Errno 32] Broken pipe
2026-06-29 06:31:48,616 [WARNING] Failed to replay event 32: [Errno 32] Broken pipe
2026-06-29 06:31:48,616 [WARNING] Failed to replay event 33: [Errno 32] Broken pipe
2026-06-29 06:31:48,616 [WARNING] Failed to replay event 34: [Errno 32] Broken pipe
2026-06-29 06:31:48,616 [WARNING] Failed to replay event 35: [Errno 32] Broken pipe
2026-06-29 06:31:48,616 [WARNING] Failed to replay event 36: [Errno 32] Broken pipe
2026-06-29 06:31:48,616 [INFO] handle_client: Entering receive loop
2026-06-29 06:31:48,616 [INFO] handle_client: Received empty data, client closed connection
2026-06-29 06:31:48,616 [INFO] Control Client disconnected
2026-06-29 06:31:49,417 [DEBUG] Received 10 bytes from BTS
2026-06-29 06:31:49,418 [DEBUG] Decoded IPA frame: proto=0x00, payload_len=7, consumed=10, payload_hex: 0c1201900fffff
2026-06-29 06:31:49,418 [DEBUG] RSL message: 0c1201900fffff
2026-06-29 06:31:49,418 [DEBUG] RSL discriminator: 0x0c, message type: 0x12, payload: 0c1201900fffff
2026-06-29 06:31:49,418 [DEBUG] Incomplete frame, buffer size: 0, buffer_hex: 
2026-06-29 06:31:49,560 [DEBUG] Received 10 bytes from BTS
2026-06-29 06:31:49,560 [DEBUG] Decoded IPA frame: proto=0x00, payload_len=7, consumed=10, payload_hex: 0c1201900fffff
2026-06-29 06:31:49,560 [DEBUG] RSL message: 0c1201900fffff
2026-06-29 06:31:49,560 [DEBUG] RSL discriminator: 0x0c, message type: 0x12, payload: 0c1201900fffff
2026-06-29 06:31:49,560 [DEBUG] Incomplete frame, buffer size: 0, buffer_hex: 
2026-06-29 06:31:50,418 [DEBUG] Received 10 bytes from BTS
2026-06-29 06:31:50,418 [DEBUG] Decoded IPA frame: proto=0x00, payload_len=7, consumed=10, payload_hex: 0c1201900fffff
2026-06-29 06:31:50,418 [DEBUG] RSL message: 0c1201900fffff
2026-06-29 06:31:50,418 [DEBUG] RSL discriminator: 0x0c, message type: 0x12, payload: 0c1201900fffff
2026-06-29 06:31:50,418 [DEBUG] Incomplete frame, buffer size: 0, buffer_hex: 
2026-06-29 06:31:50,560 [DEBUG] Received 10 bytes from BTS
2026-06-29 06:31:50,560 [DEBUG] Decoded IPA frame: proto=0x00, payload_len=7, consumed=10, payload_hex: 0c1201900fffff
2026-06-29 06:31:50,560 [DEBUG] RSL message: 0c1201900fffff
2026-06-29 06:31:50,560 [DEBUG] RSL discriminator: 0x0c, message type: 0x12, payload: 0c1201900fffff
2026-06-29 06:31:50,560 [DEBUG] Incomplete frame, buffer size: 0, buffer_hex: 
2026-06-29 06:31:51,419 [DEBUG] Received 10 bytes from BTS
2026-06-29 06:31:51,419 [DEBUG] Decoded IPA frame: proto=0x00, payload_len=7, consumed=10, payload_hex: 0c1201900fffff
2026-06-29 06:31:51,419 [DEBUG] RSL message: 0c1201900fffff
2026-06-29 06:31:51,419 [DEBUG] RSL discriminator: 0x0c, message type: 0x12, payload: 0c1201900fffff
2026-06-29 06:31:51,419 [DEBUG] Incomplete frame, buffer size: 0, buffer_hex: 
2026-06-29 06:31:51,561 [DEBUG] Received 10 bytes from BTS
2026-06-29 06:31:51,561 [DEBUG] Decoded IPA frame: proto=0x00, payload_len=7, consumed=10, payload_hex: 0c1201900fffff
2026-06-29 06:31:51,561 [DEBUG] RSL message: 0c1201900fffff
2026-06-29 06:31:51,561 [DEBUG] RSL discriminator: 0x0c, message type: 0x12, payload: 0c1201900fffff
2026-06-29 06:31:51,561 [DEBUG] Incomplete frame, buffer size: 0, buffer_hex: 
2026-06-29 06:31:51,564 [INFO] Control Client connected from ('10.42.0.1', 59052)
2026-06-29 06:31:51,565 [INFO] handle_client: Starting, client socket: 11
2026-06-29 06:31:51,565 [INFO] handle_client: WELCOME sent
2026-06-29 06:31:51,615 [INFO] Replaying 36 buffered event(s)
2026-06-29 06:31:51,616 [WARNING] Failed to replay event 1: [Errno 32] Broken pipe
2026-06-29 06:31:51,616 [WARNING] Failed to replay event 2: [Errno 32] Broken pipe
2026-06-29 06:31:51,616 [WARNING] Failed to replay event 3: [Errno 32] Broken pipe
2026-06-29 06:31:51,616 [WARNING] Failed to replay event 4: [Errno 32] Broken pipe
2026-06-29 06:31:51,616 [WARNING] Failed to replay event 5: [Errno 32] Broken pipe
2026-06-29 06:31:51,616 [WARNING] Failed to replay event 6: [Errno 32] Broken pipe
2026-06-29 06:31:51,616 [WARNING] Failed to replay event 7: [Errno 32] Broken pipe
2026-06-29 06:31:51,616 [WARNING] Failed to replay event 8: [Errno 32] Broken pipe
2026-06-29 06:31:51,616 [WARNING] Failed to replay event 9: [Errno 32] Broken pipe
2026-06-29 06:31:51,616 [WARNING] Failed to replay event 10: [Errno 32] Broken pipe
2026-06-29 06:31:51,616 [WARNING] Failed to replay event 11: [Errno 32] Broken pipe
2026-06-29 06:31:51,616 [WARNING] Failed to replay event 12: [Errno 32] Broken pipe
2026-06-29 06:31:51,616 [WARNING] Failed to replay event 13: [Errno 32] Broken pipe
2026-06-29 06:31:51,616 [WARNING] Failed to replay event 14: [Errno 32] Broken pipe
2026-06-29 06:31:51,616 [WARNING] Failed to replay event 15: [Errno 32] Broken pipe
2026-06-29 06:31:51,616 [WARNING] Failed to replay event 16: [Errno 32] Broken pipe
2026-06-29 06:31:51,616 [WARNING] Failed to replay event 17: [Errno 32] Broken pipe
2026-06-29 06:31:51,616 [WARNING] Failed to replay event 18: [Errno 32] Broken pipe
2026-06-29 06:31:51,616 [WARNING] Failed to replay event 19: [Errno 32] Broken pipe
2026-06-29 06:31:51,616 [WARNING] Failed to replay event 20: [Errno 32] Broken pipe
2026-06-29 06:31:51,616 [WARNING] Failed to replay event 21: [Errno 32] Broken pipe
2026-06-29 06:31:51,616 [WARNING] Failed to replay event 22: [Errno 32] Broken pipe
2026-06-29 06:31:51,616 [WARNING] Failed to replay event 23: [Errno 32] Broken pipe
2026-06-29 06:31:51,616 [WARNING] Failed to replay event 24: [Errno 32] Broken pipe
2026-06-29 06:31:51,616 [WARNING] Failed to replay event 25: [Errno 32] Broken pipe
2026-06-29 06:31:51,616 [WARNING] Failed to replay event 26: [Errno 32] Broken pipe
2026-06-29 06:31:51,616 [WARNING] Failed to replay event 27: [Errno 32] Broken pipe
2026-06-29 06:31:51,616 [WARNING] Failed to replay event 28: [Errno 32] Broken pipe
2026-06-29 06:31:51,616 [WARNING] Failed to replay event 29: [Errno 32] Broken pipe
2026-06-29 06:31:51,616 [WARNING] Failed to replay event 30: [Errno 32] Broken pipe
2026-06-29 06:31:51,616 [WARNING] Failed to replay event 31: [Errno 32] Broken pipe
2026-06-29 06:31:51,616 [WARNING] Failed to replay event 32: [Errno 32] Broken pipe
2026-06-29 06:31:51,616 [WARNING] Failed to replay event 33: [Errno 32] Broken pipe
2026-06-29 06:31:51,616 [WARNING] Failed to replay event 34: [Errno 32] Broken pipe
2026-06-29 06:31:51,616 [WARNING] Failed to replay event 35: [Errno 32] Broken pipe
2026-06-29 06:31:51,617 [WARNING] Failed to replay event 36: [Errno 32] Broken pipe
2026-06-29 06:31:51,617 [INFO] handle_client: Entering receive loop
2026-06-29 06:31:51,617 [INFO] handle_client: Received empty data, client closed connection
2026-06-29 06:31:51,617 [INFO] Control Client disconnected
2026-06-29 06:31:52,420 [DEBUG] Received 10 bytes from BTS
2026-06-29 06:31:52,420 [DEBUG] Decoded IPA frame: proto=0x00, payload_len=7, consumed=10, payload_hex: 0c1201900fffff
2026-06-29 06:31:52,420 [DEBUG] RSL message: 0c1201900fffff
2026-06-29 06:31:52,420 [DEBUG] RSL discriminator: 0x0c, message type: 0x12, payload: 0c1201900fffff
2026-06-29 06:31:52,420 [DEBUG] Incomplete frame, buffer size: 0, buffer_hex: 
2026-06-29 06:31:52,561 [DEBUG] Received 10 bytes from BTS
2026-06-29 06:31:52,561 [DEBUG] Decoded IPA frame: proto=0x00, payload_len=7, consumed=10, payload_hex: 0c1201900fffff
2026-06-29 06:31:52,561 [DEBUG] RSL message: 0c1201900fffff
2026-06-29 06:31:52,561 [DEBUG] RSL discriminator: 0x0c, message type: 0x12, payload: 0c1201900fffff
2026-06-29 06:31:52,562 [DEBUG] Incomplete frame, buffer size: 0, buffer_hex: 
2026-06-29 06:31:53,421 [DEBUG] Received 10 bytes from BTS
2026-06-29 06:31:53,421 [DEBUG] Decoded IPA frame: proto=0x00, payload_len=7, consumed=10, payload_hex: 0c1201900fffff
2026-06-29 06:31:53,421 [DEBUG] RSL message: 0c1201900fffff
2026-06-29 06:31:53,421 [DEBUG] RSL discriminator: 0x0c, message type: 0x12, payload: 0c1201900fffff
2026-06-29 06:31:53,421 [DEBUG] Incomplete frame, buffer size: 0, buffer_hex: 
2026-06-29 06:31:53,562 [DEBUG] Received 10 bytes from BTS
2026-06-29 06:31:53,562 [DEBUG] Decoded IPA frame: proto=0x00, payload_len=7, consumed=10, payload_hex: 0c1201900fffff
2026-06-29 06:31:53,562 [DEBUG] RSL message: 0c1201900fffff
2026-06-29 06:31:53,562 [DEBUG] RSL discriminator: 0x0c, message type: 0x12, payload: 0c1201900fffff
2026-06-29 06:31:53,562 [DEBUG] Incomplete frame, buffer size: 0, buffer_hex: 
2026-06-29 06:31:54,236 [INFO] Control Client connected from ('10.42.0.1', 59068)
2026-06-29 06:31:54,237 [INFO] handle_client: Starting, client socket: 7
2026-06-29 06:31:54,237 [INFO] handle_client: WELCOME sent
2026-06-29 06:31:54,287 [INFO] Replaying 36 buffered event(s)
2026-06-29 06:31:54,287 [WARNING] Failed to replay event 1: [Errno 32] Broken pipe
2026-06-29 06:31:54,287 [WARNING] Failed to replay event 2: [Errno 32] Broken pipe
2026-06-29 06:31:54,287 [WARNING] Failed to replay event 3: [Errno 32] Broken pipe
2026-06-29 06:31:54,287 [WARNING] Failed to replay event 4: [Errno 32] Broken pipe
2026-06-29 06:31:54,287 [WARNING] Failed to replay event 5: [Errno 32] Broken pipe
2026-06-29 06:31:54,287 [WARNING] Failed to replay event 6: [Errno 32] Broken pipe
2026-06-29 06:31:54,287 [WARNING] Failed to replay event 7: [Errno 32] Broken pipe
2026-06-29 06:31:54,287 [WARNING] Failed to replay event 8: [Errno 32] Broken pipe
2026-06-29 06:31:54,287 [WARNING] Failed to replay event 9: [Errno 32] Broken pipe
2026-06-29 06:31:54,287 [WARNING] Failed to replay event 10: [Errno 32] Broken pipe
2026-06-29 06:31:54,287 [WARNING] Failed to replay event 11: [Errno 32] Broken pipe
2026-06-29 06:31:54,287 [WARNING] Failed to replay event 12: [Errno 32] Broken pipe
2026-06-29 06:31:54,287 [WARNING] Failed to replay event 13: [Errno 32] Broken pipe
2026-06-29 06:31:54,287 [WARNING] Failed to replay event 14: [Errno 32] Broken pipe
2026-06-29 06:31:54,287 [WARNING] Failed to replay event 15: [Errno 32] Broken pipe
2026-06-29 06:31:54,288 [WARNING] Failed to replay event 16: [Errno 32] Broken pipe
2026-06-29 06:31:54,288 [WARNING] Failed to replay event 17: [Errno 32] Broken pipe
2026-06-29 06:31:54,288 [WARNING] Failed to replay event 18: [Errno 32] Broken pipe
2026-06-29 06:31:54,288 [WARNING] Failed to replay event 19: [Errno 32] Broken pipe
2026-06-29 06:31:54,288 [WARNING] Failed to replay event 20: [Errno 32] Broken pipe
2026-06-29 06:31:54,288 [WARNING] Failed to replay event 21: [Errno 32] Broken pipe
2026-06-29 06:31:54,288 [WARNING] Failed to replay event 22: [Errno 32] Broken pipe
2026-06-29 06:31:54,288 [WARNING] Failed to replay event 23: [Errno 32] Broken pipe
2026-06-29 06:31:54,288 [WARNING] Failed to replay event 24: [Errno 32] Broken pipe
2026-06-29 06:31:54,288 [WARNING] Failed to replay event 25: [Errno 32] Broken pipe
2026-06-29 06:31:54,288 [WARNING] Failed to replay event 26: [Errno 32] Broken pipe
2026-06-29 06:31:54,288 [WARNING] Failed to replay event 27: [Errno 32] Broken pipe
2026-06-29 06:31:54,288 [WARNING] Failed to replay event 28: [Errno 32] Broken pipe
2026-06-29 06:31:54,288 [WARNING] Failed to replay event 29: [Errno 32] Broken pipe
2026-06-29 06:31:54,288 [WARNING] Failed to replay event 30: [Errno 32] Broken pipe
2026-06-29 06:31:54,288 [WARNING] Failed to replay event 31: [Errno 32] Broken pipe
2026-06-29 06:31:54,288 [WARNING] Failed to replay event 32: [Errno 32] Broken pipe
2026-06-29 06:31:54,288 [WARNING] Failed to replay event 33: [Errno 32] Broken pipe
2026-06-29 06:31:54,288 [WARNING] Failed to replay event 34: [Errno 32] Broken pipe
2026-06-29 06:31:54,288 [WARNING] Failed to replay event 35: [Errno 32] Broken pipe
2026-06-29 06:31:54,288 [WARNING] Failed to replay event 36: [Errno 32] Broken pipe
2026-06-29 06:31:54,288 [INFO] handle_client: Entering receive loop
2026-06-29 06:31:54,288 [INFO] handle_client: Received empty data, client closed connection
2026-06-29 06:31:54,288 [INFO] Control Client disconnected
2026-06-29 06:31:54,421 [DEBUG] Received 10 bytes from BTS
2026-06-29 06:31:54,421 [DEBUG] Decoded IPA frame: proto=0x00, payload_len=7, consumed=10, payload_hex: 0c1201900fffff
2026-06-29 06:31:54,421 [DEBUG] RSL message: 0c1201900fffff
2026-06-29 06:31:54,421 [DEBUG] RSL discriminator: 0x0c, message type: 0x12, payload: 0c1201900fffff
2026-06-29 06:31:54,421 [DEBUG] Incomplete frame, buffer size: 0, buffer_hex: 
2026-06-29 06:31:54,562 [DEBUG] Received 10 bytes from BTS
2026-06-29 06:31:54,562 [DEBUG] Decoded IPA frame: proto=0x00, payload_len=7, consumed=10, payload_hex: 0c1201900fffff
2026-06-29 06:31:54,562 [DEBUG] RSL message: 0c1201900fffff
2026-06-29 06:31:54,563 [DEBUG] RSL discriminator: 0x0c, message type: 0x12, payload: 0c1201900fffff
2026-06-29 06:31:54,563 [DEBUG] Incomplete frame, buffer size: 0, buffer_hex: 
2026-06-29 06:31:54,565 [INFO] Control Client connected from ('10.42.0.1', 59076)
2026-06-29 06:31:54,565 [INFO] handle_client: Starting, client socket: 11
2026-06-29 06:31:54,565 [INFO] handle_client: WELCOME sent
2026-06-29 06:31:54,615 [INFO] Replaying 36 buffered event(s)
2026-06-29 06:31:54,615 [WARNING] Failed to replay event 1: [Errno 32] Broken pipe
2026-06-29 06:31:54,615 [WARNING] Failed to replay event 2: [Errno 32] Broken pipe
2026-06-29 06:31:54,615 [WARNING] Failed to replay event 3: [Errno 32] Broken pipe
2026-06-29 06:31:54,615 [WARNING] Failed to replay event 4: [Errno 32] Broken pipe
2026-06-29 06:31:54,615 [WARNING] Failed to replay event 5: [Errno 32] Broken pipe
2026-06-29 06:31:54,615 [WARNING] Failed to replay event 6: [Errno 32] Broken pipe
2026-06-29 06:31:54,615 [WARNING] Failed to replay event 7: [Errno 32] Broken pipe
2026-06-29 06:31:54,615 [WARNING] Failed to replay event 8: [Errno 32] Broken pipe
2026-06-29 06:31:54,616 [WARNING] Failed to replay event 9: [Errno 32] Broken pipe
2026-06-29 06:31:54,616 [WARNING] Failed to replay event 10: [Errno 32] Broken pipe
2026-06-29 06:31:54,616 [WARNING] Failed to replay event 11: [Errno 32] Broken pipe
2026-06-29 06:31:54,616 [WARNING] Failed to replay event 12: [Errno 32] Broken pipe
2026-06-29 06:31:54,616 [WARNING] Failed to replay event 13: [Errno 32] Broken pipe
2026-06-29 06:31:54,616 [WARNING] Failed to replay event 14: [Errno 32] Broken pipe
2026-06-29 06:31:54,616 [WARNING] Failed to replay event 15: [Errno 32] Broken pipe
2026-06-29 06:31:54,616 [WARNING] Failed to replay event 16: [Errno 32] Broken pipe
2026-06-29 06:31:54,616 [WARNING] Failed to replay event 17: [Errno 32] Broken pipe
2026-06-29 06:31:54,616 [WARNING] Failed to replay event 18: [Errno 32] Broken pipe
2026-06-29 06:31:54,616 [WARNING] Failed to replay event 19: [Errno 32] Broken pipe
2026-06-29 06:31:54,616 [WARNING] Failed to replay event 20: [Errno 32] Broken pipe
2026-06-29 06:31:54,616 [WARNING] Failed to replay event 21: [Errno 32] Broken pipe
2026-06-29 06:31:54,616 [WARNING] Failed to replay event 22: [Errno 32] Broken pipe
2026-06-29 06:31:54,616 [WARNING] Failed to replay event 23: [Errno 32] Broken pipe
2026-06-29 06:31:54,616 [WARNING] Failed to replay event 24: [Errno 32] Broken pipe
2026-06-29 06:31:54,616 [WARNING] Failed to replay event 25: [Errno 32] Broken pipe
2026-06-29 06:31:54,616 [WARNING] Failed to replay event 26: [Errno 32] Broken pipe
2026-06-29 06:31:54,616 [WARNING] Failed to replay event 27: [Errno 32] Broken pipe
2026-06-29 06:31:54,616 [WARNING] Failed to replay event 28: [Errno 32] Broken pipe
2026-06-29 06:31:54,616 [WARNING] Failed to replay event 29: [Errno 32] Broken pipe
2026-06-29 06:31:54,616 [WARNING] Failed to replay event 30: [Errno 32] Broken pipe
2026-06-29 06:31:54,616 [WARNING] Failed to replay event 31: [Errno 32] Broken pipe
2026-06-29 06:31:54,616 [WARNING] Failed to replay event 32: [Errno 32] Broken pipe
2026-06-29 06:31:54,616 [WARNING] Failed to replay event 33: [Errno 32] Broken pipe
2026-06-29 06:31:54,616 [WARNING] Failed to replay event 34: [Errno 32] Broken pipe
2026-06-29 06:31:54,616 [WARNING] Failed to replay event 35: [Errno 32] Broken pipe
2026-06-29 06:31:54,616 [WARNING] Failed to replay event 36: [Errno 32] Broken pipe
2026-06-29 06:31:54,616 [INFO] handle_client: Entering receive loop
2026-06-29 06:31:54,616 [INFO] handle_client: Received empty data, client closed connection
2026-06-29 06:31:54,616 [INFO] Control Client disconnected
2026-06-29 06:31:55,421 [DEBUG] Received 10 bytes from BTS
2026-06-29 06:31:55,421 [DEBUG] Decoded IPA frame: proto=0x00, payload_len=7, consumed=10, payload_hex: 0c1201900fffff
2026-06-29 06:31:55,421 [DEBUG] RSL message: 0c1201900fffff
2026-06-29 06:31:55,421 [DEBUG] RSL discriminator: 0x0c, message type: 0x12, payload: 0c1201900fffff
2026-06-29 06:31:55,421 [DEBUG] Incomplete frame, buffer size: 0, buffer_hex: 
2026-06-29 06:31:55,563 [DEBUG] Received 10 bytes from BTS
2026-06-29 06:31:55,563 [DEBUG] Decoded IPA frame: proto=0x00, payload_len=7, consumed=10, payload_hex: 0c1201900fffff
2026-06-29 06:31:55,563 [DEBUG] RSL message: 0c1201900fffff
2026-06-29 06:31:55,563 [DEBUG] RSL discriminator: 0x0c, message type: 0x12, payload: 0c1201900fffff
2026-06-29 06:31:55,563 [DEBUG] Incomplete frame, buffer size: 0, buffer_hex: 
2026-06-29 06:31:56,422 [DEBUG] Received 10 bytes from BTS
2026-06-29 06:31:56,422 [DEBUG] Decoded IPA frame: proto=0x00, payload_len=7, consumed=10, payload_hex: 0c1201900fffff
2026-06-29 06:31:56,422 [DEBUG] RSL message: 0c1201900fffff
2026-06-29 06:31:56,422 [DEBUG] RSL discriminator: 0x0c, message type: 0x12, payload: 0c1201900fffff
2026-06-29 06:31:56,422 [DEBUG] Incomplete frame, buffer size: 0, buffer_hex: 
2026-06-29 06:31:56,564 [DEBUG] Received 10 bytes from BTS
2026-06-29 06:31:56,564 [DEBUG] Decoded IPA frame: proto=0x00, payload_len=7, consumed=10, payload_hex: 0c1201900fffff
2026-06-29 06:31:56,564 [DEBUG] RSL message: 0c1201900fffff
2026-06-29 06:31:56,564 [DEBUG] RSL discriminator: 0x0c, message type: 0x12, payload: 0c1201900fffff
2026-06-29 06:31:56,564 [DEBUG] Incomplete frame, buffer size: 0, buffer_hex: 
2026-06-29 06:31:57,423 [DEBUG] Received 10 bytes from BTS
2026-06-29 06:31:57,423 [DEBUG] Decoded IPA frame: proto=0x00, payload_len=7, consumed=10, payload_hex: 0c1201900fffff
2026-06-29 06:31:57,423 [DEBUG] RSL message: 0c1201900fffff
2026-06-29 06:31:57,423 [DEBUG] RSL discriminator: 0x0c, message type: 0x12, payload: 0c1201900fffff
2026-06-29 06:31:57,423 [DEBUG] Incomplete frame, buffer size: 0, buffer_hex: 
2026-06-29 06:31:57,564 [INFO] Control Client connected from ('10.42.0.1', 59088)
2026-06-29 06:31:57,565 [DEBUG] Received 10 bytes from BTS
2026-06-29 06:31:57,565 [DEBUG] Decoded IPA frame: proto=0x00, payload_len=7, consumed=10, payload_hex: 0c1201900fffff
2026-06-29 06:31:57,565 [DEBUG] RSL message: 0c1201900fffff
2026-06-29 06:31:57,565 [DEBUG] RSL discriminator: 0x0c, message type: 0x12, payload: 0c1201900fffff
2026-06-29 06:31:57,565 [DEBUG] Incomplete frame, buffer size: 0, buffer_hex: 
2026-06-29 06:31:57,565 [INFO] handle_client: Starting, client socket: 7
2026-06-29 06:31:57,565 [INFO] handle_client: WELCOME sent
2026-06-29 06:31:57,615 [INFO] Replaying 36 buffered event(s)
2026-06-29 06:31:57,616 [WARNING] Failed to replay event 1: [Errno 32] Broken pipe
2026-06-29 06:31:57,616 [WARNING] Failed to replay event 2: [Errno 32] Broken pipe
2026-06-29 06:31:57,616 [WARNING] Failed to replay event 3: [Errno 32] Broken pipe
2026-06-29 06:31:57,616 [WARNING] Failed to replay event 4: [Errno 32] Broken pipe
2026-06-29 06:31:57,616 [WARNING] Failed to replay event 5: [Errno 32] Broken pipe
2026-06-29 06:31:57,616 [WARNING] Failed to replay event 6: [Errno 32] Broken pipe
2026-06-29 06:31:57,616 [WARNING] Failed to replay event 7: [Errno 32] Broken pipe
2026-06-29 06:31:57,616 [WARNING] Failed to replay event 8: [Errno 32] Broken pipe
2026-06-29 06:31:57,616 [WARNING] Failed to replay event 9: [Errno 32] Broken pipe
2026-06-29 06:31:57,616 [WARNING] Failed to replay event 10: [Errno 32] Broken pipe
2026-06-29 06:31:57,616 [WARNING] Failed to replay event 11: [Errno 32] Broken pipe
2026-06-29 06:31:57,616 [WARNING] Failed to replay event 12: [Errno 32] Broken pipe
2026-06-29 06:31:57,616 [WARNING] Failed to replay event 13: [Errno 32] Broken pipe
2026-06-29 06:31:57,616 [WARNING] Failed to replay event 14: [Errno 32] Broken pipe
2026-06-29 06:31:57,616 [WARNING] Failed to replay event 15: [Errno 32] Broken pipe
2026-06-29 06:31:57,616 [WARNING] Failed to replay event 16: [Errno 32] Broken pipe
2026-06-29 06:31:57,616 [WARNING] Failed to replay event 17: [Errno 32] Broken pipe
2026-06-29 06:31:57,616 [WARNING] Failed to replay event 18: [Errno 32] Broken pipe
2026-06-29 06:31:57,616 [WARNING] Failed to replay event 19: [Errno 32] Broken pipe
2026-06-29 06:31:57,616 [WARNING] Failed to replay event 20: [Errno 32] Broken pipe
2026-06-29 06:31:57,616 [WARNING] Failed to replay event 21: [Errno 32] Broken pipe
2026-06-29 06:31:57,616 [WARNING] Failed to replay event 22: [Errno 32] Broken pipe
2026-06-29 06:31:57,616 [WARNING] Failed to replay event 23: [Errno 32] Broken pipe
2026-06-29 06:31:57,616 [WARNING] Failed to replay event 24: [Errno 32] Broken pipe
2026-06-29 06:31:57,616 [WARNING] Failed to replay event 25: [Errno 32] Broken pipe
2026-06-29 06:31:57,616 [WARNING] Failed to replay event 26: [Errno 32] Broken pipe
2026-06-29 06:31:57,616 [WARNING] Failed to replay event 27: [Errno 32] Broken pipe
2026-06-29 06:31:57,616 [WARNING] Failed to replay event 28: [Errno 32] Broken pipe
2026-06-29 06:31:57,616 [WARNING] Failed to replay event 29: [Errno 32] Broken pipe
2026-06-29 06:31:57,616 [WARNING] Failed to replay event 30: [Errno 32] Broken pipe
2026-06-29 06:31:57,616 [WARNING] Failed to replay event 31: [Errno 32] Broken pipe
2026-06-29 06:31:57,616 [WARNING] Failed to replay event 32: [Errno 32] Broken pipe
2026-06-29 06:31:57,616 [WARNING] Failed to replay event 33: [Errno 32] Broken pipe
2026-06-29 06:31:57,616 [WARNING] Failed to replay event 34: [Errno 32] Broken pipe
2026-06-29 06:31:57,616 [WARNING] Failed to replay event 35: [Errno 32] Broken pipe
2026-06-29 06:31:57,616 [WARNING] Failed to replay event 36: [Errno 32] Broken pipe
2026-06-29 06:31:57,616 [INFO] handle_client: Entering receive loop
2026-06-29 06:31:57,616 [INFO] handle_client: Received empty data, client closed connection
2026-06-29 06:31:57,617 [INFO] Control Client disconnected
2026-06-29 06:31:58,424 [DEBUG] Received 10 bytes from BTS
2026-06-29 06:31:58,424 [DEBUG] Decoded IPA frame: proto=0x00, payload_len=7, consumed=10, payload_hex: 0c1201900fffff
2026-06-29 06:31:58,424 [DEBUG] RSL message: 0c1201900fffff
2026-06-29 06:31:58,424 [DEBUG] RSL discriminator: 0x0c, message type: 0x12, payload: 0c1201900fffff
2026-06-29 06:31:58,424 [DEBUG] Incomplete frame, buffer size: 0, buffer_hex: 
2026-06-29 06:31:58,565 [DEBUG] Received 10 bytes from BTS
2026-06-29 06:31:58,565 [DEBUG] Decoded IPA frame: proto=0x00, payload_len=7, consumed=10, payload_hex: 0c1201900fffff
2026-06-29 06:31:58,565 [DEBUG] RSL message: 0c1201900fffff
2026-06-29 06:31:58,565 [DEBUG] RSL discriminator: 0x0c, message type: 0x12, payload: 0c1201900fffff
2026-06-29 06:31:58,565 [DEBUG] Incomplete frame, buffer size: 0, buffer_hex: 
2026-06-29 06:31:59,424 [DEBUG] Received 10 bytes from BTS
2026-06-29 06:31:59,424 [DEBUG] Decoded IPA frame: proto=0x00, payload_len=7, consumed=10, payload_hex: 0c1201900fffff
2026-06-29 06:31:59,424 [DEBUG] RSL message: 0c1201900fffff
2026-06-29 06:31:59,425 [DEBUG] RSL discriminator: 0x0c, message type: 0x12, payload: 0c1201900fffff
2026-06-29 06:31:59,425 [DEBUG] Incomplete frame, buffer size: 0, buffer_hex: 
2026-06-29 06:31:59,566 [DEBUG] Received 10 bytes from BTS
2026-06-29 06:31:59,566 [DEBUG] Decoded IPA frame: proto=0x00, payload_len=7, consumed=10, payload_hex: 0c1201900fffff
2026-06-29 06:31:59,566 [DEBUG] RSL message: 0c1201900fffff
2026-06-29 06:31:59,566 [DEBUG] RSL discriminator: 0x0c, message type: 0x12, payload: 0c1201900fffff
2026-06-29 06:31:59,567 [DEBUG] Incomplete frame, buffer size: 0, buffer_hex: 
2026-06-29 06:32:00,425 [DEBUG] Received 10 bytes from BTS
2026-06-29 06:32:00,425 [DEBUG] Decoded IPA frame: proto=0x00, payload_len=7, consumed=10, payload_hex: 0c1201900fffff
2026-06-29 06:32:00,425 [DEBUG] RSL message: 0c1201900fffff
2026-06-29 06:32:00,425 [DEBUG] RSL discriminator: 0x0c, message type: 0x12, payload: 0c1201900fffff
2026-06-29 06:32:00,425 [DEBUG] Incomplete frame, buffer size: 0, buffer_hex: 
2026-06-29 06:32:00,565 [INFO] Control Client connected from ('10.42.0.1', 59098)
2026-06-29 06:32:00,565 [INFO] handle_client: Starting, client socket: 11
2026-06-29 06:32:00,566 [INFO] handle_client: WELCOME sent
2026-06-29 06:32:00,566 [DEBUG] Received 10 bytes from BTS
2026-06-29 06:32:00,566 [DEBUG] Decoded IPA frame: proto=0x00, payload_len=7, consumed=10, payload_hex: 0c1201900fffff
2026-06-29 06:32:00,567 [DEBUG] RSL message: 0c1201900fffff
2026-06-29 06:32:00,567 [DEBUG] RSL discriminator: 0x0c, message type: 0x12, payload: 0c1201900fffff
2026-06-29 06:32:00,567 [DEBUG] Incomplete frame, buffer size: 0, buffer_hex: 
2026-06-29 06:32:00,616 [INFO] Replaying 36 buffered event(s)
2026-06-29 06:32:00,616 [WARNING] Failed to replay event 1: [Errno 32] Broken pipe
2026-06-29 06:32:00,616 [WARNING] Failed to replay event 2: [Errno 32] Broken pipe
2026-06-29 06:32:00,616 [WARNING] Failed to replay event 3: [Errno 32] Broken pipe
2026-06-29 06:32:00,616 [WARNING] Failed to replay event 4: [Errno 32] Broken pipe
2026-06-29 06:32:00,616 [WARNING] Failed to replay event 5: [Errno 32] Broken pipe
2026-06-29 06:32:00,616 [WARNING] Failed to replay event 6: [Errno 32] Broken pipe
2026-06-29 06:32:00,616 [WARNING] Failed to replay event 7: [Errno 32] Broken pipe
2026-06-29 06:32:00,616 [WARNING] Failed to replay event 8: [Errno 32] Broken pipe
2026-06-29 06:32:00,616 [WARNING] Failed to replay event 9: [Errno 32] Broken pipe
2026-06-29 06:32:00,616 [WARNING] Failed to replay event 10: [Errno 32] Broken pipe
2026-06-29 06:32:00,616 [WARNING] Failed to replay event 11: [Errno 32] Broken pipe
2026-06-29 06:32:00,616 [WARNING] Failed to replay event 12: [Errno 32] Broken pipe
2026-06-29 06:32:00,616 [WARNING] Failed to replay event 13: [Errno 32] Broken pipe
2026-06-29 06:32:00,616 [WARNING] Failed to replay event 14: [Errno 32] Broken pipe
2026-06-29 06:32:00,616 [WARNING] Failed to replay event 15: [Errno 32] Broken pipe
2026-06-29 06:32:00,616 [WARNING] Failed to replay event 16: [Errno 32] Broken pipe
2026-06-29 06:32:00,616 [WARNING] Failed to replay event 17: [Errno 32] Broken pipe
2026-06-29 06:32:00,616 [WARNING] Failed to replay event 18: [Errno 32] Broken pipe
2026-06-29 06:32:00,616 [WARNING] Failed to replay event 19: [Errno 32] Broken pipe
2026-06-29 06:32:00,617 [WARNING] Failed to replay event 20: [Errno 32] Broken pipe
2026-06-29 06:32:00,617 [WARNING] Failed to replay event 21: [Errno 32] Broken pipe
2026-06-29 06:32:00,617 [WARNING] Failed to replay event 22: [Errno 32] Broken pipe
2026-06-29 06:32:00,617 [WARNING] Failed to replay event 23: [Errno 32] Broken pipe
2026-06-29 06:32:00,617 [WARNING] Failed to replay event 24: [Errno 32] Broken pipe
2026-06-29 06:32:00,617 [WARNING] Failed to replay event 25: [Errno 32] Broken pipe
2026-06-29 06:32:00,617 [WARNING] Failed to replay event 26: [Errno 32] Broken pipe
2026-06-29 06:32:00,617 [WARNING] Failed to replay event 27: [Errno 32] Broken pipe
2026-06-29 06:32:00,617 [WARNING] Failed to replay event 28: [Errno 32] Broken pipe
2026-06-29 06:32:00,617 [WARNING] Failed to replay event 29: [Errno 32] Broken pipe
2026-06-29 06:32:00,617 [WARNING] Failed to replay event 30: [Errno 32] Broken pipe
2026-06-29 06:32:00,617 [WARNING] Failed to replay event 31: [Errno 32] Broken pipe
2026-06-29 06:32:00,617 [WARNING] Failed to replay event 32: [Errno 32] Broken pipe
2026-06-29 06:32:00,617 [WARNING] Failed to replay event 33: [Errno 32] Broken pipe
2026-06-29 06:32:00,617 [WARNING] Failed to replay event 34: [Errno 32] Broken pipe
2026-06-29 06:32:00,617 [WARNING] Failed to replay event 35: [Errno 32] Broken pipe
2026-06-29 06:32:00,617 [WARNING] Failed to replay event 36: [Errno 32] Broken pipe
2026-06-29 06:32:00,617 [INFO] handle_client: Entering receive loop
2026-06-29 06:32:00,617 [INFO] handle_client: Received empty data, client closed connection
2026-06-29 06:32:00,617 [INFO] Control Client disconnected
2026-06-29 06:32:01,426 [DEBUG] Received 10 bytes from BTS
2026-06-29 06:32:01,426 [DEBUG] Decoded IPA frame: proto=0x00, payload_len=7, consumed=10, payload_hex: 0c1201900fffff
2026-06-29 06:32:01,426 [DEBUG] RSL message: 0c1201900fffff
2026-06-29 06:32:01,426 [DEBUG] RSL discriminator: 0x0c, message type: 0x12, payload: 0c1201900fffff
2026-06-29 06:32:01,426 [DEBUG] Incomplete frame, buffer size: 0, buffer_hex: 
2026-06-29 06:32:01,567 [DEBUG] Received 10 bytes from BTS
2026-06-29 06:32:01,567 [DEBUG] Decoded IPA frame: proto=0x00, payload_len=7, consumed=10, payload_hex: 0c1201900fffff
2026-06-29 06:32:01,567 [DEBUG] RSL message: 0c1201900fffff
2026-06-29 06:32:01,567 [DEBUG] RSL discriminator: 0x0c, message type: 0x12, payload: 0c1201900fffff
2026-06-29 06:32:01,567 [DEBUG] Incomplete frame, buffer size: 0, buffer_hex: 
2026-06-29 06:32:02,426 [DEBUG] Received 10 bytes from BTS
2026-06-29 06:32:02,426 [DEBUG] Decoded IPA frame: proto=0x00, payload_len=7, consumed=10, payload_hex: 0c1201900fffff
2026-06-29 06:32:02,426 [DEBUG] RSL message: 0c1201900fffff
2026-06-29 06:32:02,426 [DEBUG] RSL discriminator: 0x0c, message type: 0x12, payload: 0c1201900fffff
2026-06-29 06:32:02,427 [DEBUG] Incomplete frame, buffer size: 0, buffer_hex: 
2026-06-29 06:32:02,568 [DEBUG] Received 10 bytes from BTS
2026-06-29 06:32:02,568 [DEBUG] Decoded IPA frame: proto=0x00, payload_len=7, consumed=10, payload_hex: 0c1201900fffff
2026-06-29 06:32:02,568 [DEBUG] RSL message: 0c1201900fffff
2026-06-29 06:32:02,568 [DEBUG] RSL discriminator: 0x0c, message type: 0x12, payload: 0c1201900fffff
2026-06-29 06:32:02,568 [DEBUG] Incomplete frame, buffer size: 0, buffer_hex: 
2026-06-29 06:32:03,427 [DEBUG] Received 10 bytes from BTS
2026-06-29 06:32:03,427 [DEBUG] Decoded IPA frame: proto=0x00, payload_len=7, consumed=10, payload_hex: 0c1201900fffff
2026-06-29 06:32:03,427 [DEBUG] RSL message: 0c1201900fffff
2026-06-29 06:32:03,427 [DEBUG] RSL discriminator: 0x0c, message type: 0x12, payload: 0c1201900fffff
2026-06-29 06:32:03,427 [DEBUG] Incomplete frame, buffer size: 0, buffer_hex: 
2026-06-29 06:32:03,564 [INFO] Control Client connected from ('10.42.0.1', 33422)
2026-06-29 06:32:03,565 [INFO] handle_client: Starting, client socket: 7
2026-06-29 06:32:03,565 [INFO] handle_client: WELCOME sent
2026-06-29 06:32:03,569 [DEBUG] Received 10 bytes from BTS
2026-06-29 06:32:03,569 [DEBUG] Decoded IPA frame: proto=0x00, payload_len=7, consumed=10, payload_hex: 0c1201900fffff
2026-06-29 06:32:03,569 [DEBUG] RSL message: 0c1201900fffff
2026-06-29 06:32:03,569 [DEBUG] RSL discriminator: 0x0c, message type: 0x12, payload: 0c1201900fffff
2026-06-29 06:32:03,569 [DEBUG] Incomplete frame, buffer size: 0, buffer_hex: 
2026-06-29 06:32:03,615 [INFO] Replaying 36 buffered event(s)
2026-06-29 06:32:03,615 [WARNING] Failed to replay event 1: [Errno 32] Broken pipe
2026-06-29 06:32:03,615 [WARNING] Failed to replay event 2: [Errno 32] Broken pipe
2026-06-29 06:32:03,615 [WARNING] Failed to replay event 3: [Errno 32] Broken pipe
2026-06-29 06:32:03,615 [WARNING] Failed to replay event 4: [Errno 32] Broken pipe
2026-06-29 06:32:03,616 [WARNING] Failed to replay event 5: [Errno 32] Broken pipe
2026-06-29 06:32:03,616 [WARNING] Failed to replay event 6: [Errno 32] Broken pipe
2026-06-29 06:32:03,616 [WARNING] Failed to replay event 7: [Errno 32] Broken pipe
2026-06-29 06:32:03,616 [WARNING] Failed to replay event 8: [Errno 32] Broken pipe
2026-06-29 06:32:03,616 [WARNING] Failed to replay event 9: [Errno 32] Broken pipe
2026-06-29 06:32:03,616 [WARNING] Failed to replay event 10: [Errno 32] Broken pipe
2026-06-29 06:32:03,616 [WARNING] Failed to replay event 11: [Errno 32] Broken pipe
2026-06-29 06:32:03,616 [WARNING] Failed to replay event 12: [Errno 32] Broken pipe
2026-06-29 06:32:03,616 [WARNING] Failed to replay event 13: [Errno 32] Broken pipe
2026-06-29 06:32:03,616 [WARNING] Failed to replay event 14: [Errno 32] Broken pipe
2026-06-29 06:32:03,616 [WARNING] Failed to replay event 15: [Errno 32] Broken pipe
2026-06-29 06:32:03,616 [WARNING] Failed to replay event 16: [Errno 32] Broken pipe
2026-06-29 06:32:03,616 [WARNING] Failed to replay event 17: [Errno 32] Broken pipe
2026-06-29 06:32:03,616 [WARNING] Failed to replay event 18: [Errno 32] Broken pipe
2026-06-29 06:32:03,616 [WARNING] Failed to replay event 19: [Errno 32] Broken pipe
2026-06-29 06:32:03,616 [WARNING] Failed to replay event 20: [Errno 32] Broken pipe
2026-06-29 06:32:03,616 [WARNING] Failed to replay event 21: [Errno 32] Broken pipe
2026-06-29 06:32:03,616 [WARNING] Failed to replay event 22: [Errno 32] Broken pipe
2026-06-29 06:32:03,616 [WARNING] Failed to replay event 23: [Errno 32] Broken pipe
2026-06-29 06:32:03,616 [WARNING] Failed to replay event 24: [Errno 32] Broken pipe
2026-06-29 06:32:03,616 [WARNING] Failed to replay event 25: [Errno 32] Broken pipe
2026-06-29 06:32:03,616 [WARNING] Failed to replay event 26: [Errno 32] Broken pipe
2026-06-29 06:32:03,616 [WARNING] Failed to replay event 27: [Errno 32] Broken pipe
2026-06-29 06:32:03,616 [WARNING] Failed to replay event 28: [Errno 32] Broken pipe
2026-06-29 06:32:03,616 [WARNING] Failed to replay event 29: [Errno 32] Broken pipe
2026-06-29 06:32:03,616 [WARNING] Failed to replay event 30: [Errno 32] Broken pipe
2026-06-29 06:32:03,616 [WARNING] Failed to replay event 31: [Errno 32] Broken pipe
2026-06-29 06:32:03,616 [WARNING] Failed to replay event 32: [Errno 32] Broken pipe
2026-06-29 06:32:03,616 [WARNING] Failed to replay event 33: [Errno 32] Broken pipe
2026-06-29 06:32:03,616 [WARNING] Failed to replay event 34: [Errno 32] Broken pipe
2026-06-29 06:32:03,616 [WARNING] Failed to replay event 35: [Errno 32] Broken pipe
2026-06-29 06:32:03,616 [WARNING] Failed to replay event 36: [Errno 32] Broken pipe
2026-06-29 06:32:03,616 [INFO] handle_client: Entering receive loop
2026-06-29 06:32:03,616 [INFO] handle_client: Received empty data, client closed connection
2026-06-29 06:32:03,616 [INFO] Control Client disconnected
2026-06-29 06:32:04,236 [INFO] Control Client connected from ('10.42.0.1', 33426)
2026-06-29 06:32:04,236 [INFO] handle_client: Starting, client socket: 11
2026-06-29 06:32:04,237 [INFO] handle_client: WELCOME sent
2026-06-29 06:32:04,287 [INFO] Replaying 36 buffered event(s)
2026-06-29 06:32:04,287 [WARNING] Failed to replay event 1: [Errno 32] Broken pipe
2026-06-29 06:32:04,287 [WARNING] Failed to replay event 2: [Errno 32] Broken pipe
2026-06-29 06:32:04,287 [WARNING] Failed to replay event 3: [Errno 32] Broken pipe
2026-06-29 06:32:04,287 [WARNING] Failed to replay event 4: [Errno 32] Broken pipe
2026-06-29 06:32:04,287 [WARNING] Failed to replay event 5: [Errno 32] Broken pipe
2026-06-29 06:32:04,287 [WARNING] Failed to replay event 6: [Errno 32] Broken pipe
2026-06-29 06:32:04,287 [WARNING] Failed to replay event 7: [Errno 32] Broken pipe
2026-06-29 06:32:04,287 [WARNING] Failed to replay event 8: [Errno 32] Broken pipe
2026-06-29 06:32:04,287 [WARNING] Failed to replay event 9: [Errno 32] Broken pipe
2026-06-29 06:32:04,287 [WARNING] Failed to replay event 10: [Errno 32] Broken pipe
2026-06-29 06:32:04,288 [WARNING] Failed to replay event 11: [Errno 32] Broken pipe
2026-06-29 06:32:04,288 [WARNING] Failed to replay event 12: [Errno 32] Broken pipe
2026-06-29 06:32:04,288 [WARNING] Failed to replay event 13: [Errno 32] Broken pipe
2026-06-29 06:32:04,288 [WARNING] Failed to replay event 14: [Errno 32] Broken pipe
2026-06-29 06:32:04,288 [WARNING] Failed to replay event 15: [Errno 32] Broken pipe
2026-06-29 06:32:04,288 [WARNING] Failed to replay event 16: [Errno 32] Broken pipe
2026-06-29 06:32:04,288 [WARNING] Failed to replay event 17: [Errno 32] Broken pipe
2026-06-29 06:32:04,288 [WARNING] Failed to replay event 18: [Errno 32] Broken pipe
2026-06-29 06:32:04,288 [WARNING] Failed to replay event 19: [Errno 32] Broken pipe
2026-06-29 06:32:04,288 [WARNING] Failed to replay event 20: [Errno 32] Broken pipe
2026-06-29 06:32:04,288 [WARNING] Failed to replay event 21: [Errno 32] Broken pipe
2026-06-29 06:32:04,288 [WARNING] Failed to replay event 22: [Errno 32] Broken pipe
2026-06-29 06:32:04,288 [WARNING] Failed to replay event 23: [Errno 32] Broken pipe
2026-06-29 06:32:04,288 [WARNING] Failed to replay event 24: [Errno 32] Broken pipe
2026-06-29 06:32:04,288 [WARNING] Failed to replay event 25: [Errno 32] Broken pipe
2026-06-29 06:32:04,288 [WARNING] Failed to replay event 26: [Errno 32] Broken pipe
2026-06-29 06:32:04,288 [WARNING] Failed to replay event 27: [Errno 32] Broken pipe
2026-06-29 06:32:04,288 [WARNING] Failed to replay event 28: [Errno 32] Broken pipe
2026-06-29 06:32:04,288 [WARNING] Failed to replay event 29: [Errno 32] Broken pipe
2026-06-29 06:32:04,288 [WARNING] Failed to replay event 30: [Errno 32] Broken pipe
2026-06-29 06:32:04,288 [WARNING] Failed to replay event 31: [Errno 32] Broken pipe
2026-06-29 06:32:04,288 [WARNING] Failed to replay event 32: [Errno 32] Broken pipe
2026-06-29 06:32:04,288 [WARNING] Failed to replay event 33: [Errno 32] Broken pipe
2026-06-29 06:32:04,289 [WARNING] Failed to replay event 34: [Errno 32] Broken pipe
2026-06-29 06:32:04,289 [WARNING] Failed to replay event 35: [Errno 32] Broken pipe
2026-06-29 06:32:04,289 [WARNING] Failed to replay event 36: [Errno 32] Broken pipe
2026-06-29 06:32:04,289 [INFO] handle_client: Entering receive loop
2026-06-29 06:32:04,289 [INFO] handle_client: Received empty data, client closed connection
2026-06-29 06:32:04,289 [INFO] Control Client disconnected
2026-06-29 06:32:04,428 [DEBUG] Received 10 bytes from BTS
2026-06-29 06:32:04,428 [DEBUG] Decoded IPA frame: proto=0x00, payload_len=7, consumed=10, payload_hex: 0c1201900fffff
2026-06-29 06:32:04,428 [DEBUG] RSL message: 0c1201900fffff
2026-06-29 06:32:04,428 [DEBUG] RSL discriminator: 0x0c, message type: 0x12, payload: 0c1201900fffff
2026-06-29 06:32:04,428 [DEBUG] Incomplete frame, buffer size: 0, buffer_hex: 
2026-06-29 06:32:04,569 [DEBUG] Received 10 bytes from BTS
2026-06-29 06:32:04,569 [DEBUG] Decoded IPA frame: proto=0x00, payload_len=7, consumed=10, payload_hex: 0c1201900fffff
2026-06-29 06:32:04,569 [DEBUG] RSL message: 0c1201900fffff
2026-06-29 06:32:04,569 [DEBUG] RSL discriminator: 0x0c, message type: 0x12, payload: 0c1201900fffff
2026-06-29 06:32:04,569 [DEBUG] Incomplete frame, buffer size: 0, buffer_hex: 
2026-06-29 06:32:05,428 [DEBUG] Received 10 bytes from BTS
2026-06-29 06:32:05,429 [DEBUG] Decoded IPA frame: proto=0x00, payload_len=7, consumed=10, payload_hex: 0c1201900fffff
2026-06-29 06:32:05,429 [DEBUG] RSL message: 0c1201900fffff
2026-06-29 06:32:05,429 [DEBUG] RSL discriminator: 0x0c, message type: 0x12, payload: 0c1201900fffff
2026-06-29 06:32:05,429 [DEBUG] Incomplete frame, buffer size: 0, buffer_hex: 
2026-06-29 06:32:05,570 [DEBUG] Received 10 bytes from BTS
2026-06-29 06:32:05,570 [DEBUG] Decoded IPA frame: proto=0x00, payload_len=7, consumed=10, payload_hex: 0c1201900fffff
2026-06-29 06:32:05,570 [DEBUG] RSL message: 0c1201900fffff
2026-06-29 06:32:05,570 [DEBUG] RSL discriminator: 0x0c, message type: 0x12, payload: 0c1201900fffff
2026-06-29 06:32:05,570 [DEBUG] Incomplete frame, buffer size: 0, buffer_hex: 
2026-06-29 06:32:06,429 [DEBUG] Received 10 bytes from BTS
2026-06-29 06:32:06,429 [DEBUG] Decoded IPA frame: proto=0x00, payload_len=7, consumed=10, payload_hex: 0c1201900fffff
2026-06-29 06:32:06,429 [DEBUG] RSL message: 0c1201900fffff
2026-06-29 06:32:06,429 [DEBUG] RSL discriminator: 0x0c, message type: 0x12, payload: 0c1201900fffff
2026-06-29 06:32:06,429 [DEBUG] Incomplete frame, buffer size: 0, buffer_hex: 
2026-06-29 06:32:06,565 [INFO] Control Client connected from ('10.42.0.1', 33436)
2026-06-29 06:32:06,566 [INFO] handle_client: Starting, client socket: 7
2026-06-29 06:32:06,566 [INFO] handle_client: WELCOME sent
2026-06-29 06:32:06,570 [DEBUG] Received 10 bytes from BTS
2026-06-29 06:32:06,570 [DEBUG] Decoded IPA frame: proto=0x00, payload_len=7, consumed=10, payload_hex: 0c1201900fffff
2026-06-29 06:32:06,570 [DEBUG] RSL message: 0c1201900fffff
2026-06-29 06:32:06,570 [DEBUG] RSL discriminator: 0x0c, message type: 0x12, payload: 0c1201900fffff
2026-06-29 06:32:06,570 [DEBUG] Incomplete frame, buffer size: 0, buffer_hex: 
2026-06-29 06:32:06,616 [INFO] Replaying 36 buffered event(s)
2026-06-29 06:32:06,616 [WARNING] Failed to replay event 1: [Errno 32] Broken pipe
2026-06-29 06:32:06,616 [WARNING] Failed to replay event 2: [Errno 32] Broken pipe
2026-06-29 06:32:06,616 [WARNING] Failed to replay event 3: [Errno 32] Broken pipe
2026-06-29 06:32:06,616 [WARNING] Failed to replay event 4: [Errno 32] Broken pipe
2026-06-29 06:32:06,616 [WARNING] Failed to replay event 5: [Errno 32] Broken pipe
2026-06-29 06:32:06,616 [WARNING] Failed to replay event 6: [Errno 32] Broken pipe
2026-06-29 06:32:06,616 [WARNING] Failed to replay event 7: [Errno 32] Broken pipe
2026-06-29 06:32:06,616 [WARNING] Failed to replay event 8: [Errno 32] Broken pipe
2026-06-29 06:32:06,616 [WARNING] Failed to replay event 9: [Errno 32] Broken pipe
2026-06-29 06:32:06,616 [WARNING] Failed to replay event 10: [Errno 32] Broken pipe
2026-06-29 06:32:06,616 [WARNING] Failed to replay event 11: [Errno 32] Broken pipe
2026-06-29 06:32:06,616 [WARNING] Failed to replay event 12: [Errno 32] Broken pipe
2026-06-29 06:32:06,616 [WARNING] Failed to replay event 13: [Errno 32] Broken pipe
2026-06-29 06:32:06,616 [WARNING] Failed to replay event 14: [Errno 32] Broken pipe
2026-06-29 06:32:06,616 [WARNING] Failed to replay event 15: [Errno 32] Broken pipe
2026-06-29 06:32:06,616 [WARNING] Failed to replay event 16: [Errno 32] Broken pipe
2026-06-29 06:32:06,617 [WARNING] Failed to replay event 17: [Errno 32] Broken pipe
2026-06-29 06:32:06,617 [WARNING] Failed to replay event 18: [Errno 32] Broken pipe
2026-06-29 06:32:06,617 [WARNING] Failed to replay event 19: [Errno 32] Broken pipe
2026-06-29 06:32:06,617 [WARNING] Failed to replay event 20: [Errno 32] Broken pipe
2026-06-29 06:32:06,617 [WARNING] Failed to replay event 21: [Errno 32] Broken pipe
2026-06-29 06:32:06,617 [WARNING] Failed to replay event 22: [Errno 32] Broken pipe
2026-06-29 06:32:06,617 [WARNING] Failed to replay event 23: [Errno 32] Broken pipe
2026-06-29 06:32:06,617 [WARNING] Failed to replay event 24: [Errno 32] Broken pipe
2026-06-29 06:32:06,617 [WARNING] Failed to replay event 25: [Errno 32] Broken pipe
2026-06-29 06:32:06,617 [WARNING] Failed to replay event 26: [Errno 32] Broken pipe
2026-06-29 06:32:06,617 [WARNING] Failed to replay event 27: [Errno 32] Broken pipe
2026-06-29 06:32:06,617 [WARNING] Failed to replay event 28: [Errno 32] Broken pipe
2026-06-29 06:32:06,617 [WARNING] Failed to replay event 29: [Errno 32] Broken pipe
2026-06-29 06:32:06,617 [WARNING] Failed to replay event 30: [Errno 32] Broken pipe
2026-06-29 06:32:06,617 [WARNING] Failed to replay event 31: [Errno 32] Broken pipe
2026-06-29 06:32:06,617 [WARNING] Failed to replay event 32: [Errno 32] Broken pipe
2026-06-29 06:32:06,617 [WARNING] Failed to replay event 33: [Errno 32] Broken pipe
2026-06-29 06:32:06,617 [WARNING] Failed to replay event 34: [Errno 32] Broken pipe
2026-06-29 06:32:06,617 [WARNING] Failed to replay event 35: [Errno 32] Broken pipe
2026-06-29 06:32:06,617 [WARNING] Failed to replay event 36: [Errno 32] Broken pipe
2026-06-29 06:32:06,617 [INFO] handle_client: Entering receive loop
2026-06-29 06:32:06,617 [INFO] handle_client: Received empty data, client closed connection
2026-06-29 06:32:06,617 [INFO] Control Client disconnected
2026-06-29 06:32:07,430 [DEBUG] Received 10 bytes from BTS
2026-06-29 06:32:07,430 [DEBUG] Decoded IPA frame: proto=0x00, payload_len=7, consumed=10, payload_hex: 0c1201900fffff
2026-06-29 06:32:07,430 [DEBUG] RSL message: 0c1201900fffff
2026-06-29 06:32:07,430 [DEBUG] RSL discriminator: 0x0c, message type: 0x12, payload: 0c1201900fffff
2026-06-29 06:32:07,431 [DEBUG] Incomplete frame, buffer size: 0, buffer_hex: 
2026-06-29 06:32:07,571 [DEBUG] Received 10 bytes from BTS
2026-06-29 06:32:07,571 [DEBUG] Decoded IPA frame: proto=0x00, payload_len=7, consumed=10, payload_hex: 0c1201900fffff
2026-06-29 06:32:07,571 [DEBUG] RSL message: 0c1201900fffff
2026-06-29 06:32:07,571 [DEBUG] RSL discriminator: 0x0c, message type: 0x12, payload: 0c1201900fffff
2026-06-29 06:32:07,571 [DEBUG] Incomplete frame, buffer size: 0, buffer_hex: 
2026-06-29 06:32:08,430 [DEBUG] Received 10 bytes from BTS
2026-06-29 06:32:08,431 [DEBUG] Decoded IPA frame: proto=0x00, payload_len=7, consumed=10, payload_hex: 0c1201900fffff
2026-06-29 06:32:08,431 [DEBUG] RSL message: 0c1201900fffff
2026-06-29 06:32:08,431 [DEBUG] RSL discriminator: 0x0c, message type: 0x12, payload: 0c1201900fffff
2026-06-29 06:32:08,431 [DEBUG] Incomplete frame, buffer size: 0, buffer_hex: 
2026-06-29 06:32:08,572 [DEBUG] Received 10 bytes from BTS
2026-06-29 06:32:08,572 [DEBUG] Decoded IPA frame: proto=0x00, payload_len=7, consumed=10, payload_hex: 0c1201900fffff
2026-06-29 06:32:08,572 [DEBUG] RSL message: 0c1201900fffff
2026-06-29 06:32:08,572 [DEBUG] RSL discriminator: 0x0c, message type: 0x12, payload: 0c1201900fffff
2026-06-29 06:32:08,572 [DEBUG] Incomplete frame, buffer size: 0, buffer_hex: 
2026-06-29 06:32:09,431 [DEBUG] Received 10 bytes from BTS
2026-06-29 06:32:09,431 [DEBUG] Decoded IPA frame: proto=0x00, payload_len=7, consumed=10, payload_hex: 0c1201900fffff
2026-06-29 06:32:09,431 [DEBUG] RSL message: 0c1201900fffff
2026-06-29 06:32:09,431 [DEBUG] RSL discriminator: 0x0c, message type: 0x12, payload: 0c1201900fffff
2026-06-29 06:32:09,431 [DEBUG] Incomplete frame, buffer size: 0, buffer_hex: 
2026-06-29 06:32:09,564 [INFO] Control Client connected from ('10.42.0.1', 33440)
2026-06-29 06:32:09,565 [INFO] handle_client: Starting, client socket: 11
2026-06-29 06:32:09,565 [INFO] handle_client: WELCOME sent
2026-06-29 06:32:09,573 [DEBUG] Received 10 bytes from BTS
2026-06-29 06:32:09,573 [DEBUG] Decoded IPA frame: proto=0x00, payload_len=7, consumed=10, payload_hex: 0c1201900fffff
2026-06-29 06:32:09,573 [DEBUG] RSL message: 0c1201900fffff
2026-06-29 06:32:09,573 [DEBUG] RSL discriminator: 0x0c, message type: 0x12, payload: 0c1201900fffff
2026-06-29 06:32:09,573 [DEBUG] Incomplete frame, buffer size: 0, buffer_hex: 
2026-06-29 06:32:09,615 [INFO] Replaying 36 buffered event(s)
2026-06-29 06:32:09,615 [WARNING] Failed to replay event 1: [Errno 32] Broken pipe
2026-06-29 06:32:09,615 [WARNING] Failed to replay event 2: [Errno 32] Broken pipe
2026-06-29 06:32:09,615 [WARNING] Failed to replay event 3: [Errno 32] Broken pipe
2026-06-29 06:32:09,615 [WARNING] Failed to replay event 4: [Errno 32] Broken pipe
2026-06-29 06:32:09,615 [WARNING] Failed to replay event 5: [Errno 32] Broken pipe
2026-06-29 06:32:09,615 [WARNING] Failed to replay event 6: [Errno 32] Broken pipe
2026-06-29 06:32:09,615 [WARNING] Failed to replay event 7: [Errno 32] Broken pipe
2026-06-29 06:32:09,615 [WARNING] Failed to replay event 8: [Errno 32] Broken pipe
2026-06-29 06:32:09,615 [WARNING] Failed to replay event 9: [Errno 32] Broken pipe
2026-06-29 06:32:09,615 [WARNING] Failed to replay event 10: [Errno 32] Broken pipe
2026-06-29 06:32:09,615 [WARNING] Failed to replay event 11: [Errno 32] Broken pipe
2026-06-29 06:32:09,615 [WARNING] Failed to replay event 12: [Errno 32] Broken pipe
2026-06-29 06:32:09,615 [WARNING] Failed to replay event 13: [Errno 32] Broken pipe
2026-06-29 06:32:09,615 [WARNING] Failed to replay event 14: [Errno 32] Broken pipe
2026-06-29 06:32:09,615 [WARNING] Failed to replay event 15: [Errno 32] Broken pipe
2026-06-29 06:32:09,615 [WARNING] Failed to replay event 16: [Errno 32] Broken pipe
2026-06-29 06:32:09,615 [WARNING] Failed to replay event 17: [Errno 32] Broken pipe
2026-06-29 06:32:09,615 [WARNING] Failed to replay event 18: [Errno 32] Broken pipe
2026-06-29 06:32:09,615 [WARNING] Failed to replay event 19: [Errno 32] Broken pipe
2026-06-29 06:32:09,615 [WARNING] Failed to replay event 20: [Errno 32] Broken pipe
2026-06-29 06:32:09,615 [WARNING] Failed to replay event 21: [Errno 32] Broken pipe
2026-06-29 06:32:09,615 [WARNING] Failed to replay event 22: [Errno 32] Broken pipe
2026-06-29 06:32:09,616 [WARNING] Failed to replay event 23: [Errno 32] Broken pipe
2026-06-29 06:32:09,616 [WARNING] Failed to replay event 24: [Errno 32] Broken pipe
2026-06-29 06:32:09,616 [WARNING] Failed to replay event 25: [Errno 32] Broken pipe
2026-06-29 06:32:09,616 [WARNING] Failed to replay event 26: [Errno 32] Broken pipe
2026-06-29 06:32:09,616 [WARNING] Failed to replay event 27: [Errno 32] Broken pipe
2026-06-29 06:32:09,616 [WARNING] Failed to replay event 28: [Errno 32] Broken pipe
2026-06-29 06:32:09,616 [WARNING] Failed to replay event 29: [Errno 32] Broken pipe
2026-06-29 06:32:09,616 [WARNING] Failed to replay event 30: [Errno 32] Broken pipe
2026-06-29 06:32:09,616 [WARNING] Failed to replay event 31: [Errno 32] Broken pipe
2026-06-29 06:32:09,616 [WARNING] Failed to replay event 32: [Errno 32] Broken pipe
2026-06-29 06:32:09,616 [WARNING] Failed to replay event 33: [Errno 32] Broken pipe
2026-06-29 06:32:09,616 [WARNING] Failed to replay event 34: [Errno 32] Broken pipe
2026-06-29 06:32:09,616 [WARNING] Failed to replay event 35: [Errno 32] Broken pipe
2026-06-29 06:32:09,616 [WARNING] Failed to replay event 36: [Errno 32] Broken pipe
2026-06-29 06:32:09,616 [INFO] handle_client: Entering receive loop
2026-06-29 06:32:09,616 [INFO] handle_client: Received empty data, client closed connection
2026-06-29 06:32:09,616 [INFO] Control Client disconnected
2026-06-29 06:32:10,431 [DEBUG] Received 10 bytes from BTS
2026-06-29 06:32:10,432 [DEBUG] Decoded IPA frame: proto=0x00, payload_len=7, consumed=10, payload_hex: 0c1201900fffff
2026-06-29 06:32:10,432 [DEBUG] RSL message: 0c1201900fffff
2026-06-29 06:32:10,432 [DEBUG] RSL discriminator: 0x0c, message type: 0x12, payload: 0c1201900fffff
2026-06-29 06:32:10,432 [DEBUG] Incomplete frame, buffer size: 0, buffer_hex: 
2026-06-29 06:32:10,573 [DEBUG] Received 10 bytes from BTS
2026-06-29 06:32:10,573 [DEBUG] Decoded IPA frame: proto=0x00, payload_len=7, consumed=10, payload_hex: 0c1201900fffff
2026-06-29 06:32:10,573 [DEBUG] RSL message: 0c1201900fffff
2026-06-29 06:32:10,573 [DEBUG] RSL discriminator: 0x0c, message type: 0x12, payload: 0c1201900fffff
2026-06-29 06:32:10,573 [DEBUG] Incomplete frame, buffer size: 0, buffer_hex: 
2026-06-29 06:32:11,432 [DEBUG] Received 10 bytes from BTS
2026-06-29 06:32:11,432 [DEBUG] Decoded IPA frame: proto=0x00, payload_len=7, consumed=10, payload_hex: 0c1201900fffff
2026-06-29 06:32:11,432 [DEBUG] RSL message: 0c1201900fffff
2026-06-29 06:32:11,433 [DEBUG] RSL discriminator: 0x0c, message type: 0x12, payload: 0c1201900fffff
2026-06-29 06:32:11,433 [DEBUG] Incomplete frame, buffer size: 0, buffer_hex: 
2026-06-29 06:32:11,574 [DEBUG] Received 10 bytes from BTS
2026-06-29 06:32:11,574 [DEBUG] Decoded IPA frame: proto=0x00, payload_len=7, consumed=10, payload_hex: 0c1201900fffff
2026-06-29 06:32:11,574 [DEBUG] RSL message: 0c1201900fffff
2026-06-29 06:32:11,574 [DEBUG] RSL discriminator: 0x0c, message type: 0x12, payload: 0c1201900fffff
2026-06-29 06:32:11,574 [DEBUG] Incomplete frame, buffer size: 0, buffer_hex: 
2026-06-29 06:32:12,433 [DEBUG] Received 10 bytes from BTS
2026-06-29 06:32:12,433 [DEBUG] Decoded IPA frame: proto=0x00, payload_len=7, consumed=10, payload_hex: 0c1201900fffff
2026-06-29 06:32:12,433 [DEBUG] RSL message: 0c1201900fffff
2026-06-29 06:32:12,433 [DEBUG] RSL discriminator: 0x0c, message type: 0x12, payload: 0c1201900fffff
2026-06-29 06:32:12,433 [DEBUG] Incomplete frame, buffer size: 0, buffer_hex: 
2026-06-29 06:32:12,565 [INFO] Control Client connected from ('10.42.0.1', 40972)
2026-06-29 06:32:12,565 [INFO] handle_client: Starting, client socket: 7
2026-06-29 06:32:12,565 [INFO] handle_client: WELCOME sent
2026-06-29 06:32:12,574 [DEBUG] Received 10 bytes from BTS
2026-06-29 06:32:12,574 [DEBUG] Decoded IPA frame: proto=0x00, payload_len=7, consumed=10, payload_hex: 0c1201900fffff
2026-06-29 06:32:12,575 [DEBUG] RSL message: 0c1201900fffff
2026-06-29 06:32:12,575 [DEBUG] RSL discriminator: 0x0c, message type: 0x12, payload: 0c1201900fffff
2026-06-29 06:32:12,575 [DEBUG] Incomplete frame, buffer size: 0, buffer_hex: 
2026-06-29 06:32:12,615 [INFO] Replaying 36 buffered event(s)
2026-06-29 06:32:12,616 [WARNING] Failed to replay event 1: [Errno 32] Broken pipe
2026-06-29 06:32:12,616 [WARNING] Failed to replay event 2: [Errno 32] Broken pipe
2026-06-29 06:32:12,616 [WARNING] Failed to replay event 3: [Errno 32] Broken pipe
2026-06-29 06:32:12,616 [WARNING] Failed to replay event 4: [Errno 32] Broken pipe
2026-06-29 06:32:12,616 [WARNING] Failed to replay event 5: [Errno 32] Broken pipe
2026-06-29 06:32:12,616 [WARNING] Failed to replay event 6: [Errno 32] Broken pipe
2026-06-29 06:32:12,616 [WARNING] Failed to replay event 7: [Errno 32] Broken pipe
2026-06-29 06:32:12,616 [WARNING] Failed to replay event 8: [Errno 32] Broken pipe
2026-06-29 06:32:12,616 [WARNING] Failed to replay event 9: [Errno 32] Broken pipe
2026-06-29 06:32:12,616 [WARNING] Failed to replay event 10: [Errno 32] Broken pipe
2026-06-29 06:32:12,616 [WARNING] Failed to replay event 11: [Errno 32] Broken pipe
2026-06-29 06:32:12,616 [WARNING] Failed to replay event 12: [Errno 32] Broken pipe
2026-06-29 06:32:12,616 [WARNING] Failed to replay event 13: [Errno 32] Broken pipe
2026-06-29 06:32:12,616 [WARNING] Failed to replay event 14: [Errno 32] Broken pipe
2026-06-29 06:32:12,616 [WARNING] Failed to replay event 15: [Errno 32] Broken pipe
2026-06-29 06:32:12,616 [WARNING] Failed to replay event 16: [Errno 32] Broken pipe
2026-06-29 06:32:12,616 [WARNING] Failed to replay event 17: [Errno 32] Broken pipe
2026-06-29 06:32:12,616 [WARNING] Failed to replay event 18: [Errno 32] Broken pipe
2026-06-29 06:32:12,616 [WARNING] Failed to replay event 19: [Errno 32] Broken pipe
2026-06-29 06:32:12,616 [WARNING] Failed to replay event 20: [Errno 32] Broken pipe
2026-06-29 06:32:12,616 [WARNING] Failed to replay event 21: [Errno 32] Broken pipe
2026-06-29 06:32:12,616 [WARNING] Failed to replay event 22: [Errno 32] Broken pipe
2026-06-29 06:32:12,616 [WARNING] Failed to replay event 23: [Errno 32] Broken pipe
2026-06-29 06:32:12,616 [WARNING] Failed to replay event 24: [Errno 32] Broken pipe
2026-06-29 06:32:12,616 [WARNING] Failed to replay event 25: [Errno 32] Broken pipe
2026-06-29 06:32:12,616 [WARNING] Failed to replay event 26: [Errno 32] Broken pipe
2026-06-29 06:32:12,616 [WARNING] Failed to replay event 27: [Errno 32] Broken pipe
2026-06-29 06:32:12,616 [WARNING] Failed to replay event 28: [Errno 32] Broken pipe
2026-06-29 06:32:12,616 [WARNING] Failed to replay event 29: [Errno 32] Broken pipe
2026-06-29 06:32:12,616 [WARNING] Failed to replay event 30: [Errno 32] Broken pipe
2026-06-29 06:32:12,616 [WARNING] Failed to replay event 31: [Errno 32] Broken pipe
2026-06-29 06:32:12,616 [WARNING] Failed to replay event 32: [Errno 32] Broken pipe
2026-06-29 06:32:12,616 [WARNING] Failed to replay event 33: [Errno 32] Broken pipe
2026-06-29 06:32:12,616 [WARNING] Failed to replay event 34: [Errno 32] Broken pipe
2026-06-29 06:32:12,616 [WARNING] Failed to replay event 35: [Errno 32] Broken pipe
2026-06-29 06:32:12,616 [WARNING] Failed to replay event 36: [Errno 32] Broken pipe
2026-06-29 06:32:12,616 [INFO] handle_client: Entering receive loop
2026-06-29 06:32:12,616 [INFO] handle_client: Received empty data, client closed connection
2026-06-29 06:32:12,616 [INFO] Control Client disconnected
2026-06-29 06:32:13,433 [DEBUG] Received 10 bytes from BTS
2026-06-29 06:32:13,434 [DEBUG] Decoded IPA frame: proto=0x00, payload_len=7, consumed=10, payload_hex: 0c1201900fffff
2026-06-29 06:32:13,434 [DEBUG] RSL message: 0c1201900fffff
2026-06-29 06:32:13,434 [DEBUG] RSL discriminator: 0x0c, message type: 0x12, payload: 0c1201900fffff
2026-06-29 06:32:13,434 [DEBUG] Incomplete frame, buffer size: 0, buffer_hex: 
2026-06-29 06:32:13,575 [DEBUG] Received 10 bytes from BTS
2026-06-29 06:32:13,575 [DEBUG] Decoded IPA frame: proto=0x00, payload_len=7, consumed=10, payload_hex: 0c1201900fffff
2026-06-29 06:32:13,575 [DEBUG] RSL message: 0c1201900fffff
2026-06-29 06:32:13,575 [DEBUG] RSL discriminator: 0x0c, message type: 0x12, payload: 0c1201900fffff
2026-06-29 06:32:13,575 [DEBUG] Incomplete frame, buffer size: 0, buffer_hex: 
2026-06-29 06:32:14,236 [INFO] Control Client connected from ('10.42.0.1', 40976)
2026-06-29 06:32:14,237 [INFO] handle_client: Starting, client socket: 11
2026-06-29 06:32:14,237 [INFO] handle_client: WELCOME sent
2026-06-29 06:32:14,287 [INFO] Replaying 36 buffered event(s)
2026-06-29 06:32:14,287 [WARNING] Failed to replay event 1: [Errno 32] Broken pipe
2026-06-29 06:32:14,288 [WARNING] Failed to replay event 2: [Errno 32] Broken pipe
2026-06-29 06:32:14,288 [WARNING] Failed to replay event 3: [Errno 32] Broken pipe
2026-06-29 06:32:14,288 [WARNING] Failed to replay event 4: [Errno 32] Broken pipe
2026-06-29 06:32:14,288 [WARNING] Failed to replay event 5: [Errno 32] Broken pipe
2026-06-29 06:32:14,288 [WARNING] Failed to replay event 6: [Errno 32] Broken pipe
2026-06-29 06:32:14,288 [WARNING] Failed to replay event 7: [Errno 32] Broken pipe
2026-06-29 06:32:14,288 [WARNING] Failed to replay event 8: [Errno 32] Broken pipe
2026-06-29 06:32:14,288 [WARNING] Failed to replay event 9: [Errno 32] Broken pipe
2026-06-29 06:32:14,288 [WARNING] Failed to replay event 10: [Errno 32] Broken pipe
2026-06-29 06:32:14,288 [WARNING] Failed to replay event 11: [Errno 32] Broken pipe
2026-06-29 06:32:14,288 [WARNING] Failed to replay event 12: [Errno 32] Broken pipe
2026-06-29 06:32:14,288 [WARNING] Failed to replay event 13: [Errno 32] Broken pipe
2026-06-29 06:32:14,288 [WARNING] Failed to replay event 14: [Errno 32] Broken pipe
2026-06-29 06:32:14,288 [WARNING] Failed to replay event 15: [Errno 32] Broken pipe
2026-06-29 06:32:14,288 [WARNING] Failed to replay event 16: [Errno 32] Broken pipe
2026-06-29 06:32:14,288 [WARNING] Failed to replay event 17: [Errno 32] Broken pipe
2026-06-29 06:32:14,288 [WARNING] Failed to replay event 18: [Errno 32] Broken pipe
2026-06-29 06:32:14,288 [WARNING] Failed to replay event 19: [Errno 32] Broken pipe
2026-06-29 06:32:14,288 [WARNING] Failed to replay event 20: [Errno 32] Broken pipe
2026-06-29 06:32:14,288 [WARNING] Failed to replay event 21: [Errno 32] Broken pipe
2026-06-29 06:32:14,288 [WARNING] Failed to replay event 22: [Errno 32] Broken pipe
2026-06-29 06:32:14,288 [WARNING] Failed to replay event 23: [Errno 32] Broken pipe
2026-06-29 06:32:14,288 [WARNING] Failed to replay event 24: [Errno 32] Broken pipe
2026-06-29 06:32:14,288 [WARNING] Failed to replay event 25: [Errno 32] Broken pipe
2026-06-29 06:32:14,288 [WARNING] Failed to replay event 26: [Errno 32] Broken pipe
2026-06-29 06:32:14,288 [WARNING] Failed to replay event 27: [Errno 32] Broken pipe
2026-06-29 06:32:14,288 [WARNING] Failed to replay event 28: [Errno 32] Broken pipe
2026-06-29 06:32:14,288 [WARNING] Failed to replay event 29: [Errno 32] Broken pipe
2026-06-29 06:32:14,288 [WARNING] Failed to replay event 30: [Errno 32] Broken pipe
2026-06-29 06:32:14,288 [WARNING] Failed to replay event 31: [Errno 32] Broken pipe
2026-06-29 06:32:14,289 [WARNING] Failed to replay event 32: [Errno 32] Broken pipe
2026-06-29 06:32:14,289 [WARNING] Failed to replay event 33: [Errno 32] Broken pipe
2026-06-29 06:32:14,289 [WARNING] Failed to replay event 34: [Errno 32] Broken pipe
2026-06-29 06:32:14,289 [WARNING] Failed to replay event 35: [Errno 32] Broken pipe
2026-06-29 06:32:14,289 [WARNING] Failed to replay event 36: [Errno 32] Broken pipe
2026-06-29 06:32:14,289 [INFO] handle_client: Entering receive loop
2026-06-29 06:32:14,289 [INFO] handle_client: Received empty data, client closed connection
2026-06-29 06:32:14,289 [INFO] Control Client disconnected
2026-06-29 06:32:14,434 [DEBUG] Received 10 bytes from BTS
2026-06-29 06:32:14,434 [DEBUG] Decoded IPA frame: proto=0x00, payload_len=7, consumed=10, payload_hex: 0c1201900fffff
2026-06-29 06:32:14,434 [DEBUG] RSL message: 0c1201900fffff
2026-06-29 06:32:14,434 [DEBUG] RSL discriminator: 0x0c, message type: 0x12, payload: 0c1201900fffff
2026-06-29 06:32:14,434 [DEBUG] Incomplete frame, buffer size: 0, buffer_hex: 
2026-06-29 06:32:14,576 [DEBUG] Received 10 bytes from BTS
2026-06-29 06:32:14,576 [DEBUG] Decoded IPA frame: proto=0x00, payload_len=7, consumed=10, payload_hex: 0c1201900fffff
2026-06-29 06:32:14,576 [DEBUG] RSL message: 0c1201900fffff
2026-06-29 06:32:14,576 [DEBUG] RSL discriminator: 0x0c, message type: 0x12, payload: 0c1201900fffff
2026-06-29 06:32:14,576 [DEBUG] Incomplete frame, buffer size: 0, buffer_hex: 
2026-06-29 06:32:15,435 [DEBUG] Received 10 bytes from BTS
2026-06-29 06:32:15,435 [DEBUG] Decoded IPA frame: proto=0x00, payload_len=7, consumed=10, payload_hex: 0c1201900fffff
2026-06-29 06:32:15,435 [DEBUG] RSL message: 0c1201900fffff
2026-06-29 06:32:15,435 [DEBUG] RSL discriminator: 0x0c, message type: 0x12, payload: 0c1201900fffff
2026-06-29 06:32:15,435 [DEBUG] Incomplete frame, buffer size: 0, buffer_hex: 
2026-06-29 06:32:15,565 [INFO] Control Client connected from ('10.42.0.1', 40986)
2026-06-29 06:32:15,565 [INFO] handle_client: Starting, client socket: 7
2026-06-29 06:32:15,565 [INFO] handle_client: WELCOME sent
2026-06-29 06:32:15,577 [DEBUG] Received 10 bytes from BTS
2026-06-29 06:32:15,577 [DEBUG] Decoded IPA frame: proto=0x00, payload_len=7, consumed=10, payload_hex: 0c1201900fffff
2026-06-29 06:32:15,577 [DEBUG] RSL message: 0c1201900fffff
2026-06-29 06:32:15,577 [DEBUG] RSL discriminator: 0x0c, message type: 0x12, payload: 0c1201900fffff
2026-06-29 06:32:15,577 [DEBUG] Incomplete frame, buffer size: 0, buffer_hex: 
2026-06-29 06:32:15,615 [INFO] Replaying 36 buffered event(s)
2026-06-29 06:32:15,615 [WARNING] Failed to replay event 1: [Errno 32] Broken pipe
2026-06-29 06:32:15,615 [WARNING] Failed to replay event 2: [Errno 32] Broken pipe
2026-06-29 06:32:15,615 [WARNING] Failed to replay event 3: [Errno 32] Broken pipe
2026-06-29 06:32:15,615 [WARNING] Failed to replay event 4: [Errno 32] Broken pipe
2026-06-29 06:32:15,615 [WARNING] Failed to replay event 5: [Errno 32] Broken pipe
2026-06-29 06:32:15,615 [WARNING] Failed to replay event 6: [Errno 32] Broken pipe
2026-06-29 06:32:15,615 [WARNING] Failed to replay event 7: [Errno 32] Broken pipe
2026-06-29 06:32:15,615 [WARNING] Failed to replay event 8: [Errno 32] Broken pipe
2026-06-29 06:32:15,615 [WARNING] Failed to replay event 9: [Errno 32] Broken pipe
2026-06-29 06:32:15,615 [WARNING] Failed to replay event 10: [Errno 32] Broken pipe
2026-06-29 06:32:15,615 [WARNING] Failed to replay event 11: [Errno 32] Broken pipe
2026-06-29 06:32:15,615 [WARNING] Failed to replay event 12: [Errno 32] Broken pipe
2026-06-29 06:32:15,616 [WARNING] Failed to replay event 13: [Errno 32] Broken pipe
2026-06-29 06:32:15,616 [WARNING] Failed to replay event 14: [Errno 32] Broken pipe
2026-06-29 06:32:15,616 [WARNING] Failed to replay event 15: [Errno 32] Broken pipe
2026-06-29 06:32:15,616 [WARNING] Failed to replay event 16: [Errno 32] Broken pipe
2026-06-29 06:32:15,616 [WARNING] Failed to replay event 17: [Errno 32] Broken pipe
2026-06-29 06:32:15,616 [WARNING] Failed to replay event 18: [Errno 32] Broken pipe
2026-06-29 06:32:15,616 [WARNING] Failed to replay event 19: [Errno 32] Broken pipe
2026-06-29 06:32:15,616 [WARNING] Failed to replay event 20: [Errno 32] Broken pipe
2026-06-29 06:32:15,616 [WARNING] Failed to replay event 21: [Errno 32] Broken pipe
2026-06-29 06:32:15,616 [WARNING] Failed to replay event 22: [Errno 32] Broken pipe
2026-06-29 06:32:15,616 [WARNING] Failed to replay event 23: [Errno 32] Broken pipe
2026-06-29 06:32:15,616 [WARNING] Failed to replay event 24: [Errno 32] Broken pipe
2026-06-29 06:32:15,616 [WARNING] Failed to replay event 25: [Errno 32] Broken pipe
2026-06-29 06:32:15,616 [WARNING] Failed to replay event 26: [Errno 32] Broken pipe
2026-06-29 06:32:15,616 [WARNING] Failed to replay event 27: [Errno 32] Broken pipe
2026-06-29 06:32:15,616 [WARNING] Failed to replay event 28: [Errno 32] Broken pipe
2026-06-29 06:32:15,616 [WARNING] Failed to replay event 29: [Errno 32] Broken pipe
2026-06-29 06:32:15,616 [WARNING] Failed to replay event 30: [Errno 32] Broken pipe
2026-06-29 06:32:15,616 [WARNING] Failed to replay event 31: [Errno 32] Broken pipe
2026-06-29 06:32:15,616 [WARNING] Failed to replay event 32: [Errno 32] Broken pipe
2026-06-29 06:32:15,616 [WARNING] Failed to replay event 33: [Errno 32] Broken pipe
2026-06-29 06:32:15,616 [WARNING] Failed to replay event 34: [Errno 32] Broken pipe
2026-06-29 06:32:15,616 [WARNING] Failed to replay event 35: [Errno 32] Broken pipe
2026-06-29 06:32:15,616 [WARNING] Failed to replay event 36: [Errno 32] Broken pipe
2026-06-29 06:32:15,616 [INFO] handle_client: Entering receive loop
2026-06-29 06:32:15,616 [INFO] handle_client: Received empty data, client closed connection
2026-06-29 06:32:15,616 [INFO] Control Client disconnected
2026-06-29 06:32:16,437 [DEBUG] Received 10 bytes from BTS
2026-06-29 06:32:16,438 [DEBUG] Decoded IPA frame: proto=0x00, payload_len=7, consumed=10, payload_hex: 0c1201900fffff
2026-06-29 06:32:16,438 [DEBUG] RSL message: 0c1201900fffff
2026-06-29 06:32:16,438 [DEBUG] RSL discriminator: 0x0c, message type: 0x12, payload: 0c1201900fffff
2026-06-29 06:32:16,438 [DEBUG] Incomplete frame, buffer size: 0, buffer_hex: 
2026-06-29 06:32:16,578 [DEBUG] Received 10 bytes from BTS
2026-06-29 06:32:16,578 [DEBUG] Decoded IPA frame: proto=0x00, payload_len=7, consumed=10, payload_hex: 0c1201900fffff
2026-06-29 06:32:16,578 [DEBUG] RSL message: 0c1201900fffff
2026-06-29 06:32:16,578 [DEBUG] RSL discriminator: 0x0c, message type: 0x12, payload: 0c1201900fffff
2026-06-29 06:32:16,578 [DEBUG] Incomplete frame, buffer size: 0, buffer_hex: 
2026-06-29 06:32:17,436 [DEBUG] Received 10 bytes from BTS
2026-06-29 06:32:17,437 [DEBUG] Decoded IPA frame: proto=0x00, payload_len=7, consumed=10, payload_hex: 0c1201900fffff
2026-06-29 06:32:17,437 [DEBUG] RSL message: 0c1201900fffff
2026-06-29 06:32:17,437 [DEBUG] RSL discriminator: 0x0c, message type: 0x12, payload: 0c1201900fffff
2026-06-29 06:32:17,437 [DEBUG] Incomplete frame, buffer size: 0, buffer_hex: 
2026-06-29 06:32:17,578 [DEBUG] Received 10 bytes from BTS
2026-06-29 06:32:17,579 [DEBUG] Decoded IPA frame: proto=0x00, payload_len=7, consumed=10, payload_hex: 0c1201900fffff
2026-06-29 06:32:17,579 [DEBUG] RSL message: 0c1201900fffff
2026-06-29 06:32:17,579 [DEBUG] RSL discriminator: 0x0c, message type: 0x12, payload: 0c1201900fffff
2026-06-29 06:32:17,579 [DEBUG] Incomplete frame, buffer size: 0, buffer_hex: 
2026-06-29 06:32:18,437 [DEBUG] Received 10 bytes from BTS
2026-06-29 06:32:18,437 [DEBUG] Decoded IPA frame: proto=0x00, payload_len=7, consumed=10, payload_hex: 0c1201900fffff
2026-06-29 06:32:18,437 [DEBUG] RSL message: 0c1201900fffff
2026-06-29 06:32:18,437 [DEBUG] RSL discriminator: 0x0c, message type: 0x12, payload: 0c1201900fffff
2026-06-29 06:32:18,437 [DEBUG] Incomplete frame, buffer size: 0, buffer_hex: 
2026-06-29 06:32:18,565 [INFO] Control Client connected from ('10.42.0.1', 40998)
2026-06-29 06:32:18,565 [INFO] handle_client: Starting, client socket: 11
2026-06-29 06:32:18,565 [INFO] handle_client: WELCOME sent
2026-06-29 06:32:18,579 [DEBUG] Received 10 bytes from BTS
2026-06-29 06:32:18,579 [DEBUG] Decoded IPA frame: proto=0x00, payload_len=7, consumed=10, payload_hex: 0c1201900fffff
2026-06-29 06:32:18,579 [DEBUG] RSL message: 0c1201900fffff
2026-06-29 06:32:18,579 [DEBUG] RSL discriminator: 0x0c, message type: 0x12, payload: 0c1201900fffff
2026-06-29 06:32:18,579 [DEBUG] Incomplete frame, buffer size: 0, buffer_hex: 
2026-06-29 06:32:18,615 [INFO] Replaying 36 buffered event(s)
2026-06-29 06:32:18,616 [WARNING] Failed to replay event 1: [Errno 32] Broken pipe
2026-06-29 06:32:18,616 [WARNING] Failed to replay event 2: [Errno 32] Broken pipe
2026-06-29 06:32:18,616 [WARNING] Failed to replay event 3: [Errno 32] Broken pipe
2026-06-29 06:32:18,616 [WARNING] Failed to replay event 4: [Errno 32] Broken pipe
2026-06-29 06:32:18,616 [WARNING] Failed to replay event 5: [Errno 32] Broken pipe
2026-06-29 06:32:18,616 [WARNING] Failed to replay event 6: [Errno 32] Broken pipe
2026-06-29 06:32:18,616 [WARNING] Failed to replay event 7: [Errno 32] Broken pipe
2026-06-29 06:32:18,616 [WARNING] Failed to replay event 8: [Errno 32] Broken pipe
2026-06-29 06:32:18,616 [WARNING] Failed to replay event 9: [Errno 32] Broken pipe
2026-06-29 06:32:18,616 [WARNING] Failed to replay event 10: [Errno 32] Broken pipe
2026-06-29 06:32:18,616 [WARNING] Failed to replay event 11: [Errno 32] Broken pipe
2026-06-29 06:32:18,616 [WARNING] Failed to replay event 12: [Errno 32] Broken pipe
2026-06-29 06:32:18,616 [WARNING] Failed to replay event 13: [Errno 32] Broken pipe
2026-06-29 06:32:18,616 [WARNING] Failed to replay event 14: [Errno 32] Broken pipe
2026-06-29 06:32:18,616 [WARNING] Failed to replay event 15: [Errno 32] Broken pipe
2026-06-29 06:32:18,616 [WARNING] Failed to replay event 16: [Errno 32] Broken pipe
2026-06-29 06:32:18,616 [WARNING] Failed to replay event 17: [Errno 32] Broken pipe
2026-06-29 06:32:18,616 [WARNING] Failed to replay event 18: [Errno 32] Broken pipe
2026-06-29 06:32:18,616 [WARNING] Failed to replay event 19: [Errno 32] Broken pipe
2026-06-29 06:32:18,616 [WARNING] Failed to replay event 20: [Errno 32] Broken pipe
2026-06-29 06:32:18,616 [WARNING] Failed to replay event 21: [Errno 32] Broken pipe
2026-06-29 06:32:18,616 [WARNING] Failed to replay event 22: [Errno 32] Broken pipe
2026-06-29 06:32:18,616 [WARNING] Failed to replay event 23: [Errno 32] Broken pipe
2026-06-29 06:32:18,616 [WARNING] Failed to replay event 24: [Errno 32] Broken pipe
2026-06-29 06:32:18,616 [WARNING] Failed to replay event 25: [Errno 32] Broken pipe
2026-06-29 06:32:18,616 [WARNING] Failed to replay event 26: [Errno 32] Broken pipe
2026-06-29 06:32:18,616 [WARNING] Failed to replay event 27: [Errno 32] Broken pipe
2026-06-29 06:32:18,616 [WARNING] Failed to replay event 28: [Errno 32] Broken pipe
2026-06-29 06:32:18,616 [WARNING] Failed to replay event 29: [Errno 32] Broken pipe
2026-06-29 06:32:18,616 [WARNING] Failed to replay event 30: [Errno 32] Broken pipe
2026-06-29 06:32:18,616 [WARNING] Failed to replay event 31: [Errno 32] Broken pipe
2026-06-29 06:32:18,616 [WARNING] Failed to replay event 32: [Errno 32] Broken pipe
2026-06-29 06:32:18,616 [WARNING] Failed to replay event 33: [Errno 32] Broken pipe
2026-06-29 06:32:18,616 [WARNING] Failed to replay event 34: [Errno 32] Broken pipe
2026-06-29 06:32:18,617 [WARNING] Failed to replay event 35: [Errno 32] Broken pipe
2026-06-29 06:32:18,617 [WARNING] Failed to replay event 36: [Errno 32] Broken pipe
2026-06-29 06:32:18,617 [INFO] handle_client: Entering receive loop
2026-06-29 06:32:18,617 [INFO] handle_client: Received empty data, client closed connection
2026-06-29 06:32:18,617 [INFO] Control Client disconnected
2026-06-29 06:32:19,437 [DEBUG] Received 10 bytes from BTS
2026-06-29 06:32:19,438 [DEBUG] Decoded IPA frame: proto=0x00, payload_len=7, consumed=10, payload_hex: 0c1201900fffff
2026-06-29 06:32:19,438 [DEBUG] RSL message: 0c1201900fffff
2026-06-29 06:32:19,438 [DEBUG] RSL discriminator: 0x0c, message type: 0x12, payload: 0c1201900fffff
2026-06-29 06:32:19,438 [DEBUG] Incomplete frame, buffer size: 0, buffer_hex: 
2026-06-29 06:32:19,579 [DEBUG] Received 10 bytes from BTS
2026-06-29 06:32:19,579 [DEBUG] Decoded IPA frame: proto=0x00, payload_len=7, consumed=10, payload_hex: 0c1201900fffff
2026-06-29 06:32:19,579 [DEBUG] RSL message: 0c1201900fffff
2026-06-29 06:32:19,580 [DEBUG] RSL discriminator: 0x0c, message type: 0x12, payload: 0c1201900fffff
2026-06-29 06:32:19,580 [DEBUG] Incomplete frame, buffer size: 0, buffer_hex: 
2026-06-29 06:32:20,438 [DEBUG] Received 10 bytes from BTS
2026-06-29 06:32:20,438 [DEBUG] Decoded IPA frame: proto=0x00, payload_len=7, consumed=10, payload_hex: 0c1201900fffff
2026-06-29 06:32:20,438 [DEBUG] RSL message: 0c1201900fffff
2026-06-29 06:32:20,438 [DEBUG] RSL discriminator: 0x0c, message type: 0x12, payload: 0c1201900fffff
2026-06-29 06:32:20,438 [DEBUG] Incomplete frame, buffer size: 0, buffer_hex: 
2026-06-29 06:32:20,580 [DEBUG] Received 10 bytes from BTS
2026-06-29 06:32:20,580 [DEBUG] Decoded IPA frame: proto=0x00, payload_len=7, consumed=10, payload_hex: 0c1201900fffff
2026-06-29 06:32:20,580 [DEBUG] RSL message: 0c1201900fffff
2026-06-29 06:32:20,580 [DEBUG] RSL discriminator: 0x0c, message type: 0x12, payload: 0c1201900fffff
2026-06-29 06:32:20,580 [DEBUG] Incomplete frame, buffer size: 0, buffer_hex: 
2026-06-29 06:32:21,438 [DEBUG] Received 10 bytes from BTS
2026-06-29 06:32:21,438 [DEBUG] Decoded IPA frame: proto=0x00, payload_len=7, consumed=10, payload_hex: 0c1201900fffff
2026-06-29 06:32:21,438 [DEBUG] RSL message: 0c1201900fffff
2026-06-29 06:32:21,438 [DEBUG] RSL discriminator: 0x0c, message type: 0x12, payload: 0c1201900fffff
2026-06-29 06:32:21,438 [DEBUG] Incomplete frame, buffer size: 0, buffer_hex: 
2026-06-29 06:32:21,565 [INFO] Control Client connected from ('10.42.0.1', 55112)
2026-06-29 06:32:21,565 [INFO] handle_client: Starting, client socket: 7
2026-06-29 06:32:21,565 [INFO] handle_client: WELCOME sent
2026-06-29 06:32:21,580 [DEBUG] Received 10 bytes from BTS
2026-06-29 06:32:21,580 [DEBUG] Decoded IPA frame: proto=0x00, payload_len=7, consumed=10, payload_hex: 0c1201900fffff
2026-06-29 06:32:21,580 [DEBUG] RSL message: 0c1201900fffff
2026-06-29 06:32:21,581 [DEBUG] RSL discriminator: 0x0c, message type: 0x12, payload: 0c1201900fffff
2026-06-29 06:32:21,581 [DEBUG] Incomplete frame, buffer size: 0, buffer_hex: 
2026-06-29 06:32:21,615 [INFO] Replaying 36 buffered event(s)
2026-06-29 06:32:21,615 [WARNING] Failed to replay event 1: [Errno 32] Broken pipe
2026-06-29 06:32:21,615 [WARNING] Failed to replay event 2: [Errno 32] Broken pipe
2026-06-29 06:32:21,616 [WARNING] Failed to replay event 3: [Errno 32] Broken pipe
2026-06-29 06:32:21,616 [WARNING] Failed to replay event 4: [Errno 32] Broken pipe
2026-06-29 06:32:21,616 [WARNING] Failed to replay event 5: [Errno 32] Broken pipe
2026-06-29 06:32:21,616 [WARNING] Failed to replay event 6: [Errno 32] Broken pipe
2026-06-29 06:32:21,616 [WARNING] Failed to replay event 7: [Errno 32] Broken pipe
2026-06-29 06:32:21,616 [WARNING] Failed to replay event 8: [Errno 32] Broken pipe
2026-06-29 06:32:21,616 [WARNING] Failed to replay event 9: [Errno 32] Broken pipe
2026-06-29 06:32:21,616 [WARNING] Failed to replay event 10: [Errno 32] Broken pipe
2026-06-29 06:32:21,616 [WARNING] Failed to replay event 11: [Errno 32] Broken pipe
2026-06-29 06:32:21,616 [WARNING] Failed to replay event 12: [Errno 32] Broken pipe
2026-06-29 06:32:21,616 [WARNING] Failed to replay event 13: [Errno 32] Broken pipe
2026-06-29 06:32:21,616 [WARNING] Failed to replay event 14: [Errno 32] Broken pipe
2026-06-29 06:32:21,616 [WARNING] Failed to replay event 15: [Errno 32] Broken pipe
2026-06-29 06:32:21,616 [WARNING] Failed to replay event 16: [Errno 32] Broken pipe
2026-06-29 06:32:21,616 [WARNING] Failed to replay event 17: [Errno 32] Broken pipe
2026-06-29 06:32:21,616 [WARNING] Failed to replay event 18: [Errno 32] Broken pipe
2026-06-29 06:32:21,616 [WARNING] Failed to replay event 19: [Errno 32] Broken pipe
2026-06-29 06:32:21,616 [WARNING] Failed to replay event 20: [Errno 32] Broken pipe
2026-06-29 06:32:21,616 [WARNING] Failed to replay event 21: [Errno 32] Broken pipe
2026-06-29 06:32:21,616 [WARNING] Failed to replay event 22: [Errno 32] Broken pipe
2026-06-29 06:32:21,616 [WARNING] Failed to replay event 23: [Errno 32] Broken pipe
2026-06-29 06:32:21,616 [WARNING] Failed to replay event 24: [Errno 32] Broken pipe
2026-06-29 06:32:21,616 [WARNING] Failed to replay event 25: [Errno 32] Broken pipe
2026-06-29 06:32:21,616 [WARNING] Failed to replay event 26: [Errno 32] Broken pipe
2026-06-29 06:32:21,616 [WARNING] Failed to replay event 27: [Errno 32] Broken pipe
2026-06-29 06:32:21,616 [WARNING] Failed to replay event 28: [Errno 32] Broken pipe
2026-06-29 06:32:21,616 [WARNING] Failed to replay event 29: [Errno 32] Broken pipe
2026-06-29 06:32:21,616 [WARNING] Failed to replay event 30: [Errno 32] Broken pipe
2026-06-29 06:32:21,616 [WARNING] Failed to replay event 31: [Errno 32] Broken pipe
2026-06-29 06:32:21,616 [WARNING] Failed to replay event 32: [Errno 32] Broken pipe
2026-06-29 06:32:21,616 [WARNING] Failed to replay event 33: [Errno 32] Broken pipe
2026-06-29 06:32:21,616 [WARNING] Failed to replay event 34: [Errno 32] Broken pipe
2026-06-29 06:32:21,616 [WARNING] Failed to replay event 35: [Errno 32] Broken pipe
2026-06-29 06:32:21,616 [WARNING] Failed to replay event 36: [Errno 32] Broken pipe
2026-06-29 06:32:21,616 [INFO] handle_client: Entering receive loop
2026-06-29 06:32:21,616 [INFO] handle_client: Received empty data, client closed connection
2026-06-29 06:32:21,616 [INFO] Control Client disconnected
2026-06-29 06:32:22,439 [DEBUG] Received 10 bytes from BTS
2026-06-29 06:32:22,439 [DEBUG] Decoded IPA frame: proto=0x00, payload_len=7, consumed=10, payload_hex: 0c1201900fffff
2026-06-29 06:32:22,439 [DEBUG] RSL message: 0c1201900fffff
2026-06-29 06:32:22,439 [DEBUG] RSL discriminator: 0x0c, message type: 0x12, payload: 0c1201900fffff
2026-06-29 06:32:22,439 [DEBUG] Incomplete frame, buffer size: 0, buffer_hex: 
2026-06-29 06:32:22,581 [DEBUG] Received 10 bytes from BTS
2026-06-29 06:32:22,581 [DEBUG] Decoded IPA frame: proto=0x00, payload_len=7, consumed=10, payload_hex: 0c1201900fffff
2026-06-29 06:32:22,581 [DEBUG] RSL message: 0c1201900fffff
2026-06-29 06:32:22,581 [DEBUG] RSL discriminator: 0x0c, message type: 0x12, payload: 0c1201900fffff
2026-06-29 06:32:22,581 [DEBUG] Incomplete frame, buffer size: 0, buffer_hex: 
2026-06-29 06:32:23,439 [DEBUG] Received 10 bytes from BTS
2026-06-29 06:32:23,440 [DEBUG] Decoded IPA frame: proto=0x00, payload_len=7, consumed=10, payload_hex: 0c1201900fffff
2026-06-29 06:32:23,440 [DEBUG] RSL message: 0c1201900fffff
2026-06-29 06:32:23,440 [DEBUG] RSL discriminator: 0x0c, message type: 0x12, payload: 0c1201900fffff
2026-06-29 06:32:23,440 [DEBUG] Incomplete frame, buffer size: 0, buffer_hex: 
2026-06-29 06:32:23,582 [DEBUG] Received 10 bytes from BTS
2026-06-29 06:32:23,582 [DEBUG] Decoded IPA frame: proto=0x00, payload_len=7, consumed=10, payload_hex: 0c1201900fffff
2026-06-29 06:32:23,582 [DEBUG] RSL message: 0c1201900fffff
2026-06-29 06:32:23,582 [DEBUG] RSL discriminator: 0x0c, message type: 0x12, payload: 0c1201900fffff
2026-06-29 06:32:23,582 [DEBUG] Incomplete frame, buffer size: 0, buffer_hex: 
2026-06-29 06:32:24,236 [INFO] Control Client connected from ('10.42.0.1', 55114)
2026-06-29 06:32:24,237 [INFO] handle_client: Starting, client socket: 11
2026-06-29 06:32:24,237 [INFO] handle_client: WELCOME sent
2026-06-29 06:32:24,287 [INFO] Replaying 36 buffered event(s)
2026-06-29 06:32:24,287 [WARNING] Failed to replay event 1: [Errno 32] Broken pipe
2026-06-29 06:32:24,287 [WARNING] Failed to replay event 2: [Errno 32] Broken pipe
2026-06-29 06:32:24,287 [WARNING] Failed to replay event 3: [Errno 32] Broken pipe
2026-06-29 06:32:24,287 [WARNING] Failed to replay event 4: [Errno 32] Broken pipe
2026-06-29 06:32:24,287 [WARNING] Failed to replay event 5: [Errno 32] Broken pipe
2026-06-29 06:32:24,287 [WARNING] Failed to replay event 6: [Errno 32] Broken pipe
2026-06-29 06:32:24,287 [WARNING] Failed to replay event 7: [Errno 32] Broken pipe
2026-06-29 06:32:24,287 [WARNING] Failed to replay event 8: [Errno 32] Broken pipe
2026-06-29 06:32:24,287 [WARNING] Failed to replay event 9: [Errno 32] Broken pipe
2026-06-29 06:32:24,287 [WARNING] Failed to replay event 10: [Errno 32] Broken pipe
2026-06-29 06:32:24,287 [WARNING] Failed to replay event 11: [Errno 32] Broken pipe
2026-06-29 06:32:24,287 [WARNING] Failed to replay event 12: [Errno 32] Broken pipe
2026-06-29 06:32:24,287 [WARNING] Failed to replay event 13: [Errno 32] Broken pipe
2026-06-29 06:32:24,287 [WARNING] Failed to replay event 14: [Errno 32] Broken pipe
2026-06-29 06:32:24,287 [WARNING] Failed to replay event 15: [Errno 32] Broken pipe
2026-06-29 06:32:24,287 [WARNING] Failed to replay event 16: [Errno 32] Broken pipe
2026-06-29 06:32:24,287 [WARNING] Failed to replay event 17: [Errno 32] Broken pipe
2026-06-29 06:32:24,287 [WARNING] Failed to replay event 18: [Errno 32] Broken pipe
2026-06-29 06:32:24,287 [WARNING] Failed to replay event 19: [Errno 32] Broken pipe
2026-06-29 06:32:24,287 [WARNING] Failed to replay event 20: [Errno 32] Broken pipe
2026-06-29 06:32:24,287 [WARNING] Failed to replay event 21: [Errno 32] Broken pipe
2026-06-29 06:32:24,288 [WARNING] Failed to replay event 22: [Errno 32] Broken pipe
2026-06-29 06:32:24,288 [WARNING] Failed to replay event 23: [Errno 32] Broken pipe
2026-06-29 06:32:24,288 [WARNING] Failed to replay event 24: [Errno 32] Broken pipe
2026-06-29 06:32:24,288 [WARNING] Failed to replay event 25: [Errno 32] Broken pipe
2026-06-29 06:32:24,288 [WARNING] Failed to replay event 26: [Errno 32] Broken pipe
2026-06-29 06:32:24,288 [WARNING] Failed to replay event 27: [Errno 32] Broken pipe
2026-06-29 06:32:24,288 [WARNING] Failed to replay event 28: [Errno 32] Broken pipe
2026-06-29 06:32:24,288 [WARNING] Failed to replay event 29: [Errno 32] Broken pipe
2026-06-29 06:32:24,288 [WARNING] Failed to replay event 30: [Errno 32] Broken pipe
2026-06-29 06:32:24,288 [WARNING] Failed to replay event 31: [Errno 32] Broken pipe
2026-06-29 06:32:24,288 [WARNING] Failed to replay event 32: [Errno 32] Broken pipe
2026-06-29 06:32:24,288 [WARNING] Failed to replay event 33: [Errno 32] Broken pipe
2026-06-29 06:32:24,288 [WARNING] Failed to replay event 34: [Errno 32] Broken pipe
2026-06-29 06:32:24,288 [WARNING] Failed to replay event 35: [Errno 32] Broken pipe
2026-06-29 06:32:24,288 [WARNING] Failed to replay event 36: [Errno 32] Broken pipe
2026-06-29 06:32:24,288 [INFO] handle_client: Entering receive loop
2026-06-29 06:32:24,288 [INFO] handle_client: Received empty data, client closed connection
2026-06-29 06:32:24,288 [INFO] Control Client disconnected
2026-06-29 06:32:24,440 [DEBUG] Received 10 bytes from BTS
2026-06-29 06:32:24,440 [DEBUG] Decoded IPA frame: proto=0x00, payload_len=7, consumed=10, payload_hex: 0c1201900fffff
2026-06-29 06:32:24,440 [DEBUG] RSL message: 0c1201900fffff
2026-06-29 06:32:24,440 [DEBUG] RSL discriminator: 0x0c, message type: 0x12, payload: 0c1201900fffff
2026-06-29 06:32:24,440 [DEBUG] Incomplete frame, buffer size: 0, buffer_hex: 
2026-06-29 06:32:24,565 [INFO] Control Client connected from ('10.42.0.1', 55124)
2026-06-29 06:32:24,565 [INFO] handle_client: Starting, client socket: 7
2026-06-29 06:32:24,565 [INFO] handle_client: WELCOME sent
2026-06-29 06:32:24,582 [DEBUG] Received 10 bytes from BTS
2026-06-29 06:32:24,582 [DEBUG] Decoded IPA frame: proto=0x00, payload_len=7, consumed=10, payload_hex: 0c1201900fffff
2026-06-29 06:32:24,582 [DEBUG] RSL message: 0c1201900fffff
2026-06-29 06:32:24,582 [DEBUG] RSL discriminator: 0x0c, message type: 0x12, payload: 0c1201900fffff
2026-06-29 06:32:24,582 [DEBUG] Incomplete frame, buffer size: 0, buffer_hex: 
2026-06-29 06:32:24,616 [INFO] Replaying 36 buffered event(s)
2026-06-29 06:32:24,616 [WARNING] Failed to replay event 1: [Errno 32] Broken pipe
2026-06-29 06:32:24,616 [WARNING] Failed to replay event 2: [Errno 32] Broken pipe
2026-06-29 06:32:24,616 [WARNING] Failed to replay event 3: [Errno 32] Broken pipe
2026-06-29 06:32:24,616 [WARNING] Failed to replay event 4: [Errno 32] Broken pipe
2026-06-29 06:32:24,616 [WARNING] Failed to replay event 5: [Errno 32] Broken pipe
2026-06-29 06:32:24,616 [WARNING] Failed to replay event 6: [Errno 32] Broken pipe
2026-06-29 06:32:24,616 [WARNING] Failed to replay event 7: [Errno 32] Broken pipe
2026-06-29 06:32:24,616 [WARNING] Failed to replay event 8: [Errno 32] Broken pipe
2026-06-29 06:32:24,616 [WARNING] Failed to replay event 9: [Errno 32] Broken pipe
2026-06-29 06:32:24,616 [WARNING] Failed to replay event 10: [Errno 32] Broken pipe
2026-06-29 06:32:24,616 [WARNING] Failed to replay event 11: [Errno 32] Broken pipe
2026-06-29 06:32:24,616 [WARNING] Failed to replay event 12: [Errno 32] Broken pipe
2026-06-29 06:32:24,616 [WARNING] Failed to replay event 13: [Errno 32] Broken pipe
2026-06-29 06:32:24,617 [WARNING] Failed to replay event 14: [Errno 32] Broken pipe
2026-06-29 06:32:24,617 [WARNING] Failed to replay event 15: [Errno 32] Broken pipe
2026-06-29 06:32:24,617 [WARNING] Failed to replay event 16: [Errno 32] Broken pipe
2026-06-29 06:32:24,617 [WARNING] Failed to replay event 17: [Errno 32] Broken pipe
2026-06-29 06:32:24,617 [WARNING] Failed to replay event 18: [Errno 32] Broken pipe
2026-06-29 06:32:24,617 [WARNING] Failed to replay event 19: [Errno 32] Broken pipe
2026-06-29 06:32:24,617 [WARNING] Failed to replay event 20: [Errno 32] Broken pipe
2026-06-29 06:32:24,617 [WARNING] Failed to replay event 21: [Errno 32] Broken pipe
2026-06-29 06:32:24,617 [WARNING] Failed to replay event 22: [Errno 32] Broken pipe
2026-06-29 06:32:24,617 [WARNING] Failed to replay event 23: [Errno 32] Broken pipe
2026-06-29 06:32:24,617 [WARNING] Failed to replay event 24: [Errno 32] Broken pipe
2026-06-29 06:32:24,617 [WARNING] Failed to replay event 25: [Errno 32] Broken pipe
2026-06-29 06:32:24,617 [WARNING] Failed to replay event 26: [Errno 32] Broken pipe
2026-06-29 06:32:24,617 [WARNING] Failed to replay event 27: [Errno 32] Broken pipe
2026-06-29 06:32:24,617 [WARNING] Failed to replay event 28: [Errno 32] Broken pipe
2026-06-29 06:32:24,617 [WARNING] Failed to replay event 29: [Errno 32] Broken pipe
2026-06-29 06:32:24,617 [WARNING] Failed to replay event 30: [Errno 32] Broken pipe
2026-06-29 06:32:24,617 [WARNING] Failed to replay event 31: [Errno 32] Broken pipe
2026-06-29 06:32:24,617 [WARNING] Failed to replay event 32: [Errno 32] Broken pipe
2026-06-29 06:32:24,617 [WARNING] Failed to replay event 33: [Errno 32] Broken pipe
2026-06-29 06:32:24,617 [WARNING] Failed to replay event 34: [Errno 32] Broken pipe
2026-06-29 06:32:24,617 [WARNING] Failed to replay event 35: [Errno 32] Broken pipe
2026-06-29 06:32:24,617 [WARNING] Failed to replay event 36: [Errno 32] Broken pipe
2026-06-29 06:32:24,617 [INFO] handle_client: Entering receive loop
2026-06-29 06:32:24,617 [INFO] handle_client: Received empty data, client closed connection
2026-06-29 06:32:24,617 [INFO] Control Client disconnected
2026-06-29 06:32:25,441 [DEBUG] Received 10 bytes from BTS
2026-06-29 06:32:25,441 [DEBUG] Decoded IPA frame: proto=0x00, payload_len=7, consumed=10, payload_hex: 0c1201900fffff
2026-06-29 06:32:25,441 [DEBUG] RSL message: 0c1201900fffff
2026-06-29 06:32:25,441 [DEBUG] RSL discriminator: 0x0c, message type: 0x12, payload: 0c1201900fffff
2026-06-29 06:32:25,441 [DEBUG] Incomplete frame, buffer size: 0, buffer_hex: 
2026-06-29 06:32:25,583 [DEBUG] Received 10 bytes from BTS
2026-06-29 06:32:25,583 [DEBUG] Decoded IPA frame: proto=0x00, payload_len=7, consumed=10, payload_hex: 0c1201900fffff
2026-06-29 06:32:25,583 [DEBUG] RSL message: 0c1201900fffff
2026-06-29 06:32:25,583 [DEBUG] RSL discriminator: 0x0c, message type: 0x12, payload: 0c1201900fffff
2026-06-29 06:32:25,583 [DEBUG] Incomplete frame, buffer size: 0, buffer_hex: 
2026-06-29 06:32:26,442 [DEBUG] Received 10 bytes from BTS
2026-06-29 06:32:26,442 [DEBUG] Decoded IPA frame: proto=0x00, payload_len=7, consumed=10, payload_hex: 0c1201900fffff
2026-06-29 06:32:26,442 [DEBUG] RSL message: 0c1201900fffff
2026-06-29 06:32:26,442 [DEBUG] RSL discriminator: 0x0c, message type: 0x12, payload: 0c1201900fffff
2026-06-29 06:32:26,442 [DEBUG] Incomplete frame, buffer size: 0, buffer_hex: 
2026-06-29 06:32:26,584 [DEBUG] Received 10 bytes from BTS
2026-06-29 06:32:26,584 [DEBUG] Decoded IPA frame: proto=0x00, payload_len=7, consumed=10, payload_hex: 0c1201900fffff
2026-06-29 06:32:26,584 [DEBUG] RSL message: 0c1201900fffff
2026-06-29 06:32:26,584 [DEBUG] RSL discriminator: 0x0c, message type: 0x12, payload: 0c1201900fffff
2026-06-29 06:32:26,584 [DEBUG] Incomplete frame, buffer size: 0, buffer_hex: 
2026-06-29 06:32:27,442 [DEBUG] Received 10 bytes from BTS
2026-06-29 06:32:27,442 [DEBUG] Decoded IPA frame: proto=0x00, payload_len=7, consumed=10, payload_hex: 0c1201900fffff
2026-06-29 06:32:27,442 [DEBUG] RSL message: 0c1201900fffff
2026-06-29 06:32:27,442 [DEBUG] RSL discriminator: 0x0c, message type: 0x12, payload: 0c1201900fffff
2026-06-29 06:32:27,442 [DEBUG] Incomplete frame, buffer size: 0, buffer_hex: 
2026-06-29 06:32:27,564 [INFO] Control Client connected from ('10.42.0.1', 55132)
2026-06-29 06:32:27,565 [INFO] handle_client: Starting, client socket: 11
2026-06-29 06:32:27,565 [INFO] handle_client: WELCOME sent
2026-06-29 06:32:27,585 [DEBUG] Received 10 bytes from BTS
2026-06-29 06:32:27,585 [DEBUG] Decoded IPA frame: proto=0x00, payload_len=7, consumed=10, payload_hex: 0c1201900fffff
2026-06-29 06:32:27,585 [DEBUG] RSL message: 0c1201900fffff
2026-06-29 06:32:27,585 [DEBUG] RSL discriminator: 0x0c, message type: 0x12, payload: 0c1201900fffff
2026-06-29 06:32:27,585 [DEBUG] Incomplete frame, buffer size: 0, buffer_hex: 
2026-06-29 06:32:27,615 [INFO] Replaying 36 buffered event(s)
2026-06-29 06:32:27,615 [WARNING] Failed to replay event 1: [Errno 32] Broken pipe
2026-06-29 06:32:27,615 [WARNING] Failed to replay event 2: [Errno 32] Broken pipe
2026-06-29 06:32:27,615 [WARNING] Failed to replay event 3: [Errno 32] Broken pipe
2026-06-29 06:32:27,615 [WARNING] Failed to replay event 4: [Errno 32] Broken pipe
2026-06-29 06:32:27,615 [WARNING] Failed to replay event 5: [Errno 32] Broken pipe
2026-06-29 06:32:27,615 [WARNING] Failed to replay event 6: [Errno 32] Broken pipe
2026-06-29 06:32:27,615 [WARNING] Failed to replay event 7: [Errno 32] Broken pipe
2026-06-29 06:32:27,615 [WARNING] Failed to replay event 8: [Errno 32] Broken pipe
2026-06-29 06:32:27,615 [WARNING] Failed to replay event 9: [Errno 32] Broken pipe
2026-06-29 06:32:27,615 [WARNING] Failed to replay event 10: [Errno 32] Broken pipe
2026-06-29 06:32:27,615 [WARNING] Failed to replay event 11: [Errno 32] Broken pipe
2026-06-29 06:32:27,615 [WARNING] Failed to replay event 12: [Errno 32] Broken pipe
2026-06-29 06:32:27,615 [WARNING] Failed to replay event 13: [Errno 32] Broken pipe
2026-06-29 06:32:27,615 [WARNING] Failed to replay event 14: [Errno 32] Broken pipe
2026-06-29 06:32:27,615 [WARNING] Failed to replay event 15: [Errno 32] Broken pipe
2026-06-29 06:32:27,615 [WARNING] Failed to replay event 16: [Errno 32] Broken pipe
2026-06-29 06:32:27,615 [WARNING] Failed to replay event 17: [Errno 32] Broken pipe
2026-06-29 06:32:27,615 [WARNING] Failed to replay event 18: [Errno 32] Broken pipe
2026-06-29 06:32:27,615 [WARNING] Failed to replay event 19: [Errno 32] Broken pipe
2026-06-29 06:32:27,615 [WARNING] Failed to replay event 20: [Errno 32] Broken pipe
2026-06-29 06:32:27,615 [WARNING] Failed to replay event 21: [Errno 32] Broken pipe
2026-06-29 06:32:27,615 [WARNING] Failed to replay event 22: [Errno 32] Broken pipe
2026-06-29 06:32:27,615 [WARNING] Failed to replay event 23: [Errno 32] Broken pipe
2026-06-29 06:32:27,615 [WARNING] Failed to replay event 24: [Errno 32] Broken pipe
2026-06-29 06:32:27,615 [WARNING] Failed to replay event 25: [Errno 32] Broken pipe
2026-06-29 06:32:27,615 [WARNING] Failed to replay event 26: [Errno 32] Broken pipe
2026-06-29 06:32:27,615 [WARNING] Failed to replay event 27: [Errno 32] Broken pipe
2026-06-29 06:32:27,615 [WARNING] Failed to replay event 28: [Errno 32] Broken pipe
2026-06-29 06:32:27,615 [WARNING] Failed to replay event 29: [Errno 32] Broken pipe
2026-06-29 06:32:27,616 [WARNING] Failed to replay event 30: [Errno 32] Broken pipe
2026-06-29 06:32:27,616 [WARNING] Failed to replay event 31: [Errno 32] Broken pipe
2026-06-29 06:32:27,616 [WARNING] Failed to replay event 32: [Errno 32] Broken pipe
2026-06-29 06:32:27,616 [WARNING] Failed to replay event 33: [Errno 32] Broken pipe
2026-06-29 06:32:27,616 [WARNING] Failed to replay event 34: [Errno 32] Broken pipe
2026-06-29 06:32:27,616 [WARNING] Failed to replay event 35: [Errno 32] Broken pipe
2026-06-29 06:32:27,616 [WARNING] Failed to replay event 36: [Errno 32] Broken pipe
2026-06-29 06:32:27,616 [INFO] handle_client: Entering receive loop
2026-06-29 06:32:27,616 [INFO] handle_client: Received empty data, client closed connection
2026-06-29 06:32:27,616 [INFO] Control Client disconnected
2026-06-29 06:32:28,443 [DEBUG] Received 10 bytes from BTS
2026-06-29 06:32:28,443 [DEBUG] Decoded IPA frame: proto=0x00, payload_len=7, consumed=10, payload_hex: 0c1201900fffff
2026-06-29 06:32:28,443 [DEBUG] RSL message: 0c1201900fffff
2026-06-29 06:32:28,443 [DEBUG] RSL discriminator: 0x0c, message type: 0x12, payload: 0c1201900fffff
2026-06-29 06:32:28,443 [DEBUG] Incomplete frame, buffer size: 0, buffer_hex: 
2026-06-29 06:32:28,586 [DEBUG] Received 10 bytes from BTS
2026-06-29 06:32:28,586 [DEBUG] Decoded IPA frame: proto=0x00, payload_len=7, consumed=10, payload_hex: 0c1201900fffff
2026-06-29 06:32:28,586 [DEBUG] RSL message: 0c1201900fffff
2026-06-29 06:32:28,586 [DEBUG] RSL discriminator: 0x0c, message type: 0x12, payload: 0c1201900fffff
2026-06-29 06:32:28,586 [DEBUG] Incomplete frame, buffer size: 0, buffer_hex: 
2026-06-29 06:32:29,443 [DEBUG] Received 10 bytes from BTS
2026-06-29 06:32:29,444 [DEBUG] Decoded IPA frame: proto=0x00, payload_len=7, consumed=10, payload_hex: 0c1201900fffff
2026-06-29 06:32:29,444 [DEBUG] RSL message: 0c1201900fffff
2026-06-29 06:32:29,444 [DEBUG] RSL discriminator: 0x0c, message type: 0x12, payload: 0c1201900fffff
2026-06-29 06:32:29,444 [DEBUG] Incomplete frame, buffer size: 0, buffer_hex: 
2026-06-29 06:32:29,586 [DEBUG] Received 10 bytes from BTS
2026-06-29 06:32:29,587 [DEBUG] Decoded IPA frame: proto=0x00, payload_len=7, consumed=10, payload_hex: 0c1201900fffff
2026-06-29 06:32:29,587 [DEBUG] RSL message: 0c1201900fffff
2026-06-29 06:32:29,587 [DEBUG] RSL discriminator: 0x0c, message type: 0x12, payload: 0c1201900fffff
2026-06-29 06:32:29,587 [DEBUG] Incomplete frame, buffer size: 0, buffer_hex: 
2026-06-29 06:32:30,444 [DEBUG] Received 10 bytes from BTS
2026-06-29 06:32:30,444 [DEBUG] Decoded IPA frame: proto=0x00, payload_len=7, consumed=10, payload_hex: 0c1201900fffff
2026-06-29 06:32:30,445 [DEBUG] RSL message: 0c1201900fffff
2026-06-29 06:32:30,445 [DEBUG] RSL discriminator: 0x0c, message type: 0x12, payload: 0c1201900fffff
2026-06-29 06:32:30,445 [DEBUG] Incomplete frame, buffer size: 0, buffer_hex: 
2026-06-29 06:32:30,565 [INFO] Control Client connected from ('10.42.0.1', 55144)
2026-06-29 06:32:30,565 [INFO] handle_client: Starting, client socket: 7
2026-06-29 06:32:30,565 [INFO] handle_client: WELCOME sent
2026-06-29 06:32:30,587 [DEBUG] Received 10 bytes from BTS
2026-06-29 06:32:30,587 [DEBUG] Decoded IPA frame: proto=0x00, payload_len=7, consumed=10, payload_hex: 0c1201900fffff
2026-06-29 06:32:30,587 [DEBUG] RSL message: 0c1201900fffff
2026-06-29 06:32:30,587 [DEBUG] RSL discriminator: 0x0c, message type: 0x12, payload: 0c1201900fffff
2026-06-29 06:32:30,587 [DEBUG] Incomplete frame, buffer size: 0, buffer_hex: 
2026-06-29 06:32:30,615 [INFO] Replaying 36 buffered event(s)
2026-06-29 06:32:30,616 [WARNING] Failed to replay event 1: [Errno 32] Broken pipe
2026-06-29 06:32:30,616 [WARNING] Failed to replay event 2: [Errno 32] Broken pipe
2026-06-29 06:32:30,616 [WARNING] Failed to replay event 3: [Errno 32] Broken pipe
2026-06-29 06:32:30,616 [WARNING] Failed to replay event 4: [Errno 32] Broken pipe
2026-06-29 06:32:30,616 [WARNING] Failed to replay event 5: [Errno 32] Broken pipe
2026-06-29 06:32:30,616 [WARNING] Failed to replay event 6: [Errno 32] Broken pipe
2026-06-29 06:32:30,616 [WARNING] Failed to replay event 7: [Errno 32] Broken pipe
2026-06-29 06:32:30,616 [WARNING] Failed to replay event 8: [Errno 32] Broken pipe
2026-06-29 06:32:30,616 [WARNING] Failed to replay event 9: [Errno 32] Broken pipe
2026-06-29 06:32:30,616 [WARNING] Failed to replay event 10: [Errno 32] Broken pipe
2026-06-29 06:32:30,616 [WARNING] Failed to replay event 11: [Errno 32] Broken pipe
2026-06-29 06:32:30,616 [WARNING] Failed to replay event 12: [Errno 32] Broken pipe
2026-06-29 06:32:30,616 [WARNING] Failed to replay event 13: [Errno 32] Broken pipe
2026-06-29 06:32:30,616 [WARNING] Failed to replay event 14: [Errno 32] Broken pipe
2026-06-29 06:32:30,616 [WARNING] Failed to replay event 15: [Errno 32] Broken pipe
2026-06-29 06:32:30,616 [WARNING] Failed to replay event 16: [Errno 32] Broken pipe
2026-06-29 06:32:30,616 [WARNING] Failed to replay event 17: [Errno 32] Broken pipe
2026-06-29 06:32:30,616 [WARNING] Failed to replay event 18: [Errno 32] Broken pipe
2026-06-29 06:32:30,617 [WARNING] Failed to replay event 19: [Errno 32] Broken pipe
2026-06-29 06:32:30,617 [WARNING] Failed to replay event 20: [Errno 32] Broken pipe
2026-06-29 06:32:30,617 [WARNING] Failed to replay event 21: [Errno 32] Broken pipe
2026-06-29 06:32:30,617 [WARNING] Failed to replay event 22: [Errno 32] Broken pipe
2026-06-29 06:32:30,617 [WARNING] Failed to replay event 23: [Errno 32] Broken pipe
2026-06-29 06:32:30,617 [WARNING] Failed to replay event 24: [Errno 32] Broken pipe
2026-06-29 06:32:30,617 [WARNING] Failed to replay event 25: [Errno 32] Broken pipe
2026-06-29 06:32:30,617 [WARNING] Failed to replay event 26: [Errno 32] Broken pipe
2026-06-29 06:32:30,617 [WARNING] Failed to replay event 27: [Errno 32] Broken pipe
2026-06-29 06:32:30,617 [WARNING] Failed to replay event 28: [Errno 32] Broken pipe
2026-06-29 06:32:30,617 [WARNING] Failed to replay event 29: [Errno 32] Broken pipe
2026-06-29 06:32:30,617 [WARNING] Failed to replay event 30: [Errno 32] Broken pipe
2026-06-29 06:32:30,617 [WARNING] Failed to replay event 31: [Errno 32] Broken pipe
2026-06-29 06:32:30,617 [WARNING] Failed to replay event 32: [Errno 32] Broken pipe
2026-06-29 06:32:30,617 [WARNING] Failed to replay event 33: [Errno 32] Broken pipe
2026-06-29 06:32:30,617 [WARNING] Failed to replay event 34: [Errno 32] Broken pipe
2026-06-29 06:32:30,617 [WARNING] Failed to replay event 35: [Errno 32] Broken pipe
2026-06-29 06:32:30,617 [WARNING] Failed to replay event 36: [Errno 32] Broken pipe
2026-06-29 06:32:30,617 [INFO] handle_client: Entering receive loop
2026-06-29 06:32:30,617 [INFO] handle_client: Received empty data, client closed connection
2026-06-29 06:32:30,617 [INFO] Control Client disconnected
2026-06-29 06:32:31,445 [DEBUG] Received 10 bytes from BTS
2026-06-29 06:32:31,445 [DEBUG] Decoded IPA frame: proto=0x00, payload_len=7, consumed=10, payload_hex: 0c1201900fffff
2026-06-29 06:32:31,445 [DEBUG] RSL message: 0c1201900fffff
2026-06-29 06:32:31,445 [DEBUG] RSL discriminator: 0x0c, message type: 0x12, payload: 0c1201900fffff
2026-06-29 06:32:31,445 [DEBUG] Incomplete frame, buffer size: 0, buffer_hex: 
2026-06-29 06:32:31,587 [DEBUG] Received 10 bytes from BTS
2026-06-29 06:32:31,587 [DEBUG] Decoded IPA frame: proto=0x00, payload_len=7, consumed=10, payload_hex: 0c1201900fffff
2026-06-29 06:32:31,587 [DEBUG] RSL message: 0c1201900fffff
2026-06-29 06:32:31,587 [DEBUG] RSL discriminator: 0x0c, message type: 0x12, payload: 0c1201900fffff
2026-06-29 06:32:31,587 [DEBUG] Incomplete frame, buffer size: 0, buffer_hex: 
2026-06-29 06:32:32,445 [DEBUG] Received 10 bytes from BTS
2026-06-29 06:32:32,445 [DEBUG] Decoded IPA frame: proto=0x00, payload_len=7, consumed=10, payload_hex: 0c1201900fffff
2026-06-29 06:32:32,445 [DEBUG] RSL message: 0c1201900fffff
2026-06-29 06:32:32,445 [DEBUG] RSL discriminator: 0x0c, message type: 0x12, payload: 0c1201900fffff
2026-06-29 06:32:32,445 [DEBUG] Incomplete frame, buffer size: 0, buffer_hex: 
2026-06-29 06:32:32,588 [DEBUG] Received 10 bytes from BTS
2026-06-29 06:32:32,588 [DEBUG] Decoded IPA frame: proto=0x00, payload_len=7, consumed=10, payload_hex: 0c1201900fffff
2026-06-29 06:32:32,588 [DEBUG] RSL message: 0c1201900fffff
2026-06-29 06:32:32,588 [DEBUG] RSL discriminator: 0x0c, message type: 0x12, payload: 0c1201900fffff
2026-06-29 06:32:32,588 [DEBUG] Incomplete frame, buffer size: 0, buffer_hex: 
2026-06-29 06:32:33,445 [DEBUG] Received 10 bytes from BTS
2026-06-29 06:32:33,445 [DEBUG] Decoded IPA frame: proto=0x00, payload_len=7, consumed=10, payload_hex: 0c1201900fffff
2026-06-29 06:32:33,445 [DEBUG] RSL message: 0c1201900fffff
2026-06-29 06:32:33,445 [DEBUG] RSL discriminator: 0x0c, message type: 0x12, payload: 0c1201900fffff
2026-06-29 06:32:33,445 [DEBUG] Incomplete frame, buffer size: 0, buffer_hex: 
2026-06-29 06:32:33,564 [INFO] Control Client connected from ('10.42.0.1', 47766)
2026-06-29 06:32:33,565 [INFO] handle_client: Starting, client socket: 11
2026-06-29 06:32:33,565 [INFO] handle_client: WELCOME sent
2026-06-29 06:32:33,589 [DEBUG] Received 10 bytes from BTS
2026-06-29 06:32:33,589 [DEBUG] Decoded IPA frame: proto=0x00, payload_len=7, consumed=10, payload_hex: 0c1201900fffff
2026-06-29 06:32:33,589 [DEBUG] RSL message: 0c1201900fffff
2026-06-29 06:32:33,589 [DEBUG] RSL discriminator: 0x0c, message type: 0x12, payload: 0c1201900fffff
2026-06-29 06:32:33,589 [DEBUG] Incomplete frame, buffer size: 0, buffer_hex: 
2026-06-29 06:32:33,615 [INFO] Replaying 36 buffered event(s)
2026-06-29 06:32:33,615 [WARNING] Failed to replay event 1: [Errno 32] Broken pipe
2026-06-29 06:32:33,615 [WARNING] Failed to replay event 2: [Errno 32] Broken pipe
2026-06-29 06:32:33,615 [WARNING] Failed to replay event 3: [Errno 32] Broken pipe
2026-06-29 06:32:33,615 [WARNING] Failed to replay event 4: [Errno 32] Broken pipe
2026-06-29 06:32:33,615 [WARNING] Failed to replay event 5: [Errno 32] Broken pipe
2026-06-29 06:32:33,615 [WARNING] Failed to replay event 6: [Errno 32] Broken pipe
2026-06-29 06:32:33,616 [WARNING] Failed to replay event 7: [Errno 32] Broken pipe
2026-06-29 06:32:33,616 [WARNING] Failed to replay event 8: [Errno 32] Broken pipe
2026-06-29 06:32:33,616 [WARNING] Failed to replay event 9: [Errno 32] Broken pipe
2026-06-29 06:32:33,616 [WARNING] Failed to replay event 10: [Errno 32] Broken pipe
2026-06-29 06:32:33,616 [WARNING] Failed to replay event 11: [Errno 32] Broken pipe
2026-06-29 06:32:33,616 [WARNING] Failed to replay event 12: [Errno 32] Broken pipe
2026-06-29 06:32:33,616 [WARNING] Failed to replay event 13: [Errno 32] Broken pipe
2026-06-29 06:32:33,616 [WARNING] Failed to replay event 14: [Errno 32] Broken pipe
2026-06-29 06:32:33,616 [WARNING] Failed to replay event 15: [Errno 32] Broken pipe
2026-06-29 06:32:33,616 [WARNING] Failed to replay event 16: [Errno 32] Broken pipe
2026-06-29 06:32:33,616 [WARNING] Failed to replay event 17: [Errno 32] Broken pipe
2026-06-29 06:32:33,616 [WARNING] Failed to replay event 18: [Errno 32] Broken pipe
2026-06-29 06:32:33,616 [WARNING] Failed to replay event 19: [Errno 32] Broken pipe
2026-06-29 06:32:33,616 [WARNING] Failed to replay event 20: [Errno 32] Broken pipe
2026-06-29 06:32:33,616 [WARNING] Failed to replay event 21: [Errno 32] Broken pipe
2026-06-29 06:32:33,616 [WARNING] Failed to replay event 22: [Errno 32] Broken pipe
2026-06-29 06:32:33,616 [WARNING] Failed to replay event 23: [Errno 32] Broken pipe
2026-06-29 06:32:33,616 [WARNING] Failed to replay event 24: [Errno 32] Broken pipe
2026-06-29 06:32:33,616 [WARNING] Failed to replay event 25: [Errno 32] Broken pipe
2026-06-29 06:32:33,616 [WARNING] Failed to replay event 26: [Errno 32] Broken pipe
2026-06-29 06:32:33,616 [WARNING] Failed to replay event 27: [Errno 32] Broken pipe
2026-06-29 06:32:33,616 [WARNING] Failed to replay event 28: [Errno 32] Broken pipe
2026-06-29 06:32:33,616 [WARNING] Failed to replay event 29: [Errno 32] Broken pipe
2026-06-29 06:32:33,616 [WARNING] Failed to replay event 30: [Errno 32] Broken pipe
2026-06-29 06:32:33,616 [WARNING] Failed to replay event 31: [Errno 32] Broken pipe
2026-06-29 06:32:33,616 [WARNING] Failed to replay event 32: [Errno 32] Broken pipe
2026-06-29 06:32:33,616 [WARNING] Failed to replay event 33: [Errno 32] Broken pipe
2026-06-29 06:32:33,616 [WARNING] Failed to replay event 34: [Errno 32] Broken pipe
2026-06-29 06:32:33,616 [WARNING] Failed to replay event 35: [Errno 32] Broken pipe
2026-06-29 06:32:33,616 [WARNING] Failed to replay event 36: [Errno 32] Broken pipe
2026-06-29 06:32:33,616 [INFO] handle_client: Entering receive loop
2026-06-29 06:32:33,616 [INFO] handle_client: Received empty data, client closed connection
2026-06-29 06:32:33,616 [INFO] Control Client disconnected
2026-06-29 06:32:34,240 [INFO] Control Client connected from ('10.42.0.1', 47772)
2026-06-29 06:32:34,240 [INFO] handle_client: Starting, client socket: 7
2026-06-29 06:32:34,240 [INFO] handle_client: WELCOME sent
2026-06-29 06:32:34,291 [INFO] Replaying 36 buffered event(s)
2026-06-29 06:32:34,291 [WARNING] Failed to replay event 1: [Errno 32] Broken pipe
2026-06-29 06:32:34,291 [WARNING] Failed to replay event 2: [Errno 32] Broken pipe
2026-06-29 06:32:34,291 [WARNING] Failed to replay event 3: [Errno 32] Broken pipe
2026-06-29 06:32:34,291 [WARNING] Failed to replay event 4: [Errno 32] Broken pipe
2026-06-29 06:32:34,291 [WARNING] Failed to replay event 5: [Errno 32] Broken pipe
2026-06-29 06:32:34,291 [WARNING] Failed to replay event 6: [Errno 32] Broken pipe
2026-06-29 06:32:34,291 [WARNING] Failed to replay event 7: [Errno 32] Broken pipe
2026-06-29 06:32:34,291 [WARNING] Failed to replay event 8: [Errno 32] Broken pipe
2026-06-29 06:32:34,291 [WARNING] Failed to replay event 9: [Errno 32] Broken pipe
2026-06-29 06:32:34,291 [WARNING] Failed to replay event 10: [Errno 32] Broken pipe
2026-06-29 06:32:34,291 [WARNING] Failed to replay event 11: [Errno 32] Broken pipe
2026-06-29 06:32:34,291 [WARNING] Failed to replay event 12: [Errno 32] Broken pipe
2026-06-29 06:32:34,291 [WARNING] Failed to replay event 13: [Errno 32] Broken pipe
2026-06-29 06:32:34,291 [WARNING] Failed to replay event 14: [Errno 32] Broken pipe
2026-06-29 06:32:34,291 [WARNING] Failed to replay event 15: [Errno 32] Broken pipe
2026-06-29 06:32:34,291 [WARNING] Failed to replay event 16: [Errno 32] Broken pipe
2026-06-29 06:32:34,291 [WARNING] Failed to replay event 17: [Errno 32] Broken pipe
2026-06-29 06:32:34,291 [WARNING] Failed to replay event 18: [Errno 32] Broken pipe
2026-06-29 06:32:34,291 [WARNING] Failed to replay event 19: [Errno 32] Broken pipe
2026-06-29 06:32:34,291 [WARNING] Failed to replay event 20: [Errno 32] Broken pipe
2026-06-29 06:32:34,291 [WARNING] Failed to replay event 21: [Errno 32] Broken pipe
2026-06-29 06:32:34,291 [WARNING] Failed to replay event 22: [Errno 32] Broken pipe
2026-06-29 06:32:34,291 [WARNING] Failed to replay event 23: [Errno 32] Broken pipe
2026-06-29 06:32:34,291 [WARNING] Failed to replay event 24: [Errno 32] Broken pipe
2026-06-29 06:32:34,291 [WARNING] Failed to replay event 25: [Errno 32] Broken pipe
2026-06-29 06:32:34,291 [WARNING] Failed to replay event 26: [Errno 32] Broken pipe
2026-06-29 06:32:34,291 [WARNING] Failed to replay event 27: [Errno 32] Broken pipe
2026-06-29 06:32:34,291 [WARNING] Failed to replay event 28: [Errno 32] Broken pipe
2026-06-29 06:32:34,291 [WARNING] Failed to replay event 29: [Errno 32] Broken pipe
2026-06-29 06:32:34,291 [WARNING] Failed to replay event 30: [Errno 32] Broken pipe
2026-06-29 06:32:34,291 [WARNING] Failed to replay event 31: [Errno 32] Broken pipe
2026-06-29 06:32:34,291 [WARNING] Failed to replay event 32: [Errno 32] Broken pipe
2026-06-29 06:32:34,291 [WARNING] Failed to replay event 33: [Errno 32] Broken pipe
2026-06-29 06:32:34,291 [WARNING] Failed to replay event 34: [Errno 32] Broken pipe
2026-06-29 06:32:34,291 [WARNING] Failed to replay event 35: [Errno 32] Broken pipe
2026-06-29 06:32:34,291 [WARNING] Failed to replay event 36: [Errno 32] Broken pipe
2026-06-29 06:32:34,291 [INFO] handle_client: Entering receive loop
2026-06-29 06:32:34,291 [INFO] handle_client: Received empty data, client closed connection
2026-06-29 06:32:34,291 [INFO] Control Client disconnected
2026-06-29 06:32:34,446 [DEBUG] Received 10 bytes from BTS
2026-06-29 06:32:34,446 [DEBUG] Decoded IPA frame: proto=0x00, payload_len=7, consumed=10, payload_hex: 0c1201900fffff
2026-06-29 06:32:34,446 [DEBUG] RSL message: 0c1201900fffff
2026-06-29 06:32:34,446 [DEBUG] RSL discriminator: 0x0c, message type: 0x12, payload: 0c1201900fffff
2026-06-29 06:32:34,446 [DEBUG] Incomplete frame, buffer size: 0, buffer_hex: 
2026-06-29 06:32:34,590 [DEBUG] Received 10 bytes from BTS
2026-06-29 06:32:34,590 [DEBUG] Decoded IPA frame: proto=0x00, payload_len=7, consumed=10, payload_hex: 0c1201900fffff
2026-06-29 06:32:34,590 [DEBUG] RSL message: 0c1201900fffff
2026-06-29 06:32:34,590 [DEBUG] RSL discriminator: 0x0c, message type: 0x12, payload: 0c1201900fffff
2026-06-29 06:32:34,590 [DEBUG] Incomplete frame, buffer size: 0, buffer_hex: 
2026-06-29 06:32:35,447 [DEBUG] Received 10 bytes from BTS
2026-06-29 06:32:35,447 [DEBUG] Decoded IPA frame: proto=0x00, payload_len=7, consumed=10, payload_hex: 0c1201900fffff
2026-06-29 06:32:35,447 [DEBUG] RSL message: 0c1201900fffff
2026-06-29 06:32:35,447 [DEBUG] RSL discriminator: 0x0c, message type: 0x12, payload: 0c1201900fffff
2026-06-29 06:32:35,447 [DEBUG] Incomplete frame, buffer size: 0, buffer_hex: 
2026-06-29 06:32:35,590 [DEBUG] Received 10 bytes from BTS
2026-06-29 06:32:35,591 [DEBUG] Decoded IPA frame: proto=0x00, payload_len=7, consumed=10, payload_hex: 0c1201900fffff
2026-06-29 06:32:35,591 [DEBUG] RSL message: 0c1201900fffff
2026-06-29 06:32:35,591 [DEBUG] RSL discriminator: 0x0c, message type: 0x12, payload: 0c1201900fffff
2026-06-29 06:32:35,591 [DEBUG] Incomplete frame, buffer size: 0, buffer_hex: 
2026-06-29 06:32:36,447 [DEBUG] Received 10 bytes from BTS
2026-06-29 06:32:36,448 [DEBUG] Decoded IPA frame: proto=0x00, payload_len=7, consumed=10, payload_hex: 0c1201900fffff
2026-06-29 06:32:36,448 [DEBUG] RSL message: 0c1201900fffff
2026-06-29 06:32:36,448 [DEBUG] RSL discriminator: 0x0c, message type: 0x12, payload: 0c1201900fffff
2026-06-29 06:32:36,448 [DEBUG] Incomplete frame, buffer size: 0, buffer_hex: 
2026-06-29 06:32:36,565 [INFO] Control Client connected from ('10.42.0.1', 47786)
2026-06-29 06:32:36,565 [INFO] handle_client: Starting, client socket: 11
2026-06-29 06:32:36,568 [INFO] handle_client: WELCOME sent
2026-06-29 06:32:36,591 [DEBUG] Received 10 bytes from BTS
2026-06-29 06:32:36,591 [DEBUG] Decoded IPA frame: proto=0x00, payload_len=7, consumed=10, payload_hex: 0c1201900fffff
2026-06-29 06:32:36,591 [DEBUG] RSL message: 0c1201900fffff
2026-06-29 06:32:36,591 [DEBUG] RSL discriminator: 0x0c, message type: 0x12, payload: 0c1201900fffff
2026-06-29 06:32:36,591 [DEBUG] Incomplete frame, buffer size: 0, buffer_hex: 
2026-06-29 06:32:36,618 [INFO] Replaying 36 buffered event(s)
2026-06-29 06:32:36,618 [WARNING] Failed to replay event 1: [Errno 32] Broken pipe
2026-06-29 06:32:36,618 [WARNING] Failed to replay event 2: [Errno 32] Broken pipe
2026-06-29 06:32:36,618 [WARNING] Failed to replay event 3: [Errno 32] Broken pipe
2026-06-29 06:32:36,618 [WARNING] Failed to replay event 4: [Errno 32] Broken pipe
2026-06-29 06:32:36,618 [WARNING] Failed to replay event 5: [Errno 32] Broken pipe
2026-06-29 06:32:36,618 [WARNING] Failed to replay event 6: [Errno 32] Broken pipe
2026-06-29 06:32:36,618 [WARNING] Failed to replay event 7: [Errno 32] Broken pipe
2026-06-29 06:32:36,618 [WARNING] Failed to replay event 8: [Errno 32] Broken pipe
2026-06-29 06:32:36,618 [WARNING] Failed to replay event 9: [Errno 32] Broken pipe
2026-06-29 06:32:36,618 [WARNING] Failed to replay event 10: [Errno 32] Broken pipe
2026-06-29 06:32:36,618 [WARNING] Failed to replay event 11: [Errno 32] Broken pipe
2026-06-29 06:32:36,618 [WARNING] Failed to replay event 12: [Errno 32] Broken pipe
2026-06-29 06:32:36,618 [WARNING] Failed to replay event 13: [Errno 32] Broken pipe
2026-06-29 06:32:36,618 [WARNING] Failed to replay event 14: [Errno 32] Broken pipe
2026-06-29 06:32:36,618 [WARNING] Failed to replay event 15: [Errno 32] Broken pipe
2026-06-29 06:32:36,618 [WARNING] Failed to replay event 16: [Errno 32] Broken pipe
2026-06-29 06:32:36,618 [WARNING] Failed to replay event 17: [Errno 32] Broken pipe
2026-06-29 06:32:36,618 [WARNING] Failed to replay event 18: [Errno 32] Broken pipe
2026-06-29 06:32:36,618 [WARNING] Failed to replay event 19: [Errno 32] Broken pipe
2026-06-29 06:32:36,618 [WARNING] Failed to replay event 20: [Errno 32] Broken pipe
2026-06-29 06:32:36,618 [WARNING] Failed to replay event 21: [Errno 32] Broken pipe
2026-06-29 06:32:36,618 [WARNING] Failed to replay event 22: [Errno 32] Broken pipe
2026-06-29 06:32:36,618 [WARNING] Failed to replay event 23: [Errno 32] Broken pipe
2026-06-29 06:32:36,618 [WARNING] Failed to replay event 24: [Errno 32] Broken pipe
2026-06-29 06:32:36,618 [WARNING] Failed to replay event 25: [Errno 32] Broken pipe
2026-06-29 06:32:36,618 [WARNING] Failed to replay event 26: [Errno 32] Broken pipe
2026-06-29 06:32:36,618 [WARNING] Failed to replay event 27: [Errno 32] Broken pipe
2026-06-29 06:32:36,618 [WARNING] Failed to replay event 28: [Errno 32] Broken pipe
2026-06-29 06:32:36,619 [WARNING] Failed to replay event 29: [Errno 32] Broken pipe
2026-06-29 06:32:36,619 [WARNING] Failed to replay event 30: [Errno 32] Broken pipe
2026-06-29 06:32:36,619 [WARNING] Failed to replay event 31: [Errno 32] Broken pipe
2026-06-29 06:32:36,619 [WARNING] Failed to replay event 32: [Errno 32] Broken pipe
2026-06-29 06:32:36,619 [WARNING] Failed to replay event 33: [Errno 32] Broken pipe
2026-06-29 06:32:36,619 [WARNING] Failed to replay event 34: [Errno 32] Broken pipe
2026-06-29 06:32:36,619 [WARNING] Failed to replay event 35: [Errno 32] Broken pipe
2026-06-29 06:32:36,619 [WARNING] Failed to replay event 36: [Errno 32] Broken pipe
2026-06-29 06:32:36,619 [INFO] handle_client: Entering receive loop
2026-06-29 06:32:36,619 [INFO] handle_client: Received empty data, client closed connection
2026-06-29 06:32:36,619 [INFO] Control Client disconnected
2026-06-29 06:32:37,448 [DEBUG] Received 10 bytes from BTS
2026-06-29 06:32:37,449 [DEBUG] Decoded IPA frame: proto=0x00, payload_len=7, consumed=10, payload_hex: 0c1201900fffff
2026-06-29 06:32:37,449 [DEBUG] RSL message: 0c1201900fffff
2026-06-29 06:32:37,449 [DEBUG] RSL discriminator: 0x0c, message type: 0x12, payload: 0c1201900fffff
2026-06-29 06:32:37,449 [DEBUG] Incomplete frame, buffer size: 0, buffer_hex: 
2026-06-29 06:32:37,591 [DEBUG] Received 10 bytes from BTS
2026-06-29 06:32:37,591 [DEBUG] Decoded IPA frame: proto=0x00, payload_len=7, consumed=10, payload_hex: 0c1201900fffff
2026-06-29 06:32:37,591 [DEBUG] RSL message: 0c1201900fffff
2026-06-29 06:32:37,591 [DEBUG] RSL discriminator: 0x0c, message type: 0x12, payload: 0c1201900fffff
2026-06-29 06:32:37,591 [DEBUG] Incomplete frame, buffer size: 0, buffer_hex: 
2026-06-29 06:32:38,449 [DEBUG] Received 10 bytes from BTS
2026-06-29 06:32:38,449 [DEBUG] Decoded IPA frame: proto=0x00, payload_len=7, consumed=10, payload_hex: 0c1201900fffff
2026-06-29 06:32:38,449 [DEBUG] RSL message: 0c1201900fffff
2026-06-29 06:32:38,449 [DEBUG] RSL discriminator: 0x0c, message type: 0x12, payload: 0c1201900fffff
2026-06-29 06:32:38,449 [DEBUG] Incomplete frame, buffer size: 0, buffer_hex: 
2026-06-29 06:32:38,592 [DEBUG] Received 10 bytes from BTS
2026-06-29 06:32:38,592 [DEBUG] Decoded IPA frame: proto=0x00, payload_len=7, consumed=10, payload_hex: 0c1201900fffff
2026-06-29 06:32:38,592 [DEBUG] RSL message: 0c1201900fffff
2026-06-29 06:32:38,592 [DEBUG] RSL discriminator: 0x0c, message type: 0x12, payload: 0c1201900fffff
2026-06-29 06:32:38,592 [DEBUG] Incomplete frame, buffer size: 0, buffer_hex: 
2026-06-29 06:32:39,450 [DEBUG] Received 10 bytes from BTS
2026-06-29 06:32:39,450 [DEBUG] Decoded IPA frame: proto=0x00, payload_len=7, consumed=10, payload_hex: 0c1201900fffff
2026-06-29 06:32:39,450 [DEBUG] RSL message: 0c1201900fffff
2026-06-29 06:32:39,450 [DEBUG] RSL discriminator: 0x0c, message type: 0x12, payload: 0c1201900fffff
2026-06-29 06:32:39,450 [DEBUG] Incomplete frame, buffer size: 0, buffer_hex: 
2026-06-29 06:32:39,564 [INFO] Control Client connected from ('10.42.0.1', 47792)
2026-06-29 06:32:39,565 [INFO] handle_client: Starting, client socket: 7
2026-06-29 06:32:39,565 [INFO] handle_client: WELCOME sent
2026-06-29 06:32:39,593 [DEBUG] Received 10 bytes from BTS
2026-06-29 06:32:39,593 [DEBUG] Decoded IPA frame: proto=0x00, payload_len=7, consumed=10, payload_hex: 0c1201900fffff
2026-06-29 06:32:39,593 [DEBUG] RSL message: 0c1201900fffff
2026-06-29 06:32:39,593 [DEBUG] RSL discriminator: 0x0c, message type: 0x12, payload: 0c1201900fffff
2026-06-29 06:32:39,593 [DEBUG] Incomplete frame, buffer size: 0, buffer_hex: 
2026-06-29 06:32:39,615 [INFO] Replaying 36 buffered event(s)
2026-06-29 06:32:39,615 [WARNING] Failed to replay event 1: [Errno 32] Broken pipe
2026-06-29 06:32:39,615 [WARNING] Failed to replay event 2: [Errno 32] Broken pipe
2026-06-29 06:32:39,615 [WARNING] Failed to replay event 3: [Errno 32] Broken pipe
2026-06-29 06:32:39,615 [WARNING] Failed to replay event 4: [Errno 32] Broken pipe
2026-06-29 06:32:39,615 [WARNING] Failed to replay event 5: [Errno 32] Broken pipe
2026-06-29 06:32:39,615 [WARNING] Failed to replay event 6: [Errno 32] Broken pipe
2026-06-29 06:32:39,615 [WARNING] Failed to replay event 7: [Errno 32] Broken pipe
2026-06-29 06:32:39,615 [WARNING] Failed to replay event 8: [Errno 32] Broken pipe
2026-06-29 06:32:39,615 [WARNING] Failed to replay event 9: [Errno 32] Broken pipe
2026-06-29 06:32:39,615 [WARNING] Failed to replay event 10: [Errno 32] Broken pipe
2026-06-29 06:32:39,615 [WARNING] Failed to replay event 11: [Errno 32] Broken pipe
2026-06-29 06:32:39,615 [WARNING] Failed to replay event 12: [Errno 32] Broken pipe
2026-06-29 06:32:39,615 [WARNING] Failed to replay event 13: [Errno 32] Broken pipe
2026-06-29 06:32:39,615 [WARNING] Failed to replay event 14: [Errno 32] Broken pipe
2026-06-29 06:32:39,616 [WARNING] Failed to replay event 15: [Errno 32] Broken pipe
2026-06-29 06:32:39,616 [WARNING] Failed to replay event 16: [Errno 32] Broken pipe
2026-06-29 06:32:39,616 [WARNING] Failed to replay event 17: [Errno 32] Broken pipe
2026-06-29 06:32:39,616 [WARNING] Failed to replay event 18: [Errno 32] Broken pipe
2026-06-29 06:32:39,616 [WARNING] Failed to replay event 19: [Errno 32] Broken pipe
2026-06-29 06:32:39,616 [WARNING] Failed to replay event 20: [Errno 32] Broken pipe
2026-06-29 06:32:39,616 [WARNING] Failed to replay event 21: [Errno 32] Broken pipe
2026-06-29 06:32:39,616 [WARNING] Failed to replay event 22: [Errno 32] Broken pipe
2026-06-29 06:32:39,616 [WARNING] Failed to replay event 23: [Errno 32] Broken pipe
2026-06-29 06:32:39,616 [WARNING] Failed to replay event 24: [Errno 32] Broken pipe
2026-06-29 06:32:39,616 [WARNING] Failed to replay event 25: [Errno 32] Broken pipe
2026-06-29 06:32:39,616 [WARNING] Failed to replay event 26: [Errno 32] Broken pipe
2026-06-29 06:32:39,616 [WARNING] Failed to replay event 27: [Errno 32] Broken pipe
2026-06-29 06:32:39,616 [WARNING] Failed to replay event 28: [Errno 32] Broken pipe
2026-06-29 06:32:39,616 [WARNING] Failed to replay event 29: [Errno 32] Broken pipe
2026-06-29 06:32:39,616 [WARNING] Failed to replay event 30: [Errno 32] Broken pipe
2026-06-29 06:32:39,616 [WARNING] Failed to replay event 31: [Errno 32] Broken pipe
2026-06-29 06:32:39,616 [WARNING] Failed to replay event 32: [Errno 32] Broken pipe
2026-06-29 06:32:39,616 [WARNING] Failed to replay event 33: [Errno 32] Broken pipe
2026-06-29 06:32:39,616 [WARNING] Failed to replay event 34: [Errno 32] Broken pipe
2026-06-29 06:32:39,616 [WARNING] Failed to replay event 35: [Errno 32] Broken pipe
2026-06-29 06:32:39,616 [WARNING] Failed to replay event 36: [Errno 32] Broken pipe
2026-06-29 06:32:39,616 [INFO] handle_client: Entering receive loop
2026-06-29 06:32:39,616 [INFO] handle_client: Received empty data, client closed connection
2026-06-29 06:32:39,616 [INFO] Control Client disconnected
2026-06-29 06:32:40,450 [DEBUG] Received 10 bytes from BTS
2026-06-29 06:32:40,451 [DEBUG] Decoded IPA frame: proto=0x00, payload_len=7, consumed=10, payload_hex: 0c1201900fffff
2026-06-29 06:32:40,451 [DEBUG] RSL message: 0c1201900fffff
2026-06-29 06:32:40,451 [DEBUG] RSL discriminator: 0x0c, message type: 0x12, payload: 0c1201900fffff
2026-06-29 06:32:40,451 [DEBUG] Incomplete frame, buffer size: 0, buffer_hex: 
2026-06-29 06:32:40,593 [DEBUG] Received 10 bytes from BTS
2026-06-29 06:32:40,593 [DEBUG] Decoded IPA frame: proto=0x00, payload_len=7, consumed=10, payload_hex: 0c1201900fffff
2026-06-29 06:32:40,593 [DEBUG] RSL message: 0c1201900fffff
2026-06-29 06:32:40,593 [DEBUG] RSL discriminator: 0x0c, message type: 0x12, payload: 0c1201900fffff
2026-06-29 06:32:40,593 [DEBUG] Incomplete frame, buffer size: 0, buffer_hex: 
2026-06-29 06:32:41,451 [DEBUG] Received 10 bytes from BTS
2026-06-29 06:32:41,451 [DEBUG] Decoded IPA frame: proto=0x00, payload_len=7, consumed=10, payload_hex: 0c1201900fffff
2026-06-29 06:32:41,451 [DEBUG] RSL message: 0c1201900fffff
2026-06-29 06:32:41,451 [DEBUG] RSL discriminator: 0x0c, message type: 0x12, payload: 0c1201900fffff
2026-06-29 06:32:41,451 [DEBUG] Incomplete frame, buffer size: 0, buffer_hex: 
2026-06-29 06:32:41,593 [DEBUG] Received 10 bytes from BTS
2026-06-29 06:32:41,594 [DEBUG] Decoded IPA frame: proto=0x00, payload_len=7, consumed=10, payload_hex: 0c1201900fffff
2026-06-29 06:32:41,594 [DEBUG] RSL message: 0c1201900fffff
2026-06-29 06:32:41,594 [DEBUG] RSL discriminator: 0x0c, message type: 0x12, payload: 0c1201900fffff
2026-06-29 06:32:41,594 [DEBUG] Incomplete frame, buffer size: 0, buffer_hex: 
2026-06-29 06:32:42,452 [DEBUG] Received 10 bytes from BTS
2026-06-29 06:32:42,453 [DEBUG] Decoded IPA frame: proto=0x00, payload_len=7, consumed=10, payload_hex: 0c1201900fffff
2026-06-29 06:32:42,453 [DEBUG] RSL message: 0c1201900fffff
2026-06-29 06:32:42,453 [DEBUG] RSL discriminator: 0x0c, message type: 0x12, payload: 0c1201900fffff
2026-06-29 06:32:42,453 [DEBUG] Incomplete frame, buffer size: 0, buffer_hex: 
2026-06-29 06:32:42,565 [INFO] Control Client connected from ('10.42.0.1', 49120)
2026-06-29 06:32:42,565 [INFO] handle_client: Starting, client socket: 11
2026-06-29 06:32:42,566 [INFO] handle_client: WELCOME sent
2026-06-29 06:32:42,594 [DEBUG] Received 10 bytes from BTS
2026-06-29 06:32:42,594 [DEBUG] Decoded IPA frame: proto=0x00, payload_len=7, consumed=10, payload_hex: 0c1201900fffff
2026-06-29 06:32:42,595 [DEBUG] RSL message: 0c1201900fffff
2026-06-29 06:32:42,595 [DEBUG] RSL discriminator: 0x0c, message type: 0x12, payload: 0c1201900fffff
2026-06-29 06:32:42,595 [DEBUG] Incomplete frame, buffer size: 0, buffer_hex: 
2026-06-29 06:32:42,616 [INFO] Replaying 36 buffered event(s)
2026-06-29 06:32:42,616 [WARNING] Failed to replay event 1: [Errno 32] Broken pipe
2026-06-29 06:32:42,616 [WARNING] Failed to replay event 2: [Errno 32] Broken pipe
2026-06-29 06:32:42,616 [WARNING] Failed to replay event 3: [Errno 32] Broken pipe
2026-06-29 06:32:42,616 [WARNING] Failed to replay event 4: [Errno 32] Broken pipe
2026-06-29 06:32:42,616 [WARNING] Failed to replay event 5: [Errno 32] Broken pipe
2026-06-29 06:32:42,616 [WARNING] Failed to replay event 6: [Errno 32] Broken pipe
2026-06-29 06:32:42,616 [WARNING] Failed to replay event 7: [Errno 32] Broken pipe
2026-06-29 06:32:42,616 [WARNING] Failed to replay event 8: [Errno 32] Broken pipe
2026-06-29 06:32:42,616 [WARNING] Failed to replay event 9: [Errno 32] Broken pipe
2026-06-29 06:32:42,616 [WARNING] Failed to replay event 10: [Errno 32] Broken pipe
2026-06-29 06:32:42,616 [WARNING] Failed to replay event 11: [Errno 32] Broken pipe
2026-06-29 06:32:42,616 [WARNING] Failed to replay event 12: [Errno 32] Broken pipe
2026-06-29 06:32:42,616 [WARNING] Failed to replay event 13: [Errno 32] Broken pipe
2026-06-29 06:32:42,616 [WARNING] Failed to replay event 14: [Errno 32] Broken pipe
2026-06-29 06:32:42,616 [WARNING] Failed to replay event 15: [Errno 32] Broken pipe
2026-06-29 06:32:42,616 [WARNING] Failed to replay event 16: [Errno 32] Broken pipe
2026-06-29 06:32:42,616 [WARNING] Failed to replay event 17: [Errno 32] Broken pipe
2026-06-29 06:32:42,616 [WARNING] Failed to replay event 18: [Errno 32] Broken pipe
2026-06-29 06:32:42,616 [WARNING] Failed to replay event 19: [Errno 32] Broken pipe
2026-06-29 06:32:42,616 [WARNING] Failed to replay event 20: [Errno 32] Broken pipe
2026-06-29 06:32:42,616 [WARNING] Failed to replay event 21: [Errno 32] Broken pipe
2026-06-29 06:32:42,616 [WARNING] Failed to replay event 22: [Errno 32] Broken pipe
2026-06-29 06:32:42,616 [WARNING] Failed to replay event 23: [Errno 32] Broken pipe
2026-06-29 06:32:42,616 [WARNING] Failed to replay event 24: [Errno 32] Broken pipe
2026-06-29 06:32:42,616 [WARNING] Failed to replay event 25: [Errno 32] Broken pipe
2026-06-29 06:32:42,616 [WARNING] Failed to replay event 26: [Errno 32] Broken pipe
2026-06-29 06:32:42,616 [WARNING] Failed to replay event 27: [Errno 32] Broken pipe
2026-06-29 06:32:42,616 [WARNING] Failed to replay event 28: [Errno 32] Broken pipe
2026-06-29 06:32:42,617 [WARNING] Failed to replay event 29: [Errno 32] Broken pipe
2026-06-29 06:32:42,617 [WARNING] Failed to replay event 30: [Errno 32] Broken pipe
2026-06-29 06:32:42,617 [WARNING] Failed to replay event 31: [Errno 32] Broken pipe
2026-06-29 06:32:42,617 [WARNING] Failed to replay event 32: [Errno 32] Broken pipe
2026-06-29 06:32:42,617 [WARNING] Failed to replay event 33: [Errno 32] Broken pipe
2026-06-29 06:32:42,617 [WARNING] Failed to replay event 34: [Errno 32] Broken pipe
2026-06-29 06:32:42,617 [WARNING] Failed to replay event 35: [Errno 32] Broken pipe
2026-06-29 06:32:42,617 [WARNING] Failed to replay event 36: [Errno 32] Broken pipe
2026-06-29 06:32:42,617 [INFO] handle_client: Entering receive loop
2026-06-29 06:32:42,617 [INFO] handle_client: Received empty data, client closed connection
2026-06-29 06:32:42,617 [INFO] Control Client disconnected
2026-06-29 06:32:43,452 [DEBUG] Received 10 bytes from BTS
2026-06-29 06:32:43,452 [DEBUG] Decoded IPA frame: proto=0x00, payload_len=7, consumed=10, payload_hex: 0c1201900fffff
2026-06-29 06:32:43,452 [DEBUG] RSL message: 0c1201900fffff
2026-06-29 06:32:43,452 [DEBUG] RSL discriminator: 0x0c, message type: 0x12, payload: 0c1201900fffff
2026-06-29 06:32:43,452 [DEBUG] Incomplete frame, buffer size: 0, buffer_hex: 
2026-06-29 06:32:43,595 [DEBUG] Received 10 bytes from BTS
2026-06-29 06:32:43,595 [DEBUG] Decoded IPA frame: proto=0x00, payload_len=7, consumed=10, payload_hex: 0c1201900fffff
2026-06-29 06:32:43,595 [DEBUG] RSL message: 0c1201900fffff
2026-06-29 06:32:43,595 [DEBUG] RSL discriminator: 0x0c, message type: 0x12, payload: 0c1201900fffff
2026-06-29 06:32:43,595 [DEBUG] Incomplete frame, buffer size: 0, buffer_hex: 
2026-06-29 06:32:44,236 [INFO] Control Client connected from ('10.42.0.1', 49122)
2026-06-29 06:32:44,236 [INFO] handle_client: Starting, client socket: 7
2026-06-29 06:32:44,236 [INFO] handle_client: WELCOME sent
2026-06-29 06:32:44,286 [INFO] Replaying 36 buffered event(s)
2026-06-29 06:32:44,286 [WARNING] Failed to replay event 1: [Errno 32] Broken pipe
2026-06-29 06:32:44,286 [WARNING] Failed to replay event 2: [Errno 32] Broken pipe
2026-06-29 06:32:44,286 [WARNING] Failed to replay event 3: [Errno 32] Broken pipe
2026-06-29 06:32:44,286 [WARNING] Failed to replay event 4: [Errno 32] Broken pipe
2026-06-29 06:32:44,286 [WARNING] Failed to replay event 5: [Errno 32] Broken pipe
2026-06-29 06:32:44,286 [WARNING] Failed to replay event 6: [Errno 32] Broken pipe
2026-06-29 06:32:44,287 [WARNING] Failed to replay event 7: [Errno 32] Broken pipe
2026-06-29 06:32:44,287 [WARNING] Failed to replay event 8: [Errno 32] Broken pipe
2026-06-29 06:32:44,287 [WARNING] Failed to replay event 9: [Errno 32] Broken pipe
2026-06-29 06:32:44,287 [WARNING] Failed to replay event 10: [Errno 32] Broken pipe
2026-06-29 06:32:44,287 [WARNING] Failed to replay event 11: [Errno 32] Broken pipe
2026-06-29 06:32:44,287 [WARNING] Failed to replay event 12: [Errno 32] Broken pipe
2026-06-29 06:32:44,287 [WARNING] Failed to replay event 13: [Errno 32] Broken pipe
2026-06-29 06:32:44,287 [WARNING] Failed to replay event 14: [Errno 32] Broken pipe
2026-06-29 06:32:44,287 [WARNING] Failed to replay event 15: [Errno 32] Broken pipe
2026-06-29 06:32:44,287 [WARNING] Failed to replay event 16: [Errno 32] Broken pipe
2026-06-29 06:32:44,287 [WARNING] Failed to replay event 17: [Errno 32] Broken pipe
2026-06-29 06:32:44,287 [WARNING] Failed to replay event 18: [Errno 32] Broken pipe
2026-06-29 06:32:44,287 [WARNING] Failed to replay event 19: [Errno 32] Broken pipe
2026-06-29 06:32:44,287 [WARNING] Failed to replay event 20: [Errno 32] Broken pipe
2026-06-29 06:32:44,287 [WARNING] Failed to replay event 21: [Errno 32] Broken pipe
2026-06-29 06:32:44,287 [WARNING] Failed to replay event 22: [Errno 32] Broken pipe
2026-06-29 06:32:44,287 [WARNING] Failed to replay event 23: [Errno 32] Broken pipe
2026-06-29 06:32:44,287 [WARNING] Failed to replay event 24: [Errno 32] Broken pipe
2026-06-29 06:32:44,287 [WARNING] Failed to replay event 25: [Errno 32] Broken pipe
2026-06-29 06:32:44,287 [WARNING] Failed to replay event 26: [Errno 32] Broken pipe
2026-06-29 06:32:44,287 [WARNING] Failed to replay event 27: [Errno 32] Broken pipe
2026-06-29 06:32:44,287 [WARNING] Failed to replay event 28: [Errno 32] Broken pipe
2026-06-29 06:32:44,287 [WARNING] Failed to replay event 29: [Errno 32] Broken pipe
2026-06-29 06:32:44,287 [WARNING] Failed to replay event 30: [Errno 32] Broken pipe
2026-06-29 06:32:44,287 [WARNING] Failed to replay event 31: [Errno 32] Broken pipe
2026-06-29 06:32:44,287 [WARNING] Failed to replay event 32: [Errno 32] Broken pipe
2026-06-29 06:32:44,287 [WARNING] Failed to replay event 33: [Errno 32] Broken pipe
2026-06-29 06:32:44,287 [WARNING] Failed to replay event 34: [Errno 32] Broken pipe
2026-06-29 06:32:44,287 [WARNING] Failed to replay event 35: [Errno 32] Broken pipe
2026-06-29 06:32:44,287 [WARNING] Failed to replay event 36: [Errno 32] Broken pipe
2026-06-29 06:32:44,287 [INFO] handle_client: Entering receive loop
2026-06-29 06:32:44,287 [INFO] handle_client: Received empty data, client closed connection
2026-06-29 06:32:44,287 [INFO] Control Client disconnected
2026-06-29 06:32:44,452 [DEBUG] Received 10 bytes from BTS
2026-06-29 06:32:44,452 [DEBUG] Decoded IPA frame: proto=0x00, payload_len=7, consumed=10, payload_hex: 0c1201900fffff
2026-06-29 06:32:44,452 [DEBUG] RSL message: 0c1201900fffff
2026-06-29 06:32:44,452 [DEBUG] RSL discriminator: 0x0c, message type: 0x12, payload: 0c1201900fffff
2026-06-29 06:32:44,453 [DEBUG] Incomplete frame, buffer size: 0, buffer_hex: 
2026-06-29 06:32:44,595 [DEBUG] Received 10 bytes from BTS
2026-06-29 06:32:44,595 [DEBUG] Decoded IPA frame: proto=0x00, payload_len=7, consumed=10, payload_hex: 0c1201900fffff
2026-06-29 06:32:44,595 [DEBUG] RSL message: 0c1201900fffff
2026-06-29 06:32:44,595 [DEBUG] RSL discriminator: 0x0c, message type: 0x12, payload: 0c1201900fffff
2026-06-29 06:32:44,595 [DEBUG] Incomplete frame, buffer size: 0, buffer_hex: 
2026-06-29 06:32:45,453 [DEBUG] Received 10 bytes from BTS
2026-06-29 06:32:45,453 [DEBUG] Decoded IPA frame: proto=0x00, payload_len=7, consumed=10, payload_hex: 0c1201900fffff
2026-06-29 06:32:45,453 [DEBUG] RSL message: 0c1201900fffff
2026-06-29 06:32:45,453 [DEBUG] RSL discriminator: 0x0c, message type: 0x12, payload: 0c1201900fffff
2026-06-29 06:32:45,453 [DEBUG] Incomplete frame, buffer size: 0, buffer_hex: 
2026-06-29 06:32:45,565 [INFO] Control Client connected from ('10.42.0.1', 49132)
2026-06-29 06:32:45,566 [INFO] handle_client: Starting, client socket: 11
2026-06-29 06:32:45,566 [INFO] handle_client: WELCOME sent
2026-06-29 06:32:45,595 [DEBUG] Received 10 bytes from BTS
2026-06-29 06:32:45,595 [DEBUG] Decoded IPA frame: proto=0x00, payload_len=7, consumed=10, payload_hex: 0c1201900fffff
2026-06-29 06:32:45,595 [DEBUG] RSL message: 0c1201900fffff
2026-06-29 06:32:45,596 [DEBUG] RSL discriminator: 0x0c, message type: 0x12, payload: 0c1201900fffff
2026-06-29 06:32:45,596 [DEBUG] Incomplete frame, buffer size: 0, buffer_hex: 
2026-06-29 06:32:45,616 [INFO] Replaying 36 buffered event(s)
2026-06-29 06:32:45,616 [WARNING] Failed to replay event 1: [Errno 32] Broken pipe
2026-06-29 06:32:45,616 [WARNING] Failed to replay event 2: [Errno 32] Broken pipe
2026-06-29 06:32:45,617 [WARNING] Failed to replay event 3: [Errno 32] Broken pipe
2026-06-29 06:32:45,617 [WARNING] Failed to replay event 4: [Errno 32] Broken pipe
2026-06-29 06:32:45,617 [WARNING] Failed to replay event 5: [Errno 32] Broken pipe
2026-06-29 06:32:45,617 [WARNING] Failed to replay event 6: [Errno 32] Broken pipe
2026-06-29 06:32:45,617 [WARNING] Failed to replay event 7: [Errno 32] Broken pipe
2026-06-29 06:32:45,617 [WARNING] Failed to replay event 8: [Errno 32] Broken pipe
2026-06-29 06:32:45,617 [WARNING] Failed to replay event 9: [Errno 32] Broken pipe
2026-06-29 06:32:45,617 [WARNING] Failed to replay event 10: [Errno 32] Broken pipe
2026-06-29 06:32:45,617 [WARNING] Failed to replay event 11: [Errno 32] Broken pipe
2026-06-29 06:32:45,617 [WARNING] Failed to replay event 12: [Errno 32] Broken pipe
2026-06-29 06:32:45,617 [WARNING] Failed to replay event 13: [Errno 32] Broken pipe
2026-06-29 06:32:45,617 [WARNING] Failed to replay event 14: [Errno 32] Broken pipe
2026-06-29 06:32:45,617 [WARNING] Failed to replay event 15: [Errno 32] Broken pipe
2026-06-29 06:32:45,617 [WARNING] Failed to replay event 16: [Errno 32] Broken pipe
2026-06-29 06:32:45,617 [WARNING] Failed to replay event 17: [Errno 32] Broken pipe
2026-06-29 06:32:45,617 [WARNING] Failed to replay event 18: [Errno 32] Broken pipe
2026-06-29 06:32:45,617 [WARNING] Failed to replay event 19: [Errno 32] Broken pipe
2026-06-29 06:32:45,617 [WARNING] Failed to replay event 20: [Errno 32] Broken pipe
2026-06-29 06:32:45,617 [WARNING] Failed to replay event 21: [Errno 32] Broken pipe
2026-06-29 06:32:45,617 [WARNING] Failed to replay event 22: [Errno 32] Broken pipe
2026-06-29 06:32:45,617 [WARNING] Failed to replay event 23: [Errno 32] Broken pipe
2026-06-29 06:32:45,617 [WARNING] Failed to replay event 24: [Errno 32] Broken pipe
2026-06-29 06:32:45,617 [WARNING] Failed to replay event 25: [Errno 32] Broken pipe
2026-06-29 06:32:45,617 [WARNING] Failed to replay event 26: [Errno 32] Broken pipe
2026-06-29 06:32:45,617 [WARNING] Failed to replay event 27: [Errno 32] Broken pipe
2026-06-29 06:32:45,617 [WARNING] Failed to replay event 28: [Errno 32] Broken pipe
2026-06-29 06:32:45,617 [WARNING] Failed to replay event 29: [Errno 32] Broken pipe
2026-06-29 06:32:45,617 [WARNING] Failed to replay event 30: [Errno 32] Broken pipe
2026-06-29 06:32:45,617 [WARNING] Failed to replay event 31: [Errno 32] Broken pipe
2026-06-29 06:32:45,617 [WARNING] Failed to replay event 32: [Errno 32] Broken pipe
2026-06-29 06:32:45,617 [WARNING] Failed to replay event 33: [Errno 32] Broken pipe
2026-06-29 06:32:45,617 [WARNING] Failed to replay event 34: [Errno 32] Broken pipe
2026-06-29 06:32:45,617 [WARNING] Failed to replay event 35: [Errno 32] Broken pipe
2026-06-29 06:32:45,617 [WARNING] Failed to replay event 36: [Errno 32] Broken pipe
2026-06-29 06:32:45,617 [INFO] handle_client: Entering receive loop
2026-06-29 06:32:45,617 [INFO] handle_client: Received empty data, client closed connection
2026-06-29 06:32:45,617 [INFO] Control Client disconnected
2026-06-29 06:32:46,454 [DEBUG] Received 10 bytes from BTS
2026-06-29 06:32:46,454 [DEBUG] Decoded IPA frame: proto=0x00, payload_len=7, consumed=10, payload_hex: 0c1201900fffff
2026-06-29 06:32:46,454 [DEBUG] RSL message: 0c1201900fffff
2026-06-29 06:32:46,454 [DEBUG] RSL discriminator: 0x0c, message type: 0x12, payload: 0c1201900fffff
2026-06-29 06:32:46,454 [DEBUG] Incomplete frame, buffer size: 0, buffer_hex: 
2026-06-29 06:32:46,596 [DEBUG] Received 10 bytes from BTS
2026-06-29 06:32:46,596 [DEBUG] Decoded IPA frame: proto=0x00, payload_len=7, consumed=10, payload_hex: 0c1201900fffff
2026-06-29 06:32:46,596 [DEBUG] RSL message: 0c1201900fffff
2026-06-29 06:32:46,597 [DEBUG] RSL discriminator: 0x0c, message type: 0x12, payload: 0c1201900fffff
2026-06-29 06:32:46,597 [DEBUG] Incomplete frame, buffer size: 0, buffer_hex: 
2026-06-29 06:32:47,454 [DEBUG] Received 10 bytes from BTS
2026-06-29 06:32:47,454 [DEBUG] Decoded IPA frame: proto=0x00, payload_len=7, consumed=10, payload_hex: 0c1201900fffff
2026-06-29 06:32:47,454 [DEBUG] RSL message: 0c1201900fffff
2026-06-29 06:32:47,454 [DEBUG] RSL discriminator: 0x0c, message type: 0x12, payload: 0c1201900fffff
2026-06-29 06:32:47,454 [DEBUG] Incomplete frame, buffer size: 0, buffer_hex: 
2026-06-29 06:32:47,596 [DEBUG] Received 10 bytes from BTS
2026-06-29 06:32:47,596 [DEBUG] Decoded IPA frame: proto=0x00, payload_len=7, consumed=10, payload_hex: 0c1201900fffff
2026-06-29 06:32:47,596 [DEBUG] RSL message: 0c1201900fffff
2026-06-29 06:32:47,597 [DEBUG] RSL discriminator: 0x0c, message type: 0x12, payload: 0c1201900fffff
2026-06-29 06:32:47,597 [DEBUG] Incomplete frame, buffer size: 0, buffer_hex: 
2026-06-29 06:32:48,190 [INFO] Control Client connected from ('10.42.0.13', 44856)
2026-06-29 06:32:48,190 [INFO] handle_client: Starting, client socket: 7
2026-06-29 06:32:48,190 [INFO] handle_client: WELCOME sent
2026-06-29 06:32:48,240 [INFO] Replaying 36 buffered event(s)
2026-06-29 06:32:48,240 [INFO] Replayed event 1/36: sent 60 bytes
2026-06-29 06:32:48,240 [INFO] Replayed event 2/36: sent 56 bytes
2026-06-29 06:32:48,241 [INFO] Replayed event 3/36: sent 60 bytes
2026-06-29 06:32:48,241 [INFO] Replayed event 4/36: sent 56 bytes
2026-06-29 06:32:48,241 [INFO] Replayed event 5/36: sent 114 bytes
2026-06-29 06:32:48,241 [INFO] Replayed event 6/36: sent 114 bytes
2026-06-29 06:32:48,241 [INFO] Replayed event 7/36: sent 115 bytes
2026-06-29 06:32:48,241 [INFO] Replayed event 8/36: sent 114 bytes
2026-06-29 06:32:48,241 [INFO] Replayed event 9/36: sent 117 bytes
2026-06-29 06:32:48,241 [INFO] Replayed event 10/36: sent 116 bytes
2026-06-29 06:32:48,241 [INFO] Replayed event 11/36: sent 117 bytes
2026-06-29 06:32:48,241 [INFO] Replayed event 12/36: sent 116 bytes
2026-06-29 06:32:48,241 [INFO] Replayed event 13/36: sent 117 bytes
2026-06-29 06:32:48,241 [INFO] Replayed event 14/36: sent 118 bytes
2026-06-29 06:32:48,241 [INFO] Replayed event 15/36: sent 117 bytes
2026-06-29 06:32:48,241 [INFO] Replayed event 16/36: sent 117 bytes
2026-06-29 06:32:48,241 [INFO] Replayed event 17/36: sent 117 bytes
2026-06-29 06:32:48,241 [INFO] Replayed event 18/36: sent 117 bytes
2026-06-29 06:32:48,241 [INFO] Replayed event 19/36: sent 117 bytes
2026-06-29 06:32:48,241 [INFO] Replayed event 20/36: sent 118 bytes
2026-06-29 06:32:48,241 [INFO] Replayed event 21/36: sent 119 bytes
2026-06-29 06:32:48,241 [INFO] Replayed event 22/36: sent 118 bytes
2026-06-29 06:32:48,241 [INFO] Replayed event 23/36: sent 118 bytes
2026-06-29 06:32:48,241 [INFO] Replayed event 24/36: sent 118 bytes
2026-06-29 06:32:48,241 [INFO] Replayed event 25/36: sent 119 bytes
2026-06-29 06:32:48,241 [INFO] Replayed event 26/36: sent 118 bytes
2026-06-29 06:32:48,241 [INFO] Replayed event 27/36: sent 119 bytes
2026-06-29 06:32:48,241 [INFO] Replayed event 28/36: sent 119 bytes
2026-06-29 06:32:48,241 [INFO] Replayed event 29/36: sent 118 bytes
2026-06-29 06:32:48,241 [INFO] Replayed event 30/36: sent 118 bytes
2026-06-29 06:32:48,241 [INFO] Replayed event 31/36: sent 118 bytes
2026-06-29 06:32:48,241 [INFO] Replayed event 32/36: sent 119 bytes
2026-06-29 06:32:48,241 [INFO] Replayed event 33/36: sent 118 bytes
2026-06-29 06:32:48,241 [INFO] Replayed event 34/36: sent 119 bytes
2026-06-29 06:32:48,241 [INFO] Replayed event 35/36: sent 118 bytes
2026-06-29 06:32:48,241 [INFO] Replayed event 36/36: sent 118 bytes
2026-06-29 06:32:48,241 [INFO] handle_client: Entering receive loop
2026-06-29 06:32:48,457 [DEBUG] Received 10 bytes from BTS
2026-06-29 06:32:48,457 [DEBUG] Decoded IPA frame: proto=0x00, payload_len=7, consumed=10, payload_hex: 0c1201900fffff
2026-06-29 06:32:48,457 [DEBUG] RSL message: 0c1201900fffff
2026-06-29 06:32:48,457 [DEBUG] RSL discriminator: 0x0c, message type: 0x12, payload: 0c1201900fffff
2026-06-29 06:32:48,457 [DEBUG] Incomplete frame, buffer size: 0, buffer_hex: 
2026-06-29 06:32:48,565 [INFO] Control Client connected from ('10.42.0.1', 49146)
2026-06-29 06:32:48,565 [INFO] handle_client: Starting, client socket: 11
2026-06-29 06:32:48,565 [INFO] handle_client: WELCOME sent
2026-06-29 06:32:48,597 [DEBUG] Received 10 bytes from BTS
2026-06-29 06:32:48,597 [DEBUG] Decoded IPA frame: proto=0x00, payload_len=7, consumed=10, payload_hex: 0c1201900fffff
2026-06-29 06:32:48,597 [DEBUG] RSL message: 0c1201900fffff
2026-06-29 06:32:48,597 [DEBUG] RSL discriminator: 0x0c, message type: 0x12, payload: 0c1201900fffff
2026-06-29 06:32:48,597 [DEBUG] Incomplete frame, buffer size: 0, buffer_hex: 
2026-06-29 06:32:48,615 [INFO] Replaying 36 buffered event(s)
2026-06-29 06:32:48,615 [WARNING] Failed to replay event 1: [Errno 32] Broken pipe
2026-06-29 06:32:48,615 [WARNING] Failed to replay event 2: [Errno 32] Broken pipe
2026-06-29 06:32:48,615 [WARNING] Failed to replay event 3: [Errno 32] Broken pipe
2026-06-29 06:32:48,615 [WARNING] Failed to replay event 4: [Errno 32] Broken pipe
2026-06-29 06:32:48,615 [WARNING] Failed to replay event 5: [Errno 32] Broken pipe
2026-06-29 06:32:48,616 [WARNING] Failed to replay event 6: [Errno 32] Broken pipe
2026-06-29 06:32:48,616 [WARNING] Failed to replay event 7: [Errno 32] Broken pipe
2026-06-29 06:32:48,616 [WARNING] Failed to replay event 8: [Errno 32] Broken pipe
2026-06-29 06:32:48,616 [WARNING] Failed to replay event 9: [Errno 32] Broken pipe
2026-06-29 06:32:48,616 [WARNING] Failed to replay event 10: [Errno 32] Broken pipe
2026-06-29 06:32:48,616 [WARNING] Failed to replay event 11: [Errno 32] Broken pipe
2026-06-29 06:32:48,616 [WARNING] Failed to replay event 12: [Errno 32] Broken pipe
2026-06-29 06:32:48,616 [WARNING] Failed to replay event 13: [Errno 32] Broken pipe
2026-06-29 06:32:48,616 [WARNING] Failed to replay event 14: [Errno 32] Broken pipe
2026-06-29 06:32:48,616 [WARNING] Failed to replay event 15: [Errno 32] Broken pipe
2026-06-29 06:32:48,616 [WARNING] Failed to replay event 16: [Errno 32] Broken pipe
2026-06-29 06:32:48,616 [WARNING] Failed to replay event 17: [Errno 32] Broken pipe
2026-06-29 06:32:48,616 [WARNING] Failed to replay event 18: [Errno 32] Broken pipe
2026-06-29 06:32:48,616 [WARNING] Failed to replay event 19: [Errno 32] Broken pipe
2026-06-29 06:32:48,616 [WARNING] Failed to replay event 20: [Errno 32] Broken pipe
2026-06-29 06:32:48,616 [WARNING] Failed to replay event 21: [Errno 32] Broken pipe
2026-06-29 06:32:48,616 [WARNING] Failed to replay event 22: [Errno 32] Broken pipe
2026-06-29 06:32:48,616 [WARNING] Failed to replay event 23: [Errno 32] Broken pipe
2026-06-29 06:32:48,616 [WARNING] Failed to replay event 24: [Errno 32] Broken pipe
2026-06-29 06:32:48,616 [WARNING] Failed to replay event 25: [Errno 32] Broken pipe
2026-06-29 06:32:48,616 [WARNING] Failed to replay event 26: [Errno 32] Broken pipe
2026-06-29 06:32:48,616 [WARNING] Failed to replay event 27: [Errno 32] Broken pipe
2026-06-29 06:32:48,616 [WARNING] Failed to replay event 28: [Errno 32] Broken pipe
2026-06-29 06:32:48,616 [WARNING] Failed to replay event 29: [Errno 32] Broken pipe
2026-06-29 06:32:48,616 [WARNING] Failed to replay event 30: [Errno 32] Broken pipe
2026-06-29 06:32:48,616 [WARNING] Failed to replay event 31: [Errno 32] Broken pipe
2026-06-29 06:32:48,616 [WARNING] Failed to replay event 32: [Errno 32] Broken pipe
2026-06-29 06:32:48,616 [WARNING] Failed to replay event 33: [Errno 32] Broken pipe
2026-06-29 06:32:48,616 [WARNING] Failed to replay event 34: [Errno 32] Broken pipe
2026-06-29 06:32:48,616 [WARNING] Failed to replay event 35: [Errno 32] Broken pipe
2026-06-29 06:32:48,616 [WARNING] Failed to replay event 36: [Errno 32] Broken pipe
2026-06-29 06:32:48,616 [INFO] handle_client: Entering receive loop
2026-06-29 06:32:48,616 [INFO] handle_client: Received empty data, client closed connection
2026-06-29 06:32:48,616 [INFO] Control Client disconnected
2026-06-29 06:32:48,927 [DEBUG] handle_client: Received 49 bytes
2026-06-29 06:32:48,927 [INFO] Control CMD: {"command": "SET_AUTO_RESPOND", "enabled": true}
2026-06-29 06:32:48,927 [INFO] Auto-respond enabled: cleared stale _pending_chan_activ
2026-06-29 06:32:48,927 [INFO] Auto-respond set to: True
2026-06-29 06:32:49,455 [DEBUG] Received 10 bytes from BTS
2026-06-29 06:32:49,455 [DEBUG] Decoded IPA frame: proto=0x00, payload_len=7, consumed=10, payload_hex: 0c1201900fffff
2026-06-29 06:32:49,455 [DEBUG] RSL message: 0c1201900fffff
2026-06-29 06:32:49,455 [DEBUG] RSL discriminator: 0x0c, message type: 0x12, payload: 0c1201900fffff
2026-06-29 06:32:49,455 [DEBUG] Incomplete frame, buffer size: 0, buffer_hex: 
2026-06-29 06:32:49,597 [DEBUG] Received 10 bytes from BTS
2026-06-29 06:32:49,597 [DEBUG] Decoded IPA frame: proto=0x00, payload_len=7, consumed=10, payload_hex: 0c1201900fffff
2026-06-29 06:32:49,597 [DEBUG] RSL message: 0c1201900fffff
2026-06-29 06:32:49,597 [DEBUG] RSL discriminator: 0x0c, message type: 0x12, payload: 0c1201900fffff
2026-06-29 06:32:49,597 [DEBUG] Incomplete frame, buffer size: 0, buffer_hex: 
2026-06-29 06:32:50,455 [DEBUG] Received 10 bytes from BTS
2026-06-29 06:32:50,455 [DEBUG] Decoded IPA frame: proto=0x00, payload_len=7, consumed=10, payload_hex: 0c1201900fffff
2026-06-29 06:32:50,455 [DEBUG] RSL message: 0c1201900fffff
2026-06-29 06:32:50,455 [DEBUG] RSL discriminator: 0x0c, message type: 0x12, payload: 0c1201900fffff
2026-06-29 06:32:50,455 [DEBUG] Incomplete frame, buffer size: 0, buffer_hex: 
2026-06-29 06:32:50,598 [DEBUG] Received 10 bytes from BTS
2026-06-29 06:32:50,598 [DEBUG] Decoded IPA frame: proto=0x00, payload_len=7, consumed=10, payload_hex: 0c1201900fffff
2026-06-29 06:32:50,598 [DEBUG] RSL message: 0c1201900fffff
2026-06-29 06:32:50,598 [DEBUG] RSL discriminator: 0x0c, message type: 0x12, payload: 0c1201900fffff
2026-06-29 06:32:50,598 [DEBUG] Incomplete frame, buffer size: 0, buffer_hex: 
2026-06-29 06:32:51,456 [DEBUG] Received 10 bytes from BTS
2026-06-29 06:32:51,456 [DEBUG] Decoded IPA frame: proto=0x00, payload_len=7, consumed=10, payload_hex: 0c1201900fffff
2026-06-29 06:32:51,456 [DEBUG] RSL message: 0c1201900fffff
2026-06-29 06:32:51,456 [DEBUG] RSL discriminator: 0x0c, message type: 0x12, payload: 0c1201900fffff
2026-06-29 06:32:51,456 [DEBUG] Incomplete frame, buffer size: 0, buffer_hex: 
2026-06-29 06:32:51,567 [INFO] Control Client connected from ('10.42.0.1', 43496)
2026-06-29 06:32:51,567 [INFO] handle_client: Starting, client socket: 12
2026-06-29 06:32:51,567 [INFO] handle_client: WELCOME sent
2026-06-29 06:32:51,598 [DEBUG] Received 10 bytes from BTS
2026-06-29 06:32:51,598 [DEBUG] Decoded IPA frame: proto=0x00, payload_len=7, consumed=10, payload_hex: 0c1201900fffff
2026-06-29 06:32:51,598 [DEBUG] RSL message: 0c1201900fffff
2026-06-29 06:32:51,598 [DEBUG] RSL discriminator: 0x0c, message type: 0x12, payload: 0c1201900fffff
2026-06-29 06:32:51,598 [DEBUG] Incomplete frame, buffer size: 0, buffer_hex: 
2026-06-29 06:32:51,619 [INFO] Replaying 36 buffered event(s)
2026-06-29 06:32:51,620 [WARNING] Failed to replay event 1: [Errno 32] Broken pipe
2026-06-29 06:32:51,620 [WARNING] Failed to replay event 2: [Errno 32] Broken pipe
2026-06-29 06:32:51,620 [WARNING] Failed to replay event 3: [Errno 32] Broken pipe
2026-06-29 06:32:51,620 [WARNING] Failed to replay event 4: [Errno 32] Broken pipe
2026-06-29 06:32:51,620 [WARNING] Failed to replay event 5: [Errno 32] Broken pipe
2026-06-29 06:32:51,620 [WARNING] Failed to replay event 6: [Errno 32] Broken pipe
2026-06-29 06:32:51,620 [WARNING] Failed to replay event 7: [Errno 32] Broken pipe
2026-06-29 06:32:51,620 [WARNING] Failed to replay event 8: [Errno 32] Broken pipe
2026-06-29 06:32:51,620 [WARNING] Failed to replay event 9: [Errno 32] Broken pipe
2026-06-29 06:32:51,620 [WARNING] Failed to replay event 10: [Errno 32] Broken pipe
2026-06-29 06:32:51,620 [WARNING] Failed to replay event 11: [Errno 32] Broken pipe
2026-06-29 06:32:51,620 [WARNING] Failed to replay event 12: [Errno 32] Broken pipe
2026-06-29 06:32:51,620 [WARNING] Failed to replay event 13: [Errno 32] Broken pipe
2026-06-29 06:32:51,620 [WARNING] Failed to replay event 14: [Errno 32] Broken pipe
2026-06-29 06:32:51,620 [WARNING] Failed to replay event 15: [Errno 32] Broken pipe
2026-06-29 06:32:51,620 [WARNING] Failed to replay event 16: [Errno 32] Broken pipe
2026-06-29 06:32:51,620 [WARNING] Failed to replay event 17: [Errno 32] Broken pipe
2026-06-29 06:32:51,620 [WARNING] Failed to replay event 18: [Errno 32] Broken pipe
2026-06-29 06:32:51,620 [WARNING] Failed to replay event 19: [Errno 32] Broken pipe
2026-06-29 06:32:51,620 [WARNING] Failed to replay event 20: [Errno 32] Broken pipe
2026-06-29 06:32:51,620 [WARNING] Failed to replay event 21: [Errno 32] Broken pipe
2026-06-29 06:32:51,620 [WARNING] Failed to replay event 22: [Errno 32] Broken pipe
2026-06-29 06:32:51,620 [WARNING] Failed to replay event 23: [Errno 32] Broken pipe
2026-06-29 06:32:51,620 [WARNING] Failed to replay event 24: [Errno 32] Broken pipe
2026-06-29 06:32:51,620 [WARNING] Failed to replay event 25: [Errno 32] Broken pipe
2026-06-29 06:32:51,620 [WARNING] Failed to replay event 26: [Errno 32] Broken pipe
2026-06-29 06:32:51,620 [WARNING] Failed to replay event 27: [Errno 32] Broken pipe
2026-06-29 06:32:51,620 [WARNING] Failed to replay event 28: [Errno 32] Broken pipe
2026-06-29 06:32:51,620 [WARNING] Failed to replay event 29: [Errno 32] Broken pipe
2026-06-29 06:32:51,620 [WARNING] Failed to replay event 30: [Errno 32] Broken pipe
2026-06-29 06:32:51,620 [WARNING] Failed to replay event 31: [Errno 32] Broken pipe
2026-06-29 06:32:51,620 [WARNING] Failed to replay event 32: [Errno 32] Broken pipe
2026-06-29 06:32:51,620 [WARNING] Failed to replay event 33: [Errno 32] Broken pipe
2026-06-29 06:32:51,620 [WARNING] Failed to replay event 34: [Errno 32] Broken pipe
2026-06-29 06:32:51,620 [WARNING] Failed to replay event 35: [Errno 32] Broken pipe
2026-06-29 06:32:51,620 [WARNING] Failed to replay event 36: [Errno 32] Broken pipe
2026-06-29 06:32:51,620 [INFO] handle_client: Entering receive loop
2026-06-29 06:32:51,620 [INFO] handle_client: Received empty data, client closed connection
2026-06-29 06:32:51,620 [INFO] Control Client disconnected
2026-06-29 06:32:52,457 [DEBUG] Received 10 bytes from BTS
2026-06-29 06:32:52,457 [DEBUG] Decoded IPA frame: proto=0x00, payload_len=7, consumed=10, payload_hex: 0c1201900fffff
2026-06-29 06:32:52,457 [DEBUG] RSL message: 0c1201900fffff
2026-06-29 06:32:52,457 [DEBUG] RSL discriminator: 0x0c, message type: 0x12, payload: 0c1201900fffff
2026-06-29 06:32:52,457 [DEBUG] Incomplete frame, buffer size: 0, buffer_hex: 
2026-06-29 06:32:52,598 [DEBUG] Received 10 bytes from BTS
2026-06-29 06:32:52,598 [DEBUG] Decoded IPA frame: proto=0x00, payload_len=7, consumed=10, payload_hex: 0c1201900fffff
2026-06-29 06:32:52,598 [DEBUG] RSL message: 0c1201900fffff
2026-06-29 06:32:52,598 [DEBUG] RSL discriminator: 0x0c, message type: 0x12, payload: 0c1201900fffff
2026-06-29 06:32:52,599 [DEBUG] Incomplete frame, buffer size: 0, buffer_hex: 
2026-06-29 06:32:53,457 [DEBUG] Received 10 bytes from BTS
2026-06-29 06:32:53,457 [DEBUG] Decoded IPA frame: proto=0x00, payload_len=7, consumed=10, payload_hex: 0c1201900fffff
2026-06-29 06:32:53,457 [DEBUG] RSL message: 0c1201900fffff
2026-06-29 06:32:53,457 [DEBUG] RSL discriminator: 0x0c, message type: 0x12, payload: 0c1201900fffff
2026-06-29 06:32:53,457 [DEBUG] Incomplete frame, buffer size: 0, buffer_hex: 
2026-06-29 06:32:53,598 [DEBUG] Received 10 bytes from BTS
2026-06-29 06:32:53,598 [DEBUG] Decoded IPA frame: proto=0x00, payload_len=7, consumed=10, payload_hex: 0c1201900fffff
2026-06-29 06:32:53,598 [DEBUG] RSL message: 0c1201900fffff
2026-06-29 06:32:53,598 [DEBUG] RSL discriminator: 0x0c, message type: 0x12, payload: 0c1201900fffff
2026-06-29 06:32:53,598 [DEBUG] Incomplete frame, buffer size: 0, buffer_hex: 
2026-06-29 06:32:54,236 [INFO] Control Client connected from ('10.42.0.1', 43510)
2026-06-29 06:32:54,236 [INFO] handle_client: Starting, client socket: 11
2026-06-29 06:32:54,236 [INFO] handle_client: WELCOME sent
2026-06-29 06:32:54,287 [INFO] Replaying 36 buffered event(s)
2026-06-29 06:32:54,287 [WARNING] Failed to replay event 1: [Errno 32] Broken pipe
2026-06-29 06:32:54,287 [WARNING] Failed to replay event 2: [Errno 32] Broken pipe
2026-06-29 06:32:54,287 [WARNING] Failed to replay event 3: [Errno 32] Broken pipe
2026-06-29 06:32:54,287 [WARNING] Failed to replay event 4: [Errno 32] Broken pipe
2026-06-29 06:32:54,287 [WARNING] Failed to replay event 5: [Errno 32] Broken pipe
2026-06-29 06:32:54,287 [WARNING] Failed to replay event 6: [Errno 32] Broken pipe
2026-06-29 06:32:54,287 [WARNING] Failed to replay event 7: [Errno 32] Broken pipe
2026-06-29 06:32:54,287 [WARNING] Failed to replay event 8: [Errno 32] Broken pipe
2026-06-29 06:32:54,287 [WARNING] Failed to replay event 9: [Errno 32] Broken pipe
2026-06-29 06:32:54,287 [WARNING] Failed to replay event 10: [Errno 32] Broken pipe
2026-06-29 06:32:54,287 [WARNING] Failed to replay event 11: [Errno 32] Broken pipe
2026-06-29 06:32:54,287 [WARNING] Failed to replay event 12: [Errno 32] Broken pipe
2026-06-29 06:32:54,287 [WARNING] Failed to replay event 13: [Errno 32] Broken pipe
2026-06-29 06:32:54,287 [WARNING] Failed to replay event 14: [Errno 32] Broken pipe
2026-06-29 06:32:54,287 [WARNING] Failed to replay event 15: [Errno 32] Broken pipe
2026-06-29 06:32:54,287 [WARNING] Failed to replay event 16: [Errno 32] Broken pipe
2026-06-29 06:32:54,287 [WARNING] Failed to replay event 17: [Errno 32] Broken pipe
2026-06-29 06:32:54,287 [WARNING] Failed to replay event 18: [Errno 32] Broken pipe
2026-06-29 06:32:54,287 [WARNING] Failed to replay event 19: [Errno 32] Broken pipe
2026-06-29 06:32:54,287 [WARNING] Failed to replay event 20: [Errno 32] Broken pipe
2026-06-29 06:32:54,287 [WARNING] Failed to replay event 21: [Errno 32] Broken pipe
2026-06-29 06:32:54,287 [WARNING] Failed to replay event 22: [Errno 32] Broken pipe
2026-06-29 06:32:54,287 [WARNING] Failed to replay event 23: [Errno 32] Broken pipe
2026-06-29 06:32:54,287 [WARNING] Failed to replay event 24: [Errno 32] Broken pipe
2026-06-29 06:32:54,287 [WARNING] Failed to replay event 25: [Errno 32] Broken pipe
2026-06-29 06:32:54,287 [WARNING] Failed to replay event 26: [Errno 32] Broken pipe
2026-06-29 06:32:54,287 [WARNING] Failed to replay event 27: [Errno 32] Broken pipe
2026-06-29 06:32:54,287 [WARNING] Failed to replay event 28: [Errno 32] Broken pipe
2026-06-29 06:32:54,287 [WARNING] Failed to replay event 29: [Errno 32] Broken pipe
2026-06-29 06:32:54,287 [WARNING] Failed to replay event 30: [Errno 32] Broken pipe
2026-06-29 06:32:54,287 [WARNING] Failed to replay event 31: [Errno 32] Broken pipe
2026-06-29 06:32:54,287 [WARNING] Failed to replay event 32: [Errno 32] Broken pipe
2026-06-29 06:32:54,287 [WARNING] Failed to replay event 33: [Errno 32] Broken pipe
2026-06-29 06:32:54,287 [WARNING] Failed to replay event 34: [Errno 32] Broken pipe
2026-06-29 06:32:54,287 [WARNING] Failed to replay event 35: [Errno 32] Broken pipe
2026-06-29 06:32:54,287 [WARNING] Failed to replay event 36: [Errno 32] Broken pipe
2026-06-29 06:32:54,287 [INFO] handle_client: Entering receive loop
2026-06-29 06:32:54,287 [INFO] handle_client: Received empty data, client closed connection
2026-06-29 06:32:54,287 [INFO] Control Client disconnected
2026-06-29 06:32:54,458 [DEBUG] Received 10 bytes from BTS
2026-06-29 06:32:54,458 [DEBUG] Decoded IPA frame: proto=0x00, payload_len=7, consumed=10, payload_hex: 0c1201900fffff
2026-06-29 06:32:54,458 [DEBUG] RSL message: 0c1201900fffff
2026-06-29 06:32:54,458 [DEBUG] RSL discriminator: 0x0c, message type: 0x12, payload: 0c1201900fffff
2026-06-29 06:32:54,458 [DEBUG] Incomplete frame, buffer size: 0, buffer_hex: 
2026-06-29 06:32:54,565 [INFO] Control Client connected from ('10.42.0.1', 43524)
2026-06-29 06:32:54,565 [INFO] handle_client: Starting, client socket: 12
2026-06-29 06:32:54,565 [INFO] handle_client: WELCOME sent
2026-06-29 06:32:54,599 [DEBUG] Received 10 bytes from BTS
2026-06-29 06:32:54,599 [DEBUG] Decoded IPA frame: proto=0x00, payload_len=7, consumed=10, payload_hex: 0c1201900fffff
2026-06-29 06:32:54,599 [DEBUG] RSL message: 0c1201900fffff
2026-06-29 06:32:54,599 [DEBUG] RSL discriminator: 0x0c, message type: 0x12, payload: 0c1201900fffff
2026-06-29 06:32:54,599 [DEBUG] Incomplete frame, buffer size: 0, buffer_hex: 
2026-06-29 06:32:54,616 [INFO] Replaying 36 buffered event(s)
2026-06-29 06:32:54,616 [WARNING] Failed to replay event 1: [Errno 32] Broken pipe
2026-06-29 06:32:54,616 [WARNING] Failed to replay event 2: [Errno 32] Broken pipe
2026-06-29 06:32:54,616 [WARNING] Failed to replay event 3: [Errno 32] Broken pipe
2026-06-29 06:32:54,616 [WARNING] Failed to replay event 4: [Errno 32] Broken pipe
2026-06-29 06:32:54,616 [WARNING] Failed to replay event 5: [Errno 32] Broken pipe
2026-06-29 06:32:54,616 [WARNING] Failed to replay event 6: [Errno 32] Broken pipe
2026-06-29 06:32:54,616 [WARNING] Failed to replay event 7: [Errno 32] Broken pipe
2026-06-29 06:32:54,616 [WARNING] Failed to replay event 8: [Errno 32] Broken pipe
2026-06-29 06:32:54,616 [WARNING] Failed to replay event 9: [Errno 32] Broken pipe
2026-06-29 06:32:54,616 [WARNING] Failed to replay event 10: [Errno 32] Broken pipe
2026-06-29 06:32:54,616 [WARNING] Failed to replay event 11: [Errno 32] Broken pipe
2026-06-29 06:32:54,616 [WARNING] Failed to replay event 12: [Errno 32] Broken pipe
2026-06-29 06:32:54,616 [WARNING] Failed to replay event 13: [Errno 32] Broken pipe
2026-06-29 06:32:54,616 [WARNING] Failed to replay event 14: [Errno 32] Broken pipe
2026-06-29 06:32:54,616 [WARNING] Failed to replay event 15: [Errno 32] Broken pipe
2026-06-29 06:32:54,616 [WARNING] Failed to replay event 16: [Errno 32] Broken pipe
2026-06-29 06:32:54,616 [WARNING] Failed to replay event 17: [Errno 32] Broken pipe
2026-06-29 06:32:54,616 [WARNING] Failed to replay event 18: [Errno 32] Broken pipe
2026-06-29 06:32:54,616 [WARNING] Failed to replay event 19: [Errno 32] Broken pipe
2026-06-29 06:32:54,616 [WARNING] Failed to replay event 20: [Errno 32] Broken pipe
2026-06-29 06:32:54,616 [WARNING] Failed to replay event 21: [Errno 32] Broken pipe
2026-06-29 06:32:54,616 [WARNING] Failed to replay event 22: [Errno 32] Broken pipe
2026-06-29 06:32:54,616 [WARNING] Failed to replay event 23: [Errno 32] Broken pipe
2026-06-29 06:32:54,616 [WARNING] Failed to replay event 24: [Errno 32] Broken pipe
2026-06-29 06:32:54,616 [WARNING] Failed to replay event 25: [Errno 32] Broken pipe
2026-06-29 06:32:54,616 [WARNING] Failed to replay event 26: [Errno 32] Broken pipe
2026-06-29 06:32:54,616 [WARNING] Failed to replay event 27: [Errno 32] Broken pipe
2026-06-29 06:32:54,616 [WARNING] Failed to replay event 28: [Errno 32] Broken pipe
2026-06-29 06:32:54,616 [WARNING] Failed to replay event 29: [Errno 32] Broken pipe
2026-06-29 06:32:54,616 [WARNING] Failed to replay event 30: [Errno 32] Broken pipe
2026-06-29 06:32:54,616 [WARNING] Failed to replay event 31: [Errno 32] Broken pipe
2026-06-29 06:32:54,616 [WARNING] Failed to replay event 32: [Errno 32] Broken pipe
2026-06-29 06:32:54,616 [WARNING] Failed to replay event 33: [Errno 32] Broken pipe
2026-06-29 06:32:54,616 [WARNING] Failed to replay event 34: [Errno 32] Broken pipe
2026-06-29 06:32:54,616 [WARNING] Failed to replay event 35: [Errno 32] Broken pipe
2026-06-29 06:32:54,616 [WARNING] Failed to replay event 36: [Errno 32] Broken pipe
2026-06-29 06:32:54,616 [INFO] handle_client: Entering receive loop
2026-06-29 06:32:54,616 [INFO] handle_client: Received empty data, client closed connection
2026-06-29 06:32:54,616 [INFO] Control Client disconnected
2026-06-29 06:32:55,459 [DEBUG] Received 10 bytes from BTS
2026-06-29 06:32:55,459 [DEBUG] Decoded IPA frame: proto=0x00, payload_len=7, consumed=10, payload_hex: 0c1201900fffff
2026-06-29 06:32:55,459 [DEBUG] RSL message: 0c1201900fffff
2026-06-29 06:32:55,459 [DEBUG] RSL discriminator: 0x0c, message type: 0x12, payload: 0c1201900fffff
2026-06-29 06:32:55,459 [DEBUG] Incomplete frame, buffer size: 0, buffer_hex: 
2026-06-29 06:32:55,599 [DEBUG] Received 10 bytes from BTS
2026-06-29 06:32:55,600 [DEBUG] Decoded IPA frame: proto=0x00, payload_len=7, consumed=10, payload_hex: 0c1201900fffff
2026-06-29 06:32:55,600 [DEBUG] RSL message: 0c1201900fffff
2026-06-29 06:32:55,600 [DEBUG] RSL discriminator: 0x0c, message type: 0x12, payload: 0c1201900fffff
2026-06-29 06:32:55,600 [DEBUG] Incomplete frame, buffer size: 0, buffer_hex: 
2026-06-29 06:32:56,459 [DEBUG] Received 10 bytes from BTS
2026-06-29 06:32:56,459 [DEBUG] Decoded IPA frame: proto=0x00, payload_len=7, consumed=10, payload_hex: 0c1201900fffff
2026-06-29 06:32:56,459 [DEBUG] RSL message: 0c1201900fffff
2026-06-29 06:32:56,459 [DEBUG] RSL discriminator: 0x0c, message type: 0x12, payload: 0c1201900fffff
2026-06-29 06:32:56,459 [DEBUG] Incomplete frame, buffer size: 0, buffer_hex: 
2026-06-29 06:32:56,600 [DEBUG] Received 10 bytes from BTS
2026-06-29 06:32:56,600 [DEBUG] Decoded IPA frame: proto=0x00, payload_len=7, consumed=10, payload_hex: 0c1201900fffff
2026-06-29 06:32:56,600 [DEBUG] RSL message: 0c1201900fffff
2026-06-29 06:32:56,600 [DEBUG] RSL discriminator: 0x0c, message type: 0x12, payload: 0c1201900fffff
2026-06-29 06:32:56,600 [DEBUG] Incomplete frame, buffer size: 0, buffer_hex: 
2026-06-29 06:32:57,459 [DEBUG] Received 10 bytes from BTS
2026-06-29 06:32:57,459 [DEBUG] Decoded IPA frame: proto=0x00, payload_len=7, consumed=10, payload_hex: 0c1201900fffff
2026-06-29 06:32:57,459 [DEBUG] RSL message: 0c1201900fffff
2026-06-29 06:32:57,459 [DEBUG] RSL discriminator: 0x0c, message type: 0x12, payload: 0c1201900fffff
2026-06-29 06:32:57,459 [DEBUG] Incomplete frame, buffer size: 0, buffer_hex: 
2026-06-29 06:32:57,565 [INFO] Control Client connected from ('10.42.0.1', 43536)
2026-06-29 06:32:57,565 [INFO] handle_client: Starting, client socket: 11
2026-06-29 06:32:57,565 [INFO] handle_client: WELCOME sent
2026-06-29 06:32:57,601 [DEBUG] Received 10 bytes from BTS
2026-06-29 06:32:57,601 [DEBUG] Decoded IPA frame: proto=0x00, payload_len=7, consumed=10, payload_hex: 0c1201900fffff
2026-06-29 06:32:57,601 [DEBUG] RSL message: 0c1201900fffff
2026-06-29 06:32:57,601 [DEBUG] RSL discriminator: 0x0c, message type: 0x12, payload: 0c1201900fffff
2026-06-29 06:32:57,601 [DEBUG] Incomplete frame, buffer size: 0, buffer_hex: 
2026-06-29 06:32:57,615 [INFO] Replaying 36 buffered event(s)
2026-06-29 06:32:57,615 [WARNING] Failed to replay event 1: [Errno 32] Broken pipe
2026-06-29 06:32:57,615 [WARNING] Failed to replay event 2: [Errno 32] Broken pipe
2026-06-29 06:32:57,615 [WARNING] Failed to replay event 3: [Errno 32] Broken pipe
2026-06-29 06:32:57,615 [WARNING] Failed to replay event 4: [Errno 32] Broken pipe
2026-06-29 06:32:57,615 [WARNING] Failed to replay event 5: [Errno 32] Broken pipe
2026-06-29 06:32:57,615 [WARNING] Failed to replay event 6: [Errno 32] Broken pipe
2026-06-29 06:32:57,615 [WARNING] Failed to replay event 7: [Errno 32] Broken pipe
2026-06-29 06:32:57,615 [WARNING] Failed to replay event 8: [Errno 32] Broken pipe
2026-06-29 06:32:57,615 [WARNING] Failed to replay event 9: [Errno 32] Broken pipe
2026-06-29 06:32:57,615 [WARNING] Failed to replay event 10: [Errno 32] Broken pipe
2026-06-29 06:32:57,615 [WARNING] Failed to replay event 11: [Errno 32] Broken pipe
2026-06-29 06:32:57,615 [WARNING] Failed to replay event 12: [Errno 32] Broken pipe
2026-06-29 06:32:57,615 [WARNING] Failed to replay event 13: [Errno 32] Broken pipe
2026-06-29 06:32:57,615 [WARNING] Failed to replay event 14: [Errno 32] Broken pipe
2026-06-29 06:32:57,615 [WARNING] Failed to replay event 15: [Errno 32] Broken pipe
2026-06-29 06:32:57,615 [WARNING] Failed to replay event 16: [Errno 32] Broken pipe
2026-06-29 06:32:57,615 [WARNING] Failed to replay event 17: [Errno 32] Broken pipe
2026-06-29 06:32:57,615 [WARNING] Failed to replay event 18: [Errno 32] Broken pipe
2026-06-29 06:32:57,615 [WARNING] Failed to replay event 19: [Errno 32] Broken pipe
2026-06-29 06:32:57,615 [WARNING] Failed to replay event 20: [Errno 32] Broken pipe
2026-06-29 06:32:57,615 [WARNING] Failed to replay event 21: [Errno 32] Broken pipe
2026-06-29 06:32:57,616 [WARNING] Failed to replay event 22: [Errno 32] Broken pipe
2026-06-29 06:32:57,616 [WARNING] Failed to replay event 23: [Errno 32] Broken pipe
2026-06-29 06:32:57,616 [WARNING] Failed to replay event 24: [Errno 32] Broken pipe
2026-06-29 06:32:57,616 [WARNING] Failed to replay event 25: [Errno 32] Broken pipe
2026-06-29 06:32:57,616 [WARNING] Failed to replay event 26: [Errno 32] Broken pipe
2026-06-29 06:32:57,616 [WARNING] Failed to replay event 27: [Errno 32] Broken pipe
2026-06-29 06:32:57,616 [WARNING] Failed to replay event 28: [Errno 32] Broken pipe
2026-06-29 06:32:57,616 [WARNING] Failed to replay event 29: [Errno 32] Broken pipe
2026-06-29 06:32:57,616 [WARNING] Failed to replay event 30: [Errno 32] Broken pipe
2026-06-29 06:32:57,616 [WARNING] Failed to replay event 31: [Errno 32] Broken pipe
2026-06-29 06:32:57,616 [WARNING] Failed to replay event 32: [Errno 32] Broken pipe
2026-06-29 06:32:57,616 [WARNING] Failed to replay event 33: [Errno 32] Broken pipe
2026-06-29 06:32:57,616 [WARNING] Failed to replay event 34: [Errno 32] Broken pipe
2026-06-29 06:32:57,616 [WARNING] Failed to replay event 35: [Errno 32] Broken pipe
2026-06-29 06:32:57,616 [WARNING] Failed to replay event 36: [Errno 32] Broken pipe
2026-06-29 06:32:57,616 [INFO] handle_client: Entering receive loop
2026-06-29 06:32:57,616 [INFO] handle_client: Received empty data, client closed connection
2026-06-29 06:32:57,616 [INFO] Control Client disconnected
2026-06-29 06:32:58,459 [DEBUG] Received 10 bytes from BTS
2026-06-29 06:32:58,459 [DEBUG] Decoded IPA frame: proto=0x00, payload_len=7, consumed=10, payload_hex: 0c1201900fffff
2026-06-29 06:32:58,459 [DEBUG] RSL message: 0c1201900fffff
2026-06-29 06:32:58,459 [DEBUG] RSL discriminator: 0x0c, message type: 0x12, payload: 0c1201900fffff
2026-06-29 06:32:58,459 [DEBUG] Incomplete frame, buffer size: 0, buffer_hex: 
2026-06-29 06:32:58,602 [DEBUG] Received 10 bytes from BTS
2026-06-29 06:32:58,602 [DEBUG] Decoded IPA frame: proto=0x00, payload_len=7, consumed=10, payload_hex: 0c1201900fffff
2026-06-29 06:32:58,602 [DEBUG] RSL message: 0c1201900fffff
2026-06-29 06:32:58,602 [DEBUG] RSL discriminator: 0x0c, message type: 0x12, payload: 0c1201900fffff
2026-06-29 06:32:58,602 [DEBUG] Incomplete frame, buffer size: 0, buffer_hex: 
2026-06-29 06:32:59,459 [DEBUG] Received 10 bytes from BTS
2026-06-29 06:32:59,460 [DEBUG] Decoded IPA frame: proto=0x00, payload_len=7, consumed=10, payload_hex: 0c1201900fffff
2026-06-29 06:32:59,460 [DEBUG] RSL message: 0c1201900fffff
2026-06-29 06:32:59,460 [DEBUG] RSL discriminator: 0x0c, message type: 0x12, payload: 0c1201900fffff
2026-06-29 06:32:59,460 [DEBUG] Incomplete frame, buffer size: 0, buffer_hex: 
2026-06-29 06:32:59,603 [DEBUG] Received 10 bytes from BTS
2026-06-29 06:32:59,603 [DEBUG] Decoded IPA frame: proto=0x00, payload_len=7, consumed=10, payload_hex: 0c1201900fffff
2026-06-29 06:32:59,603 [DEBUG] RSL message: 0c1201900fffff
2026-06-29 06:32:59,603 [DEBUG] RSL discriminator: 0x0c, message type: 0x12, payload: 0c1201900fffff
2026-06-29 06:32:59,603 [DEBUG] Incomplete frame, buffer size: 0, buffer_hex: 
2026-06-29 06:33:00,460 [DEBUG] Received 10 bytes from BTS
2026-06-29 06:33:00,460 [DEBUG] Decoded IPA frame: proto=0x00, payload_len=7, consumed=10, payload_hex: 0c1201900fffff
2026-06-29 06:33:00,460 [DEBUG] RSL message: 0c1201900fffff
2026-06-29 06:33:00,460 [DEBUG] RSL discriminator: 0x0c, message type: 0x12, payload: 0c1201900fffff
2026-06-29 06:33:00,460 [DEBUG] Incomplete frame, buffer size: 0, buffer_hex: 
2026-06-29 06:33:00,565 [INFO] Control Client connected from ('10.42.0.1', 43550)
2026-06-29 06:33:00,565 [INFO] handle_client: Starting, client socket: 12
2026-06-29 06:33:00,565 [INFO] handle_client: WELCOME sent
2026-06-29 06:33:00,603 [DEBUG] Received 10 bytes from BTS
2026-06-29 06:33:00,603 [DEBUG] Decoded IPA frame: proto=0x00, payload_len=7, consumed=10, payload_hex: 0c1201900fffff
2026-06-29 06:33:00,603 [DEBUG] RSL message: 0c1201900fffff
2026-06-29 06:33:00,603 [DEBUG] RSL discriminator: 0x0c, message type: 0x12, payload: 0c1201900fffff
2026-06-29 06:33:00,603 [DEBUG] Incomplete frame, buffer size: 0, buffer_hex: 
2026-06-29 06:33:00,616 [INFO] Replaying 36 buffered event(s)
2026-06-29 06:33:00,616 [WARNING] Failed to replay event 1: [Errno 32] Broken pipe
2026-06-29 06:33:00,616 [WARNING] Failed to replay event 2: [Errno 32] Broken pipe
2026-06-29 06:33:00,616 [WARNING] Failed to replay event 3: [Errno 32] Broken pipe
2026-06-29 06:33:00,616 [WARNING] Failed to replay event 4: [Errno 32] Broken pipe
2026-06-29 06:33:00,616 [WARNING] Failed to replay event 5: [Errno 32] Broken pipe
2026-06-29 06:33:00,616 [WARNING] Failed to replay event 6: [Errno 32] Broken pipe
2026-06-29 06:33:00,616 [WARNING] Failed to replay event 7: [Errno 32] Broken pipe
2026-06-29 06:33:00,616 [WARNING] Failed to replay event 8: [Errno 32] Broken pipe
2026-06-29 06:33:00,616 [WARNING] Failed to replay event 9: [Errno 32] Broken pipe
2026-06-29 06:33:00,616 [WARNING] Failed to replay event 10: [Errno 32] Broken pipe
2026-06-29 06:33:00,616 [WARNING] Failed to replay event 11: [Errno 32] Broken pipe
2026-06-29 06:33:00,616 [WARNING] Failed to replay event 12: [Errno 32] Broken pipe
2026-06-29 06:33:00,616 [WARNING] Failed to replay event 13: [Errno 32] Broken pipe
2026-06-29 06:33:00,616 [WARNING] Failed to replay event 14: [Errno 32] Broken pipe
2026-06-29 06:33:00,616 [WARNING] Failed to replay event 15: [Errno 32] Broken pipe
2026-06-29 06:33:00,616 [WARNING] Failed to replay event 16: [Errno 32] Broken pipe
2026-06-29 06:33:00,616 [WARNING] Failed to replay event 17: [Errno 32] Broken pipe
2026-06-29 06:33:00,616 [WARNING] Failed to replay event 18: [Errno 32] Broken pipe
2026-06-29 06:33:00,616 [WARNING] Failed to replay event 19: [Errno 32] Broken pipe
2026-06-29 06:33:00,616 [WARNING] Failed to replay event 20: [Errno 32] Broken pipe
2026-06-29 06:33:00,616 [WARNING] Failed to replay event 21: [Errno 32] Broken pipe
2026-06-29 06:33:00,616 [WARNING] Failed to replay event 22: [Errno 32] Broken pipe
2026-06-29 06:33:00,616 [WARNING] Failed to replay event 23: [Errno 32] Broken pipe
2026-06-29 06:33:00,616 [WARNING] Failed to replay event 24: [Errno 32] Broken pipe
2026-06-29 06:33:00,616 [WARNING] Failed to replay event 25: [Errno 32] Broken pipe
2026-06-29 06:33:00,616 [WARNING] Failed to replay event 26: [Errno 32] Broken pipe
2026-06-29 06:33:00,616 [WARNING] Failed to replay event 27: [Errno 32] Broken pipe
2026-06-29 06:33:00,616 [WARNING] Failed to replay event 28: [Errno 32] Broken pipe
2026-06-29 06:33:00,616 [WARNING] Failed to replay event 29: [Errno 32] Broken pipe
2026-06-29 06:33:00,616 [WARNING] Failed to replay event 30: [Errno 32] Broken pipe
2026-06-29 06:33:00,616 [WARNING] Failed to replay event 31: [Errno 32] Broken pipe
2026-06-29 06:33:00,616 [WARNING] Failed to replay event 32: [Errno 32] Broken pipe
2026-06-29 06:33:00,616 [WARNING] Failed to replay event 33: [Errno 32] Broken pipe
2026-06-29 06:33:00,616 [WARNING] Failed to replay event 34: [Errno 32] Broken pipe
2026-06-29 06:33:00,616 [WARNING] Failed to replay event 35: [Errno 32] Broken pipe
2026-06-29 06:33:00,616 [WARNING] Failed to replay event 36: [Errno 32] Broken pipe
2026-06-29 06:33:00,616 [INFO] handle_client: Entering receive loop
2026-06-29 06:33:00,616 [INFO] handle_client: Received empty data, client closed connection
2026-06-29 06:33:00,616 [INFO] Control Client disconnected
2026-06-29 06:33:01,460 [DEBUG] Received 10 bytes from BTS
2026-06-29 06:33:01,461 [DEBUG] Decoded IPA frame: proto=0x00, payload_len=7, consumed=10, payload_hex: 0c1201900fffff
2026-06-29 06:33:01,461 [DEBUG] RSL message: 0c1201900fffff
2026-06-29 06:33:01,461 [DEBUG] RSL discriminator: 0x0c, message type: 0x12, payload: 0c1201900fffff
2026-06-29 06:33:01,461 [DEBUG] Incomplete frame, buffer size: 0, buffer_hex: 
2026-06-29 06:33:01,604 [DEBUG] Received 10 bytes from BTS
2026-06-29 06:33:01,604 [DEBUG] Decoded IPA frame: proto=0x00, payload_len=7, consumed=10, payload_hex: 0c1201900fffff
2026-06-29 06:33:01,604 [DEBUG] RSL message: 0c1201900fffff
2026-06-29 06:33:01,604 [DEBUG] RSL discriminator: 0x0c, message type: 0x12, payload: 0c1201900fffff
2026-06-29 06:33:01,604 [DEBUG] Incomplete frame, buffer size: 0, buffer_hex: 
2026-06-29 06:33:02,461 [DEBUG] Received 10 bytes from BTS
2026-06-29 06:33:02,461 [DEBUG] Decoded IPA frame: proto=0x00, payload_len=7, consumed=10, payload_hex: 0c1201900fffff
2026-06-29 06:33:02,461 [DEBUG] RSL message: 0c1201900fffff
2026-06-29 06:33:02,461 [DEBUG] RSL discriminator: 0x0c, message type: 0x12, payload: 0c1201900fffff
2026-06-29 06:33:02,461 [DEBUG] Incomplete frame, buffer size: 0, buffer_hex: 
2026-06-29 06:33:02,605 [DEBUG] Received 10 bytes from BTS
2026-06-29 06:33:02,605 [DEBUG] Decoded IPA frame: proto=0x00, payload_len=7, consumed=10, payload_hex: 0c1201900fffff
2026-06-29 06:33:02,605 [DEBUG] RSL message: 0c1201900fffff
2026-06-29 06:33:02,605 [DEBUG] RSL discriminator: 0x0c, message type: 0x12, payload: 0c1201900fffff
2026-06-29 06:33:02,605 [DEBUG] Incomplete frame, buffer size: 0, buffer_hex: 
2026-06-29 06:33:03,462 [DEBUG] Received 10 bytes from BTS
2026-06-29 06:33:03,462 [DEBUG] Decoded IPA frame: proto=0x00, payload_len=7, consumed=10, payload_hex: 0c1201900fffff
2026-06-29 06:33:03,462 [DEBUG] RSL message: 0c1201900fffff
2026-06-29 06:33:03,462 [DEBUG] RSL discriminator: 0x0c, message type: 0x12, payload: 0c1201900fffff
2026-06-29 06:33:03,462 [DEBUG] Incomplete frame, buffer size: 0, buffer_hex: 
2026-06-29 06:33:03,564 [INFO] Control Client connected from ('10.42.0.1', 58902)
2026-06-29 06:33:03,565 [INFO] handle_client: Starting, client socket: 11
2026-06-29 06:33:03,565 [INFO] handle_client: WELCOME sent
2026-06-29 06:33:03,606 [DEBUG] Received 10 bytes from BTS
2026-06-29 06:33:03,606 [DEBUG] Decoded IPA frame: proto=0x00, payload_len=7, consumed=10, payload_hex: 0c1201900fffff
2026-06-29 06:33:03,606 [DEBUG] RSL message: 0c1201900fffff
2026-06-29 06:33:03,606 [DEBUG] RSL discriminator: 0x0c, message type: 0x12, payload: 0c1201900fffff
2026-06-29 06:33:03,606 [DEBUG] Incomplete frame, buffer size: 0, buffer_hex: 
2026-06-29 06:33:03,615 [INFO] Replaying 36 buffered event(s)
2026-06-29 06:33:03,615 [WARNING] Failed to replay event 1: [Errno 32] Broken pipe
2026-06-29 06:33:03,615 [WARNING] Failed to replay event 2: [Errno 32] Broken pipe
2026-06-29 06:33:03,616 [WARNING] Failed to replay event 3: [Errno 32] Broken pipe
2026-06-29 06:33:03,616 [WARNING] Failed to replay event 4: [Errno 32] Broken pipe
2026-06-29 06:33:03,616 [WARNING] Failed to replay event 5: [Errno 32] Broken pipe
2026-06-29 06:33:03,616 [WARNING] Failed to replay event 6: [Errno 32] Broken pipe
2026-06-29 06:33:03,616 [WARNING] Failed to replay event 7: [Errno 32] Broken pipe
2026-06-29 06:33:03,616 [WARNING] Failed to replay event 8: [Errno 32] Broken pipe
2026-06-29 06:33:03,616 [WARNING] Failed to replay event 9: [Errno 32] Broken pipe
2026-06-29 06:33:03,616 [WARNING] Failed to replay event 10: [Errno 32] Broken pipe
2026-06-29 06:33:03,616 [WARNING] Failed to replay event 11: [Errno 32] Broken pipe
2026-06-29 06:33:03,616 [WARNING] Failed to replay event 12: [Errno 32] Broken pipe
2026-06-29 06:33:03,616 [WARNING] Failed to replay event 13: [Errno 32] Broken pipe
2026-06-29 06:33:03,616 [WARNING] Failed to replay event 14: [Errno 32] Broken pipe
2026-06-29 06:33:03,616 [WARNING] Failed to replay event 15: [Errno 32] Broken pipe
2026-06-29 06:33:03,616 [WARNING] Failed to replay event 16: [Errno 32] Broken pipe
2026-06-29 06:33:03,616 [WARNING] Failed to replay event 17: [Errno 32] Broken pipe
2026-06-29 06:33:03,616 [WARNING] Failed to replay event 18: [Errno 32] Broken pipe
2026-06-29 06:33:03,616 [WARNING] Failed to replay event 19: [Errno 32] Broken pipe
2026-06-29 06:33:03,616 [WARNING] Failed to replay event 20: [Errno 32] Broken pipe
2026-06-29 06:33:03,616 [WARNING] Failed to replay event 21: [Errno 32] Broken pipe
2026-06-29 06:33:03,616 [WARNING] Failed to replay event 22: [Errno 32] Broken pipe
2026-06-29 06:33:03,616 [WARNING] Failed to replay event 23: [Errno 32] Broken pipe
2026-06-29 06:33:03,616 [WARNING] Failed to replay event 24: [Errno 32] Broken pipe
2026-06-29 06:33:03,616 [WARNING] Failed to replay event 25: [Errno 32] Broken pipe
2026-06-29 06:33:03,616 [WARNING] Failed to replay event 26: [Errno 32] Broken pipe
2026-06-29 06:33:03,616 [WARNING] Failed to replay event 27: [Errno 32] Broken pipe
2026-06-29 06:33:03,616 [WARNING] Failed to replay event 28: [Errno 32] Broken pipe
2026-06-29 06:33:03,616 [WARNING] Failed to replay event 29: [Errno 32] Broken pipe
2026-06-29 06:33:03,616 [WARNING] Failed to replay event 30: [Errno 32] Broken pipe
2026-06-29 06:33:03,616 [WARNING] Failed to replay event 31: [Errno 32] Broken pipe
2026-06-29 06:33:03,616 [WARNING] Failed to replay event 32: [Errno 32] Broken pipe
2026-06-29 06:33:03,616 [WARNING] Failed to replay event 33: [Errno 32] Broken pipe
2026-06-29 06:33:03,616 [WARNING] Failed to replay event 34: [Errno 32] Broken pipe
2026-06-29 06:33:03,616 [WARNING] Failed to replay event 35: [Errno 32] Broken pipe
2026-06-29 06:33:03,616 [WARNING] Failed to replay event 36: [Errno 32] Broken pipe
2026-06-29 06:33:03,616 [INFO] handle_client: Entering receive loop
2026-06-29 06:33:03,616 [INFO] handle_client: Received empty data, client closed connection
2026-06-29 06:33:03,616 [INFO] Control Client disconnected
2026-06-29 06:33:04,236 [INFO] Control Client connected from ('10.42.0.1', 58904)
2026-06-29 06:33:04,237 [INFO] handle_client: Starting, client socket: 12
2026-06-29 06:33:04,237 [INFO] handle_client: WELCOME sent
2026-06-29 06:33:04,287 [INFO] Replaying 36 buffered event(s)
2026-06-29 06:33:04,287 [WARNING] Failed to replay event 1: [Errno 32] Broken pipe
2026-06-29 06:33:04,287 [WARNING] Failed to replay event 2: [Errno 32] Broken pipe
2026-06-29 06:33:04,287 [WARNING] Failed to replay event 3: [Errno 32] Broken pipe
2026-06-29 06:33:04,287 [WARNING] Failed to replay event 4: [Errno 32] Broken pipe
2026-06-29 06:33:04,287 [WARNING] Failed to replay event 5: [Errno 32] Broken pipe
2026-06-29 06:33:04,287 [WARNING] Failed to replay event 6: [Errno 32] Broken pipe
2026-06-29 06:33:04,287 [WARNING] Failed to replay event 7: [Errno 32] Broken pipe
2026-06-29 06:33:04,287 [WARNING] Failed to replay event 8: [Errno 32] Broken pipe
2026-06-29 06:33:04,287 [WARNING] Failed to replay event 9: [Errno 32] Broken pipe
2026-06-29 06:33:04,287 [WARNING] Failed to replay event 10: [Errno 32] Broken pipe
2026-06-29 06:33:04,287 [WARNING] Failed to replay event 11: [Errno 32] Broken pipe
2026-06-29 06:33:04,287 [WARNING] Failed to replay event 12: [Errno 32] Broken pipe
2026-06-29 06:33:04,287 [WARNING] Failed to replay event 13: [Errno 32] Broken pipe
2026-06-29 06:33:04,287 [WARNING] Failed to replay event 14: [Errno 32] Broken pipe
2026-06-29 06:33:04,287 [WARNING] Failed to replay event 15: [Errno 32] Broken pipe
2026-06-29 06:33:04,287 [WARNING] Failed to replay event 16: [Errno 32] Broken pipe
2026-06-29 06:33:04,287 [WARNING] Failed to replay event 17: [Errno 32] Broken pipe
2026-06-29 06:33:04,287 [WARNING] Failed to replay event 18: [Errno 32] Broken pipe
2026-06-29 06:33:04,287 [WARNING] Failed to replay event 19: [Errno 32] Broken pipe
2026-06-29 06:33:04,287 [WARNING] Failed to replay event 20: [Errno 32] Broken pipe
2026-06-29 06:33:04,287 [WARNING] Failed to replay event 21: [Errno 32] Broken pipe
2026-06-29 06:33:04,287 [WARNING] Failed to replay event 22: [Errno 32] Broken pipe
2026-06-29 06:33:04,287 [WARNING] Failed to replay event 23: [Errno 32] Broken pipe
2026-06-29 06:33:04,287 [WARNING] Failed to replay event 24: [Errno 32] Broken pipe
2026-06-29 06:33:04,287 [WARNING] Failed to replay event 25: [Errno 32] Broken pipe
2026-06-29 06:33:04,288 [WARNING] Failed to replay event 26: [Errno 32] Broken pipe
2026-06-29 06:33:04,288 [WARNING] Failed to replay event 27: [Errno 32] Broken pipe
2026-06-29 06:33:04,288 [WARNING] Failed to replay event 28: [Errno 32] Broken pipe
2026-06-29 06:33:04,288 [WARNING] Failed to replay event 29: [Errno 32] Broken pipe
2026-06-29 06:33:04,288 [WARNING] Failed to replay event 30: [Errno 32] Broken pipe
2026-06-29 06:33:04,288 [WARNING] Failed to replay event 31: [Errno 32] Broken pipe
2026-06-29 06:33:04,288 [WARNING] Failed to replay event 32: [Errno 32] Broken pipe
2026-06-29 06:33:04,288 [WARNING] Failed to replay event 33: [Errno 32] Broken pipe
2026-06-29 06:33:04,288 [WARNING] Failed to replay event 34: [Errno 32] Broken pipe
2026-06-29 06:33:04,288 [WARNING] Failed to replay event 35: [Errno 32] Broken pipe
2026-06-29 06:33:04,288 [WARNING] Failed to replay event 36: [Errno 32] Broken pipe
2026-06-29 06:33:04,288 [INFO] handle_client: Entering receive loop
2026-06-29 06:33:04,288 [INFO] handle_client: Received empty data, client closed connection
2026-06-29 06:33:04,288 [INFO] Control Client disconnected
2026-06-29 06:33:04,462 [DEBUG] Received 10 bytes from BTS
2026-06-29 06:33:04,462 [DEBUG] Decoded IPA frame: proto=0x00, payload_len=7, consumed=10, payload_hex: 0c1201900fffff
2026-06-29 06:33:04,462 [DEBUG] RSL message: 0c1201900fffff
2026-06-29 06:33:04,462 [DEBUG] RSL discriminator: 0x0c, message type: 0x12, payload: 0c1201900fffff
2026-06-29 06:33:04,462 [DEBUG] Incomplete frame, buffer size: 0, buffer_hex: 
2026-06-29 06:33:04,606 [DEBUG] Received 10 bytes from BTS
2026-06-29 06:33:04,606 [DEBUG] Decoded IPA frame: proto=0x00, payload_len=7, consumed=10, payload_hex: 0c1201900fffff
2026-06-29 06:33:04,606 [DEBUG] RSL message: 0c1201900fffff
2026-06-29 06:33:04,606 [DEBUG] RSL discriminator: 0x0c, message type: 0x12, payload: 0c1201900fffff
2026-06-29 06:33:04,606 [DEBUG] Incomplete frame, buffer size: 0, buffer_hex: 
2026-06-29 06:33:05,463 [DEBUG] Received 10 bytes from BTS
2026-06-29 06:33:05,463 [DEBUG] Decoded IPA frame: proto=0x00, payload_len=7, consumed=10, payload_hex: 0c1201900fffff
2026-06-29 06:33:05,463 [DEBUG] RSL message: 0c1201900fffff
2026-06-29 06:33:05,463 [DEBUG] RSL discriminator: 0x0c, message type: 0x12, payload: 0c1201900fffff
2026-06-29 06:33:05,463 [DEBUG] Incomplete frame, buffer size: 0, buffer_hex: 
2026-06-29 06:33:05,607 [DEBUG] Received 10 bytes from BTS
2026-06-29 06:33:05,607 [DEBUG] Decoded IPA frame: proto=0x00, payload_len=7, consumed=10, payload_hex: 0c1201900fffff
2026-06-29 06:33:05,607 [DEBUG] RSL message: 0c1201900fffff
2026-06-29 06:33:05,607 [DEBUG] RSL discriminator: 0x0c, message type: 0x12, payload: 0c1201900fffff
2026-06-29 06:33:05,607 [DEBUG] Incomplete frame, buffer size: 0, buffer_hex: 
2026-06-29 06:33:06,464 [DEBUG] Received 10 bytes from BTS
2026-06-29 06:33:06,464 [DEBUG] Decoded IPA frame: proto=0x00, payload_len=7, consumed=10, payload_hex: 0c1201900fffff
2026-06-29 06:33:06,464 [DEBUG] RSL message: 0c1201900fffff
2026-06-29 06:33:06,464 [DEBUG] RSL discriminator: 0x0c, message type: 0x12, payload: 0c1201900fffff
2026-06-29 06:33:06,464 [DEBUG] Incomplete frame, buffer size: 0, buffer_hex: 
2026-06-29 06:33:06,564 [INFO] Control Client connected from ('10.42.0.1', 58908)
2026-06-29 06:33:06,565 [INFO] handle_client: Starting, client socket: 11
2026-06-29 06:33:06,565 [INFO] handle_client: WELCOME sent
2026-06-29 06:33:06,607 [DEBUG] Received 10 bytes from BTS
2026-06-29 06:33:06,608 [DEBUG] Decoded IPA frame: proto=0x00, payload_len=7, consumed=10, payload_hex: 0c1201900fffff
2026-06-29 06:33:06,608 [DEBUG] RSL message: 0c1201900fffff
2026-06-29 06:33:06,608 [DEBUG] RSL discriminator: 0x0c, message type: 0x12, payload: 0c1201900fffff
2026-06-29 06:33:06,608 [DEBUG] Incomplete frame, buffer size: 0, buffer_hex: 
2026-06-29 06:33:06,615 [INFO] Replaying 36 buffered event(s)
2026-06-29 06:33:06,615 [WARNING] Failed to replay event 1: [Errno 32] Broken pipe
2026-06-29 06:33:06,615 [WARNING] Failed to replay event 2: [Errno 32] Broken pipe
2026-06-29 06:33:06,615 [WARNING] Failed to replay event 3: [Errno 32] Broken pipe
2026-06-29 06:33:06,615 [WARNING] Failed to replay event 4: [Errno 32] Broken pipe
2026-06-29 06:33:06,615 [WARNING] Failed to replay event 5: [Errno 32] Broken pipe
2026-06-29 06:33:06,615 [WARNING] Failed to replay event 6: [Errno 32] Broken pipe
2026-06-29 06:33:06,615 [WARNING] Failed to replay event 7: [Errno 32] Broken pipe
2026-06-29 06:33:06,615 [WARNING] Failed to replay event 8: [Errno 32] Broken pipe
2026-06-29 06:33:06,615 [WARNING] Failed to replay event 9: [Errno 32] Broken pipe
2026-06-29 06:33:06,615 [WARNING] Failed to replay event 10: [Errno 32] Broken pipe
2026-06-29 06:33:06,615 [WARNING] Failed to replay event 11: [Errno 32] Broken pipe
2026-06-29 06:33:06,615 [WARNING] Failed to replay event 12: [Errno 32] Broken pipe
2026-06-29 06:33:06,615 [WARNING] Failed to replay event 13: [Errno 32] Broken pipe
2026-06-29 06:33:06,615 [WARNING] Failed to replay event 14: [Errno 32] Broken pipe
2026-06-29 06:33:06,615 [WARNING] Failed to replay event 15: [Errno 32] Broken pipe
2026-06-29 06:33:06,615 [WARNING] Failed to replay event 16: [Errno 32] Broken pipe
2026-06-29 06:33:06,615 [WARNING] Failed to replay event 17: [Errno 32] Broken pipe
2026-06-29 06:33:06,615 [WARNING] Failed to replay event 18: [Errno 32] Broken pipe
2026-06-29 06:33:06,615 [WARNING] Failed to replay event 19: [Errno 32] Broken pipe
2026-06-29 06:33:06,615 [WARNING] Failed to replay event 20: [Errno 32] Broken pipe
2026-06-29 06:33:06,615 [WARNING] Failed to replay event 21: [Errno 32] Broken pipe
2026-06-29 06:33:06,615 [WARNING] Failed to replay event 22: [Errno 32] Broken pipe
2026-06-29 06:33:06,615 [WARNING] Failed to replay event 23: [Errno 32] Broken pipe
2026-06-29 06:33:06,616 [WARNING] Failed to replay event 24: [Errno 32] Broken pipe
2026-06-29 06:33:06,616 [WARNING] Failed to replay event 25: [Errno 32] Broken pipe
2026-06-29 06:33:06,616 [WARNING] Failed to replay event 26: [Errno 32] Broken pipe
2026-06-29 06:33:06,616 [WARNING] Failed to replay event 27: [Errno 32] Broken pipe
2026-06-29 06:33:06,616 [WARNING] Failed to replay event 28: [Errno 32] Broken pipe
2026-06-29 06:33:06,616 [WARNING] Failed to replay event 29: [Errno 32] Broken pipe
2026-06-29 06:33:06,616 [WARNING] Failed to replay event 30: [Errno 32] Broken pipe
2026-06-29 06:33:06,616 [WARNING] Failed to replay event 31: [Errno 32] Broken pipe
2026-06-29 06:33:06,616 [WARNING] Failed to replay event 32: [Errno 32] Broken pipe
2026-06-29 06:33:06,616 [WARNING] Failed to replay event 33: [Errno 32] Broken pipe
2026-06-29 06:33:06,616 [WARNING] Failed to replay event 34: [Errno 32] Broken pipe
2026-06-29 06:33:06,616 [WARNING] Failed to replay event 35: [Errno 32] Broken pipe
2026-06-29 06:33:06,616 [WARNING] Failed to replay event 36: [Errno 32] Broken pipe
2026-06-29 06:33:06,616 [INFO] handle_client: Entering receive loop
2026-06-29 06:33:06,616 [INFO] handle_client: Received empty data, client closed connection
2026-06-29 06:33:06,616 [INFO] Control Client disconnected
2026-06-29 06:33:07,464 [DEBUG] Received 10 bytes from BTS
2026-06-29 06:33:07,464 [DEBUG] Decoded IPA frame: proto=0x00, payload_len=7, consumed=10, payload_hex: 0c1201900fffff
2026-06-29 06:33:07,464 [DEBUG] RSL message: 0c1201900fffff
2026-06-29 06:33:07,464 [DEBUG] RSL discriminator: 0x0c, message type: 0x12, payload: 0c1201900fffff
2026-06-29 06:33:07,464 [DEBUG] Incomplete frame, buffer size: 0, buffer_hex: 
2026-06-29 06:33:07,608 [DEBUG] Received 10 bytes from BTS
2026-06-29 06:33:07,608 [DEBUG] Decoded IPA frame: proto=0x00, payload_len=7, consumed=10, payload_hex: 0c1201900fffff
2026-06-29 06:33:07,608 [DEBUG] RSL message: 0c1201900fffff
2026-06-29 06:33:07,608 [DEBUG] RSL discriminator: 0x0c, message type: 0x12, payload: 0c1201900fffff
2026-06-29 06:33:07,608 [DEBUG] Incomplete frame, buffer size: 0, buffer_hex: 
2026-06-29 06:33:08,464 [DEBUG] Received 10 bytes from BTS
2026-06-29 06:33:08,465 [DEBUG] Decoded IPA frame: proto=0x00, payload_len=7, consumed=10, payload_hex: 0c1201900fffff
2026-06-29 06:33:08,465 [DEBUG] RSL message: 0c1201900fffff
2026-06-29 06:33:08,465 [DEBUG] RSL discriminator: 0x0c, message type: 0x12, payload: 0c1201900fffff
2026-06-29 06:33:08,465 [DEBUG] Incomplete frame, buffer size: 0, buffer_hex: 
2026-06-29 06:33:08,608 [DEBUG] Received 10 bytes from BTS
2026-06-29 06:33:08,609 [DEBUG] Decoded IPA frame: proto=0x00, payload_len=7, consumed=10, payload_hex: 0c1201900fffff
2026-06-29 06:33:08,609 [DEBUG] RSL message: 0c1201900fffff
2026-06-29 06:33:08,609 [DEBUG] RSL discriminator: 0x0c, message type: 0x12, payload: 0c1201900fffff
2026-06-29 06:33:08,609 [DEBUG] Incomplete frame, buffer size: 0, buffer_hex: 
2026-06-29 06:33:09,466 [DEBUG] Received 10 bytes from BTS
2026-06-29 06:33:09,466 [DEBUG] Decoded IPA frame: proto=0x00, payload_len=7, consumed=10, payload_hex: 0c1201900fffff
2026-06-29 06:33:09,466 [DEBUG] RSL message: 0c1201900fffff
2026-06-29 06:33:09,466 [DEBUG] RSL discriminator: 0x0c, message type: 0x12, payload: 0c1201900fffff
2026-06-29 06:33:09,466 [DEBUG] Incomplete frame, buffer size: 0, buffer_hex: 
2026-06-29 06:33:09,564 [INFO] Control Client connected from ('10.42.0.1', 58924)
2026-06-29 06:33:09,565 [INFO] handle_client: Starting, client socket: 12
2026-06-29 06:33:09,565 [INFO] handle_client: WELCOME sent
2026-06-29 06:33:09,609 [DEBUG] Received 10 bytes from BTS
2026-06-29 06:33:09,609 [DEBUG] Decoded IPA frame: proto=0x00, payload_len=7, consumed=10, payload_hex: 0c1201900fffff
2026-06-29 06:33:09,609 [DEBUG] RSL message: 0c1201900fffff
2026-06-29 06:33:09,609 [DEBUG] RSL discriminator: 0x0c, message type: 0x12, payload: 0c1201900fffff
2026-06-29 06:33:09,609 [DEBUG] Incomplete frame, buffer size: 0, buffer_hex: 
2026-06-29 06:33:09,615 [INFO] Replaying 36 buffered event(s)
2026-06-29 06:33:09,615 [WARNING] Failed to replay event 1: [Errno 32] Broken pipe
2026-06-29 06:33:09,615 [WARNING] Failed to replay event 2: [Errno 32] Broken pipe
2026-06-29 06:33:09,615 [WARNING] Failed to replay event 3: [Errno 32] Broken pipe
2026-06-29 06:33:09,615 [WARNING] Failed to replay event 4: [Errno 32] Broken pipe
2026-06-29 06:33:09,615 [WARNING] Failed to replay event 5: [Errno 32] Broken pipe
2026-06-29 06:33:09,615 [WARNING] Failed to replay event 6: [Errno 32] Broken pipe
2026-06-29 06:33:09,615 [WARNING] Failed to replay event 7: [Errno 32] Broken pipe
2026-06-29 06:33:09,615 [WARNING] Failed to replay event 8: [Errno 32] Broken pipe
2026-06-29 06:33:09,615 [WARNING] Failed to replay event 9: [Errno 32] Broken pipe
2026-06-29 06:33:09,615 [WARNING] Failed to replay event 10: [Errno 32] Broken pipe
2026-06-29 06:33:09,615 [WARNING] Failed to replay event 11: [Errno 32] Broken pipe
2026-06-29 06:33:09,615 [WARNING] Failed to replay event 12: [Errno 32] Broken pipe
2026-06-29 06:33:09,615 [WARNING] Failed to replay event 13: [Errno 32] Broken pipe
2026-06-29 06:33:09,615 [WARNING] Failed to replay event 14: [Errno 32] Broken pipe
2026-06-29 06:33:09,615 [WARNING] Failed to replay event 15: [Errno 32] Broken pipe
2026-06-29 06:33:09,615 [WARNING] Failed to replay event 16: [Errno 32] Broken pipe
2026-06-29 06:33:09,616 [WARNING] Failed to replay event 17: [Errno 32] Broken pipe
2026-06-29 06:33:09,616 [WARNING] Failed to replay event 18: [Errno 32] Broken pipe
2026-06-29 06:33:09,616 [WARNING] Failed to replay event 19: [Errno 32] Broken pipe
2026-06-29 06:33:09,616 [WARNING] Failed to replay event 20: [Errno 32] Broken pipe
2026-06-29 06:33:09,616 [WARNING] Failed to replay event 21: [Errno 32] Broken pipe
2026-06-29 06:33:09,616 [WARNING] Failed to replay event 22: [Errno 32] Broken pipe
2026-06-29 06:33:09,616 [WARNING] Failed to replay event 23: [Errno 32] Broken pipe
2026-06-29 06:33:09,616 [WARNING] Failed to replay event 24: [Errno 32] Broken pipe
2026-06-29 06:33:09,616 [WARNING] Failed to replay event 25: [Errno 32] Broken pipe
2026-06-29 06:33:09,616 [WARNING] Failed to replay event 26: [Errno 32] Broken pipe
2026-06-29 06:33:09,616 [WARNING] Failed to replay event 27: [Errno 32] Broken pipe
2026-06-29 06:33:09,616 [WARNING] Failed to replay event 28: [Errno 32] Broken pipe
2026-06-29 06:33:09,616 [WARNING] Failed to replay event 29: [Errno 32] Broken pipe
2026-06-29 06:33:09,616 [WARNING] Failed to replay event 30: [Errno 32] Broken pipe
2026-06-29 06:33:09,616 [WARNING] Failed to replay event 31: [Errno 32] Broken pipe
2026-06-29 06:33:09,616 [WARNING] Failed to replay event 32: [Errno 32] Broken pipe
2026-06-29 06:33:09,616 [WARNING] Failed to replay event 33: [Errno 32] Broken pipe
2026-06-29 06:33:09,616 [WARNING] Failed to replay event 34: [Errno 32] Broken pipe
2026-06-29 06:33:09,616 [WARNING] Failed to replay event 35: [Errno 32] Broken pipe
2026-06-29 06:33:09,616 [WARNING] Failed to replay event 36: [Errno 32] Broken pipe
2026-06-29 06:33:09,616 [INFO] handle_client: Entering receive loop
2026-06-29 06:33:09,616 [INFO] handle_client: Received empty data, client closed connection
2026-06-29 06:33:09,616 [INFO] Control Client disconnected
2026-06-29 06:33:10,466 [DEBUG] Received 10 bytes from BTS
2026-06-29 06:33:10,466 [DEBUG] Decoded IPA frame: proto=0x00, payload_len=7, consumed=10, payload_hex: 0c1201900fffff
2026-06-29 06:33:10,466 [DEBUG] RSL message: 0c1201900fffff
2026-06-29 06:33:10,466 [DEBUG] RSL discriminator: 0x0c, message type: 0x12, payload: 0c1201900fffff
2026-06-29 06:33:10,466 [DEBUG] Incomplete frame, buffer size: 0, buffer_hex: 
2026-06-29 06:33:10,610 [DEBUG] Received 10 bytes from BTS
2026-06-29 06:33:10,610 [DEBUG] Decoded IPA frame: proto=0x00, payload_len=7, consumed=10, payload_hex: 0c1201900fffff
2026-06-29 06:33:10,610 [DEBUG] RSL message: 0c1201900fffff
2026-06-29 06:33:10,610 [DEBUG] RSL discriminator: 0x0c, message type: 0x12, payload: 0c1201900fffff
2026-06-29 06:33:10,610 [DEBUG] Incomplete frame, buffer size: 0, buffer_hex: 
2026-06-29 06:33:11,467 [DEBUG] Received 10 bytes from BTS
2026-06-29 06:33:11,468 [DEBUG] Decoded IPA frame: proto=0x00, payload_len=7, consumed=10, payload_hex: 0c1201900fffff
2026-06-29 06:33:11,468 [DEBUG] RSL message: 0c1201900fffff
2026-06-29 06:33:11,468 [DEBUG] RSL discriminator: 0x0c, message type: 0x12, payload: 0c1201900fffff
2026-06-29 06:33:11,468 [DEBUG] Incomplete frame, buffer size: 0, buffer_hex: 
2026-06-29 06:33:11,610 [DEBUG] Received 10 bytes from BTS
2026-06-29 06:33:11,610 [DEBUG] Decoded IPA frame: proto=0x00, payload_len=7, consumed=10, payload_hex: 0c1201900fffff
2026-06-29 06:33:11,610 [DEBUG] RSL message: 0c1201900fffff
2026-06-29 06:33:11,610 [DEBUG] RSL discriminator: 0x0c, message type: 0x12, payload: 0c1201900fffff
2026-06-29 06:33:11,610 [DEBUG] Incomplete frame, buffer size: 0, buffer_hex: 
2026-06-29 06:33:12,468 [DEBUG] Received 10 bytes from BTS
2026-06-29 06:33:12,468 [DEBUG] Decoded IPA frame: proto=0x00, payload_len=7, consumed=10, payload_hex: 0c1201900fffff
2026-06-29 06:33:12,468 [DEBUG] RSL message: 0c1201900fffff
2026-06-29 06:33:12,468 [DEBUG] RSL discriminator: 0x0c, message type: 0x12, payload: 0c1201900fffff
2026-06-29 06:33:12,468 [DEBUG] Incomplete frame, buffer size: 0, buffer_hex: 
2026-06-29 06:33:12,564 [INFO] Control Client connected from ('10.42.0.1', 34454)
2026-06-29 06:33:12,565 [INFO] handle_client: Starting, client socket: 11
2026-06-29 06:33:12,565 [INFO] handle_client: WELCOME sent
2026-06-29 06:33:12,611 [DEBUG] Received 10 bytes from BTS
2026-06-29 06:33:12,611 [DEBUG] Decoded IPA frame: proto=0x00, payload_len=7, consumed=10, payload_hex: 0c1201900fffff
2026-06-29 06:33:12,611 [DEBUG] RSL message: 0c1201900fffff
2026-06-29 06:33:12,611 [DEBUG] RSL discriminator: 0x0c, message type: 0x12, payload: 0c1201900fffff
2026-06-29 06:33:12,611 [DEBUG] Incomplete frame, buffer size: 0, buffer_hex: 
2026-06-29 06:33:12,615 [INFO] Replaying 36 buffered event(s)
2026-06-29 06:33:12,615 [WARNING] Failed to replay event 1: [Errno 32] Broken pipe
2026-06-29 06:33:12,615 [WARNING] Failed to replay event 2: [Errno 32] Broken pipe
2026-06-29 06:33:12,615 [WARNING] Failed to replay event 3: [Errno 32] Broken pipe
2026-06-29 06:33:12,615 [WARNING] Failed to replay event 4: [Errno 32] Broken pipe
2026-06-29 06:33:12,615 [WARNING] Failed to replay event 5: [Errno 32] Broken pipe
2026-06-29 06:33:12,615 [WARNING] Failed to replay event 6: [Errno 32] Broken pipe
2026-06-29 06:33:12,615 [WARNING] Failed to replay event 7: [Errno 32] Broken pipe
2026-06-29 06:33:12,615 [WARNING] Failed to replay event 8: [Errno 32] Broken pipe
2026-06-29 06:33:12,615 [WARNING] Failed to replay event 9: [Errno 32] Broken pipe
2026-06-29 06:33:12,615 [WARNING] Failed to replay event 10: [Errno 32] Broken pipe
2026-06-29 06:33:12,615 [WARNING] Failed to replay event 11: [Errno 32] Broken pipe
2026-06-29 06:33:12,615 [WARNING] Failed to replay event 12: [Errno 32] Broken pipe
2026-06-29 06:33:12,615 [WARNING] Failed to replay event 13: [Errno 32] Broken pipe
2026-06-29 06:33:12,615 [WARNING] Failed to replay event 14: [Errno 32] Broken pipe
2026-06-29 06:33:12,616 [WARNING] Failed to replay event 15: [Errno 32] Broken pipe
2026-06-29 06:33:12,616 [WARNING] Failed to replay event 16: [Errno 32] Broken pipe
2026-06-29 06:33:12,616 [WARNING] Failed to replay event 17: [Errno 32] Broken pipe
2026-06-29 06:33:12,616 [WARNING] Failed to replay event 18: [Errno 32] Broken pipe
2026-06-29 06:33:12,616 [WARNING] Failed to replay event 19: [Errno 32] Broken pipe
2026-06-29 06:33:12,616 [WARNING] Failed to replay event 20: [Errno 32] Broken pipe
2026-06-29 06:33:12,616 [WARNING] Failed to replay event 21: [Errno 32] Broken pipe
2026-06-29 06:33:12,616 [WARNING] Failed to replay event 22: [Errno 32] Broken pipe
2026-06-29 06:33:12,616 [WARNING] Failed to replay event 23: [Errno 32] Broken pipe
2026-06-29 06:33:12,616 [WARNING] Failed to replay event 24: [Errno 32] Broken pipe
2026-06-29 06:33:12,616 [WARNING] Failed to replay event 25: [Errno 32] Broken pipe
2026-06-29 06:33:12,616 [WARNING] Failed to replay event 26: [Errno 32] Broken pipe
2026-06-29 06:33:12,616 [WARNING] Failed to replay event 27: [Errno 32] Broken pipe
2026-06-29 06:33:12,616 [WARNING] Failed to replay event 28: [Errno 32] Broken pipe
2026-06-29 06:33:12,616 [WARNING] Failed to replay event 29: [Errno 32] Broken pipe
2026-06-29 06:33:12,616 [WARNING] Failed to replay event 30: [Errno 32] Broken pipe
2026-06-29 06:33:12,616 [WARNING] Failed to replay event 31: [Errno 32] Broken pipe
2026-06-29 06:33:12,616 [WARNING] Failed to replay event 32: [Errno 32] Broken pipe
2026-06-29 06:33:12,616 [WARNING] Failed to replay event 33: [Errno 32] Broken pipe
2026-06-29 06:33:12,616 [WARNING] Failed to replay event 34: [Errno 32] Broken pipe
2026-06-29 06:33:12,616 [WARNING] Failed to replay event 35: [Errno 32] Broken pipe
2026-06-29 06:33:12,616 [WARNING] Failed to replay event 36: [Errno 32] Broken pipe
2026-06-29 06:33:12,616 [INFO] handle_client: Entering receive loop
2026-06-29 06:33:12,616 [INFO] handle_client: Received empty data, client closed connection
2026-06-29 06:33:12,616 [INFO] Control Client disconnected
2026-06-29 06:33:13,468 [DEBUG] Received 10 bytes from BTS
2026-06-29 06:33:13,469 [DEBUG] Decoded IPA frame: proto=0x00, payload_len=7, consumed=10, payload_hex: 0c1201900fffff
2026-06-29 06:33:13,469 [DEBUG] RSL message: 0c1201900fffff
2026-06-29 06:33:13,469 [DEBUG] RSL discriminator: 0x0c, message type: 0x12, payload: 0c1201900fffff
2026-06-29 06:33:13,469 [DEBUG] Incomplete frame, buffer size: 0, buffer_hex: 
2026-06-29 06:33:13,611 [DEBUG] Received 10 bytes from BTS
2026-06-29 06:33:13,612 [DEBUG] Decoded IPA frame: proto=0x00, payload_len=7, consumed=10, payload_hex: 0c1201900fffff
2026-06-29 06:33:13,612 [DEBUG] RSL message: 0c1201900fffff
2026-06-29 06:33:13,612 [DEBUG] RSL discriminator: 0x0c, message type: 0x12, payload: 0c1201900fffff
2026-06-29 06:33:13,612 [DEBUG] Incomplete frame, buffer size: 0, buffer_hex: 
2026-06-29 06:33:14,155 [DEBUG] Received 13 bytes from BTS
2026-06-29 06:33:14,156 [DEBUG] Decoded IPA frame: proto=0x00, payload_len=10, consumed=13, payload_hex: 0c1301881301f2881100
2026-06-29 06:33:14,156 [DEBUG] RSL message: 0c1301881301f2881100
2026-06-29 06:33:14,156 [DEBUG] RSL discriminator: 0x0c, message type: 0x13, payload: 0c1301881301f2881100
2026-06-29 06:33:14,156 [INFO] BTS 4242/0/0: CHAN_RQD received - RA=1, FN=40308, payload: 0c1301881301f2881100
2026-06-29 06:33:14,156 [INFO] CHAN_RQD: RA=1 FN=40308 BTS=4242/0/0
2026-06-29 06:33:14,156 [INFO] DEBUG: auto_respond=True
2026-06-29 06:33:14,156 [INFO] Auto-respond has ENABLED - sending CHAN_ACTIV then IMMEDIATE ASSIGNMENT EXTENDED
2026-06-29 06:33:14,156 [INFO] Auto-respond: selected chan_nr=0x20 (active=[])
2026-06-29 06:33:14,156 [DEBUG] Sending RSL message (22 bytes)
2026-06-29 06:33:14,156 [DEBUG] Sending 25 bytes to BTS 4242/0/0
2026-06-29 06:33:14,156 [INFO] Auto-respond: Sent CHAN_ACTIV for chan_nr=0x20
2026-06-29 06:33:14,157 [INFO] Sending CHAN_RQD event to control server: RA=1, FN_enc=62088
2026-06-29 06:33:14,157 [DEBUG] Sent event: CHAN_RQD to 1 client(s)
2026-06-29 06:33:14,157 [DEBUG] Incomplete frame, buffer size: 0, buffer_hex: 
2026-06-29 06:33:14,157 [DEBUG] Received 10 bytes from BTS
2026-06-29 06:33:14,157 [DEBUG] Decoded IPA frame: proto=0x00, payload_len=7, consumed=10, payload_hex: 0822012008f04f
2026-06-29 06:33:14,157 [DEBUG] RSL message: 0822012008f04f
2026-06-29 06:33:14,157 [DEBUG] RSL discriminator: 0x08, message type: 0x22, payload: 0822012008f04f
2026-06-29 06:33:14,157 [INFO] CHAN_ACTIV_ACK received for chan_nr=0x20
2026-06-29 06:33:14,157 [DEBUG] Incomplete frame, buffer size: 0, buffer_hex: 
2026-06-29 06:33:14,157 [INFO] CHAN_ACTIV_ACK received for chan_nr=0x20, sending IMM_ASS_EXT
2026-06-29 06:33:14,158 [INFO] Auto-respond IMM_ASS_EXT: ARFCN=51 chan_nr=0x20 (BTS 4242/0/0)
2026-06-29 06:33:14,158 [INFO] Auto-respond IMM_ASS_EXT (19 bytes): 0606390020e03301f28800ffe033ff00000000
2026-06-29 06:33:14,158 [DEBUG] Encoded IMMEDIATE ASSIGNMENT CMD: 29 bytes, RR msg: 19 bytes padded to 23
2026-06-29 06:33:14,158 [DEBUG] Sending RSL message (29 bytes)
2026-06-29 06:33:14,158 [DEBUG] Sending 32 bytes to BTS 4242/0/0
2026-06-29 06:33:14,158 [INFO] Auto-respond: Sent IMMEDIATE ASSIGNMENT CMD after CHAN_ACTIV_ACK
2026-06-29 06:33:14,236 [INFO] Control Client connected from ('10.42.0.1', 34460)
2026-06-29 06:33:14,237 [INFO] handle_client: Starting, client socket: 12
2026-06-29 06:33:14,237 [INFO] handle_client: WELCOME sent
2026-06-29 06:33:14,287 [INFO] Replaying 36 buffered event(s)
2026-06-29 06:33:14,287 [WARNING] Failed to replay event 1: [Errno 32] Broken pipe
2026-06-29 06:33:14,287 [WARNING] Failed to replay event 2: [Errno 32] Broken pipe
2026-06-29 06:33:14,287 [WARNING] Failed to replay event 3: [Errno 32] Broken pipe
2026-06-29 06:33:14,287 [WARNING] Failed to replay event 4: [Errno 32] Broken pipe
2026-06-29 06:33:14,287 [WARNING] Failed to replay event 5: [Errno 32] Broken pipe
2026-06-29 06:33:14,287 [WARNING] Failed to replay event 6: [Errno 32] Broken pipe
2026-06-29 06:33:14,287 [WARNING] Failed to replay event 7: [Errno 32] Broken pipe
2026-06-29 06:33:14,287 [WARNING] Failed to replay event 8: [Errno 32] Broken pipe
2026-06-29 06:33:14,287 [WARNING] Failed to replay event 9: [Errno 32] Broken pipe
2026-06-29 06:33:14,287 [WARNING] Failed to replay event 10: [Errno 32] Broken pipe
2026-06-29 06:33:14,288 [WARNING] Failed to replay event 11: [Errno 32] Broken pipe
2026-06-29 06:33:14,288 [WARNING] Failed to replay event 12: [Errno 32] Broken pipe
2026-06-29 06:33:14,288 [WARNING] Failed to replay event 13: [Errno 32] Broken pipe
2026-06-29 06:33:14,288 [WARNING] Failed to replay event 14: [Errno 32] Broken pipe
2026-06-29 06:33:14,288 [WARNING] Failed to replay event 15: [Errno 32] Broken pipe
2026-06-29 06:33:14,288 [WARNING] Failed to replay event 16: [Errno 32] Broken pipe
2026-06-29 06:33:14,288 [WARNING] Failed to replay event 17: [Errno 32] Broken pipe
2026-06-29 06:33:14,288 [WARNING] Failed to replay event 18: [Errno 32] Broken pipe
2026-06-29 06:33:14,288 [WARNING] Failed to replay event 19: [Errno 32] Broken pipe
2026-06-29 06:33:14,288 [WARNING] Failed to replay event 20: [Errno 32] Broken pipe
2026-06-29 06:33:14,288 [WARNING] Failed to replay event 21: [Errno 32] Broken pipe
2026-06-29 06:33:14,288 [WARNING] Failed to replay event 22: [Errno 32] Broken pipe
2026-06-29 06:33:14,288 [WARNING] Failed to replay event 23: [Errno 32] Broken pipe
2026-06-29 06:33:14,288 [WARNING] Failed to replay event 24: [Errno 32] Broken pipe
2026-06-29 06:33:14,288 [WARNING] Failed to replay event 25: [Errno 32] Broken pipe
2026-06-29 06:33:14,288 [WARNING] Failed to replay event 26: [Errno 32] Broken pipe
2026-06-29 06:33:14,288 [WARNING] Failed to replay event 27: [Errno 32] Broken pipe
2026-06-29 06:33:14,288 [WARNING] Failed to replay event 28: [Errno 32] Broken pipe
2026-06-29 06:33:14,288 [WARNING] Failed to replay event 29: [Errno 32] Broken pipe
2026-06-29 06:33:14,288 [WARNING] Failed to replay event 30: [Errno 32] Broken pipe
2026-06-29 06:33:14,288 [WARNING] Failed to replay event 31: [Errno 32] Broken pipe
2026-06-29 06:33:14,288 [WARNING] Failed to replay event 32: [Errno 32] Broken pipe
2026-06-29 06:33:14,288 [WARNING] Failed to replay event 33: [Errno 32] Broken pipe
2026-06-29 06:33:14,288 [WARNING] Failed to replay event 34: [Errno 32] Broken pipe
2026-06-29 06:33:14,288 [WARNING] Failed to replay event 35: [Errno 32] Broken pipe
2026-06-29 06:33:14,288 [WARNING] Failed to replay event 36: [Errno 32] Broken pipe
2026-06-29 06:33:14,288 [INFO] handle_client: Entering receive loop
2026-06-29 06:33:14,288 [INFO] handle_client: Received empty data, client closed connection
2026-06-29 06:33:14,288 [INFO] Control Client disconnected
2026-06-29 06:33:14,392 [DEBUG] Received 30 bytes from BTS
2026-06-29 06:33:14,392 [DEBUG] Decoded IPA frame: proto=0x00, payload_len=27, consumed=30, payload_hex: 0206012002000b001205087009f107000033089910070000000010
2026-06-29 06:33:14,392 [DEBUG] RSL message: 0206012002000b001205087009f107000033089910070000000010
2026-06-29 06:33:14,392 [DEBUG] RSL discriminator: 0x02, message type: 0x06, payload: 0206012002000b001205087009f10700
2026-06-29 06:33:14,392 [INFO] ESTABLISH_IND: chan_nr=0x20, L3=05087009f107000033089910070000000010
2026-06-29 06:33:14,392 [DEBUG] Sent event: ESTABLISH_IND to 1 client(s)
2026-06-29 06:33:14,392 [INFO] ESTABLISH_IND: LU REQUEST detected, emitting EVENT_LU_REQUEST chan_nr=0x20
2026-06-29 06:33:14,392 [DEBUG] Sent event: EVENT_LU_REQUEST to 1 client(s)
2026-06-29 06:33:14,393 [DEBUG] Incomplete frame, buffer size: 0, buffer_hex: 
2026-06-29 06:33:14,469 [DEBUG] Received 10 bytes from BTS
2026-06-29 06:33:14,469 [DEBUG] Decoded IPA frame: proto=0x00, payload_len=7, consumed=10, payload_hex: 0c1201900fffff
2026-06-29 06:33:14,469 [DEBUG] RSL message: 0c1201900fffff
2026-06-29 06:33:14,469 [DEBUG] RSL discriminator: 0x0c, message type: 0x12, payload: 0c1201900fffff
2026-06-29 06:33:14,469 [DEBUG] Incomplete frame, buffer size: 0, buffer_hex: 
2026-06-29 06:33:14,612 [DEBUG] Received 10 bytes from BTS
2026-06-29 06:33:14,612 [DEBUG] Decoded IPA frame: proto=0x00, payload_len=7, consumed=10, payload_hex: 0c1201900fffff
2026-06-29 06:33:14,613 [DEBUG] RSL message: 0c1201900fffff
2026-06-29 06:33:14,613 [DEBUG] RSL discriminator: 0x0c, message type: 0x12, payload: 0c1201900fffff
2026-06-29 06:33:14,613 [DEBUG] Incomplete frame, buffer size: 0, buffer_hex: 
2026-06-29 06:33:15,331 [DEBUG] Received 42 bytes from BTS
2026-06-29 06:33:15,331 [DEBUG] Decoded IPA frame: proto=0x00, payload_len=39, consumed=42, payload_hex: 082801201b001903013f3f04000a98000b001206153f3f01c0000000000000000000000000253f
2026-06-29 06:33:15,332 [DEBUG] RSL message: 082801201b001903013f3f04000a98000b001206153f3f01c0000000000000000000000000253f
2026-06-29 06:33:15,332 [DEBUG] RSL discriminator: 0x08, message type: 0x28, payload: 082801201b001903013f3f04000a9800
2026-06-29 06:33:15,332 [INFO] MEAS_RES: chan_nr=0x20, ncells=0
2026-06-29 06:33:15,332 [DEBUG] Sent event: MEAS_RES to 1 client(s)
2026-06-29 06:33:15,332 [DEBUG] Incomplete frame, buffer size: 0, buffer_hex: 
2026-06-29 06:33:15,470 [DEBUG] Received 10 bytes from BTS
2026-06-29 06:33:15,470 [DEBUG] Decoded IPA frame: proto=0x00, payload_len=7, consumed=10, payload_hex: 0c1201900fffff
2026-06-29 06:33:15,470 [DEBUG] RSL message: 0c1201900fffff
2026-06-29 06:33:15,470 [DEBUG] RSL discriminator: 0x0c, message type: 0x12, payload: 0c1201900fffff
2026-06-29 06:33:15,470 [DEBUG] Incomplete frame, buffer size: 0, buffer_hex: 
2026-06-29 06:33:15,565 [INFO] Control Client connected from ('10.42.0.1', 34472)
2026-06-29 06:33:15,565 [INFO] handle_client: Starting, client socket: 11
2026-06-29 06:33:15,565 [INFO] handle_client: WELCOME sent
2026-06-29 06:33:15,612 [DEBUG] Received 10 bytes from BTS
2026-06-29 06:33:15,613 [DEBUG] Decoded IPA frame: proto=0x00, payload_len=7, consumed=10, payload_hex: 0c1201900fffff
2026-06-29 06:33:15,613 [DEBUG] RSL message: 0c1201900fffff
2026-06-29 06:33:15,613 [DEBUG] RSL discriminator: 0x0c, message type: 0x12, payload: 0c1201900fffff
2026-06-29 06:33:15,613 [DEBUG] Incomplete frame, buffer size: 0, buffer_hex: 
2026-06-29 06:33:15,615 [INFO] Replaying 36 buffered event(s)
2026-06-29 06:33:15,615 [WARNING] Failed to replay event 1: [Errno 32] Broken pipe
2026-06-29 06:33:15,615 [WARNING] Failed to replay event 2: [Errno 32] Broken pipe
2026-06-29 06:33:15,615 [WARNING] Failed to replay event 3: [Errno 32] Broken pipe
2026-06-29 06:33:15,616 [WARNING] Failed to replay event 4: [Errno 32] Broken pipe
2026-06-29 06:33:15,616 [WARNING] Failed to replay event 5: [Errno 32] Broken pipe
2026-06-29 06:33:15,616 [WARNING] Failed to replay event 6: [Errno 32] Broken pipe
2026-06-29 06:33:15,616 [WARNING] Failed to replay event 7: [Errno 32] Broken pipe
2026-06-29 06:33:15,616 [WARNING] Failed to replay event 8: [Errno 32] Broken pipe
2026-06-29 06:33:15,616 [WARNING] Failed to replay event 9: [Errno 32] Broken pipe
2026-06-29 06:33:15,616 [WARNING] Failed to replay event 10: [Errno 32] Broken pipe
2026-06-29 06:33:15,616 [WARNING] Failed to replay event 11: [Errno 32] Broken pipe
2026-06-29 06:33:15,616 [WARNING] Failed to replay event 12: [Errno 32] Broken pipe
2026-06-29 06:33:15,616 [WARNING] Failed to replay event 13: [Errno 32] Broken pipe
2026-06-29 06:33:15,616 [WARNING] Failed to replay event 14: [Errno 32] Broken pipe
2026-06-29 06:33:15,616 [WARNING] Failed to replay event 15: [Errno 32] Broken pipe
2026-06-29 06:33:15,616 [WARNING] Failed to replay event 16: [Errno 32] Broken pipe
2026-06-29 06:33:15,616 [WARNING] Failed to replay event 17: [Errno 32] Broken pipe
2026-06-29 06:33:15,616 [WARNING] Failed to replay event 18: [Errno 32] Broken pipe
2026-06-29 06:33:15,616 [WARNING] Failed to replay event 19: [Errno 32] Broken pipe
2026-06-29 06:33:15,616 [WARNING] Failed to replay event 20: [Errno 32] Broken pipe
2026-06-29 06:33:15,616 [WARNING] Failed to replay event 21: [Errno 32] Broken pipe
2026-06-29 06:33:15,616 [WARNING] Failed to replay event 22: [Errno 32] Broken pipe
2026-06-29 06:33:15,616 [WARNING] Failed to replay event 23: [Errno 32] Broken pipe
2026-06-29 06:33:15,616 [WARNING] Failed to replay event 24: [Errno 32] Broken pipe
2026-06-29 06:33:15,616 [WARNING] Failed to replay event 25: [Errno 32] Broken pipe
2026-06-29 06:33:15,616 [WARNING] Failed to replay event 26: [Errno 32] Broken pipe
2026-06-29 06:33:15,616 [WARNING] Failed to replay event 27: [Errno 32] Broken pipe
2026-06-29 06:33:15,616 [WARNING] Failed to replay event 28: [Errno 32] Broken pipe
2026-06-29 06:33:15,616 [WARNING] Failed to replay event 29: [Errno 32] Broken pipe
2026-06-29 06:33:15,616 [WARNING] Failed to replay event 30: [Errno 32] Broken pipe
2026-06-29 06:33:15,616 [WARNING] Failed to replay event 31: [Errno 32] Broken pipe
2026-06-29 06:33:15,616 [WARNING] Failed to replay event 32: [Errno 32] Broken pipe
2026-06-29 06:33:15,616 [WARNING] Failed to replay event 33: [Errno 32] Broken pipe
2026-06-29 06:33:15,616 [WARNING] Failed to replay event 34: [Errno 32] Broken pipe
2026-06-29 06:33:15,616 [WARNING] Failed to replay event 35: [Errno 32] Broken pipe
2026-06-29 06:33:15,616 [WARNING] Failed to replay event 36: [Errno 32] Broken pipe
2026-06-29 06:33:15,616 [INFO] handle_client: Entering receive loop
2026-06-29 06:33:15,616 [INFO] handle_client: Received empty data, client closed connection
2026-06-29 06:33:15,616 [INFO] Control Client disconnected
2026-06-29 06:33:16,273 [DEBUG] Received 42 bytes from BTS
2026-06-29 06:33:16,273 [DEBUG] Decoded IPA frame: proto=0x00, payload_len=39, consumed=42, payload_hex: 082801201b011903013f3f04000a98000b001206153f3f01c0000000000000000000000000253f
2026-06-29 06:33:16,273 [DEBUG] RSL message: 082801201b011903013f3f04000a98000b001206153f3f01c0000000000000000000000000253f
2026-06-29 06:33:16,273 [DEBUG] RSL discriminator: 0x08, message type: 0x28, payload: 082801201b011903013f3f04000a9800
2026-06-29 06:33:16,273 [INFO] MEAS_RES: chan_nr=0x20, ncells=0
2026-06-29 06:33:16,273 [DEBUG] Sent event: MEAS_RES to 1 client(s)
2026-06-29 06:33:16,273 [DEBUG] Incomplete frame, buffer size: 0, buffer_hex: 
2026-06-29 06:33:16,471 [DEBUG] Received 10 bytes from BTS
2026-06-29 06:33:16,471 [DEBUG] Decoded IPA frame: proto=0x00, payload_len=7, consumed=10, payload_hex: 0c1201900fffff
2026-06-29 06:33:16,471 [DEBUG] RSL message: 0c1201900fffff
2026-06-29 06:33:16,471 [DEBUG] RSL discriminator: 0x0c, message type: 0x12, payload: 0c1201900fffff
2026-06-29 06:33:16,471 [DEBUG] Incomplete frame, buffer size: 0, buffer_hex: 
2026-06-29 06:33:16,613 [DEBUG] Received 10 bytes from BTS
2026-06-29 06:33:16,613 [DEBUG] Decoded IPA frame: proto=0x00, payload_len=7, consumed=10, payload_hex: 0c1201900fffff
2026-06-29 06:33:16,613 [DEBUG] RSL message: 0c1201900fffff
2026-06-29 06:33:16,613 [DEBUG] RSL discriminator: 0x0c, message type: 0x12, payload: 0c1201900fffff
2026-06-29 06:33:16,613 [DEBUG] Incomplete frame, buffer size: 0, buffer_hex: 
2026-06-29 06:33:17,214 [DEBUG] Received 42 bytes from BTS
2026-06-29 06:33:17,214 [DEBUG] Decoded IPA frame: proto=0x00, payload_len=39, consumed=42, payload_hex: 082801201b021903013f3f04000a98000b001206153f3f01c0000000000000000000000000253f
2026-06-29 06:33:17,214 [DEBUG] RSL message: 082801201b021903013f3f04000a98000b001206153f3f01c0000000000000000000000000253f
2026-06-29 06:33:17,214 [DEBUG] RSL discriminator: 0x08, message type: 0x28, payload: 082801201b021903013f3f04000a9800
2026-06-29 06:33:17,214 [INFO] MEAS_RES: chan_nr=0x20, ncells=0
2026-06-29 06:33:17,214 [DEBUG] Sent event: MEAS_RES to 1 client(s)
2026-06-29 06:33:17,214 [DEBUG] Incomplete frame, buffer size: 0, buffer_hex: 
2026-06-29 06:33:17,471 [DEBUG] Received 10 bytes from BTS
2026-06-29 06:33:17,472 [DEBUG] Decoded IPA frame: proto=0x00, payload_len=7, consumed=10, payload_hex: 0c1201900fffff
2026-06-29 06:33:17,472 [DEBUG] RSL message: 0c1201900fffff
2026-06-29 06:33:17,472 [DEBUG] RSL discriminator: 0x0c, message type: 0x12, payload: 0c1201900fffff
2026-06-29 06:33:17,472 [DEBUG] Incomplete frame, buffer size: 0, buffer_hex: 
2026-06-29 06:33:17,614 [DEBUG] Received 10 bytes from BTS
2026-06-29 06:33:17,614 [DEBUG] Decoded IPA frame: proto=0x00, payload_len=7, consumed=10, payload_hex: 0c1201900fffff
2026-06-29 06:33:17,614 [DEBUG] RSL message: 0c1201900fffff
2026-06-29 06:33:17,614 [DEBUG] RSL discriminator: 0x0c, message type: 0x12, payload: 0c1201900fffff
2026-06-29 06:33:17,614 [DEBUG] Incomplete frame, buffer size: 0, buffer_hex: 
2026-06-29 06:33:18,472 [DEBUG] Received 10 bytes from BTS
2026-06-29 06:33:18,472 [DEBUG] Decoded IPA frame: proto=0x00, payload_len=7, consumed=10, payload_hex: 0c1201900fffff
2026-06-29 06:33:18,472 [DEBUG] RSL message: 0c1201900fffff
2026-06-29 06:33:18,472 [DEBUG] RSL discriminator: 0x0c, message type: 0x12, payload: 0c1201900fffff
2026-06-29 06:33:18,472 [DEBUG] Incomplete frame, buffer size: 0, buffer_hex: 
2026-06-29 06:33:18,483 [DEBUG] Received 42 bytes from BTS
2026-06-29 06:33:18,483 [DEBUG] Decoded IPA frame: proto=0x00, payload_len=39, consumed=42, payload_hex: 082801201b031903013f3f04000a98000b001206153f3f01c0000000000000000000000000253f
2026-06-29 06:33:18,483 [DEBUG] RSL message: 082801201b031903013f3f04000a98000b001206153f3f01c0000000000000000000000000253f
2026-06-29 06:33:18,483 [DEBUG] RSL discriminator: 0x08, message type: 0x28, payload: 082801201b031903013f3f04000a9800
2026-06-29 06:33:18,483 [INFO] MEAS_RES: chan_nr=0x20, ncells=0
2026-06-29 06:33:18,484 [DEBUG] Sent event: MEAS_RES to 1 client(s)
2026-06-29 06:33:18,484 [DEBUG] Incomplete frame, buffer size: 0, buffer_hex: 
2026-06-29 06:33:18,564 [INFO] Control Client connected from ('10.42.0.1', 34474)
2026-06-29 06:33:18,565 [INFO] handle_client: Starting, client socket: 12
2026-06-29 06:33:18,565 [INFO] handle_client: WELCOME sent
2026-06-29 06:33:18,614 [DEBUG] Received 10 bytes from BTS
2026-06-29 06:33:18,614 [DEBUG] Decoded IPA frame: proto=0x00, payload_len=7, consumed=10, payload_hex: 0c1201900fffff
2026-06-29 06:33:18,614 [DEBUG] RSL message: 0c1201900fffff
2026-06-29 06:33:18,614 [DEBUG] RSL discriminator: 0x0c, message type: 0x12, payload: 0c1201900fffff
2026-06-29 06:33:18,614 [DEBUG] Incomplete frame, buffer size: 0, buffer_hex: 
2026-06-29 06:33:18,615 [INFO] Replaying 36 buffered event(s)
2026-06-29 06:33:18,615 [WARNING] Failed to replay event 1: [Errno 32] Broken pipe
2026-06-29 06:33:18,615 [WARNING] Failed to replay event 2: [Errno 32] Broken pipe
2026-06-29 06:33:18,615 [WARNING] Failed to replay event 3: [Errno 32] Broken pipe
2026-06-29 06:33:18,615 [WARNING] Failed to replay event 4: [Errno 32] Broken pipe
2026-06-29 06:33:18,615 [WARNING] Failed to replay event 5: [Errno 32] Broken pipe
2026-06-29 06:33:18,615 [WARNING] Failed to replay event 6: [Errno 32] Broken pipe
2026-06-29 06:33:18,615 [WARNING] Failed to replay event 7: [Errno 32] Broken pipe
2026-06-29 06:33:18,615 [WARNING] Failed to replay event 8: [Errno 32] Broken pipe
2026-06-29 06:33:18,615 [WARNING] Failed to replay event 9: [Errno 32] Broken pipe
2026-06-29 06:33:18,615 [WARNING] Failed to replay event 10: [Errno 32] Broken pipe
2026-06-29 06:33:18,615 [WARNING] Failed to replay event 11: [Errno 32] Broken pipe
2026-06-29 06:33:18,615 [WARNING] Failed to replay event 12: [Errno 32] Broken pipe
2026-06-29 06:33:18,615 [WARNING] Failed to replay event 13: [Errno 32] Broken pipe
2026-06-29 06:33:18,615 [WARNING] Failed to replay event 14: [Errno 32] Broken pipe
2026-06-29 06:33:18,615 [WARNING] Failed to replay event 15: [Errno 32] Broken pipe
2026-06-29 06:33:18,615 [WARNING] Failed to replay event 16: [Errno 32] Broken pipe
2026-06-29 06:33:18,615 [WARNING] Failed to replay event 17: [Errno 32] Broken pipe
2026-06-29 06:33:18,615 [WARNING] Failed to replay event 18: [Errno 32] Broken pipe
2026-06-29 06:33:18,616 [WARNING] Failed to replay event 19: [Errno 32] Broken pipe
2026-06-29 06:33:18,616 [WARNING] Failed to replay event 20: [Errno 32] Broken pipe
2026-06-29 06:33:18,616 [WARNING] Failed to replay event 21: [Errno 32] Broken pipe
2026-06-29 06:33:18,616 [WARNING] Failed to replay event 22: [Errno 32] Broken pipe
2026-06-29 06:33:18,616 [WARNING] Failed to replay event 23: [Errno 32] Broken pipe
2026-06-29 06:33:18,616 [WARNING] Failed to replay event 24: [Errno 32] Broken pipe
2026-06-29 06:33:18,616 [WARNING] Failed to replay event 25: [Errno 32] Broken pipe
2026-06-29 06:33:18,616 [WARNING] Failed to replay event 26: [Errno 32] Broken pipe
2026-06-29 06:33:18,616 [WARNING] Failed to replay event 27: [Errno 32] Broken pipe
2026-06-29 06:33:18,616 [WARNING] Failed to replay event 28: [Errno 32] Broken pipe
2026-06-29 06:33:18,616 [WARNING] Failed to replay event 29: [Errno 32] Broken pipe
2026-06-29 06:33:18,616 [WARNING] Failed to replay event 30: [Errno 32] Broken pipe
2026-06-29 06:33:18,616 [WARNING] Failed to replay event 31: [Errno 32] Broken pipe
2026-06-29 06:33:18,616 [WARNING] Failed to replay event 32: [Errno 32] Broken pipe
2026-06-29 06:33:18,616 [WARNING] Failed to replay event 33: [Errno 32] Broken pipe
2026-06-29 06:33:18,616 [WARNING] Failed to replay event 34: [Errno 32] Broken pipe
2026-06-29 06:33:18,616 [WARNING] Failed to replay event 35: [Errno 32] Broken pipe
2026-06-29 06:33:18,616 [WARNING] Failed to replay event 36: [Errno 32] Broken pipe
2026-06-29 06:33:18,616 [INFO] handle_client: Entering receive loop
2026-06-29 06:33:18,616 [INFO] handle_client: Received empty data, client closed connection
2026-06-29 06:33:18,616 [INFO] Control Client disconnected
2026-06-29 06:33:19,184 [DEBUG] handle_client: Received 89 bytes
2026-06-29 06:33:19,184 [INFO] Control CMD: {"command": "CMD_SEND_LU_ACCEPT", "chan_nr": 32, "mcc": "901", "mnc": "70", "lac": 4242}
2026-06-29 06:33:19,185 [DEBUG] Sending RSL message (16 bytes)
2026-06-29 06:33:19,185 [DEBUG] Sending 19 bytes to BTS 4242/0/0
2026-06-29 06:33:19,185 [INFO] CMD_SEND_LU_ACCEPT: sent LU ACCEPT on chan_nr=0x20 LAC=4242
2026-06-29 06:33:19,472 [DEBUG] Received 10 bytes from BTS
2026-06-29 06:33:19,472 [DEBUG] Decoded IPA frame: proto=0x00, payload_len=7, consumed=10, payload_hex: 0c1201900fffff
2026-06-29 06:33:19,472 [DEBUG] RSL message: 0c1201900fffff
2026-06-29 06:33:19,472 [DEBUG] RSL discriminator: 0x0c, message type: 0x12, payload: 0c1201900fffff
2026-06-29 06:33:19,472 [DEBUG] Incomplete frame, buffer size: 0, buffer_hex: 
2026-06-29 06:33:19,569 [DEBUG] Received 42 bytes from BTS
2026-06-29 06:33:19,569 [DEBUG] Decoded IPA frame: proto=0x00, payload_len=39, consumed=42, payload_hex: 082801201b041903013f3f04000a98000b001206153f3f01c0000000000000000000000000253f
2026-06-29 06:33:19,569 [DEBUG] RSL message: 082801201b041903013f3f04000a98000b001206153f3f01c0000000000000000000000000253f
2026-06-29 06:33:19,569 [DEBUG] RSL discriminator: 0x08, message type: 0x28, payload: 082801201b041903013f3f04000a9800
2026-06-29 06:33:19,569 [INFO] MEAS_RES: chan_nr=0x20, ncells=0
2026-06-29 06:33:19,569 [DEBUG] Sent event: MEAS_RES to 1 client(s)
2026-06-29 06:33:19,569 [DEBUG] Incomplete frame, buffer size: 0, buffer_hex: 
2026-06-29 06:33:19,614 [DEBUG] Received 10 bytes from BTS
2026-06-29 06:33:19,614 [DEBUG] Decoded IPA frame: proto=0x00, payload_len=7, consumed=10, payload_hex: 0c1201900fffff
2026-06-29 06:33:19,614 [DEBUG] RSL message: 0c1201900fffff
2026-06-29 06:33:19,614 [DEBUG] RSL discriminator: 0x0c, message type: 0x12, payload: 0c1201900fffff
2026-06-29 06:33:19,614 [DEBUG] Incomplete frame, buffer size: 0, buffer_hex: 
2026-06-29 06:33:20,185 [DEBUG] Sending RSL message (12 bytes)
2026-06-29 06:33:20,185 [DEBUG] Sending 15 bytes to BTS 4242/0/0
2026-06-29 06:33:20,185 [INFO] CMD_SEND_LU_ACCEPT: sent RR CHANNEL RELEASE for chan_nr=0x20
2026-06-29 06:33:20,472 [DEBUG] Received 10 bytes from BTS
2026-06-29 06:33:20,473 [DEBUG] Decoded IPA frame: proto=0x00, payload_len=7, consumed=10, payload_hex: 0c1201900fffff
2026-06-29 06:33:20,473 [DEBUG] RSL message: 0c1201900fffff
2026-06-29 06:33:20,473 [DEBUG] RSL discriminator: 0x0c, message type: 0x12, payload: 0c1201900fffff
2026-06-29 06:33:20,473 [DEBUG] Incomplete frame, buffer size: 0, buffer_hex: 
2026-06-29 06:33:20,509 [DEBUG] Received 42 bytes from BTS
2026-06-29 06:33:20,509 [DEBUG] Decoded IPA frame: proto=0x00, payload_len=39, consumed=42, payload_hex: 082801201b051903013f3f04000a98000b001206153f3f01c0000000000000000000000000253f
2026-06-29 06:33:20,509 [DEBUG] RSL message: 082801201b051903013f3f04000a98000b001206153f3f01c0000000000000000000000000253f
2026-06-29 06:33:20,509 [DEBUG] RSL discriminator: 0x08, message type: 0x28, payload: 082801201b051903013f3f04000a9800
2026-06-29 06:33:20,509 [INFO] MEAS_RES: chan_nr=0x20, ncells=0
2026-06-29 06:33:20,509 [DEBUG] Sent event: MEAS_RES to 1 client(s)
2026-06-29 06:33:20,509 [DEBUG] Incomplete frame, buffer size: 0, buffer_hex: 
2026-06-29 06:33:20,510 [DEBUG] Received 9 bytes from BTS
2026-06-29 06:33:20,510 [DEBUG] Decoded IPA frame: proto=0x00, payload_len=6, consumed=9, payload_hex: 020901200200
2026-06-29 06:33:20,510 [DEBUG] RSL message: 020901200200
2026-06-29 06:33:20,510 [DEBUG] RSL discriminator: 0x02, message type: 0x09, payload: 020901200200
2026-06-29 06:33:20,510 [INFO] REL_IND: chan_nr=0x20 — MS released L2 link
2026-06-29 06:33:20,510 [DEBUG] Sent event: RELEASE_IND to 1 client(s)
2026-06-29 06:33:20,510 [DEBUG] Incomplete frame, buffer size: 0, buffer_hex: 
2026-06-29 06:33:20,614 [DEBUG] Received 10 bytes from BTS
2026-06-29 06:33:20,614 [DEBUG] Decoded IPA frame: proto=0x00, payload_len=7, consumed=10, payload_hex: 0c1201900fffff
2026-06-29 06:33:20,614 [DEBUG] RSL message: 0c1201900fffff
2026-06-29 06:33:20,615 [DEBUG] RSL discriminator: 0x0c, message type: 0x12, payload: 0c1201900fffff
2026-06-29 06:33:20,615 [DEBUG] Incomplete frame, buffer size: 0, buffer_hex: 
2026-06-29 06:33:21,473 [DEBUG] Received 10 bytes from BTS
2026-06-29 06:33:21,474 [DEBUG] Decoded IPA frame: proto=0x00, payload_len=7, consumed=10, payload_hex: 0c1201900fffff
2026-06-29 06:33:21,474 [DEBUG] RSL message: 0c1201900fffff
2026-06-29 06:33:21,474 [DEBUG] RSL discriminator: 0x0c, message type: 0x12, payload: 0c1201900fffff
2026-06-29 06:33:21,474 [DEBUG] Incomplete frame, buffer size: 0, buffer_hex: 
2026-06-29 06:33:21,564 [INFO] Control Client connected from ('10.42.0.1', 40308)
2026-06-29 06:33:21,565 [INFO] handle_client: Starting, client socket: 11
2026-06-29 06:33:21,565 [INFO] handle_client: WELCOME sent
2026-06-29 06:33:21,615 [DEBUG] Received 10 bytes from BTS
2026-06-29 06:33:21,615 [DEBUG] Decoded IPA frame: proto=0x00, payload_len=7, consumed=10, payload_hex: 0c1201900fffff
2026-06-29 06:33:21,615 [DEBUG] RSL message: 0c1201900fffff
2026-06-29 06:33:21,615 [DEBUG] RSL discriminator: 0x0c, message type: 0x12, payload: 0c1201900fffff
2026-06-29 06:33:21,615 [DEBUG] Incomplete frame, buffer size: 0, buffer_hex: 
2026-06-29 06:33:21,615 [INFO] Replaying 36 buffered event(s)
2026-06-29 06:33:21,616 [WARNING] Failed to replay event 1: [Errno 32] Broken pipe
2026-06-29 06:33:21,616 [WARNING] Failed to replay event 2: [Errno 32] Broken pipe
2026-06-29 06:33:21,616 [WARNING] Failed to replay event 3: [Errno 32] Broken pipe
2026-06-29 06:33:21,616 [WARNING] Failed to replay event 4: [Errno 32] Broken pipe
2026-06-29 06:33:21,616 [WARNING] Failed to replay event 5: [Errno 32] Broken pipe
2026-06-29 06:33:21,616 [WARNING] Failed to replay event 6: [Errno 32] Broken pipe
2026-06-29 06:33:21,616 [WARNING] Failed to replay event 7: [Errno 32] Broken pipe
2026-06-29 06:33:21,616 [WARNING] Failed to replay event 8: [Errno 32] Broken pipe
2026-06-29 06:33:21,616 [WARNING] Failed to replay event 9: [Errno 32] Broken pipe
2026-06-29 06:33:21,616 [WARNING] Failed to replay event 10: [Errno 32] Broken pipe
2026-06-29 06:33:21,616 [WARNING] Failed to replay event 11: [Errno 32] Broken pipe
2026-06-29 06:33:21,616 [WARNING] Failed to replay event 12: [Errno 32] Broken pipe
2026-06-29 06:33:21,616 [WARNING] Failed to replay event 13: [Errno 32] Broken pipe
2026-06-29 06:33:21,616 [WARNING] Failed to replay event 14: [Errno 32] Broken pipe
2026-06-29 06:33:21,616 [WARNING] Failed to replay event 15: [Errno 32] Broken pipe
2026-06-29 06:33:21,616 [WARNING] Failed to replay event 16: [Errno 32] Broken pipe
2026-06-29 06:33:21,616 [WARNING] Failed to replay event 17: [Errno 32] Broken pipe
2026-06-29 06:33:21,616 [WARNING] Failed to replay event 18: [Errno 32] Broken pipe
2026-06-29 06:33:21,616 [WARNING] Failed to replay event 19: [Errno 32] Broken pipe
2026-06-29 06:33:21,616 [WARNING] Failed to replay event 20: [Errno 32] Broken pipe
2026-06-29 06:33:21,616 [WARNING] Failed to replay event 21: [Errno 32] Broken pipe
2026-06-29 06:33:21,616 [WARNING] Failed to replay event 22: [Errno 32] Broken pipe
2026-06-29 06:33:21,616 [WARNING] Failed to replay event 23: [Errno 32] Broken pipe
2026-06-29 06:33:21,616 [WARNING] Failed to replay event 24: [Errno 32] Broken pipe
2026-06-29 06:33:21,616 [WARNING] Failed to replay event 25: [Errno 32] Broken pipe
2026-06-29 06:33:21,616 [WARNING] Failed to replay event 26: [Errno 32] Broken pipe
2026-06-29 06:33:21,616 [WARNING] Failed to replay event 27: [Errno 32] Broken pipe
2026-06-29 06:33:21,616 [WARNING] Failed to replay event 28: [Errno 32] Broken pipe
2026-06-29 06:33:21,616 [WARNING] Failed to replay event 29: [Errno 32] Broken pipe
2026-06-29 06:33:21,616 [WARNING] Failed to replay event 30: [Errno 32] Broken pipe
2026-06-29 06:33:21,616 [WARNING] Failed to replay event 31: [Errno 32] Broken pipe
2026-06-29 06:33:21,616 [WARNING] Failed to replay event 32: [Errno 32] Broken pipe
2026-06-29 06:33:21,616 [WARNING] Failed to replay event 33: [Errno 32] Broken pipe
2026-06-29 06:33:21,616 [WARNING] Failed to replay event 34: [Errno 32] Broken pipe
2026-06-29 06:33:21,616 [WARNING] Failed to replay event 35: [Errno 32] Broken pipe
2026-06-29 06:33:21,616 [WARNING] Failed to replay event 36: [Errno 32] Broken pipe
2026-06-29 06:33:21,616 [INFO] handle_client: Entering receive loop
2026-06-29 06:33:21,616 [INFO] handle_client: Received empty data, client closed connection
2026-06-29 06:33:21,616 [INFO] Control Client disconnected
2026-06-29 06:33:22,185 [DEBUG] Sending RSL message (4 bytes)
2026-06-29 06:33:22,185 [DEBUG] Sending 7 bytes to BTS 4242/0/0
2026-06-29 06:33:22,186 [INFO] CMD_SEND_LU_ACCEPT: sent RF_CHAN_REL for chan_nr=0x20
2026-06-29 06:33:22,186 [DEBUG] Received 7 bytes from BTS
2026-06-29 06:33:22,186 [DEBUG] Decoded IPA frame: proto=0x00, payload_len=4, consumed=7, payload_hex: 08330120
2026-06-29 06:33:22,186 [DEBUG] RSL message: 08330120
2026-06-29 06:33:22,186 [DEBUG] RSL discriminator: 0x08, message type: 0x33, payload: 08330120
2026-06-29 06:33:22,186 [INFO] RF_CHAN_REL_ACK received for chan_nr=0x20
2026-06-29 06:33:22,186 [DEBUG] Incomplete frame, buffer size: 0, buffer_hex: 
2026-06-29 06:33:22,474 [DEBUG] Received 10 bytes from BTS
2026-06-29 06:33:22,474 [DEBUG] Decoded IPA frame: proto=0x00, payload_len=7, consumed=10, payload_hex: 0c1201900fffff
2026-06-29 06:33:22,474 [DEBUG] RSL message: 0c1201900fffff
2026-06-29 06:33:22,474 [DEBUG] RSL discriminator: 0x0c, message type: 0x12, payload: 0c1201900fffff
2026-06-29 06:33:22,475 [DEBUG] Incomplete frame, buffer size: 0, buffer_hex: 
2026-06-29 06:33:22,616 [DEBUG] Received 10 bytes from BTS
2026-06-29 06:33:22,616 [DEBUG] Decoded IPA frame: proto=0x00, payload_len=7, consumed=10, payload_hex: 0c1201900fffff
2026-06-29 06:33:22,616 [DEBUG] RSL message: 0c1201900fffff
2026-06-29 06:33:22,616 [DEBUG] RSL discriminator: 0x0c, message type: 0x12, payload: 0c1201900fffff
2026-06-29 06:33:22,616 [DEBUG] Incomplete frame, buffer size: 0, buffer_hex: 
2026-06-29 06:33:23,475 [DEBUG] Received 10 bytes from BTS
2026-06-29 06:33:23,475 [DEBUG] Decoded IPA frame: proto=0x00, payload_len=7, consumed=10, payload_hex: 0c1201900fffff
2026-06-29 06:33:23,475 [DEBUG] RSL message: 0c1201900fffff
2026-06-29 06:33:23,475 [DEBUG] RSL discriminator: 0x0c, message type: 0x12, payload: 0c1201900fffff
2026-06-29 06:33:23,475 [DEBUG] Incomplete frame, buffer size: 0, buffer_hex: 
2026-06-29 06:33:23,617 [DEBUG] Received 10 bytes from BTS
2026-06-29 06:33:23,617 [DEBUG] Decoded IPA frame: proto=0x00, payload_len=7, consumed=10, payload_hex: 0c1201900fffff
2026-06-29 06:33:23,617 [DEBUG] RSL message: 0c1201900fffff
2026-06-29 06:33:23,617 [DEBUG] RSL discriminator: 0x0c, message type: 0x12, payload: 0c1201900fffff
2026-06-29 06:33:23,617 [DEBUG] Incomplete frame, buffer size: 0, buffer_hex: 
2026-06-29 06:33:24,237 [INFO] Control Client connected from ('10.42.0.1', 40316)
2026-06-29 06:33:24,237 [INFO] handle_client: Starting, client socket: 12
2026-06-29 06:33:24,237 [INFO] handle_client: WELCOME sent
2026-06-29 06:33:24,287 [INFO] Replaying 36 buffered event(s)
2026-06-29 06:33:24,287 [WARNING] Failed to replay event 1: [Errno 32] Broken pipe
2026-06-29 06:33:24,287 [WARNING] Failed to replay event 2: [Errno 32] Broken pipe
2026-06-29 06:33:24,287 [WARNING] Failed to replay event 3: [Errno 32] Broken pipe
2026-06-29 06:33:24,287 [WARNING] Failed to replay event 4: [Errno 32] Broken pipe
2026-06-29 06:33:24,287 [WARNING] Failed to replay event 5: [Errno 32] Broken pipe
2026-06-29 06:33:24,287 [WARNING] Failed to replay event 6: [Errno 32] Broken pipe
2026-06-29 06:33:24,287 [WARNING] Failed to replay event 7: [Errno 32] Broken pipe
2026-06-29 06:33:24,288 [WARNING] Failed to replay event 8: [Errno 32] Broken pipe
2026-06-29 06:33:24,288 [WARNING] Failed to replay event 9: [Errno 32] Broken pipe
2026-06-29 06:33:24,288 [WARNING] Failed to replay event 10: [Errno 32] Broken pipe
2026-06-29 06:33:24,288 [WARNING] Failed to replay event 11: [Errno 32] Broken pipe
2026-06-29 06:33:24,288 [WARNING] Failed to replay event 12: [Errno 32] Broken pipe
2026-06-29 06:33:24,288 [WARNING] Failed to replay event 13: [Errno 32] Broken pipe
2026-06-29 06:33:24,288 [WARNING] Failed to replay event 14: [Errno 32] Broken pipe
2026-06-29 06:33:24,288 [WARNING] Failed to replay event 15: [Errno 32] Broken pipe
2026-06-29 06:33:24,288 [WARNING] Failed to replay event 16: [Errno 32] Broken pipe
2026-06-29 06:33:24,288 [WARNING] Failed to replay event 17: [Errno 32] Broken pipe
2026-06-29 06:33:24,288 [WARNING] Failed to replay event 18: [Errno 32] Broken pipe
2026-06-29 06:33:24,288 [WARNING] Failed to replay event 19: [Errno 32] Broken pipe
2026-06-29 06:33:24,288 [WARNING] Failed to replay event 20: [Errno 32] Broken pipe
2026-06-29 06:33:24,288 [WARNING] Failed to replay event 21: [Errno 32] Broken pipe
2026-06-29 06:33:24,288 [WARNING] Failed to replay event 22: [Errno 32] Broken pipe
2026-06-29 06:33:24,288 [WARNING] Failed to replay event 23: [Errno 32] Broken pipe
2026-06-29 06:33:24,288 [WARNING] Failed to replay event 24: [Errno 32] Broken pipe
2026-06-29 06:33:24,288 [WARNING] Failed to replay event 25: [Errno 32] Broken pipe
2026-06-29 06:33:24,288 [WARNING] Failed to replay event 26: [Errno 32] Broken pipe
2026-06-29 06:33:24,288 [WARNING] Failed to replay event 27: [Errno 32] Broken pipe
2026-06-29 06:33:24,288 [WARNING] Failed to replay event 28: [Errno 32] Broken pipe
2026-06-29 06:33:24,288 [WARNING] Failed to replay event 29: [Errno 32] Broken pipe
2026-06-29 06:33:24,288 [WARNING] Failed to replay event 30: [Errno 32] Broken pipe
2026-06-29 06:33:24,288 [WARNING] Failed to replay event 31: [Errno 32] Broken pipe
2026-06-29 06:33:24,288 [WARNING] Failed to replay event 32: [Errno 32] Broken pipe
2026-06-29 06:33:24,288 [WARNING] Failed to replay event 33: [Errno 32] Broken pipe
2026-06-29 06:33:24,288 [WARNING] Failed to replay event 34: [Errno 32] Broken pipe
2026-06-29 06:33:24,288 [WARNING] Failed to replay event 35: [Errno 32] Broken pipe
2026-06-29 06:33:24,288 [WARNING] Failed to replay event 36: [Errno 32] Broken pipe
2026-06-29 06:33:24,288 [INFO] handle_client: Entering receive loop
2026-06-29 06:33:24,288 [INFO] handle_client: Received empty data, client closed connection
2026-06-29 06:33:24,288 [INFO] Control Client disconnected
2026-06-29 06:33:24,476 [DEBUG] Received 10 bytes from BTS
2026-06-29 06:33:24,476 [DEBUG] Decoded IPA frame: proto=0x00, payload_len=7, consumed=10, payload_hex: 0c1201900fffff
2026-06-29 06:33:24,476 [DEBUG] RSL message: 0c1201900fffff
2026-06-29 06:33:24,476 [DEBUG] RSL discriminator: 0x0c, message type: 0x12, payload: 0c1201900fffff
2026-06-29 06:33:24,476 [DEBUG] Incomplete frame, buffer size: 0, buffer_hex: 
2026-06-29 06:33:24,564 [INFO] Control Client connected from ('10.42.0.1', 40326)
2026-06-29 06:33:24,565 [INFO] handle_client: Starting, client socket: 11
2026-06-29 06:33:24,565 [INFO] handle_client: WELCOME sent
2026-06-29 06:33:24,615 [INFO] Replaying 36 buffered event(s)
2026-06-29 06:33:24,615 [WARNING] Failed to replay event 1: [Errno 32] Broken pipe
2026-06-29 06:33:24,616 [WARNING] Failed to replay event 2: [Errno 32] Broken pipe
2026-06-29 06:33:24,616 [WARNING] Failed to replay event 3: [Errno 32] Broken pipe
2026-06-29 06:33:24,616 [WARNING] Failed to replay event 4: [Errno 32] Broken pipe
2026-06-29 06:33:24,616 [WARNING] Failed to replay event 5: [Errno 32] Broken pipe
2026-06-29 06:33:24,616 [WARNING] Failed to replay event 6: [Errno 32] Broken pipe
2026-06-29 06:33:24,616 [WARNING] Failed to replay event 7: [Errno 32] Broken pipe
2026-06-29 06:33:24,616 [WARNING] Failed to replay event 8: [Errno 32] Broken pipe
2026-06-29 06:33:24,616 [WARNING] Failed to replay event 9: [Errno 32] Broken pipe
2026-06-29 06:33:24,616 [WARNING] Failed to replay event 10: [Errno 32] Broken pipe
2026-06-29 06:33:24,616 [WARNING] Failed to replay event 11: [Errno 32] Broken pipe
2026-06-29 06:33:24,616 [WARNING] Failed to replay event 12: [Errno 32] Broken pipe
2026-06-29 06:33:24,616 [WARNING] Failed to replay event 13: [Errno 32] Broken pipe
2026-06-29 06:33:24,616 [WARNING] Failed to replay event 14: [Errno 32] Broken pipe
2026-06-29 06:33:24,616 [WARNING] Failed to replay event 15: [Errno 32] Broken pipe
2026-06-29 06:33:24,616 [WARNING] Failed to replay event 16: [Errno 32] Broken pipe
2026-06-29 06:33:24,616 [WARNING] Failed to replay event 17: [Errno 32] Broken pipe
2026-06-29 06:33:24,616 [WARNING] Failed to replay event 18: [Errno 32] Broken pipe
2026-06-29 06:33:24,616 [WARNING] Failed to replay event 19: [Errno 32] Broken pipe
2026-06-29 06:33:24,616 [WARNING] Failed to replay event 20: [Errno 32] Broken pipe
2026-06-29 06:33:24,616 [WARNING] Failed to replay event 21: [Errno 32] Broken pipe
2026-06-29 06:33:24,616 [WARNING] Failed to replay event 22: [Errno 32] Broken pipe
2026-06-29 06:33:24,616 [WARNING] Failed to replay event 23: [Errno 32] Broken pipe
2026-06-29 06:33:24,616 [WARNING] Failed to replay event 24: [Errno 32] Broken pipe
2026-06-29 06:33:24,616 [WARNING] Failed to replay event 25: [Errno 32] Broken pipe
2026-06-29 06:33:24,616 [WARNING] Failed to replay event 26: [Errno 32] Broken pipe
2026-06-29 06:33:24,616 [WARNING] Failed to replay event 27: [Errno 32] Broken pipe
2026-06-29 06:33:24,616 [WARNING] Failed to replay event 28: [Errno 32] Broken pipe
2026-06-29 06:33:24,616 [WARNING] Failed to replay event 29: [Errno 32] Broken pipe
2026-06-29 06:33:24,616 [WARNING] Failed to replay event 30: [Errno 32] Broken pipe
2026-06-29 06:33:24,616 [WARNING] Failed to replay event 31: [Errno 32] Broken pipe
2026-06-29 06:33:24,616 [WARNING] Failed to replay event 32: [Errno 32] Broken pipe
2026-06-29 06:33:24,616 [WARNING] Failed to replay event 33: [Errno 32] Broken pipe
2026-06-29 06:33:24,616 [WARNING] Failed to replay event 34: [Errno 32] Broken pipe
2026-06-29 06:33:24,616 [WARNING] Failed to replay event 35: [Errno 32] Broken pipe
2026-06-29 06:33:24,616 [WARNING] Failed to replay event 36: [Errno 32] Broken pipe
2026-06-29 06:33:24,616 [INFO] handle_client: Entering receive loop
2026-06-29 06:33:24,616 [INFO] handle_client: Received empty data, client closed connection
2026-06-29 06:33:24,616 [INFO] Control Client disconnected
2026-06-29 06:33:24,617 [DEBUG] Received 10 bytes from BTS
2026-06-29 06:33:24,617 [DEBUG] Decoded IPA frame: proto=0x00, payload_len=7, consumed=10, payload_hex: 0c1201900fffff
2026-06-29 06:33:24,617 [DEBUG] RSL message: 0c1201900fffff
2026-06-29 06:33:24,617 [DEBUG] RSL discriminator: 0x0c, message type: 0x12, payload: 0c1201900fffff
2026-06-29 06:33:24,617 [DEBUG] Incomplete frame, buffer size: 0, buffer_hex: 
2026-06-29 06:33:25,476 [DEBUG] Received 10 bytes from BTS
2026-06-29 06:33:25,477 [DEBUG] Decoded IPA frame: proto=0x00, payload_len=7, consumed=10, payload_hex: 0c1201900fffff
2026-06-29 06:33:25,477 [DEBUG] RSL message: 0c1201900fffff
2026-06-29 06:33:25,477 [DEBUG] RSL discriminator: 0x0c, message type: 0x12, payload: 0c1201900fffff
2026-06-29 06:33:25,477 [DEBUG] Incomplete frame, buffer size: 0, buffer_hex: 
2026-06-29 06:33:25,617 [DEBUG] Received 10 bytes from BTS
2026-06-29 06:33:25,617 [DEBUG] Decoded IPA frame: proto=0x00, payload_len=7, consumed=10, payload_hex: 0c1201900fffff
2026-06-29 06:33:25,617 [DEBUG] RSL message: 0c1201900fffff
2026-06-29 06:33:25,617 [DEBUG] RSL discriminator: 0x0c, message type: 0x12, payload: 0c1201900fffff
2026-06-29 06:33:25,617 [DEBUG] Incomplete frame, buffer size: 0, buffer_hex: 
2026-06-29 06:33:26,477 [DEBUG] Received 10 bytes from BTS
2026-06-29 06:33:26,478 [DEBUG] Decoded IPA frame: proto=0x00, payload_len=7, consumed=10, payload_hex: 0c1201900fffff
2026-06-29 06:33:26,478 [DEBUG] RSL message: 0c1201900fffff
2026-06-29 06:33:26,478 [DEBUG] RSL discriminator: 0x0c, message type: 0x12, payload: 0c1201900fffff
2026-06-29 06:33:26,478 [DEBUG] Incomplete frame, buffer size: 0, buffer_hex: 
2026-06-29 06:33:26,618 [DEBUG] Received 10 bytes from BTS
2026-06-29 06:33:26,618 [DEBUG] Decoded IPA frame: proto=0x00, payload_len=7, consumed=10, payload_hex: 0c1201900fffff
2026-06-29 06:33:26,618 [DEBUG] RSL message: 0c1201900fffff
2026-06-29 06:33:26,618 [DEBUG] RSL discriminator: 0x0c, message type: 0x12, payload: 0c1201900fffff
2026-06-29 06:33:26,618 [DEBUG] Incomplete frame, buffer size: 0, buffer_hex: 
2026-06-29 06:33:27,478 [DEBUG] Received 10 bytes from BTS
2026-06-29 06:33:27,478 [DEBUG] Decoded IPA frame: proto=0x00, payload_len=7, consumed=10, payload_hex: 0c1201900fffff
2026-06-29 06:33:27,478 [DEBUG] RSL message: 0c1201900fffff
2026-06-29 06:33:27,478 [DEBUG] RSL discriminator: 0x0c, message type: 0x12, payload: 0c1201900fffff
2026-06-29 06:33:27,478 [DEBUG] Incomplete frame, buffer size: 0, buffer_hex: 
2026-06-29 06:33:27,565 [INFO] Control Client connected from ('10.42.0.1', 40330)
2026-06-29 06:33:27,565 [INFO] handle_client: Starting, client socket: 12
2026-06-29 06:33:27,565 [INFO] handle_client: WELCOME sent
2026-06-29 06:33:27,615 [INFO] Replaying 36 buffered event(s)
2026-06-29 06:33:27,615 [WARNING] Failed to replay event 1: [Errno 32] Broken pipe
2026-06-29 06:33:27,615 [WARNING] Failed to replay event 2: [Errno 32] Broken pipe
2026-06-29 06:33:27,615 [WARNING] Failed to replay event 3: [Errno 32] Broken pipe
2026-06-29 06:33:27,615 [WARNING] Failed to replay event 4: [Errno 32] Broken pipe
2026-06-29 06:33:27,615 [WARNING] Failed to replay event 5: [Errno 32] Broken pipe
2026-06-29 06:33:27,615 [WARNING] Failed to replay event 6: [Errno 32] Broken pipe
2026-06-29 06:33:27,615 [WARNING] Failed to replay event 7: [Errno 32] Broken pipe
2026-06-29 06:33:27,615 [WARNING] Failed to replay event 8: [Errno 32] Broken pipe
2026-06-29 06:33:27,615 [WARNING] Failed to replay event 9: [Errno 32] Broken pipe
2026-06-29 06:33:27,616 [WARNING] Failed to replay event 10: [Errno 32] Broken pipe
2026-06-29 06:33:27,616 [WARNING] Failed to replay event 11: [Errno 32] Broken pipe
2026-06-29 06:33:27,616 [WARNING] Failed to replay event 12: [Errno 32] Broken pipe
2026-06-29 06:33:27,616 [WARNING] Failed to replay event 13: [Errno 32] Broken pipe
2026-06-29 06:33:27,616 [WARNING] Failed to replay event 14: [Errno 32] Broken pipe
2026-06-29 06:33:27,616 [WARNING] Failed to replay event 15: [Errno 32] Broken pipe
2026-06-29 06:33:27,616 [WARNING] Failed to replay event 16: [Errno 32] Broken pipe
2026-06-29 06:33:27,616 [WARNING] Failed to replay event 17: [Errno 32] Broken pipe
2026-06-29 06:33:27,616 [WARNING] Failed to replay event 18: [Errno 32] Broken pipe
2026-06-29 06:33:27,616 [WARNING] Failed to replay event 19: [Errno 32] Broken pipe
2026-06-29 06:33:27,616 [WARNING] Failed to replay event 20: [Errno 32] Broken pipe
2026-06-29 06:33:27,616 [WARNING] Failed to replay event 21: [Errno 32] Broken pipe
2026-06-29 06:33:27,616 [WARNING] Failed to replay event 22: [Errno 32] Broken pipe
2026-06-29 06:33:27,616 [WARNING] Failed to replay event 23: [Errno 32] Broken pipe
2026-06-29 06:33:27,616 [WARNING] Failed to replay event 24: [Errno 32] Broken pipe
2026-06-29 06:33:27,616 [WARNING] Failed to replay event 25: [Errno 32] Broken pipe
2026-06-29 06:33:27,616 [WARNING] Failed to replay event 26: [Errno 32] Broken pipe
2026-06-29 06:33:27,616 [WARNING] Failed to replay event 27: [Errno 32] Broken pipe
2026-06-29 06:33:27,616 [WARNING] Failed to replay event 28: [Errno 32] Broken pipe
2026-06-29 06:33:27,616 [WARNING] Failed to replay event 29: [Errno 32] Broken pipe
2026-06-29 06:33:27,616 [WARNING] Failed to replay event 30: [Errno 32] Broken pipe
2026-06-29 06:33:27,616 [WARNING] Failed to replay event 31: [Errno 32] Broken pipe
2026-06-29 06:33:27,616 [WARNING] Failed to replay event 32: [Errno 32] Broken pipe
2026-06-29 06:33:27,616 [WARNING] Failed to replay event 33: [Errno 32] Broken pipe
2026-06-29 06:33:27,616 [WARNING] Failed to replay event 34: [Errno 32] Broken pipe
2026-06-29 06:33:27,616 [WARNING] Failed to replay event 35: [Errno 32] Broken pipe
2026-06-29 06:33:27,616 [WARNING] Failed to replay event 36: [Errno 32] Broken pipe
2026-06-29 06:33:27,616 [INFO] handle_client: Entering receive loop
2026-06-29 06:33:27,616 [INFO] handle_client: Received empty data, client closed connection
2026-06-29 06:33:27,616 [INFO] Control Client disconnected
2026-06-29 06:33:27,618 [DEBUG] Received 10 bytes from BTS
2026-06-29 06:33:27,618 [DEBUG] Decoded IPA frame: proto=0x00, payload_len=7, consumed=10, payload_hex: 0c1201900fffff
2026-06-29 06:33:27,618 [DEBUG] RSL message: 0c1201900fffff
2026-06-29 06:33:27,618 [DEBUG] RSL discriminator: 0x0c, message type: 0x12, payload: 0c1201900fffff
2026-06-29 06:33:27,618 [DEBUG] Incomplete frame, buffer size: 0, buffer_hex: 
2026-06-29 06:33:28,479 [DEBUG] Received 10 bytes from BTS
2026-06-29 06:33:28,479 [DEBUG] Decoded IPA frame: proto=0x00, payload_len=7, consumed=10, payload_hex: 0c1201900fffff
2026-06-29 06:33:28,479 [DEBUG] RSL message: 0c1201900fffff
2026-06-29 06:33:28,479 [DEBUG] RSL discriminator: 0x0c, message type: 0x12, payload: 0c1201900fffff
2026-06-29 06:33:28,479 [DEBUG] Incomplete frame, buffer size: 0, buffer_hex: 
2026-06-29 06:33:28,619 [DEBUG] Received 10 bytes from BTS
2026-06-29 06:33:28,619 [DEBUG] Decoded IPA frame: proto=0x00, payload_len=7, consumed=10, payload_hex: 0c1201900fffff
2026-06-29 06:33:28,619 [DEBUG] RSL message: 0c1201900fffff
2026-06-29 06:33:28,619 [DEBUG] RSL discriminator: 0x0c, message type: 0x12, payload: 0c1201900fffff
2026-06-29 06:33:28,619 [DEBUG] Incomplete frame, buffer size: 0, buffer_hex: 
2026-06-29 06:33:29,479 [DEBUG] Received 10 bytes from BTS
2026-06-29 06:33:29,479 [DEBUG] Decoded IPA frame: proto=0x00, payload_len=7, consumed=10, payload_hex: 0c1201900fffff
2026-06-29 06:33:29,479 [DEBUG] RSL message: 0c1201900fffff
2026-06-29 06:33:29,479 [DEBUG] RSL discriminator: 0x0c, message type: 0x12, payload: 0c1201900fffff
2026-06-29 06:33:29,479 [DEBUG] Incomplete frame, buffer size: 0, buffer_hex: 
2026-06-29 06:33:29,619 [DEBUG] Received 10 bytes from BTS
2026-06-29 06:33:29,619 [DEBUG] Decoded IPA frame: proto=0x00, payload_len=7, consumed=10, payload_hex: 0c1201900fffff
2026-06-29 06:33:29,619 [DEBUG] RSL message: 0c1201900fffff
2026-06-29 06:33:29,619 [DEBUG] RSL discriminator: 0x0c, message type: 0x12, payload: 0c1201900fffff
2026-06-29 06:33:29,619 [DEBUG] Incomplete frame, buffer size: 0, buffer_hex: 
2026-06-29 06:33:30,389 [DEBUG] handle_client: Received 50 bytes
2026-06-29 06:33:30,389 [INFO] Control CMD: {"command": "SET_AUTO_RESPOND", "enabled": false}
2026-06-29 06:33:30,389 [INFO] Auto-respond set to: False
2026-06-29 06:33:30,480 [DEBUG] Received 10 bytes from BTS
2026-06-29 06:33:30,480 [DEBUG] Decoded IPA frame: proto=0x00, payload_len=7, consumed=10, payload_hex: 0c1201900fffff
2026-06-29 06:33:30,480 [DEBUG] RSL message: 0c1201900fffff
2026-06-29 06:33:30,480 [DEBUG] RSL discriminator: 0x0c, message type: 0x12, payload: 0c1201900fffff
2026-06-29 06:33:30,480 [DEBUG] Incomplete frame, buffer size: 0, buffer_hex: 
2026-06-29 06:33:30,565 [INFO] Control Client connected from ('10.42.0.1', 40346)
2026-06-29 06:33:30,565 [INFO] handle_client: Starting, client socket: 11
2026-06-29 06:33:30,565 [INFO] handle_client: WELCOME sent
2026-06-29 06:33:30,615 [INFO] Replaying 36 buffered event(s)
2026-06-29 06:33:30,615 [WARNING] Failed to replay event 1: [Errno 32] Broken pipe
2026-06-29 06:33:30,615 [WARNING] Failed to replay event 2: [Errno 32] Broken pipe
2026-06-29 06:33:30,616 [WARNING] Failed to replay event 3: [Errno 32] Broken pipe
2026-06-29 06:33:30,616 [WARNING] Failed to replay event 4: [Errno 32] Broken pipe
2026-06-29 06:33:30,616 [WARNING] Failed to replay event 5: [Errno 32] Broken pipe
2026-06-29 06:33:30,616 [WARNING] Failed to replay event 6: [Errno 32] Broken pipe
2026-06-29 06:33:30,616 [WARNING] Failed to replay event 7: [Errno 32] Broken pipe
2026-06-29 06:33:30,616 [WARNING] Failed to replay event 8: [Errno 32] Broken pipe
2026-06-29 06:33:30,616 [WARNING] Failed to replay event 9: [Errno 32] Broken pipe
2026-06-29 06:33:30,616 [WARNING] Failed to replay event 10: [Errno 32] Broken pipe
2026-06-29 06:33:30,616 [WARNING] Failed to replay event 11: [Errno 32] Broken pipe
2026-06-29 06:33:30,616 [WARNING] Failed to replay event 12: [Errno 32] Broken pipe
2026-06-29 06:33:30,616 [WARNING] Failed to replay event 13: [Errno 32] Broken pipe
2026-06-29 06:33:30,616 [WARNING] Failed to replay event 14: [Errno 32] Broken pipe
2026-06-29 06:33:30,616 [WARNING] Failed to replay event 15: [Errno 32] Broken pipe
2026-06-29 06:33:30,616 [WARNING] Failed to replay event 16: [Errno 32] Broken pipe
2026-06-29 06:33:30,616 [WARNING] Failed to replay event 17: [Errno 32] Broken pipe
2026-06-29 06:33:30,616 [WARNING] Failed to replay event 18: [Errno 32] Broken pipe
2026-06-29 06:33:30,616 [WARNING] Failed to replay event 19: [Errno 32] Broken pipe
2026-06-29 06:33:30,616 [WARNING] Failed to replay event 20: [Errno 32] Broken pipe
2026-06-29 06:33:30,616 [WARNING] Failed to replay event 21: [Errno 32] Broken pipe
2026-06-29 06:33:30,616 [WARNING] Failed to replay event 22: [Errno 32] Broken pipe
2026-06-29 06:33:30,616 [WARNING] Failed to replay event 23: [Errno 32] Broken pipe
2026-06-29 06:33:30,616 [WARNING] Failed to replay event 24: [Errno 32] Broken pipe
2026-06-29 06:33:30,616 [WARNING] Failed to replay event 25: [Errno 32] Broken pipe
2026-06-29 06:33:30,616 [WARNING] Failed to replay event 26: [Errno 32] Broken pipe
2026-06-29 06:33:30,616 [WARNING] Failed to replay event 27: [Errno 32] Broken pipe
2026-06-29 06:33:30,616 [WARNING] Failed to replay event 28: [Errno 32] Broken pipe
2026-06-29 06:33:30,616 [WARNING] Failed to replay event 29: [Errno 32] Broken pipe
2026-06-29 06:33:30,616 [WARNING] Failed to replay event 30: [Errno 32] Broken pipe
2026-06-29 06:33:30,616 [WARNING] Failed to replay event 31: [Errno 32] Broken pipe
2026-06-29 06:33:30,616 [WARNING] Failed to replay event 32: [Errno 32] Broken pipe
2026-06-29 06:33:30,616 [WARNING] Failed to replay event 33: [Errno 32] Broken pipe
2026-06-29 06:33:30,616 [WARNING] Failed to replay event 34: [Errno 32] Broken pipe
2026-06-29 06:33:30,616 [WARNING] Failed to replay event 35: [Errno 32] Broken pipe
2026-06-29 06:33:30,616 [WARNING] Failed to replay event 36: [Errno 32] Broken pipe
2026-06-29 06:33:30,616 [INFO] handle_client: Entering receive loop
2026-06-29 06:33:30,616 [INFO] handle_client: Received empty data, client closed connection
2026-06-29 06:33:30,616 [INFO] Control Client disconnected
2026-06-29 06:33:30,620 [DEBUG] Received 10 bytes from BTS
2026-06-29 06:33:30,620 [DEBUG] Decoded IPA frame: proto=0x00, payload_len=7, consumed=10, payload_hex: 0c1201900fffff
2026-06-29 06:33:30,620 [DEBUG] RSL message: 0c1201900fffff
2026-06-29 06:33:30,620 [DEBUG] RSL discriminator: 0x0c, message type: 0x12, payload: 0c1201900fffff
2026-06-29 06:33:30,620 [DEBUG] Incomplete frame, buffer size: 0, buffer_hex: 
2026-06-29 06:33:31,480 [DEBUG] Received 10 bytes from BTS
2026-06-29 06:33:31,480 [DEBUG] Decoded IPA frame: proto=0x00, payload_len=7, consumed=10, payload_hex: 0c1201900fffff
2026-06-29 06:33:31,480 [DEBUG] RSL message: 0c1201900fffff
2026-06-29 06:33:31,480 [DEBUG] RSL discriminator: 0x0c, message type: 0x12, payload: 0c1201900fffff
2026-06-29 06:33:31,480 [DEBUG] Incomplete frame, buffer size: 0, buffer_hex: 
2026-06-29 06:33:31,620 [DEBUG] Received 10 bytes from BTS
2026-06-29 06:33:31,620 [DEBUG] Decoded IPA frame: proto=0x00, payload_len=7, consumed=10, payload_hex: 0c1201900fffff
2026-06-29 06:33:31,620 [DEBUG] RSL message: 0c1201900fffff
2026-06-29 06:33:31,620 [DEBUG] RSL discriminator: 0x0c, message type: 0x12, payload: 0c1201900fffff
2026-06-29 06:33:31,620 [DEBUG] Incomplete frame, buffer size: 0, buffer_hex: 
2026-06-29 06:33:31,890 [DEBUG] handle_client: Received 69 bytes
2026-06-29 06:33:31,890 [INFO] Control CMD: {"command": "CMD_SEND_PAGING", "imsi": "901700000000001", "tmsi": 0}
2026-06-29 06:33:31,890 [DEBUG] Sending RSL message (15 bytes)
2026-06-29 06:33:31,890 [DEBUG] Sending 18 bytes to BTS 4242/0/0
2026-06-29 06:33:31,890 [INFO] CMD_SEND_PAGING: imsi=901700000000001 tmsi=0 chan_needed=0 rsl=(15B) 0c1501900e010c05f4000000002800
2026-06-29 06:33:32,481 [DEBUG] Received 10 bytes from BTS
2026-06-29 06:33:32,481 [DEBUG] Decoded IPA frame: proto=0x00, payload_len=7, consumed=10, payload_hex: 0c1201900fffff
2026-06-29 06:33:32,481 [DEBUG] RSL message: 0c1201900fffff
2026-06-29 06:33:32,481 [DEBUG] RSL discriminator: 0x0c, message type: 0x12, payload: 0c1201900fffff
2026-06-29 06:33:32,481 [DEBUG] Incomplete frame, buffer size: 0, buffer_hex: 
2026-06-29 06:33:32,620 [DEBUG] Received 10 bytes from BTS
2026-06-29 06:33:32,620 [DEBUG] Decoded IPA frame: proto=0x00, payload_len=7, consumed=10, payload_hex: 0c1201900f00c7
2026-06-29 06:33:32,620 [DEBUG] RSL message: 0c1201900f00c7
2026-06-29 06:33:32,620 [DEBUG] RSL discriminator: 0x0c, message type: 0x12, payload: 0c1201900f00c7
2026-06-29 06:33:32,620 [DEBUG] Incomplete frame, buffer size: 0, buffer_hex: 
2026-06-29 06:33:33,482 [DEBUG] Received 10 bytes from BTS
2026-06-29 06:33:33,482 [DEBUG] Decoded IPA frame: proto=0x00, payload_len=7, consumed=10, payload_hex: 0c1201900fffff
2026-06-29 06:33:33,482 [DEBUG] RSL message: 0c1201900fffff
2026-06-29 06:33:33,482 [DEBUG] RSL discriminator: 0x0c, message type: 0x12, payload: 0c1201900fffff
2026-06-29 06:33:33,482 [DEBUG] Incomplete frame, buffer size: 0, buffer_hex: 
2026-06-29 06:33:33,564 [INFO] Control Client connected from ('10.42.0.1', 35272)
2026-06-29 06:33:33,565 [INFO] handle_client: Starting, client socket: 12
2026-06-29 06:33:33,565 [INFO] handle_client: WELCOME sent
2026-06-29 06:33:33,615 [INFO] Replaying 36 buffered event(s)
2026-06-29 06:33:33,615 [WARNING] Failed to replay event 1: [Errno 32] Broken pipe
2026-06-29 06:33:33,615 [WARNING] Failed to replay event 2: [Errno 32] Broken pipe
2026-06-29 06:33:33,615 [WARNING] Failed to replay event 3: [Errno 32] Broken pipe
2026-06-29 06:33:33,615 [WARNING] Failed to replay event 4: [Errno 32] Broken pipe
2026-06-29 06:33:33,615 [WARNING] Failed to replay event 5: [Errno 32] Broken pipe
2026-06-29 06:33:33,615 [WARNING] Failed to replay event 6: [Errno 32] Broken pipe
2026-06-29 06:33:33,615 [WARNING] Failed to replay event 7: [Errno 32] Broken pipe
2026-06-29 06:33:33,615 [WARNING] Failed to replay event 8: [Errno 32] Broken pipe
2026-06-29 06:33:33,615 [WARNING] Failed to replay event 9: [Errno 32] Broken pipe
2026-06-29 06:33:33,615 [WARNING] Failed to replay event 10: [Errno 32] Broken pipe
2026-06-29 06:33:33,615 [WARNING] Failed to replay event 11: [Errno 32] Broken pipe
2026-06-29 06:33:33,615 [WARNING] Failed to replay event 12: [Errno 32] Broken pipe
2026-06-29 06:33:33,615 [WARNING] Failed to replay event 13: [Errno 32] Broken pipe
2026-06-29 06:33:33,615 [WARNING] Failed to replay event 14: [Errno 32] Broken pipe
2026-06-29 06:33:33,615 [WARNING] Failed to replay event 15: [Errno 32] Broken pipe
2026-06-29 06:33:33,615 [WARNING] Failed to replay event 16: [Errno 32] Broken pipe
2026-06-29 06:33:33,615 [WARNING] Failed to replay event 17: [Errno 32] Broken pipe
2026-06-29 06:33:33,615 [WARNING] Failed to replay event 18: [Errno 32] Broken pipe
2026-06-29 06:33:33,615 [WARNING] Failed to replay event 19: [Errno 32] Broken pipe
2026-06-29 06:33:33,615 [WARNING] Failed to replay event 20: [Errno 32] Broken pipe
2026-06-29 06:33:33,615 [WARNING] Failed to replay event 21: [Errno 32] Broken pipe
2026-06-29 06:33:33,616 [WARNING] Failed to replay event 22: [Errno 32] Broken pipe
2026-06-29 06:33:33,616 [WARNING] Failed to replay event 23: [Errno 32] Broken pipe
2026-06-29 06:33:33,616 [WARNING] Failed to replay event 24: [Errno 32] Broken pipe
2026-06-29 06:33:33,616 [WARNING] Failed to replay event 25: [Errno 32] Broken pipe
2026-06-29 06:33:33,616 [WARNING] Failed to replay event 26: [Errno 32] Broken pipe
2026-06-29 06:33:33,616 [WARNING] Failed to replay event 27: [Errno 32] Broken pipe
2026-06-29 06:33:33,616 [WARNING] Failed to replay event 28: [Errno 32] Broken pipe
2026-06-29 06:33:33,616 [WARNING] Failed to replay event 29: [Errno 32] Broken pipe
2026-06-29 06:33:33,616 [WARNING] Failed to replay event 30: [Errno 32] Broken pipe
2026-06-29 06:33:33,616 [WARNING] Failed to replay event 31: [Errno 32] Broken pipe
2026-06-29 06:33:33,616 [WARNING] Failed to replay event 32: [Errno 32] Broken pipe
2026-06-29 06:33:33,616 [WARNING] Failed to replay event 33: [Errno 32] Broken pipe
2026-06-29 06:33:33,616 [WARNING] Failed to replay event 34: [Errno 32] Broken pipe
2026-06-29 06:33:33,616 [WARNING] Failed to replay event 35: [Errno 32] Broken pipe
2026-06-29 06:33:33,616 [WARNING] Failed to replay event 36: [Errno 32] Broken pipe
2026-06-29 06:33:33,616 [INFO] handle_client: Entering receive loop
2026-06-29 06:33:33,616 [INFO] handle_client: Received empty data, client closed connection
2026-06-29 06:33:33,616 [INFO] Control Client disconnected
2026-06-29 06:33:33,621 [DEBUG] Received 10 bytes from BTS
2026-06-29 06:33:33,621 [DEBUG] Decoded IPA frame: proto=0x00, payload_len=7, consumed=10, payload_hex: 0c1201900f00c7
2026-06-29 06:33:33,621 [DEBUG] RSL message: 0c1201900f00c7
2026-06-29 06:33:33,621 [DEBUG] RSL discriminator: 0x0c, message type: 0x12, payload: 0c1201900f00c7
2026-06-29 06:33:33,621 [DEBUG] Incomplete frame, buffer size: 0, buffer_hex: 
2026-06-29 06:33:34,236 [INFO] Control Client connected from ('10.42.0.1', 35274)
2026-06-29 06:33:34,236 [INFO] handle_client: Starting, client socket: 11
2026-06-29 06:33:34,236 [INFO] handle_client: WELCOME sent
2026-06-29 06:33:34,286 [INFO] Replaying 36 buffered event(s)
2026-06-29 06:33:34,287 [WARNING] Failed to replay event 1: [Errno 32] Broken pipe
2026-06-29 06:33:34,287 [WARNING] Failed to replay event 2: [Errno 32] Broken pipe
2026-06-29 06:33:34,287 [WARNING] Failed to replay event 3: [Errno 32] Broken pipe
2026-06-29 06:33:34,287 [WARNING] Failed to replay event 4: [Errno 32] Broken pipe
2026-06-29 06:33:34,287 [WARNING] Failed to replay event 5: [Errno 32] Broken pipe
2026-06-29 06:33:34,287 [WARNING] Failed to replay event 6: [Errno 32] Broken pipe
2026-06-29 06:33:34,287 [WARNING] Failed to replay event 7: [Errno 32] Broken pipe
2026-06-29 06:33:34,287 [WARNING] Failed to replay event 8: [Errno 32] Broken pipe
2026-06-29 06:33:34,287 [WARNING] Failed to replay event 9: [Errno 32] Broken pipe
2026-06-29 06:33:34,287 [WARNING] Failed to replay event 10: [Errno 32] Broken pipe
2026-06-29 06:33:34,287 [WARNING] Failed to replay event 11: [Errno 32] Broken pipe
2026-06-29 06:33:34,287 [WARNING] Failed to replay event 12: [Errno 32] Broken pipe
2026-06-29 06:33:34,287 [WARNING] Failed to replay event 13: [Errno 32] Broken pipe
2026-06-29 06:33:34,287 [WARNING] Failed to replay event 14: [Errno 32] Broken pipe
2026-06-29 06:33:34,287 [WARNING] Failed to replay event 15: [Errno 32] Broken pipe
2026-06-29 06:33:34,287 [WARNING] Failed to replay event 16: [Errno 32] Broken pipe
2026-06-29 06:33:34,287 [WARNING] Failed to replay event 17: [Errno 32] Broken pipe
2026-06-29 06:33:34,287 [WARNING] Failed to replay event 18: [Errno 32] Broken pipe
2026-06-29 06:33:34,287 [WARNING] Failed to replay event 19: [Errno 32] Broken pipe
2026-06-29 06:33:34,287 [WARNING] Failed to replay event 20: [Errno 32] Broken pipe
2026-06-29 06:33:34,287 [WARNING] Failed to replay event 21: [Errno 32] Broken pipe
2026-06-29 06:33:34,287 [WARNING] Failed to replay event 22: [Errno 32] Broken pipe
2026-06-29 06:33:34,287 [WARNING] Failed to replay event 23: [Errno 32] Broken pipe
2026-06-29 06:33:34,287 [WARNING] Failed to replay event 24: [Errno 32] Broken pipe
2026-06-29 06:33:34,287 [WARNING] Failed to replay event 25: [Errno 32] Broken pipe
2026-06-29 06:33:34,287 [WARNING] Failed to replay event 26: [Errno 32] Broken pipe
2026-06-29 06:33:34,287 [WARNING] Failed to replay event 27: [Errno 32] Broken pipe
2026-06-29 06:33:34,287 [WARNING] Failed to replay event 28: [Errno 32] Broken pipe
2026-06-29 06:33:34,287 [WARNING] Failed to replay event 29: [Errno 32] Broken pipe
2026-06-29 06:33:34,287 [WARNING] Failed to replay event 30: [Errno 32] Broken pipe
2026-06-29 06:33:34,287 [WARNING] Failed to replay event 31: [Errno 32] Broken pipe
2026-06-29 06:33:34,287 [WARNING] Failed to replay event 32: [Errno 32] Broken pipe
2026-06-29 06:33:34,287 [WARNING] Failed to replay event 33: [Errno 32] Broken pipe
2026-06-29 06:33:34,287 [WARNING] Failed to replay event 34: [Errno 32] Broken pipe
2026-06-29 06:33:34,287 [WARNING] Failed to replay event 35: [Errno 32] Broken pipe
2026-06-29 06:33:34,287 [WARNING] Failed to replay event 36: [Errno 32] Broken pipe
2026-06-29 06:33:34,287 [INFO] handle_client: Entering receive loop
2026-06-29 06:33:34,287 [INFO] handle_client: Received empty data, client closed connection
2026-06-29 06:33:34,287 [INFO] Control Client disconnected
2026-06-29 06:33:34,482 [DEBUG] Received 10 bytes from BTS
2026-06-29 06:33:34,483 [DEBUG] Decoded IPA frame: proto=0x00, payload_len=7, consumed=10, payload_hex: 0c1201900fffff
2026-06-29 06:33:34,483 [DEBUG] RSL message: 0c1201900fffff
2026-06-29 06:33:34,483 [DEBUG] RSL discriminator: 0x0c, message type: 0x12, payload: 0c1201900fffff
2026-06-29 06:33:34,483 [DEBUG] Incomplete frame, buffer size: 0, buffer_hex: 
2026-06-29 06:33:34,621 [DEBUG] Received 10 bytes from BTS
2026-06-29 06:33:34,621 [DEBUG] Decoded IPA frame: proto=0x00, payload_len=7, consumed=10, payload_hex: 0c1201900fffff
2026-06-29 06:33:34,621 [DEBUG] RSL message: 0c1201900fffff
2026-06-29 06:33:34,621 [DEBUG] RSL discriminator: 0x0c, message type: 0x12, payload: 0c1201900fffff
2026-06-29 06:33:34,621 [DEBUG] Incomplete frame, buffer size: 0, buffer_hex: 
2026-06-29 06:33:35,483 [DEBUG] Received 10 bytes from BTS
2026-06-29 06:33:35,483 [DEBUG] Decoded IPA frame: proto=0x00, payload_len=7, consumed=10, payload_hex: 0c1201900fffff
2026-06-29 06:33:35,484 [DEBUG] RSL message: 0c1201900fffff
2026-06-29 06:33:35,484 [DEBUG] RSL discriminator: 0x0c, message type: 0x12, payload: 0c1201900fffff
2026-06-29 06:33:35,484 [DEBUG] Incomplete frame, buffer size: 0, buffer_hex: 
2026-06-29 06:33:35,621 [DEBUG] Received 10 bytes from BTS
2026-06-29 06:33:35,621 [DEBUG] Decoded IPA frame: proto=0x00, payload_len=7, consumed=10, payload_hex: 0c1201900f00c7
2026-06-29 06:33:35,621 [DEBUG] RSL message: 0c1201900f00c7
2026-06-29 06:33:35,621 [DEBUG] RSL discriminator: 0x0c, message type: 0x12, payload: 0c1201900f00c7
2026-06-29 06:33:35,621 [DEBUG] Incomplete frame, buffer size: 0, buffer_hex: 
2026-06-29 06:33:36,484 [DEBUG] Received 10 bytes from BTS
2026-06-29 06:33:36,484 [DEBUG] Decoded IPA frame: proto=0x00, payload_len=7, consumed=10, payload_hex: 0c1201900fffff
2026-06-29 06:33:36,484 [DEBUG] RSL message: 0c1201900fffff
2026-06-29 06:33:36,484 [DEBUG] RSL discriminator: 0x0c, message type: 0x12, payload: 0c1201900fffff
2026-06-29 06:33:36,484 [DEBUG] Incomplete frame, buffer size: 0, buffer_hex: 
2026-06-29 06:33:36,564 [INFO] Control Client connected from ('10.42.0.1', 35286)
2026-06-29 06:33:36,565 [INFO] handle_client: Starting, client socket: 12
2026-06-29 06:33:36,565 [INFO] handle_client: WELCOME sent
2026-06-29 06:33:36,615 [INFO] Replaying 36 buffered event(s)
2026-06-29 06:33:36,615 [WARNING] Failed to replay event 1: [Errno 32] Broken pipe
2026-06-29 06:33:36,615 [WARNING] Failed to replay event 2: [Errno 32] Broken pipe
2026-06-29 06:33:36,615 [WARNING] Failed to replay event 3: [Errno 32] Broken pipe
2026-06-29 06:33:36,615 [WARNING] Failed to replay event 4: [Errno 32] Broken pipe
2026-06-29 06:33:36,615 [WARNING] Failed to replay event 5: [Errno 32] Broken pipe
2026-06-29 06:33:36,615 [WARNING] Failed to replay event 6: [Errno 32] Broken pipe
2026-06-29 06:33:36,615 [WARNING] Failed to replay event 7: [Errno 32] Broken pipe
2026-06-29 06:33:36,615 [WARNING] Failed to replay event 8: [Errno 32] Broken pipe
2026-06-29 06:33:36,615 [WARNING] Failed to replay event 9: [Errno 32] Broken pipe
2026-06-29 06:33:36,615 [WARNING] Failed to replay event 10: [Errno 32] Broken pipe
2026-06-29 06:33:36,615 [WARNING] Failed to replay event 11: [Errno 32] Broken pipe
2026-06-29 06:33:36,615 [WARNING] Failed to replay event 12: [Errno 32] Broken pipe
2026-06-29 06:33:36,615 [WARNING] Failed to replay event 13: [Errno 32] Broken pipe
2026-06-29 06:33:36,615 [WARNING] Failed to replay event 14: [Errno 32] Broken pipe
2026-06-29 06:33:36,615 [WARNING] Failed to replay event 15: [Errno 32] Broken pipe
2026-06-29 06:33:36,615 [WARNING] Failed to replay event 16: [Errno 32] Broken pipe
2026-06-29 06:33:36,615 [WARNING] Failed to replay event 17: [Errno 32] Broken pipe
2026-06-29 06:33:36,615 [WARNING] Failed to replay event 18: [Errno 32] Broken pipe
2026-06-29 06:33:36,615 [WARNING] Failed to replay event 19: [Errno 32] Broken pipe
2026-06-29 06:33:36,615 [WARNING] Failed to replay event 20: [Errno 32] Broken pipe
2026-06-29 06:33:36,615 [WARNING] Failed to replay event 21: [Errno 32] Broken pipe
2026-06-29 06:33:36,615 [WARNING] Failed to replay event 22: [Errno 32] Broken pipe
2026-06-29 06:33:36,616 [WARNING] Failed to replay event 23: [Errno 32] Broken pipe
2026-06-29 06:33:36,616 [WARNING] Failed to replay event 24: [Errno 32] Broken pipe
2026-06-29 06:33:36,616 [WARNING] Failed to replay event 25: [Errno 32] Broken pipe
2026-06-29 06:33:36,616 [WARNING] Failed to replay event 26: [Errno 32] Broken pipe
2026-06-29 06:33:36,616 [WARNING] Failed to replay event 27: [Errno 32] Broken pipe
2026-06-29 06:33:36,616 [WARNING] Failed to replay event 28: [Errno 32] Broken pipe
2026-06-29 06:33:36,616 [WARNING] Failed to replay event 29: [Errno 32] Broken pipe
2026-06-29 06:33:36,616 [WARNING] Failed to replay event 30: [Errno 32] Broken pipe
2026-06-29 06:33:36,616 [WARNING] Failed to replay event 31: [Errno 32] Broken pipe
2026-06-29 06:33:36,616 [WARNING] Failed to replay event 32: [Errno 32] Broken pipe
2026-06-29 06:33:36,616 [WARNING] Failed to replay event 33: [Errno 32] Broken pipe
2026-06-29 06:33:36,616 [WARNING] Failed to replay event 34: [Errno 32] Broken pipe
2026-06-29 06:33:36,616 [WARNING] Failed to replay event 35: [Errno 32] Broken pipe
2026-06-29 06:33:36,616 [WARNING] Failed to replay event 36: [Errno 32] Broken pipe
2026-06-29 06:33:36,616 [INFO] handle_client: Entering receive loop
2026-06-29 06:33:36,616 [INFO] handle_client: Received empty data, client closed connection
2026-06-29 06:33:36,616 [INFO] Control Client disconnected
2026-06-29 06:33:36,621 [DEBUG] Received 10 bytes from BTS
2026-06-29 06:33:36,621 [DEBUG] Decoded IPA frame: proto=0x00, payload_len=7, consumed=10, payload_hex: 0c1201900f00c7
2026-06-29 06:33:36,621 [DEBUG] RSL message: 0c1201900f00c7
2026-06-29 06:33:36,621 [DEBUG] RSL discriminator: 0x0c, message type: 0x12, payload: 0c1201900f00c7
2026-06-29 06:33:36,621 [DEBUG] Incomplete frame, buffer size: 0, buffer_hex: 
2026-06-29 06:33:37,484 [DEBUG] Received 10 bytes from BTS
2026-06-29 06:33:37,484 [DEBUG] Decoded IPA frame: proto=0x00, payload_len=7, consumed=10, payload_hex: 0c1201900fffff
2026-06-29 06:33:37,484 [DEBUG] RSL message: 0c1201900fffff
2026-06-29 06:33:37,484 [DEBUG] RSL discriminator: 0x0c, message type: 0x12, payload: 0c1201900fffff
2026-06-29 06:33:37,484 [DEBUG] Incomplete frame, buffer size: 0, buffer_hex: 
2026-06-29 06:33:37,622 [DEBUG] Received 10 bytes from BTS
2026-06-29 06:33:37,622 [DEBUG] Decoded IPA frame: proto=0x00, payload_len=7, consumed=10, payload_hex: 0c1201900f00c7
2026-06-29 06:33:37,622 [DEBUG] RSL message: 0c1201900f00c7
2026-06-29 06:33:37,622 [DEBUG] RSL discriminator: 0x0c, message type: 0x12, payload: 0c1201900f00c7
2026-06-29 06:33:37,623 [DEBUG] Incomplete frame, buffer size: 0, buffer_hex: 
2026-06-29 06:33:38,484 [DEBUG] Received 10 bytes from BTS
2026-06-29 06:33:38,485 [DEBUG] Decoded IPA frame: proto=0x00, payload_len=7, consumed=10, payload_hex: 0c1201900fffff
2026-06-29 06:33:38,485 [DEBUG] RSL message: 0c1201900fffff
2026-06-29 06:33:38,485 [DEBUG] RSL discriminator: 0x0c, message type: 0x12, payload: 0c1201900fffff
2026-06-29 06:33:38,485 [DEBUG] Incomplete frame, buffer size: 0, buffer_hex: 
2026-06-29 06:33:38,623 [DEBUG] Received 10 bytes from BTS
2026-06-29 06:33:38,623 [DEBUG] Decoded IPA frame: proto=0x00, payload_len=7, consumed=10, payload_hex: 0c1201900f00c7
2026-06-29 06:33:38,623 [DEBUG] RSL message: 0c1201900f00c7
2026-06-29 06:33:38,623 [DEBUG] RSL discriminator: 0x0c, message type: 0x12, payload: 0c1201900f00c7
2026-06-29 06:33:38,623 [DEBUG] Incomplete frame, buffer size: 0, buffer_hex: 
2026-06-29 06:33:39,485 [DEBUG] Received 10 bytes from BTS
2026-06-29 06:33:39,485 [DEBUG] Decoded IPA frame: proto=0x00, payload_len=7, consumed=10, payload_hex: 0c1201900fffff
2026-06-29 06:33:39,485 [DEBUG] RSL message: 0c1201900fffff
2026-06-29 06:33:39,485 [DEBUG] RSL discriminator: 0x0c, message type: 0x12, payload: 0c1201900fffff
2026-06-29 06:33:39,485 [DEBUG] Incomplete frame, buffer size: 0, buffer_hex: 
2026-06-29 06:33:39,565 [INFO] Control Client connected from ('10.42.0.1', 35302)
2026-06-29 06:33:39,565 [INFO] handle_client: Starting, client socket: 11
2026-06-29 06:33:39,565 [INFO] handle_client: WELCOME sent
2026-06-29 06:33:39,616 [INFO] Replaying 36 buffered event(s)
2026-06-29 06:33:39,616 [INFO] Replayed event 1/36: sent 60 bytes
2026-06-29 06:33:39,616 [INFO] Replayed event 2/36: sent 56 bytes
2026-06-29 06:33:39,616 [INFO] Replayed event 3/36: sent 60 bytes
2026-06-29 06:33:39,616 [INFO] Replayed event 4/36: sent 56 bytes
2026-06-29 06:33:39,616 [INFO] Replayed event 5/36: sent 114 bytes
2026-06-29 06:33:39,616 [INFO] Replayed event 6/36: sent 114 bytes
2026-06-29 06:33:39,616 [INFO] Replayed event 7/36: sent 115 bytes
2026-06-29 06:33:39,616 [INFO] Replayed event 8/36: sent 114 bytes
2026-06-29 06:33:39,616 [INFO] Replayed event 9/36: sent 117 bytes
2026-06-29 06:33:39,616 [INFO] Replayed event 10/36: sent 116 bytes
2026-06-29 06:33:39,616 [INFO] Replayed event 11/36: sent 117 bytes
2026-06-29 06:33:39,616 [INFO] Replayed event 12/36: sent 116 bytes
2026-06-29 06:33:39,616 [INFO] Replayed event 13/36: sent 117 bytes
2026-06-29 06:33:39,616 [INFO] Replayed event 14/36: sent 118 bytes
2026-06-29 06:33:39,616 [INFO] Replayed event 15/36: sent 117 bytes
2026-06-29 06:33:39,616 [WARNING] Failed to replay event 16: [Errno 32] Broken pipe
2026-06-29 06:33:39,616 [WARNING] Failed to replay event 17: [Errno 32] Broken pipe
2026-06-29 06:33:39,616 [WARNING] Failed to replay event 18: [Errno 32] Broken pipe
2026-06-29 06:33:39,617 [WARNING] Failed to replay event 19: [Errno 32] Broken pipe
2026-06-29 06:33:39,617 [WARNING] Failed to replay event 20: [Errno 32] Broken pipe
2026-06-29 06:33:39,617 [WARNING] Failed to replay event 21: [Errno 32] Broken pipe
2026-06-29 06:33:39,617 [WARNING] Failed to replay event 22: [Errno 32] Broken pipe
2026-06-29 06:33:39,617 [WARNING] Failed to replay event 23: [Errno 32] Broken pipe
2026-06-29 06:33:39,617 [WARNING] Failed to replay event 24: [Errno 32] Broken pipe
2026-06-29 06:33:39,617 [WARNING] Failed to replay event 25: [Errno 32] Broken pipe
2026-06-29 06:33:39,617 [WARNING] Failed to replay event 26: [Errno 32] Broken pipe
2026-06-29 06:33:39,617 [WARNING] Failed to replay event 27: [Errno 32] Broken pipe
2026-06-29 06:33:39,617 [WARNING] Failed to replay event 28: [Errno 32] Broken pipe
2026-06-29 06:33:39,617 [WARNING] Failed to replay event 29: [Errno 32] Broken pipe
2026-06-29 06:33:39,617 [WARNING] Failed to replay event 30: [Errno 32] Broken pipe
2026-06-29 06:33:39,617 [WARNING] Failed to replay event 31: [Errno 32] Broken pipe
2026-06-29 06:33:39,617 [WARNING] Failed to replay event 32: [Errno 32] Broken pipe
2026-06-29 06:33:39,617 [WARNING] Failed to replay event 33: [Errno 32] Broken pipe
2026-06-29 06:33:39,617 [WARNING] Failed to replay event 34: [Errno 32] Broken pipe
2026-06-29 06:33:39,617 [WARNING] Failed to replay event 35: [Errno 32] Broken pipe
2026-06-29 06:33:39,617 [WARNING] Failed to replay event 36: [Errno 32] Broken pipe
2026-06-29 06:33:39,617 [INFO] handle_client: Entering receive loop
2026-06-29 06:33:39,617 [INFO] handle_client: Received empty data, client closed connection
2026-06-29 06:33:39,617 [INFO] Control Client disconnected
2026-06-29 06:33:39,623 [DEBUG] Received 10 bytes from BTS
2026-06-29 06:33:39,624 [DEBUG] Decoded IPA frame: proto=0x00, payload_len=7, consumed=10, payload_hex: 0c1201900f00c7
2026-06-29 06:33:39,624 [DEBUG] RSL message: 0c1201900f00c7
2026-06-29 06:33:39,624 [DEBUG] RSL discriminator: 0x0c, message type: 0x12, payload: 0c1201900f00c7
2026-06-29 06:33:39,624 [DEBUG] Incomplete frame, buffer size: 0, buffer_hex: 
2026-06-29 06:33:40,485 [DEBUG] Received 10 bytes from BTS
2026-06-29 06:33:40,485 [DEBUG] Decoded IPA frame: proto=0x00, payload_len=7, consumed=10, payload_hex: 0c1201900fffff
2026-06-29 06:33:40,485 [DEBUG] RSL message: 0c1201900fffff
2026-06-29 06:33:40,485 [DEBUG] RSL discriminator: 0x0c, message type: 0x12, payload: 0c1201900fffff
2026-06-29 06:33:40,485 [DEBUG] Incomplete frame, buffer size: 0, buffer_hex: 
2026-06-29 06:33:40,624 [DEBUG] Received 10 bytes from BTS
2026-06-29 06:33:40,624 [DEBUG] Decoded IPA frame: proto=0x00, payload_len=7, consumed=10, payload_hex: 0c1201900f00c7
2026-06-29 06:33:40,624 [DEBUG] RSL message: 0c1201900f00c7
2026-06-29 06:33:40,624 [DEBUG] RSL discriminator: 0x0c, message type: 0x12, payload: 0c1201900f00c7
2026-06-29 06:33:40,624 [DEBUG] Incomplete frame, buffer size: 0, buffer_hex: 
2026-06-29 06:33:41,486 [DEBUG] Received 10 bytes from BTS
2026-06-29 06:33:41,486 [DEBUG] Decoded IPA frame: proto=0x00, payload_len=7, consumed=10, payload_hex: 0c1201900fffff
2026-06-29 06:33:41,486 [DEBUG] RSL message: 0c1201900fffff
2026-06-29 06:33:41,486 [DEBUG] RSL discriminator: 0x0c, message type: 0x12, payload: 0c1201900fffff
2026-06-29 06:33:41,486 [DEBUG] Incomplete frame, buffer size: 0, buffer_hex: 
2026-06-29 06:33:41,624 [DEBUG] Received 10 bytes from BTS
2026-06-29 06:33:41,624 [DEBUG] Decoded IPA frame: proto=0x00, payload_len=7, consumed=10, payload_hex: 0c1201900fffff
2026-06-29 06:33:41,624 [DEBUG] RSL message: 0c1201900fffff
2026-06-29 06:33:41,624 [DEBUG] RSL discriminator: 0x0c, message type: 0x12, payload: 0c1201900fffff
2026-06-29 06:33:41,624 [DEBUG] Incomplete frame, buffer size: 0, buffer_hex: 
2026-06-29 06:33:42,486 [DEBUG] Received 10 bytes from BTS
2026-06-29 06:33:42,486 [DEBUG] Decoded IPA frame: proto=0x00, payload_len=7, consumed=10, payload_hex: 0c1201900fffff
2026-06-29 06:33:42,486 [DEBUG] RSL message: 0c1201900fffff
2026-06-29 06:33:42,486 [DEBUG] RSL discriminator: 0x0c, message type: 0x12, payload: 0c1201900fffff
2026-06-29 06:33:42,486 [DEBUG] Incomplete frame, buffer size: 0, buffer_hex: 
2026-06-29 06:33:42,565 [INFO] Control Client connected from ('10.42.0.1', 55278)
2026-06-29 06:33:42,565 [INFO] handle_client: Starting, client socket: 12
2026-06-29 06:33:42,565 [INFO] handle_client: WELCOME sent
2026-06-29 06:33:42,615 [INFO] Replaying 36 buffered event(s)
2026-06-29 06:33:42,615 [WARNING] Failed to replay event 1: [Errno 32] Broken pipe
2026-06-29 06:33:42,615 [WARNING] Failed to replay event 2: [Errno 32] Broken pipe
2026-06-29 06:33:42,615 [WARNING] Failed to replay event 3: [Errno 32] Broken pipe
2026-06-29 06:33:42,616 [WARNING] Failed to replay event 4: [Errno 32] Broken pipe
2026-06-29 06:33:42,616 [WARNING] Failed to replay event 5: [Errno 32] Broken pipe
2026-06-29 06:33:42,616 [WARNING] Failed to replay event 6: [Errno 32] Broken pipe
2026-06-29 06:33:42,616 [WARNING] Failed to replay event 7: [Errno 32] Broken pipe
2026-06-29 06:33:42,616 [WARNING] Failed to replay event 8: [Errno 32] Broken pipe
2026-06-29 06:33:42,616 [WARNING] Failed to replay event 9: [Errno 32] Broken pipe
2026-06-29 06:33:42,616 [WARNING] Failed to replay event 10: [Errno 32] Broken pipe
2026-06-29 06:33:42,616 [WARNING] Failed to replay event 11: [Errno 32] Broken pipe
2026-06-29 06:33:42,616 [WARNING] Failed to replay event 12: [Errno 32] Broken pipe
2026-06-29 06:33:42,616 [WARNING] Failed to replay event 13: [Errno 32] Broken pipe
2026-06-29 06:33:42,616 [WARNING] Failed to replay event 14: [Errno 32] Broken pipe
2026-06-29 06:33:42,616 [WARNING] Failed to replay event 15: [Errno 32] Broken pipe
2026-06-29 06:33:42,616 [WARNING] Failed to replay event 16: [Errno 32] Broken pipe
2026-06-29 06:33:42,616 [WARNING] Failed to replay event 17: [Errno 32] Broken pipe
2026-06-29 06:33:42,616 [WARNING] Failed to replay event 18: [Errno 32] Broken pipe
2026-06-29 06:33:42,616 [WARNING] Failed to replay event 19: [Errno 32] Broken pipe
2026-06-29 06:33:42,616 [WARNING] Failed to replay event 20: [Errno 32] Broken pipe
2026-06-29 06:33:42,616 [WARNING] Failed to replay event 21: [Errno 32] Broken pipe
2026-06-29 06:33:42,616 [WARNING] Failed to replay event 22: [Errno 32] Broken pipe
2026-06-29 06:33:42,616 [WARNING] Failed to replay event 23: [Errno 32] Broken pipe
2026-06-29 06:33:42,616 [WARNING] Failed to replay event 24: [Errno 32] Broken pipe
2026-06-29 06:33:42,616 [WARNING] Failed to replay event 25: [Errno 32] Broken pipe
2026-06-29 06:33:42,616 [WARNING] Failed to replay event 26: [Errno 32] Broken pipe
2026-06-29 06:33:42,617 [WARNING] Failed to replay event 27: [Errno 32] Broken pipe
2026-06-29 06:33:42,617 [WARNING] Failed to replay event 28: [Errno 32] Broken pipe
2026-06-29 06:33:42,617 [WARNING] Failed to replay event 29: [Errno 32] Broken pipe
2026-06-29 06:33:42,617 [WARNING] Failed to replay event 30: [Errno 32] Broken pipe
2026-06-29 06:33:42,617 [WARNING] Failed to replay event 31: [Errno 32] Broken pipe
2026-06-29 06:33:42,617 [WARNING] Failed to replay event 32: [Errno 32] Broken pipe
2026-06-29 06:33:42,617 [WARNING] Failed to replay event 33: [Errno 32] Broken pipe
2026-06-29 06:33:42,617 [WARNING] Failed to replay event 34: [Errno 32] Broken pipe
2026-06-29 06:33:42,617 [WARNING] Failed to replay event 35: [Errno 32] Broken pipe
2026-06-29 06:33:42,617 [WARNING] Failed to replay event 36: [Errno 32] Broken pipe
2026-06-29 06:33:42,617 [INFO] handle_client: Entering receive loop
2026-06-29 06:33:42,617 [INFO] handle_client: Received empty data, client closed connection
2026-06-29 06:33:42,617 [INFO] Control Client disconnected
2026-06-29 06:33:42,625 [DEBUG] Received 10 bytes from BTS
2026-06-29 06:33:42,625 [DEBUG] Decoded IPA frame: proto=0x00, payload_len=7, consumed=10, payload_hex: 0c1201900f00c8
2026-06-29 06:33:42,625 [DEBUG] RSL message: 0c1201900f00c8
2026-06-29 06:33:42,625 [DEBUG] RSL discriminator: 0x0c, message type: 0x12, payload: 0c1201900f00c8
2026-06-29 06:33:42,625 [DEBUG] Incomplete frame, buffer size: 0, buffer_hex: 
2026-06-29 06:33:43,487 [DEBUG] Received 10 bytes from BTS
2026-06-29 06:33:43,487 [DEBUG] Decoded IPA frame: proto=0x00, payload_len=7, consumed=10, payload_hex: 0c1201900fffff
2026-06-29 06:33:43,487 [DEBUG] RSL message: 0c1201900fffff
2026-06-29 06:33:43,487 [DEBUG] RSL discriminator: 0x0c, message type: 0x12, payload: 0c1201900fffff
2026-06-29 06:33:43,487 [DEBUG] Incomplete frame, buffer size: 0, buffer_hex: 
2026-06-29 06:33:43,626 [DEBUG] Received 10 bytes from BTS
2026-06-29 06:33:43,626 [DEBUG] Decoded IPA frame: proto=0x00, payload_len=7, consumed=10, payload_hex: 0c1201900fffff
2026-06-29 06:33:43,626 [DEBUG] RSL message: 0c1201900fffff
2026-06-29 06:33:43,626 [DEBUG] RSL discriminator: 0x0c, message type: 0x12, payload: 0c1201900fffff
2026-06-29 06:33:43,626 [DEBUG] Incomplete frame, buffer size: 0, buffer_hex: 
2026-06-29 06:33:44,236 [INFO] Control Client connected from ('10.42.0.1', 55286)
2026-06-29 06:33:44,236 [INFO] handle_client: Starting, client socket: 11
2026-06-29 06:33:44,236 [INFO] handle_client: WELCOME sent
2026-06-29 06:33:44,286 [INFO] Replaying 36 buffered event(s)
2026-06-29 06:33:44,286 [WARNING] Failed to replay event 1: [Errno 32] Broken pipe
2026-06-29 06:33:44,287 [WARNING] Failed to replay event 2: [Errno 32] Broken pipe
2026-06-29 06:33:44,287 [WARNING] Failed to replay event 3: [Errno 32] Broken pipe
2026-06-29 06:33:44,287 [WARNING] Failed to replay event 4: [Errno 32] Broken pipe
2026-06-29 06:33:44,287 [WARNING] Failed to replay event 5: [Errno 32] Broken pipe
2026-06-29 06:33:44,287 [WARNING] Failed to replay event 6: [Errno 32] Broken pipe
2026-06-29 06:33:44,287 [WARNING] Failed to replay event 7: [Errno 32] Broken pipe
2026-06-29 06:33:44,287 [WARNING] Failed to replay event 8: [Errno 32] Broken pipe
2026-06-29 06:33:44,287 [WARNING] Failed to replay event 9: [Errno 32] Broken pipe
2026-06-29 06:33:44,287 [WARNING] Failed to replay event 10: [Errno 32] Broken pipe
2026-06-29 06:33:44,287 [WARNING] Failed to replay event 11: [Errno 32] Broken pipe
2026-06-29 06:33:44,287 [WARNING] Failed to replay event 12: [Errno 32] Broken pipe
2026-06-29 06:33:44,287 [WARNING] Failed to replay event 13: [Errno 32] Broken pipe
2026-06-29 06:33:44,287 [WARNING] Failed to replay event 14: [Errno 32] Broken pipe
2026-06-29 06:33:44,287 [WARNING] Failed to replay event 15: [Errno 32] Broken pipe
2026-06-29 06:33:44,287 [WARNING] Failed to replay event 16: [Errno 32] Broken pipe
2026-06-29 06:33:44,287 [WARNING] Failed to replay event 17: [Errno 32] Broken pipe
2026-06-29 06:33:44,287 [WARNING] Failed to replay event 18: [Errno 32] Broken pipe
2026-06-29 06:33:44,287 [WARNING] Failed to replay event 19: [Errno 32] Broken pipe
2026-06-29 06:33:44,287 [WARNING] Failed to replay event 20: [Errno 32] Broken pipe
2026-06-29 06:33:44,287 [WARNING] Failed to replay event 21: [Errno 32] Broken pipe
2026-06-29 06:33:44,287 [WARNING] Failed to replay event 22: [Errno 32] Broken pipe
2026-06-29 06:33:44,287 [WARNING] Failed to replay event 23: [Errno 32] Broken pipe
2026-06-29 06:33:44,287 [WARNING] Failed to replay event 24: [Errno 32] Broken pipe
2026-06-29 06:33:44,287 [WARNING] Failed to replay event 25: [Errno 32] Broken pipe
2026-06-29 06:33:44,287 [WARNING] Failed to replay event 26: [Errno 32] Broken pipe
2026-06-29 06:33:44,287 [WARNING] Failed to replay event 27: [Errno 32] Broken pipe
2026-06-29 06:33:44,287 [WARNING] Failed to replay event 28: [Errno 32] Broken pipe
2026-06-29 06:33:44,287 [WARNING] Failed to replay event 29: [Errno 32] Broken pipe
2026-06-29 06:33:44,287 [WARNING] Failed to replay event 30: [Errno 32] Broken pipe
2026-06-29 06:33:44,287 [WARNING] Failed to replay event 31: [Errno 32] Broken pipe
2026-06-29 06:33:44,287 [WARNING] Failed to replay event 32: [Errno 32] Broken pipe
2026-06-29 06:33:44,287 [WARNING] Failed to replay event 33: [Errno 32] Broken pipe
2026-06-29 06:33:44,287 [WARNING] Failed to replay event 34: [Errno 32] Broken pipe
2026-06-29 06:33:44,287 [WARNING] Failed to replay event 35: [Errno 32] Broken pipe
2026-06-29 06:33:44,287 [WARNING] Failed to replay event 36: [Errno 32] Broken pipe
2026-06-29 06:33:44,287 [INFO] handle_client: Entering receive loop
2026-06-29 06:33:44,287 [INFO] handle_client: Received empty data, client closed connection
2026-06-29 06:33:44,287 [INFO] Control Client disconnected
2026-06-29 06:33:44,487 [DEBUG] Received 10 bytes from BTS
2026-06-29 06:33:44,487 [DEBUG] Decoded IPA frame: proto=0x00, payload_len=7, consumed=10, payload_hex: 0c1201900fffff
2026-06-29 06:33:44,487 [DEBUG] RSL message: 0c1201900fffff
2026-06-29 06:33:44,487 [DEBUG] RSL discriminator: 0x0c, message type: 0x12, payload: 0c1201900fffff
2026-06-29 06:33:44,487 [DEBUG] Incomplete frame, buffer size: 0, buffer_hex: 
2026-06-29 06:33:44,626 [DEBUG] Received 10 bytes from BTS
2026-06-29 06:33:44,626 [DEBUG] Decoded IPA frame: proto=0x00, payload_len=7, consumed=10, payload_hex: 0c1201900fffff
2026-06-29 06:33:44,626 [DEBUG] RSL message: 0c1201900fffff
2026-06-29 06:33:44,626 [DEBUG] RSL discriminator: 0x0c, message type: 0x12, payload: 0c1201900fffff
2026-06-29 06:33:44,626 [DEBUG] Incomplete frame, buffer size: 0, buffer_hex: 
2026-06-29 06:33:45,488 [DEBUG] Received 10 bytes from BTS
2026-06-29 06:33:45,488 [DEBUG] Decoded IPA frame: proto=0x00, payload_len=7, consumed=10, payload_hex: 0c1201900fffff
2026-06-29 06:33:45,488 [DEBUG] RSL message: 0c1201900fffff
2026-06-29 06:33:45,488 [DEBUG] RSL discriminator: 0x0c, message type: 0x12, payload: 0c1201900fffff
2026-06-29 06:33:45,488 [DEBUG] Incomplete frame, buffer size: 0, buffer_hex: 
2026-06-29 06:33:45,565 [INFO] Control Client connected from ('10.42.0.1', 55300)
2026-06-29 06:33:45,565 [INFO] handle_client: Starting, client socket: 12
2026-06-29 06:33:45,565 [INFO] handle_client: WELCOME sent
2026-06-29 06:33:45,616 [INFO] Replaying 36 buffered event(s)
2026-06-29 06:33:45,616 [WARNING] Failed to replay event 1: [Errno 32] Broken pipe
2026-06-29 06:33:45,616 [WARNING] Failed to replay event 2: [Errno 32] Broken pipe
2026-06-29 06:33:45,616 [WARNING] Failed to replay event 3: [Errno 32] Broken pipe
2026-06-29 06:33:45,616 [WARNING] Failed to replay event 4: [Errno 32] Broken pipe
2026-06-29 06:33:45,616 [WARNING] Failed to replay event 5: [Errno 32] Broken pipe
2026-06-29 06:33:45,616 [WARNING] Failed to replay event 6: [Errno 32] Broken pipe
2026-06-29 06:33:45,616 [WARNING] Failed to replay event 7: [Errno 32] Broken pipe
2026-06-29 06:33:45,616 [WARNING] Failed to replay event 8: [Errno 32] Broken pipe
2026-06-29 06:33:45,616 [WARNING] Failed to replay event 9: [Errno 32] Broken pipe
2026-06-29 06:33:45,616 [WARNING] Failed to replay event 10: [Errno 32] Broken pipe
2026-06-29 06:33:45,616 [WARNING] Failed to replay event 11: [Errno 32] Broken pipe
2026-06-29 06:33:45,616 [WARNING] Failed to replay event 12: [Errno 32] Broken pipe
2026-06-29 06:33:45,617 [WARNING] Failed to replay event 13: [Errno 32] Broken pipe
2026-06-29 06:33:45,617 [WARNING] Failed to replay event 14: [Errno 32] Broken pipe
2026-06-29 06:33:45,617 [WARNING] Failed to replay event 15: [Errno 32] Broken pipe
2026-06-29 06:33:45,617 [WARNING] Failed to replay event 16: [Errno 32] Broken pipe
2026-06-29 06:33:45,617 [WARNING] Failed to replay event 17: [Errno 32] Broken pipe
2026-06-29 06:33:45,617 [WARNING] Failed to replay event 18: [Errno 32] Broken pipe
2026-06-29 06:33:45,617 [WARNING] Failed to replay event 19: [Errno 32] Broken pipe
2026-06-29 06:33:45,617 [WARNING] Failed to replay event 20: [Errno 32] Broken pipe
2026-06-29 06:33:45,617 [WARNING] Failed to replay event 21: [Errno 32] Broken pipe
2026-06-29 06:33:45,617 [WARNING] Failed to replay event 22: [Errno 32] Broken pipe
2026-06-29 06:33:45,617 [WARNING] Failed to replay event 23: [Errno 32] Broken pipe
2026-06-29 06:33:45,617 [WARNING] Failed to replay event 24: [Errno 32] Broken pipe
2026-06-29 06:33:45,617 [WARNING] Failed to replay event 25: [Errno 32] Broken pipe
2026-06-29 06:33:45,617 [WARNING] Failed to replay event 26: [Errno 32] Broken pipe
2026-06-29 06:33:45,617 [WARNING] Failed to replay event 27: [Errno 32] Broken pipe
2026-06-29 06:33:45,617 [WARNING] Failed to replay event 28: [Errno 32] Broken pipe
2026-06-29 06:33:45,617 [WARNING] Failed to replay event 29: [Errno 32] Broken pipe
2026-06-29 06:33:45,617 [WARNING] Failed to replay event 30: [Errno 32] Broken pipe
2026-06-29 06:33:45,617 [WARNING] Failed to replay event 31: [Errno 32] Broken pipe
2026-06-29 06:33:45,617 [WARNING] Failed to replay event 32: [Errno 32] Broken pipe
2026-06-29 06:33:45,617 [WARNING] Failed to replay event 33: [Errno 32] Broken pipe
2026-06-29 06:33:45,618 [WARNING] Failed to replay event 34: [Errno 32] Broken pipe
2026-06-29 06:33:45,618 [WARNING] Failed to replay event 35: [Errno 32] Broken pipe
2026-06-29 06:33:45,618 [WARNING] Failed to replay event 36: [Errno 32] Broken pipe
2026-06-29 06:33:45,618 [INFO] handle_client: Entering receive loop
2026-06-29 06:33:45,618 [INFO] handle_client: Received empty data, client closed connection
2026-06-29 06:33:45,618 [INFO] Control Client disconnected
2026-06-29 06:33:45,626 [DEBUG] Received 10 bytes from BTS
2026-06-29 06:33:45,626 [DEBUG] Decoded IPA frame: proto=0x00, payload_len=7, consumed=10, payload_hex: 0c1201900fffff
2026-06-29 06:33:45,626 [DEBUG] RSL message: 0c1201900fffff
2026-06-29 06:33:45,627 [DEBUG] RSL discriminator: 0x0c, message type: 0x12, payload: 0c1201900fffff
2026-06-29 06:33:45,627 [DEBUG] Incomplete frame, buffer size: 0, buffer_hex: 
2026-06-29 06:33:46,488 [DEBUG] Received 10 bytes from BTS
2026-06-29 06:33:46,489 [DEBUG] Decoded IPA frame: proto=0x00, payload_len=7, consumed=10, payload_hex: 0c1201900fffff
2026-06-29 06:33:46,489 [DEBUG] RSL message: 0c1201900fffff
2026-06-29 06:33:46,489 [DEBUG] RSL discriminator: 0x0c, message type: 0x12, payload: 0c1201900fffff
2026-06-29 06:33:46,489 [DEBUG] Incomplete frame, buffer size: 0, buffer_hex: 
2026-06-29 06:33:46,627 [DEBUG] Received 10 bytes from BTS
2026-06-29 06:33:46,627 [DEBUG] Decoded IPA frame: proto=0x00, payload_len=7, consumed=10, payload_hex: 0c1201900fffff
2026-06-29 06:33:46,627 [DEBUG] RSL message: 0c1201900fffff
2026-06-29 06:33:46,627 [DEBUG] RSL discriminator: 0x0c, message type: 0x12, payload: 0c1201900fffff
2026-06-29 06:33:46,627 [DEBUG] Incomplete frame, buffer size: 0, buffer_hex: 
2026-06-29 06:33:47,489 [DEBUG] Received 10 bytes from BTS
2026-06-29 06:33:47,489 [DEBUG] Decoded IPA frame: proto=0x00, payload_len=7, consumed=10, payload_hex: 0c1201900fffff
2026-06-29 06:33:47,489 [DEBUG] RSL message: 0c1201900fffff
2026-06-29 06:33:47,489 [DEBUG] RSL discriminator: 0x0c, message type: 0x12, payload: 0c1201900fffff
2026-06-29 06:33:47,489 [DEBUG] Incomplete frame, buffer size: 0, buffer_hex: 
2026-06-29 06:33:47,627 [DEBUG] Received 10 bytes from BTS
2026-06-29 06:33:47,628 [DEBUG] Decoded IPA frame: proto=0x00, payload_len=7, consumed=10, payload_hex: 0c1201900fffff
2026-06-29 06:33:47,628 [DEBUG] RSL message: 0c1201900fffff
2026-06-29 06:33:47,628 [DEBUG] RSL discriminator: 0x0c, message type: 0x12, payload: 0c1201900fffff
2026-06-29 06:33:47,628 [DEBUG] Incomplete frame, buffer size: 0, buffer_hex: 
2026-06-29 06:33:48,489 [DEBUG] Received 10 bytes from BTS
2026-06-29 06:33:48,489 [DEBUG] Decoded IPA frame: proto=0x00, payload_len=7, consumed=10, payload_hex: 0c1201900fffff
2026-06-29 06:33:48,489 [DEBUG] RSL message: 0c1201900fffff
2026-06-29 06:33:48,489 [DEBUG] RSL discriminator: 0x0c, message type: 0x12, payload: 0c1201900fffff
2026-06-29 06:33:48,489 [DEBUG] Incomplete frame, buffer size: 0, buffer_hex: 
2026-06-29 06:33:48,564 [INFO] Control Client connected from ('10.42.0.1', 55312)
2026-06-29 06:33:48,565 [INFO] handle_client: Starting, client socket: 11
2026-06-29 06:33:48,565 [INFO] handle_client: WELCOME sent
2026-06-29 06:33:48,615 [INFO] Replaying 36 buffered event(s)
2026-06-29 06:33:48,615 [WARNING] Failed to replay event 1: [Errno 32] Broken pipe
2026-06-29 06:33:48,615 [WARNING] Failed to replay event 2: [Errno 32] Broken pipe
2026-06-29 06:33:48,615 [WARNING] Failed to replay event 3: [Errno 32] Broken pipe
2026-06-29 06:33:48,615 [WARNING] Failed to replay event 4: [Errno 32] Broken pipe
2026-06-29 06:33:48,615 [WARNING] Failed to replay event 5: [Errno 32] Broken pipe
2026-06-29 06:33:48,615 [WARNING] Failed to replay event 6: [Errno 32] Broken pipe
2026-06-29 06:33:48,615 [WARNING] Failed to replay event 7: [Errno 32] Broken pipe
2026-06-29 06:33:48,615 [WARNING] Failed to replay event 8: [Errno 32] Broken pipe
2026-06-29 06:33:48,615 [WARNING] Failed to replay event 9: [Errno 32] Broken pipe
2026-06-29 06:33:48,615 [WARNING] Failed to replay event 10: [Errno 32] Broken pipe
2026-06-29 06:33:48,615 [WARNING] Failed to replay event 11: [Errno 32] Broken pipe
2026-06-29 06:33:48,615 [WARNING] Failed to replay event 12: [Errno 32] Broken pipe
2026-06-29 06:33:48,615 [WARNING] Failed to replay event 13: [Errno 32] Broken pipe
2026-06-29 06:33:48,615 [WARNING] Failed to replay event 14: [Errno 32] Broken pipe
2026-06-29 06:33:48,615 [WARNING] Failed to replay event 15: [Errno 32] Broken pipe
2026-06-29 06:33:48,615 [WARNING] Failed to replay event 16: [Errno 32] Broken pipe
2026-06-29 06:33:48,615 [WARNING] Failed to replay event 17: [Errno 32] Broken pipe
2026-06-29 06:33:48,615 [WARNING] Failed to replay event 18: [Errno 32] Broken pipe
2026-06-29 06:33:48,615 [WARNING] Failed to replay event 19: [Errno 32] Broken pipe
2026-06-29 06:33:48,615 [WARNING] Failed to replay event 20: [Errno 32] Broken pipe
2026-06-29 06:33:48,615 [WARNING] Failed to replay event 21: [Errno 32] Broken pipe
2026-06-29 06:33:48,615 [WARNING] Failed to replay event 22: [Errno 32] Broken pipe
2026-06-29 06:33:48,615 [WARNING] Failed to replay event 23: [Errno 32] Broken pipe
2026-06-29 06:33:48,616 [WARNING] Failed to replay event 24: [Errno 32] Broken pipe
2026-06-29 06:33:48,616 [WARNING] Failed to replay event 25: [Errno 32] Broken pipe
2026-06-29 06:33:48,616 [WARNING] Failed to replay event 26: [Errno 32] Broken pipe
2026-06-29 06:33:48,616 [WARNING] Failed to replay event 27: [Errno 32] Broken pipe
2026-06-29 06:33:48,616 [WARNING] Failed to replay event 28: [Errno 32] Broken pipe
2026-06-29 06:33:48,616 [WARNING] Failed to replay event 29: [Errno 32] Broken pipe
2026-06-29 06:33:48,616 [WARNING] Failed to replay event 30: [Errno 32] Broken pipe
2026-06-29 06:33:48,616 [WARNING] Failed to replay event 31: [Errno 32] Broken pipe
2026-06-29 06:33:48,616 [WARNING] Failed to replay event 32: [Errno 32] Broken pipe
2026-06-29 06:33:48,616 [WARNING] Failed to replay event 33: [Errno 32] Broken pipe
2026-06-29 06:33:48,616 [WARNING] Failed to replay event 34: [Errno 32] Broken pipe
2026-06-29 06:33:48,616 [WARNING] Failed to replay event 35: [Errno 32] Broken pipe
2026-06-29 06:33:48,616 [WARNING] Failed to replay event 36: [Errno 32] Broken pipe
2026-06-29 06:33:48,616 [INFO] handle_client: Entering receive loop
2026-06-29 06:33:48,616 [INFO] handle_client: Received empty data, client closed connection
2026-06-29 06:33:48,616 [INFO] Control Client disconnected
2026-06-29 06:33:48,628 [DEBUG] Received 10 bytes from BTS
2026-06-29 06:33:48,628 [DEBUG] Decoded IPA frame: proto=0x00, payload_len=7, consumed=10, payload_hex: 0c1201900fffff
2026-06-29 06:33:48,628 [DEBUG] RSL message: 0c1201900fffff
2026-06-29 06:33:48,628 [DEBUG] RSL discriminator: 0x0c, message type: 0x12, payload: 0c1201900fffff
2026-06-29 06:33:48,628 [DEBUG] Incomplete frame, buffer size: 0, buffer_hex: 
2026-06-29 06:33:49,490 [DEBUG] Received 10 bytes from BTS
2026-06-29 06:33:49,490 [DEBUG] Decoded IPA frame: proto=0x00, payload_len=7, consumed=10, payload_hex: 0c1201900fffff
2026-06-29 06:33:49,490 [DEBUG] RSL message: 0c1201900fffff
2026-06-29 06:33:49,490 [DEBUG] RSL discriminator: 0x0c, message type: 0x12, payload: 0c1201900fffff
2026-06-29 06:33:49,490 [DEBUG] Incomplete frame, buffer size: 0, buffer_hex: 
2026-06-29 06:33:49,628 [DEBUG] Received 10 bytes from BTS
2026-06-29 06:33:49,628 [DEBUG] Decoded IPA frame: proto=0x00, payload_len=7, consumed=10, payload_hex: 0c1201900fffff
2026-06-29 06:33:49,628 [DEBUG] RSL message: 0c1201900fffff
2026-06-29 06:33:49,628 [DEBUG] RSL discriminator: 0x0c, message type: 0x12, payload: 0c1201900fffff
2026-06-29 06:33:49,628 [DEBUG] Incomplete frame, buffer size: 0, buffer_hex: 
2026-06-29 06:33:50,490 [DEBUG] Received 10 bytes from BTS
2026-06-29 06:33:50,491 [DEBUG] Decoded IPA frame: proto=0x00, payload_len=7, consumed=10, payload_hex: 0c1201900fffff
2026-06-29 06:33:50,491 [DEBUG] RSL message: 0c1201900fffff
2026-06-29 06:33:50,491 [DEBUG] RSL discriminator: 0x0c, message type: 0x12, payload: 0c1201900fffff
2026-06-29 06:33:50,491 [DEBUG] Incomplete frame, buffer size: 0, buffer_hex: 
2026-06-29 06:33:50,629 [DEBUG] Received 10 bytes from BTS
2026-06-29 06:33:50,629 [DEBUG] Decoded IPA frame: proto=0x00, payload_len=7, consumed=10, payload_hex: 0c1201900fffff
2026-06-29 06:33:50,629 [DEBUG] RSL message: 0c1201900fffff
2026-06-29 06:33:50,629 [DEBUG] RSL discriminator: 0x0c, message type: 0x12, payload: 0c1201900fffff
2026-06-29 06:33:50,629 [DEBUG] Incomplete frame, buffer size: 0, buffer_hex: 
2026-06-29 06:33:51,492 [DEBUG] Received 10 bytes from BTS
2026-06-29 06:33:51,492 [DEBUG] Decoded IPA frame: proto=0x00, payload_len=7, consumed=10, payload_hex: 0c1201900fffff
2026-06-29 06:33:51,492 [DEBUG] RSL message: 0c1201900fffff
2026-06-29 06:33:51,492 [DEBUG] RSL discriminator: 0x0c, message type: 0x12, payload: 0c1201900fffff
2026-06-29 06:33:51,492 [DEBUG] Incomplete frame, buffer size: 0, buffer_hex: 
2026-06-29 06:33:51,564 [INFO] Control Client connected from ('10.42.0.1', 43824)
2026-06-29 06:33:51,565 [INFO] handle_client: Starting, client socket: 12
2026-06-29 06:33:51,565 [INFO] handle_client: WELCOME sent
2026-06-29 06:33:51,615 [INFO] Replaying 36 buffered event(s)
2026-06-29 06:33:51,615 [WARNING] Failed to replay event 1: [Errno 32] Broken pipe
2026-06-29 06:33:51,615 [WARNING] Failed to replay event 2: [Errno 32] Broken pipe
2026-06-29 06:33:51,615 [WARNING] Failed to replay event 3: [Errno 32] Broken pipe
2026-06-29 06:33:51,615 [WARNING] Failed to replay event 4: [Errno 32] Broken pipe
2026-06-29 06:33:51,615 [WARNING] Failed to replay event 5: [Errno 32] Broken pipe
2026-06-29 06:33:51,615 [WARNING] Failed to replay event 6: [Errno 32] Broken pipe
2026-06-29 06:33:51,615 [WARNING] Failed to replay event 7: [Errno 32] Broken pipe
2026-06-29 06:33:51,615 [WARNING] Failed to replay event 8: [Errno 32] Broken pipe
2026-06-29 06:33:51,615 [WARNING] Failed to replay event 9: [Errno 32] Broken pipe
2026-06-29 06:33:51,615 [WARNING] Failed to replay event 10: [Errno 32] Broken pipe
2026-06-29 06:33:51,615 [WARNING] Failed to replay event 11: [Errno 32] Broken pipe
2026-06-29 06:33:51,615 [WARNING] Failed to replay event 12: [Errno 32] Broken pipe
2026-06-29 06:33:51,615 [WARNING] Failed to replay event 13: [Errno 32] Broken pipe
2026-06-29 06:33:51,615 [WARNING] Failed to replay event 14: [Errno 32] Broken pipe
2026-06-29 06:33:51,615 [WARNING] Failed to replay event 15: [Errno 32] Broken pipe
2026-06-29 06:33:51,615 [WARNING] Failed to replay event 16: [Errno 32] Broken pipe
2026-06-29 06:33:51,616 [WARNING] Failed to replay event 17: [Errno 32] Broken pipe
2026-06-29 06:33:51,616 [WARNING] Failed to replay event 18: [Errno 32] Broken pipe
2026-06-29 06:33:51,616 [WARNING] Failed to replay event 19: [Errno 32] Broken pipe
2026-06-29 06:33:51,616 [WARNING] Failed to replay event 20: [Errno 32] Broken pipe
2026-06-29 06:33:51,616 [WARNING] Failed to replay event 21: [Errno 32] Broken pipe
2026-06-29 06:33:51,616 [WARNING] Failed to replay event 22: [Errno 32] Broken pipe
2026-06-29 06:33:51,616 [WARNING] Failed to replay event 23: [Errno 32] Broken pipe
2026-06-29 06:33:51,616 [WARNING] Failed to replay event 24: [Errno 32] Broken pipe
2026-06-29 06:33:51,616 [WARNING] Failed to replay event 25: [Errno 32] Broken pipe
2026-06-29 06:33:51,616 [WARNING] Failed to replay event 26: [Errno 32] Broken pipe
2026-06-29 06:33:51,616 [WARNING] Failed to replay event 27: [Errno 32] Broken pipe
2026-06-29 06:33:51,616 [WARNING] Failed to replay event 28: [Errno 32] Broken pipe
2026-06-29 06:33:51,616 [WARNING] Failed to replay event 29: [Errno 32] Broken pipe
2026-06-29 06:33:51,616 [WARNING] Failed to replay event 30: [Errno 32] Broken pipe
2026-06-29 06:33:51,616 [WARNING] Failed to replay event 31: [Errno 32] Broken pipe
2026-06-29 06:33:51,616 [WARNING] Failed to replay event 32: [Errno 32] Broken pipe
2026-06-29 06:33:51,616 [WARNING] Failed to replay event 33: [Errno 32] Broken pipe
2026-06-29 06:33:51,616 [WARNING] Failed to replay event 34: [Errno 32] Broken pipe
2026-06-29 06:33:51,616 [WARNING] Failed to replay event 35: [Errno 32] Broken pipe
2026-06-29 06:33:51,616 [WARNING] Failed to replay event 36: [Errno 32] Broken pipe
2026-06-29 06:33:51,616 [INFO] handle_client: Entering receive loop
2026-06-29 06:33:51,616 [INFO] handle_client: Received empty data, client closed connection
2026-06-29 06:33:51,616 [INFO] Control Client disconnected
2026-06-29 06:33:51,630 [DEBUG] Received 10 bytes from BTS
2026-06-29 06:33:51,630 [DEBUG] Decoded IPA frame: proto=0x00, payload_len=7, consumed=10, payload_hex: 0c1201900fffff
2026-06-29 06:33:51,630 [DEBUG] RSL message: 0c1201900fffff
2026-06-29 06:33:51,630 [DEBUG] RSL discriminator: 0x0c, message type: 0x12, payload: 0c1201900fffff
2026-06-29 06:33:51,630 [DEBUG] Incomplete frame, buffer size: 0, buffer_hex: 
2026-06-29 06:33:52,493 [DEBUG] Received 10 bytes from BTS
2026-06-29 06:33:52,493 [DEBUG] Decoded IPA frame: proto=0x00, payload_len=7, consumed=10, payload_hex: 0c1201900fffff
2026-06-29 06:33:52,493 [DEBUG] RSL message: 0c1201900fffff
2026-06-29 06:33:52,493 [DEBUG] RSL discriminator: 0x0c, message type: 0x12, payload: 0c1201900fffff
2026-06-29 06:33:52,493 [DEBUG] Incomplete frame, buffer size: 0, buffer_hex: 
2026-06-29 06:33:52,631 [DEBUG] Received 10 bytes from BTS
2026-06-29 06:33:52,631 [DEBUG] Decoded IPA frame: proto=0x00, payload_len=7, consumed=10, payload_hex: 0c1201900fffff
2026-06-29 06:33:52,631 [DEBUG] RSL message: 0c1201900fffff
2026-06-29 06:33:52,631 [DEBUG] RSL discriminator: 0x0c, message type: 0x12, payload: 0c1201900fffff
2026-06-29 06:33:52,631 [DEBUG] Incomplete frame, buffer size: 0, buffer_hex: 
2026-06-29 06:33:53,493 [DEBUG] Received 10 bytes from BTS
2026-06-29 06:33:53,493 [DEBUG] Decoded IPA frame: proto=0x00, payload_len=7, consumed=10, payload_hex: 0c1201900fffff
2026-06-29 06:33:53,493 [DEBUG] RSL message: 0c1201900fffff
2026-06-29 06:33:53,493 [DEBUG] RSL discriminator: 0x0c, message type: 0x12, payload: 0c1201900fffff
2026-06-29 06:33:53,493 [DEBUG] Incomplete frame, buffer size: 0, buffer_hex: 
2026-06-29 06:33:53,631 [DEBUG] Received 10 bytes from BTS
2026-06-29 06:33:53,631 [DEBUG] Decoded IPA frame: proto=0x00, payload_len=7, consumed=10, payload_hex: 0c1201900fffff
2026-06-29 06:33:53,631 [DEBUG] RSL message: 0c1201900fffff
2026-06-29 06:33:53,631 [DEBUG] RSL discriminator: 0x0c, message type: 0x12, payload: 0c1201900fffff
2026-06-29 06:33:53,631 [DEBUG] Incomplete frame, buffer size: 0, buffer_hex: 
2026-06-29 06:33:54,236 [INFO] Control Client connected from ('10.42.0.1', 43838)
2026-06-29 06:33:54,236 [INFO] handle_client: Starting, client socket: 11
2026-06-29 06:33:54,236 [INFO] handle_client: WELCOME sent
2026-06-29 06:33:54,287 [INFO] Replaying 36 buffered event(s)
2026-06-29 06:33:54,287 [WARNING] Failed to replay event 1: [Errno 32] Broken pipe
2026-06-29 06:33:54,287 [WARNING] Failed to replay event 2: [Errno 32] Broken pipe
2026-06-29 06:33:54,287 [WARNING] Failed to replay event 3: [Errno 32] Broken pipe
2026-06-29 06:33:54,287 [WARNING] Failed to replay event 4: [Errno 32] Broken pipe
2026-06-29 06:33:54,287 [WARNING] Failed to replay event 5: [Errno 32] Broken pipe
2026-06-29 06:33:54,287 [WARNING] Failed to replay event 6: [Errno 32] Broken pipe
2026-06-29 06:33:54,287 [WARNING] Failed to replay event 7: [Errno 32] Broken pipe
2026-06-29 06:33:54,287 [WARNING] Failed to replay event 8: [Errno 32] Broken pipe
2026-06-29 06:33:54,287 [WARNING] Failed to replay event 9: [Errno 32] Broken pipe
2026-06-29 06:33:54,287 [WARNING] Failed to replay event 10: [Errno 32] Broken pipe
2026-06-29 06:33:54,287 [WARNING] Failed to replay event 11: [Errno 32] Broken pipe
2026-06-29 06:33:54,287 [WARNING] Failed to replay event 12: [Errno 32] Broken pipe
2026-06-29 06:33:54,287 [WARNING] Failed to replay event 13: [Errno 32] Broken pipe
2026-06-29 06:33:54,287 [WARNING] Failed to replay event 14: [Errno 32] Broken pipe
2026-06-29 06:33:54,287 [WARNING] Failed to replay event 15: [Errno 32] Broken pipe
2026-06-29 06:33:54,287 [WARNING] Failed to replay event 16: [Errno 32] Broken pipe
2026-06-29 06:33:54,287 [WARNING] Failed to replay event 17: [Errno 32] Broken pipe
2026-06-29 06:33:54,287 [WARNING] Failed to replay event 18: [Errno 32] Broken pipe
2026-06-29 06:33:54,287 [WARNING] Failed to replay event 19: [Errno 32] Broken pipe
2026-06-29 06:33:54,288 [WARNING] Failed to replay event 20: [Errno 32] Broken pipe
2026-06-29 06:33:54,288 [WARNING] Failed to replay event 21: [Errno 32] Broken pipe
2026-06-29 06:33:54,288 [WARNING] Failed to replay event 22: [Errno 32] Broken pipe
2026-06-29 06:33:54,288 [WARNING] Failed to replay event 23: [Errno 32] Broken pipe
2026-06-29 06:33:54,288 [WARNING] Failed to replay event 24: [Errno 32] Broken pipe
2026-06-29 06:33:54,288 [WARNING] Failed to replay event 25: [Errno 32] Broken pipe
2026-06-29 06:33:54,288 [WARNING] Failed to replay event 26: [Errno 32] Broken pipe
2026-06-29 06:33:54,288 [WARNING] Failed to replay event 27: [Errno 32] Broken pipe
2026-06-29 06:33:54,288 [WARNING] Failed to replay event 28: [Errno 32] Broken pipe
2026-06-29 06:33:54,288 [WARNING] Failed to replay event 29: [Errno 32] Broken pipe
2026-06-29 06:33:54,288 [WARNING] Failed to replay event 30: [Errno 32] Broken pipe
2026-06-29 06:33:54,288 [WARNING] Failed to replay event 31: [Errno 32] Broken pipe
2026-06-29 06:33:54,288 [WARNING] Failed to replay event 32: [Errno 32] Broken pipe
2026-06-29 06:33:54,288 [WARNING] Failed to replay event 33: [Errno 32] Broken pipe
2026-06-29 06:33:54,288 [WARNING] Failed to replay event 34: [Errno 32] Broken pipe
2026-06-29 06:33:54,288 [WARNING] Failed to replay event 35: [Errno 32] Broken pipe
2026-06-29 06:33:54,288 [WARNING] Failed to replay event 36: [Errno 32] Broken pipe
2026-06-29 06:33:54,288 [INFO] handle_client: Entering receive loop
2026-06-29 06:33:54,288 [INFO] handle_client: Received empty data, client closed connection
2026-06-29 06:33:54,288 [INFO] Control Client disconnected
2026-06-29 06:33:54,493 [DEBUG] Received 10 bytes from BTS
2026-06-29 06:33:54,493 [DEBUG] Decoded IPA frame: proto=0x00, payload_len=7, consumed=10, payload_hex: 0c1201900fffff
2026-06-29 06:33:54,493 [DEBUG] RSL message: 0c1201900fffff
2026-06-29 06:33:54,493 [DEBUG] RSL discriminator: 0x0c, message type: 0x12, payload: 0c1201900fffff
2026-06-29 06:33:54,493 [DEBUG] Incomplete frame, buffer size: 0, buffer_hex: 
2026-06-29 06:33:54,565 [INFO] Control Client connected from ('10.42.0.1', 43854)
2026-06-29 06:33:54,565 [INFO] handle_client: Starting, client socket: 12
2026-06-29 06:33:54,565 [INFO] handle_client: WELCOME sent
2026-06-29 06:33:54,615 [INFO] Replaying 36 buffered event(s)
2026-06-29 06:33:54,616 [WARNING] Failed to replay event 1: [Errno 32] Broken pipe
2026-06-29 06:33:54,616 [WARNING] Failed to replay event 2: [Errno 32] Broken pipe
2026-06-29 06:33:54,616 [WARNING] Failed to replay event 3: [Errno 32] Broken pipe
2026-06-29 06:33:54,616 [WARNING] Failed to replay event 4: [Errno 32] Broken pipe
2026-06-29 06:33:54,616 [WARNING] Failed to replay event 5: [Errno 32] Broken pipe
2026-06-29 06:33:54,616 [WARNING] Failed to replay event 6: [Errno 32] Broken pipe
2026-06-29 06:33:54,616 [WARNING] Failed to replay event 7: [Errno 32] Broken pipe
2026-06-29 06:33:54,616 [WARNING] Failed to replay event 8: [Errno 32] Broken pipe
2026-06-29 06:33:54,616 [WARNING] Failed to replay event 9: [Errno 32] Broken pipe
2026-06-29 06:33:54,616 [WARNING] Failed to replay event 10: [Errno 32] Broken pipe
2026-06-29 06:33:54,616 [WARNING] Failed to replay event 11: [Errno 32] Broken pipe
2026-06-29 06:33:54,616 [WARNING] Failed to replay event 12: [Errno 32] Broken pipe
2026-06-29 06:33:54,616 [WARNING] Failed to replay event 13: [Errno 32] Broken pipe
2026-06-29 06:33:54,616 [WARNING] Failed to replay event 14: [Errno 32] Broken pipe
2026-06-29 06:33:54,616 [WARNING] Failed to replay event 15: [Errno 32] Broken pipe
2026-06-29 06:33:54,616 [WARNING] Failed to replay event 16: [Errno 32] Broken pipe
2026-06-29 06:33:54,616 [WARNING] Failed to replay event 17: [Errno 32] Broken pipe
2026-06-29 06:33:54,616 [WARNING] Failed to replay event 18: [Errno 32] Broken pipe
2026-06-29 06:33:54,616 [WARNING] Failed to replay event 19: [Errno 32] Broken pipe
2026-06-29 06:33:54,616 [WARNING] Failed to replay event 20: [Errno 32] Broken pipe
2026-06-29 06:33:54,616 [WARNING] Failed to replay event 21: [Errno 32] Broken pipe
2026-06-29 06:33:54,616 [WARNING] Failed to replay event 22: [Errno 32] Broken pipe
2026-06-29 06:33:54,616 [WARNING] Failed to replay event 23: [Errno 32] Broken pipe
2026-06-29 06:33:54,616 [WARNING] Failed to replay event 24: [Errno 32] Broken pipe
2026-06-29 06:33:54,616 [WARNING] Failed to replay event 25: [Errno 32] Broken pipe
2026-06-29 06:33:54,616 [WARNING] Failed to replay event 26: [Errno 32] Broken pipe
2026-06-29 06:33:54,616 [WARNING] Failed to replay event 27: [Errno 32] Broken pipe
2026-06-29 06:33:54,616 [WARNING] Failed to replay event 28: [Errno 32] Broken pipe
2026-06-29 06:33:54,616 [WARNING] Failed to replay event 29: [Errno 32] Broken pipe
2026-06-29 06:33:54,616 [WARNING] Failed to replay event 30: [Errno 32] Broken pipe
2026-06-29 06:33:54,616 [WARNING] Failed to replay event 31: [Errno 32] Broken pipe
2026-06-29 06:33:54,616 [WARNING] Failed to replay event 32: [Errno 32] Broken pipe
2026-06-29 06:33:54,616 [WARNING] Failed to replay event 33: [Errno 32] Broken pipe
2026-06-29 06:33:54,616 [WARNING] Failed to replay event 34: [Errno 32] Broken pipe
2026-06-29 06:33:54,616 [WARNING] Failed to replay event 35: [Errno 32] Broken pipe
2026-06-29 06:33:54,616 [WARNING] Failed to replay event 36: [Errno 32] Broken pipe
2026-06-29 06:33:54,616 [INFO] handle_client: Entering receive loop
2026-06-29 06:33:54,616 [INFO] handle_client: Received empty data, client closed connection
2026-06-29 06:33:54,616 [INFO] Control Client disconnected
2026-06-29 06:33:54,632 [DEBUG] Received 10 bytes from BTS
2026-06-29 06:33:54,632 [DEBUG] Decoded IPA frame: proto=0x00, payload_len=7, consumed=10, payload_hex: 0c1201900fffff
2026-06-29 06:33:54,632 [DEBUG] RSL message: 0c1201900fffff
2026-06-29 06:33:54,632 [DEBUG] RSL discriminator: 0x0c, message type: 0x12, payload: 0c1201900fffff
2026-06-29 06:33:54,632 [DEBUG] Incomplete frame, buffer size: 0, buffer_hex: 
2026-06-29 06:33:55,494 [DEBUG] Received 10 bytes from BTS
2026-06-29 06:33:55,494 [DEBUG] Decoded IPA frame: proto=0x00, payload_len=7, consumed=10, payload_hex: 0c1201900fffff
2026-06-29 06:33:55,494 [DEBUG] RSL message: 0c1201900fffff
2026-06-29 06:33:55,494 [DEBUG] RSL discriminator: 0x0c, message type: 0x12, payload: 0c1201900fffff
2026-06-29 06:33:55,494 [DEBUG] Incomplete frame, buffer size: 0, buffer_hex: 
2026-06-29 06:33:55,633 [DEBUG] Received 10 bytes from BTS
2026-06-29 06:33:55,633 [DEBUG] Decoded IPA frame: proto=0x00, payload_len=7, consumed=10, payload_hex: 0c1201900fffff
2026-06-29 06:33:55,633 [DEBUG] RSL message: 0c1201900fffff
2026-06-29 06:33:55,633 [DEBUG] RSL discriminator: 0x0c, message type: 0x12, payload: 0c1201900fffff
2026-06-29 06:33:55,633 [DEBUG] Incomplete frame, buffer size: 0, buffer_hex: 
2026-06-29 06:33:56,494 [DEBUG] Received 10 bytes from BTS
2026-06-29 06:33:56,494 [DEBUG] Decoded IPA frame: proto=0x00, payload_len=7, consumed=10, payload_hex: 0c1201900fffff
2026-06-29 06:33:56,494 [DEBUG] RSL message: 0c1201900fffff
2026-06-29 06:33:56,494 [DEBUG] RSL discriminator: 0x0c, message type: 0x12, payload: 0c1201900fffff
2026-06-29 06:33:56,495 [DEBUG] Incomplete frame, buffer size: 0, buffer_hex: 
2026-06-29 06:33:56,634 [DEBUG] Received 10 bytes from BTS
2026-06-29 06:33:56,634 [DEBUG] Decoded IPA frame: proto=0x00, payload_len=7, consumed=10, payload_hex: 0c1201900fffff
2026-06-29 06:33:56,634 [DEBUG] RSL message: 0c1201900fffff
2026-06-29 06:33:56,634 [DEBUG] RSL discriminator: 0x0c, message type: 0x12, payload: 0c1201900fffff
2026-06-29 06:33:56,634 [DEBUG] Incomplete frame, buffer size: 0, buffer_hex: 
2026-06-29 06:33:57,495 [DEBUG] Received 10 bytes from BTS
2026-06-29 06:33:57,495 [DEBUG] Decoded IPA frame: proto=0x00, payload_len=7, consumed=10, payload_hex: 0c1201900fffff
2026-06-29 06:33:57,495 [DEBUG] RSL message: 0c1201900fffff
2026-06-29 06:33:57,495 [DEBUG] RSL discriminator: 0x0c, message type: 0x12, payload: 0c1201900fffff
2026-06-29 06:33:57,495 [DEBUG] Incomplete frame, buffer size: 0, buffer_hex: 
2026-06-29 06:33:57,565 [INFO] Control Client connected from ('10.42.0.1', 43864)
2026-06-29 06:33:57,565 [INFO] handle_client: Starting, client socket: 11
2026-06-29 06:33:57,565 [INFO] handle_client: WELCOME sent
2026-06-29 06:33:57,615 [INFO] Replaying 36 buffered event(s)
2026-06-29 06:33:57,615 [WARNING] Failed to replay event 1: [Errno 32] Broken pipe
2026-06-29 06:33:57,615 [WARNING] Failed to replay event 2: [Errno 32] Broken pipe
2026-06-29 06:33:57,615 [WARNING] Failed to replay event 3: [Errno 32] Broken pipe
2026-06-29 06:33:57,616 [WARNING] Failed to replay event 4: [Errno 32] Broken pipe
2026-06-29 06:33:57,616 [WARNING] Failed to replay event 5: [Errno 32] Broken pipe
2026-06-29 06:33:57,616 [WARNING] Failed to replay event 6: [Errno 32] Broken pipe
2026-06-29 06:33:57,616 [WARNING] Failed to replay event 7: [Errno 32] Broken pipe
2026-06-29 06:33:57,616 [WARNING] Failed to replay event 8: [Errno 32] Broken pipe
2026-06-29 06:33:57,616 [WARNING] Failed to replay event 9: [Errno 32] Broken pipe
2026-06-29 06:33:57,616 [WARNING] Failed to replay event 10: [Errno 32] Broken pipe
2026-06-29 06:33:57,616 [WARNING] Failed to replay event 11: [Errno 32] Broken pipe
2026-06-29 06:33:57,616 [WARNING] Failed to replay event 12: [Errno 32] Broken pipe
2026-06-29 06:33:57,616 [WARNING] Failed to replay event 13: [Errno 32] Broken pipe
2026-06-29 06:33:57,616 [WARNING] Failed to replay event 14: [Errno 32] Broken pipe
2026-06-29 06:33:57,616 [WARNING] Failed to replay event 15: [Errno 32] Broken pipe
2026-06-29 06:33:57,616 [WARNING] Failed to replay event 16: [Errno 32] Broken pipe
2026-06-29 06:33:57,616 [WARNING] Failed to replay event 17: [Errno 32] Broken pipe
2026-06-29 06:33:57,616 [WARNING] Failed to replay event 18: [Errno 32] Broken pipe
2026-06-29 06:33:57,616 [WARNING] Failed to replay event 19: [Errno 32] Broken pipe
2026-06-29 06:33:57,616 [WARNING] Failed to replay event 20: [Errno 32] Broken pipe
2026-06-29 06:33:57,616 [WARNING] Failed to replay event 21: [Errno 32] Broken pipe
2026-06-29 06:33:57,616 [WARNING] Failed to replay event 22: [Errno 32] Broken pipe
2026-06-29 06:33:57,616 [WARNING] Failed to replay event 23: [Errno 32] Broken pipe
2026-06-29 06:33:57,616 [WARNING] Failed to replay event 24: [Errno 32] Broken pipe
2026-06-29 06:33:57,616 [WARNING] Failed to replay event 25: [Errno 32] Broken pipe
2026-06-29 06:33:57,616 [WARNING] Failed to replay event 26: [Errno 32] Broken pipe
2026-06-29 06:33:57,616 [WARNING] Failed to replay event 27: [Errno 32] Broken pipe
2026-06-29 06:33:57,616 [WARNING] Failed to replay event 28: [Errno 32] Broken pipe
2026-06-29 06:33:57,616 [WARNING] Failed to replay event 29: [Errno 32] Broken pipe
2026-06-29 06:33:57,616 [WARNING] Failed to replay event 30: [Errno 32] Broken pipe
2026-06-29 06:33:57,616 [WARNING] Failed to replay event 31: [Errno 32] Broken pipe
2026-06-29 06:33:57,616 [WARNING] Failed to replay event 32: [Errno 32] Broken pipe
2026-06-29 06:33:57,616 [WARNING] Failed to replay event 33: [Errno 32] Broken pipe
2026-06-29 06:33:57,616 [WARNING] Failed to replay event 34: [Errno 32] Broken pipe
2026-06-29 06:33:57,616 [WARNING] Failed to replay event 35: [Errno 32] Broken pipe
2026-06-29 06:33:57,616 [WARNING] Failed to replay event 36: [Errno 32] Broken pipe
2026-06-29 06:33:57,616 [INFO] handle_client: Entering receive loop
2026-06-29 06:33:57,616 [INFO] handle_client: Received empty data, client closed connection
2026-06-29 06:33:57,616 [INFO] Control Client disconnected
2026-06-29 06:33:57,635 [DEBUG] Received 10 bytes from BTS
2026-06-29 06:33:57,635 [DEBUG] Decoded IPA frame: proto=0x00, payload_len=7, consumed=10, payload_hex: 0c1201900fffff
2026-06-29 06:33:57,635 [DEBUG] RSL message: 0c1201900fffff
2026-06-29 06:33:57,635 [DEBUG] RSL discriminator: 0x0c, message type: 0x12, payload: 0c1201900fffff
2026-06-29 06:33:57,635 [DEBUG] Incomplete frame, buffer size: 0, buffer_hex: 
2026-06-29 06:33:58,496 [DEBUG] Received 10 bytes from BTS
2026-06-29 06:33:58,496 [DEBUG] Decoded IPA frame: proto=0x00, payload_len=7, consumed=10, payload_hex: 0c1201900fffff
2026-06-29 06:33:58,496 [DEBUG] RSL message: 0c1201900fffff
2026-06-29 06:33:58,496 [DEBUG] RSL discriminator: 0x0c, message type: 0x12, payload: 0c1201900fffff
2026-06-29 06:33:58,496 [DEBUG] Incomplete frame, buffer size: 0, buffer_hex: 
2026-06-29 06:33:58,635 [DEBUG] Received 10 bytes from BTS
2026-06-29 06:33:58,635 [DEBUG] Decoded IPA frame: proto=0x00, payload_len=7, consumed=10, payload_hex: 0c1201900fffff
2026-06-29 06:33:58,635 [DEBUG] RSL message: 0c1201900fffff
2026-06-29 06:33:58,635 [DEBUG] RSL discriminator: 0x0c, message type: 0x12, payload: 0c1201900fffff
2026-06-29 06:33:58,635 [DEBUG] Incomplete frame, buffer size: 0, buffer_hex: 
2026-06-29 06:33:59,496 [DEBUG] Received 10 bytes from BTS
2026-06-29 06:33:59,496 [DEBUG] Decoded IPA frame: proto=0x00, payload_len=7, consumed=10, payload_hex: 0c1201900fffff
2026-06-29 06:33:59,496 [DEBUG] RSL message: 0c1201900fffff
2026-06-29 06:33:59,496 [DEBUG] RSL discriminator: 0x0c, message type: 0x12, payload: 0c1201900fffff
2026-06-29 06:33:59,496 [DEBUG] Incomplete frame, buffer size: 0, buffer_hex: 
2026-06-29 06:33:59,635 [DEBUG] Received 10 bytes from BTS
2026-06-29 06:33:59,635 [DEBUG] Decoded IPA frame: proto=0x00, payload_len=7, consumed=10, payload_hex: 0c1201900fffff
2026-06-29 06:33:59,635 [DEBUG] RSL message: 0c1201900fffff
2026-06-29 06:33:59,635 [DEBUG] RSL discriminator: 0x0c, message type: 0x12, payload: 0c1201900fffff
2026-06-29 06:33:59,636 [DEBUG] Incomplete frame, buffer size: 0, buffer_hex: 
2026-06-29 06:34:00,496 [DEBUG] Received 10 bytes from BTS
2026-06-29 06:34:00,497 [DEBUG] Decoded IPA frame: proto=0x00, payload_len=7, consumed=10, payload_hex: 0c1201900fffff
2026-06-29 06:34:00,497 [DEBUG] RSL message: 0c1201900fffff
2026-06-29 06:34:00,497 [DEBUG] RSL discriminator: 0x0c, message type: 0x12, payload: 0c1201900fffff
2026-06-29 06:34:00,497 [DEBUG] Incomplete frame, buffer size: 0, buffer_hex: 
2026-06-29 06:34:00,564 [INFO] Control Client connected from ('10.42.0.1', 43870)
2026-06-29 06:34:00,565 [INFO] handle_client: Starting, client socket: 12
2026-06-29 06:34:00,565 [INFO] handle_client: WELCOME sent
2026-06-29 06:34:00,615 [INFO] Replaying 36 buffered event(s)
2026-06-29 06:34:00,615 [WARNING] Failed to replay event 1: [Errno 32] Broken pipe
2026-06-29 06:34:00,615 [WARNING] Failed to replay event 2: [Errno 32] Broken pipe
2026-06-29 06:34:00,615 [WARNING] Failed to replay event 3: [Errno 32] Broken pipe
2026-06-29 06:34:00,615 [WARNING] Failed to replay event 4: [Errno 32] Broken pipe
2026-06-29 06:34:00,615 [WARNING] Failed to replay event 5: [Errno 32] Broken pipe
2026-06-29 06:34:00,615 [WARNING] Failed to replay event 6: [Errno 32] Broken pipe
2026-06-29 06:34:00,615 [WARNING] Failed to replay event 7: [Errno 32] Broken pipe
2026-06-29 06:34:00,615 [WARNING] Failed to replay event 8: [Errno 32] Broken pipe
2026-06-29 06:34:00,615 [WARNING] Failed to replay event 9: [Errno 32] Broken pipe
2026-06-29 06:34:00,616 [WARNING] Failed to replay event 10: [Errno 32] Broken pipe
2026-06-29 06:34:00,616 [WARNING] Failed to replay event 11: [Errno 32] Broken pipe
2026-06-29 06:34:00,616 [WARNING] Failed to replay event 12: [Errno 32] Broken pipe
2026-06-29 06:34:00,616 [WARNING] Failed to replay event 13: [Errno 32] Broken pipe
2026-06-29 06:34:00,616 [WARNING] Failed to replay event 14: [Errno 32] Broken pipe
2026-06-29 06:34:00,616 [WARNING] Failed to replay event 15: [Errno 32] Broken pipe
2026-06-29 06:34:00,616 [WARNING] Failed to replay event 16: [Errno 32] Broken pipe
2026-06-29 06:34:00,616 [WARNING] Failed to replay event 17: [Errno 32] Broken pipe
2026-06-29 06:34:00,616 [WARNING] Failed to replay event 18: [Errno 32] Broken pipe
2026-06-29 06:34:00,616 [WARNING] Failed to replay event 19: [Errno 32] Broken pipe
2026-06-29 06:34:00,616 [WARNING] Failed to replay event 20: [Errno 32] Broken pipe
2026-06-29 06:34:00,616 [WARNING] Failed to replay event 21: [Errno 32] Broken pipe
2026-06-29 06:34:00,616 [WARNING] Failed to replay event 22: [Errno 32] Broken pipe
2026-06-29 06:34:00,616 [WARNING] Failed to replay event 23: [Errno 32] Broken pipe
2026-06-29 06:34:00,616 [WARNING] Failed to replay event 24: [Errno 32] Broken pipe
2026-06-29 06:34:00,616 [WARNING] Failed to replay event 25: [Errno 32] Broken pipe
2026-06-29 06:34:00,616 [WARNING] Failed to replay event 26: [Errno 32] Broken pipe
2026-06-29 06:34:00,616 [WARNING] Failed to replay event 27: [Errno 32] Broken pipe
2026-06-29 06:34:00,616 [WARNING] Failed to replay event 28: [Errno 32] Broken pipe
2026-06-29 06:34:00,616 [WARNING] Failed to replay event 29: [Errno 32] Broken pipe
2026-06-29 06:34:00,616 [WARNING] Failed to replay event 30: [Errno 32] Broken pipe
2026-06-29 06:34:00,616 [WARNING] Failed to replay event 31: [Errno 32] Broken pipe
2026-06-29 06:34:00,616 [WARNING] Failed to replay event 32: [Errno 32] Broken pipe
2026-06-29 06:34:00,616 [WARNING] Failed to replay event 33: [Errno 32] Broken pipe
2026-06-29 06:34:00,616 [WARNING] Failed to replay event 34: [Errno 32] Broken pipe
2026-06-29 06:34:00,616 [WARNING] Failed to replay event 35: [Errno 32] Broken pipe
2026-06-29 06:34:00,617 [WARNING] Failed to replay event 36: [Errno 32] Broken pipe
2026-06-29 06:34:00,617 [INFO] handle_client: Entering receive loop
2026-06-29 06:34:00,617 [INFO] handle_client: Received empty data, client closed connection
2026-06-29 06:34:00,617 [INFO] Control Client disconnected
2026-06-29 06:34:00,636 [DEBUG] Received 10 bytes from BTS
2026-06-29 06:34:00,636 [DEBUG] Decoded IPA frame: proto=0x00, payload_len=7, consumed=10, payload_hex: 0c1201900fffff
2026-06-29 06:34:00,636 [DEBUG] RSL message: 0c1201900fffff
2026-06-29 06:34:00,636 [DEBUG] RSL discriminator: 0x0c, message type: 0x12, payload: 0c1201900fffff
2026-06-29 06:34:00,636 [DEBUG] Incomplete frame, buffer size: 0, buffer_hex: 
2026-06-29 06:34:01,497 [DEBUG] Received 10 bytes from BTS
2026-06-29 06:34:01,497 [DEBUG] Decoded IPA frame: proto=0x00, payload_len=7, consumed=10, payload_hex: 0c1201900fffff
2026-06-29 06:34:01,497 [DEBUG] RSL message: 0c1201900fffff
2026-06-29 06:34:01,497 [DEBUG] RSL discriminator: 0x0c, message type: 0x12, payload: 0c1201900fffff
2026-06-29 06:34:01,497 [DEBUG] Incomplete frame, buffer size: 0, buffer_hex: 
2026-06-29 06:34:01,637 [DEBUG] Received 10 bytes from BTS
2026-06-29 06:34:01,637 [DEBUG] Decoded IPA frame: proto=0x00, payload_len=7, consumed=10, payload_hex: 0c1201900fffff
2026-06-29 06:34:01,637 [DEBUG] RSL message: 0c1201900fffff
2026-06-29 06:34:01,637 [DEBUG] RSL discriminator: 0x0c, message type: 0x12, payload: 0c1201900fffff
2026-06-29 06:34:01,637 [DEBUG] Incomplete frame, buffer size: 0, buffer_hex: 
2026-06-29 06:34:01,891 [INFO] handle_client: Received empty data, client closed connection
2026-06-29 06:34:01,891 [INFO] Control Client disconnected
2026-06-29 06:34:02,497 [DEBUG] Received 10 bytes from BTS
2026-06-29 06:34:02,497 [DEBUG] Decoded IPA frame: proto=0x00, payload_len=7, consumed=10, payload_hex: 0c1201900fffff
2026-06-29 06:34:02,497 [DEBUG] RSL message: 0c1201900fffff
2026-06-29 06:34:02,497 [DEBUG] RSL discriminator: 0x0c, message type: 0x12, payload: 0c1201900fffff
2026-06-29 06:34:02,497 [DEBUG] Incomplete frame, buffer size: 0, buffer_hex: 
2026-06-29 06:34:02,637 [DEBUG] Received 10 bytes from BTS
2026-06-29 06:34:02,637 [DEBUG] Decoded IPA frame: proto=0x00, payload_len=7, consumed=10, payload_hex: 0c1201900fffff
2026-06-29 06:34:02,637 [DEBUG] RSL message: 0c1201900fffff
2026-06-29 06:34:02,638 [DEBUG] RSL discriminator: 0x0c, message type: 0x12, payload: 0c1201900fffff
2026-06-29 06:34:02,638 [DEBUG] Incomplete frame, buffer size: 0, buffer_hex: 
2026-06-29 06:34:03,498 [DEBUG] Received 10 bytes from BTS
2026-06-29 06:34:03,498 [DEBUG] Decoded IPA frame: proto=0x00, payload_len=7, consumed=10, payload_hex: 0c1201900fffff
2026-06-29 06:34:03,498 [DEBUG] RSL message: 0c1201900fffff
2026-06-29 06:34:03,498 [DEBUG] RSL discriminator: 0x0c, message type: 0x12, payload: 0c1201900fffff
2026-06-29 06:34:03,498 [DEBUG] Incomplete frame, buffer size: 0, buffer_hex: 
2026-06-29 06:34:03,564 [INFO] Control Client connected from ('10.42.0.1', 46658)
2026-06-29 06:34:03,565 [INFO] handle_client: Starting, client socket: 7
2026-06-29 06:34:03,565 [INFO] handle_client: WELCOME sent
2026-06-29 06:34:03,615 [INFO] Replaying 36 buffered event(s)
2026-06-29 06:34:03,615 [WARNING] Failed to replay event 1: [Errno 32] Broken pipe
2026-06-29 06:34:03,615 [WARNING] Failed to replay event 2: [Errno 32] Broken pipe
2026-06-29 06:34:03,615 [WARNING] Failed to replay event 3: [Errno 32] Broken pipe
2026-06-29 06:34:03,615 [WARNING] Failed to replay event 4: [Errno 32] Broken pipe
2026-06-29 06:34:03,615 [WARNING] Failed to replay event 5: [Errno 32] Broken pipe
2026-06-29 06:34:03,615 [WARNING] Failed to replay event 6: [Errno 32] Broken pipe
2026-06-29 06:34:03,615 [WARNING] Failed to replay event 7: [Errno 32] Broken pipe
2026-06-29 06:34:03,616 [WARNING] Failed to replay event 8: [Errno 32] Broken pipe
2026-06-29 06:34:03,616 [WARNING] Failed to replay event 9: [Errno 32] Broken pipe
2026-06-29 06:34:03,616 [WARNING] Failed to replay event 10: [Errno 32] Broken pipe
2026-06-29 06:34:03,616 [WARNING] Failed to replay event 11: [Errno 32] Broken pipe
2026-06-29 06:34:03,616 [WARNING] Failed to replay event 12: [Errno 32] Broken pipe
2026-06-29 06:34:03,616 [WARNING] Failed to replay event 13: [Errno 32] Broken pipe
2026-06-29 06:34:03,616 [WARNING] Failed to replay event 14: [Errno 32] Broken pipe
2026-06-29 06:34:03,616 [WARNING] Failed to replay event 15: [Errno 32] Broken pipe
2026-06-29 06:34:03,616 [WARNING] Failed to replay event 16: [Errno 32] Broken pipe
2026-06-29 06:34:03,616 [WARNING] Failed to replay event 17: [Errno 32] Broken pipe
2026-06-29 06:34:03,616 [WARNING] Failed to replay event 18: [Errno 32] Broken pipe
2026-06-29 06:34:03,616 [WARNING] Failed to replay event 19: [Errno 32] Broken pipe
2026-06-29 06:34:03,616 [WARNING] Failed to replay event 20: [Errno 32] Broken pipe
2026-06-29 06:34:03,616 [WARNING] Failed to replay event 21: [Errno 32] Broken pipe
2026-06-29 06:34:03,616 [WARNING] Failed to replay event 22: [Errno 32] Broken pipe
2026-06-29 06:34:03,616 [WARNING] Failed to replay event 23: [Errno 32] Broken pipe
2026-06-29 06:34:03,616 [WARNING] Failed to replay event 24: [Errno 32] Broken pipe
2026-06-29 06:34:03,616 [WARNING] Failed to replay event 25: [Errno 32] Broken pipe
2026-06-29 06:34:03,616 [WARNING] Failed to replay event 26: [Errno 32] Broken pipe
2026-06-29 06:34:03,616 [WARNING] Failed to replay event 27: [Errno 32] Broken pipe
2026-06-29 06:34:03,616 [WARNING] Failed to replay event 28: [Errno 32] Broken pipe
2026-06-29 06:34:03,616 [WARNING] Failed to replay event 29: [Errno 32] Broken pipe
2026-06-29 06:34:03,616 [WARNING] Failed to replay event 30: [Errno 32] Broken pipe
2026-06-29 06:34:03,616 [WARNING] Failed to replay event 31: [Errno 32] Broken pipe
2026-06-29 06:34:03,616 [WARNING] Failed to replay event 32: [Errno 32] Broken pipe
2026-06-29 06:34:03,616 [WARNING] Failed to replay event 33: [Errno 32] Broken pipe
2026-06-29 06:34:03,616 [WARNING] Failed to replay event 34: [Errno 32] Broken pipe
2026-06-29 06:34:03,616 [WARNING] Failed to replay event 35: [Errno 32] Broken pipe
2026-06-29 06:34:03,616 [WARNING] Failed to replay event 36: [Errno 32] Broken pipe
2026-06-29 06:34:03,616 [INFO] handle_client: Entering receive loop
2026-06-29 06:34:03,617 [INFO] handle_client: Received empty data, client closed connection
2026-06-29 06:34:03,617 [INFO] Control Client disconnected
2026-06-29 06:34:03,638 [DEBUG] Received 10 bytes from BTS
2026-06-29 06:34:03,639 [DEBUG] Decoded IPA frame: proto=0x00, payload_len=7, consumed=10, payload_hex: 0c1201900fffff
2026-06-29 06:34:03,639 [DEBUG] RSL message: 0c1201900fffff
2026-06-29 06:34:03,639 [DEBUG] RSL discriminator: 0x0c, message type: 0x12, payload: 0c1201900fffff
2026-06-29 06:34:03,639 [DEBUG] Incomplete frame, buffer size: 0, buffer_hex: 
2026-06-29 06:34:04,236 [INFO] Control Client connected from ('10.42.0.1', 46666)
2026-06-29 06:34:04,236 [INFO] handle_client: Starting, client socket: 11
2026-06-29 06:34:04,237 [INFO] handle_client: WELCOME sent
2026-06-29 06:34:04,287 [INFO] Replaying 36 buffered event(s)
2026-06-29 06:34:04,287 [WARNING] Failed to replay event 1: [Errno 32] Broken pipe
2026-06-29 06:34:04,287 [WARNING] Failed to replay event 2: [Errno 32] Broken pipe
2026-06-29 06:34:04,287 [WARNING] Failed to replay event 3: [Errno 32] Broken pipe
2026-06-29 06:34:04,287 [WARNING] Failed to replay event 4: [Errno 32] Broken pipe
2026-06-29 06:34:04,287 [WARNING] Failed to replay event 5: [Errno 32] Broken pipe
2026-06-29 06:34:04,287 [WARNING] Failed to replay event 6: [Errno 32] Broken pipe
2026-06-29 06:34:04,287 [WARNING] Failed to replay event 7: [Errno 32] Broken pipe
2026-06-29 06:34:04,287 [WARNING] Failed to replay event 8: [Errno 32] Broken pipe
2026-06-29 06:34:04,287 [WARNING] Failed to replay event 9: [Errno 32] Broken pipe
2026-06-29 06:34:04,287 [WARNING] Failed to replay event 10: [Errno 32] Broken pipe
2026-06-29 06:34:04,287 [WARNING] Failed to replay event 11: [Errno 32] Broken pipe
2026-06-29 06:34:04,287 [WARNING] Failed to replay event 12: [Errno 32] Broken pipe
2026-06-29 06:34:04,287 [WARNING] Failed to replay event 13: [Errno 32] Broken pipe
2026-06-29 06:34:04,287 [WARNING] Failed to replay event 14: [Errno 32] Broken pipe
2026-06-29 06:34:04,287 [WARNING] Failed to replay event 15: [Errno 32] Broken pipe
2026-06-29 06:34:04,287 [WARNING] Failed to replay event 16: [Errno 32] Broken pipe
2026-06-29 06:34:04,287 [WARNING] Failed to replay event 17: [Errno 32] Broken pipe
2026-06-29 06:34:04,287 [WARNING] Failed to replay event 18: [Errno 32] Broken pipe
2026-06-29 06:34:04,287 [WARNING] Failed to replay event 19: [Errno 32] Broken pipe
2026-06-29 06:34:04,287 [WARNING] Failed to replay event 20: [Errno 32] Broken pipe
2026-06-29 06:34:04,287 [WARNING] Failed to replay event 21: [Errno 32] Broken pipe
2026-06-29 06:34:04,287 [WARNING] Failed to replay event 22: [Errno 32] Broken pipe
2026-06-29 06:34:04,287 [WARNING] Failed to replay event 23: [Errno 32] Broken pipe
2026-06-29 06:34:04,287 [WARNING] Failed to replay event 24: [Errno 32] Broken pipe
2026-06-29 06:34:04,287 [WARNING] Failed to replay event 25: [Errno 32] Broken pipe
2026-06-29 06:34:04,287 [WARNING] Failed to replay event 26: [Errno 32] Broken pipe
2026-06-29 06:34:04,287 [WARNING] Failed to replay event 27: [Errno 32] Broken pipe
2026-06-29 06:34:04,287 [WARNING] Failed to replay event 28: [Errno 32] Broken pipe
2026-06-29 06:34:04,287 [WARNING] Failed to replay event 29: [Errno 32] Broken pipe
2026-06-29 06:34:04,287 [WARNING] Failed to replay event 30: [Errno 32] Broken pipe
2026-06-29 06:34:04,287 [WARNING] Failed to replay event 31: [Errno 32] Broken pipe
2026-06-29 06:34:04,287 [WARNING] Failed to replay event 32: [Errno 32] Broken pipe
2026-06-29 06:34:04,287 [WARNING] Failed to replay event 33: [Errno 32] Broken pipe
2026-06-29 06:34:04,287 [WARNING] Failed to replay event 34: [Errno 32] Broken pipe
2026-06-29 06:34:04,288 [WARNING] Failed to replay event 35: [Errno 32] Broken pipe
2026-06-29 06:34:04,288 [WARNING] Failed to replay event 36: [Errno 32] Broken pipe
2026-06-29 06:34:04,288 [INFO] handle_client: Entering receive loop
2026-06-29 06:34:04,288 [INFO] handle_client: Received empty data, client closed connection
2026-06-29 06:34:04,288 [INFO] Control Client disconnected
2026-06-29 06:34:04,498 [DEBUG] Received 10 bytes from BTS
2026-06-29 06:34:04,498 [DEBUG] Decoded IPA frame: proto=0x00, payload_len=7, consumed=10, payload_hex: 0c1201900fffff
2026-06-29 06:34:04,498 [DEBUG] RSL message: 0c1201900fffff
2026-06-29 06:34:04,498 [DEBUG] RSL discriminator: 0x0c, message type: 0x12, payload: 0c1201900fffff
2026-06-29 06:34:04,498 [DEBUG] Incomplete frame, buffer size: 0, buffer_hex: 
2026-06-29 06:34:04,639 [DEBUG] Received 10 bytes from BTS
2026-06-29 06:34:04,639 [DEBUG] Decoded IPA frame: proto=0x00, payload_len=7, consumed=10, payload_hex: 0c1201900fffff
2026-06-29 06:34:04,639 [DEBUG] RSL message: 0c1201900fffff
2026-06-29 06:34:04,639 [DEBUG] RSL discriminator: 0x0c, message type: 0x12, payload: 0c1201900fffff
2026-06-29 06:34:04,639 [DEBUG] Incomplete frame, buffer size: 0, buffer_hex: 
2026-06-29 06:34:05,499 [DEBUG] Received 10 bytes from BTS
2026-06-29 06:34:05,499 [DEBUG] Decoded IPA frame: proto=0x00, payload_len=7, consumed=10, payload_hex: 0c1201900fffff
2026-06-29 06:34:05,499 [DEBUG] RSL message: 0c1201900fffff
2026-06-29 06:34:05,499 [DEBUG] RSL discriminator: 0x0c, message type: 0x12, payload: 0c1201900fffff
2026-06-29 06:34:05,499 [DEBUG] Incomplete frame, buffer size: 0, buffer_hex: 
2026-06-29 06:34:05,640 [DEBUG] Received 10 bytes from BTS
2026-06-29 06:34:05,640 [DEBUG] Decoded IPA frame: proto=0x00, payload_len=7, consumed=10, payload_hex: 0c1201900fffff
2026-06-29 06:34:05,640 [DEBUG] RSL message: 0c1201900fffff
2026-06-29 06:34:05,640 [DEBUG] RSL discriminator: 0x0c, message type: 0x12, payload: 0c1201900fffff
2026-06-29 06:34:05,640 [DEBUG] Incomplete frame, buffer size: 0, buffer_hex: 
2026-06-29 06:34:06,500 [DEBUG] Received 10 bytes from BTS
2026-06-29 06:34:06,500 [DEBUG] Decoded IPA frame: proto=0x00, payload_len=7, consumed=10, payload_hex: 0c1201900fffff
2026-06-29 06:34:06,500 [DEBUG] RSL message: 0c1201900fffff
2026-06-29 06:34:06,500 [DEBUG] RSL discriminator: 0x0c, message type: 0x12, payload: 0c1201900fffff
2026-06-29 06:34:06,500 [DEBUG] Incomplete frame, buffer size: 0, buffer_hex: 
2026-06-29 06:34:06,565 [INFO] Control Client connected from ('10.42.0.1', 46672)
2026-06-29 06:34:06,565 [INFO] handle_client: Starting, client socket: 7
2026-06-29 06:34:06,565 [INFO] handle_client: WELCOME sent
2026-06-29 06:34:06,615 [INFO] Replaying 36 buffered event(s)
2026-06-29 06:34:06,616 [WARNING] Failed to replay event 1: [Errno 32] Broken pipe
2026-06-29 06:34:06,616 [WARNING] Failed to replay event 2: [Errno 32] Broken pipe
2026-06-29 06:34:06,616 [WARNING] Failed to replay event 3: [Errno 32] Broken pipe
2026-06-29 06:34:06,616 [WARNING] Failed to replay event 4: [Errno 32] Broken pipe
2026-06-29 06:34:06,616 [WARNING] Failed to replay event 5: [Errno 32] Broken pipe
2026-06-29 06:34:06,616 [WARNING] Failed to replay event 6: [Errno 32] Broken pipe
2026-06-29 06:34:06,616 [WARNING] Failed to replay event 7: [Errno 32] Broken pipe
2026-06-29 06:34:06,616 [WARNING] Failed to replay event 8: [Errno 32] Broken pipe
2026-06-29 06:34:06,616 [WARNING] Failed to replay event 9: [Errno 32] Broken pipe
2026-06-29 06:34:06,616 [WARNING] Failed to replay event 10: [Errno 32] Broken pipe
2026-06-29 06:34:06,616 [WARNING] Failed to replay event 11: [Errno 32] Broken pipe
2026-06-29 06:34:06,616 [WARNING] Failed to replay event 12: [Errno 32] Broken pipe
2026-06-29 06:34:06,616 [WARNING] Failed to replay event 13: [Errno 32] Broken pipe
2026-06-29 06:34:06,616 [WARNING] Failed to replay event 14: [Errno 32] Broken pipe
2026-06-29 06:34:06,616 [WARNING] Failed to replay event 15: [Errno 32] Broken pipe
2026-06-29 06:34:06,616 [WARNING] Failed to replay event 16: [Errno 32] Broken pipe
2026-06-29 06:34:06,616 [WARNING] Failed to replay event 17: [Errno 32] Broken pipe
2026-06-29 06:34:06,616 [WARNING] Failed to replay event 18: [Errno 32] Broken pipe
2026-06-29 06:34:06,616 [WARNING] Failed to replay event 19: [Errno 32] Broken pipe
2026-06-29 06:34:06,616 [WARNING] Failed to replay event 20: [Errno 32] Broken pipe
2026-06-29 06:34:06,616 [WARNING] Failed to replay event 21: [Errno 32] Broken pipe
2026-06-29 06:34:06,616 [WARNING] Failed to replay event 22: [Errno 32] Broken pipe
2026-06-29 06:34:06,616 [WARNING] Failed to replay event 23: [Errno 32] Broken pipe
2026-06-29 06:34:06,616 [WARNING] Failed to replay event 24: [Errno 32] Broken pipe
2026-06-29 06:34:06,616 [WARNING] Failed to replay event 25: [Errno 32] Broken pipe
2026-06-29 06:34:06,616 [WARNING] Failed to replay event 26: [Errno 32] Broken pipe
2026-06-29 06:34:06,616 [WARNING] Failed to replay event 27: [Errno 32] Broken pipe
2026-06-29 06:34:06,616 [WARNING] Failed to replay event 28: [Errno 32] Broken pipe
2026-06-29 06:34:06,616 [WARNING] Failed to replay event 29: [Errno 32] Broken pipe
2026-06-29 06:34:06,616 [WARNING] Failed to replay event 30: [Errno 32] Broken pipe
2026-06-29 06:34:06,616 [WARNING] Failed to replay event 31: [Errno 32] Broken pipe
2026-06-29 06:34:06,616 [WARNING] Failed to replay event 32: [Errno 32] Broken pipe
2026-06-29 06:34:06,616 [WARNING] Failed to replay event 33: [Errno 32] Broken pipe
2026-06-29 06:34:06,616 [WARNING] Failed to replay event 34: [Errno 32] Broken pipe
2026-06-29 06:34:06,616 [WARNING] Failed to replay event 35: [Errno 32] Broken pipe
2026-06-29 06:34:06,616 [WARNING] Failed to replay event 36: [Errno 32] Broken pipe
2026-06-29 06:34:06,616 [INFO] handle_client: Entering receive loop
2026-06-29 06:34:06,616 [INFO] handle_client: Received empty data, client closed connection
2026-06-29 06:34:06,616 [INFO] Control Client disconnected
2026-06-29 06:34:06,640 [DEBUG] Received 10 bytes from BTS
2026-06-29 06:34:06,640 [DEBUG] Decoded IPA frame: proto=0x00, payload_len=7, consumed=10, payload_hex: 0c1201900fffff
2026-06-29 06:34:06,640 [DEBUG] RSL message: 0c1201900fffff
2026-06-29 06:34:06,640 [DEBUG] RSL discriminator: 0x0c, message type: 0x12, payload: 0c1201900fffff
2026-06-29 06:34:06,640 [DEBUG] Incomplete frame, buffer size: 0, buffer_hex: 
2026-06-29 06:34:07,500 [DEBUG] Received 10 bytes from BTS
2026-06-29 06:34:07,500 [DEBUG] Decoded IPA frame: proto=0x00, payload_len=7, consumed=10, payload_hex: 0c1201900fffff
2026-06-29 06:34:07,500 [DEBUG] RSL message: 0c1201900fffff
2026-06-29 06:34:07,500 [DEBUG] RSL discriminator: 0x0c, message type: 0x12, payload: 0c1201900fffff
2026-06-29 06:34:07,500 [DEBUG] Incomplete frame, buffer size: 0, buffer_hex: 
2026-06-29 06:34:07,641 [DEBUG] Received 10 bytes from BTS
2026-06-29 06:34:07,641 [DEBUG] Decoded IPA frame: proto=0x00, payload_len=7, consumed=10, payload_hex: 0c1201900fffff
2026-06-29 06:34:07,641 [DEBUG] RSL message: 0c1201900fffff
2026-06-29 06:34:07,641 [DEBUG] RSL discriminator: 0x0c, message type: 0x12, payload: 0c1201900fffff
2026-06-29 06:34:07,641 [DEBUG] Incomplete frame, buffer size: 0, buffer_hex: 
2026-06-29 06:34:08,501 [DEBUG] Received 10 bytes from BTS
2026-06-29 06:34:08,501 [DEBUG] Decoded IPA frame: proto=0x00, payload_len=7, consumed=10, payload_hex: 0c1201900fffff
2026-06-29 06:34:08,501 [DEBUG] RSL message: 0c1201900fffff
2026-06-29 06:34:08,501 [DEBUG] RSL discriminator: 0x0c, message type: 0x12, payload: 0c1201900fffff
2026-06-29 06:34:08,501 [DEBUG] Incomplete frame, buffer size: 0, buffer_hex: 
2026-06-29 06:34:08,641 [DEBUG] Received 10 bytes from BTS
2026-06-29 06:34:08,642 [DEBUG] Decoded IPA frame: proto=0x00, payload_len=7, consumed=10, payload_hex: 0c1201900fffff
2026-06-29 06:34:08,642 [DEBUG] RSL message: 0c1201900fffff
2026-06-29 06:34:08,642 [DEBUG] RSL discriminator: 0x0c, message type: 0x12, payload: 0c1201900fffff
2026-06-29 06:34:08,642 [DEBUG] Incomplete frame, buffer size: 0, buffer_hex: 
2026-06-29 06:34:09,501 [DEBUG] Received 10 bytes from BTS
2026-06-29 06:34:09,501 [DEBUG] Decoded IPA frame: proto=0x00, payload_len=7, consumed=10, payload_hex: 0c1201900fffff
2026-06-29 06:34:09,501 [DEBUG] RSL message: 0c1201900fffff
2026-06-29 06:34:09,501 [DEBUG] RSL discriminator: 0x0c, message type: 0x12, payload: 0c1201900fffff
2026-06-29 06:34:09,501 [DEBUG] Incomplete frame, buffer size: 0, buffer_hex: 
2026-06-29 06:34:09,564 [INFO] Control Client connected from ('10.42.0.1', 46682)
2026-06-29 06:34:09,565 [INFO] handle_client: Starting, client socket: 11
2026-06-29 06:34:09,565 [INFO] handle_client: WELCOME sent
2026-06-29 06:34:09,615 [INFO] Replaying 36 buffered event(s)
2026-06-29 06:34:09,615 [WARNING] Failed to replay event 1: [Errno 32] Broken pipe
2026-06-29 06:34:09,615 [WARNING] Failed to replay event 2: [Errno 32] Broken pipe
2026-06-29 06:34:09,615 [WARNING] Failed to replay event 3: [Errno 32] Broken pipe
2026-06-29 06:34:09,615 [WARNING] Failed to replay event 4: [Errno 32] Broken pipe
2026-06-29 06:34:09,615 [WARNING] Failed to replay event 5: [Errno 32] Broken pipe
2026-06-29 06:34:09,615 [WARNING] Failed to replay event 6: [Errno 32] Broken pipe
2026-06-29 06:34:09,615 [WARNING] Failed to replay event 7: [Errno 32] Broken pipe
2026-06-29 06:34:09,615 [WARNING] Failed to replay event 8: [Errno 32] Broken pipe
2026-06-29 06:34:09,615 [WARNING] Failed to replay event 9: [Errno 32] Broken pipe
2026-06-29 06:34:09,615 [WARNING] Failed to replay event 10: [Errno 32] Broken pipe
2026-06-29 06:34:09,615 [WARNING] Failed to replay event 11: [Errno 32] Broken pipe
2026-06-29 06:34:09,615 [WARNING] Failed to replay event 12: [Errno 32] Broken pipe
2026-06-29 06:34:09,615 [WARNING] Failed to replay event 13: [Errno 32] Broken pipe
2026-06-29 06:34:09,615 [WARNING] Failed to replay event 14: [Errno 32] Broken pipe
2026-06-29 06:34:09,615 [WARNING] Failed to replay event 15: [Errno 32] Broken pipe
2026-06-29 06:34:09,615 [WARNING] Failed to replay event 16: [Errno 32] Broken pipe
2026-06-29 06:34:09,615 [WARNING] Failed to replay event 17: [Errno 32] Broken pipe
2026-06-29 06:34:09,615 [WARNING] Failed to replay event 18: [Errno 32] Broken pipe
2026-06-29 06:34:09,615 [WARNING] Failed to replay event 19: [Errno 32] Broken pipe
2026-06-29 06:34:09,615 [WARNING] Failed to replay event 20: [Errno 32] Broken pipe
2026-06-29 06:34:09,615 [WARNING] Failed to replay event 21: [Errno 32] Broken pipe
2026-06-29 06:34:09,615 [WARNING] Failed to replay event 22: [Errno 32] Broken pipe
2026-06-29 06:34:09,615 [WARNING] Failed to replay event 23: [Errno 32] Broken pipe
2026-06-29 06:34:09,615 [WARNING] Failed to replay event 24: [Errno 32] Broken pipe
2026-06-29 06:34:09,615 [WARNING] Failed to replay event 25: [Errno 32] Broken pipe
2026-06-29 06:34:09,615 [WARNING] Failed to replay event 26: [Errno 32] Broken pipe
2026-06-29 06:34:09,615 [WARNING] Failed to replay event 27: [Errno 32] Broken pipe
2026-06-29 06:34:09,615 [WARNING] Failed to replay event 28: [Errno 32] Broken pipe
2026-06-29 06:34:09,615 [WARNING] Failed to replay event 29: [Errno 32] Broken pipe
2026-06-29 06:34:09,615 [WARNING] Failed to replay event 30: [Errno 32] Broken pipe
2026-06-29 06:34:09,615 [WARNING] Failed to replay event 31: [Errno 32] Broken pipe
2026-06-29 06:34:09,615 [WARNING] Failed to replay event 32: [Errno 32] Broken pipe
2026-06-29 06:34:09,615 [WARNING] Failed to replay event 33: [Errno 32] Broken pipe
2026-06-29 06:34:09,615 [WARNING] Failed to replay event 34: [Errno 32] Broken pipe
2026-06-29 06:34:09,616 [WARNING] Failed to replay event 35: [Errno 32] Broken pipe
2026-06-29 06:34:09,616 [WARNING] Failed to replay event 36: [Errno 32] Broken pipe
2026-06-29 06:34:09,616 [INFO] handle_client: Entering receive loop
2026-06-29 06:34:09,616 [INFO] handle_client: Received empty data, client closed connection
2026-06-29 06:34:09,616 [INFO] Control Client disconnected
2026-06-29 06:34:09,642 [DEBUG] Received 10 bytes from BTS
2026-06-29 06:34:09,642 [DEBUG] Decoded IPA frame: proto=0x00, payload_len=7, consumed=10, payload_hex: 0c1201900fffff
2026-06-29 06:34:09,642 [DEBUG] RSL message: 0c1201900fffff
2026-06-29 06:34:09,642 [DEBUG] RSL discriminator: 0x0c, message type: 0x12, payload: 0c1201900fffff
2026-06-29 06:34:09,642 [DEBUG] Incomplete frame, buffer size: 0, buffer_hex: 
