unix_ts,namespace,pod,cpu_m,mem_mib
1782471164,gsm-49,osmo-bsc-594654bd47-q6v5d,9,5
1782471164,gsm-49,osmo-bts-virtual-5f8b9b86fc-85tm2,9,0
1782471164,gsm-49,osmo-hlr-546bdb8988-cvzt6,6,2
1782471164,gsm-49,osmo-mgw-8c8fc67d6-dxwnt,6,2
1782471164,gsm-49,osmo-mobile-5f57fbcb5c-tk8kf,28,33
1782471164,gsm-49,osmo-stp-768687f494-5xxfm,7,2
1782471167,gsm-49,osmo-bsc-594654bd47-q6v5d,9,5
1782471167,gsm-49,osmo-bts-virtual-5f8b9b86fc-85tm2,9,0
1782471167,gsm-49,osmo-hlr-546bdb8988-cvzt6,6,2
1782471167,gsm-49,osmo-mgw-8c8fc67d6-dxwnt,6,2
1782471167,gsm-49,osmo-mobile-5f57fbcb5c-tk8kf,28,33
1782471167,gsm-49,osmo-stp-768687f494-5xxfm,7,2
1782471169,gsm-49,osmo-bsc-594654bd47-q6v5d,9,5
1782471169,gsm-49,osmo-bts-virtual-5f8b9b86fc-85tm2,9,0
1782471169,gsm-49,osmo-hlr-546bdb8988-cvzt6,6,2
1782471169,gsm-49,osmo-mgw-8c8fc67d6-dxwnt,6,2
1782471169,gsm-49,osmo-mobile-5f57fbcb5c-tk8kf,28,33
1782471169,gsm-49,osmo-stp-768687f494-5xxfm,7,2
1782471171,gsm-49,osmo-bsc-594654bd47-q6v5d,9,5
1782471171,gsm-49,osmo-bts-virtual-5f8b9b86fc-85tm2,9,0
1782471171,gsm-49,osmo-hlr-546bdb8988-cvzt6,6,2
1782471171,gsm-49,osmo-mgw-8c8fc67d6-dxwnt,6,2
1782471171,gsm-49,osmo-mobile-5f57fbcb5c-tk8kf,28,33
1782471171,gsm-49,osmo-stp-768687f494-5xxfm,7,2
1782471174,gsm-49,osmo-bsc-594654bd47-q6v5d,9,5
1782471174,gsm-49,osmo-bts-virtual-5f8b9b86fc-85tm2,9,0
1782471174,gsm-49,osmo-hlr-546bdb8988-cvzt6,6,2
1782471174,gsm-49,osmo-mgw-8c8fc67d6-dxwnt,6,2
1782471174,gsm-49,osmo-mobile-5f57fbcb5c-tk8kf,28,33
1782471174,gsm-49,osmo-stp-768687f494-5xxfm,7,2
1782471176,gsm-49,osmo-bsc-594654bd47-q6v5d,9,5
1782471176,gsm-49,osmo-bts-virtual-5f8b9b86fc-85tm2,9,0
1782471176,gsm-49,osmo-hlr-546bdb8988-cvzt6,6,2
1782471176,gsm-49,osmo-mgw-8c8fc67d6-dxwnt,6,2
1782471176,gsm-49,osmo-mobile-5f57fbcb5c-tk8kf,28,33
1782471176,gsm-49,osmo-stp-768687f494-5xxfm,7,2
1782471178,gsm-49,msc-test-stub-5b875d749d-4l6s4,1,16
1782471178,gsm-49,osmo-bsc-594654bd47-q6v5d,2,5
1782471178,gsm-49,osmo-bts-virtual-5f8b9b86fc-85tm2,26,5
1782471178,gsm-49,osmo-hlr-546bdb8988-cvzt6,1,2
1782471178,gsm-49,osmo-mgw-8c8fc67d6-dxwnt,1,2
1782471178,gsm-49,osmo-mobile-5f57fbcb5c-tk8kf,3,32
1782471178,gsm-49,osmo-stp-768687f494-5xxfm,1,2
1782471178,gsm-49,virtphy-66dd5984b8-g426f,7,1
1782471181,gsm-49,msc-test-stub-5b875d749d-4l6s4,1,16
1782471181,gsm-49,osmo-bsc-594654bd47-q6v5d,2,5
1782471181,gsm-49,osmo-bts-virtual-5f8b9b86fc-85tm2,26,5
1782471181,gsm-49,osmo-hlr-546bdb8988-cvzt6,1,2
1782471181,gsm-49,osmo-mgw-8c8fc67d6-dxwnt,1,2
1782471181,gsm-49,osmo-mobile-5f57fbcb5c-tk8kf,3,32
1782471181,gsm-49,osmo-stp-768687f494-5xxfm,1,2
1782471181,gsm-49,virtphy-66dd5984b8-g426f,7,1
1782471183,gsm-49,msc-test-stub-5b875d749d-4l6s4,1,16
1782471183,gsm-49,osmo-bsc-594654bd47-q6v5d,2,5
1782471183,gsm-49,osmo-bts-virtual-5f8b9b86fc-85tm2,26,5
1782471183,gsm-49,osmo-hlr-546bdb8988-cvzt6,1,2
1782471183,gsm-49,osmo-mgw-8c8fc67d6-dxwnt,1,2
1782471183,gsm-49,osmo-mobile-5f57fbcb5c-tk8kf,3,32
1782471183,gsm-49,osmo-stp-768687f494-5xxfm,1,2
1782471183,gsm-49,virtphy-66dd5984b8-g426f,7,1
1782471185,gsm-49,msc-test-stub-5b875d749d-4l6s4,1,16
1782471185,gsm-49,osmo-bsc-594654bd47-q6v5d,2,5
1782471185,gsm-49,osmo-bts-virtual-5f8b9b86fc-85tm2,26,5
1782471185,gsm-49,osmo-hlr-546bdb8988-cvzt6,1,2
1782471185,gsm-49,osmo-mgw-8c8fc67d6-dxwnt,1,2
1782471185,gsm-49,osmo-mobile-5f57fbcb5c-tk8kf,3,32
1782471185,gsm-49,osmo-stp-768687f494-5xxfm,1,2
1782471185,gsm-49,virtphy-66dd5984b8-g426f,7,1
1782471187,gsm-49,msc-test-stub-5b875d749d-4l6s4,1,16
1782471187,gsm-49,osmo-bsc-594654bd47-q6v5d,2,5
1782471187,gsm-49,osmo-bts-virtual-5f8b9b86fc-85tm2,26,5
1782471187,gsm-49,osmo-hlr-546bdb8988-cvzt6,1,2
1782471187,gsm-49,osmo-mgw-8c8fc67d6-dxwnt,1,2
1782471187,gsm-49,osmo-mobile-5f57fbcb5c-tk8kf,3,32
1782471187,gsm-49,osmo-stp-768687f494-5xxfm,1,2
1782471187,gsm-49,virtphy-66dd5984b8-g426f,7,1
1782471191,gsm-49,msc-test-stub-5b875d749d-4l6s4,1,16
1782471191,gsm-49,osmo-bsc-594654bd47-q6v5d,2,5
1782471191,gsm-49,osmo-bts-virtual-5f8b9b86fc-85tm2,26,5
1782471191,gsm-49,osmo-hlr-546bdb8988-cvzt6,1,2
1782471191,gsm-49,osmo-mgw-8c8fc67d6-dxwnt,1,2
1782471191,gsm-49,osmo-mobile-5f57fbcb5c-tk8kf,3,32
1782471191,gsm-49,osmo-stp-768687f494-5xxfm,1,2
1782471191,gsm-49,virtphy-66dd5984b8-g426f,7,1
1782471193,gsm-49,msc-test-stub-5b875d749d-4l6s4,1,16
1782471193,gsm-49,osmo-bsc-594654bd47-q6v5d,1,5
1782471193,gsm-49,osmo-bts-virtual-5f8b9b86fc-85tm2,29,5
1782471193,gsm-49,osmo-hlr-546bdb8988-cvzt6,1,2
1782471193,gsm-49,osmo-mgw-8c8fc67d6-dxwnt,1,2
1782471193,gsm-49,osmo-mobile-5f57fbcb5c-tk8kf,3,33
1782471193,gsm-49,osmo-stp-768687f494-5xxfm,1,2
1782471193,gsm-49,virtphy-66dd5984b8-g426f,7,1
1782471195,gsm-49,msc-test-stub-5b875d749d-4l6s4,1,16
1782471195,gsm-49,osmo-bsc-594654bd47-q6v5d,1,5
1782471195,gsm-49,osmo-bts-virtual-5f8b9b86fc-85tm2,29,5
1782471195,gsm-49,osmo-hlr-546bdb8988-cvzt6,1,2
1782471195,gsm-49,osmo-mgw-8c8fc67d6-dxwnt,1,2
1782471195,gsm-49,osmo-mobile-5f57fbcb5c-tk8kf,3,33
1782471195,gsm-49,osmo-stp-768687f494-5xxfm,1,2
1782471195,gsm-49,virtphy-66dd5984b8-g426f,7,1
1782471198,gsm-49,msc-test-stub-5b875d749d-4l6s4,1,16
1782471198,gsm-49,osmo-bsc-594654bd47-q6v5d,1,5
1782471198,gsm-49,osmo-bts-virtual-5f8b9b86fc-85tm2,29,5
1782471198,gsm-49,osmo-hlr-546bdb8988-cvzt6,1,2
1782471198,gsm-49,osmo-mgw-8c8fc67d6-dxwnt,1,2
1782471198,gsm-49,osmo-mobile-5f57fbcb5c-tk8kf,3,33
1782471198,gsm-49,osmo-stp-768687f494-5xxfm,1,2
1782471198,gsm-49,virtphy-66dd5984b8-g426f,7,1
1782471200,gsm-49,msc-test-stub-5b875d749d-4l6s4,1,16
1782471200,gsm-49,osmo-bsc-594654bd47-q6v5d,1,5
1782471200,gsm-49,osmo-bts-virtual-5f8b9b86fc-85tm2,29,5
1782471200,gsm-49,osmo-hlr-546bdb8988-cvzt6,1,2
1782471200,gsm-49,osmo-mgw-8c8fc67d6-dxwnt,1,2
1782471200,gsm-49,osmo-mobile-5f57fbcb5c-tk8kf,3,33
1782471200,gsm-49,osmo-stp-768687f494-5xxfm,1,2
1782471200,gsm-49,virtphy-66dd5984b8-g426f,7,1
1782471203,gsm-49,msc-test-stub-5b875d749d-4l6s4,1,16
1782471203,gsm-49,osmo-bsc-594654bd47-q6v5d,1,5
1782471203,gsm-49,osmo-bts-virtual-5f8b9b86fc-85tm2,29,5
1782471203,gsm-49,osmo-hlr-546bdb8988-cvzt6,1,2
1782471203,gsm-49,osmo-mgw-8c8fc67d6-dxwnt,1,2
1782471203,gsm-49,osmo-mobile-5f57fbcb5c-tk8kf,3,33
1782471203,gsm-49,osmo-stp-768687f494-5xxfm,1,2
1782471203,gsm-49,virtphy-66dd5984b8-g426f,7,1
1782471206,gsm-49,msc-test-stub-5b875d749d-4l6s4,1,16
1782471206,gsm-49,osmo-bsc-594654bd47-q6v5d,1,5
1782471206,gsm-49,osmo-bts-virtual-5f8b9b86fc-85tm2,29,5
1782471206,gsm-49,osmo-hlr-546bdb8988-cvzt6,1,2
1782471206,gsm-49,osmo-mgw-8c8fc67d6-dxwnt,1,2
1782471206,gsm-49,osmo-mobile-5f57fbcb5c-tk8kf,3,33
1782471206,gsm-49,osmo-stp-768687f494-5xxfm,1,2
1782471206,gsm-49,virtphy-66dd5984b8-g426f,7,1
1782471208,gsm-49,msc-test-stub-5b875d749d-4l6s4,1,16
1782471208,gsm-49,osmo-bsc-594654bd47-q6v5d,1,5
1782471208,gsm-49,osmo-bts-virtual-5f8b9b86fc-85tm2,24,5
1782471208,gsm-49,osmo-hlr-546bdb8988-cvzt6,1,2
1782471208,gsm-49,osmo-mgw-8c8fc67d6-dxwnt,1,2
1782471208,gsm-49,osmo-mobile-5f57fbcb5c-tk8kf,5,33
1782471208,gsm-49,osmo-stp-768687f494-5xxfm,1,2
1782471208,gsm-49,virtphy-66dd5984b8-g426f,7,1
1782471210,gsm-49,msc-test-stub-5b875d749d-4l6s4,1,16
1782471210,gsm-49,osmo-bsc-594654bd47-q6v5d,1,5
1782471210,gsm-49,osmo-bts-virtual-5f8b9b86fc-85tm2,24,5
1782471210,gsm-49,osmo-hlr-546bdb8988-cvzt6,1,2
1782471210,gsm-49,osmo-mgw-8c8fc67d6-dxwnt,1,2
1782471210,gsm-49,osmo-mobile-5f57fbcb5c-tk8kf,5,33
1782471210,gsm-49,osmo-stp-768687f494-5xxfm,1,2
1782471210,gsm-49,virtphy-66dd5984b8-g426f,7,1
1782471213,gsm-49,msc-test-stub-5b875d749d-4l6s4,1,16
1782471213,gsm-49,osmo-bsc-594654bd47-q6v5d,1,5
1782471213,gsm-49,osmo-bts-virtual-5f8b9b86fc-85tm2,24,5
1782471213,gsm-49,osmo-hlr-546bdb8988-cvzt6,1,2
1782471213,gsm-49,osmo-mgw-8c8fc67d6-dxwnt,1,2
1782471213,gsm-49,osmo-mobile-5f57fbcb5c-tk8kf,5,33
1782471213,gsm-49,osmo-stp-768687f494-5xxfm,1,2
1782471213,gsm-49,virtphy-66dd5984b8-g426f,7,1
1782471215,gsm-49,msc-test-stub-5b875d749d-4l6s4,1,16
1782471215,gsm-49,osmo-bsc-594654bd47-q6v5d,1,5
1782471215,gsm-49,osmo-bts-virtual-5f8b9b86fc-85tm2,24,5
1782471215,gsm-49,osmo-hlr-546bdb8988-cvzt6,1,2
1782471215,gsm-49,osmo-mgw-8c8fc67d6-dxwnt,1,2
1782471215,gsm-49,osmo-mobile-5f57fbcb5c-tk8kf,5,33
1782471215,gsm-49,osmo-stp-768687f494-5xxfm,1,2
1782471215,gsm-49,virtphy-66dd5984b8-g426f,7,1
1782471218,gsm-49,msc-test-stub-5b875d749d-4l6s4,1,16
1782471218,gsm-49,osmo-bsc-594654bd47-q6v5d,1,5
1782471218,gsm-49,osmo-bts-virtual-5f8b9b86fc-85tm2,24,5
1782471218,gsm-49,osmo-hlr-546bdb8988-cvzt6,1,2
1782471218,gsm-49,osmo-mgw-8c8fc67d6-dxwnt,1,2
1782471218,gsm-49,osmo-mobile-5f57fbcb5c-tk8kf,5,33
1782471218,gsm-49,osmo-stp-768687f494-5xxfm,1,2
1782471218,gsm-49,virtphy-66dd5984b8-g426f,7,1
1782471221,gsm-49,msc-test-stub-5b875d749d-4l6s4,1,16
1782471221,gsm-49,osmo-bsc-594654bd47-q6v5d,1,5
1782471221,gsm-49,osmo-bts-virtual-5f8b9b86fc-85tm2,24,5
1782471221,gsm-49,osmo-hlr-546bdb8988-cvzt6,1,2
1782471221,gsm-49,osmo-mgw-8c8fc67d6-dxwnt,1,2
1782471221,gsm-49,osmo-mobile-5f57fbcb5c-tk8kf,5,33
1782471221,gsm-49,osmo-stp-768687f494-5xxfm,1,2
1782471221,gsm-49,virtphy-66dd5984b8-g426f,7,1
1782471223,gsm-49,msc-test-stub-5b875d749d-4l6s4,1,16
1782471223,gsm-49,osmo-bsc-594654bd47-q6v5d,1,5
1782471223,gsm-49,osmo-bts-virtual-5f8b9b86fc-85tm2,23,5
1782471223,gsm-49,osmo-hlr-546bdb8988-cvzt6,1,2
1782471223,gsm-49,osmo-mgw-8c8fc67d6-dxwnt,1,2
1782471223,gsm-49,osmo-mobile-5f57fbcb5c-tk8kf,4,33
1782471223,gsm-49,osmo-stp-768687f494-5xxfm,1,2
1782471223,gsm-49,virtphy-66dd5984b8-g426f,7,1
1782471225,gsm-49,msc-test-stub-5b875d749d-4l6s4,1,16
1782471225,gsm-49,osmo-bsc-594654bd47-q6v5d,1,5
1782471225,gsm-49,osmo-bts-virtual-5f8b9b86fc-85tm2,23,5
1782471225,gsm-49,osmo-hlr-546bdb8988-cvzt6,1,2
1782471225,gsm-49,osmo-mgw-8c8fc67d6-dxwnt,1,2
1782471225,gsm-49,osmo-mobile-5f57fbcb5c-tk8kf,4,33
1782471225,gsm-49,osmo-stp-768687f494-5xxfm,1,2
1782471225,gsm-49,virtphy-66dd5984b8-g426f,7,1
1782471227,gsm-49,msc-test-stub-5b875d749d-4l6s4,1,16
1782471227,gsm-49,osmo-bsc-594654bd47-q6v5d,1,5
1782471227,gsm-49,osmo-bts-virtual-5f8b9b86fc-85tm2,23,5
1782471227,gsm-49,osmo-hlr-546bdb8988-cvzt6,1,2
1782471227,gsm-49,osmo-mgw-8c8fc67d6-dxwnt,1,2
1782471227,gsm-49,osmo-mobile-5f57fbcb5c-tk8kf,4,33
1782471227,gsm-49,osmo-stp-768687f494-5xxfm,1,2
1782471227,gsm-49,virtphy-66dd5984b8-g426f,7,1
1782471230,gsm-49,msc-test-stub-5b875d749d-4l6s4,1,16
1782471230,gsm-49,osmo-bsc-594654bd47-q6v5d,1,5
1782471230,gsm-49,osmo-bts-virtual-5f8b9b86fc-85tm2,23,5
1782471230,gsm-49,osmo-hlr-546bdb8988-cvzt6,1,2
1782471230,gsm-49,osmo-mgw-8c8fc67d6-dxwnt,1,2
1782471230,gsm-49,osmo-mobile-5f57fbcb5c-tk8kf,4,33
1782471230,gsm-49,osmo-stp-768687f494-5xxfm,1,2
1782471230,gsm-49,virtphy-66dd5984b8-g426f,7,1
1782471233,gsm-49,msc-test-stub-5b875d749d-4l6s4,1,16
1782471233,gsm-49,osmo-bsc-594654bd47-q6v5d,1,5
1782471233,gsm-49,osmo-bts-virtual-5f8b9b86fc-85tm2,23,5
1782471233,gsm-49,osmo-hlr-546bdb8988-cvzt6,1,2
1782471233,gsm-49,osmo-mgw-8c8fc67d6-dxwnt,1,2
1782471233,gsm-49,osmo-mobile-5f57fbcb5c-tk8kf,4,33
1782471233,gsm-49,osmo-stp-768687f494-5xxfm,1,2
1782471233,gsm-49,virtphy-66dd5984b8-g426f,7,1
1782471235,gsm-49,msc-test-stub-5b875d749d-4l6s4,1,16
1782471235,gsm-49,osmo-bsc-594654bd47-q6v5d,1,5
1782471235,gsm-49,osmo-bts-virtual-5f8b9b86fc-85tm2,23,5
1782471235,gsm-49,osmo-hlr-546bdb8988-cvzt6,1,2
1782471235,gsm-49,osmo-mgw-8c8fc67d6-dxwnt,1,2
1782471235,gsm-49,osmo-mobile-5f57fbcb5c-tk8kf,4,33
1782471235,gsm-49,osmo-stp-768687f494-5xxfm,1,2
1782471235,gsm-49,virtphy-66dd5984b8-g426f,7,1
1782471237,gsm-49,msc-test-stub-5b875d749d-4l6s4,1,16
1782471237,gsm-49,osmo-bsc-594654bd47-q6v5d,1,5
1782471237,gsm-49,osmo-bts-virtual-5f8b9b86fc-85tm2,23,5
1782471237,gsm-49,osmo-hlr-546bdb8988-cvzt6,1,2
1782471237,gsm-49,osmo-mgw-8c8fc67d6-dxwnt,1,2
1782471237,gsm-49,osmo-mobile-5f57fbcb5c-tk8kf,4,33
1782471237,gsm-49,osmo-stp-768687f494-5xxfm,1,2
1782471237,gsm-49,virtphy-66dd5984b8-g426f,7,1
1782471239,gsm-49,msc-test-stub-5b875d749d-4l6s4,1,16
1782471239,gsm-49,osmo-bsc-594654bd47-q6v5d,1,5
1782471239,gsm-49,osmo-bts-virtual-5f8b9b86fc-85tm2,25,5
1782471239,gsm-49,osmo-hlr-546bdb8988-cvzt6,1,2
1782471239,gsm-49,osmo-mgw-8c8fc67d6-dxwnt,1,2
1782471239,gsm-49,osmo-mobile-5f57fbcb5c-tk8kf,3,33
1782471239,gsm-49,osmo-stp-768687f494-5xxfm,1,2
1782471239,gsm-49,virtphy-66dd5984b8-g426f,6,1
1782471241,gsm-49,msc-test-stub-5b875d749d-4l6s4,1,16
1782471241,gsm-49,osmo-bsc-594654bd47-q6v5d,1,5
1782471241,gsm-49,osmo-bts-virtual-5f8b9b86fc-85tm2,25,5
1782471241,gsm-49,osmo-hlr-546bdb8988-cvzt6,1,2
1782471241,gsm-49,osmo-mgw-8c8fc67d6-dxwnt,1,2
1782471241,gsm-49,osmo-mobile-5f57fbcb5c-tk8kf,3,33
1782471241,gsm-49,osmo-stp-768687f494-5xxfm,1,2
1782471241,gsm-49,virtphy-66dd5984b8-g426f,6,1
1782471244,gsm-49,msc-test-stub-5b875d749d-4l6s4,1,16
1782471244,gsm-49,osmo-bsc-594654bd47-q6v5d,1,5
1782471244,gsm-49,osmo-bts-virtual-5f8b9b86fc-85tm2,25,5
1782471244,gsm-49,osmo-hlr-546bdb8988-cvzt6,1,2
1782471244,gsm-49,osmo-mgw-8c8fc67d6-dxwnt,1,2
1782471244,gsm-49,osmo-mobile-5f57fbcb5c-tk8kf,3,33
1782471244,gsm-49,osmo-stp-768687f494-5xxfm,1,2
1782471244,gsm-49,virtphy-66dd5984b8-g426f,6,1
1782471247,gsm-49,msc-test-stub-5b875d749d-4l6s4,1,16
1782471247,gsm-49,osmo-bsc-594654bd47-q6v5d,1,5
1782471247,gsm-49,osmo-bts-virtual-5f8b9b86fc-85tm2,25,5
1782471247,gsm-49,osmo-hlr-546bdb8988-cvzt6,1,2
1782471247,gsm-49,osmo-mgw-8c8fc67d6-dxwnt,1,2
1782471247,gsm-49,osmo-mobile-5f57fbcb5c-tk8kf,3,33
1782471247,gsm-49,osmo-stp-768687f494-5xxfm,1,2
1782471247,gsm-49,virtphy-66dd5984b8-g426f,6,1
1782471249,gsm-49,msc-test-stub-5b875d749d-4l6s4,1,16
1782471249,gsm-49,osmo-bsc-594654bd47-q6v5d,1,5
1782471249,gsm-49,osmo-bts-virtual-5f8b9b86fc-85tm2,25,5
1782471249,gsm-49,osmo-hlr-546bdb8988-cvzt6,1,2
1782471249,gsm-49,osmo-mgw-8c8fc67d6-dxwnt,1,2
1782471249,gsm-49,osmo-mobile-5f57fbcb5c-tk8kf,3,33
1782471249,gsm-49,osmo-stp-768687f494-5xxfm,1,2
1782471249,gsm-49,virtphy-66dd5984b8-g426f,6,1
1782471251,gsm-49,msc-test-stub-5b875d749d-4l6s4,1,16
1782471251,gsm-49,osmo-bsc-594654bd47-q6v5d,1,5
1782471251,gsm-49,osmo-bts-virtual-5f8b9b86fc-85tm2,25,5
1782471251,gsm-49,osmo-hlr-546bdb8988-cvzt6,1,2
1782471251,gsm-49,osmo-mgw-8c8fc67d6-dxwnt,1,2
1782471251,gsm-49,osmo-mobile-5f57fbcb5c-tk8kf,3,33
1782471251,gsm-49,osmo-stp-768687f494-5xxfm,1,2
1782471251,gsm-49,virtphy-66dd5984b8-g426f,6,1
1782471253,gsm-49,msc-test-stub-5b875d749d-4l6s4,1,16
1782471253,gsm-49,osmo-bsc-594654bd47-q6v5d,1,5
1782471253,gsm-49,osmo-bts-virtual-5f8b9b86fc-85tm2,24,5
1782471253,gsm-49,osmo-hlr-546bdb8988-cvzt6,1,2
1782471253,gsm-49,osmo-mgw-8c8fc67d6-dxwnt,1,2
1782471253,gsm-49,osmo-mobile-5f57fbcb5c-tk8kf,3,33
1782471253,gsm-49,osmo-stp-768687f494-5xxfm,1,2
1782471253,gsm-49,virtphy-66dd5984b8-g426f,6,1
1782471255,gsm-49,msc-test-stub-5b875d749d-4l6s4,1,16
1782471255,gsm-49,osmo-bsc-594654bd47-q6v5d,1,5
1782471255,gsm-49,osmo-bts-virtual-5f8b9b86fc-85tm2,24,5
1782471255,gsm-49,osmo-hlr-546bdb8988-cvzt6,1,2
1782471255,gsm-49,osmo-mgw-8c8fc67d6-dxwnt,1,2
1782471255,gsm-49,osmo-mobile-5f57fbcb5c-tk8kf,3,33
1782471255,gsm-49,osmo-stp-768687f494-5xxfm,1,2
1782471255,gsm-49,virtphy-66dd5984b8-g426f,6,1
1782471258,gsm-49,msc-test-stub-5b875d749d-4l6s4,1,16
1782471258,gsm-49,osmo-bsc-594654bd47-q6v5d,1,5
1782471258,gsm-49,osmo-bts-virtual-5f8b9b86fc-85tm2,24,5
1782471258,gsm-49,osmo-hlr-546bdb8988-cvzt6,1,2
1782471258,gsm-49,osmo-mgw-8c8fc67d6-dxwnt,1,2
1782471258,gsm-49,osmo-mobile-5f57fbcb5c-tk8kf,3,33
1782471258,gsm-49,osmo-stp-768687f494-5xxfm,1,2
1782471258,gsm-49,virtphy-66dd5984b8-g426f,6,1
1782471260,gsm-49,msc-test-stub-5b875d749d-4l6s4,1,16
1782471260,gsm-49,osmo-bsc-594654bd47-q6v5d,1,5
1782471260,gsm-49,osmo-bts-virtual-5f8b9b86fc-85tm2,24,5
1782471260,gsm-49,osmo-hlr-546bdb8988-cvzt6,1,2
1782471260,gsm-49,osmo-mgw-8c8fc67d6-dxwnt,1,2
1782471260,gsm-49,osmo-mobile-5f57fbcb5c-tk8kf,3,33
1782471260,gsm-49,osmo-stp-768687f494-5xxfm,1,2
1782471260,gsm-49,virtphy-66dd5984b8-g426f,6,1
1782471263,gsm-49,msc-test-stub-5b875d749d-4l6s4,1,16
1782471263,gsm-49,osmo-bsc-594654bd47-q6v5d,1,5
1782471263,gsm-49,osmo-bts-virtual-5f8b9b86fc-85tm2,24,5
1782471263,gsm-49,osmo-hlr-546bdb8988-cvzt6,1,2
1782471263,gsm-49,osmo-mgw-8c8fc67d6-dxwnt,1,2
1782471263,gsm-49,osmo-mobile-5f57fbcb5c-tk8kf,3,33
1782471263,gsm-49,osmo-stp-768687f494-5xxfm,1,2
1782471263,gsm-49,virtphy-66dd5984b8-g426f,6,1
1782471266,gsm-49,msc-test-stub-5b875d749d-4l6s4,1,16
1782471266,gsm-49,osmo-bsc-594654bd47-q6v5d,1,5
1782471266,gsm-49,osmo-bts-virtual-5f8b9b86fc-85tm2,24,5
1782471266,gsm-49,osmo-hlr-546bdb8988-cvzt6,1,2
1782471266,gsm-49,osmo-mgw-8c8fc67d6-dxwnt,1,2
1782471266,gsm-49,osmo-mobile-5f57fbcb5c-tk8kf,3,33
1782471266,gsm-49,osmo-stp-768687f494-5xxfm,1,2
1782471266,gsm-49,virtphy-66dd5984b8-g426f,6,1
1782471268,gsm-49,msc-test-stub-5b875d749d-4l6s4,1,16
1782471268,gsm-49,osmo-bsc-594654bd47-q6v5d,1,5
1782471268,gsm-49,osmo-bts-virtual-5f8b9b86fc-85tm2,24,5
1782471268,gsm-49,osmo-hlr-546bdb8988-cvzt6,1,2
1782471268,gsm-49,osmo-mgw-8c8fc67d6-dxwnt,1,2
1782471268,gsm-49,osmo-mobile-5f57fbcb5c-tk8kf,3,33
1782471268,gsm-49,osmo-stp-768687f494-5xxfm,1,2
1782471268,gsm-49,virtphy-66dd5984b8-g426f,7,1
1782471270,gsm-49,msc-test-stub-5b875d749d-4l6s4,1,16
1782471270,gsm-49,osmo-bsc-594654bd47-q6v5d,1,5
1782471270,gsm-49,osmo-bts-virtual-5f8b9b86fc-85tm2,24,5
1782471270,gsm-49,osmo-hlr-546bdb8988-cvzt6,1,2
1782471270,gsm-49,osmo-mgw-8c8fc67d6-dxwnt,1,2
1782471270,gsm-49,osmo-mobile-5f57fbcb5c-tk8kf,3,33
1782471270,gsm-49,osmo-stp-768687f494-5xxfm,1,2
1782471270,gsm-49,virtphy-66dd5984b8-g426f,7,1
1782471273,gsm-49,msc-test-stub-5b875d749d-4l6s4,1,16
1782471273,gsm-49,osmo-bsc-594654bd47-q6v5d,1,5
1782471273,gsm-49,osmo-bts-virtual-5f8b9b86fc-85tm2,24,5
1782471273,gsm-49,osmo-hlr-546bdb8988-cvzt6,1,2
1782471273,gsm-49,osmo-mgw-8c8fc67d6-dxwnt,1,2
1782471273,gsm-49,osmo-mobile-5f57fbcb5c-tk8kf,3,33
1782471273,gsm-49,osmo-stp-768687f494-5xxfm,1,2
1782471273,gsm-49,virtphy-66dd5984b8-g426f,7,1
1782471275,gsm-49,msc-test-stub-5b875d749d-4l6s4,1,16
1782471275,gsm-49,osmo-bsc-594654bd47-q6v5d,1,5
1782471275,gsm-49,osmo-bts-virtual-5f8b9b86fc-85tm2,24,5
1782471275,gsm-49,osmo-hlr-546bdb8988-cvzt6,1,2
1782471275,gsm-49,osmo-mgw-8c8fc67d6-dxwnt,1,2
1782471275,gsm-49,osmo-mobile-5f57fbcb5c-tk8kf,3,33
1782471275,gsm-49,osmo-stp-768687f494-5xxfm,1,2
1782471275,gsm-49,virtphy-66dd5984b8-g426f,7,1
1782471278,gsm-49,msc-test-stub-5b875d749d-4l6s4,1,16
1782471278,gsm-49,osmo-bsc-594654bd47-q6v5d,1,5
1782471278,gsm-49,osmo-bts-virtual-5f8b9b86fc-85tm2,24,5
1782471278,gsm-49,osmo-hlr-546bdb8988-cvzt6,1,2
1782471278,gsm-49,osmo-mgw-8c8fc67d6-dxwnt,1,2
1782471278,gsm-49,osmo-mobile-5f57fbcb5c-tk8kf,3,33
1782471278,gsm-49,osmo-stp-768687f494-5xxfm,1,2
1782471278,gsm-49,virtphy-66dd5984b8-g426f,7,1
1782471280,gsm-49,msc-test-stub-5b875d749d-4l6s4,1,16
1782471280,gsm-49,osmo-bsc-594654bd47-q6v5d,1,5
1782471280,gsm-49,osmo-bts-virtual-5f8b9b86fc-85tm2,24,5
1782471280,gsm-49,osmo-hlr-546bdb8988-cvzt6,1,2
1782471280,gsm-49,osmo-mgw-8c8fc67d6-dxwnt,1,2
1782471280,gsm-49,osmo-mobile-5f57fbcb5c-tk8kf,3,33
1782471280,gsm-49,osmo-stp-768687f494-5xxfm,1,2
1782471280,gsm-49,virtphy-66dd5984b8-g426f,7,1
1782471283,gsm-49,msc-test-stub-5b875d749d-4l6s4,1,16
1782471283,gsm-49,osmo-bsc-594654bd47-q6v5d,1,5
1782471283,gsm-49,osmo-bts-virtual-5f8b9b86fc-85tm2,28,5
1782471283,gsm-49,osmo-hlr-546bdb8988-cvzt6,1,2
1782471283,gsm-49,osmo-mgw-8c8fc67d6-dxwnt,1,2
1782471283,gsm-49,osmo-mobile-5f57fbcb5c-tk8kf,3,33
1782471283,gsm-49,osmo-stp-768687f494-5xxfm,1,2
1782471283,gsm-49,virtphy-66dd5984b8-g426f,8,1
1782471285,gsm-49,msc-test-stub-5b875d749d-4l6s4,1,16
1782471285,gsm-49,osmo-bsc-594654bd47-q6v5d,1,5
1782471285,gsm-49,osmo-bts-virtual-5f8b9b86fc-85tm2,28,5
1782471285,gsm-49,osmo-hlr-546bdb8988-cvzt6,1,2
1782471285,gsm-49,osmo-mgw-8c8fc67d6-dxwnt,1,2
1782471285,gsm-49,osmo-mobile-5f57fbcb5c-tk8kf,3,33
1782471285,gsm-49,osmo-stp-768687f494-5xxfm,1,2
1782471285,gsm-49,virtphy-66dd5984b8-g426f,8,1
1782471288,gsm-49,msc-test-stub-5b875d749d-4l6s4,1,16
1782471288,gsm-49,osmo-bsc-594654bd47-q6v5d,1,5
1782471288,gsm-49,osmo-bts-virtual-5f8b9b86fc-85tm2,28,5
1782471288,gsm-49,osmo-hlr-546bdb8988-cvzt6,1,2
1782471288,gsm-49,osmo-mgw-8c8fc67d6-dxwnt,1,2
1782471288,gsm-49,osmo-mobile-5f57fbcb5c-tk8kf,3,33
1782471288,gsm-49,osmo-stp-768687f494-5xxfm,1,2
1782471288,gsm-49,virtphy-66dd5984b8-g426f,8,1
1782471291,gsm-49,msc-test-stub-5b875d749d-4l6s4,1,16
1782471291,gsm-49,osmo-bsc-594654bd47-q6v5d,1,5
1782471291,gsm-49,osmo-bts-virtual-5f8b9b86fc-85tm2,28,5
1782471291,gsm-49,osmo-hlr-546bdb8988-cvzt6,1,2
1782471291,gsm-49,osmo-mgw-8c8fc67d6-dxwnt,1,2
1782471291,gsm-49,osmo-mobile-5f57fbcb5c-tk8kf,3,33
1782471291,gsm-49,osmo-stp-768687f494-5xxfm,1,2
1782471291,gsm-49,virtphy-66dd5984b8-g426f,8,1
1782471293,gsm-49,msc-test-stub-5b875d749d-4l6s4,1,16
1782471293,gsm-49,osmo-bsc-594654bd47-q6v5d,1,5
1782471293,gsm-49,osmo-bts-virtual-5f8b9b86fc-85tm2,28,5
1782471293,gsm-49,osmo-hlr-546bdb8988-cvzt6,1,2
1782471293,gsm-49,osmo-mgw-8c8fc67d6-dxwnt,1,2
1782471293,gsm-49,osmo-mobile-5f57fbcb5c-tk8kf,3,33
1782471293,gsm-49,osmo-stp-768687f494-5xxfm,1,2
1782471293,gsm-49,virtphy-66dd5984b8-g426f,8,1
1782471295,gsm-49,msc-test-stub-5b875d749d-4l6s4,1,16
1782471295,gsm-49,osmo-bsc-594654bd47-q6v5d,1,5
1782471295,gsm-49,osmo-bts-virtual-5f8b9b86fc-85tm2,28,5
1782471295,gsm-49,osmo-hlr-546bdb8988-cvzt6,1,2
1782471295,gsm-49,osmo-mgw-8c8fc67d6-dxwnt,1,2
1782471295,gsm-49,osmo-mobile-5f57fbcb5c-tk8kf,3,33
1782471295,gsm-49,osmo-stp-768687f494-5xxfm,1,2
1782471295,gsm-49,virtphy-66dd5984b8-g426f,8,1
1782471297,gsm-49,msc-test-stub-5b875d749d-4l6s4,1,16
1782471297,gsm-49,osmo-bsc-594654bd47-q6v5d,1,5
1782471297,gsm-49,osmo-bts-virtual-5f8b9b86fc-85tm2,24,5
1782471297,gsm-49,osmo-hlr-546bdb8988-cvzt6,1,2
1782471297,gsm-49,osmo-mgw-8c8fc67d6-dxwnt,1,2
1782471297,gsm-49,osmo-mobile-5f57fbcb5c-tk8kf,3,33
1782471297,gsm-49,osmo-stp-768687f494-5xxfm,1,2
1782471297,gsm-49,virtphy-66dd5984b8-g426f,6,1
1782471301,gsm-49,msc-test-stub-5b875d749d-4l6s4,1,16
1782471301,gsm-49,osmo-bsc-594654bd47-q6v5d,1,5
1782471301,gsm-49,osmo-bts-virtual-5f8b9b86fc-85tm2,24,5
1782471301,gsm-49,osmo-hlr-546bdb8988-cvzt6,1,2
1782471301,gsm-49,osmo-mgw-8c8fc67d6-dxwnt,1,2
1782471301,gsm-49,osmo-mobile-5f57fbcb5c-tk8kf,3,33
1782471301,gsm-49,osmo-stp-768687f494-5xxfm,1,2
1782471301,gsm-49,virtphy-66dd5984b8-g426f,6,1
1782471304,gsm-49,msc-test-stub-5b875d749d-4l6s4,1,16
1782471304,gsm-49,osmo-bsc-594654bd47-q6v5d,1,5
1782471304,gsm-49,osmo-bts-virtual-5f8b9b86fc-85tm2,24,5
1782471304,gsm-49,osmo-hlr-546bdb8988-cvzt6,1,2
1782471304,gsm-49,osmo-mgw-8c8fc67d6-dxwnt,1,2
1782471304,gsm-49,osmo-mobile-5f57fbcb5c-tk8kf,3,33
1782471304,gsm-49,osmo-stp-768687f494-5xxfm,1,2
1782471304,gsm-49,virtphy-66dd5984b8-g426f,6,1
1782471306,gsm-49,msc-test-stub-5b875d749d-4l6s4,1,16
1782471306,gsm-49,osmo-bsc-594654bd47-q6v5d,1,5
1782471306,gsm-49,osmo-bts-virtual-5f8b9b86fc-85tm2,24,5
1782471306,gsm-49,osmo-hlr-546bdb8988-cvzt6,1,2
1782471306,gsm-49,osmo-mgw-8c8fc67d6-dxwnt,1,2
1782471306,gsm-49,osmo-mobile-5f57fbcb5c-tk8kf,3,33
1782471306,gsm-49,osmo-stp-768687f494-5xxfm,1,2
1782471306,gsm-49,virtphy-66dd5984b8-g426f,6,1
1782471308,gsm-49,msc-test-stub-5b875d749d-4l6s4,1,16
1782471308,gsm-49,osmo-bsc-594654bd47-q6v5d,1,5
1782471308,gsm-49,osmo-bts-virtual-5f8b9b86fc-85tm2,24,5
1782471308,gsm-49,osmo-hlr-546bdb8988-cvzt6,1,2
1782471308,gsm-49,osmo-mgw-8c8fc67d6-dxwnt,1,2
1782471308,gsm-49,osmo-mobile-5f57fbcb5c-tk8kf,3,33
1782471308,gsm-49,osmo-stp-768687f494-5xxfm,1,2
1782471308,gsm-49,virtphy-66dd5984b8-g426f,6,1
1782471311,gsm-49,msc-test-stub-5b875d749d-4l6s4,1,16
1782471311,gsm-49,osmo-bsc-594654bd47-q6v5d,1,5
1782471311,gsm-49,osmo-bts-virtual-5f8b9b86fc-85tm2,24,5
1782471311,gsm-49,osmo-hlr-546bdb8988-cvzt6,1,2
1782471311,gsm-49,osmo-mgw-8c8fc67d6-dxwnt,1,2
1782471311,gsm-49,osmo-mobile-5f57fbcb5c-tk8kf,3,33
1782471311,gsm-49,osmo-stp-768687f494-5xxfm,1,2
1782471311,gsm-49,virtphy-66dd5984b8-g426f,6,1
1782471313,gsm-49,msc-test-stub-5b875d749d-4l6s4,1,16
1782471313,gsm-49,osmo-bsc-594654bd47-q6v5d,1,5
1782471313,gsm-49,osmo-bts-virtual-5f8b9b86fc-85tm2,24,5
1782471313,gsm-49,osmo-hlr-546bdb8988-cvzt6,1,2
1782471313,gsm-49,osmo-mgw-8c8fc67d6-dxwnt,1,2
1782471313,gsm-49,osmo-mobile-5f57fbcb5c-tk8kf,3,33
1782471313,gsm-49,osmo-stp-768687f494-5xxfm,1,2
1782471313,gsm-49,virtphy-66dd5984b8-g426f,6,1
1782471315,gsm-49,msc-test-stub-5b875d749d-4l6s4,1,16
1782471315,gsm-49,osmo-bsc-594654bd47-q6v5d,1,5
1782471315,gsm-49,osmo-bts-virtual-5f8b9b86fc-85tm2,24,5
1782471315,gsm-49,osmo-hlr-546bdb8988-cvzt6,1,2
1782471315,gsm-49,osmo-mgw-8c8fc67d6-dxwnt,1,2
1782471315,gsm-49,osmo-mobile-5f57fbcb5c-tk8kf,3,33
1782471315,gsm-49,osmo-stp-768687f494-5xxfm,1,2
1782471315,gsm-49,virtphy-66dd5984b8-g426f,6,1
1782471318,gsm-49,msc-test-stub-5b875d749d-4l6s4,1,16
1782471318,gsm-49,osmo-bsc-594654bd47-q6v5d,1,5
1782471318,gsm-49,osmo-bts-virtual-5f8b9b86fc-85tm2,24,5
1782471318,gsm-49,osmo-hlr-546bdb8988-cvzt6,1,2
1782471318,gsm-49,osmo-mgw-8c8fc67d6-dxwnt,1,2
1782471318,gsm-49,osmo-mobile-5f57fbcb5c-tk8kf,3,33
1782471318,gsm-49,osmo-stp-768687f494-5xxfm,1,2
1782471318,gsm-49,virtphy-66dd5984b8-g426f,6,1
1782471320,gsm-49,msc-test-stub-5b875d749d-4l6s4,1,16
1782471320,gsm-49,osmo-bsc-594654bd47-q6v5d,1,5
1782471320,gsm-49,osmo-bts-virtual-5f8b9b86fc-85tm2,24,5
1782471320,gsm-49,osmo-hlr-546bdb8988-cvzt6,1,2
1782471320,gsm-49,osmo-mgw-8c8fc67d6-dxwnt,1,2
1782471320,gsm-49,osmo-mobile-5f57fbcb5c-tk8kf,3,33
1782471320,gsm-49,osmo-stp-768687f494-5xxfm,1,2
1782471320,gsm-49,virtphy-66dd5984b8-g426f,6,1
1782471323,gsm-49,msc-test-stub-5b875d749d-4l6s4,1,16
1782471323,gsm-49,osmo-bsc-594654bd47-q6v5d,1,5
1782471323,gsm-49,osmo-bts-virtual-5f8b9b86fc-85tm2,24,5
1782471323,gsm-49,osmo-hlr-546bdb8988-cvzt6,1,2
1782471323,gsm-49,osmo-mgw-8c8fc67d6-dxwnt,1,2
1782471323,gsm-49,osmo-mobile-5f57fbcb5c-tk8kf,3,33
1782471323,gsm-49,osmo-stp-768687f494-5xxfm,1,2
1782471323,gsm-49,virtphy-66dd5984b8-g426f,6,1
1782471325,gsm-49,msc-test-stub-5b875d749d-4l6s4,1,16
1782471325,gsm-49,osmo-bsc-594654bd47-q6v5d,1,5
1782471325,gsm-49,osmo-bts-virtual-5f8b9b86fc-85tm2,24,5
1782471325,gsm-49,osmo-hlr-546bdb8988-cvzt6,1,2
1782471325,gsm-49,osmo-mgw-8c8fc67d6-dxwnt,1,2
1782471325,gsm-49,osmo-mobile-5f57fbcb5c-tk8kf,3,33
1782471325,gsm-49,osmo-stp-768687f494-5xxfm,1,2
1782471325,gsm-49,virtphy-66dd5984b8-g426f,6,1
1782471327,gsm-49,msc-test-stub-5b875d749d-4l6s4,1,16
1782471327,gsm-49,osmo-bsc-594654bd47-q6v5d,1,5
1782471327,gsm-49,osmo-bts-virtual-5f8b9b86fc-85tm2,24,5
1782471327,gsm-49,osmo-hlr-546bdb8988-cvzt6,1,2
1782471327,gsm-49,osmo-mgw-8c8fc67d6-dxwnt,1,2
1782471327,gsm-49,osmo-mobile-5f57fbcb5c-tk8kf,3,33
1782471327,gsm-49,osmo-stp-768687f494-5xxfm,1,2
1782471327,gsm-49,ttcn3-tc-26-7-4-5-4-2-1-f7jj5,16,6
1782471327,gsm-49,virtphy-66dd5984b8-g426f,7,1
1782471330,gsm-49,msc-test-stub-5b875d749d-4l6s4,1,16
1782471330,gsm-49,osmo-bsc-594654bd47-q6v5d,1,5
1782471330,gsm-49,osmo-bts-virtual-5f8b9b86fc-85tm2,24,5
1782471330,gsm-49,osmo-hlr-546bdb8988-cvzt6,1,2
1782471330,gsm-49,osmo-mgw-8c8fc67d6-dxwnt,1,2
1782471330,gsm-49,osmo-mobile-5f57fbcb5c-tk8kf,3,33
1782471330,gsm-49,osmo-stp-768687f494-5xxfm,1,2
1782471330,gsm-49,ttcn3-tc-26-7-4-5-4-2-1-f7jj5,16,6
1782471330,gsm-49,virtphy-66dd5984b8-g426f,7,1
1782471333,gsm-49,msc-test-stub-5b875d749d-4l6s4,1,16
1782471333,gsm-49,osmo-bsc-594654bd47-q6v5d,1,5
1782471333,gsm-49,osmo-bts-virtual-5f8b9b86fc-85tm2,24,5
1782471333,gsm-49,osmo-hlr-546bdb8988-cvzt6,1,2
1782471333,gsm-49,osmo-mgw-8c8fc67d6-dxwnt,1,2
1782471333,gsm-49,osmo-mobile-5f57fbcb5c-tk8kf,3,33
1782471333,gsm-49,osmo-stp-768687f494-5xxfm,1,2
1782471333,gsm-49,ttcn3-tc-26-7-4-5-4-2-1-f7jj5,16,6
1782471333,gsm-49,virtphy-66dd5984b8-g426f,7,1
1782471335,gsm-49,msc-test-stub-5b875d749d-4l6s4,1,16
1782471335,gsm-49,osmo-bsc-594654bd47-q6v5d,1,5
1782471335,gsm-49,osmo-bts-virtual-5f8b9b86fc-85tm2,24,5
1782471335,gsm-49,osmo-hlr-546bdb8988-cvzt6,1,2
1782471335,gsm-49,osmo-mgw-8c8fc67d6-dxwnt,1,2
1782471335,gsm-49,osmo-mobile-5f57fbcb5c-tk8kf,3,33
1782471335,gsm-49,osmo-stp-768687f494-5xxfm,1,2
1782471335,gsm-49,ttcn3-tc-26-7-4-5-4-2-1-f7jj5,16,6
1782471335,gsm-49,virtphy-66dd5984b8-g426f,7,1
1782471337,gsm-49,msc-test-stub-5b875d749d-4l6s4,1,16
1782471337,gsm-49,osmo-bsc-594654bd47-q6v5d,1,5
1782471337,gsm-49,osmo-bts-virtual-5f8b9b86fc-85tm2,24,5
1782471337,gsm-49,osmo-hlr-546bdb8988-cvzt6,1,2
1782471337,gsm-49,osmo-mgw-8c8fc67d6-dxwnt,1,2
1782471337,gsm-49,osmo-mobile-5f57fbcb5c-tk8kf,3,33
1782471337,gsm-49,osmo-stp-768687f494-5xxfm,1,2
1782471337,gsm-49,ttcn3-tc-26-7-4-5-4-2-1-f7jj5,16,6
1782471337,gsm-49,virtphy-66dd5984b8-g426f,7,1
1782471339,gsm-49,msc-test-stub-5b875d749d-4l6s4,1,16
1782471339,gsm-49,osmo-bsc-594654bd47-q6v5d,1,5
1782471339,gsm-49,osmo-bts-virtual-5f8b9b86fc-85tm2,24,5
1782471339,gsm-49,osmo-hlr-546bdb8988-cvzt6,1,2
1782471339,gsm-49,osmo-mgw-8c8fc67d6-dxwnt,1,2
1782471339,gsm-49,osmo-mobile-5f57fbcb5c-tk8kf,3,33
1782471339,gsm-49,osmo-stp-768687f494-5xxfm,1,2
1782471339,gsm-49,ttcn3-tc-26-7-4-5-4-2-1-f7jj5,16,6
1782471339,gsm-49,virtphy-66dd5984b8-g426f,7,1
1782471342,gsm-49,msc-test-stub-5b875d749d-4l6s4,1,16
1782471342,gsm-49,osmo-bsc-594654bd47-q6v5d,1,5
1782471342,gsm-49,osmo-bts-virtual-5f8b9b86fc-85tm2,24,5
1782471342,gsm-49,osmo-hlr-546bdb8988-cvzt6,1,2
1782471342,gsm-49,osmo-mgw-8c8fc67d6-dxwnt,1,2
1782471342,gsm-49,osmo-mobile-5f57fbcb5c-tk8kf,3,33
1782471342,gsm-49,osmo-stp-768687f494-5xxfm,1,2
1782471342,gsm-49,ttcn3-tc-26-7-4-5-4-2-1-f7jj5,16,6
1782471342,gsm-49,virtphy-66dd5984b8-g426f,7,1
1782471344,gsm-49,msc-test-stub-5b875d749d-4l6s4,1,16
1782471344,gsm-49,osmo-bsc-594654bd47-q6v5d,1,5
1782471344,gsm-49,osmo-bts-virtual-5f8b9b86fc-85tm2,24,5
1782471344,gsm-49,osmo-hlr-546bdb8988-cvzt6,1,2
1782471344,gsm-49,osmo-mgw-8c8fc67d6-dxwnt,1,2
1782471344,gsm-49,osmo-mobile-5f57fbcb5c-tk8kf,3,33
1782471344,gsm-49,osmo-stp-768687f494-5xxfm,1,2
1782471344,gsm-49,ttcn3-tc-26-7-4-5-4-2-1-f7jj5,1,6
1782471344,gsm-49,virtphy-66dd5984b8-g426f,7,1
1782471346,gsm-49,msc-test-stub-5b875d749d-4l6s4,1,16
1782471346,gsm-49,osmo-bsc-594654bd47-q6v5d,1,5
1782471346,gsm-49,osmo-bts-virtual-5f8b9b86fc-85tm2,24,5
1782471346,gsm-49,osmo-hlr-546bdb8988-cvzt6,1,2
1782471346,gsm-49,osmo-mgw-8c8fc67d6-dxwnt,1,2
1782471346,gsm-49,osmo-mobile-5f57fbcb5c-tk8kf,3,33
1782471346,gsm-49,osmo-stp-768687f494-5xxfm,1,2
1782471346,gsm-49,ttcn3-tc-26-7-4-5-4-2-1-f7jj5,1,6
1782471346,gsm-49,virtphy-66dd5984b8-g426f,7,1
1782471349,gsm-49,msc-test-stub-5b875d749d-4l6s4,1,16
1782471349,gsm-49,osmo-bsc-594654bd47-q6v5d,1,5
1782471349,gsm-49,osmo-bts-virtual-5f8b9b86fc-85tm2,24,5
1782471349,gsm-49,osmo-hlr-546bdb8988-cvzt6,1,2
1782471349,gsm-49,osmo-mgw-8c8fc67d6-dxwnt,1,2
1782471349,gsm-49,osmo-mobile-5f57fbcb5c-tk8kf,3,33
1782471349,gsm-49,osmo-stp-768687f494-5xxfm,1,2
1782471349,gsm-49,ttcn3-tc-26-7-4-5-4-2-1-f7jj5,1,6
1782471349,gsm-49,virtphy-66dd5984b8-g426f,7,1
1782471351,gsm-49,msc-test-stub-5b875d749d-4l6s4,1,16
1782471351,gsm-49,osmo-bsc-594654bd47-q6v5d,1,5
1782471351,gsm-49,osmo-bts-virtual-5f8b9b86fc-85tm2,24,5
1782471351,gsm-49,osmo-hlr-546bdb8988-cvzt6,1,2
1782471351,gsm-49,osmo-mgw-8c8fc67d6-dxwnt,1,2
1782471351,gsm-49,osmo-mobile-5f57fbcb5c-tk8kf,3,33
1782471351,gsm-49,osmo-stp-768687f494-5xxfm,1,2
1782471351,gsm-49,ttcn3-tc-26-7-4-5-4-2-1-f7jj5,1,6
1782471351,gsm-49,virtphy-66dd5984b8-g426f,7,1
1782471354,gsm-49,msc-test-stub-5b875d749d-4l6s4,1,16
1782471354,gsm-49,osmo-bsc-594654bd47-q6v5d,1,5
1782471354,gsm-49,osmo-bts-virtual-5f8b9b86fc-85tm2,24,5
1782471354,gsm-49,osmo-hlr-546bdb8988-cvzt6,1,2
1782471354,gsm-49,osmo-mgw-8c8fc67d6-dxwnt,1,2
1782471354,gsm-49,osmo-mobile-5f57fbcb5c-tk8kf,3,33
1782471354,gsm-49,osmo-stp-768687f494-5xxfm,1,2
1782471354,gsm-49,ttcn3-tc-26-7-4-5-4-2-1-f7jj5,1,6
1782471354,gsm-49,virtphy-66dd5984b8-g426f,7,1
1782471356,gsm-49,msc-test-stub-5b875d749d-4l6s4,1,16
1782471356,gsm-49,osmo-bsc-594654bd47-q6v5d,1,5
1782471356,gsm-49,osmo-bts-virtual-5f8b9b86fc-85tm2,24,5
1782471356,gsm-49,osmo-hlr-546bdb8988-cvzt6,1,2
1782471356,gsm-49,osmo-mgw-8c8fc67d6-dxwnt,1,2
1782471356,gsm-49,osmo-mobile-5f57fbcb5c-tk8kf,3,33
1782471356,gsm-49,osmo-stp-768687f494-5xxfm,1,2
1782471356,gsm-49,ttcn3-tc-26-7-4-5-4-2-1-f7jj5,1,6
1782471356,gsm-49,virtphy-66dd5984b8-g426f,7,1
1782471358,gsm-49,msc-test-stub-5b875d749d-4l6s4,1,16
1782471358,gsm-49,osmo-bsc-594654bd47-q6v5d,1,5
1782471358,gsm-49,osmo-bts-virtual-5f8b9b86fc-85tm2,25,5
1782471358,gsm-49,osmo-hlr-546bdb8988-cvzt6,1,2
1782471358,gsm-49,osmo-mgw-8c8fc67d6-dxwnt,1,2
1782471358,gsm-49,osmo-mobile-5f57fbcb5c-tk8kf,3,33
1782471358,gsm-49,osmo-stp-768687f494-5xxfm,1,2
1782471358,gsm-49,ttcn3-tc-26-7-4-5-4-2-1-f7jj5,1,6
1782471358,gsm-49,virtphy-66dd5984b8-g426f,6,1
1782471361,gsm-49,msc-test-stub-5b875d749d-4l6s4,1,16
1782471361,gsm-49,osmo-bsc-594654bd47-q6v5d,1,5
1782471361,gsm-49,osmo-bts-virtual-5f8b9b86fc-85tm2,25,5
1782471361,gsm-49,osmo-hlr-546bdb8988-cvzt6,1,2
1782471361,gsm-49,osmo-mgw-8c8fc67d6-dxwnt,1,2
1782471361,gsm-49,osmo-mobile-5f57fbcb5c-tk8kf,3,33
1782471361,gsm-49,osmo-stp-768687f494-5xxfm,1,2
1782471361,gsm-49,ttcn3-tc-26-7-4-5-4-2-1-f7jj5,1,6
1782471361,gsm-49,virtphy-66dd5984b8-g426f,6,1
1782471363,gsm-49,msc-test-stub-5b875d749d-4l6s4,1,16
1782471363,gsm-49,osmo-bsc-594654bd47-q6v5d,1,5
1782471363,gsm-49,osmo-bts-virtual-5f8b9b86fc-85tm2,25,5
1782471363,gsm-49,osmo-hlr-546bdb8988-cvzt6,1,2
1782471363,gsm-49,osmo-mgw-8c8fc67d6-dxwnt,1,2
1782471363,gsm-49,osmo-mobile-5f57fbcb5c-tk8kf,3,33
1782471363,gsm-49,osmo-stp-768687f494-5xxfm,1,2
1782471363,gsm-49,ttcn3-tc-26-7-4-5-4-2-1-f7jj5,1,6
1782471363,gsm-49,virtphy-66dd5984b8-g426f,6,1
1782471366,gsm-49,msc-test-stub-5b875d749d-4l6s4,1,16
1782471366,gsm-49,osmo-bsc-594654bd47-q6v5d,1,5
1782471366,gsm-49,osmo-bts-virtual-5f8b9b86fc-85tm2,25,5
1782471366,gsm-49,osmo-hlr-546bdb8988-cvzt6,1,2
1782471366,gsm-49,osmo-mgw-8c8fc67d6-dxwnt,1,2
1782471366,gsm-49,osmo-mobile-5f57fbcb5c-tk8kf,3,33
1782471366,gsm-49,osmo-stp-768687f494-5xxfm,1,2
1782471366,gsm-49,ttcn3-tc-26-7-4-5-4-2-1-f7jj5,1,6
1782471366,gsm-49,virtphy-66dd5984b8-g426f,6,1
1782471368,gsm-49,msc-test-stub-5b875d749d-4l6s4,1,16
1782471368,gsm-49,osmo-bsc-594654bd47-q6v5d,1,5
1782471368,gsm-49,osmo-bts-virtual-5f8b9b86fc-85tm2,25,5
1782471368,gsm-49,osmo-hlr-546bdb8988-cvzt6,1,2
1782471368,gsm-49,osmo-mgw-8c8fc67d6-dxwnt,1,2
1782471368,gsm-49,osmo-mobile-5f57fbcb5c-tk8kf,3,33
1782471368,gsm-49,osmo-stp-768687f494-5xxfm,1,2
1782471368,gsm-49,ttcn3-tc-26-7-4-5-4-2-1-f7jj5,1,6
1782471368,gsm-49,virtphy-66dd5984b8-g426f,6,1
1782471371,gsm-49,msc-test-stub-5b875d749d-4l6s4,1,16
1782471371,gsm-49,osmo-bsc-594654bd47-q6v5d,1,5
1782471371,gsm-49,osmo-bts-virtual-5f8b9b86fc-85tm2,25,5
1782471371,gsm-49,osmo-hlr-546bdb8988-cvzt6,1,2
1782471371,gsm-49,osmo-mgw-8c8fc67d6-dxwnt,1,2
1782471371,gsm-49,osmo-mobile-5f57fbcb5c-tk8kf,3,33
1782471371,gsm-49,osmo-stp-768687f494-5xxfm,1,2
1782471371,gsm-49,ttcn3-tc-26-7-4-5-4-2-1-f7jj5,1,6
1782471371,gsm-49,virtphy-66dd5984b8-g426f,6,1
1782471373,gsm-49,msc-test-stub-5b875d749d-4l6s4,1,16
1782471373,gsm-49,osmo-bsc-594654bd47-q6v5d,1,5
1782471373,gsm-49,osmo-bts-virtual-5f8b9b86fc-85tm2,23,5
1782471373,gsm-49,osmo-hlr-546bdb8988-cvzt6,1,2
1782471373,gsm-49,osmo-mgw-8c8fc67d6-dxwnt,1,2
1782471373,gsm-49,osmo-mobile-5f57fbcb5c-tk8kf,3,33
1782471373,gsm-49,osmo-stp-768687f494-5xxfm,1,2
1782471373,gsm-49,ttcn3-tc-26-7-4-5-4-2-1-f7jj5,1,6
1782471373,gsm-49,virtphy-66dd5984b8-g426f,6,1
1782471376,gsm-49,msc-test-stub-5b875d749d-4l6s4,1,16
1782471376,gsm-49,osmo-bsc-594654bd47-q6v5d,1,5
1782471376,gsm-49,osmo-bts-virtual-5f8b9b86fc-85tm2,23,5
1782471376,gsm-49,osmo-hlr-546bdb8988-cvzt6,1,2
1782471376,gsm-49,osmo-mgw-8c8fc67d6-dxwnt,1,2
1782471376,gsm-49,osmo-mobile-5f57fbcb5c-tk8kf,3,33
1782471376,gsm-49,osmo-stp-768687f494-5xxfm,1,2
1782471376,gsm-49,ttcn3-tc-26-7-4-5-4-2-1-f7jj5,1,6
1782471376,gsm-49,virtphy-66dd5984b8-g426f,6,1
1782471378,gsm-49,msc-test-stub-5b875d749d-4l6s4,1,16
1782471378,gsm-49,osmo-bsc-594654bd47-q6v5d,1,5
1782471378,gsm-49,osmo-bts-virtual-5f8b9b86fc-85tm2,23,5
1782471378,gsm-49,osmo-hlr-546bdb8988-cvzt6,1,2
1782471378,gsm-49,osmo-mgw-8c8fc67d6-dxwnt,1,2
1782471378,gsm-49,osmo-mobile-5f57fbcb5c-tk8kf,3,33
1782471378,gsm-49,osmo-stp-768687f494-5xxfm,1,2
1782471378,gsm-49,ttcn3-tc-26-7-4-5-4-2-1-f7jj5,1,6
1782471378,gsm-49,virtphy-66dd5984b8-g426f,6,1
1782471381,gsm-49,msc-test-stub-5b875d749d-4l6s4,1,16
1782471381,gsm-49,osmo-bsc-594654bd47-q6v5d,1,5
1782471381,gsm-49,osmo-bts-virtual-5f8b9b86fc-85tm2,23,5
1782471381,gsm-49,osmo-hlr-546bdb8988-cvzt6,1,2
1782471381,gsm-49,osmo-mgw-8c8fc67d6-dxwnt,1,2
1782471381,gsm-49,osmo-mobile-5f57fbcb5c-tk8kf,3,33
1782471381,gsm-49,osmo-stp-768687f494-5xxfm,1,2
1782471381,gsm-49,ttcn3-tc-26-7-4-5-4-2-1-f7jj5,1,6
1782471381,gsm-49,virtphy-66dd5984b8-g426f,6,1
1782471383,gsm-49,msc-test-stub-5b875d749d-4l6s4,1,16
1782471383,gsm-49,osmo-bsc-594654bd47-q6v5d,1,5
1782471383,gsm-49,osmo-bts-virtual-5f8b9b86fc-85tm2,23,5
1782471383,gsm-49,osmo-hlr-546bdb8988-cvzt6,1,2
1782471383,gsm-49,osmo-mgw-8c8fc67d6-dxwnt,1,2
1782471383,gsm-49,osmo-mobile-5f57fbcb5c-tk8kf,3,33
1782471383,gsm-49,osmo-stp-768687f494-5xxfm,1,2
1782471383,gsm-49,ttcn3-tc-26-7-4-5-4-2-1-f7jj5,1,6
1782471383,gsm-49,virtphy-66dd5984b8-g426f,6,1
1782471386,gsm-49,msc-test-stub-5b875d749d-4l6s4,1,16
1782471386,gsm-49,osmo-bsc-594654bd47-q6v5d,1,5
1782471386,gsm-49,osmo-bts-virtual-5f8b9b86fc-85tm2,23,5
1782471386,gsm-49,osmo-hlr-546bdb8988-cvzt6,1,2
1782471386,gsm-49,osmo-mgw-8c8fc67d6-dxwnt,1,2
1782471386,gsm-49,osmo-mobile-5f57fbcb5c-tk8kf,3,33
1782471386,gsm-49,osmo-stp-768687f494-5xxfm,1,2
1782471386,gsm-49,ttcn3-tc-26-7-4-5-4-2-1-f7jj5,1,6
1782471386,gsm-49,virtphy-66dd5984b8-g426f,6,1
1782471388,gsm-49,msc-test-stub-5b875d749d-4l6s4,1,16
1782471388,gsm-49,osmo-bsc-594654bd47-q6v5d,1,5
1782471388,gsm-49,osmo-bts-virtual-5f8b9b86fc-85tm2,23,5
1782471388,gsm-49,osmo-hlr-546bdb8988-cvzt6,1,2
1782471388,gsm-49,osmo-mgw-8c8fc67d6-dxwnt,1,2
1782471388,gsm-49,osmo-mobile-5f57fbcb5c-tk8kf,3,33
1782471388,gsm-49,osmo-stp-768687f494-5xxfm,1,2
1782471388,gsm-49,ttcn3-tc-26-7-4-5-4-2-1-f7jj5,1,6
1782471388,gsm-49,virtphy-66dd5984b8-g426f,7,1
1782471390,gsm-49,msc-test-stub-5b875d749d-4l6s4,1,16
1782471390,gsm-49,osmo-bsc-594654bd47-q6v5d,1,5
1782471390,gsm-49,osmo-bts-virtual-5f8b9b86fc-85tm2,23,5
1782471390,gsm-49,osmo-hlr-546bdb8988-cvzt6,1,2
1782471390,gsm-49,osmo-mgw-8c8fc67d6-dxwnt,1,2
1782471390,gsm-49,osmo-mobile-5f57fbcb5c-tk8kf,3,33
1782471390,gsm-49,osmo-stp-768687f494-5xxfm,1,2
1782471390,gsm-49,ttcn3-tc-26-7-4-5-4-2-1-f7jj5,1,6
1782471390,gsm-49,virtphy-66dd5984b8-g426f,7,1
1782471393,gsm-49,msc-test-stub-5b875d749d-4l6s4,1,16
1782471393,gsm-49,osmo-bsc-594654bd47-q6v5d,1,5
1782471393,gsm-49,osmo-bts-virtual-5f8b9b86fc-85tm2,23,5
1782471393,gsm-49,osmo-hlr-546bdb8988-cvzt6,1,2
1782471393,gsm-49,osmo-mgw-8c8fc67d6-dxwnt,1,2
1782471393,gsm-49,osmo-mobile-5f57fbcb5c-tk8kf,3,33
1782471393,gsm-49,osmo-stp-768687f494-5xxfm,1,2
1782471393,gsm-49,ttcn3-tc-26-7-4-5-4-2-1-f7jj5,1,6
1782471393,gsm-49,virtphy-66dd5984b8-g426f,7,1
1782471395,gsm-49,msc-test-stub-5b875d749d-4l6s4,1,16
1782471395,gsm-49,osmo-bsc-594654bd47-q6v5d,1,5
1782471395,gsm-49,osmo-bts-virtual-5f8b9b86fc-85tm2,23,5
1782471395,gsm-49,osmo-hlr-546bdb8988-cvzt6,1,2
1782471395,gsm-49,osmo-mgw-8c8fc67d6-dxwnt,1,2
1782471395,gsm-49,osmo-mobile-5f57fbcb5c-tk8kf,3,33
1782471395,gsm-49,osmo-stp-768687f494-5xxfm,1,2
1782471395,gsm-49,ttcn3-tc-26-7-4-5-4-2-1-f7jj5,1,6
1782471395,gsm-49,virtphy-66dd5984b8-g426f,7,1
1782471397,gsm-49,msc-test-stub-5b875d749d-4l6s4,1,16
1782471397,gsm-49,osmo-bsc-594654bd47-q6v5d,1,5
1782471397,gsm-49,osmo-bts-virtual-5f8b9b86fc-85tm2,23,5
1782471397,gsm-49,osmo-hlr-546bdb8988-cvzt6,1,2
1782471397,gsm-49,osmo-mgw-8c8fc67d6-dxwnt,1,2
1782471397,gsm-49,osmo-mobile-5f57fbcb5c-tk8kf,3,33
1782471397,gsm-49,osmo-stp-768687f494-5xxfm,1,2
1782471397,gsm-49,ttcn3-tc-26-7-4-5-4-2-1-f7jj5,1,6
1782471397,gsm-49,virtphy-66dd5984b8-g426f,7,1
1782471400,gsm-49,msc-test-stub-5b875d749d-4l6s4,1,16
1782471400,gsm-49,osmo-bsc-594654bd47-q6v5d,1,5
1782471400,gsm-49,osmo-bts-virtual-5f8b9b86fc-85tm2,23,5
1782471400,gsm-49,osmo-hlr-546bdb8988-cvzt6,1,2
1782471400,gsm-49,osmo-mgw-8c8fc67d6-dxwnt,1,2
1782471400,gsm-49,osmo-mobile-5f57fbcb5c-tk8kf,3,33
1782471400,gsm-49,osmo-stp-768687f494-5xxfm,1,2
1782471400,gsm-49,ttcn3-tc-26-7-4-5-4-2-1-f7jj5,1,6
1782471400,gsm-49,virtphy-66dd5984b8-g426f,7,1
1782471402,gsm-49,msc-test-stub-5b875d749d-4l6s4,1,16
1782471402,gsm-49,osmo-bsc-594654bd47-q6v5d,1,5
1782471402,gsm-49,osmo-bts-virtual-5f8b9b86fc-85tm2,24,5
1782471402,gsm-49,osmo-hlr-546bdb8988-cvzt6,1,2
1782471402,gsm-49,osmo-mgw-8c8fc67d6-dxwnt,1,2
1782471402,gsm-49,osmo-mobile-5f57fbcb5c-tk8kf,3,33
1782471402,gsm-49,osmo-stp-768687f494-5xxfm,1,2
1782471402,gsm-49,ttcn3-tc-26-7-4-5-4-2-1-f7jj5,1,6
1782471402,gsm-49,virtphy-66dd5984b8-g426f,5,1
1782471405,gsm-49,msc-test-stub-5b875d749d-4l6s4,1,16
1782471405,gsm-49,osmo-bsc-594654bd47-q6v5d,1,5
1782471405,gsm-49,osmo-bts-virtual-5f8b9b86fc-85tm2,24,5
1782471405,gsm-49,osmo-hlr-546bdb8988-cvzt6,1,2
1782471405,gsm-49,osmo-mgw-8c8fc67d6-dxwnt,1,2
1782471405,gsm-49,osmo-mobile-5f57fbcb5c-tk8kf,3,33
1782471405,gsm-49,osmo-stp-768687f494-5xxfm,1,2
1782471405,gsm-49,ttcn3-tc-26-7-4-5-4-2-1-f7jj5,1,6
1782471405,gsm-49,virtphy-66dd5984b8-g426f,5,1
1782471407,gsm-49,msc-test-stub-5b875d749d-4l6s4,1,16
1782471407,gsm-49,osmo-bsc-594654bd47-q6v5d,1,5
1782471407,gsm-49,osmo-bts-virtual-5f8b9b86fc-85tm2,24,5
1782471407,gsm-49,osmo-hlr-546bdb8988-cvzt6,1,2
1782471407,gsm-49,osmo-mgw-8c8fc67d6-dxwnt,1,2
1782471407,gsm-49,osmo-mobile-5f57fbcb5c-tk8kf,3,33
1782471407,gsm-49,osmo-stp-768687f494-5xxfm,1,2
1782471407,gsm-49,ttcn3-tc-26-7-4-5-4-2-1-f7jj5,1,6
1782471407,gsm-49,virtphy-66dd5984b8-g426f,5,1
1782471410,gsm-49,msc-test-stub-5b875d749d-4l6s4,1,16
1782471410,gsm-49,osmo-bsc-594654bd47-q6v5d,1,5
1782471410,gsm-49,osmo-bts-virtual-5f8b9b86fc-85tm2,24,5
1782471410,gsm-49,osmo-hlr-546bdb8988-cvzt6,1,2
1782471410,gsm-49,osmo-mgw-8c8fc67d6-dxwnt,1,2
1782471410,gsm-49,osmo-mobile-5f57fbcb5c-tk8kf,3,33
1782471410,gsm-49,osmo-stp-768687f494-5xxfm,1,2
1782471410,gsm-49,ttcn3-tc-26-7-4-5-4-2-1-f7jj5,1,6
1782471410,gsm-49,virtphy-66dd5984b8-g426f,5,1
1782471412,gsm-49,msc-test-stub-5b875d749d-4l6s4,1,16
1782471412,gsm-49,osmo-bsc-594654bd47-q6v5d,1,5
1782471412,gsm-49,osmo-bts-virtual-5f8b9b86fc-85tm2,24,5
1782471412,gsm-49,osmo-hlr-546bdb8988-cvzt6,1,2
1782471412,gsm-49,osmo-mgw-8c8fc67d6-dxwnt,1,2
1782471412,gsm-49,osmo-mobile-5f57fbcb5c-tk8kf,3,33
1782471412,gsm-49,osmo-stp-768687f494-5xxfm,1,2
1782471412,gsm-49,ttcn3-tc-26-7-4-5-4-2-1-f7jj5,1,6
1782471412,gsm-49,virtphy-66dd5984b8-g426f,5,1
1782471415,gsm-49,msc-test-stub-5b875d749d-4l6s4,1,16
1782471415,gsm-49,osmo-bsc-594654bd47-q6v5d,1,5
1782471415,gsm-49,osmo-bts-virtual-5f8b9b86fc-85tm2,24,5
1782471415,gsm-49,osmo-hlr-546bdb8988-cvzt6,1,2
1782471415,gsm-49,osmo-mgw-8c8fc67d6-dxwnt,1,2
1782471415,gsm-49,osmo-mobile-5f57fbcb5c-tk8kf,3,33
1782471415,gsm-49,osmo-stp-768687f494-5xxfm,1,2
1782471415,gsm-49,ttcn3-tc-26-7-4-5-4-2-1-f7jj5,1,6
1782471415,gsm-49,virtphy-66dd5984b8-g426f,5,1
1782471418,gsm-49,msc-test-stub-5b875d749d-4l6s4,1,16
1782471418,gsm-49,osmo-bsc-594654bd47-q6v5d,1,5
1782471418,gsm-49,osmo-bts-virtual-5f8b9b86fc-85tm2,23,5
1782471418,gsm-49,osmo-hlr-546bdb8988-cvzt6,1,2
1782471418,gsm-49,osmo-mgw-8c8fc67d6-dxwnt,1,2
1782471418,gsm-49,osmo-mobile-5f57fbcb5c-tk8kf,3,33
1782471418,gsm-49,osmo-stp-768687f494-5xxfm,1,2
1782471418,gsm-49,ttcn3-tc-26-7-4-5-4-2-1-f7jj5,1,6
1782471418,gsm-49,virtphy-66dd5984b8-g426f,6,1
1782471420,gsm-49,msc-test-stub-5b875d749d-4l6s4,1,16
1782471420,gsm-49,osmo-bsc-594654bd47-q6v5d,1,5
1782471420,gsm-49,osmo-bts-virtual-5f8b9b86fc-85tm2,23,5
1782471420,gsm-49,osmo-hlr-546bdb8988-cvzt6,1,2
1782471420,gsm-49,osmo-mgw-8c8fc67d6-dxwnt,1,2
1782471420,gsm-49,osmo-mobile-5f57fbcb5c-tk8kf,3,33
1782471420,gsm-49,osmo-stp-768687f494-5xxfm,1,2
1782471420,gsm-49,ttcn3-tc-26-7-4-5-4-2-1-f7jj5,1,6
1782471420,gsm-49,virtphy-66dd5984b8-g426f,6,1
1782471423,gsm-49,msc-test-stub-5b875d749d-4l6s4,1,16
1782471423,gsm-49,osmo-bsc-594654bd47-q6v5d,1,5
1782471423,gsm-49,osmo-bts-virtual-5f8b9b86fc-85tm2,23,5
1782471423,gsm-49,osmo-hlr-546bdb8988-cvzt6,1,2
1782471423,gsm-49,osmo-mgw-8c8fc67d6-dxwnt,1,2
1782471423,gsm-49,osmo-mobile-5f57fbcb5c-tk8kf,3,33
1782471423,gsm-49,osmo-stp-768687f494-5xxfm,1,2
1782471423,gsm-49,ttcn3-tc-26-7-4-5-4-2-1-f7jj5,1,6
1782471423,gsm-49,virtphy-66dd5984b8-g426f,6,1
1782471425,gsm-49,msc-test-stub-5b875d749d-4l6s4,1,16
1782471425,gsm-49,osmo-bsc-594654bd47-q6v5d,1,5
1782471425,gsm-49,osmo-bts-virtual-5f8b9b86fc-85tm2,23,5
1782471425,gsm-49,osmo-hlr-546bdb8988-cvzt6,1,2
1782471425,gsm-49,osmo-mgw-8c8fc67d6-dxwnt,1,2
1782471425,gsm-49,osmo-mobile-5f57fbcb5c-tk8kf,3,33
1782471425,gsm-49,osmo-stp-768687f494-5xxfm,1,2
1782471425,gsm-49,ttcn3-tc-26-7-4-5-4-2-1-f7jj5,1,6
1782471425,gsm-49,virtphy-66dd5984b8-g426f,6,1
1782471428,gsm-49,msc-test-stub-5b875d749d-4l6s4,1,16
1782471428,gsm-49,osmo-bsc-594654bd47-q6v5d,1,5
1782471428,gsm-49,osmo-bts-virtual-5f8b9b86fc-85tm2,23,5
1782471428,gsm-49,osmo-hlr-546bdb8988-cvzt6,1,2
1782471428,gsm-49,osmo-mgw-8c8fc67d6-dxwnt,1,2
1782471428,gsm-49,osmo-mobile-5f57fbcb5c-tk8kf,3,33
1782471428,gsm-49,osmo-stp-768687f494-5xxfm,1,2
1782471428,gsm-49,ttcn3-tc-26-7-4-5-4-2-1-f7jj5,1,6
1782471428,gsm-49,virtphy-66dd5984b8-g426f,6,1
1782471430,gsm-49,msc-test-stub-5b875d749d-4l6s4,1,16
1782471430,gsm-49,osmo-bsc-594654bd47-q6v5d,1,5
1782471430,gsm-49,osmo-bts-virtual-5f8b9b86fc-85tm2,23,5
1782471430,gsm-49,osmo-hlr-546bdb8988-cvzt6,1,2
1782471430,gsm-49,osmo-mgw-8c8fc67d6-dxwnt,1,2
1782471430,gsm-49,osmo-mobile-5f57fbcb5c-tk8kf,3,33
1782471430,gsm-49,osmo-stp-768687f494-5xxfm,1,2
1782471430,gsm-49,ttcn3-tc-26-7-4-5-4-2-1-f7jj5,1,6
1782471430,gsm-49,virtphy-66dd5984b8-g426f,6,1
1782471433,gsm-49,msc-test-stub-5b875d749d-4l6s4,1,16
1782471433,gsm-49,osmo-bsc-594654bd47-q6v5d,1,5
1782471433,gsm-49,osmo-bts-virtual-5f8b9b86fc-85tm2,21,5
1782471433,gsm-49,osmo-hlr-546bdb8988-cvzt6,1,2
1782471433,gsm-49,osmo-mgw-8c8fc67d6-dxwnt,1,2
1782471433,gsm-49,osmo-mobile-5f57fbcb5c-tk8kf,3,33
1782471433,gsm-49,osmo-stp-768687f494-5xxfm,1,2
1782471433,gsm-49,ttcn3-tc-26-7-4-5-4-2-1-f7jj5,1,6
1782471433,gsm-49,virtphy-66dd5984b8-g426f,6,1
1782471436,gsm-49,msc-test-stub-5b875d749d-4l6s4,1,16
1782471436,gsm-49,osmo-bsc-594654bd47-q6v5d,1,5
1782471436,gsm-49,osmo-bts-virtual-5f8b9b86fc-85tm2,21,5
1782471436,gsm-49,osmo-hlr-546bdb8988-cvzt6,1,2
1782471436,gsm-49,osmo-mgw-8c8fc67d6-dxwnt,1,2
1782471436,gsm-49,osmo-mobile-5f57fbcb5c-tk8kf,3,33
1782471436,gsm-49,osmo-stp-768687f494-5xxfm,1,2
1782471436,gsm-49,ttcn3-tc-26-7-4-5-4-2-1-f7jj5,1,6
1782471436,gsm-49,virtphy-66dd5984b8-g426f,6,1
1782471438,gsm-49,msc-test-stub-5b875d749d-4l6s4,1,16
1782471438,gsm-49,osmo-bsc-594654bd47-q6v5d,1,5
1782471438,gsm-49,osmo-bts-virtual-5f8b9b86fc-85tm2,21,5
1782471438,gsm-49,osmo-hlr-546bdb8988-cvzt6,1,2
1782471438,gsm-49,osmo-mgw-8c8fc67d6-dxwnt,1,2
1782471438,gsm-49,osmo-mobile-5f57fbcb5c-tk8kf,3,33
1782471438,gsm-49,osmo-stp-768687f494-5xxfm,1,2
1782471438,gsm-49,ttcn3-tc-26-7-4-5-4-2-1-f7jj5,1,6
1782471438,gsm-49,virtphy-66dd5984b8-g426f,6,1
1782471441,gsm-49,msc-test-stub-5b875d749d-4l6s4,1,16
1782471441,gsm-49,osmo-bsc-594654bd47-q6v5d,1,5
1782471441,gsm-49,osmo-bts-virtual-5f8b9b86fc-85tm2,21,5
1782471441,gsm-49,osmo-hlr-546bdb8988-cvzt6,1,2
1782471441,gsm-49,osmo-mgw-8c8fc67d6-dxwnt,1,2
1782471441,gsm-49,osmo-mobile-5f57fbcb5c-tk8kf,3,33
1782471441,gsm-49,osmo-stp-768687f494-5xxfm,1,2
1782471441,gsm-49,ttcn3-tc-26-7-4-5-4-2-1-f7jj5,1,6
1782471441,gsm-49,virtphy-66dd5984b8-g426f,6,1
1782471443,gsm-49,msc-test-stub-5b875d749d-4l6s4,1,16
1782471443,gsm-49,osmo-bsc-594654bd47-q6v5d,1,5
1782471443,gsm-49,osmo-bts-virtual-5f8b9b86fc-85tm2,21,5
1782471443,gsm-49,osmo-hlr-546bdb8988-cvzt6,1,2
1782471443,gsm-49,osmo-mgw-8c8fc67d6-dxwnt,1,2
1782471443,gsm-49,osmo-mobile-5f57fbcb5c-tk8kf,3,33
1782471443,gsm-49,osmo-stp-768687f494-5xxfm,1,2
1782471443,gsm-49,ttcn3-tc-26-7-4-5-4-2-1-f7jj5,1,6
1782471443,gsm-49,virtphy-66dd5984b8-g426f,6,1
1782471445,gsm-49,msc-test-stub-5b875d749d-4l6s4,1,16
1782471445,gsm-49,osmo-bsc-594654bd47-q6v5d,1,5
1782471445,gsm-49,osmo-bts-virtual-5f8b9b86fc-85tm2,21,5
1782471445,gsm-49,osmo-hlr-546bdb8988-cvzt6,1,2
1782471445,gsm-49,osmo-mgw-8c8fc67d6-dxwnt,1,2
1782471445,gsm-49,osmo-mobile-5f57fbcb5c-tk8kf,3,33
1782471445,gsm-49,osmo-stp-768687f494-5xxfm,1,2
1782471445,gsm-49,ttcn3-tc-26-7-4-5-4-2-1-f7jj5,1,6
1782471445,gsm-49,virtphy-66dd5984b8-g426f,6,1
1782471447,gsm-49,msc-test-stub-5b875d749d-4l6s4,1,16
1782471447,gsm-49,osmo-bsc-594654bd47-q6v5d,1,5
1782471447,gsm-49,osmo-bts-virtual-5f8b9b86fc-85tm2,23,5
1782471447,gsm-49,osmo-hlr-546bdb8988-cvzt6,1,2
1782471447,gsm-49,osmo-mgw-8c8fc67d6-dxwnt,1,2
1782471447,gsm-49,osmo-mobile-5f57fbcb5c-tk8kf,3,33
1782471447,gsm-49,osmo-stp-768687f494-5xxfm,1,2
1782471447,gsm-49,ttcn3-tc-26-7-4-5-4-2-1-f7jj5,1,6
1782471447,gsm-49,virtphy-66dd5984b8-g426f,6,1
1782471450,gsm-49,msc-test-stub-5b875d749d-4l6s4,1,16
1782471450,gsm-49,osmo-bsc-594654bd47-q6v5d,1,5
1782471450,gsm-49,osmo-bts-virtual-5f8b9b86fc-85tm2,23,5
1782471450,gsm-49,osmo-hlr-546bdb8988-cvzt6,1,2
1782471450,gsm-49,osmo-mgw-8c8fc67d6-dxwnt,1,2
1782471450,gsm-49,osmo-mobile-5f57fbcb5c-tk8kf,3,33
1782471450,gsm-49,osmo-stp-768687f494-5xxfm,1,2
1782471450,gsm-49,ttcn3-tc-26-7-4-5-4-2-1-f7jj5,1,6
1782471450,gsm-49,virtphy-66dd5984b8-g426f,6,1
1782471453,gsm-49,msc-test-stub-5b875d749d-4l6s4,1,16
1782471453,gsm-49,osmo-bsc-594654bd47-q6v5d,1,5
1782471453,gsm-49,osmo-bts-virtual-5f8b9b86fc-85tm2,23,5
1782471453,gsm-49,osmo-hlr-546bdb8988-cvzt6,1,2
1782471453,gsm-49,osmo-mgw-8c8fc67d6-dxwnt,1,2
1782471453,gsm-49,osmo-mobile-5f57fbcb5c-tk8kf,3,33
1782471453,gsm-49,osmo-stp-768687f494-5xxfm,1,2
1782471453,gsm-49,ttcn3-tc-26-7-4-5-4-2-1-f7jj5,1,6
1782471453,gsm-49,virtphy-66dd5984b8-g426f,6,1
1782471455,gsm-49,msc-test-stub-5b875d749d-4l6s4,1,16
1782471455,gsm-49,osmo-bsc-594654bd47-q6v5d,1,5
1782471455,gsm-49,osmo-bts-virtual-5f8b9b86fc-85tm2,23,5
1782471455,gsm-49,osmo-hlr-546bdb8988-cvzt6,1,2
1782471455,gsm-49,osmo-mgw-8c8fc67d6-dxwnt,1,2
1782471455,gsm-49,osmo-mobile-5f57fbcb5c-tk8kf,3,33
1782471455,gsm-49,osmo-stp-768687f494-5xxfm,1,2
1782471455,gsm-49,ttcn3-tc-26-7-4-5-4-2-1-f7jj5,1,6
1782471455,gsm-49,virtphy-66dd5984b8-g426f,6,1
1782471457,gsm-49,msc-test-stub-5b875d749d-4l6s4,1,16
1782471457,gsm-49,osmo-bsc-594654bd47-q6v5d,1,5
1782471457,gsm-49,osmo-bts-virtual-5f8b9b86fc-85tm2,23,5
1782471457,gsm-49,osmo-hlr-546bdb8988-cvzt6,1,2
1782471457,gsm-49,osmo-mgw-8c8fc67d6-dxwnt,1,2
1782471457,gsm-49,osmo-mobile-5f57fbcb5c-tk8kf,3,33
1782471457,gsm-49,osmo-stp-768687f494-5xxfm,1,2
1782471457,gsm-49,ttcn3-tc-26-7-4-5-4-2-1-f7jj5,1,6
1782471457,gsm-49,virtphy-66dd5984b8-g426f,6,1
1782471460,gsm-49,msc-test-stub-5b875d749d-4l6s4,1,16
1782471460,gsm-49,osmo-bsc-594654bd47-q6v5d,1,5
1782471460,gsm-49,osmo-bts-virtual-5f8b9b86fc-85tm2,23,5
1782471460,gsm-49,osmo-hlr-546bdb8988-cvzt6,1,2
1782471460,gsm-49,osmo-mgw-8c8fc67d6-dxwnt,1,2
1782471460,gsm-49,osmo-mobile-5f57fbcb5c-tk8kf,3,33
1782471460,gsm-49,osmo-stp-768687f494-5xxfm,1,2
1782471460,gsm-49,ttcn3-tc-26-7-4-5-4-2-1-f7jj5,1,6
1782471460,gsm-49,virtphy-66dd5984b8-g426f,6,1
1782471462,gsm-49,msc-test-stub-5b875d749d-4l6s4,1,16
1782471462,gsm-49,osmo-bsc-594654bd47-q6v5d,1,5
1782471462,gsm-49,osmo-bts-virtual-5f8b9b86fc-85tm2,24,5
1782471462,gsm-49,osmo-hlr-546bdb8988-cvzt6,1,2
1782471462,gsm-49,osmo-mgw-8c8fc67d6-dxwnt,1,2
1782471462,gsm-49,osmo-mobile-5f57fbcb5c-tk8kf,3,33
1782471462,gsm-49,osmo-stp-768687f494-5xxfm,1,2
1782471462,gsm-49,ttcn3-tc-26-7-4-5-4-2-1-f7jj5,1,6
1782471462,gsm-49,virtphy-66dd5984b8-g426f,6,1
1782471465,gsm-49,msc-test-stub-5b875d749d-4l6s4,1,16
1782471465,gsm-49,osmo-bsc-594654bd47-q6v5d,1,5
1782471465,gsm-49,osmo-bts-virtual-5f8b9b86fc-85tm2,24,5
1782471465,gsm-49,osmo-hlr-546bdb8988-cvzt6,1,2
1782471465,gsm-49,osmo-mgw-8c8fc67d6-dxwnt,1,2
1782471465,gsm-49,osmo-mobile-5f57fbcb5c-tk8kf,3,33
1782471465,gsm-49,osmo-stp-768687f494-5xxfm,1,2
1782471465,gsm-49,ttcn3-tc-26-7-4-5-4-2-1-f7jj5,1,6
1782471465,gsm-49,virtphy-66dd5984b8-g426f,6,1
1782471467,gsm-49,msc-test-stub-5b875d749d-4l6s4,1,16
1782471467,gsm-49,osmo-bsc-594654bd47-q6v5d,1,5
1782471467,gsm-49,osmo-bts-virtual-5f8b9b86fc-85tm2,24,5
1782471467,gsm-49,osmo-hlr-546bdb8988-cvzt6,1,2
1782471467,gsm-49,osmo-mgw-8c8fc67d6-dxwnt,1,2
1782471467,gsm-49,osmo-mobile-5f57fbcb5c-tk8kf,3,33
1782471467,gsm-49,osmo-stp-768687f494-5xxfm,1,2
1782471467,gsm-49,ttcn3-tc-26-7-4-5-4-2-1-f7jj5,1,6
1782471467,gsm-49,virtphy-66dd5984b8-g426f,6,1
1782471470,gsm-49,msc-test-stub-5b875d749d-4l6s4,1,16
1782471470,gsm-49,osmo-bsc-594654bd47-q6v5d,1,5
1782471470,gsm-49,osmo-bts-virtual-5f8b9b86fc-85tm2,24,5
1782471470,gsm-49,osmo-hlr-546bdb8988-cvzt6,1,2
1782471470,gsm-49,osmo-mgw-8c8fc67d6-dxwnt,1,2
1782471470,gsm-49,osmo-mobile-5f57fbcb5c-tk8kf,3,33
1782471470,gsm-49,osmo-stp-768687f494-5xxfm,1,2
1782471470,gsm-49,ttcn3-tc-26-7-4-5-4-2-1-f7jj5,1,6
1782471470,gsm-49,virtphy-66dd5984b8-g426f,6,1
1782471473,gsm-49,msc-test-stub-5b875d749d-4l6s4,1,16
1782471473,gsm-49,osmo-bsc-594654bd47-q6v5d,1,5
1782471473,gsm-49,osmo-bts-virtual-5f8b9b86fc-85tm2,24,5
1782471473,gsm-49,osmo-hlr-546bdb8988-cvzt6,1,2
1782471473,gsm-49,osmo-mgw-8c8fc67d6-dxwnt,1,2
1782471473,gsm-49,osmo-mobile-5f57fbcb5c-tk8kf,3,33
1782471473,gsm-49,osmo-stp-768687f494-5xxfm,1,2
1782471473,gsm-49,ttcn3-tc-26-7-4-5-4-2-1-f7jj5,1,6
1782471473,gsm-49,virtphy-66dd5984b8-g426f,6,1
1782471475,gsm-49,msc-test-stub-5b875d749d-4l6s4,1,16
1782471475,gsm-49,osmo-bsc-594654bd47-q6v5d,1,5
1782471475,gsm-49,osmo-bts-virtual-5f8b9b86fc-85tm2,24,5
1782471475,gsm-49,osmo-hlr-546bdb8988-cvzt6,1,2
1782471475,gsm-49,osmo-mgw-8c8fc67d6-dxwnt,1,2
1782471475,gsm-49,osmo-mobile-5f57fbcb5c-tk8kf,3,33
1782471475,gsm-49,osmo-stp-768687f494-5xxfm,1,2
1782471475,gsm-49,ttcn3-tc-26-7-4-5-4-2-1-f7jj5,1,6
1782471475,gsm-49,virtphy-66dd5984b8-g426f,6,1
1782471478,gsm-49,msc-test-stub-5b875d749d-4l6s4,1,16
1782471478,gsm-49,osmo-bsc-594654bd47-q6v5d,1,5
1782471478,gsm-49,osmo-bts-virtual-5f8b9b86fc-85tm2,23,5
1782471478,gsm-49,osmo-hlr-546bdb8988-cvzt6,1,2
1782471478,gsm-49,osmo-mgw-8c8fc67d6-dxwnt,1,2
1782471478,gsm-49,osmo-mobile-5f57fbcb5c-tk8kf,3,33
1782471478,gsm-49,osmo-stp-768687f494-5xxfm,1,2
1782471478,gsm-49,ttcn3-tc-26-7-4-5-4-2-1-f7jj5,1,6
1782471478,gsm-49,virtphy-66dd5984b8-g426f,7,1
1782471480,gsm-49,msc-test-stub-5b875d749d-4l6s4,1,16
1782471480,gsm-49,osmo-bsc-594654bd47-q6v5d,1,5
1782471480,gsm-49,osmo-bts-virtual-5f8b9b86fc-85tm2,23,5
1782471480,gsm-49,osmo-hlr-546bdb8988-cvzt6,1,2
1782471480,gsm-49,osmo-mgw-8c8fc67d6-dxwnt,1,2
1782471480,gsm-49,osmo-mobile-5f57fbcb5c-tk8kf,3,33
1782471480,gsm-49,osmo-stp-768687f494-5xxfm,1,2
1782471480,gsm-49,ttcn3-tc-26-7-4-5-4-2-1-f7jj5,1,6
1782471480,gsm-49,virtphy-66dd5984b8-g426f,7,1
1782471483,gsm-49,msc-test-stub-5b875d749d-4l6s4,1,16
1782471483,gsm-49,osmo-bsc-594654bd47-q6v5d,1,5
1782471483,gsm-49,osmo-bts-virtual-5f8b9b86fc-85tm2,23,5
1782471483,gsm-49,osmo-hlr-546bdb8988-cvzt6,1,2
1782471483,gsm-49,osmo-mgw-8c8fc67d6-dxwnt,1,2
1782471483,gsm-49,osmo-mobile-5f57fbcb5c-tk8kf,3,33
1782471483,gsm-49,osmo-stp-768687f494-5xxfm,1,2
1782471483,gsm-49,ttcn3-tc-26-7-4-5-4-2-1-f7jj5,1,6
1782471483,gsm-49,virtphy-66dd5984b8-g426f,7,1
1782471485,gsm-49,msc-test-stub-5b875d749d-4l6s4,1,16
1782471485,gsm-49,osmo-bsc-594654bd47-q6v5d,1,5
1782471485,gsm-49,osmo-bts-virtual-5f8b9b86fc-85tm2,23,5
1782471485,gsm-49,osmo-hlr-546bdb8988-cvzt6,1,2
1782471485,gsm-49,osmo-mgw-8c8fc67d6-dxwnt,1,2
1782471485,gsm-49,osmo-mobile-5f57fbcb5c-tk8kf,3,33
1782471485,gsm-49,osmo-stp-768687f494-5xxfm,1,2
1782471485,gsm-49,ttcn3-tc-26-7-4-5-4-2-1-f7jj5,1,6
1782471485,gsm-49,virtphy-66dd5984b8-g426f,7,1
1782471487,gsm-49,msc-test-stub-5b875d749d-4l6s4,1,16
1782471487,gsm-49,osmo-bsc-594654bd47-q6v5d,1,5
1782471487,gsm-49,osmo-bts-virtual-5f8b9b86fc-85tm2,23,5
1782471487,gsm-49,osmo-hlr-546bdb8988-cvzt6,1,2
1782471487,gsm-49,osmo-mgw-8c8fc67d6-dxwnt,1,2
1782471487,gsm-49,osmo-mobile-5f57fbcb5c-tk8kf,3,33
1782471487,gsm-49,osmo-stp-768687f494-5xxfm,1,2
1782471487,gsm-49,ttcn3-tc-26-7-4-5-4-2-1-f7jj5,1,6
1782471487,gsm-49,virtphy-66dd5984b8-g426f,7,1
1782471491,gsm-49,msc-test-stub-5b875d749d-4l6s4,1,16
1782471491,gsm-49,osmo-bsc-594654bd47-q6v5d,1,5
1782471491,gsm-49,osmo-bts-virtual-5f8b9b86fc-85tm2,23,5
1782471491,gsm-49,osmo-hlr-546bdb8988-cvzt6,1,2
1782471491,gsm-49,osmo-mgw-8c8fc67d6-dxwnt,1,2
1782471491,gsm-49,osmo-mobile-5f57fbcb5c-tk8kf,3,33
1782471491,gsm-49,osmo-stp-768687f494-5xxfm,1,2
1782471491,gsm-49,ttcn3-tc-26-7-4-5-4-2-1-f7jj5,1,6
1782471491,gsm-49,virtphy-66dd5984b8-g426f,7,1
1782471493,gsm-49,msc-test-stub-5b875d749d-4l6s4,1,16
1782471493,gsm-49,osmo-bsc-594654bd47-q6v5d,1,5
1782471493,gsm-49,osmo-bts-virtual-5f8b9b86fc-85tm2,23,5
1782471493,gsm-49,osmo-hlr-546bdb8988-cvzt6,1,2
1782471493,gsm-49,osmo-mgw-8c8fc67d6-dxwnt,1,2
1782471493,gsm-49,osmo-mobile-5f57fbcb5c-tk8kf,3,33
1782471493,gsm-49,osmo-stp-768687f494-5xxfm,1,2
1782471493,gsm-49,ttcn3-tc-26-7-4-5-4-2-1-f7jj5,1,6
1782471493,gsm-49,virtphy-66dd5984b8-g426f,6,1
1782471495,gsm-49,msc-test-stub-5b875d749d-4l6s4,1,16
1782471495,gsm-49,osmo-bsc-594654bd47-q6v5d,1,5
1782471495,gsm-49,osmo-bts-virtual-5f8b9b86fc-85tm2,23,5
1782471495,gsm-49,osmo-hlr-546bdb8988-cvzt6,1,2
1782471495,gsm-49,osmo-mgw-8c8fc67d6-dxwnt,1,2
1782471495,gsm-49,osmo-mobile-5f57fbcb5c-tk8kf,3,33
1782471495,gsm-49,osmo-stp-768687f494-5xxfm,1,2
1782471495,gsm-49,ttcn3-tc-26-7-4-5-4-2-1-f7jj5,1,6
1782471495,gsm-49,virtphy-66dd5984b8-g426f,6,1
1782471497,gsm-49,msc-test-stub-5b875d749d-4l6s4,1,16
1782471497,gsm-49,osmo-bsc-594654bd47-q6v5d,1,5
1782471497,gsm-49,osmo-bts-virtual-5f8b9b86fc-85tm2,23,5
1782471497,gsm-49,osmo-hlr-546bdb8988-cvzt6,1,2
1782471497,gsm-49,osmo-mgw-8c8fc67d6-dxwnt,1,2
1782471497,gsm-49,osmo-mobile-5f57fbcb5c-tk8kf,3,33
1782471497,gsm-49,osmo-stp-768687f494-5xxfm,1,2
1782471497,gsm-49,ttcn3-tc-26-7-4-5-4-2-1-f7jj5,1,6
1782471497,gsm-49,virtphy-66dd5984b8-g426f,6,1
1782471500,gsm-49,msc-test-stub-5b875d749d-4l6s4,1,16
1782471500,gsm-49,osmo-bsc-594654bd47-q6v5d,1,5
1782471500,gsm-49,osmo-bts-virtual-5f8b9b86fc-85tm2,23,5
1782471500,gsm-49,osmo-hlr-546bdb8988-cvzt6,1,2
1782471500,gsm-49,osmo-mgw-8c8fc67d6-dxwnt,1,2
1782471500,gsm-49,osmo-mobile-5f57fbcb5c-tk8kf,3,33
1782471500,gsm-49,osmo-stp-768687f494-5xxfm,1,2
1782471500,gsm-49,ttcn3-tc-26-7-4-5-4-2-1-f7jj5,1,6
1782471500,gsm-49,virtphy-66dd5984b8-g426f,6,1
1782471503,gsm-49,msc-test-stub-5b875d749d-4l6s4,1,16
1782471503,gsm-49,osmo-bsc-594654bd47-q6v5d,1,5
1782471503,gsm-49,osmo-bts-virtual-5f8b9b86fc-85tm2,23,5
1782471503,gsm-49,osmo-hlr-546bdb8988-cvzt6,1,2
1782471503,gsm-49,osmo-mgw-8c8fc67d6-dxwnt,1,2
1782471503,gsm-49,osmo-mobile-5f57fbcb5c-tk8kf,3,33
1782471503,gsm-49,osmo-stp-768687f494-5xxfm,1,2
1782471503,gsm-49,ttcn3-tc-26-7-4-5-4-2-1-f7jj5,1,6
1782471503,gsm-49,virtphy-66dd5984b8-g426f,6,1
1782471505,gsm-49,msc-test-stub-5b875d749d-4l6s4,1,16
1782471505,gsm-49,osmo-bsc-594654bd47-q6v5d,1,5
1782471505,gsm-49,osmo-bts-virtual-5f8b9b86fc-85tm2,23,5
1782471505,gsm-49,osmo-hlr-546bdb8988-cvzt6,1,2
1782471505,gsm-49,osmo-mgw-8c8fc67d6-dxwnt,1,2
1782471505,gsm-49,osmo-mobile-5f57fbcb5c-tk8kf,3,33
1782471505,gsm-49,osmo-stp-768687f494-5xxfm,1,2
1782471505,gsm-49,ttcn3-tc-26-7-4-5-4-2-1-f7jj5,1,6
1782471505,gsm-49,virtphy-66dd5984b8-g426f,6,1
1782471507,gsm-49,msc-test-stub-5b875d749d-4l6s4,1,16
1782471507,gsm-49,osmo-bsc-594654bd47-q6v5d,1,5
1782471507,gsm-49,osmo-bts-virtual-5f8b9b86fc-85tm2,23,5
1782471507,gsm-49,osmo-hlr-546bdb8988-cvzt6,1,2
1782471507,gsm-49,osmo-mgw-8c8fc67d6-dxwnt,1,2
1782471507,gsm-49,osmo-mobile-5f57fbcb5c-tk8kf,3,33
1782471507,gsm-49,osmo-stp-768687f494-5xxfm,1,2
1782471507,gsm-49,ttcn3-tc-26-7-4-5-4-2-1-f7jj5,1,6
1782471507,gsm-49,virtphy-66dd5984b8-g426f,6,1
1782471510,gsm-49,msc-test-stub-5b875d749d-4l6s4,1,16
1782471510,gsm-49,osmo-bsc-594654bd47-q6v5d,1,5
1782471510,gsm-49,osmo-bts-virtual-5f8b9b86fc-85tm2,23,5
1782471510,gsm-49,osmo-hlr-546bdb8988-cvzt6,1,2
1782471510,gsm-49,osmo-mgw-8c8fc67d6-dxwnt,1,2
1782471510,gsm-49,osmo-mobile-5f57fbcb5c-tk8kf,3,33
1782471510,gsm-49,osmo-stp-768687f494-5xxfm,1,2
1782471510,gsm-49,ttcn3-tc-26-7-4-5-4-2-1-f7jj5,1,6
1782471510,gsm-49,virtphy-66dd5984b8-g426f,6,1
1782471513,gsm-49,msc-test-stub-5b875d749d-4l6s4,1,16
1782471513,gsm-49,osmo-bsc-594654bd47-q6v5d,1,5
1782471513,gsm-49,osmo-bts-virtual-5f8b9b86fc-85tm2,23,5
1782471513,gsm-49,osmo-hlr-546bdb8988-cvzt6,1,2
1782471513,gsm-49,osmo-mgw-8c8fc67d6-dxwnt,1,2
1782471513,gsm-49,osmo-mobile-5f57fbcb5c-tk8kf,3,33
1782471513,gsm-49,osmo-stp-768687f494-5xxfm,1,2
1782471513,gsm-49,ttcn3-tc-26-7-4-5-4-2-1-f7jj5,1,6
1782471513,gsm-49,virtphy-66dd5984b8-g426f,6,1
1782471515,gsm-49,msc-test-stub-5b875d749d-4l6s4,1,16
1782471515,gsm-49,osmo-bsc-594654bd47-q6v5d,1,5
1782471515,gsm-49,osmo-bts-virtual-5f8b9b86fc-85tm2,23,5
1782471515,gsm-49,osmo-hlr-546bdb8988-cvzt6,1,2
1782471515,gsm-49,osmo-mgw-8c8fc67d6-dxwnt,1,2
1782471515,gsm-49,osmo-mobile-5f57fbcb5c-tk8kf,3,33
1782471515,gsm-49,osmo-stp-768687f494-5xxfm,1,2
1782471515,gsm-49,ttcn3-tc-26-7-4-5-4-2-1-f7jj5,1,6
1782471515,gsm-49,virtphy-66dd5984b8-g426f,6,1
1782471517,gsm-49,msc-test-stub-5b875d749d-4l6s4,1,16
1782471517,gsm-49,osmo-bsc-594654bd47-q6v5d,1,5
1782471517,gsm-49,osmo-bts-virtual-5f8b9b86fc-85tm2,23,5
1782471517,gsm-49,osmo-hlr-546bdb8988-cvzt6,1,2
1782471517,gsm-49,osmo-mgw-8c8fc67d6-dxwnt,1,2
1782471517,gsm-49,osmo-mobile-5f57fbcb5c-tk8kf,3,33
1782471517,gsm-49,osmo-stp-768687f494-5xxfm,1,2
1782471517,gsm-49,ttcn3-tc-26-7-4-5-4-2-1-f7jj5,1,6
1782471517,gsm-49,virtphy-66dd5984b8-g426f,6,1
1782471519,gsm-49,msc-test-stub-5b875d749d-4l6s4,1,16
1782471519,gsm-49,osmo-bsc-594654bd47-q6v5d,1,5
1782471519,gsm-49,osmo-bts-virtual-5f8b9b86fc-85tm2,23,5
1782471519,gsm-49,osmo-hlr-546bdb8988-cvzt6,1,2
1782471519,gsm-49,osmo-mgw-8c8fc67d6-dxwnt,1,2
1782471519,gsm-49,osmo-mobile-5f57fbcb5c-tk8kf,3,33
1782471519,gsm-49,osmo-stp-768687f494-5xxfm,1,2
1782471519,gsm-49,ttcn3-tc-26-7-4-5-4-2-1-f7jj5,1,6
1782471519,gsm-49,virtphy-66dd5984b8-g426f,6,1
1782471522,gsm-49,msc-test-stub-5b875d749d-4l6s4,1,16
1782471522,gsm-49,osmo-bsc-594654bd47-q6v5d,1,5
1782471522,gsm-49,osmo-bts-virtual-5f8b9b86fc-85tm2,23,5
1782471522,gsm-49,osmo-hlr-546bdb8988-cvzt6,1,2
1782471522,gsm-49,osmo-mgw-8c8fc67d6-dxwnt,1,2
1782471522,gsm-49,osmo-mobile-5f57fbcb5c-tk8kf,3,33
1782471522,gsm-49,osmo-stp-768687f494-5xxfm,1,2
1782471522,gsm-49,ttcn3-tc-26-7-4-5-4-2-1-f7jj5,1,6
1782471522,gsm-49,virtphy-66dd5984b8-g426f,6,1
1782471524,gsm-49,msc-test-stub-5b875d749d-4l6s4,1,16
1782471524,gsm-49,osmo-bsc-594654bd47-q6v5d,1,5
1782471524,gsm-49,osmo-bts-virtual-5f8b9b86fc-85tm2,23,5
1782471524,gsm-49,osmo-hlr-546bdb8988-cvzt6,1,2
1782471524,gsm-49,osmo-mgw-8c8fc67d6-dxwnt,1,2
1782471524,gsm-49,osmo-mobile-5f57fbcb5c-tk8kf,3,33
1782471524,gsm-49,osmo-stp-768687f494-5xxfm,1,2
1782471524,gsm-49,ttcn3-tc-26-7-4-5-4-2-1-f7jj5,1,6
1782471524,gsm-49,virtphy-66dd5984b8-g426f,6,1
1782471526,gsm-49,msc-test-stub-5b875d749d-4l6s4,1,16
1782471526,gsm-49,osmo-bsc-594654bd47-q6v5d,1,5
1782471526,gsm-49,osmo-bts-virtual-5f8b9b86fc-85tm2,23,5
1782471526,gsm-49,osmo-hlr-546bdb8988-cvzt6,1,2
1782471526,gsm-49,osmo-mgw-8c8fc67d6-dxwnt,1,2
1782471526,gsm-49,osmo-mobile-5f57fbcb5c-tk8kf,3,33
1782471526,gsm-49,osmo-stp-768687f494-5xxfm,1,2
1782471526,gsm-49,ttcn3-tc-26-7-4-5-4-2-1-f7jj5,1,6
1782471526,gsm-49,virtphy-66dd5984b8-g426f,6,1
1782471528,gsm-49,msc-test-stub-5b875d749d-4l6s4,1,16
1782471528,gsm-49,osmo-bsc-594654bd47-q6v5d,1,5
1782471528,gsm-49,osmo-bts-virtual-5f8b9b86fc-85tm2,23,5
1782471528,gsm-49,osmo-hlr-546bdb8988-cvzt6,1,2
1782471528,gsm-49,osmo-mgw-8c8fc67d6-dxwnt,1,2
1782471528,gsm-49,osmo-mobile-5f57fbcb5c-tk8kf,3,33
1782471528,gsm-49,osmo-stp-768687f494-5xxfm,1,2
1782471528,gsm-49,ttcn3-tc-26-7-4-5-4-2-1-f7jj5,1,6
1782471528,gsm-49,virtphy-66dd5984b8-g426f,6,1
1782471531,gsm-49,msc-test-stub-5b875d749d-4l6s4,1,16
1782471531,gsm-49,osmo-bsc-594654bd47-q6v5d,1,5
1782471531,gsm-49,osmo-bts-virtual-5f8b9b86fc-85tm2,23,5
1782471531,gsm-49,osmo-hlr-546bdb8988-cvzt6,1,2
1782471531,gsm-49,osmo-mgw-8c8fc67d6-dxwnt,1,2
1782471531,gsm-49,osmo-mobile-5f57fbcb5c-tk8kf,3,33
1782471531,gsm-49,osmo-stp-768687f494-5xxfm,1,2
1782471531,gsm-49,ttcn3-tc-26-7-4-5-4-2-1-f7jj5,1,6
1782471531,gsm-49,virtphy-66dd5984b8-g426f,6,1
1782471533,gsm-49,msc-test-stub-5b875d749d-4l6s4,1,16
1782471533,gsm-49,osmo-bsc-594654bd47-q6v5d,1,5
1782471533,gsm-49,osmo-bts-virtual-5f8b9b86fc-85tm2,23,5
1782471533,gsm-49,osmo-hlr-546bdb8988-cvzt6,1,2
1782471533,gsm-49,osmo-mgw-8c8fc67d6-dxwnt,1,2
1782471533,gsm-49,osmo-mobile-5f57fbcb5c-tk8kf,3,33
1782471533,gsm-49,osmo-stp-768687f494-5xxfm,1,2
1782471533,gsm-49,ttcn3-tc-26-7-4-5-4-2-1-f7jj5,1,6
1782471533,gsm-49,virtphy-66dd5984b8-g426f,6,1
1782471535,gsm-49,msc-test-stub-5b875d749d-4l6s4,1,16
1782471535,gsm-49,osmo-bsc-594654bd47-q6v5d,1,5
1782471535,gsm-49,osmo-bts-virtual-5f8b9b86fc-85tm2,23,5
1782471535,gsm-49,osmo-hlr-546bdb8988-cvzt6,1,2
1782471535,gsm-49,osmo-mgw-8c8fc67d6-dxwnt,1,2
1782471535,gsm-49,osmo-mobile-5f57fbcb5c-tk8kf,3,33
1782471535,gsm-49,osmo-stp-768687f494-5xxfm,1,2
1782471535,gsm-49,ttcn3-tc-26-7-4-5-4-2-1-f7jj5,1,6
1782471535,gsm-49,virtphy-66dd5984b8-g426f,6,1
1782471537,gsm-49,msc-test-stub-5b875d749d-4l6s4,1,16
1782471537,gsm-49,osmo-bsc-594654bd47-q6v5d,1,5
1782471537,gsm-49,osmo-bts-virtual-5f8b9b86fc-85tm2,24,5
1782471537,gsm-49,osmo-hlr-546bdb8988-cvzt6,1,2
1782471537,gsm-49,osmo-mgw-8c8fc67d6-dxwnt,1,2
1782471537,gsm-49,osmo-mobile-5f57fbcb5c-tk8kf,3,33
1782471537,gsm-49,osmo-stp-768687f494-5xxfm,1,2
1782471537,gsm-49,ttcn3-tc-26-7-4-5-4-2-1-f7jj5,1,6
1782471537,gsm-49,virtphy-66dd5984b8-g426f,6,1
1782471540,gsm-49,msc-test-stub-5b875d749d-4l6s4,1,16
1782471540,gsm-49,osmo-bsc-594654bd47-q6v5d,1,5
1782471540,gsm-49,osmo-bts-virtual-5f8b9b86fc-85tm2,24,5
1782471540,gsm-49,osmo-hlr-546bdb8988-cvzt6,1,2
1782471540,gsm-49,osmo-mgw-8c8fc67d6-dxwnt,1,2
1782471540,gsm-49,osmo-mobile-5f57fbcb5c-tk8kf,3,33
1782471540,gsm-49,osmo-stp-768687f494-5xxfm,1,2
1782471540,gsm-49,ttcn3-tc-26-7-4-5-4-2-1-f7jj5,1,6
1782471540,gsm-49,virtphy-66dd5984b8-g426f,6,1
1782471543,gsm-49,msc-test-stub-5b875d749d-4l6s4,1,16
1782471543,gsm-49,osmo-bsc-594654bd47-q6v5d,1,5
1782471543,gsm-49,osmo-bts-virtual-5f8b9b86fc-85tm2,24,5
1782471543,gsm-49,osmo-hlr-546bdb8988-cvzt6,1,2
1782471543,gsm-49,osmo-mgw-8c8fc67d6-dxwnt,1,2
1782471543,gsm-49,osmo-mobile-5f57fbcb5c-tk8kf,3,33
1782471543,gsm-49,osmo-stp-768687f494-5xxfm,1,2
1782471543,gsm-49,ttcn3-tc-26-7-4-5-4-2-1-f7jj5,1,6
1782471543,gsm-49,virtphy-66dd5984b8-g426f,6,1
1782471545,gsm-49,msc-test-stub-5b875d749d-4l6s4,1,16
1782471545,gsm-49,osmo-bsc-594654bd47-q6v5d,1,5
1782471545,gsm-49,osmo-bts-virtual-5f8b9b86fc-85tm2,24,5
1782471545,gsm-49,osmo-hlr-546bdb8988-cvzt6,1,2
1782471545,gsm-49,osmo-mgw-8c8fc67d6-dxwnt,1,2
1782471545,gsm-49,osmo-mobile-5f57fbcb5c-tk8kf,3,33
1782471545,gsm-49,osmo-stp-768687f494-5xxfm,1,2
1782471545,gsm-49,ttcn3-tc-26-7-4-5-4-2-1-f7jj5,1,6
1782471545,gsm-49,virtphy-66dd5984b8-g426f,6,1
1782471547,gsm-49,msc-test-stub-5b875d749d-4l6s4,1,16
1782471547,gsm-49,osmo-bsc-594654bd47-q6v5d,1,5
1782471547,gsm-49,osmo-bts-virtual-5f8b9b86fc-85tm2,24,5
1782471547,gsm-49,osmo-hlr-546bdb8988-cvzt6,1,2
1782471547,gsm-49,osmo-mgw-8c8fc67d6-dxwnt,1,2
1782471547,gsm-49,osmo-mobile-5f57fbcb5c-tk8kf,3,33
1782471547,gsm-49,osmo-stp-768687f494-5xxfm,1,2
1782471547,gsm-49,ttcn3-tc-26-7-4-5-4-2-1-f7jj5,1,6
1782471547,gsm-49,virtphy-66dd5984b8-g426f,6,1
1782471550,gsm-49,msc-test-stub-5b875d749d-4l6s4,1,16
1782471550,gsm-49,osmo-bsc-594654bd47-q6v5d,1,5
1782471550,gsm-49,osmo-bts-virtual-5f8b9b86fc-85tm2,24,5
1782471550,gsm-49,osmo-hlr-546bdb8988-cvzt6,1,2
1782471550,gsm-49,osmo-mgw-8c8fc67d6-dxwnt,1,2
1782471550,gsm-49,osmo-mobile-5f57fbcb5c-tk8kf,3,33
1782471550,gsm-49,osmo-stp-768687f494-5xxfm,1,2
1782471550,gsm-49,ttcn3-tc-26-7-4-5-4-2-1-f7jj5,1,6
1782471550,gsm-49,virtphy-66dd5984b8-g426f,6,1
1782471552,gsm-49,msc-test-stub-5b875d749d-4l6s4,1,16
1782471552,gsm-49,osmo-bsc-594654bd47-q6v5d,1,5
1782471552,gsm-49,osmo-bts-virtual-5f8b9b86fc-85tm2,28,5
1782471552,gsm-49,osmo-hlr-546bdb8988-cvzt6,1,2
1782471552,gsm-49,osmo-mgw-8c8fc67d6-dxwnt,1,2
1782471552,gsm-49,osmo-mobile-5f57fbcb5c-tk8kf,4,35
1782471552,gsm-49,osmo-stp-768687f494-5xxfm,1,2
1782471552,gsm-49,ttcn3-tc-26-7-4-5-4-2-1-f7jj5,1,6
1782471552,gsm-49,virtphy-66dd5984b8-g426f,7,1
1782471555,gsm-49,msc-test-stub-5b875d749d-4l6s4,1,16
1782471555,gsm-49,osmo-bsc-594654bd47-q6v5d,1,5
1782471555,gsm-49,osmo-bts-virtual-5f8b9b86fc-85tm2,28,5
1782471555,gsm-49,osmo-hlr-546bdb8988-cvzt6,1,2
1782471555,gsm-49,osmo-mgw-8c8fc67d6-dxwnt,1,2
1782471555,gsm-49,osmo-mobile-5f57fbcb5c-tk8kf,4,35
1782471555,gsm-49,osmo-stp-768687f494-5xxfm,1,2
1782471555,gsm-49,ttcn3-tc-26-7-4-5-4-2-1-f7jj5,1,6
1782471555,gsm-49,virtphy-66dd5984b8-g426f,7,1
1782471557,gsm-49,msc-test-stub-5b875d749d-4l6s4,1,16
1782471557,gsm-49,osmo-bsc-594654bd47-q6v5d,1,5
1782471557,gsm-49,osmo-bts-virtual-5f8b9b86fc-85tm2,28,5
1782471557,gsm-49,osmo-hlr-546bdb8988-cvzt6,1,2
1782471557,gsm-49,osmo-mgw-8c8fc67d6-dxwnt,1,2
1782471557,gsm-49,osmo-mobile-5f57fbcb5c-tk8kf,4,35
1782471557,gsm-49,osmo-stp-768687f494-5xxfm,1,2
1782471557,gsm-49,ttcn3-tc-26-7-4-5-4-2-1-f7jj5,1,6
1782471557,gsm-49,virtphy-66dd5984b8-g426f,7,1
1782471559,gsm-49,msc-test-stub-5b875d749d-4l6s4,1,16
1782471559,gsm-49,osmo-bsc-594654bd47-q6v5d,1,5
1782471559,gsm-49,osmo-bts-virtual-5f8b9b86fc-85tm2,28,5
1782471559,gsm-49,osmo-hlr-546bdb8988-cvzt6,1,2
1782471559,gsm-49,osmo-mgw-8c8fc67d6-dxwnt,1,2
1782471559,gsm-49,osmo-mobile-5f57fbcb5c-tk8kf,4,35
1782471559,gsm-49,osmo-stp-768687f494-5xxfm,1,2
1782471559,gsm-49,ttcn3-tc-26-7-4-5-4-2-1-f7jj5,1,6
1782471559,gsm-49,virtphy-66dd5984b8-g426f,7,1
1782471562,gsm-49,msc-test-stub-5b875d749d-4l6s4,1,16
1782471562,gsm-49,osmo-bsc-594654bd47-q6v5d,1,5
1782471562,gsm-49,osmo-bts-virtual-5f8b9b86fc-85tm2,28,5
1782471562,gsm-49,osmo-hlr-546bdb8988-cvzt6,1,2
1782471562,gsm-49,osmo-mgw-8c8fc67d6-dxwnt,1,2
1782471562,gsm-49,osmo-mobile-5f57fbcb5c-tk8kf,4,35
1782471562,gsm-49,osmo-stp-768687f494-5xxfm,1,2
1782471562,gsm-49,ttcn3-tc-26-7-4-5-4-2-1-f7jj5,1,6
1782471562,gsm-49,virtphy-66dd5984b8-g426f,7,1
1782471564,gsm-49,msc-test-stub-5b875d749d-4l6s4,1,16
1782471564,gsm-49,osmo-bsc-594654bd47-q6v5d,1,5
1782471564,gsm-49,osmo-bts-virtual-5f8b9b86fc-85tm2,28,5
1782471564,gsm-49,osmo-hlr-546bdb8988-cvzt6,1,2
1782471564,gsm-49,osmo-mgw-8c8fc67d6-dxwnt,1,2
1782471564,gsm-49,osmo-mobile-5f57fbcb5c-tk8kf,4,35
1782471564,gsm-49,osmo-stp-768687f494-5xxfm,1,2
1782471564,gsm-49,ttcn3-tc-26-7-4-5-4-2-1-f7jj5,1,6
1782471564,gsm-49,virtphy-66dd5984b8-g426f,7,1
1782471566,gsm-49,msc-test-stub-5b875d749d-4l6s4,1,16
1782471566,gsm-49,osmo-bsc-594654bd47-q6v5d,1,5
1782471566,gsm-49,osmo-bts-virtual-5f8b9b86fc-85tm2,28,5
1782471566,gsm-49,osmo-hlr-546bdb8988-cvzt6,1,2
1782471566,gsm-49,osmo-mgw-8c8fc67d6-dxwnt,1,2
1782471566,gsm-49,osmo-mobile-5f57fbcb5c-tk8kf,4,35
1782471566,gsm-49,osmo-stp-768687f494-5xxfm,1,2
1782471566,gsm-49,ttcn3-tc-26-7-4-5-4-2-1-f7jj5,1,6
1782471566,gsm-49,virtphy-66dd5984b8-g426f,7,1
1782471568,gsm-49,msc-test-stub-5b875d749d-4l6s4,1,16
1782471568,gsm-49,osmo-bsc-594654bd47-q6v5d,1,5
1782471568,gsm-49,osmo-bts-virtual-5f8b9b86fc-85tm2,23,5
1782471568,gsm-49,osmo-hlr-546bdb8988-cvzt6,1,2
1782471568,gsm-49,osmo-mgw-8c8fc67d6-dxwnt,1,2
1782471568,gsm-49,osmo-mobile-5f57fbcb5c-tk8kf,3,35
1782471568,gsm-49,osmo-stp-768687f494-5xxfm,1,2
1782471568,gsm-49,ttcn3-tc-26-7-4-5-4-2-1-f7jj5,1,6
1782471568,gsm-49,virtphy-66dd5984b8-g426f,7,1
1782471571,gsm-49,msc-test-stub-5b875d749d-4l6s4,1,16
1782471571,gsm-49,osmo-bsc-594654bd47-q6v5d,1,5
1782471571,gsm-49,osmo-bts-virtual-5f8b9b86fc-85tm2,23,5
1782471571,gsm-49,osmo-hlr-546bdb8988-cvzt6,1,2
1782471571,gsm-49,osmo-mgw-8c8fc67d6-dxwnt,1,2
1782471571,gsm-49,osmo-mobile-5f57fbcb5c-tk8kf,3,35
1782471571,gsm-49,osmo-stp-768687f494-5xxfm,1,2
1782471571,gsm-49,ttcn3-tc-26-7-4-5-4-2-1-f7jj5,1,6
1782471571,gsm-49,virtphy-66dd5984b8-g426f,7,1
1782471573,gsm-49,msc-test-stub-5b875d749d-4l6s4,1,16
1782471573,gsm-49,osmo-bsc-594654bd47-q6v5d,1,5
1782471573,gsm-49,osmo-bts-virtual-5f8b9b86fc-85tm2,23,5
1782471573,gsm-49,osmo-hlr-546bdb8988-cvzt6,1,2
1782471573,gsm-49,osmo-mgw-8c8fc67d6-dxwnt,1,2
1782471573,gsm-49,osmo-mobile-5f57fbcb5c-tk8kf,3,35
1782471573,gsm-49,osmo-stp-768687f494-5xxfm,1,2
1782471573,gsm-49,ttcn3-tc-26-7-4-5-4-2-1-f7jj5,1,6
1782471573,gsm-49,virtphy-66dd5984b8-g426f,7,1
1782471575,gsm-49,msc-test-stub-5b875d749d-4l6s4,1,16
1782471575,gsm-49,osmo-bsc-594654bd47-q6v5d,1,5
1782471575,gsm-49,osmo-bts-virtual-5f8b9b86fc-85tm2,23,5
1782471575,gsm-49,osmo-hlr-546bdb8988-cvzt6,1,2
1782471575,gsm-49,osmo-mgw-8c8fc67d6-dxwnt,1,2
1782471575,gsm-49,osmo-mobile-5f57fbcb5c-tk8kf,3,35
1782471575,gsm-49,osmo-stp-768687f494-5xxfm,1,2
1782471575,gsm-49,ttcn3-tc-26-7-4-5-4-2-1-f7jj5,1,6
1782471575,gsm-49,virtphy-66dd5984b8-g426f,7,1
1782471577,gsm-49,msc-test-stub-5b875d749d-4l6s4,1,16
1782471577,gsm-49,osmo-bsc-594654bd47-q6v5d,1,5
1782471577,gsm-49,osmo-bts-virtual-5f8b9b86fc-85tm2,23,5
1782471577,gsm-49,osmo-hlr-546bdb8988-cvzt6,1,2
1782471577,gsm-49,osmo-mgw-8c8fc67d6-dxwnt,1,2
1782471577,gsm-49,osmo-mobile-5f57fbcb5c-tk8kf,3,35
1782471577,gsm-49,osmo-stp-768687f494-5xxfm,1,2
1782471577,gsm-49,ttcn3-tc-26-7-4-5-4-2-1-f7jj5,1,6
1782471577,gsm-49,virtphy-66dd5984b8-g426f,7,1
1782471580,gsm-49,msc-test-stub-5b875d749d-4l6s4,1,16
1782471580,gsm-49,osmo-bsc-594654bd47-q6v5d,1,5
1782471580,gsm-49,osmo-bts-virtual-5f8b9b86fc-85tm2,23,5
1782471580,gsm-49,osmo-hlr-546bdb8988-cvzt6,1,2
1782471580,gsm-49,osmo-mgw-8c8fc67d6-dxwnt,1,2
1782471580,gsm-49,osmo-mobile-5f57fbcb5c-tk8kf,3,35
1782471580,gsm-49,osmo-stp-768687f494-5xxfm,1,2
1782471580,gsm-49,ttcn3-tc-26-7-4-5-4-2-1-f7jj5,1,6
1782471580,gsm-49,virtphy-66dd5984b8-g426f,7,1
1782471583,gsm-49,msc-test-stub-5b875d749d-4l6s4,1,16
1782471583,gsm-49,osmo-bsc-594654bd47-q6v5d,1,5
1782471583,gsm-49,osmo-bts-virtual-5f8b9b86fc-85tm2,24,5
1782471583,gsm-49,osmo-hlr-546bdb8988-cvzt6,1,2
1782471583,gsm-49,osmo-mgw-8c8fc67d6-dxwnt,1,2
1782471583,gsm-49,osmo-mobile-5f57fbcb5c-tk8kf,2,35
1782471583,gsm-49,osmo-stp-768687f494-5xxfm,1,2
1782471583,gsm-49,ttcn3-tc-26-7-4-5-4-2-1-f7jj5,1,6
1782471583,gsm-49,virtphy-66dd5984b8-g426f,6,1
1782471586,gsm-49,msc-test-stub-5b875d749d-4l6s4,1,16
1782471586,gsm-49,osmo-bsc-594654bd47-q6v5d,1,5
1782471586,gsm-49,osmo-bts-virtual-5f8b9b86fc-85tm2,24,5
1782471586,gsm-49,osmo-hlr-546bdb8988-cvzt6,1,2
1782471586,gsm-49,osmo-mgw-8c8fc67d6-dxwnt,1,2
1782471586,gsm-49,osmo-mobile-5f57fbcb5c-tk8kf,2,35
1782471586,gsm-49,osmo-stp-768687f494-5xxfm,1,2
1782471586,gsm-49,ttcn3-tc-26-7-4-5-4-2-1-f7jj5,1,6
1782471586,gsm-49,virtphy-66dd5984b8-g426f,6,1
1782471588,gsm-49,msc-test-stub-5b875d749d-4l6s4,1,16
1782471588,gsm-49,osmo-bsc-594654bd47-q6v5d,1,5
1782471588,gsm-49,osmo-bts-virtual-5f8b9b86fc-85tm2,24,5
1782471588,gsm-49,osmo-hlr-546bdb8988-cvzt6,1,2
1782471588,gsm-49,osmo-mgw-8c8fc67d6-dxwnt,1,2
1782471588,gsm-49,osmo-mobile-5f57fbcb5c-tk8kf,2,35
1782471588,gsm-49,osmo-stp-768687f494-5xxfm,1,2
1782471588,gsm-49,ttcn3-tc-26-7-4-5-4-2-1-f7jj5,1,6
1782471588,gsm-49,virtphy-66dd5984b8-g426f,6,1
1782471590,gsm-49,msc-test-stub-5b875d749d-4l6s4,1,16
1782471590,gsm-49,osmo-bsc-594654bd47-q6v5d,1,5
1782471590,gsm-49,osmo-bts-virtual-5f8b9b86fc-85tm2,24,5
1782471590,gsm-49,osmo-hlr-546bdb8988-cvzt6,1,2
1782471590,gsm-49,osmo-mgw-8c8fc67d6-dxwnt,1,2
1782471590,gsm-49,osmo-mobile-5f57fbcb5c-tk8kf,2,35
1782471590,gsm-49,osmo-stp-768687f494-5xxfm,1,2
1782471590,gsm-49,ttcn3-tc-26-7-4-5-4-2-1-f7jj5,1,6
1782471590,gsm-49,virtphy-66dd5984b8-g426f,6,1
1782471593,gsm-49,msc-test-stub-5b875d749d-4l6s4,1,16
1782471593,gsm-49,osmo-bsc-594654bd47-q6v5d,1,5
1782471593,gsm-49,osmo-bts-virtual-5f8b9b86fc-85tm2,24,5
1782471593,gsm-49,osmo-hlr-546bdb8988-cvzt6,1,2
1782471593,gsm-49,osmo-mgw-8c8fc67d6-dxwnt,1,2
1782471593,gsm-49,osmo-mobile-5f57fbcb5c-tk8kf,2,35
1782471593,gsm-49,osmo-stp-768687f494-5xxfm,1,2
1782471593,gsm-49,ttcn3-tc-26-7-4-5-4-2-1-f7jj5,1,6
1782471593,gsm-49,virtphy-66dd5984b8-g426f,6,1
1782471596,gsm-49,msc-test-stub-5b875d749d-4l6s4,1,16
1782471596,gsm-49,osmo-bsc-594654bd47-q6v5d,1,5
1782471596,gsm-49,osmo-bts-virtual-5f8b9b86fc-85tm2,24,5
1782471596,gsm-49,osmo-hlr-546bdb8988-cvzt6,1,2
1782471596,gsm-49,osmo-mgw-8c8fc67d6-dxwnt,1,2
1782471596,gsm-49,osmo-mobile-5f57fbcb5c-tk8kf,2,35
1782471596,gsm-49,osmo-stp-768687f494-5xxfm,1,2
1782471596,gsm-49,ttcn3-tc-26-7-4-5-4-2-1-f7jj5,1,6
1782471596,gsm-49,virtphy-66dd5984b8-g426f,6,1
1782471598,gsm-49,msc-test-stub-5b875d749d-4l6s4,1,16
1782471598,gsm-49,osmo-bsc-594654bd47-q6v5d,1,5
1782471598,gsm-49,osmo-bts-virtual-5f8b9b86fc-85tm2,24,5
1782471598,gsm-49,osmo-hlr-546bdb8988-cvzt6,1,2
1782471598,gsm-49,osmo-mgw-8c8fc67d6-dxwnt,1,2
1782471598,gsm-49,osmo-mobile-5f57fbcb5c-tk8kf,2,35
1782471598,gsm-49,osmo-stp-768687f494-5xxfm,1,2
1782471598,gsm-49,ttcn3-tc-26-7-4-5-4-2-1-f7jj5,1,6
1782471598,gsm-49,virtphy-66dd5984b8-g426f,6,1
1782471600,gsm-49,msc-test-stub-5b875d749d-4l6s4,1,16
1782471600,gsm-49,osmo-bsc-594654bd47-q6v5d,1,5
1782471600,gsm-49,osmo-bts-virtual-5f8b9b86fc-85tm2,24,5
1782471600,gsm-49,osmo-hlr-546bdb8988-cvzt6,1,2
1782471600,gsm-49,osmo-mgw-8c8fc67d6-dxwnt,1,2
1782471600,gsm-49,osmo-mobile-5f57fbcb5c-tk8kf,2,35
1782471600,gsm-49,osmo-stp-768687f494-5xxfm,1,2
1782471600,gsm-49,ttcn3-tc-26-7-4-5-4-2-1-f7jj5,1,6
1782471600,gsm-49,virtphy-66dd5984b8-g426f,6,1
1782471603,gsm-49,msc-test-stub-5b875d749d-4l6s4,1,16
1782471603,gsm-49,osmo-bsc-594654bd47-q6v5d,1,5
1782471603,gsm-49,osmo-bts-virtual-5f8b9b86fc-85tm2,24,5
1782471603,gsm-49,osmo-hlr-546bdb8988-cvzt6,1,2
1782471603,gsm-49,osmo-mgw-8c8fc67d6-dxwnt,1,2
1782471603,gsm-49,osmo-mobile-5f57fbcb5c-tk8kf,2,35
1782471603,gsm-49,osmo-stp-768687f494-5xxfm,1,2
1782471603,gsm-49,ttcn3-tc-26-7-4-5-4-2-1-f7jj5,1,6
1782471603,gsm-49,virtphy-66dd5984b8-g426f,6,1
1782471606,gsm-49,msc-test-stub-5b875d749d-4l6s4,1,16
1782471606,gsm-49,osmo-bsc-594654bd47-q6v5d,1,5
1782471606,gsm-49,osmo-bts-virtual-5f8b9b86fc-85tm2,24,5
1782471606,gsm-49,osmo-hlr-546bdb8988-cvzt6,1,2
1782471606,gsm-49,osmo-mgw-8c8fc67d6-dxwnt,1,2
1782471606,gsm-49,osmo-mobile-5f57fbcb5c-tk8kf,2,35
1782471606,gsm-49,osmo-stp-768687f494-5xxfm,1,2
1782471606,gsm-49,ttcn3-tc-26-7-4-5-4-2-1-f7jj5,1,6
1782471606,gsm-49,virtphy-66dd5984b8-g426f,6,1
1782471608,gsm-49,msc-test-stub-5b875d749d-4l6s4,1,16
1782471608,gsm-49,osmo-bsc-594654bd47-q6v5d,1,5
1782471608,gsm-49,osmo-bts-virtual-5f8b9b86fc-85tm2,24,5
1782471608,gsm-49,osmo-hlr-546bdb8988-cvzt6,1,2
1782471608,gsm-49,osmo-mgw-8c8fc67d6-dxwnt,1,2
1782471608,gsm-49,osmo-mobile-5f57fbcb5c-tk8kf,2,35
1782471608,gsm-49,osmo-stp-768687f494-5xxfm,1,2
1782471608,gsm-49,ttcn3-tc-26-7-4-5-4-2-1-f7jj5,1,6
1782471608,gsm-49,virtphy-66dd5984b8-g426f,6,1
1782471610,gsm-49,msc-test-stub-5b875d749d-4l6s4,1,16
1782471610,gsm-49,osmo-bsc-594654bd47-q6v5d,1,5
1782471610,gsm-49,osmo-bts-virtual-5f8b9b86fc-85tm2,24,5
1782471610,gsm-49,osmo-hlr-546bdb8988-cvzt6,1,2
1782471610,gsm-49,osmo-mgw-8c8fc67d6-dxwnt,1,2
1782471610,gsm-49,osmo-mobile-5f57fbcb5c-tk8kf,2,35
1782471610,gsm-49,osmo-stp-768687f494-5xxfm,1,2
1782471610,gsm-49,ttcn3-tc-26-7-4-5-4-2-1-f7jj5,1,6
1782471610,gsm-49,virtphy-66dd5984b8-g426f,6,1
1782471613,gsm-49,msc-test-stub-5b875d749d-4l6s4,1,16
1782471613,gsm-49,osmo-bsc-594654bd47-q6v5d,1,5
1782471613,gsm-49,osmo-bts-virtual-5f8b9b86fc-85tm2,25,5
1782471613,gsm-49,osmo-hlr-546bdb8988-cvzt6,1,2
1782471613,gsm-49,osmo-mgw-8c8fc67d6-dxwnt,1,2
1782471613,gsm-49,osmo-mobile-5f57fbcb5c-tk8kf,2,35
1782471613,gsm-49,osmo-stp-768687f494-5xxfm,1,2
1782471613,gsm-49,ttcn3-tc-26-7-4-5-4-2-1-f7jj5,1,6
1782471613,gsm-49,virtphy-66dd5984b8-g426f,5,1
1782471615,gsm-49,msc-test-stub-5b875d749d-4l6s4,1,16
1782471615,gsm-49,osmo-bsc-594654bd47-q6v5d,1,5
1782471615,gsm-49,osmo-bts-virtual-5f8b9b86fc-85tm2,25,5
1782471615,gsm-49,osmo-hlr-546bdb8988-cvzt6,1,2
1782471615,gsm-49,osmo-mgw-8c8fc67d6-dxwnt,1,2
1782471615,gsm-49,osmo-mobile-5f57fbcb5c-tk8kf,2,35
1782471615,gsm-49,osmo-stp-768687f494-5xxfm,1,2
1782471615,gsm-49,ttcn3-tc-26-7-4-5-4-2-1-f7jj5,1,6
1782471615,gsm-49,virtphy-66dd5984b8-g426f,5,1
1782471618,gsm-49,msc-test-stub-5b875d749d-4l6s4,1,16
1782471618,gsm-49,osmo-bsc-594654bd47-q6v5d,1,5
1782471618,gsm-49,osmo-bts-virtual-5f8b9b86fc-85tm2,25,5
1782471618,gsm-49,osmo-hlr-546bdb8988-cvzt6,1,2
1782471618,gsm-49,osmo-mgw-8c8fc67d6-dxwnt,1,2
1782471618,gsm-49,osmo-mobile-5f57fbcb5c-tk8kf,2,35
1782471618,gsm-49,osmo-stp-768687f494-5xxfm,1,2
1782471618,gsm-49,ttcn3-tc-26-7-4-5-4-2-1-f7jj5,1,6
1782471618,gsm-49,virtphy-66dd5984b8-g426f,5,1
1782471620,gsm-49,msc-test-stub-5b875d749d-4l6s4,1,16
1782471620,gsm-49,osmo-bsc-594654bd47-q6v5d,1,5
1782471620,gsm-49,osmo-bts-virtual-5f8b9b86fc-85tm2,25,5
1782471620,gsm-49,osmo-hlr-546bdb8988-cvzt6,1,2
1782471620,gsm-49,osmo-mgw-8c8fc67d6-dxwnt,1,2
1782471620,gsm-49,osmo-mobile-5f57fbcb5c-tk8kf,2,35
1782471620,gsm-49,osmo-stp-768687f494-5xxfm,1,2
1782471620,gsm-49,ttcn3-tc-26-7-4-5-4-2-1-f7jj5,1,6
1782471620,gsm-49,virtphy-66dd5984b8-g426f,5,1
1782471622,gsm-49,msc-test-stub-5b875d749d-4l6s4,1,16
1782471622,gsm-49,osmo-bsc-594654bd47-q6v5d,1,5
1782471622,gsm-49,osmo-bts-virtual-5f8b9b86fc-85tm2,25,5
1782471622,gsm-49,osmo-hlr-546bdb8988-cvzt6,1,2
1782471622,gsm-49,osmo-mgw-8c8fc67d6-dxwnt,1,2
1782471622,gsm-49,osmo-mobile-5f57fbcb5c-tk8kf,2,35
1782471622,gsm-49,osmo-stp-768687f494-5xxfm,1,2
1782471622,gsm-49,ttcn3-tc-26-7-4-5-4-2-1-f7jj5,1,6
1782471622,gsm-49,virtphy-66dd5984b8-g426f,5,1
1782471625,gsm-49,msc-test-stub-5b875d749d-4l6s4,1,16
1782471625,gsm-49,osmo-bsc-594654bd47-q6v5d,1,5
1782471625,gsm-49,osmo-bts-virtual-5f8b9b86fc-85tm2,25,5
1782471625,gsm-49,osmo-hlr-546bdb8988-cvzt6,1,2
1782471625,gsm-49,osmo-mgw-8c8fc67d6-dxwnt,1,2
1782471625,gsm-49,osmo-mobile-5f57fbcb5c-tk8kf,2,35
1782471625,gsm-49,osmo-stp-768687f494-5xxfm,1,2
1782471625,gsm-49,ttcn3-tc-26-7-4-5-4-2-1-f7jj5,1,6
1782471625,gsm-49,virtphy-66dd5984b8-g426f,5,1
1782471628,gsm-49,msc-test-stub-5b875d749d-4l6s4,1,16
1782471628,gsm-49,osmo-bsc-594654bd47-q6v5d,1,5
1782471628,gsm-49,osmo-bts-virtual-5f8b9b86fc-85tm2,27,5
1782471628,gsm-49,osmo-hlr-546bdb8988-cvzt6,1,2
1782471628,gsm-49,osmo-mgw-8c8fc67d6-dxwnt,1,2
1782471628,gsm-49,osmo-mobile-5f57fbcb5c-tk8kf,3,35
1782471628,gsm-49,osmo-stp-768687f494-5xxfm,1,2
1782471628,gsm-49,ttcn3-tc-26-7-4-5-4-2-1-f7jj5,1,6
1782471628,gsm-49,virtphy-66dd5984b8-g426f,7,1
1782471631,gsm-49,msc-test-stub-5b875d749d-4l6s4,1,16
1782471631,gsm-49,osmo-bsc-594654bd47-q6v5d,1,5
1782471631,gsm-49,osmo-bts-virtual-5f8b9b86fc-85tm2,27,5
1782471631,gsm-49,osmo-hlr-546bdb8988-cvzt6,1,2
1782471631,gsm-49,osmo-mgw-8c8fc67d6-dxwnt,1,2
1782471631,gsm-49,osmo-mobile-5f57fbcb5c-tk8kf,3,35
1782471631,gsm-49,osmo-stp-768687f494-5xxfm,1,2
1782471631,gsm-49,ttcn3-tc-26-7-4-5-4-2-1-f7jj5,1,6
1782471631,gsm-49,virtphy-66dd5984b8-g426f,7,1
1782471635,gsm-49,msc-test-stub-5b875d749d-4l6s4,1,16
1782471635,gsm-49,osmo-bsc-594654bd47-q6v5d,1,5
1782471635,gsm-49,osmo-bts-virtual-5f8b9b86fc-85tm2,27,5
1782471635,gsm-49,osmo-hlr-546bdb8988-cvzt6,1,2
1782471635,gsm-49,osmo-mgw-8c8fc67d6-dxwnt,1,2
1782471635,gsm-49,osmo-mobile-5f57fbcb5c-tk8kf,3,35
1782471635,gsm-49,osmo-stp-768687f494-5xxfm,1,2
1782471635,gsm-49,ttcn3-tc-26-7-4-5-4-2-1-f7jj5,1,6
1782471635,gsm-49,virtphy-66dd5984b8-g426f,7,1
1782471637,gsm-49,msc-test-stub-5b875d749d-4l6s4,1,16
1782471637,gsm-49,osmo-bsc-594654bd47-q6v5d,1,5
1782471637,gsm-49,osmo-bts-virtual-5f8b9b86fc-85tm2,27,5
1782471637,gsm-49,osmo-hlr-546bdb8988-cvzt6,1,2
1782471637,gsm-49,osmo-mgw-8c8fc67d6-dxwnt,1,2
1782471637,gsm-49,osmo-mobile-5f57fbcb5c-tk8kf,3,35
1782471637,gsm-49,osmo-stp-768687f494-5xxfm,1,2
1782471637,gsm-49,ttcn3-tc-26-7-4-5-4-2-1-f7jj5,1,6
1782471637,gsm-49,virtphy-66dd5984b8-g426f,7,1
1782471640,gsm-49,msc-test-stub-5b875d749d-4l6s4,1,16
1782471640,gsm-49,osmo-bsc-594654bd47-q6v5d,1,5
1782471640,gsm-49,osmo-bts-virtual-5f8b9b86fc-85tm2,27,5
1782471640,gsm-49,osmo-hlr-546bdb8988-cvzt6,1,2
1782471640,gsm-49,osmo-mgw-8c8fc67d6-dxwnt,1,2
1782471640,gsm-49,osmo-mobile-5f57fbcb5c-tk8kf,3,35
1782471640,gsm-49,osmo-stp-768687f494-5xxfm,1,2
1782471640,gsm-49,ttcn3-tc-26-7-4-5-4-2-1-f7jj5,1,6
1782471640,gsm-49,virtphy-66dd5984b8-g426f,7,1
1782471643,gsm-49,msc-test-stub-5b875d749d-4l6s4,1,16
1782471643,gsm-49,osmo-bsc-594654bd47-q6v5d,1,5
1782471643,gsm-49,osmo-bts-virtual-5f8b9b86fc-85tm2,26,5
1782471643,gsm-49,osmo-hlr-546bdb8988-cvzt6,1,2
1782471643,gsm-49,osmo-mgw-8c8fc67d6-dxwnt,1,2
1782471643,gsm-49,osmo-mobile-5f57fbcb5c-tk8kf,2,35
1782471643,gsm-49,osmo-stp-768687f494-5xxfm,1,2
1782471643,gsm-49,ttcn3-tc-26-7-4-5-4-2-1-f7jj5,1,6
1782471643,gsm-49,virtphy-66dd5984b8-g426f,7,1
1782471646,gsm-49,msc-test-stub-5b875d749d-4l6s4,1,16
1782471646,gsm-49,osmo-bsc-594654bd47-q6v5d,1,5
1782471646,gsm-49,osmo-bts-virtual-5f8b9b86fc-85tm2,26,5
1782471646,gsm-49,osmo-hlr-546bdb8988-cvzt6,1,2
1782471646,gsm-49,osmo-mgw-8c8fc67d6-dxwnt,1,2
1782471646,gsm-49,osmo-mobile-5f57fbcb5c-tk8kf,2,35
1782471646,gsm-49,osmo-stp-768687f494-5xxfm,1,2
1782471646,gsm-49,ttcn3-tc-26-7-4-5-4-2-1-f7jj5,1,6
1782471646,gsm-49,virtphy-66dd5984b8-g426f,7,1
1782471648,gsm-49,msc-test-stub-5b875d749d-4l6s4,1,16
1782471648,gsm-49,osmo-bsc-594654bd47-q6v5d,1,5
1782471648,gsm-49,osmo-bts-virtual-5f8b9b86fc-85tm2,26,5
1782471648,gsm-49,osmo-hlr-546bdb8988-cvzt6,1,2
1782471648,gsm-49,osmo-mgw-8c8fc67d6-dxwnt,1,2
1782471648,gsm-49,osmo-mobile-5f57fbcb5c-tk8kf,2,35
1782471648,gsm-49,osmo-stp-768687f494-5xxfm,1,2
1782471648,gsm-49,ttcn3-tc-26-7-4-5-4-2-1-f7jj5,1,6
1782471648,gsm-49,virtphy-66dd5984b8-g426f,7,1
1782471651,gsm-49,msc-test-stub-5b875d749d-4l6s4,1,16
1782471651,gsm-49,osmo-bsc-594654bd47-q6v5d,1,5
1782471651,gsm-49,osmo-bts-virtual-5f8b9b86fc-85tm2,26,5
1782471651,gsm-49,osmo-hlr-546bdb8988-cvzt6,1,2
1782471651,gsm-49,osmo-mgw-8c8fc67d6-dxwnt,1,2
1782471651,gsm-49,osmo-mobile-5f57fbcb5c-tk8kf,2,35
1782471651,gsm-49,osmo-stp-768687f494-5xxfm,1,2
1782471651,gsm-49,ttcn3-tc-26-7-4-5-4-2-1-f7jj5,1,6
1782471651,gsm-49,virtphy-66dd5984b8-g426f,7,1
1782471653,gsm-49,msc-test-stub-5b875d749d-4l6s4,1,16
1782471653,gsm-49,osmo-bsc-594654bd47-q6v5d,1,5
1782471653,gsm-49,osmo-bts-virtual-5f8b9b86fc-85tm2,26,5
1782471653,gsm-49,osmo-hlr-546bdb8988-cvzt6,1,2
1782471653,gsm-49,osmo-mgw-8c8fc67d6-dxwnt,1,2
1782471653,gsm-49,osmo-mobile-5f57fbcb5c-tk8kf,2,35
1782471653,gsm-49,osmo-stp-768687f494-5xxfm,1,2
1782471653,gsm-49,ttcn3-tc-26-7-4-5-4-2-1-f7jj5,1,6
1782471653,gsm-49,virtphy-66dd5984b8-g426f,7,1
1782471656,gsm-49,msc-test-stub-5b875d749d-4l6s4,1,16
1782471656,gsm-49,osmo-bsc-594654bd47-q6v5d,1,5
1782471656,gsm-49,osmo-bts-virtual-5f8b9b86fc-85tm2,26,5
1782471656,gsm-49,osmo-hlr-546bdb8988-cvzt6,1,2
1782471656,gsm-49,osmo-mgw-8c8fc67d6-dxwnt,1,2
1782471656,gsm-49,osmo-mobile-5f57fbcb5c-tk8kf,2,35
1782471656,gsm-49,osmo-stp-768687f494-5xxfm,1,2
1782471656,gsm-49,ttcn3-tc-26-7-4-5-4-2-1-f7jj5,1,6
1782471656,gsm-49,virtphy-66dd5984b8-g426f,7,1
1782471659,gsm-49,msc-test-stub-5b875d749d-4l6s4,1,16
1782471659,gsm-49,osmo-bsc-594654bd47-q6v5d,1,5
1782471659,gsm-49,osmo-bts-virtual-5f8b9b86fc-85tm2,23,5
1782471659,gsm-49,osmo-hlr-546bdb8988-cvzt6,1,2
1782471659,gsm-49,osmo-mgw-8c8fc67d6-dxwnt,1,2
1782471659,gsm-49,osmo-mobile-5f57fbcb5c-tk8kf,3,35
1782471659,gsm-49,osmo-stp-768687f494-5xxfm,1,2
1782471659,gsm-49,ttcn3-tc-26-7-4-5-4-2-1-f7jj5,1,6
1782471659,gsm-49,virtphy-66dd5984b8-g426f,6,1
1782471661,gsm-49,msc-test-stub-5b875d749d-4l6s4,1,16
1782471661,gsm-49,osmo-bsc-594654bd47-q6v5d,1,5
1782471661,gsm-49,osmo-bts-virtual-5f8b9b86fc-85tm2,23,5
1782471661,gsm-49,osmo-hlr-546bdb8988-cvzt6,1,2
1782471661,gsm-49,osmo-mgw-8c8fc67d6-dxwnt,1,2
1782471661,gsm-49,osmo-mobile-5f57fbcb5c-tk8kf,3,35
1782471661,gsm-49,osmo-stp-768687f494-5xxfm,1,2
1782471661,gsm-49,ttcn3-tc-26-7-4-5-4-2-1-f7jj5,1,6
1782471661,gsm-49,virtphy-66dd5984b8-g426f,6,1
1782471664,gsm-49,msc-test-stub-5b875d749d-4l6s4,1,16
1782471664,gsm-49,osmo-bsc-594654bd47-q6v5d,1,5
1782471664,gsm-49,osmo-bts-virtual-5f8b9b86fc-85tm2,23,5
1782471664,gsm-49,osmo-hlr-546bdb8988-cvzt6,1,2
1782471664,gsm-49,osmo-mgw-8c8fc67d6-dxwnt,1,2
1782471664,gsm-49,osmo-mobile-5f57fbcb5c-tk8kf,3,35
1782471664,gsm-49,osmo-stp-768687f494-5xxfm,1,2
1782471664,gsm-49,ttcn3-tc-26-7-4-5-4-2-1-f7jj5,1,6
1782471664,gsm-49,virtphy-66dd5984b8-g426f,6,1
1782471667,gsm-49,msc-test-stub-5b875d749d-4l6s4,1,16
1782471667,gsm-49,osmo-bsc-594654bd47-q6v5d,1,5
1782471667,gsm-49,osmo-bts-virtual-5f8b9b86fc-85tm2,23,5
1782471667,gsm-49,osmo-hlr-546bdb8988-cvzt6,1,2
1782471667,gsm-49,osmo-mgw-8c8fc67d6-dxwnt,1,2
1782471667,gsm-49,osmo-mobile-5f57fbcb5c-tk8kf,3,35
1782471667,gsm-49,osmo-stp-768687f494-5xxfm,1,2
1782471667,gsm-49,ttcn3-tc-26-7-4-5-4-2-1-f7jj5,1,6
1782471667,gsm-49,virtphy-66dd5984b8-g426f,6,1
1782471669,gsm-49,msc-test-stub-5b875d749d-4l6s4,1,16
1782471669,gsm-49,osmo-bsc-594654bd47-q6v5d,1,5
1782471669,gsm-49,osmo-bts-virtual-5f8b9b86fc-85tm2,23,5
1782471669,gsm-49,osmo-hlr-546bdb8988-cvzt6,1,2
1782471669,gsm-49,osmo-mgw-8c8fc67d6-dxwnt,1,2
1782471669,gsm-49,osmo-mobile-5f57fbcb5c-tk8kf,3,35
1782471669,gsm-49,osmo-stp-768687f494-5xxfm,1,2
1782471669,gsm-49,ttcn3-tc-26-7-4-5-4-2-1-f7jj5,1,6
1782471669,gsm-49,virtphy-66dd5984b8-g426f,6,1
1782471672,gsm-49,msc-test-stub-5b875d749d-4l6s4,1,16
1782471672,gsm-49,osmo-bsc-594654bd47-q6v5d,1,5
1782471672,gsm-49,osmo-bts-virtual-5f8b9b86fc-85tm2,23,5
1782471672,gsm-49,osmo-hlr-546bdb8988-cvzt6,1,2
1782471672,gsm-49,osmo-mgw-8c8fc67d6-dxwnt,1,2
1782471672,gsm-49,osmo-mobile-5f57fbcb5c-tk8kf,3,35
1782471672,gsm-49,osmo-stp-768687f494-5xxfm,1,2
1782471672,gsm-49,ttcn3-tc-26-7-4-5-4-2-1-f7jj5,1,6
1782471672,gsm-49,virtphy-66dd5984b8-g426f,6,1
1782471674,gsm-49,osmo-bsc-594654bd47-q6v5d,1,5
1782471674,gsm-49,osmo-bts-virtual-5f8b9b86fc-85tm2,23,5
1782471674,gsm-49,osmo-hlr-546bdb8988-cvzt6,1,2
1782471674,gsm-49,osmo-mgw-8c8fc67d6-dxwnt,1,2
1782471674,gsm-49,osmo-mobile-5f57fbcb5c-tk8kf,3,35
1782471674,gsm-49,osmo-stp-768687f494-5xxfm,1,2
1782471674,gsm-49,ttcn3-tc-26-7-4-5-4-2-1-f7jj5,1,6
1782471674,gsm-49,virtphy-66dd5984b8-g426f,6,1
1782471677,gsm-49,osmo-bsc-594654bd47-q6v5d,1,5
1782471677,gsm-49,osmo-bts-virtual-5f8b9b86fc-85tm2,23,5
1782471677,gsm-49,osmo-hlr-546bdb8988-cvzt6,1,2
1782471677,gsm-49,osmo-mgw-8c8fc67d6-dxwnt,1,2
1782471677,gsm-49,osmo-mobile-5f57fbcb5c-tk8kf,3,35
1782471677,gsm-49,osmo-stp-768687f494-5xxfm,1,2
1782471677,gsm-49,ttcn3-tc-26-7-4-5-4-2-1-f7jj5,1,6
1782471677,gsm-49,virtphy-66dd5984b8-g426f,6,1
1782471680,gsm-49,osmo-bsc-594654bd47-q6v5d,1,5
1782471680,gsm-49,osmo-bts-virtual-5f8b9b86fc-85tm2,23,5
1782471680,gsm-49,osmo-hlr-546bdb8988-cvzt6,1,2
1782471680,gsm-49,osmo-mgw-8c8fc67d6-dxwnt,1,2
1782471680,gsm-49,osmo-mobile-5f57fbcb5c-tk8kf,3,35
1782471680,gsm-49,osmo-stp-768687f494-5xxfm,1,2
1782471680,gsm-49,ttcn3-tc-26-7-4-5-4-2-1-f7jj5,1,6
1782471680,gsm-49,virtphy-66dd5984b8-g426f,6,1
1782471682,gsm-49,osmo-bsc-594654bd47-q6v5d,1,5
1782471682,gsm-49,osmo-bts-virtual-5f8b9b86fc-85tm2,23,5
1782471682,gsm-49,osmo-hlr-546bdb8988-cvzt6,1,2
1782471682,gsm-49,osmo-mgw-8c8fc67d6-dxwnt,1,2
1782471682,gsm-49,osmo-mobile-5f57fbcb5c-tk8kf,3,35
1782471682,gsm-49,osmo-stp-768687f494-5xxfm,1,2
1782471682,gsm-49,ttcn3-tc-26-7-4-5-4-2-1-f7jj5,1,6
1782471682,gsm-49,virtphy-66dd5984b8-g426f,6,1
1782471685,gsm-49,osmo-bsc-594654bd47-q6v5d,1,5
1782471685,gsm-49,osmo-bts-virtual-5f8b9b86fc-85tm2,23,5
1782471685,gsm-49,osmo-hlr-546bdb8988-cvzt6,1,2
1782471685,gsm-49,osmo-mgw-8c8fc67d6-dxwnt,1,2
1782471685,gsm-49,osmo-mobile-5f57fbcb5c-tk8kf,3,35
1782471685,gsm-49,osmo-stp-768687f494-5xxfm,1,2
1782471685,gsm-49,ttcn3-tc-26-7-4-5-4-2-1-f7jj5,1,6
1782471685,gsm-49,virtphy-66dd5984b8-g426f,6,1
1782471687,gsm-49,osmo-bsc-594654bd47-q6v5d,1,5
1782471687,gsm-49,osmo-bts-virtual-5f8b9b86fc-85tm2,23,5
1782471687,gsm-49,osmo-hlr-546bdb8988-cvzt6,1,2
1782471687,gsm-49,osmo-mgw-8c8fc67d6-dxwnt,1,2
1782471687,gsm-49,osmo-mobile-5f57fbcb5c-tk8kf,3,35
1782471687,gsm-49,osmo-stp-768687f494-5xxfm,1,2
1782471687,gsm-49,ttcn3-tc-26-7-4-5-4-2-1-f7jj5,1,6
1782471687,gsm-49,virtphy-66dd5984b8-g426f,6,1
1782471689,gsm-49,msc-test-stub-5b875d749d-4l6s4,9,16
1782471689,gsm-49,osmo-bsc-594654bd47-q6v5d,1,5
1782471689,gsm-49,osmo-bts-virtual-5f8b9b86fc-85tm2,23,5
1782471689,gsm-49,osmo-hlr-546bdb8988-cvzt6,1,2
1782471689,gsm-49,osmo-mgw-8c8fc67d6-dxwnt,1,2
1782471689,gsm-49,osmo-mobile-5f57fbcb5c-tk8kf,3,35
1782471689,gsm-49,osmo-stp-768687f494-5xxfm,1,2
1782471689,gsm-49,ttcn3-tc-26-7-4-5-4-2-1-f7jj5,1,6
1782471689,gsm-49,virtphy-66dd5984b8-g426f,6,1
1782471692,gsm-49,msc-test-stub-5b875d749d-4l6s4,9,16
1782471692,gsm-49,osmo-bsc-594654bd47-q6v5d,1,5
1782471692,gsm-49,osmo-bts-virtual-5f8b9b86fc-85tm2,23,5
1782471692,gsm-49,osmo-hlr-546bdb8988-cvzt6,1,2
1782471692,gsm-49,osmo-mgw-8c8fc67d6-dxwnt,1,2
1782471692,gsm-49,osmo-mobile-5f57fbcb5c-tk8kf,3,35
1782471692,gsm-49,osmo-stp-768687f494-5xxfm,1,2
1782471692,gsm-49,ttcn3-tc-26-7-4-5-4-2-1-f7jj5,1,6
1782471692,gsm-49,virtphy-66dd5984b8-g426f,6,1
1782471694,gsm-49,msc-test-stub-5b875d749d-4l6s4,9,16
1782471694,gsm-49,osmo-bsc-594654bd47-q6v5d,1,5
1782471694,gsm-49,osmo-bts-virtual-5f8b9b86fc-85tm2,23,5
1782471694,gsm-49,osmo-hlr-546bdb8988-cvzt6,1,2
1782471694,gsm-49,osmo-mgw-8c8fc67d6-dxwnt,1,2
1782471694,gsm-49,osmo-mobile-5f57fbcb5c-tk8kf,3,35
1782471694,gsm-49,osmo-stp-768687f494-5xxfm,1,2
1782471694,gsm-49,ttcn3-tc-26-7-4-5-4-2-1-f7jj5,1,6
1782471694,gsm-49,virtphy-66dd5984b8-g426f,6,1
1782471696,gsm-49,msc-test-stub-5b875d749d-4l6s4,9,16
1782471696,gsm-49,osmo-bsc-594654bd47-q6v5d,1,5
1782471696,gsm-49,osmo-bts-virtual-5f8b9b86fc-85tm2,23,5
1782471696,gsm-49,osmo-hlr-546bdb8988-cvzt6,1,2
1782471696,gsm-49,osmo-mgw-8c8fc67d6-dxwnt,1,2
1782471696,gsm-49,osmo-mobile-5f57fbcb5c-tk8kf,3,35
1782471696,gsm-49,osmo-stp-768687f494-5xxfm,1,2
1782471696,gsm-49,ttcn3-tc-26-7-4-5-4-2-1-f7jj5,1,6
1782471696,gsm-49,virtphy-66dd5984b8-g426f,6,1
1782471699,gsm-49,msc-test-stub-5b875d749d-4l6s4,9,16
1782471699,gsm-49,osmo-bsc-594654bd47-q6v5d,1,5
1782471699,gsm-49,osmo-bts-virtual-5f8b9b86fc-85tm2,23,5
1782471699,gsm-49,osmo-hlr-546bdb8988-cvzt6,1,2
1782471699,gsm-49,osmo-mgw-8c8fc67d6-dxwnt,1,2
1782471699,gsm-49,osmo-mobile-5f57fbcb5c-tk8kf,3,35
1782471699,gsm-49,osmo-stp-768687f494-5xxfm,1,2
1782471699,gsm-49,ttcn3-tc-26-7-4-5-4-2-1-f7jj5,1,6
1782471699,gsm-49,virtphy-66dd5984b8-g426f,6,1
1782471701,gsm-49,msc-test-stub-5b875d749d-4l6s4,9,16
1782471701,gsm-49,osmo-bsc-594654bd47-q6v5d,1,5
1782471701,gsm-49,osmo-bts-virtual-5f8b9b86fc-85tm2,23,5
1782471701,gsm-49,osmo-hlr-546bdb8988-cvzt6,1,2
1782471701,gsm-49,osmo-mgw-8c8fc67d6-dxwnt,1,2
1782471701,gsm-49,osmo-mobile-5f57fbcb5c-tk8kf,3,35
1782471701,gsm-49,osmo-stp-768687f494-5xxfm,1,2
1782471701,gsm-49,ttcn3-tc-26-7-4-5-4-2-1-f7jj5,1,6
1782471701,gsm-49,virtphy-66dd5984b8-g426f,6,1
1782471703,gsm-49,msc-test-stub-5b875d749d-4l6s4,1,16
1782471703,gsm-49,osmo-bsc-594654bd47-q6v5d,1,5
1782471703,gsm-49,osmo-bts-virtual-5f8b9b86fc-85tm2,22,5
1782471703,gsm-49,osmo-hlr-546bdb8988-cvzt6,1,2
1782471703,gsm-49,osmo-mgw-8c8fc67d6-dxwnt,1,2
1782471703,gsm-49,osmo-mobile-5f57fbcb5c-tk8kf,3,35
1782471703,gsm-49,osmo-stp-768687f494-5xxfm,1,2
1782471703,gsm-49,ttcn3-tc-26-7-4-5-4-2-1-f7jj5,1,6
1782471703,gsm-49,virtphy-66dd5984b8-g426f,6,1
1782471708,gsm-49,msc-test-stub-5b875d749d-4l6s4,1,16
1782471708,gsm-49,osmo-bsc-594654bd47-q6v5d,1,5
1782471708,gsm-49,osmo-bts-virtual-5f8b9b86fc-85tm2,22,5
1782471708,gsm-49,osmo-hlr-546bdb8988-cvzt6,1,2
1782471708,gsm-49,osmo-mgw-8c8fc67d6-dxwnt,1,2
1782471708,gsm-49,osmo-mobile-5f57fbcb5c-tk8kf,3,35
1782471708,gsm-49,osmo-stp-768687f494-5xxfm,1,2
1782471708,gsm-49,ttcn3-tc-26-7-4-5-4-2-1-f7jj5,1,6
1782471708,gsm-49,virtphy-66dd5984b8-g426f,6,1
1782471710,gsm-49,msc-test-stub-5b875d749d-4l6s4,1,16
1782471710,gsm-49,osmo-bsc-594654bd47-q6v5d,1,5
1782471710,gsm-49,osmo-bts-virtual-5f8b9b86fc-85tm2,22,5
1782471710,gsm-49,osmo-hlr-546bdb8988-cvzt6,1,2
1782471710,gsm-49,osmo-mgw-8c8fc67d6-dxwnt,1,2
1782471710,gsm-49,osmo-mobile-5f57fbcb5c-tk8kf,3,35
1782471710,gsm-49,osmo-stp-768687f494-5xxfm,1,2
1782471710,gsm-49,ttcn3-tc-26-7-4-5-4-2-1-f7jj5,1,6
1782471710,gsm-49,virtphy-66dd5984b8-g426f,6,1
1782471714,gsm-49,msc-test-stub-5b875d749d-4l6s4,1,16
1782471714,gsm-49,osmo-bsc-594654bd47-q6v5d,1,5
1782471714,gsm-49,osmo-bts-virtual-5f8b9b86fc-85tm2,22,5
1782471714,gsm-49,osmo-hlr-546bdb8988-cvzt6,1,2
1782471714,gsm-49,osmo-mgw-8c8fc67d6-dxwnt,1,2
1782471714,gsm-49,osmo-mobile-5f57fbcb5c-tk8kf,3,35
1782471714,gsm-49,osmo-stp-768687f494-5xxfm,1,2
1782471714,gsm-49,ttcn3-tc-26-7-4-5-4-2-1-f7jj5,1,6
1782471714,gsm-49,virtphy-66dd5984b8-g426f,6,1
1782471716,gsm-49,msc-test-stub-5b875d749d-4l6s4,1,16
1782471716,gsm-49,osmo-bsc-594654bd47-q6v5d,1,5
1782471716,gsm-49,osmo-bts-virtual-5f8b9b86fc-85tm2,22,5
1782471716,gsm-49,osmo-hlr-546bdb8988-cvzt6,1,2
1782471716,gsm-49,osmo-mgw-8c8fc67d6-dxwnt,1,2
1782471716,gsm-49,osmo-mobile-5f57fbcb5c-tk8kf,3,35
1782471716,gsm-49,osmo-stp-768687f494-5xxfm,1,2
1782471716,gsm-49,ttcn3-tc-26-7-4-5-4-2-1-f7jj5,1,6
1782471716,gsm-49,virtphy-66dd5984b8-g426f,6,1
1782471719,gsm-49,msc-test-stub-5b875d749d-4l6s4,1,16
1782471719,gsm-49,osmo-bsc-594654bd47-q6v5d,1,5
1782471719,gsm-49,osmo-bts-virtual-5f8b9b86fc-85tm2,20,5
1782471719,gsm-49,osmo-hlr-546bdb8988-cvzt6,1,2
1782471719,gsm-49,osmo-mgw-8c8fc67d6-dxwnt,1,2
1782471719,gsm-49,osmo-mobile-5f57fbcb5c-tk8kf,3,35
1782471719,gsm-49,osmo-stp-768687f494-5xxfm,1,2
1782471719,gsm-49,ttcn3-tc-26-7-4-5-4-2-1-f7jj5,1,6
1782471719,gsm-49,virtphy-66dd5984b8-g426f,7,1
1782471721,gsm-49,msc-test-stub-5b875d749d-4l6s4,1,16
1782471721,gsm-49,osmo-bsc-594654bd47-q6v5d,1,5
1782471721,gsm-49,osmo-bts-virtual-5f8b9b86fc-85tm2,20,5
1782471721,gsm-49,osmo-hlr-546bdb8988-cvzt6,1,2
1782471721,gsm-49,osmo-mgw-8c8fc67d6-dxwnt,1,2
1782471721,gsm-49,osmo-mobile-5f57fbcb5c-tk8kf,3,35
1782471721,gsm-49,osmo-stp-768687f494-5xxfm,1,2
1782471721,gsm-49,ttcn3-tc-26-7-4-5-4-2-1-f7jj5,1,6
1782471721,gsm-49,virtphy-66dd5984b8-g426f,7,1
1782471724,gsm-49,msc-test-stub-5b875d749d-4l6s4,1,16
1782471724,gsm-49,osmo-bsc-594654bd47-q6v5d,1,5
1782471724,gsm-49,osmo-bts-virtual-5f8b9b86fc-85tm2,20,5
1782471724,gsm-49,osmo-hlr-546bdb8988-cvzt6,1,2
1782471724,gsm-49,osmo-mgw-8c8fc67d6-dxwnt,1,2
1782471724,gsm-49,osmo-mobile-5f57fbcb5c-tk8kf,3,35
1782471724,gsm-49,osmo-stp-768687f494-5xxfm,1,2
1782471724,gsm-49,ttcn3-tc-26-7-4-5-4-2-1-f7jj5,1,6
1782471724,gsm-49,virtphy-66dd5984b8-g426f,7,1
1782471727,gsm-49,msc-test-stub-5b875d749d-4l6s4,1,16
1782471727,gsm-49,osmo-bsc-594654bd47-q6v5d,1,5
1782471727,gsm-49,osmo-bts-virtual-5f8b9b86fc-85tm2,20,5
1782471727,gsm-49,osmo-hlr-546bdb8988-cvzt6,1,2
1782471727,gsm-49,osmo-mgw-8c8fc67d6-dxwnt,1,2
1782471727,gsm-49,osmo-mobile-5f57fbcb5c-tk8kf,3,35
1782471727,gsm-49,osmo-stp-768687f494-5xxfm,1,2
1782471727,gsm-49,ttcn3-tc-26-7-4-5-4-2-1-f7jj5,1,6
1782471727,gsm-49,virtphy-66dd5984b8-g426f,7,1
1782471730,gsm-49,msc-test-stub-5b875d749d-4l6s4,1,16
1782471730,gsm-49,osmo-bsc-594654bd47-q6v5d,1,5
1782471730,gsm-49,osmo-bts-virtual-5f8b9b86fc-85tm2,20,5
1782471730,gsm-49,osmo-hlr-546bdb8988-cvzt6,1,2
1782471730,gsm-49,osmo-mgw-8c8fc67d6-dxwnt,1,2
1782471730,gsm-49,osmo-mobile-5f57fbcb5c-tk8kf,3,35
1782471730,gsm-49,osmo-stp-768687f494-5xxfm,1,2
1782471730,gsm-49,ttcn3-tc-26-7-4-5-4-2-1-f7jj5,1,6
1782471730,gsm-49,virtphy-66dd5984b8-g426f,7,1
1782471732,gsm-49,msc-test-stub-5b875d749d-4l6s4,1,16
1782471732,gsm-49,osmo-bsc-594654bd47-q6v5d,1,5
1782471732,gsm-49,osmo-bts-virtual-5f8b9b86fc-85tm2,22,5
1782471732,gsm-49,osmo-hlr-546bdb8988-cvzt6,1,2
1782471732,gsm-49,osmo-mgw-8c8fc67d6-dxwnt,1,2
1782471732,gsm-49,osmo-mobile-5f57fbcb5c-tk8kf,2,35
1782471732,gsm-49,osmo-stp-768687f494-5xxfm,1,2
1782471732,gsm-49,ttcn3-tc-26-7-4-5-4-2-1-f7jj5,1,6
1782471732,gsm-49,virtphy-66dd5984b8-g426f,7,1
1782471737,gsm-49,msc-test-stub-5b875d749d-4l6s4,1,16
1782471737,gsm-49,osmo-bsc-594654bd47-q6v5d,1,5
1782471737,gsm-49,osmo-bts-virtual-5f8b9b86fc-85tm2,22,5
1782471737,gsm-49,osmo-hlr-546bdb8988-cvzt6,1,2
1782471737,gsm-49,osmo-mgw-8c8fc67d6-dxwnt,1,2
1782471737,gsm-49,osmo-mobile-5f57fbcb5c-tk8kf,2,35
1782471737,gsm-49,osmo-stp-768687f494-5xxfm,1,2
1782471737,gsm-49,ttcn3-tc-26-7-4-5-4-2-1-f7jj5,1,6
1782471737,gsm-49,virtphy-66dd5984b8-g426f,7,1
1782471739,gsm-49,msc-test-stub-5b875d749d-4l6s4,1,16
1782471739,gsm-49,osmo-bsc-594654bd47-q6v5d,1,5
1782471739,gsm-49,osmo-bts-virtual-5f8b9b86fc-85tm2,22,5
1782471739,gsm-49,osmo-hlr-546bdb8988-cvzt6,1,2
1782471739,gsm-49,osmo-mgw-8c8fc67d6-dxwnt,1,2
1782471739,gsm-49,osmo-mobile-5f57fbcb5c-tk8kf,2,35
1782471739,gsm-49,osmo-stp-768687f494-5xxfm,1,2
1782471739,gsm-49,ttcn3-tc-26-7-4-5-4-2-1-f7jj5,1,6
1782471739,gsm-49,virtphy-66dd5984b8-g426f,7,1
1782471742,gsm-49,msc-test-stub-5b875d749d-4l6s4,1,16
1782471742,gsm-49,osmo-bsc-594654bd47-q6v5d,1,5
1782471742,gsm-49,osmo-bts-virtual-5f8b9b86fc-85tm2,22,5
1782471742,gsm-49,osmo-hlr-546bdb8988-cvzt6,1,2
1782471742,gsm-49,osmo-mgw-8c8fc67d6-dxwnt,1,2
1782471742,gsm-49,osmo-mobile-5f57fbcb5c-tk8kf,2,35
1782471742,gsm-49,osmo-stp-768687f494-5xxfm,1,2
1782471742,gsm-49,ttcn3-tc-26-7-4-5-4-2-1-f7jj5,1,6
1782471742,gsm-49,virtphy-66dd5984b8-g426f,7,1
1782471744,gsm-49,msc-test-stub-5b875d749d-4l6s4,1,16
1782471744,gsm-49,osmo-bsc-594654bd47-q6v5d,1,5
1782471744,gsm-49,osmo-bts-virtual-5f8b9b86fc-85tm2,22,5
1782471744,gsm-49,osmo-hlr-546bdb8988-cvzt6,1,2
1782471744,gsm-49,osmo-mgw-8c8fc67d6-dxwnt,1,2
1782471744,gsm-49,osmo-mobile-5f57fbcb5c-tk8kf,2,35
1782471744,gsm-49,osmo-stp-768687f494-5xxfm,1,2
1782471744,gsm-49,ttcn3-tc-26-7-4-5-4-2-1-f7jj5,1,6
1782471744,gsm-49,virtphy-66dd5984b8-g426f,7,1
1782471746,gsm-49,msc-test-stub-5b875d749d-4l6s4,1,16
1782471746,gsm-49,osmo-bsc-594654bd47-q6v5d,1,5
1782471746,gsm-49,osmo-bts-virtual-5f8b9b86fc-85tm2,22,5
1782471746,gsm-49,osmo-hlr-546bdb8988-cvzt6,1,2
1782471746,gsm-49,osmo-mgw-8c8fc67d6-dxwnt,1,2
1782471746,gsm-49,osmo-mobile-5f57fbcb5c-tk8kf,2,35
1782471746,gsm-49,osmo-stp-768687f494-5xxfm,1,2
1782471746,gsm-49,ttcn3-tc-26-7-4-5-4-2-1-f7jj5,1,6
1782471746,gsm-49,virtphy-66dd5984b8-g426f,7,1
1782471749,gsm-49,msc-test-stub-5b875d749d-4l6s4,1,16
1782471749,gsm-49,osmo-bsc-594654bd47-q6v5d,1,5
1782471749,gsm-49,osmo-bts-virtual-5f8b9b86fc-85tm2,21,5
1782471749,gsm-49,osmo-hlr-546bdb8988-cvzt6,1,2
1782471749,gsm-49,osmo-mgw-8c8fc67d6-dxwnt,1,2
1782471749,gsm-49,osmo-mobile-5f57fbcb5c-tk8kf,2,35
1782471749,gsm-49,osmo-stp-768687f494-5xxfm,1,2
1782471749,gsm-49,ttcn3-tc-26-7-4-5-4-2-1-f7jj5,1,6
1782471749,gsm-49,virtphy-66dd5984b8-g426f,6,1
1782471752,gsm-49,msc-test-stub-5b875d749d-4l6s4,1,16
1782471752,gsm-49,osmo-bsc-594654bd47-q6v5d,1,5
1782471752,gsm-49,osmo-bts-virtual-5f8b9b86fc-85tm2,21,5
1782471752,gsm-49,osmo-hlr-546bdb8988-cvzt6,1,2
1782471752,gsm-49,osmo-mgw-8c8fc67d6-dxwnt,1,2
1782471752,gsm-49,osmo-mobile-5f57fbcb5c-tk8kf,2,35
1782471752,gsm-49,osmo-stp-768687f494-5xxfm,1,2
1782471752,gsm-49,virtphy-66dd5984b8-g426f,6,1
