unix_ts,namespace,pod,cpu_m,mem_mib
1781600429,gsm-8,msc-test-stub-5b875d749d-dxqzs,2,16
1781600429,gsm-8,osmo-bts-virtual-5f8b9b86fc-tvcxl,11,7
1781600429,gsm-8,osmo-hlr-546bdb8988-vb8bb,1,2
1781600429,gsm-8,osmo-mgw-8c8fc67d6-v9gr9,1,2
1781600429,gsm-8,osmo-stp-768687f494-shd7q,1,2
1781600429,gsm-8,virtphy-86b4bdf559-ks45z,7,2
1781600431,gsm-8,msc-test-stub-5b875d749d-dxqzs,2,16
1781600431,gsm-8,osmo-bts-virtual-5f8b9b86fc-tvcxl,11,7
1781600431,gsm-8,osmo-hlr-546bdb8988-vb8bb,1,2
1781600431,gsm-8,osmo-mgw-8c8fc67d6-v9gr9,1,2
1781600431,gsm-8,osmo-stp-768687f494-shd7q,1,2
1781600431,gsm-8,virtphy-86b4bdf559-ks45z,7,2
1781600433,gsm-8,msc-test-stub-5b875d749d-dxqzs,2,16
1781600433,gsm-8,osmo-bts-virtual-5f8b9b86fc-tvcxl,11,7
1781600433,gsm-8,osmo-hlr-546bdb8988-vb8bb,1,2
1781600433,gsm-8,osmo-mgw-8c8fc67d6-v9gr9,1,2
1781600433,gsm-8,osmo-stp-768687f494-shd7q,1,2
1781600433,gsm-8,virtphy-86b4bdf559-ks45z,7,2
1781600435,gsm-8,msc-test-stub-5b875d749d-dxqzs,2,16
1781600435,gsm-8,osmo-bts-virtual-5f8b9b86fc-tvcxl,11,7
1781600435,gsm-8,osmo-hlr-546bdb8988-vb8bb,1,2
1781600435,gsm-8,osmo-mgw-8c8fc67d6-v9gr9,1,2
1781600435,gsm-8,osmo-stp-768687f494-shd7q,1,2
1781600435,gsm-8,virtphy-86b4bdf559-ks45z,7,2
1781600438,gsm-8,msc-test-stub-5b875d749d-dxqzs,2,16
1781600438,gsm-8,osmo-bts-virtual-5f8b9b86fc-tvcxl,11,7
1781600438,gsm-8,osmo-hlr-546bdb8988-vb8bb,1,2
1781600438,gsm-8,osmo-mgw-8c8fc67d6-v9gr9,1,2
1781600438,gsm-8,osmo-stp-768687f494-shd7q,1,2
1781600438,gsm-8,virtphy-86b4bdf559-ks45z,7,2
1781600440,gsm-8,msc-test-stub-5b875d749d-dxqzs,2,16
1781600440,gsm-8,osmo-bts-virtual-5f8b9b86fc-tvcxl,11,7
1781600440,gsm-8,osmo-hlr-546bdb8988-vb8bb,1,2
1781600440,gsm-8,osmo-mgw-8c8fc67d6-v9gr9,1,2
1781600440,gsm-8,osmo-stp-768687f494-shd7q,1,2
1781600440,gsm-8,virtphy-86b4bdf559-ks45z,7,2
1781600442,gsm-8,msc-test-stub-5b875d749d-dxqzs,1,16
1781600442,gsm-8,osmo-bsc-594654bd47-5zskx,1,5
1781600442,gsm-8,osmo-bts-virtual-5f8b9b86fc-tvcxl,11,7
1781600442,gsm-8,osmo-hlr-546bdb8988-vb8bb,1,2
1781600442,gsm-8,osmo-mgw-8c8fc67d6-v9gr9,1,2
1781600442,gsm-8,osmo-mobile-7f88cc47b4-wjcqt,6,28
1781600442,gsm-8,osmo-stp-768687f494-shd7q,1,2
1781600442,gsm-8,virtphy-86b4bdf559-ks45z,7,1
1781600445,gsm-8,msc-test-stub-5b875d749d-dxqzs,1,16
1781600445,gsm-8,osmo-bsc-594654bd47-5zskx,1,5
1781600445,gsm-8,osmo-bts-virtual-5f8b9b86fc-tvcxl,11,7
1781600445,gsm-8,osmo-hlr-546bdb8988-vb8bb,1,2
1781600445,gsm-8,osmo-mgw-8c8fc67d6-v9gr9,1,2
1781600445,gsm-8,osmo-mobile-7f88cc47b4-wjcqt,6,28
1781600445,gsm-8,osmo-stp-768687f494-shd7q,1,2
1781600445,gsm-8,virtphy-86b4bdf559-ks45z,7,1
1781600447,gsm-8,msc-test-stub-5b875d749d-dxqzs,1,16
1781600447,gsm-8,osmo-bsc-594654bd47-5zskx,1,5
1781600447,gsm-8,osmo-bts-virtual-5f8b9b86fc-tvcxl,11,7
1781600447,gsm-8,osmo-hlr-546bdb8988-vb8bb,1,2
1781600447,gsm-8,osmo-mgw-8c8fc67d6-v9gr9,1,2
1781600447,gsm-8,osmo-mobile-7f88cc47b4-wjcqt,6,28
1781600447,gsm-8,osmo-stp-768687f494-shd7q,1,2
1781600447,gsm-8,virtphy-86b4bdf559-ks45z,7,1
1781600450,gsm-8,msc-test-stub-5b875d749d-dxqzs,1,16
1781600450,gsm-8,osmo-bsc-594654bd47-5zskx,1,5
1781600450,gsm-8,osmo-bts-virtual-5f8b9b86fc-tvcxl,11,7
1781600450,gsm-8,osmo-hlr-546bdb8988-vb8bb,1,2
1781600450,gsm-8,osmo-mgw-8c8fc67d6-v9gr9,1,2
1781600450,gsm-8,osmo-mobile-7f88cc47b4-wjcqt,6,28
1781600450,gsm-8,osmo-stp-768687f494-shd7q,1,2
1781600450,gsm-8,virtphy-86b4bdf559-ks45z,7,1
1781600452,gsm-8,msc-test-stub-5b875d749d-dxqzs,1,16
1781600452,gsm-8,osmo-bsc-594654bd47-5zskx,1,5
1781600452,gsm-8,osmo-bts-virtual-5f8b9b86fc-tvcxl,11,7
1781600452,gsm-8,osmo-hlr-546bdb8988-vb8bb,1,2
1781600452,gsm-8,osmo-mgw-8c8fc67d6-v9gr9,1,2
1781600452,gsm-8,osmo-mobile-7f88cc47b4-wjcqt,6,28
1781600452,gsm-8,osmo-stp-768687f494-shd7q,1,2
1781600452,gsm-8,virtphy-86b4bdf559-ks45z,7,1
1781600454,gsm-8,msc-test-stub-5b875d749d-dxqzs,1,16
1781600454,gsm-8,osmo-bsc-594654bd47-5zskx,1,5
1781600454,gsm-8,osmo-bts-virtual-5f8b9b86fc-tvcxl,11,7
1781600454,gsm-8,osmo-hlr-546bdb8988-vb8bb,1,2
1781600454,gsm-8,osmo-mgw-8c8fc67d6-v9gr9,1,2
1781600454,gsm-8,osmo-mobile-7f88cc47b4-wjcqt,6,28
1781600454,gsm-8,osmo-stp-768687f494-shd7q,1,2
1781600454,gsm-8,virtphy-86b4bdf559-ks45z,7,1
1781600456,gsm-8,msc-test-stub-5b875d749d-dxqzs,1,16
1781600456,gsm-8,osmo-bsc-594654bd47-5zskx,1,5
1781600456,gsm-8,osmo-bts-virtual-5f8b9b86fc-tvcxl,11,7
1781600456,gsm-8,osmo-hlr-546bdb8988-vb8bb,1,2
1781600456,gsm-8,osmo-mgw-8c8fc67d6-v9gr9,1,2
1781600456,gsm-8,osmo-mobile-7f88cc47b4-wjcqt,6,28
1781600456,gsm-8,osmo-stp-768687f494-shd7q,1,2
1781600456,gsm-8,virtphy-86b4bdf559-ks45z,7,1
1781600459,gsm-8,msc-test-stub-5b875d749d-dxqzs,1,16
1781600459,gsm-8,osmo-bsc-594654bd47-5zskx,1,5
1781600459,gsm-8,osmo-bts-virtual-5f8b9b86fc-tvcxl,11,5
1781600459,gsm-8,osmo-hlr-546bdb8988-vb8bb,1,2
1781600459,gsm-8,osmo-mgw-8c8fc67d6-v9gr9,1,2
1781600459,gsm-8,osmo-mobile-7f88cc47b4-wjcqt,3,28
1781600459,gsm-8,osmo-stp-768687f494-shd7q,1,2
1781600459,gsm-8,virtphy-86b4bdf559-ks45z,8,1
1781600461,gsm-8,msc-test-stub-5b875d749d-dxqzs,1,16
1781600461,gsm-8,osmo-bsc-594654bd47-5zskx,1,5
1781600461,gsm-8,osmo-bts-virtual-5f8b9b86fc-tvcxl,11,5
1781600461,gsm-8,osmo-hlr-546bdb8988-vb8bb,1,2
1781600461,gsm-8,osmo-mgw-8c8fc67d6-v9gr9,1,2
1781600461,gsm-8,osmo-mobile-7f88cc47b4-wjcqt,3,28
1781600461,gsm-8,osmo-stp-768687f494-shd7q,1,2
1781600461,gsm-8,virtphy-86b4bdf559-ks45z,8,1
1781600464,gsm-8,msc-test-stub-5b875d749d-dxqzs,1,16
1781600464,gsm-8,osmo-bsc-594654bd47-5zskx,1,5
1781600464,gsm-8,osmo-bts-virtual-5f8b9b86fc-tvcxl,11,5
1781600464,gsm-8,osmo-hlr-546bdb8988-vb8bb,1,2
1781600464,gsm-8,osmo-mgw-8c8fc67d6-v9gr9,1,2
1781600464,gsm-8,osmo-mobile-7f88cc47b4-wjcqt,3,28
1781600464,gsm-8,osmo-stp-768687f494-shd7q,1,2
1781600464,gsm-8,virtphy-86b4bdf559-ks45z,8,1
1781600466,gsm-8,msc-test-stub-5b875d749d-dxqzs,1,16
1781600466,gsm-8,osmo-bsc-594654bd47-5zskx,1,5
1781600466,gsm-8,osmo-bts-virtual-5f8b9b86fc-tvcxl,11,5
1781600466,gsm-8,osmo-hlr-546bdb8988-vb8bb,1,2
1781600466,gsm-8,osmo-mgw-8c8fc67d6-v9gr9,1,2
1781600466,gsm-8,osmo-mobile-7f88cc47b4-wjcqt,3,28
1781600466,gsm-8,osmo-stp-768687f494-shd7q,1,2
1781600466,gsm-8,virtphy-86b4bdf559-ks45z,8,1
1781600468,gsm-8,msc-test-stub-5b875d749d-dxqzs,1,16
1781600468,gsm-8,osmo-bsc-594654bd47-5zskx,1,5
1781600468,gsm-8,osmo-bts-virtual-5f8b9b86fc-tvcxl,11,5
1781600468,gsm-8,osmo-hlr-546bdb8988-vb8bb,1,2
1781600468,gsm-8,osmo-mgw-8c8fc67d6-v9gr9,1,2
1781600468,gsm-8,osmo-mobile-7f88cc47b4-wjcqt,3,28
1781600468,gsm-8,osmo-stp-768687f494-shd7q,1,2
1781600468,gsm-8,virtphy-86b4bdf559-ks45z,8,1
1781600471,gsm-8,msc-test-stub-5b875d749d-dxqzs,1,16
1781600471,gsm-8,osmo-bsc-594654bd47-5zskx,1,5
1781600471,gsm-8,osmo-bts-virtual-5f8b9b86fc-tvcxl,11,5
1781600471,gsm-8,osmo-hlr-546bdb8988-vb8bb,1,2
1781600471,gsm-8,osmo-mgw-8c8fc67d6-v9gr9,1,2
1781600471,gsm-8,osmo-mobile-7f88cc47b4-wjcqt,3,28
1781600471,gsm-8,osmo-stp-768687f494-shd7q,1,2
1781600471,gsm-8,virtphy-86b4bdf559-ks45z,8,1
1781600473,gsm-8,msc-test-stub-5b875d749d-dxqzs,1,16
1781600473,gsm-8,osmo-bsc-594654bd47-5zskx,1,5
1781600473,gsm-8,osmo-bts-virtual-5f8b9b86fc-tvcxl,10,6
1781600473,gsm-8,osmo-hlr-546bdb8988-vb8bb,1,2
1781600473,gsm-8,osmo-mgw-8c8fc67d6-v9gr9,1,2
1781600473,gsm-8,osmo-mobile-7f88cc47b4-wjcqt,3,28
1781600473,gsm-8,osmo-stp-768687f494-shd7q,1,2
1781600473,gsm-8,virtphy-86b4bdf559-ks45z,7,1
1781600476,gsm-8,msc-test-stub-5b875d749d-dxqzs,1,16
1781600476,gsm-8,osmo-bsc-594654bd47-5zskx,1,5
1781600476,gsm-8,osmo-bts-virtual-5f8b9b86fc-tvcxl,10,6
1781600476,gsm-8,osmo-hlr-546bdb8988-vb8bb,1,2
1781600476,gsm-8,osmo-mgw-8c8fc67d6-v9gr9,1,2
1781600476,gsm-8,osmo-mobile-7f88cc47b4-wjcqt,3,28
1781600476,gsm-8,osmo-stp-768687f494-shd7q,1,2
1781600476,gsm-8,virtphy-86b4bdf559-ks45z,7,1
1781600479,gsm-8,msc-test-stub-5b875d749d-dxqzs,1,16
1781600479,gsm-8,osmo-bsc-594654bd47-5zskx,1,5
1781600479,gsm-8,osmo-bts-virtual-5f8b9b86fc-tvcxl,10,6
1781600479,gsm-8,osmo-hlr-546bdb8988-vb8bb,1,2
1781600479,gsm-8,osmo-mgw-8c8fc67d6-v9gr9,1,2
1781600479,gsm-8,osmo-mobile-7f88cc47b4-wjcqt,3,28
1781600479,gsm-8,osmo-stp-768687f494-shd7q,1,2
1781600479,gsm-8,virtphy-86b4bdf559-ks45z,7,1
1781600481,gsm-8,msc-test-stub-5b875d749d-dxqzs,1,16
1781600481,gsm-8,osmo-bsc-594654bd47-5zskx,1,5
1781600481,gsm-8,osmo-bts-virtual-5f8b9b86fc-tvcxl,10,6
1781600481,gsm-8,osmo-hlr-546bdb8988-vb8bb,1,2
1781600481,gsm-8,osmo-mgw-8c8fc67d6-v9gr9,1,2
1781600481,gsm-8,osmo-mobile-7f88cc47b4-wjcqt,3,28
1781600481,gsm-8,osmo-stp-768687f494-shd7q,1,2
1781600481,gsm-8,virtphy-86b4bdf559-ks45z,7,1
1781600484,gsm-8,msc-test-stub-5b875d749d-dxqzs,1,16
1781600484,gsm-8,osmo-bsc-594654bd47-5zskx,1,5
1781600484,gsm-8,osmo-bts-virtual-5f8b9b86fc-tvcxl,10,6
1781600484,gsm-8,osmo-hlr-546bdb8988-vb8bb,1,2
1781600484,gsm-8,osmo-mgw-8c8fc67d6-v9gr9,1,2
1781600484,gsm-8,osmo-mobile-7f88cc47b4-wjcqt,3,28
1781600484,gsm-8,osmo-stp-768687f494-shd7q,1,2
1781600484,gsm-8,virtphy-86b4bdf559-ks45z,7,1
1781600486,gsm-8,msc-test-stub-5b875d749d-dxqzs,1,16
1781600486,gsm-8,osmo-bsc-594654bd47-5zskx,1,5
1781600486,gsm-8,osmo-bts-virtual-5f8b9b86fc-tvcxl,10,6
1781600486,gsm-8,osmo-hlr-546bdb8988-vb8bb,1,2
1781600486,gsm-8,osmo-mgw-8c8fc67d6-v9gr9,1,2
1781600486,gsm-8,osmo-mobile-7f88cc47b4-wjcqt,3,28
1781600486,gsm-8,osmo-stp-768687f494-shd7q,1,2
1781600486,gsm-8,virtphy-86b4bdf559-ks45z,7,1
1781600489,gsm-8,msc-test-stub-5b875d749d-dxqzs,1,16
1781600489,gsm-8,osmo-bsc-594654bd47-5zskx,1,5
1781600489,gsm-8,osmo-bts-virtual-5f8b9b86fc-tvcxl,11,9
1781600489,gsm-8,osmo-hlr-546bdb8988-vb8bb,1,2
1781600489,gsm-8,osmo-mgw-8c8fc67d6-v9gr9,1,2
1781600489,gsm-8,osmo-mobile-7f88cc47b4-wjcqt,2,28
1781600489,gsm-8,osmo-stp-768687f494-shd7q,1,2
1781600489,gsm-8,virtphy-86b4bdf559-ks45z,8,2
1781600491,gsm-8,msc-test-stub-5b875d749d-dxqzs,1,16
1781600491,gsm-8,osmo-bsc-594654bd47-5zskx,1,5
1781600491,gsm-8,osmo-bts-virtual-5f8b9b86fc-tvcxl,11,9
1781600491,gsm-8,osmo-hlr-546bdb8988-vb8bb,1,2
1781600491,gsm-8,osmo-mgw-8c8fc67d6-v9gr9,1,2
1781600491,gsm-8,osmo-mobile-7f88cc47b4-wjcqt,2,28
1781600491,gsm-8,osmo-stp-768687f494-shd7q,1,2
1781600491,gsm-8,virtphy-86b4bdf559-ks45z,8,2
1781600494,gsm-8,msc-test-stub-5b875d749d-dxqzs,1,16
1781600494,gsm-8,osmo-bsc-594654bd47-5zskx,1,5
1781600494,gsm-8,osmo-bts-virtual-5f8b9b86fc-tvcxl,11,9
1781600494,gsm-8,osmo-hlr-546bdb8988-vb8bb,1,2
1781600494,gsm-8,osmo-mgw-8c8fc67d6-v9gr9,1,2
1781600494,gsm-8,osmo-mobile-7f88cc47b4-wjcqt,2,28
1781600494,gsm-8,osmo-stp-768687f494-shd7q,1,2
1781600494,gsm-8,virtphy-86b4bdf559-ks45z,8,2
1781600496,gsm-8,msc-test-stub-5b875d749d-dxqzs,1,16
1781600496,gsm-8,osmo-bsc-594654bd47-5zskx,1,5
1781600496,gsm-8,osmo-bts-virtual-5f8b9b86fc-tvcxl,11,9
1781600496,gsm-8,osmo-hlr-546bdb8988-vb8bb,1,2
1781600496,gsm-8,osmo-mgw-8c8fc67d6-v9gr9,1,2
1781600496,gsm-8,osmo-mobile-7f88cc47b4-wjcqt,2,28
1781600496,gsm-8,osmo-stp-768687f494-shd7q,1,2
1781600496,gsm-8,virtphy-86b4bdf559-ks45z,8,2
1781600498,gsm-8,msc-test-stub-5b875d749d-dxqzs,1,16
1781600498,gsm-8,osmo-bsc-594654bd47-5zskx,1,5
1781600498,gsm-8,osmo-bts-virtual-5f8b9b86fc-tvcxl,11,9
1781600498,gsm-8,osmo-hlr-546bdb8988-vb8bb,1,2
1781600498,gsm-8,osmo-mgw-8c8fc67d6-v9gr9,1,2
1781600498,gsm-8,osmo-mobile-7f88cc47b4-wjcqt,2,28
1781600498,gsm-8,osmo-stp-768687f494-shd7q,1,2
1781600498,gsm-8,virtphy-86b4bdf559-ks45z,8,2
1781600501,gsm-8,msc-test-stub-5b875d749d-dxqzs,1,16
1781600501,gsm-8,osmo-bsc-594654bd47-5zskx,1,5
1781600501,gsm-8,osmo-bts-virtual-5f8b9b86fc-tvcxl,11,9
1781600501,gsm-8,osmo-hlr-546bdb8988-vb8bb,1,2
1781600501,gsm-8,osmo-mgw-8c8fc67d6-v9gr9,1,2
1781600501,gsm-8,osmo-mobile-7f88cc47b4-wjcqt,2,28
1781600501,gsm-8,osmo-stp-768687f494-shd7q,1,2
1781600501,gsm-8,virtphy-86b4bdf559-ks45z,8,2
1781600503,gsm-8,msc-test-stub-5b875d749d-dxqzs,1,16
1781600503,gsm-8,osmo-bsc-594654bd47-5zskx,1,5
1781600503,gsm-8,osmo-bts-virtual-5f8b9b86fc-tvcxl,11,8
1781600503,gsm-8,osmo-hlr-546bdb8988-vb8bb,1,2
1781600503,gsm-8,osmo-mgw-8c8fc67d6-v9gr9,1,2
1781600503,gsm-8,osmo-mobile-7f88cc47b4-wjcqt,2,28
1781600503,gsm-8,osmo-stp-768687f494-shd7q,1,2
1781600503,gsm-8,virtphy-86b4bdf559-ks45z,7,4
1781600506,gsm-8,msc-test-stub-5b875d749d-dxqzs,1,16
1781600506,gsm-8,osmo-bsc-594654bd47-5zskx,1,5
1781600506,gsm-8,osmo-bts-virtual-5f8b9b86fc-tvcxl,11,8
1781600506,gsm-8,osmo-hlr-546bdb8988-vb8bb,1,2
1781600506,gsm-8,osmo-mgw-8c8fc67d6-v9gr9,1,2
1781600506,gsm-8,osmo-mobile-7f88cc47b4-wjcqt,2,28
1781600506,gsm-8,osmo-stp-768687f494-shd7q,1,2
1781600506,gsm-8,virtphy-86b4bdf559-ks45z,7,4
1781600508,gsm-8,msc-test-stub-5b875d749d-dxqzs,1,16
1781600508,gsm-8,osmo-bsc-594654bd47-5zskx,1,5
1781600508,gsm-8,osmo-bts-virtual-5f8b9b86fc-tvcxl,11,8
1781600508,gsm-8,osmo-hlr-546bdb8988-vb8bb,1,2
1781600508,gsm-8,osmo-mgw-8c8fc67d6-v9gr9,1,2
1781600508,gsm-8,osmo-mobile-7f88cc47b4-wjcqt,2,28
1781600508,gsm-8,osmo-stp-768687f494-shd7q,1,2
1781600508,gsm-8,virtphy-86b4bdf559-ks45z,7,4
1781600511,gsm-8,msc-test-stub-5b875d749d-dxqzs,1,16
1781600511,gsm-8,osmo-bsc-594654bd47-5zskx,1,5
1781600511,gsm-8,osmo-bts-virtual-5f8b9b86fc-tvcxl,11,8
1781600511,gsm-8,osmo-hlr-546bdb8988-vb8bb,1,2
1781600511,gsm-8,osmo-mgw-8c8fc67d6-v9gr9,1,2
1781600511,gsm-8,osmo-mobile-7f88cc47b4-wjcqt,2,28
1781600511,gsm-8,osmo-stp-768687f494-shd7q,1,2
1781600511,gsm-8,virtphy-86b4bdf559-ks45z,7,4
1781600514,gsm-8,msc-test-stub-5b875d749d-dxqzs,1,16
1781600514,gsm-8,osmo-bsc-594654bd47-5zskx,1,5
1781600514,gsm-8,osmo-bts-virtual-5f8b9b86fc-tvcxl,11,8
1781600514,gsm-8,osmo-hlr-546bdb8988-vb8bb,1,2
1781600514,gsm-8,osmo-mgw-8c8fc67d6-v9gr9,1,2
1781600514,gsm-8,osmo-mobile-7f88cc47b4-wjcqt,2,28
1781600514,gsm-8,osmo-stp-768687f494-shd7q,1,2
1781600514,gsm-8,virtphy-86b4bdf559-ks45z,7,4
1781600516,gsm-8,msc-test-stub-5b875d749d-dxqzs,1,16
1781600516,gsm-8,osmo-bsc-594654bd47-5zskx,1,5
1781600516,gsm-8,osmo-bts-virtual-5f8b9b86fc-tvcxl,11,8
1781600516,gsm-8,osmo-hlr-546bdb8988-vb8bb,1,2
1781600516,gsm-8,osmo-mgw-8c8fc67d6-v9gr9,1,2
1781600516,gsm-8,osmo-mobile-7f88cc47b4-wjcqt,2,28
1781600516,gsm-8,osmo-stp-768687f494-shd7q,1,2
1781600516,gsm-8,virtphy-86b4bdf559-ks45z,7,4
1781600518,gsm-8,msc-test-stub-5b875d749d-dxqzs,1,16
1781600518,gsm-8,osmo-bsc-594654bd47-5zskx,1,5
1781600518,gsm-8,osmo-bts-virtual-5f8b9b86fc-tvcxl,11,6
1781600518,gsm-8,osmo-hlr-546bdb8988-vb8bb,1,2
1781600518,gsm-8,osmo-mgw-8c8fc67d6-v9gr9,1,2
1781600518,gsm-8,osmo-mobile-7f88cc47b4-wjcqt,2,28
1781600518,gsm-8,osmo-stp-768687f494-shd7q,1,2
1781600518,gsm-8,virtphy-86b4bdf559-ks45z,8,4
1781600521,gsm-8,msc-test-stub-5b875d749d-dxqzs,1,16
1781600521,gsm-8,osmo-bsc-594654bd47-5zskx,1,5
1781600521,gsm-8,osmo-bts-virtual-5f8b9b86fc-tvcxl,11,6
1781600521,gsm-8,osmo-hlr-546bdb8988-vb8bb,1,2
1781600521,gsm-8,osmo-mgw-8c8fc67d6-v9gr9,1,2
1781600521,gsm-8,osmo-mobile-7f88cc47b4-wjcqt,2,28
1781600521,gsm-8,osmo-stp-768687f494-shd7q,1,2
1781600521,gsm-8,virtphy-86b4bdf559-ks45z,8,4
1781600524,gsm-8,msc-test-stub-5b875d749d-dxqzs,1,16
1781600524,gsm-8,osmo-bsc-594654bd47-5zskx,1,5
1781600524,gsm-8,osmo-bts-virtual-5f8b9b86fc-tvcxl,11,6
1781600524,gsm-8,osmo-hlr-546bdb8988-vb8bb,1,2
1781600524,gsm-8,osmo-mgw-8c8fc67d6-v9gr9,1,2
1781600524,gsm-8,osmo-mobile-7f88cc47b4-wjcqt,2,28
1781600524,gsm-8,osmo-stp-768687f494-shd7q,1,2
1781600524,gsm-8,virtphy-86b4bdf559-ks45z,8,4
1781600527,gsm-8,msc-test-stub-5b875d749d-dxqzs,1,16
1781600527,gsm-8,osmo-bsc-594654bd47-5zskx,1,5
1781600527,gsm-8,osmo-bts-virtual-5f8b9b86fc-tvcxl,11,6
1781600527,gsm-8,osmo-hlr-546bdb8988-vb8bb,1,2
1781600527,gsm-8,osmo-mgw-8c8fc67d6-v9gr9,1,2
1781600527,gsm-8,osmo-mobile-7f88cc47b4-wjcqt,2,28
1781600527,gsm-8,osmo-stp-768687f494-shd7q,1,2
1781600527,gsm-8,virtphy-86b4bdf559-ks45z,8,4
1781600530,gsm-8,msc-test-stub-5b875d749d-dxqzs,1,16
1781600530,gsm-8,osmo-bsc-594654bd47-5zskx,1,5
1781600530,gsm-8,osmo-bts-virtual-5f8b9b86fc-tvcxl,11,6
1781600530,gsm-8,osmo-hlr-546bdb8988-vb8bb,1,2
1781600530,gsm-8,osmo-mgw-8c8fc67d6-v9gr9,1,2
1781600530,gsm-8,osmo-mobile-7f88cc47b4-wjcqt,2,28
1781600530,gsm-8,osmo-stp-768687f494-shd7q,1,2
1781600530,gsm-8,virtphy-86b4bdf559-ks45z,8,4
1781600532,gsm-8,msc-test-stub-5b875d749d-dxqzs,1,16
1781600532,gsm-8,osmo-bsc-594654bd47-5zskx,1,5
1781600532,gsm-8,osmo-bts-virtual-5f8b9b86fc-tvcxl,11,6
1781600532,gsm-8,osmo-hlr-546bdb8988-vb8bb,1,2
1781600532,gsm-8,osmo-mgw-8c8fc67d6-v9gr9,1,2
1781600532,gsm-8,osmo-mobile-7f88cc47b4-wjcqt,2,28
1781600532,gsm-8,osmo-stp-768687f494-shd7q,1,2
1781600532,gsm-8,virtphy-86b4bdf559-ks45z,8,4
1781600534,gsm-8,msc-test-stub-5b875d749d-dxqzs,1,16
1781600534,gsm-8,osmo-bsc-594654bd47-5zskx,1,5
1781600534,gsm-8,osmo-bts-virtual-5f8b9b86fc-tvcxl,11,6
1781600534,gsm-8,osmo-hlr-546bdb8988-vb8bb,1,2
1781600534,gsm-8,osmo-mgw-8c8fc67d6-v9gr9,1,2
1781600534,gsm-8,osmo-mobile-7f88cc47b4-wjcqt,2,28
1781600534,gsm-8,osmo-stp-768687f494-shd7q,1,2
1781600534,gsm-8,virtphy-86b4bdf559-ks45z,7,3
1781600538,gsm-8,msc-test-stub-5b875d749d-dxqzs,1,16
1781600538,gsm-8,osmo-bsc-594654bd47-5zskx,1,5
1781600538,gsm-8,osmo-bts-virtual-5f8b9b86fc-tvcxl,11,6
1781600538,gsm-8,osmo-hlr-546bdb8988-vb8bb,1,2
1781600538,gsm-8,osmo-mgw-8c8fc67d6-v9gr9,1,2
1781600538,gsm-8,osmo-mobile-7f88cc47b4-wjcqt,2,28
1781600538,gsm-8,osmo-stp-768687f494-shd7q,1,2
1781600538,gsm-8,virtphy-86b4bdf559-ks45z,7,3
1781600540,gsm-8,msc-test-stub-5b875d749d-dxqzs,1,16
1781600540,gsm-8,osmo-bsc-594654bd47-5zskx,1,5
1781600540,gsm-8,osmo-bts-virtual-5f8b9b86fc-tvcxl,11,6
1781600540,gsm-8,osmo-hlr-546bdb8988-vb8bb,1,2
1781600540,gsm-8,osmo-mgw-8c8fc67d6-v9gr9,1,2
1781600540,gsm-8,osmo-mobile-7f88cc47b4-wjcqt,2,28
1781600540,gsm-8,osmo-stp-768687f494-shd7q,1,2
1781600540,gsm-8,virtphy-86b4bdf559-ks45z,7,3
1781600542,gsm-8,msc-test-stub-5b875d749d-dxqzs,1,16
1781600542,gsm-8,osmo-bsc-594654bd47-5zskx,1,5
1781600542,gsm-8,osmo-bts-virtual-5f8b9b86fc-tvcxl,11,6
1781600542,gsm-8,osmo-hlr-546bdb8988-vb8bb,1,2
1781600542,gsm-8,osmo-mgw-8c8fc67d6-v9gr9,1,2
1781600542,gsm-8,osmo-mobile-7f88cc47b4-wjcqt,2,28
1781600542,gsm-8,osmo-stp-768687f494-shd7q,1,2
1781600542,gsm-8,virtphy-86b4bdf559-ks45z,7,3
1781600545,gsm-8,msc-test-stub-5b875d749d-dxqzs,1,16
1781600545,gsm-8,osmo-bsc-594654bd47-5zskx,1,5
1781600545,gsm-8,osmo-bts-virtual-5f8b9b86fc-tvcxl,11,6
1781600545,gsm-8,osmo-hlr-546bdb8988-vb8bb,1,2
1781600545,gsm-8,osmo-mgw-8c8fc67d6-v9gr9,1,2
1781600545,gsm-8,osmo-mobile-7f88cc47b4-wjcqt,2,28
1781600545,gsm-8,osmo-stp-768687f494-shd7q,1,2
1781600545,gsm-8,virtphy-86b4bdf559-ks45z,7,3
1781600547,gsm-8,msc-test-stub-5b875d749d-dxqzs,1,16
1781600547,gsm-8,osmo-bsc-594654bd47-5zskx,1,5
1781600547,gsm-8,osmo-bts-virtual-5f8b9b86fc-tvcxl,11,6
1781600547,gsm-8,osmo-hlr-546bdb8988-vb8bb,1,2
1781600547,gsm-8,osmo-mgw-8c8fc67d6-v9gr9,1,2
1781600547,gsm-8,osmo-mobile-7f88cc47b4-wjcqt,2,28
1781600547,gsm-8,osmo-stp-768687f494-shd7q,1,2
1781600547,gsm-8,virtphy-86b4bdf559-ks45z,7,3
1781600549,gsm-8,msc-test-stub-5b875d749d-dxqzs,1,16
1781600549,gsm-8,osmo-bsc-594654bd47-5zskx,1,5
1781600549,gsm-8,osmo-bts-virtual-5f8b9b86fc-tvcxl,10,9
1781600549,gsm-8,osmo-hlr-546bdb8988-vb8bb,1,2
1781600549,gsm-8,osmo-mgw-8c8fc67d6-v9gr9,1,2
1781600549,gsm-8,osmo-mobile-7f88cc47b4-wjcqt,2,28
1781600549,gsm-8,osmo-stp-768687f494-shd7q,1,2
1781600549,gsm-8,virtphy-86b4bdf559-ks45z,7,1
1781600551,gsm-8,msc-test-stub-5b875d749d-dxqzs,1,16
1781600551,gsm-8,osmo-bsc-594654bd47-5zskx,1,5
1781600551,gsm-8,osmo-bts-virtual-5f8b9b86fc-tvcxl,10,9
1781600551,gsm-8,osmo-hlr-546bdb8988-vb8bb,1,2
1781600551,gsm-8,osmo-mgw-8c8fc67d6-v9gr9,1,2
1781600551,gsm-8,osmo-mobile-7f88cc47b4-wjcqt,2,28
1781600551,gsm-8,osmo-stp-768687f494-shd7q,1,2
1781600551,gsm-8,virtphy-86b4bdf559-ks45z,7,1
1781600554,gsm-8,msc-test-stub-5b875d749d-dxqzs,1,16
1781600554,gsm-8,osmo-bsc-594654bd47-5zskx,1,5
1781600554,gsm-8,osmo-bts-virtual-5f8b9b86fc-tvcxl,10,9
1781600554,gsm-8,osmo-hlr-546bdb8988-vb8bb,1,2
1781600554,gsm-8,osmo-mgw-8c8fc67d6-v9gr9,1,2
1781600554,gsm-8,osmo-mobile-7f88cc47b4-wjcqt,2,28
1781600554,gsm-8,osmo-stp-768687f494-shd7q,1,2
1781600554,gsm-8,virtphy-86b4bdf559-ks45z,7,1
1781600556,gsm-8,msc-test-stub-5b875d749d-dxqzs,1,16
1781600556,gsm-8,osmo-bsc-594654bd47-5zskx,1,5
1781600556,gsm-8,osmo-bts-virtual-5f8b9b86fc-tvcxl,10,9
1781600556,gsm-8,osmo-hlr-546bdb8988-vb8bb,1,2
1781600556,gsm-8,osmo-mgw-8c8fc67d6-v9gr9,1,2
1781600556,gsm-8,osmo-mobile-7f88cc47b4-wjcqt,2,28
1781600556,gsm-8,osmo-stp-768687f494-shd7q,1,2
1781600556,gsm-8,virtphy-86b4bdf559-ks45z,7,1
1781600560,gsm-8,msc-test-stub-5b875d749d-dxqzs,1,16
1781600560,gsm-8,osmo-bsc-594654bd47-5zskx,1,5
1781600560,gsm-8,osmo-bts-virtual-5f8b9b86fc-tvcxl,10,9
1781600560,gsm-8,osmo-hlr-546bdb8988-vb8bb,1,2
1781600560,gsm-8,osmo-mgw-8c8fc67d6-v9gr9,1,2
1781600560,gsm-8,osmo-mobile-7f88cc47b4-wjcqt,2,28
1781600560,gsm-8,osmo-stp-768687f494-shd7q,1,2
1781600560,gsm-8,virtphy-86b4bdf559-ks45z,7,1
1781600562,gsm-8,msc-test-stub-5b875d749d-dxqzs,1,16
1781600562,gsm-8,osmo-bsc-594654bd47-5zskx,1,5
1781600562,gsm-8,osmo-bts-virtual-5f8b9b86fc-tvcxl,10,9
1781600562,gsm-8,osmo-hlr-546bdb8988-vb8bb,1,2
1781600562,gsm-8,osmo-mgw-8c8fc67d6-v9gr9,1,2
1781600562,gsm-8,osmo-mobile-7f88cc47b4-wjcqt,2,28
1781600562,gsm-8,osmo-stp-768687f494-shd7q,1,2
1781600562,gsm-8,virtphy-86b4bdf559-ks45z,7,1
1781600565,gsm-8,msc-test-stub-5b875d749d-dxqzs,1,16
1781600565,gsm-8,osmo-bsc-594654bd47-5zskx,1,5
1781600565,gsm-8,osmo-bts-virtual-5f8b9b86fc-tvcxl,10,9
1781600565,gsm-8,osmo-hlr-546bdb8988-vb8bb,1,2
1781600565,gsm-8,osmo-mgw-8c8fc67d6-v9gr9,1,2
1781600565,gsm-8,osmo-mobile-7f88cc47b4-wjcqt,2,28
1781600565,gsm-8,osmo-stp-768687f494-shd7q,1,2
1781600565,gsm-8,virtphy-86b4bdf559-ks45z,7,1
1781600569,gsm-8,msc-test-stub-5b875d749d-dxqzs,1,16
1781600569,gsm-8,osmo-bsc-594654bd47-5zskx,1,5
1781600569,gsm-8,osmo-bts-virtual-5f8b9b86fc-tvcxl,10,9
1781600569,gsm-8,osmo-hlr-546bdb8988-vb8bb,1,2
1781600569,gsm-8,osmo-mgw-8c8fc67d6-v9gr9,1,2
1781600569,gsm-8,osmo-mobile-7f88cc47b4-wjcqt,2,28
1781600569,gsm-8,osmo-stp-768687f494-shd7q,1,2
1781600569,gsm-8,virtphy-86b4bdf559-ks45z,7,1
1781600571,gsm-8,msc-test-stub-5b875d749d-dxqzs,1,16
1781600571,gsm-8,osmo-bsc-594654bd47-5zskx,1,5
1781600571,gsm-8,osmo-bts-virtual-5f8b9b86fc-tvcxl,10,9
1781600571,gsm-8,osmo-hlr-546bdb8988-vb8bb,1,2
1781600571,gsm-8,osmo-mgw-8c8fc67d6-v9gr9,1,2
1781600571,gsm-8,osmo-mobile-7f88cc47b4-wjcqt,2,28
1781600571,gsm-8,osmo-stp-768687f494-shd7q,1,2
1781600571,gsm-8,virtphy-86b4bdf559-ks45z,7,1
1781600596,gsm-8,msc-test-stub-5b875d749d-dxqzs,1,16
1781600596,gsm-8,osmo-bsc-594654bd47-5zskx,1,5
1781600596,gsm-8,osmo-bts-virtual-5f8b9b86fc-tvcxl,11,8
1781600596,gsm-8,osmo-hlr-546bdb8988-vb8bb,1,2
1781600596,gsm-8,osmo-mgw-8c8fc67d6-v9gr9,1,2
1781600596,gsm-8,osmo-mobile-7f88cc47b4-wjcqt,2,28
1781600596,gsm-8,osmo-stp-768687f494-shd7q,1,2
1781600596,gsm-8,ttcn3-tc-34-2-2-1-brhlj,6,6
1781600596,gsm-8,virtphy-86b4bdf559-ks45z,7,4
1781600598,gsm-8,msc-test-stub-5b875d749d-dxqzs,1,16
1781600598,gsm-8,osmo-bsc-594654bd47-5zskx,1,5
1781600598,gsm-8,osmo-bts-virtual-5f8b9b86fc-tvcxl,11,8
1781600598,gsm-8,osmo-hlr-546bdb8988-vb8bb,1,2
1781600598,gsm-8,osmo-mgw-8c8fc67d6-v9gr9,1,2
1781600598,gsm-8,osmo-mobile-7f88cc47b4-wjcqt,2,28
1781600598,gsm-8,osmo-stp-768687f494-shd7q,1,2
1781600598,gsm-8,ttcn3-tc-34-2-2-1-brhlj,6,6
1781600598,gsm-8,virtphy-86b4bdf559-ks45z,7,4
1781600601,gsm-8,msc-test-stub-5b875d749d-dxqzs,1,16
1781600601,gsm-8,osmo-bsc-594654bd47-5zskx,1,5
1781600601,gsm-8,osmo-bts-virtual-5f8b9b86fc-tvcxl,11,8
1781600601,gsm-8,osmo-hlr-546bdb8988-vb8bb,1,2
1781600601,gsm-8,osmo-mgw-8c8fc67d6-v9gr9,1,2
1781600601,gsm-8,osmo-mobile-7f88cc47b4-wjcqt,2,28
1781600601,gsm-8,osmo-stp-768687f494-shd7q,1,2
1781600601,gsm-8,ttcn3-tc-34-2-2-1-brhlj,6,6
1781600601,gsm-8,virtphy-86b4bdf559-ks45z,7,4
1781600604,gsm-8,msc-test-stub-5b875d749d-dxqzs,1,16
1781600604,gsm-8,osmo-bsc-594654bd47-5zskx,1,5
1781600604,gsm-8,osmo-bts-virtual-5f8b9b86fc-tvcxl,11,8
1781600604,gsm-8,osmo-hlr-546bdb8988-vb8bb,1,2
1781600604,gsm-8,osmo-mgw-8c8fc67d6-v9gr9,1,2
1781600604,gsm-8,osmo-mobile-7f88cc47b4-wjcqt,2,28
1781600604,gsm-8,osmo-stp-768687f494-shd7q,1,2
1781600604,gsm-8,ttcn3-tc-34-2-2-1-brhlj,6,6
1781600604,gsm-8,virtphy-86b4bdf559-ks45z,7,4
1781600606,gsm-8,msc-test-stub-5b875d749d-dxqzs,1,16
1781600606,gsm-8,osmo-bsc-594654bd47-5zskx,1,5
1781600606,gsm-8,osmo-bts-virtual-5f8b9b86fc-tvcxl,11,8
1781600606,gsm-8,osmo-hlr-546bdb8988-vb8bb,1,2
1781600606,gsm-8,osmo-mgw-8c8fc67d6-v9gr9,1,2
1781600606,gsm-8,osmo-mobile-7f88cc47b4-wjcqt,2,28
1781600606,gsm-8,osmo-stp-768687f494-shd7q,1,2
1781600606,gsm-8,ttcn3-tc-34-2-2-1-brhlj,6,6
1781600606,gsm-8,virtphy-86b4bdf559-ks45z,7,4
1781600608,gsm-8,msc-test-stub-5b875d749d-dxqzs,1,16
1781600608,gsm-8,osmo-bsc-594654bd47-5zskx,1,5
1781600608,gsm-8,osmo-bts-virtual-5f8b9b86fc-tvcxl,10,6
1781600608,gsm-8,osmo-hlr-546bdb8988-vb8bb,1,2
1781600608,gsm-8,osmo-mgw-8c8fc67d6-v9gr9,1,2
1781600608,gsm-8,osmo-mobile-7f88cc47b4-wjcqt,2,28
1781600608,gsm-8,osmo-stp-768687f494-shd7q,1,2
1781600608,gsm-8,ttcn3-tc-34-2-2-1-brhlj,1,6
1781600608,gsm-8,virtphy-86b4bdf559-ks45z,7,1
1781600611,gsm-8,msc-test-stub-5b875d749d-dxqzs,1,16
1781600611,gsm-8,osmo-bsc-594654bd47-5zskx,1,5
1781600611,gsm-8,osmo-bts-virtual-5f8b9b86fc-tvcxl,10,6
1781600611,gsm-8,osmo-hlr-546bdb8988-vb8bb,1,2
1781600611,gsm-8,osmo-mgw-8c8fc67d6-v9gr9,1,2
1781600611,gsm-8,osmo-mobile-7f88cc47b4-wjcqt,2,28
1781600611,gsm-8,osmo-stp-768687f494-shd7q,1,2
1781600611,gsm-8,ttcn3-tc-34-2-2-1-brhlj,1,6
1781600611,gsm-8,virtphy-86b4bdf559-ks45z,7,1
1781600613,gsm-8,msc-test-stub-5b875d749d-dxqzs,1,16
1781600613,gsm-8,osmo-bsc-594654bd47-5zskx,1,5
1781600613,gsm-8,osmo-bts-virtual-5f8b9b86fc-tvcxl,10,6
1781600613,gsm-8,osmo-hlr-546bdb8988-vb8bb,1,2
1781600613,gsm-8,osmo-mgw-8c8fc67d6-v9gr9,1,2
1781600613,gsm-8,osmo-mobile-7f88cc47b4-wjcqt,2,28
1781600613,gsm-8,osmo-stp-768687f494-shd7q,1,2
1781600613,gsm-8,ttcn3-tc-34-2-2-1-brhlj,1,6
1781600613,gsm-8,virtphy-86b4bdf559-ks45z,7,1
1781600615,gsm-8,msc-test-stub-5b875d749d-dxqzs,1,16
1781600615,gsm-8,osmo-bsc-594654bd47-5zskx,1,5
1781600615,gsm-8,osmo-bts-virtual-5f8b9b86fc-tvcxl,10,6
1781600615,gsm-8,osmo-hlr-546bdb8988-vb8bb,1,2
1781600615,gsm-8,osmo-mgw-8c8fc67d6-v9gr9,1,2
1781600615,gsm-8,osmo-mobile-7f88cc47b4-wjcqt,2,28
1781600615,gsm-8,osmo-stp-768687f494-shd7q,1,2
1781600615,gsm-8,ttcn3-tc-34-2-2-1-brhlj,1,6
1781600615,gsm-8,virtphy-86b4bdf559-ks45z,7,1
1781600618,gsm-8,msc-test-stub-5b875d749d-dxqzs,1,16
1781600618,gsm-8,osmo-bsc-594654bd47-5zskx,1,5
1781600618,gsm-8,osmo-bts-virtual-5f8b9b86fc-tvcxl,10,6
1781600618,gsm-8,osmo-hlr-546bdb8988-vb8bb,1,2
1781600618,gsm-8,osmo-mgw-8c8fc67d6-v9gr9,1,2
1781600618,gsm-8,osmo-mobile-7f88cc47b4-wjcqt,2,28
1781600618,gsm-8,osmo-stp-768687f494-shd7q,1,2
1781600618,gsm-8,ttcn3-tc-34-2-2-1-brhlj,1,6
1781600618,gsm-8,virtphy-86b4bdf559-ks45z,7,1
1781600620,gsm-8,msc-test-stub-5b875d749d-dxqzs,1,16
1781600620,gsm-8,osmo-bsc-594654bd47-5zskx,1,5
1781600620,gsm-8,osmo-bts-virtual-5f8b9b86fc-tvcxl,10,6
1781600620,gsm-8,osmo-hlr-546bdb8988-vb8bb,1,2
1781600620,gsm-8,osmo-mgw-8c8fc67d6-v9gr9,1,2
1781600620,gsm-8,osmo-mobile-7f88cc47b4-wjcqt,2,28
1781600620,gsm-8,osmo-stp-768687f494-shd7q,1,2
1781600620,gsm-8,ttcn3-tc-34-2-2-1-brhlj,1,6
1781600620,gsm-8,virtphy-86b4bdf559-ks45z,7,1
1781600622,gsm-8,msc-test-stub-5b875d749d-dxqzs,1,16
1781600622,gsm-8,osmo-bsc-594654bd47-5zskx,1,5
1781600622,gsm-8,osmo-bts-virtual-5f8b9b86fc-tvcxl,10,9
1781600622,gsm-8,osmo-hlr-546bdb8988-vb8bb,1,2
1781600622,gsm-8,osmo-mgw-8c8fc67d6-v9gr9,1,2
1781600622,gsm-8,osmo-mobile-7f88cc47b4-wjcqt,2,28
1781600622,gsm-8,osmo-stp-768687f494-shd7q,1,2
1781600622,gsm-8,ttcn3-tc-34-2-2-1-brhlj,1,6
1781600622,gsm-8,virtphy-86b4bdf559-ks45z,7,1
1781600625,gsm-8,msc-test-stub-5b875d749d-dxqzs,1,16
1781600625,gsm-8,osmo-bsc-594654bd47-5zskx,1,5
1781600625,gsm-8,osmo-bts-virtual-5f8b9b86fc-tvcxl,10,9
1781600625,gsm-8,osmo-hlr-546bdb8988-vb8bb,1,2
1781600625,gsm-8,osmo-mgw-8c8fc67d6-v9gr9,1,2
1781600625,gsm-8,osmo-mobile-7f88cc47b4-wjcqt,2,28
1781600625,gsm-8,osmo-stp-768687f494-shd7q,1,2
1781600625,gsm-8,ttcn3-tc-34-2-2-1-brhlj,1,6
1781600625,gsm-8,virtphy-86b4bdf559-ks45z,7,1
1781600627,gsm-8,msc-test-stub-5b875d749d-dxqzs,1,16
1781600627,gsm-8,osmo-bsc-594654bd47-5zskx,1,5
1781600627,gsm-8,osmo-bts-virtual-5f8b9b86fc-tvcxl,10,9
1781600627,gsm-8,osmo-hlr-546bdb8988-vb8bb,1,2
1781600627,gsm-8,osmo-mgw-8c8fc67d6-v9gr9,1,2
1781600627,gsm-8,osmo-mobile-7f88cc47b4-wjcqt,2,28
1781600627,gsm-8,osmo-stp-768687f494-shd7q,1,2
1781600627,gsm-8,ttcn3-tc-34-2-2-1-brhlj,1,6
1781600627,gsm-8,virtphy-86b4bdf559-ks45z,7,1
1781600631,gsm-8,msc-test-stub-5b875d749d-dxqzs,1,16
1781600631,gsm-8,osmo-bsc-594654bd47-5zskx,1,5
1781600631,gsm-8,osmo-bts-virtual-5f8b9b86fc-tvcxl,10,9
1781600631,gsm-8,osmo-hlr-546bdb8988-vb8bb,1,2
1781600631,gsm-8,osmo-mgw-8c8fc67d6-v9gr9,1,2
1781600631,gsm-8,osmo-mobile-7f88cc47b4-wjcqt,2,28
1781600631,gsm-8,osmo-stp-768687f494-shd7q,1,2
1781600631,gsm-8,ttcn3-tc-34-2-2-1-brhlj,1,6
1781600631,gsm-8,virtphy-86b4bdf559-ks45z,7,1
1781600633,gsm-8,msc-test-stub-5b875d749d-dxqzs,1,16
1781600633,gsm-8,osmo-bsc-594654bd47-5zskx,1,5
1781600633,gsm-8,osmo-bts-virtual-5f8b9b86fc-tvcxl,10,9
1781600633,gsm-8,osmo-hlr-546bdb8988-vb8bb,1,2
1781600633,gsm-8,osmo-mgw-8c8fc67d6-v9gr9,1,2
1781600633,gsm-8,osmo-mobile-7f88cc47b4-wjcqt,2,28
1781600633,gsm-8,osmo-stp-768687f494-shd7q,1,2
1781600633,gsm-8,ttcn3-tc-34-2-2-1-brhlj,1,6
1781600633,gsm-8,virtphy-86b4bdf559-ks45z,7,1
1781600636,gsm-8,msc-test-stub-5b875d749d-dxqzs,1,16
1781600636,gsm-8,osmo-bsc-594654bd47-5zskx,1,5
1781600636,gsm-8,osmo-bts-virtual-5f8b9b86fc-tvcxl,10,9
1781600636,gsm-8,osmo-hlr-546bdb8988-vb8bb,1,2
1781600636,gsm-8,osmo-mgw-8c8fc67d6-v9gr9,1,2
1781600636,gsm-8,osmo-mobile-7f88cc47b4-wjcqt,2,28
1781600636,gsm-8,osmo-stp-768687f494-shd7q,1,2
1781600636,gsm-8,ttcn3-tc-34-2-2-1-brhlj,1,6
1781600636,gsm-8,virtphy-86b4bdf559-ks45z,7,1
1781600638,gsm-8,msc-test-stub-5b875d749d-dxqzs,1,16
1781600638,gsm-8,osmo-bsc-594654bd47-5zskx,1,5
1781600638,gsm-8,osmo-bts-virtual-5f8b9b86fc-tvcxl,10,6
1781600638,gsm-8,osmo-hlr-546bdb8988-vb8bb,1,2
1781600638,gsm-8,osmo-mgw-8c8fc67d6-v9gr9,1,2
1781600638,gsm-8,osmo-mobile-7f88cc47b4-wjcqt,2,28
1781600638,gsm-8,osmo-stp-768687f494-shd7q,1,2
1781600638,gsm-8,ttcn3-tc-34-2-2-1-brhlj,1,6
1781600638,gsm-8,virtphy-86b4bdf559-ks45z,7,1
1781600640,gsm-8,msc-test-stub-5b875d749d-dxqzs,1,16
1781600640,gsm-8,osmo-bsc-594654bd47-5zskx,1,5
1781600640,gsm-8,osmo-bts-virtual-5f8b9b86fc-tvcxl,10,6
1781600640,gsm-8,osmo-hlr-546bdb8988-vb8bb,1,2
1781600640,gsm-8,osmo-mgw-8c8fc67d6-v9gr9,1,2
1781600640,gsm-8,osmo-mobile-7f88cc47b4-wjcqt,2,28
1781600640,gsm-8,osmo-stp-768687f494-shd7q,1,2
1781600640,gsm-8,ttcn3-tc-34-2-2-1-brhlj,1,6
1781600640,gsm-8,virtphy-86b4bdf559-ks45z,7,1
1781600643,gsm-8,msc-test-stub-5b875d749d-dxqzs,1,16
1781600643,gsm-8,osmo-bsc-594654bd47-5zskx,1,5
1781600643,gsm-8,osmo-bts-virtual-5f8b9b86fc-tvcxl,10,6
1781600643,gsm-8,osmo-hlr-546bdb8988-vb8bb,1,2
1781600643,gsm-8,osmo-mgw-8c8fc67d6-v9gr9,1,2
1781600643,gsm-8,osmo-mobile-7f88cc47b4-wjcqt,2,28
1781600643,gsm-8,osmo-stp-768687f494-shd7q,1,2
1781600643,gsm-8,ttcn3-tc-34-2-2-1-brhlj,1,6
1781600643,gsm-8,virtphy-86b4bdf559-ks45z,7,1
1781600646,gsm-8,msc-test-stub-5b875d749d-dxqzs,1,16
1781600646,gsm-8,osmo-bsc-594654bd47-5zskx,1,5
1781600646,gsm-8,osmo-bts-virtual-5f8b9b86fc-tvcxl,10,6
1781600646,gsm-8,osmo-hlr-546bdb8988-vb8bb,1,2
1781600646,gsm-8,osmo-mgw-8c8fc67d6-v9gr9,1,2
1781600646,gsm-8,osmo-mobile-7f88cc47b4-wjcqt,2,28
1781600646,gsm-8,osmo-stp-768687f494-shd7q,1,2
1781600646,gsm-8,ttcn3-tc-34-2-2-1-brhlj,1,6
1781600646,gsm-8,virtphy-86b4bdf559-ks45z,7,1
1781600649,gsm-8,msc-test-stub-5b875d749d-dxqzs,1,16
1781600649,gsm-8,osmo-bsc-594654bd47-5zskx,1,5
1781600649,gsm-8,osmo-bts-virtual-5f8b9b86fc-tvcxl,10,6
1781600649,gsm-8,osmo-hlr-546bdb8988-vb8bb,1,2
1781600649,gsm-8,osmo-mgw-8c8fc67d6-v9gr9,1,2
1781600649,gsm-8,osmo-mobile-7f88cc47b4-wjcqt,2,28
1781600649,gsm-8,osmo-stp-768687f494-shd7q,1,2
1781600649,gsm-8,ttcn3-tc-34-2-2-1-brhlj,1,6
1781600649,gsm-8,virtphy-86b4bdf559-ks45z,7,1
1781600651,gsm-8,msc-test-stub-5b875d749d-dxqzs,1,16
1781600651,gsm-8,osmo-bsc-594654bd47-5zskx,1,5
1781600651,gsm-8,osmo-bts-virtual-5f8b9b86fc-tvcxl,10,6
1781600651,gsm-8,osmo-hlr-546bdb8988-vb8bb,1,2
1781600651,gsm-8,osmo-mgw-8c8fc67d6-v9gr9,1,2
1781600651,gsm-8,osmo-mobile-7f88cc47b4-wjcqt,2,28
1781600651,gsm-8,osmo-stp-768687f494-shd7q,1,2
1781600651,gsm-8,ttcn3-tc-34-2-2-1-brhlj,1,6
1781600651,gsm-8,virtphy-86b4bdf559-ks45z,7,1
1781600654,gsm-8,msc-test-stub-5b875d749d-dxqzs,1,16
1781600654,gsm-8,osmo-bsc-594654bd47-5zskx,1,5
1781600654,gsm-8,osmo-bts-virtual-5f8b9b86fc-tvcxl,11,9
1781600654,gsm-8,osmo-hlr-546bdb8988-vb8bb,1,2
1781600654,gsm-8,osmo-mgw-8c8fc67d6-v9gr9,1,2
1781600654,gsm-8,osmo-mobile-7f88cc47b4-wjcqt,2,28
1781600654,gsm-8,osmo-stp-768687f494-shd7q,1,2
1781600654,gsm-8,ttcn3-tc-34-2-2-1-brhlj,1,6
1781600654,gsm-8,virtphy-86b4bdf559-ks45z,8,4
1781600656,gsm-8,msc-test-stub-5b875d749d-dxqzs,1,16
1781600656,gsm-8,osmo-bsc-594654bd47-5zskx,1,5
1781600656,gsm-8,osmo-bts-virtual-5f8b9b86fc-tvcxl,11,9
1781600656,gsm-8,osmo-hlr-546bdb8988-vb8bb,1,2
1781600656,gsm-8,osmo-mgw-8c8fc67d6-v9gr9,1,2
1781600656,gsm-8,osmo-mobile-7f88cc47b4-wjcqt,2,28
1781600656,gsm-8,osmo-stp-768687f494-shd7q,1,2
1781600656,gsm-8,ttcn3-tc-34-2-2-1-brhlj,1,6
1781600656,gsm-8,virtphy-86b4bdf559-ks45z,8,4
1781600658,gsm-8,msc-test-stub-5b875d749d-dxqzs,1,16
1781600658,gsm-8,osmo-bsc-594654bd47-5zskx,1,5
1781600658,gsm-8,osmo-bts-virtual-5f8b9b86fc-tvcxl,11,9
1781600658,gsm-8,osmo-hlr-546bdb8988-vb8bb,1,2
1781600658,gsm-8,osmo-mgw-8c8fc67d6-v9gr9,1,2
1781600658,gsm-8,osmo-mobile-7f88cc47b4-wjcqt,2,28
1781600658,gsm-8,osmo-stp-768687f494-shd7q,1,2
1781600658,gsm-8,ttcn3-tc-34-2-2-1-brhlj,1,6
1781600658,gsm-8,virtphy-86b4bdf559-ks45z,8,4
1781600661,gsm-8,msc-test-stub-5b875d749d-dxqzs,1,16
1781600661,gsm-8,osmo-bsc-594654bd47-5zskx,1,5
1781600661,gsm-8,osmo-bts-virtual-5f8b9b86fc-tvcxl,11,9
1781600661,gsm-8,osmo-hlr-546bdb8988-vb8bb,1,2
1781600661,gsm-8,osmo-mgw-8c8fc67d6-v9gr9,1,2
1781600661,gsm-8,osmo-mobile-7f88cc47b4-wjcqt,2,28
1781600661,gsm-8,osmo-stp-768687f494-shd7q,1,2
1781600661,gsm-8,ttcn3-tc-34-2-2-1-brhlj,1,6
1781600661,gsm-8,virtphy-86b4bdf559-ks45z,8,4
1781600663,gsm-8,msc-test-stub-5b875d749d-dxqzs,1,16
1781600663,gsm-8,osmo-bsc-594654bd47-5zskx,1,5
1781600663,gsm-8,osmo-bts-virtual-5f8b9b86fc-tvcxl,11,9
1781600663,gsm-8,osmo-hlr-546bdb8988-vb8bb,1,2
1781600663,gsm-8,osmo-mgw-8c8fc67d6-v9gr9,1,2
1781600663,gsm-8,osmo-mobile-7f88cc47b4-wjcqt,2,28
1781600663,gsm-8,osmo-stp-768687f494-shd7q,1,2
1781600663,gsm-8,ttcn3-tc-34-2-2-1-brhlj,1,6
1781600663,gsm-8,virtphy-86b4bdf559-ks45z,8,4
1781600666,gsm-8,msc-test-stub-5b875d749d-dxqzs,1,16
1781600666,gsm-8,osmo-bsc-594654bd47-5zskx,1,5
1781600666,gsm-8,osmo-bts-virtual-5f8b9b86fc-tvcxl,11,9
1781600666,gsm-8,osmo-hlr-546bdb8988-vb8bb,1,2
1781600666,gsm-8,osmo-mgw-8c8fc67d6-v9gr9,1,2
1781600666,gsm-8,osmo-mobile-7f88cc47b4-wjcqt,2,28
1781600666,gsm-8,osmo-stp-768687f494-shd7q,1,2
1781600666,gsm-8,ttcn3-tc-34-2-2-1-brhlj,1,6
1781600666,gsm-8,virtphy-86b4bdf559-ks45z,8,4
1781600669,gsm-8,msc-test-stub-5b875d749d-dxqzs,1,16
1781600669,gsm-8,osmo-bsc-594654bd47-5zskx,1,5
1781600669,gsm-8,osmo-bts-virtual-5f8b9b86fc-tvcxl,11,6
1781600669,gsm-8,osmo-hlr-546bdb8988-vb8bb,1,2
1781600669,gsm-8,osmo-mgw-8c8fc67d6-v9gr9,1,2
1781600669,gsm-8,osmo-mobile-7f88cc47b4-wjcqt,2,28
1781600669,gsm-8,osmo-stp-768687f494-shd7q,1,2
1781600669,gsm-8,ttcn3-tc-34-2-2-1-brhlj,1,6
1781600669,gsm-8,virtphy-86b4bdf559-ks45z,7,1
1781600672,gsm-8,msc-test-stub-5b875d749d-dxqzs,1,16
1781600672,gsm-8,osmo-bsc-594654bd47-5zskx,1,5
1781600672,gsm-8,osmo-bts-virtual-5f8b9b86fc-tvcxl,11,6
1781600672,gsm-8,osmo-hlr-546bdb8988-vb8bb,1,2
1781600672,gsm-8,osmo-mgw-8c8fc67d6-v9gr9,1,2
1781600672,gsm-8,osmo-mobile-7f88cc47b4-wjcqt,2,28
1781600672,gsm-8,osmo-stp-768687f494-shd7q,1,2
1781600672,gsm-8,ttcn3-tc-34-2-2-1-brhlj,1,6
1781600672,gsm-8,virtphy-86b4bdf559-ks45z,7,1
1781600675,gsm-8,msc-test-stub-5b875d749d-dxqzs,1,16
1781600675,gsm-8,osmo-bsc-594654bd47-5zskx,1,5
1781600675,gsm-8,osmo-bts-virtual-5f8b9b86fc-tvcxl,11,6
1781600675,gsm-8,osmo-hlr-546bdb8988-vb8bb,1,2
1781600675,gsm-8,osmo-mgw-8c8fc67d6-v9gr9,1,2
1781600675,gsm-8,osmo-mobile-7f88cc47b4-wjcqt,2,28
1781600675,gsm-8,osmo-stp-768687f494-shd7q,1,2
1781600675,gsm-8,ttcn3-tc-34-2-2-1-brhlj,1,6
1781600675,gsm-8,virtphy-86b4bdf559-ks45z,7,1
1781600677,gsm-8,msc-test-stub-5b875d749d-dxqzs,1,16
1781600677,gsm-8,osmo-bsc-594654bd47-5zskx,1,5
1781600677,gsm-8,osmo-bts-virtual-5f8b9b86fc-tvcxl,11,6
1781600677,gsm-8,osmo-hlr-546bdb8988-vb8bb,1,2
1781600677,gsm-8,osmo-mgw-8c8fc67d6-v9gr9,1,2
1781600677,gsm-8,osmo-mobile-7f88cc47b4-wjcqt,2,28
1781600677,gsm-8,osmo-stp-768687f494-shd7q,1,2
1781600677,gsm-8,ttcn3-tc-34-2-2-1-brhlj,1,6
1781600677,gsm-8,virtphy-86b4bdf559-ks45z,7,1
1781600679,gsm-8,msc-test-stub-5b875d749d-dxqzs,1,16
1781600679,gsm-8,osmo-bsc-594654bd47-5zskx,1,5
1781600679,gsm-8,osmo-bts-virtual-5f8b9b86fc-tvcxl,11,6
1781600679,gsm-8,osmo-hlr-546bdb8988-vb8bb,1,2
1781600679,gsm-8,osmo-mgw-8c8fc67d6-v9gr9,1,2
1781600679,gsm-8,osmo-mobile-7f88cc47b4-wjcqt,2,28
1781600679,gsm-8,osmo-stp-768687f494-shd7q,1,2
1781600679,gsm-8,ttcn3-tc-34-2-2-1-brhlj,1,6
1781600679,gsm-8,virtphy-86b4bdf559-ks45z,7,1
1781600681,gsm-8,msc-test-stub-5b875d749d-dxqzs,1,16
1781600681,gsm-8,osmo-bsc-594654bd47-5zskx,1,5
1781600681,gsm-8,osmo-bts-virtual-5f8b9b86fc-tvcxl,11,6
1781600681,gsm-8,osmo-hlr-546bdb8988-vb8bb,1,2
1781600681,gsm-8,osmo-mgw-8c8fc67d6-v9gr9,1,2
1781600681,gsm-8,osmo-mobile-7f88cc47b4-wjcqt,2,28
1781600681,gsm-8,osmo-stp-768687f494-shd7q,1,2
1781600681,gsm-8,ttcn3-tc-34-2-2-1-brhlj,1,6
1781600681,gsm-8,virtphy-86b4bdf559-ks45z,7,1
1781600684,gsm-8,msc-test-stub-5b875d749d-dxqzs,1,16
1781600684,gsm-8,osmo-bsc-594654bd47-5zskx,1,5
1781600684,gsm-8,osmo-bts-virtual-5f8b9b86fc-tvcxl,10,7
1781600684,gsm-8,osmo-hlr-546bdb8988-vb8bb,1,2
1781600684,gsm-8,osmo-mgw-8c8fc67d6-v9gr9,1,2
1781600684,gsm-8,osmo-mobile-7f88cc47b4-wjcqt,2,28
1781600684,gsm-8,osmo-stp-768687f494-shd7q,1,2
1781600684,gsm-8,ttcn3-tc-34-2-2-1-brhlj,1,6
1781600684,gsm-8,virtphy-86b4bdf559-ks45z,6,2
1781600686,gsm-8,msc-test-stub-5b875d749d-dxqzs,1,16
1781600686,gsm-8,osmo-bsc-594654bd47-5zskx,1,5
1781600686,gsm-8,osmo-bts-virtual-5f8b9b86fc-tvcxl,10,7
1781600686,gsm-8,osmo-hlr-546bdb8988-vb8bb,1,2
1781600686,gsm-8,osmo-mgw-8c8fc67d6-v9gr9,1,2
1781600686,gsm-8,osmo-mobile-7f88cc47b4-wjcqt,2,28
1781600686,gsm-8,osmo-stp-768687f494-shd7q,1,2
1781600686,gsm-8,ttcn3-tc-34-2-2-1-brhlj,1,6
1781600686,gsm-8,virtphy-86b4bdf559-ks45z,6,2
1781600688,gsm-8,msc-test-stub-5b875d749d-dxqzs,1,16
1781600688,gsm-8,osmo-bsc-594654bd47-5zskx,1,5
1781600688,gsm-8,osmo-bts-virtual-5f8b9b86fc-tvcxl,10,7
1781600688,gsm-8,osmo-hlr-546bdb8988-vb8bb,1,2
1781600688,gsm-8,osmo-mgw-8c8fc67d6-v9gr9,1,2
1781600688,gsm-8,osmo-mobile-7f88cc47b4-wjcqt,2,28
1781600688,gsm-8,osmo-stp-768687f494-shd7q,1,2
1781600688,gsm-8,ttcn3-tc-34-2-2-1-brhlj,1,6
1781600688,gsm-8,virtphy-86b4bdf559-ks45z,6,2
1781600690,gsm-8,msc-test-stub-5b875d749d-dxqzs,1,16
1781600690,gsm-8,osmo-bsc-594654bd47-5zskx,1,5
1781600690,gsm-8,osmo-bts-virtual-5f8b9b86fc-tvcxl,10,7
1781600690,gsm-8,osmo-hlr-546bdb8988-vb8bb,1,2
1781600690,gsm-8,osmo-mgw-8c8fc67d6-v9gr9,1,2
1781600690,gsm-8,osmo-mobile-7f88cc47b4-wjcqt,2,28
1781600690,gsm-8,osmo-stp-768687f494-shd7q,1,2
1781600690,gsm-8,ttcn3-tc-34-2-2-1-brhlj,1,6
1781600690,gsm-8,virtphy-86b4bdf559-ks45z,6,2
1781600692,gsm-8,msc-test-stub-5b875d749d-dxqzs,1,16
1781600692,gsm-8,osmo-bsc-594654bd47-5zskx,1,5
1781600692,gsm-8,osmo-bts-virtual-5f8b9b86fc-tvcxl,10,7
1781600692,gsm-8,osmo-hlr-546bdb8988-vb8bb,1,2
1781600692,gsm-8,osmo-mgw-8c8fc67d6-v9gr9,1,2
1781600692,gsm-8,osmo-mobile-7f88cc47b4-wjcqt,2,28
1781600692,gsm-8,osmo-stp-768687f494-shd7q,1,2
1781600692,gsm-8,ttcn3-tc-34-2-2-1-brhlj,1,6
1781600692,gsm-8,virtphy-86b4bdf559-ks45z,6,2
1781600695,gsm-8,msc-test-stub-5b875d749d-dxqzs,1,16
1781600695,gsm-8,osmo-bsc-594654bd47-5zskx,1,5
1781600695,gsm-8,osmo-bts-virtual-5f8b9b86fc-tvcxl,10,7
1781600695,gsm-8,osmo-hlr-546bdb8988-vb8bb,1,2
1781600695,gsm-8,osmo-mgw-8c8fc67d6-v9gr9,1,2
1781600695,gsm-8,osmo-mobile-7f88cc47b4-wjcqt,2,28
1781600695,gsm-8,osmo-stp-768687f494-shd7q,1,2
1781600695,gsm-8,ttcn3-tc-34-2-2-1-brhlj,1,6
1781600695,gsm-8,virtphy-86b4bdf559-ks45z,6,2
1781600697,gsm-8,msc-test-stub-5b875d749d-dxqzs,1,16
1781600697,gsm-8,osmo-bsc-594654bd47-5zskx,1,5
1781600697,gsm-8,osmo-bts-virtual-5f8b9b86fc-tvcxl,10,7
1781600697,gsm-8,osmo-hlr-546bdb8988-vb8bb,1,2
1781600697,gsm-8,osmo-mgw-8c8fc67d6-v9gr9,1,2
1781600697,gsm-8,osmo-mobile-7f88cc47b4-wjcqt,2,28
1781600697,gsm-8,osmo-stp-768687f494-shd7q,1,2
1781600697,gsm-8,ttcn3-tc-34-2-2-1-brhlj,1,6
1781600697,gsm-8,virtphy-86b4bdf559-ks45z,6,2
1781600699,gsm-8,msc-test-stub-5b875d749d-dxqzs,1,16
1781600699,gsm-8,osmo-bsc-594654bd47-5zskx,1,5
1781600699,gsm-8,osmo-bts-virtual-5f8b9b86fc-tvcxl,11,7
1781600699,gsm-8,osmo-hlr-546bdb8988-vb8bb,1,2
1781600699,gsm-8,osmo-mgw-8c8fc67d6-v9gr9,1,2
1781600699,gsm-8,osmo-mobile-7f88cc47b4-wjcqt,2,28
1781600699,gsm-8,osmo-stp-768687f494-shd7q,1,2
1781600699,gsm-8,ttcn3-tc-34-2-2-1-brhlj,1,6
1781600699,gsm-8,virtphy-86b4bdf559-ks45z,7,1
1781600701,gsm-8,msc-test-stub-5b875d749d-dxqzs,1,16
1781600701,gsm-8,osmo-bsc-594654bd47-5zskx,1,5
1781600701,gsm-8,osmo-bts-virtual-5f8b9b86fc-tvcxl,11,7
1781600701,gsm-8,osmo-hlr-546bdb8988-vb8bb,1,2
1781600701,gsm-8,osmo-mgw-8c8fc67d6-v9gr9,1,2
1781600701,gsm-8,osmo-mobile-7f88cc47b4-wjcqt,2,28
1781600701,gsm-8,osmo-stp-768687f494-shd7q,1,2
1781600701,gsm-8,ttcn3-tc-34-2-2-1-brhlj,1,6
1781600701,gsm-8,virtphy-86b4bdf559-ks45z,7,1
1781600704,gsm-8,msc-test-stub-5b875d749d-dxqzs,1,16
1781600704,gsm-8,osmo-bsc-594654bd47-5zskx,1,5
1781600704,gsm-8,osmo-bts-virtual-5f8b9b86fc-tvcxl,11,7
1781600704,gsm-8,osmo-hlr-546bdb8988-vb8bb,1,2
1781600704,gsm-8,osmo-mgw-8c8fc67d6-v9gr9,1,2
1781600704,gsm-8,osmo-mobile-7f88cc47b4-wjcqt,2,28
1781600704,gsm-8,osmo-stp-768687f494-shd7q,1,2
1781600704,gsm-8,ttcn3-tc-34-2-2-1-brhlj,1,6
1781600704,gsm-8,virtphy-86b4bdf559-ks45z,7,1
1781600706,gsm-8,msc-test-stub-5b875d749d-dxqzs,1,16
1781600706,gsm-8,osmo-bsc-594654bd47-5zskx,1,5
1781600706,gsm-8,osmo-bts-virtual-5f8b9b86fc-tvcxl,11,7
1781600706,gsm-8,osmo-hlr-546bdb8988-vb8bb,1,2
1781600706,gsm-8,osmo-mgw-8c8fc67d6-v9gr9,1,2
1781600706,gsm-8,osmo-mobile-7f88cc47b4-wjcqt,2,28
1781600706,gsm-8,osmo-stp-768687f494-shd7q,1,2
1781600706,gsm-8,ttcn3-tc-34-2-2-1-brhlj,1,6
1781600706,gsm-8,virtphy-86b4bdf559-ks45z,7,1
1781600709,gsm-8,msc-test-stub-5b875d749d-dxqzs,1,16
1781600709,gsm-8,osmo-bsc-594654bd47-5zskx,1,5
1781600709,gsm-8,osmo-bts-virtual-5f8b9b86fc-tvcxl,11,7
1781600709,gsm-8,osmo-hlr-546bdb8988-vb8bb,1,2
1781600709,gsm-8,osmo-mgw-8c8fc67d6-v9gr9,1,2
1781600709,gsm-8,osmo-mobile-7f88cc47b4-wjcqt,2,28
1781600709,gsm-8,osmo-stp-768687f494-shd7q,1,2
1781600709,gsm-8,ttcn3-tc-34-2-2-1-brhlj,1,6
1781600709,gsm-8,virtphy-86b4bdf559-ks45z,7,1
1781600711,gsm-8,msc-test-stub-5b875d749d-dxqzs,1,16
1781600711,gsm-8,osmo-bsc-594654bd47-5zskx,1,5
1781600711,gsm-8,osmo-bts-virtual-5f8b9b86fc-tvcxl,11,7
1781600711,gsm-8,osmo-hlr-546bdb8988-vb8bb,1,2
1781600711,gsm-8,osmo-mgw-8c8fc67d6-v9gr9,1,2
1781600711,gsm-8,osmo-mobile-7f88cc47b4-wjcqt,2,28
1781600711,gsm-8,osmo-stp-768687f494-shd7q,1,2
1781600711,gsm-8,ttcn3-tc-34-2-2-1-brhlj,1,6
1781600711,gsm-8,virtphy-86b4bdf559-ks45z,7,1
1781600714,gsm-8,msc-test-stub-5b875d749d-dxqzs,1,16
1781600714,gsm-8,osmo-bsc-594654bd47-5zskx,1,5
1781600714,gsm-8,osmo-bts-virtual-5f8b9b86fc-tvcxl,10,8
1781600714,gsm-8,osmo-hlr-546bdb8988-vb8bb,1,2
1781600714,gsm-8,osmo-mgw-8c8fc67d6-v9gr9,1,2
1781600714,gsm-8,osmo-mobile-7f88cc47b4-wjcqt,2,28
1781600714,gsm-8,osmo-stp-768687f494-shd7q,1,2
1781600714,gsm-8,ttcn3-tc-34-2-2-1-brhlj,1,6
1781600714,gsm-8,virtphy-86b4bdf559-ks45z,7,5
1781600716,gsm-8,msc-test-stub-5b875d749d-dxqzs,1,16
1781600716,gsm-8,osmo-bsc-594654bd47-5zskx,1,5
1781600716,gsm-8,osmo-bts-virtual-5f8b9b86fc-tvcxl,10,8
1781600716,gsm-8,osmo-hlr-546bdb8988-vb8bb,1,2
1781600716,gsm-8,osmo-mgw-8c8fc67d6-v9gr9,1,2
1781600716,gsm-8,osmo-mobile-7f88cc47b4-wjcqt,2,28
1781600716,gsm-8,osmo-stp-768687f494-shd7q,1,2
1781600716,gsm-8,ttcn3-tc-34-2-2-1-brhlj,1,6
1781600716,gsm-8,virtphy-86b4bdf559-ks45z,7,5
1781600718,gsm-8,msc-test-stub-5b875d749d-dxqzs,1,16
1781600718,gsm-8,osmo-bsc-594654bd47-5zskx,1,5
1781600718,gsm-8,osmo-bts-virtual-5f8b9b86fc-tvcxl,10,8
1781600718,gsm-8,osmo-hlr-546bdb8988-vb8bb,1,2
1781600718,gsm-8,osmo-mgw-8c8fc67d6-v9gr9,1,2
1781600718,gsm-8,osmo-mobile-7f88cc47b4-wjcqt,2,28
1781600718,gsm-8,osmo-stp-768687f494-shd7q,1,2
1781600718,gsm-8,ttcn3-tc-34-2-2-1-brhlj,1,6
1781600718,gsm-8,virtphy-86b4bdf559-ks45z,7,5
1781600721,gsm-8,msc-test-stub-5b875d749d-dxqzs,1,16
1781600721,gsm-8,osmo-bsc-594654bd47-5zskx,1,5
1781600721,gsm-8,osmo-bts-virtual-5f8b9b86fc-tvcxl,10,8
1781600721,gsm-8,osmo-hlr-546bdb8988-vb8bb,1,2
1781600721,gsm-8,osmo-mgw-8c8fc67d6-v9gr9,1,2
1781600721,gsm-8,osmo-mobile-7f88cc47b4-wjcqt,2,28
1781600721,gsm-8,osmo-stp-768687f494-shd7q,1,2
1781600721,gsm-8,ttcn3-tc-34-2-2-1-brhlj,1,6
1781600721,gsm-8,virtphy-86b4bdf559-ks45z,7,5
1781600723,gsm-8,msc-test-stub-5b875d749d-dxqzs,1,16
1781600723,gsm-8,osmo-bsc-594654bd47-5zskx,1,5
1781600723,gsm-8,osmo-bts-virtual-5f8b9b86fc-tvcxl,10,8
1781600723,gsm-8,osmo-hlr-546bdb8988-vb8bb,1,2
1781600723,gsm-8,osmo-mgw-8c8fc67d6-v9gr9,1,2
1781600723,gsm-8,osmo-mobile-7f88cc47b4-wjcqt,2,28
1781600723,gsm-8,osmo-stp-768687f494-shd7q,1,2
1781600723,gsm-8,ttcn3-tc-34-2-2-1-brhlj,1,6
1781600723,gsm-8,virtphy-86b4bdf559-ks45z,7,5
1781600726,gsm-8,msc-test-stub-5b875d749d-dxqzs,1,16
1781600726,gsm-8,osmo-bsc-594654bd47-5zskx,1,5
1781600726,gsm-8,osmo-bts-virtual-5f8b9b86fc-tvcxl,10,8
1781600726,gsm-8,osmo-hlr-546bdb8988-vb8bb,1,2
1781600726,gsm-8,osmo-mgw-8c8fc67d6-v9gr9,1,2
1781600726,gsm-8,osmo-mobile-7f88cc47b4-wjcqt,2,28
1781600726,gsm-8,osmo-stp-768687f494-shd7q,1,2
1781600726,gsm-8,ttcn3-tc-34-2-2-1-brhlj,1,6
1781600726,gsm-8,virtphy-86b4bdf559-ks45z,7,5
1781600728,gsm-8,msc-test-stub-5b875d749d-dxqzs,1,16
1781600728,gsm-8,osmo-bsc-594654bd47-5zskx,1,5
1781600728,gsm-8,osmo-bts-virtual-5f8b9b86fc-tvcxl,11,7
1781600728,gsm-8,osmo-hlr-546bdb8988-vb8bb,1,2
1781600728,gsm-8,osmo-mgw-8c8fc67d6-v9gr9,1,2
1781600728,gsm-8,osmo-mobile-7f88cc47b4-wjcqt,2,28
1781600728,gsm-8,osmo-stp-768687f494-shd7q,1,2
1781600728,gsm-8,ttcn3-tc-34-2-2-1-brhlj,1,6
1781600728,gsm-8,virtphy-86b4bdf559-ks45z,7,2
1781600731,gsm-8,msc-test-stub-5b875d749d-dxqzs,1,16
1781600731,gsm-8,osmo-bsc-594654bd47-5zskx,1,5
1781600731,gsm-8,osmo-bts-virtual-5f8b9b86fc-tvcxl,11,7
1781600731,gsm-8,osmo-hlr-546bdb8988-vb8bb,1,2
1781600731,gsm-8,osmo-mgw-8c8fc67d6-v9gr9,1,2
1781600731,gsm-8,osmo-mobile-7f88cc47b4-wjcqt,2,28
1781600731,gsm-8,osmo-stp-768687f494-shd7q,1,2
1781600731,gsm-8,ttcn3-tc-34-2-2-1-brhlj,1,6
1781600731,gsm-8,virtphy-86b4bdf559-ks45z,7,2
1781600733,gsm-8,msc-test-stub-5b875d749d-dxqzs,1,16
1781600733,gsm-8,osmo-bsc-594654bd47-5zskx,1,5
1781600733,gsm-8,osmo-bts-virtual-5f8b9b86fc-tvcxl,11,7
1781600733,gsm-8,osmo-hlr-546bdb8988-vb8bb,1,2
1781600733,gsm-8,osmo-mgw-8c8fc67d6-v9gr9,1,2
1781600733,gsm-8,osmo-mobile-7f88cc47b4-wjcqt,2,28
1781600733,gsm-8,osmo-stp-768687f494-shd7q,1,2
1781600733,gsm-8,ttcn3-tc-34-2-2-1-brhlj,1,6
1781600733,gsm-8,virtphy-86b4bdf559-ks45z,7,2
1781600735,gsm-8,msc-test-stub-5b875d749d-dxqzs,1,16
1781600735,gsm-8,osmo-bsc-594654bd47-5zskx,1,5
1781600735,gsm-8,osmo-bts-virtual-5f8b9b86fc-tvcxl,11,7
1781600735,gsm-8,osmo-hlr-546bdb8988-vb8bb,1,2
1781600735,gsm-8,osmo-mgw-8c8fc67d6-v9gr9,1,2
1781600735,gsm-8,osmo-mobile-7f88cc47b4-wjcqt,2,28
1781600735,gsm-8,osmo-stp-768687f494-shd7q,1,2
1781600735,gsm-8,ttcn3-tc-34-2-2-1-brhlj,1,6
1781600735,gsm-8,virtphy-86b4bdf559-ks45z,7,2
1781600738,gsm-8,msc-test-stub-5b875d749d-dxqzs,1,16
1781600738,gsm-8,osmo-bsc-594654bd47-5zskx,1,5
1781600738,gsm-8,osmo-bts-virtual-5f8b9b86fc-tvcxl,11,7
1781600738,gsm-8,osmo-hlr-546bdb8988-vb8bb,1,2
1781600738,gsm-8,osmo-mgw-8c8fc67d6-v9gr9,1,2
1781600738,gsm-8,osmo-mobile-7f88cc47b4-wjcqt,2,28
1781600738,gsm-8,osmo-stp-768687f494-shd7q,1,2
1781600738,gsm-8,ttcn3-tc-34-2-2-1-brhlj,1,6
1781600738,gsm-8,virtphy-86b4bdf559-ks45z,7,2
1781600741,gsm-8,msc-test-stub-5b875d749d-dxqzs,1,16
1781600741,gsm-8,osmo-bsc-594654bd47-5zskx,1,5
1781600741,gsm-8,osmo-bts-virtual-5f8b9b86fc-tvcxl,11,7
1781600741,gsm-8,osmo-hlr-546bdb8988-vb8bb,1,2
1781600741,gsm-8,osmo-mgw-8c8fc67d6-v9gr9,1,2
1781600741,gsm-8,osmo-mobile-7f88cc47b4-wjcqt,2,28
1781600741,gsm-8,osmo-stp-768687f494-shd7q,1,2
1781600741,gsm-8,ttcn3-tc-34-2-2-1-brhlj,1,6
1781600741,gsm-8,virtphy-86b4bdf559-ks45z,7,2
1781600743,gsm-8,msc-test-stub-5b875d749d-dxqzs,1,16
1781600743,gsm-8,osmo-bsc-594654bd47-5zskx,1,5
1781600743,gsm-8,osmo-bts-virtual-5f8b9b86fc-tvcxl,10,9
1781600743,gsm-8,osmo-hlr-546bdb8988-vb8bb,1,2
1781600743,gsm-8,osmo-mgw-8c8fc67d6-v9gr9,1,2
1781600743,gsm-8,osmo-mobile-7f88cc47b4-wjcqt,2,28
1781600743,gsm-8,osmo-stp-768687f494-shd7q,1,2
1781600743,gsm-8,ttcn3-tc-34-2-2-1-brhlj,1,6
1781600743,gsm-8,virtphy-86b4bdf559-ks45z,8,2
1781600745,gsm-8,msc-test-stub-5b875d749d-dxqzs,1,16
1781600745,gsm-8,osmo-bsc-594654bd47-5zskx,1,5
1781600745,gsm-8,osmo-bts-virtual-5f8b9b86fc-tvcxl,10,9
1781600745,gsm-8,osmo-hlr-546bdb8988-vb8bb,1,2
1781600745,gsm-8,osmo-mgw-8c8fc67d6-v9gr9,1,2
1781600745,gsm-8,osmo-mobile-7f88cc47b4-wjcqt,2,28
1781600745,gsm-8,osmo-stp-768687f494-shd7q,1,2
1781600745,gsm-8,ttcn3-tc-34-2-2-1-brhlj,1,6
1781600745,gsm-8,virtphy-86b4bdf559-ks45z,8,2
1781600747,gsm-8,msc-test-stub-5b875d749d-dxqzs,1,16
1781600747,gsm-8,osmo-bsc-594654bd47-5zskx,1,5
1781600747,gsm-8,osmo-bts-virtual-5f8b9b86fc-tvcxl,10,9
1781600747,gsm-8,osmo-hlr-546bdb8988-vb8bb,1,2
1781600747,gsm-8,osmo-mgw-8c8fc67d6-v9gr9,1,2
1781600747,gsm-8,osmo-mobile-7f88cc47b4-wjcqt,2,28
1781600747,gsm-8,osmo-stp-768687f494-shd7q,1,2
1781600747,gsm-8,ttcn3-tc-34-2-2-1-brhlj,1,6
1781600747,gsm-8,virtphy-86b4bdf559-ks45z,8,2
1781600749,gsm-8,msc-test-stub-5b875d749d-dxqzs,1,16
1781600749,gsm-8,osmo-bsc-594654bd47-5zskx,1,5
1781600749,gsm-8,osmo-bts-virtual-5f8b9b86fc-tvcxl,10,9
1781600749,gsm-8,osmo-hlr-546bdb8988-vb8bb,1,2
1781600749,gsm-8,osmo-mgw-8c8fc67d6-v9gr9,1,2
1781600749,gsm-8,osmo-mobile-7f88cc47b4-wjcqt,2,28
1781600749,gsm-8,osmo-stp-768687f494-shd7q,1,2
1781600749,gsm-8,ttcn3-tc-34-2-2-1-brhlj,1,6
1781600749,gsm-8,virtphy-86b4bdf559-ks45z,8,2
1781600752,gsm-8,msc-test-stub-5b875d749d-dxqzs,1,16
1781600752,gsm-8,osmo-bsc-594654bd47-5zskx,1,5
1781600752,gsm-8,osmo-bts-virtual-5f8b9b86fc-tvcxl,10,9
1781600752,gsm-8,osmo-hlr-546bdb8988-vb8bb,1,2
1781600752,gsm-8,osmo-mgw-8c8fc67d6-v9gr9,1,2
1781600752,gsm-8,osmo-mobile-7f88cc47b4-wjcqt,2,28
1781600752,gsm-8,osmo-stp-768687f494-shd7q,1,2
1781600752,gsm-8,ttcn3-tc-34-2-2-1-brhlj,1,6
1781600752,gsm-8,virtphy-86b4bdf559-ks45z,8,2
1781600754,gsm-8,msc-test-stub-5b875d749d-dxqzs,1,16
1781600754,gsm-8,osmo-bsc-594654bd47-5zskx,1,5
1781600754,gsm-8,osmo-bts-virtual-5f8b9b86fc-tvcxl,10,9
1781600754,gsm-8,osmo-hlr-546bdb8988-vb8bb,1,2
1781600754,gsm-8,osmo-mgw-8c8fc67d6-v9gr9,1,2
1781600754,gsm-8,osmo-mobile-7f88cc47b4-wjcqt,2,28
1781600754,gsm-8,osmo-stp-768687f494-shd7q,1,2
1781600754,gsm-8,ttcn3-tc-34-2-2-1-brhlj,1,6
1781600754,gsm-8,virtphy-86b4bdf559-ks45z,8,2
1781600756,gsm-8,msc-test-stub-5b875d749d-dxqzs,1,16
1781600756,gsm-8,osmo-bsc-594654bd47-5zskx,1,5
1781600756,gsm-8,osmo-bts-virtual-5f8b9b86fc-tvcxl,10,9
1781600756,gsm-8,osmo-hlr-546bdb8988-vb8bb,1,2
1781600756,gsm-8,osmo-mgw-8c8fc67d6-v9gr9,1,2
1781600756,gsm-8,osmo-mobile-7f88cc47b4-wjcqt,2,28
1781600756,gsm-8,osmo-stp-768687f494-shd7q,1,2
1781600756,gsm-8,ttcn3-tc-34-2-2-1-brhlj,1,6
1781600756,gsm-8,virtphy-86b4bdf559-ks45z,8,2
1781600758,gsm-8,msc-test-stub-5b875d749d-dxqzs,1,16
1781600758,gsm-8,osmo-bsc-594654bd47-5zskx,1,5
1781600758,gsm-8,osmo-bts-virtual-5f8b9b86fc-tvcxl,11,8
1781600758,gsm-8,osmo-hlr-546bdb8988-vb8bb,1,2
1781600758,gsm-8,osmo-mgw-8c8fc67d6-v9gr9,1,2
1781600758,gsm-8,osmo-mobile-7f88cc47b4-wjcqt,2,28
1781600758,gsm-8,osmo-stp-768687f494-shd7q,1,2
1781600758,gsm-8,ttcn3-tc-34-2-2-1-brhlj,1,6
1781600758,gsm-8,virtphy-86b4bdf559-ks45z,8,3
1781600761,gsm-8,msc-test-stub-5b875d749d-dxqzs,1,16
1781600761,gsm-8,osmo-bsc-594654bd47-5zskx,1,5
1781600761,gsm-8,osmo-bts-virtual-5f8b9b86fc-tvcxl,11,8
1781600761,gsm-8,osmo-hlr-546bdb8988-vb8bb,1,2
1781600761,gsm-8,osmo-mgw-8c8fc67d6-v9gr9,1,2
1781600761,gsm-8,osmo-mobile-7f88cc47b4-wjcqt,2,28
1781600761,gsm-8,osmo-stp-768687f494-shd7q,1,2
1781600761,gsm-8,ttcn3-tc-34-2-2-1-brhlj,1,6
1781600761,gsm-8,virtphy-86b4bdf559-ks45z,8,3
1781600763,gsm-8,msc-test-stub-5b875d749d-dxqzs,1,16
1781600763,gsm-8,osmo-bsc-594654bd47-5zskx,1,5
1781600763,gsm-8,osmo-bts-virtual-5f8b9b86fc-tvcxl,11,8
1781600763,gsm-8,osmo-hlr-546bdb8988-vb8bb,1,2
1781600763,gsm-8,osmo-mgw-8c8fc67d6-v9gr9,1,2
1781600763,gsm-8,osmo-mobile-7f88cc47b4-wjcqt,2,28
1781600763,gsm-8,osmo-stp-768687f494-shd7q,1,2
1781600763,gsm-8,ttcn3-tc-34-2-2-1-brhlj,1,6
1781600763,gsm-8,virtphy-86b4bdf559-ks45z,8,3
1781600765,gsm-8,msc-test-stub-5b875d749d-dxqzs,1,16
1781600765,gsm-8,osmo-bsc-594654bd47-5zskx,1,5
1781600765,gsm-8,osmo-bts-virtual-5f8b9b86fc-tvcxl,11,8
1781600765,gsm-8,osmo-hlr-546bdb8988-vb8bb,1,2
1781600765,gsm-8,osmo-mgw-8c8fc67d6-v9gr9,1,2
1781600765,gsm-8,osmo-mobile-7f88cc47b4-wjcqt,2,28
1781600765,gsm-8,osmo-stp-768687f494-shd7q,1,2
1781600765,gsm-8,ttcn3-tc-34-2-2-1-brhlj,1,6
1781600765,gsm-8,virtphy-86b4bdf559-ks45z,8,3
1781600767,gsm-8,msc-test-stub-5b875d749d-dxqzs,1,16
1781600767,gsm-8,osmo-bsc-594654bd47-5zskx,1,5
1781600767,gsm-8,osmo-bts-virtual-5f8b9b86fc-tvcxl,11,8
1781600767,gsm-8,osmo-hlr-546bdb8988-vb8bb,1,2
1781600767,gsm-8,osmo-mgw-8c8fc67d6-v9gr9,1,2
1781600767,gsm-8,osmo-mobile-7f88cc47b4-wjcqt,2,28
1781600767,gsm-8,osmo-stp-768687f494-shd7q,1,2
1781600767,gsm-8,ttcn3-tc-34-2-2-1-brhlj,1,6
1781600767,gsm-8,virtphy-86b4bdf559-ks45z,8,3
1781600769,gsm-8,msc-test-stub-5b875d749d-dxqzs,1,16
1781600769,gsm-8,osmo-bsc-594654bd47-5zskx,1,5
1781600769,gsm-8,osmo-bts-virtual-5f8b9b86fc-tvcxl,11,8
1781600769,gsm-8,osmo-hlr-546bdb8988-vb8bb,1,2
1781600769,gsm-8,osmo-mgw-8c8fc67d6-v9gr9,1,2
1781600769,gsm-8,osmo-mobile-7f88cc47b4-wjcqt,2,28
1781600769,gsm-8,osmo-stp-768687f494-shd7q,1,2
1781600769,gsm-8,ttcn3-tc-34-2-2-1-brhlj,1,6
1781600769,gsm-8,virtphy-86b4bdf559-ks45z,8,3
1781600771,gsm-8,msc-test-stub-5b875d749d-dxqzs,1,16
1781600771,gsm-8,osmo-bsc-594654bd47-5zskx,1,5
1781600771,gsm-8,osmo-bts-virtual-5f8b9b86fc-tvcxl,11,8
1781600771,gsm-8,osmo-hlr-546bdb8988-vb8bb,1,2
1781600771,gsm-8,osmo-mgw-8c8fc67d6-v9gr9,1,2
1781600771,gsm-8,osmo-mobile-7f88cc47b4-wjcqt,2,28
1781600771,gsm-8,osmo-stp-768687f494-shd7q,1,2
1781600771,gsm-8,ttcn3-tc-34-2-2-1-brhlj,1,6
1781600771,gsm-8,virtphy-86b4bdf559-ks45z,8,3
1781600774,gsm-8,msc-test-stub-5b875d749d-dxqzs,1,16
1781600774,gsm-8,osmo-bsc-594654bd47-5zskx,1,5
1781600774,gsm-8,osmo-bts-virtual-5f8b9b86fc-tvcxl,10,8
1781600774,gsm-8,osmo-hlr-546bdb8988-vb8bb,1,2
1781600774,gsm-8,osmo-mgw-8c8fc67d6-v9gr9,1,2
1781600774,gsm-8,osmo-mobile-7f88cc47b4-wjcqt,2,28
1781600774,gsm-8,osmo-stp-768687f494-shd7q,1,2
1781600774,gsm-8,ttcn3-tc-34-2-2-1-brhlj,1,6
1781600774,gsm-8,virtphy-86b4bdf559-ks45z,7,4
1781600776,gsm-8,msc-test-stub-5b875d749d-dxqzs,1,16
1781600776,gsm-8,osmo-bsc-594654bd47-5zskx,1,5
1781600776,gsm-8,osmo-bts-virtual-5f8b9b86fc-tvcxl,10,8
1781600776,gsm-8,osmo-hlr-546bdb8988-vb8bb,1,2
1781600776,gsm-8,osmo-mgw-8c8fc67d6-v9gr9,1,2
1781600776,gsm-8,osmo-mobile-7f88cc47b4-wjcqt,2,28
1781600776,gsm-8,osmo-stp-768687f494-shd7q,1,2
1781600776,gsm-8,ttcn3-tc-34-2-2-1-brhlj,1,6
1781600776,gsm-8,virtphy-86b4bdf559-ks45z,7,4
1781600778,gsm-8,msc-test-stub-5b875d749d-dxqzs,1,16
1781600778,gsm-8,osmo-bsc-594654bd47-5zskx,1,5
1781600778,gsm-8,osmo-bts-virtual-5f8b9b86fc-tvcxl,10,8
1781600778,gsm-8,osmo-hlr-546bdb8988-vb8bb,1,2
1781600778,gsm-8,osmo-mgw-8c8fc67d6-v9gr9,1,2
1781600778,gsm-8,osmo-mobile-7f88cc47b4-wjcqt,2,28
1781600778,gsm-8,osmo-stp-768687f494-shd7q,1,2
1781600778,gsm-8,ttcn3-tc-34-2-2-1-brhlj,1,6
1781600778,gsm-8,virtphy-86b4bdf559-ks45z,7,4
1781600781,gsm-8,msc-test-stub-5b875d749d-dxqzs,1,16
1781600781,gsm-8,osmo-bsc-594654bd47-5zskx,1,5
1781600781,gsm-8,osmo-bts-virtual-5f8b9b86fc-tvcxl,10,8
1781600781,gsm-8,osmo-hlr-546bdb8988-vb8bb,1,2
1781600781,gsm-8,osmo-mgw-8c8fc67d6-v9gr9,1,2
1781600781,gsm-8,osmo-mobile-7f88cc47b4-wjcqt,2,28
1781600781,gsm-8,osmo-stp-768687f494-shd7q,1,2
1781600781,gsm-8,ttcn3-tc-34-2-2-1-brhlj,1,6
1781600781,gsm-8,virtphy-86b4bdf559-ks45z,7,4
1781600783,gsm-8,msc-test-stub-5b875d749d-dxqzs,1,16
1781600783,gsm-8,osmo-bsc-594654bd47-5zskx,1,5
1781600783,gsm-8,osmo-bts-virtual-5f8b9b86fc-tvcxl,10,8
1781600783,gsm-8,osmo-hlr-546bdb8988-vb8bb,1,2
1781600783,gsm-8,osmo-mgw-8c8fc67d6-v9gr9,1,2
1781600783,gsm-8,osmo-mobile-7f88cc47b4-wjcqt,2,28
1781600783,gsm-8,osmo-stp-768687f494-shd7q,1,2
1781600783,gsm-8,ttcn3-tc-34-2-2-1-brhlj,1,6
1781600783,gsm-8,virtphy-86b4bdf559-ks45z,7,4
1781600785,gsm-8,msc-test-stub-5b875d749d-dxqzs,1,16
1781600785,gsm-8,osmo-bsc-594654bd47-5zskx,1,5
1781600785,gsm-8,osmo-bts-virtual-5f8b9b86fc-tvcxl,10,8
1781600785,gsm-8,osmo-hlr-546bdb8988-vb8bb,1,2
1781600785,gsm-8,osmo-mgw-8c8fc67d6-v9gr9,1,2
1781600785,gsm-8,osmo-mobile-7f88cc47b4-wjcqt,2,28
1781600785,gsm-8,osmo-stp-768687f494-shd7q,1,2
1781600785,gsm-8,ttcn3-tc-34-2-2-1-brhlj,1,6
1781600785,gsm-8,virtphy-86b4bdf559-ks45z,7,4
1781600787,gsm-8,msc-test-stub-5b875d749d-dxqzs,1,16
1781600787,gsm-8,osmo-bsc-594654bd47-5zskx,1,5
1781600787,gsm-8,osmo-bts-virtual-5f8b9b86fc-tvcxl,10,8
1781600787,gsm-8,osmo-hlr-546bdb8988-vb8bb,1,2
1781600787,gsm-8,osmo-mgw-8c8fc67d6-v9gr9,1,2
1781600787,gsm-8,osmo-mobile-7f88cc47b4-wjcqt,2,28
1781600787,gsm-8,osmo-stp-768687f494-shd7q,1,2
1781600787,gsm-8,ttcn3-tc-34-2-2-1-brhlj,1,6
1781600787,gsm-8,virtphy-86b4bdf559-ks45z,7,4
1781600789,gsm-8,msc-test-stub-5b875d749d-dxqzs,1,16
1781600789,gsm-8,osmo-bsc-594654bd47-5zskx,1,5
1781600789,gsm-8,osmo-bts-virtual-5f8b9b86fc-tvcxl,11,8
1781600789,gsm-8,osmo-hlr-546bdb8988-vb8bb,1,2
1781600789,gsm-8,osmo-mgw-8c8fc67d6-v9gr9,1,2
1781600789,gsm-8,osmo-mobile-7f88cc47b4-wjcqt,2,28
1781600789,gsm-8,osmo-stp-768687f494-shd7q,1,2
1781600789,gsm-8,ttcn3-tc-34-2-2-1-brhlj,1,6
1781600789,gsm-8,virtphy-86b4bdf559-ks45z,7,4
1781600791,gsm-8,msc-test-stub-5b875d749d-dxqzs,1,16
1781600791,gsm-8,osmo-bsc-594654bd47-5zskx,1,5
1781600791,gsm-8,osmo-bts-virtual-5f8b9b86fc-tvcxl,11,8
1781600791,gsm-8,osmo-hlr-546bdb8988-vb8bb,1,2
1781600791,gsm-8,osmo-mgw-8c8fc67d6-v9gr9,1,2
1781600791,gsm-8,osmo-mobile-7f88cc47b4-wjcqt,2,28
1781600791,gsm-8,osmo-stp-768687f494-shd7q,1,2
1781600791,gsm-8,ttcn3-tc-34-2-2-1-brhlj,1,6
1781600791,gsm-8,virtphy-86b4bdf559-ks45z,7,4
1781600794,gsm-8,msc-test-stub-5b875d749d-dxqzs,1,16
1781600794,gsm-8,osmo-bsc-594654bd47-5zskx,1,5
1781600794,gsm-8,osmo-bts-virtual-5f8b9b86fc-tvcxl,11,8
1781600794,gsm-8,osmo-hlr-546bdb8988-vb8bb,1,2
1781600794,gsm-8,osmo-mgw-8c8fc67d6-v9gr9,1,2
1781600794,gsm-8,osmo-mobile-7f88cc47b4-wjcqt,2,28
1781600794,gsm-8,osmo-stp-768687f494-shd7q,1,2
1781600794,gsm-8,ttcn3-tc-34-2-2-1-brhlj,1,6
1781600794,gsm-8,virtphy-86b4bdf559-ks45z,7,4
1781600796,gsm-8,msc-test-stub-5b875d749d-dxqzs,1,16
1781600796,gsm-8,osmo-bsc-594654bd47-5zskx,1,5
1781600796,gsm-8,osmo-bts-virtual-5f8b9b86fc-tvcxl,11,8
1781600796,gsm-8,osmo-hlr-546bdb8988-vb8bb,1,2
1781600796,gsm-8,osmo-mgw-8c8fc67d6-v9gr9,1,2
1781600796,gsm-8,osmo-mobile-7f88cc47b4-wjcqt,2,28
1781600796,gsm-8,osmo-stp-768687f494-shd7q,1,2
1781600796,gsm-8,ttcn3-tc-34-2-2-1-brhlj,1,6
1781600796,gsm-8,virtphy-86b4bdf559-ks45z,7,4
1781600798,gsm-8,msc-test-stub-5b875d749d-dxqzs,1,16
1781600798,gsm-8,osmo-bsc-594654bd47-5zskx,1,5
1781600798,gsm-8,osmo-bts-virtual-5f8b9b86fc-tvcxl,11,8
1781600798,gsm-8,osmo-hlr-546bdb8988-vb8bb,1,2
1781600798,gsm-8,osmo-mgw-8c8fc67d6-v9gr9,1,2
1781600798,gsm-8,osmo-mobile-7f88cc47b4-wjcqt,2,28
1781600798,gsm-8,osmo-stp-768687f494-shd7q,1,2
1781600798,gsm-8,ttcn3-tc-34-2-2-1-brhlj,1,6
1781600798,gsm-8,virtphy-86b4bdf559-ks45z,7,4
1781600801,gsm-8,msc-test-stub-5b875d749d-dxqzs,1,16
1781600801,gsm-8,osmo-bsc-594654bd47-5zskx,1,5
1781600801,gsm-8,osmo-bts-virtual-5f8b9b86fc-tvcxl,11,8
1781600801,gsm-8,osmo-hlr-546bdb8988-vb8bb,1,2
1781600801,gsm-8,osmo-mgw-8c8fc67d6-v9gr9,1,2
1781600801,gsm-8,osmo-mobile-7f88cc47b4-wjcqt,2,28
1781600801,gsm-8,osmo-stp-768687f494-shd7q,1,2
1781600801,gsm-8,ttcn3-tc-34-2-2-1-brhlj,1,6
1781600801,gsm-8,virtphy-86b4bdf559-ks45z,7,4
1781600803,gsm-8,msc-test-stub-5b875d749d-dxqzs,1,16
1781600803,gsm-8,osmo-bsc-594654bd47-5zskx,1,5
1781600803,gsm-8,osmo-bts-virtual-5f8b9b86fc-tvcxl,10,6
1781600803,gsm-8,osmo-hlr-546bdb8988-vb8bb,1,2
1781600803,gsm-8,osmo-mgw-8c8fc67d6-v9gr9,1,2
1781600803,gsm-8,osmo-mobile-7f88cc47b4-wjcqt,4,30
1781600803,gsm-8,osmo-stp-768687f494-shd7q,1,2
1781600803,gsm-8,ttcn3-tc-34-2-2-1-brhlj,1,6
1781600803,gsm-8,virtphy-86b4bdf559-ks45z,8,1
1781600805,gsm-8,msc-test-stub-5b875d749d-dxqzs,1,16
1781600805,gsm-8,osmo-bsc-594654bd47-5zskx,1,5
1781600805,gsm-8,osmo-bts-virtual-5f8b9b86fc-tvcxl,10,6
1781600805,gsm-8,osmo-hlr-546bdb8988-vb8bb,1,2
1781600805,gsm-8,osmo-mgw-8c8fc67d6-v9gr9,1,2
1781600805,gsm-8,osmo-mobile-7f88cc47b4-wjcqt,4,30
1781600805,gsm-8,osmo-stp-768687f494-shd7q,1,2
1781600805,gsm-8,ttcn3-tc-34-2-2-1-brhlj,1,6
1781600805,gsm-8,virtphy-86b4bdf559-ks45z,8,1
1781600808,gsm-8,msc-test-stub-5b875d749d-dxqzs,1,16
1781600808,gsm-8,osmo-bsc-594654bd47-5zskx,1,5
1781600808,gsm-8,osmo-bts-virtual-5f8b9b86fc-tvcxl,10,6
1781600808,gsm-8,osmo-hlr-546bdb8988-vb8bb,1,2
1781600808,gsm-8,osmo-mgw-8c8fc67d6-v9gr9,1,2
1781600808,gsm-8,osmo-mobile-7f88cc47b4-wjcqt,4,30
1781600808,gsm-8,osmo-stp-768687f494-shd7q,1,2
1781600808,gsm-8,ttcn3-tc-34-2-2-1-brhlj,1,6
1781600808,gsm-8,virtphy-86b4bdf559-ks45z,8,1
1781600811,gsm-8,msc-test-stub-5b875d749d-dxqzs,1,16
1781600811,gsm-8,osmo-bsc-594654bd47-5zskx,1,5
1781600811,gsm-8,osmo-bts-virtual-5f8b9b86fc-tvcxl,10,6
1781600811,gsm-8,osmo-hlr-546bdb8988-vb8bb,1,2
1781600811,gsm-8,osmo-mgw-8c8fc67d6-v9gr9,1,2
1781600811,gsm-8,osmo-mobile-7f88cc47b4-wjcqt,4,30
1781600811,gsm-8,osmo-stp-768687f494-shd7q,1,2
1781600811,gsm-8,ttcn3-tc-34-2-2-1-brhlj,1,6
1781600811,gsm-8,virtphy-86b4bdf559-ks45z,8,1
1781600814,gsm-8,msc-test-stub-5b875d749d-dxqzs,1,16
1781600814,gsm-8,osmo-bsc-594654bd47-5zskx,1,5
1781600814,gsm-8,osmo-bts-virtual-5f8b9b86fc-tvcxl,10,6
1781600814,gsm-8,osmo-hlr-546bdb8988-vb8bb,1,2
1781600814,gsm-8,osmo-mgw-8c8fc67d6-v9gr9,1,2
1781600814,gsm-8,osmo-mobile-7f88cc47b4-wjcqt,4,30
1781600814,gsm-8,osmo-stp-768687f494-shd7q,1,2
1781600814,gsm-8,ttcn3-tc-34-2-2-1-brhlj,1,6
1781600814,gsm-8,virtphy-86b4bdf559-ks45z,8,1
1781600816,gsm-8,msc-test-stub-5b875d749d-dxqzs,1,16
1781600816,gsm-8,osmo-bsc-594654bd47-5zskx,1,5
1781600816,gsm-8,osmo-bts-virtual-5f8b9b86fc-tvcxl,10,6
1781600816,gsm-8,osmo-hlr-546bdb8988-vb8bb,1,2
1781600816,gsm-8,osmo-mgw-8c8fc67d6-v9gr9,1,2
1781600816,gsm-8,osmo-mobile-7f88cc47b4-wjcqt,4,30
1781600816,gsm-8,osmo-stp-768687f494-shd7q,1,2
1781600816,gsm-8,ttcn3-tc-34-2-2-1-brhlj,1,6
1781600816,gsm-8,virtphy-86b4bdf559-ks45z,8,1
1781600818,gsm-8,msc-test-stub-5b875d749d-dxqzs,1,16
1781600818,gsm-8,osmo-bsc-594654bd47-5zskx,1,5
1781600818,gsm-8,osmo-bts-virtual-5f8b9b86fc-tvcxl,10,6
1781600818,gsm-8,osmo-hlr-546bdb8988-vb8bb,1,2
1781600818,gsm-8,osmo-mgw-8c8fc67d6-v9gr9,1,2
1781600818,gsm-8,osmo-mobile-7f88cc47b4-wjcqt,2,30
1781600818,gsm-8,osmo-stp-768687f494-shd7q,1,2
1781600818,gsm-8,ttcn3-tc-34-2-2-1-brhlj,1,6
1781600818,gsm-8,virtphy-86b4bdf559-ks45z,8,2
1781600821,gsm-8,msc-test-stub-5b875d749d-dxqzs,1,16
1781600821,gsm-8,osmo-bsc-594654bd47-5zskx,1,5
1781600821,gsm-8,osmo-bts-virtual-5f8b9b86fc-tvcxl,10,6
1781600821,gsm-8,osmo-hlr-546bdb8988-vb8bb,1,2
1781600821,gsm-8,osmo-mgw-8c8fc67d6-v9gr9,1,2
1781600821,gsm-8,osmo-mobile-7f88cc47b4-wjcqt,2,30
1781600821,gsm-8,osmo-stp-768687f494-shd7q,1,2
1781600821,gsm-8,ttcn3-tc-34-2-2-1-brhlj,1,6
1781600821,gsm-8,virtphy-86b4bdf559-ks45z,8,2
1781600823,gsm-8,msc-test-stub-5b875d749d-dxqzs,1,16
1781600823,gsm-8,osmo-bsc-594654bd47-5zskx,1,5
1781600823,gsm-8,osmo-bts-virtual-5f8b9b86fc-tvcxl,10,6
1781600823,gsm-8,osmo-hlr-546bdb8988-vb8bb,1,2
1781600823,gsm-8,osmo-mgw-8c8fc67d6-v9gr9,1,2
1781600823,gsm-8,osmo-mobile-7f88cc47b4-wjcqt,2,30
1781600823,gsm-8,osmo-stp-768687f494-shd7q,1,2
1781600823,gsm-8,ttcn3-tc-34-2-2-1-brhlj,1,6
1781600823,gsm-8,virtphy-86b4bdf559-ks45z,8,2
1781600825,gsm-8,msc-test-stub-5b875d749d-dxqzs,1,16
1781600825,gsm-8,osmo-bsc-594654bd47-5zskx,1,5
1781600825,gsm-8,osmo-bts-virtual-5f8b9b86fc-tvcxl,10,6
1781600825,gsm-8,osmo-hlr-546bdb8988-vb8bb,1,2
1781600825,gsm-8,osmo-mgw-8c8fc67d6-v9gr9,1,2
1781600825,gsm-8,osmo-mobile-7f88cc47b4-wjcqt,2,30
1781600825,gsm-8,osmo-stp-768687f494-shd7q,1,2
1781600825,gsm-8,ttcn3-tc-34-2-2-1-brhlj,1,6
1781600825,gsm-8,virtphy-86b4bdf559-ks45z,8,2
1781600827,gsm-8,msc-test-stub-5b875d749d-dxqzs,1,16
1781600827,gsm-8,osmo-bsc-594654bd47-5zskx,1,5
1781600827,gsm-8,osmo-bts-virtual-5f8b9b86fc-tvcxl,10,6
1781600827,gsm-8,osmo-hlr-546bdb8988-vb8bb,1,2
1781600827,gsm-8,osmo-mgw-8c8fc67d6-v9gr9,1,2
1781600827,gsm-8,osmo-mobile-7f88cc47b4-wjcqt,2,30
1781600827,gsm-8,osmo-stp-768687f494-shd7q,1,2
1781600827,gsm-8,ttcn3-tc-34-2-2-1-brhlj,1,6
1781600827,gsm-8,virtphy-86b4bdf559-ks45z,8,2
1781600830,gsm-8,msc-test-stub-5b875d749d-dxqzs,1,16
1781600830,gsm-8,osmo-bsc-594654bd47-5zskx,1,5
1781600830,gsm-8,osmo-bts-virtual-5f8b9b86fc-tvcxl,10,6
1781600830,gsm-8,osmo-hlr-546bdb8988-vb8bb,1,2
1781600830,gsm-8,osmo-mgw-8c8fc67d6-v9gr9,1,2
1781600830,gsm-8,osmo-mobile-7f88cc47b4-wjcqt,2,30
1781600830,gsm-8,osmo-stp-768687f494-shd7q,1,2
1781600830,gsm-8,ttcn3-tc-34-2-2-1-brhlj,1,6
1781600830,gsm-8,virtphy-86b4bdf559-ks45z,8,2
1781600832,gsm-8,msc-test-stub-5b875d749d-dxqzs,1,16
1781600832,gsm-8,osmo-bsc-594654bd47-5zskx,1,5
1781600832,gsm-8,osmo-bts-virtual-5f8b9b86fc-tvcxl,10,6
1781600832,gsm-8,osmo-hlr-546bdb8988-vb8bb,1,2
1781600832,gsm-8,osmo-mgw-8c8fc67d6-v9gr9,1,2
1781600832,gsm-8,osmo-mobile-7f88cc47b4-wjcqt,2,30
1781600832,gsm-8,osmo-stp-768687f494-shd7q,1,2
1781600832,gsm-8,ttcn3-tc-34-2-2-1-brhlj,1,6
1781600832,gsm-8,virtphy-86b4bdf559-ks45z,8,2
1781600834,gsm-8,msc-test-stub-5b875d749d-dxqzs,1,16
1781600834,gsm-8,osmo-bsc-594654bd47-5zskx,1,5
1781600834,gsm-8,osmo-bts-virtual-5f8b9b86fc-tvcxl,10,8
1781600834,gsm-8,osmo-hlr-546bdb8988-vb8bb,1,2
1781600834,gsm-8,osmo-mgw-8c8fc67d6-v9gr9,1,2
1781600834,gsm-8,osmo-mobile-7f88cc47b4-wjcqt,2,30
1781600834,gsm-8,osmo-stp-768687f494-shd7q,1,2
1781600834,gsm-8,ttcn3-tc-34-2-2-1-brhlj,1,6
1781600834,gsm-8,virtphy-86b4bdf559-ks45z,8,1
1781600836,gsm-8,msc-test-stub-5b875d749d-dxqzs,1,16
1781600836,gsm-8,osmo-bsc-594654bd47-5zskx,1,5
1781600836,gsm-8,osmo-bts-virtual-5f8b9b86fc-tvcxl,10,8
1781600836,gsm-8,osmo-hlr-546bdb8988-vb8bb,1,2
1781600836,gsm-8,osmo-mgw-8c8fc67d6-v9gr9,1,2
1781600836,gsm-8,osmo-mobile-7f88cc47b4-wjcqt,2,30
1781600836,gsm-8,osmo-stp-768687f494-shd7q,1,2
1781600836,gsm-8,ttcn3-tc-34-2-2-1-brhlj,1,6
1781600836,gsm-8,virtphy-86b4bdf559-ks45z,8,1
1781600838,gsm-8,msc-test-stub-5b875d749d-dxqzs,1,16
1781600838,gsm-8,osmo-bsc-594654bd47-5zskx,1,5
1781600838,gsm-8,osmo-bts-virtual-5f8b9b86fc-tvcxl,10,8
1781600838,gsm-8,osmo-hlr-546bdb8988-vb8bb,1,2
1781600838,gsm-8,osmo-mgw-8c8fc67d6-v9gr9,1,2
1781600838,gsm-8,osmo-mobile-7f88cc47b4-wjcqt,2,30
1781600838,gsm-8,osmo-stp-768687f494-shd7q,1,2
1781600838,gsm-8,ttcn3-tc-34-2-2-1-brhlj,1,6
1781600838,gsm-8,virtphy-86b4bdf559-ks45z,8,1
1781600841,gsm-8,msc-test-stub-5b875d749d-dxqzs,1,16
1781600841,gsm-8,osmo-bsc-594654bd47-5zskx,1,5
1781600841,gsm-8,osmo-bts-virtual-5f8b9b86fc-tvcxl,10,8
1781600841,gsm-8,osmo-hlr-546bdb8988-vb8bb,1,2
1781600841,gsm-8,osmo-mgw-8c8fc67d6-v9gr9,1,2
1781600841,gsm-8,osmo-mobile-7f88cc47b4-wjcqt,2,30
1781600841,gsm-8,osmo-stp-768687f494-shd7q,1,2
1781600841,gsm-8,ttcn3-tc-34-2-2-1-brhlj,1,6
1781600841,gsm-8,virtphy-86b4bdf559-ks45z,8,1
1781600843,gsm-8,msc-test-stub-5b875d749d-dxqzs,1,16
1781600843,gsm-8,osmo-bsc-594654bd47-5zskx,1,5
1781600843,gsm-8,osmo-bts-virtual-5f8b9b86fc-tvcxl,10,8
1781600843,gsm-8,osmo-hlr-546bdb8988-vb8bb,1,2
1781600843,gsm-8,osmo-mgw-8c8fc67d6-v9gr9,1,2
1781600843,gsm-8,osmo-mobile-7f88cc47b4-wjcqt,2,30
1781600843,gsm-8,osmo-stp-768687f494-shd7q,1,2
1781600843,gsm-8,ttcn3-tc-34-2-2-1-brhlj,1,6
1781600843,gsm-8,virtphy-86b4bdf559-ks45z,8,1
1781600846,gsm-8,msc-test-stub-5b875d749d-dxqzs,1,16
1781600846,gsm-8,osmo-bsc-594654bd47-5zskx,1,5
1781600846,gsm-8,osmo-bts-virtual-5f8b9b86fc-tvcxl,10,8
1781600846,gsm-8,osmo-hlr-546bdb8988-vb8bb,1,2
1781600846,gsm-8,osmo-mgw-8c8fc67d6-v9gr9,1,2
1781600846,gsm-8,osmo-mobile-7f88cc47b4-wjcqt,2,30
1781600846,gsm-8,osmo-stp-768687f494-shd7q,1,2
1781600846,gsm-8,ttcn3-tc-34-2-2-1-brhlj,1,6
1781600846,gsm-8,virtphy-86b4bdf559-ks45z,8,1
1781600848,gsm-8,msc-test-stub-5b875d749d-dxqzs,1,16
1781600848,gsm-8,osmo-bsc-594654bd47-5zskx,1,5
1781600848,gsm-8,osmo-bts-virtual-5f8b9b86fc-tvcxl,10,6
1781600848,gsm-8,osmo-hlr-546bdb8988-vb8bb,1,2
1781600848,gsm-8,osmo-mgw-8c8fc67d6-v9gr9,1,2
1781600848,gsm-8,osmo-mobile-7f88cc47b4-wjcqt,2,30
1781600848,gsm-8,osmo-stp-768687f494-shd7q,1,2
1781600848,gsm-8,ttcn3-tc-34-2-2-1-brhlj,1,6
1781600848,gsm-8,virtphy-86b4bdf559-ks45z,8,4
1781600851,gsm-8,msc-test-stub-5b875d749d-dxqzs,1,16
1781600851,gsm-8,osmo-bsc-594654bd47-5zskx,1,5
1781600851,gsm-8,osmo-bts-virtual-5f8b9b86fc-tvcxl,10,6
1781600851,gsm-8,osmo-hlr-546bdb8988-vb8bb,1,2
1781600851,gsm-8,osmo-mgw-8c8fc67d6-v9gr9,1,2
1781600851,gsm-8,osmo-mobile-7f88cc47b4-wjcqt,2,30
1781600851,gsm-8,osmo-stp-768687f494-shd7q,1,2
1781600851,gsm-8,ttcn3-tc-34-2-2-1-brhlj,1,6
1781600851,gsm-8,virtphy-86b4bdf559-ks45z,8,4
1781600853,gsm-8,msc-test-stub-5b875d749d-dxqzs,1,16
1781600853,gsm-8,osmo-bsc-594654bd47-5zskx,1,5
1781600853,gsm-8,osmo-bts-virtual-5f8b9b86fc-tvcxl,10,6
1781600853,gsm-8,osmo-hlr-546bdb8988-vb8bb,1,2
1781600853,gsm-8,osmo-mgw-8c8fc67d6-v9gr9,1,2
1781600853,gsm-8,osmo-mobile-7f88cc47b4-wjcqt,2,30
1781600853,gsm-8,osmo-stp-768687f494-shd7q,1,2
1781600853,gsm-8,ttcn3-tc-34-2-2-1-brhlj,1,6
1781600853,gsm-8,virtphy-86b4bdf559-ks45z,8,4
1781600856,gsm-8,msc-test-stub-5b875d749d-dxqzs,1,16
1781600856,gsm-8,osmo-bsc-594654bd47-5zskx,1,5
1781600856,gsm-8,osmo-bts-virtual-5f8b9b86fc-tvcxl,10,6
1781600856,gsm-8,osmo-hlr-546bdb8988-vb8bb,1,2
1781600856,gsm-8,osmo-mgw-8c8fc67d6-v9gr9,1,2
1781600856,gsm-8,osmo-mobile-7f88cc47b4-wjcqt,2,30
1781600856,gsm-8,osmo-stp-768687f494-shd7q,1,2
1781600856,gsm-8,ttcn3-tc-34-2-2-1-brhlj,1,6
1781600856,gsm-8,virtphy-86b4bdf559-ks45z,8,4
1781600858,gsm-8,msc-test-stub-5b875d749d-dxqzs,1,16
1781600858,gsm-8,osmo-bsc-594654bd47-5zskx,1,5
1781600858,gsm-8,osmo-bts-virtual-5f8b9b86fc-tvcxl,10,6
1781600858,gsm-8,osmo-hlr-546bdb8988-vb8bb,1,2
1781600858,gsm-8,osmo-mgw-8c8fc67d6-v9gr9,1,2
1781600858,gsm-8,osmo-mobile-7f88cc47b4-wjcqt,2,30
1781600858,gsm-8,osmo-stp-768687f494-shd7q,1,2
1781600858,gsm-8,ttcn3-tc-34-2-2-1-brhlj,1,6
1781600858,gsm-8,virtphy-86b4bdf559-ks45z,8,4
1781600861,gsm-8,msc-test-stub-5b875d749d-dxqzs,1,16
1781600861,gsm-8,osmo-bsc-594654bd47-5zskx,1,5
1781600861,gsm-8,osmo-bts-virtual-5f8b9b86fc-tvcxl,10,6
1781600861,gsm-8,osmo-hlr-546bdb8988-vb8bb,1,2
1781600861,gsm-8,osmo-mgw-8c8fc67d6-v9gr9,1,2
1781600861,gsm-8,osmo-mobile-7f88cc47b4-wjcqt,2,30
1781600861,gsm-8,osmo-stp-768687f494-shd7q,1,2
1781600861,gsm-8,ttcn3-tc-34-2-2-1-brhlj,1,6
1781600861,gsm-8,virtphy-86b4bdf559-ks45z,8,4
1781600863,gsm-8,msc-test-stub-5b875d749d-dxqzs,1,16
1781600863,gsm-8,osmo-bsc-594654bd47-5zskx,1,5
1781600863,gsm-8,osmo-bts-virtual-5f8b9b86fc-tvcxl,10,6
1781600863,gsm-8,osmo-hlr-546bdb8988-vb8bb,1,2
1781600863,gsm-8,osmo-mgw-8c8fc67d6-v9gr9,1,2
1781600863,gsm-8,osmo-mobile-7f88cc47b4-wjcqt,2,30
1781600863,gsm-8,osmo-stp-768687f494-shd7q,1,2
1781600863,gsm-8,ttcn3-tc-34-2-2-1-brhlj,1,6
1781600863,gsm-8,virtphy-86b4bdf559-ks45z,9,1
1781600865,gsm-8,msc-test-stub-5b875d749d-dxqzs,1,16
1781600865,gsm-8,osmo-bsc-594654bd47-5zskx,1,5
1781600865,gsm-8,osmo-bts-virtual-5f8b9b86fc-tvcxl,10,6
1781600865,gsm-8,osmo-hlr-546bdb8988-vb8bb,1,2
1781600865,gsm-8,osmo-mgw-8c8fc67d6-v9gr9,1,2
1781600865,gsm-8,osmo-mobile-7f88cc47b4-wjcqt,2,30
1781600865,gsm-8,osmo-stp-768687f494-shd7q,1,2
1781600865,gsm-8,ttcn3-tc-34-2-2-1-brhlj,1,6
1781600865,gsm-8,virtphy-86b4bdf559-ks45z,9,1
1781600868,gsm-8,msc-test-stub-5b875d749d-dxqzs,1,16
1781600868,gsm-8,osmo-bsc-594654bd47-5zskx,1,5
1781600868,gsm-8,osmo-bts-virtual-5f8b9b86fc-tvcxl,10,6
1781600868,gsm-8,osmo-hlr-546bdb8988-vb8bb,1,2
1781600868,gsm-8,osmo-mgw-8c8fc67d6-v9gr9,1,2
1781600868,gsm-8,osmo-mobile-7f88cc47b4-wjcqt,2,30
1781600868,gsm-8,osmo-stp-768687f494-shd7q,1,2
1781600868,gsm-8,ttcn3-tc-34-2-2-1-brhlj,1,6
1781600868,gsm-8,virtphy-86b4bdf559-ks45z,9,1
1781600870,gsm-8,msc-test-stub-5b875d749d-dxqzs,1,16
1781600870,gsm-8,osmo-bsc-594654bd47-5zskx,1,5
1781600870,gsm-8,osmo-bts-virtual-5f8b9b86fc-tvcxl,10,6
1781600870,gsm-8,osmo-hlr-546bdb8988-vb8bb,1,2
1781600870,gsm-8,osmo-mgw-8c8fc67d6-v9gr9,1,2
1781600870,gsm-8,osmo-mobile-7f88cc47b4-wjcqt,2,30
1781600870,gsm-8,osmo-stp-768687f494-shd7q,1,2
1781600870,gsm-8,ttcn3-tc-34-2-2-1-brhlj,1,6
1781600870,gsm-8,virtphy-86b4bdf559-ks45z,9,1
1781600872,gsm-8,msc-test-stub-5b875d749d-dxqzs,1,16
1781600872,gsm-8,osmo-bsc-594654bd47-5zskx,1,5
1781600872,gsm-8,osmo-bts-virtual-5f8b9b86fc-tvcxl,10,6
1781600872,gsm-8,osmo-hlr-546bdb8988-vb8bb,1,2
1781600872,gsm-8,osmo-mgw-8c8fc67d6-v9gr9,1,2
1781600872,gsm-8,osmo-mobile-7f88cc47b4-wjcqt,2,30
1781600872,gsm-8,osmo-stp-768687f494-shd7q,1,2
1781600872,gsm-8,ttcn3-tc-34-2-2-1-brhlj,1,6
1781600872,gsm-8,virtphy-86b4bdf559-ks45z,9,1
1781600874,gsm-8,msc-test-stub-5b875d749d-dxqzs,1,16
1781600874,gsm-8,osmo-bsc-594654bd47-5zskx,1,5
1781600874,gsm-8,osmo-bts-virtual-5f8b9b86fc-tvcxl,10,6
1781600874,gsm-8,osmo-hlr-546bdb8988-vb8bb,1,2
1781600874,gsm-8,osmo-mgw-8c8fc67d6-v9gr9,1,2
1781600874,gsm-8,osmo-mobile-7f88cc47b4-wjcqt,2,30
1781600874,gsm-8,osmo-stp-768687f494-shd7q,1,2
1781600874,gsm-8,ttcn3-tc-34-2-2-1-brhlj,1,6
1781600874,gsm-8,virtphy-86b4bdf559-ks45z,9,1
1781600876,gsm-8,msc-test-stub-5b875d749d-dxqzs,1,16
1781600876,gsm-8,osmo-bsc-594654bd47-5zskx,1,5
1781600876,gsm-8,osmo-bts-virtual-5f8b9b86fc-tvcxl,10,6
1781600876,gsm-8,osmo-hlr-546bdb8988-vb8bb,1,2
1781600876,gsm-8,osmo-mgw-8c8fc67d6-v9gr9,1,2
1781600876,gsm-8,osmo-mobile-7f88cc47b4-wjcqt,2,30
1781600876,gsm-8,osmo-stp-768687f494-shd7q,1,2
1781600876,gsm-8,ttcn3-tc-34-2-2-1-brhlj,1,6
1781600876,gsm-8,virtphy-86b4bdf559-ks45z,9,1
1781600878,gsm-8,msc-test-stub-5b875d749d-dxqzs,1,16
1781600878,gsm-8,osmo-bsc-594654bd47-5zskx,1,5
1781600878,gsm-8,osmo-bts-virtual-5f8b9b86fc-tvcxl,11,9
1781600878,gsm-8,osmo-hlr-546bdb8988-vb8bb,1,2
1781600878,gsm-8,osmo-mgw-8c8fc67d6-v9gr9,1,2
1781600878,gsm-8,osmo-mobile-7f88cc47b4-wjcqt,2,30
1781600878,gsm-8,osmo-stp-768687f494-shd7q,1,2
1781600878,gsm-8,ttcn3-tc-34-2-2-1-brhlj,1,6
1781600878,gsm-8,virtphy-86b4bdf559-ks45z,9,2
1781600881,gsm-8,msc-test-stub-5b875d749d-dxqzs,1,16
1781600881,gsm-8,osmo-bsc-594654bd47-5zskx,1,5
1781600881,gsm-8,osmo-bts-virtual-5f8b9b86fc-tvcxl,11,9
1781600881,gsm-8,osmo-hlr-546bdb8988-vb8bb,1,2
1781600881,gsm-8,osmo-mgw-8c8fc67d6-v9gr9,1,2
1781600881,gsm-8,osmo-mobile-7f88cc47b4-wjcqt,2,30
1781600881,gsm-8,osmo-stp-768687f494-shd7q,1,2
1781600881,gsm-8,ttcn3-tc-34-2-2-1-brhlj,1,6
1781600881,gsm-8,virtphy-86b4bdf559-ks45z,9,2
1781600883,gsm-8,msc-test-stub-5b875d749d-dxqzs,1,16
1781600883,gsm-8,osmo-bsc-594654bd47-5zskx,1,5
1781600883,gsm-8,osmo-bts-virtual-5f8b9b86fc-tvcxl,11,9
1781600883,gsm-8,osmo-hlr-546bdb8988-vb8bb,1,2
1781600883,gsm-8,osmo-mgw-8c8fc67d6-v9gr9,1,2
1781600883,gsm-8,osmo-mobile-7f88cc47b4-wjcqt,2,30
1781600883,gsm-8,osmo-stp-768687f494-shd7q,1,2
1781600883,gsm-8,ttcn3-tc-34-2-2-1-brhlj,1,6
1781600883,gsm-8,virtphy-86b4bdf559-ks45z,9,2
1781600885,gsm-8,msc-test-stub-5b875d749d-dxqzs,1,16
1781600885,gsm-8,osmo-bsc-594654bd47-5zskx,1,5
1781600885,gsm-8,osmo-bts-virtual-5f8b9b86fc-tvcxl,11,9
1781600885,gsm-8,osmo-hlr-546bdb8988-vb8bb,1,2
1781600885,gsm-8,osmo-mgw-8c8fc67d6-v9gr9,1,2
1781600885,gsm-8,osmo-mobile-7f88cc47b4-wjcqt,2,30
1781600885,gsm-8,osmo-stp-768687f494-shd7q,1,2
1781600885,gsm-8,ttcn3-tc-34-2-2-1-brhlj,1,6
1781600885,gsm-8,virtphy-86b4bdf559-ks45z,9,2
1781600887,gsm-8,msc-test-stub-5b875d749d-dxqzs,1,16
1781600887,gsm-8,osmo-bsc-594654bd47-5zskx,1,5
1781600887,gsm-8,osmo-bts-virtual-5f8b9b86fc-tvcxl,11,9
1781600887,gsm-8,osmo-hlr-546bdb8988-vb8bb,1,2
1781600887,gsm-8,osmo-mgw-8c8fc67d6-v9gr9,1,2
1781600887,gsm-8,osmo-mobile-7f88cc47b4-wjcqt,2,30
1781600887,gsm-8,osmo-stp-768687f494-shd7q,1,2
1781600887,gsm-8,ttcn3-tc-34-2-2-1-brhlj,1,6
1781600887,gsm-8,virtphy-86b4bdf559-ks45z,9,2
1781600890,gsm-8,msc-test-stub-5b875d749d-dxqzs,1,16
1781600890,gsm-8,osmo-bsc-594654bd47-5zskx,1,5
1781600890,gsm-8,osmo-bts-virtual-5f8b9b86fc-tvcxl,11,9
1781600890,gsm-8,osmo-hlr-546bdb8988-vb8bb,1,2
1781600890,gsm-8,osmo-mgw-8c8fc67d6-v9gr9,1,2
1781600890,gsm-8,osmo-mobile-7f88cc47b4-wjcqt,2,30
1781600890,gsm-8,osmo-stp-768687f494-shd7q,1,2
1781600890,gsm-8,ttcn3-tc-34-2-2-1-brhlj,1,6
1781600890,gsm-8,virtphy-86b4bdf559-ks45z,9,2
1781600892,gsm-8,msc-test-stub-5b875d749d-dxqzs,1,16
1781600892,gsm-8,osmo-bsc-594654bd47-5zskx,1,5
1781600892,gsm-8,osmo-bts-virtual-5f8b9b86fc-tvcxl,11,9
1781600892,gsm-8,osmo-hlr-546bdb8988-vb8bb,1,2
1781600892,gsm-8,osmo-mgw-8c8fc67d6-v9gr9,1,2
1781600892,gsm-8,osmo-mobile-7f88cc47b4-wjcqt,2,30
1781600892,gsm-8,osmo-stp-768687f494-shd7q,1,2
1781600892,gsm-8,ttcn3-tc-34-2-2-1-brhlj,1,6
1781600892,gsm-8,virtphy-86b4bdf559-ks45z,9,2
1781600894,gsm-8,msc-test-stub-5b875d749d-dxqzs,1,16
1781600894,gsm-8,osmo-bsc-594654bd47-5zskx,1,5
1781600894,gsm-8,osmo-bts-virtual-5f8b9b86fc-tvcxl,10,9
1781600894,gsm-8,osmo-hlr-546bdb8988-vb8bb,1,2
1781600894,gsm-8,osmo-mgw-8c8fc67d6-v9gr9,1,2
1781600894,gsm-8,osmo-mobile-7f88cc47b4-wjcqt,2,30
1781600894,gsm-8,osmo-stp-768687f494-shd7q,1,2
1781600894,gsm-8,ttcn3-tc-34-2-2-1-brhlj,1,6
1781600894,gsm-8,virtphy-86b4bdf559-ks45z,8,4
1781600896,gsm-8,msc-test-stub-5b875d749d-dxqzs,1,16
1781600896,gsm-8,osmo-bsc-594654bd47-5zskx,1,5
1781600896,gsm-8,osmo-bts-virtual-5f8b9b86fc-tvcxl,10,9
1781600896,gsm-8,osmo-hlr-546bdb8988-vb8bb,1,2
1781600896,gsm-8,osmo-mgw-8c8fc67d6-v9gr9,1,2
1781600896,gsm-8,osmo-mobile-7f88cc47b4-wjcqt,2,30
1781600896,gsm-8,osmo-stp-768687f494-shd7q,1,2
1781600896,gsm-8,ttcn3-tc-34-2-2-1-brhlj,1,6
1781600896,gsm-8,virtphy-86b4bdf559-ks45z,8,4
1781600898,gsm-8,msc-test-stub-5b875d749d-dxqzs,1,16
1781600898,gsm-8,osmo-bsc-594654bd47-5zskx,1,5
1781600898,gsm-8,osmo-bts-virtual-5f8b9b86fc-tvcxl,10,9
1781600898,gsm-8,osmo-hlr-546bdb8988-vb8bb,1,2
1781600898,gsm-8,osmo-mgw-8c8fc67d6-v9gr9,1,2
1781600898,gsm-8,osmo-mobile-7f88cc47b4-wjcqt,2,30
1781600898,gsm-8,osmo-stp-768687f494-shd7q,1,2
1781600898,gsm-8,ttcn3-tc-34-2-2-1-brhlj,1,6
1781600898,gsm-8,virtphy-86b4bdf559-ks45z,8,4
1781600901,gsm-8,msc-test-stub-5b875d749d-dxqzs,1,16
1781600901,gsm-8,osmo-bsc-594654bd47-5zskx,1,5
1781600901,gsm-8,osmo-bts-virtual-5f8b9b86fc-tvcxl,10,9
1781600901,gsm-8,osmo-hlr-546bdb8988-vb8bb,1,2
1781600901,gsm-8,osmo-mgw-8c8fc67d6-v9gr9,1,2
1781600901,gsm-8,osmo-mobile-7f88cc47b4-wjcqt,2,30
1781600901,gsm-8,osmo-stp-768687f494-shd7q,1,2
1781600901,gsm-8,ttcn3-tc-34-2-2-1-brhlj,1,6
1781600901,gsm-8,virtphy-86b4bdf559-ks45z,8,4
1781600903,gsm-8,msc-test-stub-5b875d749d-dxqzs,1,16
1781600903,gsm-8,osmo-bsc-594654bd47-5zskx,1,5
1781600903,gsm-8,osmo-bts-virtual-5f8b9b86fc-tvcxl,10,9
1781600903,gsm-8,osmo-hlr-546bdb8988-vb8bb,1,2
1781600903,gsm-8,osmo-mgw-8c8fc67d6-v9gr9,1,2
1781600903,gsm-8,osmo-mobile-7f88cc47b4-wjcqt,2,30
1781600903,gsm-8,osmo-stp-768687f494-shd7q,1,2
1781600903,gsm-8,ttcn3-tc-34-2-2-1-brhlj,1,6
1781600903,gsm-8,virtphy-86b4bdf559-ks45z,8,4
1781600905,gsm-8,msc-test-stub-5b875d749d-dxqzs,1,16
1781600905,gsm-8,osmo-bsc-594654bd47-5zskx,1,5
1781600905,gsm-8,osmo-bts-virtual-5f8b9b86fc-tvcxl,10,9
1781600905,gsm-8,osmo-hlr-546bdb8988-vb8bb,1,2
1781600905,gsm-8,osmo-mgw-8c8fc67d6-v9gr9,1,2
1781600905,gsm-8,osmo-mobile-7f88cc47b4-wjcqt,2,30
1781600905,gsm-8,osmo-stp-768687f494-shd7q,1,2
1781600905,gsm-8,ttcn3-tc-34-2-2-1-brhlj,1,6
1781600905,gsm-8,virtphy-86b4bdf559-ks45z,8,4
1781600907,gsm-8,msc-test-stub-5b875d749d-dxqzs,1,16
1781600907,gsm-8,osmo-bsc-594654bd47-5zskx,1,5
1781600907,gsm-8,osmo-bts-virtual-5f8b9b86fc-tvcxl,10,9
1781600907,gsm-8,osmo-hlr-546bdb8988-vb8bb,1,2
1781600907,gsm-8,osmo-mgw-8c8fc67d6-v9gr9,1,2
1781600907,gsm-8,osmo-mobile-7f88cc47b4-wjcqt,3,30
1781600907,gsm-8,osmo-stp-768687f494-shd7q,1,2
1781600907,gsm-8,ttcn3-tc-34-2-2-1-brhlj,1,6
1781600907,gsm-8,virtphy-86b4bdf559-ks45z,8,3
1781600910,gsm-8,msc-test-stub-5b875d749d-dxqzs,1,16
1781600910,gsm-8,osmo-bsc-594654bd47-5zskx,1,5
1781600910,gsm-8,osmo-bts-virtual-5f8b9b86fc-tvcxl,10,9
1781600910,gsm-8,osmo-hlr-546bdb8988-vb8bb,1,2
1781600910,gsm-8,osmo-mgw-8c8fc67d6-v9gr9,1,2
1781600910,gsm-8,osmo-mobile-7f88cc47b4-wjcqt,3,30
1781600910,gsm-8,osmo-stp-768687f494-shd7q,1,2
1781600910,gsm-8,ttcn3-tc-34-2-2-1-brhlj,1,6
1781600910,gsm-8,virtphy-86b4bdf559-ks45z,8,3
1781600912,gsm-8,msc-test-stub-5b875d749d-dxqzs,1,16
1781600912,gsm-8,osmo-bsc-594654bd47-5zskx,1,5
1781600912,gsm-8,osmo-bts-virtual-5f8b9b86fc-tvcxl,10,9
1781600912,gsm-8,osmo-hlr-546bdb8988-vb8bb,1,2
1781600912,gsm-8,osmo-mgw-8c8fc67d6-v9gr9,1,2
1781600912,gsm-8,osmo-mobile-7f88cc47b4-wjcqt,3,30
1781600912,gsm-8,osmo-stp-768687f494-shd7q,1,2
1781600912,gsm-8,ttcn3-tc-34-2-2-1-brhlj,1,6
1781600912,gsm-8,virtphy-86b4bdf559-ks45z,8,3
1781600914,gsm-8,msc-test-stub-5b875d749d-dxqzs,1,16
1781600914,gsm-8,osmo-bsc-594654bd47-5zskx,1,5
1781600914,gsm-8,osmo-bts-virtual-5f8b9b86fc-tvcxl,10,9
1781600914,gsm-8,osmo-hlr-546bdb8988-vb8bb,1,2
1781600914,gsm-8,osmo-mgw-8c8fc67d6-v9gr9,1,2
1781600914,gsm-8,osmo-mobile-7f88cc47b4-wjcqt,3,30
1781600914,gsm-8,osmo-stp-768687f494-shd7q,1,2
1781600914,gsm-8,ttcn3-tc-34-2-2-1-brhlj,1,6
1781600914,gsm-8,virtphy-86b4bdf559-ks45z,8,3
1781600916,gsm-8,msc-test-stub-5b875d749d-dxqzs,1,16
1781600916,gsm-8,osmo-bsc-594654bd47-5zskx,1,5
1781600916,gsm-8,osmo-bts-virtual-5f8b9b86fc-tvcxl,10,9
1781600916,gsm-8,osmo-hlr-546bdb8988-vb8bb,1,2
1781600916,gsm-8,osmo-mgw-8c8fc67d6-v9gr9,1,2
1781600916,gsm-8,osmo-mobile-7f88cc47b4-wjcqt,3,30
1781600916,gsm-8,osmo-stp-768687f494-shd7q,1,2
1781600916,gsm-8,ttcn3-tc-34-2-2-1-brhlj,1,6
1781600916,gsm-8,virtphy-86b4bdf559-ks45z,8,3
1781600919,gsm-8,msc-test-stub-5b875d749d-dxqzs,1,16
1781600919,gsm-8,osmo-bsc-594654bd47-5zskx,1,5
1781600919,gsm-8,osmo-bts-virtual-5f8b9b86fc-tvcxl,10,9
1781600919,gsm-8,osmo-hlr-546bdb8988-vb8bb,1,2
1781600919,gsm-8,osmo-mgw-8c8fc67d6-v9gr9,1,2
1781600919,gsm-8,osmo-mobile-7f88cc47b4-wjcqt,3,30
1781600919,gsm-8,osmo-stp-768687f494-shd7q,1,2
1781600919,gsm-8,ttcn3-tc-34-2-2-1-brhlj,1,6
1781600919,gsm-8,virtphy-86b4bdf559-ks45z,8,3
1781600921,gsm-8,msc-test-stub-5b875d749d-dxqzs,1,16
1781600921,gsm-8,osmo-bsc-594654bd47-5zskx,1,5
1781600921,gsm-8,osmo-bts-virtual-5f8b9b86fc-tvcxl,10,9
1781600921,gsm-8,osmo-hlr-546bdb8988-vb8bb,1,2
1781600921,gsm-8,osmo-mgw-8c8fc67d6-v9gr9,1,2
1781600921,gsm-8,osmo-mobile-7f88cc47b4-wjcqt,3,30
1781600921,gsm-8,osmo-stp-768687f494-shd7q,1,2
1781600921,gsm-8,ttcn3-tc-34-2-2-1-brhlj,1,6
1781600921,gsm-8,virtphy-86b4bdf559-ks45z,8,3
1781600923,gsm-8,msc-test-stub-5b875d749d-dxqzs,1,16
1781600923,gsm-8,osmo-bsc-594654bd47-5zskx,1,5
1781600923,gsm-8,osmo-bts-virtual-5f8b9b86fc-tvcxl,10,9
1781600923,gsm-8,osmo-hlr-546bdb8988-vb8bb,1,2
1781600923,gsm-8,osmo-mgw-8c8fc67d6-v9gr9,1,2
1781600923,gsm-8,osmo-mobile-7f88cc47b4-wjcqt,2,30
1781600923,gsm-8,osmo-stp-768687f494-shd7q,1,2
1781600923,gsm-8,ttcn3-tc-34-2-2-1-brhlj,1,6
1781600923,gsm-8,virtphy-86b4bdf559-ks45z,9,2
1781600925,gsm-8,msc-test-stub-5b875d749d-dxqzs,1,16
1781600925,gsm-8,osmo-bsc-594654bd47-5zskx,1,5
1781600925,gsm-8,osmo-bts-virtual-5f8b9b86fc-tvcxl,10,9
1781600925,gsm-8,osmo-hlr-546bdb8988-vb8bb,1,2
1781600925,gsm-8,osmo-mgw-8c8fc67d6-v9gr9,1,2
1781600925,gsm-8,osmo-mobile-7f88cc47b4-wjcqt,2,30
1781600925,gsm-8,osmo-stp-768687f494-shd7q,1,2
1781600925,gsm-8,ttcn3-tc-34-2-2-1-brhlj,1,6
1781600925,gsm-8,virtphy-86b4bdf559-ks45z,9,2
1781600927,gsm-8,msc-test-stub-5b875d749d-dxqzs,1,16
1781600927,gsm-8,osmo-bsc-594654bd47-5zskx,1,5
1781600927,gsm-8,osmo-bts-virtual-5f8b9b86fc-tvcxl,10,9
1781600927,gsm-8,osmo-hlr-546bdb8988-vb8bb,1,2
1781600927,gsm-8,osmo-mgw-8c8fc67d6-v9gr9,1,2
1781600927,gsm-8,osmo-mobile-7f88cc47b4-wjcqt,2,30
1781600927,gsm-8,osmo-stp-768687f494-shd7q,1,2
1781600927,gsm-8,ttcn3-tc-34-2-2-1-brhlj,1,6
1781600927,gsm-8,virtphy-86b4bdf559-ks45z,9,2
1781600929,gsm-8,msc-test-stub-5b875d749d-dxqzs,1,16
1781600929,gsm-8,osmo-bsc-594654bd47-5zskx,1,5
1781600929,gsm-8,osmo-bts-virtual-5f8b9b86fc-tvcxl,10,9
1781600929,gsm-8,osmo-hlr-546bdb8988-vb8bb,1,2
1781600929,gsm-8,osmo-mgw-8c8fc67d6-v9gr9,1,2
1781600929,gsm-8,osmo-mobile-7f88cc47b4-wjcqt,2,30
1781600929,gsm-8,osmo-stp-768687f494-shd7q,1,2
1781600929,gsm-8,ttcn3-tc-34-2-2-1-brhlj,1,6
1781600929,gsm-8,virtphy-86b4bdf559-ks45z,9,2
1781600931,gsm-8,msc-test-stub-5b875d749d-dxqzs,1,16
1781600931,gsm-8,osmo-bsc-594654bd47-5zskx,1,5
1781600931,gsm-8,osmo-bts-virtual-5f8b9b86fc-tvcxl,10,9
1781600931,gsm-8,osmo-hlr-546bdb8988-vb8bb,1,2
1781600931,gsm-8,osmo-mgw-8c8fc67d6-v9gr9,1,2
1781600931,gsm-8,osmo-mobile-7f88cc47b4-wjcqt,2,30
1781600931,gsm-8,osmo-stp-768687f494-shd7q,1,2
1781600931,gsm-8,ttcn3-tc-34-2-2-1-brhlj,1,6
1781600931,gsm-8,virtphy-86b4bdf559-ks45z,9,2
1781600934,gsm-8,msc-test-stub-5b875d749d-dxqzs,1,16
1781600934,gsm-8,osmo-bsc-594654bd47-5zskx,1,5
1781600934,gsm-8,osmo-bts-virtual-5f8b9b86fc-tvcxl,10,9
1781600934,gsm-8,osmo-hlr-546bdb8988-vb8bb,1,2
1781600934,gsm-8,osmo-mgw-8c8fc67d6-v9gr9,1,2
1781600934,gsm-8,osmo-mobile-7f88cc47b4-wjcqt,2,30
1781600934,gsm-8,osmo-stp-768687f494-shd7q,1,2
1781600934,gsm-8,ttcn3-tc-34-2-2-1-brhlj,1,6
1781600934,gsm-8,virtphy-86b4bdf559-ks45z,9,2
1781600937,gsm-8,msc-test-stub-5b875d749d-dxqzs,1,16
1781600937,gsm-8,osmo-bsc-594654bd47-5zskx,1,5
1781600937,gsm-8,osmo-bts-virtual-5f8b9b86fc-tvcxl,10,9
1781600937,gsm-8,osmo-hlr-546bdb8988-vb8bb,1,2
1781600937,gsm-8,osmo-mgw-8c8fc67d6-v9gr9,1,2
1781600937,gsm-8,osmo-mobile-7f88cc47b4-wjcqt,2,30
1781600937,gsm-8,osmo-stp-768687f494-shd7q,1,2
1781600937,gsm-8,ttcn3-tc-34-2-2-1-brhlj,1,6
1781600937,gsm-8,virtphy-86b4bdf559-ks45z,9,2
1781600939,gsm-8,osmo-bsc-594654bd47-5zskx,1,5
1781600939,gsm-8,osmo-bts-virtual-5f8b9b86fc-tvcxl,11,9
1781600939,gsm-8,osmo-hlr-546bdb8988-vb8bb,1,2
1781600939,gsm-8,osmo-mgw-8c8fc67d6-v9gr9,1,2
1781600939,gsm-8,osmo-mobile-7f88cc47b4-wjcqt,2,30
1781600939,gsm-8,osmo-stp-768687f494-shd7q,1,2
1781600939,gsm-8,ttcn3-tc-34-2-2-1-brhlj,1,6
1781600939,gsm-8,virtphy-86b4bdf559-ks45z,8,2
1781600941,gsm-8,osmo-bsc-594654bd47-5zskx,1,5
1781600941,gsm-8,osmo-bts-virtual-5f8b9b86fc-tvcxl,11,9
1781600941,gsm-8,osmo-hlr-546bdb8988-vb8bb,1,2
1781600941,gsm-8,osmo-mgw-8c8fc67d6-v9gr9,1,2
1781600941,gsm-8,osmo-mobile-7f88cc47b4-wjcqt,2,30
1781600941,gsm-8,osmo-stp-768687f494-shd7q,1,2
1781600941,gsm-8,ttcn3-tc-34-2-2-1-brhlj,1,6
1781600941,gsm-8,virtphy-86b4bdf559-ks45z,8,2
1781600943,gsm-8,osmo-bsc-594654bd47-5zskx,1,5
1781600943,gsm-8,osmo-bts-virtual-5f8b9b86fc-tvcxl,11,9
1781600943,gsm-8,osmo-hlr-546bdb8988-vb8bb,1,2
1781600943,gsm-8,osmo-mgw-8c8fc67d6-v9gr9,1,2
1781600943,gsm-8,osmo-mobile-7f88cc47b4-wjcqt,2,30
1781600943,gsm-8,osmo-stp-768687f494-shd7q,1,2
1781600943,gsm-8,ttcn3-tc-34-2-2-1-brhlj,1,6
1781600943,gsm-8,virtphy-86b4bdf559-ks45z,8,2
1781600945,gsm-8,osmo-bsc-594654bd47-5zskx,1,5
1781600945,gsm-8,osmo-bts-virtual-5f8b9b86fc-tvcxl,11,9
1781600945,gsm-8,osmo-hlr-546bdb8988-vb8bb,1,2
1781600945,gsm-8,osmo-mgw-8c8fc67d6-v9gr9,1,2
1781600945,gsm-8,osmo-mobile-7f88cc47b4-wjcqt,2,30
1781600945,gsm-8,osmo-stp-768687f494-shd7q,1,2
1781600945,gsm-8,ttcn3-tc-34-2-2-1-brhlj,1,6
1781600945,gsm-8,virtphy-86b4bdf559-ks45z,8,2
1781600948,gsm-8,osmo-bsc-594654bd47-5zskx,1,5
1781600948,gsm-8,osmo-bts-virtual-5f8b9b86fc-tvcxl,11,9
1781600948,gsm-8,osmo-hlr-546bdb8988-vb8bb,1,2
1781600948,gsm-8,osmo-mgw-8c8fc67d6-v9gr9,1,2
1781600948,gsm-8,osmo-mobile-7f88cc47b4-wjcqt,2,30
1781600948,gsm-8,osmo-stp-768687f494-shd7q,1,2
1781600948,gsm-8,ttcn3-tc-34-2-2-1-brhlj,1,6
1781600948,gsm-8,virtphy-86b4bdf559-ks45z,8,2
1781600950,gsm-8,osmo-bsc-594654bd47-5zskx,1,5
1781600950,gsm-8,osmo-bts-virtual-5f8b9b86fc-tvcxl,11,9
1781600950,gsm-8,osmo-hlr-546bdb8988-vb8bb,1,2
1781600950,gsm-8,osmo-mgw-8c8fc67d6-v9gr9,1,2
1781600950,gsm-8,osmo-mobile-7f88cc47b4-wjcqt,2,30
1781600950,gsm-8,osmo-stp-768687f494-shd7q,1,2
1781600950,gsm-8,ttcn3-tc-34-2-2-1-brhlj,1,6
1781600950,gsm-8,virtphy-86b4bdf559-ks45z,8,2
1781600952,gsm-8,osmo-bsc-594654bd47-5zskx,1,5
1781600952,gsm-8,osmo-bts-virtual-5f8b9b86fc-tvcxl,11,9
1781600952,gsm-8,osmo-hlr-546bdb8988-vb8bb,1,2
1781600952,gsm-8,osmo-mgw-8c8fc67d6-v9gr9,1,2
1781600952,gsm-8,osmo-mobile-7f88cc47b4-wjcqt,2,30
1781600952,gsm-8,osmo-stp-768687f494-shd7q,1,2
1781600952,gsm-8,ttcn3-tc-34-2-2-1-brhlj,1,6
1781600952,gsm-8,virtphy-86b4bdf559-ks45z,8,2
1781600954,gsm-8,osmo-bsc-594654bd47-5zskx,1,5
1781600954,gsm-8,osmo-bts-virtual-5f8b9b86fc-tvcxl,11,8
1781600954,gsm-8,osmo-hlr-546bdb8988-vb8bb,1,2
1781600954,gsm-8,osmo-mgw-8c8fc67d6-v9gr9,1,2
1781600954,gsm-8,osmo-mobile-7f88cc47b4-wjcqt,2,30
1781600954,gsm-8,osmo-stp-768687f494-shd7q,1,2
1781600954,gsm-8,ttcn3-tc-34-2-2-1-brhlj,1,6
1781600954,gsm-8,virtphy-86b4bdf559-ks45z,8,1
1781600957,gsm-8,osmo-bsc-594654bd47-5zskx,1,5
1781600957,gsm-8,osmo-bts-virtual-5f8b9b86fc-tvcxl,11,8
1781600957,gsm-8,osmo-hlr-546bdb8988-vb8bb,1,2
1781600957,gsm-8,osmo-mgw-8c8fc67d6-v9gr9,1,2
1781600957,gsm-8,osmo-mobile-7f88cc47b4-wjcqt,2,30
1781600957,gsm-8,osmo-stp-768687f494-shd7q,1,2
1781600957,gsm-8,ttcn3-tc-34-2-2-1-brhlj,1,6
1781600957,gsm-8,virtphy-86b4bdf559-ks45z,8,1
1781600959,gsm-8,osmo-bsc-594654bd47-5zskx,1,5
1781600959,gsm-8,osmo-bts-virtual-5f8b9b86fc-tvcxl,11,8
1781600959,gsm-8,osmo-hlr-546bdb8988-vb8bb,1,2
1781600959,gsm-8,osmo-mgw-8c8fc67d6-v9gr9,1,2
1781600959,gsm-8,osmo-mobile-7f88cc47b4-wjcqt,2,30
1781600959,gsm-8,osmo-stp-768687f494-shd7q,1,2
1781600959,gsm-8,ttcn3-tc-34-2-2-1-brhlj,1,6
1781600959,gsm-8,virtphy-86b4bdf559-ks45z,8,1
1781600961,gsm-8,osmo-bsc-594654bd47-5zskx,1,5
1781600961,gsm-8,osmo-bts-virtual-5f8b9b86fc-tvcxl,11,8
1781600961,gsm-8,osmo-hlr-546bdb8988-vb8bb,1,2
1781600961,gsm-8,osmo-mgw-8c8fc67d6-v9gr9,1,2
1781600961,gsm-8,osmo-mobile-7f88cc47b4-wjcqt,2,30
1781600961,gsm-8,osmo-stp-768687f494-shd7q,1,2
1781600961,gsm-8,ttcn3-tc-34-2-2-1-brhlj,1,6
1781600961,gsm-8,virtphy-86b4bdf559-ks45z,8,1
1781600963,gsm-8,osmo-bsc-594654bd47-5zskx,1,5
1781600963,gsm-8,osmo-bts-virtual-5f8b9b86fc-tvcxl,11,8
1781600963,gsm-8,osmo-hlr-546bdb8988-vb8bb,1,2
1781600963,gsm-8,osmo-mgw-8c8fc67d6-v9gr9,1,2
1781600963,gsm-8,osmo-mobile-7f88cc47b4-wjcqt,2,30
1781600963,gsm-8,osmo-stp-768687f494-shd7q,1,2
1781600963,gsm-8,ttcn3-tc-34-2-2-1-brhlj,1,6
1781600963,gsm-8,virtphy-86b4bdf559-ks45z,8,1
1781600965,gsm-8,osmo-bsc-594654bd47-5zskx,1,5
1781600965,gsm-8,osmo-bts-virtual-5f8b9b86fc-tvcxl,11,8
1781600965,gsm-8,osmo-hlr-546bdb8988-vb8bb,1,2
1781600965,gsm-8,osmo-mgw-8c8fc67d6-v9gr9,1,2
1781600965,gsm-8,osmo-mobile-7f88cc47b4-wjcqt,2,30
1781600965,gsm-8,osmo-stp-768687f494-shd7q,1,2
1781600965,gsm-8,ttcn3-tc-34-2-2-1-brhlj,1,6
1781600965,gsm-8,virtphy-86b4bdf559-ks45z,8,1
1781600967,gsm-8,msc-test-stub-5b875d749d-dxqzs,10,14
1781600967,gsm-8,osmo-bsc-594654bd47-5zskx,1,5
1781600967,gsm-8,osmo-bts-virtual-5f8b9b86fc-tvcxl,10,8
1781600967,gsm-8,osmo-hlr-546bdb8988-vb8bb,1,2
1781600967,gsm-8,osmo-mgw-8c8fc67d6-v9gr9,1,2
1781600967,gsm-8,osmo-mobile-7f88cc47b4-wjcqt,2,30
1781600967,gsm-8,osmo-stp-768687f494-shd7q,1,2
1781600967,gsm-8,ttcn3-tc-34-2-2-1-brhlj,1,6
1781600967,gsm-8,virtphy-86b4bdf559-ks45z,9,4
1781600970,gsm-8,msc-test-stub-5b875d749d-dxqzs,10,14
1781600970,gsm-8,osmo-bsc-594654bd47-5zskx,1,5
1781600970,gsm-8,osmo-bts-virtual-5f8b9b86fc-tvcxl,10,8
1781600970,gsm-8,osmo-hlr-546bdb8988-vb8bb,1,2
1781600970,gsm-8,osmo-mgw-8c8fc67d6-v9gr9,1,2
1781600970,gsm-8,osmo-mobile-7f88cc47b4-wjcqt,2,30
1781600970,gsm-8,osmo-stp-768687f494-shd7q,1,2
1781600970,gsm-8,ttcn3-tc-34-2-2-1-brhlj,1,6
1781600970,gsm-8,virtphy-86b4bdf559-ks45z,9,4
1781600972,gsm-8,msc-test-stub-5b875d749d-dxqzs,10,14
1781600972,gsm-8,osmo-bsc-594654bd47-5zskx,1,5
1781600972,gsm-8,osmo-bts-virtual-5f8b9b86fc-tvcxl,10,8
1781600972,gsm-8,osmo-hlr-546bdb8988-vb8bb,1,2
1781600972,gsm-8,osmo-mgw-8c8fc67d6-v9gr9,1,2
1781600972,gsm-8,osmo-mobile-7f88cc47b4-wjcqt,2,30
1781600972,gsm-8,osmo-stp-768687f494-shd7q,1,2
1781600972,gsm-8,ttcn3-tc-34-2-2-1-brhlj,1,6
1781600972,gsm-8,virtphy-86b4bdf559-ks45z,9,4
1781600974,gsm-8,msc-test-stub-5b875d749d-dxqzs,10,14
1781600974,gsm-8,osmo-bsc-594654bd47-5zskx,1,5
1781600974,gsm-8,osmo-bts-virtual-5f8b9b86fc-tvcxl,10,8
1781600974,gsm-8,osmo-hlr-546bdb8988-vb8bb,1,2
1781600974,gsm-8,osmo-mgw-8c8fc67d6-v9gr9,1,2
1781600974,gsm-8,osmo-mobile-7f88cc47b4-wjcqt,2,30
1781600974,gsm-8,osmo-stp-768687f494-shd7q,1,2
1781600974,gsm-8,ttcn3-tc-34-2-2-1-brhlj,1,6
1781600974,gsm-8,virtphy-86b4bdf559-ks45z,9,4
1781600976,gsm-8,msc-test-stub-5b875d749d-dxqzs,10,14
1781600976,gsm-8,osmo-bsc-594654bd47-5zskx,1,5
1781600976,gsm-8,osmo-bts-virtual-5f8b9b86fc-tvcxl,10,8
1781600976,gsm-8,osmo-hlr-546bdb8988-vb8bb,1,2
1781600976,gsm-8,osmo-mgw-8c8fc67d6-v9gr9,1,2
1781600976,gsm-8,osmo-mobile-7f88cc47b4-wjcqt,2,30
1781600976,gsm-8,osmo-stp-768687f494-shd7q,1,2
1781600976,gsm-8,ttcn3-tc-34-2-2-1-brhlj,1,6
1781600976,gsm-8,virtphy-86b4bdf559-ks45z,9,4
1781600978,gsm-8,msc-test-stub-5b875d749d-dxqzs,10,14
1781600978,gsm-8,osmo-bsc-594654bd47-5zskx,1,5
1781600978,gsm-8,osmo-bts-virtual-5f8b9b86fc-tvcxl,10,8
1781600978,gsm-8,osmo-hlr-546bdb8988-vb8bb,1,2
1781600978,gsm-8,osmo-mgw-8c8fc67d6-v9gr9,1,2
1781600978,gsm-8,osmo-mobile-7f88cc47b4-wjcqt,2,30
1781600978,gsm-8,osmo-stp-768687f494-shd7q,1,2
1781600978,gsm-8,ttcn3-tc-34-2-2-1-brhlj,1,6
1781600978,gsm-8,virtphy-86b4bdf559-ks45z,9,4
1781600980,gsm-8,msc-test-stub-5b875d749d-dxqzs,10,14
1781600980,gsm-8,osmo-bsc-594654bd47-5zskx,1,5
1781600980,gsm-8,osmo-bts-virtual-5f8b9b86fc-tvcxl,10,8
1781600980,gsm-8,osmo-hlr-546bdb8988-vb8bb,1,2
1781600980,gsm-8,osmo-mgw-8c8fc67d6-v9gr9,1,2
1781600980,gsm-8,osmo-mobile-7f88cc47b4-wjcqt,2,30
1781600980,gsm-8,osmo-stp-768687f494-shd7q,1,2
1781600980,gsm-8,ttcn3-tc-34-2-2-1-brhlj,1,6
1781600980,gsm-8,virtphy-86b4bdf559-ks45z,9,4
1781600982,gsm-8,msc-test-stub-5b875d749d-dxqzs,10,14
1781600982,gsm-8,osmo-bsc-594654bd47-5zskx,1,5
1781600982,gsm-8,osmo-bts-virtual-5f8b9b86fc-tvcxl,10,8
1781600982,gsm-8,osmo-hlr-546bdb8988-vb8bb,1,2
1781600982,gsm-8,osmo-mgw-8c8fc67d6-v9gr9,1,2
1781600982,gsm-8,osmo-mobile-7f88cc47b4-wjcqt,2,30
1781600982,gsm-8,osmo-stp-768687f494-shd7q,1,2
1781600982,gsm-8,ttcn3-tc-34-2-2-1-brhlj,1,6
1781600982,gsm-8,virtphy-86b4bdf559-ks45z,9,4
1781600984,gsm-8,msc-test-stub-5b875d749d-dxqzs,2,16
1781600984,gsm-8,osmo-bsc-594654bd47-5zskx,1,5
1781600984,gsm-8,osmo-bts-virtual-5f8b9b86fc-tvcxl,11,6
1781600984,gsm-8,osmo-hlr-546bdb8988-vb8bb,1,2
1781600984,gsm-8,osmo-mgw-8c8fc67d6-v9gr9,1,2
1781600984,gsm-8,osmo-mobile-7f88cc47b4-wjcqt,2,30
1781600984,gsm-8,osmo-stp-768687f494-shd7q,1,2
1781600984,gsm-8,ttcn3-tc-34-2-2-1-brhlj,1,6
1781600984,gsm-8,virtphy-86b4bdf559-ks45z,9,4
1781600986,gsm-8,msc-test-stub-5b875d749d-dxqzs,2,16
1781600986,gsm-8,osmo-bsc-594654bd47-5zskx,1,5
1781600986,gsm-8,osmo-bts-virtual-5f8b9b86fc-tvcxl,11,6
1781600986,gsm-8,osmo-hlr-546bdb8988-vb8bb,1,2
1781600986,gsm-8,osmo-mgw-8c8fc67d6-v9gr9,1,2
1781600986,gsm-8,osmo-mobile-7f88cc47b4-wjcqt,2,30
1781600986,gsm-8,osmo-stp-768687f494-shd7q,1,2
1781600986,gsm-8,ttcn3-tc-34-2-2-1-brhlj,1,6
1781600986,gsm-8,virtphy-86b4bdf559-ks45z,9,4
1781600988,gsm-8,msc-test-stub-5b875d749d-dxqzs,2,16
1781600988,gsm-8,osmo-bsc-594654bd47-5zskx,1,5
1781600988,gsm-8,osmo-bts-virtual-5f8b9b86fc-tvcxl,11,6
1781600988,gsm-8,osmo-hlr-546bdb8988-vb8bb,1,2
1781600988,gsm-8,osmo-mgw-8c8fc67d6-v9gr9,1,2
1781600988,gsm-8,osmo-mobile-7f88cc47b4-wjcqt,2,30
1781600988,gsm-8,osmo-stp-768687f494-shd7q,1,2
1781600988,gsm-8,ttcn3-tc-34-2-2-1-brhlj,1,6
1781600988,gsm-8,virtphy-86b4bdf559-ks45z,9,4
1781600991,gsm-8,msc-test-stub-5b875d749d-dxqzs,2,16
1781600991,gsm-8,osmo-bsc-594654bd47-5zskx,1,5
1781600991,gsm-8,osmo-bts-virtual-5f8b9b86fc-tvcxl,11,6
1781600991,gsm-8,osmo-hlr-546bdb8988-vb8bb,1,2
1781600991,gsm-8,osmo-mgw-8c8fc67d6-v9gr9,1,2
1781600991,gsm-8,osmo-mobile-7f88cc47b4-wjcqt,2,30
1781600991,gsm-8,osmo-stp-768687f494-shd7q,1,2
1781600991,gsm-8,ttcn3-tc-34-2-2-1-brhlj,1,6
1781600991,gsm-8,virtphy-86b4bdf559-ks45z,9,4
1781600993,gsm-8,msc-test-stub-5b875d749d-dxqzs,2,16
1781600993,gsm-8,osmo-bsc-594654bd47-5zskx,1,5
1781600993,gsm-8,osmo-bts-virtual-5f8b9b86fc-tvcxl,11,6
1781600993,gsm-8,osmo-hlr-546bdb8988-vb8bb,1,2
1781600993,gsm-8,osmo-mgw-8c8fc67d6-v9gr9,1,2
1781600993,gsm-8,osmo-mobile-7f88cc47b4-wjcqt,2,30
1781600993,gsm-8,osmo-stp-768687f494-shd7q,1,2
1781600993,gsm-8,ttcn3-tc-34-2-2-1-brhlj,1,6
1781600993,gsm-8,virtphy-86b4bdf559-ks45z,9,4
1781600995,gsm-8,msc-test-stub-5b875d749d-dxqzs,2,16
1781600995,gsm-8,osmo-bsc-594654bd47-5zskx,1,5
1781600995,gsm-8,osmo-bts-virtual-5f8b9b86fc-tvcxl,11,6
1781600995,gsm-8,osmo-hlr-546bdb8988-vb8bb,1,2
1781600995,gsm-8,osmo-mgw-8c8fc67d6-v9gr9,1,2
1781600995,gsm-8,osmo-mobile-7f88cc47b4-wjcqt,2,30
1781600995,gsm-8,osmo-stp-768687f494-shd7q,1,2
1781600995,gsm-8,ttcn3-tc-34-2-2-1-brhlj,1,6
1781600995,gsm-8,virtphy-86b4bdf559-ks45z,9,4
1781600997,gsm-8,msc-test-stub-5b875d749d-dxqzs,1,16
1781600997,gsm-8,osmo-bsc-594654bd47-5zskx,1,5
1781600997,gsm-8,osmo-bts-virtual-5f8b9b86fc-tvcxl,11,9
1781600997,gsm-8,osmo-hlr-546bdb8988-vb8bb,1,2
1781600997,gsm-8,osmo-mgw-8c8fc67d6-v9gr9,1,2
1781600997,gsm-8,osmo-mobile-7f88cc47b4-wjcqt,2,30
1781600997,gsm-8,osmo-stp-768687f494-shd7q,1,2
1781600997,gsm-8,ttcn3-tc-34-2-2-1-brhlj,1,6
1781600997,gsm-8,virtphy-86b4bdf559-ks45z,8,3
1781600999,gsm-8,msc-test-stub-5b875d749d-dxqzs,1,16
1781600999,gsm-8,osmo-bsc-594654bd47-5zskx,1,5
1781600999,gsm-8,osmo-bts-virtual-5f8b9b86fc-tvcxl,11,9
1781600999,gsm-8,osmo-hlr-546bdb8988-vb8bb,1,2
1781600999,gsm-8,osmo-mgw-8c8fc67d6-v9gr9,1,2
1781600999,gsm-8,osmo-mobile-7f88cc47b4-wjcqt,2,30
1781600999,gsm-8,osmo-stp-768687f494-shd7q,1,2
1781600999,gsm-8,ttcn3-tc-34-2-2-1-brhlj,1,6
1781600999,gsm-8,virtphy-86b4bdf559-ks45z,8,3
1781601001,gsm-8,msc-test-stub-5b875d749d-dxqzs,1,16
1781601001,gsm-8,osmo-bsc-594654bd47-5zskx,1,5
1781601001,gsm-8,osmo-bts-virtual-5f8b9b86fc-tvcxl,11,9
1781601001,gsm-8,osmo-hlr-546bdb8988-vb8bb,1,2
1781601001,gsm-8,osmo-mgw-8c8fc67d6-v9gr9,1,2
1781601001,gsm-8,osmo-mobile-7f88cc47b4-wjcqt,2,30
1781601001,gsm-8,osmo-stp-768687f494-shd7q,1,2
1781601001,gsm-8,ttcn3-tc-34-2-2-1-brhlj,1,6
1781601001,gsm-8,virtphy-86b4bdf559-ks45z,8,3
1781601003,gsm-8,msc-test-stub-5b875d749d-dxqzs,1,16
1781601003,gsm-8,osmo-bsc-594654bd47-5zskx,1,5
1781601003,gsm-8,osmo-bts-virtual-5f8b9b86fc-tvcxl,11,9
1781601003,gsm-8,osmo-hlr-546bdb8988-vb8bb,1,2
1781601003,gsm-8,osmo-mgw-8c8fc67d6-v9gr9,1,2
1781601003,gsm-8,osmo-mobile-7f88cc47b4-wjcqt,2,30
1781601003,gsm-8,osmo-stp-768687f494-shd7q,1,2
1781601003,gsm-8,ttcn3-tc-34-2-2-1-brhlj,1,6
1781601003,gsm-8,virtphy-86b4bdf559-ks45z,8,3
1781601005,gsm-8,msc-test-stub-5b875d749d-dxqzs,1,16
1781601005,gsm-8,osmo-bsc-594654bd47-5zskx,1,5
1781601005,gsm-8,osmo-bts-virtual-5f8b9b86fc-tvcxl,11,9
1781601005,gsm-8,osmo-hlr-546bdb8988-vb8bb,1,2
1781601005,gsm-8,osmo-mgw-8c8fc67d6-v9gr9,1,2
1781601005,gsm-8,osmo-mobile-7f88cc47b4-wjcqt,2,30
1781601005,gsm-8,osmo-stp-768687f494-shd7q,1,2
1781601005,gsm-8,ttcn3-tc-34-2-2-1-brhlj,1,6
1781601005,gsm-8,virtphy-86b4bdf559-ks45z,8,3
1781601007,gsm-8,msc-test-stub-5b875d749d-dxqzs,1,16
1781601007,gsm-8,osmo-bsc-594654bd47-5zskx,1,5
1781601007,gsm-8,osmo-bts-virtual-5f8b9b86fc-tvcxl,11,9
1781601007,gsm-8,osmo-hlr-546bdb8988-vb8bb,1,2
1781601007,gsm-8,osmo-mgw-8c8fc67d6-v9gr9,1,2
1781601007,gsm-8,osmo-mobile-7f88cc47b4-wjcqt,2,30
1781601007,gsm-8,osmo-stp-768687f494-shd7q,1,2
1781601007,gsm-8,ttcn3-tc-34-2-2-1-brhlj,1,6
1781601007,gsm-8,virtphy-86b4bdf559-ks45z,8,3
1781601009,gsm-8,msc-test-stub-5b875d749d-dxqzs,1,16
1781601009,gsm-8,osmo-bsc-594654bd47-5zskx,1,5
1781601009,gsm-8,osmo-bts-virtual-5f8b9b86fc-tvcxl,11,9
1781601009,gsm-8,osmo-hlr-546bdb8988-vb8bb,1,2
1781601009,gsm-8,osmo-mgw-8c8fc67d6-v9gr9,1,2
1781601009,gsm-8,osmo-mobile-7f88cc47b4-wjcqt,2,30
1781601009,gsm-8,osmo-stp-768687f494-shd7q,1,2
1781601009,gsm-8,ttcn3-tc-34-2-2-1-brhlj,1,6
1781601009,gsm-8,virtphy-86b4bdf559-ks45z,8,3
1781601011,gsm-8,msc-test-stub-5b875d749d-dxqzs,1,16
1781601011,gsm-8,osmo-bsc-594654bd47-5zskx,1,5
1781601011,gsm-8,osmo-bts-virtual-5f8b9b86fc-tvcxl,11,9
1781601011,gsm-8,osmo-hlr-546bdb8988-vb8bb,1,2
1781601011,gsm-8,osmo-mgw-8c8fc67d6-v9gr9,1,2
1781601011,gsm-8,osmo-mobile-7f88cc47b4-wjcqt,2,30
1781601011,gsm-8,osmo-stp-768687f494-shd7q,1,2
1781601011,gsm-8,ttcn3-tc-34-2-2-1-brhlj,1,6
1781601011,gsm-8,virtphy-86b4bdf559-ks45z,8,3
1781601014,gsm-8,msc-test-stub-5b875d749d-dxqzs,1,16
1781601014,gsm-8,osmo-bsc-594654bd47-5zskx,1,5
1781601014,gsm-8,osmo-bts-virtual-5f8b9b86fc-tvcxl,11,9
1781601014,gsm-8,osmo-hlr-546bdb8988-vb8bb,1,2
1781601014,gsm-8,osmo-mgw-8c8fc67d6-v9gr9,1,2
1781601014,gsm-8,osmo-mobile-7f88cc47b4-wjcqt,2,30
1781601014,gsm-8,osmo-stp-768687f494-shd7q,1,2
1781601014,gsm-8,ttcn3-tc-34-2-2-1-brhlj,1,6
1781601014,gsm-8,virtphy-86b4bdf559-ks45z,9,4
1781601015,gsm-8,msc-test-stub-5b875d749d-dxqzs,1,16
1781601015,gsm-8,osmo-bsc-594654bd47-5zskx,1,5
1781601015,gsm-8,osmo-bts-virtual-5f8b9b86fc-tvcxl,11,9
1781601015,gsm-8,osmo-hlr-546bdb8988-vb8bb,1,2
1781601015,gsm-8,osmo-mgw-8c8fc67d6-v9gr9,1,2
1781601015,gsm-8,osmo-mobile-7f88cc47b4-wjcqt,2,30
1781601015,gsm-8,osmo-stp-768687f494-shd7q,1,2
1781601015,gsm-8,ttcn3-tc-34-2-2-1-brhlj,1,6
1781601015,gsm-8,virtphy-86b4bdf559-ks45z,9,4
1781601018,gsm-8,msc-test-stub-5b875d749d-dxqzs,1,16
1781601018,gsm-8,osmo-bsc-594654bd47-5zskx,1,5
1781601018,gsm-8,osmo-bts-virtual-5f8b9b86fc-tvcxl,11,9
1781601018,gsm-8,osmo-hlr-546bdb8988-vb8bb,1,2
1781601018,gsm-8,osmo-mgw-8c8fc67d6-v9gr9,1,2
1781601018,gsm-8,osmo-mobile-7f88cc47b4-wjcqt,2,30
1781601018,gsm-8,osmo-stp-768687f494-shd7q,1,2
1781601018,gsm-8,ttcn3-tc-34-2-2-1-brhlj,1,6
1781601018,gsm-8,virtphy-86b4bdf559-ks45z,9,4
1781601021,gsm-8,msc-test-stub-5b875d749d-dxqzs,1,16
1781601021,gsm-8,osmo-bsc-594654bd47-5zskx,1,5
1781601021,gsm-8,osmo-bts-virtual-5f8b9b86fc-tvcxl,11,9
1781601021,gsm-8,osmo-hlr-546bdb8988-vb8bb,1,2
1781601021,gsm-8,osmo-mgw-8c8fc67d6-v9gr9,1,2
1781601021,gsm-8,osmo-mobile-7f88cc47b4-wjcqt,2,30
1781601021,gsm-8,osmo-stp-768687f494-shd7q,1,2
1781601021,gsm-8,ttcn3-tc-34-2-2-1-brhlj,1,6
1781601021,gsm-8,virtphy-86b4bdf559-ks45z,9,4
1781601023,gsm-8,msc-test-stub-5b875d749d-dxqzs,1,16
1781601023,gsm-8,osmo-bsc-594654bd47-5zskx,1,5
1781601023,gsm-8,osmo-bts-virtual-5f8b9b86fc-tvcxl,11,9
1781601023,gsm-8,osmo-hlr-546bdb8988-vb8bb,1,2
1781601023,gsm-8,osmo-mgw-8c8fc67d6-v9gr9,1,2
1781601023,gsm-8,osmo-mobile-7f88cc47b4-wjcqt,2,30
1781601023,gsm-8,osmo-stp-768687f494-shd7q,1,2
1781601023,gsm-8,ttcn3-tc-34-2-2-1-brhlj,1,6
1781601023,gsm-8,virtphy-86b4bdf559-ks45z,9,4
1781601025,gsm-8,msc-test-stub-5b875d749d-dxqzs,1,16
1781601025,gsm-8,osmo-bsc-594654bd47-5zskx,1,5
1781601025,gsm-8,osmo-bts-virtual-5f8b9b86fc-tvcxl,11,9
1781601025,gsm-8,osmo-hlr-546bdb8988-vb8bb,1,2
1781601025,gsm-8,osmo-mgw-8c8fc67d6-v9gr9,1,2
1781601025,gsm-8,osmo-mobile-7f88cc47b4-wjcqt,2,30
1781601025,gsm-8,osmo-stp-768687f494-shd7q,1,2
1781601025,gsm-8,ttcn3-tc-34-2-2-1-brhlj,1,6
1781601025,gsm-8,virtphy-86b4bdf559-ks45z,9,4
1781601027,gsm-8,msc-test-stub-5b875d749d-dxqzs,1,16
1781601027,gsm-8,osmo-bsc-594654bd47-5zskx,1,5
1781601027,gsm-8,osmo-bts-virtual-5f8b9b86fc-tvcxl,11,9
1781601027,gsm-8,osmo-hlr-546bdb8988-vb8bb,1,2
1781601027,gsm-8,osmo-mgw-8c8fc67d6-v9gr9,1,2
1781601027,gsm-8,osmo-mobile-7f88cc47b4-wjcqt,2,30
1781601027,gsm-8,osmo-stp-768687f494-shd7q,1,2
1781601027,gsm-8,ttcn3-tc-34-2-2-1-brhlj,1,6
1781601027,gsm-8,virtphy-86b4bdf559-ks45z,9,4
1781601029,gsm-8,msc-test-stub-5b875d749d-dxqzs,1,16
1781601029,gsm-8,osmo-bsc-594654bd47-5zskx,1,5
1781601029,gsm-8,osmo-bts-virtual-5f8b9b86fc-tvcxl,10,8
1781601029,gsm-8,osmo-hlr-546bdb8988-vb8bb,1,2
1781601029,gsm-8,osmo-mgw-8c8fc67d6-v9gr9,1,2
1781601029,gsm-8,osmo-mobile-7f88cc47b4-wjcqt,2,30
1781601029,gsm-8,osmo-stp-768687f494-shd7q,1,2
1781601029,gsm-8,ttcn3-tc-34-2-2-1-brhlj,1,6
1781601029,gsm-8,virtphy-86b4bdf559-ks45z,9,3
1781601031,gsm-8,msc-test-stub-5b875d749d-dxqzs,1,16
1781601031,gsm-8,osmo-bsc-594654bd47-5zskx,1,5
1781601031,gsm-8,osmo-bts-virtual-5f8b9b86fc-tvcxl,10,8
1781601031,gsm-8,osmo-hlr-546bdb8988-vb8bb,1,2
1781601031,gsm-8,osmo-mgw-8c8fc67d6-v9gr9,1,2
1781601031,gsm-8,osmo-mobile-7f88cc47b4-wjcqt,2,30
1781601031,gsm-8,osmo-stp-768687f494-shd7q,1,2
1781601031,gsm-8,ttcn3-tc-34-2-2-1-brhlj,1,6
1781601031,gsm-8,virtphy-86b4bdf559-ks45z,9,3
1781601033,gsm-8,msc-test-stub-5b875d749d-dxqzs,1,16
1781601033,gsm-8,osmo-bsc-594654bd47-5zskx,1,5
1781601033,gsm-8,osmo-bts-virtual-5f8b9b86fc-tvcxl,10,8
1781601033,gsm-8,osmo-hlr-546bdb8988-vb8bb,1,2
1781601033,gsm-8,osmo-mgw-8c8fc67d6-v9gr9,1,2
1781601033,gsm-8,osmo-mobile-7f88cc47b4-wjcqt,2,30
1781601033,gsm-8,osmo-stp-768687f494-shd7q,1,2
1781601033,gsm-8,ttcn3-tc-34-2-2-1-brhlj,1,6
1781601033,gsm-8,virtphy-86b4bdf559-ks45z,9,3
1781601035,gsm-8,msc-test-stub-5b875d749d-dxqzs,1,16
1781601035,gsm-8,osmo-bsc-594654bd47-5zskx,1,5
1781601035,gsm-8,osmo-bts-virtual-5f8b9b86fc-tvcxl,10,8
1781601035,gsm-8,osmo-hlr-546bdb8988-vb8bb,1,2
1781601035,gsm-8,osmo-mgw-8c8fc67d6-v9gr9,1,2
1781601035,gsm-8,osmo-mobile-7f88cc47b4-wjcqt,2,30
1781601035,gsm-8,osmo-stp-768687f494-shd7q,1,2
1781601035,gsm-8,ttcn3-tc-34-2-2-1-brhlj,1,6
1781601035,gsm-8,virtphy-86b4bdf559-ks45z,9,3
1781601037,gsm-8,msc-test-stub-5b875d749d-dxqzs,1,16
1781601037,gsm-8,osmo-bsc-594654bd47-5zskx,1,5
1781601037,gsm-8,osmo-bts-virtual-5f8b9b86fc-tvcxl,10,8
1781601037,gsm-8,osmo-hlr-546bdb8988-vb8bb,1,2
1781601037,gsm-8,osmo-mgw-8c8fc67d6-v9gr9,1,2
1781601037,gsm-8,osmo-mobile-7f88cc47b4-wjcqt,2,30
1781601037,gsm-8,osmo-stp-768687f494-shd7q,1,2
1781601037,gsm-8,ttcn3-tc-34-2-2-1-brhlj,1,6
1781601037,gsm-8,virtphy-86b4bdf559-ks45z,9,3
1781601040,gsm-8,msc-test-stub-5b875d749d-dxqzs,1,16
1781601040,gsm-8,osmo-bsc-594654bd47-5zskx,1,5
1781601040,gsm-8,osmo-bts-virtual-5f8b9b86fc-tvcxl,10,8
1781601040,gsm-8,osmo-hlr-546bdb8988-vb8bb,1,2
1781601040,gsm-8,osmo-mgw-8c8fc67d6-v9gr9,1,2
1781601040,gsm-8,osmo-mobile-7f88cc47b4-wjcqt,2,30
1781601040,gsm-8,osmo-stp-768687f494-shd7q,1,2
1781601040,gsm-8,ttcn3-tc-34-2-2-1-brhlj,1,6
1781601040,gsm-8,virtphy-86b4bdf559-ks45z,9,3
1781601042,gsm-8,msc-test-stub-5b875d749d-dxqzs,1,16
1781601042,gsm-8,osmo-bsc-594654bd47-5zskx,1,5
1781601042,gsm-8,osmo-bts-virtual-5f8b9b86fc-tvcxl,10,8
1781601042,gsm-8,osmo-hlr-546bdb8988-vb8bb,1,2
1781601042,gsm-8,osmo-mgw-8c8fc67d6-v9gr9,1,2
1781601042,gsm-8,osmo-mobile-7f88cc47b4-wjcqt,2,30
1781601042,gsm-8,osmo-stp-768687f494-shd7q,1,2
1781601042,gsm-8,ttcn3-tc-34-2-2-1-brhlj,1,6
1781601042,gsm-8,virtphy-86b4bdf559-ks45z,9,3
1781601044,gsm-8,msc-test-stub-5b875d749d-dxqzs,1,16
1781601044,gsm-8,osmo-bsc-594654bd47-5zskx,1,5
1781601044,gsm-8,osmo-bts-virtual-5f8b9b86fc-tvcxl,10,8
1781601044,gsm-8,osmo-hlr-546bdb8988-vb8bb,1,2
1781601044,gsm-8,osmo-mgw-8c8fc67d6-v9gr9,1,2
1781601044,gsm-8,osmo-mobile-7f88cc47b4-wjcqt,2,30
1781601044,gsm-8,osmo-stp-768687f494-shd7q,1,2
1781601044,gsm-8,ttcn3-tc-34-2-2-1-brhlj,1,6
1781601044,gsm-8,virtphy-86b4bdf559-ks45z,8,4
1781601046,gsm-8,msc-test-stub-5b875d749d-dxqzs,1,16
1781601046,gsm-8,osmo-bsc-594654bd47-5zskx,1,5
1781601046,gsm-8,osmo-bts-virtual-5f8b9b86fc-tvcxl,10,8
1781601046,gsm-8,osmo-hlr-546bdb8988-vb8bb,1,2
1781601046,gsm-8,osmo-mgw-8c8fc67d6-v9gr9,1,2
1781601046,gsm-8,osmo-mobile-7f88cc47b4-wjcqt,2,30
1781601046,gsm-8,osmo-stp-768687f494-shd7q,1,2
1781601046,gsm-8,ttcn3-tc-34-2-2-1-brhlj,1,6
1781601046,gsm-8,virtphy-86b4bdf559-ks45z,8,4
1781601048,gsm-8,msc-test-stub-5b875d749d-dxqzs,1,16
1781601048,gsm-8,osmo-bsc-594654bd47-5zskx,1,5
1781601048,gsm-8,osmo-bts-virtual-5f8b9b86fc-tvcxl,10,8
1781601048,gsm-8,osmo-hlr-546bdb8988-vb8bb,1,2
1781601048,gsm-8,osmo-mgw-8c8fc67d6-v9gr9,1,2
1781601048,gsm-8,osmo-mobile-7f88cc47b4-wjcqt,2,30
1781601048,gsm-8,osmo-stp-768687f494-shd7q,1,2
1781601048,gsm-8,ttcn3-tc-34-2-2-1-brhlj,1,6
1781601048,gsm-8,virtphy-86b4bdf559-ks45z,8,4
1781601050,gsm-8,msc-test-stub-5b875d749d-dxqzs,1,16
1781601050,gsm-8,osmo-bsc-594654bd47-5zskx,1,5
1781601050,gsm-8,osmo-bts-virtual-5f8b9b86fc-tvcxl,10,8
1781601050,gsm-8,osmo-hlr-546bdb8988-vb8bb,1,2
1781601050,gsm-8,osmo-mgw-8c8fc67d6-v9gr9,1,2
1781601050,gsm-8,osmo-mobile-7f88cc47b4-wjcqt,2,30
1781601050,gsm-8,osmo-stp-768687f494-shd7q,1,2
1781601050,gsm-8,ttcn3-tc-34-2-2-1-brhlj,1,6
1781601050,gsm-8,virtphy-86b4bdf559-ks45z,8,4
1781601052,gsm-8,msc-test-stub-5b875d749d-dxqzs,1,16
1781601052,gsm-8,osmo-bsc-594654bd47-5zskx,1,5
1781601052,gsm-8,osmo-bts-virtual-5f8b9b86fc-tvcxl,10,8
1781601052,gsm-8,osmo-hlr-546bdb8988-vb8bb,1,2
1781601052,gsm-8,osmo-mgw-8c8fc67d6-v9gr9,1,2
1781601052,gsm-8,osmo-mobile-7f88cc47b4-wjcqt,2,30
1781601052,gsm-8,osmo-stp-768687f494-shd7q,1,2
1781601052,gsm-8,ttcn3-tc-34-2-2-1-brhlj,1,6
1781601052,gsm-8,virtphy-86b4bdf559-ks45z,8,4
1781601054,gsm-8,msc-test-stub-5b875d749d-dxqzs,1,16
1781601054,gsm-8,osmo-bsc-594654bd47-5zskx,1,5
1781601054,gsm-8,osmo-bts-virtual-5f8b9b86fc-tvcxl,10,8
1781601054,gsm-8,osmo-hlr-546bdb8988-vb8bb,1,2
1781601054,gsm-8,osmo-mgw-8c8fc67d6-v9gr9,1,2
1781601054,gsm-8,osmo-mobile-7f88cc47b4-wjcqt,2,30
1781601054,gsm-8,osmo-stp-768687f494-shd7q,1,2
1781601054,gsm-8,ttcn3-tc-34-2-2-1-brhlj,1,6
1781601054,gsm-8,virtphy-86b4bdf559-ks45z,8,4
1781601056,gsm-8,msc-test-stub-5b875d749d-dxqzs,1,16
1781601056,gsm-8,osmo-bsc-594654bd47-5zskx,1,5
1781601056,gsm-8,osmo-bts-virtual-5f8b9b86fc-tvcxl,10,8
1781601056,gsm-8,osmo-hlr-546bdb8988-vb8bb,1,2
1781601056,gsm-8,osmo-mgw-8c8fc67d6-v9gr9,1,2
1781601056,gsm-8,osmo-mobile-7f88cc47b4-wjcqt,2,30
1781601056,gsm-8,osmo-stp-768687f494-shd7q,1,2
1781601056,gsm-8,ttcn3-tc-34-2-2-1-brhlj,1,6
1781601056,gsm-8,virtphy-86b4bdf559-ks45z,8,4
1781601058,gsm-8,msc-test-stub-5b875d749d-dxqzs,1,16
1781601058,gsm-8,osmo-bsc-594654bd47-5zskx,1,5
1781601058,gsm-8,osmo-bts-virtual-5f8b9b86fc-tvcxl,11,6
1781601058,gsm-8,osmo-hlr-546bdb8988-vb8bb,1,2
1781601058,gsm-8,osmo-mgw-8c8fc67d6-v9gr9,1,2
1781601058,gsm-8,osmo-mobile-7f88cc47b4-wjcqt,2,30
1781601058,gsm-8,osmo-stp-768687f494-shd7q,1,2
1781601058,gsm-8,ttcn3-tc-34-2-2-1-brhlj,1,6
1781601058,gsm-8,virtphy-86b4bdf559-ks45z,9,1
1781601061,gsm-8,msc-test-stub-5b875d749d-dxqzs,1,16
1781601061,gsm-8,osmo-bsc-594654bd47-5zskx,1,5
1781601061,gsm-8,osmo-bts-virtual-5f8b9b86fc-tvcxl,11,6
1781601061,gsm-8,osmo-hlr-546bdb8988-vb8bb,1,2
1781601061,gsm-8,osmo-mgw-8c8fc67d6-v9gr9,1,2
1781601061,gsm-8,osmo-mobile-7f88cc47b4-wjcqt,2,30
1781601061,gsm-8,osmo-stp-768687f494-shd7q,1,2
1781601061,gsm-8,ttcn3-tc-34-2-2-1-brhlj,1,6
1781601061,gsm-8,virtphy-86b4bdf559-ks45z,9,1
1781601063,gsm-8,msc-test-stub-5b875d749d-dxqzs,1,16
1781601063,gsm-8,osmo-bsc-594654bd47-5zskx,1,5
1781601063,gsm-8,osmo-bts-virtual-5f8b9b86fc-tvcxl,11,6
1781601063,gsm-8,osmo-hlr-546bdb8988-vb8bb,1,2
1781601063,gsm-8,osmo-mgw-8c8fc67d6-v9gr9,1,2
1781601063,gsm-8,osmo-mobile-7f88cc47b4-wjcqt,2,30
1781601063,gsm-8,osmo-stp-768687f494-shd7q,1,2
1781601063,gsm-8,ttcn3-tc-34-2-2-1-brhlj,1,6
1781601063,gsm-8,virtphy-86b4bdf559-ks45z,9,1
1781601065,gsm-8,msc-test-stub-5b875d749d-dxqzs,1,16
1781601065,gsm-8,osmo-bsc-594654bd47-5zskx,1,5
1781601065,gsm-8,osmo-bts-virtual-5f8b9b86fc-tvcxl,11,6
1781601065,gsm-8,osmo-hlr-546bdb8988-vb8bb,1,2
1781601065,gsm-8,osmo-mgw-8c8fc67d6-v9gr9,1,2
1781601065,gsm-8,osmo-mobile-7f88cc47b4-wjcqt,2,30
1781601065,gsm-8,osmo-stp-768687f494-shd7q,1,2
1781601065,gsm-8,ttcn3-tc-34-2-2-1-brhlj,1,6
1781601065,gsm-8,virtphy-86b4bdf559-ks45z,9,1
1781601067,gsm-8,msc-test-stub-5b875d749d-dxqzs,1,16
1781601067,gsm-8,osmo-bsc-594654bd47-5zskx,1,5
1781601067,gsm-8,osmo-bts-virtual-5f8b9b86fc-tvcxl,11,6
1781601067,gsm-8,osmo-hlr-546bdb8988-vb8bb,1,2
1781601067,gsm-8,osmo-mgw-8c8fc67d6-v9gr9,1,2
1781601067,gsm-8,osmo-mobile-7f88cc47b4-wjcqt,2,30
1781601067,gsm-8,osmo-stp-768687f494-shd7q,1,2
1781601067,gsm-8,ttcn3-tc-34-2-2-1-brhlj,1,6
1781601067,gsm-8,virtphy-86b4bdf559-ks45z,9,1
1781601069,gsm-8,msc-test-stub-5b875d749d-dxqzs,1,16
1781601069,gsm-8,osmo-bsc-594654bd47-5zskx,1,5
1781601069,gsm-8,osmo-bts-virtual-5f8b9b86fc-tvcxl,11,6
1781601069,gsm-8,osmo-hlr-546bdb8988-vb8bb,1,2
1781601069,gsm-8,osmo-mgw-8c8fc67d6-v9gr9,1,2
1781601069,gsm-8,osmo-mobile-7f88cc47b4-wjcqt,2,30
1781601069,gsm-8,osmo-stp-768687f494-shd7q,1,2
1781601069,gsm-8,ttcn3-tc-34-2-2-1-brhlj,1,6
1781601069,gsm-8,virtphy-86b4bdf559-ks45z,9,1
1781601072,gsm-8,msc-test-stub-5b875d749d-dxqzs,1,16
1781601072,gsm-8,osmo-bsc-594654bd47-5zskx,1,5
1781601072,gsm-8,osmo-bts-virtual-5f8b9b86fc-tvcxl,11,6
1781601072,gsm-8,osmo-hlr-546bdb8988-vb8bb,1,2
1781601072,gsm-8,osmo-mgw-8c8fc67d6-v9gr9,1,2
1781601072,gsm-8,osmo-mobile-7f88cc47b4-wjcqt,2,30
1781601072,gsm-8,osmo-stp-768687f494-shd7q,1,2
1781601072,gsm-8,ttcn3-tc-34-2-2-1-brhlj,1,6
1781601072,gsm-8,virtphy-86b4bdf559-ks45z,9,1
1781601074,gsm-8,msc-test-stub-5b875d749d-dxqzs,1,16
1781601074,gsm-8,osmo-bsc-594654bd47-5zskx,1,5
1781601074,gsm-8,osmo-bts-virtual-5f8b9b86fc-tvcxl,10,7
1781601074,gsm-8,osmo-hlr-546bdb8988-vb8bb,1,2
1781601074,gsm-8,osmo-mgw-8c8fc67d6-v9gr9,1,2
1781601074,gsm-8,osmo-mobile-7f88cc47b4-wjcqt,2,30
1781601074,gsm-8,osmo-stp-768687f494-shd7q,1,2
1781601074,gsm-8,ttcn3-tc-34-2-2-1-brhlj,1,6
1781601074,gsm-8,virtphy-86b4bdf559-ks45z,9,4
1781601076,gsm-8,msc-test-stub-5b875d749d-dxqzs,1,16
1781601076,gsm-8,osmo-bsc-594654bd47-5zskx,1,5
1781601076,gsm-8,osmo-bts-virtual-5f8b9b86fc-tvcxl,10,7
1781601076,gsm-8,osmo-hlr-546bdb8988-vb8bb,1,2
1781601076,gsm-8,osmo-mgw-8c8fc67d6-v9gr9,1,2
1781601076,gsm-8,osmo-mobile-7f88cc47b4-wjcqt,2,30
1781601076,gsm-8,osmo-stp-768687f494-shd7q,1,2
1781601076,gsm-8,ttcn3-tc-34-2-2-1-brhlj,1,6
1781601076,gsm-8,virtphy-86b4bdf559-ks45z,9,4
1781601078,gsm-8,msc-test-stub-5b875d749d-dxqzs,1,16
1781601078,gsm-8,osmo-bsc-594654bd47-5zskx,1,5
1781601078,gsm-8,osmo-bts-virtual-5f8b9b86fc-tvcxl,10,7
1781601078,gsm-8,osmo-hlr-546bdb8988-vb8bb,1,2
1781601078,gsm-8,osmo-mgw-8c8fc67d6-v9gr9,1,2
1781601078,gsm-8,osmo-mobile-7f88cc47b4-wjcqt,2,30
1781601078,gsm-8,osmo-stp-768687f494-shd7q,1,2
1781601078,gsm-8,ttcn3-tc-34-2-2-1-brhlj,1,6
1781601078,gsm-8,virtphy-86b4bdf559-ks45z,9,4
1781601080,gsm-8,msc-test-stub-5b875d749d-dxqzs,1,16
1781601080,gsm-8,osmo-bsc-594654bd47-5zskx,1,5
1781601080,gsm-8,osmo-bts-virtual-5f8b9b86fc-tvcxl,10,7
1781601080,gsm-8,osmo-hlr-546bdb8988-vb8bb,1,2
1781601080,gsm-8,osmo-mgw-8c8fc67d6-v9gr9,1,2
1781601080,gsm-8,osmo-mobile-7f88cc47b4-wjcqt,2,30
1781601080,gsm-8,osmo-stp-768687f494-shd7q,1,2
1781601080,gsm-8,ttcn3-tc-34-2-2-1-brhlj,1,6
1781601080,gsm-8,virtphy-86b4bdf559-ks45z,9,4
1781601082,gsm-8,msc-test-stub-5b875d749d-dxqzs,1,16
1781601082,gsm-8,osmo-bsc-594654bd47-5zskx,1,5
1781601082,gsm-8,osmo-bts-virtual-5f8b9b86fc-tvcxl,10,7
1781601082,gsm-8,osmo-hlr-546bdb8988-vb8bb,1,2
1781601082,gsm-8,osmo-mgw-8c8fc67d6-v9gr9,1,2
1781601082,gsm-8,osmo-mobile-7f88cc47b4-wjcqt,2,30
1781601082,gsm-8,osmo-stp-768687f494-shd7q,1,2
1781601082,gsm-8,ttcn3-tc-34-2-2-1-brhlj,1,6
1781601082,gsm-8,virtphy-86b4bdf559-ks45z,9,4
1781601084,gsm-8,msc-test-stub-5b875d749d-dxqzs,1,16
1781601084,gsm-8,osmo-bsc-594654bd47-5zskx,1,5
1781601084,gsm-8,osmo-bts-virtual-5f8b9b86fc-tvcxl,10,7
1781601084,gsm-8,osmo-hlr-546bdb8988-vb8bb,1,2
1781601084,gsm-8,osmo-mgw-8c8fc67d6-v9gr9,1,2
1781601084,gsm-8,osmo-mobile-7f88cc47b4-wjcqt,2,30
1781601084,gsm-8,osmo-stp-768687f494-shd7q,1,2
1781601084,gsm-8,ttcn3-tc-34-2-2-1-brhlj,1,6
1781601084,gsm-8,virtphy-86b4bdf559-ks45z,9,4
1781601086,gsm-8,msc-test-stub-5b875d749d-dxqzs,1,16
1781601086,gsm-8,osmo-bsc-594654bd47-5zskx,1,5
1781601086,gsm-8,osmo-bts-virtual-5f8b9b86fc-tvcxl,10,7
1781601086,gsm-8,osmo-hlr-546bdb8988-vb8bb,1,2
1781601086,gsm-8,osmo-mgw-8c8fc67d6-v9gr9,1,2
1781601086,gsm-8,osmo-mobile-7f88cc47b4-wjcqt,2,30
1781601086,gsm-8,osmo-stp-768687f494-shd7q,1,2
1781601086,gsm-8,ttcn3-tc-34-2-2-1-brhlj,1,6
1781601086,gsm-8,virtphy-86b4bdf559-ks45z,9,4
1781601088,gsm-8,msc-test-stub-5b875d749d-dxqzs,1,16
1781601088,gsm-8,osmo-bsc-594654bd47-5zskx,1,5
1781601088,gsm-8,osmo-bts-virtual-5f8b9b86fc-tvcxl,11,9
1781601088,gsm-8,osmo-hlr-546bdb8988-vb8bb,1,2
1781601088,gsm-8,osmo-mgw-8c8fc67d6-v9gr9,1,2
1781601088,gsm-8,osmo-mobile-7f88cc47b4-wjcqt,2,30
1781601088,gsm-8,osmo-stp-768687f494-shd7q,1,2
1781601088,gsm-8,ttcn3-tc-34-2-2-1-brhlj,1,6
1781601088,gsm-8,virtphy-86b4bdf559-ks45z,9,2
1781601091,gsm-8,msc-test-stub-5b875d749d-dxqzs,1,16
1781601091,gsm-8,osmo-bsc-594654bd47-5zskx,1,5
1781601091,gsm-8,osmo-bts-virtual-5f8b9b86fc-tvcxl,11,9
1781601091,gsm-8,osmo-hlr-546bdb8988-vb8bb,1,2
1781601091,gsm-8,osmo-mgw-8c8fc67d6-v9gr9,1,2
1781601091,gsm-8,osmo-mobile-7f88cc47b4-wjcqt,2,30
1781601091,gsm-8,osmo-stp-768687f494-shd7q,1,2
1781601091,gsm-8,ttcn3-tc-34-2-2-1-brhlj,1,6
1781601091,gsm-8,virtphy-86b4bdf559-ks45z,9,2
1781601093,gsm-8,msc-test-stub-5b875d749d-dxqzs,1,16
1781601093,gsm-8,osmo-bsc-594654bd47-5zskx,1,5
1781601093,gsm-8,osmo-bts-virtual-5f8b9b86fc-tvcxl,11,9
1781601093,gsm-8,osmo-hlr-546bdb8988-vb8bb,1,2
1781601093,gsm-8,osmo-mgw-8c8fc67d6-v9gr9,1,2
1781601093,gsm-8,osmo-mobile-7f88cc47b4-wjcqt,2,30
1781601093,gsm-8,osmo-stp-768687f494-shd7q,1,2
1781601093,gsm-8,ttcn3-tc-34-2-2-1-brhlj,1,6
1781601093,gsm-8,virtphy-86b4bdf559-ks45z,9,2
1781601095,gsm-8,msc-test-stub-5b875d749d-dxqzs,1,16
1781601095,gsm-8,osmo-bsc-594654bd47-5zskx,1,5
1781601095,gsm-8,osmo-bts-virtual-5f8b9b86fc-tvcxl,11,9
1781601095,gsm-8,osmo-hlr-546bdb8988-vb8bb,1,2
1781601095,gsm-8,osmo-mgw-8c8fc67d6-v9gr9,1,2
1781601095,gsm-8,osmo-mobile-7f88cc47b4-wjcqt,2,30
1781601095,gsm-8,osmo-stp-768687f494-shd7q,1,2
1781601095,gsm-8,ttcn3-tc-34-2-2-1-brhlj,1,6
1781601095,gsm-8,virtphy-86b4bdf559-ks45z,9,2
1781601097,gsm-8,msc-test-stub-5b875d749d-dxqzs,1,16
1781601097,gsm-8,osmo-bsc-594654bd47-5zskx,1,5
1781601097,gsm-8,osmo-bts-virtual-5f8b9b86fc-tvcxl,11,9
1781601097,gsm-8,osmo-hlr-546bdb8988-vb8bb,1,2
1781601097,gsm-8,osmo-mgw-8c8fc67d6-v9gr9,1,2
1781601097,gsm-8,osmo-mobile-7f88cc47b4-wjcqt,2,30
1781601097,gsm-8,osmo-stp-768687f494-shd7q,1,2
1781601097,gsm-8,ttcn3-tc-34-2-2-1-brhlj,1,6
1781601097,gsm-8,virtphy-86b4bdf559-ks45z,9,2
1781601099,gsm-8,msc-test-stub-5b875d749d-dxqzs,1,16
1781601099,gsm-8,osmo-bsc-594654bd47-5zskx,1,5
1781601099,gsm-8,osmo-bts-virtual-5f8b9b86fc-tvcxl,11,9
1781601099,gsm-8,osmo-hlr-546bdb8988-vb8bb,1,2
1781601099,gsm-8,osmo-mgw-8c8fc67d6-v9gr9,1,2
1781601099,gsm-8,osmo-mobile-7f88cc47b4-wjcqt,2,30
1781601099,gsm-8,osmo-stp-768687f494-shd7q,1,2
1781601099,gsm-8,ttcn3-tc-34-2-2-1-brhlj,1,6
1781601099,gsm-8,virtphy-86b4bdf559-ks45z,9,2
1781601101,gsm-8,msc-test-stub-5b875d749d-dxqzs,1,16
1781601101,gsm-8,osmo-bsc-594654bd47-5zskx,1,5
1781601101,gsm-8,osmo-bts-virtual-5f8b9b86fc-tvcxl,11,9
1781601101,gsm-8,osmo-hlr-546bdb8988-vb8bb,1,2
1781601101,gsm-8,osmo-mgw-8c8fc67d6-v9gr9,1,2
1781601101,gsm-8,osmo-mobile-7f88cc47b4-wjcqt,2,30
1781601101,gsm-8,osmo-stp-768687f494-shd7q,1,2
1781601101,gsm-8,ttcn3-tc-34-2-2-1-brhlj,1,6
1781601101,gsm-8,virtphy-86b4bdf559-ks45z,9,2
1781601103,gsm-8,msc-test-stub-5b875d749d-dxqzs,1,16
1781601103,gsm-8,osmo-bsc-594654bd47-5zskx,1,5
1781601103,gsm-8,osmo-bts-virtual-5f8b9b86fc-tvcxl,10,9
1781601103,gsm-8,osmo-hlr-546bdb8988-vb8bb,1,2
1781601103,gsm-8,osmo-mgw-8c8fc67d6-v9gr9,1,2
1781601103,gsm-8,osmo-mobile-7f88cc47b4-wjcqt,3,30
1781601103,gsm-8,osmo-stp-768687f494-shd7q,1,2
1781601103,gsm-8,ttcn3-tc-34-2-2-1-brhlj,1,6
1781601103,gsm-8,virtphy-86b4bdf559-ks45z,9,1
1781601105,gsm-8,msc-test-stub-5b875d749d-dxqzs,1,16
1781601105,gsm-8,osmo-bsc-594654bd47-5zskx,1,5
1781601105,gsm-8,osmo-bts-virtual-5f8b9b86fc-tvcxl,10,9
1781601105,gsm-8,osmo-hlr-546bdb8988-vb8bb,1,2
1781601105,gsm-8,osmo-mgw-8c8fc67d6-v9gr9,1,2
1781601105,gsm-8,osmo-mobile-7f88cc47b4-wjcqt,3,30
1781601105,gsm-8,osmo-stp-768687f494-shd7q,1,2
1781601105,gsm-8,ttcn3-tc-34-2-2-1-brhlj,1,6
1781601105,gsm-8,virtphy-86b4bdf559-ks45z,9,1
1781601107,gsm-8,msc-test-stub-5b875d749d-dxqzs,1,16
1781601107,gsm-8,osmo-bsc-594654bd47-5zskx,1,5
1781601107,gsm-8,osmo-bts-virtual-5f8b9b86fc-tvcxl,10,9
1781601107,gsm-8,osmo-hlr-546bdb8988-vb8bb,1,2
1781601107,gsm-8,osmo-mgw-8c8fc67d6-v9gr9,1,2
1781601107,gsm-8,osmo-mobile-7f88cc47b4-wjcqt,3,30
1781601107,gsm-8,osmo-stp-768687f494-shd7q,1,2
1781601107,gsm-8,ttcn3-tc-34-2-2-1-brhlj,1,6
1781601107,gsm-8,virtphy-86b4bdf559-ks45z,9,1
1781601109,gsm-8,msc-test-stub-5b875d749d-dxqzs,1,16
1781601109,gsm-8,osmo-bsc-594654bd47-5zskx,1,5
1781601109,gsm-8,osmo-bts-virtual-5f8b9b86fc-tvcxl,10,9
1781601109,gsm-8,osmo-hlr-546bdb8988-vb8bb,1,2
1781601109,gsm-8,osmo-mgw-8c8fc67d6-v9gr9,1,2
1781601109,gsm-8,osmo-mobile-7f88cc47b4-wjcqt,3,30
1781601109,gsm-8,osmo-stp-768687f494-shd7q,1,2
1781601109,gsm-8,ttcn3-tc-34-2-2-1-brhlj,1,6
1781601109,gsm-8,virtphy-86b4bdf559-ks45z,9,1
1781601112,gsm-8,msc-test-stub-5b875d749d-dxqzs,1,16
1781601112,gsm-8,osmo-bsc-594654bd47-5zskx,1,5
1781601112,gsm-8,osmo-bts-virtual-5f8b9b86fc-tvcxl,10,9
1781601112,gsm-8,osmo-hlr-546bdb8988-vb8bb,1,2
1781601112,gsm-8,osmo-mgw-8c8fc67d6-v9gr9,1,2
1781601112,gsm-8,osmo-mobile-7f88cc47b4-wjcqt,3,30
1781601112,gsm-8,osmo-stp-768687f494-shd7q,1,2
1781601112,gsm-8,ttcn3-tc-34-2-2-1-brhlj,1,6
1781601112,gsm-8,virtphy-86b4bdf559-ks45z,9,1
1781601114,gsm-8,msc-test-stub-5b875d749d-dxqzs,1,16
1781601114,gsm-8,osmo-bsc-594654bd47-5zskx,1,5
1781601114,gsm-8,osmo-bts-virtual-5f8b9b86fc-tvcxl,10,9
1781601114,gsm-8,osmo-hlr-546bdb8988-vb8bb,1,2
1781601114,gsm-8,osmo-mgw-8c8fc67d6-v9gr9,1,2
1781601114,gsm-8,osmo-mobile-7f88cc47b4-wjcqt,3,30
1781601114,gsm-8,osmo-stp-768687f494-shd7q,1,2
1781601114,gsm-8,ttcn3-tc-34-2-2-1-brhlj,1,6
1781601114,gsm-8,virtphy-86b4bdf559-ks45z,9,1
1781601116,gsm-8,msc-test-stub-5b875d749d-dxqzs,1,16
1781601116,gsm-8,osmo-bsc-594654bd47-5zskx,1,5
1781601116,gsm-8,osmo-bts-virtual-5f8b9b86fc-tvcxl,10,9
1781601116,gsm-8,osmo-hlr-546bdb8988-vb8bb,1,2
1781601116,gsm-8,osmo-mgw-8c8fc67d6-v9gr9,1,2
1781601116,gsm-8,osmo-mobile-7f88cc47b4-wjcqt,3,30
1781601116,gsm-8,osmo-stp-768687f494-shd7q,1,2
1781601116,gsm-8,ttcn3-tc-34-2-2-1-brhlj,1,6
1781601116,gsm-8,virtphy-86b4bdf559-ks45z,9,1
1781601118,gsm-8,msc-test-stub-5b875d749d-dxqzs,1,16
1781601118,gsm-8,osmo-bsc-594654bd47-5zskx,1,5
1781601118,gsm-8,osmo-bts-virtual-5f8b9b86fc-tvcxl,11,8
1781601118,gsm-8,osmo-hlr-546bdb8988-vb8bb,1,2
1781601118,gsm-8,osmo-mgw-8c8fc67d6-v9gr9,1,2
1781601118,gsm-8,osmo-mobile-7f88cc47b4-wjcqt,2,30
1781601118,gsm-8,osmo-stp-768687f494-shd7q,1,2
1781601118,gsm-8,ttcn3-tc-34-2-2-1-brhlj,1,6
1781601118,gsm-8,virtphy-86b4bdf559-ks45z,8,2
1781601121,gsm-8,msc-test-stub-5b875d749d-dxqzs,1,16
1781601121,gsm-8,osmo-bsc-594654bd47-5zskx,1,5
1781601121,gsm-8,osmo-bts-virtual-5f8b9b86fc-tvcxl,11,8
1781601121,gsm-8,osmo-hlr-546bdb8988-vb8bb,1,2
1781601121,gsm-8,osmo-mgw-8c8fc67d6-v9gr9,1,2
1781601121,gsm-8,osmo-mobile-7f88cc47b4-wjcqt,2,30
1781601121,gsm-8,osmo-stp-768687f494-shd7q,1,2
1781601121,gsm-8,ttcn3-tc-34-2-2-1-brhlj,1,6
1781601121,gsm-8,virtphy-86b4bdf559-ks45z,8,2
1781601123,gsm-8,msc-test-stub-5b875d749d-dxqzs,1,16
1781601123,gsm-8,osmo-bsc-594654bd47-5zskx,1,5
1781601123,gsm-8,osmo-bts-virtual-5f8b9b86fc-tvcxl,11,8
1781601123,gsm-8,osmo-hlr-546bdb8988-vb8bb,1,2
1781601123,gsm-8,osmo-mgw-8c8fc67d6-v9gr9,1,2
1781601123,gsm-8,osmo-mobile-7f88cc47b4-wjcqt,2,30
1781601123,gsm-8,osmo-stp-768687f494-shd7q,1,2
1781601123,gsm-8,ttcn3-tc-34-2-2-1-brhlj,1,6
1781601123,gsm-8,virtphy-86b4bdf559-ks45z,8,2
1781601125,gsm-8,msc-test-stub-5b875d749d-dxqzs,1,16
1781601125,gsm-8,osmo-bsc-594654bd47-5zskx,1,5
1781601125,gsm-8,osmo-bts-virtual-5f8b9b86fc-tvcxl,11,8
1781601125,gsm-8,osmo-hlr-546bdb8988-vb8bb,1,2
1781601125,gsm-8,osmo-mgw-8c8fc67d6-v9gr9,1,2
1781601125,gsm-8,osmo-mobile-7f88cc47b4-wjcqt,2,30
1781601125,gsm-8,osmo-stp-768687f494-shd7q,1,2
1781601125,gsm-8,ttcn3-tc-34-2-2-1-brhlj,1,6
1781601125,gsm-8,virtphy-86b4bdf559-ks45z,8,2
1781601128,gsm-8,msc-test-stub-5b875d749d-dxqzs,1,16
1781601128,gsm-8,osmo-bsc-594654bd47-5zskx,1,5
1781601128,gsm-8,osmo-bts-virtual-5f8b9b86fc-tvcxl,11,8
1781601128,gsm-8,osmo-hlr-546bdb8988-vb8bb,1,2
1781601128,gsm-8,osmo-mgw-8c8fc67d6-v9gr9,1,2
1781601128,gsm-8,osmo-mobile-7f88cc47b4-wjcqt,2,30
1781601128,gsm-8,osmo-stp-768687f494-shd7q,1,2
1781601128,gsm-8,ttcn3-tc-34-2-2-1-brhlj,1,6
1781601128,gsm-8,virtphy-86b4bdf559-ks45z,8,2
1781601130,gsm-8,msc-test-stub-5b875d749d-dxqzs,1,16
1781601130,gsm-8,osmo-bsc-594654bd47-5zskx,1,5
1781601130,gsm-8,osmo-bts-virtual-5f8b9b86fc-tvcxl,11,8
1781601130,gsm-8,osmo-hlr-546bdb8988-vb8bb,1,2
1781601130,gsm-8,osmo-mgw-8c8fc67d6-v9gr9,1,2
1781601130,gsm-8,osmo-mobile-7f88cc47b4-wjcqt,2,30
1781601130,gsm-8,osmo-stp-768687f494-shd7q,1,2
1781601130,gsm-8,ttcn3-tc-34-2-2-1-brhlj,1,6
1781601130,gsm-8,virtphy-86b4bdf559-ks45z,8,2
1781601132,gsm-8,msc-test-stub-5b875d749d-dxqzs,1,16
1781601132,gsm-8,osmo-bsc-594654bd47-5zskx,1,5
1781601132,gsm-8,osmo-bts-virtual-5f8b9b86fc-tvcxl,11,8
1781601132,gsm-8,osmo-hlr-546bdb8988-vb8bb,1,2
1781601132,gsm-8,osmo-mgw-8c8fc67d6-v9gr9,1,2
1781601132,gsm-8,osmo-mobile-7f88cc47b4-wjcqt,2,30
1781601132,gsm-8,osmo-stp-768687f494-shd7q,1,2
1781601132,gsm-8,ttcn3-tc-34-2-2-1-brhlj,1,6
1781601132,gsm-8,virtphy-86b4bdf559-ks45z,8,2
1781601134,gsm-8,msc-test-stub-5b875d749d-dxqzs,1,16
1781601134,gsm-8,osmo-bsc-594654bd47-5zskx,1,5
1781601134,gsm-8,osmo-bts-virtual-5f8b9b86fc-tvcxl,11,7
1781601134,gsm-8,osmo-hlr-546bdb8988-vb8bb,1,2
1781601134,gsm-8,osmo-mgw-8c8fc67d6-v9gr9,1,2
1781601134,gsm-8,osmo-mobile-7f88cc47b4-wjcqt,2,30
1781601134,gsm-8,osmo-stp-768687f494-shd7q,1,2
1781601134,gsm-8,ttcn3-tc-34-2-2-1-brhlj,1,6
1781601134,gsm-8,virtphy-86b4bdf559-ks45z,8,4
1781601136,gsm-8,msc-test-stub-5b875d749d-dxqzs,1,16
1781601136,gsm-8,osmo-bsc-594654bd47-5zskx,1,5
1781601136,gsm-8,osmo-bts-virtual-5f8b9b86fc-tvcxl,11,7
1781601136,gsm-8,osmo-hlr-546bdb8988-vb8bb,1,2
1781601136,gsm-8,osmo-mgw-8c8fc67d6-v9gr9,1,2
1781601136,gsm-8,osmo-mobile-7f88cc47b4-wjcqt,2,30
1781601136,gsm-8,osmo-stp-768687f494-shd7q,1,2
1781601136,gsm-8,ttcn3-tc-34-2-2-1-brhlj,1,6
1781601136,gsm-8,virtphy-86b4bdf559-ks45z,8,4
1781601138,gsm-8,msc-test-stub-5b875d749d-dxqzs,1,16
1781601138,gsm-8,osmo-bsc-594654bd47-5zskx,1,5
1781601138,gsm-8,osmo-bts-virtual-5f8b9b86fc-tvcxl,11,7
1781601138,gsm-8,osmo-hlr-546bdb8988-vb8bb,1,2
1781601138,gsm-8,osmo-mgw-8c8fc67d6-v9gr9,1,2
1781601138,gsm-8,osmo-mobile-7f88cc47b4-wjcqt,2,30
1781601138,gsm-8,osmo-stp-768687f494-shd7q,1,2
1781601138,gsm-8,ttcn3-tc-34-2-2-1-brhlj,1,6
1781601138,gsm-8,virtphy-86b4bdf559-ks45z,8,4
1781601141,gsm-8,msc-test-stub-5b875d749d-dxqzs,1,16
1781601141,gsm-8,osmo-bsc-594654bd47-5zskx,1,5
1781601141,gsm-8,osmo-bts-virtual-5f8b9b86fc-tvcxl,11,7
1781601141,gsm-8,osmo-hlr-546bdb8988-vb8bb,1,2
1781601141,gsm-8,osmo-mgw-8c8fc67d6-v9gr9,1,2
1781601141,gsm-8,osmo-mobile-7f88cc47b4-wjcqt,2,30
1781601141,gsm-8,osmo-stp-768687f494-shd7q,1,2
1781601141,gsm-8,ttcn3-tc-34-2-2-1-brhlj,1,6
1781601141,gsm-8,virtphy-86b4bdf559-ks45z,8,4
1781601143,gsm-8,msc-test-stub-5b875d749d-dxqzs,1,16
1781601143,gsm-8,osmo-bsc-594654bd47-5zskx,1,5
1781601143,gsm-8,osmo-bts-virtual-5f8b9b86fc-tvcxl,11,7
1781601143,gsm-8,osmo-hlr-546bdb8988-vb8bb,1,2
1781601143,gsm-8,osmo-mgw-8c8fc67d6-v9gr9,1,2
1781601143,gsm-8,osmo-mobile-7f88cc47b4-wjcqt,2,30
1781601143,gsm-8,osmo-stp-768687f494-shd7q,1,2
1781601143,gsm-8,ttcn3-tc-34-2-2-1-brhlj,1,6
1781601143,gsm-8,virtphy-86b4bdf559-ks45z,8,4
1781601145,gsm-8,msc-test-stub-5b875d749d-dxqzs,1,16
1781601145,gsm-8,osmo-bsc-594654bd47-5zskx,1,5
1781601145,gsm-8,osmo-bts-virtual-5f8b9b86fc-tvcxl,11,7
1781601145,gsm-8,osmo-hlr-546bdb8988-vb8bb,1,2
1781601145,gsm-8,osmo-mgw-8c8fc67d6-v9gr9,1,2
1781601145,gsm-8,osmo-mobile-7f88cc47b4-wjcqt,2,30
1781601145,gsm-8,osmo-stp-768687f494-shd7q,1,2
1781601145,gsm-8,ttcn3-tc-34-2-2-1-brhlj,1,6
1781601145,gsm-8,virtphy-86b4bdf559-ks45z,8,4
1781601147,gsm-8,msc-test-stub-5b875d749d-dxqzs,1,16
1781601147,gsm-8,osmo-bsc-594654bd47-5zskx,1,5
1781601147,gsm-8,osmo-bts-virtual-5f8b9b86fc-tvcxl,11,9
1781601147,gsm-8,osmo-hlr-546bdb8988-vb8bb,1,2
1781601147,gsm-8,osmo-mgw-8c8fc67d6-v9gr9,1,2
1781601147,gsm-8,osmo-mobile-7f88cc47b4-wjcqt,3,28
1781601147,gsm-8,osmo-stp-768687f494-shd7q,1,2
1781601147,gsm-8,ttcn3-tc-34-2-2-1-brhlj,1,6
1781601147,gsm-8,virtphy-86b4bdf559-ks45z,9,4
1781601149,gsm-8,msc-test-stub-5b875d749d-dxqzs,1,16
1781601149,gsm-8,osmo-bsc-594654bd47-5zskx,1,5
1781601149,gsm-8,osmo-bts-virtual-5f8b9b86fc-tvcxl,11,9
1781601149,gsm-8,osmo-hlr-546bdb8988-vb8bb,1,2
1781601149,gsm-8,osmo-mgw-8c8fc67d6-v9gr9,1,2
1781601149,gsm-8,osmo-mobile-7f88cc47b4-wjcqt,3,28
1781601149,gsm-8,osmo-stp-768687f494-shd7q,1,2
1781601149,gsm-8,ttcn3-tc-34-2-2-1-brhlj,1,6
1781601149,gsm-8,virtphy-86b4bdf559-ks45z,9,4
1781601151,gsm-8,msc-test-stub-5b875d749d-dxqzs,1,16
1781601151,gsm-8,osmo-bsc-594654bd47-5zskx,1,5
1781601151,gsm-8,osmo-bts-virtual-5f8b9b86fc-tvcxl,11,9
1781601151,gsm-8,osmo-hlr-546bdb8988-vb8bb,1,2
1781601151,gsm-8,osmo-mgw-8c8fc67d6-v9gr9,1,2
1781601151,gsm-8,osmo-mobile-7f88cc47b4-wjcqt,3,28
1781601151,gsm-8,osmo-stp-768687f494-shd7q,1,2
1781601151,gsm-8,ttcn3-tc-34-2-2-1-brhlj,1,6
1781601151,gsm-8,virtphy-86b4bdf559-ks45z,9,4
1781601153,gsm-8,msc-test-stub-5b875d749d-dxqzs,1,16
1781601153,gsm-8,osmo-bsc-594654bd47-5zskx,1,5
1781601153,gsm-8,osmo-bts-virtual-5f8b9b86fc-tvcxl,11,9
1781601153,gsm-8,osmo-hlr-546bdb8988-vb8bb,1,2
1781601153,gsm-8,osmo-mgw-8c8fc67d6-v9gr9,1,2
1781601153,gsm-8,osmo-mobile-7f88cc47b4-wjcqt,3,28
1781601153,gsm-8,osmo-stp-768687f494-shd7q,1,2
1781601153,gsm-8,ttcn3-tc-34-2-2-1-brhlj,1,6
1781601153,gsm-8,virtphy-86b4bdf559-ks45z,9,4
1781601156,gsm-8,msc-test-stub-5b875d749d-dxqzs,1,16
1781601156,gsm-8,osmo-bsc-594654bd47-5zskx,1,5
1781601156,gsm-8,osmo-bts-virtual-5f8b9b86fc-tvcxl,11,9
1781601156,gsm-8,osmo-hlr-546bdb8988-vb8bb,1,2
1781601156,gsm-8,osmo-mgw-8c8fc67d6-v9gr9,1,2
1781601156,gsm-8,osmo-mobile-7f88cc47b4-wjcqt,3,28
1781601156,gsm-8,osmo-stp-768687f494-shd7q,1,2
1781601156,gsm-8,ttcn3-tc-34-2-2-1-brhlj,1,6
1781601156,gsm-8,virtphy-86b4bdf559-ks45z,9,4
1781601158,gsm-8,msc-test-stub-5b875d749d-dxqzs,1,16
1781601158,gsm-8,osmo-bsc-594654bd47-5zskx,1,5
1781601158,gsm-8,osmo-bts-virtual-5f8b9b86fc-tvcxl,11,9
1781601158,gsm-8,osmo-hlr-546bdb8988-vb8bb,1,2
1781601158,gsm-8,osmo-mgw-8c8fc67d6-v9gr9,1,2
1781601158,gsm-8,osmo-mobile-7f88cc47b4-wjcqt,3,28
1781601158,gsm-8,osmo-stp-768687f494-shd7q,1,2
1781601158,gsm-8,ttcn3-tc-34-2-2-1-brhlj,1,6
1781601158,gsm-8,virtphy-86b4bdf559-ks45z,9,4
1781601160,gsm-8,msc-test-stub-5b875d749d-dxqzs,1,16
1781601160,gsm-8,osmo-bsc-594654bd47-5zskx,1,5
1781601160,gsm-8,osmo-bts-virtual-5f8b9b86fc-tvcxl,11,9
1781601160,gsm-8,osmo-hlr-546bdb8988-vb8bb,1,2
1781601160,gsm-8,osmo-mgw-8c8fc67d6-v9gr9,1,2
1781601160,gsm-8,osmo-mobile-7f88cc47b4-wjcqt,3,28
1781601160,gsm-8,osmo-stp-768687f494-shd7q,1,2
1781601160,gsm-8,ttcn3-tc-34-2-2-1-brhlj,1,6
1781601160,gsm-8,virtphy-86b4bdf559-ks45z,9,4
1781601162,gsm-8,msc-test-stub-5b875d749d-dxqzs,1,16
1781601162,gsm-8,osmo-bsc-594654bd47-5zskx,1,5
1781601162,gsm-8,osmo-bts-virtual-5f8b9b86fc-tvcxl,11,9
1781601162,gsm-8,osmo-hlr-546bdb8988-vb8bb,1,2
1781601162,gsm-8,osmo-mgw-8c8fc67d6-v9gr9,1,2
1781601162,gsm-8,osmo-mobile-7f88cc47b4-wjcqt,3,28
1781601162,gsm-8,osmo-stp-768687f494-shd7q,1,2
1781601162,gsm-8,ttcn3-tc-34-2-2-1-brhlj,1,6
1781601162,gsm-8,virtphy-86b4bdf559-ks45z,9,4
1781601164,gsm-8,msc-test-stub-5b875d749d-dxqzs,1,16
1781601164,gsm-8,osmo-bsc-594654bd47-5zskx,1,5
1781601164,gsm-8,osmo-bts-virtual-5f8b9b86fc-tvcxl,11,9
1781601164,gsm-8,osmo-hlr-546bdb8988-vb8bb,1,2
1781601164,gsm-8,osmo-mgw-8c8fc67d6-v9gr9,1,2
1781601164,gsm-8,osmo-mobile-7f88cc47b4-wjcqt,3,28
1781601164,gsm-8,osmo-stp-768687f494-shd7q,1,2
1781601164,gsm-8,ttcn3-tc-34-2-2-1-brhlj,1,6
1781601164,gsm-8,virtphy-86b4bdf559-ks45z,9,1
1781601166,gsm-8,msc-test-stub-5b875d749d-dxqzs,1,16
1781601166,gsm-8,osmo-bsc-594654bd47-5zskx,1,5
1781601166,gsm-8,osmo-bts-virtual-5f8b9b86fc-tvcxl,11,9
1781601166,gsm-8,osmo-hlr-546bdb8988-vb8bb,1,2
1781601166,gsm-8,osmo-mgw-8c8fc67d6-v9gr9,1,2
1781601166,gsm-8,osmo-mobile-7f88cc47b4-wjcqt,3,28
1781601166,gsm-8,osmo-stp-768687f494-shd7q,1,2
1781601166,gsm-8,ttcn3-tc-34-2-2-1-brhlj,1,6
1781601166,gsm-8,virtphy-86b4bdf559-ks45z,9,1
1781601168,gsm-8,msc-test-stub-5b875d749d-dxqzs,1,16
1781601168,gsm-8,osmo-bsc-594654bd47-5zskx,1,5
1781601168,gsm-8,osmo-bts-virtual-5f8b9b86fc-tvcxl,11,9
1781601168,gsm-8,osmo-hlr-546bdb8988-vb8bb,1,2
1781601168,gsm-8,osmo-mgw-8c8fc67d6-v9gr9,1,2
1781601168,gsm-8,osmo-mobile-7f88cc47b4-wjcqt,3,28
1781601168,gsm-8,osmo-stp-768687f494-shd7q,1,2
1781601168,gsm-8,ttcn3-tc-34-2-2-1-brhlj,1,6
1781601168,gsm-8,virtphy-86b4bdf559-ks45z,9,1
1781601171,gsm-8,msc-test-stub-5b875d749d-dxqzs,1,16
1781601171,gsm-8,osmo-bsc-594654bd47-5zskx,1,5
1781601171,gsm-8,osmo-bts-virtual-5f8b9b86fc-tvcxl,11,9
1781601171,gsm-8,osmo-hlr-546bdb8988-vb8bb,1,2
1781601171,gsm-8,osmo-mgw-8c8fc67d6-v9gr9,1,2
1781601171,gsm-8,osmo-mobile-7f88cc47b4-wjcqt,3,28
1781601171,gsm-8,osmo-stp-768687f494-shd7q,1,2
1781601171,gsm-8,ttcn3-tc-34-2-2-1-brhlj,1,6
1781601171,gsm-8,virtphy-86b4bdf559-ks45z,9,1
1781601174,gsm-8,msc-test-stub-5b875d749d-dxqzs,1,16
1781601174,gsm-8,osmo-bsc-594654bd47-5zskx,1,5
1781601174,gsm-8,osmo-bts-virtual-5f8b9b86fc-tvcxl,11,9
1781601174,gsm-8,osmo-hlr-546bdb8988-vb8bb,1,2
1781601174,gsm-8,osmo-mgw-8c8fc67d6-v9gr9,1,2
1781601174,gsm-8,osmo-mobile-7f88cc47b4-wjcqt,3,28
1781601174,gsm-8,osmo-stp-768687f494-shd7q,1,2
1781601174,gsm-8,ttcn3-tc-34-2-2-1-brhlj,1,6
1781601174,gsm-8,virtphy-86b4bdf559-ks45z,9,1
1781601176,gsm-8,msc-test-stub-5b875d749d-dxqzs,1,16
1781601176,gsm-8,osmo-bsc-594654bd47-5zskx,1,5
1781601176,gsm-8,osmo-bts-virtual-5f8b9b86fc-tvcxl,11,9
1781601176,gsm-8,osmo-hlr-546bdb8988-vb8bb,1,2
1781601176,gsm-8,osmo-mgw-8c8fc67d6-v9gr9,1,2
1781601176,gsm-8,osmo-mobile-7f88cc47b4-wjcqt,3,28
1781601176,gsm-8,osmo-stp-768687f494-shd7q,1,2
1781601176,gsm-8,ttcn3-tc-34-2-2-1-brhlj,1,6
1781601176,gsm-8,virtphy-86b4bdf559-ks45z,9,1
1781601178,gsm-8,msc-test-stub-5b875d749d-dxqzs,1,16
1781601178,gsm-8,osmo-bsc-594654bd47-5zskx,1,5
1781601178,gsm-8,osmo-bts-virtual-5f8b9b86fc-tvcxl,10,9
1781601178,gsm-8,osmo-hlr-546bdb8988-vb8bb,1,2
1781601178,gsm-8,osmo-mgw-8c8fc67d6-v9gr9,1,2
1781601178,gsm-8,osmo-mobile-7f88cc47b4-wjcqt,3,29
1781601178,gsm-8,osmo-stp-768687f494-shd7q,1,2
1781601178,gsm-8,ttcn3-tc-34-2-2-1-brhlj,1,6
1781601178,gsm-8,virtphy-86b4bdf559-ks45z,9,2
1781601181,gsm-8,msc-test-stub-5b875d749d-dxqzs,1,16
1781601181,gsm-8,osmo-bsc-594654bd47-5zskx,1,5
1781601181,gsm-8,osmo-bts-virtual-5f8b9b86fc-tvcxl,10,9
1781601181,gsm-8,osmo-hlr-546bdb8988-vb8bb,1,2
1781601181,gsm-8,osmo-mgw-8c8fc67d6-v9gr9,1,2
1781601181,gsm-8,osmo-mobile-7f88cc47b4-wjcqt,3,29
1781601181,gsm-8,osmo-stp-768687f494-shd7q,1,2
1781601181,gsm-8,ttcn3-tc-34-2-2-1-brhlj,1,6
1781601181,gsm-8,virtphy-86b4bdf559-ks45z,9,2
1781601184,gsm-8,msc-test-stub-5b875d749d-dxqzs,1,16
1781601184,gsm-8,osmo-bsc-594654bd47-5zskx,1,5
1781601184,gsm-8,osmo-bts-virtual-5f8b9b86fc-tvcxl,10,9
1781601184,gsm-8,osmo-hlr-546bdb8988-vb8bb,1,2
1781601184,gsm-8,osmo-mgw-8c8fc67d6-v9gr9,1,2
1781601184,gsm-8,osmo-mobile-7f88cc47b4-wjcqt,3,29
1781601184,gsm-8,osmo-stp-768687f494-shd7q,1,2
1781601184,gsm-8,ttcn3-tc-34-2-2-1-brhlj,1,6
1781601184,gsm-8,virtphy-86b4bdf559-ks45z,9,2
1781601186,gsm-8,msc-test-stub-5b875d749d-dxqzs,1,16
1781601186,gsm-8,osmo-bsc-594654bd47-5zskx,1,5
1781601186,gsm-8,osmo-bts-virtual-5f8b9b86fc-tvcxl,10,9
1781601186,gsm-8,osmo-hlr-546bdb8988-vb8bb,1,2
1781601186,gsm-8,osmo-mgw-8c8fc67d6-v9gr9,1,2
1781601186,gsm-8,osmo-mobile-7f88cc47b4-wjcqt,3,29
1781601186,gsm-8,osmo-stp-768687f494-shd7q,1,2
1781601186,gsm-8,ttcn3-tc-34-2-2-1-brhlj,1,6
1781601186,gsm-8,virtphy-86b4bdf559-ks45z,9,2
1781601188,gsm-8,msc-test-stub-5b875d749d-dxqzs,1,16
1781601188,gsm-8,osmo-bsc-594654bd47-5zskx,1,5
1781601188,gsm-8,osmo-bts-virtual-5f8b9b86fc-tvcxl,10,9
1781601188,gsm-8,osmo-hlr-546bdb8988-vb8bb,1,2
1781601188,gsm-8,osmo-mgw-8c8fc67d6-v9gr9,1,2
1781601188,gsm-8,osmo-mobile-7f88cc47b4-wjcqt,3,29
1781601188,gsm-8,osmo-stp-768687f494-shd7q,1,2
1781601188,gsm-8,ttcn3-tc-34-2-2-1-brhlj,1,6
1781601188,gsm-8,virtphy-86b4bdf559-ks45z,9,2
1781601190,gsm-8,msc-test-stub-5b875d749d-dxqzs,1,16
1781601190,gsm-8,osmo-bsc-594654bd47-5zskx,1,5
1781601190,gsm-8,osmo-bts-virtual-5f8b9b86fc-tvcxl,10,9
1781601190,gsm-8,osmo-hlr-546bdb8988-vb8bb,1,2
1781601190,gsm-8,osmo-mgw-8c8fc67d6-v9gr9,1,2
1781601190,gsm-8,osmo-mobile-7f88cc47b4-wjcqt,3,29
1781601190,gsm-8,osmo-stp-768687f494-shd7q,1,2
1781601190,gsm-8,ttcn3-tc-34-2-2-1-brhlj,1,6
1781601190,gsm-8,virtphy-86b4bdf559-ks45z,9,2
1781601192,gsm-8,msc-test-stub-5b875d749d-dxqzs,1,16
1781601192,gsm-8,osmo-bsc-594654bd47-5zskx,1,5
1781601192,gsm-8,osmo-bts-virtual-5f8b9b86fc-tvcxl,10,9
1781601192,gsm-8,osmo-hlr-546bdb8988-vb8bb,1,2
1781601192,gsm-8,osmo-mgw-8c8fc67d6-v9gr9,1,2
1781601192,gsm-8,osmo-mobile-7f88cc47b4-wjcqt,3,29
1781601192,gsm-8,osmo-stp-768687f494-shd7q,1,2
1781601192,gsm-8,ttcn3-tc-34-2-2-1-brhlj,1,6
1781601192,gsm-8,virtphy-86b4bdf559-ks45z,9,2
1781601194,gsm-8,msc-test-stub-5b875d749d-dxqzs,1,16
1781601194,gsm-8,osmo-bsc-594654bd47-5zskx,1,5
1781601194,gsm-8,osmo-bts-virtual-5f8b9b86fc-tvcxl,11,9
1781601194,gsm-8,osmo-hlr-546bdb8988-vb8bb,1,2
1781601194,gsm-8,osmo-mgw-8c8fc67d6-v9gr9,1,2
1781601194,gsm-8,osmo-mobile-7f88cc47b4-wjcqt,2,29
1781601194,gsm-8,osmo-stp-768687f494-shd7q,1,2
1781601194,gsm-8,ttcn3-tc-34-2-2-1-brhlj,1,6
1781601194,gsm-8,virtphy-86b4bdf559-ks45z,10,3
1781601196,gsm-8,msc-test-stub-5b875d749d-dxqzs,1,16
1781601196,gsm-8,osmo-bsc-594654bd47-5zskx,1,5
1781601196,gsm-8,osmo-bts-virtual-5f8b9b86fc-tvcxl,11,9
1781601196,gsm-8,osmo-hlr-546bdb8988-vb8bb,1,2
1781601196,gsm-8,osmo-mgw-8c8fc67d6-v9gr9,1,2
1781601196,gsm-8,osmo-mobile-7f88cc47b4-wjcqt,2,29
1781601196,gsm-8,osmo-stp-768687f494-shd7q,1,2
1781601196,gsm-8,ttcn3-tc-34-2-2-1-brhlj,1,6
1781601196,gsm-8,virtphy-86b4bdf559-ks45z,10,3
1781601198,gsm-8,msc-test-stub-5b875d749d-dxqzs,1,16
1781601198,gsm-8,osmo-bsc-594654bd47-5zskx,1,5
1781601198,gsm-8,osmo-bts-virtual-5f8b9b86fc-tvcxl,11,9
1781601198,gsm-8,osmo-hlr-546bdb8988-vb8bb,1,2
1781601198,gsm-8,osmo-mgw-8c8fc67d6-v9gr9,1,2
1781601198,gsm-8,osmo-mobile-7f88cc47b4-wjcqt,2,29
1781601198,gsm-8,osmo-stp-768687f494-shd7q,1,2
1781601198,gsm-8,ttcn3-tc-34-2-2-1-brhlj,1,6
1781601198,gsm-8,virtphy-86b4bdf559-ks45z,10,3
1781601201,gsm-8,msc-test-stub-5b875d749d-dxqzs,1,16
1781601201,gsm-8,osmo-bsc-594654bd47-5zskx,1,5
1781601201,gsm-8,osmo-bts-virtual-5f8b9b86fc-tvcxl,11,9
1781601201,gsm-8,osmo-hlr-546bdb8988-vb8bb,1,2
1781601201,gsm-8,osmo-mgw-8c8fc67d6-v9gr9,1,2
1781601201,gsm-8,osmo-mobile-7f88cc47b4-wjcqt,2,29
1781601201,gsm-8,osmo-stp-768687f494-shd7q,1,2
1781601201,gsm-8,ttcn3-tc-34-2-2-1-brhlj,1,6
1781601201,gsm-8,virtphy-86b4bdf559-ks45z,10,3
1781601203,gsm-8,msc-test-stub-5b875d749d-dxqzs,1,16
1781601203,gsm-8,osmo-bsc-594654bd47-5zskx,1,5
1781601203,gsm-8,osmo-bts-virtual-5f8b9b86fc-tvcxl,11,9
1781601203,gsm-8,osmo-hlr-546bdb8988-vb8bb,1,2
1781601203,gsm-8,osmo-mgw-8c8fc67d6-v9gr9,1,2
1781601203,gsm-8,osmo-mobile-7f88cc47b4-wjcqt,2,29
1781601203,gsm-8,osmo-stp-768687f494-shd7q,1,2
1781601203,gsm-8,ttcn3-tc-34-2-2-1-brhlj,1,6
1781601203,gsm-8,virtphy-86b4bdf559-ks45z,10,3
1781601205,gsm-8,msc-test-stub-5b875d749d-dxqzs,1,16
1781601205,gsm-8,osmo-bsc-594654bd47-5zskx,1,5
1781601205,gsm-8,osmo-bts-virtual-5f8b9b86fc-tvcxl,11,9
1781601205,gsm-8,osmo-hlr-546bdb8988-vb8bb,1,2
1781601205,gsm-8,osmo-mgw-8c8fc67d6-v9gr9,1,2
1781601205,gsm-8,osmo-mobile-7f88cc47b4-wjcqt,2,29
1781601205,gsm-8,osmo-stp-768687f494-shd7q,1,2
1781601205,gsm-8,ttcn3-tc-34-2-2-1-brhlj,1,6
1781601205,gsm-8,virtphy-86b4bdf559-ks45z,10,3
1781601207,gsm-8,msc-test-stub-5b875d749d-dxqzs,1,16
1781601207,gsm-8,osmo-bsc-594654bd47-5zskx,1,5
1781601207,gsm-8,osmo-bts-virtual-5f8b9b86fc-tvcxl,11,9
1781601207,gsm-8,osmo-hlr-546bdb8988-vb8bb,1,2
1781601207,gsm-8,osmo-mgw-8c8fc67d6-v9gr9,1,2
1781601207,gsm-8,osmo-mobile-7f88cc47b4-wjcqt,2,29
1781601207,gsm-8,osmo-stp-768687f494-shd7q,1,2
1781601207,gsm-8,ttcn3-tc-34-2-2-1-brhlj,1,6
1781601207,gsm-8,virtphy-86b4bdf559-ks45z,10,3
1781601209,gsm-8,msc-test-stub-5b875d749d-dxqzs,1,16
1781601209,gsm-8,osmo-bsc-594654bd47-5zskx,1,5
1781601209,gsm-8,osmo-bts-virtual-5f8b9b86fc-tvcxl,11,9
1781601209,gsm-8,osmo-hlr-546bdb8988-vb8bb,1,2
1781601209,gsm-8,osmo-mgw-8c8fc67d6-v9gr9,1,2
1781601209,gsm-8,osmo-mobile-7f88cc47b4-wjcqt,2,29
1781601209,gsm-8,osmo-stp-768687f494-shd7q,1,2
1781601209,gsm-8,ttcn3-tc-34-2-2-1-brhlj,1,6
1781601209,gsm-8,virtphy-86b4bdf559-ks45z,9,2
1781601211,gsm-8,msc-test-stub-5b875d749d-dxqzs,1,16
1781601211,gsm-8,osmo-bsc-594654bd47-5zskx,1,5
1781601211,gsm-8,osmo-bts-virtual-5f8b9b86fc-tvcxl,11,9
1781601211,gsm-8,osmo-hlr-546bdb8988-vb8bb,1,2
1781601211,gsm-8,osmo-mgw-8c8fc67d6-v9gr9,1,2
1781601211,gsm-8,osmo-mobile-7f88cc47b4-wjcqt,2,29
1781601211,gsm-8,osmo-stp-768687f494-shd7q,1,2
1781601211,gsm-8,ttcn3-tc-34-2-2-1-brhlj,1,6
1781601211,gsm-8,virtphy-86b4bdf559-ks45z,9,2
1781601213,gsm-8,msc-test-stub-5b875d749d-dxqzs,1,16
1781601213,gsm-8,osmo-bsc-594654bd47-5zskx,1,5
1781601213,gsm-8,osmo-bts-virtual-5f8b9b86fc-tvcxl,11,9
1781601213,gsm-8,osmo-hlr-546bdb8988-vb8bb,1,2
1781601213,gsm-8,osmo-mgw-8c8fc67d6-v9gr9,1,2
1781601213,gsm-8,osmo-mobile-7f88cc47b4-wjcqt,2,29
1781601213,gsm-8,osmo-stp-768687f494-shd7q,1,2
1781601213,gsm-8,ttcn3-tc-34-2-2-1-brhlj,1,6
1781601213,gsm-8,virtphy-86b4bdf559-ks45z,9,2
1781601215,gsm-8,msc-test-stub-5b875d749d-dxqzs,1,16
1781601215,gsm-8,osmo-bsc-594654bd47-5zskx,1,5
1781601215,gsm-8,osmo-bts-virtual-5f8b9b86fc-tvcxl,11,9
1781601215,gsm-8,osmo-hlr-546bdb8988-vb8bb,1,2
1781601215,gsm-8,osmo-mgw-8c8fc67d6-v9gr9,1,2
1781601215,gsm-8,osmo-mobile-7f88cc47b4-wjcqt,2,29
1781601215,gsm-8,osmo-stp-768687f494-shd7q,1,2
1781601215,gsm-8,ttcn3-tc-34-2-2-1-brhlj,1,6
1781601215,gsm-8,virtphy-86b4bdf559-ks45z,9,2
1781601217,gsm-8,msc-test-stub-5b875d749d-dxqzs,1,16
1781601217,gsm-8,osmo-bsc-594654bd47-5zskx,1,5
1781601217,gsm-8,osmo-bts-virtual-5f8b9b86fc-tvcxl,11,9
1781601217,gsm-8,osmo-hlr-546bdb8988-vb8bb,1,2
1781601217,gsm-8,osmo-mgw-8c8fc67d6-v9gr9,1,2
1781601217,gsm-8,osmo-mobile-7f88cc47b4-wjcqt,2,29
1781601217,gsm-8,osmo-stp-768687f494-shd7q,1,2
1781601217,gsm-8,ttcn3-tc-34-2-2-1-brhlj,1,6
1781601217,gsm-8,virtphy-86b4bdf559-ks45z,9,2
1781601220,gsm-8,msc-test-stub-5b875d749d-dxqzs,1,16
1781601220,gsm-8,osmo-bsc-594654bd47-5zskx,1,5
1781601220,gsm-8,osmo-bts-virtual-5f8b9b86fc-tvcxl,11,9
1781601220,gsm-8,osmo-hlr-546bdb8988-vb8bb,1,2
1781601220,gsm-8,osmo-mgw-8c8fc67d6-v9gr9,1,2
1781601220,gsm-8,osmo-mobile-7f88cc47b4-wjcqt,2,29
1781601220,gsm-8,osmo-stp-768687f494-shd7q,1,2
1781601220,gsm-8,ttcn3-tc-34-2-2-1-brhlj,1,6
1781601220,gsm-8,virtphy-86b4bdf559-ks45z,9,2
1781601222,gsm-8,msc-test-stub-5b875d749d-dxqzs,1,16
1781601222,gsm-8,osmo-bsc-594654bd47-5zskx,1,5
1781601222,gsm-8,osmo-bts-virtual-5f8b9b86fc-tvcxl,11,9
1781601222,gsm-8,osmo-hlr-546bdb8988-vb8bb,1,2
1781601222,gsm-8,osmo-mgw-8c8fc67d6-v9gr9,1,2
1781601222,gsm-8,osmo-mobile-7f88cc47b4-wjcqt,2,29
1781601222,gsm-8,osmo-stp-768687f494-shd7q,1,2
1781601222,gsm-8,ttcn3-tc-34-2-2-1-brhlj,1,6
1781601222,gsm-8,virtphy-86b4bdf559-ks45z,9,2
1781601224,gsm-8,msc-test-stub-5b875d749d-dxqzs,1,16
1781601224,gsm-8,osmo-bsc-594654bd47-5zskx,1,5
1781601224,gsm-8,osmo-bts-virtual-5f8b9b86fc-tvcxl,10,9
1781601224,gsm-8,osmo-hlr-546bdb8988-vb8bb,1,2
1781601224,gsm-8,osmo-mgw-8c8fc67d6-v9gr9,1,2
1781601224,gsm-8,osmo-mobile-7f88cc47b4-wjcqt,3,29
1781601224,gsm-8,osmo-stp-768687f494-shd7q,1,2
1781601224,gsm-8,ttcn3-tc-34-2-2-1-brhlj,1,6
1781601224,gsm-8,virtphy-86b4bdf559-ks45z,9,4
1781601226,gsm-8,msc-test-stub-5b875d749d-dxqzs,1,16
1781601226,gsm-8,osmo-bsc-594654bd47-5zskx,1,5
1781601226,gsm-8,osmo-bts-virtual-5f8b9b86fc-tvcxl,10,9
1781601226,gsm-8,osmo-hlr-546bdb8988-vb8bb,1,2
1781601226,gsm-8,osmo-mgw-8c8fc67d6-v9gr9,1,2
1781601226,gsm-8,osmo-mobile-7f88cc47b4-wjcqt,3,29
1781601226,gsm-8,osmo-stp-768687f494-shd7q,1,2
1781601226,gsm-8,ttcn3-tc-34-2-2-1-brhlj,1,6
1781601226,gsm-8,virtphy-86b4bdf559-ks45z,9,4
1781601228,gsm-8,msc-test-stub-5b875d749d-dxqzs,1,16
1781601228,gsm-8,osmo-bsc-594654bd47-5zskx,1,5
1781601228,gsm-8,osmo-bts-virtual-5f8b9b86fc-tvcxl,10,9
1781601228,gsm-8,osmo-hlr-546bdb8988-vb8bb,1,2
1781601228,gsm-8,osmo-mgw-8c8fc67d6-v9gr9,1,2
1781601228,gsm-8,osmo-mobile-7f88cc47b4-wjcqt,3,29
1781601228,gsm-8,osmo-stp-768687f494-shd7q,1,2
1781601228,gsm-8,ttcn3-tc-34-2-2-1-brhlj,1,6
1781601228,gsm-8,virtphy-86b4bdf559-ks45z,9,4
1781601231,gsm-8,msc-test-stub-5b875d749d-dxqzs,1,16
1781601231,gsm-8,osmo-bsc-594654bd47-5zskx,1,5
1781601231,gsm-8,osmo-bts-virtual-5f8b9b86fc-tvcxl,10,9
1781601231,gsm-8,osmo-hlr-546bdb8988-vb8bb,1,2
1781601231,gsm-8,osmo-mgw-8c8fc67d6-v9gr9,1,2
1781601231,gsm-8,osmo-mobile-7f88cc47b4-wjcqt,3,29
1781601231,gsm-8,osmo-stp-768687f494-shd7q,1,2
1781601231,gsm-8,ttcn3-tc-34-2-2-1-brhlj,1,6
1781601231,gsm-8,virtphy-86b4bdf559-ks45z,9,4
1781601233,gsm-8,msc-test-stub-5b875d749d-dxqzs,1,16
1781601233,gsm-8,osmo-bsc-594654bd47-5zskx,1,5
1781601233,gsm-8,osmo-bts-virtual-5f8b9b86fc-tvcxl,10,9
1781601233,gsm-8,osmo-hlr-546bdb8988-vb8bb,1,2
1781601233,gsm-8,osmo-mgw-8c8fc67d6-v9gr9,1,2
1781601233,gsm-8,osmo-mobile-7f88cc47b4-wjcqt,3,29
1781601233,gsm-8,osmo-stp-768687f494-shd7q,1,2
1781601233,gsm-8,ttcn3-tc-34-2-2-1-brhlj,1,6
1781601233,gsm-8,virtphy-86b4bdf559-ks45z,9,4
1781601235,gsm-8,msc-test-stub-5b875d749d-dxqzs,1,16
1781601235,gsm-8,osmo-bsc-594654bd47-5zskx,1,5
1781601235,gsm-8,osmo-bts-virtual-5f8b9b86fc-tvcxl,10,9
1781601235,gsm-8,osmo-hlr-546bdb8988-vb8bb,1,2
1781601235,gsm-8,osmo-mgw-8c8fc67d6-v9gr9,1,2
1781601235,gsm-8,osmo-mobile-7f88cc47b4-wjcqt,3,29
1781601235,gsm-8,osmo-stp-768687f494-shd7q,1,2
1781601235,gsm-8,ttcn3-tc-34-2-2-1-brhlj,1,6
1781601235,gsm-8,virtphy-86b4bdf559-ks45z,9,4
1781601237,gsm-8,msc-test-stub-5b875d749d-dxqzs,1,16
1781601237,gsm-8,osmo-bsc-594654bd47-5zskx,1,5
1781601237,gsm-8,osmo-bts-virtual-5f8b9b86fc-tvcxl,11,7
1781601237,gsm-8,osmo-hlr-546bdb8988-vb8bb,1,2
1781601237,gsm-8,osmo-mgw-8c8fc67d6-v9gr9,1,2
1781601237,gsm-8,osmo-mobile-7f88cc47b4-wjcqt,3,29
1781601237,gsm-8,osmo-stp-768687f494-shd7q,1,2
1781601237,gsm-8,ttcn3-tc-34-2-2-1-brhlj,1,6
1781601237,gsm-8,virtphy-86b4bdf559-ks45z,10,4
1781601239,gsm-8,msc-test-stub-5b875d749d-dxqzs,1,16
1781601239,gsm-8,osmo-bsc-594654bd47-5zskx,1,5
1781601239,gsm-8,osmo-bts-virtual-5f8b9b86fc-tvcxl,11,7
1781601239,gsm-8,osmo-hlr-546bdb8988-vb8bb,1,2
1781601239,gsm-8,osmo-mgw-8c8fc67d6-v9gr9,1,2
1781601239,gsm-8,osmo-mobile-7f88cc47b4-wjcqt,3,29
1781601239,gsm-8,osmo-stp-768687f494-shd7q,1,2
1781601239,gsm-8,ttcn3-tc-34-2-2-1-brhlj,1,6
1781601239,gsm-8,virtphy-86b4bdf559-ks45z,10,4
1781601241,gsm-8,msc-test-stub-5b875d749d-dxqzs,1,16
1781601241,gsm-8,osmo-bsc-594654bd47-5zskx,1,5
1781601241,gsm-8,osmo-bts-virtual-5f8b9b86fc-tvcxl,11,7
1781601241,gsm-8,osmo-hlr-546bdb8988-vb8bb,1,2
1781601241,gsm-8,osmo-mgw-8c8fc67d6-v9gr9,1,2
1781601241,gsm-8,osmo-mobile-7f88cc47b4-wjcqt,3,29
1781601241,gsm-8,osmo-stp-768687f494-shd7q,1,2
1781601241,gsm-8,ttcn3-tc-34-2-2-1-brhlj,1,6
1781601241,gsm-8,virtphy-86b4bdf559-ks45z,10,4
1781601244,gsm-8,msc-test-stub-5b875d749d-dxqzs,1,16
1781601244,gsm-8,osmo-bsc-594654bd47-5zskx,1,5
1781601244,gsm-8,osmo-bts-virtual-5f8b9b86fc-tvcxl,11,7
1781601244,gsm-8,osmo-hlr-546bdb8988-vb8bb,1,2
1781601244,gsm-8,osmo-mgw-8c8fc67d6-v9gr9,1,2
1781601244,gsm-8,osmo-mobile-7f88cc47b4-wjcqt,3,29
1781601244,gsm-8,osmo-stp-768687f494-shd7q,1,2
1781601244,gsm-8,ttcn3-tc-34-2-2-1-brhlj,1,6
1781601244,gsm-8,virtphy-86b4bdf559-ks45z,10,4
1781601246,gsm-8,msc-test-stub-5b875d749d-dxqzs,1,16
1781601246,gsm-8,osmo-bsc-594654bd47-5zskx,1,5
1781601246,gsm-8,osmo-bts-virtual-5f8b9b86fc-tvcxl,11,7
1781601246,gsm-8,osmo-hlr-546bdb8988-vb8bb,1,2
1781601246,gsm-8,osmo-mgw-8c8fc67d6-v9gr9,1,2
1781601246,gsm-8,osmo-mobile-7f88cc47b4-wjcqt,3,29
1781601246,gsm-8,osmo-stp-768687f494-shd7q,1,2
1781601246,gsm-8,ttcn3-tc-34-2-2-1-brhlj,1,6
1781601246,gsm-8,virtphy-86b4bdf559-ks45z,10,4
1781601248,gsm-8,msc-test-stub-5b875d749d-dxqzs,1,16
1781601248,gsm-8,osmo-bsc-594654bd47-5zskx,1,5
1781601248,gsm-8,osmo-bts-virtual-5f8b9b86fc-tvcxl,11,7
1781601248,gsm-8,osmo-hlr-546bdb8988-vb8bb,1,2
1781601248,gsm-8,osmo-mgw-8c8fc67d6-v9gr9,1,2
1781601248,gsm-8,osmo-mobile-7f88cc47b4-wjcqt,3,29
1781601248,gsm-8,osmo-stp-768687f494-shd7q,1,2
1781601248,gsm-8,ttcn3-tc-34-2-2-1-brhlj,1,6
1781601248,gsm-8,virtphy-86b4bdf559-ks45z,10,4
1781601250,gsm-8,msc-test-stub-5b875d749d-dxqzs,1,16
1781601250,gsm-8,osmo-bsc-594654bd47-5zskx,1,5
1781601250,gsm-8,osmo-bts-virtual-5f8b9b86fc-tvcxl,11,7
1781601250,gsm-8,osmo-hlr-546bdb8988-vb8bb,1,2
1781601250,gsm-8,osmo-mgw-8c8fc67d6-v9gr9,1,2
1781601250,gsm-8,osmo-mobile-7f88cc47b4-wjcqt,3,29
1781601250,gsm-8,osmo-stp-768687f494-shd7q,1,2
1781601250,gsm-8,ttcn3-tc-34-2-2-1-brhlj,1,6
1781601250,gsm-8,virtphy-86b4bdf559-ks45z,10,4
1781601252,gsm-8,msc-test-stub-5b875d749d-dxqzs,1,16
1781601252,gsm-8,osmo-bsc-594654bd47-5zskx,1,5
1781601252,gsm-8,osmo-bts-virtual-5f8b9b86fc-tvcxl,11,7
1781601252,gsm-8,osmo-hlr-546bdb8988-vb8bb,1,2
1781601252,gsm-8,osmo-mgw-8c8fc67d6-v9gr9,1,2
1781601252,gsm-8,osmo-mobile-7f88cc47b4-wjcqt,3,29
1781601252,gsm-8,osmo-stp-768687f494-shd7q,1,2
1781601252,gsm-8,ttcn3-tc-34-2-2-1-brhlj,1,6
1781601252,gsm-8,virtphy-86b4bdf559-ks45z,10,4
1781601254,gsm-8,msc-test-stub-5b875d749d-dxqzs,1,16
1781601254,gsm-8,osmo-bsc-594654bd47-5zskx,1,5
1781601254,gsm-8,osmo-bts-virtual-5f8b9b86fc-tvcxl,10,7
1781601254,gsm-8,osmo-hlr-546bdb8988-vb8bb,1,2
1781601254,gsm-8,osmo-mgw-8c8fc67d6-v9gr9,1,2
1781601254,gsm-8,osmo-mobile-7f88cc47b4-wjcqt,3,29
1781601254,gsm-8,osmo-stp-768687f494-shd7q,1,2
1781601254,gsm-8,ttcn3-tc-34-2-2-1-brhlj,1,6
1781601254,gsm-8,virtphy-86b4bdf559-ks45z,9,1
1781601256,gsm-8,msc-test-stub-5b875d749d-dxqzs,1,16
1781601256,gsm-8,osmo-bsc-594654bd47-5zskx,1,5
1781601256,gsm-8,osmo-bts-virtual-5f8b9b86fc-tvcxl,10,7
1781601256,gsm-8,osmo-hlr-546bdb8988-vb8bb,1,2
1781601256,gsm-8,osmo-mgw-8c8fc67d6-v9gr9,1,2
1781601256,gsm-8,osmo-mobile-7f88cc47b4-wjcqt,3,29
1781601256,gsm-8,osmo-stp-768687f494-shd7q,1,2
1781601256,gsm-8,ttcn3-tc-34-2-2-1-brhlj,1,6
1781601256,gsm-8,virtphy-86b4bdf559-ks45z,9,1
1781601258,gsm-8,msc-test-stub-5b875d749d-dxqzs,1,16
1781601258,gsm-8,osmo-bsc-594654bd47-5zskx,1,5
1781601258,gsm-8,osmo-bts-virtual-5f8b9b86fc-tvcxl,10,7
1781601258,gsm-8,osmo-hlr-546bdb8988-vb8bb,1,2
1781601258,gsm-8,osmo-mgw-8c8fc67d6-v9gr9,1,2
1781601258,gsm-8,osmo-mobile-7f88cc47b4-wjcqt,3,29
1781601258,gsm-8,osmo-stp-768687f494-shd7q,1,2
1781601258,gsm-8,ttcn3-tc-34-2-2-1-brhlj,1,6
1781601258,gsm-8,virtphy-86b4bdf559-ks45z,9,1
1781601260,gsm-8,msc-test-stub-5b875d749d-dxqzs,1,16
1781601260,gsm-8,osmo-bsc-594654bd47-5zskx,1,5
1781601260,gsm-8,osmo-bts-virtual-5f8b9b86fc-tvcxl,10,7
1781601260,gsm-8,osmo-hlr-546bdb8988-vb8bb,1,2
1781601260,gsm-8,osmo-mgw-8c8fc67d6-v9gr9,1,2
1781601260,gsm-8,osmo-mobile-7f88cc47b4-wjcqt,3,29
1781601260,gsm-8,osmo-stp-768687f494-shd7q,1,2
1781601260,gsm-8,ttcn3-tc-34-2-2-1-brhlj,1,6
1781601260,gsm-8,virtphy-86b4bdf559-ks45z,9,1
1781601262,gsm-8,msc-test-stub-5b875d749d-dxqzs,1,16
1781601262,gsm-8,osmo-bsc-594654bd47-5zskx,1,5
1781601262,gsm-8,osmo-bts-virtual-5f8b9b86fc-tvcxl,10,7
1781601262,gsm-8,osmo-hlr-546bdb8988-vb8bb,1,2
1781601262,gsm-8,osmo-mgw-8c8fc67d6-v9gr9,1,2
1781601262,gsm-8,osmo-mobile-7f88cc47b4-wjcqt,3,29
1781601262,gsm-8,osmo-stp-768687f494-shd7q,1,2
1781601262,gsm-8,ttcn3-tc-34-2-2-1-brhlj,1,6
1781601262,gsm-8,virtphy-86b4bdf559-ks45z,9,1
1781601264,gsm-8,msc-test-stub-5b875d749d-dxqzs,1,16
1781601264,gsm-8,osmo-bsc-594654bd47-5zskx,1,5
1781601264,gsm-8,osmo-bts-virtual-5f8b9b86fc-tvcxl,10,7
1781601264,gsm-8,osmo-hlr-546bdb8988-vb8bb,1,2
1781601264,gsm-8,osmo-mgw-8c8fc67d6-v9gr9,1,2
1781601264,gsm-8,osmo-mobile-7f88cc47b4-wjcqt,3,29
1781601264,gsm-8,osmo-stp-768687f494-shd7q,1,2
1781601264,gsm-8,ttcn3-tc-34-2-2-1-brhlj,1,6
1781601264,gsm-8,virtphy-86b4bdf559-ks45z,9,1
1781601266,gsm-8,msc-test-stub-5b875d749d-dxqzs,1,16
1781601266,gsm-8,osmo-bsc-594654bd47-5zskx,1,5
1781601266,gsm-8,osmo-bts-virtual-5f8b9b86fc-tvcxl,10,7
1781601266,gsm-8,osmo-hlr-546bdb8988-vb8bb,1,2
1781601266,gsm-8,osmo-mgw-8c8fc67d6-v9gr9,1,2
1781601266,gsm-8,osmo-mobile-7f88cc47b4-wjcqt,3,29
1781601266,gsm-8,osmo-stp-768687f494-shd7q,1,2
1781601266,gsm-8,ttcn3-tc-34-2-2-1-brhlj,1,6
1781601266,gsm-8,virtphy-86b4bdf559-ks45z,9,1
1781601268,gsm-8,msc-test-stub-5b875d749d-dxqzs,1,16
1781601268,gsm-8,osmo-bsc-594654bd47-5zskx,1,5
1781601268,gsm-8,osmo-bts-virtual-5f8b9b86fc-tvcxl,10,8
1781601268,gsm-8,osmo-hlr-546bdb8988-vb8bb,1,2
1781601268,gsm-8,osmo-mgw-8c8fc67d6-v9gr9,1,2
1781601268,gsm-8,osmo-mobile-7f88cc47b4-wjcqt,3,29
1781601268,gsm-8,osmo-stp-768687f494-shd7q,1,2
1781601268,gsm-8,ttcn3-tc-34-2-2-1-brhlj,1,6
1781601268,gsm-8,virtphy-86b4bdf559-ks45z,10,2
1781601271,gsm-8,msc-test-stub-5b875d749d-dxqzs,1,16
1781601271,gsm-8,osmo-bsc-594654bd47-5zskx,1,5
1781601271,gsm-8,osmo-bts-virtual-5f8b9b86fc-tvcxl,10,8
1781601271,gsm-8,osmo-hlr-546bdb8988-vb8bb,1,2
1781601271,gsm-8,osmo-mgw-8c8fc67d6-v9gr9,1,2
1781601271,gsm-8,osmo-mobile-7f88cc47b4-wjcqt,3,29
1781601271,gsm-8,osmo-stp-768687f494-shd7q,1,2
1781601271,gsm-8,ttcn3-tc-34-2-2-1-brhlj,1,6
1781601271,gsm-8,virtphy-86b4bdf559-ks45z,10,2
1781601273,gsm-8,msc-test-stub-5b875d749d-dxqzs,1,16
1781601273,gsm-8,osmo-bsc-594654bd47-5zskx,1,5
1781601273,gsm-8,osmo-bts-virtual-5f8b9b86fc-tvcxl,10,8
1781601273,gsm-8,osmo-hlr-546bdb8988-vb8bb,1,2
1781601273,gsm-8,osmo-mgw-8c8fc67d6-v9gr9,1,2
1781601273,gsm-8,osmo-mobile-7f88cc47b4-wjcqt,3,29
1781601273,gsm-8,osmo-stp-768687f494-shd7q,1,2
1781601273,gsm-8,ttcn3-tc-34-2-2-1-brhlj,1,6
1781601273,gsm-8,virtphy-86b4bdf559-ks45z,10,2
1781601275,gsm-8,msc-test-stub-5b875d749d-dxqzs,1,16
1781601275,gsm-8,osmo-bsc-594654bd47-5zskx,1,5
1781601275,gsm-8,osmo-bts-virtual-5f8b9b86fc-tvcxl,10,8
1781601275,gsm-8,osmo-hlr-546bdb8988-vb8bb,1,2
1781601275,gsm-8,osmo-mgw-8c8fc67d6-v9gr9,1,2
1781601275,gsm-8,osmo-mobile-7f88cc47b4-wjcqt,3,29
1781601275,gsm-8,osmo-stp-768687f494-shd7q,1,2
1781601275,gsm-8,ttcn3-tc-34-2-2-1-brhlj,1,6
1781601275,gsm-8,virtphy-86b4bdf559-ks45z,10,2
1781601277,gsm-8,msc-test-stub-5b875d749d-dxqzs,1,16
1781601277,gsm-8,osmo-bsc-594654bd47-5zskx,1,5
1781601277,gsm-8,osmo-bts-virtual-5f8b9b86fc-tvcxl,10,8
1781601277,gsm-8,osmo-hlr-546bdb8988-vb8bb,1,2
1781601277,gsm-8,osmo-mgw-8c8fc67d6-v9gr9,1,2
1781601277,gsm-8,osmo-mobile-7f88cc47b4-wjcqt,3,29
1781601277,gsm-8,osmo-stp-768687f494-shd7q,1,2
1781601277,gsm-8,ttcn3-tc-34-2-2-1-brhlj,1,6
1781601277,gsm-8,virtphy-86b4bdf559-ks45z,10,2
1781601279,gsm-8,msc-test-stub-5b875d749d-dxqzs,1,16
1781601279,gsm-8,osmo-bsc-594654bd47-5zskx,1,5
1781601279,gsm-8,osmo-bts-virtual-5f8b9b86fc-tvcxl,10,8
1781601279,gsm-8,osmo-hlr-546bdb8988-vb8bb,1,2
1781601279,gsm-8,osmo-mgw-8c8fc67d6-v9gr9,1,2
1781601279,gsm-8,osmo-mobile-7f88cc47b4-wjcqt,3,29
1781601279,gsm-8,osmo-stp-768687f494-shd7q,1,2
1781601279,gsm-8,ttcn3-tc-34-2-2-1-brhlj,1,6
1781601279,gsm-8,virtphy-86b4bdf559-ks45z,10,2
1781601281,gsm-8,msc-test-stub-5b875d749d-dxqzs,1,16
1781601281,gsm-8,osmo-bsc-594654bd47-5zskx,1,5
1781601281,gsm-8,osmo-bts-virtual-5f8b9b86fc-tvcxl,10,8
1781601281,gsm-8,osmo-hlr-546bdb8988-vb8bb,1,2
1781601281,gsm-8,osmo-mgw-8c8fc67d6-v9gr9,1,2
1781601281,gsm-8,osmo-mobile-7f88cc47b4-wjcqt,3,29
1781601281,gsm-8,osmo-stp-768687f494-shd7q,1,2
1781601281,gsm-8,ttcn3-tc-34-2-2-1-brhlj,1,6
1781601281,gsm-8,virtphy-86b4bdf559-ks45z,10,2
1781601283,gsm-8,msc-test-stub-5b875d749d-dxqzs,1,16
1781601283,gsm-8,osmo-bsc-594654bd47-5zskx,1,5
1781601283,gsm-8,osmo-bts-virtual-5f8b9b86fc-tvcxl,10,9
1781601283,gsm-8,osmo-hlr-546bdb8988-vb8bb,1,2
1781601283,gsm-8,osmo-mgw-8c8fc67d6-v9gr9,1,2
1781601283,gsm-8,osmo-mobile-7f88cc47b4-wjcqt,2,29
1781601283,gsm-8,osmo-stp-768687f494-shd7q,1,2
1781601283,gsm-8,ttcn3-tc-34-2-2-1-brhlj,1,6
1781601283,gsm-8,virtphy-86b4bdf559-ks45z,9,4
1781601285,gsm-8,msc-test-stub-5b875d749d-dxqzs,1,16
1781601285,gsm-8,osmo-bsc-594654bd47-5zskx,1,5
1781601285,gsm-8,osmo-bts-virtual-5f8b9b86fc-tvcxl,10,9
1781601285,gsm-8,osmo-hlr-546bdb8988-vb8bb,1,2
1781601285,gsm-8,osmo-mgw-8c8fc67d6-v9gr9,1,2
1781601285,gsm-8,osmo-mobile-7f88cc47b4-wjcqt,2,29
1781601285,gsm-8,osmo-stp-768687f494-shd7q,1,2
1781601285,gsm-8,ttcn3-tc-34-2-2-1-brhlj,1,6
1781601285,gsm-8,virtphy-86b4bdf559-ks45z,9,4
1781601287,gsm-8,msc-test-stub-5b875d749d-dxqzs,1,16
1781601287,gsm-8,osmo-bsc-594654bd47-5zskx,1,5
1781601287,gsm-8,osmo-bts-virtual-5f8b9b86fc-tvcxl,10,9
1781601287,gsm-8,osmo-hlr-546bdb8988-vb8bb,1,2
1781601287,gsm-8,osmo-mgw-8c8fc67d6-v9gr9,1,2
1781601287,gsm-8,osmo-mobile-7f88cc47b4-wjcqt,2,29
1781601287,gsm-8,osmo-stp-768687f494-shd7q,1,2
1781601287,gsm-8,ttcn3-tc-34-2-2-1-brhlj,1,6
1781601287,gsm-8,virtphy-86b4bdf559-ks45z,9,4
1781601289,gsm-8,msc-test-stub-5b875d749d-dxqzs,1,16
1781601289,gsm-8,osmo-bsc-594654bd47-5zskx,1,5
1781601289,gsm-8,osmo-bts-virtual-5f8b9b86fc-tvcxl,10,9
1781601289,gsm-8,osmo-hlr-546bdb8988-vb8bb,1,2
1781601289,gsm-8,osmo-mgw-8c8fc67d6-v9gr9,1,2
1781601289,gsm-8,osmo-mobile-7f88cc47b4-wjcqt,2,29
1781601289,gsm-8,osmo-stp-768687f494-shd7q,1,2
1781601289,gsm-8,ttcn3-tc-34-2-2-1-brhlj,1,6
1781601289,gsm-8,virtphy-86b4bdf559-ks45z,9,4
1781601291,gsm-8,msc-test-stub-5b875d749d-dxqzs,1,16
1781601291,gsm-8,osmo-bsc-594654bd47-5zskx,1,5
1781601291,gsm-8,osmo-bts-virtual-5f8b9b86fc-tvcxl,10,9
1781601291,gsm-8,osmo-hlr-546bdb8988-vb8bb,1,2
1781601291,gsm-8,osmo-mgw-8c8fc67d6-v9gr9,1,2
1781601291,gsm-8,osmo-mobile-7f88cc47b4-wjcqt,2,29
1781601291,gsm-8,osmo-stp-768687f494-shd7q,1,2
1781601291,gsm-8,ttcn3-tc-34-2-2-1-brhlj,1,6
1781601291,gsm-8,virtphy-86b4bdf559-ks45z,9,4
1781601293,gsm-8,msc-test-stub-5b875d749d-dxqzs,1,16
1781601293,gsm-8,osmo-bsc-594654bd47-5zskx,1,5
1781601293,gsm-8,osmo-bts-virtual-5f8b9b86fc-tvcxl,10,9
1781601293,gsm-8,osmo-hlr-546bdb8988-vb8bb,1,2
1781601293,gsm-8,osmo-mgw-8c8fc67d6-v9gr9,1,2
1781601293,gsm-8,osmo-mobile-7f88cc47b4-wjcqt,2,29
1781601293,gsm-8,osmo-stp-768687f494-shd7q,1,2
1781601293,gsm-8,ttcn3-tc-34-2-2-1-brhlj,1,6
1781601293,gsm-8,virtphy-86b4bdf559-ks45z,9,4
1781601296,gsm-8,msc-test-stub-5b875d749d-dxqzs,1,16
1781601296,gsm-8,osmo-bsc-594654bd47-5zskx,1,5
1781601296,gsm-8,osmo-bts-virtual-5f8b9b86fc-tvcxl,10,9
1781601296,gsm-8,osmo-hlr-546bdb8988-vb8bb,1,2
1781601296,gsm-8,osmo-mgw-8c8fc67d6-v9gr9,1,2
1781601296,gsm-8,osmo-mobile-7f88cc47b4-wjcqt,2,29
1781601296,gsm-8,osmo-stp-768687f494-shd7q,1,2
1781601296,gsm-8,ttcn3-tc-34-2-2-1-brhlj,1,6
1781601296,gsm-8,virtphy-86b4bdf559-ks45z,9,4
1781601298,gsm-8,msc-test-stub-5b875d749d-dxqzs,1,16
1781601298,gsm-8,osmo-bsc-594654bd47-5zskx,1,5
1781601298,gsm-8,osmo-bts-virtual-5f8b9b86fc-tvcxl,11,9
1781601298,gsm-8,osmo-hlr-546bdb8988-vb8bb,1,2
1781601298,gsm-8,osmo-mgw-8c8fc67d6-v9gr9,1,2
1781601298,gsm-8,osmo-mobile-7f88cc47b4-wjcqt,3,29
1781601298,gsm-8,osmo-stp-768687f494-shd7q,1,2
1781601298,gsm-8,ttcn3-tc-34-2-2-1-brhlj,1,6
1781601298,gsm-8,virtphy-86b4bdf559-ks45z,9,2
1781601300,gsm-8,msc-test-stub-5b875d749d-dxqzs,1,16
1781601300,gsm-8,osmo-bsc-594654bd47-5zskx,1,5
1781601300,gsm-8,osmo-bts-virtual-5f8b9b86fc-tvcxl,11,9
1781601300,gsm-8,osmo-hlr-546bdb8988-vb8bb,1,2
1781601300,gsm-8,osmo-mgw-8c8fc67d6-v9gr9,1,2
1781601300,gsm-8,osmo-mobile-7f88cc47b4-wjcqt,3,29
1781601300,gsm-8,osmo-stp-768687f494-shd7q,1,2
1781601300,gsm-8,ttcn3-tc-34-2-2-1-brhlj,1,6
1781601300,gsm-8,virtphy-86b4bdf559-ks45z,9,2
1781601302,gsm-8,msc-test-stub-5b875d749d-dxqzs,1,16
1781601302,gsm-8,osmo-bsc-594654bd47-5zskx,1,5
1781601302,gsm-8,osmo-bts-virtual-5f8b9b86fc-tvcxl,11,9
1781601302,gsm-8,osmo-hlr-546bdb8988-vb8bb,1,2
1781601302,gsm-8,osmo-mgw-8c8fc67d6-v9gr9,1,2
1781601302,gsm-8,osmo-mobile-7f88cc47b4-wjcqt,3,29
1781601302,gsm-8,osmo-stp-768687f494-shd7q,1,2
1781601302,gsm-8,ttcn3-tc-34-2-2-1-brhlj,1,6
1781601302,gsm-8,virtphy-86b4bdf559-ks45z,9,2
1781601304,gsm-8,msc-test-stub-5b875d749d-dxqzs,1,16
1781601304,gsm-8,osmo-bsc-594654bd47-5zskx,1,5
1781601304,gsm-8,osmo-bts-virtual-5f8b9b86fc-tvcxl,11,9
1781601304,gsm-8,osmo-hlr-546bdb8988-vb8bb,1,2
1781601304,gsm-8,osmo-mgw-8c8fc67d6-v9gr9,1,2
1781601304,gsm-8,osmo-mobile-7f88cc47b4-wjcqt,3,29
1781601304,gsm-8,osmo-stp-768687f494-shd7q,1,2
1781601304,gsm-8,ttcn3-tc-34-2-2-1-brhlj,1,6
1781601304,gsm-8,virtphy-86b4bdf559-ks45z,9,2
1781601306,gsm-8,msc-test-stub-5b875d749d-dxqzs,1,16
1781601306,gsm-8,osmo-bsc-594654bd47-5zskx,1,5
1781601306,gsm-8,osmo-bts-virtual-5f8b9b86fc-tvcxl,11,9
1781601306,gsm-8,osmo-hlr-546bdb8988-vb8bb,1,2
1781601306,gsm-8,osmo-mgw-8c8fc67d6-v9gr9,1,2
1781601306,gsm-8,osmo-mobile-7f88cc47b4-wjcqt,3,29
1781601306,gsm-8,osmo-stp-768687f494-shd7q,1,2
1781601306,gsm-8,ttcn3-tc-34-2-2-1-brhlj,1,6
1781601306,gsm-8,virtphy-86b4bdf559-ks45z,9,2
1781601308,gsm-8,msc-test-stub-5b875d749d-dxqzs,1,16
1781601308,gsm-8,osmo-bsc-594654bd47-5zskx,1,5
1781601308,gsm-8,osmo-bts-virtual-5f8b9b86fc-tvcxl,11,9
1781601308,gsm-8,osmo-hlr-546bdb8988-vb8bb,1,2
1781601308,gsm-8,osmo-mgw-8c8fc67d6-v9gr9,1,2
1781601308,gsm-8,osmo-mobile-7f88cc47b4-wjcqt,3,29
1781601308,gsm-8,osmo-stp-768687f494-shd7q,1,2
1781601308,gsm-8,ttcn3-tc-34-2-2-1-brhlj,1,6
1781601308,gsm-8,virtphy-86b4bdf559-ks45z,9,2
1781601311,gsm-8,msc-test-stub-5b875d749d-dxqzs,1,16
1781601311,gsm-8,osmo-bsc-594654bd47-5zskx,1,5
1781601311,gsm-8,osmo-bts-virtual-5f8b9b86fc-tvcxl,11,9
1781601311,gsm-8,osmo-hlr-546bdb8988-vb8bb,1,2
1781601311,gsm-8,osmo-mgw-8c8fc67d6-v9gr9,1,2
1781601311,gsm-8,osmo-mobile-7f88cc47b4-wjcqt,3,29
1781601311,gsm-8,osmo-stp-768687f494-shd7q,1,2
1781601311,gsm-8,ttcn3-tc-34-2-2-1-brhlj,1,6
1781601311,gsm-8,virtphy-86b4bdf559-ks45z,9,2
1781601313,gsm-8,msc-test-stub-5b875d749d-dxqzs,1,16
1781601313,gsm-8,osmo-bsc-594654bd47-5zskx,1,5
1781601313,gsm-8,osmo-bts-virtual-5f8b9b86fc-tvcxl,11,6
1781601313,gsm-8,osmo-hlr-546bdb8988-vb8bb,1,2
1781601313,gsm-8,osmo-mgw-8c8fc67d6-v9gr9,1,2
1781601313,gsm-8,osmo-mobile-7f88cc47b4-wjcqt,3,29
1781601313,gsm-8,osmo-stp-768687f494-shd7q,1,2
1781601313,gsm-8,ttcn3-tc-34-2-2-1-brhlj,1,6
1781601313,gsm-8,virtphy-86b4bdf559-ks45z,9,2
1781601315,gsm-8,msc-test-stub-5b875d749d-dxqzs,1,16
1781601315,gsm-8,osmo-bsc-594654bd47-5zskx,1,5
1781601315,gsm-8,osmo-bts-virtual-5f8b9b86fc-tvcxl,11,6
1781601315,gsm-8,osmo-hlr-546bdb8988-vb8bb,1,2
1781601315,gsm-8,osmo-mgw-8c8fc67d6-v9gr9,1,2
1781601315,gsm-8,osmo-mobile-7f88cc47b4-wjcqt,3,29
1781601315,gsm-8,osmo-stp-768687f494-shd7q,1,2
1781601315,gsm-8,ttcn3-tc-34-2-2-1-brhlj,1,6
1781601315,gsm-8,virtphy-86b4bdf559-ks45z,9,2
1781601317,gsm-8,msc-test-stub-5b875d749d-dxqzs,1,16
1781601317,gsm-8,osmo-bsc-594654bd47-5zskx,1,5
1781601317,gsm-8,osmo-bts-virtual-5f8b9b86fc-tvcxl,11,6
1781601317,gsm-8,osmo-hlr-546bdb8988-vb8bb,1,2
1781601317,gsm-8,osmo-mgw-8c8fc67d6-v9gr9,1,2
1781601317,gsm-8,osmo-mobile-7f88cc47b4-wjcqt,3,29
1781601317,gsm-8,osmo-stp-768687f494-shd7q,1,2
1781601317,gsm-8,ttcn3-tc-34-2-2-1-brhlj,1,6
1781601317,gsm-8,virtphy-86b4bdf559-ks45z,9,2
1781601319,gsm-8,msc-test-stub-5b875d749d-dxqzs,1,16
1781601319,gsm-8,osmo-bsc-594654bd47-5zskx,1,5
1781601319,gsm-8,osmo-bts-virtual-5f8b9b86fc-tvcxl,11,6
1781601319,gsm-8,osmo-hlr-546bdb8988-vb8bb,1,2
1781601319,gsm-8,osmo-mgw-8c8fc67d6-v9gr9,1,2
1781601319,gsm-8,osmo-mobile-7f88cc47b4-wjcqt,3,29
1781601319,gsm-8,osmo-stp-768687f494-shd7q,1,2
1781601319,gsm-8,ttcn3-tc-34-2-2-1-brhlj,1,6
1781601319,gsm-8,virtphy-86b4bdf559-ks45z,9,2
1781601321,gsm-8,msc-test-stub-5b875d749d-dxqzs,1,16
1781601321,gsm-8,osmo-bsc-594654bd47-5zskx,1,5
1781601321,gsm-8,osmo-bts-virtual-5f8b9b86fc-tvcxl,11,6
1781601321,gsm-8,osmo-hlr-546bdb8988-vb8bb,1,2
1781601321,gsm-8,osmo-mgw-8c8fc67d6-v9gr9,1,2
1781601321,gsm-8,osmo-mobile-7f88cc47b4-wjcqt,3,29
1781601321,gsm-8,osmo-stp-768687f494-shd7q,1,2
1781601321,gsm-8,ttcn3-tc-34-2-2-1-brhlj,1,6
1781601321,gsm-8,virtphy-86b4bdf559-ks45z,9,2
1781601323,gsm-8,msc-test-stub-5b875d749d-dxqzs,1,16
1781601323,gsm-8,osmo-bsc-594654bd47-5zskx,1,5
1781601323,gsm-8,osmo-bts-virtual-5f8b9b86fc-tvcxl,11,6
1781601323,gsm-8,osmo-hlr-546bdb8988-vb8bb,1,2
1781601323,gsm-8,osmo-mgw-8c8fc67d6-v9gr9,1,2
1781601323,gsm-8,osmo-mobile-7f88cc47b4-wjcqt,3,29
1781601323,gsm-8,osmo-stp-768687f494-shd7q,1,2
1781601323,gsm-8,ttcn3-tc-34-2-2-1-brhlj,1,6
1781601323,gsm-8,virtphy-86b4bdf559-ks45z,9,2
1781601325,gsm-8,msc-test-stub-5b875d749d-dxqzs,1,16
1781601325,gsm-8,osmo-bsc-594654bd47-5zskx,1,5
1781601325,gsm-8,osmo-bts-virtual-5f8b9b86fc-tvcxl,11,6
1781601325,gsm-8,osmo-hlr-546bdb8988-vb8bb,1,2
1781601325,gsm-8,osmo-mgw-8c8fc67d6-v9gr9,1,2
1781601325,gsm-8,osmo-mobile-7f88cc47b4-wjcqt,3,29
1781601325,gsm-8,osmo-stp-768687f494-shd7q,1,2
1781601325,gsm-8,ttcn3-tc-34-2-2-1-brhlj,1,6
1781601325,gsm-8,virtphy-86b4bdf559-ks45z,9,2
1781601327,gsm-8,msc-test-stub-5b875d749d-dxqzs,1,16
1781601327,gsm-8,osmo-bsc-594654bd47-5zskx,1,5
1781601327,gsm-8,osmo-bts-virtual-5f8b9b86fc-tvcxl,11,6
1781601327,gsm-8,osmo-hlr-546bdb8988-vb8bb,1,2
1781601327,gsm-8,osmo-mgw-8c8fc67d6-v9gr9,1,2
1781601327,gsm-8,osmo-mobile-7f88cc47b4-wjcqt,3,29
1781601327,gsm-8,osmo-stp-768687f494-shd7q,1,2
1781601327,gsm-8,ttcn3-tc-34-2-2-1-brhlj,1,6
1781601327,gsm-8,virtphy-86b4bdf559-ks45z,9,2
1781601330,gsm-8,msc-test-stub-5b875d749d-dxqzs,1,16
1781601330,gsm-8,osmo-bsc-594654bd47-5zskx,1,5
1781601330,gsm-8,osmo-bts-virtual-5f8b9b86fc-tvcxl,11,6
1781601330,gsm-8,osmo-hlr-546bdb8988-vb8bb,1,2
1781601330,gsm-8,osmo-mgw-8c8fc67d6-v9gr9,1,2
1781601330,gsm-8,osmo-mobile-7f88cc47b4-wjcqt,3,29
1781601330,gsm-8,osmo-stp-768687f494-shd7q,1,2
1781601330,gsm-8,ttcn3-tc-34-2-2-1-brhlj,1,6
1781601330,gsm-8,virtphy-86b4bdf559-ks45z,9,2
1781601332,gsm-8,msc-test-stub-5b875d749d-dxqzs,1,16
1781601332,gsm-8,osmo-bsc-594654bd47-5zskx,1,5
1781601332,gsm-8,osmo-bts-virtual-5f8b9b86fc-tvcxl,11,6
1781601332,gsm-8,osmo-hlr-546bdb8988-vb8bb,1,2
1781601332,gsm-8,osmo-mgw-8c8fc67d6-v9gr9,1,2
1781601332,gsm-8,osmo-mobile-7f88cc47b4-wjcqt,3,29
1781601332,gsm-8,osmo-stp-768687f494-shd7q,1,2
1781601332,gsm-8,ttcn3-tc-34-2-2-1-brhlj,1,6
1781601332,gsm-8,virtphy-86b4bdf559-ks45z,9,2
1781601334,gsm-8,msc-test-stub-5b875d749d-dxqzs,1,16
1781601334,gsm-8,osmo-bsc-594654bd47-5zskx,1,5
1781601334,gsm-8,osmo-bts-virtual-5f8b9b86fc-tvcxl,11,6
1781601334,gsm-8,osmo-hlr-546bdb8988-vb8bb,1,2
1781601334,gsm-8,osmo-mgw-8c8fc67d6-v9gr9,1,2
1781601334,gsm-8,osmo-mobile-7f88cc47b4-wjcqt,3,29
1781601334,gsm-8,osmo-stp-768687f494-shd7q,1,2
1781601334,gsm-8,ttcn3-tc-34-2-2-1-brhlj,1,6
1781601334,gsm-8,virtphy-86b4bdf559-ks45z,9,2
1781601336,gsm-8,msc-test-stub-5b875d749d-dxqzs,1,16
1781601336,gsm-8,osmo-bsc-594654bd47-5zskx,1,5
1781601336,gsm-8,osmo-bts-virtual-5f8b9b86fc-tvcxl,11,6
1781601336,gsm-8,osmo-hlr-546bdb8988-vb8bb,1,2
1781601336,gsm-8,osmo-mgw-8c8fc67d6-v9gr9,1,2
1781601336,gsm-8,osmo-mobile-7f88cc47b4-wjcqt,3,29
1781601336,gsm-8,osmo-stp-768687f494-shd7q,1,2
1781601336,gsm-8,ttcn3-tc-34-2-2-1-brhlj,1,6
1781601336,gsm-8,virtphy-86b4bdf559-ks45z,9,2
1781601338,gsm-8,msc-test-stub-5b875d749d-dxqzs,1,16
1781601338,gsm-8,osmo-bsc-594654bd47-5zskx,1,5
1781601338,gsm-8,osmo-bts-virtual-5f8b9b86fc-tvcxl,11,6
1781601338,gsm-8,osmo-hlr-546bdb8988-vb8bb,1,2
1781601338,gsm-8,osmo-mgw-8c8fc67d6-v9gr9,1,2
1781601338,gsm-8,osmo-mobile-7f88cc47b4-wjcqt,3,29
1781601338,gsm-8,osmo-stp-768687f494-shd7q,1,2
1781601338,gsm-8,ttcn3-tc-34-2-2-1-brhlj,1,6
1781601338,gsm-8,virtphy-86b4bdf559-ks45z,9,2
1781601341,gsm-8,msc-test-stub-5b875d749d-dxqzs,1,16
1781601341,gsm-8,osmo-bsc-594654bd47-5zskx,1,5
1781601341,gsm-8,osmo-bts-virtual-5f8b9b86fc-tvcxl,11,6
1781601341,gsm-8,osmo-hlr-546bdb8988-vb8bb,1,2
1781601341,gsm-8,osmo-mgw-8c8fc67d6-v9gr9,1,2
1781601341,gsm-8,osmo-mobile-7f88cc47b4-wjcqt,3,29
1781601341,gsm-8,osmo-stp-768687f494-shd7q,1,2
1781601341,gsm-8,ttcn3-tc-34-2-2-1-brhlj,1,6
1781601341,gsm-8,virtphy-86b4bdf559-ks45z,9,2
1781601343,gsm-8,msc-test-stub-5b875d749d-dxqzs,1,16
1781601343,gsm-8,osmo-bsc-594654bd47-5zskx,1,5
1781601343,gsm-8,osmo-bts-virtual-5f8b9b86fc-tvcxl,10,10
1781601343,gsm-8,osmo-hlr-546bdb8988-vb8bb,1,2
1781601343,gsm-8,osmo-mgw-8c8fc67d6-v9gr9,1,2
1781601343,gsm-8,osmo-mobile-7f88cc47b4-wjcqt,2,29
1781601343,gsm-8,osmo-stp-768687f494-shd7q,1,2
1781601343,gsm-8,ttcn3-tc-34-2-2-1-brhlj,1,6
1781601343,gsm-8,virtphy-86b4bdf559-ks45z,9,4
1781601345,gsm-8,msc-test-stub-5b875d749d-dxqzs,1,16
1781601345,gsm-8,osmo-bsc-594654bd47-5zskx,1,5
1781601345,gsm-8,osmo-bts-virtual-5f8b9b86fc-tvcxl,10,10
1781601345,gsm-8,osmo-hlr-546bdb8988-vb8bb,1,2
1781601345,gsm-8,osmo-mgw-8c8fc67d6-v9gr9,1,2
1781601345,gsm-8,osmo-mobile-7f88cc47b4-wjcqt,2,29
1781601345,gsm-8,osmo-stp-768687f494-shd7q,1,2
1781601345,gsm-8,ttcn3-tc-34-2-2-1-brhlj,1,6
1781601345,gsm-8,virtphy-86b4bdf559-ks45z,9,4
1781601347,gsm-8,msc-test-stub-5b875d749d-dxqzs,1,16
1781601347,gsm-8,osmo-bsc-594654bd47-5zskx,1,5
1781601347,gsm-8,osmo-bts-virtual-5f8b9b86fc-tvcxl,10,10
1781601347,gsm-8,osmo-hlr-546bdb8988-vb8bb,1,2
1781601347,gsm-8,osmo-mgw-8c8fc67d6-v9gr9,1,2
1781601347,gsm-8,osmo-mobile-7f88cc47b4-wjcqt,2,29
1781601347,gsm-8,osmo-stp-768687f494-shd7q,1,2
1781601347,gsm-8,ttcn3-tc-34-2-2-1-brhlj,1,6
1781601347,gsm-8,virtphy-86b4bdf559-ks45z,9,4
1781601349,gsm-8,msc-test-stub-5b875d749d-dxqzs,1,16
1781601349,gsm-8,osmo-bsc-594654bd47-5zskx,1,5
1781601349,gsm-8,osmo-bts-virtual-5f8b9b86fc-tvcxl,10,10
1781601349,gsm-8,osmo-hlr-546bdb8988-vb8bb,1,2
1781601349,gsm-8,osmo-mgw-8c8fc67d6-v9gr9,1,2
1781601349,gsm-8,osmo-mobile-7f88cc47b4-wjcqt,2,29
1781601349,gsm-8,osmo-stp-768687f494-shd7q,1,2
1781601349,gsm-8,ttcn3-tc-34-2-2-1-brhlj,1,6
1781601349,gsm-8,virtphy-86b4bdf559-ks45z,9,4
1781601351,gsm-8,msc-test-stub-5b875d749d-dxqzs,1,16
1781601351,gsm-8,osmo-bsc-594654bd47-5zskx,1,5
1781601351,gsm-8,osmo-bts-virtual-5f8b9b86fc-tvcxl,10,10
1781601351,gsm-8,osmo-hlr-546bdb8988-vb8bb,1,2
1781601351,gsm-8,osmo-mgw-8c8fc67d6-v9gr9,1,2
1781601351,gsm-8,osmo-mobile-7f88cc47b4-wjcqt,2,29
1781601351,gsm-8,osmo-stp-768687f494-shd7q,1,2
1781601351,gsm-8,ttcn3-tc-34-2-2-1-brhlj,1,6
1781601351,gsm-8,virtphy-86b4bdf559-ks45z,9,4
1781601353,gsm-8,msc-test-stub-5b875d749d-dxqzs,1,16
1781601353,gsm-8,osmo-bsc-594654bd47-5zskx,1,5
1781601353,gsm-8,osmo-bts-virtual-5f8b9b86fc-tvcxl,10,10
1781601353,gsm-8,osmo-hlr-546bdb8988-vb8bb,1,2
1781601353,gsm-8,osmo-mgw-8c8fc67d6-v9gr9,1,2
1781601353,gsm-8,osmo-mobile-7f88cc47b4-wjcqt,2,29
1781601353,gsm-8,osmo-stp-768687f494-shd7q,1,2
1781601353,gsm-8,ttcn3-tc-34-2-2-1-brhlj,1,6
1781601353,gsm-8,virtphy-86b4bdf559-ks45z,9,4
1781601356,gsm-8,msc-test-stub-5b875d749d-dxqzs,1,16
1781601356,gsm-8,osmo-bsc-594654bd47-5zskx,1,5
1781601356,gsm-8,osmo-bts-virtual-5f8b9b86fc-tvcxl,10,10
1781601356,gsm-8,osmo-hlr-546bdb8988-vb8bb,1,2
1781601356,gsm-8,osmo-mgw-8c8fc67d6-v9gr9,1,2
1781601356,gsm-8,osmo-mobile-7f88cc47b4-wjcqt,2,29
1781601356,gsm-8,osmo-stp-768687f494-shd7q,1,2
1781601356,gsm-8,ttcn3-tc-34-2-2-1-brhlj,1,6
1781601356,gsm-8,virtphy-86b4bdf559-ks45z,9,4
1781601358,gsm-8,msc-test-stub-5b875d749d-dxqzs,1,16
1781601358,gsm-8,osmo-bsc-594654bd47-5zskx,1,5
1781601358,gsm-8,osmo-bts-virtual-5f8b9b86fc-tvcxl,10,6
1781601358,gsm-8,osmo-hlr-546bdb8988-vb8bb,1,2
1781601358,gsm-8,osmo-mgw-8c8fc67d6-v9gr9,1,2
1781601358,gsm-8,osmo-mobile-7f88cc47b4-wjcqt,2,29
1781601358,gsm-8,osmo-stp-768687f494-shd7q,1,2
1781601358,gsm-8,ttcn3-tc-34-2-2-1-brhlj,1,6
1781601358,gsm-8,virtphy-86b4bdf559-ks45z,9,3
1781601361,gsm-8,msc-test-stub-5b875d749d-dxqzs,1,16
1781601361,gsm-8,osmo-bsc-594654bd47-5zskx,1,5
1781601361,gsm-8,osmo-bts-virtual-5f8b9b86fc-tvcxl,10,6
1781601361,gsm-8,osmo-hlr-546bdb8988-vb8bb,1,2
1781601361,gsm-8,osmo-mgw-8c8fc67d6-v9gr9,1,2
1781601361,gsm-8,osmo-mobile-7f88cc47b4-wjcqt,2,29
1781601361,gsm-8,osmo-stp-768687f494-shd7q,1,2
1781601361,gsm-8,ttcn3-tc-34-2-2-1-brhlj,1,6
1781601361,gsm-8,virtphy-86b4bdf559-ks45z,9,3
1781601363,gsm-8,msc-test-stub-5b875d749d-dxqzs,1,16
1781601363,gsm-8,osmo-bsc-594654bd47-5zskx,1,5
1781601363,gsm-8,osmo-bts-virtual-5f8b9b86fc-tvcxl,10,6
1781601363,gsm-8,osmo-hlr-546bdb8988-vb8bb,1,2
1781601363,gsm-8,osmo-mgw-8c8fc67d6-v9gr9,1,2
1781601363,gsm-8,osmo-mobile-7f88cc47b4-wjcqt,2,29
1781601363,gsm-8,osmo-stp-768687f494-shd7q,1,2
1781601363,gsm-8,ttcn3-tc-34-2-2-1-brhlj,1,6
1781601363,gsm-8,virtphy-86b4bdf559-ks45z,9,3
1781601365,gsm-8,msc-test-stub-5b875d749d-dxqzs,1,16
1781601365,gsm-8,osmo-bsc-594654bd47-5zskx,1,5
1781601365,gsm-8,osmo-bts-virtual-5f8b9b86fc-tvcxl,10,6
1781601365,gsm-8,osmo-hlr-546bdb8988-vb8bb,1,2
1781601365,gsm-8,osmo-mgw-8c8fc67d6-v9gr9,1,2
1781601365,gsm-8,osmo-mobile-7f88cc47b4-wjcqt,2,29
1781601365,gsm-8,osmo-stp-768687f494-shd7q,1,2
1781601365,gsm-8,ttcn3-tc-34-2-2-1-brhlj,1,6
1781601365,gsm-8,virtphy-86b4bdf559-ks45z,9,3
1781601367,gsm-8,msc-test-stub-5b875d749d-dxqzs,1,16
1781601367,gsm-8,osmo-bsc-594654bd47-5zskx,1,5
1781601367,gsm-8,osmo-bts-virtual-5f8b9b86fc-tvcxl,10,6
1781601367,gsm-8,osmo-hlr-546bdb8988-vb8bb,1,2
1781601367,gsm-8,osmo-mgw-8c8fc67d6-v9gr9,1,2
1781601367,gsm-8,osmo-mobile-7f88cc47b4-wjcqt,2,29
1781601367,gsm-8,osmo-stp-768687f494-shd7q,1,2
1781601367,gsm-8,ttcn3-tc-34-2-2-1-brhlj,1,6
1781601367,gsm-8,virtphy-86b4bdf559-ks45z,9,3
1781601369,gsm-8,msc-test-stub-5b875d749d-dxqzs,1,16
1781601369,gsm-8,osmo-bsc-594654bd47-5zskx,1,5
1781601369,gsm-8,osmo-bts-virtual-5f8b9b86fc-tvcxl,10,6
1781601369,gsm-8,osmo-hlr-546bdb8988-vb8bb,1,2
1781601369,gsm-8,osmo-mgw-8c8fc67d6-v9gr9,1,2
1781601369,gsm-8,osmo-mobile-7f88cc47b4-wjcqt,2,29
1781601369,gsm-8,osmo-stp-768687f494-shd7q,1,2
1781601369,gsm-8,ttcn3-tc-34-2-2-1-brhlj,1,6
1781601369,gsm-8,virtphy-86b4bdf559-ks45z,9,3
1781601371,gsm-8,msc-test-stub-5b875d749d-dxqzs,1,16
1781601371,gsm-8,osmo-bsc-594654bd47-5zskx,1,5
1781601371,gsm-8,osmo-bts-virtual-5f8b9b86fc-tvcxl,10,6
1781601371,gsm-8,osmo-hlr-546bdb8988-vb8bb,1,2
1781601371,gsm-8,osmo-mgw-8c8fc67d6-v9gr9,1,2
1781601371,gsm-8,osmo-mobile-7f88cc47b4-wjcqt,2,29
1781601371,gsm-8,osmo-stp-768687f494-shd7q,1,2
1781601371,gsm-8,ttcn3-tc-34-2-2-1-brhlj,1,6
1781601371,gsm-8,virtphy-86b4bdf559-ks45z,9,3
1781601373,gsm-8,msc-test-stub-5b875d749d-dxqzs,1,16
1781601373,gsm-8,osmo-bsc-594654bd47-5zskx,1,5
1781601373,gsm-8,osmo-bts-virtual-5f8b9b86fc-tvcxl,11,6
1781601373,gsm-8,osmo-hlr-546bdb8988-vb8bb,1,2
1781601373,gsm-8,osmo-mgw-8c8fc67d6-v9gr9,1,2
1781601373,gsm-8,osmo-mobile-7f88cc47b4-wjcqt,2,29
1781601373,gsm-8,osmo-stp-768687f494-shd7q,1,2
1781601373,gsm-8,ttcn3-tc-34-2-2-1-brhlj,1,6
1781601373,gsm-8,virtphy-86b4bdf559-ks45z,9,4
1781601375,gsm-8,msc-test-stub-5b875d749d-dxqzs,1,16
1781601375,gsm-8,osmo-bsc-594654bd47-5zskx,1,5
1781601375,gsm-8,osmo-bts-virtual-5f8b9b86fc-tvcxl,11,6
1781601375,gsm-8,osmo-hlr-546bdb8988-vb8bb,1,2
1781601375,gsm-8,osmo-mgw-8c8fc67d6-v9gr9,1,2
1781601375,gsm-8,osmo-mobile-7f88cc47b4-wjcqt,2,29
1781601375,gsm-8,osmo-stp-768687f494-shd7q,1,2
1781601375,gsm-8,ttcn3-tc-34-2-2-1-brhlj,1,6
1781601375,gsm-8,virtphy-86b4bdf559-ks45z,9,4
1781601377,gsm-8,msc-test-stub-5b875d749d-dxqzs,1,16
1781601377,gsm-8,osmo-bsc-594654bd47-5zskx,1,5
1781601377,gsm-8,osmo-bts-virtual-5f8b9b86fc-tvcxl,11,6
1781601377,gsm-8,osmo-hlr-546bdb8988-vb8bb,1,2
1781601377,gsm-8,osmo-mgw-8c8fc67d6-v9gr9,1,2
1781601377,gsm-8,osmo-mobile-7f88cc47b4-wjcqt,2,29
1781601377,gsm-8,osmo-stp-768687f494-shd7q,1,2
1781601377,gsm-8,ttcn3-tc-34-2-2-1-brhlj,1,6
1781601377,gsm-8,virtphy-86b4bdf559-ks45z,9,4
1781601380,gsm-8,msc-test-stub-5b875d749d-dxqzs,1,16
1781601380,gsm-8,osmo-bsc-594654bd47-5zskx,1,5
1781601380,gsm-8,osmo-bts-virtual-5f8b9b86fc-tvcxl,11,6
1781601380,gsm-8,osmo-hlr-546bdb8988-vb8bb,1,2
1781601380,gsm-8,osmo-mgw-8c8fc67d6-v9gr9,1,2
1781601380,gsm-8,osmo-mobile-7f88cc47b4-wjcqt,2,29
1781601380,gsm-8,osmo-stp-768687f494-shd7q,1,2
1781601380,gsm-8,ttcn3-tc-34-2-2-1-brhlj,1,6
1781601380,gsm-8,virtphy-86b4bdf559-ks45z,9,4
1781601382,gsm-8,msc-test-stub-5b875d749d-dxqzs,1,16
1781601382,gsm-8,osmo-bsc-594654bd47-5zskx,1,5
1781601382,gsm-8,osmo-bts-virtual-5f8b9b86fc-tvcxl,11,6
1781601382,gsm-8,osmo-hlr-546bdb8988-vb8bb,1,2
1781601382,gsm-8,osmo-mgw-8c8fc67d6-v9gr9,1,2
1781601382,gsm-8,osmo-mobile-7f88cc47b4-wjcqt,2,29
1781601382,gsm-8,osmo-stp-768687f494-shd7q,1,2
1781601382,gsm-8,ttcn3-tc-34-2-2-1-brhlj,1,6
1781601382,gsm-8,virtphy-86b4bdf559-ks45z,9,4
1781601384,gsm-8,msc-test-stub-5b875d749d-dxqzs,1,16
1781601384,gsm-8,osmo-bsc-594654bd47-5zskx,1,5
1781601384,gsm-8,osmo-bts-virtual-5f8b9b86fc-tvcxl,11,6
1781601384,gsm-8,osmo-hlr-546bdb8988-vb8bb,1,2
1781601384,gsm-8,osmo-mgw-8c8fc67d6-v9gr9,1,2
1781601384,gsm-8,osmo-mobile-7f88cc47b4-wjcqt,2,29
1781601384,gsm-8,osmo-stp-768687f494-shd7q,1,2
1781601384,gsm-8,ttcn3-tc-34-2-2-1-brhlj,1,6
1781601384,gsm-8,virtphy-86b4bdf559-ks45z,9,4
1781601386,gsm-8,msc-test-stub-5b875d749d-dxqzs,1,16
1781601386,gsm-8,osmo-bsc-594654bd47-5zskx,1,5
1781601386,gsm-8,osmo-bts-virtual-5f8b9b86fc-tvcxl,11,6
1781601386,gsm-8,osmo-hlr-546bdb8988-vb8bb,1,2
1781601386,gsm-8,osmo-mgw-8c8fc67d6-v9gr9,1,2
1781601386,gsm-8,osmo-mobile-7f88cc47b4-wjcqt,2,29
1781601386,gsm-8,osmo-stp-768687f494-shd7q,1,2
1781601386,gsm-8,ttcn3-tc-34-2-2-1-brhlj,1,6
1781601386,gsm-8,virtphy-86b4bdf559-ks45z,9,4
1781601388,gsm-8,msc-test-stub-5b875d749d-dxqzs,1,16
1781601388,gsm-8,osmo-bsc-594654bd47-5zskx,1,5
1781601388,gsm-8,osmo-bts-virtual-5f8b9b86fc-tvcxl,11,7
1781601388,gsm-8,osmo-hlr-546bdb8988-vb8bb,1,2
1781601388,gsm-8,osmo-mgw-8c8fc67d6-v9gr9,1,2
1781601388,gsm-8,osmo-mobile-7f88cc47b4-wjcqt,2,29
1781601388,gsm-8,osmo-stp-768687f494-shd7q,1,2
1781601388,gsm-8,ttcn3-tc-34-2-2-1-brhlj,1,6
1781601388,gsm-8,virtphy-86b4bdf559-ks45z,10,4
1781601391,gsm-8,msc-test-stub-5b875d749d-dxqzs,1,16
1781601391,gsm-8,osmo-bsc-594654bd47-5zskx,1,5
1781601391,gsm-8,osmo-bts-virtual-5f8b9b86fc-tvcxl,11,7
1781601391,gsm-8,osmo-hlr-546bdb8988-vb8bb,1,2
1781601391,gsm-8,osmo-mgw-8c8fc67d6-v9gr9,1,2
1781601391,gsm-8,osmo-mobile-7f88cc47b4-wjcqt,2,29
1781601391,gsm-8,osmo-stp-768687f494-shd7q,1,2
1781601391,gsm-8,ttcn3-tc-34-2-2-1-brhlj,1,6
1781601391,gsm-8,virtphy-86b4bdf559-ks45z,10,4
1781601393,gsm-8,msc-test-stub-5b875d749d-dxqzs,1,16
1781601393,gsm-8,osmo-bsc-594654bd47-5zskx,1,5
1781601393,gsm-8,osmo-bts-virtual-5f8b9b86fc-tvcxl,11,7
1781601393,gsm-8,osmo-hlr-546bdb8988-vb8bb,1,2
1781601393,gsm-8,osmo-mgw-8c8fc67d6-v9gr9,1,2
1781601393,gsm-8,osmo-mobile-7f88cc47b4-wjcqt,2,29
1781601393,gsm-8,osmo-stp-768687f494-shd7q,1,2
1781601393,gsm-8,ttcn3-tc-34-2-2-1-brhlj,1,6
1781601393,gsm-8,virtphy-86b4bdf559-ks45z,10,4
1781601395,gsm-8,msc-test-stub-5b875d749d-dxqzs,1,16
1781601395,gsm-8,osmo-bsc-594654bd47-5zskx,1,5
1781601395,gsm-8,osmo-bts-virtual-5f8b9b86fc-tvcxl,11,7
1781601395,gsm-8,osmo-hlr-546bdb8988-vb8bb,1,2
1781601395,gsm-8,osmo-mgw-8c8fc67d6-v9gr9,1,2
1781601395,gsm-8,osmo-mobile-7f88cc47b4-wjcqt,2,29
1781601395,gsm-8,osmo-stp-768687f494-shd7q,1,2
1781601395,gsm-8,ttcn3-tc-34-2-2-1-brhlj,1,6
1781601395,gsm-8,virtphy-86b4bdf559-ks45z,10,4
1781601397,gsm-8,msc-test-stub-5b875d749d-dxqzs,1,16
1781601397,gsm-8,osmo-bsc-594654bd47-5zskx,1,5
1781601397,gsm-8,osmo-bts-virtual-5f8b9b86fc-tvcxl,11,7
1781601397,gsm-8,osmo-hlr-546bdb8988-vb8bb,1,2
1781601397,gsm-8,osmo-mgw-8c8fc67d6-v9gr9,1,2
1781601397,gsm-8,osmo-mobile-7f88cc47b4-wjcqt,2,29
1781601397,gsm-8,osmo-stp-768687f494-shd7q,1,2
1781601397,gsm-8,ttcn3-tc-34-2-2-1-brhlj,1,6
1781601397,gsm-8,virtphy-86b4bdf559-ks45z,10,4
1781601399,gsm-8,msc-test-stub-5b875d749d-dxqzs,1,16
1781601399,gsm-8,osmo-bsc-594654bd47-5zskx,1,5
1781601399,gsm-8,osmo-bts-virtual-5f8b9b86fc-tvcxl,11,7
1781601399,gsm-8,osmo-hlr-546bdb8988-vb8bb,1,2
1781601399,gsm-8,osmo-mgw-8c8fc67d6-v9gr9,1,2
1781601399,gsm-8,osmo-mobile-7f88cc47b4-wjcqt,2,29
1781601399,gsm-8,osmo-stp-768687f494-shd7q,1,2
1781601399,gsm-8,ttcn3-tc-34-2-2-1-brhlj,1,6
1781601399,gsm-8,virtphy-86b4bdf559-ks45z,10,4
1781601401,gsm-8,msc-test-stub-5b875d749d-dxqzs,1,16
1781601401,gsm-8,osmo-bsc-594654bd47-5zskx,1,5
1781601401,gsm-8,osmo-bts-virtual-5f8b9b86fc-tvcxl,11,7
1781601401,gsm-8,osmo-hlr-546bdb8988-vb8bb,1,2
1781601401,gsm-8,osmo-mgw-8c8fc67d6-v9gr9,1,2
1781601401,gsm-8,osmo-mobile-7f88cc47b4-wjcqt,2,29
1781601401,gsm-8,osmo-stp-768687f494-shd7q,1,2
1781601401,gsm-8,ttcn3-tc-34-2-2-1-brhlj,1,6
1781601401,gsm-8,virtphy-86b4bdf559-ks45z,10,4
1781601403,gsm-8,msc-test-stub-5b875d749d-dxqzs,1,16
1781601403,gsm-8,osmo-bsc-594654bd47-5zskx,1,5
1781601403,gsm-8,osmo-bts-virtual-5f8b9b86fc-tvcxl,10,8
1781601403,gsm-8,osmo-hlr-546bdb8988-vb8bb,1,2
1781601403,gsm-8,osmo-mgw-8c8fc67d6-v9gr9,1,2
1781601403,gsm-8,osmo-mobile-7f88cc47b4-wjcqt,2,29
1781601403,gsm-8,osmo-stp-768687f494-shd7q,1,2
1781601403,gsm-8,ttcn3-tc-34-2-2-1-brhlj,1,6
1781601403,gsm-8,virtphy-86b4bdf559-ks45z,9,4
1781601405,gsm-8,msc-test-stub-5b875d749d-dxqzs,1,16
1781601405,gsm-8,osmo-bsc-594654bd47-5zskx,1,5
1781601405,gsm-8,osmo-bts-virtual-5f8b9b86fc-tvcxl,10,8
1781601405,gsm-8,osmo-hlr-546bdb8988-vb8bb,1,2
1781601405,gsm-8,osmo-mgw-8c8fc67d6-v9gr9,1,2
1781601405,gsm-8,osmo-mobile-7f88cc47b4-wjcqt,2,29
1781601405,gsm-8,osmo-stp-768687f494-shd7q,1,2
1781601405,gsm-8,ttcn3-tc-34-2-2-1-brhlj,1,6
1781601405,gsm-8,virtphy-86b4bdf559-ks45z,9,4
1781601407,gsm-8,msc-test-stub-5b875d749d-dxqzs,1,16
1781601407,gsm-8,osmo-bsc-594654bd47-5zskx,1,5
1781601407,gsm-8,osmo-bts-virtual-5f8b9b86fc-tvcxl,10,8
1781601407,gsm-8,osmo-hlr-546bdb8988-vb8bb,1,2
1781601407,gsm-8,osmo-mgw-8c8fc67d6-v9gr9,1,2
1781601407,gsm-8,osmo-mobile-7f88cc47b4-wjcqt,2,29
1781601407,gsm-8,osmo-stp-768687f494-shd7q,1,2
1781601407,gsm-8,ttcn3-tc-34-2-2-1-brhlj,1,6
1781601407,gsm-8,virtphy-86b4bdf559-ks45z,9,4
1781601409,gsm-8,msc-test-stub-5b875d749d-dxqzs,1,16
1781601409,gsm-8,osmo-bsc-594654bd47-5zskx,1,5
1781601409,gsm-8,osmo-bts-virtual-5f8b9b86fc-tvcxl,10,8
1781601409,gsm-8,osmo-hlr-546bdb8988-vb8bb,1,2
1781601409,gsm-8,osmo-mgw-8c8fc67d6-v9gr9,1,2
1781601409,gsm-8,osmo-mobile-7f88cc47b4-wjcqt,2,29
1781601409,gsm-8,osmo-stp-768687f494-shd7q,1,2
1781601409,gsm-8,ttcn3-tc-34-2-2-1-brhlj,1,6
1781601409,gsm-8,virtphy-86b4bdf559-ks45z,9,4
1781601412,gsm-8,msc-test-stub-5b875d749d-dxqzs,1,16
1781601412,gsm-8,osmo-bsc-594654bd47-5zskx,1,5
1781601412,gsm-8,osmo-bts-virtual-5f8b9b86fc-tvcxl,10,8
1781601412,gsm-8,osmo-hlr-546bdb8988-vb8bb,1,2
1781601412,gsm-8,osmo-mgw-8c8fc67d6-v9gr9,1,2
1781601412,gsm-8,osmo-mobile-7f88cc47b4-wjcqt,2,29
1781601412,gsm-8,osmo-stp-768687f494-shd7q,1,2
1781601412,gsm-8,ttcn3-tc-34-2-2-1-brhlj,1,6
1781601412,gsm-8,virtphy-86b4bdf559-ks45z,9,4
1781601414,gsm-8,msc-test-stub-5b875d749d-dxqzs,1,16
1781601414,gsm-8,osmo-bsc-594654bd47-5zskx,1,5
1781601414,gsm-8,osmo-bts-virtual-5f8b9b86fc-tvcxl,10,8
1781601414,gsm-8,osmo-hlr-546bdb8988-vb8bb,1,2
1781601414,gsm-8,osmo-mgw-8c8fc67d6-v9gr9,1,2
1781601414,gsm-8,osmo-mobile-7f88cc47b4-wjcqt,2,29
1781601414,gsm-8,osmo-stp-768687f494-shd7q,1,2
1781601414,gsm-8,ttcn3-tc-34-2-2-1-brhlj,1,6
1781601414,gsm-8,virtphy-86b4bdf559-ks45z,9,4
1781601416,gsm-8,msc-test-stub-5b875d749d-dxqzs,1,16
1781601416,gsm-8,osmo-bsc-594654bd47-5zskx,1,5
1781601416,gsm-8,osmo-bts-virtual-5f8b9b86fc-tvcxl,10,8
1781601416,gsm-8,osmo-hlr-546bdb8988-vb8bb,1,2
1781601416,gsm-8,osmo-mgw-8c8fc67d6-v9gr9,1,2
1781601416,gsm-8,osmo-mobile-7f88cc47b4-wjcqt,2,29
1781601416,gsm-8,osmo-stp-768687f494-shd7q,1,2
1781601416,gsm-8,ttcn3-tc-34-2-2-1-brhlj,1,6
1781601416,gsm-8,virtphy-86b4bdf559-ks45z,9,4
1781601418,gsm-8,msc-test-stub-5b875d749d-dxqzs,1,16
1781601418,gsm-8,osmo-bsc-594654bd47-5zskx,1,5
1781601418,gsm-8,osmo-bts-virtual-5f8b9b86fc-tvcxl,10,10
1781601418,gsm-8,osmo-hlr-546bdb8988-vb8bb,1,2
1781601418,gsm-8,osmo-mgw-8c8fc67d6-v9gr9,1,2
1781601418,gsm-8,osmo-mobile-7f88cc47b4-wjcqt,2,29
1781601418,gsm-8,osmo-stp-768687f494-shd7q,1,2
1781601418,gsm-8,ttcn3-tc-34-2-2-1-brhlj,1,6
1781601418,gsm-8,virtphy-86b4bdf559-ks45z,9,4
1781601420,gsm-8,msc-test-stub-5b875d749d-dxqzs,1,16
1781601420,gsm-8,osmo-bsc-594654bd47-5zskx,1,5
1781601420,gsm-8,osmo-bts-virtual-5f8b9b86fc-tvcxl,10,10
1781601420,gsm-8,osmo-hlr-546bdb8988-vb8bb,1,2
1781601420,gsm-8,osmo-mgw-8c8fc67d6-v9gr9,1,2
1781601420,gsm-8,osmo-mobile-7f88cc47b4-wjcqt,2,29
1781601420,gsm-8,osmo-stp-768687f494-shd7q,1,2
1781601420,gsm-8,ttcn3-tc-34-2-2-1-brhlj,1,6
1781601420,gsm-8,virtphy-86b4bdf559-ks45z,9,4
1781601422,gsm-8,msc-test-stub-5b875d749d-dxqzs,1,16
1781601422,gsm-8,osmo-bsc-594654bd47-5zskx,1,5
1781601422,gsm-8,osmo-bts-virtual-5f8b9b86fc-tvcxl,10,10
1781601422,gsm-8,osmo-hlr-546bdb8988-vb8bb,1,2
1781601422,gsm-8,osmo-mgw-8c8fc67d6-v9gr9,1,2
1781601422,gsm-8,osmo-mobile-7f88cc47b4-wjcqt,2,29
1781601422,gsm-8,osmo-stp-768687f494-shd7q,1,2
1781601422,gsm-8,ttcn3-tc-34-2-2-1-brhlj,1,6
1781601422,gsm-8,virtphy-86b4bdf559-ks45z,9,4
1781601424,gsm-8,msc-test-stub-5b875d749d-dxqzs,1,16
1781601424,gsm-8,osmo-bsc-594654bd47-5zskx,1,5
1781601424,gsm-8,osmo-bts-virtual-5f8b9b86fc-tvcxl,10,10
1781601424,gsm-8,osmo-hlr-546bdb8988-vb8bb,1,2
1781601424,gsm-8,osmo-mgw-8c8fc67d6-v9gr9,1,2
1781601424,gsm-8,osmo-mobile-7f88cc47b4-wjcqt,2,29
1781601424,gsm-8,osmo-stp-768687f494-shd7q,1,2
1781601424,gsm-8,ttcn3-tc-34-2-2-1-brhlj,1,6
1781601424,gsm-8,virtphy-86b4bdf559-ks45z,9,4
1781601426,gsm-8,msc-test-stub-5b875d749d-dxqzs,1,16
1781601426,gsm-8,osmo-bsc-594654bd47-5zskx,1,5
1781601426,gsm-8,osmo-bts-virtual-5f8b9b86fc-tvcxl,10,10
1781601426,gsm-8,osmo-hlr-546bdb8988-vb8bb,1,2
1781601426,gsm-8,osmo-mgw-8c8fc67d6-v9gr9,1,2
1781601426,gsm-8,osmo-mobile-7f88cc47b4-wjcqt,2,29
1781601426,gsm-8,osmo-stp-768687f494-shd7q,1,2
1781601426,gsm-8,ttcn3-tc-34-2-2-1-brhlj,1,6
1781601426,gsm-8,virtphy-86b4bdf559-ks45z,9,4
1781601428,gsm-8,msc-test-stub-5b875d749d-dxqzs,1,16
1781601428,gsm-8,osmo-bsc-594654bd47-5zskx,1,5
1781601428,gsm-8,osmo-bts-virtual-5f8b9b86fc-tvcxl,10,10
1781601428,gsm-8,osmo-hlr-546bdb8988-vb8bb,1,2
1781601428,gsm-8,osmo-mgw-8c8fc67d6-v9gr9,1,2
1781601428,gsm-8,osmo-mobile-7f88cc47b4-wjcqt,2,29
1781601428,gsm-8,osmo-stp-768687f494-shd7q,1,2
1781601428,gsm-8,ttcn3-tc-34-2-2-1-brhlj,1,6
1781601428,gsm-8,virtphy-86b4bdf559-ks45z,9,4
1781601431,gsm-8,msc-test-stub-5b875d749d-dxqzs,1,16
1781601431,gsm-8,osmo-bsc-594654bd47-5zskx,1,5
1781601431,gsm-8,osmo-bts-virtual-5f8b9b86fc-tvcxl,10,10
1781601431,gsm-8,osmo-hlr-546bdb8988-vb8bb,1,2
1781601431,gsm-8,osmo-mgw-8c8fc67d6-v9gr9,1,2
1781601431,gsm-8,osmo-mobile-7f88cc47b4-wjcqt,2,29
1781601431,gsm-8,osmo-stp-768687f494-shd7q,1,2
1781601431,gsm-8,ttcn3-tc-34-2-2-1-brhlj,1,6
1781601431,gsm-8,virtphy-86b4bdf559-ks45z,9,4
1781601433,gsm-8,msc-test-stub-5b875d749d-dxqzs,1,16
1781601433,gsm-8,osmo-bsc-594654bd47-5zskx,1,5
1781601433,gsm-8,osmo-bts-virtual-5f8b9b86fc-tvcxl,11,9
1781601433,gsm-8,osmo-hlr-546bdb8988-vb8bb,1,2
1781601433,gsm-8,osmo-mgw-8c8fc67d6-v9gr9,1,2
1781601433,gsm-8,osmo-mobile-7f88cc47b4-wjcqt,2,29
1781601433,gsm-8,osmo-stp-768687f494-shd7q,1,2
1781601433,gsm-8,ttcn3-tc-34-2-2-1-brhlj,1,6
1781601433,gsm-8,virtphy-86b4bdf559-ks45z,8,2
1781601435,gsm-8,msc-test-stub-5b875d749d-dxqzs,1,16
1781601435,gsm-8,osmo-bsc-594654bd47-5zskx,1,5
1781601435,gsm-8,osmo-bts-virtual-5f8b9b86fc-tvcxl,11,9
1781601435,gsm-8,osmo-hlr-546bdb8988-vb8bb,1,2
1781601435,gsm-8,osmo-mgw-8c8fc67d6-v9gr9,1,2
1781601435,gsm-8,osmo-mobile-7f88cc47b4-wjcqt,2,29
1781601435,gsm-8,osmo-stp-768687f494-shd7q,1,2
1781601435,gsm-8,ttcn3-tc-34-2-2-1-brhlj,1,6
1781601435,gsm-8,virtphy-86b4bdf559-ks45z,8,2
1781601437,gsm-8,msc-test-stub-5b875d749d-dxqzs,1,16
1781601437,gsm-8,osmo-bsc-594654bd47-5zskx,1,5
1781601437,gsm-8,osmo-bts-virtual-5f8b9b86fc-tvcxl,11,9
1781601437,gsm-8,osmo-hlr-546bdb8988-vb8bb,1,2
1781601437,gsm-8,osmo-mgw-8c8fc67d6-v9gr9,1,2
1781601437,gsm-8,osmo-mobile-7f88cc47b4-wjcqt,2,29
1781601437,gsm-8,osmo-stp-768687f494-shd7q,1,2
1781601437,gsm-8,ttcn3-tc-34-2-2-1-brhlj,1,6
1781601437,gsm-8,virtphy-86b4bdf559-ks45z,8,2
1781601439,gsm-8,msc-test-stub-5b875d749d-dxqzs,1,16
1781601439,gsm-8,osmo-bsc-594654bd47-5zskx,1,5
1781601439,gsm-8,osmo-bts-virtual-5f8b9b86fc-tvcxl,11,9
1781601439,gsm-8,osmo-hlr-546bdb8988-vb8bb,1,2
1781601439,gsm-8,osmo-mgw-8c8fc67d6-v9gr9,1,2
1781601439,gsm-8,osmo-mobile-7f88cc47b4-wjcqt,2,29
1781601439,gsm-8,osmo-stp-768687f494-shd7q,1,2
1781601439,gsm-8,ttcn3-tc-34-2-2-1-brhlj,1,6
1781601439,gsm-8,virtphy-86b4bdf559-ks45z,8,2
1781601441,gsm-8,msc-test-stub-5b875d749d-dxqzs,1,16
1781601441,gsm-8,osmo-bsc-594654bd47-5zskx,1,5
1781601441,gsm-8,osmo-bts-virtual-5f8b9b86fc-tvcxl,11,9
1781601441,gsm-8,osmo-hlr-546bdb8988-vb8bb,1,2
1781601441,gsm-8,osmo-mgw-8c8fc67d6-v9gr9,1,2
1781601441,gsm-8,osmo-mobile-7f88cc47b4-wjcqt,2,29
1781601441,gsm-8,osmo-stp-768687f494-shd7q,1,2
1781601441,gsm-8,ttcn3-tc-34-2-2-1-brhlj,1,6
1781601441,gsm-8,virtphy-86b4bdf559-ks45z,8,2
1781601443,gsm-8,msc-test-stub-5b875d749d-dxqzs,1,16
1781601443,gsm-8,osmo-bsc-594654bd47-5zskx,1,5
1781601443,gsm-8,osmo-bts-virtual-5f8b9b86fc-tvcxl,11,9
1781601443,gsm-8,osmo-hlr-546bdb8988-vb8bb,1,2
1781601443,gsm-8,osmo-mgw-8c8fc67d6-v9gr9,1,2
1781601443,gsm-8,osmo-mobile-7f88cc47b4-wjcqt,2,29
1781601443,gsm-8,osmo-stp-768687f494-shd7q,1,2
1781601443,gsm-8,ttcn3-tc-34-2-2-1-brhlj,1,6
1781601443,gsm-8,virtphy-86b4bdf559-ks45z,8,2
1781601445,gsm-8,msc-test-stub-5b875d749d-dxqzs,1,16
1781601445,gsm-8,osmo-bsc-594654bd47-5zskx,1,5
1781601445,gsm-8,osmo-bts-virtual-5f8b9b86fc-tvcxl,11,9
1781601445,gsm-8,osmo-hlr-546bdb8988-vb8bb,1,2
1781601445,gsm-8,osmo-mgw-8c8fc67d6-v9gr9,1,2
1781601445,gsm-8,osmo-mobile-7f88cc47b4-wjcqt,2,29
1781601445,gsm-8,osmo-stp-768687f494-shd7q,1,2
1781601445,gsm-8,ttcn3-tc-34-2-2-1-brhlj,1,6
1781601445,gsm-8,virtphy-86b4bdf559-ks45z,8,2
1781601447,gsm-8,msc-test-stub-5b875d749d-dxqzs,1,16
1781601447,gsm-8,osmo-bsc-594654bd47-5zskx,1,5
1781601447,gsm-8,osmo-bts-virtual-5f8b9b86fc-tvcxl,10,10
1781601447,gsm-8,osmo-hlr-546bdb8988-vb8bb,1,2
1781601447,gsm-8,osmo-mgw-8c8fc67d6-v9gr9,1,2
1781601447,gsm-8,osmo-mobile-7f88cc47b4-wjcqt,2,29
1781601447,gsm-8,osmo-stp-768687f494-shd7q,1,2
1781601447,gsm-8,ttcn3-tc-34-2-2-1-brhlj,1,6
1781601447,gsm-8,virtphy-86b4bdf559-ks45z,8,3
1781601449,gsm-8,msc-test-stub-5b875d749d-dxqzs,1,16
1781601449,gsm-8,osmo-bsc-594654bd47-5zskx,1,5
1781601449,gsm-8,osmo-bts-virtual-5f8b9b86fc-tvcxl,10,10
1781601449,gsm-8,osmo-hlr-546bdb8988-vb8bb,1,2
1781601449,gsm-8,osmo-mgw-8c8fc67d6-v9gr9,1,2
1781601449,gsm-8,osmo-mobile-7f88cc47b4-wjcqt,2,29
1781601449,gsm-8,osmo-stp-768687f494-shd7q,1,2
1781601449,gsm-8,ttcn3-tc-34-2-2-1-brhlj,1,6
1781601449,gsm-8,virtphy-86b4bdf559-ks45z,8,3
1781601452,gsm-8,msc-test-stub-5b875d749d-dxqzs,1,16
1781601452,gsm-8,osmo-bsc-594654bd47-5zskx,1,5
1781601452,gsm-8,osmo-bts-virtual-5f8b9b86fc-tvcxl,10,10
1781601452,gsm-8,osmo-hlr-546bdb8988-vb8bb,1,2
1781601452,gsm-8,osmo-mgw-8c8fc67d6-v9gr9,1,2
1781601452,gsm-8,osmo-mobile-7f88cc47b4-wjcqt,2,29
1781601452,gsm-8,osmo-stp-768687f494-shd7q,1,2
1781601452,gsm-8,ttcn3-tc-34-2-2-1-brhlj,1,6
1781601452,gsm-8,virtphy-86b4bdf559-ks45z,8,3
1781601454,gsm-8,msc-test-stub-5b875d749d-dxqzs,1,16
1781601454,gsm-8,osmo-bsc-594654bd47-5zskx,1,5
1781601454,gsm-8,osmo-bts-virtual-5f8b9b86fc-tvcxl,10,10
1781601454,gsm-8,osmo-hlr-546bdb8988-vb8bb,1,2
1781601454,gsm-8,osmo-mgw-8c8fc67d6-v9gr9,1,2
1781601454,gsm-8,osmo-mobile-7f88cc47b4-wjcqt,2,29
1781601454,gsm-8,osmo-stp-768687f494-shd7q,1,2
1781601454,gsm-8,ttcn3-tc-34-2-2-1-brhlj,1,6
1781601454,gsm-8,virtphy-86b4bdf559-ks45z,8,3
1781601456,gsm-8,msc-test-stub-5b875d749d-dxqzs,1,16
1781601456,gsm-8,osmo-bsc-594654bd47-5zskx,1,5
1781601456,gsm-8,osmo-bts-virtual-5f8b9b86fc-tvcxl,10,10
1781601456,gsm-8,osmo-hlr-546bdb8988-vb8bb,1,2
1781601456,gsm-8,osmo-mgw-8c8fc67d6-v9gr9,1,2
1781601456,gsm-8,osmo-mobile-7f88cc47b4-wjcqt,2,29
1781601456,gsm-8,osmo-stp-768687f494-shd7q,1,2
1781601456,gsm-8,ttcn3-tc-34-2-2-1-brhlj,1,6
1781601456,gsm-8,virtphy-86b4bdf559-ks45z,8,3
1781601458,gsm-8,msc-test-stub-5b875d749d-dxqzs,1,16
1781601458,gsm-8,osmo-bsc-594654bd47-5zskx,1,5
1781601458,gsm-8,osmo-bts-virtual-5f8b9b86fc-tvcxl,10,10
1781601458,gsm-8,osmo-hlr-546bdb8988-vb8bb,1,2
1781601458,gsm-8,osmo-mgw-8c8fc67d6-v9gr9,1,2
1781601458,gsm-8,osmo-mobile-7f88cc47b4-wjcqt,2,29
1781601458,gsm-8,osmo-stp-768687f494-shd7q,1,2
1781601458,gsm-8,ttcn3-tc-34-2-2-1-brhlj,1,6
1781601458,gsm-8,virtphy-86b4bdf559-ks45z,8,3
1781601461,gsm-8,msc-test-stub-5b875d749d-dxqzs,1,16
1781601461,gsm-8,osmo-bsc-594654bd47-5zskx,1,5
1781601461,gsm-8,osmo-bts-virtual-5f8b9b86fc-tvcxl,10,10
1781601461,gsm-8,osmo-hlr-546bdb8988-vb8bb,1,2
1781601461,gsm-8,osmo-mgw-8c8fc67d6-v9gr9,1,2
1781601461,gsm-8,osmo-mobile-7f88cc47b4-wjcqt,2,29
1781601461,gsm-8,osmo-stp-768687f494-shd7q,1,2
1781601461,gsm-8,ttcn3-tc-34-2-2-1-brhlj,1,6
1781601461,gsm-8,virtphy-86b4bdf559-ks45z,8,3
1781601463,gsm-8,msc-test-stub-5b875d749d-dxqzs,1,16
1781601463,gsm-8,osmo-bsc-594654bd47-5zskx,1,5
1781601463,gsm-8,osmo-bts-virtual-5f8b9b86fc-tvcxl,10,10
1781601463,gsm-8,osmo-hlr-546bdb8988-vb8bb,1,2
1781601463,gsm-8,osmo-mgw-8c8fc67d6-v9gr9,1,2
1781601463,gsm-8,osmo-mobile-7f88cc47b4-wjcqt,2,29
1781601463,gsm-8,osmo-stp-768687f494-shd7q,1,2
1781601463,gsm-8,ttcn3-tc-34-2-2-1-brhlj,1,6
1781601463,gsm-8,virtphy-86b4bdf559-ks45z,9,4
1781601465,gsm-8,msc-test-stub-5b875d749d-dxqzs,1,16
1781601465,gsm-8,osmo-bsc-594654bd47-5zskx,1,5
1781601465,gsm-8,osmo-bts-virtual-5f8b9b86fc-tvcxl,10,10
1781601465,gsm-8,osmo-hlr-546bdb8988-vb8bb,1,2
1781601465,gsm-8,osmo-mgw-8c8fc67d6-v9gr9,1,2
1781601465,gsm-8,osmo-mobile-7f88cc47b4-wjcqt,2,29
1781601465,gsm-8,osmo-stp-768687f494-shd7q,1,2
1781601465,gsm-8,ttcn3-tc-34-2-2-1-brhlj,1,6
1781601465,gsm-8,virtphy-86b4bdf559-ks45z,9,4
1781601467,gsm-8,msc-test-stub-5b875d749d-dxqzs,1,16
1781601467,gsm-8,osmo-bsc-594654bd47-5zskx,1,5
1781601467,gsm-8,osmo-bts-virtual-5f8b9b86fc-tvcxl,10,10
1781601467,gsm-8,osmo-hlr-546bdb8988-vb8bb,1,2
1781601467,gsm-8,osmo-mgw-8c8fc67d6-v9gr9,1,2
1781601467,gsm-8,osmo-mobile-7f88cc47b4-wjcqt,2,29
1781601467,gsm-8,osmo-stp-768687f494-shd7q,1,2
1781601467,gsm-8,ttcn3-tc-34-2-2-1-brhlj,1,6
1781601467,gsm-8,virtphy-86b4bdf559-ks45z,9,4
1781601469,gsm-8,msc-test-stub-5b875d749d-dxqzs,1,16
1781601469,gsm-8,osmo-bsc-594654bd47-5zskx,1,5
1781601469,gsm-8,osmo-bts-virtual-5f8b9b86fc-tvcxl,10,10
1781601469,gsm-8,osmo-hlr-546bdb8988-vb8bb,1,2
1781601469,gsm-8,osmo-mgw-8c8fc67d6-v9gr9,1,2
1781601469,gsm-8,osmo-mobile-7f88cc47b4-wjcqt,2,29
1781601469,gsm-8,osmo-stp-768687f494-shd7q,1,2
1781601469,gsm-8,ttcn3-tc-34-2-2-1-brhlj,1,6
1781601469,gsm-8,virtphy-86b4bdf559-ks45z,9,4
1781601471,gsm-8,msc-test-stub-5b875d749d-dxqzs,1,16
1781601471,gsm-8,osmo-bsc-594654bd47-5zskx,1,5
1781601471,gsm-8,osmo-bts-virtual-5f8b9b86fc-tvcxl,10,10
1781601471,gsm-8,osmo-hlr-546bdb8988-vb8bb,1,2
1781601471,gsm-8,osmo-mgw-8c8fc67d6-v9gr9,1,2
1781601471,gsm-8,osmo-mobile-7f88cc47b4-wjcqt,2,29
1781601471,gsm-8,osmo-stp-768687f494-shd7q,1,2
1781601471,gsm-8,ttcn3-tc-34-2-2-1-brhlj,1,6
1781601471,gsm-8,virtphy-86b4bdf559-ks45z,9,4
1781601473,gsm-8,msc-test-stub-5b875d749d-dxqzs,1,16
1781601473,gsm-8,osmo-bsc-594654bd47-5zskx,1,5
1781601473,gsm-8,osmo-bts-virtual-5f8b9b86fc-tvcxl,10,10
1781601473,gsm-8,osmo-hlr-546bdb8988-vb8bb,1,2
1781601473,gsm-8,osmo-mgw-8c8fc67d6-v9gr9,1,2
1781601473,gsm-8,osmo-mobile-7f88cc47b4-wjcqt,2,29
1781601473,gsm-8,osmo-stp-768687f494-shd7q,1,2
1781601473,gsm-8,ttcn3-tc-34-2-2-1-brhlj,1,6
1781601473,gsm-8,virtphy-86b4bdf559-ks45z,9,4
1781601475,gsm-8,msc-test-stub-5b875d749d-dxqzs,1,16
1781601475,gsm-8,osmo-bsc-594654bd47-5zskx,1,5
1781601475,gsm-8,osmo-bts-virtual-5f8b9b86fc-tvcxl,10,10
1781601475,gsm-8,osmo-hlr-546bdb8988-vb8bb,1,2
1781601475,gsm-8,osmo-mgw-8c8fc67d6-v9gr9,1,2
1781601475,gsm-8,osmo-mobile-7f88cc47b4-wjcqt,2,29
1781601475,gsm-8,osmo-stp-768687f494-shd7q,1,2
1781601475,gsm-8,ttcn3-tc-34-2-2-1-brhlj,1,6
1781601475,gsm-8,virtphy-86b4bdf559-ks45z,9,4
1781601477,gsm-8,msc-test-stub-5b875d749d-dxqzs,1,16
1781601477,gsm-8,osmo-bsc-594654bd47-5zskx,1,5
1781601477,gsm-8,osmo-bts-virtual-5f8b9b86fc-tvcxl,10,6
1781601477,gsm-8,osmo-hlr-546bdb8988-vb8bb,1,2
1781601477,gsm-8,osmo-mgw-8c8fc67d6-v9gr9,1,2
1781601477,gsm-8,osmo-mobile-7f88cc47b4-wjcqt,2,29
1781601477,gsm-8,osmo-stp-768687f494-shd7q,1,2
1781601477,gsm-8,ttcn3-tc-34-2-2-1-brhlj,1,6
1781601477,gsm-8,virtphy-86b4bdf559-ks45z,9,4
1781601479,gsm-8,msc-test-stub-5b875d749d-dxqzs,1,16
1781601479,gsm-8,osmo-bsc-594654bd47-5zskx,1,5
1781601479,gsm-8,osmo-bts-virtual-5f8b9b86fc-tvcxl,10,6
1781601479,gsm-8,osmo-hlr-546bdb8988-vb8bb,1,2
1781601479,gsm-8,osmo-mgw-8c8fc67d6-v9gr9,1,2
1781601479,gsm-8,osmo-mobile-7f88cc47b4-wjcqt,2,29
1781601479,gsm-8,osmo-stp-768687f494-shd7q,1,2
1781601479,gsm-8,ttcn3-tc-34-2-2-1-brhlj,1,6
1781601479,gsm-8,virtphy-86b4bdf559-ks45z,9,4
1781601481,gsm-8,msc-test-stub-5b875d749d-dxqzs,1,16
1781601481,gsm-8,osmo-bsc-594654bd47-5zskx,1,5
1781601481,gsm-8,osmo-bts-virtual-5f8b9b86fc-tvcxl,10,6
1781601481,gsm-8,osmo-hlr-546bdb8988-vb8bb,1,2
1781601481,gsm-8,osmo-mgw-8c8fc67d6-v9gr9,1,2
1781601481,gsm-8,osmo-mobile-7f88cc47b4-wjcqt,2,29
1781601481,gsm-8,osmo-stp-768687f494-shd7q,1,2
1781601481,gsm-8,ttcn3-tc-34-2-2-1-brhlj,1,6
1781601481,gsm-8,virtphy-86b4bdf559-ks45z,9,4
1781601483,gsm-8,msc-test-stub-5b875d749d-dxqzs,1,16
1781601483,gsm-8,osmo-bsc-594654bd47-5zskx,1,5
1781601483,gsm-8,osmo-bts-virtual-5f8b9b86fc-tvcxl,10,6
1781601483,gsm-8,osmo-hlr-546bdb8988-vb8bb,1,2
1781601483,gsm-8,osmo-mgw-8c8fc67d6-v9gr9,1,2
1781601483,gsm-8,osmo-mobile-7f88cc47b4-wjcqt,2,29
1781601483,gsm-8,osmo-stp-768687f494-shd7q,1,2
1781601483,gsm-8,ttcn3-tc-34-2-2-1-brhlj,1,6
1781601483,gsm-8,virtphy-86b4bdf559-ks45z,9,4
1781601485,gsm-8,msc-test-stub-5b875d749d-dxqzs,1,16
1781601485,gsm-8,osmo-bsc-594654bd47-5zskx,1,5
1781601485,gsm-8,osmo-bts-virtual-5f8b9b86fc-tvcxl,10,6
1781601485,gsm-8,osmo-hlr-546bdb8988-vb8bb,1,2
1781601485,gsm-8,osmo-mgw-8c8fc67d6-v9gr9,1,2
1781601485,gsm-8,osmo-mobile-7f88cc47b4-wjcqt,2,29
1781601485,gsm-8,osmo-stp-768687f494-shd7q,1,2
1781601485,gsm-8,ttcn3-tc-34-2-2-1-brhlj,1,6
1781601485,gsm-8,virtphy-86b4bdf559-ks45z,9,4
1781601487,gsm-8,msc-test-stub-5b875d749d-dxqzs,1,16
1781601487,gsm-8,osmo-bsc-594654bd47-5zskx,1,5
1781601487,gsm-8,osmo-bts-virtual-5f8b9b86fc-tvcxl,10,6
1781601487,gsm-8,osmo-hlr-546bdb8988-vb8bb,1,2
1781601487,gsm-8,osmo-mgw-8c8fc67d6-v9gr9,1,2
1781601487,gsm-8,osmo-mobile-7f88cc47b4-wjcqt,2,29
1781601487,gsm-8,osmo-stp-768687f494-shd7q,1,2
1781601487,gsm-8,ttcn3-tc-34-2-2-1-brhlj,1,6
1781601487,gsm-8,virtphy-86b4bdf559-ks45z,9,4
1781601491,gsm-8,msc-test-stub-5b875d749d-dxqzs,1,16
1781601491,gsm-8,osmo-bsc-594654bd47-5zskx,1,5
1781601491,gsm-8,osmo-bts-virtual-5f8b9b86fc-tvcxl,10,6
1781601491,gsm-8,osmo-hlr-546bdb8988-vb8bb,1,2
1781601491,gsm-8,osmo-mgw-8c8fc67d6-v9gr9,1,2
1781601491,gsm-8,osmo-mobile-7f88cc47b4-wjcqt,2,29
1781601491,gsm-8,osmo-stp-768687f494-shd7q,1,2
1781601491,gsm-8,ttcn3-tc-34-2-2-1-brhlj,1,6
1781601491,gsm-8,virtphy-86b4bdf559-ks45z,9,4
1781601493,gsm-8,msc-test-stub-5b875d749d-dxqzs,1,16
1781601493,gsm-8,osmo-bsc-594654bd47-5zskx,1,5
1781601493,gsm-8,osmo-bts-virtual-5f8b9b86fc-tvcxl,10,9
1781601493,gsm-8,osmo-hlr-546bdb8988-vb8bb,1,2
1781601493,gsm-8,osmo-mgw-8c8fc67d6-v9gr9,1,2
1781601493,gsm-8,osmo-mobile-7f88cc47b4-wjcqt,2,29
1781601493,gsm-8,osmo-stp-768687f494-shd7q,1,2
1781601493,gsm-8,ttcn3-tc-34-2-2-1-brhlj,1,6
1781601493,gsm-8,virtphy-86b4bdf559-ks45z,9,3
1781601495,gsm-8,msc-test-stub-5b875d749d-dxqzs,1,16
1781601495,gsm-8,osmo-bsc-594654bd47-5zskx,1,5
1781601495,gsm-8,osmo-bts-virtual-5f8b9b86fc-tvcxl,10,9
1781601495,gsm-8,osmo-hlr-546bdb8988-vb8bb,1,2
1781601495,gsm-8,osmo-mgw-8c8fc67d6-v9gr9,1,2
1781601495,gsm-8,osmo-mobile-7f88cc47b4-wjcqt,2,29
1781601495,gsm-8,osmo-stp-768687f494-shd7q,1,2
1781601495,gsm-8,ttcn3-tc-34-2-2-1-brhlj,1,6
1781601495,gsm-8,virtphy-86b4bdf559-ks45z,9,3
1781601497,gsm-8,msc-test-stub-5b875d749d-dxqzs,1,16
1781601497,gsm-8,osmo-bsc-594654bd47-5zskx,1,5
1781601497,gsm-8,osmo-bts-virtual-5f8b9b86fc-tvcxl,10,9
1781601497,gsm-8,osmo-hlr-546bdb8988-vb8bb,1,2
1781601497,gsm-8,osmo-mgw-8c8fc67d6-v9gr9,1,2
1781601497,gsm-8,osmo-mobile-7f88cc47b4-wjcqt,2,29
1781601497,gsm-8,osmo-stp-768687f494-shd7q,1,2
1781601497,gsm-8,ttcn3-tc-34-2-2-1-brhlj,1,6
1781601497,gsm-8,virtphy-86b4bdf559-ks45z,9,3
1781601499,gsm-8,msc-test-stub-5b875d749d-dxqzs,1,16
1781601499,gsm-8,osmo-bsc-594654bd47-5zskx,1,5
1781601499,gsm-8,osmo-bts-virtual-5f8b9b86fc-tvcxl,10,9
1781601499,gsm-8,osmo-hlr-546bdb8988-vb8bb,1,2
1781601499,gsm-8,osmo-mgw-8c8fc67d6-v9gr9,1,2
1781601499,gsm-8,osmo-mobile-7f88cc47b4-wjcqt,2,29
1781601499,gsm-8,osmo-stp-768687f494-shd7q,1,2
1781601499,gsm-8,ttcn3-tc-34-2-2-1-brhlj,1,6
1781601499,gsm-8,virtphy-86b4bdf559-ks45z,9,3
1781601501,gsm-8,msc-test-stub-5b875d749d-dxqzs,1,16
1781601501,gsm-8,osmo-bsc-594654bd47-5zskx,1,5
1781601501,gsm-8,osmo-bts-virtual-5f8b9b86fc-tvcxl,10,9
1781601501,gsm-8,osmo-hlr-546bdb8988-vb8bb,1,2
1781601501,gsm-8,osmo-mgw-8c8fc67d6-v9gr9,1,2
1781601501,gsm-8,osmo-mobile-7f88cc47b4-wjcqt,2,29
1781601501,gsm-8,osmo-stp-768687f494-shd7q,1,2
1781601501,gsm-8,ttcn3-tc-34-2-2-1-brhlj,1,6
1781601501,gsm-8,virtphy-86b4bdf559-ks45z,9,3
1781601503,gsm-8,msc-test-stub-5b875d749d-dxqzs,1,16
1781601503,gsm-8,osmo-bsc-594654bd47-5zskx,1,5
1781601503,gsm-8,osmo-bts-virtual-5f8b9b86fc-tvcxl,10,9
1781601503,gsm-8,osmo-hlr-546bdb8988-vb8bb,1,2
1781601503,gsm-8,osmo-mgw-8c8fc67d6-v9gr9,1,2
1781601503,gsm-8,osmo-mobile-7f88cc47b4-wjcqt,2,29
1781601503,gsm-8,osmo-stp-768687f494-shd7q,1,2
1781601503,gsm-8,ttcn3-tc-34-2-2-1-brhlj,1,6
1781601503,gsm-8,virtphy-86b4bdf559-ks45z,9,3
1781601505,gsm-8,msc-test-stub-5b875d749d-dxqzs,1,16
1781601505,gsm-8,osmo-bsc-594654bd47-5zskx,1,5
1781601505,gsm-8,osmo-bts-virtual-5f8b9b86fc-tvcxl,10,9
1781601505,gsm-8,osmo-hlr-546bdb8988-vb8bb,1,2
1781601505,gsm-8,osmo-mgw-8c8fc67d6-v9gr9,1,2
1781601505,gsm-8,osmo-mobile-7f88cc47b4-wjcqt,2,29
1781601505,gsm-8,osmo-stp-768687f494-shd7q,1,2
1781601505,gsm-8,ttcn3-tc-34-2-2-1-brhlj,1,6
1781601505,gsm-8,virtphy-86b4bdf559-ks45z,9,3
1781601507,gsm-8,msc-test-stub-5b875d749d-dxqzs,1,16
1781601507,gsm-8,osmo-bsc-594654bd47-5zskx,1,5
1781601507,gsm-8,osmo-bts-virtual-5f8b9b86fc-tvcxl,11,6
1781601507,gsm-8,osmo-hlr-546bdb8988-vb8bb,1,2
1781601507,gsm-8,osmo-mgw-8c8fc67d6-v9gr9,1,2
1781601507,gsm-8,osmo-mobile-7f88cc47b4-wjcqt,4,30
1781601507,gsm-8,osmo-stp-768687f494-shd7q,1,2
1781601507,gsm-8,ttcn3-tc-34-2-2-1-brhlj,1,6
1781601507,gsm-8,virtphy-86b4bdf559-ks45z,9,1
1781601509,gsm-8,msc-test-stub-5b875d749d-dxqzs,1,16
1781601509,gsm-8,osmo-bsc-594654bd47-5zskx,1,5
1781601509,gsm-8,osmo-bts-virtual-5f8b9b86fc-tvcxl,11,6
1781601509,gsm-8,osmo-hlr-546bdb8988-vb8bb,1,2
1781601509,gsm-8,osmo-mgw-8c8fc67d6-v9gr9,1,2
1781601509,gsm-8,osmo-mobile-7f88cc47b4-wjcqt,4,30
1781601509,gsm-8,osmo-stp-768687f494-shd7q,1,2
1781601509,gsm-8,ttcn3-tc-34-2-2-1-brhlj,1,6
1781601509,gsm-8,virtphy-86b4bdf559-ks45z,9,1
1781601511,gsm-8,msc-test-stub-5b875d749d-dxqzs,1,16
1781601511,gsm-8,osmo-bsc-594654bd47-5zskx,1,5
1781601511,gsm-8,osmo-bts-virtual-5f8b9b86fc-tvcxl,11,6
1781601511,gsm-8,osmo-hlr-546bdb8988-vb8bb,1,2
1781601511,gsm-8,osmo-mgw-8c8fc67d6-v9gr9,1,2
1781601511,gsm-8,osmo-mobile-7f88cc47b4-wjcqt,4,30
1781601511,gsm-8,osmo-stp-768687f494-shd7q,1,2
1781601511,gsm-8,ttcn3-tc-34-2-2-1-brhlj,1,6
1781601511,gsm-8,virtphy-86b4bdf559-ks45z,9,1
1781601513,gsm-8,msc-test-stub-5b875d749d-dxqzs,1,16
1781601513,gsm-8,osmo-bsc-594654bd47-5zskx,1,5
1781601513,gsm-8,osmo-bts-virtual-5f8b9b86fc-tvcxl,11,6
1781601513,gsm-8,osmo-hlr-546bdb8988-vb8bb,1,2
1781601513,gsm-8,osmo-mgw-8c8fc67d6-v9gr9,1,2
1781601513,gsm-8,osmo-mobile-7f88cc47b4-wjcqt,4,30
1781601513,gsm-8,osmo-stp-768687f494-shd7q,1,2
1781601513,gsm-8,ttcn3-tc-34-2-2-1-brhlj,1,6
1781601513,gsm-8,virtphy-86b4bdf559-ks45z,9,1
1781601515,gsm-8,msc-test-stub-5b875d749d-dxqzs,1,16
1781601515,gsm-8,osmo-bsc-594654bd47-5zskx,1,5
1781601515,gsm-8,osmo-bts-virtual-5f8b9b86fc-tvcxl,11,6
1781601515,gsm-8,osmo-hlr-546bdb8988-vb8bb,1,2
1781601515,gsm-8,osmo-mgw-8c8fc67d6-v9gr9,1,2
1781601515,gsm-8,osmo-mobile-7f88cc47b4-wjcqt,4,30
1781601515,gsm-8,osmo-stp-768687f494-shd7q,1,2
1781601515,gsm-8,ttcn3-tc-34-2-2-1-brhlj,1,6
1781601515,gsm-8,virtphy-86b4bdf559-ks45z,9,1
1781601517,gsm-8,msc-test-stub-5b875d749d-dxqzs,1,16
1781601517,gsm-8,osmo-bsc-594654bd47-5zskx,1,5
1781601517,gsm-8,osmo-bts-virtual-5f8b9b86fc-tvcxl,11,6
1781601517,gsm-8,osmo-hlr-546bdb8988-vb8bb,1,2
1781601517,gsm-8,osmo-mgw-8c8fc67d6-v9gr9,1,2
1781601517,gsm-8,osmo-mobile-7f88cc47b4-wjcqt,4,30
1781601517,gsm-8,osmo-stp-768687f494-shd7q,1,2
1781601517,gsm-8,ttcn3-tc-34-2-2-1-brhlj,1,6
1781601517,gsm-8,virtphy-86b4bdf559-ks45z,9,1
1781601520,gsm-8,msc-test-stub-5b875d749d-dxqzs,1,16
1781601520,gsm-8,osmo-bsc-594654bd47-5zskx,1,5
1781601520,gsm-8,osmo-bts-virtual-5f8b9b86fc-tvcxl,11,6
1781601520,gsm-8,osmo-hlr-546bdb8988-vb8bb,1,2
1781601520,gsm-8,osmo-mgw-8c8fc67d6-v9gr9,1,2
1781601520,gsm-8,osmo-mobile-7f88cc47b4-wjcqt,4,30
1781601520,gsm-8,osmo-stp-768687f494-shd7q,1,2
1781601520,gsm-8,ttcn3-tc-34-2-2-1-brhlj,1,6
1781601520,gsm-8,virtphy-86b4bdf559-ks45z,9,1
1781601522,gsm-8,msc-test-stub-5b875d749d-dxqzs,1,16
1781601522,gsm-8,osmo-bsc-594654bd47-5zskx,1,5
1781601522,gsm-8,osmo-bts-virtual-5f8b9b86fc-tvcxl,11,6
1781601522,gsm-8,osmo-hlr-546bdb8988-vb8bb,1,2
1781601522,gsm-8,osmo-mgw-8c8fc67d6-v9gr9,1,2
1781601522,gsm-8,osmo-mobile-7f88cc47b4-wjcqt,4,30
1781601522,gsm-8,osmo-stp-768687f494-shd7q,1,2
1781601522,gsm-8,ttcn3-tc-34-2-2-1-brhlj,1,6
1781601522,gsm-8,virtphy-86b4bdf559-ks45z,9,1
1781601524,gsm-8,msc-test-stub-5b875d749d-dxqzs,1,16
1781601524,gsm-8,osmo-bsc-594654bd47-5zskx,1,5
1781601524,gsm-8,osmo-bts-virtual-5f8b9b86fc-tvcxl,10,9
1781601524,gsm-8,osmo-hlr-546bdb8988-vb8bb,1,2
1781601524,gsm-8,osmo-mgw-8c8fc67d6-v9gr9,1,2
1781601524,gsm-8,osmo-mobile-7f88cc47b4-wjcqt,8,31
1781601524,gsm-8,osmo-stp-768687f494-shd7q,1,2
1781601524,gsm-8,ttcn3-tc-34-2-2-1-brhlj,1,6
1781601524,gsm-8,virtphy-86b4bdf559-ks45z,10,3
1781601526,gsm-8,msc-test-stub-5b875d749d-dxqzs,1,16
1781601526,gsm-8,osmo-bsc-594654bd47-5zskx,1,5
1781601526,gsm-8,osmo-bts-virtual-5f8b9b86fc-tvcxl,10,9
1781601526,gsm-8,osmo-hlr-546bdb8988-vb8bb,1,2
1781601526,gsm-8,osmo-mgw-8c8fc67d6-v9gr9,1,2
1781601526,gsm-8,osmo-mobile-7f88cc47b4-wjcqt,8,31
1781601526,gsm-8,osmo-stp-768687f494-shd7q,1,2
1781601526,gsm-8,ttcn3-tc-34-2-2-1-brhlj,1,6
1781601526,gsm-8,virtphy-86b4bdf559-ks45z,10,3
1781601528,gsm-8,msc-test-stub-5b875d749d-dxqzs,1,16
1781601528,gsm-8,osmo-bsc-594654bd47-5zskx,1,5
1781601528,gsm-8,osmo-bts-virtual-5f8b9b86fc-tvcxl,10,9
1781601528,gsm-8,osmo-hlr-546bdb8988-vb8bb,1,2
1781601528,gsm-8,osmo-mgw-8c8fc67d6-v9gr9,1,2
1781601528,gsm-8,osmo-mobile-7f88cc47b4-wjcqt,8,31
1781601528,gsm-8,osmo-stp-768687f494-shd7q,1,2
1781601528,gsm-8,ttcn3-tc-34-2-2-1-brhlj,1,6
1781601528,gsm-8,virtphy-86b4bdf559-ks45z,10,3
1781601531,gsm-8,msc-test-stub-5b875d749d-dxqzs,1,16
1781601531,gsm-8,osmo-bsc-594654bd47-5zskx,1,5
1781601531,gsm-8,osmo-bts-virtual-5f8b9b86fc-tvcxl,10,9
1781601531,gsm-8,osmo-hlr-546bdb8988-vb8bb,1,2
1781601531,gsm-8,osmo-mgw-8c8fc67d6-v9gr9,1,2
1781601531,gsm-8,osmo-mobile-7f88cc47b4-wjcqt,8,31
1781601531,gsm-8,osmo-stp-768687f494-shd7q,1,2
1781601531,gsm-8,ttcn3-tc-34-2-2-1-brhlj,1,6
1781601531,gsm-8,virtphy-86b4bdf559-ks45z,10,3
1781601533,gsm-8,msc-test-stub-5b875d749d-dxqzs,1,16
1781601533,gsm-8,osmo-bsc-594654bd47-5zskx,1,5
1781601533,gsm-8,osmo-bts-virtual-5f8b9b86fc-tvcxl,10,9
1781601533,gsm-8,osmo-hlr-546bdb8988-vb8bb,1,2
1781601533,gsm-8,osmo-mgw-8c8fc67d6-v9gr9,1,2
1781601533,gsm-8,osmo-mobile-7f88cc47b4-wjcqt,8,31
1781601533,gsm-8,osmo-stp-768687f494-shd7q,1,2
1781601533,gsm-8,ttcn3-tc-34-2-2-1-brhlj,1,6
1781601533,gsm-8,virtphy-86b4bdf559-ks45z,10,3
1781601535,gsm-8,msc-test-stub-5b875d749d-dxqzs,1,16
1781601535,gsm-8,osmo-bsc-594654bd47-5zskx,1,5
1781601535,gsm-8,osmo-bts-virtual-5f8b9b86fc-tvcxl,10,9
1781601535,gsm-8,osmo-hlr-546bdb8988-vb8bb,1,2
1781601535,gsm-8,osmo-mgw-8c8fc67d6-v9gr9,1,2
1781601535,gsm-8,osmo-mobile-7f88cc47b4-wjcqt,8,31
1781601535,gsm-8,osmo-stp-768687f494-shd7q,1,2
1781601535,gsm-8,ttcn3-tc-34-2-2-1-brhlj,1,6
1781601535,gsm-8,virtphy-86b4bdf559-ks45z,10,3
1781601537,gsm-8,msc-test-stub-5b875d749d-dxqzs,1,16
1781601537,gsm-8,osmo-bsc-594654bd47-5zskx,1,5
1781601537,gsm-8,osmo-bts-virtual-5f8b9b86fc-tvcxl,10,9
1781601537,gsm-8,osmo-hlr-546bdb8988-vb8bb,1,2
1781601537,gsm-8,osmo-mgw-8c8fc67d6-v9gr9,1,2
1781601537,gsm-8,osmo-mobile-7f88cc47b4-wjcqt,8,31
1781601537,gsm-8,osmo-stp-768687f494-shd7q,1,2
1781601537,gsm-8,ttcn3-tc-34-2-2-1-brhlj,1,6
1781601537,gsm-8,virtphy-86b4bdf559-ks45z,10,3
1781601539,gsm-8,msc-test-stub-5b875d749d-dxqzs,1,16
1781601539,gsm-8,osmo-bsc-594654bd47-5zskx,1,5
1781601539,gsm-8,osmo-bts-virtual-5f8b9b86fc-tvcxl,10,9
1781601539,gsm-8,osmo-hlr-546bdb8988-vb8bb,1,2
1781601539,gsm-8,osmo-mgw-8c8fc67d6-v9gr9,1,2
1781601539,gsm-8,osmo-mobile-7f88cc47b4-wjcqt,2,31
1781601539,gsm-8,osmo-stp-768687f494-shd7q,1,2
1781601539,gsm-8,ttcn3-tc-34-2-2-1-brhlj,1,6
1781601539,gsm-8,virtphy-86b4bdf559-ks45z,10,3
1781601541,gsm-8,msc-test-stub-5b875d749d-dxqzs,1,16
1781601541,gsm-8,osmo-bsc-594654bd47-5zskx,1,5
1781601541,gsm-8,osmo-bts-virtual-5f8b9b86fc-tvcxl,10,9
1781601541,gsm-8,osmo-hlr-546bdb8988-vb8bb,1,2
1781601541,gsm-8,osmo-mgw-8c8fc67d6-v9gr9,1,2
1781601541,gsm-8,osmo-mobile-7f88cc47b4-wjcqt,2,31
1781601541,gsm-8,osmo-stp-768687f494-shd7q,1,2
1781601541,gsm-8,ttcn3-tc-34-2-2-1-brhlj,1,6
1781601541,gsm-8,virtphy-86b4bdf559-ks45z,10,3
1781601543,gsm-8,msc-test-stub-5b875d749d-dxqzs,1,16
1781601543,gsm-8,osmo-bsc-594654bd47-5zskx,1,5
1781601543,gsm-8,osmo-bts-virtual-5f8b9b86fc-tvcxl,10,9
1781601543,gsm-8,osmo-hlr-546bdb8988-vb8bb,1,2
1781601543,gsm-8,osmo-mgw-8c8fc67d6-v9gr9,1,2
1781601543,gsm-8,osmo-mobile-7f88cc47b4-wjcqt,2,31
1781601543,gsm-8,osmo-stp-768687f494-shd7q,1,2
1781601543,gsm-8,ttcn3-tc-34-2-2-1-brhlj,1,6
1781601543,gsm-8,virtphy-86b4bdf559-ks45z,10,3
1781601545,gsm-8,msc-test-stub-5b875d749d-dxqzs,1,16
1781601545,gsm-8,osmo-bsc-594654bd47-5zskx,1,5
1781601545,gsm-8,osmo-bts-virtual-5f8b9b86fc-tvcxl,10,9
1781601545,gsm-8,osmo-hlr-546bdb8988-vb8bb,1,2
1781601545,gsm-8,osmo-mgw-8c8fc67d6-v9gr9,1,2
1781601545,gsm-8,osmo-mobile-7f88cc47b4-wjcqt,2,31
1781601545,gsm-8,osmo-stp-768687f494-shd7q,1,2
1781601545,gsm-8,ttcn3-tc-34-2-2-1-brhlj,1,6
1781601545,gsm-8,virtphy-86b4bdf559-ks45z,10,3
1781601547,gsm-8,msc-test-stub-5b875d749d-dxqzs,1,16
1781601547,gsm-8,osmo-bsc-594654bd47-5zskx,1,5
1781601547,gsm-8,osmo-bts-virtual-5f8b9b86fc-tvcxl,10,9
1781601547,gsm-8,osmo-hlr-546bdb8988-vb8bb,1,2
1781601547,gsm-8,osmo-mgw-8c8fc67d6-v9gr9,1,2
1781601547,gsm-8,osmo-mobile-7f88cc47b4-wjcqt,2,31
1781601547,gsm-8,osmo-stp-768687f494-shd7q,1,2
1781601547,gsm-8,ttcn3-tc-34-2-2-1-brhlj,1,6
1781601547,gsm-8,virtphy-86b4bdf559-ks45z,10,3
1781601549,gsm-8,msc-test-stub-5b875d749d-dxqzs,1,16
1781601549,gsm-8,osmo-bsc-594654bd47-5zskx,1,5
1781601549,gsm-8,osmo-bts-virtual-5f8b9b86fc-tvcxl,10,9
1781601549,gsm-8,osmo-hlr-546bdb8988-vb8bb,1,2
1781601549,gsm-8,osmo-mgw-8c8fc67d6-v9gr9,1,2
1781601549,gsm-8,osmo-mobile-7f88cc47b4-wjcqt,2,31
1781601549,gsm-8,osmo-stp-768687f494-shd7q,1,2
1781601549,gsm-8,ttcn3-tc-34-2-2-1-brhlj,1,6
1781601549,gsm-8,virtphy-86b4bdf559-ks45z,10,3
1781601551,gsm-8,msc-test-stub-5b875d749d-dxqzs,1,16
1781601551,gsm-8,osmo-bsc-594654bd47-5zskx,1,5
1781601551,gsm-8,osmo-bts-virtual-5f8b9b86fc-tvcxl,10,9
1781601551,gsm-8,osmo-hlr-546bdb8988-vb8bb,1,2
1781601551,gsm-8,osmo-mgw-8c8fc67d6-v9gr9,1,2
1781601551,gsm-8,osmo-mobile-7f88cc47b4-wjcqt,2,31
1781601551,gsm-8,osmo-stp-768687f494-shd7q,1,2
1781601551,gsm-8,ttcn3-tc-34-2-2-1-brhlj,1,6
1781601551,gsm-8,virtphy-86b4bdf559-ks45z,10,3
1781601553,gsm-8,msc-test-stub-5b875d749d-dxqzs,1,16
1781601553,gsm-8,osmo-bsc-594654bd47-5zskx,1,5
1781601553,gsm-8,osmo-bts-virtual-5f8b9b86fc-tvcxl,11,9
1781601553,gsm-8,osmo-hlr-546bdb8988-vb8bb,1,2
1781601553,gsm-8,osmo-mgw-8c8fc67d6-v9gr9,1,2
1781601553,gsm-8,osmo-mobile-7f88cc47b4-wjcqt,2,31
1781601553,gsm-8,osmo-stp-768687f494-shd7q,1,2
1781601553,gsm-8,ttcn3-tc-34-2-2-1-brhlj,1,6
1781601553,gsm-8,virtphy-86b4bdf559-ks45z,10,2
1781601555,gsm-8,msc-test-stub-5b875d749d-dxqzs,1,16
1781601555,gsm-8,osmo-bsc-594654bd47-5zskx,1,5
1781601555,gsm-8,osmo-bts-virtual-5f8b9b86fc-tvcxl,11,9
1781601555,gsm-8,osmo-hlr-546bdb8988-vb8bb,1,2
1781601555,gsm-8,osmo-mgw-8c8fc67d6-v9gr9,1,2
1781601555,gsm-8,osmo-mobile-7f88cc47b4-wjcqt,2,31
1781601555,gsm-8,osmo-stp-768687f494-shd7q,1,2
1781601555,gsm-8,ttcn3-tc-34-2-2-1-brhlj,1,6
1781601555,gsm-8,virtphy-86b4bdf559-ks45z,10,2
1781601558,gsm-8,msc-test-stub-5b875d749d-dxqzs,1,16
1781601558,gsm-8,osmo-bsc-594654bd47-5zskx,1,5
1781601558,gsm-8,osmo-bts-virtual-5f8b9b86fc-tvcxl,11,9
1781601558,gsm-8,osmo-hlr-546bdb8988-vb8bb,1,2
1781601558,gsm-8,osmo-mgw-8c8fc67d6-v9gr9,1,2
1781601558,gsm-8,osmo-mobile-7f88cc47b4-wjcqt,2,31
1781601558,gsm-8,osmo-stp-768687f494-shd7q,1,2
1781601558,gsm-8,ttcn3-tc-34-2-2-1-brhlj,1,6
1781601558,gsm-8,virtphy-86b4bdf559-ks45z,10,2
1781601561,gsm-8,msc-test-stub-5b875d749d-dxqzs,1,16
1781601561,gsm-8,osmo-bsc-594654bd47-5zskx,1,5
1781601561,gsm-8,osmo-bts-virtual-5f8b9b86fc-tvcxl,11,9
1781601561,gsm-8,osmo-hlr-546bdb8988-vb8bb,1,2
1781601561,gsm-8,osmo-mgw-8c8fc67d6-v9gr9,1,2
1781601561,gsm-8,osmo-mobile-7f88cc47b4-wjcqt,2,31
1781601561,gsm-8,osmo-stp-768687f494-shd7q,1,2
1781601561,gsm-8,ttcn3-tc-34-2-2-1-brhlj,1,6
1781601561,gsm-8,virtphy-86b4bdf559-ks45z,10,2
1781601563,gsm-8,msc-test-stub-5b875d749d-dxqzs,1,16
1781601563,gsm-8,osmo-bsc-594654bd47-5zskx,1,5
1781601563,gsm-8,osmo-bts-virtual-5f8b9b86fc-tvcxl,11,9
1781601563,gsm-8,osmo-hlr-546bdb8988-vb8bb,1,2
1781601563,gsm-8,osmo-mgw-8c8fc67d6-v9gr9,1,2
1781601563,gsm-8,osmo-mobile-7f88cc47b4-wjcqt,2,31
1781601563,gsm-8,osmo-stp-768687f494-shd7q,1,2
1781601563,gsm-8,ttcn3-tc-34-2-2-1-brhlj,1,6
1781601563,gsm-8,virtphy-86b4bdf559-ks45z,10,2
1781601565,gsm-8,msc-test-stub-5b875d749d-dxqzs,1,16
1781601565,gsm-8,osmo-bsc-594654bd47-5zskx,1,5
1781601565,gsm-8,osmo-bts-virtual-5f8b9b86fc-tvcxl,11,9
1781601565,gsm-8,osmo-hlr-546bdb8988-vb8bb,1,2
1781601565,gsm-8,osmo-mgw-8c8fc67d6-v9gr9,1,2
1781601565,gsm-8,osmo-mobile-7f88cc47b4-wjcqt,2,31
1781601565,gsm-8,osmo-stp-768687f494-shd7q,1,2
1781601565,gsm-8,ttcn3-tc-34-2-2-1-brhlj,1,6
1781601565,gsm-8,virtphy-86b4bdf559-ks45z,10,2
1781601567,gsm-8,msc-test-stub-5b875d749d-dxqzs,1,16
1781601567,gsm-8,osmo-bsc-594654bd47-5zskx,1,5
1781601567,gsm-8,osmo-bts-virtual-5f8b9b86fc-tvcxl,11,9
1781601567,gsm-8,osmo-hlr-546bdb8988-vb8bb,1,2
1781601567,gsm-8,osmo-mgw-8c8fc67d6-v9gr9,1,2
1781601567,gsm-8,osmo-mobile-7f88cc47b4-wjcqt,2,31
1781601567,gsm-8,osmo-stp-768687f494-shd7q,1,2
1781601567,gsm-8,ttcn3-tc-34-2-2-1-brhlj,1,6
1781601567,gsm-8,virtphy-86b4bdf559-ks45z,10,2
1781601569,gsm-8,msc-test-stub-5b875d749d-dxqzs,1,16
1781601569,gsm-8,osmo-bsc-594654bd47-5zskx,1,5
1781601569,gsm-8,osmo-bts-virtual-5f8b9b86fc-tvcxl,11,9
1781601569,gsm-8,osmo-hlr-546bdb8988-vb8bb,1,2
1781601569,gsm-8,osmo-mgw-8c8fc67d6-v9gr9,1,2
1781601569,gsm-8,osmo-mobile-7f88cc47b4-wjcqt,2,31
1781601569,gsm-8,osmo-stp-768687f494-shd7q,1,2
1781601569,gsm-8,ttcn3-tc-34-2-2-1-brhlj,1,6
1781601569,gsm-8,virtphy-86b4bdf559-ks45z,10,1
1781601571,gsm-8,msc-test-stub-5b875d749d-dxqzs,1,16
1781601571,gsm-8,osmo-bsc-594654bd47-5zskx,1,5
1781601571,gsm-8,osmo-bts-virtual-5f8b9b86fc-tvcxl,11,9
1781601571,gsm-8,osmo-hlr-546bdb8988-vb8bb,1,2
1781601571,gsm-8,osmo-mgw-8c8fc67d6-v9gr9,1,2
1781601571,gsm-8,osmo-mobile-7f88cc47b4-wjcqt,2,31
1781601571,gsm-8,osmo-stp-768687f494-shd7q,1,2
1781601571,gsm-8,ttcn3-tc-34-2-2-1-brhlj,1,6
1781601571,gsm-8,virtphy-86b4bdf559-ks45z,10,1
1781601573,gsm-8,msc-test-stub-5b875d749d-dxqzs,1,16
1781601573,gsm-8,osmo-bsc-594654bd47-5zskx,1,5
1781601573,gsm-8,osmo-bts-virtual-5f8b9b86fc-tvcxl,11,9
1781601573,gsm-8,osmo-hlr-546bdb8988-vb8bb,1,2
1781601573,gsm-8,osmo-mgw-8c8fc67d6-v9gr9,1,2
1781601573,gsm-8,osmo-mobile-7f88cc47b4-wjcqt,2,31
1781601573,gsm-8,osmo-stp-768687f494-shd7q,1,2
1781601573,gsm-8,ttcn3-tc-34-2-2-1-brhlj,1,6
1781601573,gsm-8,virtphy-86b4bdf559-ks45z,10,1
1781601575,gsm-8,msc-test-stub-5b875d749d-dxqzs,1,16
1781601575,gsm-8,osmo-bsc-594654bd47-5zskx,1,5
1781601575,gsm-8,osmo-bts-virtual-5f8b9b86fc-tvcxl,11,9
1781601575,gsm-8,osmo-hlr-546bdb8988-vb8bb,1,2
1781601575,gsm-8,osmo-mgw-8c8fc67d6-v9gr9,1,2
1781601575,gsm-8,osmo-mobile-7f88cc47b4-wjcqt,2,31
1781601575,gsm-8,osmo-stp-768687f494-shd7q,1,2
1781601575,gsm-8,ttcn3-tc-34-2-2-1-brhlj,1,6
1781601575,gsm-8,virtphy-86b4bdf559-ks45z,10,1
1781601577,gsm-8,msc-test-stub-5b875d749d-dxqzs,1,16
1781601577,gsm-8,osmo-bsc-594654bd47-5zskx,1,5
1781601577,gsm-8,osmo-bts-virtual-5f8b9b86fc-tvcxl,11,9
1781601577,gsm-8,osmo-hlr-546bdb8988-vb8bb,1,2
1781601577,gsm-8,osmo-mgw-8c8fc67d6-v9gr9,1,2
1781601577,gsm-8,osmo-mobile-7f88cc47b4-wjcqt,2,31
1781601577,gsm-8,osmo-stp-768687f494-shd7q,1,2
1781601577,gsm-8,ttcn3-tc-34-2-2-1-brhlj,1,6
1781601577,gsm-8,virtphy-86b4bdf559-ks45z,10,1
1781601580,gsm-8,msc-test-stub-5b875d749d-dxqzs,1,16
1781601580,gsm-8,osmo-bsc-594654bd47-5zskx,1,5
1781601580,gsm-8,osmo-bts-virtual-5f8b9b86fc-tvcxl,11,9
1781601580,gsm-8,osmo-hlr-546bdb8988-vb8bb,1,2
1781601580,gsm-8,osmo-mgw-8c8fc67d6-v9gr9,1,2
1781601580,gsm-8,osmo-mobile-7f88cc47b4-wjcqt,2,31
1781601580,gsm-8,osmo-stp-768687f494-shd7q,1,2
1781601580,gsm-8,ttcn3-tc-34-2-2-1-brhlj,1,6
1781601580,gsm-8,virtphy-86b4bdf559-ks45z,10,1
1781601582,gsm-8,msc-test-stub-5b875d749d-dxqzs,1,16
1781601582,gsm-8,osmo-bsc-594654bd47-5zskx,1,5
1781601582,gsm-8,osmo-bts-virtual-5f8b9b86fc-tvcxl,11,9
1781601582,gsm-8,osmo-hlr-546bdb8988-vb8bb,1,2
1781601582,gsm-8,osmo-mgw-8c8fc67d6-v9gr9,1,2
1781601582,gsm-8,osmo-mobile-7f88cc47b4-wjcqt,2,31
1781601582,gsm-8,osmo-stp-768687f494-shd7q,1,2
1781601582,gsm-8,ttcn3-tc-34-2-2-1-brhlj,1,6
1781601582,gsm-8,virtphy-86b4bdf559-ks45z,10,1
1781601584,gsm-8,msc-test-stub-5b875d749d-dxqzs,1,16
1781601584,gsm-8,osmo-bsc-594654bd47-5zskx,1,5
1781601584,gsm-8,osmo-bts-virtual-5f8b9b86fc-tvcxl,10,9
1781601584,gsm-8,osmo-hlr-546bdb8988-vb8bb,1,2
1781601584,gsm-8,osmo-mgw-8c8fc67d6-v9gr9,1,2
1781601584,gsm-8,osmo-mobile-7f88cc47b4-wjcqt,2,31
1781601584,gsm-8,osmo-stp-768687f494-shd7q,1,2
1781601584,gsm-8,ttcn3-tc-34-2-2-1-brhlj,1,6
1781601584,gsm-8,virtphy-86b4bdf559-ks45z,9,4
1781601586,gsm-8,msc-test-stub-5b875d749d-dxqzs,1,16
1781601586,gsm-8,osmo-bsc-594654bd47-5zskx,1,5
1781601586,gsm-8,osmo-bts-virtual-5f8b9b86fc-tvcxl,10,9
1781601586,gsm-8,osmo-hlr-546bdb8988-vb8bb,1,2
1781601586,gsm-8,osmo-mgw-8c8fc67d6-v9gr9,1,2
1781601586,gsm-8,osmo-mobile-7f88cc47b4-wjcqt,2,31
1781601586,gsm-8,osmo-stp-768687f494-shd7q,1,2
1781601586,gsm-8,ttcn3-tc-34-2-2-1-brhlj,1,6
1781601586,gsm-8,virtphy-86b4bdf559-ks45z,9,4
1781601588,gsm-8,msc-test-stub-5b875d749d-dxqzs,1,16
1781601588,gsm-8,osmo-bsc-594654bd47-5zskx,1,5
1781601588,gsm-8,osmo-bts-virtual-5f8b9b86fc-tvcxl,10,9
1781601588,gsm-8,osmo-hlr-546bdb8988-vb8bb,1,2
1781601588,gsm-8,osmo-mgw-8c8fc67d6-v9gr9,1,2
1781601588,gsm-8,osmo-mobile-7f88cc47b4-wjcqt,2,31
1781601588,gsm-8,osmo-stp-768687f494-shd7q,1,2
1781601588,gsm-8,ttcn3-tc-34-2-2-1-brhlj,1,6
1781601588,gsm-8,virtphy-86b4bdf559-ks45z,9,4
1781601591,gsm-8,msc-test-stub-5b875d749d-dxqzs,1,16
1781601591,gsm-8,osmo-bsc-594654bd47-5zskx,1,5
1781601591,gsm-8,osmo-bts-virtual-5f8b9b86fc-tvcxl,10,9
1781601591,gsm-8,osmo-hlr-546bdb8988-vb8bb,1,2
1781601591,gsm-8,osmo-mgw-8c8fc67d6-v9gr9,1,2
1781601591,gsm-8,osmo-mobile-7f88cc47b4-wjcqt,2,31
1781601591,gsm-8,osmo-stp-768687f494-shd7q,1,2
1781601591,gsm-8,ttcn3-tc-34-2-2-1-brhlj,1,6
1781601591,gsm-8,virtphy-86b4bdf559-ks45z,9,4
1781601593,gsm-8,msc-test-stub-5b875d749d-dxqzs,1,16
1781601593,gsm-8,osmo-bsc-594654bd47-5zskx,1,5
1781601593,gsm-8,osmo-bts-virtual-5f8b9b86fc-tvcxl,10,9
1781601593,gsm-8,osmo-hlr-546bdb8988-vb8bb,1,2
1781601593,gsm-8,osmo-mgw-8c8fc67d6-v9gr9,1,2
1781601593,gsm-8,osmo-mobile-7f88cc47b4-wjcqt,2,31
1781601593,gsm-8,osmo-stp-768687f494-shd7q,1,2
1781601593,gsm-8,ttcn3-tc-34-2-2-1-brhlj,1,6
1781601593,gsm-8,virtphy-86b4bdf559-ks45z,9,4
1781601595,gsm-8,msc-test-stub-5b875d749d-dxqzs,1,16
1781601595,gsm-8,osmo-bsc-594654bd47-5zskx,1,5
1781601595,gsm-8,osmo-bts-virtual-5f8b9b86fc-tvcxl,10,9
1781601595,gsm-8,osmo-hlr-546bdb8988-vb8bb,1,2
1781601595,gsm-8,osmo-mgw-8c8fc67d6-v9gr9,1,2
1781601595,gsm-8,osmo-mobile-7f88cc47b4-wjcqt,2,31
1781601595,gsm-8,osmo-stp-768687f494-shd7q,1,2
1781601595,gsm-8,ttcn3-tc-34-2-2-1-brhlj,1,6
1781601595,gsm-8,virtphy-86b4bdf559-ks45z,9,4
1781601597,gsm-8,msc-test-stub-5b875d749d-dxqzs,1,16
1781601597,gsm-8,osmo-bsc-594654bd47-5zskx,1,5
1781601597,gsm-8,osmo-bts-virtual-5f8b9b86fc-tvcxl,11,9
1781601597,gsm-8,osmo-hlr-546bdb8988-vb8bb,1,2
1781601597,gsm-8,osmo-mgw-8c8fc67d6-v9gr9,1,2
1781601597,gsm-8,osmo-mobile-7f88cc47b4-wjcqt,2,31
1781601597,gsm-8,osmo-stp-768687f494-shd7q,1,2
1781601597,gsm-8,ttcn3-tc-34-2-2-1-brhlj,1,6
1781601597,gsm-8,virtphy-86b4bdf559-ks45z,9,4
1781601599,gsm-8,msc-test-stub-5b875d749d-dxqzs,1,16
1781601599,gsm-8,osmo-bsc-594654bd47-5zskx,1,5
1781601599,gsm-8,osmo-bts-virtual-5f8b9b86fc-tvcxl,11,9
1781601599,gsm-8,osmo-hlr-546bdb8988-vb8bb,1,2
1781601599,gsm-8,osmo-mgw-8c8fc67d6-v9gr9,1,2
1781601599,gsm-8,osmo-mobile-7f88cc47b4-wjcqt,2,31
1781601599,gsm-8,osmo-stp-768687f494-shd7q,1,2
1781601599,gsm-8,ttcn3-tc-34-2-2-1-brhlj,1,6
1781601599,gsm-8,virtphy-86b4bdf559-ks45z,9,4
1781601601,gsm-8,msc-test-stub-5b875d749d-dxqzs,1,16
1781601601,gsm-8,osmo-bsc-594654bd47-5zskx,1,5
1781601601,gsm-8,osmo-bts-virtual-5f8b9b86fc-tvcxl,11,9
1781601601,gsm-8,osmo-hlr-546bdb8988-vb8bb,1,2
1781601601,gsm-8,osmo-mgw-8c8fc67d6-v9gr9,1,2
1781601601,gsm-8,osmo-mobile-7f88cc47b4-wjcqt,2,31
1781601601,gsm-8,osmo-stp-768687f494-shd7q,1,2
1781601601,gsm-8,ttcn3-tc-34-2-2-1-brhlj,1,6
1781601601,gsm-8,virtphy-86b4bdf559-ks45z,9,4
1781601603,gsm-8,msc-test-stub-5b875d749d-dxqzs,1,16
1781601603,gsm-8,osmo-bsc-594654bd47-5zskx,1,5
1781601603,gsm-8,osmo-bts-virtual-5f8b9b86fc-tvcxl,11,9
1781601603,gsm-8,osmo-hlr-546bdb8988-vb8bb,1,2
1781601603,gsm-8,osmo-mgw-8c8fc67d6-v9gr9,1,2
1781601603,gsm-8,osmo-mobile-7f88cc47b4-wjcqt,2,31
1781601603,gsm-8,osmo-stp-768687f494-shd7q,1,2
1781601603,gsm-8,ttcn3-tc-34-2-2-1-brhlj,1,6
1781601603,gsm-8,virtphy-86b4bdf559-ks45z,9,4
1781601605,gsm-8,msc-test-stub-5b875d749d-dxqzs,1,16
1781601605,gsm-8,osmo-bsc-594654bd47-5zskx,1,5
1781601605,gsm-8,osmo-bts-virtual-5f8b9b86fc-tvcxl,11,9
1781601605,gsm-8,osmo-hlr-546bdb8988-vb8bb,1,2
1781601605,gsm-8,osmo-mgw-8c8fc67d6-v9gr9,1,2
1781601605,gsm-8,osmo-mobile-7f88cc47b4-wjcqt,2,31
1781601605,gsm-8,osmo-stp-768687f494-shd7q,1,2
1781601605,gsm-8,ttcn3-tc-34-2-2-1-brhlj,1,6
1781601605,gsm-8,virtphy-86b4bdf559-ks45z,9,4
1781601607,gsm-8,msc-test-stub-5b875d749d-dxqzs,1,16
1781601607,gsm-8,osmo-bsc-594654bd47-5zskx,1,5
1781601607,gsm-8,osmo-bts-virtual-5f8b9b86fc-tvcxl,11,9
1781601607,gsm-8,osmo-hlr-546bdb8988-vb8bb,1,2
1781601607,gsm-8,osmo-mgw-8c8fc67d6-v9gr9,1,2
1781601607,gsm-8,osmo-mobile-7f88cc47b4-wjcqt,2,31
1781601607,gsm-8,osmo-stp-768687f494-shd7q,1,2
1781601607,gsm-8,ttcn3-tc-34-2-2-1-brhlj,1,6
1781601607,gsm-8,virtphy-86b4bdf559-ks45z,9,4
1781601609,gsm-8,msc-test-stub-5b875d749d-dxqzs,1,16
1781601609,gsm-8,osmo-bsc-594654bd47-5zskx,1,5
1781601609,gsm-8,osmo-bts-virtual-5f8b9b86fc-tvcxl,11,9
1781601609,gsm-8,osmo-hlr-546bdb8988-vb8bb,1,2
1781601609,gsm-8,osmo-mgw-8c8fc67d6-v9gr9,1,2
1781601609,gsm-8,osmo-mobile-7f88cc47b4-wjcqt,2,31
1781601609,gsm-8,osmo-stp-768687f494-shd7q,1,2
1781601609,gsm-8,ttcn3-tc-34-2-2-1-brhlj,1,6
1781601609,gsm-8,virtphy-86b4bdf559-ks45z,9,4
1781601611,gsm-8,msc-test-stub-5b875d749d-dxqzs,1,16
1781601611,gsm-8,osmo-bsc-594654bd47-5zskx,1,5
1781601611,gsm-8,osmo-bts-virtual-5f8b9b86fc-tvcxl,11,9
1781601611,gsm-8,osmo-hlr-546bdb8988-vb8bb,1,2
1781601611,gsm-8,osmo-mgw-8c8fc67d6-v9gr9,1,2
1781601611,gsm-8,osmo-mobile-7f88cc47b4-wjcqt,2,31
1781601611,gsm-8,osmo-stp-768687f494-shd7q,1,2
1781601611,gsm-8,ttcn3-tc-34-2-2-1-brhlj,1,6
1781601611,gsm-8,virtphy-86b4bdf559-ks45z,9,4
1781601613,gsm-8,msc-test-stub-5b875d749d-dxqzs,1,16
1781601613,gsm-8,osmo-bsc-594654bd47-5zskx,1,5
1781601613,gsm-8,osmo-bts-virtual-5f8b9b86fc-tvcxl,10,8
1781601613,gsm-8,osmo-hlr-546bdb8988-vb8bb,1,2
1781601613,gsm-8,osmo-mgw-8c8fc67d6-v9gr9,1,2
1781601613,gsm-8,osmo-mobile-7f88cc47b4-wjcqt,2,31
1781601613,gsm-8,osmo-stp-768687f494-shd7q,1,2
1781601613,gsm-8,ttcn3-tc-34-2-2-1-brhlj,1,6
1781601613,gsm-8,virtphy-86b4bdf559-ks45z,10,4
1781601615,gsm-8,msc-test-stub-5b875d749d-dxqzs,1,16
1781601615,gsm-8,osmo-bsc-594654bd47-5zskx,1,5
1781601615,gsm-8,osmo-bts-virtual-5f8b9b86fc-tvcxl,10,8
1781601615,gsm-8,osmo-hlr-546bdb8988-vb8bb,1,2
1781601615,gsm-8,osmo-mgw-8c8fc67d6-v9gr9,1,2
1781601615,gsm-8,osmo-mobile-7f88cc47b4-wjcqt,2,31
1781601615,gsm-8,osmo-stp-768687f494-shd7q,1,2
1781601615,gsm-8,ttcn3-tc-34-2-2-1-brhlj,1,6
1781601615,gsm-8,virtphy-86b4bdf559-ks45z,10,4
1781601618,gsm-8,msc-test-stub-5b875d749d-dxqzs,1,16
1781601618,gsm-8,osmo-bsc-594654bd47-5zskx,1,5
1781601618,gsm-8,osmo-bts-virtual-5f8b9b86fc-tvcxl,10,8
1781601618,gsm-8,osmo-hlr-546bdb8988-vb8bb,1,2
1781601618,gsm-8,osmo-mgw-8c8fc67d6-v9gr9,1,2
1781601618,gsm-8,osmo-mobile-7f88cc47b4-wjcqt,2,31
1781601618,gsm-8,osmo-stp-768687f494-shd7q,1,2
1781601618,gsm-8,ttcn3-tc-34-2-2-1-brhlj,1,6
1781601618,gsm-8,virtphy-86b4bdf559-ks45z,10,4
1781601620,gsm-8,msc-test-stub-5b875d749d-dxqzs,1,16
1781601620,gsm-8,osmo-bsc-594654bd47-5zskx,1,5
1781601620,gsm-8,osmo-bts-virtual-5f8b9b86fc-tvcxl,10,8
1781601620,gsm-8,osmo-hlr-546bdb8988-vb8bb,1,2
1781601620,gsm-8,osmo-mgw-8c8fc67d6-v9gr9,1,2
1781601620,gsm-8,osmo-mobile-7f88cc47b4-wjcqt,2,31
1781601620,gsm-8,osmo-stp-768687f494-shd7q,1,2
1781601620,gsm-8,ttcn3-tc-34-2-2-1-brhlj,1,6
1781601620,gsm-8,virtphy-86b4bdf559-ks45z,10,4
1781601622,gsm-8,msc-test-stub-5b875d749d-dxqzs,1,16
1781601622,gsm-8,osmo-bsc-594654bd47-5zskx,1,5
1781601622,gsm-8,osmo-bts-virtual-5f8b9b86fc-tvcxl,10,8
1781601622,gsm-8,osmo-hlr-546bdb8988-vb8bb,1,2
1781601622,gsm-8,osmo-mgw-8c8fc67d6-v9gr9,1,2
1781601622,gsm-8,osmo-mobile-7f88cc47b4-wjcqt,2,31
1781601622,gsm-8,osmo-stp-768687f494-shd7q,1,2
1781601622,gsm-8,ttcn3-tc-34-2-2-1-brhlj,1,6
1781601622,gsm-8,virtphy-86b4bdf559-ks45z,10,4
1781601624,gsm-8,msc-test-stub-5b875d749d-dxqzs,1,16
1781601624,gsm-8,osmo-bsc-594654bd47-5zskx,1,5
1781601624,gsm-8,osmo-bts-virtual-5f8b9b86fc-tvcxl,10,8
1781601624,gsm-8,osmo-hlr-546bdb8988-vb8bb,1,2
1781601624,gsm-8,osmo-mgw-8c8fc67d6-v9gr9,1,2
1781601624,gsm-8,osmo-mobile-7f88cc47b4-wjcqt,2,31
1781601624,gsm-8,osmo-stp-768687f494-shd7q,1,2
1781601624,gsm-8,ttcn3-tc-34-2-2-1-brhlj,1,6
1781601624,gsm-8,virtphy-86b4bdf559-ks45z,10,4
1781601626,gsm-8,msc-test-stub-5b875d749d-dxqzs,1,16
1781601626,gsm-8,osmo-bsc-594654bd47-5zskx,1,5
1781601626,gsm-8,osmo-bts-virtual-5f8b9b86fc-tvcxl,10,8
1781601626,gsm-8,osmo-hlr-546bdb8988-vb8bb,1,2
1781601626,gsm-8,osmo-mgw-8c8fc67d6-v9gr9,1,2
1781601626,gsm-8,osmo-mobile-7f88cc47b4-wjcqt,2,31
1781601626,gsm-8,osmo-stp-768687f494-shd7q,1,2
1781601626,gsm-8,ttcn3-tc-34-2-2-1-brhlj,1,6
1781601626,gsm-8,virtphy-86b4bdf559-ks45z,10,4
1781601628,gsm-8,msc-test-stub-5b875d749d-dxqzs,1,16
1781601628,gsm-8,osmo-bsc-594654bd47-5zskx,1,5
1781601628,gsm-8,osmo-bts-virtual-5f8b9b86fc-tvcxl,11,6
1781601628,gsm-8,osmo-hlr-546bdb8988-vb8bb,1,2
1781601628,gsm-8,osmo-mgw-8c8fc67d6-v9gr9,1,2
1781601628,gsm-8,osmo-mobile-7f88cc47b4-wjcqt,2,31
1781601628,gsm-8,osmo-stp-768687f494-shd7q,1,2
1781601628,gsm-8,ttcn3-tc-34-2-2-1-brhlj,1,6
1781601628,gsm-8,virtphy-86b4bdf559-ks45z,10,1
1781601630,gsm-8,msc-test-stub-5b875d749d-dxqzs,1,16
1781601630,gsm-8,osmo-bsc-594654bd47-5zskx,1,5
1781601630,gsm-8,osmo-bts-virtual-5f8b9b86fc-tvcxl,11,6
1781601630,gsm-8,osmo-hlr-546bdb8988-vb8bb,1,2
1781601630,gsm-8,osmo-mgw-8c8fc67d6-v9gr9,1,2
1781601630,gsm-8,osmo-mobile-7f88cc47b4-wjcqt,2,31
1781601630,gsm-8,osmo-stp-768687f494-shd7q,1,2
1781601630,gsm-8,ttcn3-tc-34-2-2-1-brhlj,1,6
1781601630,gsm-8,virtphy-86b4bdf559-ks45z,10,1
1781601632,gsm-8,msc-test-stub-5b875d749d-dxqzs,1,16
1781601632,gsm-8,osmo-bsc-594654bd47-5zskx,1,5
1781601632,gsm-8,osmo-bts-virtual-5f8b9b86fc-tvcxl,11,6
1781601632,gsm-8,osmo-hlr-546bdb8988-vb8bb,1,2
1781601632,gsm-8,osmo-mgw-8c8fc67d6-v9gr9,1,2
1781601632,gsm-8,osmo-mobile-7f88cc47b4-wjcqt,2,31
1781601632,gsm-8,osmo-stp-768687f494-shd7q,1,2
1781601632,gsm-8,ttcn3-tc-34-2-2-1-brhlj,1,6
1781601632,gsm-8,virtphy-86b4bdf559-ks45z,10,1
1781601634,gsm-8,msc-test-stub-5b875d749d-dxqzs,1,16
1781601634,gsm-8,osmo-bsc-594654bd47-5zskx,1,5
1781601634,gsm-8,osmo-bts-virtual-5f8b9b86fc-tvcxl,11,6
1781601634,gsm-8,osmo-hlr-546bdb8988-vb8bb,1,2
1781601634,gsm-8,osmo-mgw-8c8fc67d6-v9gr9,1,2
1781601634,gsm-8,osmo-mobile-7f88cc47b4-wjcqt,2,31
1781601634,gsm-8,osmo-stp-768687f494-shd7q,1,2
1781601634,gsm-8,ttcn3-tc-34-2-2-1-brhlj,1,6
1781601634,gsm-8,virtphy-86b4bdf559-ks45z,10,1
1781601636,gsm-8,msc-test-stub-5b875d749d-dxqzs,1,16
1781601636,gsm-8,osmo-bsc-594654bd47-5zskx,1,5
1781601636,gsm-8,osmo-bts-virtual-5f8b9b86fc-tvcxl,11,6
1781601636,gsm-8,osmo-hlr-546bdb8988-vb8bb,1,2
1781601636,gsm-8,osmo-mgw-8c8fc67d6-v9gr9,1,2
1781601636,gsm-8,osmo-mobile-7f88cc47b4-wjcqt,2,31
1781601636,gsm-8,osmo-stp-768687f494-shd7q,1,2
1781601636,gsm-8,ttcn3-tc-34-2-2-1-brhlj,1,6
1781601636,gsm-8,virtphy-86b4bdf559-ks45z,10,1
1781601638,gsm-8,msc-test-stub-5b875d749d-dxqzs,1,16
1781601638,gsm-8,osmo-bsc-594654bd47-5zskx,1,5
1781601638,gsm-8,osmo-bts-virtual-5f8b9b86fc-tvcxl,11,6
1781601638,gsm-8,osmo-hlr-546bdb8988-vb8bb,1,2
1781601638,gsm-8,osmo-mgw-8c8fc67d6-v9gr9,1,2
1781601638,gsm-8,osmo-mobile-7f88cc47b4-wjcqt,2,31
1781601638,gsm-8,osmo-stp-768687f494-shd7q,1,2
1781601638,gsm-8,ttcn3-tc-34-2-2-1-brhlj,1,6
1781601638,gsm-8,virtphy-86b4bdf559-ks45z,10,1
1781601640,gsm-8,msc-test-stub-5b875d749d-dxqzs,1,16
1781601640,gsm-8,osmo-bsc-594654bd47-5zskx,1,5
1781601640,gsm-8,osmo-bts-virtual-5f8b9b86fc-tvcxl,11,6
1781601640,gsm-8,osmo-hlr-546bdb8988-vb8bb,1,2
1781601640,gsm-8,osmo-mgw-8c8fc67d6-v9gr9,1,2
1781601640,gsm-8,osmo-mobile-7f88cc47b4-wjcqt,2,31
1781601640,gsm-8,osmo-stp-768687f494-shd7q,1,2
1781601640,gsm-8,ttcn3-tc-34-2-2-1-brhlj,1,6
1781601640,gsm-8,virtphy-86b4bdf559-ks45z,10,1
1781601643,gsm-8,msc-test-stub-5b875d749d-dxqzs,1,16
1781601643,gsm-8,osmo-bsc-594654bd47-5zskx,1,5
1781601643,gsm-8,osmo-bts-virtual-5f8b9b86fc-tvcxl,11,6
1781601643,gsm-8,osmo-hlr-546bdb8988-vb8bb,1,2
1781601643,gsm-8,osmo-mgw-8c8fc67d6-v9gr9,1,2
1781601643,gsm-8,osmo-mobile-7f88cc47b4-wjcqt,2,31
1781601643,gsm-8,osmo-stp-768687f494-shd7q,1,2
1781601643,gsm-8,ttcn3-tc-34-2-2-1-brhlj,1,6
1781601643,gsm-8,virtphy-86b4bdf559-ks45z,9,1
1781601645,gsm-8,msc-test-stub-5b875d749d-dxqzs,1,16
1781601645,gsm-8,osmo-bsc-594654bd47-5zskx,1,5
1781601645,gsm-8,osmo-bts-virtual-5f8b9b86fc-tvcxl,11,6
1781601645,gsm-8,osmo-hlr-546bdb8988-vb8bb,1,2
1781601645,gsm-8,osmo-mgw-8c8fc67d6-v9gr9,1,2
1781601645,gsm-8,osmo-mobile-7f88cc47b4-wjcqt,2,31
1781601645,gsm-8,osmo-stp-768687f494-shd7q,1,2
1781601645,gsm-8,ttcn3-tc-34-2-2-1-brhlj,1,6
1781601645,gsm-8,virtphy-86b4bdf559-ks45z,9,1
1781601647,gsm-8,msc-test-stub-5b875d749d-dxqzs,1,16
1781601647,gsm-8,osmo-bsc-594654bd47-5zskx,1,5
1781601647,gsm-8,osmo-bts-virtual-5f8b9b86fc-tvcxl,11,6
1781601647,gsm-8,osmo-hlr-546bdb8988-vb8bb,1,2
1781601647,gsm-8,osmo-mgw-8c8fc67d6-v9gr9,1,2
1781601647,gsm-8,osmo-mobile-7f88cc47b4-wjcqt,2,31
1781601647,gsm-8,osmo-stp-768687f494-shd7q,1,2
1781601647,gsm-8,ttcn3-tc-34-2-2-1-brhlj,1,6
1781601647,gsm-8,virtphy-86b4bdf559-ks45z,9,1
1781601649,gsm-8,msc-test-stub-5b875d749d-dxqzs,1,16
1781601649,gsm-8,osmo-bsc-594654bd47-5zskx,1,5
1781601649,gsm-8,osmo-bts-virtual-5f8b9b86fc-tvcxl,11,6
1781601649,gsm-8,osmo-hlr-546bdb8988-vb8bb,1,2
1781601649,gsm-8,osmo-mgw-8c8fc67d6-v9gr9,1,2
1781601649,gsm-8,osmo-mobile-7f88cc47b4-wjcqt,2,31
1781601649,gsm-8,osmo-stp-768687f494-shd7q,1,2
1781601649,gsm-8,ttcn3-tc-34-2-2-1-brhlj,1,6
1781601649,gsm-8,virtphy-86b4bdf559-ks45z,9,1
1781601651,gsm-8,msc-test-stub-5b875d749d-dxqzs,1,16
1781601651,gsm-8,osmo-bsc-594654bd47-5zskx,1,5
1781601651,gsm-8,osmo-bts-virtual-5f8b9b86fc-tvcxl,11,6
1781601651,gsm-8,osmo-hlr-546bdb8988-vb8bb,1,2
1781601651,gsm-8,osmo-mgw-8c8fc67d6-v9gr9,1,2
1781601651,gsm-8,osmo-mobile-7f88cc47b4-wjcqt,2,31
1781601651,gsm-8,osmo-stp-768687f494-shd7q,1,2
1781601651,gsm-8,ttcn3-tc-34-2-2-1-brhlj,1,6
1781601651,gsm-8,virtphy-86b4bdf559-ks45z,9,1
1781601653,gsm-8,msc-test-stub-5b875d749d-dxqzs,1,16
1781601653,gsm-8,osmo-bsc-594654bd47-5zskx,1,5
1781601653,gsm-8,osmo-bts-virtual-5f8b9b86fc-tvcxl,11,6
1781601653,gsm-8,osmo-hlr-546bdb8988-vb8bb,1,2
1781601653,gsm-8,osmo-mgw-8c8fc67d6-v9gr9,1,2
1781601653,gsm-8,osmo-mobile-7f88cc47b4-wjcqt,2,31
1781601653,gsm-8,osmo-stp-768687f494-shd7q,1,2
1781601653,gsm-8,ttcn3-tc-34-2-2-1-brhlj,1,6
1781601653,gsm-8,virtphy-86b4bdf559-ks45z,9,1
1781601655,gsm-8,msc-test-stub-5b875d749d-dxqzs,1,16
1781601655,gsm-8,osmo-bsc-594654bd47-5zskx,1,5
1781601655,gsm-8,osmo-bts-virtual-5f8b9b86fc-tvcxl,11,6
1781601655,gsm-8,osmo-hlr-546bdb8988-vb8bb,1,2
1781601655,gsm-8,osmo-mgw-8c8fc67d6-v9gr9,1,2
1781601655,gsm-8,osmo-mobile-7f88cc47b4-wjcqt,2,31
1781601655,gsm-8,osmo-stp-768687f494-shd7q,1,2
1781601655,gsm-8,ttcn3-tc-34-2-2-1-brhlj,1,6
1781601655,gsm-8,virtphy-86b4bdf559-ks45z,9,1
1781601657,gsm-8,msc-test-stub-5b875d749d-dxqzs,1,16
1781601657,gsm-8,osmo-bsc-594654bd47-5zskx,1,5
1781601657,gsm-8,osmo-bts-virtual-5f8b9b86fc-tvcxl,11,9
1781601657,gsm-8,osmo-hlr-546bdb8988-vb8bb,1,2
1781601657,gsm-8,osmo-mgw-8c8fc67d6-v9gr9,1,2
1781601657,gsm-8,osmo-mobile-7f88cc47b4-wjcqt,2,31
1781601657,gsm-8,osmo-stp-768687f494-shd7q,1,2
1781601657,gsm-8,ttcn3-tc-34-2-2-1-brhlj,1,6
1781601657,gsm-8,virtphy-86b4bdf559-ks45z,9,2
1781601660,gsm-8,msc-test-stub-5b875d749d-dxqzs,1,16
1781601660,gsm-8,osmo-bsc-594654bd47-5zskx,1,5
1781601660,gsm-8,osmo-bts-virtual-5f8b9b86fc-tvcxl,11,9
1781601660,gsm-8,osmo-hlr-546bdb8988-vb8bb,1,2
1781601660,gsm-8,osmo-mgw-8c8fc67d6-v9gr9,1,2
1781601660,gsm-8,osmo-mobile-7f88cc47b4-wjcqt,2,31
1781601660,gsm-8,osmo-stp-768687f494-shd7q,1,2
1781601660,gsm-8,ttcn3-tc-34-2-2-1-brhlj,1,6
1781601660,gsm-8,virtphy-86b4bdf559-ks45z,9,2
1781601662,gsm-8,msc-test-stub-5b875d749d-dxqzs,1,16
1781601662,gsm-8,osmo-bsc-594654bd47-5zskx,1,5
1781601662,gsm-8,osmo-bts-virtual-5f8b9b86fc-tvcxl,11,9
1781601662,gsm-8,osmo-hlr-546bdb8988-vb8bb,1,2
1781601662,gsm-8,osmo-mgw-8c8fc67d6-v9gr9,1,2
1781601662,gsm-8,osmo-mobile-7f88cc47b4-wjcqt,2,31
1781601662,gsm-8,osmo-stp-768687f494-shd7q,1,2
1781601662,gsm-8,ttcn3-tc-34-2-2-1-brhlj,1,6
1781601662,gsm-8,virtphy-86b4bdf559-ks45z,9,2
1781601664,gsm-8,msc-test-stub-5b875d749d-dxqzs,1,16
1781601664,gsm-8,osmo-bsc-594654bd47-5zskx,1,5
1781601664,gsm-8,osmo-bts-virtual-5f8b9b86fc-tvcxl,11,9
1781601664,gsm-8,osmo-hlr-546bdb8988-vb8bb,1,2
1781601664,gsm-8,osmo-mgw-8c8fc67d6-v9gr9,1,2
1781601664,gsm-8,osmo-mobile-7f88cc47b4-wjcqt,2,31
1781601664,gsm-8,osmo-stp-768687f494-shd7q,1,2
1781601664,gsm-8,ttcn3-tc-34-2-2-1-brhlj,1,6
1781601664,gsm-8,virtphy-86b4bdf559-ks45z,9,2
1781601666,gsm-8,msc-test-stub-5b875d749d-dxqzs,1,16
1781601666,gsm-8,osmo-bsc-594654bd47-5zskx,1,5
1781601666,gsm-8,osmo-bts-virtual-5f8b9b86fc-tvcxl,11,9
1781601666,gsm-8,osmo-hlr-546bdb8988-vb8bb,1,2
1781601666,gsm-8,osmo-mgw-8c8fc67d6-v9gr9,1,2
1781601666,gsm-8,osmo-mobile-7f88cc47b4-wjcqt,2,31
1781601666,gsm-8,osmo-stp-768687f494-shd7q,1,2
1781601666,gsm-8,ttcn3-tc-34-2-2-1-brhlj,1,6
1781601666,gsm-8,virtphy-86b4bdf559-ks45z,9,2
1781601668,gsm-8,msc-test-stub-5b875d749d-dxqzs,1,16
1781601668,gsm-8,osmo-bsc-594654bd47-5zskx,1,5
1781601668,gsm-8,osmo-bts-virtual-5f8b9b86fc-tvcxl,11,9
1781601668,gsm-8,osmo-hlr-546bdb8988-vb8bb,1,2
1781601668,gsm-8,osmo-mgw-8c8fc67d6-v9gr9,1,2
1781601668,gsm-8,osmo-mobile-7f88cc47b4-wjcqt,2,31
1781601668,gsm-8,osmo-stp-768687f494-shd7q,1,2
1781601668,gsm-8,ttcn3-tc-34-2-2-1-brhlj,1,6
1781601668,gsm-8,virtphy-86b4bdf559-ks45z,9,2
1781601670,gsm-8,msc-test-stub-5b875d749d-dxqzs,1,16
1781601670,gsm-8,osmo-bsc-594654bd47-5zskx,1,5
1781601670,gsm-8,osmo-bts-virtual-5f8b9b86fc-tvcxl,11,9
1781601670,gsm-8,osmo-hlr-546bdb8988-vb8bb,1,2
1781601670,gsm-8,osmo-mgw-8c8fc67d6-v9gr9,1,2
1781601670,gsm-8,osmo-mobile-7f88cc47b4-wjcqt,2,31
1781601670,gsm-8,osmo-stp-768687f494-shd7q,1,2
1781601670,gsm-8,ttcn3-tc-34-2-2-1-brhlj,1,6
1781601670,gsm-8,virtphy-86b4bdf559-ks45z,9,2
1781601672,gsm-8,msc-test-stub-5b875d749d-dxqzs,1,16
1781601672,gsm-8,osmo-bsc-594654bd47-5zskx,1,5
1781601672,gsm-8,osmo-bts-virtual-5f8b9b86fc-tvcxl,11,9
1781601672,gsm-8,osmo-hlr-546bdb8988-vb8bb,1,2
1781601672,gsm-8,osmo-mgw-8c8fc67d6-v9gr9,1,2
1781601672,gsm-8,osmo-mobile-7f88cc47b4-wjcqt,2,31
1781601672,gsm-8,osmo-stp-768687f494-shd7q,1,2
1781601672,gsm-8,ttcn3-tc-34-2-2-1-brhlj,1,6
1781601672,gsm-8,virtphy-86b4bdf559-ks45z,9,2
1781601674,gsm-8,msc-test-stub-5b875d749d-dxqzs,1,16
1781601674,gsm-8,osmo-bsc-594654bd47-5zskx,1,5
1781601674,gsm-8,osmo-bts-virtual-5f8b9b86fc-tvcxl,10,7
1781601674,gsm-8,osmo-hlr-546bdb8988-vb8bb,1,2
1781601674,gsm-8,osmo-mgw-8c8fc67d6-v9gr9,1,2
1781601674,gsm-8,osmo-mobile-7f88cc47b4-wjcqt,2,31
1781601674,gsm-8,osmo-stp-768687f494-shd7q,1,2
1781601674,gsm-8,ttcn3-tc-34-2-2-1-brhlj,1,6
1781601674,gsm-8,virtphy-86b4bdf559-ks45z,9,1
1781601676,gsm-8,msc-test-stub-5b875d749d-dxqzs,1,16
1781601676,gsm-8,osmo-bsc-594654bd47-5zskx,1,5
1781601676,gsm-8,osmo-bts-virtual-5f8b9b86fc-tvcxl,10,7
1781601676,gsm-8,osmo-hlr-546bdb8988-vb8bb,1,2
1781601676,gsm-8,osmo-mgw-8c8fc67d6-v9gr9,1,2
1781601676,gsm-8,osmo-mobile-7f88cc47b4-wjcqt,2,31
1781601676,gsm-8,osmo-stp-768687f494-shd7q,1,2
1781601676,gsm-8,ttcn3-tc-34-2-2-1-brhlj,1,6
1781601676,gsm-8,virtphy-86b4bdf559-ks45z,9,1
1781601678,gsm-8,msc-test-stub-5b875d749d-dxqzs,1,16
1781601678,gsm-8,osmo-bsc-594654bd47-5zskx,1,5
1781601678,gsm-8,osmo-bts-virtual-5f8b9b86fc-tvcxl,10,7
1781601678,gsm-8,osmo-hlr-546bdb8988-vb8bb,1,2
1781601678,gsm-8,osmo-mgw-8c8fc67d6-v9gr9,1,2
1781601678,gsm-8,osmo-mobile-7f88cc47b4-wjcqt,2,31
1781601678,gsm-8,osmo-stp-768687f494-shd7q,1,2
1781601678,gsm-8,ttcn3-tc-34-2-2-1-brhlj,1,6
1781601678,gsm-8,virtphy-86b4bdf559-ks45z,9,1
1781601681,gsm-8,msc-test-stub-5b875d749d-dxqzs,1,16
1781601681,gsm-8,osmo-bsc-594654bd47-5zskx,1,5
1781601681,gsm-8,osmo-bts-virtual-5f8b9b86fc-tvcxl,10,7
1781601681,gsm-8,osmo-hlr-546bdb8988-vb8bb,1,2
1781601681,gsm-8,osmo-mgw-8c8fc67d6-v9gr9,1,2
1781601681,gsm-8,osmo-mobile-7f88cc47b4-wjcqt,2,31
1781601681,gsm-8,osmo-stp-768687f494-shd7q,1,2
1781601681,gsm-8,ttcn3-tc-34-2-2-1-brhlj,1,6
1781601681,gsm-8,virtphy-86b4bdf559-ks45z,9,1
1781601683,gsm-8,msc-test-stub-5b875d749d-dxqzs,1,16
1781601683,gsm-8,osmo-bsc-594654bd47-5zskx,1,5
1781601683,gsm-8,osmo-bts-virtual-5f8b9b86fc-tvcxl,10,7
1781601683,gsm-8,osmo-hlr-546bdb8988-vb8bb,1,2
1781601683,gsm-8,osmo-mgw-8c8fc67d6-v9gr9,1,2
1781601683,gsm-8,osmo-mobile-7f88cc47b4-wjcqt,2,31
1781601683,gsm-8,osmo-stp-768687f494-shd7q,1,2
1781601683,gsm-8,ttcn3-tc-34-2-2-1-brhlj,1,6
1781601683,gsm-8,virtphy-86b4bdf559-ks45z,9,1
1781601685,gsm-8,msc-test-stub-5b875d749d-dxqzs,1,16
1781601685,gsm-8,osmo-bsc-594654bd47-5zskx,1,5
1781601685,gsm-8,osmo-bts-virtual-5f8b9b86fc-tvcxl,10,7
1781601685,gsm-8,osmo-hlr-546bdb8988-vb8bb,1,2
1781601685,gsm-8,osmo-mgw-8c8fc67d6-v9gr9,1,2
1781601685,gsm-8,osmo-mobile-7f88cc47b4-wjcqt,2,31
1781601685,gsm-8,osmo-stp-768687f494-shd7q,1,2
1781601685,gsm-8,ttcn3-tc-34-2-2-1-brhlj,1,6
1781601685,gsm-8,virtphy-86b4bdf559-ks45z,9,1
1781601687,gsm-8,msc-test-stub-5b875d749d-dxqzs,1,16
1781601687,gsm-8,osmo-bsc-594654bd47-5zskx,1,5
1781601687,gsm-8,osmo-bts-virtual-5f8b9b86fc-tvcxl,11,7
1781601687,gsm-8,osmo-hlr-546bdb8988-vb8bb,1,2
1781601687,gsm-8,osmo-mgw-8c8fc67d6-v9gr9,1,2
1781601687,gsm-8,osmo-mobile-7f88cc47b4-wjcqt,2,31
1781601687,gsm-8,osmo-stp-768687f494-shd7q,1,2
1781601687,gsm-8,ttcn3-tc-34-2-2-1-brhlj,1,6
1781601687,gsm-8,virtphy-86b4bdf559-ks45z,9,4
1781601689,gsm-8,msc-test-stub-5b875d749d-dxqzs,1,16
1781601689,gsm-8,osmo-bsc-594654bd47-5zskx,1,5
1781601689,gsm-8,osmo-bts-virtual-5f8b9b86fc-tvcxl,11,7
1781601689,gsm-8,osmo-hlr-546bdb8988-vb8bb,1,2
1781601689,gsm-8,osmo-mgw-8c8fc67d6-v9gr9,1,2
1781601689,gsm-8,osmo-mobile-7f88cc47b4-wjcqt,2,31
1781601689,gsm-8,osmo-stp-768687f494-shd7q,1,2
1781601689,gsm-8,ttcn3-tc-34-2-2-1-brhlj,1,6
1781601689,gsm-8,virtphy-86b4bdf559-ks45z,9,4
1781601691,gsm-8,msc-test-stub-5b875d749d-dxqzs,1,16
1781601691,gsm-8,osmo-bsc-594654bd47-5zskx,1,5
1781601691,gsm-8,osmo-bts-virtual-5f8b9b86fc-tvcxl,11,7
1781601691,gsm-8,osmo-hlr-546bdb8988-vb8bb,1,2
1781601691,gsm-8,osmo-mgw-8c8fc67d6-v9gr9,1,2
1781601691,gsm-8,osmo-mobile-7f88cc47b4-wjcqt,2,31
1781601691,gsm-8,osmo-stp-768687f494-shd7q,1,2
1781601691,gsm-8,ttcn3-tc-34-2-2-1-brhlj,1,6
1781601691,gsm-8,virtphy-86b4bdf559-ks45z,9,4
1781601694,gsm-8,msc-test-stub-5b875d749d-dxqzs,1,16
1781601694,gsm-8,osmo-bsc-594654bd47-5zskx,1,5
1781601694,gsm-8,osmo-bts-virtual-5f8b9b86fc-tvcxl,11,7
1781601694,gsm-8,osmo-hlr-546bdb8988-vb8bb,1,2
1781601694,gsm-8,osmo-mgw-8c8fc67d6-v9gr9,1,2
1781601694,gsm-8,osmo-mobile-7f88cc47b4-wjcqt,2,31
1781601694,gsm-8,osmo-stp-768687f494-shd7q,1,2
1781601694,gsm-8,ttcn3-tc-34-2-2-1-brhlj,1,6
1781601694,gsm-8,virtphy-86b4bdf559-ks45z,9,4
1781601696,gsm-8,msc-test-stub-5b875d749d-dxqzs,1,16
1781601696,gsm-8,osmo-bsc-594654bd47-5zskx,1,5
1781601696,gsm-8,osmo-bts-virtual-5f8b9b86fc-tvcxl,11,7
1781601696,gsm-8,osmo-hlr-546bdb8988-vb8bb,1,2
1781601696,gsm-8,osmo-mgw-8c8fc67d6-v9gr9,1,2
1781601696,gsm-8,osmo-mobile-7f88cc47b4-wjcqt,2,31
1781601696,gsm-8,osmo-stp-768687f494-shd7q,1,2
1781601696,gsm-8,ttcn3-tc-34-2-2-1-brhlj,1,6
1781601696,gsm-8,virtphy-86b4bdf559-ks45z,9,4
1781601698,gsm-8,msc-test-stub-5b875d749d-dxqzs,1,16
1781601698,gsm-8,osmo-bsc-594654bd47-5zskx,1,5
1781601698,gsm-8,osmo-bts-virtual-5f8b9b86fc-tvcxl,11,7
1781601698,gsm-8,osmo-hlr-546bdb8988-vb8bb,1,2
1781601698,gsm-8,osmo-mgw-8c8fc67d6-v9gr9,1,2
1781601698,gsm-8,osmo-mobile-7f88cc47b4-wjcqt,2,31
1781601698,gsm-8,osmo-stp-768687f494-shd7q,1,2
1781601698,gsm-8,ttcn3-tc-34-2-2-1-brhlj,1,6
1781601698,gsm-8,virtphy-86b4bdf559-ks45z,9,4
1781601700,gsm-8,msc-test-stub-5b875d749d-dxqzs,1,16
1781601700,gsm-8,osmo-bsc-594654bd47-5zskx,1,5
1781601700,gsm-8,osmo-bts-virtual-5f8b9b86fc-tvcxl,11,7
1781601700,gsm-8,osmo-hlr-546bdb8988-vb8bb,1,2
1781601700,gsm-8,osmo-mgw-8c8fc67d6-v9gr9,1,2
1781601700,gsm-8,osmo-mobile-7f88cc47b4-wjcqt,2,31
1781601700,gsm-8,osmo-stp-768687f494-shd7q,1,2
1781601700,gsm-8,ttcn3-tc-34-2-2-1-brhlj,1,6
1781601700,gsm-8,virtphy-86b4bdf559-ks45z,9,4
1781601702,gsm-8,msc-test-stub-5b875d749d-dxqzs,1,16
1781601702,gsm-8,osmo-bsc-594654bd47-5zskx,1,5
1781601702,gsm-8,osmo-bts-virtual-5f8b9b86fc-tvcxl,11,7
1781601702,gsm-8,osmo-hlr-546bdb8988-vb8bb,1,2
1781601702,gsm-8,osmo-mgw-8c8fc67d6-v9gr9,1,2
1781601702,gsm-8,osmo-mobile-7f88cc47b4-wjcqt,2,31
1781601702,gsm-8,osmo-stp-768687f494-shd7q,1,2
1781601702,gsm-8,ttcn3-tc-34-2-2-1-brhlj,1,6
1781601702,gsm-8,virtphy-86b4bdf559-ks45z,9,4
1781601704,gsm-8,msc-test-stub-5b875d749d-dxqzs,1,16
1781601704,gsm-8,osmo-bsc-594654bd47-5zskx,1,5
1781601704,gsm-8,osmo-bts-virtual-5f8b9b86fc-tvcxl,10,8
1781601704,gsm-8,osmo-hlr-546bdb8988-vb8bb,1,2
1781601704,gsm-8,osmo-mgw-8c8fc67d6-v9gr9,1,2
1781601704,gsm-8,osmo-mobile-7f88cc47b4-wjcqt,2,31
1781601704,gsm-8,osmo-stp-768687f494-shd7q,1,2
1781601704,gsm-8,ttcn3-tc-34-2-2-1-brhlj,1,6
1781601704,gsm-8,virtphy-86b4bdf559-ks45z,9,1
1781601706,gsm-8,msc-test-stub-5b875d749d-dxqzs,1,16
1781601706,gsm-8,osmo-bsc-594654bd47-5zskx,1,5
1781601706,gsm-8,osmo-bts-virtual-5f8b9b86fc-tvcxl,10,8
1781601706,gsm-8,osmo-hlr-546bdb8988-vb8bb,1,2
1781601706,gsm-8,osmo-mgw-8c8fc67d6-v9gr9,1,2
1781601706,gsm-8,osmo-mobile-7f88cc47b4-wjcqt,2,31
1781601706,gsm-8,osmo-stp-768687f494-shd7q,1,2
1781601706,gsm-8,ttcn3-tc-34-2-2-1-brhlj,1,6
1781601706,gsm-8,virtphy-86b4bdf559-ks45z,9,1
1781601708,gsm-8,msc-test-stub-5b875d749d-dxqzs,1,16
1781601708,gsm-8,osmo-bsc-594654bd47-5zskx,1,5
1781601708,gsm-8,osmo-bts-virtual-5f8b9b86fc-tvcxl,10,8
1781601708,gsm-8,osmo-hlr-546bdb8988-vb8bb,1,2
1781601708,gsm-8,osmo-mgw-8c8fc67d6-v9gr9,1,2
1781601708,gsm-8,osmo-mobile-7f88cc47b4-wjcqt,2,31
1781601708,gsm-8,osmo-stp-768687f494-shd7q,1,2
1781601708,gsm-8,ttcn3-tc-34-2-2-1-brhlj,1,6
1781601708,gsm-8,virtphy-86b4bdf559-ks45z,9,1
1781601710,gsm-8,msc-test-stub-5b875d749d-dxqzs,1,16
1781601710,gsm-8,osmo-bsc-594654bd47-5zskx,1,5
1781601710,gsm-8,osmo-bts-virtual-5f8b9b86fc-tvcxl,10,8
1781601710,gsm-8,osmo-hlr-546bdb8988-vb8bb,1,2
1781601710,gsm-8,osmo-mgw-8c8fc67d6-v9gr9,1,2
1781601710,gsm-8,osmo-mobile-7f88cc47b4-wjcqt,2,31
1781601710,gsm-8,osmo-stp-768687f494-shd7q,1,2
1781601710,gsm-8,ttcn3-tc-34-2-2-1-brhlj,1,6
1781601710,gsm-8,virtphy-86b4bdf559-ks45z,9,1
1781601712,gsm-8,msc-test-stub-5b875d749d-dxqzs,1,16
1781601712,gsm-8,osmo-bsc-594654bd47-5zskx,1,5
1781601712,gsm-8,osmo-bts-virtual-5f8b9b86fc-tvcxl,10,8
1781601712,gsm-8,osmo-hlr-546bdb8988-vb8bb,1,2
1781601712,gsm-8,osmo-mgw-8c8fc67d6-v9gr9,1,2
1781601712,gsm-8,osmo-mobile-7f88cc47b4-wjcqt,2,31
1781601712,gsm-8,osmo-stp-768687f494-shd7q,1,2
1781601712,gsm-8,ttcn3-tc-34-2-2-1-brhlj,1,6
1781601712,gsm-8,virtphy-86b4bdf559-ks45z,9,1
1781601715,gsm-8,msc-test-stub-5b875d749d-dxqzs,1,16
1781601715,gsm-8,osmo-bsc-594654bd47-5zskx,1,5
1781601715,gsm-8,osmo-bts-virtual-5f8b9b86fc-tvcxl,10,8
1781601715,gsm-8,osmo-hlr-546bdb8988-vb8bb,1,2
1781601715,gsm-8,osmo-mgw-8c8fc67d6-v9gr9,1,2
1781601715,gsm-8,osmo-mobile-7f88cc47b4-wjcqt,2,31
1781601715,gsm-8,osmo-stp-768687f494-shd7q,1,2
1781601715,gsm-8,ttcn3-tc-34-2-2-1-brhlj,1,6
1781601715,gsm-8,virtphy-86b4bdf559-ks45z,9,1
1781601717,gsm-8,msc-test-stub-5b875d749d-dxqzs,1,16
1781601717,gsm-8,osmo-bsc-594654bd47-5zskx,1,5
1781601717,gsm-8,osmo-bts-virtual-5f8b9b86fc-tvcxl,10,8
1781601717,gsm-8,osmo-hlr-546bdb8988-vb8bb,1,2
1781601717,gsm-8,osmo-mgw-8c8fc67d6-v9gr9,1,2
1781601717,gsm-8,osmo-mobile-7f88cc47b4-wjcqt,2,31
1781601717,gsm-8,osmo-stp-768687f494-shd7q,1,2
1781601717,gsm-8,ttcn3-tc-34-2-2-1-brhlj,1,6
1781601717,gsm-8,virtphy-86b4bdf559-ks45z,9,1
1781601719,gsm-8,msc-test-stub-5b875d749d-dxqzs,1,16
1781601719,gsm-8,osmo-bsc-594654bd47-5zskx,1,5
1781601719,gsm-8,osmo-bts-virtual-5f8b9b86fc-tvcxl,10,9
1781601719,gsm-8,osmo-hlr-546bdb8988-vb8bb,1,2
1781601719,gsm-8,osmo-mgw-8c8fc67d6-v9gr9,1,2
1781601719,gsm-8,osmo-mobile-7f88cc47b4-wjcqt,2,31
1781601719,gsm-8,osmo-stp-768687f494-shd7q,1,2
1781601719,gsm-8,ttcn3-tc-34-2-2-1-brhlj,1,6
1781601719,gsm-8,virtphy-86b4bdf559-ks45z,9,2
1781601721,gsm-8,msc-test-stub-5b875d749d-dxqzs,1,16
1781601721,gsm-8,osmo-bsc-594654bd47-5zskx,1,5
1781601721,gsm-8,osmo-bts-virtual-5f8b9b86fc-tvcxl,10,9
1781601721,gsm-8,osmo-hlr-546bdb8988-vb8bb,1,2
1781601721,gsm-8,osmo-mgw-8c8fc67d6-v9gr9,1,2
1781601721,gsm-8,osmo-mobile-7f88cc47b4-wjcqt,2,31
1781601721,gsm-8,osmo-stp-768687f494-shd7q,1,2
1781601721,gsm-8,ttcn3-tc-34-2-2-1-brhlj,1,6
1781601721,gsm-8,virtphy-86b4bdf559-ks45z,9,2
1781601723,gsm-8,msc-test-stub-5b875d749d-dxqzs,1,16
1781601723,gsm-8,osmo-bsc-594654bd47-5zskx,1,5
1781601723,gsm-8,osmo-bts-virtual-5f8b9b86fc-tvcxl,10,9
1781601723,gsm-8,osmo-hlr-546bdb8988-vb8bb,1,2
1781601723,gsm-8,osmo-mgw-8c8fc67d6-v9gr9,1,2
1781601723,gsm-8,osmo-mobile-7f88cc47b4-wjcqt,2,31
1781601723,gsm-8,osmo-stp-768687f494-shd7q,1,2
1781601723,gsm-8,ttcn3-tc-34-2-2-1-brhlj,1,6
1781601723,gsm-8,virtphy-86b4bdf559-ks45z,9,2
1781601725,gsm-8,msc-test-stub-5b875d749d-dxqzs,1,16
1781601725,gsm-8,osmo-bsc-594654bd47-5zskx,1,5
1781601725,gsm-8,osmo-bts-virtual-5f8b9b86fc-tvcxl,10,9
1781601725,gsm-8,osmo-hlr-546bdb8988-vb8bb,1,2
1781601725,gsm-8,osmo-mgw-8c8fc67d6-v9gr9,1,2
1781601725,gsm-8,osmo-mobile-7f88cc47b4-wjcqt,2,31
1781601725,gsm-8,osmo-stp-768687f494-shd7q,1,2
1781601725,gsm-8,ttcn3-tc-34-2-2-1-brhlj,1,6
1781601725,gsm-8,virtphy-86b4bdf559-ks45z,9,2
1781601727,gsm-8,msc-test-stub-5b875d749d-dxqzs,1,16
1781601727,gsm-8,osmo-bsc-594654bd47-5zskx,1,5
1781601727,gsm-8,osmo-bts-virtual-5f8b9b86fc-tvcxl,10,9
1781601727,gsm-8,osmo-hlr-546bdb8988-vb8bb,1,2
1781601727,gsm-8,osmo-mgw-8c8fc67d6-v9gr9,1,2
1781601727,gsm-8,osmo-mobile-7f88cc47b4-wjcqt,2,31
1781601727,gsm-8,osmo-stp-768687f494-shd7q,1,2
1781601727,gsm-8,ttcn3-tc-34-2-2-1-brhlj,1,6
1781601727,gsm-8,virtphy-86b4bdf559-ks45z,9,2
1781601729,gsm-8,msc-test-stub-5b875d749d-dxqzs,1,16
1781601729,gsm-8,osmo-bsc-594654bd47-5zskx,1,5
1781601729,gsm-8,osmo-bts-virtual-5f8b9b86fc-tvcxl,10,9
1781601729,gsm-8,osmo-hlr-546bdb8988-vb8bb,1,2
1781601729,gsm-8,osmo-mgw-8c8fc67d6-v9gr9,1,2
1781601729,gsm-8,osmo-mobile-7f88cc47b4-wjcqt,2,31
1781601729,gsm-8,osmo-stp-768687f494-shd7q,1,2
1781601729,gsm-8,ttcn3-tc-34-2-2-1-brhlj,1,6
1781601729,gsm-8,virtphy-86b4bdf559-ks45z,9,2
1781601731,gsm-8,msc-test-stub-5b875d749d-dxqzs,1,16
1781601731,gsm-8,osmo-bsc-594654bd47-5zskx,1,5
1781601731,gsm-8,osmo-bts-virtual-5f8b9b86fc-tvcxl,10,9
1781601731,gsm-8,osmo-hlr-546bdb8988-vb8bb,1,2
1781601731,gsm-8,osmo-mgw-8c8fc67d6-v9gr9,1,2
1781601731,gsm-8,osmo-mobile-7f88cc47b4-wjcqt,2,31
1781601731,gsm-8,osmo-stp-768687f494-shd7q,1,2
1781601731,gsm-8,ttcn3-tc-34-2-2-1-brhlj,1,6
1781601731,gsm-8,virtphy-86b4bdf559-ks45z,9,2
1781601733,gsm-8,msc-test-stub-5b875d749d-dxqzs,1,16
1781601733,gsm-8,osmo-bsc-594654bd47-5zskx,1,5
1781601733,gsm-8,osmo-bts-virtual-5f8b9b86fc-tvcxl,11,6
1781601733,gsm-8,osmo-hlr-546bdb8988-vb8bb,1,2
1781601733,gsm-8,osmo-mgw-8c8fc67d6-v9gr9,1,2
1781601733,gsm-8,osmo-mobile-7f88cc47b4-wjcqt,2,31
1781601733,gsm-8,osmo-stp-768687f494-shd7q,1,2
1781601733,gsm-8,ttcn3-tc-34-2-2-1-brhlj,1,6
1781601733,gsm-8,virtphy-86b4bdf559-ks45z,9,3
1781601735,gsm-8,msc-test-stub-5b875d749d-dxqzs,1,16
1781601735,gsm-8,osmo-bsc-594654bd47-5zskx,1,5
1781601735,gsm-8,osmo-bts-virtual-5f8b9b86fc-tvcxl,11,6
1781601735,gsm-8,osmo-hlr-546bdb8988-vb8bb,1,2
1781601735,gsm-8,osmo-mgw-8c8fc67d6-v9gr9,1,2
1781601735,gsm-8,osmo-mobile-7f88cc47b4-wjcqt,2,31
1781601735,gsm-8,osmo-stp-768687f494-shd7q,1,2
1781601735,gsm-8,ttcn3-tc-34-2-2-1-brhlj,1,6
1781601735,gsm-8,virtphy-86b4bdf559-ks45z,9,3
1781601737,gsm-8,msc-test-stub-5b875d749d-dxqzs,1,16
1781601737,gsm-8,osmo-bsc-594654bd47-5zskx,1,5
1781601737,gsm-8,osmo-bts-virtual-5f8b9b86fc-tvcxl,11,6
1781601737,gsm-8,osmo-hlr-546bdb8988-vb8bb,1,2
1781601737,gsm-8,osmo-mgw-8c8fc67d6-v9gr9,1,2
1781601737,gsm-8,osmo-mobile-7f88cc47b4-wjcqt,2,31
1781601737,gsm-8,osmo-stp-768687f494-shd7q,1,2
1781601737,gsm-8,ttcn3-tc-34-2-2-1-brhlj,1,6
1781601737,gsm-8,virtphy-86b4bdf559-ks45z,9,3
1781601739,gsm-8,msc-test-stub-5b875d749d-dxqzs,1,16
1781601739,gsm-8,osmo-bsc-594654bd47-5zskx,1,5
1781601739,gsm-8,osmo-bts-virtual-5f8b9b86fc-tvcxl,11,6
1781601739,gsm-8,osmo-hlr-546bdb8988-vb8bb,1,2
1781601739,gsm-8,osmo-mgw-8c8fc67d6-v9gr9,1,2
1781601739,gsm-8,osmo-mobile-7f88cc47b4-wjcqt,2,31
1781601739,gsm-8,osmo-stp-768687f494-shd7q,1,2
1781601739,gsm-8,ttcn3-tc-34-2-2-1-brhlj,1,6
1781601739,gsm-8,virtphy-86b4bdf559-ks45z,9,3
1781601741,gsm-8,msc-test-stub-5b875d749d-dxqzs,1,16
1781601741,gsm-8,osmo-bsc-594654bd47-5zskx,1,5
1781601741,gsm-8,osmo-bts-virtual-5f8b9b86fc-tvcxl,11,6
1781601741,gsm-8,osmo-hlr-546bdb8988-vb8bb,1,2
1781601741,gsm-8,osmo-mgw-8c8fc67d6-v9gr9,1,2
1781601741,gsm-8,osmo-mobile-7f88cc47b4-wjcqt,2,31
1781601741,gsm-8,osmo-stp-768687f494-shd7q,1,2
1781601741,gsm-8,ttcn3-tc-34-2-2-1-brhlj,1,6
1781601741,gsm-8,virtphy-86b4bdf559-ks45z,9,3
1781601744,gsm-8,msc-test-stub-5b875d749d-dxqzs,1,16
1781601744,gsm-8,osmo-bsc-594654bd47-5zskx,1,5
1781601744,gsm-8,osmo-bts-virtual-5f8b9b86fc-tvcxl,11,6
1781601744,gsm-8,osmo-hlr-546bdb8988-vb8bb,1,2
1781601744,gsm-8,osmo-mgw-8c8fc67d6-v9gr9,1,2
1781601744,gsm-8,osmo-mobile-7f88cc47b4-wjcqt,2,31
1781601744,gsm-8,osmo-stp-768687f494-shd7q,1,2
1781601744,gsm-8,ttcn3-tc-34-2-2-1-brhlj,1,6
1781601744,gsm-8,virtphy-86b4bdf559-ks45z,9,3
1781601746,gsm-8,msc-test-stub-5b875d749d-dxqzs,1,16
1781601746,gsm-8,osmo-bsc-594654bd47-5zskx,1,5
1781601746,gsm-8,osmo-bts-virtual-5f8b9b86fc-tvcxl,11,6
1781601746,gsm-8,osmo-hlr-546bdb8988-vb8bb,1,2
1781601746,gsm-8,osmo-mgw-8c8fc67d6-v9gr9,1,2
1781601746,gsm-8,osmo-mobile-7f88cc47b4-wjcqt,2,31
1781601746,gsm-8,osmo-stp-768687f494-shd7q,1,2
1781601746,gsm-8,ttcn3-tc-34-2-2-1-brhlj,1,6
1781601746,gsm-8,virtphy-86b4bdf559-ks45z,9,3
1781601748,gsm-8,msc-test-stub-5b875d749d-dxqzs,1,16
1781601748,gsm-8,osmo-bsc-594654bd47-5zskx,1,5
1781601748,gsm-8,osmo-bts-virtual-5f8b9b86fc-tvcxl,10,7
1781601748,gsm-8,osmo-hlr-546bdb8988-vb8bb,1,2
1781601748,gsm-8,osmo-mgw-8c8fc67d6-v9gr9,1,2
1781601748,gsm-8,osmo-mobile-7f88cc47b4-wjcqt,2,31
1781601748,gsm-8,osmo-stp-768687f494-shd7q,1,2
1781601748,gsm-8,ttcn3-tc-34-2-2-1-brhlj,1,6
1781601748,gsm-8,virtphy-86b4bdf559-ks45z,9,1
1781601750,gsm-8,msc-test-stub-5b875d749d-dxqzs,1,16
1781601750,gsm-8,osmo-bsc-594654bd47-5zskx,1,5
1781601750,gsm-8,osmo-bts-virtual-5f8b9b86fc-tvcxl,10,7
1781601750,gsm-8,osmo-hlr-546bdb8988-vb8bb,1,2
1781601750,gsm-8,osmo-mgw-8c8fc67d6-v9gr9,1,2
1781601750,gsm-8,osmo-mobile-7f88cc47b4-wjcqt,2,31
1781601750,gsm-8,osmo-stp-768687f494-shd7q,1,2
1781601750,gsm-8,ttcn3-tc-34-2-2-1-brhlj,1,6
1781601750,gsm-8,virtphy-86b4bdf559-ks45z,9,1
1781601752,gsm-8,msc-test-stub-5b875d749d-dxqzs,1,16
1781601752,gsm-8,osmo-bsc-594654bd47-5zskx,1,5
1781601752,gsm-8,osmo-bts-virtual-5f8b9b86fc-tvcxl,10,7
1781601752,gsm-8,osmo-hlr-546bdb8988-vb8bb,1,2
1781601752,gsm-8,osmo-mgw-8c8fc67d6-v9gr9,1,2
1781601752,gsm-8,osmo-mobile-7f88cc47b4-wjcqt,2,31
1781601752,gsm-8,osmo-stp-768687f494-shd7q,1,2
1781601752,gsm-8,ttcn3-tc-34-2-2-1-brhlj,1,6
1781601752,gsm-8,virtphy-86b4bdf559-ks45z,9,1
1781601754,gsm-8,msc-test-stub-5b875d749d-dxqzs,1,16
1781601754,gsm-8,osmo-bsc-594654bd47-5zskx,1,5
1781601754,gsm-8,osmo-bts-virtual-5f8b9b86fc-tvcxl,10,7
1781601754,gsm-8,osmo-hlr-546bdb8988-vb8bb,1,2
1781601754,gsm-8,osmo-mgw-8c8fc67d6-v9gr9,1,2
1781601754,gsm-8,osmo-mobile-7f88cc47b4-wjcqt,2,31
1781601754,gsm-8,osmo-stp-768687f494-shd7q,1,2
1781601754,gsm-8,ttcn3-tc-34-2-2-1-brhlj,1,6
1781601754,gsm-8,virtphy-86b4bdf559-ks45z,9,1
1781601756,gsm-8,msc-test-stub-5b875d749d-dxqzs,1,16
1781601756,gsm-8,osmo-bsc-594654bd47-5zskx,1,5
1781601756,gsm-8,osmo-bts-virtual-5f8b9b86fc-tvcxl,10,7
1781601756,gsm-8,osmo-hlr-546bdb8988-vb8bb,1,2
1781601756,gsm-8,osmo-mgw-8c8fc67d6-v9gr9,1,2
1781601756,gsm-8,osmo-mobile-7f88cc47b4-wjcqt,2,31
1781601756,gsm-8,osmo-stp-768687f494-shd7q,1,2
1781601756,gsm-8,ttcn3-tc-34-2-2-1-brhlj,1,6
1781601756,gsm-8,virtphy-86b4bdf559-ks45z,9,1
1781601758,gsm-8,msc-test-stub-5b875d749d-dxqzs,1,16
1781601758,gsm-8,osmo-bsc-594654bd47-5zskx,1,5
1781601758,gsm-8,osmo-bts-virtual-5f8b9b86fc-tvcxl,10,7
1781601758,gsm-8,osmo-hlr-546bdb8988-vb8bb,1,2
1781601758,gsm-8,osmo-mgw-8c8fc67d6-v9gr9,1,2
1781601758,gsm-8,osmo-mobile-7f88cc47b4-wjcqt,2,31
1781601758,gsm-8,osmo-stp-768687f494-shd7q,1,2
1781601758,gsm-8,ttcn3-tc-34-2-2-1-brhlj,1,6
1781601758,gsm-8,virtphy-86b4bdf559-ks45z,9,1
1781601761,gsm-8,msc-test-stub-5b875d749d-dxqzs,1,16
1781601761,gsm-8,osmo-bsc-594654bd47-5zskx,1,5
1781601761,gsm-8,osmo-bts-virtual-5f8b9b86fc-tvcxl,10,7
1781601761,gsm-8,osmo-hlr-546bdb8988-vb8bb,1,2
1781601761,gsm-8,osmo-mgw-8c8fc67d6-v9gr9,1,2
1781601761,gsm-8,osmo-mobile-7f88cc47b4-wjcqt,2,31
1781601761,gsm-8,osmo-stp-768687f494-shd7q,1,2
1781601761,gsm-8,ttcn3-tc-34-2-2-1-brhlj,1,6
1781601761,gsm-8,virtphy-86b4bdf559-ks45z,9,1
1781601763,gsm-8,msc-test-stub-5b875d749d-dxqzs,1,16
1781601763,gsm-8,osmo-bsc-594654bd47-5zskx,1,5
1781601763,gsm-8,osmo-bts-virtual-5f8b9b86fc-tvcxl,11,9
1781601763,gsm-8,osmo-hlr-546bdb8988-vb8bb,1,2
1781601763,gsm-8,osmo-mgw-8c8fc67d6-v9gr9,1,2
1781601763,gsm-8,osmo-mobile-7f88cc47b4-wjcqt,2,31
1781601763,gsm-8,osmo-stp-768687f494-shd7q,1,2
1781601763,gsm-8,ttcn3-tc-34-2-2-1-brhlj,1,6
1781601763,gsm-8,virtphy-86b4bdf559-ks45z,10,2
1781601765,gsm-8,msc-test-stub-5b875d749d-dxqzs,1,16
1781601765,gsm-8,osmo-bsc-594654bd47-5zskx,1,5
1781601765,gsm-8,osmo-bts-virtual-5f8b9b86fc-tvcxl,11,9
1781601765,gsm-8,osmo-hlr-546bdb8988-vb8bb,1,2
1781601765,gsm-8,osmo-mgw-8c8fc67d6-v9gr9,1,2
1781601765,gsm-8,osmo-mobile-7f88cc47b4-wjcqt,2,31
1781601765,gsm-8,osmo-stp-768687f494-shd7q,1,2
1781601765,gsm-8,ttcn3-tc-34-2-2-1-brhlj,1,6
1781601765,gsm-8,virtphy-86b4bdf559-ks45z,10,2
1781601767,gsm-8,msc-test-stub-5b875d749d-dxqzs,1,16
1781601767,gsm-8,osmo-bsc-594654bd47-5zskx,1,5
1781601767,gsm-8,osmo-bts-virtual-5f8b9b86fc-tvcxl,11,9
1781601767,gsm-8,osmo-hlr-546bdb8988-vb8bb,1,2
1781601767,gsm-8,osmo-mgw-8c8fc67d6-v9gr9,1,2
1781601767,gsm-8,osmo-mobile-7f88cc47b4-wjcqt,2,31
1781601767,gsm-8,osmo-stp-768687f494-shd7q,1,2
1781601767,gsm-8,ttcn3-tc-34-2-2-1-brhlj,1,6
1781601767,gsm-8,virtphy-86b4bdf559-ks45z,10,2
1781601769,gsm-8,msc-test-stub-5b875d749d-dxqzs,1,16
1781601769,gsm-8,osmo-bsc-594654bd47-5zskx,1,5
1781601769,gsm-8,osmo-bts-virtual-5f8b9b86fc-tvcxl,11,9
1781601769,gsm-8,osmo-hlr-546bdb8988-vb8bb,1,2
1781601769,gsm-8,osmo-mgw-8c8fc67d6-v9gr9,1,2
1781601769,gsm-8,osmo-mobile-7f88cc47b4-wjcqt,2,31
1781601769,gsm-8,osmo-stp-768687f494-shd7q,1,2
1781601769,gsm-8,ttcn3-tc-34-2-2-1-brhlj,1,6
1781601769,gsm-8,virtphy-86b4bdf559-ks45z,10,2
1781601771,gsm-8,msc-test-stub-5b875d749d-dxqzs,1,16
1781601771,gsm-8,osmo-bsc-594654bd47-5zskx,1,5
1781601771,gsm-8,osmo-bts-virtual-5f8b9b86fc-tvcxl,11,9
1781601771,gsm-8,osmo-hlr-546bdb8988-vb8bb,1,2
1781601771,gsm-8,osmo-mgw-8c8fc67d6-v9gr9,1,2
1781601771,gsm-8,osmo-mobile-7f88cc47b4-wjcqt,2,31
1781601771,gsm-8,osmo-stp-768687f494-shd7q,1,2
1781601771,gsm-8,ttcn3-tc-34-2-2-1-brhlj,1,6
1781601771,gsm-8,virtphy-86b4bdf559-ks45z,10,2
1781601773,gsm-8,msc-test-stub-5b875d749d-dxqzs,1,16
1781601773,gsm-8,osmo-bsc-594654bd47-5zskx,1,5
1781601773,gsm-8,osmo-bts-virtual-5f8b9b86fc-tvcxl,11,9
1781601773,gsm-8,osmo-hlr-546bdb8988-vb8bb,1,2
1781601773,gsm-8,osmo-mgw-8c8fc67d6-v9gr9,1,2
1781601773,gsm-8,osmo-mobile-7f88cc47b4-wjcqt,2,31
1781601773,gsm-8,osmo-stp-768687f494-shd7q,1,2
1781601773,gsm-8,ttcn3-tc-34-2-2-1-brhlj,1,6
1781601773,gsm-8,virtphy-86b4bdf559-ks45z,10,2
1781601775,gsm-8,msc-test-stub-5b875d749d-dxqzs,1,16
1781601775,gsm-8,osmo-bsc-594654bd47-5zskx,1,5
1781601775,gsm-8,osmo-bts-virtual-5f8b9b86fc-tvcxl,11,9
1781601775,gsm-8,osmo-hlr-546bdb8988-vb8bb,1,2
1781601775,gsm-8,osmo-mgw-8c8fc67d6-v9gr9,1,2
1781601775,gsm-8,osmo-mobile-7f88cc47b4-wjcqt,2,31
1781601775,gsm-8,osmo-stp-768687f494-shd7q,1,2
1781601775,gsm-8,ttcn3-tc-34-2-2-1-brhlj,1,6
1781601775,gsm-8,virtphy-86b4bdf559-ks45z,10,2
1781601777,gsm-8,msc-test-stub-5b875d749d-dxqzs,1,16
1781601777,gsm-8,osmo-bsc-594654bd47-5zskx,1,5
1781601777,gsm-8,osmo-bts-virtual-5f8b9b86fc-tvcxl,10,7
1781601777,gsm-8,osmo-hlr-546bdb8988-vb8bb,1,2
1781601777,gsm-8,osmo-mgw-8c8fc67d6-v9gr9,1,2
1781601777,gsm-8,osmo-mobile-7f88cc47b4-wjcqt,2,31
1781601777,gsm-8,osmo-stp-768687f494-shd7q,1,2
1781601777,gsm-8,ttcn3-tc-34-2-2-1-brhlj,1,6
1781601777,gsm-8,virtphy-86b4bdf559-ks45z,9,2
1781601779,gsm-8,msc-test-stub-5b875d749d-dxqzs,1,16
1781601779,gsm-8,osmo-bsc-594654bd47-5zskx,1,5
1781601779,gsm-8,osmo-bts-virtual-5f8b9b86fc-tvcxl,10,7
1781601779,gsm-8,osmo-hlr-546bdb8988-vb8bb,1,2
1781601779,gsm-8,osmo-mgw-8c8fc67d6-v9gr9,1,2
1781601779,gsm-8,osmo-mobile-7f88cc47b4-wjcqt,2,31
1781601779,gsm-8,osmo-stp-768687f494-shd7q,1,2
1781601779,gsm-8,ttcn3-tc-34-2-2-1-brhlj,1,6
1781601779,gsm-8,virtphy-86b4bdf559-ks45z,9,2
1781601781,gsm-8,msc-test-stub-5b875d749d-dxqzs,1,16
1781601781,gsm-8,osmo-bsc-594654bd47-5zskx,1,5
1781601781,gsm-8,osmo-bts-virtual-5f8b9b86fc-tvcxl,10,7
1781601781,gsm-8,osmo-hlr-546bdb8988-vb8bb,1,2
1781601781,gsm-8,osmo-mgw-8c8fc67d6-v9gr9,1,2
1781601781,gsm-8,osmo-mobile-7f88cc47b4-wjcqt,2,31
1781601781,gsm-8,osmo-stp-768687f494-shd7q,1,2
1781601781,gsm-8,ttcn3-tc-34-2-2-1-brhlj,1,6
1781601781,gsm-8,virtphy-86b4bdf559-ks45z,9,2
1781601783,gsm-8,msc-test-stub-5b875d749d-dxqzs,1,16
1781601783,gsm-8,osmo-bsc-594654bd47-5zskx,1,5
1781601783,gsm-8,osmo-bts-virtual-5f8b9b86fc-tvcxl,10,7
1781601783,gsm-8,osmo-hlr-546bdb8988-vb8bb,1,2
1781601783,gsm-8,osmo-mgw-8c8fc67d6-v9gr9,1,2
1781601783,gsm-8,osmo-mobile-7f88cc47b4-wjcqt,2,31
1781601783,gsm-8,osmo-stp-768687f494-shd7q,1,2
1781601783,gsm-8,ttcn3-tc-34-2-2-1-brhlj,1,6
1781601783,gsm-8,virtphy-86b4bdf559-ks45z,9,2
1781601785,gsm-8,msc-test-stub-5b875d749d-dxqzs,1,16
1781601785,gsm-8,osmo-bsc-594654bd47-5zskx,1,5
1781601785,gsm-8,osmo-bts-virtual-5f8b9b86fc-tvcxl,10,7
1781601785,gsm-8,osmo-hlr-546bdb8988-vb8bb,1,2
1781601785,gsm-8,osmo-mgw-8c8fc67d6-v9gr9,1,2
1781601785,gsm-8,osmo-mobile-7f88cc47b4-wjcqt,2,31
1781601785,gsm-8,osmo-stp-768687f494-shd7q,1,2
1781601785,gsm-8,ttcn3-tc-34-2-2-1-brhlj,1,6
1781601785,gsm-8,virtphy-86b4bdf559-ks45z,9,2
1781601787,gsm-8,msc-test-stub-5b875d749d-dxqzs,1,16
1781601787,gsm-8,osmo-bsc-594654bd47-5zskx,1,5
1781601787,gsm-8,osmo-bts-virtual-5f8b9b86fc-tvcxl,10,7
1781601787,gsm-8,osmo-hlr-546bdb8988-vb8bb,1,2
1781601787,gsm-8,osmo-mgw-8c8fc67d6-v9gr9,1,2
1781601787,gsm-8,osmo-mobile-7f88cc47b4-wjcqt,2,31
1781601787,gsm-8,osmo-stp-768687f494-shd7q,1,2
1781601787,gsm-8,ttcn3-tc-34-2-2-1-brhlj,1,6
1781601787,gsm-8,virtphy-86b4bdf559-ks45z,9,2
1781601789,gsm-8,msc-test-stub-5b875d749d-dxqzs,1,16
1781601789,gsm-8,osmo-bsc-594654bd47-5zskx,1,5
1781601789,gsm-8,osmo-bts-virtual-5f8b9b86fc-tvcxl,10,7
1781601789,gsm-8,osmo-hlr-546bdb8988-vb8bb,1,2
1781601789,gsm-8,osmo-mgw-8c8fc67d6-v9gr9,1,2
1781601789,gsm-8,osmo-mobile-7f88cc47b4-wjcqt,2,31
1781601789,gsm-8,osmo-stp-768687f494-shd7q,1,2
1781601789,gsm-8,ttcn3-tc-34-2-2-1-brhlj,1,6
1781601789,gsm-8,virtphy-86b4bdf559-ks45z,9,2
1781601791,gsm-8,msc-test-stub-5b875d749d-dxqzs,1,16
1781601791,gsm-8,osmo-bsc-594654bd47-5zskx,1,5
1781601791,gsm-8,osmo-bts-virtual-5f8b9b86fc-tvcxl,10,7
1781601791,gsm-8,osmo-hlr-546bdb8988-vb8bb,1,2
1781601791,gsm-8,osmo-mgw-8c8fc67d6-v9gr9,1,2
1781601791,gsm-8,osmo-mobile-7f88cc47b4-wjcqt,2,31
1781601791,gsm-8,osmo-stp-768687f494-shd7q,1,2
1781601791,gsm-8,ttcn3-tc-34-2-2-1-brhlj,1,6
1781601791,gsm-8,virtphy-86b4bdf559-ks45z,9,2
1781601794,gsm-8,msc-test-stub-5b875d749d-dxqzs,1,16
1781601794,gsm-8,osmo-bsc-594654bd47-5zskx,1,5
1781601794,gsm-8,osmo-bts-virtual-5f8b9b86fc-tvcxl,10,9
1781601794,gsm-8,osmo-hlr-546bdb8988-vb8bb,1,2
1781601794,gsm-8,osmo-mgw-8c8fc67d6-v9gr9,1,2
1781601794,gsm-8,osmo-mobile-7f88cc47b4-wjcqt,2,31
1781601794,gsm-8,osmo-stp-768687f494-shd7q,1,2
1781601794,gsm-8,ttcn3-tc-34-2-2-1-brhlj,1,6
1781601794,gsm-8,virtphy-86b4bdf559-ks45z,9,1
1781601796,gsm-8,msc-test-stub-5b875d749d-dxqzs,1,16
1781601796,gsm-8,osmo-bsc-594654bd47-5zskx,1,5
1781601796,gsm-8,osmo-bts-virtual-5f8b9b86fc-tvcxl,10,9
1781601796,gsm-8,osmo-hlr-546bdb8988-vb8bb,1,2
1781601796,gsm-8,osmo-mgw-8c8fc67d6-v9gr9,1,2
1781601796,gsm-8,osmo-mobile-7f88cc47b4-wjcqt,2,31
1781601796,gsm-8,osmo-stp-768687f494-shd7q,1,2
1781601796,gsm-8,ttcn3-tc-34-2-2-1-brhlj,1,6
1781601796,gsm-8,virtphy-86b4bdf559-ks45z,9,1
1781601798,gsm-8,msc-test-stub-5b875d749d-dxqzs,1,16
1781601798,gsm-8,osmo-bsc-594654bd47-5zskx,1,5
1781601798,gsm-8,osmo-bts-virtual-5f8b9b86fc-tvcxl,10,9
1781601798,gsm-8,osmo-hlr-546bdb8988-vb8bb,1,2
1781601798,gsm-8,osmo-mgw-8c8fc67d6-v9gr9,1,2
1781601798,gsm-8,osmo-mobile-7f88cc47b4-wjcqt,2,31
1781601798,gsm-8,osmo-stp-768687f494-shd7q,1,2
1781601798,gsm-8,ttcn3-tc-34-2-2-1-brhlj,1,6
1781601798,gsm-8,virtphy-86b4bdf559-ks45z,9,1
1781601800,gsm-8,msc-test-stub-5b875d749d-dxqzs,1,16
1781601800,gsm-8,osmo-bsc-594654bd47-5zskx,1,5
1781601800,gsm-8,osmo-bts-virtual-5f8b9b86fc-tvcxl,10,9
1781601800,gsm-8,osmo-hlr-546bdb8988-vb8bb,1,2
1781601800,gsm-8,osmo-mgw-8c8fc67d6-v9gr9,1,2
1781601800,gsm-8,osmo-mobile-7f88cc47b4-wjcqt,2,31
1781601800,gsm-8,osmo-stp-768687f494-shd7q,1,2
1781601800,gsm-8,ttcn3-tc-34-2-2-1-brhlj,1,6
1781601800,gsm-8,virtphy-86b4bdf559-ks45z,9,1
1781601802,gsm-8,msc-test-stub-5b875d749d-dxqzs,1,16
1781601802,gsm-8,osmo-bsc-594654bd47-5zskx,1,5
1781601802,gsm-8,osmo-bts-virtual-5f8b9b86fc-tvcxl,10,9
1781601802,gsm-8,osmo-hlr-546bdb8988-vb8bb,1,2
1781601802,gsm-8,osmo-mgw-8c8fc67d6-v9gr9,1,2
1781601802,gsm-8,osmo-mobile-7f88cc47b4-wjcqt,2,31
1781601802,gsm-8,osmo-stp-768687f494-shd7q,1,2
1781601802,gsm-8,ttcn3-tc-34-2-2-1-brhlj,1,6
1781601802,gsm-8,virtphy-86b4bdf559-ks45z,9,1
1781601804,gsm-8,msc-test-stub-5b875d749d-dxqzs,1,16
1781601804,gsm-8,osmo-bsc-594654bd47-5zskx,1,5
1781601804,gsm-8,osmo-bts-virtual-5f8b9b86fc-tvcxl,10,9
1781601804,gsm-8,osmo-hlr-546bdb8988-vb8bb,1,2
1781601804,gsm-8,osmo-mgw-8c8fc67d6-v9gr9,1,2
1781601804,gsm-8,osmo-mobile-7f88cc47b4-wjcqt,2,31
1781601804,gsm-8,osmo-stp-768687f494-shd7q,1,2
1781601804,gsm-8,ttcn3-tc-34-2-2-1-brhlj,1,6
1781601804,gsm-8,virtphy-86b4bdf559-ks45z,9,1
1781601806,gsm-8,msc-test-stub-5b875d749d-dxqzs,1,16
1781601806,gsm-8,osmo-bsc-594654bd47-5zskx,1,5
1781601806,gsm-8,osmo-bts-virtual-5f8b9b86fc-tvcxl,10,9
1781601806,gsm-8,osmo-hlr-546bdb8988-vb8bb,1,2
1781601806,gsm-8,osmo-mgw-8c8fc67d6-v9gr9,1,2
1781601806,gsm-8,osmo-mobile-7f88cc47b4-wjcqt,2,31
1781601806,gsm-8,osmo-stp-768687f494-shd7q,1,2
1781601806,gsm-8,ttcn3-tc-34-2-2-1-brhlj,1,6
1781601806,gsm-8,virtphy-86b4bdf559-ks45z,9,1
1781601808,gsm-8,msc-test-stub-5b875d749d-dxqzs,1,16
1781601808,gsm-8,osmo-bsc-594654bd47-5zskx,1,5
1781601808,gsm-8,osmo-bts-virtual-5f8b9b86fc-tvcxl,11,9
1781601808,gsm-8,osmo-hlr-546bdb8988-vb8bb,1,2
1781601808,gsm-8,osmo-mgw-8c8fc67d6-v9gr9,1,2
1781601808,gsm-8,osmo-mobile-7f88cc47b4-wjcqt,2,31
1781601808,gsm-8,osmo-stp-768687f494-shd7q,1,2
1781601808,gsm-8,ttcn3-tc-34-2-2-1-brhlj,1,6
1781601808,gsm-8,virtphy-86b4bdf559-ks45z,9,5
1781601810,gsm-8,msc-test-stub-5b875d749d-dxqzs,1,16
1781601810,gsm-8,osmo-bsc-594654bd47-5zskx,1,5
1781601810,gsm-8,osmo-bts-virtual-5f8b9b86fc-tvcxl,11,9
1781601810,gsm-8,osmo-hlr-546bdb8988-vb8bb,1,2
1781601810,gsm-8,osmo-mgw-8c8fc67d6-v9gr9,1,2
1781601810,gsm-8,osmo-mobile-7f88cc47b4-wjcqt,2,31
1781601810,gsm-8,osmo-stp-768687f494-shd7q,1,2
1781601810,gsm-8,ttcn3-tc-34-2-2-1-brhlj,1,6
1781601810,gsm-8,virtphy-86b4bdf559-ks45z,9,5
1781601812,gsm-8,msc-test-stub-5b875d749d-dxqzs,1,16
1781601812,gsm-8,osmo-bsc-594654bd47-5zskx,1,5
1781601812,gsm-8,osmo-bts-virtual-5f8b9b86fc-tvcxl,11,9
1781601812,gsm-8,osmo-hlr-546bdb8988-vb8bb,1,2
1781601812,gsm-8,osmo-mgw-8c8fc67d6-v9gr9,1,2
1781601812,gsm-8,osmo-mobile-7f88cc47b4-wjcqt,2,31
1781601812,gsm-8,osmo-stp-768687f494-shd7q,1,2
1781601812,gsm-8,ttcn3-tc-34-2-2-1-brhlj,1,6
1781601812,gsm-8,virtphy-86b4bdf559-ks45z,9,5
1781601815,gsm-8,msc-test-stub-5b875d749d-dxqzs,1,16
1781601815,gsm-8,osmo-bsc-594654bd47-5zskx,1,5
1781601815,gsm-8,osmo-bts-virtual-5f8b9b86fc-tvcxl,11,9
1781601815,gsm-8,osmo-hlr-546bdb8988-vb8bb,1,2
1781601815,gsm-8,osmo-mgw-8c8fc67d6-v9gr9,1,2
1781601815,gsm-8,osmo-mobile-7f88cc47b4-wjcqt,2,31
1781601815,gsm-8,osmo-stp-768687f494-shd7q,1,2
1781601815,gsm-8,ttcn3-tc-34-2-2-1-brhlj,1,6
1781601815,gsm-8,virtphy-86b4bdf559-ks45z,9,5
1781601817,gsm-8,msc-test-stub-5b875d749d-dxqzs,1,16
1781601817,gsm-8,osmo-bsc-594654bd47-5zskx,1,5
1781601817,gsm-8,osmo-bts-virtual-5f8b9b86fc-tvcxl,11,9
1781601817,gsm-8,osmo-hlr-546bdb8988-vb8bb,1,2
1781601817,gsm-8,osmo-mgw-8c8fc67d6-v9gr9,1,2
1781601817,gsm-8,osmo-mobile-7f88cc47b4-wjcqt,2,31
1781601817,gsm-8,osmo-stp-768687f494-shd7q,1,2
1781601817,gsm-8,ttcn3-tc-34-2-2-1-brhlj,1,6
1781601817,gsm-8,virtphy-86b4bdf559-ks45z,9,5
1781601819,gsm-8,msc-test-stub-5b875d749d-dxqzs,1,16
1781601819,gsm-8,osmo-bsc-594654bd47-5zskx,1,5
1781601819,gsm-8,osmo-bts-virtual-5f8b9b86fc-tvcxl,11,9
1781601819,gsm-8,osmo-hlr-546bdb8988-vb8bb,1,2
1781601819,gsm-8,osmo-mgw-8c8fc67d6-v9gr9,1,2
1781601819,gsm-8,osmo-mobile-7f88cc47b4-wjcqt,2,31
1781601819,gsm-8,osmo-stp-768687f494-shd7q,1,2
1781601819,gsm-8,ttcn3-tc-34-2-2-1-brhlj,1,6
1781601819,gsm-8,virtphy-86b4bdf559-ks45z,9,5
1781601821,gsm-8,msc-test-stub-5b875d749d-dxqzs,1,16
1781601821,gsm-8,osmo-bsc-594654bd47-5zskx,1,5
1781601821,gsm-8,osmo-bts-virtual-5f8b9b86fc-tvcxl,11,9
1781601821,gsm-8,osmo-hlr-546bdb8988-vb8bb,1,2
1781601821,gsm-8,osmo-mgw-8c8fc67d6-v9gr9,1,2
1781601821,gsm-8,osmo-mobile-7f88cc47b4-wjcqt,2,31
1781601821,gsm-8,osmo-stp-768687f494-shd7q,1,2
1781601821,gsm-8,ttcn3-tc-34-2-2-1-brhlj,1,6
1781601821,gsm-8,virtphy-86b4bdf559-ks45z,9,5
1781601823,gsm-8,msc-test-stub-5b875d749d-dxqzs,1,16
1781601823,gsm-8,osmo-bsc-594654bd47-5zskx,1,5
1781601823,gsm-8,osmo-bts-virtual-5f8b9b86fc-tvcxl,10,9
1781601823,gsm-8,osmo-hlr-546bdb8988-vb8bb,1,2
1781601823,gsm-8,osmo-mgw-8c8fc67d6-v9gr9,1,2
1781601823,gsm-8,osmo-mobile-7f88cc47b4-wjcqt,2,31
1781601823,gsm-8,osmo-stp-768687f494-shd7q,1,2
1781601823,gsm-8,ttcn3-tc-34-2-2-1-brhlj,1,6
1781601823,gsm-8,virtphy-86b4bdf559-ks45z,9,3
1781601825,gsm-8,msc-test-stub-5b875d749d-dxqzs,1,16
1781601825,gsm-8,osmo-bsc-594654bd47-5zskx,1,5
1781601825,gsm-8,osmo-bts-virtual-5f8b9b86fc-tvcxl,10,9
1781601825,gsm-8,osmo-hlr-546bdb8988-vb8bb,1,2
1781601825,gsm-8,osmo-mgw-8c8fc67d6-v9gr9,1,2
1781601825,gsm-8,osmo-mobile-7f88cc47b4-wjcqt,2,31
1781601825,gsm-8,osmo-stp-768687f494-shd7q,1,2
1781601825,gsm-8,ttcn3-tc-34-2-2-1-brhlj,1,6
1781601825,gsm-8,virtphy-86b4bdf559-ks45z,9,3
1781601827,gsm-8,msc-test-stub-5b875d749d-dxqzs,1,16
1781601827,gsm-8,osmo-bsc-594654bd47-5zskx,1,5
1781601827,gsm-8,osmo-bts-virtual-5f8b9b86fc-tvcxl,10,9
1781601827,gsm-8,osmo-hlr-546bdb8988-vb8bb,1,2
1781601827,gsm-8,osmo-mgw-8c8fc67d6-v9gr9,1,2
1781601827,gsm-8,osmo-mobile-7f88cc47b4-wjcqt,2,31
1781601827,gsm-8,osmo-stp-768687f494-shd7q,1,2
1781601827,gsm-8,ttcn3-tc-34-2-2-1-brhlj,1,6
1781601827,gsm-8,virtphy-86b4bdf559-ks45z,9,3
1781601829,gsm-8,msc-test-stub-5b875d749d-dxqzs,1,16
1781601829,gsm-8,osmo-bsc-594654bd47-5zskx,1,5
1781601829,gsm-8,osmo-bts-virtual-5f8b9b86fc-tvcxl,10,9
1781601829,gsm-8,osmo-hlr-546bdb8988-vb8bb,1,2
1781601829,gsm-8,osmo-mgw-8c8fc67d6-v9gr9,1,2
1781601829,gsm-8,osmo-mobile-7f88cc47b4-wjcqt,2,31
1781601829,gsm-8,osmo-stp-768687f494-shd7q,1,2
1781601829,gsm-8,ttcn3-tc-34-2-2-1-brhlj,1,6
1781601829,gsm-8,virtphy-86b4bdf559-ks45z,9,3
1781601832,gsm-8,msc-test-stub-5b875d749d-dxqzs,1,16
1781601832,gsm-8,osmo-bsc-594654bd47-5zskx,1,5
1781601832,gsm-8,osmo-bts-virtual-5f8b9b86fc-tvcxl,10,9
1781601832,gsm-8,osmo-hlr-546bdb8988-vb8bb,1,2
1781601832,gsm-8,osmo-mgw-8c8fc67d6-v9gr9,1,2
1781601832,gsm-8,osmo-mobile-7f88cc47b4-wjcqt,2,31
1781601832,gsm-8,osmo-stp-768687f494-shd7q,1,2
1781601832,gsm-8,ttcn3-tc-34-2-2-1-brhlj,1,6
1781601832,gsm-8,virtphy-86b4bdf559-ks45z,9,3
1781601834,gsm-8,msc-test-stub-5b875d749d-dxqzs,1,16
1781601834,gsm-8,osmo-bsc-594654bd47-5zskx,1,5
1781601834,gsm-8,osmo-bts-virtual-5f8b9b86fc-tvcxl,10,9
1781601834,gsm-8,osmo-hlr-546bdb8988-vb8bb,1,2
1781601834,gsm-8,osmo-mgw-8c8fc67d6-v9gr9,1,2
1781601834,gsm-8,osmo-mobile-7f88cc47b4-wjcqt,2,31
1781601834,gsm-8,osmo-stp-768687f494-shd7q,1,2
1781601834,gsm-8,ttcn3-tc-34-2-2-1-brhlj,1,6
1781601834,gsm-8,virtphy-86b4bdf559-ks45z,9,3
1781601836,gsm-8,msc-test-stub-5b875d749d-dxqzs,1,16
1781601836,gsm-8,osmo-bsc-594654bd47-5zskx,1,5
1781601836,gsm-8,osmo-bts-virtual-5f8b9b86fc-tvcxl,10,9
1781601836,gsm-8,osmo-hlr-546bdb8988-vb8bb,1,2
1781601836,gsm-8,osmo-mgw-8c8fc67d6-v9gr9,1,2
1781601836,gsm-8,osmo-mobile-7f88cc47b4-wjcqt,2,31
1781601836,gsm-8,osmo-stp-768687f494-shd7q,1,2
1781601836,gsm-8,ttcn3-tc-34-2-2-1-brhlj,1,6
1781601836,gsm-8,virtphy-86b4bdf559-ks45z,9,3
1781601838,gsm-8,msc-test-stub-5b875d749d-dxqzs,1,16
1781601838,gsm-8,osmo-bsc-594654bd47-5zskx,1,5
1781601838,gsm-8,osmo-bts-virtual-5f8b9b86fc-tvcxl,10,9
1781601838,gsm-8,osmo-hlr-546bdb8988-vb8bb,1,2
1781601838,gsm-8,osmo-mgw-8c8fc67d6-v9gr9,1,2
1781601838,gsm-8,osmo-mobile-7f88cc47b4-wjcqt,2,31
1781601838,gsm-8,osmo-stp-768687f494-shd7q,1,2
1781601838,gsm-8,ttcn3-tc-34-2-2-1-brhlj,1,6
1781601838,gsm-8,virtphy-86b4bdf559-ks45z,9,3
1781601840,gsm-8,msc-test-stub-5b875d749d-dxqzs,1,16
1781601840,gsm-8,osmo-bsc-594654bd47-5zskx,1,5
1781601840,gsm-8,osmo-bts-virtual-5f8b9b86fc-tvcxl,10,9
1781601840,gsm-8,osmo-hlr-546bdb8988-vb8bb,1,2
1781601840,gsm-8,osmo-mgw-8c8fc67d6-v9gr9,1,2
1781601840,gsm-8,osmo-mobile-7f88cc47b4-wjcqt,2,31
1781601840,gsm-8,osmo-stp-768687f494-shd7q,1,2
1781601840,gsm-8,ttcn3-tc-34-2-2-1-brhlj,1,6
1781601840,gsm-8,virtphy-86b4bdf559-ks45z,9,3
1781601842,gsm-8,msc-test-stub-5b875d749d-dxqzs,1,16
1781601842,gsm-8,osmo-bsc-594654bd47-5zskx,1,5
1781601842,gsm-8,osmo-bts-virtual-5f8b9b86fc-tvcxl,10,9
1781601842,gsm-8,osmo-hlr-546bdb8988-vb8bb,1,2
1781601842,gsm-8,osmo-mgw-8c8fc67d6-v9gr9,1,2
1781601842,gsm-8,osmo-mobile-7f88cc47b4-wjcqt,2,31
1781601842,gsm-8,osmo-stp-768687f494-shd7q,1,2
1781601842,gsm-8,ttcn3-tc-34-2-2-1-brhlj,1,6
1781601842,gsm-8,virtphy-86b4bdf559-ks45z,9,3
1781601844,gsm-8,msc-test-stub-5b875d749d-dxqzs,1,16
1781601844,gsm-8,osmo-bsc-594654bd47-5zskx,1,5
1781601844,gsm-8,osmo-bts-virtual-5f8b9b86fc-tvcxl,10,9
1781601844,gsm-8,osmo-hlr-546bdb8988-vb8bb,1,2
1781601844,gsm-8,osmo-mgw-8c8fc67d6-v9gr9,1,2
1781601844,gsm-8,osmo-mobile-7f88cc47b4-wjcqt,2,31
1781601844,gsm-8,osmo-stp-768687f494-shd7q,1,2
1781601844,gsm-8,ttcn3-tc-34-2-2-1-brhlj,1,6
1781601844,gsm-8,virtphy-86b4bdf559-ks45z,9,3
1781601846,gsm-8,msc-test-stub-5b875d749d-dxqzs,1,16
1781601846,gsm-8,osmo-bsc-594654bd47-5zskx,1,5
1781601846,gsm-8,osmo-bts-virtual-5f8b9b86fc-tvcxl,10,9
1781601846,gsm-8,osmo-hlr-546bdb8988-vb8bb,1,2
1781601846,gsm-8,osmo-mgw-8c8fc67d6-v9gr9,1,2
1781601846,gsm-8,osmo-mobile-7f88cc47b4-wjcqt,2,31
1781601846,gsm-8,osmo-stp-768687f494-shd7q,1,2
1781601846,gsm-8,ttcn3-tc-34-2-2-1-brhlj,1,6
1781601846,gsm-8,virtphy-86b4bdf559-ks45z,9,3
1781601848,gsm-8,msc-test-stub-5b875d749d-dxqzs,1,16
1781601848,gsm-8,osmo-bsc-594654bd47-5zskx,1,5
1781601848,gsm-8,osmo-bts-virtual-5f8b9b86fc-tvcxl,10,9
1781601848,gsm-8,osmo-hlr-546bdb8988-vb8bb,1,2
1781601848,gsm-8,osmo-mgw-8c8fc67d6-v9gr9,1,2
1781601848,gsm-8,osmo-mobile-7f88cc47b4-wjcqt,2,31
1781601848,gsm-8,osmo-stp-768687f494-shd7q,1,2
1781601848,gsm-8,ttcn3-tc-34-2-2-1-brhlj,1,6
1781601848,gsm-8,virtphy-86b4bdf559-ks45z,9,3
1781601851,gsm-8,msc-test-stub-5b875d749d-dxqzs,1,16
1781601851,gsm-8,osmo-bsc-594654bd47-5zskx,1,5
1781601851,gsm-8,osmo-bts-virtual-5f8b9b86fc-tvcxl,10,9
1781601851,gsm-8,osmo-hlr-546bdb8988-vb8bb,1,2
1781601851,gsm-8,osmo-mgw-8c8fc67d6-v9gr9,1,2
1781601851,gsm-8,osmo-mobile-7f88cc47b4-wjcqt,2,31
1781601851,gsm-8,osmo-stp-768687f494-shd7q,1,2
1781601851,gsm-8,ttcn3-tc-34-2-2-1-brhlj,1,6
1781601851,gsm-8,virtphy-86b4bdf559-ks45z,9,3
1781601853,gsm-8,msc-test-stub-5b875d749d-dxqzs,1,16
1781601853,gsm-8,osmo-bsc-594654bd47-5zskx,1,5
1781601853,gsm-8,osmo-bts-virtual-5f8b9b86fc-tvcxl,11,9
1781601853,gsm-8,osmo-hlr-546bdb8988-vb8bb,1,2
1781601853,gsm-8,osmo-mgw-8c8fc67d6-v9gr9,1,2
1781601853,gsm-8,osmo-mobile-7f88cc47b4-wjcqt,2,31
1781601853,gsm-8,osmo-stp-768687f494-shd7q,1,2
1781601853,gsm-8,ttcn3-tc-34-2-2-1-brhlj,1,6
1781601853,gsm-8,virtphy-86b4bdf559-ks45z,9,3
1781601855,gsm-8,msc-test-stub-5b875d749d-dxqzs,1,16
1781601855,gsm-8,osmo-bsc-594654bd47-5zskx,1,5
1781601855,gsm-8,osmo-bts-virtual-5f8b9b86fc-tvcxl,11,9
1781601855,gsm-8,osmo-hlr-546bdb8988-vb8bb,1,2
1781601855,gsm-8,osmo-mgw-8c8fc67d6-v9gr9,1,2
1781601855,gsm-8,osmo-mobile-7f88cc47b4-wjcqt,2,31
1781601855,gsm-8,osmo-stp-768687f494-shd7q,1,2
1781601855,gsm-8,ttcn3-tc-34-2-2-1-brhlj,1,6
1781601855,gsm-8,virtphy-86b4bdf559-ks45z,9,3
1781601857,gsm-8,msc-test-stub-5b875d749d-dxqzs,1,16
1781601857,gsm-8,osmo-bsc-594654bd47-5zskx,1,5
1781601857,gsm-8,osmo-bts-virtual-5f8b9b86fc-tvcxl,11,9
1781601857,gsm-8,osmo-hlr-546bdb8988-vb8bb,1,2
1781601857,gsm-8,osmo-mgw-8c8fc67d6-v9gr9,1,2
1781601857,gsm-8,osmo-mobile-7f88cc47b4-wjcqt,2,31
1781601857,gsm-8,osmo-stp-768687f494-shd7q,1,2
1781601857,gsm-8,ttcn3-tc-34-2-2-1-brhlj,1,6
1781601857,gsm-8,virtphy-86b4bdf559-ks45z,9,3
1781601859,gsm-8,msc-test-stub-5b875d749d-dxqzs,1,16
1781601859,gsm-8,osmo-bsc-594654bd47-5zskx,1,5
1781601859,gsm-8,osmo-bts-virtual-5f8b9b86fc-tvcxl,11,9
1781601859,gsm-8,osmo-hlr-546bdb8988-vb8bb,1,2
1781601859,gsm-8,osmo-mgw-8c8fc67d6-v9gr9,1,2
1781601859,gsm-8,osmo-mobile-7f88cc47b4-wjcqt,2,31
1781601859,gsm-8,osmo-stp-768687f494-shd7q,1,2
1781601859,gsm-8,ttcn3-tc-34-2-2-1-brhlj,1,6
1781601859,gsm-8,virtphy-86b4bdf559-ks45z,9,3
1781601861,gsm-8,msc-test-stub-5b875d749d-dxqzs,1,16
1781601861,gsm-8,osmo-bsc-594654bd47-5zskx,1,5
1781601861,gsm-8,osmo-bts-virtual-5f8b9b86fc-tvcxl,11,9
1781601861,gsm-8,osmo-hlr-546bdb8988-vb8bb,1,2
1781601861,gsm-8,osmo-mgw-8c8fc67d6-v9gr9,1,2
1781601861,gsm-8,osmo-mobile-7f88cc47b4-wjcqt,2,31
1781601861,gsm-8,osmo-stp-768687f494-shd7q,1,2
1781601861,gsm-8,ttcn3-tc-34-2-2-1-brhlj,1,6
1781601861,gsm-8,virtphy-86b4bdf559-ks45z,9,3
1781601863,gsm-8,msc-test-stub-5b875d749d-dxqzs,1,16
1781601863,gsm-8,osmo-bsc-594654bd47-5zskx,1,5
1781601863,gsm-8,osmo-bts-virtual-5f8b9b86fc-tvcxl,11,9
1781601863,gsm-8,osmo-hlr-546bdb8988-vb8bb,1,2
1781601863,gsm-8,osmo-mgw-8c8fc67d6-v9gr9,1,2
1781601863,gsm-8,osmo-mobile-7f88cc47b4-wjcqt,2,31
1781601863,gsm-8,osmo-stp-768687f494-shd7q,1,2
1781601863,gsm-8,ttcn3-tc-34-2-2-1-brhlj,1,6
1781601863,gsm-8,virtphy-86b4bdf559-ks45z,9,3
1781601865,gsm-8,msc-test-stub-5b875d749d-dxqzs,1,16
1781601865,gsm-8,osmo-bsc-594654bd47-5zskx,1,5
1781601865,gsm-8,osmo-bts-virtual-5f8b9b86fc-tvcxl,11,9
1781601865,gsm-8,osmo-hlr-546bdb8988-vb8bb,1,2
1781601865,gsm-8,osmo-mgw-8c8fc67d6-v9gr9,1,2
1781601865,gsm-8,osmo-mobile-7f88cc47b4-wjcqt,2,31
1781601865,gsm-8,osmo-stp-768687f494-shd7q,1,2
1781601865,gsm-8,ttcn3-tc-34-2-2-1-brhlj,1,6
1781601865,gsm-8,virtphy-86b4bdf559-ks45z,9,3
1781601868,gsm-8,msc-test-stub-5b875d749d-dxqzs,1,16
1781601868,gsm-8,osmo-bsc-594654bd47-5zskx,1,5
1781601868,gsm-8,osmo-bts-virtual-5f8b9b86fc-tvcxl,11,7
1781601868,gsm-8,osmo-hlr-546bdb8988-vb8bb,1,2
1781601868,gsm-8,osmo-mgw-8c8fc67d6-v9gr9,1,2
1781601868,gsm-8,osmo-mobile-7f88cc47b4-wjcqt,2,31
1781601868,gsm-8,osmo-stp-768687f494-shd7q,1,2
1781601868,gsm-8,ttcn3-tc-34-2-2-1-brhlj,1,6
1781601868,gsm-8,virtphy-86b4bdf559-ks45z,8,3
1781601871,gsm-8,msc-test-stub-5b875d749d-dxqzs,1,16
1781601871,gsm-8,osmo-bsc-594654bd47-5zskx,1,5
1781601871,gsm-8,osmo-bts-virtual-5f8b9b86fc-tvcxl,11,7
1781601871,gsm-8,osmo-hlr-546bdb8988-vb8bb,1,2
1781601871,gsm-8,osmo-mgw-8c8fc67d6-v9gr9,1,2
1781601871,gsm-8,osmo-mobile-7f88cc47b4-wjcqt,2,31
1781601871,gsm-8,osmo-stp-768687f494-shd7q,1,2
1781601871,gsm-8,ttcn3-tc-34-2-2-1-brhlj,1,6
1781601871,gsm-8,virtphy-86b4bdf559-ks45z,8,3
1781601873,gsm-8,msc-test-stub-5b875d749d-dxqzs,1,16
1781601873,gsm-8,osmo-bsc-594654bd47-5zskx,1,5
1781601873,gsm-8,osmo-bts-virtual-5f8b9b86fc-tvcxl,11,7
1781601873,gsm-8,osmo-hlr-546bdb8988-vb8bb,1,2
1781601873,gsm-8,osmo-mgw-8c8fc67d6-v9gr9,1,2
1781601873,gsm-8,osmo-mobile-7f88cc47b4-wjcqt,2,31
1781601873,gsm-8,osmo-stp-768687f494-shd7q,1,2
1781601873,gsm-8,ttcn3-tc-34-2-2-1-brhlj,1,6
1781601873,gsm-8,virtphy-86b4bdf559-ks45z,8,3
1781601875,gsm-8,msc-test-stub-5b875d749d-dxqzs,1,16
1781601875,gsm-8,osmo-bsc-594654bd47-5zskx,1,5
1781601875,gsm-8,osmo-bts-virtual-5f8b9b86fc-tvcxl,11,7
1781601875,gsm-8,osmo-hlr-546bdb8988-vb8bb,1,2
1781601875,gsm-8,osmo-mgw-8c8fc67d6-v9gr9,1,2
1781601875,gsm-8,osmo-mobile-7f88cc47b4-wjcqt,2,31
1781601875,gsm-8,osmo-stp-768687f494-shd7q,1,2
1781601875,gsm-8,ttcn3-tc-34-2-2-1-brhlj,1,6
1781601875,gsm-8,virtphy-86b4bdf559-ks45z,8,3
1781601877,gsm-8,msc-test-stub-5b875d749d-dxqzs,1,16
1781601877,gsm-8,osmo-bsc-594654bd47-5zskx,1,5
1781601877,gsm-8,osmo-bts-virtual-5f8b9b86fc-tvcxl,11,7
1781601877,gsm-8,osmo-hlr-546bdb8988-vb8bb,1,2
1781601877,gsm-8,osmo-mgw-8c8fc67d6-v9gr9,1,2
1781601877,gsm-8,osmo-mobile-7f88cc47b4-wjcqt,2,31
1781601877,gsm-8,osmo-stp-768687f494-shd7q,1,2
1781601877,gsm-8,ttcn3-tc-34-2-2-1-brhlj,1,6
1781601877,gsm-8,virtphy-86b4bdf559-ks45z,8,3
1781601879,gsm-8,msc-test-stub-5b875d749d-dxqzs,1,16
1781601879,gsm-8,osmo-bsc-594654bd47-5zskx,1,5
1781601879,gsm-8,osmo-bts-virtual-5f8b9b86fc-tvcxl,11,7
1781601879,gsm-8,osmo-hlr-546bdb8988-vb8bb,1,2
1781601879,gsm-8,osmo-mgw-8c8fc67d6-v9gr9,1,2
1781601879,gsm-8,osmo-mobile-7f88cc47b4-wjcqt,2,31
1781601879,gsm-8,osmo-stp-768687f494-shd7q,1,2
1781601879,gsm-8,ttcn3-tc-34-2-2-1-brhlj,1,6
1781601879,gsm-8,virtphy-86b4bdf559-ks45z,8,3
1781601881,gsm-8,msc-test-stub-5b875d749d-dxqzs,1,16
1781601881,gsm-8,osmo-bsc-594654bd47-5zskx,1,5
1781601881,gsm-8,osmo-bts-virtual-5f8b9b86fc-tvcxl,11,7
1781601881,gsm-8,osmo-hlr-546bdb8988-vb8bb,1,2
1781601881,gsm-8,osmo-mgw-8c8fc67d6-v9gr9,1,2
1781601881,gsm-8,osmo-mobile-7f88cc47b4-wjcqt,2,31
1781601881,gsm-8,osmo-stp-768687f494-shd7q,1,2
1781601881,gsm-8,ttcn3-tc-34-2-2-1-brhlj,1,6
1781601881,gsm-8,virtphy-86b4bdf559-ks45z,8,3
1781601883,gsm-8,msc-test-stub-5b875d749d-dxqzs,1,16
1781601883,gsm-8,osmo-bsc-594654bd47-5zskx,1,5
1781601883,gsm-8,osmo-bts-virtual-5f8b9b86fc-tvcxl,10,6
1781601883,gsm-8,osmo-hlr-546bdb8988-vb8bb,1,2
1781601883,gsm-8,osmo-mgw-8c8fc67d6-v9gr9,1,2
1781601883,gsm-8,osmo-mobile-7f88cc47b4-wjcqt,2,31
1781601883,gsm-8,osmo-stp-768687f494-shd7q,1,2
1781601883,gsm-8,ttcn3-tc-34-2-2-1-brhlj,1,6
1781601883,gsm-8,virtphy-86b4bdf559-ks45z,9,1
1781601886,gsm-8,msc-test-stub-5b875d749d-dxqzs,1,16
1781601886,gsm-8,osmo-bsc-594654bd47-5zskx,1,5
1781601886,gsm-8,osmo-bts-virtual-5f8b9b86fc-tvcxl,10,6
1781601886,gsm-8,osmo-hlr-546bdb8988-vb8bb,1,2
1781601886,gsm-8,osmo-mgw-8c8fc67d6-v9gr9,1,2
1781601886,gsm-8,osmo-mobile-7f88cc47b4-wjcqt,2,31
1781601886,gsm-8,osmo-stp-768687f494-shd7q,1,2
1781601886,gsm-8,ttcn3-tc-34-2-2-1-brhlj,1,6
1781601886,gsm-8,virtphy-86b4bdf559-ks45z,9,1
1781601888,gsm-8,msc-test-stub-5b875d749d-dxqzs,1,16
1781601888,gsm-8,osmo-bsc-594654bd47-5zskx,1,5
1781601888,gsm-8,osmo-bts-virtual-5f8b9b86fc-tvcxl,10,6
1781601888,gsm-8,osmo-hlr-546bdb8988-vb8bb,1,2
1781601888,gsm-8,osmo-mgw-8c8fc67d6-v9gr9,1,2
1781601888,gsm-8,osmo-mobile-7f88cc47b4-wjcqt,2,31
1781601888,gsm-8,osmo-stp-768687f494-shd7q,1,2
1781601888,gsm-8,ttcn3-tc-34-2-2-1-brhlj,1,6
1781601888,gsm-8,virtphy-86b4bdf559-ks45z,9,1
1781601890,gsm-8,msc-test-stub-5b875d749d-dxqzs,1,16
1781601890,gsm-8,osmo-bsc-594654bd47-5zskx,1,5
1781601890,gsm-8,osmo-bts-virtual-5f8b9b86fc-tvcxl,10,6
1781601890,gsm-8,osmo-hlr-546bdb8988-vb8bb,1,2
1781601890,gsm-8,osmo-mgw-8c8fc67d6-v9gr9,1,2
1781601890,gsm-8,osmo-mobile-7f88cc47b4-wjcqt,2,31
1781601890,gsm-8,osmo-stp-768687f494-shd7q,1,2
1781601890,gsm-8,ttcn3-tc-34-2-2-1-brhlj,1,6
1781601890,gsm-8,virtphy-86b4bdf559-ks45z,9,1
1781601892,gsm-8,msc-test-stub-5b875d749d-dxqzs,1,16
1781601892,gsm-8,osmo-bsc-594654bd47-5zskx,1,5
1781601892,gsm-8,osmo-bts-virtual-5f8b9b86fc-tvcxl,10,6
1781601892,gsm-8,osmo-hlr-546bdb8988-vb8bb,1,2
1781601892,gsm-8,osmo-mgw-8c8fc67d6-v9gr9,1,2
1781601892,gsm-8,osmo-mobile-7f88cc47b4-wjcqt,2,31
1781601892,gsm-8,osmo-stp-768687f494-shd7q,1,2
1781601892,gsm-8,ttcn3-tc-34-2-2-1-brhlj,1,6
1781601892,gsm-8,virtphy-86b4bdf559-ks45z,9,1
1781601894,gsm-8,msc-test-stub-5b875d749d-dxqzs,1,16
1781601894,gsm-8,osmo-bsc-594654bd47-5zskx,1,5
1781601894,gsm-8,osmo-bts-virtual-5f8b9b86fc-tvcxl,10,6
1781601894,gsm-8,osmo-hlr-546bdb8988-vb8bb,1,2
1781601894,gsm-8,osmo-mgw-8c8fc67d6-v9gr9,1,2
1781601894,gsm-8,osmo-mobile-7f88cc47b4-wjcqt,2,31
1781601894,gsm-8,osmo-stp-768687f494-shd7q,1,2
1781601894,gsm-8,ttcn3-tc-34-2-2-1-brhlj,1,6
1781601894,gsm-8,virtphy-86b4bdf559-ks45z,9,1
1781601896,gsm-8,msc-test-stub-5b875d749d-dxqzs,1,16
1781601896,gsm-8,osmo-bsc-594654bd47-5zskx,1,5
1781601896,gsm-8,osmo-bts-virtual-5f8b9b86fc-tvcxl,10,6
1781601896,gsm-8,osmo-hlr-546bdb8988-vb8bb,1,2
1781601896,gsm-8,osmo-mgw-8c8fc67d6-v9gr9,1,2
1781601896,gsm-8,osmo-mobile-7f88cc47b4-wjcqt,2,31
1781601896,gsm-8,osmo-stp-768687f494-shd7q,1,2
1781601896,gsm-8,ttcn3-tc-34-2-2-1-brhlj,1,6
1781601896,gsm-8,virtphy-86b4bdf559-ks45z,9,1
1781601898,gsm-8,msc-test-stub-5b875d749d-dxqzs,1,16
1781601898,gsm-8,osmo-bsc-594654bd47-5zskx,1,5
1781601898,gsm-8,osmo-bts-virtual-5f8b9b86fc-tvcxl,10,8
1781601898,gsm-8,osmo-hlr-546bdb8988-vb8bb,1,2
1781601898,gsm-8,osmo-mgw-8c8fc67d6-v9gr9,1,2
1781601898,gsm-8,osmo-mobile-7f88cc47b4-wjcqt,2,31
1781601898,gsm-8,osmo-stp-768687f494-shd7q,1,2
1781601898,gsm-8,ttcn3-tc-34-2-2-1-brhlj,1,6
1781601898,gsm-8,virtphy-86b4bdf559-ks45z,8,3
1781601900,gsm-8,msc-test-stub-5b875d749d-dxqzs,1,16
1781601900,gsm-8,osmo-bsc-594654bd47-5zskx,1,5
1781601900,gsm-8,osmo-bts-virtual-5f8b9b86fc-tvcxl,10,8
1781601900,gsm-8,osmo-hlr-546bdb8988-vb8bb,1,2
1781601900,gsm-8,osmo-mgw-8c8fc67d6-v9gr9,1,2
1781601900,gsm-8,osmo-mobile-7f88cc47b4-wjcqt,2,31
1781601900,gsm-8,osmo-stp-768687f494-shd7q,1,2
1781601900,gsm-8,ttcn3-tc-34-2-2-1-brhlj,1,6
1781601900,gsm-8,virtphy-86b4bdf559-ks45z,8,3
1781601902,gsm-8,msc-test-stub-5b875d749d-dxqzs,1,16
1781601902,gsm-8,osmo-bsc-594654bd47-5zskx,1,5
1781601902,gsm-8,osmo-bts-virtual-5f8b9b86fc-tvcxl,10,8
1781601902,gsm-8,osmo-hlr-546bdb8988-vb8bb,1,2
1781601902,gsm-8,osmo-mgw-8c8fc67d6-v9gr9,1,2
1781601902,gsm-8,osmo-mobile-7f88cc47b4-wjcqt,2,31
1781601902,gsm-8,osmo-stp-768687f494-shd7q,1,2
1781601902,gsm-8,ttcn3-tc-34-2-2-1-brhlj,1,6
1781601902,gsm-8,virtphy-86b4bdf559-ks45z,8,3
1781601904,gsm-8,msc-test-stub-5b875d749d-dxqzs,1,16
1781601904,gsm-8,osmo-bsc-594654bd47-5zskx,1,5
1781601904,gsm-8,osmo-bts-virtual-5f8b9b86fc-tvcxl,10,8
1781601904,gsm-8,osmo-hlr-546bdb8988-vb8bb,1,2
1781601904,gsm-8,osmo-mgw-8c8fc67d6-v9gr9,1,2
1781601904,gsm-8,osmo-mobile-7f88cc47b4-wjcqt,2,31
1781601904,gsm-8,osmo-stp-768687f494-shd7q,1,2
1781601904,gsm-8,ttcn3-tc-34-2-2-1-brhlj,1,6
1781601904,gsm-8,virtphy-86b4bdf559-ks45z,8,3
1781601906,gsm-8,msc-test-stub-5b875d749d-dxqzs,1,16
1781601906,gsm-8,osmo-bsc-594654bd47-5zskx,1,5
1781601906,gsm-8,osmo-bts-virtual-5f8b9b86fc-tvcxl,10,8
1781601906,gsm-8,osmo-hlr-546bdb8988-vb8bb,1,2
1781601906,gsm-8,osmo-mgw-8c8fc67d6-v9gr9,1,2
1781601906,gsm-8,osmo-mobile-7f88cc47b4-wjcqt,2,31
1781601906,gsm-8,osmo-stp-768687f494-shd7q,1,2
1781601906,gsm-8,ttcn3-tc-34-2-2-1-brhlj,1,6
1781601906,gsm-8,virtphy-86b4bdf559-ks45z,8,3
1781601908,gsm-8,msc-test-stub-5b875d749d-dxqzs,1,16
1781601908,gsm-8,osmo-bsc-594654bd47-5zskx,1,5
1781601908,gsm-8,osmo-bts-virtual-5f8b9b86fc-tvcxl,10,8
1781601908,gsm-8,osmo-hlr-546bdb8988-vb8bb,1,2
1781601908,gsm-8,osmo-mgw-8c8fc67d6-v9gr9,1,2
1781601908,gsm-8,osmo-mobile-7f88cc47b4-wjcqt,2,31
1781601908,gsm-8,osmo-stp-768687f494-shd7q,1,2
1781601908,gsm-8,ttcn3-tc-34-2-2-1-brhlj,1,6
1781601908,gsm-8,virtphy-86b4bdf559-ks45z,8,3
1781601910,gsm-8,msc-test-stub-5b875d749d-dxqzs,1,16
1781601910,gsm-8,osmo-bsc-594654bd47-5zskx,1,5
1781601910,gsm-8,osmo-bts-virtual-5f8b9b86fc-tvcxl,10,8
1781601910,gsm-8,osmo-hlr-546bdb8988-vb8bb,1,2
1781601910,gsm-8,osmo-mgw-8c8fc67d6-v9gr9,1,2
1781601910,gsm-8,osmo-mobile-7f88cc47b4-wjcqt,2,31
1781601910,gsm-8,osmo-stp-768687f494-shd7q,1,2
1781601910,gsm-8,ttcn3-tc-34-2-2-1-brhlj,1,6
1781601910,gsm-8,virtphy-86b4bdf559-ks45z,8,3
1781601912,gsm-8,msc-test-stub-5b875d749d-dxqzs,1,16
1781601912,gsm-8,osmo-bsc-594654bd47-5zskx,1,5
1781601912,gsm-8,osmo-bts-virtual-5f8b9b86fc-tvcxl,10,8
1781601912,gsm-8,osmo-hlr-546bdb8988-vb8bb,1,2
1781601912,gsm-8,osmo-mgw-8c8fc67d6-v9gr9,1,2
1781601912,gsm-8,osmo-mobile-7f88cc47b4-wjcqt,2,31
1781601912,gsm-8,osmo-stp-768687f494-shd7q,1,2
1781601912,gsm-8,ttcn3-tc-34-2-2-1-brhlj,1,6
1781601912,gsm-8,virtphy-86b4bdf559-ks45z,8,3
1781601914,gsm-8,msc-test-stub-5b875d749d-dxqzs,1,16
1781601914,gsm-8,osmo-bsc-594654bd47-5zskx,1,5
1781601914,gsm-8,osmo-bts-virtual-5f8b9b86fc-tvcxl,11,8
1781601914,gsm-8,osmo-hlr-546bdb8988-vb8bb,1,2
1781601914,gsm-8,osmo-mgw-8c8fc67d6-v9gr9,1,2
1781601914,gsm-8,osmo-mobile-7f88cc47b4-wjcqt,2,31
1781601914,gsm-8,osmo-stp-768687f494-shd7q,1,2
1781601914,gsm-8,ttcn3-tc-34-2-2-1-brhlj,1,6
1781601914,gsm-8,virtphy-86b4bdf559-ks45z,8,3
1781601916,gsm-8,msc-test-stub-5b875d749d-dxqzs,1,16
1781601916,gsm-8,osmo-bsc-594654bd47-5zskx,1,5
1781601916,gsm-8,osmo-bts-virtual-5f8b9b86fc-tvcxl,11,8
1781601916,gsm-8,osmo-hlr-546bdb8988-vb8bb,1,2
1781601916,gsm-8,osmo-mgw-8c8fc67d6-v9gr9,1,2
1781601916,gsm-8,osmo-mobile-7f88cc47b4-wjcqt,2,31
1781601916,gsm-8,osmo-stp-768687f494-shd7q,1,2
1781601916,gsm-8,ttcn3-tc-34-2-2-1-brhlj,1,6
1781601916,gsm-8,virtphy-86b4bdf559-ks45z,8,3
1781601919,gsm-8,msc-test-stub-5b875d749d-dxqzs,1,16
1781601919,gsm-8,osmo-bsc-594654bd47-5zskx,1,5
1781601919,gsm-8,osmo-bts-virtual-5f8b9b86fc-tvcxl,11,8
1781601919,gsm-8,osmo-hlr-546bdb8988-vb8bb,1,2
1781601919,gsm-8,osmo-mgw-8c8fc67d6-v9gr9,1,2
1781601919,gsm-8,osmo-mobile-7f88cc47b4-wjcqt,2,31
1781601919,gsm-8,osmo-stp-768687f494-shd7q,1,2
1781601919,gsm-8,ttcn3-tc-34-2-2-1-brhlj,1,6
1781601919,gsm-8,virtphy-86b4bdf559-ks45z,8,3
1781601921,gsm-8,msc-test-stub-5b875d749d-dxqzs,1,16
1781601921,gsm-8,osmo-bsc-594654bd47-5zskx,1,5
1781601921,gsm-8,osmo-bts-virtual-5f8b9b86fc-tvcxl,11,8
1781601921,gsm-8,osmo-hlr-546bdb8988-vb8bb,1,2
1781601921,gsm-8,osmo-mgw-8c8fc67d6-v9gr9,1,2
1781601921,gsm-8,osmo-mobile-7f88cc47b4-wjcqt,2,31
1781601921,gsm-8,osmo-stp-768687f494-shd7q,1,2
1781601921,gsm-8,ttcn3-tc-34-2-2-1-brhlj,1,6
1781601921,gsm-8,virtphy-86b4bdf559-ks45z,8,3
1781601923,gsm-8,msc-test-stub-5b875d749d-dxqzs,1,16
1781601923,gsm-8,osmo-bsc-594654bd47-5zskx,1,5
1781601923,gsm-8,osmo-bts-virtual-5f8b9b86fc-tvcxl,11,8
1781601923,gsm-8,osmo-hlr-546bdb8988-vb8bb,1,2
1781601923,gsm-8,osmo-mgw-8c8fc67d6-v9gr9,1,2
1781601923,gsm-8,osmo-mobile-7f88cc47b4-wjcqt,2,31
1781601923,gsm-8,osmo-stp-768687f494-shd7q,1,2
1781601923,gsm-8,ttcn3-tc-34-2-2-1-brhlj,1,6
1781601923,gsm-8,virtphy-86b4bdf559-ks45z,8,3
1781601925,gsm-8,msc-test-stub-5b875d749d-dxqzs,1,16
1781601925,gsm-8,osmo-bsc-594654bd47-5zskx,1,5
1781601925,gsm-8,osmo-bts-virtual-5f8b9b86fc-tvcxl,11,8
1781601925,gsm-8,osmo-hlr-546bdb8988-vb8bb,1,2
1781601925,gsm-8,osmo-mgw-8c8fc67d6-v9gr9,1,2
1781601925,gsm-8,osmo-mobile-7f88cc47b4-wjcqt,2,31
1781601925,gsm-8,osmo-stp-768687f494-shd7q,1,2
1781601925,gsm-8,ttcn3-tc-34-2-2-1-brhlj,1,6
1781601925,gsm-8,virtphy-86b4bdf559-ks45z,8,3
1781601927,gsm-8,msc-test-stub-5b875d749d-dxqzs,1,16
1781601927,gsm-8,osmo-bsc-594654bd47-5zskx,1,5
1781601927,gsm-8,osmo-bts-virtual-5f8b9b86fc-tvcxl,10,8
1781601927,gsm-8,osmo-hlr-546bdb8988-vb8bb,1,2
1781601927,gsm-8,osmo-mgw-8c8fc67d6-v9gr9,1,2
1781601927,gsm-8,osmo-mobile-7f88cc47b4-wjcqt,2,31
1781601927,gsm-8,osmo-stp-768687f494-shd7q,1,2
1781601927,gsm-8,ttcn3-tc-34-2-2-1-brhlj,1,6
1781601927,gsm-8,virtphy-86b4bdf559-ks45z,9,3
1781601929,gsm-8,msc-test-stub-5b875d749d-dxqzs,1,16
1781601929,gsm-8,osmo-bsc-594654bd47-5zskx,1,5
1781601929,gsm-8,osmo-bts-virtual-5f8b9b86fc-tvcxl,10,8
1781601929,gsm-8,osmo-hlr-546bdb8988-vb8bb,1,2
1781601929,gsm-8,osmo-mgw-8c8fc67d6-v9gr9,1,2
1781601929,gsm-8,osmo-mobile-7f88cc47b4-wjcqt,2,31
1781601929,gsm-8,osmo-stp-768687f494-shd7q,1,2
1781601929,gsm-8,ttcn3-tc-34-2-2-1-brhlj,1,6
1781601929,gsm-8,virtphy-86b4bdf559-ks45z,9,3
1781601931,gsm-8,msc-test-stub-5b875d749d-dxqzs,1,16
1781601931,gsm-8,osmo-bsc-594654bd47-5zskx,1,5
1781601931,gsm-8,osmo-bts-virtual-5f8b9b86fc-tvcxl,10,8
1781601931,gsm-8,osmo-hlr-546bdb8988-vb8bb,1,2
1781601931,gsm-8,osmo-mgw-8c8fc67d6-v9gr9,1,2
1781601931,gsm-8,osmo-mobile-7f88cc47b4-wjcqt,2,31
1781601931,gsm-8,osmo-stp-768687f494-shd7q,1,2
1781601931,gsm-8,ttcn3-tc-34-2-2-1-brhlj,1,6
1781601931,gsm-8,virtphy-86b4bdf559-ks45z,9,3
1781601934,gsm-8,msc-test-stub-5b875d749d-dxqzs,1,16
1781601934,gsm-8,osmo-bsc-594654bd47-5zskx,1,5
1781601934,gsm-8,osmo-bts-virtual-5f8b9b86fc-tvcxl,10,8
1781601934,gsm-8,osmo-hlr-546bdb8988-vb8bb,1,2
1781601934,gsm-8,osmo-mgw-8c8fc67d6-v9gr9,1,2
1781601934,gsm-8,osmo-mobile-7f88cc47b4-wjcqt,2,31
1781601934,gsm-8,osmo-stp-768687f494-shd7q,1,2
1781601934,gsm-8,ttcn3-tc-34-2-2-1-brhlj,1,6
1781601934,gsm-8,virtphy-86b4bdf559-ks45z,9,3
1781601936,gsm-8,msc-test-stub-5b875d749d-dxqzs,1,16
1781601936,gsm-8,osmo-bsc-594654bd47-5zskx,1,5
1781601936,gsm-8,osmo-bts-virtual-5f8b9b86fc-tvcxl,10,8
1781601936,gsm-8,osmo-hlr-546bdb8988-vb8bb,1,2
1781601936,gsm-8,osmo-mgw-8c8fc67d6-v9gr9,1,2
1781601936,gsm-8,osmo-mobile-7f88cc47b4-wjcqt,2,31
1781601936,gsm-8,osmo-stp-768687f494-shd7q,1,2
1781601936,gsm-8,ttcn3-tc-34-2-2-1-brhlj,1,6
1781601936,gsm-8,virtphy-86b4bdf559-ks45z,9,3
1781601938,gsm-8,msc-test-stub-5b875d749d-dxqzs,1,16
1781601938,gsm-8,osmo-bsc-594654bd47-5zskx,1,5
1781601938,gsm-8,osmo-bts-virtual-5f8b9b86fc-tvcxl,10,8
1781601938,gsm-8,osmo-hlr-546bdb8988-vb8bb,1,2
1781601938,gsm-8,osmo-mgw-8c8fc67d6-v9gr9,1,2
1781601938,gsm-8,osmo-mobile-7f88cc47b4-wjcqt,2,31
1781601938,gsm-8,osmo-stp-768687f494-shd7q,1,2
1781601938,gsm-8,ttcn3-tc-34-2-2-1-brhlj,1,6
1781601938,gsm-8,virtphy-86b4bdf559-ks45z,9,3
1781601940,gsm-8,msc-test-stub-5b875d749d-dxqzs,1,16
1781601940,gsm-8,osmo-bsc-594654bd47-5zskx,1,5
1781601940,gsm-8,osmo-bts-virtual-5f8b9b86fc-tvcxl,10,8
1781601940,gsm-8,osmo-hlr-546bdb8988-vb8bb,1,2
1781601940,gsm-8,osmo-mgw-8c8fc67d6-v9gr9,1,2
1781601940,gsm-8,osmo-mobile-7f88cc47b4-wjcqt,2,31
1781601940,gsm-8,osmo-stp-768687f494-shd7q,1,2
1781601940,gsm-8,ttcn3-tc-34-2-2-1-brhlj,1,6
1781601940,gsm-8,virtphy-86b4bdf559-ks45z,9,3
1781601942,gsm-8,msc-test-stub-5b875d749d-dxqzs,1,16
1781601942,gsm-8,osmo-bsc-594654bd47-5zskx,1,5
1781601942,gsm-8,osmo-bts-virtual-5f8b9b86fc-tvcxl,10,8
1781601942,gsm-8,osmo-hlr-546bdb8988-vb8bb,1,2
1781601942,gsm-8,osmo-mgw-8c8fc67d6-v9gr9,1,2
1781601942,gsm-8,osmo-mobile-7f88cc47b4-wjcqt,2,31
1781601942,gsm-8,osmo-stp-768687f494-shd7q,1,2
1781601942,gsm-8,ttcn3-tc-34-2-2-1-brhlj,1,6
1781601942,gsm-8,virtphy-86b4bdf559-ks45z,9,3
1781601944,gsm-8,msc-test-stub-5b875d749d-dxqzs,1,16
1781601944,gsm-8,osmo-bsc-594654bd47-5zskx,1,5
1781601944,gsm-8,osmo-bts-virtual-5f8b9b86fc-tvcxl,10,9
1781601944,gsm-8,osmo-hlr-546bdb8988-vb8bb,1,2
1781601944,gsm-8,osmo-mgw-8c8fc67d6-v9gr9,1,2
1781601944,gsm-8,osmo-mobile-7f88cc47b4-wjcqt,2,31
1781601944,gsm-8,osmo-stp-768687f494-shd7q,1,2
1781601944,gsm-8,ttcn3-tc-34-2-2-1-brhlj,1,6
1781601944,gsm-8,virtphy-86b4bdf559-ks45z,9,5
1781601946,gsm-8,msc-test-stub-5b875d749d-dxqzs,1,16
1781601946,gsm-8,osmo-bsc-594654bd47-5zskx,1,5
1781601946,gsm-8,osmo-bts-virtual-5f8b9b86fc-tvcxl,10,9
1781601946,gsm-8,osmo-hlr-546bdb8988-vb8bb,1,2
1781601946,gsm-8,osmo-mgw-8c8fc67d6-v9gr9,1,2
1781601946,gsm-8,osmo-mobile-7f88cc47b4-wjcqt,2,31
1781601946,gsm-8,osmo-stp-768687f494-shd7q,1,2
1781601946,gsm-8,ttcn3-tc-34-2-2-1-brhlj,1,6
1781601946,gsm-8,virtphy-86b4bdf559-ks45z,9,5
1781601948,gsm-8,msc-test-stub-5b875d749d-dxqzs,1,16
1781601948,gsm-8,osmo-bsc-594654bd47-5zskx,1,5
1781601948,gsm-8,osmo-bts-virtual-5f8b9b86fc-tvcxl,10,9
1781601948,gsm-8,osmo-hlr-546bdb8988-vb8bb,1,2
1781601948,gsm-8,osmo-mgw-8c8fc67d6-v9gr9,1,2
1781601948,gsm-8,osmo-mobile-7f88cc47b4-wjcqt,2,31
1781601948,gsm-8,osmo-stp-768687f494-shd7q,1,2
1781601948,gsm-8,ttcn3-tc-34-2-2-1-brhlj,1,6
1781601948,gsm-8,virtphy-86b4bdf559-ks45z,9,5
1781601951,gsm-8,msc-test-stub-5b875d749d-dxqzs,1,16
1781601951,gsm-8,osmo-bsc-594654bd47-5zskx,1,5
1781601951,gsm-8,osmo-bts-virtual-5f8b9b86fc-tvcxl,10,9
1781601951,gsm-8,osmo-hlr-546bdb8988-vb8bb,1,2
1781601951,gsm-8,osmo-mgw-8c8fc67d6-v9gr9,1,2
1781601951,gsm-8,osmo-mobile-7f88cc47b4-wjcqt,2,31
1781601951,gsm-8,osmo-stp-768687f494-shd7q,1,2
1781601951,gsm-8,ttcn3-tc-34-2-2-1-brhlj,1,6
1781601951,gsm-8,virtphy-86b4bdf559-ks45z,9,5
1781601953,gsm-8,msc-test-stub-5b875d749d-dxqzs,1,16
1781601953,gsm-8,osmo-bsc-594654bd47-5zskx,1,5
1781601953,gsm-8,osmo-bts-virtual-5f8b9b86fc-tvcxl,10,9
1781601953,gsm-8,osmo-hlr-546bdb8988-vb8bb,1,2
1781601953,gsm-8,osmo-mgw-8c8fc67d6-v9gr9,1,2
1781601953,gsm-8,osmo-mobile-7f88cc47b4-wjcqt,2,31
1781601953,gsm-8,osmo-stp-768687f494-shd7q,1,2
1781601953,gsm-8,ttcn3-tc-34-2-2-1-brhlj,1,6
1781601953,gsm-8,virtphy-86b4bdf559-ks45z,9,5
1781601955,gsm-8,msc-test-stub-5b875d749d-dxqzs,1,16
1781601955,gsm-8,osmo-bsc-594654bd47-5zskx,1,5
1781601955,gsm-8,osmo-bts-virtual-5f8b9b86fc-tvcxl,10,9
1781601955,gsm-8,osmo-hlr-546bdb8988-vb8bb,1,2
1781601955,gsm-8,osmo-mgw-8c8fc67d6-v9gr9,1,2
1781601955,gsm-8,osmo-mobile-7f88cc47b4-wjcqt,2,31
1781601955,gsm-8,osmo-stp-768687f494-shd7q,1,2
1781601955,gsm-8,ttcn3-tc-34-2-2-1-brhlj,1,6
1781601955,gsm-8,virtphy-86b4bdf559-ks45z,9,5
1781601957,gsm-8,msc-test-stub-5b875d749d-dxqzs,1,16
1781601957,gsm-8,osmo-bsc-594654bd47-5zskx,1,5
1781601957,gsm-8,osmo-bts-virtual-5f8b9b86fc-tvcxl,10,9
1781601957,gsm-8,osmo-hlr-546bdb8988-vb8bb,1,2
1781601957,gsm-8,osmo-mgw-8c8fc67d6-v9gr9,1,2
1781601957,gsm-8,osmo-mobile-7f88cc47b4-wjcqt,2,31
1781601957,gsm-8,osmo-stp-768687f494-shd7q,1,2
1781601957,gsm-8,ttcn3-tc-34-2-2-1-brhlj,1,6
1781601957,gsm-8,virtphy-86b4bdf559-ks45z,9,5
1781601960,gsm-8,msc-test-stub-5b875d749d-dxqzs,1,16
1781601960,gsm-8,osmo-bsc-594654bd47-5zskx,1,5
1781601960,gsm-8,osmo-bts-virtual-5f8b9b86fc-tvcxl,11,9
1781601960,gsm-8,osmo-hlr-546bdb8988-vb8bb,1,2
1781601960,gsm-8,osmo-mgw-8c8fc67d6-v9gr9,1,2
1781601960,gsm-8,osmo-mobile-7f88cc47b4-wjcqt,2,31
1781601960,gsm-8,osmo-stp-768687f494-shd7q,1,2
1781601960,gsm-8,ttcn3-tc-34-2-2-1-brhlj,1,6
1781601960,gsm-8,virtphy-86b4bdf559-ks45z,9,5
1781601962,gsm-8,msc-test-stub-5b875d749d-dxqzs,1,16
1781601962,gsm-8,osmo-bsc-594654bd47-5zskx,1,5
1781601962,gsm-8,osmo-bts-virtual-5f8b9b86fc-tvcxl,11,9
1781601962,gsm-8,osmo-hlr-546bdb8988-vb8bb,1,2
1781601962,gsm-8,osmo-mgw-8c8fc67d6-v9gr9,1,2
1781601962,gsm-8,osmo-mobile-7f88cc47b4-wjcqt,2,31
1781601962,gsm-8,osmo-stp-768687f494-shd7q,1,2
1781601962,gsm-8,ttcn3-tc-34-2-2-1-brhlj,1,6
1781601962,gsm-8,virtphy-86b4bdf559-ks45z,9,5
1781601964,gsm-8,msc-test-stub-5b875d749d-dxqzs,1,16
1781601964,gsm-8,osmo-bsc-594654bd47-5zskx,1,5
1781601964,gsm-8,osmo-bts-virtual-5f8b9b86fc-tvcxl,11,9
1781601964,gsm-8,osmo-hlr-546bdb8988-vb8bb,1,2
1781601964,gsm-8,osmo-mgw-8c8fc67d6-v9gr9,1,2
1781601964,gsm-8,osmo-mobile-7f88cc47b4-wjcqt,2,31
1781601964,gsm-8,osmo-stp-768687f494-shd7q,1,2
1781601964,gsm-8,ttcn3-tc-34-2-2-1-brhlj,1,6
1781601964,gsm-8,virtphy-86b4bdf559-ks45z,9,5
1781601966,gsm-8,msc-test-stub-5b875d749d-dxqzs,1,16
1781601966,gsm-8,osmo-bsc-594654bd47-5zskx,1,5
1781601966,gsm-8,osmo-bts-virtual-5f8b9b86fc-tvcxl,11,9
1781601966,gsm-8,osmo-hlr-546bdb8988-vb8bb,1,2
1781601966,gsm-8,osmo-mgw-8c8fc67d6-v9gr9,1,2
1781601966,gsm-8,osmo-mobile-7f88cc47b4-wjcqt,2,31
1781601966,gsm-8,osmo-stp-768687f494-shd7q,1,2
1781601966,gsm-8,ttcn3-tc-34-2-2-1-brhlj,1,6
1781601966,gsm-8,virtphy-86b4bdf559-ks45z,9,5
1781601968,gsm-8,msc-test-stub-5b875d749d-dxqzs,1,16
1781601968,gsm-8,osmo-bsc-594654bd47-5zskx,1,5
1781601968,gsm-8,osmo-bts-virtual-5f8b9b86fc-tvcxl,11,9
1781601968,gsm-8,osmo-hlr-546bdb8988-vb8bb,1,2
1781601968,gsm-8,osmo-mgw-8c8fc67d6-v9gr9,1,2
1781601968,gsm-8,osmo-mobile-7f88cc47b4-wjcqt,2,31
1781601968,gsm-8,osmo-stp-768687f494-shd7q,1,2
1781601968,gsm-8,ttcn3-tc-34-2-2-1-brhlj,1,6
1781601968,gsm-8,virtphy-86b4bdf559-ks45z,9,5
1781601971,gsm-8,msc-test-stub-5b875d749d-dxqzs,1,16
1781601971,gsm-8,osmo-bsc-594654bd47-5zskx,1,5
1781601971,gsm-8,osmo-bts-virtual-5f8b9b86fc-tvcxl,11,9
1781601971,gsm-8,osmo-hlr-546bdb8988-vb8bb,1,2
1781601971,gsm-8,osmo-mgw-8c8fc67d6-v9gr9,1,2
1781601971,gsm-8,osmo-mobile-7f88cc47b4-wjcqt,2,31
1781601971,gsm-8,osmo-stp-768687f494-shd7q,1,2
1781601971,gsm-8,ttcn3-tc-34-2-2-1-brhlj,1,6
1781601971,gsm-8,virtphy-86b4bdf559-ks45z,9,5
1781601973,gsm-8,msc-test-stub-5b875d749d-dxqzs,1,16
1781601973,gsm-8,osmo-bsc-594654bd47-5zskx,1,5
1781601973,gsm-8,osmo-bts-virtual-5f8b9b86fc-tvcxl,10,7
1781601973,gsm-8,osmo-hlr-546bdb8988-vb8bb,1,2
1781601973,gsm-8,osmo-mgw-8c8fc67d6-v9gr9,1,2
1781601973,gsm-8,osmo-mobile-7f88cc47b4-wjcqt,2,31
1781601973,gsm-8,osmo-stp-768687f494-shd7q,1,2
1781601973,gsm-8,ttcn3-tc-34-2-2-1-brhlj,1,6
1781601973,gsm-8,virtphy-86b4bdf559-ks45z,9,3
1781601975,gsm-8,msc-test-stub-5b875d749d-dxqzs,1,16
1781601975,gsm-8,osmo-bsc-594654bd47-5zskx,1,5
1781601975,gsm-8,osmo-bts-virtual-5f8b9b86fc-tvcxl,10,7
1781601975,gsm-8,osmo-hlr-546bdb8988-vb8bb,1,2
1781601975,gsm-8,osmo-mgw-8c8fc67d6-v9gr9,1,2
1781601975,gsm-8,osmo-mobile-7f88cc47b4-wjcqt,2,31
1781601975,gsm-8,osmo-stp-768687f494-shd7q,1,2
1781601975,gsm-8,ttcn3-tc-34-2-2-1-brhlj,1,6
1781601975,gsm-8,virtphy-86b4bdf559-ks45z,9,3
1781601977,gsm-8,msc-test-stub-5b875d749d-dxqzs,1,16
1781601977,gsm-8,osmo-bsc-594654bd47-5zskx,1,5
1781601977,gsm-8,osmo-bts-virtual-5f8b9b86fc-tvcxl,10,7
1781601977,gsm-8,osmo-hlr-546bdb8988-vb8bb,1,2
1781601977,gsm-8,osmo-mgw-8c8fc67d6-v9gr9,1,2
1781601977,gsm-8,osmo-mobile-7f88cc47b4-wjcqt,2,31
1781601977,gsm-8,osmo-stp-768687f494-shd7q,1,2
1781601977,gsm-8,ttcn3-tc-34-2-2-1-brhlj,1,6
1781601977,gsm-8,virtphy-86b4bdf559-ks45z,9,3
1781601979,gsm-8,msc-test-stub-5b875d749d-dxqzs,1,16
1781601979,gsm-8,osmo-bsc-594654bd47-5zskx,1,5
1781601979,gsm-8,osmo-bts-virtual-5f8b9b86fc-tvcxl,10,7
1781601979,gsm-8,osmo-hlr-546bdb8988-vb8bb,1,2
1781601979,gsm-8,osmo-mgw-8c8fc67d6-v9gr9,1,2
1781601979,gsm-8,osmo-mobile-7f88cc47b4-wjcqt,2,31
1781601979,gsm-8,osmo-stp-768687f494-shd7q,1,2
1781601979,gsm-8,ttcn3-tc-34-2-2-1-brhlj,1,6
1781601979,gsm-8,virtphy-86b4bdf559-ks45z,9,3
1781601982,gsm-8,msc-test-stub-5b875d749d-dxqzs,1,16
1781601982,gsm-8,osmo-bsc-594654bd47-5zskx,1,5
1781601982,gsm-8,osmo-bts-virtual-5f8b9b86fc-tvcxl,10,7
1781601982,gsm-8,osmo-hlr-546bdb8988-vb8bb,1,2
1781601982,gsm-8,osmo-mgw-8c8fc67d6-v9gr9,1,2
1781601982,gsm-8,osmo-mobile-7f88cc47b4-wjcqt,2,31
1781601982,gsm-8,osmo-stp-768687f494-shd7q,1,2
1781601982,gsm-8,ttcn3-tc-34-2-2-1-brhlj,1,6
1781601982,gsm-8,virtphy-86b4bdf559-ks45z,9,3
1781601984,gsm-8,msc-test-stub-5b875d749d-dxqzs,1,16
1781601984,gsm-8,osmo-bsc-594654bd47-5zskx,1,5
1781601984,gsm-8,osmo-bts-virtual-5f8b9b86fc-tvcxl,10,7
1781601984,gsm-8,osmo-hlr-546bdb8988-vb8bb,1,2
1781601984,gsm-8,osmo-mgw-8c8fc67d6-v9gr9,1,2
1781601984,gsm-8,osmo-mobile-7f88cc47b4-wjcqt,2,31
1781601984,gsm-8,osmo-stp-768687f494-shd7q,1,2
1781601984,gsm-8,ttcn3-tc-34-2-2-1-brhlj,1,6
1781601984,gsm-8,virtphy-86b4bdf559-ks45z,9,3
1781601986,gsm-8,msc-test-stub-5b875d749d-dxqzs,1,16
1781601986,gsm-8,osmo-bsc-594654bd47-5zskx,1,5
1781601986,gsm-8,osmo-bts-virtual-5f8b9b86fc-tvcxl,10,7
1781601986,gsm-8,osmo-hlr-546bdb8988-vb8bb,1,2
1781601986,gsm-8,osmo-mgw-8c8fc67d6-v9gr9,1,2
1781601986,gsm-8,osmo-mobile-7f88cc47b4-wjcqt,2,31
1781601986,gsm-8,osmo-stp-768687f494-shd7q,1,2
1781601986,gsm-8,ttcn3-tc-34-2-2-1-brhlj,1,6
1781601986,gsm-8,virtphy-86b4bdf559-ks45z,9,3
1781601988,gsm-8,msc-test-stub-5b875d749d-dxqzs,1,16
1781601988,gsm-8,osmo-bsc-594654bd47-5zskx,1,5
1781601988,gsm-8,osmo-bts-virtual-5f8b9b86fc-tvcxl,11,8
1781601988,gsm-8,osmo-hlr-546bdb8988-vb8bb,1,2
1781601988,gsm-8,osmo-mgw-8c8fc67d6-v9gr9,1,2
1781601988,gsm-8,osmo-mobile-7f88cc47b4-wjcqt,2,31
1781601988,gsm-8,osmo-stp-768687f494-shd7q,1,2
1781601988,gsm-8,ttcn3-tc-34-2-2-1-brhlj,1,6
1781601988,gsm-8,virtphy-86b4bdf559-ks45z,9,3
1781601990,gsm-8,msc-test-stub-5b875d749d-dxqzs,1,16
1781601990,gsm-8,osmo-bsc-594654bd47-5zskx,1,5
1781601990,gsm-8,osmo-bts-virtual-5f8b9b86fc-tvcxl,11,8
1781601990,gsm-8,osmo-hlr-546bdb8988-vb8bb,1,2
1781601990,gsm-8,osmo-mgw-8c8fc67d6-v9gr9,1,2
1781601990,gsm-8,osmo-mobile-7f88cc47b4-wjcqt,2,31
1781601990,gsm-8,osmo-stp-768687f494-shd7q,1,2
1781601990,gsm-8,ttcn3-tc-34-2-2-1-brhlj,1,6
1781601990,gsm-8,virtphy-86b4bdf559-ks45z,9,3
1781601992,gsm-8,msc-test-stub-5b875d749d-dxqzs,1,16
1781601992,gsm-8,osmo-bsc-594654bd47-5zskx,1,5
1781601992,gsm-8,osmo-bts-virtual-5f8b9b86fc-tvcxl,11,8
1781601992,gsm-8,osmo-hlr-546bdb8988-vb8bb,1,2
1781601992,gsm-8,osmo-mgw-8c8fc67d6-v9gr9,1,2
1781601992,gsm-8,osmo-mobile-7f88cc47b4-wjcqt,2,31
1781601992,gsm-8,osmo-stp-768687f494-shd7q,1,2
1781601992,gsm-8,ttcn3-tc-34-2-2-1-brhlj,1,6
1781601992,gsm-8,virtphy-86b4bdf559-ks45z,9,3
1781601994,gsm-8,msc-test-stub-5b875d749d-dxqzs,1,16
1781601994,gsm-8,osmo-bsc-594654bd47-5zskx,1,5
1781601994,gsm-8,osmo-bts-virtual-5f8b9b86fc-tvcxl,11,8
1781601994,gsm-8,osmo-hlr-546bdb8988-vb8bb,1,2
1781601994,gsm-8,osmo-mgw-8c8fc67d6-v9gr9,1,2
1781601994,gsm-8,osmo-mobile-7f88cc47b4-wjcqt,2,31
1781601994,gsm-8,osmo-stp-768687f494-shd7q,1,2
1781601994,gsm-8,ttcn3-tc-34-2-2-1-brhlj,1,6
1781601994,gsm-8,virtphy-86b4bdf559-ks45z,9,3
1781601996,gsm-8,msc-test-stub-5b875d749d-dxqzs,1,16
1781601996,gsm-8,osmo-bsc-594654bd47-5zskx,1,5
1781601996,gsm-8,osmo-bts-virtual-5f8b9b86fc-tvcxl,11,8
1781601996,gsm-8,osmo-hlr-546bdb8988-vb8bb,1,2
1781601996,gsm-8,osmo-mgw-8c8fc67d6-v9gr9,1,2
1781601996,gsm-8,osmo-mobile-7f88cc47b4-wjcqt,2,31
1781601996,gsm-8,osmo-stp-768687f494-shd7q,1,2
1781601996,gsm-8,ttcn3-tc-34-2-2-1-brhlj,1,6
1781601996,gsm-8,virtphy-86b4bdf559-ks45z,9,3
1781601998,gsm-8,msc-test-stub-5b875d749d-dxqzs,1,16
1781601998,gsm-8,osmo-bsc-594654bd47-5zskx,1,5
1781601998,gsm-8,osmo-bts-virtual-5f8b9b86fc-tvcxl,11,8
1781601998,gsm-8,osmo-hlr-546bdb8988-vb8bb,1,2
1781601998,gsm-8,osmo-mgw-8c8fc67d6-v9gr9,1,2
1781601998,gsm-8,osmo-mobile-7f88cc47b4-wjcqt,2,31
1781601998,gsm-8,osmo-stp-768687f494-shd7q,1,2
1781601998,gsm-8,ttcn3-tc-34-2-2-1-brhlj,1,6
1781601998,gsm-8,virtphy-86b4bdf559-ks45z,9,3
1781602000,gsm-8,msc-test-stub-5b875d749d-dxqzs,1,16
1781602000,gsm-8,osmo-bsc-594654bd47-5zskx,1,5
1781602000,gsm-8,osmo-bts-virtual-5f8b9b86fc-tvcxl,11,8
1781602000,gsm-8,osmo-hlr-546bdb8988-vb8bb,1,2
1781602000,gsm-8,osmo-mgw-8c8fc67d6-v9gr9,1,2
1781602000,gsm-8,osmo-mobile-7f88cc47b4-wjcqt,2,31
1781602000,gsm-8,osmo-stp-768687f494-shd7q,1,2
1781602000,gsm-8,ttcn3-tc-34-2-2-1-brhlj,1,6
1781602000,gsm-8,virtphy-86b4bdf559-ks45z,9,3
1781602002,gsm-8,msc-test-stub-5b875d749d-dxqzs,1,16
1781602002,gsm-8,osmo-bsc-594654bd47-5zskx,1,5
1781602002,gsm-8,osmo-bts-virtual-5f8b9b86fc-tvcxl,11,8
1781602002,gsm-8,osmo-hlr-546bdb8988-vb8bb,1,2
1781602002,gsm-8,osmo-mgw-8c8fc67d6-v9gr9,1,2
1781602002,gsm-8,osmo-mobile-7f88cc47b4-wjcqt,2,31
1781602002,gsm-8,osmo-stp-768687f494-shd7q,1,2
1781602002,gsm-8,ttcn3-tc-34-2-2-1-brhlj,1,6
1781602002,gsm-8,virtphy-86b4bdf559-ks45z,9,3
1781602004,gsm-8,msc-test-stub-5b875d749d-dxqzs,1,16
1781602004,gsm-8,osmo-bsc-594654bd47-5zskx,1,5
1781602004,gsm-8,osmo-bts-virtual-5f8b9b86fc-tvcxl,10,9
1781602004,gsm-8,osmo-hlr-546bdb8988-vb8bb,1,2
1781602004,gsm-8,osmo-mgw-8c8fc67d6-v9gr9,1,2
1781602004,gsm-8,osmo-mobile-7f88cc47b4-wjcqt,2,31
1781602004,gsm-8,osmo-stp-768687f494-shd7q,1,2
1781602004,gsm-8,ttcn3-tc-34-2-2-1-brhlj,1,6
1781602004,gsm-8,virtphy-86b4bdf559-ks45z,9,1
1781602006,gsm-8,msc-test-stub-5b875d749d-dxqzs,1,16
1781602006,gsm-8,osmo-bsc-594654bd47-5zskx,1,5
1781602006,gsm-8,osmo-bts-virtual-5f8b9b86fc-tvcxl,10,9
1781602006,gsm-8,osmo-hlr-546bdb8988-vb8bb,1,2
1781602006,gsm-8,osmo-mgw-8c8fc67d6-v9gr9,1,2
1781602006,gsm-8,osmo-mobile-7f88cc47b4-wjcqt,2,31
1781602006,gsm-8,osmo-stp-768687f494-shd7q,1,2
1781602006,gsm-8,ttcn3-tc-34-2-2-1-brhlj,1,6
1781602006,gsm-8,virtphy-86b4bdf559-ks45z,9,1
1781602008,gsm-8,msc-test-stub-5b875d749d-dxqzs,1,16
1781602008,gsm-8,osmo-bsc-594654bd47-5zskx,1,5
1781602008,gsm-8,osmo-bts-virtual-5f8b9b86fc-tvcxl,10,9
1781602008,gsm-8,osmo-hlr-546bdb8988-vb8bb,1,2
1781602008,gsm-8,osmo-mgw-8c8fc67d6-v9gr9,1,2
1781602008,gsm-8,osmo-mobile-7f88cc47b4-wjcqt,2,31
1781602008,gsm-8,osmo-stp-768687f494-shd7q,1,2
1781602008,gsm-8,ttcn3-tc-34-2-2-1-brhlj,1,6
1781602008,gsm-8,virtphy-86b4bdf559-ks45z,9,1
1781602011,gsm-8,msc-test-stub-5b875d749d-dxqzs,1,16
1781602011,gsm-8,osmo-bsc-594654bd47-5zskx,1,5
1781602011,gsm-8,osmo-bts-virtual-5f8b9b86fc-tvcxl,10,9
1781602011,gsm-8,osmo-hlr-546bdb8988-vb8bb,1,2
1781602011,gsm-8,osmo-mgw-8c8fc67d6-v9gr9,1,2
1781602011,gsm-8,osmo-mobile-7f88cc47b4-wjcqt,2,31
1781602011,gsm-8,osmo-stp-768687f494-shd7q,1,2
1781602011,gsm-8,ttcn3-tc-34-2-2-1-brhlj,1,6
1781602011,gsm-8,virtphy-86b4bdf559-ks45z,9,1
1781602013,gsm-8,msc-test-stub-5b875d749d-dxqzs,1,16
1781602013,gsm-8,osmo-bsc-594654bd47-5zskx,1,5
1781602013,gsm-8,osmo-bts-virtual-5f8b9b86fc-tvcxl,10,9
1781602013,gsm-8,osmo-hlr-546bdb8988-vb8bb,1,2
1781602013,gsm-8,osmo-mgw-8c8fc67d6-v9gr9,1,2
1781602013,gsm-8,osmo-mobile-7f88cc47b4-wjcqt,2,31
1781602013,gsm-8,osmo-stp-768687f494-shd7q,1,2
1781602013,gsm-8,ttcn3-tc-34-2-2-1-brhlj,1,6
1781602013,gsm-8,virtphy-86b4bdf559-ks45z,9,1
1781602015,gsm-8,msc-test-stub-5b875d749d-dxqzs,1,16
1781602015,gsm-8,osmo-bsc-594654bd47-5zskx,1,5
1781602015,gsm-8,osmo-bts-virtual-5f8b9b86fc-tvcxl,10,9
1781602015,gsm-8,osmo-hlr-546bdb8988-vb8bb,1,2
1781602015,gsm-8,osmo-mgw-8c8fc67d6-v9gr9,1,2
1781602015,gsm-8,osmo-mobile-7f88cc47b4-wjcqt,2,31
1781602015,gsm-8,osmo-stp-768687f494-shd7q,1,2
1781602015,gsm-8,ttcn3-tc-34-2-2-1-brhlj,1,6
1781602015,gsm-8,virtphy-86b4bdf559-ks45z,9,1
1781602017,gsm-8,msc-test-stub-5b875d749d-dxqzs,1,16
1781602017,gsm-8,osmo-bsc-594654bd47-5zskx,1,5
1781602017,gsm-8,osmo-bts-virtual-5f8b9b86fc-tvcxl,10,9
1781602017,gsm-8,osmo-hlr-546bdb8988-vb8bb,1,2
1781602017,gsm-8,osmo-mgw-8c8fc67d6-v9gr9,1,2
1781602017,gsm-8,osmo-mobile-7f88cc47b4-wjcqt,2,31
1781602017,gsm-8,osmo-stp-768687f494-shd7q,1,2
1781602017,gsm-8,ttcn3-tc-34-2-2-1-brhlj,1,6
1781602017,gsm-8,virtphy-86b4bdf559-ks45z,9,1
1781602019,gsm-8,msc-test-stub-5b875d749d-dxqzs,1,16
1781602019,gsm-8,osmo-bsc-594654bd47-5zskx,1,5
1781602019,gsm-8,osmo-bts-virtual-5f8b9b86fc-tvcxl,11,9
1781602019,gsm-8,osmo-hlr-546bdb8988-vb8bb,1,2
1781602019,gsm-8,osmo-mgw-8c8fc67d6-v9gr9,1,2
1781602019,gsm-8,osmo-mobile-7f88cc47b4-wjcqt,3,31
1781602019,gsm-8,osmo-stp-768687f494-shd7q,1,2
1781602019,gsm-8,ttcn3-tc-34-2-2-1-brhlj,1,6
1781602019,gsm-8,virtphy-86b4bdf559-ks45z,9,3
1781602021,gsm-8,msc-test-stub-5b875d749d-dxqzs,1,16
1781602021,gsm-8,osmo-bsc-594654bd47-5zskx,1,5
1781602021,gsm-8,osmo-bts-virtual-5f8b9b86fc-tvcxl,11,9
1781602021,gsm-8,osmo-hlr-546bdb8988-vb8bb,1,2
1781602021,gsm-8,osmo-mgw-8c8fc67d6-v9gr9,1,2
1781602021,gsm-8,osmo-mobile-7f88cc47b4-wjcqt,3,31
1781602021,gsm-8,osmo-stp-768687f494-shd7q,1,2
1781602021,gsm-8,ttcn3-tc-34-2-2-1-brhlj,1,6
1781602021,gsm-8,virtphy-86b4bdf559-ks45z,9,3
1781602023,gsm-8,msc-test-stub-5b875d749d-dxqzs,1,16
1781602023,gsm-8,osmo-bsc-594654bd47-5zskx,1,5
1781602023,gsm-8,osmo-bts-virtual-5f8b9b86fc-tvcxl,11,9
1781602023,gsm-8,osmo-hlr-546bdb8988-vb8bb,1,2
1781602023,gsm-8,osmo-mgw-8c8fc67d6-v9gr9,1,2
1781602023,gsm-8,osmo-mobile-7f88cc47b4-wjcqt,3,31
1781602023,gsm-8,osmo-stp-768687f494-shd7q,1,2
1781602023,gsm-8,ttcn3-tc-34-2-2-1-brhlj,1,6
1781602023,gsm-8,virtphy-86b4bdf559-ks45z,9,3
1781602025,gsm-8,msc-test-stub-5b875d749d-dxqzs,1,16
1781602025,gsm-8,osmo-bsc-594654bd47-5zskx,1,5
1781602025,gsm-8,osmo-bts-virtual-5f8b9b86fc-tvcxl,11,9
1781602025,gsm-8,osmo-hlr-546bdb8988-vb8bb,1,2
1781602025,gsm-8,osmo-mgw-8c8fc67d6-v9gr9,1,2
1781602025,gsm-8,osmo-mobile-7f88cc47b4-wjcqt,3,31
1781602025,gsm-8,osmo-stp-768687f494-shd7q,1,2
1781602025,gsm-8,ttcn3-tc-34-2-2-1-brhlj,1,6
1781602025,gsm-8,virtphy-86b4bdf559-ks45z,9,3
1781602027,gsm-8,msc-test-stub-5b875d749d-dxqzs,1,16
1781602027,gsm-8,osmo-bsc-594654bd47-5zskx,1,5
1781602027,gsm-8,osmo-bts-virtual-5f8b9b86fc-tvcxl,11,9
1781602027,gsm-8,osmo-hlr-546bdb8988-vb8bb,1,2
1781602027,gsm-8,osmo-mgw-8c8fc67d6-v9gr9,1,2
1781602027,gsm-8,osmo-mobile-7f88cc47b4-wjcqt,3,31
1781602027,gsm-8,osmo-stp-768687f494-shd7q,1,2
1781602027,gsm-8,ttcn3-tc-34-2-2-1-brhlj,1,6
1781602027,gsm-8,virtphy-86b4bdf559-ks45z,9,3
1781602029,gsm-8,msc-test-stub-5b875d749d-dxqzs,1,16
1781602029,gsm-8,osmo-bsc-594654bd47-5zskx,1,5
1781602029,gsm-8,osmo-bts-virtual-5f8b9b86fc-tvcxl,11,9
1781602029,gsm-8,osmo-hlr-546bdb8988-vb8bb,1,2
1781602029,gsm-8,osmo-mgw-8c8fc67d6-v9gr9,1,2
1781602029,gsm-8,osmo-mobile-7f88cc47b4-wjcqt,3,31
1781602029,gsm-8,osmo-stp-768687f494-shd7q,1,2
1781602029,gsm-8,ttcn3-tc-34-2-2-1-brhlj,1,6
1781602029,gsm-8,virtphy-86b4bdf559-ks45z,9,3
1781602031,gsm-8,msc-test-stub-5b875d749d-dxqzs,1,16
1781602031,gsm-8,osmo-bsc-594654bd47-5zskx,1,5
1781602031,gsm-8,osmo-bts-virtual-5f8b9b86fc-tvcxl,11,9
1781602031,gsm-8,osmo-hlr-546bdb8988-vb8bb,1,2
1781602031,gsm-8,osmo-mgw-8c8fc67d6-v9gr9,1,2
1781602031,gsm-8,osmo-mobile-7f88cc47b4-wjcqt,3,31
1781602031,gsm-8,osmo-stp-768687f494-shd7q,1,2
1781602031,gsm-8,ttcn3-tc-34-2-2-1-brhlj,1,6
1781602031,gsm-8,virtphy-86b4bdf559-ks45z,9,3
1781602033,gsm-8,msc-test-stub-5b875d749d-dxqzs,1,16
1781602033,gsm-8,osmo-bsc-594654bd47-5zskx,1,5
1781602033,gsm-8,osmo-bts-virtual-5f8b9b86fc-tvcxl,10,9
1781602033,gsm-8,osmo-hlr-546bdb8988-vb8bb,1,2
1781602033,gsm-8,osmo-mgw-8c8fc67d6-v9gr9,1,2
1781602033,gsm-8,osmo-mobile-7f88cc47b4-wjcqt,2,31
1781602033,gsm-8,osmo-stp-768687f494-shd7q,1,2
1781602033,gsm-8,ttcn3-tc-34-2-2-1-brhlj,1,6
1781602033,gsm-8,virtphy-86b4bdf559-ks45z,8,4
1781602035,gsm-8,msc-test-stub-5b875d749d-dxqzs,1,16
1781602035,gsm-8,osmo-bsc-594654bd47-5zskx,1,5
1781602035,gsm-8,osmo-bts-virtual-5f8b9b86fc-tvcxl,10,9
1781602035,gsm-8,osmo-hlr-546bdb8988-vb8bb,1,2
1781602035,gsm-8,osmo-mgw-8c8fc67d6-v9gr9,1,2
1781602035,gsm-8,osmo-mobile-7f88cc47b4-wjcqt,2,31
1781602035,gsm-8,osmo-stp-768687f494-shd7q,1,2
1781602035,gsm-8,ttcn3-tc-34-2-2-1-brhlj,1,6
1781602035,gsm-8,virtphy-86b4bdf559-ks45z,8,4
1781602037,gsm-8,msc-test-stub-5b875d749d-dxqzs,1,16
1781602037,gsm-8,osmo-bsc-594654bd47-5zskx,1,5
1781602037,gsm-8,osmo-bts-virtual-5f8b9b86fc-tvcxl,10,9
1781602037,gsm-8,osmo-hlr-546bdb8988-vb8bb,1,2
1781602037,gsm-8,osmo-mgw-8c8fc67d6-v9gr9,1,2
1781602037,gsm-8,osmo-mobile-7f88cc47b4-wjcqt,2,31
1781602037,gsm-8,osmo-stp-768687f494-shd7q,1,2
1781602037,gsm-8,ttcn3-tc-34-2-2-1-brhlj,1,6
1781602037,gsm-8,virtphy-86b4bdf559-ks45z,8,4
1781602039,gsm-8,msc-test-stub-5b875d749d-dxqzs,1,16
1781602039,gsm-8,osmo-bsc-594654bd47-5zskx,1,5
1781602039,gsm-8,osmo-bts-virtual-5f8b9b86fc-tvcxl,10,9
1781602039,gsm-8,osmo-hlr-546bdb8988-vb8bb,1,2
1781602039,gsm-8,osmo-mgw-8c8fc67d6-v9gr9,1,2
1781602039,gsm-8,osmo-mobile-7f88cc47b4-wjcqt,2,31
1781602039,gsm-8,osmo-stp-768687f494-shd7q,1,2
1781602039,gsm-8,ttcn3-tc-34-2-2-1-brhlj,1,6
1781602039,gsm-8,virtphy-86b4bdf559-ks45z,8,4
1781602042,gsm-8,msc-test-stub-5b875d749d-dxqzs,1,16
1781602042,gsm-8,osmo-bsc-594654bd47-5zskx,1,5
1781602042,gsm-8,osmo-bts-virtual-5f8b9b86fc-tvcxl,10,9
1781602042,gsm-8,osmo-hlr-546bdb8988-vb8bb,1,2
1781602042,gsm-8,osmo-mgw-8c8fc67d6-v9gr9,1,2
1781602042,gsm-8,osmo-mobile-7f88cc47b4-wjcqt,2,31
1781602042,gsm-8,osmo-stp-768687f494-shd7q,1,2
1781602042,gsm-8,ttcn3-tc-34-2-2-1-brhlj,1,6
1781602042,gsm-8,virtphy-86b4bdf559-ks45z,8,4
1781602044,gsm-8,msc-test-stub-5b875d749d-dxqzs,1,16
1781602044,gsm-8,osmo-bsc-594654bd47-5zskx,1,5
1781602044,gsm-8,osmo-bts-virtual-5f8b9b86fc-tvcxl,10,9
1781602044,gsm-8,osmo-hlr-546bdb8988-vb8bb,1,2
1781602044,gsm-8,osmo-mgw-8c8fc67d6-v9gr9,1,2
1781602044,gsm-8,osmo-mobile-7f88cc47b4-wjcqt,2,31
1781602044,gsm-8,osmo-stp-768687f494-shd7q,1,2
1781602044,gsm-8,ttcn3-tc-34-2-2-1-brhlj,1,6
1781602044,gsm-8,virtphy-86b4bdf559-ks45z,8,4
1781602046,gsm-8,msc-test-stub-5b875d749d-dxqzs,1,16
1781602046,gsm-8,osmo-bsc-594654bd47-5zskx,1,5
1781602046,gsm-8,osmo-bts-virtual-5f8b9b86fc-tvcxl,10,9
1781602046,gsm-8,osmo-hlr-546bdb8988-vb8bb,1,2
1781602046,gsm-8,osmo-mgw-8c8fc67d6-v9gr9,1,2
1781602046,gsm-8,osmo-mobile-7f88cc47b4-wjcqt,2,31
1781602046,gsm-8,osmo-stp-768687f494-shd7q,1,2
1781602046,gsm-8,ttcn3-tc-34-2-2-1-brhlj,1,6
1781602046,gsm-8,virtphy-86b4bdf559-ks45z,8,4
1781602048,gsm-8,msc-test-stub-5b875d749d-dxqzs,1,16
1781602048,gsm-8,osmo-bsc-594654bd47-5zskx,1,5
1781602048,gsm-8,osmo-bts-virtual-5f8b9b86fc-tvcxl,10,9
1781602048,gsm-8,osmo-hlr-546bdb8988-vb8bb,1,2
1781602048,gsm-8,osmo-mgw-8c8fc67d6-v9gr9,1,2
1781602048,gsm-8,osmo-mobile-7f88cc47b4-wjcqt,2,31
1781602048,gsm-8,osmo-stp-768687f494-shd7q,1,2
1781602048,gsm-8,ttcn3-tc-34-2-2-1-brhlj,1,6
1781602048,gsm-8,virtphy-86b4bdf559-ks45z,8,3
1781602052,gsm-8,msc-test-stub-5b875d749d-dxqzs,1,16
1781602052,gsm-8,osmo-bsc-594654bd47-5zskx,1,5
1781602052,gsm-8,osmo-bts-virtual-5f8b9b86fc-tvcxl,10,9
1781602052,gsm-8,osmo-hlr-546bdb8988-vb8bb,1,2
1781602052,gsm-8,osmo-mgw-8c8fc67d6-v9gr9,1,2
1781602052,gsm-8,osmo-mobile-7f88cc47b4-wjcqt,2,31
1781602052,gsm-8,osmo-stp-768687f494-shd7q,1,2
1781602052,gsm-8,ttcn3-tc-34-2-2-1-brhlj,1,6
1781602052,gsm-8,virtphy-86b4bdf559-ks45z,8,3
1781602054,gsm-8,msc-test-stub-5b875d749d-dxqzs,1,16
1781602054,gsm-8,osmo-bsc-594654bd47-5zskx,1,5
1781602054,gsm-8,osmo-bts-virtual-5f8b9b86fc-tvcxl,10,9
1781602054,gsm-8,osmo-hlr-546bdb8988-vb8bb,1,2
1781602054,gsm-8,osmo-mgw-8c8fc67d6-v9gr9,1,2
1781602054,gsm-8,osmo-mobile-7f88cc47b4-wjcqt,2,31
1781602054,gsm-8,osmo-stp-768687f494-shd7q,1,2
1781602054,gsm-8,ttcn3-tc-34-2-2-1-brhlj,1,6
1781602054,gsm-8,virtphy-86b4bdf559-ks45z,8,3
1781602056,gsm-8,msc-test-stub-5b875d749d-dxqzs,1,16
1781602056,gsm-8,osmo-bsc-594654bd47-5zskx,1,5
1781602056,gsm-8,osmo-bts-virtual-5f8b9b86fc-tvcxl,10,9
1781602056,gsm-8,osmo-hlr-546bdb8988-vb8bb,1,2
1781602056,gsm-8,osmo-mgw-8c8fc67d6-v9gr9,1,2
1781602056,gsm-8,osmo-mobile-7f88cc47b4-wjcqt,2,31
1781602056,gsm-8,osmo-stp-768687f494-shd7q,1,2
1781602056,gsm-8,ttcn3-tc-34-2-2-1-brhlj,1,6
1781602056,gsm-8,virtphy-86b4bdf559-ks45z,8,3
1781602058,gsm-8,msc-test-stub-5b875d749d-dxqzs,1,16
1781602058,gsm-8,osmo-bsc-594654bd47-5zskx,1,5
1781602058,gsm-8,osmo-bts-virtual-5f8b9b86fc-tvcxl,10,9
1781602058,gsm-8,osmo-hlr-546bdb8988-vb8bb,1,2
1781602058,gsm-8,osmo-mgw-8c8fc67d6-v9gr9,1,2
1781602058,gsm-8,osmo-mobile-7f88cc47b4-wjcqt,2,31
1781602058,gsm-8,osmo-stp-768687f494-shd7q,1,2
1781602058,gsm-8,ttcn3-tc-34-2-2-1-brhlj,1,6
1781602058,gsm-8,virtphy-86b4bdf559-ks45z,8,3
1781602061,gsm-8,msc-test-stub-5b875d749d-dxqzs,1,16
1781602061,gsm-8,osmo-bsc-594654bd47-5zskx,1,5
1781602061,gsm-8,osmo-bts-virtual-5f8b9b86fc-tvcxl,10,9
1781602061,gsm-8,osmo-hlr-546bdb8988-vb8bb,1,2
1781602061,gsm-8,osmo-mgw-8c8fc67d6-v9gr9,1,2
1781602061,gsm-8,osmo-mobile-7f88cc47b4-wjcqt,2,31
1781602061,gsm-8,osmo-stp-768687f494-shd7q,1,2
1781602061,gsm-8,ttcn3-tc-34-2-2-1-brhlj,1,6
1781602061,gsm-8,virtphy-86b4bdf559-ks45z,8,3
1781602063,gsm-8,msc-test-stub-5b875d749d-dxqzs,1,16
1781602063,gsm-8,osmo-bsc-594654bd47-5zskx,1,5
1781602063,gsm-8,osmo-bts-virtual-5f8b9b86fc-tvcxl,10,9
1781602063,gsm-8,osmo-hlr-546bdb8988-vb8bb,1,2
1781602063,gsm-8,osmo-mgw-8c8fc67d6-v9gr9,1,2
1781602063,gsm-8,osmo-mobile-7f88cc47b4-wjcqt,2,31
1781602063,gsm-8,osmo-stp-768687f494-shd7q,1,2
1781602063,gsm-8,ttcn3-tc-34-2-2-1-brhlj,1,6
1781602063,gsm-8,virtphy-86b4bdf559-ks45z,9,4
1781602065,gsm-8,msc-test-stub-5b875d749d-dxqzs,1,16
1781602065,gsm-8,osmo-bsc-594654bd47-5zskx,1,5
1781602065,gsm-8,osmo-bts-virtual-5f8b9b86fc-tvcxl,10,9
1781602065,gsm-8,osmo-hlr-546bdb8988-vb8bb,1,2
1781602065,gsm-8,osmo-mgw-8c8fc67d6-v9gr9,1,2
1781602065,gsm-8,osmo-mobile-7f88cc47b4-wjcqt,2,31
1781602065,gsm-8,osmo-stp-768687f494-shd7q,1,2
1781602065,gsm-8,ttcn3-tc-34-2-2-1-brhlj,1,6
1781602065,gsm-8,virtphy-86b4bdf559-ks45z,9,4
1781602067,gsm-8,msc-test-stub-5b875d749d-dxqzs,1,16
1781602067,gsm-8,osmo-bsc-594654bd47-5zskx,1,5
1781602067,gsm-8,osmo-bts-virtual-5f8b9b86fc-tvcxl,10,9
1781602067,gsm-8,osmo-hlr-546bdb8988-vb8bb,1,2
1781602067,gsm-8,osmo-mgw-8c8fc67d6-v9gr9,1,2
1781602067,gsm-8,osmo-mobile-7f88cc47b4-wjcqt,2,31
1781602067,gsm-8,osmo-stp-768687f494-shd7q,1,2
1781602067,gsm-8,ttcn3-tc-34-2-2-1-brhlj,1,6
1781602067,gsm-8,virtphy-86b4bdf559-ks45z,9,4
1781602069,gsm-8,msc-test-stub-5b875d749d-dxqzs,1,16
1781602069,gsm-8,osmo-bsc-594654bd47-5zskx,1,5
1781602069,gsm-8,osmo-bts-virtual-5f8b9b86fc-tvcxl,10,9
1781602069,gsm-8,osmo-hlr-546bdb8988-vb8bb,1,2
1781602069,gsm-8,osmo-mgw-8c8fc67d6-v9gr9,1,2
1781602069,gsm-8,osmo-mobile-7f88cc47b4-wjcqt,2,31
1781602069,gsm-8,osmo-stp-768687f494-shd7q,1,2
1781602069,gsm-8,ttcn3-tc-34-2-2-1-brhlj,1,6
1781602069,gsm-8,virtphy-86b4bdf559-ks45z,9,4
1781602072,gsm-8,msc-test-stub-5b875d749d-dxqzs,1,16
1781602072,gsm-8,osmo-bsc-594654bd47-5zskx,1,5
1781602072,gsm-8,osmo-bts-virtual-5f8b9b86fc-tvcxl,10,9
1781602072,gsm-8,osmo-hlr-546bdb8988-vb8bb,1,2
1781602072,gsm-8,osmo-mgw-8c8fc67d6-v9gr9,1,2
1781602072,gsm-8,osmo-mobile-7f88cc47b4-wjcqt,2,31
1781602072,gsm-8,osmo-stp-768687f494-shd7q,1,2
1781602072,gsm-8,ttcn3-tc-34-2-2-1-brhlj,1,6
1781602072,gsm-8,virtphy-86b4bdf559-ks45z,9,4
1781602074,gsm-8,msc-test-stub-5b875d749d-dxqzs,1,16
1781602074,gsm-8,osmo-bsc-594654bd47-5zskx,1,5
1781602074,gsm-8,osmo-bts-virtual-5f8b9b86fc-tvcxl,10,9
1781602074,gsm-8,osmo-hlr-546bdb8988-vb8bb,1,2
1781602074,gsm-8,osmo-mgw-8c8fc67d6-v9gr9,1,2
1781602074,gsm-8,osmo-mobile-7f88cc47b4-wjcqt,2,31
1781602074,gsm-8,osmo-stp-768687f494-shd7q,1,2
1781602074,gsm-8,ttcn3-tc-34-2-2-1-brhlj,1,6
1781602074,gsm-8,virtphy-86b4bdf559-ks45z,9,4
1781602076,gsm-8,msc-test-stub-5b875d749d-dxqzs,1,16
1781602076,gsm-8,osmo-bsc-594654bd47-5zskx,1,5
1781602076,gsm-8,osmo-bts-virtual-5f8b9b86fc-tvcxl,10,9
1781602076,gsm-8,osmo-hlr-546bdb8988-vb8bb,1,2
1781602076,gsm-8,osmo-mgw-8c8fc67d6-v9gr9,1,2
1781602076,gsm-8,osmo-mobile-7f88cc47b4-wjcqt,2,31
1781602076,gsm-8,osmo-stp-768687f494-shd7q,1,2
1781602076,gsm-8,ttcn3-tc-34-2-2-1-brhlj,1,6
1781602076,gsm-8,virtphy-86b4bdf559-ks45z,9,4
1781602078,gsm-8,msc-test-stub-5b875d749d-dxqzs,1,16
1781602078,gsm-8,osmo-bsc-594654bd47-5zskx,1,5
1781602078,gsm-8,osmo-bts-virtual-5f8b9b86fc-tvcxl,10,9
1781602078,gsm-8,osmo-hlr-546bdb8988-vb8bb,1,2
1781602078,gsm-8,osmo-mgw-8c8fc67d6-v9gr9,1,2
1781602078,gsm-8,osmo-mobile-7f88cc47b4-wjcqt,2,31
1781602078,gsm-8,osmo-stp-768687f494-shd7q,1,2
1781602078,gsm-8,ttcn3-tc-34-2-2-1-brhlj,1,6
1781602078,gsm-8,virtphy-86b4bdf559-ks45z,8,3
1781602080,gsm-8,msc-test-stub-5b875d749d-dxqzs,1,16
1781602080,gsm-8,osmo-bsc-594654bd47-5zskx,1,5
1781602080,gsm-8,osmo-bts-virtual-5f8b9b86fc-tvcxl,10,9
1781602080,gsm-8,osmo-hlr-546bdb8988-vb8bb,1,2
1781602080,gsm-8,osmo-mgw-8c8fc67d6-v9gr9,1,2
1781602080,gsm-8,osmo-mobile-7f88cc47b4-wjcqt,2,31
1781602080,gsm-8,osmo-stp-768687f494-shd7q,1,2
1781602080,gsm-8,ttcn3-tc-34-2-2-1-brhlj,1,6
1781602080,gsm-8,virtphy-86b4bdf559-ks45z,8,3
1781602082,gsm-8,msc-test-stub-5b875d749d-dxqzs,1,16
1781602082,gsm-8,osmo-bsc-594654bd47-5zskx,1,5
1781602082,gsm-8,osmo-bts-virtual-5f8b9b86fc-tvcxl,10,9
1781602082,gsm-8,osmo-hlr-546bdb8988-vb8bb,1,2
1781602082,gsm-8,osmo-mgw-8c8fc67d6-v9gr9,1,2
1781602082,gsm-8,osmo-mobile-7f88cc47b4-wjcqt,2,31
1781602082,gsm-8,osmo-stp-768687f494-shd7q,1,2
1781602082,gsm-8,ttcn3-tc-34-2-2-1-brhlj,1,6
1781602082,gsm-8,virtphy-86b4bdf559-ks45z,8,3
1781602084,gsm-8,msc-test-stub-5b875d749d-dxqzs,1,16
1781602084,gsm-8,osmo-bsc-594654bd47-5zskx,1,5
1781602084,gsm-8,osmo-bts-virtual-5f8b9b86fc-tvcxl,10,9
1781602084,gsm-8,osmo-hlr-546bdb8988-vb8bb,1,2
1781602084,gsm-8,osmo-mgw-8c8fc67d6-v9gr9,1,2
1781602084,gsm-8,osmo-mobile-7f88cc47b4-wjcqt,2,31
1781602084,gsm-8,osmo-stp-768687f494-shd7q,1,2
1781602084,gsm-8,ttcn3-tc-34-2-2-1-brhlj,1,6
1781602084,gsm-8,virtphy-86b4bdf559-ks45z,8,3
1781602086,gsm-8,msc-test-stub-5b875d749d-dxqzs,1,16
1781602086,gsm-8,osmo-bsc-594654bd47-5zskx,1,5
1781602086,gsm-8,osmo-bts-virtual-5f8b9b86fc-tvcxl,10,9
1781602086,gsm-8,osmo-hlr-546bdb8988-vb8bb,1,2
1781602086,gsm-8,osmo-mgw-8c8fc67d6-v9gr9,1,2
1781602086,gsm-8,osmo-mobile-7f88cc47b4-wjcqt,2,31
1781602086,gsm-8,osmo-stp-768687f494-shd7q,1,2
1781602086,gsm-8,ttcn3-tc-34-2-2-1-brhlj,1,6
1781602086,gsm-8,virtphy-86b4bdf559-ks45z,8,3
1781602088,gsm-8,msc-test-stub-5b875d749d-dxqzs,1,16
1781602088,gsm-8,osmo-bsc-594654bd47-5zskx,1,5
1781602088,gsm-8,osmo-bts-virtual-5f8b9b86fc-tvcxl,10,9
1781602088,gsm-8,osmo-hlr-546bdb8988-vb8bb,1,2
1781602088,gsm-8,osmo-mgw-8c8fc67d6-v9gr9,1,2
1781602088,gsm-8,osmo-mobile-7f88cc47b4-wjcqt,2,31
1781602088,gsm-8,osmo-stp-768687f494-shd7q,1,2
1781602088,gsm-8,ttcn3-tc-34-2-2-1-brhlj,1,6
1781602088,gsm-8,virtphy-86b4bdf559-ks45z,8,3
1781602090,gsm-8,msc-test-stub-5b875d749d-dxqzs,1,16
1781602090,gsm-8,osmo-bsc-594654bd47-5zskx,1,5
1781602090,gsm-8,osmo-bts-virtual-5f8b9b86fc-tvcxl,10,9
1781602090,gsm-8,osmo-hlr-546bdb8988-vb8bb,1,2
1781602090,gsm-8,osmo-mgw-8c8fc67d6-v9gr9,1,2
1781602090,gsm-8,osmo-mobile-7f88cc47b4-wjcqt,2,31
1781602090,gsm-8,osmo-stp-768687f494-shd7q,1,2
1781602090,gsm-8,ttcn3-tc-34-2-2-1-brhlj,1,6
1781602090,gsm-8,virtphy-86b4bdf559-ks45z,8,3
1781602092,gsm-8,msc-test-stub-5b875d749d-dxqzs,1,16
1781602092,gsm-8,osmo-bsc-594654bd47-5zskx,1,5
1781602092,gsm-8,osmo-bts-virtual-5f8b9b86fc-tvcxl,10,9
1781602092,gsm-8,osmo-hlr-546bdb8988-vb8bb,1,2
1781602092,gsm-8,osmo-mgw-8c8fc67d6-v9gr9,1,2
1781602092,gsm-8,osmo-mobile-7f88cc47b4-wjcqt,2,31
1781602092,gsm-8,osmo-stp-768687f494-shd7q,1,2
1781602092,gsm-8,ttcn3-tc-34-2-2-1-brhlj,1,6
1781602092,gsm-8,virtphy-86b4bdf559-ks45z,8,3
1781602094,gsm-8,msc-test-stub-5b875d749d-dxqzs,1,16
1781602094,gsm-8,osmo-bsc-594654bd47-5zskx,1,5
1781602094,gsm-8,osmo-bts-virtual-5f8b9b86fc-tvcxl,11,6
1781602094,gsm-8,osmo-hlr-546bdb8988-vb8bb,1,2
1781602094,gsm-8,osmo-mgw-8c8fc67d6-v9gr9,1,2
1781602094,gsm-8,osmo-mobile-7f88cc47b4-wjcqt,2,31
1781602094,gsm-8,osmo-stp-768687f494-shd7q,1,2
1781602094,gsm-8,ttcn3-tc-34-2-2-1-brhlj,1,6
1781602094,gsm-8,virtphy-86b4bdf559-ks45z,9,3
1781602096,gsm-8,msc-test-stub-5b875d749d-dxqzs,1,16
1781602096,gsm-8,osmo-bsc-594654bd47-5zskx,1,5
1781602096,gsm-8,osmo-bts-virtual-5f8b9b86fc-tvcxl,11,6
1781602096,gsm-8,osmo-hlr-546bdb8988-vb8bb,1,2
1781602096,gsm-8,osmo-mgw-8c8fc67d6-v9gr9,1,2
1781602096,gsm-8,osmo-mobile-7f88cc47b4-wjcqt,2,31
1781602096,gsm-8,osmo-stp-768687f494-shd7q,1,2
1781602096,gsm-8,ttcn3-tc-34-2-2-1-brhlj,1,6
1781602096,gsm-8,virtphy-86b4bdf559-ks45z,9,3
1781602098,gsm-8,msc-test-stub-5b875d749d-dxqzs,1,16
1781602098,gsm-8,osmo-bsc-594654bd47-5zskx,1,5
1781602098,gsm-8,osmo-bts-virtual-5f8b9b86fc-tvcxl,11,6
1781602098,gsm-8,osmo-hlr-546bdb8988-vb8bb,1,2
1781602098,gsm-8,osmo-mgw-8c8fc67d6-v9gr9,1,2
1781602098,gsm-8,osmo-mobile-7f88cc47b4-wjcqt,2,31
1781602098,gsm-8,osmo-stp-768687f494-shd7q,1,2
1781602098,gsm-8,ttcn3-tc-34-2-2-1-brhlj,1,6
1781602098,gsm-8,virtphy-86b4bdf559-ks45z,9,3
1781602100,gsm-8,msc-test-stub-5b875d749d-dxqzs,1,16
1781602100,gsm-8,osmo-bsc-594654bd47-5zskx,1,5
1781602100,gsm-8,osmo-bts-virtual-5f8b9b86fc-tvcxl,11,6
1781602100,gsm-8,osmo-hlr-546bdb8988-vb8bb,1,2
1781602100,gsm-8,osmo-mgw-8c8fc67d6-v9gr9,1,2
1781602100,gsm-8,osmo-mobile-7f88cc47b4-wjcqt,2,31
1781602100,gsm-8,osmo-stp-768687f494-shd7q,1,2
1781602100,gsm-8,ttcn3-tc-34-2-2-1-brhlj,1,6
1781602100,gsm-8,virtphy-86b4bdf559-ks45z,9,3
1781602102,gsm-8,msc-test-stub-5b875d749d-dxqzs,1,16
1781602102,gsm-8,osmo-bsc-594654bd47-5zskx,1,5
1781602102,gsm-8,osmo-bts-virtual-5f8b9b86fc-tvcxl,11,6
1781602102,gsm-8,osmo-hlr-546bdb8988-vb8bb,1,2
1781602102,gsm-8,osmo-mgw-8c8fc67d6-v9gr9,1,2
1781602102,gsm-8,osmo-mobile-7f88cc47b4-wjcqt,2,31
1781602102,gsm-8,osmo-stp-768687f494-shd7q,1,2
1781602102,gsm-8,ttcn3-tc-34-2-2-1-brhlj,1,6
1781602102,gsm-8,virtphy-86b4bdf559-ks45z,9,3
1781602104,gsm-8,msc-test-stub-5b875d749d-dxqzs,1,16
1781602104,gsm-8,osmo-bsc-594654bd47-5zskx,1,5
1781602104,gsm-8,osmo-bts-virtual-5f8b9b86fc-tvcxl,11,6
1781602104,gsm-8,osmo-hlr-546bdb8988-vb8bb,1,2
1781602104,gsm-8,osmo-mgw-8c8fc67d6-v9gr9,1,2
1781602104,gsm-8,osmo-mobile-7f88cc47b4-wjcqt,2,31
1781602104,gsm-8,osmo-stp-768687f494-shd7q,1,2
1781602104,gsm-8,ttcn3-tc-34-2-2-1-brhlj,1,6
1781602104,gsm-8,virtphy-86b4bdf559-ks45z,9,3
1781602106,gsm-8,msc-test-stub-5b875d749d-dxqzs,1,16
1781602106,gsm-8,osmo-bsc-594654bd47-5zskx,1,5
1781602106,gsm-8,osmo-bts-virtual-5f8b9b86fc-tvcxl,11,6
1781602106,gsm-8,osmo-hlr-546bdb8988-vb8bb,1,2
1781602106,gsm-8,osmo-mgw-8c8fc67d6-v9gr9,1,2
1781602106,gsm-8,osmo-mobile-7f88cc47b4-wjcqt,2,31
1781602106,gsm-8,osmo-stp-768687f494-shd7q,1,2
1781602106,gsm-8,ttcn3-tc-34-2-2-1-brhlj,1,6
1781602106,gsm-8,virtphy-86b4bdf559-ks45z,9,3
1781602108,gsm-8,msc-test-stub-5b875d749d-dxqzs,1,16
1781602108,gsm-8,osmo-bsc-594654bd47-5zskx,1,5
1781602108,gsm-8,osmo-bts-virtual-5f8b9b86fc-tvcxl,10,6
1781602108,gsm-8,osmo-hlr-546bdb8988-vb8bb,1,2
1781602108,gsm-8,osmo-mgw-8c8fc67d6-v9gr9,1,2
1781602108,gsm-8,osmo-mobile-7f88cc47b4-wjcqt,2,31
1781602108,gsm-8,osmo-stp-768687f494-shd7q,1,2
1781602108,gsm-8,ttcn3-tc-34-2-2-1-brhlj,1,6
1781602108,gsm-8,virtphy-86b4bdf559-ks45z,9,3
1781602111,gsm-8,msc-test-stub-5b875d749d-dxqzs,1,16
1781602111,gsm-8,osmo-bsc-594654bd47-5zskx,1,5
1781602111,gsm-8,osmo-bts-virtual-5f8b9b86fc-tvcxl,10,6
1781602111,gsm-8,osmo-hlr-546bdb8988-vb8bb,1,2
1781602111,gsm-8,osmo-mgw-8c8fc67d6-v9gr9,1,2
1781602111,gsm-8,osmo-mobile-7f88cc47b4-wjcqt,2,31
1781602111,gsm-8,osmo-stp-768687f494-shd7q,1,2
1781602111,gsm-8,ttcn3-tc-34-2-2-1-brhlj,1,6
1781602111,gsm-8,virtphy-86b4bdf559-ks45z,9,3
1781602113,gsm-8,msc-test-stub-5b875d749d-dxqzs,1,16
1781602113,gsm-8,osmo-bsc-594654bd47-5zskx,1,5
1781602113,gsm-8,osmo-bts-virtual-5f8b9b86fc-tvcxl,10,6
1781602113,gsm-8,osmo-hlr-546bdb8988-vb8bb,1,2
1781602113,gsm-8,osmo-mgw-8c8fc67d6-v9gr9,1,2
1781602113,gsm-8,osmo-mobile-7f88cc47b4-wjcqt,2,31
1781602113,gsm-8,osmo-stp-768687f494-shd7q,1,2
1781602113,gsm-8,ttcn3-tc-34-2-2-1-brhlj,1,6
1781602113,gsm-8,virtphy-86b4bdf559-ks45z,9,3
1781602115,gsm-8,msc-test-stub-5b875d749d-dxqzs,1,16
1781602115,gsm-8,osmo-bsc-594654bd47-5zskx,1,5
1781602115,gsm-8,osmo-bts-virtual-5f8b9b86fc-tvcxl,10,6
1781602115,gsm-8,osmo-hlr-546bdb8988-vb8bb,1,2
1781602115,gsm-8,osmo-mgw-8c8fc67d6-v9gr9,1,2
1781602115,gsm-8,osmo-mobile-7f88cc47b4-wjcqt,2,31
1781602115,gsm-8,osmo-stp-768687f494-shd7q,1,2
1781602115,gsm-8,ttcn3-tc-34-2-2-1-brhlj,1,6
1781602115,gsm-8,virtphy-86b4bdf559-ks45z,9,3
1781602117,gsm-8,msc-test-stub-5b875d749d-dxqzs,1,16
1781602117,gsm-8,osmo-bsc-594654bd47-5zskx,1,5
1781602117,gsm-8,osmo-bts-virtual-5f8b9b86fc-tvcxl,10,6
1781602117,gsm-8,osmo-hlr-546bdb8988-vb8bb,1,2
1781602117,gsm-8,osmo-mgw-8c8fc67d6-v9gr9,1,2
1781602117,gsm-8,osmo-mobile-7f88cc47b4-wjcqt,2,31
1781602117,gsm-8,osmo-stp-768687f494-shd7q,1,2
1781602117,gsm-8,ttcn3-tc-34-2-2-1-brhlj,1,6
1781602117,gsm-8,virtphy-86b4bdf559-ks45z,9,3
1781602119,gsm-8,msc-test-stub-5b875d749d-dxqzs,1,16
1781602119,gsm-8,osmo-bsc-594654bd47-5zskx,1,5
1781602119,gsm-8,osmo-bts-virtual-5f8b9b86fc-tvcxl,10,6
1781602119,gsm-8,osmo-hlr-546bdb8988-vb8bb,1,2
1781602119,gsm-8,osmo-mgw-8c8fc67d6-v9gr9,1,2
1781602119,gsm-8,osmo-mobile-7f88cc47b4-wjcqt,2,31
1781602119,gsm-8,osmo-stp-768687f494-shd7q,1,2
1781602119,gsm-8,ttcn3-tc-34-2-2-1-brhlj,1,6
1781602119,gsm-8,virtphy-86b4bdf559-ks45z,9,3
1781602121,gsm-8,msc-test-stub-5b875d749d-dxqzs,1,16
1781602121,gsm-8,osmo-bsc-594654bd47-5zskx,1,5
1781602121,gsm-8,osmo-bts-virtual-5f8b9b86fc-tvcxl,10,6
1781602121,gsm-8,osmo-hlr-546bdb8988-vb8bb,1,2
1781602121,gsm-8,osmo-mgw-8c8fc67d6-v9gr9,1,2
1781602121,gsm-8,osmo-mobile-7f88cc47b4-wjcqt,2,31
1781602121,gsm-8,osmo-stp-768687f494-shd7q,1,2
1781602121,gsm-8,ttcn3-tc-34-2-2-1-brhlj,1,6
1781602121,gsm-8,virtphy-86b4bdf559-ks45z,9,3
1781602124,gsm-8,msc-test-stub-5b875d749d-dxqzs,1,16
1781602124,gsm-8,osmo-bsc-594654bd47-5zskx,1,5
1781602124,gsm-8,osmo-bts-virtual-5f8b9b86fc-tvcxl,11,8
1781602124,gsm-8,osmo-hlr-546bdb8988-vb8bb,1,2
1781602124,gsm-8,osmo-mgw-8c8fc67d6-v9gr9,1,2
1781602124,gsm-8,osmo-mobile-7f88cc47b4-wjcqt,2,31
1781602124,gsm-8,osmo-stp-768687f494-shd7q,1,2
1781602124,gsm-8,ttcn3-tc-34-2-2-1-brhlj,1,6
1781602124,gsm-8,virtphy-86b4bdf559-ks45z,9,4
1781602126,gsm-8,msc-test-stub-5b875d749d-dxqzs,1,16
1781602126,gsm-8,osmo-bsc-594654bd47-5zskx,1,5
1781602126,gsm-8,osmo-bts-virtual-5f8b9b86fc-tvcxl,11,8
1781602126,gsm-8,osmo-hlr-546bdb8988-vb8bb,1,2
1781602126,gsm-8,osmo-mgw-8c8fc67d6-v9gr9,1,2
1781602126,gsm-8,osmo-mobile-7f88cc47b4-wjcqt,2,31
1781602126,gsm-8,osmo-stp-768687f494-shd7q,1,2
1781602126,gsm-8,ttcn3-tc-34-2-2-1-brhlj,1,6
1781602126,gsm-8,virtphy-86b4bdf559-ks45z,9,4
1781602128,gsm-8,msc-test-stub-5b875d749d-dxqzs,1,16
1781602128,gsm-8,osmo-bsc-594654bd47-5zskx,1,5
1781602128,gsm-8,osmo-bts-virtual-5f8b9b86fc-tvcxl,11,8
1781602128,gsm-8,osmo-hlr-546bdb8988-vb8bb,1,2
1781602128,gsm-8,osmo-mgw-8c8fc67d6-v9gr9,1,2
1781602128,gsm-8,osmo-mobile-7f88cc47b4-wjcqt,2,31
1781602128,gsm-8,osmo-stp-768687f494-shd7q,1,2
1781602128,gsm-8,ttcn3-tc-34-2-2-1-brhlj,1,6
1781602128,gsm-8,virtphy-86b4bdf559-ks45z,9,4
1781602130,gsm-8,msc-test-stub-5b875d749d-dxqzs,1,16
1781602130,gsm-8,osmo-bsc-594654bd47-5zskx,1,5
1781602130,gsm-8,osmo-bts-virtual-5f8b9b86fc-tvcxl,11,8
1781602130,gsm-8,osmo-hlr-546bdb8988-vb8bb,1,2
1781602130,gsm-8,osmo-mgw-8c8fc67d6-v9gr9,1,2
1781602130,gsm-8,osmo-mobile-7f88cc47b4-wjcqt,2,31
1781602130,gsm-8,osmo-stp-768687f494-shd7q,1,2
1781602130,gsm-8,ttcn3-tc-34-2-2-1-brhlj,1,6
1781602130,gsm-8,virtphy-86b4bdf559-ks45z,9,4
1781602132,gsm-8,msc-test-stub-5b875d749d-dxqzs,1,16
1781602132,gsm-8,osmo-bsc-594654bd47-5zskx,1,5
1781602132,gsm-8,osmo-bts-virtual-5f8b9b86fc-tvcxl,11,8
1781602132,gsm-8,osmo-hlr-546bdb8988-vb8bb,1,2
1781602132,gsm-8,osmo-mgw-8c8fc67d6-v9gr9,1,2
1781602132,gsm-8,osmo-mobile-7f88cc47b4-wjcqt,2,31
1781602132,gsm-8,osmo-stp-768687f494-shd7q,1,2
1781602132,gsm-8,ttcn3-tc-34-2-2-1-brhlj,1,6
1781602132,gsm-8,virtphy-86b4bdf559-ks45z,9,4
1781602134,gsm-8,msc-test-stub-5b875d749d-dxqzs,1,16
1781602134,gsm-8,osmo-bsc-594654bd47-5zskx,1,5
1781602134,gsm-8,osmo-bts-virtual-5f8b9b86fc-tvcxl,11,8
1781602134,gsm-8,osmo-hlr-546bdb8988-vb8bb,1,2
1781602134,gsm-8,osmo-mgw-8c8fc67d6-v9gr9,1,2
1781602134,gsm-8,osmo-mobile-7f88cc47b4-wjcqt,2,31
1781602134,gsm-8,osmo-stp-768687f494-shd7q,1,2
1781602134,gsm-8,ttcn3-tc-34-2-2-1-brhlj,1,6
1781602134,gsm-8,virtphy-86b4bdf559-ks45z,9,4
1781602136,gsm-8,msc-test-stub-5b875d749d-dxqzs,1,16
1781602136,gsm-8,osmo-bsc-594654bd47-5zskx,1,5
1781602136,gsm-8,osmo-bts-virtual-5f8b9b86fc-tvcxl,11,8
1781602136,gsm-8,osmo-hlr-546bdb8988-vb8bb,1,2
1781602136,gsm-8,osmo-mgw-8c8fc67d6-v9gr9,1,2
1781602136,gsm-8,osmo-mobile-7f88cc47b4-wjcqt,2,31
1781602136,gsm-8,osmo-stp-768687f494-shd7q,1,2
1781602136,gsm-8,ttcn3-tc-34-2-2-1-brhlj,1,6
1781602136,gsm-8,virtphy-86b4bdf559-ks45z,9,4
1781602138,gsm-8,msc-test-stub-5b875d749d-dxqzs,1,16
1781602138,gsm-8,osmo-bsc-594654bd47-5zskx,1,5
1781602138,gsm-8,osmo-bts-virtual-5f8b9b86fc-tvcxl,11,9
1781602138,gsm-8,osmo-hlr-546bdb8988-vb8bb,1,2
1781602138,gsm-8,osmo-mgw-8c8fc67d6-v9gr9,1,2
1781602138,gsm-8,osmo-mobile-7f88cc47b4-wjcqt,2,31
1781602138,gsm-8,osmo-stp-768687f494-shd7q,1,2
1781602138,gsm-8,ttcn3-tc-34-2-2-1-brhlj,1,6
1781602138,gsm-8,virtphy-86b4bdf559-ks45z,9,4
1781602141,gsm-8,msc-test-stub-5b875d749d-dxqzs,1,16
1781602141,gsm-8,osmo-bsc-594654bd47-5zskx,1,5
1781602141,gsm-8,osmo-bts-virtual-5f8b9b86fc-tvcxl,11,9
1781602141,gsm-8,osmo-hlr-546bdb8988-vb8bb,1,2
1781602141,gsm-8,osmo-mgw-8c8fc67d6-v9gr9,1,2
1781602141,gsm-8,osmo-mobile-7f88cc47b4-wjcqt,2,31
1781602141,gsm-8,osmo-stp-768687f494-shd7q,1,2
1781602141,gsm-8,ttcn3-tc-34-2-2-1-brhlj,1,6
1781602141,gsm-8,virtphy-86b4bdf559-ks45z,9,4
1781602143,gsm-8,msc-test-stub-5b875d749d-dxqzs,1,16
1781602143,gsm-8,osmo-bsc-594654bd47-5zskx,1,5
1781602143,gsm-8,osmo-bts-virtual-5f8b9b86fc-tvcxl,11,9
1781602143,gsm-8,osmo-hlr-546bdb8988-vb8bb,1,2
1781602143,gsm-8,osmo-mgw-8c8fc67d6-v9gr9,1,2
1781602143,gsm-8,osmo-mobile-7f88cc47b4-wjcqt,2,31
1781602143,gsm-8,osmo-stp-768687f494-shd7q,1,2
1781602143,gsm-8,ttcn3-tc-34-2-2-1-brhlj,1,6
1781602143,gsm-8,virtphy-86b4bdf559-ks45z,9,4
1781602145,gsm-8,msc-test-stub-5b875d749d-dxqzs,1,16
1781602145,gsm-8,osmo-bsc-594654bd47-5zskx,1,5
1781602145,gsm-8,osmo-bts-virtual-5f8b9b86fc-tvcxl,11,9
1781602145,gsm-8,osmo-hlr-546bdb8988-vb8bb,1,2
1781602145,gsm-8,osmo-mgw-8c8fc67d6-v9gr9,1,2
1781602145,gsm-8,osmo-mobile-7f88cc47b4-wjcqt,2,31
1781602145,gsm-8,osmo-stp-768687f494-shd7q,1,2
1781602145,gsm-8,ttcn3-tc-34-2-2-1-brhlj,1,6
1781602145,gsm-8,virtphy-86b4bdf559-ks45z,9,4
1781602147,gsm-8,msc-test-stub-5b875d749d-dxqzs,1,16
1781602147,gsm-8,osmo-bsc-594654bd47-5zskx,1,5
1781602147,gsm-8,osmo-bts-virtual-5f8b9b86fc-tvcxl,11,9
1781602147,gsm-8,osmo-hlr-546bdb8988-vb8bb,1,2
1781602147,gsm-8,osmo-mgw-8c8fc67d6-v9gr9,1,2
1781602147,gsm-8,osmo-mobile-7f88cc47b4-wjcqt,2,31
1781602147,gsm-8,osmo-stp-768687f494-shd7q,1,2
1781602147,gsm-8,ttcn3-tc-34-2-2-1-brhlj,1,6
1781602147,gsm-8,virtphy-86b4bdf559-ks45z,9,4
1781602149,gsm-8,msc-test-stub-5b875d749d-dxqzs,1,16
1781602149,gsm-8,osmo-bsc-594654bd47-5zskx,1,5
1781602149,gsm-8,osmo-bts-virtual-5f8b9b86fc-tvcxl,11,9
1781602149,gsm-8,osmo-hlr-546bdb8988-vb8bb,1,2
1781602149,gsm-8,osmo-mgw-8c8fc67d6-v9gr9,1,2
1781602149,gsm-8,osmo-mobile-7f88cc47b4-wjcqt,2,31
1781602149,gsm-8,osmo-stp-768687f494-shd7q,1,2
1781602149,gsm-8,ttcn3-tc-34-2-2-1-brhlj,1,6
1781602149,gsm-8,virtphy-86b4bdf559-ks45z,9,4
1781602152,gsm-8,msc-test-stub-5b875d749d-dxqzs,1,16
1781602152,gsm-8,osmo-bsc-594654bd47-5zskx,1,5
1781602152,gsm-8,osmo-bts-virtual-5f8b9b86fc-tvcxl,11,9
1781602152,gsm-8,osmo-hlr-546bdb8988-vb8bb,1,2
1781602152,gsm-8,osmo-mgw-8c8fc67d6-v9gr9,1,2
1781602152,gsm-8,osmo-mobile-7f88cc47b4-wjcqt,2,31
1781602152,gsm-8,osmo-stp-768687f494-shd7q,1,2
1781602152,gsm-8,ttcn3-tc-34-2-2-1-brhlj,1,6
1781602152,gsm-8,virtphy-86b4bdf559-ks45z,9,4
1781602154,gsm-8,msc-test-stub-5b875d749d-dxqzs,1,16
1781602154,gsm-8,osmo-bsc-594654bd47-5zskx,1,5
1781602154,gsm-8,osmo-bts-virtual-5f8b9b86fc-tvcxl,10,9
1781602154,gsm-8,osmo-hlr-546bdb8988-vb8bb,1,2
1781602154,gsm-8,osmo-mgw-8c8fc67d6-v9gr9,1,2
1781602154,gsm-8,osmo-mobile-7f88cc47b4-wjcqt,2,31
1781602154,gsm-8,osmo-stp-768687f494-shd7q,1,2
1781602154,gsm-8,ttcn3-tc-34-2-2-1-brhlj,1,6
1781602154,gsm-8,virtphy-86b4bdf559-ks45z,8,3
1781602156,gsm-8,msc-test-stub-5b875d749d-dxqzs,1,16
1781602156,gsm-8,osmo-bsc-594654bd47-5zskx,1,5
1781602156,gsm-8,osmo-bts-virtual-5f8b9b86fc-tvcxl,10,9
1781602156,gsm-8,osmo-hlr-546bdb8988-vb8bb,1,2
1781602156,gsm-8,osmo-mgw-8c8fc67d6-v9gr9,1,2
1781602156,gsm-8,osmo-mobile-7f88cc47b4-wjcqt,2,31
1781602156,gsm-8,osmo-stp-768687f494-shd7q,1,2
1781602156,gsm-8,ttcn3-tc-34-2-2-1-brhlj,1,6
1781602156,gsm-8,virtphy-86b4bdf559-ks45z,8,3
1781602159,gsm-8,msc-test-stub-5b875d749d-dxqzs,1,16
1781602159,gsm-8,osmo-bsc-594654bd47-5zskx,1,5
1781602159,gsm-8,osmo-bts-virtual-5f8b9b86fc-tvcxl,10,9
1781602159,gsm-8,osmo-hlr-546bdb8988-vb8bb,1,2
1781602159,gsm-8,osmo-mgw-8c8fc67d6-v9gr9,1,2
1781602159,gsm-8,osmo-mobile-7f88cc47b4-wjcqt,2,31
1781602159,gsm-8,osmo-stp-768687f494-shd7q,1,2
1781602159,gsm-8,ttcn3-tc-34-2-2-1-brhlj,1,6
1781602159,gsm-8,virtphy-86b4bdf559-ks45z,8,3
1781602161,gsm-8,msc-test-stub-5b875d749d-dxqzs,1,16
1781602161,gsm-8,osmo-bsc-594654bd47-5zskx,1,5
1781602161,gsm-8,osmo-bts-virtual-5f8b9b86fc-tvcxl,10,9
1781602161,gsm-8,osmo-hlr-546bdb8988-vb8bb,1,2
1781602161,gsm-8,osmo-mgw-8c8fc67d6-v9gr9,1,2
1781602161,gsm-8,osmo-mobile-7f88cc47b4-wjcqt,2,31
1781602161,gsm-8,osmo-stp-768687f494-shd7q,1,2
1781602161,gsm-8,ttcn3-tc-34-2-2-1-brhlj,1,6
1781602161,gsm-8,virtphy-86b4bdf559-ks45z,8,3
1781602164,gsm-8,msc-test-stub-5b875d749d-dxqzs,1,16
1781602164,gsm-8,osmo-bsc-594654bd47-5zskx,1,5
1781602164,gsm-8,osmo-bts-virtual-5f8b9b86fc-tvcxl,10,9
1781602164,gsm-8,osmo-hlr-546bdb8988-vb8bb,1,2
1781602164,gsm-8,osmo-mgw-8c8fc67d6-v9gr9,1,2
1781602164,gsm-8,osmo-mobile-7f88cc47b4-wjcqt,2,31
1781602164,gsm-8,osmo-stp-768687f494-shd7q,1,2
1781602164,gsm-8,ttcn3-tc-34-2-2-1-brhlj,1,6
1781602164,gsm-8,virtphy-86b4bdf559-ks45z,8,3
1781602166,gsm-8,msc-test-stub-5b875d749d-dxqzs,1,16
1781602166,gsm-8,osmo-bsc-594654bd47-5zskx,1,5
1781602166,gsm-8,osmo-bts-virtual-5f8b9b86fc-tvcxl,10,9
1781602166,gsm-8,osmo-hlr-546bdb8988-vb8bb,1,2
1781602166,gsm-8,osmo-mgw-8c8fc67d6-v9gr9,1,2
1781602166,gsm-8,osmo-mobile-7f88cc47b4-wjcqt,2,31
1781602166,gsm-8,osmo-stp-768687f494-shd7q,1,2
1781602166,gsm-8,ttcn3-tc-34-2-2-1-brhlj,1,6
1781602166,gsm-8,virtphy-86b4bdf559-ks45z,8,3
1781602168,gsm-8,msc-test-stub-5b875d749d-dxqzs,1,16
1781602168,gsm-8,osmo-bsc-594654bd47-5zskx,1,5
1781602168,gsm-8,osmo-bts-virtual-5f8b9b86fc-tvcxl,10,7
1781602168,gsm-8,osmo-hlr-546bdb8988-vb8bb,1,2
1781602168,gsm-8,osmo-mgw-8c8fc67d6-v9gr9,1,2
1781602168,gsm-8,osmo-mobile-7f88cc47b4-wjcqt,2,31
1781602168,gsm-8,osmo-stp-768687f494-shd7q,1,2
1781602168,gsm-8,ttcn3-tc-34-2-2-1-brhlj,1,6
1781602168,gsm-8,virtphy-86b4bdf559-ks45z,9,3
1781602170,gsm-8,msc-test-stub-5b875d749d-dxqzs,1,16
1781602170,gsm-8,osmo-bsc-594654bd47-5zskx,1,5
1781602170,gsm-8,osmo-bts-virtual-5f8b9b86fc-tvcxl,10,7
1781602170,gsm-8,osmo-hlr-546bdb8988-vb8bb,1,2
1781602170,gsm-8,osmo-mgw-8c8fc67d6-v9gr9,1,2
1781602170,gsm-8,osmo-mobile-7f88cc47b4-wjcqt,2,31
1781602170,gsm-8,osmo-stp-768687f494-shd7q,1,2
1781602170,gsm-8,ttcn3-tc-34-2-2-1-brhlj,1,6
1781602170,gsm-8,virtphy-86b4bdf559-ks45z,9,3
1781602172,gsm-8,msc-test-stub-5b875d749d-dxqzs,1,16
1781602172,gsm-8,osmo-bsc-594654bd47-5zskx,1,5
1781602172,gsm-8,osmo-bts-virtual-5f8b9b86fc-tvcxl,10,7
1781602172,gsm-8,osmo-hlr-546bdb8988-vb8bb,1,2
1781602172,gsm-8,osmo-mgw-8c8fc67d6-v9gr9,1,2
1781602172,gsm-8,osmo-mobile-7f88cc47b4-wjcqt,2,31
1781602172,gsm-8,osmo-stp-768687f494-shd7q,1,2
1781602172,gsm-8,ttcn3-tc-34-2-2-1-brhlj,1,6
1781602172,gsm-8,virtphy-86b4bdf559-ks45z,9,3
1781602174,gsm-8,msc-test-stub-5b875d749d-dxqzs,1,16
1781602174,gsm-8,osmo-bsc-594654bd47-5zskx,1,5
1781602174,gsm-8,osmo-bts-virtual-5f8b9b86fc-tvcxl,10,7
1781602174,gsm-8,osmo-hlr-546bdb8988-vb8bb,1,2
1781602174,gsm-8,osmo-mgw-8c8fc67d6-v9gr9,1,2
1781602174,gsm-8,osmo-mobile-7f88cc47b4-wjcqt,2,31
1781602174,gsm-8,osmo-stp-768687f494-shd7q,1,2
1781602174,gsm-8,ttcn3-tc-34-2-2-1-brhlj,1,6
1781602174,gsm-8,virtphy-86b4bdf559-ks45z,9,3
1781602176,gsm-8,msc-test-stub-5b875d749d-dxqzs,1,16
1781602176,gsm-8,osmo-bsc-594654bd47-5zskx,1,5
1781602176,gsm-8,osmo-bts-virtual-5f8b9b86fc-tvcxl,10,7
1781602176,gsm-8,osmo-hlr-546bdb8988-vb8bb,1,2
1781602176,gsm-8,osmo-mgw-8c8fc67d6-v9gr9,1,2
1781602176,gsm-8,osmo-mobile-7f88cc47b4-wjcqt,2,31
1781602176,gsm-8,osmo-stp-768687f494-shd7q,1,2
1781602176,gsm-8,ttcn3-tc-34-2-2-1-brhlj,1,6
1781602176,gsm-8,virtphy-86b4bdf559-ks45z,9,3
1781602178,gsm-8,msc-test-stub-5b875d749d-dxqzs,1,16
1781602178,gsm-8,osmo-bsc-594654bd47-5zskx,1,5
1781602178,gsm-8,osmo-bts-virtual-5f8b9b86fc-tvcxl,10,7
1781602178,gsm-8,osmo-hlr-546bdb8988-vb8bb,1,2
1781602178,gsm-8,osmo-mgw-8c8fc67d6-v9gr9,1,2
1781602178,gsm-8,osmo-mobile-7f88cc47b4-wjcqt,2,31
1781602178,gsm-8,osmo-stp-768687f494-shd7q,1,2
1781602178,gsm-8,ttcn3-tc-34-2-2-1-brhlj,1,6
1781602178,gsm-8,virtphy-86b4bdf559-ks45z,9,3
1781602180,gsm-8,msc-test-stub-5b875d749d-dxqzs,1,16
1781602180,gsm-8,osmo-bsc-594654bd47-5zskx,1,5
1781602180,gsm-8,osmo-bts-virtual-5f8b9b86fc-tvcxl,10,7
1781602180,gsm-8,osmo-hlr-546bdb8988-vb8bb,1,2
1781602180,gsm-8,osmo-mgw-8c8fc67d6-v9gr9,1,2
1781602180,gsm-8,osmo-mobile-7f88cc47b4-wjcqt,2,31
1781602180,gsm-8,osmo-stp-768687f494-shd7q,1,2
1781602180,gsm-8,ttcn3-tc-34-2-2-1-brhlj,1,6
1781602180,gsm-8,virtphy-86b4bdf559-ks45z,9,3
1781602183,gsm-8,msc-test-stub-5b875d749d-dxqzs,1,16
1781602183,gsm-8,osmo-bsc-594654bd47-5zskx,1,5
1781602183,gsm-8,osmo-bts-virtual-5f8b9b86fc-tvcxl,11,7
1781602183,gsm-8,osmo-hlr-546bdb8988-vb8bb,1,2
1781602183,gsm-8,osmo-mgw-8c8fc67d6-v9gr9,1,2
1781602183,gsm-8,osmo-mobile-7f88cc47b4-wjcqt,2,31
1781602183,gsm-8,osmo-stp-768687f494-shd7q,1,2
1781602183,gsm-8,ttcn3-tc-34-2-2-1-brhlj,1,6
1781602183,gsm-8,virtphy-86b4bdf559-ks45z,9,1
1781602185,gsm-8,msc-test-stub-5b875d749d-dxqzs,1,16
1781602185,gsm-8,osmo-bsc-594654bd47-5zskx,1,5
1781602185,gsm-8,osmo-bts-virtual-5f8b9b86fc-tvcxl,11,7
1781602185,gsm-8,osmo-hlr-546bdb8988-vb8bb,1,2
1781602185,gsm-8,osmo-mgw-8c8fc67d6-v9gr9,1,2
1781602185,gsm-8,osmo-mobile-7f88cc47b4-wjcqt,2,31
1781602185,gsm-8,osmo-stp-768687f494-shd7q,1,2
1781602185,gsm-8,ttcn3-tc-34-2-2-1-brhlj,1,6
1781602185,gsm-8,virtphy-86b4bdf559-ks45z,9,1
1781602187,gsm-8,msc-test-stub-5b875d749d-dxqzs,1,16
1781602187,gsm-8,osmo-bsc-594654bd47-5zskx,1,5
1781602187,gsm-8,osmo-bts-virtual-5f8b9b86fc-tvcxl,11,7
1781602187,gsm-8,osmo-hlr-546bdb8988-vb8bb,1,2
1781602187,gsm-8,osmo-mgw-8c8fc67d6-v9gr9,1,2
1781602187,gsm-8,osmo-mobile-7f88cc47b4-wjcqt,2,31
1781602187,gsm-8,osmo-stp-768687f494-shd7q,1,2
1781602187,gsm-8,ttcn3-tc-34-2-2-1-brhlj,1,6
1781602187,gsm-8,virtphy-86b4bdf559-ks45z,9,1
1781602189,gsm-8,msc-test-stub-5b875d749d-dxqzs,1,16
1781602189,gsm-8,osmo-bsc-594654bd47-5zskx,1,5
1781602189,gsm-8,osmo-bts-virtual-5f8b9b86fc-tvcxl,11,7
1781602189,gsm-8,osmo-hlr-546bdb8988-vb8bb,1,2
1781602189,gsm-8,osmo-mgw-8c8fc67d6-v9gr9,1,2
1781602189,gsm-8,osmo-mobile-7f88cc47b4-wjcqt,2,31
1781602189,gsm-8,osmo-stp-768687f494-shd7q,1,2
1781602189,gsm-8,ttcn3-tc-34-2-2-1-brhlj,1,6
1781602189,gsm-8,virtphy-86b4bdf559-ks45z,9,1
1781602191,gsm-8,msc-test-stub-5b875d749d-dxqzs,1,16
1781602191,gsm-8,osmo-bsc-594654bd47-5zskx,1,5
1781602191,gsm-8,osmo-bts-virtual-5f8b9b86fc-tvcxl,11,7
1781602191,gsm-8,osmo-hlr-546bdb8988-vb8bb,1,2
1781602191,gsm-8,osmo-mgw-8c8fc67d6-v9gr9,1,2
1781602191,gsm-8,osmo-mobile-7f88cc47b4-wjcqt,2,31
1781602191,gsm-8,osmo-stp-768687f494-shd7q,1,2
1781602191,gsm-8,ttcn3-tc-34-2-2-1-brhlj,1,6
1781602191,gsm-8,virtphy-86b4bdf559-ks45z,9,1
1781602193,gsm-8,msc-test-stub-5b875d749d-dxqzs,1,16
1781602193,gsm-8,osmo-bsc-594654bd47-5zskx,1,5
1781602193,gsm-8,osmo-bts-virtual-5f8b9b86fc-tvcxl,11,7
1781602193,gsm-8,osmo-hlr-546bdb8988-vb8bb,1,2
1781602193,gsm-8,osmo-mgw-8c8fc67d6-v9gr9,1,2
1781602193,gsm-8,osmo-mobile-7f88cc47b4-wjcqt,2,31
1781602193,gsm-8,osmo-stp-768687f494-shd7q,1,2
1781602193,gsm-8,ttcn3-tc-34-2-2-1-brhlj,1,6
1781602193,gsm-8,virtphy-86b4bdf559-ks45z,9,1
1781602195,gsm-8,msc-test-stub-5b875d749d-dxqzs,1,16
1781602195,gsm-8,osmo-bsc-594654bd47-5zskx,1,5
1781602195,gsm-8,osmo-bts-virtual-5f8b9b86fc-tvcxl,11,7
1781602195,gsm-8,osmo-hlr-546bdb8988-vb8bb,1,2
1781602195,gsm-8,osmo-mgw-8c8fc67d6-v9gr9,1,2
1781602195,gsm-8,osmo-mobile-7f88cc47b4-wjcqt,2,31
1781602195,gsm-8,osmo-stp-768687f494-shd7q,1,2
1781602195,gsm-8,ttcn3-tc-34-2-2-1-brhlj,1,6
1781602195,gsm-8,virtphy-86b4bdf559-ks45z,9,1
1781602197,gsm-8,msc-test-stub-5b875d749d-dxqzs,1,16
1781602197,gsm-8,osmo-bsc-594654bd47-5zskx,1,5
1781602197,gsm-8,osmo-bts-virtual-5f8b9b86fc-tvcxl,10,9
1781602197,gsm-8,osmo-hlr-546bdb8988-vb8bb,1,2
1781602197,gsm-8,osmo-mgw-8c8fc67d6-v9gr9,1,2
1781602197,gsm-8,osmo-mobile-7f88cc47b4-wjcqt,2,31
1781602197,gsm-8,osmo-stp-768687f494-shd7q,1,2
1781602197,gsm-8,ttcn3-tc-34-2-2-1-brhlj,1,6
1781602197,gsm-8,virtphy-86b4bdf559-ks45z,9,4
1781602199,gsm-8,msc-test-stub-5b875d749d-dxqzs,1,16
1781602199,gsm-8,osmo-bsc-594654bd47-5zskx,1,5
1781602199,gsm-8,osmo-bts-virtual-5f8b9b86fc-tvcxl,10,9
1781602199,gsm-8,osmo-hlr-546bdb8988-vb8bb,1,2
1781602199,gsm-8,osmo-mgw-8c8fc67d6-v9gr9,1,2
1781602199,gsm-8,osmo-mobile-7f88cc47b4-wjcqt,2,31
1781602199,gsm-8,osmo-stp-768687f494-shd7q,1,2
1781602199,gsm-8,ttcn3-tc-34-2-2-1-brhlj,1,6
1781602199,gsm-8,virtphy-86b4bdf559-ks45z,9,4
1781602201,gsm-8,msc-test-stub-5b875d749d-dxqzs,1,16
1781602201,gsm-8,osmo-bsc-594654bd47-5zskx,1,5
1781602201,gsm-8,osmo-bts-virtual-5f8b9b86fc-tvcxl,10,9
1781602201,gsm-8,osmo-hlr-546bdb8988-vb8bb,1,2
1781602201,gsm-8,osmo-mgw-8c8fc67d6-v9gr9,1,2
1781602201,gsm-8,osmo-mobile-7f88cc47b4-wjcqt,2,31
1781602201,gsm-8,osmo-stp-768687f494-shd7q,1,2
1781602201,gsm-8,ttcn3-tc-34-2-2-1-brhlj,1,6
1781602201,gsm-8,virtphy-86b4bdf559-ks45z,9,4
1781602203,gsm-8,msc-test-stub-5b875d749d-dxqzs,1,16
1781602203,gsm-8,osmo-bsc-594654bd47-5zskx,1,5
1781602203,gsm-8,osmo-bts-virtual-5f8b9b86fc-tvcxl,10,9
1781602203,gsm-8,osmo-hlr-546bdb8988-vb8bb,1,2
1781602203,gsm-8,osmo-mgw-8c8fc67d6-v9gr9,1,2
1781602203,gsm-8,osmo-mobile-7f88cc47b4-wjcqt,2,31
1781602203,gsm-8,osmo-stp-768687f494-shd7q,1,2
1781602203,gsm-8,ttcn3-tc-34-2-2-1-brhlj,1,6
1781602203,gsm-8,virtphy-86b4bdf559-ks45z,9,4
1781602205,gsm-8,msc-test-stub-5b875d749d-dxqzs,1,16
1781602205,gsm-8,osmo-bsc-594654bd47-5zskx,1,5
1781602205,gsm-8,osmo-bts-virtual-5f8b9b86fc-tvcxl,10,9
1781602205,gsm-8,osmo-hlr-546bdb8988-vb8bb,1,2
1781602205,gsm-8,osmo-mgw-8c8fc67d6-v9gr9,1,2
1781602205,gsm-8,osmo-mobile-7f88cc47b4-wjcqt,2,31
1781602205,gsm-8,osmo-stp-768687f494-shd7q,1,2
1781602205,gsm-8,ttcn3-tc-34-2-2-1-brhlj,1,6
1781602205,gsm-8,virtphy-86b4bdf559-ks45z,9,4
1781602208,gsm-8,msc-test-stub-5b875d749d-dxqzs,1,16
1781602208,gsm-8,osmo-bsc-594654bd47-5zskx,1,5
1781602208,gsm-8,osmo-bts-virtual-5f8b9b86fc-tvcxl,10,9
1781602208,gsm-8,osmo-hlr-546bdb8988-vb8bb,1,2
1781602208,gsm-8,osmo-mgw-8c8fc67d6-v9gr9,1,2
1781602208,gsm-8,osmo-mobile-7f88cc47b4-wjcqt,2,31
1781602208,gsm-8,osmo-stp-768687f494-shd7q,1,2
1781602208,gsm-8,ttcn3-tc-34-2-2-1-brhlj,1,6
1781602208,gsm-8,virtphy-86b4bdf559-ks45z,9,4
1781602210,gsm-8,msc-test-stub-5b875d749d-dxqzs,1,16
1781602210,gsm-8,osmo-bsc-594654bd47-5zskx,1,5
1781602210,gsm-8,osmo-bts-virtual-5f8b9b86fc-tvcxl,10,9
1781602210,gsm-8,osmo-hlr-546bdb8988-vb8bb,1,2
1781602210,gsm-8,osmo-mgw-8c8fc67d6-v9gr9,1,2
1781602210,gsm-8,osmo-mobile-7f88cc47b4-wjcqt,2,31
1781602210,gsm-8,osmo-stp-768687f494-shd7q,1,2
1781602210,gsm-8,ttcn3-tc-34-2-2-1-brhlj,1,6
1781602210,gsm-8,virtphy-86b4bdf559-ks45z,9,4
1781602212,gsm-8,msc-test-stub-5b875d749d-dxqzs,1,16
1781602212,gsm-8,osmo-bsc-594654bd47-5zskx,1,5
1781602212,gsm-8,osmo-bts-virtual-5f8b9b86fc-tvcxl,10,9
1781602212,gsm-8,osmo-hlr-546bdb8988-vb8bb,1,2
1781602212,gsm-8,osmo-mgw-8c8fc67d6-v9gr9,1,2
1781602212,gsm-8,osmo-mobile-7f88cc47b4-wjcqt,2,31
1781602212,gsm-8,osmo-stp-768687f494-shd7q,1,2
1781602212,gsm-8,ttcn3-tc-34-2-2-1-brhlj,1,6
1781602212,gsm-8,virtphy-86b4bdf559-ks45z,9,4
1781602214,gsm-8,msc-test-stub-5b875d749d-dxqzs,1,16
1781602214,gsm-8,osmo-bsc-594654bd47-5zskx,1,5
1781602214,gsm-8,osmo-bts-virtual-5f8b9b86fc-tvcxl,11,6
1781602214,gsm-8,osmo-hlr-546bdb8988-vb8bb,1,2
1781602214,gsm-8,osmo-mgw-8c8fc67d6-v9gr9,1,2
1781602214,gsm-8,osmo-mobile-7f88cc47b4-wjcqt,2,31
1781602214,gsm-8,osmo-stp-768687f494-shd7q,1,2
1781602214,gsm-8,ttcn3-tc-34-2-2-1-brhlj,1,6
1781602214,gsm-8,virtphy-86b4bdf559-ks45z,9,3
1781602216,gsm-8,msc-test-stub-5b875d749d-dxqzs,1,16
1781602216,gsm-8,osmo-bsc-594654bd47-5zskx,1,5
1781602216,gsm-8,osmo-bts-virtual-5f8b9b86fc-tvcxl,11,6
1781602216,gsm-8,osmo-hlr-546bdb8988-vb8bb,1,2
1781602216,gsm-8,osmo-mgw-8c8fc67d6-v9gr9,1,2
1781602216,gsm-8,osmo-mobile-7f88cc47b4-wjcqt,2,31
1781602216,gsm-8,osmo-stp-768687f494-shd7q,1,2
1781602216,gsm-8,ttcn3-tc-34-2-2-1-brhlj,1,6
1781602216,gsm-8,virtphy-86b4bdf559-ks45z,9,3
1781602218,gsm-8,msc-test-stub-5b875d749d-dxqzs,1,16
1781602218,gsm-8,osmo-bsc-594654bd47-5zskx,1,5
1781602218,gsm-8,osmo-bts-virtual-5f8b9b86fc-tvcxl,11,6
1781602218,gsm-8,osmo-hlr-546bdb8988-vb8bb,1,2
1781602218,gsm-8,osmo-mgw-8c8fc67d6-v9gr9,1,2
1781602218,gsm-8,osmo-mobile-7f88cc47b4-wjcqt,2,31
1781602218,gsm-8,osmo-stp-768687f494-shd7q,1,2
1781602218,gsm-8,ttcn3-tc-34-2-2-1-brhlj,1,6
1781602218,gsm-8,virtphy-86b4bdf559-ks45z,9,3
1781602220,gsm-8,msc-test-stub-5b875d749d-dxqzs,1,16
1781602220,gsm-8,osmo-bsc-594654bd47-5zskx,1,5
1781602220,gsm-8,osmo-bts-virtual-5f8b9b86fc-tvcxl,11,6
1781602220,gsm-8,osmo-hlr-546bdb8988-vb8bb,1,2
1781602220,gsm-8,osmo-mgw-8c8fc67d6-v9gr9,1,2
1781602220,gsm-8,osmo-mobile-7f88cc47b4-wjcqt,2,31
1781602220,gsm-8,osmo-stp-768687f494-shd7q,1,2
1781602220,gsm-8,ttcn3-tc-34-2-2-1-brhlj,1,6
1781602220,gsm-8,virtphy-86b4bdf559-ks45z,9,3
1781602222,gsm-8,msc-test-stub-5b875d749d-dxqzs,1,16
1781602222,gsm-8,osmo-bsc-594654bd47-5zskx,1,5
1781602222,gsm-8,osmo-bts-virtual-5f8b9b86fc-tvcxl,11,6
1781602222,gsm-8,osmo-hlr-546bdb8988-vb8bb,1,2
1781602222,gsm-8,osmo-mgw-8c8fc67d6-v9gr9,1,2
1781602222,gsm-8,osmo-mobile-7f88cc47b4-wjcqt,2,31
1781602222,gsm-8,osmo-stp-768687f494-shd7q,1,2
1781602222,gsm-8,ttcn3-tc-34-2-2-1-brhlj,1,6
1781602222,gsm-8,virtphy-86b4bdf559-ks45z,9,3
1781602224,gsm-8,msc-test-stub-5b875d749d-dxqzs,1,16
1781602224,gsm-8,osmo-bsc-594654bd47-5zskx,1,5
1781602224,gsm-8,osmo-bts-virtual-5f8b9b86fc-tvcxl,11,6
1781602224,gsm-8,osmo-hlr-546bdb8988-vb8bb,1,2
1781602224,gsm-8,osmo-mgw-8c8fc67d6-v9gr9,1,2
1781602224,gsm-8,osmo-mobile-7f88cc47b4-wjcqt,2,31
1781602224,gsm-8,osmo-stp-768687f494-shd7q,1,2
1781602224,gsm-8,ttcn3-tc-34-2-2-1-brhlj,1,6
1781602224,gsm-8,virtphy-86b4bdf559-ks45z,9,3
1781602226,gsm-8,msc-test-stub-5b875d749d-dxqzs,1,16
1781602226,gsm-8,osmo-bsc-594654bd47-5zskx,1,5
1781602226,gsm-8,osmo-bts-virtual-5f8b9b86fc-tvcxl,11,6
1781602226,gsm-8,osmo-hlr-546bdb8988-vb8bb,1,2
1781602226,gsm-8,osmo-mgw-8c8fc67d6-v9gr9,1,2
1781602226,gsm-8,osmo-mobile-7f88cc47b4-wjcqt,2,31
1781602226,gsm-8,osmo-stp-768687f494-shd7q,1,2
1781602226,gsm-8,ttcn3-tc-34-2-2-1-brhlj,1,6
1781602226,gsm-8,virtphy-86b4bdf559-ks45z,9,3
1781602228,gsm-8,msc-test-stub-5b875d749d-dxqzs,1,16
1781602228,gsm-8,osmo-bsc-594654bd47-5zskx,1,5
1781602228,gsm-8,osmo-bts-virtual-5f8b9b86fc-tvcxl,11,8
1781602228,gsm-8,osmo-hlr-546bdb8988-vb8bb,1,2
1781602228,gsm-8,osmo-mgw-8c8fc67d6-v9gr9,1,2
1781602228,gsm-8,osmo-mobile-7f88cc47b4-wjcqt,3,31
1781602228,gsm-8,osmo-stp-768687f494-shd7q,1,2
1781602228,gsm-8,ttcn3-tc-34-2-2-1-brhlj,1,6
1781602228,gsm-8,virtphy-86b4bdf559-ks45z,9,4
1781602230,gsm-8,msc-test-stub-5b875d749d-dxqzs,1,16
1781602230,gsm-8,osmo-bsc-594654bd47-5zskx,1,5
1781602230,gsm-8,osmo-bts-virtual-5f8b9b86fc-tvcxl,11,8
1781602230,gsm-8,osmo-hlr-546bdb8988-vb8bb,1,2
1781602230,gsm-8,osmo-mgw-8c8fc67d6-v9gr9,1,2
1781602230,gsm-8,osmo-mobile-7f88cc47b4-wjcqt,3,31
1781602230,gsm-8,osmo-stp-768687f494-shd7q,1,2
1781602230,gsm-8,ttcn3-tc-34-2-2-1-brhlj,1,6
1781602230,gsm-8,virtphy-86b4bdf559-ks45z,9,4
1781602232,gsm-8,msc-test-stub-5b875d749d-dxqzs,1,16
1781602232,gsm-8,osmo-bsc-594654bd47-5zskx,1,5
1781602232,gsm-8,osmo-bts-virtual-5f8b9b86fc-tvcxl,11,8
1781602232,gsm-8,osmo-hlr-546bdb8988-vb8bb,1,2
1781602232,gsm-8,osmo-mgw-8c8fc67d6-v9gr9,1,2
1781602232,gsm-8,osmo-mobile-7f88cc47b4-wjcqt,3,31
1781602232,gsm-8,osmo-stp-768687f494-shd7q,1,2
1781602232,gsm-8,ttcn3-tc-34-2-2-1-brhlj,1,6
1781602232,gsm-8,virtphy-86b4bdf559-ks45z,9,4
1781602234,gsm-8,msc-test-stub-5b875d749d-dxqzs,1,16
1781602234,gsm-8,osmo-bsc-594654bd47-5zskx,1,5
1781602234,gsm-8,osmo-bts-virtual-5f8b9b86fc-tvcxl,11,8
1781602234,gsm-8,osmo-hlr-546bdb8988-vb8bb,1,2
1781602234,gsm-8,osmo-mgw-8c8fc67d6-v9gr9,1,2
1781602234,gsm-8,osmo-mobile-7f88cc47b4-wjcqt,3,31
1781602234,gsm-8,osmo-stp-768687f494-shd7q,1,2
1781602234,gsm-8,ttcn3-tc-34-2-2-1-brhlj,1,6
1781602234,gsm-8,virtphy-86b4bdf559-ks45z,9,4
1781602236,gsm-8,msc-test-stub-5b875d749d-dxqzs,1,16
1781602236,gsm-8,osmo-bsc-594654bd47-5zskx,1,5
1781602236,gsm-8,osmo-bts-virtual-5f8b9b86fc-tvcxl,11,8
1781602236,gsm-8,osmo-hlr-546bdb8988-vb8bb,1,2
1781602236,gsm-8,osmo-mgw-8c8fc67d6-v9gr9,1,2
1781602236,gsm-8,osmo-mobile-7f88cc47b4-wjcqt,3,31
1781602236,gsm-8,osmo-stp-768687f494-shd7q,1,2
1781602236,gsm-8,ttcn3-tc-34-2-2-1-brhlj,1,6
1781602236,gsm-8,virtphy-86b4bdf559-ks45z,9,4
1781602239,gsm-8,msc-test-stub-5b875d749d-dxqzs,1,16
1781602239,gsm-8,osmo-bsc-594654bd47-5zskx,1,5
1781602239,gsm-8,osmo-bts-virtual-5f8b9b86fc-tvcxl,11,8
1781602239,gsm-8,osmo-hlr-546bdb8988-vb8bb,1,2
1781602239,gsm-8,osmo-mgw-8c8fc67d6-v9gr9,1,2
1781602239,gsm-8,osmo-mobile-7f88cc47b4-wjcqt,3,31
1781602239,gsm-8,osmo-stp-768687f494-shd7q,1,2
1781602239,gsm-8,ttcn3-tc-34-2-2-1-brhlj,1,6
1781602239,gsm-8,virtphy-86b4bdf559-ks45z,9,4
1781602241,gsm-8,msc-test-stub-5b875d749d-dxqzs,1,16
1781602241,gsm-8,osmo-bsc-594654bd47-5zskx,1,5
1781602241,gsm-8,osmo-bts-virtual-5f8b9b86fc-tvcxl,11,8
1781602241,gsm-8,osmo-hlr-546bdb8988-vb8bb,1,2
1781602241,gsm-8,osmo-mgw-8c8fc67d6-v9gr9,1,2
1781602241,gsm-8,osmo-mobile-7f88cc47b4-wjcqt,3,31
1781602241,gsm-8,osmo-stp-768687f494-shd7q,1,2
1781602241,gsm-8,ttcn3-tc-34-2-2-1-brhlj,1,6
1781602241,gsm-8,virtphy-86b4bdf559-ks45z,9,4
1781602244,gsm-8,msc-test-stub-5b875d749d-dxqzs,1,16
1781602244,gsm-8,osmo-bsc-594654bd47-5zskx,1,5
1781602244,gsm-8,osmo-bts-virtual-5f8b9b86fc-tvcxl,10,7
1781602244,gsm-8,osmo-hlr-546bdb8988-vb8bb,1,2
1781602244,gsm-8,osmo-mgw-8c8fc67d6-v9gr9,1,2
1781602244,gsm-8,osmo-mobile-7f88cc47b4-wjcqt,3,31
1781602244,gsm-8,osmo-stp-768687f494-shd7q,1,2
1781602244,gsm-8,ttcn3-tc-34-2-2-1-brhlj,1,6
1781602244,gsm-8,virtphy-86b4bdf559-ks45z,9,5
1781602246,gsm-8,msc-test-stub-5b875d749d-dxqzs,1,16
1781602246,gsm-8,osmo-bsc-594654bd47-5zskx,1,5
1781602246,gsm-8,osmo-bts-virtual-5f8b9b86fc-tvcxl,10,7
1781602246,gsm-8,osmo-hlr-546bdb8988-vb8bb,1,2
1781602246,gsm-8,osmo-mgw-8c8fc67d6-v9gr9,1,2
1781602246,gsm-8,osmo-mobile-7f88cc47b4-wjcqt,3,31
1781602246,gsm-8,osmo-stp-768687f494-shd7q,1,2
1781602246,gsm-8,ttcn3-tc-34-2-2-1-brhlj,1,6
1781602246,gsm-8,virtphy-86b4bdf559-ks45z,9,5
1781602248,gsm-8,msc-test-stub-5b875d749d-dxqzs,1,16
1781602248,gsm-8,osmo-bsc-594654bd47-5zskx,1,5
1781602248,gsm-8,osmo-bts-virtual-5f8b9b86fc-tvcxl,10,7
1781602248,gsm-8,osmo-hlr-546bdb8988-vb8bb,1,2
1781602248,gsm-8,osmo-mgw-8c8fc67d6-v9gr9,1,2
1781602248,gsm-8,osmo-mobile-7f88cc47b4-wjcqt,3,31
1781602248,gsm-8,osmo-stp-768687f494-shd7q,1,2
1781602248,gsm-8,ttcn3-tc-34-2-2-1-brhlj,1,6
1781602248,gsm-8,virtphy-86b4bdf559-ks45z,9,5
1781602251,gsm-8,msc-test-stub-5b875d749d-dxqzs,1,16
1781602251,gsm-8,osmo-bsc-594654bd47-5zskx,1,5
1781602251,gsm-8,osmo-bts-virtual-5f8b9b86fc-tvcxl,10,7
1781602251,gsm-8,osmo-hlr-546bdb8988-vb8bb,1,2
1781602251,gsm-8,osmo-mgw-8c8fc67d6-v9gr9,1,2
1781602251,gsm-8,osmo-mobile-7f88cc47b4-wjcqt,3,31
1781602251,gsm-8,osmo-stp-768687f494-shd7q,1,2
1781602251,gsm-8,ttcn3-tc-34-2-2-1-brhlj,1,6
1781602251,gsm-8,virtphy-86b4bdf559-ks45z,9,5
1781602253,gsm-8,msc-test-stub-5b875d749d-dxqzs,1,16
1781602253,gsm-8,osmo-bsc-594654bd47-5zskx,1,5
1781602253,gsm-8,osmo-bts-virtual-5f8b9b86fc-tvcxl,10,7
1781602253,gsm-8,osmo-hlr-546bdb8988-vb8bb,1,2
1781602253,gsm-8,osmo-mgw-8c8fc67d6-v9gr9,1,2
1781602253,gsm-8,osmo-mobile-7f88cc47b4-wjcqt,3,31
1781602253,gsm-8,osmo-stp-768687f494-shd7q,1,2
1781602253,gsm-8,ttcn3-tc-34-2-2-1-brhlj,1,6
1781602253,gsm-8,virtphy-86b4bdf559-ks45z,9,5
1781602256,gsm-8,msc-test-stub-5b875d749d-dxqzs,1,16
1781602256,gsm-8,osmo-bsc-594654bd47-5zskx,1,5
1781602256,gsm-8,osmo-bts-virtual-5f8b9b86fc-tvcxl,10,7
1781602256,gsm-8,osmo-hlr-546bdb8988-vb8bb,1,2
1781602256,gsm-8,osmo-mgw-8c8fc67d6-v9gr9,1,2
1781602256,gsm-8,osmo-mobile-7f88cc47b4-wjcqt,3,31
1781602256,gsm-8,osmo-stp-768687f494-shd7q,1,2
1781602256,gsm-8,ttcn3-tc-34-2-2-1-brhlj,1,6
1781602256,gsm-8,virtphy-86b4bdf559-ks45z,9,5
1781602258,gsm-8,msc-test-stub-5b875d749d-dxqzs,1,16
1781602258,gsm-8,osmo-bsc-594654bd47-5zskx,1,5
1781602258,gsm-8,osmo-bts-virtual-5f8b9b86fc-tvcxl,11,6
1781602258,gsm-8,osmo-hlr-546bdb8988-vb8bb,1,2
1781602258,gsm-8,osmo-mgw-8c8fc67d6-v9gr9,1,2
1781602258,gsm-8,osmo-mobile-7f88cc47b4-wjcqt,3,31
1781602258,gsm-8,osmo-stp-768687f494-shd7q,1,2
1781602258,gsm-8,ttcn3-tc-34-2-2-1-brhlj,1,6
1781602258,gsm-8,virtphy-86b4bdf559-ks45z,9,1
1781602260,gsm-8,msc-test-stub-5b875d749d-dxqzs,1,16
1781602260,gsm-8,osmo-bsc-594654bd47-5zskx,1,5
1781602260,gsm-8,osmo-bts-virtual-5f8b9b86fc-tvcxl,11,6
1781602260,gsm-8,osmo-hlr-546bdb8988-vb8bb,1,2
1781602260,gsm-8,osmo-mgw-8c8fc67d6-v9gr9,1,2
1781602260,gsm-8,osmo-mobile-7f88cc47b4-wjcqt,3,31
1781602260,gsm-8,osmo-stp-768687f494-shd7q,1,2
1781602260,gsm-8,ttcn3-tc-34-2-2-1-brhlj,1,6
1781602260,gsm-8,virtphy-86b4bdf559-ks45z,9,1
1781602262,gsm-8,msc-test-stub-5b875d749d-dxqzs,1,16
1781602262,gsm-8,osmo-bsc-594654bd47-5zskx,1,5
1781602262,gsm-8,osmo-bts-virtual-5f8b9b86fc-tvcxl,11,6
1781602262,gsm-8,osmo-hlr-546bdb8988-vb8bb,1,2
1781602262,gsm-8,osmo-mgw-8c8fc67d6-v9gr9,1,2
1781602262,gsm-8,osmo-mobile-7f88cc47b4-wjcqt,3,31
1781602262,gsm-8,osmo-stp-768687f494-shd7q,1,2
1781602262,gsm-8,ttcn3-tc-34-2-2-1-brhlj,1,6
1781602262,gsm-8,virtphy-86b4bdf559-ks45z,9,1
1781602264,gsm-8,msc-test-stub-5b875d749d-dxqzs,1,16
1781602264,gsm-8,osmo-bsc-594654bd47-5zskx,1,5
1781602264,gsm-8,osmo-bts-virtual-5f8b9b86fc-tvcxl,11,6
1781602264,gsm-8,osmo-hlr-546bdb8988-vb8bb,1,2
1781602264,gsm-8,osmo-mgw-8c8fc67d6-v9gr9,1,2
1781602264,gsm-8,osmo-mobile-7f88cc47b4-wjcqt,3,31
1781602264,gsm-8,osmo-stp-768687f494-shd7q,1,2
1781602264,gsm-8,ttcn3-tc-34-2-2-1-brhlj,1,6
1781602264,gsm-8,virtphy-86b4bdf559-ks45z,9,1
1781602266,gsm-8,msc-test-stub-5b875d749d-dxqzs,1,16
1781602266,gsm-8,osmo-bsc-594654bd47-5zskx,1,5
1781602266,gsm-8,osmo-bts-virtual-5f8b9b86fc-tvcxl,11,6
1781602266,gsm-8,osmo-hlr-546bdb8988-vb8bb,1,2
1781602266,gsm-8,osmo-mgw-8c8fc67d6-v9gr9,1,2
1781602266,gsm-8,osmo-mobile-7f88cc47b4-wjcqt,3,31
1781602266,gsm-8,osmo-stp-768687f494-shd7q,1,2
1781602266,gsm-8,ttcn3-tc-34-2-2-1-brhlj,1,6
1781602266,gsm-8,virtphy-86b4bdf559-ks45z,9,1
1781602268,gsm-8,msc-test-stub-5b875d749d-dxqzs,1,16
1781602268,gsm-8,osmo-bsc-594654bd47-5zskx,1,5
1781602268,gsm-8,osmo-bts-virtual-5f8b9b86fc-tvcxl,11,6
1781602268,gsm-8,osmo-hlr-546bdb8988-vb8bb,1,2
1781602268,gsm-8,osmo-mgw-8c8fc67d6-v9gr9,1,2
1781602268,gsm-8,osmo-mobile-7f88cc47b4-wjcqt,3,31
1781602268,gsm-8,osmo-stp-768687f494-shd7q,1,2
1781602268,gsm-8,ttcn3-tc-34-2-2-1-brhlj,1,6
1781602268,gsm-8,virtphy-86b4bdf559-ks45z,9,1
1781602271,gsm-8,msc-test-stub-5b875d749d-dxqzs,1,16
1781602271,gsm-8,osmo-bsc-594654bd47-5zskx,1,5
1781602271,gsm-8,osmo-bts-virtual-5f8b9b86fc-tvcxl,11,6
1781602271,gsm-8,osmo-hlr-546bdb8988-vb8bb,1,2
1781602271,gsm-8,osmo-mgw-8c8fc67d6-v9gr9,1,2
1781602271,gsm-8,osmo-mobile-7f88cc47b4-wjcqt,3,31
1781602271,gsm-8,osmo-stp-768687f494-shd7q,1,2
1781602271,gsm-8,ttcn3-tc-34-2-2-1-brhlj,1,6
1781602271,gsm-8,virtphy-86b4bdf559-ks45z,9,1
1781602273,gsm-8,msc-test-stub-5b875d749d-dxqzs,1,16
1781602273,gsm-8,osmo-bsc-594654bd47-5zskx,1,5
1781602273,gsm-8,osmo-bts-virtual-5f8b9b86fc-tvcxl,10,6
1781602273,gsm-8,osmo-hlr-546bdb8988-vb8bb,1,2
1781602273,gsm-8,osmo-mgw-8c8fc67d6-v9gr9,1,2
1781602273,gsm-8,osmo-mobile-7f88cc47b4-wjcqt,3,31
1781602273,gsm-8,osmo-stp-768687f494-shd7q,1,2
1781602273,gsm-8,ttcn3-tc-34-2-2-1-brhlj,1,6
1781602273,gsm-8,virtphy-86b4bdf559-ks45z,9,2
1781602275,gsm-8,msc-test-stub-5b875d749d-dxqzs,1,16
1781602275,gsm-8,osmo-bsc-594654bd47-5zskx,1,5
1781602275,gsm-8,osmo-bts-virtual-5f8b9b86fc-tvcxl,10,6
1781602275,gsm-8,osmo-hlr-546bdb8988-vb8bb,1,2
1781602275,gsm-8,osmo-mgw-8c8fc67d6-v9gr9,1,2
1781602275,gsm-8,osmo-mobile-7f88cc47b4-wjcqt,3,31
1781602275,gsm-8,osmo-stp-768687f494-shd7q,1,2
1781602275,gsm-8,ttcn3-tc-34-2-2-1-brhlj,1,6
1781602275,gsm-8,virtphy-86b4bdf559-ks45z,9,2
1781602277,gsm-8,msc-test-stub-5b875d749d-dxqzs,1,16
1781602277,gsm-8,osmo-bsc-594654bd47-5zskx,1,5
1781602277,gsm-8,osmo-bts-virtual-5f8b9b86fc-tvcxl,10,6
1781602277,gsm-8,osmo-hlr-546bdb8988-vb8bb,1,2
1781602277,gsm-8,osmo-mgw-8c8fc67d6-v9gr9,1,2
1781602277,gsm-8,osmo-mobile-7f88cc47b4-wjcqt,3,31
1781602277,gsm-8,osmo-stp-768687f494-shd7q,1,2
1781602277,gsm-8,ttcn3-tc-34-2-2-1-brhlj,1,6
1781602277,gsm-8,virtphy-86b4bdf559-ks45z,9,2
1781602280,gsm-8,msc-test-stub-5b875d749d-dxqzs,1,16
1781602280,gsm-8,osmo-bsc-594654bd47-5zskx,1,5
1781602280,gsm-8,osmo-bts-virtual-5f8b9b86fc-tvcxl,10,6
1781602280,gsm-8,osmo-hlr-546bdb8988-vb8bb,1,2
1781602280,gsm-8,osmo-mgw-8c8fc67d6-v9gr9,1,2
1781602280,gsm-8,osmo-mobile-7f88cc47b4-wjcqt,3,31
1781602280,gsm-8,osmo-stp-768687f494-shd7q,1,2
1781602280,gsm-8,ttcn3-tc-34-2-2-1-brhlj,1,6
1781602280,gsm-8,virtphy-86b4bdf559-ks45z,9,2
1781602282,gsm-8,msc-test-stub-5b875d749d-dxqzs,1,16
1781602282,gsm-8,osmo-bsc-594654bd47-5zskx,1,5
1781602282,gsm-8,osmo-bts-virtual-5f8b9b86fc-tvcxl,10,6
1781602282,gsm-8,osmo-hlr-546bdb8988-vb8bb,1,2
1781602282,gsm-8,osmo-mgw-8c8fc67d6-v9gr9,1,2
1781602282,gsm-8,osmo-mobile-7f88cc47b4-wjcqt,3,31
1781602282,gsm-8,osmo-stp-768687f494-shd7q,1,2
1781602282,gsm-8,ttcn3-tc-34-2-2-1-brhlj,1,6
1781602282,gsm-8,virtphy-86b4bdf559-ks45z,9,2
1781602284,gsm-8,msc-test-stub-5b875d749d-dxqzs,1,16
1781602284,gsm-8,osmo-bsc-594654bd47-5zskx,1,5
1781602284,gsm-8,osmo-bts-virtual-5f8b9b86fc-tvcxl,10,6
1781602284,gsm-8,osmo-hlr-546bdb8988-vb8bb,1,2
1781602284,gsm-8,osmo-mgw-8c8fc67d6-v9gr9,1,2
1781602284,gsm-8,osmo-mobile-7f88cc47b4-wjcqt,3,31
1781602284,gsm-8,osmo-stp-768687f494-shd7q,1,2
1781602284,gsm-8,ttcn3-tc-34-2-2-1-brhlj,1,6
1781602284,gsm-8,virtphy-86b4bdf559-ks45z,9,2
1781602286,gsm-8,msc-test-stub-5b875d749d-dxqzs,1,16
1781602286,gsm-8,osmo-bsc-594654bd47-5zskx,1,5
1781602286,gsm-8,osmo-bts-virtual-5f8b9b86fc-tvcxl,10,6
1781602286,gsm-8,osmo-hlr-546bdb8988-vb8bb,1,2
1781602286,gsm-8,osmo-mgw-8c8fc67d6-v9gr9,1,2
1781602286,gsm-8,osmo-mobile-7f88cc47b4-wjcqt,3,31
1781602286,gsm-8,osmo-stp-768687f494-shd7q,1,2
1781602286,gsm-8,ttcn3-tc-34-2-2-1-brhlj,1,6
1781602286,gsm-8,virtphy-86b4bdf559-ks45z,9,2
1781602288,gsm-8,msc-test-stub-5b875d749d-dxqzs,1,16
1781602288,gsm-8,osmo-bsc-594654bd47-5zskx,1,5
1781602288,gsm-8,osmo-bts-virtual-5f8b9b86fc-tvcxl,11,7
1781602288,gsm-8,osmo-hlr-546bdb8988-vb8bb,1,2
1781602288,gsm-8,osmo-mgw-8c8fc67d6-v9gr9,1,2
1781602288,gsm-8,osmo-mobile-7f88cc47b4-wjcqt,3,31
1781602288,gsm-8,osmo-stp-768687f494-shd7q,1,2
1781602288,gsm-8,ttcn3-tc-34-2-2-1-brhlj,1,6
1781602288,gsm-8,virtphy-86b4bdf559-ks45z,9,2
1781602290,gsm-8,msc-test-stub-5b875d749d-dxqzs,1,16
1781602290,gsm-8,osmo-bsc-594654bd47-5zskx,1,5
1781602290,gsm-8,osmo-bts-virtual-5f8b9b86fc-tvcxl,11,7
1781602290,gsm-8,osmo-hlr-546bdb8988-vb8bb,1,2
1781602290,gsm-8,osmo-mgw-8c8fc67d6-v9gr9,1,2
1781602290,gsm-8,osmo-mobile-7f88cc47b4-wjcqt,3,31
1781602290,gsm-8,osmo-stp-768687f494-shd7q,1,2
1781602290,gsm-8,ttcn3-tc-34-2-2-1-brhlj,1,6
1781602290,gsm-8,virtphy-86b4bdf559-ks45z,9,2
1781602292,gsm-8,msc-test-stub-5b875d749d-dxqzs,1,16
1781602292,gsm-8,osmo-bsc-594654bd47-5zskx,1,5
1781602292,gsm-8,osmo-bts-virtual-5f8b9b86fc-tvcxl,11,7
1781602292,gsm-8,osmo-hlr-546bdb8988-vb8bb,1,2
1781602292,gsm-8,osmo-mgw-8c8fc67d6-v9gr9,1,2
1781602292,gsm-8,osmo-mobile-7f88cc47b4-wjcqt,3,31
1781602292,gsm-8,osmo-stp-768687f494-shd7q,1,2
1781602292,gsm-8,ttcn3-tc-34-2-2-1-brhlj,1,6
1781602292,gsm-8,virtphy-86b4bdf559-ks45z,9,2
1781602294,gsm-8,msc-test-stub-5b875d749d-dxqzs,1,16
1781602294,gsm-8,osmo-bsc-594654bd47-5zskx,1,5
1781602294,gsm-8,osmo-bts-virtual-5f8b9b86fc-tvcxl,11,7
1781602294,gsm-8,osmo-hlr-546bdb8988-vb8bb,1,2
1781602294,gsm-8,osmo-mgw-8c8fc67d6-v9gr9,1,2
1781602294,gsm-8,osmo-mobile-7f88cc47b4-wjcqt,3,31
1781602294,gsm-8,osmo-stp-768687f494-shd7q,1,2
1781602294,gsm-8,ttcn3-tc-34-2-2-1-brhlj,1,6
1781602294,gsm-8,virtphy-86b4bdf559-ks45z,9,2
1781602296,gsm-8,msc-test-stub-5b875d749d-dxqzs,1,16
1781602296,gsm-8,osmo-bsc-594654bd47-5zskx,1,5
1781602296,gsm-8,osmo-bts-virtual-5f8b9b86fc-tvcxl,11,7
1781602296,gsm-8,osmo-hlr-546bdb8988-vb8bb,1,2
1781602296,gsm-8,osmo-mgw-8c8fc67d6-v9gr9,1,2
1781602296,gsm-8,osmo-mobile-7f88cc47b4-wjcqt,3,31
1781602296,gsm-8,osmo-stp-768687f494-shd7q,1,2
1781602296,gsm-8,ttcn3-tc-34-2-2-1-brhlj,1,6
1781602296,gsm-8,virtphy-86b4bdf559-ks45z,9,2
1781602298,gsm-8,msc-test-stub-5b875d749d-dxqzs,1,16
1781602298,gsm-8,osmo-bsc-594654bd47-5zskx,1,5
1781602298,gsm-8,osmo-bts-virtual-5f8b9b86fc-tvcxl,11,7
1781602298,gsm-8,osmo-hlr-546bdb8988-vb8bb,1,2
1781602298,gsm-8,osmo-mgw-8c8fc67d6-v9gr9,1,2
1781602298,gsm-8,osmo-mobile-7f88cc47b4-wjcqt,3,31
1781602298,gsm-8,osmo-stp-768687f494-shd7q,1,2
1781602298,gsm-8,ttcn3-tc-34-2-2-1-brhlj,1,6
1781602298,gsm-8,virtphy-86b4bdf559-ks45z,9,2
1781602300,gsm-8,msc-test-stub-5b875d749d-dxqzs,1,16
1781602300,gsm-8,osmo-bsc-594654bd47-5zskx,1,5
1781602300,gsm-8,osmo-bts-virtual-5f8b9b86fc-tvcxl,11,7
1781602300,gsm-8,osmo-hlr-546bdb8988-vb8bb,1,2
1781602300,gsm-8,osmo-mgw-8c8fc67d6-v9gr9,1,2
1781602300,gsm-8,osmo-mobile-7f88cc47b4-wjcqt,3,31
1781602300,gsm-8,osmo-stp-768687f494-shd7q,1,2
1781602300,gsm-8,ttcn3-tc-34-2-2-1-brhlj,1,6
1781602300,gsm-8,virtphy-86b4bdf559-ks45z,9,2
1781602302,gsm-8,msc-test-stub-5b875d749d-dxqzs,1,16
1781602302,gsm-8,osmo-bsc-594654bd47-5zskx,1,5
1781602302,gsm-8,osmo-bts-virtual-5f8b9b86fc-tvcxl,11,7
1781602302,gsm-8,osmo-hlr-546bdb8988-vb8bb,1,2
1781602302,gsm-8,osmo-mgw-8c8fc67d6-v9gr9,1,2
1781602302,gsm-8,osmo-mobile-7f88cc47b4-wjcqt,3,31
1781602302,gsm-8,osmo-stp-768687f494-shd7q,1,2
1781602302,gsm-8,ttcn3-tc-34-2-2-1-brhlj,1,6
1781602302,gsm-8,virtphy-86b4bdf559-ks45z,9,2
1781602304,gsm-8,msc-test-stub-5b875d749d-dxqzs,1,16
1781602304,gsm-8,osmo-bsc-594654bd47-5zskx,1,5
1781602304,gsm-8,osmo-bts-virtual-5f8b9b86fc-tvcxl,11,7
1781602304,gsm-8,osmo-hlr-546bdb8988-vb8bb,1,2
1781602304,gsm-8,osmo-mgw-8c8fc67d6-v9gr9,1,2
1781602304,gsm-8,osmo-mobile-7f88cc47b4-wjcqt,3,31
1781602304,gsm-8,osmo-stp-768687f494-shd7q,1,2
1781602304,gsm-8,ttcn3-tc-34-2-2-1-brhlj,1,6
1781602304,gsm-8,virtphy-86b4bdf559-ks45z,9,5
1781602306,gsm-8,msc-test-stub-5b875d749d-dxqzs,1,16
1781602306,gsm-8,osmo-bsc-594654bd47-5zskx,1,5
1781602306,gsm-8,osmo-bts-virtual-5f8b9b86fc-tvcxl,11,7
1781602306,gsm-8,osmo-hlr-546bdb8988-vb8bb,1,2
1781602306,gsm-8,osmo-mgw-8c8fc67d6-v9gr9,1,2
1781602306,gsm-8,osmo-mobile-7f88cc47b4-wjcqt,3,31
1781602306,gsm-8,osmo-stp-768687f494-shd7q,1,2
1781602306,gsm-8,ttcn3-tc-34-2-2-1-brhlj,1,6
1781602306,gsm-8,virtphy-86b4bdf559-ks45z,9,5
1781602308,gsm-8,msc-test-stub-5b875d749d-dxqzs,1,16
1781602308,gsm-8,osmo-bsc-594654bd47-5zskx,1,5
1781602308,gsm-8,osmo-bts-virtual-5f8b9b86fc-tvcxl,11,7
1781602308,gsm-8,osmo-hlr-546bdb8988-vb8bb,1,2
1781602308,gsm-8,osmo-mgw-8c8fc67d6-v9gr9,1,2
1781602308,gsm-8,osmo-mobile-7f88cc47b4-wjcqt,3,31
1781602308,gsm-8,osmo-stp-768687f494-shd7q,1,2
1781602308,gsm-8,ttcn3-tc-34-2-2-1-brhlj,1,6
1781602308,gsm-8,virtphy-86b4bdf559-ks45z,9,5
1781602310,gsm-8,msc-test-stub-5b875d749d-dxqzs,1,16
1781602310,gsm-8,osmo-bsc-594654bd47-5zskx,1,5
1781602310,gsm-8,osmo-bts-virtual-5f8b9b86fc-tvcxl,11,7
1781602310,gsm-8,osmo-hlr-546bdb8988-vb8bb,1,2
1781602310,gsm-8,osmo-mgw-8c8fc67d6-v9gr9,1,2
1781602310,gsm-8,osmo-mobile-7f88cc47b4-wjcqt,3,31
1781602310,gsm-8,osmo-stp-768687f494-shd7q,1,2
1781602310,gsm-8,ttcn3-tc-34-2-2-1-brhlj,1,6
1781602310,gsm-8,virtphy-86b4bdf559-ks45z,9,5
1781602312,gsm-8,msc-test-stub-5b875d749d-dxqzs,1,16
1781602312,gsm-8,osmo-bsc-594654bd47-5zskx,1,5
1781602312,gsm-8,osmo-bts-virtual-5f8b9b86fc-tvcxl,11,7
1781602312,gsm-8,osmo-hlr-546bdb8988-vb8bb,1,2
1781602312,gsm-8,osmo-mgw-8c8fc67d6-v9gr9,1,2
1781602312,gsm-8,osmo-mobile-7f88cc47b4-wjcqt,3,31
1781602312,gsm-8,osmo-stp-768687f494-shd7q,1,2
1781602312,gsm-8,ttcn3-tc-34-2-2-1-brhlj,1,6
1781602312,gsm-8,virtphy-86b4bdf559-ks45z,9,5
1781602314,gsm-8,msc-test-stub-5b875d749d-dxqzs,1,16
1781602314,gsm-8,osmo-bsc-594654bd47-5zskx,1,5
1781602314,gsm-8,osmo-bts-virtual-5f8b9b86fc-tvcxl,11,7
1781602314,gsm-8,osmo-hlr-546bdb8988-vb8bb,1,2
1781602314,gsm-8,osmo-mgw-8c8fc67d6-v9gr9,1,2
1781602314,gsm-8,osmo-mobile-7f88cc47b4-wjcqt,3,31
1781602314,gsm-8,osmo-stp-768687f494-shd7q,1,2
1781602314,gsm-8,ttcn3-tc-34-2-2-1-brhlj,1,6
1781602314,gsm-8,virtphy-86b4bdf559-ks45z,9,5
1781602316,gsm-8,msc-test-stub-5b875d749d-dxqzs,1,16
1781602316,gsm-8,osmo-bsc-594654bd47-5zskx,1,5
1781602316,gsm-8,osmo-bts-virtual-5f8b9b86fc-tvcxl,11,7
1781602316,gsm-8,osmo-hlr-546bdb8988-vb8bb,1,2
1781602316,gsm-8,osmo-mgw-8c8fc67d6-v9gr9,1,2
1781602316,gsm-8,osmo-mobile-7f88cc47b4-wjcqt,3,31
1781602316,gsm-8,osmo-stp-768687f494-shd7q,1,2
1781602316,gsm-8,ttcn3-tc-34-2-2-1-brhlj,1,6
1781602316,gsm-8,virtphy-86b4bdf559-ks45z,9,5
1781602318,gsm-8,msc-test-stub-5b875d749d-dxqzs,1,16
1781602318,gsm-8,osmo-bsc-594654bd47-5zskx,1,5
1781602318,gsm-8,osmo-bts-virtual-5f8b9b86fc-tvcxl,10,9
1781602318,gsm-8,osmo-hlr-546bdb8988-vb8bb,1,2
1781602318,gsm-8,osmo-mgw-8c8fc67d6-v9gr9,1,2
1781602318,gsm-8,osmo-mobile-7f88cc47b4-wjcqt,3,31
1781602318,gsm-8,osmo-stp-768687f494-shd7q,1,2
1781602318,gsm-8,ttcn3-tc-34-2-2-1-brhlj,1,6
1781602318,gsm-8,virtphy-86b4bdf559-ks45z,8,1
1781602321,gsm-8,msc-test-stub-5b875d749d-dxqzs,1,16
1781602321,gsm-8,osmo-bsc-594654bd47-5zskx,1,5
1781602321,gsm-8,osmo-bts-virtual-5f8b9b86fc-tvcxl,10,9
1781602321,gsm-8,osmo-hlr-546bdb8988-vb8bb,1,2
1781602321,gsm-8,osmo-mgw-8c8fc67d6-v9gr9,1,2
1781602321,gsm-8,osmo-mobile-7f88cc47b4-wjcqt,3,31
1781602321,gsm-8,osmo-stp-768687f494-shd7q,1,2
1781602321,gsm-8,ttcn3-tc-34-2-2-1-brhlj,1,6
1781602321,gsm-8,virtphy-86b4bdf559-ks45z,8,1
1781602323,gsm-8,msc-test-stub-5b875d749d-dxqzs,1,16
1781602323,gsm-8,osmo-bsc-594654bd47-5zskx,1,5
1781602323,gsm-8,osmo-bts-virtual-5f8b9b86fc-tvcxl,10,9
1781602323,gsm-8,osmo-hlr-546bdb8988-vb8bb,1,2
1781602323,gsm-8,osmo-mgw-8c8fc67d6-v9gr9,1,2
1781602323,gsm-8,osmo-mobile-7f88cc47b4-wjcqt,3,31
1781602323,gsm-8,osmo-stp-768687f494-shd7q,1,2
1781602323,gsm-8,ttcn3-tc-34-2-2-1-brhlj,1,6
1781602323,gsm-8,virtphy-86b4bdf559-ks45z,8,1
1781602325,gsm-8,msc-test-stub-5b875d749d-dxqzs,1,16
1781602325,gsm-8,osmo-bsc-594654bd47-5zskx,1,5
1781602325,gsm-8,osmo-bts-virtual-5f8b9b86fc-tvcxl,10,9
1781602325,gsm-8,osmo-hlr-546bdb8988-vb8bb,1,2
1781602325,gsm-8,osmo-mgw-8c8fc67d6-v9gr9,1,2
1781602325,gsm-8,osmo-mobile-7f88cc47b4-wjcqt,3,31
1781602325,gsm-8,osmo-stp-768687f494-shd7q,1,2
1781602325,gsm-8,ttcn3-tc-34-2-2-1-brhlj,1,6
1781602325,gsm-8,virtphy-86b4bdf559-ks45z,8,1
1781602327,gsm-8,msc-test-stub-5b875d749d-dxqzs,1,16
1781602327,gsm-8,osmo-bsc-594654bd47-5zskx,1,5
1781602327,gsm-8,osmo-bts-virtual-5f8b9b86fc-tvcxl,10,9
1781602327,gsm-8,osmo-hlr-546bdb8988-vb8bb,1,2
1781602327,gsm-8,osmo-mgw-8c8fc67d6-v9gr9,1,2
1781602327,gsm-8,osmo-mobile-7f88cc47b4-wjcqt,3,31
1781602327,gsm-8,osmo-stp-768687f494-shd7q,1,2
1781602327,gsm-8,ttcn3-tc-34-2-2-1-brhlj,1,6
1781602327,gsm-8,virtphy-86b4bdf559-ks45z,8,1
1781602330,gsm-8,msc-test-stub-5b875d749d-dxqzs,1,16
1781602330,gsm-8,osmo-bsc-594654bd47-5zskx,1,5
1781602330,gsm-8,osmo-bts-virtual-5f8b9b86fc-tvcxl,10,9
1781602330,gsm-8,osmo-hlr-546bdb8988-vb8bb,1,2
1781602330,gsm-8,osmo-mgw-8c8fc67d6-v9gr9,1,2
1781602330,gsm-8,osmo-mobile-7f88cc47b4-wjcqt,3,31
1781602330,gsm-8,osmo-stp-768687f494-shd7q,1,2
1781602330,gsm-8,ttcn3-tc-34-2-2-1-brhlj,1,6
1781602330,gsm-8,virtphy-86b4bdf559-ks45z,8,1
1781602332,gsm-8,msc-test-stub-5b875d749d-dxqzs,1,16
1781602332,gsm-8,osmo-bsc-594654bd47-5zskx,1,5
1781602332,gsm-8,osmo-bts-virtual-5f8b9b86fc-tvcxl,10,9
1781602332,gsm-8,osmo-hlr-546bdb8988-vb8bb,1,2
1781602332,gsm-8,osmo-mgw-8c8fc67d6-v9gr9,1,2
1781602332,gsm-8,osmo-mobile-7f88cc47b4-wjcqt,3,31
1781602332,gsm-8,osmo-stp-768687f494-shd7q,1,2
1781602332,gsm-8,ttcn3-tc-34-2-2-1-brhlj,1,6
1781602332,gsm-8,virtphy-86b4bdf559-ks45z,8,1
1781602334,gsm-8,msc-test-stub-5b875d749d-dxqzs,1,16
1781602334,gsm-8,osmo-bsc-594654bd47-5zskx,1,5
1781602334,gsm-8,osmo-bts-virtual-5f8b9b86fc-tvcxl,10,9
1781602334,gsm-8,osmo-hlr-546bdb8988-vb8bb,1,2
1781602334,gsm-8,osmo-mgw-8c8fc67d6-v9gr9,1,2
1781602334,gsm-8,osmo-mobile-7f88cc47b4-wjcqt,3,31
1781602334,gsm-8,osmo-stp-768687f494-shd7q,1,2
1781602334,gsm-8,ttcn3-tc-34-2-2-1-brhlj,1,6
1781602334,gsm-8,virtphy-86b4bdf559-ks45z,9,4
1781602336,gsm-8,msc-test-stub-5b875d749d-dxqzs,1,16
1781602336,gsm-8,osmo-bsc-594654bd47-5zskx,1,5
1781602336,gsm-8,osmo-bts-virtual-5f8b9b86fc-tvcxl,10,9
1781602336,gsm-8,osmo-hlr-546bdb8988-vb8bb,1,2
1781602336,gsm-8,osmo-mgw-8c8fc67d6-v9gr9,1,2
1781602336,gsm-8,osmo-mobile-7f88cc47b4-wjcqt,3,31
1781602336,gsm-8,osmo-stp-768687f494-shd7q,1,2
1781602336,gsm-8,ttcn3-tc-34-2-2-1-brhlj,1,6
1781602336,gsm-8,virtphy-86b4bdf559-ks45z,9,4
1781602338,gsm-8,msc-test-stub-5b875d749d-dxqzs,1,16
1781602338,gsm-8,osmo-bsc-594654bd47-5zskx,1,5
1781602338,gsm-8,osmo-bts-virtual-5f8b9b86fc-tvcxl,10,9
1781602338,gsm-8,osmo-hlr-546bdb8988-vb8bb,1,2
1781602338,gsm-8,osmo-mgw-8c8fc67d6-v9gr9,1,2
1781602338,gsm-8,osmo-mobile-7f88cc47b4-wjcqt,3,31
1781602338,gsm-8,osmo-stp-768687f494-shd7q,1,2
1781602338,gsm-8,ttcn3-tc-34-2-2-1-brhlj,1,6
1781602338,gsm-8,virtphy-86b4bdf559-ks45z,9,4
1781602340,gsm-8,msc-test-stub-5b875d749d-dxqzs,1,16
1781602340,gsm-8,osmo-bsc-594654bd47-5zskx,1,5
1781602340,gsm-8,osmo-bts-virtual-5f8b9b86fc-tvcxl,10,9
1781602340,gsm-8,osmo-hlr-546bdb8988-vb8bb,1,2
1781602340,gsm-8,osmo-mgw-8c8fc67d6-v9gr9,1,2
1781602340,gsm-8,osmo-mobile-7f88cc47b4-wjcqt,3,31
1781602340,gsm-8,osmo-stp-768687f494-shd7q,1,2
1781602340,gsm-8,ttcn3-tc-34-2-2-1-brhlj,1,6
1781602340,gsm-8,virtphy-86b4bdf559-ks45z,9,4
1781602342,gsm-8,msc-test-stub-5b875d749d-dxqzs,1,16
1781602342,gsm-8,osmo-bsc-594654bd47-5zskx,1,5
1781602342,gsm-8,osmo-bts-virtual-5f8b9b86fc-tvcxl,10,9
1781602342,gsm-8,osmo-hlr-546bdb8988-vb8bb,1,2
1781602342,gsm-8,osmo-mgw-8c8fc67d6-v9gr9,1,2
1781602342,gsm-8,osmo-mobile-7f88cc47b4-wjcqt,3,31
1781602342,gsm-8,osmo-stp-768687f494-shd7q,1,2
1781602342,gsm-8,ttcn3-tc-34-2-2-1-brhlj,1,6
1781602342,gsm-8,virtphy-86b4bdf559-ks45z,9,4
1781602344,gsm-8,msc-test-stub-5b875d749d-dxqzs,1,16
1781602344,gsm-8,osmo-bsc-594654bd47-5zskx,1,5
1781602344,gsm-8,osmo-bts-virtual-5f8b9b86fc-tvcxl,10,9
1781602344,gsm-8,osmo-hlr-546bdb8988-vb8bb,1,2
1781602344,gsm-8,osmo-mgw-8c8fc67d6-v9gr9,1,2
1781602344,gsm-8,osmo-mobile-7f88cc47b4-wjcqt,3,31
1781602344,gsm-8,osmo-stp-768687f494-shd7q,1,2
1781602344,gsm-8,ttcn3-tc-34-2-2-1-brhlj,1,6
1781602344,gsm-8,virtphy-86b4bdf559-ks45z,9,4
1781602346,gsm-8,msc-test-stub-5b875d749d-dxqzs,1,16
1781602346,gsm-8,osmo-bsc-594654bd47-5zskx,1,5
1781602346,gsm-8,osmo-bts-virtual-5f8b9b86fc-tvcxl,10,9
1781602346,gsm-8,osmo-hlr-546bdb8988-vb8bb,1,2
1781602346,gsm-8,osmo-mgw-8c8fc67d6-v9gr9,1,2
1781602346,gsm-8,osmo-mobile-7f88cc47b4-wjcqt,3,31
1781602346,gsm-8,osmo-stp-768687f494-shd7q,1,2
1781602346,gsm-8,ttcn3-tc-34-2-2-1-brhlj,1,6
1781602346,gsm-8,virtphy-86b4bdf559-ks45z,9,4
1781602348,gsm-8,msc-test-stub-5b875d749d-dxqzs,1,16
1781602348,gsm-8,osmo-bsc-594654bd47-5zskx,1,5
1781602348,gsm-8,osmo-bts-virtual-5f8b9b86fc-tvcxl,10,6
1781602348,gsm-8,osmo-hlr-546bdb8988-vb8bb,1,2
1781602348,gsm-8,osmo-mgw-8c8fc67d6-v9gr9,1,2
1781602348,gsm-8,osmo-mobile-7f88cc47b4-wjcqt,3,32
1781602348,gsm-8,osmo-stp-768687f494-shd7q,1,2
1781602348,gsm-8,ttcn3-tc-34-2-2-1-brhlj,1,6
1781602348,gsm-8,virtphy-86b4bdf559-ks45z,9,3
1781602351,gsm-8,msc-test-stub-5b875d749d-dxqzs,1,16
1781602351,gsm-8,osmo-bsc-594654bd47-5zskx,1,5
1781602351,gsm-8,osmo-bts-virtual-5f8b9b86fc-tvcxl,10,6
1781602351,gsm-8,osmo-hlr-546bdb8988-vb8bb,1,2
1781602351,gsm-8,osmo-mgw-8c8fc67d6-v9gr9,1,2
1781602351,gsm-8,osmo-mobile-7f88cc47b4-wjcqt,3,32
1781602351,gsm-8,osmo-stp-768687f494-shd7q,1,2
1781602351,gsm-8,ttcn3-tc-34-2-2-1-brhlj,1,6
1781602351,gsm-8,virtphy-86b4bdf559-ks45z,9,3
1781602353,gsm-8,msc-test-stub-5b875d749d-dxqzs,1,16
1781602353,gsm-8,osmo-bsc-594654bd47-5zskx,1,5
1781602353,gsm-8,osmo-bts-virtual-5f8b9b86fc-tvcxl,10,6
1781602353,gsm-8,osmo-hlr-546bdb8988-vb8bb,1,2
1781602353,gsm-8,osmo-mgw-8c8fc67d6-v9gr9,1,2
1781602353,gsm-8,osmo-mobile-7f88cc47b4-wjcqt,3,32
1781602353,gsm-8,osmo-stp-768687f494-shd7q,1,2
1781602353,gsm-8,ttcn3-tc-34-2-2-1-brhlj,1,6
1781602353,gsm-8,virtphy-86b4bdf559-ks45z,9,3
1781602355,gsm-8,msc-test-stub-5b875d749d-dxqzs,1,16
1781602355,gsm-8,osmo-bsc-594654bd47-5zskx,1,5
1781602355,gsm-8,osmo-bts-virtual-5f8b9b86fc-tvcxl,10,6
1781602355,gsm-8,osmo-hlr-546bdb8988-vb8bb,1,2
1781602355,gsm-8,osmo-mgw-8c8fc67d6-v9gr9,1,2
1781602355,gsm-8,osmo-mobile-7f88cc47b4-wjcqt,3,32
1781602355,gsm-8,osmo-stp-768687f494-shd7q,1,2
1781602355,gsm-8,ttcn3-tc-34-2-2-1-brhlj,1,6
1781602355,gsm-8,virtphy-86b4bdf559-ks45z,9,3
1781602357,gsm-8,msc-test-stub-5b875d749d-dxqzs,1,16
1781602357,gsm-8,osmo-bsc-594654bd47-5zskx,1,5
1781602357,gsm-8,osmo-bts-virtual-5f8b9b86fc-tvcxl,10,6
1781602357,gsm-8,osmo-hlr-546bdb8988-vb8bb,1,2
1781602357,gsm-8,osmo-mgw-8c8fc67d6-v9gr9,1,2
1781602357,gsm-8,osmo-mobile-7f88cc47b4-wjcqt,3,32
1781602357,gsm-8,osmo-stp-768687f494-shd7q,1,2
1781602357,gsm-8,ttcn3-tc-34-2-2-1-brhlj,1,6
1781602357,gsm-8,virtphy-86b4bdf559-ks45z,9,3
1781602359,gsm-8,msc-test-stub-5b875d749d-dxqzs,1,16
1781602359,gsm-8,osmo-bsc-594654bd47-5zskx,1,5
1781602359,gsm-8,osmo-bts-virtual-5f8b9b86fc-tvcxl,10,6
1781602359,gsm-8,osmo-hlr-546bdb8988-vb8bb,1,2
1781602359,gsm-8,osmo-mgw-8c8fc67d6-v9gr9,1,2
1781602359,gsm-8,osmo-mobile-7f88cc47b4-wjcqt,3,32
1781602359,gsm-8,osmo-stp-768687f494-shd7q,1,2
1781602359,gsm-8,virtphy-86b4bdf559-ks45z,9,3
