unix_ts,namespace,pod,cpu_m,mem_mib
1782112766,kube-system,coredns-c4dbffb5f-p9rsr,4,29
1782112766,kube-system,local-path-provisioner-5c4dc5d66d-nfqxz,1,15
1782112766,kube-system,metrics-server-786d997795-hcp2m,9,47
1782112766,kube-system,svclb-traefik-1100f998-kpm9h,0,0
1782112766,kube-system,traefik-9bcdbbd9-qtpjt,1,37
1782112769,kube-system,coredns-c4dbffb5f-p9rsr,4,29
1782112769,kube-system,local-path-provisioner-5c4dc5d66d-nfqxz,1,15
1782112769,kube-system,metrics-server-786d997795-hcp2m,9,47
1782112769,kube-system,svclb-traefik-1100f998-kpm9h,0,0
1782112769,kube-system,traefik-9bcdbbd9-qtpjt,1,37
1782112771,kube-system,coredns-c4dbffb5f-p9rsr,4,29
1782112771,kube-system,local-path-provisioner-5c4dc5d66d-nfqxz,1,15
1782112771,kube-system,metrics-server-786d997795-hcp2m,9,47
1782112771,kube-system,svclb-traefik-1100f998-kpm9h,0,0
1782112771,kube-system,traefik-9bcdbbd9-qtpjt,1,37
1782112774,kube-system,coredns-c4dbffb5f-p9rsr,3,29
1782112774,kube-system,local-path-provisioner-5c4dc5d66d-nfqxz,1,15
1782112774,kube-system,metrics-server-786d997795-hcp2m,7,47
1782112774,kube-system,svclb-traefik-1100f998-kpm9h,0,0
1782112774,kube-system,traefik-9bcdbbd9-qtpjt,1,37
1782112776,kube-system,coredns-c4dbffb5f-p9rsr,3,29
1782112776,kube-system,local-path-provisioner-5c4dc5d66d-nfqxz,1,15
1782112776,kube-system,metrics-server-786d997795-hcp2m,7,47
1782112776,kube-system,svclb-traefik-1100f998-kpm9h,0,0
1782112776,kube-system,traefik-9bcdbbd9-qtpjt,1,37
1782112778,kube-system,coredns-c4dbffb5f-p9rsr,3,29
1782112778,kube-system,local-path-provisioner-5c4dc5d66d-nfqxz,1,15
1782112778,kube-system,metrics-server-786d997795-hcp2m,7,47
1782112778,kube-system,svclb-traefik-1100f998-kpm9h,0,0
1782112778,kube-system,traefik-9bcdbbd9-qtpjt,1,37
1782112781,kube-system,coredns-c4dbffb5f-p9rsr,3,29
1782112781,kube-system,local-path-provisioner-5c4dc5d66d-nfqxz,1,15
1782112781,kube-system,metrics-server-786d997795-hcp2m,7,47
1782112781,kube-system,svclb-traefik-1100f998-kpm9h,0,0
1782112781,kube-system,traefik-9bcdbbd9-qtpjt,1,37
1782112783,gsm-1,osmo-bsc-594654bd47-9f8qf,8,5
1782112783,gsm-1,osmo-bts-virtual-5f8b9b86fc-t6w8k,7,3
1782112783,gsm-1,osmo-hlr-546bdb8988-hrdk9,5,2
1782112783,gsm-1,osmo-mgw-8c8fc67d6-s9g6z,5,2
1782112783,gsm-1,osmo-mobile-947867b85-7nh6c,22,24
1782112783,gsm-1,osmo-stp-768687f494-x4cm4,4,2
1782112783,kube-system,coredns-c4dbffb5f-p9rsr,4,30
1782112783,kube-system,local-path-provisioner-5c4dc5d66d-nfqxz,1,15
1782112783,kube-system,metrics-server-786d997795-hcp2m,7,47
1782112783,kube-system,svclb-traefik-1100f998-kpm9h,0,0
1782112783,kube-system,traefik-9bcdbbd9-qtpjt,4,37
1782112785,gsm-1,osmo-bsc-594654bd47-9f8qf,8,5
1782112785,gsm-1,osmo-bts-virtual-5f8b9b86fc-t6w8k,7,3
1782112785,gsm-1,osmo-hlr-546bdb8988-hrdk9,5,2
1782112785,gsm-1,osmo-mgw-8c8fc67d6-s9g6z,5,2
1782112785,gsm-1,osmo-mobile-947867b85-7nh6c,22,24
1782112785,gsm-1,osmo-stp-768687f494-x4cm4,4,2
1782112785,kube-system,coredns-c4dbffb5f-p9rsr,4,30
1782112785,kube-system,local-path-provisioner-5c4dc5d66d-nfqxz,1,15
1782112785,kube-system,metrics-server-786d997795-hcp2m,7,47
1782112785,kube-system,svclb-traefik-1100f998-kpm9h,0,0
1782112785,kube-system,traefik-9bcdbbd9-qtpjt,4,37
1782112787,gsm-1,osmo-bsc-594654bd47-9f8qf,8,5
1782112787,gsm-1,osmo-bts-virtual-5f8b9b86fc-t6w8k,7,3
1782112787,gsm-1,osmo-hlr-546bdb8988-hrdk9,5,2
1782112787,gsm-1,osmo-mgw-8c8fc67d6-s9g6z,5,2
1782112787,gsm-1,osmo-mobile-947867b85-7nh6c,22,24
1782112787,gsm-1,osmo-stp-768687f494-x4cm4,4,2
1782112787,kube-system,coredns-c4dbffb5f-p9rsr,4,30
1782112787,kube-system,local-path-provisioner-5c4dc5d66d-nfqxz,1,15
1782112787,kube-system,metrics-server-786d997795-hcp2m,7,47
1782112787,kube-system,svclb-traefik-1100f998-kpm9h,0,0
1782112787,kube-system,traefik-9bcdbbd9-qtpjt,4,37
1782112789,gsm-1,osmo-bsc-594654bd47-9f8qf,8,5
1782112789,gsm-1,osmo-bts-virtual-5f8b9b86fc-t6w8k,7,3
1782112789,gsm-1,osmo-hlr-546bdb8988-hrdk9,5,2
1782112789,gsm-1,osmo-mgw-8c8fc67d6-s9g6z,5,2
1782112789,gsm-1,osmo-mobile-947867b85-7nh6c,22,24
1782112789,gsm-1,osmo-stp-768687f494-x4cm4,4,2
1782112789,kube-system,coredns-c4dbffb5f-p9rsr,4,30
1782112789,kube-system,local-path-provisioner-5c4dc5d66d-nfqxz,1,15
1782112789,kube-system,metrics-server-786d997795-hcp2m,7,47
1782112789,kube-system,svclb-traefik-1100f998-kpm9h,0,0
1782112789,kube-system,traefik-9bcdbbd9-qtpjt,4,37
1782112792,gsm-1,osmo-bsc-594654bd47-9f8qf,8,5
1782112792,gsm-1,osmo-bts-virtual-5f8b9b86fc-t6w8k,7,3
1782112792,gsm-1,osmo-hlr-546bdb8988-hrdk9,5,2
1782112792,gsm-1,osmo-mgw-8c8fc67d6-s9g6z,5,2
1782112792,gsm-1,osmo-mobile-947867b85-7nh6c,22,24
1782112792,gsm-1,osmo-stp-768687f494-x4cm4,4,2
1782112792,kube-system,coredns-c4dbffb5f-p9rsr,4,30
1782112792,kube-system,local-path-provisioner-5c4dc5d66d-nfqxz,1,15
1782112792,kube-system,metrics-server-786d997795-hcp2m,7,47
1782112792,kube-system,svclb-traefik-1100f998-kpm9h,0,0
1782112792,kube-system,traefik-9bcdbbd9-qtpjt,4,37
1782112794,gsm-1,osmo-bsc-594654bd47-9f8qf,8,5
1782112794,gsm-1,osmo-bts-virtual-5f8b9b86fc-t6w8k,7,3
1782112794,gsm-1,osmo-hlr-546bdb8988-hrdk9,5,2
1782112794,gsm-1,osmo-mgw-8c8fc67d6-s9g6z,5,2
1782112794,gsm-1,osmo-mobile-947867b85-7nh6c,22,24
1782112794,gsm-1,osmo-stp-768687f494-x4cm4,4,2
1782112794,kube-system,coredns-c4dbffb5f-p9rsr,4,30
1782112794,kube-system,local-path-provisioner-5c4dc5d66d-nfqxz,1,15
1782112794,kube-system,metrics-server-786d997795-hcp2m,7,47
1782112794,kube-system,svclb-traefik-1100f998-kpm9h,0,0
1782112794,kube-system,traefik-9bcdbbd9-qtpjt,4,37
1782112796,gsm-1,osmo-bsc-594654bd47-9f8qf,8,5
1782112796,gsm-1,osmo-bts-virtual-5f8b9b86fc-t6w8k,7,3
1782112796,gsm-1,osmo-hlr-546bdb8988-hrdk9,5,2
1782112796,gsm-1,osmo-mgw-8c8fc67d6-s9g6z,5,2
1782112796,gsm-1,osmo-mobile-947867b85-7nh6c,22,24
1782112796,gsm-1,osmo-stp-768687f494-x4cm4,4,2
1782112796,kube-system,coredns-c4dbffb5f-p9rsr,4,30
1782112796,kube-system,local-path-provisioner-5c4dc5d66d-nfqxz,1,15
1782112796,kube-system,metrics-server-786d997795-hcp2m,7,47
1782112796,kube-system,svclb-traefik-1100f998-kpm9h,0,0
1782112796,kube-system,traefik-9bcdbbd9-qtpjt,4,37
1782112798,gsm-1,msc-test-stub-5b875d749d-xj766,10,16
1782112798,gsm-1,osmo-bsc-594654bd47-9f8qf,3,5
1782112798,gsm-1,osmo-bts-virtual-5f8b9b86fc-t6w8k,7,0
1782112798,gsm-1,osmo-hlr-546bdb8988-hrdk9,1,2
1782112798,gsm-1,osmo-mgw-8c8fc67d6-s9g6z,1,2
1782112798,gsm-1,osmo-mobile-947867b85-7nh6c,19,26
1782112798,gsm-1,osmo-stp-768687f494-x4cm4,1,2
1782112798,gsm-1,virtphy-858665df6d-ss5w8,8,0
1782112798,kube-system,coredns-c4dbffb5f-p9rsr,3,30
1782112798,kube-system,local-path-provisioner-5c4dc5d66d-nfqxz,1,15
1782112798,kube-system,metrics-server-786d997795-hcp2m,6,47
1782112798,kube-system,svclb-traefik-1100f998-kpm9h,0,0
1782112798,kube-system,traefik-9bcdbbd9-qtpjt,1,37
1782112800,gsm-1,msc-test-stub-5b875d749d-xj766,10,16
1782112800,gsm-1,osmo-bsc-594654bd47-9f8qf,3,5
1782112800,gsm-1,osmo-bts-virtual-5f8b9b86fc-t6w8k,7,0
1782112800,gsm-1,osmo-hlr-546bdb8988-hrdk9,1,2
1782112800,gsm-1,osmo-mgw-8c8fc67d6-s9g6z,1,2
1782112800,gsm-1,osmo-mobile-947867b85-7nh6c,19,26
1782112800,gsm-1,osmo-stp-768687f494-x4cm4,1,2
1782112800,gsm-1,virtphy-858665df6d-ss5w8,8,0
1782112800,kube-system,coredns-c4dbffb5f-p9rsr,3,30
1782112800,kube-system,local-path-provisioner-5c4dc5d66d-nfqxz,1,15
1782112800,kube-system,metrics-server-786d997795-hcp2m,6,47
1782112800,kube-system,svclb-traefik-1100f998-kpm9h,0,0
1782112800,kube-system,traefik-9bcdbbd9-qtpjt,1,37
1782112803,gsm-1,msc-test-stub-5b875d749d-xj766,10,16
1782112803,gsm-1,osmo-bsc-594654bd47-9f8qf,3,5
1782112803,gsm-1,osmo-bts-virtual-5f8b9b86fc-t6w8k,7,0
1782112803,gsm-1,osmo-hlr-546bdb8988-hrdk9,1,2
1782112803,gsm-1,osmo-mgw-8c8fc67d6-s9g6z,1,2
1782112803,gsm-1,osmo-mobile-947867b85-7nh6c,19,26
1782112803,gsm-1,osmo-stp-768687f494-x4cm4,1,2
1782112803,gsm-1,virtphy-858665df6d-ss5w8,8,0
1782112803,kube-system,coredns-c4dbffb5f-p9rsr,3,30
1782112803,kube-system,local-path-provisioner-5c4dc5d66d-nfqxz,1,15
1782112803,kube-system,metrics-server-786d997795-hcp2m,6,47
1782112803,kube-system,svclb-traefik-1100f998-kpm9h,0,0
1782112803,kube-system,traefik-9bcdbbd9-qtpjt,1,37
1782112805,gsm-1,msc-test-stub-5b875d749d-xj766,10,16
1782112805,gsm-1,osmo-bsc-594654bd47-9f8qf,3,5
1782112805,gsm-1,osmo-bts-virtual-5f8b9b86fc-t6w8k,7,0
1782112805,gsm-1,osmo-hlr-546bdb8988-hrdk9,1,2
1782112805,gsm-1,osmo-mgw-8c8fc67d6-s9g6z,1,2
1782112805,gsm-1,osmo-mobile-947867b85-7nh6c,19,26
1782112805,gsm-1,osmo-stp-768687f494-x4cm4,1,2
1782112805,gsm-1,virtphy-858665df6d-ss5w8,8,0
1782112805,kube-system,coredns-c4dbffb5f-p9rsr,3,30
1782112805,kube-system,local-path-provisioner-5c4dc5d66d-nfqxz,1,15
1782112805,kube-system,metrics-server-786d997795-hcp2m,6,47
1782112805,kube-system,svclb-traefik-1100f998-kpm9h,0,0
1782112805,kube-system,traefik-9bcdbbd9-qtpjt,1,37
1782112807,gsm-1,msc-test-stub-5b875d749d-xj766,10,16
1782112807,gsm-1,osmo-bsc-594654bd47-9f8qf,3,5
1782112807,gsm-1,osmo-bts-virtual-5f8b9b86fc-t6w8k,7,0
1782112807,gsm-1,osmo-hlr-546bdb8988-hrdk9,1,2
1782112807,gsm-1,osmo-mgw-8c8fc67d6-s9g6z,1,2
1782112807,gsm-1,osmo-mobile-947867b85-7nh6c,19,26
1782112807,gsm-1,osmo-stp-768687f494-x4cm4,1,2
1782112807,gsm-1,virtphy-858665df6d-ss5w8,8,0
1782112807,kube-system,coredns-c4dbffb5f-p9rsr,3,30
1782112807,kube-system,local-path-provisioner-5c4dc5d66d-nfqxz,1,15
1782112807,kube-system,metrics-server-786d997795-hcp2m,6,47
1782112807,kube-system,svclb-traefik-1100f998-kpm9h,0,0
1782112807,kube-system,traefik-9bcdbbd9-qtpjt,1,37
1782112809,gsm-1,msc-test-stub-5b875d749d-xj766,10,16
1782112809,gsm-1,osmo-bsc-594654bd47-9f8qf,3,5
1782112809,gsm-1,osmo-bts-virtual-5f8b9b86fc-t6w8k,7,0
1782112809,gsm-1,osmo-hlr-546bdb8988-hrdk9,1,2
1782112809,gsm-1,osmo-mgw-8c8fc67d6-s9g6z,1,2
1782112809,gsm-1,osmo-mobile-947867b85-7nh6c,19,26
1782112809,gsm-1,osmo-stp-768687f494-x4cm4,1,2
1782112809,gsm-1,virtphy-858665df6d-ss5w8,8,0
1782112809,kube-system,coredns-c4dbffb5f-p9rsr,3,30
1782112809,kube-system,local-path-provisioner-5c4dc5d66d-nfqxz,1,15
1782112809,kube-system,metrics-server-786d997795-hcp2m,6,47
1782112809,kube-system,svclb-traefik-1100f998-kpm9h,0,0
1782112809,kube-system,traefik-9bcdbbd9-qtpjt,1,37
1782112811,gsm-1,msc-test-stub-5b875d749d-xj766,10,16
1782112811,gsm-1,osmo-bsc-594654bd47-9f8qf,3,5
1782112811,gsm-1,osmo-bts-virtual-5f8b9b86fc-t6w8k,7,0
1782112811,gsm-1,osmo-hlr-546bdb8988-hrdk9,1,2
1782112811,gsm-1,osmo-mgw-8c8fc67d6-s9g6z,1,2
1782112811,gsm-1,osmo-mobile-947867b85-7nh6c,19,26
1782112811,gsm-1,osmo-stp-768687f494-x4cm4,1,2
1782112811,gsm-1,virtphy-858665df6d-ss5w8,8,0
1782112811,kube-system,coredns-c4dbffb5f-p9rsr,3,30
1782112811,kube-system,local-path-provisioner-5c4dc5d66d-nfqxz,1,15
1782112811,kube-system,metrics-server-786d997795-hcp2m,6,47
1782112811,kube-system,svclb-traefik-1100f998-kpm9h,0,0
1782112811,kube-system,traefik-9bcdbbd9-qtpjt,1,37
1782112813,gsm-1,msc-test-stub-5b875d749d-xj766,1,16
1782112813,gsm-1,osmo-bsc-594654bd47-9f8qf,1,5
1782112813,gsm-1,osmo-bts-virtual-5f8b9b86fc-t6w8k,18,5
1782112813,gsm-1,osmo-hlr-546bdb8988-hrdk9,1,2
1782112813,gsm-1,osmo-mgw-8c8fc67d6-s9g6z,1,2
1782112813,gsm-1,osmo-mobile-947867b85-7nh6c,5,28
1782112813,gsm-1,osmo-stp-768687f494-x4cm4,1,2
1782112813,gsm-1,virtphy-858665df6d-ss5w8,8,1
1782112813,kube-system,coredns-c4dbffb5f-p9rsr,3,30
1782112813,kube-system,local-path-provisioner-5c4dc5d66d-nfqxz,1,15
1782112813,kube-system,metrics-server-786d997795-hcp2m,9,47
1782112813,kube-system,svclb-traefik-1100f998-kpm9h,0,0
1782112813,kube-system,traefik-9bcdbbd9-qtpjt,1,37
1782112816,gsm-1,msc-test-stub-5b875d749d-xj766,1,16
1782112816,gsm-1,osmo-bsc-594654bd47-9f8qf,1,5
1782112816,gsm-1,osmo-bts-virtual-5f8b9b86fc-t6w8k,18,5
1782112816,gsm-1,osmo-hlr-546bdb8988-hrdk9,1,2
1782112816,gsm-1,osmo-mgw-8c8fc67d6-s9g6z,1,2
1782112816,gsm-1,osmo-mobile-947867b85-7nh6c,5,28
1782112816,gsm-1,osmo-stp-768687f494-x4cm4,1,2
1782112816,gsm-1,virtphy-858665df6d-ss5w8,8,1
1782112816,kube-system,coredns-c4dbffb5f-p9rsr,3,30
1782112816,kube-system,local-path-provisioner-5c4dc5d66d-nfqxz,1,15
1782112816,kube-system,metrics-server-786d997795-hcp2m,9,47
1782112816,kube-system,svclb-traefik-1100f998-kpm9h,0,0
1782112816,kube-system,traefik-9bcdbbd9-qtpjt,1,37
1782112818,gsm-1,msc-test-stub-5b875d749d-xj766,1,16
1782112818,gsm-1,osmo-bsc-594654bd47-9f8qf,1,5
1782112818,gsm-1,osmo-bts-virtual-5f8b9b86fc-t6w8k,18,5
1782112818,gsm-1,osmo-hlr-546bdb8988-hrdk9,1,2
1782112818,gsm-1,osmo-mgw-8c8fc67d6-s9g6z,1,2
1782112818,gsm-1,osmo-mobile-947867b85-7nh6c,5,28
1782112818,gsm-1,osmo-stp-768687f494-x4cm4,1,2
1782112818,gsm-1,virtphy-858665df6d-ss5w8,8,1
1782112818,kube-system,coredns-c4dbffb5f-p9rsr,3,30
1782112818,kube-system,local-path-provisioner-5c4dc5d66d-nfqxz,1,15
1782112818,kube-system,metrics-server-786d997795-hcp2m,9,47
1782112818,kube-system,svclb-traefik-1100f998-kpm9h,0,0
1782112818,kube-system,traefik-9bcdbbd9-qtpjt,1,37
1782112821,gsm-1,msc-test-stub-5b875d749d-xj766,1,16
1782112821,gsm-1,osmo-bsc-594654bd47-9f8qf,1,5
1782112821,gsm-1,osmo-bts-virtual-5f8b9b86fc-t6w8k,18,5
1782112821,gsm-1,osmo-hlr-546bdb8988-hrdk9,1,2
1782112821,gsm-1,osmo-mgw-8c8fc67d6-s9g6z,1,2
1782112821,gsm-1,osmo-mobile-947867b85-7nh6c,5,28
1782112821,gsm-1,osmo-stp-768687f494-x4cm4,1,2
1782112821,gsm-1,virtphy-858665df6d-ss5w8,8,1
1782112821,kube-system,coredns-c4dbffb5f-p9rsr,3,30
1782112821,kube-system,local-path-provisioner-5c4dc5d66d-nfqxz,1,15
1782112821,kube-system,metrics-server-786d997795-hcp2m,9,47
1782112821,kube-system,svclb-traefik-1100f998-kpm9h,0,0
1782112821,kube-system,traefik-9bcdbbd9-qtpjt,1,37
1782112823,gsm-1,msc-test-stub-5b875d749d-xj766,1,16
1782112823,gsm-1,osmo-bsc-594654bd47-9f8qf,1,5
1782112823,gsm-1,osmo-bts-virtual-5f8b9b86fc-t6w8k,18,5
1782112823,gsm-1,osmo-hlr-546bdb8988-hrdk9,1,2
1782112823,gsm-1,osmo-mgw-8c8fc67d6-s9g6z,1,2
1782112823,gsm-1,osmo-mobile-947867b85-7nh6c,5,28
1782112823,gsm-1,osmo-stp-768687f494-x4cm4,1,2
1782112823,gsm-1,virtphy-858665df6d-ss5w8,8,1
1782112823,kube-system,coredns-c4dbffb5f-p9rsr,3,30
1782112823,kube-system,local-path-provisioner-5c4dc5d66d-nfqxz,1,15
1782112823,kube-system,metrics-server-786d997795-hcp2m,9,47
1782112823,kube-system,svclb-traefik-1100f998-kpm9h,0,0
1782112823,kube-system,traefik-9bcdbbd9-qtpjt,1,37
1782112825,gsm-1,msc-test-stub-5b875d749d-xj766,1,16
1782112825,gsm-1,osmo-bsc-594654bd47-9f8qf,1,5
1782112825,gsm-1,osmo-bts-virtual-5f8b9b86fc-t6w8k,18,5
1782112825,gsm-1,osmo-hlr-546bdb8988-hrdk9,1,2
1782112825,gsm-1,osmo-mgw-8c8fc67d6-s9g6z,1,2
1782112825,gsm-1,osmo-mobile-947867b85-7nh6c,5,28
1782112825,gsm-1,osmo-stp-768687f494-x4cm4,1,2
1782112825,gsm-1,virtphy-858665df6d-ss5w8,8,1
1782112825,kube-system,coredns-c4dbffb5f-p9rsr,3,30
1782112825,kube-system,local-path-provisioner-5c4dc5d66d-nfqxz,1,15
1782112825,kube-system,metrics-server-786d997795-hcp2m,9,47
1782112825,kube-system,svclb-traefik-1100f998-kpm9h,0,0
1782112825,kube-system,traefik-9bcdbbd9-qtpjt,1,37
1782112827,gsm-1,msc-test-stub-5b875d749d-xj766,1,16
1782112827,gsm-1,osmo-bsc-594654bd47-9f8qf,1,5
1782112827,gsm-1,osmo-bts-virtual-5f8b9b86fc-t6w8k,17,5
1782112827,gsm-1,osmo-hlr-546bdb8988-hrdk9,1,2
1782112827,gsm-1,osmo-mgw-8c8fc67d6-s9g6z,1,2
1782112827,gsm-1,osmo-mobile-947867b85-7nh6c,4,28
1782112827,gsm-1,osmo-stp-768687f494-x4cm4,1,2
1782112827,gsm-1,virtphy-858665df6d-ss5w8,8,3
1782112827,kube-system,coredns-c4dbffb5f-p9rsr,3,30
1782112827,kube-system,local-path-provisioner-5c4dc5d66d-nfqxz,1,15
1782112827,kube-system,metrics-server-786d997795-hcp2m,8,47
1782112827,kube-system,svclb-traefik-1100f998-kpm9h,0,0
1782112827,kube-system,traefik-9bcdbbd9-qtpjt,1,37
1782112829,gsm-1,msc-test-stub-5b875d749d-xj766,1,16
1782112829,gsm-1,osmo-bsc-594654bd47-9f8qf,1,5
1782112829,gsm-1,osmo-bts-virtual-5f8b9b86fc-t6w8k,17,5
1782112829,gsm-1,osmo-hlr-546bdb8988-hrdk9,1,2
1782112829,gsm-1,osmo-mgw-8c8fc67d6-s9g6z,1,2
1782112829,gsm-1,osmo-mobile-947867b85-7nh6c,4,28
1782112829,gsm-1,osmo-stp-768687f494-x4cm4,1,2
1782112829,gsm-1,virtphy-858665df6d-ss5w8,8,3
1782112829,kube-system,coredns-c4dbffb5f-p9rsr,3,30
1782112829,kube-system,local-path-provisioner-5c4dc5d66d-nfqxz,1,15
1782112829,kube-system,metrics-server-786d997795-hcp2m,8,47
1782112829,kube-system,svclb-traefik-1100f998-kpm9h,0,0
1782112829,kube-system,traefik-9bcdbbd9-qtpjt,1,37
1782112831,gsm-1,msc-test-stub-5b875d749d-xj766,1,16
1782112831,gsm-1,osmo-bsc-594654bd47-9f8qf,1,5
1782112831,gsm-1,osmo-bts-virtual-5f8b9b86fc-t6w8k,17,5
1782112831,gsm-1,osmo-hlr-546bdb8988-hrdk9,1,2
1782112831,gsm-1,osmo-mgw-8c8fc67d6-s9g6z,1,2
1782112831,gsm-1,osmo-mobile-947867b85-7nh6c,4,28
1782112831,gsm-1,osmo-stp-768687f494-x4cm4,1,2
1782112831,gsm-1,virtphy-858665df6d-ss5w8,8,3
1782112831,kube-system,coredns-c4dbffb5f-p9rsr,3,30
1782112831,kube-system,local-path-provisioner-5c4dc5d66d-nfqxz,1,15
1782112831,kube-system,metrics-server-786d997795-hcp2m,8,47
1782112831,kube-system,svclb-traefik-1100f998-kpm9h,0,0
1782112831,kube-system,traefik-9bcdbbd9-qtpjt,1,37
1782112834,gsm-1,msc-test-stub-5b875d749d-xj766,1,16
1782112834,gsm-1,osmo-bsc-594654bd47-9f8qf,1,5
1782112834,gsm-1,osmo-bts-virtual-5f8b9b86fc-t6w8k,17,5
1782112834,gsm-1,osmo-hlr-546bdb8988-hrdk9,1,2
1782112834,gsm-1,osmo-mgw-8c8fc67d6-s9g6z,1,2
1782112834,gsm-1,osmo-mobile-947867b85-7nh6c,4,28
1782112834,gsm-1,osmo-stp-768687f494-x4cm4,1,2
1782112834,gsm-1,virtphy-858665df6d-ss5w8,8,3
1782112834,kube-system,coredns-c4dbffb5f-p9rsr,3,30
1782112834,kube-system,local-path-provisioner-5c4dc5d66d-nfqxz,1,15
1782112834,kube-system,metrics-server-786d997795-hcp2m,8,47
1782112834,kube-system,svclb-traefik-1100f998-kpm9h,0,0
1782112834,kube-system,traefik-9bcdbbd9-qtpjt,1,37
1782112836,gsm-1,msc-test-stub-5b875d749d-xj766,1,16
1782112836,gsm-1,osmo-bsc-594654bd47-9f8qf,1,5
1782112836,gsm-1,osmo-bts-virtual-5f8b9b86fc-t6w8k,17,5
1782112836,gsm-1,osmo-hlr-546bdb8988-hrdk9,1,2
1782112836,gsm-1,osmo-mgw-8c8fc67d6-s9g6z,1,2
1782112836,gsm-1,osmo-mobile-947867b85-7nh6c,4,28
1782112836,gsm-1,osmo-stp-768687f494-x4cm4,1,2
1782112836,gsm-1,virtphy-858665df6d-ss5w8,8,3
1782112836,kube-system,coredns-c4dbffb5f-p9rsr,3,30
1782112836,kube-system,local-path-provisioner-5c4dc5d66d-nfqxz,1,15
1782112836,kube-system,metrics-server-786d997795-hcp2m,8,47
1782112836,kube-system,svclb-traefik-1100f998-kpm9h,0,0
1782112836,kube-system,traefik-9bcdbbd9-qtpjt,1,37
1782112838,gsm-1,msc-test-stub-5b875d749d-xj766,1,16
1782112838,gsm-1,osmo-bsc-594654bd47-9f8qf,1,5
1782112838,gsm-1,osmo-bts-virtual-5f8b9b86fc-t6w8k,17,5
1782112838,gsm-1,osmo-hlr-546bdb8988-hrdk9,1,2
1782112838,gsm-1,osmo-mgw-8c8fc67d6-s9g6z,1,2
1782112838,gsm-1,osmo-mobile-947867b85-7nh6c,4,28
1782112838,gsm-1,osmo-stp-768687f494-x4cm4,1,2
1782112838,gsm-1,virtphy-858665df6d-ss5w8,8,3
1782112838,kube-system,coredns-c4dbffb5f-p9rsr,3,30
1782112838,kube-system,local-path-provisioner-5c4dc5d66d-nfqxz,1,15
1782112838,kube-system,metrics-server-786d997795-hcp2m,8,47
1782112838,kube-system,svclb-traefik-1100f998-kpm9h,0,0
1782112838,kube-system,traefik-9bcdbbd9-qtpjt,1,37
1782112840,gsm-1,msc-test-stub-5b875d749d-xj766,1,16
1782112840,gsm-1,osmo-bsc-594654bd47-9f8qf,1,5
1782112840,gsm-1,osmo-bts-virtual-5f8b9b86fc-t6w8k,17,5
1782112840,gsm-1,osmo-hlr-546bdb8988-hrdk9,1,2
1782112840,gsm-1,osmo-mgw-8c8fc67d6-s9g6z,1,2
1782112840,gsm-1,osmo-mobile-947867b85-7nh6c,4,28
1782112840,gsm-1,osmo-stp-768687f494-x4cm4,1,2
1782112840,gsm-1,virtphy-858665df6d-ss5w8,8,3
1782112840,kube-system,coredns-c4dbffb5f-p9rsr,3,30
1782112840,kube-system,local-path-provisioner-5c4dc5d66d-nfqxz,1,15
1782112840,kube-system,metrics-server-786d997795-hcp2m,8,47
1782112840,kube-system,svclb-traefik-1100f998-kpm9h,0,0
1782112840,kube-system,traefik-9bcdbbd9-qtpjt,1,37
1782112842,gsm-1,msc-test-stub-5b875d749d-xj766,4,16
1782112842,gsm-1,osmo-bsc-594654bd47-9f8qf,1,5
1782112842,gsm-1,osmo-bts-virtual-5f8b9b86fc-t6w8k,17,7
1782112842,gsm-1,osmo-hlr-546bdb8988-hrdk9,1,2
1782112842,gsm-1,osmo-mgw-8c8fc67d6-s9g6z,1,2
1782112842,gsm-1,osmo-mobile-947867b85-7nh6c,4,28
1782112842,gsm-1,osmo-stp-768687f494-x4cm4,1,2
1782112842,gsm-1,ttcn3-tc-26-6-1-1-1-5dg76,9,5
1782112842,gsm-1,virtphy-858665df6d-ss5w8,8,1
1782112842,kube-system,coredns-c4dbffb5f-p9rsr,3,30
1782112842,kube-system,local-path-provisioner-5c4dc5d66d-nfqxz,1,15
1782112842,kube-system,metrics-server-786d997795-hcp2m,11,47
1782112842,kube-system,svclb-traefik-1100f998-kpm9h,0,0
1782112842,kube-system,traefik-9bcdbbd9-qtpjt,1,37
1782112845,gsm-1,msc-test-stub-5b875d749d-xj766,4,16
1782112845,gsm-1,osmo-bsc-594654bd47-9f8qf,1,5
1782112845,gsm-1,osmo-bts-virtual-5f8b9b86fc-t6w8k,17,7
1782112845,gsm-1,osmo-hlr-546bdb8988-hrdk9,1,2
1782112845,gsm-1,osmo-mgw-8c8fc67d6-s9g6z,1,2
1782112845,gsm-1,osmo-mobile-947867b85-7nh6c,4,28
1782112845,gsm-1,osmo-stp-768687f494-x4cm4,1,2
1782112845,gsm-1,ttcn3-tc-26-6-1-1-1-5dg76,9,5
1782112845,gsm-1,virtphy-858665df6d-ss5w8,8,1
1782112845,kube-system,coredns-c4dbffb5f-p9rsr,3,30
1782112845,kube-system,local-path-provisioner-5c4dc5d66d-nfqxz,1,15
1782112845,kube-system,metrics-server-786d997795-hcp2m,11,47
1782112845,kube-system,svclb-traefik-1100f998-kpm9h,0,0
1782112845,kube-system,traefik-9bcdbbd9-qtpjt,1,37
1782112847,gsm-1,msc-test-stub-5b875d749d-xj766,4,16
1782112847,gsm-1,osmo-bsc-594654bd47-9f8qf,1,5
1782112847,gsm-1,osmo-bts-virtual-5f8b9b86fc-t6w8k,17,7
1782112847,gsm-1,osmo-hlr-546bdb8988-hrdk9,1,2
1782112847,gsm-1,osmo-mgw-8c8fc67d6-s9g6z,1,2
1782112847,gsm-1,osmo-mobile-947867b85-7nh6c,4,28
1782112847,gsm-1,osmo-stp-768687f494-x4cm4,1,2
1782112847,gsm-1,ttcn3-tc-26-6-1-1-1-5dg76,9,5
1782112847,gsm-1,virtphy-858665df6d-ss5w8,8,1
1782112847,kube-system,coredns-c4dbffb5f-p9rsr,3,30
1782112847,kube-system,local-path-provisioner-5c4dc5d66d-nfqxz,1,15
1782112847,kube-system,metrics-server-786d997795-hcp2m,11,47
1782112847,kube-system,svclb-traefik-1100f998-kpm9h,0,0
1782112847,kube-system,traefik-9bcdbbd9-qtpjt,1,37
1782112849,gsm-1,msc-test-stub-5b875d749d-xj766,4,16
1782112849,gsm-1,osmo-bsc-594654bd47-9f8qf,1,5
1782112849,gsm-1,osmo-bts-virtual-5f8b9b86fc-t6w8k,17,7
1782112849,gsm-1,osmo-hlr-546bdb8988-hrdk9,1,2
1782112849,gsm-1,osmo-mgw-8c8fc67d6-s9g6z,1,2
1782112849,gsm-1,osmo-mobile-947867b85-7nh6c,4,28
1782112849,gsm-1,osmo-stp-768687f494-x4cm4,1,2
1782112849,gsm-1,ttcn3-tc-26-6-1-1-1-5dg76,9,5
1782112849,gsm-1,virtphy-858665df6d-ss5w8,8,1
1782112849,kube-system,coredns-c4dbffb5f-p9rsr,3,30
1782112849,kube-system,local-path-provisioner-5c4dc5d66d-nfqxz,1,15
1782112849,kube-system,metrics-server-786d997795-hcp2m,11,47
1782112849,kube-system,svclb-traefik-1100f998-kpm9h,0,0
1782112849,kube-system,traefik-9bcdbbd9-qtpjt,1,37
1782112851,gsm-1,msc-test-stub-5b875d749d-xj766,4,16
1782112851,gsm-1,osmo-bsc-594654bd47-9f8qf,1,5
1782112851,gsm-1,osmo-bts-virtual-5f8b9b86fc-t6w8k,17,7
1782112851,gsm-1,osmo-hlr-546bdb8988-hrdk9,1,2
1782112851,gsm-1,osmo-mgw-8c8fc67d6-s9g6z,1,2
1782112851,gsm-1,osmo-mobile-947867b85-7nh6c,4,28
1782112851,gsm-1,osmo-stp-768687f494-x4cm4,1,2
1782112851,gsm-1,ttcn3-tc-26-6-1-1-1-5dg76,9,5
1782112851,gsm-1,virtphy-858665df6d-ss5w8,8,1
1782112851,kube-system,coredns-c4dbffb5f-p9rsr,3,30
1782112851,kube-system,local-path-provisioner-5c4dc5d66d-nfqxz,1,15
1782112851,kube-system,metrics-server-786d997795-hcp2m,11,47
1782112851,kube-system,svclb-traefik-1100f998-kpm9h,0,0
1782112851,kube-system,traefik-9bcdbbd9-qtpjt,1,37
1782112853,gsm-1,msc-test-stub-5b875d749d-xj766,4,16
1782112853,gsm-1,osmo-bsc-594654bd47-9f8qf,1,5
1782112853,gsm-1,osmo-bts-virtual-5f8b9b86fc-t6w8k,17,7
1782112853,gsm-1,osmo-hlr-546bdb8988-hrdk9,1,2
1782112853,gsm-1,osmo-mgw-8c8fc67d6-s9g6z,1,2
1782112853,gsm-1,osmo-mobile-947867b85-7nh6c,4,28
1782112853,gsm-1,osmo-stp-768687f494-x4cm4,1,2
1782112853,gsm-1,ttcn3-tc-26-6-1-1-1-5dg76,9,5
1782112853,gsm-1,virtphy-858665df6d-ss5w8,8,1
1782112853,kube-system,coredns-c4dbffb5f-p9rsr,3,30
1782112853,kube-system,local-path-provisioner-5c4dc5d66d-nfqxz,1,15
1782112853,kube-system,metrics-server-786d997795-hcp2m,11,47
1782112853,kube-system,svclb-traefik-1100f998-kpm9h,0,0
1782112853,kube-system,traefik-9bcdbbd9-qtpjt,1,37
1782112855,gsm-1,msc-test-stub-5b875d749d-xj766,4,16
1782112855,gsm-1,osmo-bsc-594654bd47-9f8qf,1,5
1782112855,gsm-1,osmo-bts-virtual-5f8b9b86fc-t6w8k,17,7
1782112855,gsm-1,osmo-hlr-546bdb8988-hrdk9,1,2
1782112855,gsm-1,osmo-mgw-8c8fc67d6-s9g6z,1,2
1782112855,gsm-1,osmo-mobile-947867b85-7nh6c,4,28
1782112855,gsm-1,osmo-stp-768687f494-x4cm4,1,2
1782112855,gsm-1,ttcn3-tc-26-6-1-1-1-5dg76,9,5
1782112855,gsm-1,virtphy-858665df6d-ss5w8,8,1
1782112855,kube-system,coredns-c4dbffb5f-p9rsr,3,30
1782112855,kube-system,local-path-provisioner-5c4dc5d66d-nfqxz,1,15
1782112855,kube-system,metrics-server-786d997795-hcp2m,11,47
1782112855,kube-system,svclb-traefik-1100f998-kpm9h,0,0
1782112855,kube-system,traefik-9bcdbbd9-qtpjt,1,37
1782112857,gsm-1,msc-test-stub-5b875d749d-xj766,1,16
1782112857,gsm-1,osmo-bsc-594654bd47-9f8qf,1,5
1782112857,gsm-1,osmo-bts-virtual-5f8b9b86fc-t6w8k,17,5
1782112857,gsm-1,osmo-hlr-546bdb8988-hrdk9,1,2
1782112857,gsm-1,osmo-mgw-8c8fc67d6-s9g6z,1,2
1782112857,gsm-1,osmo-mobile-947867b85-7nh6c,3,28
1782112857,gsm-1,osmo-stp-768687f494-x4cm4,1,2
1782112857,gsm-1,ttcn3-tc-26-6-1-1-1-5dg76,5,10
1782112857,gsm-1,virtphy-858665df6d-ss5w8,8,1
1782112857,kube-system,coredns-c4dbffb5f-p9rsr,3,30
1782112857,kube-system,local-path-provisioner-5c4dc5d66d-nfqxz,1,15
1782112857,kube-system,metrics-server-786d997795-hcp2m,8,47
1782112857,kube-system,svclb-traefik-1100f998-kpm9h,0,0
1782112857,kube-system,traefik-9bcdbbd9-qtpjt,1,37
1782112860,gsm-1,msc-test-stub-5b875d749d-xj766,1,16
1782112860,gsm-1,osmo-bsc-594654bd47-9f8qf,1,5
1782112860,gsm-1,osmo-bts-virtual-5f8b9b86fc-t6w8k,17,5
1782112860,gsm-1,osmo-hlr-546bdb8988-hrdk9,1,2
1782112860,gsm-1,osmo-mgw-8c8fc67d6-s9g6z,1,2
1782112860,gsm-1,osmo-mobile-947867b85-7nh6c,3,28
1782112860,gsm-1,osmo-stp-768687f494-x4cm4,1,2
1782112860,gsm-1,ttcn3-tc-26-6-1-1-1-5dg76,5,10
1782112860,gsm-1,virtphy-858665df6d-ss5w8,8,1
1782112860,kube-system,coredns-c4dbffb5f-p9rsr,3,30
1782112860,kube-system,local-path-provisioner-5c4dc5d66d-nfqxz,1,15
1782112860,kube-system,metrics-server-786d997795-hcp2m,8,47
1782112860,kube-system,svclb-traefik-1100f998-kpm9h,0,0
1782112860,kube-system,traefik-9bcdbbd9-qtpjt,1,37
1782112862,gsm-1,msc-test-stub-5b875d749d-xj766,1,16
1782112862,gsm-1,osmo-bsc-594654bd47-9f8qf,1,5
1782112862,gsm-1,osmo-bts-virtual-5f8b9b86fc-t6w8k,17,5
1782112862,gsm-1,osmo-hlr-546bdb8988-hrdk9,1,2
1782112862,gsm-1,osmo-mgw-8c8fc67d6-s9g6z,1,2
1782112862,gsm-1,osmo-mobile-947867b85-7nh6c,3,28
1782112862,gsm-1,osmo-stp-768687f494-x4cm4,1,2
1782112862,gsm-1,ttcn3-tc-26-6-1-1-1-5dg76,5,10
1782112862,gsm-1,virtphy-858665df6d-ss5w8,8,1
1782112862,kube-system,coredns-c4dbffb5f-p9rsr,3,30
1782112862,kube-system,local-path-provisioner-5c4dc5d66d-nfqxz,1,15
1782112862,kube-system,metrics-server-786d997795-hcp2m,8,47
1782112862,kube-system,svclb-traefik-1100f998-kpm9h,0,0
1782112862,kube-system,traefik-9bcdbbd9-qtpjt,1,37
1782112864,gsm-1,msc-test-stub-5b875d749d-xj766,1,16
1782112864,gsm-1,osmo-bsc-594654bd47-9f8qf,1,5
1782112864,gsm-1,osmo-bts-virtual-5f8b9b86fc-t6w8k,17,5
1782112864,gsm-1,osmo-hlr-546bdb8988-hrdk9,1,2
1782112864,gsm-1,osmo-mgw-8c8fc67d6-s9g6z,1,2
1782112864,gsm-1,osmo-mobile-947867b85-7nh6c,3,28
1782112864,gsm-1,osmo-stp-768687f494-x4cm4,1,2
1782112864,gsm-1,ttcn3-tc-26-6-1-1-1-5dg76,5,10
1782112864,gsm-1,virtphy-858665df6d-ss5w8,8,1
1782112864,kube-system,coredns-c4dbffb5f-p9rsr,3,30
1782112864,kube-system,local-path-provisioner-5c4dc5d66d-nfqxz,1,15
1782112864,kube-system,metrics-server-786d997795-hcp2m,8,47
1782112864,kube-system,svclb-traefik-1100f998-kpm9h,0,0
1782112864,kube-system,traefik-9bcdbbd9-qtpjt,1,37
1782112866,gsm-1,msc-test-stub-5b875d749d-xj766,1,16
1782112866,gsm-1,osmo-bsc-594654bd47-9f8qf,1,5
1782112866,gsm-1,osmo-bts-virtual-5f8b9b86fc-t6w8k,17,5
1782112866,gsm-1,osmo-hlr-546bdb8988-hrdk9,1,2
1782112866,gsm-1,osmo-mgw-8c8fc67d6-s9g6z,1,2
1782112866,gsm-1,osmo-mobile-947867b85-7nh6c,3,28
1782112866,gsm-1,osmo-stp-768687f494-x4cm4,1,2
1782112866,gsm-1,ttcn3-tc-26-6-1-1-1-5dg76,5,10
1782112866,gsm-1,virtphy-858665df6d-ss5w8,8,1
1782112866,kube-system,coredns-c4dbffb5f-p9rsr,3,30
1782112866,kube-system,local-path-provisioner-5c4dc5d66d-nfqxz,1,15
1782112866,kube-system,metrics-server-786d997795-hcp2m,8,47
1782112866,kube-system,svclb-traefik-1100f998-kpm9h,0,0
1782112866,kube-system,traefik-9bcdbbd9-qtpjt,1,37
1782112868,gsm-1,msc-test-stub-5b875d749d-xj766,1,16
1782112868,gsm-1,osmo-bsc-594654bd47-9f8qf,1,5
1782112868,gsm-1,osmo-bts-virtual-5f8b9b86fc-t6w8k,17,5
1782112868,gsm-1,osmo-hlr-546bdb8988-hrdk9,1,2
1782112868,gsm-1,osmo-mgw-8c8fc67d6-s9g6z,1,2
1782112868,gsm-1,osmo-mobile-947867b85-7nh6c,3,28
1782112868,gsm-1,osmo-stp-768687f494-x4cm4,1,2
1782112868,gsm-1,ttcn3-tc-26-6-1-1-1-5dg76,5,10
1782112868,gsm-1,virtphy-858665df6d-ss5w8,8,1
1782112868,kube-system,coredns-c4dbffb5f-p9rsr,3,30
1782112868,kube-system,local-path-provisioner-5c4dc5d66d-nfqxz,1,15
1782112868,kube-system,metrics-server-786d997795-hcp2m,8,47
1782112868,kube-system,svclb-traefik-1100f998-kpm9h,0,0
1782112868,kube-system,traefik-9bcdbbd9-qtpjt,1,37
1782112870,gsm-1,msc-test-stub-5b875d749d-xj766,1,16
1782112870,gsm-1,osmo-bsc-594654bd47-9f8qf,1,5
1782112870,gsm-1,osmo-bts-virtual-5f8b9b86fc-t6w8k,17,5
1782112870,gsm-1,osmo-hlr-546bdb8988-hrdk9,1,2
1782112870,gsm-1,osmo-mgw-8c8fc67d6-s9g6z,1,2
1782112870,gsm-1,osmo-mobile-947867b85-7nh6c,3,28
1782112870,gsm-1,osmo-stp-768687f494-x4cm4,1,2
1782112870,gsm-1,ttcn3-tc-26-6-1-1-1-5dg76,5,10
1782112870,gsm-1,virtphy-858665df6d-ss5w8,8,1
1782112870,kube-system,coredns-c4dbffb5f-p9rsr,3,30
1782112870,kube-system,local-path-provisioner-5c4dc5d66d-nfqxz,1,15
1782112870,kube-system,metrics-server-786d997795-hcp2m,8,47
1782112870,kube-system,svclb-traefik-1100f998-kpm9h,0,0
1782112870,kube-system,traefik-9bcdbbd9-qtpjt,1,37
1782112872,gsm-1,msc-test-stub-5b875d749d-xj766,1,16
1782112872,gsm-1,osmo-bsc-594654bd47-9f8qf,1,5
1782112872,gsm-1,osmo-bts-virtual-5f8b9b86fc-t6w8k,17,5
1782112872,gsm-1,osmo-hlr-546bdb8988-hrdk9,1,2
1782112872,gsm-1,osmo-mgw-8c8fc67d6-s9g6z,1,2
1782112872,gsm-1,osmo-mobile-947867b85-7nh6c,3,28
1782112872,gsm-1,osmo-stp-768687f494-x4cm4,1,2
1782112872,gsm-1,ttcn3-tc-26-6-1-1-1-5dg76,5,10
1782112872,gsm-1,virtphy-858665df6d-ss5w8,8,1
1782112872,kube-system,coredns-c4dbffb5f-p9rsr,3,30
1782112872,kube-system,local-path-provisioner-5c4dc5d66d-nfqxz,1,15
1782112872,kube-system,metrics-server-786d997795-hcp2m,8,47
1782112872,kube-system,svclb-traefik-1100f998-kpm9h,0,0
1782112872,kube-system,traefik-9bcdbbd9-qtpjt,1,37
1782112874,gsm-1,msc-test-stub-5b875d749d-xj766,1,16
1782112874,gsm-1,osmo-bsc-594654bd47-9f8qf,1,5
1782112874,gsm-1,osmo-bts-virtual-5f8b9b86fc-t6w8k,17,5
1782112874,gsm-1,osmo-hlr-546bdb8988-hrdk9,1,2
1782112874,gsm-1,osmo-mgw-8c8fc67d6-s9g6z,1,2
1782112874,gsm-1,osmo-mobile-947867b85-7nh6c,3,28
1782112874,gsm-1,osmo-stp-768687f494-x4cm4,1,2
1782112874,gsm-1,ttcn3-tc-26-6-1-1-1-5dg76,1,10
1782112874,gsm-1,virtphy-858665df6d-ss5w8,8,1
1782112874,kube-system,coredns-c4dbffb5f-p9rsr,4,30
1782112874,kube-system,local-path-provisioner-5c4dc5d66d-nfqxz,1,15
1782112874,kube-system,metrics-server-786d997795-hcp2m,8,47
1782112874,kube-system,svclb-traefik-1100f998-kpm9h,0,0
1782112874,kube-system,traefik-9bcdbbd9-qtpjt,1,37
1782112876,gsm-1,msc-test-stub-5b875d749d-xj766,1,16
1782112876,gsm-1,osmo-bsc-594654bd47-9f8qf,1,5
1782112876,gsm-1,osmo-bts-virtual-5f8b9b86fc-t6w8k,17,5
1782112876,gsm-1,osmo-hlr-546bdb8988-hrdk9,1,2
1782112876,gsm-1,osmo-mgw-8c8fc67d6-s9g6z,1,2
1782112876,gsm-1,osmo-mobile-947867b85-7nh6c,3,28
1782112876,gsm-1,osmo-stp-768687f494-x4cm4,1,2
1782112876,gsm-1,ttcn3-tc-26-6-1-1-1-5dg76,1,10
1782112876,gsm-1,virtphy-858665df6d-ss5w8,8,1
1782112876,kube-system,coredns-c4dbffb5f-p9rsr,4,30
1782112876,kube-system,local-path-provisioner-5c4dc5d66d-nfqxz,1,15
1782112876,kube-system,metrics-server-786d997795-hcp2m,8,47
1782112876,kube-system,svclb-traefik-1100f998-kpm9h,0,0
1782112876,kube-system,traefik-9bcdbbd9-qtpjt,1,37
1782112879,gsm-1,msc-test-stub-5b875d749d-xj766,1,16
1782112879,gsm-1,osmo-bsc-594654bd47-9f8qf,1,5
1782112879,gsm-1,osmo-bts-virtual-5f8b9b86fc-t6w8k,17,5
1782112879,gsm-1,osmo-hlr-546bdb8988-hrdk9,1,2
1782112879,gsm-1,osmo-mgw-8c8fc67d6-s9g6z,1,2
1782112879,gsm-1,osmo-mobile-947867b85-7nh6c,3,28
1782112879,gsm-1,osmo-stp-768687f494-x4cm4,1,2
1782112879,gsm-1,ttcn3-tc-26-6-1-1-1-5dg76,1,10
1782112879,gsm-1,virtphy-858665df6d-ss5w8,8,1
1782112879,kube-system,coredns-c4dbffb5f-p9rsr,4,30
1782112879,kube-system,local-path-provisioner-5c4dc5d66d-nfqxz,1,15
1782112879,kube-system,metrics-server-786d997795-hcp2m,8,47
1782112879,kube-system,svclb-traefik-1100f998-kpm9h,0,0
1782112879,kube-system,traefik-9bcdbbd9-qtpjt,1,37
1782112881,gsm-1,msc-test-stub-5b875d749d-xj766,1,16
1782112881,gsm-1,osmo-bsc-594654bd47-9f8qf,1,5
1782112881,gsm-1,osmo-bts-virtual-5f8b9b86fc-t6w8k,17,5
1782112881,gsm-1,osmo-hlr-546bdb8988-hrdk9,1,2
1782112881,gsm-1,osmo-mgw-8c8fc67d6-s9g6z,1,2
1782112881,gsm-1,osmo-mobile-947867b85-7nh6c,3,28
1782112881,gsm-1,osmo-stp-768687f494-x4cm4,1,2
1782112881,gsm-1,ttcn3-tc-26-6-1-1-1-5dg76,1,10
1782112881,gsm-1,virtphy-858665df6d-ss5w8,8,1
1782112881,kube-system,coredns-c4dbffb5f-p9rsr,4,30
1782112881,kube-system,local-path-provisioner-5c4dc5d66d-nfqxz,1,15
1782112881,kube-system,metrics-server-786d997795-hcp2m,8,47
1782112881,kube-system,svclb-traefik-1100f998-kpm9h,0,0
1782112881,kube-system,traefik-9bcdbbd9-qtpjt,1,37
1782112883,gsm-1,msc-test-stub-5b875d749d-xj766,1,16
1782112883,gsm-1,osmo-bsc-594654bd47-9f8qf,1,5
1782112883,gsm-1,osmo-bts-virtual-5f8b9b86fc-t6w8k,17,5
1782112883,gsm-1,osmo-hlr-546bdb8988-hrdk9,1,2
1782112883,gsm-1,osmo-mgw-8c8fc67d6-s9g6z,1,2
1782112883,gsm-1,osmo-mobile-947867b85-7nh6c,3,28
1782112883,gsm-1,osmo-stp-768687f494-x4cm4,1,2
1782112883,gsm-1,ttcn3-tc-26-6-1-1-1-5dg76,1,10
1782112883,gsm-1,virtphy-858665df6d-ss5w8,8,1
1782112883,kube-system,coredns-c4dbffb5f-p9rsr,4,30
1782112883,kube-system,local-path-provisioner-5c4dc5d66d-nfqxz,1,15
1782112883,kube-system,metrics-server-786d997795-hcp2m,8,47
1782112883,kube-system,svclb-traefik-1100f998-kpm9h,0,0
1782112883,kube-system,traefik-9bcdbbd9-qtpjt,1,37
1782112886,gsm-1,msc-test-stub-5b875d749d-xj766,1,16
1782112886,gsm-1,osmo-bsc-594654bd47-9f8qf,1,5
1782112886,gsm-1,osmo-bts-virtual-5f8b9b86fc-t6w8k,17,5
1782112886,gsm-1,osmo-hlr-546bdb8988-hrdk9,1,2
1782112886,gsm-1,osmo-mgw-8c8fc67d6-s9g6z,1,2
1782112886,gsm-1,osmo-mobile-947867b85-7nh6c,3,28
1782112886,gsm-1,osmo-stp-768687f494-x4cm4,1,2
1782112886,gsm-1,ttcn3-tc-26-6-1-1-1-5dg76,1,10
1782112886,gsm-1,virtphy-858665df6d-ss5w8,8,1
1782112886,kube-system,coredns-c4dbffb5f-p9rsr,4,30
1782112886,kube-system,local-path-provisioner-5c4dc5d66d-nfqxz,1,15
1782112886,kube-system,metrics-server-786d997795-hcp2m,8,47
1782112886,kube-system,svclb-traefik-1100f998-kpm9h,0,0
1782112886,kube-system,traefik-9bcdbbd9-qtpjt,1,37
1782112889,gsm-1,msc-test-stub-5b875d749d-xj766,1,16
1782112889,gsm-1,osmo-bsc-594654bd47-9f8qf,1,5
1782112889,gsm-1,osmo-bts-virtual-5f8b9b86fc-t6w8k,17,5
1782112889,gsm-1,osmo-hlr-546bdb8988-hrdk9,1,2
1782112889,gsm-1,osmo-mgw-8c8fc67d6-s9g6z,1,2
1782112889,gsm-1,osmo-mobile-947867b85-7nh6c,3,28
1782112889,gsm-1,osmo-stp-768687f494-x4cm4,1,2
1782112889,gsm-1,ttcn3-tc-26-6-1-1-1-5dg76,1,10
1782112889,gsm-1,virtphy-858665df6d-ss5w8,8,1
1782112889,kube-system,coredns-c4dbffb5f-p9rsr,3,30
1782112889,kube-system,local-path-provisioner-5c4dc5d66d-nfqxz,1,15
1782112889,kube-system,metrics-server-786d997795-hcp2m,8,47
1782112889,kube-system,svclb-traefik-1100f998-kpm9h,0,0
1782112889,kube-system,traefik-9bcdbbd9-qtpjt,2,37
1782112891,gsm-1,msc-test-stub-5b875d749d-xj766,1,16
1782112891,gsm-1,osmo-bsc-594654bd47-9f8qf,1,5
1782112891,gsm-1,osmo-bts-virtual-5f8b9b86fc-t6w8k,17,5
1782112891,gsm-1,osmo-hlr-546bdb8988-hrdk9,1,2
1782112891,gsm-1,osmo-mgw-8c8fc67d6-s9g6z,1,2
1782112891,gsm-1,osmo-mobile-947867b85-7nh6c,3,28
1782112891,gsm-1,osmo-stp-768687f494-x4cm4,1,2
1782112891,gsm-1,ttcn3-tc-26-6-1-1-1-5dg76,1,10
1782112891,gsm-1,virtphy-858665df6d-ss5w8,8,1
1782112891,kube-system,coredns-c4dbffb5f-p9rsr,3,30
1782112891,kube-system,local-path-provisioner-5c4dc5d66d-nfqxz,1,15
1782112891,kube-system,metrics-server-786d997795-hcp2m,8,47
1782112891,kube-system,svclb-traefik-1100f998-kpm9h,0,0
1782112891,kube-system,traefik-9bcdbbd9-qtpjt,2,37
1782112893,gsm-1,msc-test-stub-5b875d749d-xj766,1,16
1782112893,gsm-1,osmo-bsc-594654bd47-9f8qf,1,5
1782112893,gsm-1,osmo-bts-virtual-5f8b9b86fc-t6w8k,17,5
1782112893,gsm-1,osmo-hlr-546bdb8988-hrdk9,1,2
1782112893,gsm-1,osmo-mgw-8c8fc67d6-s9g6z,1,2
1782112893,gsm-1,osmo-mobile-947867b85-7nh6c,3,28
1782112893,gsm-1,osmo-stp-768687f494-x4cm4,1,2
1782112893,gsm-1,ttcn3-tc-26-6-1-1-1-5dg76,1,10
1782112893,gsm-1,virtphy-858665df6d-ss5w8,8,1
1782112893,kube-system,coredns-c4dbffb5f-p9rsr,3,30
1782112893,kube-system,local-path-provisioner-5c4dc5d66d-nfqxz,1,15
1782112893,kube-system,metrics-server-786d997795-hcp2m,8,47
1782112893,kube-system,svclb-traefik-1100f998-kpm9h,0,0
1782112893,kube-system,traefik-9bcdbbd9-qtpjt,2,37
1782112895,gsm-1,msc-test-stub-5b875d749d-xj766,1,16
1782112895,gsm-1,osmo-bsc-594654bd47-9f8qf,1,5
1782112895,gsm-1,osmo-bts-virtual-5f8b9b86fc-t6w8k,17,5
1782112895,gsm-1,osmo-hlr-546bdb8988-hrdk9,1,2
1782112895,gsm-1,osmo-mgw-8c8fc67d6-s9g6z,1,2
1782112895,gsm-1,osmo-mobile-947867b85-7nh6c,3,28
1782112895,gsm-1,osmo-stp-768687f494-x4cm4,1,2
1782112895,gsm-1,ttcn3-tc-26-6-1-1-1-5dg76,1,10
1782112895,gsm-1,virtphy-858665df6d-ss5w8,8,1
1782112895,kube-system,coredns-c4dbffb5f-p9rsr,3,30
1782112895,kube-system,local-path-provisioner-5c4dc5d66d-nfqxz,1,15
1782112895,kube-system,metrics-server-786d997795-hcp2m,8,47
1782112895,kube-system,svclb-traefik-1100f998-kpm9h,0,0
1782112895,kube-system,traefik-9bcdbbd9-qtpjt,2,37
1782112897,gsm-1,msc-test-stub-5b875d749d-xj766,1,16
1782112897,gsm-1,osmo-bsc-594654bd47-9f8qf,1,5
1782112897,gsm-1,osmo-bts-virtual-5f8b9b86fc-t6w8k,17,5
1782112897,gsm-1,osmo-hlr-546bdb8988-hrdk9,1,2
1782112897,gsm-1,osmo-mgw-8c8fc67d6-s9g6z,1,2
1782112897,gsm-1,osmo-mobile-947867b85-7nh6c,3,28
1782112897,gsm-1,osmo-stp-768687f494-x4cm4,1,2
1782112897,gsm-1,ttcn3-tc-26-6-1-1-1-5dg76,1,10
1782112897,gsm-1,virtphy-858665df6d-ss5w8,8,1
1782112897,kube-system,coredns-c4dbffb5f-p9rsr,3,30
1782112897,kube-system,local-path-provisioner-5c4dc5d66d-nfqxz,1,15
1782112897,kube-system,metrics-server-786d997795-hcp2m,8,47
1782112897,kube-system,svclb-traefik-1100f998-kpm9h,0,0
1782112897,kube-system,traefik-9bcdbbd9-qtpjt,2,37
1782112899,gsm-1,msc-test-stub-5b875d749d-xj766,1,16
1782112899,gsm-1,osmo-bsc-594654bd47-9f8qf,1,5
1782112899,gsm-1,osmo-bts-virtual-5f8b9b86fc-t6w8k,17,5
1782112899,gsm-1,osmo-hlr-546bdb8988-hrdk9,1,2
1782112899,gsm-1,osmo-mgw-8c8fc67d6-s9g6z,1,2
1782112899,gsm-1,osmo-mobile-947867b85-7nh6c,3,28
1782112899,gsm-1,osmo-stp-768687f494-x4cm4,1,2
1782112899,gsm-1,ttcn3-tc-26-6-1-1-1-5dg76,1,10
1782112899,gsm-1,virtphy-858665df6d-ss5w8,8,1
1782112899,kube-system,coredns-c4dbffb5f-p9rsr,3,30
1782112899,kube-system,local-path-provisioner-5c4dc5d66d-nfqxz,1,15
1782112899,kube-system,metrics-server-786d997795-hcp2m,8,47
1782112899,kube-system,svclb-traefik-1100f998-kpm9h,0,0
1782112899,kube-system,traefik-9bcdbbd9-qtpjt,2,37
1782112901,gsm-1,msc-test-stub-5b875d749d-xj766,1,16
1782112901,gsm-1,osmo-bsc-594654bd47-9f8qf,1,5
1782112901,gsm-1,osmo-bts-virtual-5f8b9b86fc-t6w8k,17,5
1782112901,gsm-1,osmo-hlr-546bdb8988-hrdk9,1,2
1782112901,gsm-1,osmo-mgw-8c8fc67d6-s9g6z,1,2
1782112901,gsm-1,osmo-mobile-947867b85-7nh6c,3,28
1782112901,gsm-1,osmo-stp-768687f494-x4cm4,1,2
1782112901,gsm-1,ttcn3-tc-26-6-1-1-1-5dg76,1,10
1782112901,gsm-1,virtphy-858665df6d-ss5w8,8,1
1782112901,kube-system,coredns-c4dbffb5f-p9rsr,3,30
1782112901,kube-system,local-path-provisioner-5c4dc5d66d-nfqxz,1,15
1782112901,kube-system,metrics-server-786d997795-hcp2m,8,47
1782112901,kube-system,svclb-traefik-1100f998-kpm9h,0,0
1782112901,kube-system,traefik-9bcdbbd9-qtpjt,2,37
1782112903,gsm-1,msc-test-stub-5b875d749d-xj766,1,16
1782112903,gsm-1,osmo-bsc-594654bd47-9f8qf,1,5
1782112903,gsm-1,osmo-bts-virtual-5f8b9b86fc-t6w8k,17,5
1782112903,gsm-1,osmo-hlr-546bdb8988-hrdk9,1,2
1782112903,gsm-1,osmo-mgw-8c8fc67d6-s9g6z,1,2
1782112903,gsm-1,osmo-mobile-947867b85-7nh6c,3,28
1782112903,gsm-1,osmo-stp-768687f494-x4cm4,1,2
1782112903,gsm-1,ttcn3-tc-26-6-1-1-1-5dg76,1,10
1782112903,gsm-1,virtphy-858665df6d-ss5w8,8,1
1782112903,kube-system,coredns-c4dbffb5f-p9rsr,3,30
1782112903,kube-system,local-path-provisioner-5c4dc5d66d-nfqxz,1,15
1782112903,kube-system,metrics-server-786d997795-hcp2m,10,47
1782112903,kube-system,svclb-traefik-1100f998-kpm9h,0,0
1782112903,kube-system,traefik-9bcdbbd9-qtpjt,2,37
1782112906,gsm-1,msc-test-stub-5b875d749d-xj766,1,16
1782112906,gsm-1,osmo-bsc-594654bd47-9f8qf,1,5
1782112906,gsm-1,osmo-bts-virtual-5f8b9b86fc-t6w8k,17,5
1782112906,gsm-1,osmo-hlr-546bdb8988-hrdk9,1,2
1782112906,gsm-1,osmo-mgw-8c8fc67d6-s9g6z,1,2
1782112906,gsm-1,osmo-mobile-947867b85-7nh6c,3,28
1782112906,gsm-1,osmo-stp-768687f494-x4cm4,1,2
1782112906,gsm-1,ttcn3-tc-26-6-1-1-1-5dg76,1,10
1782112906,gsm-1,virtphy-858665df6d-ss5w8,8,1
1782112906,kube-system,coredns-c4dbffb5f-p9rsr,3,30
1782112906,kube-system,local-path-provisioner-5c4dc5d66d-nfqxz,1,15
1782112906,kube-system,metrics-server-786d997795-hcp2m,10,47
1782112906,kube-system,svclb-traefik-1100f998-kpm9h,0,0
1782112906,kube-system,traefik-9bcdbbd9-qtpjt,2,37
1782112908,gsm-1,msc-test-stub-5b875d749d-xj766,1,16
1782112908,gsm-1,osmo-bsc-594654bd47-9f8qf,1,5
1782112908,gsm-1,osmo-bts-virtual-5f8b9b86fc-t6w8k,17,5
1782112908,gsm-1,osmo-hlr-546bdb8988-hrdk9,1,2
1782112908,gsm-1,osmo-mgw-8c8fc67d6-s9g6z,1,2
1782112908,gsm-1,osmo-mobile-947867b85-7nh6c,3,28
1782112908,gsm-1,osmo-stp-768687f494-x4cm4,1,2
1782112908,gsm-1,ttcn3-tc-26-6-1-1-1-5dg76,1,10
1782112908,gsm-1,virtphy-858665df6d-ss5w8,8,1
1782112908,kube-system,coredns-c4dbffb5f-p9rsr,3,30
1782112908,kube-system,local-path-provisioner-5c4dc5d66d-nfqxz,1,15
1782112908,kube-system,metrics-server-786d997795-hcp2m,10,47
1782112908,kube-system,svclb-traefik-1100f998-kpm9h,0,0
1782112908,kube-system,traefik-9bcdbbd9-qtpjt,2,37
1782112910,gsm-1,msc-test-stub-5b875d749d-xj766,1,16
1782112910,gsm-1,osmo-bsc-594654bd47-9f8qf,1,5
1782112910,gsm-1,osmo-bts-virtual-5f8b9b86fc-t6w8k,17,5
1782112910,gsm-1,osmo-hlr-546bdb8988-hrdk9,1,2
1782112910,gsm-1,osmo-mgw-8c8fc67d6-s9g6z,1,2
1782112910,gsm-1,osmo-mobile-947867b85-7nh6c,3,28
1782112910,gsm-1,osmo-stp-768687f494-x4cm4,1,2
1782112910,gsm-1,ttcn3-tc-26-6-1-1-1-5dg76,1,10
1782112910,gsm-1,virtphy-858665df6d-ss5w8,8,1
1782112910,kube-system,coredns-c4dbffb5f-p9rsr,3,30
1782112910,kube-system,local-path-provisioner-5c4dc5d66d-nfqxz,1,15
1782112910,kube-system,metrics-server-786d997795-hcp2m,10,47
1782112910,kube-system,svclb-traefik-1100f998-kpm9h,0,0
1782112910,kube-system,traefik-9bcdbbd9-qtpjt,2,37
1782112912,gsm-1,msc-test-stub-5b875d749d-xj766,1,16
1782112912,gsm-1,osmo-bsc-594654bd47-9f8qf,1,5
1782112912,gsm-1,osmo-bts-virtual-5f8b9b86fc-t6w8k,17,5
1782112912,gsm-1,osmo-hlr-546bdb8988-hrdk9,1,2
1782112912,gsm-1,osmo-mgw-8c8fc67d6-s9g6z,1,2
1782112912,gsm-1,osmo-mobile-947867b85-7nh6c,3,28
1782112912,gsm-1,osmo-stp-768687f494-x4cm4,1,2
1782112912,gsm-1,ttcn3-tc-26-6-1-1-1-5dg76,1,10
1782112912,gsm-1,virtphy-858665df6d-ss5w8,8,1
1782112912,kube-system,coredns-c4dbffb5f-p9rsr,3,30
1782112912,kube-system,local-path-provisioner-5c4dc5d66d-nfqxz,1,15
1782112912,kube-system,metrics-server-786d997795-hcp2m,10,47
1782112912,kube-system,svclb-traefik-1100f998-kpm9h,0,0
1782112912,kube-system,traefik-9bcdbbd9-qtpjt,2,37
1782112914,gsm-1,msc-test-stub-5b875d749d-xj766,1,16
1782112914,gsm-1,osmo-bsc-594654bd47-9f8qf,1,5
1782112914,gsm-1,osmo-bts-virtual-5f8b9b86fc-t6w8k,17,5
1782112914,gsm-1,osmo-hlr-546bdb8988-hrdk9,1,2
1782112914,gsm-1,osmo-mgw-8c8fc67d6-s9g6z,1,2
1782112914,gsm-1,osmo-mobile-947867b85-7nh6c,3,28
1782112914,gsm-1,osmo-stp-768687f494-x4cm4,1,2
1782112914,gsm-1,ttcn3-tc-26-6-1-1-1-5dg76,1,10
1782112914,gsm-1,virtphy-858665df6d-ss5w8,8,1
1782112914,kube-system,coredns-c4dbffb5f-p9rsr,3,30
1782112914,kube-system,local-path-provisioner-5c4dc5d66d-nfqxz,1,15
1782112914,kube-system,metrics-server-786d997795-hcp2m,10,47
1782112914,kube-system,svclb-traefik-1100f998-kpm9h,0,0
1782112914,kube-system,traefik-9bcdbbd9-qtpjt,2,37
1782112916,gsm-1,msc-test-stub-5b875d749d-xj766,1,16
1782112916,gsm-1,osmo-bsc-594654bd47-9f8qf,1,5
1782112916,gsm-1,osmo-bts-virtual-5f8b9b86fc-t6w8k,17,5
1782112916,gsm-1,osmo-hlr-546bdb8988-hrdk9,1,2
1782112916,gsm-1,osmo-mgw-8c8fc67d6-s9g6z,1,2
1782112916,gsm-1,osmo-mobile-947867b85-7nh6c,3,28
1782112916,gsm-1,osmo-stp-768687f494-x4cm4,1,2
1782112916,gsm-1,ttcn3-tc-26-6-1-1-1-5dg76,1,10
1782112916,gsm-1,virtphy-858665df6d-ss5w8,8,1
1782112916,kube-system,coredns-c4dbffb5f-p9rsr,3,30
1782112916,kube-system,local-path-provisioner-5c4dc5d66d-nfqxz,1,15
1782112916,kube-system,metrics-server-786d997795-hcp2m,10,47
1782112916,kube-system,svclb-traefik-1100f998-kpm9h,0,0
1782112916,kube-system,traefik-9bcdbbd9-qtpjt,2,37
1782112918,gsm-1,msc-test-stub-5b875d749d-xj766,1,16
1782112918,gsm-1,osmo-bsc-594654bd47-9f8qf,1,5
1782112918,gsm-1,osmo-bts-virtual-5f8b9b86fc-t6w8k,19,5
1782112918,gsm-1,osmo-hlr-546bdb8988-hrdk9,1,2
1782112918,gsm-1,osmo-mgw-8c8fc67d6-s9g6z,1,2
1782112918,gsm-1,osmo-mobile-947867b85-7nh6c,3,28
1782112918,gsm-1,osmo-stp-768687f494-x4cm4,1,2
1782112918,gsm-1,ttcn3-tc-26-6-1-1-1-5dg76,1,10
1782112918,gsm-1,virtphy-858665df6d-ss5w8,8,1
1782112918,kube-system,coredns-c4dbffb5f-p9rsr,3,30
1782112918,kube-system,local-path-provisioner-5c4dc5d66d-nfqxz,1,15
1782112918,kube-system,metrics-server-786d997795-hcp2m,8,47
1782112918,kube-system,svclb-traefik-1100f998-kpm9h,0,0
1782112918,kube-system,traefik-9bcdbbd9-qtpjt,1,37
1782112920,gsm-1,msc-test-stub-5b875d749d-xj766,1,16
1782112920,gsm-1,osmo-bsc-594654bd47-9f8qf,1,5
1782112920,gsm-1,osmo-bts-virtual-5f8b9b86fc-t6w8k,19,5
1782112920,gsm-1,osmo-hlr-546bdb8988-hrdk9,1,2
1782112920,gsm-1,osmo-mgw-8c8fc67d6-s9g6z,1,2
1782112920,gsm-1,osmo-mobile-947867b85-7nh6c,3,28
1782112920,gsm-1,osmo-stp-768687f494-x4cm4,1,2
1782112920,gsm-1,ttcn3-tc-26-6-1-1-1-5dg76,1,10
1782112920,gsm-1,virtphy-858665df6d-ss5w8,8,1
1782112920,kube-system,coredns-c4dbffb5f-p9rsr,3,30
1782112920,kube-system,local-path-provisioner-5c4dc5d66d-nfqxz,1,15
1782112920,kube-system,metrics-server-786d997795-hcp2m,8,47
1782112920,kube-system,svclb-traefik-1100f998-kpm9h,0,0
1782112920,kube-system,traefik-9bcdbbd9-qtpjt,1,37
1782112922,gsm-1,msc-test-stub-5b875d749d-xj766,1,16
1782112922,gsm-1,osmo-bsc-594654bd47-9f8qf,1,5
1782112922,gsm-1,osmo-bts-virtual-5f8b9b86fc-t6w8k,19,5
1782112922,gsm-1,osmo-hlr-546bdb8988-hrdk9,1,2
1782112922,gsm-1,osmo-mgw-8c8fc67d6-s9g6z,1,2
1782112922,gsm-1,osmo-mobile-947867b85-7nh6c,3,28
1782112922,gsm-1,osmo-stp-768687f494-x4cm4,1,2
1782112922,gsm-1,ttcn3-tc-26-6-1-1-1-5dg76,1,10
1782112922,gsm-1,virtphy-858665df6d-ss5w8,8,1
1782112922,kube-system,coredns-c4dbffb5f-p9rsr,3,30
1782112922,kube-system,local-path-provisioner-5c4dc5d66d-nfqxz,1,15
1782112922,kube-system,metrics-server-786d997795-hcp2m,8,47
1782112922,kube-system,svclb-traefik-1100f998-kpm9h,0,0
1782112922,kube-system,traefik-9bcdbbd9-qtpjt,1,37
1782112925,gsm-1,msc-test-stub-5b875d749d-xj766,1,16
1782112925,gsm-1,osmo-bsc-594654bd47-9f8qf,1,5
1782112925,gsm-1,osmo-bts-virtual-5f8b9b86fc-t6w8k,19,5
1782112925,gsm-1,osmo-hlr-546bdb8988-hrdk9,1,2
1782112925,gsm-1,osmo-mgw-8c8fc67d6-s9g6z,1,2
1782112925,gsm-1,osmo-mobile-947867b85-7nh6c,3,28
1782112925,gsm-1,osmo-stp-768687f494-x4cm4,1,2
1782112925,gsm-1,ttcn3-tc-26-6-1-1-1-5dg76,1,10
1782112925,gsm-1,virtphy-858665df6d-ss5w8,8,1
1782112925,kube-system,coredns-c4dbffb5f-p9rsr,3,30
1782112925,kube-system,local-path-provisioner-5c4dc5d66d-nfqxz,1,15
1782112925,kube-system,metrics-server-786d997795-hcp2m,8,47
1782112925,kube-system,svclb-traefik-1100f998-kpm9h,0,0
1782112925,kube-system,traefik-9bcdbbd9-qtpjt,1,37
1782112927,gsm-1,msc-test-stub-5b875d749d-xj766,1,16
1782112927,gsm-1,osmo-bsc-594654bd47-9f8qf,1,5
1782112927,gsm-1,osmo-bts-virtual-5f8b9b86fc-t6w8k,19,5
1782112927,gsm-1,osmo-hlr-546bdb8988-hrdk9,1,2
1782112927,gsm-1,osmo-mgw-8c8fc67d6-s9g6z,1,2
1782112927,gsm-1,osmo-mobile-947867b85-7nh6c,3,28
1782112927,gsm-1,osmo-stp-768687f494-x4cm4,1,2
1782112927,gsm-1,ttcn3-tc-26-6-1-1-1-5dg76,1,10
1782112927,gsm-1,virtphy-858665df6d-ss5w8,8,1
1782112927,kube-system,coredns-c4dbffb5f-p9rsr,3,30
1782112927,kube-system,local-path-provisioner-5c4dc5d66d-nfqxz,1,15
1782112927,kube-system,metrics-server-786d997795-hcp2m,8,47
1782112927,kube-system,svclb-traefik-1100f998-kpm9h,0,0
1782112927,kube-system,traefik-9bcdbbd9-qtpjt,1,37
1782112929,gsm-1,msc-test-stub-5b875d749d-xj766,1,16
1782112929,gsm-1,osmo-bsc-594654bd47-9f8qf,1,5
1782112929,gsm-1,osmo-bts-virtual-5f8b9b86fc-t6w8k,19,5
1782112929,gsm-1,osmo-hlr-546bdb8988-hrdk9,1,2
1782112929,gsm-1,osmo-mgw-8c8fc67d6-s9g6z,1,2
1782112929,gsm-1,osmo-mobile-947867b85-7nh6c,3,28
1782112929,gsm-1,osmo-stp-768687f494-x4cm4,1,2
1782112929,gsm-1,ttcn3-tc-26-6-1-1-1-5dg76,1,10
1782112929,gsm-1,virtphy-858665df6d-ss5w8,8,1
1782112929,kube-system,coredns-c4dbffb5f-p9rsr,3,30
1782112929,kube-system,local-path-provisioner-5c4dc5d66d-nfqxz,1,15
1782112929,kube-system,metrics-server-786d997795-hcp2m,8,47
1782112929,kube-system,svclb-traefik-1100f998-kpm9h,0,0
1782112929,kube-system,traefik-9bcdbbd9-qtpjt,1,37
1782112931,gsm-1,msc-test-stub-5b875d749d-xj766,1,16
1782112931,gsm-1,osmo-bsc-594654bd47-9f8qf,1,5
1782112931,gsm-1,osmo-bts-virtual-5f8b9b86fc-t6w8k,19,5
1782112931,gsm-1,osmo-hlr-546bdb8988-hrdk9,1,2
1782112931,gsm-1,osmo-mgw-8c8fc67d6-s9g6z,1,2
1782112931,gsm-1,osmo-mobile-947867b85-7nh6c,3,28
1782112931,gsm-1,osmo-stp-768687f494-x4cm4,1,2
1782112931,gsm-1,ttcn3-tc-26-6-1-1-1-5dg76,1,10
1782112931,gsm-1,virtphy-858665df6d-ss5w8,8,1
1782112931,kube-system,coredns-c4dbffb5f-p9rsr,3,30
1782112931,kube-system,local-path-provisioner-5c4dc5d66d-nfqxz,1,15
1782112931,kube-system,metrics-server-786d997795-hcp2m,8,47
1782112931,kube-system,svclb-traefik-1100f998-kpm9h,0,0
1782112931,kube-system,traefik-9bcdbbd9-qtpjt,1,37
1782112933,gsm-1,msc-test-stub-5b875d749d-xj766,1,16
1782112933,gsm-1,osmo-bsc-594654bd47-9f8qf,1,5
1782112933,gsm-1,osmo-bts-virtual-5f8b9b86fc-t6w8k,19,5
1782112933,gsm-1,osmo-hlr-546bdb8988-hrdk9,1,2
1782112933,gsm-1,osmo-mgw-8c8fc67d6-s9g6z,1,2
1782112933,gsm-1,osmo-mobile-947867b85-7nh6c,3,28
1782112933,gsm-1,osmo-stp-768687f494-x4cm4,1,2
1782112933,gsm-1,ttcn3-tc-26-6-1-1-1-5dg76,1,10
1782112933,gsm-1,virtphy-858665df6d-ss5w8,8,1
1782112933,kube-system,coredns-c4dbffb5f-p9rsr,3,30
1782112933,kube-system,local-path-provisioner-5c4dc5d66d-nfqxz,1,15
1782112933,kube-system,metrics-server-786d997795-hcp2m,7,47
1782112933,kube-system,svclb-traefik-1100f998-kpm9h,0,0
1782112933,kube-system,traefik-9bcdbbd9-qtpjt,1,37
1782112935,gsm-1,msc-test-stub-5b875d749d-xj766,1,16
1782112935,gsm-1,osmo-bsc-594654bd47-9f8qf,1,5
1782112935,gsm-1,osmo-bts-virtual-5f8b9b86fc-t6w8k,19,5
1782112935,gsm-1,osmo-hlr-546bdb8988-hrdk9,1,2
1782112935,gsm-1,osmo-mgw-8c8fc67d6-s9g6z,1,2
1782112935,gsm-1,osmo-mobile-947867b85-7nh6c,3,28
1782112935,gsm-1,osmo-stp-768687f494-x4cm4,1,2
1782112935,gsm-1,ttcn3-tc-26-6-1-1-1-5dg76,1,10
1782112935,gsm-1,virtphy-858665df6d-ss5w8,8,1
1782112935,kube-system,coredns-c4dbffb5f-p9rsr,3,30
1782112935,kube-system,local-path-provisioner-5c4dc5d66d-nfqxz,1,15
1782112935,kube-system,metrics-server-786d997795-hcp2m,7,47
1782112935,kube-system,svclb-traefik-1100f998-kpm9h,0,0
1782112935,kube-system,traefik-9bcdbbd9-qtpjt,1,37
1782112938,gsm-1,msc-test-stub-5b875d749d-xj766,1,16
1782112938,gsm-1,osmo-bsc-594654bd47-9f8qf,1,5
1782112938,gsm-1,osmo-bts-virtual-5f8b9b86fc-t6w8k,19,5
1782112938,gsm-1,osmo-hlr-546bdb8988-hrdk9,1,2
1782112938,gsm-1,osmo-mgw-8c8fc67d6-s9g6z,1,2
1782112938,gsm-1,osmo-mobile-947867b85-7nh6c,3,28
1782112938,gsm-1,osmo-stp-768687f494-x4cm4,1,2
1782112938,gsm-1,ttcn3-tc-26-6-1-1-1-5dg76,1,10
1782112938,gsm-1,virtphy-858665df6d-ss5w8,8,1
1782112938,kube-system,coredns-c4dbffb5f-p9rsr,3,30
1782112938,kube-system,local-path-provisioner-5c4dc5d66d-nfqxz,1,15
1782112938,kube-system,metrics-server-786d997795-hcp2m,7,47
1782112938,kube-system,svclb-traefik-1100f998-kpm9h,0,0
1782112938,kube-system,traefik-9bcdbbd9-qtpjt,1,37
1782112940,gsm-1,msc-test-stub-5b875d749d-xj766,1,16
1782112940,gsm-1,osmo-bsc-594654bd47-9f8qf,1,5
1782112940,gsm-1,osmo-bts-virtual-5f8b9b86fc-t6w8k,19,5
1782112940,gsm-1,osmo-hlr-546bdb8988-hrdk9,1,2
1782112940,gsm-1,osmo-mgw-8c8fc67d6-s9g6z,1,2
1782112940,gsm-1,osmo-mobile-947867b85-7nh6c,3,28
1782112940,gsm-1,osmo-stp-768687f494-x4cm4,1,2
1782112940,gsm-1,ttcn3-tc-26-6-1-1-1-5dg76,1,10
1782112940,gsm-1,virtphy-858665df6d-ss5w8,8,1
1782112940,kube-system,coredns-c4dbffb5f-p9rsr,3,30
1782112940,kube-system,local-path-provisioner-5c4dc5d66d-nfqxz,1,15
1782112940,kube-system,metrics-server-786d997795-hcp2m,7,47
1782112940,kube-system,svclb-traefik-1100f998-kpm9h,0,0
1782112940,kube-system,traefik-9bcdbbd9-qtpjt,1,37
1782112942,gsm-1,msc-test-stub-5b875d749d-xj766,1,16
1782112942,gsm-1,osmo-bsc-594654bd47-9f8qf,1,5
1782112942,gsm-1,osmo-bts-virtual-5f8b9b86fc-t6w8k,19,5
1782112942,gsm-1,osmo-hlr-546bdb8988-hrdk9,1,2
1782112942,gsm-1,osmo-mgw-8c8fc67d6-s9g6z,1,2
1782112942,gsm-1,osmo-mobile-947867b85-7nh6c,3,28
1782112942,gsm-1,osmo-stp-768687f494-x4cm4,1,2
1782112942,gsm-1,ttcn3-tc-26-6-1-1-1-5dg76,1,10
1782112942,gsm-1,virtphy-858665df6d-ss5w8,8,1
1782112942,kube-system,coredns-c4dbffb5f-p9rsr,3,30
1782112942,kube-system,local-path-provisioner-5c4dc5d66d-nfqxz,1,15
1782112942,kube-system,metrics-server-786d997795-hcp2m,7,47
1782112942,kube-system,svclb-traefik-1100f998-kpm9h,0,0
1782112942,kube-system,traefik-9bcdbbd9-qtpjt,1,37
1782112944,gsm-1,msc-test-stub-5b875d749d-xj766,1,16
1782112944,gsm-1,osmo-bsc-594654bd47-9f8qf,1,5
1782112944,gsm-1,osmo-bts-virtual-5f8b9b86fc-t6w8k,19,5
1782112944,gsm-1,osmo-hlr-546bdb8988-hrdk9,1,2
1782112944,gsm-1,osmo-mgw-8c8fc67d6-s9g6z,1,2
1782112944,gsm-1,osmo-mobile-947867b85-7nh6c,3,28
1782112944,gsm-1,osmo-stp-768687f494-x4cm4,1,2
1782112944,gsm-1,ttcn3-tc-26-6-1-1-1-5dg76,1,10
1782112944,gsm-1,virtphy-858665df6d-ss5w8,8,1
1782112944,kube-system,coredns-c4dbffb5f-p9rsr,3,30
1782112944,kube-system,local-path-provisioner-5c4dc5d66d-nfqxz,1,15
1782112944,kube-system,metrics-server-786d997795-hcp2m,7,47
1782112944,kube-system,svclb-traefik-1100f998-kpm9h,0,0
1782112944,kube-system,traefik-9bcdbbd9-qtpjt,1,37
1782112946,gsm-1,msc-test-stub-5b875d749d-xj766,1,16
1782112946,gsm-1,osmo-bsc-594654bd47-9f8qf,1,5
1782112946,gsm-1,osmo-bts-virtual-5f8b9b86fc-t6w8k,19,5
1782112946,gsm-1,osmo-hlr-546bdb8988-hrdk9,1,2
1782112946,gsm-1,osmo-mgw-8c8fc67d6-s9g6z,1,2
1782112946,gsm-1,osmo-mobile-947867b85-7nh6c,3,28
1782112946,gsm-1,osmo-stp-768687f494-x4cm4,1,2
1782112946,gsm-1,ttcn3-tc-26-6-1-1-1-5dg76,1,10
1782112946,gsm-1,virtphy-858665df6d-ss5w8,8,1
1782112946,kube-system,coredns-c4dbffb5f-p9rsr,3,30
1782112946,kube-system,local-path-provisioner-5c4dc5d66d-nfqxz,1,15
1782112946,kube-system,metrics-server-786d997795-hcp2m,7,47
1782112946,kube-system,svclb-traefik-1100f998-kpm9h,0,0
1782112946,kube-system,traefik-9bcdbbd9-qtpjt,1,37
1782112948,gsm-1,msc-test-stub-5b875d749d-xj766,1,16
1782112948,gsm-1,osmo-bsc-594654bd47-9f8qf,1,5
1782112948,gsm-1,osmo-bts-virtual-5f8b9b86fc-t6w8k,17,5
1782112948,gsm-1,osmo-hlr-546bdb8988-hrdk9,1,2
1782112948,gsm-1,osmo-mgw-8c8fc67d6-s9g6z,1,2
1782112948,gsm-1,osmo-mobile-947867b85-7nh6c,3,28
1782112948,gsm-1,osmo-stp-768687f494-x4cm4,1,2
1782112948,gsm-1,ttcn3-tc-26-6-1-1-1-5dg76,1,10
1782112948,gsm-1,virtphy-858665df6d-ss5w8,8,1
1782112948,kube-system,coredns-c4dbffb5f-p9rsr,3,30
1782112948,kube-system,local-path-provisioner-5c4dc5d66d-nfqxz,1,15
1782112948,kube-system,metrics-server-786d997795-hcp2m,9,47
1782112948,kube-system,svclb-traefik-1100f998-kpm9h,0,0
1782112948,kube-system,traefik-9bcdbbd9-qtpjt,1,37
1782112951,gsm-1,msc-test-stub-5b875d749d-xj766,1,16
1782112951,gsm-1,osmo-bsc-594654bd47-9f8qf,1,5
1782112951,gsm-1,osmo-bts-virtual-5f8b9b86fc-t6w8k,17,5
1782112951,gsm-1,osmo-hlr-546bdb8988-hrdk9,1,2
1782112951,gsm-1,osmo-mgw-8c8fc67d6-s9g6z,1,2
1782112951,gsm-1,osmo-mobile-947867b85-7nh6c,3,28
1782112951,gsm-1,osmo-stp-768687f494-x4cm4,1,2
1782112951,gsm-1,ttcn3-tc-26-6-1-1-1-5dg76,1,10
1782112951,gsm-1,virtphy-858665df6d-ss5w8,8,1
1782112951,kube-system,coredns-c4dbffb5f-p9rsr,3,30
1782112951,kube-system,local-path-provisioner-5c4dc5d66d-nfqxz,1,15
1782112951,kube-system,metrics-server-786d997795-hcp2m,9,47
1782112951,kube-system,svclb-traefik-1100f998-kpm9h,0,0
1782112951,kube-system,traefik-9bcdbbd9-qtpjt,1,37
1782112953,gsm-1,msc-test-stub-5b875d749d-xj766,1,16
1782112953,gsm-1,osmo-bsc-594654bd47-9f8qf,1,5
1782112953,gsm-1,osmo-bts-virtual-5f8b9b86fc-t6w8k,17,5
1782112953,gsm-1,osmo-hlr-546bdb8988-hrdk9,1,2
1782112953,gsm-1,osmo-mgw-8c8fc67d6-s9g6z,1,2
1782112953,gsm-1,osmo-mobile-947867b85-7nh6c,3,28
1782112953,gsm-1,osmo-stp-768687f494-x4cm4,1,2
1782112953,gsm-1,ttcn3-tc-26-6-1-1-1-5dg76,1,10
1782112953,gsm-1,virtphy-858665df6d-ss5w8,8,1
1782112953,kube-system,coredns-c4dbffb5f-p9rsr,3,30
1782112953,kube-system,local-path-provisioner-5c4dc5d66d-nfqxz,1,15
1782112953,kube-system,metrics-server-786d997795-hcp2m,9,47
1782112953,kube-system,svclb-traefik-1100f998-kpm9h,0,0
1782112953,kube-system,traefik-9bcdbbd9-qtpjt,1,37
1782112955,gsm-1,msc-test-stub-5b875d749d-xj766,1,16
1782112955,gsm-1,osmo-bsc-594654bd47-9f8qf,1,5
1782112955,gsm-1,osmo-bts-virtual-5f8b9b86fc-t6w8k,17,5
1782112955,gsm-1,osmo-hlr-546bdb8988-hrdk9,1,2
1782112955,gsm-1,osmo-mgw-8c8fc67d6-s9g6z,1,2
1782112955,gsm-1,osmo-mobile-947867b85-7nh6c,3,28
1782112955,gsm-1,osmo-stp-768687f494-x4cm4,1,2
1782112955,gsm-1,ttcn3-tc-26-6-1-1-1-5dg76,1,10
1782112955,gsm-1,virtphy-858665df6d-ss5w8,8,1
1782112955,kube-system,coredns-c4dbffb5f-p9rsr,3,30
1782112955,kube-system,local-path-provisioner-5c4dc5d66d-nfqxz,1,15
1782112955,kube-system,metrics-server-786d997795-hcp2m,9,47
1782112955,kube-system,svclb-traefik-1100f998-kpm9h,0,0
1782112955,kube-system,traefik-9bcdbbd9-qtpjt,1,37
1782112957,gsm-1,msc-test-stub-5b875d749d-xj766,1,16
1782112957,gsm-1,osmo-bsc-594654bd47-9f8qf,1,5
1782112957,gsm-1,osmo-bts-virtual-5f8b9b86fc-t6w8k,17,5
1782112957,gsm-1,osmo-hlr-546bdb8988-hrdk9,1,2
1782112957,gsm-1,osmo-mgw-8c8fc67d6-s9g6z,1,2
1782112957,gsm-1,osmo-mobile-947867b85-7nh6c,3,28
1782112957,gsm-1,osmo-stp-768687f494-x4cm4,1,2
1782112957,gsm-1,ttcn3-tc-26-6-1-1-1-5dg76,1,10
1782112957,gsm-1,virtphy-858665df6d-ss5w8,8,1
1782112957,kube-system,coredns-c4dbffb5f-p9rsr,3,30
1782112957,kube-system,local-path-provisioner-5c4dc5d66d-nfqxz,1,15
1782112957,kube-system,metrics-server-786d997795-hcp2m,9,47
1782112957,kube-system,svclb-traefik-1100f998-kpm9h,0,0
1782112957,kube-system,traefik-9bcdbbd9-qtpjt,1,37
1782112959,gsm-1,msc-test-stub-5b875d749d-xj766,1,16
1782112959,gsm-1,osmo-bsc-594654bd47-9f8qf,1,5
1782112959,gsm-1,osmo-bts-virtual-5f8b9b86fc-t6w8k,17,5
1782112959,gsm-1,osmo-hlr-546bdb8988-hrdk9,1,2
1782112959,gsm-1,osmo-mgw-8c8fc67d6-s9g6z,1,2
1782112959,gsm-1,osmo-mobile-947867b85-7nh6c,3,28
1782112959,gsm-1,osmo-stp-768687f494-x4cm4,1,2
1782112959,gsm-1,ttcn3-tc-26-6-1-1-1-5dg76,1,10
1782112959,gsm-1,virtphy-858665df6d-ss5w8,8,1
1782112959,kube-system,coredns-c4dbffb5f-p9rsr,3,30
1782112959,kube-system,local-path-provisioner-5c4dc5d66d-nfqxz,1,15
1782112959,kube-system,metrics-server-786d997795-hcp2m,9,47
1782112959,kube-system,svclb-traefik-1100f998-kpm9h,0,0
1782112959,kube-system,traefik-9bcdbbd9-qtpjt,1,37
1782112961,gsm-1,msc-test-stub-5b875d749d-xj766,1,16
1782112961,gsm-1,osmo-bsc-594654bd47-9f8qf,1,5
1782112961,gsm-1,osmo-bts-virtual-5f8b9b86fc-t6w8k,17,5
1782112961,gsm-1,osmo-hlr-546bdb8988-hrdk9,1,2
1782112961,gsm-1,osmo-mgw-8c8fc67d6-s9g6z,1,2
1782112961,gsm-1,osmo-mobile-947867b85-7nh6c,3,28
1782112961,gsm-1,osmo-stp-768687f494-x4cm4,1,2
1782112961,gsm-1,ttcn3-tc-26-6-1-1-1-5dg76,1,10
1782112961,gsm-1,virtphy-858665df6d-ss5w8,8,1
1782112961,kube-system,coredns-c4dbffb5f-p9rsr,3,30
1782112961,kube-system,local-path-provisioner-5c4dc5d66d-nfqxz,1,15
1782112961,kube-system,metrics-server-786d997795-hcp2m,9,47
1782112961,kube-system,svclb-traefik-1100f998-kpm9h,0,0
1782112961,kube-system,traefik-9bcdbbd9-qtpjt,1,37
1782112963,gsm-1,msc-test-stub-5b875d749d-xj766,1,16
1782112963,gsm-1,osmo-bsc-594654bd47-9f8qf,1,5
1782112963,gsm-1,osmo-bts-virtual-5f8b9b86fc-t6w8k,17,5
1782112963,gsm-1,osmo-hlr-546bdb8988-hrdk9,1,2
1782112963,gsm-1,osmo-mgw-8c8fc67d6-s9g6z,1,2
1782112963,gsm-1,osmo-mobile-947867b85-7nh6c,3,28
1782112963,gsm-1,osmo-stp-768687f494-x4cm4,1,2
1782112963,gsm-1,ttcn3-tc-26-6-1-1-1-5dg76,1,10
1782112963,gsm-1,virtphy-858665df6d-ss5w8,8,1
1782112963,kube-system,coredns-c4dbffb5f-p9rsr,3,30
1782112963,kube-system,local-path-provisioner-5c4dc5d66d-nfqxz,1,15
1782112963,kube-system,metrics-server-786d997795-hcp2m,7,47
1782112963,kube-system,svclb-traefik-1100f998-kpm9h,0,0
1782112963,kube-system,traefik-9bcdbbd9-qtpjt,1,37
1782112965,gsm-1,msc-test-stub-5b875d749d-xj766,1,16
1782112965,gsm-1,osmo-bsc-594654bd47-9f8qf,1,5
1782112965,gsm-1,osmo-bts-virtual-5f8b9b86fc-t6w8k,17,5
1782112965,gsm-1,osmo-hlr-546bdb8988-hrdk9,1,2
1782112965,gsm-1,osmo-mgw-8c8fc67d6-s9g6z,1,2
1782112965,gsm-1,osmo-mobile-947867b85-7nh6c,3,28
1782112965,gsm-1,osmo-stp-768687f494-x4cm4,1,2
1782112965,gsm-1,ttcn3-tc-26-6-1-1-1-5dg76,1,10
1782112965,gsm-1,virtphy-858665df6d-ss5w8,8,1
1782112965,kube-system,coredns-c4dbffb5f-p9rsr,3,30
1782112965,kube-system,local-path-provisioner-5c4dc5d66d-nfqxz,1,15
1782112965,kube-system,metrics-server-786d997795-hcp2m,7,47
1782112965,kube-system,svclb-traefik-1100f998-kpm9h,0,0
1782112965,kube-system,traefik-9bcdbbd9-qtpjt,1,37
1782112967,gsm-1,msc-test-stub-5b875d749d-xj766,1,16
1782112967,gsm-1,osmo-bsc-594654bd47-9f8qf,1,5
1782112967,gsm-1,osmo-bts-virtual-5f8b9b86fc-t6w8k,17,5
1782112967,gsm-1,osmo-hlr-546bdb8988-hrdk9,1,2
1782112967,gsm-1,osmo-mgw-8c8fc67d6-s9g6z,1,2
1782112967,gsm-1,osmo-mobile-947867b85-7nh6c,3,28
1782112967,gsm-1,osmo-stp-768687f494-x4cm4,1,2
1782112967,gsm-1,ttcn3-tc-26-6-1-1-1-5dg76,1,10
1782112967,gsm-1,virtphy-858665df6d-ss5w8,8,1
1782112967,kube-system,coredns-c4dbffb5f-p9rsr,3,30
1782112967,kube-system,local-path-provisioner-5c4dc5d66d-nfqxz,1,15
1782112967,kube-system,metrics-server-786d997795-hcp2m,7,47
1782112967,kube-system,svclb-traefik-1100f998-kpm9h,0,0
1782112967,kube-system,traefik-9bcdbbd9-qtpjt,1,37
1782112969,gsm-1,msc-test-stub-5b875d749d-xj766,1,16
1782112969,gsm-1,osmo-bsc-594654bd47-9f8qf,1,5
1782112969,gsm-1,osmo-bts-virtual-5f8b9b86fc-t6w8k,17,5
1782112969,gsm-1,osmo-hlr-546bdb8988-hrdk9,1,2
1782112969,gsm-1,osmo-mgw-8c8fc67d6-s9g6z,1,2
1782112969,gsm-1,osmo-mobile-947867b85-7nh6c,3,28
1782112969,gsm-1,osmo-stp-768687f494-x4cm4,1,2
1782112969,gsm-1,ttcn3-tc-26-6-1-1-1-5dg76,1,10
1782112969,gsm-1,virtphy-858665df6d-ss5w8,8,1
1782112969,kube-system,coredns-c4dbffb5f-p9rsr,3,30
1782112969,kube-system,local-path-provisioner-5c4dc5d66d-nfqxz,1,15
1782112969,kube-system,metrics-server-786d997795-hcp2m,7,47
1782112969,kube-system,svclb-traefik-1100f998-kpm9h,0,0
1782112969,kube-system,traefik-9bcdbbd9-qtpjt,1,37
1782112972,gsm-1,msc-test-stub-5b875d749d-xj766,1,16
1782112972,gsm-1,osmo-bsc-594654bd47-9f8qf,1,5
1782112972,gsm-1,osmo-bts-virtual-5f8b9b86fc-t6w8k,17,5
1782112972,gsm-1,osmo-hlr-546bdb8988-hrdk9,1,2
1782112972,gsm-1,osmo-mgw-8c8fc67d6-s9g6z,1,2
1782112972,gsm-1,osmo-mobile-947867b85-7nh6c,3,28
1782112972,gsm-1,osmo-stp-768687f494-x4cm4,1,2
1782112972,gsm-1,ttcn3-tc-26-6-1-1-1-5dg76,1,10
1782112972,gsm-1,virtphy-858665df6d-ss5w8,8,1
1782112972,kube-system,coredns-c4dbffb5f-p9rsr,3,30
1782112972,kube-system,local-path-provisioner-5c4dc5d66d-nfqxz,1,15
1782112972,kube-system,metrics-server-786d997795-hcp2m,7,47
1782112972,kube-system,svclb-traefik-1100f998-kpm9h,0,0
1782112972,kube-system,traefik-9bcdbbd9-qtpjt,1,37
1782112974,gsm-1,msc-test-stub-5b875d749d-xj766,1,16
1782112974,gsm-1,osmo-bsc-594654bd47-9f8qf,1,5
1782112974,gsm-1,osmo-bts-virtual-5f8b9b86fc-t6w8k,17,5
1782112974,gsm-1,osmo-hlr-546bdb8988-hrdk9,1,2
1782112974,gsm-1,osmo-mgw-8c8fc67d6-s9g6z,1,2
1782112974,gsm-1,osmo-mobile-947867b85-7nh6c,3,28
1782112974,gsm-1,osmo-stp-768687f494-x4cm4,1,2
1782112974,gsm-1,ttcn3-tc-26-6-1-1-1-5dg76,1,10
1782112974,gsm-1,virtphy-858665df6d-ss5w8,8,1
1782112974,kube-system,coredns-c4dbffb5f-p9rsr,3,30
1782112974,kube-system,local-path-provisioner-5c4dc5d66d-nfqxz,1,15
1782112974,kube-system,metrics-server-786d997795-hcp2m,7,47
1782112974,kube-system,svclb-traefik-1100f998-kpm9h,0,0
1782112974,kube-system,traefik-9bcdbbd9-qtpjt,1,37
1782112976,gsm-1,msc-test-stub-5b875d749d-xj766,1,16
1782112976,gsm-1,osmo-bsc-594654bd47-9f8qf,1,5
1782112976,gsm-1,osmo-bts-virtual-5f8b9b86fc-t6w8k,17,5
1782112976,gsm-1,osmo-hlr-546bdb8988-hrdk9,1,2
1782112976,gsm-1,osmo-mgw-8c8fc67d6-s9g6z,1,2
1782112976,gsm-1,osmo-mobile-947867b85-7nh6c,3,28
1782112976,gsm-1,osmo-stp-768687f494-x4cm4,1,2
1782112976,gsm-1,ttcn3-tc-26-6-1-1-1-5dg76,1,10
1782112976,gsm-1,virtphy-858665df6d-ss5w8,8,1
1782112976,kube-system,coredns-c4dbffb5f-p9rsr,3,30
1782112976,kube-system,local-path-provisioner-5c4dc5d66d-nfqxz,1,15
1782112976,kube-system,metrics-server-786d997795-hcp2m,7,47
1782112976,kube-system,svclb-traefik-1100f998-kpm9h,0,0
1782112976,kube-system,traefik-9bcdbbd9-qtpjt,1,37
1782112978,gsm-1,msc-test-stub-5b875d749d-xj766,1,16
1782112978,gsm-1,osmo-bsc-594654bd47-9f8qf,1,5
1782112978,gsm-1,osmo-bts-virtual-5f8b9b86fc-t6w8k,18,5
1782112978,gsm-1,osmo-hlr-546bdb8988-hrdk9,1,2
1782112978,gsm-1,osmo-mgw-8c8fc67d6-s9g6z,1,2
1782112978,gsm-1,osmo-mobile-947867b85-7nh6c,3,28
1782112978,gsm-1,osmo-stp-768687f494-x4cm4,1,2
1782112978,gsm-1,ttcn3-tc-26-6-1-1-1-5dg76,1,10
1782112978,gsm-1,virtphy-858665df6d-ss5w8,7,1
1782112978,kube-system,coredns-c4dbffb5f-p9rsr,3,30
1782112978,kube-system,local-path-provisioner-5c4dc5d66d-nfqxz,1,15
1782112978,kube-system,metrics-server-786d997795-hcp2m,11,47
1782112978,kube-system,svclb-traefik-1100f998-kpm9h,0,0
1782112978,kube-system,traefik-9bcdbbd9-qtpjt,1,37
1782112980,gsm-1,msc-test-stub-5b875d749d-xj766,1,16
1782112980,gsm-1,osmo-bsc-594654bd47-9f8qf,1,5
1782112980,gsm-1,osmo-bts-virtual-5f8b9b86fc-t6w8k,18,5
1782112980,gsm-1,osmo-hlr-546bdb8988-hrdk9,1,2
1782112980,gsm-1,osmo-mgw-8c8fc67d6-s9g6z,1,2
1782112980,gsm-1,osmo-mobile-947867b85-7nh6c,3,28
1782112980,gsm-1,osmo-stp-768687f494-x4cm4,1,2
1782112980,gsm-1,ttcn3-tc-26-6-1-1-1-5dg76,1,10
1782112980,gsm-1,virtphy-858665df6d-ss5w8,7,1
1782112980,kube-system,coredns-c4dbffb5f-p9rsr,3,30
1782112980,kube-system,local-path-provisioner-5c4dc5d66d-nfqxz,1,15
1782112980,kube-system,metrics-server-786d997795-hcp2m,11,47
1782112980,kube-system,svclb-traefik-1100f998-kpm9h,0,0
1782112980,kube-system,traefik-9bcdbbd9-qtpjt,1,37
1782112982,gsm-1,msc-test-stub-5b875d749d-xj766,1,16
1782112982,gsm-1,osmo-bsc-594654bd47-9f8qf,1,5
1782112982,gsm-1,osmo-bts-virtual-5f8b9b86fc-t6w8k,18,5
1782112982,gsm-1,osmo-hlr-546bdb8988-hrdk9,1,2
1782112982,gsm-1,osmo-mgw-8c8fc67d6-s9g6z,1,2
1782112982,gsm-1,osmo-mobile-947867b85-7nh6c,3,28
1782112982,gsm-1,osmo-stp-768687f494-x4cm4,1,2
1782112982,gsm-1,ttcn3-tc-26-6-1-1-1-5dg76,1,10
1782112982,gsm-1,virtphy-858665df6d-ss5w8,7,1
1782112982,kube-system,coredns-c4dbffb5f-p9rsr,3,30
1782112982,kube-system,local-path-provisioner-5c4dc5d66d-nfqxz,1,15
1782112982,kube-system,metrics-server-786d997795-hcp2m,11,47
1782112982,kube-system,svclb-traefik-1100f998-kpm9h,0,0
1782112982,kube-system,traefik-9bcdbbd9-qtpjt,1,37
1782112984,gsm-1,msc-test-stub-5b875d749d-xj766,1,16
1782112984,gsm-1,osmo-bsc-594654bd47-9f8qf,1,5
1782112984,gsm-1,osmo-bts-virtual-5f8b9b86fc-t6w8k,18,5
1782112984,gsm-1,osmo-hlr-546bdb8988-hrdk9,1,2
1782112984,gsm-1,osmo-mgw-8c8fc67d6-s9g6z,1,2
1782112984,gsm-1,osmo-mobile-947867b85-7nh6c,3,28
1782112984,gsm-1,osmo-stp-768687f494-x4cm4,1,2
1782112984,gsm-1,ttcn3-tc-26-6-1-1-1-5dg76,1,10
1782112984,gsm-1,virtphy-858665df6d-ss5w8,7,1
1782112984,kube-system,coredns-c4dbffb5f-p9rsr,3,30
1782112984,kube-system,local-path-provisioner-5c4dc5d66d-nfqxz,1,15
1782112984,kube-system,metrics-server-786d997795-hcp2m,11,47
1782112984,kube-system,svclb-traefik-1100f998-kpm9h,0,0
1782112984,kube-system,traefik-9bcdbbd9-qtpjt,1,37
1782112986,gsm-1,msc-test-stub-5b875d749d-xj766,1,16
1782112986,gsm-1,osmo-bsc-594654bd47-9f8qf,1,5
1782112986,gsm-1,osmo-bts-virtual-5f8b9b86fc-t6w8k,18,5
1782112986,gsm-1,osmo-hlr-546bdb8988-hrdk9,1,2
1782112986,gsm-1,osmo-mgw-8c8fc67d6-s9g6z,1,2
1782112986,gsm-1,osmo-mobile-947867b85-7nh6c,3,28
1782112986,gsm-1,osmo-stp-768687f494-x4cm4,1,2
1782112986,gsm-1,ttcn3-tc-26-6-1-1-1-5dg76,1,10
1782112986,gsm-1,virtphy-858665df6d-ss5w8,7,1
1782112986,kube-system,coredns-c4dbffb5f-p9rsr,3,30
1782112986,kube-system,local-path-provisioner-5c4dc5d66d-nfqxz,1,15
1782112986,kube-system,metrics-server-786d997795-hcp2m,11,47
1782112986,kube-system,svclb-traefik-1100f998-kpm9h,0,0
1782112986,kube-system,traefik-9bcdbbd9-qtpjt,1,37
1782112989,gsm-1,msc-test-stub-5b875d749d-xj766,1,16
1782112989,gsm-1,osmo-bsc-594654bd47-9f8qf,1,5
1782112989,gsm-1,osmo-bts-virtual-5f8b9b86fc-t6w8k,18,5
1782112989,gsm-1,osmo-hlr-546bdb8988-hrdk9,1,2
1782112989,gsm-1,osmo-mgw-8c8fc67d6-s9g6z,1,2
1782112989,gsm-1,osmo-mobile-947867b85-7nh6c,3,28
1782112989,gsm-1,osmo-stp-768687f494-x4cm4,1,2
1782112989,gsm-1,ttcn3-tc-26-6-1-1-1-5dg76,1,10
1782112989,gsm-1,virtphy-858665df6d-ss5w8,7,1
1782112989,kube-system,coredns-c4dbffb5f-p9rsr,3,30
1782112989,kube-system,local-path-provisioner-5c4dc5d66d-nfqxz,1,15
1782112989,kube-system,metrics-server-786d997795-hcp2m,11,47
1782112989,kube-system,svclb-traefik-1100f998-kpm9h,0,0
1782112989,kube-system,traefik-9bcdbbd9-qtpjt,1,37
1782112991,gsm-1,msc-test-stub-5b875d749d-xj766,1,16
1782112991,gsm-1,osmo-bsc-594654bd47-9f8qf,1,5
1782112991,gsm-1,osmo-bts-virtual-5f8b9b86fc-t6w8k,18,5
1782112991,gsm-1,osmo-hlr-546bdb8988-hrdk9,1,2
1782112991,gsm-1,osmo-mgw-8c8fc67d6-s9g6z,1,2
1782112991,gsm-1,osmo-mobile-947867b85-7nh6c,3,28
1782112991,gsm-1,osmo-stp-768687f494-x4cm4,1,2
1782112991,gsm-1,ttcn3-tc-26-6-1-1-1-5dg76,1,10
1782112991,gsm-1,virtphy-858665df6d-ss5w8,7,1
1782112991,kube-system,coredns-c4dbffb5f-p9rsr,3,30
1782112991,kube-system,local-path-provisioner-5c4dc5d66d-nfqxz,1,15
1782112991,kube-system,metrics-server-786d997795-hcp2m,11,47
1782112991,kube-system,svclb-traefik-1100f998-kpm9h,0,0
1782112991,kube-system,traefik-9bcdbbd9-qtpjt,1,37
1782112993,gsm-1,msc-test-stub-5b875d749d-xj766,1,16
1782112993,gsm-1,osmo-bsc-594654bd47-9f8qf,1,5
1782112993,gsm-1,osmo-bts-virtual-5f8b9b86fc-t6w8k,17,5
1782112993,gsm-1,osmo-hlr-546bdb8988-hrdk9,1,2
1782112993,gsm-1,osmo-mgw-8c8fc67d6-s9g6z,1,2
1782112993,gsm-1,osmo-mobile-947867b85-7nh6c,3,28
1782112993,gsm-1,osmo-stp-768687f494-x4cm4,1,2
1782112993,gsm-1,ttcn3-tc-26-6-1-1-1-5dg76,1,10
1782112993,gsm-1,virtphy-858665df6d-ss5w8,8,1
1782112993,kube-system,coredns-c4dbffb5f-p9rsr,3,30
1782112993,kube-system,local-path-provisioner-5c4dc5d66d-nfqxz,1,15
1782112993,kube-system,metrics-server-786d997795-hcp2m,8,47
1782112993,kube-system,svclb-traefik-1100f998-kpm9h,0,0
1782112993,kube-system,traefik-9bcdbbd9-qtpjt,1,37
1782112995,gsm-1,msc-test-stub-5b875d749d-xj766,1,16
1782112995,gsm-1,osmo-bsc-594654bd47-9f8qf,1,5
1782112995,gsm-1,osmo-bts-virtual-5f8b9b86fc-t6w8k,17,5
1782112995,gsm-1,osmo-hlr-546bdb8988-hrdk9,1,2
1782112995,gsm-1,osmo-mgw-8c8fc67d6-s9g6z,1,2
1782112995,gsm-1,osmo-mobile-947867b85-7nh6c,3,28
1782112995,gsm-1,osmo-stp-768687f494-x4cm4,1,2
1782112995,gsm-1,ttcn3-tc-26-6-1-1-1-5dg76,1,10
1782112995,gsm-1,virtphy-858665df6d-ss5w8,8,1
1782112995,kube-system,coredns-c4dbffb5f-p9rsr,3,30
1782112995,kube-system,local-path-provisioner-5c4dc5d66d-nfqxz,1,15
1782112995,kube-system,metrics-server-786d997795-hcp2m,8,47
1782112995,kube-system,svclb-traefik-1100f998-kpm9h,0,0
1782112995,kube-system,traefik-9bcdbbd9-qtpjt,1,37
1782112998,gsm-1,msc-test-stub-5b875d749d-xj766,1,16
1782112998,gsm-1,osmo-bsc-594654bd47-9f8qf,1,5
1782112998,gsm-1,osmo-bts-virtual-5f8b9b86fc-t6w8k,17,5
1782112998,gsm-1,osmo-hlr-546bdb8988-hrdk9,1,2
1782112998,gsm-1,osmo-mgw-8c8fc67d6-s9g6z,1,2
1782112998,gsm-1,osmo-mobile-947867b85-7nh6c,3,28
1782112998,gsm-1,osmo-stp-768687f494-x4cm4,1,2
1782112998,gsm-1,ttcn3-tc-26-6-1-1-1-5dg76,1,10
1782112998,gsm-1,virtphy-858665df6d-ss5w8,8,1
1782112998,kube-system,coredns-c4dbffb5f-p9rsr,3,30
1782112998,kube-system,local-path-provisioner-5c4dc5d66d-nfqxz,1,15
1782112998,kube-system,metrics-server-786d997795-hcp2m,8,47
1782112998,kube-system,svclb-traefik-1100f998-kpm9h,0,0
1782112998,kube-system,traefik-9bcdbbd9-qtpjt,1,37
1782113000,gsm-1,msc-test-stub-5b875d749d-xj766,1,16
1782113000,gsm-1,osmo-bsc-594654bd47-9f8qf,1,5
1782113000,gsm-1,osmo-bts-virtual-5f8b9b86fc-t6w8k,17,5
1782113000,gsm-1,osmo-hlr-546bdb8988-hrdk9,1,2
1782113000,gsm-1,osmo-mgw-8c8fc67d6-s9g6z,1,2
1782113000,gsm-1,osmo-mobile-947867b85-7nh6c,3,28
1782113000,gsm-1,osmo-stp-768687f494-x4cm4,1,2
1782113000,gsm-1,ttcn3-tc-26-6-1-1-1-5dg76,1,10
1782113000,gsm-1,virtphy-858665df6d-ss5w8,8,1
1782113000,kube-system,coredns-c4dbffb5f-p9rsr,3,30
1782113000,kube-system,local-path-provisioner-5c4dc5d66d-nfqxz,1,15
1782113000,kube-system,metrics-server-786d997795-hcp2m,8,47
1782113000,kube-system,svclb-traefik-1100f998-kpm9h,0,0
1782113000,kube-system,traefik-9bcdbbd9-qtpjt,1,37
1782113002,gsm-1,msc-test-stub-5b875d749d-xj766,1,16
1782113002,gsm-1,osmo-bsc-594654bd47-9f8qf,1,5
1782113002,gsm-1,osmo-bts-virtual-5f8b9b86fc-t6w8k,17,5
1782113002,gsm-1,osmo-hlr-546bdb8988-hrdk9,1,2
1782113002,gsm-1,osmo-mgw-8c8fc67d6-s9g6z,1,2
1782113002,gsm-1,osmo-mobile-947867b85-7nh6c,3,28
1782113002,gsm-1,osmo-stp-768687f494-x4cm4,1,2
1782113002,gsm-1,ttcn3-tc-26-6-1-1-1-5dg76,1,10
1782113002,gsm-1,virtphy-858665df6d-ss5w8,8,1
1782113002,kube-system,coredns-c4dbffb5f-p9rsr,3,30
1782113002,kube-system,local-path-provisioner-5c4dc5d66d-nfqxz,1,15
1782113002,kube-system,metrics-server-786d997795-hcp2m,8,47
1782113002,kube-system,svclb-traefik-1100f998-kpm9h,0,0
1782113002,kube-system,traefik-9bcdbbd9-qtpjt,1,37
1782113004,gsm-1,msc-test-stub-5b875d749d-xj766,1,16
1782113004,gsm-1,osmo-bsc-594654bd47-9f8qf,1,5
1782113004,gsm-1,osmo-bts-virtual-5f8b9b86fc-t6w8k,17,5
1782113004,gsm-1,osmo-hlr-546bdb8988-hrdk9,1,2
1782113004,gsm-1,osmo-mgw-8c8fc67d6-s9g6z,1,2
1782113004,gsm-1,osmo-mobile-947867b85-7nh6c,3,28
1782113004,gsm-1,osmo-stp-768687f494-x4cm4,1,2
1782113004,gsm-1,ttcn3-tc-26-6-1-1-1-5dg76,1,10
1782113004,gsm-1,virtphy-858665df6d-ss5w8,8,1
1782113004,kube-system,coredns-c4dbffb5f-p9rsr,3,30
1782113004,kube-system,local-path-provisioner-5c4dc5d66d-nfqxz,1,15
1782113004,kube-system,metrics-server-786d997795-hcp2m,8,47
1782113004,kube-system,svclb-traefik-1100f998-kpm9h,0,0
1782113004,kube-system,traefik-9bcdbbd9-qtpjt,1,37
1782113006,gsm-1,msc-test-stub-5b875d749d-xj766,1,16
1782113006,gsm-1,osmo-bsc-594654bd47-9f8qf,1,5
1782113006,gsm-1,osmo-bts-virtual-5f8b9b86fc-t6w8k,17,5
1782113006,gsm-1,osmo-hlr-546bdb8988-hrdk9,1,2
1782113006,gsm-1,osmo-mgw-8c8fc67d6-s9g6z,1,2
1782113006,gsm-1,osmo-mobile-947867b85-7nh6c,3,28
1782113006,gsm-1,osmo-stp-768687f494-x4cm4,1,2
1782113006,gsm-1,ttcn3-tc-26-6-1-1-1-5dg76,1,10
1782113006,gsm-1,virtphy-858665df6d-ss5w8,8,1
1782113006,kube-system,coredns-c4dbffb5f-p9rsr,3,30
1782113006,kube-system,local-path-provisioner-5c4dc5d66d-nfqxz,1,15
1782113006,kube-system,metrics-server-786d997795-hcp2m,8,47
1782113006,kube-system,svclb-traefik-1100f998-kpm9h,0,0
1782113006,kube-system,traefik-9bcdbbd9-qtpjt,1,37
1782113009,gsm-1,msc-test-stub-5b875d749d-xj766,1,16
1782113009,gsm-1,osmo-bsc-594654bd47-9f8qf,1,5
1782113009,gsm-1,osmo-bts-virtual-5f8b9b86fc-t6w8k,19,5
1782113009,gsm-1,osmo-hlr-546bdb8988-hrdk9,1,2
1782113009,gsm-1,osmo-mgw-8c8fc67d6-s9g6z,1,2
1782113009,gsm-1,osmo-mobile-947867b85-7nh6c,3,28
1782113009,gsm-1,osmo-stp-768687f494-x4cm4,1,2
1782113009,gsm-1,ttcn3-tc-26-6-1-1-1-5dg76,1,10
1782113009,gsm-1,virtphy-858665df6d-ss5w8,7,4
1782113009,kube-system,coredns-c4dbffb5f-p9rsr,4,30
1782113009,kube-system,local-path-provisioner-5c4dc5d66d-nfqxz,1,15
1782113009,kube-system,metrics-server-786d997795-hcp2m,6,47
1782113009,kube-system,svclb-traefik-1100f998-kpm9h,0,0
1782113009,kube-system,traefik-9bcdbbd9-qtpjt,1,37
1782113011,gsm-1,msc-test-stub-5b875d749d-xj766,1,16
1782113011,gsm-1,osmo-bsc-594654bd47-9f8qf,1,5
1782113011,gsm-1,osmo-bts-virtual-5f8b9b86fc-t6w8k,19,5
1782113011,gsm-1,osmo-hlr-546bdb8988-hrdk9,1,2
1782113011,gsm-1,osmo-mgw-8c8fc67d6-s9g6z,1,2
1782113011,gsm-1,osmo-mobile-947867b85-7nh6c,3,28
1782113011,gsm-1,osmo-stp-768687f494-x4cm4,1,2
1782113011,gsm-1,ttcn3-tc-26-6-1-1-1-5dg76,1,10
1782113011,gsm-1,virtphy-858665df6d-ss5w8,7,4
1782113011,kube-system,coredns-c4dbffb5f-p9rsr,4,30
1782113011,kube-system,local-path-provisioner-5c4dc5d66d-nfqxz,1,15
1782113011,kube-system,metrics-server-786d997795-hcp2m,6,47
1782113011,kube-system,svclb-traefik-1100f998-kpm9h,0,0
1782113011,kube-system,traefik-9bcdbbd9-qtpjt,1,37
1782113013,gsm-1,msc-test-stub-5b875d749d-xj766,1,16
1782113013,gsm-1,osmo-bsc-594654bd47-9f8qf,1,5
1782113013,gsm-1,osmo-bts-virtual-5f8b9b86fc-t6w8k,19,5
1782113013,gsm-1,osmo-hlr-546bdb8988-hrdk9,1,2
1782113013,gsm-1,osmo-mgw-8c8fc67d6-s9g6z,1,2
1782113013,gsm-1,osmo-mobile-947867b85-7nh6c,3,28
1782113013,gsm-1,osmo-stp-768687f494-x4cm4,1,2
1782113013,gsm-1,ttcn3-tc-26-6-1-1-1-5dg76,1,10
1782113013,gsm-1,virtphy-858665df6d-ss5w8,7,4
1782113013,kube-system,coredns-c4dbffb5f-p9rsr,4,30
1782113013,kube-system,local-path-provisioner-5c4dc5d66d-nfqxz,1,15
1782113013,kube-system,metrics-server-786d997795-hcp2m,6,47
1782113013,kube-system,svclb-traefik-1100f998-kpm9h,0,0
1782113013,kube-system,traefik-9bcdbbd9-qtpjt,1,37
1782113016,gsm-1,msc-test-stub-5b875d749d-xj766,1,16
1782113016,gsm-1,osmo-bsc-594654bd47-9f8qf,1,5
1782113016,gsm-1,osmo-bts-virtual-5f8b9b86fc-t6w8k,19,5
1782113016,gsm-1,osmo-hlr-546bdb8988-hrdk9,1,2
1782113016,gsm-1,osmo-mgw-8c8fc67d6-s9g6z,1,2
1782113016,gsm-1,osmo-mobile-947867b85-7nh6c,3,28
1782113016,gsm-1,osmo-stp-768687f494-x4cm4,1,2
1782113016,gsm-1,ttcn3-tc-26-6-1-1-1-5dg76,1,10
1782113016,gsm-1,virtphy-858665df6d-ss5w8,7,4
1782113016,kube-system,coredns-c4dbffb5f-p9rsr,4,30
1782113016,kube-system,local-path-provisioner-5c4dc5d66d-nfqxz,1,15
1782113016,kube-system,metrics-server-786d997795-hcp2m,6,47
1782113016,kube-system,svclb-traefik-1100f998-kpm9h,0,0
1782113016,kube-system,traefik-9bcdbbd9-qtpjt,1,37
1782113018,gsm-1,msc-test-stub-5b875d749d-xj766,1,16
1782113018,gsm-1,osmo-bsc-594654bd47-9f8qf,1,5
1782113018,gsm-1,osmo-bts-virtual-5f8b9b86fc-t6w8k,19,5
1782113018,gsm-1,osmo-hlr-546bdb8988-hrdk9,1,2
1782113018,gsm-1,osmo-mgw-8c8fc67d6-s9g6z,1,2
1782113018,gsm-1,osmo-mobile-947867b85-7nh6c,3,28
1782113018,gsm-1,osmo-stp-768687f494-x4cm4,1,2
1782113018,gsm-1,ttcn3-tc-26-6-1-1-1-5dg76,1,10
1782113018,gsm-1,virtphy-858665df6d-ss5w8,7,4
1782113018,kube-system,coredns-c4dbffb5f-p9rsr,4,30
1782113018,kube-system,local-path-provisioner-5c4dc5d66d-nfqxz,1,15
1782113018,kube-system,metrics-server-786d997795-hcp2m,6,47
1782113018,kube-system,svclb-traefik-1100f998-kpm9h,0,0
1782113018,kube-system,traefik-9bcdbbd9-qtpjt,1,37
1782113020,gsm-1,msc-test-stub-5b875d749d-xj766,1,16
1782113020,gsm-1,osmo-bsc-594654bd47-9f8qf,1,5
1782113020,gsm-1,osmo-bts-virtual-5f8b9b86fc-t6w8k,19,5
1782113020,gsm-1,osmo-hlr-546bdb8988-hrdk9,1,2
1782113020,gsm-1,osmo-mgw-8c8fc67d6-s9g6z,1,2
1782113020,gsm-1,osmo-mobile-947867b85-7nh6c,3,28
1782113020,gsm-1,osmo-stp-768687f494-x4cm4,1,2
1782113020,gsm-1,ttcn3-tc-26-6-1-1-1-5dg76,1,10
1782113020,gsm-1,virtphy-858665df6d-ss5w8,7,4
1782113020,kube-system,coredns-c4dbffb5f-p9rsr,4,30
1782113020,kube-system,local-path-provisioner-5c4dc5d66d-nfqxz,1,15
1782113020,kube-system,metrics-server-786d997795-hcp2m,6,47
1782113020,kube-system,svclb-traefik-1100f998-kpm9h,0,0
1782113020,kube-system,traefik-9bcdbbd9-qtpjt,1,37
1782113022,gsm-1,msc-test-stub-5b875d749d-xj766,1,16
1782113022,gsm-1,osmo-bsc-594654bd47-9f8qf,1,5
1782113022,gsm-1,osmo-bts-virtual-5f8b9b86fc-t6w8k,17,5
1782113022,gsm-1,osmo-hlr-546bdb8988-hrdk9,1,2
1782113022,gsm-1,osmo-mgw-8c8fc67d6-s9g6z,1,2
1782113022,gsm-1,osmo-mobile-947867b85-7nh6c,3,28
1782113022,gsm-1,osmo-stp-768687f494-x4cm4,1,2
1782113022,gsm-1,ttcn3-tc-26-6-1-1-1-5dg76,1,10
1782113022,gsm-1,virtphy-858665df6d-ss5w8,7,1
1782113022,kube-system,coredns-c4dbffb5f-p9rsr,2,30
1782113022,kube-system,local-path-provisioner-5c4dc5d66d-nfqxz,1,15
1782113022,kube-system,metrics-server-786d997795-hcp2m,6,47
1782113022,kube-system,svclb-traefik-1100f998-kpm9h,0,0
1782113022,kube-system,traefik-9bcdbbd9-qtpjt,2,37
1782113024,gsm-1,msc-test-stub-5b875d749d-xj766,1,16
1782113024,gsm-1,osmo-bsc-594654bd47-9f8qf,1,5
1782113024,gsm-1,osmo-bts-virtual-5f8b9b86fc-t6w8k,17,5
1782113024,gsm-1,osmo-hlr-546bdb8988-hrdk9,1,2
1782113024,gsm-1,osmo-mgw-8c8fc67d6-s9g6z,1,2
1782113024,gsm-1,osmo-mobile-947867b85-7nh6c,3,28
1782113024,gsm-1,osmo-stp-768687f494-x4cm4,1,2
1782113024,gsm-1,ttcn3-tc-26-6-1-1-1-5dg76,1,10
1782113024,gsm-1,virtphy-858665df6d-ss5w8,7,1
1782113024,kube-system,coredns-c4dbffb5f-p9rsr,2,30
1782113024,kube-system,local-path-provisioner-5c4dc5d66d-nfqxz,1,15
1782113024,kube-system,metrics-server-786d997795-hcp2m,6,47
1782113024,kube-system,svclb-traefik-1100f998-kpm9h,0,0
1782113024,kube-system,traefik-9bcdbbd9-qtpjt,2,37
1782113026,gsm-1,msc-test-stub-5b875d749d-xj766,1,16
1782113026,gsm-1,osmo-bsc-594654bd47-9f8qf,1,5
1782113026,gsm-1,osmo-bts-virtual-5f8b9b86fc-t6w8k,17,5
1782113026,gsm-1,osmo-hlr-546bdb8988-hrdk9,1,2
1782113026,gsm-1,osmo-mgw-8c8fc67d6-s9g6z,1,2
1782113026,gsm-1,osmo-mobile-947867b85-7nh6c,3,28
1782113026,gsm-1,osmo-stp-768687f494-x4cm4,1,2
1782113026,gsm-1,ttcn3-tc-26-6-1-1-1-5dg76,1,10
1782113026,gsm-1,virtphy-858665df6d-ss5w8,7,1
1782113026,kube-system,coredns-c4dbffb5f-p9rsr,2,30
1782113026,kube-system,local-path-provisioner-5c4dc5d66d-nfqxz,1,15
1782113026,kube-system,metrics-server-786d997795-hcp2m,6,47
1782113026,kube-system,svclb-traefik-1100f998-kpm9h,0,0
1782113026,kube-system,traefik-9bcdbbd9-qtpjt,2,37
1782113028,gsm-1,msc-test-stub-5b875d749d-xj766,1,16
1782113028,gsm-1,osmo-bsc-594654bd47-9f8qf,1,5
1782113028,gsm-1,osmo-bts-virtual-5f8b9b86fc-t6w8k,17,5
1782113028,gsm-1,osmo-hlr-546bdb8988-hrdk9,1,2
1782113028,gsm-1,osmo-mgw-8c8fc67d6-s9g6z,1,2
1782113028,gsm-1,osmo-mobile-947867b85-7nh6c,3,28
1782113028,gsm-1,osmo-stp-768687f494-x4cm4,1,2
1782113028,gsm-1,ttcn3-tc-26-6-1-1-1-5dg76,1,10
1782113028,gsm-1,virtphy-858665df6d-ss5w8,7,1
1782113028,kube-system,coredns-c4dbffb5f-p9rsr,2,30
1782113028,kube-system,local-path-provisioner-5c4dc5d66d-nfqxz,1,15
1782113028,kube-system,metrics-server-786d997795-hcp2m,6,47
1782113028,kube-system,svclb-traefik-1100f998-kpm9h,0,0
1782113028,kube-system,traefik-9bcdbbd9-qtpjt,2,37
1782113031,gsm-1,msc-test-stub-5b875d749d-xj766,1,16
1782113031,gsm-1,osmo-bsc-594654bd47-9f8qf,1,5
1782113031,gsm-1,osmo-bts-virtual-5f8b9b86fc-t6w8k,17,5
1782113031,gsm-1,osmo-hlr-546bdb8988-hrdk9,1,2
1782113031,gsm-1,osmo-mgw-8c8fc67d6-s9g6z,1,2
1782113031,gsm-1,osmo-mobile-947867b85-7nh6c,3,28
1782113031,gsm-1,osmo-stp-768687f494-x4cm4,1,2
1782113031,gsm-1,ttcn3-tc-26-6-1-1-1-5dg76,1,10
1782113031,gsm-1,virtphy-858665df6d-ss5w8,7,1
1782113031,kube-system,coredns-c4dbffb5f-p9rsr,2,30
1782113031,kube-system,local-path-provisioner-5c4dc5d66d-nfqxz,1,15
1782113031,kube-system,metrics-server-786d997795-hcp2m,6,47
1782113031,kube-system,svclb-traefik-1100f998-kpm9h,0,0
1782113031,kube-system,traefik-9bcdbbd9-qtpjt,2,37
1782113033,gsm-1,msc-test-stub-5b875d749d-xj766,1,16
1782113033,gsm-1,osmo-bsc-594654bd47-9f8qf,1,5
1782113033,gsm-1,osmo-bts-virtual-5f8b9b86fc-t6w8k,17,5
1782113033,gsm-1,osmo-hlr-546bdb8988-hrdk9,1,2
1782113033,gsm-1,osmo-mgw-8c8fc67d6-s9g6z,1,2
1782113033,gsm-1,osmo-mobile-947867b85-7nh6c,3,28
1782113033,gsm-1,osmo-stp-768687f494-x4cm4,1,2
1782113033,gsm-1,ttcn3-tc-26-6-1-1-1-5dg76,1,10
1782113033,gsm-1,virtphy-858665df6d-ss5w8,7,1
1782113033,kube-system,coredns-c4dbffb5f-p9rsr,2,30
1782113033,kube-system,local-path-provisioner-5c4dc5d66d-nfqxz,1,15
1782113033,kube-system,metrics-server-786d997795-hcp2m,6,47
1782113033,kube-system,svclb-traefik-1100f998-kpm9h,0,0
1782113033,kube-system,traefik-9bcdbbd9-qtpjt,2,37
1782113035,gsm-1,msc-test-stub-5b875d749d-xj766,1,16
1782113035,gsm-1,osmo-bsc-594654bd47-9f8qf,1,5
1782113035,gsm-1,osmo-bts-virtual-5f8b9b86fc-t6w8k,17,5
1782113035,gsm-1,osmo-hlr-546bdb8988-hrdk9,1,2
1782113035,gsm-1,osmo-mgw-8c8fc67d6-s9g6z,1,2
1782113035,gsm-1,osmo-mobile-947867b85-7nh6c,3,28
1782113035,gsm-1,osmo-stp-768687f494-x4cm4,1,2
1782113035,gsm-1,ttcn3-tc-26-6-1-1-1-5dg76,1,10
1782113035,gsm-1,virtphy-858665df6d-ss5w8,7,1
1782113035,kube-system,coredns-c4dbffb5f-p9rsr,2,30
1782113035,kube-system,local-path-provisioner-5c4dc5d66d-nfqxz,1,15
1782113035,kube-system,metrics-server-786d997795-hcp2m,6,47
1782113035,kube-system,svclb-traefik-1100f998-kpm9h,0,0
1782113035,kube-system,traefik-9bcdbbd9-qtpjt,2,37
1782113037,gsm-1,msc-test-stub-5b875d749d-xj766,1,16
1782113037,gsm-1,osmo-bsc-594654bd47-9f8qf,1,5
1782113037,gsm-1,osmo-bts-virtual-5f8b9b86fc-t6w8k,17,5
1782113037,gsm-1,osmo-hlr-546bdb8988-hrdk9,1,2
1782113037,gsm-1,osmo-mgw-8c8fc67d6-s9g6z,1,2
1782113037,gsm-1,osmo-mobile-947867b85-7nh6c,3,28
1782113037,gsm-1,osmo-stp-768687f494-x4cm4,1,2
1782113037,gsm-1,ttcn3-tc-26-6-1-1-1-5dg76,1,10
1782113037,gsm-1,virtphy-858665df6d-ss5w8,7,1
1782113037,kube-system,coredns-c4dbffb5f-p9rsr,2,30
1782113037,kube-system,local-path-provisioner-5c4dc5d66d-nfqxz,1,15
1782113037,kube-system,metrics-server-786d997795-hcp2m,6,47
1782113037,kube-system,svclb-traefik-1100f998-kpm9h,0,0
1782113037,kube-system,traefik-9bcdbbd9-qtpjt,2,37
1782113039,gsm-1,msc-test-stub-5b875d749d-xj766,1,16
1782113039,gsm-1,osmo-bsc-594654bd47-9f8qf,1,5
1782113039,gsm-1,osmo-bts-virtual-5f8b9b86fc-t6w8k,17,5
1782113039,gsm-1,osmo-hlr-546bdb8988-hrdk9,1,2
1782113039,gsm-1,osmo-mgw-8c8fc67d6-s9g6z,1,2
1782113039,gsm-1,osmo-mobile-947867b85-7nh6c,2,28
1782113039,gsm-1,osmo-stp-768687f494-x4cm4,1,2
1782113039,gsm-1,ttcn3-tc-26-6-1-1-1-5dg76,1,10
1782113039,gsm-1,virtphy-858665df6d-ss5w8,8,1
1782113039,kube-system,coredns-c4dbffb5f-p9rsr,3,30
1782113039,kube-system,local-path-provisioner-5c4dc5d66d-nfqxz,1,15
1782113039,kube-system,metrics-server-786d997795-hcp2m,9,47
1782113039,kube-system,svclb-traefik-1100f998-kpm9h,0,0
1782113039,kube-system,traefik-9bcdbbd9-qtpjt,1,37
1782113041,gsm-1,msc-test-stub-5b875d749d-xj766,1,16
1782113041,gsm-1,osmo-bsc-594654bd47-9f8qf,1,5
1782113041,gsm-1,osmo-bts-virtual-5f8b9b86fc-t6w8k,17,5
1782113041,gsm-1,osmo-hlr-546bdb8988-hrdk9,1,2
1782113041,gsm-1,osmo-mgw-8c8fc67d6-s9g6z,1,2
1782113041,gsm-1,osmo-mobile-947867b85-7nh6c,2,28
1782113041,gsm-1,osmo-stp-768687f494-x4cm4,1,2
1782113041,gsm-1,ttcn3-tc-26-6-1-1-1-5dg76,1,10
1782113041,gsm-1,virtphy-858665df6d-ss5w8,8,1
1782113041,kube-system,coredns-c4dbffb5f-p9rsr,3,30
1782113041,kube-system,local-path-provisioner-5c4dc5d66d-nfqxz,1,15
1782113041,kube-system,metrics-server-786d997795-hcp2m,9,47
1782113041,kube-system,svclb-traefik-1100f998-kpm9h,0,0
1782113041,kube-system,traefik-9bcdbbd9-qtpjt,1,37
1782113043,gsm-1,msc-test-stub-5b875d749d-xj766,1,16
1782113043,gsm-1,osmo-bsc-594654bd47-9f8qf,1,5
1782113043,gsm-1,osmo-bts-virtual-5f8b9b86fc-t6w8k,17,5
1782113043,gsm-1,osmo-hlr-546bdb8988-hrdk9,1,2
1782113043,gsm-1,osmo-mgw-8c8fc67d6-s9g6z,1,2
1782113043,gsm-1,osmo-mobile-947867b85-7nh6c,2,28
1782113043,gsm-1,osmo-stp-768687f494-x4cm4,1,2
1782113043,gsm-1,ttcn3-tc-26-6-1-1-1-5dg76,1,10
1782113043,gsm-1,virtphy-858665df6d-ss5w8,8,1
1782113043,kube-system,coredns-c4dbffb5f-p9rsr,3,30
1782113043,kube-system,local-path-provisioner-5c4dc5d66d-nfqxz,1,15
1782113043,kube-system,metrics-server-786d997795-hcp2m,9,47
1782113043,kube-system,svclb-traefik-1100f998-kpm9h,0,0
1782113043,kube-system,traefik-9bcdbbd9-qtpjt,1,37
1782113045,gsm-1,msc-test-stub-5b875d749d-xj766,1,16
1782113045,gsm-1,osmo-bsc-594654bd47-9f8qf,1,5
1782113045,gsm-1,osmo-bts-virtual-5f8b9b86fc-t6w8k,17,5
1782113045,gsm-1,osmo-hlr-546bdb8988-hrdk9,1,2
1782113045,gsm-1,osmo-mgw-8c8fc67d6-s9g6z,1,2
1782113045,gsm-1,osmo-mobile-947867b85-7nh6c,2,28
1782113045,gsm-1,osmo-stp-768687f494-x4cm4,1,2
1782113045,gsm-1,ttcn3-tc-26-6-1-1-1-5dg76,1,10
1782113045,gsm-1,virtphy-858665df6d-ss5w8,8,1
1782113045,kube-system,coredns-c4dbffb5f-p9rsr,3,30
1782113045,kube-system,local-path-provisioner-5c4dc5d66d-nfqxz,1,15
1782113045,kube-system,metrics-server-786d997795-hcp2m,9,47
1782113045,kube-system,svclb-traefik-1100f998-kpm9h,0,0
1782113045,kube-system,traefik-9bcdbbd9-qtpjt,1,37
1782113048,gsm-1,msc-test-stub-5b875d749d-xj766,1,16
1782113048,gsm-1,osmo-bsc-594654bd47-9f8qf,1,5
1782113048,gsm-1,osmo-bts-virtual-5f8b9b86fc-t6w8k,17,5
1782113048,gsm-1,osmo-hlr-546bdb8988-hrdk9,1,2
1782113048,gsm-1,osmo-mgw-8c8fc67d6-s9g6z,1,2
1782113048,gsm-1,osmo-mobile-947867b85-7nh6c,2,28
1782113048,gsm-1,osmo-stp-768687f494-x4cm4,1,2
1782113048,gsm-1,ttcn3-tc-26-6-1-1-1-5dg76,1,10
1782113048,gsm-1,virtphy-858665df6d-ss5w8,8,1
1782113048,kube-system,coredns-c4dbffb5f-p9rsr,3,30
1782113048,kube-system,local-path-provisioner-5c4dc5d66d-nfqxz,1,15
1782113048,kube-system,metrics-server-786d997795-hcp2m,9,47
1782113048,kube-system,svclb-traefik-1100f998-kpm9h,0,0
1782113048,kube-system,traefik-9bcdbbd9-qtpjt,1,37
1782113050,gsm-1,msc-test-stub-5b875d749d-xj766,1,16
1782113050,gsm-1,osmo-bsc-594654bd47-9f8qf,1,5
1782113050,gsm-1,osmo-bts-virtual-5f8b9b86fc-t6w8k,17,5
1782113050,gsm-1,osmo-hlr-546bdb8988-hrdk9,1,2
1782113050,gsm-1,osmo-mgw-8c8fc67d6-s9g6z,1,2
1782113050,gsm-1,osmo-mobile-947867b85-7nh6c,2,28
1782113050,gsm-1,osmo-stp-768687f494-x4cm4,1,2
1782113050,gsm-1,ttcn3-tc-26-6-1-1-1-5dg76,1,10
1782113050,gsm-1,virtphy-858665df6d-ss5w8,8,1
1782113050,kube-system,coredns-c4dbffb5f-p9rsr,3,30
1782113050,kube-system,local-path-provisioner-5c4dc5d66d-nfqxz,1,15
1782113050,kube-system,metrics-server-786d997795-hcp2m,9,47
1782113050,kube-system,svclb-traefik-1100f998-kpm9h,0,0
1782113050,kube-system,traefik-9bcdbbd9-qtpjt,1,37
1782113052,gsm-1,msc-test-stub-5b875d749d-xj766,1,16
1782113052,gsm-1,osmo-bsc-594654bd47-9f8qf,1,5
1782113052,gsm-1,osmo-bts-virtual-5f8b9b86fc-t6w8k,17,5
1782113052,gsm-1,osmo-hlr-546bdb8988-hrdk9,1,2
1782113052,gsm-1,osmo-mgw-8c8fc67d6-s9g6z,1,2
1782113052,gsm-1,osmo-mobile-947867b85-7nh6c,2,28
1782113052,gsm-1,osmo-stp-768687f494-x4cm4,1,2
1782113052,gsm-1,ttcn3-tc-26-6-1-1-1-5dg76,1,10
1782113052,gsm-1,virtphy-858665df6d-ss5w8,7,1
1782113052,kube-system,coredns-c4dbffb5f-p9rsr,3,30
1782113052,kube-system,local-path-provisioner-5c4dc5d66d-nfqxz,1,15
1782113052,kube-system,metrics-server-786d997795-hcp2m,7,48
1782113052,kube-system,svclb-traefik-1100f998-kpm9h,0,0
1782113052,kube-system,traefik-9bcdbbd9-qtpjt,1,37
1782113055,gsm-1,msc-test-stub-5b875d749d-xj766,1,16
1782113055,gsm-1,osmo-bsc-594654bd47-9f8qf,1,5
1782113055,gsm-1,osmo-bts-virtual-5f8b9b86fc-t6w8k,17,5
1782113055,gsm-1,osmo-hlr-546bdb8988-hrdk9,1,2
1782113055,gsm-1,osmo-mgw-8c8fc67d6-s9g6z,1,2
1782113055,gsm-1,osmo-mobile-947867b85-7nh6c,2,28
1782113055,gsm-1,osmo-stp-768687f494-x4cm4,1,2
1782113055,gsm-1,ttcn3-tc-26-6-1-1-1-5dg76,1,10
1782113055,gsm-1,virtphy-858665df6d-ss5w8,7,1
1782113055,kube-system,coredns-c4dbffb5f-p9rsr,3,30
1782113055,kube-system,local-path-provisioner-5c4dc5d66d-nfqxz,1,15
1782113055,kube-system,metrics-server-786d997795-hcp2m,7,48
1782113055,kube-system,svclb-traefik-1100f998-kpm9h,0,0
1782113055,kube-system,traefik-9bcdbbd9-qtpjt,1,37
1782113057,gsm-1,msc-test-stub-5b875d749d-xj766,1,16
1782113057,gsm-1,osmo-bsc-594654bd47-9f8qf,1,5
1782113057,gsm-1,osmo-bts-virtual-5f8b9b86fc-t6w8k,17,5
1782113057,gsm-1,osmo-hlr-546bdb8988-hrdk9,1,2
1782113057,gsm-1,osmo-mgw-8c8fc67d6-s9g6z,1,2
1782113057,gsm-1,osmo-mobile-947867b85-7nh6c,2,28
1782113057,gsm-1,osmo-stp-768687f494-x4cm4,1,2
1782113057,gsm-1,ttcn3-tc-26-6-1-1-1-5dg76,1,10
1782113057,gsm-1,virtphy-858665df6d-ss5w8,7,1
1782113057,kube-system,coredns-c4dbffb5f-p9rsr,3,30
1782113057,kube-system,local-path-provisioner-5c4dc5d66d-nfqxz,1,15
1782113057,kube-system,metrics-server-786d997795-hcp2m,7,48
1782113057,kube-system,svclb-traefik-1100f998-kpm9h,0,0
1782113057,kube-system,traefik-9bcdbbd9-qtpjt,1,37
1782113059,gsm-1,msc-test-stub-5b875d749d-xj766,1,16
1782113059,gsm-1,osmo-bsc-594654bd47-9f8qf,1,5
1782113059,gsm-1,osmo-bts-virtual-5f8b9b86fc-t6w8k,17,5
1782113059,gsm-1,osmo-hlr-546bdb8988-hrdk9,1,2
1782113059,gsm-1,osmo-mgw-8c8fc67d6-s9g6z,1,2
1782113059,gsm-1,osmo-mobile-947867b85-7nh6c,2,28
1782113059,gsm-1,osmo-stp-768687f494-x4cm4,1,2
1782113059,gsm-1,ttcn3-tc-26-6-1-1-1-5dg76,1,10
1782113059,gsm-1,virtphy-858665df6d-ss5w8,7,1
1782113059,kube-system,coredns-c4dbffb5f-p9rsr,3,30
1782113059,kube-system,local-path-provisioner-5c4dc5d66d-nfqxz,1,15
1782113059,kube-system,metrics-server-786d997795-hcp2m,7,48
1782113059,kube-system,svclb-traefik-1100f998-kpm9h,0,0
1782113059,kube-system,traefik-9bcdbbd9-qtpjt,1,37
1782113061,gsm-1,msc-test-stub-5b875d749d-xj766,1,16
1782113061,gsm-1,osmo-bsc-594654bd47-9f8qf,1,5
1782113061,gsm-1,osmo-bts-virtual-5f8b9b86fc-t6w8k,17,5
1782113061,gsm-1,osmo-hlr-546bdb8988-hrdk9,1,2
1782113061,gsm-1,osmo-mgw-8c8fc67d6-s9g6z,1,2
1782113061,gsm-1,osmo-mobile-947867b85-7nh6c,2,28
1782113061,gsm-1,osmo-stp-768687f494-x4cm4,1,2
1782113061,gsm-1,ttcn3-tc-26-6-1-1-1-5dg76,1,10
1782113061,gsm-1,virtphy-858665df6d-ss5w8,7,1
1782113061,kube-system,coredns-c4dbffb5f-p9rsr,3,30
1782113061,kube-system,local-path-provisioner-5c4dc5d66d-nfqxz,1,15
1782113061,kube-system,metrics-server-786d997795-hcp2m,7,48
1782113061,kube-system,svclb-traefik-1100f998-kpm9h,0,0
1782113061,kube-system,traefik-9bcdbbd9-qtpjt,1,37
1782113063,gsm-1,msc-test-stub-5b875d749d-xj766,1,16
1782113063,gsm-1,osmo-bsc-594654bd47-9f8qf,1,5
1782113063,gsm-1,osmo-bts-virtual-5f8b9b86fc-t6w8k,17,5
1782113063,gsm-1,osmo-hlr-546bdb8988-hrdk9,1,2
1782113063,gsm-1,osmo-mgw-8c8fc67d6-s9g6z,1,2
1782113063,gsm-1,osmo-mobile-947867b85-7nh6c,2,28
1782113063,gsm-1,osmo-stp-768687f494-x4cm4,1,2
1782113063,gsm-1,ttcn3-tc-26-6-1-1-1-5dg76,1,10
1782113063,gsm-1,virtphy-858665df6d-ss5w8,7,1
1782113063,kube-system,coredns-c4dbffb5f-p9rsr,3,30
1782113063,kube-system,local-path-provisioner-5c4dc5d66d-nfqxz,1,15
1782113063,kube-system,metrics-server-786d997795-hcp2m,7,48
1782113063,kube-system,svclb-traefik-1100f998-kpm9h,0,0
1782113063,kube-system,traefik-9bcdbbd9-qtpjt,1,37
1782113065,gsm-1,msc-test-stub-5b875d749d-xj766,1,16
1782113065,gsm-1,osmo-bsc-594654bd47-9f8qf,1,5
1782113065,gsm-1,osmo-bts-virtual-5f8b9b86fc-t6w8k,17,5
1782113065,gsm-1,osmo-hlr-546bdb8988-hrdk9,1,2
1782113065,gsm-1,osmo-mgw-8c8fc67d6-s9g6z,1,2
1782113065,gsm-1,osmo-mobile-947867b85-7nh6c,2,28
1782113065,gsm-1,osmo-stp-768687f494-x4cm4,1,2
1782113065,gsm-1,ttcn3-tc-26-6-1-1-1-5dg76,1,10
1782113065,gsm-1,virtphy-858665df6d-ss5w8,7,1
1782113065,kube-system,coredns-c4dbffb5f-p9rsr,3,30
1782113065,kube-system,local-path-provisioner-5c4dc5d66d-nfqxz,1,15
1782113065,kube-system,metrics-server-786d997795-hcp2m,7,48
1782113065,kube-system,svclb-traefik-1100f998-kpm9h,0,0
1782113065,kube-system,traefik-9bcdbbd9-qtpjt,1,37
1782113067,gsm-1,msc-test-stub-5b875d749d-xj766,1,16
1782113067,gsm-1,osmo-bsc-594654bd47-9f8qf,1,5
1782113067,gsm-1,osmo-bts-virtual-5f8b9b86fc-t6w8k,17,5
1782113067,gsm-1,osmo-hlr-546bdb8988-hrdk9,1,2
1782113067,gsm-1,osmo-mgw-8c8fc67d6-s9g6z,1,2
1782113067,gsm-1,osmo-mobile-947867b85-7nh6c,2,28
1782113067,gsm-1,osmo-stp-768687f494-x4cm4,1,2
1782113067,gsm-1,ttcn3-tc-26-6-1-1-1-5dg76,1,10
1782113067,gsm-1,virtphy-858665df6d-ss5w8,7,1
1782113067,kube-system,coredns-c4dbffb5f-p9rsr,3,30
1782113067,kube-system,local-path-provisioner-5c4dc5d66d-nfqxz,1,15
1782113067,kube-system,metrics-server-786d997795-hcp2m,7,48
1782113067,kube-system,svclb-traefik-1100f998-kpm9h,0,0
1782113067,kube-system,traefik-9bcdbbd9-qtpjt,1,37
1782113069,gsm-1,msc-test-stub-5b875d749d-xj766,1,16
1782113069,gsm-1,osmo-bsc-594654bd47-9f8qf,1,5
1782113069,gsm-1,osmo-bts-virtual-5f8b9b86fc-t6w8k,19,5
1782113069,gsm-1,osmo-hlr-546bdb8988-hrdk9,1,2
1782113069,gsm-1,osmo-mgw-8c8fc67d6-s9g6z,1,2
1782113069,gsm-1,osmo-mobile-947867b85-7nh6c,2,28
1782113069,gsm-1,osmo-stp-768687f494-x4cm4,1,2
1782113069,gsm-1,ttcn3-tc-26-6-1-1-1-5dg76,1,10
1782113069,gsm-1,virtphy-858665df6d-ss5w8,7,1
1782113069,kube-system,coredns-c4dbffb5f-p9rsr,3,30
1782113069,kube-system,local-path-provisioner-5c4dc5d66d-nfqxz,1,15
1782113069,kube-system,metrics-server-786d997795-hcp2m,7,48
1782113069,kube-system,svclb-traefik-1100f998-kpm9h,0,0
1782113069,kube-system,traefik-9bcdbbd9-qtpjt,1,37
1782113071,gsm-1,msc-test-stub-5b875d749d-xj766,1,16
1782113071,gsm-1,osmo-bsc-594654bd47-9f8qf,1,5
1782113071,gsm-1,osmo-bts-virtual-5f8b9b86fc-t6w8k,19,5
1782113071,gsm-1,osmo-hlr-546bdb8988-hrdk9,1,2
1782113071,gsm-1,osmo-mgw-8c8fc67d6-s9g6z,1,2
1782113071,gsm-1,osmo-mobile-947867b85-7nh6c,2,28
1782113071,gsm-1,osmo-stp-768687f494-x4cm4,1,2
1782113071,gsm-1,ttcn3-tc-26-6-1-1-1-5dg76,1,10
1782113071,gsm-1,virtphy-858665df6d-ss5w8,7,1
1782113071,kube-system,coredns-c4dbffb5f-p9rsr,3,30
1782113071,kube-system,local-path-provisioner-5c4dc5d66d-nfqxz,1,15
1782113071,kube-system,metrics-server-786d997795-hcp2m,7,48
1782113071,kube-system,svclb-traefik-1100f998-kpm9h,0,0
1782113071,kube-system,traefik-9bcdbbd9-qtpjt,1,37
1782113073,gsm-1,msc-test-stub-5b875d749d-xj766,1,16
1782113073,gsm-1,osmo-bsc-594654bd47-9f8qf,1,5
1782113073,gsm-1,osmo-bts-virtual-5f8b9b86fc-t6w8k,19,5
1782113073,gsm-1,osmo-hlr-546bdb8988-hrdk9,1,2
1782113073,gsm-1,osmo-mgw-8c8fc67d6-s9g6z,1,2
1782113073,gsm-1,osmo-mobile-947867b85-7nh6c,2,28
1782113073,gsm-1,osmo-stp-768687f494-x4cm4,1,2
1782113073,gsm-1,ttcn3-tc-26-6-1-1-1-5dg76,1,10
1782113073,gsm-1,virtphy-858665df6d-ss5w8,7,1
1782113073,kube-system,coredns-c4dbffb5f-p9rsr,3,30
1782113073,kube-system,local-path-provisioner-5c4dc5d66d-nfqxz,1,15
1782113073,kube-system,metrics-server-786d997795-hcp2m,7,48
1782113073,kube-system,svclb-traefik-1100f998-kpm9h,0,0
1782113073,kube-system,traefik-9bcdbbd9-qtpjt,1,37
1782113075,gsm-1,msc-test-stub-5b875d749d-xj766,1,16
1782113075,gsm-1,osmo-bsc-594654bd47-9f8qf,1,5
1782113075,gsm-1,osmo-bts-virtual-5f8b9b86fc-t6w8k,19,5
1782113075,gsm-1,osmo-hlr-546bdb8988-hrdk9,1,2
1782113075,gsm-1,osmo-mgw-8c8fc67d6-s9g6z,1,2
1782113075,gsm-1,osmo-mobile-947867b85-7nh6c,2,28
1782113075,gsm-1,osmo-stp-768687f494-x4cm4,1,2
1782113075,gsm-1,ttcn3-tc-26-6-1-1-1-5dg76,1,10
1782113075,gsm-1,virtphy-858665df6d-ss5w8,7,1
1782113075,kube-system,coredns-c4dbffb5f-p9rsr,3,30
1782113075,kube-system,local-path-provisioner-5c4dc5d66d-nfqxz,1,15
1782113075,kube-system,metrics-server-786d997795-hcp2m,7,48
1782113075,kube-system,svclb-traefik-1100f998-kpm9h,0,0
1782113075,kube-system,traefik-9bcdbbd9-qtpjt,1,37
1782113077,gsm-1,msc-test-stub-5b875d749d-xj766,1,16
1782113077,gsm-1,osmo-bsc-594654bd47-9f8qf,1,5
1782113077,gsm-1,osmo-bts-virtual-5f8b9b86fc-t6w8k,19,5
1782113077,gsm-1,osmo-hlr-546bdb8988-hrdk9,1,2
1782113077,gsm-1,osmo-mgw-8c8fc67d6-s9g6z,1,2
1782113077,gsm-1,osmo-mobile-947867b85-7nh6c,2,28
1782113077,gsm-1,osmo-stp-768687f494-x4cm4,1,2
1782113077,gsm-1,ttcn3-tc-26-6-1-1-1-5dg76,1,10
1782113077,gsm-1,virtphy-858665df6d-ss5w8,7,1
1782113077,kube-system,coredns-c4dbffb5f-p9rsr,3,30
1782113077,kube-system,local-path-provisioner-5c4dc5d66d-nfqxz,1,15
1782113077,kube-system,metrics-server-786d997795-hcp2m,7,48
1782113077,kube-system,svclb-traefik-1100f998-kpm9h,0,0
1782113077,kube-system,traefik-9bcdbbd9-qtpjt,1,37
1782113079,gsm-1,msc-test-stub-5b875d749d-xj766,1,16
1782113079,gsm-1,osmo-bsc-594654bd47-9f8qf,1,5
1782113079,gsm-1,osmo-bts-virtual-5f8b9b86fc-t6w8k,19,5
1782113079,gsm-1,osmo-hlr-546bdb8988-hrdk9,1,2
1782113079,gsm-1,osmo-mgw-8c8fc67d6-s9g6z,1,2
1782113079,gsm-1,osmo-mobile-947867b85-7nh6c,2,28
1782113079,gsm-1,osmo-stp-768687f494-x4cm4,1,2
1782113079,gsm-1,ttcn3-tc-26-6-1-1-1-5dg76,1,10
1782113079,gsm-1,virtphy-858665df6d-ss5w8,7,1
1782113079,kube-system,coredns-c4dbffb5f-p9rsr,3,30
1782113079,kube-system,local-path-provisioner-5c4dc5d66d-nfqxz,1,15
1782113079,kube-system,metrics-server-786d997795-hcp2m,7,48
1782113079,kube-system,svclb-traefik-1100f998-kpm9h,0,0
1782113079,kube-system,traefik-9bcdbbd9-qtpjt,1,37
1782113082,gsm-1,msc-test-stub-5b875d749d-xj766,1,16
1782113082,gsm-1,osmo-bsc-594654bd47-9f8qf,1,5
1782113082,gsm-1,osmo-bts-virtual-5f8b9b86fc-t6w8k,19,5
1782113082,gsm-1,osmo-hlr-546bdb8988-hrdk9,1,2
1782113082,gsm-1,osmo-mgw-8c8fc67d6-s9g6z,1,2
1782113082,gsm-1,osmo-mobile-947867b85-7nh6c,2,28
1782113082,gsm-1,osmo-stp-768687f494-x4cm4,1,2
1782113082,gsm-1,ttcn3-tc-26-6-1-1-1-5dg76,1,10
1782113082,gsm-1,virtphy-858665df6d-ss5w8,7,1
1782113082,kube-system,coredns-c4dbffb5f-p9rsr,3,30
1782113082,kube-system,local-path-provisioner-5c4dc5d66d-nfqxz,1,15
1782113082,kube-system,metrics-server-786d997795-hcp2m,7,48
1782113082,kube-system,svclb-traefik-1100f998-kpm9h,0,0
1782113082,kube-system,traefik-9bcdbbd9-qtpjt,1,37
1782113084,gsm-1,msc-test-stub-5b875d749d-xj766,1,16
1782113084,gsm-1,osmo-bsc-594654bd47-9f8qf,1,5
1782113084,gsm-1,osmo-bts-virtual-5f8b9b86fc-t6w8k,19,5
1782113084,gsm-1,osmo-hlr-546bdb8988-hrdk9,1,2
1782113084,gsm-1,osmo-mgw-8c8fc67d6-s9g6z,1,2
1782113084,gsm-1,osmo-mobile-947867b85-7nh6c,3,28
1782113084,gsm-1,osmo-stp-768687f494-x4cm4,1,2
1782113084,gsm-1,ttcn3-tc-26-6-1-1-1-5dg76,1,10
1782113084,gsm-1,virtphy-858665df6d-ss5w8,7,1
1782113084,kube-system,coredns-c4dbffb5f-p9rsr,3,30
1782113084,kube-system,local-path-provisioner-5c4dc5d66d-nfqxz,1,15
1782113084,kube-system,metrics-server-786d997795-hcp2m,10,48
1782113084,kube-system,svclb-traefik-1100f998-kpm9h,0,0
1782113084,kube-system,traefik-9bcdbbd9-qtpjt,1,37
1782113086,gsm-1,msc-test-stub-5b875d749d-xj766,1,16
1782113086,gsm-1,osmo-bsc-594654bd47-9f8qf,1,5
1782113086,gsm-1,osmo-bts-virtual-5f8b9b86fc-t6w8k,19,5
1782113086,gsm-1,osmo-hlr-546bdb8988-hrdk9,1,2
1782113086,gsm-1,osmo-mgw-8c8fc67d6-s9g6z,1,2
1782113086,gsm-1,osmo-mobile-947867b85-7nh6c,3,28
1782113086,gsm-1,osmo-stp-768687f494-x4cm4,1,2
1782113086,gsm-1,ttcn3-tc-26-6-1-1-1-5dg76,1,10
1782113086,gsm-1,virtphy-858665df6d-ss5w8,7,1
1782113086,kube-system,coredns-c4dbffb5f-p9rsr,3,30
1782113086,kube-system,local-path-provisioner-5c4dc5d66d-nfqxz,1,15
1782113086,kube-system,metrics-server-786d997795-hcp2m,10,48
1782113086,kube-system,svclb-traefik-1100f998-kpm9h,0,0
1782113086,kube-system,traefik-9bcdbbd9-qtpjt,1,37
1782113088,gsm-1,msc-test-stub-5b875d749d-xj766,1,16
1782113088,gsm-1,osmo-bsc-594654bd47-9f8qf,1,5
1782113088,gsm-1,osmo-bts-virtual-5f8b9b86fc-t6w8k,19,5
1782113088,gsm-1,osmo-hlr-546bdb8988-hrdk9,1,2
1782113088,gsm-1,osmo-mgw-8c8fc67d6-s9g6z,1,2
1782113088,gsm-1,osmo-mobile-947867b85-7nh6c,3,28
1782113088,gsm-1,osmo-stp-768687f494-x4cm4,1,2
1782113088,gsm-1,ttcn3-tc-26-6-1-1-1-5dg76,1,10
1782113088,gsm-1,virtphy-858665df6d-ss5w8,7,1
1782113088,kube-system,coredns-c4dbffb5f-p9rsr,3,30
1782113088,kube-system,local-path-provisioner-5c4dc5d66d-nfqxz,1,15
1782113088,kube-system,metrics-server-786d997795-hcp2m,10,48
1782113088,kube-system,svclb-traefik-1100f998-kpm9h,0,0
1782113088,kube-system,traefik-9bcdbbd9-qtpjt,1,37
1782113090,gsm-1,msc-test-stub-5b875d749d-xj766,1,16
1782113090,gsm-1,osmo-bsc-594654bd47-9f8qf,1,5
1782113090,gsm-1,osmo-bts-virtual-5f8b9b86fc-t6w8k,19,5
1782113090,gsm-1,osmo-hlr-546bdb8988-hrdk9,1,2
1782113090,gsm-1,osmo-mgw-8c8fc67d6-s9g6z,1,2
1782113090,gsm-1,osmo-mobile-947867b85-7nh6c,3,28
1782113090,gsm-1,osmo-stp-768687f494-x4cm4,1,2
1782113090,gsm-1,ttcn3-tc-26-6-1-1-1-5dg76,1,10
1782113090,gsm-1,virtphy-858665df6d-ss5w8,7,1
1782113090,kube-system,coredns-c4dbffb5f-p9rsr,3,30
1782113090,kube-system,local-path-provisioner-5c4dc5d66d-nfqxz,1,15
1782113090,kube-system,metrics-server-786d997795-hcp2m,10,48
1782113090,kube-system,svclb-traefik-1100f998-kpm9h,0,0
1782113090,kube-system,traefik-9bcdbbd9-qtpjt,1,37
1782113092,gsm-1,msc-test-stub-5b875d749d-xj766,1,16
1782113092,gsm-1,osmo-bsc-594654bd47-9f8qf,1,5
1782113092,gsm-1,osmo-bts-virtual-5f8b9b86fc-t6w8k,19,5
1782113092,gsm-1,osmo-hlr-546bdb8988-hrdk9,1,2
1782113092,gsm-1,osmo-mgw-8c8fc67d6-s9g6z,1,2
1782113092,gsm-1,osmo-mobile-947867b85-7nh6c,3,28
1782113092,gsm-1,osmo-stp-768687f494-x4cm4,1,2
1782113092,gsm-1,ttcn3-tc-26-6-1-1-1-5dg76,1,10
1782113092,gsm-1,virtphy-858665df6d-ss5w8,7,1
1782113092,kube-system,coredns-c4dbffb5f-p9rsr,3,30
1782113092,kube-system,local-path-provisioner-5c4dc5d66d-nfqxz,1,15
1782113092,kube-system,metrics-server-786d997795-hcp2m,10,48
1782113092,kube-system,svclb-traefik-1100f998-kpm9h,0,0
1782113092,kube-system,traefik-9bcdbbd9-qtpjt,1,37
1782113094,gsm-1,msc-test-stub-5b875d749d-xj766,1,16
1782113094,gsm-1,osmo-bsc-594654bd47-9f8qf,1,5
1782113094,gsm-1,osmo-bts-virtual-5f8b9b86fc-t6w8k,19,5
1782113094,gsm-1,osmo-hlr-546bdb8988-hrdk9,1,2
1782113094,gsm-1,osmo-mgw-8c8fc67d6-s9g6z,1,2
1782113094,gsm-1,osmo-mobile-947867b85-7nh6c,3,28
1782113094,gsm-1,osmo-stp-768687f494-x4cm4,1,2
1782113094,gsm-1,ttcn3-tc-26-6-1-1-1-5dg76,1,10
1782113094,gsm-1,virtphy-858665df6d-ss5w8,7,1
1782113094,kube-system,coredns-c4dbffb5f-p9rsr,3,30
1782113094,kube-system,local-path-provisioner-5c4dc5d66d-nfqxz,1,15
1782113094,kube-system,metrics-server-786d997795-hcp2m,10,48
1782113094,kube-system,svclb-traefik-1100f998-kpm9h,0,0
1782113094,kube-system,traefik-9bcdbbd9-qtpjt,1,37
1782113097,gsm-1,msc-test-stub-5b875d749d-xj766,1,16
1782113097,gsm-1,osmo-bsc-594654bd47-9f8qf,1,5
1782113097,gsm-1,osmo-bts-virtual-5f8b9b86fc-t6w8k,19,5
1782113097,gsm-1,osmo-hlr-546bdb8988-hrdk9,1,2
1782113097,gsm-1,osmo-mgw-8c8fc67d6-s9g6z,1,2
1782113097,gsm-1,osmo-mobile-947867b85-7nh6c,3,28
1782113097,gsm-1,osmo-stp-768687f494-x4cm4,1,2
1782113097,gsm-1,ttcn3-tc-26-6-1-1-1-5dg76,1,10
1782113097,gsm-1,virtphy-858665df6d-ss5w8,7,1
1782113097,kube-system,coredns-c4dbffb5f-p9rsr,3,30
1782113097,kube-system,local-path-provisioner-5c4dc5d66d-nfqxz,1,15
1782113097,kube-system,metrics-server-786d997795-hcp2m,10,48
1782113097,kube-system,svclb-traefik-1100f998-kpm9h,0,0
1782113097,kube-system,traefik-9bcdbbd9-qtpjt,1,37
1782113099,gsm-1,msc-test-stub-5b875d749d-xj766,1,16
1782113099,gsm-1,osmo-bsc-594654bd47-9f8qf,1,5
1782113099,gsm-1,osmo-bts-virtual-5f8b9b86fc-t6w8k,18,8
1782113099,gsm-1,osmo-hlr-546bdb8988-hrdk9,1,2
1782113099,gsm-1,osmo-mgw-8c8fc67d6-s9g6z,1,2
1782113099,gsm-1,osmo-mobile-947867b85-7nh6c,3,28
1782113099,gsm-1,osmo-stp-768687f494-x4cm4,1,2
1782113099,gsm-1,ttcn3-tc-26-6-1-1-1-5dg76,1,10
1782113099,gsm-1,virtphy-858665df6d-ss5w8,8,1
1782113099,kube-system,coredns-c4dbffb5f-p9rsr,3,30
1782113099,kube-system,local-path-provisioner-5c4dc5d66d-nfqxz,1,15
1782113099,kube-system,metrics-server-786d997795-hcp2m,7,48
1782113099,kube-system,svclb-traefik-1100f998-kpm9h,0,0
1782113099,kube-system,traefik-9bcdbbd9-qtpjt,1,37
1782113101,gsm-1,msc-test-stub-5b875d749d-xj766,1,16
1782113101,gsm-1,osmo-bsc-594654bd47-9f8qf,1,5
1782113101,gsm-1,osmo-bts-virtual-5f8b9b86fc-t6w8k,18,8
1782113101,gsm-1,osmo-hlr-546bdb8988-hrdk9,1,2
1782113101,gsm-1,osmo-mgw-8c8fc67d6-s9g6z,1,2
1782113101,gsm-1,osmo-mobile-947867b85-7nh6c,3,28
1782113101,gsm-1,osmo-stp-768687f494-x4cm4,1,2
1782113101,gsm-1,ttcn3-tc-26-6-1-1-1-5dg76,1,10
1782113101,gsm-1,virtphy-858665df6d-ss5w8,8,1
1782113101,kube-system,coredns-c4dbffb5f-p9rsr,3,30
1782113101,kube-system,local-path-provisioner-5c4dc5d66d-nfqxz,1,15
1782113101,kube-system,metrics-server-786d997795-hcp2m,7,48
1782113101,kube-system,svclb-traefik-1100f998-kpm9h,0,0
1782113101,kube-system,traefik-9bcdbbd9-qtpjt,1,37
1782113103,gsm-1,msc-test-stub-5b875d749d-xj766,1,16
1782113103,gsm-1,osmo-bsc-594654bd47-9f8qf,1,5
1782113103,gsm-1,osmo-bts-virtual-5f8b9b86fc-t6w8k,18,8
1782113103,gsm-1,osmo-hlr-546bdb8988-hrdk9,1,2
1782113103,gsm-1,osmo-mgw-8c8fc67d6-s9g6z,1,2
1782113103,gsm-1,osmo-mobile-947867b85-7nh6c,3,28
1782113103,gsm-1,osmo-stp-768687f494-x4cm4,1,2
1782113103,gsm-1,ttcn3-tc-26-6-1-1-1-5dg76,1,10
1782113103,gsm-1,virtphy-858665df6d-ss5w8,8,1
1782113103,kube-system,coredns-c4dbffb5f-p9rsr,3,30
1782113103,kube-system,local-path-provisioner-5c4dc5d66d-nfqxz,1,15
1782113103,kube-system,metrics-server-786d997795-hcp2m,7,48
1782113103,kube-system,svclb-traefik-1100f998-kpm9h,0,0
1782113103,kube-system,traefik-9bcdbbd9-qtpjt,1,37
1782113106,gsm-1,msc-test-stub-5b875d749d-xj766,1,16
1782113106,gsm-1,osmo-bsc-594654bd47-9f8qf,1,5
1782113106,gsm-1,osmo-bts-virtual-5f8b9b86fc-t6w8k,18,8
1782113106,gsm-1,osmo-hlr-546bdb8988-hrdk9,1,2
1782113106,gsm-1,osmo-mgw-8c8fc67d6-s9g6z,1,2
1782113106,gsm-1,osmo-mobile-947867b85-7nh6c,3,28
1782113106,gsm-1,osmo-stp-768687f494-x4cm4,1,2
1782113106,gsm-1,ttcn3-tc-26-6-1-1-1-5dg76,1,10
1782113106,gsm-1,virtphy-858665df6d-ss5w8,8,1
1782113106,kube-system,coredns-c4dbffb5f-p9rsr,3,30
1782113106,kube-system,local-path-provisioner-5c4dc5d66d-nfqxz,1,15
1782113106,kube-system,metrics-server-786d997795-hcp2m,7,48
1782113106,kube-system,svclb-traefik-1100f998-kpm9h,0,0
1782113106,kube-system,traefik-9bcdbbd9-qtpjt,1,37
1782113108,gsm-1,msc-test-stub-5b875d749d-xj766,1,16
1782113108,gsm-1,osmo-bsc-594654bd47-9f8qf,1,5
1782113108,gsm-1,osmo-bts-virtual-5f8b9b86fc-t6w8k,18,8
1782113108,gsm-1,osmo-hlr-546bdb8988-hrdk9,1,2
1782113108,gsm-1,osmo-mgw-8c8fc67d6-s9g6z,1,2
1782113108,gsm-1,osmo-mobile-947867b85-7nh6c,3,28
1782113108,gsm-1,osmo-stp-768687f494-x4cm4,1,2
1782113108,gsm-1,ttcn3-tc-26-6-1-1-1-5dg76,1,10
1782113108,gsm-1,virtphy-858665df6d-ss5w8,8,1
1782113108,kube-system,coredns-c4dbffb5f-p9rsr,3,30
1782113108,kube-system,local-path-provisioner-5c4dc5d66d-nfqxz,1,15
1782113108,kube-system,metrics-server-786d997795-hcp2m,7,48
1782113108,kube-system,svclb-traefik-1100f998-kpm9h,0,0
1782113108,kube-system,traefik-9bcdbbd9-qtpjt,1,37
1782113110,gsm-1,msc-test-stub-5b875d749d-xj766,1,16
1782113110,gsm-1,osmo-bsc-594654bd47-9f8qf,1,5
1782113110,gsm-1,osmo-bts-virtual-5f8b9b86fc-t6w8k,18,8
1782113110,gsm-1,osmo-hlr-546bdb8988-hrdk9,1,2
1782113110,gsm-1,osmo-mgw-8c8fc67d6-s9g6z,1,2
1782113110,gsm-1,osmo-mobile-947867b85-7nh6c,3,28
1782113110,gsm-1,osmo-stp-768687f494-x4cm4,1,2
1782113110,gsm-1,ttcn3-tc-26-6-1-1-1-5dg76,1,10
1782113110,gsm-1,virtphy-858665df6d-ss5w8,8,1
1782113110,kube-system,coredns-c4dbffb5f-p9rsr,3,30
1782113110,kube-system,local-path-provisioner-5c4dc5d66d-nfqxz,1,15
1782113110,kube-system,metrics-server-786d997795-hcp2m,7,48
1782113110,kube-system,svclb-traefik-1100f998-kpm9h,0,0
1782113110,kube-system,traefik-9bcdbbd9-qtpjt,1,37
1782113112,gsm-1,msc-test-stub-5b875d749d-xj766,1,16
1782113112,gsm-1,osmo-bsc-594654bd47-9f8qf,1,5
1782113112,gsm-1,osmo-bts-virtual-5f8b9b86fc-t6w8k,18,8
1782113112,gsm-1,osmo-hlr-546bdb8988-hrdk9,1,2
1782113112,gsm-1,osmo-mgw-8c8fc67d6-s9g6z,1,2
1782113112,gsm-1,osmo-mobile-947867b85-7nh6c,3,28
1782113112,gsm-1,osmo-stp-768687f494-x4cm4,1,2
1782113112,gsm-1,ttcn3-tc-26-6-1-1-1-5dg76,1,10
1782113112,gsm-1,virtphy-858665df6d-ss5w8,8,1
1782113112,kube-system,coredns-c4dbffb5f-p9rsr,3,30
1782113112,kube-system,local-path-provisioner-5c4dc5d66d-nfqxz,1,15
1782113112,kube-system,metrics-server-786d997795-hcp2m,7,48
1782113112,kube-system,svclb-traefik-1100f998-kpm9h,0,0
1782113112,kube-system,traefik-9bcdbbd9-qtpjt,1,37
1782113114,gsm-1,msc-test-stub-5b875d749d-xj766,1,16
1782113114,gsm-1,osmo-bsc-594654bd47-9f8qf,1,5
1782113114,gsm-1,osmo-bts-virtual-5f8b9b86fc-t6w8k,17,5
1782113114,gsm-1,osmo-hlr-546bdb8988-hrdk9,1,2
1782113114,gsm-1,osmo-mgw-8c8fc67d6-s9g6z,1,2
1782113114,gsm-1,osmo-mobile-947867b85-7nh6c,3,28
1782113114,gsm-1,osmo-stp-768687f494-x4cm4,1,2
1782113114,gsm-1,ttcn3-tc-26-6-1-1-1-5dg76,1,10
1782113114,gsm-1,virtphy-858665df6d-ss5w8,7,1
1782113114,kube-system,coredns-c4dbffb5f-p9rsr,3,30
1782113114,kube-system,local-path-provisioner-5c4dc5d66d-nfqxz,1,15
1782113114,kube-system,metrics-server-786d997795-hcp2m,8,48
1782113114,kube-system,svclb-traefik-1100f998-kpm9h,0,0
1782113114,kube-system,traefik-9bcdbbd9-qtpjt,1,37
1782113116,gsm-1,msc-test-stub-5b875d749d-xj766,1,16
1782113116,gsm-1,osmo-bsc-594654bd47-9f8qf,1,5
1782113116,gsm-1,osmo-bts-virtual-5f8b9b86fc-t6w8k,17,5
1782113116,gsm-1,osmo-hlr-546bdb8988-hrdk9,1,2
1782113116,gsm-1,osmo-mgw-8c8fc67d6-s9g6z,1,2
1782113116,gsm-1,osmo-mobile-947867b85-7nh6c,3,28
1782113116,gsm-1,osmo-stp-768687f494-x4cm4,1,2
1782113116,gsm-1,ttcn3-tc-26-6-1-1-1-5dg76,1,10
1782113116,gsm-1,virtphy-858665df6d-ss5w8,7,1
1782113116,kube-system,coredns-c4dbffb5f-p9rsr,3,30
1782113116,kube-system,local-path-provisioner-5c4dc5d66d-nfqxz,1,15
1782113116,kube-system,metrics-server-786d997795-hcp2m,8,48
1782113116,kube-system,svclb-traefik-1100f998-kpm9h,0,0
1782113116,kube-system,traefik-9bcdbbd9-qtpjt,1,37
1782113118,gsm-1,msc-test-stub-5b875d749d-xj766,1,16
1782113118,gsm-1,osmo-bsc-594654bd47-9f8qf,1,5
1782113118,gsm-1,osmo-bts-virtual-5f8b9b86fc-t6w8k,17,5
1782113118,gsm-1,osmo-hlr-546bdb8988-hrdk9,1,2
1782113118,gsm-1,osmo-mgw-8c8fc67d6-s9g6z,1,2
1782113118,gsm-1,osmo-mobile-947867b85-7nh6c,3,28
1782113118,gsm-1,osmo-stp-768687f494-x4cm4,1,2
1782113118,gsm-1,ttcn3-tc-26-6-1-1-1-5dg76,1,10
1782113118,gsm-1,virtphy-858665df6d-ss5w8,7,1
1782113118,kube-system,coredns-c4dbffb5f-p9rsr,3,30
1782113118,kube-system,local-path-provisioner-5c4dc5d66d-nfqxz,1,15
1782113118,kube-system,metrics-server-786d997795-hcp2m,8,48
1782113118,kube-system,svclb-traefik-1100f998-kpm9h,0,0
1782113118,kube-system,traefik-9bcdbbd9-qtpjt,1,37
1782113120,gsm-1,msc-test-stub-5b875d749d-xj766,1,16
1782113120,gsm-1,osmo-bsc-594654bd47-9f8qf,1,5
1782113120,gsm-1,osmo-bts-virtual-5f8b9b86fc-t6w8k,17,5
1782113120,gsm-1,osmo-hlr-546bdb8988-hrdk9,1,2
1782113120,gsm-1,osmo-mgw-8c8fc67d6-s9g6z,1,2
1782113120,gsm-1,osmo-mobile-947867b85-7nh6c,3,28
1782113120,gsm-1,osmo-stp-768687f494-x4cm4,1,2
1782113120,gsm-1,ttcn3-tc-26-6-1-1-1-5dg76,1,10
1782113120,gsm-1,virtphy-858665df6d-ss5w8,7,1
1782113120,kube-system,coredns-c4dbffb5f-p9rsr,3,30
1782113120,kube-system,local-path-provisioner-5c4dc5d66d-nfqxz,1,15
1782113120,kube-system,metrics-server-786d997795-hcp2m,8,48
1782113120,kube-system,svclb-traefik-1100f998-kpm9h,0,0
1782113120,kube-system,traefik-9bcdbbd9-qtpjt,1,37
1782113122,gsm-1,msc-test-stub-5b875d749d-xj766,1,16
1782113122,gsm-1,osmo-bsc-594654bd47-9f8qf,1,5
1782113122,gsm-1,osmo-bts-virtual-5f8b9b86fc-t6w8k,17,5
1782113122,gsm-1,osmo-hlr-546bdb8988-hrdk9,1,2
1782113122,gsm-1,osmo-mgw-8c8fc67d6-s9g6z,1,2
1782113122,gsm-1,osmo-mobile-947867b85-7nh6c,3,28
1782113122,gsm-1,osmo-stp-768687f494-x4cm4,1,2
1782113122,gsm-1,ttcn3-tc-26-6-1-1-1-5dg76,1,10
1782113122,gsm-1,virtphy-858665df6d-ss5w8,7,1
1782113122,kube-system,coredns-c4dbffb5f-p9rsr,3,30
1782113122,kube-system,local-path-provisioner-5c4dc5d66d-nfqxz,1,15
1782113122,kube-system,metrics-server-786d997795-hcp2m,8,48
1782113122,kube-system,svclb-traefik-1100f998-kpm9h,0,0
1782113122,kube-system,traefik-9bcdbbd9-qtpjt,1,37
1782113124,gsm-1,msc-test-stub-5b875d749d-xj766,1,16
1782113124,gsm-1,osmo-bsc-594654bd47-9f8qf,1,5
1782113124,gsm-1,osmo-bts-virtual-5f8b9b86fc-t6w8k,17,5
1782113124,gsm-1,osmo-hlr-546bdb8988-hrdk9,1,2
1782113124,gsm-1,osmo-mgw-8c8fc67d6-s9g6z,1,2
1782113124,gsm-1,osmo-mobile-947867b85-7nh6c,3,28
1782113124,gsm-1,osmo-stp-768687f494-x4cm4,1,2
1782113124,gsm-1,ttcn3-tc-26-6-1-1-1-5dg76,1,10
1782113124,gsm-1,virtphy-858665df6d-ss5w8,7,1
1782113124,kube-system,coredns-c4dbffb5f-p9rsr,3,30
1782113124,kube-system,local-path-provisioner-5c4dc5d66d-nfqxz,1,15
1782113124,kube-system,metrics-server-786d997795-hcp2m,8,48
1782113124,kube-system,svclb-traefik-1100f998-kpm9h,0,0
1782113124,kube-system,traefik-9bcdbbd9-qtpjt,1,37
1782113126,gsm-1,msc-test-stub-5b875d749d-xj766,1,16
1782113126,gsm-1,osmo-bsc-594654bd47-9f8qf,1,5
1782113126,gsm-1,osmo-bts-virtual-5f8b9b86fc-t6w8k,17,5
1782113126,gsm-1,osmo-hlr-546bdb8988-hrdk9,1,2
1782113126,gsm-1,osmo-mgw-8c8fc67d6-s9g6z,1,2
1782113126,gsm-1,osmo-mobile-947867b85-7nh6c,3,28
1782113126,gsm-1,osmo-stp-768687f494-x4cm4,1,2
1782113126,gsm-1,ttcn3-tc-26-6-1-1-1-5dg76,1,10
1782113126,gsm-1,virtphy-858665df6d-ss5w8,7,1
1782113126,kube-system,coredns-c4dbffb5f-p9rsr,3,30
1782113126,kube-system,local-path-provisioner-5c4dc5d66d-nfqxz,1,15
1782113126,kube-system,metrics-server-786d997795-hcp2m,8,48
1782113126,kube-system,svclb-traefik-1100f998-kpm9h,0,0
1782113126,kube-system,traefik-9bcdbbd9-qtpjt,1,37
1782113129,gsm-1,msc-test-stub-5b875d749d-xj766,1,16
1782113129,gsm-1,osmo-bsc-594654bd47-9f8qf,1,5
1782113129,gsm-1,osmo-bts-virtual-5f8b9b86fc-t6w8k,17,5
1782113129,gsm-1,osmo-hlr-546bdb8988-hrdk9,1,2
1782113129,gsm-1,osmo-mgw-8c8fc67d6-s9g6z,1,2
1782113129,gsm-1,osmo-mobile-947867b85-7nh6c,3,28
1782113129,gsm-1,osmo-stp-768687f494-x4cm4,1,2
1782113129,gsm-1,ttcn3-tc-26-6-1-1-1-5dg76,1,10
1782113129,gsm-1,virtphy-858665df6d-ss5w8,8,1
1782113129,kube-system,coredns-c4dbffb5f-p9rsr,4,30
1782113129,kube-system,local-path-provisioner-5c4dc5d66d-nfqxz,1,15
1782113129,kube-system,metrics-server-786d997795-hcp2m,10,47
1782113129,kube-system,svclb-traefik-1100f998-kpm9h,0,0
1782113129,kube-system,traefik-9bcdbbd9-qtpjt,1,37
1782113131,gsm-1,msc-test-stub-5b875d749d-xj766,1,16
1782113131,gsm-1,osmo-bsc-594654bd47-9f8qf,1,5
1782113131,gsm-1,osmo-bts-virtual-5f8b9b86fc-t6w8k,17,5
1782113131,gsm-1,osmo-hlr-546bdb8988-hrdk9,1,2
1782113131,gsm-1,osmo-mgw-8c8fc67d6-s9g6z,1,2
1782113131,gsm-1,osmo-mobile-947867b85-7nh6c,3,28
1782113131,gsm-1,osmo-stp-768687f494-x4cm4,1,2
1782113131,gsm-1,ttcn3-tc-26-6-1-1-1-5dg76,1,10
1782113131,gsm-1,virtphy-858665df6d-ss5w8,8,1
1782113131,kube-system,coredns-c4dbffb5f-p9rsr,4,30
1782113131,kube-system,local-path-provisioner-5c4dc5d66d-nfqxz,1,15
1782113131,kube-system,metrics-server-786d997795-hcp2m,10,47
1782113131,kube-system,svclb-traefik-1100f998-kpm9h,0,0
1782113131,kube-system,traefik-9bcdbbd9-qtpjt,1,37
1782113133,gsm-1,msc-test-stub-5b875d749d-xj766,1,16
1782113133,gsm-1,osmo-bsc-594654bd47-9f8qf,1,5
1782113133,gsm-1,osmo-bts-virtual-5f8b9b86fc-t6w8k,17,5
1782113133,gsm-1,osmo-hlr-546bdb8988-hrdk9,1,2
1782113133,gsm-1,osmo-mgw-8c8fc67d6-s9g6z,1,2
1782113133,gsm-1,osmo-mobile-947867b85-7nh6c,3,28
1782113133,gsm-1,osmo-stp-768687f494-x4cm4,1,2
1782113133,gsm-1,ttcn3-tc-26-6-1-1-1-5dg76,1,10
1782113133,gsm-1,virtphy-858665df6d-ss5w8,8,1
1782113133,kube-system,coredns-c4dbffb5f-p9rsr,4,30
1782113133,kube-system,local-path-provisioner-5c4dc5d66d-nfqxz,1,15
1782113133,kube-system,metrics-server-786d997795-hcp2m,10,47
1782113133,kube-system,svclb-traefik-1100f998-kpm9h,0,0
1782113133,kube-system,traefik-9bcdbbd9-qtpjt,1,37
1782113135,gsm-1,msc-test-stub-5b875d749d-xj766,1,16
1782113135,gsm-1,osmo-bsc-594654bd47-9f8qf,1,5
1782113135,gsm-1,osmo-bts-virtual-5f8b9b86fc-t6w8k,17,5
1782113135,gsm-1,osmo-hlr-546bdb8988-hrdk9,1,2
1782113135,gsm-1,osmo-mgw-8c8fc67d6-s9g6z,1,2
1782113135,gsm-1,osmo-mobile-947867b85-7nh6c,3,28
1782113135,gsm-1,osmo-stp-768687f494-x4cm4,1,2
1782113135,gsm-1,ttcn3-tc-26-6-1-1-1-5dg76,1,10
1782113135,gsm-1,virtphy-858665df6d-ss5w8,8,1
1782113135,kube-system,coredns-c4dbffb5f-p9rsr,4,30
1782113135,kube-system,local-path-provisioner-5c4dc5d66d-nfqxz,1,15
1782113135,kube-system,metrics-server-786d997795-hcp2m,10,47
1782113135,kube-system,svclb-traefik-1100f998-kpm9h,0,0
1782113135,kube-system,traefik-9bcdbbd9-qtpjt,1,37
1782113137,gsm-1,msc-test-stub-5b875d749d-xj766,1,16
1782113137,gsm-1,osmo-bsc-594654bd47-9f8qf,1,5
1782113137,gsm-1,osmo-bts-virtual-5f8b9b86fc-t6w8k,17,5
1782113137,gsm-1,osmo-hlr-546bdb8988-hrdk9,1,2
1782113137,gsm-1,osmo-mgw-8c8fc67d6-s9g6z,1,2
1782113137,gsm-1,osmo-mobile-947867b85-7nh6c,3,28
1782113137,gsm-1,osmo-stp-768687f494-x4cm4,1,2
1782113137,gsm-1,ttcn3-tc-26-6-1-1-1-5dg76,1,10
1782113137,gsm-1,virtphy-858665df6d-ss5w8,8,1
1782113137,kube-system,coredns-c4dbffb5f-p9rsr,4,30
1782113137,kube-system,local-path-provisioner-5c4dc5d66d-nfqxz,1,15
1782113137,kube-system,metrics-server-786d997795-hcp2m,10,47
1782113137,kube-system,svclb-traefik-1100f998-kpm9h,0,0
1782113137,kube-system,traefik-9bcdbbd9-qtpjt,1,37
1782113140,gsm-1,msc-test-stub-5b875d749d-xj766,1,16
1782113140,gsm-1,osmo-bsc-594654bd47-9f8qf,1,5
1782113140,gsm-1,osmo-bts-virtual-5f8b9b86fc-t6w8k,17,5
1782113140,gsm-1,osmo-hlr-546bdb8988-hrdk9,1,2
1782113140,gsm-1,osmo-mgw-8c8fc67d6-s9g6z,1,2
1782113140,gsm-1,osmo-mobile-947867b85-7nh6c,3,28
1782113140,gsm-1,osmo-stp-768687f494-x4cm4,1,2
1782113140,gsm-1,ttcn3-tc-26-6-1-1-1-5dg76,1,10
1782113140,gsm-1,virtphy-858665df6d-ss5w8,8,1
1782113140,kube-system,coredns-c4dbffb5f-p9rsr,4,30
1782113140,kube-system,local-path-provisioner-5c4dc5d66d-nfqxz,1,15
1782113140,kube-system,metrics-server-786d997795-hcp2m,10,47
1782113140,kube-system,svclb-traefik-1100f998-kpm9h,0,0
1782113140,kube-system,traefik-9bcdbbd9-qtpjt,1,37
1782113142,gsm-1,msc-test-stub-5b875d749d-xj766,1,16
1782113142,gsm-1,osmo-bsc-594654bd47-9f8qf,1,5
1782113142,gsm-1,osmo-bts-virtual-5f8b9b86fc-t6w8k,17,5
1782113142,gsm-1,osmo-hlr-546bdb8988-hrdk9,1,2
1782113142,gsm-1,osmo-mgw-8c8fc67d6-s9g6z,1,2
1782113142,gsm-1,osmo-mobile-947867b85-7nh6c,3,28
1782113142,gsm-1,osmo-stp-768687f494-x4cm4,1,2
1782113142,gsm-1,ttcn3-tc-26-6-1-1-1-5dg76,1,10
1782113142,gsm-1,virtphy-858665df6d-ss5w8,8,1
1782113142,kube-system,coredns-c4dbffb5f-p9rsr,4,30
1782113142,kube-system,local-path-provisioner-5c4dc5d66d-nfqxz,1,15
1782113142,kube-system,metrics-server-786d997795-hcp2m,10,47
1782113142,kube-system,svclb-traefik-1100f998-kpm9h,0,0
1782113142,kube-system,traefik-9bcdbbd9-qtpjt,1,37
1782113144,gsm-1,msc-test-stub-5b875d749d-xj766,1,16
1782113144,gsm-1,osmo-bsc-594654bd47-9f8qf,1,5
1782113144,gsm-1,osmo-bts-virtual-5f8b9b86fc-t6w8k,18,5
1782113144,gsm-1,osmo-hlr-546bdb8988-hrdk9,1,2
1782113144,gsm-1,osmo-mgw-8c8fc67d6-s9g6z,1,2
1782113144,gsm-1,osmo-mobile-947867b85-7nh6c,3,28
1782113144,gsm-1,osmo-stp-768687f494-x4cm4,1,2
1782113144,gsm-1,ttcn3-tc-26-6-1-1-1-5dg76,1,10
1782113144,gsm-1,virtphy-858665df6d-ss5w8,8,1
1782113144,kube-system,coredns-c4dbffb5f-p9rsr,3,30
1782113144,kube-system,local-path-provisioner-5c4dc5d66d-nfqxz,1,15
1782113144,kube-system,metrics-server-786d997795-hcp2m,9,47
1782113144,kube-system,svclb-traefik-1100f998-kpm9h,0,0
1782113144,kube-system,traefik-9bcdbbd9-qtpjt,3,37
1782113146,gsm-1,msc-test-stub-5b875d749d-xj766,1,16
1782113146,gsm-1,osmo-bsc-594654bd47-9f8qf,1,5
1782113146,gsm-1,osmo-bts-virtual-5f8b9b86fc-t6w8k,18,5
1782113146,gsm-1,osmo-hlr-546bdb8988-hrdk9,1,2
1782113146,gsm-1,osmo-mgw-8c8fc67d6-s9g6z,1,2
1782113146,gsm-1,osmo-mobile-947867b85-7nh6c,3,28
1782113146,gsm-1,osmo-stp-768687f494-x4cm4,1,2
1782113146,gsm-1,ttcn3-tc-26-6-1-1-1-5dg76,1,10
1782113146,gsm-1,virtphy-858665df6d-ss5w8,8,1
1782113146,kube-system,coredns-c4dbffb5f-p9rsr,3,30
1782113146,kube-system,local-path-provisioner-5c4dc5d66d-nfqxz,1,15
1782113146,kube-system,metrics-server-786d997795-hcp2m,9,47
1782113146,kube-system,svclb-traefik-1100f998-kpm9h,0,0
1782113146,kube-system,traefik-9bcdbbd9-qtpjt,3,37
1782113149,gsm-1,msc-test-stub-5b875d749d-xj766,1,16
1782113149,gsm-1,osmo-bsc-594654bd47-9f8qf,1,5
1782113149,gsm-1,osmo-bts-virtual-5f8b9b86fc-t6w8k,18,5
1782113149,gsm-1,osmo-hlr-546bdb8988-hrdk9,1,2
1782113149,gsm-1,osmo-mgw-8c8fc67d6-s9g6z,1,2
1782113149,gsm-1,osmo-mobile-947867b85-7nh6c,3,28
1782113149,gsm-1,osmo-stp-768687f494-x4cm4,1,2
1782113149,gsm-1,ttcn3-tc-26-6-1-1-1-5dg76,1,10
1782113149,gsm-1,virtphy-858665df6d-ss5w8,8,1
1782113149,kube-system,coredns-c4dbffb5f-p9rsr,3,30
1782113149,kube-system,local-path-provisioner-5c4dc5d66d-nfqxz,1,15
1782113149,kube-system,metrics-server-786d997795-hcp2m,9,47
1782113149,kube-system,svclb-traefik-1100f998-kpm9h,0,0
1782113149,kube-system,traefik-9bcdbbd9-qtpjt,3,37
1782113151,gsm-1,msc-test-stub-5b875d749d-xj766,1,16
1782113151,gsm-1,osmo-bsc-594654bd47-9f8qf,1,5
1782113151,gsm-1,osmo-bts-virtual-5f8b9b86fc-t6w8k,18,5
1782113151,gsm-1,osmo-hlr-546bdb8988-hrdk9,1,2
1782113151,gsm-1,osmo-mgw-8c8fc67d6-s9g6z,1,2
1782113151,gsm-1,osmo-mobile-947867b85-7nh6c,3,28
1782113151,gsm-1,osmo-stp-768687f494-x4cm4,1,2
1782113151,gsm-1,ttcn3-tc-26-6-1-1-1-5dg76,1,10
1782113151,gsm-1,virtphy-858665df6d-ss5w8,8,1
1782113151,kube-system,coredns-c4dbffb5f-p9rsr,3,30
1782113151,kube-system,local-path-provisioner-5c4dc5d66d-nfqxz,1,15
1782113151,kube-system,metrics-server-786d997795-hcp2m,9,47
1782113151,kube-system,svclb-traefik-1100f998-kpm9h,0,0
1782113151,kube-system,traefik-9bcdbbd9-qtpjt,3,37
1782113153,gsm-1,msc-test-stub-5b875d749d-xj766,1,16
1782113153,gsm-1,osmo-bsc-594654bd47-9f8qf,1,5
1782113153,gsm-1,osmo-bts-virtual-5f8b9b86fc-t6w8k,18,5
1782113153,gsm-1,osmo-hlr-546bdb8988-hrdk9,1,2
1782113153,gsm-1,osmo-mgw-8c8fc67d6-s9g6z,1,2
1782113153,gsm-1,osmo-mobile-947867b85-7nh6c,3,28
1782113153,gsm-1,osmo-stp-768687f494-x4cm4,1,2
1782113153,gsm-1,ttcn3-tc-26-6-1-1-1-5dg76,1,10
1782113153,gsm-1,virtphy-858665df6d-ss5w8,8,1
1782113153,kube-system,coredns-c4dbffb5f-p9rsr,3,30
1782113153,kube-system,local-path-provisioner-5c4dc5d66d-nfqxz,1,15
1782113153,kube-system,metrics-server-786d997795-hcp2m,9,47
1782113153,kube-system,svclb-traefik-1100f998-kpm9h,0,0
1782113153,kube-system,traefik-9bcdbbd9-qtpjt,3,37
1782113155,gsm-1,msc-test-stub-5b875d749d-xj766,1,16
1782113155,gsm-1,osmo-bsc-594654bd47-9f8qf,1,5
1782113155,gsm-1,osmo-bts-virtual-5f8b9b86fc-t6w8k,18,5
1782113155,gsm-1,osmo-hlr-546bdb8988-hrdk9,1,2
1782113155,gsm-1,osmo-mgw-8c8fc67d6-s9g6z,1,2
1782113155,gsm-1,osmo-mobile-947867b85-7nh6c,3,28
1782113155,gsm-1,osmo-stp-768687f494-x4cm4,1,2
1782113155,gsm-1,ttcn3-tc-26-6-1-1-1-5dg76,1,10
1782113155,gsm-1,virtphy-858665df6d-ss5w8,8,1
1782113155,kube-system,coredns-c4dbffb5f-p9rsr,3,30
1782113155,kube-system,local-path-provisioner-5c4dc5d66d-nfqxz,1,15
1782113155,kube-system,metrics-server-786d997795-hcp2m,9,47
1782113155,kube-system,svclb-traefik-1100f998-kpm9h,0,0
1782113155,kube-system,traefik-9bcdbbd9-qtpjt,3,37
1782113158,gsm-1,msc-test-stub-5b875d749d-xj766,1,16
1782113158,gsm-1,osmo-bsc-594654bd47-9f8qf,1,5
1782113158,gsm-1,osmo-bts-virtual-5f8b9b86fc-t6w8k,16,9
1782113158,gsm-1,osmo-hlr-546bdb8988-hrdk9,1,2
1782113158,gsm-1,osmo-mgw-8c8fc67d6-s9g6z,1,2
1782113158,gsm-1,osmo-mobile-947867b85-7nh6c,3,28
1782113158,gsm-1,osmo-stp-768687f494-x4cm4,1,2
1782113158,gsm-1,ttcn3-tc-26-6-1-1-1-5dg76,1,10
1782113158,gsm-1,virtphy-858665df6d-ss5w8,7,1
1782113158,kube-system,coredns-c4dbffb5f-p9rsr,3,30
1782113158,kube-system,local-path-provisioner-5c4dc5d66d-nfqxz,1,15
1782113158,kube-system,metrics-server-786d997795-hcp2m,7,47
1782113158,kube-system,svclb-traefik-1100f998-kpm9h,0,0
1782113158,kube-system,traefik-9bcdbbd9-qtpjt,1,37
1782113160,gsm-1,msc-test-stub-5b875d749d-xj766,1,16
1782113160,gsm-1,osmo-bsc-594654bd47-9f8qf,1,5
1782113160,gsm-1,osmo-bts-virtual-5f8b9b86fc-t6w8k,16,9
1782113160,gsm-1,osmo-hlr-546bdb8988-hrdk9,1,2
1782113160,gsm-1,osmo-mgw-8c8fc67d6-s9g6z,1,2
1782113160,gsm-1,osmo-mobile-947867b85-7nh6c,3,28
1782113160,gsm-1,osmo-stp-768687f494-x4cm4,1,2
1782113160,gsm-1,ttcn3-tc-26-6-1-1-1-5dg76,1,10
1782113160,gsm-1,virtphy-858665df6d-ss5w8,7,1
1782113160,kube-system,coredns-c4dbffb5f-p9rsr,3,30
1782113160,kube-system,local-path-provisioner-5c4dc5d66d-nfqxz,1,15
1782113160,kube-system,metrics-server-786d997795-hcp2m,7,47
1782113160,kube-system,svclb-traefik-1100f998-kpm9h,0,0
1782113160,kube-system,traefik-9bcdbbd9-qtpjt,1,37
1782113162,gsm-1,msc-test-stub-5b875d749d-xj766,1,16
1782113162,gsm-1,osmo-bsc-594654bd47-9f8qf,1,5
1782113162,gsm-1,osmo-bts-virtual-5f8b9b86fc-t6w8k,16,9
1782113162,gsm-1,osmo-hlr-546bdb8988-hrdk9,1,2
1782113162,gsm-1,osmo-mgw-8c8fc67d6-s9g6z,1,2
1782113162,gsm-1,osmo-mobile-947867b85-7nh6c,3,28
1782113162,gsm-1,osmo-stp-768687f494-x4cm4,1,2
1782113162,gsm-1,ttcn3-tc-26-6-1-1-1-5dg76,1,10
1782113162,gsm-1,virtphy-858665df6d-ss5w8,7,1
1782113162,kube-system,coredns-c4dbffb5f-p9rsr,3,30
1782113162,kube-system,local-path-provisioner-5c4dc5d66d-nfqxz,1,15
1782113162,kube-system,metrics-server-786d997795-hcp2m,7,47
1782113162,kube-system,svclb-traefik-1100f998-kpm9h,0,0
1782113162,kube-system,traefik-9bcdbbd9-qtpjt,1,37
1782113164,gsm-1,msc-test-stub-5b875d749d-xj766,1,16
1782113164,gsm-1,osmo-bsc-594654bd47-9f8qf,1,5
1782113164,gsm-1,osmo-bts-virtual-5f8b9b86fc-t6w8k,16,9
1782113164,gsm-1,osmo-hlr-546bdb8988-hrdk9,1,2
1782113164,gsm-1,osmo-mgw-8c8fc67d6-s9g6z,1,2
1782113164,gsm-1,osmo-mobile-947867b85-7nh6c,3,28
1782113164,gsm-1,osmo-stp-768687f494-x4cm4,1,2
1782113164,gsm-1,ttcn3-tc-26-6-1-1-1-5dg76,1,10
1782113164,gsm-1,virtphy-858665df6d-ss5w8,7,1
1782113164,kube-system,coredns-c4dbffb5f-p9rsr,3,30
1782113164,kube-system,local-path-provisioner-5c4dc5d66d-nfqxz,1,15
1782113164,kube-system,metrics-server-786d997795-hcp2m,7,47
1782113164,kube-system,svclb-traefik-1100f998-kpm9h,0,0
1782113164,kube-system,traefik-9bcdbbd9-qtpjt,1,37
1782113166,gsm-1,msc-test-stub-5b875d749d-xj766,1,16
1782113166,gsm-1,osmo-bsc-594654bd47-9f8qf,1,5
1782113166,gsm-1,osmo-bts-virtual-5f8b9b86fc-t6w8k,16,9
1782113166,gsm-1,osmo-hlr-546bdb8988-hrdk9,1,2
1782113166,gsm-1,osmo-mgw-8c8fc67d6-s9g6z,1,2
1782113166,gsm-1,osmo-mobile-947867b85-7nh6c,3,28
1782113166,gsm-1,osmo-stp-768687f494-x4cm4,1,2
1782113166,gsm-1,ttcn3-tc-26-6-1-1-1-5dg76,1,10
1782113166,gsm-1,virtphy-858665df6d-ss5w8,7,1
1782113166,kube-system,coredns-c4dbffb5f-p9rsr,3,30
1782113166,kube-system,local-path-provisioner-5c4dc5d66d-nfqxz,1,15
1782113166,kube-system,metrics-server-786d997795-hcp2m,7,47
1782113166,kube-system,svclb-traefik-1100f998-kpm9h,0,0
1782113166,kube-system,traefik-9bcdbbd9-qtpjt,1,37
1782113169,gsm-1,msc-test-stub-5b875d749d-xj766,1,16
1782113169,gsm-1,osmo-bsc-594654bd47-9f8qf,1,5
1782113169,gsm-1,osmo-bts-virtual-5f8b9b86fc-t6w8k,16,9
1782113169,gsm-1,osmo-hlr-546bdb8988-hrdk9,1,2
1782113169,gsm-1,osmo-mgw-8c8fc67d6-s9g6z,1,2
1782113169,gsm-1,osmo-mobile-947867b85-7nh6c,3,28
1782113169,gsm-1,osmo-stp-768687f494-x4cm4,1,2
1782113169,gsm-1,ttcn3-tc-26-6-1-1-1-5dg76,1,10
1782113169,gsm-1,virtphy-858665df6d-ss5w8,7,1
1782113169,kube-system,coredns-c4dbffb5f-p9rsr,3,30
1782113169,kube-system,local-path-provisioner-5c4dc5d66d-nfqxz,1,15
1782113169,kube-system,metrics-server-786d997795-hcp2m,7,47
1782113169,kube-system,svclb-traefik-1100f998-kpm9h,0,0
1782113169,kube-system,traefik-9bcdbbd9-qtpjt,1,37
1782113171,gsm-1,msc-test-stub-5b875d749d-xj766,1,16
1782113171,gsm-1,osmo-bsc-594654bd47-9f8qf,1,5
1782113171,gsm-1,osmo-bts-virtual-5f8b9b86fc-t6w8k,16,9
1782113171,gsm-1,osmo-hlr-546bdb8988-hrdk9,1,2
1782113171,gsm-1,osmo-mgw-8c8fc67d6-s9g6z,1,2
1782113171,gsm-1,osmo-mobile-947867b85-7nh6c,3,28
1782113171,gsm-1,osmo-stp-768687f494-x4cm4,1,2
1782113171,gsm-1,ttcn3-tc-26-6-1-1-1-5dg76,1,10
1782113171,gsm-1,virtphy-858665df6d-ss5w8,7,1
1782113171,kube-system,coredns-c4dbffb5f-p9rsr,3,30
1782113171,kube-system,local-path-provisioner-5c4dc5d66d-nfqxz,1,15
1782113171,kube-system,metrics-server-786d997795-hcp2m,7,47
1782113171,kube-system,svclb-traefik-1100f998-kpm9h,0,0
1782113171,kube-system,traefik-9bcdbbd9-qtpjt,1,37
1782113173,gsm-1,msc-test-stub-5b875d749d-xj766,1,16
1782113173,gsm-1,osmo-bsc-594654bd47-9f8qf,1,5
1782113173,gsm-1,osmo-bts-virtual-5f8b9b86fc-t6w8k,16,5
1782113173,gsm-1,osmo-hlr-546bdb8988-hrdk9,1,2
1782113173,gsm-1,osmo-mgw-8c8fc67d6-s9g6z,1,2
1782113173,gsm-1,osmo-mobile-947867b85-7nh6c,3,30
1782113173,gsm-1,osmo-stp-768687f494-x4cm4,1,2
1782113173,gsm-1,ttcn3-tc-26-6-1-1-1-5dg76,1,10
1782113173,gsm-1,virtphy-858665df6d-ss5w8,8,1
1782113173,kube-system,coredns-c4dbffb5f-p9rsr,3,30
1782113173,kube-system,local-path-provisioner-5c4dc5d66d-nfqxz,1,15
1782113173,kube-system,metrics-server-786d997795-hcp2m,7,47
1782113173,kube-system,svclb-traefik-1100f998-kpm9h,0,0
1782113173,kube-system,traefik-9bcdbbd9-qtpjt,1,37
1782113175,gsm-1,msc-test-stub-5b875d749d-xj766,1,16
1782113175,gsm-1,osmo-bsc-594654bd47-9f8qf,1,5
1782113175,gsm-1,osmo-bts-virtual-5f8b9b86fc-t6w8k,16,5
1782113175,gsm-1,osmo-hlr-546bdb8988-hrdk9,1,2
1782113175,gsm-1,osmo-mgw-8c8fc67d6-s9g6z,1,2
1782113175,gsm-1,osmo-mobile-947867b85-7nh6c,3,30
1782113175,gsm-1,osmo-stp-768687f494-x4cm4,1,2
1782113175,gsm-1,ttcn3-tc-26-6-1-1-1-5dg76,1,10
1782113175,gsm-1,virtphy-858665df6d-ss5w8,8,1
1782113175,kube-system,coredns-c4dbffb5f-p9rsr,3,30
1782113175,kube-system,local-path-provisioner-5c4dc5d66d-nfqxz,1,15
1782113175,kube-system,metrics-server-786d997795-hcp2m,7,47
1782113175,kube-system,svclb-traefik-1100f998-kpm9h,0,0
1782113175,kube-system,traefik-9bcdbbd9-qtpjt,1,37
1782113177,gsm-1,msc-test-stub-5b875d749d-xj766,1,16
1782113177,gsm-1,osmo-bsc-594654bd47-9f8qf,1,5
1782113177,gsm-1,osmo-bts-virtual-5f8b9b86fc-t6w8k,16,5
1782113177,gsm-1,osmo-hlr-546bdb8988-hrdk9,1,2
1782113177,gsm-1,osmo-mgw-8c8fc67d6-s9g6z,1,2
1782113177,gsm-1,osmo-mobile-947867b85-7nh6c,3,30
1782113177,gsm-1,osmo-stp-768687f494-x4cm4,1,2
1782113177,gsm-1,ttcn3-tc-26-6-1-1-1-5dg76,1,10
1782113177,gsm-1,virtphy-858665df6d-ss5w8,8,1
1782113177,kube-system,coredns-c4dbffb5f-p9rsr,3,30
1782113177,kube-system,local-path-provisioner-5c4dc5d66d-nfqxz,1,15
1782113177,kube-system,metrics-server-786d997795-hcp2m,7,47
1782113177,kube-system,svclb-traefik-1100f998-kpm9h,0,0
1782113177,kube-system,traefik-9bcdbbd9-qtpjt,1,37
1782113179,gsm-1,msc-test-stub-5b875d749d-xj766,1,16
1782113179,gsm-1,osmo-bsc-594654bd47-9f8qf,1,5
1782113179,gsm-1,osmo-bts-virtual-5f8b9b86fc-t6w8k,16,5
1782113179,gsm-1,osmo-hlr-546bdb8988-hrdk9,1,2
1782113179,gsm-1,osmo-mgw-8c8fc67d6-s9g6z,1,2
1782113179,gsm-1,osmo-mobile-947867b85-7nh6c,3,30
1782113179,gsm-1,osmo-stp-768687f494-x4cm4,1,2
1782113179,gsm-1,ttcn3-tc-26-6-1-1-1-5dg76,1,10
1782113179,gsm-1,virtphy-858665df6d-ss5w8,8,1
1782113179,kube-system,coredns-c4dbffb5f-p9rsr,3,30
1782113179,kube-system,local-path-provisioner-5c4dc5d66d-nfqxz,1,15
1782113179,kube-system,metrics-server-786d997795-hcp2m,7,47
1782113179,kube-system,svclb-traefik-1100f998-kpm9h,0,0
1782113179,kube-system,traefik-9bcdbbd9-qtpjt,1,37
1782113181,gsm-1,msc-test-stub-5b875d749d-xj766,1,16
1782113181,gsm-1,osmo-bsc-594654bd47-9f8qf,1,5
1782113181,gsm-1,osmo-bts-virtual-5f8b9b86fc-t6w8k,16,5
1782113181,gsm-1,osmo-hlr-546bdb8988-hrdk9,1,2
1782113181,gsm-1,osmo-mgw-8c8fc67d6-s9g6z,1,2
1782113181,gsm-1,osmo-mobile-947867b85-7nh6c,3,30
1782113181,gsm-1,osmo-stp-768687f494-x4cm4,1,2
1782113181,gsm-1,ttcn3-tc-26-6-1-1-1-5dg76,1,10
1782113181,gsm-1,virtphy-858665df6d-ss5w8,8,1
1782113181,kube-system,coredns-c4dbffb5f-p9rsr,3,30
1782113181,kube-system,local-path-provisioner-5c4dc5d66d-nfqxz,1,15
1782113181,kube-system,metrics-server-786d997795-hcp2m,7,47
1782113181,kube-system,svclb-traefik-1100f998-kpm9h,0,0
1782113181,kube-system,traefik-9bcdbbd9-qtpjt,1,37
1782113183,gsm-1,msc-test-stub-5b875d749d-xj766,1,16
1782113183,gsm-1,osmo-bsc-594654bd47-9f8qf,1,5
1782113183,gsm-1,osmo-bts-virtual-5f8b9b86fc-t6w8k,16,5
1782113183,gsm-1,osmo-hlr-546bdb8988-hrdk9,1,2
1782113183,gsm-1,osmo-mgw-8c8fc67d6-s9g6z,1,2
1782113183,gsm-1,osmo-mobile-947867b85-7nh6c,3,30
1782113183,gsm-1,osmo-stp-768687f494-x4cm4,1,2
1782113183,gsm-1,ttcn3-tc-26-6-1-1-1-5dg76,1,10
1782113183,gsm-1,virtphy-858665df6d-ss5w8,8,1
1782113183,kube-system,coredns-c4dbffb5f-p9rsr,3,30
1782113183,kube-system,local-path-provisioner-5c4dc5d66d-nfqxz,1,15
1782113183,kube-system,metrics-server-786d997795-hcp2m,7,47
1782113183,kube-system,svclb-traefik-1100f998-kpm9h,0,0
1782113183,kube-system,traefik-9bcdbbd9-qtpjt,1,37
1782113186,gsm-1,msc-test-stub-5b875d749d-xj766,1,16
1782113186,gsm-1,osmo-bsc-594654bd47-9f8qf,1,5
1782113186,gsm-1,osmo-bts-virtual-5f8b9b86fc-t6w8k,16,5
1782113186,gsm-1,osmo-hlr-546bdb8988-hrdk9,1,2
1782113186,gsm-1,osmo-mgw-8c8fc67d6-s9g6z,1,2
1782113186,gsm-1,osmo-mobile-947867b85-7nh6c,3,30
1782113186,gsm-1,osmo-stp-768687f494-x4cm4,1,2
1782113186,gsm-1,ttcn3-tc-26-6-1-1-1-5dg76,1,10
1782113186,gsm-1,virtphy-858665df6d-ss5w8,8,1
1782113186,kube-system,coredns-c4dbffb5f-p9rsr,3,30
1782113186,kube-system,local-path-provisioner-5c4dc5d66d-nfqxz,1,15
1782113186,kube-system,metrics-server-786d997795-hcp2m,7,47
1782113186,kube-system,svclb-traefik-1100f998-kpm9h,0,0
1782113186,kube-system,traefik-9bcdbbd9-qtpjt,1,37
1782113188,gsm-1,msc-test-stub-5b875d749d-xj766,1,16
1782113188,gsm-1,osmo-bsc-594654bd47-9f8qf,1,5
1782113188,gsm-1,osmo-bts-virtual-5f8b9b86fc-t6w8k,17,5
1782113188,gsm-1,osmo-hlr-546bdb8988-hrdk9,1,2
1782113188,gsm-1,osmo-mgw-8c8fc67d6-s9g6z,1,2
1782113188,gsm-1,osmo-mobile-947867b85-7nh6c,3,30
1782113188,gsm-1,osmo-stp-768687f494-x4cm4,1,2
1782113188,gsm-1,ttcn3-tc-26-6-1-1-1-5dg76,1,10
1782113188,gsm-1,virtphy-858665df6d-ss5w8,8,1
1782113188,kube-system,coredns-c4dbffb5f-p9rsr,2,30
1782113188,kube-system,local-path-provisioner-5c4dc5d66d-nfqxz,1,15
1782113188,kube-system,metrics-server-786d997795-hcp2m,10,47
1782113188,kube-system,svclb-traefik-1100f998-kpm9h,0,0
1782113188,kube-system,traefik-9bcdbbd9-qtpjt,1,37
1782113190,gsm-1,msc-test-stub-5b875d749d-xj766,1,16
1782113190,gsm-1,osmo-bsc-594654bd47-9f8qf,1,5
1782113190,gsm-1,osmo-bts-virtual-5f8b9b86fc-t6w8k,17,5
1782113190,gsm-1,osmo-hlr-546bdb8988-hrdk9,1,2
1782113190,gsm-1,osmo-mgw-8c8fc67d6-s9g6z,1,2
1782113190,gsm-1,osmo-mobile-947867b85-7nh6c,3,30
1782113190,gsm-1,osmo-stp-768687f494-x4cm4,1,2
1782113190,gsm-1,ttcn3-tc-26-6-1-1-1-5dg76,1,10
1782113190,gsm-1,virtphy-858665df6d-ss5w8,8,1
1782113190,kube-system,coredns-c4dbffb5f-p9rsr,2,30
1782113190,kube-system,local-path-provisioner-5c4dc5d66d-nfqxz,1,15
1782113190,kube-system,metrics-server-786d997795-hcp2m,10,47
1782113190,kube-system,svclb-traefik-1100f998-kpm9h,0,0
1782113190,kube-system,traefik-9bcdbbd9-qtpjt,1,37
1782113192,gsm-1,msc-test-stub-5b875d749d-xj766,1,16
1782113192,gsm-1,osmo-bsc-594654bd47-9f8qf,1,5
1782113192,gsm-1,osmo-bts-virtual-5f8b9b86fc-t6w8k,17,5
1782113192,gsm-1,osmo-hlr-546bdb8988-hrdk9,1,2
1782113192,gsm-1,osmo-mgw-8c8fc67d6-s9g6z,1,2
1782113192,gsm-1,osmo-mobile-947867b85-7nh6c,3,30
1782113192,gsm-1,osmo-stp-768687f494-x4cm4,1,2
1782113192,gsm-1,ttcn3-tc-26-6-1-1-1-5dg76,1,10
1782113192,gsm-1,virtphy-858665df6d-ss5w8,8,1
1782113192,kube-system,coredns-c4dbffb5f-p9rsr,2,30
1782113192,kube-system,local-path-provisioner-5c4dc5d66d-nfqxz,1,15
1782113192,kube-system,metrics-server-786d997795-hcp2m,10,47
1782113192,kube-system,svclb-traefik-1100f998-kpm9h,0,0
1782113192,kube-system,traefik-9bcdbbd9-qtpjt,1,37
1782113195,gsm-1,msc-test-stub-5b875d749d-xj766,1,16
1782113195,gsm-1,osmo-bsc-594654bd47-9f8qf,1,5
1782113195,gsm-1,osmo-bts-virtual-5f8b9b86fc-t6w8k,17,5
1782113195,gsm-1,osmo-hlr-546bdb8988-hrdk9,1,2
1782113195,gsm-1,osmo-mgw-8c8fc67d6-s9g6z,1,2
1782113195,gsm-1,osmo-mobile-947867b85-7nh6c,3,30
1782113195,gsm-1,osmo-stp-768687f494-x4cm4,1,2
1782113195,gsm-1,ttcn3-tc-26-6-1-1-1-5dg76,1,10
1782113195,gsm-1,virtphy-858665df6d-ss5w8,8,1
1782113195,kube-system,coredns-c4dbffb5f-p9rsr,2,30
1782113195,kube-system,local-path-provisioner-5c4dc5d66d-nfqxz,1,15
1782113195,kube-system,metrics-server-786d997795-hcp2m,10,47
1782113195,kube-system,svclb-traefik-1100f998-kpm9h,0,0
1782113195,kube-system,traefik-9bcdbbd9-qtpjt,1,37
1782113197,gsm-1,msc-test-stub-5b875d749d-xj766,1,16
1782113197,gsm-1,osmo-bsc-594654bd47-9f8qf,1,5
1782113197,gsm-1,osmo-bts-virtual-5f8b9b86fc-t6w8k,17,5
1782113197,gsm-1,osmo-hlr-546bdb8988-hrdk9,1,2
1782113197,gsm-1,osmo-mgw-8c8fc67d6-s9g6z,1,2
1782113197,gsm-1,osmo-mobile-947867b85-7nh6c,3,30
1782113197,gsm-1,osmo-stp-768687f494-x4cm4,1,2
1782113197,gsm-1,ttcn3-tc-26-6-1-1-1-5dg76,1,10
1782113197,gsm-1,virtphy-858665df6d-ss5w8,8,1
1782113197,kube-system,coredns-c4dbffb5f-p9rsr,2,30
1782113197,kube-system,local-path-provisioner-5c4dc5d66d-nfqxz,1,15
1782113197,kube-system,metrics-server-786d997795-hcp2m,10,47
1782113197,kube-system,svclb-traefik-1100f998-kpm9h,0,0
1782113197,kube-system,traefik-9bcdbbd9-qtpjt,1,37
1782113199,gsm-1,msc-test-stub-5b875d749d-xj766,1,16
1782113199,gsm-1,osmo-bsc-594654bd47-9f8qf,1,5
1782113199,gsm-1,osmo-bts-virtual-5f8b9b86fc-t6w8k,17,5
1782113199,gsm-1,osmo-hlr-546bdb8988-hrdk9,1,2
1782113199,gsm-1,osmo-mgw-8c8fc67d6-s9g6z,1,2
1782113199,gsm-1,osmo-mobile-947867b85-7nh6c,3,30
1782113199,gsm-1,osmo-stp-768687f494-x4cm4,1,2
1782113199,gsm-1,ttcn3-tc-26-6-1-1-1-5dg76,1,10
1782113199,gsm-1,virtphy-858665df6d-ss5w8,8,1
1782113199,kube-system,coredns-c4dbffb5f-p9rsr,2,30
1782113199,kube-system,local-path-provisioner-5c4dc5d66d-nfqxz,1,15
1782113199,kube-system,metrics-server-786d997795-hcp2m,10,47
1782113199,kube-system,svclb-traefik-1100f998-kpm9h,0,0
1782113199,kube-system,traefik-9bcdbbd9-qtpjt,1,37
1782113201,gsm-1,msc-test-stub-5b875d749d-xj766,1,16
1782113201,gsm-1,osmo-bsc-594654bd47-9f8qf,1,5
1782113201,gsm-1,osmo-bts-virtual-5f8b9b86fc-t6w8k,17,5
1782113201,gsm-1,osmo-hlr-546bdb8988-hrdk9,1,2
1782113201,gsm-1,osmo-mgw-8c8fc67d6-s9g6z,1,2
1782113201,gsm-1,osmo-mobile-947867b85-7nh6c,3,30
1782113201,gsm-1,osmo-stp-768687f494-x4cm4,1,2
1782113201,gsm-1,ttcn3-tc-26-6-1-1-1-5dg76,1,10
1782113201,gsm-1,virtphy-858665df6d-ss5w8,8,1
1782113201,kube-system,coredns-c4dbffb5f-p9rsr,2,30
1782113201,kube-system,local-path-provisioner-5c4dc5d66d-nfqxz,1,15
1782113201,kube-system,metrics-server-786d997795-hcp2m,10,47
1782113201,kube-system,svclb-traefik-1100f998-kpm9h,0,0
1782113201,kube-system,traefik-9bcdbbd9-qtpjt,1,37
1782113203,gsm-1,msc-test-stub-5b875d749d-xj766,9,16
1782113203,gsm-1,osmo-bsc-594654bd47-9f8qf,1,5
1782113203,gsm-1,osmo-bts-virtual-5f8b9b86fc-t6w8k,17,5
1782113203,gsm-1,osmo-hlr-546bdb8988-hrdk9,1,2
1782113203,gsm-1,osmo-mgw-8c8fc67d6-s9g6z,1,2
1782113203,gsm-1,osmo-mobile-947867b85-7nh6c,3,30
1782113203,gsm-1,osmo-stp-768687f494-x4cm4,1,2
1782113203,gsm-1,ttcn3-tc-26-6-1-1-1-5dg76,1,10
1782113203,gsm-1,virtphy-858665df6d-ss5w8,8,1
1782113203,kube-system,coredns-c4dbffb5f-p9rsr,2,30
1782113203,kube-system,local-path-provisioner-5c4dc5d66d-nfqxz,1,15
1782113203,kube-system,metrics-server-786d997795-hcp2m,9,47
1782113203,kube-system,svclb-traefik-1100f998-kpm9h,0,0
1782113203,kube-system,traefik-9bcdbbd9-qtpjt,1,37
1782113205,gsm-1,msc-test-stub-5b875d749d-xj766,9,16
1782113205,gsm-1,osmo-bsc-594654bd47-9f8qf,1,5
1782113205,gsm-1,osmo-bts-virtual-5f8b9b86fc-t6w8k,17,5
1782113205,gsm-1,osmo-hlr-546bdb8988-hrdk9,1,2
1782113205,gsm-1,osmo-mgw-8c8fc67d6-s9g6z,1,2
1782113205,gsm-1,osmo-mobile-947867b85-7nh6c,3,30
1782113205,gsm-1,osmo-stp-768687f494-x4cm4,1,2
1782113205,gsm-1,ttcn3-tc-26-6-1-1-1-5dg76,1,10
1782113205,gsm-1,virtphy-858665df6d-ss5w8,8,1
1782113205,kube-system,coredns-c4dbffb5f-p9rsr,2,30
1782113205,kube-system,local-path-provisioner-5c4dc5d66d-nfqxz,1,15
1782113205,kube-system,metrics-server-786d997795-hcp2m,9,47
1782113205,kube-system,svclb-traefik-1100f998-kpm9h,0,0
1782113205,kube-system,traefik-9bcdbbd9-qtpjt,1,37
1782113207,gsm-1,msc-test-stub-5b875d749d-xj766,9,16
1782113207,gsm-1,osmo-bsc-594654bd47-9f8qf,1,5
1782113207,gsm-1,osmo-bts-virtual-5f8b9b86fc-t6w8k,17,5
1782113207,gsm-1,osmo-hlr-546bdb8988-hrdk9,1,2
1782113207,gsm-1,osmo-mgw-8c8fc67d6-s9g6z,1,2
1782113207,gsm-1,osmo-mobile-947867b85-7nh6c,3,30
1782113207,gsm-1,osmo-stp-768687f494-x4cm4,1,2
1782113207,gsm-1,ttcn3-tc-26-6-1-1-1-5dg76,1,10
1782113207,gsm-1,virtphy-858665df6d-ss5w8,8,1
1782113207,kube-system,coredns-c4dbffb5f-p9rsr,2,30
1782113207,kube-system,local-path-provisioner-5c4dc5d66d-nfqxz,1,15
1782113207,kube-system,metrics-server-786d997795-hcp2m,9,47
1782113207,kube-system,svclb-traefik-1100f998-kpm9h,0,0
1782113207,kube-system,traefik-9bcdbbd9-qtpjt,1,37
1782113209,gsm-1,msc-test-stub-5b875d749d-xj766,9,16
1782113209,gsm-1,osmo-bsc-594654bd47-9f8qf,1,5
1782113209,gsm-1,osmo-bts-virtual-5f8b9b86fc-t6w8k,17,5
1782113209,gsm-1,osmo-hlr-546bdb8988-hrdk9,1,2
1782113209,gsm-1,osmo-mgw-8c8fc67d6-s9g6z,1,2
1782113209,gsm-1,osmo-mobile-947867b85-7nh6c,3,30
1782113209,gsm-1,osmo-stp-768687f494-x4cm4,1,2
1782113209,gsm-1,ttcn3-tc-26-6-1-1-1-5dg76,1,10
1782113209,gsm-1,virtphy-858665df6d-ss5w8,8,1
1782113209,kube-system,coredns-c4dbffb5f-p9rsr,2,30
1782113209,kube-system,local-path-provisioner-5c4dc5d66d-nfqxz,1,15
1782113209,kube-system,metrics-server-786d997795-hcp2m,9,47
1782113209,kube-system,svclb-traefik-1100f998-kpm9h,0,0
1782113209,kube-system,traefik-9bcdbbd9-qtpjt,1,37
1782113212,gsm-1,msc-test-stub-5b875d749d-xj766,9,16
1782113212,gsm-1,osmo-bsc-594654bd47-9f8qf,1,5
1782113212,gsm-1,osmo-bts-virtual-5f8b9b86fc-t6w8k,17,5
1782113212,gsm-1,osmo-hlr-546bdb8988-hrdk9,1,2
1782113212,gsm-1,osmo-mgw-8c8fc67d6-s9g6z,1,2
1782113212,gsm-1,osmo-mobile-947867b85-7nh6c,3,30
1782113212,gsm-1,osmo-stp-768687f494-x4cm4,1,2
1782113212,gsm-1,ttcn3-tc-26-6-1-1-1-5dg76,1,10
1782113212,gsm-1,virtphy-858665df6d-ss5w8,8,1
1782113212,kube-system,coredns-c4dbffb5f-p9rsr,2,30
1782113212,kube-system,local-path-provisioner-5c4dc5d66d-nfqxz,1,15
1782113212,kube-system,metrics-server-786d997795-hcp2m,9,47
1782113212,kube-system,svclb-traefik-1100f998-kpm9h,0,0
1782113212,kube-system,traefik-9bcdbbd9-qtpjt,1,37
1782113214,gsm-1,msc-test-stub-5b875d749d-xj766,9,16
1782113214,gsm-1,osmo-bsc-594654bd47-9f8qf,1,5
1782113214,gsm-1,osmo-bts-virtual-5f8b9b86fc-t6w8k,17,5
1782113214,gsm-1,osmo-hlr-546bdb8988-hrdk9,1,2
1782113214,gsm-1,osmo-mgw-8c8fc67d6-s9g6z,1,2
1782113214,gsm-1,osmo-mobile-947867b85-7nh6c,3,30
1782113214,gsm-1,osmo-stp-768687f494-x4cm4,1,2
1782113214,gsm-1,ttcn3-tc-26-6-1-1-1-5dg76,1,10
1782113214,gsm-1,virtphy-858665df6d-ss5w8,8,1
1782113214,kube-system,coredns-c4dbffb5f-p9rsr,2,30
1782113214,kube-system,local-path-provisioner-5c4dc5d66d-nfqxz,1,15
1782113214,kube-system,metrics-server-786d997795-hcp2m,9,47
1782113214,kube-system,svclb-traefik-1100f998-kpm9h,0,0
1782113214,kube-system,traefik-9bcdbbd9-qtpjt,1,37
1782113216,gsm-1,msc-test-stub-5b875d749d-xj766,9,16
1782113216,gsm-1,osmo-bsc-594654bd47-9f8qf,1,5
1782113216,gsm-1,osmo-bts-virtual-5f8b9b86fc-t6w8k,17,5
1782113216,gsm-1,osmo-hlr-546bdb8988-hrdk9,1,2
1782113216,gsm-1,osmo-mgw-8c8fc67d6-s9g6z,1,2
1782113216,gsm-1,osmo-mobile-947867b85-7nh6c,3,30
1782113216,gsm-1,osmo-stp-768687f494-x4cm4,1,2
1782113216,gsm-1,ttcn3-tc-26-6-1-1-1-5dg76,1,10
1782113216,gsm-1,virtphy-858665df6d-ss5w8,8,1
1782113216,kube-system,coredns-c4dbffb5f-p9rsr,2,30
1782113216,kube-system,local-path-provisioner-5c4dc5d66d-nfqxz,1,15
1782113216,kube-system,metrics-server-786d997795-hcp2m,9,47
1782113216,kube-system,svclb-traefik-1100f998-kpm9h,0,0
1782113216,kube-system,traefik-9bcdbbd9-qtpjt,1,37
1782113218,gsm-1,msc-test-stub-5b875d749d-xj766,1,16
1782113218,gsm-1,osmo-bsc-594654bd47-9f8qf,1,5
1782113218,gsm-1,osmo-bts-virtual-5f8b9b86fc-t6w8k,16,5
1782113218,gsm-1,osmo-hlr-546bdb8988-hrdk9,1,2
1782113218,gsm-1,osmo-mgw-8c8fc67d6-s9g6z,1,2
1782113218,gsm-1,osmo-mobile-947867b85-7nh6c,3,30
1782113218,gsm-1,osmo-stp-768687f494-x4cm4,1,2
1782113218,gsm-1,ttcn3-tc-26-6-1-1-1-5dg76,1,10
1782113218,gsm-1,virtphy-858665df6d-ss5w8,8,1
1782113218,kube-system,coredns-c4dbffb5f-p9rsr,3,30
1782113218,kube-system,local-path-provisioner-5c4dc5d66d-nfqxz,1,15
1782113218,kube-system,metrics-server-786d997795-hcp2m,7,47
1782113218,kube-system,svclb-traefik-1100f998-kpm9h,0,0
1782113218,kube-system,traefik-9bcdbbd9-qtpjt,1,37
1782113220,gsm-1,msc-test-stub-5b875d749d-xj766,1,16
1782113220,gsm-1,osmo-bsc-594654bd47-9f8qf,1,5
1782113220,gsm-1,osmo-bts-virtual-5f8b9b86fc-t6w8k,16,5
1782113220,gsm-1,osmo-hlr-546bdb8988-hrdk9,1,2
1782113220,gsm-1,osmo-mgw-8c8fc67d6-s9g6z,1,2
1782113220,gsm-1,osmo-mobile-947867b85-7nh6c,3,30
1782113220,gsm-1,osmo-stp-768687f494-x4cm4,1,2
1782113220,gsm-1,ttcn3-tc-26-6-1-1-1-5dg76,1,10
1782113220,gsm-1,virtphy-858665df6d-ss5w8,8,1
1782113220,kube-system,coredns-c4dbffb5f-p9rsr,3,30
1782113220,kube-system,local-path-provisioner-5c4dc5d66d-nfqxz,1,15
1782113220,kube-system,metrics-server-786d997795-hcp2m,7,47
1782113220,kube-system,svclb-traefik-1100f998-kpm9h,0,0
1782113220,kube-system,traefik-9bcdbbd9-qtpjt,1,37
1782113222,gsm-1,msc-test-stub-5b875d749d-xj766,1,16
1782113222,gsm-1,osmo-bsc-594654bd47-9f8qf,1,5
1782113222,gsm-1,osmo-bts-virtual-5f8b9b86fc-t6w8k,16,5
1782113222,gsm-1,osmo-hlr-546bdb8988-hrdk9,1,2
1782113222,gsm-1,osmo-mgw-8c8fc67d6-s9g6z,1,2
1782113222,gsm-1,osmo-mobile-947867b85-7nh6c,3,30
1782113222,gsm-1,osmo-stp-768687f494-x4cm4,1,2
1782113222,gsm-1,ttcn3-tc-26-6-1-1-1-5dg76,1,10
1782113222,gsm-1,virtphy-858665df6d-ss5w8,8,1
1782113222,kube-system,coredns-c4dbffb5f-p9rsr,3,30
1782113222,kube-system,local-path-provisioner-5c4dc5d66d-nfqxz,1,15
1782113222,kube-system,metrics-server-786d997795-hcp2m,7,47
1782113222,kube-system,svclb-traefik-1100f998-kpm9h,0,0
1782113222,kube-system,traefik-9bcdbbd9-qtpjt,1,37
1782113224,gsm-1,msc-test-stub-5b875d749d-xj766,1,16
1782113224,gsm-1,osmo-bsc-594654bd47-9f8qf,1,5
1782113224,gsm-1,osmo-bts-virtual-5f8b9b86fc-t6w8k,16,5
1782113224,gsm-1,osmo-hlr-546bdb8988-hrdk9,1,2
1782113224,gsm-1,osmo-mgw-8c8fc67d6-s9g6z,1,2
1782113224,gsm-1,osmo-mobile-947867b85-7nh6c,3,30
1782113224,gsm-1,osmo-stp-768687f494-x4cm4,1,2
1782113224,gsm-1,ttcn3-tc-26-6-1-1-1-5dg76,1,10
1782113224,gsm-1,virtphy-858665df6d-ss5w8,8,1
1782113224,kube-system,coredns-c4dbffb5f-p9rsr,3,30
1782113224,kube-system,local-path-provisioner-5c4dc5d66d-nfqxz,1,15
1782113224,kube-system,metrics-server-786d997795-hcp2m,7,47
1782113224,kube-system,svclb-traefik-1100f998-kpm9h,0,0
1782113224,kube-system,traefik-9bcdbbd9-qtpjt,1,37
1782113226,gsm-1,msc-test-stub-5b875d749d-xj766,1,16
1782113226,gsm-1,osmo-bsc-594654bd47-9f8qf,1,5
1782113226,gsm-1,osmo-bts-virtual-5f8b9b86fc-t6w8k,16,5
1782113226,gsm-1,osmo-hlr-546bdb8988-hrdk9,1,2
1782113226,gsm-1,osmo-mgw-8c8fc67d6-s9g6z,1,2
1782113226,gsm-1,osmo-mobile-947867b85-7nh6c,3,30
1782113226,gsm-1,osmo-stp-768687f494-x4cm4,1,2
1782113226,gsm-1,ttcn3-tc-26-6-1-1-1-5dg76,1,10
1782113226,gsm-1,virtphy-858665df6d-ss5w8,8,1
1782113226,kube-system,coredns-c4dbffb5f-p9rsr,3,30
1782113226,kube-system,local-path-provisioner-5c4dc5d66d-nfqxz,1,15
1782113226,kube-system,metrics-server-786d997795-hcp2m,7,47
1782113226,kube-system,svclb-traefik-1100f998-kpm9h,0,0
1782113226,kube-system,traefik-9bcdbbd9-qtpjt,1,37
1782113228,gsm-1,msc-test-stub-5b875d749d-xj766,1,16
1782113228,gsm-1,osmo-bsc-594654bd47-9f8qf,1,5
1782113228,gsm-1,osmo-bts-virtual-5f8b9b86fc-t6w8k,16,5
1782113228,gsm-1,osmo-hlr-546bdb8988-hrdk9,1,2
1782113228,gsm-1,osmo-mgw-8c8fc67d6-s9g6z,1,2
1782113228,gsm-1,osmo-mobile-947867b85-7nh6c,3,30
1782113228,gsm-1,osmo-stp-768687f494-x4cm4,1,2
1782113228,gsm-1,virtphy-858665df6d-ss5w8,8,1
1782113228,kube-system,coredns-c4dbffb5f-p9rsr,3,30
1782113228,kube-system,local-path-provisioner-5c4dc5d66d-nfqxz,1,15
1782113228,kube-system,metrics-server-786d997795-hcp2m,7,47
1782113228,kube-system,svclb-traefik-1100f998-kpm9h,0,0
1782113228,kube-system,traefik-9bcdbbd9-qtpjt,1,37
1782113230,gsm-1,msc-test-stub-5b875d749d-xj766,1,16
1782113230,gsm-1,osmo-bsc-594654bd47-9f8qf,1,5
1782113230,gsm-1,osmo-bts-virtual-5f8b9b86fc-t6w8k,16,5
1782113230,gsm-1,osmo-hlr-546bdb8988-hrdk9,1,2
1782113230,gsm-1,osmo-mgw-8c8fc67d6-s9g6z,1,2
1782113230,gsm-1,osmo-mobile-947867b85-7nh6c,3,30
1782113230,gsm-1,osmo-stp-768687f494-x4cm4,1,2
1782113230,gsm-1,virtphy-858665df6d-ss5w8,8,1
1782113230,kube-system,coredns-c4dbffb5f-p9rsr,3,30
1782113230,kube-system,local-path-provisioner-5c4dc5d66d-nfqxz,1,15
1782113230,kube-system,metrics-server-786d997795-hcp2m,7,47
1782113230,kube-system,svclb-traefik-1100f998-kpm9h,0,0
1782113230,kube-system,traefik-9bcdbbd9-qtpjt,1,37
1782113232,gsm-1,msc-test-stub-5b875d749d-xj766,1,16
1782113232,gsm-1,osmo-bsc-594654bd47-9f8qf,1,5
1782113232,gsm-1,osmo-bts-virtual-5f8b9b86fc-t6w8k,17,5
1782113232,gsm-1,osmo-hlr-546bdb8988-hrdk9,1,2
1782113232,gsm-1,osmo-mgw-8c8fc67d6-s9g6z,1,2
1782113232,gsm-1,osmo-mobile-947867b85-7nh6c,3,30
1782113232,gsm-1,osmo-stp-768687f494-x4cm4,1,2
1782113232,gsm-1,virtphy-858665df6d-ss5w8,7,1
1782113232,kube-system,coredns-c4dbffb5f-p9rsr,3,30
1782113232,kube-system,local-path-provisioner-5c4dc5d66d-nfqxz,1,15
1782113232,kube-system,metrics-server-786d997795-hcp2m,9,47
1782113232,kube-system,svclb-traefik-1100f998-kpm9h,0,0
1782113232,kube-system,traefik-9bcdbbd9-qtpjt,1,37
1782113234,gsm-1,msc-test-stub-5b875d749d-xj766,1,16
1782113234,gsm-1,osmo-bsc-594654bd47-9f8qf,1,5
1782113234,gsm-1,osmo-bts-virtual-5f8b9b86fc-t6w8k,17,5
1782113234,gsm-1,osmo-hlr-546bdb8988-hrdk9,1,2
1782113234,gsm-1,osmo-mgw-8c8fc67d6-s9g6z,1,2
1782113234,gsm-1,osmo-mobile-947867b85-7nh6c,3,30
1782113234,gsm-1,osmo-stp-768687f494-x4cm4,1,2
1782113234,gsm-1,virtphy-858665df6d-ss5w8,7,1
1782113234,kube-system,coredns-c4dbffb5f-p9rsr,3,30
1782113234,kube-system,local-path-provisioner-5c4dc5d66d-nfqxz,1,15
1782113234,kube-system,metrics-server-786d997795-hcp2m,9,47
1782113234,kube-system,svclb-traefik-1100f998-kpm9h,0,0
1782113234,kube-system,traefik-9bcdbbd9-qtpjt,1,37
1782113236,gsm-1,msc-test-stub-5b875d749d-xj766,1,16
1782113236,gsm-1,osmo-bsc-594654bd47-9f8qf,1,5
1782113236,gsm-1,osmo-bts-virtual-5f8b9b86fc-t6w8k,17,5
1782113236,gsm-1,osmo-hlr-546bdb8988-hrdk9,1,2
1782113236,gsm-1,osmo-mgw-8c8fc67d6-s9g6z,1,2
1782113236,gsm-1,osmo-mobile-947867b85-7nh6c,3,30
1782113236,gsm-1,osmo-stp-768687f494-x4cm4,1,2
1782113236,gsm-1,virtphy-858665df6d-ss5w8,7,1
1782113236,kube-system,coredns-c4dbffb5f-p9rsr,3,30
1782113236,kube-system,local-path-provisioner-5c4dc5d66d-nfqxz,1,15
1782113236,kube-system,metrics-server-786d997795-hcp2m,9,47
1782113236,kube-system,svclb-traefik-1100f998-kpm9h,0,0
1782113236,kube-system,traefik-9bcdbbd9-qtpjt,1,37
1782113238,gsm-1,msc-test-stub-5b875d749d-xj766,1,16
1782113238,gsm-1,osmo-mgw-8c8fc67d6-s9g6z,1,2
1782113238,gsm-1,osmo-mobile-947867b85-7nh6c,3,30
1782113238,kube-system,coredns-c4dbffb5f-p9rsr,3,30
1782113238,kube-system,local-path-provisioner-5c4dc5d66d-nfqxz,1,15
1782113238,kube-system,metrics-server-786d997795-hcp2m,9,47
1782113238,kube-system,svclb-traefik-1100f998-kpm9h,0,0
1782113238,kube-system,traefik-9bcdbbd9-qtpjt,1,37
1782113240,gsm-1,msc-test-stub-5b875d749d-xj766,1,16
1782113240,gsm-1,osmo-mgw-8c8fc67d6-s9g6z,1,2
1782113240,gsm-1,osmo-mobile-947867b85-7nh6c,3,30
1782113240,kube-system,coredns-c4dbffb5f-p9rsr,3,30
1782113240,kube-system,local-path-provisioner-5c4dc5d66d-nfqxz,1,15
1782113240,kube-system,metrics-server-786d997795-hcp2m,9,47
1782113240,kube-system,svclb-traefik-1100f998-kpm9h,0,0
1782113240,kube-system,traefik-9bcdbbd9-qtpjt,1,37
1782113242,gsm-1,msc-test-stub-5b875d749d-xj766,1,16
1782113242,gsm-1,osmo-mgw-8c8fc67d6-s9g6z,1,2
1782113242,gsm-1,osmo-mobile-947867b85-7nh6c,3,30
1782113242,kube-system,coredns-c4dbffb5f-p9rsr,3,30
1782113242,kube-system,local-path-provisioner-5c4dc5d66d-nfqxz,1,15
1782113242,kube-system,metrics-server-786d997795-hcp2m,9,47
1782113242,kube-system,svclb-traefik-1100f998-kpm9h,0,0
1782113242,kube-system,traefik-9bcdbbd9-qtpjt,1,37
1782113244,gsm-1,msc-test-stub-5b875d749d-xj766,1,16
1782113244,gsm-1,osmo-mgw-8c8fc67d6-s9g6z,1,2
1782113244,gsm-1,osmo-mobile-947867b85-7nh6c,3,30
1782113244,kube-system,coredns-c4dbffb5f-p9rsr,3,30
1782113244,kube-system,local-path-provisioner-5c4dc5d66d-nfqxz,1,15
1782113244,kube-system,metrics-server-786d997795-hcp2m,9,47
1782113244,kube-system,svclb-traefik-1100f998-kpm9h,0,0
1782113244,kube-system,traefik-9bcdbbd9-qtpjt,1,37
1782113246,gsm-1,msc-test-stub-5b875d749d-xj766,1,16
1782113246,gsm-1,osmo-mgw-8c8fc67d6-s9g6z,1,2
1782113246,gsm-1,osmo-mobile-947867b85-7nh6c,3,30
1782113246,kube-system,coredns-c4dbffb5f-p9rsr,3,30
1782113246,kube-system,local-path-provisioner-5c4dc5d66d-nfqxz,1,15
1782113246,kube-system,metrics-server-786d997795-hcp2m,9,47
1782113246,kube-system,svclb-traefik-1100f998-kpm9h,0,0
1782113246,kube-system,traefik-9bcdbbd9-qtpjt,1,37
1782113248,gsm-1,msc-test-stub-5b875d749d-xj766,1,16
1782113248,gsm-1,osmo-mgw-8c8fc67d6-s9g6z,1,2
1782113248,gsm-1,osmo-mobile-947867b85-7nh6c,3,30
1782113248,kube-system,coredns-c4dbffb5f-p9rsr,3,30
1782113248,kube-system,local-path-provisioner-5c4dc5d66d-nfqxz,1,15
1782113248,kube-system,metrics-server-786d997795-hcp2m,6,47
1782113248,kube-system,svclb-traefik-1100f998-kpm9h,0,0
1782113248,kube-system,traefik-9bcdbbd9-qtpjt,1,37
1782113250,gsm-1,msc-test-stub-5b875d749d-xj766,1,16
1782113250,gsm-1,osmo-mgw-8c8fc67d6-s9g6z,1,2
1782113250,gsm-1,osmo-mobile-947867b85-7nh6c,3,30
1782113250,kube-system,coredns-c4dbffb5f-p9rsr,3,30
1782113250,kube-system,local-path-provisioner-5c4dc5d66d-nfqxz,1,15
1782113250,kube-system,metrics-server-786d997795-hcp2m,6,47
1782113250,kube-system,svclb-traefik-1100f998-kpm9h,0,0
1782113250,kube-system,traefik-9bcdbbd9-qtpjt,1,37
1782113252,gsm-1,msc-test-stub-5b875d749d-xj766,1,16
1782113252,gsm-1,osmo-mgw-8c8fc67d6-s9g6z,1,2
1782113252,gsm-1,osmo-mobile-947867b85-7nh6c,3,30
1782113252,kube-system,coredns-c4dbffb5f-p9rsr,3,30
1782113252,kube-system,local-path-provisioner-5c4dc5d66d-nfqxz,1,15
1782113252,kube-system,metrics-server-786d997795-hcp2m,6,47
1782113252,kube-system,svclb-traefik-1100f998-kpm9h,0,0
1782113252,kube-system,traefik-9bcdbbd9-qtpjt,1,37
1782113254,gsm-1,msc-test-stub-5b875d749d-xj766,1,16
1782113254,gsm-1,osmo-mgw-8c8fc67d6-s9g6z,1,2
1782113254,gsm-1,osmo-mobile-947867b85-7nh6c,3,30
1782113254,kube-system,coredns-c4dbffb5f-p9rsr,3,30
1782113254,kube-system,local-path-provisioner-5c4dc5d66d-nfqxz,1,15
1782113254,kube-system,metrics-server-786d997795-hcp2m,6,47
1782113254,kube-system,svclb-traefik-1100f998-kpm9h,0,0
1782113254,kube-system,traefik-9bcdbbd9-qtpjt,1,37
1782113257,gsm-1,msc-test-stub-5b875d749d-xj766,1,16
1782113257,gsm-1,osmo-mgw-8c8fc67d6-s9g6z,1,2
1782113257,gsm-1,osmo-mobile-947867b85-7nh6c,3,30
1782113257,kube-system,coredns-c4dbffb5f-p9rsr,3,30
1782113257,kube-system,local-path-provisioner-5c4dc5d66d-nfqxz,1,15
1782113257,kube-system,metrics-server-786d997795-hcp2m,6,47
1782113257,kube-system,svclb-traefik-1100f998-kpm9h,0,0
1782113257,kube-system,traefik-9bcdbbd9-qtpjt,1,37
1782113259,gsm-1,msc-test-stub-5b875d749d-xj766,1,16
1782113259,gsm-1,osmo-mgw-8c8fc67d6-s9g6z,1,2
1782113259,gsm-1,osmo-mobile-947867b85-7nh6c,3,30
1782113259,kube-system,coredns-c4dbffb5f-p9rsr,3,30
1782113259,kube-system,local-path-provisioner-5c4dc5d66d-nfqxz,1,15
1782113259,kube-system,metrics-server-786d997795-hcp2m,6,47
1782113259,kube-system,svclb-traefik-1100f998-kpm9h,0,0
1782113259,kube-system,traefik-9bcdbbd9-qtpjt,1,37
1782113261,gsm-1,msc-test-stub-5b875d749d-xj766,1,16
1782113261,gsm-1,osmo-mgw-8c8fc67d6-s9g6z,1,2
1782113261,gsm-1,osmo-mobile-947867b85-7nh6c,3,30
1782113261,kube-system,coredns-c4dbffb5f-p9rsr,3,30
1782113261,kube-system,local-path-provisioner-5c4dc5d66d-nfqxz,1,15
1782113261,kube-system,metrics-server-786d997795-hcp2m,6,47
1782113261,kube-system,svclb-traefik-1100f998-kpm9h,0,0
1782113261,kube-system,traefik-9bcdbbd9-qtpjt,1,37
1782113263,gsm-1,msc-test-stub-5b875d749d-xj766,1,16
1782113263,gsm-1,osmo-mgw-8c8fc67d6-s9g6z,1,2
1782113263,gsm-1,osmo-mobile-947867b85-7nh6c,6,28
1782113263,kube-system,coredns-c4dbffb5f-p9rsr,3,30
1782113263,kube-system,local-path-provisioner-5c4dc5d66d-nfqxz,1,15
1782113263,kube-system,metrics-server-786d997795-hcp2m,6,47
1782113263,kube-system,svclb-traefik-1100f998-kpm9h,0,0
1782113263,kube-system,traefik-9bcdbbd9-qtpjt,2,37
1782113265,gsm-1,msc-test-stub-5b875d749d-xj766,1,16
1782113265,gsm-1,osmo-mgw-8c8fc67d6-s9g6z,1,2
1782113265,gsm-1,osmo-mobile-947867b85-7nh6c,6,28
1782113265,kube-system,coredns-c4dbffb5f-p9rsr,3,30
1782113265,kube-system,local-path-provisioner-5c4dc5d66d-nfqxz,1,15
1782113265,kube-system,metrics-server-786d997795-hcp2m,6,47
1782113265,kube-system,svclb-traefik-1100f998-kpm9h,0,0
1782113265,kube-system,traefik-9bcdbbd9-qtpjt,2,37
1782113267,gsm-1,msc-test-stub-5b875d749d-xj766,1,16
1782113267,gsm-1,osmo-mgw-8c8fc67d6-s9g6z,1,2
1782113267,gsm-1,osmo-mobile-947867b85-7nh6c,6,28
1782113267,kube-system,coredns-c4dbffb5f-p9rsr,3,30
1782113267,kube-system,local-path-provisioner-5c4dc5d66d-nfqxz,1,15
1782113267,kube-system,metrics-server-786d997795-hcp2m,6,47
1782113267,kube-system,svclb-traefik-1100f998-kpm9h,0,0
1782113267,kube-system,traefik-9bcdbbd9-qtpjt,2,37
1782113269,kube-system,coredns-c4dbffb5f-p9rsr,3,30
1782113269,kube-system,local-path-provisioner-5c4dc5d66d-nfqxz,1,15
1782113269,kube-system,metrics-server-786d997795-hcp2m,6,47
1782113269,kube-system,svclb-traefik-1100f998-kpm9h,0,0
1782113269,kube-system,traefik-9bcdbbd9-qtpjt,2,37
1782113271,kube-system,coredns-c4dbffb5f-p9rsr,3,30
1782113271,kube-system,local-path-provisioner-5c4dc5d66d-nfqxz,1,15
1782113271,kube-system,metrics-server-786d997795-hcp2m,6,47
1782113271,kube-system,svclb-traefik-1100f998-kpm9h,0,0
1782113271,kube-system,traefik-9bcdbbd9-qtpjt,2,37
1782113273,kube-system,coredns-c4dbffb5f-p9rsr,3,30
1782113273,kube-system,local-path-provisioner-5c4dc5d66d-nfqxz,1,15
1782113273,kube-system,metrics-server-786d997795-hcp2m,6,47
1782113273,kube-system,svclb-traefik-1100f998-kpm9h,0,0
1782113273,kube-system,traefik-9bcdbbd9-qtpjt,2,37
1782113275,kube-system,coredns-c4dbffb5f-p9rsr,3,30
1782113275,kube-system,local-path-provisioner-5c4dc5d66d-nfqxz,1,15
1782113275,kube-system,metrics-server-786d997795-hcp2m,6,47
1782113275,kube-system,svclb-traefik-1100f998-kpm9h,0,0
1782113275,kube-system,traefik-9bcdbbd9-qtpjt,2,37
1782113277,kube-system,coredns-c4dbffb5f-p9rsr,3,30
1782113277,kube-system,local-path-provisioner-5c4dc5d66d-nfqxz,1,15
1782113277,kube-system,metrics-server-786d997795-hcp2m,6,47
1782113277,kube-system,svclb-traefik-1100f998-kpm9h,0,0
1782113277,kube-system,traefik-9bcdbbd9-qtpjt,2,37
1782113279,kube-system,coredns-c4dbffb5f-p9rsr,3,30
1782113279,kube-system,local-path-provisioner-5c4dc5d66d-nfqxz,1,15
1782113279,kube-system,metrics-server-786d997795-hcp2m,7,47
1782113279,kube-system,svclb-traefik-1100f998-kpm9h,0,0
1782113279,kube-system,traefik-9bcdbbd9-qtpjt,1,37
1782113281,kube-system,coredns-c4dbffb5f-p9rsr,3,30
1782113281,kube-system,local-path-provisioner-5c4dc5d66d-nfqxz,1,15
1782113281,kube-system,metrics-server-786d997795-hcp2m,7,47
1782113281,kube-system,svclb-traefik-1100f998-kpm9h,0,0
1782113281,kube-system,traefik-9bcdbbd9-qtpjt,1,37
1782113284,kube-system,coredns-c4dbffb5f-p9rsr,3,30
1782113284,kube-system,local-path-provisioner-5c4dc5d66d-nfqxz,1,15
1782113284,kube-system,metrics-server-786d997795-hcp2m,7,47
1782113284,kube-system,svclb-traefik-1100f998-kpm9h,0,0
1782113284,kube-system,traefik-9bcdbbd9-qtpjt,1,37
