unix_ts,namespace,pod,cpu_m,mem_mib
1781686399,gsm-10,osmo-bsc-594654bd47-z89vs,5,5
1781686399,gsm-10,osmo-bts-virtual-5f8b9b86fc-fnwmh,14,8
1781686399,gsm-10,osmo-mgw-8c8fc67d6-trx74,1,2
1781686399,gsm-10,osmo-mobile-7cd864fcdc-wzxr5,7,28
1781686399,gsm-10,osmo-stp-768687f494-p4z84,1,2
1781686402,gsm-10,osmo-bsc-594654bd47-z89vs,5,5
1781686402,gsm-10,osmo-bts-virtual-5f8b9b86fc-fnwmh,14,8
1781686402,gsm-10,osmo-mgw-8c8fc67d6-trx74,1,2
1781686402,gsm-10,osmo-mobile-7cd864fcdc-wzxr5,7,28
1781686402,gsm-10,osmo-stp-768687f494-p4z84,1,2
1781686404,gsm-10,osmo-bsc-594654bd47-z89vs,5,5
1781686404,gsm-10,osmo-bts-virtual-5f8b9b86fc-fnwmh,14,8
1781686404,gsm-10,osmo-mgw-8c8fc67d6-trx74,1,2
1781686404,gsm-10,osmo-mobile-7cd864fcdc-wzxr5,7,28
1781686404,gsm-10,osmo-stp-768687f494-p4z84,1,2
1781686407,gsm-10,osmo-bsc-594654bd47-z89vs,5,5
1781686407,gsm-10,osmo-bts-virtual-5f8b9b86fc-fnwmh,14,8
1781686407,gsm-10,osmo-mgw-8c8fc67d6-trx74,1,2
1781686407,gsm-10,osmo-mobile-7cd864fcdc-wzxr5,7,28
1781686407,gsm-10,osmo-stp-768687f494-p4z84,1,2
1781686409,gsm-10,msc-test-stub-5b875d749d-jn2kt,4,16
1781686409,gsm-10,osmo-bsc-594654bd47-z89vs,5,5
1781686409,gsm-10,osmo-bts-virtual-5f8b9b86fc-fnwmh,27,5
1781686409,gsm-10,osmo-hlr-546bdb8988-9cl9z,1,2
1781686409,gsm-10,osmo-mgw-8c8fc67d6-trx74,1,2
1781686409,gsm-10,osmo-mobile-7cd864fcdc-wzxr5,2,28
1781686409,gsm-10,osmo-stp-768687f494-p4z84,1,2
1781686409,gsm-10,virtphy-65b766dcb8-fchgr,6,1
1781686411,gsm-10,msc-test-stub-5b875d749d-jn2kt,4,16
1781686411,gsm-10,osmo-bsc-594654bd47-z89vs,5,5
1781686411,gsm-10,osmo-bts-virtual-5f8b9b86fc-fnwmh,27,5
1781686411,gsm-10,osmo-hlr-546bdb8988-9cl9z,1,2
1781686411,gsm-10,osmo-mgw-8c8fc67d6-trx74,1,2
1781686411,gsm-10,osmo-mobile-7cd864fcdc-wzxr5,2,28
1781686411,gsm-10,osmo-stp-768687f494-p4z84,1,2
1781686411,gsm-10,virtphy-65b766dcb8-fchgr,6,1
1781686414,gsm-10,msc-test-stub-5b875d749d-jn2kt,4,16
1781686414,gsm-10,osmo-bsc-594654bd47-z89vs,5,5
1781686414,gsm-10,osmo-bts-virtual-5f8b9b86fc-fnwmh,27,5
1781686414,gsm-10,osmo-hlr-546bdb8988-9cl9z,1,2
1781686414,gsm-10,osmo-mgw-8c8fc67d6-trx74,1,2
1781686414,gsm-10,osmo-mobile-7cd864fcdc-wzxr5,2,28
1781686414,gsm-10,osmo-stp-768687f494-p4z84,1,2
1781686414,gsm-10,virtphy-65b766dcb8-fchgr,6,1
1781686416,gsm-10,msc-test-stub-5b875d749d-jn2kt,4,16
1781686416,gsm-10,osmo-bsc-594654bd47-z89vs,5,5
1781686416,gsm-10,osmo-bts-virtual-5f8b9b86fc-fnwmh,27,5
1781686416,gsm-10,osmo-hlr-546bdb8988-9cl9z,1,2
1781686416,gsm-10,osmo-mgw-8c8fc67d6-trx74,1,2
1781686416,gsm-10,osmo-mobile-7cd864fcdc-wzxr5,2,28
1781686416,gsm-10,osmo-stp-768687f494-p4z84,1,2
1781686416,gsm-10,virtphy-65b766dcb8-fchgr,6,1
1781686419,gsm-10,msc-test-stub-5b875d749d-jn2kt,4,16
1781686419,gsm-10,osmo-bsc-594654bd47-z89vs,5,5
1781686419,gsm-10,osmo-bts-virtual-5f8b9b86fc-fnwmh,27,5
1781686419,gsm-10,osmo-hlr-546bdb8988-9cl9z,1,2
1781686419,gsm-10,osmo-mgw-8c8fc67d6-trx74,1,2
1781686419,gsm-10,osmo-mobile-7cd864fcdc-wzxr5,2,28
1781686419,gsm-10,osmo-stp-768687f494-p4z84,1,2
1781686419,gsm-10,virtphy-65b766dcb8-fchgr,6,1
1781686422,gsm-10,msc-test-stub-5b875d749d-jn2kt,4,16
1781686422,gsm-10,osmo-bsc-594654bd47-z89vs,5,5
1781686422,gsm-10,osmo-bts-virtual-5f8b9b86fc-fnwmh,27,5
1781686422,gsm-10,osmo-hlr-546bdb8988-9cl9z,1,2
1781686422,gsm-10,osmo-mgw-8c8fc67d6-trx74,1,2
1781686422,gsm-10,osmo-mobile-7cd864fcdc-wzxr5,2,28
1781686422,gsm-10,osmo-stp-768687f494-p4z84,1,2
1781686422,gsm-10,virtphy-65b766dcb8-fchgr,6,1
1781686424,gsm-10,msc-test-stub-5b875d749d-jn2kt,1,16
1781686424,gsm-10,osmo-bsc-594654bd47-z89vs,1,5
1781686424,gsm-10,osmo-bts-virtual-5f8b9b86fc-fnwmh,27,5
1781686424,gsm-10,osmo-hlr-546bdb8988-9cl9z,1,2
1781686424,gsm-10,osmo-mgw-8c8fc67d6-trx74,1,2
1781686424,gsm-10,osmo-mobile-7cd864fcdc-wzxr5,3,28
1781686424,gsm-10,osmo-stp-768687f494-p4z84,1,2
1781686424,gsm-10,virtphy-65b766dcb8-fchgr,7,1
1781686426,gsm-10,msc-test-stub-5b875d749d-jn2kt,1,16
1781686426,gsm-10,osmo-bsc-594654bd47-z89vs,1,5
1781686426,gsm-10,osmo-bts-virtual-5f8b9b86fc-fnwmh,27,5
1781686426,gsm-10,osmo-hlr-546bdb8988-9cl9z,1,2
1781686426,gsm-10,osmo-mgw-8c8fc67d6-trx74,1,2
1781686426,gsm-10,osmo-mobile-7cd864fcdc-wzxr5,3,28
1781686426,gsm-10,osmo-stp-768687f494-p4z84,1,2
1781686426,gsm-10,virtphy-65b766dcb8-fchgr,7,1
1781686428,gsm-10,msc-test-stub-5b875d749d-jn2kt,1,16
1781686428,gsm-10,osmo-bsc-594654bd47-z89vs,1,5
1781686428,gsm-10,osmo-bts-virtual-5f8b9b86fc-fnwmh,27,5
1781686428,gsm-10,osmo-hlr-546bdb8988-9cl9z,1,2
1781686428,gsm-10,osmo-mgw-8c8fc67d6-trx74,1,2
1781686428,gsm-10,osmo-mobile-7cd864fcdc-wzxr5,3,28
1781686428,gsm-10,osmo-stp-768687f494-p4z84,1,2
1781686428,gsm-10,virtphy-65b766dcb8-fchgr,7,1
1781686431,gsm-10,msc-test-stub-5b875d749d-jn2kt,1,16
1781686431,gsm-10,osmo-bsc-594654bd47-z89vs,1,5
1781686431,gsm-10,osmo-bts-virtual-5f8b9b86fc-fnwmh,27,5
1781686431,gsm-10,osmo-hlr-546bdb8988-9cl9z,1,2
1781686431,gsm-10,osmo-mgw-8c8fc67d6-trx74,1,2
1781686431,gsm-10,osmo-mobile-7cd864fcdc-wzxr5,3,28
1781686431,gsm-10,osmo-stp-768687f494-p4z84,1,2
1781686431,gsm-10,virtphy-65b766dcb8-fchgr,7,1
1781686435,gsm-10,msc-test-stub-5b875d749d-jn2kt,1,16
1781686435,gsm-10,osmo-bsc-594654bd47-z89vs,1,5
1781686435,gsm-10,osmo-bts-virtual-5f8b9b86fc-fnwmh,27,5
1781686435,gsm-10,osmo-hlr-546bdb8988-9cl9z,1,2
1781686435,gsm-10,osmo-mgw-8c8fc67d6-trx74,1,2
1781686435,gsm-10,osmo-mobile-7cd864fcdc-wzxr5,3,28
1781686435,gsm-10,osmo-stp-768687f494-p4z84,1,2
1781686435,gsm-10,virtphy-65b766dcb8-fchgr,7,1
1781686437,gsm-10,msc-test-stub-5b875d749d-jn2kt,1,16
1781686437,gsm-10,osmo-bsc-594654bd47-z89vs,1,5
1781686437,gsm-10,osmo-bts-virtual-5f8b9b86fc-fnwmh,27,5
1781686437,gsm-10,osmo-hlr-546bdb8988-9cl9z,1,2
1781686437,gsm-10,osmo-mgw-8c8fc67d6-trx74,1,2
1781686437,gsm-10,osmo-mobile-7cd864fcdc-wzxr5,3,28
1781686437,gsm-10,osmo-stp-768687f494-p4z84,1,2
1781686437,gsm-10,virtphy-65b766dcb8-fchgr,7,1
1781686439,gsm-10,msc-test-stub-5b875d749d-jn2kt,1,16
1781686439,gsm-10,osmo-bsc-594654bd47-z89vs,1,5
1781686439,gsm-10,osmo-bts-virtual-5f8b9b86fc-fnwmh,27,5
1781686439,gsm-10,osmo-hlr-546bdb8988-9cl9z,1,2
1781686439,gsm-10,osmo-mgw-8c8fc67d6-trx74,1,2
1781686439,gsm-10,osmo-mobile-7cd864fcdc-wzxr5,2,28
1781686439,gsm-10,osmo-stp-768687f494-p4z84,1,2
1781686439,gsm-10,virtphy-65b766dcb8-fchgr,6,1
1781686442,gsm-10,msc-test-stub-5b875d749d-jn2kt,1,16
1781686442,gsm-10,osmo-bsc-594654bd47-z89vs,1,5
1781686442,gsm-10,osmo-bts-virtual-5f8b9b86fc-fnwmh,27,5
1781686442,gsm-10,osmo-hlr-546bdb8988-9cl9z,1,2
1781686442,gsm-10,osmo-mgw-8c8fc67d6-trx74,1,2
1781686442,gsm-10,osmo-mobile-7cd864fcdc-wzxr5,2,28
1781686442,gsm-10,osmo-stp-768687f494-p4z84,1,2
1781686442,gsm-10,virtphy-65b766dcb8-fchgr,6,1
1781686444,gsm-10,msc-test-stub-5b875d749d-jn2kt,1,16
1781686444,gsm-10,osmo-bsc-594654bd47-z89vs,1,5
1781686444,gsm-10,osmo-bts-virtual-5f8b9b86fc-fnwmh,27,5
1781686444,gsm-10,osmo-hlr-546bdb8988-9cl9z,1,2
1781686444,gsm-10,osmo-mgw-8c8fc67d6-trx74,1,2
1781686444,gsm-10,osmo-mobile-7cd864fcdc-wzxr5,2,28
1781686444,gsm-10,osmo-stp-768687f494-p4z84,1,2
1781686444,gsm-10,virtphy-65b766dcb8-fchgr,6,1
1781686446,gsm-10,msc-test-stub-5b875d749d-jn2kt,1,16
1781686446,gsm-10,osmo-bsc-594654bd47-z89vs,1,5
1781686446,gsm-10,osmo-bts-virtual-5f8b9b86fc-fnwmh,27,5
1781686446,gsm-10,osmo-hlr-546bdb8988-9cl9z,1,2
1781686446,gsm-10,osmo-mgw-8c8fc67d6-trx74,1,2
1781686446,gsm-10,osmo-mobile-7cd864fcdc-wzxr5,2,28
1781686446,gsm-10,osmo-stp-768687f494-p4z84,1,2
1781686446,gsm-10,virtphy-65b766dcb8-fchgr,6,1
1781686449,gsm-10,msc-test-stub-5b875d749d-jn2kt,1,16
1781686449,gsm-10,osmo-bsc-594654bd47-z89vs,1,5
1781686449,gsm-10,osmo-bts-virtual-5f8b9b86fc-fnwmh,27,5
1781686449,gsm-10,osmo-hlr-546bdb8988-9cl9z,1,2
1781686449,gsm-10,osmo-mgw-8c8fc67d6-trx74,1,2
1781686449,gsm-10,osmo-mobile-7cd864fcdc-wzxr5,2,28
1781686449,gsm-10,osmo-stp-768687f494-p4z84,1,2
1781686449,gsm-10,virtphy-65b766dcb8-fchgr,6,1
1781686451,gsm-10,msc-test-stub-5b875d749d-jn2kt,1,16
1781686451,gsm-10,osmo-bsc-594654bd47-z89vs,1,5
1781686451,gsm-10,osmo-bts-virtual-5f8b9b86fc-fnwmh,27,5
1781686451,gsm-10,osmo-hlr-546bdb8988-9cl9z,1,2
1781686451,gsm-10,osmo-mgw-8c8fc67d6-trx74,1,2
1781686451,gsm-10,osmo-mobile-7cd864fcdc-wzxr5,2,28
1781686451,gsm-10,osmo-stp-768687f494-p4z84,1,2
1781686451,gsm-10,virtphy-65b766dcb8-fchgr,6,1
1781686453,gsm-10,msc-test-stub-5b875d749d-jn2kt,3,16
1781686453,gsm-10,osmo-bsc-594654bd47-z89vs,1,5
1781686453,gsm-10,osmo-bts-virtual-5f8b9b86fc-fnwmh,29,5
1781686453,gsm-10,osmo-hlr-546bdb8988-9cl9z,1,2
1781686453,gsm-10,osmo-mgw-8c8fc67d6-trx74,1,2
1781686453,gsm-10,osmo-mobile-7cd864fcdc-wzxr5,3,28
1781686453,gsm-10,osmo-stp-768687f494-p4z84,1,2
1781686453,gsm-10,virtphy-65b766dcb8-fchgr,7,1
1781686456,gsm-10,msc-test-stub-5b875d749d-jn2kt,3,16
1781686456,gsm-10,osmo-bsc-594654bd47-z89vs,1,5
1781686456,gsm-10,osmo-bts-virtual-5f8b9b86fc-fnwmh,29,5
1781686456,gsm-10,osmo-hlr-546bdb8988-9cl9z,1,2
1781686456,gsm-10,osmo-mgw-8c8fc67d6-trx74,1,2
1781686456,gsm-10,osmo-mobile-7cd864fcdc-wzxr5,3,28
1781686456,gsm-10,osmo-stp-768687f494-p4z84,1,2
1781686456,gsm-10,virtphy-65b766dcb8-fchgr,7,1
1781686459,gsm-10,msc-test-stub-5b875d749d-jn2kt,3,16
1781686459,gsm-10,osmo-bsc-594654bd47-z89vs,1,5
1781686459,gsm-10,osmo-bts-virtual-5f8b9b86fc-fnwmh,29,5
1781686459,gsm-10,osmo-hlr-546bdb8988-9cl9z,1,2
1781686459,gsm-10,osmo-mgw-8c8fc67d6-trx74,1,2
1781686459,gsm-10,osmo-mobile-7cd864fcdc-wzxr5,3,28
1781686459,gsm-10,osmo-stp-768687f494-p4z84,1,2
1781686459,gsm-10,virtphy-65b766dcb8-fchgr,7,1
1781686462,gsm-10,msc-test-stub-5b875d749d-jn2kt,3,16
1781686462,gsm-10,osmo-bsc-594654bd47-z89vs,1,5
1781686462,gsm-10,osmo-bts-virtual-5f8b9b86fc-fnwmh,29,5
1781686462,gsm-10,osmo-hlr-546bdb8988-9cl9z,1,2
1781686462,gsm-10,osmo-mgw-8c8fc67d6-trx74,1,2
1781686462,gsm-10,osmo-mobile-7cd864fcdc-wzxr5,3,28
1781686462,gsm-10,osmo-stp-768687f494-p4z84,1,2
1781686462,gsm-10,virtphy-65b766dcb8-fchgr,7,1
1781686464,gsm-10,msc-test-stub-5b875d749d-jn2kt,3,16
1781686464,gsm-10,osmo-bsc-594654bd47-z89vs,1,5
1781686464,gsm-10,osmo-bts-virtual-5f8b9b86fc-fnwmh,29,5
1781686464,gsm-10,osmo-hlr-546bdb8988-9cl9z,1,2
1781686464,gsm-10,osmo-mgw-8c8fc67d6-trx74,1,2
1781686464,gsm-10,osmo-mobile-7cd864fcdc-wzxr5,3,28
1781686464,gsm-10,osmo-stp-768687f494-p4z84,1,2
1781686464,gsm-10,virtphy-65b766dcb8-fchgr,7,1
1781686467,gsm-10,msc-test-stub-5b875d749d-jn2kt,3,16
1781686467,gsm-10,osmo-bsc-594654bd47-z89vs,1,5
1781686467,gsm-10,osmo-bts-virtual-5f8b9b86fc-fnwmh,29,5
1781686467,gsm-10,osmo-hlr-546bdb8988-9cl9z,1,2
1781686467,gsm-10,osmo-mgw-8c8fc67d6-trx74,1,2
1781686467,gsm-10,osmo-mobile-7cd864fcdc-wzxr5,3,28
1781686467,gsm-10,osmo-stp-768687f494-p4z84,1,2
1781686467,gsm-10,virtphy-65b766dcb8-fchgr,7,1
1781686470,gsm-10,msc-test-stub-5b875d749d-jn2kt,1,16
1781686470,gsm-10,osmo-bsc-594654bd47-z89vs,1,5
1781686470,gsm-10,osmo-bts-virtual-5f8b9b86fc-fnwmh,26,5
1781686470,gsm-10,osmo-hlr-546bdb8988-9cl9z,1,2
1781686470,gsm-10,osmo-mgw-8c8fc67d6-trx74,1,2
1781686470,gsm-10,osmo-mobile-7cd864fcdc-wzxr5,3,28
1781686470,gsm-10,osmo-stp-768687f494-p4z84,1,2
1781686470,gsm-10,virtphy-65b766dcb8-fchgr,7,1
1781686472,gsm-10,msc-test-stub-5b875d749d-jn2kt,1,16
1781686472,gsm-10,osmo-bsc-594654bd47-z89vs,1,5
1781686472,gsm-10,osmo-bts-virtual-5f8b9b86fc-fnwmh,26,5
1781686472,gsm-10,osmo-hlr-546bdb8988-9cl9z,1,2
1781686472,gsm-10,osmo-mgw-8c8fc67d6-trx74,1,2
1781686472,gsm-10,osmo-mobile-7cd864fcdc-wzxr5,3,28
1781686472,gsm-10,osmo-stp-768687f494-p4z84,1,2
1781686472,gsm-10,virtphy-65b766dcb8-fchgr,7,1
1781686475,gsm-10,msc-test-stub-5b875d749d-jn2kt,1,16
1781686475,gsm-10,osmo-bsc-594654bd47-z89vs,1,5
1781686475,gsm-10,osmo-bts-virtual-5f8b9b86fc-fnwmh,26,5
1781686475,gsm-10,osmo-hlr-546bdb8988-9cl9z,1,2
1781686475,gsm-10,osmo-mgw-8c8fc67d6-trx74,1,2
1781686475,gsm-10,osmo-mobile-7cd864fcdc-wzxr5,3,28
1781686475,gsm-10,osmo-stp-768687f494-p4z84,1,2
1781686475,gsm-10,virtphy-65b766dcb8-fchgr,7,1
1781686477,gsm-10,msc-test-stub-5b875d749d-jn2kt,1,16
1781686477,gsm-10,osmo-bsc-594654bd47-z89vs,1,5
1781686477,gsm-10,osmo-bts-virtual-5f8b9b86fc-fnwmh,26,5
1781686477,gsm-10,osmo-hlr-546bdb8988-9cl9z,1,2
1781686477,gsm-10,osmo-mgw-8c8fc67d6-trx74,1,2
1781686477,gsm-10,osmo-mobile-7cd864fcdc-wzxr5,3,28
1781686477,gsm-10,osmo-stp-768687f494-p4z84,1,2
1781686477,gsm-10,virtphy-65b766dcb8-fchgr,7,1
1781686480,gsm-10,msc-test-stub-5b875d749d-jn2kt,1,16
1781686480,gsm-10,osmo-bsc-594654bd47-z89vs,1,5
1781686480,gsm-10,osmo-bts-virtual-5f8b9b86fc-fnwmh,26,5
1781686480,gsm-10,osmo-hlr-546bdb8988-9cl9z,1,2
1781686480,gsm-10,osmo-mgw-8c8fc67d6-trx74,1,2
1781686480,gsm-10,osmo-mobile-7cd864fcdc-wzxr5,3,28
1781686480,gsm-10,osmo-stp-768687f494-p4z84,1,2
1781686480,gsm-10,virtphy-65b766dcb8-fchgr,7,1
1781686482,gsm-10,msc-test-stub-5b875d749d-jn2kt,1,16
1781686482,gsm-10,osmo-bsc-594654bd47-z89vs,1,5
1781686482,gsm-10,osmo-bts-virtual-5f8b9b86fc-fnwmh,26,5
1781686482,gsm-10,osmo-hlr-546bdb8988-9cl9z,1,2
1781686482,gsm-10,osmo-mgw-8c8fc67d6-trx74,1,2
1781686482,gsm-10,osmo-mobile-7cd864fcdc-wzxr5,3,28
1781686482,gsm-10,osmo-stp-768687f494-p4z84,1,2
1781686482,gsm-10,virtphy-65b766dcb8-fchgr,7,1
1781686484,gsm-10,msc-test-stub-5b875d749d-jn2kt,1,16
1781686484,gsm-10,osmo-bsc-594654bd47-z89vs,1,5
1781686484,gsm-10,osmo-bts-virtual-5f8b9b86fc-fnwmh,26,7
1781686484,gsm-10,osmo-hlr-546bdb8988-9cl9z,1,2
1781686484,gsm-10,osmo-mgw-8c8fc67d6-trx74,1,2
1781686484,gsm-10,osmo-mobile-7cd864fcdc-wzxr5,3,28
1781686484,gsm-10,osmo-stp-768687f494-p4z84,1,2
1781686484,gsm-10,virtphy-65b766dcb8-fchgr,7,1
1781686486,gsm-10,msc-test-stub-5b875d749d-jn2kt,1,16
1781686486,gsm-10,osmo-bsc-594654bd47-z89vs,1,5
1781686486,gsm-10,osmo-bts-virtual-5f8b9b86fc-fnwmh,26,7
1781686486,gsm-10,osmo-hlr-546bdb8988-9cl9z,1,2
1781686486,gsm-10,osmo-mgw-8c8fc67d6-trx74,1,2
1781686486,gsm-10,osmo-mobile-7cd864fcdc-wzxr5,3,28
1781686486,gsm-10,osmo-stp-768687f494-p4z84,1,2
1781686486,gsm-10,virtphy-65b766dcb8-fchgr,7,1
1781686489,gsm-10,msc-test-stub-5b875d749d-jn2kt,1,16
1781686489,gsm-10,osmo-bsc-594654bd47-z89vs,1,5
1781686489,gsm-10,osmo-bts-virtual-5f8b9b86fc-fnwmh,26,7
1781686489,gsm-10,osmo-hlr-546bdb8988-9cl9z,1,2
1781686489,gsm-10,osmo-mgw-8c8fc67d6-trx74,1,2
1781686489,gsm-10,osmo-mobile-7cd864fcdc-wzxr5,3,28
1781686489,gsm-10,osmo-stp-768687f494-p4z84,1,2
1781686489,gsm-10,virtphy-65b766dcb8-fchgr,7,1
1781686492,gsm-10,msc-test-stub-5b875d749d-jn2kt,1,16
1781686492,gsm-10,osmo-bsc-594654bd47-z89vs,1,5
1781686492,gsm-10,osmo-bts-virtual-5f8b9b86fc-fnwmh,26,7
1781686492,gsm-10,osmo-hlr-546bdb8988-9cl9z,1,2
1781686492,gsm-10,osmo-mgw-8c8fc67d6-trx74,1,2
1781686492,gsm-10,osmo-mobile-7cd864fcdc-wzxr5,3,28
1781686492,gsm-10,osmo-stp-768687f494-p4z84,1,2
1781686492,gsm-10,virtphy-65b766dcb8-fchgr,7,1
1781686494,gsm-10,msc-test-stub-5b875d749d-jn2kt,1,16
1781686494,gsm-10,osmo-bsc-594654bd47-z89vs,1,5
1781686494,gsm-10,osmo-bts-virtual-5f8b9b86fc-fnwmh,26,7
1781686494,gsm-10,osmo-hlr-546bdb8988-9cl9z,1,2
1781686494,gsm-10,osmo-mgw-8c8fc67d6-trx74,1,2
1781686494,gsm-10,osmo-mobile-7cd864fcdc-wzxr5,3,28
1781686494,gsm-10,osmo-stp-768687f494-p4z84,1,2
1781686494,gsm-10,virtphy-65b766dcb8-fchgr,7,1
1781686496,gsm-10,msc-test-stub-5b875d749d-jn2kt,1,16
1781686496,gsm-10,osmo-bsc-594654bd47-z89vs,1,5
1781686496,gsm-10,osmo-bts-virtual-5f8b9b86fc-fnwmh,26,7
1781686496,gsm-10,osmo-hlr-546bdb8988-9cl9z,1,2
1781686496,gsm-10,osmo-mgw-8c8fc67d6-trx74,1,2
1781686496,gsm-10,osmo-mobile-7cd864fcdc-wzxr5,3,28
1781686496,gsm-10,osmo-stp-768687f494-p4z84,1,2
1781686496,gsm-10,virtphy-65b766dcb8-fchgr,7,1
1781686499,gsm-10,msc-test-stub-5b875d749d-jn2kt,1,16
1781686499,gsm-10,osmo-bsc-594654bd47-z89vs,1,5
1781686499,gsm-10,osmo-bts-virtual-5f8b9b86fc-fnwmh,26,5
1781686499,gsm-10,osmo-hlr-546bdb8988-9cl9z,1,2
1781686499,gsm-10,osmo-mgw-8c8fc67d6-trx74,1,2
1781686499,gsm-10,osmo-mobile-7cd864fcdc-wzxr5,2,28
1781686499,gsm-10,osmo-stp-768687f494-p4z84,1,2
1781686499,gsm-10,virtphy-65b766dcb8-fchgr,6,1
1781686501,gsm-10,msc-test-stub-5b875d749d-jn2kt,1,16
1781686501,gsm-10,osmo-bsc-594654bd47-z89vs,1,5
1781686501,gsm-10,osmo-bts-virtual-5f8b9b86fc-fnwmh,26,5
1781686501,gsm-10,osmo-hlr-546bdb8988-9cl9z,1,2
1781686501,gsm-10,osmo-mgw-8c8fc67d6-trx74,1,2
1781686501,gsm-10,osmo-mobile-7cd864fcdc-wzxr5,2,28
1781686501,gsm-10,osmo-stp-768687f494-p4z84,1,2
1781686501,gsm-10,virtphy-65b766dcb8-fchgr,6,1
1781686504,gsm-10,msc-test-stub-5b875d749d-jn2kt,1,16
1781686504,gsm-10,osmo-bsc-594654bd47-z89vs,1,5
1781686504,gsm-10,osmo-bts-virtual-5f8b9b86fc-fnwmh,26,5
1781686504,gsm-10,osmo-hlr-546bdb8988-9cl9z,1,2
1781686504,gsm-10,osmo-mgw-8c8fc67d6-trx74,1,2
1781686504,gsm-10,osmo-mobile-7cd864fcdc-wzxr5,2,28
1781686504,gsm-10,osmo-stp-768687f494-p4z84,1,2
1781686504,gsm-10,virtphy-65b766dcb8-fchgr,6,1
1781686506,gsm-10,msc-test-stub-5b875d749d-jn2kt,1,16
1781686506,gsm-10,osmo-bsc-594654bd47-z89vs,1,5
1781686506,gsm-10,osmo-bts-virtual-5f8b9b86fc-fnwmh,26,5
1781686506,gsm-10,osmo-hlr-546bdb8988-9cl9z,1,2
1781686506,gsm-10,osmo-mgw-8c8fc67d6-trx74,1,2
1781686506,gsm-10,osmo-mobile-7cd864fcdc-wzxr5,2,28
1781686506,gsm-10,osmo-stp-768687f494-p4z84,1,2
1781686506,gsm-10,virtphy-65b766dcb8-fchgr,6,1
1781686508,gsm-10,msc-test-stub-5b875d749d-jn2kt,1,16
1781686508,gsm-10,osmo-bsc-594654bd47-z89vs,1,5
1781686508,gsm-10,osmo-bts-virtual-5f8b9b86fc-fnwmh,26,5
1781686508,gsm-10,osmo-hlr-546bdb8988-9cl9z,1,2
1781686508,gsm-10,osmo-mgw-8c8fc67d6-trx74,1,2
1781686508,gsm-10,osmo-mobile-7cd864fcdc-wzxr5,2,28
1781686508,gsm-10,osmo-stp-768687f494-p4z84,1,2
1781686508,gsm-10,virtphy-65b766dcb8-fchgr,6,1
1781686510,gsm-10,msc-test-stub-5b875d749d-jn2kt,1,16
1781686510,gsm-10,osmo-bsc-594654bd47-z89vs,1,5
1781686510,gsm-10,osmo-bts-virtual-5f8b9b86fc-fnwmh,26,5
1781686510,gsm-10,osmo-hlr-546bdb8988-9cl9z,1,2
1781686510,gsm-10,osmo-mgw-8c8fc67d6-trx74,1,2
1781686510,gsm-10,osmo-mobile-7cd864fcdc-wzxr5,2,28
1781686510,gsm-10,osmo-stp-768687f494-p4z84,1,2
1781686510,gsm-10,virtphy-65b766dcb8-fchgr,6,1
1781686513,gsm-10,msc-test-stub-5b875d749d-jn2kt,1,16
1781686513,gsm-10,osmo-bsc-594654bd47-z89vs,1,5
1781686513,gsm-10,osmo-bts-virtual-5f8b9b86fc-fnwmh,24,5
1781686513,gsm-10,osmo-hlr-546bdb8988-9cl9z,1,2
1781686513,gsm-10,osmo-mgw-8c8fc67d6-trx74,1,2
1781686513,gsm-10,osmo-mobile-7cd864fcdc-wzxr5,2,28
1781686513,gsm-10,osmo-stp-768687f494-p4z84,1,2
1781686513,gsm-10,virtphy-65b766dcb8-fchgr,7,1
1781686515,gsm-10,msc-test-stub-5b875d749d-jn2kt,1,16
1781686515,gsm-10,osmo-bsc-594654bd47-z89vs,1,5
1781686515,gsm-10,osmo-bts-virtual-5f8b9b86fc-fnwmh,24,5
1781686515,gsm-10,osmo-hlr-546bdb8988-9cl9z,1,2
1781686515,gsm-10,osmo-mgw-8c8fc67d6-trx74,1,2
1781686515,gsm-10,osmo-mobile-7cd864fcdc-wzxr5,2,28
1781686515,gsm-10,osmo-stp-768687f494-p4z84,1,2
1781686515,gsm-10,virtphy-65b766dcb8-fchgr,7,1
1781686517,gsm-10,msc-test-stub-5b875d749d-jn2kt,1,16
1781686517,gsm-10,osmo-bsc-594654bd47-z89vs,1,5
1781686517,gsm-10,osmo-bts-virtual-5f8b9b86fc-fnwmh,24,5
1781686517,gsm-10,osmo-hlr-546bdb8988-9cl9z,1,2
1781686517,gsm-10,osmo-mgw-8c8fc67d6-trx74,1,2
1781686517,gsm-10,osmo-mobile-7cd864fcdc-wzxr5,2,28
1781686517,gsm-10,osmo-stp-768687f494-p4z84,1,2
1781686517,gsm-10,virtphy-65b766dcb8-fchgr,7,1
1781686519,gsm-10,msc-test-stub-5b875d749d-jn2kt,1,16
1781686519,gsm-10,osmo-bsc-594654bd47-z89vs,1,5
1781686519,gsm-10,osmo-bts-virtual-5f8b9b86fc-fnwmh,24,5
1781686519,gsm-10,osmo-hlr-546bdb8988-9cl9z,1,2
1781686519,gsm-10,osmo-mgw-8c8fc67d6-trx74,1,2
1781686519,gsm-10,osmo-mobile-7cd864fcdc-wzxr5,2,28
1781686519,gsm-10,osmo-stp-768687f494-p4z84,1,2
1781686519,gsm-10,virtphy-65b766dcb8-fchgr,7,1
1781686522,gsm-10,msc-test-stub-5b875d749d-jn2kt,1,16
1781686522,gsm-10,osmo-bsc-594654bd47-z89vs,1,5
1781686522,gsm-10,osmo-bts-virtual-5f8b9b86fc-fnwmh,24,5
1781686522,gsm-10,osmo-hlr-546bdb8988-9cl9z,1,2
1781686522,gsm-10,osmo-mgw-8c8fc67d6-trx74,1,2
1781686522,gsm-10,osmo-mobile-7cd864fcdc-wzxr5,2,28
1781686522,gsm-10,osmo-stp-768687f494-p4z84,1,2
1781686522,gsm-10,virtphy-65b766dcb8-fchgr,7,1
1781686524,gsm-10,msc-test-stub-5b875d749d-jn2kt,1,16
1781686524,gsm-10,osmo-bsc-594654bd47-z89vs,1,5
1781686524,gsm-10,osmo-bts-virtual-5f8b9b86fc-fnwmh,24,5
1781686524,gsm-10,osmo-hlr-546bdb8988-9cl9z,1,2
1781686524,gsm-10,osmo-mgw-8c8fc67d6-trx74,1,2
1781686524,gsm-10,osmo-mobile-7cd864fcdc-wzxr5,2,28
1781686524,gsm-10,osmo-stp-768687f494-p4z84,1,2
1781686524,gsm-10,virtphy-65b766dcb8-fchgr,7,1
1781686526,gsm-10,msc-test-stub-5b875d749d-jn2kt,1,16
1781686526,gsm-10,osmo-bsc-594654bd47-z89vs,1,5
1781686526,gsm-10,osmo-bts-virtual-5f8b9b86fc-fnwmh,24,5
1781686526,gsm-10,osmo-hlr-546bdb8988-9cl9z,1,2
1781686526,gsm-10,osmo-mgw-8c8fc67d6-trx74,1,2
1781686526,gsm-10,osmo-mobile-7cd864fcdc-wzxr5,2,28
1781686526,gsm-10,osmo-stp-768687f494-p4z84,1,2
1781686526,gsm-10,virtphy-65b766dcb8-fchgr,7,1
1781686528,gsm-10,msc-test-stub-5b875d749d-jn2kt,1,16
1781686528,gsm-10,osmo-bsc-594654bd47-z89vs,1,5
1781686528,gsm-10,osmo-bts-virtual-5f8b9b86fc-fnwmh,25,5
1781686528,gsm-10,osmo-hlr-546bdb8988-9cl9z,1,2
1781686528,gsm-10,osmo-mgw-8c8fc67d6-trx74,1,2
1781686528,gsm-10,osmo-mobile-7cd864fcdc-wzxr5,2,28
1781686528,gsm-10,osmo-stp-768687f494-p4z84,1,2
1781686528,gsm-10,virtphy-65b766dcb8-fchgr,6,3
1781686531,gsm-10,msc-test-stub-5b875d749d-jn2kt,1,16
1781686531,gsm-10,osmo-bsc-594654bd47-z89vs,1,5
1781686531,gsm-10,osmo-bts-virtual-5f8b9b86fc-fnwmh,25,5
1781686531,gsm-10,osmo-hlr-546bdb8988-9cl9z,1,2
1781686531,gsm-10,osmo-mgw-8c8fc67d6-trx74,1,2
1781686531,gsm-10,osmo-mobile-7cd864fcdc-wzxr5,2,28
1781686531,gsm-10,osmo-stp-768687f494-p4z84,1,2
1781686531,gsm-10,virtphy-65b766dcb8-fchgr,6,3
1781686533,gsm-10,msc-test-stub-5b875d749d-jn2kt,1,16
1781686533,gsm-10,osmo-bsc-594654bd47-z89vs,1,5
1781686533,gsm-10,osmo-bts-virtual-5f8b9b86fc-fnwmh,25,5
1781686533,gsm-10,osmo-hlr-546bdb8988-9cl9z,1,2
1781686533,gsm-10,osmo-mgw-8c8fc67d6-trx74,1,2
1781686533,gsm-10,osmo-mobile-7cd864fcdc-wzxr5,2,28
1781686533,gsm-10,osmo-stp-768687f494-p4z84,1,2
1781686533,gsm-10,virtphy-65b766dcb8-fchgr,6,3
1781686536,gsm-10,msc-test-stub-5b875d749d-jn2kt,1,16
1781686536,gsm-10,osmo-bsc-594654bd47-z89vs,1,5
1781686536,gsm-10,osmo-bts-virtual-5f8b9b86fc-fnwmh,25,5
1781686536,gsm-10,osmo-hlr-546bdb8988-9cl9z,1,2
1781686536,gsm-10,osmo-mgw-8c8fc67d6-trx74,1,2
1781686536,gsm-10,osmo-mobile-7cd864fcdc-wzxr5,2,28
1781686536,gsm-10,osmo-stp-768687f494-p4z84,1,2
1781686536,gsm-10,virtphy-65b766dcb8-fchgr,6,3
1781686538,gsm-10,msc-test-stub-5b875d749d-jn2kt,1,16
1781686538,gsm-10,osmo-bsc-594654bd47-z89vs,1,5
1781686538,gsm-10,osmo-bts-virtual-5f8b9b86fc-fnwmh,25,5
1781686538,gsm-10,osmo-hlr-546bdb8988-9cl9z,1,2
1781686538,gsm-10,osmo-mgw-8c8fc67d6-trx74,1,2
1781686538,gsm-10,osmo-mobile-7cd864fcdc-wzxr5,2,28
1781686538,gsm-10,osmo-stp-768687f494-p4z84,1,2
1781686538,gsm-10,virtphy-65b766dcb8-fchgr,6,3
1781686541,gsm-10,msc-test-stub-5b875d749d-jn2kt,1,16
1781686541,gsm-10,osmo-bsc-594654bd47-z89vs,1,5
1781686541,gsm-10,osmo-bts-virtual-5f8b9b86fc-fnwmh,25,5
1781686541,gsm-10,osmo-hlr-546bdb8988-9cl9z,1,2
1781686541,gsm-10,osmo-mgw-8c8fc67d6-trx74,1,2
1781686541,gsm-10,osmo-mobile-7cd864fcdc-wzxr5,2,28
1781686541,gsm-10,osmo-stp-768687f494-p4z84,1,2
1781686541,gsm-10,virtphy-65b766dcb8-fchgr,6,3
1781686543,gsm-10,msc-test-stub-5b875d749d-jn2kt,1,16
1781686543,gsm-10,osmo-bsc-594654bd47-z89vs,1,5
1781686543,gsm-10,osmo-bts-virtual-5f8b9b86fc-fnwmh,25,5
1781686543,gsm-10,osmo-hlr-546bdb8988-9cl9z,1,2
1781686543,gsm-10,osmo-mgw-8c8fc67d6-trx74,1,2
1781686543,gsm-10,osmo-mobile-7cd864fcdc-wzxr5,2,28
1781686543,gsm-10,osmo-stp-768687f494-p4z84,1,2
1781686543,gsm-10,virtphy-65b766dcb8-fchgr,6,1
1781686545,gsm-10,msc-test-stub-5b875d749d-jn2kt,1,16
1781686545,gsm-10,osmo-bsc-594654bd47-z89vs,1,5
1781686545,gsm-10,osmo-bts-virtual-5f8b9b86fc-fnwmh,25,5
1781686545,gsm-10,osmo-hlr-546bdb8988-9cl9z,1,2
1781686545,gsm-10,osmo-mgw-8c8fc67d6-trx74,1,2
1781686545,gsm-10,osmo-mobile-7cd864fcdc-wzxr5,2,28
1781686545,gsm-10,osmo-stp-768687f494-p4z84,1,2
1781686545,gsm-10,virtphy-65b766dcb8-fchgr,6,1
1781686547,gsm-10,msc-test-stub-5b875d749d-jn2kt,1,16
1781686547,gsm-10,osmo-bsc-594654bd47-z89vs,1,5
1781686547,gsm-10,osmo-bts-virtual-5f8b9b86fc-fnwmh,25,5
1781686547,gsm-10,osmo-hlr-546bdb8988-9cl9z,1,2
1781686547,gsm-10,osmo-mgw-8c8fc67d6-trx74,1,2
1781686547,gsm-10,osmo-mobile-7cd864fcdc-wzxr5,2,28
1781686547,gsm-10,osmo-stp-768687f494-p4z84,1,2
1781686547,gsm-10,virtphy-65b766dcb8-fchgr,6,1
1781686549,gsm-10,msc-test-stub-5b875d749d-jn2kt,1,16
1781686549,gsm-10,osmo-bsc-594654bd47-z89vs,1,5
1781686549,gsm-10,osmo-bts-virtual-5f8b9b86fc-fnwmh,25,5
1781686549,gsm-10,osmo-hlr-546bdb8988-9cl9z,1,2
1781686549,gsm-10,osmo-mgw-8c8fc67d6-trx74,1,2
1781686549,gsm-10,osmo-mobile-7cd864fcdc-wzxr5,2,28
1781686549,gsm-10,osmo-stp-768687f494-p4z84,1,2
1781686549,gsm-10,virtphy-65b766dcb8-fchgr,6,1
1781686552,gsm-10,msc-test-stub-5b875d749d-jn2kt,1,16
1781686552,gsm-10,osmo-bsc-594654bd47-z89vs,1,5
1781686552,gsm-10,osmo-bts-virtual-5f8b9b86fc-fnwmh,25,5
1781686552,gsm-10,osmo-hlr-546bdb8988-9cl9z,1,2
1781686552,gsm-10,osmo-mgw-8c8fc67d6-trx74,1,2
1781686552,gsm-10,osmo-mobile-7cd864fcdc-wzxr5,2,28
1781686552,gsm-10,osmo-stp-768687f494-p4z84,1,2
1781686552,gsm-10,virtphy-65b766dcb8-fchgr,6,1
1781686554,gsm-10,msc-test-stub-5b875d749d-jn2kt,1,16
1781686554,gsm-10,osmo-bsc-594654bd47-z89vs,1,5
1781686554,gsm-10,osmo-bts-virtual-5f8b9b86fc-fnwmh,25,5
1781686554,gsm-10,osmo-hlr-546bdb8988-9cl9z,1,2
1781686554,gsm-10,osmo-mgw-8c8fc67d6-trx74,1,2
1781686554,gsm-10,osmo-mobile-7cd864fcdc-wzxr5,2,28
1781686554,gsm-10,osmo-stp-768687f494-p4z84,1,2
1781686554,gsm-10,virtphy-65b766dcb8-fchgr,6,1
1781686556,gsm-10,msc-test-stub-5b875d749d-jn2kt,1,16
1781686556,gsm-10,osmo-bsc-594654bd47-z89vs,1,5
1781686556,gsm-10,osmo-bts-virtual-5f8b9b86fc-fnwmh,25,5
1781686556,gsm-10,osmo-hlr-546bdb8988-9cl9z,1,2
1781686556,gsm-10,osmo-mgw-8c8fc67d6-trx74,1,2
1781686556,gsm-10,osmo-mobile-7cd864fcdc-wzxr5,2,28
1781686556,gsm-10,osmo-stp-768687f494-p4z84,1,2
1781686556,gsm-10,virtphy-65b766dcb8-fchgr,6,1
1781686558,gsm-10,msc-test-stub-5b875d749d-jn2kt,1,16
1781686558,gsm-10,osmo-bsc-594654bd47-z89vs,1,5
1781686558,gsm-10,osmo-bts-virtual-5f8b9b86fc-fnwmh,27,7
1781686558,gsm-10,osmo-hlr-546bdb8988-9cl9z,1,2
1781686558,gsm-10,osmo-mgw-8c8fc67d6-trx74,1,2
1781686558,gsm-10,osmo-mobile-7cd864fcdc-wzxr5,3,28
1781686558,gsm-10,osmo-stp-768687f494-p4z84,1,2
1781686558,gsm-10,virtphy-65b766dcb8-fchgr,6,1
1781686561,gsm-10,msc-test-stub-5b875d749d-jn2kt,1,16
1781686561,gsm-10,osmo-bsc-594654bd47-z89vs,1,5
1781686561,gsm-10,osmo-bts-virtual-5f8b9b86fc-fnwmh,27,7
1781686561,gsm-10,osmo-hlr-546bdb8988-9cl9z,1,2
1781686561,gsm-10,osmo-mgw-8c8fc67d6-trx74,1,2
1781686561,gsm-10,osmo-mobile-7cd864fcdc-wzxr5,3,28
1781686561,gsm-10,osmo-stp-768687f494-p4z84,1,2
1781686561,gsm-10,virtphy-65b766dcb8-fchgr,6,1
1781686563,gsm-10,msc-test-stub-5b875d749d-jn2kt,1,16
1781686563,gsm-10,osmo-bsc-594654bd47-z89vs,1,5
1781686563,gsm-10,osmo-bts-virtual-5f8b9b86fc-fnwmh,27,7
1781686563,gsm-10,osmo-hlr-546bdb8988-9cl9z,1,2
1781686563,gsm-10,osmo-mgw-8c8fc67d6-trx74,1,2
1781686563,gsm-10,osmo-mobile-7cd864fcdc-wzxr5,3,28
1781686563,gsm-10,osmo-stp-768687f494-p4z84,1,2
1781686563,gsm-10,virtphy-65b766dcb8-fchgr,6,1
1781686565,gsm-10,msc-test-stub-5b875d749d-jn2kt,1,16
1781686565,gsm-10,osmo-bsc-594654bd47-z89vs,1,5
1781686565,gsm-10,osmo-bts-virtual-5f8b9b86fc-fnwmh,27,7
1781686565,gsm-10,osmo-hlr-546bdb8988-9cl9z,1,2
1781686565,gsm-10,osmo-mgw-8c8fc67d6-trx74,1,2
1781686565,gsm-10,osmo-mobile-7cd864fcdc-wzxr5,3,28
1781686565,gsm-10,osmo-stp-768687f494-p4z84,1,2
1781686565,gsm-10,virtphy-65b766dcb8-fchgr,6,1
1781686567,gsm-10,msc-test-stub-5b875d749d-jn2kt,1,16
1781686567,gsm-10,osmo-bsc-594654bd47-z89vs,1,5
1781686567,gsm-10,osmo-bts-virtual-5f8b9b86fc-fnwmh,27,7
1781686567,gsm-10,osmo-hlr-546bdb8988-9cl9z,1,2
1781686567,gsm-10,osmo-mgw-8c8fc67d6-trx74,1,2
1781686567,gsm-10,osmo-mobile-7cd864fcdc-wzxr5,3,28
1781686567,gsm-10,osmo-stp-768687f494-p4z84,1,2
1781686567,gsm-10,virtphy-65b766dcb8-fchgr,6,1
1781686569,gsm-10,msc-test-stub-5b875d749d-jn2kt,1,16
1781686569,gsm-10,osmo-bsc-594654bd47-z89vs,1,5
1781686569,gsm-10,osmo-bts-virtual-5f8b9b86fc-fnwmh,27,7
1781686569,gsm-10,osmo-hlr-546bdb8988-9cl9z,1,2
1781686569,gsm-10,osmo-mgw-8c8fc67d6-trx74,1,2
1781686569,gsm-10,osmo-mobile-7cd864fcdc-wzxr5,3,28
1781686569,gsm-10,osmo-stp-768687f494-p4z84,1,2
1781686569,gsm-10,virtphy-65b766dcb8-fchgr,6,1
1781686572,gsm-10,msc-test-stub-5b875d749d-jn2kt,1,16
1781686572,gsm-10,osmo-bsc-594654bd47-z89vs,1,5
1781686572,gsm-10,osmo-bts-virtual-5f8b9b86fc-fnwmh,27,7
1781686572,gsm-10,osmo-hlr-546bdb8988-9cl9z,1,2
1781686572,gsm-10,osmo-mgw-8c8fc67d6-trx74,1,2
1781686572,gsm-10,osmo-mobile-7cd864fcdc-wzxr5,3,28
1781686572,gsm-10,osmo-stp-768687f494-p4z84,1,2
1781686572,gsm-10,virtphy-65b766dcb8-fchgr,6,1
1781686574,gsm-10,msc-test-stub-5b875d749d-jn2kt,1,16
1781686574,gsm-10,osmo-bsc-594654bd47-z89vs,1,5
1781686574,gsm-10,osmo-bts-virtual-5f8b9b86fc-fnwmh,26,5
1781686574,gsm-10,osmo-hlr-546bdb8988-9cl9z,1,2
1781686574,gsm-10,osmo-mgw-8c8fc67d6-trx74,1,2
1781686574,gsm-10,osmo-mobile-7cd864fcdc-wzxr5,2,28
1781686574,gsm-10,osmo-stp-768687f494-p4z84,1,2
1781686574,gsm-10,virtphy-65b766dcb8-fchgr,6,1
1781686576,gsm-10,msc-test-stub-5b875d749d-jn2kt,1,16
1781686576,gsm-10,osmo-bsc-594654bd47-z89vs,1,5
1781686576,gsm-10,osmo-bts-virtual-5f8b9b86fc-fnwmh,26,5
1781686576,gsm-10,osmo-hlr-546bdb8988-9cl9z,1,2
1781686576,gsm-10,osmo-mgw-8c8fc67d6-trx74,1,2
1781686576,gsm-10,osmo-mobile-7cd864fcdc-wzxr5,2,28
1781686576,gsm-10,osmo-stp-768687f494-p4z84,1,2
1781686576,gsm-10,virtphy-65b766dcb8-fchgr,6,1
1781686579,gsm-10,msc-test-stub-5b875d749d-jn2kt,1,16
1781686579,gsm-10,osmo-bsc-594654bd47-z89vs,1,5
1781686579,gsm-10,osmo-bts-virtual-5f8b9b86fc-fnwmh,26,5
1781686579,gsm-10,osmo-hlr-546bdb8988-9cl9z,1,2
1781686579,gsm-10,osmo-mgw-8c8fc67d6-trx74,1,2
1781686579,gsm-10,osmo-mobile-7cd864fcdc-wzxr5,2,28
1781686579,gsm-10,osmo-stp-768687f494-p4z84,1,2
1781686579,gsm-10,virtphy-65b766dcb8-fchgr,6,1
1781686581,gsm-10,msc-test-stub-5b875d749d-jn2kt,1,16
1781686581,gsm-10,osmo-bsc-594654bd47-z89vs,1,5
1781686581,gsm-10,osmo-bts-virtual-5f8b9b86fc-fnwmh,26,5
1781686581,gsm-10,osmo-hlr-546bdb8988-9cl9z,1,2
1781686581,gsm-10,osmo-mgw-8c8fc67d6-trx74,1,2
1781686581,gsm-10,osmo-mobile-7cd864fcdc-wzxr5,2,28
1781686581,gsm-10,osmo-stp-768687f494-p4z84,1,2
1781686581,gsm-10,virtphy-65b766dcb8-fchgr,6,1
1781686584,gsm-10,msc-test-stub-5b875d749d-jn2kt,1,16
1781686584,gsm-10,osmo-bsc-594654bd47-z89vs,1,5
1781686584,gsm-10,osmo-bts-virtual-5f8b9b86fc-fnwmh,26,5
1781686584,gsm-10,osmo-hlr-546bdb8988-9cl9z,1,2
1781686584,gsm-10,osmo-mgw-8c8fc67d6-trx74,1,2
1781686584,gsm-10,osmo-mobile-7cd864fcdc-wzxr5,2,28
1781686584,gsm-10,osmo-stp-768687f494-p4z84,1,2
1781686584,gsm-10,virtphy-65b766dcb8-fchgr,6,1
1781686586,gsm-10,msc-test-stub-5b875d749d-jn2kt,1,16
1781686586,gsm-10,osmo-bsc-594654bd47-z89vs,1,5
1781686586,gsm-10,osmo-bts-virtual-5f8b9b86fc-fnwmh,26,5
1781686586,gsm-10,osmo-hlr-546bdb8988-9cl9z,1,2
1781686586,gsm-10,osmo-mgw-8c8fc67d6-trx74,1,2
1781686586,gsm-10,osmo-mobile-7cd864fcdc-wzxr5,2,28
1781686586,gsm-10,osmo-stp-768687f494-p4z84,1,2
1781686586,gsm-10,virtphy-65b766dcb8-fchgr,6,1
1781686588,gsm-10,msc-test-stub-5b875d749d-jn2kt,1,16
1781686588,gsm-10,osmo-bsc-594654bd47-z89vs,1,5
1781686588,gsm-10,osmo-bts-virtual-5f8b9b86fc-fnwmh,26,5
1781686588,gsm-10,osmo-hlr-546bdb8988-9cl9z,1,2
1781686588,gsm-10,osmo-mgw-8c8fc67d6-trx74,1,2
1781686588,gsm-10,osmo-mobile-7cd864fcdc-wzxr5,3,28
1781686588,gsm-10,osmo-stp-768687f494-p4z84,1,2
1781686588,gsm-10,virtphy-65b766dcb8-fchgr,6,1
1781686591,gsm-10,msc-test-stub-5b875d749d-jn2kt,1,16
1781686591,gsm-10,osmo-bsc-594654bd47-z89vs,1,5
1781686591,gsm-10,osmo-bts-virtual-5f8b9b86fc-fnwmh,26,5
1781686591,gsm-10,osmo-hlr-546bdb8988-9cl9z,1,2
1781686591,gsm-10,osmo-mgw-8c8fc67d6-trx74,1,2
1781686591,gsm-10,osmo-mobile-7cd864fcdc-wzxr5,3,28
1781686591,gsm-10,osmo-stp-768687f494-p4z84,1,2
1781686591,gsm-10,virtphy-65b766dcb8-fchgr,6,1
1781686593,gsm-10,msc-test-stub-5b875d749d-jn2kt,1,16
1781686593,gsm-10,osmo-bsc-594654bd47-z89vs,1,5
1781686593,gsm-10,osmo-bts-virtual-5f8b9b86fc-fnwmh,26,5
1781686593,gsm-10,osmo-hlr-546bdb8988-9cl9z,1,2
1781686593,gsm-10,osmo-mgw-8c8fc67d6-trx74,1,2
1781686593,gsm-10,osmo-mobile-7cd864fcdc-wzxr5,3,28
1781686593,gsm-10,osmo-stp-768687f494-p4z84,1,2
1781686593,gsm-10,virtphy-65b766dcb8-fchgr,6,1
1781686596,gsm-10,msc-test-stub-5b875d749d-jn2kt,1,16
1781686596,gsm-10,osmo-bsc-594654bd47-z89vs,1,5
1781686596,gsm-10,osmo-bts-virtual-5f8b9b86fc-fnwmh,26,5
1781686596,gsm-10,osmo-hlr-546bdb8988-9cl9z,1,2
1781686596,gsm-10,osmo-mgw-8c8fc67d6-trx74,1,2
1781686596,gsm-10,osmo-mobile-7cd864fcdc-wzxr5,3,28
1781686596,gsm-10,osmo-stp-768687f494-p4z84,1,2
1781686596,gsm-10,virtphy-65b766dcb8-fchgr,6,1
1781686598,gsm-10,msc-test-stub-5b875d749d-jn2kt,1,16
1781686598,gsm-10,osmo-bsc-594654bd47-z89vs,1,5
1781686598,gsm-10,osmo-bts-virtual-5f8b9b86fc-fnwmh,26,5
1781686598,gsm-10,osmo-hlr-546bdb8988-9cl9z,1,2
1781686598,gsm-10,osmo-mgw-8c8fc67d6-trx74,1,2
1781686598,gsm-10,osmo-mobile-7cd864fcdc-wzxr5,3,28
1781686598,gsm-10,osmo-stp-768687f494-p4z84,1,2
1781686598,gsm-10,virtphy-65b766dcb8-fchgr,6,1
1781686600,gsm-10,msc-test-stub-5b875d749d-jn2kt,1,16
1781686600,gsm-10,osmo-bsc-594654bd47-z89vs,1,5
1781686600,gsm-10,osmo-bts-virtual-5f8b9b86fc-fnwmh,26,5
1781686600,gsm-10,osmo-hlr-546bdb8988-9cl9z,1,2
1781686600,gsm-10,osmo-mgw-8c8fc67d6-trx74,1,2
1781686600,gsm-10,osmo-mobile-7cd864fcdc-wzxr5,3,28
1781686600,gsm-10,osmo-stp-768687f494-p4z84,1,2
1781686600,gsm-10,virtphy-65b766dcb8-fchgr,6,1
1781686603,gsm-10,msc-test-stub-5b875d749d-jn2kt,1,16
1781686603,gsm-10,osmo-bsc-594654bd47-z89vs,1,5
1781686603,gsm-10,osmo-bts-virtual-5f8b9b86fc-fnwmh,27,5
1781686603,gsm-10,osmo-hlr-546bdb8988-9cl9z,1,2
1781686603,gsm-10,osmo-mgw-8c8fc67d6-trx74,1,2
1781686603,gsm-10,osmo-mobile-7cd864fcdc-wzxr5,3,28
1781686603,gsm-10,osmo-stp-768687f494-p4z84,1,2
1781686603,gsm-10,virtphy-65b766dcb8-fchgr,6,3
1781686605,gsm-10,msc-test-stub-5b875d749d-jn2kt,1,16
1781686605,gsm-10,osmo-bsc-594654bd47-z89vs,1,5
1781686605,gsm-10,osmo-bts-virtual-5f8b9b86fc-fnwmh,27,5
1781686605,gsm-10,osmo-hlr-546bdb8988-9cl9z,1,2
1781686605,gsm-10,osmo-mgw-8c8fc67d6-trx74,1,2
1781686605,gsm-10,osmo-mobile-7cd864fcdc-wzxr5,3,28
1781686605,gsm-10,osmo-stp-768687f494-p4z84,1,2
1781686605,gsm-10,virtphy-65b766dcb8-fchgr,6,3
1781686607,gsm-10,msc-test-stub-5b875d749d-jn2kt,1,16
1781686607,gsm-10,osmo-bsc-594654bd47-z89vs,1,5
1781686607,gsm-10,osmo-bts-virtual-5f8b9b86fc-fnwmh,27,5
1781686607,gsm-10,osmo-hlr-546bdb8988-9cl9z,1,2
1781686607,gsm-10,osmo-mgw-8c8fc67d6-trx74,1,2
1781686607,gsm-10,osmo-mobile-7cd864fcdc-wzxr5,3,28
1781686607,gsm-10,osmo-stp-768687f494-p4z84,1,2
1781686607,gsm-10,virtphy-65b766dcb8-fchgr,6,3
1781686610,gsm-10,msc-test-stub-5b875d749d-jn2kt,1,16
1781686610,gsm-10,osmo-bsc-594654bd47-z89vs,1,5
1781686610,gsm-10,osmo-bts-virtual-5f8b9b86fc-fnwmh,27,5
1781686610,gsm-10,osmo-hlr-546bdb8988-9cl9z,1,2
1781686610,gsm-10,osmo-mgw-8c8fc67d6-trx74,1,2
1781686610,gsm-10,osmo-mobile-7cd864fcdc-wzxr5,3,28
1781686610,gsm-10,osmo-stp-768687f494-p4z84,1,2
1781686610,gsm-10,virtphy-65b766dcb8-fchgr,6,3
1781686612,gsm-10,msc-test-stub-5b875d749d-jn2kt,1,16
1781686612,gsm-10,osmo-bsc-594654bd47-z89vs,1,5
1781686612,gsm-10,osmo-bts-virtual-5f8b9b86fc-fnwmh,27,5
1781686612,gsm-10,osmo-hlr-546bdb8988-9cl9z,1,2
1781686612,gsm-10,osmo-mgw-8c8fc67d6-trx74,1,2
1781686612,gsm-10,osmo-mobile-7cd864fcdc-wzxr5,3,28
1781686612,gsm-10,osmo-stp-768687f494-p4z84,1,2
1781686612,gsm-10,virtphy-65b766dcb8-fchgr,6,3
1781686615,gsm-10,msc-test-stub-5b875d749d-jn2kt,1,16
1781686615,gsm-10,osmo-bsc-594654bd47-z89vs,1,5
1781686615,gsm-10,osmo-bts-virtual-5f8b9b86fc-fnwmh,27,5
1781686615,gsm-10,osmo-hlr-546bdb8988-9cl9z,1,2
1781686615,gsm-10,osmo-mgw-8c8fc67d6-trx74,1,2
1781686615,gsm-10,osmo-mobile-7cd864fcdc-wzxr5,3,28
1781686615,gsm-10,osmo-stp-768687f494-p4z84,1,2
1781686615,gsm-10,virtphy-65b766dcb8-fchgr,6,3
1781686618,gsm-10,msc-test-stub-5b875d749d-jn2kt,1,16
1781686618,gsm-10,osmo-bsc-594654bd47-z89vs,1,5
1781686618,gsm-10,osmo-bts-virtual-5f8b9b86fc-fnwmh,26,5
1781686618,gsm-10,osmo-hlr-546bdb8988-9cl9z,1,2
1781686618,gsm-10,osmo-mgw-8c8fc67d6-trx74,1,2
1781686618,gsm-10,osmo-mobile-7cd864fcdc-wzxr5,2,28
1781686618,gsm-10,osmo-stp-768687f494-p4z84,1,2
1781686618,gsm-10,virtphy-65b766dcb8-fchgr,6,3
1781686620,gsm-10,msc-test-stub-5b875d749d-jn2kt,1,16
1781686620,gsm-10,osmo-bsc-594654bd47-z89vs,1,5
1781686620,gsm-10,osmo-bts-virtual-5f8b9b86fc-fnwmh,26,5
1781686620,gsm-10,osmo-hlr-546bdb8988-9cl9z,1,2
1781686620,gsm-10,osmo-mgw-8c8fc67d6-trx74,1,2
1781686620,gsm-10,osmo-mobile-7cd864fcdc-wzxr5,2,28
1781686620,gsm-10,osmo-stp-768687f494-p4z84,1,2
1781686620,gsm-10,virtphy-65b766dcb8-fchgr,6,3
1781686622,gsm-10,msc-test-stub-5b875d749d-jn2kt,1,16
1781686622,gsm-10,osmo-bsc-594654bd47-z89vs,1,5
1781686622,gsm-10,osmo-bts-virtual-5f8b9b86fc-fnwmh,26,5
1781686622,gsm-10,osmo-hlr-546bdb8988-9cl9z,1,2
1781686622,gsm-10,osmo-mgw-8c8fc67d6-trx74,1,2
1781686622,gsm-10,osmo-mobile-7cd864fcdc-wzxr5,2,28
1781686622,gsm-10,osmo-stp-768687f494-p4z84,1,2
1781686622,gsm-10,virtphy-65b766dcb8-fchgr,6,3
1781686624,gsm-10,msc-test-stub-5b875d749d-jn2kt,1,16
1781686624,gsm-10,osmo-bsc-594654bd47-z89vs,1,5
1781686624,gsm-10,osmo-bts-virtual-5f8b9b86fc-fnwmh,26,5
1781686624,gsm-10,osmo-hlr-546bdb8988-9cl9z,1,2
1781686624,gsm-10,osmo-mgw-8c8fc67d6-trx74,1,2
1781686624,gsm-10,osmo-mobile-7cd864fcdc-wzxr5,2,28
1781686624,gsm-10,osmo-stp-768687f494-p4z84,1,2
1781686624,gsm-10,virtphy-65b766dcb8-fchgr,6,3
1781686627,gsm-10,msc-test-stub-5b875d749d-jn2kt,1,16
1781686627,gsm-10,osmo-bsc-594654bd47-z89vs,1,5
1781686627,gsm-10,osmo-bts-virtual-5f8b9b86fc-fnwmh,26,5
1781686627,gsm-10,osmo-hlr-546bdb8988-9cl9z,1,2
1781686627,gsm-10,osmo-mgw-8c8fc67d6-trx74,1,2
1781686627,gsm-10,osmo-mobile-7cd864fcdc-wzxr5,2,28
1781686627,gsm-10,osmo-stp-768687f494-p4z84,1,2
1781686627,gsm-10,virtphy-65b766dcb8-fchgr,6,3
1781686629,gsm-10,msc-test-stub-5b875d749d-jn2kt,1,16
1781686629,gsm-10,osmo-bsc-594654bd47-z89vs,1,5
1781686629,gsm-10,osmo-bts-virtual-5f8b9b86fc-fnwmh,26,5
1781686629,gsm-10,osmo-hlr-546bdb8988-9cl9z,1,2
1781686629,gsm-10,osmo-mgw-8c8fc67d6-trx74,1,2
1781686629,gsm-10,osmo-mobile-7cd864fcdc-wzxr5,2,28
1781686629,gsm-10,osmo-stp-768687f494-p4z84,1,2
1781686629,gsm-10,virtphy-65b766dcb8-fchgr,6,3
1781686631,gsm-10,msc-test-stub-5b875d749d-jn2kt,1,16
1781686631,gsm-10,osmo-bsc-594654bd47-z89vs,1,5
1781686631,gsm-10,osmo-bts-virtual-5f8b9b86fc-fnwmh,26,5
1781686631,gsm-10,osmo-hlr-546bdb8988-9cl9z,1,2
1781686631,gsm-10,osmo-mgw-8c8fc67d6-trx74,1,2
1781686631,gsm-10,osmo-mobile-7cd864fcdc-wzxr5,2,28
1781686631,gsm-10,osmo-stp-768687f494-p4z84,1,2
1781686631,gsm-10,virtphy-65b766dcb8-fchgr,6,3
1781686634,gsm-10,msc-test-stub-5b875d749d-jn2kt,1,16
1781686634,gsm-10,osmo-bsc-594654bd47-z89vs,1,5
1781686634,gsm-10,osmo-bts-virtual-5f8b9b86fc-fnwmh,26,5
1781686634,gsm-10,osmo-hlr-546bdb8988-9cl9z,1,2
1781686634,gsm-10,osmo-mgw-8c8fc67d6-trx74,1,2
1781686634,gsm-10,osmo-mobile-7cd864fcdc-wzxr5,2,28
1781686634,gsm-10,osmo-stp-768687f494-p4z84,1,2
1781686634,gsm-10,virtphy-65b766dcb8-fchgr,6,1
1781686636,gsm-10,msc-test-stub-5b875d749d-jn2kt,1,16
1781686636,gsm-10,osmo-bsc-594654bd47-z89vs,1,5
1781686636,gsm-10,osmo-bts-virtual-5f8b9b86fc-fnwmh,26,5
1781686636,gsm-10,osmo-hlr-546bdb8988-9cl9z,1,2
1781686636,gsm-10,osmo-mgw-8c8fc67d6-trx74,1,2
1781686636,gsm-10,osmo-mobile-7cd864fcdc-wzxr5,2,28
1781686636,gsm-10,osmo-stp-768687f494-p4z84,1,2
1781686636,gsm-10,virtphy-65b766dcb8-fchgr,6,1
1781686638,gsm-10,msc-test-stub-5b875d749d-jn2kt,1,16
1781686638,gsm-10,osmo-bsc-594654bd47-z89vs,1,5
1781686638,gsm-10,osmo-bts-virtual-5f8b9b86fc-fnwmh,26,5
1781686638,gsm-10,osmo-hlr-546bdb8988-9cl9z,1,2
1781686638,gsm-10,osmo-mgw-8c8fc67d6-trx74,1,2
1781686638,gsm-10,osmo-mobile-7cd864fcdc-wzxr5,2,28
1781686638,gsm-10,osmo-stp-768687f494-p4z84,1,2
1781686638,gsm-10,virtphy-65b766dcb8-fchgr,6,1
1781686641,gsm-10,msc-test-stub-5b875d749d-jn2kt,1,16
1781686641,gsm-10,osmo-bsc-594654bd47-z89vs,1,5
1781686641,gsm-10,osmo-bts-virtual-5f8b9b86fc-fnwmh,26,5
1781686641,gsm-10,osmo-hlr-546bdb8988-9cl9z,1,2
1781686641,gsm-10,osmo-mgw-8c8fc67d6-trx74,1,2
1781686641,gsm-10,osmo-mobile-7cd864fcdc-wzxr5,2,28
1781686641,gsm-10,osmo-stp-768687f494-p4z84,1,2
1781686641,gsm-10,virtphy-65b766dcb8-fchgr,6,1
1781686643,gsm-10,msc-test-stub-5b875d749d-jn2kt,1,16
1781686643,gsm-10,osmo-bsc-594654bd47-z89vs,1,5
1781686643,gsm-10,osmo-bts-virtual-5f8b9b86fc-fnwmh,26,5
1781686643,gsm-10,osmo-hlr-546bdb8988-9cl9z,1,2
1781686643,gsm-10,osmo-mgw-8c8fc67d6-trx74,1,2
1781686643,gsm-10,osmo-mobile-7cd864fcdc-wzxr5,2,28
1781686643,gsm-10,osmo-stp-768687f494-p4z84,1,2
1781686643,gsm-10,virtphy-65b766dcb8-fchgr,6,1
1781686645,gsm-10,msc-test-stub-5b875d749d-jn2kt,1,16
1781686645,gsm-10,osmo-bsc-594654bd47-z89vs,1,5
1781686645,gsm-10,osmo-bts-virtual-5f8b9b86fc-fnwmh,26,5
1781686645,gsm-10,osmo-hlr-546bdb8988-9cl9z,1,2
1781686645,gsm-10,osmo-mgw-8c8fc67d6-trx74,1,2
1781686645,gsm-10,osmo-mobile-7cd864fcdc-wzxr5,2,28
1781686645,gsm-10,osmo-stp-768687f494-p4z84,1,2
1781686645,gsm-10,virtphy-65b766dcb8-fchgr,6,1
1781686647,gsm-10,msc-test-stub-5b875d749d-jn2kt,1,16
1781686647,gsm-10,osmo-bsc-594654bd47-z89vs,1,5
1781686647,gsm-10,osmo-bts-virtual-5f8b9b86fc-fnwmh,26,5
1781686647,gsm-10,osmo-hlr-546bdb8988-9cl9z,1,2
1781686647,gsm-10,osmo-mgw-8c8fc67d6-trx74,1,2
1781686647,gsm-10,osmo-mobile-7cd864fcdc-wzxr5,2,28
1781686647,gsm-10,osmo-stp-768687f494-p4z84,1,2
1781686647,gsm-10,virtphy-65b766dcb8-fchgr,7,1
1781686650,gsm-10,msc-test-stub-5b875d749d-jn2kt,1,16
1781686650,gsm-10,osmo-bsc-594654bd47-z89vs,1,5
1781686650,gsm-10,osmo-bts-virtual-5f8b9b86fc-fnwmh,26,5
1781686650,gsm-10,osmo-hlr-546bdb8988-9cl9z,1,2
1781686650,gsm-10,osmo-mgw-8c8fc67d6-trx74,1,2
1781686650,gsm-10,osmo-mobile-7cd864fcdc-wzxr5,2,28
1781686650,gsm-10,osmo-stp-768687f494-p4z84,1,2
1781686650,gsm-10,virtphy-65b766dcb8-fchgr,7,1
1781686653,gsm-10,msc-test-stub-5b875d749d-jn2kt,1,16
1781686653,gsm-10,osmo-bsc-594654bd47-z89vs,1,5
1781686653,gsm-10,osmo-bts-virtual-5f8b9b86fc-fnwmh,26,5
1781686653,gsm-10,osmo-hlr-546bdb8988-9cl9z,1,2
1781686653,gsm-10,osmo-mgw-8c8fc67d6-trx74,1,2
1781686653,gsm-10,osmo-mobile-7cd864fcdc-wzxr5,2,28
1781686653,gsm-10,osmo-stp-768687f494-p4z84,1,2
1781686653,gsm-10,virtphy-65b766dcb8-fchgr,7,1
1781686655,gsm-10,msc-test-stub-5b875d749d-jn2kt,1,16
1781686655,gsm-10,osmo-bsc-594654bd47-z89vs,1,5
1781686655,gsm-10,osmo-bts-virtual-5f8b9b86fc-fnwmh,26,5
1781686655,gsm-10,osmo-hlr-546bdb8988-9cl9z,1,2
1781686655,gsm-10,osmo-mgw-8c8fc67d6-trx74,1,2
1781686655,gsm-10,osmo-mobile-7cd864fcdc-wzxr5,2,28
1781686655,gsm-10,osmo-stp-768687f494-p4z84,1,2
1781686655,gsm-10,virtphy-65b766dcb8-fchgr,7,1
1781686657,gsm-10,msc-test-stub-5b875d749d-jn2kt,1,16
1781686657,gsm-10,osmo-bsc-594654bd47-z89vs,1,5
1781686657,gsm-10,osmo-bts-virtual-5f8b9b86fc-fnwmh,26,5
1781686657,gsm-10,osmo-hlr-546bdb8988-9cl9z,1,2
1781686657,gsm-10,osmo-mgw-8c8fc67d6-trx74,1,2
1781686657,gsm-10,osmo-mobile-7cd864fcdc-wzxr5,2,28
1781686657,gsm-10,osmo-stp-768687f494-p4z84,1,2
1781686657,gsm-10,virtphy-65b766dcb8-fchgr,7,1
1781686659,gsm-10,msc-test-stub-5b875d749d-jn2kt,1,16
1781686659,gsm-10,osmo-bsc-594654bd47-z89vs,1,5
1781686659,gsm-10,osmo-bts-virtual-5f8b9b86fc-fnwmh,26,5
1781686659,gsm-10,osmo-hlr-546bdb8988-9cl9z,1,2
1781686659,gsm-10,osmo-mgw-8c8fc67d6-trx74,1,2
1781686659,gsm-10,osmo-mobile-7cd864fcdc-wzxr5,2,28
1781686659,gsm-10,osmo-stp-768687f494-p4z84,1,2
1781686659,gsm-10,virtphy-65b766dcb8-fchgr,7,1
1781686662,gsm-10,msc-test-stub-5b875d749d-jn2kt,1,16
1781686662,gsm-10,osmo-bsc-594654bd47-z89vs,1,5
1781686662,gsm-10,osmo-bts-virtual-5f8b9b86fc-fnwmh,26,5
1781686662,gsm-10,osmo-hlr-546bdb8988-9cl9z,1,2
1781686662,gsm-10,osmo-mgw-8c8fc67d6-trx74,1,2
1781686662,gsm-10,osmo-mobile-7cd864fcdc-wzxr5,2,28
1781686662,gsm-10,osmo-stp-768687f494-p4z84,1,2
1781686662,gsm-10,virtphy-65b766dcb8-fchgr,7,1
1781686665,gsm-10,msc-test-stub-5b875d749d-jn2kt,1,16
1781686665,gsm-10,osmo-bsc-594654bd47-z89vs,1,5
1781686665,gsm-10,osmo-bts-virtual-5f8b9b86fc-fnwmh,26,5
1781686665,gsm-10,osmo-hlr-546bdb8988-9cl9z,1,2
1781686665,gsm-10,osmo-mgw-8c8fc67d6-trx74,1,2
1781686665,gsm-10,osmo-mobile-7cd864fcdc-wzxr5,2,28
1781686665,gsm-10,osmo-stp-768687f494-p4z84,1,2
1781686665,gsm-10,virtphy-65b766dcb8-fchgr,7,1
1781686667,gsm-10,msc-test-stub-5b875d749d-jn2kt,1,16
1781686667,gsm-10,osmo-bsc-594654bd47-z89vs,1,5
1781686667,gsm-10,osmo-bts-virtual-5f8b9b86fc-fnwmh,26,5
1781686667,gsm-10,osmo-hlr-546bdb8988-9cl9z,1,2
1781686667,gsm-10,osmo-mgw-8c8fc67d6-trx74,1,2
1781686667,gsm-10,osmo-mobile-7cd864fcdc-wzxr5,2,28
1781686667,gsm-10,osmo-stp-768687f494-p4z84,1,2
1781686667,gsm-10,virtphy-65b766dcb8-fchgr,7,1
1781686669,gsm-10,msc-test-stub-5b875d749d-jn2kt,1,16
1781686669,gsm-10,osmo-bsc-594654bd47-z89vs,1,5
1781686669,gsm-10,osmo-bts-virtual-5f8b9b86fc-fnwmh,26,5
1781686669,gsm-10,osmo-hlr-546bdb8988-9cl9z,1,2
1781686669,gsm-10,osmo-mgw-8c8fc67d6-trx74,1,2
1781686669,gsm-10,osmo-mobile-7cd864fcdc-wzxr5,2,28
1781686669,gsm-10,osmo-stp-768687f494-p4z84,1,2
1781686669,gsm-10,virtphy-65b766dcb8-fchgr,7,1
1781686671,gsm-10,msc-test-stub-5b875d749d-jn2kt,1,16
1781686671,gsm-10,osmo-bsc-594654bd47-z89vs,1,5
1781686671,gsm-10,osmo-bts-virtual-5f8b9b86fc-fnwmh,26,5
1781686671,gsm-10,osmo-hlr-546bdb8988-9cl9z,1,2
1781686671,gsm-10,osmo-mgw-8c8fc67d6-trx74,1,2
1781686671,gsm-10,osmo-mobile-7cd864fcdc-wzxr5,2,28
1781686671,gsm-10,osmo-stp-768687f494-p4z84,1,2
1781686671,gsm-10,virtphy-65b766dcb8-fchgr,7,1
1781686674,gsm-10,msc-test-stub-5b875d749d-jn2kt,1,16
1781686674,gsm-10,osmo-bsc-594654bd47-z89vs,1,5
1781686674,gsm-10,osmo-bts-virtual-5f8b9b86fc-fnwmh,26,5
1781686674,gsm-10,osmo-hlr-546bdb8988-9cl9z,1,2
1781686674,gsm-10,osmo-mgw-8c8fc67d6-trx74,1,2
1781686674,gsm-10,osmo-mobile-7cd864fcdc-wzxr5,2,28
1781686674,gsm-10,osmo-stp-768687f494-p4z84,1,2
1781686674,gsm-10,virtphy-65b766dcb8-fchgr,7,1
1781686677,gsm-10,msc-test-stub-5b875d749d-jn2kt,1,16
1781686677,gsm-10,osmo-bsc-594654bd47-z89vs,1,5
1781686677,gsm-10,osmo-bts-virtual-5f8b9b86fc-fnwmh,26,5
1781686677,gsm-10,osmo-hlr-546bdb8988-9cl9z,1,2
1781686677,gsm-10,osmo-mgw-8c8fc67d6-trx74,1,2
1781686677,gsm-10,osmo-mobile-7cd864fcdc-wzxr5,2,28
1781686677,gsm-10,osmo-stp-768687f494-p4z84,1,2
1781686677,gsm-10,virtphy-65b766dcb8-fchgr,7,1
1781686679,gsm-10,msc-test-stub-5b875d749d-jn2kt,1,16
1781686679,gsm-10,osmo-bsc-594654bd47-z89vs,1,5
1781686679,gsm-10,osmo-bts-virtual-5f8b9b86fc-fnwmh,26,8
1781686679,gsm-10,osmo-hlr-546bdb8988-9cl9z,1,2
1781686679,gsm-10,osmo-mgw-8c8fc67d6-trx74,1,2
1781686679,gsm-10,osmo-mobile-7cd864fcdc-wzxr5,2,28
1781686679,gsm-10,osmo-stp-768687f494-p4z84,1,2
1781686679,gsm-10,virtphy-65b766dcb8-fchgr,7,1
1781686681,gsm-10,msc-test-stub-5b875d749d-jn2kt,1,16
1781686681,gsm-10,osmo-bsc-594654bd47-z89vs,1,5
1781686681,gsm-10,osmo-bts-virtual-5f8b9b86fc-fnwmh,26,8
1781686681,gsm-10,osmo-hlr-546bdb8988-9cl9z,1,2
1781686681,gsm-10,osmo-mgw-8c8fc67d6-trx74,1,2
1781686681,gsm-10,osmo-mobile-7cd864fcdc-wzxr5,2,28
1781686681,gsm-10,osmo-stp-768687f494-p4z84,1,2
1781686681,gsm-10,virtphy-65b766dcb8-fchgr,7,1
1781686684,gsm-10,msc-test-stub-5b875d749d-jn2kt,1,16
1781686684,gsm-10,osmo-bsc-594654bd47-z89vs,1,5
1781686684,gsm-10,osmo-bts-virtual-5f8b9b86fc-fnwmh,26,8
1781686684,gsm-10,osmo-hlr-546bdb8988-9cl9z,1,2
1781686684,gsm-10,osmo-mgw-8c8fc67d6-trx74,1,2
1781686684,gsm-10,osmo-mobile-7cd864fcdc-wzxr5,2,28
1781686684,gsm-10,osmo-stp-768687f494-p4z84,1,2
1781686684,gsm-10,virtphy-65b766dcb8-fchgr,7,1
1781686686,gsm-10,msc-test-stub-5b875d749d-jn2kt,1,16
1781686686,gsm-10,osmo-bsc-594654bd47-z89vs,1,5
1781686686,gsm-10,osmo-bts-virtual-5f8b9b86fc-fnwmh,26,8
1781686686,gsm-10,osmo-hlr-546bdb8988-9cl9z,1,2
1781686686,gsm-10,osmo-mgw-8c8fc67d6-trx74,1,2
1781686686,gsm-10,osmo-mobile-7cd864fcdc-wzxr5,2,28
1781686686,gsm-10,osmo-stp-768687f494-p4z84,1,2
1781686686,gsm-10,virtphy-65b766dcb8-fchgr,7,1
1781686688,gsm-10,msc-test-stub-5b875d749d-jn2kt,1,16
1781686688,gsm-10,osmo-bsc-594654bd47-z89vs,1,5
1781686688,gsm-10,osmo-bts-virtual-5f8b9b86fc-fnwmh,26,8
1781686688,gsm-10,osmo-hlr-546bdb8988-9cl9z,1,2
1781686688,gsm-10,osmo-mgw-8c8fc67d6-trx74,1,2
1781686688,gsm-10,osmo-mobile-7cd864fcdc-wzxr5,2,28
1781686688,gsm-10,osmo-stp-768687f494-p4z84,1,2
1781686688,gsm-10,virtphy-65b766dcb8-fchgr,7,1
1781686691,gsm-10,msc-test-stub-5b875d749d-jn2kt,1,16
1781686691,gsm-10,osmo-bsc-594654bd47-z89vs,1,5
1781686691,gsm-10,osmo-bts-virtual-5f8b9b86fc-fnwmh,26,8
1781686691,gsm-10,osmo-hlr-546bdb8988-9cl9z,1,2
1781686691,gsm-10,osmo-mgw-8c8fc67d6-trx74,1,2
1781686691,gsm-10,osmo-mobile-7cd864fcdc-wzxr5,2,28
1781686691,gsm-10,osmo-stp-768687f494-p4z84,1,2
1781686691,gsm-10,virtphy-65b766dcb8-fchgr,7,1
1781686694,gsm-10,msc-test-stub-5b875d749d-jn2kt,1,16
1781686694,gsm-10,osmo-bsc-594654bd47-z89vs,1,5
1781686694,gsm-10,osmo-bts-virtual-5f8b9b86fc-fnwmh,25,5
1781686694,gsm-10,osmo-hlr-546bdb8988-9cl9z,1,2
1781686694,gsm-10,osmo-mgw-8c8fc67d6-trx74,1,2
1781686694,gsm-10,osmo-mobile-7cd864fcdc-wzxr5,2,28
1781686694,gsm-10,osmo-stp-768687f494-p4z84,1,2
1781686694,gsm-10,virtphy-65b766dcb8-fchgr,6,1
1781686696,gsm-10,msc-test-stub-5b875d749d-jn2kt,1,16
1781686696,gsm-10,osmo-bsc-594654bd47-z89vs,1,5
1781686696,gsm-10,osmo-bts-virtual-5f8b9b86fc-fnwmh,25,5
1781686696,gsm-10,osmo-hlr-546bdb8988-9cl9z,1,2
1781686696,gsm-10,osmo-mgw-8c8fc67d6-trx74,1,2
1781686696,gsm-10,osmo-mobile-7cd864fcdc-wzxr5,2,28
1781686696,gsm-10,osmo-stp-768687f494-p4z84,1,2
1781686696,gsm-10,virtphy-65b766dcb8-fchgr,6,1
1781686698,gsm-10,msc-test-stub-5b875d749d-jn2kt,1,16
1781686698,gsm-10,osmo-bsc-594654bd47-z89vs,1,5
1781686698,gsm-10,osmo-bts-virtual-5f8b9b86fc-fnwmh,25,5
1781686698,gsm-10,osmo-hlr-546bdb8988-9cl9z,1,2
1781686698,gsm-10,osmo-mgw-8c8fc67d6-trx74,1,2
1781686698,gsm-10,osmo-mobile-7cd864fcdc-wzxr5,2,28
1781686698,gsm-10,osmo-stp-768687f494-p4z84,1,2
1781686698,gsm-10,virtphy-65b766dcb8-fchgr,6,1
1781686700,gsm-10,msc-test-stub-5b875d749d-jn2kt,1,16
1781686700,gsm-10,osmo-bsc-594654bd47-z89vs,1,5
1781686700,gsm-10,osmo-bts-virtual-5f8b9b86fc-fnwmh,25,5
1781686700,gsm-10,osmo-hlr-546bdb8988-9cl9z,1,2
1781686700,gsm-10,osmo-mgw-8c8fc67d6-trx74,1,2
1781686700,gsm-10,osmo-mobile-7cd864fcdc-wzxr5,2,28
1781686700,gsm-10,osmo-stp-768687f494-p4z84,1,2
1781686700,gsm-10,virtphy-65b766dcb8-fchgr,6,1
1781686703,gsm-10,msc-test-stub-5b875d749d-jn2kt,1,16
1781686703,gsm-10,osmo-bsc-594654bd47-z89vs,1,5
1781686703,gsm-10,osmo-bts-virtual-5f8b9b86fc-fnwmh,25,5
1781686703,gsm-10,osmo-hlr-546bdb8988-9cl9z,1,2
1781686703,gsm-10,osmo-mgw-8c8fc67d6-trx74,1,2
1781686703,gsm-10,osmo-mobile-7cd864fcdc-wzxr5,2,28
1781686703,gsm-10,osmo-stp-768687f494-p4z84,1,2
1781686703,gsm-10,virtphy-65b766dcb8-fchgr,6,1
1781686706,gsm-10,msc-test-stub-5b875d749d-jn2kt,1,16
1781686706,gsm-10,osmo-bsc-594654bd47-z89vs,1,5
1781686706,gsm-10,osmo-bts-virtual-5f8b9b86fc-fnwmh,25,5
1781686706,gsm-10,osmo-hlr-546bdb8988-9cl9z,1,2
1781686706,gsm-10,osmo-mgw-8c8fc67d6-trx74,1,2
1781686706,gsm-10,osmo-mobile-7cd864fcdc-wzxr5,2,28
1781686706,gsm-10,osmo-stp-768687f494-p4z84,1,2
1781686706,gsm-10,virtphy-65b766dcb8-fchgr,6,1
1781686708,gsm-10,msc-test-stub-5b875d749d-jn2kt,1,16
1781686708,gsm-10,osmo-bsc-594654bd47-z89vs,1,5
1781686708,gsm-10,osmo-bts-virtual-5f8b9b86fc-fnwmh,26,5
1781686708,gsm-10,osmo-hlr-546bdb8988-9cl9z,1,2
1781686708,gsm-10,osmo-mgw-8c8fc67d6-trx74,1,2
1781686708,gsm-10,osmo-mobile-7cd864fcdc-wzxr5,2,28
1781686708,gsm-10,osmo-stp-768687f494-p4z84,1,2
1781686708,gsm-10,virtphy-65b766dcb8-fchgr,5,1
1781686710,gsm-10,msc-test-stub-5b875d749d-jn2kt,1,16
1781686710,gsm-10,osmo-bsc-594654bd47-z89vs,1,5
1781686710,gsm-10,osmo-bts-virtual-5f8b9b86fc-fnwmh,26,5
1781686710,gsm-10,osmo-hlr-546bdb8988-9cl9z,1,2
1781686710,gsm-10,osmo-mgw-8c8fc67d6-trx74,1,2
1781686710,gsm-10,osmo-mobile-7cd864fcdc-wzxr5,2,28
1781686710,gsm-10,osmo-stp-768687f494-p4z84,1,2
1781686710,gsm-10,virtphy-65b766dcb8-fchgr,5,1
1781686712,gsm-10,msc-test-stub-5b875d749d-jn2kt,1,16
1781686712,gsm-10,osmo-bsc-594654bd47-z89vs,1,5
1781686712,gsm-10,osmo-bts-virtual-5f8b9b86fc-fnwmh,26,5
1781686712,gsm-10,osmo-hlr-546bdb8988-9cl9z,1,2
1781686712,gsm-10,osmo-mgw-8c8fc67d6-trx74,1,2
1781686712,gsm-10,osmo-mobile-7cd864fcdc-wzxr5,2,28
1781686712,gsm-10,osmo-stp-768687f494-p4z84,1,2
1781686712,gsm-10,virtphy-65b766dcb8-fchgr,5,1
1781686714,gsm-10,msc-test-stub-5b875d749d-jn2kt,1,16
1781686714,gsm-10,osmo-bsc-594654bd47-z89vs,1,5
1781686714,gsm-10,osmo-bts-virtual-5f8b9b86fc-fnwmh,26,5
1781686714,gsm-10,osmo-hlr-546bdb8988-9cl9z,1,2
1781686714,gsm-10,osmo-mgw-8c8fc67d6-trx74,1,2
1781686714,gsm-10,osmo-mobile-7cd864fcdc-wzxr5,2,28
1781686714,gsm-10,osmo-stp-768687f494-p4z84,1,2
1781686714,gsm-10,virtphy-65b766dcb8-fchgr,5,1
1781686717,gsm-10,msc-test-stub-5b875d749d-jn2kt,1,16
1781686717,gsm-10,osmo-bsc-594654bd47-z89vs,1,5
1781686717,gsm-10,osmo-bts-virtual-5f8b9b86fc-fnwmh,26,5
1781686717,gsm-10,osmo-hlr-546bdb8988-9cl9z,1,2
1781686717,gsm-10,osmo-mgw-8c8fc67d6-trx74,1,2
1781686717,gsm-10,osmo-mobile-7cd864fcdc-wzxr5,2,28
1781686717,gsm-10,osmo-stp-768687f494-p4z84,1,2
1781686717,gsm-10,virtphy-65b766dcb8-fchgr,5,1
1781686719,gsm-10,msc-test-stub-5b875d749d-jn2kt,1,16
1781686719,gsm-10,osmo-bsc-594654bd47-z89vs,1,5
1781686719,gsm-10,osmo-bts-virtual-5f8b9b86fc-fnwmh,26,5
1781686719,gsm-10,osmo-hlr-546bdb8988-9cl9z,1,2
1781686719,gsm-10,osmo-mgw-8c8fc67d6-trx74,1,2
1781686719,gsm-10,osmo-mobile-7cd864fcdc-wzxr5,2,28
1781686719,gsm-10,osmo-stp-768687f494-p4z84,1,2
1781686719,gsm-10,virtphy-65b766dcb8-fchgr,5,1
1781686721,gsm-10,msc-test-stub-5b875d749d-jn2kt,1,16
1781686721,gsm-10,osmo-bsc-594654bd47-z89vs,1,5
1781686721,gsm-10,osmo-bts-virtual-5f8b9b86fc-fnwmh,26,5
1781686721,gsm-10,osmo-hlr-546bdb8988-9cl9z,1,2
1781686721,gsm-10,osmo-mgw-8c8fc67d6-trx74,1,2
1781686721,gsm-10,osmo-mobile-7cd864fcdc-wzxr5,2,28
1781686721,gsm-10,osmo-stp-768687f494-p4z84,1,2
1781686721,gsm-10,virtphy-65b766dcb8-fchgr,5,1
1781686724,gsm-10,msc-test-stub-5b875d749d-jn2kt,1,16
1781686724,gsm-10,osmo-bsc-594654bd47-z89vs,1,5
1781686724,gsm-10,osmo-bts-virtual-5f8b9b86fc-fnwmh,26,5
1781686724,gsm-10,osmo-hlr-546bdb8988-9cl9z,1,2
1781686724,gsm-10,osmo-mgw-8c8fc67d6-trx74,1,2
1781686724,gsm-10,osmo-mobile-7cd864fcdc-wzxr5,2,28
1781686724,gsm-10,osmo-stp-768687f494-p4z84,1,2
1781686724,gsm-10,virtphy-65b766dcb8-fchgr,6,1
1781686726,gsm-10,msc-test-stub-5b875d749d-jn2kt,1,16
1781686726,gsm-10,osmo-bsc-594654bd47-z89vs,1,5
1781686726,gsm-10,osmo-bts-virtual-5f8b9b86fc-fnwmh,26,5
1781686726,gsm-10,osmo-hlr-546bdb8988-9cl9z,1,2
1781686726,gsm-10,osmo-mgw-8c8fc67d6-trx74,1,2
1781686726,gsm-10,osmo-mobile-7cd864fcdc-wzxr5,2,28
1781686726,gsm-10,osmo-stp-768687f494-p4z84,1,2
1781686726,gsm-10,virtphy-65b766dcb8-fchgr,6,1
1781686728,gsm-10,msc-test-stub-5b875d749d-jn2kt,1,16
1781686728,gsm-10,osmo-bsc-594654bd47-z89vs,1,5
1781686728,gsm-10,osmo-bts-virtual-5f8b9b86fc-fnwmh,26,5
1781686728,gsm-10,osmo-hlr-546bdb8988-9cl9z,1,2
1781686728,gsm-10,osmo-mgw-8c8fc67d6-trx74,1,2
1781686728,gsm-10,osmo-mobile-7cd864fcdc-wzxr5,2,28
1781686728,gsm-10,osmo-stp-768687f494-p4z84,1,2
1781686728,gsm-10,virtphy-65b766dcb8-fchgr,6,1
1781686730,gsm-10,msc-test-stub-5b875d749d-jn2kt,1,16
1781686730,gsm-10,osmo-bsc-594654bd47-z89vs,1,5
1781686730,gsm-10,osmo-bts-virtual-5f8b9b86fc-fnwmh,26,5
1781686730,gsm-10,osmo-hlr-546bdb8988-9cl9z,1,2
1781686730,gsm-10,osmo-mgw-8c8fc67d6-trx74,1,2
1781686730,gsm-10,osmo-mobile-7cd864fcdc-wzxr5,2,28
1781686730,gsm-10,osmo-stp-768687f494-p4z84,1,2
1781686730,gsm-10,virtphy-65b766dcb8-fchgr,6,1
1781686733,gsm-10,msc-test-stub-5b875d749d-jn2kt,1,16
1781686733,gsm-10,osmo-bsc-594654bd47-z89vs,1,5
1781686733,gsm-10,osmo-bts-virtual-5f8b9b86fc-fnwmh,26,5
1781686733,gsm-10,osmo-hlr-546bdb8988-9cl9z,1,2
1781686733,gsm-10,osmo-mgw-8c8fc67d6-trx74,1,2
1781686733,gsm-10,osmo-mobile-7cd864fcdc-wzxr5,2,28
1781686733,gsm-10,osmo-stp-768687f494-p4z84,1,2
1781686733,gsm-10,virtphy-65b766dcb8-fchgr,6,1
1781686735,gsm-10,msc-test-stub-5b875d749d-jn2kt,1,16
1781686735,gsm-10,osmo-bsc-594654bd47-z89vs,1,5
1781686735,gsm-10,osmo-bts-virtual-5f8b9b86fc-fnwmh,26,5
1781686735,gsm-10,osmo-hlr-546bdb8988-9cl9z,1,2
1781686735,gsm-10,osmo-mgw-8c8fc67d6-trx74,1,2
1781686735,gsm-10,osmo-mobile-7cd864fcdc-wzxr5,2,28
1781686735,gsm-10,osmo-stp-768687f494-p4z84,1,2
1781686735,gsm-10,virtphy-65b766dcb8-fchgr,6,1
1781686737,gsm-10,msc-test-stub-5b875d749d-jn2kt,1,16
1781686737,gsm-10,osmo-bsc-594654bd47-z89vs,1,5
1781686737,gsm-10,osmo-bts-virtual-5f8b9b86fc-fnwmh,26,5
1781686737,gsm-10,osmo-hlr-546bdb8988-9cl9z,1,2
1781686737,gsm-10,osmo-mgw-8c8fc67d6-trx74,1,2
1781686737,gsm-10,osmo-mobile-7cd864fcdc-wzxr5,2,28
1781686737,gsm-10,osmo-stp-768687f494-p4z84,1,2
1781686737,gsm-10,virtphy-65b766dcb8-fchgr,6,1
1781686739,gsm-10,msc-test-stub-5b875d749d-jn2kt,1,16
1781686739,gsm-10,osmo-bsc-594654bd47-z89vs,1,5
1781686739,gsm-10,osmo-bts-virtual-5f8b9b86fc-fnwmh,26,5
1781686739,gsm-10,osmo-hlr-546bdb8988-9cl9z,1,2
1781686739,gsm-10,osmo-mgw-8c8fc67d6-trx74,1,2
1781686739,gsm-10,osmo-mobile-7cd864fcdc-wzxr5,2,28
1781686739,gsm-10,osmo-stp-768687f494-p4z84,1,2
1781686739,gsm-10,virtphy-65b766dcb8-fchgr,6,1
1781686741,gsm-10,msc-test-stub-5b875d749d-jn2kt,1,16
1781686741,gsm-10,osmo-bsc-594654bd47-z89vs,1,5
1781686741,gsm-10,osmo-bts-virtual-5f8b9b86fc-fnwmh,26,5
1781686741,gsm-10,osmo-hlr-546bdb8988-9cl9z,1,2
1781686741,gsm-10,osmo-mgw-8c8fc67d6-trx74,1,2
1781686741,gsm-10,osmo-mobile-7cd864fcdc-wzxr5,2,28
1781686741,gsm-10,osmo-stp-768687f494-p4z84,1,2
1781686741,gsm-10,virtphy-65b766dcb8-fchgr,6,1
1781686743,gsm-10,msc-test-stub-5b875d749d-jn2kt,1,16
1781686743,gsm-10,osmo-bsc-594654bd47-z89vs,1,5
1781686743,gsm-10,osmo-bts-virtual-5f8b9b86fc-fnwmh,26,5
1781686743,gsm-10,osmo-hlr-546bdb8988-9cl9z,1,2
1781686743,gsm-10,osmo-mgw-8c8fc67d6-trx74,1,2
1781686743,gsm-10,osmo-mobile-7cd864fcdc-wzxr5,2,28
1781686743,gsm-10,osmo-stp-768687f494-p4z84,1,2
1781686743,gsm-10,virtphy-65b766dcb8-fchgr,6,1
1781686746,gsm-10,msc-test-stub-5b875d749d-jn2kt,1,16
1781686746,gsm-10,osmo-bsc-594654bd47-z89vs,1,5
1781686746,gsm-10,osmo-bts-virtual-5f8b9b86fc-fnwmh,26,5
1781686746,gsm-10,osmo-hlr-546bdb8988-9cl9z,1,2
1781686746,gsm-10,osmo-mgw-8c8fc67d6-trx74,1,2
1781686746,gsm-10,osmo-mobile-7cd864fcdc-wzxr5,2,28
1781686746,gsm-10,osmo-stp-768687f494-p4z84,1,2
1781686746,gsm-10,virtphy-65b766dcb8-fchgr,6,1
1781686748,gsm-10,msc-test-stub-5b875d749d-jn2kt,1,16
1781686748,gsm-10,osmo-bsc-594654bd47-z89vs,1,5
1781686748,gsm-10,osmo-bts-virtual-5f8b9b86fc-fnwmh,26,5
1781686748,gsm-10,osmo-hlr-546bdb8988-9cl9z,1,2
1781686748,gsm-10,osmo-mgw-8c8fc67d6-trx74,1,2
1781686748,gsm-10,osmo-mobile-7cd864fcdc-wzxr5,2,28
1781686748,gsm-10,osmo-stp-768687f494-p4z84,1,2
1781686748,gsm-10,virtphy-65b766dcb8-fchgr,6,1
1781686750,gsm-10,msc-test-stub-5b875d749d-jn2kt,1,16
1781686750,gsm-10,osmo-bsc-594654bd47-z89vs,1,5
1781686750,gsm-10,osmo-bts-virtual-5f8b9b86fc-fnwmh,26,5
1781686750,gsm-10,osmo-hlr-546bdb8988-9cl9z,1,2
1781686750,gsm-10,osmo-mgw-8c8fc67d6-trx74,1,2
1781686750,gsm-10,osmo-mobile-7cd864fcdc-wzxr5,2,28
1781686750,gsm-10,osmo-stp-768687f494-p4z84,1,2
1781686750,gsm-10,virtphy-65b766dcb8-fchgr,6,1
1781686752,gsm-10,msc-test-stub-5b875d749d-jn2kt,1,16
1781686752,gsm-10,osmo-bsc-594654bd47-z89vs,1,5
1781686752,gsm-10,osmo-bts-virtual-5f8b9b86fc-fnwmh,26,5
1781686752,gsm-10,osmo-hlr-546bdb8988-9cl9z,1,2
1781686752,gsm-10,osmo-mgw-8c8fc67d6-trx74,1,2
1781686752,gsm-10,osmo-mobile-7cd864fcdc-wzxr5,2,28
1781686752,gsm-10,osmo-stp-768687f494-p4z84,1,2
1781686752,gsm-10,virtphy-65b766dcb8-fchgr,6,1
1781686755,gsm-10,msc-test-stub-5b875d749d-jn2kt,1,16
1781686755,gsm-10,osmo-bsc-594654bd47-z89vs,1,5
1781686755,gsm-10,osmo-bts-virtual-5f8b9b86fc-fnwmh,26,5
1781686755,gsm-10,osmo-hlr-546bdb8988-9cl9z,1,2
1781686755,gsm-10,osmo-mgw-8c8fc67d6-trx74,1,2
1781686755,gsm-10,osmo-mobile-7cd864fcdc-wzxr5,2,28
1781686755,gsm-10,osmo-stp-768687f494-p4z84,1,2
1781686755,gsm-10,virtphy-65b766dcb8-fchgr,6,1
1781686757,gsm-10,msc-test-stub-5b875d749d-jn2kt,1,16
1781686757,gsm-10,osmo-bsc-594654bd47-z89vs,1,5
1781686757,gsm-10,osmo-bts-virtual-5f8b9b86fc-fnwmh,26,5
1781686757,gsm-10,osmo-hlr-546bdb8988-9cl9z,1,2
1781686757,gsm-10,osmo-mgw-8c8fc67d6-trx74,1,2
1781686757,gsm-10,osmo-mobile-7cd864fcdc-wzxr5,2,28
1781686757,gsm-10,osmo-stp-768687f494-p4z84,1,2
1781686757,gsm-10,virtphy-65b766dcb8-fchgr,6,1
1781686759,gsm-10,msc-test-stub-5b875d749d-jn2kt,1,16
1781686759,gsm-10,osmo-bsc-594654bd47-z89vs,1,5
1781686759,gsm-10,osmo-bts-virtual-5f8b9b86fc-fnwmh,26,5
1781686759,gsm-10,osmo-hlr-546bdb8988-9cl9z,1,2
1781686759,gsm-10,osmo-mgw-8c8fc67d6-trx74,1,2
1781686759,gsm-10,osmo-mobile-7cd864fcdc-wzxr5,2,28
1781686759,gsm-10,osmo-stp-768687f494-p4z84,1,2
1781686759,gsm-10,virtphy-65b766dcb8-fchgr,6,1
1781686761,gsm-10,msc-test-stub-5b875d749d-jn2kt,1,16
1781686761,gsm-10,osmo-bsc-594654bd47-z89vs,1,5
1781686761,gsm-10,osmo-bts-virtual-5f8b9b86fc-fnwmh,26,5
1781686761,gsm-10,osmo-hlr-546bdb8988-9cl9z,1,2
1781686761,gsm-10,osmo-mgw-8c8fc67d6-trx74,1,2
1781686761,gsm-10,osmo-mobile-7cd864fcdc-wzxr5,2,28
1781686761,gsm-10,osmo-stp-768687f494-p4z84,1,2
1781686761,gsm-10,virtphy-65b766dcb8-fchgr,6,1
1781686764,gsm-10,msc-test-stub-5b875d749d-jn2kt,1,16
1781686764,gsm-10,osmo-bsc-594654bd47-z89vs,1,5
1781686764,gsm-10,osmo-bts-virtual-5f8b9b86fc-fnwmh,26,5
1781686764,gsm-10,osmo-hlr-546bdb8988-9cl9z,1,2
1781686764,gsm-10,osmo-mgw-8c8fc67d6-trx74,1,2
1781686764,gsm-10,osmo-mobile-7cd864fcdc-wzxr5,2,28
1781686764,gsm-10,osmo-stp-768687f494-p4z84,1,2
1781686764,gsm-10,virtphy-65b766dcb8-fchgr,6,1
1781686767,gsm-10,msc-test-stub-5b875d749d-jn2kt,1,16
1781686767,gsm-10,osmo-bsc-594654bd47-z89vs,1,5
1781686767,gsm-10,osmo-bts-virtual-5f8b9b86fc-fnwmh,26,5
1781686767,gsm-10,osmo-hlr-546bdb8988-9cl9z,1,2
1781686767,gsm-10,osmo-mgw-8c8fc67d6-trx74,1,2
1781686767,gsm-10,osmo-mobile-7cd864fcdc-wzxr5,2,28
1781686767,gsm-10,osmo-stp-768687f494-p4z84,1,2
1781686767,gsm-10,virtphy-65b766dcb8-fchgr,6,1
1781686769,gsm-10,msc-test-stub-5b875d749d-jn2kt,1,16
1781686769,gsm-10,osmo-bsc-594654bd47-z89vs,1,5
1781686769,gsm-10,osmo-bts-virtual-5f8b9b86fc-fnwmh,26,5
1781686769,gsm-10,osmo-hlr-546bdb8988-9cl9z,1,2
1781686769,gsm-10,osmo-mgw-8c8fc67d6-trx74,1,2
1781686769,gsm-10,osmo-mobile-7cd864fcdc-wzxr5,3,30
1781686769,gsm-10,osmo-stp-768687f494-p4z84,1,2
1781686769,gsm-10,virtphy-65b766dcb8-fchgr,6,1
1781686771,gsm-10,msc-test-stub-5b875d749d-jn2kt,1,16
1781686771,gsm-10,osmo-bsc-594654bd47-z89vs,1,5
1781686771,gsm-10,osmo-bts-virtual-5f8b9b86fc-fnwmh,26,5
1781686771,gsm-10,osmo-hlr-546bdb8988-9cl9z,1,2
1781686771,gsm-10,osmo-mgw-8c8fc67d6-trx74,1,2
1781686771,gsm-10,osmo-mobile-7cd864fcdc-wzxr5,3,30
1781686771,gsm-10,osmo-stp-768687f494-p4z84,1,2
1781686771,gsm-10,virtphy-65b766dcb8-fchgr,6,1
1781686773,gsm-10,msc-test-stub-5b875d749d-jn2kt,1,16
1781686773,gsm-10,osmo-bsc-594654bd47-z89vs,1,5
1781686773,gsm-10,osmo-bts-virtual-5f8b9b86fc-fnwmh,26,5
1781686773,gsm-10,osmo-hlr-546bdb8988-9cl9z,1,2
1781686773,gsm-10,osmo-mgw-8c8fc67d6-trx74,1,2
1781686773,gsm-10,osmo-mobile-7cd864fcdc-wzxr5,3,30
1781686773,gsm-10,osmo-stp-768687f494-p4z84,1,2
1781686773,gsm-10,virtphy-65b766dcb8-fchgr,6,1
1781686775,gsm-10,msc-test-stub-5b875d749d-jn2kt,1,16
1781686775,gsm-10,osmo-bsc-594654bd47-z89vs,1,5
1781686775,gsm-10,osmo-bts-virtual-5f8b9b86fc-fnwmh,26,5
1781686775,gsm-10,osmo-hlr-546bdb8988-9cl9z,1,2
1781686775,gsm-10,osmo-mgw-8c8fc67d6-trx74,1,2
1781686775,gsm-10,osmo-mobile-7cd864fcdc-wzxr5,3,30
1781686775,gsm-10,osmo-stp-768687f494-p4z84,1,2
1781686775,gsm-10,virtphy-65b766dcb8-fchgr,6,1
1781686778,gsm-10,msc-test-stub-5b875d749d-jn2kt,1,16
1781686778,gsm-10,osmo-bsc-594654bd47-z89vs,1,5
1781686778,gsm-10,osmo-bts-virtual-5f8b9b86fc-fnwmh,26,5
1781686778,gsm-10,osmo-hlr-546bdb8988-9cl9z,1,2
1781686778,gsm-10,osmo-mgw-8c8fc67d6-trx74,1,2
1781686778,gsm-10,osmo-mobile-7cd864fcdc-wzxr5,3,30
1781686778,gsm-10,osmo-stp-768687f494-p4z84,1,2
1781686778,gsm-10,virtphy-65b766dcb8-fchgr,6,1
1781686780,gsm-10,msc-test-stub-5b875d749d-jn2kt,1,16
1781686780,gsm-10,osmo-bsc-594654bd47-z89vs,1,5
1781686780,gsm-10,osmo-bts-virtual-5f8b9b86fc-fnwmh,26,5
1781686780,gsm-10,osmo-hlr-546bdb8988-9cl9z,1,2
1781686780,gsm-10,osmo-mgw-8c8fc67d6-trx74,1,2
1781686780,gsm-10,osmo-mobile-7cd864fcdc-wzxr5,3,30
1781686780,gsm-10,osmo-stp-768687f494-p4z84,1,2
1781686780,gsm-10,virtphy-65b766dcb8-fchgr,6,1
1781686783,gsm-10,msc-test-stub-5b875d749d-jn2kt,1,16
1781686783,gsm-10,osmo-bsc-594654bd47-z89vs,1,5
1781686783,gsm-10,osmo-bts-virtual-5f8b9b86fc-fnwmh,29,5
1781686783,gsm-10,osmo-hlr-546bdb8988-9cl9z,1,2
1781686783,gsm-10,osmo-mgw-8c8fc67d6-trx74,1,2
1781686783,gsm-10,osmo-mobile-7cd864fcdc-wzxr5,2,30
1781686783,gsm-10,osmo-stp-768687f494-p4z84,1,2
1781686783,gsm-10,virtphy-65b766dcb8-fchgr,7,1
1781686785,gsm-10,msc-test-stub-5b875d749d-jn2kt,1,16
1781686785,gsm-10,osmo-bsc-594654bd47-z89vs,1,5
1781686785,gsm-10,osmo-bts-virtual-5f8b9b86fc-fnwmh,29,5
1781686785,gsm-10,osmo-hlr-546bdb8988-9cl9z,1,2
1781686785,gsm-10,osmo-mgw-8c8fc67d6-trx74,1,2
1781686785,gsm-10,osmo-mobile-7cd864fcdc-wzxr5,2,30
1781686785,gsm-10,osmo-stp-768687f494-p4z84,1,2
1781686785,gsm-10,virtphy-65b766dcb8-fchgr,7,1
1781686787,gsm-10,msc-test-stub-5b875d749d-jn2kt,1,16
1781686787,gsm-10,osmo-bsc-594654bd47-z89vs,1,5
1781686787,gsm-10,osmo-bts-virtual-5f8b9b86fc-fnwmh,29,5
1781686787,gsm-10,osmo-hlr-546bdb8988-9cl9z,1,2
1781686787,gsm-10,osmo-mgw-8c8fc67d6-trx74,1,2
1781686787,gsm-10,osmo-mobile-7cd864fcdc-wzxr5,2,30
1781686787,gsm-10,osmo-stp-768687f494-p4z84,1,2
1781686787,gsm-10,virtphy-65b766dcb8-fchgr,7,1
1781686790,gsm-10,msc-test-stub-5b875d749d-jn2kt,1,16
1781686790,gsm-10,osmo-bsc-594654bd47-z89vs,1,5
1781686790,gsm-10,osmo-bts-virtual-5f8b9b86fc-fnwmh,29,5
1781686790,gsm-10,osmo-hlr-546bdb8988-9cl9z,1,2
1781686790,gsm-10,osmo-mgw-8c8fc67d6-trx74,1,2
1781686790,gsm-10,osmo-mobile-7cd864fcdc-wzxr5,2,30
1781686790,gsm-10,osmo-stp-768687f494-p4z84,1,2
1781686790,gsm-10,virtphy-65b766dcb8-fchgr,7,1
1781686792,gsm-10,msc-test-stub-5b875d749d-jn2kt,1,16
1781686792,gsm-10,osmo-bsc-594654bd47-z89vs,1,5
1781686792,gsm-10,osmo-bts-virtual-5f8b9b86fc-fnwmh,29,5
1781686792,gsm-10,osmo-hlr-546bdb8988-9cl9z,1,2
1781686792,gsm-10,osmo-mgw-8c8fc67d6-trx74,1,2
1781686792,gsm-10,osmo-mobile-7cd864fcdc-wzxr5,2,30
1781686792,gsm-10,osmo-stp-768687f494-p4z84,1,2
1781686792,gsm-10,virtphy-65b766dcb8-fchgr,7,1
1781686794,gsm-10,msc-test-stub-5b875d749d-jn2kt,1,16
1781686794,gsm-10,osmo-bsc-594654bd47-z89vs,1,5
1781686794,gsm-10,osmo-bts-virtual-5f8b9b86fc-fnwmh,29,5
1781686794,gsm-10,osmo-hlr-546bdb8988-9cl9z,1,2
1781686794,gsm-10,osmo-mgw-8c8fc67d6-trx74,1,2
1781686794,gsm-10,osmo-mobile-7cd864fcdc-wzxr5,2,30
1781686794,gsm-10,osmo-stp-768687f494-p4z84,1,2
1781686794,gsm-10,virtphy-65b766dcb8-fchgr,7,1
1781686796,gsm-10,msc-test-stub-5b875d749d-jn2kt,1,16
1781686796,gsm-10,osmo-bsc-594654bd47-z89vs,1,5
1781686796,gsm-10,osmo-bts-virtual-5f8b9b86fc-fnwmh,29,5
1781686796,gsm-10,osmo-hlr-546bdb8988-9cl9z,1,2
1781686796,gsm-10,osmo-mgw-8c8fc67d6-trx74,1,2
1781686796,gsm-10,osmo-mobile-7cd864fcdc-wzxr5,2,30
1781686796,gsm-10,osmo-stp-768687f494-p4z84,1,2
1781686796,gsm-10,virtphy-65b766dcb8-fchgr,7,1
1781686798,gsm-10,msc-test-stub-5b875d749d-jn2kt,1,16
1781686798,gsm-10,osmo-bsc-594654bd47-z89vs,1,5
1781686798,gsm-10,osmo-bts-virtual-5f8b9b86fc-fnwmh,28,8
1781686798,gsm-10,osmo-hlr-546bdb8988-9cl9z,1,2
1781686798,gsm-10,osmo-mgw-8c8fc67d6-trx74,1,2
1781686798,gsm-10,osmo-mobile-7cd864fcdc-wzxr5,2,30
1781686798,gsm-10,osmo-stp-768687f494-p4z84,1,2
1781686798,gsm-10,virtphy-65b766dcb8-fchgr,6,1
1781686800,gsm-10,msc-test-stub-5b875d749d-jn2kt,1,16
1781686800,gsm-10,osmo-bsc-594654bd47-z89vs,1,5
1781686800,gsm-10,osmo-bts-virtual-5f8b9b86fc-fnwmh,28,8
1781686800,gsm-10,osmo-hlr-546bdb8988-9cl9z,1,2
1781686800,gsm-10,osmo-mgw-8c8fc67d6-trx74,1,2
1781686800,gsm-10,osmo-mobile-7cd864fcdc-wzxr5,2,30
1781686800,gsm-10,osmo-stp-768687f494-p4z84,1,2
1781686800,gsm-10,virtphy-65b766dcb8-fchgr,6,1
1781686803,gsm-10,msc-test-stub-5b875d749d-jn2kt,1,16
1781686803,gsm-10,osmo-bsc-594654bd47-z89vs,1,5
1781686803,gsm-10,osmo-bts-virtual-5f8b9b86fc-fnwmh,28,8
1781686803,gsm-10,osmo-hlr-546bdb8988-9cl9z,1,2
1781686803,gsm-10,osmo-mgw-8c8fc67d6-trx74,1,2
1781686803,gsm-10,osmo-mobile-7cd864fcdc-wzxr5,2,30
1781686803,gsm-10,osmo-stp-768687f494-p4z84,1,2
1781686803,gsm-10,virtphy-65b766dcb8-fchgr,6,1
1781686805,gsm-10,msc-test-stub-5b875d749d-jn2kt,1,16
1781686805,gsm-10,osmo-bsc-594654bd47-z89vs,1,5
1781686805,gsm-10,osmo-bts-virtual-5f8b9b86fc-fnwmh,28,8
1781686805,gsm-10,osmo-hlr-546bdb8988-9cl9z,1,2
1781686805,gsm-10,osmo-mgw-8c8fc67d6-trx74,1,2
1781686805,gsm-10,osmo-mobile-7cd864fcdc-wzxr5,2,30
1781686805,gsm-10,osmo-stp-768687f494-p4z84,1,2
1781686805,gsm-10,virtphy-65b766dcb8-fchgr,6,1
1781686807,gsm-10,msc-test-stub-5b875d749d-jn2kt,1,16
1781686807,gsm-10,osmo-bsc-594654bd47-z89vs,1,5
1781686807,gsm-10,osmo-bts-virtual-5f8b9b86fc-fnwmh,28,8
1781686807,gsm-10,osmo-hlr-546bdb8988-9cl9z,1,2
1781686807,gsm-10,osmo-mgw-8c8fc67d6-trx74,1,2
1781686807,gsm-10,osmo-mobile-7cd864fcdc-wzxr5,2,30
1781686807,gsm-10,osmo-stp-768687f494-p4z84,1,2
1781686807,gsm-10,virtphy-65b766dcb8-fchgr,6,1
1781686809,gsm-10,msc-test-stub-5b875d749d-jn2kt,1,16
1781686809,gsm-10,osmo-bsc-594654bd47-z89vs,1,5
1781686809,gsm-10,osmo-bts-virtual-5f8b9b86fc-fnwmh,28,8
1781686809,gsm-10,osmo-hlr-546bdb8988-9cl9z,1,2
1781686809,gsm-10,osmo-mgw-8c8fc67d6-trx74,1,2
1781686809,gsm-10,osmo-mobile-7cd864fcdc-wzxr5,2,30
1781686809,gsm-10,osmo-stp-768687f494-p4z84,1,2
1781686809,gsm-10,virtphy-65b766dcb8-fchgr,6,1
1781686811,gsm-10,msc-test-stub-5b875d749d-jn2kt,1,16
1781686811,gsm-10,osmo-bsc-594654bd47-z89vs,1,5
1781686811,gsm-10,osmo-bts-virtual-5f8b9b86fc-fnwmh,28,8
1781686811,gsm-10,osmo-hlr-546bdb8988-9cl9z,1,2
1781686811,gsm-10,osmo-mgw-8c8fc67d6-trx74,1,2
1781686811,gsm-10,osmo-mobile-7cd864fcdc-wzxr5,2,30
1781686811,gsm-10,osmo-stp-768687f494-p4z84,1,2
1781686811,gsm-10,virtphy-65b766dcb8-fchgr,6,1
1781686813,gsm-10,msc-test-stub-5b875d749d-jn2kt,1,16
1781686813,gsm-10,osmo-bsc-594654bd47-z89vs,1,5
1781686813,gsm-10,osmo-bts-virtual-5f8b9b86fc-fnwmh,25,5
1781686813,gsm-10,osmo-hlr-546bdb8988-9cl9z,1,2
1781686813,gsm-10,osmo-mgw-8c8fc67d6-trx74,1,2
1781686813,gsm-10,osmo-mobile-7cd864fcdc-wzxr5,2,30
1781686813,gsm-10,osmo-stp-768687f494-p4z84,1,2
1781686813,gsm-10,virtphy-65b766dcb8-fchgr,7,4
1781686816,gsm-10,msc-test-stub-5b875d749d-jn2kt,1,16
1781686816,gsm-10,osmo-bsc-594654bd47-z89vs,1,5
1781686816,gsm-10,osmo-bts-virtual-5f8b9b86fc-fnwmh,25,5
1781686816,gsm-10,osmo-hlr-546bdb8988-9cl9z,1,2
1781686816,gsm-10,osmo-mgw-8c8fc67d6-trx74,1,2
1781686816,gsm-10,osmo-mobile-7cd864fcdc-wzxr5,2,30
1781686816,gsm-10,osmo-stp-768687f494-p4z84,1,2
1781686816,gsm-10,virtphy-65b766dcb8-fchgr,7,4
1781686818,gsm-10,msc-test-stub-5b875d749d-jn2kt,1,16
1781686818,gsm-10,osmo-bsc-594654bd47-z89vs,1,5
1781686818,gsm-10,osmo-bts-virtual-5f8b9b86fc-fnwmh,25,5
1781686818,gsm-10,osmo-hlr-546bdb8988-9cl9z,1,2
1781686818,gsm-10,osmo-mgw-8c8fc67d6-trx74,1,2
1781686818,gsm-10,osmo-mobile-7cd864fcdc-wzxr5,2,30
1781686818,gsm-10,osmo-stp-768687f494-p4z84,1,2
1781686818,gsm-10,virtphy-65b766dcb8-fchgr,7,4
1781686820,gsm-10,msc-test-stub-5b875d749d-jn2kt,1,16
1781686820,gsm-10,osmo-bsc-594654bd47-z89vs,1,5
1781686820,gsm-10,osmo-bts-virtual-5f8b9b86fc-fnwmh,25,5
1781686820,gsm-10,osmo-hlr-546bdb8988-9cl9z,1,2
1781686820,gsm-10,osmo-mgw-8c8fc67d6-trx74,1,2
1781686820,gsm-10,osmo-mobile-7cd864fcdc-wzxr5,2,30
1781686820,gsm-10,osmo-stp-768687f494-p4z84,1,2
1781686820,gsm-10,virtphy-65b766dcb8-fchgr,7,4
1781686823,gsm-10,msc-test-stub-5b875d749d-jn2kt,1,16
1781686823,gsm-10,osmo-bsc-594654bd47-z89vs,1,5
1781686823,gsm-10,osmo-bts-virtual-5f8b9b86fc-fnwmh,25,5
1781686823,gsm-10,osmo-hlr-546bdb8988-9cl9z,1,2
1781686823,gsm-10,osmo-mgw-8c8fc67d6-trx74,1,2
1781686823,gsm-10,osmo-mobile-7cd864fcdc-wzxr5,2,30
1781686823,gsm-10,osmo-stp-768687f494-p4z84,1,2
1781686823,gsm-10,virtphy-65b766dcb8-fchgr,7,4
1781686825,gsm-10,msc-test-stub-5b875d749d-jn2kt,1,16
1781686825,gsm-10,osmo-bsc-594654bd47-z89vs,1,5
1781686825,gsm-10,osmo-bts-virtual-5f8b9b86fc-fnwmh,25,5
1781686825,gsm-10,osmo-hlr-546bdb8988-9cl9z,1,2
1781686825,gsm-10,osmo-mgw-8c8fc67d6-trx74,1,2
1781686825,gsm-10,osmo-mobile-7cd864fcdc-wzxr5,2,30
1781686825,gsm-10,osmo-stp-768687f494-p4z84,1,2
1781686825,gsm-10,virtphy-65b766dcb8-fchgr,7,4
1781686828,gsm-10,msc-test-stub-5b875d749d-jn2kt,1,16
1781686828,gsm-10,osmo-bsc-594654bd47-z89vs,1,5
1781686828,gsm-10,osmo-bts-virtual-5f8b9b86fc-fnwmh,26,5
1781686828,gsm-10,osmo-hlr-546bdb8988-9cl9z,1,2
1781686828,gsm-10,osmo-mgw-8c8fc67d6-trx74,1,2
1781686828,gsm-10,osmo-mobile-7cd864fcdc-wzxr5,2,30
1781686828,gsm-10,osmo-stp-768687f494-p4z84,1,2
1781686828,gsm-10,virtphy-65b766dcb8-fchgr,6,1
1781686830,gsm-10,msc-test-stub-5b875d749d-jn2kt,1,16
1781686830,gsm-10,osmo-bsc-594654bd47-z89vs,1,5
1781686830,gsm-10,osmo-bts-virtual-5f8b9b86fc-fnwmh,26,5
1781686830,gsm-10,osmo-hlr-546bdb8988-9cl9z,1,2
1781686830,gsm-10,osmo-mgw-8c8fc67d6-trx74,1,2
1781686830,gsm-10,osmo-mobile-7cd864fcdc-wzxr5,2,30
1781686830,gsm-10,osmo-stp-768687f494-p4z84,1,2
1781686830,gsm-10,virtphy-65b766dcb8-fchgr,6,1
1781686832,gsm-10,msc-test-stub-5b875d749d-jn2kt,1,16
1781686832,gsm-10,osmo-bsc-594654bd47-z89vs,1,5
1781686832,gsm-10,osmo-bts-virtual-5f8b9b86fc-fnwmh,26,5
1781686832,gsm-10,osmo-hlr-546bdb8988-9cl9z,1,2
1781686832,gsm-10,osmo-mgw-8c8fc67d6-trx74,1,2
1781686832,gsm-10,osmo-mobile-7cd864fcdc-wzxr5,2,30
1781686832,gsm-10,osmo-stp-768687f494-p4z84,1,2
1781686832,gsm-10,virtphy-65b766dcb8-fchgr,6,1
1781686834,gsm-10,msc-test-stub-5b875d749d-jn2kt,1,16
1781686834,gsm-10,osmo-bsc-594654bd47-z89vs,1,5
1781686834,gsm-10,osmo-bts-virtual-5f8b9b86fc-fnwmh,26,5
1781686834,gsm-10,osmo-hlr-546bdb8988-9cl9z,1,2
1781686834,gsm-10,osmo-mgw-8c8fc67d6-trx74,1,2
1781686834,gsm-10,osmo-mobile-7cd864fcdc-wzxr5,2,30
1781686834,gsm-10,osmo-stp-768687f494-p4z84,1,2
1781686834,gsm-10,virtphy-65b766dcb8-fchgr,6,1
1781686836,gsm-10,msc-test-stub-5b875d749d-jn2kt,1,16
1781686836,gsm-10,osmo-bsc-594654bd47-z89vs,1,5
1781686836,gsm-10,osmo-bts-virtual-5f8b9b86fc-fnwmh,26,5
1781686836,gsm-10,osmo-hlr-546bdb8988-9cl9z,1,2
1781686836,gsm-10,osmo-mgw-8c8fc67d6-trx74,1,2
1781686836,gsm-10,osmo-mobile-7cd864fcdc-wzxr5,2,30
1781686836,gsm-10,osmo-stp-768687f494-p4z84,1,2
1781686836,gsm-10,virtphy-65b766dcb8-fchgr,6,1
1781686838,gsm-10,msc-test-stub-5b875d749d-jn2kt,1,16
1781686838,gsm-10,osmo-bsc-594654bd47-z89vs,1,5
1781686838,gsm-10,osmo-bts-virtual-5f8b9b86fc-fnwmh,26,5
1781686838,gsm-10,osmo-hlr-546bdb8988-9cl9z,1,2
1781686838,gsm-10,osmo-mgw-8c8fc67d6-trx74,1,2
1781686838,gsm-10,osmo-mobile-7cd864fcdc-wzxr5,2,30
1781686838,gsm-10,osmo-stp-768687f494-p4z84,1,2
1781686838,gsm-10,virtphy-65b766dcb8-fchgr,6,1
1781686841,gsm-10,msc-test-stub-5b875d749d-jn2kt,1,16
1781686841,gsm-10,osmo-bsc-594654bd47-z89vs,1,5
1781686841,gsm-10,osmo-bts-virtual-5f8b9b86fc-fnwmh,26,5
1781686841,gsm-10,osmo-hlr-546bdb8988-9cl9z,1,2
1781686841,gsm-10,osmo-mgw-8c8fc67d6-trx74,1,2
1781686841,gsm-10,osmo-mobile-7cd864fcdc-wzxr5,2,30
1781686841,gsm-10,osmo-stp-768687f494-p4z84,1,2
1781686841,gsm-10,virtphy-65b766dcb8-fchgr,6,1
1781686843,gsm-10,msc-test-stub-5b875d749d-jn2kt,1,16
1781686843,gsm-10,osmo-bsc-594654bd47-z89vs,1,5
1781686843,gsm-10,osmo-bts-virtual-5f8b9b86fc-fnwmh,26,5
1781686843,gsm-10,osmo-hlr-546bdb8988-9cl9z,1,2
1781686843,gsm-10,osmo-mgw-8c8fc67d6-trx74,1,2
1781686843,gsm-10,osmo-mobile-7cd864fcdc-wzxr5,2,30
1781686843,gsm-10,osmo-stp-768687f494-p4z84,1,2
1781686843,gsm-10,virtphy-65b766dcb8-fchgr,6,1
1781686846,gsm-10,msc-test-stub-5b875d749d-jn2kt,1,16
1781686846,gsm-10,osmo-bsc-594654bd47-z89vs,1,5
1781686846,gsm-10,osmo-bts-virtual-5f8b9b86fc-fnwmh,26,5
1781686846,gsm-10,osmo-hlr-546bdb8988-9cl9z,1,2
1781686846,gsm-10,osmo-mgw-8c8fc67d6-trx74,1,2
1781686846,gsm-10,osmo-mobile-7cd864fcdc-wzxr5,2,30
1781686846,gsm-10,osmo-stp-768687f494-p4z84,1,2
1781686846,gsm-10,virtphy-65b766dcb8-fchgr,6,1
1781686848,gsm-10,msc-test-stub-5b875d749d-jn2kt,1,16
1781686848,gsm-10,osmo-bsc-594654bd47-z89vs,1,5
1781686848,gsm-10,osmo-bts-virtual-5f8b9b86fc-fnwmh,26,5
1781686848,gsm-10,osmo-hlr-546bdb8988-9cl9z,1,2
1781686848,gsm-10,osmo-mgw-8c8fc67d6-trx74,1,2
1781686848,gsm-10,osmo-mobile-7cd864fcdc-wzxr5,2,30
1781686848,gsm-10,osmo-stp-768687f494-p4z84,1,2
1781686848,gsm-10,virtphy-65b766dcb8-fchgr,6,1
1781686851,gsm-10,msc-test-stub-5b875d749d-jn2kt,1,16
1781686851,gsm-10,osmo-bsc-594654bd47-z89vs,1,5
1781686851,gsm-10,osmo-bts-virtual-5f8b9b86fc-fnwmh,26,5
1781686851,gsm-10,osmo-hlr-546bdb8988-9cl9z,1,2
1781686851,gsm-10,osmo-mgw-8c8fc67d6-trx74,1,2
1781686851,gsm-10,osmo-mobile-7cd864fcdc-wzxr5,2,30
1781686851,gsm-10,osmo-stp-768687f494-p4z84,1,2
1781686851,gsm-10,virtphy-65b766dcb8-fchgr,6,1
1781686853,gsm-10,msc-test-stub-5b875d749d-jn2kt,1,16
1781686853,gsm-10,osmo-bsc-594654bd47-z89vs,1,5
1781686853,gsm-10,osmo-bts-virtual-5f8b9b86fc-fnwmh,26,5
1781686853,gsm-10,osmo-hlr-546bdb8988-9cl9z,1,2
1781686853,gsm-10,osmo-mgw-8c8fc67d6-trx74,1,2
1781686853,gsm-10,osmo-mobile-7cd864fcdc-wzxr5,2,30
1781686853,gsm-10,osmo-stp-768687f494-p4z84,1,2
1781686853,gsm-10,virtphy-65b766dcb8-fchgr,6,1
1781686855,gsm-10,msc-test-stub-5b875d749d-jn2kt,1,16
1781686855,gsm-10,osmo-bsc-594654bd47-z89vs,1,5
1781686855,gsm-10,osmo-bts-virtual-5f8b9b86fc-fnwmh,26,5
1781686855,gsm-10,osmo-hlr-546bdb8988-9cl9z,1,2
1781686855,gsm-10,osmo-mgw-8c8fc67d6-trx74,1,2
1781686855,gsm-10,osmo-mobile-7cd864fcdc-wzxr5,2,30
1781686855,gsm-10,osmo-stp-768687f494-p4z84,1,2
1781686855,gsm-10,virtphy-65b766dcb8-fchgr,6,1
1781686857,gsm-10,msc-test-stub-5b875d749d-jn2kt,1,16
1781686857,gsm-10,osmo-bsc-594654bd47-z89vs,1,5
1781686857,gsm-10,osmo-bts-virtual-5f8b9b86fc-fnwmh,26,5
1781686857,gsm-10,osmo-hlr-546bdb8988-9cl9z,1,2
1781686857,gsm-10,osmo-mgw-8c8fc67d6-trx74,1,2
1781686857,gsm-10,osmo-mobile-7cd864fcdc-wzxr5,2,30
1781686857,gsm-10,osmo-stp-768687f494-p4z84,1,2
1781686857,gsm-10,virtphy-65b766dcb8-fchgr,6,1
1781686859,gsm-10,msc-test-stub-5b875d749d-jn2kt,1,16
1781686859,gsm-10,osmo-bsc-594654bd47-z89vs,1,5
1781686859,gsm-10,osmo-bts-virtual-5f8b9b86fc-fnwmh,28,5
1781686859,gsm-10,osmo-hlr-546bdb8988-9cl9z,1,2
1781686859,gsm-10,osmo-mgw-8c8fc67d6-trx74,1,2
1781686859,gsm-10,osmo-mobile-7cd864fcdc-wzxr5,2,30
1781686859,gsm-10,osmo-stp-768687f494-p4z84,1,2
1781686859,gsm-10,virtphy-65b766dcb8-fchgr,7,1
1781686861,gsm-10,msc-test-stub-5b875d749d-jn2kt,1,16
1781686861,gsm-10,osmo-bsc-594654bd47-z89vs,1,5
1781686861,gsm-10,osmo-bts-virtual-5f8b9b86fc-fnwmh,28,5
1781686861,gsm-10,osmo-hlr-546bdb8988-9cl9z,1,2
1781686861,gsm-10,osmo-mgw-8c8fc67d6-trx74,1,2
1781686861,gsm-10,osmo-mobile-7cd864fcdc-wzxr5,2,30
1781686861,gsm-10,osmo-stp-768687f494-p4z84,1,2
1781686861,gsm-10,virtphy-65b766dcb8-fchgr,7,1
1781686864,gsm-10,msc-test-stub-5b875d749d-jn2kt,1,16
1781686864,gsm-10,osmo-bsc-594654bd47-z89vs,1,5
1781686864,gsm-10,osmo-bts-virtual-5f8b9b86fc-fnwmh,28,5
1781686864,gsm-10,osmo-hlr-546bdb8988-9cl9z,1,2
1781686864,gsm-10,osmo-mgw-8c8fc67d6-trx74,1,2
1781686864,gsm-10,osmo-mobile-7cd864fcdc-wzxr5,2,30
1781686864,gsm-10,osmo-stp-768687f494-p4z84,1,2
1781686864,gsm-10,virtphy-65b766dcb8-fchgr,7,1
1781686866,gsm-10,msc-test-stub-5b875d749d-jn2kt,1,16
1781686866,gsm-10,osmo-bsc-594654bd47-z89vs,1,5
1781686866,gsm-10,osmo-bts-virtual-5f8b9b86fc-fnwmh,28,5
1781686866,gsm-10,osmo-hlr-546bdb8988-9cl9z,1,2
1781686866,gsm-10,osmo-mgw-8c8fc67d6-trx74,1,2
1781686866,gsm-10,osmo-mobile-7cd864fcdc-wzxr5,2,30
1781686866,gsm-10,osmo-stp-768687f494-p4z84,1,2
1781686866,gsm-10,virtphy-65b766dcb8-fchgr,7,1
1781686868,gsm-10,msc-test-stub-5b875d749d-jn2kt,1,16
1781686868,gsm-10,osmo-bsc-594654bd47-z89vs,1,5
1781686868,gsm-10,osmo-bts-virtual-5f8b9b86fc-fnwmh,28,5
1781686868,gsm-10,osmo-hlr-546bdb8988-9cl9z,1,2
1781686868,gsm-10,osmo-mgw-8c8fc67d6-trx74,1,2
1781686868,gsm-10,osmo-mobile-7cd864fcdc-wzxr5,2,30
1781686868,gsm-10,osmo-stp-768687f494-p4z84,1,2
1781686868,gsm-10,virtphy-65b766dcb8-fchgr,7,1
1781686870,gsm-10,msc-test-stub-5b875d749d-jn2kt,1,16
1781686870,gsm-10,osmo-bsc-594654bd47-z89vs,1,5
1781686870,gsm-10,osmo-bts-virtual-5f8b9b86fc-fnwmh,28,5
1781686870,gsm-10,osmo-hlr-546bdb8988-9cl9z,1,2
1781686870,gsm-10,osmo-mgw-8c8fc67d6-trx74,1,2
1781686870,gsm-10,osmo-mobile-7cd864fcdc-wzxr5,2,30
1781686870,gsm-10,osmo-stp-768687f494-p4z84,1,2
1781686870,gsm-10,virtphy-65b766dcb8-fchgr,7,1
1781686872,gsm-10,msc-test-stub-5b875d749d-jn2kt,1,16
1781686872,gsm-10,osmo-bsc-594654bd47-z89vs,1,5
1781686872,gsm-10,osmo-bts-virtual-5f8b9b86fc-fnwmh,28,5
1781686872,gsm-10,osmo-hlr-546bdb8988-9cl9z,1,2
1781686872,gsm-10,osmo-mgw-8c8fc67d6-trx74,1,2
1781686872,gsm-10,osmo-mobile-7cd864fcdc-wzxr5,2,30
1781686872,gsm-10,osmo-stp-768687f494-p4z84,1,2
1781686872,gsm-10,virtphy-65b766dcb8-fchgr,7,1
1781686874,gsm-10,msc-test-stub-5b875d749d-jn2kt,1,16
1781686874,gsm-10,osmo-bsc-594654bd47-z89vs,1,5
1781686874,gsm-10,osmo-bts-virtual-5f8b9b86fc-fnwmh,28,5
1781686874,gsm-10,osmo-hlr-546bdb8988-9cl9z,1,2
1781686874,gsm-10,osmo-mgw-8c8fc67d6-trx74,1,2
1781686874,gsm-10,osmo-mobile-7cd864fcdc-wzxr5,2,30
1781686874,gsm-10,osmo-stp-768687f494-p4z84,1,2
1781686874,gsm-10,virtphy-65b766dcb8-fchgr,7,1
1781686877,gsm-10,msc-test-stub-5b875d749d-jn2kt,1,16
1781686877,gsm-10,osmo-bsc-594654bd47-z89vs,1,5
1781686877,gsm-10,osmo-bts-virtual-5f8b9b86fc-fnwmh,28,5
1781686877,gsm-10,osmo-hlr-546bdb8988-9cl9z,1,2
1781686877,gsm-10,osmo-mgw-8c8fc67d6-trx74,1,2
1781686877,gsm-10,osmo-mobile-7cd864fcdc-wzxr5,2,30
1781686877,gsm-10,osmo-stp-768687f494-p4z84,1,2
1781686877,gsm-10,virtphy-65b766dcb8-fchgr,7,1
1781686879,gsm-10,msc-test-stub-5b875d749d-jn2kt,1,16
1781686879,gsm-10,osmo-bsc-594654bd47-z89vs,1,5
1781686879,gsm-10,osmo-bts-virtual-5f8b9b86fc-fnwmh,28,5
1781686879,gsm-10,osmo-hlr-546bdb8988-9cl9z,1,2
1781686879,gsm-10,osmo-mgw-8c8fc67d6-trx74,1,2
1781686879,gsm-10,osmo-mobile-7cd864fcdc-wzxr5,2,30
1781686879,gsm-10,osmo-stp-768687f494-p4z84,1,2
1781686879,gsm-10,virtphy-65b766dcb8-fchgr,7,1
1781686881,gsm-10,msc-test-stub-5b875d749d-jn2kt,1,16
1781686881,gsm-10,osmo-bsc-594654bd47-z89vs,1,5
1781686881,gsm-10,osmo-bts-virtual-5f8b9b86fc-fnwmh,28,5
1781686881,gsm-10,osmo-hlr-546bdb8988-9cl9z,1,2
1781686881,gsm-10,osmo-mgw-8c8fc67d6-trx74,1,2
1781686881,gsm-10,osmo-mobile-7cd864fcdc-wzxr5,2,30
1781686881,gsm-10,osmo-stp-768687f494-p4z84,1,2
1781686881,gsm-10,virtphy-65b766dcb8-fchgr,7,1
1781686883,gsm-10,msc-test-stub-5b875d749d-jn2kt,1,16
1781686883,gsm-10,osmo-bsc-594654bd47-z89vs,1,5
1781686883,gsm-10,osmo-bts-virtual-5f8b9b86fc-fnwmh,28,5
1781686883,gsm-10,osmo-hlr-546bdb8988-9cl9z,1,2
1781686883,gsm-10,osmo-mgw-8c8fc67d6-trx74,1,2
1781686883,gsm-10,osmo-mobile-7cd864fcdc-wzxr5,2,30
1781686883,gsm-10,osmo-stp-768687f494-p4z84,1,2
1781686883,gsm-10,virtphy-65b766dcb8-fchgr,7,1
1781686885,gsm-10,msc-test-stub-5b875d749d-jn2kt,1,16
1781686885,gsm-10,osmo-bsc-594654bd47-z89vs,1,5
1781686885,gsm-10,osmo-bts-virtual-5f8b9b86fc-fnwmh,28,5
1781686885,gsm-10,osmo-hlr-546bdb8988-9cl9z,1,2
1781686885,gsm-10,osmo-mgw-8c8fc67d6-trx74,1,2
1781686885,gsm-10,osmo-mobile-7cd864fcdc-wzxr5,2,30
1781686885,gsm-10,osmo-stp-768687f494-p4z84,1,2
1781686885,gsm-10,virtphy-65b766dcb8-fchgr,7,1
1781686888,gsm-10,msc-test-stub-5b875d749d-jn2kt,1,16
1781686888,gsm-10,osmo-bsc-594654bd47-z89vs,1,5
1781686888,gsm-10,osmo-bts-virtual-5f8b9b86fc-fnwmh,26,5
1781686888,gsm-10,osmo-hlr-546bdb8988-9cl9z,1,2
1781686888,gsm-10,osmo-mgw-8c8fc67d6-trx74,1,2
1781686888,gsm-10,osmo-mobile-7cd864fcdc-wzxr5,2,30
1781686888,gsm-10,osmo-stp-768687f494-p4z84,1,2
1781686888,gsm-10,virtphy-65b766dcb8-fchgr,6,1
1781686890,gsm-10,msc-test-stub-5b875d749d-jn2kt,1,16
1781686890,gsm-10,osmo-bsc-594654bd47-z89vs,1,5
1781686890,gsm-10,osmo-bts-virtual-5f8b9b86fc-fnwmh,26,5
1781686890,gsm-10,osmo-hlr-546bdb8988-9cl9z,1,2
1781686890,gsm-10,osmo-mgw-8c8fc67d6-trx74,1,2
1781686890,gsm-10,osmo-mobile-7cd864fcdc-wzxr5,2,30
1781686890,gsm-10,osmo-stp-768687f494-p4z84,1,2
1781686890,gsm-10,virtphy-65b766dcb8-fchgr,6,1
1781686892,gsm-10,msc-test-stub-5b875d749d-jn2kt,1,16
1781686892,gsm-10,osmo-bsc-594654bd47-z89vs,1,5
1781686892,gsm-10,osmo-bts-virtual-5f8b9b86fc-fnwmh,26,5
1781686892,gsm-10,osmo-hlr-546bdb8988-9cl9z,1,2
1781686892,gsm-10,osmo-mgw-8c8fc67d6-trx74,1,2
1781686892,gsm-10,osmo-mobile-7cd864fcdc-wzxr5,2,30
1781686892,gsm-10,osmo-stp-768687f494-p4z84,1,2
1781686892,gsm-10,virtphy-65b766dcb8-fchgr,6,1
1781686894,gsm-10,msc-test-stub-5b875d749d-jn2kt,1,16
1781686894,gsm-10,osmo-bsc-594654bd47-z89vs,1,5
1781686894,gsm-10,osmo-bts-virtual-5f8b9b86fc-fnwmh,26,5
1781686894,gsm-10,osmo-hlr-546bdb8988-9cl9z,1,2
1781686894,gsm-10,osmo-mgw-8c8fc67d6-trx74,1,2
1781686894,gsm-10,osmo-mobile-7cd864fcdc-wzxr5,2,30
1781686894,gsm-10,osmo-stp-768687f494-p4z84,1,2
1781686894,gsm-10,virtphy-65b766dcb8-fchgr,6,1
1781686897,gsm-10,msc-test-stub-5b875d749d-jn2kt,1,16
1781686897,gsm-10,osmo-bsc-594654bd47-z89vs,1,5
1781686897,gsm-10,osmo-bts-virtual-5f8b9b86fc-fnwmh,26,5
1781686897,gsm-10,osmo-hlr-546bdb8988-9cl9z,1,2
1781686897,gsm-10,osmo-mgw-8c8fc67d6-trx74,1,2
1781686897,gsm-10,osmo-mobile-7cd864fcdc-wzxr5,2,30
1781686897,gsm-10,osmo-stp-768687f494-p4z84,1,2
1781686897,gsm-10,virtphy-65b766dcb8-fchgr,6,1
1781686899,gsm-10,msc-test-stub-5b875d749d-jn2kt,1,16
1781686899,gsm-10,osmo-bsc-594654bd47-z89vs,1,5
1781686899,gsm-10,osmo-bts-virtual-5f8b9b86fc-fnwmh,26,5
1781686899,gsm-10,osmo-hlr-546bdb8988-9cl9z,1,2
1781686899,gsm-10,osmo-mgw-8c8fc67d6-trx74,1,2
1781686899,gsm-10,osmo-mobile-7cd864fcdc-wzxr5,2,30
1781686899,gsm-10,osmo-stp-768687f494-p4z84,1,2
1781686899,gsm-10,virtphy-65b766dcb8-fchgr,6,1
1781686901,gsm-10,msc-test-stub-5b875d749d-jn2kt,1,16
1781686901,gsm-10,osmo-bsc-594654bd47-z89vs,1,5
1781686901,gsm-10,osmo-bts-virtual-5f8b9b86fc-fnwmh,26,5
1781686901,gsm-10,osmo-hlr-546bdb8988-9cl9z,1,2
1781686901,gsm-10,osmo-mgw-8c8fc67d6-trx74,1,2
1781686901,gsm-10,osmo-mobile-7cd864fcdc-wzxr5,2,30
1781686901,gsm-10,osmo-stp-768687f494-p4z84,1,2
1781686901,gsm-10,virtphy-65b766dcb8-fchgr,6,1
1781686904,gsm-10,msc-test-stub-5b875d749d-jn2kt,1,16
1781686904,gsm-10,osmo-bsc-594654bd47-z89vs,1,5
1781686904,gsm-10,osmo-bts-virtual-5f8b9b86fc-fnwmh,26,5
1781686904,gsm-10,osmo-hlr-546bdb8988-9cl9z,1,2
1781686904,gsm-10,osmo-mgw-8c8fc67d6-trx74,1,2
1781686904,gsm-10,osmo-mobile-7cd864fcdc-wzxr5,2,30
1781686904,gsm-10,osmo-stp-768687f494-p4z84,1,2
1781686904,gsm-10,virtphy-65b766dcb8-fchgr,6,1
1781686907,gsm-10,msc-test-stub-5b875d749d-jn2kt,1,16
1781686907,gsm-10,osmo-bsc-594654bd47-z89vs,1,5
1781686907,gsm-10,osmo-bts-virtual-5f8b9b86fc-fnwmh,26,5
1781686907,gsm-10,osmo-hlr-546bdb8988-9cl9z,1,2
1781686907,gsm-10,osmo-mgw-8c8fc67d6-trx74,1,2
1781686907,gsm-10,osmo-mobile-7cd864fcdc-wzxr5,2,30
1781686907,gsm-10,osmo-stp-768687f494-p4z84,1,2
1781686907,gsm-10,virtphy-65b766dcb8-fchgr,6,1
1781686910,gsm-10,msc-test-stub-5b875d749d-jn2kt,1,16
1781686910,gsm-10,osmo-bsc-594654bd47-z89vs,1,5
1781686910,gsm-10,osmo-bts-virtual-5f8b9b86fc-fnwmh,26,5
1781686910,gsm-10,osmo-hlr-546bdb8988-9cl9z,1,2
1781686910,gsm-10,osmo-mgw-8c8fc67d6-trx74,1,2
1781686910,gsm-10,osmo-mobile-7cd864fcdc-wzxr5,2,30
1781686910,gsm-10,osmo-stp-768687f494-p4z84,1,2
1781686910,gsm-10,virtphy-65b766dcb8-fchgr,6,1
1781686912,gsm-10,msc-test-stub-5b875d749d-jn2kt,1,16
1781686912,gsm-10,osmo-bsc-594654bd47-z89vs,1,5
1781686912,gsm-10,osmo-bts-virtual-5f8b9b86fc-fnwmh,26,5
1781686912,gsm-10,osmo-hlr-546bdb8988-9cl9z,1,2
1781686912,gsm-10,osmo-mgw-8c8fc67d6-trx74,1,2
1781686912,gsm-10,osmo-mobile-7cd864fcdc-wzxr5,2,30
1781686912,gsm-10,osmo-stp-768687f494-p4z84,1,2
1781686912,gsm-10,virtphy-65b766dcb8-fchgr,6,1
1781686922,gsm-10,msc-test-stub-5b875d749d-jn2kt,1,16
1781686922,gsm-10,osmo-bsc-594654bd47-z89vs,1,5
1781686922,gsm-10,osmo-bts-virtual-5f8b9b86fc-fnwmh,26,5
1781686922,gsm-10,osmo-hlr-546bdb8988-9cl9z,1,2
1781686922,gsm-10,osmo-mgw-8c8fc67d6-trx74,1,2
1781686922,gsm-10,osmo-mobile-7cd864fcdc-wzxr5,2,30
1781686922,gsm-10,osmo-stp-768687f494-p4z84,1,2
1781686922,gsm-10,virtphy-65b766dcb8-fchgr,6,1
1781686925,gsm-10,msc-test-stub-5b875d749d-jn2kt,1,16
1781686925,gsm-10,osmo-bsc-594654bd47-z89vs,1,5
1781686925,gsm-10,osmo-bts-virtual-5f8b9b86fc-fnwmh,26,5
1781686925,gsm-10,osmo-hlr-546bdb8988-9cl9z,1,2
1781686925,gsm-10,osmo-mgw-8c8fc67d6-trx74,1,2
1781686925,gsm-10,osmo-mobile-7cd864fcdc-wzxr5,2,30
1781686925,gsm-10,osmo-stp-768687f494-p4z84,1,2
1781686925,gsm-10,virtphy-65b766dcb8-fchgr,6,1
1781686928,gsm-10,msc-test-stub-5b875d749d-jn2kt,1,16
1781686928,gsm-10,osmo-bsc-594654bd47-z89vs,1,5
1781686928,gsm-10,osmo-bts-virtual-5f8b9b86fc-fnwmh,26,5
1781686928,gsm-10,osmo-hlr-546bdb8988-9cl9z,1,2
1781686928,gsm-10,osmo-mgw-8c8fc67d6-trx74,1,2
1781686928,gsm-10,osmo-mobile-7cd864fcdc-wzxr5,2,30
1781686928,gsm-10,osmo-stp-768687f494-p4z84,1,2
1781686928,gsm-10,virtphy-65b766dcb8-fchgr,6,1
1781686930,gsm-10,msc-test-stub-5b875d749d-jn2kt,1,16
1781686930,gsm-10,osmo-bsc-594654bd47-z89vs,1,5
1781686930,gsm-10,osmo-bts-virtual-5f8b9b86fc-fnwmh,26,5
1781686930,gsm-10,osmo-hlr-546bdb8988-9cl9z,1,2
1781686930,gsm-10,osmo-mgw-8c8fc67d6-trx74,1,2
1781686930,gsm-10,osmo-mobile-7cd864fcdc-wzxr5,2,30
1781686930,gsm-10,osmo-stp-768687f494-p4z84,1,2
1781686930,gsm-10,virtphy-65b766dcb8-fchgr,6,1
1781686933,gsm-10,msc-test-stub-5b875d749d-jn2kt,1,16
1781686933,gsm-10,osmo-bsc-594654bd47-z89vs,1,5
1781686933,gsm-10,osmo-bts-virtual-5f8b9b86fc-fnwmh,26,5
1781686933,gsm-10,osmo-hlr-546bdb8988-9cl9z,1,2
1781686933,gsm-10,osmo-mgw-8c8fc67d6-trx74,1,2
1781686933,gsm-10,osmo-mobile-7cd864fcdc-wzxr5,2,30
1781686933,gsm-10,osmo-stp-768687f494-p4z84,1,2
1781686933,gsm-10,virtphy-65b766dcb8-fchgr,6,1
1781686935,gsm-10,msc-test-stub-5b875d749d-jn2kt,1,16
1781686935,gsm-10,osmo-bsc-594654bd47-z89vs,1,5
1781686935,gsm-10,osmo-bts-virtual-5f8b9b86fc-fnwmh,26,5
1781686935,gsm-10,osmo-hlr-546bdb8988-9cl9z,1,2
1781686935,gsm-10,osmo-mgw-8c8fc67d6-trx74,1,2
1781686935,gsm-10,osmo-mobile-7cd864fcdc-wzxr5,2,30
1781686935,gsm-10,osmo-stp-768687f494-p4z84,1,2
1781686935,gsm-10,virtphy-65b766dcb8-fchgr,6,1
1781686937,gsm-10,msc-test-stub-5b875d749d-jn2kt,1,16
1781686937,gsm-10,osmo-bsc-594654bd47-z89vs,1,5
1781686937,gsm-10,osmo-bts-virtual-5f8b9b86fc-fnwmh,26,5
1781686937,gsm-10,osmo-hlr-546bdb8988-9cl9z,1,2
1781686937,gsm-10,osmo-mgw-8c8fc67d6-trx74,1,2
1781686937,gsm-10,osmo-mobile-7cd864fcdc-wzxr5,2,30
1781686937,gsm-10,osmo-stp-768687f494-p4z84,1,2
1781686937,gsm-10,virtphy-65b766dcb8-fchgr,6,1
1781686940,gsm-10,msc-test-stub-5b875d749d-jn2kt,1,16
1781686940,gsm-10,osmo-bsc-594654bd47-z89vs,1,5
1781686940,gsm-10,osmo-bts-virtual-5f8b9b86fc-fnwmh,26,5
1781686940,gsm-10,osmo-hlr-546bdb8988-9cl9z,1,2
1781686940,gsm-10,osmo-mgw-8c8fc67d6-trx74,1,2
1781686940,gsm-10,osmo-mobile-7cd864fcdc-wzxr5,2,30
1781686940,gsm-10,osmo-stp-768687f494-p4z84,1,2
1781686940,gsm-10,virtphy-65b766dcb8-fchgr,6,1
1781686942,gsm-10,msc-test-stub-5b875d749d-jn2kt,1,16
1781686942,gsm-10,osmo-bsc-594654bd47-z89vs,1,5
1781686942,gsm-10,osmo-bts-virtual-5f8b9b86fc-fnwmh,26,5
1781686942,gsm-10,osmo-hlr-546bdb8988-9cl9z,1,2
1781686942,gsm-10,osmo-mgw-8c8fc67d6-trx74,1,2
1781686942,gsm-10,osmo-mobile-7cd864fcdc-wzxr5,2,30
1781686942,gsm-10,osmo-stp-768687f494-p4z84,1,2
1781686942,gsm-10,virtphy-65b766dcb8-fchgr,6,1
1781686948,gsm-10,msc-test-stub-5b875d749d-jn2kt,1,16
1781686948,gsm-10,osmo-bsc-594654bd47-z89vs,1,5
1781686948,gsm-10,osmo-bts-virtual-5f8b9b86fc-fnwmh,26,5
1781686948,gsm-10,osmo-hlr-546bdb8988-9cl9z,1,2
1781686948,gsm-10,osmo-mgw-8c8fc67d6-trx74,1,2
1781686948,gsm-10,osmo-mobile-7cd864fcdc-wzxr5,2,30
1781686948,gsm-10,osmo-stp-768687f494-p4z84,1,2
1781686948,gsm-10,virtphy-65b766dcb8-fchgr,6,1
1781686953,gsm-10,msc-test-stub-5b875d749d-jn2kt,1,16
1781686953,gsm-10,osmo-bsc-594654bd47-z89vs,1,5
1781686953,gsm-10,osmo-bts-virtual-5f8b9b86fc-fnwmh,26,5
1781686953,gsm-10,osmo-hlr-546bdb8988-9cl9z,1,2
1781686953,gsm-10,osmo-mgw-8c8fc67d6-trx74,1,2
1781686953,gsm-10,osmo-mobile-7cd864fcdc-wzxr5,2,30
1781686953,gsm-10,osmo-stp-768687f494-p4z84,1,2
1781686953,gsm-10,virtphy-65b766dcb8-fchgr,6,1
1781686957,gsm-10,msc-test-stub-5b875d749d-jn2kt,1,16
1781686957,gsm-10,osmo-bsc-594654bd47-z89vs,1,5
1781686957,gsm-10,osmo-bts-virtual-5f8b9b86fc-fnwmh,26,5
1781686957,gsm-10,osmo-hlr-546bdb8988-9cl9z,1,2
1781686957,gsm-10,osmo-mgw-8c8fc67d6-trx74,1,2
1781686957,gsm-10,osmo-mobile-7cd864fcdc-wzxr5,2,30
1781686957,gsm-10,osmo-stp-768687f494-p4z84,1,2
1781686957,gsm-10,virtphy-65b766dcb8-fchgr,6,1
1781686960,gsm-10,msc-test-stub-5b875d749d-jn2kt,1,16
1781686960,gsm-10,osmo-bsc-594654bd47-z89vs,1,5
1781686960,gsm-10,osmo-bts-virtual-5f8b9b86fc-fnwmh,26,5
1781686960,gsm-10,osmo-hlr-546bdb8988-9cl9z,1,2
1781686960,gsm-10,osmo-mgw-8c8fc67d6-trx74,1,2
1781686960,gsm-10,osmo-mobile-7cd864fcdc-wzxr5,2,30
1781686960,gsm-10,osmo-stp-768687f494-p4z84,1,2
1781686960,gsm-10,virtphy-65b766dcb8-fchgr,6,1
1781686964,gsm-10,msc-test-stub-5b875d749d-jn2kt,1,16
1781686964,gsm-10,osmo-bsc-594654bd47-z89vs,1,5
1781686964,gsm-10,osmo-bts-virtual-5f8b9b86fc-fnwmh,26,5
1781686964,gsm-10,osmo-hlr-546bdb8988-9cl9z,1,2
1781686964,gsm-10,osmo-mgw-8c8fc67d6-trx74,1,2
1781686964,gsm-10,osmo-mobile-7cd864fcdc-wzxr5,2,30
1781686964,gsm-10,osmo-stp-768687f494-p4z84,1,2
1781686964,gsm-10,virtphy-65b766dcb8-fchgr,6,1
1781686967,gsm-10,msc-test-stub-5b875d749d-jn2kt,1,16
1781686967,gsm-10,osmo-bsc-594654bd47-z89vs,1,5
1781686967,gsm-10,osmo-bts-virtual-5f8b9b86fc-fnwmh,26,5
1781686967,gsm-10,osmo-hlr-546bdb8988-9cl9z,1,2
1781686967,gsm-10,osmo-mgw-8c8fc67d6-trx74,1,2
1781686967,gsm-10,osmo-mobile-7cd864fcdc-wzxr5,2,30
1781686967,gsm-10,osmo-stp-768687f494-p4z84,1,2
1781686967,gsm-10,virtphy-65b766dcb8-fchgr,6,1
1781686969,gsm-10,msc-test-stub-5b875d749d-jn2kt,1,16
1781686969,gsm-10,osmo-bsc-594654bd47-z89vs,1,5
1781686969,gsm-10,osmo-bts-virtual-5f8b9b86fc-fnwmh,26,5
1781686969,gsm-10,osmo-hlr-546bdb8988-9cl9z,1,2
1781686969,gsm-10,osmo-mgw-8c8fc67d6-trx74,1,2
1781686969,gsm-10,osmo-mobile-7cd864fcdc-wzxr5,2,30
1781686969,gsm-10,osmo-stp-768687f494-p4z84,1,2
1781686969,gsm-10,virtphy-65b766dcb8-fchgr,6,1
1781686971,gsm-10,msc-test-stub-5b875d749d-jn2kt,1,16
1781686971,gsm-10,osmo-bsc-594654bd47-z89vs,1,5
1781686971,gsm-10,osmo-bts-virtual-5f8b9b86fc-fnwmh,26,5
1781686971,gsm-10,osmo-hlr-546bdb8988-9cl9z,1,2
1781686971,gsm-10,osmo-mgw-8c8fc67d6-trx74,1,2
1781686971,gsm-10,osmo-mobile-7cd864fcdc-wzxr5,2,30
1781686971,gsm-10,osmo-stp-768687f494-p4z84,1,2
1781686971,gsm-10,virtphy-65b766dcb8-fchgr,6,1
1781686974,gsm-10,msc-test-stub-5b875d749d-jn2kt,1,16
1781686974,gsm-10,osmo-bsc-594654bd47-z89vs,1,5
1781686974,gsm-10,osmo-bts-virtual-5f8b9b86fc-fnwmh,26,5
1781686974,gsm-10,osmo-hlr-546bdb8988-9cl9z,1,2
1781686974,gsm-10,osmo-mgw-8c8fc67d6-trx74,1,2
1781686974,gsm-10,osmo-mobile-7cd864fcdc-wzxr5,2,30
1781686974,gsm-10,osmo-stp-768687f494-p4z84,1,2
1781686974,gsm-10,virtphy-65b766dcb8-fchgr,6,1
1781686976,gsm-10,msc-test-stub-5b875d749d-jn2kt,1,16
1781686976,gsm-10,osmo-bsc-594654bd47-z89vs,1,5
1781686976,gsm-10,osmo-bts-virtual-5f8b9b86fc-fnwmh,26,5
1781686976,gsm-10,osmo-hlr-546bdb8988-9cl9z,1,2
1781686976,gsm-10,osmo-mgw-8c8fc67d6-trx74,1,2
1781686976,gsm-10,osmo-mobile-7cd864fcdc-wzxr5,2,30
1781686976,gsm-10,osmo-stp-768687f494-p4z84,1,2
1781686976,gsm-10,virtphy-65b766dcb8-fchgr,6,1
1781686979,gsm-10,msc-test-stub-5b875d749d-jn2kt,1,16
1781686979,gsm-10,osmo-bsc-594654bd47-z89vs,1,5
1781686979,gsm-10,osmo-bts-virtual-5f8b9b86fc-fnwmh,27,5
1781686979,gsm-10,osmo-hlr-546bdb8988-9cl9z,1,2
1781686979,gsm-10,osmo-mgw-8c8fc67d6-trx74,1,2
1781686979,gsm-10,osmo-mobile-7cd864fcdc-wzxr5,2,30
1781686979,gsm-10,osmo-stp-768687f494-p4z84,1,2
1781686979,gsm-10,ttcn3-tc-26-6-2-1-1-1-db6f7,4,6
1781686979,gsm-10,virtphy-65b766dcb8-fchgr,7,4
1781686981,gsm-10,msc-test-stub-5b875d749d-jn2kt,1,16
1781686981,gsm-10,osmo-bsc-594654bd47-z89vs,1,5
1781686981,gsm-10,osmo-bts-virtual-5f8b9b86fc-fnwmh,27,5
1781686981,gsm-10,osmo-hlr-546bdb8988-9cl9z,1,2
1781686981,gsm-10,osmo-mgw-8c8fc67d6-trx74,1,2
1781686981,gsm-10,osmo-mobile-7cd864fcdc-wzxr5,2,30
1781686981,gsm-10,osmo-stp-768687f494-p4z84,1,2
1781686981,gsm-10,ttcn3-tc-26-6-2-1-1-1-db6f7,4,6
1781686981,gsm-10,virtphy-65b766dcb8-fchgr,7,4
1781686984,gsm-10,msc-test-stub-5b875d749d-jn2kt,1,16
1781686984,gsm-10,osmo-bsc-594654bd47-z89vs,1,5
1781686984,gsm-10,osmo-bts-virtual-5f8b9b86fc-fnwmh,27,5
1781686984,gsm-10,osmo-hlr-546bdb8988-9cl9z,1,2
1781686984,gsm-10,osmo-mgw-8c8fc67d6-trx74,1,2
1781686984,gsm-10,osmo-mobile-7cd864fcdc-wzxr5,2,30
1781686984,gsm-10,osmo-stp-768687f494-p4z84,1,2
1781686984,gsm-10,ttcn3-tc-26-6-2-1-1-1-db6f7,4,6
1781686984,gsm-10,virtphy-65b766dcb8-fchgr,7,4
1781686986,gsm-10,msc-test-stub-5b875d749d-jn2kt,1,16
1781686986,gsm-10,osmo-bsc-594654bd47-z89vs,1,5
1781686986,gsm-10,osmo-bts-virtual-5f8b9b86fc-fnwmh,27,5
1781686986,gsm-10,osmo-hlr-546bdb8988-9cl9z,1,2
1781686986,gsm-10,osmo-mgw-8c8fc67d6-trx74,1,2
1781686986,gsm-10,osmo-mobile-7cd864fcdc-wzxr5,2,30
1781686986,gsm-10,osmo-stp-768687f494-p4z84,1,2
1781686986,gsm-10,ttcn3-tc-26-6-2-1-1-1-db6f7,4,6
1781686986,gsm-10,virtphy-65b766dcb8-fchgr,7,4
1781686989,gsm-10,msc-test-stub-5b875d749d-jn2kt,1,16
1781686989,gsm-10,osmo-bsc-594654bd47-z89vs,1,5
1781686989,gsm-10,osmo-bts-virtual-5f8b9b86fc-fnwmh,27,5
1781686989,gsm-10,osmo-hlr-546bdb8988-9cl9z,1,2
1781686989,gsm-10,osmo-mgw-8c8fc67d6-trx74,1,2
1781686989,gsm-10,osmo-mobile-7cd864fcdc-wzxr5,2,30
1781686989,gsm-10,osmo-stp-768687f494-p4z84,1,2
1781686989,gsm-10,ttcn3-tc-26-6-2-1-1-1-db6f7,4,6
1781686989,gsm-10,virtphy-65b766dcb8-fchgr,7,4
1781686991,gsm-10,msc-test-stub-5b875d749d-jn2kt,1,16
1781686991,gsm-10,osmo-bsc-594654bd47-z89vs,1,5
1781686991,gsm-10,osmo-bts-virtual-5f8b9b86fc-fnwmh,27,5
1781686991,gsm-10,osmo-hlr-546bdb8988-9cl9z,1,2
1781686991,gsm-10,osmo-mgw-8c8fc67d6-trx74,1,2
1781686991,gsm-10,osmo-mobile-7cd864fcdc-wzxr5,2,30
1781686991,gsm-10,osmo-stp-768687f494-p4z84,1,2
1781686991,gsm-10,ttcn3-tc-26-6-2-1-1-1-db6f7,4,6
1781686991,gsm-10,virtphy-65b766dcb8-fchgr,7,4
1781686994,gsm-10,msc-test-stub-5b875d749d-jn2kt,1,16
1781686994,gsm-10,osmo-bsc-594654bd47-z89vs,1,5
1781686994,gsm-10,osmo-bts-virtual-5f8b9b86fc-fnwmh,27,5
1781686994,gsm-10,osmo-hlr-546bdb8988-9cl9z,1,2
1781686994,gsm-10,osmo-mgw-8c8fc67d6-trx74,1,2
1781686994,gsm-10,osmo-mobile-7cd864fcdc-wzxr5,2,30
1781686994,gsm-10,osmo-stp-768687f494-p4z84,1,2
1781686994,gsm-10,ttcn3-tc-26-6-2-1-1-1-db6f7,1,6
1781686994,gsm-10,virtphy-65b766dcb8-fchgr,6,1
1781686996,gsm-10,msc-test-stub-5b875d749d-jn2kt,1,16
1781686996,gsm-10,osmo-bsc-594654bd47-z89vs,1,5
1781686996,gsm-10,osmo-bts-virtual-5f8b9b86fc-fnwmh,27,5
1781686996,gsm-10,osmo-hlr-546bdb8988-9cl9z,1,2
1781686996,gsm-10,osmo-mgw-8c8fc67d6-trx74,1,2
1781686996,gsm-10,osmo-mobile-7cd864fcdc-wzxr5,2,30
1781686996,gsm-10,osmo-stp-768687f494-p4z84,1,2
1781686996,gsm-10,ttcn3-tc-26-6-2-1-1-1-db6f7,1,6
1781686996,gsm-10,virtphy-65b766dcb8-fchgr,6,1
1781687000,gsm-10,msc-test-stub-5b875d749d-jn2kt,1,16
1781687000,gsm-10,osmo-bsc-594654bd47-z89vs,1,5
1781687000,gsm-10,osmo-bts-virtual-5f8b9b86fc-fnwmh,27,5
1781687000,gsm-10,osmo-hlr-546bdb8988-9cl9z,1,2
1781687000,gsm-10,osmo-mgw-8c8fc67d6-trx74,1,2
1781687000,gsm-10,osmo-mobile-7cd864fcdc-wzxr5,2,30
1781687000,gsm-10,osmo-stp-768687f494-p4z84,1,2
1781687000,gsm-10,ttcn3-tc-26-6-2-1-1-1-db6f7,1,6
1781687000,gsm-10,virtphy-65b766dcb8-fchgr,6,1
1781687003,gsm-10,msc-test-stub-5b875d749d-jn2kt,1,16
1781687003,gsm-10,osmo-bsc-594654bd47-z89vs,1,5
1781687003,gsm-10,osmo-bts-virtual-5f8b9b86fc-fnwmh,27,5
1781687003,gsm-10,osmo-hlr-546bdb8988-9cl9z,1,2
1781687003,gsm-10,osmo-mgw-8c8fc67d6-trx74,1,2
1781687003,gsm-10,osmo-mobile-7cd864fcdc-wzxr5,2,30
1781687003,gsm-10,osmo-stp-768687f494-p4z84,1,2
1781687003,gsm-10,ttcn3-tc-26-6-2-1-1-1-db6f7,1,6
1781687003,gsm-10,virtphy-65b766dcb8-fchgr,6,1
1781687006,gsm-10,msc-test-stub-5b875d749d-jn2kt,1,16
1781687006,gsm-10,osmo-bsc-594654bd47-z89vs,1,5
1781687006,gsm-10,osmo-bts-virtual-5f8b9b86fc-fnwmh,27,5
1781687006,gsm-10,osmo-hlr-546bdb8988-9cl9z,1,2
1781687006,gsm-10,osmo-mgw-8c8fc67d6-trx74,1,2
1781687006,gsm-10,osmo-mobile-7cd864fcdc-wzxr5,2,30
1781687006,gsm-10,osmo-stp-768687f494-p4z84,1,2
1781687006,gsm-10,ttcn3-tc-26-6-2-1-1-1-db6f7,1,6
1781687006,gsm-10,virtphy-65b766dcb8-fchgr,6,1
1781687009,gsm-10,msc-test-stub-5b875d749d-jn2kt,1,16
1781687009,gsm-10,osmo-bsc-594654bd47-z89vs,1,5
1781687009,gsm-10,osmo-bts-virtual-5f8b9b86fc-fnwmh,28,5
1781687009,gsm-10,osmo-hlr-546bdb8988-9cl9z,1,2
1781687009,gsm-10,osmo-mgw-8c8fc67d6-trx74,1,2
1781687009,gsm-10,osmo-mobile-7cd864fcdc-wzxr5,2,30
1781687009,gsm-10,osmo-stp-768687f494-p4z84,1,2
1781687009,gsm-10,ttcn3-tc-26-6-2-1-1-1-db6f7,1,6
1781687009,gsm-10,virtphy-65b766dcb8-fchgr,6,1
1781687027,gsm-10,msc-test-stub-5b875d749d-jn2kt,1,16
1781687027,gsm-10,osmo-bsc-594654bd47-z89vs,1,5
1781687027,gsm-10,osmo-bts-virtual-5f8b9b86fc-fnwmh,29,5
1781687027,gsm-10,osmo-hlr-546bdb8988-9cl9z,1,2
1781687027,gsm-10,osmo-mgw-8c8fc67d6-trx74,1,2
1781687027,gsm-10,osmo-mobile-7cd864fcdc-wzxr5,2,30
1781687027,gsm-10,osmo-stp-768687f494-p4z84,1,2
1781687027,gsm-10,ttcn3-tc-26-6-2-1-1-1-db6f7,1,6
1781687027,gsm-10,virtphy-65b766dcb8-fchgr,7,1
1781687030,gsm-10,msc-test-stub-5b875d749d-jn2kt,1,16
1781687030,gsm-10,osmo-bsc-594654bd47-z89vs,1,5
1781687030,gsm-10,osmo-bts-virtual-5f8b9b86fc-fnwmh,29,5
1781687030,gsm-10,osmo-hlr-546bdb8988-9cl9z,1,2
1781687030,gsm-10,osmo-mgw-8c8fc67d6-trx74,1,2
1781687030,gsm-10,osmo-mobile-7cd864fcdc-wzxr5,2,30
1781687030,gsm-10,osmo-stp-768687f494-p4z84,1,2
1781687030,gsm-10,ttcn3-tc-26-6-2-1-1-1-db6f7,1,6
1781687030,gsm-10,virtphy-65b766dcb8-fchgr,7,1
1781687033,gsm-10,msc-test-stub-5b875d749d-jn2kt,1,16
1781687033,gsm-10,osmo-bsc-594654bd47-z89vs,1,5
1781687033,gsm-10,osmo-bts-virtual-5f8b9b86fc-fnwmh,29,5
1781687033,gsm-10,osmo-hlr-546bdb8988-9cl9z,1,2
1781687033,gsm-10,osmo-mgw-8c8fc67d6-trx74,1,2
1781687033,gsm-10,osmo-mobile-7cd864fcdc-wzxr5,2,30
1781687033,gsm-10,osmo-stp-768687f494-p4z84,1,2
1781687033,gsm-10,ttcn3-tc-26-6-2-1-1-1-db6f7,1,6
1781687033,gsm-10,virtphy-65b766dcb8-fchgr,7,1
1781687036,gsm-10,msc-test-stub-5b875d749d-jn2kt,1,16
1781687036,gsm-10,osmo-bsc-594654bd47-z89vs,1,5
1781687036,gsm-10,osmo-bts-virtual-5f8b9b86fc-fnwmh,29,5
1781687036,gsm-10,osmo-hlr-546bdb8988-9cl9z,1,2
1781687036,gsm-10,osmo-mgw-8c8fc67d6-trx74,1,2
1781687036,gsm-10,osmo-mobile-7cd864fcdc-wzxr5,2,30
1781687036,gsm-10,osmo-stp-768687f494-p4z84,1,2
1781687036,gsm-10,ttcn3-tc-26-6-2-1-1-1-db6f7,1,6
1781687036,gsm-10,virtphy-65b766dcb8-fchgr,7,1
1781687041,gsm-10,msc-test-stub-5b875d749d-jn2kt,1,16
1781687041,gsm-10,osmo-bsc-594654bd47-z89vs,1,5
1781687041,gsm-10,osmo-bts-virtual-5f8b9b86fc-fnwmh,29,5
1781687041,gsm-10,osmo-hlr-546bdb8988-9cl9z,1,2
1781687041,gsm-10,osmo-mgw-8c8fc67d6-trx74,1,2
1781687041,gsm-10,osmo-mobile-7cd864fcdc-wzxr5,3,30
1781687041,gsm-10,osmo-stp-768687f494-p4z84,1,2
1781687041,gsm-10,ttcn3-tc-26-6-2-1-1-1-db6f7,1,6
1781687041,gsm-10,virtphy-65b766dcb8-fchgr,7,1
1781687050,gsm-10,msc-test-stub-5b875d749d-jn2kt,1,16
1781687050,gsm-10,osmo-bsc-594654bd47-z89vs,1,5
1781687050,gsm-10,osmo-bts-virtual-5f8b9b86fc-fnwmh,29,5
1781687050,gsm-10,osmo-hlr-546bdb8988-9cl9z,1,2
1781687050,gsm-10,osmo-mgw-8c8fc67d6-trx74,1,2
1781687050,gsm-10,osmo-mobile-7cd864fcdc-wzxr5,3,30
1781687050,gsm-10,osmo-stp-768687f494-p4z84,1,2
1781687050,gsm-10,ttcn3-tc-26-6-2-1-1-1-db6f7,1,6
1781687050,gsm-10,virtphy-65b766dcb8-fchgr,7,1
1781687052,gsm-10,msc-test-stub-5b875d749d-jn2kt,1,16
1781687052,gsm-10,osmo-bsc-594654bd47-z89vs,1,5
1781687052,gsm-10,osmo-bts-virtual-5f8b9b86fc-fnwmh,29,5
1781687052,gsm-10,osmo-hlr-546bdb8988-9cl9z,1,2
1781687052,gsm-10,osmo-mgw-8c8fc67d6-trx74,1,2
1781687052,gsm-10,osmo-mobile-7cd864fcdc-wzxr5,3,30
1781687052,gsm-10,osmo-stp-768687f494-p4z84,1,2
1781687052,gsm-10,ttcn3-tc-26-6-2-1-1-1-db6f7,1,6
1781687052,gsm-10,virtphy-65b766dcb8-fchgr,7,1
1781687055,gsm-10,msc-test-stub-5b875d749d-jn2kt,1,16
1781687055,gsm-10,osmo-bsc-594654bd47-z89vs,1,5
1781687055,gsm-10,osmo-bts-virtual-5f8b9b86fc-fnwmh,27,5
1781687055,gsm-10,osmo-hlr-546bdb8988-9cl9z,1,2
1781687055,gsm-10,osmo-mgw-8c8fc67d6-trx74,1,2
1781687055,gsm-10,osmo-mobile-7cd864fcdc-wzxr5,2,30
1781687055,gsm-10,osmo-stp-768687f494-p4z84,1,2
1781687055,gsm-10,ttcn3-tc-26-6-2-1-1-1-db6f7,1,6
1781687055,gsm-10,virtphy-65b766dcb8-fchgr,7,1
1781687058,gsm-10,msc-test-stub-5b875d749d-jn2kt,1,16
1781687058,gsm-10,osmo-bsc-594654bd47-z89vs,1,5
1781687058,gsm-10,osmo-bts-virtual-5f8b9b86fc-fnwmh,27,5
1781687058,gsm-10,osmo-hlr-546bdb8988-9cl9z,1,2
1781687058,gsm-10,osmo-mgw-8c8fc67d6-trx74,1,2
1781687058,gsm-10,osmo-mobile-7cd864fcdc-wzxr5,2,30
1781687058,gsm-10,osmo-stp-768687f494-p4z84,1,2
1781687058,gsm-10,ttcn3-tc-26-6-2-1-1-1-db6f7,1,6
1781687058,gsm-10,virtphy-65b766dcb8-fchgr,7,1
1781687065,gsm-10,msc-test-stub-5b875d749d-jn2kt,1,16
1781687065,gsm-10,osmo-bsc-594654bd47-z89vs,1,5
1781687065,gsm-10,osmo-bts-virtual-5f8b9b86fc-fnwmh,27,5
1781687065,gsm-10,osmo-hlr-546bdb8988-9cl9z,1,2
1781687065,gsm-10,osmo-mgw-8c8fc67d6-trx74,1,2
1781687065,gsm-10,osmo-mobile-7cd864fcdc-wzxr5,2,30
1781687065,gsm-10,osmo-stp-768687f494-p4z84,1,2
1781687065,gsm-10,ttcn3-tc-26-6-2-1-1-1-db6f7,1,6
1781687065,gsm-10,virtphy-65b766dcb8-fchgr,7,1
1781687067,gsm-10,msc-test-stub-5b875d749d-jn2kt,1,16
1781687067,gsm-10,osmo-bsc-594654bd47-z89vs,1,5
1781687067,gsm-10,osmo-bts-virtual-5f8b9b86fc-fnwmh,24,5
1781687067,gsm-10,osmo-hlr-546bdb8988-9cl9z,1,2
1781687067,gsm-10,osmo-mgw-8c8fc67d6-trx74,1,2
1781687067,gsm-10,osmo-mobile-7cd864fcdc-wzxr5,2,30
1781687067,gsm-10,osmo-stp-768687f494-p4z84,1,2
1781687067,gsm-10,ttcn3-tc-26-6-2-1-1-1-db6f7,1,6
1781687067,gsm-10,virtphy-65b766dcb8-fchgr,7,3
1781687073,gsm-10,msc-test-stub-5b875d749d-jn2kt,1,16
1781687073,gsm-10,osmo-bsc-594654bd47-z89vs,1,5
1781687073,gsm-10,osmo-bts-virtual-5f8b9b86fc-fnwmh,24,5
1781687073,gsm-10,osmo-hlr-546bdb8988-9cl9z,1,2
1781687073,gsm-10,osmo-mgw-8c8fc67d6-trx74,1,2
1781687073,gsm-10,osmo-mobile-7cd864fcdc-wzxr5,2,30
1781687073,gsm-10,osmo-stp-768687f494-p4z84,1,2
1781687073,gsm-10,ttcn3-tc-26-6-2-1-1-1-db6f7,1,6
1781687073,gsm-10,virtphy-65b766dcb8-fchgr,7,3
1781687075,gsm-10,msc-test-stub-5b875d749d-jn2kt,1,16
1781687075,gsm-10,osmo-bsc-594654bd47-z89vs,1,5
1781687075,gsm-10,osmo-bts-virtual-5f8b9b86fc-fnwmh,24,5
1781687075,gsm-10,osmo-hlr-546bdb8988-9cl9z,1,2
1781687075,gsm-10,osmo-mgw-8c8fc67d6-trx74,1,2
1781687075,gsm-10,osmo-mobile-7cd864fcdc-wzxr5,2,30
1781687075,gsm-10,osmo-stp-768687f494-p4z84,1,2
1781687075,gsm-10,ttcn3-tc-26-6-2-1-1-1-db6f7,1,6
1781687075,gsm-10,virtphy-65b766dcb8-fchgr,7,3
1781687078,gsm-10,msc-test-stub-5b875d749d-jn2kt,1,16
1781687078,gsm-10,osmo-bsc-594654bd47-z89vs,1,5
1781687078,gsm-10,osmo-bts-virtual-5f8b9b86fc-fnwmh,24,5
1781687078,gsm-10,osmo-hlr-546bdb8988-9cl9z,1,2
1781687078,gsm-10,osmo-mgw-8c8fc67d6-trx74,1,2
1781687078,gsm-10,osmo-mobile-7cd864fcdc-wzxr5,2,30
1781687078,gsm-10,osmo-stp-768687f494-p4z84,1,2
1781687078,gsm-10,ttcn3-tc-26-6-2-1-1-1-db6f7,1,6
1781687078,gsm-10,virtphy-65b766dcb8-fchgr,7,3
1781687080,gsm-10,msc-test-stub-5b875d749d-jn2kt,1,16
1781687080,gsm-10,osmo-bsc-594654bd47-z89vs,1,5
1781687080,gsm-10,osmo-bts-virtual-5f8b9b86fc-fnwmh,24,5
1781687080,gsm-10,osmo-hlr-546bdb8988-9cl9z,1,2
1781687080,gsm-10,osmo-mgw-8c8fc67d6-trx74,1,2
1781687080,gsm-10,osmo-mobile-7cd864fcdc-wzxr5,2,30
1781687080,gsm-10,osmo-stp-768687f494-p4z84,1,2
1781687080,gsm-10,ttcn3-tc-26-6-2-1-1-1-db6f7,1,6
1781687080,gsm-10,virtphy-65b766dcb8-fchgr,7,3
1781687083,gsm-10,msc-test-stub-5b875d749d-jn2kt,1,16
1781687083,gsm-10,osmo-bsc-594654bd47-z89vs,1,5
1781687083,gsm-10,osmo-bts-virtual-5f8b9b86fc-fnwmh,23,7
1781687083,gsm-10,osmo-hlr-546bdb8988-9cl9z,1,2
1781687083,gsm-10,osmo-mgw-8c8fc67d6-trx74,1,2
1781687083,gsm-10,osmo-mobile-7cd864fcdc-wzxr5,2,30
1781687083,gsm-10,osmo-stp-768687f494-p4z84,1,2
1781687083,gsm-10,ttcn3-tc-26-6-2-1-1-1-db6f7,1,6
1781687083,gsm-10,virtphy-65b766dcb8-fchgr,7,1
1781687086,gsm-10,msc-test-stub-5b875d749d-jn2kt,1,16
1781687086,gsm-10,osmo-bsc-594654bd47-z89vs,1,5
1781687086,gsm-10,osmo-bts-virtual-5f8b9b86fc-fnwmh,23,7
1781687086,gsm-10,osmo-hlr-546bdb8988-9cl9z,1,2
1781687086,gsm-10,osmo-mgw-8c8fc67d6-trx74,1,2
1781687086,gsm-10,osmo-mobile-7cd864fcdc-wzxr5,2,30
1781687086,gsm-10,osmo-stp-768687f494-p4z84,1,2
1781687086,gsm-10,ttcn3-tc-26-6-2-1-1-1-db6f7,1,6
1781687086,gsm-10,virtphy-65b766dcb8-fchgr,7,1
1781687089,gsm-10,msc-test-stub-5b875d749d-jn2kt,1,16
1781687089,gsm-10,osmo-bsc-594654bd47-z89vs,1,5
1781687089,gsm-10,osmo-bts-virtual-5f8b9b86fc-fnwmh,23,7
1781687089,gsm-10,osmo-hlr-546bdb8988-9cl9z,1,2
1781687089,gsm-10,osmo-mgw-8c8fc67d6-trx74,1,2
1781687089,gsm-10,osmo-mobile-7cd864fcdc-wzxr5,2,30
1781687089,gsm-10,osmo-stp-768687f494-p4z84,1,2
1781687089,gsm-10,ttcn3-tc-26-6-2-1-1-1-db6f7,1,6
1781687089,gsm-10,virtphy-65b766dcb8-fchgr,7,1
1781687092,gsm-10,msc-test-stub-5b875d749d-jn2kt,1,16
1781687092,gsm-10,osmo-bsc-594654bd47-z89vs,1,5
1781687092,gsm-10,osmo-bts-virtual-5f8b9b86fc-fnwmh,23,7
1781687092,gsm-10,osmo-hlr-546bdb8988-9cl9z,1,2
1781687092,gsm-10,osmo-mgw-8c8fc67d6-trx74,1,2
1781687092,gsm-10,osmo-mobile-7cd864fcdc-wzxr5,2,30
1781687092,gsm-10,osmo-stp-768687f494-p4z84,1,2
1781687092,gsm-10,ttcn3-tc-26-6-2-1-1-1-db6f7,1,6
1781687092,gsm-10,virtphy-65b766dcb8-fchgr,7,1
1781687095,gsm-10,msc-test-stub-5b875d749d-jn2kt,1,16
1781687095,gsm-10,osmo-bsc-594654bd47-z89vs,1,5
1781687095,gsm-10,osmo-bts-virtual-5f8b9b86fc-fnwmh,23,7
1781687095,gsm-10,osmo-hlr-546bdb8988-9cl9z,1,2
1781687095,gsm-10,osmo-mgw-8c8fc67d6-trx74,1,2
1781687095,gsm-10,osmo-mobile-7cd864fcdc-wzxr5,2,30
1781687095,gsm-10,osmo-stp-768687f494-p4z84,1,2
1781687095,gsm-10,ttcn3-tc-26-6-2-1-1-1-db6f7,1,6
1781687095,gsm-10,virtphy-65b766dcb8-fchgr,7,1
1781687098,gsm-10,msc-test-stub-5b875d749d-jn2kt,1,16
1781687098,gsm-10,osmo-bsc-594654bd47-z89vs,1,5
1781687098,gsm-10,osmo-bts-virtual-5f8b9b86fc-fnwmh,21,5
1781687098,gsm-10,osmo-hlr-546bdb8988-9cl9z,1,2
1781687098,gsm-10,osmo-mgw-8c8fc67d6-trx74,1,2
1781687098,gsm-10,osmo-mobile-7cd864fcdc-wzxr5,2,30
1781687098,gsm-10,osmo-stp-768687f494-p4z84,1,2
1781687098,gsm-10,ttcn3-tc-26-6-2-1-1-1-db6f7,1,6
1781687098,gsm-10,virtphy-65b766dcb8-fchgr,7,1
1781687102,gsm-10,msc-test-stub-5b875d749d-jn2kt,1,16
1781687102,gsm-10,osmo-bsc-594654bd47-z89vs,1,5
1781687102,gsm-10,osmo-bts-virtual-5f8b9b86fc-fnwmh,21,5
1781687102,gsm-10,osmo-hlr-546bdb8988-9cl9z,1,2
1781687102,gsm-10,osmo-mgw-8c8fc67d6-trx74,1,2
1781687102,gsm-10,osmo-mobile-7cd864fcdc-wzxr5,2,30
1781687102,gsm-10,osmo-stp-768687f494-p4z84,1,2
1781687102,gsm-10,ttcn3-tc-26-6-2-1-1-1-db6f7,1,6
1781687102,gsm-10,virtphy-65b766dcb8-fchgr,7,1
1781687104,gsm-10,msc-test-stub-5b875d749d-jn2kt,1,16
1781687104,gsm-10,osmo-bsc-594654bd47-z89vs,1,5
1781687104,gsm-10,osmo-bts-virtual-5f8b9b86fc-fnwmh,21,5
1781687104,gsm-10,osmo-hlr-546bdb8988-9cl9z,1,2
1781687104,gsm-10,osmo-mgw-8c8fc67d6-trx74,1,2
1781687104,gsm-10,osmo-mobile-7cd864fcdc-wzxr5,2,30
1781687104,gsm-10,osmo-stp-768687f494-p4z84,1,2
1781687104,gsm-10,ttcn3-tc-26-6-2-1-1-1-db6f7,1,6
1781687104,gsm-10,virtphy-65b766dcb8-fchgr,7,1
1781687107,gsm-10,msc-test-stub-5b875d749d-jn2kt,1,16
1781687107,gsm-10,osmo-bsc-594654bd47-z89vs,1,5
1781687107,gsm-10,osmo-bts-virtual-5f8b9b86fc-fnwmh,21,5
1781687107,gsm-10,osmo-hlr-546bdb8988-9cl9z,1,2
1781687107,gsm-10,osmo-mgw-8c8fc67d6-trx74,1,2
1781687107,gsm-10,osmo-mobile-7cd864fcdc-wzxr5,2,30
1781687107,gsm-10,osmo-stp-768687f494-p4z84,1,2
1781687107,gsm-10,ttcn3-tc-26-6-2-1-1-1-db6f7,1,6
1781687107,gsm-10,virtphy-65b766dcb8-fchgr,7,1
1781687109,gsm-10,msc-test-stub-5b875d749d-jn2kt,1,16
1781687109,gsm-10,osmo-bsc-594654bd47-z89vs,1,5
1781687109,gsm-10,osmo-bts-virtual-5f8b9b86fc-fnwmh,21,5
1781687109,gsm-10,osmo-hlr-546bdb8988-9cl9z,1,2
1781687109,gsm-10,osmo-mgw-8c8fc67d6-trx74,1,2
1781687109,gsm-10,osmo-mobile-7cd864fcdc-wzxr5,2,30
1781687109,gsm-10,osmo-stp-768687f494-p4z84,1,2
1781687109,gsm-10,ttcn3-tc-26-6-2-1-1-1-db6f7,1,6
1781687109,gsm-10,virtphy-65b766dcb8-fchgr,7,1
1781687111,gsm-10,msc-test-stub-5b875d749d-jn2kt,1,16
1781687111,gsm-10,osmo-bsc-594654bd47-z89vs,1,5
1781687111,gsm-10,osmo-bts-virtual-5f8b9b86fc-fnwmh,21,5
1781687111,gsm-10,osmo-hlr-546bdb8988-9cl9z,1,2
1781687111,gsm-10,osmo-mgw-8c8fc67d6-trx74,1,2
1781687111,gsm-10,osmo-mobile-7cd864fcdc-wzxr5,2,30
1781687111,gsm-10,osmo-stp-768687f494-p4z84,1,2
1781687111,gsm-10,ttcn3-tc-26-6-2-1-1-1-db6f7,1,6
1781687111,gsm-10,virtphy-65b766dcb8-fchgr,7,1
1781687114,gsm-10,msc-test-stub-5b875d749d-jn2kt,1,16
1781687114,gsm-10,osmo-bsc-594654bd47-z89vs,1,5
1781687114,gsm-10,osmo-bts-virtual-5f8b9b86fc-fnwmh,23,5
1781687114,gsm-10,osmo-hlr-546bdb8988-9cl9z,1,2
1781687114,gsm-10,osmo-mgw-8c8fc67d6-trx74,1,2
1781687114,gsm-10,osmo-mobile-7cd864fcdc-wzxr5,3,29
1781687114,gsm-10,osmo-stp-768687f494-p4z84,1,2
1781687114,gsm-10,ttcn3-tc-26-6-2-1-1-1-db6f7,1,6
1781687114,gsm-10,virtphy-65b766dcb8-fchgr,6,1
1781687116,gsm-10,msc-test-stub-5b875d749d-jn2kt,1,16
1781687116,gsm-10,osmo-bsc-594654bd47-z89vs,1,5
1781687116,gsm-10,osmo-bts-virtual-5f8b9b86fc-fnwmh,23,5
1781687116,gsm-10,osmo-hlr-546bdb8988-9cl9z,1,2
1781687116,gsm-10,osmo-mgw-8c8fc67d6-trx74,1,2
1781687116,gsm-10,osmo-mobile-7cd864fcdc-wzxr5,3,29
1781687116,gsm-10,osmo-stp-768687f494-p4z84,1,2
1781687116,gsm-10,ttcn3-tc-26-6-2-1-1-1-db6f7,1,6
1781687116,gsm-10,virtphy-65b766dcb8-fchgr,6,1
1781687119,gsm-10,msc-test-stub-5b875d749d-jn2kt,1,16
1781687119,gsm-10,osmo-bsc-594654bd47-z89vs,1,5
1781687119,gsm-10,osmo-bts-virtual-5f8b9b86fc-fnwmh,23,5
1781687119,gsm-10,osmo-hlr-546bdb8988-9cl9z,1,2
1781687119,gsm-10,osmo-mgw-8c8fc67d6-trx74,1,2
1781687119,gsm-10,osmo-mobile-7cd864fcdc-wzxr5,3,29
1781687119,gsm-10,osmo-stp-768687f494-p4z84,1,2
1781687119,gsm-10,ttcn3-tc-26-6-2-1-1-1-db6f7,1,6
1781687119,gsm-10,virtphy-65b766dcb8-fchgr,6,1
1781687121,gsm-10,msc-test-stub-5b875d749d-jn2kt,1,16
1781687121,gsm-10,osmo-bsc-594654bd47-z89vs,1,5
1781687121,gsm-10,osmo-bts-virtual-5f8b9b86fc-fnwmh,23,5
1781687121,gsm-10,osmo-hlr-546bdb8988-9cl9z,1,2
1781687121,gsm-10,osmo-mgw-8c8fc67d6-trx74,1,2
1781687121,gsm-10,osmo-mobile-7cd864fcdc-wzxr5,3,29
1781687121,gsm-10,osmo-stp-768687f494-p4z84,1,2
1781687121,gsm-10,ttcn3-tc-26-6-2-1-1-1-db6f7,1,6
1781687121,gsm-10,virtphy-65b766dcb8-fchgr,6,1
1781687124,gsm-10,msc-test-stub-5b875d749d-jn2kt,1,16
1781687124,gsm-10,osmo-bsc-594654bd47-z89vs,1,5
1781687124,gsm-10,osmo-bts-virtual-5f8b9b86fc-fnwmh,23,5
1781687124,gsm-10,osmo-hlr-546bdb8988-9cl9z,1,2
1781687124,gsm-10,osmo-mgw-8c8fc67d6-trx74,1,2
1781687124,gsm-10,osmo-mobile-7cd864fcdc-wzxr5,3,29
1781687124,gsm-10,osmo-stp-768687f494-p4z84,1,2
1781687124,gsm-10,virtphy-65b766dcb8-fchgr,6,1
1781687126,gsm-10,msc-test-stub-5b875d749d-jn2kt,1,16
1781687126,gsm-10,osmo-bsc-594654bd47-z89vs,1,5
1781687126,gsm-10,osmo-bts-virtual-5f8b9b86fc-fnwmh,23,5
1781687126,gsm-10,osmo-hlr-546bdb8988-9cl9z,1,2
1781687126,gsm-10,osmo-mgw-8c8fc67d6-trx74,1,2
1781687126,gsm-10,osmo-mobile-7cd864fcdc-wzxr5,3,29
1781687126,gsm-10,osmo-stp-768687f494-p4z84,1,2
1781687126,gsm-10,virtphy-65b766dcb8-fchgr,6,1
