2026/Jun/29 06:32:55.897513 EXECUTOR - TTCN-3 Main Test Component started on ttcn3-tc-26-6-5-2-5-1-9j7f7. Version: 11.1.0.
2026/Jun/29 06:32:55.897669 EXECUTOR - TTCN Logger v2.2 options: TimeStampFormat:=DateTime; LogEntityName:=No; LogEventTypes:=Yes; SourceInfoFormat:=Single; LogSensitiveData:=No; *.FileMask:=LOG_ALL; *.ConsoleMask:=ERROR | TESTCASE | USER | VERDICTOP | WARNING; LogFileSize:=0; LogFileNumber:=1; DiskFullAction:=Error
2026/Jun/29 06:32:55.897733 EXECUTOR - Connected to MC.
2026/Jun/29 06:32:55.897920 EXECUTOR - Executing test case TC_26_6_5_2_5 in module TC_26_6_5_2_5.
2026/Jun/29 06:32:55.898261 TESTCASE TC_26_6_5_2_5.ttcn3:57 Test case TC_26_6_5_2_5 started.
2026/Jun/29 06:32:55.898344 PARALLEL TC_26_6_5_2_5.ttcn3:57 Initializing variables, timers and ports of component type GSM_Component_Definitions.GSM_CT inside testcase TC_26_6_5_2_5.
2026/Jun/29 06:32:55.898689 USER TC_26_6_5_2_5.ttcn3:57 MSC_Port: set_parameter msc_stub_host = 10.42.0.229
2026/Jun/29 06:32:55.898715 USER TC_26_6_5_2_5.ttcn3:57 MSC_Port: set_parameter msc_stub_port = 5000
2026/Jun/29 06:32:55.898730 USER TC_26_6_5_2_5.ttcn3:57 L3_Port: set_parameter gsmtap_host = 127.0.0.1
2026/Jun/29 06:32:55.898745 USER TC_26_6_5_2_5.ttcn3:57 L3_Port: set_parameter gsmtap_port = 4729
2026/Jun/29 06:32:55.898752 USER TC_26_6_5_2_5.ttcn3:57 L3_Port: set_parameter local_port = 4729
2026/Jun/29 06:32:55.898756 USER TC_26_6_5_2_5.ttcn3:57 L3_Port: set_parameter ul_multicast_group = 239.193.23.2
2026/Jun/29 06:32:55.898761 USER TC_26_6_5_2_5.ttcn3:57 L3_Port: Will join UL multicast group 239.193.23.2 for RACH capture
2026/Jun/29 06:32:55.898765 USER TC_26_6_5_2_5.ttcn3:57 L3_Port: set_parameter arfcn = 51
2026/Jun/29 06:32:55.898850 USER TC_26_6_5_2_5.ttcn3:57 L3_Port: user_start called
2026/Jun/29 06:32:55.898867 PORTEVENT TC_26_6_5_2_5.ttcn3:57 Port L was started.
2026/Jun/29 06:32:55.898940 PORTEVENT TC_26_6_5_2_5.ttcn3:57 Port RR was started.
2026/Jun/29 06:32:55.898946 PORTEVENT TC_26_6_5_2_5.ttcn3:57 Port MM was started.
2026/Jun/29 06:32:55.898952 PORTEVENT TC_26_6_5_2_5.ttcn3:57 Port CC was started.
2026/Jun/29 06:32:55.898955 USER TC_26_6_5_2_5.ttcn3:57 MSC_Port: user_start called
2026/Jun/29 06:32:55.898960 PORTEVENT TC_26_6_5_2_5.ttcn3:57 Port MSC was started.
2026/Jun/29 06:32:55.898963 PORTEVENT TC_26_6_5_2_5.ttcn3:57 Port BSC was started.
2026/Jun/29 06:32:55.898966 PORTEVENT TC_26_6_5_2_5.ttcn3:57 Port RSL was started.
2026/Jun/29 06:32:55.898973 USER TC_26_6_5_2_5.ttcn3:57 VTY_PT: Starting
2026/Jun/29 06:32:55.898977 PORTEVENT TC_26_6_5_2_5.ttcn3:57 Port VTY was started.
2026/Jun/29 06:32:55.898983 PORTEVENT TC_26_6_5_2_5.ttcn3:57 Port COORD was started.
2026/Jun/29 06:32:55.898986 PARALLEL TC_26_6_5_2_5.ttcn3:57 Component type GSM_Component_Definitions.GSM_CT was initialized.
2026/Jun/29 06:32:55.899026 PARALLEL TC_26_6_5_2_5.ttcn3:87 Mapping port mtc:BSC to system:BSC.
2026/Jun/29 06:32:55.899092 USER TC_26_6_5_2_5.ttcn3:87 BSC_Port: Mapping to 10.42.0.233:5001
2026/Jun/29 06:32:55.899656 WARNING TC_26_6_5_2_5.ttcn3:87 Warning: The maximum number of open file descriptors (1048576) is greater than FD_SETSIZE (1024). Ensure that Test Ports using Install_Handler do not try to wait for events of file descriptors with values greater than FD_SETSIZE (1024). (Current caller of Install_Handler is "BSC")
2026/Jun/29 06:32:55.899702 USER TC_26_6_5_2_5.ttcn3:87 BSC_Port: Registered socket for async events
2026/Jun/29 06:32:55.899708 USER TC_26_6_5_2_5.ttcn3:87 BSC_Port: Connected successfully
2026/Jun/29 06:32:55.899719 PORTEVENT TC_26_6_5_2_5.ttcn3:87 Port BSC was mapped to system:BSC.
2026/Jun/29 06:32:55.899803 PARALLEL TC_26_6_5_2_5.ttcn3:87 Map operation of mtc:BSC to system:BSC finished.
2026/Jun/29 06:32:55.899851 PARALLEL TC_26_6_5_2_5.ttcn3:88 Mapping port mtc:MSC to system:MSC.
2026/Jun/29 06:32:55.899888 USER TC_26_6_5_2_5.ttcn3:88 MSC_Port: Mapping to MSC
2026/Jun/29 06:32:55.900194 USER TC_26_6_5_2_5.ttcn3:88 MSC_Port: Registered socket for async events
2026/Jun/29 06:32:55.900207 USER TC_26_6_5_2_5.ttcn3:88 MSC_Port: Connected to MSC stub at 10.42.0.229:5000
2026/Jun/29 06:32:55.900220 PORTEVENT TC_26_6_5_2_5.ttcn3:88 Port MSC was mapped to system:MSC.
2026/Jun/29 06:32:55.900259 PARALLEL TC_26_6_5_2_5.ttcn3:88 Map operation of mtc:MSC to system:MSC finished.
2026/Jun/29 06:32:55.900267 PARALLEL TC_26_6_5_2_5.ttcn3:89 Mapping port mtc:L to system:L.
2026/Jun/29 06:32:55.900288 USER TC_26_6_5_2_5.ttcn3:89 L3_Port: Mapping to L
2026/Jun/29 06:32:55.900348 USER TC_26_6_5_2_5.ttcn3:89 L3_Port: Joined UL multicast group 239.193.23.2 for RACH capture
2026/Jun/29 06:32:55.900358 USER TC_26_6_5_2_5.ttcn3:89 L3_Port: GSMTAP listening on port 4729
2026/Jun/29 06:32:55.900364 USER TC_26_6_5_2_5.ttcn3:89 L3_Port: Mapped successfully (GSMTAP: 127.0.0.1:4729)
2026/Jun/29 06:32:55.900374 PORTEVENT TC_26_6_5_2_5.ttcn3:89 Port L was mapped to system:L.
2026/Jun/29 06:32:55.900393 PARALLEL TC_26_6_5_2_5.ttcn3:89 Map operation of mtc:L to system:L finished.
2026/Jun/29 06:32:55.900398 PARALLEL TC_26_6_5_2_5.ttcn3:90 Mapping port mtc:VTY to system:VTY.
2026/Jun/29 06:32:55.900461 USER TC_26_6_5_2_5.ttcn3:90 VTY_PT: Mapping port to VTY interface
2026/Jun/29 06:32:55.901061 USER TC_26_6_5_2_5.ttcn3:90 VTY_PT: Connected to VTY at 10.43.10.121:4247
2026/Jun/29 06:32:56.401387 USER TC_26_6_5_2_5.ttcn3:90 VTY_PT: Initial banner received
2026/Jun/29 06:32:56.401452 PORTEVENT TC_26_6_5_2_5.ttcn3:90 Port VTY was mapped to system:VTY.
2026/Jun/29 06:32:56.401519 USER TC_26_6_5_2_5.ttcn3:90 BSC_Port: RX: {"event": "WELCOME", "data": {"status": "connected"}}
2026/Jun/29 06:32:56.401597 PORTEVENT TC_26_6_5_2_5.ttcn3:90 Message enqueued on BSC from system charstring : "{\"event\": \"WELCOME\", \"data\": {\"status\": \"connected\"}}" id 1
2026/Jun/29 06:32:56.401642 USER TC_26_6_5_2_5.ttcn3:90 BSC_Port: RX: {"event": "BTS_CONNECTED", "data": {"unit_id": "4242/0/0"}}
2026/Jun/29 06:32:56.401650 PORTEVENT TC_26_6_5_2_5.ttcn3:90 Message enqueued on BSC from system charstring : "{\"event\": \"BTS_CONNECTED\", \"data\": {\"unit_id\": \"4242/0/0\"}}" id 2
2026/Jun/29 06:32:56.401655 USER TC_26_6_5_2_5.ttcn3:90 BSC_Port: RX: {"event": "BTS_READY", "data": {"unit_id": "4242/0/0"}}
2026/Jun/29 06:32:56.401661 PORTEVENT TC_26_6_5_2_5.ttcn3:90 Message enqueued on BSC from system charstring : "{\"event\": \"BTS_READY\", \"data\": {\"unit_id\": \"4242/0/0\"}}" id 3
2026/Jun/29 06:32:56.401666 USER TC_26_6_5_2_5.ttcn3:90 BSC_Port: RX: {"event": "BTS_CONNECTED", "data": {"unit_id": "4248/0/0"}}
2026/Jun/29 06:32:56.401673 PORTEVENT TC_26_6_5_2_5.ttcn3:90 Message enqueued on BSC from system charstring : "{\"event\": \"BTS_CONNECTED\", \"data\": {\"unit_id\": \"4248/0/0\"}}" id 4
2026/Jun/29 06:32:56.401677 USER TC_26_6_5_2_5.ttcn3:90 BSC_Port: RX: {"event": "BTS_READY", "data": {"unit_id": "4248/0/0"}}
2026/Jun/29 06:32:56.401684 PORTEVENT TC_26_6_5_2_5.ttcn3:90 Message enqueued on BSC from system charstring : "{\"event\": \"BTS_READY\", \"data\": {\"unit_id\": \"4248/0/0\"}}" id 5
2026/Jun/29 06:32:56.401688 USER TC_26_6_5_2_5.ttcn3:90 BSC_Port: RX: {"event": "CHAN_RQD", "data": {"ra": 0, "frame_number": 388, "frame_number_encoded": 472, "unit_id": "4242/0/0"}}
2026/Jun/29 06:32:56.401697 PORTEVENT TC_26_6_5_2_5.ttcn3:90 Message enqueued on BSC from system charstring : "{\"event\": \"CHAN_RQD\", \"data\": {\"ra\": 0, \"frame_number\": 388, \"frame_number_encoded\": 472, \"unit_id\": \"4242/0/0\"}}" id 6
2026/Jun/29 06:32:56.401704 USER TC_26_6_5_2_5.ttcn3:90 BSC_Port: RX: {"event": "CHAN_RQD", "data": {"ra": 6, "frame_number": 601, "frame_number_encoded": 739, "unit_id": "4242/0/0"}}
2026/Jun/29 06:32:56.401713 PORTEVENT TC_26_6_5_2_5.ttcn3:90 Message enqueued on BSC from system charstring : "{\"event\": \"CHAN_RQD\", \"data\": {\"ra\": 6, \"frame_number\": 601, \"frame_number_encoded\": 739, \"unit_id\": \"4242/0/0\"}}" id 7
2026/Jun/29 06:32:56.401717 USER TC_26_6_5_2_5.ttcn3:90 BSC_Port: RX: {"event": "CHAN_RQD", "data": {"ra": 9, "frame_number": 595, "frame_number_encoded": 727, "unit_id": "4242/0/0"}}
2026/Jun/29 06:32:56.401726 PORTEVENT TC_26_6_5_2_5.ttcn3:90 Message enqueued on BSC from system charstring : "{\"event\": \"CHAN_RQD\", \"data\": {\"ra\": 9, \"frame_number\": 595, \"frame_number_encoded\": 727, \"unit_id\": \"4242/0/0\"}}" id 8
2026/Jun/29 06:32:56.401736 USER TC_26_6_5_2_5.ttcn3:90 BSC_Port: RX: {"event": "CHAN_RQD", "data": {"ra": 8, "frame_number": 1889, "frame_number_encoded": 2737, "unit_id": "4242/0/0"}}
2026/Jun/29 06:32:56.401745 PORTEVENT TC_26_6_5_2_5.ttcn3:90 Message enqueued on BSC from system charstring : "{\"event\": \"CHAN_RQD\", \"data\": {\"ra\": 8, \"frame_number\": 1889, \"frame_number_encoded\": 2737, \"unit_id\": \"4242/0/0\"}}" id 9
2026/Jun/29 06:32:56.401749 USER TC_26_6_5_2_5.ttcn3:90 BSC_Port: RX: {"event": "CHAN_RQD", "data": {"ra": 4, "frame_number": 2046, "frame_number_encoded": 2930, "unit_id": "4242/0/0"}}
2026/Jun/29 06:32:56.401757 PORTEVENT TC_26_6_5_2_5.ttcn3:90 Message enqueued on BSC from system charstring : "{\"event\": \"CHAN_RQD\", \"data\": {\"ra\": 4, \"frame_number\": 2046, \"frame_number_encoded\": 2930, \"unit_id\": \"4242/0/0\"}}" id 10
2026/Jun/29 06:32:56.401761 USER TC_26_6_5_2_5.ttcn3:90 BSC_Port: RX: {"event": "CHAN_RQD", "data": {"ra": 6, "frame_number": 1933, "frame_number_encoded": 2793, "unit_id": "4242/0/0"}}
2026/Jun/29 06:32:56.401768 PORTEVENT TC_26_6_5_2_5.ttcn3:90 Message enqueued on BSC from system charstring : "{\"event\": \"CHAN_RQD\", \"data\": {\"ra\": 6, \"frame_number\": 1933, \"frame_number_encoded\": 2793, \"unit_id\": \"4242/0/0\"}}" id 11
2026/Jun/29 06:32:56.401775 USER TC_26_6_5_2_5.ttcn3:90 BSC_Port: RX: {"event": "CHAN_RQD", "data": {"ra": 12, "frame_number": 2063, "frame_number_encoded": 2953, "unit_id": "4242/0/0"}}
2026/Jun/29 06:32:56.401782 PORTEVENT TC_26_6_5_2_5.ttcn3:90 Message enqueued on BSC from system charstring : "{\"event\": \"CHAN_RQD\", \"data\": {\"ra\": 12, \"frame_number\": 2063, \"frame_number_encoded\": 2953, \"unit_id\": \"4242/0/0\"}}" id 12
2026/Jun/29 06:32:56.401786 USER TC_26_6_5_2_5.ttcn3:90 BSC_Port: RX: {"event": "CHAN_RQD", "data": {"ra": 3, "frame_number": 1949, "frame_number_encoded": 2809, "unit_id": "4242/0/0"}}
2026/Jun/29 06:32:56.401793 PORTEVENT TC_26_6_5_2_5.ttcn3:90 Message enqueued on BSC from system charstring : "{\"event\": \"CHAN_RQD\", \"data\": {\"ra\": 3, \"frame_number\": 1949, \"frame_number_encoded\": 2809, \"unit_id\": \"4242/0/0\"}}" id 13
2026/Jun/29 06:32:56.401797 USER TC_26_6_5_2_5.ttcn3:90 BSC_Port: RX: {"event": "CHAN_RQD", "data": {"ra": 2, "frame_number": 7137, "frame_number_encoded": 10861, "unit_id": "4242/0/0"}}
2026/Jun/29 06:32:56.401804 PORTEVENT TC_26_6_5_2_5.ttcn3:90 Message enqueued on BSC from system charstring : "{\"event\": \"CHAN_RQD\", \"data\": {\"ra\": 2, \"frame_number\": 7137, \"frame_number_encoded\": 10861, \"unit_id\": \"4242/0/0\"}}" id 14
2026/Jun/29 06:32:56.401808 USER TC_26_6_5_2_5.ttcn3:90 BSC_Port: RX: {"event": "CHAN_RQD", "data": {"ra": 5, "frame_number": 7294, "frame_number_encoded": 11054, "unit_id": "4242/0/0"}}
2026/Jun/29 06:32:56.401815 PORTEVENT TC_26_6_5_2_5.ttcn3:90 Message enqueued on BSC from system charstring : "{\"event\": \"CHAN_RQD\", \"data\": {\"ra\": 5, \"frame_number\": 7294, \"frame_number_encoded\": 11054, \"unit_id\": \"4242/0/0\"}}" id 15
2026/Jun/29 06:32:56.401819 USER TC_26_6_5_2_5.ttcn3:90 BSC_Port: RX: {"event": "CHAN_RQD", "data": {"ra": 6, "frame_number": 7181, "frame_number_encoded": 10917, "unit_id": "4242/0/0"}}
2026/Jun/29 06:32:56.401842 PORTEVENT TC_26_6_5_2_5.ttcn3:90 Message enqueued on BSC from system charstring : "{\"event\": \"CHAN_RQD\", \"data\": {\"ra\": 6, \"frame_number\": 7181, \"frame_number_encoded\": 10917, \"unit_id\": \"4242/0/0\"}}" id 16
2026/Jun/29 06:32:56.401846 USER TC_26_6_5_2_5.ttcn3:90 BSC_Port: RX: {"event": "CHAN_RQD", "data": {"ra": 11, "frame_number": 7419, "frame_number_encoded": 11209, "unit_id": "4242/0/0"}}
2026/Jun/29 06:32:56.401853 PORTEVENT TC_26_6_5_2_5.ttcn3:90 Message enqueued on BSC from system charstring : "{\"event\": \"CHAN_RQD\", \"data\": {\"ra\": 11, \"frame_number\": 7419, \"frame_number_encoded\": 11209, \"unit_id\": \"4242/0/0\"}}" id 17
2026/Jun/29 06:32:56.401857 USER TC_26_6_5_2_5.ttcn3:90 BSC_Port: RX: {"event": "CHAN_RQD", "data": {"ra": 4, "frame_number": 8523, "frame_number_encoded": 12981, "unit_id": "4242/0/0"}}
2026/Jun/29 06:32:56.401867 PORTEVENT TC_26_6_5_2_5.ttcn3:90 Message enqueued on BSC from system charstring : "{\"event\": \"CHAN_RQD\", \"data\": {\"ra\": 4, \"frame_number\": 8523, \"frame_number_encoded\": 12981, \"unit_id\": \"4242/0/0\"}}" id 18
2026/Jun/29 06:32:56.401871 USER TC_26_6_5_2_5.ttcn3:90 BSC_Port: RX: {"event": "CHAN_RQD", "data": {"ra": 10, "frame_number": 8626, "frame_number_encoded": 13108, "unit_id": "4242/0/0"}}
2026/Jun/29 06:32:56.401878 PORTEVENT TC_26_6_5_2_5.ttcn3:90 Message enqueued on BSC from system charstring : "{\"event\": \"CHAN_RQD\", \"data\": {\"ra\": 10, \"frame_number\": 8626, \"frame_number_encoded\": 13108, \"unit_id\": \"4242/0/0\"}}" id 19
2026/Jun/29 06:32:56.401882 USER TC_26_6_5_2_5.ttcn3:90 BSC_Port: RX: {"event": "CHAN_RQD", "data": {"ra": 7, "frame_number": 8648, "frame_number_encoded": 13136, "unit_id": "4242/0/0"}}
2026/Jun/29 06:32:56.401891 PORTEVENT TC_26_6_5_2_5.ttcn3:90 Message enqueued on BSC from system charstring : "{\"event\": \"CHAN_RQD\", \"data\": {\"ra\": 7, \"frame_number\": 8648, \"frame_number_encoded\": 13136, \"unit_id\": \"4242/0/0\"}}" id 20
2026/Jun/29 06:32:56.401895 USER TC_26_6_5_2_5.ttcn3:90 BSC_Port: RX: {"event": "CHAN_RQD", "data": {"ra": 12, "frame_number": 8508, "frame_number_encoded": 12966, "unit_id": "4242/0/0"}}
2026/Jun/29 06:32:56.401902 PORTEVENT TC_26_6_5_2_5.ttcn3:90 Message enqueued on BSC from system charstring : "{\"event\": \"CHAN_RQD\", \"data\": {\"ra\": 12, \"frame_number\": 8508, \"frame_number_encoded\": 12966, \"unit_id\": \"4242/0/0\"}}" id 21
2026/Jun/29 06:32:56.401905 USER TC_26_6_5_2_5.ttcn3:90 BSC_Port: RX: {"event": "CHAN_RQD", "data": {"ra": 9, "frame_number": 12586, "frame_number_encoded": 19234, "unit_id": "4242/0/0"}}
2026/Jun/29 06:32:56.401912 PORTEVENT TC_26_6_5_2_5.ttcn3:90 Message enqueued on BSC from system charstring : "{\"event\": \"CHAN_RQD\", \"data\": {\"ra\": 9, \"frame_number\": 12586, \"frame_number_encoded\": 19234, \"unit_id\": \"4242/0/0\"}}" id 22
2026/Jun/29 06:32:56.401916 USER TC_26_6_5_2_5.ttcn3:90 BSC_Port: RX: {"event": "CHAN_RQD", "data": {"ra": 3, "frame_number": 13960, "frame_number_encoded": 21336, "unit_id": "4242/0/0"}}
2026/Jun/29 06:32:56.401923 PORTEVENT TC_26_6_5_2_5.ttcn3:90 Message enqueued on BSC from system charstring : "{\"event\": \"CHAN_RQD\", \"data\": {\"ra\": 3, \"frame_number\": 13960, \"frame_number_encoded\": 21336, \"unit_id\": \"4242/0/0\"}}" id 23
2026/Jun/29 06:32:56.401927 USER TC_26_6_5_2_5.ttcn3:90 BSC_Port: RX: {"event": "CHAN_RQD", "data": {"ra": 8, "frame_number": 13928, "frame_number_encoded": 21298, "unit_id": "4242/0/0"}}
2026/Jun/29 06:32:56.401933 PORTEVENT TC_26_6_5_2_5.ttcn3:90 Message enqueued on BSC from system charstring : "{\"event\": \"CHAN_RQD\", \"data\": {\"ra\": 8, \"frame_number\": 13928, \"frame_number_encoded\": 21298, \"unit_id\": \"4242/0/0\"}}" id 24
2026/Jun/29 06:32:56.401937 USER TC_26_6_5_2_5.ttcn3:90 BSC_Port: RX: {"event": "CHAN_RQD", "data": {"ra": 15, "frame_number": 13842, "frame_number_encoded": 21194, "unit_id": "4242/0/0"}}
2026/Jun/29 06:32:56.401944 PORTEVENT TC_26_6_5_2_5.ttcn3:90 Message enqueued on BSC from system charstring : "{\"event\": \"CHAN_RQD\", \"data\": {\"ra\": 15, \"frame_number\": 13842, \"frame_number_encoded\": 21194, \"unit_id\": \"4242/0/0\"}}" id 25
2026/Jun/29 06:32:56.401947 USER TC_26_6_5_2_5.ttcn3:90 BSC_Port: RX: {"event": "CHAN_RQD", "data": {"ra": 10, "frame_number": 14053, "frame_number_encoded": 21453, "unit_id": "4242/0/0"}}
2026/Jun/29 06:32:56.401954 PORTEVENT TC_26_6_5_2_5.ttcn3:90 Message enqueued on BSC from system charstring : "{\"event\": \"CHAN_RQD\", \"data\": {\"ra\": 10, \"frame_number\": 14053, \"frame_number_encoded\": 21453, \"unit_id\": \"4242/0/0\"}}" id 26
2026/Jun/29 06:32:56.401958 USER TC_26_6_5_2_5.ttcn3:90 BSC_Port: RX: {"event": "CHAN_RQD", "data": {"ra": 13, "frame_number": 13886, "frame_number_encoded": 21250, "unit_id": "4242/0/0"}}
2026/Jun/29 06:32:56.401968 PORTEVENT TC_26_6_5_2_5.ttcn3:90 Message enqueued on BSC from system charstring : "{\"event\": \"CHAN_RQD\", \"data\": {\"ra\": 13, \"frame_number\": 13886, \"frame_number_encoded\": 21250, \"unit_id\": \"4242/0/0\"}}" id 27
2026/Jun/29 06:32:56.401973 USER TC_26_6_5_2_5.ttcn3:90 BSC_Port: RX: {"event": "CHAN_RQD", "data": {"ra": 7, "frame_number": 15315, "frame_number_encoded": 23425, "unit_id": "4242/0/0"}}
2026/Jun/29 06:32:56.401979 PORTEVENT TC_26_6_5_2_5.ttcn3:90 Message enqueued on BSC from system charstring : "{\"event\": \"CHAN_RQD\", \"data\": {\"ra\": 7, \"frame_number\": 15315, \"frame_number_encoded\": 23425, \"unit_id\": \"4242/0/0\"}}" id 28
2026/Jun/29 06:32:56.401983 USER TC_26_6_5_2_5.ttcn3:90 BSC_Port: RX: {"event": "CHAN_RQD", "data": {"ra": 1, "frame_number": 15363, "frame_number_encoded": 23479, "unit_id": "4242/0/0"}}
2026/Jun/29 06:32:56.401992 PORTEVENT TC_26_6_5_2_5.ttcn3:90 Message enqueued on BSC from system charstring : "{\"event\": \"CHAN_RQD\", \"data\": {\"ra\": 1, \"frame_number\": 15363, \"frame_number_encoded\": 23479, \"unit_id\": \"4242/0/0\"}}" id 29
2026/Jun/29 06:32:56.401996 USER TC_26_6_5_2_5.ttcn3:90 BSC_Port: RX: {"event": "CHAN_RQD", "data": {"ra": 0, "frame_number": 18982, "frame_number_encoded": 29186, "unit_id": "4242/0/0"}}
2026/Jun/29 06:32:56.402003 PORTEVENT TC_26_6_5_2_5.ttcn3:90 Message enqueued on BSC from system charstring : "{\"event\": \"CHAN_RQD\", \"data\": {\"ra\": 0, \"frame_number\": 18982, \"frame_number_encoded\": 29186, \"unit_id\": \"4242/0/0\"}}" id 30
2026/Jun/29 06:32:56.402006 USER TC_26_6_5_2_5.ttcn3:90 BSC_Port: RX: {"event": "CHAN_RQD", "data": {"ra": 13, "frame_number": 19383, "frame_number_encoded": 29677, "unit_id": "4242/0/0"}}
2026/Jun/29 06:32:56.402013 PORTEVENT TC_26_6_5_2_5.ttcn3:90 Message enqueued on BSC from system charstring : "{\"event\": \"CHAN_RQD\", \"data\": {\"ra\": 13, \"frame_number\": 19383, \"frame_number_encoded\": 29677, \"unit_id\": \"4242/0/0\"}}" id 31
2026/Jun/29 06:32:56.402017 USER TC_26_6_5_2_5.ttcn3:90 BSC_Port: RX: {"event": "CHAN_RQD", "data": {"ra": 7, "frame_number": 19134, "frame_number_encoded": 29368, "unit_id": "4242/0/0"}}
2026/Jun/29 06:32:56.402024 PORTEVENT TC_26_6_5_2_5.ttcn3:90 Message enqueued on BSC from system charstring : "{\"event\": \"CHAN_RQD\", \"data\": {\"ra\": 7, \"frame_number\": 19134, \"frame_number_encoded\": 29368, \"unit_id\": \"4242/0/0\"}}" id 32
2026/Jun/29 06:32:56.402028 USER TC_26_6_5_2_5.ttcn3:90 BSC_Port: RX: {"event": "CHAN_RQD", "data": {"ra": 12, "frame_number": 20618, "frame_number_encoded": 31616, "unit_id": "4242/0/0"}}
2026/Jun/29 06:32:56.402034 PORTEVENT TC_26_6_5_2_5.ttcn3:90 Message enqueued on BSC from system charstring : "{\"event\": \"CHAN_RQD\", \"data\": {\"ra\": 12, \"frame_number\": 20618, \"frame_number_encoded\": 31616, \"unit_id\": \"4242/0/0\"}}" id 33
2026/Jun/29 06:32:56.402038 USER TC_26_6_5_2_5.ttcn3:90 BSC_Port: RX: {"event": "CHAN_RQD", "data": {"ra": 0, "frame_number": 20531, "frame_number_encoded": 31505, "unit_id": "4242/0/0"}}
2026/Jun/29 06:32:56.402045 PORTEVENT TC_26_6_5_2_5.ttcn3:90 Message enqueued on BSC from system charstring : "{\"event\": \"CHAN_RQD\", \"data\": {\"ra\": 0, \"frame_number\": 20531, \"frame_number_encoded\": 31505, \"unit_id\": \"4242/0/0\"}}" id 34
2026/Jun/29 06:32:56.402049 USER TC_26_6_5_2_5.ttcn3:90 BSC_Port: RX: {"event": "CHAN_RQD", "data": {"ra": 13, "frame_number": 20418, "frame_number_encoded": 31368, "unit_id": "4242/0/0"}}
2026/Jun/29 06:32:56.402055 PORTEVENT TC_26_6_5_2_5.ttcn3:90 Message enqueued on BSC from system charstring : "{\"event\": \"CHAN_RQD\", \"data\": {\"ra\": 13, \"frame_number\": 20418, \"frame_number_encoded\": 31368, \"unit_id\": \"4242/0/0\"}}" id 35
2026/Jun/29 06:32:56.402059 USER TC_26_6_5_2_5.ttcn3:90 BSC_Port: RX: {"event": "CHAN_RQD", "data": {"ra": 5, "frame_number": 20413, "frame_number_encoded": 31363, "unit_id": "4242/0/0"}}
2026/Jun/29 06:32:56.402066 PORTEVENT TC_26_6_5_2_5.ttcn3:90 Message enqueued on BSC from system charstring : "{\"event\": \"CHAN_RQD\", \"data\": {\"ra\": 5, \"frame_number\": 20413, \"frame_number_encoded\": 31363, \"unit_id\": \"4242/0/0\"}}" id 36
2026/Jun/29 06:32:56.402073 USER TC_26_6_5_2_5.ttcn3:90 BSC_Port: RX: {"event": "CHAN_RQD", "data": {"ra": 4, "frame_number": 20516, "frame_number_encoded": 31490, "unit_id": "4242/0/0"}}
2026/Jun/29 06:32:56.402080 PORTEVENT TC_26_6_5_2_5.ttcn3:90 Message enqueued on BSC from system charstring : "{\"event\": \"CHAN_RQD\", \"data\": {\"ra\": 4, \"frame_number\": 20516, \"frame_number_encoded\": 31490, \"unit_id\": \"4242/0/0\"}}" id 37
2026/Jun/29 06:32:56.402123 USER TC_26_6_5_2_5.ttcn3:90 MSC_Port: RX: {"type": "WELCOME", "status": "connected"}
2026/Jun/29 06:32:56.402137 PORTEVENT TC_26_6_5_2_5.ttcn3:90 Message enqueued on MSC from system charstring : "{\"type\": \"WELCOME\", \"status\": \"connected\"}" id 1
2026/Jun/29 06:32:56.402145 PARALLEL TC_26_6_5_2_5.ttcn3:90 Map operation of mtc:VTY to system:VTY finished.
2026/Jun/29 06:32:56.402174 TIMEROP TC_26_6_5_2_5.ttcn3:92 Start timer T_guard: 300 s
2026/Jun/29 06:32:56.402239 USER TC_26_6_5_2_5.ttcn3:94 ==========================================================
2026/Jun/29 06:32:56.402245 USER TC_26_6_5_2_5.ttcn3:95 *** TC_26_6_5_2_5: Non-sync Handover TCH/F -> TCH/H + L3 Retransmit ***
2026/Jun/29 06:32:56.402252 USER TC_26_6_5_2_5.ttcn3:96 "*** Reference: GSM 04.08 " & char(0, 0, 0, 167) & " 26.6.5.2.5 ***"
2026/Jun/29 06:32:56.402271 USER TC_26_6_5_2_5.ttcn3:97 *** FH-SKIP: C_Test_fh=1 in spec; using h=0 (non-FH) adaptation ***
2026/Jun/29 06:32:56.402275 USER TC_26_6_5_2_5.ttcn3:98 *** INFRA_LIMIT-2: L2 ack withhold not available; N(SD) check best-effort ***
2026/Jun/29 06:32:56.402278 USER TC_26_6_5_2_5.ttcn3:99 *** Two-cell handover: ARFCN 51 TCH/F -> ARFCN 56 TCH/H (n56 BTS) ***
2026/Jun/29 06:32:56.402282 USER TC_26_6_5_2_5.ttcn3:100 ==========================================================
2026/Jun/29 06:32:56.402310 PORTEVENT TC_26_6_5_2_5.ttcn3:103 Sent on BSC to system charstring : "{\"command\": \"SET_AUTO_RESPOND\", \"enabled\": false}"
2026/Jun/29 06:32:56.402440 USER TC_26_6_5_2_5.ttcn3:103 BSC_Port: TX: {"command": "SET_AUTO_RESPOND", "enabled": false}
2026/Jun/29 06:32:56.402458 TIMEROP TC_26_6_5_2_5.ttcn3:105 Start timer T_ack: 3 s
2026/Jun/29 06:32:56.402502 PORTEVENT TC_26_6_5_2_5.ttcn3:107 Receive operation on port BSC succeeded, message from system(): charstring : "{\"event\": \"WELCOME\", \"data\": {\"status\": \"connected\"}}" id 1
2026/Jun/29 06:32:56.402538 PORTEVENT TC_26_6_5_2_5.ttcn3:107 Message with id 1 was extracted from the queue of BSC.
2026/Jun/29 06:32:56.402686 PORTEVENT TC_26_6_5_2_5.ttcn3:107 Receive operation on port BSC succeeded, message from system(): charstring : "{\"event\": \"BTS_CONNECTED\", \"data\": {\"unit_id\": \"4242/0/0\"}}" id 2
2026/Jun/29 06:32:56.402692 PORTEVENT TC_26_6_5_2_5.ttcn3:107 Message with id 2 was extracted from the queue of BSC.
2026/Jun/29 06:32:56.402715 PORTEVENT TC_26_6_5_2_5.ttcn3:107 Receive operation on port BSC succeeded, message from system(): charstring : "{\"event\": \"BTS_READY\", \"data\": {\"unit_id\": \"4242/0/0\"}}" id 3
2026/Jun/29 06:32:56.402719 PORTEVENT TC_26_6_5_2_5.ttcn3:107 Message with id 3 was extracted from the queue of BSC.
2026/Jun/29 06:32:56.402767 PORTEVENT TC_26_6_5_2_5.ttcn3:107 Receive operation on port BSC succeeded, message from system(): charstring : "{\"event\": \"BTS_CONNECTED\", \"data\": {\"unit_id\": \"4248/0/0\"}}" id 4
2026/Jun/29 06:32:56.402772 PORTEVENT TC_26_6_5_2_5.ttcn3:107 Message with id 4 was extracted from the queue of BSC.
2026/Jun/29 06:32:56.402796 PORTEVENT TC_26_6_5_2_5.ttcn3:107 Receive operation on port BSC succeeded, message from system(): charstring : "{\"event\": \"BTS_READY\", \"data\": {\"unit_id\": \"4248/0/0\"}}" id 5
2026/Jun/29 06:32:56.402800 PORTEVENT TC_26_6_5_2_5.ttcn3:107 Message with id 5 was extracted from the queue of BSC.
2026/Jun/29 06:32:56.402832 PORTEVENT TC_26_6_5_2_5.ttcn3:107 Receive operation on port BSC succeeded, message from system(): charstring : "{\"event\": \"CHAN_RQD\", \"data\": {\"ra\": 0, \"frame_number\": 388, \"frame_number_encoded\": 472, \"unit_id\": \"4242/0/0\"}}" id 6
2026/Jun/29 06:32:56.402845 PORTEVENT TC_26_6_5_2_5.ttcn3:107 Message with id 6 was extracted from the queue of BSC.
2026/Jun/29 06:32:56.402875 PORTEVENT TC_26_6_5_2_5.ttcn3:107 Receive operation on port BSC succeeded, message from system(): charstring : "{\"event\": \"CHAN_RQD\", \"data\": {\"ra\": 6, \"frame_number\": 601, \"frame_number_encoded\": 739, \"unit_id\": \"4242/0/0\"}}" id 7
2026/Jun/29 06:32:56.402879 PORTEVENT TC_26_6_5_2_5.ttcn3:107 Message with id 7 was extracted from the queue of BSC.
2026/Jun/29 06:32:56.402907 PORTEVENT TC_26_6_5_2_5.ttcn3:107 Receive operation on port BSC succeeded, message from system(): charstring : "{\"event\": \"CHAN_RQD\", \"data\": {\"ra\": 9, \"frame_number\": 595, \"frame_number_encoded\": 727, \"unit_id\": \"4242/0/0\"}}" id 8
2026/Jun/29 06:32:56.402911 PORTEVENT TC_26_6_5_2_5.ttcn3:107 Message with id 8 was extracted from the queue of BSC.
2026/Jun/29 06:32:56.402938 PORTEVENT TC_26_6_5_2_5.ttcn3:107 Receive operation on port BSC succeeded, message from system(): charstring : "{\"event\": \"CHAN_RQD\", \"data\": {\"ra\": 8, \"frame_number\": 1889, \"frame_number_encoded\": 2737, \"unit_id\": \"4242/0/0\"}}" id 9
2026/Jun/29 06:32:56.402942 PORTEVENT TC_26_6_5_2_5.ttcn3:107 Message with id 9 was extracted from the queue of BSC.
2026/Jun/29 06:32:56.402968 PORTEVENT TC_26_6_5_2_5.ttcn3:107 Receive operation on port BSC succeeded, message from system(): charstring : "{\"event\": \"CHAN_RQD\", \"data\": {\"ra\": 4, \"frame_number\": 2046, \"frame_number_encoded\": 2930, \"unit_id\": \"4242/0/0\"}}" id 10
2026/Jun/29 06:32:56.402972 PORTEVENT TC_26_6_5_2_5.ttcn3:107 Message with id 10 was extracted from the queue of BSC.
2026/Jun/29 06:32:56.402998 PORTEVENT TC_26_6_5_2_5.ttcn3:107 Receive operation on port BSC succeeded, message from system(): charstring : "{\"event\": \"CHAN_RQD\", \"data\": {\"ra\": 6, \"frame_number\": 1933, \"frame_number_encoded\": 2793, \"unit_id\": \"4242/0/0\"}}" id 11
2026/Jun/29 06:32:56.403002 PORTEVENT TC_26_6_5_2_5.ttcn3:107 Message with id 11 was extracted from the queue of BSC.
2026/Jun/29 06:32:56.403029 PORTEVENT TC_26_6_5_2_5.ttcn3:107 Receive operation on port BSC succeeded, message from system(): charstring : "{\"event\": \"CHAN_RQD\", \"data\": {\"ra\": 12, \"frame_number\": 2063, \"frame_number_encoded\": 2953, \"unit_id\": \"4242/0/0\"}}" id 12
2026/Jun/29 06:32:56.403033 PORTEVENT TC_26_6_5_2_5.ttcn3:107 Message with id 12 was extracted from the queue of BSC.
2026/Jun/29 06:32:56.403060 PORTEVENT TC_26_6_5_2_5.ttcn3:107 Receive operation on port BSC succeeded, message from system(): charstring : "{\"event\": \"CHAN_RQD\", \"data\": {\"ra\": 3, \"frame_number\": 1949, \"frame_number_encoded\": 2809, \"unit_id\": \"4242/0/0\"}}" id 13
2026/Jun/29 06:32:56.403064 PORTEVENT TC_26_6_5_2_5.ttcn3:107 Message with id 13 was extracted from the queue of BSC.
2026/Jun/29 06:32:56.403090 PORTEVENT TC_26_6_5_2_5.ttcn3:107 Receive operation on port BSC succeeded, message from system(): charstring : "{\"event\": \"CHAN_RQD\", \"data\": {\"ra\": 2, \"frame_number\": 7137, \"frame_number_encoded\": 10861, \"unit_id\": \"4242/0/0\"}}" id 14
2026/Jun/29 06:32:56.403094 PORTEVENT TC_26_6_5_2_5.ttcn3:107 Message with id 14 was extracted from the queue of BSC.
2026/Jun/29 06:32:56.403120 PORTEVENT TC_26_6_5_2_5.ttcn3:107 Receive operation on port BSC succeeded, message from system(): charstring : "{\"event\": \"CHAN_RQD\", \"data\": {\"ra\": 5, \"frame_number\": 7294, \"frame_number_encoded\": 11054, \"unit_id\": \"4242/0/0\"}}" id 15
2026/Jun/29 06:32:56.403124 PORTEVENT TC_26_6_5_2_5.ttcn3:107 Message with id 15 was extracted from the queue of BSC.
2026/Jun/29 06:32:56.403150 PORTEVENT TC_26_6_5_2_5.ttcn3:107 Receive operation on port BSC succeeded, message from system(): charstring : "{\"event\": \"CHAN_RQD\", \"data\": {\"ra\": 6, \"frame_number\": 7181, \"frame_number_encoded\": 10917, \"unit_id\": \"4242/0/0\"}}" id 16
2026/Jun/29 06:32:56.403158 PORTEVENT TC_26_6_5_2_5.ttcn3:107 Message with id 16 was extracted from the queue of BSC.
2026/Jun/29 06:32:56.403184 PORTEVENT TC_26_6_5_2_5.ttcn3:107 Receive operation on port BSC succeeded, message from system(): charstring : "{\"event\": \"CHAN_RQD\", \"data\": {\"ra\": 11, \"frame_number\": 7419, \"frame_number_encoded\": 11209, \"unit_id\": \"4242/0/0\"}}" id 17
2026/Jun/29 06:32:56.403188 PORTEVENT TC_26_6_5_2_5.ttcn3:107 Message with id 17 was extracted from the queue of BSC.
2026/Jun/29 06:32:56.403213 PORTEVENT TC_26_6_5_2_5.ttcn3:107 Receive operation on port BSC succeeded, message from system(): charstring : "{\"event\": \"CHAN_RQD\", \"data\": {\"ra\": 4, \"frame_number\": 8523, \"frame_number_encoded\": 12981, \"unit_id\": \"4242/0/0\"}}" id 18
2026/Jun/29 06:32:56.403216 PORTEVENT TC_26_6_5_2_5.ttcn3:107 Message with id 18 was extracted from the queue of BSC.
2026/Jun/29 06:32:56.403242 PORTEVENT TC_26_6_5_2_5.ttcn3:107 Receive operation on port BSC succeeded, message from system(): charstring : "{\"event\": \"CHAN_RQD\", \"data\": {\"ra\": 10, \"frame_number\": 8626, \"frame_number_encoded\": 13108, \"unit_id\": \"4242/0/0\"}}" id 19
2026/Jun/29 06:32:56.403246 PORTEVENT TC_26_6_5_2_5.ttcn3:107 Message with id 19 was extracted from the queue of BSC.
2026/Jun/29 06:32:56.403272 PORTEVENT TC_26_6_5_2_5.ttcn3:107 Receive operation on port BSC succeeded, message from system(): charstring : "{\"event\": \"CHAN_RQD\", \"data\": {\"ra\": 7, \"frame_number\": 8648, \"frame_number_encoded\": 13136, \"unit_id\": \"4242/0/0\"}}" id 20
2026/Jun/29 06:32:56.403276 PORTEVENT TC_26_6_5_2_5.ttcn3:107 Message with id 20 was extracted from the queue of BSC.
2026/Jun/29 06:32:56.403301 PORTEVENT TC_26_6_5_2_5.ttcn3:107 Receive operation on port BSC succeeded, message from system(): charstring : "{\"event\": \"CHAN_RQD\", \"data\": {\"ra\": 12, \"frame_number\": 8508, \"frame_number_encoded\": 12966, \"unit_id\": \"4242/0/0\"}}" id 21
2026/Jun/29 06:32:56.403305 PORTEVENT TC_26_6_5_2_5.ttcn3:107 Message with id 21 was extracted from the queue of BSC.
2026/Jun/29 06:32:56.403331 PORTEVENT TC_26_6_5_2_5.ttcn3:107 Receive operation on port BSC succeeded, message from system(): charstring : "{\"event\": \"CHAN_RQD\", \"data\": {\"ra\": 9, \"frame_number\": 12586, \"frame_number_encoded\": 19234, \"unit_id\": \"4242/0/0\"}}" id 22
2026/Jun/29 06:32:56.403335 PORTEVENT TC_26_6_5_2_5.ttcn3:107 Message with id 22 was extracted from the queue of BSC.
2026/Jun/29 06:32:56.403360 PORTEVENT TC_26_6_5_2_5.ttcn3:107 Receive operation on port BSC succeeded, message from system(): charstring : "{\"event\": \"CHAN_RQD\", \"data\": {\"ra\": 3, \"frame_number\": 13960, \"frame_number_encoded\": 21336, \"unit_id\": \"4242/0/0\"}}" id 23
2026/Jun/29 06:32:56.403364 PORTEVENT TC_26_6_5_2_5.ttcn3:107 Message with id 23 was extracted from the queue of BSC.
2026/Jun/29 06:32:56.403390 PORTEVENT TC_26_6_5_2_5.ttcn3:107 Receive operation on port BSC succeeded, message from system(): charstring : "{\"event\": \"CHAN_RQD\", \"data\": {\"ra\": 8, \"frame_number\": 13928, \"frame_number_encoded\": 21298, \"unit_id\": \"4242/0/0\"}}" id 24
2026/Jun/29 06:32:56.403393 PORTEVENT TC_26_6_5_2_5.ttcn3:107 Message with id 24 was extracted from the queue of BSC.
2026/Jun/29 06:32:56.403419 PORTEVENT TC_26_6_5_2_5.ttcn3:107 Receive operation on port BSC succeeded, message from system(): charstring : "{\"event\": \"CHAN_RQD\", \"data\": {\"ra\": 15, \"frame_number\": 13842, \"frame_number_encoded\": 21194, \"unit_id\": \"4242/0/0\"}}" id 25
2026/Jun/29 06:32:56.403423 PORTEVENT TC_26_6_5_2_5.ttcn3:107 Message with id 25 was extracted from the queue of BSC.
2026/Jun/29 06:32:56.403449 PORTEVENT TC_26_6_5_2_5.ttcn3:107 Receive operation on port BSC succeeded, message from system(): charstring : "{\"event\": \"CHAN_RQD\", \"data\": {\"ra\": 10, \"frame_number\": 14053, \"frame_number_encoded\": 21453, \"unit_id\": \"4242/0/0\"}}" id 26
2026/Jun/29 06:32:56.403452 PORTEVENT TC_26_6_5_2_5.ttcn3:107 Message with id 26 was extracted from the queue of BSC.
2026/Jun/29 06:32:56.403482 PORTEVENT TC_26_6_5_2_5.ttcn3:107 Receive operation on port BSC succeeded, message from system(): charstring : "{\"event\": \"CHAN_RQD\", \"data\": {\"ra\": 13, \"frame_number\": 13886, \"frame_number_encoded\": 21250, \"unit_id\": \"4242/0/0\"}}" id 27
2026/Jun/29 06:32:56.403487 PORTEVENT TC_26_6_5_2_5.ttcn3:107 Message with id 27 was extracted from the queue of BSC.
2026/Jun/29 06:32:56.403513 PORTEVENT TC_26_6_5_2_5.ttcn3:107 Receive operation on port BSC succeeded, message from system(): charstring : "{\"event\": \"CHAN_RQD\", \"data\": {\"ra\": 7, \"frame_number\": 15315, \"frame_number_encoded\": 23425, \"unit_id\": \"4242/0/0\"}}" id 28
2026/Jun/29 06:32:56.403516 PORTEVENT TC_26_6_5_2_5.ttcn3:107 Message with id 28 was extracted from the queue of BSC.
2026/Jun/29 06:32:56.403542 PORTEVENT TC_26_6_5_2_5.ttcn3:107 Receive operation on port BSC succeeded, message from system(): charstring : "{\"event\": \"CHAN_RQD\", \"data\": {\"ra\": 1, \"frame_number\": 15363, \"frame_number_encoded\": 23479, \"unit_id\": \"4242/0/0\"}}" id 29
2026/Jun/29 06:32:56.403547 PORTEVENT TC_26_6_5_2_5.ttcn3:107 Message with id 29 was extracted from the queue of BSC.
2026/Jun/29 06:32:56.403572 PORTEVENT TC_26_6_5_2_5.ttcn3:107 Receive operation on port BSC succeeded, message from system(): charstring : "{\"event\": \"CHAN_RQD\", \"data\": {\"ra\": 0, \"frame_number\": 18982, \"frame_number_encoded\": 29186, \"unit_id\": \"4242/0/0\"}}" id 30
2026/Jun/29 06:32:56.403576 PORTEVENT TC_26_6_5_2_5.ttcn3:107 Message with id 30 was extracted from the queue of BSC.
2026/Jun/29 06:32:56.403602 PORTEVENT TC_26_6_5_2_5.ttcn3:107 Receive operation on port BSC succeeded, message from system(): charstring : "{\"event\": \"CHAN_RQD\", \"data\": {\"ra\": 13, \"frame_number\": 19383, \"frame_number_encoded\": 29677, \"unit_id\": \"4242/0/0\"}}" id 31
2026/Jun/29 06:32:56.403606 PORTEVENT TC_26_6_5_2_5.ttcn3:107 Message with id 31 was extracted from the queue of BSC.
2026/Jun/29 06:32:56.403632 PORTEVENT TC_26_6_5_2_5.ttcn3:107 Receive operation on port BSC succeeded, message from system(): charstring : "{\"event\": \"CHAN_RQD\", \"data\": {\"ra\": 7, \"frame_number\": 19134, \"frame_number_encoded\": 29368, \"unit_id\": \"4242/0/0\"}}" id 32
2026/Jun/29 06:32:56.403636 PORTEVENT TC_26_6_5_2_5.ttcn3:107 Message with id 32 was extracted from the queue of BSC.
2026/Jun/29 06:32:56.403661 PORTEVENT TC_26_6_5_2_5.ttcn3:107 Receive operation on port BSC succeeded, message from system(): charstring : "{\"event\": \"CHAN_RQD\", \"data\": {\"ra\": 12, \"frame_number\": 20618, \"frame_number_encoded\": 31616, \"unit_id\": \"4242/0/0\"}}" id 33
2026/Jun/29 06:32:56.403665 PORTEVENT TC_26_6_5_2_5.ttcn3:107 Message with id 33 was extracted from the queue of BSC.
2026/Jun/29 06:32:56.403691 PORTEVENT TC_26_6_5_2_5.ttcn3:107 Receive operation on port BSC succeeded, message from system(): charstring : "{\"event\": \"CHAN_RQD\", \"data\": {\"ra\": 0, \"frame_number\": 20531, \"frame_number_encoded\": 31505, \"unit_id\": \"4242/0/0\"}}" id 34
2026/Jun/29 06:32:56.403695 PORTEVENT TC_26_6_5_2_5.ttcn3:107 Message with id 34 was extracted from the queue of BSC.
2026/Jun/29 06:32:56.403720 PORTEVENT TC_26_6_5_2_5.ttcn3:107 Receive operation on port BSC succeeded, message from system(): charstring : "{\"event\": \"CHAN_RQD\", \"data\": {\"ra\": 13, \"frame_number\": 20418, \"frame_number_encoded\": 31368, \"unit_id\": \"4242/0/0\"}}" id 35
2026/Jun/29 06:32:56.403724 PORTEVENT TC_26_6_5_2_5.ttcn3:107 Message with id 35 was extracted from the queue of BSC.
2026/Jun/29 06:32:56.403750 PORTEVENT TC_26_6_5_2_5.ttcn3:107 Receive operation on port BSC succeeded, message from system(): charstring : "{\"event\": \"CHAN_RQD\", \"data\": {\"ra\": 5, \"frame_number\": 20413, \"frame_number_encoded\": 31363, \"unit_id\": \"4242/0/0\"}}" id 36
2026/Jun/29 06:32:56.403754 PORTEVENT TC_26_6_5_2_5.ttcn3:107 Message with id 36 was extracted from the queue of BSC.
2026/Jun/29 06:32:56.403781 PORTEVENT TC_26_6_5_2_5.ttcn3:107 Receive operation on port BSC succeeded, message from system(): charstring : "{\"event\": \"CHAN_RQD\", \"data\": {\"ra\": 4, \"frame_number\": 20516, \"frame_number_encoded\": 31490, \"unit_id\": \"4242/0/0\"}}" id 37
2026/Jun/29 06:32:56.403787 PORTEVENT TC_26_6_5_2_5.ttcn3:107 Message with id 37 was extracted from the queue of BSC.
2026/Jun/29 06:32:56.404264 USER TC_26_6_5_2_5.ttcn3:106 BSC_Port: RX: {"status": "ok", "auto_respond": false}
2026/Jun/29 06:32:56.404299 PORTEVENT TC_26_6_5_2_5.ttcn3:106 Message enqueued on BSC from system charstring : "{\"status\": \"ok\", \"auto_respond\": false}" id 38
2026/Jun/29 06:32:56.404311 PORTEVENT TC_26_6_5_2_5.ttcn3:107 Receive operation on port BSC succeeded, message from system(): charstring : "{\"status\": \"ok\", \"auto_respond\": false}" id 38
2026/Jun/29 06:32:56.404318 PORTEVENT TC_26_6_5_2_5.ttcn3:107 Message with id 38 was extracted from the queue of BSC.
2026/Jun/29 06:32:56.404382 TIMEROP TC_26_6_5_2_5.ttcn3:109 Stop timer T_ack: 3 s
2026/Jun/29 06:32:56.404400 TIMEROP TC_26_6_5_2_5.ttcn3:117 Start timer T_drain: 2.5 s
2026/Jun/29 06:32:56.404413 PORTEVENT TC_26_6_5_2_5.ttcn3:120 Receive operation on port MSC succeeded, message from system(): charstring: "{\"type\": \"WELCOME\", \"status\": \"connected\"}" id 1
2026/Jun/29 06:32:56.404418 PORTEVENT TC_26_6_5_2_5.ttcn3:120 Message with id 1 was extracted from the queue of MSC.
2026/Jun/29 06:32:58.905936 TIMEROP TC_26_6_5_2_5.ttcn3:122 Timeout T_drain: 2.5 s
2026/Jun/29 06:32:58.905999 USER TC_26_6_5_2_5.ttcn3:132 *** Phase 1: LU preamble (spec [3] +IdleUpdated, BSC stub mode) ***
2026/Jun/29 06:32:58.906019 USER TC_26_6_5_2_5.ttcn3:133 *** FH-SKIP: Spec contains C_Test_fh; using h=0 (non-FH) for all channels ***
2026/Jun/29 06:32:58.906073 USER TC_26_6_5_2_5.ttcn3:135 docker.sock not found — using VTY power-cycle (k8s mode)
2026/Jun/29 06:32:58.906084 USER TC_26_6_5_2_5.ttcn3:135 === k8s fallback: VTY power-cycle mobile at 10.43.10.121:4247 ===
2026/Jun/29 06:33:04.333954 USER TC_26_6_5_2_5.ttcn3:135 Waiting 10 seconds (power off)...
2026/Jun/29 06:33:19.693931 USER TC_26_6_5_2_5.ttcn3:135 VTY 'clear-loci' sent — LOCI erased
2026/Jun/29 06:33:27.885938 USER TC_26_6_5_2_5.ttcn3:135 === VTY power-cycle complete — MS will send LU shortly ===
2026/Jun/29 06:33:27.886077 TIMEROP TC_26_6_5_2_5.ttcn3:149 Start timer T_lu_wait: 60 s
2026/Jun/29 06:33:27.886121 USER TC_26_6_5_2_5.ttcn3:150 VTY_PT: Received data (buffered): 94 bytes
2026/Jun/29 06:33:27.886150 USER TC_26_6_5_2_5.ttcn3:150 MSC_Port: RX: {"type": "HEARTBEAT"}
2026/Jun/29 06:33:27.886165 PORTEVENT TC_26_6_5_2_5.ttcn3:150 Message enqueued on MSC from system charstring : "{\"type\": \"HEARTBEAT\"}" id 2
2026/Jun/29 06:33:27.886179 USER TC_26_6_5_2_5.ttcn3:150 MSC_Port: RX: {"type": "HEARTBEAT"}
2026/Jun/29 06:33:27.886188 PORTEVENT TC_26_6_5_2_5.ttcn3:150 Message enqueued on MSC from system charstring : "{\"type\": \"HEARTBEAT\"}" id 3
2026/Jun/29 06:33:27.886193 USER TC_26_6_5_2_5.ttcn3:150 MSC_Port: RX: {"type": "HEARTBEAT"}
2026/Jun/29 06:33:27.886200 PORTEVENT TC_26_6_5_2_5.ttcn3:150 Message enqueued on MSC from system charstring : "{\"type\": \"HEARTBEAT\"}" id 4
2026/Jun/29 06:33:27.886205 USER TC_26_6_5_2_5.ttcn3:150 MSC_Port: RX: {"type": "HEARTBEAT"}
2026/Jun/29 06:33:27.886213 PORTEVENT TC_26_6_5_2_5.ttcn3:150 Message enqueued on MSC from system charstring : "{\"type\": \"HEARTBEAT\"}" id 5
2026/Jun/29 06:33:27.886218 USER TC_26_6_5_2_5.ttcn3:150 MSC_Port: RX: {"type": "HEARTBEAT"}
2026/Jun/29 06:33:27.886225 PORTEVENT TC_26_6_5_2_5.ttcn3:150 Message enqueued on MSC from system charstring : "{\"type\": \"HEARTBEAT\"}" id 6
2026/Jun/29 06:33:27.886229 USER TC_26_6_5_2_5.ttcn3:150 MSC_Port: RX: {"type": "HEARTBEAT"}
2026/Jun/29 06:33:27.886237 PORTEVENT TC_26_6_5_2_5.ttcn3:150 Message enqueued on MSC from system charstring : "{\"type\": \"HEARTBEAT\"}" id 7
2026/Jun/29 06:33:27.886253 USER TC_26_6_5_2_5.ttcn3:150 L3_Port: Received 17 bytes
2026/Jun/29 06:33:27.886269 USER TC_26_6_5_2_5.ttcn3:150 L3_Port: RAW GSMTAP hdr->arfcn=0x4033 RxArfcn=0x4033 Uplink=1 Chan=3 Len=1
2026/Jun/29 06:33:27.886288 USER TC_26_6_5_2_5.ttcn3:150 L3_Port: RX: 09 
2026/Jun/29 06:33:27.886306 PORTEVENT TC_26_6_5_2_5.ttcn3:150 Message enqueued on L from system octetstring : '090000A437'O id 1
2026/Jun/29 06:33:27.886317 USER TC_26_6_5_2_5.ttcn3:150 L3_Port: Message delivered to TTCN-3
2026/Jun/29 06:33:27.886329 USER TC_26_6_5_2_5.ttcn3:150 BSC_Port: RX: {"event": "CHAN_RQD", "data": {"ra": 11, "frame_number": 41609, "frame_number_encoded": 64105, "unit_id": "4242/0/0"}}
2026/Jun/29 06:33:27.886340 PORTEVENT TC_26_6_5_2_5.ttcn3:150 Message enqueued on BSC from system charstring : "{\"event\": \"CHAN_RQD\", \"data\": {\"ra\": 11, \"frame_number\": 41609, \"frame_number_encoded\": 64105, \"unit_id\": \"4242/0/0\"}}" id 39
2026/Jun/29 06:33:27.886345 USER TC_26_6_5_2_5.ttcn3:150 BSC_Port: RX: {"event": "CHAN_RQD", "data": {"ra": 0, "frame_number": 41712, "frame_number_encoded": 64232, "unit_id": "4242/0/0"}}
2026/Jun/29 06:33:27.886355 PORTEVENT TC_26_6_5_2_5.ttcn3:150 Message enqueued on BSC from system charstring : "{\"event\": \"CHAN_RQD\", \"data\": {\"ra\": 0, \"frame_number\": 41712, \"frame_number_encoded\": 64232, \"unit_id\": \"4242/0/0\"}}" id 40
2026/Jun/29 06:33:27.886359 USER TC_26_6_5_2_5.ttcn3:150 BSC_Port: RX: {"event": "CHAN_RQD", "data": {"ra": 6, "frame_number": 41896, "frame_number_encoded": 64458, "unit_id": "4242/0/0"}}
2026/Jun/29 06:33:27.886367 PORTEVENT TC_26_6_5_2_5.ttcn3:150 Message enqueued on BSC from system charstring : "{\"event\": \"CHAN_RQD\", \"data\": {\"ra\": 6, \"frame_number\": 41896, \"frame_number_encoded\": 64458, \"unit_id\": \"4242/0/0\"}}" id 41
2026/Jun/29 06:33:27.886371 USER TC_26_6_5_2_5.ttcn3:150 BSC_Port: RX: {"event": "CHAN_RQD", "data": {"ra": 3, "frame_number": 41674, "frame_number_encoded": 64182, "unit_id": "4242/0/0"}}
2026/Jun/29 06:33:27.886381 PORTEVENT TC_26_6_5_2_5.ttcn3:150 Message enqueued on BSC from system charstring : "{\"event\": \"CHAN_RQD\", \"data\": {\"ra\": 3, \"frame_number\": 41674, \"frame_number_encoded\": 64182, \"unit_id\": \"4242/0/0\"}}" id 42
2026/Jun/29 06:33:27.886385 USER TC_26_6_5_2_5.ttcn3:150 BSC_Port: RX: {"event": "CHAN_RQD", "data": {"ra": 2, "frame_number": 536, "frame_number_encoded": 656, "unit_id": "4242/0/0"}}
2026/Jun/29 06:33:27.886395 PORTEVENT TC_26_6_5_2_5.ttcn3:150 Message enqueued on BSC from system charstring : "{\"event\": \"CHAN_RQD\", \"data\": {\"ra\": 2, \"frame_number\": 536, \"frame_number_encoded\": 656, \"unit_id\": \"4242/0/0\"}}" id 43
2026/Jun/29 06:33:27.886407 PORTEVENT TC_26_6_5_2_5.ttcn3:151 Receive operation on port BSC succeeded, message from system(): charstring : "{\"event\": \"CHAN_RQD\", \"data\": {\"ra\": 11, \"frame_number\": 41609, \"frame_number_encoded\": 64105, \"unit_id\": \"4242/0/0\"}}" id 39
2026/Jun/29 06:33:27.886415 PORTEVENT TC_26_6_5_2_5.ttcn3:151 Message with id 39 was extracted from the queue of BSC.
2026/Jun/29 06:33:27.886517 USER GSM_Functions.ttcn3:365 f_extractJsonInt: Searching for key '"ra"' in JSON: "{\"event\": \"CHAN_RQD\", \"data\": {\"ra\": 11, \"frame_number\": 41609, \"frame_number_encoded\": 64105, \"unit_id\": \"4242/0/0\"}}"
2026/Jun/29 06:33:27.886606 USER GSM_Functions.ttcn3:372 f_extractJsonInt: Found key at position 31 (pattern: "\"ra\":")
2026/Jun/29 06:33:27.886669 USER GSM_Functions.ttcn3:422 f_extractJsonInt: Extracted number string '"11"' => integer 11
2026/Jun/29 06:33:27.886688 USER GSM_Functions.ttcn3:365 f_extractJsonInt: Searching for key '"frame_number_encoded"' in JSON: "{\"event\": \"CHAN_RQD\", \"data\": {\"ra\": 11, \"frame_number\": 41609, \"frame_number_encoded\": 64105, \"unit_id\": \"4242/0/0\"}}"
2026/Jun/29 06:33:27.886709 USER GSM_Functions.ttcn3:372 f_extractJsonInt: Found key at position 64 (pattern: "\"frame_number_encoded\":")
2026/Jun/29 06:33:27.886720 USER GSM_Functions.ttcn3:422 f_extractJsonInt: Extracted number string '"64105"' => integer 64105
2026/Jun/29 06:33:27.886728 USER TC_26_6_5_2_5.ttcn3:155 *** Phase 1 CHAN_RQD: RA=11" " & char(0, 0, 32, 20) & " sending IMM_ASS ***"
2026/Jun/29 06:33:27.886771 PORTEVENT TC_26_6_5_2_5.ttcn3:156 Sent on BSC to system charstring : "{\"command\": \"CMD_SEND_IMM_ASS_EXT\", \"req_ref1\": {\"ra\": 11, \"frame_number\": 0, \"frame_number_encoded\": 64105}, \"req_ref2\": {\"ra\": 255, \"frame_number\": 0, \"frame_number_encoded\": 0}, \"chan_desc1\": {\"ts\": 1, \"subslot\": 0, \"arfcn\": 51, \"chan_type\": 1}, \"chan_desc2\": {\"ts\": 1, \"subslot\": 1, \"arfcn\": 51, \"chan_type\": 1}, \"timing_advance\": 0}"
2026/Jun/29 06:33:27.886851 USER TC_26_6_5_2_5.ttcn3:156 BSC_Port: TX: {"command": "CMD_SEND_IMM_ASS_EXT", "req_ref1": {"ra": 11, "frame_number": 0, "frame_number_encoded": 64105}, "req_ref2": {"ra": 255, "frame_number": 0, "frame_number_encoded": 0}, "chan_desc1": {"ts": 1, "subslot": 0, "arfcn": 51, "chan_type": 1}, "chan_desc2": {"ts": 1, "subslot": 1, "arfcn": 51, "chan_type": 1}, "timing_advance": 0}
2026/Jun/29 06:33:27.886874 PORTEVENT TC_26_6_5_2_5.ttcn3:151 Receive operation on port BSC succeeded, message from system(): charstring : "{\"event\": \"CHAN_RQD\", \"data\": {\"ra\": 0, \"frame_number\": 41712, \"frame_number_encoded\": 64232, \"unit_id\": \"4242/0/0\"}}" id 40
2026/Jun/29 06:33:27.886880 PORTEVENT TC_26_6_5_2_5.ttcn3:151 Message with id 40 was extracted from the queue of BSC.
2026/Jun/29 06:33:27.886926 USER GSM_Functions.ttcn3:365 f_extractJsonInt: Searching for key '"ra"' in JSON: "{\"event\": \"CHAN_RQD\", \"data\": {\"ra\": 0, \"frame_number\": 41712, \"frame_number_encoded\": 64232, \"unit_id\": \"4242/0/0\"}}"
2026/Jun/29 06:33:27.886946 USER GSM_Functions.ttcn3:372 f_extractJsonInt: Found key at position 31 (pattern: "\"ra\":")
2026/Jun/29 06:33:27.886956 USER GSM_Functions.ttcn3:422 f_extractJsonInt: Extracted number string '"0"' => integer 0
2026/Jun/29 06:33:27.886964 USER GSM_Functions.ttcn3:365 f_extractJsonInt: Searching for key '"frame_number_encoded"' in JSON: "{\"event\": \"CHAN_RQD\", \"data\": {\"ra\": 0, \"frame_number\": 41712, \"frame_number_encoded\": 64232, \"unit_id\": \"4242/0/0\"}}"
2026/Jun/29 06:33:27.886981 USER GSM_Functions.ttcn3:372 f_extractJsonInt: Found key at position 63 (pattern: "\"frame_number_encoded\":")
2026/Jun/29 06:33:27.886993 USER GSM_Functions.ttcn3:422 f_extractJsonInt: Extracted number string '"64232"' => integer 64232
2026/Jun/29 06:33:27.886999 USER TC_26_6_5_2_5.ttcn3:155 *** Phase 1 CHAN_RQD: RA=0" " & char(0, 0, 32, 20) & " sending IMM_ASS ***"
2026/Jun/29 06:33:27.887021 PORTEVENT TC_26_6_5_2_5.ttcn3:156 Sent on BSC to system charstring : "{\"command\": \"CMD_SEND_IMM_ASS_EXT\", \"req_ref1\": {\"ra\": 0, \"frame_number\": 0, \"frame_number_encoded\": 64232}, \"req_ref2\": {\"ra\": 255, \"frame_number\": 0, \"frame_number_encoded\": 0}, \"chan_desc1\": {\"ts\": 1, \"subslot\": 0, \"arfcn\": 51, \"chan_type\": 1}, \"chan_desc2\": {\"ts\": 1, \"subslot\": 1, \"arfcn\": 51, \"chan_type\": 1}, \"timing_advance\": 0}"
2026/Jun/29 06:33:27.887032 USER TC_26_6_5_2_5.ttcn3:156 BSC_Port: TX: {"command": "CMD_SEND_IMM_ASS_EXT", "req_ref1": {"ra": 0, "frame_number": 0, "frame_number_encoded": 64232}, "req_ref2": {"ra": 255, "frame_number": 0, "frame_number_encoded": 0}, "chan_desc1": {"ts": 1, "subslot": 0, "arfcn": 51, "chan_type": 1}, "chan_desc2": {"ts": 1, "subslot": 1, "arfcn": 51, "chan_type": 1}, "timing_advance": 0}
2026/Jun/29 06:33:27.887044 PORTEVENT TC_26_6_5_2_5.ttcn3:151 Receive operation on port BSC succeeded, message from system(): charstring : "{\"event\": \"CHAN_RQD\", \"data\": {\"ra\": 6, \"frame_number\": 41896, \"frame_number_encoded\": 64458, \"unit_id\": \"4242/0/0\"}}" id 41
2026/Jun/29 06:33:27.887049 PORTEVENT TC_26_6_5_2_5.ttcn3:151 Message with id 41 was extracted from the queue of BSC.
2026/Jun/29 06:33:27.887082 USER GSM_Functions.ttcn3:365 f_extractJsonInt: Searching for key '"ra"' in JSON: "{\"event\": \"CHAN_RQD\", \"data\": {\"ra\": 6, \"frame_number\": 41896, \"frame_number_encoded\": 64458, \"unit_id\": \"4242/0/0\"}}"
2026/Jun/29 06:33:27.887099 USER GSM_Functions.ttcn3:372 f_extractJsonInt: Found key at position 31 (pattern: "\"ra\":")
2026/Jun/29 06:33:27.887107 USER GSM_Functions.ttcn3:422 f_extractJsonInt: Extracted number string '"6"' => integer 6
2026/Jun/29 06:33:27.887121 USER GSM_Functions.ttcn3:365 f_extractJsonInt: Searching for key '"frame_number_encoded"' in JSON: "{\"event\": \"CHAN_RQD\", \"data\": {\"ra\": 6, \"frame_number\": 41896, \"frame_number_encoded\": 64458, \"unit_id\": \"4242/0/0\"}}"
2026/Jun/29 06:33:27.887142 USER GSM_Functions.ttcn3:372 f_extractJsonInt: Found key at position 63 (pattern: "\"frame_number_encoded\":")
2026/Jun/29 06:33:27.887152 USER GSM_Functions.ttcn3:422 f_extractJsonInt: Extracted number string '"64458"' => integer 64458
2026/Jun/29 06:33:27.887159 USER TC_26_6_5_2_5.ttcn3:155 *** Phase 1 CHAN_RQD: RA=6" " & char(0, 0, 32, 20) & " sending IMM_ASS ***"
2026/Jun/29 06:33:27.887178 PORTEVENT TC_26_6_5_2_5.ttcn3:156 Sent on BSC to system charstring : "{\"command\": \"CMD_SEND_IMM_ASS_EXT\", \"req_ref1\": {\"ra\": 6, \"frame_number\": 0, \"frame_number_encoded\": 64458}, \"req_ref2\": {\"ra\": 255, \"frame_number\": 0, \"frame_number_encoded\": 0}, \"chan_desc1\": {\"ts\": 1, \"subslot\": 0, \"arfcn\": 51, \"chan_type\": 1}, \"chan_desc2\": {\"ts\": 1, \"subslot\": 1, \"arfcn\": 51, \"chan_type\": 1}, \"timing_advance\": 0}"
2026/Jun/29 06:33:27.887186 USER TC_26_6_5_2_5.ttcn3:156 BSC_Port: TX: {"command": "CMD_SEND_IMM_ASS_EXT", "req_ref1": {"ra": 6, "frame_number": 0, "frame_number_encoded": 64458}, "req_ref2": {"ra": 255, "frame_number": 0, "frame_number_encoded": 0}, "chan_desc1": {"ts": 1, "subslot": 0, "arfcn": 51, "chan_type": 1}, "chan_desc2": {"ts": 1, "subslot": 1, "arfcn": 51, "chan_type": 1}, "timing_advance": 0}
2026/Jun/29 06:33:27.887198 PORTEVENT TC_26_6_5_2_5.ttcn3:151 Receive operation on port BSC succeeded, message from system(): charstring : "{\"event\": \"CHAN_RQD\", \"data\": {\"ra\": 3, \"frame_number\": 41674, \"frame_number_encoded\": 64182, \"unit_id\": \"4242/0/0\"}}" id 42
2026/Jun/29 06:33:27.887203 PORTEVENT TC_26_6_5_2_5.ttcn3:151 Message with id 42 was extracted from the queue of BSC.
2026/Jun/29 06:33:27.887236 USER GSM_Functions.ttcn3:365 f_extractJsonInt: Searching for key '"ra"' in JSON: "{\"event\": \"CHAN_RQD\", \"data\": {\"ra\": 3, \"frame_number\": 41674, \"frame_number_encoded\": 64182, \"unit_id\": \"4242/0/0\"}}"
2026/Jun/29 06:33:27.887255 USER GSM_Functions.ttcn3:372 f_extractJsonInt: Found key at position 31 (pattern: "\"ra\":")
2026/Jun/29 06:33:27.887264 USER GSM_Functions.ttcn3:422 f_extractJsonInt: Extracted number string '"3"' => integer 3
2026/Jun/29 06:33:27.887272 USER GSM_Functions.ttcn3:365 f_extractJsonInt: Searching for key '"frame_number_encoded"' in JSON: "{\"event\": \"CHAN_RQD\", \"data\": {\"ra\": 3, \"frame_number\": 41674, \"frame_number_encoded\": 64182, \"unit_id\": \"4242/0/0\"}}"
2026/Jun/29 06:33:27.887290 USER GSM_Functions.ttcn3:372 f_extractJsonInt: Found key at position 63 (pattern: "\"frame_number_encoded\":")
2026/Jun/29 06:33:27.887302 USER GSM_Functions.ttcn3:422 f_extractJsonInt: Extracted number string '"64182"' => integer 64182
2026/Jun/29 06:33:27.887308 USER TC_26_6_5_2_5.ttcn3:155 *** Phase 1 CHAN_RQD: RA=3" " & char(0, 0, 32, 20) & " sending IMM_ASS ***"
2026/Jun/29 06:33:27.887328 PORTEVENT TC_26_6_5_2_5.ttcn3:156 Sent on BSC to system charstring : "{\"command\": \"CMD_SEND_IMM_ASS_EXT\", \"req_ref1\": {\"ra\": 3, \"frame_number\": 0, \"frame_number_encoded\": 64182}, \"req_ref2\": {\"ra\": 255, \"frame_number\": 0, \"frame_number_encoded\": 0}, \"chan_desc1\": {\"ts\": 1, \"subslot\": 0, \"arfcn\": 51, \"chan_type\": 1}, \"chan_desc2\": {\"ts\": 1, \"subslot\": 1, \"arfcn\": 51, \"chan_type\": 1}, \"timing_advance\": 0}"
2026/Jun/29 06:33:27.887335 USER TC_26_6_5_2_5.ttcn3:156 BSC_Port: TX: {"command": "CMD_SEND_IMM_ASS_EXT", "req_ref1": {"ra": 3, "frame_number": 0, "frame_number_encoded": 64182}, "req_ref2": {"ra": 255, "frame_number": 0, "frame_number_encoded": 0}, "chan_desc1": {"ts": 1, "subslot": 0, "arfcn": 51, "chan_type": 1}, "chan_desc2": {"ts": 1, "subslot": 1, "arfcn": 51, "chan_type": 1}, "timing_advance": 0}
2026/Jun/29 06:33:27.887349 PORTEVENT TC_26_6_5_2_5.ttcn3:151 Receive operation on port BSC succeeded, message from system(): charstring : "{\"event\": \"CHAN_RQD\", \"data\": {\"ra\": 2, \"frame_number\": 536, \"frame_number_encoded\": 656, \"unit_id\": \"4242/0/0\"}}" id 43
2026/Jun/29 06:33:27.887356 PORTEVENT TC_26_6_5_2_5.ttcn3:151 Message with id 43 was extracted from the queue of BSC.
2026/Jun/29 06:33:27.887387 USER GSM_Functions.ttcn3:365 f_extractJsonInt: Searching for key '"ra"' in JSON: "{\"event\": \"CHAN_RQD\", \"data\": {\"ra\": 2, \"frame_number\": 536, \"frame_number_encoded\": 656, \"unit_id\": \"4242/0/0\"}}"
2026/Jun/29 06:33:27.887403 USER GSM_Functions.ttcn3:372 f_extractJsonInt: Found key at position 31 (pattern: "\"ra\":")
2026/Jun/29 06:33:27.887412 USER GSM_Functions.ttcn3:422 f_extractJsonInt: Extracted number string '"2"' => integer 2
2026/Jun/29 06:33:27.887419 USER GSM_Functions.ttcn3:365 f_extractJsonInt: Searching for key '"frame_number_encoded"' in JSON: "{\"event\": \"CHAN_RQD\", \"data\": {\"ra\": 2, \"frame_number\": 536, \"frame_number_encoded\": 656, \"unit_id\": \"4242/0/0\"}}"
2026/Jun/29 06:33:27.887437 USER GSM_Functions.ttcn3:372 f_extractJsonInt: Found key at position 61 (pattern: "\"frame_number_encoded\":")
2026/Jun/29 06:33:27.887447 USER GSM_Functions.ttcn3:422 f_extractJsonInt: Extracted number string '"656"' => integer 656
2026/Jun/29 06:33:27.887454 USER TC_26_6_5_2_5.ttcn3:155 *** Phase 1 CHAN_RQD: RA=2" " & char(0, 0, 32, 20) & " sending IMM_ASS ***"
2026/Jun/29 06:33:27.887474 PORTEVENT TC_26_6_5_2_5.ttcn3:156 Sent on BSC to system charstring : "{\"command\": \"CMD_SEND_IMM_ASS_EXT\", \"req_ref1\": {\"ra\": 2, \"frame_number\": 0, \"frame_number_encoded\": 656}, \"req_ref2\": {\"ra\": 255, \"frame_number\": 0, \"frame_number_encoded\": 0}, \"chan_desc1\": {\"ts\": 1, \"subslot\": 0, \"arfcn\": 51, \"chan_type\": 1}, \"chan_desc2\": {\"ts\": 1, \"subslot\": 1, \"arfcn\": 51, \"chan_type\": 1}, \"timing_advance\": 0}"
2026/Jun/29 06:33:27.887481 USER TC_26_6_5_2_5.ttcn3:156 BSC_Port: TX: {"command": "CMD_SEND_IMM_ASS_EXT", "req_ref1": {"ra": 2, "frame_number": 0, "frame_number_encoded": 656}, "req_ref2": {"ra": 255, "frame_number": 0, "frame_number_encoded": 0}, "chan_desc1": {"ts": 1, "subslot": 0, "arfcn": 51, "chan_type": 1}, "chan_desc2": {"ts": 1, "subslot": 1, "arfcn": 51, "chan_type": 1}, "timing_advance": 0}
2026/Jun/29 06:33:27.887490 PORTEVENT TC_26_6_5_2_5.ttcn3:194 Receive operation on port MSC succeeded, message from system(): charstring: "{\"type\": \"HEARTBEAT\"}" id 2
2026/Jun/29 06:33:27.887494 PORTEVENT TC_26_6_5_2_5.ttcn3:194 Message with id 2 was extracted from the queue of MSC.
2026/Jun/29 06:33:27.887499 PORTEVENT TC_26_6_5_2_5.ttcn3:194 Receive operation on port MSC succeeded, message from system(): charstring: "{\"type\": \"HEARTBEAT\"}" id 3
2026/Jun/29 06:33:27.887502 PORTEVENT TC_26_6_5_2_5.ttcn3:194 Message with id 3 was extracted from the queue of MSC.
2026/Jun/29 06:33:27.887506 PORTEVENT TC_26_6_5_2_5.ttcn3:194 Receive operation on port MSC succeeded, message from system(): charstring: "{\"type\": \"HEARTBEAT\"}" id 4
2026/Jun/29 06:33:27.887509 PORTEVENT TC_26_6_5_2_5.ttcn3:194 Message with id 4 was extracted from the queue of MSC.
2026/Jun/29 06:33:27.887512 PORTEVENT TC_26_6_5_2_5.ttcn3:194 Receive operation on port MSC succeeded, message from system(): charstring: "{\"type\": \"HEARTBEAT\"}" id 5
2026/Jun/29 06:33:27.887515 PORTEVENT TC_26_6_5_2_5.ttcn3:194 Message with id 5 was extracted from the queue of MSC.
2026/Jun/29 06:33:27.887518 PORTEVENT TC_26_6_5_2_5.ttcn3:194 Receive operation on port MSC succeeded, message from system(): charstring: "{\"type\": \"HEARTBEAT\"}" id 6
2026/Jun/29 06:33:27.887521 PORTEVENT TC_26_6_5_2_5.ttcn3:194 Message with id 6 was extracted from the queue of MSC.
2026/Jun/29 06:33:27.887525 PORTEVENT TC_26_6_5_2_5.ttcn3:194 Receive operation on port MSC succeeded, message from system(): charstring: "{\"type\": \"HEARTBEAT\"}" id 7
2026/Jun/29 06:33:27.887528 PORTEVENT TC_26_6_5_2_5.ttcn3:194 Message with id 7 was extracted from the queue of MSC.
2026/Jun/29 06:33:27.887532 PORTEVENT TC_26_6_5_2_5.ttcn3:195 Receive operation on port L succeeded, message from system(): octetstring: '090000A437'O id 1
2026/Jun/29 06:33:27.887540 PORTEVENT TC_26_6_5_2_5.ttcn3:195 Message with id 1 was extracted from the queue of L.
2026/Jun/29 06:33:27.887552 USER TC_26_6_5_2_5.ttcn3:150 L3_Port: Received 17 bytes
2026/Jun/29 06:33:27.887562 USER TC_26_6_5_2_5.ttcn3:150 L3_Port: RAW GSMTAP hdr->arfcn=0x4033 RxArfcn=0x4033 Uplink=1 Chan=3 Len=1
2026/Jun/29 06:33:27.887567 USER TC_26_6_5_2_5.ttcn3:150 L3_Port: RX: 04 
2026/Jun/29 06:33:27.887573 PORTEVENT TC_26_6_5_2_5.ttcn3:150 Message enqueued on L from system octetstring : '040000A50F'O id 2
2026/Jun/29 06:33:27.887577 USER TC_26_6_5_2_5.ttcn3:150 L3_Port: Message delivered to TTCN-3
2026/Jun/29 06:33:27.887584 PORTEVENT TC_26_6_5_2_5.ttcn3:195 Receive operation on port L succeeded, message from system(): octetstring: '040000A50F'O id 2
2026/Jun/29 06:33:27.887587 PORTEVENT TC_26_6_5_2_5.ttcn3:195 Message with id 2 was extracted from the queue of L.
2026/Jun/29 06:33:27.887593 USER TC_26_6_5_2_5.ttcn3:150 L3_Port: Received 17 bytes
2026/Jun/29 06:33:27.887597 USER TC_26_6_5_2_5.ttcn3:150 L3_Port: RAW GSMTAP hdr->arfcn=0x4033 RxArfcn=0x4033 Uplink=1 Chan=3 Len=1
2026/Jun/29 06:33:27.887603 USER TC_26_6_5_2_5.ttcn3:150 L3_Port: RX: 0B 
2026/Jun/29 06:33:27.887608 PORTEVENT TC_26_6_5_2_5.ttcn3:150 Message enqueued on L from system octetstring : '0B0000A610'O id 3
2026/Jun/29 06:33:27.887612 USER TC_26_6_5_2_5.ttcn3:150 L3_Port: Message delivered to TTCN-3
2026/Jun/29 06:33:27.887618 PORTEVENT TC_26_6_5_2_5.ttcn3:195 Receive operation on port L succeeded, message from system(): octetstring: '0B0000A610'O id 3
2026/Jun/29 06:33:27.887622 PORTEVENT TC_26_6_5_2_5.ttcn3:195 Message with id 3 was extracted from the queue of L.
2026/Jun/29 06:33:27.887627 USER TC_26_6_5_2_5.ttcn3:150 L3_Port: Received 17 bytes
2026/Jun/29 06:33:27.887631 USER TC_26_6_5_2_5.ttcn3:150 L3_Port: RAW GSMTAP hdr->arfcn=0x4033 RxArfcn=0x4033 Uplink=1 Chan=3 Len=1
2026/Jun/29 06:33:27.887635 USER TC_26_6_5_2_5.ttcn3:150 L3_Port: RX: 0A 
2026/Jun/29 06:33:27.887641 PORTEVENT TC_26_6_5_2_5.ttcn3:150 Message enqueued on L from system octetstring : '0A0000A70D'O id 4
2026/Jun/29 06:33:27.887644 USER TC_26_6_5_2_5.ttcn3:150 L3_Port: Message delivered to TTCN-3
2026/Jun/29 06:33:27.887649 PORTEVENT TC_26_6_5_2_5.ttcn3:195 Receive operation on port L succeeded, message from system(): octetstring: '0A0000A70D'O id 4
2026/Jun/29 06:33:27.887653 PORTEVENT TC_26_6_5_2_5.ttcn3:195 Message with id 4 was extracted from the queue of L.
2026/Jun/29 06:33:27.887658 USER TC_26_6_5_2_5.ttcn3:150 L3_Port: Received 17 bytes
2026/Jun/29 06:33:27.887663 USER TC_26_6_5_2_5.ttcn3:150 L3_Port: RAW GSMTAP hdr->arfcn=0x4033 RxArfcn=0x4033 Uplink=1 Chan=3 Len=1
2026/Jun/29 06:33:27.887670 USER TC_26_6_5_2_5.ttcn3:150 L3_Port: RX: 06 
2026/Jun/29 06:33:27.887674 PORTEVENT TC_26_6_5_2_5.ttcn3:150 Message enqueued on L from system octetstring : '060000A807'O id 5
2026/Jun/29 06:33:27.887677 USER TC_26_6_5_2_5.ttcn3:150 L3_Port: Message delivered to TTCN-3
2026/Jun/29 06:33:27.887682 PORTEVENT TC_26_6_5_2_5.ttcn3:195 Receive operation on port L succeeded, message from system(): octetstring: '060000A807'O id 5
2026/Jun/29 06:33:27.887686 PORTEVENT TC_26_6_5_2_5.ttcn3:195 Message with id 5 was extracted from the queue of L.
2026/Jun/29 06:33:27.887691 USER TC_26_6_5_2_5.ttcn3:150 L3_Port: Received 39 bytes
2026/Jun/29 06:33:27.887698 USER TC_26_6_5_2_5.ttcn3:150 L3_Port: RAW GSMTAP hdr->arfcn=0x4033 RxArfcn=0x4033 Uplink=1 Chan=136 Len=23
2026/Jun/29 06:33:27.887704 USER TC_26_6_5_2_5.ttcn3:150 L3_Port: RX: 0E 00 01 03 49 06 15 00 40 01 C0 00 00 00 00 00 00 00 00 00 00 00 00 
2026/Jun/29 06:33:27.887710 PORTEVENT TC_26_6_5_2_5.ttcn3:150 Message enqueued on L from system octetstring : '0E000103490615004001C0000000000000000000000000'O id 6
2026/Jun/29 06:33:27.887714 USER TC_26_6_5_2_5.ttcn3:150 L3_Port: Message delivered to TTCN-3
2026/Jun/29 06:33:27.887722 PORTEVENT TC_26_6_5_2_5.ttcn3:195 Receive operation on port L succeeded, message from system(): octetstring: '0E000103490615004001C0000000000000000000000000'O id 6
2026/Jun/29 06:33:27.887728 PORTEVENT TC_26_6_5_2_5.ttcn3:195 Message with id 6 was extracted from the queue of L.
2026/Jun/29 06:33:27.887733 USER TC_26_6_5_2_5.ttcn3:150 L3_Port: Received 39 bytes
2026/Jun/29 06:33:27.887740 USER TC_26_6_5_2_5.ttcn3:150 L3_Port: RAW GSMTAP hdr->arfcn=0x4033 RxArfcn=0x4033 Uplink=1 Chan=8 Len=23
2026/Jun/29 06:33:27.887747 USER TC_26_6_5_2_5.ttcn3:150 L3_Port: RX: 01 3F 49 05 08 70 09 F1 07 00 00 33 08 99 10 07 00 00 00 00 10 2B 2B 
2026/Jun/29 06:33:27.887755 PORTEVENT TC_26_6_5_2_5.ttcn3:150 Message enqueued on L from system octetstring : '013F4905087009F1070000330899100700000000102B2B'O id 7
2026/Jun/29 06:33:27.887758 USER TC_26_6_5_2_5.ttcn3:150 L3_Port: Message delivered to TTCN-3
2026/Jun/29 06:33:27.887764 PORTEVENT TC_26_6_5_2_5.ttcn3:195 Receive operation on port L succeeded, message from system(): octetstring: '013F4905087009F1070000330899100700000000102B2B'O id 7
2026/Jun/29 06:33:27.887768 PORTEVENT TC_26_6_5_2_5.ttcn3:195 Message with id 7 was extracted from the queue of L.
2026/Jun/29 06:33:27.887773 USER TC_26_6_5_2_5.ttcn3:150 L3_Port: Received 39 bytes
2026/Jun/29 06:33:27.887780 USER TC_26_6_5_2_5.ttcn3:150 L3_Port: RAW GSMTAP hdr->arfcn=0x4033 RxArfcn=0x4033 Uplink=1 Chan=8 Len=23
2026/Jun/29 06:33:27.887786 USER TC_26_6_5_2_5.ttcn3:150 L3_Port: RX: 03 21 01 2B 2B 2B 2B 2B 2B 2B 2B 2B 2B 2B 2B 2B 2B 2B 2B 2B 2B 2B 2B 
2026/Jun/29 06:33:27.887792 PORTEVENT TC_26_6_5_2_5.ttcn3:150 Message enqueued on L from system octetstring : '0321012B2B2B2B2B2B2B2B2B2B2B2B2B2B2B2B2B2B2B2B'O id 8
2026/Jun/29 06:33:27.887795 USER TC_26_6_5_2_5.ttcn3:150 L3_Port: Message delivered to TTCN-3
2026/Jun/29 06:33:27.887804 PORTEVENT TC_26_6_5_2_5.ttcn3:195 Receive operation on port L succeeded, message from system(): octetstring: '0321012B2B2B2B2B2B2B2B2B2B2B2B2B2B2B2B2B2B2B2B'O id 8
2026/Jun/29 06:33:27.887808 PORTEVENT TC_26_6_5_2_5.ttcn3:195 Message with id 8 was extracted from the queue of L.
2026/Jun/29 06:33:27.887812 USER TC_26_6_5_2_5.ttcn3:150 L3_Port: Received 39 bytes
2026/Jun/29 06:33:27.887819 USER TC_26_6_5_2_5.ttcn3:150 L3_Port: RAW GSMTAP hdr->arfcn=0x4033 RxArfcn=0x4033 Uplink=1 Chan=136 Len=23
2026/Jun/29 06:33:27.887834 USER TC_26_6_5_2_5.ttcn3:150 L3_Port: RX: 13 00 01 03 49 06 15 3F 3F 01 C0 00 00 00 00 00 00 00 00 00 00 00 00 
2026/Jun/29 06:33:27.887840 PORTEVENT TC_26_6_5_2_5.ttcn3:150 Message enqueued on L from system octetstring : '130001034906153F3F01C0000000000000000000000000'O id 9
2026/Jun/29 06:33:27.887844 USER TC_26_6_5_2_5.ttcn3:150 L3_Port: Message delivered to TTCN-3
2026/Jun/29 06:33:27.887851 PORTEVENT TC_26_6_5_2_5.ttcn3:195 Receive operation on port L succeeded, message from system(): octetstring: '130001034906153F3F01C0000000000000000000000000'O id 9
2026/Jun/29 06:33:27.887855 PORTEVENT TC_26_6_5_2_5.ttcn3:195 Message with id 9 was extracted from the queue of L.
2026/Jun/29 06:33:27.887860 USER TC_26_6_5_2_5.ttcn3:150 L3_Port: Received 39 bytes
2026/Jun/29 06:33:27.887866 USER TC_26_6_5_2_5.ttcn3:150 L3_Port: RAW GSMTAP hdr->arfcn=0x4033 RxArfcn=0x4033 Uplink=1 Chan=8 Len=23
2026/Jun/29 06:33:27.887873 USER TC_26_6_5_2_5.ttcn3:150 L3_Port: RX: 03 41 01 2B 2B 2B 2B 2B 2B 2B 2B 2B 2B 2B 2B 2B 2B 2B 2B 2B 2B 2B 2B 
2026/Jun/29 06:33:27.887878 PORTEVENT TC_26_6_5_2_5.ttcn3:150 Message enqueued on L from system octetstring : '0341012B2B2B2B2B2B2B2B2B2B2B2B2B2B2B2B2B2B2B2B'O id 10
2026/Jun/29 06:33:27.887882 USER TC_26_6_5_2_5.ttcn3:150 L3_Port: Message delivered to TTCN-3
2026/Jun/29 06:33:27.887889 PORTEVENT TC_26_6_5_2_5.ttcn3:195 Receive operation on port L succeeded, message from system(): octetstring: '0341012B2B2B2B2B2B2B2B2B2B2B2B2B2B2B2B2B2B2B2B'O id 10
2026/Jun/29 06:33:27.887893 PORTEVENT TC_26_6_5_2_5.ttcn3:195 Message with id 10 was extracted from the queue of L.
2026/Jun/29 06:33:27.887898 USER TC_26_6_5_2_5.ttcn3:150 L3_Port: Received 39 bytes
2026/Jun/29 06:33:27.887905 USER TC_26_6_5_2_5.ttcn3:150 L3_Port: RAW GSMTAP hdr->arfcn=0x4033 RxArfcn=0x4033 Uplink=1 Chan=8 Len=23
2026/Jun/29 06:33:27.887915 USER TC_26_6_5_2_5.ttcn3:150 L3_Port: RX: 01 53 01 2B 2B 2B 2B 2B 2B 2B 2B 2B 2B 2B 2B 2B 2B 2B 2B 2B 2B 2B 2B 
2026/Jun/29 06:33:27.887923 PORTEVENT TC_26_6_5_2_5.ttcn3:150 Message enqueued on L from system octetstring : '0153012B2B2B2B2B2B2B2B2B2B2B2B2B2B2B2B2B2B2B2B'O id 11
2026/Jun/29 06:33:27.887927 USER TC_26_6_5_2_5.ttcn3:150 L3_Port: Message delivered to TTCN-3
2026/Jun/29 06:33:27.887933 PORTEVENT TC_26_6_5_2_5.ttcn3:195 Receive operation on port L succeeded, message from system(): octetstring: '0153012B2B2B2B2B2B2B2B2B2B2B2B2B2B2B2B2B2B2B2B'O id 11
2026/Jun/29 06:33:27.887937 PORTEVENT TC_26_6_5_2_5.ttcn3:195 Message with id 11 was extracted from the queue of L.
2026/Jun/29 06:33:27.888258 USER TC_26_6_5_2_5.ttcn3:150 BSC_Port: RX: {"status": "ok"}
2026/Jun/29 06:33:27.888268 PORTEVENT TC_26_6_5_2_5.ttcn3:150 Message enqueued on BSC from system charstring : "{\"status\": \"ok\"}" id 44
2026/Jun/29 06:33:27.888274 PORTEVENT TC_26_6_5_2_5.ttcn3:151 Receive operation on port BSC succeeded, message from system(): charstring : "{\"status\": \"ok\"}" id 44
2026/Jun/29 06:33:27.888277 PORTEVENT TC_26_6_5_2_5.ttcn3:151 Message with id 44 was extracted from the queue of BSC.
2026/Jun/29 06:33:27.888542 USER TC_26_6_5_2_5.ttcn3:150 BSC_Port: RX: {"status": "ok"}
2026/Jun/29 06:33:27.888552 PORTEVENT TC_26_6_5_2_5.ttcn3:150 Message enqueued on BSC from system charstring : "{\"status\": \"ok\"}" id 45
2026/Jun/29 06:33:27.888557 PORTEVENT TC_26_6_5_2_5.ttcn3:151 Receive operation on port BSC succeeded, message from system(): charstring : "{\"status\": \"ok\"}" id 45
2026/Jun/29 06:33:27.888561 PORTEVENT TC_26_6_5_2_5.ttcn3:151 Message with id 45 was extracted from the queue of BSC.
2026/Jun/29 06:33:27.928959 USER TC_26_6_5_2_5.ttcn3:150 BSC_Port: RX: {"status": "ok"}
2026/Jun/29 06:33:27.929022 PORTEVENT TC_26_6_5_2_5.ttcn3:150 Message enqueued on BSC from system charstring : "{\"status\": \"ok\"}" id 46
2026/Jun/29 06:33:27.929038 USER TC_26_6_5_2_5.ttcn3:150 BSC_Port: RX: {"status": "ok"}
2026/Jun/29 06:33:27.929046 PORTEVENT TC_26_6_5_2_5.ttcn3:150 Message enqueued on BSC from system charstring : "{\"status\": \"ok\"}" id 47
2026/Jun/29 06:33:27.929050 USER TC_26_6_5_2_5.ttcn3:150 BSC_Port: RX: {"status": "ok"}
2026/Jun/29 06:33:27.929056 PORTEVENT TC_26_6_5_2_5.ttcn3:150 Message enqueued on BSC from system charstring : "{\"status\": \"ok\"}" id 48
2026/Jun/29 06:33:27.929067 PORTEVENT TC_26_6_5_2_5.ttcn3:151 Receive operation on port BSC succeeded, message from system(): charstring : "{\"status\": \"ok\"}" id 46
2026/Jun/29 06:33:27.929075 PORTEVENT TC_26_6_5_2_5.ttcn3:151 Message with id 46 was extracted from the queue of BSC.
2026/Jun/29 06:33:27.929138 PORTEVENT TC_26_6_5_2_5.ttcn3:151 Receive operation on port BSC succeeded, message from system(): charstring : "{\"status\": \"ok\"}" id 47
2026/Jun/29 06:33:27.929143 PORTEVENT TC_26_6_5_2_5.ttcn3:151 Message with id 47 was extracted from the queue of BSC.
2026/Jun/29 06:33:27.929172 PORTEVENT TC_26_6_5_2_5.ttcn3:151 Receive operation on port BSC succeeded, message from system(): charstring : "{\"status\": \"ok\"}" id 48
2026/Jun/29 06:33:27.929176 PORTEVENT TC_26_6_5_2_5.ttcn3:151 Message with id 48 was extracted from the queue of BSC.
2026/Jun/29 06:33:28.154185 USER TC_26_6_5_2_5.ttcn3:150 BSC_Port: RX: {"event": "ESTABLISH_IND", "data": {"chan_nr": 65, "bsc_slr": 65, "l3_data": "05087009f107000033089910070000000010"}}
2026/Jun/29 06:33:28.154250 PORTEVENT TC_26_6_5_2_5.ttcn3:150 Message enqueued on BSC from system charstring : "{\"event\": \"ESTABLISH_IND\", \"data\": {\"chan_nr\": 65, \"bsc_slr\": 65, \"l3_data\": \"05087009f107000033089910070000000010\"}}" id 49
2026/Jun/29 06:33:28.154276 PORTEVENT TC_26_6_5_2_5.ttcn3:151 Receive operation on port BSC succeeded, message from system(): charstring : "{\"event\": \"ESTABLISH_IND\", \"data\": {\"chan_nr\": 65, \"bsc_slr\": 65, \"l3_data\": \"05087009f107000033089910070000000010\"}}" id 49
2026/Jun/29 06:33:28.154287 PORTEVENT TC_26_6_5_2_5.ttcn3:151 Message with id 49 was extracted from the queue of BSC.
2026/Jun/29 06:33:28.154444 USER GSM_Functions.ttcn3:365 f_extractJsonInt: Searching for key '"chan_nr"' in JSON: "{\"event\": \"ESTABLISH_IND\", \"data\": {\"chan_nr\": 65, \"bsc_slr\": 65, \"l3_data\": \"05087009f107000033089910070000000010\"}}"
2026/Jun/29 06:33:28.154472 USER GSM_Functions.ttcn3:372 f_extractJsonInt: Found key at position 36 (pattern: "\"chan_nr\":")
2026/Jun/29 06:33:28.154490 USER GSM_Functions.ttcn3:422 f_extractJsonInt: Extracted number string '"65"' => integer 65
2026/Jun/29 06:33:28.154498 USER TC_26_6_5_2_5.ttcn3:168 *** Phase 1: LU REQUEST in ESTABLISH_IND, chan_nr=65 ***
2026/Jun/29 06:33:28.154512 PORTEVENT TC_26_6_5_2_5.ttcn3:170 Sent on BSC to system charstring : "{\"command\": \"CMD_SEND_LU_ACCEPT\", \"chan_nr\": 65, \"mcc\": \"901\", \"mnc\": \"70\", \"lac\": 4242}"
2026/Jun/29 06:33:28.154552 USER TC_26_6_5_2_5.ttcn3:170 BSC_Port: TX: {"command": "CMD_SEND_LU_ACCEPT", "chan_nr": 65, "mcc": "901", "mnc": "70", "lac": 4242}
2026/Jun/29 06:33:28.154593 TIMEROP TC_26_6_5_2_5.ttcn3:173 Stop timer T_lu_wait: 60 s
2026/Jun/29 06:33:28.154604 USER TC_26_6_5_2_5.ttcn3:206 *** Phase 1: LU ACCEPT sent; waiting for mobile to become idle-updated ***
2026/Jun/29 06:33:28.154610 TIMEROP TC_26_6_5_2_5.ttcn3:208 Start timer T_lu_idle: 5 s
2026/Jun/29 06:33:28.154624 USER TC_26_6_5_2_5.ttcn3:209 BSC_Port: RX: {"event": "EVENT_LU_REQUEST", "data": {"chan_nr": 65, "bsc_slr": 65, "location_updating_request": true, "l3_data": "05087009f107000033089910070000000010"}}
2026/Jun/29 06:33:28.154637 PORTEVENT TC_26_6_5_2_5.ttcn3:209 Message enqueued on BSC from system charstring : "{\"event\": \"EVENT_LU_REQUEST\", \"data\": {\"chan_nr\": 65, \"bsc_slr\": 65, \"location_updating_request\": true, \"l3_data\": \"05087009f107000033089910070000000010\"}}" id 50
2026/Jun/29 06:33:28.154648 PORTEVENT TC_26_6_5_2_5.ttcn3:210 Receive operation on port BSC succeeded, message from system(): charstring: "{\"event\": \"EVENT_LU_REQUEST\", \"data\": {\"chan_nr\": 65, \"bsc_slr\": 65, \"location_updating_request\": true, \"l3_data\": \"05087009f107000033089910070000000010\"}}" id 50
2026/Jun/29 06:33:28.154653 PORTEVENT TC_26_6_5_2_5.ttcn3:210 Message with id 50 was extracted from the queue of BSC.
2026/Jun/29 06:33:29.335546 USER TC_26_6_5_2_5.ttcn3:209 BSC_Port: RX: {"event": "RELEASE_IND", "data": {"chan_nr": 65}}
2026/Jun/29 06:33:29.335623 PORTEVENT TC_26_6_5_2_5.ttcn3:209 Message enqueued on BSC from system charstring : "{\"event\": \"RELEASE_IND\", \"data\": {\"chan_nr\": 65}}" id 51
2026/Jun/29 06:33:29.335651 PORTEVENT TC_26_6_5_2_5.ttcn3:210 Receive operation on port BSC succeeded, message from system(): charstring: "{\"event\": \"RELEASE_IND\", \"data\": {\"chan_nr\": 65}}" id 51
2026/Jun/29 06:33:29.335665 PORTEVENT TC_26_6_5_2_5.ttcn3:210 Message with id 51 was extracted from the queue of BSC.
2026/Jun/29 06:33:29.492527 USER TC_26_6_5_2_5.ttcn3:209 VTY_PT: Received data (buffered): 61 bytes
2026/Jun/29 06:33:30.935097 USER TC_26_6_5_2_5.ttcn3:209 MSC_Port: RX: {"type": "HEARTBEAT"}
2026/Jun/29 06:33:30.935194 PORTEVENT TC_26_6_5_2_5.ttcn3:209 Message enqueued on MSC from system charstring : "{\"type\": \"HEARTBEAT\"}" id 8
2026/Jun/29 06:33:30.935227 PORTEVENT TC_26_6_5_2_5.ttcn3:211 Receive operation on port MSC succeeded, message from system(): charstring: "{\"type\": \"HEARTBEAT\"}" id 8
2026/Jun/29 06:33:30.935243 PORTEVENT TC_26_6_5_2_5.ttcn3:211 Message with id 8 was extracted from the queue of MSC.
2026/Jun/29 06:33:31.155974 USER TC_26_6_5_2_5.ttcn3:209 BSC_Port: RX: {"status": "ok", "chan_nr": 65, "lac": 4242}
2026/Jun/29 06:33:31.156047 PORTEVENT TC_26_6_5_2_5.ttcn3:209 Message enqueued on BSC from system charstring : "{\"status\": \"ok\", \"chan_nr\": 65, \"lac\": 4242}" id 52
2026/Jun/29 06:33:31.156071 PORTEVENT TC_26_6_5_2_5.ttcn3:210 Receive operation on port BSC succeeded, message from system(): charstring: "{\"status\": \"ok\", \"chan_nr\": 65, \"lac\": 4242}" id 52
2026/Jun/29 06:33:31.156082 PORTEVENT TC_26_6_5_2_5.ttcn3:210 Message with id 52 was extracted from the queue of BSC.
2026/Jun/29 06:33:31.185694 USER TC_26_6_5_2_5.ttcn3:209 L3_Port: Received 17 bytes
2026/Jun/29 06:33:31.185751 USER TC_26_6_5_2_5.ttcn3:209 L3_Port: RAW GSMTAP hdr->arfcn=0x4033 RxArfcn=0x4033 Uplink=1 Chan=3 Len=1
2026/Jun/29 06:33:31.185758 USER TC_26_6_5_2_5.ttcn3:209 L3_Port: RX: EE 
2026/Jun/29 06:33:31.185770 PORTEVENT TC_26_6_5_2_5.ttcn3:209 Message enqueued on L from system octetstring : 'EE0000AEFF'O id 12
2026/Jun/29 06:33:31.185783 USER TC_26_6_5_2_5.ttcn3:209 L3_Port: Message delivered to TTCN-3
2026/Jun/29 06:33:31.327506 USER TC_26_6_5_2_5.ttcn3:209 L3_Port: Received 39 bytes
2026/Jun/29 06:33:31.327564 USER TC_26_6_5_2_5.ttcn3:209 L3_Port: RAW GSMTAP hdr->arfcn=0x4033 RxArfcn=0x4033 Uplink=1 Chan=8 Len=23
2026/Jun/29 06:33:31.327574 USER TC_26_6_5_2_5.ttcn3:209 L3_Port: RX: 01 3F 41 05 24 71 03 33 1F 01 08 99 10 07 00 00 00 00 10 2B 2B 2B 2B 
2026/Jun/29 06:33:31.327587 PORTEVENT TC_26_6_5_2_5.ttcn3:209 Message enqueued on L from system octetstring : '013F4105247103331F010899100700000000102B2B2B2B'O id 13
2026/Jun/29 06:33:31.327601 USER TC_26_6_5_2_5.ttcn3:209 L3_Port: Message delivered to TTCN-3
2026/Jun/29 06:33:31.733775 USER TC_26_6_5_2_5.ttcn3:209 L3_Port: Received 39 bytes
2026/Jun/29 06:33:31.733861 USER TC_26_6_5_2_5.ttcn3:209 L3_Port: RAW GSMTAP hdr->arfcn=0x4033 RxArfcn=0x4033 Uplink=1 Chan=136 Len=23
2026/Jun/29 06:33:31.733882 USER TC_26_6_5_2_5.ttcn3:209 L3_Port: RX: 0E 00 01 03 49 06 15 00 40 01 C0 00 00 00 00 00 00 00 00 00 00 00 00 
2026/Jun/29 06:33:31.733900 PORTEVENT TC_26_6_5_2_5.ttcn3:209 Message enqueued on L from system octetstring : '0E000103490615004001C0000000000000000000000000'O id 14
2026/Jun/29 06:33:31.733915 USER TC_26_6_5_2_5.ttcn3:209 L3_Port: Message delivered to TTCN-3
2026/Jun/29 06:33:31.798331 USER TC_26_6_5_2_5.ttcn3:209 L3_Port: Received 39 bytes
2026/Jun/29 06:33:31.798390 USER TC_26_6_5_2_5.ttcn3:209 L3_Port: RAW GSMTAP hdr->arfcn=0x4033 RxArfcn=0x4033 Uplink=1 Chan=8 Len=23
2026/Jun/29 06:33:31.798401 USER TC_26_6_5_2_5.ttcn3:209 L3_Port: RX: 03 21 01 2B 2B 2B 2B 2B 2B 2B 2B 2B 2B 2B 2B 2B 2B 2B 2B 2B 2B 2B 2B 
2026/Jun/29 06:33:31.798413 PORTEVENT TC_26_6_5_2_5.ttcn3:209 Message enqueued on L from system octetstring : '0321012B2B2B2B2B2B2B2B2B2B2B2B2B2B2B2B2B2B2B2B'O id 15
2026/Jun/29 06:33:31.798426 USER TC_26_6_5_2_5.ttcn3:209 L3_Port: Message delivered to TTCN-3
2026/Jun/29 06:33:31.798968 USER TC_26_6_5_2_5.ttcn3:209 L3_Port: Received 39 bytes
2026/Jun/29 06:33:31.798978 USER TC_26_6_5_2_5.ttcn3:209 L3_Port: RAW GSMTAP hdr->arfcn=0x4033 RxArfcn=0x4033 Uplink=1 Chan=8 Len=23
2026/Jun/29 06:33:31.798985 USER TC_26_6_5_2_5.ttcn3:209 L3_Port: RX: 01 20 45 03 45 04 04 60 02 00 81 5E 04 81 21 43 F5 15 01 01 2B 2B 2B 
2026/Jun/29 06:33:31.798991 PORTEVENT TC_26_6_5_2_5.ttcn3:209 Message enqueued on L from system octetstring : '01204503450404600200815E04812143F51501012B2B2B'O id 16
2026/Jun/29 06:33:31.798996 USER TC_26_6_5_2_5.ttcn3:209 L3_Port: Message delivered to TTCN-3
2026/Jun/29 06:33:32.721484 USER TC_26_6_5_2_5.ttcn3:209 L3_Port: Received 39 bytes
2026/Jun/29 06:33:32.721557 USER TC_26_6_5_2_5.ttcn3:209 L3_Port: RAW GSMTAP hdr->arfcn=0x4033 RxArfcn=0x4033 Uplink=1 Chan=136 Len=23
2026/Jun/29 06:33:32.721579 USER TC_26_6_5_2_5.ttcn3:209 L3_Port: RX: 13 00 01 03 49 06 15 3F 3F 01 C0 00 00 00 00 00 00 00 00 00 00 00 00 
2026/Jun/29 06:33:32.721601 PORTEVENT TC_26_6_5_2_5.ttcn3:209 Message enqueued on L from system octetstring : '130001034906153F3F01C0000000000000000000000000'O id 17
2026/Jun/29 06:33:32.721621 USER TC_26_6_5_2_5.ttcn3:209 L3_Port: Message delivered to TTCN-3
2026/Jun/29 06:33:33.154629 TIMEROP TC_26_6_5_2_5.ttcn3:212 Timeout T_lu_idle: 5 s
2026/Jun/29 06:33:33.154722 USER TC_26_6_5_2_5.ttcn3:215 *** Phase 1 complete: mobile should be idle-updated ***
2026/Jun/29 06:33:33.154801 USER GSM_Component_Definitions.ttcn3:455 VTY: Sending command: "show subscriber"
2026/Jun/29 06:33:33.154881 PORTEVENT GSM_Component_Definitions.ttcn3:456 Sent on VTY to system charstring : "show subscriber"
2026/Jun/29 06:33:33.154939 USER GSM_Component_Definitions.ttcn3:456 VTY_PT: Sending command: "show subscriber"
2026/Jun/29 06:33:33.355193 USER GSM_Component_Definitions.ttcn3:456 VTY_PT: Received response: 
% (MS 1)
% Power off!

% (MS 1)
% Trying to register with network International, 70...

% (MS 1)
% On Network, normal service: International, 70
show subscriber
Mobile Subscriber of MS '1':
 IMSI: 901700000000001
 Status: U1_UPDATED  IMSI attached
         LAI: 901-70-4242  (International, 70)
 GPRS Status: GU0_NULL IMSI detached  PTMSI 0xffffffff  PTMSI-sig 0x000000  RAI: invalid
  P-TMSI 0x00000000 Registered PLMN: MCC-MNC 901-70  (International, 70)
 Access barred cells: no
 Access classes: C0 C1 C2 C3 C4 C5 C6 C7 C8 C9 C10 C11 C12 C13 C14 C15

OsmocomBB(mobile)> 
OsmocomBB(mobile)> 
2026/Jun/29 06:33:33.355331 PORTEVENT GSM_Component_Definitions.ttcn3:456 Message enqueued on VTY from system charstring : "\r\n% (MS 1)\r\n% Power off!\r\n\r\n% (MS 1)\r\n% Trying to register with network International, 70...\r\n\r\n% (MS 1)\r\n% On Network, normal service: International, 70\r\nshow subscriber\r\nMobile Subscriber of MS '1':\r\n IMSI: 901700000000001\r\n Status: U1_UPDATED  IMSI attached\r\n         LAI: 901-70-4242  (International, 70)\r\n GPRS Status: GU0_NULL IMSI detached  PTMSI 0xffffffff  PTMSI-sig 0x000000  RAI: invalid\r\n  P-TMSI 0x00000000 Registered PLMN: MCC-MNC 901-70  (International, 70)\r\n Access barred cells: no\r\n Access classes: C0 C1 C2 C3 C4 C5 C6 C7 C8 C9 C10 C11 C12 C13 C14 C15\r\n\r\nOsmocomBB(mobile)> \r\nOsmocomBB(mobile)> " id 1
2026/Jun/29 06:33:33.355359 TIMEROP GSM_Component_Definitions.ttcn3:459 Start timer T_vty: 5 s
2026/Jun/29 06:33:33.355404 PORTEVENT GSM_Component_Definitions.ttcn3:462 Receive operation on port VTY succeeded, message from system(): charstring : "\r\n% (MS 1)\r\n% Power off!\r\n\r\n% (MS 1)\r\n% Trying to register with network International, 70...\r\n\r\n% (MS 1)\r\n% On Network, normal service: International, 70\r\nshow subscriber\r\nMobile Subscriber of MS '1':\r\n IMSI: 901700000000001\r\n Status: U1_UPDATED  IMSI attached\r\n         LAI: 901-70-4242  (International, 70)\r\n GPRS Status: GU0_NULL IMSI detached  PTMSI 0xffffffff  PTMSI-sig 0x000000  RAI: invalid\r\n  P-TMSI 0x00000000 Registered PLMN: MCC-MNC 901-70  (International, 70)\r\n Access barred cells: no\r\n Access classes: C0 C1 C2 C3 C4 C5 C6 C7 C8 C9 C10 C11 C12 C13 C14 C15\r\n\r\nOsmocomBB(mobile)> \r\nOsmocomBB(mobile)> " id 1
2026/Jun/29 06:33:33.355415 PORTEVENT GSM_Component_Definitions.ttcn3:462 Message with id 1 was extracted from the queue of VTY.
2026/Jun/29 06:33:33.355426 TIMEROP GSM_Component_Definitions.ttcn3:463 Stop timer T_vty: 5 s
2026/Jun/29 06:33:33.355431 USER GSM_Component_Definitions.ttcn3:464 VTY: Received response: "\r\n% (MS 1)\r\n% Power off!\r\n\r\n% (MS 1)\r\n% Trying to register with network International, 70...\r\n\r\n% (MS 1)\r\n% On Network, normal service: International, 70\r\nshow subscriber\r\nMobile Subscriber of MS '1':\r\n IMSI: 901700000000001\r\n Status: U1_UPDATED  IMSI attached\r\n         LAI: 901-70-4242  (International, 70)\r\n GPRS Status: GU0_NULL IMSI detached  PTMSI 0xffffffff  PTMSI-sig 0x000000  RAI: invalid\r\n  P-TMSI 0x00000000 Registered PLMN: MCC-MNC 901-70  (International, 70)\r\n Access barred cells: no\r\n Access classes: C0 C1 C2 C3 C4 C5 C6 C7 C8 C9 C10 C11 C12 C13 C14 C15\r\n\r\nOsmocomBB(mobile)> \r\nOsmocomBB(mobile)> "
2026/Jun/29 06:33:33.355463 USER TC_26_6_5_2_5.ttcn3:219 *** Subscriber state after LU: "\r\n% (MS 1)\r\n% Power off!\r\n\r\n% (MS 1)\r\n% Trying to register with network International, 70...\r\n\r\n% (MS 1)\r\n% On Network, normal service: International, 70\r\nshow subscriber\r\nMobile Subscriber of MS '1':\r\n IMSI: 901700000000001\r\n Status: U1_UPDATED  IMSI attached\r\n         LAI: 901-70-4242  (International, 70)\r\n GPRS Status: GU0_NULL IMSI detached  PTMSI 0xffffffff  PTMSI-sig 0x000000  RAI: invalid\r\n  P-TMSI 0x00000000 Registered PLMN: MCC-MNC 901-70  (International, 70)\r\n Access barred cells: no\r\n Access classes: C0 C1 C2 C3 C4 C5 C6 C7 C8 C9 C10 C11 C12 C13 C14 C15\r\n\r\nOsmocomBB(mobile)> \r\nOsmocomBB(mobile)> " ***
2026/Jun/29 06:33:33.355502 USER TC_26_6_5_2_5.ttcn3:229 *** Phase 2: MO call initiation (spec [9] +Est_MO_Call_init) ***
2026/Jun/29 06:33:33.355510 TIMEROP TC_26_6_5_2_5.ttcn3:233 Start timer T_drain2: 1 s
2026/Jun/29 06:33:33.662860 USER TC_26_6_5_2_5.ttcn3:234 L3_Port: Received 39 bytes
2026/Jun/29 06:33:33.662909 USER TC_26_6_5_2_5.ttcn3:234 L3_Port: RAW GSMTAP hdr->arfcn=0x4033 RxArfcn=0x4033 Uplink=1 Chan=136 Len=23
2026/Jun/29 06:33:33.662919 USER TC_26_6_5_2_5.ttcn3:234 L3_Port: RX: 13 00 01 03 49 06 15 3F 3F 01 C0 00 00 00 00 00 00 00 00 00 00 00 00 
2026/Jun/29 06:33:33.662930 PORTEVENT TC_26_6_5_2_5.ttcn3:234 Message enqueued on L from system octetstring : '130001034906153F3F01C0000000000000000000000000'O id 18
2026/Jun/29 06:33:33.662942 USER TC_26_6_5_2_5.ttcn3:234 L3_Port: Message delivered to TTCN-3
2026/Jun/29 06:33:34.355677 TIMEROP TC_26_6_5_2_5.ttcn3:237 Timeout T_drain2: 1 s
2026/Jun/29 06:33:34.355757 USER GSM_Component_Definitions.ttcn3:455 VTY: Sending command: "enable"
2026/Jun/29 06:33:34.355814 PORTEVENT GSM_Component_Definitions.ttcn3:456 Sent on VTY to system charstring : "enable"
2026/Jun/29 06:33:34.355870 USER GSM_Component_Definitions.ttcn3:456 VTY_PT: Sending command: "enable"
2026/Jun/29 06:33:34.556068 USER GSM_Component_Definitions.ttcn3:456 VTY_PT: Received response: enable
OsmocomBB(mobile)# 
OsmocomBB(mobile)# 
2026/Jun/29 06:33:34.556146 PORTEVENT GSM_Component_Definitions.ttcn3:456 Message enqueued on VTY from system charstring : "enable\r\nOsmocomBB(mobile)# \r\nOsmocomBB(mobile)# " id 2
2026/Jun/29 06:33:34.556164 TIMEROP GSM_Component_Definitions.ttcn3:459 Start timer T_vty: 5 s
2026/Jun/29 06:33:34.556184 PORTEVENT GSM_Component_Definitions.ttcn3:462 Receive operation on port VTY succeeded, message from system(): charstring : "enable\r\nOsmocomBB(mobile)# \r\nOsmocomBB(mobile)# " id 2
2026/Jun/29 06:33:34.556192 PORTEVENT GSM_Component_Definitions.ttcn3:462 Message with id 2 was extracted from the queue of VTY.
2026/Jun/29 06:33:34.556196 TIMEROP GSM_Component_Definitions.ttcn3:463 Stop timer T_vty: 5 s
2026/Jun/29 06:33:34.556200 USER GSM_Component_Definitions.ttcn3:464 VTY: Received response: "enable\r\nOsmocomBB(mobile)# \r\nOsmocomBB(mobile)# "
2026/Jun/29 06:33:34.556211 USER TC_26_6_5_2_5.ttcn3:242 VTY enable: "enable\r\nOsmocomBB(mobile)# \r\nOsmocomBB(mobile)# "
2026/Jun/29 06:33:34.556220 USER GSM_Component_Definitions.ttcn3:455 VTY: Sending command: "enable"
2026/Jun/29 06:33:34.556227 PORTEVENT GSM_Component_Definitions.ttcn3:456 Sent on VTY to system charstring : "enable"
2026/Jun/29 06:33:34.556233 USER GSM_Component_Definitions.ttcn3:456 VTY_PT: Sending command: "enable"
2026/Jun/29 06:33:34.756370 USER GSM_Component_Definitions.ttcn3:456 VTY_PT: Received response: enable
% Unknown command.
OsmocomBB(mobile)# 
OsmocomBB(mobile)# 
2026/Jun/29 06:33:34.756450 PORTEVENT GSM_Component_Definitions.ttcn3:456 Message enqueued on VTY from system charstring : "enable\r\n% Unknown command.\r\nOsmocomBB(mobile)# \r\nOsmocomBB(mobile)# " id 3
2026/Jun/29 06:33:34.756469 TIMEROP GSM_Component_Definitions.ttcn3:459 Start timer T_vty: 5 s
2026/Jun/29 06:33:34.756488 PORTEVENT GSM_Component_Definitions.ttcn3:462 Receive operation on port VTY succeeded, message from system(): charstring : "enable\r\n% Unknown command.\r\nOsmocomBB(mobile)# \r\nOsmocomBB(mobile)# " id 3
2026/Jun/29 06:33:34.756496 PORTEVENT GSM_Component_Definitions.ttcn3:462 Message with id 3 was extracted from the queue of VTY.
2026/Jun/29 06:33:34.756500 TIMEROP GSM_Component_Definitions.ttcn3:463 Stop timer T_vty: 5 s
2026/Jun/29 06:33:34.756504 USER GSM_Component_Definitions.ttcn3:464 VTY: Received response: "enable\r\n% Unknown command.\r\nOsmocomBB(mobile)# \r\nOsmocomBB(mobile)# "
2026/Jun/29 06:33:34.756517 USER TC_26_6_5_2_5.ttcn3:244 VTY enable (2): "enable\r\n% Unknown command.\r\nOsmocomBB(mobile)# \r\nOsmocomBB(mobile)# "
2026/Jun/29 06:33:34.756525 USER GSM_Component_Definitions.ttcn3:455 VTY: Sending command: "call 1 12345"
2026/Jun/29 06:33:34.756541 PORTEVENT GSM_Component_Definitions.ttcn3:456 Sent on VTY to system charstring : "call 1 12345"
2026/Jun/29 06:33:34.756548 USER GSM_Component_Definitions.ttcn3:456 VTY_PT: Sending command: "call 1 12345"
2026/Jun/29 06:33:34.956677 USER GSM_Component_Definitions.ttcn3:456 VTY_PT: Received response: call 1 12345
OsmocomBB(mobile)# 
OsmocomBB(mobile)# 
2026/Jun/29 06:33:34.956745 PORTEVENT GSM_Component_Definitions.ttcn3:456 Message enqueued on VTY from system charstring : "call 1 12345\r\nOsmocomBB(mobile)# \r\nOsmocomBB(mobile)# " id 4
2026/Jun/29 06:33:34.956764 TIMEROP GSM_Component_Definitions.ttcn3:459 Start timer T_vty: 5 s
2026/Jun/29 06:33:34.956783 PORTEVENT GSM_Component_Definitions.ttcn3:462 Receive operation on port VTY succeeded, message from system(): charstring : "call 1 12345\r\nOsmocomBB(mobile)# \r\nOsmocomBB(mobile)# " id 4
2026/Jun/29 06:33:34.956791 PORTEVENT GSM_Component_Definitions.ttcn3:462 Message with id 4 was extracted from the queue of VTY.
2026/Jun/29 06:33:34.956795 TIMEROP GSM_Component_Definitions.ttcn3:463 Stop timer T_vty: 5 s
2026/Jun/29 06:33:34.956800 USER GSM_Component_Definitions.ttcn3:464 VTY: Received response: "call 1 12345\r\nOsmocomBB(mobile)# \r\nOsmocomBB(mobile)# "
2026/Jun/29 06:33:34.956810 USER TC_26_6_5_2_5.ttcn3:246 VTY call command: "call 1 12345\r\nOsmocomBB(mobile)# \r\nOsmocomBB(mobile)# "
2026/Jun/29 06:33:34.956832 USER TC_26_6_5_2_5.ttcn3:249 *** Waiting for CHAN_RQD ***
2026/Jun/29 06:33:34.956840 TIMEROP TC_26_6_5_2_5.ttcn3:251 Start timer T_rqd: 30 s
2026/Jun/29 06:33:34.956849 PORTEVENT TC_26_6_5_2_5.ttcn3:263 Receive operation on port L succeeded, message from system(): octetstring: 'EE0000AEFF'O id 12
2026/Jun/29 06:33:34.956854 PORTEVENT TC_26_6_5_2_5.ttcn3:263 Message with id 12 was extracted from the queue of L.
2026/Jun/29 06:33:34.956859 PORTEVENT TC_26_6_5_2_5.ttcn3:263 Receive operation on port L succeeded, message from system(): octetstring: '013F4105247103331F010899100700000000102B2B2B2B'O id 13
2026/Jun/29 06:33:34.956862 PORTEVENT TC_26_6_5_2_5.ttcn3:263 Message with id 13 was extracted from the queue of L.
2026/Jun/29 06:33:34.956867 PORTEVENT TC_26_6_5_2_5.ttcn3:263 Receive operation on port L succeeded, message from system(): octetstring: '0E000103490615004001C0000000000000000000000000'O id 14
2026/Jun/29 06:33:34.956870 PORTEVENT TC_26_6_5_2_5.ttcn3:263 Message with id 14 was extracted from the queue of L.
2026/Jun/29 06:33:34.956874 PORTEVENT TC_26_6_5_2_5.ttcn3:263 Receive operation on port L succeeded, message from system(): octetstring: '0321012B2B2B2B2B2B2B2B2B2B2B2B2B2B2B2B2B2B2B2B'O id 15
2026/Jun/29 06:33:34.956877 PORTEVENT TC_26_6_5_2_5.ttcn3:263 Message with id 15 was extracted from the queue of L.
2026/Jun/29 06:33:34.956881 PORTEVENT TC_26_6_5_2_5.ttcn3:263 Receive operation on port L succeeded, message from system(): octetstring: '01204503450404600200815E04812143F51501012B2B2B'O id 16
2026/Jun/29 06:33:34.956884 PORTEVENT TC_26_6_5_2_5.ttcn3:263 Message with id 16 was extracted from the queue of L.
2026/Jun/29 06:33:34.956888 PORTEVENT TC_26_6_5_2_5.ttcn3:263 Receive operation on port L succeeded, message from system(): octetstring: '130001034906153F3F01C0000000000000000000000000'O id 17
2026/Jun/29 06:33:34.956891 PORTEVENT TC_26_6_5_2_5.ttcn3:263 Message with id 17 was extracted from the queue of L.
2026/Jun/29 06:33:34.956895 PORTEVENT TC_26_6_5_2_5.ttcn3:263 Receive operation on port L succeeded, message from system(): octetstring: '130001034906153F3F01C0000000000000000000000000'O id 18
2026/Jun/29 06:33:34.956898 PORTEVENT TC_26_6_5_2_5.ttcn3:263 Message with id 18 was extracted from the queue of L.
2026/Jun/29 06:33:34.956915 USER TC_26_6_5_2_5.ttcn3:252 L3_Port: Received 39 bytes
2026/Jun/29 06:33:34.956923 USER TC_26_6_5_2_5.ttcn3:252 L3_Port: RAW GSMTAP hdr->arfcn=0x4033 RxArfcn=0x4033 Uplink=1 Chan=136 Len=23
2026/Jun/29 06:33:34.956931 USER TC_26_6_5_2_5.ttcn3:252 L3_Port: RX: 13 00 01 03 49 06 15 3F 3F 01 C0 00 00 00 00 00 00 00 00 00 00 00 00 
2026/Jun/29 06:33:34.956949 PORTEVENT TC_26_6_5_2_5.ttcn3:252 Message enqueued on L from system octetstring : '130001034906153F3F01C0000000000000000000000000'O id 19
2026/Jun/29 06:33:34.956953 USER TC_26_6_5_2_5.ttcn3:252 L3_Port: Message delivered to TTCN-3
2026/Jun/29 06:33:34.956959 PORTEVENT TC_26_6_5_2_5.ttcn3:263 Receive operation on port L succeeded, message from system(): octetstring: '130001034906153F3F01C0000000000000000000000000'O id 19
2026/Jun/29 06:33:34.956963 PORTEVENT TC_26_6_5_2_5.ttcn3:263 Message with id 19 was extracted from the queue of L.
2026/Jun/29 06:33:35.153784 USER TC_26_6_5_2_5.ttcn3:252 BSC_Port: RX: {"event": "CHAN_RQD", "data": {"ra": 230, "frame_number": 1909, "frame_number_encoded": 2763, "unit_id": "4242/0/0"}}
2026/Jun/29 06:33:35.153906 PORTEVENT TC_26_6_5_2_5.ttcn3:252 Message enqueued on BSC from system charstring : "{\"event\": \"CHAN_RQD\", \"data\": {\"ra\": 230, \"frame_number\": 1909, \"frame_number_encoded\": 2763, \"unit_id\": \"4242/0/0\"}}" id 53
2026/Jun/29 06:33:35.153954 PORTEVENT TC_26_6_5_2_5.ttcn3:253 Receive operation on port BSC succeeded, message from system(): charstring : "{\"event\": \"CHAN_RQD\", \"data\": {\"ra\": 230, \"frame_number\": 1909, \"frame_number_encoded\": 2763, \"unit_id\": \"4242/0/0\"}}" id 53
2026/Jun/29 06:33:35.153973 PORTEVENT TC_26_6_5_2_5.ttcn3:253 Message with id 53 was extracted from the queue of BSC.
2026/Jun/29 06:33:35.154112 USER GSM_Functions.ttcn3:365 f_extractJsonInt: Searching for key '"ra"' in JSON: "{\"event\": \"CHAN_RQD\", \"data\": {\"ra\": 230, \"frame_number\": 1909, \"frame_number_encoded\": 2763, \"unit_id\": \"4242/0/0\"}}"
2026/Jun/29 06:33:35.154172 USER GSM_Functions.ttcn3:372 f_extractJsonInt: Found key at position 31 (pattern: "\"ra\":")
2026/Jun/29 06:33:35.154207 USER GSM_Functions.ttcn3:422 f_extractJsonInt: Extracted number string '"230"' => integer 230
2026/Jun/29 06:33:35.154227 USER GSM_Functions.ttcn3:365 f_extractJsonInt: Searching for key '"frame_number_encoded"' in JSON: "{\"event\": \"CHAN_RQD\", \"data\": {\"ra\": 230, \"frame_number\": 1909, \"frame_number_encoded\": 2763, \"unit_id\": \"4242/0/0\"}}"
2026/Jun/29 06:33:35.154276 USER GSM_Functions.ttcn3:372 f_extractJsonInt: Found key at position 64 (pattern: "\"frame_number_encoded\":")
2026/Jun/29 06:33:35.154302 USER GSM_Functions.ttcn3:422 f_extractJsonInt: Extracted number string '"2763"' => integer 2763
2026/Jun/29 06:33:35.154321 TIMEROP TC_26_6_5_2_5.ttcn3:257 Stop timer T_rqd: 30 s
2026/Jun/29 06:33:35.154343 USER TC_26_6_5_2_5.ttcn3:258 *** CHAN_RQD: RA=230 FN_enc=2763 ***
2026/Jun/29 06:33:35.154361 USER TC_26_6_5_2_5.ttcn3:274 *** Sending CMD_SEND_IMM_ASS_EXT -> SDCCH/8 TS1 ARFCN 51 ***
2026/Jun/29 06:33:35.154411 PORTEVENT TC_26_6_5_2_5.ttcn3:284 Sent on BSC to system charstring : "{\"command\": \"CMD_SEND_IMM_ASS_EXT\", \"req_ref1\": {\"ra\": 230, \"frame_number\": 0, \"frame_number_encoded\": 2763}, \"req_ref2\": {\"ra\": 255, \"frame_number\": 0, \"frame_number_encoded\": 0}, \"chan_desc1\": {\"ts\": 1, \"subslot\": 0, \"arfcn\": 51, \"chan_type\": 1}, \"chan_desc2\": {\"ts\": 1, \"subslot\": 1, \"arfcn\": 51, \"chan_type\": 1}, \"timing_advance\": 0}"
2026/Jun/29 06:33:35.154519 USER TC_26_6_5_2_5.ttcn3:284 BSC_Port: TX: {"command": "CMD_SEND_IMM_ASS_EXT", "req_ref1": {"ra": 230, "frame_number": 0, "frame_number_encoded": 2763}, "req_ref2": {"ra": 255, "frame_number": 0, "frame_number_encoded": 0}, "chan_desc1": {"ts": 1, "subslot": 0, "arfcn": 51, "chan_type": 1}, "chan_desc2": {"ts": 1, "subslot": 1, "arfcn": 51, "chan_type": 1}, "timing_advance": 0}
2026/Jun/29 06:33:35.154541 TIMEROP TC_26_6_5_2_5.ttcn3:287 Start timer T_imm: 10 s
2026/Jun/29 06:33:35.156296 USER TC_26_6_5_2_5.ttcn3:288 BSC_Port: RX: {"status": "ok"}
2026/Jun/29 06:33:35.156333 PORTEVENT TC_26_6_5_2_5.ttcn3:288 Message enqueued on BSC from system charstring : "{\"status\": \"ok\"}" id 54
2026/Jun/29 06:33:35.156353 PORTEVENT TC_26_6_5_2_5.ttcn3:289 Receive operation on port BSC succeeded, message from system(): charstring : "{\"status\": \"ok\"}" id 54
2026/Jun/29 06:33:35.156380 PORTEVENT TC_26_6_5_2_5.ttcn3:289 Message with id 54 was extracted from the queue of BSC.
2026/Jun/29 06:33:35.156540 TIMEROP TC_26_6_5_2_5.ttcn3:291 Stop timer T_imm: 10 s
2026/Jun/29 06:33:35.156556 USER TC_26_6_5_2_5.ttcn3:291 *** IMM_ASS_EXT sent ***
2026/Jun/29 06:33:35.156571 USER TC_26_6_5_2_5.ttcn3:312 *** Waiting for ESTABLISH_IND on SDCCH (n51) ***
2026/Jun/29 06:33:35.156582 TIMEROP TC_26_6_5_2_5.ttcn3:314 Start timer T_est: 20 s
2026/Jun/29 06:33:35.217881 USER TC_26_6_5_2_5.ttcn3:315 BSC_Port: RX: {"event": "ESTABLISH_IND", "data": {"chan_nr": 65, "bsc_slr": 65, "l3_data": "05247103331f01089910070000000010"}}
2026/Jun/29 06:33:35.217970 PORTEVENT TC_26_6_5_2_5.ttcn3:315 Message enqueued on BSC from system charstring : "{\"event\": \"ESTABLISH_IND\", \"data\": {\"chan_nr\": 65, \"bsc_slr\": 65, \"l3_data\": \"05247103331f01089910070000000010\"}}" id 55
2026/Jun/29 06:33:35.218014 PORTEVENT TC_26_6_5_2_5.ttcn3:316 Receive operation on port BSC succeeded, message from system(): charstring : "{\"event\": \"ESTABLISH_IND\", \"data\": {\"chan_nr\": 65, \"bsc_slr\": 65, \"l3_data\": \"05247103331f01089910070000000010\"}}" id 55
2026/Jun/29 06:33:35.218031 PORTEVENT TC_26_6_5_2_5.ttcn3:316 Message with id 55 was extracted from the queue of BSC.
2026/Jun/29 06:33:35.218310 USER GSM_Functions.ttcn3:365 f_extractJsonInt: Searching for key '"chan_nr"' in JSON: "{\"event\": \"ESTABLISH_IND\", \"data\": {\"chan_nr\": 65, \"bsc_slr\": 65, \"l3_data\": \"05247103331f01089910070000000010\"}}"
2026/Jun/29 06:33:35.218371 USER GSM_Functions.ttcn3:372 f_extractJsonInt: Found key at position 36 (pattern: "\"chan_nr\":")
2026/Jun/29 06:33:35.218404 USER GSM_Functions.ttcn3:422 f_extractJsonInt: Extracted number string '"65"' => integer 65
2026/Jun/29 06:33:35.218426 USER TC_26_6_5_2_5.ttcn3:321 *** FIX-071: CM SERVICE REQUEST in ESTABLISH_IND, chan_nr=65 ***
2026/Jun/29 06:33:35.218442 TIMEROP TC_26_6_5_2_5.ttcn3:323 Stop timer T_est: 20 s
2026/Jun/29 06:33:35.218460 USER TC_26_6_5_2_5.ttcn3:324 *** L2 established on SDCCH: "{\"event\": \"ESTABLISH_IND\", \"data\": {\"chan_nr\": 65, \"bsc_slr\": 65, \"l3_data\": \"05247103331f01089910070000000010\"}}" ***
2026/Jun/29 06:33:35.218487 USER TC_26_6_5_2_5.ttcn3:342 *** Waiting for CM SERVICE REQUEST ***
2026/Jun/29 06:33:35.218500 TIMEROP TC_26_6_5_2_5.ttcn3:344 Start timer T_cmsrq: 15 s
2026/Jun/29 06:33:35.218534 USER TC_26_6_5_2_5.ttcn3:345 BSC_Port: RX: {"event": "EVENT_CM_SERVICE_REQUEST", "data": {"chan_nr": 65, "bsc_slr": 65, "cm_service_request": true, "l3_data": "05247103331f01089910070000000010"}}
2026/Jun/29 06:33:35.218565 PORTEVENT TC_26_6_5_2_5.ttcn3:345 Message enqueued on BSC from system charstring : "{\"event\": \"EVENT_CM_SERVICE_REQUEST\", \"data\": {\"chan_nr\": 65, \"bsc_slr\": 65, \"cm_service_request\": true, \"l3_data\": \"05247103331f01089910070000000010\"}}" id 56
2026/Jun/29 06:33:35.218595 PORTEVENT TC_26_6_5_2_5.ttcn3:362 Receive operation on port BSC succeeded, message from system(): charstring : "{\"event\": \"EVENT_CM_SERVICE_REQUEST\", \"data\": {\"chan_nr\": 65, \"bsc_slr\": 65, \"cm_service_request\": true, \"l3_data\": \"05247103331f01089910070000000010\"}}" id 56
2026/Jun/29 06:33:35.218609 PORTEVENT TC_26_6_5_2_5.ttcn3:362 Message with id 56 was extracted from the queue of BSC.
2026/Jun/29 06:33:35.501532 USER TC_26_6_5_2_5.ttcn3:345 L3_Port: Received 39 bytes
2026/Jun/29 06:33:35.501610 USER TC_26_6_5_2_5.ttcn3:345 L3_Port: RAW GSMTAP hdr->arfcn=0x4033 RxArfcn=0x4033 Uplink=1 Chan=136 Len=23
2026/Jun/29 06:33:35.501634 USER TC_26_6_5_2_5.ttcn3:345 L3_Port: RX: 13 00 01 03 49 06 15 3F 3F 01 C0 00 00 00 00 00 00 00 00 00 00 00 00 
2026/Jun/29 06:33:35.501656 PORTEVENT TC_26_6_5_2_5.ttcn3:345 Message enqueued on L from system octetstring : '130001034906153F3F01C0000000000000000000000000'O id 20
2026/Jun/29 06:33:35.501675 USER TC_26_6_5_2_5.ttcn3:345 L3_Port: Message delivered to TTCN-3
2026/Jun/29 06:33:35.688223 USER TC_26_6_5_2_5.ttcn3:345 BSC_Port: RX: {"event": "DATA_IND", "data": {"chan_nr": 65, "bsc_slr": 65, "l3_data": "03450404600200815e04812143f5150101"}}
2026/Jun/29 06:33:35.688349 PORTEVENT TC_26_6_5_2_5.ttcn3:345 Message enqueued on BSC from system charstring : "{\"event\": \"DATA_IND\", \"data\": {\"chan_nr\": 65, \"bsc_slr\": 65, \"l3_data\": \"03450404600200815e04812143f5150101\"}}" id 57
2026/Jun/29 06:33:35.688399 PORTEVENT TC_26_6_5_2_5.ttcn3:362 Receive operation on port BSC succeeded, message from system(): charstring : "{\"event\": \"DATA_IND\", \"data\": {\"chan_nr\": 65, \"bsc_slr\": 65, \"l3_data\": \"03450404600200815e04812143f5150101\"}}" id 57
2026/Jun/29 06:33:35.688417 PORTEVENT TC_26_6_5_2_5.ttcn3:362 Message with id 57 was extracted from the queue of BSC.
2026/Jun/29 06:33:35.939996 USER TC_26_6_5_2_5.ttcn3:345 MSC_Port: RX: {"type": "HEARTBEAT"}
2026/Jun/29 06:33:35.940063 PORTEVENT TC_26_6_5_2_5.ttcn3:345 Message enqueued on MSC from system charstring : "{\"type\": \"HEARTBEAT\"}" id 9
2026/Jun/29 06:33:35.940085 PORTEVENT TC_26_6_5_2_5.ttcn3:346 Receive operation on port MSC succeeded, message from system(): charstring : "{\"type\": \"HEARTBEAT\"}" id 9
2026/Jun/29 06:33:35.940094 PORTEVENT TC_26_6_5_2_5.ttcn3:346 Message with id 9 was extracted from the queue of MSC.
2026/Jun/29 06:33:35.940165 USER TC_26_6_5_2_5.ttcn3:359 Event during CM_SRQ wait: "{\"type\": \"HEARTBEAT\"}"
2026/Jun/29 06:33:36.487733 USER TC_26_6_5_2_5.ttcn3:345 L3_Port: Received 39 bytes
2026/Jun/29 06:33:36.487814 USER TC_26_6_5_2_5.ttcn3:345 L3_Port: RAW GSMTAP hdr->arfcn=0x4033 RxArfcn=0x4033 Uplink=1 Chan=136 Len=23
2026/Jun/29 06:33:36.487869 USER TC_26_6_5_2_5.ttcn3:345 L3_Port: RX: 13 00 01 03 49 06 15 3F 3F 01 C0 00 00 00 00 00 00 00 00 00 00 00 00 
2026/Jun/29 06:33:36.487895 PORTEVENT TC_26_6_5_2_5.ttcn3:345 Message enqueued on L from system octetstring : '130001034906153F3F01C0000000000000000000000000'O id 21
2026/Jun/29 06:33:36.487917 USER TC_26_6_5_2_5.ttcn3:345 L3_Port: Message delivered to TTCN-3
2026/Jun/29 06:33:37.429690 USER TC_26_6_5_2_5.ttcn3:345 L3_Port: Received 39 bytes
2026/Jun/29 06:33:37.429772 USER TC_26_6_5_2_5.ttcn3:345 L3_Port: RAW GSMTAP hdr->arfcn=0x4033 RxArfcn=0x4033 Uplink=1 Chan=136 Len=23
2026/Jun/29 06:33:37.429797 USER TC_26_6_5_2_5.ttcn3:345 L3_Port: RX: 13 00 01 03 49 06 15 3F 3F 01 C0 00 00 00 00 00 00 00 00 00 00 00 00 
2026/Jun/29 06:33:37.429818 PORTEVENT TC_26_6_5_2_5.ttcn3:345 Message enqueued on L from system octetstring : '130001034906153F3F01C0000000000000000000000000'O id 22
2026/Jun/29 06:33:37.429864 USER TC_26_6_5_2_5.ttcn3:345 L3_Port: Message delivered to TTCN-3
2026/Jun/29 06:33:38.551671 USER TC_26_6_5_2_5.ttcn3:345 L3_Port: Received 39 bytes
2026/Jun/29 06:33:38.551730 USER TC_26_6_5_2_5.ttcn3:345 L3_Port: RAW GSMTAP hdr->arfcn=0x4033 RxArfcn=0x4033 Uplink=1 Chan=136 Len=23
2026/Jun/29 06:33:38.551743 USER TC_26_6_5_2_5.ttcn3:345 L3_Port: RX: 13 00 01 03 49 06 15 3F 3F 01 C0 00 00 00 00 00 00 00 00 00 00 00 00 
2026/Jun/29 06:33:38.551757 PORTEVENT TC_26_6_5_2_5.ttcn3:345 Message enqueued on L from system octetstring : '130001034906153F3F01C0000000000000000000000000'O id 23
2026/Jun/29 06:33:38.551771 USER TC_26_6_5_2_5.ttcn3:345 L3_Port: Message delivered to TTCN-3
2026/Jun/29 06:33:39.737566 USER TC_26_6_5_2_5.ttcn3:345 L3_Port: Received 39 bytes
2026/Jun/29 06:33:39.737652 USER TC_26_6_5_2_5.ttcn3:345 L3_Port: RAW GSMTAP hdr->arfcn=0x4033 RxArfcn=0x4033 Uplink=1 Chan=136 Len=23
2026/Jun/29 06:33:39.737680 USER TC_26_6_5_2_5.ttcn3:345 L3_Port: RX: 13 00 01 03 49 06 15 3F 3F 01 C0 00 00 00 00 00 00 00 00 00 00 00 00 
2026/Jun/29 06:33:39.737703 PORTEVENT TC_26_6_5_2_5.ttcn3:345 Message enqueued on L from system octetstring : '130001034906153F3F01C0000000000000000000000000'O id 24
2026/Jun/29 06:33:39.737724 USER TC_26_6_5_2_5.ttcn3:345 L3_Port: Message delivered to TTCN-3
2026/Jun/29 06:33:40.725316 USER TC_26_6_5_2_5.ttcn3:345 L3_Port: Received 39 bytes
2026/Jun/29 06:33:40.725397 USER TC_26_6_5_2_5.ttcn3:345 L3_Port: RAW GSMTAP hdr->arfcn=0x4033 RxArfcn=0x4033 Uplink=1 Chan=136 Len=23
2026/Jun/29 06:33:40.725424 USER TC_26_6_5_2_5.ttcn3:345 L3_Port: RX: 13 00 01 03 49 06 15 3F 3F 01 C0 00 00 00 00 00 00 00 00 00 00 00 00 
2026/Jun/29 06:33:40.725461 PORTEVENT TC_26_6_5_2_5.ttcn3:345 Message enqueued on L from system octetstring : '130001034906153F3F01C0000000000000000000000000'O id 25
2026/Jun/29 06:33:40.725482 USER TC_26_6_5_2_5.ttcn3:345 L3_Port: Message delivered to TTCN-3
2026/Jun/29 06:33:40.945140 USER TC_26_6_5_2_5.ttcn3:345 MSC_Port: RX: {"type": "HEARTBEAT"}
2026/Jun/29 06:33:40.945235 PORTEVENT TC_26_6_5_2_5.ttcn3:345 Message enqueued on MSC from system charstring : "{\"type\": \"HEARTBEAT\"}" id 10
2026/Jun/29 06:33:40.945273 PORTEVENT TC_26_6_5_2_5.ttcn3:346 Receive operation on port MSC succeeded, message from system(): charstring : "{\"type\": \"HEARTBEAT\"}" id 10
2026/Jun/29 06:33:40.945290 PORTEVENT TC_26_6_5_2_5.ttcn3:346 Message with id 10 was extracted from the queue of MSC.
2026/Jun/29 06:33:40.945444 USER TC_26_6_5_2_5.ttcn3:359 Event during CM_SRQ wait: "{\"type\": \"HEARTBEAT\"}"
2026/Jun/29 06:33:41.613582 USER TC_26_6_5_2_5.ttcn3:345 L3_Port: Received 39 bytes
2026/Jun/29 06:33:41.613634 USER TC_26_6_5_2_5.ttcn3:345 L3_Port: RAW GSMTAP hdr->arfcn=0x4038 RxArfcn=0x4038 Uplink=1 Chan=9 Len=23
2026/Jun/29 06:33:41.613643 USER TC_26_6_5_2_5.ttcn3:345 L3_Port: RX: 01 3F 01 2B 2B 2B 2B 2B 2B 2B 2B 2B 2B 2B 2B 2B 2B 2B 2B 2B 2B 2B 2B 
2026/Jun/29 06:33:41.613655 PORTEVENT TC_26_6_5_2_5.ttcn3:345 Message enqueued on L from system octetstring : '013F012B2B2B2B2B2B2B2B2B2B2B2B2B2B2B2B2B2B2B2B'O id 26
2026/Jun/29 06:33:41.613665 USER TC_26_6_5_2_5.ttcn3:345 L3_Port: Message delivered to TTCN-3
2026/Jun/29 06:33:41.615187 USER TC_26_6_5_2_5.ttcn3:345 L3_Port: Received 39 bytes
2026/Jun/29 06:33:41.615245 USER TC_26_6_5_2_5.ttcn3:345 L3_Port: RAW GSMTAP hdr->arfcn=0x4038 RxArfcn=0x4038 Uplink=1 Chan=137 Len=23
2026/Jun/29 06:33:41.615267 USER TC_26_6_5_2_5.ttcn3:345 L3_Port: RX: 00 00 01 03 49 06 15 00 40 01 C0 00 00 00 00 00 00 00 00 00 00 00 00 
2026/Jun/29 06:33:41.615285 PORTEVENT TC_26_6_5_2_5.ttcn3:345 Message enqueued on L from system octetstring : '00000103490615004001C0000000000000000000000000'O id 27
2026/Jun/29 06:33:41.615301 USER TC_26_6_5_2_5.ttcn3:345 L3_Port: Message delivered to TTCN-3
2026/Jun/29 06:33:41.683060 USER TC_26_6_5_2_5.ttcn3:345 L3_Port: Received 39 bytes
2026/Jun/29 06:33:41.683110 USER TC_26_6_5_2_5.ttcn3:345 L3_Port: RAW GSMTAP hdr->arfcn=0x4038 RxArfcn=0x4038 Uplink=1 Chan=9 Len=23
2026/Jun/29 06:33:41.683120 USER TC_26_6_5_2_5.ttcn3:345 L3_Port: RX: 01 00 0D 06 2C 00 2B 2B 2B 2B 2B 2B 2B 2B 2B 2B 2B 2B 2B 2B 2B 2B 2B 
2026/Jun/29 06:33:41.683133 PORTEVENT TC_26_6_5_2_5.ttcn3:345 Message enqueued on L from system octetstring : '01000D062C002B2B2B2B2B2B2B2B2B2B2B2B2B2B2B2B2B'O id 28
2026/Jun/29 06:33:41.683148 USER TC_26_6_5_2_5.ttcn3:345 L3_Port: Message delivered to TTCN-3
2026/Jun/29 06:33:42.683627 USER TC_26_6_5_2_5.ttcn3:345 L3_Port: Received 39 bytes
2026/Jun/29 06:33:42.683691 USER TC_26_6_5_2_5.ttcn3:345 L3_Port: RAW GSMTAP hdr->arfcn=0x4038 RxArfcn=0x4038 Uplink=1 Chan=137 Len=23
2026/Jun/29 06:33:42.683708 USER TC_26_6_5_2_5.ttcn3:345 L3_Port: RX: 00 00 01 03 49 06 15 3F 3F 01 C0 00 00 00 00 00 00 00 00 00 00 00 00 
2026/Jun/29 06:33:42.683724 PORTEVENT TC_26_6_5_2_5.ttcn3:345 Message enqueued on L from system octetstring : '000001034906153F3F01C0000000000000000000000000'O id 29
2026/Jun/29 06:33:42.683739 USER TC_26_6_5_2_5.ttcn3:345 L3_Port: Message delivered to TTCN-3
2026/Jun/29 06:33:43.644739 USER TC_26_6_5_2_5.ttcn3:345 L3_Port: Received 39 bytes
2026/Jun/29 06:33:43.644783 USER TC_26_6_5_2_5.ttcn3:345 L3_Port: RAW GSMTAP hdr->arfcn=0x4038 RxArfcn=0x4038 Uplink=1 Chan=137 Len=23
2026/Jun/29 06:33:43.644793 USER TC_26_6_5_2_5.ttcn3:345 L3_Port: RX: 00 00 01 03 49 06 15 3F 3F 01 C0 00 00 00 00 00 00 00 00 00 00 00 00 
2026/Jun/29 06:33:43.644804 PORTEVENT TC_26_6_5_2_5.ttcn3:345 Message enqueued on L from system octetstring : '000001034906153F3F01C0000000000000000000000000'O id 30
2026/Jun/29 06:33:43.644815 USER TC_26_6_5_2_5.ttcn3:345 L3_Port: Message delivered to TTCN-3
2026/Jun/29 06:33:44.718363 USER TC_26_6_5_2_5.ttcn3:345 L3_Port: Received 39 bytes
2026/Jun/29 06:33:44.718418 USER TC_26_6_5_2_5.ttcn3:345 L3_Port: RAW GSMTAP hdr->arfcn=0x4038 RxArfcn=0x4038 Uplink=1 Chan=137 Len=23
2026/Jun/29 06:33:44.718428 USER TC_26_6_5_2_5.ttcn3:345 L3_Port: RX: 00 00 01 03 49 06 15 3F 3F 01 C0 00 00 00 00 00 00 00 00 00 00 00 00 
2026/Jun/29 06:33:44.718439 PORTEVENT TC_26_6_5_2_5.ttcn3:345 Message enqueued on L from system octetstring : '000001034906153F3F01C0000000000000000000000000'O id 31
2026/Jun/29 06:33:44.718448 USER TC_26_6_5_2_5.ttcn3:345 L3_Port: Message delivered to TTCN-3
2026/Jun/29 06:33:45.684762 USER TC_26_6_5_2_5.ttcn3:345 L3_Port: Received 39 bytes
2026/Jun/29 06:33:45.684875 USER TC_26_6_5_2_5.ttcn3:345 L3_Port: RAW GSMTAP hdr->arfcn=0x4038 RxArfcn=0x4038 Uplink=1 Chan=137 Len=23
2026/Jun/29 06:33:45.684904 USER TC_26_6_5_2_5.ttcn3:345 L3_Port: RX: 00 00 01 03 49 06 15 3F 3F 01 C0 00 00 00 00 00 00 00 00 00 00 00 00 
2026/Jun/29 06:33:45.684928 PORTEVENT TC_26_6_5_2_5.ttcn3:345 Message enqueued on L from system octetstring : '000001034906153F3F01C0000000000000000000000000'O id 32
2026/Jun/29 06:33:45.684951 USER TC_26_6_5_2_5.ttcn3:345 L3_Port: Message delivered to TTCN-3
2026/Jun/29 06:33:45.949999 USER TC_26_6_5_2_5.ttcn3:345 MSC_Port: RX: {"type": "HEARTBEAT"}
2026/Jun/29 06:33:45.950062 PORTEVENT TC_26_6_5_2_5.ttcn3:345 Message enqueued on MSC from system charstring : "{\"type\": \"HEARTBEAT\"}" id 11
2026/Jun/29 06:33:45.950085 PORTEVENT TC_26_6_5_2_5.ttcn3:346 Receive operation on port MSC succeeded, message from system(): charstring : "{\"type\": \"HEARTBEAT\"}" id 11
2026/Jun/29 06:33:45.950093 PORTEVENT TC_26_6_5_2_5.ttcn3:346 Message with id 11 was extracted from the queue of MSC.
2026/Jun/29 06:33:45.950167 USER TC_26_6_5_2_5.ttcn3:359 Event during CM_SRQ wait: "{\"type\": \"HEARTBEAT\"}"
2026/Jun/29 06:33:46.644580 USER TC_26_6_5_2_5.ttcn3:345 L3_Port: Received 39 bytes
2026/Jun/29 06:33:46.644665 USER TC_26_6_5_2_5.ttcn3:345 L3_Port: RAW GSMTAP hdr->arfcn=0x4038 RxArfcn=0x4038 Uplink=1 Chan=137 Len=23
2026/Jun/29 06:33:46.644692 USER TC_26_6_5_2_5.ttcn3:345 L3_Port: RX: 00 00 01 03 49 06 15 3F 3F 01 C0 00 00 00 00 00 00 00 00 00 00 00 00 
2026/Jun/29 06:33:46.644717 PORTEVENT TC_26_6_5_2_5.ttcn3:345 Message enqueued on L from system octetstring : '000001034906153F3F01C0000000000000000000000000'O id 33
2026/Jun/29 06:33:46.644739 USER TC_26_6_5_2_5.ttcn3:345 L3_Port: Message delivered to TTCN-3
2026/Jun/29 06:33:47.723307 USER TC_26_6_5_2_5.ttcn3:345 L3_Port: Received 39 bytes
2026/Jun/29 06:33:47.723396 USER TC_26_6_5_2_5.ttcn3:345 L3_Port: RAW GSMTAP hdr->arfcn=0x4038 RxArfcn=0x4038 Uplink=1 Chan=137 Len=23
2026/Jun/29 06:33:47.723423 USER TC_26_6_5_2_5.ttcn3:345 L3_Port: RX: 00 00 01 03 49 06 15 3F 3F 01 C0 00 00 00 00 00 00 00 00 00 00 00 00 
2026/Jun/29 06:33:47.723447 PORTEVENT TC_26_6_5_2_5.ttcn3:345 Message enqueued on L from system octetstring : '000001034906153F3F01C0000000000000000000000000'O id 34
2026/Jun/29 06:33:47.723469 USER TC_26_6_5_2_5.ttcn3:345 L3_Port: Message delivered to TTCN-3
2026/Jun/29 06:33:48.684445 USER TC_26_6_5_2_5.ttcn3:345 L3_Port: Received 39 bytes
2026/Jun/29 06:33:48.684509 USER TC_26_6_5_2_5.ttcn3:345 L3_Port: RAW GSMTAP hdr->arfcn=0x4038 RxArfcn=0x4038 Uplink=1 Chan=137 Len=23
2026/Jun/29 06:33:48.684521 USER TC_26_6_5_2_5.ttcn3:345 L3_Port: RX: 00 00 01 03 49 06 15 3F 3F 01 C0 00 00 00 00 00 00 00 00 00 00 00 00 
2026/Jun/29 06:33:48.684534 PORTEVENT TC_26_6_5_2_5.ttcn3:345 Message enqueued on L from system octetstring : '000001034906153F3F01C0000000000000000000000000'O id 35
2026/Jun/29 06:33:48.684546 USER TC_26_6_5_2_5.ttcn3:345 L3_Port: Message delivered to TTCN-3
2026/Jun/29 06:33:49.643223 USER TC_26_6_5_2_5.ttcn3:345 L3_Port: Received 39 bytes
2026/Jun/29 06:33:49.643309 USER TC_26_6_5_2_5.ttcn3:345 L3_Port: RAW GSMTAP hdr->arfcn=0x4038 RxArfcn=0x4038 Uplink=1 Chan=137 Len=23
2026/Jun/29 06:33:49.643334 USER TC_26_6_5_2_5.ttcn3:345 L3_Port: RX: 00 00 01 03 49 06 15 3F 3F 01 C0 00 00 00 00 00 00 00 00 00 00 00 00 
2026/Jun/29 06:33:49.643358 PORTEVENT TC_26_6_5_2_5.ttcn3:345 Message enqueued on L from system octetstring : '000001034906153F3F01C0000000000000000000000000'O id 36
2026/Jun/29 06:33:49.643395 USER TC_26_6_5_2_5.ttcn3:345 L3_Port: Message delivered to TTCN-3
2026/Jun/29 06:33:50.218853 TIMEROP TC_26_6_5_2_5.ttcn3:370 Timeout T_cmsrq: 15 s
2026/Jun/29 06:33:50.218917 USER TC_26_6_5_2_5.ttcn3:371 "*** No CM SERVICE REQUEST event " & char(0, 0, 32, 20) & " continuing ***"
2026/Jun/29 06:33:50.218986 TIMEROP TC_26_6_5_2_5.ttcn3:379 Start timer T_setup_nsd: 5 s
2026/Jun/29 06:33:50.722558 USER TC_26_6_5_2_5.ttcn3:380 L3_Port: Received 39 bytes
2026/Jun/29 06:33:50.722607 USER TC_26_6_5_2_5.ttcn3:380 L3_Port: RAW GSMTAP hdr->arfcn=0x4038 RxArfcn=0x4038 Uplink=1 Chan=137 Len=23
2026/Jun/29 06:33:50.722616 USER TC_26_6_5_2_5.ttcn3:380 L3_Port: RX: 00 00 01 03 49 06 15 3F 3F 01 C0 00 00 00 00 00 00 00 00 00 00 00 00 
2026/Jun/29 06:33:50.722629 PORTEVENT TC_26_6_5_2_5.ttcn3:380 Message enqueued on L from system octetstring : '000001034906153F3F01C0000000000000000000000000'O id 37
2026/Jun/29 06:33:50.722641 USER TC_26_6_5_2_5.ttcn3:380 L3_Port: Message delivered to TTCN-3
2026/Jun/29 06:33:50.955003 USER TC_26_6_5_2_5.ttcn3:380 MSC_Port: RX: {"type": "HEARTBEAT"}
2026/Jun/29 06:33:50.955094 PORTEVENT TC_26_6_5_2_5.ttcn3:380 Message enqueued on MSC from system charstring : "{\"type\": \"HEARTBEAT\"}" id 12
2026/Jun/29 06:33:50.955134 PORTEVENT TC_26_6_5_2_5.ttcn3:381 Receive operation on port MSC succeeded, message from system(): charstring : "{\"type\": \"HEARTBEAT\"}" id 12
2026/Jun/29 06:33:50.955152 PORTEVENT TC_26_6_5_2_5.ttcn3:381 Message with id 12 was extracted from the queue of MSC.
2026/Jun/29 06:33:51.684302 USER TC_26_6_5_2_5.ttcn3:380 L3_Port: Received 39 bytes
2026/Jun/29 06:33:51.684392 USER TC_26_6_5_2_5.ttcn3:380 L3_Port: RAW GSMTAP hdr->arfcn=0x4038 RxArfcn=0x4038 Uplink=1 Chan=137 Len=23
2026/Jun/29 06:33:51.684417 USER TC_26_6_5_2_5.ttcn3:380 L3_Port: RX: 00 00 01 03 49 06 15 3F 3F 01 C0 00 00 00 00 00 00 00 00 00 00 00 00 
2026/Jun/29 06:33:51.684442 PORTEVENT TC_26_6_5_2_5.ttcn3:380 Message enqueued on L from system octetstring : '000001034906153F3F01C0000000000000000000000000'O id 38
2026/Jun/29 06:33:51.684464 USER TC_26_6_5_2_5.ttcn3:380 L3_Port: Message delivered to TTCN-3
2026/Jun/29 06:33:52.642607 USER TC_26_6_5_2_5.ttcn3:380 L3_Port: Received 39 bytes
2026/Jun/29 06:33:52.642658 USER TC_26_6_5_2_5.ttcn3:380 L3_Port: RAW GSMTAP hdr->arfcn=0x4038 RxArfcn=0x4038 Uplink=1 Chan=137 Len=23
2026/Jun/29 06:33:52.642669 USER TC_26_6_5_2_5.ttcn3:380 L3_Port: RX: 00 00 01 03 49 06 15 3F 3F 01 C0 00 00 00 00 00 00 00 00 00 00 00 00 
2026/Jun/29 06:33:52.642680 PORTEVENT TC_26_6_5_2_5.ttcn3:380 Message enqueued on L from system octetstring : '000001034906153F3F01C0000000000000000000000000'O id 39
2026/Jun/29 06:33:52.642692 USER TC_26_6_5_2_5.ttcn3:380 L3_Port: Message delivered to TTCN-3
2026/Jun/29 06:33:53.723311 USER TC_26_6_5_2_5.ttcn3:380 L3_Port: Received 39 bytes
2026/Jun/29 06:33:53.723365 USER TC_26_6_5_2_5.ttcn3:380 L3_Port: RAW GSMTAP hdr->arfcn=0x4038 RxArfcn=0x4038 Uplink=1 Chan=137 Len=23
2026/Jun/29 06:33:53.723376 USER TC_26_6_5_2_5.ttcn3:380 L3_Port: RX: 00 00 01 03 49 06 15 3F 3F 01 C0 00 00 00 00 00 00 00 00 00 00 00 00 
2026/Jun/29 06:33:53.723389 PORTEVENT TC_26_6_5_2_5.ttcn3:380 Message enqueued on L from system octetstring : '000001034906153F3F01C0000000000000000000000000'O id 40
2026/Jun/29 06:33:53.723403 USER TC_26_6_5_2_5.ttcn3:380 L3_Port: Message delivered to TTCN-3
2026/Jun/29 06:33:54.683019 USER TC_26_6_5_2_5.ttcn3:380 L3_Port: Received 39 bytes
2026/Jun/29 06:33:54.683098 USER TC_26_6_5_2_5.ttcn3:380 L3_Port: RAW GSMTAP hdr->arfcn=0x4038 RxArfcn=0x4038 Uplink=1 Chan=137 Len=23
2026/Jun/29 06:33:54.683122 USER TC_26_6_5_2_5.ttcn3:380 L3_Port: RX: 00 00 01 03 49 06 15 3F 3F 01 C0 00 00 00 00 00 00 00 00 00 00 00 00 
2026/Jun/29 06:33:54.683147 PORTEVENT TC_26_6_5_2_5.ttcn3:380 Message enqueued on L from system octetstring : '000001034906153F3F01C0000000000000000000000000'O id 41
2026/Jun/29 06:33:54.683169 USER TC_26_6_5_2_5.ttcn3:380 L3_Port: Message delivered to TTCN-3
2026/Jun/29 06:33:55.219008 TIMEROP TC_26_6_5_2_5.ttcn3:393 Timeout T_setup_nsd: 5 s
2026/Jun/29 06:33:55.219064 USER TC_26_6_5_2_5.ttcn3:394 *** No CC SETUP event yet (may arrive after HO) ***
2026/Jun/29 06:33:55.219115 USER TC_26_6_5_2_5.ttcn3:407 *** Phase 3a: Sending non-synchronised HANDOVER COMMAND (spec [14]) ***
2026/Jun/29 06:33:55.219120 USER TC_26_6_5_2_5.ttcn3:408 *** FH-SKIP: Spec context has C_Test_fh; using h=0 (non-FH) for target channel ***
2026/Jun/29 06:33:55.219125 USER TC_26_6_5_2_5.ttcn3:409 *** Target: TCH/H TS2 ARFCN 56 (n56 BTS, inter-cell), BSIC=24 ***
2026/Jun/29 06:33:55.219133 USER TC_26_6_5_2_5.ttcn3:417 *** FIX-071: Using captured chan_nr=65 for HANDOVER COMMAND ***
2026/Jun/29 06:33:55.219165 PORTEVENT TC_26_6_5_2_5.ttcn3:428 Sent on BSC to system charstring : "{\"command\": \"CMD_SEND_HANDOVER\", \"chan_nr\": 65, \"target_arfcn\": 56, \"target_chan_nr\": 18, \"target_bsic\": 24, \"ho_ref\": 1, \"synchronized\": false}"
2026/Jun/29 06:33:55.219230 USER TC_26_6_5_2_5.ttcn3:428 BSC_Port: TX: {"command": "CMD_SEND_HANDOVER", "chan_nr": 65, "target_arfcn": 56, "target_chan_nr": 18, "target_bsic": 24, "ho_ref": 1, "synchronized": false}
2026/Jun/29 06:33:55.219246 TIMEROP TC_26_6_5_2_5.ttcn3:431 Start timer T_ho: 10 s
2026/Jun/29 06:33:55.270777 USER TC_26_6_5_2_5.ttcn3:432 BSC_Port: RX: {"status": "ok", "chan_nr": 65, "target_arfcn": 56}
2026/Jun/29 06:33:55.270853 PORTEVENT TC_26_6_5_2_5.ttcn3:432 Message enqueued on BSC from system charstring : "{\"status\": \"ok\", \"chan_nr\": 65, \"target_arfcn\": 56}" id 58
2026/Jun/29 06:33:55.270881 PORTEVENT TC_26_6_5_2_5.ttcn3:433 Receive operation on port BSC succeeded, message from system(): charstring : "{\"status\": \"ok\", \"chan_nr\": 65, \"target_arfcn\": 56}" id 58
2026/Jun/29 06:33:55.270891 PORTEVENT TC_26_6_5_2_5.ttcn3:433 Message with id 58 was extracted from the queue of BSC.
2026/Jun/29 06:33:55.270997 TIMEROP TC_26_6_5_2_5.ttcn3:435 Stop timer T_ho: 10 s
2026/Jun/29 06:33:55.271012 USER TC_26_6_5_2_5.ttcn3:436 *** CMD_SEND_HANDOVER accepted: SDCCH TS1 (ARFCN 51) -> TCH/H TS2 (ARFCN 56) ***
2026/Jun/29 06:33:55.271019 USER TC_26_6_5_2_5.ttcn3:462 *** Phase 3b: Waiting for HANDOVER_DETECTED (HO access bursts) ***
2026/Jun/29 06:33:55.271024 USER TC_26_6_5_2_5.ttcn3:463 *** Spec [14-18]: MS sends continuous access bursts until PHYSICAL INFO ***
2026/Jun/29 06:33:55.271030 TIMEROP TC_26_6_5_2_5.ttcn3:467 Start timer T_hoacc: 15 s
2026/Jun/29 06:33:55.271041 PORTEVENT TC_26_6_5_2_5.ttcn3:483 Receive operation on port L succeeded, message from system(): octetstring: '130001034906153F3F01C0000000000000000000000000'O id 20
2026/Jun/29 06:33:55.271047 PORTEVENT TC_26_6_5_2_5.ttcn3:483 Message with id 20 was extracted from the queue of L.
2026/Jun/29 06:33:55.271052 PORTEVENT TC_26_6_5_2_5.ttcn3:483 Receive operation on port L succeeded, message from system(): octetstring: '130001034906153F3F01C0000000000000000000000000'O id 21
2026/Jun/29 06:33:55.271056 PORTEVENT TC_26_6_5_2_5.ttcn3:483 Message with id 21 was extracted from the queue of L.
2026/Jun/29 06:33:55.271060 PORTEVENT TC_26_6_5_2_5.ttcn3:483 Receive operation on port L succeeded, message from system(): octetstring: '130001034906153F3F01C0000000000000000000000000'O id 22
2026/Jun/29 06:33:55.271064 PORTEVENT TC_26_6_5_2_5.ttcn3:483 Message with id 22 was extracted from the queue of L.
2026/Jun/29 06:33:55.271068 PORTEVENT TC_26_6_5_2_5.ttcn3:483 Receive operation on port L succeeded, message from system(): octetstring: '130001034906153F3F01C0000000000000000000000000'O id 23
2026/Jun/29 06:33:55.271072 PORTEVENT TC_26_6_5_2_5.ttcn3:483 Message with id 23 was extracted from the queue of L.
2026/Jun/29 06:33:55.271076 PORTEVENT TC_26_6_5_2_5.ttcn3:483 Receive operation on port L succeeded, message from system(): octetstring: '130001034906153F3F01C0000000000000000000000000'O id 24
2026/Jun/29 06:33:55.271080 PORTEVENT TC_26_6_5_2_5.ttcn3:483 Message with id 24 was extracted from the queue of L.
2026/Jun/29 06:33:55.271085 PORTEVENT TC_26_6_5_2_5.ttcn3:483 Receive operation on port L succeeded, message from system(): octetstring: '130001034906153F3F01C0000000000000000000000000'O id 25
2026/Jun/29 06:33:55.271102 PORTEVENT TC_26_6_5_2_5.ttcn3:483 Message with id 25 was extracted from the queue of L.
2026/Jun/29 06:33:55.271107 PORTEVENT TC_26_6_5_2_5.ttcn3:483 Receive operation on port L succeeded, message from system(): octetstring: '013F012B2B2B2B2B2B2B2B2B2B2B2B2B2B2B2B2B2B2B2B'O id 26
2026/Jun/29 06:33:55.271111 PORTEVENT TC_26_6_5_2_5.ttcn3:483 Message with id 26 was extracted from the queue of L.
2026/Jun/29 06:33:55.271115 PORTEVENT TC_26_6_5_2_5.ttcn3:483 Receive operation on port L succeeded, message from system(): octetstring: '00000103490615004001C0000000000000000000000000'O id 27
2026/Jun/29 06:33:55.271118 PORTEVENT TC_26_6_5_2_5.ttcn3:483 Message with id 27 was extracted from the queue of L.
2026/Jun/29 06:33:55.271122 PORTEVENT TC_26_6_5_2_5.ttcn3:483 Receive operation on port L succeeded, message from system(): octetstring: '01000D062C002B2B2B2B2B2B2B2B2B2B2B2B2B2B2B2B2B'O id 28
2026/Jun/29 06:33:55.271126 PORTEVENT TC_26_6_5_2_5.ttcn3:483 Message with id 28 was extracted from the queue of L.
2026/Jun/29 06:33:55.271130 PORTEVENT TC_26_6_5_2_5.ttcn3:483 Receive operation on port L succeeded, message from system(): octetstring: '000001034906153F3F01C0000000000000000000000000'O id 29
2026/Jun/29 06:33:55.271134 PORTEVENT TC_26_6_5_2_5.ttcn3:483 Message with id 29 was extracted from the queue of L.
2026/Jun/29 06:33:55.271138 PORTEVENT TC_26_6_5_2_5.ttcn3:483 Receive operation on port L succeeded, message from system(): octetstring: '000001034906153F3F01C0000000000000000000000000'O id 30
2026/Jun/29 06:33:55.271141 PORTEVENT TC_26_6_5_2_5.ttcn3:483 Message with id 30 was extracted from the queue of L.
2026/Jun/29 06:33:55.271146 PORTEVENT TC_26_6_5_2_5.ttcn3:483 Receive operation on port L succeeded, message from system(): octetstring: '000001034906153F3F01C0000000000000000000000000'O id 31
2026/Jun/29 06:33:55.271149 PORTEVENT TC_26_6_5_2_5.ttcn3:483 Message with id 31 was extracted from the queue of L.
2026/Jun/29 06:33:55.271153 PORTEVENT TC_26_6_5_2_5.ttcn3:483 Receive operation on port L succeeded, message from system(): octetstring: '000001034906153F3F01C0000000000000000000000000'O id 32
2026/Jun/29 06:33:55.271157 PORTEVENT TC_26_6_5_2_5.ttcn3:483 Message with id 32 was extracted from the queue of L.
2026/Jun/29 06:33:55.271161 PORTEVENT TC_26_6_5_2_5.ttcn3:483 Receive operation on port L succeeded, message from system(): octetstring: '000001034906153F3F01C0000000000000000000000000'O id 33
2026/Jun/29 06:33:55.271164 PORTEVENT TC_26_6_5_2_5.ttcn3:483 Message with id 33 was extracted from the queue of L.
2026/Jun/29 06:33:55.271169 PORTEVENT TC_26_6_5_2_5.ttcn3:483 Receive operation on port L succeeded, message from system(): octetstring: '000001034906153F3F01C0000000000000000000000000'O id 34
2026/Jun/29 06:33:55.271172 PORTEVENT TC_26_6_5_2_5.ttcn3:483 Message with id 34 was extracted from the queue of L.
2026/Jun/29 06:33:55.271176 PORTEVENT TC_26_6_5_2_5.ttcn3:483 Receive operation on port L succeeded, message from system(): octetstring: '000001034906153F3F01C0000000000000000000000000'O id 35
2026/Jun/29 06:33:55.271180 PORTEVENT TC_26_6_5_2_5.ttcn3:483 Message with id 35 was extracted from the queue of L.
2026/Jun/29 06:33:55.271184 PORTEVENT TC_26_6_5_2_5.ttcn3:483 Receive operation on port L succeeded, message from system(): octetstring: '000001034906153F3F01C0000000000000000000000000'O id 36
2026/Jun/29 06:33:55.271187 PORTEVENT TC_26_6_5_2_5.ttcn3:483 Message with id 36 was extracted from the queue of L.
2026/Jun/29 06:33:55.271192 PORTEVENT TC_26_6_5_2_5.ttcn3:483 Receive operation on port L succeeded, message from system(): octetstring: '000001034906153F3F01C0000000000000000000000000'O id 37
2026/Jun/29 06:33:55.271195 PORTEVENT TC_26_6_5_2_5.ttcn3:483 Message with id 37 was extracted from the queue of L.
2026/Jun/29 06:33:55.271199 PORTEVENT TC_26_6_5_2_5.ttcn3:483 Receive operation on port L succeeded, message from system(): octetstring: '000001034906153F3F01C0000000000000000000000000'O id 38
2026/Jun/29 06:33:55.271206 PORTEVENT TC_26_6_5_2_5.ttcn3:483 Message with id 38 was extracted from the queue of L.
2026/Jun/29 06:33:55.271210 PORTEVENT TC_26_6_5_2_5.ttcn3:483 Receive operation on port L succeeded, message from system(): octetstring: '000001034906153F3F01C0000000000000000000000000'O id 39
2026/Jun/29 06:33:55.271214 PORTEVENT TC_26_6_5_2_5.ttcn3:483 Message with id 39 was extracted from the queue of L.
2026/Jun/29 06:33:55.271218 PORTEVENT TC_26_6_5_2_5.ttcn3:483 Receive operation on port L succeeded, message from system(): octetstring: '000001034906153F3F01C0000000000000000000000000'O id 40
2026/Jun/29 06:33:55.271221 PORTEVENT TC_26_6_5_2_5.ttcn3:483 Message with id 40 was extracted from the queue of L.
2026/Jun/29 06:33:55.271226 PORTEVENT TC_26_6_5_2_5.ttcn3:483 Receive operation on port L succeeded, message from system(): octetstring: '000001034906153F3F01C0000000000000000000000000'O id 41
2026/Jun/29 06:33:55.271229 PORTEVENT TC_26_6_5_2_5.ttcn3:483 Message with id 41 was extracted from the queue of L.
2026/Jun/29 06:33:55.619983 USER TC_26_6_5_2_5.ttcn3:468 BSC_Port: RX: {"event": "ESTABLISH_IND", "data": {"chan_nr": 18, "bsc_slr": 18, "l3_data": ""}}
2026/Jun/29 06:33:55.620055 PORTEVENT TC_26_6_5_2_5.ttcn3:468 Message enqueued on BSC from system charstring : "{\"event\": \"ESTABLISH_IND\", \"data\": {\"chan_nr\": 18, \"bsc_slr\": 18, \"l3_data\": \"\"}}" id 59
2026/Jun/29 06:33:55.620080 PORTEVENT TC_26_6_5_2_5.ttcn3:469 Receive operation on port BSC succeeded, message from system(): charstring : "{\"event\": \"ESTABLISH_IND\", \"data\": {\"chan_nr\": 18, \"bsc_slr\": 18, \"l3_data\": \"\"}}" id 59
2026/Jun/29 06:33:55.620090 PORTEVENT TC_26_6_5_2_5.ttcn3:469 Message with id 59 was extracted from the queue of BSC.
2026/Jun/29 06:33:55.620191 TIMEROP TC_26_6_5_2_5.ttcn3:477 Stop timer T_hoacc: 15 s
2026/Jun/29 06:33:55.620204 USER TC_26_6_5_2_5.ttcn3:478 *** ESTABLISH_IND seen during access burst phase (unexpected) ***
2026/Jun/29 06:33:55.620209 USER TC_26_6_5_2_5.ttcn3:494 *** Phase 3c: Sending PHYSICAL INFORMATION (spec [18]) ***
2026/Jun/29 06:33:55.620213 USER TC_26_6_5_2_5.ttcn3:495 *** chan_nr=18 timing_adv=20 target_arfcn=56 (n56 BTS) ***
2026/Jun/29 06:33:55.620229 PORTEVENT TC_26_6_5_2_5.ttcn3:502 Sent on BSC to system charstring : "{\"command\": \"CMD_SEND_PHYSICAL_INFO\", \"chan_nr\": 18, \"timing_adv\": 20, \"target_arfcn\": 56}"
2026/Jun/29 06:33:55.620270 USER TC_26_6_5_2_5.ttcn3:502 BSC_Port: TX: {"command": "CMD_SEND_PHYSICAL_INFO", "chan_nr": 18, "timing_adv": 20, "target_arfcn": 56}
2026/Jun/29 06:33:55.620278 TIMEROP TC_26_6_5_2_5.ttcn3:505 Start timer T_phys: 5 s
2026/Jun/29 06:33:55.620590 USER TC_26_6_5_2_5.ttcn3:506 BSC_Port: RX: {"status": "ok", "chan_nr": 18, "timing_adv": 20}
2026/Jun/29 06:33:55.620603 PORTEVENT TC_26_6_5_2_5.ttcn3:506 Message enqueued on BSC from system charstring : "{\"status\": \"ok\", \"chan_nr\": 18, \"timing_adv\": 20}" id 60
2026/Jun/29 06:33:55.620612 PORTEVENT TC_26_6_5_2_5.ttcn3:507 Receive operation on port BSC succeeded, message from system(): charstring : "{\"status\": \"ok\", \"chan_nr\": 18, \"timing_adv\": 20}" id 60
2026/Jun/29 06:33:55.620617 PORTEVENT TC_26_6_5_2_5.ttcn3:507 Message with id 60 was extracted from the queue of BSC.
2026/Jun/29 06:33:55.620679 TIMEROP TC_26_6_5_2_5.ttcn3:509 Stop timer T_phys: 5 s
2026/Jun/29 06:33:55.620684 USER TC_26_6_5_2_5.ttcn3:511 *** CMD_SEND_PHYSICAL_INFO sent (TA=20) ***
2026/Jun/29 06:33:55.620690 USER TC_26_6_5_2_5.ttcn3:527 *** Phase 4: Waiting for ESTABLISH_IND on TCH/H TS2 (spec [19] +RR_hocomp1) ***
2026/Jun/29 06:33:55.620695 USER TC_26_6_5_2_5.ttcn3:528 *** chan_nr=18 ARFCN 56 n56 BTS ***
2026/Jun/29 06:33:55.620702 TIMEROP TC_26_6_5_2_5.ttcn3:531 Start timer T_ho_est: 30 s
2026/Jun/29 06:33:55.641795 USER TC_26_6_5_2_5.ttcn3:532 L3_Port: Received 39 bytes
2026/Jun/29 06:33:55.641863 USER TC_26_6_5_2_5.ttcn3:532 L3_Port: RAW GSMTAP hdr->arfcn=0x4038 RxArfcn=0x4038 Uplink=1 Chan=137 Len=23
2026/Jun/29 06:33:55.641873 USER TC_26_6_5_2_5.ttcn3:532 L3_Port: RX: 00 00 01 03 49 06 15 3F 3F 01 C0 00 00 00 00 00 00 00 00 00 00 00 00 
2026/Jun/29 06:33:55.641892 PORTEVENT TC_26_6_5_2_5.ttcn3:532 Message enqueued on L from system octetstring : '000001034906153F3F01C0000000000000000000000000'O id 42
2026/Jun/29 06:33:55.641902 USER TC_26_6_5_2_5.ttcn3:532 L3_Port: Message delivered to TTCN-3
2026/Jun/29 06:33:55.641914 PORTEVENT TC_26_6_5_2_5.ttcn3:550 Receive operation on port L succeeded, message from system(): octetstring: '000001034906153F3F01C0000000000000000000000000'O id 42
2026/Jun/29 06:33:55.641923 PORTEVENT TC_26_6_5_2_5.ttcn3:550 Message with id 42 was extracted from the queue of L.
2026/Jun/29 06:33:55.960004 USER TC_26_6_5_2_5.ttcn3:532 MSC_Port: RX: {"type": "HEARTBEAT"}
2026/Jun/29 06:33:55.960066 PORTEVENT TC_26_6_5_2_5.ttcn3:532 Message enqueued on MSC from system charstring : "{\"type\": \"HEARTBEAT\"}" id 13
2026/Jun/29 06:33:55.960087 PORTEVENT TC_26_6_5_2_5.ttcn3:549 Receive operation on port MSC succeeded, message from system(): charstring: "{\"type\": \"HEARTBEAT\"}" id 13
2026/Jun/29 06:33:55.960095 PORTEVENT TC_26_6_5_2_5.ttcn3:549 Message with id 13 was extracted from the queue of MSC.
2026/Jun/29 06:33:56.390528 USER TC_26_6_5_2_5.ttcn3:532 BSC_Port: RX: {"event": "ESTABLISH_IND", "data": {"chan_nr": 18, "bsc_slr": 18, "l3_data": ""}}
2026/Jun/29 06:33:56.390637 PORTEVENT TC_26_6_5_2_5.ttcn3:532 Message enqueued on BSC from system charstring : "{\"event\": \"ESTABLISH_IND\", \"data\": {\"chan_nr\": 18, \"bsc_slr\": 18, \"l3_data\": \"\"}}" id 61
2026/Jun/29 06:33:56.390686 PORTEVENT TC_26_6_5_2_5.ttcn3:533 Receive operation on port BSC succeeded, message from system(): charstring : "{\"event\": \"ESTABLISH_IND\", \"data\": {\"chan_nr\": 18, \"bsc_slr\": 18, \"l3_data\": \"\"}}" id 61
2026/Jun/29 06:33:56.390706 PORTEVENT TC_26_6_5_2_5.ttcn3:533 Message with id 61 was extracted from the queue of BSC.
2026/Jun/29 06:33:56.390893 TIMEROP TC_26_6_5_2_5.ttcn3:535 Stop timer T_ho_est: 30 s
2026/Jun/29 06:33:56.390921 USER TC_26_6_5_2_5.ttcn3:536 *** ESTABLISH_IND on new channel: "{\"event\": \"ESTABLISH_IND\", \"data\": {\"chan_nr\": 18, \"bsc_slr\": 18, \"l3_data\": \"\"}}" ***
2026/Jun/29 06:33:56.391072 USER TC_26_6_5_2_5.ttcn3:539 "*** TCH/H TS2 (chan_nr=18) confirmed " & char(0, 0, 32, 20) & " handover complete ***"
2026/Jun/29 06:33:56.391137 USER TC_26_6_5_2_5.ttcn3:566 "*** Phase 5: Checking for retransmitted CC SETUP (spec [20" & char(0, 0, 32, 19) & "21]) ***"
2026/Jun/29 06:33:56.391163 USER TC_26_6_5_2_5.ttcn3:567 *** INFRA_LIMIT-2: Without L2 ack withhold, retransmit unlikely ***
2026/Jun/29 06:33:56.391180 TIMEROP TC_26_6_5_2_5.ttcn3:570 Start timer T_setup: 10 s
2026/Jun/29 06:33:56.721537 USER TC_26_6_5_2_5.ttcn3:571 L3_Port: Received 39 bytes
2026/Jun/29 06:33:56.721599 USER TC_26_6_5_2_5.ttcn3:571 L3_Port: RAW GSMTAP hdr->arfcn=0x4038 RxArfcn=0x4038 Uplink=1 Chan=137 Len=23
2026/Jun/29 06:33:56.721610 USER TC_26_6_5_2_5.ttcn3:571 L3_Port: RX: 00 00 01 03 49 06 15 3F 3F 01 C0 00 00 00 00 00 00 00 00 00 00 00 00 
2026/Jun/29 06:33:56.721624 PORTEVENT TC_26_6_5_2_5.ttcn3:571 Message enqueued on L from system octetstring : '000001034906153F3F01C0000000000000000000000000'O id 43
2026/Jun/29 06:33:56.721638 USER TC_26_6_5_2_5.ttcn3:571 L3_Port: Message delivered to TTCN-3
2026/Jun/29 06:33:57.502375 USER TC_26_6_5_2_5.ttcn3:571 BSC_Port: RX: {"event": "ESTABLISH_IND", "data": {"chan_nr": 18, "bsc_slr": 18, "l3_data": ""}}
2026/Jun/29 06:33:57.502446 PORTEVENT TC_26_6_5_2_5.ttcn3:571 Message enqueued on BSC from system charstring : "{\"event\": \"ESTABLISH_IND\", \"data\": {\"chan_nr\": 18, \"bsc_slr\": 18, \"l3_data\": \"\"}}" id 62
2026/Jun/29 06:33:57.502473 PORTEVENT TC_26_6_5_2_5.ttcn3:591 Receive operation on port BSC succeeded, message from system(): charstring: "{\"event\": \"ESTABLISH_IND\", \"data\": {\"chan_nr\": 18, \"bsc_slr\": 18, \"l3_data\": \"\"}}" id 62
2026/Jun/29 06:33:57.502483 PORTEVENT TC_26_6_5_2_5.ttcn3:591 Message with id 62 was extracted from the queue of BSC.
2026/Jun/29 06:33:57.681556 USER TC_26_6_5_2_5.ttcn3:571 L3_Port: Received 39 bytes
2026/Jun/29 06:33:57.681612 USER TC_26_6_5_2_5.ttcn3:571 L3_Port: RAW GSMTAP hdr->arfcn=0x4038 RxArfcn=0x4038 Uplink=1 Chan=137 Len=23
2026/Jun/29 06:33:57.681621 USER TC_26_6_5_2_5.ttcn3:571 L3_Port: RX: 00 00 01 03 49 06 15 3F 3F 01 C0 00 00 00 00 00 00 00 00 00 00 00 00 
2026/Jun/29 06:33:57.681631 PORTEVENT TC_26_6_5_2_5.ttcn3:571 Message enqueued on L from system octetstring : '000001034906153F3F01C0000000000000000000000000'O id 44
2026/Jun/29 06:33:57.681640 USER TC_26_6_5_2_5.ttcn3:571 L3_Port: Message delivered to TTCN-3
2026/Jun/29 06:33:58.445115 USER TC_26_6_5_2_5.ttcn3:571 BSC_Port: RX: {"event": "ESTABLISH_IND", "data": {"chan_nr": 18, "bsc_slr": 18, "l3_data": ""}}
2026/Jun/29 06:33:58.445219 PORTEVENT TC_26_6_5_2_5.ttcn3:571 Message enqueued on BSC from system charstring : "{\"event\": \"ESTABLISH_IND\", \"data\": {\"chan_nr\": 18, \"bsc_slr\": 18, \"l3_data\": \"\"}}" id 63
2026/Jun/29 06:33:58.445264 PORTEVENT TC_26_6_5_2_5.ttcn3:591 Receive operation on port BSC succeeded, message from system(): charstring: "{\"event\": \"ESTABLISH_IND\", \"data\": {\"chan_nr\": 18, \"bsc_slr\": 18, \"l3_data\": \"\"}}" id 63
2026/Jun/29 06:33:58.445283 PORTEVENT TC_26_6_5_2_5.ttcn3:591 Message with id 63 was extracted from the queue of BSC.
2026/Jun/29 06:33:58.643114 USER TC_26_6_5_2_5.ttcn3:571 L3_Port: Received 39 bytes
2026/Jun/29 06:33:58.643168 USER TC_26_6_5_2_5.ttcn3:571 L3_Port: RAW GSMTAP hdr->arfcn=0x4038 RxArfcn=0x4038 Uplink=1 Chan=137 Len=23
2026/Jun/29 06:33:58.643179 USER TC_26_6_5_2_5.ttcn3:571 L3_Port: RX: 00 00 01 03 49 06 15 3F 3F 01 C0 00 00 00 00 00 00 00 00 00 00 00 00 
2026/Jun/29 06:33:58.643192 PORTEVENT TC_26_6_5_2_5.ttcn3:571 Message enqueued on L from system octetstring : '000001034906153F3F01C0000000000000000000000000'O id 45
2026/Jun/29 06:33:58.643204 USER TC_26_6_5_2_5.ttcn3:571 L3_Port: Message delivered to TTCN-3
2026/Jun/29 06:33:59.404618 USER TC_26_6_5_2_5.ttcn3:571 BSC_Port: RX: {"event": "ESTABLISH_IND", "data": {"chan_nr": 18, "bsc_slr": 18, "l3_data": ""}}
2026/Jun/29 06:33:59.404696 PORTEVENT TC_26_6_5_2_5.ttcn3:571 Message enqueued on BSC from system charstring : "{\"event\": \"ESTABLISH_IND\", \"data\": {\"chan_nr\": 18, \"bsc_slr\": 18, \"l3_data\": \"\"}}" id 64
2026/Jun/29 06:33:59.404725 PORTEVENT TC_26_6_5_2_5.ttcn3:591 Receive operation on port BSC succeeded, message from system(): charstring: "{\"event\": \"ESTABLISH_IND\", \"data\": {\"chan_nr\": 18, \"bsc_slr\": 18, \"l3_data\": \"\"}}" id 64
2026/Jun/29 06:33:59.404736 PORTEVENT TC_26_6_5_2_5.ttcn3:591 Message with id 64 was extracted from the queue of BSC.
2026/Jun/29 06:33:59.717100 USER TC_26_6_5_2_5.ttcn3:571 L3_Port: Received 39 bytes
2026/Jun/29 06:33:59.717153 USER TC_26_6_5_2_5.ttcn3:571 L3_Port: RAW GSMTAP hdr->arfcn=0x4038 RxArfcn=0x4038 Uplink=1 Chan=137 Len=23
2026/Jun/29 06:33:59.717164 USER TC_26_6_5_2_5.ttcn3:571 L3_Port: RX: 00 00 01 03 49 06 15 3F 3F 01 C0 00 00 00 00 00 00 00 00 00 00 00 00 
2026/Jun/29 06:33:59.717178 PORTEVENT TC_26_6_5_2_5.ttcn3:571 Message enqueued on L from system octetstring : '000001034906153F3F01C0000000000000000000000000'O id 46
2026/Jun/29 06:33:59.717190 USER TC_26_6_5_2_5.ttcn3:571 L3_Port: Message delivered to TTCN-3
2026/Jun/29 06:34:00.390974 USER TC_26_6_5_2_5.ttcn3:571 BSC_Port: RX: {"event": "ESTABLISH_IND", "data": {"chan_nr": 18, "bsc_slr": 18, "l3_data": ""}}
2026/Jun/29 06:34:00.391051 PORTEVENT TC_26_6_5_2_5.ttcn3:571 Message enqueued on BSC from system charstring : "{\"event\": \"ESTABLISH_IND\", \"data\": {\"chan_nr\": 18, \"bsc_slr\": 18, \"l3_data\": \"\"}}" id 65
2026/Jun/29 06:34:00.391076 PORTEVENT TC_26_6_5_2_5.ttcn3:591 Receive operation on port BSC succeeded, message from system(): charstring: "{\"event\": \"ESTABLISH_IND\", \"data\": {\"chan_nr\": 18, \"bsc_slr\": 18, \"l3_data\": \"\"}}" id 65
2026/Jun/29 06:34:00.391086 PORTEVENT TC_26_6_5_2_5.ttcn3:591 Message with id 65 was extracted from the queue of BSC.
2026/Jun/29 06:34:00.676859 USER TC_26_6_5_2_5.ttcn3:571 L3_Port: Received 39 bytes
2026/Jun/29 06:34:00.676913 USER TC_26_6_5_2_5.ttcn3:571 L3_Port: RAW GSMTAP hdr->arfcn=0x4038 RxArfcn=0x4038 Uplink=1 Chan=137 Len=23
2026/Jun/29 06:34:00.676922 USER TC_26_6_5_2_5.ttcn3:571 L3_Port: RX: 00 00 01 03 49 06 15 3F 3F 01 C0 00 00 00 00 00 00 00 00 00 00 00 00 
2026/Jun/29 06:34:00.676932 PORTEVENT TC_26_6_5_2_5.ttcn3:571 Message enqueued on L from system octetstring : '000001034906153F3F01C0000000000000000000000000'O id 47
2026/Jun/29 06:34:00.676941 USER TC_26_6_5_2_5.ttcn3:571 L3_Port: Message delivered to TTCN-3
2026/Jun/29 06:34:00.965017 USER TC_26_6_5_2_5.ttcn3:571 MSC_Port: RX: {"type": "HEARTBEAT"}
2026/Jun/29 06:34:00.965085 PORTEVENT TC_26_6_5_2_5.ttcn3:571 Message enqueued on MSC from system charstring : "{\"type\": \"HEARTBEAT\"}" id 14
2026/Jun/29 06:34:00.965109 PORTEVENT TC_26_6_5_2_5.ttcn3:572 Receive operation on port MSC succeeded, message from system(): charstring : "{\"type\": \"HEARTBEAT\"}" id 14
2026/Jun/29 06:34:00.965118 PORTEVENT TC_26_6_5_2_5.ttcn3:572 Message with id 14 was extracted from the queue of MSC.
2026/Jun/29 06:34:01.576539 USER TC_26_6_5_2_5.ttcn3:571 BSC_Port: RX: {"event": "ESTABLISH_IND", "data": {"chan_nr": 65, "bsc_slr": 65, "l3_data": ""}}
2026/Jun/29 06:34:01.576621 PORTEVENT TC_26_6_5_2_5.ttcn3:571 Message enqueued on BSC from system charstring : "{\"event\": \"ESTABLISH_IND\", \"data\": {\"chan_nr\": 65, \"bsc_slr\": 65, \"l3_data\": \"\"}}" id 66
2026/Jun/29 06:34:01.576647 PORTEVENT TC_26_6_5_2_5.ttcn3:591 Receive operation on port BSC succeeded, message from system(): charstring: "{\"event\": \"ESTABLISH_IND\", \"data\": {\"chan_nr\": 65, \"bsc_slr\": 65, \"l3_data\": \"\"}}" id 66
2026/Jun/29 06:34:01.576657 PORTEVENT TC_26_6_5_2_5.ttcn3:591 Message with id 66 was extracted from the queue of BSC.
2026/Jun/29 06:34:01.642240 USER TC_26_6_5_2_5.ttcn3:571 L3_Port: Received 39 bytes
2026/Jun/29 06:34:01.642297 USER TC_26_6_5_2_5.ttcn3:571 L3_Port: RAW GSMTAP hdr->arfcn=0x4038 RxArfcn=0x4038 Uplink=1 Chan=137 Len=23
2026/Jun/29 06:34:01.642307 USER TC_26_6_5_2_5.ttcn3:571 L3_Port: RX: 00 00 01 03 49 06 15 3F 3F 01 C0 00 00 00 00 00 00 00 00 00 00 00 00 
2026/Jun/29 06:34:01.642318 PORTEVENT TC_26_6_5_2_5.ttcn3:571 Message enqueued on L from system octetstring : '000001034906153F3F01C0000000000000000000000000'O id 48
2026/Jun/29 06:34:01.642330 USER TC_26_6_5_2_5.ttcn3:571 L3_Port: Message delivered to TTCN-3
2026/Jun/29 06:34:01.738183 USER TC_26_6_5_2_5.ttcn3:571 L3_Port: Received 39 bytes
2026/Jun/29 06:34:01.738237 USER TC_26_6_5_2_5.ttcn3:571 L3_Port: RAW GSMTAP hdr->arfcn=0x4038 RxArfcn=0x4038 Uplink=1 Chan=9 Len=23
2026/Jun/29 06:34:01.738247 USER TC_26_6_5_2_5.ttcn3:571 L3_Port: RX: 01 02 21 03 25 05 E1 33 30 33 7F 2B 2B 2B 2B 2B 2B 2B 2B 2B 2B 2B 2B 
2026/Jun/29 06:34:01.738258 PORTEVENT TC_26_6_5_2_5.ttcn3:571 Message enqueued on L from system octetstring : '010221032505E13330337F2B2B2B2B2B2B2B2B2B2B2B2B'O id 49
2026/Jun/29 06:34:01.738270 USER TC_26_6_5_2_5.ttcn3:571 L3_Port: Message delivered to TTCN-3
2026/Jun/29 06:34:01.798322 USER TC_26_6_5_2_5.ttcn3:571 L3_Port: Received 39 bytes
2026/Jun/29 06:34:01.798373 USER TC_26_6_5_2_5.ttcn3:571 L3_Port: RAW GSMTAP hdr->arfcn=0x4038 RxArfcn=0x4038 Uplink=1 Chan=9 Len=23
2026/Jun/29 06:34:01.798383 USER TC_26_6_5_2_5.ttcn3:571 L3_Port: RX: 01 04 19 03 6D 08 02 E0 90 2B 2B 2B 2B 2B 2B 2B 2B 2B 2B 2B 2B 2B 2B 
2026/Jun/29 06:34:01.798394 PORTEVENT TC_26_6_5_2_5.ttcn3:571 Message enqueued on L from system octetstring : '010419036D0802E0902B2B2B2B2B2B2B2B2B2B2B2B2B2B'O id 50
2026/Jun/29 06:34:01.798405 USER TC_26_6_5_2_5.ttcn3:571 L3_Port: Message delivered to TTCN-3
2026/Jun/29 06:34:02.517619 USER TC_26_6_5_2_5.ttcn3:571 BSC_Port: RX: {"event": "ESTABLISH_IND", "data": {"chan_nr": 65, "bsc_slr": 65, "l3_data": ""}}
2026/Jun/29 06:34:02.517691 PORTEVENT TC_26_6_5_2_5.ttcn3:571 Message enqueued on BSC from system charstring : "{\"event\": \"ESTABLISH_IND\", \"data\": {\"chan_nr\": 65, \"bsc_slr\": 65, \"l3_data\": \"\"}}" id 67
2026/Jun/29 06:34:02.517718 PORTEVENT TC_26_6_5_2_5.ttcn3:591 Receive operation on port BSC succeeded, message from system(): charstring: "{\"event\": \"ESTABLISH_IND\", \"data\": {\"chan_nr\": 65, \"bsc_slr\": 65, \"l3_data\": \"\"}}" id 67
2026/Jun/29 06:34:02.517737 PORTEVENT TC_26_6_5_2_5.ttcn3:591 Message with id 67 was extracted from the queue of BSC.
2026/Jun/29 06:34:02.721739 USER TC_26_6_5_2_5.ttcn3:571 L3_Port: Received 39 bytes
2026/Jun/29 06:34:02.721796 USER TC_26_6_5_2_5.ttcn3:571 L3_Port: RAW GSMTAP hdr->arfcn=0x4038 RxArfcn=0x4038 Uplink=1 Chan=137 Len=23
2026/Jun/29 06:34:02.721806 USER TC_26_6_5_2_5.ttcn3:571 L3_Port: RX: 00 00 01 03 49 06 15 3F 3F 01 C0 00 00 00 00 00 00 00 00 00 00 00 00 
2026/Jun/29 06:34:02.721819 PORTEVENT TC_26_6_5_2_5.ttcn3:571 Message enqueued on L from system octetstring : '000001034906153F3F01C0000000000000000000000000'O id 51
2026/Jun/29 06:34:02.721848 USER TC_26_6_5_2_5.ttcn3:571 L3_Port: Message delivered to TTCN-3
2026/Jun/29 06:34:02.754392 USER TC_26_6_5_2_5.ttcn3:571 BSC_Port: RX: {"event": "DATA_IND", "data": {"chan_nr": 65, "bsc_slr": 65, "l3_data": "062901"}}
2026/Jun/29 06:34:02.754463 PORTEVENT TC_26_6_5_2_5.ttcn3:571 Message enqueued on BSC from system charstring : "{\"event\": \"DATA_IND\", \"data\": {\"chan_nr\": 65, \"bsc_slr\": 65, \"l3_data\": \"062901\"}}" id 68
2026/Jun/29 06:34:02.754491 PORTEVENT TC_26_6_5_2_5.ttcn3:591 Receive operation on port BSC succeeded, message from system(): charstring: "{\"event\": \"DATA_IND\", \"data\": {\"chan_nr\": 65, \"bsc_slr\": 65, \"l3_data\": \"062901\"}}" id 68
2026/Jun/29 06:34:02.754502 PORTEVENT TC_26_6_5_2_5.ttcn3:591 Message with id 68 was extracted from the queue of BSC.
2026/Jun/29 06:34:03.623226 USER TC_26_6_5_2_5.ttcn3:571 BSC_Port: RX: {"event": "MEAS_RES", "data": {"chan_nr": 65, "ncells": 0, "l3_data": ""}}
2026/Jun/29 06:34:03.623308 PORTEVENT TC_26_6_5_2_5.ttcn3:571 Message enqueued on BSC from system charstring : "{\"event\": \"MEAS_RES\", \"data\": {\"chan_nr\": 65, \"ncells\": 0, \"l3_data\": \"\"}}" id 69
2026/Jun/29 06:34:03.623334 PORTEVENT TC_26_6_5_2_5.ttcn3:591 Receive operation on port BSC succeeded, message from system(): charstring: "{\"event\": \"MEAS_RES\", \"data\": {\"chan_nr\": 65, \"ncells\": 0, \"l3_data\": \"\"}}" id 69
2026/Jun/29 06:34:03.623344 PORTEVENT TC_26_6_5_2_5.ttcn3:591 Message with id 69 was extracted from the queue of BSC.
2026/Jun/29 06:34:03.680643 USER TC_26_6_5_2_5.ttcn3:571 L3_Port: Received 39 bytes
2026/Jun/29 06:34:03.680700 USER TC_26_6_5_2_5.ttcn3:571 L3_Port: RAW GSMTAP hdr->arfcn=0x4038 RxArfcn=0x4038 Uplink=1 Chan=137 Len=23
2026/Jun/29 06:34:03.680710 USER TC_26_6_5_2_5.ttcn3:571 L3_Port: RX: 00 00 01 03 49 06 15 3F 3F 01 C0 00 00 00 00 00 00 00 00 00 00 00 00 
2026/Jun/29 06:34:03.680723 PORTEVENT TC_26_6_5_2_5.ttcn3:571 Message enqueued on L from system octetstring : '000001034906153F3F01C0000000000000000000000000'O id 52
2026/Jun/29 06:34:03.680734 USER TC_26_6_5_2_5.ttcn3:571 L3_Port: Message delivered to TTCN-3
2026/Jun/29 06:34:04.617573 USER TC_26_6_5_2_5.ttcn3:571 BSC_Port: RX: {"event": "MEAS_RES", "data": {"chan_nr": 65, "ncells": 0, "l3_data": ""}}
2026/Jun/29 06:34:04.617646 PORTEVENT TC_26_6_5_2_5.ttcn3:571 Message enqueued on BSC from system charstring : "{\"event\": \"MEAS_RES\", \"data\": {\"chan_nr\": 65, \"ncells\": 0, \"l3_data\": \"\"}}" id 70
2026/Jun/29 06:34:04.617678 PORTEVENT TC_26_6_5_2_5.ttcn3:591 Receive operation on port BSC succeeded, message from system(): charstring: "{\"event\": \"MEAS_RES\", \"data\": {\"chan_nr\": 65, \"ncells\": 0, \"l3_data\": \"\"}}" id 70
2026/Jun/29 06:34:04.617686 PORTEVENT TC_26_6_5_2_5.ttcn3:591 Message with id 70 was extracted from the queue of BSC.
2026/Jun/29 06:34:04.640690 USER TC_26_6_5_2_5.ttcn3:571 L3_Port: Received 39 bytes
2026/Jun/29 06:34:04.640758 USER TC_26_6_5_2_5.ttcn3:571 L3_Port: RAW GSMTAP hdr->arfcn=0x4038 RxArfcn=0x4038 Uplink=1 Chan=137 Len=23
2026/Jun/29 06:34:04.640768 USER TC_26_6_5_2_5.ttcn3:571 L3_Port: RX: 00 00 01 03 49 06 15 3F 3F 01 C0 00 00 00 00 00 00 00 00 00 00 00 00 
2026/Jun/29 06:34:04.640782 PORTEVENT TC_26_6_5_2_5.ttcn3:571 Message enqueued on L from system octetstring : '000001034906153F3F01C0000000000000000000000000'O id 53
2026/Jun/29 06:34:04.640805 USER TC_26_6_5_2_5.ttcn3:571 L3_Port: Message delivered to TTCN-3
2026/Jun/29 06:34:05.559483 USER TC_26_6_5_2_5.ttcn3:571 BSC_Port: RX: {"event": "MEAS_RES", "data": {"chan_nr": 65, "ncells": 0, "l3_data": ""}}
2026/Jun/29 06:34:05.559558 PORTEVENT TC_26_6_5_2_5.ttcn3:571 Message enqueued on BSC from system charstring : "{\"event\": \"MEAS_RES\", \"data\": {\"chan_nr\": 65, \"ncells\": 0, \"l3_data\": \"\"}}" id 71
2026/Jun/29 06:34:05.559584 PORTEVENT TC_26_6_5_2_5.ttcn3:591 Receive operation on port BSC succeeded, message from system(): charstring: "{\"event\": \"MEAS_RES\", \"data\": {\"chan_nr\": 65, \"ncells\": 0, \"l3_data\": \"\"}}" id 71
2026/Jun/29 06:34:05.559594 PORTEVENT TC_26_6_5_2_5.ttcn3:591 Message with id 71 was extracted from the queue of BSC.
2026/Jun/29 06:34:05.613753 USER TC_26_6_5_2_5.ttcn3:571 VTY_PT: Received data (buffered): 43 bytes
2026/Jun/29 06:34:05.721382 USER TC_26_6_5_2_5.ttcn3:571 L3_Port: Received 39 bytes
2026/Jun/29 06:34:05.721439 USER TC_26_6_5_2_5.ttcn3:571 L3_Port: RAW GSMTAP hdr->arfcn=0x4038 RxArfcn=0x4038 Uplink=1 Chan=137 Len=23
2026/Jun/29 06:34:05.721449 USER TC_26_6_5_2_5.ttcn3:571 L3_Port: RX: 00 00 01 03 49 06 15 3F 3F 01 C0 00 00 00 00 00 00 00 00 00 00 00 00 
2026/Jun/29 06:34:05.721461 PORTEVENT TC_26_6_5_2_5.ttcn3:571 Message enqueued on L from system octetstring : '000001034906153F3F01C0000000000000000000000000'O id 54
2026/Jun/29 06:34:05.721473 USER TC_26_6_5_2_5.ttcn3:571 L3_Port: Message delivered to TTCN-3
2026/Jun/29 06:34:05.813110 USER TC_26_6_5_2_5.ttcn3:571 BSC_Port: RX: {"event": "DATA_IND", "data": {"chan_nr": 65, "bsc_slr": 65, "l3_data": "032505e13330337f"}}
2026/Jun/29 06:34:05.813180 PORTEVENT TC_26_6_5_2_5.ttcn3:571 Message enqueued on BSC from system charstring : "{\"event\": \"DATA_IND\", \"data\": {\"chan_nr\": 65, \"bsc_slr\": 65, \"l3_data\": \"032505e13330337f\"}}" id 72
2026/Jun/29 06:34:05.813206 PORTEVENT TC_26_6_5_2_5.ttcn3:591 Receive operation on port BSC succeeded, message from system(): charstring: "{\"event\": \"DATA_IND\", \"data\": {\"chan_nr\": 65, \"bsc_slr\": 65, \"l3_data\": \"032505e13330337f\"}}" id 72
2026/Jun/29 06:34:05.813216 PORTEVENT TC_26_6_5_2_5.ttcn3:591 Message with id 72 was extracted from the queue of BSC.
2026/Jun/29 06:34:05.970064 USER TC_26_6_5_2_5.ttcn3:571 MSC_Port: RX: {"type": "HEARTBEAT"}
2026/Jun/29 06:34:05.970141 PORTEVENT TC_26_6_5_2_5.ttcn3:571 Message enqueued on MSC from system charstring : "{\"type\": \"HEARTBEAT\"}" id 15
2026/Jun/29 06:34:05.970168 PORTEVENT TC_26_6_5_2_5.ttcn3:572 Receive operation on port MSC succeeded, message from system(): charstring : "{\"type\": \"HEARTBEAT\"}" id 15
2026/Jun/29 06:34:05.970177 PORTEVENT TC_26_6_5_2_5.ttcn3:572 Message with id 15 was extracted from the queue of MSC.
2026/Jun/29 06:34:06.048427 USER TC_26_6_5_2_5.ttcn3:571 BSC_Port: RX: {"event": "DATA_IND", "data": {"chan_nr": 65, "bsc_slr": 65, "l3_data": "036d0802e090"}}
2026/Jun/29 06:34:06.048505 PORTEVENT TC_26_6_5_2_5.ttcn3:571 Message enqueued on BSC from system charstring : "{\"event\": \"DATA_IND\", \"data\": {\"chan_nr\": 65, \"bsc_slr\": 65, \"l3_data\": \"036d0802e090\"}}" id 73
2026/Jun/29 06:34:06.048530 PORTEVENT TC_26_6_5_2_5.ttcn3:591 Receive operation on port BSC succeeded, message from system(): charstring: "{\"event\": \"DATA_IND\", \"data\": {\"chan_nr\": 65, \"bsc_slr\": 65, \"l3_data\": \"036d0802e090\"}}" id 73
2026/Jun/29 06:34:06.048539 PORTEVENT TC_26_6_5_2_5.ttcn3:591 Message with id 73 was extracted from the queue of BSC.
2026/Jun/29 06:34:06.391210 TIMEROP TC_26_6_5_2_5.ttcn3:592 Timeout T_setup: 10 s
2026/Jun/29 06:34:06.391274 USER TC_26_6_5_2_5.ttcn3:593 *** No retransmitted CC SETUP (expected: L2 ack withhold not implemented) ***
2026/Jun/29 06:34:06.391325 PORTEVENT TC_26_6_5_2_5.ttcn3:599 Sent on BSC to system charstring : "{\"command\": \"CMD_RELEASE_CHANNEL\", \"chan_nr\": 18}"
2026/Jun/29 06:34:06.391420 USER TC_26_6_5_2_5.ttcn3:599 BSC_Port: TX: {"command": "CMD_RELEASE_CHANNEL", "chan_nr": 18}
2026/Jun/29 06:34:06.391443 TIMEROP TC_26_6_5_2_5.ttcn3:601 Start timer T_rel: 5 s
2026/Jun/29 06:34:06.681272 USER TC_26_6_5_2_5.ttcn3:602 L3_Port: Received 39 bytes
2026/Jun/29 06:34:06.681338 USER TC_26_6_5_2_5.ttcn3:602 L3_Port: RAW GSMTAP hdr->arfcn=0x4038 RxArfcn=0x4038 Uplink=1 Chan=137 Len=23
2026/Jun/29 06:34:06.681352 USER TC_26_6_5_2_5.ttcn3:602 L3_Port: RX: 00 00 01 03 49 06 15 3F 3F 01 C0 00 00 00 00 00 00 00 00 00 00 00 00 
2026/Jun/29 06:34:06.681367 PORTEVENT TC_26_6_5_2_5.ttcn3:602 Message enqueued on L from system octetstring : '000001034906153F3F01C0000000000000000000000000'O id 55
2026/Jun/29 06:34:06.681380 USER TC_26_6_5_2_5.ttcn3:602 L3_Port: Message delivered to TTCN-3
2026/Jun/29 06:34:06.681636 USER TC_26_6_5_2_5.ttcn3:602 BSC_Port: RX: {"event": "MEAS_RES", "data": {"chan_nr": 65, "ncells": 0, "l3_data": ""}}
2026/Jun/29 06:34:06.681656 PORTEVENT TC_26_6_5_2_5.ttcn3:602 Message enqueued on BSC from system charstring : "{\"event\": \"MEAS_RES\", \"data\": {\"chan_nr\": 65, \"ncells\": 0, \"l3_data\": \"\"}}" id 74
2026/Jun/29 06:34:06.681669 PORTEVENT TC_26_6_5_2_5.ttcn3:603 Receive operation on port BSC succeeded, message from system(): charstring : "{\"event\": \"MEAS_RES\", \"data\": {\"chan_nr\": 65, \"ncells\": 0, \"l3_data\": \"\"}}" id 74
2026/Jun/29 06:34:06.681677 PORTEVENT TC_26_6_5_2_5.ttcn3:603 Message with id 74 was extracted from the queue of BSC.
2026/Jun/29 06:34:07.641871 USER TC_26_6_5_2_5.ttcn3:602 L3_Port: Received 39 bytes
2026/Jun/29 06:34:07.641936 USER TC_26_6_5_2_5.ttcn3:602 L3_Port: RAW GSMTAP hdr->arfcn=0x4038 RxArfcn=0x4038 Uplink=1 Chan=137 Len=23
2026/Jun/29 06:34:07.641947 USER TC_26_6_5_2_5.ttcn3:602 L3_Port: RX: 00 00 01 03 49 06 15 3F 3F 01 C0 00 00 00 00 00 00 00 00 00 00 00 00 
2026/Jun/29 06:34:07.641960 PORTEVENT TC_26_6_5_2_5.ttcn3:602 Message enqueued on L from system octetstring : '000001034906153F3F01C0000000000000000000000000'O id 56
2026/Jun/29 06:34:07.641972 USER TC_26_6_5_2_5.ttcn3:602 L3_Port: Message delivered to TTCN-3
2026/Jun/29 06:34:07.857756 USER TC_26_6_5_2_5.ttcn3:602 BSC_Port: RX: {"event": "MEAS_RES", "data": {"chan_nr": 65, "ncells": 0, "l3_data": ""}}
2026/Jun/29 06:34:07.857841 PORTEVENT TC_26_6_5_2_5.ttcn3:602 Message enqueued on BSC from system charstring : "{\"event\": \"MEAS_RES\", \"data\": {\"chan_nr\": 65, \"ncells\": 0, \"l3_data\": \"\"}}" id 75
2026/Jun/29 06:34:07.857868 PORTEVENT TC_26_6_5_2_5.ttcn3:603 Receive operation on port BSC succeeded, message from system(): charstring : "{\"event\": \"MEAS_RES\", \"data\": {\"chan_nr\": 65, \"ncells\": 0, \"l3_data\": \"\"}}" id 75
2026/Jun/29 06:34:07.857879 PORTEVENT TC_26_6_5_2_5.ttcn3:603 Message with id 75 was extracted from the queue of BSC.
2026/Jun/29 06:34:08.392607 USER TC_26_6_5_2_5.ttcn3:602 BSC_Port: RX: {"status": "ok", "chan_nr": 18}
2026/Jun/29 06:34:08.392676 PORTEVENT TC_26_6_5_2_5.ttcn3:602 Message enqueued on BSC from system charstring : "{\"status\": \"ok\", \"chan_nr\": 18}" id 76
2026/Jun/29 06:34:08.392702 PORTEVENT TC_26_6_5_2_5.ttcn3:603 Receive operation on port BSC succeeded, message from system(): charstring : "{\"status\": \"ok\", \"chan_nr\": 18}" id 76
2026/Jun/29 06:34:08.392712 PORTEVENT TC_26_6_5_2_5.ttcn3:603 Message with id 76 was extracted from the queue of BSC.
2026/Jun/29 06:34:08.392766 TIMEROP TC_26_6_5_2_5.ttcn3:604 Stop timer T_rel: 5 s
2026/Jun/29 06:34:08.392780 USER TC_26_6_5_2_5.ttcn3:618 ========================================
2026/Jun/29 06:34:08.392785 USER TC_26_6_5_2_5.ttcn3:619 TEST SUMMARY: TC_26_6_5_2_5
2026/Jun/29 06:34:08.392790 USER TC_26_6_5_2_5.ttcn3:620 ========================================
2026/Jun/29 06:34:08.392839 USER TC_26_6_5_2_5.ttcn3:624 Sub-test 1 (idle-updated state): PASS
2026/Jun/29 06:34:08.392846 USER TC_26_6_5_2_5.ttcn3:632 Sub-test 2 (MO call initiation): PASS
2026/Jun/29 06:34:08.392856 USER TC_26_6_5_2_5.ttcn3:640 Sub-test 3 (PHYSICAL INFO + HO complete): PASS
2026/Jun/29 06:34:08.392866 USER TC_26_6_5_2_5.ttcn3:654 Sub-test 4 (CC SETUP retransmit / N(SD) check): PASS (not observed, expected)
2026/Jun/29 06:34:08.392879 USER TC_26_6_5_2_5.ttcn3:657 ========================================
2026/Jun/29 06:34:08.392883 USER TC_26_6_5_2_5.ttcn3:658 Total sub-tests: 4
2026/Jun/29 06:34:08.392894 USER TC_26_6_5_2_5.ttcn3:659 Passed: 4
2026/Jun/29 06:34:08.392898 USER TC_26_6_5_2_5.ttcn3:660 Failed: 0
2026/Jun/29 06:34:08.392903 USER TC_26_6_5_2_5.ttcn3:661 ========================================
2026/Jun/29 06:34:08.392937 VERDICTOP TC_26_6_5_2_5.ttcn3:664 setverdict(pass): none -> pass
2026/Jun/29 06:34:08.393012 USER TC_26_6_5_2_5.ttcn3:665 VERDICT: PASS
2026/Jun/29 06:34:08.393016 TIMEROP TC_26_6_5_2_5.ttcn3:671 Stop timer T_guard: 300 s
2026/Jun/29 06:34:08.393027 PARALLEL TC_26_6_5_2_5.ttcn3:672 Unmapping port mtc:BSC from system:BSC.
2026/Jun/29 06:34:08.393142 USER TC_26_6_5_2_5.ttcn3:672 BSC_Port: Unmapping
2026/Jun/29 06:34:08.393230 PORTEVENT TC_26_6_5_2_5.ttcn3:672 Port BSC was unmapped from system:BSC.
2026/Jun/29 06:34:08.393269 PARALLEL TC_26_6_5_2_5.ttcn3:672 Unmap operation of mtc:BSC from system:BSC finished.
2026/Jun/29 06:34:08.393280 PARALLEL TC_26_6_5_2_5.ttcn3:673 Unmapping port mtc:MSC from system:MSC.
2026/Jun/29 06:34:08.393296 USER TC_26_6_5_2_5.ttcn3:673 MSC_Port: Unmapping from MSC
2026/Jun/29 06:34:08.393349 PORTEVENT TC_26_6_5_2_5.ttcn3:673 Port MSC was unmapped from system:MSC.
2026/Jun/29 06:34:08.393369 PARALLEL TC_26_6_5_2_5.ttcn3:673 Unmap operation of mtc:MSC from system:MSC finished.
2026/Jun/29 06:34:08.393390 PARALLEL TC_26_6_5_2_5.ttcn3:674 Unmapping port mtc:L from system:L.
2026/Jun/29 06:34:08.393408 USER TC_26_6_5_2_5.ttcn3:674 L3_Port: Unmapping from L
2026/Jun/29 06:34:08.393439 PORTEVENT TC_26_6_5_2_5.ttcn3:674 Port L was unmapped from system:L.
2026/Jun/29 06:34:08.393455 PARALLEL TC_26_6_5_2_5.ttcn3:674 Unmap operation of mtc:L from system:L finished.
2026/Jun/29 06:34:08.393467 PARALLEL TC_26_6_5_2_5.ttcn3:675 Unmapping port mtc:VTY from system:VTY.
2026/Jun/29 06:34:08.393482 USER TC_26_6_5_2_5.ttcn3:675 VTY_PT: Unmapping port from VTY interface
2026/Jun/29 06:34:08.393554 USER TC_26_6_5_2_5.ttcn3:675 VTY_PT: Disconnected from VTY
2026/Jun/29 06:34:08.393573 PORTEVENT TC_26_6_5_2_5.ttcn3:675 Port VTY was unmapped from system:VTY.
2026/Jun/29 06:34:08.393588 PARALLEL TC_26_6_5_2_5.ttcn3:675 Unmap operation of mtc:VTY from system:VTY finished.
2026/Jun/29 06:34:08.393605 PARALLEL TC_26_6_5_2_5.ttcn3:675 Terminating component type GSM_Component_Definitions.GSM_CT.
2026/Jun/29 06:34:08.393634 USER TC_26_6_5_2_5.ttcn3:675 L3_Port: user_stop called
2026/Jun/29 06:34:08.393648 PORTEVENT TC_26_6_5_2_5.ttcn3:675 Message with id 43 was extracted from the queue of L.
2026/Jun/29 06:34:08.393654 PORTEVENT TC_26_6_5_2_5.ttcn3:675 Message with id 44 was extracted from the queue of L.
2026/Jun/29 06:34:08.393657 PORTEVENT TC_26_6_5_2_5.ttcn3:675 Message with id 45 was extracted from the queue of L.
2026/Jun/29 06:34:08.393660 PORTEVENT TC_26_6_5_2_5.ttcn3:675 Message with id 46 was extracted from the queue of L.
2026/Jun/29 06:34:08.393663 PORTEVENT TC_26_6_5_2_5.ttcn3:675 Message with id 47 was extracted from the queue of L.
2026/Jun/29 06:34:08.393666 PORTEVENT TC_26_6_5_2_5.ttcn3:675 Message with id 48 was extracted from the queue of L.
2026/Jun/29 06:34:08.393668 PORTEVENT TC_26_6_5_2_5.ttcn3:675 Message with id 49 was extracted from the queue of L.
2026/Jun/29 06:34:08.393671 PORTEVENT TC_26_6_5_2_5.ttcn3:675 Message with id 50 was extracted from the queue of L.
2026/Jun/29 06:34:08.393674 PORTEVENT TC_26_6_5_2_5.ttcn3:675 Message with id 51 was extracted from the queue of L.
2026/Jun/29 06:34:08.393676 PORTEVENT TC_26_6_5_2_5.ttcn3:675 Message with id 52 was extracted from the queue of L.
2026/Jun/29 06:34:08.393693 PORTEVENT TC_26_6_5_2_5.ttcn3:675 Message with id 53 was extracted from the queue of L.
2026/Jun/29 06:34:08.393697 PORTEVENT TC_26_6_5_2_5.ttcn3:675 Message with id 54 was extracted from the queue of L.
2026/Jun/29 06:34:08.393700 PORTEVENT TC_26_6_5_2_5.ttcn3:675 Message with id 55 was extracted from the queue of L.
2026/Jun/29 06:34:08.393710 PORTEVENT TC_26_6_5_2_5.ttcn3:675 Message with id 56 was extracted from the queue of L.
2026/Jun/29 06:34:08.393713 PORTEVENT TC_26_6_5_2_5.ttcn3:675 Port L was stopped.
2026/Jun/29 06:34:08.393727 PORTEVENT TC_26_6_5_2_5.ttcn3:675 Port RR was stopped.
2026/Jun/29 06:34:08.393738 PORTEVENT TC_26_6_5_2_5.ttcn3:675 Port MM was stopped.
2026/Jun/29 06:34:08.393748 PORTEVENT TC_26_6_5_2_5.ttcn3:675 Port CC was stopped.
2026/Jun/29 06:34:08.393751 USER TC_26_6_5_2_5.ttcn3:675 MSC_Port: user_stop called
2026/Jun/29 06:34:08.393767 PORTEVENT TC_26_6_5_2_5.ttcn3:675 Port MSC was stopped.
2026/Jun/29 06:34:08.393773 USER TC_26_6_5_2_5.ttcn3:675 BSC_Port: user_stop called
2026/Jun/29 06:34:08.393786 PORTEVENT TC_26_6_5_2_5.ttcn3:675 Port BSC was stopped.
2026/Jun/29 06:34:08.393790 PORTEVENT TC_26_6_5_2_5.ttcn3:675 Port RSL was stopped.
2026/Jun/29 06:34:08.393792 USER TC_26_6_5_2_5.ttcn3:675 VTY_PT: Stopping
2026/Jun/29 06:34:08.393804 PORTEVENT TC_26_6_5_2_5.ttcn3:675 Port VTY was stopped.
2026/Jun/29 06:34:08.393808 PORTEVENT TC_26_6_5_2_5.ttcn3:675 Port COORD was stopped.
2026/Jun/29 06:34:08.393811 PARALLEL TC_26_6_5_2_5.ttcn3:675 Component type GSM_Component_Definitions.GSM_CT was shut down inside testcase TC_26_6_5_2_5.
2026/Jun/29 06:34:08.393818 EXECUTOR TC_26_6_5_2_5.ttcn3:675 Waiting for PTCs to finish.
2026/Jun/29 06:34:08.393866 VERDICTOP TC_26_6_5_2_5.ttcn3:675 Setting final verdict of the test case.
2026/Jun/29 06:34:08.393942 VERDICTOP TC_26_6_5_2_5.ttcn3:675 Local verdict of MTC: pass
2026/Jun/29 06:34:08.393974 VERDICTOP TC_26_6_5_2_5.ttcn3:675 No PTCs were created.
2026/Jun/29 06:34:08.393996 TESTCASE TC_26_6_5_2_5.ttcn3:675 Test case TC_26_6_5_2_5 finished. Verdict: pass
2026/Jun/29 06:34:08.394105 STATISTICS - Verdict statistics: 0 none (0.00 %), 1 pass (100.00 %), 0 inconc (0.00 %), 0 fail (0.00 %), 0 error (0.00 %).
2026/Jun/29 06:34:08.394158 STATISTICS - Test execution summary: 1 test case was executed. Overall verdict: pass
2026/Jun/29 06:34:08.394161 EXECUTOR - Exit was requested from MC. Terminating MTC.
