unix_ts,namespace,pod,cpu_m,mem_mib
1782282971,kube-system,coredns-c4dbffb5f-p9rsr,3,26
1782282971,kube-system,local-path-provisioner-5c4dc5d66d-nfqxz,1,15
1782282971,kube-system,metrics-server-786d997795-hcp2m,6,44
1782282971,kube-system,svclb-traefik-1100f998-kpm9h,0,0
1782282971,kube-system,traefik-9bcdbbd9-qtpjt,1,33
1782282974,kube-system,coredns-c4dbffb5f-p9rsr,3,26
1782282974,kube-system,local-path-provisioner-5c4dc5d66d-nfqxz,1,15
1782282974,kube-system,metrics-server-786d997795-hcp2m,6,44
1782282974,kube-system,svclb-traefik-1100f998-kpm9h,0,0
1782282974,kube-system,traefik-9bcdbbd9-qtpjt,1,33
1782282977,kube-system,coredns-c4dbffb5f-p9rsr,3,26
1782282977,kube-system,local-path-provisioner-5c4dc5d66d-nfqxz,1,15
1782282977,kube-system,metrics-server-786d997795-hcp2m,6,44
1782282977,kube-system,svclb-traefik-1100f998-kpm9h,0,0
1782282977,kube-system,traefik-9bcdbbd9-qtpjt,1,33
1782282980,kube-system,coredns-c4dbffb5f-p9rsr,3,26
1782282980,kube-system,local-path-provisioner-5c4dc5d66d-nfqxz,1,15
1782282980,kube-system,metrics-server-786d997795-hcp2m,6,44
1782282980,kube-system,svclb-traefik-1100f998-kpm9h,0,0
1782282980,kube-system,traefik-9bcdbbd9-qtpjt,1,33
1782282984,kube-system,coredns-c4dbffb5f-p9rsr,3,26
1782282984,kube-system,local-path-provisioner-5c4dc5d66d-nfqxz,1,15
1782282984,kube-system,metrics-server-786d997795-hcp2m,6,44
1782282984,kube-system,svclb-traefik-1100f998-kpm9h,0,0
1782282984,kube-system,traefik-9bcdbbd9-qtpjt,1,33
1782282987,kube-system,coredns-c4dbffb5f-p9rsr,3,26
1782282987,kube-system,local-path-provisioner-5c4dc5d66d-nfqxz,1,15
1782282987,kube-system,metrics-server-786d997795-hcp2m,6,44
1782282987,kube-system,svclb-traefik-1100f998-kpm9h,0,0
1782282987,kube-system,traefik-9bcdbbd9-qtpjt,1,33
1782282990,kube-system,coredns-c4dbffb5f-p9rsr,6,28
1782282990,kube-system,local-path-provisioner-5c4dc5d66d-nfqxz,1,15
1782282990,kube-system,metrics-server-786d997795-hcp2m,8,44
1782282990,kube-system,svclb-traefik-1100f998-kpm9h,0,0
1782282990,kube-system,traefik-9bcdbbd9-qtpjt,7,35
1782282990,tc-26-6-11-1-9,osmo-bsc-594654bd47-22w8h,7,5
1782282990,tc-26-6-11-1-9,osmo-bts-virtual-5f8b9b86fc-98h4z,8,0
1782282990,tc-26-6-11-1-9,osmo-hlr-546bdb8988-mbk5k,5,2
1782282990,tc-26-6-11-1-9,osmo-stp-768687f494-b2r4v,4,2
1782282990,tc-26-6-2-1-1-10,osmo-bsc-594654bd47-lgm95,6,5
1782282990,tc-26-6-2-1-1-10,osmo-bts-virtual-5f8b9b86fc-lz8v5,8,0
1782282990,tc-26-6-2-1-1-10,osmo-hlr-546bdb8988-gjv5l,4,2
1782282990,tc-26-6-2-1-1-10,osmo-mgw-8c8fc67d6-t5sth,4,2
1782282990,tc-26-6-2-1-1-10,osmo-mobile-587bd5b846-btmbs,21,32
1782282990,tc-26-6-2-1-1-10,osmo-stp-768687f494-pq8rn,4,2
1782282990,tc-26-6-2-1-1-10,virtphy-96dd7697f-dbfnf,7,1
1782282990,tc-26-6-8-2-2,osmo-bsc-594654bd47-tkgsl,7,7
1782282990,tc-26-6-8-2-2,osmo-mgw-8c8fc67d6-ghvzw,4,4
1782282990,tc-26-6-8-2-2,osmo-mobile-6cf757f4bb-jmfpr,23,43
1782282990,tc-26-6-8-2-2,virtphy-fc8dddd4c-4r9tc,8,1
1782282990,tc-26-7-5-6-5,osmo-bsc-594654bd47-qwxkf,6,0
1782282990,tc-26-7-5-6-5,osmo-bts-virtual-5f8b9b86fc-wfjwc,7,0
1782282990,tc-26-7-5-6-5,osmo-hlr-546bdb8988-76xzt,3,2
1782282990,tc-26-7-5-6-5,osmo-mgw-8c8fc67d6-t8q8x,4,2
1782282990,tc-26-7-5-6-5,osmo-mobile-6b9545c69c-t2mvr,24,32
1782282990,tc-26-7-5-6-5,osmo-stp-768687f494-gwqpr,4,2
1782282990,tc-26-7-5-6-5,virtphy-5fc5689b8-jn7vs,8,1
1782282990,tc-26-8-1-3-4-6-6,osmo-bsc-594654bd47-sq9jn,6,5
1782282990,tc-26-8-1-3-4-6-6,osmo-bts-virtual-5f8b9b86fc-vq9ct,10,7
1782282990,tc-26-8-1-3-4-6-6,osmo-hlr-546bdb8988-thwg2,5,6
1782282990,tc-26-8-1-3-4-6-6,osmo-mobile-69b4658d4b-ph2md,26,59
1782282990,tc-26-8-1-3-4-6-6,osmo-stp-768687f494-rdztz,4,2
1782282993,kube-system,coredns-c4dbffb5f-p9rsr,6,28
1782282993,kube-system,local-path-provisioner-5c4dc5d66d-nfqxz,1,15
1782282993,kube-system,metrics-server-786d997795-hcp2m,8,44
1782282993,kube-system,svclb-traefik-1100f998-kpm9h,0,0
1782282993,kube-system,traefik-9bcdbbd9-qtpjt,7,35
1782282993,tc-26-6-11-1-9,osmo-bsc-594654bd47-22w8h,7,5
1782282993,tc-26-6-11-1-9,osmo-bts-virtual-5f8b9b86fc-98h4z,8,0
1782282993,tc-26-6-11-1-9,osmo-hlr-546bdb8988-mbk5k,5,2
1782282993,tc-26-6-11-1-9,osmo-stp-768687f494-b2r4v,4,2
1782282993,tc-26-6-2-1-1-10,osmo-bsc-594654bd47-lgm95,6,5
1782282993,tc-26-6-2-1-1-10,osmo-bts-virtual-5f8b9b86fc-lz8v5,8,0
1782282993,tc-26-6-2-1-1-10,osmo-hlr-546bdb8988-gjv5l,4,2
1782282993,tc-26-6-2-1-1-10,osmo-mgw-8c8fc67d6-t5sth,4,2
1782282993,tc-26-6-2-1-1-10,osmo-mobile-587bd5b846-btmbs,21,32
1782282993,tc-26-6-2-1-1-10,osmo-stp-768687f494-pq8rn,4,2
1782282993,tc-26-6-2-1-1-10,virtphy-96dd7697f-dbfnf,7,1
1782282993,tc-26-6-8-2-2,osmo-bsc-594654bd47-tkgsl,7,7
1782282993,tc-26-6-8-2-2,osmo-mgw-8c8fc67d6-ghvzw,4,4
1782282993,tc-26-6-8-2-2,osmo-mobile-6cf757f4bb-jmfpr,23,43
1782282993,tc-26-6-8-2-2,virtphy-fc8dddd4c-4r9tc,8,1
1782282993,tc-26-7-5-6-5,osmo-bsc-594654bd47-qwxkf,6,0
1782282993,tc-26-7-5-6-5,osmo-bts-virtual-5f8b9b86fc-wfjwc,7,0
1782282993,tc-26-7-5-6-5,osmo-hlr-546bdb8988-76xzt,3,2
1782282993,tc-26-7-5-6-5,osmo-mgw-8c8fc67d6-t8q8x,4,2
1782282993,tc-26-7-5-6-5,osmo-mobile-6b9545c69c-t2mvr,24,32
1782282993,tc-26-7-5-6-5,osmo-stp-768687f494-gwqpr,4,2
1782282993,tc-26-7-5-6-5,virtphy-5fc5689b8-jn7vs,8,1
1782282993,tc-26-8-1-3-4-6-6,osmo-bsc-594654bd47-sq9jn,6,5
1782282993,tc-26-8-1-3-4-6-6,osmo-bts-virtual-5f8b9b86fc-vq9ct,10,7
1782282993,tc-26-8-1-3-4-6-6,osmo-hlr-546bdb8988-thwg2,5,6
1782282993,tc-26-8-1-3-4-6-6,osmo-mobile-69b4658d4b-ph2md,26,59
1782282993,tc-26-8-1-3-4-6-6,osmo-stp-768687f494-rdztz,4,2
1782282995,kube-system,coredns-c4dbffb5f-p9rsr,6,28
1782282995,kube-system,local-path-provisioner-5c4dc5d66d-nfqxz,1,15
1782282995,kube-system,metrics-server-786d997795-hcp2m,8,44
1782282995,kube-system,svclb-traefik-1100f998-kpm9h,0,0
1782282995,kube-system,traefik-9bcdbbd9-qtpjt,7,35
1782282995,tc-26-6-11-1-9,osmo-bsc-594654bd47-22w8h,7,5
1782282995,tc-26-6-11-1-9,osmo-bts-virtual-5f8b9b86fc-98h4z,8,0
1782282995,tc-26-6-11-1-9,osmo-hlr-546bdb8988-mbk5k,5,2
1782282995,tc-26-6-11-1-9,osmo-stp-768687f494-b2r4v,4,2
1782282995,tc-26-6-2-1-1-10,osmo-bsc-594654bd47-lgm95,6,5
1782282995,tc-26-6-2-1-1-10,osmo-bts-virtual-5f8b9b86fc-lz8v5,8,0
1782282995,tc-26-6-2-1-1-10,osmo-hlr-546bdb8988-gjv5l,4,2
1782282995,tc-26-6-2-1-1-10,osmo-mgw-8c8fc67d6-t5sth,4,2
1782282995,tc-26-6-2-1-1-10,osmo-mobile-587bd5b846-btmbs,21,32
1782282995,tc-26-6-2-1-1-10,osmo-stp-768687f494-pq8rn,4,2
1782282995,tc-26-6-2-1-1-10,virtphy-96dd7697f-dbfnf,7,1
1782282995,tc-26-6-8-2-2,osmo-bsc-594654bd47-tkgsl,7,7
1782282995,tc-26-6-8-2-2,osmo-mgw-8c8fc67d6-ghvzw,4,4
1782282995,tc-26-6-8-2-2,osmo-mobile-6cf757f4bb-jmfpr,23,43
1782282995,tc-26-6-8-2-2,virtphy-fc8dddd4c-4r9tc,8,1
1782282995,tc-26-7-5-6-5,osmo-bsc-594654bd47-qwxkf,6,0
1782282995,tc-26-7-5-6-5,osmo-bts-virtual-5f8b9b86fc-wfjwc,7,0
1782282995,tc-26-7-5-6-5,osmo-hlr-546bdb8988-76xzt,3,2
1782282995,tc-26-7-5-6-5,osmo-mgw-8c8fc67d6-t8q8x,4,2
1782282995,tc-26-7-5-6-5,osmo-mobile-6b9545c69c-t2mvr,24,32
1782282995,tc-26-7-5-6-5,osmo-stp-768687f494-gwqpr,4,2
1782282995,tc-26-7-5-6-5,virtphy-5fc5689b8-jn7vs,8,1
1782282995,tc-26-8-1-3-4-6-6,osmo-bsc-594654bd47-sq9jn,6,5
1782282995,tc-26-8-1-3-4-6-6,osmo-bts-virtual-5f8b9b86fc-vq9ct,10,7
1782282995,tc-26-8-1-3-4-6-6,osmo-hlr-546bdb8988-thwg2,5,6
1782282995,tc-26-8-1-3-4-6-6,osmo-mobile-69b4658d4b-ph2md,26,59
1782282995,tc-26-8-1-3-4-6-6,osmo-stp-768687f494-rdztz,4,2
1782282997,kube-system,coredns-c4dbffb5f-p9rsr,6,28
1782282997,kube-system,local-path-provisioner-5c4dc5d66d-nfqxz,1,15
1782282997,kube-system,metrics-server-786d997795-hcp2m,8,44
1782282997,kube-system,svclb-traefik-1100f998-kpm9h,0,0
1782282997,kube-system,traefik-9bcdbbd9-qtpjt,7,35
1782282997,tc-26-6-11-1-9,osmo-bsc-594654bd47-22w8h,7,5
1782282997,tc-26-6-11-1-9,osmo-bts-virtual-5f8b9b86fc-98h4z,8,0
1782282997,tc-26-6-11-1-9,osmo-hlr-546bdb8988-mbk5k,5,2
1782282997,tc-26-6-11-1-9,osmo-stp-768687f494-b2r4v,4,2
1782282997,tc-26-6-2-1-1-10,osmo-bsc-594654bd47-lgm95,6,5
1782282997,tc-26-6-2-1-1-10,osmo-bts-virtual-5f8b9b86fc-lz8v5,8,0
1782282997,tc-26-6-2-1-1-10,osmo-hlr-546bdb8988-gjv5l,4,2
1782282997,tc-26-6-2-1-1-10,osmo-mgw-8c8fc67d6-t5sth,4,2
1782282997,tc-26-6-2-1-1-10,osmo-mobile-587bd5b846-btmbs,21,32
1782282997,tc-26-6-2-1-1-10,osmo-stp-768687f494-pq8rn,4,2
1782282997,tc-26-6-2-1-1-10,virtphy-96dd7697f-dbfnf,7,1
1782282997,tc-26-6-8-2-2,osmo-bsc-594654bd47-tkgsl,7,7
1782282997,tc-26-6-8-2-2,osmo-mgw-8c8fc67d6-ghvzw,4,4
1782282997,tc-26-6-8-2-2,osmo-mobile-6cf757f4bb-jmfpr,23,43
1782282997,tc-26-6-8-2-2,virtphy-fc8dddd4c-4r9tc,8,1
1782282997,tc-26-7-5-6-5,osmo-bsc-594654bd47-qwxkf,6,0
1782282997,tc-26-7-5-6-5,osmo-bts-virtual-5f8b9b86fc-wfjwc,7,0
1782282997,tc-26-7-5-6-5,osmo-hlr-546bdb8988-76xzt,3,2
1782282997,tc-26-7-5-6-5,osmo-mgw-8c8fc67d6-t8q8x,4,2
1782282997,tc-26-7-5-6-5,osmo-mobile-6b9545c69c-t2mvr,24,32
1782282997,tc-26-7-5-6-5,osmo-stp-768687f494-gwqpr,4,2
1782282997,tc-26-7-5-6-5,virtphy-5fc5689b8-jn7vs,8,1
1782282997,tc-26-8-1-3-4-6-6,osmo-bsc-594654bd47-sq9jn,6,5
1782282997,tc-26-8-1-3-4-6-6,osmo-bts-virtual-5f8b9b86fc-vq9ct,10,7
1782282997,tc-26-8-1-3-4-6-6,osmo-hlr-546bdb8988-thwg2,5,6
1782282997,tc-26-8-1-3-4-6-6,osmo-mobile-69b4658d4b-ph2md,26,59
1782282997,tc-26-8-1-3-4-6-6,osmo-stp-768687f494-rdztz,4,2
1782283000,kube-system,coredns-c4dbffb5f-p9rsr,6,28
1782283000,kube-system,local-path-provisioner-5c4dc5d66d-nfqxz,1,15
1782283000,kube-system,metrics-server-786d997795-hcp2m,8,44
1782283000,kube-system,svclb-traefik-1100f998-kpm9h,0,0
1782283000,kube-system,traefik-9bcdbbd9-qtpjt,7,35
1782283000,tc-26-6-11-1-9,osmo-bsc-594654bd47-22w8h,7,5
1782283000,tc-26-6-11-1-9,osmo-bts-virtual-5f8b9b86fc-98h4z,8,0
1782283000,tc-26-6-11-1-9,osmo-hlr-546bdb8988-mbk5k,5,2
1782283000,tc-26-6-11-1-9,osmo-stp-768687f494-b2r4v,4,2
1782283000,tc-26-6-2-1-1-10,osmo-bsc-594654bd47-lgm95,6,5
1782283000,tc-26-6-2-1-1-10,osmo-bts-virtual-5f8b9b86fc-lz8v5,8,0
1782283000,tc-26-6-2-1-1-10,osmo-hlr-546bdb8988-gjv5l,4,2
1782283000,tc-26-6-2-1-1-10,osmo-mgw-8c8fc67d6-t5sth,4,2
1782283000,tc-26-6-2-1-1-10,osmo-mobile-587bd5b846-btmbs,21,32
1782283000,tc-26-6-2-1-1-10,osmo-stp-768687f494-pq8rn,4,2
1782283000,tc-26-6-2-1-1-10,virtphy-96dd7697f-dbfnf,7,1
1782283000,tc-26-6-8-2-2,osmo-bsc-594654bd47-tkgsl,7,7
1782283000,tc-26-6-8-2-2,osmo-mgw-8c8fc67d6-ghvzw,4,4
1782283000,tc-26-6-8-2-2,osmo-mobile-6cf757f4bb-jmfpr,23,43
1782283000,tc-26-6-8-2-2,virtphy-fc8dddd4c-4r9tc,8,1
1782283000,tc-26-7-5-6-5,osmo-bsc-594654bd47-qwxkf,6,0
1782283000,tc-26-7-5-6-5,osmo-bts-virtual-5f8b9b86fc-wfjwc,7,0
1782283000,tc-26-7-5-6-5,osmo-hlr-546bdb8988-76xzt,3,2
1782283000,tc-26-7-5-6-5,osmo-mgw-8c8fc67d6-t8q8x,4,2
1782283000,tc-26-7-5-6-5,osmo-mobile-6b9545c69c-t2mvr,24,32
1782283000,tc-26-7-5-6-5,osmo-stp-768687f494-gwqpr,4,2
1782283000,tc-26-7-5-6-5,virtphy-5fc5689b8-jn7vs,8,1
1782283000,tc-26-8-1-3-4-6-6,osmo-bsc-594654bd47-sq9jn,6,5
1782283000,tc-26-8-1-3-4-6-6,osmo-bts-virtual-5f8b9b86fc-vq9ct,10,7
1782283000,tc-26-8-1-3-4-6-6,osmo-hlr-546bdb8988-thwg2,5,6
1782283000,tc-26-8-1-3-4-6-6,osmo-mobile-69b4658d4b-ph2md,26,59
1782283000,tc-26-8-1-3-4-6-6,osmo-stp-768687f494-rdztz,4,2
1782283002,kube-system,coredns-c4dbffb5f-p9rsr,6,28
1782283002,kube-system,local-path-provisioner-5c4dc5d66d-nfqxz,1,15
1782283002,kube-system,metrics-server-786d997795-hcp2m,8,44
1782283002,kube-system,svclb-traefik-1100f998-kpm9h,0,0
1782283002,kube-system,traefik-9bcdbbd9-qtpjt,7,35
1782283002,tc-26-6-11-1-9,osmo-bsc-594654bd47-22w8h,7,5
1782283002,tc-26-6-11-1-9,osmo-bts-virtual-5f8b9b86fc-98h4z,8,0
1782283002,tc-26-6-11-1-9,osmo-hlr-546bdb8988-mbk5k,5,2
1782283002,tc-26-6-11-1-9,osmo-stp-768687f494-b2r4v,4,2
1782283002,tc-26-6-2-1-1-10,osmo-bsc-594654bd47-lgm95,6,5
1782283002,tc-26-6-2-1-1-10,osmo-bts-virtual-5f8b9b86fc-lz8v5,8,0
1782283002,tc-26-6-2-1-1-10,osmo-hlr-546bdb8988-gjv5l,4,2
1782283002,tc-26-6-2-1-1-10,osmo-mgw-8c8fc67d6-t5sth,4,2
1782283002,tc-26-6-2-1-1-10,osmo-mobile-587bd5b846-btmbs,21,32
1782283002,tc-26-6-2-1-1-10,osmo-stp-768687f494-pq8rn,4,2
1782283002,tc-26-6-2-1-1-10,virtphy-96dd7697f-dbfnf,7,1
1782283002,tc-26-6-8-2-2,osmo-bsc-594654bd47-tkgsl,7,7
1782283002,tc-26-6-8-2-2,osmo-mgw-8c8fc67d6-ghvzw,4,4
1782283002,tc-26-6-8-2-2,osmo-mobile-6cf757f4bb-jmfpr,23,43
1782283002,tc-26-6-8-2-2,virtphy-fc8dddd4c-4r9tc,8,1
1782283002,tc-26-7-5-6-5,osmo-bsc-594654bd47-qwxkf,6,0
1782283002,tc-26-7-5-6-5,osmo-bts-virtual-5f8b9b86fc-wfjwc,7,0
1782283002,tc-26-7-5-6-5,osmo-hlr-546bdb8988-76xzt,3,2
1782283002,tc-26-7-5-6-5,osmo-mgw-8c8fc67d6-t8q8x,4,2
1782283002,tc-26-7-5-6-5,osmo-mobile-6b9545c69c-t2mvr,24,32
1782283002,tc-26-7-5-6-5,osmo-stp-768687f494-gwqpr,4,2
1782283002,tc-26-7-5-6-5,virtphy-5fc5689b8-jn7vs,8,1
1782283002,tc-26-8-1-3-4-6-6,osmo-bsc-594654bd47-sq9jn,6,5
1782283002,tc-26-8-1-3-4-6-6,osmo-bts-virtual-5f8b9b86fc-vq9ct,10,7
1782283002,tc-26-8-1-3-4-6-6,osmo-hlr-546bdb8988-thwg2,5,6
1782283002,tc-26-8-1-3-4-6-6,osmo-mobile-69b4658d4b-ph2md,26,59
1782283002,tc-26-8-1-3-4-6-6,osmo-stp-768687f494-rdztz,4,2
1782283004,kube-system,coredns-c4dbffb5f-p9rsr,11,28
1782283004,kube-system,local-path-provisioner-5c4dc5d66d-nfqxz,1,15
1782283004,kube-system,metrics-server-786d997795-hcp2m,11,44
1782283004,kube-system,svclb-traefik-1100f998-kpm9h,0,0
1782283004,kube-system,traefik-9bcdbbd9-qtpjt,3,35
1782283004,tc-26-6-11-1-9,msc-test-stub-5b875d749d-mx9h8,1,16
1782283004,tc-26-6-11-1-9,osmo-bsc-594654bd47-22w8h,1,5
1782283004,tc-26-6-11-1-9,osmo-bts-virtual-5f8b9b86fc-98h4z,29,5
1782283004,tc-26-6-11-1-9,osmo-hlr-546bdb8988-mbk5k,1,2
1782283004,tc-26-6-11-1-9,osmo-mgw-8c8fc67d6-95rkp,1,2
1782283004,tc-26-6-11-1-9,osmo-mobile-654dfdc996-rvbm9,3,32
1782283004,tc-26-6-11-1-9,osmo-stp-768687f494-b2r4v,1,2
1782283004,tc-26-6-11-1-9,virtphy-7dc46555f-httmn,8,1
1782283004,tc-26-6-2-1-1-10,msc-test-stub-5b875d749d-sf5nr,1,16
1782283004,tc-26-6-2-1-1-10,osmo-bsc-594654bd47-lgm95,2,5
1782283004,tc-26-6-2-1-1-10,osmo-bts-virtual-5f8b9b86fc-lz8v5,23,5
1782283004,tc-26-6-2-1-1-10,osmo-hlr-546bdb8988-gjv5l,1,2
1782283004,tc-26-6-2-1-1-10,osmo-mgw-8c8fc67d6-t5sth,1,2
1782283004,tc-26-6-2-1-1-10,osmo-mobile-587bd5b846-btmbs,3,33
1782283004,tc-26-6-2-1-1-10,osmo-stp-768687f494-pq8rn,1,2
1782283004,tc-26-6-2-1-1-10,virtphy-96dd7697f-dbfnf,6,1
1782283004,tc-26-6-2-4-8,msc-test-stub-5b875d749d-xvhpf,11,16
1782283004,tc-26-6-2-4-8,osmo-bsc-594654bd47-msv6c,3,5
1782283004,tc-26-6-2-4-8,osmo-bts-virtual-5f8b9b86fc-g8mvt,13,5
1782283004,tc-26-6-2-4-8,osmo-hlr-546bdb8988-8gkbl,1,2
1782283004,tc-26-6-2-4-8,osmo-mgw-8c8fc67d6-n8kkk,1,2
1782283004,tc-26-6-2-4-8,osmo-mobile-67b9dc6556-l7d2s,20,33
1782283004,tc-26-6-2-4-8,osmo-stp-768687f494-ncn4x,4,2
1782283004,tc-26-6-8-2-2,msc-test-stub-5b875d749d-kcsvh,1,22
1782283004,tc-26-6-8-2-2,osmo-bsc-594654bd47-tkgsl,1,7
1782283004,tc-26-6-8-2-2,osmo-bts-virtual-5f8b9b86fc-qmlq8,31,5
1782283004,tc-26-6-8-2-2,osmo-hlr-546bdb8988-rctw6,1,2
1782283004,tc-26-6-8-2-2,osmo-mgw-8c8fc67d6-ghvzw,1,4
1782283004,tc-26-6-8-2-2,osmo-mobile-6cf757f4bb-jmfpr,3,43
1782283004,tc-26-6-8-2-2,osmo-stp-768687f494-sqt65,1,6
1782283004,tc-26-6-8-2-2,virtphy-fc8dddd4c-4r9tc,6,1
1782283004,tc-26-7-2-1-4,osmo-bsc-594654bd47-l6cj2,3,5
1782283004,tc-26-7-2-1-4,osmo-bts-virtual-5f8b9b86fc-kzkkp,9,5
1782283004,tc-26-7-2-1-4,osmo-mgw-8c8fc67d6-v4v28,1,2
1782283004,tc-26-7-2-1-4,osmo-mobile-64dcc87988-r4bxs,16,36
1782283004,tc-26-7-2-1-4,osmo-stp-768687f494-t9pm5,4,2
1782283004,tc-26-7-2-1-4,virtphy-6f8b6f6885-hg7cs,9,1
1782283004,tc-26-7-2-2-3,osmo-bsc-594654bd47-bjbll,7,5
1782283004,tc-26-7-2-2-3,osmo-bts-virtual-5f8b9b86fc-dj9j7,8,0
1782283004,tc-26-7-2-2-3,osmo-hlr-546bdb8988-q5xcs,5,2
1782283004,tc-26-7-2-2-3,osmo-mgw-8c8fc67d6-w7mb7,5,2
1782283004,tc-26-7-2-2-3,osmo-mobile-65b5958d7b-nd7wr,24,36
1782283004,tc-26-7-2-2-3,osmo-stp-768687f494-x889n,6,2
1782283004,tc-26-7-2-2-3,virtphy-669796d86c-dl9dt,9,1
1782283004,tc-26-7-4-1-11,msc-test-stub-5b875d749d-nf4fk,12,16
1782283004,tc-26-7-4-1-11,osmo-bsc-594654bd47-qlrkz,7,5
1782283004,tc-26-7-4-1-11,osmo-bts-virtual-5f8b9b86fc-ksxp2,10,5
1782283004,tc-26-7-4-1-11,osmo-hlr-546bdb8988-m7slh,4,2
1782283004,tc-26-7-4-1-11,osmo-mgw-8c8fc67d6-blwgc,1,2
1782283004,tc-26-7-4-1-11,osmo-mobile-57ffcc5b84-bcb6v,19,32
1782283004,tc-26-7-4-1-11,osmo-stp-768687f494-cdvls,5,2
1782283004,tc-26-7-4-1-11,virtphy-689cb88f6c-lpfmk,6,1
1782283004,tc-26-7-5-3-12,osmo-bsc-594654bd47-b8kpq,7,5
1782283004,tc-26-7-5-3-12,osmo-bts-virtual-5f8b9b86fc-wl7k2,10,5
1782283004,tc-26-7-5-3-12,osmo-hlr-546bdb8988-d6l2s,4,2
1782283004,tc-26-7-5-3-12,osmo-mgw-8c8fc67d6-xp48l,4,2
1782283004,tc-26-7-5-3-12,osmo-mobile-79c8f8bc4b-mc6jq,21,36
1782283004,tc-26-7-5-3-12,osmo-stp-768687f494-2nqzv,6,2
1782283004,tc-26-7-5-3-12,virtphy-56cc7fd87-gnrrq,9,1
1782283004,tc-26-7-5-6-5,msc-test-stub-5b875d749d-sq5zl,9,16
1782283004,tc-26-7-5-6-5,osmo-bsc-594654bd47-qwxkf,3,5
1782283004,tc-26-7-5-6-5,osmo-bts-virtual-5f8b9b86fc-wfjwc,17,5
1782283004,tc-26-7-5-6-5,osmo-hlr-546bdb8988-76xzt,1,2
1782283004,tc-26-7-5-6-5,osmo-mgw-8c8fc67d6-t8q8x,1,2
1782283004,tc-26-7-5-6-5,osmo-mobile-6b9545c69c-t2mvr,3,32
1782283004,tc-26-7-5-6-5,osmo-stp-768687f494-gwqpr,1,2
1782283004,tc-26-7-5-6-5,virtphy-5fc5689b8-jn7vs,5,1
1782283004,tc-26-8-1-2-1-1-1,msc-test-stub-5b875d749d-v48d2,14,16
1782283004,tc-26-8-1-2-1-1-1,osmo-bsc-594654bd47-7l68h,3,5
1782283004,tc-26-8-1-2-1-1-1,osmo-bts-virtual-5f8b9b86fc-6vtkt,11,5
1782283004,tc-26-8-1-2-1-1-1,osmo-hlr-546bdb8988-dv26d,4,2
1782283004,tc-26-8-1-2-1-1-1,osmo-mgw-8c8fc67d6-s49xd,1,2
1782283004,tc-26-8-1-2-1-1-1,osmo-mobile-5976fc576b-wkx2z,19,32
1782283004,tc-26-8-1-2-1-1-1,osmo-stp-768687f494-sjcjh,1,2
1782283004,tc-26-8-1-2-1-1-1,virtphy-7798ff9c7-btctw,8,1
1782283004,tc-26-8-1-3-3-1-7,msc-test-stub-5b875d749d-nh4pl,11,16
1782283004,tc-26-8-1-3-3-1-7,osmo-bsc-594654bd47-wcjc5,5,5
1782283004,tc-26-8-1-3-3-1-7,osmo-bts-virtual-5f8b9b86fc-sjf5l,8,0
1782283004,tc-26-8-1-3-3-1-7,osmo-hlr-546bdb8988-kt455,1,2
1782283004,tc-26-8-1-3-3-1-7,osmo-mgw-8c8fc67d6-82hsl,1,2
1782283004,tc-26-8-1-3-3-1-7,osmo-mobile-6bccfdc6b7-47qzz,17,32
1782283004,tc-26-8-1-3-3-1-7,osmo-stp-768687f494-6b54s,1,2
1782283004,tc-26-8-1-3-3-1-7,virtphy-5c84574666-b9cr2,6,1
1782283004,tc-26-8-1-3-4-6-6,msc-test-stub-5b875d749d-zd9kr,12,16
1782283004,tc-26-8-1-3-4-6-6,osmo-bsc-594654bd47-sq9jn,1,5
1782283004,tc-26-8-1-3-4-6-6,osmo-bts-virtual-5f8b9b86fc-vq9ct,31,7
1782283004,tc-26-8-1-3-4-6-6,osmo-hlr-546bdb8988-thwg2,1,6
1782283004,tc-26-8-1-3-4-6-6,osmo-mgw-8c8fc67d6-qhtng,1,4
1782283004,tc-26-8-1-3-4-6-6,osmo-mobile-69b4658d4b-ph2md,3,59
1782283004,tc-26-8-1-3-4-6-6,osmo-stp-768687f494-rdztz,4,2
1782283004,tc-26-8-1-3-4-6-6,virtphy-65f469bd7-gplgh,6,2
1782283006,kube-system,coredns-c4dbffb5f-p9rsr,11,28
1782283006,kube-system,local-path-provisioner-5c4dc5d66d-nfqxz,1,15
1782283006,kube-system,metrics-server-786d997795-hcp2m,11,44
1782283006,kube-system,svclb-traefik-1100f998-kpm9h,0,0
1782283006,kube-system,traefik-9bcdbbd9-qtpjt,3,35
1782283006,tc-26-6-11-1-9,msc-test-stub-5b875d749d-mx9h8,1,16
1782283006,tc-26-6-11-1-9,osmo-bsc-594654bd47-22w8h,1,5
1782283006,tc-26-6-11-1-9,osmo-bts-virtual-5f8b9b86fc-98h4z,29,5
1782283006,tc-26-6-11-1-9,osmo-hlr-546bdb8988-mbk5k,1,2
1782283006,tc-26-6-11-1-9,osmo-mgw-8c8fc67d6-95rkp,1,2
1782283006,tc-26-6-11-1-9,osmo-mobile-654dfdc996-rvbm9,3,32
1782283006,tc-26-6-11-1-9,osmo-stp-768687f494-b2r4v,1,2
1782283006,tc-26-6-11-1-9,virtphy-7dc46555f-httmn,8,1
1782283006,tc-26-6-2-1-1-10,msc-test-stub-5b875d749d-sf5nr,1,16
1782283006,tc-26-6-2-1-1-10,osmo-bsc-594654bd47-lgm95,2,5
1782283006,tc-26-6-2-1-1-10,osmo-bts-virtual-5f8b9b86fc-lz8v5,23,5
1782283006,tc-26-6-2-1-1-10,osmo-hlr-546bdb8988-gjv5l,1,2
1782283006,tc-26-6-2-1-1-10,osmo-mgw-8c8fc67d6-t5sth,1,2
1782283006,tc-26-6-2-1-1-10,osmo-mobile-587bd5b846-btmbs,3,33
1782283006,tc-26-6-2-1-1-10,osmo-stp-768687f494-pq8rn,1,2
1782283006,tc-26-6-2-1-1-10,virtphy-96dd7697f-dbfnf,6,1
1782283006,tc-26-6-2-4-8,msc-test-stub-5b875d749d-xvhpf,11,16
1782283006,tc-26-6-2-4-8,osmo-bsc-594654bd47-msv6c,3,5
1782283006,tc-26-6-2-4-8,osmo-bts-virtual-5f8b9b86fc-g8mvt,13,5
1782283006,tc-26-6-2-4-8,osmo-hlr-546bdb8988-8gkbl,1,2
1782283006,tc-26-6-2-4-8,osmo-mgw-8c8fc67d6-n8kkk,1,2
1782283006,tc-26-6-2-4-8,osmo-mobile-67b9dc6556-l7d2s,20,33
1782283006,tc-26-6-2-4-8,osmo-stp-768687f494-ncn4x,4,2
1782283006,tc-26-6-8-2-2,msc-test-stub-5b875d749d-kcsvh,1,22
1782283006,tc-26-6-8-2-2,osmo-bsc-594654bd47-tkgsl,1,7
1782283006,tc-26-6-8-2-2,osmo-bts-virtual-5f8b9b86fc-qmlq8,31,5
1782283006,tc-26-6-8-2-2,osmo-hlr-546bdb8988-rctw6,1,2
1782283006,tc-26-6-8-2-2,osmo-mgw-8c8fc67d6-ghvzw,1,4
1782283006,tc-26-6-8-2-2,osmo-mobile-6cf757f4bb-jmfpr,3,43
1782283006,tc-26-6-8-2-2,osmo-stp-768687f494-sqt65,1,6
1782283006,tc-26-6-8-2-2,virtphy-fc8dddd4c-4r9tc,6,1
1782283006,tc-26-7-2-1-4,osmo-bsc-594654bd47-l6cj2,3,5
1782283006,tc-26-7-2-1-4,osmo-bts-virtual-5f8b9b86fc-kzkkp,9,5
1782283006,tc-26-7-2-1-4,osmo-mgw-8c8fc67d6-v4v28,1,2
1782283006,tc-26-7-2-1-4,osmo-mobile-64dcc87988-r4bxs,16,36
1782283006,tc-26-7-2-1-4,osmo-stp-768687f494-t9pm5,4,2
1782283006,tc-26-7-2-1-4,virtphy-6f8b6f6885-hg7cs,9,1
1782283006,tc-26-7-2-2-3,osmo-bsc-594654bd47-bjbll,7,5
1782283006,tc-26-7-2-2-3,osmo-bts-virtual-5f8b9b86fc-dj9j7,8,0
1782283006,tc-26-7-2-2-3,osmo-hlr-546bdb8988-q5xcs,5,2
1782283006,tc-26-7-2-2-3,osmo-mgw-8c8fc67d6-w7mb7,5,2
1782283006,tc-26-7-2-2-3,osmo-mobile-65b5958d7b-nd7wr,24,36
1782283006,tc-26-7-2-2-3,osmo-stp-768687f494-x889n,6,2
1782283006,tc-26-7-2-2-3,virtphy-669796d86c-dl9dt,9,1
1782283006,tc-26-7-4-1-11,msc-test-stub-5b875d749d-nf4fk,12,16
1782283006,tc-26-7-4-1-11,osmo-bsc-594654bd47-qlrkz,7,5
1782283006,tc-26-7-4-1-11,osmo-bts-virtual-5f8b9b86fc-ksxp2,10,5
1782283006,tc-26-7-4-1-11,osmo-hlr-546bdb8988-m7slh,4,2
1782283006,tc-26-7-4-1-11,osmo-mgw-8c8fc67d6-blwgc,1,2
1782283006,tc-26-7-4-1-11,osmo-mobile-57ffcc5b84-bcb6v,19,32
1782283006,tc-26-7-4-1-11,osmo-stp-768687f494-cdvls,5,2
1782283006,tc-26-7-4-1-11,virtphy-689cb88f6c-lpfmk,6,1
1782283006,tc-26-7-5-3-12,osmo-bsc-594654bd47-b8kpq,7,5
1782283006,tc-26-7-5-3-12,osmo-bts-virtual-5f8b9b86fc-wl7k2,10,5
1782283006,tc-26-7-5-3-12,osmo-hlr-546bdb8988-d6l2s,4,2
1782283006,tc-26-7-5-3-12,osmo-mgw-8c8fc67d6-xp48l,4,2
1782283006,tc-26-7-5-3-12,osmo-mobile-79c8f8bc4b-mc6jq,21,36
1782283006,tc-26-7-5-3-12,osmo-stp-768687f494-2nqzv,6,2
1782283006,tc-26-7-5-3-12,virtphy-56cc7fd87-gnrrq,9,1
1782283006,tc-26-7-5-6-5,msc-test-stub-5b875d749d-sq5zl,9,16
1782283006,tc-26-7-5-6-5,osmo-bsc-594654bd47-qwxkf,3,5
1782283006,tc-26-7-5-6-5,osmo-bts-virtual-5f8b9b86fc-wfjwc,17,5
1782283006,tc-26-7-5-6-5,osmo-hlr-546bdb8988-76xzt,1,2
1782283006,tc-26-7-5-6-5,osmo-mgw-8c8fc67d6-t8q8x,1,2
1782283006,tc-26-7-5-6-5,osmo-mobile-6b9545c69c-t2mvr,3,32
1782283006,tc-26-7-5-6-5,osmo-stp-768687f494-gwqpr,1,2
1782283006,tc-26-7-5-6-5,virtphy-5fc5689b8-jn7vs,5,1
1782283006,tc-26-8-1-2-1-1-1,msc-test-stub-5b875d749d-v48d2,14,16
1782283006,tc-26-8-1-2-1-1-1,osmo-bsc-594654bd47-7l68h,3,5
1782283006,tc-26-8-1-2-1-1-1,osmo-bts-virtual-5f8b9b86fc-6vtkt,11,5
1782283006,tc-26-8-1-2-1-1-1,osmo-hlr-546bdb8988-dv26d,4,2
1782283006,tc-26-8-1-2-1-1-1,osmo-mgw-8c8fc67d6-s49xd,1,2
1782283006,tc-26-8-1-2-1-1-1,osmo-mobile-5976fc576b-wkx2z,19,32
1782283006,tc-26-8-1-2-1-1-1,osmo-stp-768687f494-sjcjh,1,2
1782283006,tc-26-8-1-2-1-1-1,virtphy-7798ff9c7-btctw,8,1
1782283006,tc-26-8-1-3-3-1-7,msc-test-stub-5b875d749d-nh4pl,11,16
1782283006,tc-26-8-1-3-3-1-7,osmo-bsc-594654bd47-wcjc5,5,5
1782283006,tc-26-8-1-3-3-1-7,osmo-bts-virtual-5f8b9b86fc-sjf5l,8,0
1782283006,tc-26-8-1-3-3-1-7,osmo-hlr-546bdb8988-kt455,1,2
1782283006,tc-26-8-1-3-3-1-7,osmo-mgw-8c8fc67d6-82hsl,1,2
1782283006,tc-26-8-1-3-3-1-7,osmo-mobile-6bccfdc6b7-47qzz,17,32
1782283006,tc-26-8-1-3-3-1-7,osmo-stp-768687f494-6b54s,1,2
1782283006,tc-26-8-1-3-3-1-7,virtphy-5c84574666-b9cr2,6,1
1782283006,tc-26-8-1-3-4-6-6,msc-test-stub-5b875d749d-zd9kr,12,16
1782283006,tc-26-8-1-3-4-6-6,osmo-bsc-594654bd47-sq9jn,1,5
1782283006,tc-26-8-1-3-4-6-6,osmo-bts-virtual-5f8b9b86fc-vq9ct,31,7
1782283006,tc-26-8-1-3-4-6-6,osmo-hlr-546bdb8988-thwg2,1,6
1782283006,tc-26-8-1-3-4-6-6,osmo-mgw-8c8fc67d6-qhtng,1,4
1782283006,tc-26-8-1-3-4-6-6,osmo-mobile-69b4658d4b-ph2md,3,59
1782283006,tc-26-8-1-3-4-6-6,osmo-stp-768687f494-rdztz,4,2
1782283006,tc-26-8-1-3-4-6-6,virtphy-65f469bd7-gplgh,6,2
1782283009,kube-system,coredns-c4dbffb5f-p9rsr,11,28
1782283009,kube-system,local-path-provisioner-5c4dc5d66d-nfqxz,1,15
1782283009,kube-system,metrics-server-786d997795-hcp2m,11,44
1782283009,kube-system,svclb-traefik-1100f998-kpm9h,0,0
1782283009,kube-system,traefik-9bcdbbd9-qtpjt,3,35
1782283009,tc-26-6-11-1-9,msc-test-stub-5b875d749d-mx9h8,1,16
1782283009,tc-26-6-11-1-9,osmo-bsc-594654bd47-22w8h,1,5
1782283009,tc-26-6-11-1-9,osmo-bts-virtual-5f8b9b86fc-98h4z,29,5
1782283009,tc-26-6-11-1-9,osmo-hlr-546bdb8988-mbk5k,1,2
1782283009,tc-26-6-11-1-9,osmo-mgw-8c8fc67d6-95rkp,1,2
1782283009,tc-26-6-11-1-9,osmo-mobile-654dfdc996-rvbm9,3,32
1782283009,tc-26-6-11-1-9,osmo-stp-768687f494-b2r4v,1,2
1782283009,tc-26-6-11-1-9,virtphy-7dc46555f-httmn,8,1
1782283009,tc-26-6-2-1-1-10,msc-test-stub-5b875d749d-sf5nr,1,16
1782283009,tc-26-6-2-1-1-10,osmo-bsc-594654bd47-lgm95,2,5
1782283009,tc-26-6-2-1-1-10,osmo-bts-virtual-5f8b9b86fc-lz8v5,23,5
1782283009,tc-26-6-2-1-1-10,osmo-hlr-546bdb8988-gjv5l,1,2
1782283009,tc-26-6-2-1-1-10,osmo-mgw-8c8fc67d6-t5sth,1,2
1782283009,tc-26-6-2-1-1-10,osmo-mobile-587bd5b846-btmbs,3,33
1782283009,tc-26-6-2-1-1-10,osmo-stp-768687f494-pq8rn,1,2
1782283009,tc-26-6-2-1-1-10,virtphy-96dd7697f-dbfnf,6,1
1782283009,tc-26-6-2-4-8,msc-test-stub-5b875d749d-xvhpf,11,16
1782283009,tc-26-6-2-4-8,osmo-bsc-594654bd47-msv6c,3,5
1782283009,tc-26-6-2-4-8,osmo-bts-virtual-5f8b9b86fc-g8mvt,13,5
1782283009,tc-26-6-2-4-8,osmo-hlr-546bdb8988-8gkbl,1,2
1782283009,tc-26-6-2-4-8,osmo-mgw-8c8fc67d6-n8kkk,1,2
1782283009,tc-26-6-2-4-8,osmo-mobile-67b9dc6556-l7d2s,20,33
1782283009,tc-26-6-2-4-8,osmo-stp-768687f494-ncn4x,4,2
1782283009,tc-26-6-8-2-2,msc-test-stub-5b875d749d-kcsvh,1,22
1782283009,tc-26-6-8-2-2,osmo-bsc-594654bd47-tkgsl,1,7
1782283009,tc-26-6-8-2-2,osmo-bts-virtual-5f8b9b86fc-qmlq8,31,5
1782283009,tc-26-6-8-2-2,osmo-hlr-546bdb8988-rctw6,1,2
1782283009,tc-26-6-8-2-2,osmo-mgw-8c8fc67d6-ghvzw,1,4
1782283009,tc-26-6-8-2-2,osmo-mobile-6cf757f4bb-jmfpr,3,43
1782283009,tc-26-6-8-2-2,osmo-stp-768687f494-sqt65,1,6
1782283009,tc-26-6-8-2-2,virtphy-fc8dddd4c-4r9tc,6,1
1782283009,tc-26-7-2-1-4,osmo-bsc-594654bd47-l6cj2,3,5
1782283009,tc-26-7-2-1-4,osmo-bts-virtual-5f8b9b86fc-kzkkp,9,5
1782283009,tc-26-7-2-1-4,osmo-mgw-8c8fc67d6-v4v28,1,2
1782283009,tc-26-7-2-1-4,osmo-mobile-64dcc87988-r4bxs,16,36
1782283009,tc-26-7-2-1-4,osmo-stp-768687f494-t9pm5,4,2
1782283009,tc-26-7-2-1-4,virtphy-6f8b6f6885-hg7cs,9,1
1782283009,tc-26-7-2-2-3,osmo-bsc-594654bd47-bjbll,7,5
1782283009,tc-26-7-2-2-3,osmo-bts-virtual-5f8b9b86fc-dj9j7,8,0
1782283009,tc-26-7-2-2-3,osmo-hlr-546bdb8988-q5xcs,5,2
1782283009,tc-26-7-2-2-3,osmo-mgw-8c8fc67d6-w7mb7,5,2
1782283009,tc-26-7-2-2-3,osmo-mobile-65b5958d7b-nd7wr,24,36
1782283009,tc-26-7-2-2-3,osmo-stp-768687f494-x889n,6,2
1782283009,tc-26-7-2-2-3,virtphy-669796d86c-dl9dt,9,1
1782283009,tc-26-7-4-1-11,msc-test-stub-5b875d749d-nf4fk,12,16
1782283009,tc-26-7-4-1-11,osmo-bsc-594654bd47-qlrkz,7,5
1782283009,tc-26-7-4-1-11,osmo-bts-virtual-5f8b9b86fc-ksxp2,10,5
1782283009,tc-26-7-4-1-11,osmo-hlr-546bdb8988-m7slh,4,2
1782283009,tc-26-7-4-1-11,osmo-mgw-8c8fc67d6-blwgc,1,2
1782283009,tc-26-7-4-1-11,osmo-mobile-57ffcc5b84-bcb6v,19,32
1782283009,tc-26-7-4-1-11,osmo-stp-768687f494-cdvls,5,2
1782283009,tc-26-7-4-1-11,virtphy-689cb88f6c-lpfmk,6,1
1782283009,tc-26-7-5-3-12,osmo-bsc-594654bd47-b8kpq,7,5
1782283009,tc-26-7-5-3-12,osmo-bts-virtual-5f8b9b86fc-wl7k2,10,5
1782283009,tc-26-7-5-3-12,osmo-hlr-546bdb8988-d6l2s,4,2
1782283009,tc-26-7-5-3-12,osmo-mgw-8c8fc67d6-xp48l,4,2
1782283009,tc-26-7-5-3-12,osmo-mobile-79c8f8bc4b-mc6jq,21,36
1782283009,tc-26-7-5-3-12,osmo-stp-768687f494-2nqzv,6,2
1782283009,tc-26-7-5-3-12,virtphy-56cc7fd87-gnrrq,9,1
1782283009,tc-26-7-5-6-5,msc-test-stub-5b875d749d-sq5zl,9,16
1782283009,tc-26-7-5-6-5,osmo-bsc-594654bd47-qwxkf,3,5
1782283009,tc-26-7-5-6-5,osmo-bts-virtual-5f8b9b86fc-wfjwc,17,5
1782283009,tc-26-7-5-6-5,osmo-hlr-546bdb8988-76xzt,1,2
1782283009,tc-26-7-5-6-5,osmo-mgw-8c8fc67d6-t8q8x,1,2
1782283009,tc-26-7-5-6-5,osmo-mobile-6b9545c69c-t2mvr,3,32
1782283009,tc-26-7-5-6-5,osmo-stp-768687f494-gwqpr,1,2
1782283009,tc-26-7-5-6-5,virtphy-5fc5689b8-jn7vs,5,1
1782283009,tc-26-8-1-2-1-1-1,msc-test-stub-5b875d749d-v48d2,14,16
1782283009,tc-26-8-1-2-1-1-1,osmo-bsc-594654bd47-7l68h,3,5
1782283009,tc-26-8-1-2-1-1-1,osmo-bts-virtual-5f8b9b86fc-6vtkt,11,5
1782283009,tc-26-8-1-2-1-1-1,osmo-hlr-546bdb8988-dv26d,4,2
1782283009,tc-26-8-1-2-1-1-1,osmo-mgw-8c8fc67d6-s49xd,1,2
1782283009,tc-26-8-1-2-1-1-1,osmo-mobile-5976fc576b-wkx2z,19,32
1782283009,tc-26-8-1-2-1-1-1,osmo-stp-768687f494-sjcjh,1,2
1782283009,tc-26-8-1-2-1-1-1,virtphy-7798ff9c7-btctw,8,1
1782283009,tc-26-8-1-3-3-1-7,msc-test-stub-5b875d749d-nh4pl,11,16
1782283009,tc-26-8-1-3-3-1-7,osmo-bsc-594654bd47-wcjc5,5,5
1782283009,tc-26-8-1-3-3-1-7,osmo-bts-virtual-5f8b9b86fc-sjf5l,8,0
1782283009,tc-26-8-1-3-3-1-7,osmo-hlr-546bdb8988-kt455,1,2
1782283009,tc-26-8-1-3-3-1-7,osmo-mgw-8c8fc67d6-82hsl,1,2
1782283009,tc-26-8-1-3-3-1-7,osmo-mobile-6bccfdc6b7-47qzz,17,32
1782283009,tc-26-8-1-3-3-1-7,osmo-stp-768687f494-6b54s,1,2
1782283009,tc-26-8-1-3-3-1-7,virtphy-5c84574666-b9cr2,6,1
1782283009,tc-26-8-1-3-4-6-6,msc-test-stub-5b875d749d-zd9kr,12,16
1782283009,tc-26-8-1-3-4-6-6,osmo-bsc-594654bd47-sq9jn,1,5
1782283009,tc-26-8-1-3-4-6-6,osmo-bts-virtual-5f8b9b86fc-vq9ct,31,7
1782283009,tc-26-8-1-3-4-6-6,osmo-hlr-546bdb8988-thwg2,1,6
1782283009,tc-26-8-1-3-4-6-6,osmo-mgw-8c8fc67d6-qhtng,1,4
1782283009,tc-26-8-1-3-4-6-6,osmo-mobile-69b4658d4b-ph2md,3,59
1782283009,tc-26-8-1-3-4-6-6,osmo-stp-768687f494-rdztz,4,2
1782283009,tc-26-8-1-3-4-6-6,virtphy-65f469bd7-gplgh,6,2
1782283012,kube-system,coredns-c4dbffb5f-p9rsr,11,28
1782283012,kube-system,local-path-provisioner-5c4dc5d66d-nfqxz,1,15
1782283012,kube-system,metrics-server-786d997795-hcp2m,11,44
1782283012,kube-system,svclb-traefik-1100f998-kpm9h,0,0
1782283012,kube-system,traefik-9bcdbbd9-qtpjt,3,35
1782283012,tc-26-6-11-1-9,msc-test-stub-5b875d749d-mx9h8,1,16
1782283012,tc-26-6-11-1-9,osmo-bsc-594654bd47-22w8h,1,5
1782283012,tc-26-6-11-1-9,osmo-bts-virtual-5f8b9b86fc-98h4z,29,5
1782283012,tc-26-6-11-1-9,osmo-hlr-546bdb8988-mbk5k,1,2
1782283012,tc-26-6-11-1-9,osmo-mgw-8c8fc67d6-95rkp,1,2
1782283012,tc-26-6-11-1-9,osmo-mobile-654dfdc996-rvbm9,3,32
1782283012,tc-26-6-11-1-9,osmo-stp-768687f494-b2r4v,1,2
1782283012,tc-26-6-11-1-9,virtphy-7dc46555f-httmn,8,1
1782283012,tc-26-6-2-1-1-10,msc-test-stub-5b875d749d-sf5nr,1,16
1782283012,tc-26-6-2-1-1-10,osmo-bsc-594654bd47-lgm95,2,5
1782283012,tc-26-6-2-1-1-10,osmo-bts-virtual-5f8b9b86fc-lz8v5,23,5
1782283012,tc-26-6-2-1-1-10,osmo-hlr-546bdb8988-gjv5l,1,2
1782283012,tc-26-6-2-1-1-10,osmo-mgw-8c8fc67d6-t5sth,1,2
1782283012,tc-26-6-2-1-1-10,osmo-mobile-587bd5b846-btmbs,3,33
1782283012,tc-26-6-2-1-1-10,osmo-stp-768687f494-pq8rn,1,2
1782283012,tc-26-6-2-1-1-10,virtphy-96dd7697f-dbfnf,6,1
1782283012,tc-26-6-2-4-8,msc-test-stub-5b875d749d-xvhpf,11,16
1782283012,tc-26-6-2-4-8,osmo-bsc-594654bd47-msv6c,3,5
1782283012,tc-26-6-2-4-8,osmo-bts-virtual-5f8b9b86fc-g8mvt,13,5
1782283012,tc-26-6-2-4-8,osmo-hlr-546bdb8988-8gkbl,1,2
1782283012,tc-26-6-2-4-8,osmo-mgw-8c8fc67d6-n8kkk,1,2
1782283012,tc-26-6-2-4-8,osmo-mobile-67b9dc6556-l7d2s,20,33
1782283012,tc-26-6-2-4-8,osmo-stp-768687f494-ncn4x,4,2
1782283012,tc-26-6-8-2-2,msc-test-stub-5b875d749d-kcsvh,1,22
1782283012,tc-26-6-8-2-2,osmo-bsc-594654bd47-tkgsl,1,7
1782283012,tc-26-6-8-2-2,osmo-bts-virtual-5f8b9b86fc-qmlq8,31,5
1782283012,tc-26-6-8-2-2,osmo-hlr-546bdb8988-rctw6,1,2
1782283012,tc-26-6-8-2-2,osmo-mgw-8c8fc67d6-ghvzw,1,4
1782283012,tc-26-6-8-2-2,osmo-mobile-6cf757f4bb-jmfpr,3,43
1782283012,tc-26-6-8-2-2,osmo-stp-768687f494-sqt65,1,6
1782283012,tc-26-6-8-2-2,virtphy-fc8dddd4c-4r9tc,6,1
1782283012,tc-26-7-2-1-4,osmo-bsc-594654bd47-l6cj2,3,5
1782283012,tc-26-7-2-1-4,osmo-bts-virtual-5f8b9b86fc-kzkkp,9,5
1782283012,tc-26-7-2-1-4,osmo-mgw-8c8fc67d6-v4v28,1,2
1782283012,tc-26-7-2-1-4,osmo-mobile-64dcc87988-r4bxs,16,36
1782283012,tc-26-7-2-1-4,osmo-stp-768687f494-t9pm5,4,2
1782283012,tc-26-7-2-1-4,virtphy-6f8b6f6885-hg7cs,9,1
1782283012,tc-26-7-2-2-3,osmo-bsc-594654bd47-bjbll,7,5
1782283012,tc-26-7-2-2-3,osmo-bts-virtual-5f8b9b86fc-dj9j7,8,0
1782283012,tc-26-7-2-2-3,osmo-hlr-546bdb8988-q5xcs,5,2
1782283012,tc-26-7-2-2-3,osmo-mgw-8c8fc67d6-w7mb7,5,2
1782283012,tc-26-7-2-2-3,osmo-mobile-65b5958d7b-nd7wr,24,36
1782283012,tc-26-7-2-2-3,osmo-stp-768687f494-x889n,6,2
1782283012,tc-26-7-2-2-3,virtphy-669796d86c-dl9dt,9,1
1782283012,tc-26-7-4-1-11,msc-test-stub-5b875d749d-nf4fk,12,16
1782283012,tc-26-7-4-1-11,osmo-bsc-594654bd47-qlrkz,7,5
1782283012,tc-26-7-4-1-11,osmo-bts-virtual-5f8b9b86fc-ksxp2,10,5
1782283012,tc-26-7-4-1-11,osmo-hlr-546bdb8988-m7slh,4,2
1782283012,tc-26-7-4-1-11,osmo-mgw-8c8fc67d6-blwgc,1,2
1782283012,tc-26-7-4-1-11,osmo-mobile-57ffcc5b84-bcb6v,19,32
1782283012,tc-26-7-4-1-11,osmo-stp-768687f494-cdvls,5,2
1782283012,tc-26-7-4-1-11,virtphy-689cb88f6c-lpfmk,6,1
1782283012,tc-26-7-5-3-12,osmo-bsc-594654bd47-b8kpq,7,5
1782283012,tc-26-7-5-3-12,osmo-bts-virtual-5f8b9b86fc-wl7k2,10,5
1782283012,tc-26-7-5-3-12,osmo-hlr-546bdb8988-d6l2s,4,2
1782283012,tc-26-7-5-3-12,osmo-mgw-8c8fc67d6-xp48l,4,2
1782283012,tc-26-7-5-3-12,osmo-mobile-79c8f8bc4b-mc6jq,21,36
1782283012,tc-26-7-5-3-12,osmo-stp-768687f494-2nqzv,6,2
1782283012,tc-26-7-5-3-12,virtphy-56cc7fd87-gnrrq,9,1
1782283012,tc-26-7-5-6-5,msc-test-stub-5b875d749d-sq5zl,9,16
1782283012,tc-26-7-5-6-5,osmo-bsc-594654bd47-qwxkf,3,5
1782283012,tc-26-7-5-6-5,osmo-bts-virtual-5f8b9b86fc-wfjwc,17,5
1782283012,tc-26-7-5-6-5,osmo-hlr-546bdb8988-76xzt,1,2
1782283012,tc-26-7-5-6-5,osmo-mgw-8c8fc67d6-t8q8x,1,2
1782283012,tc-26-7-5-6-5,osmo-mobile-6b9545c69c-t2mvr,3,32
1782283012,tc-26-7-5-6-5,osmo-stp-768687f494-gwqpr,1,2
1782283012,tc-26-7-5-6-5,virtphy-5fc5689b8-jn7vs,5,1
1782283012,tc-26-8-1-2-1-1-1,msc-test-stub-5b875d749d-v48d2,14,16
1782283012,tc-26-8-1-2-1-1-1,osmo-bsc-594654bd47-7l68h,3,5
1782283012,tc-26-8-1-2-1-1-1,osmo-bts-virtual-5f8b9b86fc-6vtkt,11,5
1782283012,tc-26-8-1-2-1-1-1,osmo-hlr-546bdb8988-dv26d,4,2
1782283012,tc-26-8-1-2-1-1-1,osmo-mgw-8c8fc67d6-s49xd,1,2
1782283012,tc-26-8-1-2-1-1-1,osmo-mobile-5976fc576b-wkx2z,19,32
1782283012,tc-26-8-1-2-1-1-1,osmo-stp-768687f494-sjcjh,1,2
1782283012,tc-26-8-1-2-1-1-1,virtphy-7798ff9c7-btctw,8,1
1782283012,tc-26-8-1-3-3-1-7,msc-test-stub-5b875d749d-nh4pl,11,16
1782283012,tc-26-8-1-3-3-1-7,osmo-bsc-594654bd47-wcjc5,5,5
1782283012,tc-26-8-1-3-3-1-7,osmo-bts-virtual-5f8b9b86fc-sjf5l,8,0
1782283012,tc-26-8-1-3-3-1-7,osmo-hlr-546bdb8988-kt455,1,2
1782283012,tc-26-8-1-3-3-1-7,osmo-mgw-8c8fc67d6-82hsl,1,2
1782283012,tc-26-8-1-3-3-1-7,osmo-mobile-6bccfdc6b7-47qzz,17,32
1782283012,tc-26-8-1-3-3-1-7,osmo-stp-768687f494-6b54s,1,2
1782283012,tc-26-8-1-3-3-1-7,virtphy-5c84574666-b9cr2,6,1
1782283012,tc-26-8-1-3-4-6-6,msc-test-stub-5b875d749d-zd9kr,12,16
1782283012,tc-26-8-1-3-4-6-6,osmo-bsc-594654bd47-sq9jn,1,5
1782283012,tc-26-8-1-3-4-6-6,osmo-bts-virtual-5f8b9b86fc-vq9ct,31,7
1782283012,tc-26-8-1-3-4-6-6,osmo-hlr-546bdb8988-thwg2,1,6
1782283012,tc-26-8-1-3-4-6-6,osmo-mgw-8c8fc67d6-qhtng,1,4
1782283012,tc-26-8-1-3-4-6-6,osmo-mobile-69b4658d4b-ph2md,3,59
1782283012,tc-26-8-1-3-4-6-6,osmo-stp-768687f494-rdztz,4,2
1782283012,tc-26-8-1-3-4-6-6,virtphy-65f469bd7-gplgh,6,2
1782283015,kube-system,coredns-c4dbffb5f-p9rsr,11,28
1782283015,kube-system,local-path-provisioner-5c4dc5d66d-nfqxz,1,15
1782283015,kube-system,metrics-server-786d997795-hcp2m,11,44
1782283015,kube-system,svclb-traefik-1100f998-kpm9h,0,0
1782283015,kube-system,traefik-9bcdbbd9-qtpjt,3,35
1782283015,tc-26-6-11-1-9,msc-test-stub-5b875d749d-mx9h8,1,16
1782283015,tc-26-6-11-1-9,osmo-bsc-594654bd47-22w8h,1,5
1782283015,tc-26-6-11-1-9,osmo-bts-virtual-5f8b9b86fc-98h4z,29,5
1782283015,tc-26-6-11-1-9,osmo-hlr-546bdb8988-mbk5k,1,2
1782283015,tc-26-6-11-1-9,osmo-mgw-8c8fc67d6-95rkp,1,2
1782283015,tc-26-6-11-1-9,osmo-mobile-654dfdc996-rvbm9,3,32
1782283015,tc-26-6-11-1-9,osmo-stp-768687f494-b2r4v,1,2
1782283015,tc-26-6-11-1-9,virtphy-7dc46555f-httmn,8,1
1782283015,tc-26-6-2-1-1-10,msc-test-stub-5b875d749d-sf5nr,1,16
1782283015,tc-26-6-2-1-1-10,osmo-bsc-594654bd47-lgm95,2,5
1782283015,tc-26-6-2-1-1-10,osmo-bts-virtual-5f8b9b86fc-lz8v5,23,5
1782283015,tc-26-6-2-1-1-10,osmo-hlr-546bdb8988-gjv5l,1,2
1782283015,tc-26-6-2-1-1-10,osmo-mgw-8c8fc67d6-t5sth,1,2
1782283015,tc-26-6-2-1-1-10,osmo-mobile-587bd5b846-btmbs,3,33
1782283015,tc-26-6-2-1-1-10,osmo-stp-768687f494-pq8rn,1,2
1782283015,tc-26-6-2-1-1-10,virtphy-96dd7697f-dbfnf,6,1
1782283015,tc-26-6-2-4-8,msc-test-stub-5b875d749d-xvhpf,11,16
1782283015,tc-26-6-2-4-8,osmo-bsc-594654bd47-msv6c,3,5
1782283015,tc-26-6-2-4-8,osmo-bts-virtual-5f8b9b86fc-g8mvt,13,5
1782283015,tc-26-6-2-4-8,osmo-hlr-546bdb8988-8gkbl,1,2
1782283015,tc-26-6-2-4-8,osmo-mgw-8c8fc67d6-n8kkk,1,2
1782283015,tc-26-6-2-4-8,osmo-mobile-67b9dc6556-l7d2s,20,33
1782283015,tc-26-6-2-4-8,osmo-stp-768687f494-ncn4x,4,2
1782283015,tc-26-6-8-2-2,msc-test-stub-5b875d749d-kcsvh,1,22
1782283015,tc-26-6-8-2-2,osmo-bsc-594654bd47-tkgsl,1,7
1782283015,tc-26-6-8-2-2,osmo-bts-virtual-5f8b9b86fc-qmlq8,31,5
1782283015,tc-26-6-8-2-2,osmo-hlr-546bdb8988-rctw6,1,2
1782283015,tc-26-6-8-2-2,osmo-mgw-8c8fc67d6-ghvzw,1,4
1782283015,tc-26-6-8-2-2,osmo-mobile-6cf757f4bb-jmfpr,3,43
1782283015,tc-26-6-8-2-2,osmo-stp-768687f494-sqt65,1,6
1782283015,tc-26-6-8-2-2,virtphy-fc8dddd4c-4r9tc,6,1
1782283015,tc-26-7-2-1-4,osmo-bsc-594654bd47-l6cj2,3,5
1782283015,tc-26-7-2-1-4,osmo-bts-virtual-5f8b9b86fc-kzkkp,9,5
1782283015,tc-26-7-2-1-4,osmo-mgw-8c8fc67d6-v4v28,1,2
1782283015,tc-26-7-2-1-4,osmo-mobile-64dcc87988-r4bxs,16,36
1782283015,tc-26-7-2-1-4,osmo-stp-768687f494-t9pm5,4,2
1782283015,tc-26-7-2-1-4,virtphy-6f8b6f6885-hg7cs,9,1
1782283015,tc-26-7-2-2-3,osmo-bsc-594654bd47-bjbll,7,5
1782283015,tc-26-7-2-2-3,osmo-bts-virtual-5f8b9b86fc-dj9j7,8,0
1782283015,tc-26-7-2-2-3,osmo-hlr-546bdb8988-q5xcs,5,2
1782283015,tc-26-7-2-2-3,osmo-mgw-8c8fc67d6-w7mb7,5,2
1782283015,tc-26-7-2-2-3,osmo-mobile-65b5958d7b-nd7wr,24,36
1782283015,tc-26-7-2-2-3,osmo-stp-768687f494-x889n,6,2
1782283015,tc-26-7-2-2-3,virtphy-669796d86c-dl9dt,9,1
1782283015,tc-26-7-4-1-11,msc-test-stub-5b875d749d-nf4fk,12,16
1782283015,tc-26-7-4-1-11,osmo-bsc-594654bd47-qlrkz,7,5
1782283015,tc-26-7-4-1-11,osmo-bts-virtual-5f8b9b86fc-ksxp2,10,5
1782283015,tc-26-7-4-1-11,osmo-hlr-546bdb8988-m7slh,4,2
1782283015,tc-26-7-4-1-11,osmo-mgw-8c8fc67d6-blwgc,1,2
1782283015,tc-26-7-4-1-11,osmo-mobile-57ffcc5b84-bcb6v,19,32
1782283015,tc-26-7-4-1-11,osmo-stp-768687f494-cdvls,5,2
1782283015,tc-26-7-4-1-11,virtphy-689cb88f6c-lpfmk,6,1
1782283015,tc-26-7-5-3-12,osmo-bsc-594654bd47-b8kpq,7,5
1782283015,tc-26-7-5-3-12,osmo-bts-virtual-5f8b9b86fc-wl7k2,10,5
1782283015,tc-26-7-5-3-12,osmo-hlr-546bdb8988-d6l2s,4,2
1782283015,tc-26-7-5-3-12,osmo-mgw-8c8fc67d6-xp48l,4,2
1782283015,tc-26-7-5-3-12,osmo-mobile-79c8f8bc4b-mc6jq,21,36
1782283015,tc-26-7-5-3-12,osmo-stp-768687f494-2nqzv,6,2
1782283015,tc-26-7-5-3-12,virtphy-56cc7fd87-gnrrq,9,1
1782283015,tc-26-7-5-6-5,msc-test-stub-5b875d749d-sq5zl,9,16
1782283015,tc-26-7-5-6-5,osmo-bsc-594654bd47-qwxkf,3,5
1782283015,tc-26-7-5-6-5,osmo-bts-virtual-5f8b9b86fc-wfjwc,17,5
1782283015,tc-26-7-5-6-5,osmo-hlr-546bdb8988-76xzt,1,2
1782283015,tc-26-7-5-6-5,osmo-mgw-8c8fc67d6-t8q8x,1,2
1782283015,tc-26-7-5-6-5,osmo-mobile-6b9545c69c-t2mvr,3,32
1782283015,tc-26-7-5-6-5,osmo-stp-768687f494-gwqpr,1,2
1782283015,tc-26-7-5-6-5,virtphy-5fc5689b8-jn7vs,5,1
1782283015,tc-26-8-1-2-1-1-1,msc-test-stub-5b875d749d-v48d2,14,16
1782283015,tc-26-8-1-2-1-1-1,osmo-bsc-594654bd47-7l68h,3,5
1782283015,tc-26-8-1-2-1-1-1,osmo-bts-virtual-5f8b9b86fc-6vtkt,11,5
1782283015,tc-26-8-1-2-1-1-1,osmo-hlr-546bdb8988-dv26d,4,2
1782283015,tc-26-8-1-2-1-1-1,osmo-mgw-8c8fc67d6-s49xd,1,2
1782283015,tc-26-8-1-2-1-1-1,osmo-mobile-5976fc576b-wkx2z,19,32
1782283015,tc-26-8-1-2-1-1-1,osmo-stp-768687f494-sjcjh,1,2
1782283015,tc-26-8-1-2-1-1-1,virtphy-7798ff9c7-btctw,8,1
1782283015,tc-26-8-1-3-3-1-7,msc-test-stub-5b875d749d-nh4pl,11,16
1782283015,tc-26-8-1-3-3-1-7,osmo-bsc-594654bd47-wcjc5,5,5
1782283015,tc-26-8-1-3-3-1-7,osmo-bts-virtual-5f8b9b86fc-sjf5l,8,0
1782283015,tc-26-8-1-3-3-1-7,osmo-hlr-546bdb8988-kt455,1,2
1782283015,tc-26-8-1-3-3-1-7,osmo-mgw-8c8fc67d6-82hsl,1,2
1782283015,tc-26-8-1-3-3-1-7,osmo-mobile-6bccfdc6b7-47qzz,17,32
1782283015,tc-26-8-1-3-3-1-7,osmo-stp-768687f494-6b54s,1,2
1782283015,tc-26-8-1-3-3-1-7,virtphy-5c84574666-b9cr2,6,1
1782283015,tc-26-8-1-3-4-6-6,msc-test-stub-5b875d749d-zd9kr,12,16
1782283015,tc-26-8-1-3-4-6-6,osmo-bsc-594654bd47-sq9jn,1,5
1782283015,tc-26-8-1-3-4-6-6,osmo-bts-virtual-5f8b9b86fc-vq9ct,31,7
1782283015,tc-26-8-1-3-4-6-6,osmo-hlr-546bdb8988-thwg2,1,6
1782283015,tc-26-8-1-3-4-6-6,osmo-mgw-8c8fc67d6-qhtng,1,4
1782283015,tc-26-8-1-3-4-6-6,osmo-mobile-69b4658d4b-ph2md,3,59
1782283015,tc-26-8-1-3-4-6-6,osmo-stp-768687f494-rdztz,4,2
1782283015,tc-26-8-1-3-4-6-6,virtphy-65f469bd7-gplgh,6,2
1782283017,kube-system,coredns-c4dbffb5f-p9rsr,9,28
1782283017,kube-system,local-path-provisioner-5c4dc5d66d-nfqxz,1,15
1782283017,kube-system,metrics-server-786d997795-hcp2m,13,44
1782283017,kube-system,svclb-traefik-1100f998-kpm9h,0,0
1782283017,kube-system,traefik-9bcdbbd9-qtpjt,2,36
1782283017,tc-26-6-11-1-9,msc-test-stub-5b875d749d-mx9h8,1,16
1782283017,tc-26-6-11-1-9,osmo-bsc-594654bd47-22w8h,1,5
1782283017,tc-26-6-11-1-9,osmo-bts-virtual-5f8b9b86fc-98h4z,33,5
1782283017,tc-26-6-11-1-9,osmo-hlr-546bdb8988-mbk5k,1,2
1782283017,tc-26-6-11-1-9,osmo-mgw-8c8fc67d6-95rkp,1,2
1782283017,tc-26-6-11-1-9,osmo-mobile-654dfdc996-rvbm9,3,32
1782283017,tc-26-6-11-1-9,osmo-stp-768687f494-b2r4v,1,2
1782283017,tc-26-6-11-1-9,virtphy-7dc46555f-httmn,7,1
1782283017,tc-26-6-2-1-1-10,msc-test-stub-5b875d749d-sf5nr,1,16
1782283017,tc-26-6-2-1-1-10,osmo-bsc-594654bd47-lgm95,1,5
1782283017,tc-26-6-2-1-1-10,osmo-bts-virtual-5f8b9b86fc-lz8v5,32,5
1782283017,tc-26-6-2-1-1-10,osmo-hlr-546bdb8988-gjv5l,1,2
1782283017,tc-26-6-2-1-1-10,osmo-mgw-8c8fc67d6-t5sth,1,2
1782283017,tc-26-6-2-1-1-10,osmo-mobile-587bd5b846-btmbs,2,33
1782283017,tc-26-6-2-1-1-10,osmo-stp-768687f494-pq8rn,1,2
1782283017,tc-26-6-2-1-1-10,virtphy-96dd7697f-dbfnf,6,1
1782283017,tc-26-6-2-4-8,msc-test-stub-5b875d749d-xvhpf,1,16
1782283017,tc-26-6-2-4-8,osmo-bsc-594654bd47-msv6c,1,5
1782283017,tc-26-6-2-4-8,osmo-bts-virtual-5f8b9b86fc-g8mvt,33,5
1782283017,tc-26-6-2-4-8,osmo-hlr-546bdb8988-8gkbl,1,2
1782283017,tc-26-6-2-4-8,osmo-mgw-8c8fc67d6-n8kkk,1,2
1782283017,tc-26-6-2-4-8,osmo-mobile-67b9dc6556-l7d2s,20,33
1782283017,tc-26-6-2-4-8,osmo-stp-768687f494-ncn4x,1,2
1782283017,tc-26-6-2-4-8,virtphy-7f5dbd568c-wpbgd,5,1
1782283017,tc-26-6-8-2-2,msc-test-stub-5b875d749d-kcsvh,1,22
1782283017,tc-26-6-8-2-2,osmo-bsc-594654bd47-tkgsl,1,7
1782283017,tc-26-6-8-2-2,osmo-bts-virtual-5f8b9b86fc-qmlq8,29,5
1782283017,tc-26-6-8-2-2,osmo-hlr-546bdb8988-rctw6,1,2
1782283017,tc-26-6-8-2-2,osmo-mgw-8c8fc67d6-ghvzw,1,4
1782283017,tc-26-6-8-2-2,osmo-mobile-6cf757f4bb-jmfpr,4,43
1782283017,tc-26-6-8-2-2,osmo-stp-768687f494-sqt65,1,6
1782283017,tc-26-6-8-2-2,virtphy-fc8dddd4c-4r9tc,6,1
1782283017,tc-26-7-2-1-4,msc-test-stub-5b875d749d-f4nnq,10,16
1782283017,tc-26-7-2-1-4,osmo-bsc-594654bd47-l6cj2,1,5
1782283017,tc-26-7-2-1-4,osmo-bts-virtual-5f8b9b86fc-kzkkp,32,5
1782283017,tc-26-7-2-1-4,osmo-hlr-546bdb8988-kllvn,1,2
1782283017,tc-26-7-2-1-4,osmo-mgw-8c8fc67d6-v4v28,1,2
1782283017,tc-26-7-2-1-4,osmo-mobile-64dcc87988-r4bxs,3,36
1782283017,tc-26-7-2-1-4,osmo-stp-768687f494-t9pm5,1,2
1782283017,tc-26-7-2-1-4,virtphy-6f8b6f6885-hg7cs,6,1
1782283017,tc-26-7-2-2-3,msc-test-stub-5b875d749d-2k5jx,12,16
1782283017,tc-26-7-2-2-3,osmo-bsc-594654bd47-bjbll,1,5
1782283017,tc-26-7-2-2-3,osmo-bts-virtual-5f8b9b86fc-dj9j7,8,0
1782283017,tc-26-7-2-2-3,osmo-hlr-546bdb8988-q5xcs,4,2
1782283017,tc-26-7-2-2-3,osmo-mgw-8c8fc67d6-w7mb7,1,2
1782283017,tc-26-7-2-2-3,osmo-mobile-65b5958d7b-nd7wr,3,36
1782283017,tc-26-7-2-2-3,osmo-stp-768687f494-x889n,5,2
1782283017,tc-26-7-2-2-3,virtphy-669796d86c-dl9dt,8,1
1782283017,tc-26-7-4-1-11,msc-test-stub-5b875d749d-nf4fk,1,16
1782283017,tc-26-7-4-1-11,osmo-bsc-594654bd47-qlrkz,1,5
1782283017,tc-26-7-4-1-11,osmo-bts-virtual-5f8b9b86fc-ksxp2,31,5
1782283017,tc-26-7-4-1-11,osmo-hlr-546bdb8988-m7slh,1,2
1782283017,tc-26-7-4-1-11,osmo-mgw-8c8fc67d6-blwgc,1,2
1782283017,tc-26-7-4-1-11,osmo-mobile-57ffcc5b84-bcb6v,3,32
1782283017,tc-26-7-4-1-11,osmo-stp-768687f494-cdvls,1,2
1782283017,tc-26-7-4-1-11,virtphy-689cb88f6c-lpfmk,6,1
1782283017,tc-26-7-5-3-12,msc-test-stub-5b875d749d-9xvl9,9,16
1782283017,tc-26-7-5-3-12,osmo-bsc-594654bd47-b8kpq,6,5
1782283017,tc-26-7-5-3-12,osmo-bts-virtual-5f8b9b86fc-wl7k2,24,5
1782283017,tc-26-7-5-3-12,osmo-hlr-546bdb8988-d6l2s,1,2
1782283017,tc-26-7-5-3-12,osmo-mgw-8c8fc67d6-xp48l,1,2
1782283017,tc-26-7-5-3-12,osmo-mobile-79c8f8bc4b-mc6jq,3,36
1782283017,tc-26-7-5-3-12,osmo-stp-768687f494-2nqzv,1,2
1782283017,tc-26-7-5-3-12,virtphy-56cc7fd87-gnrrq,8,1
1782283017,tc-26-7-5-6-5,msc-test-stub-5b875d749d-sq5zl,1,16
1782283017,tc-26-7-5-6-5,osmo-bsc-594654bd47-qwxkf,1,5
1782283017,tc-26-7-5-6-5,osmo-bts-virtual-5f8b9b86fc-wfjwc,33,5
1782283017,tc-26-7-5-6-5,osmo-hlr-546bdb8988-76xzt,1,2
1782283017,tc-26-7-5-6-5,osmo-mgw-8c8fc67d6-t8q8x,1,2
1782283017,tc-26-7-5-6-5,osmo-mobile-6b9545c69c-t2mvr,3,32
1782283017,tc-26-7-5-6-5,osmo-stp-768687f494-gwqpr,1,2
1782283017,tc-26-7-5-6-5,virtphy-5fc5689b8-jn7vs,7,1
1782283017,tc-26-8-1-2-1-1-1,msc-test-stub-5b875d749d-v48d2,1,16
1782283017,tc-26-8-1-2-1-1-1,osmo-bsc-594654bd47-7l68h,1,5
1782283017,tc-26-8-1-2-1-1-1,osmo-bts-virtual-5f8b9b86fc-6vtkt,33,5
1782283017,tc-26-8-1-2-1-1-1,osmo-hlr-546bdb8988-dv26d,1,2
1782283017,tc-26-8-1-2-1-1-1,osmo-mgw-8c8fc67d6-s49xd,1,2
1782283017,tc-26-8-1-2-1-1-1,osmo-mobile-5976fc576b-wkx2z,3,33
1782283017,tc-26-8-1-2-1-1-1,osmo-stp-768687f494-sjcjh,1,2
1782283017,tc-26-8-1-2-1-1-1,virtphy-7798ff9c7-btctw,6,1
1782283017,tc-26-8-1-3-3-1-7,msc-test-stub-5b875d749d-nh4pl,1,16
1782283017,tc-26-8-1-3-3-1-7,osmo-bsc-594654bd47-wcjc5,1,5
1782283017,tc-26-8-1-3-3-1-7,osmo-bts-virtual-5f8b9b86fc-sjf5l,33,5
1782283017,tc-26-8-1-3-3-1-7,osmo-hlr-546bdb8988-kt455,1,2
1782283017,tc-26-8-1-3-3-1-7,osmo-mgw-8c8fc67d6-82hsl,1,2
1782283017,tc-26-8-1-3-3-1-7,osmo-mobile-6bccfdc6b7-47qzz,3,32
1782283017,tc-26-8-1-3-3-1-7,osmo-stp-768687f494-6b54s,1,2
1782283017,tc-26-8-1-3-3-1-7,virtphy-5c84574666-b9cr2,6,1
1782283017,tc-26-8-1-3-4-6-6,msc-test-stub-5b875d749d-zd9kr,1,16
1782283017,tc-26-8-1-3-4-6-6,osmo-bsc-594654bd47-sq9jn,1,5
1782283017,tc-26-8-1-3-4-6-6,osmo-bts-virtual-5f8b9b86fc-vq9ct,32,7
1782283017,tc-26-8-1-3-4-6-6,osmo-hlr-546bdb8988-thwg2,1,6
1782283017,tc-26-8-1-3-4-6-6,osmo-mgw-8c8fc67d6-qhtng,1,4
1782283017,tc-26-8-1-3-4-6-6,osmo-mobile-69b4658d4b-ph2md,3,59
1782283017,tc-26-8-1-3-4-6-6,osmo-stp-768687f494-rdztz,1,2
1782283017,tc-26-8-1-3-4-6-6,virtphy-65f469bd7-gplgh,6,2
1782283020,kube-system,coredns-c4dbffb5f-p9rsr,9,28
1782283020,kube-system,local-path-provisioner-5c4dc5d66d-nfqxz,1,15
1782283020,kube-system,metrics-server-786d997795-hcp2m,13,44
1782283020,kube-system,svclb-traefik-1100f998-kpm9h,0,0
1782283020,kube-system,traefik-9bcdbbd9-qtpjt,2,36
1782283020,tc-26-6-11-1-9,msc-test-stub-5b875d749d-mx9h8,1,16
1782283020,tc-26-6-11-1-9,osmo-bsc-594654bd47-22w8h,1,5
1782283020,tc-26-6-11-1-9,osmo-bts-virtual-5f8b9b86fc-98h4z,33,5
1782283020,tc-26-6-11-1-9,osmo-hlr-546bdb8988-mbk5k,1,2
1782283020,tc-26-6-11-1-9,osmo-mgw-8c8fc67d6-95rkp,1,2
1782283020,tc-26-6-11-1-9,osmo-mobile-654dfdc996-rvbm9,3,32
1782283020,tc-26-6-11-1-9,osmo-stp-768687f494-b2r4v,1,2
1782283020,tc-26-6-11-1-9,virtphy-7dc46555f-httmn,7,1
1782283020,tc-26-6-2-1-1-10,msc-test-stub-5b875d749d-sf5nr,1,16
1782283020,tc-26-6-2-1-1-10,osmo-bsc-594654bd47-lgm95,1,5
1782283020,tc-26-6-2-1-1-10,osmo-bts-virtual-5f8b9b86fc-lz8v5,32,5
1782283020,tc-26-6-2-1-1-10,osmo-hlr-546bdb8988-gjv5l,1,2
1782283020,tc-26-6-2-1-1-10,osmo-mgw-8c8fc67d6-t5sth,1,2
1782283020,tc-26-6-2-1-1-10,osmo-mobile-587bd5b846-btmbs,2,33
1782283020,tc-26-6-2-1-1-10,osmo-stp-768687f494-pq8rn,1,2
1782283020,tc-26-6-2-1-1-10,virtphy-96dd7697f-dbfnf,6,1
1782283020,tc-26-6-2-4-8,msc-test-stub-5b875d749d-xvhpf,1,16
1782283020,tc-26-6-2-4-8,osmo-bsc-594654bd47-msv6c,1,5
1782283020,tc-26-6-2-4-8,osmo-bts-virtual-5f8b9b86fc-g8mvt,33,5
1782283020,tc-26-6-2-4-8,osmo-hlr-546bdb8988-8gkbl,1,2
1782283020,tc-26-6-2-4-8,osmo-mgw-8c8fc67d6-n8kkk,1,2
1782283020,tc-26-6-2-4-8,osmo-mobile-67b9dc6556-l7d2s,20,33
1782283020,tc-26-6-2-4-8,osmo-stp-768687f494-ncn4x,1,2
1782283020,tc-26-6-2-4-8,virtphy-7f5dbd568c-wpbgd,5,1
1782283020,tc-26-6-8-2-2,msc-test-stub-5b875d749d-kcsvh,1,22
1782283020,tc-26-6-8-2-2,osmo-bsc-594654bd47-tkgsl,1,7
1782283020,tc-26-6-8-2-2,osmo-bts-virtual-5f8b9b86fc-qmlq8,29,5
1782283020,tc-26-6-8-2-2,osmo-hlr-546bdb8988-rctw6,1,2
1782283020,tc-26-6-8-2-2,osmo-mgw-8c8fc67d6-ghvzw,1,4
1782283020,tc-26-6-8-2-2,osmo-mobile-6cf757f4bb-jmfpr,4,43
1782283020,tc-26-6-8-2-2,osmo-stp-768687f494-sqt65,1,6
1782283020,tc-26-6-8-2-2,virtphy-fc8dddd4c-4r9tc,6,1
1782283020,tc-26-7-2-1-4,msc-test-stub-5b875d749d-f4nnq,10,16
1782283020,tc-26-7-2-1-4,osmo-bsc-594654bd47-l6cj2,1,5
1782283020,tc-26-7-2-1-4,osmo-bts-virtual-5f8b9b86fc-kzkkp,32,5
1782283020,tc-26-7-2-1-4,osmo-hlr-546bdb8988-kllvn,1,2
1782283020,tc-26-7-2-1-4,osmo-mgw-8c8fc67d6-v4v28,1,2
1782283020,tc-26-7-2-1-4,osmo-mobile-64dcc87988-r4bxs,3,36
1782283020,tc-26-7-2-1-4,osmo-stp-768687f494-t9pm5,1,2
1782283020,tc-26-7-2-1-4,virtphy-6f8b6f6885-hg7cs,6,1
1782283020,tc-26-7-2-2-3,msc-test-stub-5b875d749d-2k5jx,12,16
1782283020,tc-26-7-2-2-3,osmo-bsc-594654bd47-bjbll,1,5
1782283020,tc-26-7-2-2-3,osmo-bts-virtual-5f8b9b86fc-dj9j7,8,0
1782283020,tc-26-7-2-2-3,osmo-hlr-546bdb8988-q5xcs,4,2
1782283020,tc-26-7-2-2-3,osmo-mgw-8c8fc67d6-w7mb7,1,2
1782283020,tc-26-7-2-2-3,osmo-mobile-65b5958d7b-nd7wr,3,36
1782283020,tc-26-7-2-2-3,osmo-stp-768687f494-x889n,5,2
1782283020,tc-26-7-2-2-3,virtphy-669796d86c-dl9dt,8,1
1782283020,tc-26-7-4-1-11,msc-test-stub-5b875d749d-nf4fk,1,16
1782283020,tc-26-7-4-1-11,osmo-bsc-594654bd47-qlrkz,1,5
1782283020,tc-26-7-4-1-11,osmo-bts-virtual-5f8b9b86fc-ksxp2,31,5
1782283020,tc-26-7-4-1-11,osmo-hlr-546bdb8988-m7slh,1,2
1782283020,tc-26-7-4-1-11,osmo-mgw-8c8fc67d6-blwgc,1,2
1782283020,tc-26-7-4-1-11,osmo-mobile-57ffcc5b84-bcb6v,3,32
1782283020,tc-26-7-4-1-11,osmo-stp-768687f494-cdvls,1,2
1782283020,tc-26-7-4-1-11,virtphy-689cb88f6c-lpfmk,6,1
1782283020,tc-26-7-5-3-12,msc-test-stub-5b875d749d-9xvl9,9,16
1782283020,tc-26-7-5-3-12,osmo-bsc-594654bd47-b8kpq,6,5
1782283020,tc-26-7-5-3-12,osmo-bts-virtual-5f8b9b86fc-wl7k2,24,5
1782283020,tc-26-7-5-3-12,osmo-hlr-546bdb8988-d6l2s,1,2
1782283020,tc-26-7-5-3-12,osmo-mgw-8c8fc67d6-xp48l,1,2
1782283020,tc-26-7-5-3-12,osmo-mobile-79c8f8bc4b-mc6jq,3,36
1782283020,tc-26-7-5-3-12,osmo-stp-768687f494-2nqzv,1,2
1782283020,tc-26-7-5-3-12,virtphy-56cc7fd87-gnrrq,8,1
1782283020,tc-26-7-5-6-5,msc-test-stub-5b875d749d-sq5zl,1,16
1782283020,tc-26-7-5-6-5,osmo-bsc-594654bd47-qwxkf,1,5
1782283020,tc-26-7-5-6-5,osmo-bts-virtual-5f8b9b86fc-wfjwc,33,5
1782283020,tc-26-7-5-6-5,osmo-hlr-546bdb8988-76xzt,1,2
1782283020,tc-26-7-5-6-5,osmo-mgw-8c8fc67d6-t8q8x,1,2
1782283020,tc-26-7-5-6-5,osmo-mobile-6b9545c69c-t2mvr,3,32
1782283020,tc-26-7-5-6-5,osmo-stp-768687f494-gwqpr,1,2
1782283020,tc-26-7-5-6-5,virtphy-5fc5689b8-jn7vs,7,1
1782283020,tc-26-8-1-2-1-1-1,msc-test-stub-5b875d749d-v48d2,1,16
1782283020,tc-26-8-1-2-1-1-1,osmo-bsc-594654bd47-7l68h,1,5
1782283020,tc-26-8-1-2-1-1-1,osmo-bts-virtual-5f8b9b86fc-6vtkt,33,5
1782283020,tc-26-8-1-2-1-1-1,osmo-hlr-546bdb8988-dv26d,1,2
1782283020,tc-26-8-1-2-1-1-1,osmo-mgw-8c8fc67d6-s49xd,1,2
1782283020,tc-26-8-1-2-1-1-1,osmo-mobile-5976fc576b-wkx2z,3,33
1782283020,tc-26-8-1-2-1-1-1,osmo-stp-768687f494-sjcjh,1,2
1782283020,tc-26-8-1-2-1-1-1,virtphy-7798ff9c7-btctw,6,1
1782283020,tc-26-8-1-3-3-1-7,msc-test-stub-5b875d749d-nh4pl,1,16
1782283020,tc-26-8-1-3-3-1-7,osmo-bsc-594654bd47-wcjc5,1,5
1782283020,tc-26-8-1-3-3-1-7,osmo-bts-virtual-5f8b9b86fc-sjf5l,33,5
1782283020,tc-26-8-1-3-3-1-7,osmo-hlr-546bdb8988-kt455,1,2
1782283020,tc-26-8-1-3-3-1-7,osmo-mgw-8c8fc67d6-82hsl,1,2
1782283020,tc-26-8-1-3-3-1-7,osmo-mobile-6bccfdc6b7-47qzz,3,32
1782283020,tc-26-8-1-3-3-1-7,osmo-stp-768687f494-6b54s,1,2
1782283020,tc-26-8-1-3-3-1-7,virtphy-5c84574666-b9cr2,6,1
1782283020,tc-26-8-1-3-4-6-6,msc-test-stub-5b875d749d-zd9kr,1,16
1782283020,tc-26-8-1-3-4-6-6,osmo-bsc-594654bd47-sq9jn,1,5
1782283020,tc-26-8-1-3-4-6-6,osmo-bts-virtual-5f8b9b86fc-vq9ct,32,7
1782283020,tc-26-8-1-3-4-6-6,osmo-hlr-546bdb8988-thwg2,1,6
1782283020,tc-26-8-1-3-4-6-6,osmo-mgw-8c8fc67d6-qhtng,1,4
1782283020,tc-26-8-1-3-4-6-6,osmo-mobile-69b4658d4b-ph2md,3,59
1782283020,tc-26-8-1-3-4-6-6,osmo-stp-768687f494-rdztz,1,2
1782283020,tc-26-8-1-3-4-6-6,virtphy-65f469bd7-gplgh,6,2
1782283024,kube-system,coredns-c4dbffb5f-p9rsr,9,28
1782283024,kube-system,local-path-provisioner-5c4dc5d66d-nfqxz,1,15
1782283024,kube-system,metrics-server-786d997795-hcp2m,13,44
1782283024,kube-system,svclb-traefik-1100f998-kpm9h,0,0
1782283024,kube-system,traefik-9bcdbbd9-qtpjt,2,36
1782283024,tc-26-6-11-1-9,msc-test-stub-5b875d749d-mx9h8,1,16
1782283024,tc-26-6-11-1-9,osmo-bsc-594654bd47-22w8h,1,5
1782283024,tc-26-6-11-1-9,osmo-bts-virtual-5f8b9b86fc-98h4z,33,5
1782283024,tc-26-6-11-1-9,osmo-hlr-546bdb8988-mbk5k,1,2
1782283024,tc-26-6-11-1-9,osmo-mgw-8c8fc67d6-95rkp,1,2
1782283024,tc-26-6-11-1-9,osmo-mobile-654dfdc996-rvbm9,3,32
1782283024,tc-26-6-11-1-9,osmo-stp-768687f494-b2r4v,1,2
1782283024,tc-26-6-11-1-9,virtphy-7dc46555f-httmn,7,1
1782283024,tc-26-6-2-1-1-10,msc-test-stub-5b875d749d-sf5nr,1,16
1782283024,tc-26-6-2-1-1-10,osmo-bsc-594654bd47-lgm95,1,5
1782283024,tc-26-6-2-1-1-10,osmo-bts-virtual-5f8b9b86fc-lz8v5,32,5
1782283024,tc-26-6-2-1-1-10,osmo-hlr-546bdb8988-gjv5l,1,2
1782283024,tc-26-6-2-1-1-10,osmo-mgw-8c8fc67d6-t5sth,1,2
1782283024,tc-26-6-2-1-1-10,osmo-mobile-587bd5b846-btmbs,2,33
1782283024,tc-26-6-2-1-1-10,osmo-stp-768687f494-pq8rn,1,2
1782283024,tc-26-6-2-1-1-10,virtphy-96dd7697f-dbfnf,6,1
1782283024,tc-26-6-2-4-8,msc-test-stub-5b875d749d-xvhpf,1,16
1782283024,tc-26-6-2-4-8,osmo-bsc-594654bd47-msv6c,1,5
1782283024,tc-26-6-2-4-8,osmo-bts-virtual-5f8b9b86fc-g8mvt,33,5
1782283024,tc-26-6-2-4-8,osmo-hlr-546bdb8988-8gkbl,1,2
1782283024,tc-26-6-2-4-8,osmo-mgw-8c8fc67d6-n8kkk,1,2
1782283024,tc-26-6-2-4-8,osmo-mobile-67b9dc6556-l7d2s,20,33
1782283024,tc-26-6-2-4-8,osmo-stp-768687f494-ncn4x,1,2
1782283024,tc-26-6-2-4-8,virtphy-7f5dbd568c-wpbgd,5,1
1782283024,tc-26-6-8-2-2,msc-test-stub-5b875d749d-kcsvh,1,22
1782283024,tc-26-6-8-2-2,osmo-bsc-594654bd47-tkgsl,1,7
1782283024,tc-26-6-8-2-2,osmo-bts-virtual-5f8b9b86fc-qmlq8,29,5
1782283024,tc-26-6-8-2-2,osmo-hlr-546bdb8988-rctw6,1,2
1782283024,tc-26-6-8-2-2,osmo-mgw-8c8fc67d6-ghvzw,1,4
1782283024,tc-26-6-8-2-2,osmo-mobile-6cf757f4bb-jmfpr,4,43
1782283024,tc-26-6-8-2-2,osmo-stp-768687f494-sqt65,1,6
1782283024,tc-26-6-8-2-2,virtphy-fc8dddd4c-4r9tc,6,1
1782283024,tc-26-7-2-1-4,msc-test-stub-5b875d749d-f4nnq,10,16
1782283024,tc-26-7-2-1-4,osmo-bsc-594654bd47-l6cj2,1,5
1782283024,tc-26-7-2-1-4,osmo-bts-virtual-5f8b9b86fc-kzkkp,32,5
1782283024,tc-26-7-2-1-4,osmo-hlr-546bdb8988-kllvn,1,2
1782283024,tc-26-7-2-1-4,osmo-mgw-8c8fc67d6-v4v28,1,2
1782283024,tc-26-7-2-1-4,osmo-mobile-64dcc87988-r4bxs,3,36
1782283024,tc-26-7-2-1-4,osmo-stp-768687f494-t9pm5,1,2
1782283024,tc-26-7-2-1-4,virtphy-6f8b6f6885-hg7cs,6,1
1782283024,tc-26-7-2-2-3,msc-test-stub-5b875d749d-2k5jx,12,16
1782283024,tc-26-7-2-2-3,osmo-bsc-594654bd47-bjbll,1,5
1782283024,tc-26-7-2-2-3,osmo-bts-virtual-5f8b9b86fc-dj9j7,8,0
1782283024,tc-26-7-2-2-3,osmo-hlr-546bdb8988-q5xcs,4,2
1782283024,tc-26-7-2-2-3,osmo-mgw-8c8fc67d6-w7mb7,1,2
1782283024,tc-26-7-2-2-3,osmo-mobile-65b5958d7b-nd7wr,3,36
1782283024,tc-26-7-2-2-3,osmo-stp-768687f494-x889n,5,2
1782283024,tc-26-7-2-2-3,virtphy-669796d86c-dl9dt,8,1
1782283024,tc-26-7-4-1-11,msc-test-stub-5b875d749d-nf4fk,1,16
1782283024,tc-26-7-4-1-11,osmo-bsc-594654bd47-qlrkz,1,5
1782283024,tc-26-7-4-1-11,osmo-bts-virtual-5f8b9b86fc-ksxp2,31,5
1782283024,tc-26-7-4-1-11,osmo-hlr-546bdb8988-m7slh,1,2
1782283024,tc-26-7-4-1-11,osmo-mgw-8c8fc67d6-blwgc,1,2
1782283024,tc-26-7-4-1-11,osmo-mobile-57ffcc5b84-bcb6v,3,32
1782283024,tc-26-7-4-1-11,osmo-stp-768687f494-cdvls,1,2
1782283024,tc-26-7-4-1-11,virtphy-689cb88f6c-lpfmk,6,1
1782283024,tc-26-7-5-3-12,msc-test-stub-5b875d749d-9xvl9,9,16
1782283024,tc-26-7-5-3-12,osmo-bsc-594654bd47-b8kpq,6,5
1782283024,tc-26-7-5-3-12,osmo-bts-virtual-5f8b9b86fc-wl7k2,24,5
1782283024,tc-26-7-5-3-12,osmo-hlr-546bdb8988-d6l2s,1,2
1782283024,tc-26-7-5-3-12,osmo-mgw-8c8fc67d6-xp48l,1,2
1782283024,tc-26-7-5-3-12,osmo-mobile-79c8f8bc4b-mc6jq,3,36
1782283024,tc-26-7-5-3-12,osmo-stp-768687f494-2nqzv,1,2
1782283024,tc-26-7-5-3-12,virtphy-56cc7fd87-gnrrq,8,1
1782283024,tc-26-7-5-6-5,msc-test-stub-5b875d749d-sq5zl,1,16
1782283024,tc-26-7-5-6-5,osmo-bsc-594654bd47-qwxkf,1,5
1782283024,tc-26-7-5-6-5,osmo-bts-virtual-5f8b9b86fc-wfjwc,33,5
1782283024,tc-26-7-5-6-5,osmo-hlr-546bdb8988-76xzt,1,2
1782283024,tc-26-7-5-6-5,osmo-mgw-8c8fc67d6-t8q8x,1,2
1782283024,tc-26-7-5-6-5,osmo-mobile-6b9545c69c-t2mvr,3,32
1782283024,tc-26-7-5-6-5,osmo-stp-768687f494-gwqpr,1,2
1782283024,tc-26-7-5-6-5,virtphy-5fc5689b8-jn7vs,7,1
1782283024,tc-26-8-1-2-1-1-1,msc-test-stub-5b875d749d-v48d2,1,16
1782283024,tc-26-8-1-2-1-1-1,osmo-bsc-594654bd47-7l68h,1,5
1782283024,tc-26-8-1-2-1-1-1,osmo-bts-virtual-5f8b9b86fc-6vtkt,33,5
1782283024,tc-26-8-1-2-1-1-1,osmo-hlr-546bdb8988-dv26d,1,2
1782283024,tc-26-8-1-2-1-1-1,osmo-mgw-8c8fc67d6-s49xd,1,2
1782283024,tc-26-8-1-2-1-1-1,osmo-mobile-5976fc576b-wkx2z,3,33
1782283024,tc-26-8-1-2-1-1-1,osmo-stp-768687f494-sjcjh,1,2
1782283024,tc-26-8-1-2-1-1-1,virtphy-7798ff9c7-btctw,6,1
1782283024,tc-26-8-1-3-3-1-7,msc-test-stub-5b875d749d-nh4pl,1,16
1782283024,tc-26-8-1-3-3-1-7,osmo-bsc-594654bd47-wcjc5,1,5
1782283024,tc-26-8-1-3-3-1-7,osmo-bts-virtual-5f8b9b86fc-sjf5l,33,5
1782283024,tc-26-8-1-3-3-1-7,osmo-hlr-546bdb8988-kt455,1,2
1782283024,tc-26-8-1-3-3-1-7,osmo-mgw-8c8fc67d6-82hsl,1,2
1782283024,tc-26-8-1-3-3-1-7,osmo-mobile-6bccfdc6b7-47qzz,3,32
1782283024,tc-26-8-1-3-3-1-7,osmo-stp-768687f494-6b54s,1,2
1782283024,tc-26-8-1-3-3-1-7,virtphy-5c84574666-b9cr2,6,1
1782283024,tc-26-8-1-3-4-6-6,msc-test-stub-5b875d749d-zd9kr,1,16
1782283024,tc-26-8-1-3-4-6-6,osmo-bsc-594654bd47-sq9jn,1,5
1782283024,tc-26-8-1-3-4-6-6,osmo-bts-virtual-5f8b9b86fc-vq9ct,32,7
1782283024,tc-26-8-1-3-4-6-6,osmo-hlr-546bdb8988-thwg2,1,6
1782283024,tc-26-8-1-3-4-6-6,osmo-mgw-8c8fc67d6-qhtng,1,4
1782283024,tc-26-8-1-3-4-6-6,osmo-mobile-69b4658d4b-ph2md,3,59
1782283024,tc-26-8-1-3-4-6-6,osmo-stp-768687f494-rdztz,1,2
1782283024,tc-26-8-1-3-4-6-6,virtphy-65f469bd7-gplgh,6,2
1782283026,kube-system,coredns-c4dbffb5f-p9rsr,9,28
1782283026,kube-system,local-path-provisioner-5c4dc5d66d-nfqxz,1,15
1782283026,kube-system,metrics-server-786d997795-hcp2m,13,44
1782283026,kube-system,svclb-traefik-1100f998-kpm9h,0,0
1782283026,kube-system,traefik-9bcdbbd9-qtpjt,2,36
1782283026,tc-26-6-11-1-9,msc-test-stub-5b875d749d-mx9h8,1,16
1782283026,tc-26-6-11-1-9,osmo-bsc-594654bd47-22w8h,1,5
1782283026,tc-26-6-11-1-9,osmo-bts-virtual-5f8b9b86fc-98h4z,33,5
1782283026,tc-26-6-11-1-9,osmo-hlr-546bdb8988-mbk5k,1,2
1782283026,tc-26-6-11-1-9,osmo-mgw-8c8fc67d6-95rkp,1,2
1782283026,tc-26-6-11-1-9,osmo-mobile-654dfdc996-rvbm9,3,32
1782283026,tc-26-6-11-1-9,osmo-stp-768687f494-b2r4v,1,2
1782283026,tc-26-6-11-1-9,virtphy-7dc46555f-httmn,7,1
1782283026,tc-26-6-2-1-1-10,msc-test-stub-5b875d749d-sf5nr,1,16
1782283026,tc-26-6-2-1-1-10,osmo-bsc-594654bd47-lgm95,1,5
1782283026,tc-26-6-2-1-1-10,osmo-bts-virtual-5f8b9b86fc-lz8v5,32,5
1782283026,tc-26-6-2-1-1-10,osmo-hlr-546bdb8988-gjv5l,1,2
1782283026,tc-26-6-2-1-1-10,osmo-mgw-8c8fc67d6-t5sth,1,2
1782283026,tc-26-6-2-1-1-10,osmo-mobile-587bd5b846-btmbs,2,33
1782283026,tc-26-6-2-1-1-10,osmo-stp-768687f494-pq8rn,1,2
1782283026,tc-26-6-2-1-1-10,virtphy-96dd7697f-dbfnf,6,1
1782283026,tc-26-6-2-4-8,msc-test-stub-5b875d749d-xvhpf,1,16
1782283026,tc-26-6-2-4-8,osmo-bsc-594654bd47-msv6c,1,5
1782283026,tc-26-6-2-4-8,osmo-bts-virtual-5f8b9b86fc-g8mvt,33,5
1782283026,tc-26-6-2-4-8,osmo-hlr-546bdb8988-8gkbl,1,2
1782283026,tc-26-6-2-4-8,osmo-mgw-8c8fc67d6-n8kkk,1,2
1782283026,tc-26-6-2-4-8,osmo-mobile-67b9dc6556-l7d2s,20,33
1782283026,tc-26-6-2-4-8,osmo-stp-768687f494-ncn4x,1,2
1782283026,tc-26-6-2-4-8,virtphy-7f5dbd568c-wpbgd,5,1
1782283026,tc-26-6-8-2-2,msc-test-stub-5b875d749d-kcsvh,1,22
1782283026,tc-26-6-8-2-2,osmo-bsc-594654bd47-tkgsl,1,7
1782283026,tc-26-6-8-2-2,osmo-bts-virtual-5f8b9b86fc-qmlq8,29,5
1782283026,tc-26-6-8-2-2,osmo-hlr-546bdb8988-rctw6,1,2
1782283026,tc-26-6-8-2-2,osmo-mgw-8c8fc67d6-ghvzw,1,4
1782283026,tc-26-6-8-2-2,osmo-mobile-6cf757f4bb-jmfpr,4,43
1782283026,tc-26-6-8-2-2,osmo-stp-768687f494-sqt65,1,6
1782283026,tc-26-6-8-2-2,virtphy-fc8dddd4c-4r9tc,6,1
1782283026,tc-26-7-2-1-4,msc-test-stub-5b875d749d-f4nnq,10,16
1782283026,tc-26-7-2-1-4,osmo-bsc-594654bd47-l6cj2,1,5
1782283026,tc-26-7-2-1-4,osmo-bts-virtual-5f8b9b86fc-kzkkp,32,5
1782283026,tc-26-7-2-1-4,osmo-hlr-546bdb8988-kllvn,1,2
1782283026,tc-26-7-2-1-4,osmo-mgw-8c8fc67d6-v4v28,1,2
1782283026,tc-26-7-2-1-4,osmo-mobile-64dcc87988-r4bxs,3,36
1782283026,tc-26-7-2-1-4,osmo-stp-768687f494-t9pm5,1,2
1782283026,tc-26-7-2-1-4,virtphy-6f8b6f6885-hg7cs,6,1
1782283026,tc-26-7-2-2-3,msc-test-stub-5b875d749d-2k5jx,12,16
1782283026,tc-26-7-2-2-3,osmo-bsc-594654bd47-bjbll,1,5
1782283026,tc-26-7-2-2-3,osmo-bts-virtual-5f8b9b86fc-dj9j7,8,0
1782283026,tc-26-7-2-2-3,osmo-hlr-546bdb8988-q5xcs,4,2
1782283026,tc-26-7-2-2-3,osmo-mgw-8c8fc67d6-w7mb7,1,2
1782283026,tc-26-7-2-2-3,osmo-mobile-65b5958d7b-nd7wr,3,36
1782283026,tc-26-7-2-2-3,osmo-stp-768687f494-x889n,5,2
1782283026,tc-26-7-2-2-3,virtphy-669796d86c-dl9dt,8,1
1782283026,tc-26-7-4-1-11,msc-test-stub-5b875d749d-nf4fk,1,16
1782283026,tc-26-7-4-1-11,osmo-bsc-594654bd47-qlrkz,1,5
1782283026,tc-26-7-4-1-11,osmo-bts-virtual-5f8b9b86fc-ksxp2,31,5
1782283026,tc-26-7-4-1-11,osmo-hlr-546bdb8988-m7slh,1,2
1782283026,tc-26-7-4-1-11,osmo-mgw-8c8fc67d6-blwgc,1,2
1782283026,tc-26-7-4-1-11,osmo-mobile-57ffcc5b84-bcb6v,3,32
1782283026,tc-26-7-4-1-11,osmo-stp-768687f494-cdvls,1,2
1782283026,tc-26-7-4-1-11,virtphy-689cb88f6c-lpfmk,6,1
1782283026,tc-26-7-5-3-12,msc-test-stub-5b875d749d-9xvl9,9,16
1782283026,tc-26-7-5-3-12,osmo-bsc-594654bd47-b8kpq,6,5
1782283026,tc-26-7-5-3-12,osmo-bts-virtual-5f8b9b86fc-wl7k2,24,5
1782283026,tc-26-7-5-3-12,osmo-hlr-546bdb8988-d6l2s,1,2
1782283026,tc-26-7-5-3-12,osmo-mgw-8c8fc67d6-xp48l,1,2
1782283026,tc-26-7-5-3-12,osmo-mobile-79c8f8bc4b-mc6jq,3,36
1782283026,tc-26-7-5-3-12,osmo-stp-768687f494-2nqzv,1,2
1782283026,tc-26-7-5-3-12,virtphy-56cc7fd87-gnrrq,8,1
1782283026,tc-26-7-5-6-5,msc-test-stub-5b875d749d-sq5zl,1,16
1782283026,tc-26-7-5-6-5,osmo-bsc-594654bd47-qwxkf,1,5
1782283026,tc-26-7-5-6-5,osmo-bts-virtual-5f8b9b86fc-wfjwc,33,5
1782283026,tc-26-7-5-6-5,osmo-hlr-546bdb8988-76xzt,1,2
1782283026,tc-26-7-5-6-5,osmo-mgw-8c8fc67d6-t8q8x,1,2
1782283026,tc-26-7-5-6-5,osmo-mobile-6b9545c69c-t2mvr,3,32
1782283026,tc-26-7-5-6-5,osmo-stp-768687f494-gwqpr,1,2
1782283026,tc-26-7-5-6-5,virtphy-5fc5689b8-jn7vs,7,1
1782283026,tc-26-8-1-2-1-1-1,msc-test-stub-5b875d749d-v48d2,1,16
1782283026,tc-26-8-1-2-1-1-1,osmo-bsc-594654bd47-7l68h,1,5
1782283026,tc-26-8-1-2-1-1-1,osmo-bts-virtual-5f8b9b86fc-6vtkt,33,5
1782283026,tc-26-8-1-2-1-1-1,osmo-hlr-546bdb8988-dv26d,1,2
1782283026,tc-26-8-1-2-1-1-1,osmo-mgw-8c8fc67d6-s49xd,1,2
1782283026,tc-26-8-1-2-1-1-1,osmo-mobile-5976fc576b-wkx2z,3,33
1782283026,tc-26-8-1-2-1-1-1,osmo-stp-768687f494-sjcjh,1,2
1782283026,tc-26-8-1-2-1-1-1,virtphy-7798ff9c7-btctw,6,1
1782283026,tc-26-8-1-3-3-1-7,msc-test-stub-5b875d749d-nh4pl,1,16
1782283026,tc-26-8-1-3-3-1-7,osmo-bsc-594654bd47-wcjc5,1,5
1782283026,tc-26-8-1-3-3-1-7,osmo-bts-virtual-5f8b9b86fc-sjf5l,33,5
1782283026,tc-26-8-1-3-3-1-7,osmo-hlr-546bdb8988-kt455,1,2
1782283026,tc-26-8-1-3-3-1-7,osmo-mgw-8c8fc67d6-82hsl,1,2
1782283026,tc-26-8-1-3-3-1-7,osmo-mobile-6bccfdc6b7-47qzz,3,32
1782283026,tc-26-8-1-3-3-1-7,osmo-stp-768687f494-6b54s,1,2
1782283026,tc-26-8-1-3-3-1-7,virtphy-5c84574666-b9cr2,6,1
1782283026,tc-26-8-1-3-4-6-6,msc-test-stub-5b875d749d-zd9kr,1,16
1782283026,tc-26-8-1-3-4-6-6,osmo-bsc-594654bd47-sq9jn,1,5
1782283026,tc-26-8-1-3-4-6-6,osmo-bts-virtual-5f8b9b86fc-vq9ct,32,7
1782283026,tc-26-8-1-3-4-6-6,osmo-hlr-546bdb8988-thwg2,1,6
1782283026,tc-26-8-1-3-4-6-6,osmo-mgw-8c8fc67d6-qhtng,1,4
1782283026,tc-26-8-1-3-4-6-6,osmo-mobile-69b4658d4b-ph2md,3,59
1782283026,tc-26-8-1-3-4-6-6,osmo-stp-768687f494-rdztz,1,2
1782283026,tc-26-8-1-3-4-6-6,virtphy-65f469bd7-gplgh,6,2
1782283029,kube-system,coredns-c4dbffb5f-p9rsr,9,28
1782283029,kube-system,local-path-provisioner-5c4dc5d66d-nfqxz,1,15
1782283029,kube-system,metrics-server-786d997795-hcp2m,13,44
1782283029,kube-system,svclb-traefik-1100f998-kpm9h,0,0
1782283029,kube-system,traefik-9bcdbbd9-qtpjt,2,36
1782283029,tc-26-6-11-1-9,msc-test-stub-5b875d749d-mx9h8,1,16
1782283029,tc-26-6-11-1-9,osmo-bsc-594654bd47-22w8h,1,5
1782283029,tc-26-6-11-1-9,osmo-bts-virtual-5f8b9b86fc-98h4z,33,5
1782283029,tc-26-6-11-1-9,osmo-hlr-546bdb8988-mbk5k,1,2
1782283029,tc-26-6-11-1-9,osmo-mgw-8c8fc67d6-95rkp,1,2
1782283029,tc-26-6-11-1-9,osmo-mobile-654dfdc996-rvbm9,3,32
1782283029,tc-26-6-11-1-9,osmo-stp-768687f494-b2r4v,1,2
1782283029,tc-26-6-11-1-9,virtphy-7dc46555f-httmn,7,1
1782283029,tc-26-6-2-1-1-10,msc-test-stub-5b875d749d-sf5nr,1,16
1782283029,tc-26-6-2-1-1-10,osmo-bsc-594654bd47-lgm95,1,5
1782283029,tc-26-6-2-1-1-10,osmo-bts-virtual-5f8b9b86fc-lz8v5,32,5
1782283029,tc-26-6-2-1-1-10,osmo-hlr-546bdb8988-gjv5l,1,2
1782283029,tc-26-6-2-1-1-10,osmo-mgw-8c8fc67d6-t5sth,1,2
1782283029,tc-26-6-2-1-1-10,osmo-mobile-587bd5b846-btmbs,2,33
1782283029,tc-26-6-2-1-1-10,osmo-stp-768687f494-pq8rn,1,2
1782283029,tc-26-6-2-1-1-10,virtphy-96dd7697f-dbfnf,6,1
1782283029,tc-26-6-2-4-8,msc-test-stub-5b875d749d-xvhpf,1,16
1782283029,tc-26-6-2-4-8,osmo-bsc-594654bd47-msv6c,1,5
1782283029,tc-26-6-2-4-8,osmo-bts-virtual-5f8b9b86fc-g8mvt,33,5
1782283029,tc-26-6-2-4-8,osmo-hlr-546bdb8988-8gkbl,1,2
1782283029,tc-26-6-2-4-8,osmo-mgw-8c8fc67d6-n8kkk,1,2
1782283029,tc-26-6-2-4-8,osmo-mobile-67b9dc6556-l7d2s,20,33
1782283029,tc-26-6-2-4-8,osmo-stp-768687f494-ncn4x,1,2
1782283029,tc-26-6-2-4-8,virtphy-7f5dbd568c-wpbgd,5,1
1782283029,tc-26-6-8-2-2,msc-test-stub-5b875d749d-kcsvh,1,22
1782283029,tc-26-6-8-2-2,osmo-bsc-594654bd47-tkgsl,1,7
1782283029,tc-26-6-8-2-2,osmo-bts-virtual-5f8b9b86fc-qmlq8,29,5
1782283029,tc-26-6-8-2-2,osmo-hlr-546bdb8988-rctw6,1,2
1782283029,tc-26-6-8-2-2,osmo-mgw-8c8fc67d6-ghvzw,1,4
1782283029,tc-26-6-8-2-2,osmo-mobile-6cf757f4bb-jmfpr,4,43
1782283029,tc-26-6-8-2-2,osmo-stp-768687f494-sqt65,1,6
1782283029,tc-26-6-8-2-2,virtphy-fc8dddd4c-4r9tc,6,1
1782283029,tc-26-7-2-1-4,msc-test-stub-5b875d749d-f4nnq,10,16
1782283029,tc-26-7-2-1-4,osmo-bsc-594654bd47-l6cj2,1,5
1782283029,tc-26-7-2-1-4,osmo-bts-virtual-5f8b9b86fc-kzkkp,32,5
1782283029,tc-26-7-2-1-4,osmo-hlr-546bdb8988-kllvn,1,2
1782283029,tc-26-7-2-1-4,osmo-mgw-8c8fc67d6-v4v28,1,2
1782283029,tc-26-7-2-1-4,osmo-mobile-64dcc87988-r4bxs,3,36
1782283029,tc-26-7-2-1-4,osmo-stp-768687f494-t9pm5,1,2
1782283029,tc-26-7-2-1-4,virtphy-6f8b6f6885-hg7cs,6,1
1782283029,tc-26-7-2-2-3,msc-test-stub-5b875d749d-2k5jx,12,16
1782283029,tc-26-7-2-2-3,osmo-bsc-594654bd47-bjbll,1,5
1782283029,tc-26-7-2-2-3,osmo-bts-virtual-5f8b9b86fc-dj9j7,8,0
1782283029,tc-26-7-2-2-3,osmo-hlr-546bdb8988-q5xcs,4,2
1782283029,tc-26-7-2-2-3,osmo-mgw-8c8fc67d6-w7mb7,1,2
1782283029,tc-26-7-2-2-3,osmo-mobile-65b5958d7b-nd7wr,3,36
1782283029,tc-26-7-2-2-3,osmo-stp-768687f494-x889n,5,2
1782283029,tc-26-7-2-2-3,virtphy-669796d86c-dl9dt,8,1
1782283029,tc-26-7-4-1-11,msc-test-stub-5b875d749d-nf4fk,1,16
1782283029,tc-26-7-4-1-11,osmo-bsc-594654bd47-qlrkz,1,5
1782283029,tc-26-7-4-1-11,osmo-bts-virtual-5f8b9b86fc-ksxp2,31,5
1782283029,tc-26-7-4-1-11,osmo-hlr-546bdb8988-m7slh,1,2
1782283029,tc-26-7-4-1-11,osmo-mgw-8c8fc67d6-blwgc,1,2
1782283029,tc-26-7-4-1-11,osmo-mobile-57ffcc5b84-bcb6v,3,32
1782283029,tc-26-7-4-1-11,osmo-stp-768687f494-cdvls,1,2
1782283029,tc-26-7-4-1-11,virtphy-689cb88f6c-lpfmk,6,1
1782283029,tc-26-7-5-3-12,msc-test-stub-5b875d749d-9xvl9,9,16
1782283029,tc-26-7-5-3-12,osmo-bsc-594654bd47-b8kpq,6,5
1782283029,tc-26-7-5-3-12,osmo-bts-virtual-5f8b9b86fc-wl7k2,24,5
1782283029,tc-26-7-5-3-12,osmo-hlr-546bdb8988-d6l2s,1,2
1782283029,tc-26-7-5-3-12,osmo-mgw-8c8fc67d6-xp48l,1,2
1782283029,tc-26-7-5-3-12,osmo-mobile-79c8f8bc4b-mc6jq,3,36
1782283029,tc-26-7-5-3-12,osmo-stp-768687f494-2nqzv,1,2
1782283029,tc-26-7-5-3-12,virtphy-56cc7fd87-gnrrq,8,1
1782283029,tc-26-7-5-6-5,msc-test-stub-5b875d749d-sq5zl,1,16
1782283029,tc-26-7-5-6-5,osmo-bsc-594654bd47-qwxkf,1,5
1782283029,tc-26-7-5-6-5,osmo-bts-virtual-5f8b9b86fc-wfjwc,33,5
1782283029,tc-26-7-5-6-5,osmo-hlr-546bdb8988-76xzt,1,2
1782283029,tc-26-7-5-6-5,osmo-mgw-8c8fc67d6-t8q8x,1,2
1782283029,tc-26-7-5-6-5,osmo-mobile-6b9545c69c-t2mvr,3,32
1782283029,tc-26-7-5-6-5,osmo-stp-768687f494-gwqpr,1,2
1782283029,tc-26-7-5-6-5,virtphy-5fc5689b8-jn7vs,7,1
1782283029,tc-26-8-1-2-1-1-1,msc-test-stub-5b875d749d-v48d2,1,16
1782283029,tc-26-8-1-2-1-1-1,osmo-bsc-594654bd47-7l68h,1,5
1782283029,tc-26-8-1-2-1-1-1,osmo-bts-virtual-5f8b9b86fc-6vtkt,33,5
1782283029,tc-26-8-1-2-1-1-1,osmo-hlr-546bdb8988-dv26d,1,2
1782283029,tc-26-8-1-2-1-1-1,osmo-mgw-8c8fc67d6-s49xd,1,2
1782283029,tc-26-8-1-2-1-1-1,osmo-mobile-5976fc576b-wkx2z,3,33
1782283029,tc-26-8-1-2-1-1-1,osmo-stp-768687f494-sjcjh,1,2
1782283029,tc-26-8-1-2-1-1-1,virtphy-7798ff9c7-btctw,6,1
1782283029,tc-26-8-1-3-3-1-7,msc-test-stub-5b875d749d-nh4pl,1,16
1782283029,tc-26-8-1-3-3-1-7,osmo-bsc-594654bd47-wcjc5,1,5
1782283029,tc-26-8-1-3-3-1-7,osmo-bts-virtual-5f8b9b86fc-sjf5l,33,5
1782283029,tc-26-8-1-3-3-1-7,osmo-hlr-546bdb8988-kt455,1,2
1782283029,tc-26-8-1-3-3-1-7,osmo-mgw-8c8fc67d6-82hsl,1,2
1782283029,tc-26-8-1-3-3-1-7,osmo-mobile-6bccfdc6b7-47qzz,3,32
1782283029,tc-26-8-1-3-3-1-7,osmo-stp-768687f494-6b54s,1,2
1782283029,tc-26-8-1-3-3-1-7,virtphy-5c84574666-b9cr2,6,1
1782283029,tc-26-8-1-3-4-6-6,msc-test-stub-5b875d749d-zd9kr,1,16
1782283029,tc-26-8-1-3-4-6-6,osmo-bsc-594654bd47-sq9jn,1,5
1782283029,tc-26-8-1-3-4-6-6,osmo-bts-virtual-5f8b9b86fc-vq9ct,32,7
1782283029,tc-26-8-1-3-4-6-6,osmo-hlr-546bdb8988-thwg2,1,6
1782283029,tc-26-8-1-3-4-6-6,osmo-mgw-8c8fc67d6-qhtng,1,4
1782283029,tc-26-8-1-3-4-6-6,osmo-mobile-69b4658d4b-ph2md,3,59
1782283029,tc-26-8-1-3-4-6-6,osmo-stp-768687f494-rdztz,1,2
1782283029,tc-26-8-1-3-4-6-6,virtphy-65f469bd7-gplgh,6,2
1782283031,kube-system,coredns-c4dbffb5f-p9rsr,9,28
1782283031,kube-system,local-path-provisioner-5c4dc5d66d-nfqxz,1,15
1782283031,kube-system,metrics-server-786d997795-hcp2m,13,44
1782283031,kube-system,svclb-traefik-1100f998-kpm9h,0,0
1782283031,kube-system,traefik-9bcdbbd9-qtpjt,2,36
1782283031,tc-26-6-11-1-9,msc-test-stub-5b875d749d-mx9h8,1,16
1782283031,tc-26-6-11-1-9,osmo-bsc-594654bd47-22w8h,1,5
1782283031,tc-26-6-11-1-9,osmo-bts-virtual-5f8b9b86fc-98h4z,33,5
1782283031,tc-26-6-11-1-9,osmo-hlr-546bdb8988-mbk5k,1,2
1782283031,tc-26-6-11-1-9,osmo-mgw-8c8fc67d6-95rkp,1,2
1782283031,tc-26-6-11-1-9,osmo-mobile-654dfdc996-rvbm9,3,32
1782283031,tc-26-6-11-1-9,osmo-stp-768687f494-b2r4v,1,2
1782283031,tc-26-6-11-1-9,virtphy-7dc46555f-httmn,7,1
1782283031,tc-26-6-2-1-1-10,msc-test-stub-5b875d749d-sf5nr,1,16
1782283031,tc-26-6-2-1-1-10,osmo-bsc-594654bd47-lgm95,1,5
1782283031,tc-26-6-2-1-1-10,osmo-bts-virtual-5f8b9b86fc-lz8v5,32,5
1782283031,tc-26-6-2-1-1-10,osmo-hlr-546bdb8988-gjv5l,1,2
1782283031,tc-26-6-2-1-1-10,osmo-mgw-8c8fc67d6-t5sth,1,2
1782283031,tc-26-6-2-1-1-10,osmo-mobile-587bd5b846-btmbs,2,33
1782283031,tc-26-6-2-1-1-10,osmo-stp-768687f494-pq8rn,1,2
1782283031,tc-26-6-2-1-1-10,virtphy-96dd7697f-dbfnf,6,1
1782283031,tc-26-6-2-4-8,msc-test-stub-5b875d749d-xvhpf,1,16
1782283031,tc-26-6-2-4-8,osmo-bsc-594654bd47-msv6c,1,5
1782283031,tc-26-6-2-4-8,osmo-bts-virtual-5f8b9b86fc-g8mvt,33,5
1782283031,tc-26-6-2-4-8,osmo-hlr-546bdb8988-8gkbl,1,2
1782283031,tc-26-6-2-4-8,osmo-mgw-8c8fc67d6-n8kkk,1,2
1782283031,tc-26-6-2-4-8,osmo-mobile-67b9dc6556-l7d2s,20,33
1782283031,tc-26-6-2-4-8,osmo-stp-768687f494-ncn4x,1,2
1782283031,tc-26-6-2-4-8,virtphy-7f5dbd568c-wpbgd,5,1
1782283031,tc-26-6-8-2-2,msc-test-stub-5b875d749d-kcsvh,1,22
1782283031,tc-26-6-8-2-2,osmo-bsc-594654bd47-tkgsl,1,7
1782283031,tc-26-6-8-2-2,osmo-bts-virtual-5f8b9b86fc-qmlq8,29,5
1782283031,tc-26-6-8-2-2,osmo-hlr-546bdb8988-rctw6,1,2
1782283031,tc-26-6-8-2-2,osmo-mgw-8c8fc67d6-ghvzw,1,4
1782283031,tc-26-6-8-2-2,osmo-mobile-6cf757f4bb-jmfpr,4,43
1782283031,tc-26-6-8-2-2,osmo-stp-768687f494-sqt65,1,6
1782283031,tc-26-6-8-2-2,virtphy-fc8dddd4c-4r9tc,6,1
1782283031,tc-26-7-2-1-4,msc-test-stub-5b875d749d-f4nnq,10,16
1782283031,tc-26-7-2-1-4,osmo-bsc-594654bd47-l6cj2,1,5
1782283031,tc-26-7-2-1-4,osmo-bts-virtual-5f8b9b86fc-kzkkp,32,5
1782283031,tc-26-7-2-1-4,osmo-hlr-546bdb8988-kllvn,1,2
1782283031,tc-26-7-2-1-4,osmo-mgw-8c8fc67d6-v4v28,1,2
1782283031,tc-26-7-2-1-4,osmo-mobile-64dcc87988-r4bxs,3,36
1782283031,tc-26-7-2-1-4,osmo-stp-768687f494-t9pm5,1,2
1782283031,tc-26-7-2-1-4,virtphy-6f8b6f6885-hg7cs,6,1
1782283031,tc-26-7-2-2-3,msc-test-stub-5b875d749d-2k5jx,12,16
1782283031,tc-26-7-2-2-3,osmo-bsc-594654bd47-bjbll,1,5
1782283031,tc-26-7-2-2-3,osmo-bts-virtual-5f8b9b86fc-dj9j7,8,0
1782283031,tc-26-7-2-2-3,osmo-hlr-546bdb8988-q5xcs,4,2
1782283031,tc-26-7-2-2-3,osmo-mgw-8c8fc67d6-w7mb7,1,2
1782283031,tc-26-7-2-2-3,osmo-mobile-65b5958d7b-nd7wr,3,36
1782283031,tc-26-7-2-2-3,osmo-stp-768687f494-x889n,5,2
1782283031,tc-26-7-2-2-3,virtphy-669796d86c-dl9dt,8,1
1782283031,tc-26-7-4-1-11,msc-test-stub-5b875d749d-nf4fk,1,16
1782283031,tc-26-7-4-1-11,osmo-bsc-594654bd47-qlrkz,1,5
1782283031,tc-26-7-4-1-11,osmo-bts-virtual-5f8b9b86fc-ksxp2,31,5
1782283031,tc-26-7-4-1-11,osmo-hlr-546bdb8988-m7slh,1,2
1782283031,tc-26-7-4-1-11,osmo-mgw-8c8fc67d6-blwgc,1,2
1782283031,tc-26-7-4-1-11,osmo-mobile-57ffcc5b84-bcb6v,3,32
1782283031,tc-26-7-4-1-11,osmo-stp-768687f494-cdvls,1,2
1782283031,tc-26-7-4-1-11,virtphy-689cb88f6c-lpfmk,6,1
1782283031,tc-26-7-5-3-12,msc-test-stub-5b875d749d-9xvl9,9,16
1782283031,tc-26-7-5-3-12,osmo-bsc-594654bd47-b8kpq,6,5
1782283031,tc-26-7-5-3-12,osmo-bts-virtual-5f8b9b86fc-wl7k2,24,5
1782283031,tc-26-7-5-3-12,osmo-hlr-546bdb8988-d6l2s,1,2
1782283031,tc-26-7-5-3-12,osmo-mgw-8c8fc67d6-xp48l,1,2
1782283031,tc-26-7-5-3-12,osmo-mobile-79c8f8bc4b-mc6jq,3,36
1782283031,tc-26-7-5-3-12,osmo-stp-768687f494-2nqzv,1,2
1782283031,tc-26-7-5-3-12,virtphy-56cc7fd87-gnrrq,8,1
1782283031,tc-26-7-5-6-5,msc-test-stub-5b875d749d-sq5zl,1,16
1782283031,tc-26-7-5-6-5,osmo-bsc-594654bd47-qwxkf,1,5
1782283031,tc-26-7-5-6-5,osmo-bts-virtual-5f8b9b86fc-wfjwc,33,5
1782283031,tc-26-7-5-6-5,osmo-hlr-546bdb8988-76xzt,1,2
1782283031,tc-26-7-5-6-5,osmo-mgw-8c8fc67d6-t8q8x,1,2
1782283031,tc-26-7-5-6-5,osmo-mobile-6b9545c69c-t2mvr,3,32
1782283031,tc-26-7-5-6-5,osmo-stp-768687f494-gwqpr,1,2
1782283031,tc-26-7-5-6-5,virtphy-5fc5689b8-jn7vs,7,1
1782283031,tc-26-8-1-2-1-1-1,msc-test-stub-5b875d749d-v48d2,1,16
1782283031,tc-26-8-1-2-1-1-1,osmo-bsc-594654bd47-7l68h,1,5
1782283031,tc-26-8-1-2-1-1-1,osmo-bts-virtual-5f8b9b86fc-6vtkt,33,5
1782283031,tc-26-8-1-2-1-1-1,osmo-hlr-546bdb8988-dv26d,1,2
1782283031,tc-26-8-1-2-1-1-1,osmo-mgw-8c8fc67d6-s49xd,1,2
1782283031,tc-26-8-1-2-1-1-1,osmo-mobile-5976fc576b-wkx2z,3,33
1782283031,tc-26-8-1-2-1-1-1,osmo-stp-768687f494-sjcjh,1,2
1782283031,tc-26-8-1-2-1-1-1,virtphy-7798ff9c7-btctw,6,1
1782283031,tc-26-8-1-3-3-1-7,msc-test-stub-5b875d749d-nh4pl,1,16
1782283031,tc-26-8-1-3-3-1-7,osmo-bsc-594654bd47-wcjc5,1,5
1782283031,tc-26-8-1-3-3-1-7,osmo-bts-virtual-5f8b9b86fc-sjf5l,33,5
1782283031,tc-26-8-1-3-3-1-7,osmo-hlr-546bdb8988-kt455,1,2
1782283031,tc-26-8-1-3-3-1-7,osmo-mgw-8c8fc67d6-82hsl,1,2
1782283031,tc-26-8-1-3-3-1-7,osmo-mobile-6bccfdc6b7-47qzz,3,32
1782283031,tc-26-8-1-3-3-1-7,osmo-stp-768687f494-6b54s,1,2
1782283031,tc-26-8-1-3-3-1-7,virtphy-5c84574666-b9cr2,6,1
1782283031,tc-26-8-1-3-4-6-6,msc-test-stub-5b875d749d-zd9kr,1,16
1782283031,tc-26-8-1-3-4-6-6,osmo-bsc-594654bd47-sq9jn,1,5
1782283031,tc-26-8-1-3-4-6-6,osmo-bts-virtual-5f8b9b86fc-vq9ct,32,7
1782283031,tc-26-8-1-3-4-6-6,osmo-hlr-546bdb8988-thwg2,1,6
1782283031,tc-26-8-1-3-4-6-6,osmo-mgw-8c8fc67d6-qhtng,1,4
1782283031,tc-26-8-1-3-4-6-6,osmo-mobile-69b4658d4b-ph2md,3,59
1782283031,tc-26-8-1-3-4-6-6,osmo-stp-768687f494-rdztz,1,2
1782283031,tc-26-8-1-3-4-6-6,virtphy-65f469bd7-gplgh,6,2
1782283034,kube-system,coredns-c4dbffb5f-p9rsr,3,28
1782283034,kube-system,local-path-provisioner-5c4dc5d66d-nfqxz,1,15
1782283034,kube-system,metrics-server-786d997795-hcp2m,11,44
1782283034,kube-system,svclb-traefik-1100f998-kpm9h,0,0
1782283034,kube-system,traefik-9bcdbbd9-qtpjt,1,36
1782283034,tc-26-6-11-1-9,msc-test-stub-5b875d749d-mx9h8,3,16
1782283034,tc-26-6-11-1-9,osmo-bsc-594654bd47-22w8h,1,5
1782283034,tc-26-6-11-1-9,osmo-bts-virtual-5f8b9b86fc-98h4z,26,5
1782283034,tc-26-6-11-1-9,osmo-hlr-546bdb8988-mbk5k,1,2
1782283034,tc-26-6-11-1-9,osmo-mgw-8c8fc67d6-95rkp,1,2
1782283034,tc-26-6-11-1-9,osmo-mobile-654dfdc996-rvbm9,3,33
1782283034,tc-26-6-11-1-9,osmo-stp-768687f494-b2r4v,1,2
1782283034,tc-26-6-11-1-9,ttcn3-tc-26-6-11-1-1-vk89h,6,11
1782283034,tc-26-6-11-1-9,virtphy-7dc46555f-httmn,6,1
1782283034,tc-26-6-2-1-1-10,msc-test-stub-5b875d749d-sf5nr,2,16
1782283034,tc-26-6-2-1-1-10,osmo-bsc-594654bd47-lgm95,1,5
1782283034,tc-26-6-2-1-1-10,osmo-bts-virtual-5f8b9b86fc-lz8v5,26,5
1782283034,tc-26-6-2-1-1-10,osmo-hlr-546bdb8988-gjv5l,1,2
1782283034,tc-26-6-2-1-1-10,osmo-mgw-8c8fc67d6-t5sth,1,2
1782283034,tc-26-6-2-1-1-10,osmo-mobile-587bd5b846-btmbs,4,33
1782283034,tc-26-6-2-1-1-10,osmo-stp-768687f494-pq8rn,1,2
1782283034,tc-26-6-2-1-1-10,ttcn3-tc-26-6-2-1-1-1-lkbnz,12,8
1782283034,tc-26-6-2-1-1-10,virtphy-96dd7697f-dbfnf,7,1
1782283034,tc-26-6-2-4-8,msc-test-stub-5b875d749d-xvhpf,3,16
1782283034,tc-26-6-2-4-8,osmo-bsc-594654bd47-msv6c,1,5
1782283034,tc-26-6-2-4-8,osmo-bts-virtual-5f8b9b86fc-g8mvt,29,5
1782283034,tc-26-6-2-4-8,osmo-hlr-546bdb8988-8gkbl,1,2
1782283034,tc-26-6-2-4-8,osmo-mgw-8c8fc67d6-n8kkk,1,2
1782283034,tc-26-6-2-4-8,osmo-mobile-67b9dc6556-l7d2s,3,33
1782283034,tc-26-6-2-4-8,osmo-stp-768687f494-ncn4x,1,2
1782283034,tc-26-6-2-4-8,virtphy-7f5dbd568c-wpbgd,6,1
1782283034,tc-26-6-8-2-2,msc-test-stub-5b875d749d-kcsvh,2,22
1782283034,tc-26-6-8-2-2,osmo-bsc-594654bd47-tkgsl,1,7
1782283034,tc-26-6-8-2-2,osmo-bts-virtual-5f8b9b86fc-qmlq8,29,5
1782283034,tc-26-6-8-2-2,osmo-hlr-546bdb8988-rctw6,1,2
1782283034,tc-26-6-8-2-2,osmo-mgw-8c8fc67d6-ghvzw,1,4
1782283034,tc-26-6-8-2-2,osmo-mobile-6cf757f4bb-jmfpr,3,43
1782283034,tc-26-6-8-2-2,osmo-stp-768687f494-sqt65,1,6
1782283034,tc-26-6-8-2-2,ttcn3-tc-26-6-8-2-1-cx9pr,9,15
1782283034,tc-26-6-8-2-2,virtphy-fc8dddd4c-4r9tc,6,1
1782283034,tc-26-7-2-1-4,msc-test-stub-5b875d749d-f4nnq,2,16
1782283034,tc-26-7-2-1-4,osmo-bsc-594654bd47-l6cj2,1,5
1782283034,tc-26-7-2-1-4,osmo-bts-virtual-5f8b9b86fc-kzkkp,31,5
1782283034,tc-26-7-2-1-4,osmo-hlr-546bdb8988-kllvn,1,2
1782283034,tc-26-7-2-1-4,osmo-mgw-8c8fc67d6-v4v28,1,2
1782283034,tc-26-7-2-1-4,osmo-mobile-64dcc87988-r4bxs,3,36
1782283034,tc-26-7-2-1-4,osmo-stp-768687f494-t9pm5,1,2
1782283034,tc-26-7-2-1-4,virtphy-6f8b6f6885-hg7cs,7,1
1782283034,tc-26-7-2-2-3,msc-test-stub-5b875d749d-2k5jx,1,16
1782283034,tc-26-7-2-2-3,osmo-bsc-594654bd47-bjbll,1,5
1782283034,tc-26-7-2-2-3,osmo-bts-virtual-5f8b9b86fc-dj9j7,30,5
1782283034,tc-26-7-2-2-3,osmo-hlr-546bdb8988-q5xcs,1,2
1782283034,tc-26-7-2-2-3,osmo-mgw-8c8fc67d6-w7mb7,1,2
1782283034,tc-26-7-2-2-3,osmo-mobile-65b5958d7b-nd7wr,3,36
1782283034,tc-26-7-2-2-3,osmo-stp-768687f494-x889n,1,2
1782283034,tc-26-7-2-2-3,virtphy-669796d86c-dl9dt,6,1
1782283034,tc-26-7-4-1-11,msc-test-stub-5b875d749d-nf4fk,3,16
1782283034,tc-26-7-4-1-11,osmo-bsc-594654bd47-qlrkz,1,5
1782283034,tc-26-7-4-1-11,osmo-bts-virtual-5f8b9b86fc-ksxp2,29,5
1782283034,tc-26-7-4-1-11,osmo-hlr-546bdb8988-m7slh,1,2
1782283034,tc-26-7-4-1-11,osmo-mgw-8c8fc67d6-blwgc,1,2
1782283034,tc-26-7-4-1-11,osmo-mobile-57ffcc5b84-bcb6v,2,32
1782283034,tc-26-7-4-1-11,osmo-stp-768687f494-cdvls,1,2
1782283034,tc-26-7-4-1-11,virtphy-689cb88f6c-lpfmk,6,1
1782283034,tc-26-7-5-3-12,msc-test-stub-5b875d749d-9xvl9,2,16
1782283034,tc-26-7-5-3-12,osmo-bsc-594654bd47-b8kpq,1,5
1782283034,tc-26-7-5-3-12,osmo-bts-virtual-5f8b9b86fc-wl7k2,31,5
1782283034,tc-26-7-5-3-12,osmo-hlr-546bdb8988-d6l2s,1,2
1782283034,tc-26-7-5-3-12,osmo-mgw-8c8fc67d6-xp48l,1,2
1782283034,tc-26-7-5-3-12,osmo-mobile-79c8f8bc4b-mc6jq,3,36
1782283034,tc-26-7-5-3-12,osmo-stp-768687f494-2nqzv,1,2
1782283034,tc-26-7-5-3-12,virtphy-56cc7fd87-gnrrq,7,1
1782283034,tc-26-7-5-6-5,msc-test-stub-5b875d749d-sq5zl,2,16
1782283034,tc-26-7-5-6-5,osmo-bsc-594654bd47-qwxkf,1,5
1782283034,tc-26-7-5-6-5,osmo-bts-virtual-5f8b9b86fc-wfjwc,28,5
1782283034,tc-26-7-5-6-5,osmo-hlr-546bdb8988-76xzt,1,2
1782283034,tc-26-7-5-6-5,osmo-mgw-8c8fc67d6-t8q8x,1,2
1782283034,tc-26-7-5-6-5,osmo-mobile-6b9545c69c-t2mvr,3,32
1782283034,tc-26-7-5-6-5,osmo-stp-768687f494-gwqpr,1,2
1782283034,tc-26-7-5-6-5,ttcn3-tc-26-7-5-6-1-p6rcf,13,6
1782283034,tc-26-7-5-6-5,virtphy-5fc5689b8-jn7vs,7,1
1782283034,tc-26-8-1-2-1-1-1,msc-test-stub-5b875d749d-v48d2,1,16
1782283034,tc-26-8-1-2-1-1-1,osmo-bsc-594654bd47-7l68h,1,5
1782283034,tc-26-8-1-2-1-1-1,osmo-bts-virtual-5f8b9b86fc-6vtkt,28,5
1782283034,tc-26-8-1-2-1-1-1,osmo-hlr-546bdb8988-dv26d,1,2
1782283034,tc-26-8-1-2-1-1-1,osmo-mgw-8c8fc67d6-s49xd,1,2
1782283034,tc-26-8-1-2-1-1-1,osmo-mobile-5976fc576b-wkx2z,4,33
1782283034,tc-26-8-1-2-1-1-1,osmo-stp-768687f494-sjcjh,1,2
1782283034,tc-26-8-1-2-1-1-1,virtphy-7798ff9c7-btctw,7,1
1782283034,tc-26-8-1-3-3-1-7,msc-test-stub-5b875d749d-nh4pl,4,16
1782283034,tc-26-8-1-3-3-1-7,osmo-bsc-594654bd47-wcjc5,1,5
1782283034,tc-26-8-1-3-3-1-7,osmo-bts-virtual-5f8b9b86fc-sjf5l,28,5
1782283034,tc-26-8-1-3-3-1-7,osmo-hlr-546bdb8988-kt455,1,2
1782283034,tc-26-8-1-3-3-1-7,osmo-mgw-8c8fc67d6-82hsl,1,2
1782283034,tc-26-8-1-3-3-1-7,osmo-mobile-6bccfdc6b7-47qzz,3,33
1782283034,tc-26-8-1-3-3-1-7,osmo-stp-768687f494-6b54s,1,2
1782283034,tc-26-8-1-3-3-1-7,ttcn3-tc-26-8-1-3-3-1-1-h2n85,11,6
1782283034,tc-26-8-1-3-3-1-7,virtphy-5c84574666-b9cr2,6,1
1782283034,tc-26-8-1-3-4-6-6,msc-test-stub-5b875d749d-zd9kr,2,16
1782283034,tc-26-8-1-3-4-6-6,osmo-bsc-594654bd47-sq9jn,1,5
1782283034,tc-26-8-1-3-4-6-6,osmo-bts-virtual-5f8b9b86fc-vq9ct,26,7
1782283034,tc-26-8-1-3-4-6-6,osmo-hlr-546bdb8988-thwg2,1,6
1782283034,tc-26-8-1-3-4-6-6,osmo-mgw-8c8fc67d6-qhtng,1,4
1782283034,tc-26-8-1-3-4-6-6,osmo-mobile-69b4658d4b-ph2md,4,60
1782283034,tc-26-8-1-3-4-6-6,osmo-stp-768687f494-rdztz,1,2
1782283034,tc-26-8-1-3-4-6-6,ttcn3-tc-26-8-1-3-4-6-1-czpd6,10,11
1782283034,tc-26-8-1-3-4-6-6,virtphy-65f469bd7-gplgh,7,2
1782283036,kube-system,coredns-c4dbffb5f-p9rsr,3,28
1782283036,kube-system,local-path-provisioner-5c4dc5d66d-nfqxz,1,15
1782283036,kube-system,metrics-server-786d997795-hcp2m,11,44
1782283036,kube-system,svclb-traefik-1100f998-kpm9h,0,0
1782283036,kube-system,traefik-9bcdbbd9-qtpjt,1,36
1782283036,tc-26-6-11-1-9,msc-test-stub-5b875d749d-mx9h8,3,16
1782283036,tc-26-6-11-1-9,osmo-bsc-594654bd47-22w8h,1,5
1782283036,tc-26-6-11-1-9,osmo-bts-virtual-5f8b9b86fc-98h4z,26,5
1782283036,tc-26-6-11-1-9,osmo-hlr-546bdb8988-mbk5k,1,2
1782283036,tc-26-6-11-1-9,osmo-mgw-8c8fc67d6-95rkp,1,2
1782283036,tc-26-6-11-1-9,osmo-mobile-654dfdc996-rvbm9,3,33
1782283036,tc-26-6-11-1-9,osmo-stp-768687f494-b2r4v,1,2
1782283036,tc-26-6-11-1-9,ttcn3-tc-26-6-11-1-1-vk89h,6,11
1782283036,tc-26-6-11-1-9,virtphy-7dc46555f-httmn,6,1
1782283036,tc-26-6-2-1-1-10,msc-test-stub-5b875d749d-sf5nr,2,16
1782283036,tc-26-6-2-1-1-10,osmo-bsc-594654bd47-lgm95,1,5
1782283036,tc-26-6-2-1-1-10,osmo-bts-virtual-5f8b9b86fc-lz8v5,26,5
1782283036,tc-26-6-2-1-1-10,osmo-hlr-546bdb8988-gjv5l,1,2
1782283036,tc-26-6-2-1-1-10,osmo-mgw-8c8fc67d6-t5sth,1,2
1782283036,tc-26-6-2-1-1-10,osmo-mobile-587bd5b846-btmbs,4,33
1782283036,tc-26-6-2-1-1-10,osmo-stp-768687f494-pq8rn,1,2
1782283036,tc-26-6-2-1-1-10,ttcn3-tc-26-6-2-1-1-1-lkbnz,12,8
1782283036,tc-26-6-2-1-1-10,virtphy-96dd7697f-dbfnf,7,1
1782283036,tc-26-6-2-4-8,msc-test-stub-5b875d749d-xvhpf,3,16
1782283036,tc-26-6-2-4-8,osmo-bsc-594654bd47-msv6c,1,5
1782283036,tc-26-6-2-4-8,osmo-bts-virtual-5f8b9b86fc-g8mvt,29,5
1782283036,tc-26-6-2-4-8,osmo-hlr-546bdb8988-8gkbl,1,2
1782283036,tc-26-6-2-4-8,osmo-mgw-8c8fc67d6-n8kkk,1,2
1782283036,tc-26-6-2-4-8,osmo-mobile-67b9dc6556-l7d2s,3,33
1782283036,tc-26-6-2-4-8,osmo-stp-768687f494-ncn4x,1,2
1782283036,tc-26-6-2-4-8,virtphy-7f5dbd568c-wpbgd,6,1
1782283036,tc-26-6-8-2-2,msc-test-stub-5b875d749d-kcsvh,2,22
1782283036,tc-26-6-8-2-2,osmo-bsc-594654bd47-tkgsl,1,7
1782283036,tc-26-6-8-2-2,osmo-bts-virtual-5f8b9b86fc-qmlq8,29,5
1782283036,tc-26-6-8-2-2,osmo-hlr-546bdb8988-rctw6,1,2
1782283036,tc-26-6-8-2-2,osmo-mgw-8c8fc67d6-ghvzw,1,4
1782283036,tc-26-6-8-2-2,osmo-mobile-6cf757f4bb-jmfpr,3,43
1782283036,tc-26-6-8-2-2,osmo-stp-768687f494-sqt65,1,6
1782283036,tc-26-6-8-2-2,ttcn3-tc-26-6-8-2-1-cx9pr,9,15
1782283036,tc-26-6-8-2-2,virtphy-fc8dddd4c-4r9tc,6,1
1782283036,tc-26-7-2-1-4,msc-test-stub-5b875d749d-f4nnq,2,16
1782283036,tc-26-7-2-1-4,osmo-bsc-594654bd47-l6cj2,1,5
1782283036,tc-26-7-2-1-4,osmo-bts-virtual-5f8b9b86fc-kzkkp,31,5
1782283036,tc-26-7-2-1-4,osmo-hlr-546bdb8988-kllvn,1,2
1782283036,tc-26-7-2-1-4,osmo-mgw-8c8fc67d6-v4v28,1,2
1782283036,tc-26-7-2-1-4,osmo-mobile-64dcc87988-r4bxs,3,36
1782283036,tc-26-7-2-1-4,osmo-stp-768687f494-t9pm5,1,2
1782283036,tc-26-7-2-1-4,virtphy-6f8b6f6885-hg7cs,7,1
1782283036,tc-26-7-2-2-3,msc-test-stub-5b875d749d-2k5jx,1,16
1782283036,tc-26-7-2-2-3,osmo-bsc-594654bd47-bjbll,1,5
1782283036,tc-26-7-2-2-3,osmo-bts-virtual-5f8b9b86fc-dj9j7,30,5
1782283036,tc-26-7-2-2-3,osmo-hlr-546bdb8988-q5xcs,1,2
1782283036,tc-26-7-2-2-3,osmo-mgw-8c8fc67d6-w7mb7,1,2
1782283036,tc-26-7-2-2-3,osmo-mobile-65b5958d7b-nd7wr,3,36
1782283036,tc-26-7-2-2-3,osmo-stp-768687f494-x889n,1,2
1782283036,tc-26-7-2-2-3,virtphy-669796d86c-dl9dt,6,1
1782283036,tc-26-7-4-1-11,msc-test-stub-5b875d749d-nf4fk,3,16
1782283036,tc-26-7-4-1-11,osmo-bsc-594654bd47-qlrkz,1,5
1782283036,tc-26-7-4-1-11,osmo-bts-virtual-5f8b9b86fc-ksxp2,29,5
1782283036,tc-26-7-4-1-11,osmo-hlr-546bdb8988-m7slh,1,2
1782283036,tc-26-7-4-1-11,osmo-mgw-8c8fc67d6-blwgc,1,2
1782283036,tc-26-7-4-1-11,osmo-mobile-57ffcc5b84-bcb6v,2,32
1782283036,tc-26-7-4-1-11,osmo-stp-768687f494-cdvls,1,2
1782283036,tc-26-7-4-1-11,virtphy-689cb88f6c-lpfmk,6,1
1782283036,tc-26-7-5-3-12,msc-test-stub-5b875d749d-9xvl9,2,16
1782283036,tc-26-7-5-3-12,osmo-bsc-594654bd47-b8kpq,1,5
1782283036,tc-26-7-5-3-12,osmo-bts-virtual-5f8b9b86fc-wl7k2,31,5
1782283036,tc-26-7-5-3-12,osmo-hlr-546bdb8988-d6l2s,1,2
1782283036,tc-26-7-5-3-12,osmo-mgw-8c8fc67d6-xp48l,1,2
1782283036,tc-26-7-5-3-12,osmo-mobile-79c8f8bc4b-mc6jq,3,36
1782283036,tc-26-7-5-3-12,osmo-stp-768687f494-2nqzv,1,2
1782283036,tc-26-7-5-3-12,virtphy-56cc7fd87-gnrrq,7,1
1782283036,tc-26-7-5-6-5,msc-test-stub-5b875d749d-sq5zl,2,16
1782283036,tc-26-7-5-6-5,osmo-bsc-594654bd47-qwxkf,1,5
1782283036,tc-26-7-5-6-5,osmo-bts-virtual-5f8b9b86fc-wfjwc,28,5
1782283036,tc-26-7-5-6-5,osmo-hlr-546bdb8988-76xzt,1,2
1782283036,tc-26-7-5-6-5,osmo-mgw-8c8fc67d6-t8q8x,1,2
1782283036,tc-26-7-5-6-5,osmo-mobile-6b9545c69c-t2mvr,3,32
1782283036,tc-26-7-5-6-5,osmo-stp-768687f494-gwqpr,1,2
1782283036,tc-26-7-5-6-5,ttcn3-tc-26-7-5-6-1-p6rcf,13,6
1782283036,tc-26-7-5-6-5,virtphy-5fc5689b8-jn7vs,7,1
1782283036,tc-26-8-1-2-1-1-1,msc-test-stub-5b875d749d-v48d2,1,16
1782283036,tc-26-8-1-2-1-1-1,osmo-bsc-594654bd47-7l68h,1,5
1782283036,tc-26-8-1-2-1-1-1,osmo-bts-virtual-5f8b9b86fc-6vtkt,28,5
1782283036,tc-26-8-1-2-1-1-1,osmo-hlr-546bdb8988-dv26d,1,2
1782283036,tc-26-8-1-2-1-1-1,osmo-mgw-8c8fc67d6-s49xd,1,2
1782283036,tc-26-8-1-2-1-1-1,osmo-mobile-5976fc576b-wkx2z,4,33
1782283036,tc-26-8-1-2-1-1-1,osmo-stp-768687f494-sjcjh,1,2
1782283036,tc-26-8-1-2-1-1-1,virtphy-7798ff9c7-btctw,7,1
1782283036,tc-26-8-1-3-3-1-7,msc-test-stub-5b875d749d-nh4pl,4,16
1782283036,tc-26-8-1-3-3-1-7,osmo-bsc-594654bd47-wcjc5,1,5
1782283036,tc-26-8-1-3-3-1-7,osmo-bts-virtual-5f8b9b86fc-sjf5l,28,5
1782283036,tc-26-8-1-3-3-1-7,osmo-hlr-546bdb8988-kt455,1,2
1782283036,tc-26-8-1-3-3-1-7,osmo-mgw-8c8fc67d6-82hsl,1,2
1782283036,tc-26-8-1-3-3-1-7,osmo-mobile-6bccfdc6b7-47qzz,3,33
1782283036,tc-26-8-1-3-3-1-7,osmo-stp-768687f494-6b54s,1,2
1782283036,tc-26-8-1-3-3-1-7,ttcn3-tc-26-8-1-3-3-1-1-h2n85,11,6
1782283036,tc-26-8-1-3-3-1-7,virtphy-5c84574666-b9cr2,6,1
1782283036,tc-26-8-1-3-4-6-6,msc-test-stub-5b875d749d-zd9kr,2,16
1782283036,tc-26-8-1-3-4-6-6,osmo-bsc-594654bd47-sq9jn,1,5
1782283036,tc-26-8-1-3-4-6-6,osmo-bts-virtual-5f8b9b86fc-vq9ct,26,7
1782283036,tc-26-8-1-3-4-6-6,osmo-hlr-546bdb8988-thwg2,1,6
1782283036,tc-26-8-1-3-4-6-6,osmo-mgw-8c8fc67d6-qhtng,1,4
1782283036,tc-26-8-1-3-4-6-6,osmo-mobile-69b4658d4b-ph2md,4,60
1782283036,tc-26-8-1-3-4-6-6,osmo-stp-768687f494-rdztz,1,2
1782283036,tc-26-8-1-3-4-6-6,ttcn3-tc-26-8-1-3-4-6-1-czpd6,10,11
1782283036,tc-26-8-1-3-4-6-6,virtphy-65f469bd7-gplgh,7,2
1782283038,kube-system,coredns-c4dbffb5f-p9rsr,3,28
1782283038,kube-system,local-path-provisioner-5c4dc5d66d-nfqxz,1,15
1782283038,kube-system,metrics-server-786d997795-hcp2m,11,44
1782283038,kube-system,svclb-traefik-1100f998-kpm9h,0,0
1782283038,kube-system,traefik-9bcdbbd9-qtpjt,1,36
1782283038,tc-26-6-11-1-9,msc-test-stub-5b875d749d-mx9h8,3,16
1782283038,tc-26-6-11-1-9,osmo-bsc-594654bd47-22w8h,1,5
1782283038,tc-26-6-11-1-9,osmo-bts-virtual-5f8b9b86fc-98h4z,26,5
1782283038,tc-26-6-11-1-9,osmo-hlr-546bdb8988-mbk5k,1,2
1782283038,tc-26-6-11-1-9,osmo-mgw-8c8fc67d6-95rkp,1,2
1782283038,tc-26-6-11-1-9,osmo-mobile-654dfdc996-rvbm9,3,33
1782283038,tc-26-6-11-1-9,osmo-stp-768687f494-b2r4v,1,2
1782283038,tc-26-6-11-1-9,ttcn3-tc-26-6-11-1-1-vk89h,6,11
1782283038,tc-26-6-11-1-9,virtphy-7dc46555f-httmn,6,1
1782283038,tc-26-6-2-1-1-10,msc-test-stub-5b875d749d-sf5nr,2,16
1782283038,tc-26-6-2-1-1-10,osmo-bsc-594654bd47-lgm95,1,5
1782283038,tc-26-6-2-1-1-10,osmo-bts-virtual-5f8b9b86fc-lz8v5,26,5
1782283038,tc-26-6-2-1-1-10,osmo-hlr-546bdb8988-gjv5l,1,2
1782283038,tc-26-6-2-1-1-10,osmo-mgw-8c8fc67d6-t5sth,1,2
1782283038,tc-26-6-2-1-1-10,osmo-mobile-587bd5b846-btmbs,4,33
1782283038,tc-26-6-2-1-1-10,osmo-stp-768687f494-pq8rn,1,2
1782283038,tc-26-6-2-1-1-10,ttcn3-tc-26-6-2-1-1-1-lkbnz,12,8
1782283038,tc-26-6-2-1-1-10,virtphy-96dd7697f-dbfnf,7,1
1782283038,tc-26-6-2-4-8,msc-test-stub-5b875d749d-xvhpf,3,16
1782283038,tc-26-6-2-4-8,osmo-bsc-594654bd47-msv6c,1,5
1782283038,tc-26-6-2-4-8,osmo-bts-virtual-5f8b9b86fc-g8mvt,29,5
1782283038,tc-26-6-2-4-8,osmo-hlr-546bdb8988-8gkbl,1,2
1782283038,tc-26-6-2-4-8,osmo-mgw-8c8fc67d6-n8kkk,1,2
1782283038,tc-26-6-2-4-8,osmo-mobile-67b9dc6556-l7d2s,3,33
1782283038,tc-26-6-2-4-8,osmo-stp-768687f494-ncn4x,1,2
1782283038,tc-26-6-2-4-8,virtphy-7f5dbd568c-wpbgd,6,1
1782283038,tc-26-6-8-2-2,msc-test-stub-5b875d749d-kcsvh,2,22
1782283038,tc-26-6-8-2-2,osmo-bsc-594654bd47-tkgsl,1,7
1782283038,tc-26-6-8-2-2,osmo-bts-virtual-5f8b9b86fc-qmlq8,29,5
1782283038,tc-26-6-8-2-2,osmo-hlr-546bdb8988-rctw6,1,2
1782283038,tc-26-6-8-2-2,osmo-mgw-8c8fc67d6-ghvzw,1,4
1782283038,tc-26-6-8-2-2,osmo-mobile-6cf757f4bb-jmfpr,3,43
1782283038,tc-26-6-8-2-2,osmo-stp-768687f494-sqt65,1,6
1782283038,tc-26-6-8-2-2,ttcn3-tc-26-6-8-2-1-cx9pr,9,15
1782283038,tc-26-6-8-2-2,virtphy-fc8dddd4c-4r9tc,6,1
1782283038,tc-26-7-2-1-4,msc-test-stub-5b875d749d-f4nnq,2,16
1782283038,tc-26-7-2-1-4,osmo-bsc-594654bd47-l6cj2,1,5
1782283038,tc-26-7-2-1-4,osmo-bts-virtual-5f8b9b86fc-kzkkp,31,5
1782283038,tc-26-7-2-1-4,osmo-hlr-546bdb8988-kllvn,1,2
1782283038,tc-26-7-2-1-4,osmo-mgw-8c8fc67d6-v4v28,1,2
1782283038,tc-26-7-2-1-4,osmo-mobile-64dcc87988-r4bxs,3,36
1782283038,tc-26-7-2-1-4,osmo-stp-768687f494-t9pm5,1,2
1782283038,tc-26-7-2-1-4,virtphy-6f8b6f6885-hg7cs,7,1
1782283038,tc-26-7-2-2-3,msc-test-stub-5b875d749d-2k5jx,1,16
1782283038,tc-26-7-2-2-3,osmo-bsc-594654bd47-bjbll,1,5
1782283038,tc-26-7-2-2-3,osmo-bts-virtual-5f8b9b86fc-dj9j7,30,5
1782283038,tc-26-7-2-2-3,osmo-hlr-546bdb8988-q5xcs,1,2
1782283038,tc-26-7-2-2-3,osmo-mgw-8c8fc67d6-w7mb7,1,2
1782283038,tc-26-7-2-2-3,osmo-mobile-65b5958d7b-nd7wr,3,36
1782283038,tc-26-7-2-2-3,osmo-stp-768687f494-x889n,1,2
1782283038,tc-26-7-2-2-3,virtphy-669796d86c-dl9dt,6,1
1782283038,tc-26-7-4-1-11,msc-test-stub-5b875d749d-nf4fk,3,16
1782283038,tc-26-7-4-1-11,osmo-bsc-594654bd47-qlrkz,1,5
1782283038,tc-26-7-4-1-11,osmo-bts-virtual-5f8b9b86fc-ksxp2,29,5
1782283038,tc-26-7-4-1-11,osmo-hlr-546bdb8988-m7slh,1,2
1782283038,tc-26-7-4-1-11,osmo-mgw-8c8fc67d6-blwgc,1,2
1782283038,tc-26-7-4-1-11,osmo-mobile-57ffcc5b84-bcb6v,2,32
1782283038,tc-26-7-4-1-11,osmo-stp-768687f494-cdvls,1,2
1782283038,tc-26-7-4-1-11,virtphy-689cb88f6c-lpfmk,6,1
1782283038,tc-26-7-5-3-12,msc-test-stub-5b875d749d-9xvl9,2,16
1782283038,tc-26-7-5-3-12,osmo-bsc-594654bd47-b8kpq,1,5
1782283038,tc-26-7-5-3-12,osmo-bts-virtual-5f8b9b86fc-wl7k2,31,5
1782283038,tc-26-7-5-3-12,osmo-hlr-546bdb8988-d6l2s,1,2
1782283038,tc-26-7-5-3-12,osmo-mgw-8c8fc67d6-xp48l,1,2
1782283038,tc-26-7-5-3-12,osmo-mobile-79c8f8bc4b-mc6jq,3,36
1782283038,tc-26-7-5-3-12,osmo-stp-768687f494-2nqzv,1,2
1782283038,tc-26-7-5-3-12,virtphy-56cc7fd87-gnrrq,7,1
1782283038,tc-26-7-5-6-5,msc-test-stub-5b875d749d-sq5zl,2,16
1782283038,tc-26-7-5-6-5,osmo-bsc-594654bd47-qwxkf,1,5
1782283038,tc-26-7-5-6-5,osmo-bts-virtual-5f8b9b86fc-wfjwc,28,5
1782283038,tc-26-7-5-6-5,osmo-hlr-546bdb8988-76xzt,1,2
1782283038,tc-26-7-5-6-5,osmo-mgw-8c8fc67d6-t8q8x,1,2
1782283038,tc-26-7-5-6-5,osmo-mobile-6b9545c69c-t2mvr,3,32
1782283038,tc-26-7-5-6-5,osmo-stp-768687f494-gwqpr,1,2
1782283038,tc-26-7-5-6-5,ttcn3-tc-26-7-5-6-1-p6rcf,13,6
1782283038,tc-26-7-5-6-5,virtphy-5fc5689b8-jn7vs,7,1
1782283038,tc-26-8-1-2-1-1-1,msc-test-stub-5b875d749d-v48d2,1,16
1782283038,tc-26-8-1-2-1-1-1,osmo-bsc-594654bd47-7l68h,1,5
1782283038,tc-26-8-1-2-1-1-1,osmo-bts-virtual-5f8b9b86fc-6vtkt,28,5
1782283038,tc-26-8-1-2-1-1-1,osmo-hlr-546bdb8988-dv26d,1,2
1782283038,tc-26-8-1-2-1-1-1,osmo-mgw-8c8fc67d6-s49xd,1,2
1782283038,tc-26-8-1-2-1-1-1,osmo-mobile-5976fc576b-wkx2z,4,33
1782283038,tc-26-8-1-2-1-1-1,osmo-stp-768687f494-sjcjh,1,2
1782283038,tc-26-8-1-2-1-1-1,virtphy-7798ff9c7-btctw,7,1
1782283038,tc-26-8-1-3-3-1-7,msc-test-stub-5b875d749d-nh4pl,4,16
1782283038,tc-26-8-1-3-3-1-7,osmo-bsc-594654bd47-wcjc5,1,5
1782283038,tc-26-8-1-3-3-1-7,osmo-bts-virtual-5f8b9b86fc-sjf5l,28,5
1782283038,tc-26-8-1-3-3-1-7,osmo-hlr-546bdb8988-kt455,1,2
1782283038,tc-26-8-1-3-3-1-7,osmo-mgw-8c8fc67d6-82hsl,1,2
1782283038,tc-26-8-1-3-3-1-7,osmo-mobile-6bccfdc6b7-47qzz,3,33
1782283038,tc-26-8-1-3-3-1-7,osmo-stp-768687f494-6b54s,1,2
1782283038,tc-26-8-1-3-3-1-7,ttcn3-tc-26-8-1-3-3-1-1-h2n85,11,6
1782283038,tc-26-8-1-3-3-1-7,virtphy-5c84574666-b9cr2,6,1
1782283038,tc-26-8-1-3-4-6-6,msc-test-stub-5b875d749d-zd9kr,2,16
1782283038,tc-26-8-1-3-4-6-6,osmo-bsc-594654bd47-sq9jn,1,5
1782283038,tc-26-8-1-3-4-6-6,osmo-bts-virtual-5f8b9b86fc-vq9ct,26,7
1782283038,tc-26-8-1-3-4-6-6,osmo-hlr-546bdb8988-thwg2,1,6
1782283038,tc-26-8-1-3-4-6-6,osmo-mgw-8c8fc67d6-qhtng,1,4
1782283038,tc-26-8-1-3-4-6-6,osmo-mobile-69b4658d4b-ph2md,4,60
1782283038,tc-26-8-1-3-4-6-6,osmo-stp-768687f494-rdztz,1,2
1782283038,tc-26-8-1-3-4-6-6,ttcn3-tc-26-8-1-3-4-6-1-czpd6,10,11
1782283038,tc-26-8-1-3-4-6-6,virtphy-65f469bd7-gplgh,7,2
1782283041,kube-system,coredns-c4dbffb5f-p9rsr,3,28
1782283041,kube-system,local-path-provisioner-5c4dc5d66d-nfqxz,1,15
1782283041,kube-system,metrics-server-786d997795-hcp2m,11,44
1782283041,kube-system,svclb-traefik-1100f998-kpm9h,0,0
1782283041,kube-system,traefik-9bcdbbd9-qtpjt,1,36
1782283041,tc-26-6-11-1-9,msc-test-stub-5b875d749d-mx9h8,3,16
1782283041,tc-26-6-11-1-9,osmo-bsc-594654bd47-22w8h,1,5
1782283041,tc-26-6-11-1-9,osmo-bts-virtual-5f8b9b86fc-98h4z,26,5
1782283041,tc-26-6-11-1-9,osmo-hlr-546bdb8988-mbk5k,1,2
1782283041,tc-26-6-11-1-9,osmo-mgw-8c8fc67d6-95rkp,1,2
1782283041,tc-26-6-11-1-9,osmo-mobile-654dfdc996-rvbm9,3,33
1782283041,tc-26-6-11-1-9,osmo-stp-768687f494-b2r4v,1,2
1782283041,tc-26-6-11-1-9,ttcn3-tc-26-6-11-1-1-vk89h,6,11
1782283041,tc-26-6-11-1-9,virtphy-7dc46555f-httmn,6,1
1782283041,tc-26-6-2-1-1-10,msc-test-stub-5b875d749d-sf5nr,2,16
1782283041,tc-26-6-2-1-1-10,osmo-bsc-594654bd47-lgm95,1,5
1782283041,tc-26-6-2-1-1-10,osmo-bts-virtual-5f8b9b86fc-lz8v5,26,5
1782283041,tc-26-6-2-1-1-10,osmo-hlr-546bdb8988-gjv5l,1,2
1782283041,tc-26-6-2-1-1-10,osmo-mgw-8c8fc67d6-t5sth,1,2
1782283041,tc-26-6-2-1-1-10,osmo-mobile-587bd5b846-btmbs,4,33
1782283041,tc-26-6-2-1-1-10,osmo-stp-768687f494-pq8rn,1,2
1782283041,tc-26-6-2-1-1-10,ttcn3-tc-26-6-2-1-1-1-lkbnz,12,8
1782283041,tc-26-6-2-1-1-10,virtphy-96dd7697f-dbfnf,7,1
1782283041,tc-26-6-2-4-8,msc-test-stub-5b875d749d-xvhpf,3,16
1782283041,tc-26-6-2-4-8,osmo-bsc-594654bd47-msv6c,1,5
1782283041,tc-26-6-2-4-8,osmo-bts-virtual-5f8b9b86fc-g8mvt,29,5
1782283041,tc-26-6-2-4-8,osmo-hlr-546bdb8988-8gkbl,1,2
1782283041,tc-26-6-2-4-8,osmo-mgw-8c8fc67d6-n8kkk,1,2
1782283041,tc-26-6-2-4-8,osmo-mobile-67b9dc6556-l7d2s,3,33
1782283041,tc-26-6-2-4-8,osmo-stp-768687f494-ncn4x,1,2
1782283041,tc-26-6-2-4-8,virtphy-7f5dbd568c-wpbgd,6,1
1782283041,tc-26-6-8-2-2,msc-test-stub-5b875d749d-kcsvh,2,22
1782283041,tc-26-6-8-2-2,osmo-bsc-594654bd47-tkgsl,1,7
1782283041,tc-26-6-8-2-2,osmo-bts-virtual-5f8b9b86fc-qmlq8,29,5
1782283041,tc-26-6-8-2-2,osmo-hlr-546bdb8988-rctw6,1,2
1782283041,tc-26-6-8-2-2,osmo-mgw-8c8fc67d6-ghvzw,1,4
1782283041,tc-26-6-8-2-2,osmo-mobile-6cf757f4bb-jmfpr,3,43
1782283041,tc-26-6-8-2-2,osmo-stp-768687f494-sqt65,1,6
1782283041,tc-26-6-8-2-2,ttcn3-tc-26-6-8-2-1-cx9pr,9,15
1782283041,tc-26-6-8-2-2,virtphy-fc8dddd4c-4r9tc,6,1
1782283041,tc-26-7-2-1-4,msc-test-stub-5b875d749d-f4nnq,2,16
1782283041,tc-26-7-2-1-4,osmo-bsc-594654bd47-l6cj2,1,5
1782283041,tc-26-7-2-1-4,osmo-bts-virtual-5f8b9b86fc-kzkkp,31,5
1782283041,tc-26-7-2-1-4,osmo-hlr-546bdb8988-kllvn,1,2
1782283041,tc-26-7-2-1-4,osmo-mgw-8c8fc67d6-v4v28,1,2
1782283041,tc-26-7-2-1-4,osmo-mobile-64dcc87988-r4bxs,3,36
1782283041,tc-26-7-2-1-4,osmo-stp-768687f494-t9pm5,1,2
1782283041,tc-26-7-2-1-4,virtphy-6f8b6f6885-hg7cs,7,1
1782283041,tc-26-7-2-2-3,msc-test-stub-5b875d749d-2k5jx,1,16
1782283041,tc-26-7-2-2-3,osmo-bsc-594654bd47-bjbll,1,5
1782283041,tc-26-7-2-2-3,osmo-bts-virtual-5f8b9b86fc-dj9j7,30,5
1782283041,tc-26-7-2-2-3,osmo-hlr-546bdb8988-q5xcs,1,2
1782283041,tc-26-7-2-2-3,osmo-mgw-8c8fc67d6-w7mb7,1,2
1782283041,tc-26-7-2-2-3,osmo-mobile-65b5958d7b-nd7wr,3,36
1782283041,tc-26-7-2-2-3,osmo-stp-768687f494-x889n,1,2
1782283041,tc-26-7-2-2-3,virtphy-669796d86c-dl9dt,6,1
1782283041,tc-26-7-4-1-11,msc-test-stub-5b875d749d-nf4fk,3,16
1782283041,tc-26-7-4-1-11,osmo-bsc-594654bd47-qlrkz,1,5
1782283041,tc-26-7-4-1-11,osmo-bts-virtual-5f8b9b86fc-ksxp2,29,5
1782283041,tc-26-7-4-1-11,osmo-hlr-546bdb8988-m7slh,1,2
1782283041,tc-26-7-4-1-11,osmo-mgw-8c8fc67d6-blwgc,1,2
1782283041,tc-26-7-4-1-11,osmo-mobile-57ffcc5b84-bcb6v,2,32
1782283041,tc-26-7-4-1-11,osmo-stp-768687f494-cdvls,1,2
1782283041,tc-26-7-4-1-11,virtphy-689cb88f6c-lpfmk,6,1
1782283041,tc-26-7-5-3-12,msc-test-stub-5b875d749d-9xvl9,2,16
1782283041,tc-26-7-5-3-12,osmo-bsc-594654bd47-b8kpq,1,5
1782283041,tc-26-7-5-3-12,osmo-bts-virtual-5f8b9b86fc-wl7k2,31,5
1782283041,tc-26-7-5-3-12,osmo-hlr-546bdb8988-d6l2s,1,2
1782283041,tc-26-7-5-3-12,osmo-mgw-8c8fc67d6-xp48l,1,2
1782283041,tc-26-7-5-3-12,osmo-mobile-79c8f8bc4b-mc6jq,3,36
1782283041,tc-26-7-5-3-12,osmo-stp-768687f494-2nqzv,1,2
1782283041,tc-26-7-5-3-12,virtphy-56cc7fd87-gnrrq,7,1
1782283041,tc-26-7-5-6-5,msc-test-stub-5b875d749d-sq5zl,2,16
1782283041,tc-26-7-5-6-5,osmo-bsc-594654bd47-qwxkf,1,5
1782283041,tc-26-7-5-6-5,osmo-bts-virtual-5f8b9b86fc-wfjwc,28,5
1782283041,tc-26-7-5-6-5,osmo-hlr-546bdb8988-76xzt,1,2
1782283041,tc-26-7-5-6-5,osmo-mgw-8c8fc67d6-t8q8x,1,2
1782283041,tc-26-7-5-6-5,osmo-mobile-6b9545c69c-t2mvr,3,32
1782283041,tc-26-7-5-6-5,osmo-stp-768687f494-gwqpr,1,2
1782283041,tc-26-7-5-6-5,ttcn3-tc-26-7-5-6-1-p6rcf,13,6
1782283041,tc-26-7-5-6-5,virtphy-5fc5689b8-jn7vs,7,1
1782283041,tc-26-8-1-2-1-1-1,msc-test-stub-5b875d749d-v48d2,1,16
1782283041,tc-26-8-1-2-1-1-1,osmo-bsc-594654bd47-7l68h,1,5
1782283041,tc-26-8-1-2-1-1-1,osmo-bts-virtual-5f8b9b86fc-6vtkt,28,5
1782283041,tc-26-8-1-2-1-1-1,osmo-hlr-546bdb8988-dv26d,1,2
1782283041,tc-26-8-1-2-1-1-1,osmo-mgw-8c8fc67d6-s49xd,1,2
1782283041,tc-26-8-1-2-1-1-1,osmo-mobile-5976fc576b-wkx2z,4,33
1782283041,tc-26-8-1-2-1-1-1,osmo-stp-768687f494-sjcjh,1,2
1782283041,tc-26-8-1-2-1-1-1,virtphy-7798ff9c7-btctw,7,1
1782283041,tc-26-8-1-3-3-1-7,msc-test-stub-5b875d749d-nh4pl,4,16
1782283041,tc-26-8-1-3-3-1-7,osmo-bsc-594654bd47-wcjc5,1,5
1782283041,tc-26-8-1-3-3-1-7,osmo-bts-virtual-5f8b9b86fc-sjf5l,28,5
1782283041,tc-26-8-1-3-3-1-7,osmo-hlr-546bdb8988-kt455,1,2
1782283041,tc-26-8-1-3-3-1-7,osmo-mgw-8c8fc67d6-82hsl,1,2
1782283041,tc-26-8-1-3-3-1-7,osmo-mobile-6bccfdc6b7-47qzz,3,33
1782283041,tc-26-8-1-3-3-1-7,osmo-stp-768687f494-6b54s,1,2
1782283041,tc-26-8-1-3-3-1-7,ttcn3-tc-26-8-1-3-3-1-1-h2n85,11,6
1782283041,tc-26-8-1-3-3-1-7,virtphy-5c84574666-b9cr2,6,1
1782283041,tc-26-8-1-3-4-6-6,msc-test-stub-5b875d749d-zd9kr,2,16
1782283041,tc-26-8-1-3-4-6-6,osmo-bsc-594654bd47-sq9jn,1,5
1782283041,tc-26-8-1-3-4-6-6,osmo-bts-virtual-5f8b9b86fc-vq9ct,26,7
1782283041,tc-26-8-1-3-4-6-6,osmo-hlr-546bdb8988-thwg2,1,6
1782283041,tc-26-8-1-3-4-6-6,osmo-mgw-8c8fc67d6-qhtng,1,4
1782283041,tc-26-8-1-3-4-6-6,osmo-mobile-69b4658d4b-ph2md,4,60
1782283041,tc-26-8-1-3-4-6-6,osmo-stp-768687f494-rdztz,1,2
1782283041,tc-26-8-1-3-4-6-6,ttcn3-tc-26-8-1-3-4-6-1-czpd6,10,11
1782283041,tc-26-8-1-3-4-6-6,virtphy-65f469bd7-gplgh,7,2
1782283044,kube-system,coredns-c4dbffb5f-p9rsr,3,28
1782283044,kube-system,local-path-provisioner-5c4dc5d66d-nfqxz,1,15
1782283044,kube-system,metrics-server-786d997795-hcp2m,11,44
1782283044,kube-system,svclb-traefik-1100f998-kpm9h,0,0
1782283044,kube-system,traefik-9bcdbbd9-qtpjt,1,36
1782283044,tc-26-6-11-1-9,msc-test-stub-5b875d749d-mx9h8,3,16
1782283044,tc-26-6-11-1-9,osmo-bsc-594654bd47-22w8h,1,5
1782283044,tc-26-6-11-1-9,osmo-bts-virtual-5f8b9b86fc-98h4z,26,5
1782283044,tc-26-6-11-1-9,osmo-hlr-546bdb8988-mbk5k,1,2
1782283044,tc-26-6-11-1-9,osmo-mgw-8c8fc67d6-95rkp,1,2
1782283044,tc-26-6-11-1-9,osmo-mobile-654dfdc996-rvbm9,3,33
1782283044,tc-26-6-11-1-9,osmo-stp-768687f494-b2r4v,1,2
1782283044,tc-26-6-11-1-9,ttcn3-tc-26-6-11-1-1-vk89h,6,11
1782283044,tc-26-6-11-1-9,virtphy-7dc46555f-httmn,6,1
1782283044,tc-26-6-2-1-1-10,msc-test-stub-5b875d749d-sf5nr,2,16
1782283044,tc-26-6-2-1-1-10,osmo-bsc-594654bd47-lgm95,1,5
1782283044,tc-26-6-2-1-1-10,osmo-bts-virtual-5f8b9b86fc-lz8v5,26,5
1782283044,tc-26-6-2-1-1-10,osmo-hlr-546bdb8988-gjv5l,1,2
1782283044,tc-26-6-2-1-1-10,osmo-mgw-8c8fc67d6-t5sth,1,2
1782283044,tc-26-6-2-1-1-10,osmo-mobile-587bd5b846-btmbs,4,33
1782283044,tc-26-6-2-1-1-10,osmo-stp-768687f494-pq8rn,1,2
1782283044,tc-26-6-2-1-1-10,ttcn3-tc-26-6-2-1-1-1-lkbnz,12,8
1782283044,tc-26-6-2-1-1-10,virtphy-96dd7697f-dbfnf,7,1
1782283044,tc-26-6-2-4-8,msc-test-stub-5b875d749d-xvhpf,3,16
1782283044,tc-26-6-2-4-8,osmo-bsc-594654bd47-msv6c,1,5
1782283044,tc-26-6-2-4-8,osmo-bts-virtual-5f8b9b86fc-g8mvt,29,5
1782283044,tc-26-6-2-4-8,osmo-hlr-546bdb8988-8gkbl,1,2
1782283044,tc-26-6-2-4-8,osmo-mgw-8c8fc67d6-n8kkk,1,2
1782283044,tc-26-6-2-4-8,osmo-mobile-67b9dc6556-l7d2s,3,33
1782283044,tc-26-6-2-4-8,osmo-stp-768687f494-ncn4x,1,2
1782283044,tc-26-6-2-4-8,virtphy-7f5dbd568c-wpbgd,6,1
1782283044,tc-26-6-8-2-2,msc-test-stub-5b875d749d-kcsvh,2,22
1782283044,tc-26-6-8-2-2,osmo-bsc-594654bd47-tkgsl,1,7
1782283044,tc-26-6-8-2-2,osmo-bts-virtual-5f8b9b86fc-qmlq8,29,5
1782283044,tc-26-6-8-2-2,osmo-hlr-546bdb8988-rctw6,1,2
1782283044,tc-26-6-8-2-2,osmo-mgw-8c8fc67d6-ghvzw,1,4
1782283044,tc-26-6-8-2-2,osmo-mobile-6cf757f4bb-jmfpr,3,43
1782283044,tc-26-6-8-2-2,osmo-stp-768687f494-sqt65,1,6
1782283044,tc-26-6-8-2-2,ttcn3-tc-26-6-8-2-1-cx9pr,9,15
1782283044,tc-26-6-8-2-2,virtphy-fc8dddd4c-4r9tc,6,1
1782283044,tc-26-7-2-1-4,msc-test-stub-5b875d749d-f4nnq,2,16
1782283044,tc-26-7-2-1-4,osmo-bsc-594654bd47-l6cj2,1,5
1782283044,tc-26-7-2-1-4,osmo-bts-virtual-5f8b9b86fc-kzkkp,31,5
1782283044,tc-26-7-2-1-4,osmo-hlr-546bdb8988-kllvn,1,2
1782283044,tc-26-7-2-1-4,osmo-mgw-8c8fc67d6-v4v28,1,2
1782283044,tc-26-7-2-1-4,osmo-mobile-64dcc87988-r4bxs,3,36
1782283044,tc-26-7-2-1-4,osmo-stp-768687f494-t9pm5,1,2
1782283044,tc-26-7-2-1-4,virtphy-6f8b6f6885-hg7cs,7,1
1782283044,tc-26-7-2-2-3,msc-test-stub-5b875d749d-2k5jx,1,16
1782283044,tc-26-7-2-2-3,osmo-bsc-594654bd47-bjbll,1,5
1782283044,tc-26-7-2-2-3,osmo-bts-virtual-5f8b9b86fc-dj9j7,30,5
1782283044,tc-26-7-2-2-3,osmo-hlr-546bdb8988-q5xcs,1,2
1782283044,tc-26-7-2-2-3,osmo-mgw-8c8fc67d6-w7mb7,1,2
1782283044,tc-26-7-2-2-3,osmo-mobile-65b5958d7b-nd7wr,3,36
1782283044,tc-26-7-2-2-3,osmo-stp-768687f494-x889n,1,2
1782283044,tc-26-7-2-2-3,virtphy-669796d86c-dl9dt,6,1
1782283044,tc-26-7-4-1-11,msc-test-stub-5b875d749d-nf4fk,3,16
1782283044,tc-26-7-4-1-11,osmo-bsc-594654bd47-qlrkz,1,5
1782283044,tc-26-7-4-1-11,osmo-bts-virtual-5f8b9b86fc-ksxp2,29,5
1782283044,tc-26-7-4-1-11,osmo-hlr-546bdb8988-m7slh,1,2
1782283044,tc-26-7-4-1-11,osmo-mgw-8c8fc67d6-blwgc,1,2
1782283044,tc-26-7-4-1-11,osmo-mobile-57ffcc5b84-bcb6v,2,32
1782283044,tc-26-7-4-1-11,osmo-stp-768687f494-cdvls,1,2
1782283044,tc-26-7-4-1-11,virtphy-689cb88f6c-lpfmk,6,1
1782283044,tc-26-7-5-3-12,msc-test-stub-5b875d749d-9xvl9,2,16
1782283044,tc-26-7-5-3-12,osmo-bsc-594654bd47-b8kpq,1,5
1782283044,tc-26-7-5-3-12,osmo-bts-virtual-5f8b9b86fc-wl7k2,31,5
1782283044,tc-26-7-5-3-12,osmo-hlr-546bdb8988-d6l2s,1,2
1782283044,tc-26-7-5-3-12,osmo-mgw-8c8fc67d6-xp48l,1,2
1782283044,tc-26-7-5-3-12,osmo-mobile-79c8f8bc4b-mc6jq,3,36
1782283044,tc-26-7-5-3-12,osmo-stp-768687f494-2nqzv,1,2
1782283044,tc-26-7-5-3-12,virtphy-56cc7fd87-gnrrq,7,1
1782283044,tc-26-7-5-6-5,msc-test-stub-5b875d749d-sq5zl,2,16
1782283044,tc-26-7-5-6-5,osmo-bsc-594654bd47-qwxkf,1,5
1782283044,tc-26-7-5-6-5,osmo-bts-virtual-5f8b9b86fc-wfjwc,28,5
1782283044,tc-26-7-5-6-5,osmo-hlr-546bdb8988-76xzt,1,2
1782283044,tc-26-7-5-6-5,osmo-mgw-8c8fc67d6-t8q8x,1,2
1782283044,tc-26-7-5-6-5,osmo-mobile-6b9545c69c-t2mvr,3,32
1782283044,tc-26-7-5-6-5,osmo-stp-768687f494-gwqpr,1,2
1782283044,tc-26-7-5-6-5,ttcn3-tc-26-7-5-6-1-p6rcf,13,6
1782283044,tc-26-7-5-6-5,virtphy-5fc5689b8-jn7vs,7,1
1782283044,tc-26-8-1-2-1-1-1,msc-test-stub-5b875d749d-v48d2,1,16
1782283044,tc-26-8-1-2-1-1-1,osmo-bsc-594654bd47-7l68h,1,5
1782283044,tc-26-8-1-2-1-1-1,osmo-bts-virtual-5f8b9b86fc-6vtkt,28,5
1782283044,tc-26-8-1-2-1-1-1,osmo-hlr-546bdb8988-dv26d,1,2
1782283044,tc-26-8-1-2-1-1-1,osmo-mgw-8c8fc67d6-s49xd,1,2
1782283044,tc-26-8-1-2-1-1-1,osmo-mobile-5976fc576b-wkx2z,4,33
1782283044,tc-26-8-1-2-1-1-1,osmo-stp-768687f494-sjcjh,1,2
1782283044,tc-26-8-1-2-1-1-1,virtphy-7798ff9c7-btctw,7,1
1782283044,tc-26-8-1-3-3-1-7,msc-test-stub-5b875d749d-nh4pl,4,16
1782283044,tc-26-8-1-3-3-1-7,osmo-bsc-594654bd47-wcjc5,1,5
1782283044,tc-26-8-1-3-3-1-7,osmo-bts-virtual-5f8b9b86fc-sjf5l,28,5
1782283044,tc-26-8-1-3-3-1-7,osmo-hlr-546bdb8988-kt455,1,2
1782283044,tc-26-8-1-3-3-1-7,osmo-mgw-8c8fc67d6-82hsl,1,2
1782283044,tc-26-8-1-3-3-1-7,osmo-mobile-6bccfdc6b7-47qzz,3,33
1782283044,tc-26-8-1-3-3-1-7,osmo-stp-768687f494-6b54s,1,2
1782283044,tc-26-8-1-3-3-1-7,ttcn3-tc-26-8-1-3-3-1-1-h2n85,11,6
1782283044,tc-26-8-1-3-3-1-7,virtphy-5c84574666-b9cr2,6,1
1782283044,tc-26-8-1-3-4-6-6,msc-test-stub-5b875d749d-zd9kr,2,16
1782283044,tc-26-8-1-3-4-6-6,osmo-bsc-594654bd47-sq9jn,1,5
1782283044,tc-26-8-1-3-4-6-6,osmo-bts-virtual-5f8b9b86fc-vq9ct,26,7
1782283044,tc-26-8-1-3-4-6-6,osmo-hlr-546bdb8988-thwg2,1,6
1782283044,tc-26-8-1-3-4-6-6,osmo-mgw-8c8fc67d6-qhtng,1,4
1782283044,tc-26-8-1-3-4-6-6,osmo-mobile-69b4658d4b-ph2md,4,60
1782283044,tc-26-8-1-3-4-6-6,osmo-stp-768687f494-rdztz,1,2
1782283044,tc-26-8-1-3-4-6-6,ttcn3-tc-26-8-1-3-4-6-1-czpd6,10,11
1782283044,tc-26-8-1-3-4-6-6,virtphy-65f469bd7-gplgh,7,2
1782283046,kube-system,coredns-c4dbffb5f-p9rsr,3,28
1782283046,kube-system,local-path-provisioner-5c4dc5d66d-nfqxz,1,15
1782283046,kube-system,metrics-server-786d997795-hcp2m,11,44
1782283046,kube-system,svclb-traefik-1100f998-kpm9h,0,0
1782283046,kube-system,traefik-9bcdbbd9-qtpjt,1,36
1782283046,tc-26-6-11-1-9,msc-test-stub-5b875d749d-mx9h8,3,16
1782283046,tc-26-6-11-1-9,osmo-bsc-594654bd47-22w8h,1,5
1782283046,tc-26-6-11-1-9,osmo-bts-virtual-5f8b9b86fc-98h4z,26,5
1782283046,tc-26-6-11-1-9,osmo-hlr-546bdb8988-mbk5k,1,2
1782283046,tc-26-6-11-1-9,osmo-mgw-8c8fc67d6-95rkp,1,2
1782283046,tc-26-6-11-1-9,osmo-mobile-654dfdc996-rvbm9,3,33
1782283046,tc-26-6-11-1-9,osmo-stp-768687f494-b2r4v,1,2
1782283046,tc-26-6-11-1-9,ttcn3-tc-26-6-11-1-1-vk89h,6,11
1782283046,tc-26-6-11-1-9,virtphy-7dc46555f-httmn,6,1
1782283046,tc-26-6-2-1-1-10,msc-test-stub-5b875d749d-sf5nr,2,16
1782283046,tc-26-6-2-1-1-10,osmo-bsc-594654bd47-lgm95,1,5
1782283046,tc-26-6-2-1-1-10,osmo-bts-virtual-5f8b9b86fc-lz8v5,26,5
1782283046,tc-26-6-2-1-1-10,osmo-hlr-546bdb8988-gjv5l,1,2
1782283046,tc-26-6-2-1-1-10,osmo-mgw-8c8fc67d6-t5sth,1,2
1782283046,tc-26-6-2-1-1-10,osmo-mobile-587bd5b846-btmbs,4,33
1782283046,tc-26-6-2-1-1-10,osmo-stp-768687f494-pq8rn,1,2
1782283046,tc-26-6-2-1-1-10,ttcn3-tc-26-6-2-1-1-1-lkbnz,12,8
1782283046,tc-26-6-2-1-1-10,virtphy-96dd7697f-dbfnf,7,1
1782283046,tc-26-6-2-4-8,msc-test-stub-5b875d749d-xvhpf,3,16
1782283046,tc-26-6-2-4-8,osmo-bsc-594654bd47-msv6c,1,5
1782283046,tc-26-6-2-4-8,osmo-bts-virtual-5f8b9b86fc-g8mvt,29,5
1782283046,tc-26-6-2-4-8,osmo-hlr-546bdb8988-8gkbl,1,2
1782283046,tc-26-6-2-4-8,osmo-mgw-8c8fc67d6-n8kkk,1,2
1782283046,tc-26-6-2-4-8,osmo-mobile-67b9dc6556-l7d2s,3,33
1782283046,tc-26-6-2-4-8,osmo-stp-768687f494-ncn4x,1,2
1782283046,tc-26-6-2-4-8,virtphy-7f5dbd568c-wpbgd,6,1
1782283046,tc-26-6-8-2-2,msc-test-stub-5b875d749d-kcsvh,2,22
1782283046,tc-26-6-8-2-2,osmo-bsc-594654bd47-tkgsl,1,7
1782283046,tc-26-6-8-2-2,osmo-bts-virtual-5f8b9b86fc-qmlq8,29,5
1782283046,tc-26-6-8-2-2,osmo-hlr-546bdb8988-rctw6,1,2
1782283046,tc-26-6-8-2-2,osmo-mgw-8c8fc67d6-ghvzw,1,4
1782283046,tc-26-6-8-2-2,osmo-mobile-6cf757f4bb-jmfpr,3,43
1782283046,tc-26-6-8-2-2,osmo-stp-768687f494-sqt65,1,6
1782283046,tc-26-6-8-2-2,ttcn3-tc-26-6-8-2-1-cx9pr,9,15
1782283046,tc-26-6-8-2-2,virtphy-fc8dddd4c-4r9tc,6,1
1782283046,tc-26-7-2-1-4,msc-test-stub-5b875d749d-f4nnq,2,16
1782283046,tc-26-7-2-1-4,osmo-bsc-594654bd47-l6cj2,1,5
1782283046,tc-26-7-2-1-4,osmo-bts-virtual-5f8b9b86fc-kzkkp,31,5
1782283046,tc-26-7-2-1-4,osmo-hlr-546bdb8988-kllvn,1,2
1782283046,tc-26-7-2-1-4,osmo-mgw-8c8fc67d6-v4v28,1,2
1782283046,tc-26-7-2-1-4,osmo-mobile-64dcc87988-r4bxs,3,36
1782283046,tc-26-7-2-1-4,osmo-stp-768687f494-t9pm5,1,2
1782283046,tc-26-7-2-1-4,virtphy-6f8b6f6885-hg7cs,7,1
1782283046,tc-26-7-2-2-3,msc-test-stub-5b875d749d-2k5jx,1,16
1782283046,tc-26-7-2-2-3,osmo-bsc-594654bd47-bjbll,1,5
1782283046,tc-26-7-2-2-3,osmo-bts-virtual-5f8b9b86fc-dj9j7,30,5
1782283046,tc-26-7-2-2-3,osmo-hlr-546bdb8988-q5xcs,1,2
1782283046,tc-26-7-2-2-3,osmo-mgw-8c8fc67d6-w7mb7,1,2
1782283046,tc-26-7-2-2-3,osmo-mobile-65b5958d7b-nd7wr,3,36
1782283046,tc-26-7-2-2-3,osmo-stp-768687f494-x889n,1,2
1782283046,tc-26-7-2-2-3,virtphy-669796d86c-dl9dt,6,1
1782283046,tc-26-7-4-1-11,msc-test-stub-5b875d749d-nf4fk,3,16
1782283046,tc-26-7-4-1-11,osmo-bsc-594654bd47-qlrkz,1,5
1782283046,tc-26-7-4-1-11,osmo-bts-virtual-5f8b9b86fc-ksxp2,29,5
1782283046,tc-26-7-4-1-11,osmo-hlr-546bdb8988-m7slh,1,2
1782283046,tc-26-7-4-1-11,osmo-mgw-8c8fc67d6-blwgc,1,2
1782283046,tc-26-7-4-1-11,osmo-mobile-57ffcc5b84-bcb6v,2,32
1782283046,tc-26-7-4-1-11,osmo-stp-768687f494-cdvls,1,2
1782283046,tc-26-7-4-1-11,virtphy-689cb88f6c-lpfmk,6,1
1782283046,tc-26-7-5-3-12,msc-test-stub-5b875d749d-9xvl9,2,16
1782283046,tc-26-7-5-3-12,osmo-bsc-594654bd47-b8kpq,1,5
1782283046,tc-26-7-5-3-12,osmo-bts-virtual-5f8b9b86fc-wl7k2,31,5
1782283046,tc-26-7-5-3-12,osmo-hlr-546bdb8988-d6l2s,1,2
1782283046,tc-26-7-5-3-12,osmo-mgw-8c8fc67d6-xp48l,1,2
1782283046,tc-26-7-5-3-12,osmo-mobile-79c8f8bc4b-mc6jq,3,36
1782283046,tc-26-7-5-3-12,osmo-stp-768687f494-2nqzv,1,2
1782283046,tc-26-7-5-3-12,virtphy-56cc7fd87-gnrrq,7,1
1782283046,tc-26-7-5-6-5,msc-test-stub-5b875d749d-sq5zl,2,16
1782283046,tc-26-7-5-6-5,osmo-bsc-594654bd47-qwxkf,1,5
1782283046,tc-26-7-5-6-5,osmo-bts-virtual-5f8b9b86fc-wfjwc,28,5
1782283046,tc-26-7-5-6-5,osmo-hlr-546bdb8988-76xzt,1,2
1782283046,tc-26-7-5-6-5,osmo-mgw-8c8fc67d6-t8q8x,1,2
1782283046,tc-26-7-5-6-5,osmo-mobile-6b9545c69c-t2mvr,3,32
1782283046,tc-26-7-5-6-5,osmo-stp-768687f494-gwqpr,1,2
1782283046,tc-26-7-5-6-5,ttcn3-tc-26-7-5-6-1-p6rcf,13,6
1782283046,tc-26-7-5-6-5,virtphy-5fc5689b8-jn7vs,7,1
1782283046,tc-26-8-1-2-1-1-1,msc-test-stub-5b875d749d-v48d2,1,16
1782283046,tc-26-8-1-2-1-1-1,osmo-bsc-594654bd47-7l68h,1,5
1782283046,tc-26-8-1-2-1-1-1,osmo-bts-virtual-5f8b9b86fc-6vtkt,28,5
1782283046,tc-26-8-1-2-1-1-1,osmo-hlr-546bdb8988-dv26d,1,2
1782283046,tc-26-8-1-2-1-1-1,osmo-mgw-8c8fc67d6-s49xd,1,2
1782283046,tc-26-8-1-2-1-1-1,osmo-mobile-5976fc576b-wkx2z,4,33
1782283046,tc-26-8-1-2-1-1-1,osmo-stp-768687f494-sjcjh,1,2
1782283046,tc-26-8-1-2-1-1-1,virtphy-7798ff9c7-btctw,7,1
1782283046,tc-26-8-1-3-3-1-7,msc-test-stub-5b875d749d-nh4pl,4,16
1782283046,tc-26-8-1-3-3-1-7,osmo-bsc-594654bd47-wcjc5,1,5
1782283046,tc-26-8-1-3-3-1-7,osmo-bts-virtual-5f8b9b86fc-sjf5l,28,5
1782283046,tc-26-8-1-3-3-1-7,osmo-hlr-546bdb8988-kt455,1,2
1782283046,tc-26-8-1-3-3-1-7,osmo-mgw-8c8fc67d6-82hsl,1,2
1782283046,tc-26-8-1-3-3-1-7,osmo-mobile-6bccfdc6b7-47qzz,3,33
1782283046,tc-26-8-1-3-3-1-7,osmo-stp-768687f494-6b54s,1,2
1782283046,tc-26-8-1-3-3-1-7,ttcn3-tc-26-8-1-3-3-1-1-h2n85,11,6
1782283046,tc-26-8-1-3-3-1-7,virtphy-5c84574666-b9cr2,6,1
1782283046,tc-26-8-1-3-4-6-6,msc-test-stub-5b875d749d-zd9kr,2,16
1782283046,tc-26-8-1-3-4-6-6,osmo-bsc-594654bd47-sq9jn,1,5
1782283046,tc-26-8-1-3-4-6-6,osmo-bts-virtual-5f8b9b86fc-vq9ct,26,7
1782283046,tc-26-8-1-3-4-6-6,osmo-hlr-546bdb8988-thwg2,1,6
1782283046,tc-26-8-1-3-4-6-6,osmo-mgw-8c8fc67d6-qhtng,1,4
1782283046,tc-26-8-1-3-4-6-6,osmo-mobile-69b4658d4b-ph2md,4,60
1782283046,tc-26-8-1-3-4-6-6,osmo-stp-768687f494-rdztz,1,2
1782283046,tc-26-8-1-3-4-6-6,ttcn3-tc-26-8-1-3-4-6-1-czpd6,10,11
1782283046,tc-26-8-1-3-4-6-6,virtphy-65f469bd7-gplgh,7,2
1782283048,kube-system,coredns-c4dbffb5f-p9rsr,3,28
1782283048,kube-system,local-path-provisioner-5c4dc5d66d-nfqxz,1,15
1782283048,kube-system,metrics-server-786d997795-hcp2m,10,45
1782283048,kube-system,svclb-traefik-1100f998-kpm9h,0,0
1782283048,kube-system,traefik-9bcdbbd9-qtpjt,1,36
1782283048,tc-26-6-11-1-9,msc-test-stub-5b875d749d-mx9h8,1,16
1782283048,tc-26-6-11-1-9,osmo-bsc-594654bd47-22w8h,1,5
1782283048,tc-26-6-11-1-9,osmo-bts-virtual-5f8b9b86fc-98h4z,31,5
1782283048,tc-26-6-11-1-9,osmo-hlr-546bdb8988-mbk5k,1,2
1782283048,tc-26-6-11-1-9,osmo-mgw-8c8fc67d6-95rkp,1,2
1782283048,tc-26-6-11-1-9,osmo-mobile-654dfdc996-rvbm9,3,33
1782283048,tc-26-6-11-1-9,osmo-stp-768687f494-b2r4v,1,2
1782283048,tc-26-6-11-1-9,ttcn3-tc-26-6-11-1-1-vk89h,0,11
1782283048,tc-26-6-11-1-9,virtphy-7dc46555f-httmn,6,1
1782283048,tc-26-6-2-1-1-10,msc-test-stub-5b875d749d-sf5nr,2,16
1782283048,tc-26-6-2-1-1-10,osmo-bsc-594654bd47-lgm95,1,5
1782283048,tc-26-6-2-1-1-10,osmo-bts-virtual-5f8b9b86fc-lz8v5,31,5
1782283048,tc-26-6-2-1-1-10,osmo-hlr-546bdb8988-gjv5l,1,2
1782283048,tc-26-6-2-1-1-10,osmo-mgw-8c8fc67d6-t5sth,1,2
1782283048,tc-26-6-2-1-1-10,osmo-mobile-587bd5b846-btmbs,2,33
1782283048,tc-26-6-2-1-1-10,osmo-stp-768687f494-pq8rn,1,2
1782283048,tc-26-6-2-1-1-10,ttcn3-tc-26-6-2-1-1-1-lkbnz,1,8
1782283048,tc-26-6-2-1-1-10,virtphy-96dd7697f-dbfnf,6,1
1782283048,tc-26-6-2-4-8,msc-test-stub-5b875d749d-xvhpf,1,16
1782283048,tc-26-6-2-4-8,osmo-bsc-594654bd47-msv6c,1,5
1782283048,tc-26-6-2-4-8,osmo-bts-virtual-5f8b9b86fc-g8mvt,29,5
1782283048,tc-26-6-2-4-8,osmo-hlr-546bdb8988-8gkbl,1,2
1782283048,tc-26-6-2-4-8,osmo-mgw-8c8fc67d6-n8kkk,1,2
1782283048,tc-26-6-2-4-8,osmo-mobile-67b9dc6556-l7d2s,4,33
1782283048,tc-26-6-2-4-8,osmo-stp-768687f494-ncn4x,1,2
1782283048,tc-26-6-2-4-8,ttcn3-tc-26-6-2-4-1-f9g9d,11,6
1782283048,tc-26-6-2-4-8,virtphy-7f5dbd568c-wpbgd,6,1
1782283048,tc-26-6-8-2-2,msc-test-stub-5b875d749d-kcsvh,1,22
1782283048,tc-26-6-8-2-2,osmo-bsc-594654bd47-tkgsl,1,7
1782283048,tc-26-6-8-2-2,osmo-bts-virtual-5f8b9b86fc-qmlq8,26,5
1782283048,tc-26-6-8-2-2,osmo-hlr-546bdb8988-rctw6,1,2
1782283048,tc-26-6-8-2-2,osmo-mgw-8c8fc67d6-ghvzw,1,4
1782283048,tc-26-6-8-2-2,osmo-mobile-6cf757f4bb-jmfpr,3,43
1782283048,tc-26-6-8-2-2,osmo-stp-768687f494-sqt65,1,6
1782283048,tc-26-6-8-2-2,ttcn3-tc-26-6-8-2-1-cx9pr,1,15
1782283048,tc-26-6-8-2-2,virtphy-fc8dddd4c-4r9tc,6,1
1782283048,tc-26-7-2-1-4,msc-test-stub-5b875d749d-f4nnq,1,16
1782283048,tc-26-7-2-1-4,osmo-bsc-594654bd47-l6cj2,1,5
1782283048,tc-26-7-2-1-4,osmo-bts-virtual-5f8b9b86fc-kzkkp,29,5
1782283048,tc-26-7-2-1-4,osmo-hlr-546bdb8988-kllvn,1,2
1782283048,tc-26-7-2-1-4,osmo-mgw-8c8fc67d6-v4v28,1,2
1782283048,tc-26-7-2-1-4,osmo-mobile-64dcc87988-r4bxs,4,36
1782283048,tc-26-7-2-1-4,osmo-stp-768687f494-t9pm5,1,2
1782283048,tc-26-7-2-1-4,virtphy-6f8b6f6885-hg7cs,6,1
1782283048,tc-26-7-2-2-3,msc-test-stub-5b875d749d-2k5jx,3,16
1782283048,tc-26-7-2-2-3,osmo-bsc-594654bd47-bjbll,1,5
1782283048,tc-26-7-2-2-3,osmo-bts-virtual-5f8b9b86fc-dj9j7,30,5
1782283048,tc-26-7-2-2-3,osmo-hlr-546bdb8988-q5xcs,1,2
1782283048,tc-26-7-2-2-3,osmo-mgw-8c8fc67d6-w7mb7,1,2
1782283048,tc-26-7-2-2-3,osmo-mobile-65b5958d7b-nd7wr,4,36
1782283048,tc-26-7-2-2-3,osmo-stp-768687f494-x889n,1,2
1782283048,tc-26-7-2-2-3,virtphy-669796d86c-dl9dt,6,1
1782283048,tc-26-7-4-1-11,msc-test-stub-5b875d749d-nf4fk,1,16
1782283048,tc-26-7-4-1-11,osmo-bsc-594654bd47-qlrkz,1,5
1782283048,tc-26-7-4-1-11,osmo-bts-virtual-5f8b9b86fc-ksxp2,30,5
1782283048,tc-26-7-4-1-11,osmo-hlr-546bdb8988-m7slh,1,2
1782283048,tc-26-7-4-1-11,osmo-mgw-8c8fc67d6-blwgc,1,2
1782283048,tc-26-7-4-1-11,osmo-mobile-57ffcc5b84-bcb6v,4,33
1782283048,tc-26-7-4-1-11,osmo-stp-768687f494-cdvls,1,2
1782283048,tc-26-7-4-1-11,ttcn3-tc-26-7-4-1-1-vfwzt,11,6
1782283048,tc-26-7-4-1-11,virtphy-689cb88f6c-lpfmk,6,1
1782283048,tc-26-7-5-3-12,msc-test-stub-5b875d749d-9xvl9,2,16
1782283048,tc-26-7-5-3-12,osmo-bsc-594654bd47-b8kpq,1,5
1782283048,tc-26-7-5-3-12,osmo-bts-virtual-5f8b9b86fc-wl7k2,30,5
1782283048,tc-26-7-5-3-12,osmo-hlr-546bdb8988-d6l2s,1,2
1782283048,tc-26-7-5-3-12,osmo-mgw-8c8fc67d6-xp48l,1,2
1782283048,tc-26-7-5-3-12,osmo-mobile-79c8f8bc4b-mc6jq,3,36
1782283048,tc-26-7-5-3-12,osmo-stp-768687f494-2nqzv,1,2
1782283048,tc-26-7-5-3-12,virtphy-56cc7fd87-gnrrq,6,1
1782283048,tc-26-7-5-6-5,msc-test-stub-5b875d749d-sq5zl,1,16
1782283048,tc-26-7-5-6-5,osmo-bsc-594654bd47-qwxkf,1,5
1782283048,tc-26-7-5-6-5,osmo-bts-virtual-5f8b9b86fc-wfjwc,29,5
1782283048,tc-26-7-5-6-5,osmo-hlr-546bdb8988-76xzt,1,2
1782283048,tc-26-7-5-6-5,osmo-mgw-8c8fc67d6-t8q8x,1,2
1782283048,tc-26-7-5-6-5,osmo-mobile-6b9545c69c-t2mvr,3,33
1782283048,tc-26-7-5-6-5,osmo-stp-768687f494-gwqpr,1,2
1782283048,tc-26-7-5-6-5,ttcn3-tc-26-7-5-6-1-p6rcf,1,6
1782283048,tc-26-7-5-6-5,virtphy-5fc5689b8-jn7vs,6,1
1782283048,tc-26-8-1-2-1-1-1,msc-test-stub-5b875d749d-v48d2,2,16
1782283048,tc-26-8-1-2-1-1-1,osmo-bsc-594654bd47-7l68h,1,5
1782283048,tc-26-8-1-2-1-1-1,osmo-bts-virtual-5f8b9b86fc-6vtkt,31,5
1782283048,tc-26-8-1-2-1-1-1,osmo-hlr-546bdb8988-dv26d,1,2
1782283048,tc-26-8-1-2-1-1-1,osmo-mgw-8c8fc67d6-s49xd,1,2
1782283048,tc-26-8-1-2-1-1-1,osmo-mobile-5976fc576b-wkx2z,3,33
1782283048,tc-26-8-1-2-1-1-1,osmo-stp-768687f494-sjcjh,1,2
1782283048,tc-26-8-1-2-1-1-1,ttcn3-tc-26-8-1-2-1-1-1-t5zcn,1,6
1782283048,tc-26-8-1-2-1-1-1,virtphy-7798ff9c7-btctw,5,1
1782283048,tc-26-8-1-3-3-1-7,msc-test-stub-5b875d749d-nh4pl,1,16
1782283048,tc-26-8-1-3-3-1-7,osmo-bsc-594654bd47-wcjc5,1,5
1782283048,tc-26-8-1-3-3-1-7,osmo-bts-virtual-5f8b9b86fc-sjf5l,29,5
1782283048,tc-26-8-1-3-3-1-7,osmo-hlr-546bdb8988-kt455,1,2
1782283048,tc-26-8-1-3-3-1-7,osmo-mgw-8c8fc67d6-82hsl,1,2
1782283048,tc-26-8-1-3-3-1-7,osmo-mobile-6bccfdc6b7-47qzz,3,33
1782283048,tc-26-8-1-3-3-1-7,osmo-stp-768687f494-6b54s,1,2
1782283048,tc-26-8-1-3-3-1-7,ttcn3-tc-26-8-1-3-3-1-1-h2n85,1,6
1782283048,tc-26-8-1-3-3-1-7,virtphy-5c84574666-b9cr2,6,1
1782283048,tc-26-8-1-3-4-6-6,msc-test-stub-5b875d749d-zd9kr,1,16
1782283048,tc-26-8-1-3-4-6-6,osmo-bsc-594654bd47-sq9jn,1,5
1782283048,tc-26-8-1-3-4-6-6,osmo-bts-virtual-5f8b9b86fc-vq9ct,27,7
1782283048,tc-26-8-1-3-4-6-6,osmo-hlr-546bdb8988-thwg2,1,6
1782283048,tc-26-8-1-3-4-6-6,osmo-mgw-8c8fc67d6-qhtng,1,4
1782283048,tc-26-8-1-3-4-6-6,osmo-mobile-69b4658d4b-ph2md,2,60
1782283048,tc-26-8-1-3-4-6-6,osmo-stp-768687f494-rdztz,1,2
1782283048,tc-26-8-1-3-4-6-6,ttcn3-tc-26-8-1-3-4-6-1-czpd6,6,16
1782283048,tc-26-8-1-3-4-6-6,virtphy-65f469bd7-gplgh,7,2
1782283050,kube-system,coredns-c4dbffb5f-p9rsr,3,28
1782283050,kube-system,local-path-provisioner-5c4dc5d66d-nfqxz,1,15
1782283050,kube-system,metrics-server-786d997795-hcp2m,10,45
1782283050,kube-system,svclb-traefik-1100f998-kpm9h,0,0
1782283050,kube-system,traefik-9bcdbbd9-qtpjt,1,36
1782283050,tc-26-6-11-1-9,msc-test-stub-5b875d749d-mx9h8,1,16
1782283050,tc-26-6-11-1-9,osmo-bsc-594654bd47-22w8h,1,5
1782283050,tc-26-6-11-1-9,osmo-bts-virtual-5f8b9b86fc-98h4z,31,5
1782283050,tc-26-6-11-1-9,osmo-hlr-546bdb8988-mbk5k,1,2
1782283050,tc-26-6-11-1-9,osmo-mgw-8c8fc67d6-95rkp,1,2
1782283050,tc-26-6-11-1-9,osmo-mobile-654dfdc996-rvbm9,3,33
1782283050,tc-26-6-11-1-9,osmo-stp-768687f494-b2r4v,1,2
1782283050,tc-26-6-11-1-9,ttcn3-tc-26-6-11-1-1-vk89h,0,11
1782283050,tc-26-6-11-1-9,virtphy-7dc46555f-httmn,6,1
1782283050,tc-26-6-2-1-1-10,msc-test-stub-5b875d749d-sf5nr,2,16
1782283050,tc-26-6-2-1-1-10,osmo-bsc-594654bd47-lgm95,1,5
1782283050,tc-26-6-2-1-1-10,osmo-bts-virtual-5f8b9b86fc-lz8v5,31,5
1782283050,tc-26-6-2-1-1-10,osmo-hlr-546bdb8988-gjv5l,1,2
1782283050,tc-26-6-2-1-1-10,osmo-mgw-8c8fc67d6-t5sth,1,2
1782283050,tc-26-6-2-1-1-10,osmo-mobile-587bd5b846-btmbs,2,33
1782283050,tc-26-6-2-1-1-10,osmo-stp-768687f494-pq8rn,1,2
1782283050,tc-26-6-2-1-1-10,ttcn3-tc-26-6-2-1-1-1-lkbnz,1,8
1782283050,tc-26-6-2-1-1-10,virtphy-96dd7697f-dbfnf,6,1
1782283050,tc-26-6-2-4-8,msc-test-stub-5b875d749d-xvhpf,1,16
1782283050,tc-26-6-2-4-8,osmo-bsc-594654bd47-msv6c,1,5
1782283050,tc-26-6-2-4-8,osmo-bts-virtual-5f8b9b86fc-g8mvt,29,5
1782283050,tc-26-6-2-4-8,osmo-hlr-546bdb8988-8gkbl,1,2
1782283050,tc-26-6-2-4-8,osmo-mgw-8c8fc67d6-n8kkk,1,2
1782283050,tc-26-6-2-4-8,osmo-mobile-67b9dc6556-l7d2s,4,33
1782283050,tc-26-6-2-4-8,osmo-stp-768687f494-ncn4x,1,2
1782283050,tc-26-6-2-4-8,ttcn3-tc-26-6-2-4-1-f9g9d,11,6
1782283050,tc-26-6-2-4-8,virtphy-7f5dbd568c-wpbgd,6,1
1782283050,tc-26-6-8-2-2,msc-test-stub-5b875d749d-kcsvh,1,22
1782283050,tc-26-6-8-2-2,osmo-bsc-594654bd47-tkgsl,1,7
1782283050,tc-26-6-8-2-2,osmo-bts-virtual-5f8b9b86fc-qmlq8,26,5
1782283050,tc-26-6-8-2-2,osmo-hlr-546bdb8988-rctw6,1,2
1782283050,tc-26-6-8-2-2,osmo-mgw-8c8fc67d6-ghvzw,1,4
1782283050,tc-26-6-8-2-2,osmo-mobile-6cf757f4bb-jmfpr,3,43
1782283050,tc-26-6-8-2-2,osmo-stp-768687f494-sqt65,1,6
1782283050,tc-26-6-8-2-2,ttcn3-tc-26-6-8-2-1-cx9pr,1,15
1782283050,tc-26-6-8-2-2,virtphy-fc8dddd4c-4r9tc,6,1
1782283050,tc-26-7-2-1-4,msc-test-stub-5b875d749d-f4nnq,1,16
1782283050,tc-26-7-2-1-4,osmo-bsc-594654bd47-l6cj2,1,5
1782283050,tc-26-7-2-1-4,osmo-bts-virtual-5f8b9b86fc-kzkkp,29,5
1782283050,tc-26-7-2-1-4,osmo-hlr-546bdb8988-kllvn,1,2
1782283050,tc-26-7-2-1-4,osmo-mgw-8c8fc67d6-v4v28,1,2
1782283050,tc-26-7-2-1-4,osmo-mobile-64dcc87988-r4bxs,4,36
1782283050,tc-26-7-2-1-4,osmo-stp-768687f494-t9pm5,1,2
1782283050,tc-26-7-2-1-4,virtphy-6f8b6f6885-hg7cs,6,1
1782283050,tc-26-7-2-2-3,msc-test-stub-5b875d749d-2k5jx,3,16
1782283050,tc-26-7-2-2-3,osmo-bsc-594654bd47-bjbll,1,5
1782283050,tc-26-7-2-2-3,osmo-bts-virtual-5f8b9b86fc-dj9j7,30,5
1782283050,tc-26-7-2-2-3,osmo-hlr-546bdb8988-q5xcs,1,2
1782283050,tc-26-7-2-2-3,osmo-mgw-8c8fc67d6-w7mb7,1,2
1782283050,tc-26-7-2-2-3,osmo-mobile-65b5958d7b-nd7wr,4,36
1782283050,tc-26-7-2-2-3,osmo-stp-768687f494-x889n,1,2
1782283050,tc-26-7-2-2-3,virtphy-669796d86c-dl9dt,6,1
1782283050,tc-26-7-4-1-11,msc-test-stub-5b875d749d-nf4fk,1,16
1782283050,tc-26-7-4-1-11,osmo-bsc-594654bd47-qlrkz,1,5
1782283050,tc-26-7-4-1-11,osmo-bts-virtual-5f8b9b86fc-ksxp2,30,5
1782283050,tc-26-7-4-1-11,osmo-hlr-546bdb8988-m7slh,1,2
1782283050,tc-26-7-4-1-11,osmo-mgw-8c8fc67d6-blwgc,1,2
1782283050,tc-26-7-4-1-11,osmo-mobile-57ffcc5b84-bcb6v,4,33
1782283050,tc-26-7-4-1-11,osmo-stp-768687f494-cdvls,1,2
1782283050,tc-26-7-4-1-11,ttcn3-tc-26-7-4-1-1-vfwzt,11,6
1782283050,tc-26-7-4-1-11,virtphy-689cb88f6c-lpfmk,6,1
1782283050,tc-26-7-5-3-12,msc-test-stub-5b875d749d-9xvl9,2,16
1782283050,tc-26-7-5-3-12,osmo-bsc-594654bd47-b8kpq,1,5
1782283050,tc-26-7-5-3-12,osmo-bts-virtual-5f8b9b86fc-wl7k2,30,5
1782283050,tc-26-7-5-3-12,osmo-hlr-546bdb8988-d6l2s,1,2
1782283050,tc-26-7-5-3-12,osmo-mgw-8c8fc67d6-xp48l,1,2
1782283050,tc-26-7-5-3-12,osmo-mobile-79c8f8bc4b-mc6jq,3,36
1782283050,tc-26-7-5-3-12,osmo-stp-768687f494-2nqzv,1,2
1782283050,tc-26-7-5-3-12,virtphy-56cc7fd87-gnrrq,6,1
1782283050,tc-26-7-5-6-5,msc-test-stub-5b875d749d-sq5zl,1,16
1782283050,tc-26-7-5-6-5,osmo-bsc-594654bd47-qwxkf,1,5
1782283050,tc-26-7-5-6-5,osmo-bts-virtual-5f8b9b86fc-wfjwc,29,5
1782283050,tc-26-7-5-6-5,osmo-hlr-546bdb8988-76xzt,1,2
1782283050,tc-26-7-5-6-5,osmo-mgw-8c8fc67d6-t8q8x,1,2
1782283050,tc-26-7-5-6-5,osmo-mobile-6b9545c69c-t2mvr,3,33
1782283050,tc-26-7-5-6-5,osmo-stp-768687f494-gwqpr,1,2
1782283050,tc-26-7-5-6-5,ttcn3-tc-26-7-5-6-1-p6rcf,1,6
1782283050,tc-26-7-5-6-5,virtphy-5fc5689b8-jn7vs,6,1
1782283050,tc-26-8-1-2-1-1-1,msc-test-stub-5b875d749d-v48d2,2,16
1782283050,tc-26-8-1-2-1-1-1,osmo-bsc-594654bd47-7l68h,1,5
1782283050,tc-26-8-1-2-1-1-1,osmo-bts-virtual-5f8b9b86fc-6vtkt,31,5
1782283050,tc-26-8-1-2-1-1-1,osmo-hlr-546bdb8988-dv26d,1,2
1782283050,tc-26-8-1-2-1-1-1,osmo-mgw-8c8fc67d6-s49xd,1,2
1782283050,tc-26-8-1-2-1-1-1,osmo-mobile-5976fc576b-wkx2z,3,33
1782283050,tc-26-8-1-2-1-1-1,osmo-stp-768687f494-sjcjh,1,2
1782283050,tc-26-8-1-2-1-1-1,ttcn3-tc-26-8-1-2-1-1-1-t5zcn,1,6
1782283050,tc-26-8-1-2-1-1-1,virtphy-7798ff9c7-btctw,5,1
1782283050,tc-26-8-1-3-3-1-7,msc-test-stub-5b875d749d-nh4pl,1,16
1782283050,tc-26-8-1-3-3-1-7,osmo-bsc-594654bd47-wcjc5,1,5
1782283050,tc-26-8-1-3-3-1-7,osmo-bts-virtual-5f8b9b86fc-sjf5l,29,5
1782283050,tc-26-8-1-3-3-1-7,osmo-hlr-546bdb8988-kt455,1,2
1782283050,tc-26-8-1-3-3-1-7,osmo-mgw-8c8fc67d6-82hsl,1,2
1782283050,tc-26-8-1-3-3-1-7,osmo-mobile-6bccfdc6b7-47qzz,3,33
1782283050,tc-26-8-1-3-3-1-7,osmo-stp-768687f494-6b54s,1,2
1782283050,tc-26-8-1-3-3-1-7,ttcn3-tc-26-8-1-3-3-1-1-h2n85,1,6
1782283050,tc-26-8-1-3-3-1-7,virtphy-5c84574666-b9cr2,6,1
1782283050,tc-26-8-1-3-4-6-6,msc-test-stub-5b875d749d-zd9kr,1,16
1782283050,tc-26-8-1-3-4-6-6,osmo-bsc-594654bd47-sq9jn,1,5
1782283050,tc-26-8-1-3-4-6-6,osmo-bts-virtual-5f8b9b86fc-vq9ct,27,7
1782283050,tc-26-8-1-3-4-6-6,osmo-hlr-546bdb8988-thwg2,1,6
1782283050,tc-26-8-1-3-4-6-6,osmo-mgw-8c8fc67d6-qhtng,1,4
1782283050,tc-26-8-1-3-4-6-6,osmo-mobile-69b4658d4b-ph2md,2,60
1782283050,tc-26-8-1-3-4-6-6,osmo-stp-768687f494-rdztz,1,2
1782283050,tc-26-8-1-3-4-6-6,ttcn3-tc-26-8-1-3-4-6-1-czpd6,6,16
1782283050,tc-26-8-1-3-4-6-6,virtphy-65f469bd7-gplgh,7,2
1782283052,kube-system,coredns-c4dbffb5f-p9rsr,3,28
1782283052,kube-system,local-path-provisioner-5c4dc5d66d-nfqxz,1,15
1782283052,kube-system,metrics-server-786d997795-hcp2m,10,45
1782283052,kube-system,svclb-traefik-1100f998-kpm9h,0,0
1782283052,kube-system,traefik-9bcdbbd9-qtpjt,1,36
1782283052,tc-26-6-11-1-9,msc-test-stub-5b875d749d-mx9h8,1,16
1782283052,tc-26-6-11-1-9,osmo-bsc-594654bd47-22w8h,1,5
1782283052,tc-26-6-11-1-9,osmo-bts-virtual-5f8b9b86fc-98h4z,31,5
1782283052,tc-26-6-11-1-9,osmo-hlr-546bdb8988-mbk5k,1,2
1782283052,tc-26-6-11-1-9,osmo-mgw-8c8fc67d6-95rkp,1,2
1782283052,tc-26-6-11-1-9,osmo-mobile-654dfdc996-rvbm9,3,33
1782283052,tc-26-6-11-1-9,osmo-stp-768687f494-b2r4v,1,2
1782283052,tc-26-6-11-1-9,ttcn3-tc-26-6-11-1-1-vk89h,0,11
1782283052,tc-26-6-11-1-9,virtphy-7dc46555f-httmn,6,1
1782283052,tc-26-6-2-1-1-10,msc-test-stub-5b875d749d-sf5nr,2,16
1782283052,tc-26-6-2-1-1-10,osmo-bsc-594654bd47-lgm95,1,5
1782283052,tc-26-6-2-1-1-10,osmo-bts-virtual-5f8b9b86fc-lz8v5,31,5
1782283052,tc-26-6-2-1-1-10,osmo-hlr-546bdb8988-gjv5l,1,2
1782283052,tc-26-6-2-1-1-10,osmo-mgw-8c8fc67d6-t5sth,1,2
1782283052,tc-26-6-2-1-1-10,osmo-mobile-587bd5b846-btmbs,2,33
1782283052,tc-26-6-2-1-1-10,osmo-stp-768687f494-pq8rn,1,2
1782283052,tc-26-6-2-1-1-10,ttcn3-tc-26-6-2-1-1-1-lkbnz,1,8
1782283052,tc-26-6-2-1-1-10,virtphy-96dd7697f-dbfnf,6,1
1782283052,tc-26-6-2-4-8,msc-test-stub-5b875d749d-xvhpf,1,16
1782283052,tc-26-6-2-4-8,osmo-bsc-594654bd47-msv6c,1,5
1782283052,tc-26-6-2-4-8,osmo-bts-virtual-5f8b9b86fc-g8mvt,29,5
1782283052,tc-26-6-2-4-8,osmo-hlr-546bdb8988-8gkbl,1,2
1782283052,tc-26-6-2-4-8,osmo-mgw-8c8fc67d6-n8kkk,1,2
1782283052,tc-26-6-2-4-8,osmo-mobile-67b9dc6556-l7d2s,4,33
1782283052,tc-26-6-2-4-8,osmo-stp-768687f494-ncn4x,1,2
1782283052,tc-26-6-2-4-8,ttcn3-tc-26-6-2-4-1-f9g9d,11,6
1782283052,tc-26-6-2-4-8,virtphy-7f5dbd568c-wpbgd,6,1
1782283052,tc-26-6-8-2-2,msc-test-stub-5b875d749d-kcsvh,1,22
1782283052,tc-26-6-8-2-2,osmo-bsc-594654bd47-tkgsl,1,7
1782283052,tc-26-6-8-2-2,osmo-bts-virtual-5f8b9b86fc-qmlq8,26,5
1782283052,tc-26-6-8-2-2,osmo-hlr-546bdb8988-rctw6,1,2
1782283052,tc-26-6-8-2-2,osmo-mgw-8c8fc67d6-ghvzw,1,4
1782283052,tc-26-6-8-2-2,osmo-mobile-6cf757f4bb-jmfpr,3,43
1782283052,tc-26-6-8-2-2,osmo-stp-768687f494-sqt65,1,6
1782283052,tc-26-6-8-2-2,ttcn3-tc-26-6-8-2-1-cx9pr,1,15
1782283052,tc-26-6-8-2-2,virtphy-fc8dddd4c-4r9tc,6,1
1782283052,tc-26-7-2-1-4,msc-test-stub-5b875d749d-f4nnq,1,16
1782283052,tc-26-7-2-1-4,osmo-bsc-594654bd47-l6cj2,1,5
1782283052,tc-26-7-2-1-4,osmo-bts-virtual-5f8b9b86fc-kzkkp,29,5
1782283052,tc-26-7-2-1-4,osmo-hlr-546bdb8988-kllvn,1,2
1782283052,tc-26-7-2-1-4,osmo-mgw-8c8fc67d6-v4v28,1,2
1782283052,tc-26-7-2-1-4,osmo-mobile-64dcc87988-r4bxs,4,36
1782283052,tc-26-7-2-1-4,osmo-stp-768687f494-t9pm5,1,2
1782283052,tc-26-7-2-1-4,virtphy-6f8b6f6885-hg7cs,6,1
1782283052,tc-26-7-2-2-3,msc-test-stub-5b875d749d-2k5jx,3,16
1782283052,tc-26-7-2-2-3,osmo-bsc-594654bd47-bjbll,1,5
1782283052,tc-26-7-2-2-3,osmo-bts-virtual-5f8b9b86fc-dj9j7,30,5
1782283052,tc-26-7-2-2-3,osmo-hlr-546bdb8988-q5xcs,1,2
1782283052,tc-26-7-2-2-3,osmo-mgw-8c8fc67d6-w7mb7,1,2
1782283052,tc-26-7-2-2-3,osmo-mobile-65b5958d7b-nd7wr,4,36
1782283052,tc-26-7-2-2-3,osmo-stp-768687f494-x889n,1,2
1782283052,tc-26-7-2-2-3,virtphy-669796d86c-dl9dt,6,1
1782283052,tc-26-7-4-1-11,msc-test-stub-5b875d749d-nf4fk,1,16
1782283052,tc-26-7-4-1-11,osmo-bsc-594654bd47-qlrkz,1,5
1782283052,tc-26-7-4-1-11,osmo-bts-virtual-5f8b9b86fc-ksxp2,30,5
1782283052,tc-26-7-4-1-11,osmo-hlr-546bdb8988-m7slh,1,2
1782283052,tc-26-7-4-1-11,osmo-mgw-8c8fc67d6-blwgc,1,2
1782283052,tc-26-7-4-1-11,osmo-mobile-57ffcc5b84-bcb6v,4,33
1782283052,tc-26-7-4-1-11,osmo-stp-768687f494-cdvls,1,2
1782283052,tc-26-7-4-1-11,ttcn3-tc-26-7-4-1-1-vfwzt,11,6
1782283052,tc-26-7-4-1-11,virtphy-689cb88f6c-lpfmk,6,1
1782283052,tc-26-7-5-3-12,msc-test-stub-5b875d749d-9xvl9,2,16
1782283052,tc-26-7-5-3-12,osmo-bsc-594654bd47-b8kpq,1,5
1782283052,tc-26-7-5-3-12,osmo-bts-virtual-5f8b9b86fc-wl7k2,30,5
1782283052,tc-26-7-5-3-12,osmo-hlr-546bdb8988-d6l2s,1,2
1782283052,tc-26-7-5-3-12,osmo-mgw-8c8fc67d6-xp48l,1,2
1782283052,tc-26-7-5-3-12,osmo-mobile-79c8f8bc4b-mc6jq,3,36
1782283052,tc-26-7-5-3-12,osmo-stp-768687f494-2nqzv,1,2
1782283052,tc-26-7-5-3-12,virtphy-56cc7fd87-gnrrq,6,1
1782283052,tc-26-7-5-6-5,msc-test-stub-5b875d749d-sq5zl,1,16
1782283052,tc-26-7-5-6-5,osmo-bsc-594654bd47-qwxkf,1,5
1782283052,tc-26-7-5-6-5,osmo-bts-virtual-5f8b9b86fc-wfjwc,29,5
1782283052,tc-26-7-5-6-5,osmo-hlr-546bdb8988-76xzt,1,2
1782283052,tc-26-7-5-6-5,osmo-mgw-8c8fc67d6-t8q8x,1,2
1782283052,tc-26-7-5-6-5,osmo-mobile-6b9545c69c-t2mvr,3,33
1782283052,tc-26-7-5-6-5,osmo-stp-768687f494-gwqpr,1,2
1782283052,tc-26-7-5-6-5,ttcn3-tc-26-7-5-6-1-p6rcf,1,6
1782283052,tc-26-7-5-6-5,virtphy-5fc5689b8-jn7vs,6,1
1782283052,tc-26-8-1-2-1-1-1,msc-test-stub-5b875d749d-v48d2,2,16
1782283052,tc-26-8-1-2-1-1-1,osmo-bsc-594654bd47-7l68h,1,5
1782283052,tc-26-8-1-2-1-1-1,osmo-bts-virtual-5f8b9b86fc-6vtkt,31,5
1782283052,tc-26-8-1-2-1-1-1,osmo-hlr-546bdb8988-dv26d,1,2
1782283052,tc-26-8-1-2-1-1-1,osmo-mgw-8c8fc67d6-s49xd,1,2
1782283052,tc-26-8-1-2-1-1-1,osmo-mobile-5976fc576b-wkx2z,3,33
1782283052,tc-26-8-1-2-1-1-1,osmo-stp-768687f494-sjcjh,1,2
1782283052,tc-26-8-1-2-1-1-1,ttcn3-tc-26-8-1-2-1-1-1-t5zcn,1,6
1782283052,tc-26-8-1-2-1-1-1,virtphy-7798ff9c7-btctw,5,1
1782283052,tc-26-8-1-3-3-1-7,msc-test-stub-5b875d749d-nh4pl,1,16
1782283052,tc-26-8-1-3-3-1-7,osmo-bsc-594654bd47-wcjc5,1,5
1782283052,tc-26-8-1-3-3-1-7,osmo-bts-virtual-5f8b9b86fc-sjf5l,29,5
1782283052,tc-26-8-1-3-3-1-7,osmo-hlr-546bdb8988-kt455,1,2
1782283052,tc-26-8-1-3-3-1-7,osmo-mgw-8c8fc67d6-82hsl,1,2
1782283052,tc-26-8-1-3-3-1-7,osmo-mobile-6bccfdc6b7-47qzz,3,33
1782283052,tc-26-8-1-3-3-1-7,osmo-stp-768687f494-6b54s,1,2
1782283052,tc-26-8-1-3-3-1-7,ttcn3-tc-26-8-1-3-3-1-1-h2n85,1,6
1782283052,tc-26-8-1-3-3-1-7,virtphy-5c84574666-b9cr2,6,1
1782283052,tc-26-8-1-3-4-6-6,msc-test-stub-5b875d749d-zd9kr,1,16
1782283052,tc-26-8-1-3-4-6-6,osmo-bsc-594654bd47-sq9jn,1,5
1782283052,tc-26-8-1-3-4-6-6,osmo-bts-virtual-5f8b9b86fc-vq9ct,27,7
1782283052,tc-26-8-1-3-4-6-6,osmo-hlr-546bdb8988-thwg2,1,6
1782283052,tc-26-8-1-3-4-6-6,osmo-mgw-8c8fc67d6-qhtng,1,4
1782283052,tc-26-8-1-3-4-6-6,osmo-mobile-69b4658d4b-ph2md,2,60
1782283052,tc-26-8-1-3-4-6-6,osmo-stp-768687f494-rdztz,1,2
1782283052,tc-26-8-1-3-4-6-6,ttcn3-tc-26-8-1-3-4-6-1-czpd6,6,16
1782283052,tc-26-8-1-3-4-6-6,virtphy-65f469bd7-gplgh,7,2
1782283055,kube-system,coredns-c4dbffb5f-p9rsr,3,28
1782283055,kube-system,local-path-provisioner-5c4dc5d66d-nfqxz,1,15
1782283055,kube-system,metrics-server-786d997795-hcp2m,10,45
1782283055,kube-system,svclb-traefik-1100f998-kpm9h,0,0
1782283055,kube-system,traefik-9bcdbbd9-qtpjt,1,36
1782283055,tc-26-6-11-1-9,msc-test-stub-5b875d749d-mx9h8,1,16
1782283055,tc-26-6-11-1-9,osmo-bsc-594654bd47-22w8h,1,5
1782283055,tc-26-6-11-1-9,osmo-bts-virtual-5f8b9b86fc-98h4z,31,5
1782283055,tc-26-6-11-1-9,osmo-hlr-546bdb8988-mbk5k,1,2
1782283055,tc-26-6-11-1-9,osmo-mgw-8c8fc67d6-95rkp,1,2
1782283055,tc-26-6-11-1-9,osmo-mobile-654dfdc996-rvbm9,3,33
1782283055,tc-26-6-11-1-9,osmo-stp-768687f494-b2r4v,1,2
1782283055,tc-26-6-11-1-9,ttcn3-tc-26-6-11-1-1-vk89h,0,11
1782283055,tc-26-6-11-1-9,virtphy-7dc46555f-httmn,6,1
1782283055,tc-26-6-2-1-1-10,msc-test-stub-5b875d749d-sf5nr,2,16
1782283055,tc-26-6-2-1-1-10,osmo-bsc-594654bd47-lgm95,1,5
1782283055,tc-26-6-2-1-1-10,osmo-bts-virtual-5f8b9b86fc-lz8v5,31,5
1782283055,tc-26-6-2-1-1-10,osmo-hlr-546bdb8988-gjv5l,1,2
1782283055,tc-26-6-2-1-1-10,osmo-mgw-8c8fc67d6-t5sth,1,2
1782283055,tc-26-6-2-1-1-10,osmo-mobile-587bd5b846-btmbs,2,33
1782283055,tc-26-6-2-1-1-10,osmo-stp-768687f494-pq8rn,1,2
1782283055,tc-26-6-2-1-1-10,ttcn3-tc-26-6-2-1-1-1-lkbnz,1,8
1782283055,tc-26-6-2-1-1-10,virtphy-96dd7697f-dbfnf,6,1
1782283055,tc-26-6-2-4-8,msc-test-stub-5b875d749d-xvhpf,1,16
1782283055,tc-26-6-2-4-8,osmo-bsc-594654bd47-msv6c,1,5
1782283055,tc-26-6-2-4-8,osmo-bts-virtual-5f8b9b86fc-g8mvt,29,5
1782283055,tc-26-6-2-4-8,osmo-hlr-546bdb8988-8gkbl,1,2
1782283055,tc-26-6-2-4-8,osmo-mgw-8c8fc67d6-n8kkk,1,2
1782283055,tc-26-6-2-4-8,osmo-mobile-67b9dc6556-l7d2s,4,33
1782283055,tc-26-6-2-4-8,osmo-stp-768687f494-ncn4x,1,2
1782283055,tc-26-6-2-4-8,ttcn3-tc-26-6-2-4-1-f9g9d,11,6
1782283055,tc-26-6-2-4-8,virtphy-7f5dbd568c-wpbgd,6,1
1782283055,tc-26-6-8-2-2,msc-test-stub-5b875d749d-kcsvh,1,22
1782283055,tc-26-6-8-2-2,osmo-bsc-594654bd47-tkgsl,1,7
1782283055,tc-26-6-8-2-2,osmo-bts-virtual-5f8b9b86fc-qmlq8,26,5
1782283055,tc-26-6-8-2-2,osmo-hlr-546bdb8988-rctw6,1,2
1782283055,tc-26-6-8-2-2,osmo-mgw-8c8fc67d6-ghvzw,1,4
1782283055,tc-26-6-8-2-2,osmo-mobile-6cf757f4bb-jmfpr,3,43
1782283055,tc-26-6-8-2-2,osmo-stp-768687f494-sqt65,1,6
1782283055,tc-26-6-8-2-2,ttcn3-tc-26-6-8-2-1-cx9pr,1,15
1782283055,tc-26-6-8-2-2,virtphy-fc8dddd4c-4r9tc,6,1
1782283055,tc-26-7-2-1-4,msc-test-stub-5b875d749d-f4nnq,1,16
1782283055,tc-26-7-2-1-4,osmo-bsc-594654bd47-l6cj2,1,5
1782283055,tc-26-7-2-1-4,osmo-bts-virtual-5f8b9b86fc-kzkkp,29,5
1782283055,tc-26-7-2-1-4,osmo-hlr-546bdb8988-kllvn,1,2
1782283055,tc-26-7-2-1-4,osmo-mgw-8c8fc67d6-v4v28,1,2
1782283055,tc-26-7-2-1-4,osmo-mobile-64dcc87988-r4bxs,4,36
1782283055,tc-26-7-2-1-4,osmo-stp-768687f494-t9pm5,1,2
1782283055,tc-26-7-2-1-4,virtphy-6f8b6f6885-hg7cs,6,1
1782283055,tc-26-7-2-2-3,msc-test-stub-5b875d749d-2k5jx,3,16
1782283055,tc-26-7-2-2-3,osmo-bsc-594654bd47-bjbll,1,5
1782283055,tc-26-7-2-2-3,osmo-bts-virtual-5f8b9b86fc-dj9j7,30,5
1782283055,tc-26-7-2-2-3,osmo-hlr-546bdb8988-q5xcs,1,2
1782283055,tc-26-7-2-2-3,osmo-mgw-8c8fc67d6-w7mb7,1,2
1782283055,tc-26-7-2-2-3,osmo-mobile-65b5958d7b-nd7wr,4,36
1782283055,tc-26-7-2-2-3,osmo-stp-768687f494-x889n,1,2
1782283055,tc-26-7-2-2-3,virtphy-669796d86c-dl9dt,6,1
1782283055,tc-26-7-4-1-11,msc-test-stub-5b875d749d-nf4fk,1,16
1782283055,tc-26-7-4-1-11,osmo-bsc-594654bd47-qlrkz,1,5
1782283055,tc-26-7-4-1-11,osmo-bts-virtual-5f8b9b86fc-ksxp2,30,5
1782283055,tc-26-7-4-1-11,osmo-hlr-546bdb8988-m7slh,1,2
1782283055,tc-26-7-4-1-11,osmo-mgw-8c8fc67d6-blwgc,1,2
1782283055,tc-26-7-4-1-11,osmo-mobile-57ffcc5b84-bcb6v,4,33
1782283055,tc-26-7-4-1-11,osmo-stp-768687f494-cdvls,1,2
1782283055,tc-26-7-4-1-11,ttcn3-tc-26-7-4-1-1-vfwzt,11,6
1782283055,tc-26-7-4-1-11,virtphy-689cb88f6c-lpfmk,6,1
1782283055,tc-26-7-5-3-12,msc-test-stub-5b875d749d-9xvl9,2,16
1782283055,tc-26-7-5-3-12,osmo-bsc-594654bd47-b8kpq,1,5
1782283055,tc-26-7-5-3-12,osmo-bts-virtual-5f8b9b86fc-wl7k2,30,5
1782283055,tc-26-7-5-3-12,osmo-hlr-546bdb8988-d6l2s,1,2
1782283055,tc-26-7-5-3-12,osmo-mgw-8c8fc67d6-xp48l,1,2
1782283055,tc-26-7-5-3-12,osmo-mobile-79c8f8bc4b-mc6jq,3,36
1782283055,tc-26-7-5-3-12,osmo-stp-768687f494-2nqzv,1,2
1782283055,tc-26-7-5-3-12,virtphy-56cc7fd87-gnrrq,6,1
1782283055,tc-26-7-5-6-5,msc-test-stub-5b875d749d-sq5zl,1,16
1782283055,tc-26-7-5-6-5,osmo-bsc-594654bd47-qwxkf,1,5
1782283055,tc-26-7-5-6-5,osmo-bts-virtual-5f8b9b86fc-wfjwc,29,5
1782283055,tc-26-7-5-6-5,osmo-hlr-546bdb8988-76xzt,1,2
1782283055,tc-26-7-5-6-5,osmo-mgw-8c8fc67d6-t8q8x,1,2
1782283055,tc-26-7-5-6-5,osmo-mobile-6b9545c69c-t2mvr,3,33
1782283055,tc-26-7-5-6-5,osmo-stp-768687f494-gwqpr,1,2
1782283055,tc-26-7-5-6-5,ttcn3-tc-26-7-5-6-1-p6rcf,1,6
1782283055,tc-26-7-5-6-5,virtphy-5fc5689b8-jn7vs,6,1
1782283055,tc-26-8-1-2-1-1-1,msc-test-stub-5b875d749d-v48d2,2,16
1782283055,tc-26-8-1-2-1-1-1,osmo-bsc-594654bd47-7l68h,1,5
1782283055,tc-26-8-1-2-1-1-1,osmo-bts-virtual-5f8b9b86fc-6vtkt,31,5
1782283055,tc-26-8-1-2-1-1-1,osmo-hlr-546bdb8988-dv26d,1,2
1782283055,tc-26-8-1-2-1-1-1,osmo-mgw-8c8fc67d6-s49xd,1,2
1782283055,tc-26-8-1-2-1-1-1,osmo-mobile-5976fc576b-wkx2z,3,33
1782283055,tc-26-8-1-2-1-1-1,osmo-stp-768687f494-sjcjh,1,2
1782283055,tc-26-8-1-2-1-1-1,ttcn3-tc-26-8-1-2-1-1-1-t5zcn,1,6
1782283055,tc-26-8-1-2-1-1-1,virtphy-7798ff9c7-btctw,5,1
1782283055,tc-26-8-1-3-3-1-7,msc-test-stub-5b875d749d-nh4pl,1,16
1782283055,tc-26-8-1-3-3-1-7,osmo-bsc-594654bd47-wcjc5,1,5
1782283055,tc-26-8-1-3-3-1-7,osmo-bts-virtual-5f8b9b86fc-sjf5l,29,5
1782283055,tc-26-8-1-3-3-1-7,osmo-hlr-546bdb8988-kt455,1,2
1782283055,tc-26-8-1-3-3-1-7,osmo-mgw-8c8fc67d6-82hsl,1,2
1782283055,tc-26-8-1-3-3-1-7,osmo-mobile-6bccfdc6b7-47qzz,3,33
1782283055,tc-26-8-1-3-3-1-7,osmo-stp-768687f494-6b54s,1,2
1782283055,tc-26-8-1-3-3-1-7,ttcn3-tc-26-8-1-3-3-1-1-h2n85,1,6
1782283055,tc-26-8-1-3-3-1-7,virtphy-5c84574666-b9cr2,6,1
1782283055,tc-26-8-1-3-4-6-6,msc-test-stub-5b875d749d-zd9kr,1,16
1782283055,tc-26-8-1-3-4-6-6,osmo-bsc-594654bd47-sq9jn,1,5
1782283055,tc-26-8-1-3-4-6-6,osmo-bts-virtual-5f8b9b86fc-vq9ct,27,7
1782283055,tc-26-8-1-3-4-6-6,osmo-hlr-546bdb8988-thwg2,1,6
1782283055,tc-26-8-1-3-4-6-6,osmo-mgw-8c8fc67d6-qhtng,1,4
1782283055,tc-26-8-1-3-4-6-6,osmo-mobile-69b4658d4b-ph2md,2,60
1782283055,tc-26-8-1-3-4-6-6,osmo-stp-768687f494-rdztz,1,2
1782283055,tc-26-8-1-3-4-6-6,ttcn3-tc-26-8-1-3-4-6-1-czpd6,6,16
1782283055,tc-26-8-1-3-4-6-6,virtphy-65f469bd7-gplgh,7,2
1782283057,kube-system,coredns-c4dbffb5f-p9rsr,3,28
1782283057,kube-system,local-path-provisioner-5c4dc5d66d-nfqxz,1,15
1782283057,kube-system,metrics-server-786d997795-hcp2m,10,45
1782283057,kube-system,svclb-traefik-1100f998-kpm9h,0,0
1782283057,kube-system,traefik-9bcdbbd9-qtpjt,1,36
1782283057,tc-26-6-11-1-9,msc-test-stub-5b875d749d-mx9h8,1,16
1782283057,tc-26-6-11-1-9,osmo-bsc-594654bd47-22w8h,1,5
1782283057,tc-26-6-11-1-9,osmo-bts-virtual-5f8b9b86fc-98h4z,31,5
1782283057,tc-26-6-11-1-9,osmo-hlr-546bdb8988-mbk5k,1,2
1782283057,tc-26-6-11-1-9,osmo-mgw-8c8fc67d6-95rkp,1,2
1782283057,tc-26-6-11-1-9,osmo-mobile-654dfdc996-rvbm9,3,33
1782283057,tc-26-6-11-1-9,osmo-stp-768687f494-b2r4v,1,2
1782283057,tc-26-6-11-1-9,ttcn3-tc-26-6-11-1-1-vk89h,0,11
1782283057,tc-26-6-11-1-9,virtphy-7dc46555f-httmn,6,1
1782283057,tc-26-6-2-1-1-10,msc-test-stub-5b875d749d-sf5nr,2,16
1782283057,tc-26-6-2-1-1-10,osmo-bsc-594654bd47-lgm95,1,5
1782283057,tc-26-6-2-1-1-10,osmo-bts-virtual-5f8b9b86fc-lz8v5,31,5
1782283057,tc-26-6-2-1-1-10,osmo-hlr-546bdb8988-gjv5l,1,2
1782283057,tc-26-6-2-1-1-10,osmo-mgw-8c8fc67d6-t5sth,1,2
1782283057,tc-26-6-2-1-1-10,osmo-mobile-587bd5b846-btmbs,2,33
1782283057,tc-26-6-2-1-1-10,osmo-stp-768687f494-pq8rn,1,2
1782283057,tc-26-6-2-1-1-10,ttcn3-tc-26-6-2-1-1-1-lkbnz,1,8
1782283057,tc-26-6-2-1-1-10,virtphy-96dd7697f-dbfnf,6,1
1782283057,tc-26-6-2-4-8,msc-test-stub-5b875d749d-xvhpf,1,16
1782283057,tc-26-6-2-4-8,osmo-bsc-594654bd47-msv6c,1,5
1782283057,tc-26-6-2-4-8,osmo-bts-virtual-5f8b9b86fc-g8mvt,29,5
1782283057,tc-26-6-2-4-8,osmo-hlr-546bdb8988-8gkbl,1,2
1782283057,tc-26-6-2-4-8,osmo-mgw-8c8fc67d6-n8kkk,1,2
1782283057,tc-26-6-2-4-8,osmo-mobile-67b9dc6556-l7d2s,4,33
1782283057,tc-26-6-2-4-8,osmo-stp-768687f494-ncn4x,1,2
1782283057,tc-26-6-2-4-8,ttcn3-tc-26-6-2-4-1-f9g9d,11,6
1782283057,tc-26-6-2-4-8,virtphy-7f5dbd568c-wpbgd,6,1
1782283057,tc-26-6-8-2-2,msc-test-stub-5b875d749d-kcsvh,1,22
1782283057,tc-26-6-8-2-2,osmo-bsc-594654bd47-tkgsl,1,7
1782283057,tc-26-6-8-2-2,osmo-bts-virtual-5f8b9b86fc-qmlq8,26,5
1782283057,tc-26-6-8-2-2,osmo-hlr-546bdb8988-rctw6,1,2
1782283057,tc-26-6-8-2-2,osmo-mgw-8c8fc67d6-ghvzw,1,4
1782283057,tc-26-6-8-2-2,osmo-mobile-6cf757f4bb-jmfpr,3,43
1782283057,tc-26-6-8-2-2,osmo-stp-768687f494-sqt65,1,6
1782283057,tc-26-6-8-2-2,ttcn3-tc-26-6-8-2-1-cx9pr,1,15
1782283057,tc-26-6-8-2-2,virtphy-fc8dddd4c-4r9tc,6,1
1782283057,tc-26-7-2-1-4,msc-test-stub-5b875d749d-f4nnq,1,16
1782283057,tc-26-7-2-1-4,osmo-bsc-594654bd47-l6cj2,1,5
1782283057,tc-26-7-2-1-4,osmo-bts-virtual-5f8b9b86fc-kzkkp,29,5
1782283057,tc-26-7-2-1-4,osmo-hlr-546bdb8988-kllvn,1,2
1782283057,tc-26-7-2-1-4,osmo-mgw-8c8fc67d6-v4v28,1,2
1782283057,tc-26-7-2-1-4,osmo-mobile-64dcc87988-r4bxs,4,36
1782283057,tc-26-7-2-1-4,osmo-stp-768687f494-t9pm5,1,2
1782283057,tc-26-7-2-1-4,virtphy-6f8b6f6885-hg7cs,6,1
1782283057,tc-26-7-2-2-3,msc-test-stub-5b875d749d-2k5jx,3,16
1782283057,tc-26-7-2-2-3,osmo-bsc-594654bd47-bjbll,1,5
1782283057,tc-26-7-2-2-3,osmo-bts-virtual-5f8b9b86fc-dj9j7,30,5
1782283057,tc-26-7-2-2-3,osmo-hlr-546bdb8988-q5xcs,1,2
1782283057,tc-26-7-2-2-3,osmo-mgw-8c8fc67d6-w7mb7,1,2
1782283057,tc-26-7-2-2-3,osmo-mobile-65b5958d7b-nd7wr,4,36
1782283057,tc-26-7-2-2-3,osmo-stp-768687f494-x889n,1,2
1782283057,tc-26-7-2-2-3,virtphy-669796d86c-dl9dt,6,1
1782283057,tc-26-7-4-1-11,msc-test-stub-5b875d749d-nf4fk,1,16
1782283057,tc-26-7-4-1-11,osmo-bsc-594654bd47-qlrkz,1,5
1782283057,tc-26-7-4-1-11,osmo-bts-virtual-5f8b9b86fc-ksxp2,30,5
1782283057,tc-26-7-4-1-11,osmo-hlr-546bdb8988-m7slh,1,2
1782283057,tc-26-7-4-1-11,osmo-mgw-8c8fc67d6-blwgc,1,2
1782283057,tc-26-7-4-1-11,osmo-mobile-57ffcc5b84-bcb6v,4,33
1782283057,tc-26-7-4-1-11,osmo-stp-768687f494-cdvls,1,2
1782283057,tc-26-7-4-1-11,ttcn3-tc-26-7-4-1-1-vfwzt,11,6
1782283057,tc-26-7-4-1-11,virtphy-689cb88f6c-lpfmk,6,1
1782283057,tc-26-7-5-3-12,msc-test-stub-5b875d749d-9xvl9,2,16
1782283057,tc-26-7-5-3-12,osmo-bsc-594654bd47-b8kpq,1,5
1782283057,tc-26-7-5-3-12,osmo-bts-virtual-5f8b9b86fc-wl7k2,30,5
1782283057,tc-26-7-5-3-12,osmo-hlr-546bdb8988-d6l2s,1,2
1782283057,tc-26-7-5-3-12,osmo-mgw-8c8fc67d6-xp48l,1,2
1782283057,tc-26-7-5-3-12,osmo-mobile-79c8f8bc4b-mc6jq,3,36
1782283057,tc-26-7-5-3-12,osmo-stp-768687f494-2nqzv,1,2
1782283057,tc-26-7-5-3-12,virtphy-56cc7fd87-gnrrq,6,1
1782283057,tc-26-7-5-6-5,msc-test-stub-5b875d749d-sq5zl,1,16
1782283057,tc-26-7-5-6-5,osmo-bsc-594654bd47-qwxkf,1,5
1782283057,tc-26-7-5-6-5,osmo-bts-virtual-5f8b9b86fc-wfjwc,29,5
1782283057,tc-26-7-5-6-5,osmo-hlr-546bdb8988-76xzt,1,2
1782283057,tc-26-7-5-6-5,osmo-mgw-8c8fc67d6-t8q8x,1,2
1782283057,tc-26-7-5-6-5,osmo-mobile-6b9545c69c-t2mvr,3,33
1782283057,tc-26-7-5-6-5,osmo-stp-768687f494-gwqpr,1,2
1782283057,tc-26-7-5-6-5,ttcn3-tc-26-7-5-6-1-p6rcf,1,6
1782283057,tc-26-7-5-6-5,virtphy-5fc5689b8-jn7vs,6,1
1782283057,tc-26-8-1-2-1-1-1,msc-test-stub-5b875d749d-v48d2,2,16
1782283057,tc-26-8-1-2-1-1-1,osmo-bsc-594654bd47-7l68h,1,5
1782283057,tc-26-8-1-2-1-1-1,osmo-bts-virtual-5f8b9b86fc-6vtkt,31,5
1782283057,tc-26-8-1-2-1-1-1,osmo-hlr-546bdb8988-dv26d,1,2
1782283057,tc-26-8-1-2-1-1-1,osmo-mgw-8c8fc67d6-s49xd,1,2
1782283057,tc-26-8-1-2-1-1-1,osmo-mobile-5976fc576b-wkx2z,3,33
1782283057,tc-26-8-1-2-1-1-1,osmo-stp-768687f494-sjcjh,1,2
1782283057,tc-26-8-1-2-1-1-1,ttcn3-tc-26-8-1-2-1-1-1-t5zcn,1,6
1782283057,tc-26-8-1-2-1-1-1,virtphy-7798ff9c7-btctw,5,1
1782283057,tc-26-8-1-3-3-1-7,msc-test-stub-5b875d749d-nh4pl,1,16
1782283057,tc-26-8-1-3-3-1-7,osmo-bsc-594654bd47-wcjc5,1,5
1782283057,tc-26-8-1-3-3-1-7,osmo-bts-virtual-5f8b9b86fc-sjf5l,29,5
1782283057,tc-26-8-1-3-3-1-7,osmo-hlr-546bdb8988-kt455,1,2
1782283057,tc-26-8-1-3-3-1-7,osmo-mgw-8c8fc67d6-82hsl,1,2
1782283057,tc-26-8-1-3-3-1-7,osmo-mobile-6bccfdc6b7-47qzz,3,33
1782283057,tc-26-8-1-3-3-1-7,osmo-stp-768687f494-6b54s,1,2
1782283057,tc-26-8-1-3-3-1-7,ttcn3-tc-26-8-1-3-3-1-1-h2n85,1,6
1782283057,tc-26-8-1-3-3-1-7,virtphy-5c84574666-b9cr2,6,1
1782283057,tc-26-8-1-3-4-6-6,msc-test-stub-5b875d749d-zd9kr,1,16
1782283057,tc-26-8-1-3-4-6-6,osmo-bsc-594654bd47-sq9jn,1,5
1782283057,tc-26-8-1-3-4-6-6,osmo-bts-virtual-5f8b9b86fc-vq9ct,27,7
1782283057,tc-26-8-1-3-4-6-6,osmo-hlr-546bdb8988-thwg2,1,6
1782283057,tc-26-8-1-3-4-6-6,osmo-mgw-8c8fc67d6-qhtng,1,4
1782283057,tc-26-8-1-3-4-6-6,osmo-mobile-69b4658d4b-ph2md,2,60
1782283057,tc-26-8-1-3-4-6-6,osmo-stp-768687f494-rdztz,1,2
1782283057,tc-26-8-1-3-4-6-6,ttcn3-tc-26-8-1-3-4-6-1-czpd6,6,16
1782283057,tc-26-8-1-3-4-6-6,virtphy-65f469bd7-gplgh,7,2
1782283059,kube-system,coredns-c4dbffb5f-p9rsr,3,28
1782283059,kube-system,local-path-provisioner-5c4dc5d66d-nfqxz,1,15
1782283059,kube-system,metrics-server-786d997795-hcp2m,10,45
1782283059,kube-system,svclb-traefik-1100f998-kpm9h,0,0
1782283059,kube-system,traefik-9bcdbbd9-qtpjt,1,36
1782283059,tc-26-6-11-1-9,msc-test-stub-5b875d749d-mx9h8,1,16
1782283059,tc-26-6-11-1-9,osmo-bsc-594654bd47-22w8h,1,5
1782283059,tc-26-6-11-1-9,osmo-bts-virtual-5f8b9b86fc-98h4z,31,5
1782283059,tc-26-6-11-1-9,osmo-hlr-546bdb8988-mbk5k,1,2
1782283059,tc-26-6-11-1-9,osmo-mgw-8c8fc67d6-95rkp,1,2
1782283059,tc-26-6-11-1-9,osmo-mobile-654dfdc996-rvbm9,3,33
1782283059,tc-26-6-11-1-9,osmo-stp-768687f494-b2r4v,1,2
1782283059,tc-26-6-11-1-9,ttcn3-tc-26-6-11-1-1-vk89h,0,11
1782283059,tc-26-6-11-1-9,virtphy-7dc46555f-httmn,6,1
1782283059,tc-26-6-2-1-1-10,msc-test-stub-5b875d749d-sf5nr,2,16
1782283059,tc-26-6-2-1-1-10,osmo-bsc-594654bd47-lgm95,1,5
1782283059,tc-26-6-2-1-1-10,osmo-bts-virtual-5f8b9b86fc-lz8v5,31,5
1782283059,tc-26-6-2-1-1-10,osmo-hlr-546bdb8988-gjv5l,1,2
1782283059,tc-26-6-2-1-1-10,osmo-mgw-8c8fc67d6-t5sth,1,2
1782283059,tc-26-6-2-1-1-10,osmo-mobile-587bd5b846-btmbs,2,33
1782283059,tc-26-6-2-1-1-10,osmo-stp-768687f494-pq8rn,1,2
1782283059,tc-26-6-2-1-1-10,ttcn3-tc-26-6-2-1-1-1-lkbnz,1,8
1782283059,tc-26-6-2-1-1-10,virtphy-96dd7697f-dbfnf,6,1
1782283059,tc-26-6-2-4-8,msc-test-stub-5b875d749d-xvhpf,1,16
1782283059,tc-26-6-2-4-8,osmo-bsc-594654bd47-msv6c,1,5
1782283059,tc-26-6-2-4-8,osmo-bts-virtual-5f8b9b86fc-g8mvt,29,5
1782283059,tc-26-6-2-4-8,osmo-hlr-546bdb8988-8gkbl,1,2
1782283059,tc-26-6-2-4-8,osmo-mgw-8c8fc67d6-n8kkk,1,2
1782283059,tc-26-6-2-4-8,osmo-mobile-67b9dc6556-l7d2s,4,33
1782283059,tc-26-6-2-4-8,osmo-stp-768687f494-ncn4x,1,2
1782283059,tc-26-6-2-4-8,ttcn3-tc-26-6-2-4-1-f9g9d,11,6
1782283059,tc-26-6-2-4-8,virtphy-7f5dbd568c-wpbgd,6,1
1782283059,tc-26-6-8-2-2,msc-test-stub-5b875d749d-kcsvh,1,22
1782283059,tc-26-6-8-2-2,osmo-bsc-594654bd47-tkgsl,1,7
1782283059,tc-26-6-8-2-2,osmo-bts-virtual-5f8b9b86fc-qmlq8,26,5
1782283059,tc-26-6-8-2-2,osmo-hlr-546bdb8988-rctw6,1,2
1782283059,tc-26-6-8-2-2,osmo-mgw-8c8fc67d6-ghvzw,1,4
1782283059,tc-26-6-8-2-2,osmo-mobile-6cf757f4bb-jmfpr,3,43
1782283059,tc-26-6-8-2-2,osmo-stp-768687f494-sqt65,1,6
1782283059,tc-26-6-8-2-2,ttcn3-tc-26-6-8-2-1-cx9pr,1,15
1782283059,tc-26-6-8-2-2,virtphy-fc8dddd4c-4r9tc,6,1
1782283059,tc-26-7-2-1-4,msc-test-stub-5b875d749d-f4nnq,1,16
1782283059,tc-26-7-2-1-4,osmo-bsc-594654bd47-l6cj2,1,5
1782283059,tc-26-7-2-1-4,osmo-bts-virtual-5f8b9b86fc-kzkkp,29,5
1782283059,tc-26-7-2-1-4,osmo-hlr-546bdb8988-kllvn,1,2
1782283059,tc-26-7-2-1-4,osmo-mgw-8c8fc67d6-v4v28,1,2
1782283059,tc-26-7-2-1-4,osmo-mobile-64dcc87988-r4bxs,4,36
1782283059,tc-26-7-2-1-4,osmo-stp-768687f494-t9pm5,1,2
1782283059,tc-26-7-2-1-4,virtphy-6f8b6f6885-hg7cs,6,1
1782283059,tc-26-7-2-2-3,msc-test-stub-5b875d749d-2k5jx,3,16
1782283059,tc-26-7-2-2-3,osmo-bsc-594654bd47-bjbll,1,5
1782283059,tc-26-7-2-2-3,osmo-bts-virtual-5f8b9b86fc-dj9j7,30,5
1782283059,tc-26-7-2-2-3,osmo-hlr-546bdb8988-q5xcs,1,2
1782283059,tc-26-7-2-2-3,osmo-mgw-8c8fc67d6-w7mb7,1,2
1782283059,tc-26-7-2-2-3,osmo-mobile-65b5958d7b-nd7wr,4,36
1782283059,tc-26-7-2-2-3,osmo-stp-768687f494-x889n,1,2
1782283059,tc-26-7-2-2-3,virtphy-669796d86c-dl9dt,6,1
1782283059,tc-26-7-4-1-11,msc-test-stub-5b875d749d-nf4fk,1,16
1782283059,tc-26-7-4-1-11,osmo-bsc-594654bd47-qlrkz,1,5
1782283059,tc-26-7-4-1-11,osmo-bts-virtual-5f8b9b86fc-ksxp2,30,5
1782283059,tc-26-7-4-1-11,osmo-hlr-546bdb8988-m7slh,1,2
1782283059,tc-26-7-4-1-11,osmo-mgw-8c8fc67d6-blwgc,1,2
1782283059,tc-26-7-4-1-11,osmo-mobile-57ffcc5b84-bcb6v,4,33
1782283059,tc-26-7-4-1-11,osmo-stp-768687f494-cdvls,1,2
1782283059,tc-26-7-4-1-11,ttcn3-tc-26-7-4-1-1-vfwzt,11,6
1782283059,tc-26-7-4-1-11,virtphy-689cb88f6c-lpfmk,6,1
1782283059,tc-26-7-5-3-12,msc-test-stub-5b875d749d-9xvl9,2,16
1782283059,tc-26-7-5-3-12,osmo-bsc-594654bd47-b8kpq,1,5
1782283059,tc-26-7-5-3-12,osmo-bts-virtual-5f8b9b86fc-wl7k2,30,5
1782283059,tc-26-7-5-3-12,osmo-hlr-546bdb8988-d6l2s,1,2
1782283059,tc-26-7-5-3-12,osmo-mgw-8c8fc67d6-xp48l,1,2
1782283059,tc-26-7-5-3-12,osmo-mobile-79c8f8bc4b-mc6jq,3,36
1782283059,tc-26-7-5-3-12,osmo-stp-768687f494-2nqzv,1,2
1782283059,tc-26-7-5-3-12,virtphy-56cc7fd87-gnrrq,6,1
1782283059,tc-26-7-5-6-5,msc-test-stub-5b875d749d-sq5zl,1,16
1782283059,tc-26-7-5-6-5,osmo-bsc-594654bd47-qwxkf,1,5
1782283059,tc-26-7-5-6-5,osmo-bts-virtual-5f8b9b86fc-wfjwc,29,5
1782283059,tc-26-7-5-6-5,osmo-hlr-546bdb8988-76xzt,1,2
1782283059,tc-26-7-5-6-5,osmo-mgw-8c8fc67d6-t8q8x,1,2
1782283059,tc-26-7-5-6-5,osmo-mobile-6b9545c69c-t2mvr,3,33
1782283059,tc-26-7-5-6-5,osmo-stp-768687f494-gwqpr,1,2
1782283059,tc-26-7-5-6-5,ttcn3-tc-26-7-5-6-1-p6rcf,1,6
1782283059,tc-26-7-5-6-5,virtphy-5fc5689b8-jn7vs,6,1
1782283059,tc-26-8-1-2-1-1-1,msc-test-stub-5b875d749d-v48d2,2,16
1782283059,tc-26-8-1-2-1-1-1,osmo-bsc-594654bd47-7l68h,1,5
1782283059,tc-26-8-1-2-1-1-1,osmo-bts-virtual-5f8b9b86fc-6vtkt,31,5
1782283059,tc-26-8-1-2-1-1-1,osmo-hlr-546bdb8988-dv26d,1,2
1782283059,tc-26-8-1-2-1-1-1,osmo-mgw-8c8fc67d6-s49xd,1,2
1782283059,tc-26-8-1-2-1-1-1,osmo-mobile-5976fc576b-wkx2z,3,33
1782283059,tc-26-8-1-2-1-1-1,osmo-stp-768687f494-sjcjh,1,2
1782283059,tc-26-8-1-2-1-1-1,ttcn3-tc-26-8-1-2-1-1-1-t5zcn,1,6
1782283059,tc-26-8-1-2-1-1-1,virtphy-7798ff9c7-btctw,5,1
1782283059,tc-26-8-1-3-3-1-7,msc-test-stub-5b875d749d-nh4pl,1,16
1782283059,tc-26-8-1-3-3-1-7,osmo-bsc-594654bd47-wcjc5,1,5
1782283059,tc-26-8-1-3-3-1-7,osmo-bts-virtual-5f8b9b86fc-sjf5l,29,5
1782283059,tc-26-8-1-3-3-1-7,osmo-hlr-546bdb8988-kt455,1,2
1782283059,tc-26-8-1-3-3-1-7,osmo-mgw-8c8fc67d6-82hsl,1,2
1782283059,tc-26-8-1-3-3-1-7,osmo-mobile-6bccfdc6b7-47qzz,3,33
1782283059,tc-26-8-1-3-3-1-7,osmo-stp-768687f494-6b54s,1,2
1782283059,tc-26-8-1-3-3-1-7,ttcn3-tc-26-8-1-3-3-1-1-h2n85,1,6
1782283059,tc-26-8-1-3-3-1-7,virtphy-5c84574666-b9cr2,6,1
1782283059,tc-26-8-1-3-4-6-6,msc-test-stub-5b875d749d-zd9kr,1,16
1782283059,tc-26-8-1-3-4-6-6,osmo-bsc-594654bd47-sq9jn,1,5
1782283059,tc-26-8-1-3-4-6-6,osmo-bts-virtual-5f8b9b86fc-vq9ct,27,7
1782283059,tc-26-8-1-3-4-6-6,osmo-hlr-546bdb8988-thwg2,1,6
1782283059,tc-26-8-1-3-4-6-6,osmo-mgw-8c8fc67d6-qhtng,1,4
1782283059,tc-26-8-1-3-4-6-6,osmo-mobile-69b4658d4b-ph2md,2,60
1782283059,tc-26-8-1-3-4-6-6,osmo-stp-768687f494-rdztz,1,2
1782283059,tc-26-8-1-3-4-6-6,ttcn3-tc-26-8-1-3-4-6-1-czpd6,6,16
1782283059,tc-26-8-1-3-4-6-6,virtphy-65f469bd7-gplgh,7,2
1782283062,kube-system,coredns-c4dbffb5f-p9rsr,3,28
1782283062,kube-system,local-path-provisioner-5c4dc5d66d-nfqxz,1,15
1782283062,kube-system,metrics-server-786d997795-hcp2m,10,45
1782283062,kube-system,svclb-traefik-1100f998-kpm9h,0,0
1782283062,kube-system,traefik-9bcdbbd9-qtpjt,1,36
1782283062,tc-26-6-11-1-9,msc-test-stub-5b875d749d-mx9h8,1,16
1782283062,tc-26-6-11-1-9,osmo-bsc-594654bd47-22w8h,1,5
1782283062,tc-26-6-11-1-9,osmo-bts-virtual-5f8b9b86fc-98h4z,31,5
1782283062,tc-26-6-11-1-9,osmo-hlr-546bdb8988-mbk5k,1,2
1782283062,tc-26-6-11-1-9,osmo-mgw-8c8fc67d6-95rkp,1,2
1782283062,tc-26-6-11-1-9,osmo-mobile-654dfdc996-rvbm9,3,33
1782283062,tc-26-6-11-1-9,osmo-stp-768687f494-b2r4v,1,2
1782283062,tc-26-6-11-1-9,ttcn3-tc-26-6-11-1-1-vk89h,0,11
1782283062,tc-26-6-11-1-9,virtphy-7dc46555f-httmn,6,1
1782283062,tc-26-6-2-1-1-10,msc-test-stub-5b875d749d-sf5nr,2,16
1782283062,tc-26-6-2-1-1-10,osmo-bsc-594654bd47-lgm95,1,5
1782283062,tc-26-6-2-1-1-10,osmo-bts-virtual-5f8b9b86fc-lz8v5,31,5
1782283062,tc-26-6-2-1-1-10,osmo-hlr-546bdb8988-gjv5l,1,2
1782283062,tc-26-6-2-1-1-10,osmo-mgw-8c8fc67d6-t5sth,1,2
1782283062,tc-26-6-2-1-1-10,osmo-mobile-587bd5b846-btmbs,2,33
1782283062,tc-26-6-2-1-1-10,osmo-stp-768687f494-pq8rn,1,2
1782283062,tc-26-6-2-1-1-10,ttcn3-tc-26-6-2-1-1-1-lkbnz,1,8
1782283062,tc-26-6-2-1-1-10,virtphy-96dd7697f-dbfnf,6,1
1782283062,tc-26-6-2-4-8,msc-test-stub-5b875d749d-xvhpf,1,16
1782283062,tc-26-6-2-4-8,osmo-bsc-594654bd47-msv6c,1,5
1782283062,tc-26-6-2-4-8,osmo-bts-virtual-5f8b9b86fc-g8mvt,29,5
1782283062,tc-26-6-2-4-8,osmo-hlr-546bdb8988-8gkbl,1,2
1782283062,tc-26-6-2-4-8,osmo-mgw-8c8fc67d6-n8kkk,1,2
1782283062,tc-26-6-2-4-8,osmo-mobile-67b9dc6556-l7d2s,4,33
1782283062,tc-26-6-2-4-8,osmo-stp-768687f494-ncn4x,1,2
1782283062,tc-26-6-2-4-8,ttcn3-tc-26-6-2-4-1-f9g9d,11,6
1782283062,tc-26-6-2-4-8,virtphy-7f5dbd568c-wpbgd,6,1
1782283062,tc-26-6-8-2-2,msc-test-stub-5b875d749d-kcsvh,1,22
1782283062,tc-26-6-8-2-2,osmo-bsc-594654bd47-tkgsl,1,7
1782283062,tc-26-6-8-2-2,osmo-bts-virtual-5f8b9b86fc-qmlq8,26,5
1782283062,tc-26-6-8-2-2,osmo-hlr-546bdb8988-rctw6,1,2
1782283062,tc-26-6-8-2-2,osmo-mgw-8c8fc67d6-ghvzw,1,4
1782283062,tc-26-6-8-2-2,osmo-mobile-6cf757f4bb-jmfpr,3,43
1782283062,tc-26-6-8-2-2,osmo-stp-768687f494-sqt65,1,6
1782283062,tc-26-6-8-2-2,ttcn3-tc-26-6-8-2-1-cx9pr,1,15
1782283062,tc-26-6-8-2-2,virtphy-fc8dddd4c-4r9tc,6,1
1782283062,tc-26-7-2-1-4,msc-test-stub-5b875d749d-f4nnq,1,16
1782283062,tc-26-7-2-1-4,osmo-bsc-594654bd47-l6cj2,1,5
1782283062,tc-26-7-2-1-4,osmo-bts-virtual-5f8b9b86fc-kzkkp,29,5
1782283062,tc-26-7-2-1-4,osmo-hlr-546bdb8988-kllvn,1,2
1782283062,tc-26-7-2-1-4,osmo-mgw-8c8fc67d6-v4v28,1,2
1782283062,tc-26-7-2-1-4,osmo-mobile-64dcc87988-r4bxs,4,36
1782283062,tc-26-7-2-1-4,osmo-stp-768687f494-t9pm5,1,2
1782283062,tc-26-7-2-1-4,virtphy-6f8b6f6885-hg7cs,6,1
1782283062,tc-26-7-2-2-3,msc-test-stub-5b875d749d-2k5jx,3,16
1782283062,tc-26-7-2-2-3,osmo-bsc-594654bd47-bjbll,1,5
1782283062,tc-26-7-2-2-3,osmo-bts-virtual-5f8b9b86fc-dj9j7,30,5
1782283062,tc-26-7-2-2-3,osmo-hlr-546bdb8988-q5xcs,1,2
1782283062,tc-26-7-2-2-3,osmo-mgw-8c8fc67d6-w7mb7,1,2
1782283062,tc-26-7-2-2-3,osmo-mobile-65b5958d7b-nd7wr,4,36
1782283062,tc-26-7-2-2-3,osmo-stp-768687f494-x889n,1,2
1782283062,tc-26-7-2-2-3,virtphy-669796d86c-dl9dt,6,1
1782283062,tc-26-7-4-1-11,msc-test-stub-5b875d749d-nf4fk,1,16
1782283062,tc-26-7-4-1-11,osmo-bsc-594654bd47-qlrkz,1,5
1782283062,tc-26-7-4-1-11,osmo-bts-virtual-5f8b9b86fc-ksxp2,30,5
1782283062,tc-26-7-4-1-11,osmo-hlr-546bdb8988-m7slh,1,2
1782283062,tc-26-7-4-1-11,osmo-mgw-8c8fc67d6-blwgc,1,2
1782283062,tc-26-7-4-1-11,osmo-mobile-57ffcc5b84-bcb6v,4,33
1782283062,tc-26-7-4-1-11,osmo-stp-768687f494-cdvls,1,2
1782283062,tc-26-7-4-1-11,ttcn3-tc-26-7-4-1-1-vfwzt,11,6
1782283062,tc-26-7-4-1-11,virtphy-689cb88f6c-lpfmk,6,1
1782283062,tc-26-7-5-3-12,msc-test-stub-5b875d749d-9xvl9,2,16
1782283062,tc-26-7-5-3-12,osmo-bsc-594654bd47-b8kpq,1,5
1782283062,tc-26-7-5-3-12,osmo-bts-virtual-5f8b9b86fc-wl7k2,30,5
1782283062,tc-26-7-5-3-12,osmo-hlr-546bdb8988-d6l2s,1,2
1782283062,tc-26-7-5-3-12,osmo-mgw-8c8fc67d6-xp48l,1,2
1782283062,tc-26-7-5-3-12,osmo-mobile-79c8f8bc4b-mc6jq,3,36
1782283062,tc-26-7-5-3-12,osmo-stp-768687f494-2nqzv,1,2
1782283062,tc-26-7-5-3-12,virtphy-56cc7fd87-gnrrq,6,1
1782283062,tc-26-7-5-6-5,msc-test-stub-5b875d749d-sq5zl,1,16
1782283062,tc-26-7-5-6-5,osmo-bsc-594654bd47-qwxkf,1,5
1782283062,tc-26-7-5-6-5,osmo-bts-virtual-5f8b9b86fc-wfjwc,29,5
1782283062,tc-26-7-5-6-5,osmo-hlr-546bdb8988-76xzt,1,2
1782283062,tc-26-7-5-6-5,osmo-mgw-8c8fc67d6-t8q8x,1,2
1782283062,tc-26-7-5-6-5,osmo-mobile-6b9545c69c-t2mvr,3,33
1782283062,tc-26-7-5-6-5,osmo-stp-768687f494-gwqpr,1,2
1782283062,tc-26-7-5-6-5,ttcn3-tc-26-7-5-6-1-p6rcf,1,6
1782283062,tc-26-7-5-6-5,virtphy-5fc5689b8-jn7vs,6,1
1782283062,tc-26-8-1-2-1-1-1,msc-test-stub-5b875d749d-v48d2,2,16
1782283062,tc-26-8-1-2-1-1-1,osmo-bsc-594654bd47-7l68h,1,5
1782283062,tc-26-8-1-2-1-1-1,osmo-bts-virtual-5f8b9b86fc-6vtkt,31,5
1782283062,tc-26-8-1-2-1-1-1,osmo-hlr-546bdb8988-dv26d,1,2
1782283062,tc-26-8-1-2-1-1-1,osmo-mgw-8c8fc67d6-s49xd,1,2
1782283062,tc-26-8-1-2-1-1-1,osmo-mobile-5976fc576b-wkx2z,3,33
1782283062,tc-26-8-1-2-1-1-1,osmo-stp-768687f494-sjcjh,1,2
1782283062,tc-26-8-1-2-1-1-1,ttcn3-tc-26-8-1-2-1-1-1-t5zcn,1,6
1782283062,tc-26-8-1-2-1-1-1,virtphy-7798ff9c7-btctw,5,1
1782283062,tc-26-8-1-3-3-1-7,msc-test-stub-5b875d749d-nh4pl,1,16
1782283062,tc-26-8-1-3-3-1-7,osmo-bsc-594654bd47-wcjc5,1,5
1782283062,tc-26-8-1-3-3-1-7,osmo-bts-virtual-5f8b9b86fc-sjf5l,29,5
1782283062,tc-26-8-1-3-3-1-7,osmo-hlr-546bdb8988-kt455,1,2
1782283062,tc-26-8-1-3-3-1-7,osmo-mgw-8c8fc67d6-82hsl,1,2
1782283062,tc-26-8-1-3-3-1-7,osmo-mobile-6bccfdc6b7-47qzz,3,33
1782283062,tc-26-8-1-3-3-1-7,osmo-stp-768687f494-6b54s,1,2
1782283062,tc-26-8-1-3-3-1-7,ttcn3-tc-26-8-1-3-3-1-1-h2n85,1,6
1782283062,tc-26-8-1-3-3-1-7,virtphy-5c84574666-b9cr2,6,1
1782283062,tc-26-8-1-3-4-6-6,msc-test-stub-5b875d749d-zd9kr,1,16
1782283062,tc-26-8-1-3-4-6-6,osmo-bsc-594654bd47-sq9jn,1,5
1782283062,tc-26-8-1-3-4-6-6,osmo-bts-virtual-5f8b9b86fc-vq9ct,27,7
1782283062,tc-26-8-1-3-4-6-6,osmo-hlr-546bdb8988-thwg2,1,6
1782283062,tc-26-8-1-3-4-6-6,osmo-mgw-8c8fc67d6-qhtng,1,4
1782283062,tc-26-8-1-3-4-6-6,osmo-mobile-69b4658d4b-ph2md,2,60
1782283062,tc-26-8-1-3-4-6-6,osmo-stp-768687f494-rdztz,1,2
1782283062,tc-26-8-1-3-4-6-6,ttcn3-tc-26-8-1-3-4-6-1-czpd6,6,16
1782283062,tc-26-8-1-3-4-6-6,virtphy-65f469bd7-gplgh,7,2
1782283064,kube-system,coredns-c4dbffb5f-p9rsr,3,28
1782283064,kube-system,local-path-provisioner-5c4dc5d66d-nfqxz,1,15
1782283064,kube-system,metrics-server-786d997795-hcp2m,13,45
1782283064,kube-system,svclb-traefik-1100f998-kpm9h,0,0
1782283064,kube-system,traefik-9bcdbbd9-qtpjt,1,36
1782283064,tc-26-6-11-1-9,msc-test-stub-5b875d749d-mx9h8,1,16
1782283064,tc-26-6-11-1-9,osmo-bsc-594654bd47-22w8h,1,5
1782283064,tc-26-6-11-1-9,osmo-bts-virtual-5f8b9b86fc-98h4z,29,5
1782283064,tc-26-6-11-1-9,osmo-hlr-546bdb8988-mbk5k,1,2
1782283064,tc-26-6-11-1-9,osmo-mgw-8c8fc67d6-95rkp,1,2
1782283064,tc-26-6-11-1-9,osmo-mobile-654dfdc996-rvbm9,2,33
1782283064,tc-26-6-11-1-9,osmo-stp-768687f494-b2r4v,1,2
1782283064,tc-26-6-11-1-9,ttcn3-tc-26-6-11-1-1-vk89h,1,11
1782283064,tc-26-6-11-1-9,virtphy-7dc46555f-httmn,6,1
1782283064,tc-26-6-2-1-1-10,msc-test-stub-5b875d749d-sf5nr,1,16
1782283064,tc-26-6-2-1-1-10,osmo-bsc-594654bd47-lgm95,1,5
1782283064,tc-26-6-2-1-1-10,osmo-bts-virtual-5f8b9b86fc-lz8v5,29,5
1782283064,tc-26-6-2-1-1-10,osmo-hlr-546bdb8988-gjv5l,1,2
1782283064,tc-26-6-2-1-1-10,osmo-mgw-8c8fc67d6-t5sth,1,2
1782283064,tc-26-6-2-1-1-10,osmo-mobile-587bd5b846-btmbs,2,33
1782283064,tc-26-6-2-1-1-10,osmo-stp-768687f494-pq8rn,1,2
1782283064,tc-26-6-2-1-1-10,ttcn3-tc-26-6-2-1-1-1-lkbnz,1,8
1782283064,tc-26-6-2-1-1-10,virtphy-96dd7697f-dbfnf,7,1
1782283064,tc-26-6-2-4-8,msc-test-stub-5b875d749d-xvhpf,1,16
1782283064,tc-26-6-2-4-8,osmo-bsc-594654bd47-msv6c,1,5
1782283064,tc-26-6-2-4-8,osmo-bts-virtual-5f8b9b86fc-g8mvt,30,5
1782283064,tc-26-6-2-4-8,osmo-hlr-546bdb8988-8gkbl,1,2
1782283064,tc-26-6-2-4-8,osmo-mgw-8c8fc67d6-n8kkk,1,2
1782283064,tc-26-6-2-4-8,osmo-mobile-67b9dc6556-l7d2s,2,33
1782283064,tc-26-6-2-4-8,osmo-stp-768687f494-ncn4x,1,2
1782283064,tc-26-6-2-4-8,ttcn3-tc-26-6-2-4-1-f9g9d,1,6
1782283064,tc-26-6-2-4-8,virtphy-7f5dbd568c-wpbgd,7,1
1782283064,tc-26-6-8-2-2,msc-test-stub-5b875d749d-kcsvh,1,22
1782283064,tc-26-6-8-2-2,osmo-bsc-594654bd47-tkgsl,1,7
1782283064,tc-26-6-8-2-2,osmo-bts-virtual-5f8b9b86fc-qmlq8,30,5
1782283064,tc-26-6-8-2-2,osmo-hlr-546bdb8988-rctw6,1,2
1782283064,tc-26-6-8-2-2,osmo-mgw-8c8fc67d6-ghvzw,1,4
1782283064,tc-26-6-8-2-2,osmo-mobile-6cf757f4bb-jmfpr,2,43
1782283064,tc-26-6-8-2-2,osmo-stp-768687f494-sqt65,1,6
1782283064,tc-26-6-8-2-2,ttcn3-tc-26-6-8-2-1-cx9pr,1,15
1782283064,tc-26-6-8-2-2,virtphy-fc8dddd4c-4r9tc,6,1
1782283064,tc-26-7-2-1-4,msc-test-stub-5b875d749d-f4nnq,1,16
1782283064,tc-26-7-2-1-4,osmo-bsc-594654bd47-l6cj2,1,5
1782283064,tc-26-7-2-1-4,osmo-bts-virtual-5f8b9b86fc-kzkkp,28,5
1782283064,tc-26-7-2-1-4,osmo-hlr-546bdb8988-kllvn,1,2
1782283064,tc-26-7-2-1-4,osmo-mgw-8c8fc67d6-v4v28,1,2
1782283064,tc-26-7-2-1-4,osmo-mobile-64dcc87988-r4bxs,3,36
1782283064,tc-26-7-2-1-4,osmo-stp-768687f494-t9pm5,1,2
1782283064,tc-26-7-2-1-4,virtphy-6f8b6f6885-hg7cs,6,1
1782283064,tc-26-7-2-2-3,msc-test-stub-5b875d749d-2k5jx,1,16
1782283064,tc-26-7-2-2-3,osmo-bsc-594654bd47-bjbll,1,5
1782283064,tc-26-7-2-2-3,osmo-bts-virtual-5f8b9b86fc-dj9j7,30,5
1782283064,tc-26-7-2-2-3,osmo-hlr-546bdb8988-q5xcs,1,2
1782283064,tc-26-7-2-2-3,osmo-mgw-8c8fc67d6-w7mb7,1,2
1782283064,tc-26-7-2-2-3,osmo-mobile-65b5958d7b-nd7wr,3,36
1782283064,tc-26-7-2-2-3,osmo-stp-768687f494-x889n,1,2
1782283064,tc-26-7-2-2-3,virtphy-669796d86c-dl9dt,7,1
1782283064,tc-26-7-4-1-11,msc-test-stub-5b875d749d-nf4fk,1,16
1782283064,tc-26-7-4-1-11,osmo-bsc-594654bd47-qlrkz,1,5
1782283064,tc-26-7-4-1-11,osmo-bts-virtual-5f8b9b86fc-ksxp2,28,5
1782283064,tc-26-7-4-1-11,osmo-hlr-546bdb8988-m7slh,1,2
1782283064,tc-26-7-4-1-11,osmo-mgw-8c8fc67d6-blwgc,1,2
1782283064,tc-26-7-4-1-11,osmo-mobile-57ffcc5b84-bcb6v,3,33
1782283064,tc-26-7-4-1-11,osmo-stp-768687f494-cdvls,1,2
1782283064,tc-26-7-4-1-11,ttcn3-tc-26-7-4-1-1-vfwzt,1,6
1782283064,tc-26-7-4-1-11,virtphy-689cb88f6c-lpfmk,7,1
1782283064,tc-26-7-5-3-12,msc-test-stub-5b875d749d-9xvl9,1,16
1782283064,tc-26-7-5-3-12,osmo-bsc-594654bd47-b8kpq,1,5
1782283064,tc-26-7-5-3-12,osmo-bts-virtual-5f8b9b86fc-wl7k2,31,5
1782283064,tc-26-7-5-3-12,osmo-hlr-546bdb8988-d6l2s,1,2
1782283064,tc-26-7-5-3-12,osmo-mgw-8c8fc67d6-xp48l,1,2
1782283064,tc-26-7-5-3-12,osmo-mobile-79c8f8bc4b-mc6jq,3,36
1782283064,tc-26-7-5-3-12,osmo-stp-768687f494-2nqzv,1,2
1782283064,tc-26-7-5-3-12,virtphy-56cc7fd87-gnrrq,7,1
1782283064,tc-26-7-5-6-5,msc-test-stub-5b875d749d-sq5zl,1,16
1782283064,tc-26-7-5-6-5,osmo-bsc-594654bd47-qwxkf,1,5
1782283064,tc-26-7-5-6-5,osmo-bts-virtual-5f8b9b86fc-wfjwc,29,5
1782283064,tc-26-7-5-6-5,osmo-hlr-546bdb8988-76xzt,1,2
1782283064,tc-26-7-5-6-5,osmo-mgw-8c8fc67d6-t8q8x,1,2
1782283064,tc-26-7-5-6-5,osmo-mobile-6b9545c69c-t2mvr,3,33
1782283064,tc-26-7-5-6-5,osmo-stp-768687f494-gwqpr,1,2
1782283064,tc-26-7-5-6-5,ttcn3-tc-26-7-5-6-1-p6rcf,1,6
1782283064,tc-26-7-5-6-5,virtphy-5fc5689b8-jn7vs,6,1
1782283064,tc-26-8-1-2-1-1-1,msc-test-stub-5b875d749d-v48d2,1,16
1782283064,tc-26-8-1-2-1-1-1,osmo-bsc-594654bd47-7l68h,1,5
1782283064,tc-26-8-1-2-1-1-1,osmo-bts-virtual-5f8b9b86fc-6vtkt,31,5
1782283064,tc-26-8-1-2-1-1-1,osmo-hlr-546bdb8988-dv26d,1,2
1782283064,tc-26-8-1-2-1-1-1,osmo-mgw-8c8fc67d6-s49xd,1,2
1782283064,tc-26-8-1-2-1-1-1,osmo-mobile-5976fc576b-wkx2z,2,33
1782283064,tc-26-8-1-2-1-1-1,osmo-stp-768687f494-sjcjh,1,2
1782283064,tc-26-8-1-2-1-1-1,ttcn3-tc-26-8-1-2-1-1-1-t5zcn,1,6
1782283064,tc-26-8-1-2-1-1-1,virtphy-7798ff9c7-btctw,5,1
1782283064,tc-26-8-1-3-3-1-7,msc-test-stub-5b875d749d-nh4pl,1,16
1782283064,tc-26-8-1-3-3-1-7,osmo-bsc-594654bd47-wcjc5,1,5
1782283064,tc-26-8-1-3-3-1-7,osmo-bts-virtual-5f8b9b86fc-sjf5l,29,5
1782283064,tc-26-8-1-3-3-1-7,osmo-hlr-546bdb8988-kt455,1,2
1782283064,tc-26-8-1-3-3-1-7,osmo-mgw-8c8fc67d6-82hsl,1,2
1782283064,tc-26-8-1-3-3-1-7,osmo-mobile-6bccfdc6b7-47qzz,2,33
1782283064,tc-26-8-1-3-3-1-7,osmo-stp-768687f494-6b54s,1,2
1782283064,tc-26-8-1-3-3-1-7,ttcn3-tc-26-8-1-3-3-1-1-h2n85,1,6
1782283064,tc-26-8-1-3-3-1-7,virtphy-5c84574666-b9cr2,6,1
1782283064,tc-26-8-1-3-4-6-6,msc-test-stub-5b875d749d-zd9kr,1,16
1782283064,tc-26-8-1-3-4-6-6,osmo-bsc-594654bd47-sq9jn,1,5
1782283064,tc-26-8-1-3-4-6-6,osmo-bts-virtual-5f8b9b86fc-vq9ct,30,7
1782283064,tc-26-8-1-3-4-6-6,osmo-hlr-546bdb8988-thwg2,1,6
1782283064,tc-26-8-1-3-4-6-6,osmo-mgw-8c8fc67d6-qhtng,1,4
1782283064,tc-26-8-1-3-4-6-6,osmo-mobile-69b4658d4b-ph2md,2,60
1782283064,tc-26-8-1-3-4-6-6,osmo-stp-768687f494-rdztz,1,2
1782283064,tc-26-8-1-3-4-6-6,ttcn3-tc-26-8-1-3-4-6-1-czpd6,1,16
1782283064,tc-26-8-1-3-4-6-6,virtphy-65f469bd7-gplgh,6,2
1782283066,kube-system,coredns-c4dbffb5f-p9rsr,3,28
1782283066,kube-system,local-path-provisioner-5c4dc5d66d-nfqxz,1,15
1782283066,kube-system,metrics-server-786d997795-hcp2m,13,45
1782283066,kube-system,svclb-traefik-1100f998-kpm9h,0,0
1782283066,kube-system,traefik-9bcdbbd9-qtpjt,1,36
1782283066,tc-26-6-11-1-9,msc-test-stub-5b875d749d-mx9h8,1,16
1782283066,tc-26-6-11-1-9,osmo-bsc-594654bd47-22w8h,1,5
1782283066,tc-26-6-11-1-9,osmo-bts-virtual-5f8b9b86fc-98h4z,29,5
1782283066,tc-26-6-11-1-9,osmo-hlr-546bdb8988-mbk5k,1,2
1782283066,tc-26-6-11-1-9,osmo-mgw-8c8fc67d6-95rkp,1,2
1782283066,tc-26-6-11-1-9,osmo-mobile-654dfdc996-rvbm9,2,33
1782283066,tc-26-6-11-1-9,osmo-stp-768687f494-b2r4v,1,2
1782283066,tc-26-6-11-1-9,ttcn3-tc-26-6-11-1-1-vk89h,1,11
1782283066,tc-26-6-11-1-9,virtphy-7dc46555f-httmn,6,1
1782283066,tc-26-6-2-1-1-10,msc-test-stub-5b875d749d-sf5nr,1,16
1782283066,tc-26-6-2-1-1-10,osmo-bsc-594654bd47-lgm95,1,5
1782283066,tc-26-6-2-1-1-10,osmo-bts-virtual-5f8b9b86fc-lz8v5,29,5
1782283066,tc-26-6-2-1-1-10,osmo-hlr-546bdb8988-gjv5l,1,2
1782283066,tc-26-6-2-1-1-10,osmo-mgw-8c8fc67d6-t5sth,1,2
1782283066,tc-26-6-2-1-1-10,osmo-mobile-587bd5b846-btmbs,2,33
1782283066,tc-26-6-2-1-1-10,osmo-stp-768687f494-pq8rn,1,2
1782283066,tc-26-6-2-1-1-10,ttcn3-tc-26-6-2-1-1-1-lkbnz,1,8
1782283066,tc-26-6-2-1-1-10,virtphy-96dd7697f-dbfnf,7,1
1782283066,tc-26-6-2-4-8,msc-test-stub-5b875d749d-xvhpf,1,16
1782283066,tc-26-6-2-4-8,osmo-bsc-594654bd47-msv6c,1,5
1782283066,tc-26-6-2-4-8,osmo-bts-virtual-5f8b9b86fc-g8mvt,30,5
1782283066,tc-26-6-2-4-8,osmo-hlr-546bdb8988-8gkbl,1,2
1782283066,tc-26-6-2-4-8,osmo-mgw-8c8fc67d6-n8kkk,1,2
1782283066,tc-26-6-2-4-8,osmo-mobile-67b9dc6556-l7d2s,2,33
1782283066,tc-26-6-2-4-8,osmo-stp-768687f494-ncn4x,1,2
1782283066,tc-26-6-2-4-8,ttcn3-tc-26-6-2-4-1-f9g9d,1,6
1782283066,tc-26-6-2-4-8,virtphy-7f5dbd568c-wpbgd,7,1
1782283066,tc-26-6-8-2-2,msc-test-stub-5b875d749d-kcsvh,1,22
1782283066,tc-26-6-8-2-2,osmo-bsc-594654bd47-tkgsl,1,7
1782283066,tc-26-6-8-2-2,osmo-bts-virtual-5f8b9b86fc-qmlq8,30,5
1782283066,tc-26-6-8-2-2,osmo-hlr-546bdb8988-rctw6,1,2
1782283066,tc-26-6-8-2-2,osmo-mgw-8c8fc67d6-ghvzw,1,4
1782283066,tc-26-6-8-2-2,osmo-mobile-6cf757f4bb-jmfpr,2,43
1782283066,tc-26-6-8-2-2,osmo-stp-768687f494-sqt65,1,6
1782283066,tc-26-6-8-2-2,ttcn3-tc-26-6-8-2-1-cx9pr,1,15
1782283066,tc-26-6-8-2-2,virtphy-fc8dddd4c-4r9tc,6,1
1782283066,tc-26-7-2-1-4,msc-test-stub-5b875d749d-f4nnq,1,16
1782283066,tc-26-7-2-1-4,osmo-bsc-594654bd47-l6cj2,1,5
1782283066,tc-26-7-2-1-4,osmo-bts-virtual-5f8b9b86fc-kzkkp,28,5
1782283066,tc-26-7-2-1-4,osmo-hlr-546bdb8988-kllvn,1,2
1782283066,tc-26-7-2-1-4,osmo-mgw-8c8fc67d6-v4v28,1,2
1782283066,tc-26-7-2-1-4,osmo-mobile-64dcc87988-r4bxs,3,36
1782283066,tc-26-7-2-1-4,osmo-stp-768687f494-t9pm5,1,2
1782283066,tc-26-7-2-1-4,virtphy-6f8b6f6885-hg7cs,6,1
1782283066,tc-26-7-2-2-3,msc-test-stub-5b875d749d-2k5jx,1,16
1782283066,tc-26-7-2-2-3,osmo-bsc-594654bd47-bjbll,1,5
1782283066,tc-26-7-2-2-3,osmo-bts-virtual-5f8b9b86fc-dj9j7,30,5
1782283066,tc-26-7-2-2-3,osmo-hlr-546bdb8988-q5xcs,1,2
1782283066,tc-26-7-2-2-3,osmo-mgw-8c8fc67d6-w7mb7,1,2
1782283066,tc-26-7-2-2-3,osmo-mobile-65b5958d7b-nd7wr,3,36
1782283066,tc-26-7-2-2-3,osmo-stp-768687f494-x889n,1,2
1782283066,tc-26-7-2-2-3,virtphy-669796d86c-dl9dt,7,1
1782283066,tc-26-7-4-1-11,msc-test-stub-5b875d749d-nf4fk,1,16
1782283066,tc-26-7-4-1-11,osmo-bsc-594654bd47-qlrkz,1,5
1782283066,tc-26-7-4-1-11,osmo-bts-virtual-5f8b9b86fc-ksxp2,28,5
1782283066,tc-26-7-4-1-11,osmo-hlr-546bdb8988-m7slh,1,2
1782283066,tc-26-7-4-1-11,osmo-mgw-8c8fc67d6-blwgc,1,2
1782283066,tc-26-7-4-1-11,osmo-mobile-57ffcc5b84-bcb6v,3,33
1782283066,tc-26-7-4-1-11,osmo-stp-768687f494-cdvls,1,2
1782283066,tc-26-7-4-1-11,ttcn3-tc-26-7-4-1-1-vfwzt,1,6
1782283066,tc-26-7-4-1-11,virtphy-689cb88f6c-lpfmk,7,1
1782283066,tc-26-7-5-3-12,msc-test-stub-5b875d749d-9xvl9,1,16
1782283066,tc-26-7-5-3-12,osmo-bsc-594654bd47-b8kpq,1,5
1782283066,tc-26-7-5-3-12,osmo-bts-virtual-5f8b9b86fc-wl7k2,31,5
1782283066,tc-26-7-5-3-12,osmo-hlr-546bdb8988-d6l2s,1,2
1782283066,tc-26-7-5-3-12,osmo-mgw-8c8fc67d6-xp48l,1,2
1782283066,tc-26-7-5-3-12,osmo-mobile-79c8f8bc4b-mc6jq,3,36
1782283066,tc-26-7-5-3-12,osmo-stp-768687f494-2nqzv,1,2
1782283066,tc-26-7-5-3-12,virtphy-56cc7fd87-gnrrq,7,1
1782283066,tc-26-7-5-6-5,msc-test-stub-5b875d749d-sq5zl,1,16
1782283066,tc-26-7-5-6-5,osmo-bsc-594654bd47-qwxkf,1,5
1782283066,tc-26-7-5-6-5,osmo-bts-virtual-5f8b9b86fc-wfjwc,29,5
1782283066,tc-26-7-5-6-5,osmo-hlr-546bdb8988-76xzt,1,2
1782283066,tc-26-7-5-6-5,osmo-mgw-8c8fc67d6-t8q8x,1,2
1782283066,tc-26-7-5-6-5,osmo-mobile-6b9545c69c-t2mvr,3,33
1782283066,tc-26-7-5-6-5,osmo-stp-768687f494-gwqpr,1,2
1782283066,tc-26-7-5-6-5,ttcn3-tc-26-7-5-6-1-p6rcf,1,6
1782283066,tc-26-7-5-6-5,virtphy-5fc5689b8-jn7vs,6,1
1782283066,tc-26-8-1-2-1-1-1,msc-test-stub-5b875d749d-v48d2,1,16
1782283066,tc-26-8-1-2-1-1-1,osmo-bsc-594654bd47-7l68h,1,5
1782283066,tc-26-8-1-2-1-1-1,osmo-bts-virtual-5f8b9b86fc-6vtkt,31,5
1782283066,tc-26-8-1-2-1-1-1,osmo-hlr-546bdb8988-dv26d,1,2
1782283066,tc-26-8-1-2-1-1-1,osmo-mgw-8c8fc67d6-s49xd,1,2
1782283066,tc-26-8-1-2-1-1-1,osmo-mobile-5976fc576b-wkx2z,2,33
1782283066,tc-26-8-1-2-1-1-1,osmo-stp-768687f494-sjcjh,1,2
1782283066,tc-26-8-1-2-1-1-1,ttcn3-tc-26-8-1-2-1-1-1-t5zcn,1,6
1782283066,tc-26-8-1-2-1-1-1,virtphy-7798ff9c7-btctw,5,1
1782283066,tc-26-8-1-3-3-1-7,msc-test-stub-5b875d749d-nh4pl,1,16
1782283066,tc-26-8-1-3-3-1-7,osmo-bsc-594654bd47-wcjc5,1,5
1782283066,tc-26-8-1-3-3-1-7,osmo-bts-virtual-5f8b9b86fc-sjf5l,29,5
1782283066,tc-26-8-1-3-3-1-7,osmo-hlr-546bdb8988-kt455,1,2
1782283066,tc-26-8-1-3-3-1-7,osmo-mgw-8c8fc67d6-82hsl,1,2
1782283066,tc-26-8-1-3-3-1-7,osmo-mobile-6bccfdc6b7-47qzz,2,33
1782283066,tc-26-8-1-3-3-1-7,osmo-stp-768687f494-6b54s,1,2
1782283066,tc-26-8-1-3-3-1-7,ttcn3-tc-26-8-1-3-3-1-1-h2n85,1,6
1782283066,tc-26-8-1-3-3-1-7,virtphy-5c84574666-b9cr2,6,1
1782283066,tc-26-8-1-3-4-6-6,msc-test-stub-5b875d749d-zd9kr,1,16
1782283066,tc-26-8-1-3-4-6-6,osmo-bsc-594654bd47-sq9jn,1,5
1782283066,tc-26-8-1-3-4-6-6,osmo-bts-virtual-5f8b9b86fc-vq9ct,30,7
1782283066,tc-26-8-1-3-4-6-6,osmo-hlr-546bdb8988-thwg2,1,6
1782283066,tc-26-8-1-3-4-6-6,osmo-mgw-8c8fc67d6-qhtng,1,4
1782283066,tc-26-8-1-3-4-6-6,osmo-mobile-69b4658d4b-ph2md,2,60
1782283066,tc-26-8-1-3-4-6-6,osmo-stp-768687f494-rdztz,1,2
1782283066,tc-26-8-1-3-4-6-6,ttcn3-tc-26-8-1-3-4-6-1-czpd6,1,16
1782283066,tc-26-8-1-3-4-6-6,virtphy-65f469bd7-gplgh,6,2
1782283069,kube-system,coredns-c4dbffb5f-p9rsr,3,28
1782283069,kube-system,local-path-provisioner-5c4dc5d66d-nfqxz,1,15
1782283069,kube-system,metrics-server-786d997795-hcp2m,13,45
1782283069,kube-system,svclb-traefik-1100f998-kpm9h,0,0
1782283069,kube-system,traefik-9bcdbbd9-qtpjt,1,36
1782283069,tc-26-6-11-1-9,msc-test-stub-5b875d749d-mx9h8,1,16
1782283069,tc-26-6-11-1-9,osmo-bsc-594654bd47-22w8h,1,5
1782283069,tc-26-6-11-1-9,osmo-bts-virtual-5f8b9b86fc-98h4z,29,5
1782283069,tc-26-6-11-1-9,osmo-hlr-546bdb8988-mbk5k,1,2
1782283069,tc-26-6-11-1-9,osmo-mgw-8c8fc67d6-95rkp,1,2
1782283069,tc-26-6-11-1-9,osmo-mobile-654dfdc996-rvbm9,2,33
1782283069,tc-26-6-11-1-9,osmo-stp-768687f494-b2r4v,1,2
1782283069,tc-26-6-11-1-9,ttcn3-tc-26-6-11-1-1-vk89h,1,11
1782283069,tc-26-6-11-1-9,virtphy-7dc46555f-httmn,6,1
1782283069,tc-26-6-2-1-1-10,msc-test-stub-5b875d749d-sf5nr,1,16
1782283069,tc-26-6-2-1-1-10,osmo-bsc-594654bd47-lgm95,1,5
1782283069,tc-26-6-2-1-1-10,osmo-bts-virtual-5f8b9b86fc-lz8v5,29,5
1782283069,tc-26-6-2-1-1-10,osmo-hlr-546bdb8988-gjv5l,1,2
1782283069,tc-26-6-2-1-1-10,osmo-mgw-8c8fc67d6-t5sth,1,2
1782283069,tc-26-6-2-1-1-10,osmo-mobile-587bd5b846-btmbs,2,33
1782283069,tc-26-6-2-1-1-10,osmo-stp-768687f494-pq8rn,1,2
1782283069,tc-26-6-2-1-1-10,ttcn3-tc-26-6-2-1-1-1-lkbnz,1,8
1782283069,tc-26-6-2-1-1-10,virtphy-96dd7697f-dbfnf,7,1
1782283069,tc-26-6-2-4-8,msc-test-stub-5b875d749d-xvhpf,1,16
1782283069,tc-26-6-2-4-8,osmo-bsc-594654bd47-msv6c,1,5
1782283069,tc-26-6-2-4-8,osmo-bts-virtual-5f8b9b86fc-g8mvt,30,5
1782283069,tc-26-6-2-4-8,osmo-hlr-546bdb8988-8gkbl,1,2
1782283069,tc-26-6-2-4-8,osmo-mgw-8c8fc67d6-n8kkk,1,2
1782283069,tc-26-6-2-4-8,osmo-mobile-67b9dc6556-l7d2s,2,33
1782283069,tc-26-6-2-4-8,osmo-stp-768687f494-ncn4x,1,2
1782283069,tc-26-6-2-4-8,ttcn3-tc-26-6-2-4-1-f9g9d,1,6
1782283069,tc-26-6-2-4-8,virtphy-7f5dbd568c-wpbgd,7,1
1782283069,tc-26-6-8-2-2,msc-test-stub-5b875d749d-kcsvh,1,22
1782283069,tc-26-6-8-2-2,osmo-bsc-594654bd47-tkgsl,1,7
1782283069,tc-26-6-8-2-2,osmo-bts-virtual-5f8b9b86fc-qmlq8,30,5
1782283069,tc-26-6-8-2-2,osmo-hlr-546bdb8988-rctw6,1,2
1782283069,tc-26-6-8-2-2,osmo-mgw-8c8fc67d6-ghvzw,1,4
1782283069,tc-26-6-8-2-2,osmo-mobile-6cf757f4bb-jmfpr,2,43
1782283069,tc-26-6-8-2-2,osmo-stp-768687f494-sqt65,1,6
1782283069,tc-26-6-8-2-2,ttcn3-tc-26-6-8-2-1-cx9pr,1,15
1782283069,tc-26-6-8-2-2,virtphy-fc8dddd4c-4r9tc,6,1
1782283069,tc-26-7-2-1-4,msc-test-stub-5b875d749d-f4nnq,1,16
1782283069,tc-26-7-2-1-4,osmo-bsc-594654bd47-l6cj2,1,5
1782283069,tc-26-7-2-1-4,osmo-bts-virtual-5f8b9b86fc-kzkkp,28,5
1782283069,tc-26-7-2-1-4,osmo-hlr-546bdb8988-kllvn,1,2
1782283069,tc-26-7-2-1-4,osmo-mgw-8c8fc67d6-v4v28,1,2
1782283069,tc-26-7-2-1-4,osmo-mobile-64dcc87988-r4bxs,3,36
1782283069,tc-26-7-2-1-4,osmo-stp-768687f494-t9pm5,1,2
1782283069,tc-26-7-2-1-4,virtphy-6f8b6f6885-hg7cs,6,1
1782283069,tc-26-7-2-2-3,msc-test-stub-5b875d749d-2k5jx,1,16
1782283069,tc-26-7-2-2-3,osmo-bsc-594654bd47-bjbll,1,5
1782283069,tc-26-7-2-2-3,osmo-bts-virtual-5f8b9b86fc-dj9j7,30,5
1782283069,tc-26-7-2-2-3,osmo-hlr-546bdb8988-q5xcs,1,2
1782283069,tc-26-7-2-2-3,osmo-mgw-8c8fc67d6-w7mb7,1,2
1782283069,tc-26-7-2-2-3,osmo-mobile-65b5958d7b-nd7wr,3,36
1782283069,tc-26-7-2-2-3,osmo-stp-768687f494-x889n,1,2
1782283069,tc-26-7-2-2-3,virtphy-669796d86c-dl9dt,7,1
1782283069,tc-26-7-4-1-11,msc-test-stub-5b875d749d-nf4fk,1,16
1782283069,tc-26-7-4-1-11,osmo-bsc-594654bd47-qlrkz,1,5
1782283069,tc-26-7-4-1-11,osmo-bts-virtual-5f8b9b86fc-ksxp2,28,5
1782283069,tc-26-7-4-1-11,osmo-hlr-546bdb8988-m7slh,1,2
1782283069,tc-26-7-4-1-11,osmo-mgw-8c8fc67d6-blwgc,1,2
1782283069,tc-26-7-4-1-11,osmo-mobile-57ffcc5b84-bcb6v,3,33
1782283069,tc-26-7-4-1-11,osmo-stp-768687f494-cdvls,1,2
1782283069,tc-26-7-4-1-11,ttcn3-tc-26-7-4-1-1-vfwzt,1,6
1782283069,tc-26-7-4-1-11,virtphy-689cb88f6c-lpfmk,7,1
1782283069,tc-26-7-5-3-12,msc-test-stub-5b875d749d-9xvl9,1,16
1782283069,tc-26-7-5-3-12,osmo-bsc-594654bd47-b8kpq,1,5
1782283069,tc-26-7-5-3-12,osmo-bts-virtual-5f8b9b86fc-wl7k2,31,5
1782283069,tc-26-7-5-3-12,osmo-hlr-546bdb8988-d6l2s,1,2
1782283069,tc-26-7-5-3-12,osmo-mgw-8c8fc67d6-xp48l,1,2
1782283069,tc-26-7-5-3-12,osmo-mobile-79c8f8bc4b-mc6jq,3,36
1782283069,tc-26-7-5-3-12,osmo-stp-768687f494-2nqzv,1,2
1782283069,tc-26-7-5-3-12,virtphy-56cc7fd87-gnrrq,7,1
1782283069,tc-26-7-5-6-5,msc-test-stub-5b875d749d-sq5zl,1,16
1782283069,tc-26-7-5-6-5,osmo-bsc-594654bd47-qwxkf,1,5
1782283069,tc-26-7-5-6-5,osmo-bts-virtual-5f8b9b86fc-wfjwc,29,5
1782283069,tc-26-7-5-6-5,osmo-hlr-546bdb8988-76xzt,1,2
1782283069,tc-26-7-5-6-5,osmo-mgw-8c8fc67d6-t8q8x,1,2
1782283069,tc-26-7-5-6-5,osmo-mobile-6b9545c69c-t2mvr,3,33
1782283069,tc-26-7-5-6-5,osmo-stp-768687f494-gwqpr,1,2
1782283069,tc-26-7-5-6-5,ttcn3-tc-26-7-5-6-1-p6rcf,1,6
1782283069,tc-26-7-5-6-5,virtphy-5fc5689b8-jn7vs,6,1
1782283069,tc-26-8-1-2-1-1-1,msc-test-stub-5b875d749d-v48d2,1,16
1782283069,tc-26-8-1-2-1-1-1,osmo-bsc-594654bd47-7l68h,1,5
1782283069,tc-26-8-1-2-1-1-1,osmo-bts-virtual-5f8b9b86fc-6vtkt,31,5
1782283069,tc-26-8-1-2-1-1-1,osmo-hlr-546bdb8988-dv26d,1,2
1782283069,tc-26-8-1-2-1-1-1,osmo-mgw-8c8fc67d6-s49xd,1,2
1782283069,tc-26-8-1-2-1-1-1,osmo-mobile-5976fc576b-wkx2z,2,33
1782283069,tc-26-8-1-2-1-1-1,osmo-stp-768687f494-sjcjh,1,2
1782283069,tc-26-8-1-2-1-1-1,ttcn3-tc-26-8-1-2-1-1-1-t5zcn,1,6
1782283069,tc-26-8-1-2-1-1-1,virtphy-7798ff9c7-btctw,5,1
1782283069,tc-26-8-1-3-3-1-7,msc-test-stub-5b875d749d-nh4pl,1,16
1782283069,tc-26-8-1-3-3-1-7,osmo-bsc-594654bd47-wcjc5,1,5
1782283069,tc-26-8-1-3-3-1-7,osmo-bts-virtual-5f8b9b86fc-sjf5l,29,5
1782283069,tc-26-8-1-3-3-1-7,osmo-hlr-546bdb8988-kt455,1,2
1782283069,tc-26-8-1-3-3-1-7,osmo-mgw-8c8fc67d6-82hsl,1,2
1782283069,tc-26-8-1-3-3-1-7,osmo-mobile-6bccfdc6b7-47qzz,2,33
1782283069,tc-26-8-1-3-3-1-7,osmo-stp-768687f494-6b54s,1,2
1782283069,tc-26-8-1-3-3-1-7,ttcn3-tc-26-8-1-3-3-1-1-h2n85,1,6
1782283069,tc-26-8-1-3-3-1-7,virtphy-5c84574666-b9cr2,6,1
1782283069,tc-26-8-1-3-4-6-6,msc-test-stub-5b875d749d-zd9kr,1,16
1782283069,tc-26-8-1-3-4-6-6,osmo-bsc-594654bd47-sq9jn,1,5
1782283069,tc-26-8-1-3-4-6-6,osmo-bts-virtual-5f8b9b86fc-vq9ct,30,7
1782283069,tc-26-8-1-3-4-6-6,osmo-hlr-546bdb8988-thwg2,1,6
1782283069,tc-26-8-1-3-4-6-6,osmo-mgw-8c8fc67d6-qhtng,1,4
1782283069,tc-26-8-1-3-4-6-6,osmo-mobile-69b4658d4b-ph2md,2,60
1782283069,tc-26-8-1-3-4-6-6,osmo-stp-768687f494-rdztz,1,2
1782283069,tc-26-8-1-3-4-6-6,ttcn3-tc-26-8-1-3-4-6-1-czpd6,1,16
1782283069,tc-26-8-1-3-4-6-6,virtphy-65f469bd7-gplgh,6,2
1782283072,kube-system,coredns-c4dbffb5f-p9rsr,3,28
1782283072,kube-system,local-path-provisioner-5c4dc5d66d-nfqxz,1,15
1782283072,kube-system,metrics-server-786d997795-hcp2m,13,45
1782283072,kube-system,svclb-traefik-1100f998-kpm9h,0,0
1782283072,kube-system,traefik-9bcdbbd9-qtpjt,1,36
1782283072,tc-26-6-11-1-9,msc-test-stub-5b875d749d-mx9h8,1,16
1782283072,tc-26-6-11-1-9,osmo-bsc-594654bd47-22w8h,1,5
1782283072,tc-26-6-11-1-9,osmo-bts-virtual-5f8b9b86fc-98h4z,29,5
1782283072,tc-26-6-11-1-9,osmo-hlr-546bdb8988-mbk5k,1,2
1782283072,tc-26-6-11-1-9,osmo-mgw-8c8fc67d6-95rkp,1,2
1782283072,tc-26-6-11-1-9,osmo-mobile-654dfdc996-rvbm9,2,33
1782283072,tc-26-6-11-1-9,osmo-stp-768687f494-b2r4v,1,2
1782283072,tc-26-6-11-1-9,ttcn3-tc-26-6-11-1-1-vk89h,1,11
1782283072,tc-26-6-11-1-9,virtphy-7dc46555f-httmn,6,1
1782283072,tc-26-6-2-1-1-10,msc-test-stub-5b875d749d-sf5nr,1,16
1782283072,tc-26-6-2-1-1-10,osmo-bsc-594654bd47-lgm95,1,5
1782283072,tc-26-6-2-1-1-10,osmo-bts-virtual-5f8b9b86fc-lz8v5,29,5
1782283072,tc-26-6-2-1-1-10,osmo-hlr-546bdb8988-gjv5l,1,2
1782283072,tc-26-6-2-1-1-10,osmo-mgw-8c8fc67d6-t5sth,1,2
1782283072,tc-26-6-2-1-1-10,osmo-mobile-587bd5b846-btmbs,2,33
1782283072,tc-26-6-2-1-1-10,osmo-stp-768687f494-pq8rn,1,2
1782283072,tc-26-6-2-1-1-10,ttcn3-tc-26-6-2-1-1-1-lkbnz,1,8
1782283072,tc-26-6-2-1-1-10,virtphy-96dd7697f-dbfnf,7,1
1782283072,tc-26-6-2-4-8,msc-test-stub-5b875d749d-xvhpf,1,16
1782283072,tc-26-6-2-4-8,osmo-bsc-594654bd47-msv6c,1,5
1782283072,tc-26-6-2-4-8,osmo-bts-virtual-5f8b9b86fc-g8mvt,30,5
1782283072,tc-26-6-2-4-8,osmo-hlr-546bdb8988-8gkbl,1,2
1782283072,tc-26-6-2-4-8,osmo-mgw-8c8fc67d6-n8kkk,1,2
1782283072,tc-26-6-2-4-8,osmo-mobile-67b9dc6556-l7d2s,2,33
1782283072,tc-26-6-2-4-8,osmo-stp-768687f494-ncn4x,1,2
1782283072,tc-26-6-2-4-8,ttcn3-tc-26-6-2-4-1-f9g9d,1,6
1782283072,tc-26-6-2-4-8,virtphy-7f5dbd568c-wpbgd,7,1
1782283072,tc-26-6-8-2-2,msc-test-stub-5b875d749d-kcsvh,1,22
1782283072,tc-26-6-8-2-2,osmo-bsc-594654bd47-tkgsl,1,7
1782283072,tc-26-6-8-2-2,osmo-bts-virtual-5f8b9b86fc-qmlq8,30,5
1782283072,tc-26-6-8-2-2,osmo-hlr-546bdb8988-rctw6,1,2
1782283072,tc-26-6-8-2-2,osmo-mgw-8c8fc67d6-ghvzw,1,4
1782283072,tc-26-6-8-2-2,osmo-mobile-6cf757f4bb-jmfpr,2,43
1782283072,tc-26-6-8-2-2,osmo-stp-768687f494-sqt65,1,6
1782283072,tc-26-6-8-2-2,ttcn3-tc-26-6-8-2-1-cx9pr,1,15
1782283072,tc-26-6-8-2-2,virtphy-fc8dddd4c-4r9tc,6,1
1782283072,tc-26-7-2-1-4,msc-test-stub-5b875d749d-f4nnq,1,16
1782283072,tc-26-7-2-1-4,osmo-bsc-594654bd47-l6cj2,1,5
1782283072,tc-26-7-2-1-4,osmo-bts-virtual-5f8b9b86fc-kzkkp,28,5
1782283072,tc-26-7-2-1-4,osmo-hlr-546bdb8988-kllvn,1,2
1782283072,tc-26-7-2-1-4,osmo-mgw-8c8fc67d6-v4v28,1,2
1782283072,tc-26-7-2-1-4,osmo-mobile-64dcc87988-r4bxs,3,36
1782283072,tc-26-7-2-1-4,osmo-stp-768687f494-t9pm5,1,2
1782283072,tc-26-7-2-1-4,virtphy-6f8b6f6885-hg7cs,6,1
1782283072,tc-26-7-2-2-3,msc-test-stub-5b875d749d-2k5jx,1,16
1782283072,tc-26-7-2-2-3,osmo-bsc-594654bd47-bjbll,1,5
1782283072,tc-26-7-2-2-3,osmo-bts-virtual-5f8b9b86fc-dj9j7,30,5
1782283072,tc-26-7-2-2-3,osmo-hlr-546bdb8988-q5xcs,1,2
1782283072,tc-26-7-2-2-3,osmo-mgw-8c8fc67d6-w7mb7,1,2
1782283072,tc-26-7-2-2-3,osmo-mobile-65b5958d7b-nd7wr,3,36
1782283072,tc-26-7-2-2-3,osmo-stp-768687f494-x889n,1,2
1782283072,tc-26-7-2-2-3,virtphy-669796d86c-dl9dt,7,1
1782283072,tc-26-7-4-1-11,msc-test-stub-5b875d749d-nf4fk,1,16
1782283072,tc-26-7-4-1-11,osmo-bsc-594654bd47-qlrkz,1,5
1782283072,tc-26-7-4-1-11,osmo-bts-virtual-5f8b9b86fc-ksxp2,28,5
1782283072,tc-26-7-4-1-11,osmo-hlr-546bdb8988-m7slh,1,2
1782283072,tc-26-7-4-1-11,osmo-mgw-8c8fc67d6-blwgc,1,2
1782283072,tc-26-7-4-1-11,osmo-mobile-57ffcc5b84-bcb6v,3,33
1782283072,tc-26-7-4-1-11,osmo-stp-768687f494-cdvls,1,2
1782283072,tc-26-7-4-1-11,ttcn3-tc-26-7-4-1-1-vfwzt,1,6
1782283072,tc-26-7-4-1-11,virtphy-689cb88f6c-lpfmk,7,1
1782283072,tc-26-7-5-3-12,msc-test-stub-5b875d749d-9xvl9,1,16
1782283072,tc-26-7-5-3-12,osmo-bsc-594654bd47-b8kpq,1,5
1782283072,tc-26-7-5-3-12,osmo-bts-virtual-5f8b9b86fc-wl7k2,31,5
1782283072,tc-26-7-5-3-12,osmo-hlr-546bdb8988-d6l2s,1,2
1782283072,tc-26-7-5-3-12,osmo-mgw-8c8fc67d6-xp48l,1,2
1782283072,tc-26-7-5-3-12,osmo-mobile-79c8f8bc4b-mc6jq,3,36
1782283072,tc-26-7-5-3-12,osmo-stp-768687f494-2nqzv,1,2
1782283072,tc-26-7-5-3-12,virtphy-56cc7fd87-gnrrq,7,1
1782283072,tc-26-7-5-6-5,msc-test-stub-5b875d749d-sq5zl,1,16
1782283072,tc-26-7-5-6-5,osmo-bsc-594654bd47-qwxkf,1,5
1782283072,tc-26-7-5-6-5,osmo-bts-virtual-5f8b9b86fc-wfjwc,29,5
1782283072,tc-26-7-5-6-5,osmo-hlr-546bdb8988-76xzt,1,2
1782283072,tc-26-7-5-6-5,osmo-mgw-8c8fc67d6-t8q8x,1,2
1782283072,tc-26-7-5-6-5,osmo-mobile-6b9545c69c-t2mvr,3,33
1782283072,tc-26-7-5-6-5,osmo-stp-768687f494-gwqpr,1,2
1782283072,tc-26-7-5-6-5,ttcn3-tc-26-7-5-6-1-p6rcf,1,6
1782283072,tc-26-7-5-6-5,virtphy-5fc5689b8-jn7vs,6,1
1782283072,tc-26-8-1-2-1-1-1,msc-test-stub-5b875d749d-v48d2,1,16
1782283072,tc-26-8-1-2-1-1-1,osmo-bsc-594654bd47-7l68h,1,5
1782283072,tc-26-8-1-2-1-1-1,osmo-bts-virtual-5f8b9b86fc-6vtkt,31,5
1782283072,tc-26-8-1-2-1-1-1,osmo-hlr-546bdb8988-dv26d,1,2
1782283072,tc-26-8-1-2-1-1-1,osmo-mgw-8c8fc67d6-s49xd,1,2
1782283072,tc-26-8-1-2-1-1-1,osmo-mobile-5976fc576b-wkx2z,2,33
1782283072,tc-26-8-1-2-1-1-1,osmo-stp-768687f494-sjcjh,1,2
1782283072,tc-26-8-1-2-1-1-1,ttcn3-tc-26-8-1-2-1-1-1-t5zcn,1,6
1782283072,tc-26-8-1-2-1-1-1,virtphy-7798ff9c7-btctw,5,1
1782283072,tc-26-8-1-3-3-1-7,msc-test-stub-5b875d749d-nh4pl,1,16
1782283072,tc-26-8-1-3-3-1-7,osmo-bsc-594654bd47-wcjc5,1,5
1782283072,tc-26-8-1-3-3-1-7,osmo-bts-virtual-5f8b9b86fc-sjf5l,29,5
1782283072,tc-26-8-1-3-3-1-7,osmo-hlr-546bdb8988-kt455,1,2
1782283072,tc-26-8-1-3-3-1-7,osmo-mgw-8c8fc67d6-82hsl,1,2
1782283072,tc-26-8-1-3-3-1-7,osmo-mobile-6bccfdc6b7-47qzz,2,33
1782283072,tc-26-8-1-3-3-1-7,osmo-stp-768687f494-6b54s,1,2
1782283072,tc-26-8-1-3-3-1-7,ttcn3-tc-26-8-1-3-3-1-1-h2n85,1,6
1782283072,tc-26-8-1-3-3-1-7,virtphy-5c84574666-b9cr2,6,1
1782283072,tc-26-8-1-3-4-6-6,msc-test-stub-5b875d749d-zd9kr,1,16
1782283072,tc-26-8-1-3-4-6-6,osmo-bsc-594654bd47-sq9jn,1,5
1782283072,tc-26-8-1-3-4-6-6,osmo-bts-virtual-5f8b9b86fc-vq9ct,30,7
1782283072,tc-26-8-1-3-4-6-6,osmo-hlr-546bdb8988-thwg2,1,6
1782283072,tc-26-8-1-3-4-6-6,osmo-mgw-8c8fc67d6-qhtng,1,4
1782283072,tc-26-8-1-3-4-6-6,osmo-mobile-69b4658d4b-ph2md,2,60
1782283072,tc-26-8-1-3-4-6-6,osmo-stp-768687f494-rdztz,1,2
1782283072,tc-26-8-1-3-4-6-6,ttcn3-tc-26-8-1-3-4-6-1-czpd6,1,16
1782283072,tc-26-8-1-3-4-6-6,virtphy-65f469bd7-gplgh,6,2
1782283074,kube-system,coredns-c4dbffb5f-p9rsr,3,28
1782283074,kube-system,local-path-provisioner-5c4dc5d66d-nfqxz,1,15
1782283074,kube-system,metrics-server-786d997795-hcp2m,13,45
1782283074,kube-system,svclb-traefik-1100f998-kpm9h,0,0
1782283074,kube-system,traefik-9bcdbbd9-qtpjt,1,36
1782283074,tc-26-6-11-1-9,msc-test-stub-5b875d749d-mx9h8,1,16
1782283074,tc-26-6-11-1-9,osmo-bsc-594654bd47-22w8h,1,5
1782283074,tc-26-6-11-1-9,osmo-bts-virtual-5f8b9b86fc-98h4z,29,5
1782283074,tc-26-6-11-1-9,osmo-hlr-546bdb8988-mbk5k,1,2
1782283074,tc-26-6-11-1-9,osmo-mgw-8c8fc67d6-95rkp,1,2
1782283074,tc-26-6-11-1-9,osmo-mobile-654dfdc996-rvbm9,2,33
1782283074,tc-26-6-11-1-9,osmo-stp-768687f494-b2r4v,1,2
1782283074,tc-26-6-11-1-9,ttcn3-tc-26-6-11-1-1-vk89h,1,11
1782283074,tc-26-6-11-1-9,virtphy-7dc46555f-httmn,6,1
1782283074,tc-26-6-2-1-1-10,msc-test-stub-5b875d749d-sf5nr,1,16
1782283074,tc-26-6-2-1-1-10,osmo-bsc-594654bd47-lgm95,1,5
1782283074,tc-26-6-2-1-1-10,osmo-bts-virtual-5f8b9b86fc-lz8v5,29,5
1782283074,tc-26-6-2-1-1-10,osmo-hlr-546bdb8988-gjv5l,1,2
1782283074,tc-26-6-2-1-1-10,osmo-mgw-8c8fc67d6-t5sth,1,2
1782283074,tc-26-6-2-1-1-10,osmo-mobile-587bd5b846-btmbs,2,33
1782283074,tc-26-6-2-1-1-10,osmo-stp-768687f494-pq8rn,1,2
1782283074,tc-26-6-2-1-1-10,ttcn3-tc-26-6-2-1-1-1-lkbnz,1,8
1782283074,tc-26-6-2-1-1-10,virtphy-96dd7697f-dbfnf,7,1
1782283074,tc-26-6-2-4-8,msc-test-stub-5b875d749d-xvhpf,1,16
1782283074,tc-26-6-2-4-8,osmo-bsc-594654bd47-msv6c,1,5
1782283074,tc-26-6-2-4-8,osmo-bts-virtual-5f8b9b86fc-g8mvt,30,5
1782283074,tc-26-6-2-4-8,osmo-hlr-546bdb8988-8gkbl,1,2
1782283074,tc-26-6-2-4-8,osmo-mgw-8c8fc67d6-n8kkk,1,2
1782283074,tc-26-6-2-4-8,osmo-mobile-67b9dc6556-l7d2s,2,33
1782283074,tc-26-6-2-4-8,osmo-stp-768687f494-ncn4x,1,2
1782283074,tc-26-6-2-4-8,ttcn3-tc-26-6-2-4-1-f9g9d,1,6
1782283074,tc-26-6-2-4-8,virtphy-7f5dbd568c-wpbgd,7,1
1782283074,tc-26-6-8-2-2,msc-test-stub-5b875d749d-kcsvh,1,22
1782283074,tc-26-6-8-2-2,osmo-bsc-594654bd47-tkgsl,1,7
1782283074,tc-26-6-8-2-2,osmo-bts-virtual-5f8b9b86fc-qmlq8,30,5
1782283074,tc-26-6-8-2-2,osmo-hlr-546bdb8988-rctw6,1,2
1782283074,tc-26-6-8-2-2,osmo-mgw-8c8fc67d6-ghvzw,1,4
1782283074,tc-26-6-8-2-2,osmo-mobile-6cf757f4bb-jmfpr,2,43
1782283074,tc-26-6-8-2-2,osmo-stp-768687f494-sqt65,1,6
1782283074,tc-26-6-8-2-2,ttcn3-tc-26-6-8-2-1-cx9pr,1,15
1782283074,tc-26-6-8-2-2,virtphy-fc8dddd4c-4r9tc,6,1
1782283074,tc-26-7-2-1-4,msc-test-stub-5b875d749d-f4nnq,1,16
1782283074,tc-26-7-2-1-4,osmo-bsc-594654bd47-l6cj2,1,5
1782283074,tc-26-7-2-1-4,osmo-bts-virtual-5f8b9b86fc-kzkkp,28,5
1782283074,tc-26-7-2-1-4,osmo-hlr-546bdb8988-kllvn,1,2
1782283074,tc-26-7-2-1-4,osmo-mgw-8c8fc67d6-v4v28,1,2
1782283074,tc-26-7-2-1-4,osmo-mobile-64dcc87988-r4bxs,3,36
1782283074,tc-26-7-2-1-4,osmo-stp-768687f494-t9pm5,1,2
1782283074,tc-26-7-2-1-4,virtphy-6f8b6f6885-hg7cs,6,1
1782283074,tc-26-7-2-2-3,msc-test-stub-5b875d749d-2k5jx,1,16
1782283074,tc-26-7-2-2-3,osmo-bsc-594654bd47-bjbll,1,5
1782283074,tc-26-7-2-2-3,osmo-bts-virtual-5f8b9b86fc-dj9j7,30,5
1782283074,tc-26-7-2-2-3,osmo-hlr-546bdb8988-q5xcs,1,2
1782283074,tc-26-7-2-2-3,osmo-mgw-8c8fc67d6-w7mb7,1,2
1782283074,tc-26-7-2-2-3,osmo-mobile-65b5958d7b-nd7wr,3,36
1782283074,tc-26-7-2-2-3,osmo-stp-768687f494-x889n,1,2
1782283074,tc-26-7-2-2-3,virtphy-669796d86c-dl9dt,7,1
1782283074,tc-26-7-4-1-11,msc-test-stub-5b875d749d-nf4fk,1,16
1782283074,tc-26-7-4-1-11,osmo-bsc-594654bd47-qlrkz,1,5
1782283074,tc-26-7-4-1-11,osmo-bts-virtual-5f8b9b86fc-ksxp2,28,5
1782283074,tc-26-7-4-1-11,osmo-hlr-546bdb8988-m7slh,1,2
1782283074,tc-26-7-4-1-11,osmo-mgw-8c8fc67d6-blwgc,1,2
1782283074,tc-26-7-4-1-11,osmo-mobile-57ffcc5b84-bcb6v,3,33
1782283074,tc-26-7-4-1-11,osmo-stp-768687f494-cdvls,1,2
1782283074,tc-26-7-4-1-11,ttcn3-tc-26-7-4-1-1-vfwzt,1,6
1782283074,tc-26-7-4-1-11,virtphy-689cb88f6c-lpfmk,7,1
1782283074,tc-26-7-5-3-12,msc-test-stub-5b875d749d-9xvl9,1,16
1782283074,tc-26-7-5-3-12,osmo-bsc-594654bd47-b8kpq,1,5
1782283074,tc-26-7-5-3-12,osmo-bts-virtual-5f8b9b86fc-wl7k2,31,5
1782283074,tc-26-7-5-3-12,osmo-hlr-546bdb8988-d6l2s,1,2
1782283074,tc-26-7-5-3-12,osmo-mgw-8c8fc67d6-xp48l,1,2
1782283074,tc-26-7-5-3-12,osmo-mobile-79c8f8bc4b-mc6jq,3,36
1782283074,tc-26-7-5-3-12,osmo-stp-768687f494-2nqzv,1,2
1782283074,tc-26-7-5-3-12,virtphy-56cc7fd87-gnrrq,7,1
1782283074,tc-26-7-5-6-5,msc-test-stub-5b875d749d-sq5zl,1,16
1782283074,tc-26-7-5-6-5,osmo-bsc-594654bd47-qwxkf,1,5
1782283074,tc-26-7-5-6-5,osmo-bts-virtual-5f8b9b86fc-wfjwc,29,5
1782283074,tc-26-7-5-6-5,osmo-hlr-546bdb8988-76xzt,1,2
1782283074,tc-26-7-5-6-5,osmo-mgw-8c8fc67d6-t8q8x,1,2
1782283074,tc-26-7-5-6-5,osmo-mobile-6b9545c69c-t2mvr,3,33
1782283074,tc-26-7-5-6-5,osmo-stp-768687f494-gwqpr,1,2
1782283074,tc-26-7-5-6-5,ttcn3-tc-26-7-5-6-1-p6rcf,1,6
1782283074,tc-26-7-5-6-5,virtphy-5fc5689b8-jn7vs,6,1
1782283074,tc-26-8-1-2-1-1-1,msc-test-stub-5b875d749d-v48d2,1,16
1782283074,tc-26-8-1-2-1-1-1,osmo-bsc-594654bd47-7l68h,1,5
1782283074,tc-26-8-1-2-1-1-1,osmo-bts-virtual-5f8b9b86fc-6vtkt,31,5
1782283074,tc-26-8-1-2-1-1-1,osmo-hlr-546bdb8988-dv26d,1,2
1782283074,tc-26-8-1-2-1-1-1,osmo-mgw-8c8fc67d6-s49xd,1,2
1782283074,tc-26-8-1-2-1-1-1,osmo-mobile-5976fc576b-wkx2z,2,33
1782283074,tc-26-8-1-2-1-1-1,osmo-stp-768687f494-sjcjh,1,2
1782283074,tc-26-8-1-2-1-1-1,ttcn3-tc-26-8-1-2-1-1-1-t5zcn,1,6
1782283074,tc-26-8-1-2-1-1-1,virtphy-7798ff9c7-btctw,5,1
1782283074,tc-26-8-1-3-3-1-7,msc-test-stub-5b875d749d-nh4pl,1,16
1782283074,tc-26-8-1-3-3-1-7,osmo-bsc-594654bd47-wcjc5,1,5
1782283074,tc-26-8-1-3-3-1-7,osmo-bts-virtual-5f8b9b86fc-sjf5l,29,5
1782283074,tc-26-8-1-3-3-1-7,osmo-hlr-546bdb8988-kt455,1,2
1782283074,tc-26-8-1-3-3-1-7,osmo-mgw-8c8fc67d6-82hsl,1,2
1782283074,tc-26-8-1-3-3-1-7,osmo-mobile-6bccfdc6b7-47qzz,2,33
1782283074,tc-26-8-1-3-3-1-7,osmo-stp-768687f494-6b54s,1,2
1782283074,tc-26-8-1-3-3-1-7,ttcn3-tc-26-8-1-3-3-1-1-h2n85,1,6
1782283074,tc-26-8-1-3-3-1-7,virtphy-5c84574666-b9cr2,6,1
1782283074,tc-26-8-1-3-4-6-6,msc-test-stub-5b875d749d-zd9kr,1,16
1782283074,tc-26-8-1-3-4-6-6,osmo-bsc-594654bd47-sq9jn,1,5
1782283074,tc-26-8-1-3-4-6-6,osmo-bts-virtual-5f8b9b86fc-vq9ct,30,7
1782283074,tc-26-8-1-3-4-6-6,osmo-hlr-546bdb8988-thwg2,1,6
1782283074,tc-26-8-1-3-4-6-6,osmo-mgw-8c8fc67d6-qhtng,1,4
1782283074,tc-26-8-1-3-4-6-6,osmo-mobile-69b4658d4b-ph2md,2,60
1782283074,tc-26-8-1-3-4-6-6,osmo-stp-768687f494-rdztz,1,2
1782283074,tc-26-8-1-3-4-6-6,ttcn3-tc-26-8-1-3-4-6-1-czpd6,1,16
1782283074,tc-26-8-1-3-4-6-6,virtphy-65f469bd7-gplgh,6,2
1782283077,kube-system,coredns-c4dbffb5f-p9rsr,3,28
1782283077,kube-system,local-path-provisioner-5c4dc5d66d-nfqxz,1,15
1782283077,kube-system,metrics-server-786d997795-hcp2m,13,45
1782283077,kube-system,svclb-traefik-1100f998-kpm9h,0,0
1782283077,kube-system,traefik-9bcdbbd9-qtpjt,1,36
1782283077,tc-26-6-11-1-9,msc-test-stub-5b875d749d-mx9h8,1,16
1782283077,tc-26-6-11-1-9,osmo-bsc-594654bd47-22w8h,1,5
1782283077,tc-26-6-11-1-9,osmo-bts-virtual-5f8b9b86fc-98h4z,29,5
1782283077,tc-26-6-11-1-9,osmo-hlr-546bdb8988-mbk5k,1,2
1782283077,tc-26-6-11-1-9,osmo-mgw-8c8fc67d6-95rkp,1,2
1782283077,tc-26-6-11-1-9,osmo-mobile-654dfdc996-rvbm9,2,33
1782283077,tc-26-6-11-1-9,osmo-stp-768687f494-b2r4v,1,2
1782283077,tc-26-6-11-1-9,ttcn3-tc-26-6-11-1-1-vk89h,1,11
1782283077,tc-26-6-11-1-9,virtphy-7dc46555f-httmn,6,1
1782283077,tc-26-6-2-1-1-10,msc-test-stub-5b875d749d-sf5nr,1,16
1782283077,tc-26-6-2-1-1-10,osmo-bsc-594654bd47-lgm95,1,5
1782283077,tc-26-6-2-1-1-10,osmo-bts-virtual-5f8b9b86fc-lz8v5,29,5
1782283077,tc-26-6-2-1-1-10,osmo-hlr-546bdb8988-gjv5l,1,2
1782283077,tc-26-6-2-1-1-10,osmo-mgw-8c8fc67d6-t5sth,1,2
1782283077,tc-26-6-2-1-1-10,osmo-mobile-587bd5b846-btmbs,2,33
1782283077,tc-26-6-2-1-1-10,osmo-stp-768687f494-pq8rn,1,2
1782283077,tc-26-6-2-1-1-10,ttcn3-tc-26-6-2-1-1-1-lkbnz,1,8
1782283077,tc-26-6-2-1-1-10,virtphy-96dd7697f-dbfnf,7,1
1782283077,tc-26-6-2-4-8,msc-test-stub-5b875d749d-xvhpf,1,16
1782283077,tc-26-6-2-4-8,osmo-bsc-594654bd47-msv6c,1,5
1782283077,tc-26-6-2-4-8,osmo-bts-virtual-5f8b9b86fc-g8mvt,30,5
1782283077,tc-26-6-2-4-8,osmo-hlr-546bdb8988-8gkbl,1,2
1782283077,tc-26-6-2-4-8,osmo-mgw-8c8fc67d6-n8kkk,1,2
1782283077,tc-26-6-2-4-8,osmo-mobile-67b9dc6556-l7d2s,2,33
1782283077,tc-26-6-2-4-8,osmo-stp-768687f494-ncn4x,1,2
1782283077,tc-26-6-2-4-8,ttcn3-tc-26-6-2-4-1-f9g9d,1,6
1782283077,tc-26-6-2-4-8,virtphy-7f5dbd568c-wpbgd,7,1
1782283077,tc-26-6-8-2-2,msc-test-stub-5b875d749d-kcsvh,1,22
1782283077,tc-26-6-8-2-2,osmo-bsc-594654bd47-tkgsl,1,7
1782283077,tc-26-6-8-2-2,osmo-bts-virtual-5f8b9b86fc-qmlq8,30,5
1782283077,tc-26-6-8-2-2,osmo-hlr-546bdb8988-rctw6,1,2
1782283077,tc-26-6-8-2-2,osmo-mgw-8c8fc67d6-ghvzw,1,4
1782283077,tc-26-6-8-2-2,osmo-mobile-6cf757f4bb-jmfpr,2,43
1782283077,tc-26-6-8-2-2,osmo-stp-768687f494-sqt65,1,6
1782283077,tc-26-6-8-2-2,ttcn3-tc-26-6-8-2-1-cx9pr,1,15
1782283077,tc-26-6-8-2-2,virtphy-fc8dddd4c-4r9tc,6,1
1782283077,tc-26-7-2-1-4,msc-test-stub-5b875d749d-f4nnq,1,16
1782283077,tc-26-7-2-1-4,osmo-bsc-594654bd47-l6cj2,1,5
1782283077,tc-26-7-2-1-4,osmo-bts-virtual-5f8b9b86fc-kzkkp,28,5
1782283077,tc-26-7-2-1-4,osmo-hlr-546bdb8988-kllvn,1,2
1782283077,tc-26-7-2-1-4,osmo-mgw-8c8fc67d6-v4v28,1,2
1782283077,tc-26-7-2-1-4,osmo-mobile-64dcc87988-r4bxs,3,36
1782283077,tc-26-7-2-1-4,osmo-stp-768687f494-t9pm5,1,2
1782283077,tc-26-7-2-1-4,virtphy-6f8b6f6885-hg7cs,6,1
1782283077,tc-26-7-2-2-3,msc-test-stub-5b875d749d-2k5jx,1,16
1782283077,tc-26-7-2-2-3,osmo-bsc-594654bd47-bjbll,1,5
1782283077,tc-26-7-2-2-3,osmo-bts-virtual-5f8b9b86fc-dj9j7,30,5
1782283077,tc-26-7-2-2-3,osmo-hlr-546bdb8988-q5xcs,1,2
1782283077,tc-26-7-2-2-3,osmo-mgw-8c8fc67d6-w7mb7,1,2
1782283077,tc-26-7-2-2-3,osmo-mobile-65b5958d7b-nd7wr,3,36
1782283077,tc-26-7-2-2-3,osmo-stp-768687f494-x889n,1,2
1782283077,tc-26-7-2-2-3,virtphy-669796d86c-dl9dt,7,1
1782283077,tc-26-7-4-1-11,msc-test-stub-5b875d749d-nf4fk,1,16
1782283077,tc-26-7-4-1-11,osmo-bsc-594654bd47-qlrkz,1,5
1782283077,tc-26-7-4-1-11,osmo-bts-virtual-5f8b9b86fc-ksxp2,28,5
1782283077,tc-26-7-4-1-11,osmo-hlr-546bdb8988-m7slh,1,2
1782283077,tc-26-7-4-1-11,osmo-mgw-8c8fc67d6-blwgc,1,2
1782283077,tc-26-7-4-1-11,osmo-mobile-57ffcc5b84-bcb6v,3,33
1782283077,tc-26-7-4-1-11,osmo-stp-768687f494-cdvls,1,2
1782283077,tc-26-7-4-1-11,ttcn3-tc-26-7-4-1-1-vfwzt,1,6
1782283077,tc-26-7-4-1-11,virtphy-689cb88f6c-lpfmk,7,1
1782283077,tc-26-7-5-3-12,msc-test-stub-5b875d749d-9xvl9,1,16
1782283077,tc-26-7-5-3-12,osmo-bsc-594654bd47-b8kpq,1,5
1782283077,tc-26-7-5-3-12,osmo-bts-virtual-5f8b9b86fc-wl7k2,31,5
1782283077,tc-26-7-5-3-12,osmo-hlr-546bdb8988-d6l2s,1,2
1782283077,tc-26-7-5-3-12,osmo-mgw-8c8fc67d6-xp48l,1,2
1782283077,tc-26-7-5-3-12,osmo-mobile-79c8f8bc4b-mc6jq,3,36
1782283077,tc-26-7-5-3-12,osmo-stp-768687f494-2nqzv,1,2
1782283077,tc-26-7-5-3-12,virtphy-56cc7fd87-gnrrq,7,1
1782283077,tc-26-7-5-6-5,msc-test-stub-5b875d749d-sq5zl,1,16
1782283077,tc-26-7-5-6-5,osmo-bsc-594654bd47-qwxkf,1,5
1782283077,tc-26-7-5-6-5,osmo-bts-virtual-5f8b9b86fc-wfjwc,29,5
1782283077,tc-26-7-5-6-5,osmo-hlr-546bdb8988-76xzt,1,2
1782283077,tc-26-7-5-6-5,osmo-mgw-8c8fc67d6-t8q8x,1,2
1782283077,tc-26-7-5-6-5,osmo-mobile-6b9545c69c-t2mvr,3,33
1782283077,tc-26-7-5-6-5,osmo-stp-768687f494-gwqpr,1,2
1782283077,tc-26-7-5-6-5,ttcn3-tc-26-7-5-6-1-p6rcf,1,6
1782283077,tc-26-7-5-6-5,virtphy-5fc5689b8-jn7vs,6,1
1782283077,tc-26-8-1-2-1-1-1,msc-test-stub-5b875d749d-v48d2,1,16
1782283077,tc-26-8-1-2-1-1-1,osmo-bsc-594654bd47-7l68h,1,5
1782283077,tc-26-8-1-2-1-1-1,osmo-bts-virtual-5f8b9b86fc-6vtkt,31,5
1782283077,tc-26-8-1-2-1-1-1,osmo-hlr-546bdb8988-dv26d,1,2
1782283077,tc-26-8-1-2-1-1-1,osmo-mgw-8c8fc67d6-s49xd,1,2
1782283077,tc-26-8-1-2-1-1-1,osmo-mobile-5976fc576b-wkx2z,2,33
1782283077,tc-26-8-1-2-1-1-1,osmo-stp-768687f494-sjcjh,1,2
1782283077,tc-26-8-1-2-1-1-1,ttcn3-tc-26-8-1-2-1-1-1-t5zcn,1,6
1782283077,tc-26-8-1-2-1-1-1,virtphy-7798ff9c7-btctw,5,1
1782283077,tc-26-8-1-3-3-1-7,msc-test-stub-5b875d749d-nh4pl,1,16
1782283077,tc-26-8-1-3-3-1-7,osmo-bsc-594654bd47-wcjc5,1,5
1782283077,tc-26-8-1-3-3-1-7,osmo-bts-virtual-5f8b9b86fc-sjf5l,29,5
1782283077,tc-26-8-1-3-3-1-7,osmo-hlr-546bdb8988-kt455,1,2
1782283077,tc-26-8-1-3-3-1-7,osmo-mgw-8c8fc67d6-82hsl,1,2
1782283077,tc-26-8-1-3-3-1-7,osmo-mobile-6bccfdc6b7-47qzz,2,33
1782283077,tc-26-8-1-3-3-1-7,osmo-stp-768687f494-6b54s,1,2
1782283077,tc-26-8-1-3-3-1-7,ttcn3-tc-26-8-1-3-3-1-1-h2n85,1,6
1782283077,tc-26-8-1-3-3-1-7,virtphy-5c84574666-b9cr2,6,1
1782283077,tc-26-8-1-3-4-6-6,msc-test-stub-5b875d749d-zd9kr,1,16
1782283077,tc-26-8-1-3-4-6-6,osmo-bsc-594654bd47-sq9jn,1,5
1782283077,tc-26-8-1-3-4-6-6,osmo-bts-virtual-5f8b9b86fc-vq9ct,30,7
1782283077,tc-26-8-1-3-4-6-6,osmo-hlr-546bdb8988-thwg2,1,6
1782283077,tc-26-8-1-3-4-6-6,osmo-mgw-8c8fc67d6-qhtng,1,4
1782283077,tc-26-8-1-3-4-6-6,osmo-mobile-69b4658d4b-ph2md,2,60
1782283077,tc-26-8-1-3-4-6-6,osmo-stp-768687f494-rdztz,1,2
1782283077,tc-26-8-1-3-4-6-6,ttcn3-tc-26-8-1-3-4-6-1-czpd6,1,16
1782283077,tc-26-8-1-3-4-6-6,virtphy-65f469bd7-gplgh,6,2
1782283079,kube-system,coredns-c4dbffb5f-p9rsr,2,29
1782283079,kube-system,local-path-provisioner-5c4dc5d66d-nfqxz,1,15
1782283079,kube-system,metrics-server-786d997795-hcp2m,12,46
1782283079,kube-system,svclb-traefik-1100f998-kpm9h,0,0
1782283079,kube-system,traefik-9bcdbbd9-qtpjt,1,36
1782283079,tc-26-6-11-1-9,msc-test-stub-5b875d749d-mx9h8,1,16
1782283079,tc-26-6-11-1-9,osmo-bsc-594654bd47-22w8h,1,5
1782283079,tc-26-6-11-1-9,osmo-bts-virtual-5f8b9b86fc-98h4z,30,5
1782283079,tc-26-6-11-1-9,osmo-hlr-546bdb8988-mbk5k,1,2
1782283079,tc-26-6-11-1-9,osmo-mgw-8c8fc67d6-95rkp,1,2
1782283079,tc-26-6-11-1-9,osmo-mobile-654dfdc996-rvbm9,2,33
1782283079,tc-26-6-11-1-9,osmo-stp-768687f494-b2r4v,1,2
1782283079,tc-26-6-11-1-9,ttcn3-tc-26-6-11-1-1-vk89h,1,11
1782283079,tc-26-6-11-1-9,virtphy-7dc46555f-httmn,6,1
1782283079,tc-26-6-2-1-1-10,msc-test-stub-5b875d749d-sf5nr,1,16
1782283079,tc-26-6-2-1-1-10,osmo-bsc-594654bd47-lgm95,1,5
1782283079,tc-26-6-2-1-1-10,osmo-bts-virtual-5f8b9b86fc-lz8v5,28,5
1782283079,tc-26-6-2-1-1-10,osmo-hlr-546bdb8988-gjv5l,1,2
1782283079,tc-26-6-2-1-1-10,osmo-mgw-8c8fc67d6-t5sth,1,2
1782283079,tc-26-6-2-1-1-10,osmo-mobile-587bd5b846-btmbs,3,33
1782283079,tc-26-6-2-1-1-10,osmo-stp-768687f494-pq8rn,1,2
1782283079,tc-26-6-2-1-1-10,ttcn3-tc-26-6-2-1-1-1-lkbnz,1,8
1782283079,tc-26-6-2-1-1-10,virtphy-96dd7697f-dbfnf,6,1
1782283079,tc-26-6-2-4-8,msc-test-stub-5b875d749d-xvhpf,1,16
1782283079,tc-26-6-2-4-8,osmo-bsc-594654bd47-msv6c,1,5
1782283079,tc-26-6-2-4-8,osmo-bts-virtual-5f8b9b86fc-g8mvt,29,5
1782283079,tc-26-6-2-4-8,osmo-hlr-546bdb8988-8gkbl,1,2
1782283079,tc-26-6-2-4-8,osmo-mgw-8c8fc67d6-n8kkk,1,2
1782283079,tc-26-6-2-4-8,osmo-mobile-67b9dc6556-l7d2s,2,33
1782283079,tc-26-6-2-4-8,osmo-stp-768687f494-ncn4x,1,2
1782283079,tc-26-6-2-4-8,ttcn3-tc-26-6-2-4-1-f9g9d,1,6
1782283079,tc-26-6-2-4-8,virtphy-7f5dbd568c-wpbgd,6,1
1782283079,tc-26-6-8-2-2,msc-test-stub-5b875d749d-kcsvh,1,22
1782283079,tc-26-6-8-2-2,osmo-bsc-594654bd47-tkgsl,1,7
1782283079,tc-26-6-8-2-2,osmo-bts-virtual-5f8b9b86fc-qmlq8,29,5
1782283079,tc-26-6-8-2-2,osmo-hlr-546bdb8988-rctw6,1,2
1782283079,tc-26-6-8-2-2,osmo-mgw-8c8fc67d6-ghvzw,1,4
1782283079,tc-26-6-8-2-2,osmo-mobile-6cf757f4bb-jmfpr,2,43
1782283079,tc-26-6-8-2-2,osmo-stp-768687f494-sqt65,1,6
1782283079,tc-26-6-8-2-2,ttcn3-tc-26-6-8-2-1-cx9pr,1,15
1782283079,tc-26-6-8-2-2,virtphy-fc8dddd4c-4r9tc,6,1
1782283079,tc-26-7-2-1-4,msc-test-stub-5b875d749d-f4nnq,1,16
1782283079,tc-26-7-2-1-4,osmo-bsc-594654bd47-l6cj2,1,5
1782283079,tc-26-7-2-1-4,osmo-bts-virtual-5f8b9b86fc-kzkkp,29,5
1782283079,tc-26-7-2-1-4,osmo-hlr-546bdb8988-kllvn,1,2
1782283079,tc-26-7-2-1-4,osmo-mgw-8c8fc67d6-v4v28,1,2
1782283079,tc-26-7-2-1-4,osmo-mobile-64dcc87988-r4bxs,3,36
1782283079,tc-26-7-2-1-4,osmo-stp-768687f494-t9pm5,1,2
1782283079,tc-26-7-2-1-4,virtphy-6f8b6f6885-hg7cs,7,1
1782283079,tc-26-7-2-2-3,msc-test-stub-5b875d749d-2k5jx,1,16
1782283079,tc-26-7-2-2-3,osmo-bsc-594654bd47-bjbll,1,5
1782283079,tc-26-7-2-2-3,osmo-bts-virtual-5f8b9b86fc-dj9j7,28,5
1782283079,tc-26-7-2-2-3,osmo-hlr-546bdb8988-q5xcs,1,2
1782283079,tc-26-7-2-2-3,osmo-mgw-8c8fc67d6-w7mb7,1,2
1782283079,tc-26-7-2-2-3,osmo-mobile-65b5958d7b-nd7wr,2,36
1782283079,tc-26-7-2-2-3,osmo-stp-768687f494-x889n,1,2
1782283079,tc-26-7-2-2-3,virtphy-669796d86c-dl9dt,6,1
1782283079,tc-26-7-4-1-11,msc-test-stub-5b875d749d-nf4fk,1,16
1782283079,tc-26-7-4-1-11,osmo-bsc-594654bd47-qlrkz,1,5
1782283079,tc-26-7-4-1-11,osmo-bts-virtual-5f8b9b86fc-ksxp2,29,5
1782283079,tc-26-7-4-1-11,osmo-hlr-546bdb8988-m7slh,1,2
1782283079,tc-26-7-4-1-11,osmo-mgw-8c8fc67d6-blwgc,1,2
1782283079,tc-26-7-4-1-11,osmo-mobile-57ffcc5b84-bcb6v,2,33
1782283079,tc-26-7-4-1-11,osmo-stp-768687f494-cdvls,1,2
1782283079,tc-26-7-4-1-11,ttcn3-tc-26-7-4-1-1-vfwzt,1,6
1782283079,tc-26-7-4-1-11,virtphy-689cb88f6c-lpfmk,7,1
1782283079,tc-26-7-5-3-12,msc-test-stub-5b875d749d-9xvl9,1,16
1782283079,tc-26-7-5-3-12,osmo-bsc-594654bd47-b8kpq,1,5
1782283079,tc-26-7-5-3-12,osmo-bts-virtual-5f8b9b86fc-wl7k2,29,5
1782283079,tc-26-7-5-3-12,osmo-hlr-546bdb8988-d6l2s,1,2
1782283079,tc-26-7-5-3-12,osmo-mgw-8c8fc67d6-xp48l,1,2
1782283079,tc-26-7-5-3-12,osmo-mobile-79c8f8bc4b-mc6jq,2,36
1782283079,tc-26-7-5-3-12,osmo-stp-768687f494-2nqzv,1,2
1782283079,tc-26-7-5-3-12,virtphy-56cc7fd87-gnrrq,6,1
1782283079,tc-26-7-5-6-5,msc-test-stub-5b875d749d-sq5zl,1,16
1782283079,tc-26-7-5-6-5,osmo-bsc-594654bd47-qwxkf,1,5
1782283079,tc-26-7-5-6-5,osmo-bts-virtual-5f8b9b86fc-wfjwc,30,5
1782283079,tc-26-7-5-6-5,osmo-hlr-546bdb8988-76xzt,1,2
1782283079,tc-26-7-5-6-5,osmo-mgw-8c8fc67d6-t8q8x,1,2
1782283079,tc-26-7-5-6-5,osmo-mobile-6b9545c69c-t2mvr,2,33
1782283079,tc-26-7-5-6-5,osmo-stp-768687f494-gwqpr,1,2
1782283079,tc-26-7-5-6-5,ttcn3-tc-26-7-5-6-1-p6rcf,1,6
1782283079,tc-26-7-5-6-5,virtphy-5fc5689b8-jn7vs,7,1
1782283079,tc-26-8-1-2-1-1-1,msc-test-stub-5b875d749d-v48d2,1,16
1782283079,tc-26-8-1-2-1-1-1,osmo-bsc-594654bd47-7l68h,1,5
1782283079,tc-26-8-1-2-1-1-1,osmo-bts-virtual-5f8b9b86fc-6vtkt,29,5
1782283079,tc-26-8-1-2-1-1-1,osmo-hlr-546bdb8988-dv26d,1,2
1782283079,tc-26-8-1-2-1-1-1,osmo-mgw-8c8fc67d6-s49xd,1,2
1782283079,tc-26-8-1-2-1-1-1,osmo-mobile-5976fc576b-wkx2z,2,33
1782283079,tc-26-8-1-2-1-1-1,osmo-stp-768687f494-sjcjh,1,2
1782283079,tc-26-8-1-2-1-1-1,ttcn3-tc-26-8-1-2-1-1-1-t5zcn,1,6
1782283079,tc-26-8-1-2-1-1-1,virtphy-7798ff9c7-btctw,6,1
1782283079,tc-26-8-1-3-3-1-7,msc-test-stub-5b875d749d-nh4pl,1,16
1782283079,tc-26-8-1-3-3-1-7,osmo-bsc-594654bd47-wcjc5,1,5
1782283079,tc-26-8-1-3-3-1-7,osmo-bts-virtual-5f8b9b86fc-sjf5l,29,5
1782283079,tc-26-8-1-3-3-1-7,osmo-hlr-546bdb8988-kt455,1,2
1782283079,tc-26-8-1-3-3-1-7,osmo-mgw-8c8fc67d6-82hsl,1,2
1782283079,tc-26-8-1-3-3-1-7,osmo-mobile-6bccfdc6b7-47qzz,2,33
1782283079,tc-26-8-1-3-3-1-7,osmo-stp-768687f494-6b54s,1,2
1782283079,tc-26-8-1-3-3-1-7,ttcn3-tc-26-8-1-3-3-1-1-h2n85,1,6
1782283079,tc-26-8-1-3-3-1-7,virtphy-5c84574666-b9cr2,6,1
1782283079,tc-26-8-1-3-4-6-6,msc-test-stub-5b875d749d-zd9kr,1,16
1782283079,tc-26-8-1-3-4-6-6,osmo-bsc-594654bd47-sq9jn,1,5
1782283079,tc-26-8-1-3-4-6-6,osmo-bts-virtual-5f8b9b86fc-vq9ct,28,7
1782283079,tc-26-8-1-3-4-6-6,osmo-hlr-546bdb8988-thwg2,1,6
1782283079,tc-26-8-1-3-4-6-6,osmo-mgw-8c8fc67d6-qhtng,1,4
1782283079,tc-26-8-1-3-4-6-6,osmo-mobile-69b4658d4b-ph2md,2,60
1782283079,tc-26-8-1-3-4-6-6,osmo-stp-768687f494-rdztz,1,2
1782283079,tc-26-8-1-3-4-6-6,ttcn3-tc-26-8-1-3-4-6-1-czpd6,1,16
1782283079,tc-26-8-1-3-4-6-6,virtphy-65f469bd7-gplgh,6,2
1782283082,kube-system,coredns-c4dbffb5f-p9rsr,2,29
1782283082,kube-system,local-path-provisioner-5c4dc5d66d-nfqxz,1,15
1782283082,kube-system,metrics-server-786d997795-hcp2m,12,46
1782283082,kube-system,svclb-traefik-1100f998-kpm9h,0,0
1782283082,kube-system,traefik-9bcdbbd9-qtpjt,1,36
1782283082,tc-26-6-11-1-9,msc-test-stub-5b875d749d-mx9h8,1,16
1782283082,tc-26-6-11-1-9,osmo-bsc-594654bd47-22w8h,1,5
1782283082,tc-26-6-11-1-9,osmo-bts-virtual-5f8b9b86fc-98h4z,30,5
1782283082,tc-26-6-11-1-9,osmo-hlr-546bdb8988-mbk5k,1,2
1782283082,tc-26-6-11-1-9,osmo-mgw-8c8fc67d6-95rkp,1,2
1782283082,tc-26-6-11-1-9,osmo-mobile-654dfdc996-rvbm9,2,33
1782283082,tc-26-6-11-1-9,osmo-stp-768687f494-b2r4v,1,2
1782283082,tc-26-6-11-1-9,ttcn3-tc-26-6-11-1-1-vk89h,1,11
1782283082,tc-26-6-11-1-9,virtphy-7dc46555f-httmn,6,1
1782283082,tc-26-6-2-1-1-10,msc-test-stub-5b875d749d-sf5nr,1,16
1782283082,tc-26-6-2-1-1-10,osmo-bsc-594654bd47-lgm95,1,5
1782283082,tc-26-6-2-1-1-10,osmo-bts-virtual-5f8b9b86fc-lz8v5,28,5
1782283082,tc-26-6-2-1-1-10,osmo-hlr-546bdb8988-gjv5l,1,2
1782283082,tc-26-6-2-1-1-10,osmo-mgw-8c8fc67d6-t5sth,1,2
1782283082,tc-26-6-2-1-1-10,osmo-mobile-587bd5b846-btmbs,3,33
1782283082,tc-26-6-2-1-1-10,osmo-stp-768687f494-pq8rn,1,2
1782283082,tc-26-6-2-1-1-10,ttcn3-tc-26-6-2-1-1-1-lkbnz,1,8
1782283082,tc-26-6-2-1-1-10,virtphy-96dd7697f-dbfnf,6,1
1782283082,tc-26-6-2-4-8,msc-test-stub-5b875d749d-xvhpf,1,16
1782283082,tc-26-6-2-4-8,osmo-bsc-594654bd47-msv6c,1,5
1782283082,tc-26-6-2-4-8,osmo-bts-virtual-5f8b9b86fc-g8mvt,29,5
1782283082,tc-26-6-2-4-8,osmo-hlr-546bdb8988-8gkbl,1,2
1782283082,tc-26-6-2-4-8,osmo-mgw-8c8fc67d6-n8kkk,1,2
1782283082,tc-26-6-2-4-8,osmo-mobile-67b9dc6556-l7d2s,2,33
1782283082,tc-26-6-2-4-8,osmo-stp-768687f494-ncn4x,1,2
1782283082,tc-26-6-2-4-8,ttcn3-tc-26-6-2-4-1-f9g9d,1,6
1782283082,tc-26-6-2-4-8,virtphy-7f5dbd568c-wpbgd,6,1
1782283082,tc-26-6-8-2-2,msc-test-stub-5b875d749d-kcsvh,1,22
1782283082,tc-26-6-8-2-2,osmo-bsc-594654bd47-tkgsl,1,7
1782283082,tc-26-6-8-2-2,osmo-bts-virtual-5f8b9b86fc-qmlq8,29,5
1782283082,tc-26-6-8-2-2,osmo-hlr-546bdb8988-rctw6,1,2
1782283082,tc-26-6-8-2-2,osmo-mgw-8c8fc67d6-ghvzw,1,4
1782283082,tc-26-6-8-2-2,osmo-mobile-6cf757f4bb-jmfpr,2,43
1782283082,tc-26-6-8-2-2,osmo-stp-768687f494-sqt65,1,6
1782283082,tc-26-6-8-2-2,ttcn3-tc-26-6-8-2-1-cx9pr,1,15
1782283082,tc-26-6-8-2-2,virtphy-fc8dddd4c-4r9tc,6,1
1782283082,tc-26-7-2-1-4,msc-test-stub-5b875d749d-f4nnq,1,16
1782283082,tc-26-7-2-1-4,osmo-bsc-594654bd47-l6cj2,1,5
1782283082,tc-26-7-2-1-4,osmo-bts-virtual-5f8b9b86fc-kzkkp,29,5
1782283082,tc-26-7-2-1-4,osmo-hlr-546bdb8988-kllvn,1,2
1782283082,tc-26-7-2-1-4,osmo-mgw-8c8fc67d6-v4v28,1,2
1782283082,tc-26-7-2-1-4,osmo-mobile-64dcc87988-r4bxs,3,36
1782283082,tc-26-7-2-1-4,osmo-stp-768687f494-t9pm5,1,2
1782283082,tc-26-7-2-1-4,virtphy-6f8b6f6885-hg7cs,7,1
1782283082,tc-26-7-2-2-3,msc-test-stub-5b875d749d-2k5jx,1,16
1782283082,tc-26-7-2-2-3,osmo-bsc-594654bd47-bjbll,1,5
1782283082,tc-26-7-2-2-3,osmo-bts-virtual-5f8b9b86fc-dj9j7,28,5
1782283082,tc-26-7-2-2-3,osmo-hlr-546bdb8988-q5xcs,1,2
1782283082,tc-26-7-2-2-3,osmo-mgw-8c8fc67d6-w7mb7,1,2
1782283082,tc-26-7-2-2-3,osmo-mobile-65b5958d7b-nd7wr,2,36
1782283082,tc-26-7-2-2-3,osmo-stp-768687f494-x889n,1,2
1782283082,tc-26-7-2-2-3,virtphy-669796d86c-dl9dt,6,1
1782283082,tc-26-7-4-1-11,msc-test-stub-5b875d749d-nf4fk,1,16
1782283082,tc-26-7-4-1-11,osmo-bsc-594654bd47-qlrkz,1,5
1782283082,tc-26-7-4-1-11,osmo-bts-virtual-5f8b9b86fc-ksxp2,29,5
1782283082,tc-26-7-4-1-11,osmo-hlr-546bdb8988-m7slh,1,2
1782283082,tc-26-7-4-1-11,osmo-mgw-8c8fc67d6-blwgc,1,2
1782283082,tc-26-7-4-1-11,osmo-mobile-57ffcc5b84-bcb6v,2,33
1782283082,tc-26-7-4-1-11,osmo-stp-768687f494-cdvls,1,2
1782283082,tc-26-7-4-1-11,ttcn3-tc-26-7-4-1-1-vfwzt,1,6
1782283082,tc-26-7-4-1-11,virtphy-689cb88f6c-lpfmk,7,1
1782283082,tc-26-7-5-3-12,msc-test-stub-5b875d749d-9xvl9,1,16
1782283082,tc-26-7-5-3-12,osmo-bsc-594654bd47-b8kpq,1,5
1782283082,tc-26-7-5-3-12,osmo-bts-virtual-5f8b9b86fc-wl7k2,29,5
1782283082,tc-26-7-5-3-12,osmo-hlr-546bdb8988-d6l2s,1,2
1782283082,tc-26-7-5-3-12,osmo-mgw-8c8fc67d6-xp48l,1,2
1782283082,tc-26-7-5-3-12,osmo-mobile-79c8f8bc4b-mc6jq,2,36
1782283082,tc-26-7-5-3-12,osmo-stp-768687f494-2nqzv,1,2
1782283082,tc-26-7-5-3-12,virtphy-56cc7fd87-gnrrq,6,1
1782283082,tc-26-7-5-6-5,msc-test-stub-5b875d749d-sq5zl,1,16
1782283082,tc-26-7-5-6-5,osmo-bsc-594654bd47-qwxkf,1,5
1782283082,tc-26-7-5-6-5,osmo-bts-virtual-5f8b9b86fc-wfjwc,30,5
1782283082,tc-26-7-5-6-5,osmo-hlr-546bdb8988-76xzt,1,2
1782283082,tc-26-7-5-6-5,osmo-mgw-8c8fc67d6-t8q8x,1,2
1782283082,tc-26-7-5-6-5,osmo-mobile-6b9545c69c-t2mvr,2,33
1782283082,tc-26-7-5-6-5,osmo-stp-768687f494-gwqpr,1,2
1782283082,tc-26-7-5-6-5,ttcn3-tc-26-7-5-6-1-p6rcf,1,6
1782283082,tc-26-7-5-6-5,virtphy-5fc5689b8-jn7vs,7,1
1782283082,tc-26-8-1-2-1-1-1,msc-test-stub-5b875d749d-v48d2,1,16
1782283082,tc-26-8-1-2-1-1-1,osmo-bsc-594654bd47-7l68h,1,5
1782283082,tc-26-8-1-2-1-1-1,osmo-bts-virtual-5f8b9b86fc-6vtkt,29,5
1782283082,tc-26-8-1-2-1-1-1,osmo-hlr-546bdb8988-dv26d,1,2
1782283082,tc-26-8-1-2-1-1-1,osmo-mgw-8c8fc67d6-s49xd,1,2
1782283082,tc-26-8-1-2-1-1-1,osmo-mobile-5976fc576b-wkx2z,2,33
1782283082,tc-26-8-1-2-1-1-1,osmo-stp-768687f494-sjcjh,1,2
1782283082,tc-26-8-1-2-1-1-1,ttcn3-tc-26-8-1-2-1-1-1-t5zcn,1,6
1782283082,tc-26-8-1-2-1-1-1,virtphy-7798ff9c7-btctw,6,1
1782283082,tc-26-8-1-3-3-1-7,msc-test-stub-5b875d749d-nh4pl,1,16
1782283082,tc-26-8-1-3-3-1-7,osmo-bsc-594654bd47-wcjc5,1,5
1782283082,tc-26-8-1-3-3-1-7,osmo-bts-virtual-5f8b9b86fc-sjf5l,29,5
1782283082,tc-26-8-1-3-3-1-7,osmo-hlr-546bdb8988-kt455,1,2
1782283082,tc-26-8-1-3-3-1-7,osmo-mgw-8c8fc67d6-82hsl,1,2
1782283082,tc-26-8-1-3-3-1-7,osmo-mobile-6bccfdc6b7-47qzz,2,33
1782283082,tc-26-8-1-3-3-1-7,osmo-stp-768687f494-6b54s,1,2
1782283082,tc-26-8-1-3-3-1-7,ttcn3-tc-26-8-1-3-3-1-1-h2n85,1,6
1782283082,tc-26-8-1-3-3-1-7,virtphy-5c84574666-b9cr2,6,1
1782283082,tc-26-8-1-3-4-6-6,msc-test-stub-5b875d749d-zd9kr,1,16
1782283082,tc-26-8-1-3-4-6-6,osmo-bsc-594654bd47-sq9jn,1,5
1782283082,tc-26-8-1-3-4-6-6,osmo-bts-virtual-5f8b9b86fc-vq9ct,28,7
1782283082,tc-26-8-1-3-4-6-6,osmo-hlr-546bdb8988-thwg2,1,6
1782283082,tc-26-8-1-3-4-6-6,osmo-mgw-8c8fc67d6-qhtng,1,4
1782283082,tc-26-8-1-3-4-6-6,osmo-mobile-69b4658d4b-ph2md,2,60
1782283082,tc-26-8-1-3-4-6-6,osmo-stp-768687f494-rdztz,1,2
1782283082,tc-26-8-1-3-4-6-6,ttcn3-tc-26-8-1-3-4-6-1-czpd6,1,16
1782283082,tc-26-8-1-3-4-6-6,virtphy-65f469bd7-gplgh,6,2
1782283084,kube-system,coredns-c4dbffb5f-p9rsr,2,29
1782283084,kube-system,local-path-provisioner-5c4dc5d66d-nfqxz,1,15
1782283084,kube-system,metrics-server-786d997795-hcp2m,12,46
1782283084,kube-system,svclb-traefik-1100f998-kpm9h,0,0
1782283084,kube-system,traefik-9bcdbbd9-qtpjt,1,36
1782283084,tc-26-6-11-1-9,msc-test-stub-5b875d749d-mx9h8,1,16
1782283084,tc-26-6-11-1-9,osmo-bsc-594654bd47-22w8h,1,5
1782283084,tc-26-6-11-1-9,osmo-bts-virtual-5f8b9b86fc-98h4z,30,5
1782283084,tc-26-6-11-1-9,osmo-hlr-546bdb8988-mbk5k,1,2
1782283084,tc-26-6-11-1-9,osmo-mgw-8c8fc67d6-95rkp,1,2
1782283084,tc-26-6-11-1-9,osmo-mobile-654dfdc996-rvbm9,2,33
1782283084,tc-26-6-11-1-9,osmo-stp-768687f494-b2r4v,1,2
1782283084,tc-26-6-11-1-9,ttcn3-tc-26-6-11-1-1-vk89h,1,11
1782283084,tc-26-6-11-1-9,virtphy-7dc46555f-httmn,6,1
1782283084,tc-26-6-2-1-1-10,msc-test-stub-5b875d749d-sf5nr,1,16
1782283084,tc-26-6-2-1-1-10,osmo-bsc-594654bd47-lgm95,1,5
1782283084,tc-26-6-2-1-1-10,osmo-bts-virtual-5f8b9b86fc-lz8v5,28,5
1782283084,tc-26-6-2-1-1-10,osmo-hlr-546bdb8988-gjv5l,1,2
1782283084,tc-26-6-2-1-1-10,osmo-mgw-8c8fc67d6-t5sth,1,2
1782283084,tc-26-6-2-1-1-10,osmo-mobile-587bd5b846-btmbs,3,33
1782283084,tc-26-6-2-1-1-10,osmo-stp-768687f494-pq8rn,1,2
1782283084,tc-26-6-2-1-1-10,ttcn3-tc-26-6-2-1-1-1-lkbnz,1,8
1782283084,tc-26-6-2-1-1-10,virtphy-96dd7697f-dbfnf,6,1
1782283084,tc-26-6-2-4-8,msc-test-stub-5b875d749d-xvhpf,1,16
1782283084,tc-26-6-2-4-8,osmo-bsc-594654bd47-msv6c,1,5
1782283084,tc-26-6-2-4-8,osmo-bts-virtual-5f8b9b86fc-g8mvt,29,5
1782283084,tc-26-6-2-4-8,osmo-hlr-546bdb8988-8gkbl,1,2
1782283084,tc-26-6-2-4-8,osmo-mgw-8c8fc67d6-n8kkk,1,2
1782283084,tc-26-6-2-4-8,osmo-mobile-67b9dc6556-l7d2s,2,33
1782283084,tc-26-6-2-4-8,osmo-stp-768687f494-ncn4x,1,2
1782283084,tc-26-6-2-4-8,ttcn3-tc-26-6-2-4-1-f9g9d,1,6
1782283084,tc-26-6-2-4-8,virtphy-7f5dbd568c-wpbgd,6,1
1782283084,tc-26-6-8-2-2,msc-test-stub-5b875d749d-kcsvh,1,22
1782283084,tc-26-6-8-2-2,osmo-bsc-594654bd47-tkgsl,1,7
1782283084,tc-26-6-8-2-2,osmo-bts-virtual-5f8b9b86fc-qmlq8,29,5
1782283084,tc-26-6-8-2-2,osmo-hlr-546bdb8988-rctw6,1,2
1782283084,tc-26-6-8-2-2,osmo-mgw-8c8fc67d6-ghvzw,1,4
1782283084,tc-26-6-8-2-2,osmo-mobile-6cf757f4bb-jmfpr,2,43
1782283084,tc-26-6-8-2-2,osmo-stp-768687f494-sqt65,1,6
1782283084,tc-26-6-8-2-2,ttcn3-tc-26-6-8-2-1-cx9pr,1,15
1782283084,tc-26-6-8-2-2,virtphy-fc8dddd4c-4r9tc,6,1
1782283084,tc-26-7-2-1-4,msc-test-stub-5b875d749d-f4nnq,1,16
1782283084,tc-26-7-2-1-4,osmo-bsc-594654bd47-l6cj2,1,5
1782283084,tc-26-7-2-1-4,osmo-bts-virtual-5f8b9b86fc-kzkkp,29,5
1782283084,tc-26-7-2-1-4,osmo-hlr-546bdb8988-kllvn,1,2
1782283084,tc-26-7-2-1-4,osmo-mgw-8c8fc67d6-v4v28,1,2
1782283084,tc-26-7-2-1-4,osmo-mobile-64dcc87988-r4bxs,3,36
1782283084,tc-26-7-2-1-4,osmo-stp-768687f494-t9pm5,1,2
1782283084,tc-26-7-2-1-4,virtphy-6f8b6f6885-hg7cs,7,1
1782283084,tc-26-7-2-2-3,msc-test-stub-5b875d749d-2k5jx,1,16
1782283084,tc-26-7-2-2-3,osmo-bsc-594654bd47-bjbll,1,5
1782283084,tc-26-7-2-2-3,osmo-bts-virtual-5f8b9b86fc-dj9j7,28,5
1782283084,tc-26-7-2-2-3,osmo-hlr-546bdb8988-q5xcs,1,2
1782283084,tc-26-7-2-2-3,osmo-mgw-8c8fc67d6-w7mb7,1,2
1782283084,tc-26-7-2-2-3,osmo-mobile-65b5958d7b-nd7wr,2,36
1782283084,tc-26-7-2-2-3,osmo-stp-768687f494-x889n,1,2
1782283084,tc-26-7-2-2-3,virtphy-669796d86c-dl9dt,6,1
1782283084,tc-26-7-4-1-11,msc-test-stub-5b875d749d-nf4fk,1,16
1782283084,tc-26-7-4-1-11,osmo-bsc-594654bd47-qlrkz,1,5
1782283084,tc-26-7-4-1-11,osmo-bts-virtual-5f8b9b86fc-ksxp2,29,5
1782283084,tc-26-7-4-1-11,osmo-hlr-546bdb8988-m7slh,1,2
1782283084,tc-26-7-4-1-11,osmo-mgw-8c8fc67d6-blwgc,1,2
1782283084,tc-26-7-4-1-11,osmo-mobile-57ffcc5b84-bcb6v,2,33
1782283084,tc-26-7-4-1-11,osmo-stp-768687f494-cdvls,1,2
1782283084,tc-26-7-4-1-11,ttcn3-tc-26-7-4-1-1-vfwzt,1,6
1782283084,tc-26-7-4-1-11,virtphy-689cb88f6c-lpfmk,7,1
1782283084,tc-26-7-5-3-12,msc-test-stub-5b875d749d-9xvl9,1,16
1782283084,tc-26-7-5-3-12,osmo-bsc-594654bd47-b8kpq,1,5
1782283084,tc-26-7-5-3-12,osmo-bts-virtual-5f8b9b86fc-wl7k2,29,5
1782283084,tc-26-7-5-3-12,osmo-hlr-546bdb8988-d6l2s,1,2
1782283084,tc-26-7-5-3-12,osmo-mgw-8c8fc67d6-xp48l,1,2
1782283084,tc-26-7-5-3-12,osmo-mobile-79c8f8bc4b-mc6jq,2,36
1782283084,tc-26-7-5-3-12,osmo-stp-768687f494-2nqzv,1,2
1782283084,tc-26-7-5-3-12,virtphy-56cc7fd87-gnrrq,6,1
1782283084,tc-26-7-5-6-5,msc-test-stub-5b875d749d-sq5zl,1,16
1782283084,tc-26-7-5-6-5,osmo-bsc-594654bd47-qwxkf,1,5
1782283084,tc-26-7-5-6-5,osmo-bts-virtual-5f8b9b86fc-wfjwc,30,5
1782283084,tc-26-7-5-6-5,osmo-hlr-546bdb8988-76xzt,1,2
1782283084,tc-26-7-5-6-5,osmo-mgw-8c8fc67d6-t8q8x,1,2
1782283084,tc-26-7-5-6-5,osmo-mobile-6b9545c69c-t2mvr,2,33
1782283084,tc-26-7-5-6-5,osmo-stp-768687f494-gwqpr,1,2
1782283084,tc-26-7-5-6-5,ttcn3-tc-26-7-5-6-1-p6rcf,1,6
1782283084,tc-26-7-5-6-5,virtphy-5fc5689b8-jn7vs,7,1
1782283084,tc-26-8-1-2-1-1-1,msc-test-stub-5b875d749d-v48d2,1,16
1782283084,tc-26-8-1-2-1-1-1,osmo-bsc-594654bd47-7l68h,1,5
1782283084,tc-26-8-1-2-1-1-1,osmo-bts-virtual-5f8b9b86fc-6vtkt,29,5
1782283084,tc-26-8-1-2-1-1-1,osmo-hlr-546bdb8988-dv26d,1,2
1782283084,tc-26-8-1-2-1-1-1,osmo-mgw-8c8fc67d6-s49xd,1,2
1782283084,tc-26-8-1-2-1-1-1,osmo-mobile-5976fc576b-wkx2z,2,33
1782283084,tc-26-8-1-2-1-1-1,osmo-stp-768687f494-sjcjh,1,2
1782283084,tc-26-8-1-2-1-1-1,ttcn3-tc-26-8-1-2-1-1-1-t5zcn,1,6
1782283084,tc-26-8-1-2-1-1-1,virtphy-7798ff9c7-btctw,6,1
1782283084,tc-26-8-1-3-3-1-7,msc-test-stub-5b875d749d-nh4pl,1,16
1782283084,tc-26-8-1-3-3-1-7,osmo-bsc-594654bd47-wcjc5,1,5
1782283084,tc-26-8-1-3-3-1-7,osmo-bts-virtual-5f8b9b86fc-sjf5l,29,5
1782283084,tc-26-8-1-3-3-1-7,osmo-hlr-546bdb8988-kt455,1,2
1782283084,tc-26-8-1-3-3-1-7,osmo-mgw-8c8fc67d6-82hsl,1,2
1782283084,tc-26-8-1-3-3-1-7,osmo-mobile-6bccfdc6b7-47qzz,2,33
1782283084,tc-26-8-1-3-3-1-7,osmo-stp-768687f494-6b54s,1,2
1782283084,tc-26-8-1-3-3-1-7,ttcn3-tc-26-8-1-3-3-1-1-h2n85,1,6
1782283084,tc-26-8-1-3-3-1-7,virtphy-5c84574666-b9cr2,6,1
1782283084,tc-26-8-1-3-4-6-6,msc-test-stub-5b875d749d-zd9kr,1,16
1782283084,tc-26-8-1-3-4-6-6,osmo-bsc-594654bd47-sq9jn,1,5
1782283084,tc-26-8-1-3-4-6-6,osmo-bts-virtual-5f8b9b86fc-vq9ct,28,7
1782283084,tc-26-8-1-3-4-6-6,osmo-hlr-546bdb8988-thwg2,1,6
1782283084,tc-26-8-1-3-4-6-6,osmo-mgw-8c8fc67d6-qhtng,1,4
1782283084,tc-26-8-1-3-4-6-6,osmo-mobile-69b4658d4b-ph2md,2,60
1782283084,tc-26-8-1-3-4-6-6,osmo-stp-768687f494-rdztz,1,2
1782283084,tc-26-8-1-3-4-6-6,ttcn3-tc-26-8-1-3-4-6-1-czpd6,1,16
1782283084,tc-26-8-1-3-4-6-6,virtphy-65f469bd7-gplgh,6,2
1782283087,kube-system,coredns-c4dbffb5f-p9rsr,2,29
1782283087,kube-system,local-path-provisioner-5c4dc5d66d-nfqxz,1,15
1782283087,kube-system,metrics-server-786d997795-hcp2m,12,46
1782283087,kube-system,svclb-traefik-1100f998-kpm9h,0,0
1782283087,kube-system,traefik-9bcdbbd9-qtpjt,1,36
1782283087,tc-26-6-11-1-9,msc-test-stub-5b875d749d-mx9h8,1,16
1782283087,tc-26-6-11-1-9,osmo-bsc-594654bd47-22w8h,1,5
1782283087,tc-26-6-11-1-9,osmo-bts-virtual-5f8b9b86fc-98h4z,30,5
1782283087,tc-26-6-11-1-9,osmo-hlr-546bdb8988-mbk5k,1,2
1782283087,tc-26-6-11-1-9,osmo-mgw-8c8fc67d6-95rkp,1,2
1782283087,tc-26-6-11-1-9,osmo-mobile-654dfdc996-rvbm9,2,33
1782283087,tc-26-6-11-1-9,osmo-stp-768687f494-b2r4v,1,2
1782283087,tc-26-6-11-1-9,ttcn3-tc-26-6-11-1-1-vk89h,1,11
1782283087,tc-26-6-11-1-9,virtphy-7dc46555f-httmn,6,1
1782283087,tc-26-6-2-1-1-10,msc-test-stub-5b875d749d-sf5nr,1,16
1782283087,tc-26-6-2-1-1-10,osmo-bsc-594654bd47-lgm95,1,5
1782283087,tc-26-6-2-1-1-10,osmo-bts-virtual-5f8b9b86fc-lz8v5,28,5
1782283087,tc-26-6-2-1-1-10,osmo-hlr-546bdb8988-gjv5l,1,2
1782283087,tc-26-6-2-1-1-10,osmo-mgw-8c8fc67d6-t5sth,1,2
1782283087,tc-26-6-2-1-1-10,osmo-mobile-587bd5b846-btmbs,3,33
1782283087,tc-26-6-2-1-1-10,osmo-stp-768687f494-pq8rn,1,2
1782283087,tc-26-6-2-1-1-10,ttcn3-tc-26-6-2-1-1-1-lkbnz,1,8
1782283087,tc-26-6-2-1-1-10,virtphy-96dd7697f-dbfnf,6,1
1782283087,tc-26-6-2-4-8,msc-test-stub-5b875d749d-xvhpf,1,16
1782283087,tc-26-6-2-4-8,osmo-bsc-594654bd47-msv6c,1,5
1782283087,tc-26-6-2-4-8,osmo-bts-virtual-5f8b9b86fc-g8mvt,29,5
1782283087,tc-26-6-2-4-8,osmo-hlr-546bdb8988-8gkbl,1,2
1782283087,tc-26-6-2-4-8,osmo-mgw-8c8fc67d6-n8kkk,1,2
1782283087,tc-26-6-2-4-8,osmo-mobile-67b9dc6556-l7d2s,2,33
1782283087,tc-26-6-2-4-8,osmo-stp-768687f494-ncn4x,1,2
1782283087,tc-26-6-2-4-8,ttcn3-tc-26-6-2-4-1-f9g9d,1,6
1782283087,tc-26-6-2-4-8,virtphy-7f5dbd568c-wpbgd,6,1
1782283087,tc-26-6-8-2-2,msc-test-stub-5b875d749d-kcsvh,1,22
1782283087,tc-26-6-8-2-2,osmo-bsc-594654bd47-tkgsl,1,7
1782283087,tc-26-6-8-2-2,osmo-bts-virtual-5f8b9b86fc-qmlq8,29,5
1782283087,tc-26-6-8-2-2,osmo-hlr-546bdb8988-rctw6,1,2
1782283087,tc-26-6-8-2-2,osmo-mgw-8c8fc67d6-ghvzw,1,4
1782283087,tc-26-6-8-2-2,osmo-mobile-6cf757f4bb-jmfpr,2,43
1782283087,tc-26-6-8-2-2,osmo-stp-768687f494-sqt65,1,6
1782283087,tc-26-6-8-2-2,ttcn3-tc-26-6-8-2-1-cx9pr,1,15
1782283087,tc-26-6-8-2-2,virtphy-fc8dddd4c-4r9tc,6,1
1782283087,tc-26-7-2-1-4,msc-test-stub-5b875d749d-f4nnq,1,16
1782283087,tc-26-7-2-1-4,osmo-bsc-594654bd47-l6cj2,1,5
1782283087,tc-26-7-2-1-4,osmo-bts-virtual-5f8b9b86fc-kzkkp,29,5
1782283087,tc-26-7-2-1-4,osmo-hlr-546bdb8988-kllvn,1,2
1782283087,tc-26-7-2-1-4,osmo-mgw-8c8fc67d6-v4v28,1,2
1782283087,tc-26-7-2-1-4,osmo-mobile-64dcc87988-r4bxs,3,36
1782283087,tc-26-7-2-1-4,osmo-stp-768687f494-t9pm5,1,2
1782283087,tc-26-7-2-1-4,virtphy-6f8b6f6885-hg7cs,7,1
1782283087,tc-26-7-2-2-3,msc-test-stub-5b875d749d-2k5jx,1,16
1782283087,tc-26-7-2-2-3,osmo-bsc-594654bd47-bjbll,1,5
1782283087,tc-26-7-2-2-3,osmo-bts-virtual-5f8b9b86fc-dj9j7,28,5
1782283087,tc-26-7-2-2-3,osmo-hlr-546bdb8988-q5xcs,1,2
1782283087,tc-26-7-2-2-3,osmo-mgw-8c8fc67d6-w7mb7,1,2
1782283087,tc-26-7-2-2-3,osmo-mobile-65b5958d7b-nd7wr,2,36
1782283087,tc-26-7-2-2-3,osmo-stp-768687f494-x889n,1,2
1782283087,tc-26-7-2-2-3,virtphy-669796d86c-dl9dt,6,1
1782283087,tc-26-7-4-1-11,msc-test-stub-5b875d749d-nf4fk,1,16
1782283087,tc-26-7-4-1-11,osmo-bsc-594654bd47-qlrkz,1,5
1782283087,tc-26-7-4-1-11,osmo-bts-virtual-5f8b9b86fc-ksxp2,29,5
1782283087,tc-26-7-4-1-11,osmo-hlr-546bdb8988-m7slh,1,2
1782283087,tc-26-7-4-1-11,osmo-mgw-8c8fc67d6-blwgc,1,2
1782283087,tc-26-7-4-1-11,osmo-mobile-57ffcc5b84-bcb6v,2,33
1782283087,tc-26-7-4-1-11,osmo-stp-768687f494-cdvls,1,2
1782283087,tc-26-7-4-1-11,ttcn3-tc-26-7-4-1-1-vfwzt,1,6
1782283087,tc-26-7-4-1-11,virtphy-689cb88f6c-lpfmk,7,1
1782283087,tc-26-7-5-3-12,msc-test-stub-5b875d749d-9xvl9,1,16
1782283087,tc-26-7-5-3-12,osmo-bsc-594654bd47-b8kpq,1,5
1782283087,tc-26-7-5-3-12,osmo-bts-virtual-5f8b9b86fc-wl7k2,29,5
1782283087,tc-26-7-5-3-12,osmo-hlr-546bdb8988-d6l2s,1,2
1782283087,tc-26-7-5-3-12,osmo-mgw-8c8fc67d6-xp48l,1,2
1782283087,tc-26-7-5-3-12,osmo-mobile-79c8f8bc4b-mc6jq,2,36
1782283087,tc-26-7-5-3-12,osmo-stp-768687f494-2nqzv,1,2
1782283087,tc-26-7-5-3-12,virtphy-56cc7fd87-gnrrq,6,1
1782283087,tc-26-7-5-6-5,msc-test-stub-5b875d749d-sq5zl,1,16
1782283087,tc-26-7-5-6-5,osmo-bsc-594654bd47-qwxkf,1,5
1782283087,tc-26-7-5-6-5,osmo-bts-virtual-5f8b9b86fc-wfjwc,30,5
1782283087,tc-26-7-5-6-5,osmo-hlr-546bdb8988-76xzt,1,2
1782283087,tc-26-7-5-6-5,osmo-mgw-8c8fc67d6-t8q8x,1,2
1782283087,tc-26-7-5-6-5,osmo-mobile-6b9545c69c-t2mvr,2,33
1782283087,tc-26-7-5-6-5,osmo-stp-768687f494-gwqpr,1,2
1782283087,tc-26-7-5-6-5,ttcn3-tc-26-7-5-6-1-p6rcf,1,6
1782283087,tc-26-7-5-6-5,virtphy-5fc5689b8-jn7vs,7,1
1782283087,tc-26-8-1-2-1-1-1,msc-test-stub-5b875d749d-v48d2,1,16
1782283087,tc-26-8-1-2-1-1-1,osmo-bsc-594654bd47-7l68h,1,5
1782283087,tc-26-8-1-2-1-1-1,osmo-bts-virtual-5f8b9b86fc-6vtkt,29,5
1782283087,tc-26-8-1-2-1-1-1,osmo-hlr-546bdb8988-dv26d,1,2
1782283087,tc-26-8-1-2-1-1-1,osmo-mgw-8c8fc67d6-s49xd,1,2
1782283087,tc-26-8-1-2-1-1-1,osmo-mobile-5976fc576b-wkx2z,2,33
1782283087,tc-26-8-1-2-1-1-1,osmo-stp-768687f494-sjcjh,1,2
1782283087,tc-26-8-1-2-1-1-1,ttcn3-tc-26-8-1-2-1-1-1-t5zcn,1,6
1782283087,tc-26-8-1-2-1-1-1,virtphy-7798ff9c7-btctw,6,1
1782283087,tc-26-8-1-3-3-1-7,msc-test-stub-5b875d749d-nh4pl,1,16
1782283087,tc-26-8-1-3-3-1-7,osmo-bsc-594654bd47-wcjc5,1,5
1782283087,tc-26-8-1-3-3-1-7,osmo-bts-virtual-5f8b9b86fc-sjf5l,29,5
1782283087,tc-26-8-1-3-3-1-7,osmo-hlr-546bdb8988-kt455,1,2
1782283087,tc-26-8-1-3-3-1-7,osmo-mgw-8c8fc67d6-82hsl,1,2
1782283087,tc-26-8-1-3-3-1-7,osmo-mobile-6bccfdc6b7-47qzz,2,33
1782283087,tc-26-8-1-3-3-1-7,osmo-stp-768687f494-6b54s,1,2
1782283087,tc-26-8-1-3-3-1-7,ttcn3-tc-26-8-1-3-3-1-1-h2n85,1,6
1782283087,tc-26-8-1-3-3-1-7,virtphy-5c84574666-b9cr2,6,1
1782283087,tc-26-8-1-3-4-6-6,msc-test-stub-5b875d749d-zd9kr,1,16
1782283087,tc-26-8-1-3-4-6-6,osmo-bsc-594654bd47-sq9jn,1,5
1782283087,tc-26-8-1-3-4-6-6,osmo-bts-virtual-5f8b9b86fc-vq9ct,28,7
1782283087,tc-26-8-1-3-4-6-6,osmo-hlr-546bdb8988-thwg2,1,6
1782283087,tc-26-8-1-3-4-6-6,osmo-mgw-8c8fc67d6-qhtng,1,4
1782283087,tc-26-8-1-3-4-6-6,osmo-mobile-69b4658d4b-ph2md,2,60
1782283087,tc-26-8-1-3-4-6-6,osmo-stp-768687f494-rdztz,1,2
1782283087,tc-26-8-1-3-4-6-6,ttcn3-tc-26-8-1-3-4-6-1-czpd6,1,16
1782283087,tc-26-8-1-3-4-6-6,virtphy-65f469bd7-gplgh,6,2
1782283090,kube-system,coredns-c4dbffb5f-p9rsr,2,29
1782283090,kube-system,local-path-provisioner-5c4dc5d66d-nfqxz,1,15
1782283090,kube-system,metrics-server-786d997795-hcp2m,12,46
1782283090,kube-system,svclb-traefik-1100f998-kpm9h,0,0
1782283090,kube-system,traefik-9bcdbbd9-qtpjt,1,36
1782283090,tc-26-6-11-1-9,msc-test-stub-5b875d749d-mx9h8,1,16
1782283090,tc-26-6-11-1-9,osmo-bsc-594654bd47-22w8h,1,5
1782283090,tc-26-6-11-1-9,osmo-bts-virtual-5f8b9b86fc-98h4z,30,5
1782283090,tc-26-6-11-1-9,osmo-hlr-546bdb8988-mbk5k,1,2
1782283090,tc-26-6-11-1-9,osmo-mgw-8c8fc67d6-95rkp,1,2
1782283090,tc-26-6-11-1-9,osmo-mobile-654dfdc996-rvbm9,2,33
1782283090,tc-26-6-11-1-9,osmo-stp-768687f494-b2r4v,1,2
1782283090,tc-26-6-11-1-9,ttcn3-tc-26-6-11-1-1-vk89h,1,11
1782283090,tc-26-6-11-1-9,virtphy-7dc46555f-httmn,6,1
1782283090,tc-26-6-2-1-1-10,msc-test-stub-5b875d749d-sf5nr,1,16
1782283090,tc-26-6-2-1-1-10,osmo-bsc-594654bd47-lgm95,1,5
1782283090,tc-26-6-2-1-1-10,osmo-bts-virtual-5f8b9b86fc-lz8v5,28,5
1782283090,tc-26-6-2-1-1-10,osmo-hlr-546bdb8988-gjv5l,1,2
1782283090,tc-26-6-2-1-1-10,osmo-mgw-8c8fc67d6-t5sth,1,2
1782283090,tc-26-6-2-1-1-10,osmo-mobile-587bd5b846-btmbs,3,33
1782283090,tc-26-6-2-1-1-10,osmo-stp-768687f494-pq8rn,1,2
1782283090,tc-26-6-2-1-1-10,ttcn3-tc-26-6-2-1-1-1-lkbnz,1,8
1782283090,tc-26-6-2-1-1-10,virtphy-96dd7697f-dbfnf,6,1
1782283090,tc-26-6-2-4-8,msc-test-stub-5b875d749d-xvhpf,1,16
1782283090,tc-26-6-2-4-8,osmo-bsc-594654bd47-msv6c,1,5
1782283090,tc-26-6-2-4-8,osmo-bts-virtual-5f8b9b86fc-g8mvt,29,5
1782283090,tc-26-6-2-4-8,osmo-hlr-546bdb8988-8gkbl,1,2
1782283090,tc-26-6-2-4-8,osmo-mgw-8c8fc67d6-n8kkk,1,2
1782283090,tc-26-6-2-4-8,osmo-mobile-67b9dc6556-l7d2s,2,33
1782283090,tc-26-6-2-4-8,osmo-stp-768687f494-ncn4x,1,2
1782283090,tc-26-6-2-4-8,ttcn3-tc-26-6-2-4-1-f9g9d,1,6
1782283090,tc-26-6-2-4-8,virtphy-7f5dbd568c-wpbgd,6,1
1782283090,tc-26-6-8-2-2,msc-test-stub-5b875d749d-kcsvh,1,22
1782283090,tc-26-6-8-2-2,osmo-bsc-594654bd47-tkgsl,1,7
1782283090,tc-26-6-8-2-2,osmo-bts-virtual-5f8b9b86fc-qmlq8,29,5
1782283090,tc-26-6-8-2-2,osmo-hlr-546bdb8988-rctw6,1,2
1782283090,tc-26-6-8-2-2,osmo-mgw-8c8fc67d6-ghvzw,1,4
1782283090,tc-26-6-8-2-2,osmo-mobile-6cf757f4bb-jmfpr,2,43
1782283090,tc-26-6-8-2-2,osmo-stp-768687f494-sqt65,1,6
1782283090,tc-26-6-8-2-2,ttcn3-tc-26-6-8-2-1-cx9pr,1,15
1782283090,tc-26-6-8-2-2,virtphy-fc8dddd4c-4r9tc,6,1
1782283090,tc-26-7-2-1-4,msc-test-stub-5b875d749d-f4nnq,1,16
1782283090,tc-26-7-2-1-4,osmo-bsc-594654bd47-l6cj2,1,5
1782283090,tc-26-7-2-1-4,osmo-bts-virtual-5f8b9b86fc-kzkkp,29,5
1782283090,tc-26-7-2-1-4,osmo-hlr-546bdb8988-kllvn,1,2
1782283090,tc-26-7-2-1-4,osmo-mgw-8c8fc67d6-v4v28,1,2
1782283090,tc-26-7-2-1-4,osmo-mobile-64dcc87988-r4bxs,3,36
1782283090,tc-26-7-2-1-4,osmo-stp-768687f494-t9pm5,1,2
1782283090,tc-26-7-2-1-4,virtphy-6f8b6f6885-hg7cs,7,1
1782283090,tc-26-7-2-2-3,msc-test-stub-5b875d749d-2k5jx,1,16
1782283090,tc-26-7-2-2-3,osmo-bsc-594654bd47-bjbll,1,5
1782283090,tc-26-7-2-2-3,osmo-bts-virtual-5f8b9b86fc-dj9j7,28,5
1782283090,tc-26-7-2-2-3,osmo-hlr-546bdb8988-q5xcs,1,2
1782283090,tc-26-7-2-2-3,osmo-mgw-8c8fc67d6-w7mb7,1,2
1782283090,tc-26-7-2-2-3,osmo-mobile-65b5958d7b-nd7wr,2,36
1782283090,tc-26-7-2-2-3,osmo-stp-768687f494-x889n,1,2
1782283090,tc-26-7-2-2-3,virtphy-669796d86c-dl9dt,6,1
1782283090,tc-26-7-4-1-11,msc-test-stub-5b875d749d-nf4fk,1,16
1782283090,tc-26-7-4-1-11,osmo-bsc-594654bd47-qlrkz,1,5
1782283090,tc-26-7-4-1-11,osmo-bts-virtual-5f8b9b86fc-ksxp2,29,5
1782283090,tc-26-7-4-1-11,osmo-hlr-546bdb8988-m7slh,1,2
1782283090,tc-26-7-4-1-11,osmo-mgw-8c8fc67d6-blwgc,1,2
1782283090,tc-26-7-4-1-11,osmo-mobile-57ffcc5b84-bcb6v,2,33
1782283090,tc-26-7-4-1-11,osmo-stp-768687f494-cdvls,1,2
1782283090,tc-26-7-4-1-11,ttcn3-tc-26-7-4-1-1-vfwzt,1,6
1782283090,tc-26-7-4-1-11,virtphy-689cb88f6c-lpfmk,7,1
1782283090,tc-26-7-5-3-12,msc-test-stub-5b875d749d-9xvl9,1,16
1782283090,tc-26-7-5-3-12,osmo-bsc-594654bd47-b8kpq,1,5
1782283090,tc-26-7-5-3-12,osmo-bts-virtual-5f8b9b86fc-wl7k2,29,5
1782283090,tc-26-7-5-3-12,osmo-hlr-546bdb8988-d6l2s,1,2
1782283090,tc-26-7-5-3-12,osmo-mgw-8c8fc67d6-xp48l,1,2
1782283090,tc-26-7-5-3-12,osmo-mobile-79c8f8bc4b-mc6jq,2,36
1782283090,tc-26-7-5-3-12,osmo-stp-768687f494-2nqzv,1,2
1782283090,tc-26-7-5-3-12,virtphy-56cc7fd87-gnrrq,6,1
1782283090,tc-26-7-5-6-5,msc-test-stub-5b875d749d-sq5zl,1,16
1782283090,tc-26-7-5-6-5,osmo-bsc-594654bd47-qwxkf,1,5
1782283090,tc-26-7-5-6-5,osmo-bts-virtual-5f8b9b86fc-wfjwc,30,5
1782283090,tc-26-7-5-6-5,osmo-hlr-546bdb8988-76xzt,1,2
1782283090,tc-26-7-5-6-5,osmo-mgw-8c8fc67d6-t8q8x,1,2
1782283090,tc-26-7-5-6-5,osmo-mobile-6b9545c69c-t2mvr,2,33
1782283090,tc-26-7-5-6-5,osmo-stp-768687f494-gwqpr,1,2
1782283090,tc-26-7-5-6-5,ttcn3-tc-26-7-5-6-1-p6rcf,1,6
1782283090,tc-26-7-5-6-5,virtphy-5fc5689b8-jn7vs,7,1
1782283090,tc-26-8-1-2-1-1-1,msc-test-stub-5b875d749d-v48d2,1,16
1782283090,tc-26-8-1-2-1-1-1,osmo-bsc-594654bd47-7l68h,1,5
1782283090,tc-26-8-1-2-1-1-1,osmo-bts-virtual-5f8b9b86fc-6vtkt,29,5
1782283090,tc-26-8-1-2-1-1-1,osmo-hlr-546bdb8988-dv26d,1,2
1782283090,tc-26-8-1-2-1-1-1,osmo-mgw-8c8fc67d6-s49xd,1,2
1782283090,tc-26-8-1-2-1-1-1,osmo-mobile-5976fc576b-wkx2z,2,33
1782283090,tc-26-8-1-2-1-1-1,osmo-stp-768687f494-sjcjh,1,2
1782283090,tc-26-8-1-2-1-1-1,ttcn3-tc-26-8-1-2-1-1-1-t5zcn,1,6
1782283090,tc-26-8-1-2-1-1-1,virtphy-7798ff9c7-btctw,6,1
1782283090,tc-26-8-1-3-3-1-7,msc-test-stub-5b875d749d-nh4pl,1,16
1782283090,tc-26-8-1-3-3-1-7,osmo-bsc-594654bd47-wcjc5,1,5
1782283090,tc-26-8-1-3-3-1-7,osmo-bts-virtual-5f8b9b86fc-sjf5l,29,5
1782283090,tc-26-8-1-3-3-1-7,osmo-hlr-546bdb8988-kt455,1,2
1782283090,tc-26-8-1-3-3-1-7,osmo-mgw-8c8fc67d6-82hsl,1,2
1782283090,tc-26-8-1-3-3-1-7,osmo-mobile-6bccfdc6b7-47qzz,2,33
1782283090,tc-26-8-1-3-3-1-7,osmo-stp-768687f494-6b54s,1,2
1782283090,tc-26-8-1-3-3-1-7,ttcn3-tc-26-8-1-3-3-1-1-h2n85,1,6
1782283090,tc-26-8-1-3-3-1-7,virtphy-5c84574666-b9cr2,6,1
1782283090,tc-26-8-1-3-4-6-6,msc-test-stub-5b875d749d-zd9kr,1,16
1782283090,tc-26-8-1-3-4-6-6,osmo-bsc-594654bd47-sq9jn,1,5
1782283090,tc-26-8-1-3-4-6-6,osmo-bts-virtual-5f8b9b86fc-vq9ct,28,7
1782283090,tc-26-8-1-3-4-6-6,osmo-hlr-546bdb8988-thwg2,1,6
1782283090,tc-26-8-1-3-4-6-6,osmo-mgw-8c8fc67d6-qhtng,1,4
1782283090,tc-26-8-1-3-4-6-6,osmo-mobile-69b4658d4b-ph2md,2,60
1782283090,tc-26-8-1-3-4-6-6,osmo-stp-768687f494-rdztz,1,2
1782283090,tc-26-8-1-3-4-6-6,ttcn3-tc-26-8-1-3-4-6-1-czpd6,1,16
1782283090,tc-26-8-1-3-4-6-6,virtphy-65f469bd7-gplgh,6,2
1782283092,kube-system,coredns-c4dbffb5f-p9rsr,2,29
1782283092,kube-system,local-path-provisioner-5c4dc5d66d-nfqxz,1,15
1782283092,kube-system,metrics-server-786d997795-hcp2m,12,46
1782283092,kube-system,svclb-traefik-1100f998-kpm9h,0,0
1782283092,kube-system,traefik-9bcdbbd9-qtpjt,1,36
1782283092,tc-26-6-11-1-9,msc-test-stub-5b875d749d-mx9h8,1,16
1782283092,tc-26-6-11-1-9,osmo-bsc-594654bd47-22w8h,1,5
1782283092,tc-26-6-11-1-9,osmo-bts-virtual-5f8b9b86fc-98h4z,30,5
1782283092,tc-26-6-11-1-9,osmo-hlr-546bdb8988-mbk5k,1,2
1782283092,tc-26-6-11-1-9,osmo-mgw-8c8fc67d6-95rkp,1,2
1782283092,tc-26-6-11-1-9,osmo-mobile-654dfdc996-rvbm9,2,33
1782283092,tc-26-6-11-1-9,osmo-stp-768687f494-b2r4v,1,2
1782283092,tc-26-6-11-1-9,ttcn3-tc-26-6-11-1-1-vk89h,1,11
1782283092,tc-26-6-11-1-9,virtphy-7dc46555f-httmn,6,1
1782283092,tc-26-6-2-1-1-10,msc-test-stub-5b875d749d-sf5nr,1,16
1782283092,tc-26-6-2-1-1-10,osmo-bsc-594654bd47-lgm95,1,5
1782283092,tc-26-6-2-1-1-10,osmo-bts-virtual-5f8b9b86fc-lz8v5,28,5
1782283092,tc-26-6-2-1-1-10,osmo-hlr-546bdb8988-gjv5l,1,2
1782283092,tc-26-6-2-1-1-10,osmo-mgw-8c8fc67d6-t5sth,1,2
1782283092,tc-26-6-2-1-1-10,osmo-mobile-587bd5b846-btmbs,3,33
1782283092,tc-26-6-2-1-1-10,osmo-stp-768687f494-pq8rn,1,2
1782283092,tc-26-6-2-1-1-10,ttcn3-tc-26-6-2-1-1-1-lkbnz,1,8
1782283092,tc-26-6-2-1-1-10,virtphy-96dd7697f-dbfnf,6,1
1782283092,tc-26-6-2-4-8,msc-test-stub-5b875d749d-xvhpf,1,16
1782283092,tc-26-6-2-4-8,osmo-bsc-594654bd47-msv6c,1,5
1782283092,tc-26-6-2-4-8,osmo-bts-virtual-5f8b9b86fc-g8mvt,29,5
1782283092,tc-26-6-2-4-8,osmo-hlr-546bdb8988-8gkbl,1,2
1782283092,tc-26-6-2-4-8,osmo-mgw-8c8fc67d6-n8kkk,1,2
1782283092,tc-26-6-2-4-8,osmo-mobile-67b9dc6556-l7d2s,2,33
1782283092,tc-26-6-2-4-8,osmo-stp-768687f494-ncn4x,1,2
1782283092,tc-26-6-2-4-8,ttcn3-tc-26-6-2-4-1-f9g9d,1,6
1782283092,tc-26-6-2-4-8,virtphy-7f5dbd568c-wpbgd,6,1
1782283092,tc-26-6-8-2-2,msc-test-stub-5b875d749d-kcsvh,1,22
1782283092,tc-26-6-8-2-2,osmo-bsc-594654bd47-tkgsl,1,7
1782283092,tc-26-6-8-2-2,osmo-bts-virtual-5f8b9b86fc-qmlq8,29,5
1782283092,tc-26-6-8-2-2,osmo-hlr-546bdb8988-rctw6,1,2
1782283092,tc-26-6-8-2-2,osmo-mgw-8c8fc67d6-ghvzw,1,4
1782283092,tc-26-6-8-2-2,osmo-mobile-6cf757f4bb-jmfpr,2,43
1782283092,tc-26-6-8-2-2,osmo-stp-768687f494-sqt65,1,6
1782283092,tc-26-6-8-2-2,ttcn3-tc-26-6-8-2-1-cx9pr,1,15
1782283092,tc-26-6-8-2-2,virtphy-fc8dddd4c-4r9tc,6,1
1782283092,tc-26-7-2-1-4,msc-test-stub-5b875d749d-f4nnq,1,16
1782283092,tc-26-7-2-1-4,osmo-bsc-594654bd47-l6cj2,1,5
1782283092,tc-26-7-2-1-4,osmo-bts-virtual-5f8b9b86fc-kzkkp,29,5
1782283092,tc-26-7-2-1-4,osmo-hlr-546bdb8988-kllvn,1,2
1782283092,tc-26-7-2-1-4,osmo-mgw-8c8fc67d6-v4v28,1,2
1782283092,tc-26-7-2-1-4,osmo-mobile-64dcc87988-r4bxs,3,36
1782283092,tc-26-7-2-1-4,osmo-stp-768687f494-t9pm5,1,2
1782283092,tc-26-7-2-1-4,virtphy-6f8b6f6885-hg7cs,7,1
1782283092,tc-26-7-2-2-3,msc-test-stub-5b875d749d-2k5jx,1,16
1782283092,tc-26-7-2-2-3,osmo-bsc-594654bd47-bjbll,1,5
1782283092,tc-26-7-2-2-3,osmo-bts-virtual-5f8b9b86fc-dj9j7,28,5
1782283092,tc-26-7-2-2-3,osmo-hlr-546bdb8988-q5xcs,1,2
1782283092,tc-26-7-2-2-3,osmo-mgw-8c8fc67d6-w7mb7,1,2
1782283092,tc-26-7-2-2-3,osmo-mobile-65b5958d7b-nd7wr,2,36
1782283092,tc-26-7-2-2-3,osmo-stp-768687f494-x889n,1,2
1782283092,tc-26-7-2-2-3,virtphy-669796d86c-dl9dt,6,1
1782283092,tc-26-7-4-1-11,msc-test-stub-5b875d749d-nf4fk,1,16
1782283092,tc-26-7-4-1-11,osmo-bsc-594654bd47-qlrkz,1,5
1782283092,tc-26-7-4-1-11,osmo-bts-virtual-5f8b9b86fc-ksxp2,29,5
1782283092,tc-26-7-4-1-11,osmo-hlr-546bdb8988-m7slh,1,2
1782283092,tc-26-7-4-1-11,osmo-mgw-8c8fc67d6-blwgc,1,2
1782283092,tc-26-7-4-1-11,osmo-mobile-57ffcc5b84-bcb6v,2,33
1782283092,tc-26-7-4-1-11,osmo-stp-768687f494-cdvls,1,2
1782283092,tc-26-7-4-1-11,ttcn3-tc-26-7-4-1-1-vfwzt,1,6
1782283092,tc-26-7-4-1-11,virtphy-689cb88f6c-lpfmk,7,1
1782283092,tc-26-7-5-3-12,msc-test-stub-5b875d749d-9xvl9,1,16
1782283092,tc-26-7-5-3-12,osmo-bsc-594654bd47-b8kpq,1,5
1782283092,tc-26-7-5-3-12,osmo-bts-virtual-5f8b9b86fc-wl7k2,29,5
1782283092,tc-26-7-5-3-12,osmo-hlr-546bdb8988-d6l2s,1,2
1782283092,tc-26-7-5-3-12,osmo-mgw-8c8fc67d6-xp48l,1,2
1782283092,tc-26-7-5-3-12,osmo-mobile-79c8f8bc4b-mc6jq,2,36
1782283092,tc-26-7-5-3-12,osmo-stp-768687f494-2nqzv,1,2
1782283092,tc-26-7-5-3-12,virtphy-56cc7fd87-gnrrq,6,1
1782283092,tc-26-7-5-6-5,msc-test-stub-5b875d749d-sq5zl,1,16
1782283092,tc-26-7-5-6-5,osmo-bsc-594654bd47-qwxkf,1,5
1782283092,tc-26-7-5-6-5,osmo-bts-virtual-5f8b9b86fc-wfjwc,30,5
1782283092,tc-26-7-5-6-5,osmo-hlr-546bdb8988-76xzt,1,2
1782283092,tc-26-7-5-6-5,osmo-mgw-8c8fc67d6-t8q8x,1,2
1782283092,tc-26-7-5-6-5,osmo-mobile-6b9545c69c-t2mvr,2,33
1782283092,tc-26-7-5-6-5,osmo-stp-768687f494-gwqpr,1,2
1782283092,tc-26-7-5-6-5,ttcn3-tc-26-7-5-6-1-p6rcf,1,6
1782283092,tc-26-7-5-6-5,virtphy-5fc5689b8-jn7vs,7,1
1782283092,tc-26-8-1-2-1-1-1,msc-test-stub-5b875d749d-v48d2,1,16
1782283092,tc-26-8-1-2-1-1-1,osmo-bsc-594654bd47-7l68h,1,5
1782283092,tc-26-8-1-2-1-1-1,osmo-bts-virtual-5f8b9b86fc-6vtkt,29,5
1782283092,tc-26-8-1-2-1-1-1,osmo-hlr-546bdb8988-dv26d,1,2
1782283092,tc-26-8-1-2-1-1-1,osmo-mgw-8c8fc67d6-s49xd,1,2
1782283092,tc-26-8-1-2-1-1-1,osmo-mobile-5976fc576b-wkx2z,2,33
1782283092,tc-26-8-1-2-1-1-1,osmo-stp-768687f494-sjcjh,1,2
1782283092,tc-26-8-1-2-1-1-1,ttcn3-tc-26-8-1-2-1-1-1-t5zcn,1,6
1782283092,tc-26-8-1-2-1-1-1,virtphy-7798ff9c7-btctw,6,1
1782283092,tc-26-8-1-3-3-1-7,msc-test-stub-5b875d749d-nh4pl,1,16
1782283092,tc-26-8-1-3-3-1-7,osmo-bsc-594654bd47-wcjc5,1,5
1782283092,tc-26-8-1-3-3-1-7,osmo-bts-virtual-5f8b9b86fc-sjf5l,29,5
1782283092,tc-26-8-1-3-3-1-7,osmo-hlr-546bdb8988-kt455,1,2
1782283092,tc-26-8-1-3-3-1-7,osmo-mgw-8c8fc67d6-82hsl,1,2
1782283092,tc-26-8-1-3-3-1-7,osmo-mobile-6bccfdc6b7-47qzz,2,33
1782283092,tc-26-8-1-3-3-1-7,osmo-stp-768687f494-6b54s,1,2
1782283092,tc-26-8-1-3-3-1-7,ttcn3-tc-26-8-1-3-3-1-1-h2n85,1,6
1782283092,tc-26-8-1-3-3-1-7,virtphy-5c84574666-b9cr2,6,1
1782283092,tc-26-8-1-3-4-6-6,msc-test-stub-5b875d749d-zd9kr,1,16
1782283092,tc-26-8-1-3-4-6-6,osmo-bsc-594654bd47-sq9jn,1,5
1782283092,tc-26-8-1-3-4-6-6,osmo-bts-virtual-5f8b9b86fc-vq9ct,28,7
1782283092,tc-26-8-1-3-4-6-6,osmo-hlr-546bdb8988-thwg2,1,6
1782283092,tc-26-8-1-3-4-6-6,osmo-mgw-8c8fc67d6-qhtng,1,4
1782283092,tc-26-8-1-3-4-6-6,osmo-mobile-69b4658d4b-ph2md,2,60
1782283092,tc-26-8-1-3-4-6-6,osmo-stp-768687f494-rdztz,1,2
1782283092,tc-26-8-1-3-4-6-6,ttcn3-tc-26-8-1-3-4-6-1-czpd6,1,16
1782283092,tc-26-8-1-3-4-6-6,virtphy-65f469bd7-gplgh,6,2
1782283095,kube-system,coredns-c4dbffb5f-p9rsr,2,29
1782283095,kube-system,local-path-provisioner-5c4dc5d66d-nfqxz,1,15
1782283095,kube-system,metrics-server-786d997795-hcp2m,14,46
1782283095,kube-system,svclb-traefik-1100f998-kpm9h,0,0
1782283095,kube-system,traefik-9bcdbbd9-qtpjt,1,36
1782283095,tc-26-6-11-1-9,msc-test-stub-5b875d749d-mx9h8,1,16
1782283095,tc-26-6-11-1-9,osmo-bsc-594654bd47-22w8h,1,5
1782283095,tc-26-6-11-1-9,osmo-bts-virtual-5f8b9b86fc-98h4z,31,5
1782283095,tc-26-6-11-1-9,osmo-hlr-546bdb8988-mbk5k,1,2
1782283095,tc-26-6-11-1-9,osmo-mgw-8c8fc67d6-95rkp,1,2
1782283095,tc-26-6-11-1-9,osmo-mobile-654dfdc996-rvbm9,2,33
1782283095,tc-26-6-11-1-9,osmo-stp-768687f494-b2r4v,1,2
1782283095,tc-26-6-11-1-9,ttcn3-tc-26-6-11-1-1-vk89h,1,11
1782283095,tc-26-6-11-1-9,virtphy-7dc46555f-httmn,6,1
1782283095,tc-26-6-2-1-1-10,msc-test-stub-5b875d749d-sf5nr,1,16
1782283095,tc-26-6-2-1-1-10,osmo-bsc-594654bd47-lgm95,1,5
1782283095,tc-26-6-2-1-1-10,osmo-bts-virtual-5f8b9b86fc-lz8v5,34,5
1782283095,tc-26-6-2-1-1-10,osmo-hlr-546bdb8988-gjv5l,1,2
1782283095,tc-26-6-2-1-1-10,osmo-mgw-8c8fc67d6-t5sth,1,2
1782283095,tc-26-6-2-1-1-10,osmo-mobile-587bd5b846-btmbs,3,33
1782283095,tc-26-6-2-1-1-10,osmo-stp-768687f494-pq8rn,1,2
1782283095,tc-26-6-2-1-1-10,ttcn3-tc-26-6-2-1-1-1-lkbnz,1,8
1782283095,tc-26-6-2-1-1-10,virtphy-96dd7697f-dbfnf,7,1
1782283095,tc-26-6-2-4-8,msc-test-stub-5b875d749d-xvhpf,1,16
1782283095,tc-26-6-2-4-8,osmo-bsc-594654bd47-msv6c,1,5
1782283095,tc-26-6-2-4-8,osmo-bts-virtual-5f8b9b86fc-g8mvt,30,5
1782283095,tc-26-6-2-4-8,osmo-hlr-546bdb8988-8gkbl,1,2
1782283095,tc-26-6-2-4-8,osmo-mgw-8c8fc67d6-n8kkk,1,2
1782283095,tc-26-6-2-4-8,osmo-mobile-67b9dc6556-l7d2s,3,33
1782283095,tc-26-6-2-4-8,osmo-stp-768687f494-ncn4x,1,2
1782283095,tc-26-6-2-4-8,ttcn3-tc-26-6-2-4-1-f9g9d,1,6
1782283095,tc-26-6-2-4-8,virtphy-7f5dbd568c-wpbgd,7,1
1782283095,tc-26-6-8-2-2,msc-test-stub-5b875d749d-kcsvh,1,22
1782283095,tc-26-6-8-2-2,osmo-bsc-594654bd47-tkgsl,1,7
1782283095,tc-26-6-8-2-2,osmo-bts-virtual-5f8b9b86fc-qmlq8,31,5
1782283095,tc-26-6-8-2-2,osmo-hlr-546bdb8988-rctw6,1,2
1782283095,tc-26-6-8-2-2,osmo-mgw-8c8fc67d6-ghvzw,1,4
1782283095,tc-26-6-8-2-2,osmo-mobile-6cf757f4bb-jmfpr,3,43
1782283095,tc-26-6-8-2-2,osmo-stp-768687f494-sqt65,1,6
1782283095,tc-26-6-8-2-2,ttcn3-tc-26-6-8-2-1-cx9pr,1,15
1782283095,tc-26-6-8-2-2,virtphy-fc8dddd4c-4r9tc,7,1
1782283095,tc-26-7-2-1-4,msc-test-stub-5b875d749d-f4nnq,1,16
1782283095,tc-26-7-2-1-4,osmo-bsc-594654bd47-l6cj2,1,5
1782283095,tc-26-7-2-1-4,osmo-bts-virtual-5f8b9b86fc-kzkkp,31,5
1782283095,tc-26-7-2-1-4,osmo-hlr-546bdb8988-kllvn,1,2
1782283095,tc-26-7-2-1-4,osmo-mgw-8c8fc67d6-v4v28,1,2
1782283095,tc-26-7-2-1-4,osmo-mobile-64dcc87988-r4bxs,3,36
1782283095,tc-26-7-2-1-4,osmo-stp-768687f494-t9pm5,1,2
1782283095,tc-26-7-2-1-4,virtphy-6f8b6f6885-hg7cs,7,1
1782283095,tc-26-7-2-2-3,msc-test-stub-5b875d749d-2k5jx,1,16
1782283095,tc-26-7-2-2-3,osmo-bsc-594654bd47-bjbll,1,5
1782283095,tc-26-7-2-2-3,osmo-bts-virtual-5f8b9b86fc-dj9j7,31,5
1782283095,tc-26-7-2-2-3,osmo-hlr-546bdb8988-q5xcs,1,2
1782283095,tc-26-7-2-2-3,osmo-mgw-8c8fc67d6-w7mb7,1,2
1782283095,tc-26-7-2-2-3,osmo-mobile-65b5958d7b-nd7wr,3,36
1782283095,tc-26-7-2-2-3,osmo-stp-768687f494-x889n,1,2
1782283095,tc-26-7-2-2-3,virtphy-669796d86c-dl9dt,6,1
1782283095,tc-26-7-4-1-11,msc-test-stub-5b875d749d-nf4fk,1,16
1782283095,tc-26-7-4-1-11,osmo-bsc-594654bd47-qlrkz,1,5
1782283095,tc-26-7-4-1-11,osmo-bts-virtual-5f8b9b86fc-ksxp2,33,5
1782283095,tc-26-7-4-1-11,osmo-hlr-546bdb8988-m7slh,1,2
1782283095,tc-26-7-4-1-11,osmo-mgw-8c8fc67d6-blwgc,1,2
1782283095,tc-26-7-4-1-11,osmo-mobile-57ffcc5b84-bcb6v,3,33
1782283095,tc-26-7-4-1-11,osmo-stp-768687f494-cdvls,1,2
1782283095,tc-26-7-4-1-11,ttcn3-tc-26-7-4-1-1-vfwzt,1,6
1782283095,tc-26-7-4-1-11,virtphy-689cb88f6c-lpfmk,7,1
1782283095,tc-26-7-5-3-12,msc-test-stub-5b875d749d-9xvl9,1,16
1782283095,tc-26-7-5-3-12,osmo-bsc-594654bd47-b8kpq,1,5
1782283095,tc-26-7-5-3-12,osmo-bts-virtual-5f8b9b86fc-wl7k2,30,5
1782283095,tc-26-7-5-3-12,osmo-hlr-546bdb8988-d6l2s,1,2
1782283095,tc-26-7-5-3-12,osmo-mgw-8c8fc67d6-xp48l,1,2
1782283095,tc-26-7-5-3-12,osmo-mobile-79c8f8bc4b-mc6jq,3,36
1782283095,tc-26-7-5-3-12,osmo-stp-768687f494-2nqzv,1,2
1782283095,tc-26-7-5-3-12,virtphy-56cc7fd87-gnrrq,7,1
1782283095,tc-26-7-5-6-5,msc-test-stub-5b875d749d-sq5zl,1,16
1782283095,tc-26-7-5-6-5,osmo-bsc-594654bd47-qwxkf,1,5
1782283095,tc-26-7-5-6-5,osmo-bts-virtual-5f8b9b86fc-wfjwc,33,5
1782283095,tc-26-7-5-6-5,osmo-hlr-546bdb8988-76xzt,1,2
1782283095,tc-26-7-5-6-5,osmo-mgw-8c8fc67d6-t8q8x,1,2
1782283095,tc-26-7-5-6-5,osmo-mobile-6b9545c69c-t2mvr,2,33
1782283095,tc-26-7-5-6-5,osmo-stp-768687f494-gwqpr,1,2
1782283095,tc-26-7-5-6-5,ttcn3-tc-26-7-5-6-1-p6rcf,1,6
1782283095,tc-26-7-5-6-5,virtphy-5fc5689b8-jn7vs,7,1
1782283095,tc-26-8-1-2-1-1-1,msc-test-stub-5b875d749d-v48d2,1,16
1782283095,tc-26-8-1-2-1-1-1,osmo-bsc-594654bd47-7l68h,1,5
1782283095,tc-26-8-1-2-1-1-1,osmo-bts-virtual-5f8b9b86fc-6vtkt,31,5
1782283095,tc-26-8-1-2-1-1-1,osmo-hlr-546bdb8988-dv26d,1,2
1782283095,tc-26-8-1-2-1-1-1,osmo-mgw-8c8fc67d6-s49xd,1,2
1782283095,tc-26-8-1-2-1-1-1,osmo-mobile-5976fc576b-wkx2z,3,33
1782283095,tc-26-8-1-2-1-1-1,osmo-stp-768687f494-sjcjh,1,2
1782283095,tc-26-8-1-2-1-1-1,ttcn3-tc-26-8-1-2-1-1-1-t5zcn,1,6
1782283095,tc-26-8-1-2-1-1-1,virtphy-7798ff9c7-btctw,6,1
1782283095,tc-26-8-1-3-3-1-7,msc-test-stub-5b875d749d-nh4pl,1,16
1782283095,tc-26-8-1-3-3-1-7,osmo-bsc-594654bd47-wcjc5,1,5
1782283095,tc-26-8-1-3-3-1-7,osmo-bts-virtual-5f8b9b86fc-sjf5l,36,5
1782283095,tc-26-8-1-3-3-1-7,osmo-hlr-546bdb8988-kt455,1,2
1782283095,tc-26-8-1-3-3-1-7,osmo-mgw-8c8fc67d6-82hsl,1,2
1782283095,tc-26-8-1-3-3-1-7,osmo-mobile-6bccfdc6b7-47qzz,2,33
1782283095,tc-26-8-1-3-3-1-7,osmo-stp-768687f494-6b54s,1,2
1782283095,tc-26-8-1-3-3-1-7,ttcn3-tc-26-8-1-3-3-1-1-h2n85,1,6
1782283095,tc-26-8-1-3-3-1-7,virtphy-5c84574666-b9cr2,7,1
1782283095,tc-26-8-1-3-4-6-6,msc-test-stub-5b875d749d-zd9kr,1,16
1782283095,tc-26-8-1-3-4-6-6,osmo-bsc-594654bd47-sq9jn,1,5
1782283095,tc-26-8-1-3-4-6-6,osmo-bts-virtual-5f8b9b86fc-vq9ct,32,7
1782283095,tc-26-8-1-3-4-6-6,osmo-hlr-546bdb8988-thwg2,1,6
1782283095,tc-26-8-1-3-4-6-6,osmo-mgw-8c8fc67d6-qhtng,1,4
1782283095,tc-26-8-1-3-4-6-6,osmo-mobile-69b4658d4b-ph2md,3,60
1782283095,tc-26-8-1-3-4-6-6,osmo-stp-768687f494-rdztz,1,2
1782283095,tc-26-8-1-3-4-6-6,ttcn3-tc-26-8-1-3-4-6-1-czpd6,1,16
1782283095,tc-26-8-1-3-4-6-6,virtphy-65f469bd7-gplgh,7,2
1782283097,kube-system,coredns-c4dbffb5f-p9rsr,2,29
1782283097,kube-system,local-path-provisioner-5c4dc5d66d-nfqxz,1,15
1782283097,kube-system,metrics-server-786d997795-hcp2m,14,46
1782283097,kube-system,svclb-traefik-1100f998-kpm9h,0,0
1782283097,kube-system,traefik-9bcdbbd9-qtpjt,1,36
1782283097,tc-26-6-11-1-9,msc-test-stub-5b875d749d-mx9h8,1,16
1782283097,tc-26-6-11-1-9,osmo-bsc-594654bd47-22w8h,1,5
1782283097,tc-26-6-11-1-9,osmo-bts-virtual-5f8b9b86fc-98h4z,31,5
1782283097,tc-26-6-11-1-9,osmo-hlr-546bdb8988-mbk5k,1,2
1782283097,tc-26-6-11-1-9,osmo-mgw-8c8fc67d6-95rkp,1,2
1782283097,tc-26-6-11-1-9,osmo-mobile-654dfdc996-rvbm9,2,33
1782283097,tc-26-6-11-1-9,osmo-stp-768687f494-b2r4v,1,2
1782283097,tc-26-6-11-1-9,ttcn3-tc-26-6-11-1-1-vk89h,1,11
1782283097,tc-26-6-11-1-9,virtphy-7dc46555f-httmn,6,1
1782283097,tc-26-6-2-1-1-10,msc-test-stub-5b875d749d-sf5nr,1,16
1782283097,tc-26-6-2-1-1-10,osmo-bsc-594654bd47-lgm95,1,5
1782283097,tc-26-6-2-1-1-10,osmo-bts-virtual-5f8b9b86fc-lz8v5,34,5
1782283097,tc-26-6-2-1-1-10,osmo-hlr-546bdb8988-gjv5l,1,2
1782283097,tc-26-6-2-1-1-10,osmo-mgw-8c8fc67d6-t5sth,1,2
1782283097,tc-26-6-2-1-1-10,osmo-mobile-587bd5b846-btmbs,3,33
1782283097,tc-26-6-2-1-1-10,osmo-stp-768687f494-pq8rn,1,2
1782283097,tc-26-6-2-1-1-10,ttcn3-tc-26-6-2-1-1-1-lkbnz,1,8
1782283097,tc-26-6-2-1-1-10,virtphy-96dd7697f-dbfnf,7,1
1782283097,tc-26-6-2-4-8,msc-test-stub-5b875d749d-xvhpf,1,16
1782283097,tc-26-6-2-4-8,osmo-bsc-594654bd47-msv6c,1,5
1782283097,tc-26-6-2-4-8,osmo-bts-virtual-5f8b9b86fc-g8mvt,30,5
1782283097,tc-26-6-2-4-8,osmo-hlr-546bdb8988-8gkbl,1,2
1782283097,tc-26-6-2-4-8,osmo-mgw-8c8fc67d6-n8kkk,1,2
1782283097,tc-26-6-2-4-8,osmo-mobile-67b9dc6556-l7d2s,3,33
1782283097,tc-26-6-2-4-8,osmo-stp-768687f494-ncn4x,1,2
1782283097,tc-26-6-2-4-8,ttcn3-tc-26-6-2-4-1-f9g9d,1,6
1782283097,tc-26-6-2-4-8,virtphy-7f5dbd568c-wpbgd,7,1
1782283097,tc-26-6-8-2-2,msc-test-stub-5b875d749d-kcsvh,1,22
1782283097,tc-26-6-8-2-2,osmo-bsc-594654bd47-tkgsl,1,7
1782283097,tc-26-6-8-2-2,osmo-bts-virtual-5f8b9b86fc-qmlq8,31,5
1782283097,tc-26-6-8-2-2,osmo-hlr-546bdb8988-rctw6,1,2
1782283097,tc-26-6-8-2-2,osmo-mgw-8c8fc67d6-ghvzw,1,4
1782283097,tc-26-6-8-2-2,osmo-mobile-6cf757f4bb-jmfpr,3,43
1782283097,tc-26-6-8-2-2,osmo-stp-768687f494-sqt65,1,6
1782283097,tc-26-6-8-2-2,ttcn3-tc-26-6-8-2-1-cx9pr,1,15
1782283097,tc-26-6-8-2-2,virtphy-fc8dddd4c-4r9tc,7,1
1782283097,tc-26-7-2-1-4,msc-test-stub-5b875d749d-f4nnq,1,16
1782283097,tc-26-7-2-1-4,osmo-bsc-594654bd47-l6cj2,1,5
1782283097,tc-26-7-2-1-4,osmo-bts-virtual-5f8b9b86fc-kzkkp,31,5
1782283097,tc-26-7-2-1-4,osmo-hlr-546bdb8988-kllvn,1,2
1782283097,tc-26-7-2-1-4,osmo-mgw-8c8fc67d6-v4v28,1,2
1782283097,tc-26-7-2-1-4,osmo-mobile-64dcc87988-r4bxs,3,36
1782283097,tc-26-7-2-1-4,osmo-stp-768687f494-t9pm5,1,2
1782283097,tc-26-7-2-1-4,virtphy-6f8b6f6885-hg7cs,7,1
1782283097,tc-26-7-2-2-3,msc-test-stub-5b875d749d-2k5jx,1,16
1782283097,tc-26-7-2-2-3,osmo-bsc-594654bd47-bjbll,1,5
1782283097,tc-26-7-2-2-3,osmo-bts-virtual-5f8b9b86fc-dj9j7,31,5
1782283097,tc-26-7-2-2-3,osmo-hlr-546bdb8988-q5xcs,1,2
1782283097,tc-26-7-2-2-3,osmo-mgw-8c8fc67d6-w7mb7,1,2
1782283097,tc-26-7-2-2-3,osmo-mobile-65b5958d7b-nd7wr,3,36
1782283097,tc-26-7-2-2-3,osmo-stp-768687f494-x889n,1,2
1782283097,tc-26-7-2-2-3,virtphy-669796d86c-dl9dt,6,1
1782283097,tc-26-7-4-1-11,msc-test-stub-5b875d749d-nf4fk,1,16
1782283097,tc-26-7-4-1-11,osmo-bsc-594654bd47-qlrkz,1,5
1782283097,tc-26-7-4-1-11,osmo-bts-virtual-5f8b9b86fc-ksxp2,33,5
1782283097,tc-26-7-4-1-11,osmo-hlr-546bdb8988-m7slh,1,2
1782283097,tc-26-7-4-1-11,osmo-mgw-8c8fc67d6-blwgc,1,2
1782283097,tc-26-7-4-1-11,osmo-mobile-57ffcc5b84-bcb6v,3,33
1782283097,tc-26-7-4-1-11,osmo-stp-768687f494-cdvls,1,2
1782283097,tc-26-7-4-1-11,ttcn3-tc-26-7-4-1-1-vfwzt,1,6
1782283097,tc-26-7-4-1-11,virtphy-689cb88f6c-lpfmk,7,1
1782283097,tc-26-7-5-3-12,msc-test-stub-5b875d749d-9xvl9,1,16
1782283097,tc-26-7-5-3-12,osmo-bsc-594654bd47-b8kpq,1,5
1782283097,tc-26-7-5-3-12,osmo-bts-virtual-5f8b9b86fc-wl7k2,30,5
1782283097,tc-26-7-5-3-12,osmo-hlr-546bdb8988-d6l2s,1,2
1782283097,tc-26-7-5-3-12,osmo-mgw-8c8fc67d6-xp48l,1,2
1782283097,tc-26-7-5-3-12,osmo-mobile-79c8f8bc4b-mc6jq,3,36
1782283097,tc-26-7-5-3-12,osmo-stp-768687f494-2nqzv,1,2
1782283097,tc-26-7-5-3-12,virtphy-56cc7fd87-gnrrq,7,1
1782283097,tc-26-7-5-6-5,msc-test-stub-5b875d749d-sq5zl,1,16
1782283097,tc-26-7-5-6-5,osmo-bsc-594654bd47-qwxkf,1,5
1782283097,tc-26-7-5-6-5,osmo-bts-virtual-5f8b9b86fc-wfjwc,33,5
1782283097,tc-26-7-5-6-5,osmo-hlr-546bdb8988-76xzt,1,2
1782283097,tc-26-7-5-6-5,osmo-mgw-8c8fc67d6-t8q8x,1,2
1782283097,tc-26-7-5-6-5,osmo-mobile-6b9545c69c-t2mvr,2,33
1782283097,tc-26-7-5-6-5,osmo-stp-768687f494-gwqpr,1,2
1782283097,tc-26-7-5-6-5,ttcn3-tc-26-7-5-6-1-p6rcf,1,6
1782283097,tc-26-7-5-6-5,virtphy-5fc5689b8-jn7vs,7,1
1782283097,tc-26-8-1-2-1-1-1,msc-test-stub-5b875d749d-v48d2,1,16
1782283097,tc-26-8-1-2-1-1-1,osmo-bsc-594654bd47-7l68h,1,5
1782283097,tc-26-8-1-2-1-1-1,osmo-bts-virtual-5f8b9b86fc-6vtkt,31,5
1782283097,tc-26-8-1-2-1-1-1,osmo-hlr-546bdb8988-dv26d,1,2
1782283097,tc-26-8-1-2-1-1-1,osmo-mgw-8c8fc67d6-s49xd,1,2
1782283097,tc-26-8-1-2-1-1-1,osmo-mobile-5976fc576b-wkx2z,3,33
1782283097,tc-26-8-1-2-1-1-1,osmo-stp-768687f494-sjcjh,1,2
1782283097,tc-26-8-1-2-1-1-1,ttcn3-tc-26-8-1-2-1-1-1-t5zcn,1,6
1782283097,tc-26-8-1-2-1-1-1,virtphy-7798ff9c7-btctw,6,1
1782283097,tc-26-8-1-3-3-1-7,msc-test-stub-5b875d749d-nh4pl,1,16
1782283097,tc-26-8-1-3-3-1-7,osmo-bsc-594654bd47-wcjc5,1,5
1782283097,tc-26-8-1-3-3-1-7,osmo-bts-virtual-5f8b9b86fc-sjf5l,36,5
1782283097,tc-26-8-1-3-3-1-7,osmo-hlr-546bdb8988-kt455,1,2
1782283097,tc-26-8-1-3-3-1-7,osmo-mgw-8c8fc67d6-82hsl,1,2
1782283097,tc-26-8-1-3-3-1-7,osmo-mobile-6bccfdc6b7-47qzz,2,33
1782283097,tc-26-8-1-3-3-1-7,osmo-stp-768687f494-6b54s,1,2
1782283097,tc-26-8-1-3-3-1-7,ttcn3-tc-26-8-1-3-3-1-1-h2n85,1,6
1782283097,tc-26-8-1-3-3-1-7,virtphy-5c84574666-b9cr2,7,1
1782283097,tc-26-8-1-3-4-6-6,msc-test-stub-5b875d749d-zd9kr,1,16
1782283097,tc-26-8-1-3-4-6-6,osmo-bsc-594654bd47-sq9jn,1,5
1782283097,tc-26-8-1-3-4-6-6,osmo-bts-virtual-5f8b9b86fc-vq9ct,32,7
1782283097,tc-26-8-1-3-4-6-6,osmo-hlr-546bdb8988-thwg2,1,6
1782283097,tc-26-8-1-3-4-6-6,osmo-mgw-8c8fc67d6-qhtng,1,4
1782283097,tc-26-8-1-3-4-6-6,osmo-mobile-69b4658d4b-ph2md,3,60
1782283097,tc-26-8-1-3-4-6-6,osmo-stp-768687f494-rdztz,1,2
1782283097,tc-26-8-1-3-4-6-6,ttcn3-tc-26-8-1-3-4-6-1-czpd6,1,16
1782283097,tc-26-8-1-3-4-6-6,virtphy-65f469bd7-gplgh,7,2
1782283100,kube-system,coredns-c4dbffb5f-p9rsr,2,29
1782283100,kube-system,local-path-provisioner-5c4dc5d66d-nfqxz,1,15
1782283100,kube-system,metrics-server-786d997795-hcp2m,14,46
1782283100,kube-system,svclb-traefik-1100f998-kpm9h,0,0
1782283100,kube-system,traefik-9bcdbbd9-qtpjt,1,36
1782283100,tc-26-6-11-1-9,msc-test-stub-5b875d749d-mx9h8,1,16
1782283100,tc-26-6-11-1-9,osmo-bsc-594654bd47-22w8h,1,5
1782283100,tc-26-6-11-1-9,osmo-bts-virtual-5f8b9b86fc-98h4z,31,5
1782283100,tc-26-6-11-1-9,osmo-hlr-546bdb8988-mbk5k,1,2
1782283100,tc-26-6-11-1-9,osmo-mgw-8c8fc67d6-95rkp,1,2
1782283100,tc-26-6-11-1-9,osmo-mobile-654dfdc996-rvbm9,2,33
1782283100,tc-26-6-11-1-9,osmo-stp-768687f494-b2r4v,1,2
1782283100,tc-26-6-11-1-9,ttcn3-tc-26-6-11-1-1-vk89h,1,11
1782283100,tc-26-6-11-1-9,virtphy-7dc46555f-httmn,6,1
1782283100,tc-26-6-2-1-1-10,msc-test-stub-5b875d749d-sf5nr,1,16
1782283100,tc-26-6-2-1-1-10,osmo-bsc-594654bd47-lgm95,1,5
1782283100,tc-26-6-2-1-1-10,osmo-bts-virtual-5f8b9b86fc-lz8v5,34,5
1782283100,tc-26-6-2-1-1-10,osmo-hlr-546bdb8988-gjv5l,1,2
1782283100,tc-26-6-2-1-1-10,osmo-mgw-8c8fc67d6-t5sth,1,2
1782283100,tc-26-6-2-1-1-10,osmo-mobile-587bd5b846-btmbs,3,33
1782283100,tc-26-6-2-1-1-10,osmo-stp-768687f494-pq8rn,1,2
1782283100,tc-26-6-2-1-1-10,ttcn3-tc-26-6-2-1-1-1-lkbnz,1,8
1782283100,tc-26-6-2-1-1-10,virtphy-96dd7697f-dbfnf,7,1
1782283100,tc-26-6-2-4-8,msc-test-stub-5b875d749d-xvhpf,1,16
1782283100,tc-26-6-2-4-8,osmo-bsc-594654bd47-msv6c,1,5
1782283100,tc-26-6-2-4-8,osmo-bts-virtual-5f8b9b86fc-g8mvt,30,5
1782283100,tc-26-6-2-4-8,osmo-hlr-546bdb8988-8gkbl,1,2
1782283100,tc-26-6-2-4-8,osmo-mgw-8c8fc67d6-n8kkk,1,2
1782283100,tc-26-6-2-4-8,osmo-mobile-67b9dc6556-l7d2s,3,33
1782283100,tc-26-6-2-4-8,osmo-stp-768687f494-ncn4x,1,2
1782283100,tc-26-6-2-4-8,ttcn3-tc-26-6-2-4-1-f9g9d,1,6
1782283100,tc-26-6-2-4-8,virtphy-7f5dbd568c-wpbgd,7,1
1782283100,tc-26-6-8-2-2,msc-test-stub-5b875d749d-kcsvh,1,22
1782283100,tc-26-6-8-2-2,osmo-bsc-594654bd47-tkgsl,1,7
1782283100,tc-26-6-8-2-2,osmo-bts-virtual-5f8b9b86fc-qmlq8,31,5
1782283100,tc-26-6-8-2-2,osmo-hlr-546bdb8988-rctw6,1,2
1782283100,tc-26-6-8-2-2,osmo-mgw-8c8fc67d6-ghvzw,1,4
1782283100,tc-26-6-8-2-2,osmo-mobile-6cf757f4bb-jmfpr,3,43
1782283100,tc-26-6-8-2-2,osmo-stp-768687f494-sqt65,1,6
1782283100,tc-26-6-8-2-2,ttcn3-tc-26-6-8-2-1-cx9pr,1,15
1782283100,tc-26-6-8-2-2,virtphy-fc8dddd4c-4r9tc,7,1
1782283100,tc-26-7-2-1-4,msc-test-stub-5b875d749d-f4nnq,1,16
1782283100,tc-26-7-2-1-4,osmo-bsc-594654bd47-l6cj2,1,5
1782283100,tc-26-7-2-1-4,osmo-bts-virtual-5f8b9b86fc-kzkkp,31,5
1782283100,tc-26-7-2-1-4,osmo-hlr-546bdb8988-kllvn,1,2
1782283100,tc-26-7-2-1-4,osmo-mgw-8c8fc67d6-v4v28,1,2
1782283100,tc-26-7-2-1-4,osmo-mobile-64dcc87988-r4bxs,3,36
1782283100,tc-26-7-2-1-4,osmo-stp-768687f494-t9pm5,1,2
1782283100,tc-26-7-2-1-4,virtphy-6f8b6f6885-hg7cs,7,1
1782283100,tc-26-7-2-2-3,msc-test-stub-5b875d749d-2k5jx,1,16
1782283100,tc-26-7-2-2-3,osmo-bsc-594654bd47-bjbll,1,5
1782283100,tc-26-7-2-2-3,osmo-bts-virtual-5f8b9b86fc-dj9j7,31,5
1782283100,tc-26-7-2-2-3,osmo-hlr-546bdb8988-q5xcs,1,2
1782283100,tc-26-7-2-2-3,osmo-mgw-8c8fc67d6-w7mb7,1,2
1782283100,tc-26-7-2-2-3,osmo-mobile-65b5958d7b-nd7wr,3,36
1782283100,tc-26-7-2-2-3,osmo-stp-768687f494-x889n,1,2
1782283100,tc-26-7-2-2-3,virtphy-669796d86c-dl9dt,6,1
1782283100,tc-26-7-4-1-11,msc-test-stub-5b875d749d-nf4fk,1,16
1782283100,tc-26-7-4-1-11,osmo-bsc-594654bd47-qlrkz,1,5
1782283100,tc-26-7-4-1-11,osmo-bts-virtual-5f8b9b86fc-ksxp2,33,5
1782283100,tc-26-7-4-1-11,osmo-hlr-546bdb8988-m7slh,1,2
1782283100,tc-26-7-4-1-11,osmo-mgw-8c8fc67d6-blwgc,1,2
1782283100,tc-26-7-4-1-11,osmo-mobile-57ffcc5b84-bcb6v,3,33
1782283100,tc-26-7-4-1-11,osmo-stp-768687f494-cdvls,1,2
1782283100,tc-26-7-4-1-11,ttcn3-tc-26-7-4-1-1-vfwzt,1,6
1782283100,tc-26-7-4-1-11,virtphy-689cb88f6c-lpfmk,7,1
1782283100,tc-26-7-5-3-12,msc-test-stub-5b875d749d-9xvl9,1,16
1782283100,tc-26-7-5-3-12,osmo-bsc-594654bd47-b8kpq,1,5
1782283100,tc-26-7-5-3-12,osmo-bts-virtual-5f8b9b86fc-wl7k2,30,5
1782283100,tc-26-7-5-3-12,osmo-hlr-546bdb8988-d6l2s,1,2
1782283100,tc-26-7-5-3-12,osmo-mgw-8c8fc67d6-xp48l,1,2
1782283100,tc-26-7-5-3-12,osmo-mobile-79c8f8bc4b-mc6jq,3,36
1782283100,tc-26-7-5-3-12,osmo-stp-768687f494-2nqzv,1,2
1782283100,tc-26-7-5-3-12,virtphy-56cc7fd87-gnrrq,7,1
1782283100,tc-26-7-5-6-5,msc-test-stub-5b875d749d-sq5zl,1,16
1782283100,tc-26-7-5-6-5,osmo-bsc-594654bd47-qwxkf,1,5
1782283100,tc-26-7-5-6-5,osmo-bts-virtual-5f8b9b86fc-wfjwc,33,5
1782283100,tc-26-7-5-6-5,osmo-hlr-546bdb8988-76xzt,1,2
1782283100,tc-26-7-5-6-5,osmo-mgw-8c8fc67d6-t8q8x,1,2
1782283100,tc-26-7-5-6-5,osmo-mobile-6b9545c69c-t2mvr,2,33
1782283100,tc-26-7-5-6-5,osmo-stp-768687f494-gwqpr,1,2
1782283100,tc-26-7-5-6-5,ttcn3-tc-26-7-5-6-1-p6rcf,1,6
1782283100,tc-26-7-5-6-5,virtphy-5fc5689b8-jn7vs,7,1
1782283100,tc-26-8-1-2-1-1-1,msc-test-stub-5b875d749d-v48d2,1,16
1782283100,tc-26-8-1-2-1-1-1,osmo-bsc-594654bd47-7l68h,1,5
1782283100,tc-26-8-1-2-1-1-1,osmo-bts-virtual-5f8b9b86fc-6vtkt,31,5
1782283100,tc-26-8-1-2-1-1-1,osmo-hlr-546bdb8988-dv26d,1,2
1782283100,tc-26-8-1-2-1-1-1,osmo-mgw-8c8fc67d6-s49xd,1,2
1782283100,tc-26-8-1-2-1-1-1,osmo-mobile-5976fc576b-wkx2z,3,33
1782283100,tc-26-8-1-2-1-1-1,osmo-stp-768687f494-sjcjh,1,2
1782283100,tc-26-8-1-2-1-1-1,ttcn3-tc-26-8-1-2-1-1-1-t5zcn,1,6
1782283100,tc-26-8-1-2-1-1-1,virtphy-7798ff9c7-btctw,6,1
1782283100,tc-26-8-1-3-3-1-7,msc-test-stub-5b875d749d-nh4pl,1,16
1782283100,tc-26-8-1-3-3-1-7,osmo-bsc-594654bd47-wcjc5,1,5
1782283100,tc-26-8-1-3-3-1-7,osmo-bts-virtual-5f8b9b86fc-sjf5l,36,5
1782283100,tc-26-8-1-3-3-1-7,osmo-hlr-546bdb8988-kt455,1,2
1782283100,tc-26-8-1-3-3-1-7,osmo-mgw-8c8fc67d6-82hsl,1,2
1782283100,tc-26-8-1-3-3-1-7,osmo-mobile-6bccfdc6b7-47qzz,2,33
1782283100,tc-26-8-1-3-3-1-7,osmo-stp-768687f494-6b54s,1,2
1782283100,tc-26-8-1-3-3-1-7,ttcn3-tc-26-8-1-3-3-1-1-h2n85,1,6
1782283100,tc-26-8-1-3-3-1-7,virtphy-5c84574666-b9cr2,7,1
1782283100,tc-26-8-1-3-4-6-6,msc-test-stub-5b875d749d-zd9kr,1,16
1782283100,tc-26-8-1-3-4-6-6,osmo-bsc-594654bd47-sq9jn,1,5
1782283100,tc-26-8-1-3-4-6-6,osmo-bts-virtual-5f8b9b86fc-vq9ct,32,7
1782283100,tc-26-8-1-3-4-6-6,osmo-hlr-546bdb8988-thwg2,1,6
1782283100,tc-26-8-1-3-4-6-6,osmo-mgw-8c8fc67d6-qhtng,1,4
1782283100,tc-26-8-1-3-4-6-6,osmo-mobile-69b4658d4b-ph2md,3,60
1782283100,tc-26-8-1-3-4-6-6,osmo-stp-768687f494-rdztz,1,2
1782283100,tc-26-8-1-3-4-6-6,ttcn3-tc-26-8-1-3-4-6-1-czpd6,1,16
1782283100,tc-26-8-1-3-4-6-6,virtphy-65f469bd7-gplgh,7,2
1782283102,kube-system,coredns-c4dbffb5f-p9rsr,2,29
1782283102,kube-system,local-path-provisioner-5c4dc5d66d-nfqxz,1,15
1782283102,kube-system,metrics-server-786d997795-hcp2m,14,46
1782283102,kube-system,svclb-traefik-1100f998-kpm9h,0,0
1782283102,kube-system,traefik-9bcdbbd9-qtpjt,1,36
1782283102,tc-26-6-11-1-9,msc-test-stub-5b875d749d-mx9h8,1,16
1782283102,tc-26-6-11-1-9,osmo-bsc-594654bd47-22w8h,1,5
1782283102,tc-26-6-11-1-9,osmo-bts-virtual-5f8b9b86fc-98h4z,31,5
1782283102,tc-26-6-11-1-9,osmo-hlr-546bdb8988-mbk5k,1,2
1782283102,tc-26-6-11-1-9,osmo-mgw-8c8fc67d6-95rkp,1,2
1782283102,tc-26-6-11-1-9,osmo-mobile-654dfdc996-rvbm9,2,33
1782283102,tc-26-6-11-1-9,osmo-stp-768687f494-b2r4v,1,2
1782283102,tc-26-6-11-1-9,ttcn3-tc-26-6-11-1-1-vk89h,1,11
1782283102,tc-26-6-11-1-9,virtphy-7dc46555f-httmn,6,1
1782283102,tc-26-6-2-1-1-10,msc-test-stub-5b875d749d-sf5nr,1,16
1782283102,tc-26-6-2-1-1-10,osmo-bsc-594654bd47-lgm95,1,5
1782283102,tc-26-6-2-1-1-10,osmo-bts-virtual-5f8b9b86fc-lz8v5,34,5
1782283102,tc-26-6-2-1-1-10,osmo-hlr-546bdb8988-gjv5l,1,2
1782283102,tc-26-6-2-1-1-10,osmo-mgw-8c8fc67d6-t5sth,1,2
1782283102,tc-26-6-2-1-1-10,osmo-mobile-587bd5b846-btmbs,3,33
1782283102,tc-26-6-2-1-1-10,osmo-stp-768687f494-pq8rn,1,2
1782283102,tc-26-6-2-1-1-10,ttcn3-tc-26-6-2-1-1-1-lkbnz,1,8
1782283102,tc-26-6-2-1-1-10,virtphy-96dd7697f-dbfnf,7,1
1782283102,tc-26-6-2-4-8,msc-test-stub-5b875d749d-xvhpf,1,16
1782283102,tc-26-6-2-4-8,osmo-bsc-594654bd47-msv6c,1,5
1782283102,tc-26-6-2-4-8,osmo-bts-virtual-5f8b9b86fc-g8mvt,30,5
1782283102,tc-26-6-2-4-8,osmo-hlr-546bdb8988-8gkbl,1,2
1782283102,tc-26-6-2-4-8,osmo-mgw-8c8fc67d6-n8kkk,1,2
1782283102,tc-26-6-2-4-8,osmo-mobile-67b9dc6556-l7d2s,3,33
1782283102,tc-26-6-2-4-8,osmo-stp-768687f494-ncn4x,1,2
1782283102,tc-26-6-2-4-8,ttcn3-tc-26-6-2-4-1-f9g9d,1,6
1782283102,tc-26-6-2-4-8,virtphy-7f5dbd568c-wpbgd,7,1
1782283102,tc-26-6-8-2-2,msc-test-stub-5b875d749d-kcsvh,1,22
1782283102,tc-26-6-8-2-2,osmo-bsc-594654bd47-tkgsl,1,7
1782283102,tc-26-6-8-2-2,osmo-bts-virtual-5f8b9b86fc-qmlq8,31,5
1782283102,tc-26-6-8-2-2,osmo-hlr-546bdb8988-rctw6,1,2
1782283102,tc-26-6-8-2-2,osmo-mgw-8c8fc67d6-ghvzw,1,4
1782283102,tc-26-6-8-2-2,osmo-mobile-6cf757f4bb-jmfpr,3,43
1782283102,tc-26-6-8-2-2,osmo-stp-768687f494-sqt65,1,6
1782283102,tc-26-6-8-2-2,ttcn3-tc-26-6-8-2-1-cx9pr,1,15
1782283102,tc-26-6-8-2-2,virtphy-fc8dddd4c-4r9tc,7,1
1782283102,tc-26-7-2-1-4,msc-test-stub-5b875d749d-f4nnq,1,16
1782283102,tc-26-7-2-1-4,osmo-bsc-594654bd47-l6cj2,1,5
1782283102,tc-26-7-2-1-4,osmo-bts-virtual-5f8b9b86fc-kzkkp,31,5
1782283102,tc-26-7-2-1-4,osmo-hlr-546bdb8988-kllvn,1,2
1782283102,tc-26-7-2-1-4,osmo-mgw-8c8fc67d6-v4v28,1,2
1782283102,tc-26-7-2-1-4,osmo-mobile-64dcc87988-r4bxs,3,36
1782283102,tc-26-7-2-1-4,osmo-stp-768687f494-t9pm5,1,2
1782283102,tc-26-7-2-1-4,virtphy-6f8b6f6885-hg7cs,7,1
1782283102,tc-26-7-2-2-3,msc-test-stub-5b875d749d-2k5jx,1,16
1782283102,tc-26-7-2-2-3,osmo-bsc-594654bd47-bjbll,1,5
1782283102,tc-26-7-2-2-3,osmo-bts-virtual-5f8b9b86fc-dj9j7,31,5
1782283102,tc-26-7-2-2-3,osmo-hlr-546bdb8988-q5xcs,1,2
1782283102,tc-26-7-2-2-3,osmo-mgw-8c8fc67d6-w7mb7,1,2
1782283102,tc-26-7-2-2-3,osmo-mobile-65b5958d7b-nd7wr,3,36
1782283102,tc-26-7-2-2-3,osmo-stp-768687f494-x889n,1,2
1782283102,tc-26-7-2-2-3,virtphy-669796d86c-dl9dt,6,1
1782283102,tc-26-7-4-1-11,msc-test-stub-5b875d749d-nf4fk,1,16
1782283102,tc-26-7-4-1-11,osmo-bsc-594654bd47-qlrkz,1,5
1782283102,tc-26-7-4-1-11,osmo-bts-virtual-5f8b9b86fc-ksxp2,33,5
1782283102,tc-26-7-4-1-11,osmo-hlr-546bdb8988-m7slh,1,2
1782283102,tc-26-7-4-1-11,osmo-mgw-8c8fc67d6-blwgc,1,2
1782283102,tc-26-7-4-1-11,osmo-mobile-57ffcc5b84-bcb6v,3,33
1782283102,tc-26-7-4-1-11,osmo-stp-768687f494-cdvls,1,2
1782283102,tc-26-7-4-1-11,ttcn3-tc-26-7-4-1-1-vfwzt,1,6
1782283102,tc-26-7-4-1-11,virtphy-689cb88f6c-lpfmk,7,1
1782283102,tc-26-7-5-3-12,msc-test-stub-5b875d749d-9xvl9,1,16
1782283102,tc-26-7-5-3-12,osmo-bsc-594654bd47-b8kpq,1,5
1782283102,tc-26-7-5-3-12,osmo-bts-virtual-5f8b9b86fc-wl7k2,30,5
1782283102,tc-26-7-5-3-12,osmo-hlr-546bdb8988-d6l2s,1,2
1782283102,tc-26-7-5-3-12,osmo-mgw-8c8fc67d6-xp48l,1,2
1782283102,tc-26-7-5-3-12,osmo-mobile-79c8f8bc4b-mc6jq,3,36
1782283102,tc-26-7-5-3-12,osmo-stp-768687f494-2nqzv,1,2
1782283102,tc-26-7-5-3-12,virtphy-56cc7fd87-gnrrq,7,1
1782283102,tc-26-7-5-6-5,msc-test-stub-5b875d749d-sq5zl,1,16
1782283102,tc-26-7-5-6-5,osmo-bsc-594654bd47-qwxkf,1,5
1782283102,tc-26-7-5-6-5,osmo-bts-virtual-5f8b9b86fc-wfjwc,33,5
1782283102,tc-26-7-5-6-5,osmo-hlr-546bdb8988-76xzt,1,2
1782283102,tc-26-7-5-6-5,osmo-mgw-8c8fc67d6-t8q8x,1,2
1782283102,tc-26-7-5-6-5,osmo-mobile-6b9545c69c-t2mvr,2,33
1782283102,tc-26-7-5-6-5,osmo-stp-768687f494-gwqpr,1,2
1782283102,tc-26-7-5-6-5,ttcn3-tc-26-7-5-6-1-p6rcf,1,6
1782283102,tc-26-7-5-6-5,virtphy-5fc5689b8-jn7vs,7,1
1782283102,tc-26-8-1-2-1-1-1,msc-test-stub-5b875d749d-v48d2,1,16
1782283102,tc-26-8-1-2-1-1-1,osmo-bsc-594654bd47-7l68h,1,5
1782283102,tc-26-8-1-2-1-1-1,osmo-bts-virtual-5f8b9b86fc-6vtkt,31,5
1782283102,tc-26-8-1-2-1-1-1,osmo-hlr-546bdb8988-dv26d,1,2
1782283102,tc-26-8-1-2-1-1-1,osmo-mgw-8c8fc67d6-s49xd,1,2
1782283102,tc-26-8-1-2-1-1-1,osmo-mobile-5976fc576b-wkx2z,3,33
1782283102,tc-26-8-1-2-1-1-1,osmo-stp-768687f494-sjcjh,1,2
1782283102,tc-26-8-1-2-1-1-1,ttcn3-tc-26-8-1-2-1-1-1-t5zcn,1,6
1782283102,tc-26-8-1-2-1-1-1,virtphy-7798ff9c7-btctw,6,1
1782283102,tc-26-8-1-3-3-1-7,msc-test-stub-5b875d749d-nh4pl,1,16
1782283102,tc-26-8-1-3-3-1-7,osmo-bsc-594654bd47-wcjc5,1,5
1782283102,tc-26-8-1-3-3-1-7,osmo-bts-virtual-5f8b9b86fc-sjf5l,36,5
1782283102,tc-26-8-1-3-3-1-7,osmo-hlr-546bdb8988-kt455,1,2
1782283102,tc-26-8-1-3-3-1-7,osmo-mgw-8c8fc67d6-82hsl,1,2
1782283102,tc-26-8-1-3-3-1-7,osmo-mobile-6bccfdc6b7-47qzz,2,33
1782283102,tc-26-8-1-3-3-1-7,osmo-stp-768687f494-6b54s,1,2
1782283102,tc-26-8-1-3-3-1-7,ttcn3-tc-26-8-1-3-3-1-1-h2n85,1,6
1782283102,tc-26-8-1-3-3-1-7,virtphy-5c84574666-b9cr2,7,1
1782283102,tc-26-8-1-3-4-6-6,msc-test-stub-5b875d749d-zd9kr,1,16
1782283102,tc-26-8-1-3-4-6-6,osmo-bsc-594654bd47-sq9jn,1,5
1782283102,tc-26-8-1-3-4-6-6,osmo-bts-virtual-5f8b9b86fc-vq9ct,32,7
1782283102,tc-26-8-1-3-4-6-6,osmo-hlr-546bdb8988-thwg2,1,6
1782283102,tc-26-8-1-3-4-6-6,osmo-mgw-8c8fc67d6-qhtng,1,4
1782283102,tc-26-8-1-3-4-6-6,osmo-mobile-69b4658d4b-ph2md,3,60
1782283102,tc-26-8-1-3-4-6-6,osmo-stp-768687f494-rdztz,1,2
1782283102,tc-26-8-1-3-4-6-6,ttcn3-tc-26-8-1-3-4-6-1-czpd6,1,16
1782283102,tc-26-8-1-3-4-6-6,virtphy-65f469bd7-gplgh,7,2
1782283104,kube-system,coredns-c4dbffb5f-p9rsr,2,29
1782283104,kube-system,local-path-provisioner-5c4dc5d66d-nfqxz,1,15
1782283104,kube-system,metrics-server-786d997795-hcp2m,14,46
1782283104,kube-system,svclb-traefik-1100f998-kpm9h,0,0
1782283104,kube-system,traefik-9bcdbbd9-qtpjt,1,36
1782283104,tc-26-6-11-1-9,msc-test-stub-5b875d749d-mx9h8,1,16
1782283104,tc-26-6-11-1-9,osmo-bsc-594654bd47-22w8h,1,5
1782283104,tc-26-6-11-1-9,osmo-bts-virtual-5f8b9b86fc-98h4z,31,5
1782283104,tc-26-6-11-1-9,osmo-hlr-546bdb8988-mbk5k,1,2
1782283104,tc-26-6-11-1-9,osmo-mgw-8c8fc67d6-95rkp,1,2
1782283104,tc-26-6-11-1-9,osmo-mobile-654dfdc996-rvbm9,2,33
1782283104,tc-26-6-11-1-9,osmo-stp-768687f494-b2r4v,1,2
1782283104,tc-26-6-11-1-9,ttcn3-tc-26-6-11-1-1-vk89h,1,11
1782283104,tc-26-6-11-1-9,virtphy-7dc46555f-httmn,6,1
1782283104,tc-26-6-2-1-1-10,msc-test-stub-5b875d749d-sf5nr,1,16
1782283104,tc-26-6-2-1-1-10,osmo-bsc-594654bd47-lgm95,1,5
1782283104,tc-26-6-2-1-1-10,osmo-bts-virtual-5f8b9b86fc-lz8v5,34,5
1782283104,tc-26-6-2-1-1-10,osmo-hlr-546bdb8988-gjv5l,1,2
1782283104,tc-26-6-2-1-1-10,osmo-mgw-8c8fc67d6-t5sth,1,2
1782283104,tc-26-6-2-1-1-10,osmo-mobile-587bd5b846-btmbs,3,33
1782283104,tc-26-6-2-1-1-10,osmo-stp-768687f494-pq8rn,1,2
1782283104,tc-26-6-2-1-1-10,ttcn3-tc-26-6-2-1-1-1-lkbnz,1,8
1782283104,tc-26-6-2-1-1-10,virtphy-96dd7697f-dbfnf,7,1
1782283104,tc-26-6-2-4-8,msc-test-stub-5b875d749d-xvhpf,1,16
1782283104,tc-26-6-2-4-8,osmo-bsc-594654bd47-msv6c,1,5
1782283104,tc-26-6-2-4-8,osmo-bts-virtual-5f8b9b86fc-g8mvt,30,5
1782283104,tc-26-6-2-4-8,osmo-hlr-546bdb8988-8gkbl,1,2
1782283104,tc-26-6-2-4-8,osmo-mgw-8c8fc67d6-n8kkk,1,2
1782283104,tc-26-6-2-4-8,osmo-mobile-67b9dc6556-l7d2s,3,33
1782283104,tc-26-6-2-4-8,osmo-stp-768687f494-ncn4x,1,2
1782283104,tc-26-6-2-4-8,ttcn3-tc-26-6-2-4-1-f9g9d,1,6
1782283104,tc-26-6-2-4-8,virtphy-7f5dbd568c-wpbgd,7,1
1782283104,tc-26-6-8-2-2,msc-test-stub-5b875d749d-kcsvh,1,22
1782283104,tc-26-6-8-2-2,osmo-bsc-594654bd47-tkgsl,1,7
1782283104,tc-26-6-8-2-2,osmo-bts-virtual-5f8b9b86fc-qmlq8,31,5
1782283104,tc-26-6-8-2-2,osmo-hlr-546bdb8988-rctw6,1,2
1782283104,tc-26-6-8-2-2,osmo-mgw-8c8fc67d6-ghvzw,1,4
1782283104,tc-26-6-8-2-2,osmo-mobile-6cf757f4bb-jmfpr,3,43
1782283104,tc-26-6-8-2-2,osmo-stp-768687f494-sqt65,1,6
1782283104,tc-26-6-8-2-2,ttcn3-tc-26-6-8-2-1-cx9pr,1,15
1782283104,tc-26-6-8-2-2,virtphy-fc8dddd4c-4r9tc,7,1
1782283104,tc-26-7-2-1-4,msc-test-stub-5b875d749d-f4nnq,1,16
1782283104,tc-26-7-2-1-4,osmo-bsc-594654bd47-l6cj2,1,5
1782283104,tc-26-7-2-1-4,osmo-bts-virtual-5f8b9b86fc-kzkkp,31,5
1782283104,tc-26-7-2-1-4,osmo-hlr-546bdb8988-kllvn,1,2
1782283104,tc-26-7-2-1-4,osmo-mgw-8c8fc67d6-v4v28,1,2
1782283104,tc-26-7-2-1-4,osmo-mobile-64dcc87988-r4bxs,3,36
1782283104,tc-26-7-2-1-4,osmo-stp-768687f494-t9pm5,1,2
1782283104,tc-26-7-2-1-4,virtphy-6f8b6f6885-hg7cs,7,1
1782283104,tc-26-7-2-2-3,msc-test-stub-5b875d749d-2k5jx,1,16
1782283104,tc-26-7-2-2-3,osmo-bsc-594654bd47-bjbll,1,5
1782283104,tc-26-7-2-2-3,osmo-bts-virtual-5f8b9b86fc-dj9j7,31,5
1782283104,tc-26-7-2-2-3,osmo-hlr-546bdb8988-q5xcs,1,2
1782283104,tc-26-7-2-2-3,osmo-mgw-8c8fc67d6-w7mb7,1,2
1782283104,tc-26-7-2-2-3,osmo-mobile-65b5958d7b-nd7wr,3,36
1782283104,tc-26-7-2-2-3,osmo-stp-768687f494-x889n,1,2
1782283104,tc-26-7-2-2-3,virtphy-669796d86c-dl9dt,6,1
1782283104,tc-26-7-4-1-11,msc-test-stub-5b875d749d-nf4fk,1,16
1782283104,tc-26-7-4-1-11,osmo-bsc-594654bd47-qlrkz,1,5
1782283104,tc-26-7-4-1-11,osmo-bts-virtual-5f8b9b86fc-ksxp2,33,5
1782283104,tc-26-7-4-1-11,osmo-hlr-546bdb8988-m7slh,1,2
1782283104,tc-26-7-4-1-11,osmo-mgw-8c8fc67d6-blwgc,1,2
1782283104,tc-26-7-4-1-11,osmo-mobile-57ffcc5b84-bcb6v,3,33
1782283104,tc-26-7-4-1-11,osmo-stp-768687f494-cdvls,1,2
1782283104,tc-26-7-4-1-11,ttcn3-tc-26-7-4-1-1-vfwzt,1,6
1782283104,tc-26-7-4-1-11,virtphy-689cb88f6c-lpfmk,7,1
1782283104,tc-26-7-5-3-12,msc-test-stub-5b875d749d-9xvl9,1,16
1782283104,tc-26-7-5-3-12,osmo-bsc-594654bd47-b8kpq,1,5
1782283104,tc-26-7-5-3-12,osmo-bts-virtual-5f8b9b86fc-wl7k2,30,5
1782283104,tc-26-7-5-3-12,osmo-hlr-546bdb8988-d6l2s,1,2
1782283104,tc-26-7-5-3-12,osmo-mgw-8c8fc67d6-xp48l,1,2
1782283104,tc-26-7-5-3-12,osmo-mobile-79c8f8bc4b-mc6jq,3,36
1782283104,tc-26-7-5-3-12,osmo-stp-768687f494-2nqzv,1,2
1782283104,tc-26-7-5-3-12,virtphy-56cc7fd87-gnrrq,7,1
1782283104,tc-26-7-5-6-5,msc-test-stub-5b875d749d-sq5zl,1,16
1782283104,tc-26-7-5-6-5,osmo-bsc-594654bd47-qwxkf,1,5
1782283104,tc-26-7-5-6-5,osmo-bts-virtual-5f8b9b86fc-wfjwc,33,5
1782283104,tc-26-7-5-6-5,osmo-hlr-546bdb8988-76xzt,1,2
1782283104,tc-26-7-5-6-5,osmo-mgw-8c8fc67d6-t8q8x,1,2
1782283104,tc-26-7-5-6-5,osmo-mobile-6b9545c69c-t2mvr,2,33
1782283104,tc-26-7-5-6-5,osmo-stp-768687f494-gwqpr,1,2
1782283104,tc-26-7-5-6-5,ttcn3-tc-26-7-5-6-1-p6rcf,1,6
1782283104,tc-26-7-5-6-5,virtphy-5fc5689b8-jn7vs,7,1
1782283104,tc-26-8-1-2-1-1-1,msc-test-stub-5b875d749d-v48d2,1,16
1782283104,tc-26-8-1-2-1-1-1,osmo-bsc-594654bd47-7l68h,1,5
1782283104,tc-26-8-1-2-1-1-1,osmo-bts-virtual-5f8b9b86fc-6vtkt,31,5
1782283104,tc-26-8-1-2-1-1-1,osmo-hlr-546bdb8988-dv26d,1,2
1782283104,tc-26-8-1-2-1-1-1,osmo-mgw-8c8fc67d6-s49xd,1,2
1782283104,tc-26-8-1-2-1-1-1,osmo-mobile-5976fc576b-wkx2z,3,33
1782283104,tc-26-8-1-2-1-1-1,osmo-stp-768687f494-sjcjh,1,2
1782283104,tc-26-8-1-2-1-1-1,ttcn3-tc-26-8-1-2-1-1-1-t5zcn,1,6
1782283104,tc-26-8-1-2-1-1-1,virtphy-7798ff9c7-btctw,6,1
1782283104,tc-26-8-1-3-3-1-7,msc-test-stub-5b875d749d-nh4pl,1,16
1782283104,tc-26-8-1-3-3-1-7,osmo-bsc-594654bd47-wcjc5,1,5
1782283104,tc-26-8-1-3-3-1-7,osmo-bts-virtual-5f8b9b86fc-sjf5l,36,5
1782283104,tc-26-8-1-3-3-1-7,osmo-hlr-546bdb8988-kt455,1,2
1782283104,tc-26-8-1-3-3-1-7,osmo-mgw-8c8fc67d6-82hsl,1,2
1782283104,tc-26-8-1-3-3-1-7,osmo-mobile-6bccfdc6b7-47qzz,2,33
1782283104,tc-26-8-1-3-3-1-7,osmo-stp-768687f494-6b54s,1,2
1782283104,tc-26-8-1-3-3-1-7,ttcn3-tc-26-8-1-3-3-1-1-h2n85,1,6
1782283104,tc-26-8-1-3-3-1-7,virtphy-5c84574666-b9cr2,7,1
1782283104,tc-26-8-1-3-4-6-6,msc-test-stub-5b875d749d-zd9kr,1,16
1782283104,tc-26-8-1-3-4-6-6,osmo-bsc-594654bd47-sq9jn,1,5
1782283104,tc-26-8-1-3-4-6-6,osmo-bts-virtual-5f8b9b86fc-vq9ct,32,7
1782283104,tc-26-8-1-3-4-6-6,osmo-hlr-546bdb8988-thwg2,1,6
1782283104,tc-26-8-1-3-4-6-6,osmo-mgw-8c8fc67d6-qhtng,1,4
1782283104,tc-26-8-1-3-4-6-6,osmo-mobile-69b4658d4b-ph2md,3,60
1782283104,tc-26-8-1-3-4-6-6,osmo-stp-768687f494-rdztz,1,2
1782283104,tc-26-8-1-3-4-6-6,ttcn3-tc-26-8-1-3-4-6-1-czpd6,1,16
1782283104,tc-26-8-1-3-4-6-6,virtphy-65f469bd7-gplgh,7,2
1782283107,kube-system,coredns-c4dbffb5f-p9rsr,2,29
1782283107,kube-system,local-path-provisioner-5c4dc5d66d-nfqxz,1,15
1782283107,kube-system,metrics-server-786d997795-hcp2m,11,46
1782283107,kube-system,svclb-traefik-1100f998-kpm9h,0,0
1782283107,kube-system,traefik-9bcdbbd9-qtpjt,2,36
1782283107,tc-26-6-11-1-9,msc-test-stub-5b875d749d-mx9h8,1,16
1782283107,tc-26-6-11-1-9,osmo-bsc-594654bd47-22w8h,1,5
1782283107,tc-26-6-11-1-9,osmo-bts-virtual-5f8b9b86fc-98h4z,32,5
1782283107,tc-26-6-11-1-9,osmo-hlr-546bdb8988-mbk5k,1,2
1782283107,tc-26-6-11-1-9,osmo-mgw-8c8fc67d6-95rkp,1,2
1782283107,tc-26-6-11-1-9,osmo-mobile-654dfdc996-rvbm9,3,33
1782283107,tc-26-6-11-1-9,osmo-stp-768687f494-b2r4v,1,2
1782283107,tc-26-6-11-1-9,ttcn3-tc-26-6-11-1-1-vk89h,1,11
1782283107,tc-26-6-11-1-9,virtphy-7dc46555f-httmn,6,1
1782283107,tc-26-6-2-1-1-10,msc-test-stub-5b875d749d-sf5nr,1,16
1782283107,tc-26-6-2-1-1-10,osmo-bsc-594654bd47-lgm95,1,5
1782283107,tc-26-6-2-1-1-10,osmo-bts-virtual-5f8b9b86fc-lz8v5,30,5
1782283107,tc-26-6-2-1-1-10,osmo-hlr-546bdb8988-gjv5l,1,2
1782283107,tc-26-6-2-1-1-10,osmo-mgw-8c8fc67d6-t5sth,1,2
1782283107,tc-26-6-2-1-1-10,osmo-mobile-587bd5b846-btmbs,2,33
1782283107,tc-26-6-2-1-1-10,osmo-stp-768687f494-pq8rn,1,2
1782283107,tc-26-6-2-1-1-10,ttcn3-tc-26-6-2-1-1-1-lkbnz,1,8
1782283107,tc-26-6-2-1-1-10,virtphy-96dd7697f-dbfnf,6,1
1782283107,tc-26-6-2-4-8,msc-test-stub-5b875d749d-xvhpf,1,16
1782283107,tc-26-6-2-4-8,osmo-bsc-594654bd47-msv6c,1,5
1782283107,tc-26-6-2-4-8,osmo-bts-virtual-5f8b9b86fc-g8mvt,31,5
1782283107,tc-26-6-2-4-8,osmo-hlr-546bdb8988-8gkbl,1,2
1782283107,tc-26-6-2-4-8,osmo-mgw-8c8fc67d6-n8kkk,1,2
1782283107,tc-26-6-2-4-8,osmo-mobile-67b9dc6556-l7d2s,3,33
1782283107,tc-26-6-2-4-8,osmo-stp-768687f494-ncn4x,1,2
1782283107,tc-26-6-2-4-8,ttcn3-tc-26-6-2-4-1-f9g9d,1,6
1782283107,tc-26-6-2-4-8,virtphy-7f5dbd568c-wpbgd,6,1
1782283107,tc-26-6-8-2-2,msc-test-stub-5b875d749d-kcsvh,1,22
1782283107,tc-26-6-8-2-2,osmo-bsc-594654bd47-tkgsl,1,7
1782283107,tc-26-6-8-2-2,osmo-bts-virtual-5f8b9b86fc-qmlq8,28,5
1782283107,tc-26-6-8-2-2,osmo-hlr-546bdb8988-rctw6,1,2
1782283107,tc-26-6-8-2-2,osmo-mgw-8c8fc67d6-ghvzw,1,4
1782283107,tc-26-6-8-2-2,osmo-mobile-6cf757f4bb-jmfpr,3,43
1782283107,tc-26-6-8-2-2,osmo-stp-768687f494-sqt65,1,6
1782283107,tc-26-6-8-2-2,ttcn3-tc-26-6-8-2-1-cx9pr,1,15
1782283107,tc-26-6-8-2-2,virtphy-fc8dddd4c-4r9tc,6,1
1782283107,tc-26-7-2-1-4,msc-test-stub-5b875d749d-f4nnq,1,16
1782283107,tc-26-7-2-1-4,osmo-bsc-594654bd47-l6cj2,1,5
1782283107,tc-26-7-2-1-4,osmo-bts-virtual-5f8b9b86fc-kzkkp,35,5
1782283107,tc-26-7-2-1-4,osmo-hlr-546bdb8988-kllvn,1,2
1782283107,tc-26-7-2-1-4,osmo-mgw-8c8fc67d6-v4v28,1,2
1782283107,tc-26-7-2-1-4,osmo-mobile-64dcc87988-r4bxs,3,36
1782283107,tc-26-7-2-1-4,osmo-stp-768687f494-t9pm5,1,2
1782283107,tc-26-7-2-1-4,virtphy-6f8b6f6885-hg7cs,7,1
1782283107,tc-26-7-2-2-3,msc-test-stub-5b875d749d-2k5jx,1,16
1782283107,tc-26-7-2-2-3,osmo-bsc-594654bd47-bjbll,1,5
1782283107,tc-26-7-2-2-3,osmo-bts-virtual-5f8b9b86fc-dj9j7,33,5
1782283107,tc-26-7-2-2-3,osmo-hlr-546bdb8988-q5xcs,1,2
1782283107,tc-26-7-2-2-3,osmo-mgw-8c8fc67d6-w7mb7,1,2
1782283107,tc-26-7-2-2-3,osmo-mobile-65b5958d7b-nd7wr,3,36
1782283107,tc-26-7-2-2-3,osmo-stp-768687f494-x889n,1,2
1782283107,tc-26-7-2-2-3,virtphy-669796d86c-dl9dt,7,1
1782283107,tc-26-7-4-1-11,msc-test-stub-5b875d749d-nf4fk,1,16
1782283107,tc-26-7-4-1-11,osmo-bsc-594654bd47-qlrkz,1,5
1782283107,tc-26-7-4-1-11,osmo-bts-virtual-5f8b9b86fc-ksxp2,34,5
1782283107,tc-26-7-4-1-11,osmo-hlr-546bdb8988-m7slh,1,2
1782283107,tc-26-7-4-1-11,osmo-mgw-8c8fc67d6-blwgc,1,2
1782283107,tc-26-7-4-1-11,osmo-mobile-57ffcc5b84-bcb6v,2,33
1782283107,tc-26-7-4-1-11,osmo-stp-768687f494-cdvls,1,2
1782283107,tc-26-7-4-1-11,ttcn3-tc-26-7-4-1-1-vfwzt,1,6
1782283107,tc-26-7-4-1-11,virtphy-689cb88f6c-lpfmk,6,1
1782283107,tc-26-7-5-3-12,msc-test-stub-5b875d749d-9xvl9,1,16
1782283107,tc-26-7-5-3-12,osmo-bsc-594654bd47-b8kpq,1,5
1782283107,tc-26-7-5-3-12,osmo-bts-virtual-5f8b9b86fc-wl7k2,35,5
1782283107,tc-26-7-5-3-12,osmo-hlr-546bdb8988-d6l2s,1,2
1782283107,tc-26-7-5-3-12,osmo-mgw-8c8fc67d6-xp48l,1,2
1782283107,tc-26-7-5-3-12,osmo-mobile-79c8f8bc4b-mc6jq,3,36
1782283107,tc-26-7-5-3-12,osmo-stp-768687f494-2nqzv,1,2
1782283107,tc-26-7-5-3-12,virtphy-56cc7fd87-gnrrq,6,1
1782283107,tc-26-7-5-6-5,msc-test-stub-5b875d749d-sq5zl,1,16
1782283107,tc-26-7-5-6-5,osmo-bsc-594654bd47-qwxkf,1,5
1782283107,tc-26-7-5-6-5,osmo-bts-virtual-5f8b9b86fc-wfjwc,28,5
1782283107,tc-26-7-5-6-5,osmo-hlr-546bdb8988-76xzt,1,2
1782283107,tc-26-7-5-6-5,osmo-mgw-8c8fc67d6-t8q8x,1,2
1782283107,tc-26-7-5-6-5,osmo-mobile-6b9545c69c-t2mvr,3,33
1782283107,tc-26-7-5-6-5,osmo-stp-768687f494-gwqpr,1,2
1782283107,tc-26-7-5-6-5,ttcn3-tc-26-7-5-6-1-p6rcf,1,6
1782283107,tc-26-7-5-6-5,virtphy-5fc5689b8-jn7vs,6,1
1782283107,tc-26-8-1-2-1-1-1,msc-test-stub-5b875d749d-v48d2,1,16
1782283107,tc-26-8-1-2-1-1-1,osmo-bsc-594654bd47-7l68h,1,5
1782283107,tc-26-8-1-2-1-1-1,osmo-bts-virtual-5f8b9b86fc-6vtkt,29,5
1782283107,tc-26-8-1-2-1-1-1,osmo-hlr-546bdb8988-dv26d,1,2
1782283107,tc-26-8-1-2-1-1-1,osmo-mgw-8c8fc67d6-s49xd,1,2
1782283107,tc-26-8-1-2-1-1-1,osmo-mobile-5976fc576b-wkx2z,3,33
1782283107,tc-26-8-1-2-1-1-1,osmo-stp-768687f494-sjcjh,1,2
1782283107,tc-26-8-1-2-1-1-1,ttcn3-tc-26-8-1-2-1-1-1-t5zcn,1,6
1782283107,tc-26-8-1-2-1-1-1,virtphy-7798ff9c7-btctw,5,1
1782283107,tc-26-8-1-3-3-1-7,msc-test-stub-5b875d749d-nh4pl,1,16
1782283107,tc-26-8-1-3-3-1-7,osmo-bsc-594654bd47-wcjc5,1,5
1782283107,tc-26-8-1-3-3-1-7,osmo-bts-virtual-5f8b9b86fc-sjf5l,36,5
1782283107,tc-26-8-1-3-3-1-7,osmo-hlr-546bdb8988-kt455,1,2
1782283107,tc-26-8-1-3-3-1-7,osmo-mgw-8c8fc67d6-82hsl,1,2
1782283107,tc-26-8-1-3-3-1-7,osmo-mobile-6bccfdc6b7-47qzz,3,33
1782283107,tc-26-8-1-3-3-1-7,osmo-stp-768687f494-6b54s,1,2
1782283107,tc-26-8-1-3-3-1-7,ttcn3-tc-26-8-1-3-3-1-1-h2n85,1,6
1782283107,tc-26-8-1-3-3-1-7,virtphy-5c84574666-b9cr2,7,1
1782283107,tc-26-8-1-3-4-6-6,msc-test-stub-5b875d749d-zd9kr,1,16
1782283107,tc-26-8-1-3-4-6-6,osmo-bsc-594654bd47-sq9jn,1,5
1782283107,tc-26-8-1-3-4-6-6,osmo-bts-virtual-5f8b9b86fc-vq9ct,28,8
1782283107,tc-26-8-1-3-4-6-6,osmo-hlr-546bdb8988-thwg2,1,6
1782283107,tc-26-8-1-3-4-6-6,osmo-mgw-8c8fc67d6-qhtng,1,4
1782283107,tc-26-8-1-3-4-6-6,osmo-mobile-69b4658d4b-ph2md,3,60
1782283107,tc-26-8-1-3-4-6-6,osmo-stp-768687f494-rdztz,1,2
1782283107,tc-26-8-1-3-4-6-6,ttcn3-tc-26-8-1-3-4-6-1-czpd6,1,16
1782283107,tc-26-8-1-3-4-6-6,virtphy-65f469bd7-gplgh,6,2
1782283110,kube-system,coredns-c4dbffb5f-p9rsr,2,29
1782283110,kube-system,local-path-provisioner-5c4dc5d66d-nfqxz,1,15
1782283110,kube-system,metrics-server-786d997795-hcp2m,11,46
1782283110,kube-system,svclb-traefik-1100f998-kpm9h,0,0
1782283110,kube-system,traefik-9bcdbbd9-qtpjt,2,36
1782283110,tc-26-6-11-1-9,msc-test-stub-5b875d749d-mx9h8,1,16
1782283110,tc-26-6-11-1-9,osmo-bsc-594654bd47-22w8h,1,5
1782283110,tc-26-6-11-1-9,osmo-bts-virtual-5f8b9b86fc-98h4z,32,5
1782283110,tc-26-6-11-1-9,osmo-hlr-546bdb8988-mbk5k,1,2
1782283110,tc-26-6-11-1-9,osmo-mgw-8c8fc67d6-95rkp,1,2
1782283110,tc-26-6-11-1-9,osmo-mobile-654dfdc996-rvbm9,3,33
1782283110,tc-26-6-11-1-9,osmo-stp-768687f494-b2r4v,1,2
1782283110,tc-26-6-11-1-9,ttcn3-tc-26-6-11-1-1-vk89h,1,11
1782283110,tc-26-6-11-1-9,virtphy-7dc46555f-httmn,6,1
1782283110,tc-26-6-2-1-1-10,msc-test-stub-5b875d749d-sf5nr,1,16
1782283110,tc-26-6-2-1-1-10,osmo-bsc-594654bd47-lgm95,1,5
1782283110,tc-26-6-2-1-1-10,osmo-bts-virtual-5f8b9b86fc-lz8v5,30,5
1782283110,tc-26-6-2-1-1-10,osmo-hlr-546bdb8988-gjv5l,1,2
1782283110,tc-26-6-2-1-1-10,osmo-mgw-8c8fc67d6-t5sth,1,2
1782283110,tc-26-6-2-1-1-10,osmo-mobile-587bd5b846-btmbs,2,33
1782283110,tc-26-6-2-1-1-10,osmo-stp-768687f494-pq8rn,1,2
1782283110,tc-26-6-2-1-1-10,ttcn3-tc-26-6-2-1-1-1-lkbnz,1,8
1782283110,tc-26-6-2-1-1-10,virtphy-96dd7697f-dbfnf,6,1
1782283110,tc-26-6-2-4-8,msc-test-stub-5b875d749d-xvhpf,1,16
1782283110,tc-26-6-2-4-8,osmo-bsc-594654bd47-msv6c,1,5
1782283110,tc-26-6-2-4-8,osmo-bts-virtual-5f8b9b86fc-g8mvt,31,5
1782283110,tc-26-6-2-4-8,osmo-hlr-546bdb8988-8gkbl,1,2
1782283110,tc-26-6-2-4-8,osmo-mgw-8c8fc67d6-n8kkk,1,2
1782283110,tc-26-6-2-4-8,osmo-mobile-67b9dc6556-l7d2s,3,33
1782283110,tc-26-6-2-4-8,osmo-stp-768687f494-ncn4x,1,2
1782283110,tc-26-6-2-4-8,ttcn3-tc-26-6-2-4-1-f9g9d,1,6
1782283110,tc-26-6-2-4-8,virtphy-7f5dbd568c-wpbgd,6,1
1782283110,tc-26-6-8-2-2,msc-test-stub-5b875d749d-kcsvh,1,22
1782283110,tc-26-6-8-2-2,osmo-bsc-594654bd47-tkgsl,1,7
1782283110,tc-26-6-8-2-2,osmo-bts-virtual-5f8b9b86fc-qmlq8,28,5
1782283110,tc-26-6-8-2-2,osmo-hlr-546bdb8988-rctw6,1,2
1782283110,tc-26-6-8-2-2,osmo-mgw-8c8fc67d6-ghvzw,1,4
1782283110,tc-26-6-8-2-2,osmo-mobile-6cf757f4bb-jmfpr,3,43
1782283110,tc-26-6-8-2-2,osmo-stp-768687f494-sqt65,1,6
1782283110,tc-26-6-8-2-2,ttcn3-tc-26-6-8-2-1-cx9pr,1,15
1782283110,tc-26-6-8-2-2,virtphy-fc8dddd4c-4r9tc,6,1
1782283110,tc-26-7-2-1-4,msc-test-stub-5b875d749d-f4nnq,1,16
1782283110,tc-26-7-2-1-4,osmo-bsc-594654bd47-l6cj2,1,5
1782283110,tc-26-7-2-1-4,osmo-bts-virtual-5f8b9b86fc-kzkkp,35,5
1782283110,tc-26-7-2-1-4,osmo-hlr-546bdb8988-kllvn,1,2
1782283110,tc-26-7-2-1-4,osmo-mgw-8c8fc67d6-v4v28,1,2
1782283110,tc-26-7-2-1-4,osmo-mobile-64dcc87988-r4bxs,3,36
1782283110,tc-26-7-2-1-4,osmo-stp-768687f494-t9pm5,1,2
1782283110,tc-26-7-2-1-4,virtphy-6f8b6f6885-hg7cs,7,1
1782283110,tc-26-7-2-2-3,msc-test-stub-5b875d749d-2k5jx,1,16
1782283110,tc-26-7-2-2-3,osmo-bsc-594654bd47-bjbll,1,5
1782283110,tc-26-7-2-2-3,osmo-bts-virtual-5f8b9b86fc-dj9j7,33,5
1782283110,tc-26-7-2-2-3,osmo-hlr-546bdb8988-q5xcs,1,2
1782283110,tc-26-7-2-2-3,osmo-mgw-8c8fc67d6-w7mb7,1,2
1782283110,tc-26-7-2-2-3,osmo-mobile-65b5958d7b-nd7wr,3,36
1782283110,tc-26-7-2-2-3,osmo-stp-768687f494-x889n,1,2
1782283110,tc-26-7-2-2-3,virtphy-669796d86c-dl9dt,7,1
1782283110,tc-26-7-4-1-11,msc-test-stub-5b875d749d-nf4fk,1,16
1782283110,tc-26-7-4-1-11,osmo-bsc-594654bd47-qlrkz,1,5
1782283110,tc-26-7-4-1-11,osmo-bts-virtual-5f8b9b86fc-ksxp2,34,5
1782283110,tc-26-7-4-1-11,osmo-hlr-546bdb8988-m7slh,1,2
1782283110,tc-26-7-4-1-11,osmo-mgw-8c8fc67d6-blwgc,1,2
1782283110,tc-26-7-4-1-11,osmo-mobile-57ffcc5b84-bcb6v,2,33
1782283110,tc-26-7-4-1-11,osmo-stp-768687f494-cdvls,1,2
1782283110,tc-26-7-4-1-11,ttcn3-tc-26-7-4-1-1-vfwzt,1,6
1782283110,tc-26-7-4-1-11,virtphy-689cb88f6c-lpfmk,6,1
1782283110,tc-26-7-5-3-12,msc-test-stub-5b875d749d-9xvl9,1,16
1782283110,tc-26-7-5-3-12,osmo-bsc-594654bd47-b8kpq,1,5
1782283110,tc-26-7-5-3-12,osmo-bts-virtual-5f8b9b86fc-wl7k2,35,5
1782283110,tc-26-7-5-3-12,osmo-hlr-546bdb8988-d6l2s,1,2
1782283110,tc-26-7-5-3-12,osmo-mgw-8c8fc67d6-xp48l,1,2
1782283110,tc-26-7-5-3-12,osmo-mobile-79c8f8bc4b-mc6jq,3,36
1782283110,tc-26-7-5-3-12,osmo-stp-768687f494-2nqzv,1,2
1782283110,tc-26-7-5-3-12,virtphy-56cc7fd87-gnrrq,6,1
1782283110,tc-26-7-5-6-5,msc-test-stub-5b875d749d-sq5zl,1,16
1782283110,tc-26-7-5-6-5,osmo-bsc-594654bd47-qwxkf,1,5
1782283110,tc-26-7-5-6-5,osmo-bts-virtual-5f8b9b86fc-wfjwc,28,5
1782283110,tc-26-7-5-6-5,osmo-hlr-546bdb8988-76xzt,1,2
1782283110,tc-26-7-5-6-5,osmo-mgw-8c8fc67d6-t8q8x,1,2
1782283110,tc-26-7-5-6-5,osmo-mobile-6b9545c69c-t2mvr,3,33
1782283110,tc-26-7-5-6-5,osmo-stp-768687f494-gwqpr,1,2
1782283110,tc-26-7-5-6-5,ttcn3-tc-26-7-5-6-1-p6rcf,1,6
1782283110,tc-26-7-5-6-5,virtphy-5fc5689b8-jn7vs,6,1
1782283110,tc-26-8-1-2-1-1-1,msc-test-stub-5b875d749d-v48d2,1,16
1782283110,tc-26-8-1-2-1-1-1,osmo-bsc-594654bd47-7l68h,1,5
1782283110,tc-26-8-1-2-1-1-1,osmo-bts-virtual-5f8b9b86fc-6vtkt,29,5
1782283110,tc-26-8-1-2-1-1-1,osmo-hlr-546bdb8988-dv26d,1,2
1782283110,tc-26-8-1-2-1-1-1,osmo-mgw-8c8fc67d6-s49xd,1,2
1782283110,tc-26-8-1-2-1-1-1,osmo-mobile-5976fc576b-wkx2z,3,33
1782283110,tc-26-8-1-2-1-1-1,osmo-stp-768687f494-sjcjh,1,2
1782283110,tc-26-8-1-2-1-1-1,ttcn3-tc-26-8-1-2-1-1-1-t5zcn,1,6
1782283110,tc-26-8-1-2-1-1-1,virtphy-7798ff9c7-btctw,5,1
1782283110,tc-26-8-1-3-3-1-7,msc-test-stub-5b875d749d-nh4pl,1,16
1782283110,tc-26-8-1-3-3-1-7,osmo-bsc-594654bd47-wcjc5,1,5
1782283110,tc-26-8-1-3-3-1-7,osmo-bts-virtual-5f8b9b86fc-sjf5l,36,5
1782283110,tc-26-8-1-3-3-1-7,osmo-hlr-546bdb8988-kt455,1,2
1782283110,tc-26-8-1-3-3-1-7,osmo-mgw-8c8fc67d6-82hsl,1,2
1782283110,tc-26-8-1-3-3-1-7,osmo-mobile-6bccfdc6b7-47qzz,3,33
1782283110,tc-26-8-1-3-3-1-7,osmo-stp-768687f494-6b54s,1,2
1782283110,tc-26-8-1-3-3-1-7,ttcn3-tc-26-8-1-3-3-1-1-h2n85,1,6
1782283110,tc-26-8-1-3-3-1-7,virtphy-5c84574666-b9cr2,7,1
1782283110,tc-26-8-1-3-4-6-6,msc-test-stub-5b875d749d-zd9kr,1,16
1782283110,tc-26-8-1-3-4-6-6,osmo-bsc-594654bd47-sq9jn,1,5
1782283110,tc-26-8-1-3-4-6-6,osmo-bts-virtual-5f8b9b86fc-vq9ct,28,8
1782283110,tc-26-8-1-3-4-6-6,osmo-hlr-546bdb8988-thwg2,1,6
1782283110,tc-26-8-1-3-4-6-6,osmo-mgw-8c8fc67d6-qhtng,1,4
1782283110,tc-26-8-1-3-4-6-6,osmo-mobile-69b4658d4b-ph2md,3,60
1782283110,tc-26-8-1-3-4-6-6,osmo-stp-768687f494-rdztz,1,2
1782283110,tc-26-8-1-3-4-6-6,ttcn3-tc-26-8-1-3-4-6-1-czpd6,1,16
1782283110,tc-26-8-1-3-4-6-6,virtphy-65f469bd7-gplgh,6,2
1782283113,kube-system,coredns-c4dbffb5f-p9rsr,2,29
1782283113,kube-system,local-path-provisioner-5c4dc5d66d-nfqxz,1,15
1782283113,kube-system,metrics-server-786d997795-hcp2m,11,46
1782283113,kube-system,svclb-traefik-1100f998-kpm9h,0,0
1782283113,kube-system,traefik-9bcdbbd9-qtpjt,2,36
1782283113,tc-26-6-11-1-9,msc-test-stub-5b875d749d-mx9h8,1,16
1782283113,tc-26-6-11-1-9,osmo-bsc-594654bd47-22w8h,1,5
1782283113,tc-26-6-11-1-9,osmo-bts-virtual-5f8b9b86fc-98h4z,32,5
1782283113,tc-26-6-11-1-9,osmo-hlr-546bdb8988-mbk5k,1,2
1782283113,tc-26-6-11-1-9,osmo-mgw-8c8fc67d6-95rkp,1,2
1782283113,tc-26-6-11-1-9,osmo-mobile-654dfdc996-rvbm9,3,33
1782283113,tc-26-6-11-1-9,osmo-stp-768687f494-b2r4v,1,2
1782283113,tc-26-6-11-1-9,ttcn3-tc-26-6-11-1-1-vk89h,1,11
1782283113,tc-26-6-11-1-9,virtphy-7dc46555f-httmn,6,1
1782283113,tc-26-6-2-1-1-10,msc-test-stub-5b875d749d-sf5nr,1,16
1782283113,tc-26-6-2-1-1-10,osmo-bsc-594654bd47-lgm95,1,5
1782283113,tc-26-6-2-1-1-10,osmo-bts-virtual-5f8b9b86fc-lz8v5,30,5
1782283113,tc-26-6-2-1-1-10,osmo-hlr-546bdb8988-gjv5l,1,2
1782283113,tc-26-6-2-1-1-10,osmo-mgw-8c8fc67d6-t5sth,1,2
1782283113,tc-26-6-2-1-1-10,osmo-mobile-587bd5b846-btmbs,2,33
1782283113,tc-26-6-2-1-1-10,osmo-stp-768687f494-pq8rn,1,2
1782283113,tc-26-6-2-1-1-10,ttcn3-tc-26-6-2-1-1-1-lkbnz,1,8
1782283113,tc-26-6-2-1-1-10,virtphy-96dd7697f-dbfnf,6,1
1782283113,tc-26-6-2-4-8,msc-test-stub-5b875d749d-xvhpf,1,16
1782283113,tc-26-6-2-4-8,osmo-bsc-594654bd47-msv6c,1,5
1782283113,tc-26-6-2-4-8,osmo-bts-virtual-5f8b9b86fc-g8mvt,31,5
1782283113,tc-26-6-2-4-8,osmo-hlr-546bdb8988-8gkbl,1,2
1782283113,tc-26-6-2-4-8,osmo-mgw-8c8fc67d6-n8kkk,1,2
1782283113,tc-26-6-2-4-8,osmo-mobile-67b9dc6556-l7d2s,3,33
1782283113,tc-26-6-2-4-8,osmo-stp-768687f494-ncn4x,1,2
1782283113,tc-26-6-2-4-8,ttcn3-tc-26-6-2-4-1-f9g9d,1,6
1782283113,tc-26-6-2-4-8,virtphy-7f5dbd568c-wpbgd,6,1
1782283113,tc-26-6-8-2-2,msc-test-stub-5b875d749d-kcsvh,1,22
1782283113,tc-26-6-8-2-2,osmo-bsc-594654bd47-tkgsl,1,7
1782283113,tc-26-6-8-2-2,osmo-bts-virtual-5f8b9b86fc-qmlq8,28,5
1782283113,tc-26-6-8-2-2,osmo-hlr-546bdb8988-rctw6,1,2
1782283113,tc-26-6-8-2-2,osmo-mgw-8c8fc67d6-ghvzw,1,4
1782283113,tc-26-6-8-2-2,osmo-mobile-6cf757f4bb-jmfpr,3,43
1782283113,tc-26-6-8-2-2,osmo-stp-768687f494-sqt65,1,6
1782283113,tc-26-6-8-2-2,virtphy-fc8dddd4c-4r9tc,6,1
1782283113,tc-26-7-2-1-4,msc-test-stub-5b875d749d-f4nnq,1,16
1782283113,tc-26-7-2-1-4,osmo-bsc-594654bd47-l6cj2,1,5
1782283113,tc-26-7-2-1-4,osmo-bts-virtual-5f8b9b86fc-kzkkp,35,5
1782283113,tc-26-7-2-1-4,osmo-hlr-546bdb8988-kllvn,1,2
1782283113,tc-26-7-2-1-4,osmo-mgw-8c8fc67d6-v4v28,1,2
1782283113,tc-26-7-2-1-4,osmo-mobile-64dcc87988-r4bxs,3,36
1782283113,tc-26-7-2-1-4,osmo-stp-768687f494-t9pm5,1,2
1782283113,tc-26-7-2-1-4,virtphy-6f8b6f6885-hg7cs,7,1
1782283113,tc-26-7-2-2-3,msc-test-stub-5b875d749d-2k5jx,1,16
1782283113,tc-26-7-2-2-3,osmo-bsc-594654bd47-bjbll,1,5
1782283113,tc-26-7-2-2-3,osmo-bts-virtual-5f8b9b86fc-dj9j7,33,5
1782283113,tc-26-7-2-2-3,osmo-hlr-546bdb8988-q5xcs,1,2
1782283113,tc-26-7-2-2-3,osmo-mgw-8c8fc67d6-w7mb7,1,2
1782283113,tc-26-7-2-2-3,osmo-mobile-65b5958d7b-nd7wr,3,36
1782283113,tc-26-7-2-2-3,osmo-stp-768687f494-x889n,1,2
1782283113,tc-26-7-2-2-3,virtphy-669796d86c-dl9dt,7,1
1782283113,tc-26-7-4-1-11,msc-test-stub-5b875d749d-nf4fk,1,16
1782283113,tc-26-7-4-1-11,osmo-bsc-594654bd47-qlrkz,1,5
1782283113,tc-26-7-4-1-11,osmo-bts-virtual-5f8b9b86fc-ksxp2,34,5
1782283113,tc-26-7-4-1-11,osmo-hlr-546bdb8988-m7slh,1,2
1782283113,tc-26-7-4-1-11,osmo-mgw-8c8fc67d6-blwgc,1,2
1782283113,tc-26-7-4-1-11,osmo-mobile-57ffcc5b84-bcb6v,2,33
1782283113,tc-26-7-4-1-11,osmo-stp-768687f494-cdvls,1,2
1782283113,tc-26-7-4-1-11,ttcn3-tc-26-7-4-1-1-vfwzt,1,6
1782283113,tc-26-7-4-1-11,virtphy-689cb88f6c-lpfmk,6,1
1782283113,tc-26-7-5-3-12,msc-test-stub-5b875d749d-9xvl9,1,16
1782283113,tc-26-7-5-3-12,osmo-bsc-594654bd47-b8kpq,1,5
1782283113,tc-26-7-5-3-12,osmo-bts-virtual-5f8b9b86fc-wl7k2,35,5
1782283113,tc-26-7-5-3-12,osmo-hlr-546bdb8988-d6l2s,1,2
1782283113,tc-26-7-5-3-12,osmo-mgw-8c8fc67d6-xp48l,1,2
1782283113,tc-26-7-5-3-12,osmo-mobile-79c8f8bc4b-mc6jq,3,36
1782283113,tc-26-7-5-3-12,osmo-stp-768687f494-2nqzv,1,2
1782283113,tc-26-7-5-3-12,virtphy-56cc7fd87-gnrrq,6,1
1782283113,tc-26-7-5-6-5,msc-test-stub-5b875d749d-sq5zl,1,16
1782283113,tc-26-7-5-6-5,osmo-bsc-594654bd47-qwxkf,1,5
1782283113,tc-26-7-5-6-5,osmo-bts-virtual-5f8b9b86fc-wfjwc,28,5
1782283113,tc-26-7-5-6-5,osmo-hlr-546bdb8988-76xzt,1,2
1782283113,tc-26-7-5-6-5,osmo-mgw-8c8fc67d6-t8q8x,1,2
1782283113,tc-26-7-5-6-5,osmo-mobile-6b9545c69c-t2mvr,3,33
1782283113,tc-26-7-5-6-5,osmo-stp-768687f494-gwqpr,1,2
1782283113,tc-26-7-5-6-5,ttcn3-tc-26-7-5-6-1-p6rcf,1,6
1782283113,tc-26-7-5-6-5,virtphy-5fc5689b8-jn7vs,6,1
1782283113,tc-26-8-1-2-1-1-1,msc-test-stub-5b875d749d-v48d2,1,16
1782283113,tc-26-8-1-2-1-1-1,osmo-bsc-594654bd47-7l68h,1,5
1782283113,tc-26-8-1-2-1-1-1,osmo-bts-virtual-5f8b9b86fc-6vtkt,29,5
1782283113,tc-26-8-1-2-1-1-1,osmo-hlr-546bdb8988-dv26d,1,2
1782283113,tc-26-8-1-2-1-1-1,osmo-mgw-8c8fc67d6-s49xd,1,2
1782283113,tc-26-8-1-2-1-1-1,osmo-mobile-5976fc576b-wkx2z,3,33
1782283113,tc-26-8-1-2-1-1-1,osmo-stp-768687f494-sjcjh,1,2
1782283113,tc-26-8-1-2-1-1-1,virtphy-7798ff9c7-btctw,5,1
1782283113,tc-26-8-1-3-3-1-7,msc-test-stub-5b875d749d-nh4pl,1,16
1782283113,tc-26-8-1-3-3-1-7,osmo-bsc-594654bd47-wcjc5,1,5
1782283113,tc-26-8-1-3-3-1-7,osmo-bts-virtual-5f8b9b86fc-sjf5l,36,5
1782283113,tc-26-8-1-3-3-1-7,osmo-hlr-546bdb8988-kt455,1,2
1782283113,tc-26-8-1-3-3-1-7,osmo-mgw-8c8fc67d6-82hsl,1,2
1782283113,tc-26-8-1-3-3-1-7,osmo-mobile-6bccfdc6b7-47qzz,3,33
1782283113,tc-26-8-1-3-3-1-7,osmo-stp-768687f494-6b54s,1,2
1782283113,tc-26-8-1-3-3-1-7,ttcn3-tc-26-8-1-3-3-1-1-h2n85,1,6
1782283113,tc-26-8-1-3-3-1-7,virtphy-5c84574666-b9cr2,7,1
1782283113,tc-26-8-1-3-4-6-6,msc-test-stub-5b875d749d-zd9kr,1,16
1782283113,tc-26-8-1-3-4-6-6,osmo-bsc-594654bd47-sq9jn,1,5
1782283113,tc-26-8-1-3-4-6-6,osmo-bts-virtual-5f8b9b86fc-vq9ct,28,8
1782283113,tc-26-8-1-3-4-6-6,osmo-hlr-546bdb8988-thwg2,1,6
1782283113,tc-26-8-1-3-4-6-6,osmo-mgw-8c8fc67d6-qhtng,1,4
1782283113,tc-26-8-1-3-4-6-6,osmo-mobile-69b4658d4b-ph2md,3,60
1782283113,tc-26-8-1-3-4-6-6,osmo-stp-768687f494-rdztz,1,2
1782283113,tc-26-8-1-3-4-6-6,ttcn3-tc-26-8-1-3-4-6-1-czpd6,1,16
1782283113,tc-26-8-1-3-4-6-6,virtphy-65f469bd7-gplgh,6,2
1782283116,kube-system,coredns-c4dbffb5f-p9rsr,2,29
1782283116,kube-system,local-path-provisioner-5c4dc5d66d-nfqxz,1,15
1782283116,kube-system,metrics-server-786d997795-hcp2m,11,46
1782283116,kube-system,svclb-traefik-1100f998-kpm9h,0,0
1782283116,kube-system,traefik-9bcdbbd9-qtpjt,2,36
1782283116,tc-26-6-11-1-9,msc-test-stub-5b875d749d-mx9h8,1,16
1782283116,tc-26-6-11-1-9,osmo-bsc-594654bd47-22w8h,1,5
1782283116,tc-26-6-11-1-9,osmo-bts-virtual-5f8b9b86fc-98h4z,32,5
1782283116,tc-26-6-11-1-9,osmo-hlr-546bdb8988-mbk5k,1,2
1782283116,tc-26-6-11-1-9,osmo-mgw-8c8fc67d6-95rkp,1,2
1782283116,tc-26-6-11-1-9,osmo-mobile-654dfdc996-rvbm9,3,33
1782283116,tc-26-6-11-1-9,osmo-stp-768687f494-b2r4v,1,2
1782283116,tc-26-6-11-1-9,ttcn3-tc-26-6-11-1-1-vk89h,1,11
1782283116,tc-26-6-11-1-9,virtphy-7dc46555f-httmn,6,1
1782283116,tc-26-6-2-1-1-10,msc-test-stub-5b875d749d-sf5nr,1,16
1782283116,tc-26-6-2-1-1-10,osmo-bsc-594654bd47-lgm95,1,5
1782283116,tc-26-6-2-1-1-10,osmo-bts-virtual-5f8b9b86fc-lz8v5,30,5
1782283116,tc-26-6-2-1-1-10,osmo-hlr-546bdb8988-gjv5l,1,2
1782283116,tc-26-6-2-1-1-10,osmo-mgw-8c8fc67d6-t5sth,1,2
1782283116,tc-26-6-2-1-1-10,osmo-mobile-587bd5b846-btmbs,2,33
1782283116,tc-26-6-2-1-1-10,osmo-stp-768687f494-pq8rn,1,2
1782283116,tc-26-6-2-1-1-10,ttcn3-tc-26-6-2-1-1-1-lkbnz,1,8
1782283116,tc-26-6-2-1-1-10,virtphy-96dd7697f-dbfnf,6,1
1782283116,tc-26-6-2-4-8,msc-test-stub-5b875d749d-xvhpf,1,16
1782283116,tc-26-6-2-4-8,osmo-bsc-594654bd47-msv6c,1,5
1782283116,tc-26-6-2-4-8,osmo-bts-virtual-5f8b9b86fc-g8mvt,31,5
1782283116,tc-26-6-2-4-8,osmo-hlr-546bdb8988-8gkbl,1,2
1782283116,tc-26-6-2-4-8,osmo-mgw-8c8fc67d6-n8kkk,1,2
1782283116,tc-26-6-2-4-8,osmo-mobile-67b9dc6556-l7d2s,3,33
1782283116,tc-26-6-2-4-8,osmo-stp-768687f494-ncn4x,1,2
1782283116,tc-26-6-2-4-8,ttcn3-tc-26-6-2-4-1-f9g9d,1,6
1782283116,tc-26-6-2-4-8,virtphy-7f5dbd568c-wpbgd,6,1
1782283116,tc-26-6-8-2-2,msc-test-stub-5b875d749d-kcsvh,1,22
1782283116,tc-26-6-8-2-2,osmo-bsc-594654bd47-tkgsl,1,7
1782283116,tc-26-6-8-2-2,osmo-bts-virtual-5f8b9b86fc-qmlq8,28,5
1782283116,tc-26-6-8-2-2,osmo-hlr-546bdb8988-rctw6,1,2
1782283116,tc-26-6-8-2-2,osmo-mgw-8c8fc67d6-ghvzw,1,4
1782283116,tc-26-6-8-2-2,osmo-mobile-6cf757f4bb-jmfpr,3,43
1782283116,tc-26-6-8-2-2,osmo-stp-768687f494-sqt65,1,6
1782283116,tc-26-6-8-2-2,virtphy-fc8dddd4c-4r9tc,6,1
1782283116,tc-26-7-2-1-4,msc-test-stub-5b875d749d-f4nnq,1,16
1782283116,tc-26-7-2-1-4,osmo-bsc-594654bd47-l6cj2,1,5
1782283116,tc-26-7-2-1-4,osmo-bts-virtual-5f8b9b86fc-kzkkp,35,5
1782283116,tc-26-7-2-1-4,osmo-hlr-546bdb8988-kllvn,1,2
1782283116,tc-26-7-2-1-4,osmo-mgw-8c8fc67d6-v4v28,1,2
1782283116,tc-26-7-2-1-4,osmo-mobile-64dcc87988-r4bxs,3,36
1782283116,tc-26-7-2-1-4,osmo-stp-768687f494-t9pm5,1,2
1782283116,tc-26-7-2-1-4,virtphy-6f8b6f6885-hg7cs,7,1
1782283116,tc-26-7-2-2-3,msc-test-stub-5b875d749d-2k5jx,1,16
1782283116,tc-26-7-2-2-3,osmo-bsc-594654bd47-bjbll,1,5
1782283116,tc-26-7-2-2-3,osmo-bts-virtual-5f8b9b86fc-dj9j7,33,5
1782283116,tc-26-7-2-2-3,osmo-hlr-546bdb8988-q5xcs,1,2
1782283116,tc-26-7-2-2-3,osmo-mgw-8c8fc67d6-w7mb7,1,2
1782283116,tc-26-7-2-2-3,osmo-mobile-65b5958d7b-nd7wr,3,36
1782283116,tc-26-7-2-2-3,osmo-stp-768687f494-x889n,1,2
1782283116,tc-26-7-2-2-3,virtphy-669796d86c-dl9dt,7,1
1782283116,tc-26-7-4-1-11,msc-test-stub-5b875d749d-nf4fk,1,16
1782283116,tc-26-7-4-1-11,osmo-bsc-594654bd47-qlrkz,1,5
1782283116,tc-26-7-4-1-11,osmo-bts-virtual-5f8b9b86fc-ksxp2,34,5
1782283116,tc-26-7-4-1-11,osmo-hlr-546bdb8988-m7slh,1,2
1782283116,tc-26-7-4-1-11,osmo-mgw-8c8fc67d6-blwgc,1,2
1782283116,tc-26-7-4-1-11,osmo-mobile-57ffcc5b84-bcb6v,2,33
1782283116,tc-26-7-4-1-11,osmo-stp-768687f494-cdvls,1,2
1782283116,tc-26-7-4-1-11,ttcn3-tc-26-7-4-1-1-vfwzt,1,6
1782283116,tc-26-7-4-1-11,virtphy-689cb88f6c-lpfmk,6,1
1782283116,tc-26-7-5-3-12,msc-test-stub-5b875d749d-9xvl9,1,16
1782283116,tc-26-7-5-3-12,osmo-bsc-594654bd47-b8kpq,1,5
1782283116,tc-26-7-5-3-12,osmo-bts-virtual-5f8b9b86fc-wl7k2,35,5
1782283116,tc-26-7-5-3-12,osmo-hlr-546bdb8988-d6l2s,1,2
1782283116,tc-26-7-5-3-12,osmo-mgw-8c8fc67d6-xp48l,1,2
1782283116,tc-26-7-5-3-12,osmo-mobile-79c8f8bc4b-mc6jq,3,36
1782283116,tc-26-7-5-3-12,osmo-stp-768687f494-2nqzv,1,2
1782283116,tc-26-7-5-3-12,virtphy-56cc7fd87-gnrrq,6,1
1782283116,tc-26-7-5-6-5,msc-test-stub-5b875d749d-sq5zl,1,16
1782283116,tc-26-7-5-6-5,osmo-bsc-594654bd47-qwxkf,1,5
1782283116,tc-26-7-5-6-5,osmo-bts-virtual-5f8b9b86fc-wfjwc,28,5
1782283116,tc-26-7-5-6-5,osmo-hlr-546bdb8988-76xzt,1,2
1782283116,tc-26-7-5-6-5,osmo-mgw-8c8fc67d6-t8q8x,1,2
1782283116,tc-26-7-5-6-5,osmo-mobile-6b9545c69c-t2mvr,3,33
1782283116,tc-26-7-5-6-5,osmo-stp-768687f494-gwqpr,1,2
1782283116,tc-26-7-5-6-5,ttcn3-tc-26-7-5-6-1-p6rcf,1,6
1782283116,tc-26-7-5-6-5,virtphy-5fc5689b8-jn7vs,6,1
1782283116,tc-26-8-1-2-1-1-1,msc-test-stub-5b875d749d-v48d2,1,16
1782283116,tc-26-8-1-2-1-1-1,osmo-bsc-594654bd47-7l68h,1,5
1782283116,tc-26-8-1-2-1-1-1,osmo-bts-virtual-5f8b9b86fc-6vtkt,29,5
1782283116,tc-26-8-1-2-1-1-1,osmo-hlr-546bdb8988-dv26d,1,2
1782283116,tc-26-8-1-2-1-1-1,osmo-mgw-8c8fc67d6-s49xd,1,2
1782283116,tc-26-8-1-2-1-1-1,osmo-mobile-5976fc576b-wkx2z,3,33
1782283116,tc-26-8-1-2-1-1-1,osmo-stp-768687f494-sjcjh,1,2
1782283116,tc-26-8-1-2-1-1-1,virtphy-7798ff9c7-btctw,5,1
1782283116,tc-26-8-1-3-3-1-7,msc-test-stub-5b875d749d-nh4pl,1,16
1782283116,tc-26-8-1-3-3-1-7,osmo-bsc-594654bd47-wcjc5,1,5
1782283116,tc-26-8-1-3-3-1-7,osmo-bts-virtual-5f8b9b86fc-sjf5l,36,5
1782283116,tc-26-8-1-3-3-1-7,osmo-hlr-546bdb8988-kt455,1,2
1782283116,tc-26-8-1-3-3-1-7,osmo-mgw-8c8fc67d6-82hsl,1,2
1782283116,tc-26-8-1-3-3-1-7,osmo-mobile-6bccfdc6b7-47qzz,3,33
1782283116,tc-26-8-1-3-3-1-7,osmo-stp-768687f494-6b54s,1,2
1782283116,tc-26-8-1-3-3-1-7,ttcn3-tc-26-8-1-3-3-1-1-h2n85,1,6
1782283116,tc-26-8-1-3-3-1-7,virtphy-5c84574666-b9cr2,7,1
1782283116,tc-26-8-1-3-4-6-6,msc-test-stub-5b875d749d-zd9kr,1,16
1782283116,tc-26-8-1-3-4-6-6,osmo-bsc-594654bd47-sq9jn,1,5
1782283116,tc-26-8-1-3-4-6-6,osmo-bts-virtual-5f8b9b86fc-vq9ct,28,8
1782283116,tc-26-8-1-3-4-6-6,osmo-hlr-546bdb8988-thwg2,1,6
1782283116,tc-26-8-1-3-4-6-6,osmo-mgw-8c8fc67d6-qhtng,1,4
1782283116,tc-26-8-1-3-4-6-6,osmo-mobile-69b4658d4b-ph2md,3,60
1782283116,tc-26-8-1-3-4-6-6,osmo-stp-768687f494-rdztz,1,2
1782283116,tc-26-8-1-3-4-6-6,ttcn3-tc-26-8-1-3-4-6-1-czpd6,1,16
1782283116,tc-26-8-1-3-4-6-6,virtphy-65f469bd7-gplgh,6,2
1782283119,kube-system,coredns-c4dbffb5f-p9rsr,2,29
1782283119,kube-system,local-path-provisioner-5c4dc5d66d-nfqxz,1,15
1782283119,kube-system,metrics-server-786d997795-hcp2m,11,46
1782283119,kube-system,svclb-traefik-1100f998-kpm9h,0,0
1782283119,kube-system,traefik-9bcdbbd9-qtpjt,2,36
1782283119,tc-26-6-11-1-9,msc-test-stub-5b875d749d-mx9h8,1,16
1782283119,tc-26-6-11-1-9,osmo-bsc-594654bd47-22w8h,1,5
1782283119,tc-26-6-11-1-9,osmo-bts-virtual-5f8b9b86fc-98h4z,32,5
1782283119,tc-26-6-11-1-9,osmo-hlr-546bdb8988-mbk5k,1,2
1782283119,tc-26-6-11-1-9,osmo-mgw-8c8fc67d6-95rkp,1,2
1782283119,tc-26-6-11-1-9,osmo-mobile-654dfdc996-rvbm9,3,33
1782283119,tc-26-6-11-1-9,osmo-stp-768687f494-b2r4v,1,2
1782283119,tc-26-6-11-1-9,ttcn3-tc-26-6-11-1-1-vk89h,1,11
1782283119,tc-26-6-11-1-9,virtphy-7dc46555f-httmn,6,1
1782283119,tc-26-6-2-1-1-10,msc-test-stub-5b875d749d-sf5nr,1,16
1782283119,tc-26-6-2-1-1-10,osmo-bsc-594654bd47-lgm95,1,5
1782283119,tc-26-6-2-1-1-10,osmo-bts-virtual-5f8b9b86fc-lz8v5,30,5
1782283119,tc-26-6-2-1-1-10,osmo-hlr-546bdb8988-gjv5l,1,2
1782283119,tc-26-6-2-1-1-10,osmo-mgw-8c8fc67d6-t5sth,1,2
1782283119,tc-26-6-2-1-1-10,osmo-mobile-587bd5b846-btmbs,2,33
1782283119,tc-26-6-2-1-1-10,osmo-stp-768687f494-pq8rn,1,2
1782283119,tc-26-6-2-1-1-10,ttcn3-tc-26-6-2-1-1-1-lkbnz,1,8
1782283119,tc-26-6-2-1-1-10,virtphy-96dd7697f-dbfnf,6,1
1782283119,tc-26-6-2-4-8,msc-test-stub-5b875d749d-xvhpf,1,16
1782283119,tc-26-6-2-4-8,osmo-bsc-594654bd47-msv6c,1,5
1782283119,tc-26-6-2-4-8,osmo-bts-virtual-5f8b9b86fc-g8mvt,31,5
1782283119,tc-26-6-2-4-8,osmo-hlr-546bdb8988-8gkbl,1,2
1782283119,tc-26-6-2-4-8,osmo-mgw-8c8fc67d6-n8kkk,1,2
1782283119,tc-26-6-2-4-8,osmo-mobile-67b9dc6556-l7d2s,3,33
1782283119,tc-26-6-2-4-8,osmo-stp-768687f494-ncn4x,1,2
1782283119,tc-26-6-2-4-8,ttcn3-tc-26-6-2-4-1-f9g9d,1,6
1782283119,tc-26-6-2-4-8,virtphy-7f5dbd568c-wpbgd,6,1
1782283119,tc-26-6-8-2-2,msc-test-stub-5b875d749d-kcsvh,1,22
1782283119,tc-26-6-8-2-2,osmo-bsc-594654bd47-tkgsl,1,7
1782283119,tc-26-6-8-2-2,osmo-bts-virtual-5f8b9b86fc-qmlq8,28,5
1782283119,tc-26-6-8-2-2,osmo-hlr-546bdb8988-rctw6,1,2
1782283119,tc-26-6-8-2-2,osmo-mgw-8c8fc67d6-ghvzw,1,4
1782283119,tc-26-6-8-2-2,osmo-mobile-6cf757f4bb-jmfpr,3,43
1782283119,tc-26-6-8-2-2,osmo-stp-768687f494-sqt65,1,6
1782283119,tc-26-6-8-2-2,virtphy-fc8dddd4c-4r9tc,6,1
1782283119,tc-26-7-2-1-4,msc-test-stub-5b875d749d-f4nnq,1,16
1782283119,tc-26-7-2-1-4,osmo-bsc-594654bd47-l6cj2,1,5
1782283119,tc-26-7-2-1-4,osmo-bts-virtual-5f8b9b86fc-kzkkp,35,5
1782283119,tc-26-7-2-1-4,osmo-hlr-546bdb8988-kllvn,1,2
1782283119,tc-26-7-2-1-4,osmo-mgw-8c8fc67d6-v4v28,1,2
1782283119,tc-26-7-2-1-4,osmo-mobile-64dcc87988-r4bxs,3,36
1782283119,tc-26-7-2-1-4,osmo-stp-768687f494-t9pm5,1,2
1782283119,tc-26-7-2-1-4,virtphy-6f8b6f6885-hg7cs,7,1
1782283119,tc-26-7-2-2-3,msc-test-stub-5b875d749d-2k5jx,1,16
1782283119,tc-26-7-2-2-3,osmo-bsc-594654bd47-bjbll,1,5
1782283119,tc-26-7-2-2-3,osmo-bts-virtual-5f8b9b86fc-dj9j7,33,5
1782283119,tc-26-7-2-2-3,osmo-hlr-546bdb8988-q5xcs,1,2
1782283119,tc-26-7-2-2-3,osmo-mgw-8c8fc67d6-w7mb7,1,2
1782283119,tc-26-7-2-2-3,osmo-mobile-65b5958d7b-nd7wr,3,36
1782283119,tc-26-7-2-2-3,osmo-stp-768687f494-x889n,1,2
1782283119,tc-26-7-2-2-3,virtphy-669796d86c-dl9dt,7,1
1782283119,tc-26-7-4-1-11,msc-test-stub-5b875d749d-nf4fk,1,16
1782283119,tc-26-7-4-1-11,osmo-bsc-594654bd47-qlrkz,1,5
1782283119,tc-26-7-4-1-11,osmo-bts-virtual-5f8b9b86fc-ksxp2,34,5
1782283119,tc-26-7-4-1-11,osmo-hlr-546bdb8988-m7slh,1,2
1782283119,tc-26-7-4-1-11,osmo-mgw-8c8fc67d6-blwgc,1,2
1782283119,tc-26-7-4-1-11,osmo-mobile-57ffcc5b84-bcb6v,2,33
1782283119,tc-26-7-4-1-11,osmo-stp-768687f494-cdvls,1,2
1782283119,tc-26-7-4-1-11,ttcn3-tc-26-7-4-1-1-vfwzt,1,6
1782283119,tc-26-7-4-1-11,virtphy-689cb88f6c-lpfmk,6,1
1782283119,tc-26-7-5-3-12,msc-test-stub-5b875d749d-9xvl9,1,16
1782283119,tc-26-7-5-3-12,osmo-bsc-594654bd47-b8kpq,1,5
1782283119,tc-26-7-5-3-12,osmo-bts-virtual-5f8b9b86fc-wl7k2,35,5
1782283119,tc-26-7-5-3-12,osmo-hlr-546bdb8988-d6l2s,1,2
1782283119,tc-26-7-5-3-12,osmo-mgw-8c8fc67d6-xp48l,1,2
1782283119,tc-26-7-5-3-12,osmo-mobile-79c8f8bc4b-mc6jq,3,36
1782283119,tc-26-7-5-3-12,osmo-stp-768687f494-2nqzv,1,2
1782283119,tc-26-7-5-3-12,virtphy-56cc7fd87-gnrrq,6,1
1782283119,tc-26-7-5-6-5,msc-test-stub-5b875d749d-sq5zl,1,16
1782283119,tc-26-7-5-6-5,osmo-bsc-594654bd47-qwxkf,1,5
1782283119,tc-26-7-5-6-5,osmo-bts-virtual-5f8b9b86fc-wfjwc,28,5
1782283119,tc-26-7-5-6-5,osmo-hlr-546bdb8988-76xzt,1,2
1782283119,tc-26-7-5-6-5,osmo-mgw-8c8fc67d6-t8q8x,1,2
1782283119,tc-26-7-5-6-5,osmo-mobile-6b9545c69c-t2mvr,3,33
1782283119,tc-26-7-5-6-5,osmo-stp-768687f494-gwqpr,1,2
1782283119,tc-26-7-5-6-5,ttcn3-tc-26-7-5-6-1-p6rcf,1,6
1782283119,tc-26-7-5-6-5,virtphy-5fc5689b8-jn7vs,6,1
1782283119,tc-26-8-1-2-1-1-1,msc-test-stub-5b875d749d-v48d2,1,16
1782283119,tc-26-8-1-2-1-1-1,osmo-bsc-594654bd47-7l68h,1,5
1782283119,tc-26-8-1-2-1-1-1,osmo-bts-virtual-5f8b9b86fc-6vtkt,29,5
1782283119,tc-26-8-1-2-1-1-1,osmo-hlr-546bdb8988-dv26d,1,2
1782283119,tc-26-8-1-2-1-1-1,osmo-mgw-8c8fc67d6-s49xd,1,2
1782283119,tc-26-8-1-2-1-1-1,osmo-mobile-5976fc576b-wkx2z,3,33
1782283119,tc-26-8-1-2-1-1-1,osmo-stp-768687f494-sjcjh,1,2
1782283119,tc-26-8-1-2-1-1-1,virtphy-7798ff9c7-btctw,5,1
1782283119,tc-26-8-1-3-3-1-7,msc-test-stub-5b875d749d-nh4pl,1,16
1782283119,tc-26-8-1-3-3-1-7,osmo-bsc-594654bd47-wcjc5,1,5
1782283119,tc-26-8-1-3-3-1-7,osmo-bts-virtual-5f8b9b86fc-sjf5l,36,5
1782283119,tc-26-8-1-3-3-1-7,osmo-hlr-546bdb8988-kt455,1,2
1782283119,tc-26-8-1-3-3-1-7,osmo-mgw-8c8fc67d6-82hsl,1,2
1782283119,tc-26-8-1-3-3-1-7,osmo-mobile-6bccfdc6b7-47qzz,3,33
1782283119,tc-26-8-1-3-3-1-7,osmo-stp-768687f494-6b54s,1,2
1782283119,tc-26-8-1-3-3-1-7,ttcn3-tc-26-8-1-3-3-1-1-h2n85,1,6
1782283119,tc-26-8-1-3-3-1-7,virtphy-5c84574666-b9cr2,7,1
1782283119,tc-26-8-1-3-4-6-6,msc-test-stub-5b875d749d-zd9kr,1,16
1782283119,tc-26-8-1-3-4-6-6,osmo-bsc-594654bd47-sq9jn,1,5
1782283119,tc-26-8-1-3-4-6-6,osmo-bts-virtual-5f8b9b86fc-vq9ct,28,8
1782283119,tc-26-8-1-3-4-6-6,osmo-hlr-546bdb8988-thwg2,1,6
1782283119,tc-26-8-1-3-4-6-6,osmo-mgw-8c8fc67d6-qhtng,1,4
1782283119,tc-26-8-1-3-4-6-6,osmo-mobile-69b4658d4b-ph2md,3,60
1782283119,tc-26-8-1-3-4-6-6,osmo-stp-768687f494-rdztz,1,2
1782283119,tc-26-8-1-3-4-6-6,ttcn3-tc-26-8-1-3-4-6-1-czpd6,1,16
1782283119,tc-26-8-1-3-4-6-6,virtphy-65f469bd7-gplgh,6,2
1782283124,kube-system,coredns-c4dbffb5f-p9rsr,2,29
1782283124,kube-system,local-path-provisioner-5c4dc5d66d-nfqxz,1,15
1782283124,kube-system,metrics-server-786d997795-hcp2m,14,46
1782283124,kube-system,svclb-traefik-1100f998-kpm9h,0,0
1782283124,kube-system,traefik-9bcdbbd9-qtpjt,2,36
1782283124,tc-26-6-11-1-9,msc-test-stub-5b875d749d-mx9h8,1,16
1782283124,tc-26-6-11-1-9,osmo-bsc-594654bd47-22w8h,1,5
1782283124,tc-26-6-11-1-9,osmo-bts-virtual-5f8b9b86fc-98h4z,33,5
1782283124,tc-26-6-11-1-9,osmo-hlr-546bdb8988-mbk5k,1,2
1782283124,tc-26-6-11-1-9,osmo-mgw-8c8fc67d6-95rkp,1,2
1782283124,tc-26-6-11-1-9,osmo-mobile-654dfdc996-rvbm9,2,33
1782283124,tc-26-6-11-1-9,osmo-stp-768687f494-b2r4v,1,2
1782283124,tc-26-6-11-1-9,ttcn3-tc-26-6-11-1-1-vk89h,1,11
1782283124,tc-26-6-11-1-9,virtphy-7dc46555f-httmn,7,1
1782283124,tc-26-6-2-1-1-10,msc-test-stub-5b875d749d-sf5nr,1,16
1782283124,tc-26-6-2-1-1-10,osmo-bsc-594654bd47-lgm95,1,5
1782283124,tc-26-6-2-1-1-10,osmo-bts-virtual-5f8b9b86fc-lz8v5,26,5
1782283124,tc-26-6-2-1-1-10,osmo-hlr-546bdb8988-gjv5l,1,2
1782283124,tc-26-6-2-1-1-10,osmo-mgw-8c8fc67d6-t5sth,1,2
1782283124,tc-26-6-2-1-1-10,osmo-mobile-587bd5b846-btmbs,2,33
1782283124,tc-26-6-2-1-1-10,osmo-stp-768687f494-pq8rn,1,2
1782283124,tc-26-6-2-1-1-10,ttcn3-tc-26-6-2-1-1-1-lkbnz,1,8
1782283124,tc-26-6-2-1-1-10,virtphy-96dd7697f-dbfnf,6,1
1782283124,tc-26-6-2-4-8,msc-test-stub-5b875d749d-xvhpf,1,16
1782283124,tc-26-6-2-4-8,osmo-bsc-594654bd47-msv6c,1,5
1782283124,tc-26-6-2-4-8,osmo-bts-virtual-5f8b9b86fc-g8mvt,31,5
1782283124,tc-26-6-2-4-8,osmo-hlr-546bdb8988-8gkbl,1,2
1782283124,tc-26-6-2-4-8,osmo-mgw-8c8fc67d6-n8kkk,1,2
1782283124,tc-26-6-2-4-8,osmo-mobile-67b9dc6556-l7d2s,2,33
1782283124,tc-26-6-2-4-8,osmo-stp-768687f494-ncn4x,1,2
1782283124,tc-26-6-2-4-8,ttcn3-tc-26-6-2-4-1-f9g9d,1,6
1782283124,tc-26-6-2-4-8,virtphy-7f5dbd568c-wpbgd,7,1
1782283124,tc-26-6-8-2-2,msc-test-stub-5b875d749d-kcsvh,1,22
1782283124,tc-26-6-8-2-2,osmo-bts-virtual-5f8b9b86fc-qmlq8,26,5
1782283124,tc-26-6-8-2-2,osmo-mgw-8c8fc67d6-ghvzw,1,4
1782283124,tc-26-6-8-2-2,osmo-mobile-6cf757f4bb-jmfpr,3,43
1782283124,tc-26-7-2-1-4,msc-test-stub-5b875d749d-f4nnq,1,16
1782283124,tc-26-7-2-1-4,osmo-bsc-594654bd47-l6cj2,1,5
1782283124,tc-26-7-2-1-4,osmo-bts-virtual-5f8b9b86fc-kzkkp,25,5
1782283124,tc-26-7-2-1-4,osmo-hlr-546bdb8988-kllvn,1,2
1782283124,tc-26-7-2-1-4,osmo-mgw-8c8fc67d6-v4v28,1,2
1782283124,tc-26-7-2-1-4,osmo-mobile-64dcc87988-r4bxs,2,36
1782283124,tc-26-7-2-1-4,osmo-stp-768687f494-t9pm5,1,2
1782283124,tc-26-7-2-1-4,ttcn3-tc-26-7-2-1-1-swqhz,11,6
1782283124,tc-26-7-2-1-4,virtphy-6f8b6f6885-hg7cs,7,1
1782283124,tc-26-7-2-2-3,msc-test-stub-5b875d749d-2k5jx,1,16
1782283124,tc-26-7-2-2-3,osmo-bsc-594654bd47-bjbll,1,5
1782283124,tc-26-7-2-2-3,osmo-bts-virtual-5f8b9b86fc-dj9j7,29,5
1782283124,tc-26-7-2-2-3,osmo-hlr-546bdb8988-q5xcs,1,2
1782283124,tc-26-7-2-2-3,osmo-mgw-8c8fc67d6-w7mb7,1,2
1782283124,tc-26-7-2-2-3,osmo-mobile-65b5958d7b-nd7wr,2,36
1782283124,tc-26-7-2-2-3,osmo-stp-768687f494-x889n,1,2
1782283124,tc-26-7-2-2-3,virtphy-669796d86c-dl9dt,6,1
1782283124,tc-26-7-4-1-11,msc-test-stub-5b875d749d-nf4fk,1,16
1782283124,tc-26-7-4-1-11,osmo-bsc-594654bd47-qlrkz,1,5
1782283124,tc-26-7-4-1-11,osmo-bts-virtual-5f8b9b86fc-ksxp2,31,5
1782283124,tc-26-7-4-1-11,osmo-hlr-546bdb8988-m7slh,1,2
1782283124,tc-26-7-4-1-11,osmo-mgw-8c8fc67d6-blwgc,1,2
1782283124,tc-26-7-4-1-11,osmo-mobile-57ffcc5b84-bcb6v,2,33
1782283124,tc-26-7-4-1-11,osmo-stp-768687f494-cdvls,1,2
1782283124,tc-26-7-4-1-11,ttcn3-tc-26-7-4-1-1-vfwzt,1,6
1782283124,tc-26-7-4-1-11,virtphy-689cb88f6c-lpfmk,7,1
1782283124,tc-26-7-5-3-12,msc-test-stub-5b875d749d-9xvl9,1,16
1782283124,tc-26-7-5-3-12,osmo-bsc-594654bd47-b8kpq,1,5
1782283124,tc-26-7-5-3-12,osmo-bts-virtual-5f8b9b86fc-wl7k2,28,5
1782283124,tc-26-7-5-3-12,osmo-hlr-546bdb8988-d6l2s,1,2
1782283124,tc-26-7-5-3-12,osmo-mgw-8c8fc67d6-xp48l,1,2
1782283124,tc-26-7-5-3-12,osmo-mobile-79c8f8bc4b-mc6jq,2,36
1782283124,tc-26-7-5-3-12,osmo-stp-768687f494-2nqzv,1,2
1782283124,tc-26-7-5-3-12,virtphy-56cc7fd87-gnrrq,6,1
1782283124,tc-26-7-5-6-5,msc-test-stub-5b875d749d-sq5zl,1,16
1782283124,tc-26-7-5-6-5,osmo-bsc-594654bd47-qwxkf,1,5
1782283124,tc-26-7-5-6-5,osmo-bts-virtual-5f8b9b86fc-wfjwc,28,5
1782283124,tc-26-7-5-6-5,osmo-hlr-546bdb8988-76xzt,1,2
1782283124,tc-26-7-5-6-5,osmo-mgw-8c8fc67d6-t8q8x,1,2
1782283124,tc-26-7-5-6-5,osmo-mobile-6b9545c69c-t2mvr,2,33
1782283124,tc-26-7-5-6-5,osmo-stp-768687f494-gwqpr,1,2
1782283124,tc-26-7-5-6-5,ttcn3-tc-26-7-5-6-1-p6rcf,1,6
1782283124,tc-26-7-5-6-5,virtphy-5fc5689b8-jn7vs,6,1
1782283124,tc-26-8-1-2-1-1-1,msc-test-stub-5b875d749d-v48d2,1,16
1782283124,tc-26-8-1-2-1-1-1,osmo-bts-virtual-5f8b9b86fc-6vtkt,28,5
1782283124,tc-26-8-1-2-1-1-1,osmo-mgw-8c8fc67d6-s49xd,1,2
1782283124,tc-26-8-1-2-1-1-1,osmo-mobile-5976fc576b-wkx2z,3,33
1782283124,tc-26-8-1-3-3-1-7,msc-test-stub-5b875d749d-nh4pl,1,16
1782283124,tc-26-8-1-3-3-1-7,osmo-bsc-594654bd47-wcjc5,1,5
1782283124,tc-26-8-1-3-3-1-7,osmo-bts-virtual-5f8b9b86fc-sjf5l,27,5
1782283124,tc-26-8-1-3-3-1-7,osmo-hlr-546bdb8988-kt455,1,2
1782283124,tc-26-8-1-3-3-1-7,osmo-mgw-8c8fc67d6-82hsl,1,2
1782283124,tc-26-8-1-3-3-1-7,osmo-mobile-6bccfdc6b7-47qzz,3,33
1782283124,tc-26-8-1-3-3-1-7,osmo-stp-768687f494-6b54s,1,2
1782283124,tc-26-8-1-3-3-1-7,ttcn3-tc-26-8-1-3-3-1-1-h2n85,1,6
1782283124,tc-26-8-1-3-3-1-7,virtphy-5c84574666-b9cr2,6,1
1782283124,tc-26-8-1-3-4-6-6,msc-test-stub-5b875d749d-zd9kr,1,16
1782283124,tc-26-8-1-3-4-6-6,osmo-bsc-594654bd47-sq9jn,1,5
1782283124,tc-26-8-1-3-4-6-6,osmo-bts-virtual-5f8b9b86fc-vq9ct,27,7
1782283124,tc-26-8-1-3-4-6-6,osmo-hlr-546bdb8988-thwg2,1,6
1782283124,tc-26-8-1-3-4-6-6,osmo-mgw-8c8fc67d6-qhtng,1,4
1782283124,tc-26-8-1-3-4-6-6,osmo-mobile-69b4658d4b-ph2md,3,60
1782283124,tc-26-8-1-3-4-6-6,osmo-stp-768687f494-rdztz,1,2
1782283124,tc-26-8-1-3-4-6-6,virtphy-65f469bd7-gplgh,7,2
1782283128,kube-system,coredns-c4dbffb5f-p9rsr,2,29
1782283128,kube-system,local-path-provisioner-5c4dc5d66d-nfqxz,1,15
1782283128,kube-system,metrics-server-786d997795-hcp2m,14,46
1782283128,kube-system,svclb-traefik-1100f998-kpm9h,0,0
1782283128,kube-system,traefik-9bcdbbd9-qtpjt,2,36
1782283128,tc-26-6-11-1-9,msc-test-stub-5b875d749d-mx9h8,1,16
1782283128,tc-26-6-11-1-9,osmo-bsc-594654bd47-22w8h,1,5
1782283128,tc-26-6-11-1-9,osmo-bts-virtual-5f8b9b86fc-98h4z,33,5
1782283128,tc-26-6-11-1-9,osmo-hlr-546bdb8988-mbk5k,1,2
1782283128,tc-26-6-11-1-9,osmo-mgw-8c8fc67d6-95rkp,1,2
1782283128,tc-26-6-11-1-9,osmo-mobile-654dfdc996-rvbm9,2,33
1782283128,tc-26-6-11-1-9,osmo-stp-768687f494-b2r4v,1,2
1782283128,tc-26-6-11-1-9,ttcn3-tc-26-6-11-1-1-vk89h,1,11
1782283128,tc-26-6-11-1-9,virtphy-7dc46555f-httmn,7,1
1782283128,tc-26-6-2-1-1-10,msc-test-stub-5b875d749d-sf5nr,1,16
1782283128,tc-26-6-2-1-1-10,osmo-bsc-594654bd47-lgm95,1,5
1782283128,tc-26-6-2-1-1-10,osmo-bts-virtual-5f8b9b86fc-lz8v5,26,5
1782283128,tc-26-6-2-1-1-10,osmo-hlr-546bdb8988-gjv5l,1,2
1782283128,tc-26-6-2-1-1-10,osmo-mgw-8c8fc67d6-t5sth,1,2
1782283128,tc-26-6-2-1-1-10,osmo-mobile-587bd5b846-btmbs,2,33
1782283128,tc-26-6-2-1-1-10,osmo-stp-768687f494-pq8rn,1,2
1782283128,tc-26-6-2-1-1-10,ttcn3-tc-26-6-2-1-1-1-lkbnz,1,8
1782283128,tc-26-6-2-1-1-10,virtphy-96dd7697f-dbfnf,6,1
1782283128,tc-26-6-2-4-8,msc-test-stub-5b875d749d-xvhpf,1,16
1782283128,tc-26-6-2-4-8,osmo-bsc-594654bd47-msv6c,1,5
1782283128,tc-26-6-2-4-8,osmo-bts-virtual-5f8b9b86fc-g8mvt,31,5
1782283128,tc-26-6-2-4-8,osmo-hlr-546bdb8988-8gkbl,1,2
1782283128,tc-26-6-2-4-8,osmo-mgw-8c8fc67d6-n8kkk,1,2
1782283128,tc-26-6-2-4-8,osmo-mobile-67b9dc6556-l7d2s,2,33
1782283128,tc-26-6-2-4-8,osmo-stp-768687f494-ncn4x,1,2
1782283128,tc-26-6-2-4-8,ttcn3-tc-26-6-2-4-1-f9g9d,1,6
1782283128,tc-26-6-2-4-8,virtphy-7f5dbd568c-wpbgd,7,1
1782283128,tc-26-6-8-2-2,msc-test-stub-5b875d749d-kcsvh,1,22
1782283128,tc-26-6-8-2-2,osmo-mgw-8c8fc67d6-ghvzw,1,4
1782283128,tc-26-6-8-2-2,osmo-mobile-6cf757f4bb-jmfpr,3,43
1782283128,tc-26-7-2-1-4,msc-test-stub-5b875d749d-f4nnq,1,16
1782283128,tc-26-7-2-1-4,osmo-bsc-594654bd47-l6cj2,1,5
1782283128,tc-26-7-2-1-4,osmo-bts-virtual-5f8b9b86fc-kzkkp,25,5
1782283128,tc-26-7-2-1-4,osmo-hlr-546bdb8988-kllvn,1,2
1782283128,tc-26-7-2-1-4,osmo-mgw-8c8fc67d6-v4v28,1,2
1782283128,tc-26-7-2-1-4,osmo-mobile-64dcc87988-r4bxs,2,36
1782283128,tc-26-7-2-1-4,osmo-stp-768687f494-t9pm5,1,2
1782283128,tc-26-7-2-1-4,ttcn3-tc-26-7-2-1-1-swqhz,11,6
1782283128,tc-26-7-2-1-4,virtphy-6f8b6f6885-hg7cs,7,1
1782283128,tc-26-7-2-2-3,msc-test-stub-5b875d749d-2k5jx,1,16
1782283128,tc-26-7-2-2-3,osmo-bsc-594654bd47-bjbll,1,5
1782283128,tc-26-7-2-2-3,osmo-bts-virtual-5f8b9b86fc-dj9j7,29,5
1782283128,tc-26-7-2-2-3,osmo-hlr-546bdb8988-q5xcs,1,2
1782283128,tc-26-7-2-2-3,osmo-mgw-8c8fc67d6-w7mb7,1,2
1782283128,tc-26-7-2-2-3,osmo-mobile-65b5958d7b-nd7wr,2,36
1782283128,tc-26-7-2-2-3,osmo-stp-768687f494-x889n,1,2
1782283128,tc-26-7-2-2-3,virtphy-669796d86c-dl9dt,6,1
1782283128,tc-26-7-4-1-11,msc-test-stub-5b875d749d-nf4fk,1,16
1782283128,tc-26-7-4-1-11,osmo-bsc-594654bd47-qlrkz,1,5
1782283128,tc-26-7-4-1-11,osmo-bts-virtual-5f8b9b86fc-ksxp2,31,5
1782283128,tc-26-7-4-1-11,osmo-hlr-546bdb8988-m7slh,1,2
1782283128,tc-26-7-4-1-11,osmo-mgw-8c8fc67d6-blwgc,1,2
1782283128,tc-26-7-4-1-11,osmo-mobile-57ffcc5b84-bcb6v,2,33
1782283128,tc-26-7-4-1-11,osmo-stp-768687f494-cdvls,1,2
1782283128,tc-26-7-4-1-11,ttcn3-tc-26-7-4-1-1-vfwzt,1,6
1782283128,tc-26-7-4-1-11,virtphy-689cb88f6c-lpfmk,7,1
1782283128,tc-26-7-5-3-12,msc-test-stub-5b875d749d-9xvl9,1,16
1782283128,tc-26-7-5-3-12,osmo-bsc-594654bd47-b8kpq,1,5
1782283128,tc-26-7-5-3-12,osmo-bts-virtual-5f8b9b86fc-wl7k2,28,5
1782283128,tc-26-7-5-3-12,osmo-hlr-546bdb8988-d6l2s,1,2
1782283128,tc-26-7-5-3-12,osmo-mgw-8c8fc67d6-xp48l,1,2
1782283128,tc-26-7-5-3-12,osmo-mobile-79c8f8bc4b-mc6jq,2,36
1782283128,tc-26-7-5-3-12,osmo-stp-768687f494-2nqzv,1,2
1782283128,tc-26-7-5-3-12,virtphy-56cc7fd87-gnrrq,6,1
1782283128,tc-26-7-5-6-5,msc-test-stub-5b875d749d-sq5zl,1,16
1782283128,tc-26-7-5-6-5,osmo-bsc-594654bd47-qwxkf,1,5
1782283128,tc-26-7-5-6-5,osmo-bts-virtual-5f8b9b86fc-wfjwc,28,5
1782283128,tc-26-7-5-6-5,osmo-hlr-546bdb8988-76xzt,1,2
1782283128,tc-26-7-5-6-5,osmo-mgw-8c8fc67d6-t8q8x,1,2
1782283128,tc-26-7-5-6-5,osmo-mobile-6b9545c69c-t2mvr,2,33
1782283128,tc-26-7-5-6-5,osmo-stp-768687f494-gwqpr,1,2
1782283128,tc-26-7-5-6-5,ttcn3-tc-26-7-5-6-1-p6rcf,1,6
1782283128,tc-26-7-5-6-5,virtphy-5fc5689b8-jn7vs,6,1
1782283128,tc-26-8-1-2-1-1-1,msc-test-stub-5b875d749d-v48d2,1,16
1782283128,tc-26-8-1-2-1-1-1,osmo-mgw-8c8fc67d6-s49xd,1,2
1782283128,tc-26-8-1-2-1-1-1,osmo-mobile-5976fc576b-wkx2z,3,33
1782283128,tc-26-8-1-3-3-1-7,msc-test-stub-5b875d749d-nh4pl,1,16
1782283128,tc-26-8-1-3-3-1-7,osmo-bsc-594654bd47-wcjc5,1,5
1782283128,tc-26-8-1-3-3-1-7,osmo-bts-virtual-5f8b9b86fc-sjf5l,27,5
1782283128,tc-26-8-1-3-3-1-7,osmo-hlr-546bdb8988-kt455,1,2
1782283128,tc-26-8-1-3-3-1-7,osmo-mgw-8c8fc67d6-82hsl,1,2
1782283128,tc-26-8-1-3-3-1-7,osmo-mobile-6bccfdc6b7-47qzz,3,33
1782283128,tc-26-8-1-3-3-1-7,osmo-stp-768687f494-6b54s,1,2
1782283128,tc-26-8-1-3-3-1-7,ttcn3-tc-26-8-1-3-3-1-1-h2n85,1,6
1782283128,tc-26-8-1-3-3-1-7,virtphy-5c84574666-b9cr2,6,1
1782283128,tc-26-8-1-3-4-6-6,msc-test-stub-5b875d749d-zd9kr,1,16
1782283128,tc-26-8-1-3-4-6-6,osmo-bsc-594654bd47-sq9jn,1,5
1782283128,tc-26-8-1-3-4-6-6,osmo-bts-virtual-5f8b9b86fc-vq9ct,27,7
1782283128,tc-26-8-1-3-4-6-6,osmo-hlr-546bdb8988-thwg2,1,6
1782283128,tc-26-8-1-3-4-6-6,osmo-mgw-8c8fc67d6-qhtng,1,4
1782283128,tc-26-8-1-3-4-6-6,osmo-mobile-69b4658d4b-ph2md,3,60
1782283128,tc-26-8-1-3-4-6-6,osmo-stp-768687f494-rdztz,1,2
1782283128,tc-26-8-1-3-4-6-6,virtphy-65f469bd7-gplgh,7,2
1782283131,kube-system,coredns-c4dbffb5f-p9rsr,2,29
1782283131,kube-system,local-path-provisioner-5c4dc5d66d-nfqxz,1,15
1782283131,kube-system,metrics-server-786d997795-hcp2m,14,46
1782283131,kube-system,svclb-traefik-1100f998-kpm9h,0,0
1782283131,kube-system,traefik-9bcdbbd9-qtpjt,2,36
1782283131,tc-26-6-11-1-9,msc-test-stub-5b875d749d-mx9h8,1,16
1782283131,tc-26-6-11-1-9,osmo-bsc-594654bd47-22w8h,1,5
1782283131,tc-26-6-11-1-9,osmo-bts-virtual-5f8b9b86fc-98h4z,33,5
1782283131,tc-26-6-11-1-9,osmo-hlr-546bdb8988-mbk5k,1,2
1782283131,tc-26-6-11-1-9,osmo-mgw-8c8fc67d6-95rkp,1,2
1782283131,tc-26-6-11-1-9,osmo-mobile-654dfdc996-rvbm9,2,33
1782283131,tc-26-6-11-1-9,osmo-stp-768687f494-b2r4v,1,2
1782283131,tc-26-6-11-1-9,ttcn3-tc-26-6-11-1-1-vk89h,1,11
1782283131,tc-26-6-11-1-9,virtphy-7dc46555f-httmn,7,1
1782283131,tc-26-6-2-1-1-10,msc-test-stub-5b875d749d-sf5nr,1,16
1782283131,tc-26-6-2-1-1-10,osmo-bsc-594654bd47-lgm95,1,5
1782283131,tc-26-6-2-1-1-10,osmo-bts-virtual-5f8b9b86fc-lz8v5,26,5
1782283131,tc-26-6-2-1-1-10,osmo-hlr-546bdb8988-gjv5l,1,2
1782283131,tc-26-6-2-1-1-10,osmo-mgw-8c8fc67d6-t5sth,1,2
1782283131,tc-26-6-2-1-1-10,osmo-mobile-587bd5b846-btmbs,2,33
1782283131,tc-26-6-2-1-1-10,osmo-stp-768687f494-pq8rn,1,2
1782283131,tc-26-6-2-1-1-10,ttcn3-tc-26-6-2-1-1-1-lkbnz,1,8
1782283131,tc-26-6-2-1-1-10,virtphy-96dd7697f-dbfnf,6,1
1782283131,tc-26-6-2-4-8,msc-test-stub-5b875d749d-xvhpf,1,16
1782283131,tc-26-6-2-4-8,osmo-bsc-594654bd47-msv6c,1,5
1782283131,tc-26-6-2-4-8,osmo-bts-virtual-5f8b9b86fc-g8mvt,31,5
1782283131,tc-26-6-2-4-8,osmo-hlr-546bdb8988-8gkbl,1,2
1782283131,tc-26-6-2-4-8,osmo-mgw-8c8fc67d6-n8kkk,1,2
1782283131,tc-26-6-2-4-8,osmo-mobile-67b9dc6556-l7d2s,2,33
1782283131,tc-26-6-2-4-8,osmo-stp-768687f494-ncn4x,1,2
1782283131,tc-26-6-2-4-8,ttcn3-tc-26-6-2-4-1-f9g9d,1,6
1782283131,tc-26-6-2-4-8,virtphy-7f5dbd568c-wpbgd,7,1
1782283131,tc-26-6-8-2-2,msc-test-stub-5b875d749d-kcsvh,1,22
1782283131,tc-26-6-8-2-2,osmo-mgw-8c8fc67d6-ghvzw,1,4
1782283131,tc-26-6-8-2-2,osmo-mobile-6cf757f4bb-jmfpr,3,43
1782283131,tc-26-7-2-1-4,msc-test-stub-5b875d749d-f4nnq,1,16
1782283131,tc-26-7-2-1-4,osmo-bsc-594654bd47-l6cj2,1,5
1782283131,tc-26-7-2-1-4,osmo-bts-virtual-5f8b9b86fc-kzkkp,25,5
1782283131,tc-26-7-2-1-4,osmo-hlr-546bdb8988-kllvn,1,2
1782283131,tc-26-7-2-1-4,osmo-mgw-8c8fc67d6-v4v28,1,2
1782283131,tc-26-7-2-1-4,osmo-mobile-64dcc87988-r4bxs,2,36
1782283131,tc-26-7-2-1-4,osmo-stp-768687f494-t9pm5,1,2
1782283131,tc-26-7-2-1-4,ttcn3-tc-26-7-2-1-1-swqhz,11,6
1782283131,tc-26-7-2-1-4,virtphy-6f8b6f6885-hg7cs,7,1
1782283131,tc-26-7-2-2-3,msc-test-stub-5b875d749d-2k5jx,1,16
1782283131,tc-26-7-2-2-3,osmo-bsc-594654bd47-bjbll,1,5
1782283131,tc-26-7-2-2-3,osmo-bts-virtual-5f8b9b86fc-dj9j7,29,5
1782283131,tc-26-7-2-2-3,osmo-hlr-546bdb8988-q5xcs,1,2
1782283131,tc-26-7-2-2-3,osmo-mgw-8c8fc67d6-w7mb7,1,2
1782283131,tc-26-7-2-2-3,osmo-mobile-65b5958d7b-nd7wr,2,36
1782283131,tc-26-7-2-2-3,osmo-stp-768687f494-x889n,1,2
1782283131,tc-26-7-2-2-3,virtphy-669796d86c-dl9dt,6,1
1782283131,tc-26-7-4-1-11,msc-test-stub-5b875d749d-nf4fk,1,16
1782283131,tc-26-7-4-1-11,osmo-bsc-594654bd47-qlrkz,1,5
1782283131,tc-26-7-4-1-11,osmo-bts-virtual-5f8b9b86fc-ksxp2,31,5
1782283131,tc-26-7-4-1-11,osmo-hlr-546bdb8988-m7slh,1,2
1782283131,tc-26-7-4-1-11,osmo-mgw-8c8fc67d6-blwgc,1,2
1782283131,tc-26-7-4-1-11,osmo-mobile-57ffcc5b84-bcb6v,2,33
1782283131,tc-26-7-4-1-11,osmo-stp-768687f494-cdvls,1,2
1782283131,tc-26-7-4-1-11,ttcn3-tc-26-7-4-1-1-vfwzt,1,6
1782283131,tc-26-7-4-1-11,virtphy-689cb88f6c-lpfmk,7,1
1782283131,tc-26-7-5-3-12,msc-test-stub-5b875d749d-9xvl9,1,16
1782283131,tc-26-7-5-3-12,osmo-bsc-594654bd47-b8kpq,1,5
1782283131,tc-26-7-5-3-12,osmo-bts-virtual-5f8b9b86fc-wl7k2,28,5
1782283131,tc-26-7-5-3-12,osmo-hlr-546bdb8988-d6l2s,1,2
1782283131,tc-26-7-5-3-12,osmo-mgw-8c8fc67d6-xp48l,1,2
1782283131,tc-26-7-5-3-12,osmo-mobile-79c8f8bc4b-mc6jq,2,36
1782283131,tc-26-7-5-3-12,osmo-stp-768687f494-2nqzv,1,2
1782283131,tc-26-7-5-3-12,virtphy-56cc7fd87-gnrrq,6,1
1782283131,tc-26-7-5-6-5,msc-test-stub-5b875d749d-sq5zl,1,16
1782283131,tc-26-7-5-6-5,osmo-bsc-594654bd47-qwxkf,1,5
1782283131,tc-26-7-5-6-5,osmo-bts-virtual-5f8b9b86fc-wfjwc,28,5
1782283131,tc-26-7-5-6-5,osmo-hlr-546bdb8988-76xzt,1,2
1782283131,tc-26-7-5-6-5,osmo-mgw-8c8fc67d6-t8q8x,1,2
1782283131,tc-26-7-5-6-5,osmo-mobile-6b9545c69c-t2mvr,2,33
1782283131,tc-26-7-5-6-5,osmo-stp-768687f494-gwqpr,1,2
1782283131,tc-26-7-5-6-5,ttcn3-tc-26-7-5-6-1-p6rcf,1,6
1782283131,tc-26-7-5-6-5,virtphy-5fc5689b8-jn7vs,6,1
1782283131,tc-26-8-1-2-1-1-1,msc-test-stub-5b875d749d-v48d2,1,16
1782283131,tc-26-8-1-2-1-1-1,osmo-mgw-8c8fc67d6-s49xd,1,2
1782283131,tc-26-8-1-2-1-1-1,osmo-mobile-5976fc576b-wkx2z,3,33
1782283131,tc-26-8-1-3-3-1-7,msc-test-stub-5b875d749d-nh4pl,1,16
1782283131,tc-26-8-1-3-3-1-7,osmo-bsc-594654bd47-wcjc5,1,5
1782283131,tc-26-8-1-3-3-1-7,osmo-bts-virtual-5f8b9b86fc-sjf5l,27,5
1782283131,tc-26-8-1-3-3-1-7,osmo-hlr-546bdb8988-kt455,1,2
1782283131,tc-26-8-1-3-3-1-7,osmo-mgw-8c8fc67d6-82hsl,1,2
1782283131,tc-26-8-1-3-3-1-7,osmo-mobile-6bccfdc6b7-47qzz,3,33
1782283131,tc-26-8-1-3-3-1-7,osmo-stp-768687f494-6b54s,1,2
1782283131,tc-26-8-1-3-3-1-7,ttcn3-tc-26-8-1-3-3-1-1-h2n85,1,6
1782283131,tc-26-8-1-3-3-1-7,virtphy-5c84574666-b9cr2,6,1
1782283131,tc-26-8-1-3-4-6-6,msc-test-stub-5b875d749d-zd9kr,1,16
1782283131,tc-26-8-1-3-4-6-6,osmo-bsc-594654bd47-sq9jn,1,5
1782283131,tc-26-8-1-3-4-6-6,osmo-bts-virtual-5f8b9b86fc-vq9ct,27,7
1782283131,tc-26-8-1-3-4-6-6,osmo-hlr-546bdb8988-thwg2,1,6
1782283131,tc-26-8-1-3-4-6-6,osmo-mgw-8c8fc67d6-qhtng,1,4
1782283131,tc-26-8-1-3-4-6-6,osmo-mobile-69b4658d4b-ph2md,3,60
1782283131,tc-26-8-1-3-4-6-6,osmo-stp-768687f494-rdztz,1,2
1782283131,tc-26-8-1-3-4-6-6,virtphy-65f469bd7-gplgh,7,2
1782283133,kube-system,coredns-c4dbffb5f-p9rsr,2,29
1782283133,kube-system,local-path-provisioner-5c4dc5d66d-nfqxz,1,15
1782283133,kube-system,metrics-server-786d997795-hcp2m,14,46
1782283133,kube-system,svclb-traefik-1100f998-kpm9h,0,0
1782283133,kube-system,traefik-9bcdbbd9-qtpjt,2,36
1782283133,tc-26-6-11-1-9,msc-test-stub-5b875d749d-mx9h8,1,16
1782283133,tc-26-6-11-1-9,osmo-bsc-594654bd47-22w8h,1,5
1782283133,tc-26-6-11-1-9,osmo-bts-virtual-5f8b9b86fc-98h4z,33,5
1782283133,tc-26-6-11-1-9,osmo-hlr-546bdb8988-mbk5k,1,2
1782283133,tc-26-6-11-1-9,osmo-mgw-8c8fc67d6-95rkp,1,2
1782283133,tc-26-6-11-1-9,osmo-mobile-654dfdc996-rvbm9,2,33
1782283133,tc-26-6-11-1-9,osmo-stp-768687f494-b2r4v,1,2
1782283133,tc-26-6-11-1-9,ttcn3-tc-26-6-11-1-1-vk89h,1,11
1782283133,tc-26-6-11-1-9,virtphy-7dc46555f-httmn,7,1
1782283133,tc-26-6-2-1-1-10,msc-test-stub-5b875d749d-sf5nr,1,16
1782283133,tc-26-6-2-1-1-10,osmo-bsc-594654bd47-lgm95,1,5
1782283133,tc-26-6-2-1-1-10,osmo-bts-virtual-5f8b9b86fc-lz8v5,26,5
1782283133,tc-26-6-2-1-1-10,osmo-hlr-546bdb8988-gjv5l,1,2
1782283133,tc-26-6-2-1-1-10,osmo-mgw-8c8fc67d6-t5sth,1,2
1782283133,tc-26-6-2-1-1-10,osmo-mobile-587bd5b846-btmbs,2,33
1782283133,tc-26-6-2-1-1-10,osmo-stp-768687f494-pq8rn,1,2
1782283133,tc-26-6-2-1-1-10,ttcn3-tc-26-6-2-1-1-1-lkbnz,1,8
1782283133,tc-26-6-2-1-1-10,virtphy-96dd7697f-dbfnf,6,1
1782283133,tc-26-6-2-4-8,msc-test-stub-5b875d749d-xvhpf,1,16
1782283133,tc-26-6-2-4-8,osmo-bsc-594654bd47-msv6c,1,5
1782283133,tc-26-6-2-4-8,osmo-bts-virtual-5f8b9b86fc-g8mvt,31,5
1782283133,tc-26-6-2-4-8,osmo-hlr-546bdb8988-8gkbl,1,2
1782283133,tc-26-6-2-4-8,osmo-mgw-8c8fc67d6-n8kkk,1,2
1782283133,tc-26-6-2-4-8,osmo-mobile-67b9dc6556-l7d2s,2,33
1782283133,tc-26-6-2-4-8,osmo-stp-768687f494-ncn4x,1,2
1782283133,tc-26-6-2-4-8,ttcn3-tc-26-6-2-4-1-f9g9d,1,6
1782283133,tc-26-6-2-4-8,virtphy-7f5dbd568c-wpbgd,7,1
1782283133,tc-26-6-8-2-2,msc-test-stub-5b875d749d-kcsvh,1,22
1782283133,tc-26-6-8-2-2,osmo-mgw-8c8fc67d6-ghvzw,1,4
1782283133,tc-26-6-8-2-2,osmo-mobile-6cf757f4bb-jmfpr,3,43
1782283133,tc-26-7-2-1-4,msc-test-stub-5b875d749d-f4nnq,1,16
1782283133,tc-26-7-2-1-4,osmo-bsc-594654bd47-l6cj2,1,5
1782283133,tc-26-7-2-1-4,osmo-bts-virtual-5f8b9b86fc-kzkkp,25,5
1782283133,tc-26-7-2-1-4,osmo-hlr-546bdb8988-kllvn,1,2
1782283133,tc-26-7-2-1-4,osmo-mgw-8c8fc67d6-v4v28,1,2
1782283133,tc-26-7-2-1-4,osmo-mobile-64dcc87988-r4bxs,2,36
1782283133,tc-26-7-2-1-4,osmo-stp-768687f494-t9pm5,1,2
1782283133,tc-26-7-2-1-4,ttcn3-tc-26-7-2-1-1-swqhz,11,6
1782283133,tc-26-7-2-1-4,virtphy-6f8b6f6885-hg7cs,7,1
1782283133,tc-26-7-2-2-3,msc-test-stub-5b875d749d-2k5jx,1,16
1782283133,tc-26-7-2-2-3,osmo-bsc-594654bd47-bjbll,1,5
1782283133,tc-26-7-2-2-3,osmo-bts-virtual-5f8b9b86fc-dj9j7,29,5
1782283133,tc-26-7-2-2-3,osmo-hlr-546bdb8988-q5xcs,1,2
1782283133,tc-26-7-2-2-3,osmo-mgw-8c8fc67d6-w7mb7,1,2
1782283133,tc-26-7-2-2-3,osmo-mobile-65b5958d7b-nd7wr,2,36
1782283133,tc-26-7-2-2-3,osmo-stp-768687f494-x889n,1,2
1782283133,tc-26-7-2-2-3,virtphy-669796d86c-dl9dt,6,1
1782283133,tc-26-7-4-1-11,msc-test-stub-5b875d749d-nf4fk,1,16
1782283133,tc-26-7-4-1-11,osmo-bsc-594654bd47-qlrkz,1,5
1782283133,tc-26-7-4-1-11,osmo-bts-virtual-5f8b9b86fc-ksxp2,31,5
1782283133,tc-26-7-4-1-11,osmo-hlr-546bdb8988-m7slh,1,2
1782283133,tc-26-7-4-1-11,osmo-mgw-8c8fc67d6-blwgc,1,2
1782283133,tc-26-7-4-1-11,osmo-mobile-57ffcc5b84-bcb6v,2,33
1782283133,tc-26-7-4-1-11,osmo-stp-768687f494-cdvls,1,2
1782283133,tc-26-7-4-1-11,ttcn3-tc-26-7-4-1-1-vfwzt,1,6
1782283133,tc-26-7-4-1-11,virtphy-689cb88f6c-lpfmk,7,1
1782283133,tc-26-7-5-3-12,msc-test-stub-5b875d749d-9xvl9,1,16
1782283133,tc-26-7-5-3-12,osmo-bsc-594654bd47-b8kpq,1,5
1782283133,tc-26-7-5-3-12,osmo-bts-virtual-5f8b9b86fc-wl7k2,28,5
1782283133,tc-26-7-5-3-12,osmo-hlr-546bdb8988-d6l2s,1,2
1782283133,tc-26-7-5-3-12,osmo-mgw-8c8fc67d6-xp48l,1,2
1782283133,tc-26-7-5-3-12,osmo-mobile-79c8f8bc4b-mc6jq,2,36
1782283133,tc-26-7-5-3-12,osmo-stp-768687f494-2nqzv,1,2
1782283133,tc-26-7-5-3-12,virtphy-56cc7fd87-gnrrq,6,1
1782283133,tc-26-7-5-6-5,msc-test-stub-5b875d749d-sq5zl,1,16
1782283133,tc-26-7-5-6-5,osmo-bsc-594654bd47-qwxkf,1,5
1782283133,tc-26-7-5-6-5,osmo-bts-virtual-5f8b9b86fc-wfjwc,28,5
1782283133,tc-26-7-5-6-5,osmo-hlr-546bdb8988-76xzt,1,2
1782283133,tc-26-7-5-6-5,osmo-mgw-8c8fc67d6-t8q8x,1,2
1782283133,tc-26-7-5-6-5,osmo-mobile-6b9545c69c-t2mvr,2,33
1782283133,tc-26-7-5-6-5,osmo-stp-768687f494-gwqpr,1,2
1782283133,tc-26-7-5-6-5,virtphy-5fc5689b8-jn7vs,6,1
1782283133,tc-26-8-1-2-1-1-1,msc-test-stub-5b875d749d-v48d2,1,16
1782283133,tc-26-8-1-2-1-1-1,osmo-mgw-8c8fc67d6-s49xd,1,2
1782283133,tc-26-8-1-2-1-1-1,osmo-mobile-5976fc576b-wkx2z,3,33
1782283133,tc-26-8-1-3-3-1-7,msc-test-stub-5b875d749d-nh4pl,1,16
1782283133,tc-26-8-1-3-3-1-7,osmo-bsc-594654bd47-wcjc5,1,5
1782283133,tc-26-8-1-3-3-1-7,osmo-bts-virtual-5f8b9b86fc-sjf5l,27,5
1782283133,tc-26-8-1-3-3-1-7,osmo-hlr-546bdb8988-kt455,1,2
1782283133,tc-26-8-1-3-3-1-7,osmo-mgw-8c8fc67d6-82hsl,1,2
1782283133,tc-26-8-1-3-3-1-7,osmo-mobile-6bccfdc6b7-47qzz,3,33
1782283133,tc-26-8-1-3-3-1-7,osmo-stp-768687f494-6b54s,1,2
1782283133,tc-26-8-1-3-3-1-7,virtphy-5c84574666-b9cr2,6,1
1782283133,tc-26-8-1-3-4-6-6,msc-test-stub-5b875d749d-zd9kr,1,16
1782283133,tc-26-8-1-3-4-6-6,osmo-bsc-594654bd47-sq9jn,1,5
1782283133,tc-26-8-1-3-4-6-6,osmo-bts-virtual-5f8b9b86fc-vq9ct,27,7
1782283133,tc-26-8-1-3-4-6-6,osmo-hlr-546bdb8988-thwg2,1,6
1782283133,tc-26-8-1-3-4-6-6,osmo-mgw-8c8fc67d6-qhtng,1,4
1782283133,tc-26-8-1-3-4-6-6,osmo-mobile-69b4658d4b-ph2md,3,60
1782283133,tc-26-8-1-3-4-6-6,osmo-stp-768687f494-rdztz,1,2
1782283133,tc-26-8-1-3-4-6-6,virtphy-65f469bd7-gplgh,7,2
1782283136,kube-system,coredns-c4dbffb5f-p9rsr,2,29
1782283136,kube-system,local-path-provisioner-5c4dc5d66d-nfqxz,1,15
1782283136,kube-system,metrics-server-786d997795-hcp2m,14,46
1782283136,kube-system,svclb-traefik-1100f998-kpm9h,0,0
1782283136,kube-system,traefik-9bcdbbd9-qtpjt,2,36
1782283136,tc-26-6-11-1-9,msc-test-stub-5b875d749d-mx9h8,1,16
1782283136,tc-26-6-11-1-9,osmo-bsc-594654bd47-22w8h,1,5
1782283136,tc-26-6-11-1-9,osmo-bts-virtual-5f8b9b86fc-98h4z,33,5
1782283136,tc-26-6-11-1-9,osmo-hlr-546bdb8988-mbk5k,1,2
1782283136,tc-26-6-11-1-9,osmo-mgw-8c8fc67d6-95rkp,1,2
1782283136,tc-26-6-11-1-9,osmo-mobile-654dfdc996-rvbm9,2,33
1782283136,tc-26-6-11-1-9,osmo-stp-768687f494-b2r4v,1,2
1782283136,tc-26-6-11-1-9,ttcn3-tc-26-6-11-1-1-vk89h,1,11
1782283136,tc-26-6-11-1-9,virtphy-7dc46555f-httmn,7,1
1782283136,tc-26-6-2-1-1-10,msc-test-stub-5b875d749d-sf5nr,1,16
1782283136,tc-26-6-2-1-1-10,osmo-bsc-594654bd47-lgm95,1,5
1782283136,tc-26-6-2-1-1-10,osmo-bts-virtual-5f8b9b86fc-lz8v5,26,5
1782283136,tc-26-6-2-1-1-10,osmo-hlr-546bdb8988-gjv5l,1,2
1782283136,tc-26-6-2-1-1-10,osmo-mgw-8c8fc67d6-t5sth,1,2
1782283136,tc-26-6-2-1-1-10,osmo-mobile-587bd5b846-btmbs,2,33
1782283136,tc-26-6-2-1-1-10,osmo-stp-768687f494-pq8rn,1,2
1782283136,tc-26-6-2-1-1-10,ttcn3-tc-26-6-2-1-1-1-lkbnz,1,8
1782283136,tc-26-6-2-1-1-10,virtphy-96dd7697f-dbfnf,6,1
1782283136,tc-26-6-2-4-8,msc-test-stub-5b875d749d-xvhpf,1,16
1782283136,tc-26-6-2-4-8,osmo-bsc-594654bd47-msv6c,1,5
1782283136,tc-26-6-2-4-8,osmo-bts-virtual-5f8b9b86fc-g8mvt,31,5
1782283136,tc-26-6-2-4-8,osmo-hlr-546bdb8988-8gkbl,1,2
1782283136,tc-26-6-2-4-8,osmo-mgw-8c8fc67d6-n8kkk,1,2
1782283136,tc-26-6-2-4-8,osmo-mobile-67b9dc6556-l7d2s,2,33
1782283136,tc-26-6-2-4-8,osmo-stp-768687f494-ncn4x,1,2
1782283136,tc-26-6-2-4-8,ttcn3-tc-26-6-2-4-1-f9g9d,1,6
1782283136,tc-26-6-2-4-8,virtphy-7f5dbd568c-wpbgd,7,1
1782283136,tc-26-6-8-2-2,msc-test-stub-5b875d749d-kcsvh,1,22
1782283136,tc-26-6-8-2-2,osmo-mgw-8c8fc67d6-ghvzw,1,4
1782283136,tc-26-6-8-2-2,osmo-mobile-6cf757f4bb-jmfpr,3,43
1782283136,tc-26-7-2-1-4,msc-test-stub-5b875d749d-f4nnq,1,16
1782283136,tc-26-7-2-1-4,osmo-bsc-594654bd47-l6cj2,1,5
1782283136,tc-26-7-2-1-4,osmo-bts-virtual-5f8b9b86fc-kzkkp,25,5
1782283136,tc-26-7-2-1-4,osmo-hlr-546bdb8988-kllvn,1,2
1782283136,tc-26-7-2-1-4,osmo-mgw-8c8fc67d6-v4v28,1,2
1782283136,tc-26-7-2-1-4,osmo-mobile-64dcc87988-r4bxs,2,36
1782283136,tc-26-7-2-1-4,osmo-stp-768687f494-t9pm5,1,2
1782283136,tc-26-7-2-1-4,ttcn3-tc-26-7-2-1-1-swqhz,11,6
1782283136,tc-26-7-2-1-4,virtphy-6f8b6f6885-hg7cs,7,1
1782283136,tc-26-7-2-2-3,msc-test-stub-5b875d749d-2k5jx,1,16
1782283136,tc-26-7-2-2-3,osmo-bsc-594654bd47-bjbll,1,5
1782283136,tc-26-7-2-2-3,osmo-bts-virtual-5f8b9b86fc-dj9j7,29,5
1782283136,tc-26-7-2-2-3,osmo-hlr-546bdb8988-q5xcs,1,2
1782283136,tc-26-7-2-2-3,osmo-mgw-8c8fc67d6-w7mb7,1,2
1782283136,tc-26-7-2-2-3,osmo-mobile-65b5958d7b-nd7wr,2,36
1782283136,tc-26-7-2-2-3,osmo-stp-768687f494-x889n,1,2
1782283136,tc-26-7-2-2-3,virtphy-669796d86c-dl9dt,6,1
1782283136,tc-26-7-4-1-11,msc-test-stub-5b875d749d-nf4fk,1,16
1782283136,tc-26-7-4-1-11,osmo-bsc-594654bd47-qlrkz,1,5
1782283136,tc-26-7-4-1-11,osmo-bts-virtual-5f8b9b86fc-ksxp2,31,5
1782283136,tc-26-7-4-1-11,osmo-hlr-546bdb8988-m7slh,1,2
1782283136,tc-26-7-4-1-11,osmo-mgw-8c8fc67d6-blwgc,1,2
1782283136,tc-26-7-4-1-11,osmo-mobile-57ffcc5b84-bcb6v,2,33
1782283136,tc-26-7-4-1-11,osmo-stp-768687f494-cdvls,1,2
1782283136,tc-26-7-4-1-11,ttcn3-tc-26-7-4-1-1-vfwzt,1,6
1782283136,tc-26-7-4-1-11,virtphy-689cb88f6c-lpfmk,7,1
1782283136,tc-26-7-5-3-12,msc-test-stub-5b875d749d-9xvl9,1,16
1782283136,tc-26-7-5-3-12,osmo-bsc-594654bd47-b8kpq,1,5
1782283136,tc-26-7-5-3-12,osmo-bts-virtual-5f8b9b86fc-wl7k2,28,5
1782283136,tc-26-7-5-3-12,osmo-hlr-546bdb8988-d6l2s,1,2
1782283136,tc-26-7-5-3-12,osmo-mgw-8c8fc67d6-xp48l,1,2
1782283136,tc-26-7-5-3-12,osmo-mobile-79c8f8bc4b-mc6jq,2,36
1782283136,tc-26-7-5-3-12,osmo-stp-768687f494-2nqzv,1,2
1782283136,tc-26-7-5-3-12,virtphy-56cc7fd87-gnrrq,6,1
1782283136,tc-26-7-5-6-5,msc-test-stub-5b875d749d-sq5zl,1,16
1782283136,tc-26-7-5-6-5,osmo-bsc-594654bd47-qwxkf,1,5
1782283136,tc-26-7-5-6-5,osmo-bts-virtual-5f8b9b86fc-wfjwc,28,5
1782283136,tc-26-7-5-6-5,osmo-hlr-546bdb8988-76xzt,1,2
1782283136,tc-26-7-5-6-5,osmo-mgw-8c8fc67d6-t8q8x,1,2
1782283136,tc-26-7-5-6-5,osmo-mobile-6b9545c69c-t2mvr,2,33
1782283136,tc-26-7-5-6-5,osmo-stp-768687f494-gwqpr,1,2
1782283136,tc-26-7-5-6-5,virtphy-5fc5689b8-jn7vs,6,1
1782283136,tc-26-8-1-2-1-1-1,msc-test-stub-5b875d749d-v48d2,1,16
1782283136,tc-26-8-1-2-1-1-1,osmo-mgw-8c8fc67d6-s49xd,1,2
1782283136,tc-26-8-1-2-1-1-1,osmo-mobile-5976fc576b-wkx2z,3,33
1782283136,tc-26-8-1-3-3-1-7,msc-test-stub-5b875d749d-nh4pl,1,16
1782283136,tc-26-8-1-3-3-1-7,osmo-bsc-594654bd47-wcjc5,1,5
1782283136,tc-26-8-1-3-3-1-7,osmo-bts-virtual-5f8b9b86fc-sjf5l,27,5
1782283136,tc-26-8-1-3-3-1-7,osmo-hlr-546bdb8988-kt455,1,2
1782283136,tc-26-8-1-3-3-1-7,osmo-mgw-8c8fc67d6-82hsl,1,2
1782283136,tc-26-8-1-3-3-1-7,osmo-mobile-6bccfdc6b7-47qzz,3,33
1782283136,tc-26-8-1-3-3-1-7,osmo-stp-768687f494-6b54s,1,2
1782283136,tc-26-8-1-3-3-1-7,virtphy-5c84574666-b9cr2,6,1
1782283136,tc-26-8-1-3-4-6-6,msc-test-stub-5b875d749d-zd9kr,1,16
1782283136,tc-26-8-1-3-4-6-6,osmo-bts-virtual-5f8b9b86fc-vq9ct,27,7
1782283136,tc-26-8-1-3-4-6-6,osmo-mgw-8c8fc67d6-qhtng,1,4
1782283136,tc-26-8-1-3-4-6-6,osmo-mobile-69b4658d4b-ph2md,3,60
1782283138,kube-system,coredns-c4dbffb5f-p9rsr,4,29
1782283138,kube-system,local-path-provisioner-5c4dc5d66d-nfqxz,1,15
1782283138,kube-system,metrics-server-786d997795-hcp2m,11,46
1782283138,kube-system,svclb-traefik-1100f998-kpm9h,0,0
1782283138,kube-system,traefik-9bcdbbd9-qtpjt,1,36
1782283138,tc-26-6-11-1-9,msc-test-stub-5b875d749d-mx9h8,1,16
1782283138,tc-26-6-11-1-9,osmo-bsc-594654bd47-22w8h,1,5
1782283138,tc-26-6-11-1-9,osmo-bts-virtual-5f8b9b86fc-98h4z,33,5
1782283138,tc-26-6-11-1-9,osmo-hlr-546bdb8988-mbk5k,1,2
1782283138,tc-26-6-11-1-9,osmo-mgw-8c8fc67d6-95rkp,1,2
1782283138,tc-26-6-11-1-9,osmo-mobile-654dfdc996-rvbm9,2,33
1782283138,tc-26-6-11-1-9,osmo-stp-768687f494-b2r4v,1,2
1782283138,tc-26-6-11-1-9,ttcn3-tc-26-6-11-1-1-vk89h,1,11
1782283138,tc-26-6-11-1-9,virtphy-7dc46555f-httmn,7,1
1782283138,tc-26-6-2-1-1-10,msc-test-stub-5b875d749d-sf5nr,1,16
1782283138,tc-26-6-2-1-1-10,osmo-bsc-594654bd47-lgm95,1,5
1782283138,tc-26-6-2-1-1-10,osmo-bts-virtual-5f8b9b86fc-lz8v5,27,5
1782283138,tc-26-6-2-1-1-10,osmo-hlr-546bdb8988-gjv5l,1,2
1782283138,tc-26-6-2-1-1-10,osmo-mgw-8c8fc67d6-t5sth,1,2
1782283138,tc-26-6-2-1-1-10,osmo-mobile-587bd5b846-btmbs,2,33
1782283138,tc-26-6-2-1-1-10,osmo-stp-768687f494-pq8rn,1,2
1782283138,tc-26-6-2-1-1-10,ttcn3-tc-26-6-2-1-1-1-lkbnz,1,8
1782283138,tc-26-6-2-1-1-10,virtphy-96dd7697f-dbfnf,6,1
1782283138,tc-26-6-2-4-8,msc-test-stub-5b875d749d-xvhpf,1,16
1782283138,tc-26-6-2-4-8,osmo-bsc-594654bd47-msv6c,1,5
1782283138,tc-26-6-2-4-8,osmo-bts-virtual-5f8b9b86fc-g8mvt,31,5
1782283138,tc-26-6-2-4-8,osmo-hlr-546bdb8988-8gkbl,1,2
1782283138,tc-26-6-2-4-8,osmo-mgw-8c8fc67d6-n8kkk,1,2
1782283138,tc-26-6-2-4-8,osmo-mobile-67b9dc6556-l7d2s,2,33
1782283138,tc-26-6-2-4-8,osmo-stp-768687f494-ncn4x,1,2
1782283138,tc-26-6-2-4-8,ttcn3-tc-26-6-2-4-1-f9g9d,1,6
1782283138,tc-26-6-2-4-8,virtphy-7f5dbd568c-wpbgd,8,1
1782283138,tc-26-6-8-2-2,msc-test-stub-5b875d749d-kcsvh,1,22
1782283138,tc-26-6-8-2-2,osmo-mgw-8c8fc67d6-ghvzw,1,4
1782283138,tc-26-6-8-2-2,osmo-mobile-6cf757f4bb-jmfpr,4,41
1782283138,tc-26-7-2-1-4,msc-test-stub-5b875d749d-f4nnq,1,16
1782283138,tc-26-7-2-1-4,osmo-bsc-594654bd47-l6cj2,1,5
1782283138,tc-26-7-2-1-4,osmo-bts-virtual-5f8b9b86fc-kzkkp,25,5
1782283138,tc-26-7-2-1-4,osmo-hlr-546bdb8988-kllvn,1,2
1782283138,tc-26-7-2-1-4,osmo-mgw-8c8fc67d6-v4v28,1,2
1782283138,tc-26-7-2-1-4,osmo-mobile-64dcc87988-r4bxs,3,36
1782283138,tc-26-7-2-1-4,osmo-stp-768687f494-t9pm5,1,2
1782283138,tc-26-7-2-1-4,ttcn3-tc-26-7-2-1-1-swqhz,1,6
1782283138,tc-26-7-2-1-4,virtphy-6f8b6f6885-hg7cs,6,1
1782283138,tc-26-7-2-2-3,msc-test-stub-5b875d749d-2k5jx,1,16
1782283138,tc-26-7-2-2-3,osmo-bsc-594654bd47-bjbll,1,5
1782283138,tc-26-7-2-2-3,osmo-bts-virtual-5f8b9b86fc-dj9j7,27,5
1782283138,tc-26-7-2-2-3,osmo-hlr-546bdb8988-q5xcs,1,2
1782283138,tc-26-7-2-2-3,osmo-mgw-8c8fc67d6-w7mb7,1,2
1782283138,tc-26-7-2-2-3,osmo-mobile-65b5958d7b-nd7wr,3,36
1782283138,tc-26-7-2-2-3,osmo-stp-768687f494-x889n,1,2
1782283138,tc-26-7-2-2-3,ttcn3-tc-26-7-2-2-1-44f7s,11,6
1782283138,tc-26-7-2-2-3,virtphy-669796d86c-dl9dt,7,1
1782283138,tc-26-7-4-1-11,msc-test-stub-5b875d749d-nf4fk,1,16
1782283138,tc-26-7-4-1-11,osmo-bsc-594654bd47-qlrkz,1,5
1782283138,tc-26-7-4-1-11,osmo-bts-virtual-5f8b9b86fc-ksxp2,30,5
1782283138,tc-26-7-4-1-11,osmo-hlr-546bdb8988-m7slh,1,2
1782283138,tc-26-7-4-1-11,osmo-mgw-8c8fc67d6-blwgc,1,2
1782283138,tc-26-7-4-1-11,osmo-mobile-57ffcc5b84-bcb6v,2,33
1782283138,tc-26-7-4-1-11,osmo-stp-768687f494-cdvls,1,2
1782283138,tc-26-7-4-1-11,ttcn3-tc-26-7-4-1-1-vfwzt,1,6
1782283138,tc-26-7-4-1-11,virtphy-689cb88f6c-lpfmk,7,1
1782283138,tc-26-7-5-3-12,msc-test-stub-5b875d749d-9xvl9,1,16
1782283138,tc-26-7-5-3-12,osmo-bsc-594654bd47-b8kpq,1,5
1782283138,tc-26-7-5-3-12,osmo-bts-virtual-5f8b9b86fc-wl7k2,25,5
1782283138,tc-26-7-5-3-12,osmo-hlr-546bdb8988-d6l2s,1,2
1782283138,tc-26-7-5-3-12,osmo-mgw-8c8fc67d6-xp48l,1,2
1782283138,tc-26-7-5-3-12,osmo-mobile-79c8f8bc4b-mc6jq,3,36
1782283138,tc-26-7-5-3-12,osmo-stp-768687f494-2nqzv,1,2
1782283138,tc-26-7-5-3-12,ttcn3-tc-26-7-5-3-1-p97pl,1,6
1782283138,tc-26-7-5-3-12,virtphy-56cc7fd87-gnrrq,6,1
1782283138,tc-26-7-5-6-5,msc-test-stub-5b875d749d-sq5zl,1,16
1782283138,tc-26-7-5-6-5,osmo-bsc-594654bd47-qwxkf,1,5
1782283138,tc-26-7-5-6-5,osmo-bts-virtual-5f8b9b86fc-wfjwc,29,5
1782283138,tc-26-7-5-6-5,osmo-hlr-546bdb8988-76xzt,1,2
1782283138,tc-26-7-5-6-5,osmo-mgw-8c8fc67d6-t8q8x,1,2
1782283138,tc-26-7-5-6-5,osmo-mobile-6b9545c69c-t2mvr,2,33
1782283138,tc-26-7-5-6-5,osmo-stp-768687f494-gwqpr,1,2
1782283138,tc-26-7-5-6-5,virtphy-5fc5689b8-jn7vs,7,1
1782283138,tc-26-8-1-2-1-1-1,msc-test-stub-5b875d749d-v48d2,1,16
1782283138,tc-26-8-1-2-1-1-1,osmo-mgw-8c8fc67d6-s49xd,1,2
1782283138,tc-26-8-1-2-1-1-1,osmo-mobile-5976fc576b-wkx2z,3,31
1782283138,tc-26-8-1-3-3-1-7,msc-test-stub-5b875d749d-nh4pl,1,16
1782283138,tc-26-8-1-3-3-1-7,osmo-bts-virtual-5f8b9b86fc-sjf5l,30,5
1782283138,tc-26-8-1-3-3-1-7,osmo-mgw-8c8fc67d6-82hsl,1,2
1782283138,tc-26-8-1-3-3-1-7,osmo-mobile-6bccfdc6b7-47qzz,2,33
1782283138,tc-26-8-1-3-3-1-7,osmo-stp-768687f494-6b54s,1,2
1782283138,tc-26-8-1-3-4-6-6,msc-test-stub-5b875d749d-zd9kr,1,16
1782283138,tc-26-8-1-3-4-6-6,osmo-bts-virtual-5f8b9b86fc-vq9ct,30,7
1782283138,tc-26-8-1-3-4-6-6,osmo-mgw-8c8fc67d6-qhtng,1,4
1782283138,tc-26-8-1-3-4-6-6,osmo-mobile-69b4658d4b-ph2md,2,60
1782283141,kube-system,coredns-c4dbffb5f-p9rsr,4,29
1782283141,kube-system,local-path-provisioner-5c4dc5d66d-nfqxz,1,15
1782283141,kube-system,metrics-server-786d997795-hcp2m,11,46
1782283141,kube-system,svclb-traefik-1100f998-kpm9h,0,0
1782283141,kube-system,traefik-9bcdbbd9-qtpjt,1,36
1782283141,tc-26-6-11-1-9,msc-test-stub-5b875d749d-mx9h8,1,16
1782283141,tc-26-6-11-1-9,osmo-bsc-594654bd47-22w8h,1,5
1782283141,tc-26-6-11-1-9,osmo-bts-virtual-5f8b9b86fc-98h4z,33,5
1782283141,tc-26-6-11-1-9,osmo-hlr-546bdb8988-mbk5k,1,2
1782283141,tc-26-6-11-1-9,osmo-mgw-8c8fc67d6-95rkp,1,2
1782283141,tc-26-6-11-1-9,osmo-mobile-654dfdc996-rvbm9,2,33
1782283141,tc-26-6-11-1-9,osmo-stp-768687f494-b2r4v,1,2
1782283141,tc-26-6-11-1-9,ttcn3-tc-26-6-11-1-1-vk89h,1,11
1782283141,tc-26-6-11-1-9,virtphy-7dc46555f-httmn,7,1
1782283141,tc-26-6-2-1-1-10,msc-test-stub-5b875d749d-sf5nr,1,16
1782283141,tc-26-6-2-1-1-10,osmo-bsc-594654bd47-lgm95,1,5
1782283141,tc-26-6-2-1-1-10,osmo-bts-virtual-5f8b9b86fc-lz8v5,27,5
1782283141,tc-26-6-2-1-1-10,osmo-hlr-546bdb8988-gjv5l,1,2
1782283141,tc-26-6-2-1-1-10,osmo-mgw-8c8fc67d6-t5sth,1,2
1782283141,tc-26-6-2-1-1-10,osmo-mobile-587bd5b846-btmbs,2,33
1782283141,tc-26-6-2-1-1-10,osmo-stp-768687f494-pq8rn,1,2
1782283141,tc-26-6-2-1-1-10,ttcn3-tc-26-6-2-1-1-1-lkbnz,1,8
1782283141,tc-26-6-2-1-1-10,virtphy-96dd7697f-dbfnf,6,1
1782283141,tc-26-6-2-4-8,msc-test-stub-5b875d749d-xvhpf,1,16
1782283141,tc-26-6-2-4-8,osmo-bsc-594654bd47-msv6c,1,5
1782283141,tc-26-6-2-4-8,osmo-bts-virtual-5f8b9b86fc-g8mvt,31,5
1782283141,tc-26-6-2-4-8,osmo-hlr-546bdb8988-8gkbl,1,2
1782283141,tc-26-6-2-4-8,osmo-mgw-8c8fc67d6-n8kkk,1,2
1782283141,tc-26-6-2-4-8,osmo-mobile-67b9dc6556-l7d2s,2,33
1782283141,tc-26-6-2-4-8,osmo-stp-768687f494-ncn4x,1,2
1782283141,tc-26-6-2-4-8,ttcn3-tc-26-6-2-4-1-f9g9d,1,6
1782283141,tc-26-6-2-4-8,virtphy-7f5dbd568c-wpbgd,8,1
1782283141,tc-26-6-8-2-2,msc-test-stub-5b875d749d-kcsvh,1,22
1782283141,tc-26-6-8-2-2,osmo-mgw-8c8fc67d6-ghvzw,1,4
1782283141,tc-26-6-8-2-2,osmo-mobile-6cf757f4bb-jmfpr,4,41
1782283141,tc-26-7-2-1-4,msc-test-stub-5b875d749d-f4nnq,1,16
1782283141,tc-26-7-2-1-4,osmo-bsc-594654bd47-l6cj2,1,5
1782283141,tc-26-7-2-1-4,osmo-bts-virtual-5f8b9b86fc-kzkkp,25,5
1782283141,tc-26-7-2-1-4,osmo-hlr-546bdb8988-kllvn,1,2
1782283141,tc-26-7-2-1-4,osmo-mgw-8c8fc67d6-v4v28,1,2
1782283141,tc-26-7-2-1-4,osmo-mobile-64dcc87988-r4bxs,3,36
1782283141,tc-26-7-2-1-4,osmo-stp-768687f494-t9pm5,1,2
1782283141,tc-26-7-2-1-4,ttcn3-tc-26-7-2-1-1-swqhz,1,6
1782283141,tc-26-7-2-1-4,virtphy-6f8b6f6885-hg7cs,6,1
1782283141,tc-26-7-2-2-3,msc-test-stub-5b875d749d-2k5jx,1,16
1782283141,tc-26-7-2-2-3,osmo-bsc-594654bd47-bjbll,1,5
1782283141,tc-26-7-2-2-3,osmo-bts-virtual-5f8b9b86fc-dj9j7,27,5
1782283141,tc-26-7-2-2-3,osmo-hlr-546bdb8988-q5xcs,1,2
1782283141,tc-26-7-2-2-3,osmo-mgw-8c8fc67d6-w7mb7,1,2
1782283141,tc-26-7-2-2-3,osmo-mobile-65b5958d7b-nd7wr,3,36
1782283141,tc-26-7-2-2-3,osmo-stp-768687f494-x889n,1,2
1782283141,tc-26-7-2-2-3,ttcn3-tc-26-7-2-2-1-44f7s,11,6
1782283141,tc-26-7-2-2-3,virtphy-669796d86c-dl9dt,7,1
1782283141,tc-26-7-4-1-11,msc-test-stub-5b875d749d-nf4fk,1,16
1782283141,tc-26-7-4-1-11,osmo-bsc-594654bd47-qlrkz,1,5
1782283141,tc-26-7-4-1-11,osmo-bts-virtual-5f8b9b86fc-ksxp2,30,5
1782283141,tc-26-7-4-1-11,osmo-hlr-546bdb8988-m7slh,1,2
1782283141,tc-26-7-4-1-11,osmo-mgw-8c8fc67d6-blwgc,1,2
1782283141,tc-26-7-4-1-11,osmo-mobile-57ffcc5b84-bcb6v,2,33
1782283141,tc-26-7-4-1-11,osmo-stp-768687f494-cdvls,1,2
1782283141,tc-26-7-4-1-11,ttcn3-tc-26-7-4-1-1-vfwzt,1,6
1782283141,tc-26-7-4-1-11,virtphy-689cb88f6c-lpfmk,7,1
1782283141,tc-26-7-5-3-12,msc-test-stub-5b875d749d-9xvl9,1,16
1782283141,tc-26-7-5-3-12,osmo-bsc-594654bd47-b8kpq,1,5
1782283141,tc-26-7-5-3-12,osmo-bts-virtual-5f8b9b86fc-wl7k2,25,5
1782283141,tc-26-7-5-3-12,osmo-hlr-546bdb8988-d6l2s,1,2
1782283141,tc-26-7-5-3-12,osmo-mgw-8c8fc67d6-xp48l,1,2
1782283141,tc-26-7-5-3-12,osmo-mobile-79c8f8bc4b-mc6jq,3,36
1782283141,tc-26-7-5-3-12,osmo-stp-768687f494-2nqzv,1,2
1782283141,tc-26-7-5-3-12,ttcn3-tc-26-7-5-3-1-p97pl,1,6
1782283141,tc-26-7-5-3-12,virtphy-56cc7fd87-gnrrq,6,1
1782283141,tc-26-7-5-6-5,msc-test-stub-5b875d749d-sq5zl,1,16
1782283141,tc-26-7-5-6-5,osmo-bsc-594654bd47-qwxkf,1,5
1782283141,tc-26-7-5-6-5,osmo-bts-virtual-5f8b9b86fc-wfjwc,29,5
1782283141,tc-26-7-5-6-5,osmo-hlr-546bdb8988-76xzt,1,2
1782283141,tc-26-7-5-6-5,osmo-mgw-8c8fc67d6-t8q8x,1,2
1782283141,tc-26-7-5-6-5,osmo-mobile-6b9545c69c-t2mvr,2,33
1782283141,tc-26-7-5-6-5,osmo-stp-768687f494-gwqpr,1,2
1782283141,tc-26-7-5-6-5,virtphy-5fc5689b8-jn7vs,7,1
1782283141,tc-26-8-1-2-1-1-1,msc-test-stub-5b875d749d-v48d2,1,16
1782283141,tc-26-8-1-2-1-1-1,osmo-mgw-8c8fc67d6-s49xd,1,2
1782283141,tc-26-8-1-2-1-1-1,osmo-mobile-5976fc576b-wkx2z,3,31
1782283141,tc-26-8-1-3-3-1-7,msc-test-stub-5b875d749d-nh4pl,1,16
1782283141,tc-26-8-1-3-3-1-7,osmo-bts-virtual-5f8b9b86fc-sjf5l,30,5
1782283141,tc-26-8-1-3-3-1-7,osmo-mgw-8c8fc67d6-82hsl,1,2
1782283141,tc-26-8-1-3-3-1-7,osmo-mobile-6bccfdc6b7-47qzz,2,33
1782283141,tc-26-8-1-3-4-6-6,msc-test-stub-5b875d749d-zd9kr,1,16
1782283141,tc-26-8-1-3-4-6-6,osmo-mgw-8c8fc67d6-qhtng,1,4
1782283141,tc-26-8-1-3-4-6-6,osmo-mobile-69b4658d4b-ph2md,2,60
1782283143,kube-system,coredns-c4dbffb5f-p9rsr,4,29
1782283143,kube-system,local-path-provisioner-5c4dc5d66d-nfqxz,1,15
1782283143,kube-system,metrics-server-786d997795-hcp2m,11,46
1782283143,kube-system,svclb-traefik-1100f998-kpm9h,0,0
1782283143,kube-system,traefik-9bcdbbd9-qtpjt,1,36
1782283143,tc-26-6-11-1-9,msc-test-stub-5b875d749d-mx9h8,1,16
1782283143,tc-26-6-11-1-9,osmo-bsc-594654bd47-22w8h,1,5
1782283143,tc-26-6-11-1-9,osmo-bts-virtual-5f8b9b86fc-98h4z,33,5
1782283143,tc-26-6-11-1-9,osmo-hlr-546bdb8988-mbk5k,1,2
1782283143,tc-26-6-11-1-9,osmo-mgw-8c8fc67d6-95rkp,1,2
1782283143,tc-26-6-11-1-9,osmo-mobile-654dfdc996-rvbm9,2,33
1782283143,tc-26-6-11-1-9,osmo-stp-768687f494-b2r4v,1,2
1782283143,tc-26-6-11-1-9,ttcn3-tc-26-6-11-1-1-vk89h,1,11
1782283143,tc-26-6-11-1-9,virtphy-7dc46555f-httmn,7,1
1782283143,tc-26-6-2-1-1-10,msc-test-stub-5b875d749d-sf5nr,1,16
1782283143,tc-26-6-2-1-1-10,osmo-bsc-594654bd47-lgm95,1,5
1782283143,tc-26-6-2-1-1-10,osmo-bts-virtual-5f8b9b86fc-lz8v5,27,5
1782283143,tc-26-6-2-1-1-10,osmo-hlr-546bdb8988-gjv5l,1,2
1782283143,tc-26-6-2-1-1-10,osmo-mgw-8c8fc67d6-t5sth,1,2
1782283143,tc-26-6-2-1-1-10,osmo-mobile-587bd5b846-btmbs,2,33
1782283143,tc-26-6-2-1-1-10,osmo-stp-768687f494-pq8rn,1,2
1782283143,tc-26-6-2-1-1-10,ttcn3-tc-26-6-2-1-1-1-lkbnz,1,8
1782283143,tc-26-6-2-1-1-10,virtphy-96dd7697f-dbfnf,6,1
1782283143,tc-26-6-2-4-8,msc-test-stub-5b875d749d-xvhpf,1,16
1782283143,tc-26-6-2-4-8,osmo-bsc-594654bd47-msv6c,1,5
1782283143,tc-26-6-2-4-8,osmo-bts-virtual-5f8b9b86fc-g8mvt,31,5
1782283143,tc-26-6-2-4-8,osmo-hlr-546bdb8988-8gkbl,1,2
1782283143,tc-26-6-2-4-8,osmo-mgw-8c8fc67d6-n8kkk,1,2
1782283143,tc-26-6-2-4-8,osmo-mobile-67b9dc6556-l7d2s,2,33
1782283143,tc-26-6-2-4-8,osmo-stp-768687f494-ncn4x,1,2
1782283143,tc-26-6-2-4-8,ttcn3-tc-26-6-2-4-1-f9g9d,1,6
1782283143,tc-26-6-2-4-8,virtphy-7f5dbd568c-wpbgd,8,1
1782283143,tc-26-6-8-2-2,msc-test-stub-5b875d749d-kcsvh,1,22
1782283143,tc-26-6-8-2-2,osmo-mgw-8c8fc67d6-ghvzw,1,4
1782283143,tc-26-6-8-2-2,osmo-mobile-6cf757f4bb-jmfpr,4,41
1782283143,tc-26-7-2-1-4,msc-test-stub-5b875d749d-f4nnq,1,16
1782283143,tc-26-7-2-1-4,osmo-bsc-594654bd47-l6cj2,1,5
1782283143,tc-26-7-2-1-4,osmo-bts-virtual-5f8b9b86fc-kzkkp,25,5
1782283143,tc-26-7-2-1-4,osmo-hlr-546bdb8988-kllvn,1,2
1782283143,tc-26-7-2-1-4,osmo-mgw-8c8fc67d6-v4v28,1,2
1782283143,tc-26-7-2-1-4,osmo-mobile-64dcc87988-r4bxs,3,36
1782283143,tc-26-7-2-1-4,osmo-stp-768687f494-t9pm5,1,2
1782283143,tc-26-7-2-1-4,ttcn3-tc-26-7-2-1-1-swqhz,1,6
1782283143,tc-26-7-2-1-4,virtphy-6f8b6f6885-hg7cs,6,1
1782283143,tc-26-7-2-2-3,msc-test-stub-5b875d749d-2k5jx,1,16
1782283143,tc-26-7-2-2-3,osmo-bsc-594654bd47-bjbll,1,5
1782283143,tc-26-7-2-2-3,osmo-bts-virtual-5f8b9b86fc-dj9j7,27,5
1782283143,tc-26-7-2-2-3,osmo-hlr-546bdb8988-q5xcs,1,2
1782283143,tc-26-7-2-2-3,osmo-mgw-8c8fc67d6-w7mb7,1,2
1782283143,tc-26-7-2-2-3,osmo-mobile-65b5958d7b-nd7wr,3,36
1782283143,tc-26-7-2-2-3,osmo-stp-768687f494-x889n,1,2
1782283143,tc-26-7-2-2-3,ttcn3-tc-26-7-2-2-1-44f7s,11,6
1782283143,tc-26-7-2-2-3,virtphy-669796d86c-dl9dt,7,1
1782283143,tc-26-7-4-1-11,msc-test-stub-5b875d749d-nf4fk,1,16
1782283143,tc-26-7-4-1-11,osmo-bsc-594654bd47-qlrkz,1,5
1782283143,tc-26-7-4-1-11,osmo-bts-virtual-5f8b9b86fc-ksxp2,30,5
1782283143,tc-26-7-4-1-11,osmo-hlr-546bdb8988-m7slh,1,2
1782283143,tc-26-7-4-1-11,osmo-mgw-8c8fc67d6-blwgc,1,2
1782283143,tc-26-7-4-1-11,osmo-mobile-57ffcc5b84-bcb6v,2,33
1782283143,tc-26-7-4-1-11,osmo-stp-768687f494-cdvls,1,2
1782283143,tc-26-7-4-1-11,ttcn3-tc-26-7-4-1-1-vfwzt,1,6
1782283143,tc-26-7-4-1-11,virtphy-689cb88f6c-lpfmk,7,1
1782283143,tc-26-7-5-3-12,msc-test-stub-5b875d749d-9xvl9,1,16
1782283143,tc-26-7-5-3-12,osmo-bsc-594654bd47-b8kpq,1,5
1782283143,tc-26-7-5-3-12,osmo-bts-virtual-5f8b9b86fc-wl7k2,25,5
1782283143,tc-26-7-5-3-12,osmo-hlr-546bdb8988-d6l2s,1,2
1782283143,tc-26-7-5-3-12,osmo-mgw-8c8fc67d6-xp48l,1,2
1782283143,tc-26-7-5-3-12,osmo-mobile-79c8f8bc4b-mc6jq,3,36
1782283143,tc-26-7-5-3-12,osmo-stp-768687f494-2nqzv,1,2
1782283143,tc-26-7-5-3-12,ttcn3-tc-26-7-5-3-1-p97pl,1,6
1782283143,tc-26-7-5-3-12,virtphy-56cc7fd87-gnrrq,6,1
1782283143,tc-26-7-5-6-5,msc-test-stub-5b875d749d-sq5zl,1,16
1782283143,tc-26-7-5-6-5,osmo-bts-virtual-5f8b9b86fc-wfjwc,29,5
1782283143,tc-26-7-5-6-5,osmo-mgw-8c8fc67d6-t8q8x,1,2
1782283143,tc-26-7-5-6-5,osmo-mobile-6b9545c69c-t2mvr,2,33
1782283143,tc-26-8-1-2-1-1-1,msc-test-stub-5b875d749d-v48d2,1,16
1782283143,tc-26-8-1-2-1-1-1,osmo-mgw-8c8fc67d6-s49xd,1,2
1782283143,tc-26-8-1-2-1-1-1,osmo-mobile-5976fc576b-wkx2z,3,31
1782283143,tc-26-8-1-3-3-1-7,msc-test-stub-5b875d749d-nh4pl,1,16
1782283143,tc-26-8-1-3-3-1-7,osmo-mgw-8c8fc67d6-82hsl,1,2
1782283143,tc-26-8-1-3-3-1-7,osmo-mobile-6bccfdc6b7-47qzz,2,33
1782283143,tc-26-8-1-3-4-6-6,msc-test-stub-5b875d749d-zd9kr,1,16
1782283143,tc-26-8-1-3-4-6-6,osmo-mgw-8c8fc67d6-qhtng,1,4
1782283143,tc-26-8-1-3-4-6-6,osmo-mobile-69b4658d4b-ph2md,2,60
1782283146,kube-system,coredns-c4dbffb5f-p9rsr,4,29
1782283146,kube-system,local-path-provisioner-5c4dc5d66d-nfqxz,1,15
1782283146,kube-system,metrics-server-786d997795-hcp2m,11,46
1782283146,kube-system,svclb-traefik-1100f998-kpm9h,0,0
1782283146,kube-system,traefik-9bcdbbd9-qtpjt,1,36
1782283146,tc-26-6-11-1-9,msc-test-stub-5b875d749d-mx9h8,1,16
1782283146,tc-26-6-11-1-9,osmo-bsc-594654bd47-22w8h,1,5
1782283146,tc-26-6-11-1-9,osmo-bts-virtual-5f8b9b86fc-98h4z,33,5
1782283146,tc-26-6-11-1-9,osmo-hlr-546bdb8988-mbk5k,1,2
1782283146,tc-26-6-11-1-9,osmo-mgw-8c8fc67d6-95rkp,1,2
1782283146,tc-26-6-11-1-9,osmo-mobile-654dfdc996-rvbm9,2,33
1782283146,tc-26-6-11-1-9,osmo-stp-768687f494-b2r4v,1,2
1782283146,tc-26-6-11-1-9,ttcn3-tc-26-6-11-1-1-vk89h,1,11
1782283146,tc-26-6-11-1-9,virtphy-7dc46555f-httmn,7,1
1782283146,tc-26-6-2-1-1-10,msc-test-stub-5b875d749d-sf5nr,1,16
1782283146,tc-26-6-2-1-1-10,osmo-bsc-594654bd47-lgm95,1,5
1782283146,tc-26-6-2-1-1-10,osmo-bts-virtual-5f8b9b86fc-lz8v5,27,5
1782283146,tc-26-6-2-1-1-10,osmo-hlr-546bdb8988-gjv5l,1,2
1782283146,tc-26-6-2-1-1-10,osmo-mgw-8c8fc67d6-t5sth,1,2
1782283146,tc-26-6-2-1-1-10,osmo-mobile-587bd5b846-btmbs,2,33
1782283146,tc-26-6-2-1-1-10,osmo-stp-768687f494-pq8rn,1,2
1782283146,tc-26-6-2-1-1-10,ttcn3-tc-26-6-2-1-1-1-lkbnz,1,8
1782283146,tc-26-6-2-1-1-10,virtphy-96dd7697f-dbfnf,6,1
1782283146,tc-26-6-2-4-8,msc-test-stub-5b875d749d-xvhpf,1,16
1782283146,tc-26-6-2-4-8,osmo-bsc-594654bd47-msv6c,1,5
1782283146,tc-26-6-2-4-8,osmo-bts-virtual-5f8b9b86fc-g8mvt,31,5
1782283146,tc-26-6-2-4-8,osmo-hlr-546bdb8988-8gkbl,1,2
1782283146,tc-26-6-2-4-8,osmo-mgw-8c8fc67d6-n8kkk,1,2
1782283146,tc-26-6-2-4-8,osmo-mobile-67b9dc6556-l7d2s,2,33
1782283146,tc-26-6-2-4-8,osmo-stp-768687f494-ncn4x,1,2
1782283146,tc-26-6-2-4-8,ttcn3-tc-26-6-2-4-1-f9g9d,1,6
1782283146,tc-26-6-2-4-8,virtphy-7f5dbd568c-wpbgd,8,1
1782283146,tc-26-6-8-2-2,msc-test-stub-5b875d749d-kcsvh,1,22
1782283146,tc-26-6-8-2-2,osmo-mgw-8c8fc67d6-ghvzw,1,4
1782283146,tc-26-6-8-2-2,osmo-mobile-6cf757f4bb-jmfpr,4,41
1782283146,tc-26-7-2-1-4,msc-test-stub-5b875d749d-f4nnq,1,16
1782283146,tc-26-7-2-1-4,osmo-bsc-594654bd47-l6cj2,1,5
1782283146,tc-26-7-2-1-4,osmo-bts-virtual-5f8b9b86fc-kzkkp,25,5
1782283146,tc-26-7-2-1-4,osmo-hlr-546bdb8988-kllvn,1,2
1782283146,tc-26-7-2-1-4,osmo-mgw-8c8fc67d6-v4v28,1,2
1782283146,tc-26-7-2-1-4,osmo-mobile-64dcc87988-r4bxs,3,36
1782283146,tc-26-7-2-1-4,osmo-stp-768687f494-t9pm5,1,2
1782283146,tc-26-7-2-1-4,ttcn3-tc-26-7-2-1-1-swqhz,1,6
1782283146,tc-26-7-2-1-4,virtphy-6f8b6f6885-hg7cs,6,1
1782283146,tc-26-7-2-2-3,msc-test-stub-5b875d749d-2k5jx,1,16
1782283146,tc-26-7-2-2-3,osmo-bsc-594654bd47-bjbll,1,5
1782283146,tc-26-7-2-2-3,osmo-bts-virtual-5f8b9b86fc-dj9j7,27,5
1782283146,tc-26-7-2-2-3,osmo-hlr-546bdb8988-q5xcs,1,2
1782283146,tc-26-7-2-2-3,osmo-mgw-8c8fc67d6-w7mb7,1,2
1782283146,tc-26-7-2-2-3,osmo-mobile-65b5958d7b-nd7wr,3,36
1782283146,tc-26-7-2-2-3,osmo-stp-768687f494-x889n,1,2
1782283146,tc-26-7-2-2-3,ttcn3-tc-26-7-2-2-1-44f7s,11,6
1782283146,tc-26-7-2-2-3,virtphy-669796d86c-dl9dt,7,1
1782283146,tc-26-7-4-1-11,msc-test-stub-5b875d749d-nf4fk,1,16
1782283146,tc-26-7-4-1-11,osmo-bsc-594654bd47-qlrkz,1,5
1782283146,tc-26-7-4-1-11,osmo-bts-virtual-5f8b9b86fc-ksxp2,30,5
1782283146,tc-26-7-4-1-11,osmo-hlr-546bdb8988-m7slh,1,2
1782283146,tc-26-7-4-1-11,osmo-mgw-8c8fc67d6-blwgc,1,2
1782283146,tc-26-7-4-1-11,osmo-mobile-57ffcc5b84-bcb6v,2,33
1782283146,tc-26-7-4-1-11,osmo-stp-768687f494-cdvls,1,2
1782283146,tc-26-7-4-1-11,ttcn3-tc-26-7-4-1-1-vfwzt,1,6
1782283146,tc-26-7-4-1-11,virtphy-689cb88f6c-lpfmk,7,1
1782283146,tc-26-7-5-3-12,msc-test-stub-5b875d749d-9xvl9,1,16
1782283146,tc-26-7-5-3-12,osmo-bsc-594654bd47-b8kpq,1,5
1782283146,tc-26-7-5-3-12,osmo-bts-virtual-5f8b9b86fc-wl7k2,25,5
1782283146,tc-26-7-5-3-12,osmo-hlr-546bdb8988-d6l2s,1,2
1782283146,tc-26-7-5-3-12,osmo-mgw-8c8fc67d6-xp48l,1,2
1782283146,tc-26-7-5-3-12,osmo-mobile-79c8f8bc4b-mc6jq,3,36
1782283146,tc-26-7-5-3-12,osmo-stp-768687f494-2nqzv,1,2
1782283146,tc-26-7-5-3-12,ttcn3-tc-26-7-5-3-1-p97pl,1,6
1782283146,tc-26-7-5-3-12,virtphy-56cc7fd87-gnrrq,6,1
1782283146,tc-26-7-5-6-5,msc-test-stub-5b875d749d-sq5zl,1,16
1782283146,tc-26-7-5-6-5,osmo-bts-virtual-5f8b9b86fc-wfjwc,29,5
1782283146,tc-26-7-5-6-5,osmo-mgw-8c8fc67d6-t8q8x,1,2
1782283146,tc-26-7-5-6-5,osmo-mobile-6b9545c69c-t2mvr,2,33
1782283146,tc-26-8-1-2-1-1-1,msc-test-stub-5b875d749d-v48d2,1,16
1782283146,tc-26-8-1-2-1-1-1,osmo-mgw-8c8fc67d6-s49xd,1,2
1782283146,tc-26-8-1-2-1-1-1,osmo-mobile-5976fc576b-wkx2z,3,31
1782283146,tc-26-8-1-3-3-1-7,msc-test-stub-5b875d749d-nh4pl,1,16
1782283146,tc-26-8-1-3-3-1-7,osmo-mgw-8c8fc67d6-82hsl,1,2
1782283146,tc-26-8-1-3-3-1-7,osmo-mobile-6bccfdc6b7-47qzz,2,33
1782283146,tc-26-8-1-3-4-6-6,msc-test-stub-5b875d749d-zd9kr,1,16
1782283146,tc-26-8-1-3-4-6-6,osmo-mgw-8c8fc67d6-qhtng,1,4
1782283146,tc-26-8-1-3-4-6-6,osmo-mobile-69b4658d4b-ph2md,2,60
1782283148,kube-system,coredns-c4dbffb5f-p9rsr,4,29
1782283148,kube-system,local-path-provisioner-5c4dc5d66d-nfqxz,1,15
1782283148,kube-system,metrics-server-786d997795-hcp2m,11,46
1782283148,kube-system,svclb-traefik-1100f998-kpm9h,0,0
1782283148,kube-system,traefik-9bcdbbd9-qtpjt,1,36
1782283148,tc-26-6-11-1-9,msc-test-stub-5b875d749d-mx9h8,1,16
1782283148,tc-26-6-11-1-9,osmo-bsc-594654bd47-22w8h,1,5
1782283148,tc-26-6-11-1-9,osmo-bts-virtual-5f8b9b86fc-98h4z,33,5
1782283148,tc-26-6-11-1-9,osmo-hlr-546bdb8988-mbk5k,1,2
1782283148,tc-26-6-11-1-9,osmo-mgw-8c8fc67d6-95rkp,1,2
1782283148,tc-26-6-11-1-9,osmo-mobile-654dfdc996-rvbm9,2,33
1782283148,tc-26-6-11-1-9,osmo-stp-768687f494-b2r4v,1,2
1782283148,tc-26-6-11-1-9,ttcn3-tc-26-6-11-1-1-vk89h,1,11
1782283148,tc-26-6-11-1-9,virtphy-7dc46555f-httmn,7,1
1782283148,tc-26-6-2-1-1-10,msc-test-stub-5b875d749d-sf5nr,1,16
1782283148,tc-26-6-2-1-1-10,osmo-bsc-594654bd47-lgm95,1,5
1782283148,tc-26-6-2-1-1-10,osmo-bts-virtual-5f8b9b86fc-lz8v5,27,5
1782283148,tc-26-6-2-1-1-10,osmo-hlr-546bdb8988-gjv5l,1,2
1782283148,tc-26-6-2-1-1-10,osmo-mgw-8c8fc67d6-t5sth,1,2
1782283148,tc-26-6-2-1-1-10,osmo-mobile-587bd5b846-btmbs,2,33
1782283148,tc-26-6-2-1-1-10,osmo-stp-768687f494-pq8rn,1,2
1782283148,tc-26-6-2-1-1-10,ttcn3-tc-26-6-2-1-1-1-lkbnz,1,8
1782283148,tc-26-6-2-1-1-10,virtphy-96dd7697f-dbfnf,6,1
1782283148,tc-26-6-2-4-8,msc-test-stub-5b875d749d-xvhpf,1,16
1782283148,tc-26-6-2-4-8,osmo-bsc-594654bd47-msv6c,1,5
1782283148,tc-26-6-2-4-8,osmo-bts-virtual-5f8b9b86fc-g8mvt,31,5
1782283148,tc-26-6-2-4-8,osmo-hlr-546bdb8988-8gkbl,1,2
1782283148,tc-26-6-2-4-8,osmo-mgw-8c8fc67d6-n8kkk,1,2
1782283148,tc-26-6-2-4-8,osmo-mobile-67b9dc6556-l7d2s,2,33
1782283148,tc-26-6-2-4-8,osmo-stp-768687f494-ncn4x,1,2
1782283148,tc-26-6-2-4-8,ttcn3-tc-26-6-2-4-1-f9g9d,1,6
1782283148,tc-26-6-2-4-8,virtphy-7f5dbd568c-wpbgd,8,1
1782283148,tc-26-6-8-2-2,msc-test-stub-5b875d749d-kcsvh,1,22
1782283148,tc-26-6-8-2-2,osmo-mgw-8c8fc67d6-ghvzw,1,4
1782283148,tc-26-6-8-2-2,osmo-mobile-6cf757f4bb-jmfpr,4,41
1782283148,tc-26-7-2-1-4,msc-test-stub-5b875d749d-f4nnq,1,16
1782283148,tc-26-7-2-1-4,osmo-bsc-594654bd47-l6cj2,1,5
1782283148,tc-26-7-2-1-4,osmo-bts-virtual-5f8b9b86fc-kzkkp,25,5
1782283148,tc-26-7-2-1-4,osmo-hlr-546bdb8988-kllvn,1,2
1782283148,tc-26-7-2-1-4,osmo-mgw-8c8fc67d6-v4v28,1,2
1782283148,tc-26-7-2-1-4,osmo-mobile-64dcc87988-r4bxs,3,36
1782283148,tc-26-7-2-1-4,osmo-stp-768687f494-t9pm5,1,2
1782283148,tc-26-7-2-1-4,ttcn3-tc-26-7-2-1-1-swqhz,1,6
1782283148,tc-26-7-2-1-4,virtphy-6f8b6f6885-hg7cs,6,1
1782283148,tc-26-7-2-2-3,msc-test-stub-5b875d749d-2k5jx,1,16
1782283148,tc-26-7-2-2-3,osmo-bsc-594654bd47-bjbll,1,5
1782283148,tc-26-7-2-2-3,osmo-bts-virtual-5f8b9b86fc-dj9j7,27,5
1782283148,tc-26-7-2-2-3,osmo-hlr-546bdb8988-q5xcs,1,2
1782283148,tc-26-7-2-2-3,osmo-mgw-8c8fc67d6-w7mb7,1,2
1782283148,tc-26-7-2-2-3,osmo-mobile-65b5958d7b-nd7wr,3,36
1782283148,tc-26-7-2-2-3,osmo-stp-768687f494-x889n,1,2
1782283148,tc-26-7-2-2-3,ttcn3-tc-26-7-2-2-1-44f7s,11,6
1782283148,tc-26-7-2-2-3,virtphy-669796d86c-dl9dt,7,1
1782283148,tc-26-7-4-1-11,msc-test-stub-5b875d749d-nf4fk,1,16
1782283148,tc-26-7-4-1-11,osmo-bsc-594654bd47-qlrkz,1,5
1782283148,tc-26-7-4-1-11,osmo-bts-virtual-5f8b9b86fc-ksxp2,30,5
1782283148,tc-26-7-4-1-11,osmo-hlr-546bdb8988-m7slh,1,2
1782283148,tc-26-7-4-1-11,osmo-mgw-8c8fc67d6-blwgc,1,2
1782283148,tc-26-7-4-1-11,osmo-mobile-57ffcc5b84-bcb6v,2,33
1782283148,tc-26-7-4-1-11,osmo-stp-768687f494-cdvls,1,2
1782283148,tc-26-7-4-1-11,ttcn3-tc-26-7-4-1-1-vfwzt,1,6
1782283148,tc-26-7-4-1-11,virtphy-689cb88f6c-lpfmk,7,1
1782283148,tc-26-7-5-3-12,msc-test-stub-5b875d749d-9xvl9,1,16
1782283148,tc-26-7-5-3-12,osmo-bsc-594654bd47-b8kpq,1,5
1782283148,tc-26-7-5-3-12,osmo-bts-virtual-5f8b9b86fc-wl7k2,25,5
1782283148,tc-26-7-5-3-12,osmo-hlr-546bdb8988-d6l2s,1,2
1782283148,tc-26-7-5-3-12,osmo-mgw-8c8fc67d6-xp48l,1,2
1782283148,tc-26-7-5-3-12,osmo-mobile-79c8f8bc4b-mc6jq,3,36
1782283148,tc-26-7-5-3-12,osmo-stp-768687f494-2nqzv,1,2
1782283148,tc-26-7-5-3-12,ttcn3-tc-26-7-5-3-1-p97pl,1,6
1782283148,tc-26-7-5-3-12,virtphy-56cc7fd87-gnrrq,6,1
1782283148,tc-26-7-5-6-5,msc-test-stub-5b875d749d-sq5zl,1,16
1782283148,tc-26-7-5-6-5,osmo-mgw-8c8fc67d6-t8q8x,1,2
1782283148,tc-26-7-5-6-5,osmo-mobile-6b9545c69c-t2mvr,2,33
1782283148,tc-26-8-1-2-1-1-1,msc-test-stub-5b875d749d-v48d2,1,16
1782283148,tc-26-8-1-2-1-1-1,osmo-mgw-8c8fc67d6-s49xd,1,2
1782283148,tc-26-8-1-2-1-1-1,osmo-mobile-5976fc576b-wkx2z,3,31
1782283148,tc-26-8-1-3-3-1-7,msc-test-stub-5b875d749d-nh4pl,1,16
1782283148,tc-26-8-1-3-3-1-7,osmo-mgw-8c8fc67d6-82hsl,1,2
1782283148,tc-26-8-1-3-3-1-7,osmo-mobile-6bccfdc6b7-47qzz,2,33
1782283148,tc-26-8-1-3-4-6-6,msc-test-stub-5b875d749d-zd9kr,1,16
1782283148,tc-26-8-1-3-4-6-6,osmo-mgw-8c8fc67d6-qhtng,1,4
1782283148,tc-26-8-1-3-4-6-6,osmo-mobile-69b4658d4b-ph2md,2,60
1782283150,kube-system,coredns-c4dbffb5f-p9rsr,4,29
1782283150,kube-system,local-path-provisioner-5c4dc5d66d-nfqxz,1,15
1782283150,kube-system,metrics-server-786d997795-hcp2m,11,46
1782283150,kube-system,svclb-traefik-1100f998-kpm9h,0,0
1782283150,kube-system,traefik-9bcdbbd9-qtpjt,1,36
1782283150,tc-26-6-11-1-9,msc-test-stub-5b875d749d-mx9h8,1,16
1782283150,tc-26-6-11-1-9,osmo-bsc-594654bd47-22w8h,1,5
1782283150,tc-26-6-11-1-9,osmo-bts-virtual-5f8b9b86fc-98h4z,33,5
1782283150,tc-26-6-11-1-9,osmo-hlr-546bdb8988-mbk5k,1,2
1782283150,tc-26-6-11-1-9,osmo-mgw-8c8fc67d6-95rkp,1,2
1782283150,tc-26-6-11-1-9,osmo-mobile-654dfdc996-rvbm9,2,33
1782283150,tc-26-6-11-1-9,osmo-stp-768687f494-b2r4v,1,2
1782283150,tc-26-6-11-1-9,ttcn3-tc-26-6-11-1-1-vk89h,1,11
1782283150,tc-26-6-11-1-9,virtphy-7dc46555f-httmn,7,1
1782283150,tc-26-6-2-1-1-10,msc-test-stub-5b875d749d-sf5nr,1,16
1782283150,tc-26-6-2-1-1-10,osmo-bsc-594654bd47-lgm95,1,5
1782283150,tc-26-6-2-1-1-10,osmo-bts-virtual-5f8b9b86fc-lz8v5,27,5
1782283150,tc-26-6-2-1-1-10,osmo-hlr-546bdb8988-gjv5l,1,2
1782283150,tc-26-6-2-1-1-10,osmo-mgw-8c8fc67d6-t5sth,1,2
1782283150,tc-26-6-2-1-1-10,osmo-mobile-587bd5b846-btmbs,2,33
1782283150,tc-26-6-2-1-1-10,osmo-stp-768687f494-pq8rn,1,2
1782283150,tc-26-6-2-1-1-10,ttcn3-tc-26-6-2-1-1-1-lkbnz,1,8
1782283150,tc-26-6-2-1-1-10,virtphy-96dd7697f-dbfnf,6,1
1782283150,tc-26-6-2-4-8,msc-test-stub-5b875d749d-xvhpf,1,16
1782283150,tc-26-6-2-4-8,osmo-bsc-594654bd47-msv6c,1,5
1782283150,tc-26-6-2-4-8,osmo-bts-virtual-5f8b9b86fc-g8mvt,31,5
1782283150,tc-26-6-2-4-8,osmo-hlr-546bdb8988-8gkbl,1,2
1782283150,tc-26-6-2-4-8,osmo-mgw-8c8fc67d6-n8kkk,1,2
1782283150,tc-26-6-2-4-8,osmo-mobile-67b9dc6556-l7d2s,2,33
1782283150,tc-26-6-2-4-8,osmo-stp-768687f494-ncn4x,1,2
1782283150,tc-26-6-2-4-8,ttcn3-tc-26-6-2-4-1-f9g9d,1,6
1782283150,tc-26-6-2-4-8,virtphy-7f5dbd568c-wpbgd,8,1
1782283150,tc-26-6-8-2-2,msc-test-stub-5b875d749d-kcsvh,1,22
1782283150,tc-26-6-8-2-2,osmo-mgw-8c8fc67d6-ghvzw,1,4
1782283150,tc-26-6-8-2-2,osmo-mobile-6cf757f4bb-jmfpr,4,41
1782283150,tc-26-7-2-1-4,msc-test-stub-5b875d749d-f4nnq,1,16
1782283150,tc-26-7-2-1-4,osmo-bsc-594654bd47-l6cj2,1,5
1782283150,tc-26-7-2-1-4,osmo-bts-virtual-5f8b9b86fc-kzkkp,25,5
1782283150,tc-26-7-2-1-4,osmo-hlr-546bdb8988-kllvn,1,2
1782283150,tc-26-7-2-1-4,osmo-mgw-8c8fc67d6-v4v28,1,2
1782283150,tc-26-7-2-1-4,osmo-mobile-64dcc87988-r4bxs,3,36
1782283150,tc-26-7-2-1-4,osmo-stp-768687f494-t9pm5,1,2
1782283150,tc-26-7-2-1-4,ttcn3-tc-26-7-2-1-1-swqhz,1,6
1782283150,tc-26-7-2-1-4,virtphy-6f8b6f6885-hg7cs,6,1
1782283150,tc-26-7-2-2-3,msc-test-stub-5b875d749d-2k5jx,1,16
1782283150,tc-26-7-2-2-3,osmo-bsc-594654bd47-bjbll,1,5
1782283150,tc-26-7-2-2-3,osmo-bts-virtual-5f8b9b86fc-dj9j7,27,5
1782283150,tc-26-7-2-2-3,osmo-hlr-546bdb8988-q5xcs,1,2
1782283150,tc-26-7-2-2-3,osmo-mgw-8c8fc67d6-w7mb7,1,2
1782283150,tc-26-7-2-2-3,osmo-mobile-65b5958d7b-nd7wr,3,36
1782283150,tc-26-7-2-2-3,osmo-stp-768687f494-x889n,1,2
1782283150,tc-26-7-2-2-3,ttcn3-tc-26-7-2-2-1-44f7s,11,6
1782283150,tc-26-7-2-2-3,virtphy-669796d86c-dl9dt,7,1
1782283150,tc-26-7-4-1-11,msc-test-stub-5b875d749d-nf4fk,1,16
1782283150,tc-26-7-4-1-11,osmo-bsc-594654bd47-qlrkz,1,5
1782283150,tc-26-7-4-1-11,osmo-bts-virtual-5f8b9b86fc-ksxp2,30,5
1782283150,tc-26-7-4-1-11,osmo-hlr-546bdb8988-m7slh,1,2
1782283150,tc-26-7-4-1-11,osmo-mgw-8c8fc67d6-blwgc,1,2
1782283150,tc-26-7-4-1-11,osmo-mobile-57ffcc5b84-bcb6v,2,33
1782283150,tc-26-7-4-1-11,osmo-stp-768687f494-cdvls,1,2
1782283150,tc-26-7-4-1-11,ttcn3-tc-26-7-4-1-1-vfwzt,1,6
1782283150,tc-26-7-4-1-11,virtphy-689cb88f6c-lpfmk,7,1
1782283150,tc-26-7-5-3-12,msc-test-stub-5b875d749d-9xvl9,1,16
1782283150,tc-26-7-5-3-12,osmo-bsc-594654bd47-b8kpq,1,5
1782283150,tc-26-7-5-3-12,osmo-bts-virtual-5f8b9b86fc-wl7k2,25,5
1782283150,tc-26-7-5-3-12,osmo-hlr-546bdb8988-d6l2s,1,2
1782283150,tc-26-7-5-3-12,osmo-mgw-8c8fc67d6-xp48l,1,2
1782283150,tc-26-7-5-3-12,osmo-mobile-79c8f8bc4b-mc6jq,3,36
1782283150,tc-26-7-5-3-12,osmo-stp-768687f494-2nqzv,1,2
1782283150,tc-26-7-5-3-12,ttcn3-tc-26-7-5-3-1-p97pl,1,6
1782283150,tc-26-7-5-3-12,virtphy-56cc7fd87-gnrrq,6,1
1782283150,tc-26-7-5-6-5,msc-test-stub-5b875d749d-sq5zl,1,16
1782283150,tc-26-7-5-6-5,osmo-mgw-8c8fc67d6-t8q8x,1,2
1782283150,tc-26-7-5-6-5,osmo-mobile-6b9545c69c-t2mvr,2,33
1782283150,tc-26-8-1-3-3-1-7,msc-test-stub-5b875d749d-nh4pl,1,16
1782283150,tc-26-8-1-3-3-1-7,osmo-mgw-8c8fc67d6-82hsl,1,2
1782283150,tc-26-8-1-3-3-1-7,osmo-mobile-6bccfdc6b7-47qzz,2,33
1782283150,tc-26-8-1-3-4-6-6,msc-test-stub-5b875d749d-zd9kr,1,16
1782283150,tc-26-8-1-3-4-6-6,osmo-mgw-8c8fc67d6-qhtng,1,4
1782283150,tc-26-8-1-3-4-6-6,osmo-mobile-69b4658d4b-ph2md,2,60
1782283153,kube-system,coredns-c4dbffb5f-p9rsr,3,29
1782283153,kube-system,local-path-provisioner-5c4dc5d66d-nfqxz,1,15
1782283153,kube-system,metrics-server-786d997795-hcp2m,10,46
1782283153,kube-system,svclb-traefik-1100f998-kpm9h,0,0
1782283153,kube-system,traefik-9bcdbbd9-qtpjt,1,36
1782283153,tc-26-6-11-1-9,msc-test-stub-5b875d749d-mx9h8,1,16
1782283153,tc-26-6-11-1-9,osmo-bsc-594654bd47-22w8h,1,5
1782283153,tc-26-6-11-1-9,osmo-bts-virtual-5f8b9b86fc-98h4z,27,5
1782283153,tc-26-6-11-1-9,osmo-hlr-546bdb8988-mbk5k,1,2
1782283153,tc-26-6-11-1-9,osmo-mgw-8c8fc67d6-95rkp,1,2
1782283153,tc-26-6-11-1-9,osmo-mobile-654dfdc996-rvbm9,2,33
1782283153,tc-26-6-11-1-9,osmo-stp-768687f494-b2r4v,1,2
1782283153,tc-26-6-11-1-9,ttcn3-tc-26-6-11-1-1-vk89h,1,11
1782283153,tc-26-6-11-1-9,virtphy-7dc46555f-httmn,6,1
1782283153,tc-26-6-2-1-1-10,msc-test-stub-5b875d749d-sf5nr,1,16
1782283153,tc-26-6-2-1-1-10,osmo-bsc-594654bd47-lgm95,1,5
1782283153,tc-26-6-2-1-1-10,osmo-bts-virtual-5f8b9b86fc-lz8v5,24,5
1782283153,tc-26-6-2-1-1-10,osmo-hlr-546bdb8988-gjv5l,1,2
1782283153,tc-26-6-2-1-1-10,osmo-mgw-8c8fc67d6-t5sth,1,2
1782283153,tc-26-6-2-1-1-10,osmo-mobile-587bd5b846-btmbs,3,33
1782283153,tc-26-6-2-1-1-10,osmo-stp-768687f494-pq8rn,1,2
1782283153,tc-26-6-2-1-1-10,ttcn3-tc-26-6-2-1-1-1-lkbnz,1,8
1782283153,tc-26-6-2-1-1-10,virtphy-96dd7697f-dbfnf,7,1
1782283153,tc-26-6-2-4-8,msc-test-stub-5b875d749d-xvhpf,1,16
1782283153,tc-26-6-2-4-8,osmo-bsc-594654bd47-msv6c,1,5
1782283153,tc-26-6-2-4-8,osmo-bts-virtual-5f8b9b86fc-g8mvt,23,5
1782283153,tc-26-6-2-4-8,osmo-hlr-546bdb8988-8gkbl,1,2
1782283153,tc-26-6-2-4-8,osmo-mgw-8c8fc67d6-n8kkk,1,2
1782283153,tc-26-6-2-4-8,osmo-mobile-67b9dc6556-l7d2s,2,33
1782283153,tc-26-6-2-4-8,osmo-stp-768687f494-ncn4x,1,2
1782283153,tc-26-6-2-4-8,ttcn3-tc-26-6-2-4-1-f9g9d,1,6
1782283153,tc-26-6-2-4-8,virtphy-7f5dbd568c-wpbgd,6,1
1782283153,tc-26-7-2-1-4,msc-test-stub-5b875d749d-f4nnq,1,16
1782283153,tc-26-7-2-1-4,osmo-bsc-594654bd47-l6cj2,1,5
1782283153,tc-26-7-2-1-4,osmo-bts-virtual-5f8b9b86fc-kzkkp,23,5
1782283153,tc-26-7-2-1-4,osmo-hlr-546bdb8988-kllvn,1,2
1782283153,tc-26-7-2-1-4,osmo-mgw-8c8fc67d6-v4v28,1,2
1782283153,tc-26-7-2-1-4,osmo-mobile-64dcc87988-r4bxs,3,36
1782283153,tc-26-7-2-1-4,osmo-stp-768687f494-t9pm5,1,2
1782283153,tc-26-7-2-1-4,ttcn3-tc-26-7-2-1-1-swqhz,1,6
1782283153,tc-26-7-2-1-4,virtphy-6f8b6f6885-hg7cs,6,1
1782283153,tc-26-7-2-2-3,msc-test-stub-5b875d749d-2k5jx,1,16
1782283153,tc-26-7-2-2-3,osmo-bsc-594654bd47-bjbll,1,5
1782283153,tc-26-7-2-2-3,osmo-bts-virtual-5f8b9b86fc-dj9j7,24,5
1782283153,tc-26-7-2-2-3,osmo-hlr-546bdb8988-q5xcs,1,2
1782283153,tc-26-7-2-2-3,osmo-mgw-8c8fc67d6-w7mb7,1,2
1782283153,tc-26-7-2-2-3,osmo-mobile-65b5958d7b-nd7wr,2,36
1782283153,tc-26-7-2-2-3,osmo-stp-768687f494-x889n,1,2
1782283153,tc-26-7-2-2-3,ttcn3-tc-26-7-2-2-1-44f7s,1,6
1782283153,tc-26-7-2-2-3,virtphy-669796d86c-dl9dt,6,1
1782283153,tc-26-7-4-1-11,msc-test-stub-5b875d749d-nf4fk,1,16
1782283153,tc-26-7-4-1-11,osmo-bsc-594654bd47-qlrkz,1,5
1782283153,tc-26-7-4-1-11,osmo-bts-virtual-5f8b9b86fc-ksxp2,28,5
1782283153,tc-26-7-4-1-11,osmo-hlr-546bdb8988-m7slh,1,2
1782283153,tc-26-7-4-1-11,osmo-mgw-8c8fc67d6-blwgc,1,2
1782283153,tc-26-7-4-1-11,osmo-mobile-57ffcc5b84-bcb6v,2,33
1782283153,tc-26-7-4-1-11,osmo-stp-768687f494-cdvls,1,2
1782283153,tc-26-7-4-1-11,ttcn3-tc-26-7-4-1-1-vfwzt,1,6
1782283153,tc-26-7-4-1-11,virtphy-689cb88f6c-lpfmk,7,1
1782283153,tc-26-7-5-3-12,msc-test-stub-5b875d749d-9xvl9,1,16
1782283153,tc-26-7-5-3-12,osmo-bsc-594654bd47-b8kpq,1,5
1782283153,tc-26-7-5-3-12,osmo-bts-virtual-5f8b9b86fc-wl7k2,23,5
1782283153,tc-26-7-5-3-12,osmo-hlr-546bdb8988-d6l2s,1,2
1782283153,tc-26-7-5-3-12,osmo-mgw-8c8fc67d6-xp48l,1,2
1782283153,tc-26-7-5-3-12,osmo-mobile-79c8f8bc4b-mc6jq,3,36
1782283153,tc-26-7-5-3-12,osmo-stp-768687f494-2nqzv,1,2
1782283153,tc-26-7-5-3-12,ttcn3-tc-26-7-5-3-1-p97pl,1,6
1782283153,tc-26-7-5-3-12,virtphy-56cc7fd87-gnrrq,6,1
1782283153,tc-26-7-5-6-5,msc-test-stub-5b875d749d-sq5zl,1,16
1782283153,tc-26-7-5-6-5,osmo-mgw-8c8fc67d6-t8q8x,1,2
1782283153,tc-26-7-5-6-5,osmo-mobile-6b9545c69c-t2mvr,4,31
1782283153,tc-26-8-1-3-3-1-7,msc-test-stub-5b875d749d-nh4pl,1,16
1782283153,tc-26-8-1-3-3-1-7,osmo-mgw-8c8fc67d6-82hsl,1,2
1782283153,tc-26-8-1-3-3-1-7,osmo-mobile-6bccfdc6b7-47qzz,4,31
1782283153,tc-26-8-1-3-4-6-6,msc-test-stub-5b875d749d-zd9kr,1,16
1782283153,tc-26-8-1-3-4-6-6,osmo-mgw-8c8fc67d6-qhtng,1,4
1782283153,tc-26-8-1-3-4-6-6,osmo-mobile-69b4658d4b-ph2md,4,58
1782283156,kube-system,coredns-c4dbffb5f-p9rsr,3,29
1782283156,kube-system,local-path-provisioner-5c4dc5d66d-nfqxz,1,15
1782283156,kube-system,metrics-server-786d997795-hcp2m,10,46
1782283156,kube-system,svclb-traefik-1100f998-kpm9h,0,0
1782283156,kube-system,traefik-9bcdbbd9-qtpjt,1,36
1782283156,tc-26-6-11-1-9,msc-test-stub-5b875d749d-mx9h8,1,16
1782283156,tc-26-6-11-1-9,osmo-bsc-594654bd47-22w8h,1,5
1782283156,tc-26-6-11-1-9,osmo-bts-virtual-5f8b9b86fc-98h4z,27,5
1782283156,tc-26-6-11-1-9,osmo-hlr-546bdb8988-mbk5k,1,2
1782283156,tc-26-6-11-1-9,osmo-mgw-8c8fc67d6-95rkp,1,2
1782283156,tc-26-6-11-1-9,osmo-mobile-654dfdc996-rvbm9,2,33
1782283156,tc-26-6-11-1-9,osmo-stp-768687f494-b2r4v,1,2
1782283156,tc-26-6-11-1-9,ttcn3-tc-26-6-11-1-1-vk89h,1,11
1782283156,tc-26-6-11-1-9,virtphy-7dc46555f-httmn,6,1
1782283156,tc-26-6-2-1-1-10,msc-test-stub-5b875d749d-sf5nr,1,16
1782283156,tc-26-6-2-1-1-10,osmo-bsc-594654bd47-lgm95,1,5
1782283156,tc-26-6-2-1-1-10,osmo-bts-virtual-5f8b9b86fc-lz8v5,24,5
1782283156,tc-26-6-2-1-1-10,osmo-hlr-546bdb8988-gjv5l,1,2
1782283156,tc-26-6-2-1-1-10,osmo-mgw-8c8fc67d6-t5sth,1,2
1782283156,tc-26-6-2-1-1-10,osmo-mobile-587bd5b846-btmbs,3,33
1782283156,tc-26-6-2-1-1-10,osmo-stp-768687f494-pq8rn,1,2
1782283156,tc-26-6-2-1-1-10,ttcn3-tc-26-6-2-1-1-1-lkbnz,1,8
1782283156,tc-26-6-2-1-1-10,virtphy-96dd7697f-dbfnf,7,1
1782283156,tc-26-6-2-4-8,msc-test-stub-5b875d749d-xvhpf,1,16
1782283156,tc-26-6-2-4-8,osmo-bsc-594654bd47-msv6c,1,5
1782283156,tc-26-6-2-4-8,osmo-bts-virtual-5f8b9b86fc-g8mvt,23,5
1782283156,tc-26-6-2-4-8,osmo-hlr-546bdb8988-8gkbl,1,2
1782283156,tc-26-6-2-4-8,osmo-mgw-8c8fc67d6-n8kkk,1,2
1782283156,tc-26-6-2-4-8,osmo-mobile-67b9dc6556-l7d2s,2,33
1782283156,tc-26-6-2-4-8,osmo-stp-768687f494-ncn4x,1,2
1782283156,tc-26-6-2-4-8,ttcn3-tc-26-6-2-4-1-f9g9d,1,6
1782283156,tc-26-6-2-4-8,virtphy-7f5dbd568c-wpbgd,6,1
1782283156,tc-26-7-2-1-4,msc-test-stub-5b875d749d-f4nnq,1,16
1782283156,tc-26-7-2-1-4,osmo-bsc-594654bd47-l6cj2,1,5
1782283156,tc-26-7-2-1-4,osmo-bts-virtual-5f8b9b86fc-kzkkp,23,5
1782283156,tc-26-7-2-1-4,osmo-hlr-546bdb8988-kllvn,1,2
1782283156,tc-26-7-2-1-4,osmo-mgw-8c8fc67d6-v4v28,1,2
1782283156,tc-26-7-2-1-4,osmo-mobile-64dcc87988-r4bxs,3,36
1782283156,tc-26-7-2-1-4,osmo-stp-768687f494-t9pm5,1,2
1782283156,tc-26-7-2-1-4,ttcn3-tc-26-7-2-1-1-swqhz,1,6
1782283156,tc-26-7-2-1-4,virtphy-6f8b6f6885-hg7cs,6,1
1782283156,tc-26-7-2-2-3,msc-test-stub-5b875d749d-2k5jx,1,16
1782283156,tc-26-7-2-2-3,osmo-bsc-594654bd47-bjbll,1,5
1782283156,tc-26-7-2-2-3,osmo-bts-virtual-5f8b9b86fc-dj9j7,24,5
1782283156,tc-26-7-2-2-3,osmo-hlr-546bdb8988-q5xcs,1,2
1782283156,tc-26-7-2-2-3,osmo-mgw-8c8fc67d6-w7mb7,1,2
1782283156,tc-26-7-2-2-3,osmo-mobile-65b5958d7b-nd7wr,2,36
1782283156,tc-26-7-2-2-3,osmo-stp-768687f494-x889n,1,2
1782283156,tc-26-7-2-2-3,ttcn3-tc-26-7-2-2-1-44f7s,1,6
1782283156,tc-26-7-2-2-3,virtphy-669796d86c-dl9dt,6,1
1782283156,tc-26-7-4-1-11,msc-test-stub-5b875d749d-nf4fk,1,16
1782283156,tc-26-7-4-1-11,osmo-bsc-594654bd47-qlrkz,1,5
1782283156,tc-26-7-4-1-11,osmo-bts-virtual-5f8b9b86fc-ksxp2,28,5
1782283156,tc-26-7-4-1-11,osmo-hlr-546bdb8988-m7slh,1,2
1782283156,tc-26-7-4-1-11,osmo-mgw-8c8fc67d6-blwgc,1,2
1782283156,tc-26-7-4-1-11,osmo-mobile-57ffcc5b84-bcb6v,2,33
1782283156,tc-26-7-4-1-11,osmo-stp-768687f494-cdvls,1,2
1782283156,tc-26-7-4-1-11,ttcn3-tc-26-7-4-1-1-vfwzt,1,6
1782283156,tc-26-7-4-1-11,virtphy-689cb88f6c-lpfmk,7,1
1782283156,tc-26-7-5-3-12,msc-test-stub-5b875d749d-9xvl9,1,16
1782283156,tc-26-7-5-3-12,osmo-bsc-594654bd47-b8kpq,1,5
1782283156,tc-26-7-5-3-12,osmo-bts-virtual-5f8b9b86fc-wl7k2,23,5
1782283156,tc-26-7-5-3-12,osmo-hlr-546bdb8988-d6l2s,1,2
1782283156,tc-26-7-5-3-12,osmo-mgw-8c8fc67d6-xp48l,1,2
1782283156,tc-26-7-5-3-12,osmo-mobile-79c8f8bc4b-mc6jq,3,36
1782283156,tc-26-7-5-3-12,osmo-stp-768687f494-2nqzv,1,2
1782283156,tc-26-7-5-3-12,ttcn3-tc-26-7-5-3-1-p97pl,1,6
1782283156,tc-26-7-5-3-12,virtphy-56cc7fd87-gnrrq,6,1
1782283156,tc-26-7-5-6-5,msc-test-stub-5b875d749d-sq5zl,1,16
1782283156,tc-26-7-5-6-5,osmo-mgw-8c8fc67d6-t8q8x,1,2
1782283156,tc-26-7-5-6-5,osmo-mobile-6b9545c69c-t2mvr,4,31
1782283156,tc-26-8-1-3-3-1-7,msc-test-stub-5b875d749d-nh4pl,1,16
1782283156,tc-26-8-1-3-3-1-7,osmo-mgw-8c8fc67d6-82hsl,1,2
1782283156,tc-26-8-1-3-3-1-7,osmo-mobile-6bccfdc6b7-47qzz,4,31
1782283156,tc-26-8-1-3-4-6-6,msc-test-stub-5b875d749d-zd9kr,1,16
1782283156,tc-26-8-1-3-4-6-6,osmo-mgw-8c8fc67d6-qhtng,1,4
1782283156,tc-26-8-1-3-4-6-6,osmo-mobile-69b4658d4b-ph2md,4,58
1782283158,kube-system,coredns-c4dbffb5f-p9rsr,3,29
1782283158,kube-system,local-path-provisioner-5c4dc5d66d-nfqxz,1,15
1782283158,kube-system,metrics-server-786d997795-hcp2m,10,46
1782283158,kube-system,svclb-traefik-1100f998-kpm9h,0,0
1782283158,kube-system,traefik-9bcdbbd9-qtpjt,1,36
1782283158,tc-26-6-11-1-9,msc-test-stub-5b875d749d-mx9h8,1,16
1782283158,tc-26-6-11-1-9,osmo-bsc-594654bd47-22w8h,1,5
1782283158,tc-26-6-11-1-9,osmo-bts-virtual-5f8b9b86fc-98h4z,27,5
1782283158,tc-26-6-11-1-9,osmo-hlr-546bdb8988-mbk5k,1,2
1782283158,tc-26-6-11-1-9,osmo-mgw-8c8fc67d6-95rkp,1,2
1782283158,tc-26-6-11-1-9,osmo-mobile-654dfdc996-rvbm9,2,33
1782283158,tc-26-6-11-1-9,osmo-stp-768687f494-b2r4v,1,2
1782283158,tc-26-6-11-1-9,ttcn3-tc-26-6-11-1-1-vk89h,1,11
1782283158,tc-26-6-11-1-9,virtphy-7dc46555f-httmn,6,1
1782283158,tc-26-6-2-1-1-10,msc-test-stub-5b875d749d-sf5nr,1,16
1782283158,tc-26-6-2-1-1-10,osmo-bsc-594654bd47-lgm95,1,5
1782283158,tc-26-6-2-1-1-10,osmo-bts-virtual-5f8b9b86fc-lz8v5,24,5
1782283158,tc-26-6-2-1-1-10,osmo-hlr-546bdb8988-gjv5l,1,2
1782283158,tc-26-6-2-1-1-10,osmo-mgw-8c8fc67d6-t5sth,1,2
1782283158,tc-26-6-2-1-1-10,osmo-mobile-587bd5b846-btmbs,3,33
1782283158,tc-26-6-2-1-1-10,osmo-stp-768687f494-pq8rn,1,2
1782283158,tc-26-6-2-1-1-10,ttcn3-tc-26-6-2-1-1-1-lkbnz,1,8
1782283158,tc-26-6-2-1-1-10,virtphy-96dd7697f-dbfnf,7,1
1782283158,tc-26-6-2-4-8,msc-test-stub-5b875d749d-xvhpf,1,16
1782283158,tc-26-6-2-4-8,osmo-bsc-594654bd47-msv6c,1,5
1782283158,tc-26-6-2-4-8,osmo-bts-virtual-5f8b9b86fc-g8mvt,23,5
1782283158,tc-26-6-2-4-8,osmo-hlr-546bdb8988-8gkbl,1,2
1782283158,tc-26-6-2-4-8,osmo-mgw-8c8fc67d6-n8kkk,1,2
1782283158,tc-26-6-2-4-8,osmo-mobile-67b9dc6556-l7d2s,2,33
1782283158,tc-26-6-2-4-8,osmo-stp-768687f494-ncn4x,1,2
1782283158,tc-26-6-2-4-8,ttcn3-tc-26-6-2-4-1-f9g9d,1,6
1782283158,tc-26-6-2-4-8,virtphy-7f5dbd568c-wpbgd,6,1
1782283158,tc-26-7-2-1-4,msc-test-stub-5b875d749d-f4nnq,1,16
1782283158,tc-26-7-2-1-4,osmo-bsc-594654bd47-l6cj2,1,5
1782283158,tc-26-7-2-1-4,osmo-bts-virtual-5f8b9b86fc-kzkkp,23,5
1782283158,tc-26-7-2-1-4,osmo-hlr-546bdb8988-kllvn,1,2
1782283158,tc-26-7-2-1-4,osmo-mgw-8c8fc67d6-v4v28,1,2
1782283158,tc-26-7-2-1-4,osmo-mobile-64dcc87988-r4bxs,3,36
1782283158,tc-26-7-2-1-4,osmo-stp-768687f494-t9pm5,1,2
1782283158,tc-26-7-2-1-4,ttcn3-tc-26-7-2-1-1-swqhz,1,6
1782283158,tc-26-7-2-1-4,virtphy-6f8b6f6885-hg7cs,6,1
1782283158,tc-26-7-2-2-3,msc-test-stub-5b875d749d-2k5jx,1,16
1782283158,tc-26-7-2-2-3,osmo-bsc-594654bd47-bjbll,1,5
1782283158,tc-26-7-2-2-3,osmo-bts-virtual-5f8b9b86fc-dj9j7,24,5
1782283158,tc-26-7-2-2-3,osmo-hlr-546bdb8988-q5xcs,1,2
1782283158,tc-26-7-2-2-3,osmo-mgw-8c8fc67d6-w7mb7,1,2
1782283158,tc-26-7-2-2-3,osmo-mobile-65b5958d7b-nd7wr,2,36
1782283158,tc-26-7-2-2-3,osmo-stp-768687f494-x889n,1,2
1782283158,tc-26-7-2-2-3,ttcn3-tc-26-7-2-2-1-44f7s,1,6
1782283158,tc-26-7-2-2-3,virtphy-669796d86c-dl9dt,6,1
1782283158,tc-26-7-4-1-11,msc-test-stub-5b875d749d-nf4fk,1,16
1782283158,tc-26-7-4-1-11,osmo-bsc-594654bd47-qlrkz,1,5
1782283158,tc-26-7-4-1-11,osmo-bts-virtual-5f8b9b86fc-ksxp2,28,5
1782283158,tc-26-7-4-1-11,osmo-hlr-546bdb8988-m7slh,1,2
1782283158,tc-26-7-4-1-11,osmo-mgw-8c8fc67d6-blwgc,1,2
1782283158,tc-26-7-4-1-11,osmo-mobile-57ffcc5b84-bcb6v,2,33
1782283158,tc-26-7-4-1-11,osmo-stp-768687f494-cdvls,1,2
1782283158,tc-26-7-4-1-11,ttcn3-tc-26-7-4-1-1-vfwzt,1,6
1782283158,tc-26-7-4-1-11,virtphy-689cb88f6c-lpfmk,7,1
1782283158,tc-26-7-5-3-12,msc-test-stub-5b875d749d-9xvl9,1,16
1782283158,tc-26-7-5-3-12,osmo-bsc-594654bd47-b8kpq,1,5
1782283158,tc-26-7-5-3-12,osmo-bts-virtual-5f8b9b86fc-wl7k2,23,5
1782283158,tc-26-7-5-3-12,osmo-hlr-546bdb8988-d6l2s,1,2
1782283158,tc-26-7-5-3-12,osmo-mgw-8c8fc67d6-xp48l,1,2
1782283158,tc-26-7-5-3-12,osmo-mobile-79c8f8bc4b-mc6jq,3,36
1782283158,tc-26-7-5-3-12,osmo-stp-768687f494-2nqzv,1,2
1782283158,tc-26-7-5-3-12,ttcn3-tc-26-7-5-3-1-p97pl,1,6
1782283158,tc-26-7-5-3-12,virtphy-56cc7fd87-gnrrq,6,1
1782283158,tc-26-7-5-6-5,msc-test-stub-5b875d749d-sq5zl,1,16
1782283158,tc-26-7-5-6-5,osmo-mgw-8c8fc67d6-t8q8x,1,2
1782283158,tc-26-7-5-6-5,osmo-mobile-6b9545c69c-t2mvr,4,31
1782283158,tc-26-8-1-3-3-1-7,msc-test-stub-5b875d749d-nh4pl,1,16
1782283158,tc-26-8-1-3-3-1-7,osmo-mgw-8c8fc67d6-82hsl,1,2
1782283158,tc-26-8-1-3-3-1-7,osmo-mobile-6bccfdc6b7-47qzz,4,31
1782283158,tc-26-8-1-3-4-6-6,msc-test-stub-5b875d749d-zd9kr,1,16
1782283158,tc-26-8-1-3-4-6-6,osmo-mgw-8c8fc67d6-qhtng,1,4
1782283158,tc-26-8-1-3-4-6-6,osmo-mobile-69b4658d4b-ph2md,4,58
1782283161,kube-system,coredns-c4dbffb5f-p9rsr,3,29
1782283161,kube-system,local-path-provisioner-5c4dc5d66d-nfqxz,1,15
1782283161,kube-system,metrics-server-786d997795-hcp2m,10,46
1782283161,kube-system,svclb-traefik-1100f998-kpm9h,0,0
1782283161,kube-system,traefik-9bcdbbd9-qtpjt,1,36
1782283161,tc-26-6-11-1-9,msc-test-stub-5b875d749d-mx9h8,1,16
1782283161,tc-26-6-11-1-9,osmo-bsc-594654bd47-22w8h,1,5
1782283161,tc-26-6-11-1-9,osmo-bts-virtual-5f8b9b86fc-98h4z,27,5
1782283161,tc-26-6-11-1-9,osmo-hlr-546bdb8988-mbk5k,1,2
1782283161,tc-26-6-11-1-9,osmo-mgw-8c8fc67d6-95rkp,1,2
1782283161,tc-26-6-11-1-9,osmo-mobile-654dfdc996-rvbm9,2,33
1782283161,tc-26-6-11-1-9,osmo-stp-768687f494-b2r4v,1,2
1782283161,tc-26-6-11-1-9,ttcn3-tc-26-6-11-1-1-vk89h,1,11
1782283161,tc-26-6-11-1-9,virtphy-7dc46555f-httmn,6,1
1782283161,tc-26-6-2-1-1-10,msc-test-stub-5b875d749d-sf5nr,1,16
1782283161,tc-26-6-2-1-1-10,osmo-bsc-594654bd47-lgm95,1,5
1782283161,tc-26-6-2-1-1-10,osmo-bts-virtual-5f8b9b86fc-lz8v5,24,5
1782283161,tc-26-6-2-1-1-10,osmo-hlr-546bdb8988-gjv5l,1,2
1782283161,tc-26-6-2-1-1-10,osmo-mgw-8c8fc67d6-t5sth,1,2
1782283161,tc-26-6-2-1-1-10,osmo-mobile-587bd5b846-btmbs,3,33
1782283161,tc-26-6-2-1-1-10,osmo-stp-768687f494-pq8rn,1,2
1782283161,tc-26-6-2-1-1-10,ttcn3-tc-26-6-2-1-1-1-lkbnz,1,8
1782283161,tc-26-6-2-1-1-10,virtphy-96dd7697f-dbfnf,7,1
1782283161,tc-26-6-2-4-8,msc-test-stub-5b875d749d-xvhpf,1,16
1782283161,tc-26-6-2-4-8,osmo-bsc-594654bd47-msv6c,1,5
1782283161,tc-26-6-2-4-8,osmo-bts-virtual-5f8b9b86fc-g8mvt,23,5
1782283161,tc-26-6-2-4-8,osmo-hlr-546bdb8988-8gkbl,1,2
1782283161,tc-26-6-2-4-8,osmo-mgw-8c8fc67d6-n8kkk,1,2
1782283161,tc-26-6-2-4-8,osmo-mobile-67b9dc6556-l7d2s,2,33
1782283161,tc-26-6-2-4-8,osmo-stp-768687f494-ncn4x,1,2
1782283161,tc-26-6-2-4-8,ttcn3-tc-26-6-2-4-1-f9g9d,1,6
1782283161,tc-26-6-2-4-8,virtphy-7f5dbd568c-wpbgd,6,1
1782283161,tc-26-7-2-1-4,msc-test-stub-5b875d749d-f4nnq,1,16
1782283161,tc-26-7-2-1-4,osmo-bsc-594654bd47-l6cj2,1,5
1782283161,tc-26-7-2-1-4,osmo-bts-virtual-5f8b9b86fc-kzkkp,23,5
1782283161,tc-26-7-2-1-4,osmo-hlr-546bdb8988-kllvn,1,2
1782283161,tc-26-7-2-1-4,osmo-mgw-8c8fc67d6-v4v28,1,2
1782283161,tc-26-7-2-1-4,osmo-mobile-64dcc87988-r4bxs,3,36
1782283161,tc-26-7-2-1-4,osmo-stp-768687f494-t9pm5,1,2
1782283161,tc-26-7-2-1-4,ttcn3-tc-26-7-2-1-1-swqhz,1,6
1782283161,tc-26-7-2-1-4,virtphy-6f8b6f6885-hg7cs,6,1
1782283161,tc-26-7-2-2-3,msc-test-stub-5b875d749d-2k5jx,1,16
1782283161,tc-26-7-2-2-3,osmo-bsc-594654bd47-bjbll,1,5
1782283161,tc-26-7-2-2-3,osmo-bts-virtual-5f8b9b86fc-dj9j7,24,5
1782283161,tc-26-7-2-2-3,osmo-hlr-546bdb8988-q5xcs,1,2
1782283161,tc-26-7-2-2-3,osmo-mgw-8c8fc67d6-w7mb7,1,2
1782283161,tc-26-7-2-2-3,osmo-mobile-65b5958d7b-nd7wr,2,36
1782283161,tc-26-7-2-2-3,osmo-stp-768687f494-x889n,1,2
1782283161,tc-26-7-2-2-3,ttcn3-tc-26-7-2-2-1-44f7s,1,6
1782283161,tc-26-7-2-2-3,virtphy-669796d86c-dl9dt,6,1
1782283161,tc-26-7-4-1-11,msc-test-stub-5b875d749d-nf4fk,1,16
1782283161,tc-26-7-4-1-11,osmo-bsc-594654bd47-qlrkz,1,5
1782283161,tc-26-7-4-1-11,osmo-bts-virtual-5f8b9b86fc-ksxp2,28,5
1782283161,tc-26-7-4-1-11,osmo-hlr-546bdb8988-m7slh,1,2
1782283161,tc-26-7-4-1-11,osmo-mgw-8c8fc67d6-blwgc,1,2
1782283161,tc-26-7-4-1-11,osmo-mobile-57ffcc5b84-bcb6v,2,33
1782283161,tc-26-7-4-1-11,osmo-stp-768687f494-cdvls,1,2
1782283161,tc-26-7-4-1-11,ttcn3-tc-26-7-4-1-1-vfwzt,1,6
1782283161,tc-26-7-4-1-11,virtphy-689cb88f6c-lpfmk,7,1
1782283161,tc-26-7-5-3-12,msc-test-stub-5b875d749d-9xvl9,1,16
1782283161,tc-26-7-5-3-12,osmo-bsc-594654bd47-b8kpq,1,5
1782283161,tc-26-7-5-3-12,osmo-bts-virtual-5f8b9b86fc-wl7k2,23,5
1782283161,tc-26-7-5-3-12,osmo-hlr-546bdb8988-d6l2s,1,2
1782283161,tc-26-7-5-3-12,osmo-mgw-8c8fc67d6-xp48l,1,2
1782283161,tc-26-7-5-3-12,osmo-mobile-79c8f8bc4b-mc6jq,3,36
1782283161,tc-26-7-5-3-12,osmo-stp-768687f494-2nqzv,1,2
1782283161,tc-26-7-5-3-12,ttcn3-tc-26-7-5-3-1-p97pl,1,6
1782283161,tc-26-7-5-3-12,virtphy-56cc7fd87-gnrrq,6,1
1782283161,tc-26-7-5-6-5,msc-test-stub-5b875d749d-sq5zl,1,16
1782283161,tc-26-7-5-6-5,osmo-mgw-8c8fc67d6-t8q8x,1,2
1782283161,tc-26-7-5-6-5,osmo-mobile-6b9545c69c-t2mvr,4,31
1782283161,tc-26-8-1-3-3-1-7,msc-test-stub-5b875d749d-nh4pl,1,16
1782283161,tc-26-8-1-3-3-1-7,osmo-mgw-8c8fc67d6-82hsl,1,2
1782283161,tc-26-8-1-3-3-1-7,osmo-mobile-6bccfdc6b7-47qzz,4,31
1782283161,tc-26-8-1-3-4-6-6,msc-test-stub-5b875d749d-zd9kr,1,16
1782283161,tc-26-8-1-3-4-6-6,osmo-mgw-8c8fc67d6-qhtng,1,4
1782283161,tc-26-8-1-3-4-6-6,osmo-mobile-69b4658d4b-ph2md,4,58
1782283164,kube-system,coredns-c4dbffb5f-p9rsr,3,29
1782283164,kube-system,local-path-provisioner-5c4dc5d66d-nfqxz,1,15
1782283164,kube-system,metrics-server-786d997795-hcp2m,10,46
1782283164,kube-system,svclb-traefik-1100f998-kpm9h,0,0
1782283164,kube-system,traefik-9bcdbbd9-qtpjt,1,36
1782283164,tc-26-6-11-1-9,msc-test-stub-5b875d749d-mx9h8,1,16
1782283164,tc-26-6-11-1-9,osmo-bsc-594654bd47-22w8h,1,5
1782283164,tc-26-6-11-1-9,osmo-bts-virtual-5f8b9b86fc-98h4z,27,5
1782283164,tc-26-6-11-1-9,osmo-hlr-546bdb8988-mbk5k,1,2
1782283164,tc-26-6-11-1-9,osmo-mgw-8c8fc67d6-95rkp,1,2
1782283164,tc-26-6-11-1-9,osmo-mobile-654dfdc996-rvbm9,2,33
1782283164,tc-26-6-11-1-9,osmo-stp-768687f494-b2r4v,1,2
1782283164,tc-26-6-11-1-9,ttcn3-tc-26-6-11-1-1-vk89h,1,11
1782283164,tc-26-6-11-1-9,virtphy-7dc46555f-httmn,6,1
1782283164,tc-26-6-2-1-1-10,msc-test-stub-5b875d749d-sf5nr,1,16
1782283164,tc-26-6-2-1-1-10,osmo-bsc-594654bd47-lgm95,1,5
1782283164,tc-26-6-2-1-1-10,osmo-bts-virtual-5f8b9b86fc-lz8v5,24,5
1782283164,tc-26-6-2-1-1-10,osmo-hlr-546bdb8988-gjv5l,1,2
1782283164,tc-26-6-2-1-1-10,osmo-mgw-8c8fc67d6-t5sth,1,2
1782283164,tc-26-6-2-1-1-10,osmo-mobile-587bd5b846-btmbs,3,33
1782283164,tc-26-6-2-1-1-10,osmo-stp-768687f494-pq8rn,1,2
1782283164,tc-26-6-2-1-1-10,ttcn3-tc-26-6-2-1-1-1-lkbnz,1,8
1782283164,tc-26-6-2-1-1-10,virtphy-96dd7697f-dbfnf,7,1
1782283164,tc-26-6-2-4-8,msc-test-stub-5b875d749d-xvhpf,1,16
1782283164,tc-26-6-2-4-8,osmo-bsc-594654bd47-msv6c,1,5
1782283164,tc-26-6-2-4-8,osmo-bts-virtual-5f8b9b86fc-g8mvt,23,5
1782283164,tc-26-6-2-4-8,osmo-hlr-546bdb8988-8gkbl,1,2
1782283164,tc-26-6-2-4-8,osmo-mgw-8c8fc67d6-n8kkk,1,2
1782283164,tc-26-6-2-4-8,osmo-mobile-67b9dc6556-l7d2s,2,33
1782283164,tc-26-6-2-4-8,osmo-stp-768687f494-ncn4x,1,2
1782283164,tc-26-6-2-4-8,ttcn3-tc-26-6-2-4-1-f9g9d,1,6
1782283164,tc-26-6-2-4-8,virtphy-7f5dbd568c-wpbgd,6,1
1782283164,tc-26-7-2-1-4,msc-test-stub-5b875d749d-f4nnq,1,16
1782283164,tc-26-7-2-1-4,osmo-bsc-594654bd47-l6cj2,1,5
1782283164,tc-26-7-2-1-4,osmo-bts-virtual-5f8b9b86fc-kzkkp,23,5
1782283164,tc-26-7-2-1-4,osmo-hlr-546bdb8988-kllvn,1,2
1782283164,tc-26-7-2-1-4,osmo-mgw-8c8fc67d6-v4v28,1,2
1782283164,tc-26-7-2-1-4,osmo-mobile-64dcc87988-r4bxs,3,36
1782283164,tc-26-7-2-1-4,osmo-stp-768687f494-t9pm5,1,2
1782283164,tc-26-7-2-1-4,ttcn3-tc-26-7-2-1-1-swqhz,1,6
1782283164,tc-26-7-2-1-4,virtphy-6f8b6f6885-hg7cs,6,1
1782283164,tc-26-7-2-2-3,msc-test-stub-5b875d749d-2k5jx,1,16
1782283164,tc-26-7-2-2-3,osmo-bsc-594654bd47-bjbll,1,5
1782283164,tc-26-7-2-2-3,osmo-bts-virtual-5f8b9b86fc-dj9j7,24,5
1782283164,tc-26-7-2-2-3,osmo-hlr-546bdb8988-q5xcs,1,2
1782283164,tc-26-7-2-2-3,osmo-mgw-8c8fc67d6-w7mb7,1,2
1782283164,tc-26-7-2-2-3,osmo-mobile-65b5958d7b-nd7wr,2,36
1782283164,tc-26-7-2-2-3,osmo-stp-768687f494-x889n,1,2
1782283164,tc-26-7-2-2-3,ttcn3-tc-26-7-2-2-1-44f7s,1,6
1782283164,tc-26-7-2-2-3,virtphy-669796d86c-dl9dt,6,1
1782283164,tc-26-7-4-1-11,msc-test-stub-5b875d749d-nf4fk,1,16
1782283164,tc-26-7-4-1-11,osmo-bsc-594654bd47-qlrkz,1,5
1782283164,tc-26-7-4-1-11,osmo-bts-virtual-5f8b9b86fc-ksxp2,28,5
1782283164,tc-26-7-4-1-11,osmo-hlr-546bdb8988-m7slh,1,2
1782283164,tc-26-7-4-1-11,osmo-mgw-8c8fc67d6-blwgc,1,2
1782283164,tc-26-7-4-1-11,osmo-mobile-57ffcc5b84-bcb6v,2,33
1782283164,tc-26-7-4-1-11,osmo-stp-768687f494-cdvls,1,2
1782283164,tc-26-7-4-1-11,ttcn3-tc-26-7-4-1-1-vfwzt,1,6
1782283164,tc-26-7-4-1-11,virtphy-689cb88f6c-lpfmk,7,1
1782283164,tc-26-7-5-3-12,msc-test-stub-5b875d749d-9xvl9,1,16
1782283164,tc-26-7-5-3-12,osmo-bsc-594654bd47-b8kpq,1,5
1782283164,tc-26-7-5-3-12,osmo-bts-virtual-5f8b9b86fc-wl7k2,23,5
1782283164,tc-26-7-5-3-12,osmo-hlr-546bdb8988-d6l2s,1,2
1782283164,tc-26-7-5-3-12,osmo-mgw-8c8fc67d6-xp48l,1,2
1782283164,tc-26-7-5-3-12,osmo-mobile-79c8f8bc4b-mc6jq,3,36
1782283164,tc-26-7-5-3-12,osmo-stp-768687f494-2nqzv,1,2
1782283164,tc-26-7-5-3-12,ttcn3-tc-26-7-5-3-1-p97pl,1,6
1782283164,tc-26-7-5-3-12,virtphy-56cc7fd87-gnrrq,6,1
1782283164,tc-26-7-5-6-5,msc-test-stub-5b875d749d-sq5zl,1,16
1782283164,tc-26-7-5-6-5,osmo-mgw-8c8fc67d6-t8q8x,1,2
1782283164,tc-26-7-5-6-5,osmo-mobile-6b9545c69c-t2mvr,4,31
1782283164,tc-26-8-1-3-3-1-7,msc-test-stub-5b875d749d-nh4pl,1,16
1782283164,tc-26-8-1-3-3-1-7,osmo-mgw-8c8fc67d6-82hsl,1,2
1782283164,tc-26-8-1-3-3-1-7,osmo-mobile-6bccfdc6b7-47qzz,4,31
1782283164,tc-26-8-1-3-4-6-6,msc-test-stub-5b875d749d-zd9kr,1,16
1782283164,tc-26-8-1-3-4-6-6,osmo-mgw-8c8fc67d6-qhtng,1,4
1782283164,tc-26-8-1-3-4-6-6,osmo-mobile-69b4658d4b-ph2md,4,58
1782283167,kube-system,coredns-c4dbffb5f-p9rsr,3,29
1782283167,kube-system,local-path-provisioner-5c4dc5d66d-nfqxz,1,15
1782283167,kube-system,metrics-server-786d997795-hcp2m,10,46
1782283167,kube-system,svclb-traefik-1100f998-kpm9h,0,0
1782283167,kube-system,traefik-9bcdbbd9-qtpjt,1,36
1782283167,tc-26-6-11-1-9,msc-test-stub-5b875d749d-mx9h8,1,16
1782283167,tc-26-6-11-1-9,osmo-bsc-594654bd47-22w8h,1,5
1782283167,tc-26-6-11-1-9,osmo-bts-virtual-5f8b9b86fc-98h4z,27,5
1782283167,tc-26-6-11-1-9,osmo-hlr-546bdb8988-mbk5k,1,2
1782283167,tc-26-6-11-1-9,osmo-mgw-8c8fc67d6-95rkp,1,2
1782283167,tc-26-6-11-1-9,osmo-mobile-654dfdc996-rvbm9,2,33
1782283167,tc-26-6-11-1-9,osmo-stp-768687f494-b2r4v,1,2
1782283167,tc-26-6-11-1-9,ttcn3-tc-26-6-11-1-1-vk89h,1,11
1782283167,tc-26-6-11-1-9,virtphy-7dc46555f-httmn,6,1
1782283167,tc-26-6-2-1-1-10,msc-test-stub-5b875d749d-sf5nr,1,16
1782283167,tc-26-6-2-1-1-10,osmo-bsc-594654bd47-lgm95,1,5
1782283167,tc-26-6-2-1-1-10,osmo-bts-virtual-5f8b9b86fc-lz8v5,24,5
1782283167,tc-26-6-2-1-1-10,osmo-hlr-546bdb8988-gjv5l,1,2
1782283167,tc-26-6-2-1-1-10,osmo-mgw-8c8fc67d6-t5sth,1,2
1782283167,tc-26-6-2-1-1-10,osmo-mobile-587bd5b846-btmbs,3,33
1782283167,tc-26-6-2-1-1-10,osmo-stp-768687f494-pq8rn,1,2
1782283167,tc-26-6-2-1-1-10,ttcn3-tc-26-6-2-1-1-1-lkbnz,1,8
1782283167,tc-26-6-2-1-1-10,virtphy-96dd7697f-dbfnf,7,1
1782283167,tc-26-6-2-4-8,msc-test-stub-5b875d749d-xvhpf,1,16
1782283167,tc-26-6-2-4-8,osmo-bsc-594654bd47-msv6c,1,5
1782283167,tc-26-6-2-4-8,osmo-bts-virtual-5f8b9b86fc-g8mvt,23,5
1782283167,tc-26-6-2-4-8,osmo-hlr-546bdb8988-8gkbl,1,2
1782283167,tc-26-6-2-4-8,osmo-mgw-8c8fc67d6-n8kkk,1,2
1782283167,tc-26-6-2-4-8,osmo-mobile-67b9dc6556-l7d2s,2,33
1782283167,tc-26-6-2-4-8,osmo-stp-768687f494-ncn4x,1,2
1782283167,tc-26-6-2-4-8,ttcn3-tc-26-6-2-4-1-f9g9d,1,6
1782283167,tc-26-6-2-4-8,virtphy-7f5dbd568c-wpbgd,6,1
1782283167,tc-26-7-2-1-4,msc-test-stub-5b875d749d-f4nnq,1,16
1782283167,tc-26-7-2-1-4,osmo-bsc-594654bd47-l6cj2,1,5
1782283167,tc-26-7-2-1-4,osmo-bts-virtual-5f8b9b86fc-kzkkp,23,5
1782283167,tc-26-7-2-1-4,osmo-hlr-546bdb8988-kllvn,1,2
1782283167,tc-26-7-2-1-4,osmo-mgw-8c8fc67d6-v4v28,1,2
1782283167,tc-26-7-2-1-4,osmo-mobile-64dcc87988-r4bxs,3,36
1782283167,tc-26-7-2-1-4,osmo-stp-768687f494-t9pm5,1,2
1782283167,tc-26-7-2-1-4,ttcn3-tc-26-7-2-1-1-swqhz,1,6
1782283167,tc-26-7-2-1-4,virtphy-6f8b6f6885-hg7cs,6,1
1782283167,tc-26-7-2-2-3,msc-test-stub-5b875d749d-2k5jx,1,16
1782283167,tc-26-7-2-2-3,osmo-bsc-594654bd47-bjbll,1,5
1782283167,tc-26-7-2-2-3,osmo-bts-virtual-5f8b9b86fc-dj9j7,24,5
1782283167,tc-26-7-2-2-3,osmo-hlr-546bdb8988-q5xcs,1,2
1782283167,tc-26-7-2-2-3,osmo-mgw-8c8fc67d6-w7mb7,1,2
1782283167,tc-26-7-2-2-3,osmo-mobile-65b5958d7b-nd7wr,2,36
1782283167,tc-26-7-2-2-3,osmo-stp-768687f494-x889n,1,2
1782283167,tc-26-7-2-2-3,ttcn3-tc-26-7-2-2-1-44f7s,1,6
1782283167,tc-26-7-2-2-3,virtphy-669796d86c-dl9dt,6,1
1782283167,tc-26-7-4-1-11,msc-test-stub-5b875d749d-nf4fk,1,16
1782283167,tc-26-7-4-1-11,osmo-bsc-594654bd47-qlrkz,1,5
1782283167,tc-26-7-4-1-11,osmo-bts-virtual-5f8b9b86fc-ksxp2,28,5
1782283167,tc-26-7-4-1-11,osmo-hlr-546bdb8988-m7slh,1,2
1782283167,tc-26-7-4-1-11,osmo-mgw-8c8fc67d6-blwgc,1,2
1782283167,tc-26-7-4-1-11,osmo-mobile-57ffcc5b84-bcb6v,2,33
1782283167,tc-26-7-4-1-11,osmo-stp-768687f494-cdvls,1,2
1782283167,tc-26-7-4-1-11,ttcn3-tc-26-7-4-1-1-vfwzt,1,6
1782283167,tc-26-7-4-1-11,virtphy-689cb88f6c-lpfmk,7,1
1782283167,tc-26-7-5-3-12,msc-test-stub-5b875d749d-9xvl9,1,16
1782283167,tc-26-7-5-3-12,osmo-bsc-594654bd47-b8kpq,1,5
1782283167,tc-26-7-5-3-12,osmo-bts-virtual-5f8b9b86fc-wl7k2,23,5
1782283167,tc-26-7-5-3-12,osmo-hlr-546bdb8988-d6l2s,1,2
1782283167,tc-26-7-5-3-12,osmo-mgw-8c8fc67d6-xp48l,1,2
1782283167,tc-26-7-5-3-12,osmo-mobile-79c8f8bc4b-mc6jq,3,36
1782283167,tc-26-7-5-3-12,osmo-stp-768687f494-2nqzv,1,2
1782283167,tc-26-7-5-3-12,ttcn3-tc-26-7-5-3-1-p97pl,1,6
1782283167,tc-26-7-5-3-12,virtphy-56cc7fd87-gnrrq,6,1
1782283167,tc-26-7-5-6-5,msc-test-stub-5b875d749d-sq5zl,1,16
1782283167,tc-26-7-5-6-5,osmo-mgw-8c8fc67d6-t8q8x,1,2
1782283167,tc-26-7-5-6-5,osmo-mobile-6b9545c69c-t2mvr,4,31
1782283167,tc-26-8-1-3-3-1-7,msc-test-stub-5b875d749d-nh4pl,1,16
1782283167,tc-26-8-1-3-3-1-7,osmo-mgw-8c8fc67d6-82hsl,1,2
1782283167,tc-26-8-1-3-3-1-7,osmo-mobile-6bccfdc6b7-47qzz,4,31
1782283169,kube-system,coredns-c4dbffb5f-p9rsr,3,29
1782283169,kube-system,local-path-provisioner-5c4dc5d66d-nfqxz,1,15
1782283169,kube-system,metrics-server-786d997795-hcp2m,10,46
1782283169,kube-system,svclb-traefik-1100f998-kpm9h,0,0
1782283169,kube-system,traefik-9bcdbbd9-qtpjt,1,36
1782283169,tc-26-6-11-1-9,msc-test-stub-5b875d749d-mx9h8,1,16
1782283169,tc-26-6-11-1-9,osmo-bsc-594654bd47-22w8h,1,5
1782283169,tc-26-6-11-1-9,osmo-bts-virtual-5f8b9b86fc-98h4z,26,5
1782283169,tc-26-6-11-1-9,osmo-hlr-546bdb8988-mbk5k,1,2
1782283169,tc-26-6-11-1-9,osmo-mgw-8c8fc67d6-95rkp,1,2
1782283169,tc-26-6-11-1-9,osmo-mobile-654dfdc996-rvbm9,2,33
1782283169,tc-26-6-11-1-9,osmo-stp-768687f494-b2r4v,1,2
1782283169,tc-26-6-11-1-9,ttcn3-tc-26-6-11-1-1-vk89h,1,11
1782283169,tc-26-6-11-1-9,virtphy-7dc46555f-httmn,6,1
1782283169,tc-26-6-2-1-1-10,msc-test-stub-5b875d749d-sf5nr,1,16
1782283169,tc-26-6-2-1-1-10,osmo-bsc-594654bd47-lgm95,1,5
1782283169,tc-26-6-2-1-1-10,osmo-bts-virtual-5f8b9b86fc-lz8v5,25,5
1782283169,tc-26-6-2-1-1-10,osmo-hlr-546bdb8988-gjv5l,1,2
1782283169,tc-26-6-2-1-1-10,osmo-mgw-8c8fc67d6-t5sth,1,2
1782283169,tc-26-6-2-1-1-10,osmo-mobile-587bd5b846-btmbs,3,33
1782283169,tc-26-6-2-1-1-10,osmo-stp-768687f494-pq8rn,1,2
1782283169,tc-26-6-2-1-1-10,ttcn3-tc-26-6-2-1-1-1-lkbnz,1,8
1782283169,tc-26-6-2-1-1-10,virtphy-96dd7697f-dbfnf,8,1
1782283169,tc-26-6-2-4-8,msc-test-stub-5b875d749d-xvhpf,1,16
1782283169,tc-26-6-2-4-8,osmo-bsc-594654bd47-msv6c,1,5
1782283169,tc-26-6-2-4-8,osmo-bts-virtual-5f8b9b86fc-g8mvt,24,5
1782283169,tc-26-6-2-4-8,osmo-hlr-546bdb8988-8gkbl,1,2
1782283169,tc-26-6-2-4-8,osmo-mgw-8c8fc67d6-n8kkk,1,2
1782283169,tc-26-6-2-4-8,osmo-mobile-67b9dc6556-l7d2s,2,33
1782283169,tc-26-6-2-4-8,osmo-stp-768687f494-ncn4x,1,2
1782283169,tc-26-6-2-4-8,ttcn3-tc-26-6-2-4-1-f9g9d,1,6
1782283169,tc-26-6-2-4-8,virtphy-7f5dbd568c-wpbgd,6,1
1782283169,tc-26-7-2-1-4,msc-test-stub-5b875d749d-f4nnq,1,16
1782283169,tc-26-7-2-1-4,osmo-bsc-594654bd47-l6cj2,1,5
1782283169,tc-26-7-2-1-4,osmo-bts-virtual-5f8b9b86fc-kzkkp,25,5
1782283169,tc-26-7-2-1-4,osmo-hlr-546bdb8988-kllvn,1,2
1782283169,tc-26-7-2-1-4,osmo-mgw-8c8fc67d6-v4v28,1,2
1782283169,tc-26-7-2-1-4,osmo-mobile-64dcc87988-r4bxs,3,36
1782283169,tc-26-7-2-1-4,osmo-stp-768687f494-t9pm5,1,2
1782283169,tc-26-7-2-1-4,ttcn3-tc-26-7-2-1-1-swqhz,1,6
1782283169,tc-26-7-2-1-4,virtphy-6f8b6f6885-hg7cs,6,1
1782283169,tc-26-7-2-2-3,msc-test-stub-5b875d749d-2k5jx,1,16
1782283169,tc-26-7-2-2-3,osmo-bsc-594654bd47-bjbll,1,5
1782283169,tc-26-7-2-2-3,osmo-bts-virtual-5f8b9b86fc-dj9j7,25,5
1782283169,tc-26-7-2-2-3,osmo-hlr-546bdb8988-q5xcs,1,2
1782283169,tc-26-7-2-2-3,osmo-mgw-8c8fc67d6-w7mb7,1,2
1782283169,tc-26-7-2-2-3,osmo-mobile-65b5958d7b-nd7wr,2,36
1782283169,tc-26-7-2-2-3,osmo-stp-768687f494-x889n,1,2
1782283169,tc-26-7-2-2-3,ttcn3-tc-26-7-2-2-1-44f7s,1,6
1782283169,tc-26-7-2-2-3,virtphy-669796d86c-dl9dt,6,1
1782283169,tc-26-7-4-1-11,msc-test-stub-5b875d749d-nf4fk,1,16
1782283169,tc-26-7-4-1-11,osmo-bsc-594654bd47-qlrkz,1,5
1782283169,tc-26-7-4-1-11,osmo-bts-virtual-5f8b9b86fc-ksxp2,27,7
1782283169,tc-26-7-4-1-11,osmo-hlr-546bdb8988-m7slh,1,2
1782283169,tc-26-7-4-1-11,osmo-mgw-8c8fc67d6-blwgc,1,2
1782283169,tc-26-7-4-1-11,osmo-mobile-57ffcc5b84-bcb6v,2,33
1782283169,tc-26-7-4-1-11,osmo-stp-768687f494-cdvls,1,2
1782283169,tc-26-7-4-1-11,ttcn3-tc-26-7-4-1-1-vfwzt,1,6
1782283169,tc-26-7-4-1-11,virtphy-689cb88f6c-lpfmk,7,1
1782283169,tc-26-7-5-3-12,msc-test-stub-5b875d749d-9xvl9,1,16
1782283169,tc-26-7-5-3-12,osmo-bsc-594654bd47-b8kpq,1,5
1782283169,tc-26-7-5-3-12,osmo-bts-virtual-5f8b9b86fc-wl7k2,23,5
1782283169,tc-26-7-5-3-12,osmo-hlr-546bdb8988-d6l2s,1,2
1782283169,tc-26-7-5-3-12,osmo-mgw-8c8fc67d6-xp48l,1,2
1782283169,tc-26-7-5-3-12,osmo-mobile-79c8f8bc4b-mc6jq,3,36
1782283169,tc-26-7-5-3-12,osmo-stp-768687f494-2nqzv,1,2
1782283169,tc-26-7-5-3-12,ttcn3-tc-26-7-5-3-1-p97pl,1,6
1782283169,tc-26-7-5-3-12,virtphy-56cc7fd87-gnrrq,6,1
1782283169,tc-26-7-5-6-5,msc-test-stub-5b875d749d-sq5zl,1,16
1782283169,tc-26-7-5-6-5,osmo-mgw-8c8fc67d6-t8q8x,1,2
1782283169,tc-26-7-5-6-5,osmo-mobile-6b9545c69c-t2mvr,5,31
1782283172,kube-system,coredns-c4dbffb5f-p9rsr,3,29
1782283172,kube-system,local-path-provisioner-5c4dc5d66d-nfqxz,1,15
1782283172,kube-system,metrics-server-786d997795-hcp2m,10,46
1782283172,kube-system,svclb-traefik-1100f998-kpm9h,0,0
1782283172,kube-system,traefik-9bcdbbd9-qtpjt,1,36
1782283172,tc-26-6-11-1-9,msc-test-stub-5b875d749d-mx9h8,1,16
1782283172,tc-26-6-11-1-9,osmo-bsc-594654bd47-22w8h,1,5
1782283172,tc-26-6-11-1-9,osmo-bts-virtual-5f8b9b86fc-98h4z,26,5
1782283172,tc-26-6-11-1-9,osmo-hlr-546bdb8988-mbk5k,1,2
1782283172,tc-26-6-11-1-9,osmo-mgw-8c8fc67d6-95rkp,1,2
1782283172,tc-26-6-11-1-9,osmo-mobile-654dfdc996-rvbm9,2,33
1782283172,tc-26-6-11-1-9,osmo-stp-768687f494-b2r4v,1,2
1782283172,tc-26-6-11-1-9,ttcn3-tc-26-6-11-1-1-vk89h,1,11
1782283172,tc-26-6-11-1-9,virtphy-7dc46555f-httmn,6,1
1782283172,tc-26-6-2-1-1-10,msc-test-stub-5b875d749d-sf5nr,1,16
1782283172,tc-26-6-2-1-1-10,osmo-bsc-594654bd47-lgm95,1,5
1782283172,tc-26-6-2-1-1-10,osmo-bts-virtual-5f8b9b86fc-lz8v5,25,5
1782283172,tc-26-6-2-1-1-10,osmo-hlr-546bdb8988-gjv5l,1,2
1782283172,tc-26-6-2-1-1-10,osmo-mgw-8c8fc67d6-t5sth,1,2
1782283172,tc-26-6-2-1-1-10,osmo-mobile-587bd5b846-btmbs,3,33
1782283172,tc-26-6-2-1-1-10,osmo-stp-768687f494-pq8rn,1,2
1782283172,tc-26-6-2-1-1-10,ttcn3-tc-26-6-2-1-1-1-lkbnz,1,8
1782283172,tc-26-6-2-1-1-10,virtphy-96dd7697f-dbfnf,8,1
1782283172,tc-26-6-2-4-8,msc-test-stub-5b875d749d-xvhpf,1,16
1782283172,tc-26-6-2-4-8,osmo-bsc-594654bd47-msv6c,1,5
1782283172,tc-26-6-2-4-8,osmo-bts-virtual-5f8b9b86fc-g8mvt,24,5
1782283172,tc-26-6-2-4-8,osmo-hlr-546bdb8988-8gkbl,1,2
1782283172,tc-26-6-2-4-8,osmo-mgw-8c8fc67d6-n8kkk,1,2
1782283172,tc-26-6-2-4-8,osmo-mobile-67b9dc6556-l7d2s,2,33
1782283172,tc-26-6-2-4-8,osmo-stp-768687f494-ncn4x,1,2
1782283172,tc-26-6-2-4-8,ttcn3-tc-26-6-2-4-1-f9g9d,1,6
1782283172,tc-26-6-2-4-8,virtphy-7f5dbd568c-wpbgd,6,1
1782283172,tc-26-7-2-1-4,msc-test-stub-5b875d749d-f4nnq,1,16
1782283172,tc-26-7-2-1-4,osmo-bsc-594654bd47-l6cj2,1,5
1782283172,tc-26-7-2-1-4,osmo-bts-virtual-5f8b9b86fc-kzkkp,25,5
1782283172,tc-26-7-2-1-4,osmo-hlr-546bdb8988-kllvn,1,2
1782283172,tc-26-7-2-1-4,osmo-mgw-8c8fc67d6-v4v28,1,2
1782283172,tc-26-7-2-1-4,osmo-mobile-64dcc87988-r4bxs,3,36
1782283172,tc-26-7-2-1-4,osmo-stp-768687f494-t9pm5,1,2
1782283172,tc-26-7-2-1-4,ttcn3-tc-26-7-2-1-1-swqhz,1,6
1782283172,tc-26-7-2-1-4,virtphy-6f8b6f6885-hg7cs,6,1
1782283172,tc-26-7-2-2-3,msc-test-stub-5b875d749d-2k5jx,1,16
1782283172,tc-26-7-2-2-3,osmo-bsc-594654bd47-bjbll,1,5
1782283172,tc-26-7-2-2-3,osmo-bts-virtual-5f8b9b86fc-dj9j7,25,5
1782283172,tc-26-7-2-2-3,osmo-hlr-546bdb8988-q5xcs,1,2
1782283172,tc-26-7-2-2-3,osmo-mgw-8c8fc67d6-w7mb7,1,2
1782283172,tc-26-7-2-2-3,osmo-mobile-65b5958d7b-nd7wr,2,36
1782283172,tc-26-7-2-2-3,osmo-stp-768687f494-x889n,1,2
1782283172,tc-26-7-2-2-3,ttcn3-tc-26-7-2-2-1-44f7s,1,6
1782283172,tc-26-7-2-2-3,virtphy-669796d86c-dl9dt,6,1
1782283172,tc-26-7-4-1-11,msc-test-stub-5b875d749d-nf4fk,1,16
1782283172,tc-26-7-4-1-11,osmo-bsc-594654bd47-qlrkz,1,5
1782283172,tc-26-7-4-1-11,osmo-bts-virtual-5f8b9b86fc-ksxp2,27,7
1782283172,tc-26-7-4-1-11,osmo-hlr-546bdb8988-m7slh,1,2
1782283172,tc-26-7-4-1-11,osmo-mgw-8c8fc67d6-blwgc,1,2
1782283172,tc-26-7-4-1-11,osmo-mobile-57ffcc5b84-bcb6v,2,33
1782283172,tc-26-7-4-1-11,osmo-stp-768687f494-cdvls,1,2
1782283172,tc-26-7-4-1-11,ttcn3-tc-26-7-4-1-1-vfwzt,1,6
1782283172,tc-26-7-4-1-11,virtphy-689cb88f6c-lpfmk,7,1
1782283172,tc-26-7-5-3-12,msc-test-stub-5b875d749d-9xvl9,1,16
1782283172,tc-26-7-5-3-12,osmo-bsc-594654bd47-b8kpq,1,5
1782283172,tc-26-7-5-3-12,osmo-bts-virtual-5f8b9b86fc-wl7k2,23,5
1782283172,tc-26-7-5-3-12,osmo-hlr-546bdb8988-d6l2s,1,2
1782283172,tc-26-7-5-3-12,osmo-mgw-8c8fc67d6-xp48l,1,2
1782283172,tc-26-7-5-3-12,osmo-mobile-79c8f8bc4b-mc6jq,3,36
1782283172,tc-26-7-5-3-12,osmo-stp-768687f494-2nqzv,1,2
1782283172,tc-26-7-5-3-12,ttcn3-tc-26-7-5-3-1-p97pl,1,6
1782283172,tc-26-7-5-3-12,virtphy-56cc7fd87-gnrrq,6,1
1782283176,kube-system,coredns-c4dbffb5f-p9rsr,3,29
1782283176,kube-system,local-path-provisioner-5c4dc5d66d-nfqxz,1,15
1782283176,kube-system,metrics-server-786d997795-hcp2m,10,46
1782283176,kube-system,svclb-traefik-1100f998-kpm9h,0,0
1782283176,kube-system,traefik-9bcdbbd9-qtpjt,1,36
1782283176,tc-26-6-11-1-9,msc-test-stub-5b875d749d-mx9h8,1,16
1782283176,tc-26-6-11-1-9,osmo-bsc-594654bd47-22w8h,1,5
1782283176,tc-26-6-11-1-9,osmo-bts-virtual-5f8b9b86fc-98h4z,26,5
1782283176,tc-26-6-11-1-9,osmo-hlr-546bdb8988-mbk5k,1,2
1782283176,tc-26-6-11-1-9,osmo-mgw-8c8fc67d6-95rkp,1,2
1782283176,tc-26-6-11-1-9,osmo-mobile-654dfdc996-rvbm9,2,33
1782283176,tc-26-6-11-1-9,osmo-stp-768687f494-b2r4v,1,2
1782283176,tc-26-6-11-1-9,ttcn3-tc-26-6-11-1-1-vk89h,1,11
1782283176,tc-26-6-11-1-9,virtphy-7dc46555f-httmn,6,1
1782283176,tc-26-6-2-1-1-10,msc-test-stub-5b875d749d-sf5nr,1,16
1782283176,tc-26-6-2-1-1-10,osmo-bsc-594654bd47-lgm95,1,5
1782283176,tc-26-6-2-1-1-10,osmo-bts-virtual-5f8b9b86fc-lz8v5,25,5
1782283176,tc-26-6-2-1-1-10,osmo-hlr-546bdb8988-gjv5l,1,2
1782283176,tc-26-6-2-1-1-10,osmo-mgw-8c8fc67d6-t5sth,1,2
1782283176,tc-26-6-2-1-1-10,osmo-mobile-587bd5b846-btmbs,3,33
1782283176,tc-26-6-2-1-1-10,osmo-stp-768687f494-pq8rn,1,2
1782283176,tc-26-6-2-1-1-10,ttcn3-tc-26-6-2-1-1-1-lkbnz,1,8
1782283176,tc-26-6-2-1-1-10,virtphy-96dd7697f-dbfnf,8,1
1782283176,tc-26-6-2-4-8,msc-test-stub-5b875d749d-xvhpf,1,16
1782283176,tc-26-6-2-4-8,osmo-bsc-594654bd47-msv6c,1,5
1782283176,tc-26-6-2-4-8,osmo-bts-virtual-5f8b9b86fc-g8mvt,24,5
1782283176,tc-26-6-2-4-8,osmo-hlr-546bdb8988-8gkbl,1,2
1782283176,tc-26-6-2-4-8,osmo-mgw-8c8fc67d6-n8kkk,1,2
1782283176,tc-26-6-2-4-8,osmo-mobile-67b9dc6556-l7d2s,2,33
1782283176,tc-26-6-2-4-8,osmo-stp-768687f494-ncn4x,1,2
1782283176,tc-26-6-2-4-8,ttcn3-tc-26-6-2-4-1-f9g9d,1,6
1782283176,tc-26-6-2-4-8,virtphy-7f5dbd568c-wpbgd,6,1
1782283176,tc-26-7-2-1-4,msc-test-stub-5b875d749d-f4nnq,1,16
1782283176,tc-26-7-2-1-4,osmo-bsc-594654bd47-l6cj2,1,5
1782283176,tc-26-7-2-1-4,osmo-bts-virtual-5f8b9b86fc-kzkkp,25,5
1782283176,tc-26-7-2-1-4,osmo-hlr-546bdb8988-kllvn,1,2
1782283176,tc-26-7-2-1-4,osmo-mgw-8c8fc67d6-v4v28,1,2
1782283176,tc-26-7-2-1-4,osmo-mobile-64dcc87988-r4bxs,3,36
1782283176,tc-26-7-2-1-4,osmo-stp-768687f494-t9pm5,1,2
1782283176,tc-26-7-2-1-4,ttcn3-tc-26-7-2-1-1-swqhz,1,6
1782283176,tc-26-7-2-1-4,virtphy-6f8b6f6885-hg7cs,6,1
1782283176,tc-26-7-2-2-3,msc-test-stub-5b875d749d-2k5jx,1,16
1782283176,tc-26-7-2-2-3,osmo-bsc-594654bd47-bjbll,1,5
1782283176,tc-26-7-2-2-3,osmo-bts-virtual-5f8b9b86fc-dj9j7,25,5
1782283176,tc-26-7-2-2-3,osmo-hlr-546bdb8988-q5xcs,1,2
1782283176,tc-26-7-2-2-3,osmo-mgw-8c8fc67d6-w7mb7,1,2
1782283176,tc-26-7-2-2-3,osmo-mobile-65b5958d7b-nd7wr,2,36
1782283176,tc-26-7-2-2-3,osmo-stp-768687f494-x889n,1,2
1782283176,tc-26-7-2-2-3,ttcn3-tc-26-7-2-2-1-44f7s,1,6
1782283176,tc-26-7-2-2-3,virtphy-669796d86c-dl9dt,6,1
1782283176,tc-26-7-4-1-11,msc-test-stub-5b875d749d-nf4fk,1,16
1782283176,tc-26-7-4-1-11,osmo-bsc-594654bd47-qlrkz,1,5
1782283176,tc-26-7-4-1-11,osmo-bts-virtual-5f8b9b86fc-ksxp2,27,7
1782283176,tc-26-7-4-1-11,osmo-hlr-546bdb8988-m7slh,1,2
1782283176,tc-26-7-4-1-11,osmo-mgw-8c8fc67d6-blwgc,1,2
1782283176,tc-26-7-4-1-11,osmo-mobile-57ffcc5b84-bcb6v,2,33
1782283176,tc-26-7-4-1-11,osmo-stp-768687f494-cdvls,1,2
1782283176,tc-26-7-4-1-11,ttcn3-tc-26-7-4-1-1-vfwzt,1,6
1782283176,tc-26-7-4-1-11,virtphy-689cb88f6c-lpfmk,7,1
1782283176,tc-26-7-5-3-12,msc-test-stub-5b875d749d-9xvl9,1,16
1782283176,tc-26-7-5-3-12,osmo-bsc-594654bd47-b8kpq,1,5
1782283176,tc-26-7-5-3-12,osmo-bts-virtual-5f8b9b86fc-wl7k2,23,5
1782283176,tc-26-7-5-3-12,osmo-hlr-546bdb8988-d6l2s,1,2
1782283176,tc-26-7-5-3-12,osmo-mgw-8c8fc67d6-xp48l,1,2
1782283176,tc-26-7-5-3-12,osmo-mobile-79c8f8bc4b-mc6jq,3,36
1782283176,tc-26-7-5-3-12,osmo-stp-768687f494-2nqzv,1,2
1782283176,tc-26-7-5-3-12,ttcn3-tc-26-7-5-3-1-p97pl,1,6
1782283176,tc-26-7-5-3-12,virtphy-56cc7fd87-gnrrq,6,1
1782283179,kube-system,coredns-c4dbffb5f-p9rsr,3,29
1782283179,kube-system,local-path-provisioner-5c4dc5d66d-nfqxz,1,15
1782283179,kube-system,metrics-server-786d997795-hcp2m,10,46
1782283179,kube-system,svclb-traefik-1100f998-kpm9h,0,0
1782283179,kube-system,traefik-9bcdbbd9-qtpjt,1,36
1782283179,tc-26-6-11-1-9,msc-test-stub-5b875d749d-mx9h8,1,16
1782283179,tc-26-6-11-1-9,osmo-bsc-594654bd47-22w8h,1,5
1782283179,tc-26-6-11-1-9,osmo-bts-virtual-5f8b9b86fc-98h4z,26,5
1782283179,tc-26-6-11-1-9,osmo-hlr-546bdb8988-mbk5k,1,2
1782283179,tc-26-6-11-1-9,osmo-mgw-8c8fc67d6-95rkp,1,2
1782283179,tc-26-6-11-1-9,osmo-mobile-654dfdc996-rvbm9,2,33
1782283179,tc-26-6-11-1-9,osmo-stp-768687f494-b2r4v,1,2
1782283179,tc-26-6-11-1-9,ttcn3-tc-26-6-11-1-1-vk89h,1,11
1782283179,tc-26-6-11-1-9,virtphy-7dc46555f-httmn,6,1
1782283179,tc-26-6-2-1-1-10,msc-test-stub-5b875d749d-sf5nr,1,16
1782283179,tc-26-6-2-1-1-10,osmo-bsc-594654bd47-lgm95,1,5
1782283179,tc-26-6-2-1-1-10,osmo-bts-virtual-5f8b9b86fc-lz8v5,25,5
1782283179,tc-26-6-2-1-1-10,osmo-hlr-546bdb8988-gjv5l,1,2
1782283179,tc-26-6-2-1-1-10,osmo-mgw-8c8fc67d6-t5sth,1,2
1782283179,tc-26-6-2-1-1-10,osmo-mobile-587bd5b846-btmbs,3,33
1782283179,tc-26-6-2-1-1-10,osmo-stp-768687f494-pq8rn,1,2
1782283179,tc-26-6-2-1-1-10,ttcn3-tc-26-6-2-1-1-1-lkbnz,1,8
1782283179,tc-26-6-2-1-1-10,virtphy-96dd7697f-dbfnf,8,1
1782283179,tc-26-6-2-4-8,msc-test-stub-5b875d749d-xvhpf,1,16
1782283179,tc-26-6-2-4-8,osmo-bsc-594654bd47-msv6c,1,5
1782283179,tc-26-6-2-4-8,osmo-bts-virtual-5f8b9b86fc-g8mvt,24,5
1782283179,tc-26-6-2-4-8,osmo-hlr-546bdb8988-8gkbl,1,2
1782283179,tc-26-6-2-4-8,osmo-mgw-8c8fc67d6-n8kkk,1,2
1782283179,tc-26-6-2-4-8,osmo-mobile-67b9dc6556-l7d2s,2,33
1782283179,tc-26-6-2-4-8,osmo-stp-768687f494-ncn4x,1,2
1782283179,tc-26-6-2-4-8,ttcn3-tc-26-6-2-4-1-f9g9d,1,6
1782283179,tc-26-6-2-4-8,virtphy-7f5dbd568c-wpbgd,6,1
1782283179,tc-26-7-2-1-4,msc-test-stub-5b875d749d-f4nnq,1,16
1782283179,tc-26-7-2-1-4,osmo-bsc-594654bd47-l6cj2,1,5
1782283179,tc-26-7-2-1-4,osmo-bts-virtual-5f8b9b86fc-kzkkp,25,5
1782283179,tc-26-7-2-1-4,osmo-hlr-546bdb8988-kllvn,1,2
1782283179,tc-26-7-2-1-4,osmo-mgw-8c8fc67d6-v4v28,1,2
1782283179,tc-26-7-2-1-4,osmo-mobile-64dcc87988-r4bxs,3,36
1782283179,tc-26-7-2-1-4,osmo-stp-768687f494-t9pm5,1,2
1782283179,tc-26-7-2-1-4,ttcn3-tc-26-7-2-1-1-swqhz,1,6
1782283179,tc-26-7-2-1-4,virtphy-6f8b6f6885-hg7cs,6,1
1782283179,tc-26-7-2-2-3,msc-test-stub-5b875d749d-2k5jx,1,16
1782283179,tc-26-7-2-2-3,osmo-bsc-594654bd47-bjbll,1,5
1782283179,tc-26-7-2-2-3,osmo-bts-virtual-5f8b9b86fc-dj9j7,25,5
1782283179,tc-26-7-2-2-3,osmo-hlr-546bdb8988-q5xcs,1,2
1782283179,tc-26-7-2-2-3,osmo-mgw-8c8fc67d6-w7mb7,1,2
1782283179,tc-26-7-2-2-3,osmo-mobile-65b5958d7b-nd7wr,2,36
1782283179,tc-26-7-2-2-3,osmo-stp-768687f494-x889n,1,2
1782283179,tc-26-7-2-2-3,ttcn3-tc-26-7-2-2-1-44f7s,1,6
1782283179,tc-26-7-2-2-3,virtphy-669796d86c-dl9dt,6,1
1782283179,tc-26-7-4-1-11,msc-test-stub-5b875d749d-nf4fk,1,16
1782283179,tc-26-7-4-1-11,osmo-bsc-594654bd47-qlrkz,1,5
1782283179,tc-26-7-4-1-11,osmo-bts-virtual-5f8b9b86fc-ksxp2,27,7
1782283179,tc-26-7-4-1-11,osmo-hlr-546bdb8988-m7slh,1,2
1782283179,tc-26-7-4-1-11,osmo-mgw-8c8fc67d6-blwgc,1,2
1782283179,tc-26-7-4-1-11,osmo-mobile-57ffcc5b84-bcb6v,2,33
1782283179,tc-26-7-4-1-11,osmo-stp-768687f494-cdvls,1,2
1782283179,tc-26-7-4-1-11,ttcn3-tc-26-7-4-1-1-vfwzt,1,6
1782283179,tc-26-7-4-1-11,virtphy-689cb88f6c-lpfmk,7,1
1782283179,tc-26-7-5-3-12,msc-test-stub-5b875d749d-9xvl9,1,16
1782283179,tc-26-7-5-3-12,osmo-bsc-594654bd47-b8kpq,1,5
1782283179,tc-26-7-5-3-12,osmo-bts-virtual-5f8b9b86fc-wl7k2,23,5
1782283179,tc-26-7-5-3-12,osmo-hlr-546bdb8988-d6l2s,1,2
1782283179,tc-26-7-5-3-12,osmo-mgw-8c8fc67d6-xp48l,1,2
1782283179,tc-26-7-5-3-12,osmo-mobile-79c8f8bc4b-mc6jq,3,36
1782283179,tc-26-7-5-3-12,osmo-stp-768687f494-2nqzv,1,2
1782283179,tc-26-7-5-3-12,ttcn3-tc-26-7-5-3-1-p97pl,1,6
1782283179,tc-26-7-5-3-12,virtphy-56cc7fd87-gnrrq,6,1
1782283182,kube-system,coredns-c4dbffb5f-p9rsr,3,29
1782283182,kube-system,local-path-provisioner-5c4dc5d66d-nfqxz,1,15
1782283182,kube-system,metrics-server-786d997795-hcp2m,10,46
1782283182,kube-system,svclb-traefik-1100f998-kpm9h,0,0
1782283182,kube-system,traefik-9bcdbbd9-qtpjt,1,36
1782283182,tc-26-6-11-1-9,msc-test-stub-5b875d749d-mx9h8,1,16
1782283182,tc-26-6-11-1-9,osmo-bsc-594654bd47-22w8h,1,5
1782283182,tc-26-6-11-1-9,osmo-bts-virtual-5f8b9b86fc-98h4z,26,5
1782283182,tc-26-6-11-1-9,osmo-hlr-546bdb8988-mbk5k,1,2
1782283182,tc-26-6-11-1-9,osmo-mgw-8c8fc67d6-95rkp,1,2
1782283182,tc-26-6-11-1-9,osmo-mobile-654dfdc996-rvbm9,2,33
1782283182,tc-26-6-11-1-9,osmo-stp-768687f494-b2r4v,1,2
1782283182,tc-26-6-11-1-9,ttcn3-tc-26-6-11-1-1-vk89h,1,11
1782283182,tc-26-6-11-1-9,virtphy-7dc46555f-httmn,6,1
1782283182,tc-26-6-2-1-1-10,msc-test-stub-5b875d749d-sf5nr,1,16
1782283182,tc-26-6-2-1-1-10,osmo-bsc-594654bd47-lgm95,1,5
1782283182,tc-26-6-2-1-1-10,osmo-bts-virtual-5f8b9b86fc-lz8v5,25,5
1782283182,tc-26-6-2-1-1-10,osmo-hlr-546bdb8988-gjv5l,1,2
1782283182,tc-26-6-2-1-1-10,osmo-mgw-8c8fc67d6-t5sth,1,2
1782283182,tc-26-6-2-1-1-10,osmo-mobile-587bd5b846-btmbs,3,33
1782283182,tc-26-6-2-1-1-10,osmo-stp-768687f494-pq8rn,1,2
1782283182,tc-26-6-2-1-1-10,ttcn3-tc-26-6-2-1-1-1-lkbnz,1,8
1782283182,tc-26-6-2-1-1-10,virtphy-96dd7697f-dbfnf,8,1
1782283182,tc-26-6-2-4-8,msc-test-stub-5b875d749d-xvhpf,1,16
1782283182,tc-26-6-2-4-8,osmo-bsc-594654bd47-msv6c,1,5
1782283182,tc-26-6-2-4-8,osmo-bts-virtual-5f8b9b86fc-g8mvt,24,5
1782283182,tc-26-6-2-4-8,osmo-hlr-546bdb8988-8gkbl,1,2
1782283182,tc-26-6-2-4-8,osmo-mgw-8c8fc67d6-n8kkk,1,2
1782283182,tc-26-6-2-4-8,osmo-mobile-67b9dc6556-l7d2s,2,33
1782283182,tc-26-6-2-4-8,osmo-stp-768687f494-ncn4x,1,2
1782283182,tc-26-6-2-4-8,ttcn3-tc-26-6-2-4-1-f9g9d,1,6
1782283182,tc-26-6-2-4-8,virtphy-7f5dbd568c-wpbgd,6,1
1782283182,tc-26-7-2-1-4,msc-test-stub-5b875d749d-f4nnq,1,16
1782283182,tc-26-7-2-1-4,osmo-bsc-594654bd47-l6cj2,1,5
1782283182,tc-26-7-2-1-4,osmo-bts-virtual-5f8b9b86fc-kzkkp,25,5
1782283182,tc-26-7-2-1-4,osmo-hlr-546bdb8988-kllvn,1,2
1782283182,tc-26-7-2-1-4,osmo-mgw-8c8fc67d6-v4v28,1,2
1782283182,tc-26-7-2-1-4,osmo-mobile-64dcc87988-r4bxs,3,36
1782283182,tc-26-7-2-1-4,osmo-stp-768687f494-t9pm5,1,2
1782283182,tc-26-7-2-1-4,ttcn3-tc-26-7-2-1-1-swqhz,1,6
1782283182,tc-26-7-2-1-4,virtphy-6f8b6f6885-hg7cs,6,1
1782283182,tc-26-7-2-2-3,msc-test-stub-5b875d749d-2k5jx,1,16
1782283182,tc-26-7-2-2-3,osmo-bsc-594654bd47-bjbll,1,5
1782283182,tc-26-7-2-2-3,osmo-bts-virtual-5f8b9b86fc-dj9j7,25,5
1782283182,tc-26-7-2-2-3,osmo-hlr-546bdb8988-q5xcs,1,2
1782283182,tc-26-7-2-2-3,osmo-mgw-8c8fc67d6-w7mb7,1,2
1782283182,tc-26-7-2-2-3,osmo-mobile-65b5958d7b-nd7wr,2,36
1782283182,tc-26-7-2-2-3,osmo-stp-768687f494-x889n,1,2
1782283182,tc-26-7-2-2-3,ttcn3-tc-26-7-2-2-1-44f7s,1,6
1782283182,tc-26-7-2-2-3,virtphy-669796d86c-dl9dt,6,1
1782283182,tc-26-7-4-1-11,msc-test-stub-5b875d749d-nf4fk,1,16
1782283182,tc-26-7-4-1-11,osmo-bsc-594654bd47-qlrkz,1,5
1782283182,tc-26-7-4-1-11,osmo-bts-virtual-5f8b9b86fc-ksxp2,27,7
1782283182,tc-26-7-4-1-11,osmo-hlr-546bdb8988-m7slh,1,2
1782283182,tc-26-7-4-1-11,osmo-mgw-8c8fc67d6-blwgc,1,2
1782283182,tc-26-7-4-1-11,osmo-mobile-57ffcc5b84-bcb6v,2,33
1782283182,tc-26-7-4-1-11,osmo-stp-768687f494-cdvls,1,2
1782283182,tc-26-7-4-1-11,ttcn3-tc-26-7-4-1-1-vfwzt,1,6
1782283182,tc-26-7-4-1-11,virtphy-689cb88f6c-lpfmk,7,1
1782283182,tc-26-7-5-3-12,msc-test-stub-5b875d749d-9xvl9,1,16
1782283182,tc-26-7-5-3-12,osmo-bsc-594654bd47-b8kpq,1,5
1782283182,tc-26-7-5-3-12,osmo-bts-virtual-5f8b9b86fc-wl7k2,23,5
1782283182,tc-26-7-5-3-12,osmo-hlr-546bdb8988-d6l2s,1,2
1782283182,tc-26-7-5-3-12,osmo-mgw-8c8fc67d6-xp48l,1,2
1782283182,tc-26-7-5-3-12,osmo-mobile-79c8f8bc4b-mc6jq,3,36
1782283182,tc-26-7-5-3-12,osmo-stp-768687f494-2nqzv,1,2
1782283182,tc-26-7-5-3-12,ttcn3-tc-26-7-5-3-1-p97pl,1,6
1782283182,tc-26-7-5-3-12,virtphy-56cc7fd87-gnrrq,6,1
1782283185,kube-system,coredns-c4dbffb5f-p9rsr,4,29
1782283185,kube-system,local-path-provisioner-5c4dc5d66d-nfqxz,1,15
1782283185,kube-system,metrics-server-786d997795-hcp2m,9,45
1782283185,kube-system,svclb-traefik-1100f998-kpm9h,0,0
1782283185,kube-system,traefik-9bcdbbd9-qtpjt,2,36
1782283185,tc-26-6-11-1-9,msc-test-stub-5b875d749d-mx9h8,1,16
1782283185,tc-26-6-11-1-9,osmo-bsc-594654bd47-22w8h,1,5
1782283185,tc-26-6-11-1-9,osmo-bts-virtual-5f8b9b86fc-98h4z,22,5
1782283185,tc-26-6-11-1-9,osmo-hlr-546bdb8988-mbk5k,1,2
1782283185,tc-26-6-11-1-9,osmo-mgw-8c8fc67d6-95rkp,1,2
1782283185,tc-26-6-11-1-9,osmo-mobile-654dfdc996-rvbm9,2,33
1782283185,tc-26-6-11-1-9,osmo-stp-768687f494-b2r4v,1,2
1782283185,tc-26-6-11-1-9,ttcn3-tc-26-6-11-1-1-vk89h,1,11
1782283185,tc-26-6-11-1-9,virtphy-7dc46555f-httmn,6,1
1782283185,tc-26-6-2-1-1-10,msc-test-stub-5b875d749d-sf5nr,1,16
1782283185,tc-26-6-2-1-1-10,osmo-bsc-594654bd47-lgm95,1,5
1782283185,tc-26-6-2-1-1-10,osmo-bts-virtual-5f8b9b86fc-lz8v5,21,5
1782283185,tc-26-6-2-1-1-10,osmo-hlr-546bdb8988-gjv5l,1,2
1782283185,tc-26-6-2-1-1-10,osmo-mgw-8c8fc67d6-t5sth,1,2
1782283185,tc-26-6-2-1-1-10,osmo-mobile-587bd5b846-btmbs,3,33
1782283185,tc-26-6-2-1-1-10,osmo-stp-768687f494-pq8rn,1,2
1782283185,tc-26-6-2-1-1-10,ttcn3-tc-26-6-2-1-1-1-lkbnz,1,8
1782283185,tc-26-6-2-1-1-10,virtphy-96dd7697f-dbfnf,6,1
1782283185,tc-26-6-2-4-8,msc-test-stub-5b875d749d-xvhpf,1,16
1782283185,tc-26-6-2-4-8,osmo-bsc-594654bd47-msv6c,1,5
1782283185,tc-26-6-2-4-8,osmo-bts-virtual-5f8b9b86fc-g8mvt,22,5
1782283185,tc-26-6-2-4-8,osmo-hlr-546bdb8988-8gkbl,1,2
1782283185,tc-26-6-2-4-8,osmo-mgw-8c8fc67d6-n8kkk,1,2
1782283185,tc-26-6-2-4-8,osmo-mobile-67b9dc6556-l7d2s,2,33
1782283185,tc-26-6-2-4-8,osmo-stp-768687f494-ncn4x,1,2
1782283185,tc-26-6-2-4-8,ttcn3-tc-26-6-2-4-1-f9g9d,3,7
1782283185,tc-26-6-2-4-8,virtphy-7f5dbd568c-wpbgd,6,1
1782283185,tc-26-7-2-1-4,msc-test-stub-5b875d749d-f4nnq,1,16
1782283185,tc-26-7-2-1-4,osmo-bsc-594654bd47-l6cj2,1,5
1782283185,tc-26-7-2-1-4,osmo-bts-virtual-5f8b9b86fc-kzkkp,21,5
1782283185,tc-26-7-2-1-4,osmo-hlr-546bdb8988-kllvn,1,2
1782283185,tc-26-7-2-1-4,osmo-mgw-8c8fc67d6-v4v28,1,2
1782283185,tc-26-7-2-1-4,osmo-mobile-64dcc87988-r4bxs,2,36
1782283185,tc-26-7-2-1-4,osmo-stp-768687f494-t9pm5,1,2
1782283185,tc-26-7-2-1-4,virtphy-6f8b6f6885-hg7cs,5,1
1782283185,tc-26-7-2-2-3,msc-test-stub-5b875d749d-2k5jx,1,16
1782283185,tc-26-7-2-2-3,osmo-bsc-594654bd47-bjbll,1,5
1782283185,tc-26-7-2-2-3,osmo-bts-virtual-5f8b9b86fc-dj9j7,21,5
1782283185,tc-26-7-2-2-3,osmo-hlr-546bdb8988-q5xcs,1,2
1782283185,tc-26-7-2-2-3,osmo-mgw-8c8fc67d6-w7mb7,1,2
1782283185,tc-26-7-2-2-3,osmo-mobile-65b5958d7b-nd7wr,2,36
1782283185,tc-26-7-2-2-3,osmo-stp-768687f494-x889n,1,2
1782283185,tc-26-7-2-2-3,ttcn3-tc-26-7-2-2-1-44f7s,1,6
1782283185,tc-26-7-2-2-3,virtphy-669796d86c-dl9dt,6,1
1782283185,tc-26-7-4-1-11,msc-test-stub-5b875d749d-nf4fk,1,16
1782283185,tc-26-7-4-1-11,osmo-bsc-594654bd47-qlrkz,1,5
1782283185,tc-26-7-4-1-11,osmo-bts-virtual-5f8b9b86fc-ksxp2,27,5
1782283185,tc-26-7-4-1-11,osmo-hlr-546bdb8988-m7slh,1,2
1782283185,tc-26-7-4-1-11,osmo-mgw-8c8fc67d6-blwgc,1,2
1782283185,tc-26-7-4-1-11,osmo-mobile-57ffcc5b84-bcb6v,2,33
1782283185,tc-26-7-4-1-11,osmo-stp-768687f494-cdvls,1,2
1782283185,tc-26-7-4-1-11,ttcn3-tc-26-7-4-1-1-vfwzt,1,6
1782283185,tc-26-7-4-1-11,virtphy-689cb88f6c-lpfmk,6,1
1782283185,tc-26-7-5-3-12,msc-test-stub-5b875d749d-9xvl9,1,16
1782283185,tc-26-7-5-3-12,osmo-bsc-594654bd47-b8kpq,1,5
1782283185,tc-26-7-5-3-12,osmo-bts-virtual-5f8b9b86fc-wl7k2,22,5
1782283185,tc-26-7-5-3-12,osmo-hlr-546bdb8988-d6l2s,1,2
1782283185,tc-26-7-5-3-12,osmo-mgw-8c8fc67d6-xp48l,1,2
1782283185,tc-26-7-5-3-12,osmo-mobile-79c8f8bc4b-mc6jq,3,36
1782283185,tc-26-7-5-3-12,osmo-stp-768687f494-2nqzv,1,2
1782283185,tc-26-7-5-3-12,ttcn3-tc-26-7-5-3-1-p97pl,1,6
1782283185,tc-26-7-5-3-12,virtphy-56cc7fd87-gnrrq,6,1
1782283188,kube-system,coredns-c4dbffb5f-p9rsr,4,29
1782283188,kube-system,local-path-provisioner-5c4dc5d66d-nfqxz,1,15
1782283188,kube-system,metrics-server-786d997795-hcp2m,9,45
1782283188,kube-system,svclb-traefik-1100f998-kpm9h,0,0
1782283188,kube-system,traefik-9bcdbbd9-qtpjt,2,36
1782283188,tc-26-6-11-1-9,msc-test-stub-5b875d749d-mx9h8,1,16
1782283188,tc-26-6-11-1-9,osmo-bsc-594654bd47-22w8h,1,5
1782283188,tc-26-6-11-1-9,osmo-bts-virtual-5f8b9b86fc-98h4z,22,5
1782283188,tc-26-6-11-1-9,osmo-hlr-546bdb8988-mbk5k,1,2
1782283188,tc-26-6-11-1-9,osmo-mgw-8c8fc67d6-95rkp,1,2
1782283188,tc-26-6-11-1-9,osmo-mobile-654dfdc996-rvbm9,2,33
1782283188,tc-26-6-11-1-9,osmo-stp-768687f494-b2r4v,1,2
1782283188,tc-26-6-11-1-9,ttcn3-tc-26-6-11-1-1-vk89h,1,11
1782283188,tc-26-6-11-1-9,virtphy-7dc46555f-httmn,6,1
1782283188,tc-26-6-2-1-1-10,msc-test-stub-5b875d749d-sf5nr,1,16
1782283188,tc-26-6-2-1-1-10,osmo-bsc-594654bd47-lgm95,1,5
1782283188,tc-26-6-2-1-1-10,osmo-bts-virtual-5f8b9b86fc-lz8v5,21,5
1782283188,tc-26-6-2-1-1-10,osmo-hlr-546bdb8988-gjv5l,1,2
1782283188,tc-26-6-2-1-1-10,osmo-mgw-8c8fc67d6-t5sth,1,2
1782283188,tc-26-6-2-1-1-10,osmo-mobile-587bd5b846-btmbs,3,33
1782283188,tc-26-6-2-1-1-10,osmo-stp-768687f494-pq8rn,1,2
1782283188,tc-26-6-2-1-1-10,ttcn3-tc-26-6-2-1-1-1-lkbnz,1,8
1782283188,tc-26-6-2-1-1-10,virtphy-96dd7697f-dbfnf,6,1
1782283188,tc-26-6-2-4-8,msc-test-stub-5b875d749d-xvhpf,1,16
1782283188,tc-26-6-2-4-8,osmo-bsc-594654bd47-msv6c,1,5
1782283188,tc-26-6-2-4-8,osmo-bts-virtual-5f8b9b86fc-g8mvt,22,5
1782283188,tc-26-6-2-4-8,osmo-hlr-546bdb8988-8gkbl,1,2
1782283188,tc-26-6-2-4-8,osmo-mgw-8c8fc67d6-n8kkk,1,2
1782283188,tc-26-6-2-4-8,osmo-mobile-67b9dc6556-l7d2s,2,33
1782283188,tc-26-6-2-4-8,osmo-stp-768687f494-ncn4x,1,2
1782283188,tc-26-6-2-4-8,ttcn3-tc-26-6-2-4-1-f9g9d,3,7
1782283188,tc-26-6-2-4-8,virtphy-7f5dbd568c-wpbgd,6,1
1782283188,tc-26-7-2-1-4,msc-test-stub-5b875d749d-f4nnq,1,16
1782283188,tc-26-7-2-1-4,osmo-bsc-594654bd47-l6cj2,1,5
1782283188,tc-26-7-2-1-4,osmo-bts-virtual-5f8b9b86fc-kzkkp,21,5
1782283188,tc-26-7-2-1-4,osmo-hlr-546bdb8988-kllvn,1,2
1782283188,tc-26-7-2-1-4,osmo-mgw-8c8fc67d6-v4v28,1,2
1782283188,tc-26-7-2-1-4,osmo-mobile-64dcc87988-r4bxs,2,36
1782283188,tc-26-7-2-1-4,osmo-stp-768687f494-t9pm5,1,2
1782283188,tc-26-7-2-1-4,virtphy-6f8b6f6885-hg7cs,5,1
1782283188,tc-26-7-2-2-3,msc-test-stub-5b875d749d-2k5jx,1,16
1782283188,tc-26-7-2-2-3,osmo-bsc-594654bd47-bjbll,1,5
1782283188,tc-26-7-2-2-3,osmo-bts-virtual-5f8b9b86fc-dj9j7,21,5
1782283188,tc-26-7-2-2-3,osmo-hlr-546bdb8988-q5xcs,1,2
1782283188,tc-26-7-2-2-3,osmo-mgw-8c8fc67d6-w7mb7,1,2
1782283188,tc-26-7-2-2-3,osmo-mobile-65b5958d7b-nd7wr,2,36
1782283188,tc-26-7-2-2-3,osmo-stp-768687f494-x889n,1,2
1782283188,tc-26-7-2-2-3,ttcn3-tc-26-7-2-2-1-44f7s,1,6
1782283188,tc-26-7-2-2-3,virtphy-669796d86c-dl9dt,6,1
1782283188,tc-26-7-4-1-11,msc-test-stub-5b875d749d-nf4fk,1,16
1782283188,tc-26-7-4-1-11,osmo-bsc-594654bd47-qlrkz,1,5
1782283188,tc-26-7-4-1-11,osmo-bts-virtual-5f8b9b86fc-ksxp2,27,5
1782283188,tc-26-7-4-1-11,osmo-hlr-546bdb8988-m7slh,1,2
1782283188,tc-26-7-4-1-11,osmo-mgw-8c8fc67d6-blwgc,1,2
1782283188,tc-26-7-4-1-11,osmo-mobile-57ffcc5b84-bcb6v,2,33
1782283188,tc-26-7-4-1-11,osmo-stp-768687f494-cdvls,1,2
1782283188,tc-26-7-4-1-11,ttcn3-tc-26-7-4-1-1-vfwzt,1,6
1782283188,tc-26-7-4-1-11,virtphy-689cb88f6c-lpfmk,6,1
1782283188,tc-26-7-5-3-12,msc-test-stub-5b875d749d-9xvl9,1,16
1782283188,tc-26-7-5-3-12,osmo-bsc-594654bd47-b8kpq,1,5
1782283188,tc-26-7-5-3-12,osmo-bts-virtual-5f8b9b86fc-wl7k2,22,5
1782283188,tc-26-7-5-3-12,osmo-hlr-546bdb8988-d6l2s,1,2
1782283188,tc-26-7-5-3-12,osmo-mgw-8c8fc67d6-xp48l,1,2
1782283188,tc-26-7-5-3-12,osmo-mobile-79c8f8bc4b-mc6jq,3,36
1782283188,tc-26-7-5-3-12,osmo-stp-768687f494-2nqzv,1,2
1782283188,tc-26-7-5-3-12,ttcn3-tc-26-7-5-3-1-p97pl,1,6
1782283188,tc-26-7-5-3-12,virtphy-56cc7fd87-gnrrq,6,1
1782283194,kube-system,coredns-c4dbffb5f-p9rsr,4,29
1782283194,kube-system,local-path-provisioner-5c4dc5d66d-nfqxz,1,15
1782283194,kube-system,metrics-server-786d997795-hcp2m,9,45
1782283194,kube-system,svclb-traefik-1100f998-kpm9h,0,0
1782283194,kube-system,traefik-9bcdbbd9-qtpjt,2,36
1782283194,tc-26-6-11-1-9,msc-test-stub-5b875d749d-mx9h8,1,16
1782283194,tc-26-6-11-1-9,osmo-bsc-594654bd47-22w8h,1,5
1782283194,tc-26-6-11-1-9,osmo-bts-virtual-5f8b9b86fc-98h4z,22,5
1782283194,tc-26-6-11-1-9,osmo-hlr-546bdb8988-mbk5k,1,2
1782283194,tc-26-6-11-1-9,osmo-mgw-8c8fc67d6-95rkp,1,2
1782283194,tc-26-6-11-1-9,osmo-mobile-654dfdc996-rvbm9,2,33
1782283194,tc-26-6-11-1-9,osmo-stp-768687f494-b2r4v,1,2
1782283194,tc-26-6-11-1-9,ttcn3-tc-26-6-11-1-1-vk89h,1,11
1782283194,tc-26-6-11-1-9,virtphy-7dc46555f-httmn,6,1
1782283194,tc-26-6-2-1-1-10,msc-test-stub-5b875d749d-sf5nr,1,16
1782283194,tc-26-6-2-1-1-10,osmo-bsc-594654bd47-lgm95,1,5
1782283194,tc-26-6-2-1-1-10,osmo-bts-virtual-5f8b9b86fc-lz8v5,21,5
1782283194,tc-26-6-2-1-1-10,osmo-hlr-546bdb8988-gjv5l,1,2
1782283194,tc-26-6-2-1-1-10,osmo-mgw-8c8fc67d6-t5sth,1,2
1782283194,tc-26-6-2-1-1-10,osmo-mobile-587bd5b846-btmbs,3,33
1782283194,tc-26-6-2-1-1-10,osmo-stp-768687f494-pq8rn,1,2
1782283194,tc-26-6-2-1-1-10,virtphy-96dd7697f-dbfnf,6,1
1782283194,tc-26-6-2-4-8,msc-test-stub-5b875d749d-xvhpf,1,16
1782283194,tc-26-6-2-4-8,osmo-bsc-594654bd47-msv6c,1,5
1782283194,tc-26-6-2-4-8,osmo-bts-virtual-5f8b9b86fc-g8mvt,22,5
1782283194,tc-26-6-2-4-8,osmo-hlr-546bdb8988-8gkbl,1,2
1782283194,tc-26-6-2-4-8,osmo-mgw-8c8fc67d6-n8kkk,1,2
1782283194,tc-26-6-2-4-8,osmo-mobile-67b9dc6556-l7d2s,2,33
1782283194,tc-26-6-2-4-8,osmo-stp-768687f494-ncn4x,1,2
1782283194,tc-26-6-2-4-8,ttcn3-tc-26-6-2-4-1-f9g9d,3,7
1782283194,tc-26-6-2-4-8,virtphy-7f5dbd568c-wpbgd,6,1
1782283194,tc-26-7-2-1-4,msc-test-stub-5b875d749d-f4nnq,1,16
1782283194,tc-26-7-2-1-4,osmo-bsc-594654bd47-l6cj2,1,5
1782283194,tc-26-7-2-1-4,osmo-bts-virtual-5f8b9b86fc-kzkkp,21,5
1782283194,tc-26-7-2-1-4,osmo-hlr-546bdb8988-kllvn,1,2
1782283194,tc-26-7-2-1-4,osmo-mgw-8c8fc67d6-v4v28,1,2
1782283194,tc-26-7-2-1-4,osmo-mobile-64dcc87988-r4bxs,2,36
1782283194,tc-26-7-2-1-4,osmo-stp-768687f494-t9pm5,1,2
1782283194,tc-26-7-2-1-4,virtphy-6f8b6f6885-hg7cs,5,1
1782283194,tc-26-7-2-2-3,msc-test-stub-5b875d749d-2k5jx,1,16
1782283194,tc-26-7-2-2-3,osmo-bsc-594654bd47-bjbll,1,5
1782283194,tc-26-7-2-2-3,osmo-bts-virtual-5f8b9b86fc-dj9j7,21,5
1782283194,tc-26-7-2-2-3,osmo-hlr-546bdb8988-q5xcs,1,2
1782283194,tc-26-7-2-2-3,osmo-mgw-8c8fc67d6-w7mb7,1,2
1782283194,tc-26-7-2-2-3,osmo-mobile-65b5958d7b-nd7wr,2,36
1782283194,tc-26-7-2-2-3,osmo-stp-768687f494-x889n,1,2
1782283194,tc-26-7-2-2-3,ttcn3-tc-26-7-2-2-1-44f7s,1,6
1782283194,tc-26-7-2-2-3,virtphy-669796d86c-dl9dt,6,1
1782283194,tc-26-7-4-1-11,msc-test-stub-5b875d749d-nf4fk,1,16
1782283194,tc-26-7-4-1-11,osmo-bsc-594654bd47-qlrkz,1,5
1782283194,tc-26-7-4-1-11,osmo-bts-virtual-5f8b9b86fc-ksxp2,27,5
1782283194,tc-26-7-4-1-11,osmo-hlr-546bdb8988-m7slh,1,2
1782283194,tc-26-7-4-1-11,osmo-mgw-8c8fc67d6-blwgc,1,2
1782283194,tc-26-7-4-1-11,osmo-mobile-57ffcc5b84-bcb6v,2,33
1782283194,tc-26-7-4-1-11,osmo-stp-768687f494-cdvls,1,2
1782283194,tc-26-7-4-1-11,ttcn3-tc-26-7-4-1-1-vfwzt,1,6
1782283194,tc-26-7-4-1-11,virtphy-689cb88f6c-lpfmk,6,1
1782283194,tc-26-7-5-3-12,msc-test-stub-5b875d749d-9xvl9,1,16
1782283194,tc-26-7-5-3-12,osmo-bsc-594654bd47-b8kpq,1,5
1782283194,tc-26-7-5-3-12,osmo-bts-virtual-5f8b9b86fc-wl7k2,22,5
1782283194,tc-26-7-5-3-12,osmo-hlr-546bdb8988-d6l2s,1,2
1782283194,tc-26-7-5-3-12,osmo-mgw-8c8fc67d6-xp48l,1,2
1782283194,tc-26-7-5-3-12,osmo-mobile-79c8f8bc4b-mc6jq,3,36
1782283194,tc-26-7-5-3-12,osmo-stp-768687f494-2nqzv,1,2
1782283194,tc-26-7-5-3-12,ttcn3-tc-26-7-5-3-1-p97pl,1,6
1782283194,tc-26-7-5-3-12,virtphy-56cc7fd87-gnrrq,6,1
1782283198,kube-system,coredns-c4dbffb5f-p9rsr,4,29
1782283198,kube-system,local-path-provisioner-5c4dc5d66d-nfqxz,1,15
1782283198,kube-system,metrics-server-786d997795-hcp2m,9,45
1782283198,kube-system,svclb-traefik-1100f998-kpm9h,0,0
1782283198,kube-system,traefik-9bcdbbd9-qtpjt,2,36
1782283198,tc-26-6-11-1-9,msc-test-stub-5b875d749d-mx9h8,1,16
1782283198,tc-26-6-11-1-9,osmo-bsc-594654bd47-22w8h,1,5
1782283198,tc-26-6-11-1-9,osmo-bts-virtual-5f8b9b86fc-98h4z,22,5
1782283198,tc-26-6-11-1-9,osmo-hlr-546bdb8988-mbk5k,1,2
1782283198,tc-26-6-11-1-9,osmo-mgw-8c8fc67d6-95rkp,1,2
1782283198,tc-26-6-11-1-9,osmo-mobile-654dfdc996-rvbm9,2,33
1782283198,tc-26-6-11-1-9,osmo-stp-768687f494-b2r4v,1,2
1782283198,tc-26-6-11-1-9,ttcn3-tc-26-6-11-1-1-vk89h,1,11
1782283198,tc-26-6-11-1-9,virtphy-7dc46555f-httmn,6,1
1782283198,tc-26-6-2-1-1-10,msc-test-stub-5b875d749d-sf5nr,1,16
1782283198,tc-26-6-2-1-1-10,osmo-bsc-594654bd47-lgm95,1,5
1782283198,tc-26-6-2-1-1-10,osmo-bts-virtual-5f8b9b86fc-lz8v5,21,5
1782283198,tc-26-6-2-1-1-10,osmo-hlr-546bdb8988-gjv5l,1,2
1782283198,tc-26-6-2-1-1-10,osmo-mgw-8c8fc67d6-t5sth,1,2
1782283198,tc-26-6-2-1-1-10,osmo-mobile-587bd5b846-btmbs,3,33
1782283198,tc-26-6-2-1-1-10,osmo-stp-768687f494-pq8rn,1,2
1782283198,tc-26-6-2-1-1-10,virtphy-96dd7697f-dbfnf,6,1
1782283198,tc-26-6-2-4-8,msc-test-stub-5b875d749d-xvhpf,1,16
1782283198,tc-26-6-2-4-8,osmo-bsc-594654bd47-msv6c,1,5
1782283198,tc-26-6-2-4-8,osmo-bts-virtual-5f8b9b86fc-g8mvt,22,5
1782283198,tc-26-6-2-4-8,osmo-hlr-546bdb8988-8gkbl,1,2
1782283198,tc-26-6-2-4-8,osmo-mgw-8c8fc67d6-n8kkk,1,2
1782283198,tc-26-6-2-4-8,osmo-mobile-67b9dc6556-l7d2s,2,33
1782283198,tc-26-6-2-4-8,osmo-stp-768687f494-ncn4x,1,2
1782283198,tc-26-6-2-4-8,ttcn3-tc-26-6-2-4-1-f9g9d,3,7
1782283198,tc-26-6-2-4-8,virtphy-7f5dbd568c-wpbgd,6,1
1782283198,tc-26-7-2-1-4,msc-test-stub-5b875d749d-f4nnq,1,16
1782283198,tc-26-7-2-1-4,osmo-bsc-594654bd47-l6cj2,1,5
1782283198,tc-26-7-2-1-4,osmo-bts-virtual-5f8b9b86fc-kzkkp,21,5
1782283198,tc-26-7-2-1-4,osmo-hlr-546bdb8988-kllvn,1,2
1782283198,tc-26-7-2-1-4,osmo-mgw-8c8fc67d6-v4v28,1,2
1782283198,tc-26-7-2-1-4,osmo-mobile-64dcc87988-r4bxs,2,36
1782283198,tc-26-7-2-1-4,osmo-stp-768687f494-t9pm5,1,2
1782283198,tc-26-7-2-1-4,virtphy-6f8b6f6885-hg7cs,5,1
1782283198,tc-26-7-2-2-3,msc-test-stub-5b875d749d-2k5jx,1,16
1782283198,tc-26-7-2-2-3,osmo-bsc-594654bd47-bjbll,1,5
1782283198,tc-26-7-2-2-3,osmo-bts-virtual-5f8b9b86fc-dj9j7,21,5
1782283198,tc-26-7-2-2-3,osmo-hlr-546bdb8988-q5xcs,1,2
1782283198,tc-26-7-2-2-3,osmo-mgw-8c8fc67d6-w7mb7,1,2
1782283198,tc-26-7-2-2-3,osmo-mobile-65b5958d7b-nd7wr,2,36
1782283198,tc-26-7-2-2-3,osmo-stp-768687f494-x889n,1,2
1782283198,tc-26-7-2-2-3,ttcn3-tc-26-7-2-2-1-44f7s,1,6
1782283198,tc-26-7-2-2-3,virtphy-669796d86c-dl9dt,6,1
1782283198,tc-26-7-4-1-11,msc-test-stub-5b875d749d-nf4fk,1,16
1782283198,tc-26-7-4-1-11,osmo-bsc-594654bd47-qlrkz,1,5
1782283198,tc-26-7-4-1-11,osmo-bts-virtual-5f8b9b86fc-ksxp2,27,5
1782283198,tc-26-7-4-1-11,osmo-hlr-546bdb8988-m7slh,1,2
1782283198,tc-26-7-4-1-11,osmo-mgw-8c8fc67d6-blwgc,1,2
1782283198,tc-26-7-4-1-11,osmo-mobile-57ffcc5b84-bcb6v,2,33
1782283198,tc-26-7-4-1-11,osmo-stp-768687f494-cdvls,1,2
1782283198,tc-26-7-4-1-11,ttcn3-tc-26-7-4-1-1-vfwzt,1,6
1782283198,tc-26-7-4-1-11,virtphy-689cb88f6c-lpfmk,6,1
1782283198,tc-26-7-5-3-12,msc-test-stub-5b875d749d-9xvl9,1,16
1782283198,tc-26-7-5-3-12,osmo-bsc-594654bd47-b8kpq,1,5
1782283198,tc-26-7-5-3-12,osmo-bts-virtual-5f8b9b86fc-wl7k2,22,5
1782283198,tc-26-7-5-3-12,osmo-hlr-546bdb8988-d6l2s,1,2
1782283198,tc-26-7-5-3-12,osmo-mgw-8c8fc67d6-xp48l,1,2
1782283198,tc-26-7-5-3-12,osmo-mobile-79c8f8bc4b-mc6jq,3,36
1782283198,tc-26-7-5-3-12,osmo-stp-768687f494-2nqzv,1,2
1782283198,tc-26-7-5-3-12,ttcn3-tc-26-7-5-3-1-p97pl,1,6
1782283198,tc-26-7-5-3-12,virtphy-56cc7fd87-gnrrq,6,1
1782283200,kube-system,coredns-c4dbffb5f-p9rsr,4,29
1782283200,kube-system,local-path-provisioner-5c4dc5d66d-nfqxz,1,15
1782283200,kube-system,metrics-server-786d997795-hcp2m,7,45
1782283200,kube-system,svclb-traefik-1100f998-kpm9h,0,0
1782283200,kube-system,traefik-9bcdbbd9-qtpjt,2,36
1782283200,tc-26-6-11-1-9,msc-test-stub-5b875d749d-mx9h8,1,16
1782283200,tc-26-6-11-1-9,osmo-bsc-594654bd47-22w8h,1,5
1782283200,tc-26-6-11-1-9,osmo-bts-virtual-5f8b9b86fc-98h4z,23,5
1782283200,tc-26-6-11-1-9,osmo-hlr-546bdb8988-mbk5k,1,2
1782283200,tc-26-6-11-1-9,osmo-mgw-8c8fc67d6-95rkp,1,2
1782283200,tc-26-6-11-1-9,osmo-mobile-654dfdc996-rvbm9,2,33
1782283200,tc-26-6-11-1-9,osmo-stp-768687f494-b2r4v,1,2
1782283200,tc-26-6-11-1-9,ttcn3-tc-26-6-11-1-1-vk89h,1,11
1782283200,tc-26-6-11-1-9,virtphy-7dc46555f-httmn,7,1
1782283200,tc-26-6-2-1-1-10,msc-test-stub-5b875d749d-sf5nr,1,16
1782283200,tc-26-6-2-1-1-10,osmo-bsc-594654bd47-lgm95,1,5
1782283200,tc-26-6-2-1-1-10,osmo-bts-virtual-5f8b9b86fc-lz8v5,21,5
1782283200,tc-26-6-2-1-1-10,osmo-hlr-546bdb8988-gjv5l,1,2
1782283200,tc-26-6-2-1-1-10,osmo-mgw-8c8fc67d6-t5sth,1,2
1782283200,tc-26-6-2-1-1-10,osmo-mobile-587bd5b846-btmbs,2,33
1782283200,tc-26-6-2-1-1-10,osmo-stp-768687f494-pq8rn,1,2
1782283200,tc-26-6-2-1-1-10,virtphy-96dd7697f-dbfnf,6,1
1782283200,tc-26-6-2-3-1-1,msc-test-stub-5b875d749d-kkdgt,10,16
1782283200,tc-26-6-2-3-1-1,osmo-bsc-594654bd47-cbm7z,9,5
1782283200,tc-26-6-2-3-1-1,osmo-bts-virtual-5f8b9b86fc-cbwgk,9,5
1782283200,tc-26-6-2-3-1-1,osmo-hlr-546bdb8988-xs8kw,1,2
1782283200,tc-26-6-2-3-1-1,osmo-mgw-8c8fc67d6-7sbxs,1,2
1782283200,tc-26-6-2-3-1-1,osmo-mobile-54df7bb868-c8rzc,22,36
1782283200,tc-26-6-2-3-1-1,osmo-stp-768687f494-6jzfj,1,2
1782283200,tc-26-6-2-3-1-1,virtphy-98dbf4747-6d9px,7,1
1782283200,tc-26-6-2-4-8,msc-test-stub-5b875d749d-xvhpf,1,16
1782283200,tc-26-6-2-4-8,osmo-bsc-594654bd47-msv6c,1,5
1782283200,tc-26-6-2-4-8,osmo-bts-virtual-5f8b9b86fc-g8mvt,22,5
1782283200,tc-26-6-2-4-8,osmo-hlr-546bdb8988-8gkbl,1,2
1782283200,tc-26-6-2-4-8,osmo-mgw-8c8fc67d6-n8kkk,1,2
1782283200,tc-26-6-2-4-8,osmo-mobile-67b9dc6556-l7d2s,2,33
1782283200,tc-26-6-2-4-8,osmo-stp-768687f494-ncn4x,1,2
1782283200,tc-26-6-2-4-8,virtphy-7f5dbd568c-wpbgd,7,1
1782283200,tc-26-7-2-1-4,msc-test-stub-5b875d749d-f4nnq,1,16
1782283200,tc-26-7-2-1-4,osmo-bts-virtual-5f8b9b86fc-kzkkp,22,5
1782283200,tc-26-7-2-1-4,osmo-mgw-8c8fc67d6-v4v28,1,2
1782283200,tc-26-7-2-1-4,osmo-mobile-64dcc87988-r4bxs,2,36
1782283200,tc-26-7-2-1-4,osmo-stp-768687f494-t9pm5,1,2
1782283200,tc-26-7-2-1-4,virtphy-6f8b6f6885-hg7cs,7,1
1782283200,tc-26-7-2-2-3,msc-test-stub-5b875d749d-2k5jx,1,16
1782283200,tc-26-7-2-2-3,osmo-bsc-594654bd47-bjbll,1,5
1782283200,tc-26-7-2-2-3,osmo-bts-virtual-5f8b9b86fc-dj9j7,26,5
1782283200,tc-26-7-2-2-3,osmo-hlr-546bdb8988-q5xcs,1,2
1782283200,tc-26-7-2-2-3,osmo-mgw-8c8fc67d6-w7mb7,1,2
1782283200,tc-26-7-2-2-3,osmo-mobile-65b5958d7b-nd7wr,2,36
1782283200,tc-26-7-2-2-3,osmo-stp-768687f494-x889n,1,2
1782283200,tc-26-7-2-2-3,ttcn3-tc-26-7-2-2-1-44f7s,1,6
1782283200,tc-26-7-2-2-3,virtphy-669796d86c-dl9dt,7,1
1782283200,tc-26-7-3-2-2,msc-test-stub-5b875d749d-vcrjm,8,16
1782283200,tc-26-7-3-2-2,osmo-bsc-594654bd47-7nw9l,7,5
1782283200,tc-26-7-3-2-2,osmo-bts-virtual-5f8b9b86fc-4fnh4,9,5
1782283200,tc-26-7-3-2-2,osmo-hlr-546bdb8988-dh7l7,4,2
1782283200,tc-26-7-3-2-2,osmo-mgw-8c8fc67d6-n8lxb,5,2
1782283200,tc-26-7-3-2-2,osmo-mobile-698697576-dlg79,19,33
1782283200,tc-26-7-3-2-2,osmo-stp-768687f494-ftknv,1,2
1782283200,tc-26-7-3-2-2,virtphy-785d5cf49-h4csq,6,1
1782283200,tc-26-7-4-1-11,msc-test-stub-5b875d749d-nf4fk,1,16
1782283200,tc-26-7-4-1-11,osmo-bsc-594654bd47-qlrkz,1,5
1782283200,tc-26-7-4-1-11,osmo-bts-virtual-5f8b9b86fc-ksxp2,26,5
1782283200,tc-26-7-4-1-11,osmo-hlr-546bdb8988-m7slh,1,2
1782283200,tc-26-7-4-1-11,osmo-mgw-8c8fc67d6-blwgc,1,2
1782283200,tc-26-7-4-1-11,osmo-mobile-57ffcc5b84-bcb6v,2,33
1782283200,tc-26-7-4-1-11,osmo-stp-768687f494-cdvls,1,2
1782283200,tc-26-7-4-1-11,ttcn3-tc-26-7-4-1-1-vfwzt,1,6
1782283200,tc-26-7-4-1-11,virtphy-689cb88f6c-lpfmk,6,1
1782283200,tc-26-7-5-3-12,msc-test-stub-5b875d749d-9xvl9,1,16
1782283200,tc-26-7-5-3-12,osmo-bsc-594654bd47-b8kpq,1,5
1782283200,tc-26-7-5-3-12,osmo-bts-virtual-5f8b9b86fc-wl7k2,22,5
1782283200,tc-26-7-5-3-12,osmo-hlr-546bdb8988-d6l2s,1,2
1782283200,tc-26-7-5-3-12,osmo-mgw-8c8fc67d6-xp48l,1,2
1782283200,tc-26-7-5-3-12,osmo-mobile-79c8f8bc4b-mc6jq,2,36
1782283200,tc-26-7-5-3-12,osmo-stp-768687f494-2nqzv,1,2
1782283200,tc-26-7-5-3-12,ttcn3-tc-26-7-5-3-1-p97pl,1,6
1782283200,tc-26-7-5-3-12,virtphy-56cc7fd87-gnrrq,6,1
1782283203,kube-system,coredns-c4dbffb5f-p9rsr,4,29
1782283203,kube-system,local-path-provisioner-5c4dc5d66d-nfqxz,1,15
1782283203,kube-system,metrics-server-786d997795-hcp2m,7,45
1782283203,kube-system,svclb-traefik-1100f998-kpm9h,0,0
1782283203,kube-system,traefik-9bcdbbd9-qtpjt,2,36
1782283203,tc-26-6-11-1-9,msc-test-stub-5b875d749d-mx9h8,1,16
1782283203,tc-26-6-11-1-9,osmo-bsc-594654bd47-22w8h,1,5
1782283203,tc-26-6-11-1-9,osmo-bts-virtual-5f8b9b86fc-98h4z,23,5
1782283203,tc-26-6-11-1-9,osmo-hlr-546bdb8988-mbk5k,1,2
1782283203,tc-26-6-11-1-9,osmo-mgw-8c8fc67d6-95rkp,1,2
1782283203,tc-26-6-11-1-9,osmo-mobile-654dfdc996-rvbm9,2,33
1782283203,tc-26-6-11-1-9,osmo-stp-768687f494-b2r4v,1,2
1782283203,tc-26-6-11-1-9,ttcn3-tc-26-6-11-1-1-vk89h,1,11
1782283203,tc-26-6-11-1-9,virtphy-7dc46555f-httmn,7,1
1782283203,tc-26-6-2-1-1-10,msc-test-stub-5b875d749d-sf5nr,1,16
1782283203,tc-26-6-2-1-1-10,osmo-bsc-594654bd47-lgm95,1,5
1782283203,tc-26-6-2-1-1-10,osmo-bts-virtual-5f8b9b86fc-lz8v5,21,5
1782283203,tc-26-6-2-1-1-10,osmo-hlr-546bdb8988-gjv5l,1,2
1782283203,tc-26-6-2-1-1-10,osmo-mgw-8c8fc67d6-t5sth,1,2
1782283203,tc-26-6-2-1-1-10,osmo-mobile-587bd5b846-btmbs,2,33
1782283203,tc-26-6-2-1-1-10,osmo-stp-768687f494-pq8rn,1,2
1782283203,tc-26-6-2-1-1-10,virtphy-96dd7697f-dbfnf,6,1
1782283203,tc-26-6-2-3-1-1,msc-test-stub-5b875d749d-kkdgt,10,16
1782283203,tc-26-6-2-3-1-1,osmo-bsc-594654bd47-cbm7z,9,5
1782283203,tc-26-6-2-3-1-1,osmo-bts-virtual-5f8b9b86fc-cbwgk,9,5
1782283203,tc-26-6-2-3-1-1,osmo-hlr-546bdb8988-xs8kw,1,2
1782283203,tc-26-6-2-3-1-1,osmo-mgw-8c8fc67d6-7sbxs,1,2
1782283203,tc-26-6-2-3-1-1,osmo-mobile-54df7bb868-c8rzc,22,36
1782283203,tc-26-6-2-3-1-1,osmo-stp-768687f494-6jzfj,1,2
1782283203,tc-26-6-2-3-1-1,virtphy-98dbf4747-6d9px,7,1
1782283203,tc-26-6-2-4-8,msc-test-stub-5b875d749d-xvhpf,1,16
1782283203,tc-26-6-2-4-8,osmo-bsc-594654bd47-msv6c,1,5
1782283203,tc-26-6-2-4-8,osmo-bts-virtual-5f8b9b86fc-g8mvt,22,5
1782283203,tc-26-6-2-4-8,osmo-hlr-546bdb8988-8gkbl,1,2
1782283203,tc-26-6-2-4-8,osmo-mgw-8c8fc67d6-n8kkk,1,2
1782283203,tc-26-6-2-4-8,osmo-mobile-67b9dc6556-l7d2s,2,33
1782283203,tc-26-6-2-4-8,osmo-stp-768687f494-ncn4x,1,2
1782283203,tc-26-6-2-4-8,virtphy-7f5dbd568c-wpbgd,7,1
1782283203,tc-26-7-2-1-4,msc-test-stub-5b875d749d-f4nnq,1,16
1782283203,tc-26-7-2-1-4,osmo-mgw-8c8fc67d6-v4v28,1,2
1782283203,tc-26-7-2-1-4,osmo-mobile-64dcc87988-r4bxs,2,36
1782283203,tc-26-7-2-2-3,msc-test-stub-5b875d749d-2k5jx,1,16
1782283203,tc-26-7-2-2-3,osmo-bsc-594654bd47-bjbll,1,5
1782283203,tc-26-7-2-2-3,osmo-bts-virtual-5f8b9b86fc-dj9j7,26,5
1782283203,tc-26-7-2-2-3,osmo-hlr-546bdb8988-q5xcs,1,2
1782283203,tc-26-7-2-2-3,osmo-mgw-8c8fc67d6-w7mb7,1,2
1782283203,tc-26-7-2-2-3,osmo-mobile-65b5958d7b-nd7wr,2,36
1782283203,tc-26-7-2-2-3,osmo-stp-768687f494-x889n,1,2
1782283203,tc-26-7-2-2-3,ttcn3-tc-26-7-2-2-1-44f7s,1,6
1782283203,tc-26-7-2-2-3,virtphy-669796d86c-dl9dt,7,1
1782283203,tc-26-7-3-2-2,msc-test-stub-5b875d749d-vcrjm,8,16
1782283203,tc-26-7-3-2-2,osmo-bsc-594654bd47-7nw9l,7,5
1782283203,tc-26-7-3-2-2,osmo-bts-virtual-5f8b9b86fc-4fnh4,9,5
1782283203,tc-26-7-3-2-2,osmo-hlr-546bdb8988-dh7l7,4,2
1782283203,tc-26-7-3-2-2,osmo-mgw-8c8fc67d6-n8lxb,5,2
1782283203,tc-26-7-3-2-2,osmo-mobile-698697576-dlg79,19,33
1782283203,tc-26-7-3-2-2,osmo-stp-768687f494-ftknv,1,2
1782283203,tc-26-7-3-2-2,virtphy-785d5cf49-h4csq,6,1
1782283203,tc-26-7-4-1-11,msc-test-stub-5b875d749d-nf4fk,1,16
1782283203,tc-26-7-4-1-11,osmo-bsc-594654bd47-qlrkz,1,5
1782283203,tc-26-7-4-1-11,osmo-bts-virtual-5f8b9b86fc-ksxp2,26,5
1782283203,tc-26-7-4-1-11,osmo-hlr-546bdb8988-m7slh,1,2
1782283203,tc-26-7-4-1-11,osmo-mgw-8c8fc67d6-blwgc,1,2
1782283203,tc-26-7-4-1-11,osmo-mobile-57ffcc5b84-bcb6v,2,33
1782283203,tc-26-7-4-1-11,osmo-stp-768687f494-cdvls,1,2
1782283203,tc-26-7-4-1-11,ttcn3-tc-26-7-4-1-1-vfwzt,1,6
1782283203,tc-26-7-4-1-11,virtphy-689cb88f6c-lpfmk,6,1
1782283203,tc-26-7-5-3-12,msc-test-stub-5b875d749d-9xvl9,1,16
1782283203,tc-26-7-5-3-12,osmo-bsc-594654bd47-b8kpq,1,5
1782283203,tc-26-7-5-3-12,osmo-bts-virtual-5f8b9b86fc-wl7k2,22,5
1782283203,tc-26-7-5-3-12,osmo-hlr-546bdb8988-d6l2s,1,2
1782283203,tc-26-7-5-3-12,osmo-mgw-8c8fc67d6-xp48l,1,2
1782283203,tc-26-7-5-3-12,osmo-mobile-79c8f8bc4b-mc6jq,2,36
1782283203,tc-26-7-5-3-12,osmo-stp-768687f494-2nqzv,1,2
1782283203,tc-26-7-5-3-12,ttcn3-tc-26-7-5-3-1-p97pl,1,6
1782283203,tc-26-7-5-3-12,virtphy-56cc7fd87-gnrrq,6,1
1782283206,kube-system,coredns-c4dbffb5f-p9rsr,4,29
1782283206,kube-system,local-path-provisioner-5c4dc5d66d-nfqxz,1,15
1782283206,kube-system,metrics-server-786d997795-hcp2m,7,45
1782283206,kube-system,svclb-traefik-1100f998-kpm9h,0,0
1782283206,kube-system,traefik-9bcdbbd9-qtpjt,2,36
1782283206,tc-26-6-11-1-9,msc-test-stub-5b875d749d-mx9h8,1,16
1782283206,tc-26-6-11-1-9,osmo-bsc-594654bd47-22w8h,1,5
1782283206,tc-26-6-11-1-9,osmo-bts-virtual-5f8b9b86fc-98h4z,23,5
1782283206,tc-26-6-11-1-9,osmo-hlr-546bdb8988-mbk5k,1,2
1782283206,tc-26-6-11-1-9,osmo-mgw-8c8fc67d6-95rkp,1,2
1782283206,tc-26-6-11-1-9,osmo-mobile-654dfdc996-rvbm9,2,33
1782283206,tc-26-6-11-1-9,osmo-stp-768687f494-b2r4v,1,2
1782283206,tc-26-6-11-1-9,virtphy-7dc46555f-httmn,7,1
1782283206,tc-26-6-2-1-1-10,msc-test-stub-5b875d749d-sf5nr,1,16
1782283206,tc-26-6-2-1-1-10,osmo-bsc-594654bd47-lgm95,1,5
1782283206,tc-26-6-2-1-1-10,osmo-bts-virtual-5f8b9b86fc-lz8v5,21,5
1782283206,tc-26-6-2-1-1-10,osmo-hlr-546bdb8988-gjv5l,1,2
1782283206,tc-26-6-2-1-1-10,osmo-mgw-8c8fc67d6-t5sth,1,2
1782283206,tc-26-6-2-1-1-10,osmo-mobile-587bd5b846-btmbs,2,33
1782283206,tc-26-6-2-1-1-10,osmo-stp-768687f494-pq8rn,1,2
1782283206,tc-26-6-2-1-1-10,virtphy-96dd7697f-dbfnf,6,1
1782283206,tc-26-6-2-3-1-1,msc-test-stub-5b875d749d-kkdgt,10,16
1782283206,tc-26-6-2-3-1-1,osmo-bsc-594654bd47-cbm7z,9,5
1782283206,tc-26-6-2-3-1-1,osmo-bts-virtual-5f8b9b86fc-cbwgk,9,5
1782283206,tc-26-6-2-3-1-1,osmo-hlr-546bdb8988-xs8kw,1,2
1782283206,tc-26-6-2-3-1-1,osmo-mgw-8c8fc67d6-7sbxs,1,2
1782283206,tc-26-6-2-3-1-1,osmo-mobile-54df7bb868-c8rzc,22,36
1782283206,tc-26-6-2-3-1-1,osmo-stp-768687f494-6jzfj,1,2
1782283206,tc-26-6-2-3-1-1,virtphy-98dbf4747-6d9px,7,1
1782283206,tc-26-6-2-4-8,msc-test-stub-5b875d749d-xvhpf,1,16
1782283206,tc-26-6-2-4-8,osmo-bsc-594654bd47-msv6c,1,5
1782283206,tc-26-6-2-4-8,osmo-bts-virtual-5f8b9b86fc-g8mvt,22,5
1782283206,tc-26-6-2-4-8,osmo-hlr-546bdb8988-8gkbl,1,2
1782283206,tc-26-6-2-4-8,osmo-mgw-8c8fc67d6-n8kkk,1,2
1782283206,tc-26-6-2-4-8,osmo-mobile-67b9dc6556-l7d2s,2,33
1782283206,tc-26-6-2-4-8,osmo-stp-768687f494-ncn4x,1,2
1782283206,tc-26-6-2-4-8,virtphy-7f5dbd568c-wpbgd,7,1
1782283206,tc-26-7-2-1-4,msc-test-stub-5b875d749d-f4nnq,1,16
1782283206,tc-26-7-2-1-4,osmo-mgw-8c8fc67d6-v4v28,1,2
1782283206,tc-26-7-2-1-4,osmo-mobile-64dcc87988-r4bxs,2,36
1782283206,tc-26-7-2-2-3,msc-test-stub-5b875d749d-2k5jx,1,16
1782283206,tc-26-7-2-2-3,osmo-bsc-594654bd47-bjbll,1,5
1782283206,tc-26-7-2-2-3,osmo-bts-virtual-5f8b9b86fc-dj9j7,26,5
1782283206,tc-26-7-2-2-3,osmo-hlr-546bdb8988-q5xcs,1,2
1782283206,tc-26-7-2-2-3,osmo-mgw-8c8fc67d6-w7mb7,1,2
1782283206,tc-26-7-2-2-3,osmo-mobile-65b5958d7b-nd7wr,2,36
1782283206,tc-26-7-2-2-3,osmo-stp-768687f494-x889n,1,2
1782283206,tc-26-7-2-2-3,ttcn3-tc-26-7-2-2-1-44f7s,1,6
1782283206,tc-26-7-2-2-3,virtphy-669796d86c-dl9dt,7,1
1782283206,tc-26-7-3-2-2,msc-test-stub-5b875d749d-vcrjm,8,16
1782283206,tc-26-7-3-2-2,osmo-bsc-594654bd47-7nw9l,7,5
1782283206,tc-26-7-3-2-2,osmo-bts-virtual-5f8b9b86fc-4fnh4,9,5
1782283206,tc-26-7-3-2-2,osmo-hlr-546bdb8988-dh7l7,4,2
1782283206,tc-26-7-3-2-2,osmo-mgw-8c8fc67d6-n8lxb,5,2
1782283206,tc-26-7-3-2-2,osmo-mobile-698697576-dlg79,19,33
1782283206,tc-26-7-3-2-2,osmo-stp-768687f494-ftknv,1,2
1782283206,tc-26-7-3-2-2,virtphy-785d5cf49-h4csq,6,1
1782283206,tc-26-7-4-1-11,msc-test-stub-5b875d749d-nf4fk,1,16
1782283206,tc-26-7-4-1-11,osmo-bsc-594654bd47-qlrkz,1,5
1782283206,tc-26-7-4-1-11,osmo-bts-virtual-5f8b9b86fc-ksxp2,26,5
1782283206,tc-26-7-4-1-11,osmo-hlr-546bdb8988-m7slh,1,2
1782283206,tc-26-7-4-1-11,osmo-mgw-8c8fc67d6-blwgc,1,2
1782283206,tc-26-7-4-1-11,osmo-mobile-57ffcc5b84-bcb6v,2,33
1782283206,tc-26-7-4-1-11,osmo-stp-768687f494-cdvls,1,2
1782283206,tc-26-7-4-1-11,ttcn3-tc-26-7-4-1-1-vfwzt,1,6
1782283206,tc-26-7-4-1-11,virtphy-689cb88f6c-lpfmk,6,1
1782283206,tc-26-7-5-3-12,msc-test-stub-5b875d749d-9xvl9,1,16
1782283206,tc-26-7-5-3-12,osmo-bsc-594654bd47-b8kpq,1,5
1782283206,tc-26-7-5-3-12,osmo-bts-virtual-5f8b9b86fc-wl7k2,22,5
1782283206,tc-26-7-5-3-12,osmo-hlr-546bdb8988-d6l2s,1,2
1782283206,tc-26-7-5-3-12,osmo-mgw-8c8fc67d6-xp48l,1,2
1782283206,tc-26-7-5-3-12,osmo-mobile-79c8f8bc4b-mc6jq,2,36
1782283206,tc-26-7-5-3-12,osmo-stp-768687f494-2nqzv,1,2
1782283206,tc-26-7-5-3-12,ttcn3-tc-26-7-5-3-1-p97pl,1,6
1782283206,tc-26-7-5-3-12,virtphy-56cc7fd87-gnrrq,6,1
1782283209,kube-system,coredns-c4dbffb5f-p9rsr,4,29
1782283209,kube-system,local-path-provisioner-5c4dc5d66d-nfqxz,1,15
1782283209,kube-system,metrics-server-786d997795-hcp2m,7,45
1782283209,kube-system,svclb-traefik-1100f998-kpm9h,0,0
1782283209,kube-system,traefik-9bcdbbd9-qtpjt,2,36
1782283209,tc-26-6-11-1-9,msc-test-stub-5b875d749d-mx9h8,1,16
1782283209,tc-26-6-11-1-9,osmo-bsc-594654bd47-22w8h,1,5
1782283209,tc-26-6-11-1-9,osmo-bts-virtual-5f8b9b86fc-98h4z,23,5
1782283209,tc-26-6-11-1-9,osmo-hlr-546bdb8988-mbk5k,1,2
1782283209,tc-26-6-11-1-9,osmo-mgw-8c8fc67d6-95rkp,1,2
1782283209,tc-26-6-11-1-9,osmo-mobile-654dfdc996-rvbm9,2,33
1782283209,tc-26-6-11-1-9,osmo-stp-768687f494-b2r4v,1,2
1782283209,tc-26-6-11-1-9,virtphy-7dc46555f-httmn,7,1
1782283209,tc-26-6-2-1-1-10,msc-test-stub-5b875d749d-sf5nr,1,16
1782283209,tc-26-6-2-1-1-10,osmo-mgw-8c8fc67d6-t5sth,1,2
1782283209,tc-26-6-2-1-1-10,osmo-mobile-587bd5b846-btmbs,2,33
1782283209,tc-26-6-2-3-1-1,msc-test-stub-5b875d749d-kkdgt,10,16
1782283209,tc-26-6-2-3-1-1,osmo-bsc-594654bd47-cbm7z,9,5
1782283209,tc-26-6-2-3-1-1,osmo-bts-virtual-5f8b9b86fc-cbwgk,9,5
1782283209,tc-26-6-2-3-1-1,osmo-hlr-546bdb8988-xs8kw,1,2
1782283209,tc-26-6-2-3-1-1,osmo-mgw-8c8fc67d6-7sbxs,1,2
1782283209,tc-26-6-2-3-1-1,osmo-mobile-54df7bb868-c8rzc,22,36
1782283209,tc-26-6-2-3-1-1,osmo-stp-768687f494-6jzfj,1,2
1782283209,tc-26-6-2-3-1-1,virtphy-98dbf4747-6d9px,7,1
1782283209,tc-26-6-2-4-8,msc-test-stub-5b875d749d-xvhpf,1,16
1782283209,tc-26-6-2-4-8,osmo-bts-virtual-5f8b9b86fc-g8mvt,22,5
1782283209,tc-26-6-2-4-8,osmo-mgw-8c8fc67d6-n8kkk,1,2
1782283209,tc-26-6-2-4-8,osmo-mobile-67b9dc6556-l7d2s,2,33
1782283209,tc-26-7-2-1-4,msc-test-stub-5b875d749d-f4nnq,1,16
1782283209,tc-26-7-2-1-4,osmo-mgw-8c8fc67d6-v4v28,1,2
1782283209,tc-26-7-2-1-4,osmo-mobile-64dcc87988-r4bxs,2,36
1782283209,tc-26-7-2-2-3,msc-test-stub-5b875d749d-2k5jx,1,16
1782283209,tc-26-7-2-2-3,osmo-bsc-594654bd47-bjbll,1,5
1782283209,tc-26-7-2-2-3,osmo-bts-virtual-5f8b9b86fc-dj9j7,26,5
1782283209,tc-26-7-2-2-3,osmo-hlr-546bdb8988-q5xcs,1,2
1782283209,tc-26-7-2-2-3,osmo-mgw-8c8fc67d6-w7mb7,1,2
1782283209,tc-26-7-2-2-3,osmo-mobile-65b5958d7b-nd7wr,2,36
1782283209,tc-26-7-2-2-3,osmo-stp-768687f494-x889n,1,2
1782283209,tc-26-7-2-2-3,ttcn3-tc-26-7-2-2-1-44f7s,1,6
1782283209,tc-26-7-2-2-3,virtphy-669796d86c-dl9dt,7,1
1782283209,tc-26-7-3-2-2,msc-test-stub-5b875d749d-vcrjm,8,16
1782283209,tc-26-7-3-2-2,osmo-bsc-594654bd47-7nw9l,7,5
1782283209,tc-26-7-3-2-2,osmo-bts-virtual-5f8b9b86fc-4fnh4,9,5
1782283209,tc-26-7-3-2-2,osmo-hlr-546bdb8988-dh7l7,4,2
1782283209,tc-26-7-3-2-2,osmo-mgw-8c8fc67d6-n8lxb,5,2
1782283209,tc-26-7-3-2-2,osmo-mobile-698697576-dlg79,19,33
1782283209,tc-26-7-3-2-2,osmo-stp-768687f494-ftknv,1,2
1782283209,tc-26-7-3-2-2,virtphy-785d5cf49-h4csq,6,1
1782283209,tc-26-7-4-1-11,msc-test-stub-5b875d749d-nf4fk,1,16
1782283209,tc-26-7-4-1-11,osmo-bsc-594654bd47-qlrkz,1,5
1782283209,tc-26-7-4-1-11,osmo-bts-virtual-5f8b9b86fc-ksxp2,26,5
1782283209,tc-26-7-4-1-11,osmo-hlr-546bdb8988-m7slh,1,2
1782283209,tc-26-7-4-1-11,osmo-mgw-8c8fc67d6-blwgc,1,2
1782283209,tc-26-7-4-1-11,osmo-mobile-57ffcc5b84-bcb6v,2,33
1782283209,tc-26-7-4-1-11,osmo-stp-768687f494-cdvls,1,2
1782283209,tc-26-7-4-1-11,ttcn3-tc-26-7-4-1-1-vfwzt,1,6
1782283209,tc-26-7-4-1-11,virtphy-689cb88f6c-lpfmk,6,1
1782283209,tc-26-7-5-3-12,msc-test-stub-5b875d749d-9xvl9,1,16
1782283209,tc-26-7-5-3-12,osmo-bsc-594654bd47-b8kpq,1,5
1782283209,tc-26-7-5-3-12,osmo-bts-virtual-5f8b9b86fc-wl7k2,22,5
1782283209,tc-26-7-5-3-12,osmo-hlr-546bdb8988-d6l2s,1,2
1782283209,tc-26-7-5-3-12,osmo-mgw-8c8fc67d6-xp48l,1,2
1782283209,tc-26-7-5-3-12,osmo-mobile-79c8f8bc4b-mc6jq,2,36
1782283209,tc-26-7-5-3-12,osmo-stp-768687f494-2nqzv,1,2
1782283209,tc-26-7-5-3-12,ttcn3-tc-26-7-5-3-1-p97pl,1,6
1782283209,tc-26-7-5-3-12,virtphy-56cc7fd87-gnrrq,6,1
1782283212,kube-system,coredns-c4dbffb5f-p9rsr,4,29
1782283212,kube-system,local-path-provisioner-5c4dc5d66d-nfqxz,1,15
1782283212,kube-system,metrics-server-786d997795-hcp2m,7,45
1782283212,kube-system,svclb-traefik-1100f998-kpm9h,0,0
1782283212,kube-system,traefik-9bcdbbd9-qtpjt,2,36
1782283212,tc-26-6-11-1-9,msc-test-stub-5b875d749d-mx9h8,1,16
1782283212,tc-26-6-11-1-9,osmo-bsc-594654bd47-22w8h,1,5
1782283212,tc-26-6-11-1-9,osmo-bts-virtual-5f8b9b86fc-98h4z,23,5
1782283212,tc-26-6-11-1-9,osmo-hlr-546bdb8988-mbk5k,1,2
1782283212,tc-26-6-11-1-9,osmo-mgw-8c8fc67d6-95rkp,1,2
1782283212,tc-26-6-11-1-9,osmo-mobile-654dfdc996-rvbm9,2,33
1782283212,tc-26-6-11-1-9,osmo-stp-768687f494-b2r4v,1,2
1782283212,tc-26-6-11-1-9,virtphy-7dc46555f-httmn,7,1
1782283212,tc-26-6-2-1-1-10,msc-test-stub-5b875d749d-sf5nr,1,16
1782283212,tc-26-6-2-1-1-10,osmo-mgw-8c8fc67d6-t5sth,1,2
1782283212,tc-26-6-2-1-1-10,osmo-mobile-587bd5b846-btmbs,2,33
1782283212,tc-26-6-2-3-1-1,msc-test-stub-5b875d749d-kkdgt,10,16
1782283212,tc-26-6-2-3-1-1,osmo-bsc-594654bd47-cbm7z,9,5
1782283212,tc-26-6-2-3-1-1,osmo-bts-virtual-5f8b9b86fc-cbwgk,9,5
1782283212,tc-26-6-2-3-1-1,osmo-hlr-546bdb8988-xs8kw,1,2
1782283212,tc-26-6-2-3-1-1,osmo-mgw-8c8fc67d6-7sbxs,1,2
1782283212,tc-26-6-2-3-1-1,osmo-mobile-54df7bb868-c8rzc,22,36
1782283212,tc-26-6-2-3-1-1,osmo-stp-768687f494-6jzfj,1,2
1782283212,tc-26-6-2-3-1-1,virtphy-98dbf4747-6d9px,7,1
1782283212,tc-26-6-2-4-8,msc-test-stub-5b875d749d-xvhpf,1,16
1782283212,tc-26-6-2-4-8,osmo-mgw-8c8fc67d6-n8kkk,1,2
1782283212,tc-26-6-2-4-8,osmo-mobile-67b9dc6556-l7d2s,2,33
1782283212,tc-26-7-2-1-4,msc-test-stub-5b875d749d-f4nnq,1,16
1782283212,tc-26-7-2-1-4,osmo-mgw-8c8fc67d6-v4v28,1,2
1782283212,tc-26-7-2-1-4,osmo-mobile-64dcc87988-r4bxs,2,36
1782283212,tc-26-7-2-2-3,msc-test-stub-5b875d749d-2k5jx,1,16
1782283212,tc-26-7-2-2-3,osmo-bsc-594654bd47-bjbll,1,5
1782283212,tc-26-7-2-2-3,osmo-bts-virtual-5f8b9b86fc-dj9j7,26,5
1782283212,tc-26-7-2-2-3,osmo-hlr-546bdb8988-q5xcs,1,2
1782283212,tc-26-7-2-2-3,osmo-mgw-8c8fc67d6-w7mb7,1,2
1782283212,tc-26-7-2-2-3,osmo-mobile-65b5958d7b-nd7wr,2,36
1782283212,tc-26-7-2-2-3,osmo-stp-768687f494-x889n,1,2
1782283212,tc-26-7-2-2-3,ttcn3-tc-26-7-2-2-1-44f7s,1,6
1782283212,tc-26-7-2-2-3,virtphy-669796d86c-dl9dt,7,1
1782283212,tc-26-7-3-2-2,msc-test-stub-5b875d749d-vcrjm,8,16
1782283212,tc-26-7-3-2-2,osmo-bsc-594654bd47-7nw9l,7,5
1782283212,tc-26-7-3-2-2,osmo-bts-virtual-5f8b9b86fc-4fnh4,9,5
1782283212,tc-26-7-3-2-2,osmo-hlr-546bdb8988-dh7l7,4,2
1782283212,tc-26-7-3-2-2,osmo-mgw-8c8fc67d6-n8lxb,5,2
1782283212,tc-26-7-3-2-2,osmo-mobile-698697576-dlg79,19,33
1782283212,tc-26-7-3-2-2,osmo-stp-768687f494-ftknv,1,2
1782283212,tc-26-7-3-2-2,virtphy-785d5cf49-h4csq,6,1
1782283212,tc-26-7-4-1-11,msc-test-stub-5b875d749d-nf4fk,1,16
1782283212,tc-26-7-4-1-11,osmo-bsc-594654bd47-qlrkz,1,5
1782283212,tc-26-7-4-1-11,osmo-bts-virtual-5f8b9b86fc-ksxp2,26,5
1782283212,tc-26-7-4-1-11,osmo-hlr-546bdb8988-m7slh,1,2
1782283212,tc-26-7-4-1-11,osmo-mgw-8c8fc67d6-blwgc,1,2
1782283212,tc-26-7-4-1-11,osmo-mobile-57ffcc5b84-bcb6v,2,33
1782283212,tc-26-7-4-1-11,osmo-stp-768687f494-cdvls,1,2
1782283212,tc-26-7-4-1-11,ttcn3-tc-26-7-4-1-1-vfwzt,1,6
1782283212,tc-26-7-4-1-11,virtphy-689cb88f6c-lpfmk,6,1
1782283212,tc-26-7-5-3-12,msc-test-stub-5b875d749d-9xvl9,1,16
1782283212,tc-26-7-5-3-12,osmo-bsc-594654bd47-b8kpq,1,5
1782283212,tc-26-7-5-3-12,osmo-bts-virtual-5f8b9b86fc-wl7k2,22,5
1782283212,tc-26-7-5-3-12,osmo-hlr-546bdb8988-d6l2s,1,2
1782283212,tc-26-7-5-3-12,osmo-mgw-8c8fc67d6-xp48l,1,2
1782283212,tc-26-7-5-3-12,osmo-mobile-79c8f8bc4b-mc6jq,2,36
1782283212,tc-26-7-5-3-12,osmo-stp-768687f494-2nqzv,1,2
1782283212,tc-26-7-5-3-12,ttcn3-tc-26-7-5-3-1-p97pl,1,6
1782283212,tc-26-7-5-3-12,virtphy-56cc7fd87-gnrrq,6,1
1782283214,kube-system,coredns-c4dbffb5f-p9rsr,6,29
1782283214,kube-system,local-path-provisioner-5c4dc5d66d-nfqxz,1,15
1782283214,kube-system,metrics-server-786d997795-hcp2m,11,45
1782283214,kube-system,svclb-traefik-1100f998-kpm9h,0,0
1782283214,kube-system,traefik-9bcdbbd9-qtpjt,2,37
1782283214,tc-26-6-1-1-7,msc-test-stub-5b875d749d-qhcnt,11,16
1782283214,tc-26-6-1-1-7,osmo-bsc-594654bd47-mk546,4,5
1782283214,tc-26-6-1-1-7,osmo-bts-virtual-5f8b9b86fc-fwlzl,10,0
1782283214,tc-26-6-1-1-7,osmo-hlr-546bdb8988-vjqwp,5,2
1782283214,tc-26-6-1-1-7,osmo-mgw-8c8fc67d6-klmpk,5,2
1782283214,tc-26-6-1-1-7,osmo-mobile-58b76ddf85-gbd9r,16,36
1782283214,tc-26-6-1-1-7,osmo-stp-768687f494-6bzn7,8,2
1782283214,tc-26-6-1-1-7,virtphy-576cdd77b8-29gc2,8,1
1782283214,tc-26-6-11-1-9,msc-test-stub-5b875d749d-mx9h8,1,16
1782283214,tc-26-6-11-1-9,osmo-bts-virtual-5f8b9b86fc-98h4z,26,5
1782283214,tc-26-6-11-1-9,osmo-mgw-8c8fc67d6-95rkp,1,2
1782283214,tc-26-6-11-1-9,osmo-mobile-654dfdc996-rvbm9,2,33
1782283214,tc-26-6-2-1-1-10,msc-test-stub-5b875d749d-sf5nr,1,16
1782283214,tc-26-6-2-1-1-10,osmo-mgw-8c8fc67d6-t5sth,1,2
1782283214,tc-26-6-2-1-1-10,osmo-mobile-587bd5b846-btmbs,2,33
1782283214,tc-26-6-2-3-1-1,msc-test-stub-5b875d749d-kkdgt,1,20
1782283214,tc-26-6-2-3-1-1,osmo-bsc-594654bd47-cbm7z,1,5
1782283214,tc-26-6-2-3-1-1,osmo-bts-virtual-5f8b9b86fc-cbwgk,28,5
1782283214,tc-26-6-2-3-1-1,osmo-hlr-546bdb8988-xs8kw,1,2
1782283214,tc-26-6-2-3-1-1,osmo-mgw-8c8fc67d6-7sbxs,1,2
1782283214,tc-26-6-2-3-1-1,osmo-mobile-54df7bb868-c8rzc,3,36
1782283214,tc-26-6-2-3-1-1,osmo-stp-768687f494-6jzfj,1,2
1782283214,tc-26-6-2-3-1-1,virtphy-98dbf4747-6d9px,7,1
1782283214,tc-26-6-2-4-8,msc-test-stub-5b875d749d-xvhpf,1,16
1782283214,tc-26-6-2-4-8,osmo-mgw-8c8fc67d6-n8kkk,1,2
1782283214,tc-26-6-2-4-8,osmo-mobile-67b9dc6556-l7d2s,2,31
1782283214,tc-26-7-2-1-4,msc-test-stub-5b875d749d-f4nnq,1,16
1782283214,tc-26-7-2-1-4,osmo-mgw-8c8fc67d6-v4v28,1,2
1782283214,tc-26-7-2-1-4,osmo-mobile-64dcc87988-r4bxs,4,34
1782283214,tc-26-7-2-2-3,msc-test-stub-5b875d749d-2k5jx,1,16
1782283214,tc-26-7-2-2-3,osmo-bsc-594654bd47-bjbll,1,5
1782283214,tc-26-7-2-2-3,osmo-bts-virtual-5f8b9b86fc-dj9j7,25,5
1782283214,tc-26-7-2-2-3,osmo-hlr-546bdb8988-q5xcs,1,2
1782283214,tc-26-7-2-2-3,osmo-mgw-8c8fc67d6-w7mb7,1,2
1782283214,tc-26-7-2-2-3,osmo-mobile-65b5958d7b-nd7wr,2,36
1782283214,tc-26-7-2-2-3,osmo-stp-768687f494-x889n,1,2
1782283214,tc-26-7-2-2-3,ttcn3-tc-26-7-2-2-1-44f7s,1,6
1782283214,tc-26-7-2-2-3,virtphy-669796d86c-dl9dt,7,1
1782283214,tc-26-7-3-2-2,msc-test-stub-5b875d749d-vcrjm,1,16
1782283214,tc-26-7-3-2-2,osmo-bsc-594654bd47-7nw9l,1,5
1782283214,tc-26-7-3-2-2,osmo-bts-virtual-5f8b9b86fc-4fnh4,28,5
1782283214,tc-26-7-3-2-2,osmo-hlr-546bdb8988-dh7l7,1,2
1782283214,tc-26-7-3-2-2,osmo-mgw-8c8fc67d6-n8lxb,1,2
1782283214,tc-26-7-3-2-2,osmo-mobile-698697576-dlg79,3,33
1782283214,tc-26-7-3-2-2,osmo-stp-768687f494-ftknv,1,2
1782283214,tc-26-7-3-2-2,virtphy-785d5cf49-h4csq,6,1
1782283214,tc-26-7-4-1-11,msc-test-stub-5b875d749d-nf4fk,1,16
1782283214,tc-26-7-4-1-11,osmo-bsc-594654bd47-qlrkz,1,5
1782283214,tc-26-7-4-1-11,osmo-bts-virtual-5f8b9b86fc-ksxp2,27,5
1782283214,tc-26-7-4-1-11,osmo-hlr-546bdb8988-m7slh,1,2
1782283214,tc-26-7-4-1-11,osmo-mgw-8c8fc67d6-blwgc,1,2
1782283214,tc-26-7-4-1-11,osmo-mobile-57ffcc5b84-bcb6v,2,33
1782283214,tc-26-7-4-1-11,osmo-stp-768687f494-cdvls,1,2
1782283214,tc-26-7-4-1-11,ttcn3-tc-26-7-4-1-1-vfwzt,1,6
1782283214,tc-26-7-4-1-11,virtphy-689cb88f6c-lpfmk,7,1
1782283214,tc-26-7-5-3-12,msc-test-stub-5b875d749d-9xvl9,1,16
1782283214,tc-26-7-5-3-12,osmo-bsc-594654bd47-b8kpq,1,5
1782283214,tc-26-7-5-3-12,osmo-bts-virtual-5f8b9b86fc-wl7k2,23,5
1782283214,tc-26-7-5-3-12,osmo-hlr-546bdb8988-d6l2s,1,2
1782283214,tc-26-7-5-3-12,osmo-mgw-8c8fc67d6-xp48l,1,2
1782283214,tc-26-7-5-3-12,osmo-mobile-79c8f8bc4b-mc6jq,2,36
1782283214,tc-26-7-5-3-12,osmo-stp-768687f494-2nqzv,1,2
1782283214,tc-26-7-5-3-12,ttcn3-tc-26-7-5-3-1-p97pl,1,6
1782283214,tc-26-7-5-3-12,virtphy-56cc7fd87-gnrrq,6,1
1782283214,tc-34-2-2-6,osmo-bsc-594654bd47-ngnw2,8,5
1782283214,tc-34-2-2-6,osmo-bts-virtual-5f8b9b86fc-49knq,13,5
1782283214,tc-34-2-2-6,osmo-hlr-546bdb8988-zlpbh,1,2
1782283214,tc-34-2-2-6,osmo-mgw-8c8fc67d6-rngtg,5,2
1782283214,tc-34-2-2-6,osmo-mobile-56b5cd4676-8st5t,4,36
1782283214,tc-34-2-2-6,osmo-stp-768687f494-tqplx,1,2
1782283214,tc-34-2-2-6,virtphy-84fb969f5c-nv7hc,5,1
1782283217,kube-system,coredns-c4dbffb5f-p9rsr,6,29
1782283217,kube-system,local-path-provisioner-5c4dc5d66d-nfqxz,1,15
1782283217,kube-system,metrics-server-786d997795-hcp2m,11,45
1782283217,kube-system,svclb-traefik-1100f998-kpm9h,0,0
1782283217,kube-system,traefik-9bcdbbd9-qtpjt,2,37
1782283217,tc-26-6-1-1-7,msc-test-stub-5b875d749d-qhcnt,11,16
1782283217,tc-26-6-1-1-7,osmo-bsc-594654bd47-mk546,4,5
1782283217,tc-26-6-1-1-7,osmo-bts-virtual-5f8b9b86fc-fwlzl,10,0
1782283217,tc-26-6-1-1-7,osmo-hlr-546bdb8988-vjqwp,5,2
1782283217,tc-26-6-1-1-7,osmo-mgw-8c8fc67d6-klmpk,5,2
1782283217,tc-26-6-1-1-7,osmo-mobile-58b76ddf85-gbd9r,16,36
1782283217,tc-26-6-1-1-7,osmo-stp-768687f494-6bzn7,8,2
1782283217,tc-26-6-1-1-7,virtphy-576cdd77b8-29gc2,8,1
1782283217,tc-26-6-11-1-9,msc-test-stub-5b875d749d-mx9h8,1,16
1782283217,tc-26-6-11-1-9,osmo-bts-virtual-5f8b9b86fc-98h4z,26,5
1782283217,tc-26-6-11-1-9,osmo-mgw-8c8fc67d6-95rkp,1,2
1782283217,tc-26-6-11-1-9,osmo-mobile-654dfdc996-rvbm9,2,33
1782283217,tc-26-6-2-1-1-10,msc-test-stub-5b875d749d-sf5nr,1,16
1782283217,tc-26-6-2-1-1-10,osmo-mgw-8c8fc67d6-t5sth,1,2
1782283217,tc-26-6-2-1-1-10,osmo-mobile-587bd5b846-btmbs,2,33
1782283217,tc-26-6-2-3-1-1,msc-test-stub-5b875d749d-kkdgt,1,20
1782283217,tc-26-6-2-3-1-1,osmo-bsc-594654bd47-cbm7z,1,5
1782283217,tc-26-6-2-3-1-1,osmo-bts-virtual-5f8b9b86fc-cbwgk,28,5
1782283217,tc-26-6-2-3-1-1,osmo-hlr-546bdb8988-xs8kw,1,2
1782283217,tc-26-6-2-3-1-1,osmo-mgw-8c8fc67d6-7sbxs,1,2
1782283217,tc-26-6-2-3-1-1,osmo-mobile-54df7bb868-c8rzc,3,36
1782283217,tc-26-6-2-3-1-1,osmo-stp-768687f494-6jzfj,1,2
1782283217,tc-26-6-2-3-1-1,virtphy-98dbf4747-6d9px,7,1
1782283217,tc-26-6-2-4-8,msc-test-stub-5b875d749d-xvhpf,1,16
1782283217,tc-26-6-2-4-8,osmo-mgw-8c8fc67d6-n8kkk,1,2
1782283217,tc-26-6-2-4-8,osmo-mobile-67b9dc6556-l7d2s,2,31
1782283217,tc-26-7-2-1-4,msc-test-stub-5b875d749d-f4nnq,1,16
1782283217,tc-26-7-2-1-4,osmo-mgw-8c8fc67d6-v4v28,1,2
1782283217,tc-26-7-2-1-4,osmo-mobile-64dcc87988-r4bxs,4,34
1782283217,tc-26-7-2-2-3,msc-test-stub-5b875d749d-2k5jx,1,16
1782283217,tc-26-7-2-2-3,osmo-bsc-594654bd47-bjbll,1,5
1782283217,tc-26-7-2-2-3,osmo-bts-virtual-5f8b9b86fc-dj9j7,25,5
1782283217,tc-26-7-2-2-3,osmo-hlr-546bdb8988-q5xcs,1,2
1782283217,tc-26-7-2-2-3,osmo-mgw-8c8fc67d6-w7mb7,1,2
1782283217,tc-26-7-2-2-3,osmo-mobile-65b5958d7b-nd7wr,2,36
1782283217,tc-26-7-2-2-3,osmo-stp-768687f494-x889n,1,2
1782283217,tc-26-7-2-2-3,ttcn3-tc-26-7-2-2-1-44f7s,1,6
1782283217,tc-26-7-2-2-3,virtphy-669796d86c-dl9dt,7,1
1782283217,tc-26-7-3-2-2,msc-test-stub-5b875d749d-vcrjm,1,16
1782283217,tc-26-7-3-2-2,osmo-bsc-594654bd47-7nw9l,1,5
1782283217,tc-26-7-3-2-2,osmo-bts-virtual-5f8b9b86fc-4fnh4,28,5
1782283217,tc-26-7-3-2-2,osmo-hlr-546bdb8988-dh7l7,1,2
1782283217,tc-26-7-3-2-2,osmo-mgw-8c8fc67d6-n8lxb,1,2
1782283217,tc-26-7-3-2-2,osmo-mobile-698697576-dlg79,3,33
1782283217,tc-26-7-3-2-2,osmo-stp-768687f494-ftknv,1,2
1782283217,tc-26-7-3-2-2,virtphy-785d5cf49-h4csq,6,1
1782283217,tc-26-7-4-1-11,msc-test-stub-5b875d749d-nf4fk,1,16
1782283217,tc-26-7-4-1-11,osmo-bsc-594654bd47-qlrkz,1,5
1782283217,tc-26-7-4-1-11,osmo-bts-virtual-5f8b9b86fc-ksxp2,27,5
1782283217,tc-26-7-4-1-11,osmo-hlr-546bdb8988-m7slh,1,2
1782283217,tc-26-7-4-1-11,osmo-mgw-8c8fc67d6-blwgc,1,2
1782283217,tc-26-7-4-1-11,osmo-mobile-57ffcc5b84-bcb6v,2,33
1782283217,tc-26-7-4-1-11,osmo-stp-768687f494-cdvls,1,2
1782283217,tc-26-7-4-1-11,ttcn3-tc-26-7-4-1-1-vfwzt,1,6
1782283217,tc-26-7-4-1-11,virtphy-689cb88f6c-lpfmk,7,1
1782283217,tc-26-7-5-3-12,msc-test-stub-5b875d749d-9xvl9,1,16
1782283217,tc-26-7-5-3-12,osmo-bsc-594654bd47-b8kpq,1,5
1782283217,tc-26-7-5-3-12,osmo-bts-virtual-5f8b9b86fc-wl7k2,23,5
1782283217,tc-26-7-5-3-12,osmo-hlr-546bdb8988-d6l2s,1,2
1782283217,tc-26-7-5-3-12,osmo-mgw-8c8fc67d6-xp48l,1,2
1782283217,tc-26-7-5-3-12,osmo-mobile-79c8f8bc4b-mc6jq,2,36
1782283217,tc-26-7-5-3-12,osmo-stp-768687f494-2nqzv,1,2
1782283217,tc-26-7-5-3-12,ttcn3-tc-26-7-5-3-1-p97pl,1,6
1782283217,tc-26-7-5-3-12,virtphy-56cc7fd87-gnrrq,6,1
1782283217,tc-34-2-2-6,osmo-bsc-594654bd47-ngnw2,8,5
1782283217,tc-34-2-2-6,osmo-bts-virtual-5f8b9b86fc-49knq,13,5
1782283217,tc-34-2-2-6,osmo-hlr-546bdb8988-zlpbh,1,2
1782283217,tc-34-2-2-6,osmo-mgw-8c8fc67d6-rngtg,5,2
1782283217,tc-34-2-2-6,osmo-mobile-56b5cd4676-8st5t,4,36
1782283217,tc-34-2-2-6,osmo-stp-768687f494-tqplx,1,2
1782283217,tc-34-2-2-6,virtphy-84fb969f5c-nv7hc,5,1
1782283219,kube-system,coredns-c4dbffb5f-p9rsr,6,29
1782283219,kube-system,local-path-provisioner-5c4dc5d66d-nfqxz,1,15
1782283219,kube-system,metrics-server-786d997795-hcp2m,11,45
1782283219,kube-system,svclb-traefik-1100f998-kpm9h,0,0
1782283219,kube-system,traefik-9bcdbbd9-qtpjt,2,37
1782283219,tc-26-6-1-1-7,msc-test-stub-5b875d749d-qhcnt,11,16
1782283219,tc-26-6-1-1-7,osmo-bsc-594654bd47-mk546,4,5
1782283219,tc-26-6-1-1-7,osmo-bts-virtual-5f8b9b86fc-fwlzl,10,0
1782283219,tc-26-6-1-1-7,osmo-hlr-546bdb8988-vjqwp,5,2
1782283219,tc-26-6-1-1-7,osmo-mgw-8c8fc67d6-klmpk,5,2
1782283219,tc-26-6-1-1-7,osmo-mobile-58b76ddf85-gbd9r,16,36
1782283219,tc-26-6-1-1-7,osmo-stp-768687f494-6bzn7,8,2
1782283219,tc-26-6-1-1-7,virtphy-576cdd77b8-29gc2,8,1
1782283219,tc-26-6-11-1-9,msc-test-stub-5b875d749d-mx9h8,1,16
1782283219,tc-26-6-11-1-9,osmo-mgw-8c8fc67d6-95rkp,1,2
1782283219,tc-26-6-11-1-9,osmo-mobile-654dfdc996-rvbm9,2,33
1782283219,tc-26-6-2-1-1-10,msc-test-stub-5b875d749d-sf5nr,1,16
1782283219,tc-26-6-2-1-1-10,osmo-mgw-8c8fc67d6-t5sth,1,2
1782283219,tc-26-6-2-1-1-10,osmo-mobile-587bd5b846-btmbs,2,33
1782283219,tc-26-6-2-3-1-1,msc-test-stub-5b875d749d-kkdgt,1,20
1782283219,tc-26-6-2-3-1-1,osmo-bsc-594654bd47-cbm7z,1,5
1782283219,tc-26-6-2-3-1-1,osmo-bts-virtual-5f8b9b86fc-cbwgk,28,5
1782283219,tc-26-6-2-3-1-1,osmo-hlr-546bdb8988-xs8kw,1,2
1782283219,tc-26-6-2-3-1-1,osmo-mgw-8c8fc67d6-7sbxs,1,2
1782283219,tc-26-6-2-3-1-1,osmo-mobile-54df7bb868-c8rzc,3,36
1782283219,tc-26-6-2-3-1-1,osmo-stp-768687f494-6jzfj,1,2
1782283219,tc-26-6-2-3-1-1,virtphy-98dbf4747-6d9px,7,1
1782283219,tc-26-6-2-4-8,msc-test-stub-5b875d749d-xvhpf,1,16
1782283219,tc-26-6-2-4-8,osmo-mgw-8c8fc67d6-n8kkk,1,2
1782283219,tc-26-6-2-4-8,osmo-mobile-67b9dc6556-l7d2s,2,31
1782283219,tc-26-7-2-1-4,msc-test-stub-5b875d749d-f4nnq,1,16
1782283219,tc-26-7-2-1-4,osmo-mgw-8c8fc67d6-v4v28,1,2
1782283219,tc-26-7-2-1-4,osmo-mobile-64dcc87988-r4bxs,4,34
1782283219,tc-26-7-2-2-3,msc-test-stub-5b875d749d-2k5jx,1,16
1782283219,tc-26-7-2-2-3,osmo-bsc-594654bd47-bjbll,1,5
1782283219,tc-26-7-2-2-3,osmo-bts-virtual-5f8b9b86fc-dj9j7,25,5
1782283219,tc-26-7-2-2-3,osmo-hlr-546bdb8988-q5xcs,1,2
1782283219,tc-26-7-2-2-3,osmo-mgw-8c8fc67d6-w7mb7,1,2
1782283219,tc-26-7-2-2-3,osmo-mobile-65b5958d7b-nd7wr,2,36
1782283219,tc-26-7-2-2-3,osmo-stp-768687f494-x889n,1,2
1782283219,tc-26-7-2-2-3,virtphy-669796d86c-dl9dt,7,1
1782283219,tc-26-7-3-2-2,msc-test-stub-5b875d749d-vcrjm,1,16
1782283219,tc-26-7-3-2-2,osmo-bsc-594654bd47-7nw9l,1,5
1782283219,tc-26-7-3-2-2,osmo-bts-virtual-5f8b9b86fc-4fnh4,28,5
1782283219,tc-26-7-3-2-2,osmo-hlr-546bdb8988-dh7l7,1,2
1782283219,tc-26-7-3-2-2,osmo-mgw-8c8fc67d6-n8lxb,1,2
1782283219,tc-26-7-3-2-2,osmo-mobile-698697576-dlg79,3,33
1782283219,tc-26-7-3-2-2,osmo-stp-768687f494-ftknv,1,2
1782283219,tc-26-7-3-2-2,virtphy-785d5cf49-h4csq,6,1
1782283219,tc-26-7-4-1-11,msc-test-stub-5b875d749d-nf4fk,1,16
1782283219,tc-26-7-4-1-11,osmo-bsc-594654bd47-qlrkz,1,5
1782283219,tc-26-7-4-1-11,osmo-bts-virtual-5f8b9b86fc-ksxp2,27,5
1782283219,tc-26-7-4-1-11,osmo-hlr-546bdb8988-m7slh,1,2
1782283219,tc-26-7-4-1-11,osmo-mgw-8c8fc67d6-blwgc,1,2
1782283219,tc-26-7-4-1-11,osmo-mobile-57ffcc5b84-bcb6v,2,33
1782283219,tc-26-7-4-1-11,osmo-stp-768687f494-cdvls,1,2
1782283219,tc-26-7-4-1-11,virtphy-689cb88f6c-lpfmk,7,1
1782283219,tc-26-7-5-3-12,msc-test-stub-5b875d749d-9xvl9,1,16
1782283219,tc-26-7-5-3-12,osmo-bsc-594654bd47-b8kpq,1,5
1782283219,tc-26-7-5-3-12,osmo-bts-virtual-5f8b9b86fc-wl7k2,23,5
1782283219,tc-26-7-5-3-12,osmo-hlr-546bdb8988-d6l2s,1,2
1782283219,tc-26-7-5-3-12,osmo-mgw-8c8fc67d6-xp48l,1,2
1782283219,tc-26-7-5-3-12,osmo-mobile-79c8f8bc4b-mc6jq,2,36
1782283219,tc-26-7-5-3-12,osmo-stp-768687f494-2nqzv,1,2
1782283219,tc-26-7-5-3-12,ttcn3-tc-26-7-5-3-1-p97pl,1,6
1782283219,tc-26-7-5-3-12,virtphy-56cc7fd87-gnrrq,6,1
1782283219,tc-34-2-2-6,osmo-bsc-594654bd47-ngnw2,8,5
1782283219,tc-34-2-2-6,osmo-bts-virtual-5f8b9b86fc-49knq,13,5
1782283219,tc-34-2-2-6,osmo-hlr-546bdb8988-zlpbh,1,2
1782283219,tc-34-2-2-6,osmo-mgw-8c8fc67d6-rngtg,5,2
1782283219,tc-34-2-2-6,osmo-mobile-56b5cd4676-8st5t,4,36
1782283219,tc-34-2-2-6,osmo-stp-768687f494-tqplx,1,2
1782283219,tc-34-2-2-6,virtphy-84fb969f5c-nv7hc,5,1
1782283221,kube-system,coredns-c4dbffb5f-p9rsr,6,29
1782283221,kube-system,local-path-provisioner-5c4dc5d66d-nfqxz,1,15
1782283221,kube-system,metrics-server-786d997795-hcp2m,11,45
1782283221,kube-system,svclb-traefik-1100f998-kpm9h,0,0
1782283221,kube-system,traefik-9bcdbbd9-qtpjt,2,37
1782283221,tc-26-6-1-1-7,msc-test-stub-5b875d749d-qhcnt,11,16
1782283221,tc-26-6-1-1-7,osmo-bsc-594654bd47-mk546,4,5
1782283221,tc-26-6-1-1-7,osmo-bts-virtual-5f8b9b86fc-fwlzl,10,0
1782283221,tc-26-6-1-1-7,osmo-hlr-546bdb8988-vjqwp,5,2
1782283221,tc-26-6-1-1-7,osmo-mgw-8c8fc67d6-klmpk,5,2
1782283221,tc-26-6-1-1-7,osmo-mobile-58b76ddf85-gbd9r,16,36
1782283221,tc-26-6-1-1-7,osmo-stp-768687f494-6bzn7,8,2
1782283221,tc-26-6-1-1-7,virtphy-576cdd77b8-29gc2,8,1
1782283221,tc-26-6-11-1-9,msc-test-stub-5b875d749d-mx9h8,1,16
1782283221,tc-26-6-11-1-9,osmo-mgw-8c8fc67d6-95rkp,1,2
1782283221,tc-26-6-11-1-9,osmo-mobile-654dfdc996-rvbm9,2,33
1782283221,tc-26-6-2-1-1-10,msc-test-stub-5b875d749d-sf5nr,1,16
1782283221,tc-26-6-2-1-1-10,osmo-mgw-8c8fc67d6-t5sth,1,2
1782283221,tc-26-6-2-1-1-10,osmo-mobile-587bd5b846-btmbs,2,33
1782283221,tc-26-6-2-3-1-1,msc-test-stub-5b875d749d-kkdgt,1,20
1782283221,tc-26-6-2-3-1-1,osmo-bsc-594654bd47-cbm7z,1,5
1782283221,tc-26-6-2-3-1-1,osmo-bts-virtual-5f8b9b86fc-cbwgk,28,5
1782283221,tc-26-6-2-3-1-1,osmo-hlr-546bdb8988-xs8kw,1,2
1782283221,tc-26-6-2-3-1-1,osmo-mgw-8c8fc67d6-7sbxs,1,2
1782283221,tc-26-6-2-3-1-1,osmo-mobile-54df7bb868-c8rzc,3,36
1782283221,tc-26-6-2-3-1-1,osmo-stp-768687f494-6jzfj,1,2
1782283221,tc-26-6-2-3-1-1,virtphy-98dbf4747-6d9px,7,1
1782283221,tc-26-6-2-4-8,msc-test-stub-5b875d749d-xvhpf,1,16
1782283221,tc-26-6-2-4-8,osmo-mgw-8c8fc67d6-n8kkk,1,2
1782283221,tc-26-6-2-4-8,osmo-mobile-67b9dc6556-l7d2s,2,31
1782283221,tc-26-7-2-1-4,msc-test-stub-5b875d749d-f4nnq,1,16
1782283221,tc-26-7-2-1-4,osmo-mgw-8c8fc67d6-v4v28,1,2
1782283221,tc-26-7-2-1-4,osmo-mobile-64dcc87988-r4bxs,4,34
1782283221,tc-26-7-2-2-3,msc-test-stub-5b875d749d-2k5jx,1,16
1782283221,tc-26-7-2-2-3,osmo-bsc-594654bd47-bjbll,1,5
1782283221,tc-26-7-2-2-3,osmo-bts-virtual-5f8b9b86fc-dj9j7,25,5
1782283221,tc-26-7-2-2-3,osmo-hlr-546bdb8988-q5xcs,1,2
1782283221,tc-26-7-2-2-3,osmo-mgw-8c8fc67d6-w7mb7,1,2
1782283221,tc-26-7-2-2-3,osmo-mobile-65b5958d7b-nd7wr,2,36
1782283221,tc-26-7-2-2-3,osmo-stp-768687f494-x889n,1,2
1782283221,tc-26-7-2-2-3,virtphy-669796d86c-dl9dt,7,1
1782283221,tc-26-7-3-2-2,msc-test-stub-5b875d749d-vcrjm,1,16
1782283221,tc-26-7-3-2-2,osmo-bsc-594654bd47-7nw9l,1,5
1782283221,tc-26-7-3-2-2,osmo-bts-virtual-5f8b9b86fc-4fnh4,28,5
1782283221,tc-26-7-3-2-2,osmo-hlr-546bdb8988-dh7l7,1,2
1782283221,tc-26-7-3-2-2,osmo-mgw-8c8fc67d6-n8lxb,1,2
1782283221,tc-26-7-3-2-2,osmo-mobile-698697576-dlg79,3,33
1782283221,tc-26-7-3-2-2,osmo-stp-768687f494-ftknv,1,2
1782283221,tc-26-7-3-2-2,virtphy-785d5cf49-h4csq,6,1
1782283221,tc-26-7-4-1-11,msc-test-stub-5b875d749d-nf4fk,1,16
1782283221,tc-26-7-4-1-11,osmo-bsc-594654bd47-qlrkz,1,5
1782283221,tc-26-7-4-1-11,osmo-bts-virtual-5f8b9b86fc-ksxp2,27,5
1782283221,tc-26-7-4-1-11,osmo-hlr-546bdb8988-m7slh,1,2
1782283221,tc-26-7-4-1-11,osmo-mgw-8c8fc67d6-blwgc,1,2
1782283221,tc-26-7-4-1-11,osmo-mobile-57ffcc5b84-bcb6v,2,33
1782283221,tc-26-7-4-1-11,osmo-stp-768687f494-cdvls,1,2
1782283221,tc-26-7-4-1-11,virtphy-689cb88f6c-lpfmk,7,1
1782283221,tc-26-7-5-3-12,msc-test-stub-5b875d749d-9xvl9,1,16
1782283221,tc-26-7-5-3-12,osmo-bsc-594654bd47-b8kpq,1,5
1782283221,tc-26-7-5-3-12,osmo-bts-virtual-5f8b9b86fc-wl7k2,23,5
1782283221,tc-26-7-5-3-12,osmo-hlr-546bdb8988-d6l2s,1,2
1782283221,tc-26-7-5-3-12,osmo-mgw-8c8fc67d6-xp48l,1,2
1782283221,tc-26-7-5-3-12,osmo-mobile-79c8f8bc4b-mc6jq,2,36
1782283221,tc-26-7-5-3-12,osmo-stp-768687f494-2nqzv,1,2
1782283221,tc-26-7-5-3-12,ttcn3-tc-26-7-5-3-1-p97pl,1,6
1782283221,tc-26-7-5-3-12,virtphy-56cc7fd87-gnrrq,6,1
1782283221,tc-34-2-2-6,osmo-bsc-594654bd47-ngnw2,8,5
1782283221,tc-34-2-2-6,osmo-bts-virtual-5f8b9b86fc-49knq,13,5
1782283221,tc-34-2-2-6,osmo-hlr-546bdb8988-zlpbh,1,2
1782283221,tc-34-2-2-6,osmo-mgw-8c8fc67d6-rngtg,5,2
1782283221,tc-34-2-2-6,osmo-mobile-56b5cd4676-8st5t,4,36
1782283221,tc-34-2-2-6,osmo-stp-768687f494-tqplx,1,2
1782283221,tc-34-2-2-6,virtphy-84fb969f5c-nv7hc,5,1
1782283224,kube-system,coredns-c4dbffb5f-p9rsr,6,29
1782283224,kube-system,local-path-provisioner-5c4dc5d66d-nfqxz,1,15
1782283224,kube-system,metrics-server-786d997795-hcp2m,11,45
1782283224,kube-system,svclb-traefik-1100f998-kpm9h,0,0
1782283224,kube-system,traefik-9bcdbbd9-qtpjt,2,37
1782283224,tc-26-6-1-1-7,msc-test-stub-5b875d749d-qhcnt,11,16
1782283224,tc-26-6-1-1-7,osmo-bsc-594654bd47-mk546,4,5
1782283224,tc-26-6-1-1-7,osmo-bts-virtual-5f8b9b86fc-fwlzl,10,0
1782283224,tc-26-6-1-1-7,osmo-hlr-546bdb8988-vjqwp,5,2
1782283224,tc-26-6-1-1-7,osmo-mgw-8c8fc67d6-klmpk,5,2
1782283224,tc-26-6-1-1-7,osmo-mobile-58b76ddf85-gbd9r,16,36
1782283224,tc-26-6-1-1-7,osmo-stp-768687f494-6bzn7,8,2
1782283224,tc-26-6-1-1-7,virtphy-576cdd77b8-29gc2,8,1
1782283224,tc-26-6-11-1-9,msc-test-stub-5b875d749d-mx9h8,1,16
1782283224,tc-26-6-11-1-9,osmo-mgw-8c8fc67d6-95rkp,1,2
1782283224,tc-26-6-11-1-9,osmo-mobile-654dfdc996-rvbm9,2,33
1782283224,tc-26-6-2-1-1-10,msc-test-stub-5b875d749d-sf5nr,1,16
1782283224,tc-26-6-2-1-1-10,osmo-mgw-8c8fc67d6-t5sth,1,2
1782283224,tc-26-6-2-1-1-10,osmo-mobile-587bd5b846-btmbs,2,33
1782283224,tc-26-6-2-3-1-1,msc-test-stub-5b875d749d-kkdgt,1,20
1782283224,tc-26-6-2-3-1-1,osmo-bsc-594654bd47-cbm7z,1,5
1782283224,tc-26-6-2-3-1-1,osmo-bts-virtual-5f8b9b86fc-cbwgk,28,5
1782283224,tc-26-6-2-3-1-1,osmo-hlr-546bdb8988-xs8kw,1,2
1782283224,tc-26-6-2-3-1-1,osmo-mgw-8c8fc67d6-7sbxs,1,2
1782283224,tc-26-6-2-3-1-1,osmo-mobile-54df7bb868-c8rzc,3,36
1782283224,tc-26-6-2-3-1-1,osmo-stp-768687f494-6jzfj,1,2
1782283224,tc-26-6-2-3-1-1,virtphy-98dbf4747-6d9px,7,1
1782283224,tc-26-6-2-4-8,msc-test-stub-5b875d749d-xvhpf,1,16
1782283224,tc-26-6-2-4-8,osmo-mgw-8c8fc67d6-n8kkk,1,2
1782283224,tc-26-6-2-4-8,osmo-mobile-67b9dc6556-l7d2s,2,31
1782283224,tc-26-7-2-1-4,msc-test-stub-5b875d749d-f4nnq,1,16
1782283224,tc-26-7-2-1-4,osmo-mgw-8c8fc67d6-v4v28,1,2
1782283224,tc-26-7-2-1-4,osmo-mobile-64dcc87988-r4bxs,4,34
1782283224,tc-26-7-2-2-3,msc-test-stub-5b875d749d-2k5jx,1,16
1782283224,tc-26-7-2-2-3,osmo-bsc-594654bd47-bjbll,1,5
1782283224,tc-26-7-2-2-3,osmo-bts-virtual-5f8b9b86fc-dj9j7,25,5
1782283224,tc-26-7-2-2-3,osmo-hlr-546bdb8988-q5xcs,1,2
1782283224,tc-26-7-2-2-3,osmo-mgw-8c8fc67d6-w7mb7,1,2
1782283224,tc-26-7-2-2-3,osmo-mobile-65b5958d7b-nd7wr,2,36
1782283224,tc-26-7-2-2-3,osmo-stp-768687f494-x889n,1,2
1782283224,tc-26-7-2-2-3,virtphy-669796d86c-dl9dt,7,1
1782283224,tc-26-7-3-2-2,msc-test-stub-5b875d749d-vcrjm,1,16
1782283224,tc-26-7-3-2-2,osmo-bsc-594654bd47-7nw9l,1,5
1782283224,tc-26-7-3-2-2,osmo-bts-virtual-5f8b9b86fc-4fnh4,28,5
1782283224,tc-26-7-3-2-2,osmo-hlr-546bdb8988-dh7l7,1,2
1782283224,tc-26-7-3-2-2,osmo-mgw-8c8fc67d6-n8lxb,1,2
1782283224,tc-26-7-3-2-2,osmo-mobile-698697576-dlg79,3,33
1782283224,tc-26-7-3-2-2,osmo-stp-768687f494-ftknv,1,2
1782283224,tc-26-7-3-2-2,virtphy-785d5cf49-h4csq,6,1
1782283224,tc-26-7-4-1-11,msc-test-stub-5b875d749d-nf4fk,1,16
1782283224,tc-26-7-4-1-11,osmo-bsc-594654bd47-qlrkz,1,5
1782283224,tc-26-7-4-1-11,osmo-bts-virtual-5f8b9b86fc-ksxp2,27,5
1782283224,tc-26-7-4-1-11,osmo-hlr-546bdb8988-m7slh,1,2
1782283224,tc-26-7-4-1-11,osmo-mgw-8c8fc67d6-blwgc,1,2
1782283224,tc-26-7-4-1-11,osmo-mobile-57ffcc5b84-bcb6v,2,33
1782283224,tc-26-7-4-1-11,osmo-stp-768687f494-cdvls,1,2
1782283224,tc-26-7-4-1-11,virtphy-689cb88f6c-lpfmk,7,1
1782283224,tc-26-7-5-3-12,msc-test-stub-5b875d749d-9xvl9,1,16
1782283224,tc-26-7-5-3-12,osmo-bsc-594654bd47-b8kpq,1,5
1782283224,tc-26-7-5-3-12,osmo-bts-virtual-5f8b9b86fc-wl7k2,23,5
1782283224,tc-26-7-5-3-12,osmo-hlr-546bdb8988-d6l2s,1,2
1782283224,tc-26-7-5-3-12,osmo-mgw-8c8fc67d6-xp48l,1,2
1782283224,tc-26-7-5-3-12,osmo-mobile-79c8f8bc4b-mc6jq,2,36
1782283224,tc-26-7-5-3-12,osmo-stp-768687f494-2nqzv,1,2
1782283224,tc-26-7-5-3-12,ttcn3-tc-26-7-5-3-1-p97pl,1,6
1782283224,tc-26-7-5-3-12,virtphy-56cc7fd87-gnrrq,6,1
1782283224,tc-34-2-2-6,osmo-bsc-594654bd47-ngnw2,8,5
1782283224,tc-34-2-2-6,osmo-bts-virtual-5f8b9b86fc-49knq,13,5
1782283224,tc-34-2-2-6,osmo-hlr-546bdb8988-zlpbh,1,2
1782283224,tc-34-2-2-6,osmo-mgw-8c8fc67d6-rngtg,5,2
1782283224,tc-34-2-2-6,osmo-mobile-56b5cd4676-8st5t,4,36
1782283224,tc-34-2-2-6,osmo-stp-768687f494-tqplx,1,2
1782283224,tc-34-2-2-6,virtphy-84fb969f5c-nv7hc,5,1
1782283226,kube-system,coredns-c4dbffb5f-p9rsr,6,29
1782283226,kube-system,local-path-provisioner-5c4dc5d66d-nfqxz,1,15
1782283226,kube-system,metrics-server-786d997795-hcp2m,11,45
1782283226,kube-system,svclb-traefik-1100f998-kpm9h,0,0
1782283226,kube-system,traefik-9bcdbbd9-qtpjt,2,37
1782283226,tc-26-6-1-1-7,msc-test-stub-5b875d749d-qhcnt,11,16
1782283226,tc-26-6-1-1-7,osmo-bsc-594654bd47-mk546,4,5
1782283226,tc-26-6-1-1-7,osmo-bts-virtual-5f8b9b86fc-fwlzl,10,0
1782283226,tc-26-6-1-1-7,osmo-hlr-546bdb8988-vjqwp,5,2
1782283226,tc-26-6-1-1-7,osmo-mgw-8c8fc67d6-klmpk,5,2
1782283226,tc-26-6-1-1-7,osmo-mobile-58b76ddf85-gbd9r,16,36
1782283226,tc-26-6-1-1-7,osmo-stp-768687f494-6bzn7,8,2
1782283226,tc-26-6-1-1-7,virtphy-576cdd77b8-29gc2,8,1
1782283226,tc-26-6-11-1-9,msc-test-stub-5b875d749d-mx9h8,1,16
1782283226,tc-26-6-11-1-9,osmo-mgw-8c8fc67d6-95rkp,1,2
1782283226,tc-26-6-11-1-9,osmo-mobile-654dfdc996-rvbm9,2,33
1782283226,tc-26-6-2-1-1-10,msc-test-stub-5b875d749d-sf5nr,1,16
1782283226,tc-26-6-2-1-1-10,osmo-mgw-8c8fc67d6-t5sth,1,2
1782283226,tc-26-6-2-1-1-10,osmo-mobile-587bd5b846-btmbs,2,33
1782283226,tc-26-6-2-3-1-1,msc-test-stub-5b875d749d-kkdgt,1,20
1782283226,tc-26-6-2-3-1-1,osmo-bsc-594654bd47-cbm7z,1,5
1782283226,tc-26-6-2-3-1-1,osmo-bts-virtual-5f8b9b86fc-cbwgk,28,5
1782283226,tc-26-6-2-3-1-1,osmo-hlr-546bdb8988-xs8kw,1,2
1782283226,tc-26-6-2-3-1-1,osmo-mgw-8c8fc67d6-7sbxs,1,2
1782283226,tc-26-6-2-3-1-1,osmo-mobile-54df7bb868-c8rzc,3,36
1782283226,tc-26-6-2-3-1-1,osmo-stp-768687f494-6jzfj,1,2
1782283226,tc-26-6-2-3-1-1,virtphy-98dbf4747-6d9px,7,1
1782283226,tc-26-6-2-4-8,msc-test-stub-5b875d749d-xvhpf,1,16
1782283226,tc-26-6-2-4-8,osmo-mgw-8c8fc67d6-n8kkk,1,2
1782283226,tc-26-6-2-4-8,osmo-mobile-67b9dc6556-l7d2s,2,31
1782283226,tc-26-7-2-1-4,msc-test-stub-5b875d749d-f4nnq,1,16
1782283226,tc-26-7-2-1-4,osmo-mgw-8c8fc67d6-v4v28,1,2
1782283226,tc-26-7-2-1-4,osmo-mobile-64dcc87988-r4bxs,4,34
1782283226,tc-26-7-2-2-3,msc-test-stub-5b875d749d-2k5jx,1,16
1782283226,tc-26-7-2-2-3,osmo-bsc-594654bd47-bjbll,1,5
1782283226,tc-26-7-2-2-3,osmo-bts-virtual-5f8b9b86fc-dj9j7,25,5
1782283226,tc-26-7-2-2-3,osmo-hlr-546bdb8988-q5xcs,1,2
1782283226,tc-26-7-2-2-3,osmo-mgw-8c8fc67d6-w7mb7,1,2
1782283226,tc-26-7-2-2-3,osmo-mobile-65b5958d7b-nd7wr,2,36
1782283226,tc-26-7-2-2-3,osmo-stp-768687f494-x889n,1,2
1782283226,tc-26-7-2-2-3,virtphy-669796d86c-dl9dt,7,1
1782283226,tc-26-7-3-2-2,msc-test-stub-5b875d749d-vcrjm,1,16
1782283226,tc-26-7-3-2-2,osmo-bsc-594654bd47-7nw9l,1,5
1782283226,tc-26-7-3-2-2,osmo-bts-virtual-5f8b9b86fc-4fnh4,28,5
1782283226,tc-26-7-3-2-2,osmo-hlr-546bdb8988-dh7l7,1,2
1782283226,tc-26-7-3-2-2,osmo-mgw-8c8fc67d6-n8lxb,1,2
1782283226,tc-26-7-3-2-2,osmo-mobile-698697576-dlg79,3,33
1782283226,tc-26-7-3-2-2,osmo-stp-768687f494-ftknv,1,2
1782283226,tc-26-7-3-2-2,virtphy-785d5cf49-h4csq,6,1
1782283226,tc-26-7-4-1-11,msc-test-stub-5b875d749d-nf4fk,1,16
1782283226,tc-26-7-4-1-11,osmo-bsc-594654bd47-qlrkz,1,5
1782283226,tc-26-7-4-1-11,osmo-bts-virtual-5f8b9b86fc-ksxp2,27,5
1782283226,tc-26-7-4-1-11,osmo-hlr-546bdb8988-m7slh,1,2
1782283226,tc-26-7-4-1-11,osmo-mgw-8c8fc67d6-blwgc,1,2
1782283226,tc-26-7-4-1-11,osmo-mobile-57ffcc5b84-bcb6v,2,33
1782283226,tc-26-7-4-1-11,osmo-stp-768687f494-cdvls,1,2
1782283226,tc-26-7-4-1-11,virtphy-689cb88f6c-lpfmk,7,1
1782283226,tc-26-7-5-3-12,msc-test-stub-5b875d749d-9xvl9,1,16
1782283226,tc-26-7-5-3-12,osmo-bsc-594654bd47-b8kpq,1,5
1782283226,tc-26-7-5-3-12,osmo-bts-virtual-5f8b9b86fc-wl7k2,23,5
1782283226,tc-26-7-5-3-12,osmo-hlr-546bdb8988-d6l2s,1,2
1782283226,tc-26-7-5-3-12,osmo-mgw-8c8fc67d6-xp48l,1,2
1782283226,tc-26-7-5-3-12,osmo-mobile-79c8f8bc4b-mc6jq,2,36
1782283226,tc-26-7-5-3-12,osmo-stp-768687f494-2nqzv,1,2
1782283226,tc-26-7-5-3-12,ttcn3-tc-26-7-5-3-1-p97pl,1,6
1782283226,tc-26-7-5-3-12,virtphy-56cc7fd87-gnrrq,6,1
1782283226,tc-34-2-2-6,osmo-bsc-594654bd47-ngnw2,8,5
1782283226,tc-34-2-2-6,osmo-bts-virtual-5f8b9b86fc-49knq,13,5
1782283226,tc-34-2-2-6,osmo-hlr-546bdb8988-zlpbh,1,2
1782283226,tc-34-2-2-6,osmo-mgw-8c8fc67d6-rngtg,5,2
1782283226,tc-34-2-2-6,osmo-mobile-56b5cd4676-8st5t,4,36
1782283226,tc-34-2-2-6,osmo-stp-768687f494-tqplx,1,2
1782283226,tc-34-2-2-6,virtphy-84fb969f5c-nv7hc,5,1
1782283228,kube-system,coredns-c4dbffb5f-p9rsr,4,29
1782283228,kube-system,local-path-provisioner-5c4dc5d66d-nfqxz,1,15
1782283228,kube-system,metrics-server-786d997795-hcp2m,10,45
1782283228,kube-system,svclb-traefik-1100f998-kpm9h,0,0
1782283228,kube-system,traefik-9bcdbbd9-qtpjt,2,37
1782283228,tc-26-6-1-1-7,msc-test-stub-5b875d749d-qhcnt,1,16
1782283228,tc-26-6-1-1-7,osmo-bsc-594654bd47-mk546,1,5
1782283228,tc-26-6-1-1-7,osmo-bts-virtual-5f8b9b86fc-fwlzl,25,5
1782283228,tc-26-6-1-1-7,osmo-hlr-546bdb8988-vjqwp,1,2
1782283228,tc-26-6-1-1-7,osmo-mgw-8c8fc67d6-klmpk,1,2
1782283228,tc-26-6-1-1-7,osmo-mobile-58b76ddf85-gbd9r,2,36
1782283228,tc-26-6-1-1-7,osmo-stp-768687f494-6bzn7,1,2
1782283228,tc-26-6-1-1-7,virtphy-576cdd77b8-29gc2,7,1
1782283228,tc-26-6-11-1-9,msc-test-stub-5b875d749d-mx9h8,1,16
1782283228,tc-26-6-11-1-9,osmo-mgw-8c8fc67d6-95rkp,1,2
1782283228,tc-26-6-11-1-9,osmo-mobile-654dfdc996-rvbm9,3,30
1782283228,tc-26-6-2-1-1-10,msc-test-stub-5b875d749d-sf5nr,1,16
1782283228,tc-26-6-2-1-1-10,osmo-mgw-8c8fc67d6-t5sth,1,2
1782283228,tc-26-6-2-1-1-10,osmo-mobile-587bd5b846-btmbs,3,31
1782283228,tc-26-6-2-3-1-1,msc-test-stub-5b875d749d-kkdgt,3,16
1782283228,tc-26-6-2-3-1-1,osmo-bsc-594654bd47-cbm7z,1,5
1782283228,tc-26-6-2-3-1-1,osmo-bts-virtual-5f8b9b86fc-cbwgk,23,5
1782283228,tc-26-6-2-3-1-1,osmo-hlr-546bdb8988-xs8kw,1,2
1782283228,tc-26-6-2-3-1-1,osmo-mgw-8c8fc67d6-7sbxs,1,2
1782283228,tc-26-6-2-3-1-1,osmo-mobile-54df7bb868-c8rzc,4,36
1782283228,tc-26-6-2-3-1-1,osmo-stp-768687f494-6jzfj,1,2
1782283228,tc-26-6-2-3-1-1,ttcn3-tc-26-6-2-3-1-1-sxqjn,13,6
1782283228,tc-26-6-2-3-1-1,virtphy-98dbf4747-6d9px,7,1
1782283228,tc-26-6-2-4-8,msc-test-stub-5b875d749d-xvhpf,1,16
1782283228,tc-26-6-2-4-8,osmo-mgw-8c8fc67d6-n8kkk,1,2
1782283228,tc-26-6-2-4-8,osmo-mobile-67b9dc6556-l7d2s,5,31
1782283228,tc-26-7-2-1-4,msc-test-stub-5b875d749d-f4nnq,1,16
1782283228,tc-26-7-2-1-4,osmo-mgw-8c8fc67d6-v4v28,1,2
1782283228,tc-26-7-2-1-4,osmo-mobile-64dcc87988-r4bxs,5,34
1782283228,tc-26-7-2-2-3,msc-test-stub-5b875d749d-2k5jx,1,16
1782283228,tc-26-7-2-2-3,osmo-bsc-594654bd47-bjbll,1,5
1782283228,tc-26-7-2-2-3,osmo-bts-virtual-5f8b9b86fc-dj9j7,27,5
1782283228,tc-26-7-2-2-3,osmo-hlr-546bdb8988-q5xcs,1,2
1782283228,tc-26-7-2-2-3,osmo-mgw-8c8fc67d6-w7mb7,1,2
1782283228,tc-26-7-2-2-3,osmo-mobile-65b5958d7b-nd7wr,3,36
1782283228,tc-26-7-2-2-3,osmo-stp-768687f494-x889n,1,2
1782283228,tc-26-7-2-2-3,virtphy-669796d86c-dl9dt,6,1
1782283228,tc-26-7-3-2-2,msc-test-stub-5b875d749d-vcrjm,2,16
1782283228,tc-26-7-3-2-2,osmo-bsc-594654bd47-7nw9l,1,5
1782283228,tc-26-7-3-2-2,osmo-bts-virtual-5f8b9b86fc-4fnh4,24,5
1782283228,tc-26-7-3-2-2,osmo-hlr-546bdb8988-dh7l7,1,2
1782283228,tc-26-7-3-2-2,osmo-mgw-8c8fc67d6-n8lxb,1,2
1782283228,tc-26-7-3-2-2,osmo-mobile-698697576-dlg79,3,33
1782283228,tc-26-7-3-2-2,osmo-stp-768687f494-ftknv,1,2
1782283228,tc-26-7-3-2-2,ttcn3-tc-26-7-3-2-1-b484k,10,6
1782283228,tc-26-7-3-2-2,virtphy-785d5cf49-h4csq,6,1
1782283228,tc-26-7-4-1-11,msc-test-stub-5b875d749d-nf4fk,1,16
1782283228,tc-26-7-4-1-11,osmo-mgw-8c8fc67d6-blwgc,1,2
1782283228,tc-26-7-4-1-11,osmo-mobile-57ffcc5b84-bcb6v,2,33
1782283228,tc-26-7-4-1-11,virtphy-689cb88f6c-lpfmk,7,1
1782283228,tc-26-7-5-3-12,msc-test-stub-5b875d749d-9xvl9,1,16
1782283228,tc-26-7-5-3-12,osmo-bsc-594654bd47-b8kpq,1,5
1782283228,tc-26-7-5-3-12,osmo-bts-virtual-5f8b9b86fc-wl7k2,26,5
1782283228,tc-26-7-5-3-12,osmo-hlr-546bdb8988-d6l2s,1,2
1782283228,tc-26-7-5-3-12,osmo-mgw-8c8fc67d6-xp48l,1,2
1782283228,tc-26-7-5-3-12,osmo-mobile-79c8f8bc4b-mc6jq,2,36
1782283228,tc-26-7-5-3-12,osmo-stp-768687f494-2nqzv,1,2
1782283228,tc-26-7-5-3-12,ttcn3-tc-26-7-5-3-1-p97pl,1,6
1782283228,tc-26-7-5-3-12,virtphy-56cc7fd87-gnrrq,6,1
1782283228,tc-34-2-2-6,msc-test-stub-5b875d749d-n76gn,1,16
1782283228,tc-34-2-2-6,osmo-bsc-594654bd47-ngnw2,1,5
1782283228,tc-34-2-2-6,osmo-bts-virtual-5f8b9b86fc-49knq,26,5
1782283228,tc-34-2-2-6,osmo-hlr-546bdb8988-zlpbh,1,2
1782283228,tc-34-2-2-6,osmo-mgw-8c8fc67d6-rngtg,1,2
1782283228,tc-34-2-2-6,osmo-mobile-56b5cd4676-8st5t,3,36
1782283228,tc-34-2-2-6,osmo-stp-768687f494-tqplx,1,2
1782283228,tc-34-2-2-6,virtphy-84fb969f5c-nv7hc,6,1
1782283231,kube-system,coredns-c4dbffb5f-p9rsr,4,29
1782283231,kube-system,local-path-provisioner-5c4dc5d66d-nfqxz,1,15
1782283231,kube-system,metrics-server-786d997795-hcp2m,10,45
1782283231,kube-system,svclb-traefik-1100f998-kpm9h,0,0
1782283231,kube-system,traefik-9bcdbbd9-qtpjt,2,37
1782283231,tc-26-6-1-1-7,msc-test-stub-5b875d749d-qhcnt,1,16
1782283231,tc-26-6-1-1-7,osmo-bsc-594654bd47-mk546,1,5
1782283231,tc-26-6-1-1-7,osmo-bts-virtual-5f8b9b86fc-fwlzl,25,5
1782283231,tc-26-6-1-1-7,osmo-hlr-546bdb8988-vjqwp,1,2
1782283231,tc-26-6-1-1-7,osmo-mgw-8c8fc67d6-klmpk,1,2
1782283231,tc-26-6-1-1-7,osmo-mobile-58b76ddf85-gbd9r,2,36
1782283231,tc-26-6-1-1-7,osmo-stp-768687f494-6bzn7,1,2
1782283231,tc-26-6-1-1-7,virtphy-576cdd77b8-29gc2,7,1
1782283231,tc-26-6-11-1-9,msc-test-stub-5b875d749d-mx9h8,1,16
1782283231,tc-26-6-11-1-9,osmo-mgw-8c8fc67d6-95rkp,1,2
1782283231,tc-26-6-11-1-9,osmo-mobile-654dfdc996-rvbm9,3,30
1782283231,tc-26-6-2-1-1-10,msc-test-stub-5b875d749d-sf5nr,1,16
1782283231,tc-26-6-2-1-1-10,osmo-mgw-8c8fc67d6-t5sth,1,2
1782283231,tc-26-6-2-1-1-10,osmo-mobile-587bd5b846-btmbs,3,31
1782283231,tc-26-6-2-3-1-1,msc-test-stub-5b875d749d-kkdgt,3,16
1782283231,tc-26-6-2-3-1-1,osmo-bsc-594654bd47-cbm7z,1,5
1782283231,tc-26-6-2-3-1-1,osmo-bts-virtual-5f8b9b86fc-cbwgk,23,5
1782283231,tc-26-6-2-3-1-1,osmo-hlr-546bdb8988-xs8kw,1,2
1782283231,tc-26-6-2-3-1-1,osmo-mgw-8c8fc67d6-7sbxs,1,2
1782283231,tc-26-6-2-3-1-1,osmo-mobile-54df7bb868-c8rzc,4,36
1782283231,tc-26-6-2-3-1-1,osmo-stp-768687f494-6jzfj,1,2
1782283231,tc-26-6-2-3-1-1,ttcn3-tc-26-6-2-3-1-1-sxqjn,13,6
1782283231,tc-26-6-2-3-1-1,virtphy-98dbf4747-6d9px,7,1
1782283231,tc-26-6-2-4-8,msc-test-stub-5b875d749d-xvhpf,1,16
1782283231,tc-26-6-2-4-8,osmo-mgw-8c8fc67d6-n8kkk,1,2
1782283231,tc-26-6-2-4-8,osmo-mobile-67b9dc6556-l7d2s,5,31
1782283231,tc-26-7-2-2-3,msc-test-stub-5b875d749d-2k5jx,1,16
1782283231,tc-26-7-2-2-3,osmo-mgw-8c8fc67d6-w7mb7,1,2
1782283231,tc-26-7-2-2-3,osmo-mobile-65b5958d7b-nd7wr,3,36
1782283231,tc-26-7-3-2-2,msc-test-stub-5b875d749d-vcrjm,2,16
1782283231,tc-26-7-3-2-2,osmo-bsc-594654bd47-7nw9l,1,5
1782283231,tc-26-7-3-2-2,osmo-bts-virtual-5f8b9b86fc-4fnh4,24,5
1782283231,tc-26-7-3-2-2,osmo-hlr-546bdb8988-dh7l7,1,2
1782283231,tc-26-7-3-2-2,osmo-mgw-8c8fc67d6-n8lxb,1,2
1782283231,tc-26-7-3-2-2,osmo-mobile-698697576-dlg79,3,33
1782283231,tc-26-7-3-2-2,osmo-stp-768687f494-ftknv,1,2
1782283231,tc-26-7-3-2-2,ttcn3-tc-26-7-3-2-1-b484k,10,6
1782283231,tc-26-7-3-2-2,virtphy-785d5cf49-h4csq,6,1
1782283231,tc-26-7-4-1-11,msc-test-stub-5b875d749d-nf4fk,1,16
1782283231,tc-26-7-4-1-11,osmo-mgw-8c8fc67d6-blwgc,1,2
1782283231,tc-26-7-4-1-11,osmo-mobile-57ffcc5b84-bcb6v,2,33
1782283231,tc-26-7-5-3-12,msc-test-stub-5b875d749d-9xvl9,1,16
1782283231,tc-26-7-5-3-12,osmo-bsc-594654bd47-b8kpq,1,5
1782283231,tc-26-7-5-3-12,osmo-bts-virtual-5f8b9b86fc-wl7k2,26,5
1782283231,tc-26-7-5-3-12,osmo-hlr-546bdb8988-d6l2s,1,2
1782283231,tc-26-7-5-3-12,osmo-mgw-8c8fc67d6-xp48l,1,2
1782283231,tc-26-7-5-3-12,osmo-mobile-79c8f8bc4b-mc6jq,2,36
1782283231,tc-26-7-5-3-12,osmo-stp-768687f494-2nqzv,1,2
1782283231,tc-26-7-5-3-12,ttcn3-tc-26-7-5-3-1-p97pl,1,6
1782283231,tc-26-7-5-3-12,virtphy-56cc7fd87-gnrrq,6,1
1782283231,tc-34-2-2-6,msc-test-stub-5b875d749d-n76gn,1,16
1782283231,tc-34-2-2-6,osmo-bsc-594654bd47-ngnw2,1,5
1782283231,tc-34-2-2-6,osmo-bts-virtual-5f8b9b86fc-49knq,26,5
1782283231,tc-34-2-2-6,osmo-hlr-546bdb8988-zlpbh,1,2
1782283231,tc-34-2-2-6,osmo-mgw-8c8fc67d6-rngtg,1,2
1782283231,tc-34-2-2-6,osmo-mobile-56b5cd4676-8st5t,3,36
1782283231,tc-34-2-2-6,osmo-stp-768687f494-tqplx,1,2
1782283231,tc-34-2-2-6,virtphy-84fb969f5c-nv7hc,6,1
1782283234,kube-system,coredns-c4dbffb5f-p9rsr,4,29
1782283234,kube-system,local-path-provisioner-5c4dc5d66d-nfqxz,1,15
1782283234,kube-system,metrics-server-786d997795-hcp2m,10,45
1782283234,kube-system,svclb-traefik-1100f998-kpm9h,0,0
1782283234,kube-system,traefik-9bcdbbd9-qtpjt,2,37
1782283234,tc-26-6-1-1-7,msc-test-stub-5b875d749d-qhcnt,1,16
1782283234,tc-26-6-1-1-7,osmo-bsc-594654bd47-mk546,1,5
1782283234,tc-26-6-1-1-7,osmo-bts-virtual-5f8b9b86fc-fwlzl,25,5
1782283234,tc-26-6-1-1-7,osmo-hlr-546bdb8988-vjqwp,1,2
1782283234,tc-26-6-1-1-7,osmo-mgw-8c8fc67d6-klmpk,1,2
1782283234,tc-26-6-1-1-7,osmo-mobile-58b76ddf85-gbd9r,2,36
1782283234,tc-26-6-1-1-7,osmo-stp-768687f494-6bzn7,1,2
1782283234,tc-26-6-1-1-7,virtphy-576cdd77b8-29gc2,7,1
1782283234,tc-26-6-11-1-9,msc-test-stub-5b875d749d-mx9h8,1,16
1782283234,tc-26-6-11-1-9,osmo-mgw-8c8fc67d6-95rkp,1,2
1782283234,tc-26-6-11-1-9,osmo-mobile-654dfdc996-rvbm9,3,30
1782283234,tc-26-6-2-1-1-10,msc-test-stub-5b875d749d-sf5nr,1,16
1782283234,tc-26-6-2-1-1-10,osmo-mgw-8c8fc67d6-t5sth,1,2
1782283234,tc-26-6-2-1-1-10,osmo-mobile-587bd5b846-btmbs,3,31
1782283234,tc-26-6-2-3-1-1,msc-test-stub-5b875d749d-kkdgt,3,16
1782283234,tc-26-6-2-3-1-1,osmo-bsc-594654bd47-cbm7z,1,5
1782283234,tc-26-6-2-3-1-1,osmo-bts-virtual-5f8b9b86fc-cbwgk,23,5
1782283234,tc-26-6-2-3-1-1,osmo-hlr-546bdb8988-xs8kw,1,2
1782283234,tc-26-6-2-3-1-1,osmo-mgw-8c8fc67d6-7sbxs,1,2
1782283234,tc-26-6-2-3-1-1,osmo-mobile-54df7bb868-c8rzc,4,36
1782283234,tc-26-6-2-3-1-1,osmo-stp-768687f494-6jzfj,1,2
1782283234,tc-26-6-2-3-1-1,ttcn3-tc-26-6-2-3-1-1-sxqjn,13,6
1782283234,tc-26-6-2-3-1-1,virtphy-98dbf4747-6d9px,7,1
1782283234,tc-26-6-2-4-8,msc-test-stub-5b875d749d-xvhpf,1,16
1782283234,tc-26-6-2-4-8,osmo-mgw-8c8fc67d6-n8kkk,1,2
1782283234,tc-26-6-2-4-8,osmo-mobile-67b9dc6556-l7d2s,5,31
1782283234,tc-26-7-2-2-3,msc-test-stub-5b875d749d-2k5jx,1,16
1782283234,tc-26-7-2-2-3,osmo-mgw-8c8fc67d6-w7mb7,1,2
1782283234,tc-26-7-2-2-3,osmo-mobile-65b5958d7b-nd7wr,3,36
1782283234,tc-26-7-3-2-2,msc-test-stub-5b875d749d-vcrjm,2,16
1782283234,tc-26-7-3-2-2,osmo-bsc-594654bd47-7nw9l,1,5
1782283234,tc-26-7-3-2-2,osmo-bts-virtual-5f8b9b86fc-4fnh4,24,5
1782283234,tc-26-7-3-2-2,osmo-hlr-546bdb8988-dh7l7,1,2
1782283234,tc-26-7-3-2-2,osmo-mgw-8c8fc67d6-n8lxb,1,2
1782283234,tc-26-7-3-2-2,osmo-mobile-698697576-dlg79,3,33
1782283234,tc-26-7-3-2-2,osmo-stp-768687f494-ftknv,1,2
1782283234,tc-26-7-3-2-2,ttcn3-tc-26-7-3-2-1-b484k,10,6
1782283234,tc-26-7-3-2-2,virtphy-785d5cf49-h4csq,6,1
1782283234,tc-26-7-4-1-11,msc-test-stub-5b875d749d-nf4fk,1,16
1782283234,tc-26-7-4-1-11,osmo-mgw-8c8fc67d6-blwgc,1,2
1782283234,tc-26-7-4-1-11,osmo-mobile-57ffcc5b84-bcb6v,2,33
1782283234,tc-26-7-5-3-12,msc-test-stub-5b875d749d-9xvl9,1,16
1782283234,tc-26-7-5-3-12,osmo-bsc-594654bd47-b8kpq,1,5
1782283234,tc-26-7-5-3-12,osmo-bts-virtual-5f8b9b86fc-wl7k2,26,5
1782283234,tc-26-7-5-3-12,osmo-hlr-546bdb8988-d6l2s,1,2
1782283234,tc-26-7-5-3-12,osmo-mgw-8c8fc67d6-xp48l,1,2
1782283234,tc-26-7-5-3-12,osmo-mobile-79c8f8bc4b-mc6jq,2,36
1782283234,tc-26-7-5-3-12,osmo-stp-768687f494-2nqzv,1,2
1782283234,tc-26-7-5-3-12,ttcn3-tc-26-7-5-3-1-p97pl,1,6
1782283234,tc-26-7-5-3-12,virtphy-56cc7fd87-gnrrq,6,1
1782283234,tc-34-2-2-6,msc-test-stub-5b875d749d-n76gn,1,16
1782283234,tc-34-2-2-6,osmo-bsc-594654bd47-ngnw2,1,5
1782283234,tc-34-2-2-6,osmo-bts-virtual-5f8b9b86fc-49knq,26,5
1782283234,tc-34-2-2-6,osmo-hlr-546bdb8988-zlpbh,1,2
1782283234,tc-34-2-2-6,osmo-mgw-8c8fc67d6-rngtg,1,2
1782283234,tc-34-2-2-6,osmo-mobile-56b5cd4676-8st5t,3,36
1782283234,tc-34-2-2-6,osmo-stp-768687f494-tqplx,1,2
1782283234,tc-34-2-2-6,virtphy-84fb969f5c-nv7hc,6,1
1782283237,kube-system,coredns-c4dbffb5f-p9rsr,4,29
1782283237,kube-system,local-path-provisioner-5c4dc5d66d-nfqxz,1,15
1782283237,kube-system,metrics-server-786d997795-hcp2m,10,45
1782283237,kube-system,svclb-traefik-1100f998-kpm9h,0,0
1782283237,kube-system,traefik-9bcdbbd9-qtpjt,2,37
1782283237,tc-26-6-1-1-7,msc-test-stub-5b875d749d-qhcnt,1,16
1782283237,tc-26-6-1-1-7,osmo-bsc-594654bd47-mk546,1,5
1782283237,tc-26-6-1-1-7,osmo-bts-virtual-5f8b9b86fc-fwlzl,25,5
1782283237,tc-26-6-1-1-7,osmo-hlr-546bdb8988-vjqwp,1,2
1782283237,tc-26-6-1-1-7,osmo-mgw-8c8fc67d6-klmpk,1,2
1782283237,tc-26-6-1-1-7,osmo-mobile-58b76ddf85-gbd9r,2,36
1782283237,tc-26-6-1-1-7,osmo-stp-768687f494-6bzn7,1,2
1782283237,tc-26-6-1-1-7,virtphy-576cdd77b8-29gc2,7,1
1782283237,tc-26-6-11-1-9,msc-test-stub-5b875d749d-mx9h8,1,16
1782283237,tc-26-6-11-1-9,osmo-mgw-8c8fc67d6-95rkp,1,2
1782283237,tc-26-6-11-1-9,osmo-mobile-654dfdc996-rvbm9,3,30
1782283237,tc-26-6-2-1-1-10,msc-test-stub-5b875d749d-sf5nr,1,16
1782283237,tc-26-6-2-1-1-10,osmo-mgw-8c8fc67d6-t5sth,1,2
1782283237,tc-26-6-2-1-1-10,osmo-mobile-587bd5b846-btmbs,3,31
1782283237,tc-26-6-2-3-1-1,msc-test-stub-5b875d749d-kkdgt,3,16
1782283237,tc-26-6-2-3-1-1,osmo-bsc-594654bd47-cbm7z,1,5
1782283237,tc-26-6-2-3-1-1,osmo-bts-virtual-5f8b9b86fc-cbwgk,23,5
1782283237,tc-26-6-2-3-1-1,osmo-hlr-546bdb8988-xs8kw,1,2
1782283237,tc-26-6-2-3-1-1,osmo-mgw-8c8fc67d6-7sbxs,1,2
1782283237,tc-26-6-2-3-1-1,osmo-mobile-54df7bb868-c8rzc,4,36
1782283237,tc-26-6-2-3-1-1,osmo-stp-768687f494-6jzfj,1,2
1782283237,tc-26-6-2-3-1-1,ttcn3-tc-26-6-2-3-1-1-sxqjn,13,6
1782283237,tc-26-6-2-3-1-1,virtphy-98dbf4747-6d9px,7,1
1782283237,tc-26-6-2-4-8,msc-test-stub-5b875d749d-xvhpf,1,16
1782283237,tc-26-6-2-4-8,osmo-mgw-8c8fc67d6-n8kkk,1,2
1782283237,tc-26-6-2-4-8,osmo-mobile-67b9dc6556-l7d2s,5,31
1782283237,tc-26-7-2-2-3,msc-test-stub-5b875d749d-2k5jx,1,16
1782283237,tc-26-7-2-2-3,osmo-mgw-8c8fc67d6-w7mb7,1,2
1782283237,tc-26-7-2-2-3,osmo-mobile-65b5958d7b-nd7wr,3,36
1782283237,tc-26-7-3-2-2,msc-test-stub-5b875d749d-vcrjm,2,16
1782283237,tc-26-7-3-2-2,osmo-bsc-594654bd47-7nw9l,1,5
1782283237,tc-26-7-3-2-2,osmo-bts-virtual-5f8b9b86fc-4fnh4,24,5
1782283237,tc-26-7-3-2-2,osmo-hlr-546bdb8988-dh7l7,1,2
1782283237,tc-26-7-3-2-2,osmo-mgw-8c8fc67d6-n8lxb,1,2
1782283237,tc-26-7-3-2-2,osmo-mobile-698697576-dlg79,3,33
1782283237,tc-26-7-3-2-2,osmo-stp-768687f494-ftknv,1,2
1782283237,tc-26-7-3-2-2,ttcn3-tc-26-7-3-2-1-b484k,10,6
1782283237,tc-26-7-3-2-2,virtphy-785d5cf49-h4csq,6,1
1782283237,tc-26-7-4-1-11,msc-test-stub-5b875d749d-nf4fk,1,16
1782283237,tc-26-7-4-1-11,osmo-mgw-8c8fc67d6-blwgc,1,2
1782283237,tc-26-7-4-1-11,osmo-mobile-57ffcc5b84-bcb6v,2,33
1782283237,tc-26-7-5-3-12,msc-test-stub-5b875d749d-9xvl9,1,16
1782283237,tc-26-7-5-3-12,osmo-bsc-594654bd47-b8kpq,1,5
1782283237,tc-26-7-5-3-12,osmo-bts-virtual-5f8b9b86fc-wl7k2,26,5
1782283237,tc-26-7-5-3-12,osmo-hlr-546bdb8988-d6l2s,1,2
1782283237,tc-26-7-5-3-12,osmo-mgw-8c8fc67d6-xp48l,1,2
1782283237,tc-26-7-5-3-12,osmo-mobile-79c8f8bc4b-mc6jq,2,36
1782283237,tc-26-7-5-3-12,osmo-stp-768687f494-2nqzv,1,2
1782283237,tc-26-7-5-3-12,ttcn3-tc-26-7-5-3-1-p97pl,1,6
1782283237,tc-26-7-5-3-12,virtphy-56cc7fd87-gnrrq,6,1
1782283237,tc-34-2-2-6,msc-test-stub-5b875d749d-n76gn,1,16
1782283237,tc-34-2-2-6,osmo-bsc-594654bd47-ngnw2,1,5
1782283237,tc-34-2-2-6,osmo-bts-virtual-5f8b9b86fc-49knq,26,5
1782283237,tc-34-2-2-6,osmo-hlr-546bdb8988-zlpbh,1,2
1782283237,tc-34-2-2-6,osmo-mgw-8c8fc67d6-rngtg,1,2
1782283237,tc-34-2-2-6,osmo-mobile-56b5cd4676-8st5t,3,36
1782283237,tc-34-2-2-6,osmo-stp-768687f494-tqplx,1,2
1782283237,tc-34-2-2-6,virtphy-84fb969f5c-nv7hc,6,1
1782283239,kube-system,coredns-c4dbffb5f-p9rsr,4,29
1782283239,kube-system,local-path-provisioner-5c4dc5d66d-nfqxz,1,15
1782283239,kube-system,metrics-server-786d997795-hcp2m,10,45
1782283239,kube-system,svclb-traefik-1100f998-kpm9h,0,0
1782283239,kube-system,traefik-9bcdbbd9-qtpjt,2,37
1782283239,tc-26-6-1-1-7,msc-test-stub-5b875d749d-qhcnt,1,16
1782283239,tc-26-6-1-1-7,osmo-bsc-594654bd47-mk546,1,5
1782283239,tc-26-6-1-1-7,osmo-bts-virtual-5f8b9b86fc-fwlzl,25,5
1782283239,tc-26-6-1-1-7,osmo-hlr-546bdb8988-vjqwp,1,2
1782283239,tc-26-6-1-1-7,osmo-mgw-8c8fc67d6-klmpk,1,2
1782283239,tc-26-6-1-1-7,osmo-mobile-58b76ddf85-gbd9r,2,36
1782283239,tc-26-6-1-1-7,osmo-stp-768687f494-6bzn7,1,2
1782283239,tc-26-6-1-1-7,virtphy-576cdd77b8-29gc2,7,1
1782283239,tc-26-6-11-1-9,msc-test-stub-5b875d749d-mx9h8,1,16
1782283239,tc-26-6-11-1-9,osmo-mgw-8c8fc67d6-95rkp,1,2
1782283239,tc-26-6-11-1-9,osmo-mobile-654dfdc996-rvbm9,3,30
1782283239,tc-26-6-2-3-1-1,msc-test-stub-5b875d749d-kkdgt,3,16
1782283239,tc-26-6-2-3-1-1,osmo-bsc-594654bd47-cbm7z,1,5
1782283239,tc-26-6-2-3-1-1,osmo-bts-virtual-5f8b9b86fc-cbwgk,23,5
1782283239,tc-26-6-2-3-1-1,osmo-hlr-546bdb8988-xs8kw,1,2
1782283239,tc-26-6-2-3-1-1,osmo-mgw-8c8fc67d6-7sbxs,1,2
1782283239,tc-26-6-2-3-1-1,osmo-mobile-54df7bb868-c8rzc,4,36
1782283239,tc-26-6-2-3-1-1,osmo-stp-768687f494-6jzfj,1,2
1782283239,tc-26-6-2-3-1-1,ttcn3-tc-26-6-2-3-1-1-sxqjn,13,6
1782283239,tc-26-6-2-3-1-1,virtphy-98dbf4747-6d9px,7,1
1782283239,tc-26-7-2-2-3,msc-test-stub-5b875d749d-2k5jx,1,16
1782283239,tc-26-7-2-2-3,osmo-mgw-8c8fc67d6-w7mb7,1,2
1782283239,tc-26-7-2-2-3,osmo-mobile-65b5958d7b-nd7wr,3,36
1782283239,tc-26-7-3-2-2,msc-test-stub-5b875d749d-vcrjm,2,16
1782283239,tc-26-7-3-2-2,osmo-bsc-594654bd47-7nw9l,1,5
1782283239,tc-26-7-3-2-2,osmo-bts-virtual-5f8b9b86fc-4fnh4,24,5
1782283239,tc-26-7-3-2-2,osmo-hlr-546bdb8988-dh7l7,1,2
1782283239,tc-26-7-3-2-2,osmo-mgw-8c8fc67d6-n8lxb,1,2
1782283239,tc-26-7-3-2-2,osmo-mobile-698697576-dlg79,3,33
1782283239,tc-26-7-3-2-2,osmo-stp-768687f494-ftknv,1,2
1782283239,tc-26-7-3-2-2,ttcn3-tc-26-7-3-2-1-b484k,10,6
1782283239,tc-26-7-3-2-2,virtphy-785d5cf49-h4csq,6,1
1782283239,tc-26-7-4-1-11,msc-test-stub-5b875d749d-nf4fk,1,16
1782283239,tc-26-7-4-1-11,osmo-mgw-8c8fc67d6-blwgc,1,2
1782283239,tc-26-7-4-1-11,osmo-mobile-57ffcc5b84-bcb6v,2,33
1782283239,tc-26-7-5-3-12,msc-test-stub-5b875d749d-9xvl9,1,16
1782283239,tc-26-7-5-3-12,osmo-bsc-594654bd47-b8kpq,1,5
1782283239,tc-26-7-5-3-12,osmo-bts-virtual-5f8b9b86fc-wl7k2,26,5
1782283239,tc-26-7-5-3-12,osmo-hlr-546bdb8988-d6l2s,1,2
1782283239,tc-26-7-5-3-12,osmo-mgw-8c8fc67d6-xp48l,1,2
1782283239,tc-26-7-5-3-12,osmo-mobile-79c8f8bc4b-mc6jq,2,36
1782283239,tc-26-7-5-3-12,osmo-stp-768687f494-2nqzv,1,2
1782283239,tc-26-7-5-3-12,ttcn3-tc-26-7-5-3-1-p97pl,1,6
1782283239,tc-26-7-5-3-12,virtphy-56cc7fd87-gnrrq,6,1
1782283239,tc-34-2-2-6,msc-test-stub-5b875d749d-n76gn,1,16
1782283239,tc-34-2-2-6,osmo-bsc-594654bd47-ngnw2,1,5
1782283239,tc-34-2-2-6,osmo-bts-virtual-5f8b9b86fc-49knq,26,5
1782283239,tc-34-2-2-6,osmo-hlr-546bdb8988-zlpbh,1,2
1782283239,tc-34-2-2-6,osmo-mgw-8c8fc67d6-rngtg,1,2
1782283239,tc-34-2-2-6,osmo-mobile-56b5cd4676-8st5t,3,36
1782283239,tc-34-2-2-6,osmo-stp-768687f494-tqplx,1,2
1782283239,tc-34-2-2-6,virtphy-84fb969f5c-nv7hc,6,1
1782283241,kube-system,coredns-c4dbffb5f-p9rsr,4,29
1782283241,kube-system,local-path-provisioner-5c4dc5d66d-nfqxz,1,15
1782283241,kube-system,metrics-server-786d997795-hcp2m,10,45
1782283241,kube-system,svclb-traefik-1100f998-kpm9h,0,0
1782283241,kube-system,traefik-9bcdbbd9-qtpjt,2,37
1782283241,tc-26-6-1-1-7,msc-test-stub-5b875d749d-qhcnt,1,16
1782283241,tc-26-6-1-1-7,osmo-bsc-594654bd47-mk546,1,5
1782283241,tc-26-6-1-1-7,osmo-bts-virtual-5f8b9b86fc-fwlzl,25,5
1782283241,tc-26-6-1-1-7,osmo-hlr-546bdb8988-vjqwp,1,2
1782283241,tc-26-6-1-1-7,osmo-mgw-8c8fc67d6-klmpk,1,2
1782283241,tc-26-6-1-1-7,osmo-mobile-58b76ddf85-gbd9r,2,36
1782283241,tc-26-6-1-1-7,osmo-stp-768687f494-6bzn7,1,2
1782283241,tc-26-6-1-1-7,virtphy-576cdd77b8-29gc2,7,1
1782283241,tc-26-6-11-1-9,msc-test-stub-5b875d749d-mx9h8,1,16
1782283241,tc-26-6-11-1-9,osmo-mgw-8c8fc67d6-95rkp,1,2
1782283241,tc-26-6-11-1-9,osmo-mobile-654dfdc996-rvbm9,3,30
1782283241,tc-26-6-2-3-1-1,msc-test-stub-5b875d749d-kkdgt,3,16
1782283241,tc-26-6-2-3-1-1,osmo-bsc-594654bd47-cbm7z,1,5
1782283241,tc-26-6-2-3-1-1,osmo-bts-virtual-5f8b9b86fc-cbwgk,23,5
1782283241,tc-26-6-2-3-1-1,osmo-hlr-546bdb8988-xs8kw,1,2
1782283241,tc-26-6-2-3-1-1,osmo-mgw-8c8fc67d6-7sbxs,1,2
1782283241,tc-26-6-2-3-1-1,osmo-mobile-54df7bb868-c8rzc,4,36
1782283241,tc-26-6-2-3-1-1,osmo-stp-768687f494-6jzfj,1,2
1782283241,tc-26-6-2-3-1-1,ttcn3-tc-26-6-2-3-1-1-sxqjn,13,6
1782283241,tc-26-6-2-3-1-1,virtphy-98dbf4747-6d9px,7,1
1782283241,tc-26-7-2-2-3,msc-test-stub-5b875d749d-2k5jx,1,16
1782283241,tc-26-7-2-2-3,osmo-mgw-8c8fc67d6-w7mb7,1,2
1782283241,tc-26-7-2-2-3,osmo-mobile-65b5958d7b-nd7wr,3,36
1782283241,tc-26-7-3-2-2,msc-test-stub-5b875d749d-vcrjm,2,16
1782283241,tc-26-7-3-2-2,osmo-bsc-594654bd47-7nw9l,1,5
1782283241,tc-26-7-3-2-2,osmo-bts-virtual-5f8b9b86fc-4fnh4,24,5
1782283241,tc-26-7-3-2-2,osmo-hlr-546bdb8988-dh7l7,1,2
1782283241,tc-26-7-3-2-2,osmo-mgw-8c8fc67d6-n8lxb,1,2
1782283241,tc-26-7-3-2-2,osmo-mobile-698697576-dlg79,3,33
1782283241,tc-26-7-3-2-2,osmo-stp-768687f494-ftknv,1,2
1782283241,tc-26-7-3-2-2,ttcn3-tc-26-7-3-2-1-b484k,10,6
1782283241,tc-26-7-3-2-2,virtphy-785d5cf49-h4csq,6,1
1782283241,tc-26-7-4-1-11,msc-test-stub-5b875d749d-nf4fk,1,16
1782283241,tc-26-7-4-1-11,osmo-mgw-8c8fc67d6-blwgc,1,2
1782283241,tc-26-7-4-1-11,osmo-mobile-57ffcc5b84-bcb6v,2,33
1782283241,tc-26-7-5-3-12,msc-test-stub-5b875d749d-9xvl9,1,16
1782283241,tc-26-7-5-3-12,osmo-bsc-594654bd47-b8kpq,1,5
1782283241,tc-26-7-5-3-12,osmo-bts-virtual-5f8b9b86fc-wl7k2,26,5
1782283241,tc-26-7-5-3-12,osmo-hlr-546bdb8988-d6l2s,1,2
1782283241,tc-26-7-5-3-12,osmo-mgw-8c8fc67d6-xp48l,1,2
1782283241,tc-26-7-5-3-12,osmo-mobile-79c8f8bc4b-mc6jq,2,36
1782283241,tc-26-7-5-3-12,osmo-stp-768687f494-2nqzv,1,2
1782283241,tc-26-7-5-3-12,ttcn3-tc-26-7-5-3-1-p97pl,1,6
1782283241,tc-26-7-5-3-12,virtphy-56cc7fd87-gnrrq,6,1
1782283241,tc-34-2-2-6,msc-test-stub-5b875d749d-n76gn,1,16
1782283241,tc-34-2-2-6,osmo-bsc-594654bd47-ngnw2,1,5
1782283241,tc-34-2-2-6,osmo-bts-virtual-5f8b9b86fc-49knq,26,5
1782283241,tc-34-2-2-6,osmo-hlr-546bdb8988-zlpbh,1,2
1782283241,tc-34-2-2-6,osmo-mgw-8c8fc67d6-rngtg,1,2
1782283241,tc-34-2-2-6,osmo-mobile-56b5cd4676-8st5t,3,36
1782283241,tc-34-2-2-6,osmo-stp-768687f494-tqplx,1,2
1782283241,tc-34-2-2-6,virtphy-84fb969f5c-nv7hc,6,1
1782283243,kube-system,coredns-c4dbffb5f-p9rsr,4,29
1782283243,kube-system,local-path-provisioner-5c4dc5d66d-nfqxz,1,15
1782283243,kube-system,metrics-server-786d997795-hcp2m,10,45
1782283243,kube-system,svclb-traefik-1100f998-kpm9h,0,0
1782283243,kube-system,traefik-9bcdbbd9-qtpjt,2,37
1782283243,tc-26-6-1-1-7,msc-test-stub-5b875d749d-qhcnt,2,16
1782283243,tc-26-6-1-1-7,osmo-bsc-594654bd47-mk546,1,5
1782283243,tc-26-6-1-1-7,osmo-bts-virtual-5f8b9b86fc-fwlzl,22,5
1782283243,tc-26-6-1-1-7,osmo-hlr-546bdb8988-vjqwp,1,2
1782283243,tc-26-6-1-1-7,osmo-mgw-8c8fc67d6-klmpk,1,2
1782283243,tc-26-6-1-1-7,osmo-mobile-58b76ddf85-gbd9r,3,36
1782283243,tc-26-6-1-1-7,osmo-stp-768687f494-6bzn7,1,2
1782283243,tc-26-6-1-1-7,virtphy-576cdd77b8-29gc2,6,1
1782283243,tc-26-6-2-3-1-1,msc-test-stub-5b875d749d-kkdgt,1,16
1782283243,tc-26-6-2-3-1-1,osmo-bsc-594654bd47-cbm7z,1,5
1782283243,tc-26-6-2-3-1-1,osmo-bts-virtual-5f8b9b86fc-cbwgk,20,5
1782283243,tc-26-6-2-3-1-1,osmo-hlr-546bdb8988-xs8kw,1,2
1782283243,tc-26-6-2-3-1-1,osmo-mgw-8c8fc67d6-7sbxs,1,2
1782283243,tc-26-6-2-3-1-1,osmo-mobile-54df7bb868-c8rzc,3,37
1782283243,tc-26-6-2-3-1-1,osmo-stp-768687f494-6jzfj,1,2
1782283243,tc-26-6-2-3-1-1,ttcn3-tc-26-6-2-3-1-1-sxqjn,1,6
1782283243,tc-26-6-2-3-1-1,virtphy-98dbf4747-6d9px,5,1
1782283243,tc-26-7-2-2-3,msc-test-stub-5b875d749d-2k5jx,1,16
1782283243,tc-26-7-2-2-3,osmo-mgw-8c8fc67d6-w7mb7,1,2
1782283243,tc-26-7-2-2-3,osmo-mobile-65b5958d7b-nd7wr,5,34
1782283243,tc-26-7-3-2-2,msc-test-stub-5b875d749d-vcrjm,1,16
1782283243,tc-26-7-3-2-2,osmo-bsc-594654bd47-7nw9l,1,5
1782283243,tc-26-7-3-2-2,osmo-bts-virtual-5f8b9b86fc-4fnh4,20,5
1782283243,tc-26-7-3-2-2,osmo-hlr-546bdb8988-dh7l7,1,2
1782283243,tc-26-7-3-2-2,osmo-mgw-8c8fc67d6-n8lxb,1,2
1782283243,tc-26-7-3-2-2,osmo-mobile-698697576-dlg79,3,33
1782283243,tc-26-7-3-2-2,osmo-stp-768687f494-ftknv,1,2
1782283243,tc-26-7-3-2-2,ttcn3-tc-26-7-3-2-1-b484k,1,6
1782283243,tc-26-7-3-2-2,virtphy-785d5cf49-h4csq,5,1
1782283243,tc-26-7-4-1-11,msc-test-stub-5b875d749d-nf4fk,1,16
1782283243,tc-26-7-4-1-11,osmo-mgw-8c8fc67d6-blwgc,1,2
1782283243,tc-26-7-4-1-11,osmo-mobile-57ffcc5b84-bcb6v,4,31
1782283243,tc-26-7-5-3-12,msc-test-stub-5b875d749d-9xvl9,1,16
1782283243,tc-26-7-5-3-12,osmo-bsc-594654bd47-b8kpq,1,5
1782283243,tc-26-7-5-3-12,osmo-bts-virtual-5f8b9b86fc-wl7k2,25,5
1782283243,tc-26-7-5-3-12,osmo-hlr-546bdb8988-d6l2s,1,2
1782283243,tc-26-7-5-3-12,osmo-mgw-8c8fc67d6-xp48l,1,2
1782283243,tc-26-7-5-3-12,osmo-mobile-79c8f8bc4b-mc6jq,2,36
1782283243,tc-26-7-5-3-12,osmo-stp-768687f494-2nqzv,1,2
1782283243,tc-26-7-5-3-12,ttcn3-tc-26-7-5-3-1-p97pl,1,6
1782283243,tc-26-7-5-3-12,virtphy-56cc7fd87-gnrrq,6,1
1782283243,tc-34-2-2-6,msc-test-stub-5b875d749d-n76gn,2,16
1782283243,tc-34-2-2-6,osmo-bsc-594654bd47-ngnw2,1,5
1782283243,tc-34-2-2-6,osmo-bts-virtual-5f8b9b86fc-49knq,22,5
1782283243,tc-34-2-2-6,osmo-hlr-546bdb8988-zlpbh,1,2
1782283243,tc-34-2-2-6,osmo-mgw-8c8fc67d6-rngtg,1,2
1782283243,tc-34-2-2-6,osmo-mobile-56b5cd4676-8st5t,4,36
1782283243,tc-34-2-2-6,osmo-stp-768687f494-tqplx,1,2
1782283243,tc-34-2-2-6,virtphy-84fb969f5c-nv7hc,6,1
1782283245,kube-system,coredns-c4dbffb5f-p9rsr,4,29
1782283245,kube-system,local-path-provisioner-5c4dc5d66d-nfqxz,1,15
1782283245,kube-system,metrics-server-786d997795-hcp2m,10,45
1782283245,kube-system,svclb-traefik-1100f998-kpm9h,0,0
1782283245,kube-system,traefik-9bcdbbd9-qtpjt,2,37
1782283245,tc-26-6-1-1-7,msc-test-stub-5b875d749d-qhcnt,2,16
1782283245,tc-26-6-1-1-7,osmo-bsc-594654bd47-mk546,1,5
1782283245,tc-26-6-1-1-7,osmo-bts-virtual-5f8b9b86fc-fwlzl,22,5
1782283245,tc-26-6-1-1-7,osmo-hlr-546bdb8988-vjqwp,1,2
1782283245,tc-26-6-1-1-7,osmo-mgw-8c8fc67d6-klmpk,1,2
1782283245,tc-26-6-1-1-7,osmo-mobile-58b76ddf85-gbd9r,3,36
1782283245,tc-26-6-1-1-7,osmo-stp-768687f494-6bzn7,1,2
1782283245,tc-26-6-1-1-7,virtphy-576cdd77b8-29gc2,6,1
1782283245,tc-26-6-2-3-1-1,msc-test-stub-5b875d749d-kkdgt,1,16
1782283245,tc-26-6-2-3-1-1,osmo-bsc-594654bd47-cbm7z,1,5
1782283245,tc-26-6-2-3-1-1,osmo-bts-virtual-5f8b9b86fc-cbwgk,20,5
1782283245,tc-26-6-2-3-1-1,osmo-hlr-546bdb8988-xs8kw,1,2
1782283245,tc-26-6-2-3-1-1,osmo-mgw-8c8fc67d6-7sbxs,1,2
1782283245,tc-26-6-2-3-1-1,osmo-mobile-54df7bb868-c8rzc,3,37
1782283245,tc-26-6-2-3-1-1,osmo-stp-768687f494-6jzfj,1,2
1782283245,tc-26-6-2-3-1-1,ttcn3-tc-26-6-2-3-1-1-sxqjn,1,6
1782283245,tc-26-6-2-3-1-1,virtphy-98dbf4747-6d9px,5,1
1782283245,tc-26-7-2-2-3,msc-test-stub-5b875d749d-2k5jx,1,16
1782283245,tc-26-7-2-2-3,osmo-mgw-8c8fc67d6-w7mb7,1,2
1782283245,tc-26-7-2-2-3,osmo-mobile-65b5958d7b-nd7wr,5,34
1782283245,tc-26-7-3-2-2,msc-test-stub-5b875d749d-vcrjm,1,16
1782283245,tc-26-7-3-2-2,osmo-bsc-594654bd47-7nw9l,1,5
1782283245,tc-26-7-3-2-2,osmo-bts-virtual-5f8b9b86fc-4fnh4,20,5
1782283245,tc-26-7-3-2-2,osmo-hlr-546bdb8988-dh7l7,1,2
1782283245,tc-26-7-3-2-2,osmo-mgw-8c8fc67d6-n8lxb,1,2
1782283245,tc-26-7-3-2-2,osmo-mobile-698697576-dlg79,3,33
1782283245,tc-26-7-3-2-2,osmo-stp-768687f494-ftknv,1,2
1782283245,tc-26-7-3-2-2,ttcn3-tc-26-7-3-2-1-b484k,1,6
1782283245,tc-26-7-3-2-2,virtphy-785d5cf49-h4csq,5,1
1782283245,tc-26-7-4-1-11,msc-test-stub-5b875d749d-nf4fk,1,16
1782283245,tc-26-7-4-1-11,osmo-mgw-8c8fc67d6-blwgc,1,2
1782283245,tc-26-7-4-1-11,osmo-mobile-57ffcc5b84-bcb6v,4,31
1782283245,tc-26-7-5-3-12,msc-test-stub-5b875d749d-9xvl9,1,16
1782283245,tc-26-7-5-3-12,osmo-bsc-594654bd47-b8kpq,1,5
1782283245,tc-26-7-5-3-12,osmo-bts-virtual-5f8b9b86fc-wl7k2,25,5
1782283245,tc-26-7-5-3-12,osmo-hlr-546bdb8988-d6l2s,1,2
1782283245,tc-26-7-5-3-12,osmo-mgw-8c8fc67d6-xp48l,1,2
1782283245,tc-26-7-5-3-12,osmo-mobile-79c8f8bc4b-mc6jq,2,36
1782283245,tc-26-7-5-3-12,osmo-stp-768687f494-2nqzv,1,2
1782283245,tc-26-7-5-3-12,ttcn3-tc-26-7-5-3-1-p97pl,1,6
1782283245,tc-26-7-5-3-12,virtphy-56cc7fd87-gnrrq,6,1
1782283245,tc-34-2-2-6,msc-test-stub-5b875d749d-n76gn,2,16
1782283245,tc-34-2-2-6,osmo-bsc-594654bd47-ngnw2,1,5
1782283245,tc-34-2-2-6,osmo-bts-virtual-5f8b9b86fc-49knq,22,5
1782283245,tc-34-2-2-6,osmo-hlr-546bdb8988-zlpbh,1,2
1782283245,tc-34-2-2-6,osmo-mgw-8c8fc67d6-rngtg,1,2
1782283245,tc-34-2-2-6,osmo-mobile-56b5cd4676-8st5t,4,36
1782283245,tc-34-2-2-6,osmo-stp-768687f494-tqplx,1,2
1782283245,tc-34-2-2-6,virtphy-84fb969f5c-nv7hc,6,1
1782283248,kube-system,coredns-c4dbffb5f-p9rsr,4,29
1782283248,kube-system,local-path-provisioner-5c4dc5d66d-nfqxz,1,15
1782283248,kube-system,metrics-server-786d997795-hcp2m,10,45
1782283248,kube-system,svclb-traefik-1100f998-kpm9h,0,0
1782283248,kube-system,traefik-9bcdbbd9-qtpjt,2,37
1782283248,tc-26-6-1-1-7,msc-test-stub-5b875d749d-qhcnt,2,16
1782283248,tc-26-6-1-1-7,osmo-bsc-594654bd47-mk546,1,5
1782283248,tc-26-6-1-1-7,osmo-bts-virtual-5f8b9b86fc-fwlzl,22,5
1782283248,tc-26-6-1-1-7,osmo-hlr-546bdb8988-vjqwp,1,2
1782283248,tc-26-6-1-1-7,osmo-mgw-8c8fc67d6-klmpk,1,2
1782283248,tc-26-6-1-1-7,osmo-mobile-58b76ddf85-gbd9r,3,36
1782283248,tc-26-6-1-1-7,osmo-stp-768687f494-6bzn7,1,2
1782283248,tc-26-6-1-1-7,virtphy-576cdd77b8-29gc2,6,1
1782283248,tc-26-6-2-3-1-1,msc-test-stub-5b875d749d-kkdgt,1,16
1782283248,tc-26-6-2-3-1-1,osmo-bsc-594654bd47-cbm7z,1,5
1782283248,tc-26-6-2-3-1-1,osmo-bts-virtual-5f8b9b86fc-cbwgk,20,5
1782283248,tc-26-6-2-3-1-1,osmo-hlr-546bdb8988-xs8kw,1,2
1782283248,tc-26-6-2-3-1-1,osmo-mgw-8c8fc67d6-7sbxs,1,2
1782283248,tc-26-6-2-3-1-1,osmo-mobile-54df7bb868-c8rzc,3,37
1782283248,tc-26-6-2-3-1-1,osmo-stp-768687f494-6jzfj,1,2
1782283248,tc-26-6-2-3-1-1,ttcn3-tc-26-6-2-3-1-1-sxqjn,1,6
1782283248,tc-26-6-2-3-1-1,virtphy-98dbf4747-6d9px,5,1
1782283248,tc-26-7-2-2-3,msc-test-stub-5b875d749d-2k5jx,1,16
1782283248,tc-26-7-2-2-3,osmo-mgw-8c8fc67d6-w7mb7,1,2
1782283248,tc-26-7-2-2-3,osmo-mobile-65b5958d7b-nd7wr,5,34
1782283248,tc-26-7-3-2-2,msc-test-stub-5b875d749d-vcrjm,1,16
1782283248,tc-26-7-3-2-2,osmo-bsc-594654bd47-7nw9l,1,5
1782283248,tc-26-7-3-2-2,osmo-bts-virtual-5f8b9b86fc-4fnh4,20,5
1782283248,tc-26-7-3-2-2,osmo-hlr-546bdb8988-dh7l7,1,2
1782283248,tc-26-7-3-2-2,osmo-mgw-8c8fc67d6-n8lxb,1,2
1782283248,tc-26-7-3-2-2,osmo-mobile-698697576-dlg79,3,33
1782283248,tc-26-7-3-2-2,osmo-stp-768687f494-ftknv,1,2
1782283248,tc-26-7-3-2-2,ttcn3-tc-26-7-3-2-1-b484k,1,6
1782283248,tc-26-7-3-2-2,virtphy-785d5cf49-h4csq,5,1
1782283248,tc-26-7-4-1-11,msc-test-stub-5b875d749d-nf4fk,1,16
1782283248,tc-26-7-4-1-11,osmo-mgw-8c8fc67d6-blwgc,1,2
1782283248,tc-26-7-4-1-11,osmo-mobile-57ffcc5b84-bcb6v,4,31
1782283248,tc-26-7-5-3-12,msc-test-stub-5b875d749d-9xvl9,1,16
1782283248,tc-26-7-5-3-12,osmo-bsc-594654bd47-b8kpq,1,5
1782283248,tc-26-7-5-3-12,osmo-bts-virtual-5f8b9b86fc-wl7k2,25,5
1782283248,tc-26-7-5-3-12,osmo-hlr-546bdb8988-d6l2s,1,2
1782283248,tc-26-7-5-3-12,osmo-mgw-8c8fc67d6-xp48l,1,2
1782283248,tc-26-7-5-3-12,osmo-mobile-79c8f8bc4b-mc6jq,2,36
1782283248,tc-26-7-5-3-12,osmo-stp-768687f494-2nqzv,1,2
1782283248,tc-26-7-5-3-12,ttcn3-tc-26-7-5-3-1-p97pl,1,6
1782283248,tc-26-7-5-3-12,virtphy-56cc7fd87-gnrrq,6,1
1782283248,tc-34-2-2-6,msc-test-stub-5b875d749d-n76gn,2,16
1782283248,tc-34-2-2-6,osmo-bsc-594654bd47-ngnw2,1,5
1782283248,tc-34-2-2-6,osmo-bts-virtual-5f8b9b86fc-49knq,22,5
1782283248,tc-34-2-2-6,osmo-hlr-546bdb8988-zlpbh,1,2
1782283248,tc-34-2-2-6,osmo-mgw-8c8fc67d6-rngtg,1,2
1782283248,tc-34-2-2-6,osmo-mobile-56b5cd4676-8st5t,4,36
1782283248,tc-34-2-2-6,osmo-stp-768687f494-tqplx,1,2
1782283248,tc-34-2-2-6,virtphy-84fb969f5c-nv7hc,6,1
1782283250,kube-system,coredns-c4dbffb5f-p9rsr,4,29
1782283250,kube-system,local-path-provisioner-5c4dc5d66d-nfqxz,1,15
1782283250,kube-system,metrics-server-786d997795-hcp2m,10,45
1782283250,kube-system,svclb-traefik-1100f998-kpm9h,0,0
1782283250,kube-system,traefik-9bcdbbd9-qtpjt,2,37
1782283250,tc-26-6-1-1-7,msc-test-stub-5b875d749d-qhcnt,2,16
1782283250,tc-26-6-1-1-7,osmo-bsc-594654bd47-mk546,1,5
1782283250,tc-26-6-1-1-7,osmo-bts-virtual-5f8b9b86fc-fwlzl,22,5
1782283250,tc-26-6-1-1-7,osmo-hlr-546bdb8988-vjqwp,1,2
1782283250,tc-26-6-1-1-7,osmo-mgw-8c8fc67d6-klmpk,1,2
1782283250,tc-26-6-1-1-7,osmo-mobile-58b76ddf85-gbd9r,3,36
1782283250,tc-26-6-1-1-7,osmo-stp-768687f494-6bzn7,1,2
1782283250,tc-26-6-1-1-7,virtphy-576cdd77b8-29gc2,6,1
1782283250,tc-26-6-2-3-1-1,msc-test-stub-5b875d749d-kkdgt,1,16
1782283250,tc-26-6-2-3-1-1,osmo-bsc-594654bd47-cbm7z,1,5
1782283250,tc-26-6-2-3-1-1,osmo-bts-virtual-5f8b9b86fc-cbwgk,20,5
1782283250,tc-26-6-2-3-1-1,osmo-hlr-546bdb8988-xs8kw,1,2
1782283250,tc-26-6-2-3-1-1,osmo-mgw-8c8fc67d6-7sbxs,1,2
1782283250,tc-26-6-2-3-1-1,osmo-mobile-54df7bb868-c8rzc,3,37
1782283250,tc-26-6-2-3-1-1,osmo-stp-768687f494-6jzfj,1,2
1782283250,tc-26-6-2-3-1-1,ttcn3-tc-26-6-2-3-1-1-sxqjn,1,6
1782283250,tc-26-6-2-3-1-1,virtphy-98dbf4747-6d9px,5,1
1782283250,tc-26-7-2-2-3,msc-test-stub-5b875d749d-2k5jx,1,16
1782283250,tc-26-7-2-2-3,osmo-mgw-8c8fc67d6-w7mb7,1,2
1782283250,tc-26-7-2-2-3,osmo-mobile-65b5958d7b-nd7wr,5,34
1782283250,tc-26-7-3-2-2,msc-test-stub-5b875d749d-vcrjm,1,16
1782283250,tc-26-7-3-2-2,osmo-bsc-594654bd47-7nw9l,1,5
1782283250,tc-26-7-3-2-2,osmo-bts-virtual-5f8b9b86fc-4fnh4,20,5
1782283250,tc-26-7-3-2-2,osmo-hlr-546bdb8988-dh7l7,1,2
1782283250,tc-26-7-3-2-2,osmo-mgw-8c8fc67d6-n8lxb,1,2
1782283250,tc-26-7-3-2-2,osmo-mobile-698697576-dlg79,3,33
1782283250,tc-26-7-3-2-2,osmo-stp-768687f494-ftknv,1,2
1782283250,tc-26-7-3-2-2,ttcn3-tc-26-7-3-2-1-b484k,1,6
1782283250,tc-26-7-3-2-2,virtphy-785d5cf49-h4csq,5,1
1782283250,tc-26-7-4-1-11,msc-test-stub-5b875d749d-nf4fk,1,16
1782283250,tc-26-7-4-1-11,osmo-mgw-8c8fc67d6-blwgc,1,2
1782283250,tc-26-7-4-1-11,osmo-mobile-57ffcc5b84-bcb6v,4,31
1782283250,tc-26-7-5-3-12,msc-test-stub-5b875d749d-9xvl9,1,16
1782283250,tc-26-7-5-3-12,osmo-bsc-594654bd47-b8kpq,1,5
1782283250,tc-26-7-5-3-12,osmo-bts-virtual-5f8b9b86fc-wl7k2,25,5
1782283250,tc-26-7-5-3-12,osmo-hlr-546bdb8988-d6l2s,1,2
1782283250,tc-26-7-5-3-12,osmo-mgw-8c8fc67d6-xp48l,1,2
1782283250,tc-26-7-5-3-12,osmo-mobile-79c8f8bc4b-mc6jq,2,36
1782283250,tc-26-7-5-3-12,osmo-stp-768687f494-2nqzv,1,2
1782283250,tc-26-7-5-3-12,ttcn3-tc-26-7-5-3-1-p97pl,1,6
1782283250,tc-26-7-5-3-12,virtphy-56cc7fd87-gnrrq,6,1
1782283250,tc-34-2-2-6,msc-test-stub-5b875d749d-n76gn,2,16
1782283250,tc-34-2-2-6,osmo-bsc-594654bd47-ngnw2,1,5
1782283250,tc-34-2-2-6,osmo-bts-virtual-5f8b9b86fc-49knq,22,5
1782283250,tc-34-2-2-6,osmo-hlr-546bdb8988-zlpbh,1,2
1782283250,tc-34-2-2-6,osmo-mgw-8c8fc67d6-rngtg,1,2
1782283250,tc-34-2-2-6,osmo-mobile-56b5cd4676-8st5t,4,36
1782283250,tc-34-2-2-6,osmo-stp-768687f494-tqplx,1,2
1782283250,tc-34-2-2-6,virtphy-84fb969f5c-nv7hc,6,1
1782283253,kube-system,coredns-c4dbffb5f-p9rsr,4,29
1782283253,kube-system,local-path-provisioner-5c4dc5d66d-nfqxz,1,15
1782283253,kube-system,metrics-server-786d997795-hcp2m,10,45
1782283253,kube-system,svclb-traefik-1100f998-kpm9h,0,0
1782283253,kube-system,traefik-9bcdbbd9-qtpjt,2,37
1782283253,tc-26-6-1-1-7,msc-test-stub-5b875d749d-qhcnt,2,16
1782283253,tc-26-6-1-1-7,osmo-bsc-594654bd47-mk546,1,5
1782283253,tc-26-6-1-1-7,osmo-bts-virtual-5f8b9b86fc-fwlzl,22,5
1782283253,tc-26-6-1-1-7,osmo-hlr-546bdb8988-vjqwp,1,2
1782283253,tc-26-6-1-1-7,osmo-mgw-8c8fc67d6-klmpk,1,2
1782283253,tc-26-6-1-1-7,osmo-mobile-58b76ddf85-gbd9r,3,36
1782283253,tc-26-6-1-1-7,osmo-stp-768687f494-6bzn7,1,2
1782283253,tc-26-6-1-1-7,virtphy-576cdd77b8-29gc2,6,1
1782283253,tc-26-6-2-3-1-1,msc-test-stub-5b875d749d-kkdgt,1,16
1782283253,tc-26-6-2-3-1-1,osmo-bsc-594654bd47-cbm7z,1,5
1782283253,tc-26-6-2-3-1-1,osmo-bts-virtual-5f8b9b86fc-cbwgk,20,5
1782283253,tc-26-6-2-3-1-1,osmo-hlr-546bdb8988-xs8kw,1,2
1782283253,tc-26-6-2-3-1-1,osmo-mgw-8c8fc67d6-7sbxs,1,2
1782283253,tc-26-6-2-3-1-1,osmo-mobile-54df7bb868-c8rzc,3,37
1782283253,tc-26-6-2-3-1-1,osmo-stp-768687f494-6jzfj,1,2
1782283253,tc-26-6-2-3-1-1,ttcn3-tc-26-6-2-3-1-1-sxqjn,1,6
1782283253,tc-26-6-2-3-1-1,virtphy-98dbf4747-6d9px,5,1
1782283253,tc-26-7-2-2-3,msc-test-stub-5b875d749d-2k5jx,1,16
1782283253,tc-26-7-2-2-3,osmo-mgw-8c8fc67d6-w7mb7,1,2
1782283253,tc-26-7-2-2-3,osmo-mobile-65b5958d7b-nd7wr,5,34
1782283253,tc-26-7-3-2-2,msc-test-stub-5b875d749d-vcrjm,1,16
1782283253,tc-26-7-3-2-2,osmo-bsc-594654bd47-7nw9l,1,5
1782283253,tc-26-7-3-2-2,osmo-bts-virtual-5f8b9b86fc-4fnh4,20,5
1782283253,tc-26-7-3-2-2,osmo-hlr-546bdb8988-dh7l7,1,2
1782283253,tc-26-7-3-2-2,osmo-mgw-8c8fc67d6-n8lxb,1,2
1782283253,tc-26-7-3-2-2,osmo-mobile-698697576-dlg79,3,33
1782283253,tc-26-7-3-2-2,osmo-stp-768687f494-ftknv,1,2
1782283253,tc-26-7-3-2-2,ttcn3-tc-26-7-3-2-1-b484k,1,6
1782283253,tc-26-7-3-2-2,virtphy-785d5cf49-h4csq,5,1
1782283253,tc-26-7-4-1-11,msc-test-stub-5b875d749d-nf4fk,1,16
1782283253,tc-26-7-4-1-11,osmo-mgw-8c8fc67d6-blwgc,1,2
1782283253,tc-26-7-4-1-11,osmo-mobile-57ffcc5b84-bcb6v,4,31
1782283253,tc-26-7-5-3-12,msc-test-stub-5b875d749d-9xvl9,1,16
1782283253,tc-26-7-5-3-12,osmo-bsc-594654bd47-b8kpq,1,5
1782283253,tc-26-7-5-3-12,osmo-bts-virtual-5f8b9b86fc-wl7k2,25,5
1782283253,tc-26-7-5-3-12,osmo-hlr-546bdb8988-d6l2s,1,2
1782283253,tc-26-7-5-3-12,osmo-mgw-8c8fc67d6-xp48l,1,2
1782283253,tc-26-7-5-3-12,osmo-mobile-79c8f8bc4b-mc6jq,2,36
1782283253,tc-26-7-5-3-12,osmo-stp-768687f494-2nqzv,1,2
1782283253,tc-26-7-5-3-12,ttcn3-tc-26-7-5-3-1-p97pl,1,6
1782283253,tc-26-7-5-3-12,virtphy-56cc7fd87-gnrrq,6,1
1782283253,tc-34-2-2-6,msc-test-stub-5b875d749d-n76gn,2,16
1782283253,tc-34-2-2-6,osmo-bsc-594654bd47-ngnw2,1,5
1782283253,tc-34-2-2-6,osmo-bts-virtual-5f8b9b86fc-49knq,22,5
1782283253,tc-34-2-2-6,osmo-hlr-546bdb8988-zlpbh,1,2
1782283253,tc-34-2-2-6,osmo-mgw-8c8fc67d6-rngtg,1,2
1782283253,tc-34-2-2-6,osmo-mobile-56b5cd4676-8st5t,4,36
1782283253,tc-34-2-2-6,osmo-stp-768687f494-tqplx,1,2
1782283253,tc-34-2-2-6,virtphy-84fb969f5c-nv7hc,6,1
1782283255,kube-system,coredns-c4dbffb5f-p9rsr,4,29
1782283255,kube-system,local-path-provisioner-5c4dc5d66d-nfqxz,1,15
1782283255,kube-system,metrics-server-786d997795-hcp2m,10,45
1782283255,kube-system,svclb-traefik-1100f998-kpm9h,0,0
1782283255,kube-system,traefik-9bcdbbd9-qtpjt,2,37
1782283255,tc-26-6-1-1-7,msc-test-stub-5b875d749d-qhcnt,2,16
1782283255,tc-26-6-1-1-7,osmo-bsc-594654bd47-mk546,1,5
1782283255,tc-26-6-1-1-7,osmo-bts-virtual-5f8b9b86fc-fwlzl,22,5
1782283255,tc-26-6-1-1-7,osmo-hlr-546bdb8988-vjqwp,1,2
1782283255,tc-26-6-1-1-7,osmo-mgw-8c8fc67d6-klmpk,1,2
1782283255,tc-26-6-1-1-7,osmo-mobile-58b76ddf85-gbd9r,3,36
1782283255,tc-26-6-1-1-7,osmo-stp-768687f494-6bzn7,1,2
1782283255,tc-26-6-1-1-7,virtphy-576cdd77b8-29gc2,6,1
1782283255,tc-26-6-2-3-1-1,msc-test-stub-5b875d749d-kkdgt,1,16
1782283255,tc-26-6-2-3-1-1,osmo-bsc-594654bd47-cbm7z,1,5
1782283255,tc-26-6-2-3-1-1,osmo-bts-virtual-5f8b9b86fc-cbwgk,20,5
1782283255,tc-26-6-2-3-1-1,osmo-hlr-546bdb8988-xs8kw,1,2
1782283255,tc-26-6-2-3-1-1,osmo-mgw-8c8fc67d6-7sbxs,1,2
1782283255,tc-26-6-2-3-1-1,osmo-mobile-54df7bb868-c8rzc,3,37
1782283255,tc-26-6-2-3-1-1,osmo-stp-768687f494-6jzfj,1,2
1782283255,tc-26-6-2-3-1-1,ttcn3-tc-26-6-2-3-1-1-sxqjn,1,6
1782283255,tc-26-6-2-3-1-1,virtphy-98dbf4747-6d9px,5,1
1782283255,tc-26-7-2-2-3,msc-test-stub-5b875d749d-2k5jx,1,16
1782283255,tc-26-7-2-2-3,osmo-mgw-8c8fc67d6-w7mb7,1,2
1782283255,tc-26-7-2-2-3,osmo-mobile-65b5958d7b-nd7wr,5,34
1782283255,tc-26-7-3-2-2,msc-test-stub-5b875d749d-vcrjm,1,16
1782283255,tc-26-7-3-2-2,osmo-bsc-594654bd47-7nw9l,1,5
1782283255,tc-26-7-3-2-2,osmo-bts-virtual-5f8b9b86fc-4fnh4,20,5
1782283255,tc-26-7-3-2-2,osmo-hlr-546bdb8988-dh7l7,1,2
1782283255,tc-26-7-3-2-2,osmo-mgw-8c8fc67d6-n8lxb,1,2
1782283255,tc-26-7-3-2-2,osmo-mobile-698697576-dlg79,3,33
1782283255,tc-26-7-3-2-2,osmo-stp-768687f494-ftknv,1,2
1782283255,tc-26-7-3-2-2,ttcn3-tc-26-7-3-2-1-b484k,1,6
1782283255,tc-26-7-3-2-2,virtphy-785d5cf49-h4csq,5,1
1782283255,tc-26-7-4-1-11,msc-test-stub-5b875d749d-nf4fk,1,16
1782283255,tc-26-7-4-1-11,osmo-mgw-8c8fc67d6-blwgc,1,2
1782283255,tc-26-7-4-1-11,osmo-mobile-57ffcc5b84-bcb6v,4,31
1782283255,tc-26-7-5-3-12,msc-test-stub-5b875d749d-9xvl9,1,16
1782283255,tc-26-7-5-3-12,osmo-bsc-594654bd47-b8kpq,1,5
1782283255,tc-26-7-5-3-12,osmo-bts-virtual-5f8b9b86fc-wl7k2,25,5
1782283255,tc-26-7-5-3-12,osmo-hlr-546bdb8988-d6l2s,1,2
1782283255,tc-26-7-5-3-12,osmo-mgw-8c8fc67d6-xp48l,1,2
1782283255,tc-26-7-5-3-12,osmo-mobile-79c8f8bc4b-mc6jq,2,36
1782283255,tc-26-7-5-3-12,osmo-stp-768687f494-2nqzv,1,2
1782283255,tc-26-7-5-3-12,ttcn3-tc-26-7-5-3-1-p97pl,1,6
1782283255,tc-26-7-5-3-12,virtphy-56cc7fd87-gnrrq,6,1
1782283255,tc-34-2-2-6,msc-test-stub-5b875d749d-n76gn,2,16
1782283255,tc-34-2-2-6,osmo-bsc-594654bd47-ngnw2,1,5
1782283255,tc-34-2-2-6,osmo-bts-virtual-5f8b9b86fc-49knq,22,5
1782283255,tc-34-2-2-6,osmo-hlr-546bdb8988-zlpbh,1,2
1782283255,tc-34-2-2-6,osmo-mgw-8c8fc67d6-rngtg,1,2
1782283255,tc-34-2-2-6,osmo-mobile-56b5cd4676-8st5t,4,36
1782283255,tc-34-2-2-6,osmo-stp-768687f494-tqplx,1,2
1782283255,tc-34-2-2-6,virtphy-84fb969f5c-nv7hc,6,1
1782283258,kube-system,coredns-c4dbffb5f-p9rsr,4,29
1782283258,kube-system,local-path-provisioner-5c4dc5d66d-nfqxz,1,15
1782283258,kube-system,metrics-server-786d997795-hcp2m,9,45
1782283258,kube-system,svclb-traefik-1100f998-kpm9h,0,0
1782283258,kube-system,traefik-9bcdbbd9-qtpjt,1,37
1782283258,tc-26-6-1-1-7,msc-test-stub-5b875d749d-qhcnt,1,16
1782283258,tc-26-6-1-1-7,osmo-bsc-594654bd47-mk546,1,5
1782283258,tc-26-6-1-1-7,osmo-bts-virtual-5f8b9b86fc-fwlzl,22,5
1782283258,tc-26-6-1-1-7,osmo-hlr-546bdb8988-vjqwp,1,2
1782283258,tc-26-6-1-1-7,osmo-mgw-8c8fc67d6-klmpk,1,2
1782283258,tc-26-6-1-1-7,osmo-mobile-58b76ddf85-gbd9r,3,36
1782283258,tc-26-6-1-1-7,osmo-stp-768687f494-6bzn7,1,2
1782283258,tc-26-6-1-1-7,ttcn3-tc-26-6-1-1-1-wsmkg,1,6
1782283258,tc-26-6-1-1-7,virtphy-576cdd77b8-29gc2,7,1
1782283258,tc-26-6-2-3-1-1,msc-test-stub-5b875d749d-kkdgt,1,16
1782283258,tc-26-6-2-3-1-1,osmo-bsc-594654bd47-cbm7z,1,5
1782283258,tc-26-6-2-3-1-1,osmo-bts-virtual-5f8b9b86fc-cbwgk,20,5
1782283258,tc-26-6-2-3-1-1,osmo-hlr-546bdb8988-xs8kw,1,2
1782283258,tc-26-6-2-3-1-1,osmo-mgw-8c8fc67d6-7sbxs,1,2
1782283258,tc-26-6-2-3-1-1,osmo-mobile-54df7bb868-c8rzc,2,37
1782283258,tc-26-6-2-3-1-1,osmo-stp-768687f494-6jzfj,1,2
1782283258,tc-26-6-2-3-1-1,ttcn3-tc-26-6-2-3-1-1-sxqjn,1,6
1782283258,tc-26-6-2-3-1-1,virtphy-98dbf4747-6d9px,6,1
1782283258,tc-26-7-2-2-3,msc-test-stub-5b875d749d-2k5jx,1,16
1782283258,tc-26-7-2-2-3,osmo-mgw-8c8fc67d6-w7mb7,1,2
1782283258,tc-26-7-2-2-3,osmo-mobile-65b5958d7b-nd7wr,4,34
1782283258,tc-26-7-3-2-2,msc-test-stub-5b875d749d-vcrjm,1,16
1782283258,tc-26-7-3-2-2,osmo-bsc-594654bd47-7nw9l,1,5
1782283258,tc-26-7-3-2-2,osmo-bts-virtual-5f8b9b86fc-4fnh4,21,5
1782283258,tc-26-7-3-2-2,osmo-hlr-546bdb8988-dh7l7,1,2
1782283258,tc-26-7-3-2-2,osmo-mgw-8c8fc67d6-n8lxb,1,2
1782283258,tc-26-7-3-2-2,osmo-mobile-698697576-dlg79,3,33
1782283258,tc-26-7-3-2-2,osmo-stp-768687f494-ftknv,1,2
1782283258,tc-26-7-3-2-2,ttcn3-tc-26-7-3-2-1-b484k,1,6
1782283258,tc-26-7-3-2-2,virtphy-785d5cf49-h4csq,6,1
1782283258,tc-26-7-5-3-12,msc-test-stub-5b875d749d-9xvl9,1,16
1782283258,tc-26-7-5-3-12,osmo-bsc-594654bd47-b8kpq,1,5
1782283258,tc-26-7-5-3-12,osmo-bts-virtual-5f8b9b86fc-wl7k2,22,5
1782283258,tc-26-7-5-3-12,osmo-hlr-546bdb8988-d6l2s,1,2
1782283258,tc-26-7-5-3-12,osmo-mgw-8c8fc67d6-xp48l,1,2
1782283258,tc-26-7-5-3-12,osmo-mobile-79c8f8bc4b-mc6jq,2,36
1782283258,tc-26-7-5-3-12,osmo-stp-768687f494-2nqzv,1,2
1782283258,tc-26-7-5-3-12,ttcn3-tc-26-7-5-3-1-p97pl,1,6
1782283258,tc-26-7-5-3-12,virtphy-56cc7fd87-gnrrq,6,1
1782283258,tc-34-2-2-6,msc-test-stub-5b875d749d-n76gn,2,16
1782283258,tc-34-2-2-6,osmo-bsc-594654bd47-ngnw2,1,5
1782283258,tc-34-2-2-6,osmo-bts-virtual-5f8b9b86fc-49knq,21,5
1782283258,tc-34-2-2-6,osmo-hlr-546bdb8988-zlpbh,1,2
1782283258,tc-34-2-2-6,osmo-mgw-8c8fc67d6-rngtg,1,2
1782283258,tc-34-2-2-6,osmo-mobile-56b5cd4676-8st5t,4,36
1782283258,tc-34-2-2-6,osmo-stp-768687f494-tqplx,1,2
1782283258,tc-34-2-2-6,ttcn3-tc-34-2-2-1-zxdl7,1,6
1782283258,tc-34-2-2-6,virtphy-84fb969f5c-nv7hc,5,1
1782283261,kube-system,coredns-c4dbffb5f-p9rsr,4,29
1782283261,kube-system,local-path-provisioner-5c4dc5d66d-nfqxz,1,15
1782283261,kube-system,metrics-server-786d997795-hcp2m,9,45
1782283261,kube-system,svclb-traefik-1100f998-kpm9h,0,0
1782283261,kube-system,traefik-9bcdbbd9-qtpjt,1,37
1782283261,tc-26-6-1-1-7,msc-test-stub-5b875d749d-qhcnt,1,16
1782283261,tc-26-6-1-1-7,osmo-bsc-594654bd47-mk546,1,5
1782283261,tc-26-6-1-1-7,osmo-bts-virtual-5f8b9b86fc-fwlzl,22,5
1782283261,tc-26-6-1-1-7,osmo-hlr-546bdb8988-vjqwp,1,2
1782283261,tc-26-6-1-1-7,osmo-mgw-8c8fc67d6-klmpk,1,2
1782283261,tc-26-6-1-1-7,osmo-mobile-58b76ddf85-gbd9r,3,36
1782283261,tc-26-6-1-1-7,osmo-stp-768687f494-6bzn7,1,2
1782283261,tc-26-6-1-1-7,ttcn3-tc-26-6-1-1-1-wsmkg,1,6
1782283261,tc-26-6-1-1-7,virtphy-576cdd77b8-29gc2,7,1
1782283261,tc-26-6-2-3-1-1,msc-test-stub-5b875d749d-kkdgt,1,16
1782283261,tc-26-6-2-3-1-1,osmo-bsc-594654bd47-cbm7z,1,5
1782283261,tc-26-6-2-3-1-1,osmo-bts-virtual-5f8b9b86fc-cbwgk,20,5
1782283261,tc-26-6-2-3-1-1,osmo-hlr-546bdb8988-xs8kw,1,2
1782283261,tc-26-6-2-3-1-1,osmo-mgw-8c8fc67d6-7sbxs,1,2
1782283261,tc-26-6-2-3-1-1,osmo-mobile-54df7bb868-c8rzc,2,37
1782283261,tc-26-6-2-3-1-1,osmo-stp-768687f494-6jzfj,1,2
1782283261,tc-26-6-2-3-1-1,ttcn3-tc-26-6-2-3-1-1-sxqjn,1,6
1782283261,tc-26-6-2-3-1-1,virtphy-98dbf4747-6d9px,6,1
1782283261,tc-26-7-3-2-2,msc-test-stub-5b875d749d-vcrjm,1,16
1782283261,tc-26-7-3-2-2,osmo-bsc-594654bd47-7nw9l,1,5
1782283261,tc-26-7-3-2-2,osmo-bts-virtual-5f8b9b86fc-4fnh4,21,5
1782283261,tc-26-7-3-2-2,osmo-hlr-546bdb8988-dh7l7,1,2
1782283261,tc-26-7-3-2-2,osmo-mgw-8c8fc67d6-n8lxb,1,2
1782283261,tc-26-7-3-2-2,osmo-mobile-698697576-dlg79,3,33
1782283261,tc-26-7-3-2-2,osmo-stp-768687f494-ftknv,1,2
1782283261,tc-26-7-3-2-2,ttcn3-tc-26-7-3-2-1-b484k,1,6
1782283261,tc-26-7-3-2-2,virtphy-785d5cf49-h4csq,6,1
1782283261,tc-26-7-5-3-12,msc-test-stub-5b875d749d-9xvl9,1,16
1782283261,tc-26-7-5-3-12,osmo-bsc-594654bd47-b8kpq,1,5
1782283261,tc-26-7-5-3-12,osmo-bts-virtual-5f8b9b86fc-wl7k2,22,5
1782283261,tc-26-7-5-3-12,osmo-hlr-546bdb8988-d6l2s,1,2
1782283261,tc-26-7-5-3-12,osmo-mgw-8c8fc67d6-xp48l,1,2
1782283261,tc-26-7-5-3-12,osmo-mobile-79c8f8bc4b-mc6jq,2,36
1782283261,tc-26-7-5-3-12,osmo-stp-768687f494-2nqzv,1,2
1782283261,tc-26-7-5-3-12,ttcn3-tc-26-7-5-3-1-p97pl,1,6
1782283261,tc-26-7-5-3-12,virtphy-56cc7fd87-gnrrq,6,1
1782283261,tc-34-2-2-6,msc-test-stub-5b875d749d-n76gn,2,16
1782283261,tc-34-2-2-6,osmo-bsc-594654bd47-ngnw2,1,5
1782283261,tc-34-2-2-6,osmo-bts-virtual-5f8b9b86fc-49knq,21,5
1782283261,tc-34-2-2-6,osmo-hlr-546bdb8988-zlpbh,1,2
1782283261,tc-34-2-2-6,osmo-mgw-8c8fc67d6-rngtg,1,2
1782283261,tc-34-2-2-6,osmo-mobile-56b5cd4676-8st5t,4,36
1782283261,tc-34-2-2-6,osmo-stp-768687f494-tqplx,1,2
1782283261,tc-34-2-2-6,ttcn3-tc-34-2-2-1-zxdl7,1,6
1782283261,tc-34-2-2-6,virtphy-84fb969f5c-nv7hc,5,1
1782283264,kube-system,coredns-c4dbffb5f-p9rsr,4,29
1782283264,kube-system,local-path-provisioner-5c4dc5d66d-nfqxz,1,15
1782283264,kube-system,metrics-server-786d997795-hcp2m,9,45
1782283264,kube-system,svclb-traefik-1100f998-kpm9h,0,0
1782283264,kube-system,traefik-9bcdbbd9-qtpjt,1,37
1782283264,tc-26-6-1-1-7,msc-test-stub-5b875d749d-qhcnt,1,16
1782283264,tc-26-6-1-1-7,osmo-bsc-594654bd47-mk546,1,5
1782283264,tc-26-6-1-1-7,osmo-bts-virtual-5f8b9b86fc-fwlzl,22,5
1782283264,tc-26-6-1-1-7,osmo-hlr-546bdb8988-vjqwp,1,2
1782283264,tc-26-6-1-1-7,osmo-mgw-8c8fc67d6-klmpk,1,2
1782283264,tc-26-6-1-1-7,osmo-mobile-58b76ddf85-gbd9r,3,36
1782283264,tc-26-6-1-1-7,osmo-stp-768687f494-6bzn7,1,2
1782283264,tc-26-6-1-1-7,ttcn3-tc-26-6-1-1-1-wsmkg,1,6
1782283264,tc-26-6-1-1-7,virtphy-576cdd77b8-29gc2,7,1
1782283264,tc-26-6-2-3-1-1,msc-test-stub-5b875d749d-kkdgt,1,16
1782283264,tc-26-6-2-3-1-1,osmo-bsc-594654bd47-cbm7z,1,5
1782283264,tc-26-6-2-3-1-1,osmo-bts-virtual-5f8b9b86fc-cbwgk,20,5
1782283264,tc-26-6-2-3-1-1,osmo-hlr-546bdb8988-xs8kw,1,2
1782283264,tc-26-6-2-3-1-1,osmo-mgw-8c8fc67d6-7sbxs,1,2
1782283264,tc-26-6-2-3-1-1,osmo-mobile-54df7bb868-c8rzc,2,37
1782283264,tc-26-6-2-3-1-1,osmo-stp-768687f494-6jzfj,1,2
1782283264,tc-26-6-2-3-1-1,ttcn3-tc-26-6-2-3-1-1-sxqjn,1,6
1782283264,tc-26-6-2-3-1-1,virtphy-98dbf4747-6d9px,6,1
1782283264,tc-26-7-3-2-2,msc-test-stub-5b875d749d-vcrjm,1,16
1782283264,tc-26-7-3-2-2,osmo-bsc-594654bd47-7nw9l,1,5
1782283264,tc-26-7-3-2-2,osmo-bts-virtual-5f8b9b86fc-4fnh4,21,5
1782283264,tc-26-7-3-2-2,osmo-hlr-546bdb8988-dh7l7,1,2
1782283264,tc-26-7-3-2-2,osmo-mgw-8c8fc67d6-n8lxb,1,2
1782283264,tc-26-7-3-2-2,osmo-mobile-698697576-dlg79,3,33
1782283264,tc-26-7-3-2-2,osmo-stp-768687f494-ftknv,1,2
1782283264,tc-26-7-3-2-2,ttcn3-tc-26-7-3-2-1-b484k,1,6
1782283264,tc-26-7-3-2-2,virtphy-785d5cf49-h4csq,6,1
1782283264,tc-26-7-5-3-12,msc-test-stub-5b875d749d-9xvl9,1,16
1782283264,tc-26-7-5-3-12,osmo-bsc-594654bd47-b8kpq,1,5
1782283264,tc-26-7-5-3-12,osmo-bts-virtual-5f8b9b86fc-wl7k2,22,5
1782283264,tc-26-7-5-3-12,osmo-hlr-546bdb8988-d6l2s,1,2
1782283264,tc-26-7-5-3-12,osmo-mgw-8c8fc67d6-xp48l,1,2
1782283264,tc-26-7-5-3-12,osmo-mobile-79c8f8bc4b-mc6jq,2,36
1782283264,tc-26-7-5-3-12,osmo-stp-768687f494-2nqzv,1,2
1782283264,tc-26-7-5-3-12,ttcn3-tc-26-7-5-3-1-p97pl,1,6
1782283264,tc-26-7-5-3-12,virtphy-56cc7fd87-gnrrq,6,1
1782283264,tc-34-2-2-6,msc-test-stub-5b875d749d-n76gn,2,16
1782283264,tc-34-2-2-6,osmo-bsc-594654bd47-ngnw2,1,5
1782283264,tc-34-2-2-6,osmo-bts-virtual-5f8b9b86fc-49knq,21,5
1782283264,tc-34-2-2-6,osmo-hlr-546bdb8988-zlpbh,1,2
1782283264,tc-34-2-2-6,osmo-mgw-8c8fc67d6-rngtg,1,2
1782283264,tc-34-2-2-6,osmo-mobile-56b5cd4676-8st5t,4,36
1782283264,tc-34-2-2-6,osmo-stp-768687f494-tqplx,1,2
1782283264,tc-34-2-2-6,ttcn3-tc-34-2-2-1-zxdl7,1,6
1782283264,tc-34-2-2-6,virtphy-84fb969f5c-nv7hc,5,1
1782283266,kube-system,coredns-c4dbffb5f-p9rsr,4,29
1782283266,kube-system,local-path-provisioner-5c4dc5d66d-nfqxz,1,15
1782283266,kube-system,metrics-server-786d997795-hcp2m,9,45
1782283266,kube-system,svclb-traefik-1100f998-kpm9h,0,0
1782283266,kube-system,traefik-9bcdbbd9-qtpjt,1,37
1782283266,tc-26-6-1-1-7,msc-test-stub-5b875d749d-qhcnt,1,16
1782283266,tc-26-6-1-1-7,osmo-bsc-594654bd47-mk546,1,5
1782283266,tc-26-6-1-1-7,osmo-bts-virtual-5f8b9b86fc-fwlzl,22,5
1782283266,tc-26-6-1-1-7,osmo-hlr-546bdb8988-vjqwp,1,2
1782283266,tc-26-6-1-1-7,osmo-mgw-8c8fc67d6-klmpk,1,2
1782283266,tc-26-6-1-1-7,osmo-mobile-58b76ddf85-gbd9r,3,36
1782283266,tc-26-6-1-1-7,osmo-stp-768687f494-6bzn7,1,2
1782283266,tc-26-6-1-1-7,ttcn3-tc-26-6-1-1-1-wsmkg,1,6
1782283266,tc-26-6-1-1-7,virtphy-576cdd77b8-29gc2,7,1
1782283266,tc-26-6-2-3-1-1,msc-test-stub-5b875d749d-kkdgt,1,16
1782283266,tc-26-6-2-3-1-1,osmo-bsc-594654bd47-cbm7z,1,5
1782283266,tc-26-6-2-3-1-1,osmo-bts-virtual-5f8b9b86fc-cbwgk,20,5
1782283266,tc-26-6-2-3-1-1,osmo-hlr-546bdb8988-xs8kw,1,2
1782283266,tc-26-6-2-3-1-1,osmo-mgw-8c8fc67d6-7sbxs,1,2
1782283266,tc-26-6-2-3-1-1,osmo-mobile-54df7bb868-c8rzc,2,37
1782283266,tc-26-6-2-3-1-1,osmo-stp-768687f494-6jzfj,1,2
1782283266,tc-26-6-2-3-1-1,ttcn3-tc-26-6-2-3-1-1-sxqjn,1,6
1782283266,tc-26-6-2-3-1-1,virtphy-98dbf4747-6d9px,6,1
1782283266,tc-26-7-3-2-2,msc-test-stub-5b875d749d-vcrjm,1,16
1782283266,tc-26-7-3-2-2,osmo-bsc-594654bd47-7nw9l,1,5
1782283266,tc-26-7-3-2-2,osmo-bts-virtual-5f8b9b86fc-4fnh4,21,5
1782283266,tc-26-7-3-2-2,osmo-hlr-546bdb8988-dh7l7,1,2
1782283266,tc-26-7-3-2-2,osmo-mgw-8c8fc67d6-n8lxb,1,2
1782283266,tc-26-7-3-2-2,osmo-mobile-698697576-dlg79,3,33
1782283266,tc-26-7-3-2-2,osmo-stp-768687f494-ftknv,1,2
1782283266,tc-26-7-3-2-2,ttcn3-tc-26-7-3-2-1-b484k,1,6
1782283266,tc-26-7-3-2-2,virtphy-785d5cf49-h4csq,6,1
1782283266,tc-26-7-5-3-12,msc-test-stub-5b875d749d-9xvl9,1,16
1782283266,tc-26-7-5-3-12,osmo-bsc-594654bd47-b8kpq,1,5
1782283266,tc-26-7-5-3-12,osmo-bts-virtual-5f8b9b86fc-wl7k2,22,5
1782283266,tc-26-7-5-3-12,osmo-hlr-546bdb8988-d6l2s,1,2
1782283266,tc-26-7-5-3-12,osmo-mgw-8c8fc67d6-xp48l,1,2
1782283266,tc-26-7-5-3-12,osmo-mobile-79c8f8bc4b-mc6jq,2,36
1782283266,tc-26-7-5-3-12,osmo-stp-768687f494-2nqzv,1,2
1782283266,tc-26-7-5-3-12,ttcn3-tc-26-7-5-3-1-p97pl,1,6
1782283266,tc-26-7-5-3-12,virtphy-56cc7fd87-gnrrq,6,1
1782283266,tc-34-2-2-6,msc-test-stub-5b875d749d-n76gn,2,16
1782283266,tc-34-2-2-6,osmo-bsc-594654bd47-ngnw2,1,5
1782283266,tc-34-2-2-6,osmo-bts-virtual-5f8b9b86fc-49knq,21,5
1782283266,tc-34-2-2-6,osmo-hlr-546bdb8988-zlpbh,1,2
1782283266,tc-34-2-2-6,osmo-mgw-8c8fc67d6-rngtg,1,2
1782283266,tc-34-2-2-6,osmo-mobile-56b5cd4676-8st5t,4,36
1782283266,tc-34-2-2-6,osmo-stp-768687f494-tqplx,1,2
1782283266,tc-34-2-2-6,ttcn3-tc-34-2-2-1-zxdl7,1,6
1782283266,tc-34-2-2-6,virtphy-84fb969f5c-nv7hc,5,1
1782283268,kube-system,coredns-c4dbffb5f-p9rsr,4,29
1782283268,kube-system,local-path-provisioner-5c4dc5d66d-nfqxz,1,15
1782283268,kube-system,metrics-server-786d997795-hcp2m,9,45
1782283268,kube-system,svclb-traefik-1100f998-kpm9h,0,0
1782283268,kube-system,traefik-9bcdbbd9-qtpjt,1,37
1782283268,tc-26-6-1-1-7,msc-test-stub-5b875d749d-qhcnt,1,16
1782283268,tc-26-6-1-1-7,osmo-bsc-594654bd47-mk546,1,5
1782283268,tc-26-6-1-1-7,osmo-bts-virtual-5f8b9b86fc-fwlzl,22,5
1782283268,tc-26-6-1-1-7,osmo-hlr-546bdb8988-vjqwp,1,2
1782283268,tc-26-6-1-1-7,osmo-mgw-8c8fc67d6-klmpk,1,2
1782283268,tc-26-6-1-1-7,osmo-mobile-58b76ddf85-gbd9r,3,36
1782283268,tc-26-6-1-1-7,osmo-stp-768687f494-6bzn7,1,2
1782283268,tc-26-6-1-1-7,ttcn3-tc-26-6-1-1-1-wsmkg,1,6
1782283268,tc-26-6-1-1-7,virtphy-576cdd77b8-29gc2,7,1
1782283268,tc-26-6-2-3-1-1,msc-test-stub-5b875d749d-kkdgt,1,16
1782283268,tc-26-6-2-3-1-1,osmo-bsc-594654bd47-cbm7z,1,5
1782283268,tc-26-6-2-3-1-1,osmo-bts-virtual-5f8b9b86fc-cbwgk,20,5
1782283268,tc-26-6-2-3-1-1,osmo-hlr-546bdb8988-xs8kw,1,2
1782283268,tc-26-6-2-3-1-1,osmo-mgw-8c8fc67d6-7sbxs,1,2
1782283268,tc-26-6-2-3-1-1,osmo-mobile-54df7bb868-c8rzc,2,37
1782283268,tc-26-6-2-3-1-1,osmo-stp-768687f494-6jzfj,1,2
1782283268,tc-26-6-2-3-1-1,ttcn3-tc-26-6-2-3-1-1-sxqjn,1,6
1782283268,tc-26-6-2-3-1-1,virtphy-98dbf4747-6d9px,6,1
1782283268,tc-26-7-3-2-2,msc-test-stub-5b875d749d-vcrjm,1,16
1782283268,tc-26-7-3-2-2,osmo-bsc-594654bd47-7nw9l,1,5
1782283268,tc-26-7-3-2-2,osmo-bts-virtual-5f8b9b86fc-4fnh4,21,5
1782283268,tc-26-7-3-2-2,osmo-hlr-546bdb8988-dh7l7,1,2
1782283268,tc-26-7-3-2-2,osmo-mgw-8c8fc67d6-n8lxb,1,2
1782283268,tc-26-7-3-2-2,osmo-mobile-698697576-dlg79,3,33
1782283268,tc-26-7-3-2-2,osmo-stp-768687f494-ftknv,1,2
1782283268,tc-26-7-3-2-2,ttcn3-tc-26-7-3-2-1-b484k,1,6
1782283268,tc-26-7-3-2-2,virtphy-785d5cf49-h4csq,6,1
1782283268,tc-26-7-5-3-12,msc-test-stub-5b875d749d-9xvl9,1,16
1782283268,tc-26-7-5-3-12,osmo-bsc-594654bd47-b8kpq,1,5
1782283268,tc-26-7-5-3-12,osmo-bts-virtual-5f8b9b86fc-wl7k2,22,5
1782283268,tc-26-7-5-3-12,osmo-hlr-546bdb8988-d6l2s,1,2
1782283268,tc-26-7-5-3-12,osmo-mgw-8c8fc67d6-xp48l,1,2
1782283268,tc-26-7-5-3-12,osmo-mobile-79c8f8bc4b-mc6jq,2,36
1782283268,tc-26-7-5-3-12,osmo-stp-768687f494-2nqzv,1,2
1782283268,tc-26-7-5-3-12,ttcn3-tc-26-7-5-3-1-p97pl,1,6
1782283268,tc-26-7-5-3-12,virtphy-56cc7fd87-gnrrq,6,1
1782283268,tc-34-2-2-6,msc-test-stub-5b875d749d-n76gn,2,16
1782283268,tc-34-2-2-6,osmo-bsc-594654bd47-ngnw2,1,5
1782283268,tc-34-2-2-6,osmo-bts-virtual-5f8b9b86fc-49knq,21,5
1782283268,tc-34-2-2-6,osmo-hlr-546bdb8988-zlpbh,1,2
1782283268,tc-34-2-2-6,osmo-mgw-8c8fc67d6-rngtg,1,2
1782283268,tc-34-2-2-6,osmo-mobile-56b5cd4676-8st5t,4,36
1782283268,tc-34-2-2-6,osmo-stp-768687f494-tqplx,1,2
1782283268,tc-34-2-2-6,ttcn3-tc-34-2-2-1-zxdl7,1,6
1782283268,tc-34-2-2-6,virtphy-84fb969f5c-nv7hc,5,1
1782283271,kube-system,coredns-c4dbffb5f-p9rsr,4,29
1782283271,kube-system,local-path-provisioner-5c4dc5d66d-nfqxz,1,15
1782283271,kube-system,metrics-server-786d997795-hcp2m,9,45
1782283271,kube-system,svclb-traefik-1100f998-kpm9h,0,0
1782283271,kube-system,traefik-9bcdbbd9-qtpjt,1,37
1782283271,tc-26-6-1-1-7,msc-test-stub-5b875d749d-qhcnt,1,16
1782283271,tc-26-6-1-1-7,osmo-bsc-594654bd47-mk546,1,5
1782283271,tc-26-6-1-1-7,osmo-bts-virtual-5f8b9b86fc-fwlzl,22,5
1782283271,tc-26-6-1-1-7,osmo-hlr-546bdb8988-vjqwp,1,2
1782283271,tc-26-6-1-1-7,osmo-mgw-8c8fc67d6-klmpk,1,2
1782283271,tc-26-6-1-1-7,osmo-mobile-58b76ddf85-gbd9r,3,36
1782283271,tc-26-6-1-1-7,osmo-stp-768687f494-6bzn7,1,2
1782283271,tc-26-6-1-1-7,ttcn3-tc-26-6-1-1-1-wsmkg,1,6
1782283271,tc-26-6-1-1-7,virtphy-576cdd77b8-29gc2,7,1
1782283271,tc-26-6-2-3-1-1,msc-test-stub-5b875d749d-kkdgt,1,16
1782283271,tc-26-6-2-3-1-1,osmo-bsc-594654bd47-cbm7z,1,5
1782283271,tc-26-6-2-3-1-1,osmo-bts-virtual-5f8b9b86fc-cbwgk,20,5
1782283271,tc-26-6-2-3-1-1,osmo-hlr-546bdb8988-xs8kw,1,2
1782283271,tc-26-6-2-3-1-1,osmo-mgw-8c8fc67d6-7sbxs,1,2
1782283271,tc-26-6-2-3-1-1,osmo-mobile-54df7bb868-c8rzc,2,37
1782283271,tc-26-6-2-3-1-1,osmo-stp-768687f494-6jzfj,1,2
1782283271,tc-26-6-2-3-1-1,ttcn3-tc-26-6-2-3-1-1-sxqjn,1,6
1782283271,tc-26-6-2-3-1-1,virtphy-98dbf4747-6d9px,6,1
1782283271,tc-26-7-3-2-2,msc-test-stub-5b875d749d-vcrjm,1,16
1782283271,tc-26-7-3-2-2,osmo-bsc-594654bd47-7nw9l,1,5
1782283271,tc-26-7-3-2-2,osmo-bts-virtual-5f8b9b86fc-4fnh4,21,5
1782283271,tc-26-7-3-2-2,osmo-hlr-546bdb8988-dh7l7,1,2
1782283271,tc-26-7-3-2-2,osmo-mgw-8c8fc67d6-n8lxb,1,2
1782283271,tc-26-7-3-2-2,osmo-mobile-698697576-dlg79,3,33
1782283271,tc-26-7-3-2-2,osmo-stp-768687f494-ftknv,1,2
1782283271,tc-26-7-3-2-2,ttcn3-tc-26-7-3-2-1-b484k,1,6
1782283271,tc-26-7-3-2-2,virtphy-785d5cf49-h4csq,6,1
1782283271,tc-26-7-5-3-12,msc-test-stub-5b875d749d-9xvl9,1,16
1782283271,tc-26-7-5-3-12,osmo-bsc-594654bd47-b8kpq,1,5
1782283271,tc-26-7-5-3-12,osmo-bts-virtual-5f8b9b86fc-wl7k2,22,5
1782283271,tc-26-7-5-3-12,osmo-hlr-546bdb8988-d6l2s,1,2
1782283271,tc-26-7-5-3-12,osmo-mgw-8c8fc67d6-xp48l,1,2
1782283271,tc-26-7-5-3-12,osmo-mobile-79c8f8bc4b-mc6jq,2,36
1782283271,tc-26-7-5-3-12,osmo-stp-768687f494-2nqzv,1,2
1782283271,tc-26-7-5-3-12,ttcn3-tc-26-7-5-3-1-p97pl,1,6
1782283271,tc-26-7-5-3-12,virtphy-56cc7fd87-gnrrq,6,1
1782283271,tc-34-2-2-6,msc-test-stub-5b875d749d-n76gn,2,16
1782283271,tc-34-2-2-6,osmo-bsc-594654bd47-ngnw2,1,5
1782283271,tc-34-2-2-6,osmo-bts-virtual-5f8b9b86fc-49knq,21,5
1782283271,tc-34-2-2-6,osmo-hlr-546bdb8988-zlpbh,1,2
1782283271,tc-34-2-2-6,osmo-mgw-8c8fc67d6-rngtg,1,2
1782283271,tc-34-2-2-6,osmo-mobile-56b5cd4676-8st5t,4,36
1782283271,tc-34-2-2-6,osmo-stp-768687f494-tqplx,1,2
1782283271,tc-34-2-2-6,ttcn3-tc-34-2-2-1-zxdl7,1,6
1782283271,tc-34-2-2-6,virtphy-84fb969f5c-nv7hc,5,1
1782283273,kube-system,coredns-c4dbffb5f-p9rsr,3,29
1782283273,kube-system,local-path-provisioner-5c4dc5d66d-nfqxz,1,15
1782283273,kube-system,metrics-server-786d997795-hcp2m,10,45
1782283273,kube-system,svclb-traefik-1100f998-kpm9h,0,0
1782283273,kube-system,traefik-9bcdbbd9-qtpjt,1,37
1782283273,tc-26-6-1-1-7,msc-test-stub-5b875d749d-qhcnt,1,16
1782283273,tc-26-6-1-1-7,osmo-bsc-594654bd47-mk546,1,5
1782283273,tc-26-6-1-1-7,osmo-bts-virtual-5f8b9b86fc-fwlzl,21,5
1782283273,tc-26-6-1-1-7,osmo-hlr-546bdb8988-vjqwp,1,2
1782283273,tc-26-6-1-1-7,osmo-mgw-8c8fc67d6-klmpk,1,2
1782283273,tc-26-6-1-1-7,osmo-mobile-58b76ddf85-gbd9r,3,36
1782283273,tc-26-6-1-1-7,osmo-stp-768687f494-6bzn7,1,2
1782283273,tc-26-6-1-1-7,ttcn3-tc-26-6-1-1-1-wsmkg,1,6
1782283273,tc-26-6-1-1-7,virtphy-576cdd77b8-29gc2,6,1
1782283273,tc-26-6-2-3-1-1,msc-test-stub-5b875d749d-kkdgt,1,16
1782283273,tc-26-6-2-3-1-1,osmo-bsc-594654bd47-cbm7z,1,5
1782283273,tc-26-6-2-3-1-1,osmo-bts-virtual-5f8b9b86fc-cbwgk,20,5
1782283273,tc-26-6-2-3-1-1,osmo-hlr-546bdb8988-xs8kw,1,2
1782283273,tc-26-6-2-3-1-1,osmo-mgw-8c8fc67d6-7sbxs,1,2
1782283273,tc-26-6-2-3-1-1,osmo-mobile-54df7bb868-c8rzc,3,37
1782283273,tc-26-6-2-3-1-1,osmo-stp-768687f494-6jzfj,1,2
1782283273,tc-26-6-2-3-1-1,ttcn3-tc-26-6-2-3-1-1-sxqjn,1,6
1782283273,tc-26-6-2-3-1-1,virtphy-98dbf4747-6d9px,6,1
1782283273,tc-26-7-3-2-2,msc-test-stub-5b875d749d-vcrjm,1,16
1782283273,tc-26-7-3-2-2,osmo-bsc-594654bd47-7nw9l,1,5
1782283273,tc-26-7-3-2-2,osmo-bts-virtual-5f8b9b86fc-4fnh4,19,5
1782283273,tc-26-7-3-2-2,osmo-hlr-546bdb8988-dh7l7,1,2
1782283273,tc-26-7-3-2-2,osmo-mgw-8c8fc67d6-n8lxb,1,2
1782283273,tc-26-7-3-2-2,osmo-mobile-698697576-dlg79,3,33
1782283273,tc-26-7-3-2-2,osmo-stp-768687f494-ftknv,1,2
1782283273,tc-26-7-3-2-2,ttcn3-tc-26-7-3-2-1-b484k,1,6
1782283273,tc-26-7-3-2-2,virtphy-785d5cf49-h4csq,6,1
1782283273,tc-26-7-5-3-12,msc-test-stub-5b875d749d-9xvl9,1,16
1782283273,tc-26-7-5-3-12,osmo-bsc-594654bd47-b8kpq,1,5
1782283273,tc-26-7-5-3-12,osmo-bts-virtual-5f8b9b86fc-wl7k2,23,5
1782283273,tc-26-7-5-3-12,osmo-hlr-546bdb8988-d6l2s,1,2
1782283273,tc-26-7-5-3-12,osmo-mgw-8c8fc67d6-xp48l,1,2
1782283273,tc-26-7-5-3-12,osmo-mobile-79c8f8bc4b-mc6jq,2,36
1782283273,tc-26-7-5-3-12,osmo-stp-768687f494-2nqzv,1,2
1782283273,tc-26-7-5-3-12,ttcn3-tc-26-7-5-3-1-p97pl,1,6
1782283273,tc-26-7-5-3-12,virtphy-56cc7fd87-gnrrq,6,1
1782283273,tc-34-2-2-6,msc-test-stub-5b875d749d-n76gn,1,16
1782283273,tc-34-2-2-6,osmo-bsc-594654bd47-ngnw2,1,5
1782283273,tc-34-2-2-6,osmo-bts-virtual-5f8b9b86fc-49knq,21,5
1782283273,tc-34-2-2-6,osmo-hlr-546bdb8988-zlpbh,1,2
1782283273,tc-34-2-2-6,osmo-mgw-8c8fc67d6-rngtg,1,2
1782283273,tc-34-2-2-6,osmo-mobile-56b5cd4676-8st5t,3,36
1782283273,tc-34-2-2-6,osmo-stp-768687f494-tqplx,1,2
1782283273,tc-34-2-2-6,ttcn3-tc-34-2-2-1-zxdl7,1,6
1782283273,tc-34-2-2-6,virtphy-84fb969f5c-nv7hc,5,1
1782283276,kube-system,coredns-c4dbffb5f-p9rsr,3,29
1782283276,kube-system,local-path-provisioner-5c4dc5d66d-nfqxz,1,15
1782283276,kube-system,metrics-server-786d997795-hcp2m,10,45
1782283276,kube-system,svclb-traefik-1100f998-kpm9h,0,0
1782283276,kube-system,traefik-9bcdbbd9-qtpjt,1,37
1782283276,tc-26-6-1-1-7,msc-test-stub-5b875d749d-qhcnt,1,16
1782283276,tc-26-6-1-1-7,osmo-bsc-594654bd47-mk546,1,5
1782283276,tc-26-6-1-1-7,osmo-bts-virtual-5f8b9b86fc-fwlzl,21,5
1782283276,tc-26-6-1-1-7,osmo-hlr-546bdb8988-vjqwp,1,2
1782283276,tc-26-6-1-1-7,osmo-mgw-8c8fc67d6-klmpk,1,2
1782283276,tc-26-6-1-1-7,osmo-mobile-58b76ddf85-gbd9r,3,36
1782283276,tc-26-6-1-1-7,osmo-stp-768687f494-6bzn7,1,2
1782283276,tc-26-6-1-1-7,ttcn3-tc-26-6-1-1-1-wsmkg,1,6
1782283276,tc-26-6-1-1-7,virtphy-576cdd77b8-29gc2,6,1
1782283276,tc-26-6-2-3-1-1,msc-test-stub-5b875d749d-kkdgt,1,16
1782283276,tc-26-6-2-3-1-1,osmo-bsc-594654bd47-cbm7z,1,5
1782283276,tc-26-6-2-3-1-1,osmo-bts-virtual-5f8b9b86fc-cbwgk,20,5
1782283276,tc-26-6-2-3-1-1,osmo-hlr-546bdb8988-xs8kw,1,2
1782283276,tc-26-6-2-3-1-1,osmo-mgw-8c8fc67d6-7sbxs,1,2
1782283276,tc-26-6-2-3-1-1,osmo-mobile-54df7bb868-c8rzc,3,37
1782283276,tc-26-6-2-3-1-1,osmo-stp-768687f494-6jzfj,1,2
1782283276,tc-26-6-2-3-1-1,ttcn3-tc-26-6-2-3-1-1-sxqjn,1,6
1782283276,tc-26-6-2-3-1-1,virtphy-98dbf4747-6d9px,6,1
1782283276,tc-26-7-3-2-2,msc-test-stub-5b875d749d-vcrjm,1,16
1782283276,tc-26-7-3-2-2,osmo-bsc-594654bd47-7nw9l,1,5
1782283276,tc-26-7-3-2-2,osmo-bts-virtual-5f8b9b86fc-4fnh4,19,5
1782283276,tc-26-7-3-2-2,osmo-hlr-546bdb8988-dh7l7,1,2
1782283276,tc-26-7-3-2-2,osmo-mgw-8c8fc67d6-n8lxb,1,2
1782283276,tc-26-7-3-2-2,osmo-mobile-698697576-dlg79,3,33
1782283276,tc-26-7-3-2-2,osmo-stp-768687f494-ftknv,1,2
1782283276,tc-26-7-3-2-2,ttcn3-tc-26-7-3-2-1-b484k,1,6
1782283276,tc-26-7-3-2-2,virtphy-785d5cf49-h4csq,6,1
1782283276,tc-26-7-5-3-12,msc-test-stub-5b875d749d-9xvl9,1,16
1782283276,tc-26-7-5-3-12,osmo-bsc-594654bd47-b8kpq,1,5
1782283276,tc-26-7-5-3-12,osmo-bts-virtual-5f8b9b86fc-wl7k2,23,5
1782283276,tc-26-7-5-3-12,osmo-hlr-546bdb8988-d6l2s,1,2
1782283276,tc-26-7-5-3-12,osmo-mgw-8c8fc67d6-xp48l,1,2
1782283276,tc-26-7-5-3-12,osmo-mobile-79c8f8bc4b-mc6jq,2,36
1782283276,tc-26-7-5-3-12,osmo-stp-768687f494-2nqzv,1,2
1782283276,tc-26-7-5-3-12,ttcn3-tc-26-7-5-3-1-p97pl,1,6
1782283276,tc-26-7-5-3-12,virtphy-56cc7fd87-gnrrq,6,1
1782283276,tc-34-2-2-6,msc-test-stub-5b875d749d-n76gn,1,16
1782283276,tc-34-2-2-6,osmo-bsc-594654bd47-ngnw2,1,5
1782283276,tc-34-2-2-6,osmo-bts-virtual-5f8b9b86fc-49knq,21,5
1782283276,tc-34-2-2-6,osmo-hlr-546bdb8988-zlpbh,1,2
1782283276,tc-34-2-2-6,osmo-mgw-8c8fc67d6-rngtg,1,2
1782283276,tc-34-2-2-6,osmo-mobile-56b5cd4676-8st5t,3,36
1782283276,tc-34-2-2-6,osmo-stp-768687f494-tqplx,1,2
1782283276,tc-34-2-2-6,ttcn3-tc-34-2-2-1-zxdl7,1,6
1782283276,tc-34-2-2-6,virtphy-84fb969f5c-nv7hc,5,1
1782283278,kube-system,coredns-c4dbffb5f-p9rsr,3,29
1782283278,kube-system,local-path-provisioner-5c4dc5d66d-nfqxz,1,15
1782283278,kube-system,metrics-server-786d997795-hcp2m,10,45
1782283278,kube-system,svclb-traefik-1100f998-kpm9h,0,0
1782283278,kube-system,traefik-9bcdbbd9-qtpjt,1,37
1782283278,tc-26-6-1-1-7,msc-test-stub-5b875d749d-qhcnt,1,16
1782283278,tc-26-6-1-1-7,osmo-bsc-594654bd47-mk546,1,5
1782283278,tc-26-6-1-1-7,osmo-bts-virtual-5f8b9b86fc-fwlzl,21,5
1782283278,tc-26-6-1-1-7,osmo-hlr-546bdb8988-vjqwp,1,2
1782283278,tc-26-6-1-1-7,osmo-mgw-8c8fc67d6-klmpk,1,2
1782283278,tc-26-6-1-1-7,osmo-mobile-58b76ddf85-gbd9r,3,36
1782283278,tc-26-6-1-1-7,osmo-stp-768687f494-6bzn7,1,2
1782283278,tc-26-6-1-1-7,ttcn3-tc-26-6-1-1-1-wsmkg,1,6
1782283278,tc-26-6-1-1-7,virtphy-576cdd77b8-29gc2,6,1
1782283278,tc-26-6-2-3-1-1,msc-test-stub-5b875d749d-kkdgt,1,16
1782283278,tc-26-6-2-3-1-1,osmo-bsc-594654bd47-cbm7z,1,5
1782283278,tc-26-6-2-3-1-1,osmo-bts-virtual-5f8b9b86fc-cbwgk,20,5
1782283278,tc-26-6-2-3-1-1,osmo-hlr-546bdb8988-xs8kw,1,2
1782283278,tc-26-6-2-3-1-1,osmo-mgw-8c8fc67d6-7sbxs,1,2
1782283278,tc-26-6-2-3-1-1,osmo-mobile-54df7bb868-c8rzc,3,37
1782283278,tc-26-6-2-3-1-1,osmo-stp-768687f494-6jzfj,1,2
1782283278,tc-26-6-2-3-1-1,ttcn3-tc-26-6-2-3-1-1-sxqjn,1,6
1782283278,tc-26-6-2-3-1-1,virtphy-98dbf4747-6d9px,6,1
1782283278,tc-26-7-3-2-2,msc-test-stub-5b875d749d-vcrjm,1,16
1782283278,tc-26-7-3-2-2,osmo-bsc-594654bd47-7nw9l,1,5
1782283278,tc-26-7-3-2-2,osmo-bts-virtual-5f8b9b86fc-4fnh4,19,5
1782283278,tc-26-7-3-2-2,osmo-hlr-546bdb8988-dh7l7,1,2
1782283278,tc-26-7-3-2-2,osmo-mgw-8c8fc67d6-n8lxb,1,2
1782283278,tc-26-7-3-2-2,osmo-mobile-698697576-dlg79,3,33
1782283278,tc-26-7-3-2-2,osmo-stp-768687f494-ftknv,1,2
1782283278,tc-26-7-3-2-2,ttcn3-tc-26-7-3-2-1-b484k,1,6
1782283278,tc-26-7-3-2-2,virtphy-785d5cf49-h4csq,6,1
1782283278,tc-26-7-5-3-12,msc-test-stub-5b875d749d-9xvl9,1,16
1782283278,tc-26-7-5-3-12,osmo-bsc-594654bd47-b8kpq,1,5
1782283278,tc-26-7-5-3-12,osmo-bts-virtual-5f8b9b86fc-wl7k2,23,5
1782283278,tc-26-7-5-3-12,osmo-hlr-546bdb8988-d6l2s,1,2
1782283278,tc-26-7-5-3-12,osmo-mgw-8c8fc67d6-xp48l,1,2
1782283278,tc-26-7-5-3-12,osmo-mobile-79c8f8bc4b-mc6jq,2,36
1782283278,tc-26-7-5-3-12,osmo-stp-768687f494-2nqzv,1,2
1782283278,tc-26-7-5-3-12,ttcn3-tc-26-7-5-3-1-p97pl,1,6
1782283278,tc-26-7-5-3-12,virtphy-56cc7fd87-gnrrq,6,1
1782283278,tc-34-2-2-6,msc-test-stub-5b875d749d-n76gn,1,16
1782283278,tc-34-2-2-6,osmo-bsc-594654bd47-ngnw2,1,5
1782283278,tc-34-2-2-6,osmo-bts-virtual-5f8b9b86fc-49knq,21,5
1782283278,tc-34-2-2-6,osmo-hlr-546bdb8988-zlpbh,1,2
1782283278,tc-34-2-2-6,osmo-mgw-8c8fc67d6-rngtg,1,2
1782283278,tc-34-2-2-6,osmo-mobile-56b5cd4676-8st5t,3,36
1782283278,tc-34-2-2-6,osmo-stp-768687f494-tqplx,1,2
1782283278,tc-34-2-2-6,ttcn3-tc-34-2-2-1-zxdl7,1,6
1782283278,tc-34-2-2-6,virtphy-84fb969f5c-nv7hc,5,1
1782283281,kube-system,coredns-c4dbffb5f-p9rsr,3,29
1782283281,kube-system,local-path-provisioner-5c4dc5d66d-nfqxz,1,15
1782283281,kube-system,metrics-server-786d997795-hcp2m,10,45
1782283281,kube-system,svclb-traefik-1100f998-kpm9h,0,0
1782283281,kube-system,traefik-9bcdbbd9-qtpjt,1,37
1782283281,tc-26-6-1-1-7,msc-test-stub-5b875d749d-qhcnt,1,16
1782283281,tc-26-6-1-1-7,osmo-bsc-594654bd47-mk546,1,5
1782283281,tc-26-6-1-1-7,osmo-bts-virtual-5f8b9b86fc-fwlzl,21,5
1782283281,tc-26-6-1-1-7,osmo-hlr-546bdb8988-vjqwp,1,2
1782283281,tc-26-6-1-1-7,osmo-mgw-8c8fc67d6-klmpk,1,2
1782283281,tc-26-6-1-1-7,osmo-mobile-58b76ddf85-gbd9r,3,36
1782283281,tc-26-6-1-1-7,osmo-stp-768687f494-6bzn7,1,2
1782283281,tc-26-6-1-1-7,ttcn3-tc-26-6-1-1-1-wsmkg,1,6
1782283281,tc-26-6-1-1-7,virtphy-576cdd77b8-29gc2,6,1
1782283281,tc-26-6-2-3-1-1,msc-test-stub-5b875d749d-kkdgt,1,16
1782283281,tc-26-6-2-3-1-1,osmo-bsc-594654bd47-cbm7z,1,5
1782283281,tc-26-6-2-3-1-1,osmo-bts-virtual-5f8b9b86fc-cbwgk,20,5
1782283281,tc-26-6-2-3-1-1,osmo-hlr-546bdb8988-xs8kw,1,2
1782283281,tc-26-6-2-3-1-1,osmo-mgw-8c8fc67d6-7sbxs,1,2
1782283281,tc-26-6-2-3-1-1,osmo-mobile-54df7bb868-c8rzc,3,37
1782283281,tc-26-6-2-3-1-1,osmo-stp-768687f494-6jzfj,1,2
1782283281,tc-26-6-2-3-1-1,ttcn3-tc-26-6-2-3-1-1-sxqjn,1,6
1782283281,tc-26-6-2-3-1-1,virtphy-98dbf4747-6d9px,6,1
1782283281,tc-26-7-3-2-2,msc-test-stub-5b875d749d-vcrjm,1,16
1782283281,tc-26-7-3-2-2,osmo-bsc-594654bd47-7nw9l,1,5
1782283281,tc-26-7-3-2-2,osmo-bts-virtual-5f8b9b86fc-4fnh4,19,5
1782283281,tc-26-7-3-2-2,osmo-hlr-546bdb8988-dh7l7,1,2
1782283281,tc-26-7-3-2-2,osmo-mgw-8c8fc67d6-n8lxb,1,2
1782283281,tc-26-7-3-2-2,osmo-mobile-698697576-dlg79,3,33
1782283281,tc-26-7-3-2-2,osmo-stp-768687f494-ftknv,1,2
1782283281,tc-26-7-3-2-2,ttcn3-tc-26-7-3-2-1-b484k,1,6
1782283281,tc-26-7-3-2-2,virtphy-785d5cf49-h4csq,6,1
1782283281,tc-26-7-5-3-12,msc-test-stub-5b875d749d-9xvl9,1,16
1782283281,tc-26-7-5-3-12,osmo-bsc-594654bd47-b8kpq,1,5
1782283281,tc-26-7-5-3-12,osmo-bts-virtual-5f8b9b86fc-wl7k2,23,5
1782283281,tc-26-7-5-3-12,osmo-hlr-546bdb8988-d6l2s,1,2
1782283281,tc-26-7-5-3-12,osmo-mgw-8c8fc67d6-xp48l,1,2
1782283281,tc-26-7-5-3-12,osmo-mobile-79c8f8bc4b-mc6jq,2,36
1782283281,tc-26-7-5-3-12,osmo-stp-768687f494-2nqzv,1,2
1782283281,tc-26-7-5-3-12,ttcn3-tc-26-7-5-3-1-p97pl,1,6
1782283281,tc-26-7-5-3-12,virtphy-56cc7fd87-gnrrq,6,1
1782283281,tc-34-2-2-6,msc-test-stub-5b875d749d-n76gn,1,16
1782283281,tc-34-2-2-6,osmo-bsc-594654bd47-ngnw2,1,5
1782283281,tc-34-2-2-6,osmo-bts-virtual-5f8b9b86fc-49knq,21,5
1782283281,tc-34-2-2-6,osmo-hlr-546bdb8988-zlpbh,1,2
1782283281,tc-34-2-2-6,osmo-mgw-8c8fc67d6-rngtg,1,2
1782283281,tc-34-2-2-6,osmo-mobile-56b5cd4676-8st5t,3,36
1782283281,tc-34-2-2-6,osmo-stp-768687f494-tqplx,1,2
1782283281,tc-34-2-2-6,ttcn3-tc-34-2-2-1-zxdl7,1,6
1782283281,tc-34-2-2-6,virtphy-84fb969f5c-nv7hc,5,1
1782283283,kube-system,coredns-c4dbffb5f-p9rsr,3,29
1782283283,kube-system,local-path-provisioner-5c4dc5d66d-nfqxz,1,15
1782283283,kube-system,metrics-server-786d997795-hcp2m,10,45
1782283283,kube-system,svclb-traefik-1100f998-kpm9h,0,0
1782283283,kube-system,traefik-9bcdbbd9-qtpjt,1,37
1782283283,tc-26-6-1-1-7,msc-test-stub-5b875d749d-qhcnt,1,16
1782283283,tc-26-6-1-1-7,osmo-bsc-594654bd47-mk546,1,5
1782283283,tc-26-6-1-1-7,osmo-bts-virtual-5f8b9b86fc-fwlzl,21,5
1782283283,tc-26-6-1-1-7,osmo-hlr-546bdb8988-vjqwp,1,2
1782283283,tc-26-6-1-1-7,osmo-mgw-8c8fc67d6-klmpk,1,2
1782283283,tc-26-6-1-1-7,osmo-mobile-58b76ddf85-gbd9r,3,36
1782283283,tc-26-6-1-1-7,osmo-stp-768687f494-6bzn7,1,2
1782283283,tc-26-6-1-1-7,ttcn3-tc-26-6-1-1-1-wsmkg,1,6
1782283283,tc-26-6-1-1-7,virtphy-576cdd77b8-29gc2,6,1
1782283283,tc-26-6-2-3-1-1,msc-test-stub-5b875d749d-kkdgt,1,16
1782283283,tc-26-6-2-3-1-1,osmo-bsc-594654bd47-cbm7z,1,5
1782283283,tc-26-6-2-3-1-1,osmo-bts-virtual-5f8b9b86fc-cbwgk,20,5
1782283283,tc-26-6-2-3-1-1,osmo-hlr-546bdb8988-xs8kw,1,2
1782283283,tc-26-6-2-3-1-1,osmo-mgw-8c8fc67d6-7sbxs,1,2
1782283283,tc-26-6-2-3-1-1,osmo-mobile-54df7bb868-c8rzc,3,37
1782283283,tc-26-6-2-3-1-1,osmo-stp-768687f494-6jzfj,1,2
1782283283,tc-26-6-2-3-1-1,ttcn3-tc-26-6-2-3-1-1-sxqjn,1,6
1782283283,tc-26-6-2-3-1-1,virtphy-98dbf4747-6d9px,6,1
1782283283,tc-26-7-3-2-2,msc-test-stub-5b875d749d-vcrjm,1,16
1782283283,tc-26-7-3-2-2,osmo-bsc-594654bd47-7nw9l,1,5
1782283283,tc-26-7-3-2-2,osmo-bts-virtual-5f8b9b86fc-4fnh4,19,5
1782283283,tc-26-7-3-2-2,osmo-hlr-546bdb8988-dh7l7,1,2
1782283283,tc-26-7-3-2-2,osmo-mgw-8c8fc67d6-n8lxb,1,2
1782283283,tc-26-7-3-2-2,osmo-mobile-698697576-dlg79,3,33
1782283283,tc-26-7-3-2-2,osmo-stp-768687f494-ftknv,1,2
1782283283,tc-26-7-3-2-2,ttcn3-tc-26-7-3-2-1-b484k,1,6
1782283283,tc-26-7-3-2-2,virtphy-785d5cf49-h4csq,6,1
1782283283,tc-26-7-5-3-12,msc-test-stub-5b875d749d-9xvl9,1,16
1782283283,tc-26-7-5-3-12,osmo-bsc-594654bd47-b8kpq,1,5
1782283283,tc-26-7-5-3-12,osmo-bts-virtual-5f8b9b86fc-wl7k2,23,5
1782283283,tc-26-7-5-3-12,osmo-hlr-546bdb8988-d6l2s,1,2
1782283283,tc-26-7-5-3-12,osmo-mgw-8c8fc67d6-xp48l,1,2
1782283283,tc-26-7-5-3-12,osmo-mobile-79c8f8bc4b-mc6jq,2,36
1782283283,tc-26-7-5-3-12,osmo-stp-768687f494-2nqzv,1,2
1782283283,tc-26-7-5-3-12,ttcn3-tc-26-7-5-3-1-p97pl,1,6
1782283283,tc-26-7-5-3-12,virtphy-56cc7fd87-gnrrq,6,1
1782283283,tc-34-2-2-6,msc-test-stub-5b875d749d-n76gn,1,16
1782283283,tc-34-2-2-6,osmo-bsc-594654bd47-ngnw2,1,5
1782283283,tc-34-2-2-6,osmo-bts-virtual-5f8b9b86fc-49knq,21,5
1782283283,tc-34-2-2-6,osmo-hlr-546bdb8988-zlpbh,1,2
1782283283,tc-34-2-2-6,osmo-mgw-8c8fc67d6-rngtg,1,2
1782283283,tc-34-2-2-6,osmo-mobile-56b5cd4676-8st5t,3,36
1782283283,tc-34-2-2-6,osmo-stp-768687f494-tqplx,1,2
1782283283,tc-34-2-2-6,ttcn3-tc-34-2-2-1-zxdl7,1,6
1782283283,tc-34-2-2-6,virtphy-84fb969f5c-nv7hc,5,1
1782283285,kube-system,coredns-c4dbffb5f-p9rsr,3,29
1782283285,kube-system,local-path-provisioner-5c4dc5d66d-nfqxz,1,15
1782283285,kube-system,metrics-server-786d997795-hcp2m,10,45
1782283285,kube-system,svclb-traefik-1100f998-kpm9h,0,0
1782283285,kube-system,traefik-9bcdbbd9-qtpjt,1,37
1782283285,tc-26-6-1-1-7,msc-test-stub-5b875d749d-qhcnt,1,16
1782283285,tc-26-6-1-1-7,osmo-bsc-594654bd47-mk546,1,5
1782283285,tc-26-6-1-1-7,osmo-bts-virtual-5f8b9b86fc-fwlzl,21,5
1782283285,tc-26-6-1-1-7,osmo-hlr-546bdb8988-vjqwp,1,2
1782283285,tc-26-6-1-1-7,osmo-mgw-8c8fc67d6-klmpk,1,2
1782283285,tc-26-6-1-1-7,osmo-mobile-58b76ddf85-gbd9r,3,36
1782283285,tc-26-6-1-1-7,osmo-stp-768687f494-6bzn7,1,2
1782283285,tc-26-6-1-1-7,ttcn3-tc-26-6-1-1-1-wsmkg,1,6
1782283285,tc-26-6-1-1-7,virtphy-576cdd77b8-29gc2,6,1
1782283285,tc-26-6-2-3-1-1,msc-test-stub-5b875d749d-kkdgt,1,16
1782283285,tc-26-6-2-3-1-1,osmo-bsc-594654bd47-cbm7z,1,5
1782283285,tc-26-6-2-3-1-1,osmo-bts-virtual-5f8b9b86fc-cbwgk,20,5
1782283285,tc-26-6-2-3-1-1,osmo-hlr-546bdb8988-xs8kw,1,2
1782283285,tc-26-6-2-3-1-1,osmo-mgw-8c8fc67d6-7sbxs,1,2
1782283285,tc-26-6-2-3-1-1,osmo-mobile-54df7bb868-c8rzc,3,37
1782283285,tc-26-6-2-3-1-1,osmo-stp-768687f494-6jzfj,1,2
1782283285,tc-26-6-2-3-1-1,virtphy-98dbf4747-6d9px,6,1
1782283285,tc-26-7-3-2-2,msc-test-stub-5b875d749d-vcrjm,1,16
1782283285,tc-26-7-3-2-2,osmo-bsc-594654bd47-7nw9l,1,5
1782283285,tc-26-7-3-2-2,osmo-bts-virtual-5f8b9b86fc-4fnh4,19,5
1782283285,tc-26-7-3-2-2,osmo-hlr-546bdb8988-dh7l7,1,2
1782283285,tc-26-7-3-2-2,osmo-mgw-8c8fc67d6-n8lxb,1,2
1782283285,tc-26-7-3-2-2,osmo-mobile-698697576-dlg79,3,33
1782283285,tc-26-7-3-2-2,osmo-stp-768687f494-ftknv,1,2
1782283285,tc-26-7-3-2-2,ttcn3-tc-26-7-3-2-1-b484k,1,6
1782283285,tc-26-7-3-2-2,virtphy-785d5cf49-h4csq,6,1
1782283285,tc-26-7-5-3-12,msc-test-stub-5b875d749d-9xvl9,1,16
1782283285,tc-26-7-5-3-12,osmo-bsc-594654bd47-b8kpq,1,5
1782283285,tc-26-7-5-3-12,osmo-bts-virtual-5f8b9b86fc-wl7k2,23,5
1782283285,tc-26-7-5-3-12,osmo-hlr-546bdb8988-d6l2s,1,2
1782283285,tc-26-7-5-3-12,osmo-mgw-8c8fc67d6-xp48l,1,2
1782283285,tc-26-7-5-3-12,osmo-mobile-79c8f8bc4b-mc6jq,2,36
1782283285,tc-26-7-5-3-12,osmo-stp-768687f494-2nqzv,1,2
1782283285,tc-26-7-5-3-12,ttcn3-tc-26-7-5-3-1-p97pl,1,6
1782283285,tc-26-7-5-3-12,virtphy-56cc7fd87-gnrrq,6,1
1782283285,tc-34-2-2-6,msc-test-stub-5b875d749d-n76gn,1,16
1782283285,tc-34-2-2-6,osmo-bsc-594654bd47-ngnw2,1,5
1782283285,tc-34-2-2-6,osmo-bts-virtual-5f8b9b86fc-49knq,21,5
1782283285,tc-34-2-2-6,osmo-hlr-546bdb8988-zlpbh,1,2
1782283285,tc-34-2-2-6,osmo-mgw-8c8fc67d6-rngtg,1,2
1782283285,tc-34-2-2-6,osmo-mobile-56b5cd4676-8st5t,3,36
1782283285,tc-34-2-2-6,osmo-stp-768687f494-tqplx,1,2
1782283285,tc-34-2-2-6,ttcn3-tc-34-2-2-1-zxdl7,1,6
1782283285,tc-34-2-2-6,virtphy-84fb969f5c-nv7hc,5,1
1782283287,kube-system,coredns-c4dbffb5f-p9rsr,2,29
1782283287,kube-system,local-path-provisioner-5c4dc5d66d-nfqxz,1,15
1782283287,kube-system,metrics-server-786d997795-hcp2m,9,45
1782283287,kube-system,svclb-traefik-1100f998-kpm9h,0,0
1782283287,kube-system,traefik-9bcdbbd9-qtpjt,1,37
1782283287,tc-26-6-1-1-7,msc-test-stub-5b875d749d-qhcnt,1,16
1782283287,tc-26-6-1-1-7,osmo-bsc-594654bd47-mk546,1,5
1782283287,tc-26-6-1-1-7,osmo-bts-virtual-5f8b9b86fc-fwlzl,20,5
1782283287,tc-26-6-1-1-7,osmo-hlr-546bdb8988-vjqwp,1,2
1782283287,tc-26-6-1-1-7,osmo-mgw-8c8fc67d6-klmpk,1,2
1782283287,tc-26-6-1-1-7,osmo-mobile-58b76ddf85-gbd9r,3,36
1782283287,tc-26-6-1-1-7,osmo-stp-768687f494-6bzn7,1,2
1782283287,tc-26-6-1-1-7,ttcn3-tc-26-6-1-1-1-wsmkg,1,6
1782283287,tc-26-6-1-1-7,virtphy-576cdd77b8-29gc2,6,1
1782283287,tc-26-6-2-3-1-1,msc-test-stub-5b875d749d-kkdgt,1,16
1782283287,tc-26-6-2-3-1-1,osmo-bsc-594654bd47-cbm7z,1,5
1782283287,tc-26-6-2-3-1-1,osmo-bts-virtual-5f8b9b86fc-cbwgk,20,5
1782283287,tc-26-6-2-3-1-1,osmo-hlr-546bdb8988-xs8kw,1,2
1782283287,tc-26-6-2-3-1-1,osmo-mgw-8c8fc67d6-7sbxs,1,2
1782283287,tc-26-6-2-3-1-1,osmo-mobile-54df7bb868-c8rzc,2,37
1782283287,tc-26-6-2-3-1-1,osmo-stp-768687f494-6jzfj,1,2
1782283287,tc-26-6-2-3-1-1,virtphy-98dbf4747-6d9px,6,1
1782283287,tc-26-7-3-2-2,msc-test-stub-5b875d749d-vcrjm,1,16
1782283287,tc-26-7-3-2-2,osmo-bsc-594654bd47-7nw9l,1,5
1782283287,tc-26-7-3-2-2,osmo-bts-virtual-5f8b9b86fc-4fnh4,19,5
1782283287,tc-26-7-3-2-2,osmo-hlr-546bdb8988-dh7l7,1,2
1782283287,tc-26-7-3-2-2,osmo-mgw-8c8fc67d6-n8lxb,1,2
1782283287,tc-26-7-3-2-2,osmo-mobile-698697576-dlg79,3,33
1782283287,tc-26-7-3-2-2,osmo-stp-768687f494-ftknv,1,2
1782283287,tc-26-7-3-2-2,ttcn3-tc-26-7-3-2-1-b484k,1,6
1782283287,tc-26-7-3-2-2,virtphy-785d5cf49-h4csq,6,1
1782283287,tc-26-7-5-3-12,msc-test-stub-5b875d749d-9xvl9,1,16
1782283287,tc-26-7-5-3-12,osmo-bsc-594654bd47-b8kpq,1,5
1782283287,tc-26-7-5-3-12,osmo-bts-virtual-5f8b9b86fc-wl7k2,23,5
1782283287,tc-26-7-5-3-12,osmo-hlr-546bdb8988-d6l2s,1,2
1782283287,tc-26-7-5-3-12,osmo-mgw-8c8fc67d6-xp48l,1,2
1782283287,tc-26-7-5-3-12,osmo-mobile-79c8f8bc4b-mc6jq,2,37
1782283287,tc-26-7-5-3-12,osmo-stp-768687f494-2nqzv,1,2
1782283287,tc-26-7-5-3-12,ttcn3-tc-26-7-5-3-1-p97pl,1,6
1782283287,tc-26-7-5-3-12,virtphy-56cc7fd87-gnrrq,7,1
1782283287,tc-34-2-2-6,msc-test-stub-5b875d749d-n76gn,1,16
1782283287,tc-34-2-2-6,osmo-bsc-594654bd47-ngnw2,1,5
1782283287,tc-34-2-2-6,osmo-bts-virtual-5f8b9b86fc-49knq,19,5
1782283287,tc-34-2-2-6,osmo-hlr-546bdb8988-zlpbh,1,2
1782283287,tc-34-2-2-6,osmo-mgw-8c8fc67d6-rngtg,1,2
1782283287,tc-34-2-2-6,osmo-mobile-56b5cd4676-8st5t,3,36
1782283287,tc-34-2-2-6,osmo-stp-768687f494-tqplx,1,2
1782283287,tc-34-2-2-6,ttcn3-tc-34-2-2-1-zxdl7,1,6
1782283287,tc-34-2-2-6,virtphy-84fb969f5c-nv7hc,6,1
1782283289,kube-system,coredns-c4dbffb5f-p9rsr,2,29
1782283289,kube-system,local-path-provisioner-5c4dc5d66d-nfqxz,1,15
1782283289,kube-system,metrics-server-786d997795-hcp2m,9,45
1782283289,kube-system,svclb-traefik-1100f998-kpm9h,0,0
1782283289,kube-system,traefik-9bcdbbd9-qtpjt,1,37
1782283289,tc-26-6-1-1-7,msc-test-stub-5b875d749d-qhcnt,1,16
1782283289,tc-26-6-1-1-7,osmo-bsc-594654bd47-mk546,1,5
1782283289,tc-26-6-1-1-7,osmo-bts-virtual-5f8b9b86fc-fwlzl,20,5
1782283289,tc-26-6-1-1-7,osmo-hlr-546bdb8988-vjqwp,1,2
1782283289,tc-26-6-1-1-7,osmo-mgw-8c8fc67d6-klmpk,1,2
1782283289,tc-26-6-1-1-7,osmo-mobile-58b76ddf85-gbd9r,3,36
1782283289,tc-26-6-1-1-7,osmo-stp-768687f494-6bzn7,1,2
1782283289,tc-26-6-1-1-7,ttcn3-tc-26-6-1-1-1-wsmkg,1,6
1782283289,tc-26-6-1-1-7,virtphy-576cdd77b8-29gc2,6,1
1782283289,tc-26-6-2-3-1-1,msc-test-stub-5b875d749d-kkdgt,1,16
1782283289,tc-26-6-2-3-1-1,osmo-bsc-594654bd47-cbm7z,1,5
1782283289,tc-26-6-2-3-1-1,osmo-bts-virtual-5f8b9b86fc-cbwgk,20,5
1782283289,tc-26-6-2-3-1-1,osmo-hlr-546bdb8988-xs8kw,1,2
1782283289,tc-26-6-2-3-1-1,osmo-mgw-8c8fc67d6-7sbxs,1,2
1782283289,tc-26-6-2-3-1-1,osmo-mobile-54df7bb868-c8rzc,2,37
1782283289,tc-26-6-2-3-1-1,osmo-stp-768687f494-6jzfj,1,2
1782283289,tc-26-6-2-3-1-1,virtphy-98dbf4747-6d9px,6,1
1782283289,tc-26-7-3-2-2,msc-test-stub-5b875d749d-vcrjm,1,16
1782283289,tc-26-7-3-2-2,osmo-bsc-594654bd47-7nw9l,1,5
1782283289,tc-26-7-3-2-2,osmo-bts-virtual-5f8b9b86fc-4fnh4,19,5
1782283289,tc-26-7-3-2-2,osmo-hlr-546bdb8988-dh7l7,1,2
1782283289,tc-26-7-3-2-2,osmo-mgw-8c8fc67d6-n8lxb,1,2
1782283289,tc-26-7-3-2-2,osmo-mobile-698697576-dlg79,3,33
1782283289,tc-26-7-3-2-2,osmo-stp-768687f494-ftknv,1,2
1782283289,tc-26-7-3-2-2,ttcn3-tc-26-7-3-2-1-b484k,1,6
1782283289,tc-26-7-3-2-2,virtphy-785d5cf49-h4csq,6,1
1782283289,tc-26-7-5-3-12,msc-test-stub-5b875d749d-9xvl9,1,16
1782283289,tc-26-7-5-3-12,osmo-bsc-594654bd47-b8kpq,1,5
1782283289,tc-26-7-5-3-12,osmo-bts-virtual-5f8b9b86fc-wl7k2,23,5
1782283289,tc-26-7-5-3-12,osmo-hlr-546bdb8988-d6l2s,1,2
1782283289,tc-26-7-5-3-12,osmo-mgw-8c8fc67d6-xp48l,1,2
1782283289,tc-26-7-5-3-12,osmo-mobile-79c8f8bc4b-mc6jq,2,37
1782283289,tc-26-7-5-3-12,osmo-stp-768687f494-2nqzv,1,2
1782283289,tc-26-7-5-3-12,ttcn3-tc-26-7-5-3-1-p97pl,1,6
1782283289,tc-26-7-5-3-12,virtphy-56cc7fd87-gnrrq,7,1
1782283289,tc-34-2-2-6,msc-test-stub-5b875d749d-n76gn,1,16
1782283289,tc-34-2-2-6,osmo-bsc-594654bd47-ngnw2,1,5
1782283289,tc-34-2-2-6,osmo-bts-virtual-5f8b9b86fc-49knq,19,5
1782283289,tc-34-2-2-6,osmo-hlr-546bdb8988-zlpbh,1,2
1782283289,tc-34-2-2-6,osmo-mgw-8c8fc67d6-rngtg,1,2
1782283289,tc-34-2-2-6,osmo-mobile-56b5cd4676-8st5t,3,36
1782283289,tc-34-2-2-6,osmo-stp-768687f494-tqplx,1,2
1782283289,tc-34-2-2-6,ttcn3-tc-34-2-2-1-zxdl7,1,6
1782283289,tc-34-2-2-6,virtphy-84fb969f5c-nv7hc,6,1
1782283292,kube-system,coredns-c4dbffb5f-p9rsr,2,29
1782283292,kube-system,local-path-provisioner-5c4dc5d66d-nfqxz,1,15
1782283292,kube-system,metrics-server-786d997795-hcp2m,9,45
1782283292,kube-system,svclb-traefik-1100f998-kpm9h,0,0
1782283292,kube-system,traefik-9bcdbbd9-qtpjt,1,37
1782283292,tc-26-6-1-1-7,msc-test-stub-5b875d749d-qhcnt,1,16
1782283292,tc-26-6-1-1-7,osmo-bsc-594654bd47-mk546,1,5
1782283292,tc-26-6-1-1-7,osmo-bts-virtual-5f8b9b86fc-fwlzl,20,5
1782283292,tc-26-6-1-1-7,osmo-hlr-546bdb8988-vjqwp,1,2
1782283292,tc-26-6-1-1-7,osmo-mgw-8c8fc67d6-klmpk,1,2
1782283292,tc-26-6-1-1-7,osmo-mobile-58b76ddf85-gbd9r,3,36
1782283292,tc-26-6-1-1-7,osmo-stp-768687f494-6bzn7,1,2
1782283292,tc-26-6-1-1-7,ttcn3-tc-26-6-1-1-1-wsmkg,1,6
1782283292,tc-26-6-1-1-7,virtphy-576cdd77b8-29gc2,6,1
1782283292,tc-26-6-2-3-1-1,msc-test-stub-5b875d749d-kkdgt,1,16
1782283292,tc-26-6-2-3-1-1,osmo-bsc-594654bd47-cbm7z,1,5
1782283292,tc-26-6-2-3-1-1,osmo-bts-virtual-5f8b9b86fc-cbwgk,20,5
1782283292,tc-26-6-2-3-1-1,osmo-hlr-546bdb8988-xs8kw,1,2
1782283292,tc-26-6-2-3-1-1,osmo-mgw-8c8fc67d6-7sbxs,1,2
1782283292,tc-26-6-2-3-1-1,osmo-mobile-54df7bb868-c8rzc,2,37
1782283292,tc-26-6-2-3-1-1,osmo-stp-768687f494-6jzfj,1,2
1782283292,tc-26-6-2-3-1-1,virtphy-98dbf4747-6d9px,6,1
1782283292,tc-26-7-3-2-2,msc-test-stub-5b875d749d-vcrjm,1,16
1782283292,tc-26-7-3-2-2,osmo-bsc-594654bd47-7nw9l,1,5
1782283292,tc-26-7-3-2-2,osmo-bts-virtual-5f8b9b86fc-4fnh4,19,5
1782283292,tc-26-7-3-2-2,osmo-hlr-546bdb8988-dh7l7,1,2
1782283292,tc-26-7-3-2-2,osmo-mgw-8c8fc67d6-n8lxb,1,2
1782283292,tc-26-7-3-2-2,osmo-mobile-698697576-dlg79,3,33
1782283292,tc-26-7-3-2-2,osmo-stp-768687f494-ftknv,1,2
1782283292,tc-26-7-3-2-2,ttcn3-tc-26-7-3-2-1-b484k,1,6
1782283292,tc-26-7-3-2-2,virtphy-785d5cf49-h4csq,6,1
1782283292,tc-26-7-5-3-12,msc-test-stub-5b875d749d-9xvl9,1,16
1782283292,tc-26-7-5-3-12,osmo-bsc-594654bd47-b8kpq,1,5
1782283292,tc-26-7-5-3-12,osmo-bts-virtual-5f8b9b86fc-wl7k2,23,5
1782283292,tc-26-7-5-3-12,osmo-hlr-546bdb8988-d6l2s,1,2
1782283292,tc-26-7-5-3-12,osmo-mgw-8c8fc67d6-xp48l,1,2
1782283292,tc-26-7-5-3-12,osmo-mobile-79c8f8bc4b-mc6jq,2,37
1782283292,tc-26-7-5-3-12,osmo-stp-768687f494-2nqzv,1,2
1782283292,tc-26-7-5-3-12,ttcn3-tc-26-7-5-3-1-p97pl,1,6
1782283292,tc-26-7-5-3-12,virtphy-56cc7fd87-gnrrq,7,1
1782283292,tc-34-2-2-6,msc-test-stub-5b875d749d-n76gn,1,16
1782283292,tc-34-2-2-6,osmo-bsc-594654bd47-ngnw2,1,5
1782283292,tc-34-2-2-6,osmo-bts-virtual-5f8b9b86fc-49knq,19,5
1782283292,tc-34-2-2-6,osmo-hlr-546bdb8988-zlpbh,1,2
1782283292,tc-34-2-2-6,osmo-mgw-8c8fc67d6-rngtg,1,2
1782283292,tc-34-2-2-6,osmo-mobile-56b5cd4676-8st5t,3,36
1782283292,tc-34-2-2-6,osmo-stp-768687f494-tqplx,1,2
1782283292,tc-34-2-2-6,ttcn3-tc-34-2-2-1-zxdl7,1,6
1782283292,tc-34-2-2-6,virtphy-84fb969f5c-nv7hc,6,1
1782283294,kube-system,coredns-c4dbffb5f-p9rsr,2,29
1782283294,kube-system,local-path-provisioner-5c4dc5d66d-nfqxz,1,15
1782283294,kube-system,metrics-server-786d997795-hcp2m,9,45
1782283294,kube-system,svclb-traefik-1100f998-kpm9h,0,0
1782283294,kube-system,traefik-9bcdbbd9-qtpjt,1,37
1782283294,tc-26-6-1-1-7,msc-test-stub-5b875d749d-qhcnt,1,16
1782283294,tc-26-6-1-1-7,osmo-bsc-594654bd47-mk546,1,5
1782283294,tc-26-6-1-1-7,osmo-bts-virtual-5f8b9b86fc-fwlzl,20,5
1782283294,tc-26-6-1-1-7,osmo-hlr-546bdb8988-vjqwp,1,2
1782283294,tc-26-6-1-1-7,osmo-mgw-8c8fc67d6-klmpk,1,2
1782283294,tc-26-6-1-1-7,osmo-mobile-58b76ddf85-gbd9r,3,36
1782283294,tc-26-6-1-1-7,osmo-stp-768687f494-6bzn7,1,2
1782283294,tc-26-6-1-1-7,ttcn3-tc-26-6-1-1-1-wsmkg,1,6
1782283294,tc-26-6-1-1-7,virtphy-576cdd77b8-29gc2,6,1
1782283294,tc-26-6-2-3-1-1,msc-test-stub-5b875d749d-kkdgt,1,16
1782283294,tc-26-6-2-3-1-1,osmo-bts-virtual-5f8b9b86fc-cbwgk,20,5
1782283294,tc-26-6-2-3-1-1,osmo-mgw-8c8fc67d6-7sbxs,1,2
1782283294,tc-26-6-2-3-1-1,osmo-mobile-54df7bb868-c8rzc,2,37
1782283294,tc-26-7-3-2-2,msc-test-stub-5b875d749d-vcrjm,1,16
1782283294,tc-26-7-3-2-2,osmo-bsc-594654bd47-7nw9l,1,5
1782283294,tc-26-7-3-2-2,osmo-bts-virtual-5f8b9b86fc-4fnh4,19,5
1782283294,tc-26-7-3-2-2,osmo-hlr-546bdb8988-dh7l7,1,2
1782283294,tc-26-7-3-2-2,osmo-mgw-8c8fc67d6-n8lxb,1,2
1782283294,tc-26-7-3-2-2,osmo-mobile-698697576-dlg79,3,33
1782283294,tc-26-7-3-2-2,osmo-stp-768687f494-ftknv,1,2
1782283294,tc-26-7-3-2-2,ttcn3-tc-26-7-3-2-1-b484k,1,6
1782283294,tc-26-7-3-2-2,virtphy-785d5cf49-h4csq,6,1
1782283294,tc-26-7-5-3-12,msc-test-stub-5b875d749d-9xvl9,1,16
1782283294,tc-26-7-5-3-12,osmo-bsc-594654bd47-b8kpq,1,5
1782283294,tc-26-7-5-3-12,osmo-bts-virtual-5f8b9b86fc-wl7k2,23,5
1782283294,tc-26-7-5-3-12,osmo-hlr-546bdb8988-d6l2s,1,2
1782283294,tc-26-7-5-3-12,osmo-mgw-8c8fc67d6-xp48l,1,2
1782283294,tc-26-7-5-3-12,osmo-mobile-79c8f8bc4b-mc6jq,2,37
1782283294,tc-26-7-5-3-12,osmo-stp-768687f494-2nqzv,1,2
1782283294,tc-26-7-5-3-12,ttcn3-tc-26-7-5-3-1-p97pl,1,6
1782283294,tc-26-7-5-3-12,virtphy-56cc7fd87-gnrrq,7,1
1782283294,tc-34-2-2-6,msc-test-stub-5b875d749d-n76gn,1,16
1782283294,tc-34-2-2-6,osmo-bsc-594654bd47-ngnw2,1,5
1782283294,tc-34-2-2-6,osmo-bts-virtual-5f8b9b86fc-49knq,19,5
1782283294,tc-34-2-2-6,osmo-hlr-546bdb8988-zlpbh,1,2
1782283294,tc-34-2-2-6,osmo-mgw-8c8fc67d6-rngtg,1,2
1782283294,tc-34-2-2-6,osmo-mobile-56b5cd4676-8st5t,3,36
1782283294,tc-34-2-2-6,osmo-stp-768687f494-tqplx,1,2
1782283294,tc-34-2-2-6,ttcn3-tc-34-2-2-1-zxdl7,1,6
1782283294,tc-34-2-2-6,virtphy-84fb969f5c-nv7hc,6,1
1782283296,kube-system,coredns-c4dbffb5f-p9rsr,2,29
1782283296,kube-system,local-path-provisioner-5c4dc5d66d-nfqxz,1,15
1782283296,kube-system,metrics-server-786d997795-hcp2m,9,45
1782283296,kube-system,svclb-traefik-1100f998-kpm9h,0,0
1782283296,kube-system,traefik-9bcdbbd9-qtpjt,1,37
1782283296,tc-26-6-1-1-7,msc-test-stub-5b875d749d-qhcnt,1,16
1782283296,tc-26-6-1-1-7,osmo-bsc-594654bd47-mk546,1,5
1782283296,tc-26-6-1-1-7,osmo-bts-virtual-5f8b9b86fc-fwlzl,20,5
1782283296,tc-26-6-1-1-7,osmo-hlr-546bdb8988-vjqwp,1,2
1782283296,tc-26-6-1-1-7,osmo-mgw-8c8fc67d6-klmpk,1,2
1782283296,tc-26-6-1-1-7,osmo-mobile-58b76ddf85-gbd9r,3,36
1782283296,tc-26-6-1-1-7,osmo-stp-768687f494-6bzn7,1,2
1782283296,tc-26-6-1-1-7,ttcn3-tc-26-6-1-1-1-wsmkg,1,6
1782283296,tc-26-6-1-1-7,virtphy-576cdd77b8-29gc2,6,1
1782283296,tc-26-6-2-3-1-1,msc-test-stub-5b875d749d-kkdgt,1,16
1782283296,tc-26-6-2-3-1-1,osmo-bts-virtual-5f8b9b86fc-cbwgk,20,5
1782283296,tc-26-6-2-3-1-1,osmo-mgw-8c8fc67d6-7sbxs,1,2
1782283296,tc-26-6-2-3-1-1,osmo-mobile-54df7bb868-c8rzc,2,37
1782283296,tc-26-7-3-2-2,msc-test-stub-5b875d749d-vcrjm,1,16
1782283296,tc-26-7-3-2-2,osmo-bsc-594654bd47-7nw9l,1,5
1782283296,tc-26-7-3-2-2,osmo-bts-virtual-5f8b9b86fc-4fnh4,19,5
1782283296,tc-26-7-3-2-2,osmo-hlr-546bdb8988-dh7l7,1,2
1782283296,tc-26-7-3-2-2,osmo-mgw-8c8fc67d6-n8lxb,1,2
1782283296,tc-26-7-3-2-2,osmo-mobile-698697576-dlg79,3,33
1782283296,tc-26-7-3-2-2,osmo-stp-768687f494-ftknv,1,2
1782283296,tc-26-7-3-2-2,ttcn3-tc-26-7-3-2-1-b484k,1,6
1782283296,tc-26-7-3-2-2,virtphy-785d5cf49-h4csq,6,1
1782283296,tc-26-7-5-3-12,msc-test-stub-5b875d749d-9xvl9,1,16
1782283296,tc-26-7-5-3-12,osmo-bsc-594654bd47-b8kpq,1,5
1782283296,tc-26-7-5-3-12,osmo-bts-virtual-5f8b9b86fc-wl7k2,23,5
1782283296,tc-26-7-5-3-12,osmo-hlr-546bdb8988-d6l2s,1,2
1782283296,tc-26-7-5-3-12,osmo-mgw-8c8fc67d6-xp48l,1,2
1782283296,tc-26-7-5-3-12,osmo-mobile-79c8f8bc4b-mc6jq,2,37
1782283296,tc-26-7-5-3-12,osmo-stp-768687f494-2nqzv,1,2
1782283296,tc-26-7-5-3-12,ttcn3-tc-26-7-5-3-1-p97pl,1,6
1782283296,tc-26-7-5-3-12,virtphy-56cc7fd87-gnrrq,7,1
1782283296,tc-34-2-2-6,msc-test-stub-5b875d749d-n76gn,1,16
1782283296,tc-34-2-2-6,osmo-bsc-594654bd47-ngnw2,1,5
1782283296,tc-34-2-2-6,osmo-bts-virtual-5f8b9b86fc-49knq,19,5
1782283296,tc-34-2-2-6,osmo-hlr-546bdb8988-zlpbh,1,2
1782283296,tc-34-2-2-6,osmo-mgw-8c8fc67d6-rngtg,1,2
1782283296,tc-34-2-2-6,osmo-mobile-56b5cd4676-8st5t,3,36
1782283296,tc-34-2-2-6,osmo-stp-768687f494-tqplx,1,2
1782283296,tc-34-2-2-6,ttcn3-tc-34-2-2-1-zxdl7,1,6
1782283296,tc-34-2-2-6,virtphy-84fb969f5c-nv7hc,6,1
1782283298,kube-system,coredns-c4dbffb5f-p9rsr,2,29
1782283298,kube-system,local-path-provisioner-5c4dc5d66d-nfqxz,1,15
1782283298,kube-system,metrics-server-786d997795-hcp2m,9,45
1782283298,kube-system,svclb-traefik-1100f998-kpm9h,0,0
1782283298,kube-system,traefik-9bcdbbd9-qtpjt,1,37
1782283298,tc-26-6-1-1-7,msc-test-stub-5b875d749d-qhcnt,1,16
1782283298,tc-26-6-1-1-7,osmo-bsc-594654bd47-mk546,1,5
1782283298,tc-26-6-1-1-7,osmo-bts-virtual-5f8b9b86fc-fwlzl,20,5
1782283298,tc-26-6-1-1-7,osmo-hlr-546bdb8988-vjqwp,1,2
1782283298,tc-26-6-1-1-7,osmo-mgw-8c8fc67d6-klmpk,1,2
1782283298,tc-26-6-1-1-7,osmo-mobile-58b76ddf85-gbd9r,3,36
1782283298,tc-26-6-1-1-7,osmo-stp-768687f494-6bzn7,1,2
1782283298,tc-26-6-1-1-7,ttcn3-tc-26-6-1-1-1-wsmkg,1,6
1782283298,tc-26-6-1-1-7,virtphy-576cdd77b8-29gc2,6,1
1782283298,tc-26-6-2-3-1-1,msc-test-stub-5b875d749d-kkdgt,1,16
1782283298,tc-26-6-2-3-1-1,osmo-bts-virtual-5f8b9b86fc-cbwgk,20,5
1782283298,tc-26-6-2-3-1-1,osmo-mgw-8c8fc67d6-7sbxs,1,2
1782283298,tc-26-6-2-3-1-1,osmo-mobile-54df7bb868-c8rzc,2,37
1782283298,tc-26-7-3-2-2,msc-test-stub-5b875d749d-vcrjm,1,16
1782283298,tc-26-7-3-2-2,osmo-bsc-594654bd47-7nw9l,1,5
1782283298,tc-26-7-3-2-2,osmo-bts-virtual-5f8b9b86fc-4fnh4,19,5
1782283298,tc-26-7-3-2-2,osmo-hlr-546bdb8988-dh7l7,1,2
1782283298,tc-26-7-3-2-2,osmo-mgw-8c8fc67d6-n8lxb,1,2
1782283298,tc-26-7-3-2-2,osmo-mobile-698697576-dlg79,3,33
1782283298,tc-26-7-3-2-2,osmo-stp-768687f494-ftknv,1,2
1782283298,tc-26-7-3-2-2,ttcn3-tc-26-7-3-2-1-b484k,1,6
1782283298,tc-26-7-3-2-2,virtphy-785d5cf49-h4csq,6,1
1782283298,tc-26-7-5-3-12,msc-test-stub-5b875d749d-9xvl9,1,16
1782283298,tc-26-7-5-3-12,osmo-bsc-594654bd47-b8kpq,1,5
1782283298,tc-26-7-5-3-12,osmo-bts-virtual-5f8b9b86fc-wl7k2,23,5
1782283298,tc-26-7-5-3-12,osmo-hlr-546bdb8988-d6l2s,1,2
1782283298,tc-26-7-5-3-12,osmo-mgw-8c8fc67d6-xp48l,1,2
1782283298,tc-26-7-5-3-12,osmo-mobile-79c8f8bc4b-mc6jq,2,37
1782283298,tc-26-7-5-3-12,osmo-stp-768687f494-2nqzv,1,2
1782283298,tc-26-7-5-3-12,ttcn3-tc-26-7-5-3-1-p97pl,1,6
1782283298,tc-26-7-5-3-12,virtphy-56cc7fd87-gnrrq,7,1
1782283298,tc-34-2-2-6,msc-test-stub-5b875d749d-n76gn,1,16
1782283298,tc-34-2-2-6,osmo-bsc-594654bd47-ngnw2,1,5
1782283298,tc-34-2-2-6,osmo-bts-virtual-5f8b9b86fc-49knq,19,5
1782283298,tc-34-2-2-6,osmo-hlr-546bdb8988-zlpbh,1,2
1782283298,tc-34-2-2-6,osmo-mgw-8c8fc67d6-rngtg,1,2
1782283298,tc-34-2-2-6,osmo-mobile-56b5cd4676-8st5t,3,36
1782283298,tc-34-2-2-6,osmo-stp-768687f494-tqplx,1,2
1782283298,tc-34-2-2-6,ttcn3-tc-34-2-2-1-zxdl7,1,6
1782283298,tc-34-2-2-6,virtphy-84fb969f5c-nv7hc,6,1
1782283301,kube-system,coredns-c4dbffb5f-p9rsr,2,29
1782283301,kube-system,local-path-provisioner-5c4dc5d66d-nfqxz,1,15
1782283301,kube-system,metrics-server-786d997795-hcp2m,9,45
1782283301,kube-system,svclb-traefik-1100f998-kpm9h,0,0
1782283301,kube-system,traefik-9bcdbbd9-qtpjt,1,37
1782283301,tc-26-6-1-1-7,msc-test-stub-5b875d749d-qhcnt,1,16
1782283301,tc-26-6-1-1-7,osmo-bsc-594654bd47-mk546,1,5
1782283301,tc-26-6-1-1-7,osmo-bts-virtual-5f8b9b86fc-fwlzl,20,5
1782283301,tc-26-6-1-1-7,osmo-hlr-546bdb8988-vjqwp,1,2
1782283301,tc-26-6-1-1-7,osmo-mgw-8c8fc67d6-klmpk,1,2
1782283301,tc-26-6-1-1-7,osmo-mobile-58b76ddf85-gbd9r,3,36
1782283301,tc-26-6-1-1-7,osmo-stp-768687f494-6bzn7,1,2
1782283301,tc-26-6-1-1-7,ttcn3-tc-26-6-1-1-1-wsmkg,1,6
1782283301,tc-26-6-1-1-7,virtphy-576cdd77b8-29gc2,6,1
1782283301,tc-26-6-2-3-1-1,msc-test-stub-5b875d749d-kkdgt,1,16
1782283301,tc-26-6-2-3-1-1,osmo-mgw-8c8fc67d6-7sbxs,1,2
1782283301,tc-26-6-2-3-1-1,osmo-mobile-54df7bb868-c8rzc,2,37
1782283301,tc-26-7-3-2-2,msc-test-stub-5b875d749d-vcrjm,1,16
1782283301,tc-26-7-3-2-2,osmo-bsc-594654bd47-7nw9l,1,5
1782283301,tc-26-7-3-2-2,osmo-bts-virtual-5f8b9b86fc-4fnh4,19,5
1782283301,tc-26-7-3-2-2,osmo-hlr-546bdb8988-dh7l7,1,2
1782283301,tc-26-7-3-2-2,osmo-mgw-8c8fc67d6-n8lxb,1,2
1782283301,tc-26-7-3-2-2,osmo-mobile-698697576-dlg79,3,33
1782283301,tc-26-7-3-2-2,osmo-stp-768687f494-ftknv,1,2
1782283301,tc-26-7-3-2-2,ttcn3-tc-26-7-3-2-1-b484k,1,6
1782283301,tc-26-7-3-2-2,virtphy-785d5cf49-h4csq,6,1
1782283301,tc-26-7-5-3-12,msc-test-stub-5b875d749d-9xvl9,1,16
1782283301,tc-26-7-5-3-12,osmo-bsc-594654bd47-b8kpq,1,5
1782283301,tc-26-7-5-3-12,osmo-bts-virtual-5f8b9b86fc-wl7k2,23,5
1782283301,tc-26-7-5-3-12,osmo-hlr-546bdb8988-d6l2s,1,2
1782283301,tc-26-7-5-3-12,osmo-mgw-8c8fc67d6-xp48l,1,2
1782283301,tc-26-7-5-3-12,osmo-mobile-79c8f8bc4b-mc6jq,2,37
1782283301,tc-26-7-5-3-12,osmo-stp-768687f494-2nqzv,1,2
1782283301,tc-26-7-5-3-12,ttcn3-tc-26-7-5-3-1-p97pl,1,6
1782283301,tc-26-7-5-3-12,virtphy-56cc7fd87-gnrrq,7,1
1782283301,tc-34-2-2-6,msc-test-stub-5b875d749d-n76gn,1,16
1782283301,tc-34-2-2-6,osmo-bsc-594654bd47-ngnw2,1,5
1782283301,tc-34-2-2-6,osmo-bts-virtual-5f8b9b86fc-49knq,19,5
1782283301,tc-34-2-2-6,osmo-hlr-546bdb8988-zlpbh,1,2
1782283301,tc-34-2-2-6,osmo-mgw-8c8fc67d6-rngtg,1,2
1782283301,tc-34-2-2-6,osmo-mobile-56b5cd4676-8st5t,3,36
1782283301,tc-34-2-2-6,osmo-stp-768687f494-tqplx,1,2
1782283301,tc-34-2-2-6,ttcn3-tc-34-2-2-1-zxdl7,1,6
1782283301,tc-34-2-2-6,virtphy-84fb969f5c-nv7hc,6,1
1782283303,kube-system,coredns-c4dbffb5f-p9rsr,3,29
1782283303,kube-system,local-path-provisioner-5c4dc5d66d-nfqxz,1,15
1782283303,kube-system,metrics-server-786d997795-hcp2m,11,45
1782283303,kube-system,svclb-traefik-1100f998-kpm9h,0,0
1782283303,kube-system,traefik-9bcdbbd9-qtpjt,1,38
1782283303,tc-26-6-1-1-7,msc-test-stub-5b875d749d-qhcnt,1,16
1782283303,tc-26-6-1-1-7,osmo-bsc-594654bd47-mk546,1,5
1782283303,tc-26-6-1-1-7,osmo-bts-virtual-5f8b9b86fc-fwlzl,21,5
1782283303,tc-26-6-1-1-7,osmo-hlr-546bdb8988-vjqwp,1,2
1782283303,tc-26-6-1-1-7,osmo-mgw-8c8fc67d6-klmpk,1,2
1782283303,tc-26-6-1-1-7,osmo-mobile-58b76ddf85-gbd9r,3,36
1782283303,tc-26-6-1-1-7,osmo-stp-768687f494-6bzn7,1,2
1782283303,tc-26-6-1-1-7,ttcn3-tc-26-6-1-1-1-wsmkg,1,6
1782283303,tc-26-6-1-1-7,virtphy-576cdd77b8-29gc2,7,1
1782283303,tc-26-6-2-3-1-1,msc-test-stub-5b875d749d-kkdgt,1,16
1782283303,tc-26-6-2-3-1-1,osmo-mgw-8c8fc67d6-7sbxs,1,2
1782283303,tc-26-6-2-3-1-1,osmo-mobile-54df7bb868-c8rzc,4,36
1782283303,tc-26-7-3-2-2,msc-test-stub-5b875d749d-vcrjm,1,16
1782283303,tc-26-7-3-2-2,osmo-bsc-594654bd47-7nw9l,1,5
1782283303,tc-26-7-3-2-2,osmo-bts-virtual-5f8b9b86fc-4fnh4,21,5
1782283303,tc-26-7-3-2-2,osmo-hlr-546bdb8988-dh7l7,1,2
1782283303,tc-26-7-3-2-2,osmo-mgw-8c8fc67d6-n8lxb,1,2
1782283303,tc-26-7-3-2-2,osmo-mobile-698697576-dlg79,3,33
1782283303,tc-26-7-3-2-2,osmo-stp-768687f494-ftknv,1,2
1782283303,tc-26-7-3-2-2,ttcn3-tc-26-7-3-2-1-b484k,1,6
1782283303,tc-26-7-3-2-2,virtphy-785d5cf49-h4csq,6,1
1782283303,tc-26-7-5-3-12,msc-test-stub-5b875d749d-9xvl9,1,16
1782283303,tc-26-7-5-3-12,osmo-bsc-594654bd47-b8kpq,1,5
1782283303,tc-26-7-5-3-12,osmo-bts-virtual-5f8b9b86fc-wl7k2,23,5
1782283303,tc-26-7-5-3-12,osmo-hlr-546bdb8988-d6l2s,1,2
1782283303,tc-26-7-5-3-12,osmo-mgw-8c8fc67d6-xp48l,1,2
1782283303,tc-26-7-5-3-12,osmo-mobile-79c8f8bc4b-mc6jq,2,36
1782283303,tc-26-7-5-3-12,osmo-stp-768687f494-2nqzv,1,2
1782283303,tc-26-7-5-3-12,ttcn3-tc-26-7-5-3-1-p97pl,1,6
1782283303,tc-26-7-5-3-12,virtphy-56cc7fd87-gnrrq,7,1
1782283303,tc-34-2-2-6,msc-test-stub-5b875d749d-n76gn,1,16
1782283303,tc-34-2-2-6,osmo-bsc-594654bd47-ngnw2,1,5
1782283303,tc-34-2-2-6,osmo-bts-virtual-5f8b9b86fc-49knq,19,5
1782283303,tc-34-2-2-6,osmo-hlr-546bdb8988-zlpbh,1,2
1782283303,tc-34-2-2-6,osmo-mgw-8c8fc67d6-rngtg,1,2
1782283303,tc-34-2-2-6,osmo-mobile-56b5cd4676-8st5t,3,36
1782283303,tc-34-2-2-6,osmo-stp-768687f494-tqplx,1,2
1782283303,tc-34-2-2-6,ttcn3-tc-34-2-2-1-zxdl7,1,6
1782283303,tc-34-2-2-6,virtphy-84fb969f5c-nv7hc,6,1
1782283305,kube-system,coredns-c4dbffb5f-p9rsr,3,29
1782283305,kube-system,local-path-provisioner-5c4dc5d66d-nfqxz,1,15
1782283305,kube-system,metrics-server-786d997795-hcp2m,11,45
1782283305,kube-system,svclb-traefik-1100f998-kpm9h,0,0
1782283305,kube-system,traefik-9bcdbbd9-qtpjt,1,38
1782283305,tc-26-6-1-1-7,msc-test-stub-5b875d749d-qhcnt,1,16
1782283305,tc-26-6-1-1-7,osmo-bsc-594654bd47-mk546,1,5
1782283305,tc-26-6-1-1-7,osmo-bts-virtual-5f8b9b86fc-fwlzl,21,5
1782283305,tc-26-6-1-1-7,osmo-hlr-546bdb8988-vjqwp,1,2
1782283305,tc-26-6-1-1-7,osmo-mgw-8c8fc67d6-klmpk,1,2
1782283305,tc-26-6-1-1-7,osmo-mobile-58b76ddf85-gbd9r,3,36
1782283305,tc-26-6-1-1-7,osmo-stp-768687f494-6bzn7,1,2
1782283305,tc-26-6-1-1-7,ttcn3-tc-26-6-1-1-1-wsmkg,1,6
1782283305,tc-26-6-1-1-7,virtphy-576cdd77b8-29gc2,7,1
1782283305,tc-26-6-2-3-1-1,msc-test-stub-5b875d749d-kkdgt,1,16
1782283305,tc-26-6-2-3-1-1,osmo-mgw-8c8fc67d6-7sbxs,1,2
1782283305,tc-26-6-2-3-1-1,osmo-mobile-54df7bb868-c8rzc,4,36
1782283305,tc-26-7-3-2-2,msc-test-stub-5b875d749d-vcrjm,1,16
1782283305,tc-26-7-3-2-2,osmo-bsc-594654bd47-7nw9l,1,5
1782283305,tc-26-7-3-2-2,osmo-bts-virtual-5f8b9b86fc-4fnh4,21,5
1782283305,tc-26-7-3-2-2,osmo-hlr-546bdb8988-dh7l7,1,2
1782283305,tc-26-7-3-2-2,osmo-mgw-8c8fc67d6-n8lxb,1,2
1782283305,tc-26-7-3-2-2,osmo-mobile-698697576-dlg79,3,33
1782283305,tc-26-7-3-2-2,osmo-stp-768687f494-ftknv,1,2
1782283305,tc-26-7-3-2-2,ttcn3-tc-26-7-3-2-1-b484k,1,6
1782283305,tc-26-7-3-2-2,virtphy-785d5cf49-h4csq,6,1
1782283305,tc-26-7-5-3-12,msc-test-stub-5b875d749d-9xvl9,1,16
1782283305,tc-26-7-5-3-12,osmo-bsc-594654bd47-b8kpq,1,5
1782283305,tc-26-7-5-3-12,osmo-bts-virtual-5f8b9b86fc-wl7k2,23,5
1782283305,tc-26-7-5-3-12,osmo-hlr-546bdb8988-d6l2s,1,2
1782283305,tc-26-7-5-3-12,osmo-mgw-8c8fc67d6-xp48l,1,2
1782283305,tc-26-7-5-3-12,osmo-mobile-79c8f8bc4b-mc6jq,2,36
1782283305,tc-26-7-5-3-12,osmo-stp-768687f494-2nqzv,1,2
1782283305,tc-26-7-5-3-12,ttcn3-tc-26-7-5-3-1-p97pl,1,6
1782283305,tc-26-7-5-3-12,virtphy-56cc7fd87-gnrrq,7,1
1782283305,tc-34-2-2-6,msc-test-stub-5b875d749d-n76gn,1,16
1782283305,tc-34-2-2-6,osmo-bsc-594654bd47-ngnw2,1,5
1782283305,tc-34-2-2-6,osmo-bts-virtual-5f8b9b86fc-49knq,19,5
1782283305,tc-34-2-2-6,osmo-hlr-546bdb8988-zlpbh,1,2
1782283305,tc-34-2-2-6,osmo-mgw-8c8fc67d6-rngtg,1,2
1782283305,tc-34-2-2-6,osmo-mobile-56b5cd4676-8st5t,3,36
1782283305,tc-34-2-2-6,osmo-stp-768687f494-tqplx,1,2
1782283305,tc-34-2-2-6,ttcn3-tc-34-2-2-1-zxdl7,1,6
1782283305,tc-34-2-2-6,virtphy-84fb969f5c-nv7hc,6,1
1782283308,kube-system,coredns-c4dbffb5f-p9rsr,3,29
1782283308,kube-system,local-path-provisioner-5c4dc5d66d-nfqxz,1,15
1782283308,kube-system,metrics-server-786d997795-hcp2m,11,45
1782283308,kube-system,svclb-traefik-1100f998-kpm9h,0,0
1782283308,kube-system,traefik-9bcdbbd9-qtpjt,1,38
1782283308,tc-26-6-1-1-7,msc-test-stub-5b875d749d-qhcnt,1,16
1782283308,tc-26-6-1-1-7,osmo-bsc-594654bd47-mk546,1,5
1782283308,tc-26-6-1-1-7,osmo-bts-virtual-5f8b9b86fc-fwlzl,21,5
1782283308,tc-26-6-1-1-7,osmo-hlr-546bdb8988-vjqwp,1,2
1782283308,tc-26-6-1-1-7,osmo-mgw-8c8fc67d6-klmpk,1,2
1782283308,tc-26-6-1-1-7,osmo-mobile-58b76ddf85-gbd9r,3,36
1782283308,tc-26-6-1-1-7,osmo-stp-768687f494-6bzn7,1,2
1782283308,tc-26-6-1-1-7,ttcn3-tc-26-6-1-1-1-wsmkg,1,6
1782283308,tc-26-6-1-1-7,virtphy-576cdd77b8-29gc2,7,1
1782283308,tc-26-6-2-3-1-1,msc-test-stub-5b875d749d-kkdgt,1,16
1782283308,tc-26-6-2-3-1-1,osmo-mgw-8c8fc67d6-7sbxs,1,2
1782283308,tc-26-6-2-3-1-1,osmo-mobile-54df7bb868-c8rzc,4,36
1782283308,tc-26-7-3-2-2,msc-test-stub-5b875d749d-vcrjm,1,16
1782283308,tc-26-7-3-2-2,osmo-bsc-594654bd47-7nw9l,1,5
1782283308,tc-26-7-3-2-2,osmo-bts-virtual-5f8b9b86fc-4fnh4,21,5
1782283308,tc-26-7-3-2-2,osmo-hlr-546bdb8988-dh7l7,1,2
1782283308,tc-26-7-3-2-2,osmo-mgw-8c8fc67d6-n8lxb,1,2
1782283308,tc-26-7-3-2-2,osmo-mobile-698697576-dlg79,3,33
1782283308,tc-26-7-3-2-2,osmo-stp-768687f494-ftknv,1,2
1782283308,tc-26-7-3-2-2,ttcn3-tc-26-7-3-2-1-b484k,1,6
1782283308,tc-26-7-3-2-2,virtphy-785d5cf49-h4csq,6,1
1782283308,tc-26-7-5-3-12,msc-test-stub-5b875d749d-9xvl9,1,16
1782283308,tc-26-7-5-3-12,osmo-bsc-594654bd47-b8kpq,1,5
1782283308,tc-26-7-5-3-12,osmo-bts-virtual-5f8b9b86fc-wl7k2,23,5
1782283308,tc-26-7-5-3-12,osmo-hlr-546bdb8988-d6l2s,1,2
1782283308,tc-26-7-5-3-12,osmo-mgw-8c8fc67d6-xp48l,1,2
1782283308,tc-26-7-5-3-12,osmo-mobile-79c8f8bc4b-mc6jq,2,36
1782283308,tc-26-7-5-3-12,osmo-stp-768687f494-2nqzv,1,2
1782283308,tc-26-7-5-3-12,ttcn3-tc-26-7-5-3-1-p97pl,1,6
1782283308,tc-26-7-5-3-12,virtphy-56cc7fd87-gnrrq,7,1
1782283308,tc-34-2-2-6,msc-test-stub-5b875d749d-n76gn,1,16
1782283308,tc-34-2-2-6,osmo-bsc-594654bd47-ngnw2,1,5
1782283308,tc-34-2-2-6,osmo-bts-virtual-5f8b9b86fc-49knq,19,5
1782283308,tc-34-2-2-6,osmo-hlr-546bdb8988-zlpbh,1,2
1782283308,tc-34-2-2-6,osmo-mgw-8c8fc67d6-rngtg,1,2
1782283308,tc-34-2-2-6,osmo-mobile-56b5cd4676-8st5t,3,36
1782283308,tc-34-2-2-6,osmo-stp-768687f494-tqplx,1,2
1782283308,tc-34-2-2-6,ttcn3-tc-34-2-2-1-zxdl7,1,6
1782283308,tc-34-2-2-6,virtphy-84fb969f5c-nv7hc,6,1
1782283310,kube-system,coredns-c4dbffb5f-p9rsr,3,29
1782283310,kube-system,local-path-provisioner-5c4dc5d66d-nfqxz,1,15
1782283310,kube-system,metrics-server-786d997795-hcp2m,11,45
1782283310,kube-system,svclb-traefik-1100f998-kpm9h,0,0
1782283310,kube-system,traefik-9bcdbbd9-qtpjt,1,38
1782283310,tc-26-6-1-1-7,msc-test-stub-5b875d749d-qhcnt,1,16
1782283310,tc-26-6-1-1-7,osmo-bsc-594654bd47-mk546,1,5
1782283310,tc-26-6-1-1-7,osmo-bts-virtual-5f8b9b86fc-fwlzl,21,5
1782283310,tc-26-6-1-1-7,osmo-hlr-546bdb8988-vjqwp,1,2
1782283310,tc-26-6-1-1-7,osmo-mgw-8c8fc67d6-klmpk,1,2
1782283310,tc-26-6-1-1-7,osmo-mobile-58b76ddf85-gbd9r,3,36
1782283310,tc-26-6-1-1-7,osmo-stp-768687f494-6bzn7,1,2
1782283310,tc-26-6-1-1-7,ttcn3-tc-26-6-1-1-1-wsmkg,1,6
1782283310,tc-26-6-1-1-7,virtphy-576cdd77b8-29gc2,7,1
1782283310,tc-26-6-2-3-1-1,msc-test-stub-5b875d749d-kkdgt,1,16
1782283310,tc-26-6-2-3-1-1,osmo-mgw-8c8fc67d6-7sbxs,1,2
1782283310,tc-26-6-2-3-1-1,osmo-mobile-54df7bb868-c8rzc,4,36
1782283310,tc-26-7-3-2-2,msc-test-stub-5b875d749d-vcrjm,1,16
1782283310,tc-26-7-3-2-2,osmo-bsc-594654bd47-7nw9l,1,5
1782283310,tc-26-7-3-2-2,osmo-bts-virtual-5f8b9b86fc-4fnh4,21,5
1782283310,tc-26-7-3-2-2,osmo-hlr-546bdb8988-dh7l7,1,2
1782283310,tc-26-7-3-2-2,osmo-mgw-8c8fc67d6-n8lxb,1,2
1782283310,tc-26-7-3-2-2,osmo-mobile-698697576-dlg79,3,33
1782283310,tc-26-7-3-2-2,osmo-stp-768687f494-ftknv,1,2
1782283310,tc-26-7-3-2-2,ttcn3-tc-26-7-3-2-1-b484k,1,6
1782283310,tc-26-7-3-2-2,virtphy-785d5cf49-h4csq,6,1
1782283310,tc-26-7-5-3-12,msc-test-stub-5b875d749d-9xvl9,1,16
1782283310,tc-26-7-5-3-12,osmo-bsc-594654bd47-b8kpq,1,5
1782283310,tc-26-7-5-3-12,osmo-bts-virtual-5f8b9b86fc-wl7k2,23,5
1782283310,tc-26-7-5-3-12,osmo-hlr-546bdb8988-d6l2s,1,2
1782283310,tc-26-7-5-3-12,osmo-mgw-8c8fc67d6-xp48l,1,2
1782283310,tc-26-7-5-3-12,osmo-mobile-79c8f8bc4b-mc6jq,2,36
1782283310,tc-26-7-5-3-12,osmo-stp-768687f494-2nqzv,1,2
1782283310,tc-26-7-5-3-12,ttcn3-tc-26-7-5-3-1-p97pl,1,6
1782283310,tc-26-7-5-3-12,virtphy-56cc7fd87-gnrrq,7,1
1782283310,tc-34-2-2-6,msc-test-stub-5b875d749d-n76gn,1,16
1782283310,tc-34-2-2-6,osmo-bsc-594654bd47-ngnw2,1,5
1782283310,tc-34-2-2-6,osmo-bts-virtual-5f8b9b86fc-49knq,19,5
1782283310,tc-34-2-2-6,osmo-hlr-546bdb8988-zlpbh,1,2
1782283310,tc-34-2-2-6,osmo-mgw-8c8fc67d6-rngtg,1,2
1782283310,tc-34-2-2-6,osmo-mobile-56b5cd4676-8st5t,3,36
1782283310,tc-34-2-2-6,osmo-stp-768687f494-tqplx,1,2
1782283310,tc-34-2-2-6,ttcn3-tc-34-2-2-1-zxdl7,1,6
1782283310,tc-34-2-2-6,virtphy-84fb969f5c-nv7hc,6,1
1782283312,kube-system,coredns-c4dbffb5f-p9rsr,3,29
1782283312,kube-system,local-path-provisioner-5c4dc5d66d-nfqxz,1,15
1782283312,kube-system,metrics-server-786d997795-hcp2m,11,45
1782283312,kube-system,svclb-traefik-1100f998-kpm9h,0,0
1782283312,kube-system,traefik-9bcdbbd9-qtpjt,1,38
1782283312,tc-26-6-1-1-7,msc-test-stub-5b875d749d-qhcnt,1,16
1782283312,tc-26-6-1-1-7,osmo-bsc-594654bd47-mk546,1,5
1782283312,tc-26-6-1-1-7,osmo-bts-virtual-5f8b9b86fc-fwlzl,21,5
1782283312,tc-26-6-1-1-7,osmo-hlr-546bdb8988-vjqwp,1,2
1782283312,tc-26-6-1-1-7,osmo-mgw-8c8fc67d6-klmpk,1,2
1782283312,tc-26-6-1-1-7,osmo-mobile-58b76ddf85-gbd9r,3,36
1782283312,tc-26-6-1-1-7,osmo-stp-768687f494-6bzn7,1,2
1782283312,tc-26-6-1-1-7,ttcn3-tc-26-6-1-1-1-wsmkg,1,6
1782283312,tc-26-6-1-1-7,virtphy-576cdd77b8-29gc2,7,1
1782283312,tc-26-6-2-3-1-1,msc-test-stub-5b875d749d-kkdgt,1,16
1782283312,tc-26-6-2-3-1-1,osmo-mgw-8c8fc67d6-7sbxs,1,2
1782283312,tc-26-6-2-3-1-1,osmo-mobile-54df7bb868-c8rzc,4,36
1782283312,tc-26-7-3-2-2,msc-test-stub-5b875d749d-vcrjm,1,16
1782283312,tc-26-7-3-2-2,osmo-bsc-594654bd47-7nw9l,1,5
1782283312,tc-26-7-3-2-2,osmo-bts-virtual-5f8b9b86fc-4fnh4,21,5
1782283312,tc-26-7-3-2-2,osmo-hlr-546bdb8988-dh7l7,1,2
1782283312,tc-26-7-3-2-2,osmo-mgw-8c8fc67d6-n8lxb,1,2
1782283312,tc-26-7-3-2-2,osmo-mobile-698697576-dlg79,3,33
1782283312,tc-26-7-3-2-2,osmo-stp-768687f494-ftknv,1,2
1782283312,tc-26-7-3-2-2,ttcn3-tc-26-7-3-2-1-b484k,1,6
1782283312,tc-26-7-3-2-2,virtphy-785d5cf49-h4csq,6,1
1782283312,tc-26-7-5-3-12,msc-test-stub-5b875d749d-9xvl9,1,16
1782283312,tc-26-7-5-3-12,osmo-bsc-594654bd47-b8kpq,1,5
1782283312,tc-26-7-5-3-12,osmo-bts-virtual-5f8b9b86fc-wl7k2,23,5
1782283312,tc-26-7-5-3-12,osmo-hlr-546bdb8988-d6l2s,1,2
1782283312,tc-26-7-5-3-12,osmo-mgw-8c8fc67d6-xp48l,1,2
1782283312,tc-26-7-5-3-12,osmo-mobile-79c8f8bc4b-mc6jq,2,36
1782283312,tc-26-7-5-3-12,osmo-stp-768687f494-2nqzv,1,2
1782283312,tc-26-7-5-3-12,ttcn3-tc-26-7-5-3-1-p97pl,1,6
1782283312,tc-26-7-5-3-12,virtphy-56cc7fd87-gnrrq,7,1
1782283312,tc-34-2-2-6,msc-test-stub-5b875d749d-n76gn,1,16
1782283312,tc-34-2-2-6,osmo-bsc-594654bd47-ngnw2,1,5
1782283312,tc-34-2-2-6,osmo-bts-virtual-5f8b9b86fc-49knq,19,5
1782283312,tc-34-2-2-6,osmo-hlr-546bdb8988-zlpbh,1,2
1782283312,tc-34-2-2-6,osmo-mgw-8c8fc67d6-rngtg,1,2
1782283312,tc-34-2-2-6,osmo-mobile-56b5cd4676-8st5t,3,36
1782283312,tc-34-2-2-6,osmo-stp-768687f494-tqplx,1,2
1782283312,tc-34-2-2-6,ttcn3-tc-34-2-2-1-zxdl7,1,6
1782283312,tc-34-2-2-6,virtphy-84fb969f5c-nv7hc,6,1
1782283314,kube-system,coredns-c4dbffb5f-p9rsr,3,29
1782283314,kube-system,local-path-provisioner-5c4dc5d66d-nfqxz,1,15
1782283314,kube-system,metrics-server-786d997795-hcp2m,11,45
1782283314,kube-system,svclb-traefik-1100f998-kpm9h,0,0
1782283314,kube-system,traefik-9bcdbbd9-qtpjt,1,38
1782283314,tc-26-6-1-1-7,msc-test-stub-5b875d749d-qhcnt,1,16
1782283314,tc-26-6-1-1-7,osmo-bsc-594654bd47-mk546,1,5
1782283314,tc-26-6-1-1-7,osmo-bts-virtual-5f8b9b86fc-fwlzl,21,5
1782283314,tc-26-6-1-1-7,osmo-hlr-546bdb8988-vjqwp,1,2
1782283314,tc-26-6-1-1-7,osmo-mgw-8c8fc67d6-klmpk,1,2
1782283314,tc-26-6-1-1-7,osmo-mobile-58b76ddf85-gbd9r,3,36
1782283314,tc-26-6-1-1-7,osmo-stp-768687f494-6bzn7,1,2
1782283314,tc-26-6-1-1-7,ttcn3-tc-26-6-1-1-1-wsmkg,1,6
1782283314,tc-26-6-1-1-7,virtphy-576cdd77b8-29gc2,7,1
1782283314,tc-26-6-2-3-1-1,msc-test-stub-5b875d749d-kkdgt,1,16
1782283314,tc-26-6-2-3-1-1,osmo-mgw-8c8fc67d6-7sbxs,1,2
1782283314,tc-26-6-2-3-1-1,osmo-mobile-54df7bb868-c8rzc,4,36
1782283314,tc-26-7-3-2-2,msc-test-stub-5b875d749d-vcrjm,1,16
1782283314,tc-26-7-3-2-2,osmo-bsc-594654bd47-7nw9l,1,5
1782283314,tc-26-7-3-2-2,osmo-bts-virtual-5f8b9b86fc-4fnh4,21,5
1782283314,tc-26-7-3-2-2,osmo-hlr-546bdb8988-dh7l7,1,2
1782283314,tc-26-7-3-2-2,osmo-mgw-8c8fc67d6-n8lxb,1,2
1782283314,tc-26-7-3-2-2,osmo-mobile-698697576-dlg79,3,33
1782283314,tc-26-7-3-2-2,osmo-stp-768687f494-ftknv,1,2
1782283314,tc-26-7-3-2-2,ttcn3-tc-26-7-3-2-1-b484k,1,6
1782283314,tc-26-7-3-2-2,virtphy-785d5cf49-h4csq,6,1
1782283314,tc-26-7-5-3-12,msc-test-stub-5b875d749d-9xvl9,1,16
1782283314,tc-26-7-5-3-12,osmo-bsc-594654bd47-b8kpq,1,5
1782283314,tc-26-7-5-3-12,osmo-bts-virtual-5f8b9b86fc-wl7k2,23,5
1782283314,tc-26-7-5-3-12,osmo-hlr-546bdb8988-d6l2s,1,2
1782283314,tc-26-7-5-3-12,osmo-mgw-8c8fc67d6-xp48l,1,2
1782283314,tc-26-7-5-3-12,osmo-mobile-79c8f8bc4b-mc6jq,2,36
1782283314,tc-26-7-5-3-12,osmo-stp-768687f494-2nqzv,1,2
1782283314,tc-26-7-5-3-12,ttcn3-tc-26-7-5-3-1-p97pl,1,6
1782283314,tc-26-7-5-3-12,virtphy-56cc7fd87-gnrrq,7,1
1782283314,tc-34-2-2-6,msc-test-stub-5b875d749d-n76gn,1,16
1782283314,tc-34-2-2-6,osmo-bsc-594654bd47-ngnw2,1,5
1782283314,tc-34-2-2-6,osmo-bts-virtual-5f8b9b86fc-49knq,19,5
1782283314,tc-34-2-2-6,osmo-hlr-546bdb8988-zlpbh,1,2
1782283314,tc-34-2-2-6,osmo-mgw-8c8fc67d6-rngtg,1,2
1782283314,tc-34-2-2-6,osmo-mobile-56b5cd4676-8st5t,3,36
1782283314,tc-34-2-2-6,osmo-stp-768687f494-tqplx,1,2
1782283314,tc-34-2-2-6,ttcn3-tc-34-2-2-1-zxdl7,1,6
1782283314,tc-34-2-2-6,virtphy-84fb969f5c-nv7hc,6,1
1782283316,kube-system,coredns-c4dbffb5f-p9rsr,3,29
1782283316,kube-system,local-path-provisioner-5c4dc5d66d-nfqxz,1,15
1782283316,kube-system,metrics-server-786d997795-hcp2m,11,45
1782283316,kube-system,svclb-traefik-1100f998-kpm9h,0,0
1782283316,kube-system,traefik-9bcdbbd9-qtpjt,1,38
1782283316,tc-26-6-1-1-7,msc-test-stub-5b875d749d-qhcnt,1,16
1782283316,tc-26-6-1-1-7,osmo-bsc-594654bd47-mk546,1,5
1782283316,tc-26-6-1-1-7,osmo-bts-virtual-5f8b9b86fc-fwlzl,21,5
1782283316,tc-26-6-1-1-7,osmo-hlr-546bdb8988-vjqwp,1,2
1782283316,tc-26-6-1-1-7,osmo-mgw-8c8fc67d6-klmpk,1,2
1782283316,tc-26-6-1-1-7,osmo-mobile-58b76ddf85-gbd9r,3,36
1782283316,tc-26-6-1-1-7,osmo-stp-768687f494-6bzn7,1,2
1782283316,tc-26-6-1-1-7,ttcn3-tc-26-6-1-1-1-wsmkg,1,6
1782283316,tc-26-6-1-1-7,virtphy-576cdd77b8-29gc2,7,1
1782283316,tc-26-6-2-3-1-1,msc-test-stub-5b875d749d-kkdgt,1,16
1782283316,tc-26-6-2-3-1-1,osmo-mgw-8c8fc67d6-7sbxs,1,2
1782283316,tc-26-6-2-3-1-1,osmo-mobile-54df7bb868-c8rzc,4,36
1782283316,tc-26-7-3-2-2,msc-test-stub-5b875d749d-vcrjm,1,16
1782283316,tc-26-7-3-2-2,osmo-bsc-594654bd47-7nw9l,1,5
1782283316,tc-26-7-3-2-2,osmo-bts-virtual-5f8b9b86fc-4fnh4,21,5
1782283316,tc-26-7-3-2-2,osmo-hlr-546bdb8988-dh7l7,1,2
1782283316,tc-26-7-3-2-2,osmo-mgw-8c8fc67d6-n8lxb,1,2
1782283316,tc-26-7-3-2-2,osmo-mobile-698697576-dlg79,3,33
1782283316,tc-26-7-3-2-2,osmo-stp-768687f494-ftknv,1,2
1782283316,tc-26-7-3-2-2,ttcn3-tc-26-7-3-2-1-b484k,1,6
1782283316,tc-26-7-3-2-2,virtphy-785d5cf49-h4csq,6,1
1782283316,tc-26-7-5-3-12,msc-test-stub-5b875d749d-9xvl9,1,16
1782283316,tc-26-7-5-3-12,osmo-bsc-594654bd47-b8kpq,1,5
1782283316,tc-26-7-5-3-12,osmo-bts-virtual-5f8b9b86fc-wl7k2,23,5
1782283316,tc-26-7-5-3-12,osmo-hlr-546bdb8988-d6l2s,1,2
1782283316,tc-26-7-5-3-12,osmo-mgw-8c8fc67d6-xp48l,1,2
1782283316,tc-26-7-5-3-12,osmo-mobile-79c8f8bc4b-mc6jq,2,36
1782283316,tc-26-7-5-3-12,osmo-stp-768687f494-2nqzv,1,2
1782283316,tc-26-7-5-3-12,ttcn3-tc-26-7-5-3-1-p97pl,1,6
1782283316,tc-26-7-5-3-12,virtphy-56cc7fd87-gnrrq,7,1
1782283316,tc-34-2-2-6,msc-test-stub-5b875d749d-n76gn,1,16
1782283316,tc-34-2-2-6,osmo-bsc-594654bd47-ngnw2,1,5
1782283316,tc-34-2-2-6,osmo-bts-virtual-5f8b9b86fc-49knq,19,5
1782283316,tc-34-2-2-6,osmo-hlr-546bdb8988-zlpbh,1,2
1782283316,tc-34-2-2-6,osmo-mgw-8c8fc67d6-rngtg,1,2
1782283316,tc-34-2-2-6,osmo-mobile-56b5cd4676-8st5t,3,36
1782283316,tc-34-2-2-6,osmo-stp-768687f494-tqplx,1,2
1782283316,tc-34-2-2-6,ttcn3-tc-34-2-2-1-zxdl7,1,6
1782283316,tc-34-2-2-6,virtphy-84fb969f5c-nv7hc,6,1
1782283319,kube-system,coredns-c4dbffb5f-p9rsr,3,29
1782283319,kube-system,local-path-provisioner-5c4dc5d66d-nfqxz,1,15
1782283319,kube-system,metrics-server-786d997795-hcp2m,9,45
1782283319,kube-system,svclb-traefik-1100f998-kpm9h,0,0
1782283319,kube-system,traefik-9bcdbbd9-qtpjt,1,38
1782283319,tc-26-6-1-1-7,msc-test-stub-5b875d749d-qhcnt,1,16
1782283319,tc-26-6-1-1-7,osmo-bsc-594654bd47-mk546,1,5
1782283319,tc-26-6-1-1-7,osmo-bts-virtual-5f8b9b86fc-fwlzl,21,5
1782283319,tc-26-6-1-1-7,osmo-hlr-546bdb8988-vjqwp,1,2
1782283319,tc-26-6-1-1-7,osmo-mgw-8c8fc67d6-klmpk,1,2
1782283319,tc-26-6-1-1-7,osmo-mobile-58b76ddf85-gbd9r,3,36
1782283319,tc-26-6-1-1-7,osmo-stp-768687f494-6bzn7,1,2
1782283319,tc-26-6-1-1-7,ttcn3-tc-26-6-1-1-1-wsmkg,1,6
1782283319,tc-26-6-1-1-7,virtphy-576cdd77b8-29gc2,6,1
1782283319,tc-26-6-2-3-1-1,msc-test-stub-5b875d749d-kkdgt,1,16
1782283319,tc-26-6-2-3-1-1,osmo-mgw-8c8fc67d6-7sbxs,1,2
1782283319,tc-26-6-2-3-1-1,osmo-mobile-54df7bb868-c8rzc,5,34
1782283319,tc-26-7-3-2-2,msc-test-stub-5b875d749d-vcrjm,1,16
1782283319,tc-26-7-3-2-2,osmo-bsc-594654bd47-7nw9l,1,5
1782283319,tc-26-7-3-2-2,osmo-bts-virtual-5f8b9b86fc-4fnh4,20,5
1782283319,tc-26-7-3-2-2,osmo-hlr-546bdb8988-dh7l7,1,2
1782283319,tc-26-7-3-2-2,osmo-mgw-8c8fc67d6-n8lxb,1,2
1782283319,tc-26-7-3-2-2,osmo-mobile-698697576-dlg79,2,33
1782283319,tc-26-7-3-2-2,osmo-stp-768687f494-ftknv,1,2
1782283319,tc-26-7-3-2-2,ttcn3-tc-26-7-3-2-1-b484k,1,6
1782283319,tc-26-7-3-2-2,virtphy-785d5cf49-h4csq,6,1
1782283319,tc-26-7-5-3-12,msc-test-stub-5b875d749d-9xvl9,1,16
1782283319,tc-26-7-5-3-12,osmo-bsc-594654bd47-b8kpq,1,5
1782283319,tc-26-7-5-3-12,osmo-bts-virtual-5f8b9b86fc-wl7k2,22,5
1782283319,tc-26-7-5-3-12,osmo-hlr-546bdb8988-d6l2s,1,2
1782283319,tc-26-7-5-3-12,osmo-mgw-8c8fc67d6-xp48l,1,2
1782283319,tc-26-7-5-3-12,osmo-mobile-79c8f8bc4b-mc6jq,2,36
1782283319,tc-26-7-5-3-12,osmo-stp-768687f494-2nqzv,1,2
1782283319,tc-26-7-5-3-12,ttcn3-tc-26-7-5-3-1-p97pl,1,6
1782283319,tc-26-7-5-3-12,virtphy-56cc7fd87-gnrrq,7,1
1782283319,tc-34-2-2-6,msc-test-stub-5b875d749d-n76gn,1,16
1782283319,tc-34-2-2-6,osmo-bsc-594654bd47-ngnw2,1,5
1782283319,tc-34-2-2-6,osmo-bts-virtual-5f8b9b86fc-49knq,19,5
1782283319,tc-34-2-2-6,osmo-hlr-546bdb8988-zlpbh,1,2
1782283319,tc-34-2-2-6,osmo-mgw-8c8fc67d6-rngtg,1,2
1782283319,tc-34-2-2-6,osmo-mobile-56b5cd4676-8st5t,3,36
1782283319,tc-34-2-2-6,osmo-stp-768687f494-tqplx,1,2
1782283319,tc-34-2-2-6,ttcn3-tc-34-2-2-1-zxdl7,1,6
1782283319,tc-34-2-2-6,virtphy-84fb969f5c-nv7hc,7,1
1782283321,kube-system,coredns-c4dbffb5f-p9rsr,3,29
1782283321,kube-system,local-path-provisioner-5c4dc5d66d-nfqxz,1,15
1782283321,kube-system,metrics-server-786d997795-hcp2m,9,45
1782283321,kube-system,svclb-traefik-1100f998-kpm9h,0,0
1782283321,kube-system,traefik-9bcdbbd9-qtpjt,1,38
1782283321,tc-26-6-1-1-7,msc-test-stub-5b875d749d-qhcnt,1,16
1782283321,tc-26-6-1-1-7,osmo-bsc-594654bd47-mk546,1,5
1782283321,tc-26-6-1-1-7,osmo-bts-virtual-5f8b9b86fc-fwlzl,21,5
1782283321,tc-26-6-1-1-7,osmo-hlr-546bdb8988-vjqwp,1,2
1782283321,tc-26-6-1-1-7,osmo-mgw-8c8fc67d6-klmpk,1,2
1782283321,tc-26-6-1-1-7,osmo-mobile-58b76ddf85-gbd9r,3,36
1782283321,tc-26-6-1-1-7,osmo-stp-768687f494-6bzn7,1,2
1782283321,tc-26-6-1-1-7,ttcn3-tc-26-6-1-1-1-wsmkg,1,6
1782283321,tc-26-6-1-1-7,virtphy-576cdd77b8-29gc2,6,1
1782283321,tc-26-6-2-3-1-1,msc-test-stub-5b875d749d-kkdgt,1,16
1782283321,tc-26-6-2-3-1-1,osmo-mgw-8c8fc67d6-7sbxs,1,2
1782283321,tc-26-6-2-3-1-1,osmo-mobile-54df7bb868-c8rzc,5,34
1782283321,tc-26-7-3-2-2,msc-test-stub-5b875d749d-vcrjm,1,16
1782283321,tc-26-7-3-2-2,osmo-bsc-594654bd47-7nw9l,1,5
1782283321,tc-26-7-3-2-2,osmo-bts-virtual-5f8b9b86fc-4fnh4,20,5
1782283321,tc-26-7-3-2-2,osmo-hlr-546bdb8988-dh7l7,1,2
1782283321,tc-26-7-3-2-2,osmo-mgw-8c8fc67d6-n8lxb,1,2
1782283321,tc-26-7-3-2-2,osmo-mobile-698697576-dlg79,2,33
1782283321,tc-26-7-3-2-2,osmo-stp-768687f494-ftknv,1,2
1782283321,tc-26-7-3-2-2,ttcn3-tc-26-7-3-2-1-b484k,1,6
1782283321,tc-26-7-3-2-2,virtphy-785d5cf49-h4csq,6,1
1782283321,tc-26-7-5-3-12,msc-test-stub-5b875d749d-9xvl9,1,16
1782283321,tc-26-7-5-3-12,osmo-bsc-594654bd47-b8kpq,1,5
1782283321,tc-26-7-5-3-12,osmo-bts-virtual-5f8b9b86fc-wl7k2,22,5
1782283321,tc-26-7-5-3-12,osmo-hlr-546bdb8988-d6l2s,1,2
1782283321,tc-26-7-5-3-12,osmo-mgw-8c8fc67d6-xp48l,1,2
1782283321,tc-26-7-5-3-12,osmo-mobile-79c8f8bc4b-mc6jq,2,36
1782283321,tc-26-7-5-3-12,osmo-stp-768687f494-2nqzv,1,2
1782283321,tc-26-7-5-3-12,virtphy-56cc7fd87-gnrrq,7,1
1782283321,tc-34-2-2-6,msc-test-stub-5b875d749d-n76gn,1,16
1782283321,tc-34-2-2-6,osmo-bsc-594654bd47-ngnw2,1,5
1782283321,tc-34-2-2-6,osmo-bts-virtual-5f8b9b86fc-49knq,19,5
1782283321,tc-34-2-2-6,osmo-hlr-546bdb8988-zlpbh,1,2
1782283321,tc-34-2-2-6,osmo-mgw-8c8fc67d6-rngtg,1,2
1782283321,tc-34-2-2-6,osmo-mobile-56b5cd4676-8st5t,3,36
1782283321,tc-34-2-2-6,osmo-stp-768687f494-tqplx,1,2
1782283321,tc-34-2-2-6,ttcn3-tc-34-2-2-1-zxdl7,1,6
1782283321,tc-34-2-2-6,virtphy-84fb969f5c-nv7hc,7,1
1782283323,kube-system,coredns-c4dbffb5f-p9rsr,3,29
1782283323,kube-system,local-path-provisioner-5c4dc5d66d-nfqxz,1,15
1782283323,kube-system,metrics-server-786d997795-hcp2m,9,45
1782283323,kube-system,svclb-traefik-1100f998-kpm9h,0,0
1782283323,kube-system,traefik-9bcdbbd9-qtpjt,1,38
1782283323,tc-26-6-1-1-7,msc-test-stub-5b875d749d-qhcnt,1,16
1782283323,tc-26-6-1-1-7,osmo-bsc-594654bd47-mk546,1,5
1782283323,tc-26-6-1-1-7,osmo-bts-virtual-5f8b9b86fc-fwlzl,21,5
1782283323,tc-26-6-1-1-7,osmo-hlr-546bdb8988-vjqwp,1,2
1782283323,tc-26-6-1-1-7,osmo-mgw-8c8fc67d6-klmpk,1,2
1782283323,tc-26-6-1-1-7,osmo-mobile-58b76ddf85-gbd9r,3,36
1782283323,tc-26-6-1-1-7,osmo-stp-768687f494-6bzn7,1,2
1782283323,tc-26-6-1-1-7,ttcn3-tc-26-6-1-1-1-wsmkg,1,6
1782283323,tc-26-6-1-1-7,virtphy-576cdd77b8-29gc2,6,1
1782283323,tc-26-7-3-2-2,msc-test-stub-5b875d749d-vcrjm,1,16
1782283323,tc-26-7-3-2-2,osmo-bsc-594654bd47-7nw9l,1,5
1782283323,tc-26-7-3-2-2,osmo-bts-virtual-5f8b9b86fc-4fnh4,20,5
1782283323,tc-26-7-3-2-2,osmo-hlr-546bdb8988-dh7l7,1,2
1782283323,tc-26-7-3-2-2,osmo-mgw-8c8fc67d6-n8lxb,1,2
1782283323,tc-26-7-3-2-2,osmo-mobile-698697576-dlg79,2,33
1782283323,tc-26-7-3-2-2,osmo-stp-768687f494-ftknv,1,2
1782283323,tc-26-7-3-2-2,ttcn3-tc-26-7-3-2-1-b484k,1,6
1782283323,tc-26-7-3-2-2,virtphy-785d5cf49-h4csq,6,1
1782283323,tc-26-7-5-3-12,msc-test-stub-5b875d749d-9xvl9,1,16
1782283323,tc-26-7-5-3-12,osmo-bsc-594654bd47-b8kpq,1,5
1782283323,tc-26-7-5-3-12,osmo-bts-virtual-5f8b9b86fc-wl7k2,22,5
1782283323,tc-26-7-5-3-12,osmo-hlr-546bdb8988-d6l2s,1,2
1782283323,tc-26-7-5-3-12,osmo-mgw-8c8fc67d6-xp48l,1,2
1782283323,tc-26-7-5-3-12,osmo-mobile-79c8f8bc4b-mc6jq,2,36
1782283323,tc-26-7-5-3-12,osmo-stp-768687f494-2nqzv,1,2
1782283323,tc-26-7-5-3-12,virtphy-56cc7fd87-gnrrq,7,1
1782283323,tc-34-2-2-6,msc-test-stub-5b875d749d-n76gn,1,16
1782283323,tc-34-2-2-6,osmo-bsc-594654bd47-ngnw2,1,5
1782283323,tc-34-2-2-6,osmo-bts-virtual-5f8b9b86fc-49knq,19,5
1782283323,tc-34-2-2-6,osmo-hlr-546bdb8988-zlpbh,1,2
1782283323,tc-34-2-2-6,osmo-mgw-8c8fc67d6-rngtg,1,2
1782283323,tc-34-2-2-6,osmo-mobile-56b5cd4676-8st5t,3,36
1782283323,tc-34-2-2-6,osmo-stp-768687f494-tqplx,1,2
1782283323,tc-34-2-2-6,ttcn3-tc-34-2-2-1-zxdl7,1,6
1782283323,tc-34-2-2-6,virtphy-84fb969f5c-nv7hc,7,1
1782283326,kube-system,coredns-c4dbffb5f-p9rsr,3,29
1782283326,kube-system,local-path-provisioner-5c4dc5d66d-nfqxz,1,15
1782283326,kube-system,metrics-server-786d997795-hcp2m,9,45
1782283326,kube-system,svclb-traefik-1100f998-kpm9h,0,0
1782283326,kube-system,traefik-9bcdbbd9-qtpjt,1,38
1782283326,tc-26-6-1-1-7,msc-test-stub-5b875d749d-qhcnt,1,16
1782283326,tc-26-6-1-1-7,osmo-bsc-594654bd47-mk546,1,5
1782283326,tc-26-6-1-1-7,osmo-bts-virtual-5f8b9b86fc-fwlzl,21,5
1782283326,tc-26-6-1-1-7,osmo-hlr-546bdb8988-vjqwp,1,2
1782283326,tc-26-6-1-1-7,osmo-mgw-8c8fc67d6-klmpk,1,2
1782283326,tc-26-6-1-1-7,osmo-mobile-58b76ddf85-gbd9r,3,36
1782283326,tc-26-6-1-1-7,osmo-stp-768687f494-6bzn7,1,2
1782283326,tc-26-6-1-1-7,ttcn3-tc-26-6-1-1-1-wsmkg,1,6
1782283326,tc-26-6-1-1-7,virtphy-576cdd77b8-29gc2,6,1
1782283326,tc-26-7-3-2-2,msc-test-stub-5b875d749d-vcrjm,1,16
1782283326,tc-26-7-3-2-2,osmo-bsc-594654bd47-7nw9l,1,5
1782283326,tc-26-7-3-2-2,osmo-bts-virtual-5f8b9b86fc-4fnh4,20,5
1782283326,tc-26-7-3-2-2,osmo-hlr-546bdb8988-dh7l7,1,2
1782283326,tc-26-7-3-2-2,osmo-mgw-8c8fc67d6-n8lxb,1,2
1782283326,tc-26-7-3-2-2,osmo-mobile-698697576-dlg79,2,33
1782283326,tc-26-7-3-2-2,osmo-stp-768687f494-ftknv,1,2
1782283326,tc-26-7-3-2-2,ttcn3-tc-26-7-3-2-1-b484k,1,6
1782283326,tc-26-7-3-2-2,virtphy-785d5cf49-h4csq,6,1
1782283326,tc-26-7-5-3-12,msc-test-stub-5b875d749d-9xvl9,1,16
1782283326,tc-26-7-5-3-12,osmo-bsc-594654bd47-b8kpq,1,5
1782283326,tc-26-7-5-3-12,osmo-bts-virtual-5f8b9b86fc-wl7k2,22,5
1782283326,tc-26-7-5-3-12,osmo-hlr-546bdb8988-d6l2s,1,2
1782283326,tc-26-7-5-3-12,osmo-mgw-8c8fc67d6-xp48l,1,2
1782283326,tc-26-7-5-3-12,osmo-mobile-79c8f8bc4b-mc6jq,2,36
1782283326,tc-26-7-5-3-12,osmo-stp-768687f494-2nqzv,1,2
1782283326,tc-26-7-5-3-12,virtphy-56cc7fd87-gnrrq,7,1
1782283326,tc-34-2-2-6,msc-test-stub-5b875d749d-n76gn,1,16
1782283326,tc-34-2-2-6,osmo-bsc-594654bd47-ngnw2,1,5
1782283326,tc-34-2-2-6,osmo-bts-virtual-5f8b9b86fc-49knq,19,5
1782283326,tc-34-2-2-6,osmo-hlr-546bdb8988-zlpbh,1,2
1782283326,tc-34-2-2-6,osmo-mgw-8c8fc67d6-rngtg,1,2
1782283326,tc-34-2-2-6,osmo-mobile-56b5cd4676-8st5t,3,36
1782283326,tc-34-2-2-6,osmo-stp-768687f494-tqplx,1,2
1782283326,tc-34-2-2-6,ttcn3-tc-34-2-2-1-zxdl7,1,6
1782283326,tc-34-2-2-6,virtphy-84fb969f5c-nv7hc,7,1
1782283328,kube-system,coredns-c4dbffb5f-p9rsr,3,29
1782283328,kube-system,local-path-provisioner-5c4dc5d66d-nfqxz,1,15
1782283328,kube-system,metrics-server-786d997795-hcp2m,9,45
1782283328,kube-system,svclb-traefik-1100f998-kpm9h,0,0
1782283328,kube-system,traefik-9bcdbbd9-qtpjt,1,38
1782283328,tc-26-6-1-1-7,msc-test-stub-5b875d749d-qhcnt,1,16
1782283328,tc-26-6-1-1-7,osmo-bsc-594654bd47-mk546,1,5
1782283328,tc-26-6-1-1-7,osmo-bts-virtual-5f8b9b86fc-fwlzl,21,5
1782283328,tc-26-6-1-1-7,osmo-hlr-546bdb8988-vjqwp,1,2
1782283328,tc-26-6-1-1-7,osmo-mgw-8c8fc67d6-klmpk,1,2
1782283328,tc-26-6-1-1-7,osmo-mobile-58b76ddf85-gbd9r,3,36
1782283328,tc-26-6-1-1-7,osmo-stp-768687f494-6bzn7,1,2
1782283328,tc-26-6-1-1-7,ttcn3-tc-26-6-1-1-1-wsmkg,1,6
1782283328,tc-26-6-1-1-7,virtphy-576cdd77b8-29gc2,6,1
1782283328,tc-26-7-3-2-2,msc-test-stub-5b875d749d-vcrjm,1,16
1782283328,tc-26-7-3-2-2,osmo-bsc-594654bd47-7nw9l,1,5
1782283328,tc-26-7-3-2-2,osmo-bts-virtual-5f8b9b86fc-4fnh4,20,5
1782283328,tc-26-7-3-2-2,osmo-hlr-546bdb8988-dh7l7,1,2
1782283328,tc-26-7-3-2-2,osmo-mgw-8c8fc67d6-n8lxb,1,2
1782283328,tc-26-7-3-2-2,osmo-mobile-698697576-dlg79,2,33
1782283328,tc-26-7-3-2-2,osmo-stp-768687f494-ftknv,1,2
1782283328,tc-26-7-3-2-2,ttcn3-tc-26-7-3-2-1-b484k,1,6
1782283328,tc-26-7-3-2-2,virtphy-785d5cf49-h4csq,6,1
1782283328,tc-26-7-5-3-12,msc-test-stub-5b875d749d-9xvl9,1,16
1782283328,tc-26-7-5-3-12,osmo-bsc-594654bd47-b8kpq,1,5
1782283328,tc-26-7-5-3-12,osmo-bts-virtual-5f8b9b86fc-wl7k2,22,5
1782283328,tc-26-7-5-3-12,osmo-hlr-546bdb8988-d6l2s,1,2
1782283328,tc-26-7-5-3-12,osmo-mgw-8c8fc67d6-xp48l,1,2
1782283328,tc-26-7-5-3-12,osmo-mobile-79c8f8bc4b-mc6jq,2,36
1782283328,tc-26-7-5-3-12,osmo-stp-768687f494-2nqzv,1,2
1782283328,tc-26-7-5-3-12,virtphy-56cc7fd87-gnrrq,7,1
1782283328,tc-34-2-2-6,msc-test-stub-5b875d749d-n76gn,1,16
1782283328,tc-34-2-2-6,osmo-bsc-594654bd47-ngnw2,1,5
1782283328,tc-34-2-2-6,osmo-bts-virtual-5f8b9b86fc-49knq,19,5
1782283328,tc-34-2-2-6,osmo-hlr-546bdb8988-zlpbh,1,2
1782283328,tc-34-2-2-6,osmo-mgw-8c8fc67d6-rngtg,1,2
1782283328,tc-34-2-2-6,osmo-mobile-56b5cd4676-8st5t,3,36
1782283328,tc-34-2-2-6,osmo-stp-768687f494-tqplx,1,2
1782283328,tc-34-2-2-6,ttcn3-tc-34-2-2-1-zxdl7,1,6
1782283328,tc-34-2-2-6,virtphy-84fb969f5c-nv7hc,7,1
1782283330,kube-system,coredns-c4dbffb5f-p9rsr,3,29
1782283330,kube-system,local-path-provisioner-5c4dc5d66d-nfqxz,1,15
1782283330,kube-system,metrics-server-786d997795-hcp2m,9,45
1782283330,kube-system,svclb-traefik-1100f998-kpm9h,0,0
1782283330,kube-system,traefik-9bcdbbd9-qtpjt,1,38
1782283330,tc-26-6-1-1-7,msc-test-stub-5b875d749d-qhcnt,1,16
1782283330,tc-26-6-1-1-7,osmo-bsc-594654bd47-mk546,1,5
1782283330,tc-26-6-1-1-7,osmo-bts-virtual-5f8b9b86fc-fwlzl,21,5
1782283330,tc-26-6-1-1-7,osmo-hlr-546bdb8988-vjqwp,1,2
1782283330,tc-26-6-1-1-7,osmo-mgw-8c8fc67d6-klmpk,1,2
1782283330,tc-26-6-1-1-7,osmo-mobile-58b76ddf85-gbd9r,3,36
1782283330,tc-26-6-1-1-7,osmo-stp-768687f494-6bzn7,1,2
1782283330,tc-26-6-1-1-7,ttcn3-tc-26-6-1-1-1-wsmkg,1,6
1782283330,tc-26-6-1-1-7,virtphy-576cdd77b8-29gc2,6,1
1782283330,tc-26-7-3-2-2,msc-test-stub-5b875d749d-vcrjm,1,16
1782283330,tc-26-7-3-2-2,osmo-bsc-594654bd47-7nw9l,1,5
1782283330,tc-26-7-3-2-2,osmo-bts-virtual-5f8b9b86fc-4fnh4,20,5
1782283330,tc-26-7-3-2-2,osmo-hlr-546bdb8988-dh7l7,1,2
1782283330,tc-26-7-3-2-2,osmo-mgw-8c8fc67d6-n8lxb,1,2
1782283330,tc-26-7-3-2-2,osmo-mobile-698697576-dlg79,2,33
1782283330,tc-26-7-3-2-2,osmo-stp-768687f494-ftknv,1,2
1782283330,tc-26-7-3-2-2,ttcn3-tc-26-7-3-2-1-b484k,1,6
1782283330,tc-26-7-3-2-2,virtphy-785d5cf49-h4csq,6,1
1782283330,tc-26-7-5-3-12,msc-test-stub-5b875d749d-9xvl9,1,16
1782283330,tc-26-7-5-3-12,osmo-bts-virtual-5f8b9b86fc-wl7k2,22,5
1782283330,tc-26-7-5-3-12,osmo-mgw-8c8fc67d6-xp48l,1,2
1782283330,tc-26-7-5-3-12,osmo-mobile-79c8f8bc4b-mc6jq,2,36
1782283330,tc-34-2-2-6,msc-test-stub-5b875d749d-n76gn,1,16
1782283330,tc-34-2-2-6,osmo-bsc-594654bd47-ngnw2,1,5
1782283330,tc-34-2-2-6,osmo-bts-virtual-5f8b9b86fc-49knq,19,5
1782283330,tc-34-2-2-6,osmo-hlr-546bdb8988-zlpbh,1,2
1782283330,tc-34-2-2-6,osmo-mgw-8c8fc67d6-rngtg,1,2
1782283330,tc-34-2-2-6,osmo-mobile-56b5cd4676-8st5t,3,36
1782283330,tc-34-2-2-6,osmo-stp-768687f494-tqplx,1,2
1782283330,tc-34-2-2-6,ttcn3-tc-34-2-2-1-zxdl7,1,6
1782283330,tc-34-2-2-6,virtphy-84fb969f5c-nv7hc,7,1
1782283332,kube-system,coredns-c4dbffb5f-p9rsr,3,29
1782283332,kube-system,local-path-provisioner-5c4dc5d66d-nfqxz,1,15
1782283332,kube-system,metrics-server-786d997795-hcp2m,9,45
1782283332,kube-system,svclb-traefik-1100f998-kpm9h,0,0
1782283332,kube-system,traefik-9bcdbbd9-qtpjt,1,38
1782283332,tc-26-6-1-1-7,msc-test-stub-5b875d749d-qhcnt,1,16
1782283332,tc-26-6-1-1-7,osmo-bsc-594654bd47-mk546,1,5
1782283332,tc-26-6-1-1-7,osmo-bts-virtual-5f8b9b86fc-fwlzl,21,5
1782283332,tc-26-6-1-1-7,osmo-hlr-546bdb8988-vjqwp,1,2
1782283332,tc-26-6-1-1-7,osmo-mgw-8c8fc67d6-klmpk,1,2
1782283332,tc-26-6-1-1-7,osmo-mobile-58b76ddf85-gbd9r,3,36
1782283332,tc-26-6-1-1-7,osmo-stp-768687f494-6bzn7,1,2
1782283332,tc-26-6-1-1-7,ttcn3-tc-26-6-1-1-1-wsmkg,1,6
1782283332,tc-26-6-1-1-7,virtphy-576cdd77b8-29gc2,6,1
1782283332,tc-26-7-3-2-2,msc-test-stub-5b875d749d-vcrjm,1,16
1782283332,tc-26-7-3-2-2,osmo-bsc-594654bd47-7nw9l,1,5
1782283332,tc-26-7-3-2-2,osmo-bts-virtual-5f8b9b86fc-4fnh4,20,5
1782283332,tc-26-7-3-2-2,osmo-hlr-546bdb8988-dh7l7,1,2
1782283332,tc-26-7-3-2-2,osmo-mgw-8c8fc67d6-n8lxb,1,2
1782283332,tc-26-7-3-2-2,osmo-mobile-698697576-dlg79,2,33
1782283332,tc-26-7-3-2-2,osmo-stp-768687f494-ftknv,1,2
1782283332,tc-26-7-3-2-2,ttcn3-tc-26-7-3-2-1-b484k,1,6
1782283332,tc-26-7-3-2-2,virtphy-785d5cf49-h4csq,6,1
1782283332,tc-26-7-5-3-12,msc-test-stub-5b875d749d-9xvl9,1,16
1782283332,tc-26-7-5-3-12,osmo-bts-virtual-5f8b9b86fc-wl7k2,22,5
1782283332,tc-26-7-5-3-12,osmo-mgw-8c8fc67d6-xp48l,1,2
1782283332,tc-26-7-5-3-12,osmo-mobile-79c8f8bc4b-mc6jq,2,36
1782283332,tc-34-2-2-6,msc-test-stub-5b875d749d-n76gn,1,16
1782283332,tc-34-2-2-6,osmo-bsc-594654bd47-ngnw2,1,5
1782283332,tc-34-2-2-6,osmo-bts-virtual-5f8b9b86fc-49knq,19,5
1782283332,tc-34-2-2-6,osmo-hlr-546bdb8988-zlpbh,1,2
1782283332,tc-34-2-2-6,osmo-mgw-8c8fc67d6-rngtg,1,2
1782283332,tc-34-2-2-6,osmo-mobile-56b5cd4676-8st5t,3,36
1782283332,tc-34-2-2-6,osmo-stp-768687f494-tqplx,1,2
1782283332,tc-34-2-2-6,ttcn3-tc-34-2-2-1-zxdl7,1,6
1782283332,tc-34-2-2-6,virtphy-84fb969f5c-nv7hc,7,1
1782283334,kube-system,coredns-c4dbffb5f-p9rsr,3,29
1782283334,kube-system,local-path-provisioner-5c4dc5d66d-nfqxz,1,15
1782283334,kube-system,metrics-server-786d997795-hcp2m,10,45
1782283334,kube-system,svclb-traefik-1100f998-kpm9h,0,0
1782283334,kube-system,traefik-9bcdbbd9-qtpjt,1,38
1782283334,tc-26-6-1-1-7,msc-test-stub-5b875d749d-qhcnt,1,16
1782283334,tc-26-6-1-1-7,osmo-bsc-594654bd47-mk546,1,5
1782283334,tc-26-6-1-1-7,osmo-bts-virtual-5f8b9b86fc-fwlzl,18,5
1782283334,tc-26-6-1-1-7,osmo-hlr-546bdb8988-vjqwp,1,2
1782283334,tc-26-6-1-1-7,osmo-mgw-8c8fc67d6-klmpk,1,2
1782283334,tc-26-6-1-1-7,osmo-mobile-58b76ddf85-gbd9r,2,36
1782283334,tc-26-6-1-1-7,osmo-stp-768687f494-6bzn7,1,2
1782283334,tc-26-6-1-1-7,ttcn3-tc-26-6-1-1-1-wsmkg,1,6
1782283334,tc-26-6-1-1-7,virtphy-576cdd77b8-29gc2,6,1
1782283334,tc-26-7-3-2-2,msc-test-stub-5b875d749d-vcrjm,1,16
1782283334,tc-26-7-3-2-2,osmo-bsc-594654bd47-7nw9l,1,5
1782283334,tc-26-7-3-2-2,osmo-bts-virtual-5f8b9b86fc-4fnh4,18,5
1782283334,tc-26-7-3-2-2,osmo-hlr-546bdb8988-dh7l7,1,2
1782283334,tc-26-7-3-2-2,osmo-mgw-8c8fc67d6-n8lxb,1,2
1782283334,tc-26-7-3-2-2,osmo-mobile-698697576-dlg79,3,33
1782283334,tc-26-7-3-2-2,osmo-stp-768687f494-ftknv,1,2
1782283334,tc-26-7-3-2-2,ttcn3-tc-26-7-3-2-1-b484k,1,6
1782283334,tc-26-7-3-2-2,virtphy-785d5cf49-h4csq,5,1
1782283334,tc-26-7-5-3-12,msc-test-stub-5b875d749d-9xvl9,3,16
1782283334,tc-26-7-5-3-12,osmo-mgw-8c8fc67d6-xp48l,1,2
1782283334,tc-26-7-5-3-12,osmo-mobile-79c8f8bc4b-mc6jq,3,34
1782283334,tc-34-2-2-6,msc-test-stub-5b875d749d-n76gn,1,16
1782283334,tc-34-2-2-6,osmo-bsc-594654bd47-ngnw2,1,5
1782283334,tc-34-2-2-6,osmo-bts-virtual-5f8b9b86fc-49knq,20,5
1782283334,tc-34-2-2-6,osmo-hlr-546bdb8988-zlpbh,1,2
1782283334,tc-34-2-2-6,osmo-mgw-8c8fc67d6-rngtg,1,2
1782283334,tc-34-2-2-6,osmo-mobile-56b5cd4676-8st5t,3,36
1782283334,tc-34-2-2-6,osmo-stp-768687f494-tqplx,1,2
1782283334,tc-34-2-2-6,ttcn3-tc-34-2-2-1-zxdl7,1,6
1782283334,tc-34-2-2-6,virtphy-84fb969f5c-nv7hc,6,1
1782283336,kube-system,coredns-c4dbffb5f-p9rsr,3,29
1782283336,kube-system,local-path-provisioner-5c4dc5d66d-nfqxz,1,15
1782283336,kube-system,metrics-server-786d997795-hcp2m,10,45
1782283336,kube-system,svclb-traefik-1100f998-kpm9h,0,0
1782283336,kube-system,traefik-9bcdbbd9-qtpjt,1,38
1782283336,tc-26-6-1-1-7,msc-test-stub-5b875d749d-qhcnt,1,16
1782283336,tc-26-6-1-1-7,osmo-bsc-594654bd47-mk546,1,5
1782283336,tc-26-6-1-1-7,osmo-bts-virtual-5f8b9b86fc-fwlzl,18,5
1782283336,tc-26-6-1-1-7,osmo-hlr-546bdb8988-vjqwp,1,2
1782283336,tc-26-6-1-1-7,osmo-mgw-8c8fc67d6-klmpk,1,2
1782283336,tc-26-6-1-1-7,osmo-mobile-58b76ddf85-gbd9r,2,36
1782283336,tc-26-6-1-1-7,osmo-stp-768687f494-6bzn7,1,2
1782283336,tc-26-6-1-1-7,ttcn3-tc-26-6-1-1-1-wsmkg,1,6
1782283336,tc-26-6-1-1-7,virtphy-576cdd77b8-29gc2,6,1
1782283336,tc-26-7-3-2-2,msc-test-stub-5b875d749d-vcrjm,1,16
1782283336,tc-26-7-3-2-2,osmo-bsc-594654bd47-7nw9l,1,5
1782283336,tc-26-7-3-2-2,osmo-bts-virtual-5f8b9b86fc-4fnh4,18,5
1782283336,tc-26-7-3-2-2,osmo-hlr-546bdb8988-dh7l7,1,2
1782283336,tc-26-7-3-2-2,osmo-mgw-8c8fc67d6-n8lxb,1,2
1782283336,tc-26-7-3-2-2,osmo-mobile-698697576-dlg79,3,33
1782283336,tc-26-7-3-2-2,osmo-stp-768687f494-ftknv,1,2
1782283336,tc-26-7-3-2-2,ttcn3-tc-26-7-3-2-1-b484k,1,6
1782283336,tc-26-7-3-2-2,virtphy-785d5cf49-h4csq,5,1
1782283336,tc-26-7-5-3-12,msc-test-stub-5b875d749d-9xvl9,3,16
1782283336,tc-26-7-5-3-12,osmo-mgw-8c8fc67d6-xp48l,1,2
1782283336,tc-26-7-5-3-12,osmo-mobile-79c8f8bc4b-mc6jq,3,34
1782283336,tc-34-2-2-6,msc-test-stub-5b875d749d-n76gn,1,16
1782283336,tc-34-2-2-6,osmo-bsc-594654bd47-ngnw2,1,5
1782283336,tc-34-2-2-6,osmo-bts-virtual-5f8b9b86fc-49knq,20,5
1782283336,tc-34-2-2-6,osmo-hlr-546bdb8988-zlpbh,1,2
1782283336,tc-34-2-2-6,osmo-mgw-8c8fc67d6-rngtg,1,2
1782283336,tc-34-2-2-6,osmo-mobile-56b5cd4676-8st5t,3,36
1782283336,tc-34-2-2-6,osmo-stp-768687f494-tqplx,1,2
1782283336,tc-34-2-2-6,ttcn3-tc-34-2-2-1-zxdl7,1,6
1782283336,tc-34-2-2-6,virtphy-84fb969f5c-nv7hc,6,1
1782283338,kube-system,coredns-c4dbffb5f-p9rsr,3,29
1782283338,kube-system,local-path-provisioner-5c4dc5d66d-nfqxz,1,15
1782283338,kube-system,metrics-server-786d997795-hcp2m,10,45
1782283338,kube-system,svclb-traefik-1100f998-kpm9h,0,0
1782283338,kube-system,traefik-9bcdbbd9-qtpjt,1,38
1782283338,tc-26-6-1-1-7,msc-test-stub-5b875d749d-qhcnt,1,16
1782283338,tc-26-6-1-1-7,osmo-bsc-594654bd47-mk546,1,5
1782283338,tc-26-6-1-1-7,osmo-bts-virtual-5f8b9b86fc-fwlzl,18,5
1782283338,tc-26-6-1-1-7,osmo-hlr-546bdb8988-vjqwp,1,2
1782283338,tc-26-6-1-1-7,osmo-mgw-8c8fc67d6-klmpk,1,2
1782283338,tc-26-6-1-1-7,osmo-mobile-58b76ddf85-gbd9r,2,36
1782283338,tc-26-6-1-1-7,osmo-stp-768687f494-6bzn7,1,2
1782283338,tc-26-6-1-1-7,ttcn3-tc-26-6-1-1-1-wsmkg,1,6
1782283338,tc-26-6-1-1-7,virtphy-576cdd77b8-29gc2,6,1
1782283338,tc-26-7-3-2-2,msc-test-stub-5b875d749d-vcrjm,1,16
1782283338,tc-26-7-3-2-2,osmo-bsc-594654bd47-7nw9l,1,5
1782283338,tc-26-7-3-2-2,osmo-bts-virtual-5f8b9b86fc-4fnh4,18,5
1782283338,tc-26-7-3-2-2,osmo-hlr-546bdb8988-dh7l7,1,2
1782283338,tc-26-7-3-2-2,osmo-mgw-8c8fc67d6-n8lxb,1,2
1782283338,tc-26-7-3-2-2,osmo-mobile-698697576-dlg79,3,33
1782283338,tc-26-7-3-2-2,osmo-stp-768687f494-ftknv,1,2
1782283338,tc-26-7-3-2-2,ttcn3-tc-26-7-3-2-1-b484k,1,6
1782283338,tc-26-7-3-2-2,virtphy-785d5cf49-h4csq,5,1
1782283338,tc-26-7-5-3-12,msc-test-stub-5b875d749d-9xvl9,3,16
1782283338,tc-26-7-5-3-12,osmo-mgw-8c8fc67d6-xp48l,1,2
1782283338,tc-26-7-5-3-12,osmo-mobile-79c8f8bc4b-mc6jq,3,34
1782283338,tc-34-2-2-6,msc-test-stub-5b875d749d-n76gn,1,16
1782283338,tc-34-2-2-6,osmo-bsc-594654bd47-ngnw2,1,5
1782283338,tc-34-2-2-6,osmo-bts-virtual-5f8b9b86fc-49knq,20,5
1782283338,tc-34-2-2-6,osmo-hlr-546bdb8988-zlpbh,1,2
1782283338,tc-34-2-2-6,osmo-mgw-8c8fc67d6-rngtg,1,2
1782283338,tc-34-2-2-6,osmo-mobile-56b5cd4676-8st5t,3,36
1782283338,tc-34-2-2-6,osmo-stp-768687f494-tqplx,1,2
1782283338,tc-34-2-2-6,ttcn3-tc-34-2-2-1-zxdl7,1,6
1782283338,tc-34-2-2-6,virtphy-84fb969f5c-nv7hc,6,1
1782283340,kube-system,coredns-c4dbffb5f-p9rsr,3,29
1782283340,kube-system,local-path-provisioner-5c4dc5d66d-nfqxz,1,15
1782283340,kube-system,metrics-server-786d997795-hcp2m,10,45
1782283340,kube-system,svclb-traefik-1100f998-kpm9h,0,0
1782283340,kube-system,traefik-9bcdbbd9-qtpjt,1,38
1782283340,tc-26-6-1-1-7,msc-test-stub-5b875d749d-qhcnt,1,16
1782283340,tc-26-6-1-1-7,osmo-bsc-594654bd47-mk546,1,5
1782283340,tc-26-6-1-1-7,osmo-bts-virtual-5f8b9b86fc-fwlzl,18,5
1782283340,tc-26-6-1-1-7,osmo-hlr-546bdb8988-vjqwp,1,2
1782283340,tc-26-6-1-1-7,osmo-mgw-8c8fc67d6-klmpk,1,2
1782283340,tc-26-6-1-1-7,osmo-mobile-58b76ddf85-gbd9r,2,36
1782283340,tc-26-6-1-1-7,osmo-stp-768687f494-6bzn7,1,2
1782283340,tc-26-6-1-1-7,ttcn3-tc-26-6-1-1-1-wsmkg,1,6
1782283340,tc-26-6-1-1-7,virtphy-576cdd77b8-29gc2,6,1
1782283340,tc-26-7-3-2-2,msc-test-stub-5b875d749d-vcrjm,1,16
1782283340,tc-26-7-3-2-2,osmo-bsc-594654bd47-7nw9l,1,5
1782283340,tc-26-7-3-2-2,osmo-bts-virtual-5f8b9b86fc-4fnh4,18,5
1782283340,tc-26-7-3-2-2,osmo-hlr-546bdb8988-dh7l7,1,2
1782283340,tc-26-7-3-2-2,osmo-mgw-8c8fc67d6-n8lxb,1,2
1782283340,tc-26-7-3-2-2,osmo-mobile-698697576-dlg79,3,33
1782283340,tc-26-7-3-2-2,osmo-stp-768687f494-ftknv,1,2
1782283340,tc-26-7-3-2-2,ttcn3-tc-26-7-3-2-1-b484k,1,6
1782283340,tc-26-7-3-2-2,virtphy-785d5cf49-h4csq,5,1
1782283340,tc-26-7-5-3-12,msc-test-stub-5b875d749d-9xvl9,3,16
1782283340,tc-26-7-5-3-12,osmo-mgw-8c8fc67d6-xp48l,1,2
1782283340,tc-26-7-5-3-12,osmo-mobile-79c8f8bc4b-mc6jq,3,34
1782283340,tc-34-2-2-6,msc-test-stub-5b875d749d-n76gn,1,16
1782283340,tc-34-2-2-6,osmo-bsc-594654bd47-ngnw2,1,5
1782283340,tc-34-2-2-6,osmo-bts-virtual-5f8b9b86fc-49knq,20,5
1782283340,tc-34-2-2-6,osmo-hlr-546bdb8988-zlpbh,1,2
1782283340,tc-34-2-2-6,osmo-mgw-8c8fc67d6-rngtg,1,2
1782283340,tc-34-2-2-6,osmo-mobile-56b5cd4676-8st5t,3,36
1782283340,tc-34-2-2-6,osmo-stp-768687f494-tqplx,1,2
1782283340,tc-34-2-2-6,ttcn3-tc-34-2-2-1-zxdl7,1,6
1782283340,tc-34-2-2-6,virtphy-84fb969f5c-nv7hc,6,1
1782283343,kube-system,coredns-c4dbffb5f-p9rsr,3,29
1782283343,kube-system,local-path-provisioner-5c4dc5d66d-nfqxz,1,15
1782283343,kube-system,metrics-server-786d997795-hcp2m,10,45
1782283343,kube-system,svclb-traefik-1100f998-kpm9h,0,0
1782283343,kube-system,traefik-9bcdbbd9-qtpjt,1,38
1782283343,tc-26-6-1-1-7,msc-test-stub-5b875d749d-qhcnt,1,16
1782283343,tc-26-6-1-1-7,osmo-bsc-594654bd47-mk546,1,5
1782283343,tc-26-6-1-1-7,osmo-bts-virtual-5f8b9b86fc-fwlzl,18,5
1782283343,tc-26-6-1-1-7,osmo-hlr-546bdb8988-vjqwp,1,2
1782283343,tc-26-6-1-1-7,osmo-mgw-8c8fc67d6-klmpk,1,2
1782283343,tc-26-6-1-1-7,osmo-mobile-58b76ddf85-gbd9r,2,36
1782283343,tc-26-6-1-1-7,osmo-stp-768687f494-6bzn7,1,2
1782283343,tc-26-6-1-1-7,ttcn3-tc-26-6-1-1-1-wsmkg,1,6
1782283343,tc-26-6-1-1-7,virtphy-576cdd77b8-29gc2,6,1
1782283343,tc-26-7-3-2-2,msc-test-stub-5b875d749d-vcrjm,1,16
1782283343,tc-26-7-3-2-2,osmo-bsc-594654bd47-7nw9l,1,5
1782283343,tc-26-7-3-2-2,osmo-bts-virtual-5f8b9b86fc-4fnh4,18,5
1782283343,tc-26-7-3-2-2,osmo-hlr-546bdb8988-dh7l7,1,2
1782283343,tc-26-7-3-2-2,osmo-mgw-8c8fc67d6-n8lxb,1,2
1782283343,tc-26-7-3-2-2,osmo-mobile-698697576-dlg79,3,33
1782283343,tc-26-7-3-2-2,osmo-stp-768687f494-ftknv,1,2
1782283343,tc-26-7-3-2-2,ttcn3-tc-26-7-3-2-1-b484k,1,6
1782283343,tc-26-7-3-2-2,virtphy-785d5cf49-h4csq,5,1
1782283343,tc-26-7-5-3-12,msc-test-stub-5b875d749d-9xvl9,3,16
1782283343,tc-26-7-5-3-12,osmo-mgw-8c8fc67d6-xp48l,1,2
1782283343,tc-26-7-5-3-12,osmo-mobile-79c8f8bc4b-mc6jq,3,34
1782283343,tc-34-2-2-6,msc-test-stub-5b875d749d-n76gn,1,16
1782283343,tc-34-2-2-6,osmo-bsc-594654bd47-ngnw2,1,5
1782283343,tc-34-2-2-6,osmo-bts-virtual-5f8b9b86fc-49knq,20,5
1782283343,tc-34-2-2-6,osmo-hlr-546bdb8988-zlpbh,1,2
1782283343,tc-34-2-2-6,osmo-mgw-8c8fc67d6-rngtg,1,2
1782283343,tc-34-2-2-6,osmo-mobile-56b5cd4676-8st5t,3,36
1782283343,tc-34-2-2-6,osmo-stp-768687f494-tqplx,1,2
1782283343,tc-34-2-2-6,ttcn3-tc-34-2-2-1-zxdl7,1,6
1782283343,tc-34-2-2-6,virtphy-84fb969f5c-nv7hc,6,1
1782283345,kube-system,coredns-c4dbffb5f-p9rsr,3,29
1782283345,kube-system,local-path-provisioner-5c4dc5d66d-nfqxz,1,15
1782283345,kube-system,metrics-server-786d997795-hcp2m,10,45
1782283345,kube-system,svclb-traefik-1100f998-kpm9h,0,0
1782283345,kube-system,traefik-9bcdbbd9-qtpjt,1,38
1782283345,tc-26-6-1-1-7,msc-test-stub-5b875d749d-qhcnt,1,16
1782283345,tc-26-6-1-1-7,osmo-bsc-594654bd47-mk546,1,5
1782283345,tc-26-6-1-1-7,osmo-bts-virtual-5f8b9b86fc-fwlzl,18,5
1782283345,tc-26-6-1-1-7,osmo-hlr-546bdb8988-vjqwp,1,2
1782283345,tc-26-6-1-1-7,osmo-mgw-8c8fc67d6-klmpk,1,2
1782283345,tc-26-6-1-1-7,osmo-mobile-58b76ddf85-gbd9r,2,36
1782283345,tc-26-6-1-1-7,osmo-stp-768687f494-6bzn7,1,2
1782283345,tc-26-6-1-1-7,ttcn3-tc-26-6-1-1-1-wsmkg,1,6
1782283345,tc-26-6-1-1-7,virtphy-576cdd77b8-29gc2,6,1
1782283345,tc-26-7-3-2-2,msc-test-stub-5b875d749d-vcrjm,1,16
1782283345,tc-26-7-3-2-2,osmo-bsc-594654bd47-7nw9l,1,5
1782283345,tc-26-7-3-2-2,osmo-bts-virtual-5f8b9b86fc-4fnh4,18,5
1782283345,tc-26-7-3-2-2,osmo-hlr-546bdb8988-dh7l7,1,2
1782283345,tc-26-7-3-2-2,osmo-mgw-8c8fc67d6-n8lxb,1,2
1782283345,tc-26-7-3-2-2,osmo-mobile-698697576-dlg79,3,33
1782283345,tc-26-7-3-2-2,osmo-stp-768687f494-ftknv,1,2
1782283345,tc-26-7-3-2-2,ttcn3-tc-26-7-3-2-1-b484k,1,6
1782283345,tc-26-7-3-2-2,virtphy-785d5cf49-h4csq,5,1
1782283345,tc-26-7-5-3-12,msc-test-stub-5b875d749d-9xvl9,3,16
1782283345,tc-26-7-5-3-12,osmo-mgw-8c8fc67d6-xp48l,1,2
1782283345,tc-26-7-5-3-12,osmo-mobile-79c8f8bc4b-mc6jq,3,34
1782283345,tc-34-2-2-6,msc-test-stub-5b875d749d-n76gn,1,16
1782283345,tc-34-2-2-6,osmo-bsc-594654bd47-ngnw2,1,5
1782283345,tc-34-2-2-6,osmo-bts-virtual-5f8b9b86fc-49knq,20,5
1782283345,tc-34-2-2-6,osmo-hlr-546bdb8988-zlpbh,1,2
1782283345,tc-34-2-2-6,osmo-mgw-8c8fc67d6-rngtg,1,2
1782283345,tc-34-2-2-6,osmo-mobile-56b5cd4676-8st5t,3,36
1782283345,tc-34-2-2-6,osmo-stp-768687f494-tqplx,1,2
1782283345,tc-34-2-2-6,ttcn3-tc-34-2-2-1-zxdl7,1,6
1782283345,tc-34-2-2-6,virtphy-84fb969f5c-nv7hc,6,1
1782283348,kube-system,coredns-c4dbffb5f-p9rsr,3,29
1782283348,kube-system,local-path-provisioner-5c4dc5d66d-nfqxz,1,15
1782283348,kube-system,metrics-server-786d997795-hcp2m,8,45
1782283348,kube-system,svclb-traefik-1100f998-kpm9h,0,0
1782283348,kube-system,traefik-9bcdbbd9-qtpjt,3,36
1782283348,tc-26-6-1-1-7,msc-test-stub-5b875d749d-qhcnt,1,16
1782283348,tc-26-6-1-1-7,osmo-bsc-594654bd47-mk546,1,5
1782283348,tc-26-6-1-1-7,osmo-bts-virtual-5f8b9b86fc-fwlzl,17,5
1782283348,tc-26-6-1-1-7,osmo-hlr-546bdb8988-vjqwp,1,2
1782283348,tc-26-6-1-1-7,osmo-mgw-8c8fc67d6-klmpk,1,2
1782283348,tc-26-6-1-1-7,osmo-mobile-58b76ddf85-gbd9r,3,36
1782283348,tc-26-6-1-1-7,osmo-stp-768687f494-6bzn7,1,2
1782283348,tc-26-6-1-1-7,ttcn3-tc-26-6-1-1-1-wsmkg,1,6
1782283348,tc-26-6-1-1-7,virtphy-576cdd77b8-29gc2,6,1
1782283348,tc-26-7-3-2-2,msc-test-stub-5b875d749d-vcrjm,1,16
1782283348,tc-26-7-3-2-2,osmo-bsc-594654bd47-7nw9l,1,5
1782283348,tc-26-7-3-2-2,osmo-bts-virtual-5f8b9b86fc-4fnh4,17,5
1782283348,tc-26-7-3-2-2,osmo-hlr-546bdb8988-dh7l7,1,2
1782283348,tc-26-7-3-2-2,osmo-mgw-8c8fc67d6-n8lxb,1,2
1782283348,tc-26-7-3-2-2,osmo-mobile-698697576-dlg79,3,33
1782283348,tc-26-7-3-2-2,osmo-stp-768687f494-ftknv,1,2
1782283348,tc-26-7-3-2-2,ttcn3-tc-26-7-3-2-1-b484k,1,6
1782283348,tc-26-7-3-2-2,virtphy-785d5cf49-h4csq,6,1
1782283348,tc-26-7-5-3-12,msc-test-stub-5b875d749d-9xvl9,1,16
1782283348,tc-26-7-5-3-12,osmo-mgw-8c8fc67d6-xp48l,1,2
1782283348,tc-26-7-5-3-12,osmo-mobile-79c8f8bc4b-mc6jq,5,34
1782283348,tc-34-2-2-6,msc-test-stub-5b875d749d-n76gn,1,16
1782283348,tc-34-2-2-6,osmo-bsc-594654bd47-ngnw2,1,5
1782283348,tc-34-2-2-6,osmo-bts-virtual-5f8b9b86fc-49knq,17,5
1782283348,tc-34-2-2-6,osmo-hlr-546bdb8988-zlpbh,1,2
1782283348,tc-34-2-2-6,osmo-mgw-8c8fc67d6-rngtg,1,2
1782283348,tc-34-2-2-6,osmo-mobile-56b5cd4676-8st5t,3,36
1782283348,tc-34-2-2-6,osmo-stp-768687f494-tqplx,1,2
1782283348,tc-34-2-2-6,ttcn3-tc-34-2-2-1-zxdl7,1,6
1782283348,tc-34-2-2-6,virtphy-84fb969f5c-nv7hc,6,1
1782283350,kube-system,coredns-c4dbffb5f-p9rsr,3,29
1782283350,kube-system,local-path-provisioner-5c4dc5d66d-nfqxz,1,15
1782283350,kube-system,metrics-server-786d997795-hcp2m,8,45
1782283350,kube-system,svclb-traefik-1100f998-kpm9h,0,0
1782283350,kube-system,traefik-9bcdbbd9-qtpjt,3,36
1782283350,tc-26-6-1-1-7,msc-test-stub-5b875d749d-qhcnt,1,16
1782283350,tc-26-6-1-1-7,osmo-bsc-594654bd47-mk546,1,5
1782283350,tc-26-6-1-1-7,osmo-bts-virtual-5f8b9b86fc-fwlzl,17,5
1782283350,tc-26-6-1-1-7,osmo-hlr-546bdb8988-vjqwp,1,2
1782283350,tc-26-6-1-1-7,osmo-mgw-8c8fc67d6-klmpk,1,2
1782283350,tc-26-6-1-1-7,osmo-mobile-58b76ddf85-gbd9r,3,36
1782283350,tc-26-6-1-1-7,osmo-stp-768687f494-6bzn7,1,2
1782283350,tc-26-6-1-1-7,ttcn3-tc-26-6-1-1-1-wsmkg,1,6
1782283350,tc-26-6-1-1-7,virtphy-576cdd77b8-29gc2,6,1
1782283350,tc-26-7-3-2-2,msc-test-stub-5b875d749d-vcrjm,1,16
1782283350,tc-26-7-3-2-2,osmo-bsc-594654bd47-7nw9l,1,5
1782283350,tc-26-7-3-2-2,osmo-bts-virtual-5f8b9b86fc-4fnh4,17,5
1782283350,tc-26-7-3-2-2,osmo-hlr-546bdb8988-dh7l7,1,2
1782283350,tc-26-7-3-2-2,osmo-mgw-8c8fc67d6-n8lxb,1,2
1782283350,tc-26-7-3-2-2,osmo-mobile-698697576-dlg79,3,33
1782283350,tc-26-7-3-2-2,osmo-stp-768687f494-ftknv,1,2
1782283350,tc-26-7-3-2-2,ttcn3-tc-26-7-3-2-1-b484k,1,6
1782283350,tc-26-7-3-2-2,virtphy-785d5cf49-h4csq,6,1
1782283350,tc-26-7-5-3-12,msc-test-stub-5b875d749d-9xvl9,1,16
1782283350,tc-26-7-5-3-12,osmo-mgw-8c8fc67d6-xp48l,1,2
1782283350,tc-26-7-5-3-12,osmo-mobile-79c8f8bc4b-mc6jq,5,34
1782283350,tc-34-2-2-6,msc-test-stub-5b875d749d-n76gn,1,16
1782283350,tc-34-2-2-6,osmo-bsc-594654bd47-ngnw2,1,5
1782283350,tc-34-2-2-6,osmo-bts-virtual-5f8b9b86fc-49knq,17,5
1782283350,tc-34-2-2-6,osmo-hlr-546bdb8988-zlpbh,1,2
1782283350,tc-34-2-2-6,osmo-mgw-8c8fc67d6-rngtg,1,2
1782283350,tc-34-2-2-6,osmo-mobile-56b5cd4676-8st5t,3,36
1782283350,tc-34-2-2-6,osmo-stp-768687f494-tqplx,1,2
1782283350,tc-34-2-2-6,ttcn3-tc-34-2-2-1-zxdl7,1,6
1782283350,tc-34-2-2-6,virtphy-84fb969f5c-nv7hc,6,1
1782283352,kube-system,coredns-c4dbffb5f-p9rsr,3,29
1782283352,kube-system,local-path-provisioner-5c4dc5d66d-nfqxz,1,15
1782283352,kube-system,metrics-server-786d997795-hcp2m,8,45
1782283352,kube-system,svclb-traefik-1100f998-kpm9h,0,0
1782283352,kube-system,traefik-9bcdbbd9-qtpjt,3,36
1782283352,tc-26-6-1-1-7,msc-test-stub-5b875d749d-qhcnt,1,16
1782283352,tc-26-6-1-1-7,osmo-bsc-594654bd47-mk546,1,5
1782283352,tc-26-6-1-1-7,osmo-bts-virtual-5f8b9b86fc-fwlzl,17,5
1782283352,tc-26-6-1-1-7,osmo-hlr-546bdb8988-vjqwp,1,2
1782283352,tc-26-6-1-1-7,osmo-mgw-8c8fc67d6-klmpk,1,2
1782283352,tc-26-6-1-1-7,osmo-mobile-58b76ddf85-gbd9r,3,36
1782283352,tc-26-6-1-1-7,osmo-stp-768687f494-6bzn7,1,2
1782283352,tc-26-6-1-1-7,ttcn3-tc-26-6-1-1-1-wsmkg,1,6
1782283352,tc-26-6-1-1-7,virtphy-576cdd77b8-29gc2,6,1
1782283352,tc-26-7-3-2-2,msc-test-stub-5b875d749d-vcrjm,1,16
1782283352,tc-26-7-3-2-2,osmo-bsc-594654bd47-7nw9l,1,5
1782283352,tc-26-7-3-2-2,osmo-bts-virtual-5f8b9b86fc-4fnh4,17,5
1782283352,tc-26-7-3-2-2,osmo-hlr-546bdb8988-dh7l7,1,2
1782283352,tc-26-7-3-2-2,osmo-mgw-8c8fc67d6-n8lxb,1,2
1782283352,tc-26-7-3-2-2,osmo-mobile-698697576-dlg79,3,33
1782283352,tc-26-7-3-2-2,osmo-stp-768687f494-ftknv,1,2
1782283352,tc-26-7-3-2-2,ttcn3-tc-26-7-3-2-1-b484k,1,6
1782283352,tc-26-7-3-2-2,virtphy-785d5cf49-h4csq,6,1
1782283352,tc-26-7-5-3-12,msc-test-stub-5b875d749d-9xvl9,1,16
1782283352,tc-26-7-5-3-12,osmo-mgw-8c8fc67d6-xp48l,1,2
1782283352,tc-26-7-5-3-12,osmo-mobile-79c8f8bc4b-mc6jq,5,34
1782283352,tc-34-2-2-6,msc-test-stub-5b875d749d-n76gn,1,16
1782283352,tc-34-2-2-6,osmo-bsc-594654bd47-ngnw2,1,5
1782283352,tc-34-2-2-6,osmo-bts-virtual-5f8b9b86fc-49knq,17,5
1782283352,tc-34-2-2-6,osmo-hlr-546bdb8988-zlpbh,1,2
1782283352,tc-34-2-2-6,osmo-mgw-8c8fc67d6-rngtg,1,2
1782283352,tc-34-2-2-6,osmo-mobile-56b5cd4676-8st5t,3,36
1782283352,tc-34-2-2-6,osmo-stp-768687f494-tqplx,1,2
1782283352,tc-34-2-2-6,ttcn3-tc-34-2-2-1-zxdl7,1,6
1782283352,tc-34-2-2-6,virtphy-84fb969f5c-nv7hc,6,1
1782283354,kube-system,coredns-c4dbffb5f-p9rsr,3,29
1782283354,kube-system,local-path-provisioner-5c4dc5d66d-nfqxz,1,15
1782283354,kube-system,metrics-server-786d997795-hcp2m,8,45
1782283354,kube-system,svclb-traefik-1100f998-kpm9h,0,0
1782283354,kube-system,traefik-9bcdbbd9-qtpjt,3,36
1782283354,tc-26-6-1-1-7,msc-test-stub-5b875d749d-qhcnt,1,16
1782283354,tc-26-6-1-1-7,osmo-bsc-594654bd47-mk546,1,5
1782283354,tc-26-6-1-1-7,osmo-bts-virtual-5f8b9b86fc-fwlzl,17,5
1782283354,tc-26-6-1-1-7,osmo-hlr-546bdb8988-vjqwp,1,2
1782283354,tc-26-6-1-1-7,osmo-mgw-8c8fc67d6-klmpk,1,2
1782283354,tc-26-6-1-1-7,osmo-mobile-58b76ddf85-gbd9r,3,36
1782283354,tc-26-6-1-1-7,osmo-stp-768687f494-6bzn7,1,2
1782283354,tc-26-6-1-1-7,ttcn3-tc-26-6-1-1-1-wsmkg,1,6
1782283354,tc-26-6-1-1-7,virtphy-576cdd77b8-29gc2,6,1
1782283354,tc-26-7-3-2-2,msc-test-stub-5b875d749d-vcrjm,1,16
1782283354,tc-26-7-3-2-2,osmo-bsc-594654bd47-7nw9l,1,5
1782283354,tc-26-7-3-2-2,osmo-bts-virtual-5f8b9b86fc-4fnh4,17,5
1782283354,tc-26-7-3-2-2,osmo-hlr-546bdb8988-dh7l7,1,2
1782283354,tc-26-7-3-2-2,osmo-mgw-8c8fc67d6-n8lxb,1,2
1782283354,tc-26-7-3-2-2,osmo-mobile-698697576-dlg79,3,33
1782283354,tc-26-7-3-2-2,osmo-stp-768687f494-ftknv,1,2
1782283354,tc-26-7-3-2-2,ttcn3-tc-26-7-3-2-1-b484k,1,6
1782283354,tc-26-7-3-2-2,virtphy-785d5cf49-h4csq,6,1
1782283354,tc-26-7-5-3-12,msc-test-stub-5b875d749d-9xvl9,1,16
1782283354,tc-26-7-5-3-12,osmo-mgw-8c8fc67d6-xp48l,1,2
1782283354,tc-26-7-5-3-12,osmo-mobile-79c8f8bc4b-mc6jq,5,34
1782283354,tc-34-2-2-6,msc-test-stub-5b875d749d-n76gn,1,16
1782283354,tc-34-2-2-6,osmo-bsc-594654bd47-ngnw2,1,5
1782283354,tc-34-2-2-6,osmo-bts-virtual-5f8b9b86fc-49knq,17,5
1782283354,tc-34-2-2-6,osmo-hlr-546bdb8988-zlpbh,1,2
1782283354,tc-34-2-2-6,osmo-mgw-8c8fc67d6-rngtg,1,2
1782283354,tc-34-2-2-6,osmo-mobile-56b5cd4676-8st5t,3,36
1782283354,tc-34-2-2-6,osmo-stp-768687f494-tqplx,1,2
1782283354,tc-34-2-2-6,ttcn3-tc-34-2-2-1-zxdl7,1,6
1782283354,tc-34-2-2-6,virtphy-84fb969f5c-nv7hc,6,1
1782283357,kube-system,coredns-c4dbffb5f-p9rsr,3,29
1782283357,kube-system,local-path-provisioner-5c4dc5d66d-nfqxz,1,15
1782283357,kube-system,metrics-server-786d997795-hcp2m,8,45
1782283357,kube-system,svclb-traefik-1100f998-kpm9h,0,0
1782283357,kube-system,traefik-9bcdbbd9-qtpjt,3,36
1782283357,tc-26-6-1-1-7,msc-test-stub-5b875d749d-qhcnt,1,16
1782283357,tc-26-6-1-1-7,osmo-bsc-594654bd47-mk546,1,5
1782283357,tc-26-6-1-1-7,osmo-bts-virtual-5f8b9b86fc-fwlzl,17,5
1782283357,tc-26-6-1-1-7,osmo-hlr-546bdb8988-vjqwp,1,2
1782283357,tc-26-6-1-1-7,osmo-mgw-8c8fc67d6-klmpk,1,2
1782283357,tc-26-6-1-1-7,osmo-mobile-58b76ddf85-gbd9r,3,36
1782283357,tc-26-6-1-1-7,osmo-stp-768687f494-6bzn7,1,2
1782283357,tc-26-6-1-1-7,ttcn3-tc-26-6-1-1-1-wsmkg,1,6
1782283357,tc-26-6-1-1-7,virtphy-576cdd77b8-29gc2,6,1
1782283357,tc-26-7-3-2-2,msc-test-stub-5b875d749d-vcrjm,1,16
1782283357,tc-26-7-3-2-2,osmo-bsc-594654bd47-7nw9l,1,5
1782283357,tc-26-7-3-2-2,osmo-bts-virtual-5f8b9b86fc-4fnh4,17,5
1782283357,tc-26-7-3-2-2,osmo-hlr-546bdb8988-dh7l7,1,2
1782283357,tc-26-7-3-2-2,osmo-mgw-8c8fc67d6-n8lxb,1,2
1782283357,tc-26-7-3-2-2,osmo-mobile-698697576-dlg79,3,33
1782283357,tc-26-7-3-2-2,osmo-stp-768687f494-ftknv,1,2
1782283357,tc-26-7-3-2-2,ttcn3-tc-26-7-3-2-1-b484k,1,6
1782283357,tc-26-7-3-2-2,virtphy-785d5cf49-h4csq,6,1
1782283357,tc-26-7-5-3-12,msc-test-stub-5b875d749d-9xvl9,1,16
1782283357,tc-26-7-5-3-12,osmo-mgw-8c8fc67d6-xp48l,1,2
1782283357,tc-26-7-5-3-12,osmo-mobile-79c8f8bc4b-mc6jq,5,34
1782283357,tc-34-2-2-6,msc-test-stub-5b875d749d-n76gn,1,16
1782283357,tc-34-2-2-6,osmo-bsc-594654bd47-ngnw2,1,5
1782283357,tc-34-2-2-6,osmo-bts-virtual-5f8b9b86fc-49knq,17,5
1782283357,tc-34-2-2-6,osmo-hlr-546bdb8988-zlpbh,1,2
1782283357,tc-34-2-2-6,osmo-mgw-8c8fc67d6-rngtg,1,2
1782283357,tc-34-2-2-6,osmo-mobile-56b5cd4676-8st5t,3,36
1782283357,tc-34-2-2-6,osmo-stp-768687f494-tqplx,1,2
1782283357,tc-34-2-2-6,ttcn3-tc-34-2-2-1-zxdl7,1,6
1782283357,tc-34-2-2-6,virtphy-84fb969f5c-nv7hc,6,1
1782283359,kube-system,coredns-c4dbffb5f-p9rsr,3,29
1782283359,kube-system,local-path-provisioner-5c4dc5d66d-nfqxz,1,15
1782283359,kube-system,metrics-server-786d997795-hcp2m,8,45
1782283359,kube-system,svclb-traefik-1100f998-kpm9h,0,0
1782283359,kube-system,traefik-9bcdbbd9-qtpjt,3,36
1782283359,tc-26-6-1-1-7,msc-test-stub-5b875d749d-qhcnt,1,16
1782283359,tc-26-6-1-1-7,osmo-bsc-594654bd47-mk546,1,5
1782283359,tc-26-6-1-1-7,osmo-bts-virtual-5f8b9b86fc-fwlzl,17,5
1782283359,tc-26-6-1-1-7,osmo-hlr-546bdb8988-vjqwp,1,2
1782283359,tc-26-6-1-1-7,osmo-mgw-8c8fc67d6-klmpk,1,2
1782283359,tc-26-6-1-1-7,osmo-mobile-58b76ddf85-gbd9r,3,36
1782283359,tc-26-6-1-1-7,osmo-stp-768687f494-6bzn7,1,2
1782283359,tc-26-6-1-1-7,ttcn3-tc-26-6-1-1-1-wsmkg,1,6
1782283359,tc-26-6-1-1-7,virtphy-576cdd77b8-29gc2,6,1
1782283359,tc-26-7-3-2-2,msc-test-stub-5b875d749d-vcrjm,1,16
1782283359,tc-26-7-3-2-2,osmo-bsc-594654bd47-7nw9l,1,5
1782283359,tc-26-7-3-2-2,osmo-bts-virtual-5f8b9b86fc-4fnh4,17,5
1782283359,tc-26-7-3-2-2,osmo-hlr-546bdb8988-dh7l7,1,2
1782283359,tc-26-7-3-2-2,osmo-mgw-8c8fc67d6-n8lxb,1,2
1782283359,tc-26-7-3-2-2,osmo-mobile-698697576-dlg79,3,33
1782283359,tc-26-7-3-2-2,osmo-stp-768687f494-ftknv,1,2
1782283359,tc-26-7-3-2-2,ttcn3-tc-26-7-3-2-1-b484k,1,6
1782283359,tc-26-7-3-2-2,virtphy-785d5cf49-h4csq,6,1
1782283359,tc-34-2-2-6,msc-test-stub-5b875d749d-n76gn,1,16
1782283359,tc-34-2-2-6,osmo-bsc-594654bd47-ngnw2,1,5
1782283359,tc-34-2-2-6,osmo-bts-virtual-5f8b9b86fc-49knq,17,5
1782283359,tc-34-2-2-6,osmo-hlr-546bdb8988-zlpbh,1,2
1782283359,tc-34-2-2-6,osmo-mgw-8c8fc67d6-rngtg,1,2
1782283359,tc-34-2-2-6,osmo-mobile-56b5cd4676-8st5t,3,36
1782283359,tc-34-2-2-6,osmo-stp-768687f494-tqplx,1,2
1782283359,tc-34-2-2-6,ttcn3-tc-34-2-2-1-zxdl7,1,6
1782283359,tc-34-2-2-6,virtphy-84fb969f5c-nv7hc,6,1
1782283361,kube-system,coredns-c4dbffb5f-p9rsr,3,29
1782283361,kube-system,local-path-provisioner-5c4dc5d66d-nfqxz,1,15
1782283361,kube-system,metrics-server-786d997795-hcp2m,8,45
1782283361,kube-system,svclb-traefik-1100f998-kpm9h,0,0
1782283361,kube-system,traefik-9bcdbbd9-qtpjt,3,36
1782283361,tc-26-6-1-1-7,msc-test-stub-5b875d749d-qhcnt,1,16
1782283361,tc-26-6-1-1-7,osmo-bsc-594654bd47-mk546,1,5
1782283361,tc-26-6-1-1-7,osmo-bts-virtual-5f8b9b86fc-fwlzl,17,5
1782283361,tc-26-6-1-1-7,osmo-hlr-546bdb8988-vjqwp,1,2
1782283361,tc-26-6-1-1-7,osmo-mgw-8c8fc67d6-klmpk,1,2
1782283361,tc-26-6-1-1-7,osmo-mobile-58b76ddf85-gbd9r,3,36
1782283361,tc-26-6-1-1-7,osmo-stp-768687f494-6bzn7,1,2
1782283361,tc-26-6-1-1-7,ttcn3-tc-26-6-1-1-1-wsmkg,1,6
1782283361,tc-26-6-1-1-7,virtphy-576cdd77b8-29gc2,6,1
1782283361,tc-26-7-3-2-2,msc-test-stub-5b875d749d-vcrjm,1,16
1782283361,tc-26-7-3-2-2,osmo-bsc-594654bd47-7nw9l,1,5
1782283361,tc-26-7-3-2-2,osmo-bts-virtual-5f8b9b86fc-4fnh4,17,5
1782283361,tc-26-7-3-2-2,osmo-hlr-546bdb8988-dh7l7,1,2
1782283361,tc-26-7-3-2-2,osmo-mgw-8c8fc67d6-n8lxb,1,2
1782283361,tc-26-7-3-2-2,osmo-mobile-698697576-dlg79,3,33
1782283361,tc-26-7-3-2-2,osmo-stp-768687f494-ftknv,1,2
1782283361,tc-26-7-3-2-2,ttcn3-tc-26-7-3-2-1-b484k,1,6
1782283361,tc-26-7-3-2-2,virtphy-785d5cf49-h4csq,6,1
1782283361,tc-34-2-2-6,msc-test-stub-5b875d749d-n76gn,1,16
1782283361,tc-34-2-2-6,osmo-bsc-594654bd47-ngnw2,1,5
1782283361,tc-34-2-2-6,osmo-bts-virtual-5f8b9b86fc-49knq,17,5
1782283361,tc-34-2-2-6,osmo-hlr-546bdb8988-zlpbh,1,2
1782283361,tc-34-2-2-6,osmo-mgw-8c8fc67d6-rngtg,1,2
1782283361,tc-34-2-2-6,osmo-mobile-56b5cd4676-8st5t,3,36
1782283361,tc-34-2-2-6,osmo-stp-768687f494-tqplx,1,2
1782283361,tc-34-2-2-6,ttcn3-tc-34-2-2-1-zxdl7,1,6
1782283361,tc-34-2-2-6,virtphy-84fb969f5c-nv7hc,6,1
1782283363,kube-system,coredns-c4dbffb5f-p9rsr,3,30
1782283363,kube-system,local-path-provisioner-5c4dc5d66d-nfqxz,1,15
1782283363,kube-system,metrics-server-786d997795-hcp2m,13,45
1782283363,kube-system,svclb-traefik-1100f998-kpm9h,0,0
1782283363,kube-system,traefik-9bcdbbd9-qtpjt,1,36
1782283363,tc-26-6-1-1-7,msc-test-stub-5b875d749d-qhcnt,1,16
1782283363,tc-26-6-1-1-7,osmo-bsc-594654bd47-mk546,1,5
1782283363,tc-26-6-1-1-7,osmo-bts-virtual-5f8b9b86fc-fwlzl,17,5
1782283363,tc-26-6-1-1-7,osmo-hlr-546bdb8988-vjqwp,1,2
1782283363,tc-26-6-1-1-7,osmo-mgw-8c8fc67d6-klmpk,1,2
1782283363,tc-26-6-1-1-7,osmo-mobile-58b76ddf85-gbd9r,3,36
1782283363,tc-26-6-1-1-7,osmo-stp-768687f494-6bzn7,1,2
1782283363,tc-26-6-1-1-7,ttcn3-tc-26-6-1-1-1-wsmkg,1,6
1782283363,tc-26-6-1-1-7,virtphy-576cdd77b8-29gc2,6,1
1782283363,tc-26-7-3-2-2,msc-test-stub-5b875d749d-vcrjm,1,16
1782283363,tc-26-7-3-2-2,osmo-bsc-594654bd47-7nw9l,1,5
1782283363,tc-26-7-3-2-2,osmo-bts-virtual-5f8b9b86fc-4fnh4,17,5
1782283363,tc-26-7-3-2-2,osmo-hlr-546bdb8988-dh7l7,1,2
1782283363,tc-26-7-3-2-2,osmo-mgw-8c8fc67d6-n8lxb,1,2
1782283363,tc-26-7-3-2-2,osmo-mobile-698697576-dlg79,2,33
1782283363,tc-26-7-3-2-2,osmo-stp-768687f494-ftknv,1,2
1782283363,tc-26-7-3-2-2,ttcn3-tc-26-7-3-2-1-b484k,1,6
1782283363,tc-26-7-3-2-2,virtphy-785d5cf49-h4csq,6,1
1782283363,tc-34-2-2-6,msc-test-stub-5b875d749d-n76gn,1,16
1782283363,tc-34-2-2-6,osmo-bsc-594654bd47-ngnw2,1,5
1782283363,tc-34-2-2-6,osmo-bts-virtual-5f8b9b86fc-49knq,18,5
1782283363,tc-34-2-2-6,osmo-hlr-546bdb8988-zlpbh,1,2
1782283363,tc-34-2-2-6,osmo-mgw-8c8fc67d6-rngtg,1,2
1782283363,tc-34-2-2-6,osmo-mobile-56b5cd4676-8st5t,3,36
1782283363,tc-34-2-2-6,osmo-stp-768687f494-tqplx,1,2
1782283363,tc-34-2-2-6,ttcn3-tc-34-2-2-1-zxdl7,1,6
1782283363,tc-34-2-2-6,virtphy-84fb969f5c-nv7hc,6,1
1782283365,kube-system,coredns-c4dbffb5f-p9rsr,3,30
1782283365,kube-system,local-path-provisioner-5c4dc5d66d-nfqxz,1,15
1782283365,kube-system,metrics-server-786d997795-hcp2m,13,45
1782283365,kube-system,svclb-traefik-1100f998-kpm9h,0,0
1782283365,kube-system,traefik-9bcdbbd9-qtpjt,1,36
1782283365,tc-26-6-1-1-7,msc-test-stub-5b875d749d-qhcnt,1,16
1782283365,tc-26-6-1-1-7,osmo-bsc-594654bd47-mk546,1,5
1782283365,tc-26-6-1-1-7,osmo-bts-virtual-5f8b9b86fc-fwlzl,17,5
1782283365,tc-26-6-1-1-7,osmo-hlr-546bdb8988-vjqwp,1,2
1782283365,tc-26-6-1-1-7,osmo-mgw-8c8fc67d6-klmpk,1,2
1782283365,tc-26-6-1-1-7,osmo-mobile-58b76ddf85-gbd9r,3,36
1782283365,tc-26-6-1-1-7,osmo-stp-768687f494-6bzn7,1,2
1782283365,tc-26-6-1-1-7,ttcn3-tc-26-6-1-1-1-wsmkg,1,6
1782283365,tc-26-6-1-1-7,virtphy-576cdd77b8-29gc2,6,1
1782283365,tc-26-7-3-2-2,msc-test-stub-5b875d749d-vcrjm,1,16
1782283365,tc-26-7-3-2-2,osmo-bsc-594654bd47-7nw9l,1,5
1782283365,tc-26-7-3-2-2,osmo-bts-virtual-5f8b9b86fc-4fnh4,17,5
1782283365,tc-26-7-3-2-2,osmo-hlr-546bdb8988-dh7l7,1,2
1782283365,tc-26-7-3-2-2,osmo-mgw-8c8fc67d6-n8lxb,1,2
1782283365,tc-26-7-3-2-2,osmo-mobile-698697576-dlg79,2,33
1782283365,tc-26-7-3-2-2,osmo-stp-768687f494-ftknv,1,2
1782283365,tc-26-7-3-2-2,ttcn3-tc-26-7-3-2-1-b484k,1,6
1782283365,tc-26-7-3-2-2,virtphy-785d5cf49-h4csq,6,1
1782283365,tc-34-2-2-6,msc-test-stub-5b875d749d-n76gn,1,16
1782283365,tc-34-2-2-6,osmo-bsc-594654bd47-ngnw2,1,5
1782283365,tc-34-2-2-6,osmo-bts-virtual-5f8b9b86fc-49knq,18,5
1782283365,tc-34-2-2-6,osmo-hlr-546bdb8988-zlpbh,1,2
1782283365,tc-34-2-2-6,osmo-mgw-8c8fc67d6-rngtg,1,2
1782283365,tc-34-2-2-6,osmo-mobile-56b5cd4676-8st5t,3,36
1782283365,tc-34-2-2-6,osmo-stp-768687f494-tqplx,1,2
1782283365,tc-34-2-2-6,ttcn3-tc-34-2-2-1-zxdl7,1,6
1782283365,tc-34-2-2-6,virtphy-84fb969f5c-nv7hc,6,1
1782283367,kube-system,coredns-c4dbffb5f-p9rsr,3,30
1782283367,kube-system,local-path-provisioner-5c4dc5d66d-nfqxz,1,15
1782283367,kube-system,metrics-server-786d997795-hcp2m,13,45
1782283367,kube-system,svclb-traefik-1100f998-kpm9h,0,0
1782283367,kube-system,traefik-9bcdbbd9-qtpjt,1,36
1782283367,tc-26-6-1-1-7,msc-test-stub-5b875d749d-qhcnt,1,16
1782283367,tc-26-6-1-1-7,osmo-bsc-594654bd47-mk546,1,5
1782283367,tc-26-6-1-1-7,osmo-bts-virtual-5f8b9b86fc-fwlzl,17,5
1782283367,tc-26-6-1-1-7,osmo-hlr-546bdb8988-vjqwp,1,2
1782283367,tc-26-6-1-1-7,osmo-mgw-8c8fc67d6-klmpk,1,2
1782283367,tc-26-6-1-1-7,osmo-mobile-58b76ddf85-gbd9r,3,36
1782283367,tc-26-6-1-1-7,osmo-stp-768687f494-6bzn7,1,2
1782283367,tc-26-6-1-1-7,ttcn3-tc-26-6-1-1-1-wsmkg,1,6
1782283367,tc-26-6-1-1-7,virtphy-576cdd77b8-29gc2,6,1
1782283367,tc-26-7-3-2-2,msc-test-stub-5b875d749d-vcrjm,1,16
1782283367,tc-26-7-3-2-2,osmo-bsc-594654bd47-7nw9l,1,5
1782283367,tc-26-7-3-2-2,osmo-bts-virtual-5f8b9b86fc-4fnh4,17,5
1782283367,tc-26-7-3-2-2,osmo-hlr-546bdb8988-dh7l7,1,2
1782283367,tc-26-7-3-2-2,osmo-mgw-8c8fc67d6-n8lxb,1,2
1782283367,tc-26-7-3-2-2,osmo-mobile-698697576-dlg79,2,33
1782283367,tc-26-7-3-2-2,osmo-stp-768687f494-ftknv,1,2
1782283367,tc-26-7-3-2-2,ttcn3-tc-26-7-3-2-1-b484k,1,6
1782283367,tc-26-7-3-2-2,virtphy-785d5cf49-h4csq,6,1
1782283367,tc-34-2-2-6,msc-test-stub-5b875d749d-n76gn,1,16
1782283367,tc-34-2-2-6,osmo-bsc-594654bd47-ngnw2,1,5
1782283367,tc-34-2-2-6,osmo-bts-virtual-5f8b9b86fc-49knq,18,5
1782283367,tc-34-2-2-6,osmo-hlr-546bdb8988-zlpbh,1,2
1782283367,tc-34-2-2-6,osmo-mgw-8c8fc67d6-rngtg,1,2
1782283367,tc-34-2-2-6,osmo-mobile-56b5cd4676-8st5t,3,36
1782283367,tc-34-2-2-6,osmo-stp-768687f494-tqplx,1,2
1782283367,tc-34-2-2-6,ttcn3-tc-34-2-2-1-zxdl7,1,6
1782283367,tc-34-2-2-6,virtphy-84fb969f5c-nv7hc,6,1
1782283369,kube-system,coredns-c4dbffb5f-p9rsr,3,30
1782283369,kube-system,local-path-provisioner-5c4dc5d66d-nfqxz,1,15
1782283369,kube-system,metrics-server-786d997795-hcp2m,13,45
1782283369,kube-system,svclb-traefik-1100f998-kpm9h,0,0
1782283369,kube-system,traefik-9bcdbbd9-qtpjt,1,36
1782283369,tc-26-6-1-1-7,msc-test-stub-5b875d749d-qhcnt,1,16
1782283369,tc-26-6-1-1-7,osmo-bsc-594654bd47-mk546,1,5
1782283369,tc-26-6-1-1-7,osmo-bts-virtual-5f8b9b86fc-fwlzl,17,5
1782283369,tc-26-6-1-1-7,osmo-hlr-546bdb8988-vjqwp,1,2
1782283369,tc-26-6-1-1-7,osmo-mgw-8c8fc67d6-klmpk,1,2
1782283369,tc-26-6-1-1-7,osmo-mobile-58b76ddf85-gbd9r,3,36
1782283369,tc-26-6-1-1-7,osmo-stp-768687f494-6bzn7,1,2
1782283369,tc-26-6-1-1-7,ttcn3-tc-26-6-1-1-1-wsmkg,1,6
1782283369,tc-26-6-1-1-7,virtphy-576cdd77b8-29gc2,6,1
1782283369,tc-26-7-3-2-2,msc-test-stub-5b875d749d-vcrjm,1,16
1782283369,tc-26-7-3-2-2,osmo-bsc-594654bd47-7nw9l,1,5
1782283369,tc-26-7-3-2-2,osmo-bts-virtual-5f8b9b86fc-4fnh4,17,5
1782283369,tc-26-7-3-2-2,osmo-hlr-546bdb8988-dh7l7,1,2
1782283369,tc-26-7-3-2-2,osmo-mgw-8c8fc67d6-n8lxb,1,2
1782283369,tc-26-7-3-2-2,osmo-mobile-698697576-dlg79,2,33
1782283369,tc-26-7-3-2-2,osmo-stp-768687f494-ftknv,1,2
1782283369,tc-26-7-3-2-2,ttcn3-tc-26-7-3-2-1-b484k,1,6
1782283369,tc-26-7-3-2-2,virtphy-785d5cf49-h4csq,6,1
1782283369,tc-34-2-2-6,msc-test-stub-5b875d749d-n76gn,1,16
1782283369,tc-34-2-2-6,osmo-bsc-594654bd47-ngnw2,1,5
1782283369,tc-34-2-2-6,osmo-bts-virtual-5f8b9b86fc-49knq,18,5
1782283369,tc-34-2-2-6,osmo-hlr-546bdb8988-zlpbh,1,2
1782283369,tc-34-2-2-6,osmo-mgw-8c8fc67d6-rngtg,1,2
1782283369,tc-34-2-2-6,osmo-mobile-56b5cd4676-8st5t,3,36
1782283369,tc-34-2-2-6,osmo-stp-768687f494-tqplx,1,2
1782283369,tc-34-2-2-6,ttcn3-tc-34-2-2-1-zxdl7,1,6
1782283369,tc-34-2-2-6,virtphy-84fb969f5c-nv7hc,6,1
1782283372,kube-system,coredns-c4dbffb5f-p9rsr,3,30
1782283372,kube-system,local-path-provisioner-5c4dc5d66d-nfqxz,1,15
1782283372,kube-system,metrics-server-786d997795-hcp2m,13,45
1782283372,kube-system,svclb-traefik-1100f998-kpm9h,0,0
1782283372,kube-system,traefik-9bcdbbd9-qtpjt,1,36
1782283372,tc-26-6-1-1-7,msc-test-stub-5b875d749d-qhcnt,1,16
1782283372,tc-26-6-1-1-7,osmo-bsc-594654bd47-mk546,1,5
1782283372,tc-26-6-1-1-7,osmo-bts-virtual-5f8b9b86fc-fwlzl,17,5
1782283372,tc-26-6-1-1-7,osmo-hlr-546bdb8988-vjqwp,1,2
1782283372,tc-26-6-1-1-7,osmo-mgw-8c8fc67d6-klmpk,1,2
1782283372,tc-26-6-1-1-7,osmo-mobile-58b76ddf85-gbd9r,3,36
1782283372,tc-26-6-1-1-7,osmo-stp-768687f494-6bzn7,1,2
1782283372,tc-26-6-1-1-7,ttcn3-tc-26-6-1-1-1-wsmkg,1,6
1782283372,tc-26-6-1-1-7,virtphy-576cdd77b8-29gc2,6,1
1782283372,tc-26-7-3-2-2,msc-test-stub-5b875d749d-vcrjm,1,16
1782283372,tc-26-7-3-2-2,osmo-bsc-594654bd47-7nw9l,1,5
1782283372,tc-26-7-3-2-2,osmo-bts-virtual-5f8b9b86fc-4fnh4,17,5
1782283372,tc-26-7-3-2-2,osmo-hlr-546bdb8988-dh7l7,1,2
1782283372,tc-26-7-3-2-2,osmo-mgw-8c8fc67d6-n8lxb,1,2
1782283372,tc-26-7-3-2-2,osmo-mobile-698697576-dlg79,2,33
1782283372,tc-26-7-3-2-2,osmo-stp-768687f494-ftknv,1,2
1782283372,tc-26-7-3-2-2,ttcn3-tc-26-7-3-2-1-b484k,1,6
1782283372,tc-26-7-3-2-2,virtphy-785d5cf49-h4csq,6,1
1782283372,tc-34-2-2-6,msc-test-stub-5b875d749d-n76gn,1,16
1782283372,tc-34-2-2-6,osmo-bsc-594654bd47-ngnw2,1,5
1782283372,tc-34-2-2-6,osmo-bts-virtual-5f8b9b86fc-49knq,18,5
1782283372,tc-34-2-2-6,osmo-hlr-546bdb8988-zlpbh,1,2
1782283372,tc-34-2-2-6,osmo-mgw-8c8fc67d6-rngtg,1,2
1782283372,tc-34-2-2-6,osmo-mobile-56b5cd4676-8st5t,3,36
1782283372,tc-34-2-2-6,osmo-stp-768687f494-tqplx,1,2
1782283372,tc-34-2-2-6,ttcn3-tc-34-2-2-1-zxdl7,1,6
1782283372,tc-34-2-2-6,virtphy-84fb969f5c-nv7hc,6,1
1782283375,kube-system,coredns-c4dbffb5f-p9rsr,3,30
1782283375,kube-system,local-path-provisioner-5c4dc5d66d-nfqxz,1,15
1782283375,kube-system,metrics-server-786d997795-hcp2m,13,45
1782283375,kube-system,svclb-traefik-1100f998-kpm9h,0,0
1782283375,kube-system,traefik-9bcdbbd9-qtpjt,1,36
1782283375,tc-26-6-1-1-7,msc-test-stub-5b875d749d-qhcnt,1,16
1782283375,tc-26-6-1-1-7,osmo-bsc-594654bd47-mk546,1,5
1782283375,tc-26-6-1-1-7,osmo-bts-virtual-5f8b9b86fc-fwlzl,17,5
1782283375,tc-26-6-1-1-7,osmo-hlr-546bdb8988-vjqwp,1,2
1782283375,tc-26-6-1-1-7,osmo-mgw-8c8fc67d6-klmpk,1,2
1782283375,tc-26-6-1-1-7,osmo-mobile-58b76ddf85-gbd9r,3,36
1782283375,tc-26-6-1-1-7,osmo-stp-768687f494-6bzn7,1,2
1782283375,tc-26-6-1-1-7,ttcn3-tc-26-6-1-1-1-wsmkg,1,6
1782283375,tc-26-6-1-1-7,virtphy-576cdd77b8-29gc2,6,1
1782283375,tc-26-7-3-2-2,msc-test-stub-5b875d749d-vcrjm,1,16
1782283375,tc-26-7-3-2-2,osmo-bsc-594654bd47-7nw9l,1,5
1782283375,tc-26-7-3-2-2,osmo-bts-virtual-5f8b9b86fc-4fnh4,17,5
1782283375,tc-26-7-3-2-2,osmo-hlr-546bdb8988-dh7l7,1,2
1782283375,tc-26-7-3-2-2,osmo-mgw-8c8fc67d6-n8lxb,1,2
1782283375,tc-26-7-3-2-2,osmo-mobile-698697576-dlg79,2,33
1782283375,tc-26-7-3-2-2,osmo-stp-768687f494-ftknv,1,2
1782283375,tc-26-7-3-2-2,ttcn3-tc-26-7-3-2-1-b484k,1,6
1782283375,tc-26-7-3-2-2,virtphy-785d5cf49-h4csq,6,1
1782283375,tc-34-2-2-6,msc-test-stub-5b875d749d-n76gn,1,16
1782283375,tc-34-2-2-6,osmo-bsc-594654bd47-ngnw2,1,5
1782283375,tc-34-2-2-6,osmo-bts-virtual-5f8b9b86fc-49knq,18,5
1782283375,tc-34-2-2-6,osmo-hlr-546bdb8988-zlpbh,1,2
1782283375,tc-34-2-2-6,osmo-mgw-8c8fc67d6-rngtg,1,2
1782283375,tc-34-2-2-6,osmo-mobile-56b5cd4676-8st5t,3,36
1782283375,tc-34-2-2-6,osmo-stp-768687f494-tqplx,1,2
1782283375,tc-34-2-2-6,ttcn3-tc-34-2-2-1-zxdl7,1,6
1782283375,tc-34-2-2-6,virtphy-84fb969f5c-nv7hc,6,1
1782283377,kube-system,coredns-c4dbffb5f-p9rsr,3,29
1782283377,kube-system,local-path-provisioner-5c4dc5d66d-nfqxz,1,15
1782283377,kube-system,metrics-server-786d997795-hcp2m,7,45
1782283377,kube-system,svclb-traefik-1100f998-kpm9h,0,0
1782283377,kube-system,traefik-9bcdbbd9-qtpjt,1,36
1782283377,tc-26-6-1-1-7,msc-test-stub-5b875d749d-qhcnt,1,16
1782283377,tc-26-6-1-1-7,osmo-bsc-594654bd47-mk546,1,5
1782283377,tc-26-6-1-1-7,osmo-bts-virtual-5f8b9b86fc-fwlzl,19,5
1782283377,tc-26-6-1-1-7,osmo-hlr-546bdb8988-vjqwp,1,2
1782283377,tc-26-6-1-1-7,osmo-mgw-8c8fc67d6-klmpk,1,2
1782283377,tc-26-6-1-1-7,osmo-mobile-58b76ddf85-gbd9r,3,36
1782283377,tc-26-6-1-1-7,osmo-stp-768687f494-6bzn7,1,2
1782283377,tc-26-6-1-1-7,ttcn3-tc-26-6-1-1-1-wsmkg,1,6
1782283377,tc-26-6-1-1-7,virtphy-576cdd77b8-29gc2,6,1
1782283377,tc-26-7-3-2-2,msc-test-stub-5b875d749d-vcrjm,1,16
1782283377,tc-26-7-3-2-2,osmo-bsc-594654bd47-7nw9l,1,5
1782283377,tc-26-7-3-2-2,osmo-bts-virtual-5f8b9b86fc-4fnh4,17,5
1782283377,tc-26-7-3-2-2,osmo-hlr-546bdb8988-dh7l7,1,2
1782283377,tc-26-7-3-2-2,osmo-mgw-8c8fc67d6-n8lxb,1,2
1782283377,tc-26-7-3-2-2,osmo-mobile-698697576-dlg79,2,33
1782283377,tc-26-7-3-2-2,osmo-stp-768687f494-ftknv,1,2
1782283377,tc-26-7-3-2-2,ttcn3-tc-26-7-3-2-1-b484k,1,6
1782283377,tc-26-7-3-2-2,virtphy-785d5cf49-h4csq,6,1
1782283377,tc-34-2-2-6,msc-test-stub-5b875d749d-n76gn,1,16
1782283377,tc-34-2-2-6,osmo-bsc-594654bd47-ngnw2,1,5
1782283377,tc-34-2-2-6,osmo-bts-virtual-5f8b9b86fc-49knq,20,5
1782283377,tc-34-2-2-6,osmo-hlr-546bdb8988-zlpbh,1,2
1782283377,tc-34-2-2-6,osmo-mgw-8c8fc67d6-rngtg,1,2
1782283377,tc-34-2-2-6,osmo-mobile-56b5cd4676-8st5t,2,36
1782283377,tc-34-2-2-6,osmo-stp-768687f494-tqplx,1,2
1782283377,tc-34-2-2-6,ttcn3-tc-34-2-2-1-zxdl7,1,6
1782283377,tc-34-2-2-6,virtphy-84fb969f5c-nv7hc,6,4
1782283379,kube-system,coredns-c4dbffb5f-p9rsr,3,29
1782283379,kube-system,local-path-provisioner-5c4dc5d66d-nfqxz,1,15
1782283379,kube-system,metrics-server-786d997795-hcp2m,7,45
1782283379,kube-system,svclb-traefik-1100f998-kpm9h,0,0
1782283379,kube-system,traefik-9bcdbbd9-qtpjt,1,36
1782283379,tc-26-6-1-1-7,msc-test-stub-5b875d749d-qhcnt,1,16
1782283379,tc-26-6-1-1-7,osmo-bsc-594654bd47-mk546,1,5
1782283379,tc-26-6-1-1-7,osmo-bts-virtual-5f8b9b86fc-fwlzl,19,5
1782283379,tc-26-6-1-1-7,osmo-hlr-546bdb8988-vjqwp,1,2
1782283379,tc-26-6-1-1-7,osmo-mgw-8c8fc67d6-klmpk,1,2
1782283379,tc-26-6-1-1-7,osmo-mobile-58b76ddf85-gbd9r,3,36
1782283379,tc-26-6-1-1-7,osmo-stp-768687f494-6bzn7,1,2
1782283379,tc-26-6-1-1-7,ttcn3-tc-26-6-1-1-1-wsmkg,1,6
1782283379,tc-26-6-1-1-7,virtphy-576cdd77b8-29gc2,6,1
1782283379,tc-26-7-3-2-2,msc-test-stub-5b875d749d-vcrjm,1,16
1782283379,tc-26-7-3-2-2,osmo-bsc-594654bd47-7nw9l,1,5
1782283379,tc-26-7-3-2-2,osmo-bts-virtual-5f8b9b86fc-4fnh4,17,5
1782283379,tc-26-7-3-2-2,osmo-hlr-546bdb8988-dh7l7,1,2
1782283379,tc-26-7-3-2-2,osmo-mgw-8c8fc67d6-n8lxb,1,2
1782283379,tc-26-7-3-2-2,osmo-mobile-698697576-dlg79,2,33
1782283379,tc-26-7-3-2-2,osmo-stp-768687f494-ftknv,1,2
1782283379,tc-26-7-3-2-2,ttcn3-tc-26-7-3-2-1-b484k,1,6
1782283379,tc-26-7-3-2-2,virtphy-785d5cf49-h4csq,6,1
1782283379,tc-34-2-2-6,msc-test-stub-5b875d749d-n76gn,1,16
1782283379,tc-34-2-2-6,osmo-bsc-594654bd47-ngnw2,1,5
1782283379,tc-34-2-2-6,osmo-bts-virtual-5f8b9b86fc-49knq,20,5
1782283379,tc-34-2-2-6,osmo-hlr-546bdb8988-zlpbh,1,2
1782283379,tc-34-2-2-6,osmo-mgw-8c8fc67d6-rngtg,1,2
1782283379,tc-34-2-2-6,osmo-mobile-56b5cd4676-8st5t,2,36
1782283379,tc-34-2-2-6,osmo-stp-768687f494-tqplx,1,2
1782283379,tc-34-2-2-6,ttcn3-tc-34-2-2-1-zxdl7,1,6
1782283379,tc-34-2-2-6,virtphy-84fb969f5c-nv7hc,6,4
1782283382,kube-system,coredns-c4dbffb5f-p9rsr,3,29
1782283382,kube-system,local-path-provisioner-5c4dc5d66d-nfqxz,1,15
1782283382,kube-system,metrics-server-786d997795-hcp2m,7,45
1782283382,kube-system,svclb-traefik-1100f998-kpm9h,0,0
1782283382,kube-system,traefik-9bcdbbd9-qtpjt,1,36
1782283382,tc-26-6-1-1-7,msc-test-stub-5b875d749d-qhcnt,1,16
1782283382,tc-26-6-1-1-7,osmo-bsc-594654bd47-mk546,1,5
1782283382,tc-26-6-1-1-7,osmo-bts-virtual-5f8b9b86fc-fwlzl,19,5
1782283382,tc-26-6-1-1-7,osmo-hlr-546bdb8988-vjqwp,1,2
1782283382,tc-26-6-1-1-7,osmo-mgw-8c8fc67d6-klmpk,1,2
1782283382,tc-26-6-1-1-7,osmo-mobile-58b76ddf85-gbd9r,3,36
1782283382,tc-26-6-1-1-7,osmo-stp-768687f494-6bzn7,1,2
1782283382,tc-26-6-1-1-7,ttcn3-tc-26-6-1-1-1-wsmkg,1,6
1782283382,tc-26-6-1-1-7,virtphy-576cdd77b8-29gc2,6,1
1782283382,tc-26-7-3-2-2,msc-test-stub-5b875d749d-vcrjm,1,16
1782283382,tc-26-7-3-2-2,osmo-bsc-594654bd47-7nw9l,1,5
1782283382,tc-26-7-3-2-2,osmo-bts-virtual-5f8b9b86fc-4fnh4,17,5
1782283382,tc-26-7-3-2-2,osmo-hlr-546bdb8988-dh7l7,1,2
1782283382,tc-26-7-3-2-2,osmo-mgw-8c8fc67d6-n8lxb,1,2
1782283382,tc-26-7-3-2-2,osmo-mobile-698697576-dlg79,2,33
1782283382,tc-26-7-3-2-2,osmo-stp-768687f494-ftknv,1,2
1782283382,tc-26-7-3-2-2,ttcn3-tc-26-7-3-2-1-b484k,1,6
1782283382,tc-26-7-3-2-2,virtphy-785d5cf49-h4csq,6,1
1782283382,tc-34-2-2-6,msc-test-stub-5b875d749d-n76gn,1,16
1782283382,tc-34-2-2-6,osmo-bsc-594654bd47-ngnw2,1,5
1782283382,tc-34-2-2-6,osmo-bts-virtual-5f8b9b86fc-49knq,20,5
1782283382,tc-34-2-2-6,osmo-hlr-546bdb8988-zlpbh,1,2
1782283382,tc-34-2-2-6,osmo-mgw-8c8fc67d6-rngtg,1,2
1782283382,tc-34-2-2-6,osmo-mobile-56b5cd4676-8st5t,2,36
1782283382,tc-34-2-2-6,osmo-stp-768687f494-tqplx,1,2
1782283382,tc-34-2-2-6,ttcn3-tc-34-2-2-1-zxdl7,1,6
1782283382,tc-34-2-2-6,virtphy-84fb969f5c-nv7hc,6,4
1782283384,kube-system,coredns-c4dbffb5f-p9rsr,3,29
1782283384,kube-system,local-path-provisioner-5c4dc5d66d-nfqxz,1,15
1782283384,kube-system,metrics-server-786d997795-hcp2m,7,45
1782283384,kube-system,svclb-traefik-1100f998-kpm9h,0,0
1782283384,kube-system,traefik-9bcdbbd9-qtpjt,1,36
1782283384,tc-26-6-1-1-7,msc-test-stub-5b875d749d-qhcnt,1,16
1782283384,tc-26-6-1-1-7,osmo-bsc-594654bd47-mk546,1,5
1782283384,tc-26-6-1-1-7,osmo-bts-virtual-5f8b9b86fc-fwlzl,19,5
1782283384,tc-26-6-1-1-7,osmo-hlr-546bdb8988-vjqwp,1,2
1782283384,tc-26-6-1-1-7,osmo-mgw-8c8fc67d6-klmpk,1,2
1782283384,tc-26-6-1-1-7,osmo-mobile-58b76ddf85-gbd9r,3,36
1782283384,tc-26-6-1-1-7,osmo-stp-768687f494-6bzn7,1,2
1782283384,tc-26-6-1-1-7,ttcn3-tc-26-6-1-1-1-wsmkg,1,6
1782283384,tc-26-6-1-1-7,virtphy-576cdd77b8-29gc2,6,1
1782283384,tc-26-7-3-2-2,msc-test-stub-5b875d749d-vcrjm,1,16
1782283384,tc-26-7-3-2-2,osmo-bsc-594654bd47-7nw9l,1,5
1782283384,tc-26-7-3-2-2,osmo-bts-virtual-5f8b9b86fc-4fnh4,17,5
1782283384,tc-26-7-3-2-2,osmo-hlr-546bdb8988-dh7l7,1,2
1782283384,tc-26-7-3-2-2,osmo-mgw-8c8fc67d6-n8lxb,1,2
1782283384,tc-26-7-3-2-2,osmo-mobile-698697576-dlg79,2,33
1782283384,tc-26-7-3-2-2,osmo-stp-768687f494-ftknv,1,2
1782283384,tc-26-7-3-2-2,ttcn3-tc-26-7-3-2-1-b484k,1,6
1782283384,tc-26-7-3-2-2,virtphy-785d5cf49-h4csq,6,1
1782283384,tc-34-2-2-6,msc-test-stub-5b875d749d-n76gn,1,16
1782283384,tc-34-2-2-6,osmo-bsc-594654bd47-ngnw2,1,5
1782283384,tc-34-2-2-6,osmo-bts-virtual-5f8b9b86fc-49knq,20,5
1782283384,tc-34-2-2-6,osmo-hlr-546bdb8988-zlpbh,1,2
1782283384,tc-34-2-2-6,osmo-mgw-8c8fc67d6-rngtg,1,2
1782283384,tc-34-2-2-6,osmo-mobile-56b5cd4676-8st5t,2,36
1782283384,tc-34-2-2-6,osmo-stp-768687f494-tqplx,1,2
1782283384,tc-34-2-2-6,ttcn3-tc-34-2-2-1-zxdl7,1,6
1782283384,tc-34-2-2-6,virtphy-84fb969f5c-nv7hc,6,4
1782283386,kube-system,coredns-c4dbffb5f-p9rsr,3,29
1782283386,kube-system,local-path-provisioner-5c4dc5d66d-nfqxz,1,15
1782283386,kube-system,metrics-server-786d997795-hcp2m,7,45
1782283386,kube-system,svclb-traefik-1100f998-kpm9h,0,0
1782283386,kube-system,traefik-9bcdbbd9-qtpjt,1,36
1782283386,tc-26-6-1-1-7,msc-test-stub-5b875d749d-qhcnt,1,16
1782283386,tc-26-6-1-1-7,osmo-bsc-594654bd47-mk546,1,5
1782283386,tc-26-6-1-1-7,osmo-bts-virtual-5f8b9b86fc-fwlzl,19,5
1782283386,tc-26-6-1-1-7,osmo-hlr-546bdb8988-vjqwp,1,2
1782283386,tc-26-6-1-1-7,osmo-mgw-8c8fc67d6-klmpk,1,2
1782283386,tc-26-6-1-1-7,osmo-mobile-58b76ddf85-gbd9r,3,36
1782283386,tc-26-6-1-1-7,osmo-stp-768687f494-6bzn7,1,2
1782283386,tc-26-6-1-1-7,ttcn3-tc-26-6-1-1-1-wsmkg,1,6
1782283386,tc-26-6-1-1-7,virtphy-576cdd77b8-29gc2,6,1
1782283386,tc-26-7-3-2-2,msc-test-stub-5b875d749d-vcrjm,1,16
1782283386,tc-26-7-3-2-2,osmo-bsc-594654bd47-7nw9l,1,5
1782283386,tc-26-7-3-2-2,osmo-bts-virtual-5f8b9b86fc-4fnh4,17,5
1782283386,tc-26-7-3-2-2,osmo-hlr-546bdb8988-dh7l7,1,2
1782283386,tc-26-7-3-2-2,osmo-mgw-8c8fc67d6-n8lxb,1,2
1782283386,tc-26-7-3-2-2,osmo-mobile-698697576-dlg79,2,33
1782283386,tc-26-7-3-2-2,osmo-stp-768687f494-ftknv,1,2
1782283386,tc-26-7-3-2-2,ttcn3-tc-26-7-3-2-1-b484k,1,6
1782283386,tc-26-7-3-2-2,virtphy-785d5cf49-h4csq,6,1
1782283386,tc-34-2-2-6,msc-test-stub-5b875d749d-n76gn,1,16
1782283386,tc-34-2-2-6,osmo-bsc-594654bd47-ngnw2,1,5
1782283386,tc-34-2-2-6,osmo-bts-virtual-5f8b9b86fc-49knq,20,5
1782283386,tc-34-2-2-6,osmo-hlr-546bdb8988-zlpbh,1,2
1782283386,tc-34-2-2-6,osmo-mgw-8c8fc67d6-rngtg,1,2
1782283386,tc-34-2-2-6,osmo-mobile-56b5cd4676-8st5t,2,36
1782283386,tc-34-2-2-6,osmo-stp-768687f494-tqplx,1,2
1782283386,tc-34-2-2-6,ttcn3-tc-34-2-2-1-zxdl7,1,6
1782283386,tc-34-2-2-6,virtphy-84fb969f5c-nv7hc,6,4
1782283388,kube-system,coredns-c4dbffb5f-p9rsr,3,29
1782283388,kube-system,local-path-provisioner-5c4dc5d66d-nfqxz,1,15
1782283388,kube-system,metrics-server-786d997795-hcp2m,7,45
1782283388,kube-system,svclb-traefik-1100f998-kpm9h,0,0
1782283388,kube-system,traefik-9bcdbbd9-qtpjt,1,36
1782283388,tc-26-6-1-1-7,msc-test-stub-5b875d749d-qhcnt,1,16
1782283388,tc-26-6-1-1-7,osmo-bsc-594654bd47-mk546,1,5
1782283388,tc-26-6-1-1-7,osmo-bts-virtual-5f8b9b86fc-fwlzl,19,5
1782283388,tc-26-6-1-1-7,osmo-hlr-546bdb8988-vjqwp,1,2
1782283388,tc-26-6-1-1-7,osmo-mgw-8c8fc67d6-klmpk,1,2
1782283388,tc-26-6-1-1-7,osmo-mobile-58b76ddf85-gbd9r,3,36
1782283388,tc-26-6-1-1-7,osmo-stp-768687f494-6bzn7,1,2
1782283388,tc-26-6-1-1-7,ttcn3-tc-26-6-1-1-1-wsmkg,1,6
1782283388,tc-26-6-1-1-7,virtphy-576cdd77b8-29gc2,6,1
1782283388,tc-26-7-3-2-2,msc-test-stub-5b875d749d-vcrjm,1,16
1782283388,tc-26-7-3-2-2,osmo-bsc-594654bd47-7nw9l,1,5
1782283388,tc-26-7-3-2-2,osmo-bts-virtual-5f8b9b86fc-4fnh4,17,5
1782283388,tc-26-7-3-2-2,osmo-hlr-546bdb8988-dh7l7,1,2
1782283388,tc-26-7-3-2-2,osmo-mgw-8c8fc67d6-n8lxb,1,2
1782283388,tc-26-7-3-2-2,osmo-mobile-698697576-dlg79,2,33
1782283388,tc-26-7-3-2-2,osmo-stp-768687f494-ftknv,1,2
1782283388,tc-26-7-3-2-2,ttcn3-tc-26-7-3-2-1-b484k,1,6
1782283388,tc-26-7-3-2-2,virtphy-785d5cf49-h4csq,6,1
1782283388,tc-34-2-2-6,msc-test-stub-5b875d749d-n76gn,1,16
1782283388,tc-34-2-2-6,osmo-bsc-594654bd47-ngnw2,1,5
1782283388,tc-34-2-2-6,osmo-bts-virtual-5f8b9b86fc-49knq,20,5
1782283388,tc-34-2-2-6,osmo-hlr-546bdb8988-zlpbh,1,2
1782283388,tc-34-2-2-6,osmo-mgw-8c8fc67d6-rngtg,1,2
1782283388,tc-34-2-2-6,osmo-mobile-56b5cd4676-8st5t,2,36
1782283388,tc-34-2-2-6,osmo-stp-768687f494-tqplx,1,2
1782283388,tc-34-2-2-6,ttcn3-tc-34-2-2-1-zxdl7,1,6
1782283388,tc-34-2-2-6,virtphy-84fb969f5c-nv7hc,6,4
1782283390,kube-system,coredns-c4dbffb5f-p9rsr,3,29
1782283390,kube-system,local-path-provisioner-5c4dc5d66d-nfqxz,1,15
1782283390,kube-system,metrics-server-786d997795-hcp2m,7,45
1782283390,kube-system,svclb-traefik-1100f998-kpm9h,0,0
1782283390,kube-system,traefik-9bcdbbd9-qtpjt,1,36
1782283390,tc-26-6-1-1-7,msc-test-stub-5b875d749d-qhcnt,1,16
1782283390,tc-26-6-1-1-7,osmo-bsc-594654bd47-mk546,1,5
1782283390,tc-26-6-1-1-7,osmo-bts-virtual-5f8b9b86fc-fwlzl,19,5
1782283390,tc-26-6-1-1-7,osmo-hlr-546bdb8988-vjqwp,1,2
1782283390,tc-26-6-1-1-7,osmo-mgw-8c8fc67d6-klmpk,1,2
1782283390,tc-26-6-1-1-7,osmo-mobile-58b76ddf85-gbd9r,3,36
1782283390,tc-26-6-1-1-7,osmo-stp-768687f494-6bzn7,1,2
1782283390,tc-26-6-1-1-7,ttcn3-tc-26-6-1-1-1-wsmkg,1,6
1782283390,tc-26-6-1-1-7,virtphy-576cdd77b8-29gc2,6,1
1782283390,tc-26-7-3-2-2,msc-test-stub-5b875d749d-vcrjm,1,16
1782283390,tc-26-7-3-2-2,osmo-bsc-594654bd47-7nw9l,1,5
1782283390,tc-26-7-3-2-2,osmo-bts-virtual-5f8b9b86fc-4fnh4,17,5
1782283390,tc-26-7-3-2-2,osmo-hlr-546bdb8988-dh7l7,1,2
1782283390,tc-26-7-3-2-2,osmo-mgw-8c8fc67d6-n8lxb,1,2
1782283390,tc-26-7-3-2-2,osmo-mobile-698697576-dlg79,2,33
1782283390,tc-26-7-3-2-2,osmo-stp-768687f494-ftknv,1,2
1782283390,tc-26-7-3-2-2,ttcn3-tc-26-7-3-2-1-b484k,1,6
1782283390,tc-26-7-3-2-2,virtphy-785d5cf49-h4csq,6,1
1782283390,tc-34-2-2-6,msc-test-stub-5b875d749d-n76gn,1,16
1782283390,tc-34-2-2-6,osmo-bsc-594654bd47-ngnw2,1,5
1782283390,tc-34-2-2-6,osmo-bts-virtual-5f8b9b86fc-49knq,20,5
1782283390,tc-34-2-2-6,osmo-hlr-546bdb8988-zlpbh,1,2
1782283390,tc-34-2-2-6,osmo-mgw-8c8fc67d6-rngtg,1,2
1782283390,tc-34-2-2-6,osmo-mobile-56b5cd4676-8st5t,2,36
1782283390,tc-34-2-2-6,osmo-stp-768687f494-tqplx,1,2
1782283390,tc-34-2-2-6,ttcn3-tc-34-2-2-1-zxdl7,1,6
1782283390,tc-34-2-2-6,virtphy-84fb969f5c-nv7hc,6,4
1782283392,kube-system,coredns-c4dbffb5f-p9rsr,3,29
1782283392,kube-system,local-path-provisioner-5c4dc5d66d-nfqxz,1,15
1782283392,kube-system,metrics-server-786d997795-hcp2m,7,45
1782283392,kube-system,svclb-traefik-1100f998-kpm9h,0,0
1782283392,kube-system,traefik-9bcdbbd9-qtpjt,1,36
1782283392,tc-26-6-1-1-7,msc-test-stub-5b875d749d-qhcnt,1,16
1782283392,tc-26-6-1-1-7,osmo-bsc-594654bd47-mk546,1,5
1782283392,tc-26-6-1-1-7,osmo-bts-virtual-5f8b9b86fc-fwlzl,19,5
1782283392,tc-26-6-1-1-7,osmo-hlr-546bdb8988-vjqwp,1,2
1782283392,tc-26-6-1-1-7,osmo-mgw-8c8fc67d6-klmpk,1,2
1782283392,tc-26-6-1-1-7,osmo-mobile-58b76ddf85-gbd9r,3,36
1782283392,tc-26-6-1-1-7,osmo-stp-768687f494-6bzn7,1,2
1782283392,tc-26-6-1-1-7,ttcn3-tc-26-6-1-1-1-wsmkg,1,6
1782283392,tc-26-6-1-1-7,virtphy-576cdd77b8-29gc2,6,1
1782283392,tc-26-7-3-2-2,msc-test-stub-5b875d749d-vcrjm,1,16
1782283392,tc-26-7-3-2-2,osmo-bsc-594654bd47-7nw9l,1,5
1782283392,tc-26-7-3-2-2,osmo-bts-virtual-5f8b9b86fc-4fnh4,17,5
1782283392,tc-26-7-3-2-2,osmo-hlr-546bdb8988-dh7l7,1,2
1782283392,tc-26-7-3-2-2,osmo-mgw-8c8fc67d6-n8lxb,1,2
1782283392,tc-26-7-3-2-2,osmo-mobile-698697576-dlg79,2,33
1782283392,tc-26-7-3-2-2,osmo-stp-768687f494-ftknv,1,2
1782283392,tc-26-7-3-2-2,ttcn3-tc-26-7-3-2-1-b484k,1,6
1782283392,tc-26-7-3-2-2,virtphy-785d5cf49-h4csq,6,1
1782283392,tc-34-2-2-6,msc-test-stub-5b875d749d-n76gn,1,16
1782283392,tc-34-2-2-6,osmo-bsc-594654bd47-ngnw2,1,5
1782283392,tc-34-2-2-6,osmo-bts-virtual-5f8b9b86fc-49knq,20,5
1782283392,tc-34-2-2-6,osmo-hlr-546bdb8988-zlpbh,1,2
1782283392,tc-34-2-2-6,osmo-mgw-8c8fc67d6-rngtg,1,2
1782283392,tc-34-2-2-6,osmo-mobile-56b5cd4676-8st5t,2,36
1782283392,tc-34-2-2-6,osmo-stp-768687f494-tqplx,1,2
1782283392,tc-34-2-2-6,ttcn3-tc-34-2-2-1-zxdl7,1,6
1782283392,tc-34-2-2-6,virtphy-84fb969f5c-nv7hc,6,4
1782283394,kube-system,coredns-c4dbffb5f-p9rsr,3,29
1782283394,kube-system,local-path-provisioner-5c4dc5d66d-nfqxz,1,15
1782283394,kube-system,metrics-server-786d997795-hcp2m,11,46
1782283394,kube-system,svclb-traefik-1100f998-kpm9h,0,0
1782283394,kube-system,traefik-9bcdbbd9-qtpjt,1,36
1782283394,tc-26-6-1-1-7,msc-test-stub-5b875d749d-qhcnt,1,16
1782283394,tc-26-6-1-1-7,osmo-bsc-594654bd47-mk546,1,5
1782283394,tc-26-6-1-1-7,osmo-bts-virtual-5f8b9b86fc-fwlzl,16,5
1782283394,tc-26-6-1-1-7,osmo-hlr-546bdb8988-vjqwp,1,2
1782283394,tc-26-6-1-1-7,osmo-mgw-8c8fc67d6-klmpk,1,2
1782283394,tc-26-6-1-1-7,osmo-mobile-58b76ddf85-gbd9r,2,36
1782283394,tc-26-6-1-1-7,osmo-stp-768687f494-6bzn7,1,2
1782283394,tc-26-6-1-1-7,ttcn3-tc-26-6-1-1-1-wsmkg,1,6
1782283394,tc-26-6-1-1-7,virtphy-576cdd77b8-29gc2,6,1
1782283394,tc-26-7-3-2-2,msc-test-stub-5b875d749d-vcrjm,1,16
1782283394,tc-26-7-3-2-2,osmo-bsc-594654bd47-7nw9l,1,5
1782283394,tc-26-7-3-2-2,osmo-bts-virtual-5f8b9b86fc-4fnh4,20,5
1782283394,tc-26-7-3-2-2,osmo-hlr-546bdb8988-dh7l7,1,2
1782283394,tc-26-7-3-2-2,osmo-mgw-8c8fc67d6-n8lxb,1,2
1782283394,tc-26-7-3-2-2,osmo-mobile-698697576-dlg79,2,33
1782283394,tc-26-7-3-2-2,osmo-stp-768687f494-ftknv,1,2
1782283394,tc-26-7-3-2-2,ttcn3-tc-26-7-3-2-1-b484k,1,6
1782283394,tc-26-7-3-2-2,virtphy-785d5cf49-h4csq,6,1
1782283394,tc-34-2-2-6,msc-test-stub-5b875d749d-n76gn,1,16
1782283394,tc-34-2-2-6,osmo-bsc-594654bd47-ngnw2,1,5
1782283394,tc-34-2-2-6,osmo-bts-virtual-5f8b9b86fc-49knq,18,5
1782283394,tc-34-2-2-6,osmo-hlr-546bdb8988-zlpbh,1,2
1782283394,tc-34-2-2-6,osmo-mgw-8c8fc67d6-rngtg,1,2
1782283394,tc-34-2-2-6,osmo-mobile-56b5cd4676-8st5t,2,36
1782283394,tc-34-2-2-6,osmo-stp-768687f494-tqplx,1,2
1782283394,tc-34-2-2-6,ttcn3-tc-34-2-2-1-zxdl7,1,6
1782283394,tc-34-2-2-6,virtphy-84fb969f5c-nv7hc,7,1
1782283396,kube-system,coredns-c4dbffb5f-p9rsr,3,29
1782283396,kube-system,local-path-provisioner-5c4dc5d66d-nfqxz,1,15
1782283396,kube-system,metrics-server-786d997795-hcp2m,11,46
1782283396,kube-system,svclb-traefik-1100f998-kpm9h,0,0
1782283396,kube-system,traefik-9bcdbbd9-qtpjt,1,36
1782283396,tc-26-6-1-1-7,msc-test-stub-5b875d749d-qhcnt,1,16
1782283396,tc-26-6-1-1-7,osmo-bsc-594654bd47-mk546,1,5
1782283396,tc-26-6-1-1-7,osmo-bts-virtual-5f8b9b86fc-fwlzl,16,5
1782283396,tc-26-6-1-1-7,osmo-hlr-546bdb8988-vjqwp,1,2
1782283396,tc-26-6-1-1-7,osmo-mgw-8c8fc67d6-klmpk,1,2
1782283396,tc-26-6-1-1-7,osmo-mobile-58b76ddf85-gbd9r,2,36
1782283396,tc-26-6-1-1-7,osmo-stp-768687f494-6bzn7,1,2
1782283396,tc-26-6-1-1-7,ttcn3-tc-26-6-1-1-1-wsmkg,1,6
1782283396,tc-26-6-1-1-7,virtphy-576cdd77b8-29gc2,6,1
1782283396,tc-26-7-3-2-2,msc-test-stub-5b875d749d-vcrjm,1,16
1782283396,tc-26-7-3-2-2,osmo-bsc-594654bd47-7nw9l,1,5
1782283396,tc-26-7-3-2-2,osmo-bts-virtual-5f8b9b86fc-4fnh4,20,5
1782283396,tc-26-7-3-2-2,osmo-hlr-546bdb8988-dh7l7,1,2
1782283396,tc-26-7-3-2-2,osmo-mgw-8c8fc67d6-n8lxb,1,2
1782283396,tc-26-7-3-2-2,osmo-mobile-698697576-dlg79,2,33
1782283396,tc-26-7-3-2-2,osmo-stp-768687f494-ftknv,1,2
1782283396,tc-26-7-3-2-2,ttcn3-tc-26-7-3-2-1-b484k,1,6
1782283396,tc-26-7-3-2-2,virtphy-785d5cf49-h4csq,6,1
1782283396,tc-34-2-2-6,msc-test-stub-5b875d749d-n76gn,1,16
1782283396,tc-34-2-2-6,osmo-bsc-594654bd47-ngnw2,1,5
1782283396,tc-34-2-2-6,osmo-bts-virtual-5f8b9b86fc-49knq,18,5
1782283396,tc-34-2-2-6,osmo-hlr-546bdb8988-zlpbh,1,2
1782283396,tc-34-2-2-6,osmo-mgw-8c8fc67d6-rngtg,1,2
1782283396,tc-34-2-2-6,osmo-mobile-56b5cd4676-8st5t,2,36
1782283396,tc-34-2-2-6,osmo-stp-768687f494-tqplx,1,2
1782283396,tc-34-2-2-6,ttcn3-tc-34-2-2-1-zxdl7,1,6
1782283396,tc-34-2-2-6,virtphy-84fb969f5c-nv7hc,7,1
1782283398,kube-system,coredns-c4dbffb5f-p9rsr,3,29
1782283398,kube-system,local-path-provisioner-5c4dc5d66d-nfqxz,1,15
1782283398,kube-system,metrics-server-786d997795-hcp2m,11,46
1782283398,kube-system,svclb-traefik-1100f998-kpm9h,0,0
1782283398,kube-system,traefik-9bcdbbd9-qtpjt,1,36
1782283398,tc-26-6-1-1-7,msc-test-stub-5b875d749d-qhcnt,1,16
1782283398,tc-26-6-1-1-7,osmo-bsc-594654bd47-mk546,1,5
1782283398,tc-26-6-1-1-7,osmo-bts-virtual-5f8b9b86fc-fwlzl,16,5
1782283398,tc-26-6-1-1-7,osmo-hlr-546bdb8988-vjqwp,1,2
1782283398,tc-26-6-1-1-7,osmo-mgw-8c8fc67d6-klmpk,1,2
1782283398,tc-26-6-1-1-7,osmo-mobile-58b76ddf85-gbd9r,2,36
1782283398,tc-26-6-1-1-7,osmo-stp-768687f494-6bzn7,1,2
1782283398,tc-26-6-1-1-7,ttcn3-tc-26-6-1-1-1-wsmkg,1,6
1782283398,tc-26-6-1-1-7,virtphy-576cdd77b8-29gc2,6,1
1782283398,tc-26-7-3-2-2,msc-test-stub-5b875d749d-vcrjm,1,16
1782283398,tc-26-7-3-2-2,osmo-bsc-594654bd47-7nw9l,1,5
1782283398,tc-26-7-3-2-2,osmo-bts-virtual-5f8b9b86fc-4fnh4,20,5
1782283398,tc-26-7-3-2-2,osmo-hlr-546bdb8988-dh7l7,1,2
1782283398,tc-26-7-3-2-2,osmo-mgw-8c8fc67d6-n8lxb,1,2
1782283398,tc-26-7-3-2-2,osmo-mobile-698697576-dlg79,2,33
1782283398,tc-26-7-3-2-2,osmo-stp-768687f494-ftknv,1,2
1782283398,tc-26-7-3-2-2,ttcn3-tc-26-7-3-2-1-b484k,1,6
1782283398,tc-26-7-3-2-2,virtphy-785d5cf49-h4csq,6,1
1782283398,tc-34-2-2-6,msc-test-stub-5b875d749d-n76gn,1,16
1782283398,tc-34-2-2-6,osmo-bsc-594654bd47-ngnw2,1,5
1782283398,tc-34-2-2-6,osmo-bts-virtual-5f8b9b86fc-49knq,18,5
1782283398,tc-34-2-2-6,osmo-hlr-546bdb8988-zlpbh,1,2
1782283398,tc-34-2-2-6,osmo-mgw-8c8fc67d6-rngtg,1,2
1782283398,tc-34-2-2-6,osmo-mobile-56b5cd4676-8st5t,2,36
1782283398,tc-34-2-2-6,osmo-stp-768687f494-tqplx,1,2
1782283398,tc-34-2-2-6,ttcn3-tc-34-2-2-1-zxdl7,1,6
1782283398,tc-34-2-2-6,virtphy-84fb969f5c-nv7hc,7,1
1782283401,kube-system,coredns-c4dbffb5f-p9rsr,3,29
1782283401,kube-system,local-path-provisioner-5c4dc5d66d-nfqxz,1,15
1782283401,kube-system,metrics-server-786d997795-hcp2m,11,46
1782283401,kube-system,svclb-traefik-1100f998-kpm9h,0,0
1782283401,kube-system,traefik-9bcdbbd9-qtpjt,1,36
1782283401,tc-26-6-1-1-7,msc-test-stub-5b875d749d-qhcnt,1,16
1782283401,tc-26-6-1-1-7,osmo-bsc-594654bd47-mk546,1,5
1782283401,tc-26-6-1-1-7,osmo-bts-virtual-5f8b9b86fc-fwlzl,16,5
1782283401,tc-26-6-1-1-7,osmo-hlr-546bdb8988-vjqwp,1,2
1782283401,tc-26-6-1-1-7,osmo-mgw-8c8fc67d6-klmpk,1,2
1782283401,tc-26-6-1-1-7,osmo-mobile-58b76ddf85-gbd9r,2,36
1782283401,tc-26-6-1-1-7,osmo-stp-768687f494-6bzn7,1,2
1782283401,tc-26-6-1-1-7,ttcn3-tc-26-6-1-1-1-wsmkg,1,6
1782283401,tc-26-6-1-1-7,virtphy-576cdd77b8-29gc2,6,1
1782283401,tc-26-7-3-2-2,msc-test-stub-5b875d749d-vcrjm,1,16
1782283401,tc-26-7-3-2-2,osmo-bsc-594654bd47-7nw9l,1,5
1782283401,tc-26-7-3-2-2,osmo-bts-virtual-5f8b9b86fc-4fnh4,20,5
1782283401,tc-26-7-3-2-2,osmo-hlr-546bdb8988-dh7l7,1,2
1782283401,tc-26-7-3-2-2,osmo-mgw-8c8fc67d6-n8lxb,1,2
1782283401,tc-26-7-3-2-2,osmo-mobile-698697576-dlg79,2,33
1782283401,tc-26-7-3-2-2,osmo-stp-768687f494-ftknv,1,2
1782283401,tc-26-7-3-2-2,ttcn3-tc-26-7-3-2-1-b484k,1,6
1782283401,tc-26-7-3-2-2,virtphy-785d5cf49-h4csq,6,1
1782283401,tc-34-2-2-6,msc-test-stub-5b875d749d-n76gn,1,16
1782283401,tc-34-2-2-6,osmo-bsc-594654bd47-ngnw2,1,5
1782283401,tc-34-2-2-6,osmo-bts-virtual-5f8b9b86fc-49knq,18,5
1782283401,tc-34-2-2-6,osmo-hlr-546bdb8988-zlpbh,1,2
1782283401,tc-34-2-2-6,osmo-mgw-8c8fc67d6-rngtg,1,2
1782283401,tc-34-2-2-6,osmo-mobile-56b5cd4676-8st5t,2,36
1782283401,tc-34-2-2-6,osmo-stp-768687f494-tqplx,1,2
1782283401,tc-34-2-2-6,ttcn3-tc-34-2-2-1-zxdl7,1,6
1782283401,tc-34-2-2-6,virtphy-84fb969f5c-nv7hc,7,1
1782283403,kube-system,coredns-c4dbffb5f-p9rsr,3,29
1782283403,kube-system,local-path-provisioner-5c4dc5d66d-nfqxz,1,15
1782283403,kube-system,metrics-server-786d997795-hcp2m,11,46
1782283403,kube-system,svclb-traefik-1100f998-kpm9h,0,0
1782283403,kube-system,traefik-9bcdbbd9-qtpjt,1,36
1782283403,tc-26-6-1-1-7,msc-test-stub-5b875d749d-qhcnt,1,16
1782283403,tc-26-6-1-1-7,osmo-bsc-594654bd47-mk546,1,5
1782283403,tc-26-6-1-1-7,osmo-bts-virtual-5f8b9b86fc-fwlzl,16,5
1782283403,tc-26-6-1-1-7,osmo-hlr-546bdb8988-vjqwp,1,2
1782283403,tc-26-6-1-1-7,osmo-mgw-8c8fc67d6-klmpk,1,2
1782283403,tc-26-6-1-1-7,osmo-mobile-58b76ddf85-gbd9r,2,36
1782283403,tc-26-6-1-1-7,osmo-stp-768687f494-6bzn7,1,2
1782283403,tc-26-6-1-1-7,ttcn3-tc-26-6-1-1-1-wsmkg,1,6
1782283403,tc-26-6-1-1-7,virtphy-576cdd77b8-29gc2,6,1
1782283403,tc-26-7-3-2-2,msc-test-stub-5b875d749d-vcrjm,1,16
1782283403,tc-26-7-3-2-2,osmo-bsc-594654bd47-7nw9l,1,5
1782283403,tc-26-7-3-2-2,osmo-bts-virtual-5f8b9b86fc-4fnh4,20,5
1782283403,tc-26-7-3-2-2,osmo-hlr-546bdb8988-dh7l7,1,2
1782283403,tc-26-7-3-2-2,osmo-mgw-8c8fc67d6-n8lxb,1,2
1782283403,tc-26-7-3-2-2,osmo-mobile-698697576-dlg79,2,33
1782283403,tc-26-7-3-2-2,osmo-stp-768687f494-ftknv,1,2
1782283403,tc-26-7-3-2-2,ttcn3-tc-26-7-3-2-1-b484k,1,6
1782283403,tc-26-7-3-2-2,virtphy-785d5cf49-h4csq,6,1
1782283403,tc-34-2-2-6,msc-test-stub-5b875d749d-n76gn,1,16
1782283403,tc-34-2-2-6,osmo-bsc-594654bd47-ngnw2,1,5
1782283403,tc-34-2-2-6,osmo-bts-virtual-5f8b9b86fc-49knq,18,5
1782283403,tc-34-2-2-6,osmo-hlr-546bdb8988-zlpbh,1,2
1782283403,tc-34-2-2-6,osmo-mgw-8c8fc67d6-rngtg,1,2
1782283403,tc-34-2-2-6,osmo-mobile-56b5cd4676-8st5t,2,36
1782283403,tc-34-2-2-6,osmo-stp-768687f494-tqplx,1,2
1782283403,tc-34-2-2-6,ttcn3-tc-34-2-2-1-zxdl7,1,6
1782283403,tc-34-2-2-6,virtphy-84fb969f5c-nv7hc,7,1
1782283405,kube-system,coredns-c4dbffb5f-p9rsr,3,29
1782283405,kube-system,local-path-provisioner-5c4dc5d66d-nfqxz,1,15
1782283405,kube-system,metrics-server-786d997795-hcp2m,11,46
1782283405,kube-system,svclb-traefik-1100f998-kpm9h,0,0
1782283405,kube-system,traefik-9bcdbbd9-qtpjt,1,36
1782283405,tc-26-6-1-1-7,msc-test-stub-5b875d749d-qhcnt,1,16
1782283405,tc-26-6-1-1-7,osmo-bsc-594654bd47-mk546,1,5
1782283405,tc-26-6-1-1-7,osmo-bts-virtual-5f8b9b86fc-fwlzl,16,5
1782283405,tc-26-6-1-1-7,osmo-hlr-546bdb8988-vjqwp,1,2
1782283405,tc-26-6-1-1-7,osmo-mgw-8c8fc67d6-klmpk,1,2
1782283405,tc-26-6-1-1-7,osmo-mobile-58b76ddf85-gbd9r,2,36
1782283405,tc-26-6-1-1-7,osmo-stp-768687f494-6bzn7,1,2
1782283405,tc-26-6-1-1-7,ttcn3-tc-26-6-1-1-1-wsmkg,1,6
1782283405,tc-26-6-1-1-7,virtphy-576cdd77b8-29gc2,6,1
1782283405,tc-26-7-3-2-2,msc-test-stub-5b875d749d-vcrjm,1,16
1782283405,tc-26-7-3-2-2,osmo-bsc-594654bd47-7nw9l,1,5
1782283405,tc-26-7-3-2-2,osmo-bts-virtual-5f8b9b86fc-4fnh4,20,5
1782283405,tc-26-7-3-2-2,osmo-hlr-546bdb8988-dh7l7,1,2
1782283405,tc-26-7-3-2-2,osmo-mgw-8c8fc67d6-n8lxb,1,2
1782283405,tc-26-7-3-2-2,osmo-mobile-698697576-dlg79,2,33
1782283405,tc-26-7-3-2-2,osmo-stp-768687f494-ftknv,1,2
1782283405,tc-26-7-3-2-2,ttcn3-tc-26-7-3-2-1-b484k,1,6
1782283405,tc-26-7-3-2-2,virtphy-785d5cf49-h4csq,6,1
1782283405,tc-34-2-2-6,msc-test-stub-5b875d749d-n76gn,1,16
1782283405,tc-34-2-2-6,osmo-bsc-594654bd47-ngnw2,1,5
1782283405,tc-34-2-2-6,osmo-bts-virtual-5f8b9b86fc-49knq,18,5
1782283405,tc-34-2-2-6,osmo-hlr-546bdb8988-zlpbh,1,2
1782283405,tc-34-2-2-6,osmo-mgw-8c8fc67d6-rngtg,1,2
1782283405,tc-34-2-2-6,osmo-mobile-56b5cd4676-8st5t,2,36
1782283405,tc-34-2-2-6,osmo-stp-768687f494-tqplx,1,2
1782283405,tc-34-2-2-6,ttcn3-tc-34-2-2-1-zxdl7,1,6
1782283405,tc-34-2-2-6,virtphy-84fb969f5c-nv7hc,7,1
1782283407,kube-system,coredns-c4dbffb5f-p9rsr,3,29
1782283407,kube-system,local-path-provisioner-5c4dc5d66d-nfqxz,1,15
1782283407,kube-system,metrics-server-786d997795-hcp2m,11,46
1782283407,kube-system,svclb-traefik-1100f998-kpm9h,0,0
1782283407,kube-system,traefik-9bcdbbd9-qtpjt,1,36
1782283407,tc-26-6-1-1-7,msc-test-stub-5b875d749d-qhcnt,1,16
1782283407,tc-26-6-1-1-7,osmo-bsc-594654bd47-mk546,1,5
1782283407,tc-26-6-1-1-7,osmo-bts-virtual-5f8b9b86fc-fwlzl,16,5
1782283407,tc-26-6-1-1-7,osmo-hlr-546bdb8988-vjqwp,1,2
1782283407,tc-26-6-1-1-7,osmo-mgw-8c8fc67d6-klmpk,1,2
1782283407,tc-26-6-1-1-7,osmo-mobile-58b76ddf85-gbd9r,2,36
1782283407,tc-26-6-1-1-7,osmo-stp-768687f494-6bzn7,1,2
1782283407,tc-26-6-1-1-7,ttcn3-tc-26-6-1-1-1-wsmkg,1,6
1782283407,tc-26-6-1-1-7,virtphy-576cdd77b8-29gc2,6,1
1782283407,tc-26-7-3-2-2,msc-test-stub-5b875d749d-vcrjm,1,16
1782283407,tc-26-7-3-2-2,osmo-bsc-594654bd47-7nw9l,1,5
1782283407,tc-26-7-3-2-2,osmo-bts-virtual-5f8b9b86fc-4fnh4,20,5
1782283407,tc-26-7-3-2-2,osmo-hlr-546bdb8988-dh7l7,1,2
1782283407,tc-26-7-3-2-2,osmo-mgw-8c8fc67d6-n8lxb,1,2
1782283407,tc-26-7-3-2-2,osmo-mobile-698697576-dlg79,2,33
1782283407,tc-26-7-3-2-2,osmo-stp-768687f494-ftknv,1,2
1782283407,tc-26-7-3-2-2,ttcn3-tc-26-7-3-2-1-b484k,1,6
1782283407,tc-26-7-3-2-2,virtphy-785d5cf49-h4csq,6,1
1782283407,tc-34-2-2-6,msc-test-stub-5b875d749d-n76gn,1,16
1782283407,tc-34-2-2-6,osmo-bsc-594654bd47-ngnw2,1,5
1782283407,tc-34-2-2-6,osmo-bts-virtual-5f8b9b86fc-49knq,18,5
1782283407,tc-34-2-2-6,osmo-hlr-546bdb8988-zlpbh,1,2
1782283407,tc-34-2-2-6,osmo-mgw-8c8fc67d6-rngtg,1,2
1782283407,tc-34-2-2-6,osmo-mobile-56b5cd4676-8st5t,2,36
1782283407,tc-34-2-2-6,osmo-stp-768687f494-tqplx,1,2
1782283407,tc-34-2-2-6,ttcn3-tc-34-2-2-1-zxdl7,1,6
1782283407,tc-34-2-2-6,virtphy-84fb969f5c-nv7hc,7,1
1782283409,kube-system,coredns-c4dbffb5f-p9rsr,3,29
1782283409,kube-system,local-path-provisioner-5c4dc5d66d-nfqxz,1,15
1782283409,kube-system,metrics-server-786d997795-hcp2m,9,46
1782283409,kube-system,svclb-traefik-1100f998-kpm9h,0,0
1782283409,kube-system,traefik-9bcdbbd9-qtpjt,1,36
1782283409,tc-26-6-1-1-7,msc-test-stub-5b875d749d-qhcnt,1,16
1782283409,tc-26-6-1-1-7,osmo-bsc-594654bd47-mk546,1,5
1782283409,tc-26-6-1-1-7,osmo-bts-virtual-5f8b9b86fc-fwlzl,17,5
1782283409,tc-26-6-1-1-7,osmo-hlr-546bdb8988-vjqwp,1,2
1782283409,tc-26-6-1-1-7,osmo-mgw-8c8fc67d6-klmpk,1,2
1782283409,tc-26-6-1-1-7,osmo-mobile-58b76ddf85-gbd9r,3,36
1782283409,tc-26-6-1-1-7,osmo-stp-768687f494-6bzn7,1,2
1782283409,tc-26-6-1-1-7,ttcn3-tc-26-6-1-1-1-wsmkg,1,6
1782283409,tc-26-6-1-1-7,virtphy-576cdd77b8-29gc2,7,1
1782283409,tc-26-7-3-2-2,msc-test-stub-5b875d749d-vcrjm,1,16
1782283409,tc-26-7-3-2-2,osmo-bsc-594654bd47-7nw9l,1,5
1782283409,tc-26-7-3-2-2,osmo-bts-virtual-5f8b9b86fc-4fnh4,18,5
1782283409,tc-26-7-3-2-2,osmo-hlr-546bdb8988-dh7l7,1,2
1782283409,tc-26-7-3-2-2,osmo-mgw-8c8fc67d6-n8lxb,1,2
1782283409,tc-26-7-3-2-2,osmo-mobile-698697576-dlg79,2,33
1782283409,tc-26-7-3-2-2,osmo-stp-768687f494-ftknv,1,2
1782283409,tc-26-7-3-2-2,ttcn3-tc-26-7-3-2-1-b484k,1,6
1782283409,tc-26-7-3-2-2,virtphy-785d5cf49-h4csq,6,1
1782283409,tc-34-2-2-6,msc-test-stub-5b875d749d-n76gn,1,16
1782283409,tc-34-2-2-6,osmo-bsc-594654bd47-ngnw2,1,5
1782283409,tc-34-2-2-6,osmo-bts-virtual-5f8b9b86fc-49knq,18,5
1782283409,tc-34-2-2-6,osmo-hlr-546bdb8988-zlpbh,1,2
1782283409,tc-34-2-2-6,osmo-mgw-8c8fc67d6-rngtg,1,2
1782283409,tc-34-2-2-6,osmo-mobile-56b5cd4676-8st5t,2,36
1782283409,tc-34-2-2-6,osmo-stp-768687f494-tqplx,1,2
1782283409,tc-34-2-2-6,ttcn3-tc-34-2-2-1-zxdl7,1,6
1782283409,tc-34-2-2-6,virtphy-84fb969f5c-nv7hc,6,1
1782283411,kube-system,coredns-c4dbffb5f-p9rsr,3,29
1782283411,kube-system,local-path-provisioner-5c4dc5d66d-nfqxz,1,15
1782283411,kube-system,metrics-server-786d997795-hcp2m,9,46
1782283411,kube-system,svclb-traefik-1100f998-kpm9h,0,0
1782283411,kube-system,traefik-9bcdbbd9-qtpjt,1,36
1782283411,tc-26-6-1-1-7,msc-test-stub-5b875d749d-qhcnt,1,16
1782283411,tc-26-6-1-1-7,osmo-bsc-594654bd47-mk546,1,5
1782283411,tc-26-6-1-1-7,osmo-bts-virtual-5f8b9b86fc-fwlzl,17,5
1782283411,tc-26-6-1-1-7,osmo-hlr-546bdb8988-vjqwp,1,2
1782283411,tc-26-6-1-1-7,osmo-mgw-8c8fc67d6-klmpk,1,2
1782283411,tc-26-6-1-1-7,osmo-mobile-58b76ddf85-gbd9r,3,36
1782283411,tc-26-6-1-1-7,osmo-stp-768687f494-6bzn7,1,2
1782283411,tc-26-6-1-1-7,ttcn3-tc-26-6-1-1-1-wsmkg,1,6
1782283411,tc-26-6-1-1-7,virtphy-576cdd77b8-29gc2,7,1
1782283411,tc-26-7-3-2-2,msc-test-stub-5b875d749d-vcrjm,1,16
1782283411,tc-26-7-3-2-2,osmo-bsc-594654bd47-7nw9l,1,5
1782283411,tc-26-7-3-2-2,osmo-bts-virtual-5f8b9b86fc-4fnh4,18,5
1782283411,tc-26-7-3-2-2,osmo-hlr-546bdb8988-dh7l7,1,2
1782283411,tc-26-7-3-2-2,osmo-mgw-8c8fc67d6-n8lxb,1,2
1782283411,tc-26-7-3-2-2,osmo-mobile-698697576-dlg79,2,33
1782283411,tc-26-7-3-2-2,osmo-stp-768687f494-ftknv,1,2
1782283411,tc-26-7-3-2-2,ttcn3-tc-26-7-3-2-1-b484k,1,6
1782283411,tc-26-7-3-2-2,virtphy-785d5cf49-h4csq,6,1
1782283411,tc-34-2-2-6,msc-test-stub-5b875d749d-n76gn,1,16
1782283411,tc-34-2-2-6,osmo-bsc-594654bd47-ngnw2,1,5
1782283411,tc-34-2-2-6,osmo-bts-virtual-5f8b9b86fc-49knq,18,5
1782283411,tc-34-2-2-6,osmo-hlr-546bdb8988-zlpbh,1,2
1782283411,tc-34-2-2-6,osmo-mgw-8c8fc67d6-rngtg,1,2
1782283411,tc-34-2-2-6,osmo-mobile-56b5cd4676-8st5t,2,36
1782283411,tc-34-2-2-6,osmo-stp-768687f494-tqplx,1,2
1782283411,tc-34-2-2-6,ttcn3-tc-34-2-2-1-zxdl7,1,6
1782283411,tc-34-2-2-6,virtphy-84fb969f5c-nv7hc,6,1
1782283414,kube-system,coredns-c4dbffb5f-p9rsr,3,29
1782283414,kube-system,local-path-provisioner-5c4dc5d66d-nfqxz,1,15
1782283414,kube-system,metrics-server-786d997795-hcp2m,9,46
1782283414,kube-system,svclb-traefik-1100f998-kpm9h,0,0
1782283414,kube-system,traefik-9bcdbbd9-qtpjt,1,36
1782283414,tc-26-6-1-1-7,msc-test-stub-5b875d749d-qhcnt,1,16
1782283414,tc-26-6-1-1-7,osmo-bsc-594654bd47-mk546,1,5
1782283414,tc-26-6-1-1-7,osmo-bts-virtual-5f8b9b86fc-fwlzl,17,5
1782283414,tc-26-6-1-1-7,osmo-hlr-546bdb8988-vjqwp,1,2
1782283414,tc-26-6-1-1-7,osmo-mgw-8c8fc67d6-klmpk,1,2
1782283414,tc-26-6-1-1-7,osmo-mobile-58b76ddf85-gbd9r,3,36
1782283414,tc-26-6-1-1-7,osmo-stp-768687f494-6bzn7,1,2
1782283414,tc-26-6-1-1-7,ttcn3-tc-26-6-1-1-1-wsmkg,1,6
1782283414,tc-26-6-1-1-7,virtphy-576cdd77b8-29gc2,7,1
1782283414,tc-26-7-3-2-2,msc-test-stub-5b875d749d-vcrjm,1,16
1782283414,tc-26-7-3-2-2,osmo-bsc-594654bd47-7nw9l,1,5
1782283414,tc-26-7-3-2-2,osmo-bts-virtual-5f8b9b86fc-4fnh4,18,5
1782283414,tc-26-7-3-2-2,osmo-hlr-546bdb8988-dh7l7,1,2
1782283414,tc-26-7-3-2-2,osmo-mgw-8c8fc67d6-n8lxb,1,2
1782283414,tc-26-7-3-2-2,osmo-mobile-698697576-dlg79,2,33
1782283414,tc-26-7-3-2-2,osmo-stp-768687f494-ftknv,1,2
1782283414,tc-26-7-3-2-2,ttcn3-tc-26-7-3-2-1-b484k,1,6
1782283414,tc-26-7-3-2-2,virtphy-785d5cf49-h4csq,6,1
1782283414,tc-34-2-2-6,msc-test-stub-5b875d749d-n76gn,1,16
1782283414,tc-34-2-2-6,osmo-bsc-594654bd47-ngnw2,1,5
1782283414,tc-34-2-2-6,osmo-bts-virtual-5f8b9b86fc-49knq,18,5
1782283414,tc-34-2-2-6,osmo-hlr-546bdb8988-zlpbh,1,2
1782283414,tc-34-2-2-6,osmo-mgw-8c8fc67d6-rngtg,1,2
1782283414,tc-34-2-2-6,osmo-mobile-56b5cd4676-8st5t,2,36
1782283414,tc-34-2-2-6,osmo-stp-768687f494-tqplx,1,2
1782283414,tc-34-2-2-6,ttcn3-tc-34-2-2-1-zxdl7,1,6
1782283414,tc-34-2-2-6,virtphy-84fb969f5c-nv7hc,6,1
1782283416,kube-system,coredns-c4dbffb5f-p9rsr,3,29
1782283416,kube-system,local-path-provisioner-5c4dc5d66d-nfqxz,1,15
1782283416,kube-system,metrics-server-786d997795-hcp2m,9,46
1782283416,kube-system,svclb-traefik-1100f998-kpm9h,0,0
1782283416,kube-system,traefik-9bcdbbd9-qtpjt,1,36
1782283416,tc-26-6-1-1-7,msc-test-stub-5b875d749d-qhcnt,1,16
1782283416,tc-26-6-1-1-7,osmo-bsc-594654bd47-mk546,1,5
1782283416,tc-26-6-1-1-7,osmo-bts-virtual-5f8b9b86fc-fwlzl,17,5
1782283416,tc-26-6-1-1-7,osmo-hlr-546bdb8988-vjqwp,1,2
1782283416,tc-26-6-1-1-7,osmo-mgw-8c8fc67d6-klmpk,1,2
1782283416,tc-26-6-1-1-7,osmo-mobile-58b76ddf85-gbd9r,3,36
1782283416,tc-26-6-1-1-7,osmo-stp-768687f494-6bzn7,1,2
1782283416,tc-26-6-1-1-7,ttcn3-tc-26-6-1-1-1-wsmkg,1,6
1782283416,tc-26-6-1-1-7,virtphy-576cdd77b8-29gc2,7,1
1782283416,tc-26-7-3-2-2,msc-test-stub-5b875d749d-vcrjm,1,16
1782283416,tc-26-7-3-2-2,osmo-bsc-594654bd47-7nw9l,1,5
1782283416,tc-26-7-3-2-2,osmo-bts-virtual-5f8b9b86fc-4fnh4,18,5
1782283416,tc-26-7-3-2-2,osmo-hlr-546bdb8988-dh7l7,1,2
1782283416,tc-26-7-3-2-2,osmo-mgw-8c8fc67d6-n8lxb,1,2
1782283416,tc-26-7-3-2-2,osmo-mobile-698697576-dlg79,2,33
1782283416,tc-26-7-3-2-2,osmo-stp-768687f494-ftknv,1,2
1782283416,tc-26-7-3-2-2,ttcn3-tc-26-7-3-2-1-b484k,1,6
1782283416,tc-26-7-3-2-2,virtphy-785d5cf49-h4csq,6,1
1782283416,tc-34-2-2-6,msc-test-stub-5b875d749d-n76gn,1,16
1782283416,tc-34-2-2-6,osmo-bsc-594654bd47-ngnw2,1,5
1782283416,tc-34-2-2-6,osmo-bts-virtual-5f8b9b86fc-49knq,18,5
1782283416,tc-34-2-2-6,osmo-hlr-546bdb8988-zlpbh,1,2
1782283416,tc-34-2-2-6,osmo-mgw-8c8fc67d6-rngtg,1,2
1782283416,tc-34-2-2-6,osmo-mobile-56b5cd4676-8st5t,2,36
1782283416,tc-34-2-2-6,osmo-stp-768687f494-tqplx,1,2
1782283416,tc-34-2-2-6,ttcn3-tc-34-2-2-1-zxdl7,1,6
1782283416,tc-34-2-2-6,virtphy-84fb969f5c-nv7hc,6,1
1782283418,kube-system,coredns-c4dbffb5f-p9rsr,3,29
1782283418,kube-system,local-path-provisioner-5c4dc5d66d-nfqxz,1,15
1782283418,kube-system,metrics-server-786d997795-hcp2m,9,46
1782283418,kube-system,svclb-traefik-1100f998-kpm9h,0,0
1782283418,kube-system,traefik-9bcdbbd9-qtpjt,1,36
1782283418,tc-26-6-1-1-7,msc-test-stub-5b875d749d-qhcnt,1,16
1782283418,tc-26-6-1-1-7,osmo-bsc-594654bd47-mk546,1,5
1782283418,tc-26-6-1-1-7,osmo-bts-virtual-5f8b9b86fc-fwlzl,17,5
1782283418,tc-26-6-1-1-7,osmo-hlr-546bdb8988-vjqwp,1,2
1782283418,tc-26-6-1-1-7,osmo-mgw-8c8fc67d6-klmpk,1,2
1782283418,tc-26-6-1-1-7,osmo-mobile-58b76ddf85-gbd9r,3,36
1782283418,tc-26-6-1-1-7,osmo-stp-768687f494-6bzn7,1,2
1782283418,tc-26-6-1-1-7,ttcn3-tc-26-6-1-1-1-wsmkg,1,6
1782283418,tc-26-6-1-1-7,virtphy-576cdd77b8-29gc2,7,1
1782283418,tc-26-7-3-2-2,msc-test-stub-5b875d749d-vcrjm,1,16
1782283418,tc-26-7-3-2-2,osmo-bsc-594654bd47-7nw9l,1,5
1782283418,tc-26-7-3-2-2,osmo-bts-virtual-5f8b9b86fc-4fnh4,18,5
1782283418,tc-26-7-3-2-2,osmo-hlr-546bdb8988-dh7l7,1,2
1782283418,tc-26-7-3-2-2,osmo-mgw-8c8fc67d6-n8lxb,1,2
1782283418,tc-26-7-3-2-2,osmo-mobile-698697576-dlg79,2,33
1782283418,tc-26-7-3-2-2,osmo-stp-768687f494-ftknv,1,2
1782283418,tc-26-7-3-2-2,ttcn3-tc-26-7-3-2-1-b484k,1,6
1782283418,tc-26-7-3-2-2,virtphy-785d5cf49-h4csq,6,1
1782283418,tc-34-2-2-6,msc-test-stub-5b875d749d-n76gn,1,16
1782283418,tc-34-2-2-6,osmo-bsc-594654bd47-ngnw2,1,5
1782283418,tc-34-2-2-6,osmo-bts-virtual-5f8b9b86fc-49knq,18,5
1782283418,tc-34-2-2-6,osmo-hlr-546bdb8988-zlpbh,1,2
1782283418,tc-34-2-2-6,osmo-mgw-8c8fc67d6-rngtg,1,2
1782283418,tc-34-2-2-6,osmo-mobile-56b5cd4676-8st5t,2,36
1782283418,tc-34-2-2-6,osmo-stp-768687f494-tqplx,1,2
1782283418,tc-34-2-2-6,ttcn3-tc-34-2-2-1-zxdl7,1,6
1782283418,tc-34-2-2-6,virtphy-84fb969f5c-nv7hc,6,1
1782283420,kube-system,coredns-c4dbffb5f-p9rsr,3,29
1782283420,kube-system,local-path-provisioner-5c4dc5d66d-nfqxz,1,15
1782283420,kube-system,metrics-server-786d997795-hcp2m,9,46
1782283420,kube-system,svclb-traefik-1100f998-kpm9h,0,0
1782283420,kube-system,traefik-9bcdbbd9-qtpjt,1,36
1782283420,tc-26-6-1-1-7,msc-test-stub-5b875d749d-qhcnt,1,16
1782283420,tc-26-6-1-1-7,osmo-bsc-594654bd47-mk546,1,5
1782283420,tc-26-6-1-1-7,osmo-bts-virtual-5f8b9b86fc-fwlzl,17,5
1782283420,tc-26-6-1-1-7,osmo-hlr-546bdb8988-vjqwp,1,2
1782283420,tc-26-6-1-1-7,osmo-mgw-8c8fc67d6-klmpk,1,2
1782283420,tc-26-6-1-1-7,osmo-mobile-58b76ddf85-gbd9r,3,36
1782283420,tc-26-6-1-1-7,osmo-stp-768687f494-6bzn7,1,2
1782283420,tc-26-6-1-1-7,ttcn3-tc-26-6-1-1-1-wsmkg,1,6
1782283420,tc-26-6-1-1-7,virtphy-576cdd77b8-29gc2,7,1
1782283420,tc-26-7-3-2-2,msc-test-stub-5b875d749d-vcrjm,1,16
1782283420,tc-26-7-3-2-2,osmo-bsc-594654bd47-7nw9l,1,5
1782283420,tc-26-7-3-2-2,osmo-bts-virtual-5f8b9b86fc-4fnh4,18,5
1782283420,tc-26-7-3-2-2,osmo-hlr-546bdb8988-dh7l7,1,2
1782283420,tc-26-7-3-2-2,osmo-mgw-8c8fc67d6-n8lxb,1,2
1782283420,tc-26-7-3-2-2,osmo-mobile-698697576-dlg79,2,33
1782283420,tc-26-7-3-2-2,osmo-stp-768687f494-ftknv,1,2
1782283420,tc-26-7-3-2-2,ttcn3-tc-26-7-3-2-1-b484k,1,6
1782283420,tc-26-7-3-2-2,virtphy-785d5cf49-h4csq,6,1
1782283420,tc-34-2-2-6,msc-test-stub-5b875d749d-n76gn,1,16
1782283420,tc-34-2-2-6,osmo-bsc-594654bd47-ngnw2,1,5
1782283420,tc-34-2-2-6,osmo-bts-virtual-5f8b9b86fc-49knq,18,5
1782283420,tc-34-2-2-6,osmo-hlr-546bdb8988-zlpbh,1,2
1782283420,tc-34-2-2-6,osmo-mgw-8c8fc67d6-rngtg,1,2
1782283420,tc-34-2-2-6,osmo-mobile-56b5cd4676-8st5t,2,36
1782283420,tc-34-2-2-6,osmo-stp-768687f494-tqplx,1,2
1782283420,tc-34-2-2-6,ttcn3-tc-34-2-2-1-zxdl7,1,6
1782283420,tc-34-2-2-6,virtphy-84fb969f5c-nv7hc,6,1
1782283422,kube-system,coredns-c4dbffb5f-p9rsr,3,29
1782283422,kube-system,local-path-provisioner-5c4dc5d66d-nfqxz,1,15
1782283422,kube-system,metrics-server-786d997795-hcp2m,9,46
1782283422,kube-system,svclb-traefik-1100f998-kpm9h,0,0
1782283422,kube-system,traefik-9bcdbbd9-qtpjt,1,36
1782283422,tc-26-6-1-1-7,msc-test-stub-5b875d749d-qhcnt,1,16
1782283422,tc-26-6-1-1-7,osmo-bsc-594654bd47-mk546,1,5
1782283422,tc-26-6-1-1-7,osmo-bts-virtual-5f8b9b86fc-fwlzl,17,5
1782283422,tc-26-6-1-1-7,osmo-hlr-546bdb8988-vjqwp,1,2
1782283422,tc-26-6-1-1-7,osmo-mgw-8c8fc67d6-klmpk,1,2
1782283422,tc-26-6-1-1-7,osmo-mobile-58b76ddf85-gbd9r,3,36
1782283422,tc-26-6-1-1-7,osmo-stp-768687f494-6bzn7,1,2
1782283422,tc-26-6-1-1-7,ttcn3-tc-26-6-1-1-1-wsmkg,1,6
1782283422,tc-26-6-1-1-7,virtphy-576cdd77b8-29gc2,7,1
1782283422,tc-26-7-3-2-2,msc-test-stub-5b875d749d-vcrjm,1,16
1782283422,tc-26-7-3-2-2,osmo-bsc-594654bd47-7nw9l,1,5
1782283422,tc-26-7-3-2-2,osmo-bts-virtual-5f8b9b86fc-4fnh4,18,5
1782283422,tc-26-7-3-2-2,osmo-hlr-546bdb8988-dh7l7,1,2
1782283422,tc-26-7-3-2-2,osmo-mgw-8c8fc67d6-n8lxb,1,2
1782283422,tc-26-7-3-2-2,osmo-mobile-698697576-dlg79,2,33
1782283422,tc-26-7-3-2-2,osmo-stp-768687f494-ftknv,1,2
1782283422,tc-26-7-3-2-2,ttcn3-tc-26-7-3-2-1-b484k,1,6
1782283422,tc-26-7-3-2-2,virtphy-785d5cf49-h4csq,6,1
1782283422,tc-34-2-2-6,msc-test-stub-5b875d749d-n76gn,1,16
1782283422,tc-34-2-2-6,osmo-bsc-594654bd47-ngnw2,1,5
1782283422,tc-34-2-2-6,osmo-bts-virtual-5f8b9b86fc-49knq,18,5
1782283422,tc-34-2-2-6,osmo-hlr-546bdb8988-zlpbh,1,2
1782283422,tc-34-2-2-6,osmo-mgw-8c8fc67d6-rngtg,1,2
1782283422,tc-34-2-2-6,osmo-mobile-56b5cd4676-8st5t,2,36
1782283422,tc-34-2-2-6,osmo-stp-768687f494-tqplx,1,2
1782283422,tc-34-2-2-6,ttcn3-tc-34-2-2-1-zxdl7,1,6
1782283422,tc-34-2-2-6,virtphy-84fb969f5c-nv7hc,6,1
1782283424,kube-system,coredns-c4dbffb5f-p9rsr,3,29
1782283424,kube-system,local-path-provisioner-5c4dc5d66d-nfqxz,1,15
1782283424,kube-system,metrics-server-786d997795-hcp2m,11,46
1782283424,kube-system,svclb-traefik-1100f998-kpm9h,0,0
1782283424,kube-system,traefik-9bcdbbd9-qtpjt,1,36
1782283424,tc-26-6-1-1-7,msc-test-stub-5b875d749d-qhcnt,1,16
1782283424,tc-26-6-1-1-7,osmo-bsc-594654bd47-mk546,1,5
1782283424,tc-26-6-1-1-7,osmo-bts-virtual-5f8b9b86fc-fwlzl,17,5
1782283424,tc-26-6-1-1-7,osmo-hlr-546bdb8988-vjqwp,1,2
1782283424,tc-26-6-1-1-7,osmo-mgw-8c8fc67d6-klmpk,1,2
1782283424,tc-26-6-1-1-7,osmo-mobile-58b76ddf85-gbd9r,3,37
1782283424,tc-26-6-1-1-7,osmo-stp-768687f494-6bzn7,1,2
1782283424,tc-26-6-1-1-7,ttcn3-tc-26-6-1-1-1-wsmkg,1,6
1782283424,tc-26-6-1-1-7,virtphy-576cdd77b8-29gc2,6,1
1782283424,tc-26-7-3-2-2,msc-test-stub-5b875d749d-vcrjm,1,16
1782283424,tc-26-7-3-2-2,osmo-bsc-594654bd47-7nw9l,1,5
1782283424,tc-26-7-3-2-2,osmo-bts-virtual-5f8b9b86fc-4fnh4,16,5
1782283424,tc-26-7-3-2-2,osmo-hlr-546bdb8988-dh7l7,1,2
1782283424,tc-26-7-3-2-2,osmo-mgw-8c8fc67d6-n8lxb,1,2
1782283424,tc-26-7-3-2-2,osmo-mobile-698697576-dlg79,2,33
1782283424,tc-26-7-3-2-2,osmo-stp-768687f494-ftknv,1,2
1782283424,tc-26-7-3-2-2,ttcn3-tc-26-7-3-2-1-b484k,1,6
1782283424,tc-26-7-3-2-2,virtphy-785d5cf49-h4csq,6,1
1782283424,tc-34-2-2-6,msc-test-stub-5b875d749d-n76gn,1,16
1782283424,tc-34-2-2-6,osmo-bsc-594654bd47-ngnw2,1,5
1782283424,tc-34-2-2-6,osmo-bts-virtual-5f8b9b86fc-49knq,17,5
1782283424,tc-34-2-2-6,osmo-hlr-546bdb8988-zlpbh,1,2
1782283424,tc-34-2-2-6,osmo-mgw-8c8fc67d6-rngtg,1,2
1782283424,tc-34-2-2-6,osmo-mobile-56b5cd4676-8st5t,3,36
1782283424,tc-34-2-2-6,osmo-stp-768687f494-tqplx,1,2
1782283424,tc-34-2-2-6,ttcn3-tc-34-2-2-1-zxdl7,1,6
1782283424,tc-34-2-2-6,virtphy-84fb969f5c-nv7hc,6,1
1782283426,kube-system,coredns-c4dbffb5f-p9rsr,3,29
1782283426,kube-system,local-path-provisioner-5c4dc5d66d-nfqxz,1,15
1782283426,kube-system,metrics-server-786d997795-hcp2m,11,46
1782283426,kube-system,svclb-traefik-1100f998-kpm9h,0,0
1782283426,kube-system,traefik-9bcdbbd9-qtpjt,1,36
1782283426,tc-26-6-1-1-7,msc-test-stub-5b875d749d-qhcnt,1,16
1782283426,tc-26-6-1-1-7,osmo-bsc-594654bd47-mk546,1,5
1782283426,tc-26-6-1-1-7,osmo-bts-virtual-5f8b9b86fc-fwlzl,17,5
1782283426,tc-26-6-1-1-7,osmo-hlr-546bdb8988-vjqwp,1,2
1782283426,tc-26-6-1-1-7,osmo-mgw-8c8fc67d6-klmpk,1,2
1782283426,tc-26-6-1-1-7,osmo-mobile-58b76ddf85-gbd9r,3,37
1782283426,tc-26-6-1-1-7,osmo-stp-768687f494-6bzn7,1,2
1782283426,tc-26-6-1-1-7,ttcn3-tc-26-6-1-1-1-wsmkg,1,6
1782283426,tc-26-6-1-1-7,virtphy-576cdd77b8-29gc2,6,1
1782283426,tc-26-7-3-2-2,msc-test-stub-5b875d749d-vcrjm,1,16
1782283426,tc-26-7-3-2-2,osmo-bsc-594654bd47-7nw9l,1,5
1782283426,tc-26-7-3-2-2,osmo-bts-virtual-5f8b9b86fc-4fnh4,16,5
1782283426,tc-26-7-3-2-2,osmo-hlr-546bdb8988-dh7l7,1,2
1782283426,tc-26-7-3-2-2,osmo-mgw-8c8fc67d6-n8lxb,1,2
1782283426,tc-26-7-3-2-2,osmo-mobile-698697576-dlg79,2,33
1782283426,tc-26-7-3-2-2,osmo-stp-768687f494-ftknv,1,2
1782283426,tc-26-7-3-2-2,ttcn3-tc-26-7-3-2-1-b484k,1,6
1782283426,tc-26-7-3-2-2,virtphy-785d5cf49-h4csq,6,1
1782283426,tc-34-2-2-6,msc-test-stub-5b875d749d-n76gn,1,16
1782283426,tc-34-2-2-6,osmo-bsc-594654bd47-ngnw2,1,5
1782283426,tc-34-2-2-6,osmo-bts-virtual-5f8b9b86fc-49knq,17,5
1782283426,tc-34-2-2-6,osmo-hlr-546bdb8988-zlpbh,1,2
1782283426,tc-34-2-2-6,osmo-mgw-8c8fc67d6-rngtg,1,2
1782283426,tc-34-2-2-6,osmo-mobile-56b5cd4676-8st5t,3,36
1782283426,tc-34-2-2-6,osmo-stp-768687f494-tqplx,1,2
1782283426,tc-34-2-2-6,ttcn3-tc-34-2-2-1-zxdl7,1,6
1782283426,tc-34-2-2-6,virtphy-84fb969f5c-nv7hc,6,1
1782283428,kube-system,coredns-c4dbffb5f-p9rsr,3,29
1782283428,kube-system,local-path-provisioner-5c4dc5d66d-nfqxz,1,15
1782283428,kube-system,metrics-server-786d997795-hcp2m,11,46
1782283428,kube-system,svclb-traefik-1100f998-kpm9h,0,0
1782283428,kube-system,traefik-9bcdbbd9-qtpjt,1,36
1782283428,tc-26-6-1-1-7,msc-test-stub-5b875d749d-qhcnt,1,16
1782283428,tc-26-6-1-1-7,osmo-bsc-594654bd47-mk546,1,5
1782283428,tc-26-6-1-1-7,osmo-bts-virtual-5f8b9b86fc-fwlzl,17,5
1782283428,tc-26-6-1-1-7,osmo-hlr-546bdb8988-vjqwp,1,2
1782283428,tc-26-6-1-1-7,osmo-mgw-8c8fc67d6-klmpk,1,2
1782283428,tc-26-6-1-1-7,osmo-mobile-58b76ddf85-gbd9r,3,37
1782283428,tc-26-6-1-1-7,osmo-stp-768687f494-6bzn7,1,2
1782283428,tc-26-6-1-1-7,ttcn3-tc-26-6-1-1-1-wsmkg,1,6
1782283428,tc-26-6-1-1-7,virtphy-576cdd77b8-29gc2,6,1
1782283428,tc-26-7-3-2-2,msc-test-stub-5b875d749d-vcrjm,1,16
1782283428,tc-26-7-3-2-2,osmo-bsc-594654bd47-7nw9l,1,5
1782283428,tc-26-7-3-2-2,osmo-bts-virtual-5f8b9b86fc-4fnh4,16,5
1782283428,tc-26-7-3-2-2,osmo-hlr-546bdb8988-dh7l7,1,2
1782283428,tc-26-7-3-2-2,osmo-mgw-8c8fc67d6-n8lxb,1,2
1782283428,tc-26-7-3-2-2,osmo-mobile-698697576-dlg79,2,33
1782283428,tc-26-7-3-2-2,osmo-stp-768687f494-ftknv,1,2
1782283428,tc-26-7-3-2-2,ttcn3-tc-26-7-3-2-1-b484k,1,6
1782283428,tc-26-7-3-2-2,virtphy-785d5cf49-h4csq,6,1
1782283428,tc-34-2-2-6,msc-test-stub-5b875d749d-n76gn,1,16
1782283428,tc-34-2-2-6,osmo-bsc-594654bd47-ngnw2,1,5
1782283428,tc-34-2-2-6,osmo-bts-virtual-5f8b9b86fc-49knq,17,5
1782283428,tc-34-2-2-6,osmo-hlr-546bdb8988-zlpbh,1,2
1782283428,tc-34-2-2-6,osmo-mgw-8c8fc67d6-rngtg,1,2
1782283428,tc-34-2-2-6,osmo-mobile-56b5cd4676-8st5t,3,36
1782283428,tc-34-2-2-6,osmo-stp-768687f494-tqplx,1,2
1782283428,tc-34-2-2-6,ttcn3-tc-34-2-2-1-zxdl7,1,6
1782283428,tc-34-2-2-6,virtphy-84fb969f5c-nv7hc,6,1
1782283430,kube-system,coredns-c4dbffb5f-p9rsr,3,29
1782283430,kube-system,local-path-provisioner-5c4dc5d66d-nfqxz,1,15
1782283430,kube-system,metrics-server-786d997795-hcp2m,11,46
1782283430,kube-system,svclb-traefik-1100f998-kpm9h,0,0
1782283430,kube-system,traefik-9bcdbbd9-qtpjt,1,36
1782283430,tc-26-6-1-1-7,msc-test-stub-5b875d749d-qhcnt,1,16
1782283430,tc-26-6-1-1-7,osmo-bsc-594654bd47-mk546,1,5
1782283430,tc-26-6-1-1-7,osmo-bts-virtual-5f8b9b86fc-fwlzl,17,5
1782283430,tc-26-6-1-1-7,osmo-hlr-546bdb8988-vjqwp,1,2
1782283430,tc-26-6-1-1-7,osmo-mgw-8c8fc67d6-klmpk,1,2
1782283430,tc-26-6-1-1-7,osmo-mobile-58b76ddf85-gbd9r,3,37
1782283430,tc-26-6-1-1-7,osmo-stp-768687f494-6bzn7,1,2
1782283430,tc-26-6-1-1-7,ttcn3-tc-26-6-1-1-1-wsmkg,1,6
1782283430,tc-26-6-1-1-7,virtphy-576cdd77b8-29gc2,6,1
1782283430,tc-26-7-3-2-2,msc-test-stub-5b875d749d-vcrjm,1,16
1782283430,tc-26-7-3-2-2,osmo-bsc-594654bd47-7nw9l,1,5
1782283430,tc-26-7-3-2-2,osmo-bts-virtual-5f8b9b86fc-4fnh4,16,5
1782283430,tc-26-7-3-2-2,osmo-hlr-546bdb8988-dh7l7,1,2
1782283430,tc-26-7-3-2-2,osmo-mgw-8c8fc67d6-n8lxb,1,2
1782283430,tc-26-7-3-2-2,osmo-mobile-698697576-dlg79,2,33
1782283430,tc-26-7-3-2-2,osmo-stp-768687f494-ftknv,1,2
1782283430,tc-26-7-3-2-2,ttcn3-tc-26-7-3-2-1-b484k,1,6
1782283430,tc-26-7-3-2-2,virtphy-785d5cf49-h4csq,6,1
1782283430,tc-34-2-2-6,msc-test-stub-5b875d749d-n76gn,1,16
1782283430,tc-34-2-2-6,osmo-bsc-594654bd47-ngnw2,1,5
1782283430,tc-34-2-2-6,osmo-bts-virtual-5f8b9b86fc-49knq,17,5
1782283430,tc-34-2-2-6,osmo-hlr-546bdb8988-zlpbh,1,2
1782283430,tc-34-2-2-6,osmo-mgw-8c8fc67d6-rngtg,1,2
1782283430,tc-34-2-2-6,osmo-mobile-56b5cd4676-8st5t,3,36
1782283430,tc-34-2-2-6,osmo-stp-768687f494-tqplx,1,2
1782283430,tc-34-2-2-6,ttcn3-tc-34-2-2-1-zxdl7,1,6
1782283430,tc-34-2-2-6,virtphy-84fb969f5c-nv7hc,6,1
1782283432,kube-system,coredns-c4dbffb5f-p9rsr,3,29
1782283432,kube-system,local-path-provisioner-5c4dc5d66d-nfqxz,1,15
1782283432,kube-system,metrics-server-786d997795-hcp2m,11,46
1782283432,kube-system,svclb-traefik-1100f998-kpm9h,0,0
1782283432,kube-system,traefik-9bcdbbd9-qtpjt,1,36
1782283432,tc-26-6-1-1-7,msc-test-stub-5b875d749d-qhcnt,1,16
1782283432,tc-26-6-1-1-7,osmo-bsc-594654bd47-mk546,1,5
1782283432,tc-26-6-1-1-7,osmo-bts-virtual-5f8b9b86fc-fwlzl,17,5
1782283432,tc-26-6-1-1-7,osmo-hlr-546bdb8988-vjqwp,1,2
1782283432,tc-26-6-1-1-7,osmo-mgw-8c8fc67d6-klmpk,1,2
1782283432,tc-26-6-1-1-7,osmo-mobile-58b76ddf85-gbd9r,3,37
1782283432,tc-26-6-1-1-7,osmo-stp-768687f494-6bzn7,1,2
1782283432,tc-26-6-1-1-7,ttcn3-tc-26-6-1-1-1-wsmkg,1,6
1782283432,tc-26-6-1-1-7,virtphy-576cdd77b8-29gc2,6,1
1782283432,tc-26-7-3-2-2,msc-test-stub-5b875d749d-vcrjm,1,16
1782283432,tc-26-7-3-2-2,osmo-bsc-594654bd47-7nw9l,1,5
1782283432,tc-26-7-3-2-2,osmo-bts-virtual-5f8b9b86fc-4fnh4,16,5
1782283432,tc-26-7-3-2-2,osmo-hlr-546bdb8988-dh7l7,1,2
1782283432,tc-26-7-3-2-2,osmo-mgw-8c8fc67d6-n8lxb,1,2
1782283432,tc-26-7-3-2-2,osmo-mobile-698697576-dlg79,2,33
1782283432,tc-26-7-3-2-2,osmo-stp-768687f494-ftknv,1,2
1782283432,tc-26-7-3-2-2,ttcn3-tc-26-7-3-2-1-b484k,1,6
1782283432,tc-26-7-3-2-2,virtphy-785d5cf49-h4csq,6,1
1782283432,tc-34-2-2-6,msc-test-stub-5b875d749d-n76gn,1,16
1782283432,tc-34-2-2-6,osmo-bsc-594654bd47-ngnw2,1,5
1782283432,tc-34-2-2-6,osmo-bts-virtual-5f8b9b86fc-49knq,17,5
1782283432,tc-34-2-2-6,osmo-hlr-546bdb8988-zlpbh,1,2
1782283432,tc-34-2-2-6,osmo-mgw-8c8fc67d6-rngtg,1,2
1782283432,tc-34-2-2-6,osmo-mobile-56b5cd4676-8st5t,3,36
1782283432,tc-34-2-2-6,osmo-stp-768687f494-tqplx,1,2
1782283432,tc-34-2-2-6,ttcn3-tc-34-2-2-1-zxdl7,1,6
1782283432,tc-34-2-2-6,virtphy-84fb969f5c-nv7hc,6,1
1782283434,kube-system,coredns-c4dbffb5f-p9rsr,3,29
1782283434,kube-system,local-path-provisioner-5c4dc5d66d-nfqxz,1,15
1782283434,kube-system,metrics-server-786d997795-hcp2m,11,46
1782283434,kube-system,svclb-traefik-1100f998-kpm9h,0,0
1782283434,kube-system,traefik-9bcdbbd9-qtpjt,1,36
1782283434,tc-26-6-1-1-7,msc-test-stub-5b875d749d-qhcnt,1,16
1782283434,tc-26-6-1-1-7,osmo-bsc-594654bd47-mk546,1,5
1782283434,tc-26-6-1-1-7,osmo-bts-virtual-5f8b9b86fc-fwlzl,17,5
1782283434,tc-26-6-1-1-7,osmo-hlr-546bdb8988-vjqwp,1,2
1782283434,tc-26-6-1-1-7,osmo-mgw-8c8fc67d6-klmpk,1,2
1782283434,tc-26-6-1-1-7,osmo-mobile-58b76ddf85-gbd9r,3,37
1782283434,tc-26-6-1-1-7,osmo-stp-768687f494-6bzn7,1,2
1782283434,tc-26-6-1-1-7,ttcn3-tc-26-6-1-1-1-wsmkg,1,6
1782283434,tc-26-6-1-1-7,virtphy-576cdd77b8-29gc2,6,1
1782283434,tc-26-7-3-2-2,msc-test-stub-5b875d749d-vcrjm,1,16
1782283434,tc-26-7-3-2-2,osmo-bsc-594654bd47-7nw9l,1,5
1782283434,tc-26-7-3-2-2,osmo-bts-virtual-5f8b9b86fc-4fnh4,16,5
1782283434,tc-26-7-3-2-2,osmo-hlr-546bdb8988-dh7l7,1,2
1782283434,tc-26-7-3-2-2,osmo-mgw-8c8fc67d6-n8lxb,1,2
1782283434,tc-26-7-3-2-2,osmo-mobile-698697576-dlg79,2,33
1782283434,tc-26-7-3-2-2,osmo-stp-768687f494-ftknv,1,2
1782283434,tc-26-7-3-2-2,ttcn3-tc-26-7-3-2-1-b484k,1,6
1782283434,tc-26-7-3-2-2,virtphy-785d5cf49-h4csq,6,1
1782283434,tc-34-2-2-6,msc-test-stub-5b875d749d-n76gn,1,16
1782283434,tc-34-2-2-6,osmo-bsc-594654bd47-ngnw2,1,5
1782283434,tc-34-2-2-6,osmo-bts-virtual-5f8b9b86fc-49knq,17,5
1782283434,tc-34-2-2-6,osmo-hlr-546bdb8988-zlpbh,1,2
1782283434,tc-34-2-2-6,osmo-mgw-8c8fc67d6-rngtg,1,2
1782283434,tc-34-2-2-6,osmo-mobile-56b5cd4676-8st5t,3,36
1782283434,tc-34-2-2-6,osmo-stp-768687f494-tqplx,1,2
1782283434,tc-34-2-2-6,ttcn3-tc-34-2-2-1-zxdl7,1,6
1782283434,tc-34-2-2-6,virtphy-84fb969f5c-nv7hc,6,1
1782283437,kube-system,coredns-c4dbffb5f-p9rsr,3,29
1782283437,kube-system,local-path-provisioner-5c4dc5d66d-nfqxz,1,15
1782283437,kube-system,metrics-server-786d997795-hcp2m,11,46
1782283437,kube-system,svclb-traefik-1100f998-kpm9h,0,0
1782283437,kube-system,traefik-9bcdbbd9-qtpjt,1,36
1782283437,tc-26-6-1-1-7,msc-test-stub-5b875d749d-qhcnt,1,16
1782283437,tc-26-6-1-1-7,osmo-bsc-594654bd47-mk546,1,5
1782283437,tc-26-6-1-1-7,osmo-bts-virtual-5f8b9b86fc-fwlzl,17,5
1782283437,tc-26-6-1-1-7,osmo-hlr-546bdb8988-vjqwp,1,2
1782283437,tc-26-6-1-1-7,osmo-mgw-8c8fc67d6-klmpk,1,2
1782283437,tc-26-6-1-1-7,osmo-mobile-58b76ddf85-gbd9r,3,37
1782283437,tc-26-6-1-1-7,osmo-stp-768687f494-6bzn7,1,2
1782283437,tc-26-6-1-1-7,ttcn3-tc-26-6-1-1-1-wsmkg,1,6
1782283437,tc-26-6-1-1-7,virtphy-576cdd77b8-29gc2,6,1
1782283437,tc-26-7-3-2-2,msc-test-stub-5b875d749d-vcrjm,1,16
1782283437,tc-26-7-3-2-2,osmo-bsc-594654bd47-7nw9l,1,5
1782283437,tc-26-7-3-2-2,osmo-bts-virtual-5f8b9b86fc-4fnh4,16,5
1782283437,tc-26-7-3-2-2,osmo-hlr-546bdb8988-dh7l7,1,2
1782283437,tc-26-7-3-2-2,osmo-mgw-8c8fc67d6-n8lxb,1,2
1782283437,tc-26-7-3-2-2,osmo-mobile-698697576-dlg79,2,33
1782283437,tc-26-7-3-2-2,osmo-stp-768687f494-ftknv,1,2
1782283437,tc-26-7-3-2-2,ttcn3-tc-26-7-3-2-1-b484k,1,6
1782283437,tc-26-7-3-2-2,virtphy-785d5cf49-h4csq,6,1
1782283437,tc-34-2-2-6,msc-test-stub-5b875d749d-n76gn,1,16
1782283437,tc-34-2-2-6,osmo-bsc-594654bd47-ngnw2,1,5
1782283437,tc-34-2-2-6,osmo-bts-virtual-5f8b9b86fc-49knq,17,5
1782283437,tc-34-2-2-6,osmo-hlr-546bdb8988-zlpbh,1,2
1782283437,tc-34-2-2-6,osmo-mgw-8c8fc67d6-rngtg,1,2
1782283437,tc-34-2-2-6,osmo-mobile-56b5cd4676-8st5t,3,36
1782283437,tc-34-2-2-6,osmo-stp-768687f494-tqplx,1,2
1782283437,tc-34-2-2-6,ttcn3-tc-34-2-2-1-zxdl7,1,6
1782283437,tc-34-2-2-6,virtphy-84fb969f5c-nv7hc,6,1
1782283439,kube-system,coredns-c4dbffb5f-p9rsr,2,29
1782283439,kube-system,local-path-provisioner-5c4dc5d66d-nfqxz,1,15
1782283439,kube-system,metrics-server-786d997795-hcp2m,9,46
1782283439,kube-system,svclb-traefik-1100f998-kpm9h,0,0
1782283439,kube-system,traefik-9bcdbbd9-qtpjt,1,36
1782283439,tc-26-6-1-1-7,msc-test-stub-5b875d749d-qhcnt,1,16
1782283439,tc-26-6-1-1-7,osmo-bsc-594654bd47-mk546,1,5
1782283439,tc-26-6-1-1-7,osmo-bts-virtual-5f8b9b86fc-fwlzl,17,5
1782283439,tc-26-6-1-1-7,osmo-hlr-546bdb8988-vjqwp,1,2
1782283439,tc-26-6-1-1-7,osmo-mgw-8c8fc67d6-klmpk,1,2
1782283439,tc-26-6-1-1-7,osmo-mobile-58b76ddf85-gbd9r,3,37
1782283439,tc-26-6-1-1-7,osmo-stp-768687f494-6bzn7,1,2
1782283439,tc-26-6-1-1-7,ttcn3-tc-26-6-1-1-1-wsmkg,1,6
1782283439,tc-26-6-1-1-7,virtphy-576cdd77b8-29gc2,6,1
1782283439,tc-26-7-3-2-2,msc-test-stub-5b875d749d-vcrjm,1,16
1782283439,tc-26-7-3-2-2,osmo-bsc-594654bd47-7nw9l,1,5
1782283439,tc-26-7-3-2-2,osmo-bts-virtual-5f8b9b86fc-4fnh4,17,5
1782283439,tc-26-7-3-2-2,osmo-hlr-546bdb8988-dh7l7,1,2
1782283439,tc-26-7-3-2-2,osmo-mgw-8c8fc67d6-n8lxb,1,2
1782283439,tc-26-7-3-2-2,osmo-mobile-698697576-dlg79,2,33
1782283439,tc-26-7-3-2-2,osmo-stp-768687f494-ftknv,1,2
1782283439,tc-26-7-3-2-2,ttcn3-tc-26-7-3-2-1-b484k,1,6
1782283439,tc-26-7-3-2-2,virtphy-785d5cf49-h4csq,6,1
1782283439,tc-34-2-2-6,msc-test-stub-5b875d749d-n76gn,1,16
1782283439,tc-34-2-2-6,osmo-bsc-594654bd47-ngnw2,1,5
1782283439,tc-34-2-2-6,osmo-bts-virtual-5f8b9b86fc-49knq,18,5
1782283439,tc-34-2-2-6,osmo-hlr-546bdb8988-zlpbh,1,2
1782283439,tc-34-2-2-6,osmo-mgw-8c8fc67d6-rngtg,1,2
1782283439,tc-34-2-2-6,osmo-mobile-56b5cd4676-8st5t,3,36
1782283439,tc-34-2-2-6,osmo-stp-768687f494-tqplx,1,2
1782283439,tc-34-2-2-6,ttcn3-tc-34-2-2-1-zxdl7,1,6
1782283439,tc-34-2-2-6,virtphy-84fb969f5c-nv7hc,6,1
1782283441,kube-system,coredns-c4dbffb5f-p9rsr,2,29
1782283441,kube-system,local-path-provisioner-5c4dc5d66d-nfqxz,1,15
1782283441,kube-system,metrics-server-786d997795-hcp2m,9,46
1782283441,kube-system,svclb-traefik-1100f998-kpm9h,0,0
1782283441,kube-system,traefik-9bcdbbd9-qtpjt,1,36
1782283441,tc-26-6-1-1-7,msc-test-stub-5b875d749d-qhcnt,1,16
1782283441,tc-26-6-1-1-7,osmo-bsc-594654bd47-mk546,1,5
1782283441,tc-26-6-1-1-7,osmo-bts-virtual-5f8b9b86fc-fwlzl,17,5
1782283441,tc-26-6-1-1-7,osmo-hlr-546bdb8988-vjqwp,1,2
1782283441,tc-26-6-1-1-7,osmo-mgw-8c8fc67d6-klmpk,1,2
1782283441,tc-26-6-1-1-7,osmo-mobile-58b76ddf85-gbd9r,3,37
1782283441,tc-26-6-1-1-7,osmo-stp-768687f494-6bzn7,1,2
1782283441,tc-26-6-1-1-7,ttcn3-tc-26-6-1-1-1-wsmkg,1,6
1782283441,tc-26-6-1-1-7,virtphy-576cdd77b8-29gc2,6,1
1782283441,tc-26-7-3-2-2,msc-test-stub-5b875d749d-vcrjm,1,16
1782283441,tc-26-7-3-2-2,osmo-bsc-594654bd47-7nw9l,1,5
1782283441,tc-26-7-3-2-2,osmo-bts-virtual-5f8b9b86fc-4fnh4,17,5
1782283441,tc-26-7-3-2-2,osmo-hlr-546bdb8988-dh7l7,1,2
1782283441,tc-26-7-3-2-2,osmo-mgw-8c8fc67d6-n8lxb,1,2
1782283441,tc-26-7-3-2-2,osmo-mobile-698697576-dlg79,2,33
1782283441,tc-26-7-3-2-2,osmo-stp-768687f494-ftknv,1,2
1782283441,tc-26-7-3-2-2,ttcn3-tc-26-7-3-2-1-b484k,1,6
1782283441,tc-26-7-3-2-2,virtphy-785d5cf49-h4csq,6,1
1782283441,tc-34-2-2-6,msc-test-stub-5b875d749d-n76gn,1,16
1782283441,tc-34-2-2-6,osmo-bsc-594654bd47-ngnw2,1,5
1782283441,tc-34-2-2-6,osmo-bts-virtual-5f8b9b86fc-49knq,18,5
1782283441,tc-34-2-2-6,osmo-hlr-546bdb8988-zlpbh,1,2
1782283441,tc-34-2-2-6,osmo-mgw-8c8fc67d6-rngtg,1,2
1782283441,tc-34-2-2-6,osmo-mobile-56b5cd4676-8st5t,3,36
1782283441,tc-34-2-2-6,osmo-stp-768687f494-tqplx,1,2
1782283441,tc-34-2-2-6,ttcn3-tc-34-2-2-1-zxdl7,1,6
1782283441,tc-34-2-2-6,virtphy-84fb969f5c-nv7hc,6,1
1782283443,kube-system,coredns-c4dbffb5f-p9rsr,2,29
1782283443,kube-system,local-path-provisioner-5c4dc5d66d-nfqxz,1,15
1782283443,kube-system,metrics-server-786d997795-hcp2m,9,46
1782283443,kube-system,svclb-traefik-1100f998-kpm9h,0,0
1782283443,kube-system,traefik-9bcdbbd9-qtpjt,1,36
1782283443,tc-26-6-1-1-7,msc-test-stub-5b875d749d-qhcnt,1,16
1782283443,tc-26-6-1-1-7,osmo-bsc-594654bd47-mk546,1,5
1782283443,tc-26-6-1-1-7,osmo-bts-virtual-5f8b9b86fc-fwlzl,17,5
1782283443,tc-26-6-1-1-7,osmo-hlr-546bdb8988-vjqwp,1,2
1782283443,tc-26-6-1-1-7,osmo-mgw-8c8fc67d6-klmpk,1,2
1782283443,tc-26-6-1-1-7,osmo-mobile-58b76ddf85-gbd9r,3,37
1782283443,tc-26-6-1-1-7,osmo-stp-768687f494-6bzn7,1,2
1782283443,tc-26-6-1-1-7,ttcn3-tc-26-6-1-1-1-wsmkg,1,6
1782283443,tc-26-6-1-1-7,virtphy-576cdd77b8-29gc2,6,1
1782283443,tc-26-7-3-2-2,msc-test-stub-5b875d749d-vcrjm,1,16
1782283443,tc-26-7-3-2-2,osmo-bsc-594654bd47-7nw9l,1,5
1782283443,tc-26-7-3-2-2,osmo-bts-virtual-5f8b9b86fc-4fnh4,17,5
1782283443,tc-26-7-3-2-2,osmo-hlr-546bdb8988-dh7l7,1,2
1782283443,tc-26-7-3-2-2,osmo-mgw-8c8fc67d6-n8lxb,1,2
1782283443,tc-26-7-3-2-2,osmo-mobile-698697576-dlg79,2,33
1782283443,tc-26-7-3-2-2,osmo-stp-768687f494-ftknv,1,2
1782283443,tc-26-7-3-2-2,ttcn3-tc-26-7-3-2-1-b484k,1,6
1782283443,tc-26-7-3-2-2,virtphy-785d5cf49-h4csq,6,1
1782283443,tc-34-2-2-6,msc-test-stub-5b875d749d-n76gn,1,16
1782283443,tc-34-2-2-6,osmo-bsc-594654bd47-ngnw2,1,5
1782283443,tc-34-2-2-6,osmo-bts-virtual-5f8b9b86fc-49knq,18,5
1782283443,tc-34-2-2-6,osmo-hlr-546bdb8988-zlpbh,1,2
1782283443,tc-34-2-2-6,osmo-mgw-8c8fc67d6-rngtg,1,2
1782283443,tc-34-2-2-6,osmo-mobile-56b5cd4676-8st5t,3,36
1782283443,tc-34-2-2-6,osmo-stp-768687f494-tqplx,1,2
1782283443,tc-34-2-2-6,ttcn3-tc-34-2-2-1-zxdl7,1,6
1782283443,tc-34-2-2-6,virtphy-84fb969f5c-nv7hc,6,1
1782283445,kube-system,coredns-c4dbffb5f-p9rsr,2,29
1782283445,kube-system,local-path-provisioner-5c4dc5d66d-nfqxz,1,15
1782283445,kube-system,metrics-server-786d997795-hcp2m,9,46
1782283445,kube-system,svclb-traefik-1100f998-kpm9h,0,0
1782283445,kube-system,traefik-9bcdbbd9-qtpjt,1,36
1782283445,tc-26-6-1-1-7,msc-test-stub-5b875d749d-qhcnt,1,16
1782283445,tc-26-6-1-1-7,osmo-bsc-594654bd47-mk546,1,5
1782283445,tc-26-6-1-1-7,osmo-bts-virtual-5f8b9b86fc-fwlzl,17,5
1782283445,tc-26-6-1-1-7,osmo-hlr-546bdb8988-vjqwp,1,2
1782283445,tc-26-6-1-1-7,osmo-mgw-8c8fc67d6-klmpk,1,2
1782283445,tc-26-6-1-1-7,osmo-mobile-58b76ddf85-gbd9r,3,37
1782283445,tc-26-6-1-1-7,osmo-stp-768687f494-6bzn7,1,2
1782283445,tc-26-6-1-1-7,ttcn3-tc-26-6-1-1-1-wsmkg,1,6
1782283445,tc-26-6-1-1-7,virtphy-576cdd77b8-29gc2,6,1
1782283445,tc-26-7-3-2-2,msc-test-stub-5b875d749d-vcrjm,1,16
1782283445,tc-26-7-3-2-2,osmo-bsc-594654bd47-7nw9l,1,5
1782283445,tc-26-7-3-2-2,osmo-bts-virtual-5f8b9b86fc-4fnh4,17,5
1782283445,tc-26-7-3-2-2,osmo-hlr-546bdb8988-dh7l7,1,2
1782283445,tc-26-7-3-2-2,osmo-mgw-8c8fc67d6-n8lxb,1,2
1782283445,tc-26-7-3-2-2,osmo-mobile-698697576-dlg79,2,33
1782283445,tc-26-7-3-2-2,osmo-stp-768687f494-ftknv,1,2
1782283445,tc-26-7-3-2-2,virtphy-785d5cf49-h4csq,6,1
1782283445,tc-34-2-2-6,msc-test-stub-5b875d749d-n76gn,1,16
1782283445,tc-34-2-2-6,osmo-bsc-594654bd47-ngnw2,1,5
1782283445,tc-34-2-2-6,osmo-bts-virtual-5f8b9b86fc-49knq,18,5
1782283445,tc-34-2-2-6,osmo-hlr-546bdb8988-zlpbh,1,2
1782283445,tc-34-2-2-6,osmo-mgw-8c8fc67d6-rngtg,1,2
1782283445,tc-34-2-2-6,osmo-mobile-56b5cd4676-8st5t,3,36
1782283445,tc-34-2-2-6,osmo-stp-768687f494-tqplx,1,2
1782283445,tc-34-2-2-6,ttcn3-tc-34-2-2-1-zxdl7,1,6
1782283445,tc-34-2-2-6,virtphy-84fb969f5c-nv7hc,6,1
1782283447,kube-system,coredns-c4dbffb5f-p9rsr,2,29
1782283447,kube-system,local-path-provisioner-5c4dc5d66d-nfqxz,1,15
1782283447,kube-system,metrics-server-786d997795-hcp2m,9,46
1782283447,kube-system,svclb-traefik-1100f998-kpm9h,0,0
1782283447,kube-system,traefik-9bcdbbd9-qtpjt,1,36
1782283447,tc-26-6-1-1-7,msc-test-stub-5b875d749d-qhcnt,1,16
1782283447,tc-26-6-1-1-7,osmo-bsc-594654bd47-mk546,1,5
1782283447,tc-26-6-1-1-7,osmo-bts-virtual-5f8b9b86fc-fwlzl,17,5
1782283447,tc-26-6-1-1-7,osmo-hlr-546bdb8988-vjqwp,1,2
1782283447,tc-26-6-1-1-7,osmo-mgw-8c8fc67d6-klmpk,1,2
1782283447,tc-26-6-1-1-7,osmo-mobile-58b76ddf85-gbd9r,3,37
1782283447,tc-26-6-1-1-7,osmo-stp-768687f494-6bzn7,1,2
1782283447,tc-26-6-1-1-7,ttcn3-tc-26-6-1-1-1-wsmkg,1,6
1782283447,tc-26-6-1-1-7,virtphy-576cdd77b8-29gc2,6,1
1782283447,tc-26-7-3-2-2,msc-test-stub-5b875d749d-vcrjm,1,16
1782283447,tc-26-7-3-2-2,osmo-bsc-594654bd47-7nw9l,1,5
1782283447,tc-26-7-3-2-2,osmo-bts-virtual-5f8b9b86fc-4fnh4,17,5
1782283447,tc-26-7-3-2-2,osmo-hlr-546bdb8988-dh7l7,1,2
1782283447,tc-26-7-3-2-2,osmo-mgw-8c8fc67d6-n8lxb,1,2
1782283447,tc-26-7-3-2-2,osmo-mobile-698697576-dlg79,2,33
1782283447,tc-26-7-3-2-2,osmo-stp-768687f494-ftknv,1,2
1782283447,tc-26-7-3-2-2,virtphy-785d5cf49-h4csq,6,1
1782283447,tc-34-2-2-6,msc-test-stub-5b875d749d-n76gn,1,16
1782283447,tc-34-2-2-6,osmo-bsc-594654bd47-ngnw2,1,5
1782283447,tc-34-2-2-6,osmo-bts-virtual-5f8b9b86fc-49knq,18,5
1782283447,tc-34-2-2-6,osmo-hlr-546bdb8988-zlpbh,1,2
1782283447,tc-34-2-2-6,osmo-mgw-8c8fc67d6-rngtg,1,2
1782283447,tc-34-2-2-6,osmo-mobile-56b5cd4676-8st5t,3,36
1782283447,tc-34-2-2-6,osmo-stp-768687f494-tqplx,1,2
1782283447,tc-34-2-2-6,ttcn3-tc-34-2-2-1-zxdl7,1,6
1782283447,tc-34-2-2-6,virtphy-84fb969f5c-nv7hc,6,1
1782283449,kube-system,coredns-c4dbffb5f-p9rsr,2,29
1782283449,kube-system,local-path-provisioner-5c4dc5d66d-nfqxz,1,15
1782283449,kube-system,metrics-server-786d997795-hcp2m,9,46
1782283449,kube-system,svclb-traefik-1100f998-kpm9h,0,0
1782283449,kube-system,traefik-9bcdbbd9-qtpjt,1,36
1782283449,tc-26-6-1-1-7,msc-test-stub-5b875d749d-qhcnt,1,16
1782283449,tc-26-6-1-1-7,osmo-bsc-594654bd47-mk546,1,5
1782283449,tc-26-6-1-1-7,osmo-bts-virtual-5f8b9b86fc-fwlzl,17,5
1782283449,tc-26-6-1-1-7,osmo-hlr-546bdb8988-vjqwp,1,2
1782283449,tc-26-6-1-1-7,osmo-mgw-8c8fc67d6-klmpk,1,2
1782283449,tc-26-6-1-1-7,osmo-mobile-58b76ddf85-gbd9r,3,37
1782283449,tc-26-6-1-1-7,osmo-stp-768687f494-6bzn7,1,2
1782283449,tc-26-6-1-1-7,ttcn3-tc-26-6-1-1-1-wsmkg,1,6
1782283449,tc-26-6-1-1-7,virtphy-576cdd77b8-29gc2,6,1
1782283449,tc-26-7-3-2-2,msc-test-stub-5b875d749d-vcrjm,1,16
1782283449,tc-26-7-3-2-2,osmo-bsc-594654bd47-7nw9l,1,5
1782283449,tc-26-7-3-2-2,osmo-bts-virtual-5f8b9b86fc-4fnh4,17,5
1782283449,tc-26-7-3-2-2,osmo-mgw-8c8fc67d6-n8lxb,1,2
1782283449,tc-26-7-3-2-2,osmo-mobile-698697576-dlg79,2,33
1782283449,tc-26-7-3-2-2,osmo-stp-768687f494-ftknv,1,2
1782283449,tc-34-2-2-6,msc-test-stub-5b875d749d-n76gn,1,16
1782283449,tc-34-2-2-6,osmo-bsc-594654bd47-ngnw2,1,5
1782283449,tc-34-2-2-6,osmo-bts-virtual-5f8b9b86fc-49knq,18,5
1782283449,tc-34-2-2-6,osmo-hlr-546bdb8988-zlpbh,1,2
1782283449,tc-34-2-2-6,osmo-mgw-8c8fc67d6-rngtg,1,2
1782283449,tc-34-2-2-6,osmo-mobile-56b5cd4676-8st5t,3,36
1782283449,tc-34-2-2-6,osmo-stp-768687f494-tqplx,1,2
1782283449,tc-34-2-2-6,ttcn3-tc-34-2-2-1-zxdl7,1,6
1782283449,tc-34-2-2-6,virtphy-84fb969f5c-nv7hc,6,1
1782283452,kube-system,coredns-c4dbffb5f-p9rsr,2,29
1782283452,kube-system,local-path-provisioner-5c4dc5d66d-nfqxz,1,15
1782283452,kube-system,metrics-server-786d997795-hcp2m,9,46
1782283452,kube-system,svclb-traefik-1100f998-kpm9h,0,0
1782283452,kube-system,traefik-9bcdbbd9-qtpjt,1,36
1782283452,tc-26-6-1-1-7,msc-test-stub-5b875d749d-qhcnt,1,16
1782283452,tc-26-6-1-1-7,osmo-bsc-594654bd47-mk546,1,5
1782283452,tc-26-6-1-1-7,osmo-bts-virtual-5f8b9b86fc-fwlzl,17,5
1782283452,tc-26-6-1-1-7,osmo-hlr-546bdb8988-vjqwp,1,2
1782283452,tc-26-6-1-1-7,osmo-mgw-8c8fc67d6-klmpk,1,2
1782283452,tc-26-6-1-1-7,osmo-mobile-58b76ddf85-gbd9r,3,37
1782283452,tc-26-6-1-1-7,osmo-stp-768687f494-6bzn7,1,2
1782283452,tc-26-6-1-1-7,ttcn3-tc-26-6-1-1-1-wsmkg,1,6
1782283452,tc-26-6-1-1-7,virtphy-576cdd77b8-29gc2,6,1
1782283452,tc-26-7-3-2-2,msc-test-stub-5b875d749d-vcrjm,1,16
1782283452,tc-26-7-3-2-2,osmo-bts-virtual-5f8b9b86fc-4fnh4,17,5
1782283452,tc-26-7-3-2-2,osmo-mgw-8c8fc67d6-n8lxb,1,2
1782283452,tc-26-7-3-2-2,osmo-mobile-698697576-dlg79,2,33
1782283452,tc-34-2-2-6,msc-test-stub-5b875d749d-n76gn,1,16
1782283452,tc-34-2-2-6,osmo-bsc-594654bd47-ngnw2,1,5
1782283452,tc-34-2-2-6,osmo-bts-virtual-5f8b9b86fc-49knq,18,5
1782283452,tc-34-2-2-6,osmo-hlr-546bdb8988-zlpbh,1,2
1782283452,tc-34-2-2-6,osmo-mgw-8c8fc67d6-rngtg,1,2
1782283452,tc-34-2-2-6,osmo-mobile-56b5cd4676-8st5t,3,36
1782283452,tc-34-2-2-6,osmo-stp-768687f494-tqplx,1,2
1782283452,tc-34-2-2-6,ttcn3-tc-34-2-2-1-zxdl7,1,6
1782283452,tc-34-2-2-6,virtphy-84fb969f5c-nv7hc,6,1
1782283454,kube-system,coredns-c4dbffb5f-p9rsr,2,29
1782283454,kube-system,local-path-provisioner-5c4dc5d66d-nfqxz,1,15
1782283454,kube-system,metrics-server-786d997795-hcp2m,12,46
1782283454,kube-system,svclb-traefik-1100f998-kpm9h,0,0
1782283454,kube-system,traefik-9bcdbbd9-qtpjt,1,36
1782283454,tc-26-6-1-1-7,msc-test-stub-5b875d749d-qhcnt,1,16
1782283454,tc-26-6-1-1-7,osmo-bsc-594654bd47-mk546,1,5
1782283454,tc-26-6-1-1-7,osmo-bts-virtual-5f8b9b86fc-fwlzl,16,5
1782283454,tc-26-6-1-1-7,osmo-hlr-546bdb8988-vjqwp,1,2
1782283454,tc-26-6-1-1-7,osmo-mgw-8c8fc67d6-klmpk,1,2
1782283454,tc-26-6-1-1-7,osmo-mobile-58b76ddf85-gbd9r,2,36
1782283454,tc-26-6-1-1-7,osmo-stp-768687f494-6bzn7,1,2
1782283454,tc-26-6-1-1-7,ttcn3-tc-26-6-1-1-1-wsmkg,1,6
1782283454,tc-26-6-1-1-7,virtphy-576cdd77b8-29gc2,6,1
1782283454,tc-26-7-3-2-2,msc-test-stub-5b875d749d-vcrjm,2,16
1782283454,tc-26-7-3-2-2,osmo-bts-virtual-5f8b9b86fc-4fnh4,16,5
1782283454,tc-26-7-3-2-2,osmo-mgw-8c8fc67d6-n8lxb,1,2
1782283454,tc-26-7-3-2-2,osmo-mobile-698697576-dlg79,2,31
1782283454,tc-34-2-2-6,msc-test-stub-5b875d749d-n76gn,1,16
1782283454,tc-34-2-2-6,osmo-bsc-594654bd47-ngnw2,1,5
1782283454,tc-34-2-2-6,osmo-bts-virtual-5f8b9b86fc-49knq,17,5
1782283454,tc-34-2-2-6,osmo-hlr-546bdb8988-zlpbh,1,2
1782283454,tc-34-2-2-6,osmo-mgw-8c8fc67d6-rngtg,1,2
1782283454,tc-34-2-2-6,osmo-mobile-56b5cd4676-8st5t,3,36
1782283454,tc-34-2-2-6,osmo-stp-768687f494-tqplx,1,2
1782283454,tc-34-2-2-6,ttcn3-tc-34-2-2-1-zxdl7,1,6
1782283454,tc-34-2-2-6,virtphy-84fb969f5c-nv7hc,6,1
1782283456,kube-system,coredns-c4dbffb5f-p9rsr,2,29
1782283456,kube-system,local-path-provisioner-5c4dc5d66d-nfqxz,1,15
1782283456,kube-system,metrics-server-786d997795-hcp2m,12,46
1782283456,kube-system,svclb-traefik-1100f998-kpm9h,0,0
1782283456,kube-system,traefik-9bcdbbd9-qtpjt,1,36
1782283456,tc-26-6-1-1-7,msc-test-stub-5b875d749d-qhcnt,1,16
1782283456,tc-26-6-1-1-7,osmo-bsc-594654bd47-mk546,1,5
1782283456,tc-26-6-1-1-7,osmo-bts-virtual-5f8b9b86fc-fwlzl,16,5
1782283456,tc-26-6-1-1-7,osmo-hlr-546bdb8988-vjqwp,1,2
1782283456,tc-26-6-1-1-7,osmo-mgw-8c8fc67d6-klmpk,1,2
1782283456,tc-26-6-1-1-7,osmo-mobile-58b76ddf85-gbd9r,2,36
1782283456,tc-26-6-1-1-7,osmo-stp-768687f494-6bzn7,1,2
1782283456,tc-26-6-1-1-7,ttcn3-tc-26-6-1-1-1-wsmkg,1,6
1782283456,tc-26-6-1-1-7,virtphy-576cdd77b8-29gc2,6,1
1782283456,tc-26-7-3-2-2,msc-test-stub-5b875d749d-vcrjm,2,16
1782283456,tc-26-7-3-2-2,osmo-mgw-8c8fc67d6-n8lxb,1,2
1782283456,tc-26-7-3-2-2,osmo-mobile-698697576-dlg79,2,31
1782283456,tc-34-2-2-6,msc-test-stub-5b875d749d-n76gn,1,16
1782283456,tc-34-2-2-6,osmo-bsc-594654bd47-ngnw2,1,5
1782283456,tc-34-2-2-6,osmo-bts-virtual-5f8b9b86fc-49knq,17,5
1782283456,tc-34-2-2-6,osmo-hlr-546bdb8988-zlpbh,1,2
1782283456,tc-34-2-2-6,osmo-mgw-8c8fc67d6-rngtg,1,2
1782283456,tc-34-2-2-6,osmo-mobile-56b5cd4676-8st5t,3,36
1782283456,tc-34-2-2-6,osmo-stp-768687f494-tqplx,1,2
1782283456,tc-34-2-2-6,ttcn3-tc-34-2-2-1-zxdl7,1,6
1782283456,tc-34-2-2-6,virtphy-84fb969f5c-nv7hc,6,1
1782283458,kube-system,coredns-c4dbffb5f-p9rsr,2,29
1782283458,kube-system,local-path-provisioner-5c4dc5d66d-nfqxz,1,15
1782283458,kube-system,metrics-server-786d997795-hcp2m,12,46
1782283458,kube-system,svclb-traefik-1100f998-kpm9h,0,0
1782283458,kube-system,traefik-9bcdbbd9-qtpjt,1,36
1782283458,tc-26-6-1-1-7,msc-test-stub-5b875d749d-qhcnt,1,16
1782283458,tc-26-6-1-1-7,osmo-bsc-594654bd47-mk546,1,5
1782283458,tc-26-6-1-1-7,osmo-bts-virtual-5f8b9b86fc-fwlzl,16,5
1782283458,tc-26-6-1-1-7,osmo-hlr-546bdb8988-vjqwp,1,2
1782283458,tc-26-6-1-1-7,osmo-mgw-8c8fc67d6-klmpk,1,2
1782283458,tc-26-6-1-1-7,osmo-mobile-58b76ddf85-gbd9r,2,36
1782283458,tc-26-6-1-1-7,osmo-stp-768687f494-6bzn7,1,2
1782283458,tc-26-6-1-1-7,ttcn3-tc-26-6-1-1-1-wsmkg,1,6
1782283458,tc-26-6-1-1-7,virtphy-576cdd77b8-29gc2,6,1
1782283458,tc-26-7-3-2-2,msc-test-stub-5b875d749d-vcrjm,2,16
1782283458,tc-26-7-3-2-2,osmo-mgw-8c8fc67d6-n8lxb,1,2
1782283458,tc-26-7-3-2-2,osmo-mobile-698697576-dlg79,2,31
1782283458,tc-34-2-2-6,msc-test-stub-5b875d749d-n76gn,1,16
1782283458,tc-34-2-2-6,osmo-bsc-594654bd47-ngnw2,1,5
1782283458,tc-34-2-2-6,osmo-bts-virtual-5f8b9b86fc-49knq,17,5
1782283458,tc-34-2-2-6,osmo-hlr-546bdb8988-zlpbh,1,2
1782283458,tc-34-2-2-6,osmo-mgw-8c8fc67d6-rngtg,1,2
1782283458,tc-34-2-2-6,osmo-mobile-56b5cd4676-8st5t,3,36
1782283458,tc-34-2-2-6,osmo-stp-768687f494-tqplx,1,2
1782283458,tc-34-2-2-6,ttcn3-tc-34-2-2-1-zxdl7,1,6
1782283458,tc-34-2-2-6,virtphy-84fb969f5c-nv7hc,6,1
1782283460,kube-system,coredns-c4dbffb5f-p9rsr,2,29
1782283460,kube-system,local-path-provisioner-5c4dc5d66d-nfqxz,1,15
1782283460,kube-system,metrics-server-786d997795-hcp2m,12,46
1782283460,kube-system,svclb-traefik-1100f998-kpm9h,0,0
1782283460,kube-system,traefik-9bcdbbd9-qtpjt,1,36
1782283460,tc-26-6-1-1-7,msc-test-stub-5b875d749d-qhcnt,1,16
1782283460,tc-26-6-1-1-7,osmo-bsc-594654bd47-mk546,1,5
1782283460,tc-26-6-1-1-7,osmo-bts-virtual-5f8b9b86fc-fwlzl,16,5
1782283460,tc-26-6-1-1-7,osmo-hlr-546bdb8988-vjqwp,1,2
1782283460,tc-26-6-1-1-7,osmo-mgw-8c8fc67d6-klmpk,1,2
1782283460,tc-26-6-1-1-7,osmo-mobile-58b76ddf85-gbd9r,2,36
1782283460,tc-26-6-1-1-7,osmo-stp-768687f494-6bzn7,1,2
1782283460,tc-26-6-1-1-7,ttcn3-tc-26-6-1-1-1-wsmkg,1,6
1782283460,tc-26-6-1-1-7,virtphy-576cdd77b8-29gc2,6,1
1782283460,tc-26-7-3-2-2,msc-test-stub-5b875d749d-vcrjm,2,16
1782283460,tc-26-7-3-2-2,osmo-mgw-8c8fc67d6-n8lxb,1,2
1782283460,tc-26-7-3-2-2,osmo-mobile-698697576-dlg79,2,31
1782283460,tc-34-2-2-6,msc-test-stub-5b875d749d-n76gn,1,16
1782283460,tc-34-2-2-6,osmo-bsc-594654bd47-ngnw2,1,5
1782283460,tc-34-2-2-6,osmo-bts-virtual-5f8b9b86fc-49knq,17,5
1782283460,tc-34-2-2-6,osmo-hlr-546bdb8988-zlpbh,1,2
1782283460,tc-34-2-2-6,osmo-mgw-8c8fc67d6-rngtg,1,2
1782283460,tc-34-2-2-6,osmo-mobile-56b5cd4676-8st5t,3,36
1782283460,tc-34-2-2-6,osmo-stp-768687f494-tqplx,1,2
1782283460,tc-34-2-2-6,ttcn3-tc-34-2-2-1-zxdl7,1,6
1782283460,tc-34-2-2-6,virtphy-84fb969f5c-nv7hc,6,1
1782283462,kube-system,coredns-c4dbffb5f-p9rsr,2,29
1782283462,kube-system,local-path-provisioner-5c4dc5d66d-nfqxz,1,15
1782283462,kube-system,metrics-server-786d997795-hcp2m,12,46
1782283462,kube-system,svclb-traefik-1100f998-kpm9h,0,0
1782283462,kube-system,traefik-9bcdbbd9-qtpjt,1,36
1782283462,tc-26-6-1-1-7,msc-test-stub-5b875d749d-qhcnt,1,16
1782283462,tc-26-6-1-1-7,osmo-bsc-594654bd47-mk546,1,5
1782283462,tc-26-6-1-1-7,osmo-bts-virtual-5f8b9b86fc-fwlzl,16,5
1782283462,tc-26-6-1-1-7,osmo-hlr-546bdb8988-vjqwp,1,2
1782283462,tc-26-6-1-1-7,osmo-mgw-8c8fc67d6-klmpk,1,2
1782283462,tc-26-6-1-1-7,osmo-mobile-58b76ddf85-gbd9r,2,36
1782283462,tc-26-6-1-1-7,osmo-stp-768687f494-6bzn7,1,2
1782283462,tc-26-6-1-1-7,ttcn3-tc-26-6-1-1-1-wsmkg,1,6
1782283462,tc-26-6-1-1-7,virtphy-576cdd77b8-29gc2,6,1
1782283462,tc-26-7-3-2-2,msc-test-stub-5b875d749d-vcrjm,2,16
1782283462,tc-26-7-3-2-2,osmo-mgw-8c8fc67d6-n8lxb,1,2
1782283462,tc-26-7-3-2-2,osmo-mobile-698697576-dlg79,2,31
1782283462,tc-34-2-2-6,msc-test-stub-5b875d749d-n76gn,1,16
1782283462,tc-34-2-2-6,osmo-bsc-594654bd47-ngnw2,1,5
1782283462,tc-34-2-2-6,osmo-bts-virtual-5f8b9b86fc-49knq,17,5
1782283462,tc-34-2-2-6,osmo-hlr-546bdb8988-zlpbh,1,2
1782283462,tc-34-2-2-6,osmo-mgw-8c8fc67d6-rngtg,1,2
1782283462,tc-34-2-2-6,osmo-mobile-56b5cd4676-8st5t,3,36
1782283462,tc-34-2-2-6,osmo-stp-768687f494-tqplx,1,2
1782283462,tc-34-2-2-6,ttcn3-tc-34-2-2-1-zxdl7,1,6
1782283462,tc-34-2-2-6,virtphy-84fb969f5c-nv7hc,6,1
1782283465,kube-system,coredns-c4dbffb5f-p9rsr,2,29
1782283465,kube-system,local-path-provisioner-5c4dc5d66d-nfqxz,1,15
1782283465,kube-system,metrics-server-786d997795-hcp2m,12,46
1782283465,kube-system,svclb-traefik-1100f998-kpm9h,0,0
1782283465,kube-system,traefik-9bcdbbd9-qtpjt,1,36
1782283465,tc-26-6-1-1-7,msc-test-stub-5b875d749d-qhcnt,1,16
1782283465,tc-26-6-1-1-7,osmo-bsc-594654bd47-mk546,1,5
1782283465,tc-26-6-1-1-7,osmo-bts-virtual-5f8b9b86fc-fwlzl,16,5
1782283465,tc-26-6-1-1-7,osmo-hlr-546bdb8988-vjqwp,1,2
1782283465,tc-26-6-1-1-7,osmo-mgw-8c8fc67d6-klmpk,1,2
1782283465,tc-26-6-1-1-7,osmo-mobile-58b76ddf85-gbd9r,2,36
1782283465,tc-26-6-1-1-7,osmo-stp-768687f494-6bzn7,1,2
1782283465,tc-26-6-1-1-7,ttcn3-tc-26-6-1-1-1-wsmkg,1,6
1782283465,tc-26-6-1-1-7,virtphy-576cdd77b8-29gc2,6,1
1782283465,tc-26-7-3-2-2,msc-test-stub-5b875d749d-vcrjm,2,16
1782283465,tc-26-7-3-2-2,osmo-mgw-8c8fc67d6-n8lxb,1,2
1782283465,tc-26-7-3-2-2,osmo-mobile-698697576-dlg79,2,31
1782283465,tc-34-2-2-6,msc-test-stub-5b875d749d-n76gn,1,16
1782283465,tc-34-2-2-6,osmo-bsc-594654bd47-ngnw2,1,5
1782283465,tc-34-2-2-6,osmo-bts-virtual-5f8b9b86fc-49knq,17,5
1782283465,tc-34-2-2-6,osmo-hlr-546bdb8988-zlpbh,1,2
1782283465,tc-34-2-2-6,osmo-mgw-8c8fc67d6-rngtg,1,2
1782283465,tc-34-2-2-6,osmo-mobile-56b5cd4676-8st5t,3,36
1782283465,tc-34-2-2-6,osmo-stp-768687f494-tqplx,1,2
1782283465,tc-34-2-2-6,ttcn3-tc-34-2-2-1-zxdl7,1,6
1782283465,tc-34-2-2-6,virtphy-84fb969f5c-nv7hc,6,1
1782283467,kube-system,coredns-c4dbffb5f-p9rsr,2,29
1782283467,kube-system,local-path-provisioner-5c4dc5d66d-nfqxz,1,15
1782283467,kube-system,metrics-server-786d997795-hcp2m,12,46
1782283467,kube-system,svclb-traefik-1100f998-kpm9h,0,0
1782283467,kube-system,traefik-9bcdbbd9-qtpjt,1,36
1782283467,tc-26-6-1-1-7,msc-test-stub-5b875d749d-qhcnt,1,16
1782283467,tc-26-6-1-1-7,osmo-bsc-594654bd47-mk546,1,5
1782283467,tc-26-6-1-1-7,osmo-bts-virtual-5f8b9b86fc-fwlzl,16,5
1782283467,tc-26-6-1-1-7,osmo-hlr-546bdb8988-vjqwp,1,2
1782283467,tc-26-6-1-1-7,osmo-mgw-8c8fc67d6-klmpk,1,2
1782283467,tc-26-6-1-1-7,osmo-mobile-58b76ddf85-gbd9r,2,36
1782283467,tc-26-6-1-1-7,osmo-stp-768687f494-6bzn7,1,2
1782283467,tc-26-6-1-1-7,ttcn3-tc-26-6-1-1-1-wsmkg,1,6
1782283467,tc-26-6-1-1-7,virtphy-576cdd77b8-29gc2,6,1
1782283467,tc-26-7-3-2-2,msc-test-stub-5b875d749d-vcrjm,2,16
1782283467,tc-26-7-3-2-2,osmo-mgw-8c8fc67d6-n8lxb,1,2
1782283467,tc-26-7-3-2-2,osmo-mobile-698697576-dlg79,2,31
1782283467,tc-34-2-2-6,msc-test-stub-5b875d749d-n76gn,1,16
1782283467,tc-34-2-2-6,osmo-bsc-594654bd47-ngnw2,1,5
1782283467,tc-34-2-2-6,osmo-bts-virtual-5f8b9b86fc-49knq,17,5
1782283467,tc-34-2-2-6,osmo-hlr-546bdb8988-zlpbh,1,2
1782283467,tc-34-2-2-6,osmo-mgw-8c8fc67d6-rngtg,1,2
1782283467,tc-34-2-2-6,osmo-mobile-56b5cd4676-8st5t,3,36
1782283467,tc-34-2-2-6,osmo-stp-768687f494-tqplx,1,2
1782283467,tc-34-2-2-6,ttcn3-tc-34-2-2-1-zxdl7,1,6
1782283467,tc-34-2-2-6,virtphy-84fb969f5c-nv7hc,6,1
1782283469,kube-system,coredns-c4dbffb5f-p9rsr,3,29
1782283469,kube-system,local-path-provisioner-5c4dc5d66d-nfqxz,1,15
1782283469,kube-system,metrics-server-786d997795-hcp2m,7,46
1782283469,kube-system,svclb-traefik-1100f998-kpm9h,0,0
1782283469,kube-system,traefik-9bcdbbd9-qtpjt,1,36
1782283469,tc-26-6-1-1-7,msc-test-stub-5b875d749d-qhcnt,1,16
1782283469,tc-26-6-1-1-7,osmo-bsc-594654bd47-mk546,1,5
1782283469,tc-26-6-1-1-7,osmo-bts-virtual-5f8b9b86fc-fwlzl,17,5
1782283469,tc-26-6-1-1-7,osmo-hlr-546bdb8988-vjqwp,1,2
1782283469,tc-26-6-1-1-7,osmo-mgw-8c8fc67d6-klmpk,1,2
1782283469,tc-26-6-1-1-7,osmo-mobile-58b76ddf85-gbd9r,2,36
1782283469,tc-26-6-1-1-7,osmo-stp-768687f494-6bzn7,1,2
1782283469,tc-26-6-1-1-7,ttcn3-tc-26-6-1-1-1-wsmkg,1,6
1782283469,tc-26-6-1-1-7,virtphy-576cdd77b8-29gc2,5,1
1782283469,tc-26-7-3-2-2,msc-test-stub-5b875d749d-vcrjm,1,16
1782283469,tc-26-7-3-2-2,osmo-mgw-8c8fc67d6-n8lxb,1,2
1782283469,tc-26-7-3-2-2,osmo-mobile-698697576-dlg79,6,31
1782283469,tc-34-2-2-6,msc-test-stub-5b875d749d-n76gn,1,16
1782283469,tc-34-2-2-6,osmo-bsc-594654bd47-ngnw2,1,5
1782283469,tc-34-2-2-6,osmo-bts-virtual-5f8b9b86fc-49knq,17,5
1782283469,tc-34-2-2-6,osmo-hlr-546bdb8988-zlpbh,1,2
1782283469,tc-34-2-2-6,osmo-mgw-8c8fc67d6-rngtg,1,2
1782283469,tc-34-2-2-6,osmo-mobile-56b5cd4676-8st5t,3,36
1782283469,tc-34-2-2-6,osmo-stp-768687f494-tqplx,1,2
1782283469,tc-34-2-2-6,ttcn3-tc-34-2-2-1-zxdl7,1,6
1782283469,tc-34-2-2-6,virtphy-84fb969f5c-nv7hc,6,1
1782283471,kube-system,coredns-c4dbffb5f-p9rsr,3,29
1782283471,kube-system,local-path-provisioner-5c4dc5d66d-nfqxz,1,15
1782283471,kube-system,metrics-server-786d997795-hcp2m,7,46
1782283471,kube-system,svclb-traefik-1100f998-kpm9h,0,0
1782283471,kube-system,traefik-9bcdbbd9-qtpjt,1,36
1782283471,tc-26-6-1-1-7,msc-test-stub-5b875d749d-qhcnt,1,16
1782283471,tc-26-6-1-1-7,osmo-bsc-594654bd47-mk546,1,5
1782283471,tc-26-6-1-1-7,osmo-bts-virtual-5f8b9b86fc-fwlzl,17,5
1782283471,tc-26-6-1-1-7,osmo-hlr-546bdb8988-vjqwp,1,2
1782283471,tc-26-6-1-1-7,osmo-mgw-8c8fc67d6-klmpk,1,2
1782283471,tc-26-6-1-1-7,osmo-mobile-58b76ddf85-gbd9r,2,36
1782283471,tc-26-6-1-1-7,osmo-stp-768687f494-6bzn7,1,2
1782283471,tc-26-6-1-1-7,ttcn3-tc-26-6-1-1-1-wsmkg,1,6
1782283471,tc-26-6-1-1-7,virtphy-576cdd77b8-29gc2,5,1
1782283471,tc-26-7-3-2-2,msc-test-stub-5b875d749d-vcrjm,1,16
1782283471,tc-26-7-3-2-2,osmo-mgw-8c8fc67d6-n8lxb,1,2
1782283471,tc-26-7-3-2-2,osmo-mobile-698697576-dlg79,6,31
1782283471,tc-34-2-2-6,msc-test-stub-5b875d749d-n76gn,1,16
1782283471,tc-34-2-2-6,osmo-bsc-594654bd47-ngnw2,1,5
1782283471,tc-34-2-2-6,osmo-bts-virtual-5f8b9b86fc-49knq,17,5
1782283471,tc-34-2-2-6,osmo-hlr-546bdb8988-zlpbh,1,2
1782283471,tc-34-2-2-6,osmo-mgw-8c8fc67d6-rngtg,1,2
1782283471,tc-34-2-2-6,osmo-mobile-56b5cd4676-8st5t,3,36
1782283471,tc-34-2-2-6,osmo-stp-768687f494-tqplx,1,2
1782283471,tc-34-2-2-6,ttcn3-tc-34-2-2-1-zxdl7,1,6
1782283471,tc-34-2-2-6,virtphy-84fb969f5c-nv7hc,6,1
1782283473,kube-system,coredns-c4dbffb5f-p9rsr,3,29
1782283473,kube-system,local-path-provisioner-5c4dc5d66d-nfqxz,1,15
1782283473,kube-system,metrics-server-786d997795-hcp2m,7,46
1782283473,kube-system,svclb-traefik-1100f998-kpm9h,0,0
1782283473,kube-system,traefik-9bcdbbd9-qtpjt,1,36
1782283473,tc-26-6-1-1-7,msc-test-stub-5b875d749d-qhcnt,1,16
1782283473,tc-26-6-1-1-7,osmo-bsc-594654bd47-mk546,1,5
1782283473,tc-26-6-1-1-7,osmo-bts-virtual-5f8b9b86fc-fwlzl,17,5
1782283473,tc-26-6-1-1-7,osmo-hlr-546bdb8988-vjqwp,1,2
1782283473,tc-26-6-1-1-7,osmo-mgw-8c8fc67d6-klmpk,1,2
1782283473,tc-26-6-1-1-7,osmo-mobile-58b76ddf85-gbd9r,2,36
1782283473,tc-26-6-1-1-7,osmo-stp-768687f494-6bzn7,1,2
1782283473,tc-26-6-1-1-7,ttcn3-tc-26-6-1-1-1-wsmkg,1,6
1782283473,tc-26-6-1-1-7,virtphy-576cdd77b8-29gc2,5,1
1782283473,tc-26-7-3-2-2,msc-test-stub-5b875d749d-vcrjm,1,16
1782283473,tc-26-7-3-2-2,osmo-mgw-8c8fc67d6-n8lxb,1,2
1782283473,tc-26-7-3-2-2,osmo-mobile-698697576-dlg79,6,31
1782283473,tc-34-2-2-6,msc-test-stub-5b875d749d-n76gn,1,16
1782283473,tc-34-2-2-6,osmo-bsc-594654bd47-ngnw2,1,5
1782283473,tc-34-2-2-6,osmo-bts-virtual-5f8b9b86fc-49knq,17,5
1782283473,tc-34-2-2-6,osmo-hlr-546bdb8988-zlpbh,1,2
1782283473,tc-34-2-2-6,osmo-mgw-8c8fc67d6-rngtg,1,2
1782283473,tc-34-2-2-6,osmo-mobile-56b5cd4676-8st5t,3,36
1782283473,tc-34-2-2-6,osmo-stp-768687f494-tqplx,1,2
1782283473,tc-34-2-2-6,ttcn3-tc-34-2-2-1-zxdl7,1,6
1782283473,tc-34-2-2-6,virtphy-84fb969f5c-nv7hc,6,1
1782283475,kube-system,coredns-c4dbffb5f-p9rsr,3,29
1782283475,kube-system,local-path-provisioner-5c4dc5d66d-nfqxz,1,15
1782283475,kube-system,metrics-server-786d997795-hcp2m,7,46
1782283475,kube-system,svclb-traefik-1100f998-kpm9h,0,0
1782283475,kube-system,traefik-9bcdbbd9-qtpjt,1,36
1782283475,tc-26-6-1-1-7,msc-test-stub-5b875d749d-qhcnt,1,16
1782283475,tc-26-6-1-1-7,osmo-bsc-594654bd47-mk546,1,5
1782283475,tc-26-6-1-1-7,osmo-bts-virtual-5f8b9b86fc-fwlzl,17,5
1782283475,tc-26-6-1-1-7,osmo-hlr-546bdb8988-vjqwp,1,2
1782283475,tc-26-6-1-1-7,osmo-mgw-8c8fc67d6-klmpk,1,2
1782283475,tc-26-6-1-1-7,osmo-mobile-58b76ddf85-gbd9r,2,36
1782283475,tc-26-6-1-1-7,osmo-stp-768687f494-6bzn7,1,2
1782283475,tc-26-6-1-1-7,ttcn3-tc-26-6-1-1-1-wsmkg,1,6
1782283475,tc-26-6-1-1-7,virtphy-576cdd77b8-29gc2,5,1
1782283475,tc-26-7-3-2-2,msc-test-stub-5b875d749d-vcrjm,1,16
1782283475,tc-26-7-3-2-2,osmo-mgw-8c8fc67d6-n8lxb,1,2
1782283475,tc-26-7-3-2-2,osmo-mobile-698697576-dlg79,6,31
1782283475,tc-34-2-2-6,msc-test-stub-5b875d749d-n76gn,1,16
1782283475,tc-34-2-2-6,osmo-bsc-594654bd47-ngnw2,1,5
1782283475,tc-34-2-2-6,osmo-bts-virtual-5f8b9b86fc-49knq,17,5
1782283475,tc-34-2-2-6,osmo-hlr-546bdb8988-zlpbh,1,2
1782283475,tc-34-2-2-6,osmo-mgw-8c8fc67d6-rngtg,1,2
1782283475,tc-34-2-2-6,osmo-mobile-56b5cd4676-8st5t,3,36
1782283475,tc-34-2-2-6,osmo-stp-768687f494-tqplx,1,2
1782283475,tc-34-2-2-6,ttcn3-tc-34-2-2-1-zxdl7,1,6
1782283475,tc-34-2-2-6,virtphy-84fb969f5c-nv7hc,6,1
1782283478,kube-system,coredns-c4dbffb5f-p9rsr,3,29
1782283478,kube-system,local-path-provisioner-5c4dc5d66d-nfqxz,1,15
1782283478,kube-system,metrics-server-786d997795-hcp2m,7,46
1782283478,kube-system,svclb-traefik-1100f998-kpm9h,0,0
1782283478,kube-system,traefik-9bcdbbd9-qtpjt,1,36
1782283478,tc-26-6-1-1-7,msc-test-stub-5b875d749d-qhcnt,1,16
1782283478,tc-26-6-1-1-7,osmo-bsc-594654bd47-mk546,1,5
1782283478,tc-26-6-1-1-7,osmo-bts-virtual-5f8b9b86fc-fwlzl,17,5
1782283478,tc-26-6-1-1-7,osmo-hlr-546bdb8988-vjqwp,1,2
1782283478,tc-26-6-1-1-7,osmo-mgw-8c8fc67d6-klmpk,1,2
1782283478,tc-26-6-1-1-7,osmo-mobile-58b76ddf85-gbd9r,2,36
1782283478,tc-26-6-1-1-7,osmo-stp-768687f494-6bzn7,1,2
1782283478,tc-26-6-1-1-7,ttcn3-tc-26-6-1-1-1-wsmkg,1,6
1782283478,tc-26-6-1-1-7,virtphy-576cdd77b8-29gc2,5,1
1782283478,tc-26-7-3-2-2,msc-test-stub-5b875d749d-vcrjm,1,16
1782283478,tc-26-7-3-2-2,osmo-mgw-8c8fc67d6-n8lxb,1,2
1782283478,tc-26-7-3-2-2,osmo-mobile-698697576-dlg79,6,31
1782283478,tc-34-2-2-6,msc-test-stub-5b875d749d-n76gn,1,16
1782283478,tc-34-2-2-6,osmo-bsc-594654bd47-ngnw2,1,5
1782283478,tc-34-2-2-6,osmo-bts-virtual-5f8b9b86fc-49knq,17,5
1782283478,tc-34-2-2-6,osmo-hlr-546bdb8988-zlpbh,1,2
1782283478,tc-34-2-2-6,osmo-mgw-8c8fc67d6-rngtg,1,2
1782283478,tc-34-2-2-6,osmo-mobile-56b5cd4676-8st5t,3,36
1782283478,tc-34-2-2-6,osmo-stp-768687f494-tqplx,1,2
1782283478,tc-34-2-2-6,ttcn3-tc-34-2-2-1-zxdl7,1,6
1782283478,tc-34-2-2-6,virtphy-84fb969f5c-nv7hc,6,1
1782283480,kube-system,coredns-c4dbffb5f-p9rsr,3,29
1782283480,kube-system,local-path-provisioner-5c4dc5d66d-nfqxz,1,15
1782283480,kube-system,metrics-server-786d997795-hcp2m,7,46
1782283480,kube-system,svclb-traefik-1100f998-kpm9h,0,0
1782283480,kube-system,traefik-9bcdbbd9-qtpjt,1,36
1782283480,tc-26-6-1-1-7,msc-test-stub-5b875d749d-qhcnt,1,16
1782283480,tc-26-6-1-1-7,osmo-bsc-594654bd47-mk546,1,5
1782283480,tc-26-6-1-1-7,osmo-bts-virtual-5f8b9b86fc-fwlzl,17,5
1782283480,tc-26-6-1-1-7,osmo-hlr-546bdb8988-vjqwp,1,2
1782283480,tc-26-6-1-1-7,osmo-mgw-8c8fc67d6-klmpk,1,2
1782283480,tc-26-6-1-1-7,osmo-mobile-58b76ddf85-gbd9r,2,36
1782283480,tc-26-6-1-1-7,osmo-stp-768687f494-6bzn7,1,2
1782283480,tc-26-6-1-1-7,ttcn3-tc-26-6-1-1-1-wsmkg,1,6
1782283480,tc-26-6-1-1-7,virtphy-576cdd77b8-29gc2,5,1
1782283480,tc-34-2-2-6,msc-test-stub-5b875d749d-n76gn,1,16
1782283480,tc-34-2-2-6,osmo-bsc-594654bd47-ngnw2,1,5
1782283480,tc-34-2-2-6,osmo-bts-virtual-5f8b9b86fc-49knq,17,5
1782283480,tc-34-2-2-6,osmo-hlr-546bdb8988-zlpbh,1,2
1782283480,tc-34-2-2-6,osmo-mgw-8c8fc67d6-rngtg,1,2
1782283480,tc-34-2-2-6,osmo-mobile-56b5cd4676-8st5t,3,36
1782283480,tc-34-2-2-6,osmo-stp-768687f494-tqplx,1,2
1782283480,tc-34-2-2-6,ttcn3-tc-34-2-2-1-zxdl7,1,6
1782283480,tc-34-2-2-6,virtphy-84fb969f5c-nv7hc,6,1
1782283482,kube-system,coredns-c4dbffb5f-p9rsr,3,29
1782283482,kube-system,local-path-provisioner-5c4dc5d66d-nfqxz,1,15
1782283482,kube-system,metrics-server-786d997795-hcp2m,7,46
1782283482,kube-system,svclb-traefik-1100f998-kpm9h,0,0
1782283482,kube-system,traefik-9bcdbbd9-qtpjt,1,36
1782283482,tc-26-6-1-1-7,msc-test-stub-5b875d749d-qhcnt,1,16
1782283482,tc-26-6-1-1-7,osmo-bsc-594654bd47-mk546,1,5
1782283482,tc-26-6-1-1-7,osmo-bts-virtual-5f8b9b86fc-fwlzl,17,5
1782283482,tc-26-6-1-1-7,osmo-hlr-546bdb8988-vjqwp,1,2
1782283482,tc-26-6-1-1-7,osmo-mgw-8c8fc67d6-klmpk,1,2
1782283482,tc-26-6-1-1-7,osmo-mobile-58b76ddf85-gbd9r,2,36
1782283482,tc-26-6-1-1-7,osmo-stp-768687f494-6bzn7,1,2
1782283482,tc-26-6-1-1-7,ttcn3-tc-26-6-1-1-1-wsmkg,1,6
1782283482,tc-26-6-1-1-7,virtphy-576cdd77b8-29gc2,5,1
1782283482,tc-34-2-2-6,msc-test-stub-5b875d749d-n76gn,1,16
1782283482,tc-34-2-2-6,osmo-bsc-594654bd47-ngnw2,1,5
1782283482,tc-34-2-2-6,osmo-bts-virtual-5f8b9b86fc-49knq,17,5
1782283482,tc-34-2-2-6,osmo-hlr-546bdb8988-zlpbh,1,2
1782283482,tc-34-2-2-6,osmo-mgw-8c8fc67d6-rngtg,1,2
1782283482,tc-34-2-2-6,osmo-mobile-56b5cd4676-8st5t,3,36
1782283482,tc-34-2-2-6,osmo-stp-768687f494-tqplx,1,2
1782283482,tc-34-2-2-6,ttcn3-tc-34-2-2-1-zxdl7,1,6
1782283482,tc-34-2-2-6,virtphy-84fb969f5c-nv7hc,6,1
1782283484,kube-system,coredns-c4dbffb5f-p9rsr,3,29
1782283484,kube-system,local-path-provisioner-5c4dc5d66d-nfqxz,1,15
1782283484,kube-system,metrics-server-786d997795-hcp2m,12,46
1782283484,kube-system,svclb-traefik-1100f998-kpm9h,0,0
1782283484,kube-system,traefik-9bcdbbd9-qtpjt,2,35
1782283484,tc-26-6-1-1-7,msc-test-stub-5b875d749d-qhcnt,1,16
1782283484,tc-26-6-1-1-7,osmo-bsc-594654bd47-mk546,1,5
1782283484,tc-26-6-1-1-7,osmo-bts-virtual-5f8b9b86fc-fwlzl,17,5
1782283484,tc-26-6-1-1-7,osmo-hlr-546bdb8988-vjqwp,1,2
1782283484,tc-26-6-1-1-7,osmo-mgw-8c8fc67d6-klmpk,1,2
1782283484,tc-26-6-1-1-7,osmo-mobile-58b76ddf85-gbd9r,3,36
1782283484,tc-26-6-1-1-7,osmo-stp-768687f494-6bzn7,1,2
1782283484,tc-26-6-1-1-7,ttcn3-tc-26-6-1-1-1-wsmkg,1,6
1782283484,tc-26-6-1-1-7,virtphy-576cdd77b8-29gc2,7,1
1782283484,tc-34-2-2-6,msc-test-stub-5b875d749d-n76gn,1,16
1782283484,tc-34-2-2-6,osmo-bsc-594654bd47-ngnw2,1,5
1782283484,tc-34-2-2-6,osmo-bts-virtual-5f8b9b86fc-49knq,17,5
1782283484,tc-34-2-2-6,osmo-hlr-546bdb8988-zlpbh,1,2
1782283484,tc-34-2-2-6,osmo-mgw-8c8fc67d6-rngtg,1,2
1782283484,tc-34-2-2-6,osmo-mobile-56b5cd4676-8st5t,3,36
1782283484,tc-34-2-2-6,osmo-stp-768687f494-tqplx,1,2
1782283484,tc-34-2-2-6,ttcn3-tc-34-2-2-1-zxdl7,1,6
1782283484,tc-34-2-2-6,virtphy-84fb969f5c-nv7hc,6,1
1782283486,kube-system,coredns-c4dbffb5f-p9rsr,3,29
1782283486,kube-system,local-path-provisioner-5c4dc5d66d-nfqxz,1,15
1782283486,kube-system,metrics-server-786d997795-hcp2m,12,46
1782283486,kube-system,svclb-traefik-1100f998-kpm9h,0,0
1782283486,kube-system,traefik-9bcdbbd9-qtpjt,2,35
1782283486,tc-26-6-1-1-7,msc-test-stub-5b875d749d-qhcnt,1,16
1782283486,tc-26-6-1-1-7,osmo-bsc-594654bd47-mk546,1,5
1782283486,tc-26-6-1-1-7,osmo-bts-virtual-5f8b9b86fc-fwlzl,17,5
1782283486,tc-26-6-1-1-7,osmo-hlr-546bdb8988-vjqwp,1,2
1782283486,tc-26-6-1-1-7,osmo-mgw-8c8fc67d6-klmpk,1,2
1782283486,tc-26-6-1-1-7,osmo-mobile-58b76ddf85-gbd9r,3,36
1782283486,tc-26-6-1-1-7,osmo-stp-768687f494-6bzn7,1,2
1782283486,tc-26-6-1-1-7,ttcn3-tc-26-6-1-1-1-wsmkg,1,6
1782283486,tc-26-6-1-1-7,virtphy-576cdd77b8-29gc2,7,1
1782283486,tc-34-2-2-6,msc-test-stub-5b875d749d-n76gn,1,16
1782283486,tc-34-2-2-6,osmo-bsc-594654bd47-ngnw2,1,5
1782283486,tc-34-2-2-6,osmo-bts-virtual-5f8b9b86fc-49knq,17,5
1782283486,tc-34-2-2-6,osmo-hlr-546bdb8988-zlpbh,1,2
1782283486,tc-34-2-2-6,osmo-mgw-8c8fc67d6-rngtg,1,2
1782283486,tc-34-2-2-6,osmo-mobile-56b5cd4676-8st5t,3,36
1782283486,tc-34-2-2-6,osmo-stp-768687f494-tqplx,1,2
1782283486,tc-34-2-2-6,ttcn3-tc-34-2-2-1-zxdl7,1,6
1782283486,tc-34-2-2-6,virtphy-84fb969f5c-nv7hc,6,1
1782283488,kube-system,coredns-c4dbffb5f-p9rsr,3,29
1782283488,kube-system,local-path-provisioner-5c4dc5d66d-nfqxz,1,15
1782283488,kube-system,metrics-server-786d997795-hcp2m,12,46
1782283488,kube-system,svclb-traefik-1100f998-kpm9h,0,0
1782283488,kube-system,traefik-9bcdbbd9-qtpjt,2,35
1782283488,tc-26-6-1-1-7,msc-test-stub-5b875d749d-qhcnt,1,16
1782283488,tc-26-6-1-1-7,osmo-bsc-594654bd47-mk546,1,5
1782283488,tc-26-6-1-1-7,osmo-bts-virtual-5f8b9b86fc-fwlzl,17,5
1782283488,tc-26-6-1-1-7,osmo-hlr-546bdb8988-vjqwp,1,2
1782283488,tc-26-6-1-1-7,osmo-mgw-8c8fc67d6-klmpk,1,2
1782283488,tc-26-6-1-1-7,osmo-mobile-58b76ddf85-gbd9r,3,36
1782283488,tc-26-6-1-1-7,osmo-stp-768687f494-6bzn7,1,2
1782283488,tc-26-6-1-1-7,ttcn3-tc-26-6-1-1-1-wsmkg,1,6
1782283488,tc-26-6-1-1-7,virtphy-576cdd77b8-29gc2,7,1
1782283488,tc-34-2-2-6,msc-test-stub-5b875d749d-n76gn,1,16
1782283488,tc-34-2-2-6,osmo-bsc-594654bd47-ngnw2,1,5
1782283488,tc-34-2-2-6,osmo-bts-virtual-5f8b9b86fc-49knq,17,5
1782283488,tc-34-2-2-6,osmo-hlr-546bdb8988-zlpbh,1,2
1782283488,tc-34-2-2-6,osmo-mgw-8c8fc67d6-rngtg,1,2
1782283488,tc-34-2-2-6,osmo-mobile-56b5cd4676-8st5t,3,36
1782283488,tc-34-2-2-6,osmo-stp-768687f494-tqplx,1,2
1782283488,tc-34-2-2-6,ttcn3-tc-34-2-2-1-zxdl7,1,6
1782283488,tc-34-2-2-6,virtphy-84fb969f5c-nv7hc,6,1
1782283490,kube-system,coredns-c4dbffb5f-p9rsr,3,29
1782283490,kube-system,local-path-provisioner-5c4dc5d66d-nfqxz,1,15
1782283490,kube-system,metrics-server-786d997795-hcp2m,12,46
1782283490,kube-system,svclb-traefik-1100f998-kpm9h,0,0
1782283490,kube-system,traefik-9bcdbbd9-qtpjt,2,35
1782283490,tc-26-6-1-1-7,msc-test-stub-5b875d749d-qhcnt,1,16
1782283490,tc-26-6-1-1-7,osmo-bsc-594654bd47-mk546,1,5
1782283490,tc-26-6-1-1-7,osmo-bts-virtual-5f8b9b86fc-fwlzl,17,5
1782283490,tc-26-6-1-1-7,osmo-hlr-546bdb8988-vjqwp,1,2
1782283490,tc-26-6-1-1-7,osmo-mgw-8c8fc67d6-klmpk,1,2
1782283490,tc-26-6-1-1-7,osmo-mobile-58b76ddf85-gbd9r,3,36
1782283490,tc-26-6-1-1-7,osmo-stp-768687f494-6bzn7,1,2
1782283490,tc-26-6-1-1-7,ttcn3-tc-26-6-1-1-1-wsmkg,1,6
1782283490,tc-26-6-1-1-7,virtphy-576cdd77b8-29gc2,7,1
1782283490,tc-34-2-2-6,msc-test-stub-5b875d749d-n76gn,1,16
1782283490,tc-34-2-2-6,osmo-bsc-594654bd47-ngnw2,1,5
1782283490,tc-34-2-2-6,osmo-bts-virtual-5f8b9b86fc-49knq,17,5
1782283490,tc-34-2-2-6,osmo-hlr-546bdb8988-zlpbh,1,2
1782283490,tc-34-2-2-6,osmo-mgw-8c8fc67d6-rngtg,1,2
1782283490,tc-34-2-2-6,osmo-mobile-56b5cd4676-8st5t,3,36
1782283490,tc-34-2-2-6,osmo-stp-768687f494-tqplx,1,2
1782283490,tc-34-2-2-6,ttcn3-tc-34-2-2-1-zxdl7,1,6
1782283490,tc-34-2-2-6,virtphy-84fb969f5c-nv7hc,6,1
1782283493,kube-system,coredns-c4dbffb5f-p9rsr,3,29
1782283493,kube-system,local-path-provisioner-5c4dc5d66d-nfqxz,1,15
1782283493,kube-system,metrics-server-786d997795-hcp2m,12,46
1782283493,kube-system,svclb-traefik-1100f998-kpm9h,0,0
1782283493,kube-system,traefik-9bcdbbd9-qtpjt,2,35
1782283493,tc-26-6-1-1-7,msc-test-stub-5b875d749d-qhcnt,1,16
1782283493,tc-26-6-1-1-7,osmo-bsc-594654bd47-mk546,1,5
1782283493,tc-26-6-1-1-7,osmo-bts-virtual-5f8b9b86fc-fwlzl,17,5
1782283493,tc-26-6-1-1-7,osmo-hlr-546bdb8988-vjqwp,1,2
1782283493,tc-26-6-1-1-7,osmo-mgw-8c8fc67d6-klmpk,1,2
1782283493,tc-26-6-1-1-7,osmo-mobile-58b76ddf85-gbd9r,3,36
1782283493,tc-26-6-1-1-7,osmo-stp-768687f494-6bzn7,1,2
1782283493,tc-26-6-1-1-7,ttcn3-tc-26-6-1-1-1-wsmkg,1,6
1782283493,tc-26-6-1-1-7,virtphy-576cdd77b8-29gc2,7,1
1782283493,tc-34-2-2-6,msc-test-stub-5b875d749d-n76gn,1,16
1782283493,tc-34-2-2-6,osmo-bsc-594654bd47-ngnw2,1,5
1782283493,tc-34-2-2-6,osmo-bts-virtual-5f8b9b86fc-49knq,17,5
1782283493,tc-34-2-2-6,osmo-hlr-546bdb8988-zlpbh,1,2
1782283493,tc-34-2-2-6,osmo-mgw-8c8fc67d6-rngtg,1,2
1782283493,tc-34-2-2-6,osmo-mobile-56b5cd4676-8st5t,3,36
1782283493,tc-34-2-2-6,osmo-stp-768687f494-tqplx,1,2
1782283493,tc-34-2-2-6,ttcn3-tc-34-2-2-1-zxdl7,1,6
1782283493,tc-34-2-2-6,virtphy-84fb969f5c-nv7hc,6,1
1782283495,kube-system,coredns-c4dbffb5f-p9rsr,3,29
1782283495,kube-system,local-path-provisioner-5c4dc5d66d-nfqxz,1,15
1782283495,kube-system,metrics-server-786d997795-hcp2m,12,46
1782283495,kube-system,svclb-traefik-1100f998-kpm9h,0,0
1782283495,kube-system,traefik-9bcdbbd9-qtpjt,2,35
1782283495,tc-26-6-1-1-7,msc-test-stub-5b875d749d-qhcnt,1,16
1782283495,tc-26-6-1-1-7,osmo-bsc-594654bd47-mk546,1,5
1782283495,tc-26-6-1-1-7,osmo-bts-virtual-5f8b9b86fc-fwlzl,17,5
1782283495,tc-26-6-1-1-7,osmo-hlr-546bdb8988-vjqwp,1,2
1782283495,tc-26-6-1-1-7,osmo-mgw-8c8fc67d6-klmpk,1,2
1782283495,tc-26-6-1-1-7,osmo-mobile-58b76ddf85-gbd9r,3,36
1782283495,tc-26-6-1-1-7,osmo-stp-768687f494-6bzn7,1,2
1782283495,tc-26-6-1-1-7,ttcn3-tc-26-6-1-1-1-wsmkg,1,6
1782283495,tc-26-6-1-1-7,virtphy-576cdd77b8-29gc2,7,1
1782283495,tc-34-2-2-6,msc-test-stub-5b875d749d-n76gn,1,16
1782283495,tc-34-2-2-6,osmo-bsc-594654bd47-ngnw2,1,5
1782283495,tc-34-2-2-6,osmo-bts-virtual-5f8b9b86fc-49knq,17,5
1782283495,tc-34-2-2-6,osmo-hlr-546bdb8988-zlpbh,1,2
1782283495,tc-34-2-2-6,osmo-mgw-8c8fc67d6-rngtg,1,2
1782283495,tc-34-2-2-6,osmo-mobile-56b5cd4676-8st5t,3,36
1782283495,tc-34-2-2-6,osmo-stp-768687f494-tqplx,1,2
1782283495,tc-34-2-2-6,ttcn3-tc-34-2-2-1-zxdl7,1,6
1782283495,tc-34-2-2-6,virtphy-84fb969f5c-nv7hc,6,1
1782283497,kube-system,coredns-c4dbffb5f-p9rsr,2,29
1782283497,kube-system,local-path-provisioner-5c4dc5d66d-nfqxz,1,15
1782283497,kube-system,metrics-server-786d997795-hcp2m,8,46
1782283497,kube-system,svclb-traefik-1100f998-kpm9h,0,0
1782283497,kube-system,traefik-9bcdbbd9-qtpjt,1,36
1782283497,tc-26-6-1-1-7,msc-test-stub-5b875d749d-qhcnt,1,16
1782283497,tc-26-6-1-1-7,osmo-bsc-594654bd47-mk546,1,5
1782283497,tc-26-6-1-1-7,osmo-bts-virtual-5f8b9b86fc-fwlzl,17,5
1782283497,tc-26-6-1-1-7,osmo-hlr-546bdb8988-vjqwp,1,2
1782283497,tc-26-6-1-1-7,osmo-mgw-8c8fc67d6-klmpk,1,2
1782283497,tc-26-6-1-1-7,osmo-mobile-58b76ddf85-gbd9r,3,36
1782283497,tc-26-6-1-1-7,osmo-stp-768687f494-6bzn7,1,2
1782283497,tc-26-6-1-1-7,ttcn3-tc-26-6-1-1-1-wsmkg,2,6
1782283497,tc-26-6-1-1-7,virtphy-576cdd77b8-29gc2,7,1
1782283497,tc-34-2-2-6,msc-test-stub-5b875d749d-n76gn,1,16
1782283497,tc-34-2-2-6,osmo-bsc-594654bd47-ngnw2,1,5
1782283497,tc-34-2-2-6,osmo-bts-virtual-5f8b9b86fc-49knq,16,5
1782283497,tc-34-2-2-6,osmo-hlr-546bdb8988-zlpbh,1,2
1782283497,tc-34-2-2-6,osmo-mgw-8c8fc67d6-rngtg,1,2
1782283497,tc-34-2-2-6,osmo-mobile-56b5cd4676-8st5t,3,36
1782283497,tc-34-2-2-6,osmo-stp-768687f494-tqplx,1,2
1782283497,tc-34-2-2-6,ttcn3-tc-34-2-2-1-zxdl7,1,6
1782283497,tc-34-2-2-6,virtphy-84fb969f5c-nv7hc,6,1
1782283499,kube-system,coredns-c4dbffb5f-p9rsr,2,29
1782283499,kube-system,local-path-provisioner-5c4dc5d66d-nfqxz,1,15
1782283499,kube-system,metrics-server-786d997795-hcp2m,8,46
1782283499,kube-system,svclb-traefik-1100f998-kpm9h,0,0
1782283499,kube-system,traefik-9bcdbbd9-qtpjt,1,36
1782283499,tc-26-6-1-1-7,msc-test-stub-5b875d749d-qhcnt,1,16
1782283499,tc-26-6-1-1-7,osmo-bsc-594654bd47-mk546,1,5
1782283499,tc-26-6-1-1-7,osmo-bts-virtual-5f8b9b86fc-fwlzl,17,5
1782283499,tc-26-6-1-1-7,osmo-hlr-546bdb8988-vjqwp,1,2
1782283499,tc-26-6-1-1-7,osmo-mgw-8c8fc67d6-klmpk,1,2
1782283499,tc-26-6-1-1-7,osmo-mobile-58b76ddf85-gbd9r,3,36
1782283499,tc-26-6-1-1-7,osmo-stp-768687f494-6bzn7,1,2
1782283499,tc-26-6-1-1-7,ttcn3-tc-26-6-1-1-1-wsmkg,2,6
1782283499,tc-26-6-1-1-7,virtphy-576cdd77b8-29gc2,7,1
1782283499,tc-34-2-2-6,msc-test-stub-5b875d749d-n76gn,1,16
1782283499,tc-34-2-2-6,osmo-bsc-594654bd47-ngnw2,1,5
1782283499,tc-34-2-2-6,osmo-bts-virtual-5f8b9b86fc-49knq,16,5
1782283499,tc-34-2-2-6,osmo-hlr-546bdb8988-zlpbh,1,2
1782283499,tc-34-2-2-6,osmo-mgw-8c8fc67d6-rngtg,1,2
1782283499,tc-34-2-2-6,osmo-mobile-56b5cd4676-8st5t,3,36
1782283499,tc-34-2-2-6,osmo-stp-768687f494-tqplx,1,2
1782283499,tc-34-2-2-6,ttcn3-tc-34-2-2-1-zxdl7,1,6
1782283499,tc-34-2-2-6,virtphy-84fb969f5c-nv7hc,6,1
1782283502,kube-system,coredns-c4dbffb5f-p9rsr,2,29
1782283502,kube-system,local-path-provisioner-5c4dc5d66d-nfqxz,1,15
1782283502,kube-system,metrics-server-786d997795-hcp2m,8,46
1782283502,kube-system,svclb-traefik-1100f998-kpm9h,0,0
1782283502,kube-system,traefik-9bcdbbd9-qtpjt,1,36
1782283502,tc-26-6-1-1-7,msc-test-stub-5b875d749d-qhcnt,1,16
1782283502,tc-26-6-1-1-7,osmo-bsc-594654bd47-mk546,1,5
1782283502,tc-26-6-1-1-7,osmo-bts-virtual-5f8b9b86fc-fwlzl,17,5
1782283502,tc-26-6-1-1-7,osmo-hlr-546bdb8988-vjqwp,1,2
1782283502,tc-26-6-1-1-7,osmo-mgw-8c8fc67d6-klmpk,1,2
1782283502,tc-26-6-1-1-7,osmo-mobile-58b76ddf85-gbd9r,3,36
1782283502,tc-26-6-1-1-7,osmo-stp-768687f494-6bzn7,1,2
1782283502,tc-26-6-1-1-7,ttcn3-tc-26-6-1-1-1-wsmkg,2,6
1782283502,tc-26-6-1-1-7,virtphy-576cdd77b8-29gc2,7,1
1782283502,tc-34-2-2-6,msc-test-stub-5b875d749d-n76gn,1,16
1782283502,tc-34-2-2-6,osmo-bsc-594654bd47-ngnw2,1,5
1782283502,tc-34-2-2-6,osmo-bts-virtual-5f8b9b86fc-49knq,16,5
1782283502,tc-34-2-2-6,osmo-hlr-546bdb8988-zlpbh,1,2
1782283502,tc-34-2-2-6,osmo-mgw-8c8fc67d6-rngtg,1,2
1782283502,tc-34-2-2-6,osmo-mobile-56b5cd4676-8st5t,3,36
1782283502,tc-34-2-2-6,osmo-stp-768687f494-tqplx,1,2
1782283502,tc-34-2-2-6,ttcn3-tc-34-2-2-1-zxdl7,1,6
1782283502,tc-34-2-2-6,virtphy-84fb969f5c-nv7hc,6,1
1782283504,kube-system,coredns-c4dbffb5f-p9rsr,2,29
1782283504,kube-system,local-path-provisioner-5c4dc5d66d-nfqxz,1,15
1782283504,kube-system,metrics-server-786d997795-hcp2m,8,46
1782283504,kube-system,svclb-traefik-1100f998-kpm9h,0,0
1782283504,kube-system,traefik-9bcdbbd9-qtpjt,1,36
1782283504,tc-26-6-1-1-7,msc-test-stub-5b875d749d-qhcnt,1,16
1782283504,tc-26-6-1-1-7,osmo-bsc-594654bd47-mk546,1,5
1782283504,tc-26-6-1-1-7,osmo-bts-virtual-5f8b9b86fc-fwlzl,17,5
1782283504,tc-26-6-1-1-7,osmo-hlr-546bdb8988-vjqwp,1,2
1782283504,tc-26-6-1-1-7,osmo-mgw-8c8fc67d6-klmpk,1,2
1782283504,tc-26-6-1-1-7,osmo-mobile-58b76ddf85-gbd9r,3,36
1782283504,tc-26-6-1-1-7,osmo-stp-768687f494-6bzn7,1,2
1782283504,tc-26-6-1-1-7,ttcn3-tc-26-6-1-1-1-wsmkg,2,6
1782283504,tc-26-6-1-1-7,virtphy-576cdd77b8-29gc2,7,1
1782283504,tc-34-2-2-6,msc-test-stub-5b875d749d-n76gn,1,16
1782283504,tc-34-2-2-6,osmo-bsc-594654bd47-ngnw2,1,5
1782283504,tc-34-2-2-6,osmo-bts-virtual-5f8b9b86fc-49knq,16,5
1782283504,tc-34-2-2-6,osmo-hlr-546bdb8988-zlpbh,1,2
1782283504,tc-34-2-2-6,osmo-mgw-8c8fc67d6-rngtg,1,2
1782283504,tc-34-2-2-6,osmo-mobile-56b5cd4676-8st5t,3,36
1782283504,tc-34-2-2-6,osmo-stp-768687f494-tqplx,1,2
1782283504,tc-34-2-2-6,ttcn3-tc-34-2-2-1-zxdl7,1,6
1782283504,tc-34-2-2-6,virtphy-84fb969f5c-nv7hc,6,1
1782283506,kube-system,coredns-c4dbffb5f-p9rsr,2,29
1782283506,kube-system,local-path-provisioner-5c4dc5d66d-nfqxz,1,15
1782283506,kube-system,metrics-server-786d997795-hcp2m,8,46
1782283506,kube-system,svclb-traefik-1100f998-kpm9h,0,0
1782283506,kube-system,traefik-9bcdbbd9-qtpjt,1,36
1782283506,tc-26-6-1-1-7,msc-test-stub-5b875d749d-qhcnt,1,16
1782283506,tc-26-6-1-1-7,osmo-bsc-594654bd47-mk546,1,5
1782283506,tc-26-6-1-1-7,osmo-bts-virtual-5f8b9b86fc-fwlzl,17,5
1782283506,tc-26-6-1-1-7,osmo-hlr-546bdb8988-vjqwp,1,2
1782283506,tc-26-6-1-1-7,osmo-mgw-8c8fc67d6-klmpk,1,2
1782283506,tc-26-6-1-1-7,osmo-mobile-58b76ddf85-gbd9r,3,36
1782283506,tc-26-6-1-1-7,osmo-stp-768687f494-6bzn7,1,2
1782283506,tc-26-6-1-1-7,ttcn3-tc-26-6-1-1-1-wsmkg,2,6
1782283506,tc-26-6-1-1-7,virtphy-576cdd77b8-29gc2,7,1
1782283506,tc-34-2-2-6,msc-test-stub-5b875d749d-n76gn,1,16
1782283506,tc-34-2-2-6,osmo-bsc-594654bd47-ngnw2,1,5
1782283506,tc-34-2-2-6,osmo-bts-virtual-5f8b9b86fc-49knq,16,5
1782283506,tc-34-2-2-6,osmo-hlr-546bdb8988-zlpbh,1,2
1782283506,tc-34-2-2-6,osmo-mgw-8c8fc67d6-rngtg,1,2
1782283506,tc-34-2-2-6,osmo-mobile-56b5cd4676-8st5t,3,36
1782283506,tc-34-2-2-6,osmo-stp-768687f494-tqplx,1,2
1782283506,tc-34-2-2-6,ttcn3-tc-34-2-2-1-zxdl7,1,6
1782283506,tc-34-2-2-6,virtphy-84fb969f5c-nv7hc,6,1
1782283508,kube-system,coredns-c4dbffb5f-p9rsr,2,29
1782283508,kube-system,local-path-provisioner-5c4dc5d66d-nfqxz,1,15
1782283508,kube-system,metrics-server-786d997795-hcp2m,8,46
1782283508,kube-system,svclb-traefik-1100f998-kpm9h,0,0
1782283508,kube-system,traefik-9bcdbbd9-qtpjt,1,36
1782283508,tc-26-6-1-1-7,msc-test-stub-5b875d749d-qhcnt,1,16
1782283508,tc-26-6-1-1-7,osmo-bsc-594654bd47-mk546,1,5
1782283508,tc-26-6-1-1-7,osmo-bts-virtual-5f8b9b86fc-fwlzl,17,5
1782283508,tc-26-6-1-1-7,osmo-hlr-546bdb8988-vjqwp,1,2
1782283508,tc-26-6-1-1-7,osmo-mgw-8c8fc67d6-klmpk,1,2
1782283508,tc-26-6-1-1-7,osmo-mobile-58b76ddf85-gbd9r,3,36
1782283508,tc-26-6-1-1-7,osmo-stp-768687f494-6bzn7,1,2
1782283508,tc-26-6-1-1-7,ttcn3-tc-26-6-1-1-1-wsmkg,2,6
1782283508,tc-26-6-1-1-7,virtphy-576cdd77b8-29gc2,7,1
1782283508,tc-34-2-2-6,msc-test-stub-5b875d749d-n76gn,1,16
1782283508,tc-34-2-2-6,osmo-bsc-594654bd47-ngnw2,1,5
1782283508,tc-34-2-2-6,osmo-bts-virtual-5f8b9b86fc-49knq,16,5
1782283508,tc-34-2-2-6,osmo-hlr-546bdb8988-zlpbh,1,2
1782283508,tc-34-2-2-6,osmo-mgw-8c8fc67d6-rngtg,1,2
1782283508,tc-34-2-2-6,osmo-mobile-56b5cd4676-8st5t,3,36
1782283508,tc-34-2-2-6,osmo-stp-768687f494-tqplx,1,2
1782283508,tc-34-2-2-6,ttcn3-tc-34-2-2-1-zxdl7,1,6
1782283508,tc-34-2-2-6,virtphy-84fb969f5c-nv7hc,6,1
1782283510,kube-system,coredns-c4dbffb5f-p9rsr,2,29
1782283510,kube-system,local-path-provisioner-5c4dc5d66d-nfqxz,1,15
1782283510,kube-system,metrics-server-786d997795-hcp2m,8,46
1782283510,kube-system,svclb-traefik-1100f998-kpm9h,0,0
1782283510,kube-system,traefik-9bcdbbd9-qtpjt,1,36
1782283510,tc-26-6-1-1-7,msc-test-stub-5b875d749d-qhcnt,1,16
1782283510,tc-26-6-1-1-7,osmo-bsc-594654bd47-mk546,1,5
1782283510,tc-26-6-1-1-7,osmo-bts-virtual-5f8b9b86fc-fwlzl,17,5
1782283510,tc-26-6-1-1-7,osmo-hlr-546bdb8988-vjqwp,1,2
1782283510,tc-26-6-1-1-7,osmo-mgw-8c8fc67d6-klmpk,1,2
1782283510,tc-26-6-1-1-7,osmo-mobile-58b76ddf85-gbd9r,3,36
1782283510,tc-26-6-1-1-7,osmo-stp-768687f494-6bzn7,1,2
1782283510,tc-26-6-1-1-7,ttcn3-tc-26-6-1-1-1-wsmkg,2,6
1782283510,tc-26-6-1-1-7,virtphy-576cdd77b8-29gc2,7,1
1782283510,tc-34-2-2-6,msc-test-stub-5b875d749d-n76gn,1,16
1782283510,tc-34-2-2-6,osmo-bsc-594654bd47-ngnw2,1,5
1782283510,tc-34-2-2-6,osmo-bts-virtual-5f8b9b86fc-49knq,16,5
1782283510,tc-34-2-2-6,osmo-hlr-546bdb8988-zlpbh,1,2
1782283510,tc-34-2-2-6,osmo-mgw-8c8fc67d6-rngtg,1,2
1782283510,tc-34-2-2-6,osmo-mobile-56b5cd4676-8st5t,3,36
1782283510,tc-34-2-2-6,osmo-stp-768687f494-tqplx,1,2
1782283510,tc-34-2-2-6,ttcn3-tc-34-2-2-1-zxdl7,1,6
1782283510,tc-34-2-2-6,virtphy-84fb969f5c-nv7hc,6,1
1782283512,kube-system,coredns-c4dbffb5f-p9rsr,2,29
1782283512,kube-system,local-path-provisioner-5c4dc5d66d-nfqxz,1,15
1782283512,kube-system,metrics-server-786d997795-hcp2m,8,46
1782283512,kube-system,svclb-traefik-1100f998-kpm9h,0,0
1782283512,kube-system,traefik-9bcdbbd9-qtpjt,1,36
1782283512,tc-26-6-1-1-7,msc-test-stub-5b875d749d-qhcnt,1,16
1782283512,tc-26-6-1-1-7,osmo-bsc-594654bd47-mk546,1,5
1782283512,tc-26-6-1-1-7,osmo-bts-virtual-5f8b9b86fc-fwlzl,17,5
1782283512,tc-26-6-1-1-7,osmo-hlr-546bdb8988-vjqwp,1,2
1782283512,tc-26-6-1-1-7,osmo-mgw-8c8fc67d6-klmpk,1,2
1782283512,tc-26-6-1-1-7,osmo-mobile-58b76ddf85-gbd9r,3,36
1782283512,tc-26-6-1-1-7,osmo-stp-768687f494-6bzn7,1,2
1782283512,tc-26-6-1-1-7,ttcn3-tc-26-6-1-1-1-wsmkg,2,6
1782283512,tc-26-6-1-1-7,virtphy-576cdd77b8-29gc2,7,1
1782283512,tc-34-2-2-6,msc-test-stub-5b875d749d-n76gn,1,16
1782283512,tc-34-2-2-6,osmo-bsc-594654bd47-ngnw2,1,5
1782283512,tc-34-2-2-6,osmo-bts-virtual-5f8b9b86fc-49knq,16,5
1782283512,tc-34-2-2-6,osmo-hlr-546bdb8988-zlpbh,1,2
1782283512,tc-34-2-2-6,osmo-mgw-8c8fc67d6-rngtg,1,2
1782283512,tc-34-2-2-6,osmo-mobile-56b5cd4676-8st5t,3,36
1782283512,tc-34-2-2-6,osmo-stp-768687f494-tqplx,1,2
1782283512,tc-34-2-2-6,ttcn3-tc-34-2-2-1-zxdl7,1,6
1782283512,tc-34-2-2-6,virtphy-84fb969f5c-nv7hc,6,1
1782283514,kube-system,coredns-c4dbffb5f-p9rsr,2,29
1782283514,kube-system,local-path-provisioner-5c4dc5d66d-nfqxz,1,15
1782283514,kube-system,metrics-server-786d997795-hcp2m,8,46
1782283514,kube-system,svclb-traefik-1100f998-kpm9h,0,0
1782283514,kube-system,traefik-9bcdbbd9-qtpjt,1,36
1782283514,tc-26-6-1-1-7,msc-test-stub-5b875d749d-qhcnt,1,16
1782283514,tc-26-6-1-1-7,osmo-bsc-594654bd47-mk546,1,5
1782283514,tc-26-6-1-1-7,osmo-bts-virtual-5f8b9b86fc-fwlzl,17,5
1782283514,tc-26-6-1-1-7,osmo-hlr-546bdb8988-vjqwp,1,2
1782283514,tc-26-6-1-1-7,osmo-mgw-8c8fc67d6-klmpk,1,2
1782283514,tc-26-6-1-1-7,osmo-mobile-58b76ddf85-gbd9r,3,36
1782283514,tc-26-6-1-1-7,osmo-stp-768687f494-6bzn7,1,2
1782283514,tc-26-6-1-1-7,ttcn3-tc-26-6-1-1-1-wsmkg,1,6
1782283514,tc-26-6-1-1-7,virtphy-576cdd77b8-29gc2,6,1
1782283514,tc-34-2-2-6,msc-test-stub-5b875d749d-n76gn,1,16
1782283514,tc-34-2-2-6,osmo-bsc-594654bd47-ngnw2,1,5
1782283514,tc-34-2-2-6,osmo-bts-virtual-5f8b9b86fc-49knq,19,8
1782283514,tc-34-2-2-6,osmo-hlr-546bdb8988-zlpbh,1,2
1782283514,tc-34-2-2-6,osmo-mgw-8c8fc67d6-rngtg,1,2
1782283514,tc-34-2-2-6,osmo-mobile-56b5cd4676-8st5t,3,36
1782283514,tc-34-2-2-6,osmo-stp-768687f494-tqplx,1,2
1782283514,tc-34-2-2-6,ttcn3-tc-34-2-2-1-zxdl7,1,6
1782283514,tc-34-2-2-6,virtphy-84fb969f5c-nv7hc,6,1
1782283516,kube-system,coredns-c4dbffb5f-p9rsr,2,29
1782283516,kube-system,local-path-provisioner-5c4dc5d66d-nfqxz,1,15
1782283516,kube-system,metrics-server-786d997795-hcp2m,8,46
1782283516,kube-system,svclb-traefik-1100f998-kpm9h,0,0
1782283516,kube-system,traefik-9bcdbbd9-qtpjt,1,36
1782283516,tc-26-6-1-1-7,msc-test-stub-5b875d749d-qhcnt,1,16
1782283516,tc-26-6-1-1-7,osmo-bsc-594654bd47-mk546,1,5
1782283516,tc-26-6-1-1-7,osmo-bts-virtual-5f8b9b86fc-fwlzl,17,5
1782283516,tc-26-6-1-1-7,osmo-hlr-546bdb8988-vjqwp,1,2
1782283516,tc-26-6-1-1-7,osmo-mgw-8c8fc67d6-klmpk,1,2
1782283516,tc-26-6-1-1-7,osmo-mobile-58b76ddf85-gbd9r,3,36
1782283516,tc-26-6-1-1-7,osmo-stp-768687f494-6bzn7,1,2
1782283516,tc-26-6-1-1-7,ttcn3-tc-26-6-1-1-1-wsmkg,1,6
1782283516,tc-26-6-1-1-7,virtphy-576cdd77b8-29gc2,6,1
1782283516,tc-34-2-2-6,msc-test-stub-5b875d749d-n76gn,1,16
1782283516,tc-34-2-2-6,osmo-bsc-594654bd47-ngnw2,1,5
1782283516,tc-34-2-2-6,osmo-bts-virtual-5f8b9b86fc-49knq,19,8
1782283516,tc-34-2-2-6,osmo-hlr-546bdb8988-zlpbh,1,2
1782283516,tc-34-2-2-6,osmo-mgw-8c8fc67d6-rngtg,1,2
1782283516,tc-34-2-2-6,osmo-mobile-56b5cd4676-8st5t,3,36
1782283516,tc-34-2-2-6,osmo-stp-768687f494-tqplx,1,2
1782283516,tc-34-2-2-6,ttcn3-tc-34-2-2-1-zxdl7,1,6
1782283516,tc-34-2-2-6,virtphy-84fb969f5c-nv7hc,6,1
1782283518,kube-system,coredns-c4dbffb5f-p9rsr,2,29
1782283518,kube-system,local-path-provisioner-5c4dc5d66d-nfqxz,1,15
1782283518,kube-system,metrics-server-786d997795-hcp2m,8,46
1782283518,kube-system,svclb-traefik-1100f998-kpm9h,0,0
1782283518,kube-system,traefik-9bcdbbd9-qtpjt,1,36
1782283518,tc-26-6-1-1-7,msc-test-stub-5b875d749d-qhcnt,1,16
1782283518,tc-26-6-1-1-7,osmo-bsc-594654bd47-mk546,1,5
1782283518,tc-26-6-1-1-7,osmo-bts-virtual-5f8b9b86fc-fwlzl,17,5
1782283518,tc-26-6-1-1-7,osmo-hlr-546bdb8988-vjqwp,1,2
1782283518,tc-26-6-1-1-7,osmo-mgw-8c8fc67d6-klmpk,1,2
1782283518,tc-26-6-1-1-7,osmo-mobile-58b76ddf85-gbd9r,3,36
1782283518,tc-26-6-1-1-7,osmo-stp-768687f494-6bzn7,1,2
1782283518,tc-26-6-1-1-7,ttcn3-tc-26-6-1-1-1-wsmkg,1,6
1782283518,tc-26-6-1-1-7,virtphy-576cdd77b8-29gc2,6,1
1782283518,tc-34-2-2-6,msc-test-stub-5b875d749d-n76gn,1,16
1782283518,tc-34-2-2-6,osmo-bsc-594654bd47-ngnw2,1,5
1782283518,tc-34-2-2-6,osmo-bts-virtual-5f8b9b86fc-49knq,19,8
1782283518,tc-34-2-2-6,osmo-hlr-546bdb8988-zlpbh,1,2
1782283518,tc-34-2-2-6,osmo-mgw-8c8fc67d6-rngtg,1,2
1782283518,tc-34-2-2-6,osmo-mobile-56b5cd4676-8st5t,3,36
1782283518,tc-34-2-2-6,osmo-stp-768687f494-tqplx,1,2
1782283518,tc-34-2-2-6,ttcn3-tc-34-2-2-1-zxdl7,1,6
1782283518,tc-34-2-2-6,virtphy-84fb969f5c-nv7hc,6,1
1782283520,kube-system,coredns-c4dbffb5f-p9rsr,2,29
1782283520,kube-system,local-path-provisioner-5c4dc5d66d-nfqxz,1,15
1782283520,kube-system,metrics-server-786d997795-hcp2m,8,46
1782283520,kube-system,svclb-traefik-1100f998-kpm9h,0,0
1782283520,kube-system,traefik-9bcdbbd9-qtpjt,1,36
1782283520,tc-26-6-1-1-7,msc-test-stub-5b875d749d-qhcnt,1,16
1782283520,tc-26-6-1-1-7,osmo-bsc-594654bd47-mk546,1,5
1782283520,tc-26-6-1-1-7,osmo-bts-virtual-5f8b9b86fc-fwlzl,17,5
1782283520,tc-26-6-1-1-7,osmo-hlr-546bdb8988-vjqwp,1,2
1782283520,tc-26-6-1-1-7,osmo-mgw-8c8fc67d6-klmpk,1,2
1782283520,tc-26-6-1-1-7,osmo-mobile-58b76ddf85-gbd9r,3,36
1782283520,tc-26-6-1-1-7,osmo-stp-768687f494-6bzn7,1,2
1782283520,tc-26-6-1-1-7,ttcn3-tc-26-6-1-1-1-wsmkg,1,6
1782283520,tc-26-6-1-1-7,virtphy-576cdd77b8-29gc2,6,1
1782283520,tc-34-2-2-6,msc-test-stub-5b875d749d-n76gn,1,16
1782283520,tc-34-2-2-6,osmo-bsc-594654bd47-ngnw2,1,5
1782283520,tc-34-2-2-6,osmo-bts-virtual-5f8b9b86fc-49knq,19,8
1782283520,tc-34-2-2-6,osmo-hlr-546bdb8988-zlpbh,1,2
1782283520,tc-34-2-2-6,osmo-mgw-8c8fc67d6-rngtg,1,2
1782283520,tc-34-2-2-6,osmo-mobile-56b5cd4676-8st5t,3,36
1782283520,tc-34-2-2-6,osmo-stp-768687f494-tqplx,1,2
1782283520,tc-34-2-2-6,ttcn3-tc-34-2-2-1-zxdl7,1,6
1782283520,tc-34-2-2-6,virtphy-84fb969f5c-nv7hc,6,1
1782283522,kube-system,coredns-c4dbffb5f-p9rsr,2,29
1782283522,kube-system,local-path-provisioner-5c4dc5d66d-nfqxz,1,15
1782283522,kube-system,metrics-server-786d997795-hcp2m,8,46
1782283522,kube-system,svclb-traefik-1100f998-kpm9h,0,0
1782283522,kube-system,traefik-9bcdbbd9-qtpjt,1,36
1782283522,tc-26-6-1-1-7,msc-test-stub-5b875d749d-qhcnt,1,16
1782283522,tc-26-6-1-1-7,osmo-bsc-594654bd47-mk546,1,5
1782283522,tc-26-6-1-1-7,osmo-bts-virtual-5f8b9b86fc-fwlzl,17,5
1782283522,tc-26-6-1-1-7,osmo-hlr-546bdb8988-vjqwp,1,2
1782283522,tc-26-6-1-1-7,osmo-mgw-8c8fc67d6-klmpk,1,2
1782283522,tc-26-6-1-1-7,osmo-mobile-58b76ddf85-gbd9r,3,36
1782283522,tc-26-6-1-1-7,osmo-stp-768687f494-6bzn7,1,2
1782283522,tc-26-6-1-1-7,ttcn3-tc-26-6-1-1-1-wsmkg,1,6
1782283522,tc-26-6-1-1-7,virtphy-576cdd77b8-29gc2,6,1
1782283522,tc-34-2-2-6,msc-test-stub-5b875d749d-n76gn,1,16
1782283522,tc-34-2-2-6,osmo-bsc-594654bd47-ngnw2,1,5
1782283522,tc-34-2-2-6,osmo-bts-virtual-5f8b9b86fc-49knq,19,8
1782283522,tc-34-2-2-6,osmo-hlr-546bdb8988-zlpbh,1,2
1782283522,tc-34-2-2-6,osmo-mgw-8c8fc67d6-rngtg,1,2
1782283522,tc-34-2-2-6,osmo-mobile-56b5cd4676-8st5t,3,36
1782283522,tc-34-2-2-6,osmo-stp-768687f494-tqplx,1,2
1782283522,tc-34-2-2-6,ttcn3-tc-34-2-2-1-zxdl7,1,6
1782283522,tc-34-2-2-6,virtphy-84fb969f5c-nv7hc,6,1
1782283525,kube-system,coredns-c4dbffb5f-p9rsr,2,29
1782283525,kube-system,local-path-provisioner-5c4dc5d66d-nfqxz,1,15
1782283525,kube-system,metrics-server-786d997795-hcp2m,8,46
1782283525,kube-system,svclb-traefik-1100f998-kpm9h,0,0
1782283525,kube-system,traefik-9bcdbbd9-qtpjt,1,36
1782283525,tc-26-6-1-1-7,msc-test-stub-5b875d749d-qhcnt,1,16
1782283525,tc-26-6-1-1-7,osmo-bsc-594654bd47-mk546,1,5
1782283525,tc-26-6-1-1-7,osmo-bts-virtual-5f8b9b86fc-fwlzl,17,5
1782283525,tc-26-6-1-1-7,osmo-hlr-546bdb8988-vjqwp,1,2
1782283525,tc-26-6-1-1-7,osmo-mgw-8c8fc67d6-klmpk,1,2
1782283525,tc-26-6-1-1-7,osmo-mobile-58b76ddf85-gbd9r,3,36
1782283525,tc-26-6-1-1-7,osmo-stp-768687f494-6bzn7,1,2
1782283525,tc-26-6-1-1-7,ttcn3-tc-26-6-1-1-1-wsmkg,1,6
1782283525,tc-26-6-1-1-7,virtphy-576cdd77b8-29gc2,6,1
1782283525,tc-34-2-2-6,msc-test-stub-5b875d749d-n76gn,1,16
1782283525,tc-34-2-2-6,osmo-bsc-594654bd47-ngnw2,1,5
1782283525,tc-34-2-2-6,osmo-bts-virtual-5f8b9b86fc-49knq,19,8
1782283525,tc-34-2-2-6,osmo-hlr-546bdb8988-zlpbh,1,2
1782283525,tc-34-2-2-6,osmo-mgw-8c8fc67d6-rngtg,1,2
1782283525,tc-34-2-2-6,osmo-mobile-56b5cd4676-8st5t,3,36
1782283525,tc-34-2-2-6,osmo-stp-768687f494-tqplx,1,2
1782283525,tc-34-2-2-6,ttcn3-tc-34-2-2-1-zxdl7,1,6
1782283525,tc-34-2-2-6,virtphy-84fb969f5c-nv7hc,6,1
1782283527,kube-system,coredns-c4dbffb5f-p9rsr,2,29
1782283527,kube-system,local-path-provisioner-5c4dc5d66d-nfqxz,1,15
1782283527,kube-system,metrics-server-786d997795-hcp2m,8,46
1782283527,kube-system,svclb-traefik-1100f998-kpm9h,0,0
1782283527,kube-system,traefik-9bcdbbd9-qtpjt,1,36
1782283527,tc-26-6-1-1-7,msc-test-stub-5b875d749d-qhcnt,1,16
1782283527,tc-26-6-1-1-7,osmo-bsc-594654bd47-mk546,1,5
1782283527,tc-26-6-1-1-7,osmo-bts-virtual-5f8b9b86fc-fwlzl,17,5
1782283527,tc-26-6-1-1-7,osmo-hlr-546bdb8988-vjqwp,1,2
1782283527,tc-26-6-1-1-7,osmo-mgw-8c8fc67d6-klmpk,1,2
1782283527,tc-26-6-1-1-7,osmo-mobile-58b76ddf85-gbd9r,3,36
1782283527,tc-26-6-1-1-7,osmo-stp-768687f494-6bzn7,1,2
1782283527,tc-26-6-1-1-7,ttcn3-tc-26-6-1-1-1-wsmkg,1,6
1782283527,tc-26-6-1-1-7,virtphy-576cdd77b8-29gc2,6,1
1782283527,tc-34-2-2-6,msc-test-stub-5b875d749d-n76gn,1,16
1782283527,tc-34-2-2-6,osmo-bsc-594654bd47-ngnw2,1,5
1782283527,tc-34-2-2-6,osmo-bts-virtual-5f8b9b86fc-49knq,19,8
1782283527,tc-34-2-2-6,osmo-hlr-546bdb8988-zlpbh,1,2
1782283527,tc-34-2-2-6,osmo-mgw-8c8fc67d6-rngtg,1,2
1782283527,tc-34-2-2-6,osmo-mobile-56b5cd4676-8st5t,3,36
1782283527,tc-34-2-2-6,osmo-stp-768687f494-tqplx,1,2
1782283527,tc-34-2-2-6,ttcn3-tc-34-2-2-1-zxdl7,1,6
1782283527,tc-34-2-2-6,virtphy-84fb969f5c-nv7hc,6,1
1782283529,kube-system,coredns-c4dbffb5f-p9rsr,3,29
1782283529,kube-system,local-path-provisioner-5c4dc5d66d-nfqxz,1,15
1782283529,kube-system,metrics-server-786d997795-hcp2m,10,45
1782283529,kube-system,svclb-traefik-1100f998-kpm9h,0,0
1782283529,kube-system,traefik-9bcdbbd9-qtpjt,1,36
1782283529,tc-26-6-1-1-7,msc-test-stub-5b875d749d-qhcnt,1,16
1782283529,tc-26-6-1-1-7,osmo-bsc-594654bd47-mk546,1,5
1782283529,tc-26-6-1-1-7,osmo-bts-virtual-5f8b9b86fc-fwlzl,16,5
1782283529,tc-26-6-1-1-7,osmo-hlr-546bdb8988-vjqwp,1,2
1782283529,tc-26-6-1-1-7,osmo-mgw-8c8fc67d6-klmpk,1,2
1782283529,tc-26-6-1-1-7,osmo-mobile-58b76ddf85-gbd9r,2,36
1782283529,tc-26-6-1-1-7,osmo-stp-768687f494-6bzn7,1,2
1782283529,tc-26-6-1-1-7,ttcn3-tc-26-6-1-1-1-wsmkg,1,6
1782283529,tc-26-6-1-1-7,virtphy-576cdd77b8-29gc2,6,1
1782283529,tc-34-2-2-6,msc-test-stub-5b875d749d-n76gn,1,16
1782283529,tc-34-2-2-6,osmo-bsc-594654bd47-ngnw2,1,5
1782283529,tc-34-2-2-6,osmo-bts-virtual-5f8b9b86fc-49knq,16,5
1782283529,tc-34-2-2-6,osmo-hlr-546bdb8988-zlpbh,1,2
1782283529,tc-34-2-2-6,osmo-mgw-8c8fc67d6-rngtg,1,2
1782283529,tc-34-2-2-6,osmo-mobile-56b5cd4676-8st5t,3,36
1782283529,tc-34-2-2-6,osmo-stp-768687f494-tqplx,1,2
1782283529,tc-34-2-2-6,ttcn3-tc-34-2-2-1-zxdl7,1,6
1782283529,tc-34-2-2-6,virtphy-84fb969f5c-nv7hc,6,1
1782283531,kube-system,coredns-c4dbffb5f-p9rsr,3,29
1782283531,kube-system,local-path-provisioner-5c4dc5d66d-nfqxz,1,15
1782283531,kube-system,metrics-server-786d997795-hcp2m,10,45
1782283531,kube-system,svclb-traefik-1100f998-kpm9h,0,0
1782283531,kube-system,traefik-9bcdbbd9-qtpjt,1,36
1782283531,tc-26-6-1-1-7,msc-test-stub-5b875d749d-qhcnt,1,16
1782283531,tc-26-6-1-1-7,osmo-bsc-594654bd47-mk546,1,5
1782283531,tc-26-6-1-1-7,osmo-bts-virtual-5f8b9b86fc-fwlzl,16,5
1782283531,tc-26-6-1-1-7,osmo-hlr-546bdb8988-vjqwp,1,2
1782283531,tc-26-6-1-1-7,osmo-mgw-8c8fc67d6-klmpk,1,2
1782283531,tc-26-6-1-1-7,osmo-mobile-58b76ddf85-gbd9r,2,36
1782283531,tc-26-6-1-1-7,osmo-stp-768687f494-6bzn7,1,2
1782283531,tc-26-6-1-1-7,ttcn3-tc-26-6-1-1-1-wsmkg,1,6
1782283531,tc-26-6-1-1-7,virtphy-576cdd77b8-29gc2,6,1
1782283531,tc-34-2-2-6,msc-test-stub-5b875d749d-n76gn,1,16
1782283531,tc-34-2-2-6,osmo-bsc-594654bd47-ngnw2,1,5
1782283531,tc-34-2-2-6,osmo-bts-virtual-5f8b9b86fc-49knq,16,5
1782283531,tc-34-2-2-6,osmo-hlr-546bdb8988-zlpbh,1,2
1782283531,tc-34-2-2-6,osmo-mgw-8c8fc67d6-rngtg,1,2
1782283531,tc-34-2-2-6,osmo-mobile-56b5cd4676-8st5t,3,36
1782283531,tc-34-2-2-6,osmo-stp-768687f494-tqplx,1,2
1782283531,tc-34-2-2-6,ttcn3-tc-34-2-2-1-zxdl7,1,6
1782283531,tc-34-2-2-6,virtphy-84fb969f5c-nv7hc,6,1
1782283533,kube-system,coredns-c4dbffb5f-p9rsr,3,29
1782283533,kube-system,local-path-provisioner-5c4dc5d66d-nfqxz,1,15
1782283533,kube-system,metrics-server-786d997795-hcp2m,10,45
1782283533,kube-system,svclb-traefik-1100f998-kpm9h,0,0
1782283533,kube-system,traefik-9bcdbbd9-qtpjt,1,36
1782283533,tc-26-6-1-1-7,msc-test-stub-5b875d749d-qhcnt,1,16
1782283533,tc-26-6-1-1-7,osmo-bsc-594654bd47-mk546,1,5
1782283533,tc-26-6-1-1-7,osmo-bts-virtual-5f8b9b86fc-fwlzl,16,5
1782283533,tc-26-6-1-1-7,osmo-hlr-546bdb8988-vjqwp,1,2
1782283533,tc-26-6-1-1-7,osmo-mgw-8c8fc67d6-klmpk,1,2
1782283533,tc-26-6-1-1-7,osmo-mobile-58b76ddf85-gbd9r,2,36
1782283533,tc-26-6-1-1-7,osmo-stp-768687f494-6bzn7,1,2
1782283533,tc-26-6-1-1-7,ttcn3-tc-26-6-1-1-1-wsmkg,1,6
1782283533,tc-26-6-1-1-7,virtphy-576cdd77b8-29gc2,6,1
1782283533,tc-34-2-2-6,msc-test-stub-5b875d749d-n76gn,1,16
1782283533,tc-34-2-2-6,osmo-bsc-594654bd47-ngnw2,1,5
1782283533,tc-34-2-2-6,osmo-bts-virtual-5f8b9b86fc-49knq,16,5
1782283533,tc-34-2-2-6,osmo-hlr-546bdb8988-zlpbh,1,2
1782283533,tc-34-2-2-6,osmo-mgw-8c8fc67d6-rngtg,1,2
1782283533,tc-34-2-2-6,osmo-mobile-56b5cd4676-8st5t,3,36
1782283533,tc-34-2-2-6,osmo-stp-768687f494-tqplx,1,2
1782283533,tc-34-2-2-6,ttcn3-tc-34-2-2-1-zxdl7,1,6
1782283533,tc-34-2-2-6,virtphy-84fb969f5c-nv7hc,6,1
1782283535,kube-system,coredns-c4dbffb5f-p9rsr,3,29
1782283535,kube-system,local-path-provisioner-5c4dc5d66d-nfqxz,1,15
1782283535,kube-system,metrics-server-786d997795-hcp2m,10,45
1782283535,kube-system,svclb-traefik-1100f998-kpm9h,0,0
1782283535,kube-system,traefik-9bcdbbd9-qtpjt,1,36
1782283535,tc-26-6-1-1-7,msc-test-stub-5b875d749d-qhcnt,1,16
1782283535,tc-26-6-1-1-7,osmo-bsc-594654bd47-mk546,1,5
1782283535,tc-26-6-1-1-7,osmo-bts-virtual-5f8b9b86fc-fwlzl,16,5
1782283535,tc-26-6-1-1-7,osmo-hlr-546bdb8988-vjqwp,1,2
1782283535,tc-26-6-1-1-7,osmo-mgw-8c8fc67d6-klmpk,1,2
1782283535,tc-26-6-1-1-7,osmo-mobile-58b76ddf85-gbd9r,2,36
1782283535,tc-26-6-1-1-7,osmo-stp-768687f494-6bzn7,1,2
1782283535,tc-26-6-1-1-7,ttcn3-tc-26-6-1-1-1-wsmkg,1,6
1782283535,tc-26-6-1-1-7,virtphy-576cdd77b8-29gc2,6,1
1782283535,tc-34-2-2-6,msc-test-stub-5b875d749d-n76gn,1,16
1782283535,tc-34-2-2-6,osmo-bsc-594654bd47-ngnw2,1,5
1782283535,tc-34-2-2-6,osmo-bts-virtual-5f8b9b86fc-49knq,16,5
1782283535,tc-34-2-2-6,osmo-hlr-546bdb8988-zlpbh,1,2
1782283535,tc-34-2-2-6,osmo-mgw-8c8fc67d6-rngtg,1,2
1782283535,tc-34-2-2-6,osmo-mobile-56b5cd4676-8st5t,3,36
1782283535,tc-34-2-2-6,osmo-stp-768687f494-tqplx,1,2
1782283535,tc-34-2-2-6,ttcn3-tc-34-2-2-1-zxdl7,1,6
1782283535,tc-34-2-2-6,virtphy-84fb969f5c-nv7hc,6,1
1782283537,kube-system,coredns-c4dbffb5f-p9rsr,3,29
1782283537,kube-system,local-path-provisioner-5c4dc5d66d-nfqxz,1,15
1782283537,kube-system,metrics-server-786d997795-hcp2m,10,45
1782283537,kube-system,svclb-traefik-1100f998-kpm9h,0,0
1782283537,kube-system,traefik-9bcdbbd9-qtpjt,1,36
1782283537,tc-26-6-1-1-7,msc-test-stub-5b875d749d-qhcnt,1,16
1782283537,tc-26-6-1-1-7,osmo-bsc-594654bd47-mk546,1,5
1782283537,tc-26-6-1-1-7,osmo-bts-virtual-5f8b9b86fc-fwlzl,16,5
1782283537,tc-26-6-1-1-7,osmo-hlr-546bdb8988-vjqwp,1,2
1782283537,tc-26-6-1-1-7,osmo-mgw-8c8fc67d6-klmpk,1,2
1782283537,tc-26-6-1-1-7,osmo-mobile-58b76ddf85-gbd9r,2,36
1782283537,tc-26-6-1-1-7,osmo-stp-768687f494-6bzn7,1,2
1782283537,tc-26-6-1-1-7,ttcn3-tc-26-6-1-1-1-wsmkg,1,6
1782283537,tc-26-6-1-1-7,virtphy-576cdd77b8-29gc2,6,1
1782283537,tc-34-2-2-6,msc-test-stub-5b875d749d-n76gn,1,16
1782283537,tc-34-2-2-6,osmo-bsc-594654bd47-ngnw2,1,5
1782283537,tc-34-2-2-6,osmo-bts-virtual-5f8b9b86fc-49knq,16,5
1782283537,tc-34-2-2-6,osmo-hlr-546bdb8988-zlpbh,1,2
1782283537,tc-34-2-2-6,osmo-mgw-8c8fc67d6-rngtg,1,2
1782283537,tc-34-2-2-6,osmo-mobile-56b5cd4676-8st5t,3,36
1782283537,tc-34-2-2-6,osmo-stp-768687f494-tqplx,1,2
1782283537,tc-34-2-2-6,ttcn3-tc-34-2-2-1-zxdl7,1,6
1782283537,tc-34-2-2-6,virtphy-84fb969f5c-nv7hc,6,1
1782283540,kube-system,coredns-c4dbffb5f-p9rsr,3,29
1782283540,kube-system,local-path-provisioner-5c4dc5d66d-nfqxz,1,15
1782283540,kube-system,metrics-server-786d997795-hcp2m,10,45
1782283540,kube-system,svclb-traefik-1100f998-kpm9h,0,0
1782283540,kube-system,traefik-9bcdbbd9-qtpjt,1,36
1782283540,tc-26-6-1-1-7,msc-test-stub-5b875d749d-qhcnt,1,16
1782283540,tc-26-6-1-1-7,osmo-bsc-594654bd47-mk546,1,5
1782283540,tc-26-6-1-1-7,osmo-bts-virtual-5f8b9b86fc-fwlzl,16,5
1782283540,tc-26-6-1-1-7,osmo-hlr-546bdb8988-vjqwp,1,2
1782283540,tc-26-6-1-1-7,osmo-mgw-8c8fc67d6-klmpk,1,2
1782283540,tc-26-6-1-1-7,osmo-mobile-58b76ddf85-gbd9r,2,36
1782283540,tc-26-6-1-1-7,osmo-stp-768687f494-6bzn7,1,2
1782283540,tc-26-6-1-1-7,ttcn3-tc-26-6-1-1-1-wsmkg,1,6
1782283540,tc-26-6-1-1-7,virtphy-576cdd77b8-29gc2,6,1
1782283540,tc-34-2-2-6,msc-test-stub-5b875d749d-n76gn,1,16
1782283540,tc-34-2-2-6,osmo-bsc-594654bd47-ngnw2,1,5
1782283540,tc-34-2-2-6,osmo-bts-virtual-5f8b9b86fc-49knq,16,5
1782283540,tc-34-2-2-6,osmo-hlr-546bdb8988-zlpbh,1,2
1782283540,tc-34-2-2-6,osmo-mgw-8c8fc67d6-rngtg,1,2
1782283540,tc-34-2-2-6,osmo-mobile-56b5cd4676-8st5t,3,36
1782283540,tc-34-2-2-6,osmo-stp-768687f494-tqplx,1,2
1782283540,tc-34-2-2-6,ttcn3-tc-34-2-2-1-zxdl7,1,6
1782283540,tc-34-2-2-6,virtphy-84fb969f5c-nv7hc,6,1
1782283542,kube-system,coredns-c4dbffb5f-p9rsr,3,29
1782283542,kube-system,local-path-provisioner-5c4dc5d66d-nfqxz,1,15
1782283542,kube-system,metrics-server-786d997795-hcp2m,10,45
1782283542,kube-system,svclb-traefik-1100f998-kpm9h,0,0
1782283542,kube-system,traefik-9bcdbbd9-qtpjt,1,36
1782283542,tc-26-6-1-1-7,msc-test-stub-5b875d749d-qhcnt,1,16
1782283542,tc-26-6-1-1-7,osmo-bsc-594654bd47-mk546,1,5
1782283542,tc-26-6-1-1-7,osmo-bts-virtual-5f8b9b86fc-fwlzl,16,5
1782283542,tc-26-6-1-1-7,osmo-hlr-546bdb8988-vjqwp,1,2
1782283542,tc-26-6-1-1-7,osmo-mgw-8c8fc67d6-klmpk,1,2
1782283542,tc-26-6-1-1-7,osmo-mobile-58b76ddf85-gbd9r,2,36
1782283542,tc-26-6-1-1-7,osmo-stp-768687f494-6bzn7,1,2
1782283542,tc-26-6-1-1-7,ttcn3-tc-26-6-1-1-1-wsmkg,1,6
1782283542,tc-26-6-1-1-7,virtphy-576cdd77b8-29gc2,6,1
1782283542,tc-34-2-2-6,msc-test-stub-5b875d749d-n76gn,1,16
1782283542,tc-34-2-2-6,osmo-bsc-594654bd47-ngnw2,1,5
1782283542,tc-34-2-2-6,osmo-bts-virtual-5f8b9b86fc-49knq,16,5
1782283542,tc-34-2-2-6,osmo-hlr-546bdb8988-zlpbh,1,2
1782283542,tc-34-2-2-6,osmo-mgw-8c8fc67d6-rngtg,1,2
1782283542,tc-34-2-2-6,osmo-mobile-56b5cd4676-8st5t,3,36
1782283542,tc-34-2-2-6,osmo-stp-768687f494-tqplx,1,2
1782283542,tc-34-2-2-6,ttcn3-tc-34-2-2-1-zxdl7,1,6
1782283542,tc-34-2-2-6,virtphy-84fb969f5c-nv7hc,6,1
1782283545,kube-system,coredns-c4dbffb5f-p9rsr,2,29
1782283545,kube-system,local-path-provisioner-5c4dc5d66d-nfqxz,1,15
1782283545,kube-system,metrics-server-786d997795-hcp2m,9,45
1782283545,kube-system,svclb-traefik-1100f998-kpm9h,0,0
1782283545,kube-system,traefik-9bcdbbd9-qtpjt,1,36
1782283545,tc-26-6-1-1-7,msc-test-stub-5b875d749d-qhcnt,1,16
1782283545,tc-26-6-1-1-7,osmo-bsc-594654bd47-mk546,1,5
1782283545,tc-26-6-1-1-7,osmo-bts-virtual-5f8b9b86fc-fwlzl,16,5
1782283545,tc-26-6-1-1-7,osmo-hlr-546bdb8988-vjqwp,1,2
1782283545,tc-26-6-1-1-7,osmo-mgw-8c8fc67d6-klmpk,1,2
1782283545,tc-26-6-1-1-7,osmo-mobile-58b76ddf85-gbd9r,3,36
1782283545,tc-26-6-1-1-7,osmo-stp-768687f494-6bzn7,1,2
1782283545,tc-26-6-1-1-7,ttcn3-tc-26-6-1-1-1-wsmkg,1,6
1782283545,tc-26-6-1-1-7,virtphy-576cdd77b8-29gc2,6,1
1782283545,tc-34-2-2-6,msc-test-stub-5b875d749d-n76gn,1,16
1782283545,tc-34-2-2-6,osmo-bsc-594654bd47-ngnw2,1,5
1782283545,tc-34-2-2-6,osmo-bts-virtual-5f8b9b86fc-49knq,18,5
1782283545,tc-34-2-2-6,osmo-hlr-546bdb8988-zlpbh,1,2
1782283545,tc-34-2-2-6,osmo-mgw-8c8fc67d6-rngtg,1,2
1782283545,tc-34-2-2-6,osmo-mobile-56b5cd4676-8st5t,3,36
1782283545,tc-34-2-2-6,osmo-stp-768687f494-tqplx,1,2
1782283545,tc-34-2-2-6,ttcn3-tc-34-2-2-1-zxdl7,1,6
1782283545,tc-34-2-2-6,virtphy-84fb969f5c-nv7hc,7,1
1782283548,kube-system,coredns-c4dbffb5f-p9rsr,2,29
1782283548,kube-system,local-path-provisioner-5c4dc5d66d-nfqxz,1,15
1782283548,kube-system,metrics-server-786d997795-hcp2m,9,45
1782283548,kube-system,svclb-traefik-1100f998-kpm9h,0,0
1782283548,kube-system,traefik-9bcdbbd9-qtpjt,1,36
1782283548,tc-26-6-1-1-7,msc-test-stub-5b875d749d-qhcnt,1,16
1782283548,tc-26-6-1-1-7,osmo-bsc-594654bd47-mk546,1,5
1782283548,tc-26-6-1-1-7,osmo-bts-virtual-5f8b9b86fc-fwlzl,16,5
1782283548,tc-26-6-1-1-7,osmo-hlr-546bdb8988-vjqwp,1,2
1782283548,tc-26-6-1-1-7,osmo-mgw-8c8fc67d6-klmpk,1,2
1782283548,tc-26-6-1-1-7,osmo-mobile-58b76ddf85-gbd9r,3,36
1782283548,tc-26-6-1-1-7,osmo-stp-768687f494-6bzn7,1,2
1782283548,tc-26-6-1-1-7,ttcn3-tc-26-6-1-1-1-wsmkg,1,6
1782283548,tc-26-6-1-1-7,virtphy-576cdd77b8-29gc2,6,1
1782283548,tc-34-2-2-6,msc-test-stub-5b875d749d-n76gn,1,16
1782283548,tc-34-2-2-6,osmo-bsc-594654bd47-ngnw2,1,5
1782283548,tc-34-2-2-6,osmo-bts-virtual-5f8b9b86fc-49knq,18,5
1782283548,tc-34-2-2-6,osmo-hlr-546bdb8988-zlpbh,1,2
1782283548,tc-34-2-2-6,osmo-mgw-8c8fc67d6-rngtg,1,2
1782283548,tc-34-2-2-6,osmo-mobile-56b5cd4676-8st5t,3,36
1782283548,tc-34-2-2-6,osmo-stp-768687f494-tqplx,1,2
1782283548,tc-34-2-2-6,ttcn3-tc-34-2-2-1-zxdl7,1,6
1782283548,tc-34-2-2-6,virtphy-84fb969f5c-nv7hc,7,1
1782283551,kube-system,coredns-c4dbffb5f-p9rsr,2,29
1782283551,kube-system,local-path-provisioner-5c4dc5d66d-nfqxz,1,15
1782283551,kube-system,metrics-server-786d997795-hcp2m,9,45
1782283551,kube-system,svclb-traefik-1100f998-kpm9h,0,0
1782283551,kube-system,traefik-9bcdbbd9-qtpjt,1,36
1782283551,tc-26-6-1-1-7,msc-test-stub-5b875d749d-qhcnt,1,16
1782283551,tc-26-6-1-1-7,osmo-bsc-594654bd47-mk546,1,5
1782283551,tc-26-6-1-1-7,osmo-bts-virtual-5f8b9b86fc-fwlzl,16,5
1782283551,tc-26-6-1-1-7,osmo-hlr-546bdb8988-vjqwp,1,2
1782283551,tc-26-6-1-1-7,osmo-mgw-8c8fc67d6-klmpk,1,2
1782283551,tc-26-6-1-1-7,osmo-mobile-58b76ddf85-gbd9r,3,36
1782283551,tc-26-6-1-1-7,osmo-stp-768687f494-6bzn7,1,2
1782283551,tc-26-6-1-1-7,ttcn3-tc-26-6-1-1-1-wsmkg,1,6
1782283551,tc-26-6-1-1-7,virtphy-576cdd77b8-29gc2,6,1
1782283551,tc-34-2-2-6,msc-test-stub-5b875d749d-n76gn,1,16
1782283551,tc-34-2-2-6,osmo-bsc-594654bd47-ngnw2,1,5
1782283551,tc-34-2-2-6,osmo-bts-virtual-5f8b9b86fc-49knq,18,5
1782283551,tc-34-2-2-6,osmo-hlr-546bdb8988-zlpbh,1,2
1782283551,tc-34-2-2-6,osmo-mgw-8c8fc67d6-rngtg,1,2
1782283551,tc-34-2-2-6,osmo-mobile-56b5cd4676-8st5t,3,36
1782283551,tc-34-2-2-6,osmo-stp-768687f494-tqplx,1,2
1782283551,tc-34-2-2-6,ttcn3-tc-34-2-2-1-zxdl7,1,6
1782283551,tc-34-2-2-6,virtphy-84fb969f5c-nv7hc,7,1
1782283553,kube-system,coredns-c4dbffb5f-p9rsr,2,29
1782283553,kube-system,local-path-provisioner-5c4dc5d66d-nfqxz,1,15
1782283553,kube-system,metrics-server-786d997795-hcp2m,9,45
1782283553,kube-system,svclb-traefik-1100f998-kpm9h,0,0
1782283553,kube-system,traefik-9bcdbbd9-qtpjt,1,36
1782283553,tc-26-6-1-1-7,msc-test-stub-5b875d749d-qhcnt,1,16
1782283553,tc-26-6-1-1-7,osmo-bsc-594654bd47-mk546,1,5
1782283553,tc-26-6-1-1-7,osmo-bts-virtual-5f8b9b86fc-fwlzl,16,5
1782283553,tc-26-6-1-1-7,osmo-hlr-546bdb8988-vjqwp,1,2
1782283553,tc-26-6-1-1-7,osmo-mgw-8c8fc67d6-klmpk,1,2
1782283553,tc-26-6-1-1-7,osmo-mobile-58b76ddf85-gbd9r,3,36
1782283553,tc-26-6-1-1-7,osmo-stp-768687f494-6bzn7,1,2
1782283553,tc-26-6-1-1-7,ttcn3-tc-26-6-1-1-1-wsmkg,1,6
1782283553,tc-26-6-1-1-7,virtphy-576cdd77b8-29gc2,6,1
1782283553,tc-34-2-2-6,msc-test-stub-5b875d749d-n76gn,1,16
1782283553,tc-34-2-2-6,osmo-bsc-594654bd47-ngnw2,1,5
1782283553,tc-34-2-2-6,osmo-bts-virtual-5f8b9b86fc-49knq,18,5
1782283553,tc-34-2-2-6,osmo-hlr-546bdb8988-zlpbh,1,2
1782283553,tc-34-2-2-6,osmo-mgw-8c8fc67d6-rngtg,1,2
1782283553,tc-34-2-2-6,osmo-mobile-56b5cd4676-8st5t,3,36
1782283553,tc-34-2-2-6,osmo-stp-768687f494-tqplx,1,2
1782283553,tc-34-2-2-6,ttcn3-tc-34-2-2-1-zxdl7,1,6
1782283553,tc-34-2-2-6,virtphy-84fb969f5c-nv7hc,7,1
1782283557,kube-system,coredns-c4dbffb5f-p9rsr,2,29
1782283557,kube-system,local-path-provisioner-5c4dc5d66d-nfqxz,1,15
1782283557,kube-system,metrics-server-786d997795-hcp2m,9,45
1782283557,kube-system,svclb-traefik-1100f998-kpm9h,0,0
1782283557,kube-system,traefik-9bcdbbd9-qtpjt,1,36
1782283557,tc-26-6-1-1-7,msc-test-stub-5b875d749d-qhcnt,1,16
1782283557,tc-26-6-1-1-7,osmo-bsc-594654bd47-mk546,1,5
1782283557,tc-26-6-1-1-7,osmo-bts-virtual-5f8b9b86fc-fwlzl,16,5
1782283557,tc-26-6-1-1-7,osmo-hlr-546bdb8988-vjqwp,1,2
1782283557,tc-26-6-1-1-7,osmo-mgw-8c8fc67d6-klmpk,1,2
1782283557,tc-26-6-1-1-7,osmo-mobile-58b76ddf85-gbd9r,3,36
1782283557,tc-26-6-1-1-7,osmo-stp-768687f494-6bzn7,1,2
1782283557,tc-26-6-1-1-7,ttcn3-tc-26-6-1-1-1-wsmkg,1,6
1782283557,tc-26-6-1-1-7,virtphy-576cdd77b8-29gc2,6,1
1782283557,tc-34-2-2-6,msc-test-stub-5b875d749d-n76gn,1,16
1782283557,tc-34-2-2-6,osmo-bsc-594654bd47-ngnw2,1,5
1782283557,tc-34-2-2-6,osmo-bts-virtual-5f8b9b86fc-49knq,18,5
1782283557,tc-34-2-2-6,osmo-hlr-546bdb8988-zlpbh,1,2
1782283557,tc-34-2-2-6,osmo-mgw-8c8fc67d6-rngtg,1,2
1782283557,tc-34-2-2-6,osmo-mobile-56b5cd4676-8st5t,3,36
1782283557,tc-34-2-2-6,osmo-stp-768687f494-tqplx,1,2
1782283557,tc-34-2-2-6,ttcn3-tc-34-2-2-1-zxdl7,1,6
1782283557,tc-34-2-2-6,virtphy-84fb969f5c-nv7hc,7,1
1782283560,kube-system,coredns-c4dbffb5f-p9rsr,3,30
1782283560,kube-system,local-path-provisioner-5c4dc5d66d-nfqxz,1,15
1782283560,kube-system,metrics-server-786d997795-hcp2m,10,45
1782283560,kube-system,svclb-traefik-1100f998-kpm9h,0,0
1782283560,kube-system,traefik-9bcdbbd9-qtpjt,1,36
1782283560,tc-26-6-1-1-7,msc-test-stub-5b875d749d-qhcnt,1,16
1782283560,tc-26-6-1-1-7,osmo-bsc-594654bd47-mk546,1,5
1782283560,tc-26-6-1-1-7,osmo-bts-virtual-5f8b9b86fc-fwlzl,16,5
1782283560,tc-26-6-1-1-7,osmo-hlr-546bdb8988-vjqwp,1,2
1782283560,tc-26-6-1-1-7,osmo-mgw-8c8fc67d6-klmpk,1,2
1782283560,tc-26-6-1-1-7,osmo-mobile-58b76ddf85-gbd9r,3,36
1782283560,tc-26-6-1-1-7,osmo-stp-768687f494-6bzn7,1,2
1782283560,tc-26-6-1-1-7,ttcn3-tc-26-6-1-1-1-wsmkg,1,6
1782283560,tc-26-6-1-1-7,virtphy-576cdd77b8-29gc2,6,1
1782283560,tc-34-2-2-6,msc-test-stub-5b875d749d-n76gn,1,16
1782283560,tc-34-2-2-6,osmo-bsc-594654bd47-ngnw2,1,5
1782283560,tc-34-2-2-6,osmo-bts-virtual-5f8b9b86fc-49knq,17,5
1782283560,tc-34-2-2-6,osmo-hlr-546bdb8988-zlpbh,1,2
1782283560,tc-34-2-2-6,osmo-mgw-8c8fc67d6-rngtg,1,2
1782283560,tc-34-2-2-6,osmo-mobile-56b5cd4676-8st5t,3,36
1782283560,tc-34-2-2-6,osmo-stp-768687f494-tqplx,1,2
1782283560,tc-34-2-2-6,ttcn3-tc-34-2-2-1-zxdl7,1,6
1782283560,tc-34-2-2-6,virtphy-84fb969f5c-nv7hc,6,1
1782283562,kube-system,coredns-c4dbffb5f-p9rsr,3,30
1782283562,kube-system,local-path-provisioner-5c4dc5d66d-nfqxz,1,15
1782283562,kube-system,metrics-server-786d997795-hcp2m,10,45
1782283562,kube-system,svclb-traefik-1100f998-kpm9h,0,0
1782283562,kube-system,traefik-9bcdbbd9-qtpjt,1,36
1782283562,tc-26-6-1-1-7,msc-test-stub-5b875d749d-qhcnt,1,16
1782283562,tc-26-6-1-1-7,osmo-bsc-594654bd47-mk546,1,5
1782283562,tc-26-6-1-1-7,osmo-bts-virtual-5f8b9b86fc-fwlzl,16,5
1782283562,tc-26-6-1-1-7,osmo-hlr-546bdb8988-vjqwp,1,2
1782283562,tc-26-6-1-1-7,osmo-mgw-8c8fc67d6-klmpk,1,2
1782283562,tc-26-6-1-1-7,osmo-mobile-58b76ddf85-gbd9r,3,36
1782283562,tc-26-6-1-1-7,osmo-stp-768687f494-6bzn7,1,2
1782283562,tc-26-6-1-1-7,ttcn3-tc-26-6-1-1-1-wsmkg,1,6
1782283562,tc-26-6-1-1-7,virtphy-576cdd77b8-29gc2,6,1
1782283562,tc-34-2-2-6,msc-test-stub-5b875d749d-n76gn,1,16
1782283562,tc-34-2-2-6,osmo-bsc-594654bd47-ngnw2,1,5
1782283562,tc-34-2-2-6,osmo-bts-virtual-5f8b9b86fc-49knq,17,5
1782283562,tc-34-2-2-6,osmo-hlr-546bdb8988-zlpbh,1,2
1782283562,tc-34-2-2-6,osmo-mgw-8c8fc67d6-rngtg,1,2
1782283562,tc-34-2-2-6,osmo-mobile-56b5cd4676-8st5t,3,36
1782283562,tc-34-2-2-6,osmo-stp-768687f494-tqplx,1,2
1782283562,tc-34-2-2-6,virtphy-84fb969f5c-nv7hc,6,1
1782283565,kube-system,coredns-c4dbffb5f-p9rsr,3,30
1782283565,kube-system,local-path-provisioner-5c4dc5d66d-nfqxz,1,15
1782283565,kube-system,metrics-server-786d997795-hcp2m,10,45
1782283565,kube-system,svclb-traefik-1100f998-kpm9h,0,0
1782283565,kube-system,traefik-9bcdbbd9-qtpjt,1,36
1782283565,tc-26-6-1-1-7,msc-test-stub-5b875d749d-qhcnt,1,16
1782283565,tc-26-6-1-1-7,osmo-bsc-594654bd47-mk546,1,5
1782283565,tc-26-6-1-1-7,osmo-bts-virtual-5f8b9b86fc-fwlzl,16,5
1782283565,tc-26-6-1-1-7,osmo-hlr-546bdb8988-vjqwp,1,2
1782283565,tc-26-6-1-1-7,osmo-mgw-8c8fc67d6-klmpk,1,2
1782283565,tc-26-6-1-1-7,osmo-mobile-58b76ddf85-gbd9r,3,36
1782283565,tc-26-6-1-1-7,osmo-stp-768687f494-6bzn7,1,2
1782283565,tc-26-6-1-1-7,ttcn3-tc-26-6-1-1-1-wsmkg,1,6
1782283565,tc-26-6-1-1-7,virtphy-576cdd77b8-29gc2,6,1
1782283565,tc-34-2-2-6,msc-test-stub-5b875d749d-n76gn,1,16
1782283565,tc-34-2-2-6,osmo-bsc-594654bd47-ngnw2,1,5
1782283565,tc-34-2-2-6,osmo-bts-virtual-5f8b9b86fc-49knq,17,5
1782283565,tc-34-2-2-6,osmo-hlr-546bdb8988-zlpbh,1,2
1782283565,tc-34-2-2-6,osmo-mgw-8c8fc67d6-rngtg,1,2
1782283565,tc-34-2-2-6,osmo-mobile-56b5cd4676-8st5t,3,36
1782283565,tc-34-2-2-6,osmo-stp-768687f494-tqplx,1,2
1782283565,tc-34-2-2-6,virtphy-84fb969f5c-nv7hc,6,1
1782283567,kube-system,coredns-c4dbffb5f-p9rsr,3,30
1782283567,kube-system,local-path-provisioner-5c4dc5d66d-nfqxz,1,15
1782283567,kube-system,metrics-server-786d997795-hcp2m,10,45
1782283567,kube-system,svclb-traefik-1100f998-kpm9h,0,0
1782283567,kube-system,traefik-9bcdbbd9-qtpjt,1,36
1782283567,tc-26-6-1-1-7,msc-test-stub-5b875d749d-qhcnt,1,16
1782283567,tc-26-6-1-1-7,osmo-bsc-594654bd47-mk546,1,5
1782283567,tc-26-6-1-1-7,osmo-bts-virtual-5f8b9b86fc-fwlzl,16,5
1782283567,tc-26-6-1-1-7,osmo-hlr-546bdb8988-vjqwp,1,2
1782283567,tc-26-6-1-1-7,osmo-mgw-8c8fc67d6-klmpk,1,2
1782283567,tc-26-6-1-1-7,osmo-mobile-58b76ddf85-gbd9r,3,36
1782283567,tc-26-6-1-1-7,osmo-stp-768687f494-6bzn7,1,2
1782283567,tc-26-6-1-1-7,ttcn3-tc-26-6-1-1-1-wsmkg,1,6
1782283567,tc-26-6-1-1-7,virtphy-576cdd77b8-29gc2,6,1
1782283567,tc-34-2-2-6,msc-test-stub-5b875d749d-n76gn,1,16
1782283567,tc-34-2-2-6,osmo-bsc-594654bd47-ngnw2,1,5
1782283567,tc-34-2-2-6,osmo-bts-virtual-5f8b9b86fc-49knq,17,5
1782283567,tc-34-2-2-6,osmo-hlr-546bdb8988-zlpbh,1,2
1782283567,tc-34-2-2-6,osmo-mgw-8c8fc67d6-rngtg,1,2
1782283567,tc-34-2-2-6,osmo-mobile-56b5cd4676-8st5t,3,36
1782283567,tc-34-2-2-6,osmo-stp-768687f494-tqplx,1,2
1782283567,tc-34-2-2-6,virtphy-84fb969f5c-nv7hc,6,1
1782283569,kube-system,coredns-c4dbffb5f-p9rsr,3,30
1782283569,kube-system,local-path-provisioner-5c4dc5d66d-nfqxz,1,15
1782283569,kube-system,metrics-server-786d997795-hcp2m,10,45
1782283569,kube-system,svclb-traefik-1100f998-kpm9h,0,0
1782283569,kube-system,traefik-9bcdbbd9-qtpjt,1,36
1782283569,tc-26-6-1-1-7,msc-test-stub-5b875d749d-qhcnt,1,16
1782283569,tc-26-6-1-1-7,osmo-bsc-594654bd47-mk546,1,5
1782283569,tc-26-6-1-1-7,osmo-bts-virtual-5f8b9b86fc-fwlzl,16,5
1782283569,tc-26-6-1-1-7,osmo-hlr-546bdb8988-vjqwp,1,2
1782283569,tc-26-6-1-1-7,osmo-mgw-8c8fc67d6-klmpk,1,2
1782283569,tc-26-6-1-1-7,osmo-mobile-58b76ddf85-gbd9r,3,36
1782283569,tc-26-6-1-1-7,osmo-stp-768687f494-6bzn7,1,2
1782283569,tc-26-6-1-1-7,ttcn3-tc-26-6-1-1-1-wsmkg,1,6
1782283569,tc-26-6-1-1-7,virtphy-576cdd77b8-29gc2,6,1
1782283569,tc-34-2-2-6,msc-test-stub-5b875d749d-n76gn,1,16
1782283569,tc-34-2-2-6,osmo-bsc-594654bd47-ngnw2,1,5
1782283569,tc-34-2-2-6,osmo-bts-virtual-5f8b9b86fc-49knq,17,5
1782283569,tc-34-2-2-6,osmo-hlr-546bdb8988-zlpbh,1,2
1782283569,tc-34-2-2-6,osmo-mgw-8c8fc67d6-rngtg,1,2
1782283569,tc-34-2-2-6,osmo-mobile-56b5cd4676-8st5t,3,36
1782283569,tc-34-2-2-6,osmo-stp-768687f494-tqplx,1,2
1782283569,tc-34-2-2-6,virtphy-84fb969f5c-nv7hc,6,1
1782283571,kube-system,coredns-c4dbffb5f-p9rsr,3,30
1782283571,kube-system,local-path-provisioner-5c4dc5d66d-nfqxz,1,15
1782283571,kube-system,metrics-server-786d997795-hcp2m,10,45
1782283571,kube-system,svclb-traefik-1100f998-kpm9h,0,0
1782283571,kube-system,traefik-9bcdbbd9-qtpjt,1,36
1782283571,tc-26-6-1-1-7,msc-test-stub-5b875d749d-qhcnt,1,16
1782283571,tc-26-6-1-1-7,osmo-bsc-594654bd47-mk546,1,5
1782283571,tc-26-6-1-1-7,osmo-bts-virtual-5f8b9b86fc-fwlzl,16,5
1782283571,tc-26-6-1-1-7,osmo-hlr-546bdb8988-vjqwp,1,2
1782283571,tc-26-6-1-1-7,osmo-mgw-8c8fc67d6-klmpk,1,2
1782283571,tc-26-6-1-1-7,osmo-mobile-58b76ddf85-gbd9r,3,36
1782283571,tc-26-6-1-1-7,osmo-stp-768687f494-6bzn7,1,2
1782283571,tc-26-6-1-1-7,ttcn3-tc-26-6-1-1-1-wsmkg,1,6
1782283571,tc-26-6-1-1-7,virtphy-576cdd77b8-29gc2,6,1
1782283571,tc-34-2-2-6,msc-test-stub-5b875d749d-n76gn,1,16
1782283571,tc-34-2-2-6,osmo-bts-virtual-5f8b9b86fc-49knq,17,5
1782283571,tc-34-2-2-6,osmo-mgw-8c8fc67d6-rngtg,1,2
1782283571,tc-34-2-2-6,osmo-mobile-56b5cd4676-8st5t,3,36
1782283574,kube-system,coredns-c4dbffb5f-p9rsr,4,29
1782283574,kube-system,local-path-provisioner-5c4dc5d66d-nfqxz,1,15
1782283574,kube-system,metrics-server-786d997795-hcp2m,7,45
1782283574,kube-system,svclb-traefik-1100f998-kpm9h,0,0
1782283574,kube-system,traefik-9bcdbbd9-qtpjt,1,36
1782283574,tc-26-6-1-1-7,msc-test-stub-5b875d749d-qhcnt,1,16
1782283574,tc-26-6-1-1-7,osmo-bsc-594654bd47-mk546,1,5
1782283574,tc-26-6-1-1-7,osmo-bts-virtual-5f8b9b86fc-fwlzl,15,5
1782283574,tc-26-6-1-1-7,osmo-hlr-546bdb8988-vjqwp,1,2
1782283574,tc-26-6-1-1-7,osmo-mgw-8c8fc67d6-klmpk,1,2
1782283574,tc-26-6-1-1-7,osmo-mobile-58b76ddf85-gbd9r,3,36
1782283574,tc-26-6-1-1-7,osmo-stp-768687f494-6bzn7,1,2
1782283574,tc-26-6-1-1-7,ttcn3-tc-26-6-1-1-1-wsmkg,1,6
1782283574,tc-26-6-1-1-7,virtphy-576cdd77b8-29gc2,6,1
1782283574,tc-34-2-2-6,msc-test-stub-5b875d749d-n76gn,2,16
1782283574,tc-34-2-2-6,osmo-bts-virtual-5f8b9b86fc-49knq,16,5
1782283574,tc-34-2-2-6,osmo-mgw-8c8fc67d6-rngtg,1,2
1782283574,tc-34-2-2-6,osmo-mobile-56b5cd4676-8st5t,3,36
1782283577,kube-system,coredns-c4dbffb5f-p9rsr,4,29
1782283577,kube-system,local-path-provisioner-5c4dc5d66d-nfqxz,1,15
1782283577,kube-system,metrics-server-786d997795-hcp2m,7,45
1782283577,kube-system,svclb-traefik-1100f998-kpm9h,0,0
1782283577,kube-system,traefik-9bcdbbd9-qtpjt,1,36
1782283577,tc-26-6-1-1-7,msc-test-stub-5b875d749d-qhcnt,1,16
1782283577,tc-26-6-1-1-7,osmo-bsc-594654bd47-mk546,1,5
1782283577,tc-26-6-1-1-7,osmo-bts-virtual-5f8b9b86fc-fwlzl,15,5
1782283577,tc-26-6-1-1-7,osmo-hlr-546bdb8988-vjqwp,1,2
1782283577,tc-26-6-1-1-7,osmo-mgw-8c8fc67d6-klmpk,1,2
1782283577,tc-26-6-1-1-7,osmo-mobile-58b76ddf85-gbd9r,3,36
1782283577,tc-26-6-1-1-7,osmo-stp-768687f494-6bzn7,1,2
1782283577,tc-26-6-1-1-7,ttcn3-tc-26-6-1-1-1-wsmkg,1,6
1782283577,tc-26-6-1-1-7,virtphy-576cdd77b8-29gc2,6,1
1782283577,tc-34-2-2-6,msc-test-stub-5b875d749d-n76gn,2,16
1782283577,tc-34-2-2-6,osmo-mgw-8c8fc67d6-rngtg,1,2
1782283577,tc-34-2-2-6,osmo-mobile-56b5cd4676-8st5t,3,36
1782283580,kube-system,coredns-c4dbffb5f-p9rsr,4,29
1782283580,kube-system,local-path-provisioner-5c4dc5d66d-nfqxz,1,15
1782283580,kube-system,metrics-server-786d997795-hcp2m,7,45
1782283580,kube-system,svclb-traefik-1100f998-kpm9h,0,0
1782283580,kube-system,traefik-9bcdbbd9-qtpjt,1,36
1782283580,tc-26-6-1-1-7,msc-test-stub-5b875d749d-qhcnt,1,16
1782283580,tc-26-6-1-1-7,osmo-bsc-594654bd47-mk546,1,5
1782283580,tc-26-6-1-1-7,osmo-bts-virtual-5f8b9b86fc-fwlzl,15,5
1782283580,tc-26-6-1-1-7,osmo-hlr-546bdb8988-vjqwp,1,2
1782283580,tc-26-6-1-1-7,osmo-mgw-8c8fc67d6-klmpk,1,2
1782283580,tc-26-6-1-1-7,osmo-mobile-58b76ddf85-gbd9r,3,36
1782283580,tc-26-6-1-1-7,osmo-stp-768687f494-6bzn7,1,2
1782283580,tc-26-6-1-1-7,ttcn3-tc-26-6-1-1-1-wsmkg,1,6
1782283580,tc-26-6-1-1-7,virtphy-576cdd77b8-29gc2,6,1
1782283580,tc-34-2-2-6,msc-test-stub-5b875d749d-n76gn,2,16
1782283580,tc-34-2-2-6,osmo-mgw-8c8fc67d6-rngtg,1,2
1782283580,tc-34-2-2-6,osmo-mobile-56b5cd4676-8st5t,3,36
1782283583,kube-system,coredns-c4dbffb5f-p9rsr,4,29
1782283583,kube-system,local-path-provisioner-5c4dc5d66d-nfqxz,1,15
1782283583,kube-system,metrics-server-786d997795-hcp2m,7,45
1782283583,kube-system,svclb-traefik-1100f998-kpm9h,0,0
1782283583,kube-system,traefik-9bcdbbd9-qtpjt,1,36
1782283583,tc-26-6-1-1-7,msc-test-stub-5b875d749d-qhcnt,1,16
1782283583,tc-26-6-1-1-7,osmo-bsc-594654bd47-mk546,1,5
1782283583,tc-26-6-1-1-7,osmo-bts-virtual-5f8b9b86fc-fwlzl,15,5
1782283583,tc-26-6-1-1-7,osmo-hlr-546bdb8988-vjqwp,1,2
1782283583,tc-26-6-1-1-7,osmo-mgw-8c8fc67d6-klmpk,1,2
1782283583,tc-26-6-1-1-7,osmo-mobile-58b76ddf85-gbd9r,3,36
1782283583,tc-26-6-1-1-7,osmo-stp-768687f494-6bzn7,1,2
1782283583,tc-26-6-1-1-7,ttcn3-tc-26-6-1-1-1-wsmkg,1,6
1782283583,tc-26-6-1-1-7,virtphy-576cdd77b8-29gc2,6,1
1782283583,tc-34-2-2-6,msc-test-stub-5b875d749d-n76gn,2,16
1782283583,tc-34-2-2-6,osmo-mgw-8c8fc67d6-rngtg,1,2
1782283583,tc-34-2-2-6,osmo-mobile-56b5cd4676-8st5t,3,36
1782283585,kube-system,coredns-c4dbffb5f-p9rsr,4,29
1782283585,kube-system,local-path-provisioner-5c4dc5d66d-nfqxz,1,15
1782283585,kube-system,metrics-server-786d997795-hcp2m,7,45
1782283585,kube-system,svclb-traefik-1100f998-kpm9h,0,0
1782283585,kube-system,traefik-9bcdbbd9-qtpjt,1,36
1782283585,tc-26-6-1-1-7,msc-test-stub-5b875d749d-qhcnt,1,16
1782283585,tc-26-6-1-1-7,osmo-bsc-594654bd47-mk546,1,5
1782283585,tc-26-6-1-1-7,osmo-bts-virtual-5f8b9b86fc-fwlzl,15,5
1782283585,tc-26-6-1-1-7,osmo-hlr-546bdb8988-vjqwp,1,2
1782283585,tc-26-6-1-1-7,osmo-mgw-8c8fc67d6-klmpk,1,2
1782283585,tc-26-6-1-1-7,osmo-mobile-58b76ddf85-gbd9r,3,36
1782283585,tc-26-6-1-1-7,osmo-stp-768687f494-6bzn7,1,2
1782283585,tc-26-6-1-1-7,ttcn3-tc-26-6-1-1-1-wsmkg,1,6
1782283585,tc-26-6-1-1-7,virtphy-576cdd77b8-29gc2,6,1
1782283585,tc-34-2-2-6,msc-test-stub-5b875d749d-n76gn,2,16
1782283585,tc-34-2-2-6,osmo-mgw-8c8fc67d6-rngtg,1,2
1782283585,tc-34-2-2-6,osmo-mobile-56b5cd4676-8st5t,3,36
1782283588,kube-system,coredns-c4dbffb5f-p9rsr,3,29
1782283588,kube-system,local-path-provisioner-5c4dc5d66d-nfqxz,1,15
1782283588,kube-system,metrics-server-786d997795-hcp2m,8,45
1782283588,kube-system,svclb-traefik-1100f998-kpm9h,0,0
1782283588,kube-system,traefik-9bcdbbd9-qtpjt,3,35
1782283588,tc-26-6-1-1-7,msc-test-stub-5b875d749d-qhcnt,1,16
1782283588,tc-26-6-1-1-7,osmo-bsc-594654bd47-mk546,1,5
1782283588,tc-26-6-1-1-7,osmo-bts-virtual-5f8b9b86fc-fwlzl,15,5
1782283588,tc-26-6-1-1-7,osmo-hlr-546bdb8988-vjqwp,1,2
1782283588,tc-26-6-1-1-7,osmo-mgw-8c8fc67d6-klmpk,1,2
1782283588,tc-26-6-1-1-7,osmo-mobile-58b76ddf85-gbd9r,3,38
1782283588,tc-26-6-1-1-7,osmo-stp-768687f494-6bzn7,1,2
1782283588,tc-26-6-1-1-7,ttcn3-tc-26-6-1-1-1-wsmkg,1,6
1782283588,tc-26-6-1-1-7,virtphy-576cdd77b8-29gc2,6,1
1782283588,tc-34-2-2-6,msc-test-stub-5b875d749d-n76gn,1,16
1782283588,tc-34-2-2-6,osmo-mgw-8c8fc67d6-rngtg,1,2
1782283588,tc-34-2-2-6,osmo-mobile-56b5cd4676-8st5t,5,36
1782283590,kube-system,coredns-c4dbffb5f-p9rsr,3,29
1782283590,kube-system,local-path-provisioner-5c4dc5d66d-nfqxz,1,15
1782283590,kube-system,metrics-server-786d997795-hcp2m,8,45
1782283590,kube-system,svclb-traefik-1100f998-kpm9h,0,0
1782283590,kube-system,traefik-9bcdbbd9-qtpjt,3,35
1782283590,tc-26-6-1-1-7,msc-test-stub-5b875d749d-qhcnt,1,16
1782283590,tc-26-6-1-1-7,osmo-bsc-594654bd47-mk546,1,5
1782283590,tc-26-6-1-1-7,osmo-bts-virtual-5f8b9b86fc-fwlzl,15,5
1782283590,tc-26-6-1-1-7,osmo-hlr-546bdb8988-vjqwp,1,2
1782283590,tc-26-6-1-1-7,osmo-mgw-8c8fc67d6-klmpk,1,2
1782283590,tc-26-6-1-1-7,osmo-mobile-58b76ddf85-gbd9r,3,38
1782283590,tc-26-6-1-1-7,osmo-stp-768687f494-6bzn7,1,2
1782283590,tc-26-6-1-1-7,ttcn3-tc-26-6-1-1-1-wsmkg,1,6
1782283590,tc-26-6-1-1-7,virtphy-576cdd77b8-29gc2,6,1
1782283590,tc-34-2-2-6,msc-test-stub-5b875d749d-n76gn,1,16
1782283590,tc-34-2-2-6,osmo-mgw-8c8fc67d6-rngtg,1,2
1782283590,tc-34-2-2-6,osmo-mobile-56b5cd4676-8st5t,5,36
1782283592,kube-system,coredns-c4dbffb5f-p9rsr,3,29
1782283592,kube-system,local-path-provisioner-5c4dc5d66d-nfqxz,1,15
1782283592,kube-system,metrics-server-786d997795-hcp2m,8,45
1782283592,kube-system,svclb-traefik-1100f998-kpm9h,0,0
1782283592,kube-system,traefik-9bcdbbd9-qtpjt,3,35
1782283592,tc-26-6-1-1-7,msc-test-stub-5b875d749d-qhcnt,1,16
1782283592,tc-26-6-1-1-7,osmo-bsc-594654bd47-mk546,1,5
1782283592,tc-26-6-1-1-7,osmo-bts-virtual-5f8b9b86fc-fwlzl,15,5
1782283592,tc-26-6-1-1-7,osmo-hlr-546bdb8988-vjqwp,1,2
1782283592,tc-26-6-1-1-7,osmo-mgw-8c8fc67d6-klmpk,1,2
1782283592,tc-26-6-1-1-7,osmo-mobile-58b76ddf85-gbd9r,3,38
1782283592,tc-26-6-1-1-7,osmo-stp-768687f494-6bzn7,1,2
1782283592,tc-26-6-1-1-7,ttcn3-tc-26-6-1-1-1-wsmkg,1,6
1782283592,tc-26-6-1-1-7,virtphy-576cdd77b8-29gc2,6,1
1782283592,tc-34-2-2-6,msc-test-stub-5b875d749d-n76gn,1,16
1782283592,tc-34-2-2-6,osmo-mgw-8c8fc67d6-rngtg,1,2
1782283592,tc-34-2-2-6,osmo-mobile-56b5cd4676-8st5t,5,36
1782283594,kube-system,coredns-c4dbffb5f-p9rsr,3,29
1782283594,kube-system,local-path-provisioner-5c4dc5d66d-nfqxz,1,15
1782283594,kube-system,metrics-server-786d997795-hcp2m,8,45
1782283594,kube-system,svclb-traefik-1100f998-kpm9h,0,0
1782283594,kube-system,traefik-9bcdbbd9-qtpjt,3,35
1782283594,tc-26-6-1-1-7,msc-test-stub-5b875d749d-qhcnt,1,16
1782283594,tc-26-6-1-1-7,osmo-bsc-594654bd47-mk546,1,5
1782283594,tc-26-6-1-1-7,osmo-bts-virtual-5f8b9b86fc-fwlzl,15,5
1782283594,tc-26-6-1-1-7,osmo-hlr-546bdb8988-vjqwp,1,2
1782283594,tc-26-6-1-1-7,osmo-mgw-8c8fc67d6-klmpk,1,2
1782283594,tc-26-6-1-1-7,osmo-mobile-58b76ddf85-gbd9r,3,38
1782283594,tc-26-6-1-1-7,osmo-stp-768687f494-6bzn7,1,2
1782283594,tc-26-6-1-1-7,ttcn3-tc-26-6-1-1-1-wsmkg,1,6
1782283594,tc-26-6-1-1-7,virtphy-576cdd77b8-29gc2,6,1
1782283594,tc-34-2-2-6,msc-test-stub-5b875d749d-n76gn,1,16
1782283594,tc-34-2-2-6,osmo-mgw-8c8fc67d6-rngtg,1,2
1782283594,tc-34-2-2-6,osmo-mobile-56b5cd4676-8st5t,5,36
1782283596,kube-system,coredns-c4dbffb5f-p9rsr,3,29
1782283596,kube-system,local-path-provisioner-5c4dc5d66d-nfqxz,1,15
1782283596,kube-system,metrics-server-786d997795-hcp2m,8,45
1782283596,kube-system,svclb-traefik-1100f998-kpm9h,0,0
1782283596,kube-system,traefik-9bcdbbd9-qtpjt,3,35
1782283596,tc-26-6-1-1-7,msc-test-stub-5b875d749d-qhcnt,1,16
1782283596,tc-26-6-1-1-7,osmo-bsc-594654bd47-mk546,1,5
1782283596,tc-26-6-1-1-7,osmo-bts-virtual-5f8b9b86fc-fwlzl,15,5
1782283596,tc-26-6-1-1-7,osmo-hlr-546bdb8988-vjqwp,1,2
1782283596,tc-26-6-1-1-7,osmo-mgw-8c8fc67d6-klmpk,1,2
1782283596,tc-26-6-1-1-7,osmo-mobile-58b76ddf85-gbd9r,3,38
1782283596,tc-26-6-1-1-7,osmo-stp-768687f494-6bzn7,1,2
1782283596,tc-26-6-1-1-7,ttcn3-tc-26-6-1-1-1-wsmkg,1,6
1782283596,tc-26-6-1-1-7,virtphy-576cdd77b8-29gc2,6,1
1782283596,tc-34-2-2-6,msc-test-stub-5b875d749d-n76gn,1,16
1782283596,tc-34-2-2-6,osmo-mgw-8c8fc67d6-rngtg,1,2
1782283596,tc-34-2-2-6,osmo-mobile-56b5cd4676-8st5t,5,36
1782283598,kube-system,coredns-c4dbffb5f-p9rsr,3,29
1782283598,kube-system,local-path-provisioner-5c4dc5d66d-nfqxz,1,15
1782283598,kube-system,metrics-server-786d997795-hcp2m,8,45
1782283598,kube-system,svclb-traefik-1100f998-kpm9h,0,0
1782283598,kube-system,traefik-9bcdbbd9-qtpjt,3,35
1782283598,tc-26-6-1-1-7,msc-test-stub-5b875d749d-qhcnt,1,16
1782283598,tc-26-6-1-1-7,osmo-bsc-594654bd47-mk546,1,5
1782283598,tc-26-6-1-1-7,osmo-bts-virtual-5f8b9b86fc-fwlzl,15,5
1782283598,tc-26-6-1-1-7,osmo-hlr-546bdb8988-vjqwp,1,2
1782283598,tc-26-6-1-1-7,osmo-mgw-8c8fc67d6-klmpk,1,2
1782283598,tc-26-6-1-1-7,osmo-mobile-58b76ddf85-gbd9r,3,38
1782283598,tc-26-6-1-1-7,osmo-stp-768687f494-6bzn7,1,2
1782283598,tc-26-6-1-1-7,ttcn3-tc-26-6-1-1-1-wsmkg,1,6
1782283598,tc-26-6-1-1-7,virtphy-576cdd77b8-29gc2,6,1
1782283598,tc-34-2-2-6,msc-test-stub-5b875d749d-n76gn,1,16
1782283598,tc-34-2-2-6,osmo-mgw-8c8fc67d6-rngtg,1,2
1782283598,tc-34-2-2-6,osmo-mobile-56b5cd4676-8st5t,5,36
1782283600,kube-system,coredns-c4dbffb5f-p9rsr,3,29
1782283600,kube-system,local-path-provisioner-5c4dc5d66d-nfqxz,1,15
1782283600,kube-system,metrics-server-786d997795-hcp2m,8,45
1782283600,kube-system,svclb-traefik-1100f998-kpm9h,0,0
1782283600,kube-system,traefik-9bcdbbd9-qtpjt,3,35
1782283600,tc-26-6-1-1-7,msc-test-stub-5b875d749d-qhcnt,1,16
1782283600,tc-26-6-1-1-7,osmo-bsc-594654bd47-mk546,1,5
1782283600,tc-26-6-1-1-7,osmo-bts-virtual-5f8b9b86fc-fwlzl,15,5
1782283600,tc-26-6-1-1-7,osmo-hlr-546bdb8988-vjqwp,1,2
1782283600,tc-26-6-1-1-7,osmo-mgw-8c8fc67d6-klmpk,1,2
1782283600,tc-26-6-1-1-7,osmo-mobile-58b76ddf85-gbd9r,3,38
1782283600,tc-26-6-1-1-7,osmo-stp-768687f494-6bzn7,1,2
1782283600,tc-26-6-1-1-7,ttcn3-tc-26-6-1-1-1-wsmkg,1,6
1782283600,tc-26-6-1-1-7,virtphy-576cdd77b8-29gc2,6,1
1782283602,kube-system,coredns-c4dbffb5f-p9rsr,3,29
1782283602,kube-system,local-path-provisioner-5c4dc5d66d-nfqxz,1,15
1782283602,kube-system,metrics-server-786d997795-hcp2m,12,45
1782283602,kube-system,svclb-traefik-1100f998-kpm9h,0,0
1782283602,kube-system,traefik-9bcdbbd9-qtpjt,1,35
1782283602,tc-26-6-1-1-7,msc-test-stub-5b875d749d-qhcnt,9,16
1782283602,tc-26-6-1-1-7,osmo-bsc-594654bd47-mk546,1,5
1782283602,tc-26-6-1-1-7,osmo-bts-virtual-5f8b9b86fc-fwlzl,15,5
1782283602,tc-26-6-1-1-7,osmo-hlr-546bdb8988-vjqwp,1,2
1782283602,tc-26-6-1-1-7,osmo-mgw-8c8fc67d6-klmpk,1,2
1782283602,tc-26-6-1-1-7,osmo-mobile-58b76ddf85-gbd9r,3,38
1782283602,tc-26-6-1-1-7,osmo-stp-768687f494-6bzn7,1,2
1782283602,tc-26-6-1-1-7,ttcn3-tc-26-6-1-1-1-wsmkg,1,6
1782283602,tc-26-6-1-1-7,virtphy-576cdd77b8-29gc2,7,1
1782283605,kube-system,coredns-c4dbffb5f-p9rsr,3,29
1782283605,kube-system,local-path-provisioner-5c4dc5d66d-nfqxz,1,15
1782283605,kube-system,metrics-server-786d997795-hcp2m,12,45
1782283605,kube-system,svclb-traefik-1100f998-kpm9h,0,0
1782283605,kube-system,traefik-9bcdbbd9-qtpjt,1,35
1782283605,tc-26-6-1-1-7,msc-test-stub-5b875d749d-qhcnt,9,16
1782283605,tc-26-6-1-1-7,osmo-bsc-594654bd47-mk546,1,5
1782283605,tc-26-6-1-1-7,osmo-bts-virtual-5f8b9b86fc-fwlzl,15,5
1782283605,tc-26-6-1-1-7,osmo-hlr-546bdb8988-vjqwp,1,2
1782283605,tc-26-6-1-1-7,osmo-mgw-8c8fc67d6-klmpk,1,2
1782283605,tc-26-6-1-1-7,osmo-mobile-58b76ddf85-gbd9r,3,38
1782283605,tc-26-6-1-1-7,osmo-stp-768687f494-6bzn7,1,2
1782283605,tc-26-6-1-1-7,ttcn3-tc-26-6-1-1-1-wsmkg,1,6
1782283605,tc-26-6-1-1-7,virtphy-576cdd77b8-29gc2,7,1
1782283607,kube-system,coredns-c4dbffb5f-p9rsr,3,29
1782283607,kube-system,local-path-provisioner-5c4dc5d66d-nfqxz,1,15
1782283607,kube-system,metrics-server-786d997795-hcp2m,12,45
1782283607,kube-system,svclb-traefik-1100f998-kpm9h,0,0
1782283607,kube-system,traefik-9bcdbbd9-qtpjt,1,35
1782283607,tc-26-6-1-1-7,msc-test-stub-5b875d749d-qhcnt,9,16
1782283607,tc-26-6-1-1-7,osmo-bsc-594654bd47-mk546,1,5
1782283607,tc-26-6-1-1-7,osmo-bts-virtual-5f8b9b86fc-fwlzl,15,5
1782283607,tc-26-6-1-1-7,osmo-hlr-546bdb8988-vjqwp,1,2
1782283607,tc-26-6-1-1-7,osmo-mgw-8c8fc67d6-klmpk,1,2
1782283607,tc-26-6-1-1-7,osmo-mobile-58b76ddf85-gbd9r,3,38
1782283607,tc-26-6-1-1-7,osmo-stp-768687f494-6bzn7,1,2
1782283607,tc-26-6-1-1-7,ttcn3-tc-26-6-1-1-1-wsmkg,1,6
1782283607,tc-26-6-1-1-7,virtphy-576cdd77b8-29gc2,7,1
1782283609,kube-system,coredns-c4dbffb5f-p9rsr,3,29
1782283609,kube-system,local-path-provisioner-5c4dc5d66d-nfqxz,1,15
1782283609,kube-system,metrics-server-786d997795-hcp2m,12,45
1782283609,kube-system,svclb-traefik-1100f998-kpm9h,0,0
1782283609,kube-system,traefik-9bcdbbd9-qtpjt,1,35
1782283609,tc-26-6-1-1-7,msc-test-stub-5b875d749d-qhcnt,9,16
1782283609,tc-26-6-1-1-7,osmo-bsc-594654bd47-mk546,1,5
1782283609,tc-26-6-1-1-7,osmo-bts-virtual-5f8b9b86fc-fwlzl,15,5
1782283609,tc-26-6-1-1-7,osmo-hlr-546bdb8988-vjqwp,1,2
1782283609,tc-26-6-1-1-7,osmo-mgw-8c8fc67d6-klmpk,1,2
1782283609,tc-26-6-1-1-7,osmo-mobile-58b76ddf85-gbd9r,3,38
1782283609,tc-26-6-1-1-7,osmo-stp-768687f494-6bzn7,1,2
1782283609,tc-26-6-1-1-7,ttcn3-tc-26-6-1-1-1-wsmkg,1,6
1782283609,tc-26-6-1-1-7,virtphy-576cdd77b8-29gc2,7,1
1782283611,kube-system,coredns-c4dbffb5f-p9rsr,3,29
1782283611,kube-system,local-path-provisioner-5c4dc5d66d-nfqxz,1,15
1782283611,kube-system,metrics-server-786d997795-hcp2m,12,45
1782283611,kube-system,svclb-traefik-1100f998-kpm9h,0,0
1782283611,kube-system,traefik-9bcdbbd9-qtpjt,1,35
1782283611,tc-26-6-1-1-7,msc-test-stub-5b875d749d-qhcnt,9,16
1782283611,tc-26-6-1-1-7,osmo-bsc-594654bd47-mk546,1,5
1782283611,tc-26-6-1-1-7,osmo-bts-virtual-5f8b9b86fc-fwlzl,15,5
1782283611,tc-26-6-1-1-7,osmo-hlr-546bdb8988-vjqwp,1,2
1782283611,tc-26-6-1-1-7,osmo-mgw-8c8fc67d6-klmpk,1,2
1782283611,tc-26-6-1-1-7,osmo-mobile-58b76ddf85-gbd9r,3,38
1782283611,tc-26-6-1-1-7,osmo-stp-768687f494-6bzn7,1,2
1782283611,tc-26-6-1-1-7,ttcn3-tc-26-6-1-1-1-wsmkg,1,6
1782283611,tc-26-6-1-1-7,virtphy-576cdd77b8-29gc2,7,1
1782283614,kube-system,coredns-c4dbffb5f-p9rsr,3,29
1782283614,kube-system,local-path-provisioner-5c4dc5d66d-nfqxz,1,15
1782283614,kube-system,metrics-server-786d997795-hcp2m,12,45
1782283614,kube-system,svclb-traefik-1100f998-kpm9h,0,0
1782283614,kube-system,traefik-9bcdbbd9-qtpjt,1,35
1782283614,tc-26-6-1-1-7,msc-test-stub-5b875d749d-qhcnt,9,16
1782283614,tc-26-6-1-1-7,osmo-bsc-594654bd47-mk546,1,5
1782283614,tc-26-6-1-1-7,osmo-bts-virtual-5f8b9b86fc-fwlzl,15,5
1782283614,tc-26-6-1-1-7,osmo-hlr-546bdb8988-vjqwp,1,2
1782283614,tc-26-6-1-1-7,osmo-mgw-8c8fc67d6-klmpk,1,2
1782283614,tc-26-6-1-1-7,osmo-mobile-58b76ddf85-gbd9r,3,38
1782283614,tc-26-6-1-1-7,osmo-stp-768687f494-6bzn7,1,2
1782283614,tc-26-6-1-1-7,ttcn3-tc-26-6-1-1-1-wsmkg,1,6
1782283614,tc-26-6-1-1-7,virtphy-576cdd77b8-29gc2,7,1
1782283616,kube-system,coredns-c4dbffb5f-p9rsr,3,29
1782283616,kube-system,local-path-provisioner-5c4dc5d66d-nfqxz,1,15
1782283616,kube-system,metrics-server-786d997795-hcp2m,12,45
1782283616,kube-system,svclb-traefik-1100f998-kpm9h,0,0
1782283616,kube-system,traefik-9bcdbbd9-qtpjt,1,35
1782283616,tc-26-6-1-1-7,msc-test-stub-5b875d749d-qhcnt,9,16
1782283616,tc-26-6-1-1-7,osmo-bsc-594654bd47-mk546,1,5
1782283616,tc-26-6-1-1-7,osmo-bts-virtual-5f8b9b86fc-fwlzl,15,5
1782283616,tc-26-6-1-1-7,osmo-hlr-546bdb8988-vjqwp,1,2
1782283616,tc-26-6-1-1-7,osmo-mgw-8c8fc67d6-klmpk,1,2
1782283616,tc-26-6-1-1-7,osmo-mobile-58b76ddf85-gbd9r,3,38
1782283616,tc-26-6-1-1-7,osmo-stp-768687f494-6bzn7,1,2
1782283616,tc-26-6-1-1-7,ttcn3-tc-26-6-1-1-1-wsmkg,1,6
1782283616,tc-26-6-1-1-7,virtphy-576cdd77b8-29gc2,7,1
1782283618,kube-system,coredns-c4dbffb5f-p9rsr,3,29
1782283618,kube-system,local-path-provisioner-5c4dc5d66d-nfqxz,1,15
1782283618,kube-system,metrics-server-786d997795-hcp2m,7,45
1782283618,kube-system,svclb-traefik-1100f998-kpm9h,0,0
1782283618,kube-system,traefik-9bcdbbd9-qtpjt,1,35
1782283618,tc-26-6-1-1-7,msc-test-stub-5b875d749d-qhcnt,9,16
1782283618,tc-26-6-1-1-7,osmo-bsc-594654bd47-mk546,1,5
1782283618,tc-26-6-1-1-7,osmo-bts-virtual-5f8b9b86fc-fwlzl,15,5
1782283618,tc-26-6-1-1-7,osmo-hlr-546bdb8988-vjqwp,1,2
1782283618,tc-26-6-1-1-7,osmo-mgw-8c8fc67d6-klmpk,1,2
1782283618,tc-26-6-1-1-7,osmo-mobile-58b76ddf85-gbd9r,3,38
1782283618,tc-26-6-1-1-7,osmo-stp-768687f494-6bzn7,1,2
1782283618,tc-26-6-1-1-7,ttcn3-tc-26-6-1-1-1-wsmkg,1,6
1782283618,tc-26-6-1-1-7,virtphy-576cdd77b8-29gc2,6,1
1782283620,kube-system,coredns-c4dbffb5f-p9rsr,3,29
1782283620,kube-system,local-path-provisioner-5c4dc5d66d-nfqxz,1,15
1782283620,kube-system,metrics-server-786d997795-hcp2m,7,45
1782283620,kube-system,svclb-traefik-1100f998-kpm9h,0,0
1782283620,kube-system,traefik-9bcdbbd9-qtpjt,1,35
1782283620,tc-26-6-1-1-7,msc-test-stub-5b875d749d-qhcnt,9,16
1782283620,tc-26-6-1-1-7,osmo-bsc-594654bd47-mk546,1,5
1782283620,tc-26-6-1-1-7,osmo-bts-virtual-5f8b9b86fc-fwlzl,15,5
1782283620,tc-26-6-1-1-7,osmo-hlr-546bdb8988-vjqwp,1,2
1782283620,tc-26-6-1-1-7,osmo-mgw-8c8fc67d6-klmpk,1,2
1782283620,tc-26-6-1-1-7,osmo-mobile-58b76ddf85-gbd9r,3,38
1782283620,tc-26-6-1-1-7,osmo-stp-768687f494-6bzn7,1,2
1782283620,tc-26-6-1-1-7,ttcn3-tc-26-6-1-1-1-wsmkg,1,6
1782283620,tc-26-6-1-1-7,virtphy-576cdd77b8-29gc2,6,1
1782283622,kube-system,coredns-c4dbffb5f-p9rsr,3,29
1782283622,kube-system,local-path-provisioner-5c4dc5d66d-nfqxz,1,15
1782283622,kube-system,metrics-server-786d997795-hcp2m,7,45
1782283622,kube-system,svclb-traefik-1100f998-kpm9h,0,0
1782283622,kube-system,traefik-9bcdbbd9-qtpjt,1,35
1782283622,tc-26-6-1-1-7,msc-test-stub-5b875d749d-qhcnt,9,16
1782283622,tc-26-6-1-1-7,osmo-bsc-594654bd47-mk546,1,5
1782283622,tc-26-6-1-1-7,osmo-bts-virtual-5f8b9b86fc-fwlzl,15,5
1782283622,tc-26-6-1-1-7,osmo-hlr-546bdb8988-vjqwp,1,2
1782283622,tc-26-6-1-1-7,osmo-mgw-8c8fc67d6-klmpk,1,2
1782283622,tc-26-6-1-1-7,osmo-mobile-58b76ddf85-gbd9r,3,38
1782283622,tc-26-6-1-1-7,osmo-stp-768687f494-6bzn7,1,2
1782283622,tc-26-6-1-1-7,ttcn3-tc-26-6-1-1-1-wsmkg,1,6
1782283622,tc-26-6-1-1-7,virtphy-576cdd77b8-29gc2,6,1
1782283624,kube-system,coredns-c4dbffb5f-p9rsr,3,29
1782283624,kube-system,local-path-provisioner-5c4dc5d66d-nfqxz,1,15
1782283624,kube-system,metrics-server-786d997795-hcp2m,7,45
1782283624,kube-system,svclb-traefik-1100f998-kpm9h,0,0
1782283624,kube-system,traefik-9bcdbbd9-qtpjt,1,35
1782283624,tc-26-6-1-1-7,msc-test-stub-5b875d749d-qhcnt,9,16
1782283624,tc-26-6-1-1-7,osmo-bsc-594654bd47-mk546,1,5
1782283624,tc-26-6-1-1-7,osmo-bts-virtual-5f8b9b86fc-fwlzl,15,5
1782283624,tc-26-6-1-1-7,osmo-hlr-546bdb8988-vjqwp,1,2
1782283624,tc-26-6-1-1-7,osmo-mgw-8c8fc67d6-klmpk,1,2
1782283624,tc-26-6-1-1-7,osmo-mobile-58b76ddf85-gbd9r,3,38
1782283624,tc-26-6-1-1-7,osmo-stp-768687f494-6bzn7,1,2
1782283624,tc-26-6-1-1-7,ttcn3-tc-26-6-1-1-1-wsmkg,1,6
1782283624,tc-26-6-1-1-7,virtphy-576cdd77b8-29gc2,6,1
1782283627,kube-system,coredns-c4dbffb5f-p9rsr,3,29
1782283627,kube-system,local-path-provisioner-5c4dc5d66d-nfqxz,1,15
1782283627,kube-system,metrics-server-786d997795-hcp2m,7,45
1782283627,kube-system,svclb-traefik-1100f998-kpm9h,0,0
1782283627,kube-system,traefik-9bcdbbd9-qtpjt,1,35
1782283627,tc-26-6-1-1-7,msc-test-stub-5b875d749d-qhcnt,9,16
1782283627,tc-26-6-1-1-7,osmo-bsc-594654bd47-mk546,1,5
1782283627,tc-26-6-1-1-7,osmo-bts-virtual-5f8b9b86fc-fwlzl,15,5
1782283627,tc-26-6-1-1-7,osmo-hlr-546bdb8988-vjqwp,1,2
1782283627,tc-26-6-1-1-7,osmo-mgw-8c8fc67d6-klmpk,1,2
1782283627,tc-26-6-1-1-7,osmo-mobile-58b76ddf85-gbd9r,3,38
1782283627,tc-26-6-1-1-7,osmo-stp-768687f494-6bzn7,1,2
1782283627,tc-26-6-1-1-7,ttcn3-tc-26-6-1-1-1-wsmkg,1,6
1782283627,tc-26-6-1-1-7,virtphy-576cdd77b8-29gc2,6,1
1782283629,kube-system,coredns-c4dbffb5f-p9rsr,3,29
1782283629,kube-system,local-path-provisioner-5c4dc5d66d-nfqxz,1,15
1782283629,kube-system,metrics-server-786d997795-hcp2m,7,45
1782283629,kube-system,svclb-traefik-1100f998-kpm9h,0,0
1782283629,kube-system,traefik-9bcdbbd9-qtpjt,1,35
1782283629,tc-26-6-1-1-7,msc-test-stub-5b875d749d-qhcnt,9,16
1782283629,tc-26-6-1-1-7,osmo-bsc-594654bd47-mk546,1,5
1782283629,tc-26-6-1-1-7,osmo-bts-virtual-5f8b9b86fc-fwlzl,15,5
1782283629,tc-26-6-1-1-7,osmo-hlr-546bdb8988-vjqwp,1,2
1782283629,tc-26-6-1-1-7,osmo-mgw-8c8fc67d6-klmpk,1,2
1782283629,tc-26-6-1-1-7,osmo-mobile-58b76ddf85-gbd9r,3,38
1782283629,tc-26-6-1-1-7,osmo-stp-768687f494-6bzn7,1,2
1782283629,tc-26-6-1-1-7,ttcn3-tc-26-6-1-1-1-wsmkg,1,6
1782283629,tc-26-6-1-1-7,virtphy-576cdd77b8-29gc2,6,1
1782283631,kube-system,coredns-c4dbffb5f-p9rsr,3,29
1782283631,kube-system,local-path-provisioner-5c4dc5d66d-nfqxz,1,15
1782283631,kube-system,metrics-server-786d997795-hcp2m,7,45
1782283631,kube-system,svclb-traefik-1100f998-kpm9h,0,0
1782283631,kube-system,traefik-9bcdbbd9-qtpjt,1,35
1782283631,tc-26-6-1-1-7,msc-test-stub-5b875d749d-qhcnt,9,16
1782283631,tc-26-6-1-1-7,osmo-bsc-594654bd47-mk546,1,5
1782283631,tc-26-6-1-1-7,osmo-bts-virtual-5f8b9b86fc-fwlzl,15,5
1782283631,tc-26-6-1-1-7,osmo-hlr-546bdb8988-vjqwp,1,2
1782283631,tc-26-6-1-1-7,osmo-mgw-8c8fc67d6-klmpk,1,2
1782283631,tc-26-6-1-1-7,osmo-mobile-58b76ddf85-gbd9r,3,38
1782283631,tc-26-6-1-1-7,osmo-stp-768687f494-6bzn7,1,2
1782283631,tc-26-6-1-1-7,ttcn3-tc-26-6-1-1-1-wsmkg,1,6
1782283631,tc-26-6-1-1-7,virtphy-576cdd77b8-29gc2,6,1
1782283633,kube-system,coredns-c4dbffb5f-p9rsr,2,29
1782283633,kube-system,local-path-provisioner-5c4dc5d66d-nfqxz,1,15
1782283633,kube-system,metrics-server-786d997795-hcp2m,7,45
1782283633,kube-system,svclb-traefik-1100f998-kpm9h,0,0
1782283633,kube-system,traefik-9bcdbbd9-qtpjt,1,35
1782283633,tc-26-6-1-1-7,msc-test-stub-5b875d749d-qhcnt,1,16
1782283633,tc-26-6-1-1-7,osmo-bsc-594654bd47-mk546,1,5
1782283633,tc-26-6-1-1-7,osmo-bts-virtual-5f8b9b86fc-fwlzl,14,5
1782283633,tc-26-6-1-1-7,osmo-hlr-546bdb8988-vjqwp,1,2
1782283633,tc-26-6-1-1-7,osmo-mgw-8c8fc67d6-klmpk,1,2
1782283633,tc-26-6-1-1-7,osmo-mobile-58b76ddf85-gbd9r,3,38
1782283633,tc-26-6-1-1-7,osmo-stp-768687f494-6bzn7,1,2
1782283633,tc-26-6-1-1-7,ttcn3-tc-26-6-1-1-1-wsmkg,1,6
1782283633,tc-26-6-1-1-7,virtphy-576cdd77b8-29gc2,6,1
1782283635,kube-system,coredns-c4dbffb5f-p9rsr,2,29
1782283635,kube-system,local-path-provisioner-5c4dc5d66d-nfqxz,1,15
1782283635,kube-system,metrics-server-786d997795-hcp2m,7,45
1782283635,kube-system,svclb-traefik-1100f998-kpm9h,0,0
1782283635,kube-system,traefik-9bcdbbd9-qtpjt,1,35
1782283635,tc-26-6-1-1-7,msc-test-stub-5b875d749d-qhcnt,1,16
1782283635,tc-26-6-1-1-7,osmo-bsc-594654bd47-mk546,1,5
1782283635,tc-26-6-1-1-7,osmo-bts-virtual-5f8b9b86fc-fwlzl,14,5
1782283635,tc-26-6-1-1-7,osmo-hlr-546bdb8988-vjqwp,1,2
1782283635,tc-26-6-1-1-7,osmo-mgw-8c8fc67d6-klmpk,1,2
1782283635,tc-26-6-1-1-7,osmo-mobile-58b76ddf85-gbd9r,3,38
1782283635,tc-26-6-1-1-7,osmo-stp-768687f494-6bzn7,1,2
1782283635,tc-26-6-1-1-7,ttcn3-tc-26-6-1-1-1-wsmkg,1,6
1782283635,tc-26-6-1-1-7,virtphy-576cdd77b8-29gc2,6,1
1782283637,kube-system,coredns-c4dbffb5f-p9rsr,2,29
1782283637,kube-system,local-path-provisioner-5c4dc5d66d-nfqxz,1,15
1782283637,kube-system,metrics-server-786d997795-hcp2m,7,45
1782283637,kube-system,svclb-traefik-1100f998-kpm9h,0,0
1782283637,kube-system,traefik-9bcdbbd9-qtpjt,1,35
1782283637,tc-26-6-1-1-7,msc-test-stub-5b875d749d-qhcnt,1,16
1782283637,tc-26-6-1-1-7,osmo-bsc-594654bd47-mk546,1,5
1782283637,tc-26-6-1-1-7,osmo-bts-virtual-5f8b9b86fc-fwlzl,14,5
1782283637,tc-26-6-1-1-7,osmo-hlr-546bdb8988-vjqwp,1,2
1782283637,tc-26-6-1-1-7,osmo-mgw-8c8fc67d6-klmpk,1,2
1782283637,tc-26-6-1-1-7,osmo-mobile-58b76ddf85-gbd9r,3,38
1782283637,tc-26-6-1-1-7,osmo-stp-768687f494-6bzn7,1,2
1782283637,tc-26-6-1-1-7,ttcn3-tc-26-6-1-1-1-wsmkg,1,6
1782283637,tc-26-6-1-1-7,virtphy-576cdd77b8-29gc2,6,1
1782283640,kube-system,coredns-c4dbffb5f-p9rsr,2,29
1782283640,kube-system,local-path-provisioner-5c4dc5d66d-nfqxz,1,15
1782283640,kube-system,metrics-server-786d997795-hcp2m,7,45
1782283640,kube-system,svclb-traefik-1100f998-kpm9h,0,0
1782283640,kube-system,traefik-9bcdbbd9-qtpjt,1,35
1782283640,tc-26-6-1-1-7,msc-test-stub-5b875d749d-qhcnt,1,16
1782283640,tc-26-6-1-1-7,osmo-bsc-594654bd47-mk546,1,5
1782283640,tc-26-6-1-1-7,osmo-bts-virtual-5f8b9b86fc-fwlzl,14,5
1782283640,tc-26-6-1-1-7,osmo-hlr-546bdb8988-vjqwp,1,2
1782283640,tc-26-6-1-1-7,osmo-mgw-8c8fc67d6-klmpk,1,2
1782283640,tc-26-6-1-1-7,osmo-mobile-58b76ddf85-gbd9r,3,38
1782283640,tc-26-6-1-1-7,osmo-stp-768687f494-6bzn7,1,2
1782283640,tc-26-6-1-1-7,virtphy-576cdd77b8-29gc2,6,1
1782283642,kube-system,coredns-c4dbffb5f-p9rsr,2,29
1782283642,kube-system,local-path-provisioner-5c4dc5d66d-nfqxz,1,15
1782283642,kube-system,metrics-server-786d997795-hcp2m,7,45
1782283642,kube-system,svclb-traefik-1100f998-kpm9h,0,0
1782283642,kube-system,traefik-9bcdbbd9-qtpjt,1,35
1782283642,tc-26-6-1-1-7,msc-test-stub-5b875d749d-qhcnt,1,16
1782283642,tc-26-6-1-1-7,osmo-bsc-594654bd47-mk546,1,5
1782283642,tc-26-6-1-1-7,osmo-bts-virtual-5f8b9b86fc-fwlzl,14,5
1782283642,tc-26-6-1-1-7,osmo-hlr-546bdb8988-vjqwp,1,2
1782283642,tc-26-6-1-1-7,osmo-mgw-8c8fc67d6-klmpk,1,2
1782283642,tc-26-6-1-1-7,osmo-mobile-58b76ddf85-gbd9r,3,38
1782283642,tc-26-6-1-1-7,osmo-stp-768687f494-6bzn7,1,2
1782283642,tc-26-6-1-1-7,virtphy-576cdd77b8-29gc2,6,1
1782283644,kube-system,coredns-c4dbffb5f-p9rsr,2,29
1782283644,kube-system,local-path-provisioner-5c4dc5d66d-nfqxz,1,15
1782283644,kube-system,metrics-server-786d997795-hcp2m,7,45
1782283644,kube-system,svclb-traefik-1100f998-kpm9h,0,0
1782283644,kube-system,traefik-9bcdbbd9-qtpjt,1,35
1782283644,tc-26-6-1-1-7,msc-test-stub-5b875d749d-qhcnt,1,16
1782283644,tc-26-6-1-1-7,osmo-bsc-594654bd47-mk546,1,5
1782283644,tc-26-6-1-1-7,osmo-bts-virtual-5f8b9b86fc-fwlzl,14,5
1782283644,tc-26-6-1-1-7,osmo-hlr-546bdb8988-vjqwp,1,2
1782283644,tc-26-6-1-1-7,osmo-mgw-8c8fc67d6-klmpk,1,2
1782283644,tc-26-6-1-1-7,osmo-mobile-58b76ddf85-gbd9r,3,38
1782283644,tc-26-6-1-1-7,osmo-stp-768687f494-6bzn7,1,2
1782283644,tc-26-6-1-1-7,virtphy-576cdd77b8-29gc2,6,1
1782283646,kube-system,coredns-c4dbffb5f-p9rsr,2,29
1782283646,kube-system,local-path-provisioner-5c4dc5d66d-nfqxz,1,15
1782283646,kube-system,metrics-server-786d997795-hcp2m,7,45
1782283646,kube-system,svclb-traefik-1100f998-kpm9h,0,0
1782283646,kube-system,traefik-9bcdbbd9-qtpjt,1,35
1782283646,tc-26-6-1-1-7,msc-test-stub-5b875d749d-qhcnt,1,16
1782283646,tc-26-6-1-1-7,osmo-bsc-594654bd47-mk546,1,5
1782283646,tc-26-6-1-1-7,osmo-bts-virtual-5f8b9b86fc-fwlzl,14,5
1782283646,tc-26-6-1-1-7,osmo-hlr-546bdb8988-vjqwp,1,2
1782283646,tc-26-6-1-1-7,osmo-mgw-8c8fc67d6-klmpk,1,2
1782283646,tc-26-6-1-1-7,osmo-mobile-58b76ddf85-gbd9r,3,38
1782283646,tc-26-6-1-1-7,osmo-stp-768687f494-6bzn7,1,2
1782283646,tc-26-6-1-1-7,virtphy-576cdd77b8-29gc2,6,1
1782283648,kube-system,coredns-c4dbffb5f-p9rsr,2,29
1782283648,kube-system,local-path-provisioner-5c4dc5d66d-nfqxz,1,15
1782283648,kube-system,metrics-server-786d997795-hcp2m,10,45
1782283648,kube-system,svclb-traefik-1100f998-kpm9h,0,0
1782283648,kube-system,traefik-9bcdbbd9-qtpjt,1,35
1782283648,tc-26-6-1-1-7,msc-test-stub-5b875d749d-qhcnt,1,16
1782283648,tc-26-6-1-1-7,osmo-mgw-8c8fc67d6-klmpk,1,2
1782283648,tc-26-6-1-1-7,osmo-mobile-58b76ddf85-gbd9r,3,38
1782283650,kube-system,coredns-c4dbffb5f-p9rsr,2,29
1782283650,kube-system,local-path-provisioner-5c4dc5d66d-nfqxz,1,15
1782283650,kube-system,metrics-server-786d997795-hcp2m,10,45
1782283650,kube-system,svclb-traefik-1100f998-kpm9h,0,0
1782283650,kube-system,traefik-9bcdbbd9-qtpjt,1,35
1782283650,tc-26-6-1-1-7,msc-test-stub-5b875d749d-qhcnt,1,16
1782283650,tc-26-6-1-1-7,osmo-mgw-8c8fc67d6-klmpk,1,2
1782283650,tc-26-6-1-1-7,osmo-mobile-58b76ddf85-gbd9r,3,38
1782283652,kube-system,coredns-c4dbffb5f-p9rsr,2,29
1782283652,kube-system,local-path-provisioner-5c4dc5d66d-nfqxz,1,15
1782283652,kube-system,metrics-server-786d997795-hcp2m,10,45
1782283652,kube-system,svclb-traefik-1100f998-kpm9h,0,0
1782283652,kube-system,traefik-9bcdbbd9-qtpjt,1,35
1782283652,tc-26-6-1-1-7,msc-test-stub-5b875d749d-qhcnt,1,16
1782283652,tc-26-6-1-1-7,osmo-mgw-8c8fc67d6-klmpk,1,2
1782283652,tc-26-6-1-1-7,osmo-mobile-58b76ddf85-gbd9r,3,38
1782283654,kube-system,coredns-c4dbffb5f-p9rsr,2,29
1782283654,kube-system,local-path-provisioner-5c4dc5d66d-nfqxz,1,15
1782283654,kube-system,metrics-server-786d997795-hcp2m,10,45
1782283654,kube-system,svclb-traefik-1100f998-kpm9h,0,0
1782283654,kube-system,traefik-9bcdbbd9-qtpjt,1,35
1782283654,tc-26-6-1-1-7,msc-test-stub-5b875d749d-qhcnt,1,16
1782283654,tc-26-6-1-1-7,osmo-mgw-8c8fc67d6-klmpk,1,2
1782283654,tc-26-6-1-1-7,osmo-mobile-58b76ddf85-gbd9r,3,38
1782283656,kube-system,coredns-c4dbffb5f-p9rsr,2,29
1782283656,kube-system,local-path-provisioner-5c4dc5d66d-nfqxz,1,15
1782283656,kube-system,metrics-server-786d997795-hcp2m,10,45
1782283656,kube-system,svclb-traefik-1100f998-kpm9h,0,0
1782283656,kube-system,traefik-9bcdbbd9-qtpjt,1,35
1782283656,tc-26-6-1-1-7,msc-test-stub-5b875d749d-qhcnt,1,16
1782283656,tc-26-6-1-1-7,osmo-mgw-8c8fc67d6-klmpk,1,2
1782283656,tc-26-6-1-1-7,osmo-mobile-58b76ddf85-gbd9r,3,38
1782283658,kube-system,coredns-c4dbffb5f-p9rsr,2,29
1782283658,kube-system,local-path-provisioner-5c4dc5d66d-nfqxz,1,15
1782283658,kube-system,metrics-server-786d997795-hcp2m,10,45
1782283658,kube-system,svclb-traefik-1100f998-kpm9h,0,0
1782283658,kube-system,traefik-9bcdbbd9-qtpjt,1,35
1782283658,tc-26-6-1-1-7,msc-test-stub-5b875d749d-qhcnt,1,16
1782283658,tc-26-6-1-1-7,osmo-mgw-8c8fc67d6-klmpk,1,2
1782283658,tc-26-6-1-1-7,osmo-mobile-58b76ddf85-gbd9r,3,38
1782283660,kube-system,coredns-c4dbffb5f-p9rsr,2,29
1782283660,kube-system,local-path-provisioner-5c4dc5d66d-nfqxz,1,15
1782283660,kube-system,metrics-server-786d997795-hcp2m,10,45
1782283660,kube-system,svclb-traefik-1100f998-kpm9h,0,0
1782283660,kube-system,traefik-9bcdbbd9-qtpjt,1,35
1782283660,tc-26-6-1-1-7,msc-test-stub-5b875d749d-qhcnt,1,16
1782283660,tc-26-6-1-1-7,osmo-mgw-8c8fc67d6-klmpk,1,2
1782283660,tc-26-6-1-1-7,osmo-mobile-58b76ddf85-gbd9r,3,38
1782283662,kube-system,coredns-c4dbffb5f-p9rsr,2,29
1782283662,kube-system,local-path-provisioner-5c4dc5d66d-nfqxz,1,15
1782283662,kube-system,metrics-server-786d997795-hcp2m,10,45
1782283662,kube-system,svclb-traefik-1100f998-kpm9h,0,0
1782283662,kube-system,traefik-9bcdbbd9-qtpjt,1,35
1782283662,tc-26-6-1-1-7,msc-test-stub-5b875d749d-qhcnt,1,16
1782283662,tc-26-6-1-1-7,osmo-mgw-8c8fc67d6-klmpk,1,2
1782283662,tc-26-6-1-1-7,osmo-mobile-58b76ddf85-gbd9r,3,38
1782283664,kube-system,coredns-c4dbffb5f-p9rsr,3,29
1782283664,kube-system,local-path-provisioner-5c4dc5d66d-nfqxz,1,15
1782283664,kube-system,metrics-server-786d997795-hcp2m,9,45
1782283664,kube-system,svclb-traefik-1100f998-kpm9h,0,0
1782283664,kube-system,traefik-9bcdbbd9-qtpjt,1,35
1782283664,tc-26-6-1-1-7,msc-test-stub-5b875d749d-qhcnt,1,16
1782283664,tc-26-6-1-1-7,osmo-mgw-8c8fc67d6-klmpk,1,2
1782283664,tc-26-6-1-1-7,osmo-mobile-58b76ddf85-gbd9r,3,36
1782283666,kube-system,coredns-c4dbffb5f-p9rsr,3,29
1782283666,kube-system,local-path-provisioner-5c4dc5d66d-nfqxz,1,15
1782283666,kube-system,metrics-server-786d997795-hcp2m,9,45
1782283666,kube-system,svclb-traefik-1100f998-kpm9h,0,0
1782283666,kube-system,traefik-9bcdbbd9-qtpjt,1,35
1782283666,tc-26-6-1-1-7,msc-test-stub-5b875d749d-qhcnt,1,16
1782283666,tc-26-6-1-1-7,osmo-mgw-8c8fc67d6-klmpk,1,2
1782283666,tc-26-6-1-1-7,osmo-mobile-58b76ddf85-gbd9r,3,36
1782283668,kube-system,coredns-c4dbffb5f-p9rsr,3,29
1782283668,kube-system,local-path-provisioner-5c4dc5d66d-nfqxz,1,15
1782283668,kube-system,metrics-server-786d997795-hcp2m,9,45
1782283668,kube-system,svclb-traefik-1100f998-kpm9h,0,0
1782283668,kube-system,traefik-9bcdbbd9-qtpjt,1,35
1782283668,tc-26-6-1-1-7,msc-test-stub-5b875d749d-qhcnt,1,16
1782283668,tc-26-6-1-1-7,osmo-mgw-8c8fc67d6-klmpk,1,2
1782283668,tc-26-6-1-1-7,osmo-mobile-58b76ddf85-gbd9r,3,36
1782283670,kube-system,coredns-c4dbffb5f-p9rsr,3,29
1782283670,kube-system,local-path-provisioner-5c4dc5d66d-nfqxz,1,15
1782283670,kube-system,metrics-server-786d997795-hcp2m,9,45
1782283670,kube-system,svclb-traefik-1100f998-kpm9h,0,0
1782283670,kube-system,traefik-9bcdbbd9-qtpjt,1,35
1782283670,tc-26-6-1-1-7,msc-test-stub-5b875d749d-qhcnt,1,16
1782283670,tc-26-6-1-1-7,osmo-mgw-8c8fc67d6-klmpk,1,2
1782283670,tc-26-6-1-1-7,osmo-mobile-58b76ddf85-gbd9r,3,36
1782283672,kube-system,coredns-c4dbffb5f-p9rsr,3,29
1782283672,kube-system,local-path-provisioner-5c4dc5d66d-nfqxz,1,15
1782283672,kube-system,metrics-server-786d997795-hcp2m,9,45
1782283672,kube-system,svclb-traefik-1100f998-kpm9h,0,0
1782283672,kube-system,traefik-9bcdbbd9-qtpjt,1,35
1782283672,tc-26-6-1-1-7,msc-test-stub-5b875d749d-qhcnt,1,16
1782283672,tc-26-6-1-1-7,osmo-mgw-8c8fc67d6-klmpk,1,2
1782283672,tc-26-6-1-1-7,osmo-mobile-58b76ddf85-gbd9r,3,36
1782283674,kube-system,coredns-c4dbffb5f-p9rsr,3,29
1782283674,kube-system,local-path-provisioner-5c4dc5d66d-nfqxz,1,15
1782283674,kube-system,metrics-server-786d997795-hcp2m,9,45
1782283674,kube-system,svclb-traefik-1100f998-kpm9h,0,0
1782283674,kube-system,traefik-9bcdbbd9-qtpjt,1,35
1782283674,tc-26-6-1-1-7,msc-test-stub-5b875d749d-qhcnt,1,16
1782283674,tc-26-6-1-1-7,osmo-mgw-8c8fc67d6-klmpk,1,2
1782283674,tc-26-6-1-1-7,osmo-mobile-58b76ddf85-gbd9r,3,36
1782283676,kube-system,coredns-c4dbffb5f-p9rsr,3,29
1782283676,kube-system,local-path-provisioner-5c4dc5d66d-nfqxz,1,15
1782283676,kube-system,metrics-server-786d997795-hcp2m,9,45
1782283676,kube-system,svclb-traefik-1100f998-kpm9h,0,0
1782283676,kube-system,traefik-9bcdbbd9-qtpjt,1,35
1782283676,tc-26-6-1-1-7,msc-test-stub-5b875d749d-qhcnt,1,16
1782283676,tc-26-6-1-1-7,osmo-mgw-8c8fc67d6-klmpk,1,2
1782283676,tc-26-6-1-1-7,osmo-mobile-58b76ddf85-gbd9r,3,36
1782283678,kube-system,coredns-c4dbffb5f-p9rsr,3,29
1782283678,kube-system,local-path-provisioner-5c4dc5d66d-nfqxz,1,15
1782283678,kube-system,metrics-server-786d997795-hcp2m,7,45
1782283678,kube-system,svclb-traefik-1100f998-kpm9h,0,0
1782283678,kube-system,traefik-9bcdbbd9-qtpjt,1,35
1782283680,kube-system,coredns-c4dbffb5f-p9rsr,3,29
1782283680,kube-system,local-path-provisioner-5c4dc5d66d-nfqxz,1,15
1782283680,kube-system,metrics-server-786d997795-hcp2m,7,45
1782283680,kube-system,svclb-traefik-1100f998-kpm9h,0,0
1782283680,kube-system,traefik-9bcdbbd9-qtpjt,1,35
1782283682,kube-system,coredns-c4dbffb5f-p9rsr,3,29
1782283682,kube-system,local-path-provisioner-5c4dc5d66d-nfqxz,1,15
1782283682,kube-system,metrics-server-786d997795-hcp2m,7,45
1782283682,kube-system,svclb-traefik-1100f998-kpm9h,0,0
1782283682,kube-system,traefik-9bcdbbd9-qtpjt,1,35
1782283684,kube-system,coredns-c4dbffb5f-p9rsr,3,29
1782283684,kube-system,local-path-provisioner-5c4dc5d66d-nfqxz,1,15
1782283684,kube-system,metrics-server-786d997795-hcp2m,7,45
1782283684,kube-system,svclb-traefik-1100f998-kpm9h,0,0
1782283684,kube-system,traefik-9bcdbbd9-qtpjt,1,35
1782283686,kube-system,coredns-c4dbffb5f-p9rsr,3,29
1782283686,kube-system,local-path-provisioner-5c4dc5d66d-nfqxz,1,15
1782283686,kube-system,metrics-server-786d997795-hcp2m,7,45
1782283686,kube-system,svclb-traefik-1100f998-kpm9h,0,0
1782283686,kube-system,traefik-9bcdbbd9-qtpjt,1,35
1782283688,kube-system,coredns-c4dbffb5f-p9rsr,3,29
1782283688,kube-system,local-path-provisioner-5c4dc5d66d-nfqxz,1,15
1782283688,kube-system,metrics-server-786d997795-hcp2m,7,45
1782283688,kube-system,svclb-traefik-1100f998-kpm9h,0,0
1782283688,kube-system,traefik-9bcdbbd9-qtpjt,1,35
1782283690,kube-system,coredns-c4dbffb5f-p9rsr,3,29
1782283690,kube-system,local-path-provisioner-5c4dc5d66d-nfqxz,1,15
1782283690,kube-system,metrics-server-786d997795-hcp2m,7,45
1782283690,kube-system,svclb-traefik-1100f998-kpm9h,0,0
1782283690,kube-system,traefik-9bcdbbd9-qtpjt,1,35
1782283692,kube-system,coredns-c4dbffb5f-p9rsr,4,29
1782283692,kube-system,local-path-provisioner-5c4dc5d66d-nfqxz,1,15
1782283692,kube-system,metrics-server-786d997795-hcp2m,8,45
1782283692,kube-system,svclb-traefik-1100f998-kpm9h,0,0
1782283692,kube-system,traefik-9bcdbbd9-qtpjt,1,35
