unix_ts,namespace,pod,cpu_m,mem_mib
1782470698,gsm-46,osmo-bsc-594654bd47-rpdmb,7,5
1782470698,gsm-46,osmo-bts-virtual-5f8b9b86fc-5j5zz,13,5
1782470698,gsm-46,osmo-hlr-546bdb8988-tjzrn,4,2
1782470698,gsm-46,osmo-mgw-8c8fc67d6-jz2rp,4,2
1782470698,gsm-46,osmo-mobile-6ccd8c4658-4ttj8,21,36
1782470698,gsm-46,osmo-stp-768687f494-z9p8q,5,2
1782470698,gsm-46,virtphy-5cf87d48b9-mvl8m,10,1
1782470701,gsm-46,osmo-bsc-594654bd47-rpdmb,7,5
1782470701,gsm-46,osmo-bts-virtual-5f8b9b86fc-5j5zz,13,5
1782470701,gsm-46,osmo-hlr-546bdb8988-tjzrn,4,2
1782470701,gsm-46,osmo-mgw-8c8fc67d6-jz2rp,4,2
1782470701,gsm-46,osmo-mobile-6ccd8c4658-4ttj8,21,36
1782470701,gsm-46,osmo-stp-768687f494-z9p8q,5,2
1782470701,gsm-46,virtphy-5cf87d48b9-mvl8m,10,1
1782470704,gsm-46,osmo-bsc-594654bd47-rpdmb,7,5
1782470704,gsm-46,osmo-bts-virtual-5f8b9b86fc-5j5zz,13,5
1782470704,gsm-46,osmo-hlr-546bdb8988-tjzrn,4,2
1782470704,gsm-46,osmo-mgw-8c8fc67d6-jz2rp,4,2
1782470704,gsm-46,osmo-mobile-6ccd8c4658-4ttj8,21,36
1782470704,gsm-46,osmo-stp-768687f494-z9p8q,5,2
1782470704,gsm-46,virtphy-5cf87d48b9-mvl8m,10,1
1782470706,gsm-46,osmo-bsc-594654bd47-rpdmb,7,5
1782470706,gsm-46,osmo-bts-virtual-5f8b9b86fc-5j5zz,13,5
1782470706,gsm-46,osmo-hlr-546bdb8988-tjzrn,4,2
1782470706,gsm-46,osmo-mgw-8c8fc67d6-jz2rp,4,2
1782470706,gsm-46,osmo-mobile-6ccd8c4658-4ttj8,21,36
1782470706,gsm-46,osmo-stp-768687f494-z9p8q,5,2
1782470706,gsm-46,virtphy-5cf87d48b9-mvl8m,10,1
1782470708,gsm-46,osmo-bsc-594654bd47-rpdmb,7,5
1782470708,gsm-46,osmo-bts-virtual-5f8b9b86fc-5j5zz,13,5
1782470708,gsm-46,osmo-hlr-546bdb8988-tjzrn,4,2
1782470708,gsm-46,osmo-mgw-8c8fc67d6-jz2rp,4,2
1782470708,gsm-46,osmo-mobile-6ccd8c4658-4ttj8,21,36
1782470708,gsm-46,osmo-stp-768687f494-z9p8q,5,2
1782470708,gsm-46,virtphy-5cf87d48b9-mvl8m,10,1
1782470710,gsm-46,osmo-bsc-594654bd47-rpdmb,7,5
1782470710,gsm-46,osmo-bts-virtual-5f8b9b86fc-5j5zz,13,5
1782470710,gsm-46,osmo-hlr-546bdb8988-tjzrn,4,2
1782470710,gsm-46,osmo-mgw-8c8fc67d6-jz2rp,4,2
1782470710,gsm-46,osmo-mobile-6ccd8c4658-4ttj8,21,36
1782470710,gsm-46,osmo-stp-768687f494-z9p8q,5,2
1782470710,gsm-46,virtphy-5cf87d48b9-mvl8m,10,1
1782470713,gsm-46,msc-test-stub-5b875d749d-qwgsn,12,16
1782470713,gsm-46,osmo-bsc-594654bd47-rpdmb,1,5
1782470713,gsm-46,osmo-bts-virtual-5f8b9b86fc-5j5zz,30,5
1782470713,gsm-46,osmo-hlr-546bdb8988-tjzrn,1,2
1782470713,gsm-46,osmo-mgw-8c8fc67d6-jz2rp,4,2
1782470713,gsm-46,osmo-mobile-6ccd8c4658-4ttj8,3,36
1782470713,gsm-46,osmo-stp-768687f494-z9p8q,1,2
1782470713,gsm-46,virtphy-5cf87d48b9-mvl8m,7,1
1782470716,gsm-46,msc-test-stub-5b875d749d-qwgsn,12,16
1782470716,gsm-46,osmo-bsc-594654bd47-rpdmb,1,5
1782470716,gsm-46,osmo-bts-virtual-5f8b9b86fc-5j5zz,30,5
1782470716,gsm-46,osmo-hlr-546bdb8988-tjzrn,1,2
1782470716,gsm-46,osmo-mgw-8c8fc67d6-jz2rp,4,2
1782470716,gsm-46,osmo-mobile-6ccd8c4658-4ttj8,3,36
1782470716,gsm-46,osmo-stp-768687f494-z9p8q,1,2
1782470716,gsm-46,virtphy-5cf87d48b9-mvl8m,7,1
1782470718,gsm-46,msc-test-stub-5b875d749d-qwgsn,12,16
1782470718,gsm-46,osmo-bsc-594654bd47-rpdmb,1,5
1782470718,gsm-46,osmo-bts-virtual-5f8b9b86fc-5j5zz,30,5
1782470718,gsm-46,osmo-hlr-546bdb8988-tjzrn,1,2
1782470718,gsm-46,osmo-mgw-8c8fc67d6-jz2rp,4,2
1782470718,gsm-46,osmo-mobile-6ccd8c4658-4ttj8,3,36
1782470718,gsm-46,osmo-stp-768687f494-z9p8q,1,2
1782470718,gsm-46,virtphy-5cf87d48b9-mvl8m,7,1
1782470721,gsm-46,msc-test-stub-5b875d749d-qwgsn,12,16
1782470721,gsm-46,osmo-bsc-594654bd47-rpdmb,1,5
1782470721,gsm-46,osmo-bts-virtual-5f8b9b86fc-5j5zz,30,5
1782470721,gsm-46,osmo-hlr-546bdb8988-tjzrn,1,2
1782470721,gsm-46,osmo-mgw-8c8fc67d6-jz2rp,4,2
1782470721,gsm-46,osmo-mobile-6ccd8c4658-4ttj8,3,36
1782470721,gsm-46,osmo-stp-768687f494-z9p8q,1,2
1782470721,gsm-46,virtphy-5cf87d48b9-mvl8m,7,1
1782470724,gsm-46,msc-test-stub-5b875d749d-qwgsn,12,16
1782470724,gsm-46,osmo-bsc-594654bd47-rpdmb,1,5
1782470724,gsm-46,osmo-bts-virtual-5f8b9b86fc-5j5zz,30,5
1782470724,gsm-46,osmo-hlr-546bdb8988-tjzrn,1,2
1782470724,gsm-46,osmo-mgw-8c8fc67d6-jz2rp,4,2
1782470724,gsm-46,osmo-mobile-6ccd8c4658-4ttj8,3,36
1782470724,gsm-46,osmo-stp-768687f494-z9p8q,1,2
1782470724,gsm-46,virtphy-5cf87d48b9-mvl8m,7,1
1782470727,gsm-46,msc-test-stub-5b875d749d-qwgsn,12,16
1782470727,gsm-46,osmo-bsc-594654bd47-rpdmb,1,5
1782470727,gsm-46,osmo-bts-virtual-5f8b9b86fc-5j5zz,30,5
1782470727,gsm-46,osmo-hlr-546bdb8988-tjzrn,1,2
1782470727,gsm-46,osmo-mgw-8c8fc67d6-jz2rp,4,2
1782470727,gsm-46,osmo-mobile-6ccd8c4658-4ttj8,3,36
1782470727,gsm-46,osmo-stp-768687f494-z9p8q,1,2
1782470727,gsm-46,virtphy-5cf87d48b9-mvl8m,7,1
1782470729,gsm-46,msc-test-stub-5b875d749d-qwgsn,1,16
1782470729,gsm-46,osmo-bsc-594654bd47-rpdmb,1,5
1782470729,gsm-46,osmo-bts-virtual-5f8b9b86fc-5j5zz,30,5
1782470729,gsm-46,osmo-hlr-546bdb8988-tjzrn,1,2
1782470729,gsm-46,osmo-mgw-8c8fc67d6-jz2rp,1,2
1782470729,gsm-46,osmo-mobile-6ccd8c4658-4ttj8,3,36
1782470729,gsm-46,osmo-stp-768687f494-z9p8q,1,2
1782470729,gsm-46,virtphy-5cf87d48b9-mvl8m,7,1
1782470732,gsm-46,msc-test-stub-5b875d749d-qwgsn,1,16
1782470732,gsm-46,osmo-bsc-594654bd47-rpdmb,1,5
1782470732,gsm-46,osmo-bts-virtual-5f8b9b86fc-5j5zz,30,5
1782470732,gsm-46,osmo-hlr-546bdb8988-tjzrn,1,2
1782470732,gsm-46,osmo-mgw-8c8fc67d6-jz2rp,1,2
1782470732,gsm-46,osmo-mobile-6ccd8c4658-4ttj8,3,36
1782470732,gsm-46,osmo-stp-768687f494-z9p8q,1,2
1782470732,gsm-46,virtphy-5cf87d48b9-mvl8m,7,1
1782470735,gsm-46,msc-test-stub-5b875d749d-qwgsn,1,16
1782470735,gsm-46,osmo-bsc-594654bd47-rpdmb,1,5
1782470735,gsm-46,osmo-bts-virtual-5f8b9b86fc-5j5zz,30,5
1782470735,gsm-46,osmo-hlr-546bdb8988-tjzrn,1,2
1782470735,gsm-46,osmo-mgw-8c8fc67d6-jz2rp,1,2
1782470735,gsm-46,osmo-mobile-6ccd8c4658-4ttj8,3,36
1782470735,gsm-46,osmo-stp-768687f494-z9p8q,1,2
1782470735,gsm-46,virtphy-5cf87d48b9-mvl8m,7,1
1782470738,gsm-46,msc-test-stub-5b875d749d-qwgsn,1,16
1782470738,gsm-46,osmo-bsc-594654bd47-rpdmb,1,5
1782470738,gsm-46,osmo-bts-virtual-5f8b9b86fc-5j5zz,30,5
1782470738,gsm-46,osmo-hlr-546bdb8988-tjzrn,1,2
1782470738,gsm-46,osmo-mgw-8c8fc67d6-jz2rp,1,2
1782470738,gsm-46,osmo-mobile-6ccd8c4658-4ttj8,3,36
1782470738,gsm-46,osmo-stp-768687f494-z9p8q,1,2
1782470738,gsm-46,virtphy-5cf87d48b9-mvl8m,7,1
1782470740,gsm-46,msc-test-stub-5b875d749d-qwgsn,1,16
1782470740,gsm-46,osmo-bsc-594654bd47-rpdmb,1,5
1782470740,gsm-46,osmo-bts-virtual-5f8b9b86fc-5j5zz,30,5
1782470740,gsm-46,osmo-hlr-546bdb8988-tjzrn,1,2
1782470740,gsm-46,osmo-mgw-8c8fc67d6-jz2rp,1,2
1782470740,gsm-46,osmo-mobile-6ccd8c4658-4ttj8,3,36
1782470740,gsm-46,osmo-stp-768687f494-z9p8q,1,2
1782470740,gsm-46,virtphy-5cf87d48b9-mvl8m,7,1
1782470743,gsm-46,msc-test-stub-5b875d749d-qwgsn,3,16
1782470743,gsm-46,osmo-bsc-594654bd47-rpdmb,1,5
1782470743,gsm-46,osmo-bts-virtual-5f8b9b86fc-5j5zz,26,5
1782470743,gsm-46,osmo-hlr-546bdb8988-tjzrn,1,2
1782470743,gsm-46,osmo-mgw-8c8fc67d6-jz2rp,1,2
1782470743,gsm-46,osmo-mobile-6ccd8c4658-4ttj8,3,36
1782470743,gsm-46,osmo-stp-768687f494-z9p8q,1,2
1782470743,gsm-46,ttcn3-tc-26-7-4-5-1-1-xp5mk,11,6
1782470743,gsm-46,virtphy-5cf87d48b9-mvl8m,7,1
1782470749,gsm-46,msc-test-stub-5b875d749d-qwgsn,3,16
1782470749,gsm-46,osmo-bsc-594654bd47-rpdmb,1,5
1782470749,gsm-46,osmo-bts-virtual-5f8b9b86fc-5j5zz,26,5
1782470749,gsm-46,osmo-hlr-546bdb8988-tjzrn,1,2
1782470749,gsm-46,osmo-mgw-8c8fc67d6-jz2rp,1,2
1782470749,gsm-46,osmo-mobile-6ccd8c4658-4ttj8,3,36
1782470749,gsm-46,osmo-stp-768687f494-z9p8q,1,2
1782470749,gsm-46,ttcn3-tc-26-7-4-5-1-1-xp5mk,11,6
1782470749,gsm-46,virtphy-5cf87d48b9-mvl8m,7,1
1782470753,gsm-46,msc-test-stub-5b875d749d-qwgsn,3,16
1782470753,gsm-46,osmo-bsc-594654bd47-rpdmb,1,5
1782470753,gsm-46,osmo-bts-virtual-5f8b9b86fc-5j5zz,26,5
1782470753,gsm-46,osmo-hlr-546bdb8988-tjzrn,1,2
1782470753,gsm-46,osmo-mgw-8c8fc67d6-jz2rp,1,2
1782470753,gsm-46,osmo-mobile-6ccd8c4658-4ttj8,3,36
1782470753,gsm-46,osmo-stp-768687f494-z9p8q,1,2
1782470753,gsm-46,ttcn3-tc-26-7-4-5-1-1-xp5mk,11,6
1782470753,gsm-46,virtphy-5cf87d48b9-mvl8m,7,1
1782470755,gsm-46,msc-test-stub-5b875d749d-qwgsn,3,16
1782470755,gsm-46,osmo-bsc-594654bd47-rpdmb,1,5
1782470755,gsm-46,osmo-bts-virtual-5f8b9b86fc-5j5zz,26,5
1782470755,gsm-46,osmo-hlr-546bdb8988-tjzrn,1,2
1782470755,gsm-46,osmo-mgw-8c8fc67d6-jz2rp,1,2
1782470755,gsm-46,osmo-mobile-6ccd8c4658-4ttj8,3,36
1782470755,gsm-46,osmo-stp-768687f494-z9p8q,1,2
1782470755,gsm-46,ttcn3-tc-26-7-4-5-1-1-xp5mk,11,6
1782470755,gsm-46,virtphy-5cf87d48b9-mvl8m,7,1
1782470758,gsm-46,msc-test-stub-5b875d749d-qwgsn,1,16
1782470758,gsm-46,osmo-bsc-594654bd47-rpdmb,1,5
1782470758,gsm-46,osmo-bts-virtual-5f8b9b86fc-5j5zz,25,5
1782470758,gsm-46,osmo-hlr-546bdb8988-tjzrn,1,2
1782470758,gsm-46,osmo-mgw-8c8fc67d6-jz2rp,1,2
1782470758,gsm-46,osmo-mobile-6ccd8c4658-4ttj8,3,36
1782470758,gsm-46,osmo-stp-768687f494-z9p8q,1,2
1782470758,gsm-46,ttcn3-tc-26-7-4-5-1-1-xp5mk,1,6
1782470758,gsm-46,virtphy-5cf87d48b9-mvl8m,7,1
1782470761,gsm-46,msc-test-stub-5b875d749d-qwgsn,1,16
1782470761,gsm-46,osmo-bsc-594654bd47-rpdmb,1,5
1782470761,gsm-46,osmo-bts-virtual-5f8b9b86fc-5j5zz,25,5
1782470761,gsm-46,osmo-hlr-546bdb8988-tjzrn,1,2
1782470761,gsm-46,osmo-mgw-8c8fc67d6-jz2rp,1,2
1782470761,gsm-46,osmo-mobile-6ccd8c4658-4ttj8,3,36
1782470761,gsm-46,osmo-stp-768687f494-z9p8q,1,2
1782470761,gsm-46,ttcn3-tc-26-7-4-5-1-1-xp5mk,1,6
1782470761,gsm-46,virtphy-5cf87d48b9-mvl8m,7,1
1782470763,gsm-46,msc-test-stub-5b875d749d-qwgsn,1,16
1782470763,gsm-46,osmo-bsc-594654bd47-rpdmb,1,5
1782470763,gsm-46,osmo-bts-virtual-5f8b9b86fc-5j5zz,25,5
1782470763,gsm-46,osmo-hlr-546bdb8988-tjzrn,1,2
1782470763,gsm-46,osmo-mgw-8c8fc67d6-jz2rp,1,2
1782470763,gsm-46,osmo-mobile-6ccd8c4658-4ttj8,3,36
1782470763,gsm-46,osmo-stp-768687f494-z9p8q,1,2
1782470763,gsm-46,ttcn3-tc-26-7-4-5-1-1-xp5mk,1,6
1782470763,gsm-46,virtphy-5cf87d48b9-mvl8m,7,1
1782470765,gsm-46,msc-test-stub-5b875d749d-qwgsn,1,16
1782470765,gsm-46,osmo-bsc-594654bd47-rpdmb,1,5
1782470765,gsm-46,osmo-bts-virtual-5f8b9b86fc-5j5zz,25,5
1782470765,gsm-46,osmo-hlr-546bdb8988-tjzrn,1,2
1782470765,gsm-46,osmo-mgw-8c8fc67d6-jz2rp,1,2
1782470765,gsm-46,osmo-mobile-6ccd8c4658-4ttj8,3,36
1782470765,gsm-46,osmo-stp-768687f494-z9p8q,1,2
1782470765,gsm-46,ttcn3-tc-26-7-4-5-1-1-xp5mk,1,6
1782470765,gsm-46,virtphy-5cf87d48b9-mvl8m,7,1
1782470768,gsm-46,msc-test-stub-5b875d749d-qwgsn,1,16
1782470768,gsm-46,osmo-bsc-594654bd47-rpdmb,1,5
1782470768,gsm-46,osmo-bts-virtual-5f8b9b86fc-5j5zz,25,5
1782470768,gsm-46,osmo-hlr-546bdb8988-tjzrn,1,2
1782470768,gsm-46,osmo-mgw-8c8fc67d6-jz2rp,1,2
1782470768,gsm-46,osmo-mobile-6ccd8c4658-4ttj8,3,36
1782470768,gsm-46,osmo-stp-768687f494-z9p8q,1,2
1782470768,gsm-46,ttcn3-tc-26-7-4-5-1-1-xp5mk,1,6
1782470768,gsm-46,virtphy-5cf87d48b9-mvl8m,7,1
1782470770,gsm-46,msc-test-stub-5b875d749d-qwgsn,1,16
1782470770,gsm-46,osmo-bsc-594654bd47-rpdmb,1,5
1782470770,gsm-46,osmo-bts-virtual-5f8b9b86fc-5j5zz,25,5
1782470770,gsm-46,osmo-hlr-546bdb8988-tjzrn,1,2
1782470770,gsm-46,osmo-mgw-8c8fc67d6-jz2rp,1,2
1782470770,gsm-46,osmo-mobile-6ccd8c4658-4ttj8,3,36
1782470770,gsm-46,osmo-stp-768687f494-z9p8q,1,2
1782470770,gsm-46,ttcn3-tc-26-7-4-5-1-1-xp5mk,1,6
1782470770,gsm-46,virtphy-5cf87d48b9-mvl8m,7,1
1782470773,gsm-46,msc-test-stub-5b875d749d-qwgsn,1,16
1782470773,gsm-46,osmo-bsc-594654bd47-rpdmb,1,5
1782470773,gsm-46,osmo-bts-virtual-5f8b9b86fc-5j5zz,24,5
1782470773,gsm-46,osmo-hlr-546bdb8988-tjzrn,1,2
1782470773,gsm-46,osmo-mgw-8c8fc67d6-jz2rp,1,2
1782470773,gsm-46,osmo-mobile-6ccd8c4658-4ttj8,2,36
1782470773,gsm-46,osmo-stp-768687f494-z9p8q,1,2
1782470773,gsm-46,ttcn3-tc-26-7-4-5-1-1-xp5mk,1,6
1782470773,gsm-46,virtphy-5cf87d48b9-mvl8m,7,1
1782470777,gsm-46,msc-test-stub-5b875d749d-qwgsn,1,16
1782470777,gsm-46,osmo-bsc-594654bd47-rpdmb,1,5
1782470777,gsm-46,osmo-bts-virtual-5f8b9b86fc-5j5zz,24,5
1782470777,gsm-46,osmo-hlr-546bdb8988-tjzrn,1,2
1782470777,gsm-46,osmo-mgw-8c8fc67d6-jz2rp,1,2
1782470777,gsm-46,osmo-mobile-6ccd8c4658-4ttj8,2,36
1782470777,gsm-46,osmo-stp-768687f494-z9p8q,1,2
1782470777,gsm-46,ttcn3-tc-26-7-4-5-1-1-xp5mk,1,6
1782470777,gsm-46,virtphy-5cf87d48b9-mvl8m,7,1
1782470779,gsm-46,msc-test-stub-5b875d749d-qwgsn,1,16
1782470779,gsm-46,osmo-bsc-594654bd47-rpdmb,1,5
1782470779,gsm-46,osmo-bts-virtual-5f8b9b86fc-5j5zz,24,5
1782470779,gsm-46,osmo-hlr-546bdb8988-tjzrn,1,2
1782470779,gsm-46,osmo-mgw-8c8fc67d6-jz2rp,1,2
1782470779,gsm-46,osmo-mobile-6ccd8c4658-4ttj8,2,36
1782470779,gsm-46,osmo-stp-768687f494-z9p8q,1,2
1782470779,gsm-46,ttcn3-tc-26-7-4-5-1-1-xp5mk,1,6
1782470779,gsm-46,virtphy-5cf87d48b9-mvl8m,7,1
1782470781,gsm-46,msc-test-stub-5b875d749d-qwgsn,1,16
1782470781,gsm-46,osmo-bsc-594654bd47-rpdmb,1,5
1782470781,gsm-46,osmo-bts-virtual-5f8b9b86fc-5j5zz,24,5
1782470781,gsm-46,osmo-hlr-546bdb8988-tjzrn,1,2
1782470781,gsm-46,osmo-mgw-8c8fc67d6-jz2rp,1,2
1782470781,gsm-46,osmo-mobile-6ccd8c4658-4ttj8,2,36
1782470781,gsm-46,osmo-stp-768687f494-z9p8q,1,2
1782470781,gsm-46,ttcn3-tc-26-7-4-5-1-1-xp5mk,1,6
1782470781,gsm-46,virtphy-5cf87d48b9-mvl8m,7,1
1782470784,gsm-46,msc-test-stub-5b875d749d-qwgsn,1,16
1782470784,gsm-46,osmo-bsc-594654bd47-rpdmb,1,5
1782470784,gsm-46,osmo-bts-virtual-5f8b9b86fc-5j5zz,24,5
1782470784,gsm-46,osmo-hlr-546bdb8988-tjzrn,1,2
1782470784,gsm-46,osmo-mgw-8c8fc67d6-jz2rp,1,2
1782470784,gsm-46,osmo-mobile-6ccd8c4658-4ttj8,2,36
1782470784,gsm-46,osmo-stp-768687f494-z9p8q,1,2
1782470784,gsm-46,ttcn3-tc-26-7-4-5-1-1-xp5mk,1,6
1782470784,gsm-46,virtphy-5cf87d48b9-mvl8m,7,1
1782470787,gsm-46,msc-test-stub-5b875d749d-qwgsn,1,16
1782470787,gsm-46,osmo-bsc-594654bd47-rpdmb,1,5
1782470787,gsm-46,osmo-bts-virtual-5f8b9b86fc-5j5zz,23,5
1782470787,gsm-46,osmo-hlr-546bdb8988-tjzrn,1,2
1782470787,gsm-46,osmo-mgw-8c8fc67d6-jz2rp,1,2
1782470787,gsm-46,osmo-mobile-6ccd8c4658-4ttj8,3,36
1782470787,gsm-46,osmo-stp-768687f494-z9p8q,1,2
1782470787,gsm-46,ttcn3-tc-26-7-4-5-1-1-xp5mk,1,6
1782470787,gsm-46,virtphy-5cf87d48b9-mvl8m,7,1
1782470791,gsm-46,msc-test-stub-5b875d749d-qwgsn,1,16
1782470791,gsm-46,osmo-bsc-594654bd47-rpdmb,1,5
1782470791,gsm-46,osmo-bts-virtual-5f8b9b86fc-5j5zz,23,5
1782470791,gsm-46,osmo-hlr-546bdb8988-tjzrn,1,2
1782470791,gsm-46,osmo-mgw-8c8fc67d6-jz2rp,1,2
1782470791,gsm-46,osmo-mobile-6ccd8c4658-4ttj8,3,36
1782470791,gsm-46,osmo-stp-768687f494-z9p8q,1,2
1782470791,gsm-46,ttcn3-tc-26-7-4-5-1-1-xp5mk,1,6
1782470791,gsm-46,virtphy-5cf87d48b9-mvl8m,7,1
1782470794,gsm-46,msc-test-stub-5b875d749d-qwgsn,1,16
1782470794,gsm-46,osmo-bsc-594654bd47-rpdmb,1,5
1782470794,gsm-46,osmo-bts-virtual-5f8b9b86fc-5j5zz,23,5
1782470794,gsm-46,osmo-hlr-546bdb8988-tjzrn,1,2
1782470794,gsm-46,osmo-mgw-8c8fc67d6-jz2rp,1,2
1782470794,gsm-46,osmo-mobile-6ccd8c4658-4ttj8,3,36
1782470794,gsm-46,osmo-stp-768687f494-z9p8q,1,2
1782470794,gsm-46,ttcn3-tc-26-7-4-5-1-1-xp5mk,1,6
1782470794,gsm-46,virtphy-5cf87d48b9-mvl8m,7,1
1782470800,gsm-46,msc-test-stub-5b875d749d-qwgsn,1,16
1782470800,gsm-46,osmo-bsc-594654bd47-rpdmb,1,5
1782470800,gsm-46,osmo-bts-virtual-5f8b9b86fc-5j5zz,23,5
1782470800,gsm-46,osmo-hlr-546bdb8988-tjzrn,1,2
1782470800,gsm-46,osmo-mgw-8c8fc67d6-jz2rp,1,2
1782470800,gsm-46,osmo-mobile-6ccd8c4658-4ttj8,3,36
1782470800,gsm-46,osmo-stp-768687f494-z9p8q,1,2
1782470800,gsm-46,ttcn3-tc-26-7-4-5-1-1-xp5mk,1,6
1782470800,gsm-46,virtphy-5cf87d48b9-mvl8m,7,1
1782470803,gsm-46,msc-test-stub-5b875d749d-qwgsn,1,16
1782470803,gsm-46,osmo-bsc-594654bd47-rpdmb,1,5
1782470803,gsm-46,osmo-bts-virtual-5f8b9b86fc-5j5zz,24,8
1782470803,gsm-46,osmo-hlr-546bdb8988-tjzrn,1,2
1782470803,gsm-46,osmo-mgw-8c8fc67d6-jz2rp,1,2
1782470803,gsm-46,osmo-mobile-6ccd8c4658-4ttj8,3,36
1782470803,gsm-46,osmo-stp-768687f494-z9p8q,1,2
1782470803,gsm-46,ttcn3-tc-26-7-4-5-1-1-xp5mk,1,6
1782470803,gsm-46,virtphy-5cf87d48b9-mvl8m,7,1
1782470806,gsm-46,msc-test-stub-5b875d749d-qwgsn,1,16
1782470806,gsm-46,osmo-bsc-594654bd47-rpdmb,1,5
1782470806,gsm-46,osmo-bts-virtual-5f8b9b86fc-5j5zz,24,8
1782470806,gsm-46,osmo-hlr-546bdb8988-tjzrn,1,2
1782470806,gsm-46,osmo-mgw-8c8fc67d6-jz2rp,1,2
1782470806,gsm-46,osmo-mobile-6ccd8c4658-4ttj8,3,36
1782470806,gsm-46,osmo-stp-768687f494-z9p8q,1,2
1782470806,gsm-46,ttcn3-tc-26-7-4-5-1-1-xp5mk,1,6
1782470806,gsm-46,virtphy-5cf87d48b9-mvl8m,7,1
1782470808,gsm-46,msc-test-stub-5b875d749d-qwgsn,1,16
1782470808,gsm-46,osmo-bsc-594654bd47-rpdmb,1,5
1782470808,gsm-46,osmo-bts-virtual-5f8b9b86fc-5j5zz,24,8
1782470808,gsm-46,osmo-hlr-546bdb8988-tjzrn,1,2
1782470808,gsm-46,osmo-mgw-8c8fc67d6-jz2rp,1,2
1782470808,gsm-46,osmo-mobile-6ccd8c4658-4ttj8,3,36
1782470808,gsm-46,osmo-stp-768687f494-z9p8q,1,2
1782470808,gsm-46,ttcn3-tc-26-7-4-5-1-1-xp5mk,1,6
1782470808,gsm-46,virtphy-5cf87d48b9-mvl8m,7,1
1782470811,gsm-46,msc-test-stub-5b875d749d-qwgsn,1,16
1782470811,gsm-46,osmo-bsc-594654bd47-rpdmb,1,5
1782470811,gsm-46,osmo-bts-virtual-5f8b9b86fc-5j5zz,24,8
1782470811,gsm-46,osmo-hlr-546bdb8988-tjzrn,1,2
1782470811,gsm-46,osmo-mgw-8c8fc67d6-jz2rp,1,2
1782470811,gsm-46,osmo-mobile-6ccd8c4658-4ttj8,3,36
1782470811,gsm-46,osmo-stp-768687f494-z9p8q,1,2
1782470811,gsm-46,ttcn3-tc-26-7-4-5-1-1-xp5mk,1,6
1782470811,gsm-46,virtphy-5cf87d48b9-mvl8m,7,1
1782470815,gsm-46,msc-test-stub-5b875d749d-qwgsn,1,16
1782470815,gsm-46,osmo-bsc-594654bd47-rpdmb,1,5
1782470815,gsm-46,osmo-bts-virtual-5f8b9b86fc-5j5zz,24,8
1782470815,gsm-46,osmo-hlr-546bdb8988-tjzrn,1,2
1782470815,gsm-46,osmo-mgw-8c8fc67d6-jz2rp,1,2
1782470815,gsm-46,osmo-mobile-6ccd8c4658-4ttj8,3,36
1782470815,gsm-46,osmo-stp-768687f494-z9p8q,1,2
1782470815,gsm-46,ttcn3-tc-26-7-4-5-1-1-xp5mk,1,6
1782470815,gsm-46,virtphy-5cf87d48b9-mvl8m,7,1
1782470818,gsm-46,msc-test-stub-5b875d749d-qwgsn,1,16
1782470818,gsm-46,osmo-bsc-594654bd47-rpdmb,1,5
1782470818,gsm-46,osmo-bts-virtual-5f8b9b86fc-5j5zz,24,5
1782470818,gsm-46,osmo-hlr-546bdb8988-tjzrn,1,2
1782470818,gsm-46,osmo-mgw-8c8fc67d6-jz2rp,1,2
1782470818,gsm-46,osmo-mobile-6ccd8c4658-4ttj8,3,36
1782470818,gsm-46,osmo-stp-768687f494-z9p8q,1,2
1782470818,gsm-46,ttcn3-tc-26-7-4-5-1-1-xp5mk,1,6
1782470818,gsm-46,virtphy-5cf87d48b9-mvl8m,6,1
1782470821,gsm-46,msc-test-stub-5b875d749d-qwgsn,1,16
1782470821,gsm-46,osmo-bsc-594654bd47-rpdmb,1,5
1782470821,gsm-46,osmo-bts-virtual-5f8b9b86fc-5j5zz,24,5
1782470821,gsm-46,osmo-hlr-546bdb8988-tjzrn,1,2
1782470821,gsm-46,osmo-mgw-8c8fc67d6-jz2rp,1,2
1782470821,gsm-46,osmo-mobile-6ccd8c4658-4ttj8,3,36
1782470821,gsm-46,osmo-stp-768687f494-z9p8q,1,2
1782470821,gsm-46,ttcn3-tc-26-7-4-5-1-1-xp5mk,1,6
1782470821,gsm-46,virtphy-5cf87d48b9-mvl8m,6,1
1782470823,gsm-46,msc-test-stub-5b875d749d-qwgsn,1,16
1782470823,gsm-46,osmo-bsc-594654bd47-rpdmb,1,5
1782470823,gsm-46,osmo-bts-virtual-5f8b9b86fc-5j5zz,24,5
1782470823,gsm-46,osmo-hlr-546bdb8988-tjzrn,1,2
1782470823,gsm-46,osmo-mgw-8c8fc67d6-jz2rp,1,2
1782470823,gsm-46,osmo-mobile-6ccd8c4658-4ttj8,3,36
1782470823,gsm-46,osmo-stp-768687f494-z9p8q,1,2
1782470823,gsm-46,ttcn3-tc-26-7-4-5-1-1-xp5mk,1,6
1782470823,gsm-46,virtphy-5cf87d48b9-mvl8m,6,1
1782470828,gsm-46,msc-test-stub-5b875d749d-qwgsn,1,16
1782470828,gsm-46,osmo-bsc-594654bd47-rpdmb,1,5
1782470828,gsm-46,osmo-bts-virtual-5f8b9b86fc-5j5zz,24,5
1782470828,gsm-46,osmo-hlr-546bdb8988-tjzrn,1,2
1782470828,gsm-46,osmo-mgw-8c8fc67d6-jz2rp,1,2
1782470828,gsm-46,osmo-mobile-6ccd8c4658-4ttj8,3,36
1782470828,gsm-46,osmo-stp-768687f494-z9p8q,1,2
1782470828,gsm-46,ttcn3-tc-26-7-4-5-1-1-xp5mk,1,6
1782470828,gsm-46,virtphy-5cf87d48b9-mvl8m,6,1
1782470832,gsm-46,msc-test-stub-5b875d749d-qwgsn,1,16
1782470832,gsm-46,osmo-bsc-594654bd47-rpdmb,1,5
1782470832,gsm-46,osmo-bts-virtual-5f8b9b86fc-5j5zz,24,5
1782470832,gsm-46,osmo-hlr-546bdb8988-tjzrn,1,2
1782470832,gsm-46,osmo-mgw-8c8fc67d6-jz2rp,1,2
1782470832,gsm-46,osmo-mobile-6ccd8c4658-4ttj8,3,36
1782470832,gsm-46,osmo-stp-768687f494-z9p8q,1,2
1782470832,gsm-46,ttcn3-tc-26-7-4-5-1-1-xp5mk,1,6
1782470832,gsm-46,virtphy-5cf87d48b9-mvl8m,6,1
1782470835,gsm-46,msc-test-stub-5b875d749d-qwgsn,1,16
1782470835,gsm-46,osmo-bsc-594654bd47-rpdmb,1,5
1782470835,gsm-46,osmo-bts-virtual-5f8b9b86fc-5j5zz,24,5
1782470835,gsm-46,osmo-hlr-546bdb8988-tjzrn,1,2
1782470835,gsm-46,osmo-mgw-8c8fc67d6-jz2rp,1,2
1782470835,gsm-46,osmo-mobile-6ccd8c4658-4ttj8,3,36
1782470835,gsm-46,osmo-stp-768687f494-z9p8q,1,2
1782470835,gsm-46,ttcn3-tc-26-7-4-5-1-1-xp5mk,1,6
1782470835,gsm-46,virtphy-5cf87d48b9-mvl8m,6,1
1782470838,gsm-46,msc-test-stub-5b875d749d-qwgsn,1,16
1782470838,gsm-46,osmo-bsc-594654bd47-rpdmb,1,5
1782470838,gsm-46,osmo-bts-virtual-5f8b9b86fc-5j5zz,24,5
1782470838,gsm-46,osmo-hlr-546bdb8988-tjzrn,1,2
1782470838,gsm-46,osmo-mgw-8c8fc67d6-jz2rp,1,2
1782470838,gsm-46,osmo-mobile-6ccd8c4658-4ttj8,3,36
1782470838,gsm-46,osmo-stp-768687f494-z9p8q,1,2
1782470838,gsm-46,ttcn3-tc-26-7-4-5-1-1-xp5mk,1,6
1782470838,gsm-46,virtphy-5cf87d48b9-mvl8m,6,1
1782470843,gsm-46,msc-test-stub-5b875d749d-qwgsn,1,16
1782470843,gsm-46,osmo-bsc-594654bd47-rpdmb,1,5
1782470843,gsm-46,osmo-bts-virtual-5f8b9b86fc-5j5zz,24,5
1782470843,gsm-46,osmo-hlr-546bdb8988-tjzrn,1,2
1782470843,gsm-46,osmo-mgw-8c8fc67d6-jz2rp,1,2
1782470843,gsm-46,osmo-mobile-6ccd8c4658-4ttj8,3,36
1782470843,gsm-46,osmo-stp-768687f494-z9p8q,1,2
1782470843,gsm-46,ttcn3-tc-26-7-4-5-1-1-xp5mk,1,6
1782470843,gsm-46,virtphy-5cf87d48b9-mvl8m,6,1
1782470846,gsm-46,msc-test-stub-5b875d749d-qwgsn,1,16
1782470846,gsm-46,osmo-bsc-594654bd47-rpdmb,1,5
1782470846,gsm-46,osmo-bts-virtual-5f8b9b86fc-5j5zz,24,5
1782470846,gsm-46,osmo-hlr-546bdb8988-tjzrn,1,2
1782470846,gsm-46,osmo-mgw-8c8fc67d6-jz2rp,1,2
1782470846,gsm-46,osmo-mobile-6ccd8c4658-4ttj8,3,36
1782470846,gsm-46,osmo-stp-768687f494-z9p8q,1,2
1782470846,gsm-46,ttcn3-tc-26-7-4-5-1-1-xp5mk,1,6
1782470846,gsm-46,virtphy-5cf87d48b9-mvl8m,6,1
1782470848,gsm-46,msc-test-stub-5b875d749d-qwgsn,1,16
1782470848,gsm-46,osmo-bsc-594654bd47-rpdmb,1,5
1782470848,gsm-46,osmo-bts-virtual-5f8b9b86fc-5j5zz,24,5
1782470848,gsm-46,osmo-hlr-546bdb8988-tjzrn,1,2
1782470848,gsm-46,osmo-mgw-8c8fc67d6-jz2rp,1,2
1782470848,gsm-46,osmo-mobile-6ccd8c4658-4ttj8,3,36
1782470848,gsm-46,osmo-stp-768687f494-z9p8q,1,2
1782470848,gsm-46,ttcn3-tc-26-7-4-5-1-1-xp5mk,1,6
1782470848,gsm-46,virtphy-5cf87d48b9-mvl8m,6,1
1782470851,gsm-46,msc-test-stub-5b875d749d-qwgsn,1,16
1782470851,gsm-46,osmo-bsc-594654bd47-rpdmb,1,5
1782470851,gsm-46,osmo-bts-virtual-5f8b9b86fc-5j5zz,24,5
1782470851,gsm-46,osmo-hlr-546bdb8988-tjzrn,1,2
1782470851,gsm-46,osmo-mgw-8c8fc67d6-jz2rp,1,2
1782470851,gsm-46,osmo-mobile-6ccd8c4658-4ttj8,3,36
1782470851,gsm-46,osmo-stp-768687f494-z9p8q,1,2
1782470851,gsm-46,ttcn3-tc-26-7-4-5-1-1-xp5mk,1,6
1782470851,gsm-46,virtphy-5cf87d48b9-mvl8m,6,1
1782470855,gsm-46,msc-test-stub-5b875d749d-qwgsn,1,16
1782470855,gsm-46,osmo-bsc-594654bd47-rpdmb,1,5
1782470855,gsm-46,osmo-bts-virtual-5f8b9b86fc-5j5zz,24,5
1782470855,gsm-46,osmo-hlr-546bdb8988-tjzrn,1,2
1782470855,gsm-46,osmo-mgw-8c8fc67d6-jz2rp,1,2
1782470855,gsm-46,osmo-mobile-6ccd8c4658-4ttj8,3,36
1782470855,gsm-46,osmo-stp-768687f494-z9p8q,1,2
1782470855,gsm-46,ttcn3-tc-26-7-4-5-1-1-xp5mk,1,6
1782470855,gsm-46,virtphy-5cf87d48b9-mvl8m,6,1
1782470861,gsm-46,msc-test-stub-5b875d749d-qwgsn,1,16
1782470861,gsm-46,osmo-bsc-594654bd47-rpdmb,1,5
1782470861,gsm-46,osmo-bts-virtual-5f8b9b86fc-5j5zz,24,5
1782470861,gsm-46,osmo-hlr-546bdb8988-tjzrn,1,2
1782470861,gsm-46,osmo-mgw-8c8fc67d6-jz2rp,1,2
1782470861,gsm-46,osmo-mobile-6ccd8c4658-4ttj8,3,36
1782470861,gsm-46,osmo-stp-768687f494-z9p8q,1,2
1782470861,gsm-46,ttcn3-tc-26-7-4-5-1-1-xp5mk,1,6
1782470861,gsm-46,virtphy-5cf87d48b9-mvl8m,6,1
1782470864,gsm-46,msc-test-stub-5b875d749d-qwgsn,1,16
1782470864,gsm-46,osmo-bsc-594654bd47-rpdmb,1,5
1782470864,gsm-46,osmo-bts-virtual-5f8b9b86fc-5j5zz,23,5
1782470864,gsm-46,osmo-hlr-546bdb8988-tjzrn,1,2
1782470864,gsm-46,osmo-mgw-8c8fc67d6-jz2rp,1,2
1782470864,gsm-46,osmo-mobile-6ccd8c4658-4ttj8,2,36
1782470864,gsm-46,osmo-stp-768687f494-z9p8q,1,2
1782470864,gsm-46,ttcn3-tc-26-7-4-5-1-1-xp5mk,1,6
1782470864,gsm-46,virtphy-5cf87d48b9-mvl8m,7,1
1782470866,gsm-46,msc-test-stub-5b875d749d-qwgsn,1,16
1782470866,gsm-46,osmo-bsc-594654bd47-rpdmb,1,5
1782470866,gsm-46,osmo-bts-virtual-5f8b9b86fc-5j5zz,23,5
1782470866,gsm-46,osmo-hlr-546bdb8988-tjzrn,1,2
1782470866,gsm-46,osmo-mgw-8c8fc67d6-jz2rp,1,2
1782470866,gsm-46,osmo-mobile-6ccd8c4658-4ttj8,2,36
1782470866,gsm-46,osmo-stp-768687f494-z9p8q,1,2
1782470866,gsm-46,ttcn3-tc-26-7-4-5-1-1-xp5mk,1,6
1782470866,gsm-46,virtphy-5cf87d48b9-mvl8m,7,1
1782470870,gsm-46,msc-test-stub-5b875d749d-qwgsn,1,16
1782470870,gsm-46,osmo-bsc-594654bd47-rpdmb,1,5
1782470870,gsm-46,osmo-bts-virtual-5f8b9b86fc-5j5zz,23,5
1782470870,gsm-46,osmo-hlr-546bdb8988-tjzrn,1,2
1782470870,gsm-46,osmo-mgw-8c8fc67d6-jz2rp,1,2
1782470870,gsm-46,osmo-mobile-6ccd8c4658-4ttj8,2,36
1782470870,gsm-46,osmo-stp-768687f494-z9p8q,1,2
1782470870,gsm-46,ttcn3-tc-26-7-4-5-1-1-xp5mk,1,6
1782470870,gsm-46,virtphy-5cf87d48b9-mvl8m,7,1
1782470874,gsm-46,msc-test-stub-5b875d749d-qwgsn,1,16
1782470874,gsm-46,osmo-bsc-594654bd47-rpdmb,1,5
1782470874,gsm-46,osmo-bts-virtual-5f8b9b86fc-5j5zz,23,5
1782470874,gsm-46,osmo-hlr-546bdb8988-tjzrn,1,2
1782470874,gsm-46,osmo-mgw-8c8fc67d6-jz2rp,1,2
1782470874,gsm-46,osmo-mobile-6ccd8c4658-4ttj8,2,36
1782470874,gsm-46,osmo-stp-768687f494-z9p8q,1,2
1782470874,gsm-46,ttcn3-tc-26-7-4-5-1-1-xp5mk,1,6
1782470874,gsm-46,virtphy-5cf87d48b9-mvl8m,7,1
1782470887,gsm-46,msc-test-stub-5b875d749d-qwgsn,1,16
1782470887,gsm-46,osmo-bsc-594654bd47-rpdmb,1,5
1782470887,gsm-46,osmo-bts-virtual-5f8b9b86fc-5j5zz,23,5
1782470887,gsm-46,osmo-hlr-546bdb8988-tjzrn,1,2
1782470887,gsm-46,osmo-mgw-8c8fc67d6-jz2rp,1,2
1782470887,gsm-46,osmo-mobile-6ccd8c4658-4ttj8,3,36
1782470887,gsm-46,osmo-stp-768687f494-z9p8q,1,2
1782470887,gsm-46,ttcn3-tc-26-7-4-5-1-1-xp5mk,1,6
1782470887,gsm-46,virtphy-5cf87d48b9-mvl8m,7,1
1782470891,gsm-46,msc-test-stub-5b875d749d-qwgsn,1,16
1782470891,gsm-46,osmo-bsc-594654bd47-rpdmb,1,5
1782470891,gsm-46,osmo-bts-virtual-5f8b9b86fc-5j5zz,23,5
1782470891,gsm-46,osmo-hlr-546bdb8988-tjzrn,1,2
1782470891,gsm-46,osmo-mgw-8c8fc67d6-jz2rp,1,2
1782470891,gsm-46,osmo-mobile-6ccd8c4658-4ttj8,3,36
1782470891,gsm-46,osmo-stp-768687f494-z9p8q,1,2
1782470891,gsm-46,ttcn3-tc-26-7-4-5-1-1-xp5mk,1,6
1782470891,gsm-46,virtphy-5cf87d48b9-mvl8m,7,1
1782470893,gsm-46,msc-test-stub-5b875d749d-qwgsn,1,16
1782470893,gsm-46,osmo-bsc-594654bd47-rpdmb,1,5
1782470893,gsm-46,osmo-bts-virtual-5f8b9b86fc-5j5zz,23,5
1782470893,gsm-46,osmo-hlr-546bdb8988-tjzrn,1,2
1782470893,gsm-46,osmo-mgw-8c8fc67d6-jz2rp,1,2
1782470893,gsm-46,osmo-mobile-6ccd8c4658-4ttj8,3,36
1782470893,gsm-46,osmo-stp-768687f494-z9p8q,1,2
1782470893,gsm-46,ttcn3-tc-26-7-4-5-1-1-xp5mk,1,6
1782470893,gsm-46,virtphy-5cf87d48b9-mvl8m,7,1
1782470896,gsm-46,msc-test-stub-5b875d749d-qwgsn,1,16
1782470896,gsm-46,osmo-bsc-594654bd47-rpdmb,1,5
1782470896,gsm-46,osmo-bts-virtual-5f8b9b86fc-5j5zz,23,5
1782470896,gsm-46,osmo-hlr-546bdb8988-tjzrn,1,2
1782470896,gsm-46,osmo-mgw-8c8fc67d6-jz2rp,1,2
1782470896,gsm-46,osmo-mobile-6ccd8c4658-4ttj8,3,36
1782470896,gsm-46,osmo-stp-768687f494-z9p8q,1,2
1782470896,gsm-46,ttcn3-tc-26-7-4-5-1-1-xp5mk,1,6
1782470896,gsm-46,virtphy-5cf87d48b9-mvl8m,7,1
1782470899,gsm-46,msc-test-stub-5b875d749d-qwgsn,1,16
1782470899,gsm-46,osmo-bsc-594654bd47-rpdmb,1,5
1782470899,gsm-46,osmo-bts-virtual-5f8b9b86fc-5j5zz,23,5
1782470899,gsm-46,osmo-hlr-546bdb8988-tjzrn,1,2
1782470899,gsm-46,osmo-mgw-8c8fc67d6-jz2rp,1,2
1782470899,gsm-46,osmo-mobile-6ccd8c4658-4ttj8,3,36
1782470899,gsm-46,osmo-stp-768687f494-z9p8q,1,2
1782470899,gsm-46,ttcn3-tc-26-7-4-5-1-1-xp5mk,1,6
1782470899,gsm-46,virtphy-5cf87d48b9-mvl8m,7,1
1782470902,gsm-46,msc-test-stub-5b875d749d-qwgsn,1,16
1782470902,gsm-46,osmo-bsc-594654bd47-rpdmb,1,5
1782470902,gsm-46,osmo-bts-virtual-5f8b9b86fc-5j5zz,23,5
1782470902,gsm-46,osmo-hlr-546bdb8988-tjzrn,1,2
1782470902,gsm-46,osmo-mgw-8c8fc67d6-jz2rp,1,2
1782470902,gsm-46,osmo-mobile-6ccd8c4658-4ttj8,3,36
1782470902,gsm-46,osmo-stp-768687f494-z9p8q,1,2
1782470902,gsm-46,ttcn3-tc-26-7-4-5-1-1-xp5mk,1,6
1782470902,gsm-46,virtphy-5cf87d48b9-mvl8m,7,1
1782470908,gsm-46,msc-test-stub-5b875d749d-qwgsn,1,16
1782470908,gsm-46,osmo-bsc-594654bd47-rpdmb,1,5
1782470908,gsm-46,osmo-bts-virtual-5f8b9b86fc-5j5zz,22,5
1782470908,gsm-46,osmo-hlr-546bdb8988-tjzrn,1,2
1782470908,gsm-46,osmo-mgw-8c8fc67d6-jz2rp,1,2
1782470908,gsm-46,osmo-mobile-6ccd8c4658-4ttj8,3,36
1782470908,gsm-46,osmo-stp-768687f494-z9p8q,1,2
1782470908,gsm-46,ttcn3-tc-26-7-4-5-1-1-xp5mk,1,6
1782470908,gsm-46,virtphy-5cf87d48b9-mvl8m,6,1
1782470910,gsm-46,msc-test-stub-5b875d749d-qwgsn,1,16
1782470910,gsm-46,osmo-bsc-594654bd47-rpdmb,1,5
1782470910,gsm-46,osmo-bts-virtual-5f8b9b86fc-5j5zz,22,5
1782470910,gsm-46,osmo-hlr-546bdb8988-tjzrn,1,2
1782470910,gsm-46,osmo-mgw-8c8fc67d6-jz2rp,1,2
1782470910,gsm-46,osmo-mobile-6ccd8c4658-4ttj8,3,36
1782470910,gsm-46,osmo-stp-768687f494-z9p8q,1,2
1782470910,gsm-46,ttcn3-tc-26-7-4-5-1-1-xp5mk,1,6
1782470910,gsm-46,virtphy-5cf87d48b9-mvl8m,6,1
1782470913,gsm-46,msc-test-stub-5b875d749d-qwgsn,1,16
1782470913,gsm-46,osmo-bsc-594654bd47-rpdmb,1,5
1782470913,gsm-46,osmo-bts-virtual-5f8b9b86fc-5j5zz,22,5
1782470913,gsm-46,osmo-hlr-546bdb8988-tjzrn,1,2
1782470913,gsm-46,osmo-mgw-8c8fc67d6-jz2rp,1,2
1782470913,gsm-46,osmo-mobile-6ccd8c4658-4ttj8,3,36
1782470913,gsm-46,osmo-stp-768687f494-z9p8q,1,2
1782470913,gsm-46,ttcn3-tc-26-7-4-5-1-1-xp5mk,1,6
1782470913,gsm-46,virtphy-5cf87d48b9-mvl8m,6,1
1782470916,gsm-46,msc-test-stub-5b875d749d-qwgsn,1,16
1782470916,gsm-46,osmo-bsc-594654bd47-rpdmb,1,5
1782470916,gsm-46,osmo-bts-virtual-5f8b9b86fc-5j5zz,22,5
1782470916,gsm-46,osmo-hlr-546bdb8988-tjzrn,1,2
1782470916,gsm-46,osmo-mgw-8c8fc67d6-jz2rp,1,2
1782470916,gsm-46,osmo-mobile-6ccd8c4658-4ttj8,3,36
1782470916,gsm-46,osmo-stp-768687f494-z9p8q,1,2
1782470916,gsm-46,ttcn3-tc-26-7-4-5-1-1-xp5mk,1,6
1782470916,gsm-46,virtphy-5cf87d48b9-mvl8m,6,1
1782470919,gsm-46,msc-test-stub-5b875d749d-qwgsn,1,16
1782470919,gsm-46,osmo-bsc-594654bd47-rpdmb,1,5
1782470919,gsm-46,osmo-bts-virtual-5f8b9b86fc-5j5zz,22,5
1782470919,gsm-46,osmo-hlr-546bdb8988-tjzrn,1,2
1782470919,gsm-46,osmo-mgw-8c8fc67d6-jz2rp,1,2
1782470919,gsm-46,osmo-mobile-6ccd8c4658-4ttj8,3,36
1782470919,gsm-46,osmo-stp-768687f494-z9p8q,1,2
1782470919,gsm-46,ttcn3-tc-26-7-4-5-1-1-xp5mk,1,6
1782470919,gsm-46,virtphy-5cf87d48b9-mvl8m,6,1
1782470922,gsm-46,msc-test-stub-5b875d749d-qwgsn,1,16
1782470922,gsm-46,osmo-bsc-594654bd47-rpdmb,1,5
1782470922,gsm-46,osmo-bts-virtual-5f8b9b86fc-5j5zz,22,5
1782470922,gsm-46,osmo-hlr-546bdb8988-tjzrn,1,2
1782470922,gsm-46,osmo-mgw-8c8fc67d6-jz2rp,1,2
1782470922,gsm-46,osmo-mobile-6ccd8c4658-4ttj8,3,36
1782470922,gsm-46,osmo-stp-768687f494-z9p8q,1,2
1782470922,gsm-46,ttcn3-tc-26-7-4-5-1-1-xp5mk,1,6
1782470922,gsm-46,virtphy-5cf87d48b9-mvl8m,6,1
1782470926,gsm-46,msc-test-stub-5b875d749d-qwgsn,1,16
1782470926,gsm-46,osmo-bsc-594654bd47-rpdmb,1,5
1782470926,gsm-46,osmo-bts-virtual-5f8b9b86fc-5j5zz,24,5
1782470926,gsm-46,osmo-hlr-546bdb8988-tjzrn,1,2
1782470926,gsm-46,osmo-mgw-8c8fc67d6-jz2rp,1,2
1782470926,gsm-46,osmo-mobile-6ccd8c4658-4ttj8,3,36
1782470926,gsm-46,osmo-stp-768687f494-z9p8q,1,2
1782470926,gsm-46,ttcn3-tc-26-7-4-5-1-1-xp5mk,1,6
1782470926,gsm-46,virtphy-5cf87d48b9-mvl8m,7,1
1782470928,gsm-46,msc-test-stub-5b875d749d-qwgsn,1,16
1782470928,gsm-46,osmo-bsc-594654bd47-rpdmb,1,5
1782470928,gsm-46,osmo-bts-virtual-5f8b9b86fc-5j5zz,24,5
1782470928,gsm-46,osmo-hlr-546bdb8988-tjzrn,1,2
1782470928,gsm-46,osmo-mgw-8c8fc67d6-jz2rp,1,2
1782470928,gsm-46,osmo-mobile-6ccd8c4658-4ttj8,3,36
1782470928,gsm-46,osmo-stp-768687f494-z9p8q,1,2
1782470928,gsm-46,ttcn3-tc-26-7-4-5-1-1-xp5mk,1,6
1782470928,gsm-46,virtphy-5cf87d48b9-mvl8m,7,1
1782470931,gsm-46,msc-test-stub-5b875d749d-qwgsn,1,16
1782470931,gsm-46,osmo-bsc-594654bd47-rpdmb,1,5
1782470931,gsm-46,osmo-bts-virtual-5f8b9b86fc-5j5zz,24,5
1782470931,gsm-46,osmo-hlr-546bdb8988-tjzrn,1,2
1782470931,gsm-46,osmo-mgw-8c8fc67d6-jz2rp,1,2
1782470931,gsm-46,osmo-mobile-6ccd8c4658-4ttj8,3,36
1782470931,gsm-46,osmo-stp-768687f494-z9p8q,1,2
1782470931,gsm-46,ttcn3-tc-26-7-4-5-1-1-xp5mk,1,6
1782470931,gsm-46,virtphy-5cf87d48b9-mvl8m,7,1
1782470935,gsm-46,msc-test-stub-5b875d749d-qwgsn,1,16
1782470935,gsm-46,osmo-bsc-594654bd47-rpdmb,1,5
1782470935,gsm-46,osmo-bts-virtual-5f8b9b86fc-5j5zz,24,5
1782470935,gsm-46,osmo-hlr-546bdb8988-tjzrn,1,2
1782470935,gsm-46,osmo-mgw-8c8fc67d6-jz2rp,1,2
1782470935,gsm-46,osmo-mobile-6ccd8c4658-4ttj8,3,36
1782470935,gsm-46,osmo-stp-768687f494-z9p8q,1,2
1782470935,gsm-46,ttcn3-tc-26-7-4-5-1-1-xp5mk,1,6
1782470935,gsm-46,virtphy-5cf87d48b9-mvl8m,7,1
1782470940,gsm-46,msc-test-stub-5b875d749d-qwgsn,1,16
1782470940,gsm-46,osmo-bsc-594654bd47-rpdmb,1,5
1782470940,gsm-46,osmo-bts-virtual-5f8b9b86fc-5j5zz,22,5
1782470940,gsm-46,osmo-hlr-546bdb8988-tjzrn,1,2
1782470940,gsm-46,osmo-mgw-8c8fc67d6-jz2rp,1,2
1782470940,gsm-46,osmo-mobile-6ccd8c4658-4ttj8,3,36
1782470940,gsm-46,osmo-stp-768687f494-z9p8q,1,2
1782470940,gsm-46,ttcn3-tc-26-7-4-5-1-1-xp5mk,1,6
1782470940,gsm-46,virtphy-5cf87d48b9-mvl8m,7,1
1782470942,gsm-46,msc-test-stub-5b875d749d-qwgsn,1,16
1782470942,gsm-46,osmo-bsc-594654bd47-rpdmb,1,5
1782470942,gsm-46,osmo-bts-virtual-5f8b9b86fc-5j5zz,22,5
1782470942,gsm-46,osmo-hlr-546bdb8988-tjzrn,1,2
1782470942,gsm-46,osmo-mgw-8c8fc67d6-jz2rp,1,2
1782470942,gsm-46,osmo-mobile-6ccd8c4658-4ttj8,3,36
1782470942,gsm-46,osmo-stp-768687f494-z9p8q,1,2
1782470942,gsm-46,ttcn3-tc-26-7-4-5-1-1-xp5mk,1,6
1782470942,gsm-46,virtphy-5cf87d48b9-mvl8m,7,1
1782470945,gsm-46,msc-test-stub-5b875d749d-qwgsn,1,16
1782470945,gsm-46,osmo-bsc-594654bd47-rpdmb,1,5
1782470945,gsm-46,osmo-bts-virtual-5f8b9b86fc-5j5zz,22,5
1782470945,gsm-46,osmo-hlr-546bdb8988-tjzrn,1,2
1782470945,gsm-46,osmo-mgw-8c8fc67d6-jz2rp,1,2
1782470945,gsm-46,osmo-mobile-6ccd8c4658-4ttj8,3,36
1782470945,gsm-46,osmo-stp-768687f494-z9p8q,1,2
1782470945,gsm-46,ttcn3-tc-26-7-4-5-1-1-xp5mk,1,6
1782470945,gsm-46,virtphy-5cf87d48b9-mvl8m,7,1
1782470947,gsm-46,msc-test-stub-5b875d749d-qwgsn,1,16
1782470947,gsm-46,osmo-bsc-594654bd47-rpdmb,1,5
1782470947,gsm-46,osmo-bts-virtual-5f8b9b86fc-5j5zz,22,5
1782470947,gsm-46,osmo-hlr-546bdb8988-tjzrn,1,2
1782470947,gsm-46,osmo-mgw-8c8fc67d6-jz2rp,1,2
1782470947,gsm-46,osmo-mobile-6ccd8c4658-4ttj8,3,36
1782470947,gsm-46,osmo-stp-768687f494-z9p8q,1,2
1782470947,gsm-46,ttcn3-tc-26-7-4-5-1-1-xp5mk,1,6
1782470947,gsm-46,virtphy-5cf87d48b9-mvl8m,7,1
1782470950,gsm-46,msc-test-stub-5b875d749d-qwgsn,1,16
1782470950,gsm-46,osmo-bsc-594654bd47-rpdmb,1,5
1782470950,gsm-46,osmo-bts-virtual-5f8b9b86fc-5j5zz,22,5
1782470950,gsm-46,osmo-hlr-546bdb8988-tjzrn,1,2
1782470950,gsm-46,osmo-mgw-8c8fc67d6-jz2rp,1,2
1782470950,gsm-46,osmo-mobile-6ccd8c4658-4ttj8,3,36
1782470950,gsm-46,osmo-stp-768687f494-z9p8q,1,2
1782470950,gsm-46,ttcn3-tc-26-7-4-5-1-1-xp5mk,1,6
1782470950,gsm-46,virtphy-5cf87d48b9-mvl8m,7,1
1782470952,gsm-46,msc-test-stub-5b875d749d-qwgsn,1,16
1782470952,gsm-46,osmo-bsc-594654bd47-rpdmb,1,5
1782470952,gsm-46,osmo-bts-virtual-5f8b9b86fc-5j5zz,23,5
1782470952,gsm-46,osmo-hlr-546bdb8988-tjzrn,1,2
1782470952,gsm-46,osmo-mgw-8c8fc67d6-jz2rp,1,2
1782470952,gsm-46,osmo-mobile-6ccd8c4658-4ttj8,3,36
1782470952,gsm-46,osmo-stp-768687f494-z9p8q,1,2
1782470952,gsm-46,ttcn3-tc-26-7-4-5-1-1-xp5mk,1,6
1782470952,gsm-46,virtphy-5cf87d48b9-mvl8m,6,1
1782470955,gsm-46,msc-test-stub-5b875d749d-qwgsn,1,16
1782470955,gsm-46,osmo-bsc-594654bd47-rpdmb,1,5
1782470955,gsm-46,osmo-bts-virtual-5f8b9b86fc-5j5zz,23,5
1782470955,gsm-46,osmo-hlr-546bdb8988-tjzrn,1,2
1782470955,gsm-46,osmo-mgw-8c8fc67d6-jz2rp,1,2
1782470955,gsm-46,osmo-mobile-6ccd8c4658-4ttj8,3,36
1782470955,gsm-46,osmo-stp-768687f494-z9p8q,1,2
1782470955,gsm-46,ttcn3-tc-26-7-4-5-1-1-xp5mk,1,6
1782470955,gsm-46,virtphy-5cf87d48b9-mvl8m,6,1
1782470958,gsm-46,msc-test-stub-5b875d749d-qwgsn,1,16
1782470958,gsm-46,osmo-bsc-594654bd47-rpdmb,1,5
1782470958,gsm-46,osmo-bts-virtual-5f8b9b86fc-5j5zz,23,5
1782470958,gsm-46,osmo-hlr-546bdb8988-tjzrn,1,2
1782470958,gsm-46,osmo-mgw-8c8fc67d6-jz2rp,1,2
1782470958,gsm-46,osmo-mobile-6ccd8c4658-4ttj8,3,36
1782470958,gsm-46,osmo-stp-768687f494-z9p8q,1,2
1782470958,gsm-46,ttcn3-tc-26-7-4-5-1-1-xp5mk,1,6
1782470958,gsm-46,virtphy-5cf87d48b9-mvl8m,6,1
1782470960,gsm-46,msc-test-stub-5b875d749d-qwgsn,1,16
1782470960,gsm-46,osmo-bsc-594654bd47-rpdmb,1,5
1782470960,gsm-46,osmo-bts-virtual-5f8b9b86fc-5j5zz,23,5
1782470960,gsm-46,osmo-hlr-546bdb8988-tjzrn,1,2
1782470960,gsm-46,osmo-mgw-8c8fc67d6-jz2rp,1,2
1782470960,gsm-46,osmo-mobile-6ccd8c4658-4ttj8,3,36
1782470960,gsm-46,osmo-stp-768687f494-z9p8q,1,2
1782470960,gsm-46,ttcn3-tc-26-7-4-5-1-1-xp5mk,1,6
1782470960,gsm-46,virtphy-5cf87d48b9-mvl8m,6,1
1782470963,gsm-46,msc-test-stub-5b875d749d-qwgsn,1,16
1782470963,gsm-46,osmo-bsc-594654bd47-rpdmb,1,5
1782470963,gsm-46,osmo-bts-virtual-5f8b9b86fc-5j5zz,23,5
1782470963,gsm-46,osmo-hlr-546bdb8988-tjzrn,1,2
1782470963,gsm-46,osmo-mgw-8c8fc67d6-jz2rp,1,2
1782470963,gsm-46,osmo-mobile-6ccd8c4658-4ttj8,3,36
1782470963,gsm-46,osmo-stp-768687f494-z9p8q,1,2
1782470963,gsm-46,ttcn3-tc-26-7-4-5-1-1-xp5mk,1,6
1782470963,gsm-46,virtphy-5cf87d48b9-mvl8m,6,1
1782470965,gsm-46,msc-test-stub-5b875d749d-qwgsn,1,16
1782470965,gsm-46,osmo-bsc-594654bd47-rpdmb,1,5
1782470965,gsm-46,osmo-bts-virtual-5f8b9b86fc-5j5zz,23,5
1782470965,gsm-46,osmo-hlr-546bdb8988-tjzrn,1,2
1782470965,gsm-46,osmo-mgw-8c8fc67d6-jz2rp,1,2
1782470965,gsm-46,osmo-mobile-6ccd8c4658-4ttj8,3,36
1782470965,gsm-46,osmo-stp-768687f494-z9p8q,1,2
1782470965,gsm-46,ttcn3-tc-26-7-4-5-1-1-xp5mk,1,6
1782470965,gsm-46,virtphy-5cf87d48b9-mvl8m,6,1
1782470968,gsm-46,msc-test-stub-5b875d749d-qwgsn,1,16
1782470968,gsm-46,osmo-bsc-594654bd47-rpdmb,1,5
1782470968,gsm-46,osmo-bts-virtual-5f8b9b86fc-5j5zz,23,5
1782470968,gsm-46,osmo-hlr-546bdb8988-tjzrn,1,2
1782470968,gsm-46,osmo-mgw-8c8fc67d6-jz2rp,1,2
1782470968,gsm-46,osmo-mobile-6ccd8c4658-4ttj8,3,36
1782470968,gsm-46,osmo-stp-768687f494-z9p8q,1,2
1782470968,gsm-46,ttcn3-tc-26-7-4-5-1-1-xp5mk,1,6
1782470968,gsm-46,virtphy-5cf87d48b9-mvl8m,6,1
1782470970,gsm-46,msc-test-stub-5b875d749d-qwgsn,1,16
1782470970,gsm-46,osmo-bsc-594654bd47-rpdmb,1,5
1782470970,gsm-46,osmo-bts-virtual-5f8b9b86fc-5j5zz,23,5
1782470970,gsm-46,osmo-hlr-546bdb8988-tjzrn,1,2
1782470970,gsm-46,osmo-mgw-8c8fc67d6-jz2rp,1,2
1782470970,gsm-46,osmo-mobile-6ccd8c4658-4ttj8,3,36
1782470970,gsm-46,osmo-stp-768687f494-z9p8q,1,2
1782470970,gsm-46,ttcn3-tc-26-7-4-5-1-1-xp5mk,1,6
1782470970,gsm-46,virtphy-5cf87d48b9-mvl8m,6,1
1782470973,gsm-46,msc-test-stub-5b875d749d-qwgsn,1,16
1782470973,gsm-46,osmo-bsc-594654bd47-rpdmb,1,5
1782470973,gsm-46,osmo-bts-virtual-5f8b9b86fc-5j5zz,23,5
1782470973,gsm-46,osmo-hlr-546bdb8988-tjzrn,1,2
1782470973,gsm-46,osmo-mgw-8c8fc67d6-jz2rp,1,2
1782470973,gsm-46,osmo-mobile-6ccd8c4658-4ttj8,3,36
1782470973,gsm-46,osmo-stp-768687f494-z9p8q,1,2
1782470973,gsm-46,ttcn3-tc-26-7-4-5-1-1-xp5mk,1,6
1782470973,gsm-46,virtphy-5cf87d48b9-mvl8m,6,1
1782470977,gsm-46,msc-test-stub-5b875d749d-qwgsn,1,16
1782470977,gsm-46,osmo-bsc-594654bd47-rpdmb,1,5
1782470977,gsm-46,osmo-bts-virtual-5f8b9b86fc-5j5zz,23,5
1782470977,gsm-46,osmo-hlr-546bdb8988-tjzrn,1,2
1782470977,gsm-46,osmo-mgw-8c8fc67d6-jz2rp,1,2
1782470977,gsm-46,osmo-mobile-6ccd8c4658-4ttj8,3,36
1782470977,gsm-46,osmo-stp-768687f494-z9p8q,1,2
1782470977,gsm-46,ttcn3-tc-26-7-4-5-1-1-xp5mk,1,6
1782470977,gsm-46,virtphy-5cf87d48b9-mvl8m,6,1
1782470980,gsm-46,msc-test-stub-5b875d749d-qwgsn,1,16
1782470980,gsm-46,osmo-bsc-594654bd47-rpdmb,1,5
1782470980,gsm-46,osmo-bts-virtual-5f8b9b86fc-5j5zz,23,5
1782470980,gsm-46,osmo-hlr-546bdb8988-tjzrn,1,2
1782470980,gsm-46,osmo-mgw-8c8fc67d6-jz2rp,1,2
1782470980,gsm-46,osmo-mobile-6ccd8c4658-4ttj8,3,36
1782470980,gsm-46,osmo-stp-768687f494-z9p8q,1,2
1782470980,gsm-46,ttcn3-tc-26-7-4-5-1-1-xp5mk,1,6
1782470980,gsm-46,virtphy-5cf87d48b9-mvl8m,6,1
1782470983,gsm-46,msc-test-stub-5b875d749d-qwgsn,1,16
1782470983,gsm-46,osmo-bsc-594654bd47-rpdmb,1,5
1782470983,gsm-46,osmo-bts-virtual-5f8b9b86fc-5j5zz,21,5
1782470983,gsm-46,osmo-hlr-546bdb8988-tjzrn,1,2
1782470983,gsm-46,osmo-mgw-8c8fc67d6-jz2rp,1,2
1782470983,gsm-46,osmo-mobile-6ccd8c4658-4ttj8,3,36
1782470983,gsm-46,osmo-stp-768687f494-z9p8q,1,2
1782470983,gsm-46,ttcn3-tc-26-7-4-5-1-1-xp5mk,1,6
1782470983,gsm-46,virtphy-5cf87d48b9-mvl8m,6,1
1782470985,gsm-46,msc-test-stub-5b875d749d-qwgsn,1,16
1782470985,gsm-46,osmo-bsc-594654bd47-rpdmb,1,5
1782470985,gsm-46,osmo-bts-virtual-5f8b9b86fc-5j5zz,21,5
1782470985,gsm-46,osmo-hlr-546bdb8988-tjzrn,1,2
1782470985,gsm-46,osmo-mgw-8c8fc67d6-jz2rp,1,2
1782470985,gsm-46,osmo-mobile-6ccd8c4658-4ttj8,3,36
1782470985,gsm-46,osmo-stp-768687f494-z9p8q,1,2
1782470985,gsm-46,ttcn3-tc-26-7-4-5-1-1-xp5mk,1,6
1782470985,gsm-46,virtphy-5cf87d48b9-mvl8m,6,1
1782470989,gsm-46,msc-test-stub-5b875d749d-qwgsn,1,16
1782470989,gsm-46,osmo-bsc-594654bd47-rpdmb,1,5
1782470989,gsm-46,osmo-bts-virtual-5f8b9b86fc-5j5zz,21,5
1782470989,gsm-46,osmo-hlr-546bdb8988-tjzrn,1,2
1782470989,gsm-46,osmo-mgw-8c8fc67d6-jz2rp,1,2
1782470989,gsm-46,osmo-mobile-6ccd8c4658-4ttj8,3,36
1782470989,gsm-46,osmo-stp-768687f494-z9p8q,1,2
1782470989,gsm-46,ttcn3-tc-26-7-4-5-1-1-xp5mk,1,6
1782470989,gsm-46,virtphy-5cf87d48b9-mvl8m,6,1
1782470991,gsm-46,msc-test-stub-5b875d749d-qwgsn,1,16
1782470991,gsm-46,osmo-bsc-594654bd47-rpdmb,1,5
1782470991,gsm-46,osmo-bts-virtual-5f8b9b86fc-5j5zz,21,5
1782470991,gsm-46,osmo-hlr-546bdb8988-tjzrn,1,2
1782470991,gsm-46,osmo-mgw-8c8fc67d6-jz2rp,1,2
1782470991,gsm-46,osmo-mobile-6ccd8c4658-4ttj8,3,36
1782470991,gsm-46,osmo-stp-768687f494-z9p8q,1,2
1782470991,gsm-46,ttcn3-tc-26-7-4-5-1-1-xp5mk,1,6
1782470991,gsm-46,virtphy-5cf87d48b9-mvl8m,6,1
1782470994,gsm-46,msc-test-stub-5b875d749d-qwgsn,1,16
1782470994,gsm-46,osmo-bsc-594654bd47-rpdmb,1,5
1782470994,gsm-46,osmo-bts-virtual-5f8b9b86fc-5j5zz,21,5
1782470994,gsm-46,osmo-hlr-546bdb8988-tjzrn,1,2
1782470994,gsm-46,osmo-mgw-8c8fc67d6-jz2rp,1,2
1782470994,gsm-46,osmo-mobile-6ccd8c4658-4ttj8,3,36
1782470994,gsm-46,osmo-stp-768687f494-z9p8q,1,2
1782470994,gsm-46,ttcn3-tc-26-7-4-5-1-1-xp5mk,1,6
1782470994,gsm-46,virtphy-5cf87d48b9-mvl8m,6,1
1782470999,gsm-46,msc-test-stub-5b875d749d-qwgsn,1,16
1782470999,gsm-46,osmo-bsc-594654bd47-rpdmb,1,5
1782470999,gsm-46,osmo-bts-virtual-5f8b9b86fc-5j5zz,21,5
1782470999,gsm-46,osmo-hlr-546bdb8988-tjzrn,1,2
1782470999,gsm-46,osmo-mgw-8c8fc67d6-jz2rp,1,2
1782470999,gsm-46,osmo-mobile-6ccd8c4658-4ttj8,3,36
1782470999,gsm-46,osmo-stp-768687f494-z9p8q,1,2
1782470999,gsm-46,ttcn3-tc-26-7-4-5-1-1-xp5mk,1,6
1782470999,gsm-46,virtphy-5cf87d48b9-mvl8m,6,1
1782471002,gsm-46,msc-test-stub-5b875d749d-qwgsn,1,16
1782471002,gsm-46,osmo-bsc-594654bd47-rpdmb,1,5
1782471002,gsm-46,osmo-bts-virtual-5f8b9b86fc-5j5zz,21,5
1782471002,gsm-46,osmo-hlr-546bdb8988-tjzrn,1,2
1782471002,gsm-46,osmo-mgw-8c8fc67d6-jz2rp,1,2
1782471002,gsm-46,osmo-mobile-6ccd8c4658-4ttj8,3,36
1782471002,gsm-46,osmo-stp-768687f494-z9p8q,1,2
1782471002,gsm-46,ttcn3-tc-26-7-4-5-1-1-xp5mk,1,6
1782471002,gsm-46,virtphy-5cf87d48b9-mvl8m,6,1
1782471004,gsm-46,msc-test-stub-5b875d749d-qwgsn,1,16
1782471004,gsm-46,osmo-bsc-594654bd47-rpdmb,1,5
1782471004,gsm-46,osmo-bts-virtual-5f8b9b86fc-5j5zz,21,5
1782471004,gsm-46,osmo-hlr-546bdb8988-tjzrn,1,2
1782471004,gsm-46,osmo-mgw-8c8fc67d6-jz2rp,1,2
1782471004,gsm-46,osmo-mobile-6ccd8c4658-4ttj8,3,36
1782471004,gsm-46,osmo-stp-768687f494-z9p8q,1,2
1782471004,gsm-46,ttcn3-tc-26-7-4-5-1-1-xp5mk,1,6
1782471004,gsm-46,virtphy-5cf87d48b9-mvl8m,6,1
1782471006,gsm-46,msc-test-stub-5b875d749d-qwgsn,1,16
1782471006,gsm-46,osmo-bsc-594654bd47-rpdmb,1,5
1782471006,gsm-46,osmo-bts-virtual-5f8b9b86fc-5j5zz,21,5
1782471006,gsm-46,osmo-hlr-546bdb8988-tjzrn,1,2
1782471006,gsm-46,osmo-mgw-8c8fc67d6-jz2rp,1,2
1782471006,gsm-46,osmo-mobile-6ccd8c4658-4ttj8,3,36
1782471006,gsm-46,osmo-stp-768687f494-z9p8q,1,2
1782471006,gsm-46,ttcn3-tc-26-7-4-5-1-1-xp5mk,1,6
1782471006,gsm-46,virtphy-5cf87d48b9-mvl8m,6,1
1782471009,gsm-46,msc-test-stub-5b875d749d-qwgsn,1,16
1782471009,gsm-46,osmo-bsc-594654bd47-rpdmb,1,5
1782471009,gsm-46,osmo-bts-virtual-5f8b9b86fc-5j5zz,21,5
1782471009,gsm-46,osmo-hlr-546bdb8988-tjzrn,1,2
1782471009,gsm-46,osmo-mgw-8c8fc67d6-jz2rp,1,2
1782471009,gsm-46,osmo-mobile-6ccd8c4658-4ttj8,3,36
1782471009,gsm-46,osmo-stp-768687f494-z9p8q,1,2
1782471009,gsm-46,ttcn3-tc-26-7-4-5-1-1-xp5mk,1,6
1782471009,gsm-46,virtphy-5cf87d48b9-mvl8m,6,1
1782471012,gsm-46,msc-test-stub-5b875d749d-qwgsn,1,16
1782471012,gsm-46,osmo-bsc-594654bd47-rpdmb,1,5
1782471012,gsm-46,osmo-bts-virtual-5f8b9b86fc-5j5zz,21,5
1782471012,gsm-46,osmo-hlr-546bdb8988-tjzrn,1,2
1782471012,gsm-46,osmo-mgw-8c8fc67d6-jz2rp,1,2
1782471012,gsm-46,osmo-mobile-6ccd8c4658-4ttj8,3,36
1782471012,gsm-46,osmo-stp-768687f494-z9p8q,1,2
1782471012,gsm-46,ttcn3-tc-26-7-4-5-1-1-xp5mk,1,6
1782471012,gsm-46,virtphy-5cf87d48b9-mvl8m,6,1
1782471014,gsm-46,msc-test-stub-5b875d749d-qwgsn,1,16
1782471014,gsm-46,osmo-bsc-594654bd47-rpdmb,1,5
1782471014,gsm-46,osmo-bts-virtual-5f8b9b86fc-5j5zz,21,5
1782471014,gsm-46,osmo-hlr-546bdb8988-tjzrn,1,2
1782471014,gsm-46,osmo-mgw-8c8fc67d6-jz2rp,1,2
1782471014,gsm-46,osmo-mobile-6ccd8c4658-4ttj8,3,36
1782471014,gsm-46,osmo-stp-768687f494-z9p8q,1,2
1782471014,gsm-46,ttcn3-tc-26-7-4-5-1-1-xp5mk,1,6
1782471014,gsm-46,virtphy-5cf87d48b9-mvl8m,7,1
1782471017,gsm-46,msc-test-stub-5b875d749d-qwgsn,1,16
1782471017,gsm-46,osmo-bsc-594654bd47-rpdmb,1,5
1782471017,gsm-46,osmo-bts-virtual-5f8b9b86fc-5j5zz,21,5
1782471017,gsm-46,osmo-hlr-546bdb8988-tjzrn,1,2
1782471017,gsm-46,osmo-mgw-8c8fc67d6-jz2rp,1,2
1782471017,gsm-46,osmo-mobile-6ccd8c4658-4ttj8,3,36
1782471017,gsm-46,osmo-stp-768687f494-z9p8q,1,2
1782471017,gsm-46,ttcn3-tc-26-7-4-5-1-1-xp5mk,1,6
1782471017,gsm-46,virtphy-5cf87d48b9-mvl8m,7,1
1782471019,gsm-46,msc-test-stub-5b875d749d-qwgsn,1,16
1782471019,gsm-46,osmo-bsc-594654bd47-rpdmb,1,5
1782471019,gsm-46,osmo-bts-virtual-5f8b9b86fc-5j5zz,21,5
1782471019,gsm-46,osmo-hlr-546bdb8988-tjzrn,1,2
1782471019,gsm-46,osmo-mgw-8c8fc67d6-jz2rp,1,2
1782471019,gsm-46,osmo-mobile-6ccd8c4658-4ttj8,3,36
1782471019,gsm-46,osmo-stp-768687f494-z9p8q,1,2
1782471019,gsm-46,ttcn3-tc-26-7-4-5-1-1-xp5mk,1,6
1782471019,gsm-46,virtphy-5cf87d48b9-mvl8m,7,1
1782471021,gsm-46,msc-test-stub-5b875d749d-qwgsn,1,16
1782471021,gsm-46,osmo-bsc-594654bd47-rpdmb,1,5
1782471021,gsm-46,osmo-bts-virtual-5f8b9b86fc-5j5zz,21,5
1782471021,gsm-46,osmo-hlr-546bdb8988-tjzrn,1,2
1782471021,gsm-46,osmo-mgw-8c8fc67d6-jz2rp,1,2
1782471021,gsm-46,osmo-mobile-6ccd8c4658-4ttj8,3,36
1782471021,gsm-46,osmo-stp-768687f494-z9p8q,1,2
1782471021,gsm-46,ttcn3-tc-26-7-4-5-1-1-xp5mk,1,6
1782471021,gsm-46,virtphy-5cf87d48b9-mvl8m,7,1
1782471024,gsm-46,msc-test-stub-5b875d749d-qwgsn,1,16
1782471024,gsm-46,osmo-bsc-594654bd47-rpdmb,1,5
1782471024,gsm-46,osmo-bts-virtual-5f8b9b86fc-5j5zz,21,5
1782471024,gsm-46,osmo-hlr-546bdb8988-tjzrn,1,2
1782471024,gsm-46,osmo-mgw-8c8fc67d6-jz2rp,1,2
1782471024,gsm-46,osmo-mobile-6ccd8c4658-4ttj8,3,36
1782471024,gsm-46,osmo-stp-768687f494-z9p8q,1,2
1782471024,gsm-46,ttcn3-tc-26-7-4-5-1-1-xp5mk,1,6
1782471024,gsm-46,virtphy-5cf87d48b9-mvl8m,7,1
1782471026,gsm-46,msc-test-stub-5b875d749d-qwgsn,1,16
1782471026,gsm-46,osmo-bsc-594654bd47-rpdmb,1,5
1782471026,gsm-46,osmo-bts-virtual-5f8b9b86fc-5j5zz,21,5
1782471026,gsm-46,osmo-hlr-546bdb8988-tjzrn,1,2
1782471026,gsm-46,osmo-mgw-8c8fc67d6-jz2rp,1,2
1782471026,gsm-46,osmo-mobile-6ccd8c4658-4ttj8,3,36
1782471026,gsm-46,osmo-stp-768687f494-z9p8q,1,2
1782471026,gsm-46,ttcn3-tc-26-7-4-5-1-1-xp5mk,1,6
1782471026,gsm-46,virtphy-5cf87d48b9-mvl8m,7,1
1782471029,gsm-46,msc-test-stub-5b875d749d-qwgsn,1,16
1782471029,gsm-46,osmo-bsc-594654bd47-rpdmb,1,5
1782471029,gsm-46,osmo-bts-virtual-5f8b9b86fc-5j5zz,23,5
1782471029,gsm-46,osmo-hlr-546bdb8988-tjzrn,1,2
1782471029,gsm-46,osmo-mgw-8c8fc67d6-jz2rp,1,2
1782471029,gsm-46,osmo-mobile-6ccd8c4658-4ttj8,3,36
1782471029,gsm-46,osmo-stp-768687f494-z9p8q,1,2
1782471029,gsm-46,ttcn3-tc-26-7-4-5-1-1-xp5mk,1,6
1782471029,gsm-46,virtphy-5cf87d48b9-mvl8m,6,1
1782471036,gsm-46,msc-test-stub-5b875d749d-qwgsn,1,16
1782471036,gsm-46,osmo-bsc-594654bd47-rpdmb,1,5
1782471036,gsm-46,osmo-bts-virtual-5f8b9b86fc-5j5zz,23,5
1782471036,gsm-46,osmo-hlr-546bdb8988-tjzrn,1,2
1782471036,gsm-46,osmo-mgw-8c8fc67d6-jz2rp,1,2
1782471036,gsm-46,osmo-mobile-6ccd8c4658-4ttj8,3,36
1782471036,gsm-46,osmo-stp-768687f494-z9p8q,1,2
1782471036,gsm-46,ttcn3-tc-26-7-4-5-1-1-xp5mk,1,6
1782471036,gsm-46,virtphy-5cf87d48b9-mvl8m,6,1
1782471038,gsm-46,msc-test-stub-5b875d749d-qwgsn,1,16
1782471038,gsm-46,osmo-bsc-594654bd47-rpdmb,1,5
1782471038,gsm-46,osmo-bts-virtual-5f8b9b86fc-5j5zz,23,5
1782471038,gsm-46,osmo-hlr-546bdb8988-tjzrn,1,2
1782471038,gsm-46,osmo-mgw-8c8fc67d6-jz2rp,1,2
1782471038,gsm-46,osmo-mobile-6ccd8c4658-4ttj8,3,36
1782471038,gsm-46,osmo-stp-768687f494-z9p8q,1,2
1782471038,gsm-46,ttcn3-tc-26-7-4-5-1-1-xp5mk,1,6
1782471038,gsm-46,virtphy-5cf87d48b9-mvl8m,6,1
1782471041,gsm-46,msc-test-stub-5b875d749d-qwgsn,1,16
1782471041,gsm-46,osmo-bsc-594654bd47-rpdmb,1,5
1782471041,gsm-46,osmo-bts-virtual-5f8b9b86fc-5j5zz,23,5
1782471041,gsm-46,osmo-hlr-546bdb8988-tjzrn,1,2
1782471041,gsm-46,osmo-mgw-8c8fc67d6-jz2rp,1,2
1782471041,gsm-46,osmo-mobile-6ccd8c4658-4ttj8,3,36
1782471041,gsm-46,osmo-stp-768687f494-z9p8q,1,2
1782471041,gsm-46,ttcn3-tc-26-7-4-5-1-1-xp5mk,1,6
1782471041,gsm-46,virtphy-5cf87d48b9-mvl8m,6,1
1782471043,gsm-46,msc-test-stub-5b875d749d-qwgsn,1,16
1782471043,gsm-46,osmo-bsc-594654bd47-rpdmb,1,5
1782471043,gsm-46,osmo-bts-virtual-5f8b9b86fc-5j5zz,23,5
1782471043,gsm-46,osmo-hlr-546bdb8988-tjzrn,1,2
1782471043,gsm-46,osmo-mgw-8c8fc67d6-jz2rp,1,2
1782471043,gsm-46,osmo-mobile-6ccd8c4658-4ttj8,3,36
1782471043,gsm-46,osmo-stp-768687f494-z9p8q,1,2
1782471043,gsm-46,ttcn3-tc-26-7-4-5-1-1-xp5mk,1,6
1782471043,gsm-46,virtphy-5cf87d48b9-mvl8m,6,1
1782471046,gsm-46,msc-test-stub-5b875d749d-qwgsn,1,16
1782471046,gsm-46,osmo-bsc-594654bd47-rpdmb,1,5
1782471046,gsm-46,osmo-bts-virtual-5f8b9b86fc-5j5zz,23,5
1782471046,gsm-46,osmo-hlr-546bdb8988-tjzrn,1,2
1782471046,gsm-46,osmo-mgw-8c8fc67d6-jz2rp,1,2
1782471046,gsm-46,osmo-mobile-6ccd8c4658-4ttj8,3,36
1782471046,gsm-46,osmo-stp-768687f494-z9p8q,1,2
1782471046,gsm-46,ttcn3-tc-26-7-4-5-1-1-xp5mk,1,6
1782471046,gsm-46,virtphy-5cf87d48b9-mvl8m,6,1
1782471049,gsm-46,msc-test-stub-5b875d749d-qwgsn,1,16
1782471049,gsm-46,osmo-bsc-594654bd47-rpdmb,1,5
1782471049,gsm-46,osmo-bts-virtual-5f8b9b86fc-5j5zz,23,5
1782471049,gsm-46,osmo-hlr-546bdb8988-tjzrn,1,2
1782471049,gsm-46,osmo-mgw-8c8fc67d6-jz2rp,1,2
1782471049,gsm-46,osmo-mobile-6ccd8c4658-4ttj8,3,36
1782471049,gsm-46,osmo-stp-768687f494-z9p8q,1,2
1782471049,gsm-46,ttcn3-tc-26-7-4-5-1-1-xp5mk,1,6
1782471049,gsm-46,virtphy-5cf87d48b9-mvl8m,6,1
1782471052,gsm-46,msc-test-stub-5b875d749d-qwgsn,1,16
1782471052,gsm-46,osmo-bsc-594654bd47-rpdmb,1,5
1782471052,gsm-46,osmo-bts-virtual-5f8b9b86fc-5j5zz,23,5
1782471052,gsm-46,osmo-hlr-546bdb8988-tjzrn,1,2
1782471052,gsm-46,osmo-mgw-8c8fc67d6-jz2rp,1,2
1782471052,gsm-46,osmo-mobile-6ccd8c4658-4ttj8,3,36
1782471052,gsm-46,osmo-stp-768687f494-z9p8q,1,2
1782471052,gsm-46,ttcn3-tc-26-7-4-5-1-1-xp5mk,1,6
1782471052,gsm-46,virtphy-5cf87d48b9-mvl8m,6,1
1782471055,gsm-46,msc-test-stub-5b875d749d-qwgsn,1,16
1782471055,gsm-46,osmo-bsc-594654bd47-rpdmb,1,5
1782471055,gsm-46,osmo-bts-virtual-5f8b9b86fc-5j5zz,23,5
1782471055,gsm-46,osmo-hlr-546bdb8988-tjzrn,1,2
1782471055,gsm-46,osmo-mgw-8c8fc67d6-jz2rp,1,2
1782471055,gsm-46,osmo-mobile-6ccd8c4658-4ttj8,3,36
1782471055,gsm-46,osmo-stp-768687f494-z9p8q,1,2
1782471055,gsm-46,ttcn3-tc-26-7-4-5-1-1-xp5mk,1,6
1782471055,gsm-46,virtphy-5cf87d48b9-mvl8m,6,1
1782471057,gsm-46,msc-test-stub-5b875d749d-qwgsn,1,16
1782471057,gsm-46,osmo-bsc-594654bd47-rpdmb,1,5
1782471057,gsm-46,osmo-bts-virtual-5f8b9b86fc-5j5zz,23,5
1782471057,gsm-46,osmo-hlr-546bdb8988-tjzrn,1,2
1782471057,gsm-46,osmo-mgw-8c8fc67d6-jz2rp,1,2
1782471057,gsm-46,osmo-mobile-6ccd8c4658-4ttj8,3,36
1782471057,gsm-46,osmo-stp-768687f494-z9p8q,1,2
1782471057,gsm-46,ttcn3-tc-26-7-4-5-1-1-xp5mk,1,6
1782471057,gsm-46,virtphy-5cf87d48b9-mvl8m,6,1
1782471060,gsm-46,msc-test-stub-5b875d749d-qwgsn,1,16
1782471060,gsm-46,osmo-bsc-594654bd47-rpdmb,1,5
1782471060,gsm-46,osmo-bts-virtual-5f8b9b86fc-5j5zz,23,5
1782471060,gsm-46,osmo-hlr-546bdb8988-tjzrn,1,2
1782471060,gsm-46,osmo-mgw-8c8fc67d6-jz2rp,1,2
1782471060,gsm-46,osmo-mobile-6ccd8c4658-4ttj8,3,36
1782471060,gsm-46,osmo-stp-768687f494-z9p8q,1,2
1782471060,gsm-46,ttcn3-tc-26-7-4-5-1-1-xp5mk,1,6
1782471060,gsm-46,virtphy-5cf87d48b9-mvl8m,6,1
1782471062,gsm-46,msc-test-stub-5b875d749d-qwgsn,1,16
1782471062,gsm-46,osmo-bsc-594654bd47-rpdmb,1,5
1782471062,gsm-46,osmo-bts-virtual-5f8b9b86fc-5j5zz,23,5
1782471062,gsm-46,osmo-hlr-546bdb8988-tjzrn,1,2
1782471062,gsm-46,osmo-mgw-8c8fc67d6-jz2rp,1,2
1782471062,gsm-46,osmo-mobile-6ccd8c4658-4ttj8,3,36
1782471062,gsm-46,osmo-stp-768687f494-z9p8q,1,2
1782471062,gsm-46,ttcn3-tc-26-7-4-5-1-1-xp5mk,1,6
1782471062,gsm-46,virtphy-5cf87d48b9-mvl8m,6,1
1782471065,gsm-46,msc-test-stub-5b875d749d-qwgsn,1,16
1782471065,gsm-46,osmo-bsc-594654bd47-rpdmb,1,5
1782471065,gsm-46,osmo-bts-virtual-5f8b9b86fc-5j5zz,23,5
1782471065,gsm-46,osmo-hlr-546bdb8988-tjzrn,1,2
1782471065,gsm-46,osmo-mgw-8c8fc67d6-jz2rp,1,2
1782471065,gsm-46,osmo-mobile-6ccd8c4658-4ttj8,3,36
1782471065,gsm-46,osmo-stp-768687f494-z9p8q,1,2
1782471065,gsm-46,ttcn3-tc-26-7-4-5-1-1-xp5mk,1,6
1782471065,gsm-46,virtphy-5cf87d48b9-mvl8m,6,1
1782471067,gsm-46,msc-test-stub-5b875d749d-qwgsn,1,16
1782471067,gsm-46,osmo-bsc-594654bd47-rpdmb,1,5
1782471067,gsm-46,osmo-bts-virtual-5f8b9b86fc-5j5zz,23,5
1782471067,gsm-46,osmo-hlr-546bdb8988-tjzrn,1,2
1782471067,gsm-46,osmo-mgw-8c8fc67d6-jz2rp,1,2
1782471067,gsm-46,osmo-mobile-6ccd8c4658-4ttj8,3,36
1782471067,gsm-46,osmo-stp-768687f494-z9p8q,1,2
1782471067,gsm-46,ttcn3-tc-26-7-4-5-1-1-xp5mk,1,6
1782471067,gsm-46,virtphy-5cf87d48b9-mvl8m,6,1
1782471069,gsm-46,msc-test-stub-5b875d749d-qwgsn,1,16
1782471069,gsm-46,osmo-bsc-594654bd47-rpdmb,1,5
1782471069,gsm-46,osmo-bts-virtual-5f8b9b86fc-5j5zz,23,5
1782471069,gsm-46,osmo-hlr-546bdb8988-tjzrn,1,2
1782471069,gsm-46,osmo-mgw-8c8fc67d6-jz2rp,1,2
1782471069,gsm-46,osmo-mobile-6ccd8c4658-4ttj8,3,36
1782471069,gsm-46,osmo-stp-768687f494-z9p8q,1,2
1782471069,gsm-46,ttcn3-tc-26-7-4-5-1-1-xp5mk,1,6
1782471069,gsm-46,virtphy-5cf87d48b9-mvl8m,6,1
1782471072,gsm-46,msc-test-stub-5b875d749d-qwgsn,1,16
1782471072,gsm-46,osmo-bsc-594654bd47-rpdmb,1,5
1782471072,gsm-46,osmo-bts-virtual-5f8b9b86fc-5j5zz,23,5
1782471072,gsm-46,osmo-hlr-546bdb8988-tjzrn,1,2
1782471072,gsm-46,osmo-mgw-8c8fc67d6-jz2rp,1,2
1782471072,gsm-46,osmo-mobile-6ccd8c4658-4ttj8,3,36
1782471072,gsm-46,osmo-stp-768687f494-z9p8q,1,2
1782471072,gsm-46,ttcn3-tc-26-7-4-5-1-1-xp5mk,1,6
1782471072,gsm-46,virtphy-5cf87d48b9-mvl8m,6,1
1782471074,gsm-46,msc-test-stub-5b875d749d-qwgsn,1,16
1782471074,gsm-46,osmo-bsc-594654bd47-rpdmb,1,5
1782471074,gsm-46,osmo-bts-virtual-5f8b9b86fc-5j5zz,23,5
1782471074,gsm-46,osmo-hlr-546bdb8988-tjzrn,1,2
1782471074,gsm-46,osmo-mgw-8c8fc67d6-jz2rp,1,2
1782471074,gsm-46,osmo-mobile-6ccd8c4658-4ttj8,5,38
1782471074,gsm-46,osmo-stp-768687f494-z9p8q,1,2
1782471074,gsm-46,ttcn3-tc-26-7-4-5-1-1-xp5mk,1,6
1782471074,gsm-46,virtphy-5cf87d48b9-mvl8m,7,1
1782471077,gsm-46,msc-test-stub-5b875d749d-qwgsn,1,16
1782471077,gsm-46,osmo-bsc-594654bd47-rpdmb,1,5
1782471077,gsm-46,osmo-bts-virtual-5f8b9b86fc-5j5zz,23,5
1782471077,gsm-46,osmo-hlr-546bdb8988-tjzrn,1,2
1782471077,gsm-46,osmo-mgw-8c8fc67d6-jz2rp,1,2
1782471077,gsm-46,osmo-mobile-6ccd8c4658-4ttj8,5,38
1782471077,gsm-46,osmo-stp-768687f494-z9p8q,1,2
1782471077,gsm-46,ttcn3-tc-26-7-4-5-1-1-xp5mk,1,6
1782471077,gsm-46,virtphy-5cf87d48b9-mvl8m,7,1
1782471080,gsm-46,msc-test-stub-5b875d749d-qwgsn,1,16
1782471080,gsm-46,osmo-bsc-594654bd47-rpdmb,1,5
1782471080,gsm-46,osmo-bts-virtual-5f8b9b86fc-5j5zz,23,5
1782471080,gsm-46,osmo-hlr-546bdb8988-tjzrn,1,2
1782471080,gsm-46,osmo-mgw-8c8fc67d6-jz2rp,1,2
1782471080,gsm-46,osmo-mobile-6ccd8c4658-4ttj8,5,38
1782471080,gsm-46,osmo-stp-768687f494-z9p8q,1,2
1782471080,gsm-46,ttcn3-tc-26-7-4-5-1-1-xp5mk,1,6
1782471080,gsm-46,virtphy-5cf87d48b9-mvl8m,7,1
1782471082,gsm-46,msc-test-stub-5b875d749d-qwgsn,1,16
1782471082,gsm-46,osmo-bsc-594654bd47-rpdmb,1,5
1782471082,gsm-46,osmo-bts-virtual-5f8b9b86fc-5j5zz,23,5
1782471082,gsm-46,osmo-hlr-546bdb8988-tjzrn,1,2
1782471082,gsm-46,osmo-mgw-8c8fc67d6-jz2rp,1,2
1782471082,gsm-46,osmo-mobile-6ccd8c4658-4ttj8,5,38
1782471082,gsm-46,osmo-stp-768687f494-z9p8q,1,2
1782471082,gsm-46,ttcn3-tc-26-7-4-5-1-1-xp5mk,1,6
1782471082,gsm-46,virtphy-5cf87d48b9-mvl8m,7,1
1782471085,gsm-46,msc-test-stub-5b875d749d-qwgsn,1,16
1782471085,gsm-46,osmo-bsc-594654bd47-rpdmb,1,5
1782471085,gsm-46,osmo-bts-virtual-5f8b9b86fc-5j5zz,23,5
1782471085,gsm-46,osmo-hlr-546bdb8988-tjzrn,1,2
1782471085,gsm-46,osmo-mgw-8c8fc67d6-jz2rp,1,2
1782471085,gsm-46,osmo-mobile-6ccd8c4658-4ttj8,5,38
1782471085,gsm-46,osmo-stp-768687f494-z9p8q,1,2
1782471085,gsm-46,ttcn3-tc-26-7-4-5-1-1-xp5mk,1,6
1782471085,gsm-46,virtphy-5cf87d48b9-mvl8m,7,1
1782471088,gsm-46,osmo-bsc-594654bd47-rpdmb,1,5
1782471088,gsm-46,osmo-bts-virtual-5f8b9b86fc-5j5zz,24,5
1782471088,gsm-46,osmo-hlr-546bdb8988-tjzrn,1,2
1782471088,gsm-46,osmo-mgw-8c8fc67d6-jz2rp,1,2
1782471088,gsm-46,osmo-mobile-6ccd8c4658-4ttj8,3,38
1782471088,gsm-46,osmo-stp-768687f494-z9p8q,1,2
1782471088,gsm-46,ttcn3-tc-26-7-4-5-1-1-xp5mk,1,6
1782471088,gsm-46,virtphy-5cf87d48b9-mvl8m,6,1
1782471091,gsm-46,osmo-bsc-594654bd47-rpdmb,1,5
1782471091,gsm-46,osmo-bts-virtual-5f8b9b86fc-5j5zz,24,5
1782471091,gsm-46,osmo-hlr-546bdb8988-tjzrn,1,2
1782471091,gsm-46,osmo-mgw-8c8fc67d6-jz2rp,1,2
1782471091,gsm-46,osmo-mobile-6ccd8c4658-4ttj8,3,38
1782471091,gsm-46,osmo-stp-768687f494-z9p8q,1,2
1782471091,gsm-46,ttcn3-tc-26-7-4-5-1-1-xp5mk,1,6
1782471091,gsm-46,virtphy-5cf87d48b9-mvl8m,6,1
1782471093,gsm-46,osmo-bsc-594654bd47-rpdmb,1,5
1782471093,gsm-46,osmo-bts-virtual-5f8b9b86fc-5j5zz,24,5
1782471093,gsm-46,osmo-hlr-546bdb8988-tjzrn,1,2
1782471093,gsm-46,osmo-mgw-8c8fc67d6-jz2rp,1,2
1782471093,gsm-46,osmo-mobile-6ccd8c4658-4ttj8,3,38
1782471093,gsm-46,osmo-stp-768687f494-z9p8q,1,2
1782471093,gsm-46,ttcn3-tc-26-7-4-5-1-1-xp5mk,1,6
1782471093,gsm-46,virtphy-5cf87d48b9-mvl8m,6,1
1782471096,gsm-46,osmo-bsc-594654bd47-rpdmb,1,5
1782471096,gsm-46,osmo-bts-virtual-5f8b9b86fc-5j5zz,24,5
1782471096,gsm-46,osmo-hlr-546bdb8988-tjzrn,1,2
1782471096,gsm-46,osmo-mgw-8c8fc67d6-jz2rp,1,2
1782471096,gsm-46,osmo-mobile-6ccd8c4658-4ttj8,3,38
1782471096,gsm-46,osmo-stp-768687f494-z9p8q,1,2
1782471096,gsm-46,ttcn3-tc-26-7-4-5-1-1-xp5mk,1,6
1782471096,gsm-46,virtphy-5cf87d48b9-mvl8m,6,1
1782471098,gsm-46,osmo-bsc-594654bd47-rpdmb,1,5
1782471098,gsm-46,osmo-bts-virtual-5f8b9b86fc-5j5zz,24,5
1782471098,gsm-46,osmo-hlr-546bdb8988-tjzrn,1,2
1782471098,gsm-46,osmo-mgw-8c8fc67d6-jz2rp,1,2
1782471098,gsm-46,osmo-mobile-6ccd8c4658-4ttj8,3,38
1782471098,gsm-46,osmo-stp-768687f494-z9p8q,1,2
1782471098,gsm-46,ttcn3-tc-26-7-4-5-1-1-xp5mk,1,6
1782471098,gsm-46,virtphy-5cf87d48b9-mvl8m,6,1
1782471101,gsm-46,osmo-bsc-594654bd47-rpdmb,1,5
1782471101,gsm-46,osmo-bts-virtual-5f8b9b86fc-5j5zz,24,5
1782471101,gsm-46,osmo-hlr-546bdb8988-tjzrn,1,2
1782471101,gsm-46,osmo-mgw-8c8fc67d6-jz2rp,1,2
1782471101,gsm-46,osmo-mobile-6ccd8c4658-4ttj8,3,38
1782471101,gsm-46,osmo-stp-768687f494-z9p8q,1,2
1782471101,gsm-46,ttcn3-tc-26-7-4-5-1-1-xp5mk,1,6
1782471101,gsm-46,virtphy-5cf87d48b9-mvl8m,6,1
1782471104,gsm-46,msc-test-stub-5b875d749d-qwgsn,1,16
1782471104,gsm-46,osmo-bsc-594654bd47-rpdmb,1,5
1782471104,gsm-46,osmo-bts-virtual-5f8b9b86fc-5j5zz,25,5
1782471104,gsm-46,osmo-hlr-546bdb8988-tjzrn,1,2
1782471104,gsm-46,osmo-mgw-8c8fc67d6-jz2rp,1,2
1782471104,gsm-46,osmo-mobile-6ccd8c4658-4ttj8,3,38
1782471104,gsm-46,osmo-stp-768687f494-z9p8q,1,2
1782471104,gsm-46,ttcn3-tc-26-7-4-5-1-1-xp5mk,1,6
1782471104,gsm-46,virtphy-5cf87d48b9-mvl8m,6,1
1782471106,gsm-46,msc-test-stub-5b875d749d-qwgsn,1,16
1782471106,gsm-46,osmo-bsc-594654bd47-rpdmb,1,5
1782471106,gsm-46,osmo-bts-virtual-5f8b9b86fc-5j5zz,25,5
1782471106,gsm-46,osmo-hlr-546bdb8988-tjzrn,1,2
1782471106,gsm-46,osmo-mgw-8c8fc67d6-jz2rp,1,2
1782471106,gsm-46,osmo-mobile-6ccd8c4658-4ttj8,3,38
1782471106,gsm-46,osmo-stp-768687f494-z9p8q,1,2
1782471106,gsm-46,ttcn3-tc-26-7-4-5-1-1-xp5mk,1,6
1782471106,gsm-46,virtphy-5cf87d48b9-mvl8m,6,1
1782471108,gsm-46,msc-test-stub-5b875d749d-qwgsn,1,16
1782471108,gsm-46,osmo-bsc-594654bd47-rpdmb,1,5
1782471108,gsm-46,osmo-bts-virtual-5f8b9b86fc-5j5zz,25,5
1782471108,gsm-46,osmo-hlr-546bdb8988-tjzrn,1,2
1782471108,gsm-46,osmo-mgw-8c8fc67d6-jz2rp,1,2
1782471108,gsm-46,osmo-mobile-6ccd8c4658-4ttj8,3,38
1782471108,gsm-46,osmo-stp-768687f494-z9p8q,1,2
1782471108,gsm-46,ttcn3-tc-26-7-4-5-1-1-xp5mk,1,6
1782471108,gsm-46,virtphy-5cf87d48b9-mvl8m,6,1
1782471110,gsm-46,msc-test-stub-5b875d749d-qwgsn,1,16
1782471110,gsm-46,osmo-bsc-594654bd47-rpdmb,1,5
1782471110,gsm-46,osmo-bts-virtual-5f8b9b86fc-5j5zz,25,5
1782471110,gsm-46,osmo-hlr-546bdb8988-tjzrn,1,2
1782471110,gsm-46,osmo-mgw-8c8fc67d6-jz2rp,1,2
1782471110,gsm-46,osmo-mobile-6ccd8c4658-4ttj8,3,38
1782471110,gsm-46,osmo-stp-768687f494-z9p8q,1,2
1782471110,gsm-46,ttcn3-tc-26-7-4-5-1-1-xp5mk,1,6
1782471110,gsm-46,virtphy-5cf87d48b9-mvl8m,6,1
1782471113,gsm-46,msc-test-stub-5b875d749d-qwgsn,1,16
1782471113,gsm-46,osmo-bsc-594654bd47-rpdmb,1,5
1782471113,gsm-46,osmo-bts-virtual-5f8b9b86fc-5j5zz,25,5
1782471113,gsm-46,osmo-hlr-546bdb8988-tjzrn,1,2
1782471113,gsm-46,osmo-mgw-8c8fc67d6-jz2rp,1,2
1782471113,gsm-46,osmo-mobile-6ccd8c4658-4ttj8,3,38
1782471113,gsm-46,osmo-stp-768687f494-z9p8q,1,2
1782471113,gsm-46,ttcn3-tc-26-7-4-5-1-1-xp5mk,1,6
1782471113,gsm-46,virtphy-5cf87d48b9-mvl8m,6,1
1782471115,gsm-46,msc-test-stub-5b875d749d-qwgsn,1,16
1782471115,gsm-46,osmo-bsc-594654bd47-rpdmb,1,5
1782471115,gsm-46,osmo-bts-virtual-5f8b9b86fc-5j5zz,25,5
1782471115,gsm-46,osmo-hlr-546bdb8988-tjzrn,1,2
1782471115,gsm-46,osmo-mgw-8c8fc67d6-jz2rp,1,2
1782471115,gsm-46,osmo-mobile-6ccd8c4658-4ttj8,3,38
1782471115,gsm-46,osmo-stp-768687f494-z9p8q,1,2
1782471115,gsm-46,ttcn3-tc-26-7-4-5-1-1-xp5mk,1,6
1782471115,gsm-46,virtphy-5cf87d48b9-mvl8m,6,1
1782471117,gsm-46,msc-test-stub-5b875d749d-qwgsn,1,16
1782471117,gsm-46,osmo-bsc-594654bd47-rpdmb,1,5
1782471117,gsm-46,osmo-bts-virtual-5f8b9b86fc-5j5zz,25,5
1782471117,gsm-46,osmo-hlr-546bdb8988-tjzrn,1,2
1782471117,gsm-46,osmo-mgw-8c8fc67d6-jz2rp,1,2
1782471117,gsm-46,osmo-mobile-6ccd8c4658-4ttj8,3,38
1782471117,gsm-46,osmo-stp-768687f494-z9p8q,1,2
1782471117,gsm-46,ttcn3-tc-26-7-4-5-1-1-xp5mk,1,6
1782471117,gsm-46,virtphy-5cf87d48b9-mvl8m,6,1
1782471119,gsm-46,msc-test-stub-5b875d749d-qwgsn,1,16
1782471119,gsm-46,osmo-bsc-594654bd47-rpdmb,1,5
1782471119,gsm-46,osmo-bts-virtual-5f8b9b86fc-5j5zz,23,5
1782471119,gsm-46,osmo-hlr-546bdb8988-tjzrn,1,2
1782471119,gsm-46,osmo-mgw-8c8fc67d6-jz2rp,1,2
1782471119,gsm-46,osmo-mobile-6ccd8c4658-4ttj8,3,38
1782471119,gsm-46,osmo-stp-768687f494-z9p8q,1,2
1782471119,gsm-46,ttcn3-tc-26-7-4-5-1-1-xp5mk,1,6
1782471119,gsm-46,virtphy-5cf87d48b9-mvl8m,7,1
1782471122,gsm-46,msc-test-stub-5b875d749d-qwgsn,1,16
1782471122,gsm-46,osmo-bsc-594654bd47-rpdmb,1,5
1782471122,gsm-46,osmo-bts-virtual-5f8b9b86fc-5j5zz,23,5
1782471122,gsm-46,osmo-hlr-546bdb8988-tjzrn,1,2
1782471122,gsm-46,osmo-mgw-8c8fc67d6-jz2rp,1,2
1782471122,gsm-46,osmo-mobile-6ccd8c4658-4ttj8,3,38
1782471122,gsm-46,osmo-stp-768687f494-z9p8q,1,2
1782471122,gsm-46,ttcn3-tc-26-7-4-5-1-1-xp5mk,1,6
1782471122,gsm-46,virtphy-5cf87d48b9-mvl8m,7,1
1782471124,gsm-46,msc-test-stub-5b875d749d-qwgsn,1,16
1782471124,gsm-46,osmo-bsc-594654bd47-rpdmb,1,5
1782471124,gsm-46,osmo-bts-virtual-5f8b9b86fc-5j5zz,23,5
1782471124,gsm-46,osmo-hlr-546bdb8988-tjzrn,1,2
1782471124,gsm-46,osmo-mgw-8c8fc67d6-jz2rp,1,2
1782471124,gsm-46,osmo-mobile-6ccd8c4658-4ttj8,3,38
1782471124,gsm-46,osmo-stp-768687f494-z9p8q,1,2
1782471124,gsm-46,ttcn3-tc-26-7-4-5-1-1-xp5mk,1,6
1782471124,gsm-46,virtphy-5cf87d48b9-mvl8m,7,1
1782471126,gsm-46,msc-test-stub-5b875d749d-qwgsn,1,16
1782471126,gsm-46,osmo-bsc-594654bd47-rpdmb,1,5
1782471126,gsm-46,osmo-bts-virtual-5f8b9b86fc-5j5zz,23,5
1782471126,gsm-46,osmo-hlr-546bdb8988-tjzrn,1,2
1782471126,gsm-46,osmo-mgw-8c8fc67d6-jz2rp,1,2
1782471126,gsm-46,osmo-mobile-6ccd8c4658-4ttj8,3,38
1782471126,gsm-46,osmo-stp-768687f494-z9p8q,1,2
1782471126,gsm-46,ttcn3-tc-26-7-4-5-1-1-xp5mk,1,6
1782471126,gsm-46,virtphy-5cf87d48b9-mvl8m,7,1
1782471128,gsm-46,msc-test-stub-5b875d749d-qwgsn,1,16
1782471128,gsm-46,osmo-bsc-594654bd47-rpdmb,1,5
1782471128,gsm-46,osmo-bts-virtual-5f8b9b86fc-5j5zz,23,5
1782471128,gsm-46,osmo-hlr-546bdb8988-tjzrn,1,2
1782471128,gsm-46,osmo-mgw-8c8fc67d6-jz2rp,1,2
1782471128,gsm-46,osmo-mobile-6ccd8c4658-4ttj8,3,38
1782471128,gsm-46,osmo-stp-768687f494-z9p8q,1,2
1782471128,gsm-46,ttcn3-tc-26-7-4-5-1-1-xp5mk,1,6
1782471128,gsm-46,virtphy-5cf87d48b9-mvl8m,7,1
1782471131,gsm-46,msc-test-stub-5b875d749d-qwgsn,1,16
1782471131,gsm-46,osmo-bsc-594654bd47-rpdmb,1,5
1782471131,gsm-46,osmo-bts-virtual-5f8b9b86fc-5j5zz,23,5
1782471131,gsm-46,osmo-hlr-546bdb8988-tjzrn,1,2
1782471131,gsm-46,osmo-mgw-8c8fc67d6-jz2rp,1,2
1782471131,gsm-46,osmo-mobile-6ccd8c4658-4ttj8,3,38
1782471131,gsm-46,osmo-stp-768687f494-z9p8q,1,2
1782471131,gsm-46,ttcn3-tc-26-7-4-5-1-1-xp5mk,1,6
1782471131,gsm-46,virtphy-5cf87d48b9-mvl8m,7,1
1782471133,gsm-46,msc-test-stub-5b875d749d-qwgsn,1,16
1782471133,gsm-46,osmo-bsc-594654bd47-rpdmb,1,5
1782471133,gsm-46,osmo-bts-virtual-5f8b9b86fc-5j5zz,25,5
1782471133,gsm-46,osmo-hlr-546bdb8988-tjzrn,1,2
1782471133,gsm-46,osmo-mgw-8c8fc67d6-jz2rp,1,2
1782471133,gsm-46,osmo-mobile-6ccd8c4658-4ttj8,3,38
1782471133,gsm-46,osmo-stp-768687f494-z9p8q,1,2
1782471133,gsm-46,ttcn3-tc-26-7-4-5-1-1-xp5mk,1,6
1782471133,gsm-46,virtphy-5cf87d48b9-mvl8m,7,1
1782471135,gsm-46,msc-test-stub-5b875d749d-qwgsn,1,16
1782471135,gsm-46,osmo-bsc-594654bd47-rpdmb,1,5
1782471135,gsm-46,osmo-bts-virtual-5f8b9b86fc-5j5zz,25,5
1782471135,gsm-46,osmo-hlr-546bdb8988-tjzrn,1,2
1782471135,gsm-46,osmo-mgw-8c8fc67d6-jz2rp,1,2
1782471135,gsm-46,osmo-mobile-6ccd8c4658-4ttj8,3,38
1782471135,gsm-46,osmo-stp-768687f494-z9p8q,1,2
1782471135,gsm-46,ttcn3-tc-26-7-4-5-1-1-xp5mk,1,6
1782471135,gsm-46,virtphy-5cf87d48b9-mvl8m,7,1
1782471137,gsm-46,msc-test-stub-5b875d749d-qwgsn,1,16
1782471137,gsm-46,osmo-bsc-594654bd47-rpdmb,1,5
1782471137,gsm-46,osmo-bts-virtual-5f8b9b86fc-5j5zz,25,5
1782471137,gsm-46,osmo-hlr-546bdb8988-tjzrn,1,2
1782471137,gsm-46,osmo-mgw-8c8fc67d6-jz2rp,1,2
1782471137,gsm-46,osmo-mobile-6ccd8c4658-4ttj8,3,38
1782471137,gsm-46,osmo-stp-768687f494-z9p8q,1,2
1782471137,gsm-46,ttcn3-tc-26-7-4-5-1-1-xp5mk,1,6
1782471137,gsm-46,virtphy-5cf87d48b9-mvl8m,7,1
1782471140,gsm-46,msc-test-stub-5b875d749d-qwgsn,1,16
1782471140,gsm-46,osmo-bsc-594654bd47-rpdmb,1,5
1782471140,gsm-46,osmo-bts-virtual-5f8b9b86fc-5j5zz,25,5
1782471140,gsm-46,osmo-hlr-546bdb8988-tjzrn,1,2
1782471140,gsm-46,osmo-mgw-8c8fc67d6-jz2rp,1,2
1782471140,gsm-46,osmo-mobile-6ccd8c4658-4ttj8,3,38
1782471140,gsm-46,osmo-stp-768687f494-z9p8q,1,2
1782471140,gsm-46,ttcn3-tc-26-7-4-5-1-1-xp5mk,1,6
1782471140,gsm-46,virtphy-5cf87d48b9-mvl8m,7,1
1782471143,gsm-46,msc-test-stub-5b875d749d-qwgsn,1,16
1782471143,gsm-46,osmo-bsc-594654bd47-rpdmb,1,5
1782471143,gsm-46,osmo-bts-virtual-5f8b9b86fc-5j5zz,25,5
1782471143,gsm-46,osmo-hlr-546bdb8988-tjzrn,1,2
1782471143,gsm-46,osmo-mgw-8c8fc67d6-jz2rp,1,2
1782471143,gsm-46,osmo-mobile-6ccd8c4658-4ttj8,3,38
1782471143,gsm-46,osmo-stp-768687f494-z9p8q,1,2
1782471143,gsm-46,ttcn3-tc-26-7-4-5-1-1-xp5mk,1,6
1782471143,gsm-46,virtphy-5cf87d48b9-mvl8m,7,1
1782471145,gsm-46,msc-test-stub-5b875d749d-qwgsn,1,16
1782471145,gsm-46,osmo-bsc-594654bd47-rpdmb,1,5
1782471145,gsm-46,osmo-bts-virtual-5f8b9b86fc-5j5zz,25,5
1782471145,gsm-46,osmo-hlr-546bdb8988-tjzrn,1,2
1782471145,gsm-46,osmo-mgw-8c8fc67d6-jz2rp,1,2
1782471145,gsm-46,osmo-mobile-6ccd8c4658-4ttj8,3,38
1782471145,gsm-46,osmo-stp-768687f494-z9p8q,1,2
1782471145,gsm-46,ttcn3-tc-26-7-4-5-1-1-xp5mk,1,6
1782471145,gsm-46,virtphy-5cf87d48b9-mvl8m,7,1
1782471148,gsm-46,msc-test-stub-5b875d749d-qwgsn,1,16
1782471148,gsm-46,osmo-bsc-594654bd47-rpdmb,1,5
1782471148,gsm-46,osmo-bts-virtual-5f8b9b86fc-5j5zz,21,5
1782471148,gsm-46,osmo-hlr-546bdb8988-tjzrn,1,2
1782471148,gsm-46,osmo-mgw-8c8fc67d6-jz2rp,1,2
1782471148,gsm-46,osmo-mobile-6ccd8c4658-4ttj8,3,38
1782471148,gsm-46,osmo-stp-768687f494-z9p8q,1,2
1782471148,gsm-46,ttcn3-tc-26-7-4-5-1-1-xp5mk,1,6
1782471148,gsm-46,virtphy-5cf87d48b9-mvl8m,6,1
1782471153,gsm-46,msc-test-stub-5b875d749d-qwgsn,1,16
1782471153,gsm-46,osmo-bsc-594654bd47-rpdmb,1,5
1782471153,gsm-46,osmo-bts-virtual-5f8b9b86fc-5j5zz,21,5
1782471153,gsm-46,osmo-hlr-546bdb8988-tjzrn,1,2
1782471153,gsm-46,osmo-mgw-8c8fc67d6-jz2rp,1,2
1782471153,gsm-46,osmo-mobile-6ccd8c4658-4ttj8,3,38
1782471153,gsm-46,osmo-stp-768687f494-z9p8q,1,2
1782471153,gsm-46,ttcn3-tc-26-7-4-5-1-1-xp5mk,1,6
1782471153,gsm-46,virtphy-5cf87d48b9-mvl8m,6,1
1782471156,gsm-46,msc-test-stub-5b875d749d-qwgsn,1,16
1782471156,gsm-46,osmo-bsc-594654bd47-rpdmb,1,5
1782471156,gsm-46,osmo-bts-virtual-5f8b9b86fc-5j5zz,21,5
1782471156,gsm-46,osmo-hlr-546bdb8988-tjzrn,1,2
1782471156,gsm-46,osmo-mgw-8c8fc67d6-jz2rp,1,2
1782471156,gsm-46,osmo-mobile-6ccd8c4658-4ttj8,3,38
1782471156,gsm-46,osmo-stp-768687f494-z9p8q,1,2
1782471156,gsm-46,ttcn3-tc-26-7-4-5-1-1-xp5mk,1,6
1782471156,gsm-46,virtphy-5cf87d48b9-mvl8m,6,1
1782471158,gsm-46,msc-test-stub-5b875d749d-qwgsn,1,16
1782471158,gsm-46,osmo-bsc-594654bd47-rpdmb,1,5
1782471158,gsm-46,osmo-bts-virtual-5f8b9b86fc-5j5zz,21,5
1782471158,gsm-46,osmo-hlr-546bdb8988-tjzrn,1,2
1782471158,gsm-46,osmo-mgw-8c8fc67d6-jz2rp,1,2
1782471158,gsm-46,osmo-mobile-6ccd8c4658-4ttj8,3,38
1782471158,gsm-46,osmo-stp-768687f494-z9p8q,1,2
1782471158,gsm-46,ttcn3-tc-26-7-4-5-1-1-xp5mk,1,6
1782471158,gsm-46,virtphy-5cf87d48b9-mvl8m,6,1
1782471161,gsm-46,msc-test-stub-5b875d749d-qwgsn,1,16
1782471161,gsm-46,osmo-bsc-594654bd47-rpdmb,1,5
1782471161,gsm-46,osmo-bts-virtual-5f8b9b86fc-5j5zz,21,5
1782471161,gsm-46,osmo-hlr-546bdb8988-tjzrn,1,2
1782471161,gsm-46,osmo-mgw-8c8fc67d6-jz2rp,1,2
1782471161,gsm-46,osmo-mobile-6ccd8c4658-4ttj8,3,38
1782471161,gsm-46,osmo-stp-768687f494-z9p8q,1,2
1782471161,gsm-46,ttcn3-tc-26-7-4-5-1-1-xp5mk,1,6
1782471161,gsm-46,virtphy-5cf87d48b9-mvl8m,6,1
1782471163,gsm-46,msc-test-stub-5b875d749d-qwgsn,1,16
1782471163,gsm-46,osmo-bsc-594654bd47-rpdmb,1,5
1782471163,gsm-46,osmo-bts-virtual-5f8b9b86fc-5j5zz,26,5
1782471163,gsm-46,osmo-hlr-546bdb8988-tjzrn,1,2
1782471163,gsm-46,osmo-mgw-8c8fc67d6-jz2rp,1,2
1782471163,gsm-46,osmo-mobile-6ccd8c4658-4ttj8,3,38
1782471163,gsm-46,osmo-stp-768687f494-z9p8q,1,2
1782471163,gsm-46,ttcn3-tc-26-7-4-5-1-1-xp5mk,1,6
1782471163,gsm-46,virtphy-5cf87d48b9-mvl8m,7,1
1782471165,gsm-46,msc-test-stub-5b875d749d-qwgsn,1,16
1782471165,gsm-46,osmo-bsc-594654bd47-rpdmb,1,5
1782471165,gsm-46,osmo-bts-virtual-5f8b9b86fc-5j5zz,26,5
1782471165,gsm-46,osmo-hlr-546bdb8988-tjzrn,1,2
1782471165,gsm-46,osmo-mgw-8c8fc67d6-jz2rp,1,2
1782471165,gsm-46,osmo-mobile-6ccd8c4658-4ttj8,3,38
1782471165,gsm-46,osmo-stp-768687f494-z9p8q,1,2
1782471165,gsm-46,ttcn3-tc-26-7-4-5-1-1-xp5mk,1,6
1782471165,gsm-46,virtphy-5cf87d48b9-mvl8m,7,1
1782471168,gsm-46,msc-test-stub-5b875d749d-qwgsn,1,16
1782471168,gsm-46,osmo-bsc-594654bd47-rpdmb,1,5
1782471168,gsm-46,osmo-bts-virtual-5f8b9b86fc-5j5zz,26,5
1782471168,gsm-46,osmo-hlr-546bdb8988-tjzrn,1,2
1782471168,gsm-46,osmo-mgw-8c8fc67d6-jz2rp,1,2
1782471168,gsm-46,osmo-mobile-6ccd8c4658-4ttj8,3,38
1782471168,gsm-46,osmo-stp-768687f494-z9p8q,1,2
1782471168,gsm-46,ttcn3-tc-26-7-4-5-1-1-xp5mk,1,6
1782471168,gsm-46,virtphy-5cf87d48b9-mvl8m,7,1
1782471171,gsm-46,msc-test-stub-5b875d749d-qwgsn,1,16
1782471171,gsm-46,osmo-bsc-594654bd47-rpdmb,1,5
1782471171,gsm-46,osmo-bts-virtual-5f8b9b86fc-5j5zz,26,5
1782471171,gsm-46,osmo-hlr-546bdb8988-tjzrn,1,2
1782471171,gsm-46,osmo-mgw-8c8fc67d6-jz2rp,1,2
1782471171,gsm-46,osmo-mobile-6ccd8c4658-4ttj8,3,38
1782471171,gsm-46,osmo-stp-768687f494-z9p8q,1,2
1782471171,gsm-46,ttcn3-tc-26-7-4-5-1-1-xp5mk,1,6
1782471171,gsm-46,virtphy-5cf87d48b9-mvl8m,7,1
1782471174,gsm-46,msc-test-stub-5b875d749d-qwgsn,1,16
1782471174,gsm-46,osmo-bsc-594654bd47-rpdmb,1,5
1782471174,gsm-46,osmo-bts-virtual-5f8b9b86fc-5j5zz,26,5
1782471174,gsm-46,osmo-hlr-546bdb8988-tjzrn,1,2
1782471174,gsm-46,osmo-mgw-8c8fc67d6-jz2rp,1,2
1782471174,gsm-46,osmo-mobile-6ccd8c4658-4ttj8,3,38
1782471174,gsm-46,osmo-stp-768687f494-z9p8q,1,2
1782471174,gsm-46,ttcn3-tc-26-7-4-5-1-1-xp5mk,1,6
1782471174,gsm-46,virtphy-5cf87d48b9-mvl8m,7,1
1782471176,gsm-46,msc-test-stub-5b875d749d-qwgsn,1,16
1782471176,gsm-46,osmo-bsc-594654bd47-rpdmb,1,5
1782471176,gsm-46,osmo-bts-virtual-5f8b9b86fc-5j5zz,26,5
1782471176,gsm-46,osmo-hlr-546bdb8988-tjzrn,1,2
1782471176,gsm-46,osmo-mgw-8c8fc67d6-jz2rp,1,2
1782471176,gsm-46,osmo-mobile-6ccd8c4658-4ttj8,3,38
1782471176,gsm-46,osmo-stp-768687f494-z9p8q,1,2
1782471176,gsm-46,ttcn3-tc-26-7-4-5-1-1-xp5mk,1,6
1782471176,gsm-46,virtphy-5cf87d48b9-mvl8m,7,1
1782471178,gsm-46,msc-test-stub-5b875d749d-qwgsn,1,16
1782471178,gsm-46,osmo-bsc-594654bd47-rpdmb,1,5
1782471178,gsm-46,osmo-bts-virtual-5f8b9b86fc-5j5zz,24,5
1782471178,gsm-46,osmo-hlr-546bdb8988-tjzrn,1,2
1782471178,gsm-46,osmo-mgw-8c8fc67d6-jz2rp,1,2
1782471178,gsm-46,osmo-mobile-6ccd8c4658-4ttj8,3,38
1782471178,gsm-46,osmo-stp-768687f494-z9p8q,1,2
1782471178,gsm-46,ttcn3-tc-26-7-4-5-1-1-xp5mk,1,6
1782471178,gsm-46,virtphy-5cf87d48b9-mvl8m,7,1
1782471181,gsm-46,msc-test-stub-5b875d749d-qwgsn,1,16
1782471181,gsm-46,osmo-bsc-594654bd47-rpdmb,1,5
1782471181,gsm-46,osmo-bts-virtual-5f8b9b86fc-5j5zz,24,5
1782471181,gsm-46,osmo-hlr-546bdb8988-tjzrn,1,2
1782471181,gsm-46,osmo-mgw-8c8fc67d6-jz2rp,1,2
1782471181,gsm-46,osmo-mobile-6ccd8c4658-4ttj8,3,38
1782471181,gsm-46,osmo-stp-768687f494-z9p8q,1,2
1782471181,gsm-46,ttcn3-tc-26-7-4-5-1-1-xp5mk,1,6
1782471181,gsm-46,virtphy-5cf87d48b9-mvl8m,7,1
1782471183,gsm-46,msc-test-stub-5b875d749d-qwgsn,1,16
1782471183,gsm-46,osmo-bsc-594654bd47-rpdmb,1,5
1782471183,gsm-46,osmo-bts-virtual-5f8b9b86fc-5j5zz,24,5
1782471183,gsm-46,osmo-hlr-546bdb8988-tjzrn,1,2
1782471183,gsm-46,osmo-mgw-8c8fc67d6-jz2rp,1,2
1782471183,gsm-46,osmo-mobile-6ccd8c4658-4ttj8,3,38
1782471183,gsm-46,osmo-stp-768687f494-z9p8q,1,2
1782471183,gsm-46,ttcn3-tc-26-7-4-5-1-1-xp5mk,1,6
1782471183,gsm-46,virtphy-5cf87d48b9-mvl8m,7,1
1782471185,gsm-46,msc-test-stub-5b875d749d-qwgsn,1,16
1782471185,gsm-46,osmo-bsc-594654bd47-rpdmb,1,5
1782471185,gsm-46,osmo-bts-virtual-5f8b9b86fc-5j5zz,24,5
1782471185,gsm-46,osmo-hlr-546bdb8988-tjzrn,1,2
1782471185,gsm-46,osmo-mgw-8c8fc67d6-jz2rp,1,2
1782471185,gsm-46,osmo-mobile-6ccd8c4658-4ttj8,3,38
1782471185,gsm-46,osmo-stp-768687f494-z9p8q,1,2
1782471185,gsm-46,ttcn3-tc-26-7-4-5-1-1-xp5mk,1,6
1782471185,gsm-46,virtphy-5cf87d48b9-mvl8m,7,1
1782471188,gsm-46,msc-test-stub-5b875d749d-qwgsn,1,16
1782471188,gsm-46,osmo-bsc-594654bd47-rpdmb,1,5
1782471188,gsm-46,osmo-bts-virtual-5f8b9b86fc-5j5zz,24,5
1782471188,gsm-46,osmo-hlr-546bdb8988-tjzrn,1,2
1782471188,gsm-46,osmo-mgw-8c8fc67d6-jz2rp,1,2
1782471188,gsm-46,osmo-mobile-6ccd8c4658-4ttj8,3,38
1782471188,gsm-46,osmo-stp-768687f494-z9p8q,1,2
1782471188,gsm-46,ttcn3-tc-26-7-4-5-1-1-xp5mk,1,6
1782471188,gsm-46,virtphy-5cf87d48b9-mvl8m,7,1
1782471191,gsm-46,msc-test-stub-5b875d749d-qwgsn,1,16
1782471191,gsm-46,osmo-bsc-594654bd47-rpdmb,1,5
1782471191,gsm-46,osmo-bts-virtual-5f8b9b86fc-5j5zz,24,5
1782471191,gsm-46,osmo-hlr-546bdb8988-tjzrn,1,2
1782471191,gsm-46,osmo-mgw-8c8fc67d6-jz2rp,1,2
1782471191,gsm-46,osmo-mobile-6ccd8c4658-4ttj8,3,38
1782471191,gsm-46,osmo-stp-768687f494-z9p8q,1,2
1782471191,gsm-46,ttcn3-tc-26-7-4-5-1-1-xp5mk,1,6
1782471191,gsm-46,virtphy-5cf87d48b9-mvl8m,7,1
1782471193,gsm-46,msc-test-stub-5b875d749d-qwgsn,1,16
1782471193,gsm-46,osmo-bsc-594654bd47-rpdmb,1,5
1782471193,gsm-46,osmo-bts-virtual-5f8b9b86fc-5j5zz,24,5
1782471193,gsm-46,osmo-hlr-546bdb8988-tjzrn,1,2
1782471193,gsm-46,osmo-mgw-8c8fc67d6-jz2rp,1,2
1782471193,gsm-46,osmo-mobile-6ccd8c4658-4ttj8,2,38
1782471193,gsm-46,osmo-stp-768687f494-z9p8q,1,2
1782471193,gsm-46,ttcn3-tc-26-7-4-5-1-1-xp5mk,1,6
1782471193,gsm-46,virtphy-5cf87d48b9-mvl8m,7,1
1782471195,gsm-46,msc-test-stub-5b875d749d-qwgsn,1,16
1782471195,gsm-46,osmo-bsc-594654bd47-rpdmb,1,5
1782471195,gsm-46,osmo-bts-virtual-5f8b9b86fc-5j5zz,24,5
1782471195,gsm-46,osmo-hlr-546bdb8988-tjzrn,1,2
1782471195,gsm-46,osmo-mgw-8c8fc67d6-jz2rp,1,2
1782471195,gsm-46,osmo-mobile-6ccd8c4658-4ttj8,2,38
1782471195,gsm-46,osmo-stp-768687f494-z9p8q,1,2
1782471195,gsm-46,ttcn3-tc-26-7-4-5-1-1-xp5mk,1,6
1782471195,gsm-46,virtphy-5cf87d48b9-mvl8m,7,1
1782471198,gsm-46,msc-test-stub-5b875d749d-qwgsn,1,16
1782471198,gsm-46,osmo-bsc-594654bd47-rpdmb,1,5
1782471198,gsm-46,osmo-bts-virtual-5f8b9b86fc-5j5zz,24,5
1782471198,gsm-46,osmo-hlr-546bdb8988-tjzrn,1,2
1782471198,gsm-46,osmo-mgw-8c8fc67d6-jz2rp,1,2
1782471198,gsm-46,osmo-mobile-6ccd8c4658-4ttj8,2,38
1782471198,gsm-46,osmo-stp-768687f494-z9p8q,1,2
1782471198,gsm-46,ttcn3-tc-26-7-4-5-1-1-xp5mk,1,6
1782471198,gsm-46,virtphy-5cf87d48b9-mvl8m,7,1
1782471201,gsm-46,msc-test-stub-5b875d749d-qwgsn,1,16
1782471201,gsm-46,osmo-bsc-594654bd47-rpdmb,1,5
1782471201,gsm-46,osmo-bts-virtual-5f8b9b86fc-5j5zz,24,5
1782471201,gsm-46,osmo-hlr-546bdb8988-tjzrn,1,2
1782471201,gsm-46,osmo-mgw-8c8fc67d6-jz2rp,1,2
1782471201,gsm-46,osmo-mobile-6ccd8c4658-4ttj8,2,38
1782471201,gsm-46,osmo-stp-768687f494-z9p8q,1,2
1782471201,gsm-46,ttcn3-tc-26-7-4-5-1-1-xp5mk,1,6
1782471201,gsm-46,virtphy-5cf87d48b9-mvl8m,7,1
1782471203,gsm-46,msc-test-stub-5b875d749d-qwgsn,1,16
1782471203,gsm-46,osmo-bsc-594654bd47-rpdmb,1,5
1782471203,gsm-46,osmo-bts-virtual-5f8b9b86fc-5j5zz,24,5
1782471203,gsm-46,osmo-hlr-546bdb8988-tjzrn,1,2
1782471203,gsm-46,osmo-mgw-8c8fc67d6-jz2rp,1,2
1782471203,gsm-46,osmo-mobile-6ccd8c4658-4ttj8,2,38
1782471203,gsm-46,osmo-stp-768687f494-z9p8q,1,2
1782471203,gsm-46,ttcn3-tc-26-7-4-5-1-1-xp5mk,1,6
1782471203,gsm-46,virtphy-5cf87d48b9-mvl8m,7,1
1782471206,gsm-46,msc-test-stub-5b875d749d-qwgsn,1,16
1782471206,gsm-46,osmo-bsc-594654bd47-rpdmb,1,5
1782471206,gsm-46,osmo-bts-virtual-5f8b9b86fc-5j5zz,24,5
1782471206,gsm-46,osmo-hlr-546bdb8988-tjzrn,1,2
1782471206,gsm-46,osmo-mgw-8c8fc67d6-jz2rp,1,2
1782471206,gsm-46,osmo-mobile-6ccd8c4658-4ttj8,2,38
1782471206,gsm-46,osmo-stp-768687f494-z9p8q,1,2
1782471206,gsm-46,ttcn3-tc-26-7-4-5-1-1-xp5mk,1,6
1782471206,gsm-46,virtphy-5cf87d48b9-mvl8m,7,1
1782471208,gsm-46,msc-test-stub-5b875d749d-qwgsn,1,16
1782471208,gsm-46,osmo-bsc-594654bd47-rpdmb,1,5
1782471208,gsm-46,osmo-bts-virtual-5f8b9b86fc-5j5zz,25,5
1782471208,gsm-46,osmo-hlr-546bdb8988-tjzrn,1,2
1782471208,gsm-46,osmo-mgw-8c8fc67d6-jz2rp,1,2
1782471208,gsm-46,osmo-mobile-6ccd8c4658-4ttj8,3,38
1782471208,gsm-46,osmo-stp-768687f494-z9p8q,1,2
1782471208,gsm-46,ttcn3-tc-26-7-4-5-1-1-xp5mk,1,6
1782471208,gsm-46,virtphy-5cf87d48b9-mvl8m,6,1
1782471210,gsm-46,msc-test-stub-5b875d749d-qwgsn,1,16
1782471210,gsm-46,osmo-bsc-594654bd47-rpdmb,1,5
1782471210,gsm-46,osmo-bts-virtual-5f8b9b86fc-5j5zz,25,5
1782471210,gsm-46,osmo-hlr-546bdb8988-tjzrn,1,2
1782471210,gsm-46,osmo-mgw-8c8fc67d6-jz2rp,1,2
1782471210,gsm-46,osmo-mobile-6ccd8c4658-4ttj8,3,38
1782471210,gsm-46,osmo-stp-768687f494-z9p8q,1,2
1782471210,gsm-46,ttcn3-tc-26-7-4-5-1-1-xp5mk,1,6
1782471210,gsm-46,virtphy-5cf87d48b9-mvl8m,6,1
1782471213,gsm-46,msc-test-stub-5b875d749d-qwgsn,1,16
1782471213,gsm-46,osmo-bsc-594654bd47-rpdmb,1,5
1782471213,gsm-46,osmo-bts-virtual-5f8b9b86fc-5j5zz,25,5
1782471213,gsm-46,osmo-hlr-546bdb8988-tjzrn,1,2
1782471213,gsm-46,osmo-mgw-8c8fc67d6-jz2rp,1,2
1782471213,gsm-46,osmo-mobile-6ccd8c4658-4ttj8,3,38
1782471213,gsm-46,osmo-stp-768687f494-z9p8q,1,2
1782471213,gsm-46,ttcn3-tc-26-7-4-5-1-1-xp5mk,1,6
1782471213,gsm-46,virtphy-5cf87d48b9-mvl8m,6,1
1782471216,gsm-46,msc-test-stub-5b875d749d-qwgsn,1,16
1782471216,gsm-46,osmo-bsc-594654bd47-rpdmb,1,5
1782471216,gsm-46,osmo-bts-virtual-5f8b9b86fc-5j5zz,25,5
1782471216,gsm-46,osmo-hlr-546bdb8988-tjzrn,1,2
1782471216,gsm-46,osmo-mgw-8c8fc67d6-jz2rp,1,2
1782471216,gsm-46,osmo-mobile-6ccd8c4658-4ttj8,3,38
1782471216,gsm-46,osmo-stp-768687f494-z9p8q,1,2
1782471216,gsm-46,ttcn3-tc-26-7-4-5-1-1-xp5mk,1,6
1782471216,gsm-46,virtphy-5cf87d48b9-mvl8m,6,1
1782471218,gsm-46,msc-test-stub-5b875d749d-qwgsn,1,16
1782471218,gsm-46,osmo-bsc-594654bd47-rpdmb,1,5
1782471218,gsm-46,osmo-bts-virtual-5f8b9b86fc-5j5zz,25,5
1782471218,gsm-46,osmo-hlr-546bdb8988-tjzrn,1,2
1782471218,gsm-46,osmo-mgw-8c8fc67d6-jz2rp,1,2
1782471218,gsm-46,osmo-mobile-6ccd8c4658-4ttj8,3,38
1782471218,gsm-46,osmo-stp-768687f494-z9p8q,1,2
1782471218,gsm-46,ttcn3-tc-26-7-4-5-1-1-xp5mk,1,6
1782471218,gsm-46,virtphy-5cf87d48b9-mvl8m,6,1
1782471220,gsm-46,msc-test-stub-5b875d749d-qwgsn,1,16
1782471220,gsm-46,osmo-bsc-594654bd47-rpdmb,1,5
1782471220,gsm-46,osmo-bts-virtual-5f8b9b86fc-5j5zz,25,5
1782471220,gsm-46,osmo-hlr-546bdb8988-tjzrn,1,2
1782471220,gsm-46,osmo-mgw-8c8fc67d6-jz2rp,1,2
1782471220,gsm-46,osmo-mobile-6ccd8c4658-4ttj8,3,38
1782471220,gsm-46,osmo-stp-768687f494-z9p8q,1,2
1782471220,gsm-46,ttcn3-tc-26-7-4-5-1-1-xp5mk,1,6
1782471220,gsm-46,virtphy-5cf87d48b9-mvl8m,6,1
1782471223,gsm-46,msc-test-stub-5b875d749d-qwgsn,1,16
1782471223,gsm-46,osmo-bsc-594654bd47-rpdmb,1,5
1782471223,gsm-46,osmo-bts-virtual-5f8b9b86fc-5j5zz,25,5
1782471223,gsm-46,osmo-hlr-546bdb8988-tjzrn,1,2
1782471223,gsm-46,osmo-mgw-8c8fc67d6-jz2rp,1,2
1782471223,gsm-46,osmo-mobile-6ccd8c4658-4ttj8,2,38
1782471223,gsm-46,osmo-stp-768687f494-z9p8q,1,2
1782471223,gsm-46,ttcn3-tc-26-7-4-5-1-1-xp5mk,1,6
1782471223,gsm-46,virtphy-5cf87d48b9-mvl8m,7,1
1782471225,gsm-46,msc-test-stub-5b875d749d-qwgsn,1,16
1782471225,gsm-46,osmo-bsc-594654bd47-rpdmb,1,5
1782471225,gsm-46,osmo-bts-virtual-5f8b9b86fc-5j5zz,25,5
1782471225,gsm-46,osmo-hlr-546bdb8988-tjzrn,1,2
1782471225,gsm-46,osmo-mgw-8c8fc67d6-jz2rp,1,2
1782471225,gsm-46,osmo-mobile-6ccd8c4658-4ttj8,2,38
1782471225,gsm-46,osmo-stp-768687f494-z9p8q,1,2
1782471225,gsm-46,ttcn3-tc-26-7-4-5-1-1-xp5mk,1,6
1782471225,gsm-46,virtphy-5cf87d48b9-mvl8m,7,1
1782471227,gsm-46,msc-test-stub-5b875d749d-qwgsn,1,16
1782471227,gsm-46,osmo-bsc-594654bd47-rpdmb,1,5
1782471227,gsm-46,osmo-bts-virtual-5f8b9b86fc-5j5zz,25,5
1782471227,gsm-46,osmo-hlr-546bdb8988-tjzrn,1,2
1782471227,gsm-46,osmo-mgw-8c8fc67d6-jz2rp,1,2
1782471227,gsm-46,osmo-mobile-6ccd8c4658-4ttj8,2,38
1782471227,gsm-46,osmo-stp-768687f494-z9p8q,1,2
1782471227,gsm-46,ttcn3-tc-26-7-4-5-1-1-xp5mk,1,6
1782471227,gsm-46,virtphy-5cf87d48b9-mvl8m,7,1
1782471229,gsm-46,msc-test-stub-5b875d749d-qwgsn,1,16
1782471229,gsm-46,osmo-bsc-594654bd47-rpdmb,1,5
1782471229,gsm-46,osmo-bts-virtual-5f8b9b86fc-5j5zz,25,5
1782471229,gsm-46,osmo-hlr-546bdb8988-tjzrn,1,2
1782471229,gsm-46,osmo-mgw-8c8fc67d6-jz2rp,1,2
1782471229,gsm-46,osmo-mobile-6ccd8c4658-4ttj8,2,38
1782471229,gsm-46,osmo-stp-768687f494-z9p8q,1,2
1782471229,gsm-46,ttcn3-tc-26-7-4-5-1-1-xp5mk,1,6
1782471229,gsm-46,virtphy-5cf87d48b9-mvl8m,7,1
1782471232,gsm-46,msc-test-stub-5b875d749d-qwgsn,1,16
1782471232,gsm-46,osmo-bsc-594654bd47-rpdmb,1,5
1782471232,gsm-46,osmo-bts-virtual-5f8b9b86fc-5j5zz,25,5
1782471232,gsm-46,osmo-hlr-546bdb8988-tjzrn,1,2
1782471232,gsm-46,osmo-mgw-8c8fc67d6-jz2rp,1,2
1782471232,gsm-46,osmo-mobile-6ccd8c4658-4ttj8,2,38
1782471232,gsm-46,osmo-stp-768687f494-z9p8q,1,2
1782471232,gsm-46,ttcn3-tc-26-7-4-5-1-1-xp5mk,1,6
1782471232,gsm-46,virtphy-5cf87d48b9-mvl8m,7,1
1782471234,gsm-46,msc-test-stub-5b875d749d-qwgsn,1,16
1782471234,gsm-46,osmo-bsc-594654bd47-rpdmb,1,5
1782471234,gsm-46,osmo-bts-virtual-5f8b9b86fc-5j5zz,25,5
1782471234,gsm-46,osmo-hlr-546bdb8988-tjzrn,1,2
1782471234,gsm-46,osmo-mgw-8c8fc67d6-jz2rp,1,2
1782471234,gsm-46,osmo-mobile-6ccd8c4658-4ttj8,2,38
1782471234,gsm-46,osmo-stp-768687f494-z9p8q,1,2
1782471234,gsm-46,ttcn3-tc-26-7-4-5-1-1-xp5mk,1,6
1782471234,gsm-46,virtphy-5cf87d48b9-mvl8m,7,1
1782471237,gsm-46,msc-test-stub-5b875d749d-qwgsn,1,16
1782471237,gsm-46,osmo-bsc-594654bd47-rpdmb,1,5
1782471237,gsm-46,osmo-bts-virtual-5f8b9b86fc-5j5zz,25,5
1782471237,gsm-46,osmo-hlr-546bdb8988-tjzrn,1,2
1782471237,gsm-46,osmo-mgw-8c8fc67d6-jz2rp,1,2
1782471237,gsm-46,osmo-mobile-6ccd8c4658-4ttj8,2,38
1782471237,gsm-46,osmo-stp-768687f494-z9p8q,1,2
1782471237,gsm-46,ttcn3-tc-26-7-4-5-1-1-xp5mk,1,6
1782471237,gsm-46,virtphy-5cf87d48b9-mvl8m,7,1
1782471239,gsm-46,msc-test-stub-5b875d749d-qwgsn,1,16
1782471239,gsm-46,osmo-bsc-594654bd47-rpdmb,1,5
1782471239,gsm-46,osmo-bts-virtual-5f8b9b86fc-5j5zz,24,5
1782471239,gsm-46,osmo-hlr-546bdb8988-tjzrn,1,2
1782471239,gsm-46,osmo-mgw-8c8fc67d6-jz2rp,1,2
1782471239,gsm-46,osmo-mobile-6ccd8c4658-4ttj8,2,38
1782471239,gsm-46,osmo-stp-768687f494-z9p8q,1,2
1782471239,gsm-46,ttcn3-tc-26-7-4-5-1-1-xp5mk,1,6
1782471239,gsm-46,virtphy-5cf87d48b9-mvl8m,7,1
1782471241,gsm-46,msc-test-stub-5b875d749d-qwgsn,1,16
1782471241,gsm-46,osmo-bsc-594654bd47-rpdmb,1,5
1782471241,gsm-46,osmo-bts-virtual-5f8b9b86fc-5j5zz,24,5
1782471241,gsm-46,osmo-hlr-546bdb8988-tjzrn,1,2
1782471241,gsm-46,osmo-mgw-8c8fc67d6-jz2rp,1,2
1782471241,gsm-46,osmo-mobile-6ccd8c4658-4ttj8,2,38
1782471241,gsm-46,osmo-stp-768687f494-z9p8q,1,2
1782471241,gsm-46,ttcn3-tc-26-7-4-5-1-1-xp5mk,1,6
1782471241,gsm-46,virtphy-5cf87d48b9-mvl8m,7,1
1782471243,gsm-46,msc-test-stub-5b875d749d-qwgsn,1,16
1782471243,gsm-46,osmo-bsc-594654bd47-rpdmb,1,5
1782471243,gsm-46,osmo-bts-virtual-5f8b9b86fc-5j5zz,24,5
1782471243,gsm-46,osmo-hlr-546bdb8988-tjzrn,1,2
1782471243,gsm-46,osmo-mgw-8c8fc67d6-jz2rp,1,2
1782471243,gsm-46,osmo-mobile-6ccd8c4658-4ttj8,2,38
1782471243,gsm-46,osmo-stp-768687f494-z9p8q,1,2
1782471243,gsm-46,ttcn3-tc-26-7-4-5-1-1-xp5mk,1,6
1782471243,gsm-46,virtphy-5cf87d48b9-mvl8m,7,1
1782471246,gsm-46,msc-test-stub-5b875d749d-qwgsn,1,16
1782471246,gsm-46,osmo-bsc-594654bd47-rpdmb,1,5
1782471246,gsm-46,osmo-bts-virtual-5f8b9b86fc-5j5zz,24,5
1782471246,gsm-46,osmo-hlr-546bdb8988-tjzrn,1,2
1782471246,gsm-46,osmo-mgw-8c8fc67d6-jz2rp,1,2
1782471246,gsm-46,osmo-mobile-6ccd8c4658-4ttj8,2,38
1782471246,gsm-46,osmo-stp-768687f494-z9p8q,1,2
1782471246,gsm-46,ttcn3-tc-26-7-4-5-1-1-xp5mk,1,6
1782471246,gsm-46,virtphy-5cf87d48b9-mvl8m,7,1
1782471249,gsm-46,msc-test-stub-5b875d749d-qwgsn,1,16
1782471249,gsm-46,osmo-bsc-594654bd47-rpdmb,1,5
1782471249,gsm-46,osmo-bts-virtual-5f8b9b86fc-5j5zz,24,5
1782471249,gsm-46,osmo-hlr-546bdb8988-tjzrn,1,2
1782471249,gsm-46,osmo-mgw-8c8fc67d6-jz2rp,1,2
1782471249,gsm-46,osmo-mobile-6ccd8c4658-4ttj8,2,38
1782471249,gsm-46,osmo-stp-768687f494-z9p8q,1,2
1782471249,gsm-46,ttcn3-tc-26-7-4-5-1-1-xp5mk,1,6
1782471249,gsm-46,virtphy-5cf87d48b9-mvl8m,7,1
1782471251,gsm-46,msc-test-stub-5b875d749d-qwgsn,1,16
1782471251,gsm-46,osmo-bsc-594654bd47-rpdmb,1,5
1782471251,gsm-46,osmo-bts-virtual-5f8b9b86fc-5j5zz,24,5
1782471251,gsm-46,osmo-hlr-546bdb8988-tjzrn,1,2
1782471251,gsm-46,osmo-mgw-8c8fc67d6-jz2rp,1,2
1782471251,gsm-46,osmo-mobile-6ccd8c4658-4ttj8,2,38
1782471251,gsm-46,osmo-stp-768687f494-z9p8q,1,2
1782471251,gsm-46,ttcn3-tc-26-7-4-5-1-1-xp5mk,1,6
1782471251,gsm-46,virtphy-5cf87d48b9-mvl8m,7,1
1782471253,gsm-46,msc-test-stub-5b875d749d-qwgsn,1,16
1782471253,gsm-46,osmo-bsc-594654bd47-rpdmb,1,5
1782471253,gsm-46,osmo-bts-virtual-5f8b9b86fc-5j5zz,24,5
1782471253,gsm-46,osmo-hlr-546bdb8988-tjzrn,1,2
1782471253,gsm-46,osmo-mgw-8c8fc67d6-jz2rp,1,2
1782471253,gsm-46,osmo-mobile-6ccd8c4658-4ttj8,2,38
1782471253,gsm-46,osmo-stp-768687f494-z9p8q,1,2
1782471253,gsm-46,ttcn3-tc-26-7-4-5-1-1-xp5mk,1,6
1782471253,gsm-46,virtphy-5cf87d48b9-mvl8m,7,1
1782471256,gsm-46,msc-test-stub-5b875d749d-qwgsn,1,16
1782471256,gsm-46,osmo-bsc-594654bd47-rpdmb,1,5
1782471256,gsm-46,osmo-bts-virtual-5f8b9b86fc-5j5zz,24,5
1782471256,gsm-46,osmo-hlr-546bdb8988-tjzrn,1,2
1782471256,gsm-46,osmo-mgw-8c8fc67d6-jz2rp,1,2
1782471256,gsm-46,osmo-mobile-6ccd8c4658-4ttj8,2,38
1782471256,gsm-46,osmo-stp-768687f494-z9p8q,1,2
1782471256,gsm-46,ttcn3-tc-26-7-4-5-1-1-xp5mk,1,6
1782471256,gsm-46,virtphy-5cf87d48b9-mvl8m,7,1
1782471258,gsm-46,msc-test-stub-5b875d749d-qwgsn,1,16
1782471258,gsm-46,osmo-bsc-594654bd47-rpdmb,1,5
1782471258,gsm-46,osmo-bts-virtual-5f8b9b86fc-5j5zz,24,5
1782471258,gsm-46,osmo-hlr-546bdb8988-tjzrn,1,2
1782471258,gsm-46,osmo-mgw-8c8fc67d6-jz2rp,1,2
1782471258,gsm-46,osmo-mobile-6ccd8c4658-4ttj8,2,38
1782471258,gsm-46,osmo-stp-768687f494-z9p8q,1,2
1782471258,gsm-46,ttcn3-tc-26-7-4-5-1-1-xp5mk,1,6
1782471258,gsm-46,virtphy-5cf87d48b9-mvl8m,7,1
1782471260,gsm-46,msc-test-stub-5b875d749d-qwgsn,1,16
1782471260,gsm-46,osmo-bsc-594654bd47-rpdmb,1,5
1782471260,gsm-46,osmo-bts-virtual-5f8b9b86fc-5j5zz,24,5
1782471260,gsm-46,osmo-hlr-546bdb8988-tjzrn,1,2
1782471260,gsm-46,osmo-mgw-8c8fc67d6-jz2rp,1,2
1782471260,gsm-46,osmo-mobile-6ccd8c4658-4ttj8,2,38
1782471260,gsm-46,osmo-stp-768687f494-z9p8q,1,2
1782471260,gsm-46,ttcn3-tc-26-7-4-5-1-1-xp5mk,1,6
1782471260,gsm-46,virtphy-5cf87d48b9-mvl8m,7,1
1782471263,gsm-46,msc-test-stub-5b875d749d-qwgsn,1,16
1782471263,gsm-46,osmo-bsc-594654bd47-rpdmb,1,5
1782471263,gsm-46,osmo-bts-virtual-5f8b9b86fc-5j5zz,24,5
1782471263,gsm-46,osmo-hlr-546bdb8988-tjzrn,1,2
1782471263,gsm-46,osmo-mgw-8c8fc67d6-jz2rp,1,2
1782471263,gsm-46,osmo-mobile-6ccd8c4658-4ttj8,2,38
1782471263,gsm-46,osmo-stp-768687f494-z9p8q,1,2
1782471263,gsm-46,ttcn3-tc-26-7-4-5-1-1-xp5mk,1,6
1782471263,gsm-46,virtphy-5cf87d48b9-mvl8m,7,1
1782471266,gsm-46,msc-test-stub-5b875d749d-qwgsn,1,16
1782471266,gsm-46,osmo-bsc-594654bd47-rpdmb,1,5
1782471266,gsm-46,osmo-bts-virtual-5f8b9b86fc-5j5zz,24,5
1782471266,gsm-46,osmo-hlr-546bdb8988-tjzrn,1,2
1782471266,gsm-46,osmo-mgw-8c8fc67d6-jz2rp,1,2
1782471266,gsm-46,osmo-mobile-6ccd8c4658-4ttj8,2,38
1782471266,gsm-46,osmo-stp-768687f494-z9p8q,1,2
1782471266,gsm-46,ttcn3-tc-26-7-4-5-1-1-xp5mk,1,6
1782471266,gsm-46,virtphy-5cf87d48b9-mvl8m,7,1
1782471268,gsm-46,msc-test-stub-5b875d749d-qwgsn,1,16
1782471268,gsm-46,osmo-bsc-594654bd47-rpdmb,1,5
1782471268,gsm-46,osmo-bts-virtual-5f8b9b86fc-5j5zz,27,5
1782471268,gsm-46,osmo-hlr-546bdb8988-tjzrn,1,2
1782471268,gsm-46,osmo-mgw-8c8fc67d6-jz2rp,1,2
1782471268,gsm-46,osmo-mobile-6ccd8c4658-4ttj8,2,38
1782471268,gsm-46,osmo-stp-768687f494-z9p8q,1,2
1782471268,gsm-46,ttcn3-tc-26-7-4-5-1-1-xp5mk,1,6
1782471268,gsm-46,virtphy-5cf87d48b9-mvl8m,6,1
1782471270,gsm-46,msc-test-stub-5b875d749d-qwgsn,1,16
1782471270,gsm-46,osmo-bsc-594654bd47-rpdmb,1,5
1782471270,gsm-46,osmo-bts-virtual-5f8b9b86fc-5j5zz,27,5
1782471270,gsm-46,osmo-hlr-546bdb8988-tjzrn,1,2
1782471270,gsm-46,osmo-mgw-8c8fc67d6-jz2rp,1,2
1782471270,gsm-46,osmo-mobile-6ccd8c4658-4ttj8,2,38
1782471270,gsm-46,osmo-stp-768687f494-z9p8q,1,2
1782471270,gsm-46,ttcn3-tc-26-7-4-5-1-1-xp5mk,1,6
1782471270,gsm-46,virtphy-5cf87d48b9-mvl8m,6,1
1782471273,gsm-46,msc-test-stub-5b875d749d-qwgsn,1,16
1782471273,gsm-46,osmo-bsc-594654bd47-rpdmb,1,5
1782471273,gsm-46,osmo-bts-virtual-5f8b9b86fc-5j5zz,27,5
1782471273,gsm-46,osmo-hlr-546bdb8988-tjzrn,1,2
1782471273,gsm-46,osmo-mgw-8c8fc67d6-jz2rp,1,2
1782471273,gsm-46,osmo-mobile-6ccd8c4658-4ttj8,2,38
1782471273,gsm-46,osmo-stp-768687f494-z9p8q,1,2
1782471273,gsm-46,ttcn3-tc-26-7-4-5-1-1-xp5mk,1,6
1782471273,gsm-46,virtphy-5cf87d48b9-mvl8m,6,1
1782471275,gsm-46,msc-test-stub-5b875d749d-qwgsn,1,16
1782471275,gsm-46,osmo-bsc-594654bd47-rpdmb,1,5
1782471275,gsm-46,osmo-bts-virtual-5f8b9b86fc-5j5zz,27,5
1782471275,gsm-46,osmo-hlr-546bdb8988-tjzrn,1,2
1782471275,gsm-46,osmo-mgw-8c8fc67d6-jz2rp,1,2
1782471275,gsm-46,osmo-mobile-6ccd8c4658-4ttj8,2,38
1782471275,gsm-46,osmo-stp-768687f494-z9p8q,1,2
1782471275,gsm-46,ttcn3-tc-26-7-4-5-1-1-xp5mk,1,6
1782471275,gsm-46,virtphy-5cf87d48b9-mvl8m,6,1
1782471277,gsm-46,msc-test-stub-5b875d749d-qwgsn,1,16
1782471277,gsm-46,osmo-bsc-594654bd47-rpdmb,1,5
1782471277,gsm-46,osmo-bts-virtual-5f8b9b86fc-5j5zz,27,5
1782471277,gsm-46,osmo-hlr-546bdb8988-tjzrn,1,2
1782471277,gsm-46,osmo-mgw-8c8fc67d6-jz2rp,1,2
1782471277,gsm-46,osmo-mobile-6ccd8c4658-4ttj8,2,38
1782471277,gsm-46,osmo-stp-768687f494-z9p8q,1,2
1782471277,gsm-46,ttcn3-tc-26-7-4-5-1-1-xp5mk,1,6
1782471277,gsm-46,virtphy-5cf87d48b9-mvl8m,6,1
1782471280,gsm-46,msc-test-stub-5b875d749d-qwgsn,1,16
1782471280,gsm-46,osmo-bsc-594654bd47-rpdmb,1,5
1782471280,gsm-46,osmo-bts-virtual-5f8b9b86fc-5j5zz,27,5
1782471280,gsm-46,osmo-hlr-546bdb8988-tjzrn,1,2
1782471280,gsm-46,osmo-mgw-8c8fc67d6-jz2rp,1,2
1782471280,gsm-46,osmo-mobile-6ccd8c4658-4ttj8,2,38
1782471280,gsm-46,osmo-stp-768687f494-z9p8q,1,2
1782471280,gsm-46,ttcn3-tc-26-7-4-5-1-1-xp5mk,1,6
1782471280,gsm-46,virtphy-5cf87d48b9-mvl8m,6,1
1782471283,gsm-46,msc-test-stub-5b875d749d-qwgsn,1,16
1782471283,gsm-46,osmo-bsc-594654bd47-rpdmb,1,5
1782471283,gsm-46,osmo-bts-virtual-5f8b9b86fc-5j5zz,27,5
1782471283,gsm-46,osmo-hlr-546bdb8988-tjzrn,1,2
1782471283,gsm-46,osmo-mgw-8c8fc67d6-jz2rp,1,2
1782471283,gsm-46,osmo-mobile-6ccd8c4658-4ttj8,3,38
1782471283,gsm-46,osmo-stp-768687f494-z9p8q,1,2
1782471283,gsm-46,ttcn3-tc-26-7-4-5-1-1-xp5mk,1,6
1782471283,gsm-46,virtphy-5cf87d48b9-mvl8m,6,1
1782471285,gsm-46,msc-test-stub-5b875d749d-qwgsn,1,16
1782471285,gsm-46,osmo-bsc-594654bd47-rpdmb,1,5
1782471285,gsm-46,osmo-bts-virtual-5f8b9b86fc-5j5zz,27,5
1782471285,gsm-46,osmo-hlr-546bdb8988-tjzrn,1,2
1782471285,gsm-46,osmo-mgw-8c8fc67d6-jz2rp,1,2
1782471285,gsm-46,osmo-mobile-6ccd8c4658-4ttj8,3,38
1782471285,gsm-46,osmo-stp-768687f494-z9p8q,1,2
1782471285,gsm-46,ttcn3-tc-26-7-4-5-1-1-xp5mk,1,6
1782471285,gsm-46,virtphy-5cf87d48b9-mvl8m,6,1
1782471288,gsm-46,msc-test-stub-5b875d749d-qwgsn,1,16
1782471288,gsm-46,osmo-bsc-594654bd47-rpdmb,1,5
1782471288,gsm-46,osmo-bts-virtual-5f8b9b86fc-5j5zz,27,5
1782471288,gsm-46,osmo-hlr-546bdb8988-tjzrn,1,2
1782471288,gsm-46,osmo-mgw-8c8fc67d6-jz2rp,1,2
1782471288,gsm-46,osmo-mobile-6ccd8c4658-4ttj8,3,38
1782471288,gsm-46,osmo-stp-768687f494-z9p8q,1,2
1782471288,gsm-46,ttcn3-tc-26-7-4-5-1-1-xp5mk,1,6
1782471288,gsm-46,virtphy-5cf87d48b9-mvl8m,6,1
1782471291,gsm-46,msc-test-stub-5b875d749d-qwgsn,1,16
1782471291,gsm-46,osmo-bsc-594654bd47-rpdmb,1,5
1782471291,gsm-46,osmo-bts-virtual-5f8b9b86fc-5j5zz,27,5
1782471291,gsm-46,osmo-hlr-546bdb8988-tjzrn,1,2
1782471291,gsm-46,osmo-mgw-8c8fc67d6-jz2rp,1,2
1782471291,gsm-46,osmo-mobile-6ccd8c4658-4ttj8,3,38
1782471291,gsm-46,osmo-stp-768687f494-z9p8q,1,2
1782471291,gsm-46,ttcn3-tc-26-7-4-5-1-1-xp5mk,1,6
1782471291,gsm-46,virtphy-5cf87d48b9-mvl8m,6,1
1782471293,gsm-46,msc-test-stub-5b875d749d-qwgsn,1,16
1782471293,gsm-46,osmo-bsc-594654bd47-rpdmb,1,5
1782471293,gsm-46,osmo-bts-virtual-5f8b9b86fc-5j5zz,27,5
1782471293,gsm-46,osmo-hlr-546bdb8988-tjzrn,1,2
1782471293,gsm-46,osmo-mgw-8c8fc67d6-jz2rp,1,2
1782471293,gsm-46,osmo-mobile-6ccd8c4658-4ttj8,3,38
1782471293,gsm-46,osmo-stp-768687f494-z9p8q,1,2
1782471293,gsm-46,ttcn3-tc-26-7-4-5-1-1-xp5mk,1,6
1782471293,gsm-46,virtphy-5cf87d48b9-mvl8m,6,1
1782471295,gsm-46,msc-test-stub-5b875d749d-qwgsn,1,16
1782471295,gsm-46,osmo-bsc-594654bd47-rpdmb,1,5
1782471295,gsm-46,osmo-bts-virtual-5f8b9b86fc-5j5zz,27,5
1782471295,gsm-46,osmo-hlr-546bdb8988-tjzrn,1,2
1782471295,gsm-46,osmo-mgw-8c8fc67d6-jz2rp,1,2
1782471295,gsm-46,osmo-mobile-6ccd8c4658-4ttj8,3,38
1782471295,gsm-46,osmo-stp-768687f494-z9p8q,1,2
1782471295,gsm-46,ttcn3-tc-26-7-4-5-1-1-xp5mk,1,6
1782471295,gsm-46,virtphy-5cf87d48b9-mvl8m,6,1
1782471297,gsm-46,msc-test-stub-5b875d749d-qwgsn,1,16
1782471297,gsm-46,osmo-bsc-594654bd47-rpdmb,1,5
1782471297,gsm-46,osmo-bts-virtual-5f8b9b86fc-5j5zz,24,5
1782471297,gsm-46,osmo-hlr-546bdb8988-tjzrn,1,2
1782471297,gsm-46,osmo-mgw-8c8fc67d6-jz2rp,1,2
1782471297,gsm-46,osmo-mobile-6ccd8c4658-4ttj8,3,38
1782471297,gsm-46,osmo-stp-768687f494-z9p8q,1,2
1782471297,gsm-46,ttcn3-tc-26-7-4-5-1-1-xp5mk,1,6
1782471297,gsm-46,virtphy-5cf87d48b9-mvl8m,7,1
1782471301,gsm-46,msc-test-stub-5b875d749d-qwgsn,1,16
1782471301,gsm-46,osmo-bsc-594654bd47-rpdmb,1,5
1782471301,gsm-46,osmo-bts-virtual-5f8b9b86fc-5j5zz,24,5
1782471301,gsm-46,osmo-hlr-546bdb8988-tjzrn,1,2
1782471301,gsm-46,osmo-mgw-8c8fc67d6-jz2rp,1,2
1782471301,gsm-46,osmo-mobile-6ccd8c4658-4ttj8,3,38
1782471301,gsm-46,osmo-stp-768687f494-z9p8q,1,2
1782471301,gsm-46,ttcn3-tc-26-7-4-5-1-1-xp5mk,1,6
1782471301,gsm-46,virtphy-5cf87d48b9-mvl8m,7,1
1782471303,gsm-46,msc-test-stub-5b875d749d-qwgsn,1,16
1782471303,gsm-46,osmo-bsc-594654bd47-rpdmb,1,5
1782471303,gsm-46,osmo-bts-virtual-5f8b9b86fc-5j5zz,24,5
1782471303,gsm-46,osmo-hlr-546bdb8988-tjzrn,1,2
1782471303,gsm-46,osmo-mgw-8c8fc67d6-jz2rp,1,2
1782471303,gsm-46,osmo-mobile-6ccd8c4658-4ttj8,3,38
1782471303,gsm-46,osmo-stp-768687f494-z9p8q,1,2
1782471303,gsm-46,ttcn3-tc-26-7-4-5-1-1-xp5mk,1,6
1782471303,gsm-46,virtphy-5cf87d48b9-mvl8m,7,1
1782471306,gsm-46,msc-test-stub-5b875d749d-qwgsn,1,16
1782471306,gsm-46,osmo-bsc-594654bd47-rpdmb,1,5
1782471306,gsm-46,osmo-bts-virtual-5f8b9b86fc-5j5zz,24,5
1782471306,gsm-46,osmo-hlr-546bdb8988-tjzrn,1,2
1782471306,gsm-46,osmo-mgw-8c8fc67d6-jz2rp,1,2
1782471306,gsm-46,osmo-mobile-6ccd8c4658-4ttj8,3,38
1782471306,gsm-46,osmo-stp-768687f494-z9p8q,1,2
1782471306,gsm-46,ttcn3-tc-26-7-4-5-1-1-xp5mk,1,6
1782471306,gsm-46,virtphy-5cf87d48b9-mvl8m,7,1
1782471308,gsm-46,msc-test-stub-5b875d749d-qwgsn,1,16
1782471308,gsm-46,osmo-bsc-594654bd47-rpdmb,1,5
1782471308,gsm-46,osmo-bts-virtual-5f8b9b86fc-5j5zz,24,5
1782471308,gsm-46,osmo-hlr-546bdb8988-tjzrn,1,2
1782471308,gsm-46,osmo-mgw-8c8fc67d6-jz2rp,1,2
1782471308,gsm-46,osmo-mobile-6ccd8c4658-4ttj8,3,38
1782471308,gsm-46,osmo-stp-768687f494-z9p8q,1,2
1782471308,gsm-46,ttcn3-tc-26-7-4-5-1-1-xp5mk,1,6
1782471308,gsm-46,virtphy-5cf87d48b9-mvl8m,7,1
1782471311,gsm-46,msc-test-stub-5b875d749d-qwgsn,1,16
1782471311,gsm-46,osmo-bsc-594654bd47-rpdmb,1,5
1782471311,gsm-46,osmo-bts-virtual-5f8b9b86fc-5j5zz,24,5
1782471311,gsm-46,osmo-hlr-546bdb8988-tjzrn,1,2
1782471311,gsm-46,osmo-mgw-8c8fc67d6-jz2rp,1,2
1782471311,gsm-46,osmo-mobile-6ccd8c4658-4ttj8,3,38
1782471311,gsm-46,osmo-stp-768687f494-z9p8q,1,2
1782471311,gsm-46,ttcn3-tc-26-7-4-5-1-1-xp5mk,1,6
1782471311,gsm-46,virtphy-5cf87d48b9-mvl8m,7,1
1782471313,gsm-46,msc-test-stub-5b875d749d-qwgsn,1,16
1782471313,gsm-46,osmo-bsc-594654bd47-rpdmb,1,5
1782471313,gsm-46,osmo-bts-virtual-5f8b9b86fc-5j5zz,25,5
1782471313,gsm-46,osmo-hlr-546bdb8988-tjzrn,1,2
1782471313,gsm-46,osmo-mgw-8c8fc67d6-jz2rp,1,2
1782471313,gsm-46,osmo-mobile-6ccd8c4658-4ttj8,2,38
1782471313,gsm-46,osmo-stp-768687f494-z9p8q,1,2
1782471313,gsm-46,ttcn3-tc-26-7-4-5-1-1-xp5mk,1,6
1782471313,gsm-46,virtphy-5cf87d48b9-mvl8m,7,4
1782471315,gsm-46,msc-test-stub-5b875d749d-qwgsn,1,16
1782471315,gsm-46,osmo-bsc-594654bd47-rpdmb,1,5
1782471315,gsm-46,osmo-bts-virtual-5f8b9b86fc-5j5zz,25,5
1782471315,gsm-46,osmo-hlr-546bdb8988-tjzrn,1,2
1782471315,gsm-46,osmo-mgw-8c8fc67d6-jz2rp,1,2
1782471315,gsm-46,osmo-mobile-6ccd8c4658-4ttj8,2,38
1782471315,gsm-46,osmo-stp-768687f494-z9p8q,1,2
1782471315,gsm-46,ttcn3-tc-26-7-4-5-1-1-xp5mk,1,6
1782471315,gsm-46,virtphy-5cf87d48b9-mvl8m,7,4
1782471318,gsm-46,msc-test-stub-5b875d749d-qwgsn,1,16
1782471318,gsm-46,osmo-bsc-594654bd47-rpdmb,1,5
1782471318,gsm-46,osmo-bts-virtual-5f8b9b86fc-5j5zz,25,5
1782471318,gsm-46,osmo-hlr-546bdb8988-tjzrn,1,2
1782471318,gsm-46,osmo-mgw-8c8fc67d6-jz2rp,1,2
1782471318,gsm-46,osmo-mobile-6ccd8c4658-4ttj8,2,38
1782471318,gsm-46,osmo-stp-768687f494-z9p8q,1,2
1782471318,gsm-46,ttcn3-tc-26-7-4-5-1-1-xp5mk,1,6
1782471318,gsm-46,virtphy-5cf87d48b9-mvl8m,7,4
1782471320,gsm-46,msc-test-stub-5b875d749d-qwgsn,1,16
1782471320,gsm-46,osmo-bsc-594654bd47-rpdmb,1,5
1782471320,gsm-46,osmo-bts-virtual-5f8b9b86fc-5j5zz,25,5
1782471320,gsm-46,osmo-hlr-546bdb8988-tjzrn,1,2
1782471320,gsm-46,osmo-mgw-8c8fc67d6-jz2rp,1,2
1782471320,gsm-46,osmo-mobile-6ccd8c4658-4ttj8,2,38
1782471320,gsm-46,osmo-stp-768687f494-z9p8q,1,2
1782471320,gsm-46,ttcn3-tc-26-7-4-5-1-1-xp5mk,1,6
1782471320,gsm-46,virtphy-5cf87d48b9-mvl8m,7,4
1782471323,gsm-46,msc-test-stub-5b875d749d-qwgsn,1,16
1782471323,gsm-46,osmo-bsc-594654bd47-rpdmb,1,5
1782471323,gsm-46,osmo-bts-virtual-5f8b9b86fc-5j5zz,25,5
1782471323,gsm-46,osmo-hlr-546bdb8988-tjzrn,1,2
1782471323,gsm-46,osmo-mgw-8c8fc67d6-jz2rp,1,2
1782471323,gsm-46,osmo-mobile-6ccd8c4658-4ttj8,2,38
1782471323,gsm-46,osmo-stp-768687f494-z9p8q,1,2
1782471323,gsm-46,ttcn3-tc-26-7-4-5-1-1-xp5mk,1,6
1782471323,gsm-46,virtphy-5cf87d48b9-mvl8m,7,4
1782471325,gsm-46,msc-test-stub-5b875d749d-qwgsn,1,16
1782471325,gsm-46,osmo-bsc-594654bd47-rpdmb,1,5
1782471325,gsm-46,osmo-bts-virtual-5f8b9b86fc-5j5zz,25,5
1782471325,gsm-46,osmo-hlr-546bdb8988-tjzrn,1,2
1782471325,gsm-46,osmo-mgw-8c8fc67d6-jz2rp,1,2
1782471325,gsm-46,osmo-mobile-6ccd8c4658-4ttj8,2,38
1782471325,gsm-46,osmo-stp-768687f494-z9p8q,1,2
1782471325,gsm-46,ttcn3-tc-26-7-4-5-1-1-xp5mk,1,6
1782471325,gsm-46,virtphy-5cf87d48b9-mvl8m,7,4
1782471328,gsm-46,msc-test-stub-5b875d749d-qwgsn,1,16
1782471328,gsm-46,osmo-bsc-594654bd47-rpdmb,1,5
1782471328,gsm-46,osmo-bts-virtual-5f8b9b86fc-5j5zz,24,5
1782471328,gsm-46,osmo-hlr-546bdb8988-tjzrn,1,2
1782471328,gsm-46,osmo-mgw-8c8fc67d6-jz2rp,1,2
1782471328,gsm-46,osmo-mobile-6ccd8c4658-4ttj8,3,38
1782471328,gsm-46,osmo-stp-768687f494-z9p8q,1,2
1782471328,gsm-46,ttcn3-tc-26-7-4-5-1-1-xp5mk,1,6
1782471328,gsm-46,virtphy-5cf87d48b9-mvl8m,6,1
1782471330,gsm-46,msc-test-stub-5b875d749d-qwgsn,1,16
1782471330,gsm-46,osmo-bsc-594654bd47-rpdmb,1,5
1782471330,gsm-46,osmo-bts-virtual-5f8b9b86fc-5j5zz,24,5
1782471330,gsm-46,osmo-hlr-546bdb8988-tjzrn,1,2
1782471330,gsm-46,osmo-mgw-8c8fc67d6-jz2rp,1,2
1782471330,gsm-46,osmo-mobile-6ccd8c4658-4ttj8,3,38
1782471330,gsm-46,osmo-stp-768687f494-z9p8q,1,2
1782471330,gsm-46,ttcn3-tc-26-7-4-5-1-1-xp5mk,1,6
1782471330,gsm-46,virtphy-5cf87d48b9-mvl8m,6,1
1782471332,gsm-46,msc-test-stub-5b875d749d-qwgsn,1,16
1782471332,gsm-46,osmo-bsc-594654bd47-rpdmb,1,5
1782471332,gsm-46,osmo-bts-virtual-5f8b9b86fc-5j5zz,24,5
1782471332,gsm-46,osmo-hlr-546bdb8988-tjzrn,1,2
1782471332,gsm-46,osmo-mgw-8c8fc67d6-jz2rp,1,2
1782471332,gsm-46,osmo-mobile-6ccd8c4658-4ttj8,3,38
1782471332,gsm-46,osmo-stp-768687f494-z9p8q,1,2
1782471332,gsm-46,ttcn3-tc-26-7-4-5-1-1-xp5mk,1,6
1782471332,gsm-46,virtphy-5cf87d48b9-mvl8m,6,1
1782471335,gsm-46,msc-test-stub-5b875d749d-qwgsn,1,16
1782471335,gsm-46,osmo-bsc-594654bd47-rpdmb,1,5
1782471335,gsm-46,osmo-bts-virtual-5f8b9b86fc-5j5zz,24,5
1782471335,gsm-46,osmo-hlr-546bdb8988-tjzrn,1,2
1782471335,gsm-46,osmo-mgw-8c8fc67d6-jz2rp,1,2
1782471335,gsm-46,osmo-mobile-6ccd8c4658-4ttj8,3,38
1782471335,gsm-46,osmo-stp-768687f494-z9p8q,1,2
1782471335,gsm-46,ttcn3-tc-26-7-4-5-1-1-xp5mk,1,6
1782471335,gsm-46,virtphy-5cf87d48b9-mvl8m,6,1
1782471337,gsm-46,msc-test-stub-5b875d749d-qwgsn,1,16
1782471337,gsm-46,osmo-bsc-594654bd47-rpdmb,1,5
1782471337,gsm-46,osmo-bts-virtual-5f8b9b86fc-5j5zz,24,5
1782471337,gsm-46,osmo-hlr-546bdb8988-tjzrn,1,2
1782471337,gsm-46,osmo-mgw-8c8fc67d6-jz2rp,1,2
1782471337,gsm-46,osmo-mobile-6ccd8c4658-4ttj8,3,38
1782471337,gsm-46,osmo-stp-768687f494-z9p8q,1,2
1782471337,gsm-46,ttcn3-tc-26-7-4-5-1-1-xp5mk,1,6
1782471337,gsm-46,virtphy-5cf87d48b9-mvl8m,6,1
1782471339,gsm-46,msc-test-stub-5b875d749d-qwgsn,1,16
1782471339,gsm-46,osmo-bsc-594654bd47-rpdmb,1,5
1782471339,gsm-46,osmo-bts-virtual-5f8b9b86fc-5j5zz,24,5
1782471339,gsm-46,osmo-hlr-546bdb8988-tjzrn,1,2
1782471339,gsm-46,osmo-mgw-8c8fc67d6-jz2rp,1,2
1782471339,gsm-46,osmo-mobile-6ccd8c4658-4ttj8,3,38
1782471339,gsm-46,osmo-stp-768687f494-z9p8q,1,2
1782471339,gsm-46,ttcn3-tc-26-7-4-5-1-1-xp5mk,1,6
1782471339,gsm-46,virtphy-5cf87d48b9-mvl8m,6,1
1782471342,gsm-46,msc-test-stub-5b875d749d-qwgsn,1,16
1782471342,gsm-46,osmo-bsc-594654bd47-rpdmb,1,5
1782471342,gsm-46,osmo-bts-virtual-5f8b9b86fc-5j5zz,24,5
1782471342,gsm-46,osmo-hlr-546bdb8988-tjzrn,1,2
1782471342,gsm-46,osmo-mgw-8c8fc67d6-jz2rp,1,2
1782471342,gsm-46,osmo-mobile-6ccd8c4658-4ttj8,3,38
1782471342,gsm-46,osmo-stp-768687f494-z9p8q,1,2
1782471342,gsm-46,ttcn3-tc-26-7-4-5-1-1-xp5mk,1,6
1782471342,gsm-46,virtphy-5cf87d48b9-mvl8m,6,1
1782471344,gsm-46,msc-test-stub-5b875d749d-qwgsn,1,16
1782471344,gsm-46,osmo-bsc-594654bd47-rpdmb,1,5
1782471344,gsm-46,osmo-bts-virtual-5f8b9b86fc-5j5zz,25,5
1782471344,gsm-46,osmo-hlr-546bdb8988-tjzrn,1,2
1782471344,gsm-46,osmo-mgw-8c8fc67d6-jz2rp,1,2
1782471344,gsm-46,osmo-mobile-6ccd8c4658-4ttj8,3,38
1782471344,gsm-46,osmo-stp-768687f494-z9p8q,1,2
1782471344,gsm-46,ttcn3-tc-26-7-4-5-1-1-xp5mk,1,6
1782471344,gsm-46,virtphy-5cf87d48b9-mvl8m,6,1
1782471346,gsm-46,msc-test-stub-5b875d749d-qwgsn,1,16
1782471346,gsm-46,osmo-bsc-594654bd47-rpdmb,1,5
1782471346,gsm-46,osmo-bts-virtual-5f8b9b86fc-5j5zz,25,5
1782471346,gsm-46,osmo-hlr-546bdb8988-tjzrn,1,2
1782471346,gsm-46,osmo-mgw-8c8fc67d6-jz2rp,1,2
1782471346,gsm-46,osmo-mobile-6ccd8c4658-4ttj8,3,38
1782471346,gsm-46,osmo-stp-768687f494-z9p8q,1,2
1782471346,gsm-46,ttcn3-tc-26-7-4-5-1-1-xp5mk,1,6
1782471346,gsm-46,virtphy-5cf87d48b9-mvl8m,6,1
1782471349,gsm-46,msc-test-stub-5b875d749d-qwgsn,1,16
1782471349,gsm-46,osmo-bsc-594654bd47-rpdmb,1,5
1782471349,gsm-46,osmo-bts-virtual-5f8b9b86fc-5j5zz,25,5
1782471349,gsm-46,osmo-hlr-546bdb8988-tjzrn,1,2
1782471349,gsm-46,osmo-mgw-8c8fc67d6-jz2rp,1,2
1782471349,gsm-46,osmo-mobile-6ccd8c4658-4ttj8,3,38
1782471349,gsm-46,osmo-stp-768687f494-z9p8q,1,2
1782471349,gsm-46,ttcn3-tc-26-7-4-5-1-1-xp5mk,1,6
1782471349,gsm-46,virtphy-5cf87d48b9-mvl8m,6,1
1782471351,gsm-46,msc-test-stub-5b875d749d-qwgsn,1,16
1782471351,gsm-46,osmo-bsc-594654bd47-rpdmb,1,5
1782471351,gsm-46,osmo-bts-virtual-5f8b9b86fc-5j5zz,25,5
1782471351,gsm-46,osmo-hlr-546bdb8988-tjzrn,1,2
1782471351,gsm-46,osmo-mgw-8c8fc67d6-jz2rp,1,2
1782471351,gsm-46,osmo-mobile-6ccd8c4658-4ttj8,3,38
1782471351,gsm-46,osmo-stp-768687f494-z9p8q,1,2
1782471351,gsm-46,ttcn3-tc-26-7-4-5-1-1-xp5mk,1,6
1782471351,gsm-46,virtphy-5cf87d48b9-mvl8m,6,1
1782471353,gsm-46,msc-test-stub-5b875d749d-qwgsn,1,16
1782471353,gsm-46,osmo-bsc-594654bd47-rpdmb,1,5
1782471353,gsm-46,osmo-bts-virtual-5f8b9b86fc-5j5zz,25,5
1782471353,gsm-46,osmo-hlr-546bdb8988-tjzrn,1,2
1782471353,gsm-46,osmo-mgw-8c8fc67d6-jz2rp,1,2
1782471353,gsm-46,osmo-mobile-6ccd8c4658-4ttj8,3,38
1782471353,gsm-46,osmo-stp-768687f494-z9p8q,1,2
1782471353,gsm-46,ttcn3-tc-26-7-4-5-1-1-xp5mk,1,6
1782471353,gsm-46,virtphy-5cf87d48b9-mvl8m,6,1
1782471356,gsm-46,msc-test-stub-5b875d749d-qwgsn,1,16
1782471356,gsm-46,osmo-bsc-594654bd47-rpdmb,1,5
1782471356,gsm-46,osmo-bts-virtual-5f8b9b86fc-5j5zz,25,5
1782471356,gsm-46,osmo-hlr-546bdb8988-tjzrn,1,2
1782471356,gsm-46,osmo-mgw-8c8fc67d6-jz2rp,1,2
1782471356,gsm-46,osmo-mobile-6ccd8c4658-4ttj8,3,38
1782471356,gsm-46,osmo-stp-768687f494-z9p8q,1,2
1782471356,gsm-46,ttcn3-tc-26-7-4-5-1-1-xp5mk,1,6
1782471356,gsm-46,virtphy-5cf87d48b9-mvl8m,6,1
1782471358,gsm-46,msc-test-stub-5b875d749d-qwgsn,1,16
1782471358,gsm-46,osmo-bsc-594654bd47-rpdmb,1,5
1782471358,gsm-46,osmo-bts-virtual-5f8b9b86fc-5j5zz,24,5
1782471358,gsm-46,osmo-hlr-546bdb8988-tjzrn,1,2
1782471358,gsm-46,osmo-mgw-8c8fc67d6-jz2rp,1,2
1782471358,gsm-46,osmo-mobile-6ccd8c4658-4ttj8,3,38
1782471358,gsm-46,osmo-stp-768687f494-z9p8q,1,2
1782471358,gsm-46,ttcn3-tc-26-7-4-5-1-1-xp5mk,1,6
1782471358,gsm-46,virtphy-5cf87d48b9-mvl8m,6,1
1782471361,gsm-46,msc-test-stub-5b875d749d-qwgsn,1,16
1782471361,gsm-46,osmo-bsc-594654bd47-rpdmb,1,5
1782471361,gsm-46,osmo-bts-virtual-5f8b9b86fc-5j5zz,24,5
1782471361,gsm-46,osmo-hlr-546bdb8988-tjzrn,1,2
1782471361,gsm-46,osmo-mgw-8c8fc67d6-jz2rp,1,2
1782471361,gsm-46,osmo-mobile-6ccd8c4658-4ttj8,3,38
1782471361,gsm-46,osmo-stp-768687f494-z9p8q,1,2
1782471361,gsm-46,ttcn3-tc-26-7-4-5-1-1-xp5mk,1,6
1782471361,gsm-46,virtphy-5cf87d48b9-mvl8m,6,1
1782471363,gsm-46,msc-test-stub-5b875d749d-qwgsn,1,16
1782471363,gsm-46,osmo-bsc-594654bd47-rpdmb,1,5
1782471363,gsm-46,osmo-bts-virtual-5f8b9b86fc-5j5zz,24,5
1782471363,gsm-46,osmo-hlr-546bdb8988-tjzrn,1,2
1782471363,gsm-46,osmo-mgw-8c8fc67d6-jz2rp,1,2
1782471363,gsm-46,osmo-mobile-6ccd8c4658-4ttj8,3,38
1782471363,gsm-46,osmo-stp-768687f494-z9p8q,1,2
1782471363,gsm-46,ttcn3-tc-26-7-4-5-1-1-xp5mk,1,6
1782471363,gsm-46,virtphy-5cf87d48b9-mvl8m,6,1
1782471366,gsm-46,msc-test-stub-5b875d749d-qwgsn,1,16
1782471366,gsm-46,osmo-bsc-594654bd47-rpdmb,1,5
1782471366,gsm-46,osmo-bts-virtual-5f8b9b86fc-5j5zz,24,5
1782471366,gsm-46,osmo-hlr-546bdb8988-tjzrn,1,2
1782471366,gsm-46,osmo-mgw-8c8fc67d6-jz2rp,1,2
1782471366,gsm-46,osmo-mobile-6ccd8c4658-4ttj8,3,38
1782471366,gsm-46,osmo-stp-768687f494-z9p8q,1,2
1782471366,gsm-46,ttcn3-tc-26-7-4-5-1-1-xp5mk,1,6
1782471366,gsm-46,virtphy-5cf87d48b9-mvl8m,6,1
1782471368,gsm-46,msc-test-stub-5b875d749d-qwgsn,1,16
1782471368,gsm-46,osmo-bsc-594654bd47-rpdmb,1,5
1782471368,gsm-46,osmo-bts-virtual-5f8b9b86fc-5j5zz,24,5
1782471368,gsm-46,osmo-hlr-546bdb8988-tjzrn,1,2
1782471368,gsm-46,osmo-mgw-8c8fc67d6-jz2rp,1,2
1782471368,gsm-46,osmo-mobile-6ccd8c4658-4ttj8,3,38
1782471368,gsm-46,osmo-stp-768687f494-z9p8q,1,2
1782471368,gsm-46,ttcn3-tc-26-7-4-5-1-1-xp5mk,1,6
1782471368,gsm-46,virtphy-5cf87d48b9-mvl8m,6,1
1782471371,gsm-46,msc-test-stub-5b875d749d-qwgsn,1,16
1782471371,gsm-46,osmo-bsc-594654bd47-rpdmb,1,5
1782471371,gsm-46,osmo-bts-virtual-5f8b9b86fc-5j5zz,24,5
1782471371,gsm-46,osmo-hlr-546bdb8988-tjzrn,1,2
1782471371,gsm-46,osmo-mgw-8c8fc67d6-jz2rp,1,2
1782471371,gsm-46,osmo-mobile-6ccd8c4658-4ttj8,3,38
1782471371,gsm-46,osmo-stp-768687f494-z9p8q,1,2
1782471371,gsm-46,ttcn3-tc-26-7-4-5-1-1-xp5mk,1,6
1782471371,gsm-46,virtphy-5cf87d48b9-mvl8m,6,1
1782471373,gsm-46,msc-test-stub-5b875d749d-qwgsn,1,16
1782471373,gsm-46,osmo-bsc-594654bd47-rpdmb,1,5
1782471373,gsm-46,osmo-bts-virtual-5f8b9b86fc-5j5zz,24,5
1782471373,gsm-46,osmo-hlr-546bdb8988-tjzrn,1,2
1782471373,gsm-46,osmo-mgw-8c8fc67d6-jz2rp,1,2
1782471373,gsm-46,osmo-mobile-6ccd8c4658-4ttj8,3,38
1782471373,gsm-46,osmo-stp-768687f494-z9p8q,1,2
1782471373,gsm-46,ttcn3-tc-26-7-4-5-1-1-xp5mk,1,6
1782471373,gsm-46,virtphy-5cf87d48b9-mvl8m,6,1
1782471376,gsm-46,msc-test-stub-5b875d749d-qwgsn,1,16
1782471376,gsm-46,osmo-bsc-594654bd47-rpdmb,1,5
1782471376,gsm-46,osmo-bts-virtual-5f8b9b86fc-5j5zz,24,5
1782471376,gsm-46,osmo-hlr-546bdb8988-tjzrn,1,2
1782471376,gsm-46,osmo-mgw-8c8fc67d6-jz2rp,1,2
1782471376,gsm-46,osmo-mobile-6ccd8c4658-4ttj8,3,38
1782471376,gsm-46,osmo-stp-768687f494-z9p8q,1,2
1782471376,gsm-46,ttcn3-tc-26-7-4-5-1-1-xp5mk,1,6
1782471376,gsm-46,virtphy-5cf87d48b9-mvl8m,6,1
1782471378,gsm-46,msc-test-stub-5b875d749d-qwgsn,1,16
1782471378,gsm-46,osmo-bsc-594654bd47-rpdmb,1,5
1782471378,gsm-46,osmo-bts-virtual-5f8b9b86fc-5j5zz,24,5
1782471378,gsm-46,osmo-hlr-546bdb8988-tjzrn,1,2
1782471378,gsm-46,osmo-mgw-8c8fc67d6-jz2rp,1,2
1782471378,gsm-46,osmo-mobile-6ccd8c4658-4ttj8,3,38
1782471378,gsm-46,osmo-stp-768687f494-z9p8q,1,2
1782471378,gsm-46,ttcn3-tc-26-7-4-5-1-1-xp5mk,1,6
1782471378,gsm-46,virtphy-5cf87d48b9-mvl8m,6,1
1782471380,gsm-46,msc-test-stub-5b875d749d-qwgsn,1,16
1782471380,gsm-46,osmo-bsc-594654bd47-rpdmb,1,5
1782471380,gsm-46,osmo-bts-virtual-5f8b9b86fc-5j5zz,24,5
1782471380,gsm-46,osmo-hlr-546bdb8988-tjzrn,1,2
1782471380,gsm-46,osmo-mgw-8c8fc67d6-jz2rp,1,2
1782471380,gsm-46,osmo-mobile-6ccd8c4658-4ttj8,3,38
1782471380,gsm-46,osmo-stp-768687f494-z9p8q,1,2
1782471380,gsm-46,ttcn3-tc-26-7-4-5-1-1-xp5mk,1,6
1782471380,gsm-46,virtphy-5cf87d48b9-mvl8m,6,1
1782471383,gsm-46,msc-test-stub-5b875d749d-qwgsn,1,16
1782471383,gsm-46,osmo-bsc-594654bd47-rpdmb,1,5
1782471383,gsm-46,osmo-bts-virtual-5f8b9b86fc-5j5zz,24,5
1782471383,gsm-46,osmo-hlr-546bdb8988-tjzrn,1,2
1782471383,gsm-46,osmo-mgw-8c8fc67d6-jz2rp,1,2
1782471383,gsm-46,osmo-mobile-6ccd8c4658-4ttj8,3,38
1782471383,gsm-46,osmo-stp-768687f494-z9p8q,1,2
1782471383,gsm-46,ttcn3-tc-26-7-4-5-1-1-xp5mk,1,6
1782471383,gsm-46,virtphy-5cf87d48b9-mvl8m,6,1
1782471385,gsm-46,msc-test-stub-5b875d749d-qwgsn,1,16
1782471385,gsm-46,osmo-bsc-594654bd47-rpdmb,1,5
1782471385,gsm-46,osmo-bts-virtual-5f8b9b86fc-5j5zz,24,5
1782471385,gsm-46,osmo-hlr-546bdb8988-tjzrn,1,2
1782471385,gsm-46,osmo-mgw-8c8fc67d6-jz2rp,1,2
1782471385,gsm-46,osmo-mobile-6ccd8c4658-4ttj8,3,38
1782471385,gsm-46,osmo-stp-768687f494-z9p8q,1,2
1782471385,gsm-46,ttcn3-tc-26-7-4-5-1-1-xp5mk,1,6
1782471385,gsm-46,virtphy-5cf87d48b9-mvl8m,6,1
1782471388,gsm-46,msc-test-stub-5b875d749d-qwgsn,1,16
1782471388,gsm-46,osmo-bsc-594654bd47-rpdmb,1,5
1782471388,gsm-46,osmo-bts-virtual-5f8b9b86fc-5j5zz,24,5
1782471388,gsm-46,osmo-hlr-546bdb8988-tjzrn,1,2
1782471388,gsm-46,osmo-mgw-8c8fc67d6-jz2rp,1,2
1782471388,gsm-46,osmo-mobile-6ccd8c4658-4ttj8,3,38
1782471388,gsm-46,osmo-stp-768687f494-z9p8q,1,2
1782471388,gsm-46,ttcn3-tc-26-7-4-5-1-1-xp5mk,1,6
1782471388,gsm-46,virtphy-5cf87d48b9-mvl8m,7,1
1782471391,gsm-46,msc-test-stub-5b875d749d-qwgsn,1,16
1782471391,gsm-46,osmo-bsc-594654bd47-rpdmb,1,5
1782471391,gsm-46,osmo-bts-virtual-5f8b9b86fc-5j5zz,24,5
1782471391,gsm-46,osmo-hlr-546bdb8988-tjzrn,1,2
1782471391,gsm-46,osmo-mgw-8c8fc67d6-jz2rp,1,2
1782471391,gsm-46,osmo-mobile-6ccd8c4658-4ttj8,3,38
1782471391,gsm-46,osmo-stp-768687f494-z9p8q,1,2
1782471391,gsm-46,ttcn3-tc-26-7-4-5-1-1-xp5mk,1,6
1782471391,gsm-46,virtphy-5cf87d48b9-mvl8m,7,1
1782471393,gsm-46,msc-test-stub-5b875d749d-qwgsn,1,16
1782471393,gsm-46,osmo-bsc-594654bd47-rpdmb,1,5
1782471393,gsm-46,osmo-bts-virtual-5f8b9b86fc-5j5zz,24,5
1782471393,gsm-46,osmo-hlr-546bdb8988-tjzrn,1,2
1782471393,gsm-46,osmo-mgw-8c8fc67d6-jz2rp,1,2
1782471393,gsm-46,osmo-mobile-6ccd8c4658-4ttj8,3,38
1782471393,gsm-46,osmo-stp-768687f494-z9p8q,1,2
1782471393,gsm-46,ttcn3-tc-26-7-4-5-1-1-xp5mk,1,6
1782471393,gsm-46,virtphy-5cf87d48b9-mvl8m,7,1
1782471396,gsm-46,msc-test-stub-5b875d749d-qwgsn,1,16
1782471396,gsm-46,osmo-bsc-594654bd47-rpdmb,1,5
1782471396,gsm-46,osmo-bts-virtual-5f8b9b86fc-5j5zz,24,5
1782471396,gsm-46,osmo-hlr-546bdb8988-tjzrn,1,2
1782471396,gsm-46,osmo-mgw-8c8fc67d6-jz2rp,1,2
1782471396,gsm-46,osmo-mobile-6ccd8c4658-4ttj8,3,38
1782471396,gsm-46,osmo-stp-768687f494-z9p8q,1,2
1782471396,gsm-46,ttcn3-tc-26-7-4-5-1-1-xp5mk,1,6
1782471396,gsm-46,virtphy-5cf87d48b9-mvl8m,7,1
1782471398,gsm-46,msc-test-stub-5b875d749d-qwgsn,1,16
1782471398,gsm-46,osmo-bsc-594654bd47-rpdmb,1,5
1782471398,gsm-46,osmo-bts-virtual-5f8b9b86fc-5j5zz,24,5
1782471398,gsm-46,osmo-hlr-546bdb8988-tjzrn,1,2
1782471398,gsm-46,osmo-mgw-8c8fc67d6-jz2rp,1,2
1782471398,gsm-46,osmo-mobile-6ccd8c4658-4ttj8,3,38
1782471398,gsm-46,osmo-stp-768687f494-z9p8q,1,2
1782471398,gsm-46,ttcn3-tc-26-7-4-5-1-1-xp5mk,1,6
1782471398,gsm-46,virtphy-5cf87d48b9-mvl8m,7,1
1782471400,gsm-46,msc-test-stub-5b875d749d-qwgsn,1,16
1782471400,gsm-46,osmo-bsc-594654bd47-rpdmb,1,5
1782471400,gsm-46,osmo-bts-virtual-5f8b9b86fc-5j5zz,24,5
1782471400,gsm-46,osmo-hlr-546bdb8988-tjzrn,1,2
1782471400,gsm-46,osmo-mgw-8c8fc67d6-jz2rp,1,2
1782471400,gsm-46,osmo-mobile-6ccd8c4658-4ttj8,3,38
1782471400,gsm-46,osmo-stp-768687f494-z9p8q,1,2
1782471400,gsm-46,ttcn3-tc-26-7-4-5-1-1-xp5mk,1,6
1782471400,gsm-46,virtphy-5cf87d48b9-mvl8m,7,1
1782471403,gsm-46,msc-test-stub-5b875d749d-qwgsn,1,16
1782471403,gsm-46,osmo-bsc-594654bd47-rpdmb,1,5
1782471403,gsm-46,osmo-bts-virtual-5f8b9b86fc-5j5zz,24,5
1782471403,gsm-46,osmo-hlr-546bdb8988-tjzrn,1,2
1782471403,gsm-46,osmo-mgw-8c8fc67d6-jz2rp,1,2
1782471403,gsm-46,osmo-mobile-6ccd8c4658-4ttj8,3,37
1782471403,gsm-46,osmo-stp-768687f494-z9p8q,1,2
1782471403,gsm-46,ttcn3-tc-26-7-4-5-1-1-xp5mk,1,6
1782471403,gsm-46,virtphy-5cf87d48b9-mvl8m,6,1
1782471406,gsm-46,msc-test-stub-5b875d749d-qwgsn,1,16
1782471406,gsm-46,osmo-bsc-594654bd47-rpdmb,1,5
1782471406,gsm-46,osmo-bts-virtual-5f8b9b86fc-5j5zz,24,5
1782471406,gsm-46,osmo-hlr-546bdb8988-tjzrn,1,2
1782471406,gsm-46,osmo-mgw-8c8fc67d6-jz2rp,1,2
1782471406,gsm-46,osmo-mobile-6ccd8c4658-4ttj8,3,37
1782471406,gsm-46,osmo-stp-768687f494-z9p8q,1,2
1782471406,gsm-46,ttcn3-tc-26-7-4-5-1-1-xp5mk,1,6
1782471406,gsm-46,virtphy-5cf87d48b9-mvl8m,6,1
1782471409,gsm-46,msc-test-stub-5b875d749d-qwgsn,1,16
1782471409,gsm-46,osmo-bsc-594654bd47-rpdmb,1,5
1782471409,gsm-46,osmo-bts-virtual-5f8b9b86fc-5j5zz,24,5
1782471409,gsm-46,osmo-hlr-546bdb8988-tjzrn,1,2
1782471409,gsm-46,osmo-mgw-8c8fc67d6-jz2rp,1,2
1782471409,gsm-46,osmo-mobile-6ccd8c4658-4ttj8,3,37
1782471409,gsm-46,osmo-stp-768687f494-z9p8q,1,2
1782471409,gsm-46,ttcn3-tc-26-7-4-5-1-1-xp5mk,1,6
1782471409,gsm-46,virtphy-5cf87d48b9-mvl8m,6,1
1782471412,gsm-46,msc-test-stub-5b875d749d-qwgsn,1,16
1782471412,gsm-46,osmo-bsc-594654bd47-rpdmb,1,5
1782471412,gsm-46,osmo-bts-virtual-5f8b9b86fc-5j5zz,24,5
1782471412,gsm-46,osmo-hlr-546bdb8988-tjzrn,1,2
1782471412,gsm-46,osmo-mgw-8c8fc67d6-jz2rp,1,2
1782471412,gsm-46,osmo-mobile-6ccd8c4658-4ttj8,3,37
1782471412,gsm-46,osmo-stp-768687f494-z9p8q,1,2
1782471412,gsm-46,ttcn3-tc-26-7-4-5-1-1-xp5mk,1,6
1782471412,gsm-46,virtphy-5cf87d48b9-mvl8m,6,1
1782471415,gsm-46,msc-test-stub-5b875d749d-qwgsn,1,16
1782471415,gsm-46,osmo-bsc-594654bd47-rpdmb,1,5
1782471415,gsm-46,osmo-bts-virtual-5f8b9b86fc-5j5zz,24,5
1782471415,gsm-46,osmo-hlr-546bdb8988-tjzrn,1,2
1782471415,gsm-46,osmo-mgw-8c8fc67d6-jz2rp,1,2
1782471415,gsm-46,osmo-mobile-6ccd8c4658-4ttj8,3,37
1782471415,gsm-46,osmo-stp-768687f494-z9p8q,1,2
1782471415,gsm-46,ttcn3-tc-26-7-4-5-1-1-xp5mk,1,6
1782471415,gsm-46,virtphy-5cf87d48b9-mvl8m,6,1
1782471418,gsm-46,msc-test-stub-5b875d749d-qwgsn,1,16
1782471418,gsm-46,osmo-bsc-594654bd47-rpdmb,1,5
1782471418,gsm-46,osmo-bts-virtual-5f8b9b86fc-5j5zz,25,5
1782471418,gsm-46,osmo-hlr-546bdb8988-tjzrn,1,2
1782471418,gsm-46,osmo-mgw-8c8fc67d6-jz2rp,1,2
1782471418,gsm-46,osmo-mobile-6ccd8c4658-4ttj8,3,37
1782471418,gsm-46,osmo-stp-768687f494-z9p8q,1,2
1782471418,gsm-46,ttcn3-tc-26-7-4-5-1-1-xp5mk,1,6
1782471418,gsm-46,virtphy-5cf87d48b9-mvl8m,6,1
1782471420,gsm-46,msc-test-stub-5b875d749d-qwgsn,1,16
1782471420,gsm-46,osmo-bsc-594654bd47-rpdmb,1,5
1782471420,gsm-46,osmo-bts-virtual-5f8b9b86fc-5j5zz,25,5
1782471420,gsm-46,osmo-hlr-546bdb8988-tjzrn,1,2
1782471420,gsm-46,osmo-mgw-8c8fc67d6-jz2rp,1,2
1782471420,gsm-46,osmo-mobile-6ccd8c4658-4ttj8,3,37
1782471420,gsm-46,osmo-stp-768687f494-z9p8q,1,2
1782471420,gsm-46,ttcn3-tc-26-7-4-5-1-1-xp5mk,1,6
1782471420,gsm-46,virtphy-5cf87d48b9-mvl8m,6,1
1782471423,gsm-46,msc-test-stub-5b875d749d-qwgsn,1,16
1782471423,gsm-46,osmo-bsc-594654bd47-rpdmb,1,5
1782471423,gsm-46,osmo-bts-virtual-5f8b9b86fc-5j5zz,25,5
1782471423,gsm-46,osmo-hlr-546bdb8988-tjzrn,1,2
1782471423,gsm-46,osmo-mgw-8c8fc67d6-jz2rp,1,2
1782471423,gsm-46,osmo-mobile-6ccd8c4658-4ttj8,3,37
1782471423,gsm-46,osmo-stp-768687f494-z9p8q,1,2
1782471423,gsm-46,ttcn3-tc-26-7-4-5-1-1-xp5mk,1,6
1782471423,gsm-46,virtphy-5cf87d48b9-mvl8m,6,1
1782471425,gsm-46,msc-test-stub-5b875d749d-qwgsn,1,16
1782471425,gsm-46,osmo-bsc-594654bd47-rpdmb,1,5
1782471425,gsm-46,osmo-bts-virtual-5f8b9b86fc-5j5zz,25,5
1782471425,gsm-46,osmo-hlr-546bdb8988-tjzrn,1,2
1782471425,gsm-46,osmo-mgw-8c8fc67d6-jz2rp,1,2
1782471425,gsm-46,osmo-mobile-6ccd8c4658-4ttj8,3,37
1782471425,gsm-46,osmo-stp-768687f494-z9p8q,1,2
1782471425,gsm-46,ttcn3-tc-26-7-4-5-1-1-xp5mk,1,6
1782471425,gsm-46,virtphy-5cf87d48b9-mvl8m,6,1
1782471428,gsm-46,msc-test-stub-5b875d749d-qwgsn,1,16
1782471428,gsm-46,osmo-bsc-594654bd47-rpdmb,1,5
1782471428,gsm-46,osmo-bts-virtual-5f8b9b86fc-5j5zz,25,5
1782471428,gsm-46,osmo-hlr-546bdb8988-tjzrn,1,2
1782471428,gsm-46,osmo-mgw-8c8fc67d6-jz2rp,1,2
1782471428,gsm-46,osmo-mobile-6ccd8c4658-4ttj8,3,37
1782471428,gsm-46,osmo-stp-768687f494-z9p8q,1,2
1782471428,gsm-46,ttcn3-tc-26-7-4-5-1-1-xp5mk,1,6
1782471428,gsm-46,virtphy-5cf87d48b9-mvl8m,6,1
1782471430,gsm-46,msc-test-stub-5b875d749d-qwgsn,1,16
1782471430,gsm-46,osmo-bsc-594654bd47-rpdmb,1,5
1782471430,gsm-46,osmo-bts-virtual-5f8b9b86fc-5j5zz,25,5
1782471430,gsm-46,osmo-hlr-546bdb8988-tjzrn,1,2
1782471430,gsm-46,osmo-mgw-8c8fc67d6-jz2rp,1,2
1782471430,gsm-46,osmo-mobile-6ccd8c4658-4ttj8,3,37
1782471430,gsm-46,osmo-stp-768687f494-z9p8q,1,2
1782471430,gsm-46,ttcn3-tc-26-7-4-5-1-1-xp5mk,1,6
1782471430,gsm-46,virtphy-5cf87d48b9-mvl8m,6,1
1782471433,gsm-46,msc-test-stub-5b875d749d-qwgsn,1,16
1782471433,gsm-46,osmo-bsc-594654bd47-rpdmb,1,5
1782471433,gsm-46,osmo-bts-virtual-5f8b9b86fc-5j5zz,22,5
1782471433,gsm-46,osmo-hlr-546bdb8988-tjzrn,1,2
1782471433,gsm-46,osmo-mgw-8c8fc67d6-jz2rp,1,2
1782471433,gsm-46,osmo-mobile-6ccd8c4658-4ttj8,3,37
1782471433,gsm-46,osmo-stp-768687f494-z9p8q,1,2
1782471433,gsm-46,ttcn3-tc-26-7-4-5-1-1-xp5mk,1,6
1782471433,gsm-46,virtphy-5cf87d48b9-mvl8m,7,1
1782471435,gsm-46,msc-test-stub-5b875d749d-qwgsn,1,16
1782471435,gsm-46,osmo-bsc-594654bd47-rpdmb,1,5
1782471435,gsm-46,osmo-bts-virtual-5f8b9b86fc-5j5zz,22,5
1782471435,gsm-46,osmo-hlr-546bdb8988-tjzrn,1,2
1782471435,gsm-46,osmo-mgw-8c8fc67d6-jz2rp,1,2
1782471435,gsm-46,osmo-mobile-6ccd8c4658-4ttj8,3,37
1782471435,gsm-46,osmo-stp-768687f494-z9p8q,1,2
1782471435,gsm-46,ttcn3-tc-26-7-4-5-1-1-xp5mk,1,6
1782471435,gsm-46,virtphy-5cf87d48b9-mvl8m,7,1
1782471438,gsm-46,msc-test-stub-5b875d749d-qwgsn,1,16
1782471438,gsm-46,osmo-bsc-594654bd47-rpdmb,1,5
1782471438,gsm-46,osmo-bts-virtual-5f8b9b86fc-5j5zz,22,5
1782471438,gsm-46,osmo-hlr-546bdb8988-tjzrn,1,2
1782471438,gsm-46,osmo-mgw-8c8fc67d6-jz2rp,1,2
1782471438,gsm-46,osmo-mobile-6ccd8c4658-4ttj8,3,37
1782471438,gsm-46,osmo-stp-768687f494-z9p8q,1,2
1782471438,gsm-46,ttcn3-tc-26-7-4-5-1-1-xp5mk,1,6
1782471438,gsm-46,virtphy-5cf87d48b9-mvl8m,7,1
1782471440,gsm-46,msc-test-stub-5b875d749d-qwgsn,1,16
1782471440,gsm-46,osmo-bsc-594654bd47-rpdmb,1,5
1782471440,gsm-46,osmo-bts-virtual-5f8b9b86fc-5j5zz,22,5
1782471440,gsm-46,osmo-hlr-546bdb8988-tjzrn,1,2
1782471440,gsm-46,osmo-mgw-8c8fc67d6-jz2rp,1,2
1782471440,gsm-46,osmo-mobile-6ccd8c4658-4ttj8,3,37
1782471440,gsm-46,osmo-stp-768687f494-z9p8q,1,2
1782471440,gsm-46,ttcn3-tc-26-7-4-5-1-1-xp5mk,1,6
1782471440,gsm-46,virtphy-5cf87d48b9-mvl8m,7,1
1782471443,gsm-46,msc-test-stub-5b875d749d-qwgsn,1,16
1782471443,gsm-46,osmo-bsc-594654bd47-rpdmb,1,5
1782471443,gsm-46,osmo-bts-virtual-5f8b9b86fc-5j5zz,22,5
1782471443,gsm-46,osmo-hlr-546bdb8988-tjzrn,1,2
1782471443,gsm-46,osmo-mgw-8c8fc67d6-jz2rp,1,2
1782471443,gsm-46,osmo-mobile-6ccd8c4658-4ttj8,3,37
1782471443,gsm-46,osmo-stp-768687f494-z9p8q,1,2
1782471443,gsm-46,ttcn3-tc-26-7-4-5-1-1-xp5mk,1,6
1782471443,gsm-46,virtphy-5cf87d48b9-mvl8m,7,1
1782471445,gsm-46,msc-test-stub-5b875d749d-qwgsn,1,16
1782471445,gsm-46,osmo-bsc-594654bd47-rpdmb,1,5
1782471445,gsm-46,osmo-bts-virtual-5f8b9b86fc-5j5zz,22,5
1782471445,gsm-46,osmo-hlr-546bdb8988-tjzrn,1,2
1782471445,gsm-46,osmo-mgw-8c8fc67d6-jz2rp,1,2
1782471445,gsm-46,osmo-mobile-6ccd8c4658-4ttj8,3,37
1782471445,gsm-46,osmo-stp-768687f494-z9p8q,1,2
1782471445,gsm-46,ttcn3-tc-26-7-4-5-1-1-xp5mk,1,6
1782471445,gsm-46,virtphy-5cf87d48b9-mvl8m,7,1
1782471447,gsm-46,msc-test-stub-5b875d749d-qwgsn,1,16
1782471447,gsm-46,osmo-bsc-594654bd47-rpdmb,1,5
1782471447,gsm-46,osmo-bts-virtual-5f8b9b86fc-5j5zz,22,5
1782471447,gsm-46,osmo-hlr-546bdb8988-tjzrn,1,2
1782471447,gsm-46,osmo-mgw-8c8fc67d6-jz2rp,1,2
1782471447,gsm-46,osmo-mobile-6ccd8c4658-4ttj8,3,37
1782471447,gsm-46,osmo-stp-768687f494-z9p8q,1,2
1782471447,gsm-46,ttcn3-tc-26-7-4-5-1-1-xp5mk,1,6
1782471447,gsm-46,virtphy-5cf87d48b9-mvl8m,7,1
1782471450,gsm-46,msc-test-stub-5b875d749d-qwgsn,1,16
1782471450,gsm-46,osmo-bsc-594654bd47-rpdmb,1,5
1782471450,gsm-46,osmo-bts-virtual-5f8b9b86fc-5j5zz,22,5
1782471450,gsm-46,osmo-hlr-546bdb8988-tjzrn,1,2
1782471450,gsm-46,osmo-mgw-8c8fc67d6-jz2rp,1,2
1782471450,gsm-46,osmo-mobile-6ccd8c4658-4ttj8,3,37
1782471450,gsm-46,osmo-stp-768687f494-z9p8q,1,2
1782471450,gsm-46,ttcn3-tc-26-7-4-5-1-1-xp5mk,1,6
1782471450,gsm-46,virtphy-5cf87d48b9-mvl8m,7,1
1782471453,gsm-46,msc-test-stub-5b875d749d-qwgsn,1,16
1782471453,gsm-46,osmo-bsc-594654bd47-rpdmb,1,5
1782471453,gsm-46,osmo-bts-virtual-5f8b9b86fc-5j5zz,22,5
1782471453,gsm-46,osmo-hlr-546bdb8988-tjzrn,1,2
1782471453,gsm-46,osmo-mgw-8c8fc67d6-jz2rp,1,2
1782471453,gsm-46,osmo-mobile-6ccd8c4658-4ttj8,3,37
1782471453,gsm-46,osmo-stp-768687f494-z9p8q,1,2
1782471453,gsm-46,ttcn3-tc-26-7-4-5-1-1-xp5mk,1,6
1782471453,gsm-46,virtphy-5cf87d48b9-mvl8m,7,1
1782471455,gsm-46,msc-test-stub-5b875d749d-qwgsn,1,16
1782471455,gsm-46,osmo-bsc-594654bd47-rpdmb,1,5
1782471455,gsm-46,osmo-bts-virtual-5f8b9b86fc-5j5zz,22,5
1782471455,gsm-46,osmo-hlr-546bdb8988-tjzrn,1,2
1782471455,gsm-46,osmo-mgw-8c8fc67d6-jz2rp,1,2
1782471455,gsm-46,osmo-mobile-6ccd8c4658-4ttj8,3,37
1782471455,gsm-46,osmo-stp-768687f494-z9p8q,1,2
1782471455,gsm-46,ttcn3-tc-26-7-4-5-1-1-xp5mk,1,6
1782471455,gsm-46,virtphy-5cf87d48b9-mvl8m,7,1
1782471457,gsm-46,msc-test-stub-5b875d749d-qwgsn,1,16
1782471457,gsm-46,osmo-bsc-594654bd47-rpdmb,1,5
1782471457,gsm-46,osmo-bts-virtual-5f8b9b86fc-5j5zz,22,5
1782471457,gsm-46,osmo-hlr-546bdb8988-tjzrn,1,2
1782471457,gsm-46,osmo-mgw-8c8fc67d6-jz2rp,1,2
1782471457,gsm-46,osmo-mobile-6ccd8c4658-4ttj8,3,37
1782471457,gsm-46,osmo-stp-768687f494-z9p8q,1,2
1782471457,gsm-46,ttcn3-tc-26-7-4-5-1-1-xp5mk,1,6
1782471457,gsm-46,virtphy-5cf87d48b9-mvl8m,7,1
1782471460,gsm-46,msc-test-stub-5b875d749d-qwgsn,1,16
1782471460,gsm-46,osmo-bsc-594654bd47-rpdmb,1,5
1782471460,gsm-46,osmo-bts-virtual-5f8b9b86fc-5j5zz,22,5
1782471460,gsm-46,osmo-hlr-546bdb8988-tjzrn,1,2
1782471460,gsm-46,osmo-mgw-8c8fc67d6-jz2rp,1,2
1782471460,gsm-46,osmo-mobile-6ccd8c4658-4ttj8,3,37
1782471460,gsm-46,osmo-stp-768687f494-z9p8q,1,2
1782471460,gsm-46,ttcn3-tc-26-7-4-5-1-1-xp5mk,1,6
1782471460,gsm-46,virtphy-5cf87d48b9-mvl8m,7,1
1782471462,gsm-46,msc-test-stub-5b875d749d-qwgsn,1,16
1782471462,gsm-46,osmo-bsc-594654bd47-rpdmb,1,5
1782471462,gsm-46,osmo-bts-virtual-5f8b9b86fc-5j5zz,22,5
1782471462,gsm-46,osmo-hlr-546bdb8988-tjzrn,1,2
1782471462,gsm-46,osmo-mgw-8c8fc67d6-jz2rp,1,2
1782471462,gsm-46,osmo-mobile-6ccd8c4658-4ttj8,3,37
1782471462,gsm-46,osmo-stp-768687f494-z9p8q,1,2
1782471462,gsm-46,ttcn3-tc-26-7-4-5-1-1-xp5mk,1,6
1782471462,gsm-46,virtphy-5cf87d48b9-mvl8m,7,1
1782471464,gsm-46,msc-test-stub-5b875d749d-qwgsn,1,16
1782471464,gsm-46,osmo-bsc-594654bd47-rpdmb,1,5
1782471464,gsm-46,osmo-bts-virtual-5f8b9b86fc-5j5zz,25,5
1782471464,gsm-46,osmo-hlr-546bdb8988-tjzrn,1,2
1782471464,gsm-46,osmo-mgw-8c8fc67d6-jz2rp,1,2
1782471464,gsm-46,osmo-mobile-6ccd8c4658-4ttj8,3,37
1782471464,gsm-46,osmo-stp-768687f494-z9p8q,1,2
1782471464,gsm-46,ttcn3-tc-26-7-4-5-1-1-xp5mk,1,6
1782471464,gsm-46,virtphy-5cf87d48b9-mvl8m,6,1
1782471466,gsm-46,msc-test-stub-5b875d749d-qwgsn,1,16
1782471466,gsm-46,osmo-bsc-594654bd47-rpdmb,1,5
1782471466,gsm-46,osmo-bts-virtual-5f8b9b86fc-5j5zz,25,5
1782471466,gsm-46,osmo-hlr-546bdb8988-tjzrn,1,2
1782471466,gsm-46,osmo-mgw-8c8fc67d6-jz2rp,1,2
1782471466,gsm-46,osmo-mobile-6ccd8c4658-4ttj8,3,37
1782471466,gsm-46,osmo-stp-768687f494-z9p8q,1,2
1782471466,gsm-46,ttcn3-tc-26-7-4-5-1-1-xp5mk,1,6
1782471466,gsm-46,virtphy-5cf87d48b9-mvl8m,6,1
1782471469,gsm-46,msc-test-stub-5b875d749d-qwgsn,1,16
1782471469,gsm-46,osmo-bsc-594654bd47-rpdmb,1,5
1782471469,gsm-46,osmo-bts-virtual-5f8b9b86fc-5j5zz,25,5
1782471469,gsm-46,osmo-hlr-546bdb8988-tjzrn,1,2
1782471469,gsm-46,osmo-mgw-8c8fc67d6-jz2rp,1,2
1782471469,gsm-46,osmo-mobile-6ccd8c4658-4ttj8,3,37
1782471469,gsm-46,osmo-stp-768687f494-z9p8q,1,2
1782471469,gsm-46,ttcn3-tc-26-7-4-5-1-1-xp5mk,1,6
1782471469,gsm-46,virtphy-5cf87d48b9-mvl8m,6,1
1782471471,gsm-46,msc-test-stub-5b875d749d-qwgsn,1,16
1782471471,gsm-46,osmo-bsc-594654bd47-rpdmb,1,5
1782471471,gsm-46,osmo-bts-virtual-5f8b9b86fc-5j5zz,25,5
1782471471,gsm-46,osmo-hlr-546bdb8988-tjzrn,1,2
1782471471,gsm-46,osmo-mgw-8c8fc67d6-jz2rp,1,2
1782471471,gsm-46,osmo-mobile-6ccd8c4658-4ttj8,3,37
1782471471,gsm-46,osmo-stp-768687f494-z9p8q,1,2
1782471471,gsm-46,ttcn3-tc-26-7-4-5-1-1-xp5mk,1,6
1782471471,gsm-46,virtphy-5cf87d48b9-mvl8m,6,1
1782471473,gsm-46,msc-test-stub-5b875d749d-qwgsn,1,16
1782471473,gsm-46,osmo-bsc-594654bd47-rpdmb,1,5
1782471473,gsm-46,osmo-bts-virtual-5f8b9b86fc-5j5zz,25,5
1782471473,gsm-46,osmo-hlr-546bdb8988-tjzrn,1,2
1782471473,gsm-46,osmo-mgw-8c8fc67d6-jz2rp,1,2
1782471473,gsm-46,osmo-mobile-6ccd8c4658-4ttj8,3,37
1782471473,gsm-46,osmo-stp-768687f494-z9p8q,1,2
1782471473,gsm-46,ttcn3-tc-26-7-4-5-1-1-xp5mk,1,6
1782471473,gsm-46,virtphy-5cf87d48b9-mvl8m,6,1
1782471475,gsm-46,msc-test-stub-5b875d749d-qwgsn,1,16
1782471475,gsm-46,osmo-bsc-594654bd47-rpdmb,1,5
1782471475,gsm-46,osmo-bts-virtual-5f8b9b86fc-5j5zz,25,5
1782471475,gsm-46,osmo-hlr-546bdb8988-tjzrn,1,2
1782471475,gsm-46,osmo-mgw-8c8fc67d6-jz2rp,1,2
1782471475,gsm-46,osmo-mobile-6ccd8c4658-4ttj8,3,37
1782471475,gsm-46,osmo-stp-768687f494-z9p8q,1,2
1782471475,gsm-46,ttcn3-tc-26-7-4-5-1-1-xp5mk,1,6
1782471475,gsm-46,virtphy-5cf87d48b9-mvl8m,6,1
1782471477,gsm-46,msc-test-stub-5b875d749d-qwgsn,1,16
1782471477,gsm-46,osmo-bsc-594654bd47-rpdmb,1,5
1782471477,gsm-46,osmo-bts-virtual-5f8b9b86fc-5j5zz,24,5
1782471477,gsm-46,osmo-hlr-546bdb8988-tjzrn,1,2
1782471477,gsm-46,osmo-mgw-8c8fc67d6-jz2rp,1,2
1782471477,gsm-46,osmo-mobile-6ccd8c4658-4ttj8,3,37
1782471477,gsm-46,osmo-stp-768687f494-z9p8q,1,2
1782471477,gsm-46,ttcn3-tc-26-7-4-5-1-1-xp5mk,1,6
1782471477,gsm-46,virtphy-5cf87d48b9-mvl8m,7,1
1782471480,gsm-46,msc-test-stub-5b875d749d-qwgsn,1,16
1782471480,gsm-46,osmo-bsc-594654bd47-rpdmb,1,5
1782471480,gsm-46,osmo-bts-virtual-5f8b9b86fc-5j5zz,24,5
1782471480,gsm-46,osmo-hlr-546bdb8988-tjzrn,1,2
1782471480,gsm-46,osmo-mgw-8c8fc67d6-jz2rp,1,2
1782471480,gsm-46,osmo-mobile-6ccd8c4658-4ttj8,3,37
1782471480,gsm-46,osmo-stp-768687f494-z9p8q,1,2
1782471480,gsm-46,ttcn3-tc-26-7-4-5-1-1-xp5mk,1,6
1782471480,gsm-46,virtphy-5cf87d48b9-mvl8m,7,1
1782471483,gsm-46,msc-test-stub-5b875d749d-qwgsn,1,16
1782471483,gsm-46,osmo-bsc-594654bd47-rpdmb,1,5
1782471483,gsm-46,osmo-bts-virtual-5f8b9b86fc-5j5zz,24,5
1782471483,gsm-46,osmo-hlr-546bdb8988-tjzrn,1,2
1782471483,gsm-46,osmo-mgw-8c8fc67d6-jz2rp,1,2
1782471483,gsm-46,osmo-mobile-6ccd8c4658-4ttj8,3,37
1782471483,gsm-46,osmo-stp-768687f494-z9p8q,1,2
1782471483,gsm-46,ttcn3-tc-26-7-4-5-1-1-xp5mk,1,6
1782471483,gsm-46,virtphy-5cf87d48b9-mvl8m,7,1
1782471485,gsm-46,msc-test-stub-5b875d749d-qwgsn,1,16
1782471485,gsm-46,osmo-bsc-594654bd47-rpdmb,1,5
1782471485,gsm-46,osmo-bts-virtual-5f8b9b86fc-5j5zz,24,5
1782471485,gsm-46,osmo-hlr-546bdb8988-tjzrn,1,2
1782471485,gsm-46,osmo-mgw-8c8fc67d6-jz2rp,1,2
1782471485,gsm-46,osmo-mobile-6ccd8c4658-4ttj8,3,37
1782471485,gsm-46,osmo-stp-768687f494-z9p8q,1,2
1782471485,gsm-46,ttcn3-tc-26-7-4-5-1-1-xp5mk,1,6
1782471485,gsm-46,virtphy-5cf87d48b9-mvl8m,7,1
1782471487,gsm-46,msc-test-stub-5b875d749d-qwgsn,1,16
1782471487,gsm-46,osmo-bsc-594654bd47-rpdmb,1,5
1782471487,gsm-46,osmo-bts-virtual-5f8b9b86fc-5j5zz,24,5
1782471487,gsm-46,osmo-hlr-546bdb8988-tjzrn,1,2
1782471487,gsm-46,osmo-mgw-8c8fc67d6-jz2rp,1,2
1782471487,gsm-46,osmo-mobile-6ccd8c4658-4ttj8,3,37
1782471487,gsm-46,osmo-stp-768687f494-z9p8q,1,2
1782471487,gsm-46,ttcn3-tc-26-7-4-5-1-1-xp5mk,1,6
1782471487,gsm-46,virtphy-5cf87d48b9-mvl8m,7,1
1782471491,gsm-46,msc-test-stub-5b875d749d-qwgsn,1,16
1782471491,gsm-46,osmo-bsc-594654bd47-rpdmb,1,5
1782471491,gsm-46,osmo-bts-virtual-5f8b9b86fc-5j5zz,24,5
1782471491,gsm-46,osmo-hlr-546bdb8988-tjzrn,1,2
1782471491,gsm-46,osmo-mgw-8c8fc67d6-jz2rp,1,2
1782471491,gsm-46,osmo-mobile-6ccd8c4658-4ttj8,3,37
1782471491,gsm-46,osmo-stp-768687f494-z9p8q,1,2
1782471491,gsm-46,ttcn3-tc-26-7-4-5-1-1-xp5mk,1,6
1782471491,gsm-46,virtphy-5cf87d48b9-mvl8m,7,1
1782471493,gsm-46,msc-test-stub-5b875d749d-qwgsn,1,16
1782471493,gsm-46,osmo-bsc-594654bd47-rpdmb,1,5
1782471493,gsm-46,osmo-bts-virtual-5f8b9b86fc-5j5zz,24,5
1782471493,gsm-46,osmo-hlr-546bdb8988-tjzrn,1,2
1782471493,gsm-46,osmo-mgw-8c8fc67d6-jz2rp,1,2
1782471493,gsm-46,osmo-mobile-6ccd8c4658-4ttj8,3,37
1782471493,gsm-46,osmo-stp-768687f494-z9p8q,1,2
1782471493,gsm-46,ttcn3-tc-26-7-4-5-1-1-xp5mk,1,6
1782471493,gsm-46,virtphy-5cf87d48b9-mvl8m,7,1
1782471495,gsm-46,msc-test-stub-5b875d749d-qwgsn,1,16
1782471495,gsm-46,osmo-bsc-594654bd47-rpdmb,1,5
1782471495,gsm-46,osmo-bts-virtual-5f8b9b86fc-5j5zz,24,5
1782471495,gsm-46,osmo-hlr-546bdb8988-tjzrn,1,2
1782471495,gsm-46,osmo-mgw-8c8fc67d6-jz2rp,1,2
1782471495,gsm-46,osmo-mobile-6ccd8c4658-4ttj8,3,37
1782471495,gsm-46,osmo-stp-768687f494-z9p8q,1,2
1782471495,gsm-46,ttcn3-tc-26-7-4-5-1-1-xp5mk,1,6
1782471495,gsm-46,virtphy-5cf87d48b9-mvl8m,7,1
1782471497,gsm-46,msc-test-stub-5b875d749d-qwgsn,1,16
1782471497,gsm-46,osmo-bsc-594654bd47-rpdmb,1,5
1782471497,gsm-46,osmo-bts-virtual-5f8b9b86fc-5j5zz,24,5
1782471497,gsm-46,osmo-hlr-546bdb8988-tjzrn,1,2
1782471497,gsm-46,osmo-mgw-8c8fc67d6-jz2rp,1,2
1782471497,gsm-46,osmo-mobile-6ccd8c4658-4ttj8,3,37
1782471497,gsm-46,osmo-stp-768687f494-z9p8q,1,2
1782471497,gsm-46,ttcn3-tc-26-7-4-5-1-1-xp5mk,1,6
1782471497,gsm-46,virtphy-5cf87d48b9-mvl8m,7,1
1782471500,gsm-46,msc-test-stub-5b875d749d-qwgsn,1,16
1782471500,gsm-46,osmo-bsc-594654bd47-rpdmb,1,5
1782471500,gsm-46,osmo-bts-virtual-5f8b9b86fc-5j5zz,24,5
1782471500,gsm-46,osmo-hlr-546bdb8988-tjzrn,1,2
1782471500,gsm-46,osmo-mgw-8c8fc67d6-jz2rp,1,2
1782471500,gsm-46,osmo-mobile-6ccd8c4658-4ttj8,3,37
1782471500,gsm-46,osmo-stp-768687f494-z9p8q,1,2
1782471500,gsm-46,ttcn3-tc-26-7-4-5-1-1-xp5mk,1,6
1782471500,gsm-46,virtphy-5cf87d48b9-mvl8m,7,1
1782471503,gsm-46,msc-test-stub-5b875d749d-qwgsn,1,16
1782471503,gsm-46,osmo-bsc-594654bd47-rpdmb,1,5
1782471503,gsm-46,osmo-bts-virtual-5f8b9b86fc-5j5zz,24,5
1782471503,gsm-46,osmo-hlr-546bdb8988-tjzrn,1,2
1782471503,gsm-46,osmo-mgw-8c8fc67d6-jz2rp,1,2
1782471503,gsm-46,osmo-mobile-6ccd8c4658-4ttj8,3,37
1782471503,gsm-46,osmo-stp-768687f494-z9p8q,1,2
1782471503,gsm-46,ttcn3-tc-26-7-4-5-1-1-xp5mk,1,6
1782471503,gsm-46,virtphy-5cf87d48b9-mvl8m,7,1
1782471505,gsm-46,msc-test-stub-5b875d749d-qwgsn,1,16
1782471505,gsm-46,osmo-bsc-594654bd47-rpdmb,1,5
1782471505,gsm-46,osmo-bts-virtual-5f8b9b86fc-5j5zz,24,5
1782471505,gsm-46,osmo-hlr-546bdb8988-tjzrn,1,2
1782471505,gsm-46,osmo-mgw-8c8fc67d6-jz2rp,1,2
1782471505,gsm-46,osmo-mobile-6ccd8c4658-4ttj8,3,37
1782471505,gsm-46,osmo-stp-768687f494-z9p8q,1,2
1782471505,gsm-46,ttcn3-tc-26-7-4-5-1-1-xp5mk,1,6
1782471505,gsm-46,virtphy-5cf87d48b9-mvl8m,7,1
1782471507,gsm-46,msc-test-stub-5b875d749d-qwgsn,1,16
1782471507,gsm-46,osmo-bsc-594654bd47-rpdmb,1,5
1782471507,gsm-46,osmo-bts-virtual-5f8b9b86fc-5j5zz,23,5
1782471507,gsm-46,osmo-hlr-546bdb8988-tjzrn,1,2
1782471507,gsm-46,osmo-mgw-8c8fc67d6-jz2rp,1,2
1782471507,gsm-46,osmo-mobile-6ccd8c4658-4ttj8,3,37
1782471507,gsm-46,osmo-stp-768687f494-z9p8q,1,2
1782471507,gsm-46,ttcn3-tc-26-7-4-5-1-1-xp5mk,1,6
1782471507,gsm-46,virtphy-5cf87d48b9-mvl8m,6,1
1782471510,gsm-46,msc-test-stub-5b875d749d-qwgsn,1,16
1782471510,gsm-46,osmo-bsc-594654bd47-rpdmb,1,5
1782471510,gsm-46,osmo-bts-virtual-5f8b9b86fc-5j5zz,23,5
1782471510,gsm-46,osmo-hlr-546bdb8988-tjzrn,1,2
1782471510,gsm-46,osmo-mgw-8c8fc67d6-jz2rp,1,2
1782471510,gsm-46,osmo-mobile-6ccd8c4658-4ttj8,3,37
1782471510,gsm-46,osmo-stp-768687f494-z9p8q,1,2
1782471510,gsm-46,ttcn3-tc-26-7-4-5-1-1-xp5mk,1,6
1782471510,gsm-46,virtphy-5cf87d48b9-mvl8m,6,1
1782471513,gsm-46,msc-test-stub-5b875d749d-qwgsn,1,16
1782471513,gsm-46,osmo-bsc-594654bd47-rpdmb,1,5
1782471513,gsm-46,osmo-bts-virtual-5f8b9b86fc-5j5zz,23,5
1782471513,gsm-46,osmo-hlr-546bdb8988-tjzrn,1,2
1782471513,gsm-46,osmo-mgw-8c8fc67d6-jz2rp,1,2
1782471513,gsm-46,osmo-mobile-6ccd8c4658-4ttj8,3,37
1782471513,gsm-46,osmo-stp-768687f494-z9p8q,1,2
1782471513,gsm-46,ttcn3-tc-26-7-4-5-1-1-xp5mk,1,6
1782471513,gsm-46,virtphy-5cf87d48b9-mvl8m,6,1
1782471515,gsm-46,msc-test-stub-5b875d749d-qwgsn,1,16
1782471515,gsm-46,osmo-bsc-594654bd47-rpdmb,1,5
1782471515,gsm-46,osmo-bts-virtual-5f8b9b86fc-5j5zz,23,5
1782471515,gsm-46,osmo-hlr-546bdb8988-tjzrn,1,2
1782471515,gsm-46,osmo-mgw-8c8fc67d6-jz2rp,1,2
1782471515,gsm-46,osmo-mobile-6ccd8c4658-4ttj8,3,37
1782471515,gsm-46,osmo-stp-768687f494-z9p8q,1,2
1782471515,gsm-46,ttcn3-tc-26-7-4-5-1-1-xp5mk,1,6
1782471515,gsm-46,virtphy-5cf87d48b9-mvl8m,6,1
1782471517,gsm-46,msc-test-stub-5b875d749d-qwgsn,1,16
1782471517,gsm-46,osmo-bsc-594654bd47-rpdmb,1,5
1782471517,gsm-46,osmo-bts-virtual-5f8b9b86fc-5j5zz,23,5
1782471517,gsm-46,osmo-hlr-546bdb8988-tjzrn,1,2
1782471517,gsm-46,osmo-mgw-8c8fc67d6-jz2rp,1,2
1782471517,gsm-46,osmo-mobile-6ccd8c4658-4ttj8,3,37
1782471517,gsm-46,osmo-stp-768687f494-z9p8q,1,2
1782471517,gsm-46,ttcn3-tc-26-7-4-5-1-1-xp5mk,1,6
1782471517,gsm-46,virtphy-5cf87d48b9-mvl8m,6,1
1782471520,gsm-46,msc-test-stub-5b875d749d-qwgsn,1,16
1782471520,gsm-46,osmo-bsc-594654bd47-rpdmb,1,5
1782471520,gsm-46,osmo-bts-virtual-5f8b9b86fc-5j5zz,23,5
1782471520,gsm-46,osmo-hlr-546bdb8988-tjzrn,1,2
1782471520,gsm-46,osmo-mgw-8c8fc67d6-jz2rp,1,2
1782471520,gsm-46,osmo-mobile-6ccd8c4658-4ttj8,3,37
1782471520,gsm-46,osmo-stp-768687f494-z9p8q,1,2
1782471520,gsm-46,ttcn3-tc-26-7-4-5-1-1-xp5mk,1,6
1782471520,gsm-46,virtphy-5cf87d48b9-mvl8m,6,1
1782471522,gsm-46,msc-test-stub-5b875d749d-qwgsn,1,16
1782471522,gsm-46,osmo-bsc-594654bd47-rpdmb,1,5
1782471522,gsm-46,osmo-bts-virtual-5f8b9b86fc-5j5zz,24,5
1782471522,gsm-46,osmo-hlr-546bdb8988-tjzrn,1,2
1782471522,gsm-46,osmo-mgw-8c8fc67d6-jz2rp,1,2
1782471522,gsm-46,osmo-mobile-6ccd8c4658-4ttj8,3,37
1782471522,gsm-46,osmo-stp-768687f494-z9p8q,1,2
1782471522,gsm-46,ttcn3-tc-26-7-4-5-1-1-xp5mk,1,6
1782471522,gsm-46,virtphy-5cf87d48b9-mvl8m,6,1
1782471525,gsm-46,msc-test-stub-5b875d749d-qwgsn,1,16
1782471525,gsm-46,osmo-bsc-594654bd47-rpdmb,1,5
1782471525,gsm-46,osmo-bts-virtual-5f8b9b86fc-5j5zz,24,5
1782471525,gsm-46,osmo-hlr-546bdb8988-tjzrn,1,2
1782471525,gsm-46,osmo-mgw-8c8fc67d6-jz2rp,1,2
1782471525,gsm-46,osmo-mobile-6ccd8c4658-4ttj8,3,37
1782471525,gsm-46,osmo-stp-768687f494-z9p8q,1,2
1782471525,gsm-46,ttcn3-tc-26-7-4-5-1-1-xp5mk,1,6
1782471525,gsm-46,virtphy-5cf87d48b9-mvl8m,6,1
1782471527,gsm-46,msc-test-stub-5b875d749d-qwgsn,1,16
1782471527,gsm-46,osmo-bsc-594654bd47-rpdmb,1,5
1782471527,gsm-46,osmo-bts-virtual-5f8b9b86fc-5j5zz,24,5
1782471527,gsm-46,osmo-hlr-546bdb8988-tjzrn,1,2
1782471527,gsm-46,osmo-mgw-8c8fc67d6-jz2rp,1,2
1782471527,gsm-46,osmo-mobile-6ccd8c4658-4ttj8,3,37
1782471527,gsm-46,osmo-stp-768687f494-z9p8q,1,2
1782471527,gsm-46,ttcn3-tc-26-7-4-5-1-1-xp5mk,1,6
1782471527,gsm-46,virtphy-5cf87d48b9-mvl8m,6,1
1782471529,gsm-46,msc-test-stub-5b875d749d-qwgsn,1,16
1782471529,gsm-46,osmo-bsc-594654bd47-rpdmb,1,5
1782471529,gsm-46,osmo-bts-virtual-5f8b9b86fc-5j5zz,24,5
1782471529,gsm-46,osmo-hlr-546bdb8988-tjzrn,1,2
1782471529,gsm-46,osmo-mgw-8c8fc67d6-jz2rp,1,2
1782471529,gsm-46,osmo-mobile-6ccd8c4658-4ttj8,3,37
1782471529,gsm-46,osmo-stp-768687f494-z9p8q,1,2
1782471529,gsm-46,ttcn3-tc-26-7-4-5-1-1-xp5mk,1,6
1782471529,gsm-46,virtphy-5cf87d48b9-mvl8m,6,1
1782471531,gsm-46,msc-test-stub-5b875d749d-qwgsn,1,16
1782471531,gsm-46,osmo-bsc-594654bd47-rpdmb,1,5
1782471531,gsm-46,osmo-bts-virtual-5f8b9b86fc-5j5zz,24,5
1782471531,gsm-46,osmo-hlr-546bdb8988-tjzrn,1,2
1782471531,gsm-46,osmo-mgw-8c8fc67d6-jz2rp,1,2
1782471531,gsm-46,osmo-mobile-6ccd8c4658-4ttj8,3,37
1782471531,gsm-46,osmo-stp-768687f494-z9p8q,1,2
1782471531,gsm-46,ttcn3-tc-26-7-4-5-1-1-xp5mk,1,6
1782471531,gsm-46,virtphy-5cf87d48b9-mvl8m,6,1
1782471534,gsm-46,msc-test-stub-5b875d749d-qwgsn,1,16
1782471534,gsm-46,osmo-bsc-594654bd47-rpdmb,1,5
1782471534,gsm-46,osmo-bts-virtual-5f8b9b86fc-5j5zz,24,5
1782471534,gsm-46,osmo-hlr-546bdb8988-tjzrn,1,2
1782471534,gsm-46,osmo-mgw-8c8fc67d6-jz2rp,1,2
1782471534,gsm-46,osmo-mobile-6ccd8c4658-4ttj8,3,37
1782471534,gsm-46,osmo-stp-768687f494-z9p8q,1,2
1782471534,gsm-46,ttcn3-tc-26-7-4-5-1-1-xp5mk,1,6
1782471534,gsm-46,virtphy-5cf87d48b9-mvl8m,6,1
1782471536,gsm-46,msc-test-stub-5b875d749d-qwgsn,1,16
1782471536,gsm-46,osmo-bsc-594654bd47-rpdmb,1,5
1782471536,gsm-46,osmo-bts-virtual-5f8b9b86fc-5j5zz,24,5
1782471536,gsm-46,osmo-hlr-546bdb8988-tjzrn,1,2
1782471536,gsm-46,osmo-mgw-8c8fc67d6-jz2rp,1,2
1782471536,gsm-46,osmo-mobile-6ccd8c4658-4ttj8,3,37
1782471536,gsm-46,osmo-stp-768687f494-z9p8q,1,2
1782471536,gsm-46,ttcn3-tc-26-7-4-5-1-1-xp5mk,1,6
1782471536,gsm-46,virtphy-5cf87d48b9-mvl8m,6,1
1782471538,gsm-46,msc-test-stub-5b875d749d-qwgsn,1,16
1782471538,gsm-46,osmo-bsc-594654bd47-rpdmb,1,5
1782471538,gsm-46,osmo-bts-virtual-5f8b9b86fc-5j5zz,23,5
1782471538,gsm-46,osmo-hlr-546bdb8988-tjzrn,1,2
1782471538,gsm-46,osmo-mgw-8c8fc67d6-jz2rp,1,2
1782471538,gsm-46,osmo-mobile-6ccd8c4658-4ttj8,3,37
1782471538,gsm-46,osmo-stp-768687f494-z9p8q,1,2
1782471538,gsm-46,ttcn3-tc-26-7-4-5-1-1-xp5mk,1,6
1782471538,gsm-46,virtphy-5cf87d48b9-mvl8m,6,1
1782471541,gsm-46,msc-test-stub-5b875d749d-qwgsn,1,16
1782471541,gsm-46,osmo-bsc-594654bd47-rpdmb,1,5
1782471541,gsm-46,osmo-bts-virtual-5f8b9b86fc-5j5zz,23,5
1782471541,gsm-46,osmo-hlr-546bdb8988-tjzrn,1,2
1782471541,gsm-46,osmo-mgw-8c8fc67d6-jz2rp,1,2
1782471541,gsm-46,osmo-mobile-6ccd8c4658-4ttj8,3,37
1782471541,gsm-46,osmo-stp-768687f494-z9p8q,1,2
1782471541,gsm-46,ttcn3-tc-26-7-4-5-1-1-xp5mk,1,6
1782471541,gsm-46,virtphy-5cf87d48b9-mvl8m,6,1
1782471543,gsm-46,msc-test-stub-5b875d749d-qwgsn,1,16
1782471543,gsm-46,osmo-bsc-594654bd47-rpdmb,1,5
1782471543,gsm-46,osmo-bts-virtual-5f8b9b86fc-5j5zz,23,5
1782471543,gsm-46,osmo-hlr-546bdb8988-tjzrn,1,2
1782471543,gsm-46,osmo-mgw-8c8fc67d6-jz2rp,1,2
1782471543,gsm-46,osmo-mobile-6ccd8c4658-4ttj8,3,37
1782471543,gsm-46,osmo-stp-768687f494-z9p8q,1,2
1782471543,gsm-46,ttcn3-tc-26-7-4-5-1-1-xp5mk,1,6
1782471543,gsm-46,virtphy-5cf87d48b9-mvl8m,6,1
1782471545,gsm-46,msc-test-stub-5b875d749d-qwgsn,1,16
1782471545,gsm-46,osmo-bsc-594654bd47-rpdmb,1,5
1782471545,gsm-46,osmo-bts-virtual-5f8b9b86fc-5j5zz,23,5
1782471545,gsm-46,osmo-hlr-546bdb8988-tjzrn,1,2
1782471545,gsm-46,osmo-mgw-8c8fc67d6-jz2rp,1,2
1782471545,gsm-46,osmo-mobile-6ccd8c4658-4ttj8,3,37
1782471545,gsm-46,osmo-stp-768687f494-z9p8q,1,2
1782471545,gsm-46,ttcn3-tc-26-7-4-5-1-1-xp5mk,1,6
1782471545,gsm-46,virtphy-5cf87d48b9-mvl8m,6,1
1782471547,gsm-46,msc-test-stub-5b875d749d-qwgsn,1,16
1782471547,gsm-46,osmo-bsc-594654bd47-rpdmb,1,5
1782471547,gsm-46,osmo-bts-virtual-5f8b9b86fc-5j5zz,23,5
1782471547,gsm-46,osmo-hlr-546bdb8988-tjzrn,1,2
1782471547,gsm-46,osmo-mgw-8c8fc67d6-jz2rp,1,2
1782471547,gsm-46,osmo-mobile-6ccd8c4658-4ttj8,3,37
1782471547,gsm-46,osmo-stp-768687f494-z9p8q,1,2
1782471547,gsm-46,ttcn3-tc-26-7-4-5-1-1-xp5mk,1,6
1782471547,gsm-46,virtphy-5cf87d48b9-mvl8m,6,1
1782471550,gsm-46,msc-test-stub-5b875d749d-qwgsn,1,16
1782471550,gsm-46,osmo-bsc-594654bd47-rpdmb,1,5
1782471550,gsm-46,osmo-bts-virtual-5f8b9b86fc-5j5zz,23,5
1782471550,gsm-46,osmo-hlr-546bdb8988-tjzrn,1,2
1782471550,gsm-46,osmo-mgw-8c8fc67d6-jz2rp,1,2
1782471550,gsm-46,osmo-mobile-6ccd8c4658-4ttj8,3,37
1782471550,gsm-46,osmo-stp-768687f494-z9p8q,1,2
1782471550,gsm-46,ttcn3-tc-26-7-4-5-1-1-xp5mk,1,6
1782471550,gsm-46,virtphy-5cf87d48b9-mvl8m,6,1
1782471553,gsm-46,msc-test-stub-5b875d749d-qwgsn,1,16
1782471553,gsm-46,osmo-bsc-594654bd47-rpdmb,1,5
1782471553,gsm-46,osmo-bts-virtual-5f8b9b86fc-5j5zz,24,5
1782471553,gsm-46,osmo-hlr-546bdb8988-tjzrn,1,2
1782471553,gsm-46,osmo-mgw-8c8fc67d6-jz2rp,1,2
1782471553,gsm-46,osmo-mobile-6ccd8c4658-4ttj8,3,37
1782471553,gsm-46,osmo-stp-768687f494-z9p8q,1,2
1782471553,gsm-46,ttcn3-tc-26-7-4-5-1-1-xp5mk,1,6
1782471553,gsm-46,virtphy-5cf87d48b9-mvl8m,6,1
1782471555,gsm-46,msc-test-stub-5b875d749d-qwgsn,1,16
1782471555,gsm-46,osmo-bsc-594654bd47-rpdmb,1,5
1782471555,gsm-46,osmo-bts-virtual-5f8b9b86fc-5j5zz,24,5
1782471555,gsm-46,osmo-hlr-546bdb8988-tjzrn,1,2
1782471555,gsm-46,osmo-mgw-8c8fc67d6-jz2rp,1,2
1782471555,gsm-46,osmo-mobile-6ccd8c4658-4ttj8,3,37
1782471555,gsm-46,osmo-stp-768687f494-z9p8q,1,2
1782471555,gsm-46,ttcn3-tc-26-7-4-5-1-1-xp5mk,1,6
1782471555,gsm-46,virtphy-5cf87d48b9-mvl8m,6,1
1782471557,gsm-46,msc-test-stub-5b875d749d-qwgsn,1,16
1782471557,gsm-46,osmo-bsc-594654bd47-rpdmb,1,5
1782471557,gsm-46,osmo-bts-virtual-5f8b9b86fc-5j5zz,24,5
1782471557,gsm-46,osmo-hlr-546bdb8988-tjzrn,1,2
1782471557,gsm-46,osmo-mgw-8c8fc67d6-jz2rp,1,2
1782471557,gsm-46,osmo-mobile-6ccd8c4658-4ttj8,3,37
1782471557,gsm-46,osmo-stp-768687f494-z9p8q,1,2
1782471557,gsm-46,ttcn3-tc-26-7-4-5-1-1-xp5mk,1,6
1782471557,gsm-46,virtphy-5cf87d48b9-mvl8m,6,1
1782471559,gsm-46,msc-test-stub-5b875d749d-qwgsn,1,16
1782471559,gsm-46,osmo-bsc-594654bd47-rpdmb,1,5
1782471559,gsm-46,osmo-bts-virtual-5f8b9b86fc-5j5zz,24,5
1782471559,gsm-46,osmo-hlr-546bdb8988-tjzrn,1,2
1782471559,gsm-46,osmo-mgw-8c8fc67d6-jz2rp,1,2
1782471559,gsm-46,osmo-mobile-6ccd8c4658-4ttj8,3,37
1782471559,gsm-46,osmo-stp-768687f494-z9p8q,1,2
1782471559,gsm-46,ttcn3-tc-26-7-4-5-1-1-xp5mk,1,6
1782471559,gsm-46,virtphy-5cf87d48b9-mvl8m,6,1
1782471562,gsm-46,msc-test-stub-5b875d749d-qwgsn,1,16
1782471562,gsm-46,osmo-bsc-594654bd47-rpdmb,1,5
1782471562,gsm-46,osmo-bts-virtual-5f8b9b86fc-5j5zz,24,5
1782471562,gsm-46,osmo-hlr-546bdb8988-tjzrn,1,2
1782471562,gsm-46,osmo-mgw-8c8fc67d6-jz2rp,1,2
1782471562,gsm-46,osmo-mobile-6ccd8c4658-4ttj8,3,37
1782471562,gsm-46,osmo-stp-768687f494-z9p8q,1,2
1782471562,gsm-46,ttcn3-tc-26-7-4-5-1-1-xp5mk,1,6
1782471562,gsm-46,virtphy-5cf87d48b9-mvl8m,6,1
1782471564,gsm-46,msc-test-stub-5b875d749d-qwgsn,1,16
1782471564,gsm-46,osmo-bsc-594654bd47-rpdmb,1,5
1782471564,gsm-46,osmo-bts-virtual-5f8b9b86fc-5j5zz,24,5
1782471564,gsm-46,osmo-hlr-546bdb8988-tjzrn,1,2
1782471564,gsm-46,osmo-mgw-8c8fc67d6-jz2rp,1,2
1782471564,gsm-46,osmo-mobile-6ccd8c4658-4ttj8,3,37
1782471564,gsm-46,osmo-stp-768687f494-z9p8q,1,2
1782471564,gsm-46,ttcn3-tc-26-7-4-5-1-1-xp5mk,1,6
1782471564,gsm-46,virtphy-5cf87d48b9-mvl8m,6,1
1782471566,gsm-46,msc-test-stub-5b875d749d-qwgsn,1,16
1782471566,gsm-46,osmo-bsc-594654bd47-rpdmb,1,5
1782471566,gsm-46,osmo-bts-virtual-5f8b9b86fc-5j5zz,24,5
1782471566,gsm-46,osmo-hlr-546bdb8988-tjzrn,1,2
1782471566,gsm-46,osmo-mgw-8c8fc67d6-jz2rp,1,2
1782471566,gsm-46,osmo-mobile-6ccd8c4658-4ttj8,3,37
1782471566,gsm-46,osmo-stp-768687f494-z9p8q,1,2
1782471566,gsm-46,ttcn3-tc-26-7-4-5-1-1-xp5mk,1,6
1782471566,gsm-46,virtphy-5cf87d48b9-mvl8m,6,1
1782471568,gsm-46,msc-test-stub-5b875d749d-qwgsn,1,16
1782471568,gsm-46,osmo-bsc-594654bd47-rpdmb,1,5
1782471568,gsm-46,osmo-bts-virtual-5f8b9b86fc-5j5zz,24,5
1782471568,gsm-46,osmo-hlr-546bdb8988-tjzrn,1,2
1782471568,gsm-46,osmo-mgw-8c8fc67d6-jz2rp,1,2
1782471568,gsm-46,osmo-mobile-6ccd8c4658-4ttj8,3,37
1782471568,gsm-46,osmo-stp-768687f494-z9p8q,1,2
1782471568,gsm-46,ttcn3-tc-26-7-4-5-1-1-xp5mk,1,6
1782471568,gsm-46,virtphy-5cf87d48b9-mvl8m,6,1
1782471571,gsm-46,msc-test-stub-5b875d749d-qwgsn,1,16
1782471571,gsm-46,osmo-bsc-594654bd47-rpdmb,1,5
1782471571,gsm-46,osmo-bts-virtual-5f8b9b86fc-5j5zz,24,5
1782471571,gsm-46,osmo-hlr-546bdb8988-tjzrn,1,2
1782471571,gsm-46,osmo-mgw-8c8fc67d6-jz2rp,1,2
1782471571,gsm-46,osmo-mobile-6ccd8c4658-4ttj8,3,37
1782471571,gsm-46,osmo-stp-768687f494-z9p8q,1,2
1782471571,gsm-46,ttcn3-tc-26-7-4-5-1-1-xp5mk,1,6
1782471571,gsm-46,virtphy-5cf87d48b9-mvl8m,6,1
1782471573,gsm-46,msc-test-stub-5b875d749d-qwgsn,1,16
1782471573,gsm-46,osmo-bsc-594654bd47-rpdmb,1,5
1782471573,gsm-46,osmo-bts-virtual-5f8b9b86fc-5j5zz,24,5
1782471573,gsm-46,osmo-hlr-546bdb8988-tjzrn,1,2
1782471573,gsm-46,osmo-mgw-8c8fc67d6-jz2rp,1,2
1782471573,gsm-46,osmo-mobile-6ccd8c4658-4ttj8,3,37
1782471573,gsm-46,osmo-stp-768687f494-z9p8q,1,2
1782471573,gsm-46,ttcn3-tc-26-7-4-5-1-1-xp5mk,1,6
1782471573,gsm-46,virtphy-5cf87d48b9-mvl8m,6,1
1782471575,gsm-46,msc-test-stub-5b875d749d-qwgsn,1,16
1782471575,gsm-46,osmo-bsc-594654bd47-rpdmb,1,5
1782471575,gsm-46,osmo-bts-virtual-5f8b9b86fc-5j5zz,24,5
1782471575,gsm-46,osmo-hlr-546bdb8988-tjzrn,1,2
1782471575,gsm-46,osmo-mgw-8c8fc67d6-jz2rp,1,2
1782471575,gsm-46,osmo-mobile-6ccd8c4658-4ttj8,3,37
1782471575,gsm-46,osmo-stp-768687f494-z9p8q,1,2
1782471575,gsm-46,ttcn3-tc-26-7-4-5-1-1-xp5mk,1,6
1782471575,gsm-46,virtphy-5cf87d48b9-mvl8m,6,1
1782471577,gsm-46,msc-test-stub-5b875d749d-qwgsn,1,16
1782471577,gsm-46,osmo-bsc-594654bd47-rpdmb,1,5
1782471577,gsm-46,osmo-bts-virtual-5f8b9b86fc-5j5zz,24,5
1782471577,gsm-46,osmo-hlr-546bdb8988-tjzrn,1,2
1782471577,gsm-46,osmo-mgw-8c8fc67d6-jz2rp,1,2
1782471577,gsm-46,osmo-mobile-6ccd8c4658-4ttj8,3,37
1782471577,gsm-46,osmo-stp-768687f494-z9p8q,1,2
1782471577,gsm-46,ttcn3-tc-26-7-4-5-1-1-xp5mk,1,6
1782471577,gsm-46,virtphy-5cf87d48b9-mvl8m,6,1
1782471580,gsm-46,msc-test-stub-5b875d749d-qwgsn,1,16
1782471580,gsm-46,osmo-bsc-594654bd47-rpdmb,1,5
1782471580,gsm-46,osmo-bts-virtual-5f8b9b86fc-5j5zz,24,5
1782471580,gsm-46,osmo-hlr-546bdb8988-tjzrn,1,2
1782471580,gsm-46,osmo-mgw-8c8fc67d6-jz2rp,1,2
1782471580,gsm-46,osmo-mobile-6ccd8c4658-4ttj8,3,37
1782471580,gsm-46,osmo-stp-768687f494-z9p8q,1,2
1782471580,gsm-46,ttcn3-tc-26-7-4-5-1-1-xp5mk,1,6
1782471580,gsm-46,virtphy-5cf87d48b9-mvl8m,6,1
1782471583,gsm-46,msc-test-stub-5b875d749d-qwgsn,1,16
1782471583,gsm-46,osmo-bsc-594654bd47-rpdmb,1,5
1782471583,gsm-46,osmo-bts-virtual-5f8b9b86fc-5j5zz,25,5
1782471583,gsm-46,osmo-hlr-546bdb8988-tjzrn,1,2
1782471583,gsm-46,osmo-mgw-8c8fc67d6-jz2rp,1,2
1782471583,gsm-46,osmo-mobile-6ccd8c4658-4ttj8,3,37
1782471583,gsm-46,osmo-stp-768687f494-z9p8q,1,2
1782471583,gsm-46,ttcn3-tc-26-7-4-5-1-1-xp5mk,1,6
1782471583,gsm-46,virtphy-5cf87d48b9-mvl8m,6,1
1782471585,gsm-46,msc-test-stub-5b875d749d-qwgsn,1,16
1782471585,gsm-46,osmo-bsc-594654bd47-rpdmb,1,5
1782471585,gsm-46,osmo-bts-virtual-5f8b9b86fc-5j5zz,25,5
1782471585,gsm-46,osmo-hlr-546bdb8988-tjzrn,1,2
1782471585,gsm-46,osmo-mgw-8c8fc67d6-jz2rp,1,2
1782471585,gsm-46,osmo-mobile-6ccd8c4658-4ttj8,3,37
1782471585,gsm-46,osmo-stp-768687f494-z9p8q,1,2
1782471585,gsm-46,ttcn3-tc-26-7-4-5-1-1-xp5mk,1,6
1782471585,gsm-46,virtphy-5cf87d48b9-mvl8m,6,1
1782471588,gsm-46,msc-test-stub-5b875d749d-qwgsn,1,16
1782471588,gsm-46,osmo-bsc-594654bd47-rpdmb,1,5
1782471588,gsm-46,osmo-bts-virtual-5f8b9b86fc-5j5zz,25,5
1782471588,gsm-46,osmo-hlr-546bdb8988-tjzrn,1,2
1782471588,gsm-46,osmo-mgw-8c8fc67d6-jz2rp,1,2
1782471588,gsm-46,osmo-mobile-6ccd8c4658-4ttj8,3,37
1782471588,gsm-46,osmo-stp-768687f494-z9p8q,1,2
1782471588,gsm-46,ttcn3-tc-26-7-4-5-1-1-xp5mk,1,6
1782471588,gsm-46,virtphy-5cf87d48b9-mvl8m,6,1
1782471590,gsm-46,msc-test-stub-5b875d749d-qwgsn,1,16
1782471590,gsm-46,osmo-bsc-594654bd47-rpdmb,1,5
1782471590,gsm-46,osmo-bts-virtual-5f8b9b86fc-5j5zz,25,5
1782471590,gsm-46,osmo-hlr-546bdb8988-tjzrn,1,2
1782471590,gsm-46,osmo-mgw-8c8fc67d6-jz2rp,1,2
1782471590,gsm-46,osmo-mobile-6ccd8c4658-4ttj8,3,37
1782471590,gsm-46,osmo-stp-768687f494-z9p8q,1,2
1782471590,gsm-46,ttcn3-tc-26-7-4-5-1-1-xp5mk,1,6
1782471590,gsm-46,virtphy-5cf87d48b9-mvl8m,6,1
1782471593,gsm-46,msc-test-stub-5b875d749d-qwgsn,1,16
1782471593,gsm-46,osmo-bsc-594654bd47-rpdmb,1,5
1782471593,gsm-46,osmo-bts-virtual-5f8b9b86fc-5j5zz,25,5
1782471593,gsm-46,osmo-hlr-546bdb8988-tjzrn,1,2
1782471593,gsm-46,osmo-mgw-8c8fc67d6-jz2rp,1,2
1782471593,gsm-46,osmo-mobile-6ccd8c4658-4ttj8,3,37
1782471593,gsm-46,osmo-stp-768687f494-z9p8q,1,2
1782471593,gsm-46,ttcn3-tc-26-7-4-5-1-1-xp5mk,1,6
1782471593,gsm-46,virtphy-5cf87d48b9-mvl8m,6,1
1782471596,gsm-46,msc-test-stub-5b875d749d-qwgsn,1,16
1782471596,gsm-46,osmo-bsc-594654bd47-rpdmb,1,5
1782471596,gsm-46,osmo-bts-virtual-5f8b9b86fc-5j5zz,25,5
1782471596,gsm-46,osmo-hlr-546bdb8988-tjzrn,1,2
1782471596,gsm-46,osmo-mgw-8c8fc67d6-jz2rp,1,2
1782471596,gsm-46,osmo-mobile-6ccd8c4658-4ttj8,3,37
1782471596,gsm-46,osmo-stp-768687f494-z9p8q,1,2
1782471596,gsm-46,ttcn3-tc-26-7-4-5-1-1-xp5mk,1,6
1782471596,gsm-46,virtphy-5cf87d48b9-mvl8m,6,1
1782471598,gsm-46,msc-test-stub-5b875d749d-qwgsn,1,16
1782471598,gsm-46,osmo-bsc-594654bd47-rpdmb,1,5
1782471598,gsm-46,osmo-bts-virtual-5f8b9b86fc-5j5zz,27,5
1782471598,gsm-46,osmo-hlr-546bdb8988-tjzrn,1,2
1782471598,gsm-46,osmo-mgw-8c8fc67d6-jz2rp,1,2
1782471598,gsm-46,osmo-mobile-6ccd8c4658-4ttj8,3,37
1782471598,gsm-46,osmo-stp-768687f494-z9p8q,1,2
1782471598,gsm-46,ttcn3-tc-26-7-4-5-1-1-xp5mk,1,6
1782471598,gsm-46,virtphy-5cf87d48b9-mvl8m,8,1
1782471600,gsm-46,msc-test-stub-5b875d749d-qwgsn,1,16
1782471600,gsm-46,osmo-bsc-594654bd47-rpdmb,1,5
1782471600,gsm-46,osmo-bts-virtual-5f8b9b86fc-5j5zz,27,5
1782471600,gsm-46,osmo-hlr-546bdb8988-tjzrn,1,2
1782471600,gsm-46,osmo-mgw-8c8fc67d6-jz2rp,1,2
1782471600,gsm-46,osmo-mobile-6ccd8c4658-4ttj8,3,37
1782471600,gsm-46,osmo-stp-768687f494-z9p8q,1,2
1782471600,gsm-46,ttcn3-tc-26-7-4-5-1-1-xp5mk,1,6
1782471600,gsm-46,virtphy-5cf87d48b9-mvl8m,8,1
1782471603,gsm-46,msc-test-stub-5b875d749d-qwgsn,1,16
1782471603,gsm-46,osmo-bsc-594654bd47-rpdmb,1,5
1782471603,gsm-46,osmo-bts-virtual-5f8b9b86fc-5j5zz,27,5
1782471603,gsm-46,osmo-hlr-546bdb8988-tjzrn,1,2
1782471603,gsm-46,osmo-mgw-8c8fc67d6-jz2rp,1,2
1782471603,gsm-46,osmo-mobile-6ccd8c4658-4ttj8,3,37
1782471603,gsm-46,osmo-stp-768687f494-z9p8q,1,2
1782471603,gsm-46,ttcn3-tc-26-7-4-5-1-1-xp5mk,1,6
1782471603,gsm-46,virtphy-5cf87d48b9-mvl8m,8,1
1782471606,gsm-46,msc-test-stub-5b875d749d-qwgsn,1,16
1782471606,gsm-46,osmo-bsc-594654bd47-rpdmb,1,5
1782471606,gsm-46,osmo-bts-virtual-5f8b9b86fc-5j5zz,27,5
1782471606,gsm-46,osmo-hlr-546bdb8988-tjzrn,1,2
1782471606,gsm-46,osmo-mgw-8c8fc67d6-jz2rp,1,2
1782471606,gsm-46,osmo-mobile-6ccd8c4658-4ttj8,3,37
1782471606,gsm-46,osmo-stp-768687f494-z9p8q,1,2
1782471606,gsm-46,ttcn3-tc-26-7-4-5-1-1-xp5mk,1,6
1782471606,gsm-46,virtphy-5cf87d48b9-mvl8m,8,1
1782471608,gsm-46,msc-test-stub-5b875d749d-qwgsn,1,16
1782471608,gsm-46,osmo-bsc-594654bd47-rpdmb,1,5
1782471608,gsm-46,osmo-bts-virtual-5f8b9b86fc-5j5zz,27,5
1782471608,gsm-46,osmo-hlr-546bdb8988-tjzrn,1,2
1782471608,gsm-46,osmo-mgw-8c8fc67d6-jz2rp,1,2
1782471608,gsm-46,osmo-mobile-6ccd8c4658-4ttj8,3,37
1782471608,gsm-46,osmo-stp-768687f494-z9p8q,1,2
1782471608,gsm-46,ttcn3-tc-26-7-4-5-1-1-xp5mk,1,6
1782471608,gsm-46,virtphy-5cf87d48b9-mvl8m,8,1
1782471610,gsm-46,msc-test-stub-5b875d749d-qwgsn,1,16
1782471610,gsm-46,osmo-bsc-594654bd47-rpdmb,1,5
1782471610,gsm-46,osmo-bts-virtual-5f8b9b86fc-5j5zz,27,5
1782471610,gsm-46,osmo-hlr-546bdb8988-tjzrn,1,2
1782471610,gsm-46,osmo-mgw-8c8fc67d6-jz2rp,1,2
1782471610,gsm-46,osmo-mobile-6ccd8c4658-4ttj8,3,37
1782471610,gsm-46,osmo-stp-768687f494-z9p8q,1,2
1782471610,gsm-46,ttcn3-tc-26-7-4-5-1-1-xp5mk,1,6
1782471610,gsm-46,virtphy-5cf87d48b9-mvl8m,8,1
1782471613,gsm-46,msc-test-stub-5b875d749d-qwgsn,1,16
1782471613,gsm-46,osmo-bsc-594654bd47-rpdmb,1,5
1782471613,gsm-46,osmo-bts-virtual-5f8b9b86fc-5j5zz,26,5
1782471613,gsm-46,osmo-hlr-546bdb8988-tjzrn,1,2
1782471613,gsm-46,osmo-mgw-8c8fc67d6-jz2rp,1,2
1782471613,gsm-46,osmo-mobile-6ccd8c4658-4ttj8,3,37
1782471613,gsm-46,osmo-stp-768687f494-z9p8q,1,2
1782471613,gsm-46,ttcn3-tc-26-7-4-5-1-1-xp5mk,1,6
1782471613,gsm-46,virtphy-5cf87d48b9-mvl8m,7,1
1782471616,gsm-46,msc-test-stub-5b875d749d-qwgsn,1,16
1782471616,gsm-46,osmo-bsc-594654bd47-rpdmb,1,5
1782471616,gsm-46,osmo-bts-virtual-5f8b9b86fc-5j5zz,26,5
1782471616,gsm-46,osmo-hlr-546bdb8988-tjzrn,1,2
1782471616,gsm-46,osmo-mgw-8c8fc67d6-jz2rp,1,2
1782471616,gsm-46,osmo-mobile-6ccd8c4658-4ttj8,3,37
1782471616,gsm-46,osmo-stp-768687f494-z9p8q,1,2
1782471616,gsm-46,ttcn3-tc-26-7-4-5-1-1-xp5mk,1,6
1782471616,gsm-46,virtphy-5cf87d48b9-mvl8m,7,1
1782471618,gsm-46,msc-test-stub-5b875d749d-qwgsn,1,16
1782471618,gsm-46,osmo-bsc-594654bd47-rpdmb,1,5
1782471618,gsm-46,osmo-bts-virtual-5f8b9b86fc-5j5zz,26,5
1782471618,gsm-46,osmo-hlr-546bdb8988-tjzrn,1,2
1782471618,gsm-46,osmo-mgw-8c8fc67d6-jz2rp,1,2
1782471618,gsm-46,osmo-mobile-6ccd8c4658-4ttj8,3,37
1782471618,gsm-46,osmo-stp-768687f494-z9p8q,1,2
1782471618,gsm-46,ttcn3-tc-26-7-4-5-1-1-xp5mk,1,6
1782471618,gsm-46,virtphy-5cf87d48b9-mvl8m,7,1
1782471621,gsm-46,msc-test-stub-5b875d749d-qwgsn,1,16
1782471621,gsm-46,osmo-bsc-594654bd47-rpdmb,1,5
1782471621,gsm-46,osmo-bts-virtual-5f8b9b86fc-5j5zz,26,5
1782471621,gsm-46,osmo-hlr-546bdb8988-tjzrn,1,2
1782471621,gsm-46,osmo-mgw-8c8fc67d6-jz2rp,1,2
1782471621,gsm-46,osmo-mobile-6ccd8c4658-4ttj8,3,37
1782471621,gsm-46,osmo-stp-768687f494-z9p8q,1,2
1782471621,gsm-46,ttcn3-tc-26-7-4-5-1-1-xp5mk,1,6
1782471621,gsm-46,virtphy-5cf87d48b9-mvl8m,7,1
1782471623,gsm-46,msc-test-stub-5b875d749d-qwgsn,1,16
1782471623,gsm-46,osmo-bsc-594654bd47-rpdmb,1,5
1782471623,gsm-46,osmo-bts-virtual-5f8b9b86fc-5j5zz,26,5
1782471623,gsm-46,osmo-hlr-546bdb8988-tjzrn,1,2
1782471623,gsm-46,osmo-mgw-8c8fc67d6-jz2rp,1,2
1782471623,gsm-46,osmo-mobile-6ccd8c4658-4ttj8,3,37
1782471623,gsm-46,osmo-stp-768687f494-z9p8q,1,2
1782471623,gsm-46,ttcn3-tc-26-7-4-5-1-1-xp5mk,1,6
1782471623,gsm-46,virtphy-5cf87d48b9-mvl8m,7,1
1782471625,gsm-46,msc-test-stub-5b875d749d-qwgsn,1,16
1782471625,gsm-46,osmo-bsc-594654bd47-rpdmb,1,5
1782471625,gsm-46,osmo-bts-virtual-5f8b9b86fc-5j5zz,26,5
1782471625,gsm-46,osmo-hlr-546bdb8988-tjzrn,1,2
1782471625,gsm-46,osmo-mgw-8c8fc67d6-jz2rp,1,2
1782471625,gsm-46,osmo-mobile-6ccd8c4658-4ttj8,3,37
1782471625,gsm-46,osmo-stp-768687f494-z9p8q,1,2
1782471625,gsm-46,ttcn3-tc-26-7-4-5-1-1-xp5mk,1,6
1782471625,gsm-46,virtphy-5cf87d48b9-mvl8m,7,1
1782471628,gsm-46,msc-test-stub-5b875d749d-qwgsn,1,16
1782471628,gsm-46,osmo-bsc-594654bd47-rpdmb,1,5
1782471628,gsm-46,osmo-bts-virtual-5f8b9b86fc-5j5zz,23,5
1782471628,gsm-46,osmo-hlr-546bdb8988-tjzrn,1,2
1782471628,gsm-46,osmo-mgw-8c8fc67d6-jz2rp,1,2
1782471628,gsm-46,osmo-mobile-6ccd8c4658-4ttj8,3,37
1782471628,gsm-46,osmo-stp-768687f494-z9p8q,1,2
1782471628,gsm-46,ttcn3-tc-26-7-4-5-1-1-xp5mk,1,6
1782471628,gsm-46,virtphy-5cf87d48b9-mvl8m,7,1
1782471631,gsm-46,msc-test-stub-5b875d749d-qwgsn,1,16
1782471631,gsm-46,osmo-bsc-594654bd47-rpdmb,1,5
1782471631,gsm-46,osmo-bts-virtual-5f8b9b86fc-5j5zz,23,5
1782471631,gsm-46,osmo-hlr-546bdb8988-tjzrn,1,2
1782471631,gsm-46,osmo-mgw-8c8fc67d6-jz2rp,1,2
1782471631,gsm-46,osmo-mobile-6ccd8c4658-4ttj8,3,37
1782471631,gsm-46,osmo-stp-768687f494-z9p8q,1,2
1782471631,gsm-46,ttcn3-tc-26-7-4-5-1-1-xp5mk,1,6
1782471631,gsm-46,virtphy-5cf87d48b9-mvl8m,7,1
1782471634,gsm-46,msc-test-stub-5b875d749d-qwgsn,1,16
1782471634,gsm-46,osmo-bsc-594654bd47-rpdmb,1,5
1782471634,gsm-46,osmo-bts-virtual-5f8b9b86fc-5j5zz,23,5
1782471634,gsm-46,osmo-hlr-546bdb8988-tjzrn,1,2
1782471634,gsm-46,osmo-mgw-8c8fc67d6-jz2rp,1,2
1782471634,gsm-46,osmo-mobile-6ccd8c4658-4ttj8,3,37
1782471634,gsm-46,osmo-stp-768687f494-z9p8q,1,2
1782471634,gsm-46,ttcn3-tc-26-7-4-5-1-1-xp5mk,1,6
1782471634,gsm-46,virtphy-5cf87d48b9-mvl8m,7,1
1782471637,gsm-46,msc-test-stub-5b875d749d-qwgsn,1,16
1782471637,gsm-46,osmo-bsc-594654bd47-rpdmb,1,5
1782471637,gsm-46,osmo-bts-virtual-5f8b9b86fc-5j5zz,23,5
1782471637,gsm-46,osmo-hlr-546bdb8988-tjzrn,1,2
1782471637,gsm-46,osmo-mgw-8c8fc67d6-jz2rp,1,2
1782471637,gsm-46,osmo-mobile-6ccd8c4658-4ttj8,3,37
1782471637,gsm-46,osmo-stp-768687f494-z9p8q,1,2
1782471637,gsm-46,ttcn3-tc-26-7-4-5-1-1-xp5mk,1,6
1782471637,gsm-46,virtphy-5cf87d48b9-mvl8m,7,1
1782471640,gsm-46,msc-test-stub-5b875d749d-qwgsn,1,16
1782471640,gsm-46,osmo-bsc-594654bd47-rpdmb,1,5
1782471640,gsm-46,osmo-bts-virtual-5f8b9b86fc-5j5zz,23,5
1782471640,gsm-46,osmo-hlr-546bdb8988-tjzrn,1,2
1782471640,gsm-46,osmo-mgw-8c8fc67d6-jz2rp,1,2
1782471640,gsm-46,osmo-mobile-6ccd8c4658-4ttj8,3,37
1782471640,gsm-46,osmo-stp-768687f494-z9p8q,1,2
1782471640,gsm-46,ttcn3-tc-26-7-4-5-1-1-xp5mk,1,6
1782471640,gsm-46,virtphy-5cf87d48b9-mvl8m,7,1
1782471643,gsm-46,msc-test-stub-5b875d749d-qwgsn,1,16
1782471643,gsm-46,osmo-bsc-594654bd47-rpdmb,1,5
1782471643,gsm-46,osmo-bts-virtual-5f8b9b86fc-5j5zz,24,5
1782471643,gsm-46,osmo-hlr-546bdb8988-tjzrn,1,2
1782471643,gsm-46,osmo-mgw-8c8fc67d6-jz2rp,1,2
1782471643,gsm-46,osmo-mobile-6ccd8c4658-4ttj8,3,37
1782471643,gsm-46,osmo-stp-768687f494-z9p8q,1,2
1782471643,gsm-46,virtphy-5cf87d48b9-mvl8m,6,1
1782471646,gsm-46,msc-test-stub-5b875d749d-qwgsn,1,16
1782471646,gsm-46,osmo-bsc-594654bd47-rpdmb,1,5
1782471646,gsm-46,osmo-bts-virtual-5f8b9b86fc-5j5zz,24,5
1782471646,gsm-46,osmo-hlr-546bdb8988-tjzrn,1,2
1782471646,gsm-46,osmo-mgw-8c8fc67d6-jz2rp,1,2
1782471646,gsm-46,osmo-mobile-6ccd8c4658-4ttj8,3,37
1782471646,gsm-46,osmo-stp-768687f494-z9p8q,1,2
1782471646,gsm-46,virtphy-5cf87d48b9-mvl8m,6,1
