======================================================
Waiting for mobile to register (5 seconds)...
======================================================
======================================================
Starting TC_34_2_2 Test Case
======================================================
Resolved: msc=10.42.0.245 mobile=10.43.121.162 bsc=10.42.0.5
DEBUG: [EXECUTE] section:
[EXECUTE]
TC_34_2_2.TC_34_2_2
  Waiting for MC... (1/30)
Main Controller ready (attempt 2)
Starting Host Controller...
TTCN-3 Host Controller (parallel mode), version 11.1.0
The address of MC was set to a local IP address. This may cause incorrect behavior if a HC from a remote host also connects to MC.
Result dir: /results/TC_34_2_2-2026-06-24-064039
Waiting for log files...
2026/Jun/24 06:40:41.449875 EXECUTOR - TTCN-3 Host Controller started on ttcn3-tc-34-2-2-1-zxdl7. Version: 11.1.0.
2026/Jun/24 06:40:41.450069 EXECUTOR - TTCN Logger v2.2 options: TimeStampFormat:=DateTime; LogEntityName:=No; LogEventTypes:=Yes; SourceInfoFormat:=Single; LogSensitiveData:=No; *.FileMask:=LOG_ALL; *.ConsoleMask:=ERROR | TESTCASE | USER | VERDICTOP | WARNING; LogFileSize:=0; LogFileNumber:=1; DiskFullAction:=Error
2026/Jun/24 06:40:41.450083 EXECUTOR - Maximum number of open file descriptors: 1048576,   FD_SETSIZE = 1024
2026/Jun/24 06:40:41.450230 WARNING - Warning: The address of MC was set to a local IP address. This may cause incorrect behavior if a HC from a remote host also connects to MC.
2026/Jun/24 06:40:41.450273 EXECUTOR - The address of MC was set to 127.0.0.1:0.
2026/Jun/24 06:40:41.450405 EXECUTOR - Connected to MC.
2026/Jun/24 06:40:41.450504 EXECUTOR - This host supports UNIX domain sockets for local communication.
2026/Jun/24 06:40:41.450791 EXECUTOR - Processing configuration data received from MC.
2026/Jun/24 06:40:41.451044 WARNING - Warning: Skeleton `/results/TC_34_2_2-2026-06-24-064039/%n.log' does not guarantee unique log file name for every test system process. It may cause unpredictable results if several test components try to write into the same log file.
2026/Jun/24 06:40:41.451360 EXECUTOR - Module GSM_Constants has the following parameters: { TSPC_Serv_TS11 := true, TSPC_Serv_TS61 := false, TSPC_Serv_TS62 := false, TSPC_Serv_BS21 := false, TSPC_Serv_BS22 := false, TSPC_Serv_BS24 := false, TSPC_Serv_BS25 := false, TSPC_Serv_BS26 := false, TSPC_Serv_BS31 := false, TSPC_Serv_BS32 := false, TSPC_Serv_BS33 := false, TSPC_Serv_BS34 := false, TSPC_Serv_BS41 := false, TSPC_Serv_BS42 := false, TSPC_Serv_BS43 := false, TSPC_Serv_BS44 := false, TSPC_Serv_BS45 := false, TSPC_Serv_BS51 := false, TSPC_Serv_BS61 := false, TSPC_Serv_BS81 := false, TSPC_DualRate := false, TSPC_MTsvc := true, TSPX_IMSI := '901700000000001F'O, TSPX_TMSI := '1914D97F'O, TSPX_CKSNDef := 0, TSPX_RANDDef := '00112233445566778899AABBCCDDEEFF'O, TSPX_SRES := '12345678'O, TSPX_Kc := '0000000000000000'O, TSPX_SDCCH4SubDef := 0, TSPX_TmSltDef := 0, TSPX_TscDef := 7, TSPX_TCHHSubDef := 0, TCV_CC := true, TSPX_Telephony_Rate := C_Full (0), TSPX_MOBscSvcA := C_Telephony (0), TSPX_MOBscSvcB := C_Telephony (0), TSPX_MOBscSvcC := C_Telephony (0), TSPX_MOBscSvcD := C_Telephony (0), TSPX_MOBscSvcE := C_Telephony (0), TSPX_MOBscSvcF := C_Telephony (0), TSPX_MOBscSvcG := C_Telephony (0), TSPX_MOChRateA := C_Full (0), TSPX_MOChRateB := C_Full (0), TSPX_MOChRateC := C_Full (0), TSPX_MOChRateD := C_Full (0), TSPX_MOChRateE := C_Full (0), TSPX_MOChRateF := C_Full (0), TSPX_MOChRateG := C_Full (0), TSPX_MTBscSvcA := C_Telephony (0), TSPX_MTBscSvcB := C_Telephony (0), TSPX_MTBscSvcC := C_Telephony (0), TSPX_MTBscSvcD := C_Telephony (0), TSPX_MTBscSvcE := C_Telephony (0), TSPX_MTBscSvcF := C_Telephony (0), TSPX_MTBscSvcG := C_Telephony (0), TSPX_MTBscSvcH := C_Telephony (0), TSPX_MTBscSvcI := C_Telephony (0), TSPX_MTBscSvcJ := C_Telephony (0), TSPX_MTChRateA := C_Full (0), TSPX_MTChRateB := C_Full (0), TSPX_MTChRateC := C_Full (0), TSPX_MTChRateD := C_Full (0), TSPX_MTChRateE := C_Full (0), TSPX_MTChRateF := C_Full (0), TSPX_MTChRateG := C_Full (0), TSPX_MTChRateH := C_Full (0), TSPX_MTChRateI := C_Full (0), TSPX_MTChRateJ := C_Full (0), C_arfcnA := 100 }
2026/Jun/24 06:40:41.451443 EXECUTOR - Module TC_26_6_1_2 has the following parameters: { TSPX_nPara := 3, TSPX_i1Para := 3, TSPX_kPara := 5, TSPX_i2Para := 1, TSPX_rPara := 4, TSPX_i3Para := 4 }
2026/Jun/24 06:40:41.451483 EXECUTOR - Initializing module GSM_Component_Definitions.
2026/Jun/24 06:40:41.451491 EXECUTOR GSM_Component_Definitions.ttcn3:0 Initializing module GSM_Templates.
2026/Jun/24 06:40:41.451509 EXECUTOR GSM_Templates.ttcn3:0 Initializing module GSM_Constants.
2026/Jun/24 06:40:41.451514 EXECUTOR GSM_Constants.ttcn3:0 Initializing module GSM_Types.
2026/Jun/24 06:40:41.451517 EXECUTOR GSM_Constants.ttcn3:0 Initialization of module GSM_Types finished.
2026/Jun/24 06:40:41.451520 EXECUTOR GSM_Templates.ttcn3:0 Initialization of module GSM_Constants finished.
2026/Jun/24 06:40:41.451598 EXECUTOR GSM_Component_Definitions.ttcn3:0 Initialization of module GSM_Templates finished.
2026/Jun/24 06:40:41.451602 EXECUTOR - Initialization of module GSM_Component_Definitions finished.
2026/Jun/24 06:40:41.451604 EXECUTOR - Initializing module GSM_Functions.
2026/Jun/24 06:40:41.451627 EXECUTOR - Initialization of module GSM_Functions finished.
2026/Jun/24 06:40:41.451630 EXECUTOR - Initializing module PreGenRecordOf.
2026/Jun/24 06:40:41.451632 EXECUTOR - Initialization of module PreGenRecordOf finished.
2026/Jun/24 06:40:41.451635 EXECUTOR - Initializing module TC_26_2_1_3.
2026/Jun/24 06:40:41.451639 EXECUTOR - Initialization of module TC_26_2_1_3 finished.
2026/Jun/24 06:40:41.451642 EXECUTOR - Initializing module TC_26_2_2.
2026/Jun/24 06:40:41.451646 EXECUTOR - Initialization of module TC_26_2_2 finished.
2026/Jun/24 06:40:41.451649 EXECUTOR - Initializing module TC_26_2_3.
2026/Jun/24 06:40:41.451654 EXECUTOR - Initialization of module TC_26_2_3 finished.
2026/Jun/24 06:40:41.451656 EXECUTOR - Initializing module TC_26_6_11_1.
2026/Jun/24 06:40:41.451661 EXECUTOR - Initialization of module TC_26_6_11_1 finished.
2026/Jun/24 06:40:41.451663 EXECUTOR - Initializing module TC_26_6_11_2.
2026/Jun/24 06:40:41.451668 EXECUTOR - Initialization of module TC_26_6_11_2 finished.
2026/Jun/24 06:40:41.451670 EXECUTOR - Initializing module TC_26_6_12_1.
2026/Jun/24 06:40:41.451675 EXECUTOR - Initialization of module TC_26_6_12_1 finished.
2026/Jun/24 06:40:41.451677 EXECUTOR - Initializing module TC_26_6_12_2.
2026/Jun/24 06:40:41.451682 EXECUTOR - Initialization of module TC_26_6_12_2 finished.
2026/Jun/24 06:40:41.451684 EXECUTOR - Initializing module TC_26_6_12_3.
2026/Jun/24 06:40:41.451690 EXECUTOR - Initialization of module TC_26_6_12_3 finished.
2026/Jun/24 06:40:41.451692 EXECUTOR - Initializing module TC_26_6_12_4.
2026/Jun/24 06:40:41.451697 EXECUTOR - Initialization of module TC_26_6_12_4 finished.
2026/Jun/24 06:40:41.451699 EXECUTOR - Initializing module TC_26_6_13_10.
2026/Jun/24 06:40:41.451704 EXECUTOR - Initialization of module TC_26_6_13_10 finished.
2026/Jun/24 06:40:41.451706 EXECUTOR - Initializing module TC_26_6_13_9.
2026/Jun/24 06:40:41.451711 EXECUTOR - Initialization of module TC_26_6_13_9 finished.
2026/Jun/24 06:40:41.451713 EXECUTOR - Initializing module TC_26_6_1_1.
2026/Jun/24 06:40:41.451719 EXECUTOR - Initialization of module TC_26_6_1_1 finished.
2026/Jun/24 06:40:41.451721 EXECUTOR - Initializing module TC_26_6_1_2.
2026/Jun/24 06:40:41.451725 EXECUTOR - Initialization of module TC_26_6_1_2 finished.
2026/Jun/24 06:40:41.451728 EXECUTOR - Initializing module TC_26_6_1_3.
2026/Jun/24 06:40:41.451732 EXECUTOR - Initialization of module TC_26_6_1_3 finished.
2026/Jun/24 06:40:41.451735 EXECUTOR - Initializing module TC_26_6_1_4.
2026/Jun/24 06:40:41.451739 EXECUTOR - Initialization of module TC_26_6_1_4 finished.
2026/Jun/24 06:40:41.451741 EXECUTOR - Initializing module TC_26_6_1_5.
2026/Jun/24 06:40:41.451746 EXECUTOR - Initialization of module TC_26_6_1_5 finished.
2026/Jun/24 06:40:41.451748 EXECUTOR - Initializing module TC_26_6_2_1_1.
2026/Jun/24 06:40:41.451753 EXECUTOR - Initialization of module TC_26_6_2_1_1 finished.
2026/Jun/24 06:40:41.451755 EXECUTOR - Initializing module TC_26_6_2_1_2.
2026/Jun/24 06:40:41.451760 EXECUTOR - Initialization of module TC_26_6_2_1_2 finished.
2026/Jun/24 06:40:41.451763 EXECUTOR - Initializing module TC_26_6_2_1_3.
2026/Jun/24 06:40:41.451768 EXECUTOR - Initialization of module TC_26_6_2_1_3 finished.
2026/Jun/24 06:40:41.451770 EXECUTOR - Initializing module TC_26_6_2_2.
2026/Jun/24 06:40:41.451775 EXECUTOR - Initialization of module TC_26_6_2_2 finished.
2026/Jun/24 06:40:41.451777 EXECUTOR - Initializing module TC_26_6_2_3_1.
2026/Jun/24 06:40:41.451782 EXECUTOR - Initialization of module TC_26_6_2_3_1 finished.
2026/Jun/24 06:40:41.451784 EXECUTOR - Initializing module TC_26_6_2_3_2.
2026/Jun/24 06:40:41.451789 EXECUTOR - Initialization of module TC_26_6_2_3_2 finished.
2026/Jun/24 06:40:41.451798 EXECUTOR - Initializing module TC_26_6_2_4.
2026/Jun/24 06:40:41.451803 EXECUTOR - Initialization of module TC_26_6_2_4 finished.
2026/Jun/24 06:40:41.451805 EXECUTOR - Initializing module TC_26_6_3_1.
2026/Jun/24 06:40:41.451810 EXECUTOR - Initialization of module TC_26_6_3_1 finished.
2026/Jun/24 06:40:41.451813 EXECUTOR - Initializing module TC_26_6_3_4.
2026/Jun/24 06:40:41.451818 EXECUTOR - Initialization of module TC_26_6_3_4 finished.
2026/Jun/24 06:40:41.451830 EXECUTOR - Initializing module TC_26_6_4_1.
2026/Jun/24 06:40:41.451838 EXECUTOR - Initialization of module TC_26_6_4_1 finished.
2026/Jun/24 06:40:41.451841 EXECUTOR - Initializing module TC_26_6_4_2_2.
2026/Jun/24 06:40:41.451846 EXECUTOR - Initialization of module TC_26_6_4_2_2 finished.
2026/Jun/24 06:40:41.451848 EXECUTOR - Initializing module TC_26_6_5_1.
2026/Jun/24 06:40:41.451853 EXECUTOR - Initialization of module TC_26_6_5_1 finished.
2026/Jun/24 06:40:41.451855 EXECUTOR - Initializing module TC_26_6_5_2_1.
2026/Jun/24 06:40:41.451860 EXECUTOR - Initialization of module TC_26_6_5_2_1 finished.
2026/Jun/24 06:40:41.451862 EXECUTOR - Initializing module TC_26_6_8_1.
2026/Jun/24 06:40:41.451867 EXECUTOR - Initialization of module TC_26_6_8_1 finished.
2026/Jun/24 06:40:41.451869 EXECUTOR - Initializing module TC_26_6_8_2.
2026/Jun/24 06:40:41.451874 EXECUTOR - Initialization of module TC_26_6_8_2 finished.
2026/Jun/24 06:40:41.451876 EXECUTOR - Initializing module TC_26_6_8_3.
2026/Jun/24 06:40:41.451880 EXECUTOR - Initialization of module TC_26_6_8_3 finished.
2026/Jun/24 06:40:41.451882 EXECUTOR - Initializing module TC_26_6_8_4.
2026/Jun/24 06:40:41.451888 EXECUTOR - Initialization of module TC_26_6_8_4 finished.
2026/Jun/24 06:40:41.451890 EXECUTOR - Initializing module TC_26_6_8_5.
2026/Jun/24 06:40:41.451894 EXECUTOR - Initialization of module TC_26_6_8_5 finished.
2026/Jun/24 06:40:41.451897 EXECUTOR - Initializing module TC_26_7_1.
2026/Jun/24 06:40:41.451902 EXECUTOR - Initialization of module TC_26_7_1 finished.
2026/Jun/24 06:40:41.451904 EXECUTOR - Initializing module TC_26_7_2_1.
2026/Jun/24 06:40:41.451909 EXECUTOR - Initialization of module TC_26_7_2_1 finished.
2026/Jun/24 06:40:41.451911 EXECUTOR - Initializing module TC_26_7_2_2.
2026/Jun/24 06:40:41.451916 EXECUTOR - Initialization of module TC_26_7_2_2 finished.
2026/Jun/24 06:40:41.451918 EXECUTOR - Initializing module TC_26_7_3_1.
2026/Jun/24 06:40:41.451923 EXECUTOR - Initialization of module TC_26_7_3_1 finished.
2026/Jun/24 06:40:41.451926 EXECUTOR - Initializing module TC_26_7_3_2.
2026/Jun/24 06:40:41.451931 EXECUTOR - Initialization of module TC_26_7_3_2 finished.
2026/Jun/24 06:40:41.451933 EXECUTOR - Initializing module TC_26_7_4_1.
2026/Jun/24 06:40:41.451938 EXECUTOR - Initialization of module TC_26_7_4_1 finished.
2026/Jun/24 06:40:41.451940 EXECUTOR - Initializing module TC_26_7_4_2_1.
2026/Jun/24 06:40:41.451945 EXECUTOR - Initialization of module TC_26_7_4_2_1 finished.
2026/Jun/24 06:40:41.451947 EXECUTOR - Initializing module TC_26_7_4_2_2_1.
2026/Jun/24 06:40:41.451952 EXECUTOR - Initialization of module TC_26_7_4_2_2_1 finished.
2026/Jun/24 06:40:41.451955 EXECUTOR - Initializing module TC_26_7_4_2_2_2.
2026/Jun/24 06:40:41.451959 EXECUTOR - Initialization of module TC_26_7_4_2_2_2 finished.
2026/Jun/24 06:40:41.451962 EXECUTOR - Initializing module TC_26_7_4_2_3.
2026/Jun/24 06:40:41.451966 EXECUTOR - Initialization of module TC_26_7_4_2_3 finished.
2026/Jun/24 06:40:41.451969 EXECUTOR - Initializing module TC_26_7_4_2_4_1.
2026/Jun/24 06:40:41.451974 EXECUTOR - Initialization of module TC_26_7_4_2_4_1 finished.
2026/Jun/24 06:40:41.451977 EXECUTOR - Initializing module TC_26_7_4_2_4_2.
2026/Jun/24 06:40:41.451981 EXECUTOR - Initialization of module TC_26_7_4_2_4_2 finished.
2026/Jun/24 06:40:41.451984 EXECUTOR - Initializing module TC_26_7_4_2_4_3.
2026/Jun/24 06:40:41.451989 EXECUTOR - Initialization of module TC_26_7_4_2_4_3 finished.
2026/Jun/24 06:40:41.451991 EXECUTOR - Initializing module TC_26_7_4_2_4_4.
2026/Jun/24 06:40:41.451999 EXECUTOR - Initialization of module TC_26_7_4_2_4_4 finished.
2026/Jun/24 06:40:41.452002 EXECUTOR - Initializing module TC_26_7_4_2_4_5.
2026/Jun/24 06:40:41.452007 EXECUTOR - Initialization of module TC_26_7_4_2_4_5 finished.
2026/Jun/24 06:40:41.452009 EXECUTOR - Initializing module TC_26_7_4_3_1.
2026/Jun/24 06:40:41.452013 EXECUTOR - Initialization of module TC_26_7_4_3_1 finished.
2026/Jun/24 06:40:41.452016 EXECUTOR - Initializing module TC_26_7_4_3_2.
2026/Jun/24 06:40:41.452021 EXECUTOR - Initialization of module TC_26_7_4_3_2 finished.
2026/Jun/24 06:40:41.452023 EXECUTOR - Initializing module TC_26_7_4_3_3.
2026/Jun/24 06:40:41.452028 EXECUTOR - Initialization of module TC_26_7_4_3_3 finished.
2026/Jun/24 06:40:41.452030 EXECUTOR - Initializing module TC_26_7_4_3_4.
2026/Jun/24 06:40:41.452043 EXECUTOR - Initialization of module TC_26_7_4_3_4 finished.
2026/Jun/24 06:40:41.452046 EXECUTOR - Initializing module TC_26_7_4_4.
2026/Jun/24 06:40:41.452050 EXECUTOR - Initialization of module TC_26_7_4_4 finished.
2026/Jun/24 06:40:41.452053 EXECUTOR - Initializing module TC_26_7_4_5_1.
2026/Jun/24 06:40:41.452058 EXECUTOR - Initialization of module TC_26_7_4_5_1 finished.
2026/Jun/24 06:40:41.452060 EXECUTOR - Initializing module TC_26_7_4_5_2.
2026/Jun/24 06:40:41.452065 EXECUTOR - Initialization of module TC_26_7_4_5_2 finished.
2026/Jun/24 06:40:41.452067 EXECUTOR - Initializing module TC_26_7_4_5_3.
2026/Jun/24 06:40:41.452072 EXECUTOR - Initialization of module TC_26_7_4_5_3 finished.
2026/Jun/24 06:40:41.452074 EXECUTOR - Initializing module TC_26_7_4_5_4_2.
2026/Jun/24 06:40:41.452079 EXECUTOR - Initialization of module TC_26_7_4_5_4_2 finished.
2026/Jun/24 06:40:41.452082 EXECUTOR - Initializing module TC_26_7_5_2.
2026/Jun/24 06:40:41.452086 EXECUTOR - Initialization of module TC_26_7_5_2 finished.
2026/Jun/24 06:40:41.452089 EXECUTOR - Initializing module TC_26_7_5_3.
2026/Jun/24 06:40:41.452094 EXECUTOR - Initialization of module TC_26_7_5_3 finished.
2026/Jun/24 06:40:41.452096 EXECUTOR - Initializing module TC_26_7_5_4.
2026/Jun/24 06:40:41.452101 EXECUTOR - Initialization of module TC_26_7_5_4 finished.
2026/Jun/24 06:40:41.452103 EXECUTOR - Initializing module TC_26_7_5_5.
2026/Jun/24 06:40:41.452108 EXECUTOR - Initialization of module TC_26_7_5_5 finished.
2026/Jun/24 06:40:41.452110 EXECUTOR - Initializing module TC_26_7_5_6.
2026/Jun/24 06:40:41.452115 EXECUTOR - Initialization of module TC_26_7_5_6 finished.
2026/Jun/24 06:40:41.452117 EXECUTOR - Initializing module TC_26_7_5_7_1.
2026/Jun/24 06:40:41.452122 EXECUTOR - Initialization of module TC_26_7_5_7_1 finished.
2026/Jun/24 06:40:41.452124 EXECUTOR - Initializing module TC_26_7_5_8_1.
2026/Jun/24 06:40:41.452129 EXECUTOR - Initialization of module TC_26_7_5_8_1 finished.
2026/Jun/24 06:40:41.452131 EXECUTOR - Initializing module TC_26_7_5_8_2.
2026/Jun/24 06:40:41.452136 EXECUTOR - Initialization of module TC_26_7_5_8_2 finished.
2026/Jun/24 06:40:41.452138 EXECUTOR - Initializing module TC_26_7_5_8_3.
2026/Jun/24 06:40:41.452143 EXECUTOR - Initialization of module TC_26_7_5_8_3 finished.
2026/Jun/24 06:40:41.452145 EXECUTOR - Initializing module TC_26_8_1_2_1_1.
2026/Jun/24 06:40:41.452150 EXECUTOR - Initialization of module TC_26_8_1_2_1_1 finished.
2026/Jun/24 06:40:41.452152 EXECUTOR - Initializing module TC_26_8_1_2_2_1.
2026/Jun/24 06:40:41.452157 EXECUTOR - Initialization of module TC_26_8_1_2_2_1 finished.
2026/Jun/24 06:40:41.452159 EXECUTOR - Initializing module TC_26_8_1_2_2_2.
2026/Jun/24 06:40:41.452164 EXECUTOR - Initialization of module TC_26_8_1_2_2_2 finished.
2026/Jun/24 06:40:41.452166 EXECUTOR - Initializing module TC_26_8_1_2_2_3.
2026/Jun/24 06:40:41.452171 EXECUTOR - Initialization of module TC_26_8_1_2_2_3 finished.
2026/Jun/24 06:40:41.452174 EXECUTOR - Initializing module TC_26_8_1_2_3_1.
2026/Jun/24 06:40:41.452178 EXECUTOR - Initialization of module TC_26_8_1_2_3_1 finished.
2026/Jun/24 06:40:41.452181 EXECUTOR - Initializing module TC_26_8_1_2_3_2.
2026/Jun/24 06:40:41.452186 EXECUTOR - Initialization of module TC_26_8_1_2_3_2 finished.
2026/Jun/24 06:40:41.452191 EXECUTOR - Initializing module TC_26_8_1_2_3_3.
2026/Jun/24 06:40:41.452196 EXECUTOR - Initialization of module TC_26_8_1_2_3_3 finished.
2026/Jun/24 06:40:41.452198 EXECUTOR - Initializing module TC_26_8_1_2_3_4.
2026/Jun/24 06:40:41.452204 EXECUTOR - Initialization of module TC_26_8_1_2_3_4 finished.
2026/Jun/24 06:40:41.452206 EXECUTOR - Initializing module TC_26_8_1_2_3_5.
2026/Jun/24 06:40:41.452211 EXECUTOR - Initialization of module TC_26_8_1_2_3_5 finished.
2026/Jun/24 06:40:41.452213 EXECUTOR - Initializing module TC_26_8_1_2_3_6.
2026/Jun/24 06:40:41.452218 EXECUTOR - Initialization of module TC_26_8_1_2_3_6 finished.
2026/Jun/24 06:40:41.452220 EXECUTOR - Initializing module TC_26_8_1_2_3_7.
2026/Jun/24 06:40:41.452225 EXECUTOR - Initialization of module TC_26_8_1_2_3_7 finished.
2026/Jun/24 06:40:41.452227 EXECUTOR - Initializing module TC_26_8_1_2_4_1.
2026/Jun/24 06:40:41.452231 EXECUTOR - Initialization of module TC_26_8_1_2_4_1 finished.
2026/Jun/24 06:40:41.452234 EXECUTOR - Initializing module TC_26_8_1_2_4_13.
2026/Jun/24 06:40:41.452238 EXECUTOR - Initialization of module TC_26_8_1_2_4_13 finished.
2026/Jun/24 06:40:41.452241 EXECUTOR - Initializing module TC_26_8_1_2_4_2.
2026/Jun/24 06:40:41.452245 EXECUTOR - Initialization of module TC_26_8_1_2_4_2 finished.
2026/Jun/24 06:40:41.452248 EXECUTOR - Initializing module TC_26_8_1_2_4_3.
2026/Jun/24 06:40:41.452253 EXECUTOR - Initialization of module TC_26_8_1_2_4_3 finished.
2026/Jun/24 06:40:41.452255 EXECUTOR - Initializing module TC_26_8_1_2_4_4.
2026/Jun/24 06:40:41.452259 EXECUTOR - Initialization of module TC_26_8_1_2_4_4 finished.
2026/Jun/24 06:40:41.452262 EXECUTOR - Initializing module TC_26_8_1_2_4_5.
2026/Jun/24 06:40:41.452267 EXECUTOR - Initialization of module TC_26_8_1_2_4_5 finished.
2026/Jun/24 06:40:41.452269 EXECUTOR - Initializing module TC_26_8_1_2_6_1.
2026/Jun/24 06:40:41.452274 EXECUTOR - Initialization of module TC_26_8_1_2_6_1 finished.
2026/Jun/24 06:40:41.452276 EXECUTOR - Initializing module TC_26_8_1_2_6_2.
2026/Jun/24 06:40:41.452280 EXECUTOR - Initialization of module TC_26_8_1_2_6_2 finished.
2026/Jun/24 06:40:41.452283 EXECUTOR - Initializing module TC_26_8_1_2_6_3.
2026/Jun/24 06:40:41.452287 EXECUTOR - Initialization of module TC_26_8_1_2_6_3 finished.
2026/Jun/24 06:40:41.452290 EXECUTOR - Initializing module TC_26_8_1_2_6_6.
2026/Jun/24 06:40:41.452294 EXECUTOR - Initialization of module TC_26_8_1_2_6_6 finished.
2026/Jun/24 06:40:41.452297 EXECUTOR - Initializing module TC_26_8_1_3_1_1.
2026/Jun/24 06:40:41.452301 EXECUTOR - Initialization of module TC_26_8_1_3_1_1 finished.
2026/Jun/24 06:40:41.452303 EXECUTOR - Initializing module TC_26_8_1_3_2_1.
2026/Jun/24 06:40:41.452308 EXECUTOR - Initialization of module TC_26_8_1_3_2_1 finished.
2026/Jun/24 06:40:41.452311 EXECUTOR - Initializing module TC_26_8_1_3_3_1.
2026/Jun/24 06:40:41.452316 EXECUTOR - Initialization of module TC_26_8_1_3_3_1 finished.
2026/Jun/24 06:40:41.452318 EXECUTOR - Initializing module TC_26_8_1_3_3_2.
2026/Jun/24 06:40:41.452323 EXECUTOR - Initialization of module TC_26_8_1_3_3_2 finished.
2026/Jun/24 06:40:41.452325 EXECUTOR - Initializing module TC_26_8_1_3_3_3.
2026/Jun/24 06:40:41.452330 EXECUTOR - Initialization of module TC_26_8_1_3_3_3 finished.
2026/Jun/24 06:40:41.452332 EXECUTOR - Initializing module TC_26_8_1_3_3_4.
2026/Jun/24 06:40:41.452338 EXECUTOR - Initialization of module TC_26_8_1_3_3_4 finished.
2026/Jun/24 06:40:41.452340 EXECUTOR - Initializing module TC_26_8_1_3_3_5.
2026/Jun/24 06:40:41.452345 EXECUTOR - Initialization of module TC_26_8_1_3_3_5 finished.
2026/Jun/24 06:40:41.452347 EXECUTOR - Initializing module TC_26_8_1_3_3_6.
2026/Jun/24 06:40:41.452352 EXECUTOR - Initialization of module TC_26_8_1_3_3_6 finished.
2026/Jun/24 06:40:41.452354 EXECUTOR - Initializing module TC_26_8_1_3_3_7.
2026/Jun/24 06:40:41.452359 EXECUTOR - Initialization of module TC_26_8_1_3_3_7 finished.
2026/Jun/24 06:40:41.452361 EXECUTOR - Initializing module TC_26_8_1_3_4_1.
2026/Jun/24 06:40:41.452370 EXECUTOR - Initialization of module TC_26_8_1_3_4_1 finished.
2026/Jun/24 06:40:41.452372 EXECUTOR - Initializing module TC_26_8_1_3_4_2.
2026/Jun/24 06:40:41.452377 EXECUTOR - Initialization of module TC_26_8_1_3_4_2 finished.
2026/Jun/24 06:40:41.452380 EXECUTOR - Initializing module TC_26_8_1_3_4_3.
2026/Jun/24 06:40:41.452385 EXECUTOR - Initialization of module TC_26_8_1_3_4_3 finished.
2026/Jun/24 06:40:41.452387 EXECUTOR - Initializing module TC_26_8_1_3_4_4.
2026/Jun/24 06:40:41.452392 EXECUTOR - Initialization of module TC_26_8_1_3_4_4 finished.
2026/Jun/24 06:40:41.452394 EXECUTOR - Initializing module TC_26_8_1_3_4_5.
2026/Jun/24 06:40:41.452399 EXECUTOR - Initialization of module TC_26_8_1_3_4_5 finished.
2026/Jun/24 06:40:41.452401 EXECUTOR - Initializing module TC_26_8_1_3_4_6.
2026/Jun/24 06:40:41.452406 EXECUTOR - Initialization of module TC_26_8_1_3_4_6 finished.
2026/Jun/24 06:40:41.452408 EXECUTOR - Initializing module TC_26_8_1_3_4_7.
2026/Jun/24 06:40:41.452413 EXECUTOR - Initialization of module TC_26_8_1_3_4_7 finished.
2026/Jun/24 06:40:41.452415 EXECUTOR - Initializing module TC_26_8_1_3_4_8.
2026/Jun/24 06:40:41.452420 EXECUTOR - Initialization of module TC_26_8_1_3_4_8 finished.
2026/Jun/24 06:40:41.452422 EXECUTOR - Initializing module TC_26_8_1_3_5_1.
2026/Jun/24 06:40:41.452427 EXECUTOR - Initialization of module TC_26_8_1_3_5_1 finished.
2026/Jun/24 06:40:41.452429 EXECUTOR - Initializing module TC_26_8_1_3_5_2.
2026/Jun/24 06:40:41.452434 EXECUTOR - Initialization of module TC_26_8_1_3_5_2 finished.
2026/Jun/24 06:40:41.452437 EXECUTOR - Initializing module TC_26_8_1_3_5_3.
2026/Jun/24 06:40:41.452442 EXECUTOR - Initialization of module TC_26_8_1_3_5_3 finished.
2026/Jun/24 06:40:41.452444 EXECUTOR - Initializing module TC_26_8_1_3_5_4.
2026/Jun/24 06:40:41.452449 EXECUTOR - Initialization of module TC_26_8_1_3_5_4 finished.
2026/Jun/24 06:40:41.452451 EXECUTOR - Initializing module TC_26_8_1_3_5_5.
2026/Jun/24 06:40:41.452457 EXECUTOR - Initialization of module TC_26_8_1_3_5_5 finished.
2026/Jun/24 06:40:41.452459 EXECUTOR - Initializing module TC_26_8_1_3_5_6.
2026/Jun/24 06:40:41.452464 EXECUTOR - Initialization of module TC_26_8_1_3_5_6 finished.
2026/Jun/24 06:40:41.452466 EXECUTOR - Initializing module TC_26_8_1_3_5_7.
2026/Jun/24 06:40:41.452471 EXECUTOR - Initialization of module TC_26_8_1_3_5_7 finished.
2026/Jun/24 06:40:41.452473 EXECUTOR - Initializing module TC_26_8_1_3_5_8.
2026/Jun/24 06:40:41.452478 EXECUTOR - Initialization of module TC_26_8_1_3_5_8 finished.
2026/Jun/24 06:40:41.452481 EXECUTOR - Initializing module TC_26_8_1_3_5_9.
2026/Jun/24 06:40:41.452486 EXECUTOR - Initialization of module TC_26_8_1_3_5_9 finished.
2026/Jun/24 06:40:41.452488 EXECUTOR - Initializing module TC_26_8_2_1.
2026/Jun/24 06:40:41.452493 EXECUTOR - Initialization of module TC_26_8_2_1 finished.
2026/Jun/24 06:40:41.452495 EXECUTOR - Initializing module TC_26_8_2_2.
2026/Jun/24 06:40:41.452500 EXECUTOR - Initialization of module TC_26_8_2_2 finished.
2026/Jun/24 06:40:41.452502 EXECUTOR - Initializing module TC_26_8_2_3.
2026/Jun/24 06:40:41.452506 EXECUTOR - Initialization of module TC_26_8_2_3 finished.
2026/Jun/24 06:40:41.452509 EXECUTOR - Initializing module TC_26_8_3.
2026/Jun/24 06:40:41.452514 EXECUTOR - Initialization of module TC_26_8_3 finished.
2026/Jun/24 06:40:41.452516 EXECUTOR - Initializing module TC_34_2_2.
2026/Jun/24 06:40:41.452521 EXECUTOR - Initialization of module TC_34_2_2 finished.
2026/Jun/24 06:40:41.452523 EXECUTOR - Initializing module TitanLoggerApi.
2026/Jun/24 06:40:41.452526 EXECUTOR - Initialization of module TitanLoggerApi finished.
2026/Jun/24 06:40:41.452528 EXECUTOR - Initializing module TitanLoggerControl.
2026/Jun/24 06:40:41.452530 EXECUTOR - Initialization of module TitanLoggerControl finished.
2026/Jun/24 06:40:41.452542 EXECUTOR - Configuration data was processed successfully.
2026/Jun/24 06:40:41.454098 EXECUTOR - MTC was created. Process id: 39.
2026/Jun/24 06:45:58.940687 EXECUTOR - Exit was requested from MC. Terminating HC.
2026/Jun/24 06:45:58.940833 EXECUTOR - Disconnected from MC.
2026/Jun/24 06:45:58.940856 EXECUTOR - TTCN-3 Host Controller finished.
2026/Jun/24 06:40:41.454749 EXECUTOR - TTCN-3 Main Test Component started on ttcn3-tc-34-2-2-1-zxdl7. Version: 11.1.0.
2026/Jun/24 06:40:41.454854 EXECUTOR - TTCN Logger v2.2 options: TimeStampFormat:=DateTime; LogEntityName:=No; LogEventTypes:=Yes; SourceInfoFormat:=Single; LogSensitiveData:=No; *.FileMask:=LOG_ALL; *.ConsoleMask:=ERROR | TESTCASE | USER | VERDICTOP | WARNING; LogFileSize:=0; LogFileNumber:=1; DiskFullAction:=Error
2026/Jun/24 06:40:41.454906 EXECUTOR - Connected to MC.
2026/Jun/24 06:40:41.454991 EXECUTOR - Executing test case TC_34_2_2 in module TC_34_2_2.
2026/Jun/24 06:40:41.455336 TESTCASE TC_34_2_2.ttcn3:1234 Test case TC_34_2_2 started.
2026/Jun/24 06:40:41.455383 PARALLEL TC_34_2_2.ttcn3:1234 Initializing variables, timers and ports of component type GSM_Component_Definitions.GSM_CT inside testcase TC_34_2_2.
2026/Jun/24 06:40:41.455581 USER TC_34_2_2.ttcn3:1234 MSC_Port: set_parameter msc_stub_host = 10.42.0.245
2026/Jun/24 06:40:41.455620 USER TC_34_2_2.ttcn3:1234 MSC_Port: set_parameter msc_stub_port = 5000
2026/Jun/24 06:40:41.455637 USER TC_34_2_2.ttcn3:1234 L3_Port: set_parameter gsmtap_host = 127.0.0.1
2026/Jun/24 06:40:41.455650 USER TC_34_2_2.ttcn3:1234 L3_Port: set_parameter gsmtap_port = 4729
2026/Jun/24 06:40:41.455657 USER TC_34_2_2.ttcn3:1234 L3_Port: set_parameter local_port = 4729
2026/Jun/24 06:40:41.455662 USER TC_34_2_2.ttcn3:1234 L3_Port: set_parameter ul_multicast_group = 239.193.23.2
2026/Jun/24 06:40:41.455666 USER TC_34_2_2.ttcn3:1234 L3_Port: Will join UL multicast group 239.193.23.2 for RACH capture
2026/Jun/24 06:40:41.455671 USER TC_34_2_2.ttcn3:1234 L3_Port: set_parameter arfcn = 51
2026/Jun/24 06:40:41.455708 USER TC_34_2_2.ttcn3:1234 L3_Port: user_start called
2026/Jun/24 06:40:41.455717 PORTEVENT TC_34_2_2.ttcn3:1234 Port L was started.
2026/Jun/24 06:40:41.455764 PORTEVENT TC_34_2_2.ttcn3:1234 Port RR was started.
2026/Jun/24 06:40:41.455769 PORTEVENT TC_34_2_2.ttcn3:1234 Port MM was started.
2026/Jun/24 06:40:41.455773 PORTEVENT TC_34_2_2.ttcn3:1234 Port CC was started.
2026/Jun/24 06:40:41.455776 USER TC_34_2_2.ttcn3:1234 MSC_Port: user_start called
2026/Jun/24 06:40:41.455781 PORTEVENT TC_34_2_2.ttcn3:1234 Port MSC was started.
2026/Jun/24 06:40:41.455786 PORTEVENT TC_34_2_2.ttcn3:1234 Port BSC was started.
2026/Jun/24 06:40:41.455790 PORTEVENT TC_34_2_2.ttcn3:1234 Port RSL was started.
2026/Jun/24 06:40:41.455795 USER TC_34_2_2.ttcn3:1234 VTY_PT: Starting
2026/Jun/24 06:40:41.455799 PORTEVENT TC_34_2_2.ttcn3:1234 Port VTY was started.
2026/Jun/24 06:40:41.455804 PORTEVENT TC_34_2_2.ttcn3:1234 Port COORD was started.
2026/Jun/24 06:40:41.455806 PARALLEL TC_34_2_2.ttcn3:1234 Component type GSM_Component_Definitions.GSM_CT was initialized.
2026/Jun/24 06:40:41.455829 WARNING GSM_Component_Definitions.ttcn3:364 Warning: Stopping inactive timer T_guard.
2026/Jun/24 06:40:41.455843 WARNING GSM_Component_Definitions.ttcn3:365 Warning: Stopping inactive timer T301.
2026/Jun/24 06:40:41.455848 WARNING GSM_Component_Definitions.ttcn3:366 Warning: Stopping inactive timer T303.
2026/Jun/24 06:40:41.455852 WARNING GSM_Component_Definitions.ttcn3:367 Warning: Stopping inactive timer T305.
2026/Jun/24 06:40:41.455856 WARNING GSM_Component_Definitions.ttcn3:368 Warning: Stopping inactive timer T308.
2026/Jun/24 06:40:41.455860 WARNING GSM_Component_Definitions.ttcn3:369 Warning: Stopping inactive timer T310.
2026/Jun/24 06:40:41.455864 WARNING GSM_Component_Definitions.ttcn3:370 Warning: Stopping inactive timer T313.
2026/Jun/24 06:40:41.455872 USER GSM_Component_Definitions.ttcn3:386 Component initialized
2026/Jun/24 06:40:41.455887 PARALLEL GSM_Component_Definitions.ttcn3:334 Mapping port mtc:L to system:L.
2026/Jun/24 06:40:41.455928 USER GSM_Component_Definitions.ttcn3:334 L3_Port: Mapping to L
2026/Jun/24 06:40:41.455987 USER GSM_Component_Definitions.ttcn3:334 L3_Port: Joined UL multicast group 239.193.23.2 for RACH capture
2026/Jun/24 06:40:41.455997 USER GSM_Component_Definitions.ttcn3:334 L3_Port: GSMTAP listening on port 4729
2026/Jun/24 06:40:41.456002 USER GSM_Component_Definitions.ttcn3:334 L3_Port: Mapped successfully (GSMTAP: 127.0.0.1:4729)
2026/Jun/24 06:40:41.456014 WARNING GSM_Component_Definitions.ttcn3:334 Warning: The maximum number of open file descriptors (1048576) is greater than FD_SETSIZE (1024). Ensure that Test Ports using Install_Handler do not try to wait for events of file descriptors with values greater than FD_SETSIZE (1024). (Current caller of Install_Handler is "L")
2026/Jun/24 06:40:41.456041 PORTEVENT GSM_Component_Definitions.ttcn3:334 Port L was mapped to system:L.
2026/Jun/24 06:40:41.456103 PARALLEL GSM_Component_Definitions.ttcn3:334 Map operation of mtc:L to system:L finished.
2026/Jun/24 06:40:41.456127 PARALLEL GSM_Component_Definitions.ttcn3:335 Mapping port mtc:RR to system:RR.
2026/Jun/24 06:40:41.456150 PORTEVENT GSM_Component_Definitions.ttcn3:335 Port RR was mapped to system:RR.
2026/Jun/24 06:40:41.456171 PARALLEL GSM_Component_Definitions.ttcn3:335 Map operation of mtc:RR to system:RR finished.
2026/Jun/24 06:40:41.456176 PARALLEL GSM_Component_Definitions.ttcn3:336 Mapping port mtc:MM to system:MM.
2026/Jun/24 06:40:41.456195 PORTEVENT GSM_Component_Definitions.ttcn3:336 Port MM was mapped to system:MM.
2026/Jun/24 06:40:41.456214 PARALLEL GSM_Component_Definitions.ttcn3:336 Map operation of mtc:MM to system:MM finished.
2026/Jun/24 06:40:41.456219 PARALLEL GSM_Component_Definitions.ttcn3:337 Mapping port mtc:CC to system:CC.
2026/Jun/24 06:40:41.456237 PORTEVENT GSM_Component_Definitions.ttcn3:337 Port CC was mapped to system:CC.
2026/Jun/24 06:40:41.456257 PARALLEL GSM_Component_Definitions.ttcn3:337 Map operation of mtc:CC to system:CC finished.
2026/Jun/24 06:40:41.456261 PARALLEL GSM_Component_Definitions.ttcn3:338 Mapping port mtc:MSC to system:MSC.
2026/Jun/24 06:40:41.456295 USER GSM_Component_Definitions.ttcn3:338 MSC_Port: Mapping to MSC
2026/Jun/24 06:40:41.456644 USER GSM_Component_Definitions.ttcn3:338 MSC_Port: Registered socket for async events
2026/Jun/24 06:40:41.456658 USER GSM_Component_Definitions.ttcn3:338 MSC_Port: Connected to MSC stub at 10.42.0.245:5000
2026/Jun/24 06:40:41.456662 PORTEVENT GSM_Component_Definitions.ttcn3:338 Port MSC was mapped to system:MSC.
2026/Jun/24 06:40:41.456689 PARALLEL GSM_Component_Definitions.ttcn3:338 Map operation of mtc:MSC to system:MSC finished.
2026/Jun/24 06:40:41.456695 PARALLEL GSM_Component_Definitions.ttcn3:339 Mapping port mtc:VTY to system:VTY.
2026/Jun/24 06:40:41.456718 USER GSM_Component_Definitions.ttcn3:339 VTY_PT: Mapping port to VTY interface
2026/Jun/24 06:40:41.456930 USER GSM_Component_Definitions.ttcn3:339 VTY_PT: Connected to VTY at 10.43.121.162:4247
2026/Jun/24 06:40:41.957288 USER GSM_Component_Definitions.ttcn3:339 VTY_PT: Initial banner received
2026/Jun/24 06:40:41.957373 PORTEVENT GSM_Component_Definitions.ttcn3:339 Port VTY was mapped to system:VTY.
2026/Jun/24 06:40:41.957463 USER GSM_Component_Definitions.ttcn3:339 MSC_Port: RX: {"type": "WELCOME", "status": "connected"}
2026/Jun/24 06:40:41.957581 PORTEVENT GSM_Component_Definitions.ttcn3:339 Message enqueued on MSC from system charstring : "{\"type\": \"WELCOME\", \"status\": \"connected\"}" id 1
2026/Jun/24 06:40:41.957670 PARALLEL GSM_Component_Definitions.ttcn3:339 Map operation of mtc:VTY to system:VTY finished.
2026/Jun/24 06:40:41.957713 TIMEROP TC_34_2_2.ttcn3:1260 Start timer T_guard: 1200 s
2026/Jun/24 06:40:41.957818 USER TC_34_2_2.ttcn3:1262 ==========================================================
2026/Jun/24 06:40:41.957860 USER TC_34_2_2.ttcn3:1263 *** TC_34_2_2: MO/MT SMS Point-to-Point Service ***
2026/Jun/24 06:40:41.957872 USER TC_34_2_2.ttcn3:1264 *** GSM 11.10 Section 34.2.2 ***
2026/Jun/24 06:40:41.957883 USER TC_34_2_2.ttcn3:1265 ==========================================================
2026/Jun/24 06:40:41.957894 USER TC_34_2_2.ttcn3:1271 *** Pre-test: Disabling auto-respond mode ***
2026/Jun/24 06:40:41.957955 PORTEVENT TC_34_2_2.ttcn3:1273 Sent on MSC to system charstring : "{\"command\": \"SET_AUTO_RESPOND\", \"params\": {\"enabled\": false}}"
2026/Jun/24 06:40:41.958115 USER TC_34_2_2.ttcn3:1273 MSC_Port: TX: {"command": "SET_AUTO_RESPOND", "params": {"enabled": false}}
2026/Jun/24 06:40:41.958170 TIMEROP TC_34_2_2.ttcn3:74 Start timer T_drain: 2 s
2026/Jun/24 06:40:41.958250 PORTEVENT TC_34_2_2.ttcn3:76 Receive operation on port MSC succeeded, message from system(): charstring : "{\"type\": \"WELCOME\", \"status\": \"connected\"}" id 1
2026/Jun/24 06:40:41.958314 PORTEVENT TC_34_2_2.ttcn3:76 Message with id 1 was extracted from the queue of MSC.
2026/Jun/24 06:40:41.958339 USER TC_34_2_2.ttcn3:77 Draining event: "{\"type\": \"WELCOME\", \"status\": \"connected\"}"
2026/Jun/24 06:40:41.958519 USER TC_34_2_2.ttcn3:75 MSC_Port: RX: {"status": "ok", "auto_respond": false}
2026/Jun/24 06:40:41.958543 PORTEVENT TC_34_2_2.ttcn3:75 Message enqueued on MSC from system charstring : "{\"status\": \"ok\", \"auto_respond\": false}" id 2
2026/Jun/24 06:40:41.958563 PORTEVENT TC_34_2_2.ttcn3:76 Receive operation on port MSC succeeded, message from system(): charstring : "{\"status\": \"ok\", \"auto_respond\": false}" id 2
2026/Jun/24 06:40:41.958575 PORTEVENT TC_34_2_2.ttcn3:76 Message with id 2 was extracted from the queue of MSC.
2026/Jun/24 06:40:41.958584 USER TC_34_2_2.ttcn3:77 Draining event: "{\"status\": \"ok\", \"auto_respond\": false}"
2026/Jun/24 06:40:43.958878 TIMEROP TC_34_2_2.ttcn3:80 Timeout T_drain: 2 s
2026/Jun/24 06:40:43.958947 USER TC_34_2_2.ttcn3:81 Drain period complete
2026/Jun/24 06:40:43.958977 USER TC_34_2_2.ttcn3:1280 *** Pre-test: Restarting mobile ***
2026/Jun/24 06:40:43.959032 USER TC_34_2_2.ttcn3:1281 docker.sock not found — using VTY power-cycle (k8s mode)
2026/Jun/24 06:40:43.959046 USER TC_34_2_2.ttcn3:1281 === k8s fallback: VTY power-cycle mobile at 10.43.121.162:4247 ===
2026/Jun/24 06:40:49.229936 USER TC_34_2_2.ttcn3:1281 Waiting 10 seconds (power off)...
2026/Jun/24 06:41:04.589928 USER TC_34_2_2.ttcn3:1281 VTY 'clear-loci' sent — LOCI erased
2026/Jun/24 06:41:11.757959 USER TC_34_2_2.ttcn3:1281 === VTY power-cycle complete — MS will send LU shortly ===
2026/Jun/24 06:41:11.758154 USER TC_34_2_2.ttcn3:1290 *** Draining pre-restart buffered events (15s) ***
2026/Jun/24 06:41:11.758185 TIMEROP TC_34_2_2.ttcn3:74 Start timer T_drain: 15 s
2026/Jun/24 06:41:11.758248 USER TC_34_2_2.ttcn3:75 VTY_PT: Received data (buffered): 94 bytes
2026/Jun/24 06:41:11.758298 USER TC_34_2_2.ttcn3:75 L3_Port: Received 17 bytes
2026/Jun/24 06:41:11.758329 USER TC_34_2_2.ttcn3:75 L3_Port: RAW GSMTAP hdr->arfcn=0x4033 RxArfcn=0x4033 Uplink=1 Chan=3 Len=1
2026/Jun/24 06:41:11.758353 USER TC_34_2_2.ttcn3:75 L3_Port: RX: 0F 
2026/Jun/24 06:41:11.758395 PORTEVENT TC_34_2_2.ttcn3:75 Message enqueued on L from system octetstring : '0F000031DD'O id 1
2026/Jun/24 06:41:11.758431 USER TC_34_2_2.ttcn3:75 L3_Port: Message delivered to TTCN-3
2026/Jun/24 06:41:11.758481 USER TC_34_2_2.ttcn3:75 MSC_Port: RX: {"type": "HEARTBEAT"}
2026/Jun/24 06:41:11.758505 PORTEVENT TC_34_2_2.ttcn3:75 Message enqueued on MSC from system charstring : "{\"type\": \"HEARTBEAT\"}" id 3
2026/Jun/24 06:41:11.758523 USER TC_34_2_2.ttcn3:75 MSC_Port: RX: {"type": "HEARTBEAT"}
2026/Jun/24 06:41:11.758542 PORTEVENT TC_34_2_2.ttcn3:75 Message enqueued on MSC from system charstring : "{\"type\": \"HEARTBEAT\"}" id 4
2026/Jun/24 06:41:11.758557 USER TC_34_2_2.ttcn3:75 MSC_Port: RX: {"type": "HEARTBEAT"}
2026/Jun/24 06:41:11.758575 PORTEVENT TC_34_2_2.ttcn3:75 Message enqueued on MSC from system charstring : "{\"type\": \"HEARTBEAT\"}" id 5
2026/Jun/24 06:41:11.758590 USER TC_34_2_2.ttcn3:75 MSC_Port: RX: {"type": "HEARTBEAT"}
2026/Jun/24 06:41:11.758609 PORTEVENT TC_34_2_2.ttcn3:75 Message enqueued on MSC from system charstring : "{\"type\": \"HEARTBEAT\"}" id 6
2026/Jun/24 06:41:11.758623 USER TC_34_2_2.ttcn3:75 MSC_Port: RX: {"type": "HEARTBEAT"}
2026/Jun/24 06:41:11.758641 PORTEVENT TC_34_2_2.ttcn3:75 Message enqueued on MSC from system charstring : "{\"type\": \"HEARTBEAT\"}" id 7
2026/Jun/24 06:41:11.758662 PORTEVENT TC_34_2_2.ttcn3:76 Receive operation on port MSC succeeded, message from system(): charstring : "{\"type\": \"HEARTBEAT\"}" id 3
2026/Jun/24 06:41:11.758693 PORTEVENT TC_34_2_2.ttcn3:76 Message with id 3 was extracted from the queue of MSC.
2026/Jun/24 06:41:11.758703 USER TC_34_2_2.ttcn3:77 Draining event: "{\"type\": \"HEARTBEAT\"}"
2026/Jun/24 06:41:11.758727 PORTEVENT TC_34_2_2.ttcn3:76 Receive operation on port MSC succeeded, message from system(): charstring : "{\"type\": \"HEARTBEAT\"}" id 4
2026/Jun/24 06:41:11.758747 PORTEVENT TC_34_2_2.ttcn3:76 Message with id 4 was extracted from the queue of MSC.
2026/Jun/24 06:41:11.758756 USER TC_34_2_2.ttcn3:77 Draining event: "{\"type\": \"HEARTBEAT\"}"
2026/Jun/24 06:41:11.758777 PORTEVENT TC_34_2_2.ttcn3:76 Receive operation on port MSC succeeded, message from system(): charstring : "{\"type\": \"HEARTBEAT\"}" id 5
2026/Jun/24 06:41:11.758787 PORTEVENT TC_34_2_2.ttcn3:76 Message with id 5 was extracted from the queue of MSC.
2026/Jun/24 06:41:11.758796 USER TC_34_2_2.ttcn3:77 Draining event: "{\"type\": \"HEARTBEAT\"}"
2026/Jun/24 06:41:11.758814 PORTEVENT TC_34_2_2.ttcn3:76 Receive operation on port MSC succeeded, message from system(): charstring : "{\"type\": \"HEARTBEAT\"}" id 6
2026/Jun/24 06:41:11.758852 PORTEVENT TC_34_2_2.ttcn3:76 Message with id 6 was extracted from the queue of MSC.
2026/Jun/24 06:41:11.758861 USER TC_34_2_2.ttcn3:77 Draining event: "{\"type\": \"HEARTBEAT\"}"
2026/Jun/24 06:41:11.758881 PORTEVENT TC_34_2_2.ttcn3:76 Receive operation on port MSC succeeded, message from system(): charstring : "{\"type\": \"HEARTBEAT\"}" id 7
2026/Jun/24 06:41:11.758892 PORTEVENT TC_34_2_2.ttcn3:76 Message with id 7 was extracted from the queue of MSC.
2026/Jun/24 06:41:11.758900 USER TC_34_2_2.ttcn3:77 Draining event: "{\"type\": \"HEARTBEAT\"}"
2026/Jun/24 06:41:11.758930 USER TC_34_2_2.ttcn3:75 L3_Port: Received 39 bytes
2026/Jun/24 06:41:11.758946 USER TC_34_2_2.ttcn3:75 L3_Port: RAW GSMTAP hdr->arfcn=0x4033 RxArfcn=0x4033 Uplink=1 Chan=135 Len=23
2026/Jun/24 06:41:11.758965 USER TC_34_2_2.ttcn3:75 L3_Port: RX: 0E 00 01 03 49 06 15 80 40 00 00 00 00 00 00 00 00 00 00 00 00 00 00 
2026/Jun/24 06:41:11.758983 PORTEVENT TC_34_2_2.ttcn3:75 Message enqueued on L from system octetstring : '0E00010349061580400000000000000000000000000000'O id 2
2026/Jun/24 06:41:11.758996 USER TC_34_2_2.ttcn3:75 L3_Port: Message delivered to TTCN-3
2026/Jun/24 06:41:11.759015 USER TC_34_2_2.ttcn3:75 L3_Port: Received 39 bytes
2026/Jun/24 06:41:11.759030 USER TC_34_2_2.ttcn3:75 L3_Port: RAW GSMTAP hdr->arfcn=0x4033 RxArfcn=0x4033 Uplink=1 Chan=7 Len=23
2026/Jun/24 06:41:11.759048 USER TC_34_2_2.ttcn3:75 L3_Port: RX: 01 3F 49 05 08 70 09 F1 07 00 00 33 08 99 10 07 00 00 00 00 10 2B 2B 
2026/Jun/24 06:41:11.759064 PORTEVENT TC_34_2_2.ttcn3:75 Message enqueued on L from system octetstring : '013F4905087009F1070000330899100700000000102B2B'O id 3
2026/Jun/24 06:41:11.759075 USER TC_34_2_2.ttcn3:75 L3_Port: Message delivered to TTCN-3
2026/Jun/24 06:41:11.759094 USER TC_34_2_2.ttcn3:75 L3_Port: Received 39 bytes
2026/Jun/24 06:41:11.759108 USER TC_34_2_2.ttcn3:75 L3_Port: RAW GSMTAP hdr->arfcn=0x4033 RxArfcn=0x4033 Uplink=1 Chan=135 Len=23
2026/Jun/24 06:41:11.759127 USER TC_34_2_2.ttcn3:75 L3_Port: RX: 0E 00 01 03 49 06 15 3F 3F 01 C0 00 00 00 00 00 00 00 00 00 00 00 00 
2026/Jun/24 06:41:11.759143 PORTEVENT TC_34_2_2.ttcn3:75 Message enqueued on L from system octetstring : '0E0001034906153F3F01C0000000000000000000000000'O id 4
2026/Jun/24 06:41:11.759154 USER TC_34_2_2.ttcn3:75 L3_Port: Message delivered to TTCN-3
2026/Jun/24 06:41:11.759172 USER TC_34_2_2.ttcn3:75 L3_Port: Received 39 bytes
2026/Jun/24 06:41:11.759186 USER TC_34_2_2.ttcn3:75 L3_Port: RAW GSMTAP hdr->arfcn=0x4033 RxArfcn=0x4033 Uplink=1 Chan=7 Len=23
2026/Jun/24 06:41:11.759205 USER TC_34_2_2.ttcn3:75 L3_Port: RX: 01 3F 49 05 08 70 09 F1 07 00 00 33 08 99 10 07 00 00 00 00 10 2B 2B 
2026/Jun/24 06:41:11.759220 PORTEVENT TC_34_2_2.ttcn3:75 Message enqueued on L from system octetstring : '013F4905087009F1070000330899100700000000102B2B'O id 5
2026/Jun/24 06:41:11.759231 USER TC_34_2_2.ttcn3:75 L3_Port: Message delivered to TTCN-3
2026/Jun/24 06:41:11.759259 USER TC_34_2_2.ttcn3:75 L3_Port: Received 39 bytes
2026/Jun/24 06:41:11.759275 USER TC_34_2_2.ttcn3:75 L3_Port: RAW GSMTAP hdr->arfcn=0x4033 RxArfcn=0x4033 Uplink=1 Chan=135 Len=23
2026/Jun/24 06:41:11.759294 USER TC_34_2_2.ttcn3:75 L3_Port: RX: 0E 00 01 03 49 06 15 00 40 01 C0 00 00 00 00 00 00 00 00 00 00 00 00 
2026/Jun/24 06:41:11.759308 PORTEVENT TC_34_2_2.ttcn3:75 Message enqueued on L from system octetstring : '0E000103490615004001C0000000000000000000000000'O id 6
2026/Jun/24 06:41:11.759321 USER TC_34_2_2.ttcn3:75 L3_Port: Message delivered to TTCN-3
2026/Jun/24 06:41:11.759340 USER TC_34_2_2.ttcn3:75 L3_Port: Received 39 bytes
2026/Jun/24 06:41:11.759355 USER TC_34_2_2.ttcn3:75 L3_Port: RAW GSMTAP hdr->arfcn=0x4033 RxArfcn=0x4033 Uplink=1 Chan=7 Len=23
2026/Jun/24 06:41:11.759373 USER TC_34_2_2.ttcn3:75 L3_Port: RX: 01 3F 49 05 08 70 09 F1 07 00 00 33 08 99 10 07 00 00 00 00 10 2B 2B 
2026/Jun/24 06:41:11.759388 PORTEVENT TC_34_2_2.ttcn3:75 Message enqueued on L from system octetstring : '013F4905087009F1070000330899100700000000102B2B'O id 7
2026/Jun/24 06:41:11.759399 USER TC_34_2_2.ttcn3:75 L3_Port: Message delivered to TTCN-3
2026/Jun/24 06:41:11.759419 USER TC_34_2_2.ttcn3:75 L3_Port: Received 39 bytes
2026/Jun/24 06:41:11.759433 USER TC_34_2_2.ttcn3:75 L3_Port: RAW GSMTAP hdr->arfcn=0x4033 RxArfcn=0x4033 Uplink=1 Chan=135 Len=23
2026/Jun/24 06:41:11.759451 USER TC_34_2_2.ttcn3:75 L3_Port: RX: 0E 00 01 03 49 06 15 00 40 01 C0 00 00 00 00 00 00 00 00 00 00 00 00 
2026/Jun/24 06:41:11.759466 PORTEVENT TC_34_2_2.ttcn3:75 Message enqueued on L from system octetstring : '0E000103490615004001C0000000000000000000000000'O id 8
2026/Jun/24 06:41:11.759477 USER TC_34_2_2.ttcn3:75 L3_Port: Message delivered to TTCN-3
2026/Jun/24 06:41:11.759496 USER TC_34_2_2.ttcn3:75 L3_Port: Received 39 bytes
2026/Jun/24 06:41:11.759510 USER TC_34_2_2.ttcn3:75 L3_Port: RAW GSMTAP hdr->arfcn=0x4033 RxArfcn=0x4033 Uplink=1 Chan=7 Len=23
2026/Jun/24 06:41:11.759527 USER TC_34_2_2.ttcn3:75 L3_Port: RX: 01 3F 49 05 08 70 09 F1 07 00 00 33 08 99 10 07 00 00 00 00 10 2B 2B 
2026/Jun/24 06:41:11.759543 PORTEVENT TC_34_2_2.ttcn3:75 Message enqueued on L from system octetstring : '013F4905087009F1070000330899100700000000102B2B'O id 9
2026/Jun/24 06:41:11.759553 USER TC_34_2_2.ttcn3:75 L3_Port: Message delivered to TTCN-3
2026/Jun/24 06:41:11.759573 USER TC_34_2_2.ttcn3:75 L3_Port: Received 39 bytes
2026/Jun/24 06:41:11.759588 USER TC_34_2_2.ttcn3:75 L3_Port: RAW GSMTAP hdr->arfcn=0x4033 RxArfcn=0x4033 Uplink=1 Chan=7 Len=23
2026/Jun/24 06:41:11.759605 USER TC_34_2_2.ttcn3:75 L3_Port: RX: 01 3F 49 05 08 70 09 F1 07 00 00 33 08 99 10 07 00 00 00 00 10 2B 2B 
2026/Jun/24 06:41:11.759621 PORTEVENT TC_34_2_2.ttcn3:75 Message enqueued on L from system octetstring : '013F4905087009F1070000330899100700000000102B2B'O id 10
2026/Jun/24 06:41:11.759632 USER TC_34_2_2.ttcn3:75 L3_Port: Message delivered to TTCN-3
2026/Jun/24 06:41:11.759651 USER TC_34_2_2.ttcn3:75 L3_Port: Received 39 bytes
2026/Jun/24 06:41:11.759667 USER TC_34_2_2.ttcn3:75 L3_Port: RAW GSMTAP hdr->arfcn=0x4033 RxArfcn=0x4033 Uplink=1 Chan=135 Len=23
2026/Jun/24 06:41:11.759683 USER TC_34_2_2.ttcn3:75 L3_Port: RX: 0E 00 01 03 49 06 15 00 40 01 C0 00 00 00 00 00 00 00 00 00 00 00 00 
2026/Jun/24 06:41:11.759699 PORTEVENT TC_34_2_2.ttcn3:75 Message enqueued on L from system octetstring : '0E000103490615004001C0000000000000000000000000'O id 11
2026/Jun/24 06:41:11.759710 USER TC_34_2_2.ttcn3:75 L3_Port: Message delivered to TTCN-3
2026/Jun/24 06:41:11.759728 USER TC_34_2_2.ttcn3:75 L3_Port: Received 39 bytes
2026/Jun/24 06:41:11.759744 USER TC_34_2_2.ttcn3:75 L3_Port: RAW GSMTAP hdr->arfcn=0x4033 RxArfcn=0x4033 Uplink=1 Chan=7 Len=23
2026/Jun/24 06:41:11.759760 USER TC_34_2_2.ttcn3:75 L3_Port: RX: 01 3F 49 05 08 70 09 F1 07 00 00 33 08 99 10 07 00 00 00 00 10 2B 2B 
2026/Jun/24 06:41:11.759776 PORTEVENT TC_34_2_2.ttcn3:75 Message enqueued on L from system octetstring : '013F4905087009F1070000330899100700000000102B2B'O id 12
2026/Jun/24 06:41:11.759787 USER TC_34_2_2.ttcn3:75 L3_Port: Message delivered to TTCN-3
2026/Jun/24 06:41:11.759813 USER TC_34_2_2.ttcn3:75 L3_Port: Received 39 bytes
2026/Jun/24 06:41:11.759839 USER TC_34_2_2.ttcn3:75 L3_Port: RAW GSMTAP hdr->arfcn=0x4033 RxArfcn=0x4033 Uplink=1 Chan=135 Len=23
2026/Jun/24 06:41:11.759860 USER TC_34_2_2.ttcn3:75 L3_Port: RX: 0E 00 01 03 49 06 15 00 40 01 C0 00 00 00 00 00 00 00 00 00 00 00 00 
2026/Jun/24 06:41:11.759878 PORTEVENT TC_34_2_2.ttcn3:75 Message enqueued on L from system octetstring : '0E000103490615004001C0000000000000000000000000'O id 13
2026/Jun/24 06:41:11.759889 USER TC_34_2_2.ttcn3:75 L3_Port: Message delivered to TTCN-3
2026/Jun/24 06:41:11.759909 USER TC_34_2_2.ttcn3:75 L3_Port: Received 39 bytes
2026/Jun/24 06:41:11.759923 USER TC_34_2_2.ttcn3:75 L3_Port: RAW GSMTAP hdr->arfcn=0x4033 RxArfcn=0x4033 Uplink=1 Chan=135 Len=23
2026/Jun/24 06:41:11.759940 USER TC_34_2_2.ttcn3:75 L3_Port: RX: 0E 00 01 03 49 06 15 00 40 01 C0 00 00 00 00 00 00 00 00 00 00 00 00 
2026/Jun/24 06:41:11.759958 PORTEVENT TC_34_2_2.ttcn3:75 Message enqueued on L from system octetstring : '0E000103490615004001C0000000000000000000000000'O id 14
2026/Jun/24 06:41:11.759969 USER TC_34_2_2.ttcn3:75 L3_Port: Message delivered to TTCN-3
2026/Jun/24 06:41:11.759988 USER TC_34_2_2.ttcn3:75 L3_Port: Received 39 bytes
2026/Jun/24 06:41:11.760003 USER TC_34_2_2.ttcn3:75 L3_Port: RAW GSMTAP hdr->arfcn=0x4033 RxArfcn=0x4033 Uplink=1 Chan=135 Len=23
2026/Jun/24 06:41:11.760020 USER TC_34_2_2.ttcn3:75 L3_Port: RX: 0E 00 01 03 49 06 15 00 40 01 C0 00 00 00 00 00 00 00 00 00 00 00 00 
2026/Jun/24 06:41:11.760035 PORTEVENT TC_34_2_2.ttcn3:75 Message enqueued on L from system octetstring : '0E000103490615004001C0000000000000000000000000'O id 15
2026/Jun/24 06:41:11.760046 USER TC_34_2_2.ttcn3:75 L3_Port: Message delivered to TTCN-3
2026/Jun/24 06:41:11.760066 USER TC_34_2_2.ttcn3:75 L3_Port: Received 17 bytes
2026/Jun/24 06:41:11.760081 USER TC_34_2_2.ttcn3:75 L3_Port: RAW GSMTAP hdr->arfcn=0x4033 RxArfcn=0x4033 Uplink=1 Chan=3 Len=1
2026/Jun/24 06:41:11.760093 USER TC_34_2_2.ttcn3:75 L3_Port: RX: 0D 
2026/Jun/24 06:41:11.760106 PORTEVENT TC_34_2_2.ttcn3:75 Message enqueued on L from system octetstring : '0D00004534'O id 16
2026/Jun/24 06:41:11.760116 USER TC_34_2_2.ttcn3:75 L3_Port: Message delivered to TTCN-3
2026/Jun/24 06:41:11.760136 USER TC_34_2_2.ttcn3:75 L3_Port: Received 39 bytes
2026/Jun/24 06:41:11.760150 USER TC_34_2_2.ttcn3:75 L3_Port: RAW GSMTAP hdr->arfcn=0x4033 RxArfcn=0x4033 Uplink=1 Chan=7 Len=23
2026/Jun/24 06:41:11.760167 USER TC_34_2_2.ttcn3:75 L3_Port: RX: 01 3F 49 05 08 70 09 F1 07 00 00 33 08 99 10 07 00 00 00 00 10 2B 2B 
2026/Jun/24 06:41:11.760184 PORTEVENT TC_34_2_2.ttcn3:75 Message enqueued on L from system octetstring : '013F4905087009F1070000330899100700000000102B2B'O id 17
2026/Jun/24 06:41:11.760195 USER TC_34_2_2.ttcn3:75 L3_Port: Message delivered to TTCN-3
2026/Jun/24 06:41:11.760214 USER TC_34_2_2.ttcn3:75 L3_Port: Received 39 bytes
2026/Jun/24 06:41:11.760229 USER TC_34_2_2.ttcn3:75 L3_Port: RAW GSMTAP hdr->arfcn=0x4033 RxArfcn=0x4033 Uplink=1 Chan=135 Len=23
2026/Jun/24 06:41:11.760246 USER TC_34_2_2.ttcn3:75 L3_Port: RX: 0E 00 01 03 49 06 15 00 40 01 C0 00 00 00 00 00 00 00 00 00 00 00 00 
2026/Jun/24 06:41:11.760262 PORTEVENT TC_34_2_2.ttcn3:75 Message enqueued on L from system octetstring : '0E000103490615004001C0000000000000000000000000'O id 18
2026/Jun/24 06:41:11.760273 USER TC_34_2_2.ttcn3:75 L3_Port: Message delivered to TTCN-3
2026/Jun/24 06:41:11.760290 USER TC_34_2_2.ttcn3:75 L3_Port: Received 39 bytes
2026/Jun/24 06:41:11.760303 USER TC_34_2_2.ttcn3:75 L3_Port: RAW GSMTAP hdr->arfcn=0x4033 RxArfcn=0x4033 Uplink=1 Chan=7 Len=23
2026/Jun/24 06:41:11.760324 USER TC_34_2_2.ttcn3:75 L3_Port: RX: 01 3F 49 05 08 70 09 F1 07 00 00 33 08 99 10 07 00 00 00 00 10 2B 2B 
2026/Jun/24 06:41:11.760341 PORTEVENT TC_34_2_2.ttcn3:75 Message enqueued on L from system octetstring : '013F4905087009F1070000330899100700000000102B2B'O id 19
2026/Jun/24 06:41:11.760352 USER TC_34_2_2.ttcn3:75 L3_Port: Message delivered to TTCN-3
2026/Jun/24 06:41:11.760378 USER TC_34_2_2.ttcn3:75 L3_Port: Received 39 bytes
2026/Jun/24 06:41:11.760394 USER TC_34_2_2.ttcn3:75 L3_Port: RAW GSMTAP hdr->arfcn=0x4033 RxArfcn=0x4033 Uplink=1 Chan=135 Len=23
2026/Jun/24 06:41:11.760411 USER TC_34_2_2.ttcn3:75 L3_Port: RX: 0E 00 01 03 49 06 15 3F 3F 01 C0 00 00 00 00 00 00 00 00 00 00 00 00 
2026/Jun/24 06:41:11.760426 PORTEVENT TC_34_2_2.ttcn3:75 Message enqueued on L from system octetstring : '0E0001034906153F3F01C0000000000000000000000000'O id 20
2026/Jun/24 06:41:11.760437 USER TC_34_2_2.ttcn3:75 L3_Port: Message delivered to TTCN-3
2026/Jun/24 06:41:11.760455 USER TC_34_2_2.ttcn3:75 L3_Port: Received 39 bytes
2026/Jun/24 06:41:11.760471 USER TC_34_2_2.ttcn3:75 L3_Port: RAW GSMTAP hdr->arfcn=0x4033 RxArfcn=0x4033 Uplink=1 Chan=7 Len=23
2026/Jun/24 06:41:11.760488 USER TC_34_2_2.ttcn3:75 L3_Port: RX: 01 3F 49 05 08 70 09 F1 07 00 00 33 08 99 10 07 00 00 00 00 10 2B 2B 
2026/Jun/24 06:41:11.760504 PORTEVENT TC_34_2_2.ttcn3:75 Message enqueued on L from system octetstring : '013F4905087009F1070000330899100700000000102B2B'O id 21
2026/Jun/24 06:41:11.760514 USER TC_34_2_2.ttcn3:75 L3_Port: Message delivered to TTCN-3
2026/Jun/24 06:41:11.760534 USER TC_34_2_2.ttcn3:75 L3_Port: Received 39 bytes
2026/Jun/24 06:41:11.760548 USER TC_34_2_2.ttcn3:75 L3_Port: RAW GSMTAP hdr->arfcn=0x4033 RxArfcn=0x4033 Uplink=1 Chan=135 Len=23
2026/Jun/24 06:41:11.760566 USER TC_34_2_2.ttcn3:75 L3_Port: RX: 0E 00 01 03 49 06 15 00 40 01 C0 00 00 00 00 00 00 00 00 00 00 00 00 
2026/Jun/24 06:41:11.760582 PORTEVENT TC_34_2_2.ttcn3:75 Message enqueued on L from system octetstring : '0E000103490615004001C0000000000000000000000000'O id 22
2026/Jun/24 06:41:11.760593 USER TC_34_2_2.ttcn3:75 L3_Port: Message delivered to TTCN-3
2026/Jun/24 06:41:11.987104 USER TC_34_2_2.ttcn3:75 MSC_Port: RX: {"type": "HEARTBEAT"}
2026/Jun/24 06:41:11.987197 PORTEVENT TC_34_2_2.ttcn3:75 Message enqueued on MSC from system charstring : "{\"type\": \"HEARTBEAT\"}" id 8
2026/Jun/24 06:41:11.987236 PORTEVENT TC_34_2_2.ttcn3:76 Receive operation on port MSC succeeded, message from system(): charstring : "{\"type\": \"HEARTBEAT\"}" id 8
2026/Jun/24 06:41:11.987254 PORTEVENT TC_34_2_2.ttcn3:76 Message with id 8 was extracted from the queue of MSC.
2026/Jun/24 06:41:11.987265 USER TC_34_2_2.ttcn3:77 Draining event: "{\"type\": \"HEARTBEAT\"}"
2026/Jun/24 06:41:12.125544 USER TC_34_2_2.ttcn3:75 L3_Port: Received 39 bytes
2026/Jun/24 06:41:12.125621 USER TC_34_2_2.ttcn3:75 L3_Port: RAW GSMTAP hdr->arfcn=0x4033 RxArfcn=0x4033 Uplink=1 Chan=7 Len=23
2026/Jun/24 06:41:12.125643 USER TC_34_2_2.ttcn3:75 L3_Port: RX: 01 3F 49 05 08 70 09 F1 07 00 00 33 08 99 10 07 00 00 00 00 10 2B 2B 
2026/Jun/24 06:41:12.125668 PORTEVENT TC_34_2_2.ttcn3:75 Message enqueued on L from system octetstring : '013F4905087009F1070000330899100700000000102B2B'O id 23
2026/Jun/24 06:41:12.125690 USER TC_34_2_2.ttcn3:75 L3_Port: Message delivered to TTCN-3
2026/Jun/24 06:41:12.360391 USER TC_34_2_2.ttcn3:75 L3_Port: Received 39 bytes
2026/Jun/24 06:41:12.360451 USER TC_34_2_2.ttcn3:75 L3_Port: RAW GSMTAP hdr->arfcn=0x4033 RxArfcn=0x4033 Uplink=1 Chan=135 Len=23
2026/Jun/24 06:41:12.360460 USER TC_34_2_2.ttcn3:75 L3_Port: RX: 0E 00 01 03 49 06 15 00 40 01 C0 00 00 00 00 00 00 00 00 00 00 00 00 
2026/Jun/24 06:41:12.360473 PORTEVENT TC_34_2_2.ttcn3:75 Message enqueued on L from system octetstring : '0E000103490615004001C0000000000000000000000000'O id 24
2026/Jun/24 06:41:12.360485 USER TC_34_2_2.ttcn3:75 L3_Port: Message delivered to TTCN-3
2026/Jun/24 06:41:13.302690 USER TC_34_2_2.ttcn3:75 L3_Port: Received 39 bytes
2026/Jun/24 06:41:13.302774 USER TC_34_2_2.ttcn3:75 L3_Port: RAW GSMTAP hdr->arfcn=0x4033 RxArfcn=0x4033 Uplink=1 Chan=135 Len=23
2026/Jun/24 06:41:13.302797 USER TC_34_2_2.ttcn3:75 L3_Port: RX: 0E 00 01 03 49 06 15 00 40 01 C0 00 00 00 00 00 00 00 00 00 00 00 00 
2026/Jun/24 06:41:13.302842 PORTEVENT TC_34_2_2.ttcn3:75 Message enqueued on L from system octetstring : '0E000103490615004001C0000000000000000000000000'O id 25
2026/Jun/24 06:41:13.302869 USER TC_34_2_2.ttcn3:75 L3_Port: Message delivered to TTCN-3
2026/Jun/24 06:41:13.303265 USER TC_34_2_2.ttcn3:75 L3_Port: Received 39 bytes
2026/Jun/24 06:41:13.303287 USER TC_34_2_2.ttcn3:75 L3_Port: RAW GSMTAP hdr->arfcn=0x4033 RxArfcn=0x4033 Uplink=1 Chan=7 Len=23
2026/Jun/24 06:41:13.303305 USER TC_34_2_2.ttcn3:75 L3_Port: RX: 01 3F 49 05 08 70 09 F1 07 00 00 33 08 99 10 07 00 00 00 00 10 2B 2B 
2026/Jun/24 06:41:13.303325 PORTEVENT TC_34_2_2.ttcn3:75 Message enqueued on L from system octetstring : '013F4905087009F1070000330899100700000000102B2B'O id 26
2026/Jun/24 06:41:13.303339 USER TC_34_2_2.ttcn3:75 L3_Port: Message delivered to TTCN-3
2026/Jun/24 06:41:14.144084 USER TC_34_2_2.ttcn3:75 VTY_PT: Received data (buffered): 68 bytes
2026/Jun/24 06:41:14.243588 USER TC_34_2_2.ttcn3:75 L3_Port: Received 39 bytes
2026/Jun/24 06:41:14.243666 USER TC_34_2_2.ttcn3:75 L3_Port: RAW GSMTAP hdr->arfcn=0x4033 RxArfcn=0x4033 Uplink=1 Chan=135 Len=23
2026/Jun/24 06:41:14.243688 USER TC_34_2_2.ttcn3:75 L3_Port: RX: 0E 00 01 03 49 06 15 00 40 01 C0 00 00 00 00 00 00 00 00 00 00 00 00 
2026/Jun/24 06:41:14.243712 PORTEVENT TC_34_2_2.ttcn3:75 Message enqueued on L from system octetstring : '0E000103490615004001C0000000000000000000000000'O id 27
2026/Jun/24 06:41:14.243734 USER TC_34_2_2.ttcn3:75 L3_Port: Message delivered to TTCN-3
2026/Jun/24 06:41:14.244168 USER TC_34_2_2.ttcn3:75 L3_Port: Received 39 bytes
2026/Jun/24 06:41:14.244193 USER TC_34_2_2.ttcn3:75 L3_Port: RAW GSMTAP hdr->arfcn=0x4033 RxArfcn=0x4033 Uplink=1 Chan=7 Len=23
2026/Jun/24 06:41:14.244212 USER TC_34_2_2.ttcn3:75 L3_Port: RX: 01 3F 49 05 08 70 09 F1 07 00 00 33 08 99 10 07 00 00 00 00 10 2B 2B 
2026/Jun/24 06:41:14.244229 PORTEVENT TC_34_2_2.ttcn3:75 Message enqueued on L from system octetstring : '013F4905087009F1070000330899100700000000102B2B'O id 28
2026/Jun/24 06:41:14.244242 USER TC_34_2_2.ttcn3:75 L3_Port: Message delivered to TTCN-3
2026/Jun/24 06:41:15.184727 USER TC_34_2_2.ttcn3:75 L3_Port: Received 39 bytes
2026/Jun/24 06:41:15.184779 USER TC_34_2_2.ttcn3:75 L3_Port: RAW GSMTAP hdr->arfcn=0x4033 RxArfcn=0x4033 Uplink=1 Chan=135 Len=23
2026/Jun/24 06:41:15.184788 USER TC_34_2_2.ttcn3:75 L3_Port: RX: 0E 00 01 03 49 06 15 00 40 01 C0 00 00 00 00 00 00 00 00 00 00 00 00 
2026/Jun/24 06:41:15.184799 PORTEVENT TC_34_2_2.ttcn3:75 Message enqueued on L from system octetstring : '0E000103490615004001C0000000000000000000000000'O id 29
2026/Jun/24 06:41:15.184809 USER TC_34_2_2.ttcn3:75 L3_Port: Message delivered to TTCN-3
2026/Jun/24 06:41:16.125978 USER TC_34_2_2.ttcn3:75 L3_Port: Received 39 bytes
2026/Jun/24 06:41:16.126035 USER TC_34_2_2.ttcn3:75 L3_Port: RAW GSMTAP hdr->arfcn=0x4033 RxArfcn=0x4033 Uplink=1 Chan=135 Len=23
2026/Jun/24 06:41:16.126045 USER TC_34_2_2.ttcn3:75 L3_Port: RX: 0E 00 01 03 49 06 15 00 40 01 C0 00 00 00 00 00 00 00 00 00 00 00 00 
2026/Jun/24 06:41:16.126056 PORTEVENT TC_34_2_2.ttcn3:75 Message enqueued on L from system octetstring : '0E000103490615004001C0000000000000000000000000'O id 30
2026/Jun/24 06:41:16.126067 USER TC_34_2_2.ttcn3:75 L3_Port: Message delivered to TTCN-3
2026/Jun/24 06:41:16.992049 USER TC_34_2_2.ttcn3:75 MSC_Port: RX: {"type": "HEARTBEAT"}
2026/Jun/24 06:41:16.992105 PORTEVENT TC_34_2_2.ttcn3:75 Message enqueued on MSC from system charstring : "{\"type\": \"HEARTBEAT\"}" id 9
2026/Jun/24 06:41:16.992127 PORTEVENT TC_34_2_2.ttcn3:76 Receive operation on port MSC succeeded, message from system(): charstring : "{\"type\": \"HEARTBEAT\"}" id 9
2026/Jun/24 06:41:16.992137 PORTEVENT TC_34_2_2.ttcn3:76 Message with id 9 was extracted from the queue of MSC.
2026/Jun/24 06:41:16.992143 USER TC_34_2_2.ttcn3:77 Draining event: "{\"type\": \"HEARTBEAT\"}"
2026/Jun/24 06:41:21.997050 USER TC_34_2_2.ttcn3:75 MSC_Port: RX: {"type": "HEARTBEAT"}
2026/Jun/24 06:41:21.997117 PORTEVENT TC_34_2_2.ttcn3:75 Message enqueued on MSC from system charstring : "{\"type\": \"HEARTBEAT\"}" id 10
2026/Jun/24 06:41:21.997143 PORTEVENT TC_34_2_2.ttcn3:76 Receive operation on port MSC succeeded, message from system(): charstring : "{\"type\": \"HEARTBEAT\"}" id 10
2026/Jun/24 06:41:21.997163 PORTEVENT TC_34_2_2.ttcn3:76 Message with id 10 was extracted from the queue of MSC.
2026/Jun/24 06:41:21.997170 USER TC_34_2_2.ttcn3:77 Draining event: "{\"type\": \"HEARTBEAT\"}"
2026/Jun/24 06:41:26.759677 TIMEROP TC_34_2_2.ttcn3:80 Timeout T_drain: 15 s
2026/Jun/24 06:41:26.759761 USER TC_34_2_2.ttcn3:81 Drain period complete
2026/Jun/24 06:41:26.759799 USER TC_34_2_2.ttcn3:427 *** Waiting for initial LU to complete registration ***
2026/Jun/24 06:41:26.759867 TIMEROP TC_34_2_2.ttcn3:429 Start timer T_lu: 90 s
2026/Jun/24 06:41:27.001996 USER TC_34_2_2.ttcn3:430 MSC_Port: RX: {"type": "HEARTBEAT"}
2026/Jun/24 06:41:27.002056 PORTEVENT TC_34_2_2.ttcn3:430 Message enqueued on MSC from system charstring : "{\"type\": \"HEARTBEAT\"}" id 11
2026/Jun/24 06:41:27.002075 PORTEVENT TC_34_2_2.ttcn3:431 Receive operation on port MSC succeeded, message from system(): charstring : "{\"type\": \"HEARTBEAT\"}" id 11
2026/Jun/24 06:41:27.002084 PORTEVENT TC_34_2_2.ttcn3:431 Message with id 11 was extracted from the queue of MSC.
2026/Jun/24 06:41:31.724445 USER TC_34_2_2.ttcn3:430 L3_Port: Received 17 bytes
2026/Jun/24 06:41:31.724536 USER TC_34_2_2.ttcn3:430 L3_Port: RAW GSMTAP hdr->arfcn=0x4033 RxArfcn=0x4033 Uplink=1 Chan=3 Len=1
2026/Jun/24 06:41:31.724554 USER TC_34_2_2.ttcn3:430 L3_Port: RX: 00 
2026/Jun/24 06:41:31.724576 PORTEVENT TC_34_2_2.ttcn3:430 Message enqueued on L from system octetstring : '0000005882'O id 31
2026/Jun/24 06:41:31.724596 USER TC_34_2_2.ttcn3:430 L3_Port: Message delivered to TTCN-3
2026/Jun/24 06:41:31.941306 USER TC_34_2_2.ttcn3:430 L3_Port: Received 39 bytes
2026/Jun/24 06:41:31.941363 USER TC_34_2_2.ttcn3:430 L3_Port: RAW GSMTAP hdr->arfcn=0x4033 RxArfcn=0x4033 Uplink=1 Chan=135 Len=23
2026/Jun/24 06:41:31.941375 USER TC_34_2_2.ttcn3:430 L3_Port: RX: 0E 00 01 03 49 06 15 80 40 00 00 00 00 00 00 00 00 00 00 00 00 00 00 
2026/Jun/24 06:41:31.941390 PORTEVENT TC_34_2_2.ttcn3:430 Message enqueued on L from system octetstring : '0E00010349061580400000000000000000000000000000'O id 32
2026/Jun/24 06:41:31.941406 USER TC_34_2_2.ttcn3:430 L3_Port: Message delivered to TTCN-3
2026/Jun/24 06:41:32.007069 USER TC_34_2_2.ttcn3:430 MSC_Port: RX: {"type": "HEARTBEAT"}
2026/Jun/24 06:41:32.007153 PORTEVENT TC_34_2_2.ttcn3:430 Message enqueued on MSC from system charstring : "{\"type\": \"HEARTBEAT\"}" id 12
2026/Jun/24 06:41:32.007191 PORTEVENT TC_34_2_2.ttcn3:431 Receive operation on port MSC succeeded, message from system(): charstring : "{\"type\": \"HEARTBEAT\"}" id 12
2026/Jun/24 06:41:32.007210 PORTEVENT TC_34_2_2.ttcn3:431 Message with id 12 was extracted from the queue of MSC.
2026/Jun/24 06:41:32.130704 USER TC_34_2_2.ttcn3:430 L3_Port: Received 39 bytes
2026/Jun/24 06:41:32.130763 USER TC_34_2_2.ttcn3:430 L3_Port: RAW GSMTAP hdr->arfcn=0x4033 RxArfcn=0x4033 Uplink=1 Chan=7 Len=23
2026/Jun/24 06:41:32.130774 USER TC_34_2_2.ttcn3:430 L3_Port: RX: 01 3F 49 05 08 70 09 F1 07 00 00 33 08 99 10 07 00 00 00 00 10 2B 2B 
2026/Jun/24 06:41:32.130789 PORTEVENT TC_34_2_2.ttcn3:430 Message enqueued on L from system octetstring : '013F4905087009F1070000330899100700000000102B2B'O id 33
2026/Jun/24 06:41:32.130803 USER TC_34_2_2.ttcn3:430 L3_Port: Message delivered to TTCN-3
2026/Jun/24 06:41:32.929504 USER TC_34_2_2.ttcn3:430 L3_Port: Received 39 bytes
2026/Jun/24 06:41:32.929569 USER TC_34_2_2.ttcn3:430 L3_Port: RAW GSMTAP hdr->arfcn=0x4033 RxArfcn=0x4033 Uplink=1 Chan=135 Len=23
2026/Jun/24 06:41:32.929580 USER TC_34_2_2.ttcn3:430 L3_Port: RX: 0E 00 01 03 49 06 15 BF 3F 00 00 00 00 00 00 00 00 00 00 00 00 00 00 
2026/Jun/24 06:41:32.929595 PORTEVENT TC_34_2_2.ttcn3:430 Message enqueued on L from system octetstring : '0E000103490615BF3F0000000000000000000000000000'O id 34
2026/Jun/24 06:41:32.929610 USER TC_34_2_2.ttcn3:430 L3_Port: Message delivered to TTCN-3
2026/Jun/24 06:41:36.972876 USER TC_34_2_2.ttcn3:430 VTY_PT: Received data (buffered): 68 bytes
2026/Jun/24 06:41:37.012140 USER TC_34_2_2.ttcn3:430 MSC_Port: RX: {"type": "HEARTBEAT"}
2026/Jun/24 06:41:37.012232 PORTEVENT TC_34_2_2.ttcn3:430 Message enqueued on MSC from system charstring : "{\"type\": \"HEARTBEAT\"}" id 13
2026/Jun/24 06:41:37.012284 PORTEVENT TC_34_2_2.ttcn3:431 Receive operation on port MSC succeeded, message from system(): charstring : "{\"type\": \"HEARTBEAT\"}" id 13
2026/Jun/24 06:41:37.012302 PORTEVENT TC_34_2_2.ttcn3:431 Message with id 13 was extracted from the queue of MSC.
2026/Jun/24 06:41:42.016137 USER TC_34_2_2.ttcn3:430 MSC_Port: RX: {"type": "HEARTBEAT"}
2026/Jun/24 06:41:42.016225 PORTEVENT TC_34_2_2.ttcn3:430 Message enqueued on MSC from system charstring : "{\"type\": \"HEARTBEAT\"}" id 14
2026/Jun/24 06:41:42.016264 PORTEVENT TC_34_2_2.ttcn3:431 Receive operation on port MSC succeeded, message from system(): charstring : "{\"type\": \"HEARTBEAT\"}" id 14
2026/Jun/24 06:41:42.016284 PORTEVENT TC_34_2_2.ttcn3:431 Message with id 14 was extracted from the queue of MSC.
2026/Jun/24 06:41:47.021077 USER TC_34_2_2.ttcn3:430 MSC_Port: RX: {"type": "HEARTBEAT"}
2026/Jun/24 06:41:47.021170 PORTEVENT TC_34_2_2.ttcn3:430 Message enqueued on MSC from system charstring : "{\"type\": \"HEARTBEAT\"}" id 15
2026/Jun/24 06:41:47.021208 PORTEVENT TC_34_2_2.ttcn3:431 Receive operation on port MSC succeeded, message from system(): charstring : "{\"type\": \"HEARTBEAT\"}" id 15
2026/Jun/24 06:41:47.021226 PORTEVENT TC_34_2_2.ttcn3:431 Message with id 15 was extracted from the queue of MSC.
2026/Jun/24 06:41:52.025060 USER TC_34_2_2.ttcn3:430 MSC_Port: RX: {"type": "HEARTBEAT"}
2026/Jun/24 06:41:52.025158 PORTEVENT TC_34_2_2.ttcn3:430 Message enqueued on MSC from system charstring : "{\"type\": \"HEARTBEAT\"}" id 16
2026/Jun/24 06:41:52.025199 PORTEVENT TC_34_2_2.ttcn3:431 Receive operation on port MSC succeeded, message from system(): charstring : "{\"type\": \"HEARTBEAT\"}" id 16
2026/Jun/24 06:41:52.025217 PORTEVENT TC_34_2_2.ttcn3:431 Message with id 16 was extracted from the queue of MSC.
2026/Jun/24 06:41:52.514081 USER TC_34_2_2.ttcn3:430 MSC_Port: RX: {"type": "EVENT_LU_REQUEST", "bsc_slr": 2, "msc_slr": 2, "cksn": 7, "lu_type": 0, "old_mcc": "901", "old_mnc": "70", "old_lac": 0, "mi_type": "imsi"}
2026/Jun/24 06:41:52.514150 PORTEVENT TC_34_2_2.ttcn3:430 Message enqueued on MSC from system charstring : "{\"type\": \"EVENT_LU_REQUEST\", \"bsc_slr\": 2, \"msc_slr\": 2, \"cksn\": 7, \"lu_type\": 0, \"old_mcc\": \"901\", \"old_mnc\": \"70\", \"old_lac\": 0, \"mi_type\": \"imsi\"}" id 17
2026/Jun/24 06:41:52.514181 PORTEVENT TC_34_2_2.ttcn3:431 Receive operation on port MSC succeeded, message from system(): charstring : "{\"type\": \"EVENT_LU_REQUEST\", \"bsc_slr\": 2, \"msc_slr\": 2, \"cksn\": 7, \"lu_type\": 0, \"old_mcc\": \"901\", \"old_mnc\": \"70\", \"old_lac\": 0, \"mi_type\": \"imsi\"}" id 17
2026/Jun/24 06:41:52.514192 PORTEVENT TC_34_2_2.ttcn3:431 Message with id 17 was extracted from the queue of MSC.
2026/Jun/24 06:41:52.514346 USER GSM_Functions.ttcn3:365 f_extractJsonInt: Searching for key '"bsc_slr"' in JSON: "{\"type\": \"EVENT_LU_REQUEST\", \"bsc_slr\": 2, \"msc_slr\": 2, \"cksn\": 7, \"lu_type\": 0, \"old_mcc\": \"901\", \"old_mnc\": \"70\", \"old_lac\": 0, \"mi_type\": \"imsi\"}"
2026/Jun/24 06:41:52.514435 USER GSM_Functions.ttcn3:372 f_extractJsonInt: Found key at position 29 (pattern: "\"bsc_slr\":")
2026/Jun/24 06:41:52.514500 USER GSM_Functions.ttcn3:422 f_extractJsonInt: Extracted number string '"2"' => integer 2
2026/Jun/24 06:41:52.514515 USER TC_34_2_2.ttcn3:434 LU REQUEST: bsc_slr=2
2026/Jun/24 06:41:52.514532 TIMEROP TC_34_2_2.ttcn3:435 Stop timer T_lu: 90 s
2026/Jun/24 06:41:52.514566 PORTEVENT TC_34_2_2.ttcn3:439 Sent on MSC to system charstring : "{\"command\": \"CMD_SEND_LU_ACCEPT_CUSTOM\", \"params\": {\"bsc_slr\": 2, \"mcc\": \"901\", \"mnc\": \"70\", \"lac\": 4242, \"tmsi\": 305419896}}"
2026/Jun/24 06:41:52.514603 USER TC_34_2_2.ttcn3:439 MSC_Port: TX: {"command": "CMD_SEND_LU_ACCEPT_CUSTOM", "params": {"bsc_slr": 2, "mcc": "901", "mnc": "70", "lac": 4242, "tmsi": 305419896}}
2026/Jun/24 06:41:52.514613 TIMEROP TC_34_2_2.ttcn3:74 Start timer T_drain: 3 s
2026/Jun/24 06:41:53.015933 USER TC_34_2_2.ttcn3:75 MSC_Port: RX: {"status": "ok", "sent": true}
2026/Jun/24 06:41:53.016026 PORTEVENT TC_34_2_2.ttcn3:75 Message enqueued on MSC from system charstring : "{\"status\": \"ok\", \"sent\": true}" id 18
2026/Jun/24 06:41:53.016066 PORTEVENT TC_34_2_2.ttcn3:76 Receive operation on port MSC succeeded, message from system(): charstring : "{\"status\": \"ok\", \"sent\": true}" id 18
2026/Jun/24 06:41:53.016085 PORTEVENT TC_34_2_2.ttcn3:76 Message with id 18 was extracted from the queue of MSC.
2026/Jun/24 06:41:53.016096 USER TC_34_2_2.ttcn3:77 Draining event: "{\"status\": \"ok\", \"sent\": true}"
2026/Jun/24 06:41:53.169771 USER TC_34_2_2.ttcn3:75 MSC_Port: RX: {"type": "EVENT_DTAP", "bsc_slr": 2, "pd": 5, "msg_type": 27}
2026/Jun/24 06:41:53.169886 PORTEVENT TC_34_2_2.ttcn3:75 Message enqueued on MSC from system charstring : "{\"type\": \"EVENT_DTAP\", \"bsc_slr\": 2, \"pd\": 5, \"msg_type\": 27}" id 19
2026/Jun/24 06:41:53.169933 PORTEVENT TC_34_2_2.ttcn3:76 Receive operation on port MSC succeeded, message from system(): charstring : "{\"type\": \"EVENT_DTAP\", \"bsc_slr\": 2, \"pd\": 5, \"msg_type\": 27}" id 19
2026/Jun/24 06:41:53.169952 PORTEVENT TC_34_2_2.ttcn3:76 Message with id 19 was extracted from the queue of MSC.
2026/Jun/24 06:41:53.169963 USER TC_34_2_2.ttcn3:77 Draining event: "{\"type\": \"EVENT_DTAP\", \"bsc_slr\": 2, \"pd\": 5, \"msg_type\": 27}"
2026/Jun/24 06:41:53.170007 USER TC_34_2_2.ttcn3:75 MSC_Port: RX: {"type": "EVENT_TMSI_REALLOC_COMPLETE", "bsc_slr": 2}
2026/Jun/24 06:41:53.170029 PORTEVENT TC_34_2_2.ttcn3:75 Message enqueued on MSC from system charstring : "{\"type\": \"EVENT_TMSI_REALLOC_COMPLETE\", \"bsc_slr\": 2}" id 20
2026/Jun/24 06:41:53.170049 PORTEVENT TC_34_2_2.ttcn3:76 Receive operation on port MSC succeeded, message from system(): charstring : "{\"type\": \"EVENT_TMSI_REALLOC_COMPLETE\", \"bsc_slr\": 2}" id 20
2026/Jun/24 06:41:53.170062 PORTEVENT TC_34_2_2.ttcn3:76 Message with id 20 was extracted from the queue of MSC.
2026/Jun/24 06:41:53.170071 USER TC_34_2_2.ttcn3:77 Draining event: "{\"type\": \"EVENT_TMSI_REALLOC_COMPLETE\", \"bsc_slr\": 2}"
2026/Jun/24 06:41:55.515855 TIMEROP TC_34_2_2.ttcn3:80 Timeout T_drain: 3 s
2026/Jun/24 06:41:55.515916 USER TC_34_2_2.ttcn3:81 Drain period complete
2026/Jun/24 06:41:55.515956 PORTEVENT TC_34_2_2.ttcn3:444 Sent on MSC to system charstring : "{\"command\": \"CMD_SEND_CLEAR_CMD\", \"params\": {\"bsc_slr\": 2, \"cause\": 0}}"
2026/Jun/24 06:41:55.516034 USER TC_34_2_2.ttcn3:444 MSC_Port: TX: {"command": "CMD_SEND_CLEAR_CMD", "params": {"bsc_slr": 2, "cause": 0}}
2026/Jun/24 06:41:55.516046 TIMEROP TC_34_2_2.ttcn3:74 Start timer T_drain: 5 s
2026/Jun/24 06:41:55.516587 USER TC_34_2_2.ttcn3:75 MSC_Port: RX: {"status": "ok"}
2026/Jun/24 06:41:55.516650 PORTEVENT TC_34_2_2.ttcn3:75 Message enqueued on MSC from system charstring : "{\"status\": \"ok\"}" id 21
2026/Jun/24 06:41:55.516685 PORTEVENT TC_34_2_2.ttcn3:76 Receive operation on port MSC succeeded, message from system(): charstring : "{\"status\": \"ok\"}" id 21
2026/Jun/24 06:41:55.516703 PORTEVENT TC_34_2_2.ttcn3:76 Message with id 21 was extracted from the queue of MSC.
2026/Jun/24 06:41:55.516713 USER TC_34_2_2.ttcn3:77 Draining event: "{\"status\": \"ok\"}"
2026/Jun/24 06:41:55.517504 USER TC_34_2_2.ttcn3:75 MSC_Port: RX: {"type": "EVENT_BSSMAP_CLEAR_COMPLETE", "bsc_slr": 2}
2026/Jun/24 06:41:55.517543 PORTEVENT TC_34_2_2.ttcn3:75 Message enqueued on MSC from system charstring : "{\"type\": \"EVENT_BSSMAP_CLEAR_COMPLETE\", \"bsc_slr\": 2}" id 22
2026/Jun/24 06:41:55.517564 PORTEVENT TC_34_2_2.ttcn3:76 Receive operation on port MSC succeeded, message from system(): charstring : "{\"type\": \"EVENT_BSSMAP_CLEAR_COMPLETE\", \"bsc_slr\": 2}" id 22
2026/Jun/24 06:41:55.517577 PORTEVENT TC_34_2_2.ttcn3:76 Message with id 22 was extracted from the queue of MSC.
2026/Jun/24 06:41:55.517586 USER TC_34_2_2.ttcn3:77 Draining event: "{\"type\": \"EVENT_BSSMAP_CLEAR_COMPLETE\", \"bsc_slr\": 2}"
2026/Jun/24 06:41:55.900646 USER TC_34_2_2.ttcn3:75 VTY_PT: Received data (buffered): 61 bytes
2026/Jun/24 06:41:57.518016 USER TC_34_2_2.ttcn3:75 MSC_Port: RX: {"type": "HEARTBEAT"}
2026/Jun/24 06:41:57.518083 PORTEVENT TC_34_2_2.ttcn3:75 Message enqueued on MSC from system charstring : "{\"type\": \"HEARTBEAT\"}" id 23
2026/Jun/24 06:41:57.518107 PORTEVENT TC_34_2_2.ttcn3:76 Receive operation on port MSC succeeded, message from system(): charstring : "{\"type\": \"HEARTBEAT\"}" id 23
2026/Jun/24 06:41:57.518116 PORTEVENT TC_34_2_2.ttcn3:76 Message with id 23 was extracted from the queue of MSC.
2026/Jun/24 06:41:57.518121 USER TC_34_2_2.ttcn3:77 Draining event: "{\"type\": \"HEARTBEAT\"}"
2026/Jun/24 06:42:00.517851 TIMEROP TC_34_2_2.ttcn3:80 Timeout T_drain: 5 s
2026/Jun/24 06:42:00.517910 USER TC_34_2_2.ttcn3:81 Drain period complete
2026/Jun/24 06:42:00.517932 USER TC_34_2_2.ttcn3:447 Initial LU completed, mobile registered
2026/Jun/24 06:42:00.517942 TIMEROP TC_34_2_2.ttcn3:74 Start timer T_drain: 5 s
2026/Jun/24 06:42:02.522561 USER TC_34_2_2.ttcn3:75 MSC_Port: RX: {"type": "HEARTBEAT"}
2026/Jun/24 06:42:02.522650 PORTEVENT TC_34_2_2.ttcn3:75 Message enqueued on MSC from system charstring : "{\"type\": \"HEARTBEAT\"}" id 24
2026/Jun/24 06:42:02.522688 PORTEVENT TC_34_2_2.ttcn3:76 Receive operation on port MSC succeeded, message from system(): charstring : "{\"type\": \"HEARTBEAT\"}" id 24
2026/Jun/24 06:42:02.522707 PORTEVENT TC_34_2_2.ttcn3:76 Message with id 24 was extracted from the queue of MSC.
2026/Jun/24 06:42:02.522719 USER TC_34_2_2.ttcn3:77 Draining event: "{\"type\": \"HEARTBEAT\"}"
2026/Jun/24 06:42:05.519844 TIMEROP TC_34_2_2.ttcn3:80 Timeout T_drain: 5 s
2026/Jun/24 06:42:05.519899 USER TC_34_2_2.ttcn3:81 Drain period complete
2026/Jun/24 06:42:05.519916 USER TC_34_2_2.ttcn3:1305 *** Pre-test: Configuring SMS service center ***
2026/Jun/24 06:42:05.519923 USER TC_34_2_2.ttcn3:409 Configuring SMS service center: "+1234567890"
2026/Jun/24 06:42:05.519940 USER GSM_Component_Definitions.ttcn3:455 VTY: Sending command: "enable"
2026/Jun/24 06:42:05.519974 PORTEVENT GSM_Component_Definitions.ttcn3:456 Sent on VTY to system charstring : "enable"
2026/Jun/24 06:42:05.520000 USER GSM_Component_Definitions.ttcn3:456 VTY_PT: Sending command: "enable"
2026/Jun/24 06:42:05.720173 USER GSM_Component_Definitions.ttcn3:456 VTY_PT: Received response: 
% (MS 1)
% Power off!

% (MS 1)
% Trying to register with network International, 70...

% (MS 1)
% Trying to register with network International, 70...

% (MS 1)
% Trying to register with network International, 70...

% (MS 1)
% On Network, normal service: International, 70
enable
OsmocomBB(mobile)# 
OsmocomBB(mobile)# 
2026/Jun/24 06:42:05.720345 PORTEVENT GSM_Component_Definitions.ttcn3:456 Message enqueued on VTY from system charstring : "\r\n% (MS 1)\r\n% Power off!\r\n\r\n% (MS 1)\r\n% Trying to register with network International, 70...\r\n\r\n% (MS 1)\r\n% Trying to register with network International, 70...\r\n\r\n% (MS 1)\r\n% Trying to register with network International, 70...\r\n\r\n% (MS 1)\r\n% On Network, normal service: International, 70\r\nenable\r\nOsmocomBB(mobile)# \r\nOsmocomBB(mobile)# " id 1
2026/Jun/24 06:42:05.720391 TIMEROP GSM_Component_Definitions.ttcn3:459 Start timer T_vty: 5 s
2026/Jun/24 06:42:05.720461 PORTEVENT GSM_Component_Definitions.ttcn3:462 Receive operation on port VTY succeeded, message from system(): charstring : "\r\n% (MS 1)\r\n% Power off!\r\n\r\n% (MS 1)\r\n% Trying to register with network International, 70...\r\n\r\n% (MS 1)\r\n% Trying to register with network International, 70...\r\n\r\n% (MS 1)\r\n% Trying to register with network International, 70...\r\n\r\n% (MS 1)\r\n% On Network, normal service: International, 70\r\nenable\r\nOsmocomBB(mobile)# \r\nOsmocomBB(mobile)# " id 1
2026/Jun/24 06:42:05.720495 PORTEVENT GSM_Component_Definitions.ttcn3:462 Message with id 1 was extracted from the queue of VTY.
2026/Jun/24 06:42:05.720514 TIMEROP GSM_Component_Definitions.ttcn3:463 Stop timer T_vty: 5 s
2026/Jun/24 06:42:05.720528 USER GSM_Component_Definitions.ttcn3:464 VTY: Received response: "\r\n% (MS 1)\r\n% Power off!\r\n\r\n% (MS 1)\r\n% Trying to register with network International, 70...\r\n\r\n% (MS 1)\r\n% Trying to register with network International, 70...\r\n\r\n% (MS 1)\r\n% Trying to register with network International, 70...\r\n\r\n% (MS 1)\r\n% On Network, normal service: International, 70\r\nenable\r\nOsmocomBB(mobile)# \r\nOsmocomBB(mobile)# "
2026/Jun/24 06:42:05.720605 USER GSM_Component_Definitions.ttcn3:455 VTY: Sending command: "configure terminal"
2026/Jun/24 06:42:05.720630 PORTEVENT GSM_Component_Definitions.ttcn3:456 Sent on VTY to system charstring : "configure terminal"
2026/Jun/24 06:42:05.720647 USER GSM_Component_Definitions.ttcn3:456 VTY_PT: Sending command: "configure terminal"
2026/Jun/24 06:42:05.920844 USER GSM_Component_Definitions.ttcn3:456 VTY_PT: Received response: configure terminal
OsmocomBB(mobile)(config)# 
OsmocomBB(mobile)(config)# 
2026/Jun/24 06:42:05.920926 PORTEVENT GSM_Component_Definitions.ttcn3:456 Message enqueued on VTY from system charstring : "configure terminal\r\nOsmocomBB(mobile)(config)# \r\nOsmocomBB(mobile)(config)# " id 2
2026/Jun/24 06:42:05.920946 TIMEROP GSM_Component_Definitions.ttcn3:459 Start timer T_vty: 5 s
2026/Jun/24 06:42:05.920969 PORTEVENT GSM_Component_Definitions.ttcn3:462 Receive operation on port VTY succeeded, message from system(): charstring : "configure terminal\r\nOsmocomBB(mobile)(config)# \r\nOsmocomBB(mobile)(config)# " id 2
2026/Jun/24 06:42:05.920979 PORTEVENT GSM_Component_Definitions.ttcn3:462 Message with id 2 was extracted from the queue of VTY.
2026/Jun/24 06:42:05.920987 TIMEROP GSM_Component_Definitions.ttcn3:463 Stop timer T_vty: 5 s
2026/Jun/24 06:42:05.920993 USER GSM_Component_Definitions.ttcn3:464 VTY: Received response: "configure terminal\r\nOsmocomBB(mobile)(config)# \r\nOsmocomBB(mobile)(config)# "
2026/Jun/24 06:42:05.921012 USER GSM_Component_Definitions.ttcn3:455 VTY: Sending command: "ms 1"
2026/Jun/24 06:42:05.921024 PORTEVENT GSM_Component_Definitions.ttcn3:456 Sent on VTY to system charstring : "ms 1"
2026/Jun/24 06:42:05.921034 USER GSM_Component_Definitions.ttcn3:456 VTY_PT: Sending command: "ms 1"
2026/Jun/24 06:42:06.121185 USER GSM_Component_Definitions.ttcn3:456 VTY_PT: Received response: ms 1
OsmocomBB(mobile)(ms)# 
OsmocomBB(mobile)(ms)# 
2026/Jun/24 06:42:06.121249 PORTEVENT GSM_Component_Definitions.ttcn3:456 Message enqueued on VTY from system charstring : "ms 1\r\nOsmocomBB(mobile)(ms)# \r\nOsmocomBB(mobile)(ms)# " id 3
2026/Jun/24 06:42:06.121264 TIMEROP GSM_Component_Definitions.ttcn3:459 Start timer T_vty: 5 s
2026/Jun/24 06:42:06.121280 PORTEVENT GSM_Component_Definitions.ttcn3:462 Receive operation on port VTY succeeded, message from system(): charstring : "ms 1\r\nOsmocomBB(mobile)(ms)# \r\nOsmocomBB(mobile)(ms)# " id 3
2026/Jun/24 06:42:06.121288 PORTEVENT GSM_Component_Definitions.ttcn3:462 Message with id 3 was extracted from the queue of VTY.
2026/Jun/24 06:42:06.121292 TIMEROP GSM_Component_Definitions.ttcn3:463 Stop timer T_vty: 5 s
2026/Jun/24 06:42:06.121296 USER GSM_Component_Definitions.ttcn3:464 VTY: Received response: "ms 1\r\nOsmocomBB(mobile)(ms)# \r\nOsmocomBB(mobile)(ms)# "
2026/Jun/24 06:42:06.121308 USER GSM_Component_Definitions.ttcn3:455 VTY: Sending command: "sms-service-center +1234567890"
2026/Jun/24 06:42:06.121318 PORTEVENT GSM_Component_Definitions.ttcn3:456 Sent on VTY to system charstring : "sms-service-center +1234567890"
2026/Jun/24 06:42:06.121324 USER GSM_Component_Definitions.ttcn3:456 VTY_PT: Sending command: "sms-service-center +1234567890"
2026/Jun/24 06:42:06.321472 USER GSM_Component_Definitions.ttcn3:456 VTY_PT: Received response: sms-service-center +1234567890
OsmocomBB(mobile)(ms)# 
OsmocomBB(mobile)(ms)# 
2026/Jun/24 06:42:06.321564 PORTEVENT GSM_Component_Definitions.ttcn3:456 Message enqueued on VTY from system charstring : "sms-service-center +1234567890\r\nOsmocomBB(mobile)(ms)# \r\nOsmocomBB(mobile)(ms)# " id 4
2026/Jun/24 06:42:06.321594 TIMEROP GSM_Component_Definitions.ttcn3:459 Start timer T_vty: 5 s
2026/Jun/24 06:42:06.321640 PORTEVENT GSM_Component_Definitions.ttcn3:462 Receive operation on port VTY succeeded, message from system(): charstring : "sms-service-center +1234567890\r\nOsmocomBB(mobile)(ms)# \r\nOsmocomBB(mobile)(ms)# " id 4
2026/Jun/24 06:42:06.321656 PORTEVENT GSM_Component_Definitions.ttcn3:462 Message with id 4 was extracted from the queue of VTY.
2026/Jun/24 06:42:06.321668 TIMEROP GSM_Component_Definitions.ttcn3:463 Stop timer T_vty: 5 s
2026/Jun/24 06:42:06.321678 USER GSM_Component_Definitions.ttcn3:464 VTY: Received response: "sms-service-center +1234567890\r\nOsmocomBB(mobile)(ms)# \r\nOsmocomBB(mobile)(ms)# "
2026/Jun/24 06:42:06.321708 USER GSM_Component_Definitions.ttcn3:455 VTY: Sending command: "end"
2026/Jun/24 06:42:06.321727 PORTEVENT GSM_Component_Definitions.ttcn3:456 Sent on VTY to system charstring : "end"
2026/Jun/24 06:42:06.321742 USER GSM_Component_Definitions.ttcn3:456 VTY_PT: Sending command: "end"
2026/Jun/24 06:42:06.521939 USER GSM_Component_Definitions.ttcn3:456 VTY_PT: Received response: end
OsmocomBB(mobile)# 
OsmocomBB(mobile)# 
2026/Jun/24 06:42:06.522019 PORTEVENT GSM_Component_Definitions.ttcn3:456 Message enqueued on VTY from system charstring : "end\r\nOsmocomBB(mobile)# \r\nOsmocomBB(mobile)# " id 5
2026/Jun/24 06:42:06.522042 TIMEROP GSM_Component_Definitions.ttcn3:459 Start timer T_vty: 5 s
2026/Jun/24 06:42:06.522067 PORTEVENT GSM_Component_Definitions.ttcn3:462 Receive operation on port VTY succeeded, message from system(): charstring : "end\r\nOsmocomBB(mobile)# \r\nOsmocomBB(mobile)# " id 5
2026/Jun/24 06:42:06.522080 PORTEVENT GSM_Component_Definitions.ttcn3:462 Message with id 5 was extracted from the queue of VTY.
2026/Jun/24 06:42:06.522089 TIMEROP GSM_Component_Definitions.ttcn3:463 Stop timer T_vty: 5 s
2026/Jun/24 06:42:06.522098 USER GSM_Component_Definitions.ttcn3:464 VTY: Received response: "end\r\nOsmocomBB(mobile)# \r\nOsmocomBB(mobile)# "
2026/Jun/24 06:42:06.522119 USER TC_34_2_2.ttcn3:416 SMS service center configured
2026/Jun/24 06:42:06.522131 USER TC_34_2_2.ttcn3:1312 ##########################################################
2026/Jun/24 06:42:06.522141 USER TC_34_2_2.ttcn3:1313 ### PART 1: MO-SMS on SDCCH ###
2026/Jun/24 06:42:06.522150 USER TC_34_2_2.ttcn3:1314 ##########################################################
2026/Jun/24 06:42:06.522161 USER TC_34_2_2.ttcn3:476 ==========================================================
2026/Jun/24 06:42:06.522171 USER TC_34_2_2.ttcn3:477 *** Part 1a: Normal MO-SMS on SDCCH ***
2026/Jun/24 06:42:06.522180 USER TC_34_2_2.ttcn3:478 ==========================================================
2026/Jun/24 06:42:06.522239 USER TC_34_2_2.ttcn3:482 --- Part 1a MO-SMS attempt #1 of 3 ---
2026/Jun/24 06:42:06.522258 USER TC_34_2_2.ttcn3:398 Triggering MO-SMS via VTY: number="12345" text='"Hello Part1a"'
2026/Jun/24 06:42:06.522281 USER GSM_Component_Definitions.ttcn3:455 VTY: Sending command: "enable"
2026/Jun/24 06:42:06.522297 PORTEVENT GSM_Component_Definitions.ttcn3:456 Sent on VTY to system charstring : "enable"
2026/Jun/24 06:42:06.522310 USER GSM_Component_Definitions.ttcn3:456 VTY_PT: Sending command: "enable"
2026/Jun/24 06:42:06.722472 USER GSM_Component_Definitions.ttcn3:456 VTY_PT: Received response: enable
% Unknown command.
OsmocomBB(mobile)# 
OsmocomBB(mobile)# 
2026/Jun/24 06:42:06.722581 PORTEVENT GSM_Component_Definitions.ttcn3:456 Message enqueued on VTY from system charstring : "enable\r\n% Unknown command.\r\nOsmocomBB(mobile)# \r\nOsmocomBB(mobile)# " id 6
2026/Jun/24 06:42:06.722612 TIMEROP GSM_Component_Definitions.ttcn3:459 Start timer T_vty: 5 s
2026/Jun/24 06:42:06.722645 PORTEVENT GSM_Component_Definitions.ttcn3:462 Receive operation on port VTY succeeded, message from system(): charstring : "enable\r\n% Unknown command.\r\nOsmocomBB(mobile)# \r\nOsmocomBB(mobile)# " id 6
2026/Jun/24 06:42:06.722661 PORTEVENT GSM_Component_Definitions.ttcn3:462 Message with id 6 was extracted from the queue of VTY.
2026/Jun/24 06:42:06.722673 TIMEROP GSM_Component_Definitions.ttcn3:463 Stop timer T_vty: 5 s
2026/Jun/24 06:42:06.722697 USER GSM_Component_Definitions.ttcn3:464 VTY: Received response: "enable\r\n% Unknown command.\r\nOsmocomBB(mobile)# \r\nOsmocomBB(mobile)# "
2026/Jun/24 06:42:06.722728 USER GSM_Component_Definitions.ttcn3:455 VTY: Sending command: "sms 1 12345 Hello Part1a"
2026/Jun/24 06:42:06.722753 PORTEVENT GSM_Component_Definitions.ttcn3:456 Sent on VTY to system charstring : "sms 1 12345 Hello Part1a"
2026/Jun/24 06:42:06.722770 USER GSM_Component_Definitions.ttcn3:456 VTY_PT: Sending command: "sms 1 12345 Hello Part1a"
2026/Jun/24 06:42:06.922953 USER GSM_Component_Definitions.ttcn3:456 VTY_PT: Received response: sms 1 12345 Hello Part1a
OsmocomBB(mobile)# 
OsmocomBB(mobile)# 
2026/Jun/24 06:42:06.923021 PORTEVENT GSM_Component_Definitions.ttcn3:456 Message enqueued on VTY from system charstring : "sms 1 12345 Hello Part1a\r\nOsmocomBB(mobile)# \r\nOsmocomBB(mobile)# " id 7
2026/Jun/24 06:42:06.923038 TIMEROP GSM_Component_Definitions.ttcn3:459 Start timer T_vty: 5 s
2026/Jun/24 06:42:06.923058 PORTEVENT GSM_Component_Definitions.ttcn3:462 Receive operation on port VTY succeeded, message from system(): charstring : "sms 1 12345 Hello Part1a\r\nOsmocomBB(mobile)# \r\nOsmocomBB(mobile)# " id 7
2026/Jun/24 06:42:06.923066 PORTEVENT GSM_Component_Definitions.ttcn3:462 Message with id 7 was extracted from the queue of VTY.
2026/Jun/24 06:42:06.923072 TIMEROP GSM_Component_Definitions.ttcn3:463 Stop timer T_vty: 5 s
2026/Jun/24 06:42:06.923078 USER GSM_Component_Definitions.ttcn3:464 VTY: Received response: "sms 1 12345 Hello Part1a\r\nOsmocomBB(mobile)# \r\nOsmocomBB(mobile)# "
2026/Jun/24 06:42:06.923092 USER TC_34_2_2.ttcn3:402 VTY sms response: "sms 1 12345 Hello Part1a\r\nOsmocomBB(mobile)# \r\nOsmocomBB(mobile)# "
2026/Jun/24 06:42:06.923105 TIMEROP TC_34_2_2.ttcn3:94 Start timer T_wait: 60 s
2026/Jun/24 06:42:07.290956 USER TC_34_2_2.ttcn3:95 MSC_Port: RX: {"type": "EVENT_CM_SERVICE_REQUEST", "bsc_slr": 3, "cm_service_type": 4, "cm_service_type_name": "Short message service"}
2026/Jun/24 06:42:07.291014 PORTEVENT TC_34_2_2.ttcn3:95 Message enqueued on MSC from system charstring : "{\"type\": \"EVENT_CM_SERVICE_REQUEST\", \"bsc_slr\": 3, \"cm_service_type\": 4, \"cm_service_type_name\": \"Short message service\"}" id 25
2026/Jun/24 06:42:07.291037 PORTEVENT TC_34_2_2.ttcn3:96 Receive operation on port MSC succeeded, message from system(): charstring : "{\"type\": \"EVENT_CM_SERVICE_REQUEST\", \"bsc_slr\": 3, \"cm_service_type\": 4, \"cm_service_type_name\": \"Short message service\"}" id 25
2026/Jun/24 06:42:07.291046 PORTEVENT TC_34_2_2.ttcn3:96 Message with id 25 was extracted from the queue of MSC.
2026/Jun/24 06:42:07.291172 USER GSM_Functions.ttcn3:365 f_extractJsonInt: Searching for key '"bsc_slr"' in JSON: "{\"type\": \"EVENT_CM_SERVICE_REQUEST\", \"bsc_slr\": 3, \"cm_service_type\": 4, \"cm_service_type_name\": \"Short message service\"}"
2026/Jun/24 06:42:07.291200 USER GSM_Functions.ttcn3:372 f_extractJsonInt: Found key at position 37 (pattern: "\"bsc_slr\":")
2026/Jun/24 06:42:07.291216 USER GSM_Functions.ttcn3:422 f_extractJsonInt: Extracted number string '"3"' => integer 3
2026/Jun/24 06:42:07.291225 USER GSM_Functions.ttcn3:365 f_extractJsonInt: Searching for key '"service_type"' in JSON: "{\"type\": \"EVENT_CM_SERVICE_REQUEST\", \"bsc_slr\": 3, \"cm_service_type\": 4, \"cm_service_type_name\": \"Short message service\"}"
2026/Jun/24 06:42:07.291256 USER GSM_Functions.ttcn3:391 f_extractJsonInt: Key '"service_type"' NOT found, returning 0
2026/Jun/24 06:42:07.291264 USER TC_34_2_2.ttcn3:100 CM SERVICE REQUEST received: bsc_slr=3 service_type=0
2026/Jun/24 06:42:07.291271 TIMEROP TC_34_2_2.ttcn3:101 Stop timer T_wait: 60 s
2026/Jun/24 06:42:07.291285 PORTEVENT TC_34_2_2.ttcn3:104 Sent on MSC to system charstring : "{\"command\": \"CMD_SEND_CM_SERVICE_ACCEPT\", \"params\": {\"bsc_slr\": 3}}"
2026/Jun/24 06:42:07.291316 USER TC_34_2_2.ttcn3:104 MSC_Port: TX: {"command": "CMD_SEND_CM_SERVICE_ACCEPT", "params": {"bsc_slr": 3}}
2026/Jun/24 06:42:07.291328 TIMEROP TC_34_2_2.ttcn3:107 Start timer T_ack: 2 s
2026/Jun/24 06:42:07.291589 USER TC_34_2_2.ttcn3:108 MSC_Port: RX: {"status": "ok", "sent": true}
2026/Jun/24 06:42:07.291600 PORTEVENT TC_34_2_2.ttcn3:108 Message enqueued on MSC from system charstring : "{\"status\": \"ok\", \"sent\": true}" id 26
2026/Jun/24 06:42:07.291608 PORTEVENT TC_34_2_2.ttcn3:109 Receive operation on port MSC succeeded, message from system(): charstring : "{\"status\": \"ok\", \"sent\": true}" id 26
2026/Jun/24 06:42:07.291613 PORTEVENT TC_34_2_2.ttcn3:109 Message with id 26 was extracted from the queue of MSC.
2026/Jun/24 06:42:07.291616 TIMEROP TC_34_2_2.ttcn3:110 Stop timer T_ack: 2 s
2026/Jun/24 06:42:07.291622 TIMEROP TC_34_2_2.ttcn3:162 Start timer T_wait: 60 s
2026/Jun/24 06:42:08.234037 USER TC_34_2_2.ttcn3:163 MSC_Port: RX: {"type": "EVENT_DTAP", "bsc_slr": 3, "pd": 9, "msg_type": 1}
2026/Jun/24 06:42:08.234100 PORTEVENT TC_34_2_2.ttcn3:163 Message enqueued on MSC from system charstring : "{\"type\": \"EVENT_DTAP\", \"bsc_slr\": 3, \"pd\": 9, \"msg_type\": 1}" id 27
2026/Jun/24 06:42:08.234122 PORTEVENT TC_34_2_2.ttcn3:164 Receive operation on port MSC succeeded, message from system(): charstring : "{\"type\": \"EVENT_DTAP\", \"bsc_slr\": 3, \"pd\": 9, \"msg_type\": 1}" id 27
2026/Jun/24 06:42:08.234130 PORTEVENT TC_34_2_2.ttcn3:164 Message with id 27 was extracted from the queue of MSC.
2026/Jun/24 06:42:08.234216 USER TC_34_2_2.ttcn3:178 Event while waiting for CP-DATA: "{\"type\": \"EVENT_DTAP\", \"bsc_slr\": 3, \"pd\": 9, \"msg_type\": 1}"
2026/Jun/24 06:42:08.234236 USER TC_34_2_2.ttcn3:163 MSC_Port: RX: {"type": "EVENT_SMS_CP_DATA", "bsc_slr": 3, "ti_value": 0, "ti_flag": 0, "rp_mr": 42, "rp_msg_type": 0, "rp_error_cause": 0, "rp_hex": "002a000691214365870915012a05812143f500000cc8329bfd0641c3727a2c0c"}
2026/Jun/24 06:42:08.234249 PORTEVENT TC_34_2_2.ttcn3:163 Message enqueued on MSC from system charstring : "{\"type\": \"EVENT_SMS_CP_DATA\", \"bsc_slr\": 3, \"ti_value\": 0, \"ti_flag\": 0, \"rp_mr\": 42, \"rp_msg_type\": 0, \"rp_error_cause\": 0, \"rp_hex\": \"002a000691214365870915012a05812143f500000cc8329bfd0641c3727a2c0c\"}" id 28
2026/Jun/24 06:42:08.234261 PORTEVENT TC_34_2_2.ttcn3:164 Receive operation on port MSC succeeded, message from system(): charstring : "{\"type\": \"EVENT_SMS_CP_DATA\", \"bsc_slr\": 3, \"ti_value\": 0, \"ti_flag\": 0, \"rp_mr\": 42, \"rp_msg_type\": 0, \"rp_error_cause\": 0, \"rp_hex\": \"002a000691214365870915012a05812143f500000cc8329bfd0641c3727a2c0c\"}" id 28
2026/Jun/24 06:42:08.234267 PORTEVENT TC_34_2_2.ttcn3:164 Message with id 28 was extracted from the queue of MSC.
2026/Jun/24 06:42:08.234321 USER GSM_Functions.ttcn3:365 f_extractJsonInt: Searching for key '"bsc_slr"' in JSON: "{\"type\": \"EVENT_SMS_CP_DATA\", \"bsc_slr\": 3, \"ti_value\": 0, \"ti_flag\": 0, \"rp_mr\": 42, \"rp_msg_type\": 0, \"rp_error_cause\": 0, \"rp_hex\": \"002a000691214365870915012a05812143f500000cc8329bfd0641c3727a2c0c\"}"
2026/Jun/24 06:42:08.234343 USER GSM_Functions.ttcn3:372 f_extractJsonInt: Found key at position 30 (pattern: "\"bsc_slr\":")
2026/Jun/24 06:42:08.234358 USER GSM_Functions.ttcn3:422 f_extractJsonInt: Extracted number string '"3"' => integer 3
2026/Jun/24 06:42:08.234366 USER GSM_Functions.ttcn3:365 f_extractJsonInt: Searching for key '"ti_value"' in JSON: "{\"type\": \"EVENT_SMS_CP_DATA\", \"bsc_slr\": 3, \"ti_value\": 0, \"ti_flag\": 0, \"rp_mr\": 42, \"rp_msg_type\": 0, \"rp_error_cause\": 0, \"rp_hex\": \"002a000691214365870915012a05812143f500000cc8329bfd0641c3727a2c0c\"}"
2026/Jun/24 06:42:08.234382 USER GSM_Functions.ttcn3:372 f_extractJsonInt: Found key at position 44 (pattern: "\"ti_value\":")
2026/Jun/24 06:42:08.234390 USER GSM_Functions.ttcn3:422 f_extractJsonInt: Extracted number string '"0"' => integer 0
2026/Jun/24 06:42:08.234396 USER GSM_Functions.ttcn3:365 f_extractJsonInt: Searching for key '"ti_flag"' in JSON: "{\"type\": \"EVENT_SMS_CP_DATA\", \"bsc_slr\": 3, \"ti_value\": 0, \"ti_flag\": 0, \"rp_mr\": 42, \"rp_msg_type\": 0, \"rp_error_cause\": 0, \"rp_hex\": \"002a000691214365870915012a05812143f500000cc8329bfd0641c3727a2c0c\"}"
2026/Jun/24 06:42:08.234421 USER GSM_Functions.ttcn3:372 f_extractJsonInt: Found key at position 59 (pattern: "\"ti_flag\":")
2026/Jun/24 06:42:08.234429 USER GSM_Functions.ttcn3:422 f_extractJsonInt: Extracted number string '"0"' => integer 0
2026/Jun/24 06:42:08.234435 USER GSM_Functions.ttcn3:365 f_extractJsonInt: Searching for key '"rp_mr"' in JSON: "{\"type\": \"EVENT_SMS_CP_DATA\", \"bsc_slr\": 3, \"ti_value\": 0, \"ti_flag\": 0, \"rp_mr\": 42, \"rp_msg_type\": 0, \"rp_error_cause\": 0, \"rp_hex\": \"002a000691214365870915012a05812143f500000cc8329bfd0641c3727a2c0c\"}"
2026/Jun/24 06:42:08.234453 USER GSM_Functions.ttcn3:372 f_extractJsonInt: Found key at position 73 (pattern: "\"rp_mr\":")
2026/Jun/24 06:42:08.234461 USER GSM_Functions.ttcn3:422 f_extractJsonInt: Extracted number string '"42"' => integer 42
2026/Jun/24 06:42:08.234467 USER TC_34_2_2.ttcn3:170 CP-DATA received: TI=0 TI_flag=0 RP-MR=42
2026/Jun/24 06:42:08.234494 TIMEROP TC_34_2_2.ttcn3:172 Stop timer T_wait: 60 s
2026/Jun/24 06:42:08.234508 USER TC_34_2_2.ttcn3:511 *** Received MO-SMS CP-DATA: TI=0 RP-MR=42 ***
2026/Jun/24 06:42:08.234528 PORTEVENT TC_34_2_2.ttcn3:226 Sent on MSC to system charstring : "{\"command\": \"CMD_SEND_SMS_CP_ACK\", \"params\": {\"bsc_slr\": 3, \"ti_value\": 0, \"ti_flag\": 1}}"
2026/Jun/24 06:42:08.234573 USER TC_34_2_2.ttcn3:226 MSC_Port: TX: {"command": "CMD_SEND_SMS_CP_ACK", "params": {"bsc_slr": 3, "ti_value": 0, "ti_flag": 1}}
2026/Jun/24 06:42:08.234581 USER TC_34_2_2.ttcn3:227 Sent CP-ACK: TI=0 TI_flag=1
2026/Jun/24 06:42:08.234587 TIMEROP TC_34_2_2.ttcn3:230 Start timer T_ack: 1 s
2026/Jun/24 06:42:08.234920 USER TC_34_2_2.ttcn3:231 MSC_Port: RX: {"status": "ok", "sent": true}
2026/Jun/24 06:42:08.234934 PORTEVENT TC_34_2_2.ttcn3:231 Message enqueued on MSC from system charstring : "{\"status\": \"ok\", \"sent\": true}" id 29
2026/Jun/24 06:42:08.234943 PORTEVENT TC_34_2_2.ttcn3:232 Receive operation on port MSC succeeded, message from system(): charstring : "{\"status\": \"ok\", \"sent\": true}" id 29
2026/Jun/24 06:42:08.234948 PORTEVENT TC_34_2_2.ttcn3:232 Message with id 29 was extracted from the queue of MSC.
2026/Jun/24 06:42:08.234952 TIMEROP TC_34_2_2.ttcn3:232 Stop timer T_ack: 1 s
2026/Jun/24 06:42:08.234963 PORTEVENT TC_34_2_2.ttcn3:243 Sent on MSC to system charstring : "{\"command\": \"CMD_SEND_SMS_CP_DATA_RP_ACK\", \"params\": {\"bsc_slr\": 3, \"ti_value\": 0, \"ti_flag\": 1, \"rp_mr\": 42}}"
2026/Jun/24 06:42:08.234992 USER TC_34_2_2.ttcn3:243 MSC_Port: TX: {"command": "CMD_SEND_SMS_CP_DATA_RP_ACK", "params": {"bsc_slr": 3, "ti_value": 0, "ti_flag": 1, "rp_mr": 42}}
2026/Jun/24 06:42:08.234998 USER TC_34_2_2.ttcn3:244 Sent CP-DATA(RP-ACK): TI=0 RP-MR=42
2026/Jun/24 06:42:08.235005 TIMEROP TC_34_2_2.ttcn3:247 Start timer T_ack: 1 s
2026/Jun/24 06:42:08.235207 USER TC_34_2_2.ttcn3:248 MSC_Port: RX: {"status": "ok", "sent": true}
2026/Jun/24 06:42:08.235216 PORTEVENT TC_34_2_2.ttcn3:248 Message enqueued on MSC from system charstring : "{\"status\": \"ok\", \"sent\": true}" id 30
2026/Jun/24 06:42:08.235223 PORTEVENT TC_34_2_2.ttcn3:249 Receive operation on port MSC succeeded, message from system(): charstring : "{\"status\": \"ok\", \"sent\": true}" id 30
2026/Jun/24 06:42:08.235227 PORTEVENT TC_34_2_2.ttcn3:249 Message with id 30 was extracted from the queue of MSC.
2026/Jun/24 06:42:08.235231 TIMEROP TC_34_2_2.ttcn3:249 Stop timer T_ack: 1 s
2026/Jun/24 06:42:08.235235 TIMEROP TC_34_2_2.ttcn3:196 Start timer T_wait: 25 s
2026/Jun/24 06:42:08.845718 USER TC_34_2_2.ttcn3:197 VTY_PT: Received data (buffered): 39 bytes
2026/Jun/24 06:42:08.990458 USER TC_34_2_2.ttcn3:197 MSC_Port: RX: {"type": "EVENT_DTAP", "bsc_slr": 3, "pd": 9, "msg_type": 4}
2026/Jun/24 06:42:08.990542 PORTEVENT TC_34_2_2.ttcn3:197 Message enqueued on MSC from system charstring : "{\"type\": \"EVENT_DTAP\", \"bsc_slr\": 3, \"pd\": 9, \"msg_type\": 4}" id 31
2026/Jun/24 06:42:08.990584 PORTEVENT TC_34_2_2.ttcn3:198 Receive operation on port MSC succeeded, message from system(): charstring : "{\"type\": \"EVENT_DTAP\", \"bsc_slr\": 3, \"pd\": 9, \"msg_type\": 4}" id 31
2026/Jun/24 06:42:08.990614 PORTEVENT TC_34_2_2.ttcn3:198 Message with id 31 was extracted from the queue of MSC.
2026/Jun/24 06:42:08.990815 USER TC_34_2_2.ttcn3:208 Event while waiting for CP-ACK: "{\"type\": \"EVENT_DTAP\", \"bsc_slr\": 3, \"pd\": 9, \"msg_type\": 4}"
2026/Jun/24 06:42:08.990881 USER TC_34_2_2.ttcn3:197 MSC_Port: RX: {"type": "EVENT_SMS_CP_ACK", "bsc_slr": 3, "ti_value": 0, "ti_flag": 0}
2026/Jun/24 06:42:08.990906 PORTEVENT TC_34_2_2.ttcn3:197 Message enqueued on MSC from system charstring : "{\"type\": \"EVENT_SMS_CP_ACK\", \"bsc_slr\": 3, \"ti_value\": 0, \"ti_flag\": 0}" id 32
2026/Jun/24 06:42:08.990930 PORTEVENT TC_34_2_2.ttcn3:198 Receive operation on port MSC succeeded, message from system(): charstring : "{\"type\": \"EVENT_SMS_CP_ACK\", \"bsc_slr\": 3, \"ti_value\": 0, \"ti_flag\": 0}" id 32
2026/Jun/24 06:42:08.990943 PORTEVENT TC_34_2_2.ttcn3:198 Message with id 32 was extracted from the queue of MSC.
2026/Jun/24 06:42:08.991067 USER TC_34_2_2.ttcn3:200 CP-ACK received
2026/Jun/24 06:42:08.991086 TIMEROP TC_34_2_2.ttcn3:202 Stop timer T_wait: 25 s
2026/Jun/24 06:42:08.991134 USER TC_34_2_2.ttcn3:521 *** Part 1a PASS: MS sent CP-ACK for RP-ACK ***
2026/Jun/24 06:42:08.991160 PORTEVENT TC_34_2_2.ttcn3:308 Sent on MSC to system charstring : "{\"command\": \"CMD_SEND_CLEAR_CMD\", \"params\": {\"bsc_slr\": 3, \"cause\": 0}}"
2026/Jun/24 06:42:08.991232 USER TC_34_2_2.ttcn3:308 MSC_Port: TX: {"command": "CMD_SEND_CLEAR_CMD", "params": {"bsc_slr": 3, "cause": 0}}
2026/Jun/24 06:42:08.991251 USER TC_34_2_2.ttcn3:309 Sent CLEAR COMMAND for bsc_slr=3
2026/Jun/24 06:42:08.991272 TIMEROP TC_34_2_2.ttcn3:74 Start timer T_drain: 5 s
2026/Jun/24 06:42:08.991697 USER TC_34_2_2.ttcn3:75 MSC_Port: RX: {"status": "ok"}
2026/Jun/24 06:42:08.991722 PORTEVENT TC_34_2_2.ttcn3:75 Message enqueued on MSC from system charstring : "{\"status\": \"ok\"}" id 33
2026/Jun/24 06:42:08.991742 PORTEVENT TC_34_2_2.ttcn3:76 Receive operation on port MSC succeeded, message from system(): charstring : "{\"status\": \"ok\"}" id 33
2026/Jun/24 06:42:08.991756 PORTEVENT TC_34_2_2.ttcn3:76 Message with id 33 was extracted from the queue of MSC.
2026/Jun/24 06:42:08.991765 USER TC_34_2_2.ttcn3:77 Draining event: "{\"status\": \"ok\"}"
2026/Jun/24 06:42:09.031960 USER TC_34_2_2.ttcn3:75 MSC_Port: RX: {"type": "EVENT_BSSMAP_CLEAR_COMPLETE", "bsc_slr": 3}
2026/Jun/24 06:42:09.032046 PORTEVENT TC_34_2_2.ttcn3:75 Message enqueued on MSC from system charstring : "{\"type\": \"EVENT_BSSMAP_CLEAR_COMPLETE\", \"bsc_slr\": 3}" id 34
2026/Jun/24 06:42:09.032083 PORTEVENT TC_34_2_2.ttcn3:76 Receive operation on port MSC succeeded, message from system(): charstring : "{\"type\": \"EVENT_BSSMAP_CLEAR_COMPLETE\", \"bsc_slr\": 3}" id 34
2026/Jun/24 06:42:09.032112 PORTEVENT TC_34_2_2.ttcn3:76 Message with id 34 was extracted from the queue of MSC.
2026/Jun/24 06:42:09.032125 USER TC_34_2_2.ttcn3:77 Draining event: "{\"type\": \"EVENT_BSSMAP_CLEAR_COMPLETE\", \"bsc_slr\": 3}"
2026/Jun/24 06:42:09.992050 USER TC_34_2_2.ttcn3:75 MSC_Port: RX: {"type": "HEARTBEAT"}
2026/Jun/24 06:42:09.992136 PORTEVENT TC_34_2_2.ttcn3:75 Message enqueued on MSC from system charstring : "{\"type\": \"HEARTBEAT\"}" id 35
2026/Jun/24 06:42:09.992172 PORTEVENT TC_34_2_2.ttcn3:76 Receive operation on port MSC succeeded, message from system(): charstring : "{\"type\": \"HEARTBEAT\"}" id 35
2026/Jun/24 06:42:09.992191 PORTEVENT TC_34_2_2.ttcn3:76 Message with id 35 was extracted from the queue of MSC.
2026/Jun/24 06:42:09.992202 USER TC_34_2_2.ttcn3:77 Draining event: "{\"type\": \"HEARTBEAT\"}"
2026/Jun/24 06:42:11.813111 USER TC_34_2_2.ttcn3:75 VTY_PT: Received data (buffered): 61 bytes
2026/Jun/24 06:42:13.992861 TIMEROP TC_34_2_2.ttcn3:80 Timeout T_drain: 5 s
2026/Jun/24 06:42:13.992940 USER TC_34_2_2.ttcn3:81 Drain period complete
2026/Jun/24 06:42:13.993002 TIMEROP TC_34_2_2.ttcn3:74 Start timer T_drain: 10 s
2026/Jun/24 06:42:14.996073 USER TC_34_2_2.ttcn3:75 MSC_Port: RX: {"type": "HEARTBEAT"}
2026/Jun/24 06:42:14.996184 PORTEVENT TC_34_2_2.ttcn3:75 Message enqueued on MSC from system charstring : "{\"type\": \"HEARTBEAT\"}" id 36
2026/Jun/24 06:42:14.996220 PORTEVENT TC_34_2_2.ttcn3:76 Receive operation on port MSC succeeded, message from system(): charstring : "{\"type\": \"HEARTBEAT\"}" id 36
2026/Jun/24 06:42:14.996237 PORTEVENT TC_34_2_2.ttcn3:76 Message with id 36 was extracted from the queue of MSC.
2026/Jun/24 06:42:14.996247 USER TC_34_2_2.ttcn3:77 Draining event: "{\"type\": \"HEARTBEAT\"}"
2026/Jun/24 06:42:20.000994 USER TC_34_2_2.ttcn3:75 MSC_Port: RX: {"type": "HEARTBEAT"}
2026/Jun/24 06:42:20.001066 PORTEVENT TC_34_2_2.ttcn3:75 Message enqueued on MSC from system charstring : "{\"type\": \"HEARTBEAT\"}" id 37
2026/Jun/24 06:42:20.001091 PORTEVENT TC_34_2_2.ttcn3:76 Receive operation on port MSC succeeded, message from system(): charstring : "{\"type\": \"HEARTBEAT\"}" id 37
2026/Jun/24 06:42:20.001103 PORTEVENT TC_34_2_2.ttcn3:76 Message with id 37 was extracted from the queue of MSC.
2026/Jun/24 06:42:20.001110 USER TC_34_2_2.ttcn3:77 Draining event: "{\"type\": \"HEARTBEAT\"}"
2026/Jun/24 06:42:23.995864 TIMEROP TC_34_2_2.ttcn3:80 Timeout T_drain: 10 s
2026/Jun/24 06:42:23.995936 USER TC_34_2_2.ttcn3:81 Drain period complete
2026/Jun/24 06:42:23.996007 USER TC_34_2_2.ttcn3:549 ==========================================================
2026/Jun/24 06:42:23.996024 USER TC_34_2_2.ttcn3:550 *** Part 1b: MO-SMS CP-DATA Retransmission ***
2026/Jun/24 06:42:23.996037 USER TC_34_2_2.ttcn3:551 ==========================================================
2026/Jun/24 06:42:23.996052 USER TC_34_2_2.ttcn3:556 --- Part 1b MO-SMS attempt #1 of 3 ---
2026/Jun/24 06:42:23.996081 USER TC_34_2_2.ttcn3:398 Triggering MO-SMS via VTY: number="12345" text='"Hello Part1b Retx"'
2026/Jun/24 06:42:23.996109 USER GSM_Component_Definitions.ttcn3:455 VTY: Sending command: "enable"
2026/Jun/24 06:42:23.996135 PORTEVENT GSM_Component_Definitions.ttcn3:456 Sent on VTY to system charstring : "enable"
2026/Jun/24 06:42:23.996160 USER GSM_Component_Definitions.ttcn3:456 VTY_PT: Sending command: "enable"
2026/Jun/24 06:42:24.196342 USER GSM_Component_Definitions.ttcn3:456 VTY_PT: Received response: 
% (MS 1)
% SMS to 12345 successful

% (MS 1)
% On Network, normal service: International, 70
enable
% Unknown command.
OsmocomBB(mobile)# 
OsmocomBB(mobile)# 
2026/Jun/24 06:42:24.196458 PORTEVENT GSM_Component_Definitions.ttcn3:456 Message enqueued on VTY from system charstring : "\r\n% (MS 1)\r\n% SMS to 12345 successful\r\n\r\n% (MS 1)\r\n% On Network, normal service: International, 70\r\nenable\r\n% Unknown command.\r\nOsmocomBB(mobile)# \r\nOsmocomBB(mobile)# " id 8
2026/Jun/24 06:42:24.221006 TIMEROP GSM_Component_Definitions.ttcn3:459 Start timer T_vty: 5 s
2026/Jun/24 06:42:24.221062 PORTEVENT GSM_Component_Definitions.ttcn3:462 Receive operation on port VTY succeeded, message from system(): charstring : "\r\n% (MS 1)\r\n% SMS to 12345 successful\r\n\r\n% (MS 1)\r\n% On Network, normal service: International, 70\r\nenable\r\n% Unknown command.\r\nOsmocomBB(mobile)# \r\nOsmocomBB(mobile)# " id 8
2026/Jun/24 06:42:24.221083 PORTEVENT GSM_Component_Definitions.ttcn3:462 Message with id 8 was extracted from the queue of VTY.
2026/Jun/24 06:42:24.221097 TIMEROP GSM_Component_Definitions.ttcn3:463 Stop timer T_vty: 5 s
2026/Jun/24 06:42:24.221111 USER GSM_Component_Definitions.ttcn3:464 VTY: Received response: "\r\n% (MS 1)\r\n% SMS to 12345 successful\r\n\r\n% (MS 1)\r\n% On Network, normal service: International, 70\r\nenable\r\n% Unknown command.\r\nOsmocomBB(mobile)# \r\nOsmocomBB(mobile)# "
2026/Jun/24 06:42:24.221154 USER GSM_Component_Definitions.ttcn3:455 VTY: Sending command: "sms 1 12345 Hello Part1b Retx"
2026/Jun/24 06:42:24.221182 PORTEVENT GSM_Component_Definitions.ttcn3:456 Sent on VTY to system charstring : "sms 1 12345 Hello Part1b Retx"
2026/Jun/24 06:42:24.221202 USER GSM_Component_Definitions.ttcn3:456 VTY_PT: Sending command: "sms 1 12345 Hello Part1b Retx"
2026/Jun/24 06:42:24.421388 USER GSM_Component_Definitions.ttcn3:456 VTY_PT: Received response: sms 1 12345 Hello Part1b Retx
OsmocomBB(mobile)# 
OsmocomBB(mobile)# 
2026/Jun/24 06:42:24.421495 PORTEVENT GSM_Component_Definitions.ttcn3:456 Message enqueued on VTY from system charstring : "sms 1 12345 Hello Part1b Retx\r\nOsmocomBB(mobile)# \r\nOsmocomBB(mobile)# " id 9
2026/Jun/24 06:42:24.421524 TIMEROP GSM_Component_Definitions.ttcn3:459 Start timer T_vty: 5 s
2026/Jun/24 06:42:24.421556 PORTEVENT GSM_Component_Definitions.ttcn3:462 Receive operation on port VTY succeeded, message from system(): charstring : "sms 1 12345 Hello Part1b Retx\r\nOsmocomBB(mobile)# \r\nOsmocomBB(mobile)# " id 9
2026/Jun/24 06:42:24.421571 PORTEVENT GSM_Component_Definitions.ttcn3:462 Message with id 9 was extracted from the queue of VTY.
2026/Jun/24 06:42:24.421583 TIMEROP GSM_Component_Definitions.ttcn3:463 Stop timer T_vty: 5 s
2026/Jun/24 06:42:24.421594 USER GSM_Component_Definitions.ttcn3:464 VTY: Received response: "sms 1 12345 Hello Part1b Retx\r\nOsmocomBB(mobile)# \r\nOsmocomBB(mobile)# "
2026/Jun/24 06:42:24.421621 USER TC_34_2_2.ttcn3:402 VTY sms response: "sms 1 12345 Hello Part1b Retx\r\nOsmocomBB(mobile)# \r\nOsmocomBB(mobile)# "
2026/Jun/24 06:42:24.421647 TIMEROP TC_34_2_2.ttcn3:94 Start timer T_wait: 60 s
2026/Jun/24 06:42:24.708920 USER TC_34_2_2.ttcn3:95 MSC_Port: RX: {"type": "EVENT_CM_SERVICE_REQUEST", "bsc_slr": 4, "cm_service_type": 4, "cm_service_type_name": "Short message service"}
2026/Jun/24 06:42:24.709006 PORTEVENT TC_34_2_2.ttcn3:95 Message enqueued on MSC from system charstring : "{\"type\": \"EVENT_CM_SERVICE_REQUEST\", \"bsc_slr\": 4, \"cm_service_type\": 4, \"cm_service_type_name\": \"Short message service\"}" id 38
2026/Jun/24 06:42:24.709050 PORTEVENT TC_34_2_2.ttcn3:96 Receive operation on port MSC succeeded, message from system(): charstring : "{\"type\": \"EVENT_CM_SERVICE_REQUEST\", \"bsc_slr\": 4, \"cm_service_type\": 4, \"cm_service_type_name\": \"Short message service\"}" id 38
2026/Jun/24 06:42:24.709069 PORTEVENT TC_34_2_2.ttcn3:96 Message with id 38 was extracted from the queue of MSC.
2026/Jun/24 06:42:24.709300 USER GSM_Functions.ttcn3:365 f_extractJsonInt: Searching for key '"bsc_slr"' in JSON: "{\"type\": \"EVENT_CM_SERVICE_REQUEST\", \"bsc_slr\": 4, \"cm_service_type\": 4, \"cm_service_type_name\": \"Short message service\"}"
2026/Jun/24 06:42:24.709362 USER GSM_Functions.ttcn3:372 f_extractJsonInt: Found key at position 37 (pattern: "\"bsc_slr\":")
2026/Jun/24 06:42:24.709397 USER GSM_Functions.ttcn3:422 f_extractJsonInt: Extracted number string '"4"' => integer 4
2026/Jun/24 06:42:24.709419 USER GSM_Functions.ttcn3:365 f_extractJsonInt: Searching for key '"service_type"' in JSON: "{\"type\": \"EVENT_CM_SERVICE_REQUEST\", \"bsc_slr\": 4, \"cm_service_type\": 4, \"cm_service_type_name\": \"Short message service\"}"
2026/Jun/24 06:42:24.709508 USER GSM_Functions.ttcn3:391 f_extractJsonInt: Key '"service_type"' NOT found, returning 0
2026/Jun/24 06:42:24.709527 USER TC_34_2_2.ttcn3:100 CM SERVICE REQUEST received: bsc_slr=4 service_type=0
2026/Jun/24 06:42:24.709551 TIMEROP TC_34_2_2.ttcn3:101 Stop timer T_wait: 60 s
2026/Jun/24 06:42:24.709581 PORTEVENT TC_34_2_2.ttcn3:104 Sent on MSC to system charstring : "{\"command\": \"CMD_SEND_CM_SERVICE_ACCEPT\", \"params\": {\"bsc_slr\": 4}}"
2026/Jun/24 06:42:24.709654 USER TC_34_2_2.ttcn3:104 MSC_Port: TX: {"command": "CMD_SEND_CM_SERVICE_ACCEPT", "params": {"bsc_slr": 4}}
2026/Jun/24 06:42:24.709674 TIMEROP TC_34_2_2.ttcn3:107 Start timer T_ack: 2 s
2026/Jun/24 06:42:24.710242 USER TC_34_2_2.ttcn3:108 MSC_Port: RX: {"status": "ok", "sent": true}
2026/Jun/24 06:42:24.710272 PORTEVENT TC_34_2_2.ttcn3:108 Message enqueued on MSC from system charstring : "{\"status\": \"ok\", \"sent\": true}" id 39
2026/Jun/24 06:42:24.710294 PORTEVENT TC_34_2_2.ttcn3:109 Receive operation on port MSC succeeded, message from system(): charstring : "{\"status\": \"ok\", \"sent\": true}" id 39
2026/Jun/24 06:42:24.710307 PORTEVENT TC_34_2_2.ttcn3:109 Message with id 39 was extracted from the queue of MSC.
2026/Jun/24 06:42:24.710327 TIMEROP TC_34_2_2.ttcn3:110 Stop timer T_ack: 2 s
2026/Jun/24 06:42:24.710342 TIMEROP TC_34_2_2.ttcn3:162 Start timer T_wait: 60 s
2026/Jun/24 06:42:25.650780 USER TC_34_2_2.ttcn3:163 MSC_Port: RX: {"type": "EVENT_DTAP", "bsc_slr": 4, "pd": 9, "msg_type": 1}
2026/Jun/24 06:42:25.650907 PORTEVENT TC_34_2_2.ttcn3:163 Message enqueued on MSC from system charstring : "{\"type\": \"EVENT_DTAP\", \"bsc_slr\": 4, \"pd\": 9, \"msg_type\": 1}" id 40
2026/Jun/24 06:42:25.650955 PORTEVENT TC_34_2_2.ttcn3:164 Receive operation on port MSC succeeded, message from system(): charstring : "{\"type\": \"EVENT_DTAP\", \"bsc_slr\": 4, \"pd\": 9, \"msg_type\": 1}" id 40
2026/Jun/24 06:42:25.650976 PORTEVENT TC_34_2_2.ttcn3:164 Message with id 40 was extracted from the queue of MSC.
2026/Jun/24 06:42:25.651182 USER TC_34_2_2.ttcn3:178 Event while waiting for CP-DATA: "{\"type\": \"EVENT_DTAP\", \"bsc_slr\": 4, \"pd\": 9, \"msg_type\": 1}"
2026/Jun/24 06:42:25.651233 USER TC_34_2_2.ttcn3:163 MSC_Port: RX: {"type": "EVENT_SMS_CP_DATA", "bsc_slr": 4, "ti_value": 0, "ti_flag": 0, "rp_mr": 42, "rp_msg_type": 0, "rp_error_cause": 0, "rp_hex": "002a000691214365870919012a05812143f5000011c8329bfd0641c3727a4c0c9296e978"}
2026/Jun/24 06:42:25.651272 PORTEVENT TC_34_2_2.ttcn3:163 Message enqueued on MSC from system charstring : "{\"type\": \"EVENT_SMS_CP_DATA\", \"bsc_slr\": 4, \"ti_value\": 0, \"ti_flag\": 0, \"rp_mr\": 42, \"rp_msg_type\": 0, \"rp_error_cause\": 0, \"rp_hex\": \"002a000691214365870919012a05812143f5000011c8329bfd0641c3727a4c0c9296e978\"}" id 41
2026/Jun/24 06:42:25.651310 PORTEVENT TC_34_2_2.ttcn3:164 Receive operation on port MSC succeeded, message from system(): charstring : "{\"type\": \"EVENT_SMS_CP_DATA\", \"bsc_slr\": 4, \"ti_value\": 0, \"ti_flag\": 0, \"rp_mr\": 42, \"rp_msg_type\": 0, \"rp_error_cause\": 0, \"rp_hex\": \"002a000691214365870919012a05812143f5000011c8329bfd0641c3727a4c0c9296e978\"}" id 41
2026/Jun/24 06:42:25.651327 PORTEVENT TC_34_2_2.ttcn3:164 Message with id 41 was extracted from the queue of MSC.
2026/Jun/24 06:42:25.651472 USER GSM_Functions.ttcn3:365 f_extractJsonInt: Searching for key '"bsc_slr"' in JSON: "{\"type\": \"EVENT_SMS_CP_DATA\", \"bsc_slr\": 4, \"ti_value\": 0, \"ti_flag\": 0, \"rp_mr\": 42, \"rp_msg_type\": 0, \"rp_error_cause\": 0, \"rp_hex\": \"002a000691214365870919012a05812143f5000011c8329bfd0641c3727a4c0c9296e978\"}"
2026/Jun/24 06:42:25.651534 USER GSM_Functions.ttcn3:372 f_extractJsonInt: Found key at position 30 (pattern: "\"bsc_slr\":")
2026/Jun/24 06:42:25.651579 USER GSM_Functions.ttcn3:422 f_extractJsonInt: Extracted number string '"4"' => integer 4
2026/Jun/24 06:42:25.651606 USER GSM_Functions.ttcn3:365 f_extractJsonInt: Searching for key '"ti_value"' in JSON: "{\"type\": \"EVENT_SMS_CP_DATA\", \"bsc_slr\": 4, \"ti_value\": 0, \"ti_flag\": 0, \"rp_mr\": 42, \"rp_msg_type\": 0, \"rp_error_cause\": 0, \"rp_hex\": \"002a000691214365870919012a05812143f5000011c8329bfd0641c3727a4c0c9296e978\"}"
2026/Jun/24 06:42:25.651659 USER GSM_Functions.ttcn3:372 f_extractJsonInt: Found key at position 44 (pattern: "\"ti_value\":")
2026/Jun/24 06:42:25.651685 USER GSM_Functions.ttcn3:422 f_extractJsonInt: Extracted number string '"0"' => integer 0
2026/Jun/24 06:42:25.651707 USER GSM_Functions.ttcn3:365 f_extractJsonInt: Searching for key '"ti_flag"' in JSON: "{\"type\": \"EVENT_SMS_CP_DATA\", \"bsc_slr\": 4, \"ti_value\": 0, \"ti_flag\": 0, \"rp_mr\": 42, \"rp_msg_type\": 0, \"rp_error_cause\": 0, \"rp_hex\": \"002a000691214365870919012a05812143f5000011c8329bfd0641c3727a4c0c9296e978\"}"
2026/Jun/24 06:42:25.651762 USER GSM_Functions.ttcn3:372 f_extractJsonInt: Found key at position 59 (pattern: "\"ti_flag\":")
2026/Jun/24 06:42:25.651787 USER GSM_Functions.ttcn3:422 f_extractJsonInt: Extracted number string '"0"' => integer 0
2026/Jun/24 06:42:25.651809 USER GSM_Functions.ttcn3:365 f_extractJsonInt: Searching for key '"rp_mr"' in JSON: "{\"type\": \"EVENT_SMS_CP_DATA\", \"bsc_slr\": 4, \"ti_value\": 0, \"ti_flag\": 0, \"rp_mr\": 42, \"rp_msg_type\": 0, \"rp_error_cause\": 0, \"rp_hex\": \"002a000691214365870919012a05812143f5000011c8329bfd0641c3727a4c0c9296e978\"}"
2026/Jun/24 06:42:25.651900 USER GSM_Functions.ttcn3:372 f_extractJsonInt: Found key at position 73 (pattern: "\"rp_mr\":")
2026/Jun/24 06:42:25.651925 USER GSM_Functions.ttcn3:422 f_extractJsonInt: Extracted number string '"42"' => integer 42
2026/Jun/24 06:42:25.651944 USER TC_34_2_2.ttcn3:170 CP-DATA received: TI=0 TI_flag=0 RP-MR=42
2026/Jun/24 06:42:25.651964 TIMEROP TC_34_2_2.ttcn3:172 Stop timer T_wait: 60 s
2026/Jun/24 06:42:25.651988 USER TC_34_2_2.ttcn3:584 *** Initial CP-DATA received, NOT sending CP-ACK ***
2026/Jun/24 06:42:25.652001 USER TC_34_2_2.ttcn3:585 *** Waiting for retransmissions (expect max 3) ***
2026/Jun/24 06:42:25.652017 TIMEROP TC_34_2_2.ttcn3:590 Start timer T_retx: 90 s
2026/Jun/24 06:42:25.711073 USER TC_34_2_2.ttcn3:591 MSC_Port: RX: {"type": "HEARTBEAT"}
2026/Jun/24 06:42:25.711159 PORTEVENT TC_34_2_2.ttcn3:591 Message enqueued on MSC from system charstring : "{\"type\": \"HEARTBEAT\"}" id 42
2026/Jun/24 06:42:25.711194 PORTEVENT TC_34_2_2.ttcn3:592 Receive operation on port MSC succeeded, message from system(): charstring : "{\"type\": \"HEARTBEAT\"}" id 42
2026/Jun/24 06:42:25.711211 PORTEVENT TC_34_2_2.ttcn3:592 Message with id 42 was extracted from the queue of MSC.
2026/Jun/24 06:42:30.715811 USER TC_34_2_2.ttcn3:591 MSC_Port: RX: {"type": "HEARTBEAT"}
2026/Jun/24 06:42:30.715919 PORTEVENT TC_34_2_2.ttcn3:591 Message enqueued on MSC from system charstring : "{\"type\": \"HEARTBEAT\"}" id 43
2026/Jun/24 06:42:30.715955 PORTEVENT TC_34_2_2.ttcn3:592 Receive operation on port MSC succeeded, message from system(): charstring : "{\"type\": \"HEARTBEAT\"}" id 43
2026/Jun/24 06:42:30.715971 PORTEVENT TC_34_2_2.ttcn3:592 Message with id 43 was extracted from the queue of MSC.
2026/Jun/24 06:42:35.535876 USER TC_34_2_2.ttcn3:591 MSC_Port: RX: {"type": "EVENT_DTAP", "bsc_slr": 4, "pd": 9, "msg_type": 1}
2026/Jun/24 06:42:35.535974 PORTEVENT TC_34_2_2.ttcn3:591 Message enqueued on MSC from system charstring : "{\"type\": \"EVENT_DTAP\", \"bsc_slr\": 4, \"pd\": 9, \"msg_type\": 1}" id 44
2026/Jun/24 06:42:35.536025 PORTEVENT TC_34_2_2.ttcn3:592 Receive operation on port MSC succeeded, message from system(): charstring : "{\"type\": \"EVENT_DTAP\", \"bsc_slr\": 4, \"pd\": 9, \"msg_type\": 1}" id 44
2026/Jun/24 06:42:35.536046 PORTEVENT TC_34_2_2.ttcn3:592 Message with id 44 was extracted from the queue of MSC.
2026/Jun/24 06:42:35.536213 USER TC_34_2_2.ttcn3:605 Event during retx wait: "{\"type\": \"EVENT_DTAP\", \"bsc_slr\": 4, \"pd\": 9, \"msg_type\": 1}"
2026/Jun/24 06:42:35.536264 USER TC_34_2_2.ttcn3:591 MSC_Port: RX: {"type": "EVENT_SMS_CP_DATA", "bsc_slr": 4, "ti_value": 0, "ti_flag": 0, "rp_mr": 42, "rp_msg_type": 0, "rp_error_cause": 0, "rp_hex": "002a000691214365870919012a05812143f5000011c8329bfd0641c3727a4c0c9296e978"}
2026/Jun/24 06:42:35.536306 PORTEVENT TC_34_2_2.ttcn3:591 Message enqueued on MSC from system charstring : "{\"type\": \"EVENT_SMS_CP_DATA\", \"bsc_slr\": 4, \"ti_value\": 0, \"ti_flag\": 0, \"rp_mr\": 42, \"rp_msg_type\": 0, \"rp_error_cause\": 0, \"rp_hex\": \"002a000691214365870919012a05812143f5000011c8329bfd0641c3727a4c0c9296e978\"}" id 45
2026/Jun/24 06:42:35.536344 PORTEVENT TC_34_2_2.ttcn3:592 Receive operation on port MSC succeeded, message from system(): charstring : "{\"type\": \"EVENT_SMS_CP_DATA\", \"bsc_slr\": 4, \"ti_value\": 0, \"ti_flag\": 0, \"rp_mr\": 42, \"rp_msg_type\": 0, \"rp_error_cause\": 0, \"rp_hex\": \"002a000691214365870919012a05812143f5000011c8329bfd0641c3727a4c0c9296e978\"}" id 45
2026/Jun/24 06:42:35.536361 PORTEVENT TC_34_2_2.ttcn3:592 Message with id 45 was extracted from the queue of MSC.
2026/Jun/24 06:42:35.536501 USER TC_34_2_2.ttcn3:595 CP-DATA retransmission #1
2026/Jun/24 06:42:35.721119 USER TC_34_2_2.ttcn3:591 MSC_Port: RX: {"type": "HEARTBEAT"}
2026/Jun/24 06:42:35.721206 PORTEVENT TC_34_2_2.ttcn3:591 Message enqueued on MSC from system charstring : "{\"type\": \"HEARTBEAT\"}" id 46
2026/Jun/24 06:42:35.721244 PORTEVENT TC_34_2_2.ttcn3:592 Receive operation on port MSC succeeded, message from system(): charstring : "{\"type\": \"HEARTBEAT\"}" id 46
2026/Jun/24 06:42:35.721277 PORTEVENT TC_34_2_2.ttcn3:592 Message with id 46 was extracted from the queue of MSC.
2026/Jun/24 06:42:40.726090 USER TC_34_2_2.ttcn3:591 MSC_Port: RX: {"type": "HEARTBEAT"}
2026/Jun/24 06:42:40.726174 PORTEVENT TC_34_2_2.ttcn3:591 Message enqueued on MSC from system charstring : "{\"type\": \"HEARTBEAT\"}" id 47
2026/Jun/24 06:42:40.726210 PORTEVENT TC_34_2_2.ttcn3:592 Receive operation on port MSC succeeded, message from system(): charstring : "{\"type\": \"HEARTBEAT\"}" id 47
2026/Jun/24 06:42:40.726227 PORTEVENT TC_34_2_2.ttcn3:592 Message with id 47 was extracted from the queue of MSC.
2026/Jun/24 06:42:45.707294 USER TC_34_2_2.ttcn3:591 MSC_Port: RX: {"type": "EVENT_DTAP", "bsc_slr": 4, "pd": 9, "msg_type": 1}
2026/Jun/24 06:42:45.707404 PORTEVENT TC_34_2_2.ttcn3:591 Message enqueued on MSC from system charstring : "{\"type\": \"EVENT_DTAP\", \"bsc_slr\": 4, \"pd\": 9, \"msg_type\": 1}" id 48
2026/Jun/24 06:42:45.707452 PORTEVENT TC_34_2_2.ttcn3:592 Receive operation on port MSC succeeded, message from system(): charstring : "{\"type\": \"EVENT_DTAP\", \"bsc_slr\": 4, \"pd\": 9, \"msg_type\": 1}" id 48
2026/Jun/24 06:42:45.707473 PORTEVENT TC_34_2_2.ttcn3:592 Message with id 48 was extracted from the queue of MSC.
2026/Jun/24 06:42:45.707648 USER TC_34_2_2.ttcn3:605 Event during retx wait: "{\"type\": \"EVENT_DTAP\", \"bsc_slr\": 4, \"pd\": 9, \"msg_type\": 1}"
2026/Jun/24 06:42:45.707698 USER TC_34_2_2.ttcn3:591 MSC_Port: RX: {"type": "EVENT_SMS_CP_DATA", "bsc_slr": 4, "ti_value": 0, "ti_flag": 0, "rp_mr": 42, "rp_msg_type": 0, "rp_error_cause": 0, "rp_hex": "002a000691214365870919012a05812143f5000011c8329bfd0641c3727a4c0c9296e978"}
2026/Jun/24 06:42:45.707737 PORTEVENT TC_34_2_2.ttcn3:591 Message enqueued on MSC from system charstring : "{\"type\": \"EVENT_SMS_CP_DATA\", \"bsc_slr\": 4, \"ti_value\": 0, \"ti_flag\": 0, \"rp_mr\": 42, \"rp_msg_type\": 0, \"rp_error_cause\": 0, \"rp_hex\": \"002a000691214365870919012a05812143f5000011c8329bfd0641c3727a4c0c9296e978\"}" id 49
2026/Jun/24 06:42:45.707775 PORTEVENT TC_34_2_2.ttcn3:592 Receive operation on port MSC succeeded, message from system(): charstring : "{\"type\": \"EVENT_SMS_CP_DATA\", \"bsc_slr\": 4, \"ti_value\": 0, \"ti_flag\": 0, \"rp_mr\": 42, \"rp_msg_type\": 0, \"rp_error_cause\": 0, \"rp_hex\": \"002a000691214365870919012a05812143f5000011c8329bfd0641c3727a4c0c9296e978\"}" id 49
2026/Jun/24 06:42:45.707793 PORTEVENT TC_34_2_2.ttcn3:592 Message with id 49 was extracted from the queue of MSC.
2026/Jun/24 06:42:45.707952 USER TC_34_2_2.ttcn3:595 CP-DATA retransmission #2
2026/Jun/24 06:42:45.731070 USER TC_34_2_2.ttcn3:591 MSC_Port: RX: {"type": "HEARTBEAT"}
2026/Jun/24 06:42:45.731164 PORTEVENT TC_34_2_2.ttcn3:591 Message enqueued on MSC from system charstring : "{\"type\": \"HEARTBEAT\"}" id 50
2026/Jun/24 06:42:45.731202 PORTEVENT TC_34_2_2.ttcn3:592 Receive operation on port MSC succeeded, message from system(): charstring : "{\"type\": \"HEARTBEAT\"}" id 50
2026/Jun/24 06:42:45.731221 PORTEVENT TC_34_2_2.ttcn3:592 Message with id 50 was extracted from the queue of MSC.
2026/Jun/24 06:42:50.736169 USER TC_34_2_2.ttcn3:591 MSC_Port: RX: {"type": "HEARTBEAT"}
2026/Jun/24 06:42:50.736226 PORTEVENT TC_34_2_2.ttcn3:591 Message enqueued on MSC from system charstring : "{\"type\": \"HEARTBEAT\"}" id 51
2026/Jun/24 06:42:50.736245 PORTEVENT TC_34_2_2.ttcn3:592 Receive operation on port MSC succeeded, message from system(): charstring : "{\"type\": \"HEARTBEAT\"}" id 51
2026/Jun/24 06:42:50.736254 PORTEVENT TC_34_2_2.ttcn3:592 Message with id 51 was extracted from the queue of MSC.
2026/Jun/24 06:42:55.323380 USER TC_34_2_2.ttcn3:591 VTY_PT: Received data (buffered): 54 bytes
2026/Jun/24 06:42:55.741180 USER TC_34_2_2.ttcn3:591 MSC_Port: RX: {"type": "HEARTBEAT"}
2026/Jun/24 06:42:55.741263 PORTEVENT TC_34_2_2.ttcn3:591 Message enqueued on MSC from system charstring : "{\"type\": \"HEARTBEAT\"}" id 52
2026/Jun/24 06:42:55.741300 PORTEVENT TC_34_2_2.ttcn3:592 Receive operation on port MSC succeeded, message from system(): charstring : "{\"type\": \"HEARTBEAT\"}" id 52
2026/Jun/24 06:42:55.741332 PORTEVENT TC_34_2_2.ttcn3:592 Message with id 52 was extracted from the queue of MSC.
2026/Jun/24 06:43:00.746185 USER TC_34_2_2.ttcn3:591 MSC_Port: RX: {"type": "HEARTBEAT"}
2026/Jun/24 06:43:00.746271 PORTEVENT TC_34_2_2.ttcn3:591 Message enqueued on MSC from system charstring : "{\"type\": \"HEARTBEAT\"}" id 53
2026/Jun/24 06:43:00.746307 PORTEVENT TC_34_2_2.ttcn3:592 Receive operation on port MSC succeeded, message from system(): charstring : "{\"type\": \"HEARTBEAT\"}" id 53
2026/Jun/24 06:43:00.746323 PORTEVENT TC_34_2_2.ttcn3:592 Message with id 53 was extracted from the queue of MSC.
2026/Jun/24 06:43:05.476950 USER TC_34_2_2.ttcn3:591 MSC_Port: RX: {"type": "EVENT_CLEAR_REQUEST", "bsc_slr": 4}
2026/Jun/24 06:43:05.477009 PORTEVENT TC_34_2_2.ttcn3:591 Message enqueued on MSC from system charstring : "{\"type\": \"EVENT_CLEAR_REQUEST\", \"bsc_slr\": 4}" id 54
2026/Jun/24 06:43:05.477030 PORTEVENT TC_34_2_2.ttcn3:592 Receive operation on port MSC succeeded, message from system(): charstring : "{\"type\": \"EVENT_CLEAR_REQUEST\", \"bsc_slr\": 4}" id 54
2026/Jun/24 06:43:05.477039 PORTEVENT TC_34_2_2.ttcn3:592 Message with id 54 was extracted from the queue of MSC.
2026/Jun/24 06:43:05.477115 USER TC_34_2_2.ttcn3:605 Event during retx wait: "{\"type\": \"EVENT_CLEAR_REQUEST\", \"bsc_slr\": 4}"
2026/Jun/24 06:43:05.751179 USER TC_34_2_2.ttcn3:591 MSC_Port: RX: {"type": "HEARTBEAT"}
2026/Jun/24 06:43:05.751233 PORTEVENT TC_34_2_2.ttcn3:591 Message enqueued on MSC from system charstring : "{\"type\": \"HEARTBEAT\"}" id 55
2026/Jun/24 06:43:05.751255 PORTEVENT TC_34_2_2.ttcn3:592 Receive operation on port MSC succeeded, message from system(): charstring : "{\"type\": \"HEARTBEAT\"}" id 55
2026/Jun/24 06:43:05.751264 PORTEVENT TC_34_2_2.ttcn3:592 Message with id 55 was extracted from the queue of MSC.
2026/Jun/24 06:43:06.888132 USER TC_34_2_2.ttcn3:591 VTY_PT: Received data (buffered): 61 bytes
2026/Jun/24 06:43:10.756426 USER TC_34_2_2.ttcn3:591 MSC_Port: RX: {"type": "HEARTBEAT"}
2026/Jun/24 06:43:10.756531 PORTEVENT TC_34_2_2.ttcn3:591 Message enqueued on MSC from system charstring : "{\"type\": \"HEARTBEAT\"}" id 56
2026/Jun/24 06:43:10.756572 PORTEVENT TC_34_2_2.ttcn3:592 Receive operation on port MSC succeeded, message from system(): charstring : "{\"type\": \"HEARTBEAT\"}" id 56
2026/Jun/24 06:43:10.756591 PORTEVENT TC_34_2_2.ttcn3:592 Message with id 56 was extracted from the queue of MSC.
2026/Jun/24 06:43:15.761116 USER TC_34_2_2.ttcn3:591 MSC_Port: RX: {"type": "HEARTBEAT"}
2026/Jun/24 06:43:15.761206 PORTEVENT TC_34_2_2.ttcn3:591 Message enqueued on MSC from system charstring : "{\"type\": \"HEARTBEAT\"}" id 57
2026/Jun/24 06:43:15.761243 PORTEVENT TC_34_2_2.ttcn3:592 Receive operation on port MSC succeeded, message from system(): charstring : "{\"type\": \"HEARTBEAT\"}" id 57
2026/Jun/24 06:43:15.761262 PORTEVENT TC_34_2_2.ttcn3:592 Message with id 57 was extracted from the queue of MSC.
2026/Jun/24 06:43:20.766096 USER TC_34_2_2.ttcn3:591 MSC_Port: RX: {"type": "HEARTBEAT"}
2026/Jun/24 06:43:20.766201 PORTEVENT TC_34_2_2.ttcn3:591 Message enqueued on MSC from system charstring : "{\"type\": \"HEARTBEAT\"}" id 58
2026/Jun/24 06:43:20.766241 PORTEVENT TC_34_2_2.ttcn3:592 Receive operation on port MSC succeeded, message from system(): charstring : "{\"type\": \"HEARTBEAT\"}" id 58
2026/Jun/24 06:43:20.766259 PORTEVENT TC_34_2_2.ttcn3:592 Message with id 58 was extracted from the queue of MSC.
2026/Jun/24 06:43:25.771075 USER TC_34_2_2.ttcn3:591 MSC_Port: RX: {"type": "HEARTBEAT"}
2026/Jun/24 06:43:25.771173 PORTEVENT TC_34_2_2.ttcn3:591 Message enqueued on MSC from system charstring : "{\"type\": \"HEARTBEAT\"}" id 59
2026/Jun/24 06:43:25.771211 PORTEVENT TC_34_2_2.ttcn3:592 Receive operation on port MSC succeeded, message from system(): charstring : "{\"type\": \"HEARTBEAT\"}" id 59
2026/Jun/24 06:43:25.771230 PORTEVENT TC_34_2_2.ttcn3:592 Message with id 59 was extracted from the queue of MSC.
2026/Jun/24 06:43:30.776071 USER TC_34_2_2.ttcn3:591 MSC_Port: RX: {"type": "HEARTBEAT"}
2026/Jun/24 06:43:30.776165 PORTEVENT TC_34_2_2.ttcn3:591 Message enqueued on MSC from system charstring : "{\"type\": \"HEARTBEAT\"}" id 60
2026/Jun/24 06:43:30.776204 PORTEVENT TC_34_2_2.ttcn3:592 Receive operation on port MSC succeeded, message from system(): charstring : "{\"type\": \"HEARTBEAT\"}" id 60
2026/Jun/24 06:43:30.776224 PORTEVENT TC_34_2_2.ttcn3:592 Message with id 60 was extracted from the queue of MSC.
2026/Jun/24 06:43:35.781083 USER TC_34_2_2.ttcn3:591 MSC_Port: RX: {"type": "HEARTBEAT"}
2026/Jun/24 06:43:35.781176 PORTEVENT TC_34_2_2.ttcn3:591 Message enqueued on MSC from system charstring : "{\"type\": \"HEARTBEAT\"}" id 61
2026/Jun/24 06:43:35.781217 PORTEVENT TC_34_2_2.ttcn3:592 Receive operation on port MSC succeeded, message from system(): charstring : "{\"type\": \"HEARTBEAT\"}" id 61
2026/Jun/24 06:43:35.781236 PORTEVENT TC_34_2_2.ttcn3:592 Message with id 61 was extracted from the queue of MSC.
2026/Jun/24 06:43:40.786079 USER TC_34_2_2.ttcn3:591 MSC_Port: RX: {"type": "HEARTBEAT"}
2026/Jun/24 06:43:40.786177 PORTEVENT TC_34_2_2.ttcn3:591 Message enqueued on MSC from system charstring : "{\"type\": \"HEARTBEAT\"}" id 62
2026/Jun/24 06:43:40.786214 PORTEVENT TC_34_2_2.ttcn3:592 Receive operation on port MSC succeeded, message from system(): charstring : "{\"type\": \"HEARTBEAT\"}" id 62
2026/Jun/24 06:43:40.786232 PORTEVENT TC_34_2_2.ttcn3:592 Message with id 62 was extracted from the queue of MSC.
2026/Jun/24 06:43:45.791034 USER TC_34_2_2.ttcn3:591 MSC_Port: RX: {"type": "HEARTBEAT"}
2026/Jun/24 06:43:45.791095 PORTEVENT TC_34_2_2.ttcn3:591 Message enqueued on MSC from system charstring : "{\"type\": \"HEARTBEAT\"}" id 63
2026/Jun/24 06:43:45.791114 PORTEVENT TC_34_2_2.ttcn3:592 Receive operation on port MSC succeeded, message from system(): charstring : "{\"type\": \"HEARTBEAT\"}" id 63
2026/Jun/24 06:43:45.791121 PORTEVENT TC_34_2_2.ttcn3:592 Message with id 63 was extracted from the queue of MSC.
2026/Jun/24 06:43:50.796014 USER TC_34_2_2.ttcn3:591 MSC_Port: RX: {"type": "HEARTBEAT"}
2026/Jun/24 06:43:50.796093 PORTEVENT TC_34_2_2.ttcn3:591 Message enqueued on MSC from system charstring : "{\"type\": \"HEARTBEAT\"}" id 64
2026/Jun/24 06:43:50.796118 PORTEVENT TC_34_2_2.ttcn3:592 Receive operation on port MSC succeeded, message from system(): charstring : "{\"type\": \"HEARTBEAT\"}" id 64
2026/Jun/24 06:43:50.796130 PORTEVENT TC_34_2_2.ttcn3:592 Message with id 64 was extracted from the queue of MSC.
2026/Jun/24 06:43:55.655848 TIMEROP TC_34_2_2.ttcn3:609 Timeout T_retx: 90 s
2026/Jun/24 06:43:55.655916 USER TC_34_2_2.ttcn3:610 Retransmission wait timeout
2026/Jun/24 06:43:55.655945 USER TC_34_2_2.ttcn3:615 *** Waiting 30s to verify no more retransmissions ***
2026/Jun/24 06:43:55.655955 TIMEROP TC_34_2_2.ttcn3:618 Start timer T_verify: 30 s
2026/Jun/24 06:43:55.803021 USER TC_34_2_2.ttcn3:619 MSC_Port: RX: {"type": "HEARTBEAT"}
2026/Jun/24 06:43:55.803085 PORTEVENT TC_34_2_2.ttcn3:619 Message enqueued on MSC from system charstring : "{\"type\": \"HEARTBEAT\"}" id 65
2026/Jun/24 06:43:55.803106 PORTEVENT TC_34_2_2.ttcn3:620 Receive operation on port MSC succeeded, message from system(): charstring : "{\"type\": \"HEARTBEAT\"}" id 65
2026/Jun/24 06:43:55.803114 PORTEVENT TC_34_2_2.ttcn3:620 Message with id 65 was extracted from the queue of MSC.
2026/Jun/24 06:44:00.808053 USER TC_34_2_2.ttcn3:619 MSC_Port: RX: {"type": "HEARTBEAT"}
2026/Jun/24 06:44:00.808119 PORTEVENT TC_34_2_2.ttcn3:619 Message enqueued on MSC from system charstring : "{\"type\": \"HEARTBEAT\"}" id 66
2026/Jun/24 06:44:00.808143 PORTEVENT TC_34_2_2.ttcn3:620 Receive operation on port MSC succeeded, message from system(): charstring : "{\"type\": \"HEARTBEAT\"}" id 66
2026/Jun/24 06:44:00.808153 PORTEVENT TC_34_2_2.ttcn3:620 Message with id 66 was extracted from the queue of MSC.
2026/Jun/24 06:44:05.813029 USER TC_34_2_2.ttcn3:619 MSC_Port: RX: {"type": "HEARTBEAT"}
2026/Jun/24 06:44:05.813111 PORTEVENT TC_34_2_2.ttcn3:619 Message enqueued on MSC from system charstring : "{\"type\": \"HEARTBEAT\"}" id 67
2026/Jun/24 06:44:05.813132 PORTEVENT TC_34_2_2.ttcn3:620 Receive operation on port MSC succeeded, message from system(): charstring : "{\"type\": \"HEARTBEAT\"}" id 67
2026/Jun/24 06:44:05.813140 PORTEVENT TC_34_2_2.ttcn3:620 Message with id 67 was extracted from the queue of MSC.
2026/Jun/24 06:44:10.818041 USER TC_34_2_2.ttcn3:619 MSC_Port: RX: {"type": "HEARTBEAT"}
2026/Jun/24 06:44:10.818104 PORTEVENT TC_34_2_2.ttcn3:619 Message enqueued on MSC from system charstring : "{\"type\": \"HEARTBEAT\"}" id 68
2026/Jun/24 06:44:10.818125 PORTEVENT TC_34_2_2.ttcn3:620 Receive operation on port MSC succeeded, message from system(): charstring : "{\"type\": \"HEARTBEAT\"}" id 68
2026/Jun/24 06:44:10.818134 PORTEVENT TC_34_2_2.ttcn3:620 Message with id 68 was extracted from the queue of MSC.
2026/Jun/24 06:44:15.823069 USER TC_34_2_2.ttcn3:619 MSC_Port: RX: {"type": "HEARTBEAT"}
2026/Jun/24 06:44:15.823164 PORTEVENT TC_34_2_2.ttcn3:619 Message enqueued on MSC from system charstring : "{\"type\": \"HEARTBEAT\"}" id 69
2026/Jun/24 06:44:15.823203 PORTEVENT TC_34_2_2.ttcn3:620 Receive operation on port MSC succeeded, message from system(): charstring : "{\"type\": \"HEARTBEAT\"}" id 69
2026/Jun/24 06:44:15.823222 PORTEVENT TC_34_2_2.ttcn3:620 Message with id 69 was extracted from the queue of MSC.
2026/Jun/24 06:44:20.828009 USER TC_34_2_2.ttcn3:619 MSC_Port: RX: {"type": "HEARTBEAT"}
2026/Jun/24 06:44:20.828076 PORTEVENT TC_34_2_2.ttcn3:619 Message enqueued on MSC from system charstring : "{\"type\": \"HEARTBEAT\"}" id 70
2026/Jun/24 06:44:20.828097 PORTEVENT TC_34_2_2.ttcn3:620 Receive operation on port MSC succeeded, message from system(): charstring : "{\"type\": \"HEARTBEAT\"}" id 70
2026/Jun/24 06:44:20.828105 PORTEVENT TC_34_2_2.ttcn3:620 Message with id 70 was extracted from the queue of MSC.
2026/Jun/24 06:44:25.659859 TIMEROP TC_34_2_2.ttcn3:631 Timeout T_verify: 30 s
2026/Jun/24 06:44:25.659942 USER TC_34_2_2.ttcn3:632 Good: No extra retransmissions
2026/Jun/24 06:44:25.660013 USER TC_34_2_2.ttcn3:637 *** Part 1b PASS: MS retransmitted 2 time(s) then stopped ***
2026/Jun/24 06:44:25.660059 PORTEVENT TC_34_2_2.ttcn3:308 Sent on MSC to system charstring : "{\"command\": \"CMD_SEND_CLEAR_CMD\", \"params\": {\"bsc_slr\": 4, \"cause\": 0}}"
2026/Jun/24 06:44:25.660150 USER TC_34_2_2.ttcn3:308 MSC_Port: TX: {"command": "CMD_SEND_CLEAR_CMD", "params": {"bsc_slr": 4, "cause": 0}}
2026/Jun/24 06:44:25.660173 USER TC_34_2_2.ttcn3:309 Sent CLEAR COMMAND for bsc_slr=4
2026/Jun/24 06:44:25.660195 TIMEROP TC_34_2_2.ttcn3:74 Start timer T_drain: 5 s
2026/Jun/24 06:44:25.660514 USER TC_34_2_2.ttcn3:75 MSC_Port: RX: {"status": "ok"}
2026/Jun/24 06:44:25.660541 PORTEVENT TC_34_2_2.ttcn3:75 Message enqueued on MSC from system charstring : "{\"status\": \"ok\"}" id 71
2026/Jun/24 06:44:25.660568 PORTEVENT TC_34_2_2.ttcn3:76 Receive operation on port MSC succeeded, message from system(): charstring : "{\"status\": \"ok\"}" id 71
2026/Jun/24 06:44:25.660585 PORTEVENT TC_34_2_2.ttcn3:76 Message with id 71 was extracted from the queue of MSC.
2026/Jun/24 06:44:25.660597 USER TC_34_2_2.ttcn3:77 Draining event: "{\"status\": \"ok\"}"
2026/Jun/24 06:44:26.661047 USER TC_34_2_2.ttcn3:75 MSC_Port: RX: {"type": "HEARTBEAT"}
2026/Jun/24 06:44:26.661143 PORTEVENT TC_34_2_2.ttcn3:75 Message enqueued on MSC from system charstring : "{\"type\": \"HEARTBEAT\"}" id 72
2026/Jun/24 06:44:26.661181 PORTEVENT TC_34_2_2.ttcn3:76 Receive operation on port MSC succeeded, message from system(): charstring : "{\"type\": \"HEARTBEAT\"}" id 72
2026/Jun/24 06:44:26.661201 PORTEVENT TC_34_2_2.ttcn3:76 Message with id 72 was extracted from the queue of MSC.
2026/Jun/24 06:44:26.661214 USER TC_34_2_2.ttcn3:77 Draining event: "{\"type\": \"HEARTBEAT\"}"
2026/Jun/24 06:44:30.662863 TIMEROP TC_34_2_2.ttcn3:80 Timeout T_drain: 5 s
2026/Jun/24 06:44:30.662959 USER TC_34_2_2.ttcn3:81 Drain period complete
2026/Jun/24 06:44:30.663003 TIMEROP TC_34_2_2.ttcn3:74 Start timer T_drain: 10 s
2026/Jun/24 06:44:31.666040 USER TC_34_2_2.ttcn3:75 MSC_Port: RX: {"type": "HEARTBEAT"}
2026/Jun/24 06:44:31.666140 PORTEVENT TC_34_2_2.ttcn3:75 Message enqueued on MSC from system charstring : "{\"type\": \"HEARTBEAT\"}" id 73
2026/Jun/24 06:44:31.666176 PORTEVENT TC_34_2_2.ttcn3:76 Receive operation on port MSC succeeded, message from system(): charstring : "{\"type\": \"HEARTBEAT\"}" id 73
2026/Jun/24 06:44:31.666194 PORTEVENT TC_34_2_2.ttcn3:76 Message with id 73 was extracted from the queue of MSC.
2026/Jun/24 06:44:31.666205 USER TC_34_2_2.ttcn3:77 Draining event: "{\"type\": \"HEARTBEAT\"}"
2026/Jun/24 06:44:36.671078 USER TC_34_2_2.ttcn3:75 MSC_Port: RX: {"type": "HEARTBEAT"}
2026/Jun/24 06:44:36.671182 PORTEVENT TC_34_2_2.ttcn3:75 Message enqueued on MSC from system charstring : "{\"type\": \"HEARTBEAT\"}" id 74
2026/Jun/24 06:44:36.671220 PORTEVENT TC_34_2_2.ttcn3:76 Receive operation on port MSC succeeded, message from system(): charstring : "{\"type\": \"HEARTBEAT\"}" id 74
2026/Jun/24 06:44:36.671239 PORTEVENT TC_34_2_2.ttcn3:76 Message with id 74 was extracted from the queue of MSC.
2026/Jun/24 06:44:36.671252 USER TC_34_2_2.ttcn3:77 Draining event: "{\"type\": \"HEARTBEAT\"}"
2026/Jun/24 06:44:40.666883 TIMEROP TC_34_2_2.ttcn3:80 Timeout T_drain: 10 s
2026/Jun/24 06:44:40.666961 USER TC_34_2_2.ttcn3:81 Drain period complete
2026/Jun/24 06:44:40.667000 USER TC_34_2_2.ttcn3:668 ==========================================================
2026/Jun/24 06:44:40.667017 USER TC_34_2_2.ttcn3:669 *** Part 1c: MO-SMS with CP-ERROR response ***
2026/Jun/24 06:44:40.667030 USER TC_34_2_2.ttcn3:670 ==========================================================
2026/Jun/24 06:44:40.667044 USER TC_34_2_2.ttcn3:675 --- Part 1c MO-SMS attempt #1 of 3 ---
2026/Jun/24 06:44:40.667070 USER TC_34_2_2.ttcn3:398 Triggering MO-SMS via VTY: number="12345" text='"Hello Part1c CpErr"'
2026/Jun/24 06:44:40.667097 USER GSM_Component_Definitions.ttcn3:455 VTY: Sending command: "enable"
2026/Jun/24 06:44:40.667144 PORTEVENT GSM_Component_Definitions.ttcn3:456 Sent on VTY to system charstring : "enable"
2026/Jun/24 06:44:40.667169 USER GSM_Component_Definitions.ttcn3:456 VTY_PT: Sending command: "enable"
2026/Jun/24 06:44:40.867377 USER GSM_Component_Definitions.ttcn3:456 VTY_PT: Received response: 
% (MS 1)
% SMS to 12345 failed: (MO) SMS rejected

% (MS 1)
% On Network, normal service: International, 70
enable
% Unknown command.
OsmocomBB(mobile)# 
OsmocomBB(mobile)# 
2026/Jun/24 06:44:40.867492 PORTEVENT GSM_Component_Definitions.ttcn3:456 Message enqueued on VTY from system charstring : "\r\n% (MS 1)\r\n% SMS to 12345 failed: (MO) SMS rejected\r\n\r\n% (MS 1)\r\n% On Network, normal service: International, 70\r\nenable\r\n% Unknown command.\r\nOsmocomBB(mobile)# \r\nOsmocomBB(mobile)# " id 10
2026/Jun/24 06:44:40.867525 TIMEROP GSM_Component_Definitions.ttcn3:459 Start timer T_vty: 5 s
2026/Jun/24 06:44:40.867572 PORTEVENT GSM_Component_Definitions.ttcn3:462 Receive operation on port VTY succeeded, message from system(): charstring : "\r\n% (MS 1)\r\n% SMS to 12345 failed: (MO) SMS rejected\r\n\r\n% (MS 1)\r\n% On Network, normal service: International, 70\r\nenable\r\n% Unknown command.\r\nOsmocomBB(mobile)# \r\nOsmocomBB(mobile)# " id 10
2026/Jun/24 06:44:40.867592 PORTEVENT GSM_Component_Definitions.ttcn3:462 Message with id 10 was extracted from the queue of VTY.
2026/Jun/24 06:44:40.867606 TIMEROP GSM_Component_Definitions.ttcn3:463 Stop timer T_vty: 5 s
2026/Jun/24 06:44:40.867619 USER GSM_Component_Definitions.ttcn3:464 VTY: Received response: "\r\n% (MS 1)\r\n% SMS to 12345 failed: (MO) SMS rejected\r\n\r\n% (MS 1)\r\n% On Network, normal service: International, 70\r\nenable\r\n% Unknown command.\r\nOsmocomBB(mobile)# \r\nOsmocomBB(mobile)# "
2026/Jun/24 06:44:40.867659 USER GSM_Component_Definitions.ttcn3:455 VTY: Sending command: "sms 1 12345 Hello Part1c CpErr"
2026/Jun/24 06:44:40.867687 PORTEVENT GSM_Component_Definitions.ttcn3:456 Sent on VTY to system charstring : "sms 1 12345 Hello Part1c CpErr"
2026/Jun/24 06:44:40.867723 USER GSM_Component_Definitions.ttcn3:456 VTY_PT: Sending command: "sms 1 12345 Hello Part1c CpErr"
2026/Jun/24 06:44:41.067872 USER GSM_Component_Definitions.ttcn3:456 VTY_PT: Received response: sms 1 12345 Hello Part1c CpErr
OsmocomBB(mobile)# 
OsmocomBB(mobile)# 
2026/Jun/24 06:44:41.067975 PORTEVENT GSM_Component_Definitions.ttcn3:456 Message enqueued on VTY from system charstring : "sms 1 12345 Hello Part1c CpErr\r\nOsmocomBB(mobile)# \r\nOsmocomBB(mobile)# " id 11
2026/Jun/24 06:44:41.068004 TIMEROP GSM_Component_Definitions.ttcn3:459 Start timer T_vty: 5 s
2026/Jun/24 06:44:41.068038 PORTEVENT GSM_Component_Definitions.ttcn3:462 Receive operation on port VTY succeeded, message from system(): charstring : "sms 1 12345 Hello Part1c CpErr\r\nOsmocomBB(mobile)# \r\nOsmocomBB(mobile)# " id 11
2026/Jun/24 06:44:41.068054 PORTEVENT GSM_Component_Definitions.ttcn3:462 Message with id 11 was extracted from the queue of VTY.
2026/Jun/24 06:44:41.068066 TIMEROP GSM_Component_Definitions.ttcn3:463 Stop timer T_vty: 5 s
2026/Jun/24 06:44:41.068077 USER GSM_Component_Definitions.ttcn3:464 VTY: Received response: "sms 1 12345 Hello Part1c CpErr\r\nOsmocomBB(mobile)# \r\nOsmocomBB(mobile)# "
2026/Jun/24 06:44:41.068106 USER TC_34_2_2.ttcn3:402 VTY sms response: "sms 1 12345 Hello Part1c CpErr\r\nOsmocomBB(mobile)# \r\nOsmocomBB(mobile)# "
2026/Jun/24 06:44:41.068130 TIMEROP TC_34_2_2.ttcn3:94 Start timer T_wait: 60 s
2026/Jun/24 06:44:41.506782 USER TC_34_2_2.ttcn3:95 MSC_Port: RX: {"type": "EVENT_CM_SERVICE_REQUEST", "bsc_slr": 5, "cm_service_type": 4, "cm_service_type_name": "Short message service"}
2026/Jun/24 06:44:41.506860 PORTEVENT TC_34_2_2.ttcn3:95 Message enqueued on MSC from system charstring : "{\"type\": \"EVENT_CM_SERVICE_REQUEST\", \"bsc_slr\": 5, \"cm_service_type\": 4, \"cm_service_type_name\": \"Short message service\"}" id 75
2026/Jun/24 06:44:41.506890 PORTEVENT TC_34_2_2.ttcn3:96 Receive operation on port MSC succeeded, message from system(): charstring : "{\"type\": \"EVENT_CM_SERVICE_REQUEST\", \"bsc_slr\": 5, \"cm_service_type\": 4, \"cm_service_type_name\": \"Short message service\"}" id 75
2026/Jun/24 06:44:41.506900 PORTEVENT TC_34_2_2.ttcn3:96 Message with id 75 was extracted from the queue of MSC.
2026/Jun/24 06:44:41.507021 USER GSM_Functions.ttcn3:365 f_extractJsonInt: Searching for key '"bsc_slr"' in JSON: "{\"type\": \"EVENT_CM_SERVICE_REQUEST\", \"bsc_slr\": 5, \"cm_service_type\": 4, \"cm_service_type_name\": \"Short message service\"}"
2026/Jun/24 06:44:41.507049 USER GSM_Functions.ttcn3:372 f_extractJsonInt: Found key at position 37 (pattern: "\"bsc_slr\":")
2026/Jun/24 06:44:41.507065 USER GSM_Functions.ttcn3:422 f_extractJsonInt: Extracted number string '"5"' => integer 5
2026/Jun/24 06:44:41.507074 USER GSM_Functions.ttcn3:365 f_extractJsonInt: Searching for key '"service_type"' in JSON: "{\"type\": \"EVENT_CM_SERVICE_REQUEST\", \"bsc_slr\": 5, \"cm_service_type\": 4, \"cm_service_type_name\": \"Short message service\"}"
2026/Jun/24 06:44:41.507105 USER GSM_Functions.ttcn3:391 f_extractJsonInt: Key '"service_type"' NOT found, returning 0
2026/Jun/24 06:44:41.507112 USER TC_34_2_2.ttcn3:100 CM SERVICE REQUEST received: bsc_slr=5 service_type=0
2026/Jun/24 06:44:41.507119 TIMEROP TC_34_2_2.ttcn3:101 Stop timer T_wait: 60 s
2026/Jun/24 06:44:41.507137 PORTEVENT TC_34_2_2.ttcn3:104 Sent on MSC to system charstring : "{\"command\": \"CMD_SEND_CM_SERVICE_ACCEPT\", \"params\": {\"bsc_slr\": 5}}"
2026/Jun/24 06:44:41.507173 USER TC_34_2_2.ttcn3:104 MSC_Port: TX: {"command": "CMD_SEND_CM_SERVICE_ACCEPT", "params": {"bsc_slr": 5}}
2026/Jun/24 06:44:41.507183 TIMEROP TC_34_2_2.ttcn3:107 Start timer T_ack: 2 s
2026/Jun/24 06:44:41.507665 USER TC_34_2_2.ttcn3:108 MSC_Port: RX: {"status": "ok", "sent": true}
2026/Jun/24 06:44:41.507674 PORTEVENT TC_34_2_2.ttcn3:108 Message enqueued on MSC from system charstring : "{\"status\": \"ok\", \"sent\": true}" id 76
2026/Jun/24 06:44:41.507681 PORTEVENT TC_34_2_2.ttcn3:109 Receive operation on port MSC succeeded, message from system(): charstring : "{\"status\": \"ok\", \"sent\": true}" id 76
2026/Jun/24 06:44:41.507693 PORTEVENT TC_34_2_2.ttcn3:109 Message with id 76 was extracted from the queue of MSC.
2026/Jun/24 06:44:41.507696 TIMEROP TC_34_2_2.ttcn3:110 Stop timer T_ack: 2 s
2026/Jun/24 06:44:41.507702 TIMEROP TC_34_2_2.ttcn3:162 Start timer T_wait: 60 s
2026/Jun/24 06:44:42.448014 USER TC_34_2_2.ttcn3:163 MSC_Port: RX: {"type": "EVENT_DTAP", "bsc_slr": 5, "pd": 9, "msg_type": 1}
2026/Jun/24 06:44:42.448126 PORTEVENT TC_34_2_2.ttcn3:163 Message enqueued on MSC from system charstring : "{\"type\": \"EVENT_DTAP\", \"bsc_slr\": 5, \"pd\": 9, \"msg_type\": 1}" id 77
2026/Jun/24 06:44:42.448175 PORTEVENT TC_34_2_2.ttcn3:164 Receive operation on port MSC succeeded, message from system(): charstring : "{\"type\": \"EVENT_DTAP\", \"bsc_slr\": 5, \"pd\": 9, \"msg_type\": 1}" id 77
2026/Jun/24 06:44:42.448195 PORTEVENT TC_34_2_2.ttcn3:164 Message with id 77 was extracted from the queue of MSC.
2026/Jun/24 06:44:42.448416 USER TC_34_2_2.ttcn3:178 Event while waiting for CP-DATA: "{\"type\": \"EVENT_DTAP\", \"bsc_slr\": 5, \"pd\": 9, \"msg_type\": 1}"
2026/Jun/24 06:44:42.448469 USER TC_34_2_2.ttcn3:163 MSC_Port: RX: {"type": "EVENT_SMS_CP_DATA", "bsc_slr": 5, "ti_value": 0, "ti_flag": 0, "rp_mr": 42, "rp_msg_type": 0, "rp_error_cause": 0, "rp_hex": "002a00069121436587091a012a05812143f5000012c8329bfd0641c3727a6c0c1ac28b7239"}
2026/Jun/24 06:44:42.448509 PORTEVENT TC_34_2_2.ttcn3:163 Message enqueued on MSC from system charstring : "{\"type\": \"EVENT_SMS_CP_DATA\", \"bsc_slr\": 5, \"ti_value\": 0, \"ti_flag\": 0, \"rp_mr\": 42, \"rp_msg_type\": 0, \"rp_error_cause\": 0, \"rp_hex\": \"002a00069121436587091a012a05812143f5000012c8329bfd0641c3727a6c0c1ac28b7239\"}" id 78
2026/Jun/24 06:44:42.448549 PORTEVENT TC_34_2_2.ttcn3:164 Receive operation on port MSC succeeded, message from system(): charstring : "{\"type\": \"EVENT_SMS_CP_DATA\", \"bsc_slr\": 5, \"ti_value\": 0, \"ti_flag\": 0, \"rp_mr\": 42, \"rp_msg_type\": 0, \"rp_error_cause\": 0, \"rp_hex\": \"002a00069121436587091a012a05812143f5000012c8329bfd0641c3727a6c0c1ac28b7239\"}" id 78
2026/Jun/24 06:44:42.448566 PORTEVENT TC_34_2_2.ttcn3:164 Message with id 78 was extracted from the queue of MSC.
2026/Jun/24 06:44:42.448712 USER GSM_Functions.ttcn3:365 f_extractJsonInt: Searching for key '"bsc_slr"' in JSON: "{\"type\": \"EVENT_SMS_CP_DATA\", \"bsc_slr\": 5, \"ti_value\": 0, \"ti_flag\": 0, \"rp_mr\": 42, \"rp_msg_type\": 0, \"rp_error_cause\": 0, \"rp_hex\": \"002a00069121436587091a012a05812143f5000012c8329bfd0641c3727a6c0c1ac28b7239\"}"
2026/Jun/24 06:44:42.448776 USER GSM_Functions.ttcn3:372 f_extractJsonInt: Found key at position 30 (pattern: "\"bsc_slr\":")
2026/Jun/24 06:44:42.448812 USER GSM_Functions.ttcn3:422 f_extractJsonInt: Extracted number string '"5"' => integer 5
2026/Jun/24 06:44:42.448864 USER GSM_Functions.ttcn3:365 f_extractJsonInt: Searching for key '"ti_value"' in JSON: "{\"type\": \"EVENT_SMS_CP_DATA\", \"bsc_slr\": 5, \"ti_value\": 0, \"ti_flag\": 0, \"rp_mr\": 42, \"rp_msg_type\": 0, \"rp_error_cause\": 0, \"rp_hex\": \"002a00069121436587091a012a05812143f5000012c8329bfd0641c3727a6c0c1ac28b7239\"}"
2026/Jun/24 06:44:42.448918 USER GSM_Functions.ttcn3:372 f_extractJsonInt: Found key at position 44 (pattern: "\"ti_value\":")
2026/Jun/24 06:44:42.448944 USER GSM_Functions.ttcn3:422 f_extractJsonInt: Extracted number string '"0"' => integer 0
2026/Jun/24 06:44:42.448966 USER GSM_Functions.ttcn3:365 f_extractJsonInt: Searching for key '"ti_flag"' in JSON: "{\"type\": \"EVENT_SMS_CP_DATA\", \"bsc_slr\": 5, \"ti_value\": 0, \"ti_flag\": 0, \"rp_mr\": 42, \"rp_msg_type\": 0, \"rp_error_cause\": 0, \"rp_hex\": \"002a00069121436587091a012a05812143f5000012c8329bfd0641c3727a6c0c1ac28b7239\"}"
2026/Jun/24 06:44:42.449021 USER GSM_Functions.ttcn3:372 f_extractJsonInt: Found key at position 59 (pattern: "\"ti_flag\":")
2026/Jun/24 06:44:42.449045 USER GSM_Functions.ttcn3:422 f_extractJsonInt: Extracted number string '"0"' => integer 0
2026/Jun/24 06:44:42.449067 USER GSM_Functions.ttcn3:365 f_extractJsonInt: Searching for key '"rp_mr"' in JSON: "{\"type\": \"EVENT_SMS_CP_DATA\", \"bsc_slr\": 5, \"ti_value\": 0, \"ti_flag\": 0, \"rp_mr\": 42, \"rp_msg_type\": 0, \"rp_error_cause\": 0, \"rp_hex\": \"002a00069121436587091a012a05812143f5000012c8329bfd0641c3727a6c0c1ac28b7239\"}"
2026/Jun/24 06:44:42.449141 USER GSM_Functions.ttcn3:372 f_extractJsonInt: Found key at position 73 (pattern: "\"rp_mr\":")
2026/Jun/24 06:44:42.449165 USER GSM_Functions.ttcn3:422 f_extractJsonInt: Extracted number string '"42"' => integer 42
2026/Jun/24 06:44:42.449184 USER TC_34_2_2.ttcn3:170 CP-DATA received: TI=0 TI_flag=0 RP-MR=42
2026/Jun/24 06:44:42.449205 TIMEROP TC_34_2_2.ttcn3:172 Stop timer T_wait: 60 s
2026/Jun/24 06:44:42.449250 PORTEVENT TC_34_2_2.ttcn3:260 Sent on MSC to system charstring : "{\"command\": \"CMD_SEND_SMS_CP_ERROR\", \"params\": {\"bsc_slr\": 5, \"ti_value\": 0, \"ti_flag\": 1, \"cause\": 17}}"
2026/Jun/24 06:44:42.449321 USER TC_34_2_2.ttcn3:260 MSC_Port: TX: {"command": "CMD_SEND_SMS_CP_ERROR", "params": {"bsc_slr": 5, "ti_value": 0, "ti_flag": 1, "cause": 17}}
2026/Jun/24 06:44:42.449340 USER TC_34_2_2.ttcn3:261 Sent CP-ERROR: TI=0 cause=17
2026/Jun/24 06:44:42.449361 TIMEROP TC_34_2_2.ttcn3:263 Start timer T_ack: 1 s
2026/Jun/24 06:44:42.450040 USER TC_34_2_2.ttcn3:264 MSC_Port: RX: {"status": "ok", "sent": true}
2026/Jun/24 06:44:42.450069 PORTEVENT TC_34_2_2.ttcn3:264 Message enqueued on MSC from system charstring : "{\"status\": \"ok\", \"sent\": true}" id 79
2026/Jun/24 06:44:42.450093 PORTEVENT TC_34_2_2.ttcn3:265 Receive operation on port MSC succeeded, message from system(): charstring : "{\"status\": \"ok\", \"sent\": true}" id 79
2026/Jun/24 06:44:42.450110 PORTEVENT TC_34_2_2.ttcn3:265 Message with id 79 was extracted from the queue of MSC.
2026/Jun/24 06:44:42.450119 TIMEROP TC_34_2_2.ttcn3:265 Stop timer T_ack: 1 s
2026/Jun/24 06:44:42.450131 USER TC_34_2_2.ttcn3:705 *** Part 1c PASS: CP-ERROR sent successfully ***
2026/Jun/24 06:44:42.450155 PORTEVENT TC_34_2_2.ttcn3:308 Sent on MSC to system charstring : "{\"command\": \"CMD_SEND_CLEAR_CMD\", \"params\": {\"bsc_slr\": 5, \"cause\": 0}}"
2026/Jun/24 06:44:42.450203 USER TC_34_2_2.ttcn3:308 MSC_Port: TX: {"command": "CMD_SEND_CLEAR_CMD", "params": {"bsc_slr": 5, "cause": 0}}
2026/Jun/24 06:44:42.450221 USER TC_34_2_2.ttcn3:309 Sent CLEAR COMMAND for bsc_slr=5
2026/Jun/24 06:44:42.450237 TIMEROP TC_34_2_2.ttcn3:74 Start timer T_drain: 5 s
2026/Jun/24 06:44:42.450569 USER TC_34_2_2.ttcn3:75 MSC_Port: RX: {"status": "ok"}
2026/Jun/24 06:44:42.450684 PORTEVENT TC_34_2_2.ttcn3:75 Message enqueued on MSC from system charstring : "{\"status\": \"ok\"}" id 80
2026/Jun/24 06:44:42.450757 PORTEVENT TC_34_2_2.ttcn3:76 Receive operation on port MSC succeeded, message from system(): charstring : "{\"status\": \"ok\"}" id 80
2026/Jun/24 06:44:42.450777 PORTEVENT TC_34_2_2.ttcn3:76 Message with id 80 was extracted from the queue of MSC.
2026/Jun/24 06:44:42.450788 USER TC_34_2_2.ttcn3:77 Draining event: "{\"status\": \"ok\"}"
2026/Jun/24 06:44:42.655116 USER TC_34_2_2.ttcn3:75 MSC_Port: RX: {"type": "EVENT_BSSMAP_CLEAR_COMPLETE", "bsc_slr": 5}
2026/Jun/24 06:44:42.655199 PORTEVENT TC_34_2_2.ttcn3:75 Message enqueued on MSC from system charstring : "{\"type\": \"EVENT_BSSMAP_CLEAR_COMPLETE\", \"bsc_slr\": 5}" id 81
2026/Jun/24 06:44:42.655234 PORTEVENT TC_34_2_2.ttcn3:76 Receive operation on port MSC succeeded, message from system(): charstring : "{\"type\": \"EVENT_BSSMAP_CLEAR_COMPLETE\", \"bsc_slr\": 5}" id 81
2026/Jun/24 06:44:42.655248 PORTEVENT TC_34_2_2.ttcn3:76 Message with id 81 was extracted from the queue of MSC.
2026/Jun/24 06:44:42.655256 USER TC_34_2_2.ttcn3:77 Draining event: "{\"type\": \"EVENT_BSSMAP_CLEAR_COMPLETE\", \"bsc_slr\": 5}"
2026/Jun/24 06:44:42.773949 USER TC_34_2_2.ttcn3:75 VTY_PT: Received data (buffered): 54 bytes
2026/Jun/24 06:44:43.451031 USER TC_34_2_2.ttcn3:75 MSC_Port: RX: {"type": "HEARTBEAT"}
2026/Jun/24 06:44:43.451097 PORTEVENT TC_34_2_2.ttcn3:75 Message enqueued on MSC from system charstring : "{\"type\": \"HEARTBEAT\"}" id 82
2026/Jun/24 06:44:43.451132 PORTEVENT TC_34_2_2.ttcn3:76 Receive operation on port MSC succeeded, message from system(): charstring : "{\"type\": \"HEARTBEAT\"}" id 82
2026/Jun/24 06:44:43.451141 PORTEVENT TC_34_2_2.ttcn3:76 Message with id 82 was extracted from the queue of MSC.
2026/Jun/24 06:44:43.451145 USER TC_34_2_2.ttcn3:77 Draining event: "{\"type\": \"HEARTBEAT\"}"
2026/Jun/24 06:44:44.564949 USER TC_34_2_2.ttcn3:75 VTY_PT: Received data (buffered): 61 bytes
2026/Jun/24 06:44:47.452863 TIMEROP TC_34_2_2.ttcn3:80 Timeout T_drain: 5 s
2026/Jun/24 06:44:47.452955 USER TC_34_2_2.ttcn3:81 Drain period complete
2026/Jun/24 06:44:47.453000 TIMEROP TC_34_2_2.ttcn3:74 Start timer T_drain: 10 s
2026/Jun/24 06:44:48.456062 USER TC_34_2_2.ttcn3:75 MSC_Port: RX: {"type": "HEARTBEAT"}
2026/Jun/24 06:44:48.456140 PORTEVENT TC_34_2_2.ttcn3:75 Message enqueued on MSC from system charstring : "{\"type\": \"HEARTBEAT\"}" id 83
2026/Jun/24 06:44:48.456166 PORTEVENT TC_34_2_2.ttcn3:76 Receive operation on port MSC succeeded, message from system(): charstring : "{\"type\": \"HEARTBEAT\"}" id 83
2026/Jun/24 06:44:48.456175 PORTEVENT TC_34_2_2.ttcn3:76 Message with id 83 was extracted from the queue of MSC.
2026/Jun/24 06:44:48.456180 USER TC_34_2_2.ttcn3:77 Draining event: "{\"type\": \"HEARTBEAT\"}"
2026/Jun/24 06:44:53.461094 USER TC_34_2_2.ttcn3:75 MSC_Port: RX: {"type": "HEARTBEAT"}
2026/Jun/24 06:44:53.461197 PORTEVENT TC_34_2_2.ttcn3:75 Message enqueued on MSC from system charstring : "{\"type\": \"HEARTBEAT\"}" id 84
2026/Jun/24 06:44:53.461240 PORTEVENT TC_34_2_2.ttcn3:76 Receive operation on port MSC succeeded, message from system(): charstring : "{\"type\": \"HEARTBEAT\"}" id 84
2026/Jun/24 06:44:53.461260 PORTEVENT TC_34_2_2.ttcn3:76 Message with id 84 was extracted from the queue of MSC.
2026/Jun/24 06:44:53.461273 USER TC_34_2_2.ttcn3:77 Draining event: "{\"type\": \"HEARTBEAT\"}"
2026/Jun/24 06:44:57.455861 TIMEROP TC_34_2_2.ttcn3:80 Timeout T_drain: 10 s
2026/Jun/24 06:44:57.455952 USER TC_34_2_2.ttcn3:81 Drain period complete
2026/Jun/24 06:44:57.455990 USER TC_34_2_2.ttcn3:1332 ##########################################################
2026/Jun/24 06:44:57.456006 USER TC_34_2_2.ttcn3:1333 ### PART 2: MO-SMS during voice call ###
2026/Jun/24 06:44:57.456020 USER TC_34_2_2.ttcn3:1334 ##########################################################
2026/Jun/24 06:44:57.456033 USER TC_34_2_2.ttcn3:734 ==========================================================
2026/Jun/24 06:44:57.456046 USER TC_34_2_2.ttcn3:735 *** Part 2: MO-SMS during voice call ***
2026/Jun/24 06:44:57.456059 USER TC_34_2_2.ttcn3:736 ==========================================================
2026/Jun/24 06:44:57.456074 USER TC_34_2_2.ttcn3:743 --- Part 2 call setup attempt #1 of 5 ---
2026/Jun/24 06:44:57.456100 USER TC_34_2_2.ttcn3:746 *** Step 1: Initiating MO call via VTY ***
2026/Jun/24 06:44:57.456114 USER GSM_Component_Definitions.ttcn3:455 VTY: Sending command: "call 1 12345"
2026/Jun/24 06:44:57.456142 PORTEVENT GSM_Component_Definitions.ttcn3:456 Sent on VTY to system charstring : "call 1 12345"
2026/Jun/24 06:44:57.456167 USER GSM_Component_Definitions.ttcn3:456 VTY_PT: Sending command: "call 1 12345"
2026/Jun/24 06:44:57.656348 USER GSM_Component_Definitions.ttcn3:456 VTY_PT: Received response: 
% (MS 1)
% SMS to 12345 failed: (MO) SMS rejected

% (MS 1)
% On Network, normal service: International, 70
call 1 12345
OsmocomBB(mobile)# 
OsmocomBB(mobile)# 
2026/Jun/24 06:44:57.656464 PORTEVENT GSM_Component_Definitions.ttcn3:456 Message enqueued on VTY from system charstring : "\r\n% (MS 1)\r\n% SMS to 12345 failed: (MO) SMS rejected\r\n\r\n% (MS 1)\r\n% On Network, normal service: International, 70\r\ncall 1 12345\r\nOsmocomBB(mobile)# \r\nOsmocomBB(mobile)# " id 12
2026/Jun/24 06:44:57.656496 TIMEROP GSM_Component_Definitions.ttcn3:459 Start timer T_vty: 5 s
2026/Jun/24 06:44:57.656539 PORTEVENT GSM_Component_Definitions.ttcn3:462 Receive operation on port VTY succeeded, message from system(): charstring : "\r\n% (MS 1)\r\n% SMS to 12345 failed: (MO) SMS rejected\r\n\r\n% (MS 1)\r\n% On Network, normal service: International, 70\r\ncall 1 12345\r\nOsmocomBB(mobile)# \r\nOsmocomBB(mobile)# " id 12
2026/Jun/24 06:44:57.656573 PORTEVENT GSM_Component_Definitions.ttcn3:462 Message with id 12 was extracted from the queue of VTY.
2026/Jun/24 06:44:57.656585 TIMEROP GSM_Component_Definitions.ttcn3:463 Stop timer T_vty: 5 s
2026/Jun/24 06:44:57.656596 USER GSM_Component_Definitions.ttcn3:464 VTY: Received response: "\r\n% (MS 1)\r\n% SMS to 12345 failed: (MO) SMS rejected\r\n\r\n% (MS 1)\r\n% On Network, normal service: International, 70\r\ncall 1 12345\r\nOsmocomBB(mobile)# \r\nOsmocomBB(mobile)# "
2026/Jun/24 06:44:57.656630 USER TC_34_2_2.ttcn3:748 VTY call response: "\r\n% (MS 1)\r\n% SMS to 12345 failed: (MO) SMS rejected\r\n\r\n% (MS 1)\r\n% On Network, normal service: International, 70\r\ncall 1 12345\r\nOsmocomBB(mobile)# \r\nOsmocomBB(mobile)# "
2026/Jun/24 06:44:57.656659 USER TC_34_2_2.ttcn3:751 *** Step 2: Waiting for CM SERVICE REQUEST ***
2026/Jun/24 06:44:57.656675 TIMEROP TC_34_2_2.ttcn3:94 Start timer T_wait: 60 s
2026/Jun/24 06:44:57.981436 USER TC_34_2_2.ttcn3:95 MSC_Port: RX: {"type": "EVENT_CM_SERVICE_REQUEST", "bsc_slr": 6, "cm_service_type": 1, "cm_service_type_name": "MO call / Packet"}
2026/Jun/24 06:44:57.981506 PORTEVENT TC_34_2_2.ttcn3:95 Message enqueued on MSC from system charstring : "{\"type\": \"EVENT_CM_SERVICE_REQUEST\", \"bsc_slr\": 6, \"cm_service_type\": 1, \"cm_service_type_name\": \"MO call / Packet\"}" id 85
2026/Jun/24 06:44:57.981534 PORTEVENT TC_34_2_2.ttcn3:96 Receive operation on port MSC succeeded, message from system(): charstring : "{\"type\": \"EVENT_CM_SERVICE_REQUEST\", \"bsc_slr\": 6, \"cm_service_type\": 1, \"cm_service_type_name\": \"MO call / Packet\"}" id 85
2026/Jun/24 06:44:57.981544 PORTEVENT TC_34_2_2.ttcn3:96 Message with id 85 was extracted from the queue of MSC.
2026/Jun/24 06:44:57.981660 USER GSM_Functions.ttcn3:365 f_extractJsonInt: Searching for key '"bsc_slr"' in JSON: "{\"type\": \"EVENT_CM_SERVICE_REQUEST\", \"bsc_slr\": 6, \"cm_service_type\": 1, \"cm_service_type_name\": \"MO call / Packet\"}"
2026/Jun/24 06:44:57.981687 USER GSM_Functions.ttcn3:372 f_extractJsonInt: Found key at position 37 (pattern: "\"bsc_slr\":")
2026/Jun/24 06:44:57.981704 USER GSM_Functions.ttcn3:422 f_extractJsonInt: Extracted number string '"6"' => integer 6
2026/Jun/24 06:44:57.981714 USER GSM_Functions.ttcn3:365 f_extractJsonInt: Searching for key '"service_type"' in JSON: "{\"type\": \"EVENT_CM_SERVICE_REQUEST\", \"bsc_slr\": 6, \"cm_service_type\": 1, \"cm_service_type_name\": \"MO call / Packet\"}"
2026/Jun/24 06:44:57.981744 USER GSM_Functions.ttcn3:391 f_extractJsonInt: Key '"service_type"' NOT found, returning 0
2026/Jun/24 06:44:57.981752 USER TC_34_2_2.ttcn3:100 CM SERVICE REQUEST received: bsc_slr=6 service_type=0
2026/Jun/24 06:44:57.981759 TIMEROP TC_34_2_2.ttcn3:101 Stop timer T_wait: 60 s
2026/Jun/24 06:44:57.981776 PORTEVENT TC_34_2_2.ttcn3:104 Sent on MSC to system charstring : "{\"command\": \"CMD_SEND_CM_SERVICE_ACCEPT\", \"params\": {\"bsc_slr\": 6}}"
2026/Jun/24 06:44:57.981812 USER TC_34_2_2.ttcn3:104 MSC_Port: TX: {"command": "CMD_SEND_CM_SERVICE_ACCEPT", "params": {"bsc_slr": 6}}
2026/Jun/24 06:44:57.981835 TIMEROP TC_34_2_2.ttcn3:107 Start timer T_ack: 2 s
2026/Jun/24 06:44:57.982125 USER TC_34_2_2.ttcn3:108 MSC_Port: RX: {"status": "ok", "sent": true}
2026/Jun/24 06:44:57.982181 PORTEVENT TC_34_2_2.ttcn3:108 Message enqueued on MSC from system charstring : "{\"status\": \"ok\", \"sent\": true}" id 86
2026/Jun/24 06:44:57.982213 PORTEVENT TC_34_2_2.ttcn3:109 Receive operation on port MSC succeeded, message from system(): charstring : "{\"status\": \"ok\", \"sent\": true}" id 86
2026/Jun/24 06:44:57.982229 PORTEVENT TC_34_2_2.ttcn3:109 Message with id 86 was extracted from the queue of MSC.
2026/Jun/24 06:44:57.982240 TIMEROP TC_34_2_2.ttcn3:110 Stop timer T_ack: 2 s
2026/Jun/24 06:44:57.982259 USER TC_34_2_2.ttcn3:760 CM SERVICE ACCEPT sent for bsc_slr=6
2026/Jun/24 06:44:57.982280 USER TC_34_2_2.ttcn3:763 *** Step 3: Waiting for CC SETUP ***
2026/Jun/24 06:44:57.982308 TIMEROP TC_34_2_2.ttcn3:765 Start timer T_setup: 30 s
2026/Jun/24 06:44:58.453310 USER TC_34_2_2.ttcn3:766 MSC_Port: RX: {"type": "EVENT_DTAP", "bsc_slr": 6, "pd": 3, "msg_type": 5}
2026/Jun/24 06:44:58.453410 PORTEVENT TC_34_2_2.ttcn3:766 Message enqueued on MSC from system charstring : "{\"type\": \"EVENT_DTAP\", \"bsc_slr\": 6, \"pd\": 3, \"msg_type\": 5}" id 87
2026/Jun/24 06:44:58.453455 PORTEVENT TC_34_2_2.ttcn3:767 Receive operation on port MSC succeeded, message from system(): charstring : "{\"type\": \"EVENT_DTAP\", \"bsc_slr\": 6, \"pd\": 3, \"msg_type\": 5}" id 87
2026/Jun/24 06:44:58.453473 PORTEVENT TC_34_2_2.ttcn3:767 Message with id 87 was extracted from the queue of MSC.
2026/Jun/24 06:44:58.453881 USER GSM_Functions.ttcn3:365 f_extractJsonInt: Searching for key '"bsc_slr"' in JSON: "{\"type\": \"EVENT_DTAP\", \"bsc_slr\": 6, \"pd\": 3, \"msg_type\": 5}"
2026/Jun/24 06:44:58.453941 USER GSM_Functions.ttcn3:372 f_extractJsonInt: Found key at position 23 (pattern: "\"bsc_slr\":")
2026/Jun/24 06:44:58.453976 USER GSM_Functions.ttcn3:422 f_extractJsonInt: Extracted number string '"6"' => integer 6
2026/Jun/24 06:44:58.453998 USER TC_34_2_2.ttcn3:780 CC SETUP detected via EVENT_DTAP: bsc_slr=6
2026/Jun/24 06:44:58.454013 TIMEROP TC_34_2_2.ttcn3:782 Stop timer T_setup: 30 s
2026/Jun/24 06:44:58.454036 USER TC_34_2_2.ttcn3:810 *** Step 4: Sending CC CALL PROCEEDING ***
2026/Jun/24 06:44:58.454069 PORTEVENT TC_34_2_2.ttcn3:320 Sent on MSC to system charstring : "{\"command\": \"CMD_SEND_CC_CALL_PROCEEDING\", \"params\": {\"bsc_slr\": 6, \"ti_value\": 0, \"ti_flag\": 1}}"
2026/Jun/24 06:44:58.454139 USER TC_34_2_2.ttcn3:320 MSC_Port: TX: {"command": "CMD_SEND_CC_CALL_PROCEEDING", "params": {"bsc_slr": 6, "ti_value": 0, "ti_flag": 1}}
2026/Jun/24 06:44:58.454158 USER TC_34_2_2.ttcn3:321 Sent CC CALL PROCEEDING: TI=0
2026/Jun/24 06:44:58.454176 TIMEROP TC_34_2_2.ttcn3:323 Start timer T_ack: 1 s
2026/Jun/24 06:44:58.454205 USER TC_34_2_2.ttcn3:324 MSC_Port: RX: {"type": "EVENT_CC_SETUP", "bsc_slr": 6, "ti_value": 0, "ti_flag": 0}
2026/Jun/24 06:44:58.454229 PORTEVENT TC_34_2_2.ttcn3:324 Message enqueued on MSC from system charstring : "{\"type\": \"EVENT_CC_SETUP\", \"bsc_slr\": 6, \"ti_value\": 0, \"ti_flag\": 0}" id 88
2026/Jun/24 06:44:58.454253 PORTEVENT TC_34_2_2.ttcn3:325 Receive operation on port MSC succeeded, message from system(): charstring : "{\"type\": \"EVENT_CC_SETUP\", \"bsc_slr\": 6, \"ti_value\": 0, \"ti_flag\": 0}" id 88
2026/Jun/24 06:44:58.454267 PORTEVENT TC_34_2_2.ttcn3:325 Message with id 88 was extracted from the queue of MSC.
2026/Jun/24 06:44:58.454277 TIMEROP TC_34_2_2.ttcn3:325 Stop timer T_ack: 1 s
2026/Jun/24 06:44:58.454288 USER TC_34_2_2.ttcn3:816 *** Step 5: Sending ASSIGNMENT REQUEST ***
2026/Jun/24 06:44:58.454310 PORTEVENT TC_34_2_2.ttcn3:332 Sent on MSC to system charstring : "{\"command\": \"CMD_SEND_ASSIGNMENT_REQUEST\", \"params\": {\"bsc_slr\": 6}}"
2026/Jun/24 06:44:58.454329 USER TC_34_2_2.ttcn3:332 MSC_Port: TX: {"command": "CMD_SEND_ASSIGNMENT_REQUEST", "params": {"bsc_slr": 6}}
2026/Jun/24 06:44:58.454345 USER TC_34_2_2.ttcn3:333 Sent BSSMAP ASSIGNMENT REQUEST for bsc_slr=6
2026/Jun/24 06:44:58.454361 TIMEROP TC_34_2_2.ttcn3:335 Start timer T_ack: 1 s
2026/Jun/24 06:44:58.454808 USER TC_34_2_2.ttcn3:336 MSC_Port: RX: {"status": "ok", "sent": true}
2026/Jun/24 06:44:58.454841 PORTEVENT TC_34_2_2.ttcn3:336 Message enqueued on MSC from system charstring : "{\"status\": \"ok\", \"sent\": true}" id 89
2026/Jun/24 06:44:58.454865 PORTEVENT TC_34_2_2.ttcn3:337 Receive operation on port MSC succeeded, message from system(): charstring : "{\"status\": \"ok\", \"sent\": true}" id 89
2026/Jun/24 06:44:58.454878 PORTEVENT TC_34_2_2.ttcn3:337 Message with id 89 was extracted from the queue of MSC.
2026/Jun/24 06:44:58.454887 TIMEROP TC_34_2_2.ttcn3:337 Stop timer T_ack: 1 s
2026/Jun/24 06:44:58.454897 USER TC_34_2_2.ttcn3:822 *** Step 6: Waiting for ASSIGNMENT COMPLETE ***
2026/Jun/24 06:44:58.454925 TIMEROP TC_34_2_2.ttcn3:825 Start timer T_ass: 30 s
2026/Jun/24 06:44:58.455203 USER TC_34_2_2.ttcn3:826 MSC_Port: RX: {"status": "ok", "sent": true}
2026/Jun/24 06:44:58.455224 PORTEVENT TC_34_2_2.ttcn3:826 Message enqueued on MSC from system charstring : "{\"status\": \"ok\", \"sent\": true}" id 90
2026/Jun/24 06:44:58.455241 PORTEVENT TC_34_2_2.ttcn3:827 Receive operation on port MSC succeeded, message from system(): charstring : "{\"status\": \"ok\", \"sent\": true}" id 90
2026/Jun/24 06:44:58.455252 PORTEVENT TC_34_2_2.ttcn3:827 Message with id 90 was extracted from the queue of MSC.
2026/Jun/24 06:44:58.779337 USER TC_34_2_2.ttcn3:826 VTY_PT: Received data (buffered): 34 bytes
2026/Jun/24 06:44:59.108021 USER TC_34_2_2.ttcn3:826 MSC_Port: RX: {"type": "EVENT_ASSIGNMENT_COMPLETE", "bsc_slr": 6}
2026/Jun/24 06:44:59.108092 PORTEVENT TC_34_2_2.ttcn3:826 Message enqueued on MSC from system charstring : "{\"type\": \"EVENT_ASSIGNMENT_COMPLETE\", \"bsc_slr\": 6}" id 91
2026/Jun/24 06:44:59.108117 PORTEVENT TC_34_2_2.ttcn3:827 Receive operation on port MSC succeeded, message from system(): charstring : "{\"type\": \"EVENT_ASSIGNMENT_COMPLETE\", \"bsc_slr\": 6}" id 91
2026/Jun/24 06:44:59.108126 PORTEVENT TC_34_2_2.ttcn3:827 Message with id 91 was extracted from the queue of MSC.
2026/Jun/24 06:44:59.108245 USER TC_34_2_2.ttcn3:829 ASSIGNMENT COMPLETE received
2026/Jun/24 06:44:59.108254 TIMEROP TC_34_2_2.ttcn3:831 Stop timer T_ass: 30 s
2026/Jun/24 06:44:59.108265 USER TC_34_2_2.ttcn3:851 *** Step 7: Sending CC ALERTING ***
2026/Jun/24 06:44:59.108284 PORTEVENT TC_34_2_2.ttcn3:345 Sent on MSC to system charstring : "{\"command\": \"CMD_SEND_CC_ALERTING\", \"params\": {\"bsc_slr\": 6, \"ti_value\": 0, \"ti_flag\": 1}}"
2026/Jun/24 06:44:59.108317 USER TC_34_2_2.ttcn3:345 MSC_Port: TX: {"command": "CMD_SEND_CC_ALERTING", "params": {"bsc_slr": 6, "ti_value": 0, "ti_flag": 1}}
2026/Jun/24 06:44:59.108324 USER TC_34_2_2.ttcn3:346 Sent CC ALERTING: TI=0
2026/Jun/24 06:44:59.108336 TIMEROP TC_34_2_2.ttcn3:348 Start timer T_ack: 1 s
2026/Jun/24 06:44:59.108661 USER TC_34_2_2.ttcn3:349 MSC_Port: RX: {"status": "ok", "sent": true}
2026/Jun/24 06:44:59.108675 PORTEVENT TC_34_2_2.ttcn3:349 Message enqueued on MSC from system charstring : "{\"status\": \"ok\", \"sent\": true}" id 92
2026/Jun/24 06:44:59.108684 PORTEVENT TC_34_2_2.ttcn3:350 Receive operation on port MSC succeeded, message from system(): charstring : "{\"status\": \"ok\", \"sent\": true}" id 92
2026/Jun/24 06:44:59.108689 PORTEVENT TC_34_2_2.ttcn3:350 Message with id 92 was extracted from the queue of MSC.
2026/Jun/24 06:44:59.108695 TIMEROP TC_34_2_2.ttcn3:350 Stop timer T_ack: 1 s
2026/Jun/24 06:44:59.108701 TIMEROP TC_34_2_2.ttcn3:856 Start timer T_ring: 2 s
2026/Jun/24 06:44:59.166853 USER TC_34_2_2.ttcn3:857 VTY_PT: Received data (buffered): 32 bytes
2026/Jun/24 06:45:00.109096 USER TC_34_2_2.ttcn3:857 MSC_Port: RX: {"type": "HEARTBEAT"}
2026/Jun/24 06:45:00.109190 PORTEVENT TC_34_2_2.ttcn3:857 Message enqueued on MSC from system charstring : "{\"type\": \"HEARTBEAT\"}" id 93
2026/Jun/24 06:45:01.108854 TIMEROP TC_34_2_2.ttcn3:857 Timeout T_ring: 2 s
2026/Jun/24 06:45:01.108919 USER TC_34_2_2.ttcn3:862 *** Step 8: Sending CC CONNECT ***
2026/Jun/24 06:45:01.108963 PORTEVENT TC_34_2_2.ttcn3:358 Sent on MSC to system charstring : "{\"command\": \"CMD_SEND_CC_CONNECT\", \"params\": {\"bsc_slr\": 6, \"ti_value\": 0, \"ti_flag\": 1}}"
2026/Jun/24 06:45:01.109022 USER TC_34_2_2.ttcn3:358 MSC_Port: TX: {"command": "CMD_SEND_CC_CONNECT", "params": {"bsc_slr": 6, "ti_value": 0, "ti_flag": 1}}
2026/Jun/24 06:45:01.109033 USER TC_34_2_2.ttcn3:359 Sent CC CONNECT: TI=0
2026/Jun/24 06:45:01.109048 TIMEROP TC_34_2_2.ttcn3:361 Start timer T_ack: 1 s
2026/Jun/24 06:45:01.109063 PORTEVENT TC_34_2_2.ttcn3:363 Receive operation on port MSC succeeded, message from system(): charstring : "{\"type\": \"HEARTBEAT\"}" id 93
2026/Jun/24 06:45:01.109072 PORTEVENT TC_34_2_2.ttcn3:363 Message with id 93 was extracted from the queue of MSC.
2026/Jun/24 06:45:01.109081 TIMEROP TC_34_2_2.ttcn3:363 Stop timer T_ack: 1 s
2026/Jun/24 06:45:01.109096 USER TC_34_2_2.ttcn3:868 *** Step 9: Waiting for CC CONNECT ACK ***
2026/Jun/24 06:45:01.109104 TIMEROP TC_34_2_2.ttcn3:871 Start timer T_conn_ack: 25 s
2026/Jun/24 06:45:01.109550 USER TC_34_2_2.ttcn3:872 MSC_Port: RX: {"status": "ok", "sent": true}
2026/Jun/24 06:45:01.109562 PORTEVENT TC_34_2_2.ttcn3:872 Message enqueued on MSC from system charstring : "{\"status\": \"ok\", \"sent\": true}" id 94
2026/Jun/24 06:45:01.109573 PORTEVENT TC_34_2_2.ttcn3:873 Receive operation on port MSC succeeded, message from system(): charstring : "{\"status\": \"ok\", \"sent\": true}" id 94
2026/Jun/24 06:45:01.109579 PORTEVENT TC_34_2_2.ttcn3:873 Message with id 94 was extracted from the queue of MSC.
2026/Jun/24 06:45:01.146091 USER TC_34_2_2.ttcn3:872 VTY_PT: Received data (buffered): 32 bytes
2026/Jun/24 06:45:01.276749 USER TC_34_2_2.ttcn3:872 MSC_Port: RX: {"type": "EVENT_DTAP", "bsc_slr": 6, "pd": 3, "msg_type": 15}
2026/Jun/24 06:45:01.276815 PORTEVENT TC_34_2_2.ttcn3:872 Message enqueued on MSC from system charstring : "{\"type\": \"EVENT_DTAP\", \"bsc_slr\": 6, \"pd\": 3, \"msg_type\": 15}" id 95
2026/Jun/24 06:45:01.276854 PORTEVENT TC_34_2_2.ttcn3:873 Receive operation on port MSC succeeded, message from system(): charstring : "{\"type\": \"EVENT_DTAP\", \"bsc_slr\": 6, \"pd\": 3, \"msg_type\": 15}" id 95
2026/Jun/24 06:45:01.276863 PORTEVENT TC_34_2_2.ttcn3:873 Message with id 95 was extracted from the queue of MSC.
2026/Jun/24 06:45:01.277028 USER TC_34_2_2.ttcn3:880 CC CONNECT ACK detected via EVENT_DTAP
2026/Jun/24 06:45:01.277037 TIMEROP TC_34_2_2.ttcn3:882 Stop timer T_conn_ack: 25 s
2026/Jun/24 06:45:01.277048 USER TC_34_2_2.ttcn3:901 *** Step 10: Triggering MO-SMS during active call ***
2026/Jun/24 06:45:01.277054 USER TC_34_2_2.ttcn3:398 Triggering MO-SMS via VTY: number="12345" text='"SMS during call"'
2026/Jun/24 06:45:01.277067 USER GSM_Component_Definitions.ttcn3:455 VTY: Sending command: "enable"
2026/Jun/24 06:45:01.277077 PORTEVENT GSM_Component_Definitions.ttcn3:456 Sent on VTY to system charstring : "enable"
2026/Jun/24 06:45:01.277086 USER GSM_Component_Definitions.ttcn3:456 VTY_PT: Sending command: "enable"
2026/Jun/24 06:45:01.477237 USER GSM_Component_Definitions.ttcn3:456 VTY_PT: Received response: 
% (MS 1)
% Call is proceeding

% (MS 1)
% Call is alerting

% (MS 1)
% Call is answered
enable
% Unknown command.
OsmocomBB(mobile)# 
OsmocomBB(mobile)# 
2026/Jun/24 06:45:01.477367 PORTEVENT GSM_Component_Definitions.ttcn3:456 Message enqueued on VTY from system charstring : "\r\n% (MS 1)\r\n% Call is proceeding\r\n\r\n% (MS 1)\r\n% Call is alerting\r\n\r\n% (MS 1)\r\n% Call is answered\r\nenable\r\n% Unknown command.\r\nOsmocomBB(mobile)# \r\nOsmocomBB(mobile)# " id 13
2026/Jun/24 06:45:01.477401 TIMEROP GSM_Component_Definitions.ttcn3:459 Start timer T_vty: 5 s
2026/Jun/24 06:45:01.477447 PORTEVENT GSM_Component_Definitions.ttcn3:462 Receive operation on port VTY succeeded, message from system(): charstring : "\r\n% (MS 1)\r\n% Call is proceeding\r\n\r\n% (MS 1)\r\n% Call is alerting\r\n\r\n% (MS 1)\r\n% Call is answered\r\nenable\r\n% Unknown command.\r\nOsmocomBB(mobile)# \r\nOsmocomBB(mobile)# " id 13
2026/Jun/24 06:45:01.477466 PORTEVENT GSM_Component_Definitions.ttcn3:462 Message with id 13 was extracted from the queue of VTY.
2026/Jun/24 06:45:01.477478 TIMEROP GSM_Component_Definitions.ttcn3:463 Stop timer T_vty: 5 s
2026/Jun/24 06:45:01.477490 USER GSM_Component_Definitions.ttcn3:464 VTY: Received response: "\r\n% (MS 1)\r\n% Call is proceeding\r\n\r\n% (MS 1)\r\n% Call is alerting\r\n\r\n% (MS 1)\r\n% Call is answered\r\nenable\r\n% Unknown command.\r\nOsmocomBB(mobile)# \r\nOsmocomBB(mobile)# "
2026/Jun/24 06:45:01.477526 USER GSM_Component_Definitions.ttcn3:455 VTY: Sending command: "sms 1 12345 SMS during call"
2026/Jun/24 06:45:01.477557 PORTEVENT GSM_Component_Definitions.ttcn3:456 Sent on VTY to system charstring : "sms 1 12345 SMS during call"
2026/Jun/24 06:45:01.477576 USER GSM_Component_Definitions.ttcn3:456 VTY_PT: Sending command: "sms 1 12345 SMS during call"
2026/Jun/24 06:45:01.677787 USER GSM_Component_Definitions.ttcn3:456 VTY_PT: Received response: sms 1 12345 SMS during call
OsmocomBB(mobile)# 
OsmocomBB(mobile)# 
2026/Jun/24 06:45:01.677926 PORTEVENT GSM_Component_Definitions.ttcn3:456 Message enqueued on VTY from system charstring : "sms 1 12345 SMS during call\r\nOsmocomBB(mobile)# \r\nOsmocomBB(mobile)# " id 14
2026/Jun/24 06:45:01.677960 TIMEROP GSM_Component_Definitions.ttcn3:459 Start timer T_vty: 5 s
2026/Jun/24 06:45:01.677997 PORTEVENT GSM_Component_Definitions.ttcn3:462 Receive operation on port VTY succeeded, message from system(): charstring : "sms 1 12345 SMS during call\r\nOsmocomBB(mobile)# \r\nOsmocomBB(mobile)# " id 14
2026/Jun/24 06:45:01.678013 PORTEVENT GSM_Component_Definitions.ttcn3:462 Message with id 14 was extracted from the queue of VTY.
2026/Jun/24 06:45:01.678025 TIMEROP GSM_Component_Definitions.ttcn3:463 Stop timer T_vty: 5 s
2026/Jun/24 06:45:01.678037 USER GSM_Component_Definitions.ttcn3:464 VTY: Received response: "sms 1 12345 SMS during call\r\nOsmocomBB(mobile)# \r\nOsmocomBB(mobile)# "
2026/Jun/24 06:45:01.678066 USER TC_34_2_2.ttcn3:402 VTY sms response: "sms 1 12345 SMS during call\r\nOsmocomBB(mobile)# \r\nOsmocomBB(mobile)# "
2026/Jun/24 06:45:01.678091 USER TC_34_2_2.ttcn3:907 *** Step 11: Waiting for SMS CP-DATA during call ***
2026/Jun/24 06:45:01.678106 TIMEROP TC_34_2_2.ttcn3:910 Start timer T_sms: 60 s
2026/Jun/24 06:45:01.678145 USER TC_34_2_2.ttcn3:911 MSC_Port: RX: {"type": "EVENT_CC_CONNECT_ACK", "bsc_slr": 6, "ti_value": 0, "ti_flag": 0}
2026/Jun/24 06:45:01.678170 PORTEVENT TC_34_2_2.ttcn3:911 Message enqueued on MSC from system charstring : "{\"type\": \"EVENT_CC_CONNECT_ACK\", \"bsc_slr\": 6, \"ti_value\": 0, \"ti_flag\": 0}" id 96
2026/Jun/24 06:45:01.678186 USER TC_34_2_2.ttcn3:911 MSC_Port: RX: {"type": "EVENT_DTAP", "bsc_slr": 6, "pd": 5, "msg_type": 36}
2026/Jun/24 06:45:01.678207 PORTEVENT TC_34_2_2.ttcn3:911 Message enqueued on MSC from system charstring : "{\"type\": \"EVENT_DTAP\", \"bsc_slr\": 6, \"pd\": 5, \"msg_type\": 36}" id 97
2026/Jun/24 06:45:01.678220 USER TC_34_2_2.ttcn3:911 MSC_Port: RX: {"type": "EVENT_CM_SERVICE_REQUEST", "bsc_slr": 6, "cm_service_type": 4, "cm_service_type_name": "Short message service"}
2026/Jun/24 06:45:01.678246 PORTEVENT TC_34_2_2.ttcn3:911 Message enqueued on MSC from system charstring : "{\"type\": \"EVENT_CM_SERVICE_REQUEST\", \"bsc_slr\": 6, \"cm_service_type\": 4, \"cm_service_type_name\": \"Short message service\"}" id 98
2026/Jun/24 06:45:01.678267 PORTEVENT TC_34_2_2.ttcn3:912 Receive operation on port MSC succeeded, message from system(): charstring : "{\"type\": \"EVENT_CC_CONNECT_ACK\", \"bsc_slr\": 6, \"ti_value\": 0, \"ti_flag\": 0}" id 96
2026/Jun/24 06:45:01.678279 PORTEVENT TC_34_2_2.ttcn3:912 Message with id 96 was extracted from the queue of MSC.
2026/Jun/24 06:45:01.678517 USER TC_34_2_2.ttcn3:937 Event while waiting for SMS: "{\"type\": \"EVENT_CC_CONNECT_ACK\", \"bsc_slr\": 6, \"ti_value\": 0, \"ti_flag\": 0}"
2026/Jun/24 06:45:01.678552 PORTEVENT TC_34_2_2.ttcn3:912 Receive operation on port MSC succeeded, message from system(): charstring : "{\"type\": \"EVENT_DTAP\", \"bsc_slr\": 6, \"pd\": 5, \"msg_type\": 36}" id 97
2026/Jun/24 06:45:01.678564 PORTEVENT TC_34_2_2.ttcn3:912 Message with id 97 was extracted from the queue of MSC.
2026/Jun/24 06:45:01.678731 USER TC_34_2_2.ttcn3:937 Event while waiting for SMS: "{\"type\": \"EVENT_DTAP\", \"bsc_slr\": 6, \"pd\": 5, \"msg_type\": 36}"
2026/Jun/24 06:45:01.678767 PORTEVENT TC_34_2_2.ttcn3:912 Receive operation on port MSC succeeded, message from system(): charstring : "{\"type\": \"EVENT_CM_SERVICE_REQUEST\", \"bsc_slr\": 6, \"cm_service_type\": 4, \"cm_service_type_name\": \"Short message service\"}" id 98
2026/Jun/24 06:45:01.678780 PORTEVENT TC_34_2_2.ttcn3:912 Message with id 98 was extracted from the queue of MSC.
2026/Jun/24 06:45:01.679029 USER GSM_Functions.ttcn3:365 f_extractJsonInt: Searching for key '"bsc_slr"' in JSON: "{\"type\": \"EVENT_CM_SERVICE_REQUEST\", \"bsc_slr\": 6, \"cm_service_type\": 4, \"cm_service_type_name\": \"Short message service\"}"
2026/Jun/24 06:45:01.679107 USER GSM_Functions.ttcn3:372 f_extractJsonInt: Found key at position 37 (pattern: "\"bsc_slr\":")
2026/Jun/24 06:45:01.679143 USER GSM_Functions.ttcn3:422 f_extractJsonInt: Extracted number string '"6"' => integer 6
2026/Jun/24 06:45:01.679164 USER TC_34_2_2.ttcn3:924 CM SERVICE REQUEST for SMS during call, accepting
2026/Jun/24 06:45:01.679189 PORTEVENT TC_34_2_2.ttcn3:926 Sent on MSC to system charstring : "{\"command\": \"CMD_SEND_CM_SERVICE_ACCEPT\", \"params\": {\"bsc_slr\": 6}}"
2026/Jun/24 06:45:01.679269 USER TC_34_2_2.ttcn3:926 MSC_Port: TX: {"command": "CMD_SEND_CM_SERVICE_ACCEPT", "params": {"bsc_slr": 6}}
2026/Jun/24 06:45:01.679287 TIMEROP TC_34_2_2.ttcn3:928 Start timer T_ack2: 2 s
2026/Jun/24 06:45:01.680090 USER TC_34_2_2.ttcn3:929 MSC_Port: RX: {"status": "ok", "sent": true}
2026/Jun/24 06:45:01.680118 PORTEVENT TC_34_2_2.ttcn3:929 Message enqueued on MSC from system charstring : "{\"status\": \"ok\", \"sent\": true}" id 99
2026/Jun/24 06:45:01.680138 PORTEVENT TC_34_2_2.ttcn3:930 Receive operation on port MSC succeeded, message from system(): charstring : "{\"status\": \"ok\", \"sent\": true}" id 99
2026/Jun/24 06:45:01.680150 PORTEVENT TC_34_2_2.ttcn3:930 Message with id 99 was extracted from the queue of MSC.
2026/Jun/24 06:45:01.680159 TIMEROP TC_34_2_2.ttcn3:930 Stop timer T_ack2: 2 s
2026/Jun/24 06:45:02.924927 USER TC_34_2_2.ttcn3:911 MSC_Port: RX: {"type": "EVENT_DTAP", "bsc_slr": 6, "pd": 9, "msg_type": 1}
2026/Jun/24 06:45:02.924992 PORTEVENT TC_34_2_2.ttcn3:911 Message enqueued on MSC from system charstring : "{\"type\": \"EVENT_DTAP\", \"bsc_slr\": 6, \"pd\": 9, \"msg_type\": 1}" id 100
2026/Jun/24 06:45:02.925017 PORTEVENT TC_34_2_2.ttcn3:912 Receive operation on port MSC succeeded, message from system(): charstring : "{\"type\": \"EVENT_DTAP\", \"bsc_slr\": 6, \"pd\": 9, \"msg_type\": 1}" id 100
2026/Jun/24 06:45:02.925027 PORTEVENT TC_34_2_2.ttcn3:912 Message with id 100 was extracted from the queue of MSC.
2026/Jun/24 06:45:02.925134 USER TC_34_2_2.ttcn3:937 Event while waiting for SMS: "{\"type\": \"EVENT_DTAP\", \"bsc_slr\": 6, \"pd\": 9, \"msg_type\": 1}"
2026/Jun/24 06:45:02.925156 USER TC_34_2_2.ttcn3:911 MSC_Port: RX: {"type": "EVENT_SMS_CP_DATA", "bsc_slr": 6, "ti_value": 0, "ti_flag": 0, "rp_mr": 42, "rp_msg_type": 0, "rp_error_cause": 0, "rp_hex": "002a000691214365870918012a05812143f500000fd3e61444aecbd3ee33681c66b301"}
2026/Jun/24 06:45:02.925169 PORTEVENT TC_34_2_2.ttcn3:911 Message enqueued on MSC from system charstring : "{\"type\": \"EVENT_SMS_CP_DATA\", \"bsc_slr\": 6, \"ti_value\": 0, \"ti_flag\": 0, \"rp_mr\": 42, \"rp_msg_type\": 0, \"rp_error_cause\": 0, \"rp_hex\": \"002a000691214365870918012a05812143f500000fd3e61444aecbd3ee33681c66b301\"}" id 101
2026/Jun/24 06:45:02.925182 PORTEVENT TC_34_2_2.ttcn3:912 Receive operation on port MSC succeeded, message from system(): charstring : "{\"type\": \"EVENT_SMS_CP_DATA\", \"bsc_slr\": 6, \"ti_value\": 0, \"ti_flag\": 0, \"rp_mr\": 42, \"rp_msg_type\": 0, \"rp_error_cause\": 0, \"rp_hex\": \"002a000691214365870918012a05812143f500000fd3e61444aecbd3ee33681c66b301\"}" id 101
2026/Jun/24 06:45:02.925188 PORTEVENT TC_34_2_2.ttcn3:912 Message with id 101 was extracted from the queue of MSC.
2026/Jun/24 06:45:02.925243 USER GSM_Functions.ttcn3:365 f_extractJsonInt: Searching for key '"bsc_slr"' in JSON: "{\"type\": \"EVENT_SMS_CP_DATA\", \"bsc_slr\": 6, \"ti_value\": 0, \"ti_flag\": 0, \"rp_mr\": 42, \"rp_msg_type\": 0, \"rp_error_cause\": 0, \"rp_hex\": \"002a000691214365870918012a05812143f500000fd3e61444aecbd3ee33681c66b301\"}"
2026/Jun/24 06:45:02.925267 USER GSM_Functions.ttcn3:372 f_extractJsonInt: Found key at position 30 (pattern: "\"bsc_slr\":")
2026/Jun/24 06:45:02.925284 USER GSM_Functions.ttcn3:422 f_extractJsonInt: Extracted number string '"6"' => integer 6
2026/Jun/24 06:45:02.925293 USER GSM_Functions.ttcn3:365 f_extractJsonInt: Searching for key '"ti_value"' in JSON: "{\"type\": \"EVENT_SMS_CP_DATA\", \"bsc_slr\": 6, \"ti_value\": 0, \"ti_flag\": 0, \"rp_mr\": 42, \"rp_msg_type\": 0, \"rp_error_cause\": 0, \"rp_hex\": \"002a000691214365870918012a05812143f500000fd3e61444aecbd3ee33681c66b301\"}"
2026/Jun/24 06:45:02.925319 USER GSM_Functions.ttcn3:372 f_extractJsonInt: Found key at position 44 (pattern: "\"ti_value\":")
2026/Jun/24 06:45:02.925327 USER GSM_Functions.ttcn3:422 f_extractJsonInt: Extracted number string '"0"' => integer 0
2026/Jun/24 06:45:02.925334 USER GSM_Functions.ttcn3:365 f_extractJsonInt: Searching for key '"ti_flag"' in JSON: "{\"type\": \"EVENT_SMS_CP_DATA\", \"bsc_slr\": 6, \"ti_value\": 0, \"ti_flag\": 0, \"rp_mr\": 42, \"rp_msg_type\": 0, \"rp_error_cause\": 0, \"rp_hex\": \"002a000691214365870918012a05812143f500000fd3e61444aecbd3ee33681c66b301\"}"
2026/Jun/24 06:45:02.925352 USER GSM_Functions.ttcn3:372 f_extractJsonInt: Found key at position 59 (pattern: "\"ti_flag\":")
2026/Jun/24 06:45:02.925359 USER GSM_Functions.ttcn3:422 f_extractJsonInt: Extracted number string '"0"' => integer 0
2026/Jun/24 06:45:02.925366 USER GSM_Functions.ttcn3:365 f_extractJsonInt: Searching for key '"rp_mr"' in JSON: "{\"type\": \"EVENT_SMS_CP_DATA\", \"bsc_slr\": 6, \"ti_value\": 0, \"ti_flag\": 0, \"rp_mr\": 42, \"rp_msg_type\": 0, \"rp_error_cause\": 0, \"rp_hex\": \"002a000691214365870918012a05812143f500000fd3e61444aecbd3ee33681c66b301\"}"
2026/Jun/24 06:45:02.925385 USER GSM_Functions.ttcn3:372 f_extractJsonInt: Found key at position 73 (pattern: "\"rp_mr\":")
2026/Jun/24 06:45:02.925394 USER GSM_Functions.ttcn3:422 f_extractJsonInt: Extracted number string '"42"' => integer 42
2026/Jun/24 06:45:02.925400 USER TC_34_2_2.ttcn3:918 SMS CP-DATA received during call: TI=0
2026/Jun/24 06:45:02.925406 TIMEROP TC_34_2_2.ttcn3:920 Stop timer T_sms: 60 s
2026/Jun/24 06:45:02.925416 USER TC_34_2_2.ttcn3:948 *** Completing SMS exchange during call ***
2026/Jun/24 06:45:02.925429 PORTEVENT TC_34_2_2.ttcn3:226 Sent on MSC to system charstring : "{\"command\": \"CMD_SEND_SMS_CP_ACK\", \"params\": {\"bsc_slr\": 6, \"ti_value\": 0, \"ti_flag\": 1}}"
2026/Jun/24 06:45:02.925462 USER TC_34_2_2.ttcn3:226 MSC_Port: TX: {"command": "CMD_SEND_SMS_CP_ACK", "params": {"bsc_slr": 6, "ti_value": 0, "ti_flag": 1}}
2026/Jun/24 06:45:02.925469 USER TC_34_2_2.ttcn3:227 Sent CP-ACK: TI=0 TI_flag=1
2026/Jun/24 06:45:02.925477 TIMEROP TC_34_2_2.ttcn3:230 Start timer T_ack: 1 s
2026/Jun/24 06:45:02.926133 USER TC_34_2_2.ttcn3:231 MSC_Port: RX: {"status": "ok", "sent": true}
2026/Jun/24 06:45:02.926144 PORTEVENT TC_34_2_2.ttcn3:231 Message enqueued on MSC from system charstring : "{\"status\": \"ok\", \"sent\": true}" id 102
2026/Jun/24 06:45:02.926152 PORTEVENT TC_34_2_2.ttcn3:232 Receive operation on port MSC succeeded, message from system(): charstring : "{\"status\": \"ok\", \"sent\": true}" id 102
2026/Jun/24 06:45:02.926156 PORTEVENT TC_34_2_2.ttcn3:232 Message with id 102 was extracted from the queue of MSC.
2026/Jun/24 06:45:02.926159 TIMEROP TC_34_2_2.ttcn3:232 Stop timer T_ack: 1 s
2026/Jun/24 06:45:02.926170 PORTEVENT TC_34_2_2.ttcn3:243 Sent on MSC to system charstring : "{\"command\": \"CMD_SEND_SMS_CP_DATA_RP_ACK\", \"params\": {\"bsc_slr\": 6, \"ti_value\": 0, \"ti_flag\": 1, \"rp_mr\": 42}}"
2026/Jun/24 06:45:02.926190 USER TC_34_2_2.ttcn3:243 MSC_Port: TX: {"command": "CMD_SEND_SMS_CP_DATA_RP_ACK", "params": {"bsc_slr": 6, "ti_value": 0, "ti_flag": 1, "rp_mr": 42}}
2026/Jun/24 06:45:02.926197 USER TC_34_2_2.ttcn3:244 Sent CP-DATA(RP-ACK): TI=0 RP-MR=42
2026/Jun/24 06:45:02.926204 TIMEROP TC_34_2_2.ttcn3:247 Start timer T_ack: 1 s
2026/Jun/24 06:45:02.926587 USER TC_34_2_2.ttcn3:248 MSC_Port: RX: {"status": "ok", "sent": true}
2026/Jun/24 06:45:02.926619 PORTEVENT TC_34_2_2.ttcn3:248 Message enqueued on MSC from system charstring : "{\"status\": \"ok\", \"sent\": true}" id 103
2026/Jun/24 06:45:02.926634 PORTEVENT TC_34_2_2.ttcn3:249 Receive operation on port MSC succeeded, message from system(): charstring : "{\"status\": \"ok\", \"sent\": true}" id 103
2026/Jun/24 06:45:02.926641 PORTEVENT TC_34_2_2.ttcn3:249 Message with id 103 was extracted from the queue of MSC.
2026/Jun/24 06:45:02.926653 TIMEROP TC_34_2_2.ttcn3:249 Stop timer T_ack: 1 s
2026/Jun/24 06:45:02.926663 TIMEROP TC_34_2_2.ttcn3:196 Start timer T_wait: 25 s
2026/Jun/24 06:45:04.321635 USER TC_34_2_2.ttcn3:197 VTY_PT: Received data (buffered): 39 bytes
2026/Jun/24 06:45:04.337119 USER TC_34_2_2.ttcn3:197 MSC_Port: RX: {"type": "EVENT_DTAP", "bsc_slr": 6, "pd": 9, "msg_type": 4}
2026/Jun/24 06:45:04.337200 PORTEVENT TC_34_2_2.ttcn3:197 Message enqueued on MSC from system charstring : "{\"type\": \"EVENT_DTAP\", \"bsc_slr\": 6, \"pd\": 9, \"msg_type\": 4}" id 104
2026/Jun/24 06:45:04.337217 USER TC_34_2_2.ttcn3:197 MSC_Port: RX: {"type": "EVENT_SMS_CP_ACK", "bsc_slr": 6, "ti_value": 0, "ti_flag": 0}
2026/Jun/24 06:45:04.337226 PORTEVENT TC_34_2_2.ttcn3:197 Message enqueued on MSC from system charstring : "{\"type\": \"EVENT_SMS_CP_ACK\", \"bsc_slr\": 6, \"ti_value\": 0, \"ti_flag\": 0}" id 105
2026/Jun/24 06:45:04.337241 PORTEVENT TC_34_2_2.ttcn3:198 Receive operation on port MSC succeeded, message from system(): charstring : "{\"type\": \"EVENT_DTAP\", \"bsc_slr\": 6, \"pd\": 9, \"msg_type\": 4}" id 104
2026/Jun/24 06:45:04.337250 PORTEVENT TC_34_2_2.ttcn3:198 Message with id 104 was extracted from the queue of MSC.
2026/Jun/24 06:45:04.337345 USER TC_34_2_2.ttcn3:208 Event while waiting for CP-ACK: "{\"type\": \"EVENT_DTAP\", \"bsc_slr\": 6, \"pd\": 9, \"msg_type\": 4}"
2026/Jun/24 06:45:04.337365 PORTEVENT TC_34_2_2.ttcn3:198 Receive operation on port MSC succeeded, message from system(): charstring : "{\"type\": \"EVENT_SMS_CP_ACK\", \"bsc_slr\": 6, \"ti_value\": 0, \"ti_flag\": 0}" id 105
2026/Jun/24 06:45:04.337370 PORTEVENT TC_34_2_2.ttcn3:198 Message with id 105 was extracted from the queue of MSC.
2026/Jun/24 06:45:04.337416 USER TC_34_2_2.ttcn3:200 CP-ACK received
2026/Jun/24 06:45:04.337426 TIMEROP TC_34_2_2.ttcn3:202 Stop timer T_wait: 25 s
2026/Jun/24 06:45:04.337439 USER TC_34_2_2.ttcn3:953 SMS exchange completed during active call
2026/Jun/24 06:45:04.337446 USER TC_34_2_2.ttcn3:960 *** Step 12: Tearing down voice call ***
2026/Jun/24 06:45:04.337461 PORTEVENT TC_34_2_2.ttcn3:371 Sent on MSC to system charstring : "{\"command\": \"CMD_SEND_CC_DISCONNECT\", \"params\": {\"bsc_slr\": 6, \"ti_value\": 0, \"ti_flag\": 1, \"cause\": 16}}"
2026/Jun/24 06:45:04.337494 USER TC_34_2_2.ttcn3:371 MSC_Port: TX: {"command": "CMD_SEND_CC_DISCONNECT", "params": {"bsc_slr": 6, "ti_value": 0, "ti_flag": 1, "cause": 16}}
2026/Jun/24 06:45:04.337503 USER TC_34_2_2.ttcn3:372 Sent CC DISCONNECT: TI=0 cause=16
2026/Jun/24 06:45:04.337513 TIMEROP TC_34_2_2.ttcn3:374 Start timer T_ack: 1 s
2026/Jun/24 06:45:04.338145 USER TC_34_2_2.ttcn3:375 MSC_Port: RX: {"status": "ok", "sent": true}
2026/Jun/24 06:45:04.338178 PORTEVENT TC_34_2_2.ttcn3:375 Message enqueued on MSC from system charstring : "{\"status\": \"ok\", \"sent\": true}" id 106
2026/Jun/24 06:45:04.338192 PORTEVENT TC_34_2_2.ttcn3:376 Receive operation on port MSC succeeded, message from system(): charstring : "{\"status\": \"ok\", \"sent\": true}" id 106
2026/Jun/24 06:45:04.338198 PORTEVENT TC_34_2_2.ttcn3:376 Message with id 106 was extracted from the queue of MSC.
2026/Jun/24 06:45:04.338202 TIMEROP TC_34_2_2.ttcn3:376 Stop timer T_ack: 1 s
2026/Jun/24 06:45:04.338209 TIMEROP TC_34_2_2.ttcn3:965 Start timer T_release: 10 s
2026/Jun/24 06:45:04.362855 USER TC_34_2_2.ttcn3:966 VTY_PT: Received data (buffered): 37 bytes
2026/Jun/24 06:45:04.382766 USER TC_34_2_2.ttcn3:966 MSC_Port: RX: {"type": "EVENT_DTAP", "bsc_slr": 6, "pd": 3, "msg_type": 45}
2026/Jun/24 06:45:04.382845 PORTEVENT TC_34_2_2.ttcn3:966 Message enqueued on MSC from system charstring : "{\"type\": \"EVENT_DTAP\", \"bsc_slr\": 6, \"pd\": 3, \"msg_type\": 45}" id 107
2026/Jun/24 06:45:04.382863 USER TC_34_2_2.ttcn3:966 MSC_Port: RX: {"type": "EVENT_CC_RELEASE", "bsc_slr": 6, "ti_value": 0, "ti_flag": 0}
2026/Jun/24 06:45:04.382872 PORTEVENT TC_34_2_2.ttcn3:966 Message enqueued on MSC from system charstring : "{\"type\": \"EVENT_CC_RELEASE\", \"bsc_slr\": 6, \"ti_value\": 0, \"ti_flag\": 0}" id 108
2026/Jun/24 06:45:04.382896 PORTEVENT TC_34_2_2.ttcn3:967 Receive operation on port MSC succeeded, message from system(): charstring : "{\"type\": \"EVENT_DTAP\", \"bsc_slr\": 6, \"pd\": 3, \"msg_type\": 45}" id 107
2026/Jun/24 06:45:04.382906 PORTEVENT TC_34_2_2.ttcn3:967 Message with id 107 was extracted from the queue of MSC.
2026/Jun/24 06:45:04.382994 USER TC_34_2_2.ttcn3:975 Event during call teardown: "{\"type\": \"EVENT_DTAP\", \"bsc_slr\": 6, \"pd\": 3, \"msg_type\": 45}"
2026/Jun/24 06:45:04.383015 PORTEVENT TC_34_2_2.ttcn3:967 Receive operation on port MSC succeeded, message from system(): charstring : "{\"type\": \"EVENT_CC_RELEASE\", \"bsc_slr\": 6, \"ti_value\": 0, \"ti_flag\": 0}" id 108
2026/Jun/24 06:45:04.383020 PORTEVENT TC_34_2_2.ttcn3:967 Message with id 108 was extracted from the queue of MSC.
2026/Jun/24 06:45:04.383069 USER TC_34_2_2.ttcn3:969 CC RELEASE received
2026/Jun/24 06:45:04.383078 TIMEROP TC_34_2_2.ttcn3:970 Stop timer T_release: 10 s
2026/Jun/24 06:45:04.383100 PORTEVENT TC_34_2_2.ttcn3:384 Sent on MSC to system charstring : "{\"command\": \"CMD_SEND_CC_RELEASE_COMPLETE\", \"params\": {\"bsc_slr\": 6, \"ti_value\": 0, \"ti_flag\": 1}}"
2026/Jun/24 06:45:04.383133 USER TC_34_2_2.ttcn3:384 MSC_Port: TX: {"command": "CMD_SEND_CC_RELEASE_COMPLETE", "params": {"bsc_slr": 6, "ti_value": 0, "ti_flag": 1}}
2026/Jun/24 06:45:04.383142 USER TC_34_2_2.ttcn3:385 Sent CC RELEASE COMPLETE: TI=0
2026/Jun/24 06:45:04.383151 TIMEROP TC_34_2_2.ttcn3:387 Start timer T_ack: 1 s
2026/Jun/24 06:45:04.383757 USER TC_34_2_2.ttcn3:388 MSC_Port: RX: {"status": "ok", "sent": true}
2026/Jun/24 06:45:04.383786 PORTEVENT TC_34_2_2.ttcn3:388 Message enqueued on MSC from system charstring : "{\"status\": \"ok\", \"sent\": true}" id 109
2026/Jun/24 06:45:04.383798 PORTEVENT TC_34_2_2.ttcn3:389 Receive operation on port MSC succeeded, message from system(): charstring : "{\"status\": \"ok\", \"sent\": true}" id 109
2026/Jun/24 06:45:04.383804 PORTEVENT TC_34_2_2.ttcn3:389 Message with id 109 was extracted from the queue of MSC.
2026/Jun/24 06:45:04.383808 TIMEROP TC_34_2_2.ttcn3:389 Stop timer T_ack: 1 s
2026/Jun/24 06:45:04.383819 PORTEVENT TC_34_2_2.ttcn3:308 Sent on MSC to system charstring : "{\"command\": \"CMD_SEND_CLEAR_CMD\", \"params\": {\"bsc_slr\": 6, \"cause\": 0}}"
2026/Jun/24 06:45:04.383864 USER TC_34_2_2.ttcn3:308 MSC_Port: TX: {"command": "CMD_SEND_CLEAR_CMD", "params": {"bsc_slr": 6, "cause": 0}}
2026/Jun/24 06:45:04.383876 USER TC_34_2_2.ttcn3:309 Sent CLEAR COMMAND for bsc_slr=6
2026/Jun/24 06:45:04.383883 TIMEROP TC_34_2_2.ttcn3:74 Start timer T_drain: 5 s
2026/Jun/24 06:45:04.384132 USER TC_34_2_2.ttcn3:75 MSC_Port: RX: {"status": "ok"}
2026/Jun/24 06:45:04.384152 PORTEVENT TC_34_2_2.ttcn3:75 Message enqueued on MSC from system charstring : "{\"status\": \"ok\"}" id 110
2026/Jun/24 06:45:04.384162 PORTEVENT TC_34_2_2.ttcn3:76 Receive operation on port MSC succeeded, message from system(): charstring : "{\"status\": \"ok\"}" id 110
2026/Jun/24 06:45:04.384167 PORTEVENT TC_34_2_2.ttcn3:76 Message with id 110 was extracted from the queue of MSC.
2026/Jun/24 06:45:04.384171 USER TC_34_2_2.ttcn3:77 Draining event: "{\"status\": \"ok\"}"
2026/Jun/24 06:45:04.591520 USER TC_34_2_2.ttcn3:75 MSC_Port: RX: {"type": "EVENT_BSSMAP_CLEAR_COMPLETE", "bsc_slr": 6}
2026/Jun/24 06:45:04.591595 PORTEVENT TC_34_2_2.ttcn3:75 Message enqueued on MSC from system charstring : "{\"type\": \"EVENT_BSSMAP_CLEAR_COMPLETE\", \"bsc_slr\": 6}" id 111
2026/Jun/24 06:45:04.591621 PORTEVENT TC_34_2_2.ttcn3:76 Receive operation on port MSC succeeded, message from system(): charstring : "{\"type\": \"EVENT_BSSMAP_CLEAR_COMPLETE\", \"bsc_slr\": 6}" id 111
2026/Jun/24 06:45:04.591630 PORTEVENT TC_34_2_2.ttcn3:76 Message with id 111 was extracted from the queue of MSC.
2026/Jun/24 06:45:04.591635 USER TC_34_2_2.ttcn3:77 Draining event: "{\"type\": \"EVENT_BSSMAP_CLEAR_COMPLETE\", \"bsc_slr\": 6}"
2026/Jun/24 06:45:05.385062 USER TC_34_2_2.ttcn3:75 MSC_Port: RX: {"type": "HEARTBEAT"}
2026/Jun/24 06:45:05.385154 PORTEVENT TC_34_2_2.ttcn3:75 Message enqueued on MSC from system charstring : "{\"type\": \"HEARTBEAT\"}" id 112
2026/Jun/24 06:45:05.385177 PORTEVENT TC_34_2_2.ttcn3:76 Receive operation on port MSC succeeded, message from system(): charstring : "{\"type\": \"HEARTBEAT\"}" id 112
2026/Jun/24 06:45:05.385187 PORTEVENT TC_34_2_2.ttcn3:76 Message with id 112 was extracted from the queue of MSC.
2026/Jun/24 06:45:05.385191 USER TC_34_2_2.ttcn3:77 Draining event: "{\"type\": \"HEARTBEAT\"}"
2026/Jun/24 06:45:06.924482 USER TC_34_2_2.ttcn3:75 VTY_PT: Received data (buffered): 61 bytes
2026/Jun/24 06:45:09.386065 TIMEROP TC_34_2_2.ttcn3:80 Timeout T_drain: 5 s
2026/Jun/24 06:45:09.386164 USER TC_34_2_2.ttcn3:81 Drain period complete
2026/Jun/24 06:45:09.386207 TIMEROP TC_34_2_2.ttcn3:74 Start timer T_drain: 10 s
2026/Jun/24 06:45:10.390025 USER TC_34_2_2.ttcn3:75 MSC_Port: RX: {"type": "HEARTBEAT"}
2026/Jun/24 06:45:10.390100 PORTEVENT TC_34_2_2.ttcn3:75 Message enqueued on MSC from system charstring : "{\"type\": \"HEARTBEAT\"}" id 113
2026/Jun/24 06:45:10.390125 PORTEVENT TC_34_2_2.ttcn3:76 Receive operation on port MSC succeeded, message from system(): charstring : "{\"type\": \"HEARTBEAT\"}" id 113
2026/Jun/24 06:45:10.390136 PORTEVENT TC_34_2_2.ttcn3:76 Message with id 113 was extracted from the queue of MSC.
2026/Jun/24 06:45:10.390141 USER TC_34_2_2.ttcn3:77 Draining event: "{\"type\": \"HEARTBEAT\"}"
2026/Jun/24 06:45:15.395110 USER TC_34_2_2.ttcn3:75 MSC_Port: RX: {"type": "HEARTBEAT"}
2026/Jun/24 06:45:15.395216 PORTEVENT TC_34_2_2.ttcn3:75 Message enqueued on MSC from system charstring : "{\"type\": \"HEARTBEAT\"}" id 114
2026/Jun/24 06:45:15.395259 PORTEVENT TC_34_2_2.ttcn3:76 Receive operation on port MSC succeeded, message from system(): charstring : "{\"type\": \"HEARTBEAT\"}" id 114
2026/Jun/24 06:45:15.395279 PORTEVENT TC_34_2_2.ttcn3:76 Message with id 114 was extracted from the queue of MSC.
2026/Jun/24 06:45:15.395292 USER TC_34_2_2.ttcn3:77 Draining event: "{\"type\": \"HEARTBEAT\"}"
2026/Jun/24 06:45:19.388878 TIMEROP TC_34_2_2.ttcn3:80 Timeout T_drain: 10 s
2026/Jun/24 06:45:19.388971 USER TC_34_2_2.ttcn3:81 Drain period complete
2026/Jun/24 06:45:19.389010 USER TC_34_2_2.ttcn3:993 *** Part 2 PASS: MS sent MO-SMS during active voice call ***
2026/Jun/24 06:45:19.389028 USER TC_34_2_2.ttcn3:1343 ##########################################################
2026/Jun/24 06:45:19.389041 USER TC_34_2_2.ttcn3:1344 ### PART 3: Simultaneous MO + MT SMS ###
2026/Jun/24 06:45:19.389054 USER TC_34_2_2.ttcn3:1345 ##########################################################
2026/Jun/24 06:45:19.389067 USER TC_34_2_2.ttcn3:1016 ==========================================================
2026/Jun/24 06:45:19.389080 USER TC_34_2_2.ttcn3:1017 *** Part 3: Simultaneous MO + MT SMS ***
2026/Jun/24 06:45:19.389092 USER TC_34_2_2.ttcn3:1018 ==========================================================
2026/Jun/24 06:45:19.389107 USER TC_34_2_2.ttcn3:1023 --- Part 3 MO-SMS attempt #1 of 3 ---
2026/Jun/24 06:45:19.389137 USER TC_34_2_2.ttcn3:398 Triggering MO-SMS via VTY: number="12345" text='"Hello Part3 SimSMS"'
2026/Jun/24 06:45:19.389166 USER GSM_Component_Definitions.ttcn3:455 VTY: Sending command: "enable"
2026/Jun/24 06:45:19.389194 PORTEVENT GSM_Component_Definitions.ttcn3:456 Sent on VTY to system charstring : "enable"
2026/Jun/24 06:45:19.389223 USER GSM_Component_Definitions.ttcn3:456 VTY_PT: Sending command: "enable"
2026/Jun/24 06:45:19.589435 USER GSM_Component_Definitions.ttcn3:456 VTY_PT: Received response: 
% (MS 1)
% SMS to 12345 successful

% (MS 1)
% Call: Remote hangs up

% (MS 1)
% On Network, normal service: International, 70
enable
% Unknown command.
OsmocomBB(mobile)# 
OsmocomBB(mobile)# 
2026/Jun/24 06:45:19.589566 PORTEVENT GSM_Component_Definitions.ttcn3:456 Message enqueued on VTY from system charstring : "\r\n% (MS 1)\r\n% SMS to 12345 successful\r\n\r\n% (MS 1)\r\n% Call: Remote hangs up\r\n\r\n% (MS 1)\r\n% On Network, normal service: International, 70\r\nenable\r\n% Unknown command.\r\nOsmocomBB(mobile)# \r\nOsmocomBB(mobile)# " id 15
2026/Jun/24 06:45:19.589619 TIMEROP GSM_Component_Definitions.ttcn3:459 Start timer T_vty: 5 s
2026/Jun/24 06:45:19.589670 PORTEVENT GSM_Component_Definitions.ttcn3:462 Receive operation on port VTY succeeded, message from system(): charstring : "\r\n% (MS 1)\r\n% SMS to 12345 successful\r\n\r\n% (MS 1)\r\n% Call: Remote hangs up\r\n\r\n% (MS 1)\r\n% On Network, normal service: International, 70\r\nenable\r\n% Unknown command.\r\nOsmocomBB(mobile)# \r\nOsmocomBB(mobile)# " id 15
2026/Jun/24 06:45:19.589690 PORTEVENT GSM_Component_Definitions.ttcn3:462 Message with id 15 was extracted from the queue of VTY.
2026/Jun/24 06:45:19.589702 TIMEROP GSM_Component_Definitions.ttcn3:463 Stop timer T_vty: 5 s
2026/Jun/24 06:45:19.589713 USER GSM_Component_Definitions.ttcn3:464 VTY: Received response: "\r\n% (MS 1)\r\n% SMS to 12345 successful\r\n\r\n% (MS 1)\r\n% Call: Remote hangs up\r\n\r\n% (MS 1)\r\n% On Network, normal service: International, 70\r\nenable\r\n% Unknown command.\r\nOsmocomBB(mobile)# \r\nOsmocomBB(mobile)# "
2026/Jun/24 06:45:19.589755 USER GSM_Component_Definitions.ttcn3:455 VTY: Sending command: "sms 1 12345 Hello Part3 SimSMS"
2026/Jun/24 06:45:19.589785 PORTEVENT GSM_Component_Definitions.ttcn3:456 Sent on VTY to system charstring : "sms 1 12345 Hello Part3 SimSMS"
2026/Jun/24 06:45:19.589803 USER GSM_Component_Definitions.ttcn3:456 VTY_PT: Sending command: "sms 1 12345 Hello Part3 SimSMS"
2026/Jun/24 06:45:19.792876 USER GSM_Component_Definitions.ttcn3:456 VTY_PT: Received response: sms 1 12345 Hello Part3 SimSMS
OsmocomBB(mobile)# 
OsmocomBB(mobile)# 
2026/Jun/24 06:45:19.792961 PORTEVENT GSM_Component_Definitions.ttcn3:456 Message enqueued on VTY from system charstring : "sms 1 12345 Hello Part3 SimSMS\r\nOsmocomBB(mobile)# \r\nOsmocomBB(mobile)# " id 16
2026/Jun/24 06:45:19.792981 TIMEROP GSM_Component_Definitions.ttcn3:459 Start timer T_vty: 5 s
2026/Jun/24 06:45:19.793002 PORTEVENT GSM_Component_Definitions.ttcn3:462 Receive operation on port VTY succeeded, message from system(): charstring : "sms 1 12345 Hello Part3 SimSMS\r\nOsmocomBB(mobile)# \r\nOsmocomBB(mobile)# " id 16
2026/Jun/24 06:45:19.793011 PORTEVENT GSM_Component_Definitions.ttcn3:462 Message with id 16 was extracted from the queue of VTY.
2026/Jun/24 06:45:19.793016 TIMEROP GSM_Component_Definitions.ttcn3:463 Stop timer T_vty: 5 s
2026/Jun/24 06:45:19.793020 USER GSM_Component_Definitions.ttcn3:464 VTY: Received response: "sms 1 12345 Hello Part3 SimSMS\r\nOsmocomBB(mobile)# \r\nOsmocomBB(mobile)# "
2026/Jun/24 06:45:19.793032 USER TC_34_2_2.ttcn3:402 VTY sms response: "sms 1 12345 Hello Part3 SimSMS\r\nOsmocomBB(mobile)# \r\nOsmocomBB(mobile)# "
2026/Jun/24 06:45:19.793042 TIMEROP TC_34_2_2.ttcn3:94 Start timer T_wait: 60 s
2026/Jun/24 06:45:20.106067 USER TC_34_2_2.ttcn3:95 MSC_Port: RX: {"type": "EVENT_CM_SERVICE_REQUEST", "bsc_slr": 7, "cm_service_type": 4, "cm_service_type_name": "Short message service"}
2026/Jun/24 06:45:20.106141 PORTEVENT TC_34_2_2.ttcn3:95 Message enqueued on MSC from system charstring : "{\"type\": \"EVENT_CM_SERVICE_REQUEST\", \"bsc_slr\": 7, \"cm_service_type\": 4, \"cm_service_type_name\": \"Short message service\"}" id 115
2026/Jun/24 06:45:20.106170 PORTEVENT TC_34_2_2.ttcn3:96 Receive operation on port MSC succeeded, message from system(): charstring : "{\"type\": \"EVENT_CM_SERVICE_REQUEST\", \"bsc_slr\": 7, \"cm_service_type\": 4, \"cm_service_type_name\": \"Short message service\"}" id 115
2026/Jun/24 06:45:20.106179 PORTEVENT TC_34_2_2.ttcn3:96 Message with id 115 was extracted from the queue of MSC.
2026/Jun/24 06:45:20.106301 USER GSM_Functions.ttcn3:365 f_extractJsonInt: Searching for key '"bsc_slr"' in JSON: "{\"type\": \"EVENT_CM_SERVICE_REQUEST\", \"bsc_slr\": 7, \"cm_service_type\": 4, \"cm_service_type_name\": \"Short message service\"}"
2026/Jun/24 06:45:20.106329 USER GSM_Functions.ttcn3:372 f_extractJsonInt: Found key at position 37 (pattern: "\"bsc_slr\":")
2026/Jun/24 06:45:20.106345 USER GSM_Functions.ttcn3:422 f_extractJsonInt: Extracted number string '"7"' => integer 7
2026/Jun/24 06:45:20.106361 USER GSM_Functions.ttcn3:365 f_extractJsonInt: Searching for key '"service_type"' in JSON: "{\"type\": \"EVENT_CM_SERVICE_REQUEST\", \"bsc_slr\": 7, \"cm_service_type\": 4, \"cm_service_type_name\": \"Short message service\"}"
2026/Jun/24 06:45:20.106392 USER GSM_Functions.ttcn3:391 f_extractJsonInt: Key '"service_type"' NOT found, returning 0
2026/Jun/24 06:45:20.106404 USER TC_34_2_2.ttcn3:100 CM SERVICE REQUEST received: bsc_slr=7 service_type=0
2026/Jun/24 06:45:20.106411 TIMEROP TC_34_2_2.ttcn3:101 Stop timer T_wait: 60 s
2026/Jun/24 06:45:20.106428 PORTEVENT TC_34_2_2.ttcn3:104 Sent on MSC to system charstring : "{\"command\": \"CMD_SEND_CM_SERVICE_ACCEPT\", \"params\": {\"bsc_slr\": 7}}"
2026/Jun/24 06:45:20.106474 USER TC_34_2_2.ttcn3:104 MSC_Port: TX: {"command": "CMD_SEND_CM_SERVICE_ACCEPT", "params": {"bsc_slr": 7}}
2026/Jun/24 06:45:20.106482 TIMEROP TC_34_2_2.ttcn3:107 Start timer T_ack: 2 s
2026/Jun/24 06:45:20.106862 USER TC_34_2_2.ttcn3:108 MSC_Port: RX: {"status": "ok", "sent": true}
2026/Jun/24 06:45:20.106896 PORTEVENT TC_34_2_2.ttcn3:108 Message enqueued on MSC from system charstring : "{\"status\": \"ok\", \"sent\": true}" id 116
2026/Jun/24 06:45:20.106910 PORTEVENT TC_34_2_2.ttcn3:109 Receive operation on port MSC succeeded, message from system(): charstring : "{\"status\": \"ok\", \"sent\": true}" id 116
2026/Jun/24 06:45:20.106916 PORTEVENT TC_34_2_2.ttcn3:109 Message with id 116 was extracted from the queue of MSC.
2026/Jun/24 06:45:20.106920 TIMEROP TC_34_2_2.ttcn3:110 Stop timer T_ack: 2 s
2026/Jun/24 06:45:20.106928 TIMEROP TC_34_2_2.ttcn3:162 Start timer T_wait: 60 s
2026/Jun/24 06:45:21.047688 USER TC_34_2_2.ttcn3:163 MSC_Port: RX: {"type": "EVENT_DTAP", "bsc_slr": 7, "pd": 9, "msg_type": 1}
2026/Jun/24 06:45:21.047774 PORTEVENT TC_34_2_2.ttcn3:163 Message enqueued on MSC from system charstring : "{\"type\": \"EVENT_DTAP\", \"bsc_slr\": 7, \"pd\": 9, \"msg_type\": 1}" id 117
2026/Jun/24 06:45:21.047801 PORTEVENT TC_34_2_2.ttcn3:164 Receive operation on port MSC succeeded, message from system(): charstring : "{\"type\": \"EVENT_DTAP\", \"bsc_slr\": 7, \"pd\": 9, \"msg_type\": 1}" id 117
2026/Jun/24 06:45:21.047811 PORTEVENT TC_34_2_2.ttcn3:164 Message with id 117 was extracted from the queue of MSC.
2026/Jun/24 06:45:21.047928 USER TC_34_2_2.ttcn3:178 Event while waiting for CP-DATA: "{\"type\": \"EVENT_DTAP\", \"bsc_slr\": 7, \"pd\": 9, \"msg_type\": 1}"
2026/Jun/24 06:45:21.047955 USER TC_34_2_2.ttcn3:163 MSC_Port: RX: {"type": "EVENT_SMS_CP_DATA", "bsc_slr": 7, "ti_value": 0, "ti_flag": 0, "rp_mr": 42, "rp_msg_type": 0, "rp_error_cause": 0, "rp_hex": "002a00069121436587091a012a05812143f5000012c8329bfd0641c372fa0c344db7a7cd29"}
2026/Jun/24 06:45:21.047969 PORTEVENT TC_34_2_2.ttcn3:163 Message enqueued on MSC from system charstring : "{\"type\": \"EVENT_SMS_CP_DATA\", \"bsc_slr\": 7, \"ti_value\": 0, \"ti_flag\": 0, \"rp_mr\": 42, \"rp_msg_type\": 0, \"rp_error_cause\": 0, \"rp_hex\": \"002a00069121436587091a012a05812143f5000012c8329bfd0641c372fa0c344db7a7cd29\"}" id 118
2026/Jun/24 06:45:21.047982 PORTEVENT TC_34_2_2.ttcn3:164 Receive operation on port MSC succeeded, message from system(): charstring : "{\"type\": \"EVENT_SMS_CP_DATA\", \"bsc_slr\": 7, \"ti_value\": 0, \"ti_flag\": 0, \"rp_mr\": 42, \"rp_msg_type\": 0, \"rp_error_cause\": 0, \"rp_hex\": \"002a00069121436587091a012a05812143f5000012c8329bfd0641c372fa0c344db7a7cd29\"}" id 118
2026/Jun/24 06:45:21.047988 PORTEVENT TC_34_2_2.ttcn3:164 Message with id 118 was extracted from the queue of MSC.
2026/Jun/24 06:45:21.048045 USER GSM_Functions.ttcn3:365 f_extractJsonInt: Searching for key '"bsc_slr"' in JSON: "{\"type\": \"EVENT_SMS_CP_DATA\", \"bsc_slr\": 7, \"ti_value\": 0, \"ti_flag\": 0, \"rp_mr\": 42, \"rp_msg_type\": 0, \"rp_error_cause\": 0, \"rp_hex\": \"002a00069121436587091a012a05812143f5000012c8329bfd0641c372fa0c344db7a7cd29\"}"
2026/Jun/24 06:45:21.048072 USER GSM_Functions.ttcn3:372 f_extractJsonInt: Found key at position 30 (pattern: "\"bsc_slr\":")
2026/Jun/24 06:45:21.048099 USER GSM_Functions.ttcn3:422 f_extractJsonInt: Extracted number string '"7"' => integer 7
2026/Jun/24 06:45:21.048108 USER GSM_Functions.ttcn3:365 f_extractJsonInt: Searching for key '"ti_value"' in JSON: "{\"type\": \"EVENT_SMS_CP_DATA\", \"bsc_slr\": 7, \"ti_value\": 0, \"ti_flag\": 0, \"rp_mr\": 42, \"rp_msg_type\": 0, \"rp_error_cause\": 0, \"rp_hex\": \"002a00069121436587091a012a05812143f5000012c8329bfd0641c372fa0c344db7a7cd29\"}"
2026/Jun/24 06:45:21.048127 USER GSM_Functions.ttcn3:372 f_extractJsonInt: Found key at position 44 (pattern: "\"ti_value\":")
2026/Jun/24 06:45:21.048135 USER GSM_Functions.ttcn3:422 f_extractJsonInt: Extracted number string '"0"' => integer 0
2026/Jun/24 06:45:21.048141 USER GSM_Functions.ttcn3:365 f_extractJsonInt: Searching for key '"ti_flag"' in JSON: "{\"type\": \"EVENT_SMS_CP_DATA\", \"bsc_slr\": 7, \"ti_value\": 0, \"ti_flag\": 0, \"rp_mr\": 42, \"rp_msg_type\": 0, \"rp_error_cause\": 0, \"rp_hex\": \"002a00069121436587091a012a05812143f5000012c8329bfd0641c372fa0c344db7a7cd29\"}"
2026/Jun/24 06:45:21.048159 USER GSM_Functions.ttcn3:372 f_extractJsonInt: Found key at position 59 (pattern: "\"ti_flag\":")
2026/Jun/24 06:45:21.048167 USER GSM_Functions.ttcn3:422 f_extractJsonInt: Extracted number string '"0"' => integer 0
2026/Jun/24 06:45:21.048173 USER GSM_Functions.ttcn3:365 f_extractJsonInt: Searching for key '"rp_mr"' in JSON: "{\"type\": \"EVENT_SMS_CP_DATA\", \"bsc_slr\": 7, \"ti_value\": 0, \"ti_flag\": 0, \"rp_mr\": 42, \"rp_msg_type\": 0, \"rp_error_cause\": 0, \"rp_hex\": \"002a00069121436587091a012a05812143f5000012c8329bfd0641c372fa0c344db7a7cd29\"}"
2026/Jun/24 06:45:21.048192 USER GSM_Functions.ttcn3:372 f_extractJsonInt: Found key at position 73 (pattern: "\"rp_mr\":")
2026/Jun/24 06:45:21.048200 USER GSM_Functions.ttcn3:422 f_extractJsonInt: Extracted number string '"42"' => integer 42
2026/Jun/24 06:45:21.048206 USER TC_34_2_2.ttcn3:170 CP-DATA received: TI=0 TI_flag=0 RP-MR=42
2026/Jun/24 06:45:21.048213 TIMEROP TC_34_2_2.ttcn3:172 Stop timer T_wait: 60 s
2026/Jun/24 06:45:21.048226 USER TC_34_2_2.ttcn3:1050 *** MO-SMS CP-DATA received: TI=0 ***
2026/Jun/24 06:45:21.048256 USER TC_34_2_2.ttcn3:1060 *** Sending MT-SMS with TI=1 while MO-SMS pending ***
2026/Jun/24 06:45:21.048274 PORTEVENT TC_34_2_2.ttcn3:278 Sent on MSC to system charstring : "{\"command\": \"CMD_SEND_SMS_CP_DATA_SMS_DELIVER\", \"params\": {\"bsc_slr\": 7, \"ti_value\": 1, \"ti_flag\": 0, \"rp_mr\": 42, \"originating_address\": \"5555555555\", \"service_center\": \"1111111111\", \"message\": \"MT Test Msg\"}}"
2026/Jun/24 06:45:21.048323 USER TC_34_2_2.ttcn3:278 MSC_Port: TX: {"command": "CMD_SEND_SMS_CP_DATA_SMS_DELIVER", "params": {"bsc_slr": 7, "ti_value": 1, "ti_flag": 0, "rp_mr": 42, "originating_address": "5555555555", "service_center": "1111111111", "message": "MT Test Msg"}}
2026/Jun/24 06:45:21.048331 USER TC_34_2_2.ttcn3:279 Sent CP-DATA(SMS-DELIVER): TI=1 msg='"MT Test Msg"'
2026/Jun/24 06:45:21.048340 TIMEROP TC_34_2_2.ttcn3:281 Start timer T_ack: 1 s
2026/Jun/24 06:45:21.048882 USER TC_34_2_2.ttcn3:282 MSC_Port: RX: {"status": "ok", "sent": true}
2026/Jun/24 06:45:21.048909 PORTEVENT TC_34_2_2.ttcn3:282 Message enqueued on MSC from system charstring : "{\"status\": \"ok\", \"sent\": true}" id 119
2026/Jun/24 06:45:21.048921 PORTEVENT TC_34_2_2.ttcn3:283 Receive operation on port MSC succeeded, message from system(): charstring : "{\"status\": \"ok\", \"sent\": true}" id 119
2026/Jun/24 06:45:21.048927 PORTEVENT TC_34_2_2.ttcn3:283 Message with id 119 was extracted from the queue of MSC.
2026/Jun/24 06:45:21.048931 TIMEROP TC_34_2_2.ttcn3:283 Stop timer T_ack: 1 s
2026/Jun/24 06:45:21.048938 TIMEROP TC_34_2_2.ttcn3:1070 Start timer T_mt: 75 s
2026/Jun/24 06:45:21.847784 USER TC_34_2_2.ttcn3:1071 VTY_PT: Received data (buffered): 51 bytes
2026/Jun/24 06:45:21.988411 USER TC_34_2_2.ttcn3:1071 MSC_Port: RX: {"type": "EVENT_DTAP", "bsc_slr": 7, "pd": 9, "msg_type": 4}
2026/Jun/24 06:45:21.988475 PORTEVENT TC_34_2_2.ttcn3:1071 Message enqueued on MSC from system charstring : "{\"type\": \"EVENT_DTAP\", \"bsc_slr\": 7, \"pd\": 9, \"msg_type\": 4}" id 120
2026/Jun/24 06:45:21.988505 PORTEVENT TC_34_2_2.ttcn3:1072 Receive operation on port MSC succeeded, message from system(): charstring : "{\"type\": \"EVENT_DTAP\", \"bsc_slr\": 7, \"pd\": 9, \"msg_type\": 4}" id 120
2026/Jun/24 06:45:21.988513 PORTEVENT TC_34_2_2.ttcn3:1072 Message with id 120 was extracted from the queue of MSC.
2026/Jun/24 06:45:21.988610 USER TC_34_2_2.ttcn3:1096 Event during MT-SMS wait: "{\"type\": \"EVENT_DTAP\", \"bsc_slr\": 7, \"pd\": 9, \"msg_type\": 4}"
2026/Jun/24 06:45:21.988639 USER TC_34_2_2.ttcn3:1071 MSC_Port: RX: {"type": "EVENT_SMS_CP_ACK", "bsc_slr": 7, "ti_value": 1, "ti_flag": 1}
2026/Jun/24 06:45:21.988646 PORTEVENT TC_34_2_2.ttcn3:1071 Message enqueued on MSC from system charstring : "{\"type\": \"EVENT_SMS_CP_ACK\", \"bsc_slr\": 7, \"ti_value\": 1, \"ti_flag\": 1}" id 121
2026/Jun/24 06:45:21.988654 PORTEVENT TC_34_2_2.ttcn3:1072 Receive operation on port MSC succeeded, message from system(): charstring : "{\"type\": \"EVENT_SMS_CP_ACK\", \"bsc_slr\": 7, \"ti_value\": 1, \"ti_flag\": 1}" id 121
2026/Jun/24 06:45:21.988659 PORTEVENT TC_34_2_2.ttcn3:1072 Message with id 121 was extracted from the queue of MSC.
2026/Jun/24 06:45:21.988705 USER TC_34_2_2.ttcn3:1074 CP-ACK received (could be for MO or MT)
2026/Jun/24 06:45:22.050035 USER TC_34_2_2.ttcn3:1071 MSC_Port: RX: {"type": "HEARTBEAT"}
2026/Jun/24 06:45:22.050104 PORTEVENT TC_34_2_2.ttcn3:1071 Message enqueued on MSC from system charstring : "{\"type\": \"HEARTBEAT\"}" id 122
2026/Jun/24 06:45:22.050128 PORTEVENT TC_34_2_2.ttcn3:1072 Receive operation on port MSC succeeded, message from system(): charstring : "{\"type\": \"HEARTBEAT\"}" id 122
2026/Jun/24 06:45:22.050137 PORTEVENT TC_34_2_2.ttcn3:1072 Message with id 122 was extracted from the queue of MSC.
2026/Jun/24 06:45:22.174170 USER TC_34_2_2.ttcn3:1071 MSC_Port: RX: {"type": "EVENT_DTAP", "bsc_slr": 7, "pd": 9, "msg_type": 1}
2026/Jun/24 06:45:22.174273 PORTEVENT TC_34_2_2.ttcn3:1071 Message enqueued on MSC from system charstring : "{\"type\": \"EVENT_DTAP\", \"bsc_slr\": 7, \"pd\": 9, \"msg_type\": 1}" id 123
2026/Jun/24 06:45:22.174320 PORTEVENT TC_34_2_2.ttcn3:1072 Receive operation on port MSC succeeded, message from system(): charstring : "{\"type\": \"EVENT_DTAP\", \"bsc_slr\": 7, \"pd\": 9, \"msg_type\": 1}" id 123
2026/Jun/24 06:45:22.174339 PORTEVENT TC_34_2_2.ttcn3:1072 Message with id 123 was extracted from the queue of MSC.
2026/Jun/24 06:45:22.174573 USER TC_34_2_2.ttcn3:1096 Event during MT-SMS wait: "{\"type\": \"EVENT_DTAP\", \"bsc_slr\": 7, \"pd\": 9, \"msg_type\": 1}"
2026/Jun/24 06:45:22.174620 USER TC_34_2_2.ttcn3:1071 MSC_Port: RX: {"type": "EVENT_SMS_CP_DATA", "bsc_slr": 7, "ti_value": 1, "ti_flag": 1, "rp_mr": 42, "rp_msg_type": 2, "rp_error_cause": 0, "rp_hex": "022a"}
2026/Jun/24 06:45:22.174652 PORTEVENT TC_34_2_2.ttcn3:1071 Message enqueued on MSC from system charstring : "{\"type\": \"EVENT_SMS_CP_DATA\", \"bsc_slr\": 7, \"ti_value\": 1, \"ti_flag\": 1, \"rp_mr\": 42, \"rp_msg_type\": 2, \"rp_error_cause\": 0, \"rp_hex\": \"022a\"}" id 124
2026/Jun/24 06:45:22.174683 PORTEVENT TC_34_2_2.ttcn3:1072 Receive operation on port MSC succeeded, message from system(): charstring : "{\"type\": \"EVENT_SMS_CP_DATA\", \"bsc_slr\": 7, \"ti_value\": 1, \"ti_flag\": 1, \"rp_mr\": 42, \"rp_msg_type\": 2, \"rp_error_cause\": 0, \"rp_hex\": \"022a\"}" id 124
2026/Jun/24 06:45:22.174696 PORTEVENT TC_34_2_2.ttcn3:1072 Message with id 124 was extracted from the queue of MSC.
2026/Jun/24 06:45:22.174930 USER TC_34_2_2.ttcn3:1082 CP-DATA received (RP-ACK from MS for MT-SMS)
2026/Jun/24 06:45:22.174960 USER GSM_Functions.ttcn3:365 f_extractJsonInt: Searching for key '"ti_value"' in JSON: "{\"type\": \"EVENT_SMS_CP_DATA\", \"bsc_slr\": 7, \"ti_value\": 1, \"ti_flag\": 1, \"rp_mr\": 42, \"rp_msg_type\": 2, \"rp_error_cause\": 0, \"rp_hex\": \"022a\"}"
2026/Jun/24 06:45:22.175018 USER GSM_Functions.ttcn3:372 f_extractJsonInt: Found key at position 44 (pattern: "\"ti_value\":")
2026/Jun/24 06:45:22.175066 USER GSM_Functions.ttcn3:422 f_extractJsonInt: Extracted number string '"1"' => integer 1
2026/Jun/24 06:45:22.175088 USER GSM_Functions.ttcn3:365 f_extractJsonInt: Searching for key '"ti_flag"' in JSON: "{\"type\": \"EVENT_SMS_CP_DATA\", \"bsc_slr\": 7, \"ti_value\": 1, \"ti_flag\": 1, \"rp_mr\": 42, \"rp_msg_type\": 2, \"rp_error_cause\": 0, \"rp_hex\": \"022a\"}"
2026/Jun/24 06:45:22.175137 USER GSM_Functions.ttcn3:372 f_extractJsonInt: Found key at position 59 (pattern: "\"ti_flag\":")
2026/Jun/24 06:45:22.175160 USER GSM_Functions.ttcn3:422 f_extractJsonInt: Extracted number string '"1"' => integer 1
2026/Jun/24 06:45:22.175204 PORTEVENT TC_34_2_2.ttcn3:226 Sent on MSC to system charstring : "{\"command\": \"CMD_SEND_SMS_CP_ACK\", \"params\": {\"bsc_slr\": 7, \"ti_value\": 1, \"ti_flag\": 0}}"
2026/Jun/24 06:45:22.175281 USER TC_34_2_2.ttcn3:226 MSC_Port: TX: {"command": "CMD_SEND_SMS_CP_ACK", "params": {"bsc_slr": 7, "ti_value": 1, "ti_flag": 0}}
2026/Jun/24 06:45:22.175299 USER TC_34_2_2.ttcn3:227 Sent CP-ACK: TI=1 TI_flag=0
2026/Jun/24 06:45:22.175329 TIMEROP TC_34_2_2.ttcn3:230 Start timer T_ack: 1 s
2026/Jun/24 06:45:22.175796 USER TC_34_2_2.ttcn3:231 MSC_Port: RX: {"status": "ok", "sent": true}
2026/Jun/24 06:45:22.175840 PORTEVENT TC_34_2_2.ttcn3:231 Message enqueued on MSC from system charstring : "{\"status\": \"ok\", \"sent\": true}" id 125
2026/Jun/24 06:45:22.175867 PORTEVENT TC_34_2_2.ttcn3:232 Receive operation on port MSC succeeded, message from system(): charstring : "{\"status\": \"ok\", \"sent\": true}" id 125
2026/Jun/24 06:45:22.175880 PORTEVENT TC_34_2_2.ttcn3:232 Message with id 125 was extracted from the queue of MSC.
2026/Jun/24 06:45:22.175890 TIMEROP TC_34_2_2.ttcn3:232 Stop timer T_ack: 1 s
2026/Jun/24 06:45:22.175903 TIMEROP TC_34_2_2.ttcn3:1089 Stop timer T_mt: 75 s
2026/Jun/24 06:45:22.175915 USER TC_34_2_2.ttcn3:1106 *** Completing MO-SMS ***
2026/Jun/24 06:45:22.175942 PORTEVENT TC_34_2_2.ttcn3:226 Sent on MSC to system charstring : "{\"command\": \"CMD_SEND_SMS_CP_ACK\", \"params\": {\"bsc_slr\": 7, \"ti_value\": 0, \"ti_flag\": 1}}"
2026/Jun/24 06:45:22.175998 USER TC_34_2_2.ttcn3:226 MSC_Port: TX: {"command": "CMD_SEND_SMS_CP_ACK", "params": {"bsc_slr": 7, "ti_value": 0, "ti_flag": 1}}
2026/Jun/24 06:45:22.176017 USER TC_34_2_2.ttcn3:227 Sent CP-ACK: TI=0 TI_flag=1
2026/Jun/24 06:45:22.176036 TIMEROP TC_34_2_2.ttcn3:230 Start timer T_ack: 1 s
2026/Jun/24 06:45:22.176414 USER TC_34_2_2.ttcn3:231 MSC_Port: RX: {"status": "ok", "sent": true}
2026/Jun/24 06:45:22.176481 PORTEVENT TC_34_2_2.ttcn3:231 Message enqueued on MSC from system charstring : "{\"status\": \"ok\", \"sent\": true}" id 126
2026/Jun/24 06:45:22.176514 PORTEVENT TC_34_2_2.ttcn3:232 Receive operation on port MSC succeeded, message from system(): charstring : "{\"status\": \"ok\", \"sent\": true}" id 126
2026/Jun/24 06:45:22.176530 PORTEVENT TC_34_2_2.ttcn3:232 Message with id 126 was extracted from the queue of MSC.
2026/Jun/24 06:45:22.176542 TIMEROP TC_34_2_2.ttcn3:232 Stop timer T_ack: 1 s
2026/Jun/24 06:45:22.176579 PORTEVENT TC_34_2_2.ttcn3:243 Sent on MSC to system charstring : "{\"command\": \"CMD_SEND_SMS_CP_DATA_RP_ACK\", \"params\": {\"bsc_slr\": 7, \"ti_value\": 0, \"ti_flag\": 1, \"rp_mr\": 42}}"
2026/Jun/24 06:45:22.176646 USER TC_34_2_2.ttcn3:243 MSC_Port: TX: {"command": "CMD_SEND_SMS_CP_DATA_RP_ACK", "params": {"bsc_slr": 7, "ti_value": 0, "ti_flag": 1, "rp_mr": 42}}
2026/Jun/24 06:45:22.176666 USER TC_34_2_2.ttcn3:244 Sent CP-DATA(RP-ACK): TI=0 RP-MR=42
2026/Jun/24 06:45:22.176691 TIMEROP TC_34_2_2.ttcn3:247 Start timer T_ack: 1 s
2026/Jun/24 06:45:22.177012 USER TC_34_2_2.ttcn3:248 MSC_Port: RX: {"status": "ok", "sent": true}
2026/Jun/24 06:45:22.177049 PORTEVENT TC_34_2_2.ttcn3:248 Message enqueued on MSC from system charstring : "{\"status\": \"ok\", \"sent\": true}" id 127
2026/Jun/24 06:45:22.177070 PORTEVENT TC_34_2_2.ttcn3:249 Receive operation on port MSC succeeded, message from system(): charstring : "{\"status\": \"ok\", \"sent\": true}" id 127
2026/Jun/24 06:45:22.177096 PORTEVENT TC_34_2_2.ttcn3:249 Message with id 127 was extracted from the queue of MSC.
2026/Jun/24 06:45:22.177106 TIMEROP TC_34_2_2.ttcn3:249 Stop timer T_ack: 1 s
2026/Jun/24 06:45:22.177120 TIMEROP TC_34_2_2.ttcn3:196 Start timer T_wait: 25 s
2026/Jun/24 06:45:23.021634 USER TC_34_2_2.ttcn3:197 VTY_PT: Received data (buffered): 39 bytes
2026/Jun/24 06:45:23.115385 USER TC_34_2_2.ttcn3:197 MSC_Port: RX: {"type": "EVENT_DTAP", "bsc_slr": 7, "pd": 9, "msg_type": 4}
2026/Jun/24 06:45:23.115481 PORTEVENT TC_34_2_2.ttcn3:197 Message enqueued on MSC from system charstring : "{\"type\": \"EVENT_DTAP\", \"bsc_slr\": 7, \"pd\": 9, \"msg_type\": 4}" id 128
2026/Jun/24 06:45:23.115524 PORTEVENT TC_34_2_2.ttcn3:198 Receive operation on port MSC succeeded, message from system(): charstring : "{\"type\": \"EVENT_DTAP\", \"bsc_slr\": 7, \"pd\": 9, \"msg_type\": 4}" id 128
2026/Jun/24 06:45:23.115543 PORTEVENT TC_34_2_2.ttcn3:198 Message with id 128 was extracted from the queue of MSC.
2026/Jun/24 06:45:23.115752 USER TC_34_2_2.ttcn3:208 Event while waiting for CP-ACK: "{\"type\": \"EVENT_DTAP\", \"bsc_slr\": 7, \"pd\": 9, \"msg_type\": 4}"
2026/Jun/24 06:45:23.115799 USER TC_34_2_2.ttcn3:197 MSC_Port: RX: {"type": "EVENT_SMS_CP_ACK", "bsc_slr": 7, "ti_value": 0, "ti_flag": 0}
2026/Jun/24 06:45:23.115847 PORTEVENT TC_34_2_2.ttcn3:197 Message enqueued on MSC from system charstring : "{\"type\": \"EVENT_SMS_CP_ACK\", \"bsc_slr\": 7, \"ti_value\": 0, \"ti_flag\": 0}" id 129
2026/Jun/24 06:45:23.115875 PORTEVENT TC_34_2_2.ttcn3:198 Receive operation on port MSC succeeded, message from system(): charstring : "{\"type\": \"EVENT_SMS_CP_ACK\", \"bsc_slr\": 7, \"ti_value\": 0, \"ti_flag\": 0}" id 129
2026/Jun/24 06:45:23.115888 PORTEVENT TC_34_2_2.ttcn3:198 Message with id 129 was extracted from the queue of MSC.
2026/Jun/24 06:45:23.116011 USER TC_34_2_2.ttcn3:200 CP-ACK received
2026/Jun/24 06:45:23.116029 TIMEROP TC_34_2_2.ttcn3:202 Stop timer T_wait: 25 s
2026/Jun/24 06:45:23.116078 USER TC_34_2_2.ttcn3:1114 *** Part 3 PASS: MS handled simultaneous MO+MT SMS ***
2026/Jun/24 06:45:23.116092 USER TC_34_2_2.ttcn3:1115   MT CP-ACK received: true
2026/Jun/24 06:45:23.116117 USER TC_34_2_2.ttcn3:1116   MT CP-DATA(RP-ACK) received: true
2026/Jun/24 06:45:23.116129 USER TC_34_2_2.ttcn3:1117   MO complete (CP-ACK): true
2026/Jun/24 06:45:23.116158 PORTEVENT TC_34_2_2.ttcn3:308 Sent on MSC to system charstring : "{\"command\": \"CMD_SEND_CLEAR_CMD\", \"params\": {\"bsc_slr\": 7, \"cause\": 0}}"
2026/Jun/24 06:45:23.116226 USER TC_34_2_2.ttcn3:308 MSC_Port: TX: {"command": "CMD_SEND_CLEAR_CMD", "params": {"bsc_slr": 7, "cause": 0}}
2026/Jun/24 06:45:23.116244 USER TC_34_2_2.ttcn3:309 Sent CLEAR COMMAND for bsc_slr=7
2026/Jun/24 06:45:23.116263 TIMEROP TC_34_2_2.ttcn3:74 Start timer T_drain: 5 s
2026/Jun/24 06:45:23.116935 USER TC_34_2_2.ttcn3:75 MSC_Port: RX: {"status": "ok"}
2026/Jun/24 06:45:23.117006 PORTEVENT TC_34_2_2.ttcn3:75 Message enqueued on MSC from system charstring : "{\"status\": \"ok\"}" id 130
2026/Jun/24 06:45:23.117036 PORTEVENT TC_34_2_2.ttcn3:76 Receive operation on port MSC succeeded, message from system(): charstring : "{\"status\": \"ok\"}" id 130
2026/Jun/24 06:45:23.117053 PORTEVENT TC_34_2_2.ttcn3:76 Message with id 130 was extracted from the queue of MSC.
2026/Jun/24 06:45:23.117064 USER TC_34_2_2.ttcn3:77 Draining event: "{\"status\": \"ok\"}"
2026/Jun/24 06:45:23.157959 USER TC_34_2_2.ttcn3:75 MSC_Port: RX: {"type": "EVENT_BSSMAP_CLEAR_COMPLETE", "bsc_slr": 7}
2026/Jun/24 06:45:23.158052 PORTEVENT TC_34_2_2.ttcn3:75 Message enqueued on MSC from system charstring : "{\"type\": \"EVENT_BSSMAP_CLEAR_COMPLETE\", \"bsc_slr\": 7}" id 131
2026/Jun/24 06:45:23.158093 PORTEVENT TC_34_2_2.ttcn3:76 Receive operation on port MSC succeeded, message from system(): charstring : "{\"type\": \"EVENT_BSSMAP_CLEAR_COMPLETE\", \"bsc_slr\": 7}" id 131
2026/Jun/24 06:45:23.158111 PORTEVENT TC_34_2_2.ttcn3:76 Message with id 131 was extracted from the queue of MSC.
2026/Jun/24 06:45:23.158122 USER TC_34_2_2.ttcn3:77 Draining event: "{\"type\": \"EVENT_BSSMAP_CLEAR_COMPLETE\", \"bsc_slr\": 7}"
2026/Jun/24 06:45:25.753481 USER TC_34_2_2.ttcn3:75 VTY_PT: Received data (buffered): 61 bytes
2026/Jun/24 06:45:27.121193 USER TC_34_2_2.ttcn3:75 MSC_Port: RX: {"type": "HEARTBEAT"}
2026/Jun/24 06:45:27.121351 PORTEVENT TC_34_2_2.ttcn3:75 Message enqueued on MSC from system charstring : "{\"type\": \"HEARTBEAT\"}" id 132
2026/Jun/24 06:45:27.121397 PORTEVENT TC_34_2_2.ttcn3:76 Receive operation on port MSC succeeded, message from system(): charstring : "{\"type\": \"HEARTBEAT\"}" id 132
2026/Jun/24 06:45:27.121419 PORTEVENT TC_34_2_2.ttcn3:76 Message with id 132 was extracted from the queue of MSC.
2026/Jun/24 06:45:27.121432 USER TC_34_2_2.ttcn3:77 Draining event: "{\"type\": \"HEARTBEAT\"}"
2026/Jun/24 06:45:28.116293 TIMEROP TC_34_2_2.ttcn3:80 Timeout T_drain: 5 s
2026/Jun/24 06:45:28.116362 USER TC_34_2_2.ttcn3:81 Drain period complete
2026/Jun/24 06:45:28.116391 TIMEROP TC_34_2_2.ttcn3:74 Start timer T_drain: 10 s
2026/Jun/24 06:45:32.126166 USER TC_34_2_2.ttcn3:75 MSC_Port: RX: {"type": "HEARTBEAT"}
2026/Jun/24 06:45:32.126275 PORTEVENT TC_34_2_2.ttcn3:75 Message enqueued on MSC from system charstring : "{\"type\": \"HEARTBEAT\"}" id 133
2026/Jun/24 06:45:32.126324 PORTEVENT TC_34_2_2.ttcn3:76 Receive operation on port MSC succeeded, message from system(): charstring : "{\"type\": \"HEARTBEAT\"}" id 133
2026/Jun/24 06:45:32.126345 PORTEVENT TC_34_2_2.ttcn3:76 Message with id 133 was extracted from the queue of MSC.
2026/Jun/24 06:45:32.126359 USER TC_34_2_2.ttcn3:77 Draining event: "{\"type\": \"HEARTBEAT\"}"
2026/Jun/24 06:45:37.130468 USER TC_34_2_2.ttcn3:75 MSC_Port: RX: {"type": "HEARTBEAT"}
2026/Jun/24 06:45:37.130555 PORTEVENT TC_34_2_2.ttcn3:75 Message enqueued on MSC from system charstring : "{\"type\": \"HEARTBEAT\"}" id 134
2026/Jun/24 06:45:37.130587 PORTEVENT TC_34_2_2.ttcn3:76 Receive operation on port MSC succeeded, message from system(): charstring : "{\"type\": \"HEARTBEAT\"}" id 134
2026/Jun/24 06:45:37.130599 PORTEVENT TC_34_2_2.ttcn3:76 Message with id 134 was extracted from the queue of MSC.
2026/Jun/24 06:45:37.130605 USER TC_34_2_2.ttcn3:77 Draining event: "{\"type\": \"HEARTBEAT\"}"
2026/Jun/24 06:45:38.116415 TIMEROP TC_34_2_2.ttcn3:80 Timeout T_drain: 10 s
2026/Jun/24 06:45:38.116484 USER TC_34_2_2.ttcn3:81 Drain period complete
2026/Jun/24 06:45:38.116511 USER TC_34_2_2.ttcn3:1354 ##########################################################
2026/Jun/24 06:45:38.116519 USER TC_34_2_2.ttcn3:1355 ### PART 4: CM Service Reject ###
2026/Jun/24 06:45:38.116526 USER TC_34_2_2.ttcn3:1356 ##########################################################
2026/Jun/24 06:45:38.116533 USER TC_34_2_2.ttcn3:1142 ==========================================================
2026/Jun/24 06:45:38.116539 USER TC_34_2_2.ttcn3:1143 *** Part 4: CM Service Reject ***
2026/Jun/24 06:45:38.116545 USER TC_34_2_2.ttcn3:1144 ==========================================================
2026/Jun/24 06:45:38.116553 USER TC_34_2_2.ttcn3:1149 --- Part 4 MO-SMS attempt #1 of 3 ---
2026/Jun/24 06:45:38.116569 USER TC_34_2_2.ttcn3:398 Triggering MO-SMS via VTY: number="12345" text='"Hello Part4 Reject"'
2026/Jun/24 06:45:38.116586 USER GSM_Component_Definitions.ttcn3:455 VTY: Sending command: "enable"
2026/Jun/24 06:45:38.116600 PORTEVENT GSM_Component_Definitions.ttcn3:456 Sent on VTY to system charstring : "enable"
2026/Jun/24 06:45:38.116620 USER GSM_Component_Definitions.ttcn3:456 VTY_PT: Sending command: "enable"
2026/Jun/24 06:45:38.316792 USER GSM_Component_Definitions.ttcn3:456 VTY_PT: Received response: 
% (MS 1)
% SMS from +5555555555: 'MT Test Msg'

% (MS 1)
% SMS to 12345 successful

% (MS 1)
% On Network, normal service: International, 70
enable
% Unknown command.
OsmocomBB(mobile)# 
OsmocomBB(mobile)# 
2026/Jun/24 06:45:38.316948 PORTEVENT GSM_Component_Definitions.ttcn3:456 Message enqueued on VTY from system charstring : "\r\n% (MS 1)\r\n% SMS from +5555555555: 'MT Test Msg'\r\n\r\n% (MS 1)\r\n% SMS to 12345 successful\r\n\r\n% (MS 1)\r\n% On Network, normal service: International, 70\r\nenable\r\n% Unknown command.\r\nOsmocomBB(mobile)# \r\nOsmocomBB(mobile)# " id 17
2026/Jun/24 06:45:38.317000 TIMEROP GSM_Component_Definitions.ttcn3:459 Start timer T_vty: 5 s
2026/Jun/24 06:45:38.317051 PORTEVENT GSM_Component_Definitions.ttcn3:462 Receive operation on port VTY succeeded, message from system(): charstring : "\r\n% (MS 1)\r\n% SMS from +5555555555: 'MT Test Msg'\r\n\r\n% (MS 1)\r\n% SMS to 12345 successful\r\n\r\n% (MS 1)\r\n% On Network, normal service: International, 70\r\nenable\r\n% Unknown command.\r\nOsmocomBB(mobile)# \r\nOsmocomBB(mobile)# " id 17
2026/Jun/24 06:45:38.317070 PORTEVENT GSM_Component_Definitions.ttcn3:462 Message with id 17 was extracted from the queue of VTY.
2026/Jun/24 06:45:38.317083 TIMEROP GSM_Component_Definitions.ttcn3:463 Stop timer T_vty: 5 s
2026/Jun/24 06:45:38.317095 USER GSM_Component_Definitions.ttcn3:464 VTY: Received response: "\r\n% (MS 1)\r\n% SMS from +5555555555: 'MT Test Msg'\r\n\r\n% (MS 1)\r\n% SMS to 12345 successful\r\n\r\n% (MS 1)\r\n% On Network, normal service: International, 70\r\nenable\r\n% Unknown command.\r\nOsmocomBB(mobile)# \r\nOsmocomBB(mobile)# "
2026/Jun/24 06:45:38.317139 USER GSM_Component_Definitions.ttcn3:455 VTY: Sending command: "sms 1 12345 Hello Part4 Reject"
2026/Jun/24 06:45:38.317165 PORTEVENT GSM_Component_Definitions.ttcn3:456 Sent on VTY to system charstring : "sms 1 12345 Hello Part4 Reject"
2026/Jun/24 06:45:38.317183 USER GSM_Component_Definitions.ttcn3:456 VTY_PT: Sending command: "sms 1 12345 Hello Part4 Reject"
2026/Jun/24 06:45:38.517381 USER GSM_Component_Definitions.ttcn3:456 VTY_PT: Received response: sms 1 12345 Hello Part4 Reject
OsmocomBB(mobile)# 
OsmocomBB(mobile)# 
2026/Jun/24 06:45:38.517492 PORTEVENT GSM_Component_Definitions.ttcn3:456 Message enqueued on VTY from system charstring : "sms 1 12345 Hello Part4 Reject\r\nOsmocomBB(mobile)# \r\nOsmocomBB(mobile)# " id 18
2026/Jun/24 06:45:38.517524 TIMEROP GSM_Component_Definitions.ttcn3:459 Start timer T_vty: 5 s
2026/Jun/24 06:45:38.517561 PORTEVENT GSM_Component_Definitions.ttcn3:462 Receive operation on port VTY succeeded, message from system(): charstring : "sms 1 12345 Hello Part4 Reject\r\nOsmocomBB(mobile)# \r\nOsmocomBB(mobile)# " id 18
2026/Jun/24 06:45:38.517578 PORTEVENT GSM_Component_Definitions.ttcn3:462 Message with id 18 was extracted from the queue of VTY.
2026/Jun/24 06:45:38.517590 TIMEROP GSM_Component_Definitions.ttcn3:463 Stop timer T_vty: 5 s
2026/Jun/24 06:45:38.517602 USER GSM_Component_Definitions.ttcn3:464 VTY: Received response: "sms 1 12345 Hello Part4 Reject\r\nOsmocomBB(mobile)# \r\nOsmocomBB(mobile)# "
2026/Jun/24 06:45:38.517629 USER TC_34_2_2.ttcn3:402 VTY sms response: "sms 1 12345 Hello Part4 Reject\r\nOsmocomBB(mobile)# \r\nOsmocomBB(mobile)# "
2026/Jun/24 06:45:38.517655 TIMEROP TC_34_2_2.ttcn3:1156 Start timer T_wait: 60 s
2026/Jun/24 06:45:38.936413 USER TC_34_2_2.ttcn3:1157 MSC_Port: RX: {"type": "EVENT_CM_SERVICE_REQUEST", "bsc_slr": 8, "cm_service_type": 4, "cm_service_type_name": "Short message service"}
2026/Jun/24 06:45:38.936508 PORTEVENT TC_34_2_2.ttcn3:1157 Message enqueued on MSC from system charstring : "{\"type\": \"EVENT_CM_SERVICE_REQUEST\", \"bsc_slr\": 8, \"cm_service_type\": 4, \"cm_service_type_name\": \"Short message service\"}" id 135
2026/Jun/24 06:45:38.936553 PORTEVENT TC_34_2_2.ttcn3:1158 Receive operation on port MSC succeeded, message from system(): charstring : "{\"type\": \"EVENT_CM_SERVICE_REQUEST\", \"bsc_slr\": 8, \"cm_service_type\": 4, \"cm_service_type_name\": \"Short message service\"}" id 135
2026/Jun/24 06:45:38.936570 PORTEVENT TC_34_2_2.ttcn3:1158 Message with id 135 was extracted from the queue of MSC.
2026/Jun/24 06:45:38.936793 USER GSM_Functions.ttcn3:365 f_extractJsonInt: Searching for key '"bsc_slr"' in JSON: "{\"type\": \"EVENT_CM_SERVICE_REQUEST\", \"bsc_slr\": 8, \"cm_service_type\": 4, \"cm_service_type_name\": \"Short message service\"}"
2026/Jun/24 06:45:38.936879 USER GSM_Functions.ttcn3:372 f_extractJsonInt: Found key at position 37 (pattern: "\"bsc_slr\":")
2026/Jun/24 06:45:38.936927 USER GSM_Functions.ttcn3:422 f_extractJsonInt: Extracted number string '"8"' => integer 8
2026/Jun/24 06:45:38.936949 USER TC_34_2_2.ttcn3:1161 CM SERVICE REQUEST received: bsc_slr=8
2026/Jun/24 06:45:38.936964 TIMEROP TC_34_2_2.ttcn3:1162 Stop timer T_wait: 60 s
2026/Jun/24 06:45:38.936999 PORTEVENT TC_34_2_2.ttcn3:293 Sent on MSC to system charstring : "{\"command\": \"CMD_SEND_CM_SERVICE_REJECT\", \"params\": {\"bsc_slr\": 8, \"cause\": 32}}"
2026/Jun/24 06:45:38.937077 USER TC_34_2_2.ttcn3:293 MSC_Port: TX: {"command": "CMD_SEND_CM_SERVICE_REJECT", "params": {"bsc_slr": 8, "cause": 32}}
2026/Jun/24 06:45:38.937097 USER TC_34_2_2.ttcn3:294 Sent CM SERVICE REJECT: cause=32
2026/Jun/24 06:45:38.937114 TIMEROP TC_34_2_2.ttcn3:296 Start timer T_ack: 1 s
2026/Jun/24 06:45:38.937379 USER TC_34_2_2.ttcn3:297 MSC_Port: RX: {"status": "ok"}
2026/Jun/24 06:45:38.937401 PORTEVENT TC_34_2_2.ttcn3:297 Message enqueued on MSC from system charstring : "{\"status\": \"ok\"}" id 136
2026/Jun/24 06:45:38.937420 PORTEVENT TC_34_2_2.ttcn3:298 Receive operation on port MSC succeeded, message from system(): charstring : "{\"status\": \"ok\"}" id 136
2026/Jun/24 06:45:38.937433 PORTEVENT TC_34_2_2.ttcn3:298 Message with id 136 was extracted from the queue of MSC.
2026/Jun/24 06:45:38.937443 TIMEROP TC_34_2_2.ttcn3:298 Stop timer T_ack: 1 s
2026/Jun/24 06:45:38.937454 USER TC_34_2_2.ttcn3:1195 *** Waiting 5 seconds to verify SAPI-3 is NOT established ***
2026/Jun/24 06:45:38.937468 TIMEROP TC_34_2_2.ttcn3:1198 Start timer T_verify: 5 s
2026/Jun/24 06:45:39.262159 USER TC_34_2_2.ttcn3:1199 VTY_PT: Received data (buffered): 54 bytes
2026/Jun/24 06:45:42.941083 USER TC_34_2_2.ttcn3:1199 MSC_Port: RX: {"type": "HEARTBEAT"}
2026/Jun/24 06:45:42.941170 PORTEVENT TC_34_2_2.ttcn3:1199 Message enqueued on MSC from system charstring : "{\"type\": \"HEARTBEAT\"}" id 137
2026/Jun/24 06:45:42.941211 PORTEVENT TC_34_2_2.ttcn3:1200 Receive operation on port MSC succeeded, message from system(): charstring : "{\"type\": \"HEARTBEAT\"}" id 137
2026/Jun/24 06:45:42.941232 PORTEVENT TC_34_2_2.ttcn3:1200 Message with id 137 was extracted from the queue of MSC.
2026/Jun/24 06:45:43.937856 TIMEROP TC_34_2_2.ttcn3:1212 Timeout T_verify: 5 s
2026/Jun/24 06:45:43.937925 USER TC_34_2_2.ttcn3:1213 Good: No SAPI-3 activity after CM Service Reject
2026/Jun/24 06:45:43.937954 USER TC_34_2_2.ttcn3:1218 *** Part 4 PASS: MS correctly handled CM Service Reject ***
2026/Jun/24 06:45:43.937985 PORTEVENT TC_34_2_2.ttcn3:308 Sent on MSC to system charstring : "{\"command\": \"CMD_SEND_CLEAR_CMD\", \"params\": {\"bsc_slr\": 8, \"cause\": 0}}"
2026/Jun/24 06:45:43.938070 USER TC_34_2_2.ttcn3:308 MSC_Port: TX: {"command": "CMD_SEND_CLEAR_CMD", "params": {"bsc_slr": 8, "cause": 0}}
2026/Jun/24 06:45:43.938089 USER TC_34_2_2.ttcn3:309 Sent CLEAR COMMAND for bsc_slr=8
2026/Jun/24 06:45:43.938111 TIMEROP TC_34_2_2.ttcn3:74 Start timer T_drain: 5 s
2026/Jun/24 06:45:43.938924 USER TC_34_2_2.ttcn3:75 MSC_Port: RX: {"status": "ok"}
2026/Jun/24 06:45:43.938992 PORTEVENT TC_34_2_2.ttcn3:75 Message enqueued on MSC from system charstring : "{\"status\": \"ok\"}" id 138
2026/Jun/24 06:45:43.939015 PORTEVENT TC_34_2_2.ttcn3:76 Receive operation on port MSC succeeded, message from system(): charstring : "{\"status\": \"ok\"}" id 138
2026/Jun/24 06:45:43.939027 PORTEVENT TC_34_2_2.ttcn3:76 Message with id 138 was extracted from the queue of MSC.
2026/Jun/24 06:45:43.939032 USER TC_34_2_2.ttcn3:77 Draining event: "{\"status\": \"ok\"}"
2026/Jun/24 06:45:43.939607 USER TC_34_2_2.ttcn3:75 MSC_Port: RX: {"type": "EVENT_BSSMAP_CLEAR_COMPLETE", "bsc_slr": 8}
2026/Jun/24 06:45:43.939666 PORTEVENT TC_34_2_2.ttcn3:75 Message enqueued on MSC from system charstring : "{\"type\": \"EVENT_BSSMAP_CLEAR_COMPLETE\", \"bsc_slr\": 8}" id 139
2026/Jun/24 06:45:43.939694 PORTEVENT TC_34_2_2.ttcn3:76 Receive operation on port MSC succeeded, message from system(): charstring : "{\"type\": \"EVENT_BSSMAP_CLEAR_COMPLETE\", \"bsc_slr\": 8}" id 139
2026/Jun/24 06:45:43.939718 PORTEVENT TC_34_2_2.ttcn3:76 Message with id 139 was extracted from the queue of MSC.
2026/Jun/24 06:45:43.939725 USER TC_34_2_2.ttcn3:77 Draining event: "{\"type\": \"EVENT_BSSMAP_CLEAR_COMPLETE\", \"bsc_slr\": 8}"
2026/Jun/24 06:45:46.466023 USER TC_34_2_2.ttcn3:75 VTY_PT: Received data (buffered): 61 bytes
2026/Jun/24 06:45:47.943114 USER TC_34_2_2.ttcn3:75 MSC_Port: RX: {"type": "HEARTBEAT"}
2026/Jun/24 06:45:47.943210 PORTEVENT TC_34_2_2.ttcn3:75 Message enqueued on MSC from system charstring : "{\"type\": \"HEARTBEAT\"}" id 140
2026/Jun/24 06:45:47.943250 PORTEVENT TC_34_2_2.ttcn3:76 Receive operation on port MSC succeeded, message from system(): charstring : "{\"type\": \"HEARTBEAT\"}" id 140
2026/Jun/24 06:45:47.943269 PORTEVENT TC_34_2_2.ttcn3:76 Message with id 140 was extracted from the queue of MSC.
2026/Jun/24 06:45:47.943281 USER TC_34_2_2.ttcn3:77 Draining event: "{\"type\": \"HEARTBEAT\"}"
2026/Jun/24 06:45:48.938141 TIMEROP TC_34_2_2.ttcn3:80 Timeout T_drain: 5 s
2026/Jun/24 06:45:48.938234 USER TC_34_2_2.ttcn3:81 Drain period complete
2026/Jun/24 06:45:48.938274 TIMEROP TC_34_2_2.ttcn3:74 Start timer T_drain: 10 s
2026/Jun/24 06:45:52.948108 USER TC_34_2_2.ttcn3:75 MSC_Port: RX: {"type": "HEARTBEAT"}
2026/Jun/24 06:45:52.948210 PORTEVENT TC_34_2_2.ttcn3:75 Message enqueued on MSC from system charstring : "{\"type\": \"HEARTBEAT\"}" id 141
2026/Jun/24 06:45:52.948250 PORTEVENT TC_34_2_2.ttcn3:76 Receive operation on port MSC succeeded, message from system(): charstring : "{\"type\": \"HEARTBEAT\"}" id 141
2026/Jun/24 06:45:52.948269 PORTEVENT TC_34_2_2.ttcn3:76 Message with id 141 was extracted from the queue of MSC.
2026/Jun/24 06:45:52.948281 USER TC_34_2_2.ttcn3:77 Draining event: "{\"type\": \"HEARTBEAT\"}"
2026/Jun/24 06:45:57.953117 USER TC_34_2_2.ttcn3:75 MSC_Port: RX: {"type": "HEARTBEAT"}
2026/Jun/24 06:45:57.953222 PORTEVENT TC_34_2_2.ttcn3:75 Message enqueued on MSC from system charstring : "{\"type\": \"HEARTBEAT\"}" id 142
2026/Jun/24 06:45:57.953264 PORTEVENT TC_34_2_2.ttcn3:76 Receive operation on port MSC succeeded, message from system(): charstring : "{\"type\": \"HEARTBEAT\"}" id 142
2026/Jun/24 06:45:57.953284 PORTEVENT TC_34_2_2.ttcn3:76 Message with id 142 was extracted from the queue of MSC.
2026/Jun/24 06:45:57.953296 USER TC_34_2_2.ttcn3:77 Draining event: "{\"type\": \"HEARTBEAT\"}"
2026/Jun/24 06:45:58.938310 TIMEROP TC_34_2_2.ttcn3:80 Timeout T_drain: 10 s
2026/Jun/24 06:45:58.938402 USER TC_34_2_2.ttcn3:81 Drain period complete
2026/Jun/24 06:45:58.938441 USER TC_34_2_2.ttcn3:1365 ==========================================================
2026/Jun/24 06:45:58.938456 USER TC_34_2_2.ttcn3:1366 *** TC_34_2_2: FINAL RESULTS ***
2026/Jun/24 06:45:58.938470 USER TC_34_2_2.ttcn3:1367 ==========================================================
2026/Jun/24 06:45:58.938482 USER TC_34_2_2.ttcn3:1368 Part 1a (Normal MO-SMS):      true
2026/Jun/24 06:45:58.938504 USER TC_34_2_2.ttcn3:1369 Part 1b (Retransmission):     true
2026/Jun/24 06:45:58.938519 USER TC_34_2_2.ttcn3:1370 Part 1c (CP-ERROR):           true
2026/Jun/24 06:45:58.938533 USER TC_34_2_2.ttcn3:1371 Part 2  (SMS during call):    true
2026/Jun/24 06:45:58.938547 USER TC_34_2_2.ttcn3:1372 Part 3  (Simultaneous MO+MT): true
2026/Jun/24 06:45:58.938560 USER TC_34_2_2.ttcn3:1373 Part 4  (CM Service Reject):  true
2026/Jun/24 06:45:58.938585 USER TC_34_2_2.ttcn3:1374 ----------------------------------------------------------
2026/Jun/24 06:45:58.938604 USER TC_34_2_2.ttcn3:1375 Passed: 6 / 6 sub-tests
2026/Jun/24 06:45:58.938626 USER TC_34_2_2.ttcn3:1376 ==========================================================
2026/Jun/24 06:45:58.938710 VERDICTOP TC_34_2_2.ttcn3:1380 setverdict(pass): none -> pass
2026/Jun/24 06:45:58.938863 USER TC_34_2_2.ttcn3:1381 *** TC_34_2_2: OVERALL PASS ***
2026/Jun/24 06:45:58.938892 PARALLEL GSM_Component_Definitions.ttcn3:346 Unmapping port mtc:L from system:L.
2026/Jun/24 06:45:58.938990 USER GSM_Component_Definitions.ttcn3:346 L3_Port: Unmapping from L
2026/Jun/24 06:45:58.939047 PORTEVENT GSM_Component_Definitions.ttcn3:346 Port L was unmapped from system:L.
2026/Jun/24 06:45:58.939127 PARALLEL GSM_Component_Definitions.ttcn3:346 Unmap operation of mtc:L from system:L finished.
2026/Jun/24 06:45:58.939148 PARALLEL GSM_Component_Definitions.ttcn3:347 Unmapping port mtc:RR from system:RR.
2026/Jun/24 06:45:58.939191 PORTEVENT GSM_Component_Definitions.ttcn3:347 Port RR was unmapped from system:RR.
2026/Jun/24 06:45:58.939234 PARALLEL GSM_Component_Definitions.ttcn3:347 Unmap operation of mtc:RR from system:RR finished.
2026/Jun/24 06:45:58.939248 PARALLEL GSM_Component_Definitions.ttcn3:348 Unmapping port mtc:MM from system:MM.
2026/Jun/24 06:45:58.939311 PORTEVENT GSM_Component_Definitions.ttcn3:348 Port MM was unmapped from system:MM.
2026/Jun/24 06:45:58.939369 PARALLEL GSM_Component_Definitions.ttcn3:348 Unmap operation of mtc:MM from system:MM finished.
2026/Jun/24 06:45:58.939382 PARALLEL GSM_Component_Definitions.ttcn3:349 Unmapping port mtc:CC from system:CC.
2026/Jun/24 06:45:58.939411 PORTEVENT GSM_Component_Definitions.ttcn3:349 Port CC was unmapped from system:CC.
2026/Jun/24 06:45:58.939435 PARALLEL GSM_Component_Definitions.ttcn3:349 Unmap operation of mtc:CC from system:CC finished.
2026/Jun/24 06:45:58.939442 PARALLEL GSM_Component_Definitions.ttcn3:350 Unmapping port mtc:MSC from system:MSC.
2026/Jun/24 06:45:58.939467 USER GSM_Component_Definitions.ttcn3:350 MSC_Port: Unmapping from MSC
2026/Jun/24 06:45:58.939554 PORTEVENT GSM_Component_Definitions.ttcn3:350 Port MSC was unmapped from system:MSC.
2026/Jun/24 06:45:58.939582 PARALLEL GSM_Component_Definitions.ttcn3:350 Unmap operation of mtc:MSC from system:MSC finished.
2026/Jun/24 06:45:58.939589 PARALLEL GSM_Component_Definitions.ttcn3:351 Unmapping port mtc:VTY from system:VTY.
2026/Jun/24 06:45:58.939614 USER GSM_Component_Definitions.ttcn3:351 VTY_PT: Unmapping port from VTY interface
2026/Jun/24 06:45:58.939672 USER GSM_Component_Definitions.ttcn3:351 VTY_PT: Disconnected from VTY
2026/Jun/24 06:45:58.939680 PORTEVENT GSM_Component_Definitions.ttcn3:351 Port VTY was unmapped from system:VTY.
2026/Jun/24 06:45:58.939702 PARALLEL GSM_Component_Definitions.ttcn3:351 Unmap operation of mtc:VTY from system:VTY finished.
2026/Jun/24 06:45:58.939709 TIMEROP TC_34_2_2.ttcn3:1392 Stop timer T_guard: 1200 s
2026/Jun/24 06:45:58.939730 PARALLEL TC_34_2_2.ttcn3:1392 Terminating component type GSM_Component_Definitions.GSM_CT.
2026/Jun/24 06:45:58.939752 USER TC_34_2_2.ttcn3:1392 L3_Port: user_stop called
2026/Jun/24 06:45:58.939763 PORTEVENT TC_34_2_2.ttcn3:1392 Message with id 1 was extracted from the queue of L.
2026/Jun/24 06:45:58.939770 PORTEVENT TC_34_2_2.ttcn3:1392 Message with id 2 was extracted from the queue of L.
2026/Jun/24 06:45:58.939773 PORTEVENT TC_34_2_2.ttcn3:1392 Message with id 3 was extracted from the queue of L.
2026/Jun/24 06:45:58.939776 PORTEVENT TC_34_2_2.ttcn3:1392 Message with id 4 was extracted from the queue of L.
2026/Jun/24 06:45:58.939779 PORTEVENT TC_34_2_2.ttcn3:1392 Message with id 5 was extracted from the queue of L.
2026/Jun/24 06:45:58.939783 PORTEVENT TC_34_2_2.ttcn3:1392 Message with id 6 was extracted from the queue of L.
2026/Jun/24 06:45:58.939786 PORTEVENT TC_34_2_2.ttcn3:1392 Message with id 7 was extracted from the queue of L.
2026/Jun/24 06:45:58.939789 PORTEVENT TC_34_2_2.ttcn3:1392 Message with id 8 was extracted from the queue of L.
2026/Jun/24 06:45:58.939792 PORTEVENT TC_34_2_2.ttcn3:1392 Message with id 9 was extracted from the queue of L.
2026/Jun/24 06:45:58.939795 PORTEVENT TC_34_2_2.ttcn3:1392 Message with id 10 was extracted from the queue of L.
2026/Jun/24 06:45:58.939798 PORTEVENT TC_34_2_2.ttcn3:1392 Message with id 11 was extracted from the queue of L.
2026/Jun/24 06:45:58.939801 PORTEVENT TC_34_2_2.ttcn3:1392 Message with id 12 was extracted from the queue of L.
2026/Jun/24 06:45:58.939804 PORTEVENT TC_34_2_2.ttcn3:1392 Message with id 13 was extracted from the queue of L.
2026/Jun/24 06:45:58.939807 PORTEVENT TC_34_2_2.ttcn3:1392 Message with id 14 was extracted from the queue of L.
2026/Jun/24 06:45:58.939818 PORTEVENT TC_34_2_2.ttcn3:1392 Message with id 15 was extracted from the queue of L.
2026/Jun/24 06:45:58.939833 PORTEVENT TC_34_2_2.ttcn3:1392 Message with id 16 was extracted from the queue of L.
2026/Jun/24 06:45:58.939837 PORTEVENT TC_34_2_2.ttcn3:1392 Message with id 17 was extracted from the queue of L.
2026/Jun/24 06:45:58.939840 PORTEVENT TC_34_2_2.ttcn3:1392 Message with id 18 was extracted from the queue of L.
2026/Jun/24 06:45:58.939843 PORTEVENT TC_34_2_2.ttcn3:1392 Message with id 19 was extracted from the queue of L.
2026/Jun/24 06:45:58.939846 PORTEVENT TC_34_2_2.ttcn3:1392 Message with id 20 was extracted from the queue of L.
2026/Jun/24 06:45:58.939849 PORTEVENT TC_34_2_2.ttcn3:1392 Message with id 21 was extracted from the queue of L.
2026/Jun/24 06:45:58.939852 PORTEVENT TC_34_2_2.ttcn3:1392 Message with id 22 was extracted from the queue of L.
2026/Jun/24 06:45:58.939855 PORTEVENT TC_34_2_2.ttcn3:1392 Message with id 23 was extracted from the queue of L.
2026/Jun/24 06:45:58.939858 PORTEVENT TC_34_2_2.ttcn3:1392 Message with id 24 was extracted from the queue of L.
2026/Jun/24 06:45:58.939861 PORTEVENT TC_34_2_2.ttcn3:1392 Message with id 25 was extracted from the queue of L.
2026/Jun/24 06:45:58.939864 PORTEVENT TC_34_2_2.ttcn3:1392 Message with id 26 was extracted from the queue of L.
2026/Jun/24 06:45:58.939866 PORTEVENT TC_34_2_2.ttcn3:1392 Message with id 27 was extracted from the queue of L.
2026/Jun/24 06:45:58.939869 PORTEVENT TC_34_2_2.ttcn3:1392 Message with id 28 was extracted from the queue of L.
2026/Jun/24 06:45:58.939872 PORTEVENT TC_34_2_2.ttcn3:1392 Message with id 29 was extracted from the queue of L.
2026/Jun/24 06:45:58.939875 PORTEVENT TC_34_2_2.ttcn3:1392 Message with id 30 was extracted from the queue of L.
2026/Jun/24 06:45:58.939878 PORTEVENT TC_34_2_2.ttcn3:1392 Message with id 31 was extracted from the queue of L.
2026/Jun/24 06:45:58.939881 PORTEVENT TC_34_2_2.ttcn3:1392 Message with id 32 was extracted from the queue of L.
2026/Jun/24 06:45:58.939885 PORTEVENT TC_34_2_2.ttcn3:1392 Message with id 33 was extracted from the queue of L.
2026/Jun/24 06:45:58.939888 PORTEVENT TC_34_2_2.ttcn3:1392 Message with id 34 was extracted from the queue of L.
2026/Jun/24 06:45:58.939891 PORTEVENT TC_34_2_2.ttcn3:1392 Port L was stopped.
2026/Jun/24 06:45:58.939908 PORTEVENT TC_34_2_2.ttcn3:1392 Port RR was stopped.
2026/Jun/24 06:45:58.939920 PORTEVENT TC_34_2_2.ttcn3:1392 Port MM was stopped.
2026/Jun/24 06:45:58.939930 PORTEVENT TC_34_2_2.ttcn3:1392 Port CC was stopped.
2026/Jun/24 06:45:58.939934 USER TC_34_2_2.ttcn3:1392 MSC_Port: user_stop called
2026/Jun/24 06:45:58.939940 PORTEVENT TC_34_2_2.ttcn3:1392 Port MSC was stopped.
2026/Jun/24 06:45:58.939949 USER TC_34_2_2.ttcn3:1392 BSC_Port: user_stop called
2026/Jun/24 06:45:58.939955 PORTEVENT TC_34_2_2.ttcn3:1392 Port BSC was stopped.
2026/Jun/24 06:45:58.939959 PORTEVENT TC_34_2_2.ttcn3:1392 Port RSL was stopped.
2026/Jun/24 06:45:58.939962 USER TC_34_2_2.ttcn3:1392 VTY_PT: Stopping
2026/Jun/24 06:45:58.939968 PORTEVENT TC_34_2_2.ttcn3:1392 Port VTY was stopped.
2026/Jun/24 06:45:58.939971 PORTEVENT TC_34_2_2.ttcn3:1392 Port COORD was stopped.
2026/Jun/24 06:45:58.939975 PARALLEL TC_34_2_2.ttcn3:1392 Component type GSM_Component_Definitions.GSM_CT was shut down inside testcase TC_34_2_2.
2026/Jun/24 06:45:58.939983 EXECUTOR TC_34_2_2.ttcn3:1392 Waiting for PTCs to finish.
2026/Jun/24 06:45:58.940028 VERDICTOP TC_34_2_2.ttcn3:1392 Setting final verdict of the test case.
2026/Jun/24 06:45:58.940076 VERDICTOP TC_34_2_2.ttcn3:1392 Local verdict of MTC: pass
2026/Jun/24 06:45:58.940101 VERDICTOP TC_34_2_2.ttcn3:1392 No PTCs were created.
2026/Jun/24 06:45:58.940112 TESTCASE TC_34_2_2.ttcn3:1392 Test case TC_34_2_2 finished. Verdict: pass
2026/Jun/24 06:45:58.940294 STATISTICS - Verdict statistics: 0 none (0.00 %), 1 pass (100.00 %), 0 inconc (0.00 %), 0 fail (0.00 %), 0 error (0.00 %).
2026/Jun/24 06:45:58.940419 STATISTICS - Test execution summary: 1 test case was executed. Overall verdict: pass
2026/Jun/24 06:45:58.940452 EXECUTOR - Exit was requested from MC. Terminating MTC.
======================================================
TEST RESULT: PASS
