======================================================
Waiting for mobile to register (5 seconds)...
======================================================
======================================================
Starting TC_26_7_4_3_4 Test Case
======================================================
Resolved: msc=10.42.0.87 mobile=10.43.117.129 bsc=10.42.0.90
DEBUG: [EXECUTE] section:
[EXECUTE]
TC_26_7_4_3_4.TC_26_7_4_3_4
  Waiting for MC... (1/30)
Main Controller ready (attempt 2)
Starting Host Controller...
TTCN-3 Host Controller (parallel mode), version 11.1.0
The address of MC was set to a local IP address. This may cause incorrect behavior if a HC from a remote host also connects to MC.
Result dir: /results/TC_26_7_4_3_4-2026-06-26-145908
Waiting for log files...
2026/Jun/26 14:59:09.631071 EXECUTOR - TTCN-3 Host Controller started on ttcn3-tc-26-7-4-3-4-1-s2jrl. Version: 11.1.0.
2026/Jun/26 14:59:09.631227 EXECUTOR - TTCN Logger v2.2 options: TimeStampFormat:=DateTime; LogEntityName:=No; LogEventTypes:=Yes; SourceInfoFormat:=Single; LogSensitiveData:=No; *.FileMask:=LOG_ALL; *.ConsoleMask:=ERROR | TESTCASE | USER | VERDICTOP | WARNING; LogFileSize:=0; LogFileNumber:=1; DiskFullAction:=Error
2026/Jun/26 14:59:09.631239 EXECUTOR - Maximum number of open file descriptors: 1048576,   FD_SETSIZE = 1024
2026/Jun/26 14:59:09.631370 WARNING - Warning: The address of MC was set to a local IP address. This may cause incorrect behavior if a HC from a remote host also connects to MC.
2026/Jun/26 14:59:09.631405 EXECUTOR - The address of MC was set to 127.0.0.1:0.
2026/Jun/26 14:59:09.631520 EXECUTOR - Connected to MC.
2026/Jun/26 14:59:09.631616 EXECUTOR - This host supports UNIX domain sockets for local communication.
2026/Jun/26 14:59:09.631833 EXECUTOR - Processing configuration data received from MC.
2026/Jun/26 14:59:09.632086 WARNING - Warning: Skeleton `/results/TC_26_7_4_3_4-2026-06-26-145908/%n.log' does not guarantee unique log file name for every test system process. It may cause unpredictable results if several test components try to write into the same log file.
2026/Jun/26 14:59:09.632453 EXECUTOR - Module GSM_Constants has the following parameters: { TSPC_Serv_TS11 := true, TSPC_Serv_TS61 := false, TSPC_Serv_TS62 := false, TSPC_Serv_BS21 := false, TSPC_Serv_BS22 := false, TSPC_Serv_BS24 := false, TSPC_Serv_BS25 := false, TSPC_Serv_BS26 := false, TSPC_Serv_BS31 := false, TSPC_Serv_BS32 := false, TSPC_Serv_BS33 := false, TSPC_Serv_BS34 := false, TSPC_Serv_BS41 := false, TSPC_Serv_BS42 := false, TSPC_Serv_BS43 := false, TSPC_Serv_BS44 := false, TSPC_Serv_BS45 := false, TSPC_Serv_BS51 := false, TSPC_Serv_BS61 := false, TSPC_Serv_BS81 := false, TSPC_DualRate := false, TSPC_MTsvc := true, TSPX_IMSI := '901700000000001F'O, TSPX_TMSI := '1914D97F'O, TSPX_CKSNDef := 0, TSPX_RANDDef := '00112233445566778899AABBCCDDEEFF'O, TSPX_SRES := '12345678'O, TSPX_Kc := '0000000000000000'O, TSPX_SDCCH4SubDef := 0, TSPX_TmSltDef := 0, TSPX_TscDef := 7, TSPX_TCHHSubDef := 0, TCV_CC := true, TSPX_Telephony_Rate := C_Full (0), TSPX_MOBscSvcA := C_Telephony (0), TSPX_MOBscSvcB := C_Telephony (0), TSPX_MOBscSvcC := C_Telephony (0), TSPX_MOBscSvcD := C_Telephony (0), TSPX_MOBscSvcE := C_Telephony (0), TSPX_MOBscSvcF := C_Telephony (0), TSPX_MOBscSvcG := C_Telephony (0), TSPX_MOChRateA := C_Full (0), TSPX_MOChRateB := C_Full (0), TSPX_MOChRateC := C_Full (0), TSPX_MOChRateD := C_Full (0), TSPX_MOChRateE := C_Full (0), TSPX_MOChRateF := C_Full (0), TSPX_MOChRateG := C_Full (0), TSPX_MTBscSvcA := C_Telephony (0), TSPX_MTBscSvcB := C_Telephony (0), TSPX_MTBscSvcC := C_Telephony (0), TSPX_MTBscSvcD := C_Telephony (0), TSPX_MTBscSvcE := C_Telephony (0), TSPX_MTBscSvcF := C_Telephony (0), TSPX_MTBscSvcG := C_Telephony (0), TSPX_MTBscSvcH := C_Telephony (0), TSPX_MTBscSvcI := C_Telephony (0), TSPX_MTBscSvcJ := C_Telephony (0), TSPX_MTChRateA := C_Full (0), TSPX_MTChRateB := C_Full (0), TSPX_MTChRateC := C_Full (0), TSPX_MTChRateD := C_Full (0), TSPX_MTChRateE := C_Full (0), TSPX_MTChRateF := C_Full (0), TSPX_MTChRateG := C_Full (0), TSPX_MTChRateH := C_Full (0), TSPX_MTChRateI := C_Full (0), TSPX_MTChRateJ := C_Full (0), C_arfcnA := 100 }
2026/Jun/26 14:59:09.632545 EXECUTOR - Module TC_26_6_1_2 has the following parameters: { TSPX_nPara := 3, TSPX_i1Para := 3, TSPX_kPara := 5, TSPX_i2Para := 1, TSPX_rPara := 4, TSPX_i3Para := 4 }
2026/Jun/26 14:59:09.632584 EXECUTOR - Initializing module GSM_Component_Definitions.
2026/Jun/26 14:59:09.632592 EXECUTOR GSM_Component_Definitions.ttcn3:0 Initializing module GSM_Templates.
2026/Jun/26 14:59:09.632611 EXECUTOR GSM_Templates.ttcn3:0 Initializing module GSM_Constants.
2026/Jun/26 14:59:09.632617 EXECUTOR GSM_Constants.ttcn3:0 Initializing module GSM_Types.
2026/Jun/26 14:59:09.632620 EXECUTOR GSM_Constants.ttcn3:0 Initialization of module GSM_Types finished.
2026/Jun/26 14:59:09.632623 EXECUTOR GSM_Templates.ttcn3:0 Initialization of module GSM_Constants finished.
2026/Jun/26 14:59:09.632703 EXECUTOR GSM_Component_Definitions.ttcn3:0 Initialization of module GSM_Templates finished.
2026/Jun/26 14:59:09.632707 EXECUTOR - Initialization of module GSM_Component_Definitions finished.
2026/Jun/26 14:59:09.632709 EXECUTOR - Initializing module GSM_Functions.
2026/Jun/26 14:59:09.632737 EXECUTOR - Initialization of module GSM_Functions finished.
2026/Jun/26 14:59:09.632739 EXECUTOR - Initializing module PreGenRecordOf.
2026/Jun/26 14:59:09.632742 EXECUTOR - Initialization of module PreGenRecordOf finished.
2026/Jun/26 14:59:09.632744 EXECUTOR - Initializing module TC_26_2_1_3.
2026/Jun/26 14:59:09.632749 EXECUTOR - Initialization of module TC_26_2_1_3 finished.
2026/Jun/26 14:59:09.632751 EXECUTOR - Initializing module TC_26_2_2.
2026/Jun/26 14:59:09.632756 EXECUTOR - Initialization of module TC_26_2_2 finished.
2026/Jun/26 14:59:09.632758 EXECUTOR - Initializing module TC_26_2_3.
2026/Jun/26 14:59:09.632763 EXECUTOR - Initialization of module TC_26_2_3 finished.
2026/Jun/26 14:59:09.632765 EXECUTOR - Initializing module TC_26_6_11_1.
2026/Jun/26 14:59:09.632771 EXECUTOR - Initialization of module TC_26_6_11_1 finished.
2026/Jun/26 14:59:09.632773 EXECUTOR - Initializing module TC_26_6_11_2.
2026/Jun/26 14:59:09.632778 EXECUTOR - Initialization of module TC_26_6_11_2 finished.
2026/Jun/26 14:59:09.632780 EXECUTOR - Initializing module TC_26_6_12_1.
2026/Jun/26 14:59:09.632785 EXECUTOR - Initialization of module TC_26_6_12_1 finished.
2026/Jun/26 14:59:09.632787 EXECUTOR - Initializing module TC_26_6_12_2.
2026/Jun/26 14:59:09.632792 EXECUTOR - Initialization of module TC_26_6_12_2 finished.
2026/Jun/26 14:59:09.632794 EXECUTOR - Initializing module TC_26_6_12_3.
2026/Jun/26 14:59:09.632799 EXECUTOR - Initialization of module TC_26_6_12_3 finished.
2026/Jun/26 14:59:09.632801 EXECUTOR - Initializing module TC_26_6_12_4.
2026/Jun/26 14:59:09.632806 EXECUTOR - Initialization of module TC_26_6_12_4 finished.
2026/Jun/26 14:59:09.632808 EXECUTOR - Initializing module TC_26_6_13_10.
2026/Jun/26 14:59:09.632813 EXECUTOR - Initialization of module TC_26_6_13_10 finished.
2026/Jun/26 14:59:09.632815 EXECUTOR - Initializing module TC_26_6_13_9.
2026/Jun/26 14:59:09.632858 EXECUTOR - Initialization of module TC_26_6_13_9 finished.
2026/Jun/26 14:59:09.632864 EXECUTOR - Initializing module TC_26_6_1_1.
2026/Jun/26 14:59:09.632869 EXECUTOR - Initialization of module TC_26_6_1_1 finished.
2026/Jun/26 14:59:09.632871 EXECUTOR - Initializing module TC_26_6_1_2.
2026/Jun/26 14:59:09.632876 EXECUTOR - Initialization of module TC_26_6_1_2 finished.
2026/Jun/26 14:59:09.632878 EXECUTOR - Initializing module TC_26_6_1_3.
2026/Jun/26 14:59:09.632883 EXECUTOR - Initialization of module TC_26_6_1_3 finished.
2026/Jun/26 14:59:09.632885 EXECUTOR - Initializing module TC_26_6_1_4.
2026/Jun/26 14:59:09.632891 EXECUTOR - Initialization of module TC_26_6_1_4 finished.
2026/Jun/26 14:59:09.632893 EXECUTOR - Initializing module TC_26_6_1_5.
2026/Jun/26 14:59:09.632898 EXECUTOR - Initialization of module TC_26_6_1_5 finished.
2026/Jun/26 14:59:09.632901 EXECUTOR - Initializing module TC_26_6_2_1_1.
2026/Jun/26 14:59:09.632906 EXECUTOR - Initialization of module TC_26_6_2_1_1 finished.
2026/Jun/26 14:59:09.632908 EXECUTOR - Initializing module TC_26_6_2_1_2.
2026/Jun/26 14:59:09.632914 EXECUTOR - Initialization of module TC_26_6_2_1_2 finished.
2026/Jun/26 14:59:09.632916 EXECUTOR - Initializing module TC_26_6_2_1_3.
2026/Jun/26 14:59:09.632921 EXECUTOR - Initialization of module TC_26_6_2_1_3 finished.
2026/Jun/26 14:59:09.632923 EXECUTOR - Initializing module TC_26_6_2_2.
2026/Jun/26 14:59:09.632928 EXECUTOR - Initialization of module TC_26_6_2_2 finished.
2026/Jun/26 14:59:09.632930 EXECUTOR - Initializing module TC_26_6_2_3_1.
2026/Jun/26 14:59:09.632935 EXECUTOR - Initialization of module TC_26_6_2_3_1 finished.
2026/Jun/26 14:59:09.632937 EXECUTOR - Initializing module TC_26_6_2_3_2.
2026/Jun/26 14:59:09.632942 EXECUTOR - Initialization of module TC_26_6_2_3_2 finished.
2026/Jun/26 14:59:09.632949 EXECUTOR - Initializing module TC_26_6_2_4.
2026/Jun/26 14:59:09.632954 EXECUTOR - Initialization of module TC_26_6_2_4 finished.
2026/Jun/26 14:59:09.632956 EXECUTOR - Initializing module TC_26_6_3_1.
2026/Jun/26 14:59:09.632962 EXECUTOR - Initialization of module TC_26_6_3_1 finished.
2026/Jun/26 14:59:09.632964 EXECUTOR - Initializing module TC_26_6_3_4.
2026/Jun/26 14:59:09.632970 EXECUTOR - Initialization of module TC_26_6_3_4 finished.
2026/Jun/26 14:59:09.632972 EXECUTOR - Initializing module TC_26_6_4_1.
2026/Jun/26 14:59:09.632977 EXECUTOR - Initialization of module TC_26_6_4_1 finished.
2026/Jun/26 14:59:09.632979 EXECUTOR - Initializing module TC_26_6_4_2_2.
2026/Jun/26 14:59:09.632985 EXECUTOR - Initialization of module TC_26_6_4_2_2 finished.
2026/Jun/26 14:59:09.632987 EXECUTOR - Initializing module TC_26_6_5_1.
2026/Jun/26 14:59:09.632992 EXECUTOR - Initialization of module TC_26_6_5_1 finished.
2026/Jun/26 14:59:09.632994 EXECUTOR - Initializing module TC_26_6_5_2_1.
2026/Jun/26 14:59:09.632999 EXECUTOR - Initialization of module TC_26_6_5_2_1 finished.
2026/Jun/26 14:59:09.633001 EXECUTOR - Initializing module TC_26_6_8_1.
2026/Jun/26 14:59:09.633006 EXECUTOR - Initialization of module TC_26_6_8_1 finished.
2026/Jun/26 14:59:09.633008 EXECUTOR - Initializing module TC_26_6_8_2.
2026/Jun/26 14:59:09.633013 EXECUTOR - Initialization of module TC_26_6_8_2 finished.
2026/Jun/26 14:59:09.633015 EXECUTOR - Initializing module TC_26_6_8_3.
2026/Jun/26 14:59:09.633020 EXECUTOR - Initialization of module TC_26_6_8_3 finished.
2026/Jun/26 14:59:09.633022 EXECUTOR - Initializing module TC_26_6_8_4.
2026/Jun/26 14:59:09.633028 EXECUTOR - Initialization of module TC_26_6_8_4 finished.
2026/Jun/26 14:59:09.633030 EXECUTOR - Initializing module TC_26_6_8_5.
2026/Jun/26 14:59:09.633035 EXECUTOR - Initialization of module TC_26_6_8_5 finished.
2026/Jun/26 14:59:09.633038 EXECUTOR - Initializing module TC_26_7_1.
2026/Jun/26 14:59:09.633043 EXECUTOR - Initialization of module TC_26_7_1 finished.
2026/Jun/26 14:59:09.633045 EXECUTOR - Initializing module TC_26_7_2_1.
2026/Jun/26 14:59:09.633050 EXECUTOR - Initialization of module TC_26_7_2_1 finished.
2026/Jun/26 14:59:09.633052 EXECUTOR - Initializing module TC_26_7_2_2.
2026/Jun/26 14:59:09.633057 EXECUTOR - Initialization of module TC_26_7_2_2 finished.
2026/Jun/26 14:59:09.633059 EXECUTOR - Initializing module TC_26_7_3_1.
2026/Jun/26 14:59:09.633064 EXECUTOR - Initialization of module TC_26_7_3_1 finished.
2026/Jun/26 14:59:09.633066 EXECUTOR - Initializing module TC_26_7_3_2.
2026/Jun/26 14:59:09.633072 EXECUTOR - Initialization of module TC_26_7_3_2 finished.
2026/Jun/26 14:59:09.633074 EXECUTOR - Initializing module TC_26_7_4_1.
2026/Jun/26 14:59:09.633079 EXECUTOR - Initialization of module TC_26_7_4_1 finished.
2026/Jun/26 14:59:09.633081 EXECUTOR - Initializing module TC_26_7_4_2_1.
2026/Jun/26 14:59:09.633087 EXECUTOR - Initialization of module TC_26_7_4_2_1 finished.
2026/Jun/26 14:59:09.633089 EXECUTOR - Initializing module TC_26_7_4_2_2_1.
2026/Jun/26 14:59:09.633095 EXECUTOR - Initialization of module TC_26_7_4_2_2_1 finished.
2026/Jun/26 14:59:09.633097 EXECUTOR - Initializing module TC_26_7_4_2_2_2.
2026/Jun/26 14:59:09.633102 EXECUTOR - Initialization of module TC_26_7_4_2_2_2 finished.
2026/Jun/26 14:59:09.633104 EXECUTOR - Initializing module TC_26_7_4_2_3.
2026/Jun/26 14:59:09.633110 EXECUTOR - Initialization of module TC_26_7_4_2_3 finished.
2026/Jun/26 14:59:09.633112 EXECUTOR - Initializing module TC_26_7_4_2_4_1.
2026/Jun/26 14:59:09.633117 EXECUTOR - Initialization of module TC_26_7_4_2_4_1 finished.
2026/Jun/26 14:59:09.633119 EXECUTOR - Initializing module TC_26_7_4_2_4_2.
2026/Jun/26 14:59:09.633124 EXECUTOR - Initialization of module TC_26_7_4_2_4_2 finished.
2026/Jun/26 14:59:09.633127 EXECUTOR - Initializing module TC_26_7_4_2_4_3.
2026/Jun/26 14:59:09.633132 EXECUTOR - Initialization of module TC_26_7_4_2_4_3 finished.
2026/Jun/26 14:59:09.633134 EXECUTOR - Initializing module TC_26_7_4_2_4_4.
2026/Jun/26 14:59:09.633143 EXECUTOR - Initialization of module TC_26_7_4_2_4_4 finished.
2026/Jun/26 14:59:09.633145 EXECUTOR - Initializing module TC_26_7_4_2_4_5.
2026/Jun/26 14:59:09.633150 EXECUTOR - Initialization of module TC_26_7_4_2_4_5 finished.
2026/Jun/26 14:59:09.633152 EXECUTOR - Initializing module TC_26_7_4_3_1.
2026/Jun/26 14:59:09.633157 EXECUTOR - Initialization of module TC_26_7_4_3_1 finished.
2026/Jun/26 14:59:09.633159 EXECUTOR - Initializing module TC_26_7_4_3_2.
2026/Jun/26 14:59:09.633165 EXECUTOR - Initialization of module TC_26_7_4_3_2 finished.
2026/Jun/26 14:59:09.633167 EXECUTOR - Initializing module TC_26_7_4_3_3.
2026/Jun/26 14:59:09.633173 EXECUTOR - Initialization of module TC_26_7_4_3_3 finished.
2026/Jun/26 14:59:09.633175 EXECUTOR - Initializing module TC_26_7_4_3_4.
2026/Jun/26 14:59:09.633181 EXECUTOR - Initialization of module TC_26_7_4_3_4 finished.
2026/Jun/26 14:59:09.633183 EXECUTOR - Initializing module TC_26_7_4_4.
2026/Jun/26 14:59:09.633189 EXECUTOR - Initialization of module TC_26_7_4_4 finished.
2026/Jun/26 14:59:09.633191 EXECUTOR - Initializing module TC_26_7_4_5_1.
2026/Jun/26 14:59:09.633196 EXECUTOR - Initialization of module TC_26_7_4_5_1 finished.
2026/Jun/26 14:59:09.633198 EXECUTOR - Initializing module TC_26_7_4_5_2.
2026/Jun/26 14:59:09.633204 EXECUTOR - Initialization of module TC_26_7_4_5_2 finished.
2026/Jun/26 14:59:09.633206 EXECUTOR - Initializing module TC_26_7_4_5_3.
2026/Jun/26 14:59:09.633211 EXECUTOR - Initialization of module TC_26_7_4_5_3 finished.
2026/Jun/26 14:59:09.633214 EXECUTOR - Initializing module TC_26_7_4_5_4_2.
2026/Jun/26 14:59:09.633219 EXECUTOR - Initialization of module TC_26_7_4_5_4_2 finished.
2026/Jun/26 14:59:09.633221 EXECUTOR - Initializing module TC_26_7_5_2.
2026/Jun/26 14:59:09.633226 EXECUTOR - Initialization of module TC_26_7_5_2 finished.
2026/Jun/26 14:59:09.633229 EXECUTOR - Initializing module TC_26_7_5_3.
2026/Jun/26 14:59:09.633234 EXECUTOR - Initialization of module TC_26_7_5_3 finished.
2026/Jun/26 14:59:09.633236 EXECUTOR - Initializing module TC_26_7_5_4.
2026/Jun/26 14:59:09.633242 EXECUTOR - Initialization of module TC_26_7_5_4 finished.
2026/Jun/26 14:59:09.633244 EXECUTOR - Initializing module TC_26_7_5_5.
2026/Jun/26 14:59:09.633249 EXECUTOR - Initialization of module TC_26_7_5_5 finished.
2026/Jun/26 14:59:09.633251 EXECUTOR - Initializing module TC_26_7_5_6.
2026/Jun/26 14:59:09.633256 EXECUTOR - Initialization of module TC_26_7_5_6 finished.
2026/Jun/26 14:59:09.633259 EXECUTOR - Initializing module TC_26_7_5_7_1.
2026/Jun/26 14:59:09.633264 EXECUTOR - Initialization of module TC_26_7_5_7_1 finished.
2026/Jun/26 14:59:09.633266 EXECUTOR - Initializing module TC_26_7_5_8_1.
2026/Jun/26 14:59:09.633271 EXECUTOR - Initialization of module TC_26_7_5_8_1 finished.
2026/Jun/26 14:59:09.633273 EXECUTOR - Initializing module TC_26_7_5_8_2.
2026/Jun/26 14:59:09.633278 EXECUTOR - Initialization of module TC_26_7_5_8_2 finished.
2026/Jun/26 14:59:09.633280 EXECUTOR - Initializing module TC_26_7_5_8_3.
2026/Jun/26 14:59:09.633285 EXECUTOR - Initialization of module TC_26_7_5_8_3 finished.
2026/Jun/26 14:59:09.633287 EXECUTOR - Initializing module TC_26_8_1_2_1_1.
2026/Jun/26 14:59:09.633292 EXECUTOR - Initialization of module TC_26_8_1_2_1_1 finished.
2026/Jun/26 14:59:09.633295 EXECUTOR - Initializing module TC_26_8_1_2_2_1.
2026/Jun/26 14:59:09.633300 EXECUTOR - Initialization of module TC_26_8_1_2_2_1 finished.
2026/Jun/26 14:59:09.633302 EXECUTOR - Initializing module TC_26_8_1_2_2_2.
2026/Jun/26 14:59:09.633307 EXECUTOR - Initialization of module TC_26_8_1_2_2_2 finished.
2026/Jun/26 14:59:09.633309 EXECUTOR - Initializing module TC_26_8_1_2_2_3.
2026/Jun/26 14:59:09.633314 EXECUTOR - Initialization of module TC_26_8_1_2_2_3 finished.
2026/Jun/26 14:59:09.633317 EXECUTOR - Initializing module TC_26_8_1_2_3_1.
2026/Jun/26 14:59:09.633322 EXECUTOR - Initialization of module TC_26_8_1_2_3_1 finished.
2026/Jun/26 14:59:09.633324 EXECUTOR - Initializing module TC_26_8_1_2_3_2.
2026/Jun/26 14:59:09.633329 EXECUTOR - Initialization of module TC_26_8_1_2_3_2 finished.
2026/Jun/26 14:59:09.633334 EXECUTOR - Initializing module TC_26_8_1_2_3_3.
2026/Jun/26 14:59:09.633340 EXECUTOR - Initialization of module TC_26_8_1_2_3_3 finished.
2026/Jun/26 14:59:09.633342 EXECUTOR - Initializing module TC_26_8_1_2_3_4.
2026/Jun/26 14:59:09.633347 EXECUTOR - Initialization of module TC_26_8_1_2_3_4 finished.
2026/Jun/26 14:59:09.633349 EXECUTOR - Initializing module TC_26_8_1_2_3_5.
2026/Jun/26 14:59:09.633354 EXECUTOR - Initialization of module TC_26_8_1_2_3_5 finished.
2026/Jun/26 14:59:09.633356 EXECUTOR - Initializing module TC_26_8_1_2_3_6.
2026/Jun/26 14:59:09.633361 EXECUTOR - Initialization of module TC_26_8_1_2_3_6 finished.
2026/Jun/26 14:59:09.633364 EXECUTOR - Initializing module TC_26_8_1_2_3_7.
2026/Jun/26 14:59:09.633370 EXECUTOR - Initialization of module TC_26_8_1_2_3_7 finished.
2026/Jun/26 14:59:09.633372 EXECUTOR - Initializing module TC_26_8_1_2_4_1.
2026/Jun/26 14:59:09.633377 EXECUTOR - Initialization of module TC_26_8_1_2_4_1 finished.
2026/Jun/26 14:59:09.633379 EXECUTOR - Initializing module TC_26_8_1_2_4_13.
2026/Jun/26 14:59:09.633384 EXECUTOR - Initialization of module TC_26_8_1_2_4_13 finished.
2026/Jun/26 14:59:09.633386 EXECUTOR - Initializing module TC_26_8_1_2_4_2.
2026/Jun/26 14:59:09.633392 EXECUTOR - Initialization of module TC_26_8_1_2_4_2 finished.
2026/Jun/26 14:59:09.633394 EXECUTOR - Initializing module TC_26_8_1_2_4_3.
2026/Jun/26 14:59:09.633398 EXECUTOR - Initialization of module TC_26_8_1_2_4_3 finished.
2026/Jun/26 14:59:09.633401 EXECUTOR - Initializing module TC_26_8_1_2_4_4.
2026/Jun/26 14:59:09.633406 EXECUTOR - Initialization of module TC_26_8_1_2_4_4 finished.
2026/Jun/26 14:59:09.633408 EXECUTOR - Initializing module TC_26_8_1_2_4_5.
2026/Jun/26 14:59:09.633414 EXECUTOR - Initialization of module TC_26_8_1_2_4_5 finished.
2026/Jun/26 14:59:09.633416 EXECUTOR - Initializing module TC_26_8_1_2_6_1.
2026/Jun/26 14:59:09.633420 EXECUTOR - Initialization of module TC_26_8_1_2_6_1 finished.
2026/Jun/26 14:59:09.633423 EXECUTOR - Initializing module TC_26_8_1_2_6_2.
2026/Jun/26 14:59:09.633428 EXECUTOR - Initialization of module TC_26_8_1_2_6_2 finished.
2026/Jun/26 14:59:09.633430 EXECUTOR - Initializing module TC_26_8_1_2_6_3.
2026/Jun/26 14:59:09.633435 EXECUTOR - Initialization of module TC_26_8_1_2_6_3 finished.
2026/Jun/26 14:59:09.633437 EXECUTOR - Initializing module TC_26_8_1_2_6_6.
2026/Jun/26 14:59:09.633442 EXECUTOR - Initialization of module TC_26_8_1_2_6_6 finished.
2026/Jun/26 14:59:09.633444 EXECUTOR - Initializing module TC_26_8_1_3_1_1.
2026/Jun/26 14:59:09.633449 EXECUTOR - Initialization of module TC_26_8_1_3_1_1 finished.
2026/Jun/26 14:59:09.633451 EXECUTOR - Initializing module TC_26_8_1_3_2_1.
2026/Jun/26 14:59:09.633456 EXECUTOR - Initialization of module TC_26_8_1_3_2_1 finished.
2026/Jun/26 14:59:09.633458 EXECUTOR - Initializing module TC_26_8_1_3_3_1.
2026/Jun/26 14:59:09.633463 EXECUTOR - Initialization of module TC_26_8_1_3_3_1 finished.
2026/Jun/26 14:59:09.633466 EXECUTOR - Initializing module TC_26_8_1_3_3_2.
2026/Jun/26 14:59:09.633471 EXECUTOR - Initialization of module TC_26_8_1_3_3_2 finished.
2026/Jun/26 14:59:09.633473 EXECUTOR - Initializing module TC_26_8_1_3_3_3.
2026/Jun/26 14:59:09.633478 EXECUTOR - Initialization of module TC_26_8_1_3_3_3 finished.
2026/Jun/26 14:59:09.633480 EXECUTOR - Initializing module TC_26_8_1_3_3_4.
2026/Jun/26 14:59:09.633485 EXECUTOR - Initialization of module TC_26_8_1_3_3_4 finished.
2026/Jun/26 14:59:09.633487 EXECUTOR - Initializing module TC_26_8_1_3_3_5.
2026/Jun/26 14:59:09.633493 EXECUTOR - Initialization of module TC_26_8_1_3_3_5 finished.
2026/Jun/26 14:59:09.633495 EXECUTOR - Initializing module TC_26_8_1_3_3_6.
2026/Jun/26 14:59:09.633501 EXECUTOR - Initialization of module TC_26_8_1_3_3_6 finished.
2026/Jun/26 14:59:09.633503 EXECUTOR - Initializing module TC_26_8_1_3_3_7.
2026/Jun/26 14:59:09.633508 EXECUTOR - Initialization of module TC_26_8_1_3_3_7 finished.
2026/Jun/26 14:59:09.633511 EXECUTOR - Initializing module TC_26_8_1_3_4_1.
2026/Jun/26 14:59:09.633518 EXECUTOR - Initialization of module TC_26_8_1_3_4_1 finished.
2026/Jun/26 14:59:09.633520 EXECUTOR - Initializing module TC_26_8_1_3_4_2.
2026/Jun/26 14:59:09.633526 EXECUTOR - Initialization of module TC_26_8_1_3_4_2 finished.
2026/Jun/26 14:59:09.633528 EXECUTOR - Initializing module TC_26_8_1_3_4_3.
2026/Jun/26 14:59:09.633533 EXECUTOR - Initialization of module TC_26_8_1_3_4_3 finished.
2026/Jun/26 14:59:09.633535 EXECUTOR - Initializing module TC_26_8_1_3_4_4.
2026/Jun/26 14:59:09.633540 EXECUTOR - Initialization of module TC_26_8_1_3_4_4 finished.
2026/Jun/26 14:59:09.633542 EXECUTOR - Initializing module TC_26_8_1_3_4_5.
2026/Jun/26 14:59:09.633548 EXECUTOR - Initialization of module TC_26_8_1_3_4_5 finished.
2026/Jun/26 14:59:09.633550 EXECUTOR - Initializing module TC_26_8_1_3_4_6.
2026/Jun/26 14:59:09.633556 EXECUTOR - Initialization of module TC_26_8_1_3_4_6 finished.
2026/Jun/26 14:59:09.633558 EXECUTOR - Initializing module TC_26_8_1_3_4_7.
2026/Jun/26 14:59:09.633563 EXECUTOR - Initialization of module TC_26_8_1_3_4_7 finished.
2026/Jun/26 14:59:09.633565 EXECUTOR - Initializing module TC_26_8_1_3_4_8.
2026/Jun/26 14:59:09.633571 EXECUTOR - Initialization of module TC_26_8_1_3_4_8 finished.
2026/Jun/26 14:59:09.633573 EXECUTOR - Initializing module TC_26_8_1_3_5_1.
2026/Jun/26 14:59:09.633578 EXECUTOR - Initialization of module TC_26_8_1_3_5_1 finished.
2026/Jun/26 14:59:09.633580 EXECUTOR - Initializing module TC_26_8_1_3_5_2.
2026/Jun/26 14:59:09.633585 EXECUTOR - Initialization of module TC_26_8_1_3_5_2 finished.
2026/Jun/26 14:59:09.633587 EXECUTOR - Initializing module TC_26_8_1_3_5_3.
2026/Jun/26 14:59:09.633592 EXECUTOR - Initialization of module TC_26_8_1_3_5_3 finished.
2026/Jun/26 14:59:09.633594 EXECUTOR - Initializing module TC_26_8_1_3_5_4.
2026/Jun/26 14:59:09.633599 EXECUTOR - Initialization of module TC_26_8_1_3_5_4 finished.
2026/Jun/26 14:59:09.633602 EXECUTOR - Initializing module TC_26_8_1_3_5_5.
2026/Jun/26 14:59:09.633607 EXECUTOR - Initialization of module TC_26_8_1_3_5_5 finished.
2026/Jun/26 14:59:09.633609 EXECUTOR - Initializing module TC_26_8_1_3_5_6.
2026/Jun/26 14:59:09.633614 EXECUTOR - Initialization of module TC_26_8_1_3_5_6 finished.
2026/Jun/26 14:59:09.633616 EXECUTOR - Initializing module TC_26_8_1_3_5_7.
2026/Jun/26 14:59:09.633622 EXECUTOR - Initialization of module TC_26_8_1_3_5_7 finished.
2026/Jun/26 14:59:09.633624 EXECUTOR - Initializing module TC_26_8_1_3_5_8.
2026/Jun/26 14:59:09.633629 EXECUTOR - Initialization of module TC_26_8_1_3_5_8 finished.
2026/Jun/26 14:59:09.633632 EXECUTOR - Initializing module TC_26_8_1_3_5_9.
2026/Jun/26 14:59:09.633637 EXECUTOR - Initialization of module TC_26_8_1_3_5_9 finished.
2026/Jun/26 14:59:09.633639 EXECUTOR - Initializing module TC_26_8_2_1.
2026/Jun/26 14:59:09.633644 EXECUTOR - Initialization of module TC_26_8_2_1 finished.
2026/Jun/26 14:59:09.633646 EXECUTOR - Initializing module TC_26_8_2_2.
2026/Jun/26 14:59:09.633652 EXECUTOR - Initialization of module TC_26_8_2_2 finished.
2026/Jun/26 14:59:09.633654 EXECUTOR - Initializing module TC_26_8_2_3.
2026/Jun/26 14:59:09.633659 EXECUTOR - Initialization of module TC_26_8_2_3 finished.
2026/Jun/26 14:59:09.633662 EXECUTOR - Initializing module TC_26_8_3.
2026/Jun/26 14:59:09.633667 EXECUTOR - Initialization of module TC_26_8_3 finished.
2026/Jun/26 14:59:09.633669 EXECUTOR - Initializing module TC_34_2_2.
2026/Jun/26 14:59:09.633675 EXECUTOR - Initialization of module TC_34_2_2 finished.
2026/Jun/26 14:59:09.633677 EXECUTOR - Initializing module TitanLoggerApi.
2026/Jun/26 14:59:09.633679 EXECUTOR - Initialization of module TitanLoggerApi finished.
2026/Jun/26 14:59:09.633681 EXECUTOR - Initializing module TitanLoggerControl.
2026/Jun/26 14:59:09.633683 EXECUTOR - Initialization of module TitanLoggerControl finished.
2026/Jun/26 14:59:09.633694 EXECUTOR - Configuration data was processed successfully.
2026/Jun/26 14:59:09.635381 EXECUTOR - MTC was created. Process id: 39.
2026/Jun/26 15:11:03.914923 EXECUTOR - Exit was requested from MC. Terminating HC.
2026/Jun/26 15:11:03.915058 EXECUTOR - Disconnected from MC.
2026/Jun/26 15:11:03.915083 EXECUTOR - TTCN-3 Host Controller finished.
2026/Jun/26 14:59:09.636180 EXECUTOR - TTCN-3 Main Test Component started on ttcn3-tc-26-7-4-3-4-1-s2jrl. Version: 11.1.0.
2026/Jun/26 14:59:09.636290 EXECUTOR - TTCN Logger v2.2 options: TimeStampFormat:=DateTime; LogEntityName:=No; LogEventTypes:=Yes; SourceInfoFormat:=Single; LogSensitiveData:=No; *.FileMask:=LOG_ALL; *.ConsoleMask:=ERROR | TESTCASE | USER | VERDICTOP | WARNING; LogFileSize:=0; LogFileNumber:=1; DiskFullAction:=Error
2026/Jun/26 14:59:09.636351 EXECUTOR - Connected to MC.
2026/Jun/26 14:59:09.636491 EXECUTOR - Executing test case TC_26_7_4_3_4 in module TC_26_7_4_3_4.
2026/Jun/26 14:59:09.636772 TESTCASE TC_26_7_4_3_4.ttcn3:489 Test case TC_26_7_4_3_4 started.
2026/Jun/26 14:59:09.636881 PARALLEL TC_26_7_4_3_4.ttcn3:489 Initializing variables, timers and ports of component type GSM_Component_Definitions.GSM_CT inside testcase TC_26_7_4_3_4.
2026/Jun/26 14:59:09.637142 USER TC_26_7_4_3_4.ttcn3:489 MSC_Port: set_parameter msc_stub_host = 10.42.0.87
2026/Jun/26 14:59:09.637194 USER TC_26_7_4_3_4.ttcn3:489 MSC_Port: set_parameter msc_stub_port = 5000
2026/Jun/26 14:59:09.637208 USER TC_26_7_4_3_4.ttcn3:489 L3_Port: set_parameter gsmtap_host = 127.0.0.1
2026/Jun/26 14:59:09.637221 USER TC_26_7_4_3_4.ttcn3:489 L3_Port: set_parameter gsmtap_port = 4729
2026/Jun/26 14:59:09.637227 USER TC_26_7_4_3_4.ttcn3:489 L3_Port: set_parameter local_port = 4729
2026/Jun/26 14:59:09.637231 USER TC_26_7_4_3_4.ttcn3:489 L3_Port: set_parameter ul_multicast_group = 239.193.23.2
2026/Jun/26 14:59:09.637236 USER TC_26_7_4_3_4.ttcn3:489 L3_Port: Will join UL multicast group 239.193.23.2 for RACH capture
2026/Jun/26 14:59:09.637240 USER TC_26_7_4_3_4.ttcn3:489 L3_Port: set_parameter arfcn = 51
2026/Jun/26 14:59:09.637276 USER TC_26_7_4_3_4.ttcn3:489 L3_Port: user_start called
2026/Jun/26 14:59:09.637285 PORTEVENT TC_26_7_4_3_4.ttcn3:489 Port L was started.
2026/Jun/26 14:59:09.637346 PORTEVENT TC_26_7_4_3_4.ttcn3:489 Port RR was started.
2026/Jun/26 14:59:09.637352 PORTEVENT TC_26_7_4_3_4.ttcn3:489 Port MM was started.
2026/Jun/26 14:59:09.637356 PORTEVENT TC_26_7_4_3_4.ttcn3:489 Port CC was started.
2026/Jun/26 14:59:09.637360 USER TC_26_7_4_3_4.ttcn3:489 MSC_Port: user_start called
2026/Jun/26 14:59:09.637364 PORTEVENT TC_26_7_4_3_4.ttcn3:489 Port MSC was started.
2026/Jun/26 14:59:09.637369 PORTEVENT TC_26_7_4_3_4.ttcn3:489 Port BSC was started.
2026/Jun/26 14:59:09.637374 PORTEVENT TC_26_7_4_3_4.ttcn3:489 Port RSL was started.
2026/Jun/26 14:59:09.637384 USER TC_26_7_4_3_4.ttcn3:489 VTY_PT: Starting
2026/Jun/26 14:59:09.637388 PORTEVENT TC_26_7_4_3_4.ttcn3:489 Port VTY was started.
2026/Jun/26 14:59:09.637393 PORTEVENT TC_26_7_4_3_4.ttcn3:489 Port COORD was started.
2026/Jun/26 14:59:09.637395 PARALLEL TC_26_7_4_3_4.ttcn3:489 Component type GSM_Component_Definitions.GSM_CT was initialized.
2026/Jun/26 14:59:09.637416 USER TC_26_7_4_3_4.ttcn3:506 ==========================================================================
2026/Jun/26 14:59:09.637421 USER TC_26_7_4_3_4.ttcn3:507 *** TC_26_7_4_3_4: Location Update T3211 timer and attempt counter ***
2026/Jun/26 14:59:09.637424 USER TC_26_7_4_3_4.ttcn3:508 ==========================================================================
2026/Jun/26 14:59:09.637441 PARALLEL TC_26_7_4_3_4.ttcn3:511 Mapping port mtc:MSC to system:MSC.
2026/Jun/26 14:59:09.637503 USER TC_26_7_4_3_4.ttcn3:511 MSC_Port: Mapping to MSC
2026/Jun/26 14:59:09.638002 WARNING TC_26_7_4_3_4.ttcn3:511 Warning: The maximum number of open file descriptors (1048576) is greater than FD_SETSIZE (1024). Ensure that Test Ports using Install_Handler do not try to wait for events of file descriptors with values greater than FD_SETSIZE (1024). (Current caller of Install_Handler is "MSC")
2026/Jun/26 14:59:09.638052 USER TC_26_7_4_3_4.ttcn3:511 MSC_Port: Registered socket for async events
2026/Jun/26 14:59:09.638059 USER TC_26_7_4_3_4.ttcn3:511 MSC_Port: Connected to MSC stub at 10.42.0.87:5000
2026/Jun/26 14:59:09.638067 PORTEVENT TC_26_7_4_3_4.ttcn3:511 Port MSC was mapped to system:MSC.
2026/Jun/26 14:59:09.638189 PARALLEL TC_26_7_4_3_4.ttcn3:511 Map operation of mtc:MSC to system:MSC finished.
2026/Jun/26 14:59:09.638264 PARALLEL TC_26_7_4_3_4.ttcn3:512 Mapping port mtc:VTY to system:VTY.
2026/Jun/26 14:59:09.638426 USER TC_26_7_4_3_4.ttcn3:512 VTY_PT: Mapping port to VTY interface
2026/Jun/26 14:59:09.638838 USER TC_26_7_4_3_4.ttcn3:512 VTY_PT: Connected to VTY at 10.43.117.129:4247
2026/Jun/26 14:59:10.139120 USER TC_26_7_4_3_4.ttcn3:512 VTY_PT: Initial banner received
2026/Jun/26 14:59:10.139186 PORTEVENT TC_26_7_4_3_4.ttcn3:512 Port VTY was mapped to system:VTY.
2026/Jun/26 14:59:10.139237 USER TC_26_7_4_3_4.ttcn3:512 MSC_Port: RX: {"type": "WELCOME", "status": "connected"}
2026/Jun/26 14:59:10.139292 PORTEVENT TC_26_7_4_3_4.ttcn3:512 Message enqueued on MSC from system charstring : "{\"type\": \"WELCOME\", \"status\": \"connected\"}" id 1
2026/Jun/26 14:59:10.139397 PARALLEL TC_26_7_4_3_4.ttcn3:512 Map operation of mtc:VTY to system:VTY finished.
2026/Jun/26 14:59:10.139427 TIMEROP TC_26_7_4_3_4.ttcn3:515 Start timer T_guard: 1800 s
2026/Jun/26 14:59:10.139485 USER TC_26_7_4_3_4.ttcn3:520 *** SETUP: Getting MS to idle-updated state ***
2026/Jun/26 14:59:10.139504 TIMEROP TC_26_7_4_3_4.ttcn3:92 Start timer T_drain: 3 s
2026/Jun/26 14:59:10.139546 PORTEVENT TC_26_7_4_3_4.ttcn3:94 Receive operation on port MSC succeeded, message from system(): charstring : "{\"type\": \"WELCOME\", \"status\": \"connected\"}" id 1
2026/Jun/26 14:59:10.139581 PORTEVENT TC_26_7_4_3_4.ttcn3:94 Message with id 1 was extracted from the queue of MSC.
2026/Jun/26 14:59:13.140889 TIMEROP TC_26_7_4_3_4.ttcn3:108 Timeout T_drain: 3 s
2026/Jun/26 14:59:13.140960 USER TC_26_7_4_3_4.ttcn3:109 No buffered LU in drain window
2026/Jun/26 14:59:13.141845 TIMEROP TC_26_7_4_3_4.ttcn3:115 Start timer T_lu_wait: 60 s
2026/Jun/26 14:59:14.643043 USER TC_26_7_4_3_4.ttcn3:116 MSC_Port: RX: {"type": "HEARTBEAT"}
2026/Jun/26 14:59:14.643117 PORTEVENT TC_26_7_4_3_4.ttcn3:116 Message enqueued on MSC from system charstring : "{\"type\": \"HEARTBEAT\"}" id 2
2026/Jun/26 14:59:14.643140 PORTEVENT TC_26_7_4_3_4.ttcn3:117 Receive operation on port MSC succeeded, message from system(): charstring : "{\"type\": \"HEARTBEAT\"}" id 2
2026/Jun/26 14:59:14.643149 PORTEVENT TC_26_7_4_3_4.ttcn3:117 Message with id 2 was extracted from the queue of MSC.
2026/Jun/26 14:59:19.650066 USER TC_26_7_4_3_4.ttcn3:116 MSC_Port: RX: {"type": "HEARTBEAT"}
2026/Jun/26 14:59:19.650147 PORTEVENT TC_26_7_4_3_4.ttcn3:116 Message enqueued on MSC from system charstring : "{\"type\": \"HEARTBEAT\"}" id 3
2026/Jun/26 14:59:19.650174 PORTEVENT TC_26_7_4_3_4.ttcn3:117 Receive operation on port MSC succeeded, message from system(): charstring : "{\"type\": \"HEARTBEAT\"}" id 3
2026/Jun/26 14:59:19.650183 PORTEVENT TC_26_7_4_3_4.ttcn3:117 Message with id 3 was extracted from the queue of MSC.
2026/Jun/26 14:59:20.269878 USER TC_26_7_4_3_4.ttcn3:116 VTY_PT: Received data (buffered): 68 bytes
2026/Jun/26 14:59:24.655028 USER TC_26_7_4_3_4.ttcn3:116 MSC_Port: RX: {"type": "HEARTBEAT"}
2026/Jun/26 14:59:24.655103 PORTEVENT TC_26_7_4_3_4.ttcn3:116 Message enqueued on MSC from system charstring : "{\"type\": \"HEARTBEAT\"}" id 4
2026/Jun/26 14:59:24.655126 PORTEVENT TC_26_7_4_3_4.ttcn3:117 Receive operation on port MSC succeeded, message from system(): charstring : "{\"type\": \"HEARTBEAT\"}" id 4
2026/Jun/26 14:59:24.655136 PORTEVENT TC_26_7_4_3_4.ttcn3:117 Message with id 4 was extracted from the queue of MSC.
2026/Jun/26 14:59:29.660119 USER TC_26_7_4_3_4.ttcn3:116 MSC_Port: RX: {"type": "HEARTBEAT"}
2026/Jun/26 14:59:29.660217 PORTEVENT TC_26_7_4_3_4.ttcn3:116 Message enqueued on MSC from system charstring : "{\"type\": \"HEARTBEAT\"}" id 5
2026/Jun/26 14:59:29.660252 PORTEVENT TC_26_7_4_3_4.ttcn3:117 Receive operation on port MSC succeeded, message from system(): charstring : "{\"type\": \"HEARTBEAT\"}" id 5
2026/Jun/26 14:59:29.660268 PORTEVENT TC_26_7_4_3_4.ttcn3:117 Message with id 5 was extracted from the queue of MSC.
2026/Jun/26 14:59:34.664032 USER TC_26_7_4_3_4.ttcn3:116 MSC_Port: RX: {"type": "HEARTBEAT"}
2026/Jun/26 14:59:34.664136 PORTEVENT TC_26_7_4_3_4.ttcn3:116 Message enqueued on MSC from system charstring : "{\"type\": \"HEARTBEAT\"}" id 6
2026/Jun/26 14:59:34.664190 PORTEVENT TC_26_7_4_3_4.ttcn3:117 Receive operation on port MSC succeeded, message from system(): charstring : "{\"type\": \"HEARTBEAT\"}" id 6
2026/Jun/26 14:59:34.664208 PORTEVENT TC_26_7_4_3_4.ttcn3:117 Message with id 6 was extracted from the queue of MSC.
2026/Jun/26 14:59:39.669058 USER TC_26_7_4_3_4.ttcn3:116 MSC_Port: RX: {"type": "HEARTBEAT"}
2026/Jun/26 14:59:39.669130 PORTEVENT TC_26_7_4_3_4.ttcn3:116 Message enqueued on MSC from system charstring : "{\"type\": \"HEARTBEAT\"}" id 7
2026/Jun/26 14:59:39.669153 PORTEVENT TC_26_7_4_3_4.ttcn3:117 Receive operation on port MSC succeeded, message from system(): charstring : "{\"type\": \"HEARTBEAT\"}" id 7
2026/Jun/26 14:59:39.669163 PORTEVENT TC_26_7_4_3_4.ttcn3:117 Message with id 7 was extracted from the queue of MSC.
2026/Jun/26 14:59:43.099813 USER TC_26_7_4_3_4.ttcn3:116 VTY_PT: Received data (buffered): 68 bytes
2026/Jun/26 14:59:44.674040 USER TC_26_7_4_3_4.ttcn3:116 MSC_Port: RX: {"type": "HEARTBEAT"}
2026/Jun/26 14:59:44.674114 PORTEVENT TC_26_7_4_3_4.ttcn3:116 Message enqueued on MSC from system charstring : "{\"type\": \"HEARTBEAT\"}" id 8
2026/Jun/26 14:59:44.674137 PORTEVENT TC_26_7_4_3_4.ttcn3:117 Receive operation on port MSC succeeded, message from system(): charstring : "{\"type\": \"HEARTBEAT\"}" id 8
2026/Jun/26 14:59:44.674146 PORTEVENT TC_26_7_4_3_4.ttcn3:117 Message with id 8 was extracted from the queue of MSC.
2026/Jun/26 14:59:49.680051 USER TC_26_7_4_3_4.ttcn3:116 MSC_Port: RX: {"type": "HEARTBEAT"}
2026/Jun/26 14:59:49.680121 PORTEVENT TC_26_7_4_3_4.ttcn3:116 Message enqueued on MSC from system charstring : "{\"type\": \"HEARTBEAT\"}" id 9
2026/Jun/26 14:59:49.680144 PORTEVENT TC_26_7_4_3_4.ttcn3:117 Receive operation on port MSC succeeded, message from system(): charstring : "{\"type\": \"HEARTBEAT\"}" id 9
2026/Jun/26 14:59:49.680153 PORTEVENT TC_26_7_4_3_4.ttcn3:117 Message with id 9 was extracted from the queue of MSC.
2026/Jun/26 14:59:54.684202 USER TC_26_7_4_3_4.ttcn3:116 MSC_Port: RX: {"type": "HEARTBEAT"}
2026/Jun/26 14:59:54.684303 PORTEVENT TC_26_7_4_3_4.ttcn3:116 Message enqueued on MSC from system charstring : "{\"type\": \"HEARTBEAT\"}" id 10
2026/Jun/26 14:59:54.684344 PORTEVENT TC_26_7_4_3_4.ttcn3:117 Receive operation on port MSC succeeded, message from system(): charstring : "{\"type\": \"HEARTBEAT\"}" id 10
2026/Jun/26 14:59:54.684363 PORTEVENT TC_26_7_4_3_4.ttcn3:117 Message with id 10 was extracted from the queue of MSC.
2026/Jun/26 14:59:58.613536 USER TC_26_7_4_3_4.ttcn3:116 MSC_Port: RX: {"type": "EVENT_LU_REQUEST", "bsc_slr": 2, "msc_slr": 2, "cksn": 7, "lu_type": 0, "old_mcc": "901", "old_mnc": "70", "old_lac": 0, "mi_type": "imsi"}
2026/Jun/26 14:59:58.613608 PORTEVENT TC_26_7_4_3_4.ttcn3:116 Message enqueued on MSC from system charstring : "{\"type\": \"EVENT_LU_REQUEST\", \"bsc_slr\": 2, \"msc_slr\": 2, \"cksn\": 7, \"lu_type\": 0, \"old_mcc\": \"901\", \"old_mnc\": \"70\", \"old_lac\": 0, \"mi_type\": \"imsi\"}" id 11
2026/Jun/26 14:59:58.613638 PORTEVENT TC_26_7_4_3_4.ttcn3:117 Receive operation on port MSC succeeded, message from system(): charstring : "{\"type\": \"EVENT_LU_REQUEST\", \"bsc_slr\": 2, \"msc_slr\": 2, \"cksn\": 7, \"lu_type\": 0, \"old_mcc\": \"901\", \"old_mnc\": \"70\", \"old_lac\": 0, \"mi_type\": \"imsi\"}" id 11
2026/Jun/26 14:59:58.613649 PORTEVENT TC_26_7_4_3_4.ttcn3:117 Message with id 11 was extracted from the queue of MSC.
2026/Jun/26 14:59:58.613742 USER TC_26_7_4_3_4.ttcn3:119 *** Received fresh LU Request ***
2026/Jun/26 14:59:58.615203 USER TC_26_7_4_3_4.ttcn3:78 Extracted bsc_slr = 2 from event
2026/Jun/26 14:59:58.615266 TIMEROP TC_26_7_4_3_4.ttcn3:121 Stop timer T_lu_wait: 60 s
2026/Jun/26 14:59:58.615350 PORTEVENT TC_26_7_4_3_4.ttcn3:173 Sent on MSC to system charstring : "{\"command\": \"CMD_SEND_LU_ACCEPT_CUSTOM\", \"params\": {\"bsc_slr\": 2, \"mcc\": \"901\", \"mnc\": \"70\", \"lac\": 4242, \"tmsi\": 305419896}}"
2026/Jun/26 14:59:58.615480 USER TC_26_7_4_3_4.ttcn3:173 MSC_Port: TX: {"command": "CMD_SEND_LU_ACCEPT_CUSTOM", "params": {"bsc_slr": 2, "mcc": "901", "mnc": "70", "lac": 4242, "tmsi": 305419896}}
2026/Jun/26 14:59:58.615492 USER TC_26_7_4_3_4.ttcn3:174 Sent LU Accept with LAC 4242, TMSI 305419896
2026/Jun/26 14:59:58.615499 TIMEROP TC_26_7_4_3_4.ttcn3:177 Start timer T_tmsi: 10 s
2026/Jun/26 14:59:59.116223 USER TC_26_7_4_3_4.ttcn3:178 MSC_Port: RX: {"status": "ok", "sent": true}
2026/Jun/26 14:59:59.116288 PORTEVENT TC_26_7_4_3_4.ttcn3:178 Message enqueued on MSC from system charstring : "{\"status\": \"ok\", \"sent\": true}" id 12
2026/Jun/26 14:59:59.116311 PORTEVENT TC_26_7_4_3_4.ttcn3:179 Receive operation on port MSC succeeded, message from system(): charstring : "{\"status\": \"ok\", \"sent\": true}" id 12
2026/Jun/26 14:59:59.116320 PORTEVENT TC_26_7_4_3_4.ttcn3:179 Message with id 12 was extracted from the queue of MSC.
2026/Jun/26 14:59:59.116405 USER TC_26_7_4_3_4.ttcn3:188 Event during TMSI wait: "{\"status\": \"ok\", \"sent\": true}"
2026/Jun/26 14:59:59.269597 USER TC_26_7_4_3_4.ttcn3:178 MSC_Port: RX: {"type": "EVENT_DTAP", "bsc_slr": 2, "pd": 5, "msg_type": 27}
2026/Jun/26 14:59:59.269693 PORTEVENT TC_26_7_4_3_4.ttcn3:178 Message enqueued on MSC from system charstring : "{\"type\": \"EVENT_DTAP\", \"bsc_slr\": 2, \"pd\": 5, \"msg_type\": 27}" id 13
2026/Jun/26 14:59:59.269736 PORTEVENT TC_26_7_4_3_4.ttcn3:179 Receive operation on port MSC succeeded, message from system(): charstring : "{\"type\": \"EVENT_DTAP\", \"bsc_slr\": 2, \"pd\": 5, \"msg_type\": 27}" id 13
2026/Jun/26 14:59:59.269754 PORTEVENT TC_26_7_4_3_4.ttcn3:179 Message with id 13 was extracted from the queue of MSC.
2026/Jun/26 14:59:59.269993 USER TC_26_7_4_3_4.ttcn3:188 Event during TMSI wait: "{\"type\": \"EVENT_DTAP\", \"bsc_slr\": 2, \"pd\": 5, \"msg_type\": 27}"
2026/Jun/26 14:59:59.270051 USER TC_26_7_4_3_4.ttcn3:178 MSC_Port: RX: {"type": "EVENT_TMSI_REALLOC_COMPLETE", "bsc_slr": 2}
2026/Jun/26 14:59:59.270073 PORTEVENT TC_26_7_4_3_4.ttcn3:178 Message enqueued on MSC from system charstring : "{\"type\": \"EVENT_TMSI_REALLOC_COMPLETE\", \"bsc_slr\": 2}" id 14
2026/Jun/26 14:59:59.270095 PORTEVENT TC_26_7_4_3_4.ttcn3:179 Receive operation on port MSC succeeded, message from system(): charstring : "{\"type\": \"EVENT_TMSI_REALLOC_COMPLETE\", \"bsc_slr\": 2}" id 14
2026/Jun/26 14:59:59.270107 PORTEVENT TC_26_7_4_3_4.ttcn3:179 Message with id 14 was extracted from the queue of MSC.
2026/Jun/26 14:59:59.270378 USER TC_26_7_4_3_4.ttcn3:182 *** TMSI Reallocation Complete received ***
2026/Jun/26 14:59:59.270400 TIMEROP TC_26_7_4_3_4.ttcn3:183 Stop timer T_tmsi: 10 s
2026/Jun/26 14:59:59.270437 PORTEVENT TC_26_7_4_3_4.ttcn3:223 Sent on MSC to system charstring : "{\"command\": \"CMD_SEND_CLEAR_CMD\", \"params\": {\"bsc_slr\": 2, \"cause\": 0}}"
2026/Jun/26 14:59:59.270538 USER TC_26_7_4_3_4.ttcn3:223 MSC_Port: TX: {"command": "CMD_SEND_CLEAR_CMD", "params": {"bsc_slr": 2, "cause": 0}}
2026/Jun/26 14:59:59.270558 USER TC_26_7_4_3_4.ttcn3:224 Sent CLEAR CMD to bsc_slr=2
2026/Jun/26 14:59:59.270578 TIMEROP TC_26_7_4_3_4.ttcn3:539 Start timer T_setup_settle: 5 s
2026/Jun/26 14:59:59.271191 USER TC_26_7_4_3_4.ttcn3:540 MSC_Port: RX: {"status": "ok"}
2026/Jun/26 14:59:59.271224 PORTEVENT TC_26_7_4_3_4.ttcn3:540 Message enqueued on MSC from system charstring : "{\"status\": \"ok\"}" id 15
2026/Jun/26 14:59:59.271244 PORTEVENT TC_26_7_4_3_4.ttcn3:541 Receive operation on port MSC succeeded, message from system(): charstring : "{\"status\": \"ok\"}" id 15
2026/Jun/26 14:59:59.271257 PORTEVENT TC_26_7_4_3_4.ttcn3:541 Message with id 15 was extracted from the queue of MSC.
2026/Jun/26 14:59:59.271312 USER TC_26_7_4_3_4.ttcn3:543 Settle event: "{\"status\": \"ok\"}"
2026/Jun/26 14:59:59.311988 USER TC_26_7_4_3_4.ttcn3:540 MSC_Port: RX: {"type": "EVENT_BSSMAP_CLEAR_COMPLETE", "bsc_slr": 2}
2026/Jun/26 14:59:59.312080 PORTEVENT TC_26_7_4_3_4.ttcn3:540 Message enqueued on MSC from system charstring : "{\"type\": \"EVENT_BSSMAP_CLEAR_COMPLETE\", \"bsc_slr\": 2}" id 16
2026/Jun/26 14:59:59.312137 PORTEVENT TC_26_7_4_3_4.ttcn3:541 Receive operation on port MSC succeeded, message from system(): charstring : "{\"type\": \"EVENT_BSSMAP_CLEAR_COMPLETE\", \"bsc_slr\": 2}" id 16
2026/Jun/26 14:59:59.312155 PORTEVENT TC_26_7_4_3_4.ttcn3:541 Message with id 16 was extracted from the queue of MSC.
2026/Jun/26 14:59:59.312226 USER TC_26_7_4_3_4.ttcn3:543 Settle event: "{\"type\": \"EVENT_BSSMAP_CLEAR_COMPLETE\", \"bsc_slr\": 2}"
2026/Jun/26 14:59:59.881165 USER TC_26_7_4_3_4.ttcn3:540 VTY_PT: Received data (buffered): 61 bytes
2026/Jun/26 15:00:00.272046 USER TC_26_7_4_3_4.ttcn3:540 MSC_Port: RX: {"type": "HEARTBEAT"}
2026/Jun/26 15:00:00.272119 PORTEVENT TC_26_7_4_3_4.ttcn3:540 Message enqueued on MSC from system charstring : "{\"type\": \"HEARTBEAT\"}" id 17
2026/Jun/26 15:00:00.272141 PORTEVENT TC_26_7_4_3_4.ttcn3:541 Receive operation on port MSC succeeded, message from system(): charstring : "{\"type\": \"HEARTBEAT\"}" id 17
2026/Jun/26 15:00:00.272150 PORTEVENT TC_26_7_4_3_4.ttcn3:541 Message with id 17 was extracted from the queue of MSC.
2026/Jun/26 15:00:04.274184 TIMEROP TC_26_7_4_3_4.ttcn3:545 Timeout T_setup_settle: 5 s
2026/Jun/26 15:00:04.274254 USER TC_26_7_4_3_4.ttcn3:545 MS settled in idle-updated state
2026/Jun/26 15:00:04.274287 USER TC_26_7_4_3_4.ttcn3:556 ==========================================================================
2026/Jun/26 15:00:04.274295 USER TC_26_7_4_3_4.ttcn3:557 *** subtest1: Periodic LU rejection - T3211 stopped by CM connection ***
2026/Jun/26 15:00:04.274301 USER TC_26_7_4_3_4.ttcn3:558 ==========================================================================
2026/Jun/26 15:00:04.274306 USER TC_26_7_4_3_4.ttcn3:561 *** subtest1: Waiting for LU Request (periodic or triggered) ***
2026/Jun/26 15:00:04.274344 TIMEROP TC_26_7_4_3_4.ttcn3:236 Start timer T_luwait: 60 s
2026/Jun/26 15:00:05.277026 USER TC_26_7_4_3_4.ttcn3:237 MSC_Port: RX: {"type": "HEARTBEAT"}
2026/Jun/26 15:00:05.277099 PORTEVENT TC_26_7_4_3_4.ttcn3:237 Message enqueued on MSC from system charstring : "{\"type\": \"HEARTBEAT\"}" id 18
2026/Jun/26 15:00:05.277123 PORTEVENT TC_26_7_4_3_4.ttcn3:238 Receive operation on port MSC succeeded, message from system(): charstring : "{\"type\": \"HEARTBEAT\"}" id 18
2026/Jun/26 15:00:05.277133 PORTEVENT TC_26_7_4_3_4.ttcn3:238 Message with id 18 was extracted from the queue of MSC.
2026/Jun/26 15:00:10.282071 USER TC_26_7_4_3_4.ttcn3:237 MSC_Port: RX: {"type": "HEARTBEAT"}
2026/Jun/26 15:00:10.282158 PORTEVENT TC_26_7_4_3_4.ttcn3:237 Message enqueued on MSC from system charstring : "{\"type\": \"HEARTBEAT\"}" id 19
2026/Jun/26 15:00:10.282182 PORTEVENT TC_26_7_4_3_4.ttcn3:238 Receive operation on port MSC succeeded, message from system(): charstring : "{\"type\": \"HEARTBEAT\"}" id 19
2026/Jun/26 15:00:10.282193 PORTEVENT TC_26_7_4_3_4.ttcn3:238 Message with id 19 was extracted from the queue of MSC.
2026/Jun/26 15:00:15.287062 USER TC_26_7_4_3_4.ttcn3:237 MSC_Port: RX: {"type": "HEARTBEAT"}
2026/Jun/26 15:00:15.287140 PORTEVENT TC_26_7_4_3_4.ttcn3:237 Message enqueued on MSC from system charstring : "{\"type\": \"HEARTBEAT\"}" id 20
2026/Jun/26 15:00:15.287164 PORTEVENT TC_26_7_4_3_4.ttcn3:238 Receive operation on port MSC succeeded, message from system(): charstring : "{\"type\": \"HEARTBEAT\"}" id 20
2026/Jun/26 15:00:15.287174 PORTEVENT TC_26_7_4_3_4.ttcn3:238 Message with id 20 was extracted from the queue of MSC.
2026/Jun/26 15:00:20.292052 USER TC_26_7_4_3_4.ttcn3:237 MSC_Port: RX: {"type": "HEARTBEAT"}
2026/Jun/26 15:00:20.292129 PORTEVENT TC_26_7_4_3_4.ttcn3:237 Message enqueued on MSC from system charstring : "{\"type\": \"HEARTBEAT\"}" id 21
2026/Jun/26 15:00:20.292157 PORTEVENT TC_26_7_4_3_4.ttcn3:238 Receive operation on port MSC succeeded, message from system(): charstring : "{\"type\": \"HEARTBEAT\"}" id 21
2026/Jun/26 15:00:20.292165 PORTEVENT TC_26_7_4_3_4.ttcn3:238 Message with id 21 was extracted from the queue of MSC.
2026/Jun/26 15:00:25.297035 USER TC_26_7_4_3_4.ttcn3:237 MSC_Port: RX: {"type": "HEARTBEAT"}
2026/Jun/26 15:00:25.297114 PORTEVENT TC_26_7_4_3_4.ttcn3:237 Message enqueued on MSC from system charstring : "{\"type\": \"HEARTBEAT\"}" id 22
2026/Jun/26 15:00:25.297144 PORTEVENT TC_26_7_4_3_4.ttcn3:238 Receive operation on port MSC succeeded, message from system(): charstring : "{\"type\": \"HEARTBEAT\"}" id 22
2026/Jun/26 15:00:25.297160 PORTEVENT TC_26_7_4_3_4.ttcn3:238 Message with id 22 was extracted from the queue of MSC.
2026/Jun/26 15:00:30.302047 USER TC_26_7_4_3_4.ttcn3:237 MSC_Port: RX: {"type": "HEARTBEAT"}
2026/Jun/26 15:00:30.302122 PORTEVENT TC_26_7_4_3_4.ttcn3:237 Message enqueued on MSC from system charstring : "{\"type\": \"HEARTBEAT\"}" id 23
2026/Jun/26 15:00:30.302146 PORTEVENT TC_26_7_4_3_4.ttcn3:238 Receive operation on port MSC succeeded, message from system(): charstring : "{\"type\": \"HEARTBEAT\"}" id 23
2026/Jun/26 15:00:30.302154 PORTEVENT TC_26_7_4_3_4.ttcn3:238 Message with id 23 was extracted from the queue of MSC.
2026/Jun/26 15:00:35.307115 USER TC_26_7_4_3_4.ttcn3:237 MSC_Port: RX: {"type": "HEARTBEAT"}
2026/Jun/26 15:00:35.307227 PORTEVENT TC_26_7_4_3_4.ttcn3:237 Message enqueued on MSC from system charstring : "{\"type\": \"HEARTBEAT\"}" id 24
2026/Jun/26 15:00:35.307270 PORTEVENT TC_26_7_4_3_4.ttcn3:238 Receive operation on port MSC succeeded, message from system(): charstring : "{\"type\": \"HEARTBEAT\"}" id 24
2026/Jun/26 15:00:35.307290 PORTEVENT TC_26_7_4_3_4.ttcn3:238 Message with id 24 was extracted from the queue of MSC.
2026/Jun/26 15:00:40.314284 USER TC_26_7_4_3_4.ttcn3:237 MSC_Port: RX: {"type": "HEARTBEAT"}
2026/Jun/26 15:00:40.314352 PORTEVENT TC_26_7_4_3_4.ttcn3:237 Message enqueued on MSC from system charstring : "{\"type\": \"HEARTBEAT\"}" id 25
2026/Jun/26 15:00:40.314378 PORTEVENT TC_26_7_4_3_4.ttcn3:238 Receive operation on port MSC succeeded, message from system(): charstring : "{\"type\": \"HEARTBEAT\"}" id 25
2026/Jun/26 15:00:40.314387 PORTEVENT TC_26_7_4_3_4.ttcn3:238 Message with id 25 was extracted from the queue of MSC.
2026/Jun/26 15:00:45.317049 USER TC_26_7_4_3_4.ttcn3:237 MSC_Port: RX: {"type": "HEARTBEAT"}
2026/Jun/26 15:00:45.317113 PORTEVENT TC_26_7_4_3_4.ttcn3:237 Message enqueued on MSC from system charstring : "{\"type\": \"HEARTBEAT\"}" id 26
2026/Jun/26 15:00:45.317137 PORTEVENT TC_26_7_4_3_4.ttcn3:238 Receive operation on port MSC succeeded, message from system(): charstring : "{\"type\": \"HEARTBEAT\"}" id 26
2026/Jun/26 15:00:45.317146 PORTEVENT TC_26_7_4_3_4.ttcn3:238 Message with id 26 was extracted from the queue of MSC.
2026/Jun/26 15:00:50.322075 USER TC_26_7_4_3_4.ttcn3:237 MSC_Port: RX: {"type": "HEARTBEAT"}
2026/Jun/26 15:00:50.322148 PORTEVENT TC_26_7_4_3_4.ttcn3:237 Message enqueued on MSC from system charstring : "{\"type\": \"HEARTBEAT\"}" id 27
2026/Jun/26 15:00:50.322172 PORTEVENT TC_26_7_4_3_4.ttcn3:238 Receive operation on port MSC succeeded, message from system(): charstring : "{\"type\": \"HEARTBEAT\"}" id 27
2026/Jun/26 15:00:50.322181 PORTEVENT TC_26_7_4_3_4.ttcn3:238 Message with id 27 was extracted from the queue of MSC.
2026/Jun/26 15:00:55.327080 USER TC_26_7_4_3_4.ttcn3:237 MSC_Port: RX: {"type": "HEARTBEAT"}
2026/Jun/26 15:00:55.327181 PORTEVENT TC_26_7_4_3_4.ttcn3:237 Message enqueued on MSC from system charstring : "{\"type\": \"HEARTBEAT\"}" id 28
2026/Jun/26 15:00:55.327224 PORTEVENT TC_26_7_4_3_4.ttcn3:238 Receive operation on port MSC succeeded, message from system(): charstring : "{\"type\": \"HEARTBEAT\"}" id 28
2026/Jun/26 15:00:55.327244 PORTEVENT TC_26_7_4_3_4.ttcn3:238 Message with id 28 was extracted from the queue of MSC.
2026/Jun/26 15:01:00.332045 USER TC_26_7_4_3_4.ttcn3:237 MSC_Port: RX: {"type": "HEARTBEAT"}
2026/Jun/26 15:01:00.332120 PORTEVENT TC_26_7_4_3_4.ttcn3:237 Message enqueued on MSC from system charstring : "{\"type\": \"HEARTBEAT\"}" id 29
2026/Jun/26 15:01:00.332145 PORTEVENT TC_26_7_4_3_4.ttcn3:238 Receive operation on port MSC succeeded, message from system(): charstring : "{\"type\": \"HEARTBEAT\"}" id 29
2026/Jun/26 15:01:00.332154 PORTEVENT TC_26_7_4_3_4.ttcn3:238 Message with id 29 was extracted from the queue of MSC.
2026/Jun/26 15:01:04.277855 TIMEROP TC_26_7_4_3_4.ttcn3:250 Timeout T_luwait: 60 s
2026/Jun/26 15:01:04.277925 USER TC_26_7_4_3_4.ttcn3:251 No LU Request within 60.000000s
2026/Jun/26 15:01:04.278047 USER TC_26_7_4_3_4.ttcn3:296 docker.sock not found — using VTY power-cycle (k8s mode)
2026/Jun/26 15:01:04.278061 USER TC_26_7_4_3_4.ttcn3:296 === k8s fallback: VTY power-cycle mobile at 10.43.117.129:4247 ===
2026/Jun/26 15:01:09.837980 USER TC_26_7_4_3_4.ttcn3:296 Waiting 10 seconds (power off)...
2026/Jun/26 15:01:25.198126 USER TC_26_7_4_3_4.ttcn3:296 VTY 'clear-loci' sent — LOCI erased
2026/Jun/26 15:01:31.853990 USER TC_26_7_4_3_4.ttcn3:296 === VTY power-cycle complete — MS will send LU shortly ===
2026/Jun/26 15:01:31.854193 TIMEROP TC_26_7_4_3_4.ttcn3:303 Start timer T_lu_after_restart: 60 s
2026/Jun/26 15:01:31.854262 USER TC_26_7_4_3_4.ttcn3:304 VTY_PT: Received data (buffered): 94 bytes
2026/Jun/26 15:01:31.854331 USER TC_26_7_4_3_4.ttcn3:304 MSC_Port: RX: {"type": "HEARTBEAT"}
2026/Jun/26 15:01:31.854362 PORTEVENT TC_26_7_4_3_4.ttcn3:304 Message enqueued on MSC from system charstring : "{\"type\": \"HEARTBEAT\"}" id 30
2026/Jun/26 15:01:31.854388 USER TC_26_7_4_3_4.ttcn3:304 MSC_Port: RX: {"type": "EVENT_CLEAR_REQUEST", "bsc_slr": 3}
2026/Jun/26 15:01:31.854410 PORTEVENT TC_26_7_4_3_4.ttcn3:304 Message enqueued on MSC from system charstring : "{\"type\": \"EVENT_CLEAR_REQUEST\", \"bsc_slr\": 3}" id 31
2026/Jun/26 15:01:31.854425 USER TC_26_7_4_3_4.ttcn3:304 MSC_Port: RX: {"type": "HEARTBEAT"}
2026/Jun/26 15:01:31.854444 PORTEVENT TC_26_7_4_3_4.ttcn3:304 Message enqueued on MSC from system charstring : "{\"type\": \"HEARTBEAT\"}" id 32
2026/Jun/26 15:01:31.854459 USER TC_26_7_4_3_4.ttcn3:304 MSC_Port: RX: {"type": "HEARTBEAT"}
2026/Jun/26 15:01:31.854477 PORTEVENT TC_26_7_4_3_4.ttcn3:304 Message enqueued on MSC from system charstring : "{\"type\": \"HEARTBEAT\"}" id 33
2026/Jun/26 15:01:31.854491 USER TC_26_7_4_3_4.ttcn3:304 MSC_Port: RX: {"type": "HEARTBEAT"}
2026/Jun/26 15:01:31.854509 PORTEVENT TC_26_7_4_3_4.ttcn3:304 Message enqueued on MSC from system charstring : "{\"type\": \"HEARTBEAT\"}" id 34
2026/Jun/26 15:01:31.854522 USER TC_26_7_4_3_4.ttcn3:304 MSC_Port: RX: {"type": "HEARTBEAT"}
2026/Jun/26 15:01:31.854542 PORTEVENT TC_26_7_4_3_4.ttcn3:304 Message enqueued on MSC from system charstring : "{\"type\": \"HEARTBEAT\"}" id 35
2026/Jun/26 15:01:31.854557 USER TC_26_7_4_3_4.ttcn3:304 MSC_Port: RX: {"type": "HEARTBEAT"}
2026/Jun/26 15:01:31.854575 PORTEVENT TC_26_7_4_3_4.ttcn3:304 Message enqueued on MSC from system charstring : "{\"type\": \"HEARTBEAT\"}" id 36
2026/Jun/26 15:01:31.854595 PORTEVENT TC_26_7_4_3_4.ttcn3:305 Receive operation on port MSC succeeded, message from system(): charstring : "{\"type\": \"HEARTBEAT\"}" id 30
2026/Jun/26 15:01:31.854612 PORTEVENT TC_26_7_4_3_4.ttcn3:305 Message with id 30 was extracted from the queue of MSC.
2026/Jun/26 15:01:31.854778 PORTEVENT TC_26_7_4_3_4.ttcn3:305 Receive operation on port MSC succeeded, message from system(): charstring : "{\"type\": \"EVENT_CLEAR_REQUEST\", \"bsc_slr\": 3}" id 31
2026/Jun/26 15:01:31.854795 PORTEVENT TC_26_7_4_3_4.ttcn3:305 Message with id 31 was extracted from the queue of MSC.
2026/Jun/26 15:01:31.854924 USER TC_26_7_4_3_4.ttcn3:314 Event after restart: "{\"type\": \"EVENT_CLEAR_REQUEST\", \"bsc_slr\": 3}"
2026/Jun/26 15:01:31.854962 PORTEVENT TC_26_7_4_3_4.ttcn3:305 Receive operation on port MSC succeeded, message from system(): charstring : "{\"type\": \"HEARTBEAT\"}" id 32
2026/Jun/26 15:01:31.854976 PORTEVENT TC_26_7_4_3_4.ttcn3:305 Message with id 32 was extracted from the queue of MSC.
2026/Jun/26 15:01:31.855092 PORTEVENT TC_26_7_4_3_4.ttcn3:305 Receive operation on port MSC succeeded, message from system(): charstring : "{\"type\": \"HEARTBEAT\"}" id 33
2026/Jun/26 15:01:31.855107 PORTEVENT TC_26_7_4_3_4.ttcn3:305 Message with id 33 was extracted from the queue of MSC.
2026/Jun/26 15:01:31.855217 PORTEVENT TC_26_7_4_3_4.ttcn3:305 Receive operation on port MSC succeeded, message from system(): charstring : "{\"type\": \"HEARTBEAT\"}" id 34
2026/Jun/26 15:01:31.855247 PORTEVENT TC_26_7_4_3_4.ttcn3:305 Message with id 34 was extracted from the queue of MSC.
2026/Jun/26 15:01:31.855353 PORTEVENT TC_26_7_4_3_4.ttcn3:305 Receive operation on port MSC succeeded, message from system(): charstring : "{\"type\": \"HEARTBEAT\"}" id 35
2026/Jun/26 15:01:31.855365 PORTEVENT TC_26_7_4_3_4.ttcn3:305 Message with id 35 was extracted from the queue of MSC.
2026/Jun/26 15:01:31.855466 PORTEVENT TC_26_7_4_3_4.ttcn3:305 Receive operation on port MSC succeeded, message from system(): charstring : "{\"type\": \"HEARTBEAT\"}" id 36
2026/Jun/26 15:01:31.855478 PORTEVENT TC_26_7_4_3_4.ttcn3:305 Message with id 36 was extracted from the queue of MSC.
2026/Jun/26 15:01:34.428054 USER TC_26_7_4_3_4.ttcn3:304 VTY_PT: Received data (buffered): 68 bytes
2026/Jun/26 15:01:35.368032 USER TC_26_7_4_3_4.ttcn3:304 MSC_Port: RX: {"type": "HEARTBEAT"}
2026/Jun/26 15:01:35.368105 PORTEVENT TC_26_7_4_3_4.ttcn3:304 Message enqueued on MSC from system charstring : "{\"type\": \"HEARTBEAT\"}" id 37
2026/Jun/26 15:01:35.368126 PORTEVENT TC_26_7_4_3_4.ttcn3:305 Receive operation on port MSC succeeded, message from system(): charstring : "{\"type\": \"HEARTBEAT\"}" id 37
2026/Jun/26 15:01:35.368134 PORTEVENT TC_26_7_4_3_4.ttcn3:305 Message with id 37 was extracted from the queue of MSC.
2026/Jun/26 15:01:40.373030 USER TC_26_7_4_3_4.ttcn3:304 MSC_Port: RX: {"type": "HEARTBEAT"}
2026/Jun/26 15:01:40.373099 PORTEVENT TC_26_7_4_3_4.ttcn3:304 Message enqueued on MSC from system charstring : "{\"type\": \"HEARTBEAT\"}" id 38
2026/Jun/26 15:01:40.373123 PORTEVENT TC_26_7_4_3_4.ttcn3:305 Receive operation on port MSC succeeded, message from system(): charstring : "{\"type\": \"HEARTBEAT\"}" id 38
2026/Jun/26 15:01:40.373132 PORTEVENT TC_26_7_4_3_4.ttcn3:305 Message with id 38 was extracted from the queue of MSC.
2026/Jun/26 15:01:45.378087 USER TC_26_7_4_3_4.ttcn3:304 MSC_Port: RX: {"type": "HEARTBEAT"}
2026/Jun/26 15:01:45.378163 PORTEVENT TC_26_7_4_3_4.ttcn3:304 Message enqueued on MSC from system charstring : "{\"type\": \"HEARTBEAT\"}" id 39
2026/Jun/26 15:01:45.378187 PORTEVENT TC_26_7_4_3_4.ttcn3:305 Receive operation on port MSC succeeded, message from system(): charstring : "{\"type\": \"HEARTBEAT\"}" id 39
2026/Jun/26 15:01:45.378196 PORTEVENT TC_26_7_4_3_4.ttcn3:305 Message with id 39 was extracted from the queue of MSC.
2026/Jun/26 15:01:49.890233 USER TC_26_7_4_3_4.ttcn3:304 MSC_Port: RX: {"type": "EVENT_LU_REQUEST", "bsc_slr": 4, "msc_slr": 4, "cksn": 7, "lu_type": 0, "old_mcc": "901", "old_mnc": "70", "old_lac": 0, "mi_type": "imsi"}
2026/Jun/26 15:01:49.890311 PORTEVENT TC_26_7_4_3_4.ttcn3:304 Message enqueued on MSC from system charstring : "{\"type\": \"EVENT_LU_REQUEST\", \"bsc_slr\": 4, \"msc_slr\": 4, \"cksn\": 7, \"lu_type\": 0, \"old_mcc\": \"901\", \"old_mnc\": \"70\", \"old_lac\": 0, \"mi_type\": \"imsi\"}" id 40
2026/Jun/26 15:01:49.890340 PORTEVENT TC_26_7_4_3_4.ttcn3:305 Receive operation on port MSC succeeded, message from system(): charstring : "{\"type\": \"EVENT_LU_REQUEST\", \"bsc_slr\": 4, \"msc_slr\": 4, \"cksn\": 7, \"lu_type\": 0, \"old_mcc\": \"901\", \"old_mnc\": \"70\", \"old_lac\": 0, \"mi_type\": \"imsi\"}" id 40
2026/Jun/26 15:01:49.890350 PORTEVENT TC_26_7_4_3_4.ttcn3:305 Message with id 40 was extracted from the queue of MSC.
2026/Jun/26 15:01:49.890429 USER TC_26_7_4_3_4.ttcn3:307 *** LU Request after restart ***
2026/Jun/26 15:01:49.891618 USER TC_26_7_4_3_4.ttcn3:78 Extracted bsc_slr = 4 from event
2026/Jun/26 15:01:49.891639 TIMEROP TC_26_7_4_3_4.ttcn3:309 Stop timer T_lu_after_restart: 60 s
2026/Jun/26 15:01:49.891704 PORTEVENT TC_26_7_4_3_4.ttcn3:206 Sent on MSC to system charstring : "{\"command\": \"CMD_SEND_LU_REJECT\", \"params\": {\"bsc_slr\": 4, \"cause\": 17}}"
2026/Jun/26 15:01:49.891771 USER TC_26_7_4_3_4.ttcn3:206 MSC_Port: TX: {"command": "CMD_SEND_LU_REJECT", "params": {"bsc_slr": 4, "cause": 17}}
2026/Jun/26 15:01:49.891781 USER TC_26_7_4_3_4.ttcn3:207 Sent LU Reject with cause 17 (network failure) to bsc_slr=4
2026/Jun/26 15:01:49.891807 TIMEROP TC_26_7_4_3_4.ttcn3:211 Start timer T_rej_w: 1 s
2026/Jun/26 15:01:49.892249 USER TC_26_7_4_3_4.ttcn3:212 MSC_Port: RX: {"status": "ok"}
2026/Jun/26 15:01:49.892276 PORTEVENT TC_26_7_4_3_4.ttcn3:212 Message enqueued on MSC from system charstring : "{\"status\": \"ok\"}" id 41
2026/Jun/26 15:01:50.891854 TIMEROP TC_26_7_4_3_4.ttcn3:212 Timeout T_rej_w: 1 s
2026/Jun/26 15:01:50.891936 PORTEVENT TC_26_7_4_3_4.ttcn3:214 Sent on MSC to system charstring : "{\"command\": \"CMD_SEND_CLEAR_CMD\", \"params\": {\"bsc_slr\": 4, \"cause\": 0}}"
2026/Jun/26 15:01:50.892470 USER TC_26_7_4_3_4.ttcn3:214 MSC_Port: TX: {"command": "CMD_SEND_CLEAR_CMD", "params": {"bsc_slr": 4, "cause": 0}}
2026/Jun/26 15:01:50.892507 USER TC_26_7_4_3_4.ttcn3:215 Sent CLEAR CMD after LU Reject to bsc_slr=4
2026/Jun/26 15:01:50.892522 USER TC_26_7_4_3_4.ttcn3:571 subtest1: Sent LU Reject (periodic updating) - T3211 starts, attempt counter=1
2026/Jun/26 15:01:50.892528 TIMEROP TC_26_7_4_3_4.ttcn3:575 Start timer T_subtest1_rel: 5 s
2026/Jun/26 15:01:50.892542 PORTEVENT TC_26_7_4_3_4.ttcn3:577 Receive operation on port MSC succeeded, message from system(): charstring : "{\"status\": \"ok\"}" id 41
2026/Jun/26 15:01:50.892551 PORTEVENT TC_26_7_4_3_4.ttcn3:577 Message with id 41 was extracted from the queue of MSC.
2026/Jun/26 15:01:50.892596 USER TC_26_7_4_3_4.ttcn3:579 subtest1 post-reject event: "{\"status\": \"ok\"}"
2026/Jun/26 15:01:50.892619 USER TC_26_7_4_3_4.ttcn3:576 MSC_Port: RX: {"status": "ok"}
2026/Jun/26 15:01:50.892629 PORTEVENT TC_26_7_4_3_4.ttcn3:576 Message enqueued on MSC from system charstring : "{\"status\": \"ok\"}" id 42
2026/Jun/26 15:01:50.892635 PORTEVENT TC_26_7_4_3_4.ttcn3:577 Receive operation on port MSC succeeded, message from system(): charstring : "{\"status\": \"ok\"}" id 42
2026/Jun/26 15:01:50.892640 PORTEVENT TC_26_7_4_3_4.ttcn3:577 Message with id 42 was extracted from the queue of MSC.
2026/Jun/26 15:01:50.892655 USER TC_26_7_4_3_4.ttcn3:579 subtest1 post-reject event: "{\"status\": \"ok\"}"
2026/Jun/26 15:01:50.893247 USER TC_26_7_4_3_4.ttcn3:576 MSC_Port: RX: {"type": "EVENT_BSSMAP_CLEAR_COMPLETE", "bsc_slr": 4}
2026/Jun/26 15:01:50.893291 PORTEVENT TC_26_7_4_3_4.ttcn3:576 Message enqueued on MSC from system charstring : "{\"type\": \"EVENT_BSSMAP_CLEAR_COMPLETE\", \"bsc_slr\": 4}" id 43
2026/Jun/26 15:01:50.893307 PORTEVENT TC_26_7_4_3_4.ttcn3:577 Receive operation on port MSC succeeded, message from system(): charstring : "{\"type\": \"EVENT_BSSMAP_CLEAR_COMPLETE\", \"bsc_slr\": 4}" id 43
2026/Jun/26 15:01:50.893314 PORTEVENT TC_26_7_4_3_4.ttcn3:577 Message with id 43 was extracted from the queue of MSC.
2026/Jun/26 15:01:50.893342 USER TC_26_7_4_3_4.ttcn3:579 subtest1 post-reject event: "{\"type\": \"EVENT_BSSMAP_CLEAR_COMPLETE\", \"bsc_slr\": 4}"
2026/Jun/26 15:01:51.208418 USER TC_26_7_4_3_4.ttcn3:576 VTY_PT: Received data (buffered): 68 bytes
2026/Jun/26 15:01:51.893035 USER TC_26_7_4_3_4.ttcn3:576 MSC_Port: RX: {"type": "HEARTBEAT"}
2026/Jun/26 15:01:51.893135 PORTEVENT TC_26_7_4_3_4.ttcn3:576 Message enqueued on MSC from system charstring : "{\"type\": \"HEARTBEAT\"}" id 44
2026/Jun/26 15:01:51.893172 PORTEVENT TC_26_7_4_3_4.ttcn3:577 Receive operation on port MSC succeeded, message from system(): charstring : "{\"type\": \"HEARTBEAT\"}" id 44
2026/Jun/26 15:01:51.893188 PORTEVENT TC_26_7_4_3_4.ttcn3:577 Message with id 44 was extracted from the queue of MSC.
2026/Jun/26 15:01:55.895878 TIMEROP TC_26_7_4_3_4.ttcn3:581 Timeout T_subtest1_rel: 5 s
2026/Jun/26 15:01:55.895950 USER TC_26_7_4_3_4.ttcn3:581 subtest1: post-reject drain done
2026/Jun/26 15:01:55.895975 USER TC_26_7_4_3_4.ttcn3:587 subtest1: Triggering MO call to verify CM connection works (stops T3211)
2026/Jun/26 15:01:55.896014 USER GSM_Component_Definitions.ttcn3:455 VTY: Sending command: "enable"
2026/Jun/26 15:01:55.896040 PORTEVENT GSM_Component_Definitions.ttcn3:456 Sent on VTY to system charstring : "enable"
2026/Jun/26 15:01:55.896071 USER GSM_Component_Definitions.ttcn3:456 VTY_PT: Sending command: "enable"
2026/Jun/26 15:01:56.096315 USER GSM_Component_Definitions.ttcn3:456 VTY_PT: Received response: 
% (MS 1)
% Trying to register with network International, 70...

% (MS 1)
% Trying to register with network International, 70...

% (MS 1)
% On Network, normal service: International, 70

% (MS 1)
% Power off!

% (MS 1)
% Trying to register with network International, 70...

% (MS 1)
% Trying to register with network International, 70...

% (MS 1)
% Trying to register with network International, 70...
enable
OsmocomBB(mobile)# 
OsmocomBB(mobile)# 
2026/Jun/26 15:01:56.096453 PORTEVENT GSM_Component_Definitions.ttcn3:456 Message enqueued on VTY from system charstring : "\r\n% (MS 1)\r\n% Trying to register with network International, 70...\r\n\r\n% (MS 1)\r\n% Trying to register with network International, 70...\r\n\r\n% (MS 1)\r\n% On Network, normal service: International, 70\r\n\r\n% (MS 1)\r\n% Power off!\r\n\r\n% (MS 1)\r\n% Trying to register with network International, 70...\r\n\r\n% (MS 1)\r\n% Trying to register with network International, 70...\r\n\r\n% (MS 1)\r\n% Trying to register with network International, 70...\r\nenable\r\nOsmocomBB(mobile)# \r\nOsmocomBB(mobile)# " id 1
2026/Jun/26 15:01:56.096481 TIMEROP GSM_Component_Definitions.ttcn3:459 Start timer T_vty: 5 s
2026/Jun/26 15:01:56.096533 PORTEVENT GSM_Component_Definitions.ttcn3:462 Receive operation on port VTY succeeded, message from system(): charstring : "\r\n% (MS 1)\r\n% Trying to register with network International, 70...\r\n\r\n% (MS 1)\r\n% Trying to register with network International, 70...\r\n\r\n% (MS 1)\r\n% On Network, normal service: International, 70\r\n\r\n% (MS 1)\r\n% Power off!\r\n\r\n% (MS 1)\r\n% Trying to register with network International, 70...\r\n\r\n% (MS 1)\r\n% Trying to register with network International, 70...\r\n\r\n% (MS 1)\r\n% Trying to register with network International, 70...\r\nenable\r\nOsmocomBB(mobile)# \r\nOsmocomBB(mobile)# " id 1
2026/Jun/26 15:01:56.096544 PORTEVENT GSM_Component_Definitions.ttcn3:462 Message with id 1 was extracted from the queue of VTY.
2026/Jun/26 15:01:56.096554 TIMEROP GSM_Component_Definitions.ttcn3:463 Stop timer T_vty: 5 s
2026/Jun/26 15:01:56.096558 USER GSM_Component_Definitions.ttcn3:464 VTY: Received response: "\r\n% (MS 1)\r\n% Trying to register with network International, 70...\r\n\r\n% (MS 1)\r\n% Trying to register with network International, 70...\r\n\r\n% (MS 1)\r\n% On Network, normal service: International, 70\r\n\r\n% (MS 1)\r\n% Power off!\r\n\r\n% (MS 1)\r\n% Trying to register with network International, 70...\r\n\r\n% (MS 1)\r\n% Trying to register with network International, 70...\r\n\r\n% (MS 1)\r\n% Trying to register with network International, 70...\r\nenable\r\nOsmocomBB(mobile)# \r\nOsmocomBB(mobile)# "
2026/Jun/26 15:01:56.096585 USER GSM_Component_Definitions.ttcn3:455 VTY: Sending command: "call 1 12345"
2026/Jun/26 15:01:56.096594 PORTEVENT GSM_Component_Definitions.ttcn3:456 Sent on VTY to system charstring : "call 1 12345"
2026/Jun/26 15:01:56.096601 USER GSM_Component_Definitions.ttcn3:456 VTY_PT: Sending command: "call 1 12345"
2026/Jun/26 15:01:56.296766 USER GSM_Component_Definitions.ttcn3:456 VTY_PT: Received response: call 1 12345
OsmocomBB(mobile)# 
OsmocomBB(mobile)# 
2026/Jun/26 15:01:56.296860 PORTEVENT GSM_Component_Definitions.ttcn3:456 Message enqueued on VTY from system charstring : "call 1 12345\r\nOsmocomBB(mobile)# \r\nOsmocomBB(mobile)# " id 2
2026/Jun/26 15:01:56.296880 TIMEROP GSM_Component_Definitions.ttcn3:459 Start timer T_vty: 5 s
2026/Jun/26 15:01:56.296899 PORTEVENT GSM_Component_Definitions.ttcn3:462 Receive operation on port VTY succeeded, message from system(): charstring : "call 1 12345\r\nOsmocomBB(mobile)# \r\nOsmocomBB(mobile)# " id 2
2026/Jun/26 15:01:56.296906 PORTEVENT GSM_Component_Definitions.ttcn3:462 Message with id 2 was extracted from the queue of VTY.
2026/Jun/26 15:01:56.296910 TIMEROP GSM_Component_Definitions.ttcn3:463 Stop timer T_vty: 5 s
2026/Jun/26 15:01:56.296914 USER GSM_Component_Definitions.ttcn3:464 VTY: Received response: "call 1 12345\r\nOsmocomBB(mobile)# \r\nOsmocomBB(mobile)# "
2026/Jun/26 15:01:56.296934 USER TC_26_7_4_3_4.ttcn3:590 subtest1: VTY call command sent: "call 1 12345\r\nOsmocomBB(mobile)# \r\nOsmocomBB(mobile)# "
2026/Jun/26 15:01:56.296942 TIMEROP TC_26_7_4_3_4.ttcn3:594 Start timer T_subtest1_cm: 60 s
2026/Jun/26 15:01:56.898507 USER TC_26_7_4_3_4.ttcn3:597 MSC_Port: RX: {"type": "HEARTBEAT"}
2026/Jun/26 15:01:56.898582 PORTEVENT TC_26_7_4_3_4.ttcn3:597 Message enqueued on MSC from system charstring : "{\"type\": \"HEARTBEAT\"}" id 45
2026/Jun/26 15:01:56.898606 PORTEVENT TC_26_7_4_3_4.ttcn3:598 Receive operation on port MSC succeeded, message from system(): charstring : "{\"type\": \"HEARTBEAT\"}" id 45
2026/Jun/26 15:01:56.898616 PORTEVENT TC_26_7_4_3_4.ttcn3:598 Message with id 45 was extracted from the queue of MSC.
2026/Jun/26 15:02:01.903069 USER TC_26_7_4_3_4.ttcn3:597 MSC_Port: RX: {"type": "HEARTBEAT"}
2026/Jun/26 15:02:01.903154 PORTEVENT TC_26_7_4_3_4.ttcn3:597 Message enqueued on MSC from system charstring : "{\"type\": \"HEARTBEAT\"}" id 46
2026/Jun/26 15:02:01.903181 PORTEVENT TC_26_7_4_3_4.ttcn3:598 Receive operation on port MSC succeeded, message from system(): charstring : "{\"type\": \"HEARTBEAT\"}" id 46
2026/Jun/26 15:02:01.903192 PORTEVENT TC_26_7_4_3_4.ttcn3:598 Message with id 46 was extracted from the queue of MSC.
2026/Jun/26 15:02:06.651891 USER TC_26_7_4_3_4.ttcn3:597 MSC_Port: RX: {"type": "EVENT_LU_REQUEST", "bsc_slr": 5, "msc_slr": 5, "cksn": 7, "lu_type": 0, "old_mcc": "901", "old_mnc": "70", "old_lac": 0, "mi_type": "imsi"}
2026/Jun/26 15:02:06.651972 PORTEVENT TC_26_7_4_3_4.ttcn3:597 Message enqueued on MSC from system charstring : "{\"type\": \"EVENT_LU_REQUEST\", \"bsc_slr\": 5, \"msc_slr\": 5, \"cksn\": 7, \"lu_type\": 0, \"old_mcc\": \"901\", \"old_mnc\": \"70\", \"old_lac\": 0, \"mi_type\": \"imsi\"}" id 47
2026/Jun/26 15:02:06.652005 PORTEVENT TC_26_7_4_3_4.ttcn3:598 Receive operation on port MSC succeeded, message from system(): charstring : "{\"type\": \"EVENT_LU_REQUEST\", \"bsc_slr\": 5, \"msc_slr\": 5, \"cksn\": 7, \"lu_type\": 0, \"old_mcc\": \"901\", \"old_mnc\": \"70\", \"old_lac\": 0, \"mi_type\": \"imsi\"}" id 47
2026/Jun/26 15:02:06.652016 PORTEVENT TC_26_7_4_3_4.ttcn3:598 Message with id 47 was extracted from the queue of MSC.
2026/Jun/26 15:02:06.653532 USER TC_26_7_4_3_4.ttcn3:78 Extracted bsc_slr = 5 from event
2026/Jun/26 15:02:06.653557 USER TC_26_7_4_3_4.ttcn3:608 subtest1: Got LU REQUEST (MS doing LU before queued CM, slr=5) - accepting
2026/Jun/26 15:02:06.653577 PORTEVENT TC_26_7_4_3_4.ttcn3:173 Sent on MSC to system charstring : "{\"command\": \"CMD_SEND_LU_ACCEPT_CUSTOM\", \"params\": {\"bsc_slr\": 5, \"mcc\": \"901\", \"mnc\": \"70\", \"lac\": 4242, \"tmsi\": 305419896}}"
2026/Jun/26 15:02:06.653630 USER TC_26_7_4_3_4.ttcn3:173 MSC_Port: TX: {"command": "CMD_SEND_LU_ACCEPT_CUSTOM", "params": {"bsc_slr": 5, "mcc": "901", "mnc": "70", "lac": 4242, "tmsi": 305419896}}
2026/Jun/26 15:02:06.653642 USER TC_26_7_4_3_4.ttcn3:174 Sent LU Accept with LAC 4242, TMSI 305419896
2026/Jun/26 15:02:06.653651 TIMEROP TC_26_7_4_3_4.ttcn3:177 Start timer T_tmsi: 10 s
2026/Jun/26 15:02:07.155016 USER TC_26_7_4_3_4.ttcn3:178 MSC_Port: RX: {"status": "ok", "sent": true}
2026/Jun/26 15:02:07.155081 PORTEVENT TC_26_7_4_3_4.ttcn3:178 Message enqueued on MSC from system charstring : "{\"status\": \"ok\", \"sent\": true}" id 48
2026/Jun/26 15:02:07.155104 PORTEVENT TC_26_7_4_3_4.ttcn3:179 Receive operation on port MSC succeeded, message from system(): charstring : "{\"status\": \"ok\", \"sent\": true}" id 48
2026/Jun/26 15:02:07.155113 PORTEVENT TC_26_7_4_3_4.ttcn3:179 Message with id 48 was extracted from the queue of MSC.
2026/Jun/26 15:02:07.155191 USER TC_26_7_4_3_4.ttcn3:188 Event during TMSI wait: "{\"status\": \"ok\", \"sent\": true}"
2026/Jun/26 15:02:07.308708 USER TC_26_7_4_3_4.ttcn3:178 MSC_Port: RX: {"type": "EVENT_DTAP", "bsc_slr": 5, "pd": 5, "msg_type": 27}
2026/Jun/26 15:02:07.308778 PORTEVENT TC_26_7_4_3_4.ttcn3:178 Message enqueued on MSC from system charstring : "{\"type\": \"EVENT_DTAP\", \"bsc_slr\": 5, \"pd\": 5, \"msg_type\": 27}" id 49
2026/Jun/26 15:02:07.308810 PORTEVENT TC_26_7_4_3_4.ttcn3:179 Receive operation on port MSC succeeded, message from system(): charstring : "{\"type\": \"EVENT_DTAP\", \"bsc_slr\": 5, \"pd\": 5, \"msg_type\": 27}" id 49
2026/Jun/26 15:02:07.308819 PORTEVENT TC_26_7_4_3_4.ttcn3:179 Message with id 49 was extracted from the queue of MSC.
2026/Jun/26 15:02:07.308929 USER TC_26_7_4_3_4.ttcn3:188 Event during TMSI wait: "{\"type\": \"EVENT_DTAP\", \"bsc_slr\": 5, \"pd\": 5, \"msg_type\": 27}"
2026/Jun/26 15:02:07.308954 USER TC_26_7_4_3_4.ttcn3:178 MSC_Port: RX: {"type": "EVENT_TMSI_REALLOC_COMPLETE", "bsc_slr": 5}
2026/Jun/26 15:02:07.308962 PORTEVENT TC_26_7_4_3_4.ttcn3:178 Message enqueued on MSC from system charstring : "{\"type\": \"EVENT_TMSI_REALLOC_COMPLETE\", \"bsc_slr\": 5}" id 50
2026/Jun/26 15:02:07.308969 PORTEVENT TC_26_7_4_3_4.ttcn3:179 Receive operation on port MSC succeeded, message from system(): charstring : "{\"type\": \"EVENT_TMSI_REALLOC_COMPLETE\", \"bsc_slr\": 5}" id 50
2026/Jun/26 15:02:07.308973 PORTEVENT TC_26_7_4_3_4.ttcn3:179 Message with id 50 was extracted from the queue of MSC.
2026/Jun/26 15:02:07.309058 USER TC_26_7_4_3_4.ttcn3:182 *** TMSI Reallocation Complete received ***
2026/Jun/26 15:02:07.309065 TIMEROP TC_26_7_4_3_4.ttcn3:183 Stop timer T_tmsi: 10 s
2026/Jun/26 15:02:07.309083 PORTEVENT TC_26_7_4_3_4.ttcn3:223 Sent on MSC to system charstring : "{\"command\": \"CMD_SEND_CLEAR_CMD\", \"params\": {\"bsc_slr\": 5, \"cause\": 0}}"
2026/Jun/26 15:02:07.309131 USER TC_26_7_4_3_4.ttcn3:223 MSC_Port: TX: {"command": "CMD_SEND_CLEAR_CMD", "params": {"bsc_slr": 5, "cause": 0}}
2026/Jun/26 15:02:07.309140 USER TC_26_7_4_3_4.ttcn3:224 Sent CLEAR CMD to bsc_slr=5
2026/Jun/26 15:02:07.309642 USER TC_26_7_4_3_4.ttcn3:597 MSC_Port: RX: {"status": "ok"}
2026/Jun/26 15:02:07.309686 PORTEVENT TC_26_7_4_3_4.ttcn3:597 Message enqueued on MSC from system charstring : "{\"status\": \"ok\"}" id 51
2026/Jun/26 15:02:07.309704 PORTEVENT TC_26_7_4_3_4.ttcn3:598 Receive operation on port MSC succeeded, message from system(): charstring : "{\"status\": \"ok\"}" id 51
2026/Jun/26 15:02:07.309714 PORTEVENT TC_26_7_4_3_4.ttcn3:598 Message with id 51 was extracted from the queue of MSC.
2026/Jun/26 15:02:07.309817 USER TC_26_7_4_3_4.ttcn3:617 subtest1: Event during CM wait: "{\"status\": \"ok\"}"
2026/Jun/26 15:02:07.350092 USER TC_26_7_4_3_4.ttcn3:597 MSC_Port: RX: {"type": "EVENT_BSSMAP_CLEAR_COMPLETE", "bsc_slr": 5}
2026/Jun/26 15:02:07.350175 PORTEVENT TC_26_7_4_3_4.ttcn3:597 Message enqueued on MSC from system charstring : "{\"type\": \"EVENT_BSSMAP_CLEAR_COMPLETE\", \"bsc_slr\": 5}" id 52
2026/Jun/26 15:02:07.350209 PORTEVENT TC_26_7_4_3_4.ttcn3:598 Receive operation on port MSC succeeded, message from system(): charstring : "{\"type\": \"EVENT_BSSMAP_CLEAR_COMPLETE\", \"bsc_slr\": 5}" id 52
2026/Jun/26 15:02:07.350224 PORTEVENT TC_26_7_4_3_4.ttcn3:598 Message with id 52 was extracted from the queue of MSC.
2026/Jun/26 15:02:07.350405 USER TC_26_7_4_3_4.ttcn3:617 subtest1: Event during CM wait: "{\"type\": \"EVENT_BSSMAP_CLEAR_COMPLETE\", \"bsc_slr\": 5}"
2026/Jun/26 15:02:07.920516 USER TC_26_7_4_3_4.ttcn3:597 VTY_PT: Received data (buffered): 61 bytes
2026/Jun/26 15:02:08.310906 USER TC_26_7_4_3_4.ttcn3:597 MSC_Port: RX: {"type": "HEARTBEAT"}
2026/Jun/26 15:02:08.311003 PORTEVENT TC_26_7_4_3_4.ttcn3:597 Message enqueued on MSC from system charstring : "{\"type\": \"HEARTBEAT\"}" id 53
2026/Jun/26 15:02:08.311041 PORTEVENT TC_26_7_4_3_4.ttcn3:598 Receive operation on port MSC succeeded, message from system(): charstring : "{\"type\": \"HEARTBEAT\"}" id 53
2026/Jun/26 15:02:08.311058 PORTEVENT TC_26_7_4_3_4.ttcn3:598 Message with id 53 was extracted from the queue of MSC.
2026/Jun/26 15:02:13.316031 USER TC_26_7_4_3_4.ttcn3:597 MSC_Port: RX: {"type": "HEARTBEAT"}
2026/Jun/26 15:02:13.316099 PORTEVENT TC_26_7_4_3_4.ttcn3:597 Message enqueued on MSC from system charstring : "{\"type\": \"HEARTBEAT\"}" id 54
2026/Jun/26 15:02:13.316133 PORTEVENT TC_26_7_4_3_4.ttcn3:598 Receive operation on port MSC succeeded, message from system(): charstring : "{\"type\": \"HEARTBEAT\"}" id 54
2026/Jun/26 15:02:13.316141 PORTEVENT TC_26_7_4_3_4.ttcn3:598 Message with id 54 was extracted from the queue of MSC.
2026/Jun/26 15:02:14.324188 USER TC_26_7_4_3_4.ttcn3:597 VTY_PT: Received data (buffered): 38 bytes
2026/Jun/26 15:02:17.006894 USER TC_26_7_4_3_4.ttcn3:597 VTY_PT: Received data (buffered): 61 bytes
2026/Jun/26 15:02:18.321034 USER TC_26_7_4_3_4.ttcn3:597 MSC_Port: RX: {"type": "HEARTBEAT"}
2026/Jun/26 15:02:18.321132 PORTEVENT TC_26_7_4_3_4.ttcn3:597 Message enqueued on MSC from system charstring : "{\"type\": \"HEARTBEAT\"}" id 55
2026/Jun/26 15:02:18.321170 PORTEVENT TC_26_7_4_3_4.ttcn3:598 Receive operation on port MSC succeeded, message from system(): charstring : "{\"type\": \"HEARTBEAT\"}" id 55
2026/Jun/26 15:02:18.321187 PORTEVENT TC_26_7_4_3_4.ttcn3:598 Message with id 55 was extracted from the queue of MSC.
2026/Jun/26 15:02:23.326049 USER TC_26_7_4_3_4.ttcn3:597 MSC_Port: RX: {"type": "HEARTBEAT"}
2026/Jun/26 15:02:23.326127 PORTEVENT TC_26_7_4_3_4.ttcn3:597 Message enqueued on MSC from system charstring : "{\"type\": \"HEARTBEAT\"}" id 56
2026/Jun/26 15:02:23.326151 PORTEVENT TC_26_7_4_3_4.ttcn3:598 Receive operation on port MSC succeeded, message from system(): charstring : "{\"type\": \"HEARTBEAT\"}" id 56
2026/Jun/26 15:02:23.326161 PORTEVENT TC_26_7_4_3_4.ttcn3:598 Message with id 56 was extracted from the queue of MSC.
2026/Jun/26 15:02:28.331067 USER TC_26_7_4_3_4.ttcn3:597 MSC_Port: RX: {"type": "HEARTBEAT"}
2026/Jun/26 15:02:28.331167 PORTEVENT TC_26_7_4_3_4.ttcn3:597 Message enqueued on MSC from system charstring : "{\"type\": \"HEARTBEAT\"}" id 57
2026/Jun/26 15:02:28.331207 PORTEVENT TC_26_7_4_3_4.ttcn3:598 Receive operation on port MSC succeeded, message from system(): charstring : "{\"type\": \"HEARTBEAT\"}" id 57
2026/Jun/26 15:02:28.331227 PORTEVENT TC_26_7_4_3_4.ttcn3:598 Message with id 57 was extracted from the queue of MSC.
2026/Jun/26 15:02:33.336069 USER TC_26_7_4_3_4.ttcn3:597 MSC_Port: RX: {"type": "HEARTBEAT"}
2026/Jun/26 15:02:33.336178 PORTEVENT TC_26_7_4_3_4.ttcn3:597 Message enqueued on MSC from system charstring : "{\"type\": \"HEARTBEAT\"}" id 58
2026/Jun/26 15:02:33.336225 PORTEVENT TC_26_7_4_3_4.ttcn3:598 Receive operation on port MSC succeeded, message from system(): charstring : "{\"type\": \"HEARTBEAT\"}" id 58
2026/Jun/26 15:02:33.336244 PORTEVENT TC_26_7_4_3_4.ttcn3:598 Message with id 58 was extracted from the queue of MSC.
2026/Jun/26 15:02:38.341040 USER TC_26_7_4_3_4.ttcn3:597 MSC_Port: RX: {"type": "HEARTBEAT"}
2026/Jun/26 15:02:38.341108 PORTEVENT TC_26_7_4_3_4.ttcn3:597 Message enqueued on MSC from system charstring : "{\"type\": \"HEARTBEAT\"}" id 59
2026/Jun/26 15:02:38.341131 PORTEVENT TC_26_7_4_3_4.ttcn3:598 Receive operation on port MSC succeeded, message from system(): charstring : "{\"type\": \"HEARTBEAT\"}" id 59
2026/Jun/26 15:02:38.341140 PORTEVENT TC_26_7_4_3_4.ttcn3:598 Message with id 59 was extracted from the queue of MSC.
2026/Jun/26 15:02:43.346004 USER TC_26_7_4_3_4.ttcn3:597 MSC_Port: RX: {"type": "HEARTBEAT"}
2026/Jun/26 15:02:43.346069 PORTEVENT TC_26_7_4_3_4.ttcn3:597 Message enqueued on MSC from system charstring : "{\"type\": \"HEARTBEAT\"}" id 60
2026/Jun/26 15:02:43.346092 PORTEVENT TC_26_7_4_3_4.ttcn3:598 Receive operation on port MSC succeeded, message from system(): charstring : "{\"type\": \"HEARTBEAT\"}" id 60
2026/Jun/26 15:02:43.346100 PORTEVENT TC_26_7_4_3_4.ttcn3:598 Message with id 60 was extracted from the queue of MSC.
2026/Jun/26 15:02:48.351082 USER TC_26_7_4_3_4.ttcn3:597 MSC_Port: RX: {"type": "HEARTBEAT"}
2026/Jun/26 15:02:48.351148 PORTEVENT TC_26_7_4_3_4.ttcn3:597 Message enqueued on MSC from system charstring : "{\"type\": \"HEARTBEAT\"}" id 61
2026/Jun/26 15:02:48.351172 PORTEVENT TC_26_7_4_3_4.ttcn3:598 Receive operation on port MSC succeeded, message from system(): charstring : "{\"type\": \"HEARTBEAT\"}" id 61
2026/Jun/26 15:02:48.351190 PORTEVENT TC_26_7_4_3_4.ttcn3:598 Message with id 61 was extracted from the queue of MSC.
2026/Jun/26 15:02:53.356041 USER TC_26_7_4_3_4.ttcn3:597 MSC_Port: RX: {"type": "HEARTBEAT"}
2026/Jun/26 15:02:53.356106 PORTEVENT TC_26_7_4_3_4.ttcn3:597 Message enqueued on MSC from system charstring : "{\"type\": \"HEARTBEAT\"}" id 62
2026/Jun/26 15:02:53.356129 PORTEVENT TC_26_7_4_3_4.ttcn3:598 Receive operation on port MSC succeeded, message from system(): charstring : "{\"type\": \"HEARTBEAT\"}" id 62
2026/Jun/26 15:02:53.356137 PORTEVENT TC_26_7_4_3_4.ttcn3:598 Message with id 62 was extracted from the queue of MSC.
2026/Jun/26 15:02:56.298861 TIMEROP TC_26_7_4_3_4.ttcn3:621 Timeout T_subtest1_cm: 60 s
2026/Jun/26 15:02:56.298942 USER TC_26_7_4_3_4.ttcn3:622 subtest1: FAIL - No CM SERVICE REQUEST within 60s
2026/Jun/26 15:02:56.299010 USER TC_26_7_4_3_4.ttcn3:649 subtest1.3: Verifying MS does not immediately retry LU (T3211 behavior)
2026/Jun/26 15:02:56.299030 TIMEROP TC_26_7_4_3_4.ttcn3:266 Start timer T_drain_dur: 32 s
2026/Jun/26 15:02:58.361299 USER TC_26_7_4_3_4.ttcn3:267 MSC_Port: RX: {"type": "HEARTBEAT"}
2026/Jun/26 15:02:58.361360 PORTEVENT TC_26_7_4_3_4.ttcn3:267 Message enqueued on MSC from system charstring : "{\"type\": \"HEARTBEAT\"}" id 63
2026/Jun/26 15:02:58.361384 PORTEVENT TC_26_7_4_3_4.ttcn3:268 Receive operation on port MSC succeeded, message from system(): charstring : "{\"type\": \"HEARTBEAT\"}" id 63
2026/Jun/26 15:02:58.361393 PORTEVENT TC_26_7_4_3_4.ttcn3:268 Message with id 63 was extracted from the queue of MSC.
2026/Jun/26 15:03:03.366033 USER TC_26_7_4_3_4.ttcn3:267 MSC_Port: RX: {"type": "HEARTBEAT"}
2026/Jun/26 15:03:03.366097 PORTEVENT TC_26_7_4_3_4.ttcn3:267 Message enqueued on MSC from system charstring : "{\"type\": \"HEARTBEAT\"}" id 64
2026/Jun/26 15:03:03.366121 PORTEVENT TC_26_7_4_3_4.ttcn3:268 Receive operation on port MSC succeeded, message from system(): charstring : "{\"type\": \"HEARTBEAT\"}" id 64
2026/Jun/26 15:03:03.366130 PORTEVENT TC_26_7_4_3_4.ttcn3:268 Message with id 64 was extracted from the queue of MSC.
2026/Jun/26 15:03:08.371016 USER TC_26_7_4_3_4.ttcn3:267 MSC_Port: RX: {"type": "HEARTBEAT"}
2026/Jun/26 15:03:08.371078 PORTEVENT TC_26_7_4_3_4.ttcn3:267 Message enqueued on MSC from system charstring : "{\"type\": \"HEARTBEAT\"}" id 65
2026/Jun/26 15:03:08.371103 PORTEVENT TC_26_7_4_3_4.ttcn3:268 Receive operation on port MSC succeeded, message from system(): charstring : "{\"type\": \"HEARTBEAT\"}" id 65
2026/Jun/26 15:03:08.371112 PORTEVENT TC_26_7_4_3_4.ttcn3:268 Message with id 65 was extracted from the queue of MSC.
2026/Jun/26 15:03:13.376036 USER TC_26_7_4_3_4.ttcn3:267 MSC_Port: RX: {"type": "HEARTBEAT"}
2026/Jun/26 15:03:13.376103 PORTEVENT TC_26_7_4_3_4.ttcn3:267 Message enqueued on MSC from system charstring : "{\"type\": \"HEARTBEAT\"}" id 66
2026/Jun/26 15:03:13.376128 PORTEVENT TC_26_7_4_3_4.ttcn3:268 Receive operation on port MSC succeeded, message from system(): charstring : "{\"type\": \"HEARTBEAT\"}" id 66
2026/Jun/26 15:03:13.376136 PORTEVENT TC_26_7_4_3_4.ttcn3:268 Message with id 66 was extracted from the queue of MSC.
2026/Jun/26 15:03:18.381013 USER TC_26_7_4_3_4.ttcn3:267 MSC_Port: RX: {"type": "HEARTBEAT"}
2026/Jun/26 15:03:18.381074 PORTEVENT TC_26_7_4_3_4.ttcn3:267 Message enqueued on MSC from system charstring : "{\"type\": \"HEARTBEAT\"}" id 67
2026/Jun/26 15:03:18.381098 PORTEVENT TC_26_7_4_3_4.ttcn3:268 Receive operation on port MSC succeeded, message from system(): charstring : "{\"type\": \"HEARTBEAT\"}" id 67
2026/Jun/26 15:03:18.381107 PORTEVENT TC_26_7_4_3_4.ttcn3:268 Message with id 67 was extracted from the queue of MSC.
2026/Jun/26 15:03:23.388771 USER TC_26_7_4_3_4.ttcn3:267 MSC_Port: RX: {"type": "HEARTBEAT"}
2026/Jun/26 15:03:23.388861 PORTEVENT TC_26_7_4_3_4.ttcn3:267 Message enqueued on MSC from system charstring : "{\"type\": \"HEARTBEAT\"}" id 68
2026/Jun/26 15:03:23.388888 PORTEVENT TC_26_7_4_3_4.ttcn3:268 Receive operation on port MSC succeeded, message from system(): charstring : "{\"type\": \"HEARTBEAT\"}" id 68
2026/Jun/26 15:03:23.388906 PORTEVENT TC_26_7_4_3_4.ttcn3:268 Message with id 68 was extracted from the queue of MSC.
2026/Jun/26 15:03:28.303848 TIMEROP TC_26_7_4_3_4.ttcn3:282 Timeout T_drain_dur: 32 s
2026/Jun/26 15:03:28.303906 USER TC_26_7_4_3_4.ttcn3:283 No-reaction period elapsed (32.000000s) - no unexpected events
2026/Jun/26 15:03:28.303962 USER TC_26_7_4_3_4.ttcn3:656 subtest1: FAIL - MS did not initiate CM connection
2026/Jun/26 15:03:28.303968 USER TC_26_7_4_3_4.ttcn3:670 ==========================================================================
2026/Jun/26 15:03:28.303974 USER TC_26_7_4_3_4.ttcn3:671 *** subtest2: IMSI attach rejection - MM connection stops T3211 ***
2026/Jun/26 15:03:28.303977 USER TC_26_7_4_3_4.ttcn3:672 ==========================================================================
2026/Jun/26 15:03:28.303982 USER TC_26_7_4_3_4.ttcn3:456 f_imsiDetach: initiating MS shutdown via VTY
2026/Jun/26 15:03:28.303988 USER GSM_Component_Definitions.ttcn3:455 VTY: Sending command: "enable"
2026/Jun/26 15:03:28.303999 PORTEVENT GSM_Component_Definitions.ttcn3:456 Sent on VTY to system charstring : "enable"
2026/Jun/26 15:03:28.304016 USER GSM_Component_Definitions.ttcn3:456 VTY_PT: Sending command: "enable"
2026/Jun/26 15:03:28.504476 USER GSM_Component_Definitions.ttcn3:456 VTY_PT: Received response: 
% (MS 1)
% On Network, normal service: International, 70

% (MS 1)
% Call has been released

% (MS 1)
% On Network, normal service: International, 70
enable
% Unknown command.
OsmocomBB(mobile)# 
OsmocomBB(mobile)# 
2026/Jun/26 15:03:28.504553 PORTEVENT GSM_Component_Definitions.ttcn3:456 Message enqueued on VTY from system charstring : "\r\n% (MS 1)\r\n% On Network, normal service: International, 70\r\n\r\n% (MS 1)\r\n% Call has been released\r\n\r\n% (MS 1)\r\n% On Network, normal service: International, 70\r\nenable\r\n% Unknown command.\r\nOsmocomBB(mobile)# \r\nOsmocomBB(mobile)# " id 3
2026/Jun/26 15:03:28.504571 TIMEROP GSM_Component_Definitions.ttcn3:459 Start timer T_vty: 5 s
2026/Jun/26 15:03:28.504595 PORTEVENT GSM_Component_Definitions.ttcn3:462 Receive operation on port VTY succeeded, message from system(): charstring : "\r\n% (MS 1)\r\n% On Network, normal service: International, 70\r\n\r\n% (MS 1)\r\n% Call has been released\r\n\r\n% (MS 1)\r\n% On Network, normal service: International, 70\r\nenable\r\n% Unknown command.\r\nOsmocomBB(mobile)# \r\nOsmocomBB(mobile)# " id 3
2026/Jun/26 15:03:28.504605 PORTEVENT GSM_Component_Definitions.ttcn3:462 Message with id 3 was extracted from the queue of VTY.
2026/Jun/26 15:03:28.504610 TIMEROP GSM_Component_Definitions.ttcn3:463 Stop timer T_vty: 5 s
2026/Jun/26 15:03:28.504614 USER GSM_Component_Definitions.ttcn3:464 VTY: Received response: "\r\n% (MS 1)\r\n% On Network, normal service: International, 70\r\n\r\n% (MS 1)\r\n% Call has been released\r\n\r\n% (MS 1)\r\n% On Network, normal service: International, 70\r\nenable\r\n% Unknown command.\r\nOsmocomBB(mobile)# \r\nOsmocomBB(mobile)# "
2026/Jun/26 15:03:28.504632 USER GSM_Component_Definitions.ttcn3:455 VTY: Sending command: "configure terminal"
2026/Jun/26 15:03:28.504642 PORTEVENT GSM_Component_Definitions.ttcn3:456 Sent on VTY to system charstring : "configure terminal"
2026/Jun/26 15:03:28.504650 USER GSM_Component_Definitions.ttcn3:456 VTY_PT: Sending command: "configure terminal"
2026/Jun/26 15:03:28.704847 USER GSM_Component_Definitions.ttcn3:456 VTY_PT: Received response: configure terminal
OsmocomBB(mobile)(config)# 
OsmocomBB(mobile)(config)# 
2026/Jun/26 15:03:28.704974 PORTEVENT GSM_Component_Definitions.ttcn3:456 Message enqueued on VTY from system charstring : "configure terminal\r\nOsmocomBB(mobile)(config)# \r\nOsmocomBB(mobile)(config)# " id 4
2026/Jun/26 15:03:28.705009 TIMEROP GSM_Component_Definitions.ttcn3:459 Start timer T_vty: 5 s
2026/Jun/26 15:03:28.705048 PORTEVENT GSM_Component_Definitions.ttcn3:462 Receive operation on port VTY succeeded, message from system(): charstring : "configure terminal\r\nOsmocomBB(mobile)(config)# \r\nOsmocomBB(mobile)(config)# " id 4
2026/Jun/26 15:03:28.705080 PORTEVENT GSM_Component_Definitions.ttcn3:462 Message with id 4 was extracted from the queue of VTY.
2026/Jun/26 15:03:28.705093 TIMEROP GSM_Component_Definitions.ttcn3:463 Stop timer T_vty: 5 s
2026/Jun/26 15:03:28.705104 USER GSM_Component_Definitions.ttcn3:464 VTY: Received response: "configure terminal\r\nOsmocomBB(mobile)(config)# \r\nOsmocomBB(mobile)(config)# "
2026/Jun/26 15:03:28.705134 USER GSM_Component_Definitions.ttcn3:455 VTY: Sending command: "ms 1"
2026/Jun/26 15:03:28.705169 PORTEVENT GSM_Component_Definitions.ttcn3:456 Sent on VTY to system charstring : "ms 1"
2026/Jun/26 15:03:28.705186 USER GSM_Component_Definitions.ttcn3:456 VTY_PT: Sending command: "ms 1"
2026/Jun/26 15:03:28.905380 USER GSM_Component_Definitions.ttcn3:456 VTY_PT: Received response: ms 1
OsmocomBB(mobile)(ms)# 
OsmocomBB(mobile)(ms)# 
2026/Jun/26 15:03:28.905486 PORTEVENT GSM_Component_Definitions.ttcn3:456 Message enqueued on VTY from system charstring : "ms 1\r\nOsmocomBB(mobile)(ms)# \r\nOsmocomBB(mobile)(ms)# " id 5
2026/Jun/26 15:03:28.905517 TIMEROP GSM_Component_Definitions.ttcn3:459 Start timer T_vty: 5 s
2026/Jun/26 15:03:28.905550 PORTEVENT GSM_Component_Definitions.ttcn3:462 Receive operation on port VTY succeeded, message from system(): charstring : "ms 1\r\nOsmocomBB(mobile)(ms)# \r\nOsmocomBB(mobile)(ms)# " id 5
2026/Jun/26 15:03:28.905566 PORTEVENT GSM_Component_Definitions.ttcn3:462 Message with id 5 was extracted from the queue of VTY.
2026/Jun/26 15:03:28.905578 TIMEROP GSM_Component_Definitions.ttcn3:463 Stop timer T_vty: 5 s
2026/Jun/26 15:03:28.905589 USER GSM_Component_Definitions.ttcn3:464 VTY: Received response: "ms 1\r\nOsmocomBB(mobile)(ms)# \r\nOsmocomBB(mobile)(ms)# "
2026/Jun/26 15:03:28.905616 USER GSM_Component_Definitions.ttcn3:455 VTY: Sending command: "shutdown"
2026/Jun/26 15:03:28.905637 PORTEVENT GSM_Component_Definitions.ttcn3:456 Sent on VTY to system charstring : "shutdown"
2026/Jun/26 15:03:28.905651 USER GSM_Component_Definitions.ttcn3:456 VTY_PT: Sending command: "shutdown"
2026/Jun/26 15:03:29.105861 USER GSM_Component_Definitions.ttcn3:456 VTY_PT: Received response: shutdown
OsmocomBB(mobile)(ms)# 
OsmocomBB(mobile)(ms)# 
2026/Jun/26 15:03:29.105942 PORTEVENT GSM_Component_Definitions.ttcn3:456 Message enqueued on VTY from system charstring : "shutdown\r\nOsmocomBB(mobile)(ms)# \r\nOsmocomBB(mobile)(ms)# " id 6
2026/Jun/26 15:03:29.105964 TIMEROP GSM_Component_Definitions.ttcn3:459 Start timer T_vty: 5 s
2026/Jun/26 15:03:29.105988 PORTEVENT GSM_Component_Definitions.ttcn3:462 Receive operation on port VTY succeeded, message from system(): charstring : "shutdown\r\nOsmocomBB(mobile)(ms)# \r\nOsmocomBB(mobile)(ms)# " id 6
2026/Jun/26 15:03:29.105998 PORTEVENT GSM_Component_Definitions.ttcn3:462 Message with id 6 was extracted from the queue of VTY.
2026/Jun/26 15:03:29.106004 TIMEROP GSM_Component_Definitions.ttcn3:463 Stop timer T_vty: 5 s
2026/Jun/26 15:03:29.106011 USER GSM_Component_Definitions.ttcn3:464 VTY: Received response: "shutdown\r\nOsmocomBB(mobile)(ms)# \r\nOsmocomBB(mobile)(ms)# "
2026/Jun/26 15:03:29.106027 USER TC_26_7_4_3_4.ttcn3:461 f_imsiDetach: VTY shutdown sent
2026/Jun/26 15:03:29.106036 TIMEROP TC_26_7_4_3_4.ttcn3:465 Start timer T_detach: 5 s
2026/Jun/26 15:03:29.106061 USER TC_26_7_4_3_4.ttcn3:466 MSC_Port: RX: {"type": "HEARTBEAT"}
2026/Jun/26 15:03:29.106073 PORTEVENT TC_26_7_4_3_4.ttcn3:466 Message enqueued on MSC from system charstring : "{\"type\": \"HEARTBEAT\"}" id 69
2026/Jun/26 15:03:29.106084 PORTEVENT TC_26_7_4_3_4.ttcn3:467 Receive operation on port MSC succeeded, message from system(): charstring : "{\"type\": \"HEARTBEAT\"}" id 69
2026/Jun/26 15:03:29.106091 PORTEVENT TC_26_7_4_3_4.ttcn3:467 Message with id 69 was extracted from the queue of MSC.
2026/Jun/26 15:03:33.398056 USER TC_26_7_4_3_4.ttcn3:466 MSC_Port: RX: {"type": "HEARTBEAT"}
2026/Jun/26 15:03:33.398125 PORTEVENT TC_26_7_4_3_4.ttcn3:466 Message enqueued on MSC from system charstring : "{\"type\": \"HEARTBEAT\"}" id 70
2026/Jun/26 15:03:33.398161 PORTEVENT TC_26_7_4_3_4.ttcn3:467 Receive operation on port MSC succeeded, message from system(): charstring : "{\"type\": \"HEARTBEAT\"}" id 70
2026/Jun/26 15:03:33.398170 PORTEVENT TC_26_7_4_3_4.ttcn3:467 Message with id 70 was extracted from the queue of MSC.
2026/Jun/26 15:03:34.106057 TIMEROP TC_26_7_4_3_4.ttcn3:479 Timeout T_detach: 5 s
2026/Jun/26 15:03:34.106115 USER TC_26_7_4_3_4.ttcn3:480 f_imsiDetach: IMSI DETACH event timeout - continuing
2026/Jun/26 15:03:34.106136 USER TC_26_7_4_3_4.ttcn3:483 f_imsiDetach: complete
2026/Jun/26 15:03:34.106154 USER TC_26_7_4_3_4.ttcn3:296 docker.sock not found — using VTY power-cycle (k8s mode)
2026/Jun/26 15:03:34.106161 USER TC_26_7_4_3_4.ttcn3:296 === k8s fallback: VTY power-cycle mobile at 10.43.117.129:4247 ===
2026/Jun/26 15:03:39.853919 USER TC_26_7_4_3_4.ttcn3:296 Waiting 10 seconds (power off)...
2026/Jun/26 15:03:55.214964 USER TC_26_7_4_3_4.ttcn3:296 VTY 'clear-loci' sent — LOCI erased
2026/Jun/26 15:04:00.845967 WARNING TC_26_7_4_3_4.ttcn3:296 VTY: command rejected with '%  Unknown command' at 10.43.117.129:4247
2026/Jun/26 15:04:00.846069 WARNING TC_26_7_4_3_4.ttcn3:296 VTY 'no shutdown' failed — MS may not restart
2026/Jun/26 15:04:00.846087 USER TC_26_7_4_3_4.ttcn3:296 === VTY power-cycle complete — MS will send LU shortly ===
2026/Jun/26 15:04:00.846108 TIMEROP TC_26_7_4_3_4.ttcn3:303 Start timer T_lu_after_restart: 60 s
2026/Jun/26 15:04:00.846165 USER TC_26_7_4_3_4.ttcn3:304 VTY_PT: Received data (buffered): 26 bytes
2026/Jun/26 15:04:00.846211 USER TC_26_7_4_3_4.ttcn3:304 MSC_Port: RX: {"type": "EVENT_CLEAR_REQUEST", "bsc_slr": 6}
2026/Jun/26 15:04:00.846240 PORTEVENT TC_26_7_4_3_4.ttcn3:304 Message enqueued on MSC from system charstring : "{\"type\": \"EVENT_CLEAR_REQUEST\", \"bsc_slr\": 6}" id 71
2026/Jun/26 15:04:00.846265 USER TC_26_7_4_3_4.ttcn3:304 MSC_Port: RX: {"type": "HEARTBEAT"}
2026/Jun/26 15:04:00.846287 PORTEVENT TC_26_7_4_3_4.ttcn3:304 Message enqueued on MSC from system charstring : "{\"type\": \"HEARTBEAT\"}" id 72
2026/Jun/26 15:04:00.846302 USER TC_26_7_4_3_4.ttcn3:304 MSC_Port: RX: {"type": "HEARTBEAT"}
2026/Jun/26 15:04:00.846320 PORTEVENT TC_26_7_4_3_4.ttcn3:304 Message enqueued on MSC from system charstring : "{\"type\": \"HEARTBEAT\"}" id 73
2026/Jun/26 15:04:00.846333 USER TC_26_7_4_3_4.ttcn3:304 MSC_Port: RX: {"type": "HEARTBEAT"}
2026/Jun/26 15:04:00.846350 PORTEVENT TC_26_7_4_3_4.ttcn3:304 Message enqueued on MSC from system charstring : "{\"type\": \"HEARTBEAT\"}" id 74
2026/Jun/26 15:04:00.846363 USER TC_26_7_4_3_4.ttcn3:304 MSC_Port: RX: {"type": "HEARTBEAT"}
2026/Jun/26 15:04:00.846380 PORTEVENT TC_26_7_4_3_4.ttcn3:304 Message enqueued on MSC from system charstring : "{\"type\": \"HEARTBEAT\"}" id 75
2026/Jun/26 15:04:00.846393 USER TC_26_7_4_3_4.ttcn3:304 MSC_Port: RX: {"type": "HEARTBEAT"}
2026/Jun/26 15:04:00.846410 PORTEVENT TC_26_7_4_3_4.ttcn3:304 Message enqueued on MSC from system charstring : "{\"type\": \"HEARTBEAT\"}" id 76
2026/Jun/26 15:04:00.846431 PORTEVENT TC_26_7_4_3_4.ttcn3:305 Receive operation on port MSC succeeded, message from system(): charstring : "{\"type\": \"EVENT_CLEAR_REQUEST\", \"bsc_slr\": 6}" id 71
2026/Jun/26 15:04:00.846449 PORTEVENT TC_26_7_4_3_4.ttcn3:305 Message with id 71 was extracted from the queue of MSC.
2026/Jun/26 15:04:00.846602 USER TC_26_7_4_3_4.ttcn3:314 Event after restart: "{\"type\": \"EVENT_CLEAR_REQUEST\", \"bsc_slr\": 6}"
2026/Jun/26 15:04:00.846633 PORTEVENT TC_26_7_4_3_4.ttcn3:305 Receive operation on port MSC succeeded, message from system(): charstring : "{\"type\": \"HEARTBEAT\"}" id 72
2026/Jun/26 15:04:00.846647 PORTEVENT TC_26_7_4_3_4.ttcn3:305 Message with id 72 was extracted from the queue of MSC.
2026/Jun/26 15:04:00.846775 PORTEVENT TC_26_7_4_3_4.ttcn3:305 Receive operation on port MSC succeeded, message from system(): charstring : "{\"type\": \"HEARTBEAT\"}" id 73
2026/Jun/26 15:04:00.846790 PORTEVENT TC_26_7_4_3_4.ttcn3:305 Message with id 73 was extracted from the queue of MSC.
2026/Jun/26 15:04:00.846928 PORTEVENT TC_26_7_4_3_4.ttcn3:305 Receive operation on port MSC succeeded, message from system(): charstring : "{\"type\": \"HEARTBEAT\"}" id 74
2026/Jun/26 15:04:00.846961 PORTEVENT TC_26_7_4_3_4.ttcn3:305 Message with id 74 was extracted from the queue of MSC.
2026/Jun/26 15:04:00.847069 PORTEVENT TC_26_7_4_3_4.ttcn3:305 Receive operation on port MSC succeeded, message from system(): charstring : "{\"type\": \"HEARTBEAT\"}" id 75
2026/Jun/26 15:04:00.847079 PORTEVENT TC_26_7_4_3_4.ttcn3:305 Message with id 75 was extracted from the queue of MSC.
2026/Jun/26 15:04:00.847181 PORTEVENT TC_26_7_4_3_4.ttcn3:305 Receive operation on port MSC succeeded, message from system(): charstring : "{\"type\": \"HEARTBEAT\"}" id 76
2026/Jun/26 15:04:00.847192 PORTEVENT TC_26_7_4_3_4.ttcn3:305 Message with id 76 was extracted from the queue of MSC.
2026/Jun/26 15:04:03.429011 USER TC_26_7_4_3_4.ttcn3:304 MSC_Port: RX: {"type": "HEARTBEAT"}
2026/Jun/26 15:04:03.429079 PORTEVENT TC_26_7_4_3_4.ttcn3:304 Message enqueued on MSC from system charstring : "{\"type\": \"HEARTBEAT\"}" id 77
2026/Jun/26 15:04:03.429101 PORTEVENT TC_26_7_4_3_4.ttcn3:305 Receive operation on port MSC succeeded, message from system(): charstring : "{\"type\": \"HEARTBEAT\"}" id 77
2026/Jun/26 15:04:03.429110 PORTEVENT TC_26_7_4_3_4.ttcn3:305 Message with id 77 was extracted from the queue of MSC.
2026/Jun/26 15:04:08.434109 USER TC_26_7_4_3_4.ttcn3:304 MSC_Port: RX: {"type": "HEARTBEAT"}
2026/Jun/26 15:04:08.434210 PORTEVENT TC_26_7_4_3_4.ttcn3:304 Message enqueued on MSC from system charstring : "{\"type\": \"HEARTBEAT\"}" id 78
2026/Jun/26 15:04:08.434247 PORTEVENT TC_26_7_4_3_4.ttcn3:305 Receive operation on port MSC succeeded, message from system(): charstring : "{\"type\": \"HEARTBEAT\"}" id 78
2026/Jun/26 15:04:08.434264 PORTEVENT TC_26_7_4_3_4.ttcn3:305 Message with id 78 was extracted from the queue of MSC.
2026/Jun/26 15:04:13.439061 USER TC_26_7_4_3_4.ttcn3:304 MSC_Port: RX: {"type": "HEARTBEAT"}
2026/Jun/26 15:04:13.439132 PORTEVENT TC_26_7_4_3_4.ttcn3:304 Message enqueued on MSC from system charstring : "{\"type\": \"HEARTBEAT\"}" id 79
2026/Jun/26 15:04:13.439155 PORTEVENT TC_26_7_4_3_4.ttcn3:305 Receive operation on port MSC succeeded, message from system(): charstring : "{\"type\": \"HEARTBEAT\"}" id 79
2026/Jun/26 15:04:13.439165 PORTEVENT TC_26_7_4_3_4.ttcn3:305 Message with id 79 was extracted from the queue of MSC.
2026/Jun/26 15:04:18.444108 USER TC_26_7_4_3_4.ttcn3:304 MSC_Port: RX: {"type": "HEARTBEAT"}
2026/Jun/26 15:04:18.444201 PORTEVENT TC_26_7_4_3_4.ttcn3:304 Message enqueued on MSC from system charstring : "{\"type\": \"HEARTBEAT\"}" id 80
2026/Jun/26 15:04:18.444234 PORTEVENT TC_26_7_4_3_4.ttcn3:305 Receive operation on port MSC succeeded, message from system(): charstring : "{\"type\": \"HEARTBEAT\"}" id 80
2026/Jun/26 15:04:18.444249 PORTEVENT TC_26_7_4_3_4.ttcn3:305 Message with id 80 was extracted from the queue of MSC.
2026/Jun/26 15:04:23.448022 USER TC_26_7_4_3_4.ttcn3:304 MSC_Port: RX: {"type": "HEARTBEAT"}
2026/Jun/26 15:04:23.448097 PORTEVENT TC_26_7_4_3_4.ttcn3:304 Message enqueued on MSC from system charstring : "{\"type\": \"HEARTBEAT\"}" id 81
2026/Jun/26 15:04:23.448121 PORTEVENT TC_26_7_4_3_4.ttcn3:305 Receive operation on port MSC succeeded, message from system(): charstring : "{\"type\": \"HEARTBEAT\"}" id 81
2026/Jun/26 15:04:23.448130 PORTEVENT TC_26_7_4_3_4.ttcn3:305 Message with id 81 was extracted from the queue of MSC.
2026/Jun/26 15:04:28.453125 USER TC_26_7_4_3_4.ttcn3:304 MSC_Port: RX: {"type": "HEARTBEAT"}
2026/Jun/26 15:04:28.453199 PORTEVENT TC_26_7_4_3_4.ttcn3:304 Message enqueued on MSC from system charstring : "{\"type\": \"HEARTBEAT\"}" id 82
2026/Jun/26 15:04:28.453224 PORTEVENT TC_26_7_4_3_4.ttcn3:305 Receive operation on port MSC succeeded, message from system(): charstring : "{\"type\": \"HEARTBEAT\"}" id 82
2026/Jun/26 15:04:28.453234 PORTEVENT TC_26_7_4_3_4.ttcn3:305 Message with id 82 was extracted from the queue of MSC.
2026/Jun/26 15:04:33.457090 USER TC_26_7_4_3_4.ttcn3:304 MSC_Port: RX: {"type": "HEARTBEAT"}
2026/Jun/26 15:04:33.457182 PORTEVENT TC_26_7_4_3_4.ttcn3:304 Message enqueued on MSC from system charstring : "{\"type\": \"HEARTBEAT\"}" id 83
2026/Jun/26 15:04:33.457213 PORTEVENT TC_26_7_4_3_4.ttcn3:305 Receive operation on port MSC succeeded, message from system(): charstring : "{\"type\": \"HEARTBEAT\"}" id 83
2026/Jun/26 15:04:33.457224 PORTEVENT TC_26_7_4_3_4.ttcn3:305 Message with id 83 was extracted from the queue of MSC.
2026/Jun/26 15:04:38.462074 USER TC_26_7_4_3_4.ttcn3:304 MSC_Port: RX: {"type": "HEARTBEAT"}
2026/Jun/26 15:04:38.462170 PORTEVENT TC_26_7_4_3_4.ttcn3:304 Message enqueued on MSC from system charstring : "{\"type\": \"HEARTBEAT\"}" id 84
2026/Jun/26 15:04:38.462207 PORTEVENT TC_26_7_4_3_4.ttcn3:305 Receive operation on port MSC succeeded, message from system(): charstring : "{\"type\": \"HEARTBEAT\"}" id 84
2026/Jun/26 15:04:38.462222 PORTEVENT TC_26_7_4_3_4.ttcn3:305 Message with id 84 was extracted from the queue of MSC.
2026/Jun/26 15:04:43.467032 USER TC_26_7_4_3_4.ttcn3:304 MSC_Port: RX: {"type": "HEARTBEAT"}
2026/Jun/26 15:04:43.467100 PORTEVENT TC_26_7_4_3_4.ttcn3:304 Message enqueued on MSC from system charstring : "{\"type\": \"HEARTBEAT\"}" id 85
2026/Jun/26 15:04:43.467123 PORTEVENT TC_26_7_4_3_4.ttcn3:305 Receive operation on port MSC succeeded, message from system(): charstring : "{\"type\": \"HEARTBEAT\"}" id 85
2026/Jun/26 15:04:43.467135 PORTEVENT TC_26_7_4_3_4.ttcn3:305 Message with id 85 was extracted from the queue of MSC.
2026/Jun/26 15:04:48.472058 USER TC_26_7_4_3_4.ttcn3:304 MSC_Port: RX: {"type": "HEARTBEAT"}
2026/Jun/26 15:04:48.472137 PORTEVENT TC_26_7_4_3_4.ttcn3:304 Message enqueued on MSC from system charstring : "{\"type\": \"HEARTBEAT\"}" id 86
2026/Jun/26 15:04:48.472162 PORTEVENT TC_26_7_4_3_4.ttcn3:305 Receive operation on port MSC succeeded, message from system(): charstring : "{\"type\": \"HEARTBEAT\"}" id 86
2026/Jun/26 15:04:48.472171 PORTEVENT TC_26_7_4_3_4.ttcn3:305 Message with id 86 was extracted from the queue of MSC.
2026/Jun/26 15:04:53.477124 USER TC_26_7_4_3_4.ttcn3:304 MSC_Port: RX: {"type": "HEARTBEAT"}
2026/Jun/26 15:04:53.477225 PORTEVENT TC_26_7_4_3_4.ttcn3:304 Message enqueued on MSC from system charstring : "{\"type\": \"HEARTBEAT\"}" id 87
2026/Jun/26 15:04:53.477268 PORTEVENT TC_26_7_4_3_4.ttcn3:305 Receive operation on port MSC succeeded, message from system(): charstring : "{\"type\": \"HEARTBEAT\"}" id 87
2026/Jun/26 15:04:53.477288 PORTEVENT TC_26_7_4_3_4.ttcn3:305 Message with id 87 was extracted from the queue of MSC.
2026/Jun/26 15:04:58.482205 USER TC_26_7_4_3_4.ttcn3:304 MSC_Port: RX: {"type": "HEARTBEAT"}
2026/Jun/26 15:04:58.482304 PORTEVENT TC_26_7_4_3_4.ttcn3:304 Message enqueued on MSC from system charstring : "{\"type\": \"HEARTBEAT\"}" id 88
2026/Jun/26 15:04:58.482345 PORTEVENT TC_26_7_4_3_4.ttcn3:305 Receive operation on port MSC succeeded, message from system(): charstring : "{\"type\": \"HEARTBEAT\"}" id 88
2026/Jun/26 15:04:58.482364 PORTEVENT TC_26_7_4_3_4.ttcn3:305 Message with id 88 was extracted from the queue of MSC.
2026/Jun/26 15:05:00.073059 USER TC_26_7_4_3_4.ttcn3:304 MSC_Port: Connection closed by stub
2026/Jun/26 15:05:00.846145 TIMEROP TC_26_7_4_3_4.ttcn3:318 Timeout T_lu_after_restart: 60 s
2026/Jun/26 15:05:00.846203 USER TC_26_7_4_3_4.ttcn3:319 ERROR: No LU Request after restart within 60s
2026/Jun/26 15:05:00.846231 USER TC_26_7_4_3_4.ttcn3:769 subtest2: FAIL - Could not get LU Request to reject
2026/Jun/26 15:05:00.846238 USER TC_26_7_4_3_4.ttcn3:456 f_imsiDetach: initiating MS shutdown via VTY
2026/Jun/26 15:05:00.846245 USER GSM_Component_Definitions.ttcn3:455 VTY: Sending command: "enable"
2026/Jun/26 15:05:00.846265 PORTEVENT GSM_Component_Definitions.ttcn3:456 Sent on VTY to system charstring : "enable"
2026/Jun/26 15:05:00.846281 USER GSM_Component_Definitions.ttcn3:456 VTY_PT: Sending command: "enable"
2026/Jun/26 15:05:01.046448 USER GSM_Component_Definitions.ttcn3:456 VTY_PT: Received response: 
% (MS 1)
% Power off!
enable
% Unknown command.
OsmocomBB(mobile)(ms)# 
OsmocomBB(mobile)(ms)# 
2026/Jun/26 15:05:01.046534 PORTEVENT GSM_Component_Definitions.ttcn3:456 Message enqueued on VTY from system charstring : "\r\n% (MS 1)\r\n% Power off!\r\nenable\r\n% Unknown command.\r\nOsmocomBB(mobile)(ms)# \r\nOsmocomBB(mobile)(ms)# " id 7
2026/Jun/26 15:05:01.046552 TIMEROP GSM_Component_Definitions.ttcn3:459 Start timer T_vty: 5 s
2026/Jun/26 15:05:01.046573 PORTEVENT GSM_Component_Definitions.ttcn3:462 Receive operation on port VTY succeeded, message from system(): charstring : "\r\n% (MS 1)\r\n% Power off!\r\nenable\r\n% Unknown command.\r\nOsmocomBB(mobile)(ms)# \r\nOsmocomBB(mobile)(ms)# " id 7
2026/Jun/26 15:05:01.046581 PORTEVENT GSM_Component_Definitions.ttcn3:462 Message with id 7 was extracted from the queue of VTY.
2026/Jun/26 15:05:01.046585 TIMEROP GSM_Component_Definitions.ttcn3:463 Stop timer T_vty: 5 s
2026/Jun/26 15:05:01.046589 USER GSM_Component_Definitions.ttcn3:464 VTY: Received response: "\r\n% (MS 1)\r\n% Power off!\r\nenable\r\n% Unknown command.\r\nOsmocomBB(mobile)(ms)# \r\nOsmocomBB(mobile)(ms)# "
2026/Jun/26 15:05:01.046602 USER GSM_Component_Definitions.ttcn3:455 VTY: Sending command: "configure terminal"
2026/Jun/26 15:05:01.046620 PORTEVENT GSM_Component_Definitions.ttcn3:456 Sent on VTY to system charstring : "configure terminal"
2026/Jun/26 15:05:01.046628 USER GSM_Component_Definitions.ttcn3:456 VTY_PT: Sending command: "configure terminal"
2026/Jun/26 15:05:01.246793 USER GSM_Component_Definitions.ttcn3:456 VTY_PT: Received response: configure terminal
% Unknown command.
OsmocomBB(mobile)(ms)# 
OsmocomBB(mobile)(ms)# 
2026/Jun/26 15:05:01.246880 PORTEVENT GSM_Component_Definitions.ttcn3:456 Message enqueued on VTY from system charstring : "configure terminal\r\n% Unknown command.\r\nOsmocomBB(mobile)(ms)# \r\nOsmocomBB(mobile)(ms)# " id 8
2026/Jun/26 15:05:01.246899 TIMEROP GSM_Component_Definitions.ttcn3:459 Start timer T_vty: 5 s
2026/Jun/26 15:05:01.246918 PORTEVENT GSM_Component_Definitions.ttcn3:462 Receive operation on port VTY succeeded, message from system(): charstring : "configure terminal\r\n% Unknown command.\r\nOsmocomBB(mobile)(ms)# \r\nOsmocomBB(mobile)(ms)# " id 8
2026/Jun/26 15:05:01.246925 PORTEVENT GSM_Component_Definitions.ttcn3:462 Message with id 8 was extracted from the queue of VTY.
2026/Jun/26 15:05:01.246929 TIMEROP GSM_Component_Definitions.ttcn3:463 Stop timer T_vty: 5 s
2026/Jun/26 15:05:01.246934 USER GSM_Component_Definitions.ttcn3:464 VTY: Received response: "configure terminal\r\n% Unknown command.\r\nOsmocomBB(mobile)(ms)# \r\nOsmocomBB(mobile)(ms)# "
2026/Jun/26 15:05:01.246945 USER GSM_Component_Definitions.ttcn3:455 VTY: Sending command: "ms 1"
2026/Jun/26 15:05:01.246953 PORTEVENT GSM_Component_Definitions.ttcn3:456 Sent on VTY to system charstring : "ms 1"
2026/Jun/26 15:05:01.246960 USER GSM_Component_Definitions.ttcn3:456 VTY_PT: Sending command: "ms 1"
2026/Jun/26 15:05:01.447123 USER GSM_Component_Definitions.ttcn3:456 VTY_PT: Received response: ms 1
% Unknown command.
OsmocomBB(mobile)(ms)# 
OsmocomBB(mobile)(ms)# 
2026/Jun/26 15:05:01.447197 PORTEVENT GSM_Component_Definitions.ttcn3:456 Message enqueued on VTY from system charstring : "ms 1\r\n% Unknown command.\r\nOsmocomBB(mobile)(ms)# \r\nOsmocomBB(mobile)(ms)# " id 9
2026/Jun/26 15:05:01.447214 TIMEROP GSM_Component_Definitions.ttcn3:459 Start timer T_vty: 5 s
2026/Jun/26 15:05:01.447233 PORTEVENT GSM_Component_Definitions.ttcn3:462 Receive operation on port VTY succeeded, message from system(): charstring : "ms 1\r\n% Unknown command.\r\nOsmocomBB(mobile)(ms)# \r\nOsmocomBB(mobile)(ms)# " id 9
2026/Jun/26 15:05:01.447239 PORTEVENT GSM_Component_Definitions.ttcn3:462 Message with id 9 was extracted from the queue of VTY.
2026/Jun/26 15:05:01.447244 TIMEROP GSM_Component_Definitions.ttcn3:463 Stop timer T_vty: 5 s
2026/Jun/26 15:05:01.447247 USER GSM_Component_Definitions.ttcn3:464 VTY: Received response: "ms 1\r\n% Unknown command.\r\nOsmocomBB(mobile)(ms)# \r\nOsmocomBB(mobile)(ms)# "
2026/Jun/26 15:05:01.447261 USER GSM_Component_Definitions.ttcn3:455 VTY: Sending command: "shutdown"
2026/Jun/26 15:05:01.447280 PORTEVENT GSM_Component_Definitions.ttcn3:456 Sent on VTY to system charstring : "shutdown"
2026/Jun/26 15:05:01.447287 USER GSM_Component_Definitions.ttcn3:456 VTY_PT: Sending command: "shutdown"
2026/Jun/26 15:05:01.648347 USER GSM_Component_Definitions.ttcn3:456 VTY_PT: Received response: shutdown
OsmocomBB(mobile)(ms)# 
OsmocomBB(mobile)(ms)# 
2026/Jun/26 15:05:01.648483 PORTEVENT GSM_Component_Definitions.ttcn3:456 Message enqueued on VTY from system charstring : "shutdown\r\nOsmocomBB(mobile)(ms)# \r\nOsmocomBB(mobile)(ms)# " id 10
2026/Jun/26 15:05:01.648511 TIMEROP GSM_Component_Definitions.ttcn3:459 Start timer T_vty: 5 s
2026/Jun/26 15:05:01.648530 PORTEVENT GSM_Component_Definitions.ttcn3:462 Receive operation on port VTY succeeded, message from system(): charstring : "shutdown\r\nOsmocomBB(mobile)(ms)# \r\nOsmocomBB(mobile)(ms)# " id 10
2026/Jun/26 15:05:01.648538 PORTEVENT GSM_Component_Definitions.ttcn3:462 Message with id 10 was extracted from the queue of VTY.
2026/Jun/26 15:05:01.648542 TIMEROP GSM_Component_Definitions.ttcn3:463 Stop timer T_vty: 5 s
2026/Jun/26 15:05:01.648546 USER GSM_Component_Definitions.ttcn3:464 VTY: Received response: "shutdown\r\nOsmocomBB(mobile)(ms)# \r\nOsmocomBB(mobile)(ms)# "
2026/Jun/26 15:05:01.648559 USER TC_26_7_4_3_4.ttcn3:461 f_imsiDetach: VTY shutdown sent
2026/Jun/26 15:05:01.648565 TIMEROP TC_26_7_4_3_4.ttcn3:465 Start timer T_detach: 5 s
2026/Jun/26 15:05:06.651859 TIMEROP TC_26_7_4_3_4.ttcn3:479 Timeout T_detach: 5 s
2026/Jun/26 15:05:06.651946 USER TC_26_7_4_3_4.ttcn3:480 f_imsiDetach: IMSI DETACH event timeout - continuing
2026/Jun/26 15:05:06.651986 USER TC_26_7_4_3_4.ttcn3:483 f_imsiDetach: complete
2026/Jun/26 15:05:06.652005 USER TC_26_7_4_3_4.ttcn3:783 ==========================================================================
2026/Jun/26 15:05:06.652022 USER TC_26_7_4_3_4.ttcn3:784 *** subtest3: Multiple periodic LU rejections - T3211 retries ***
2026/Jun/26 15:05:06.652036 USER TC_26_7_4_3_4.ttcn3:785 ==========================================================================
2026/Jun/26 15:05:06.652072 USER TC_26_7_4_3_4.ttcn3:296 docker.sock not found — using VTY power-cycle (k8s mode)
2026/Jun/26 15:05:06.652091 USER TC_26_7_4_3_4.ttcn3:296 === k8s fallback: VTY power-cycle mobile at 10.43.117.129:4247 ===
2026/Jun/26 15:05:12.014144 USER TC_26_7_4_3_4.ttcn3:296 Waiting 10 seconds (power off)...
2026/Jun/26 15:05:27.373971 USER TC_26_7_4_3_4.ttcn3:296 VTY 'clear-loci' sent — LOCI erased
2026/Jun/26 15:05:33.006939 WARNING TC_26_7_4_3_4.ttcn3:296 VTY: command rejected with '%  Unknown command' at 10.43.117.129:4247
2026/Jun/26 15:05:33.007005 WARNING TC_26_7_4_3_4.ttcn3:296 VTY 'no shutdown' failed — MS may not restart
2026/Jun/26 15:05:33.007012 USER TC_26_7_4_3_4.ttcn3:296 === VTY power-cycle complete — MS will send LU shortly ===
2026/Jun/26 15:05:33.007023 TIMEROP TC_26_7_4_3_4.ttcn3:303 Start timer T_lu_after_restart: 60 s
2026/Jun/26 15:06:33.065863 TIMEROP TC_26_7_4_3_4.ttcn3:318 Timeout T_lu_after_restart: 60 s
2026/Jun/26 15:06:33.065924 USER TC_26_7_4_3_4.ttcn3:319 ERROR: No LU Request after restart within 60s
2026/Jun/26 15:06:33.065952 USER TC_26_7_4_3_4.ttcn3:836 subtest3: FAIL - Could not initialize
2026/Jun/26 15:06:33.065958 USER TC_26_7_4_3_4.ttcn3:847 ==========================================================================
2026/Jun/26 15:06:33.065964 USER TC_26_7_4_3_4.ttcn3:848 *** subtest4: Attempt counter reaches 4 - CM request triggers LU ***
2026/Jun/26 15:06:33.065969 USER TC_26_7_4_3_4.ttcn3:849 ==========================================================================
2026/Jun/26 15:06:33.065987 USER TC_26_7_4_3_4.ttcn3:296 docker.sock not found — using VTY power-cycle (k8s mode)
2026/Jun/26 15:06:33.065993 USER TC_26_7_4_3_4.ttcn3:296 === k8s fallback: VTY power-cycle mobile at 10.43.117.129:4247 ===
2026/Jun/26 15:06:38.541940 USER TC_26_7_4_3_4.ttcn3:296 Waiting 10 seconds (power off)...
2026/Jun/26 15:06:53.901935 USER TC_26_7_4_3_4.ttcn3:296 VTY 'clear-loci' sent — LOCI erased
2026/Jun/26 15:06:59.533947 WARNING TC_26_7_4_3_4.ttcn3:296 VTY: command rejected with '%  Unknown command' at 10.43.117.129:4247
2026/Jun/26 15:06:59.534013 WARNING TC_26_7_4_3_4.ttcn3:296 VTY 'no shutdown' failed — MS may not restart
2026/Jun/26 15:06:59.534021 USER TC_26_7_4_3_4.ttcn3:296 === VTY power-cycle complete — MS will send LU shortly ===
2026/Jun/26 15:06:59.534032 TIMEROP TC_26_7_4_3_4.ttcn3:303 Start timer T_lu_after_restart: 60 s
2026/Jun/26 15:07:59.592870 TIMEROP TC_26_7_4_3_4.ttcn3:318 Timeout T_lu_after_restart: 60 s
2026/Jun/26 15:07:59.592943 USER TC_26_7_4_3_4.ttcn3:319 ERROR: No LU Request after restart within 60s
2026/Jun/26 15:07:59.592978 USER TC_26_7_4_3_4.ttcn3:957 subtest4: FAIL - Could not get initial LU Request
2026/Jun/26 15:07:59.592986 USER TC_26_7_4_3_4.ttcn3:968 ==========================================================================
2026/Jun/26 15:07:59.592994 USER TC_26_7_4_3_4.ttcn3:969 *** subtest5: Multiple IMSI attach rejections - T3211 retries ***
2026/Jun/26 15:07:59.593001 USER TC_26_7_4_3_4.ttcn3:970 ==========================================================================
2026/Jun/26 15:07:59.593008 USER TC_26_7_4_3_4.ttcn3:456 f_imsiDetach: initiating MS shutdown via VTY
2026/Jun/26 15:07:59.593016 USER GSM_Component_Definitions.ttcn3:455 VTY: Sending command: "enable"
2026/Jun/26 15:07:59.593039 PORTEVENT GSM_Component_Definitions.ttcn3:456 Sent on VTY to system charstring : "enable"
2026/Jun/26 15:07:59.593057 USER GSM_Component_Definitions.ttcn3:456 VTY_PT: Sending command: "enable"
2026/Jun/26 15:07:59.793259 USER GSM_Component_Definitions.ttcn3:456 VTY_PT: Received response: enable
% Unknown command.
OsmocomBB(mobile)(ms)# 
OsmocomBB(mobile)(ms)# 
2026/Jun/26 15:07:59.793349 PORTEVENT GSM_Component_Definitions.ttcn3:456 Message enqueued on VTY from system charstring : "enable\r\n% Unknown command.\r\nOsmocomBB(mobile)(ms)# \r\nOsmocomBB(mobile)(ms)# " id 11
2026/Jun/26 15:07:59.793373 TIMEROP GSM_Component_Definitions.ttcn3:459 Start timer T_vty: 5 s
2026/Jun/26 15:07:59.793398 PORTEVENT GSM_Component_Definitions.ttcn3:462 Receive operation on port VTY succeeded, message from system(): charstring : "enable\r\n% Unknown command.\r\nOsmocomBB(mobile)(ms)# \r\nOsmocomBB(mobile)(ms)# " id 11
2026/Jun/26 15:07:59.793409 PORTEVENT GSM_Component_Definitions.ttcn3:462 Message with id 11 was extracted from the queue of VTY.
2026/Jun/26 15:07:59.793416 TIMEROP GSM_Component_Definitions.ttcn3:463 Stop timer T_vty: 5 s
2026/Jun/26 15:07:59.793423 USER GSM_Component_Definitions.ttcn3:464 VTY: Received response: "enable\r\n% Unknown command.\r\nOsmocomBB(mobile)(ms)# \r\nOsmocomBB(mobile)(ms)# "
2026/Jun/26 15:07:59.793441 USER GSM_Component_Definitions.ttcn3:455 VTY: Sending command: "configure terminal"
2026/Jun/26 15:07:59.793454 PORTEVENT GSM_Component_Definitions.ttcn3:456 Sent on VTY to system charstring : "configure terminal"
2026/Jun/26 15:07:59.793465 USER GSM_Component_Definitions.ttcn3:456 VTY_PT: Sending command: "configure terminal"
2026/Jun/26 15:07:59.993661 USER GSM_Component_Definitions.ttcn3:456 VTY_PT: Received response: configure terminal
% Unknown command.
OsmocomBB(mobile)(ms)# 
OsmocomBB(mobile)(ms)# 
2026/Jun/26 15:07:59.993745 PORTEVENT GSM_Component_Definitions.ttcn3:456 Message enqueued on VTY from system charstring : "configure terminal\r\n% Unknown command.\r\nOsmocomBB(mobile)(ms)# \r\nOsmocomBB(mobile)(ms)# " id 12
2026/Jun/26 15:07:59.993764 TIMEROP GSM_Component_Definitions.ttcn3:459 Start timer T_vty: 5 s
2026/Jun/26 15:07:59.993786 PORTEVENT GSM_Component_Definitions.ttcn3:462 Receive operation on port VTY succeeded, message from system(): charstring : "configure terminal\r\n% Unknown command.\r\nOsmocomBB(mobile)(ms)# \r\nOsmocomBB(mobile)(ms)# " id 12
2026/Jun/26 15:07:59.993794 PORTEVENT GSM_Component_Definitions.ttcn3:462 Message with id 12 was extracted from the queue of VTY.
2026/Jun/26 15:07:59.993799 TIMEROP GSM_Component_Definitions.ttcn3:463 Stop timer T_vty: 5 s
2026/Jun/26 15:07:59.993804 USER GSM_Component_Definitions.ttcn3:464 VTY: Received response: "configure terminal\r\n% Unknown command.\r\nOsmocomBB(mobile)(ms)# \r\nOsmocomBB(mobile)(ms)# "
2026/Jun/26 15:07:59.993839 USER GSM_Component_Definitions.ttcn3:455 VTY: Sending command: "ms 1"
2026/Jun/26 15:07:59.993851 PORTEVENT GSM_Component_Definitions.ttcn3:456 Sent on VTY to system charstring : "ms 1"
2026/Jun/26 15:07:59.993858 USER GSM_Component_Definitions.ttcn3:456 VTY_PT: Sending command: "ms 1"
2026/Jun/26 15:08:00.194030 USER GSM_Component_Definitions.ttcn3:456 VTY_PT: Received response: ms 1
% Unknown command.
OsmocomBB(mobile)(ms)# 
OsmocomBB(mobile)(ms)# 
2026/Jun/26 15:08:00.194102 PORTEVENT GSM_Component_Definitions.ttcn3:456 Message enqueued on VTY from system charstring : "ms 1\r\n% Unknown command.\r\nOsmocomBB(mobile)(ms)# \r\nOsmocomBB(mobile)(ms)# " id 13
2026/Jun/26 15:08:00.194121 TIMEROP GSM_Component_Definitions.ttcn3:459 Start timer T_vty: 5 s
2026/Jun/26 15:08:00.194142 PORTEVENT GSM_Component_Definitions.ttcn3:462 Receive operation on port VTY succeeded, message from system(): charstring : "ms 1\r\n% Unknown command.\r\nOsmocomBB(mobile)(ms)# \r\nOsmocomBB(mobile)(ms)# " id 13
2026/Jun/26 15:08:00.194149 PORTEVENT GSM_Component_Definitions.ttcn3:462 Message with id 13 was extracted from the queue of VTY.
2026/Jun/26 15:08:00.194153 TIMEROP GSM_Component_Definitions.ttcn3:463 Stop timer T_vty: 5 s
2026/Jun/26 15:08:00.194157 USER GSM_Component_Definitions.ttcn3:464 VTY: Received response: "ms 1\r\n% Unknown command.\r\nOsmocomBB(mobile)(ms)# \r\nOsmocomBB(mobile)(ms)# "
2026/Jun/26 15:08:00.194169 USER GSM_Component_Definitions.ttcn3:455 VTY: Sending command: "shutdown"
2026/Jun/26 15:08:00.194177 PORTEVENT GSM_Component_Definitions.ttcn3:456 Sent on VTY to system charstring : "shutdown"
2026/Jun/26 15:08:00.194184 USER GSM_Component_Definitions.ttcn3:456 VTY_PT: Sending command: "shutdown"
2026/Jun/26 15:08:00.394345 USER GSM_Component_Definitions.ttcn3:456 VTY_PT: Received response: shutdown
OsmocomBB(mobile)(ms)# 
OsmocomBB(mobile)(ms)# 
2026/Jun/26 15:08:00.394423 PORTEVENT GSM_Component_Definitions.ttcn3:456 Message enqueued on VTY from system charstring : "shutdown\r\nOsmocomBB(mobile)(ms)# \r\nOsmocomBB(mobile)(ms)# " id 14
2026/Jun/26 15:08:00.394440 TIMEROP GSM_Component_Definitions.ttcn3:459 Start timer T_vty: 5 s
2026/Jun/26 15:08:00.394459 PORTEVENT GSM_Component_Definitions.ttcn3:462 Receive operation on port VTY succeeded, message from system(): charstring : "shutdown\r\nOsmocomBB(mobile)(ms)# \r\nOsmocomBB(mobile)(ms)# " id 14
2026/Jun/26 15:08:00.394467 PORTEVENT GSM_Component_Definitions.ttcn3:462 Message with id 14 was extracted from the queue of VTY.
2026/Jun/26 15:08:00.394471 TIMEROP GSM_Component_Definitions.ttcn3:463 Stop timer T_vty: 5 s
2026/Jun/26 15:08:00.394476 USER GSM_Component_Definitions.ttcn3:464 VTY: Received response: "shutdown\r\nOsmocomBB(mobile)(ms)# \r\nOsmocomBB(mobile)(ms)# "
2026/Jun/26 15:08:00.394487 USER TC_26_7_4_3_4.ttcn3:461 f_imsiDetach: VTY shutdown sent
2026/Jun/26 15:08:00.394492 TIMEROP TC_26_7_4_3_4.ttcn3:465 Start timer T_detach: 5 s
2026/Jun/26 15:08:05.397853 TIMEROP TC_26_7_4_3_4.ttcn3:479 Timeout T_detach: 5 s
2026/Jun/26 15:08:05.397916 USER TC_26_7_4_3_4.ttcn3:480 f_imsiDetach: IMSI DETACH event timeout - continuing
2026/Jun/26 15:08:05.397937 USER TC_26_7_4_3_4.ttcn3:483 f_imsiDetach: complete
2026/Jun/26 15:08:05.397957 USER TC_26_7_4_3_4.ttcn3:296 docker.sock not found — using VTY power-cycle (k8s mode)
2026/Jun/26 15:08:05.397964 USER TC_26_7_4_3_4.ttcn3:296 === k8s fallback: VTY power-cycle mobile at 10.43.117.129:4247 ===
2026/Jun/26 15:08:10.701978 USER TC_26_7_4_3_4.ttcn3:296 Waiting 10 seconds (power off)...
2026/Jun/26 15:08:26.061978 USER TC_26_7_4_3_4.ttcn3:296 VTY 'clear-loci' sent — LOCI erased
2026/Jun/26 15:08:31.694025 WARNING TC_26_7_4_3_4.ttcn3:296 VTY: command rejected with '%  Unknown command' at 10.43.117.129:4247
2026/Jun/26 15:08:31.694122 WARNING TC_26_7_4_3_4.ttcn3:296 VTY 'no shutdown' failed — MS may not restart
2026/Jun/26 15:08:31.694141 USER TC_26_7_4_3_4.ttcn3:296 === VTY power-cycle complete — MS will send LU shortly ===
2026/Jun/26 15:08:31.694176 TIMEROP TC_26_7_4_3_4.ttcn3:303 Start timer T_lu_after_restart: 60 s
2026/Jun/26 15:09:31.752863 TIMEROP TC_26_7_4_3_4.ttcn3:318 Timeout T_lu_after_restart: 60 s
2026/Jun/26 15:09:31.752930 USER TC_26_7_4_3_4.ttcn3:319 ERROR: No LU Request after restart within 60s
2026/Jun/26 15:09:31.752954 USER TC_26_7_4_3_4.ttcn3:1023 subtest5: FAIL - Could not get initial LU Request for IMSI attach
2026/Jun/26 15:09:31.752961 USER TC_26_7_4_3_4.ttcn3:1034 ==========================================================================
2026/Jun/26 15:09:31.752966 USER TC_26_7_4_3_4.ttcn3:1035 *** subtest6: IMSI attach counter=4 - CM request triggers LU ***
2026/Jun/26 15:09:31.752972 USER TC_26_7_4_3_4.ttcn3:1036 ==========================================================================
2026/Jun/26 15:09:31.752978 USER TC_26_7_4_3_4.ttcn3:456 f_imsiDetach: initiating MS shutdown via VTY
2026/Jun/26 15:09:31.752985 USER GSM_Component_Definitions.ttcn3:455 VTY: Sending command: "enable"
2026/Jun/26 15:09:31.753004 PORTEVENT GSM_Component_Definitions.ttcn3:456 Sent on VTY to system charstring : "enable"
2026/Jun/26 15:09:31.753020 USER GSM_Component_Definitions.ttcn3:456 VTY_PT: Sending command: "enable"
2026/Jun/26 15:09:31.953179 USER GSM_Component_Definitions.ttcn3:456 VTY_PT: Received response: enable
% Unknown command.
OsmocomBB(mobile)(ms)# 
OsmocomBB(mobile)(ms)# 
2026/Jun/26 15:09:31.953261 PORTEVENT GSM_Component_Definitions.ttcn3:456 Message enqueued on VTY from system charstring : "enable\r\n% Unknown command.\r\nOsmocomBB(mobile)(ms)# \r\nOsmocomBB(mobile)(ms)# " id 15
2026/Jun/26 15:09:31.953280 TIMEROP GSM_Component_Definitions.ttcn3:459 Start timer T_vty: 5 s
2026/Jun/26 15:09:31.953301 PORTEVENT GSM_Component_Definitions.ttcn3:462 Receive operation on port VTY succeeded, message from system(): charstring : "enable\r\n% Unknown command.\r\nOsmocomBB(mobile)(ms)# \r\nOsmocomBB(mobile)(ms)# " id 15
2026/Jun/26 15:09:31.953310 PORTEVENT GSM_Component_Definitions.ttcn3:462 Message with id 15 was extracted from the queue of VTY.
2026/Jun/26 15:09:31.953315 TIMEROP GSM_Component_Definitions.ttcn3:463 Stop timer T_vty: 5 s
2026/Jun/26 15:09:31.953320 USER GSM_Component_Definitions.ttcn3:464 VTY: Received response: "enable\r\n% Unknown command.\r\nOsmocomBB(mobile)(ms)# \r\nOsmocomBB(mobile)(ms)# "
2026/Jun/26 15:09:31.953332 USER GSM_Component_Definitions.ttcn3:455 VTY: Sending command: "configure terminal"
2026/Jun/26 15:09:31.953342 PORTEVENT GSM_Component_Definitions.ttcn3:456 Sent on VTY to system charstring : "configure terminal"
2026/Jun/26 15:09:31.953350 USER GSM_Component_Definitions.ttcn3:456 VTY_PT: Sending command: "configure terminal"
2026/Jun/26 15:09:32.153534 USER GSM_Component_Definitions.ttcn3:456 VTY_PT: Received response: configure terminal
% Unknown command.
OsmocomBB(mobile)(ms)# 
OsmocomBB(mobile)(ms)# 
2026/Jun/26 15:09:32.153646 PORTEVENT GSM_Component_Definitions.ttcn3:456 Message enqueued on VTY from system charstring : "configure terminal\r\n% Unknown command.\r\nOsmocomBB(mobile)(ms)# \r\nOsmocomBB(mobile)(ms)# " id 16
2026/Jun/26 15:09:32.153679 TIMEROP GSM_Component_Definitions.ttcn3:459 Start timer T_vty: 5 s
2026/Jun/26 15:09:32.153719 PORTEVENT GSM_Component_Definitions.ttcn3:462 Receive operation on port VTY succeeded, message from system(): charstring : "configure terminal\r\n% Unknown command.\r\nOsmocomBB(mobile)(ms)# \r\nOsmocomBB(mobile)(ms)# " id 16
2026/Jun/26 15:09:32.153737 PORTEVENT GSM_Component_Definitions.ttcn3:462 Message with id 16 was extracted from the queue of VTY.
2026/Jun/26 15:09:32.153751 TIMEROP GSM_Component_Definitions.ttcn3:463 Stop timer T_vty: 5 s
2026/Jun/26 15:09:32.153764 USER GSM_Component_Definitions.ttcn3:464 VTY: Received response: "configure terminal\r\n% Unknown command.\r\nOsmocomBB(mobile)(ms)# \r\nOsmocomBB(mobile)(ms)# "
2026/Jun/26 15:09:32.153795 USER GSM_Component_Definitions.ttcn3:455 VTY: Sending command: "ms 1"
2026/Jun/26 15:09:32.153816 PORTEVENT GSM_Component_Definitions.ttcn3:456 Sent on VTY to system charstring : "ms 1"
2026/Jun/26 15:09:32.153872 USER GSM_Component_Definitions.ttcn3:456 VTY_PT: Sending command: "ms 1"
2026/Jun/26 15:09:32.354084 USER GSM_Component_Definitions.ttcn3:456 VTY_PT: Received response: ms 1
% Unknown command.
OsmocomBB(mobile)(ms)# 
OsmocomBB(mobile)(ms)# 
2026/Jun/26 15:09:32.354201 PORTEVENT GSM_Component_Definitions.ttcn3:456 Message enqueued on VTY from system charstring : "ms 1\r\n% Unknown command.\r\nOsmocomBB(mobile)(ms)# \r\nOsmocomBB(mobile)(ms)# " id 17
2026/Jun/26 15:09:32.354231 TIMEROP GSM_Component_Definitions.ttcn3:459 Start timer T_vty: 5 s
2026/Jun/26 15:09:32.354266 PORTEVENT GSM_Component_Definitions.ttcn3:462 Receive operation on port VTY succeeded, message from system(): charstring : "ms 1\r\n% Unknown command.\r\nOsmocomBB(mobile)(ms)# \r\nOsmocomBB(mobile)(ms)# " id 17
2026/Jun/26 15:09:32.354281 PORTEVENT GSM_Component_Definitions.ttcn3:462 Message with id 17 was extracted from the queue of VTY.
2026/Jun/26 15:09:32.354293 TIMEROP GSM_Component_Definitions.ttcn3:463 Stop timer T_vty: 5 s
2026/Jun/26 15:09:32.354304 USER GSM_Component_Definitions.ttcn3:464 VTY: Received response: "ms 1\r\n% Unknown command.\r\nOsmocomBB(mobile)(ms)# \r\nOsmocomBB(mobile)(ms)# "
2026/Jun/26 15:09:32.354335 USER GSM_Component_Definitions.ttcn3:455 VTY: Sending command: "shutdown"
2026/Jun/26 15:09:32.354364 PORTEVENT GSM_Component_Definitions.ttcn3:456 Sent on VTY to system charstring : "shutdown"
2026/Jun/26 15:09:32.354379 USER GSM_Component_Definitions.ttcn3:456 VTY_PT: Sending command: "shutdown"
2026/Jun/26 15:09:32.554605 USER GSM_Component_Definitions.ttcn3:456 VTY_PT: Received response: shutdown
OsmocomBB(mobile)(ms)# 
OsmocomBB(mobile)(ms)# 
2026/Jun/26 15:09:32.554728 PORTEVENT GSM_Component_Definitions.ttcn3:456 Message enqueued on VTY from system charstring : "shutdown\r\nOsmocomBB(mobile)(ms)# \r\nOsmocomBB(mobile)(ms)# " id 18
2026/Jun/26 15:09:32.554759 TIMEROP GSM_Component_Definitions.ttcn3:459 Start timer T_vty: 5 s
2026/Jun/26 15:09:32.554793 PORTEVENT GSM_Component_Definitions.ttcn3:462 Receive operation on port VTY succeeded, message from system(): charstring : "shutdown\r\nOsmocomBB(mobile)(ms)# \r\nOsmocomBB(mobile)(ms)# " id 18
2026/Jun/26 15:09:32.554809 PORTEVENT GSM_Component_Definitions.ttcn3:462 Message with id 18 was extracted from the queue of VTY.
2026/Jun/26 15:09:32.554842 TIMEROP GSM_Component_Definitions.ttcn3:463 Stop timer T_vty: 5 s
2026/Jun/26 15:09:32.554858 USER GSM_Component_Definitions.ttcn3:464 VTY: Received response: "shutdown\r\nOsmocomBB(mobile)(ms)# \r\nOsmocomBB(mobile)(ms)# "
2026/Jun/26 15:09:32.554884 USER TC_26_7_4_3_4.ttcn3:461 f_imsiDetach: VTY shutdown sent
2026/Jun/26 15:09:32.554898 TIMEROP TC_26_7_4_3_4.ttcn3:465 Start timer T_detach: 5 s
2026/Jun/26 15:09:37.558868 TIMEROP TC_26_7_4_3_4.ttcn3:479 Timeout T_detach: 5 s
2026/Jun/26 15:09:37.558954 USER TC_26_7_4_3_4.ttcn3:480 f_imsiDetach: IMSI DETACH event timeout - continuing
2026/Jun/26 15:09:37.558996 USER TC_26_7_4_3_4.ttcn3:483 f_imsiDetach: complete
2026/Jun/26 15:09:37.559036 USER TC_26_7_4_3_4.ttcn3:296 docker.sock not found — using VTY power-cycle (k8s mode)
2026/Jun/26 15:09:37.559054 USER TC_26_7_4_3_4.ttcn3:296 === k8s fallback: VTY power-cycle mobile at 10.43.117.129:4247 ===
2026/Jun/26 15:09:42.861986 USER TC_26_7_4_3_4.ttcn3:296 Waiting 10 seconds (power off)...
2026/Jun/26 15:09:58.221990 USER TC_26_7_4_3_4.ttcn3:296 VTY 'clear-loci' sent — LOCI erased
2026/Jun/26 15:10:03.854945 WARNING TC_26_7_4_3_4.ttcn3:296 VTY: command rejected with '%  Unknown command' at 10.43.117.129:4247
2026/Jun/26 15:10:03.855015 WARNING TC_26_7_4_3_4.ttcn3:296 VTY 'no shutdown' failed — MS may not restart
2026/Jun/26 15:10:03.855023 USER TC_26_7_4_3_4.ttcn3:296 === VTY power-cycle complete — MS will send LU shortly ===
2026/Jun/26 15:10:03.855033 TIMEROP TC_26_7_4_3_4.ttcn3:303 Start timer T_lu_after_restart: 60 s
2026/Jun/26 15:11:03.913877 TIMEROP TC_26_7_4_3_4.ttcn3:318 Timeout T_lu_after_restart: 60 s
2026/Jun/26 15:11:03.913959 USER TC_26_7_4_3_4.ttcn3:319 ERROR: No LU Request after restart within 60s
2026/Jun/26 15:11:03.913977 USER TC_26_7_4_3_4.ttcn3:1145 subtest6: FAIL - Could not get initial LU Request
2026/Jun/26 15:11:03.913981 USER TC_26_7_4_3_4.ttcn3:1151 ========== TEST SUMMARY ==========
2026/Jun/26 15:11:03.914017 USER TC_26_7_4_3_4.ttcn3:1159 Total: 6 Passed: 0 Failed: 6
2026/Jun/26 15:11:03.914033 USER TC_26_7_4_3_4.ttcn3:1160 subtest1 (periodic LU reject -> CM conn): false
2026/Jun/26 15:11:03.914043 USER TC_26_7_4_3_4.ttcn3:1161 subtest2 (IMSI attach reject -> MM conn): false
2026/Jun/26 15:11:03.914052 USER TC_26_7_4_3_4.ttcn3:1162 subtest3 (multiple periodic rejects -> T3211 retry): false
2026/Jun/26 15:11:03.914057 USER TC_26_7_4_3_4.ttcn3:1163 subtest4 (counter=4 -> CM triggers LU): false
2026/Jun/26 15:11:03.914061 USER TC_26_7_4_3_4.ttcn3:1164 subtest5 (multiple IMSI attach rejects -> T3211 retry): false
2026/Jun/26 15:11:03.914065 USER TC_26_7_4_3_4.ttcn3:1165 subtest6 (IMSI attach counter=4 -> CM triggers LU): false
2026/Jun/26 15:11:03.914098 VERDICTOP TC_26_7_4_3_4.ttcn3:1170 setverdict(fail): none -> fail
2026/Jun/26 15:11:03.914163 TIMEROP TC_26_7_4_3_4.ttcn3:1174 Stop timer T_guard: 1800 s
2026/Jun/26 15:11:03.914174 PARALLEL TC_26_7_4_3_4.ttcn3:1175 Unmapping port mtc:MSC from system:MSC.
2026/Jun/26 15:11:03.914225 USER TC_26_7_4_3_4.ttcn3:1175 MSC_Port: Unmapping from MSC
2026/Jun/26 15:11:03.914233 PORTEVENT TC_26_7_4_3_4.ttcn3:1175 Port MSC was unmapped from system:MSC.
2026/Jun/26 15:11:03.914263 PARALLEL TC_26_7_4_3_4.ttcn3:1175 Unmap operation of mtc:MSC from system:MSC finished.
2026/Jun/26 15:11:03.914272 PARALLEL TC_26_7_4_3_4.ttcn3:1176 Unmapping port mtc:VTY from system:VTY.
2026/Jun/26 15:11:03.914291 USER TC_26_7_4_3_4.ttcn3:1176 VTY_PT: Unmapping port from VTY interface
2026/Jun/26 15:11:03.914379 USER TC_26_7_4_3_4.ttcn3:1176 VTY_PT: Disconnected from VTY
2026/Jun/26 15:11:03.914386 PORTEVENT TC_26_7_4_3_4.ttcn3:1176 Port VTY was unmapped from system:VTY.
2026/Jun/26 15:11:03.914406 PARALLEL TC_26_7_4_3_4.ttcn3:1176 Unmap operation of mtc:VTY from system:VTY finished.
2026/Jun/26 15:11:03.914422 PARALLEL TC_26_7_4_3_4.ttcn3:1176 Terminating component type GSM_Component_Definitions.GSM_CT.
2026/Jun/26 15:11:03.914442 USER TC_26_7_4_3_4.ttcn3:1176 L3_Port: user_stop called
2026/Jun/26 15:11:03.914447 PORTEVENT TC_26_7_4_3_4.ttcn3:1176 Port L was stopped.
2026/Jun/26 15:11:03.914459 PORTEVENT TC_26_7_4_3_4.ttcn3:1176 Port RR was stopped.
2026/Jun/26 15:11:03.914470 PORTEVENT TC_26_7_4_3_4.ttcn3:1176 Port MM was stopped.
2026/Jun/26 15:11:03.914478 PORTEVENT TC_26_7_4_3_4.ttcn3:1176 Port CC was stopped.
2026/Jun/26 15:11:03.914481 USER TC_26_7_4_3_4.ttcn3:1176 MSC_Port: user_stop called
2026/Jun/26 15:11:03.914486 PORTEVENT TC_26_7_4_3_4.ttcn3:1176 Port MSC was stopped.
2026/Jun/26 15:11:03.914497 USER TC_26_7_4_3_4.ttcn3:1176 BSC_Port: user_stop called
2026/Jun/26 15:11:03.914501 PORTEVENT TC_26_7_4_3_4.ttcn3:1176 Port BSC was stopped.
2026/Jun/26 15:11:03.914504 PORTEVENT TC_26_7_4_3_4.ttcn3:1176 Port RSL was stopped.
2026/Jun/26 15:11:03.914507 USER TC_26_7_4_3_4.ttcn3:1176 VTY_PT: Stopping
2026/Jun/26 15:11:03.914511 PORTEVENT TC_26_7_4_3_4.ttcn3:1176 Port VTY was stopped.
2026/Jun/26 15:11:03.914515 PORTEVENT TC_26_7_4_3_4.ttcn3:1176 Port COORD was stopped.
2026/Jun/26 15:11:03.914518 PARALLEL TC_26_7_4_3_4.ttcn3:1176 Component type GSM_Component_Definitions.GSM_CT was shut down inside testcase TC_26_7_4_3_4.
2026/Jun/26 15:11:03.914525 EXECUTOR TC_26_7_4_3_4.ttcn3:1176 Waiting for PTCs to finish.
2026/Jun/26 15:11:03.914562 VERDICTOP TC_26_7_4_3_4.ttcn3:1176 Setting final verdict of the test case.
2026/Jun/26 15:11:03.914602 VERDICTOP TC_26_7_4_3_4.ttcn3:1176 Local verdict of MTC: fail
2026/Jun/26 15:11:03.914622 VERDICTOP TC_26_7_4_3_4.ttcn3:1176 No PTCs were created.
2026/Jun/26 15:11:03.914633 TESTCASE TC_26_7_4_3_4.ttcn3:1176 Test case TC_26_7_4_3_4 finished. Verdict: fail
2026/Jun/26 15:11:03.914723 STATISTICS - Verdict statistics: 0 none (0.00 %), 0 pass (0.00 %), 0 inconc (0.00 %), 1 fail (100.00 %), 0 error (0.00 %).
2026/Jun/26 15:11:03.914771 STATISTICS - Test execution summary: 1 test case was executed. Overall verdict: fail
2026/Jun/26 15:11:03.914774 EXECUTOR - Exit was requested from MC. Terminating MTC.
======================================================
TEST RESULT: FAIL
fetch https://dl-cdn.alpinelinux.org/alpine/v3.19/main/x86_64/APKINDEX.tar.gz
fetch https://dl-cdn.alpinelinux.org/alpine/v3.19/community/x86_64/APKINDEX.tar.gz
(1/4) Installing libmnl (1.0.5-r2)
(2/4) Installing libnftnl (1.2.6-r0)
(3/4) Installing libxtables (1.8.10-r3)
(4/4) Installing iptables (1.8.10-r3)
Executing busybox-1.36.1-r20.trigger
OK: 10 MiB in 19 packages
