Defaulted container "ttcn3" out of: ttcn3, setup-mobile-vty-dnat (init)
======================================================
Waiting for mobile to register (5 seconds)...
======================================================
======================================================
Starting TC_26_6_5_2_4 Test Case
======================================================
Resolved: msc=10.42.0.186 mobile=10.43.134.210 bsc=10.42.0.190
DEBUG: [EXECUTE] section:
[EXECUTE]
TC_26_6_5_2_4.TC_26_6_5_2_4
  Waiting for MC... (1/30)
Main Controller ready (attempt 2)
Starting Host Controller...
TTCN-3 Host Controller (parallel mode), version 11.1.0
The address of MC was set to a local IP address. This may cause incorrect behavior if a HC from a remote host also connects to MC.
Result dir: /results/TC_26_6_5_2_4-2026-06-29-063247
Waiting for log files...
2026/Jun/29 06:32:48.753001 EXECUTOR - TTCN-3 Host Controller started on ttcn3-tc-26-6-5-2-4-1-2c6jx. Version: 11.1.0.
2026/Jun/29 06:32:48.753198 EXECUTOR - TTCN Logger v2.2 options: TimeStampFormat:=DateTime; LogEntityName:=No; LogEventTypes:=Yes; SourceInfoFormat:=Single; LogSensitiveData:=No; *.FileMask:=LOG_ALL; *.ConsoleMask:=ERROR | TESTCASE | USER | VERDICTOP | WARNING; LogFileSize:=0; LogFileNumber:=1; DiskFullAction:=Error
2026/Jun/29 06:32:48.753212 EXECUTOR - Maximum number of open file descriptors: 1048576,   FD_SETSIZE = 1024
2026/Jun/29 06:32:48.753371 WARNING - Warning: The address of MC was set to a local IP address. This may cause incorrect behavior if a HC from a remote host also connects to MC.
2026/Jun/29 06:32:48.753420 EXECUTOR - The address of MC was set to 127.0.0.1:0.
2026/Jun/29 06:32:48.753564 EXECUTOR - Connected to MC.
2026/Jun/29 06:32:48.753699 EXECUTOR - This host supports UNIX domain sockets for local communication.
2026/Jun/29 06:32:48.753892 EXECUTOR - Processing configuration data received from MC.
2026/Jun/29 06:32:48.754143 WARNING - Warning: Skeleton `/results/TC_26_6_5_2_4-2026-06-29-063247/%n.log' does not guarantee unique log file name for every test system process. It may cause unpredictable results if several test components try to write into the same log file.
2026/Jun/29 06:32:48.754480 EXECUTOR - Module GSM_Constants has the following parameters: { TSPC_Serv_TS11 := true, TSPC_Serv_TS61 := false, TSPC_Serv_TS62 := false, TSPC_Serv_BS21 := false, TSPC_Serv_BS22 := false, TSPC_Serv_BS24 := false, TSPC_Serv_BS25 := false, TSPC_Serv_BS26 := false, TSPC_Serv_BS31 := false, TSPC_Serv_BS32 := false, TSPC_Serv_BS33 := false, TSPC_Serv_BS34 := false, TSPC_Serv_BS41 := false, TSPC_Serv_BS42 := false, TSPC_Serv_BS43 := false, TSPC_Serv_BS44 := false, TSPC_Serv_BS45 := false, TSPC_Serv_BS51 := false, TSPC_Serv_BS61 := false, TSPC_Serv_BS81 := false, TSPC_DualRate := false, TSPC_MTsvc := true, TSPX_IMSI := '901700000000001F'O, TSPX_TMSI := '1914D97F'O, TSPX_CKSNDef := 0, TSPX_RANDDef := '00112233445566778899AABBCCDDEEFF'O, TSPX_SRES := '12345678'O, TSPX_Kc := '0000000000000000'O, TSPX_SDCCH4SubDef := 0, TSPX_TmSltDef := 0, TSPX_TscDef := 7, TSPX_TCHHSubDef := 0, TCV_CC := true, TSPX_Telephony_Rate := C_Full (0), TSPX_MOBscSvcA := C_Telephony (0), TSPX_MOBscSvcB := C_Telephony (0), TSPX_MOBscSvcC := C_Telephony (0), TSPX_MOBscSvcD := C_Telephony (0), TSPX_MOBscSvcE := C_Telephony (0), TSPX_MOBscSvcF := C_Telephony (0), TSPX_MOBscSvcG := C_Telephony (0), TSPX_MOChRateA := C_Full (0), TSPX_MOChRateB := C_Full (0), TSPX_MOChRateC := C_Full (0), TSPX_MOChRateD := C_Full (0), TSPX_MOChRateE := C_Full (0), TSPX_MOChRateF := C_Full (0), TSPX_MOChRateG := C_Full (0), TSPX_MTBscSvcA := C_Telephony (0), TSPX_MTBscSvcB := C_Telephony (0), TSPX_MTBscSvcC := C_Telephony (0), TSPX_MTBscSvcD := C_Telephony (0), TSPX_MTBscSvcE := C_Telephony (0), TSPX_MTBscSvcF := C_Telephony (0), TSPX_MTBscSvcG := C_Telephony (0), TSPX_MTBscSvcH := C_Telephony (0), TSPX_MTBscSvcI := C_Telephony (0), TSPX_MTBscSvcJ := C_Telephony (0), TSPX_MTChRateA := C_Full (0), TSPX_MTChRateB := C_Full (0), TSPX_MTChRateC := C_Full (0), TSPX_MTChRateD := C_Full (0), TSPX_MTChRateE := C_Full (0), TSPX_MTChRateF := C_Full (0), TSPX_MTChRateG := C_Full (0), TSPX_MTChRateH := C_Full (0), TSPX_MTChRateI := C_Full (0), TSPX_MTChRateJ := C_Full (0), C_arfcnA := 100 }
2026/Jun/29 06:32:48.754571 EXECUTOR - Module TC_26_3_3 has the following parameters: { TSPC_Serv_TS12 := false }
2026/Jun/29 06:32:48.754584 EXECUTOR - Module TC_26_6_13_5 has the following parameters: { TSPC_NonSynchronizedHO := false, TSPC_FreqHopping := false, TSPC_TwoCellSetup := false }
2026/Jun/29 06:32:48.754596 EXECUTOR - Module TC_26_6_13_6 has the following parameters: { TSPC_StartingTime := false, TSPC_TwoCellSetup := false, TSPC_FhChannelConfig := false, TSPC_FhMaListCheck := false, TSPC_NonSynchronizedHO := false, TSPC_MaListEncoding := false }
2026/Jun/29 06:32:48.754607 EXECUTOR - Module TC_26_6_1_2 has the following parameters: { TSPX_nPara := 3, TSPX_i1Para := 3, TSPX_kPara := 5, TSPX_i2Para := 1, TSPX_rPara := 4, TSPX_i3Para := 4 }
2026/Jun/29 06:32:48.754627 EXECUTOR - Module TC_26_6_2_5 has the following parameters: { TSPX_CcchConf_MultiNonComb := true, TSPC_CcchgPositive := true, TSPC_CcchgComputation := false, TSPC_SdcchOmConfig := false }
2026/Jun/29 06:32:48.754638 EXECUTOR - Module TC_26_6_3_2 has the following parameters: { TSPC_SacchSiInjection := false, TSPC_MeasurementReportCheck := false }
2026/Jun/29 06:32:48.754649 EXECUTOR - Module TC_26_6_4_2_1 has the following parameters: { TSPC_SacchL1PowerCheck := false, TSPC_HalfRateChannel := false, TSPC_CCStateU10 := false }
2026/Jun/29 06:32:48.754659 EXECUTOR - Module TC_26_6_5_2_10 has the following parameters: { TSPC_FnTimingCheck := false }
2026/Jun/29 06:32:48.754669 EXECUTOR - Module TC_26_6_5_2_9 has the following parameters: { TSPC_OM_NoL2Ack := false, TSPC_SacchMrCheck := false, TSPC_FreqHopping := false, TSPC_OM_SendNextOnHO := false }
2026/Jun/29 06:32:48.754679 EXECUTOR - Module TC_26_6_5_3_1 has the following parameters: { TSPC_InterCellHO := false, TSPC_FnTiming := false, TSPC_CheckCellsPresent := false, TSPC_TimadvPwrlvlChk := false }
2026/Jun/29 06:32:48.754689 EXECUTOR - Module TC_26_6_5_4_1 has the following parameters: { TSPC_StartCellB := false, TSPC_OM_GetTxFn := false, TSPC_FnTimingCheck := false, TSPC_TimadvPwrlvlChk := false }
2026/Jun/29 06:32:48.754700 EXECUTOR - Module TC_26_6_5_8 has the following parameters: { TSPC_CCStateU10 := false, TSPC_HoAccessObserve := false, TSPC_SacchL1PowerCheck := false, TSPC_CheckCellsPresent := false, TSPC_OM_ReturnFn := false }
2026/Jun/29 06:32:48.754710 EXECUTOR - Module TC_26_6_6_1 has the following parameters: { TSPC_FHCHK := false, TSPC_StartingTime := false, TSPC_DualRate := false, TSPC_PerSubtestChannel := false, TSPC_FHImmAsgn := false, TSPC_PerSubtestRelease := false, TSPC_OM_StopCell := false }
2026/Jun/29 06:32:48.754721 EXECUTOR - Module TC_26_6_7_2 has the following parameters: { TSPC_48DataH := false, TSPC_24DataH := false, TSPC_HalfRateSpeech := false }
2026/Jun/29 06:32:48.754758 EXECUTOR - Initializing module GSM_Component_Definitions.
2026/Jun/29 06:32:48.754766 EXECUTOR GSM_Component_Definitions.ttcn3:0 Initializing module GSM_Templates.
2026/Jun/29 06:32:48.754787 EXECUTOR GSM_Templates.ttcn3:0 Initializing module GSM_Constants.
2026/Jun/29 06:32:48.754793 EXECUTOR GSM_Constants.ttcn3:0 Initializing module GSM_Types.
2026/Jun/29 06:32:48.754796 EXECUTOR GSM_Constants.ttcn3:0 Initialization of module GSM_Types finished.
2026/Jun/29 06:32:48.754799 EXECUTOR GSM_Templates.ttcn3:0 Initialization of module GSM_Constants finished.
2026/Jun/29 06:32:48.754890 EXECUTOR GSM_Component_Definitions.ttcn3:0 Initialization of module GSM_Templates finished.
2026/Jun/29 06:32:48.754897 EXECUTOR - Initialization of module GSM_Component_Definitions finished.
2026/Jun/29 06:32:48.754900 EXECUTOR - Initializing module GSM_Functions.
2026/Jun/29 06:32:48.754926 EXECUTOR - Initialization of module GSM_Functions finished.
2026/Jun/29 06:32:48.754929 EXECUTOR - Initializing module PreGenRecordOf.
2026/Jun/29 06:32:48.754931 EXECUTOR - Initialization of module PreGenRecordOf finished.
2026/Jun/29 06:32:48.754933 EXECUTOR - Initializing module TC_26_2_1_3.
2026/Jun/29 06:32:48.754939 EXECUTOR - Initialization of module TC_26_2_1_3 finished.
2026/Jun/29 06:32:48.754941 EXECUTOR - Initializing module TC_26_2_2.
2026/Jun/29 06:32:48.754947 EXECUTOR - Initialization of module TC_26_2_2 finished.
2026/Jun/29 06:32:48.754949 EXECUTOR - Initializing module TC_26_2_3.
2026/Jun/29 06:32:48.754955 EXECUTOR - Initialization of module TC_26_2_3 finished.
2026/Jun/29 06:32:48.754957 EXECUTOR - Initializing module TC_26_3_2.
2026/Jun/29 06:32:48.754963 EXECUTOR - Initialization of module TC_26_3_2 finished.
2026/Jun/29 06:32:48.754965 EXECUTOR - Initializing module TC_26_3_3.
2026/Jun/29 06:32:48.754970 EXECUTOR - Initialization of module TC_26_3_3 finished.
2026/Jun/29 06:32:48.754972 EXECUTOR - Initializing module TC_26_3_4.
2026/Jun/29 06:32:48.754977 EXECUTOR - Initialization of module TC_26_3_4 finished.
2026/Jun/29 06:32:48.754983 EXECUTOR - Initializing module TC_26_6_11_1.
2026/Jun/29 06:32:48.754990 EXECUTOR - Initialization of module TC_26_6_11_1 finished.
2026/Jun/29 06:32:48.754992 EXECUTOR - Initializing module TC_26_6_11_2.
2026/Jun/29 06:32:48.754998 EXECUTOR - Initialization of module TC_26_6_11_2 finished.
2026/Jun/29 06:32:48.755000 EXECUTOR - Initializing module TC_26_6_12_1.
2026/Jun/29 06:32:48.755006 EXECUTOR - Initialization of module TC_26_6_12_1 finished.
2026/Jun/29 06:32:48.755008 EXECUTOR - Initializing module TC_26_6_12_2.
2026/Jun/29 06:32:48.755014 EXECUTOR - Initialization of module TC_26_6_12_2 finished.
2026/Jun/29 06:32:48.755016 EXECUTOR - Initializing module TC_26_6_12_3.
2026/Jun/29 06:32:48.755022 EXECUTOR - Initialization of module TC_26_6_12_3 finished.
2026/Jun/29 06:32:48.755024 EXECUTOR - Initializing module TC_26_6_12_4.
2026/Jun/29 06:32:48.755030 EXECUTOR - Initialization of module TC_26_6_12_4 finished.
2026/Jun/29 06:32:48.755032 EXECUTOR - Initializing module TC_26_6_13_1.
2026/Jun/29 06:32:48.755038 EXECUTOR - Initialization of module TC_26_6_13_1 finished.
2026/Jun/29 06:32:48.755040 EXECUTOR - Initializing module TC_26_6_13_10.
2026/Jun/29 06:32:48.755046 EXECUTOR - Initialization of module TC_26_6_13_10 finished.
2026/Jun/29 06:32:48.755048 EXECUTOR - Initializing module TC_26_6_13_2.
2026/Jun/29 06:32:48.755054 EXECUTOR - Initialization of module TC_26_6_13_2 finished.
2026/Jun/29 06:32:48.755056 EXECUTOR - Initializing module TC_26_6_13_3.
2026/Jun/29 06:32:48.755062 EXECUTOR - Initialization of module TC_26_6_13_3 finished.
2026/Jun/29 06:32:48.755064 EXECUTOR - Initializing module TC_26_6_13_4.
2026/Jun/29 06:32:48.755070 EXECUTOR - Initialization of module TC_26_6_13_4 finished.
2026/Jun/29 06:32:48.755072 EXECUTOR - Initializing module TC_26_6_13_5.
2026/Jun/29 06:32:48.755077 EXECUTOR - Initialization of module TC_26_6_13_5 finished.
2026/Jun/29 06:32:48.755079 EXECUTOR - Initializing module TC_26_6_13_6.
2026/Jun/29 06:32:48.755084 EXECUTOR - Initialization of module TC_26_6_13_6 finished.
2026/Jun/29 06:32:48.755086 EXECUTOR - Initializing module TC_26_6_13_7.
2026/Jun/29 06:32:48.755092 EXECUTOR - Initialization of module TC_26_6_13_7 finished.
2026/Jun/29 06:32:48.755094 EXECUTOR - Initializing module TC_26_6_13_9.
2026/Jun/29 06:32:48.755100 EXECUTOR - Initialization of module TC_26_6_13_9 finished.
2026/Jun/29 06:32:48.755102 EXECUTOR - Initializing module TC_26_6_1_1.
2026/Jun/29 06:32:48.755108 EXECUTOR - Initialization of module TC_26_6_1_1 finished.
2026/Jun/29 06:32:48.755111 EXECUTOR - Initializing module TC_26_6_1_2.
2026/Jun/29 06:32:48.755116 EXECUTOR - Initialization of module TC_26_6_1_2 finished.
2026/Jun/29 06:32:48.755118 EXECUTOR - Initializing module TC_26_6_1_3.
2026/Jun/29 06:32:48.755124 EXECUTOR - Initialization of module TC_26_6_1_3 finished.
2026/Jun/29 06:32:48.755126 EXECUTOR - Initializing module TC_26_6_1_4.
2026/Jun/29 06:32:48.755132 EXECUTOR - Initialization of module TC_26_6_1_4 finished.
2026/Jun/29 06:32:48.755135 EXECUTOR - Initializing module TC_26_6_1_5.
2026/Jun/29 06:32:48.755140 EXECUTOR - Initialization of module TC_26_6_1_5 finished.
2026/Jun/29 06:32:48.755142 EXECUTOR - Initializing module TC_26_6_2_1_1.
2026/Jun/29 06:32:48.755148 EXECUTOR - Initialization of module TC_26_6_2_1_1 finished.
2026/Jun/29 06:32:48.755150 EXECUTOR - Initializing module TC_26_6_2_1_2.
2026/Jun/29 06:32:48.755155 EXECUTOR - Initialization of module TC_26_6_2_1_2 finished.
2026/Jun/29 06:32:48.755157 EXECUTOR - Initializing module TC_26_6_2_1_3.
2026/Jun/29 06:32:48.755163 EXECUTOR - Initialization of module TC_26_6_2_1_3 finished.
2026/Jun/29 06:32:48.755165 EXECUTOR - Initializing module TC_26_6_2_2.
2026/Jun/29 06:32:48.755171 EXECUTOR - Initialization of module TC_26_6_2_2 finished.
2026/Jun/29 06:32:48.755173 EXECUTOR - Initializing module TC_26_6_2_3_1.
2026/Jun/29 06:32:48.755179 EXECUTOR - Initialization of module TC_26_6_2_3_1 finished.
2026/Jun/29 06:32:48.755181 EXECUTOR - Initializing module TC_26_6_2_3_2.
2026/Jun/29 06:32:48.755193 EXECUTOR - Initialization of module TC_26_6_2_3_2 finished.
2026/Jun/29 06:32:48.755195 EXECUTOR - Initializing module TC_26_6_2_4.
2026/Jun/29 06:32:48.755201 EXECUTOR - Initialization of module TC_26_6_2_4 finished.
2026/Jun/29 06:32:48.755203 EXECUTOR - Initializing module TC_26_6_2_5.
2026/Jun/29 06:32:48.755208 EXECUTOR - Initialization of module TC_26_6_2_5 finished.
2026/Jun/29 06:32:48.755210 EXECUTOR - Initializing module TC_26_6_3_1.
2026/Jun/29 06:32:48.755216 EXECUTOR - Initialization of module TC_26_6_3_1 finished.
2026/Jun/29 06:32:48.755218 EXECUTOR - Initializing module TC_26_6_3_2.
2026/Jun/29 06:32:48.755224 EXECUTOR - Initialization of module TC_26_6_3_2 finished.
2026/Jun/29 06:32:48.755226 EXECUTOR - Initializing module TC_26_6_3_3.
2026/Jun/29 06:32:48.755231 EXECUTOR - Initialization of module TC_26_6_3_3 finished.
2026/Jun/29 06:32:48.755234 EXECUTOR - Initializing module TC_26_6_3_4.
2026/Jun/29 06:32:48.755239 EXECUTOR - Initialization of module TC_26_6_3_4 finished.
2026/Jun/29 06:32:48.755242 EXECUTOR - Initializing module TC_26_6_3_5.
2026/Jun/29 06:32:48.755248 EXECUTOR - Initialization of module TC_26_6_3_5 finished.
2026/Jun/29 06:32:48.755250 EXECUTOR - Initializing module TC_26_6_4_1.
2026/Jun/29 06:32:48.755256 EXECUTOR - Initialization of module TC_26_6_4_1 finished.
2026/Jun/29 06:32:48.755258 EXECUTOR - Initializing module TC_26_6_4_2_1.
2026/Jun/29 06:32:48.755263 EXECUTOR - Initialization of module TC_26_6_4_2_1 finished.
2026/Jun/29 06:32:48.755265 EXECUTOR - Initializing module TC_26_6_4_2_2.
2026/Jun/29 06:32:48.755271 EXECUTOR - Initialization of module TC_26_6_4_2_2 finished.
2026/Jun/29 06:32:48.755273 EXECUTOR - Initializing module TC_26_6_5_1.
2026/Jun/29 06:32:48.755279 EXECUTOR - Initialization of module TC_26_6_5_1 finished.
2026/Jun/29 06:32:48.755281 EXECUTOR - Initializing module TC_26_6_5_2_1.
2026/Jun/29 06:32:48.755286 EXECUTOR - Initialization of module TC_26_6_5_2_1 finished.
2026/Jun/29 06:32:48.755288 EXECUTOR - Initializing module TC_26_6_5_2_10.
2026/Jun/29 06:32:48.755293 EXECUTOR - Initialization of module TC_26_6_5_2_10 finished.
2026/Jun/29 06:32:48.755296 EXECUTOR - Initializing module TC_26_6_5_2_2.
2026/Jun/29 06:32:48.755303 EXECUTOR - Initialization of module TC_26_6_5_2_2 finished.
2026/Jun/29 06:32:48.755305 EXECUTOR - Initializing module TC_26_6_5_2_3.
2026/Jun/29 06:32:48.755311 EXECUTOR - Initialization of module TC_26_6_5_2_3 finished.
2026/Jun/29 06:32:48.755313 EXECUTOR - Initializing module TC_26_6_5_2_4.
2026/Jun/29 06:32:48.755319 EXECUTOR - Initialization of module TC_26_6_5_2_4 finished.
2026/Jun/29 06:32:48.755321 EXECUTOR - Initializing module TC_26_6_5_2_5.
2026/Jun/29 06:32:48.755327 EXECUTOR - Initialization of module TC_26_6_5_2_5 finished.
2026/Jun/29 06:32:48.755330 EXECUTOR - Initializing module TC_26_6_5_2_6.
2026/Jun/29 06:32:48.755336 EXECUTOR - Initialization of module TC_26_6_5_2_6 finished.
2026/Jun/29 06:32:48.755338 EXECUTOR - Initializing module TC_26_6_5_2_7.
2026/Jun/29 06:32:48.755344 EXECUTOR - Initialization of module TC_26_6_5_2_7 finished.
2026/Jun/29 06:32:48.755346 EXECUTOR - Initializing module TC_26_6_5_2_8.
2026/Jun/29 06:32:48.755352 EXECUTOR - Initialization of module TC_26_6_5_2_8 finished.
2026/Jun/29 06:32:48.755354 EXECUTOR - Initializing module TC_26_6_5_2_9.
2026/Jun/29 06:32:48.755360 EXECUTOR - Initialization of module TC_26_6_5_2_9 finished.
2026/Jun/29 06:32:48.755362 EXECUTOR - Initializing module TC_26_6_5_3_1.
2026/Jun/29 06:32:48.755367 EXECUTOR - Initialization of module TC_26_6_5_3_1 finished.
2026/Jun/29 06:32:48.755370 EXECUTOR - Initializing module TC_26_6_5_3_2.
2026/Jun/29 06:32:48.755376 EXECUTOR - Initialization of module TC_26_6_5_3_2 finished.
2026/Jun/29 06:32:48.755378 EXECUTOR - Initializing module TC_26_6_5_4_1.
2026/Jun/29 06:32:48.755383 EXECUTOR - Initialization of module TC_26_6_5_4_1 finished.
2026/Jun/29 06:32:48.755385 EXECUTOR - Initializing module TC_26_6_5_4_2.
2026/Jun/29 06:32:48.755391 EXECUTOR - Initialization of module TC_26_6_5_4_2 finished.
2026/Jun/29 06:32:48.755396 EXECUTOR - Initializing module TC_26_6_5_5_2.
2026/Jun/29 06:32:48.755402 EXECUTOR - Initialization of module TC_26_6_5_5_2 finished.
2026/Jun/29 06:32:48.755404 EXECUTOR - Initializing module TC_26_6_5_6.
2026/Jun/29 06:32:48.755411 EXECUTOR - Initialization of module TC_26_6_5_6 finished.
2026/Jun/29 06:32:48.755413 EXECUTOR - Initializing module TC_26_6_5_7.
2026/Jun/29 06:32:48.755419 EXECUTOR - Initialization of module TC_26_6_5_7 finished.
2026/Jun/29 06:32:48.755422 EXECUTOR - Initializing module TC_26_6_5_8.
2026/Jun/29 06:32:48.755427 EXECUTOR - Initialization of module TC_26_6_5_8 finished.
2026/Jun/29 06:32:48.755429 EXECUTOR - Initializing module TC_26_6_6_1.
2026/Jun/29 06:32:48.755435 EXECUTOR - Initialization of module TC_26_6_6_1 finished.
2026/Jun/29 06:32:48.755437 EXECUTOR - Initializing module TC_26_6_7_2.
2026/Jun/29 06:32:48.755443 EXECUTOR - Initialization of module TC_26_6_7_2 finished.
2026/Jun/29 06:32:48.755445 EXECUTOR - Initializing module TC_26_6_8_1.
2026/Jun/29 06:32:48.755451 EXECUTOR - Initialization of module TC_26_6_8_1 finished.
2026/Jun/29 06:32:48.755453 EXECUTOR - Initializing module TC_26_6_8_2.
2026/Jun/29 06:32:48.755459 EXECUTOR - Initialization of module TC_26_6_8_2 finished.
2026/Jun/29 06:32:48.755462 EXECUTOR - Initializing module TC_26_6_8_3.
2026/Jun/29 06:32:48.755468 EXECUTOR - Initialization of module TC_26_6_8_3 finished.
2026/Jun/29 06:32:48.755470 EXECUTOR - Initializing module TC_26_6_8_4.
2026/Jun/29 06:32:48.755476 EXECUTOR - Initialization of module TC_26_6_8_4 finished.
2026/Jun/29 06:32:48.755478 EXECUTOR - Initializing module TC_26_6_8_5.
2026/Jun/29 06:32:48.755484 EXECUTOR - Initialization of module TC_26_6_8_5 finished.
2026/Jun/29 06:32:48.755486 EXECUTOR - Initializing module TC_26_7_1.
2026/Jun/29 06:32:48.755492 EXECUTOR - Initialization of module TC_26_7_1 finished.
2026/Jun/29 06:32:48.755494 EXECUTOR - Initializing module TC_26_7_2_1.
2026/Jun/29 06:32:48.755501 EXECUTOR - Initialization of module TC_26_7_2_1 finished.
2026/Jun/29 06:32:48.755503 EXECUTOR - Initializing module TC_26_7_2_2.
2026/Jun/29 06:32:48.755509 EXECUTOR - Initialization of module TC_26_7_2_2 finished.
2026/Jun/29 06:32:48.755511 EXECUTOR - Initializing module TC_26_7_3_1.
2026/Jun/29 06:32:48.755517 EXECUTOR - Initialization of module TC_26_7_3_1 finished.
2026/Jun/29 06:32:48.755519 EXECUTOR - Initializing module TC_26_7_3_2.
2026/Jun/29 06:32:48.755525 EXECUTOR - Initialization of module TC_26_7_3_2 finished.
2026/Jun/29 06:32:48.755527 EXECUTOR - Initializing module TC_26_7_4_1.
2026/Jun/29 06:32:48.755533 EXECUTOR - Initialization of module TC_26_7_4_1 finished.
2026/Jun/29 06:32:48.755536 EXECUTOR - Initializing module TC_26_7_4_2_1.
2026/Jun/29 06:32:48.755542 EXECUTOR - Initialization of module TC_26_7_4_2_1 finished.
2026/Jun/29 06:32:48.755544 EXECUTOR - Initializing module TC_26_7_4_2_2_1.
2026/Jun/29 06:32:48.755550 EXECUTOR - Initialization of module TC_26_7_4_2_2_1 finished.
2026/Jun/29 06:32:48.755552 EXECUTOR - Initializing module TC_26_7_4_2_2_2.
2026/Jun/29 06:32:48.755559 EXECUTOR - Initialization of module TC_26_7_4_2_2_2 finished.
2026/Jun/29 06:32:48.755561 EXECUTOR - Initializing module TC_26_7_4_2_3.
2026/Jun/29 06:32:48.755567 EXECUTOR - Initialization of module TC_26_7_4_2_3 finished.
2026/Jun/29 06:32:48.755569 EXECUTOR - Initializing module TC_26_7_4_2_4_1.
2026/Jun/29 06:32:48.755575 EXECUTOR - Initialization of module TC_26_7_4_2_4_1 finished.
2026/Jun/29 06:32:48.755577 EXECUTOR - Initializing module TC_26_7_4_2_4_2.
2026/Jun/29 06:32:48.755583 EXECUTOR - Initialization of module TC_26_7_4_2_4_2 finished.
2026/Jun/29 06:32:48.755585 EXECUTOR - Initializing module TC_26_7_4_2_4_3.
2026/Jun/29 06:32:48.755591 EXECUTOR - Initialization of module TC_26_7_4_2_4_3 finished.
2026/Jun/29 06:32:48.755593 EXECUTOR - Initializing module TC_26_7_4_2_4_4.
2026/Jun/29 06:32:48.755600 EXECUTOR - Initialization of module TC_26_7_4_2_4_4 finished.
2026/Jun/29 06:32:48.755602 EXECUTOR - Initializing module TC_26_7_4_2_4_5.
2026/Jun/29 06:32:48.755611 EXECUTOR - Initialization of module TC_26_7_4_2_4_5 finished.
2026/Jun/29 06:32:48.755613 EXECUTOR - Initializing module TC_26_7_4_3_1.
2026/Jun/29 06:32:48.755618 EXECUTOR - Initialization of module TC_26_7_4_3_1 finished.
2026/Jun/29 06:32:48.755620 EXECUTOR - Initializing module TC_26_7_4_3_2.
2026/Jun/29 06:32:48.755626 EXECUTOR - Initialization of module TC_26_7_4_3_2 finished.
2026/Jun/29 06:32:48.755628 EXECUTOR - Initializing module TC_26_7_4_3_3.
2026/Jun/29 06:32:48.755634 EXECUTOR - Initialization of module TC_26_7_4_3_3 finished.
2026/Jun/29 06:32:48.755636 EXECUTOR - Initializing module TC_26_7_4_3_4.
2026/Jun/29 06:32:48.755642 EXECUTOR - Initialization of module TC_26_7_4_3_4 finished.
2026/Jun/29 06:32:48.755644 EXECUTOR - Initializing module TC_26_7_4_4.
2026/Jun/29 06:32:48.755649 EXECUTOR - Initialization of module TC_26_7_4_4 finished.
2026/Jun/29 06:32:48.755652 EXECUTOR - Initializing module TC_26_7_4_5_1.
2026/Jun/29 06:32:48.755657 EXECUTOR - Initialization of module TC_26_7_4_5_1 finished.
2026/Jun/29 06:32:48.755659 EXECUTOR - Initializing module TC_26_7_4_5_2.
2026/Jun/29 06:32:48.755665 EXECUTOR - Initialization of module TC_26_7_4_5_2 finished.
2026/Jun/29 06:32:48.755667 EXECUTOR - Initializing module TC_26_7_4_5_3.
2026/Jun/29 06:32:48.755672 EXECUTOR - Initialization of module TC_26_7_4_5_3 finished.
2026/Jun/29 06:32:48.755675 EXECUTOR - Initializing module TC_26_7_4_5_4_2.
2026/Jun/29 06:32:48.755680 EXECUTOR - Initialization of module TC_26_7_4_5_4_2 finished.
2026/Jun/29 06:32:48.755682 EXECUTOR - Initializing module TC_26_7_4_5_4_3.
2026/Jun/29 06:32:48.755688 EXECUTOR - Initialization of module TC_26_7_4_5_4_3 finished.
2026/Jun/29 06:32:48.755690 EXECUTOR - Initializing module TC_26_7_5_2.
2026/Jun/29 06:32:48.755696 EXECUTOR - Initialization of module TC_26_7_5_2 finished.
2026/Jun/29 06:32:48.755699 EXECUTOR - Initializing module TC_26_7_5_3.
2026/Jun/29 06:32:48.755704 EXECUTOR - Initialization of module TC_26_7_5_3 finished.
2026/Jun/29 06:32:48.755707 EXECUTOR - Initializing module TC_26_7_5_4.
2026/Jun/29 06:32:48.755712 EXECUTOR - Initialization of module TC_26_7_5_4 finished.
2026/Jun/29 06:32:48.755714 EXECUTOR - Initializing module TC_26_7_5_5.
2026/Jun/29 06:32:48.755720 EXECUTOR - Initialization of module TC_26_7_5_5 finished.
2026/Jun/29 06:32:48.755722 EXECUTOR - Initializing module TC_26_7_5_6.
2026/Jun/29 06:32:48.755729 EXECUTOR - Initialization of module TC_26_7_5_6 finished.
2026/Jun/29 06:32:48.755731 EXECUTOR - Initializing module TC_26_7_5_7_1.
2026/Jun/29 06:32:48.755736 EXECUTOR - Initialization of module TC_26_7_5_7_1 finished.
2026/Jun/29 06:32:48.755738 EXECUTOR - Initializing module TC_26_7_5_8_1.
2026/Jun/29 06:32:48.755744 EXECUTOR - Initialization of module TC_26_7_5_8_1 finished.
2026/Jun/29 06:32:48.755747 EXECUTOR - Initializing module TC_26_7_5_8_2.
2026/Jun/29 06:32:48.755752 EXECUTOR - Initialization of module TC_26_7_5_8_2 finished.
2026/Jun/29 06:32:48.755755 EXECUTOR - Initializing module TC_26_7_5_8_3.
2026/Jun/29 06:32:48.755760 EXECUTOR - Initialization of module TC_26_7_5_8_3 finished.
2026/Jun/29 06:32:48.755762 EXECUTOR - Initializing module TC_26_8_1_2_1_1.
2026/Jun/29 06:32:48.755768 EXECUTOR - Initialization of module TC_26_8_1_2_1_1 finished.
2026/Jun/29 06:32:48.755771 EXECUTOR - Initializing module TC_26_8_1_2_2_1.
2026/Jun/29 06:32:48.755776 EXECUTOR - Initialization of module TC_26_8_1_2_2_1 finished.
2026/Jun/29 06:32:48.755779 EXECUTOR - Initializing module TC_26_8_1_2_2_2.
2026/Jun/29 06:32:48.755785 EXECUTOR - Initialization of module TC_26_8_1_2_2_2 finished.
2026/Jun/29 06:32:48.755787 EXECUTOR - Initializing module TC_26_8_1_2_2_3.
2026/Jun/29 06:32:48.755792 EXECUTOR - Initialization of module TC_26_8_1_2_2_3 finished.
2026/Jun/29 06:32:48.755795 EXECUTOR - Initializing module TC_26_8_1_2_3_1.
2026/Jun/29 06:32:48.755801 EXECUTOR - Initialization of module TC_26_8_1_2_3_1 finished.
2026/Jun/29 06:32:48.755803 EXECUTOR - Initializing module TC_26_8_1_2_3_2.
2026/Jun/29 06:32:48.755809 EXECUTOR - Initialization of module TC_26_8_1_2_3_2 finished.
2026/Jun/29 06:32:48.755815 EXECUTOR - Initializing module TC_26_8_1_2_3_3.
2026/Jun/29 06:32:48.755826 EXECUTOR - Initialization of module TC_26_8_1_2_3_3 finished.
2026/Jun/29 06:32:48.755830 EXECUTOR - Initializing module TC_26_8_1_2_3_4.
2026/Jun/29 06:32:48.755837 EXECUTOR - Initialization of module TC_26_8_1_2_3_4 finished.
2026/Jun/29 06:32:48.755839 EXECUTOR - Initializing module TC_26_8_1_2_3_5.
2026/Jun/29 06:32:48.755845 EXECUTOR - Initialization of module TC_26_8_1_2_3_5 finished.
2026/Jun/29 06:32:48.755847 EXECUTOR - Initializing module TC_26_8_1_2_3_6.
2026/Jun/29 06:32:48.755853 EXECUTOR - Initialization of module TC_26_8_1_2_3_6 finished.
2026/Jun/29 06:32:48.755855 EXECUTOR - Initializing module TC_26_8_1_2_3_7.
2026/Jun/29 06:32:48.755861 EXECUTOR - Initialization of module TC_26_8_1_2_3_7 finished.
2026/Jun/29 06:32:48.755863 EXECUTOR - Initializing module TC_26_8_1_2_4_1.
2026/Jun/29 06:32:48.755869 EXECUTOR - Initialization of module TC_26_8_1_2_4_1 finished.
2026/Jun/29 06:32:48.755872 EXECUTOR - Initializing module TC_26_8_1_2_4_13.
2026/Jun/29 06:32:48.755878 EXECUTOR - Initialization of module TC_26_8_1_2_4_13 finished.
2026/Jun/29 06:32:48.755880 EXECUTOR - Initializing module TC_26_8_1_2_4_2.
2026/Jun/29 06:32:48.755886 EXECUTOR - Initialization of module TC_26_8_1_2_4_2 finished.
2026/Jun/29 06:32:48.755888 EXECUTOR - Initializing module TC_26_8_1_2_4_3.
2026/Jun/29 06:32:48.755895 EXECUTOR - Initialization of module TC_26_8_1_2_4_3 finished.
2026/Jun/29 06:32:48.755897 EXECUTOR - Initializing module TC_26_8_1_2_4_4.
2026/Jun/29 06:32:48.755903 EXECUTOR - Initialization of module TC_26_8_1_2_4_4 finished.
2026/Jun/29 06:32:48.755906 EXECUTOR - Initializing module TC_26_8_1_2_4_5.
2026/Jun/29 06:32:48.755912 EXECUTOR - Initialization of module TC_26_8_1_2_4_5 finished.
2026/Jun/29 06:32:48.755914 EXECUTOR - Initializing module TC_26_8_1_2_5_7.
2026/Jun/29 06:32:48.755920 EXECUTOR - Initialization of module TC_26_8_1_2_5_7 finished.
2026/Jun/29 06:32:48.755922 EXECUTOR - Initializing module TC_26_8_1_2_6_1.
2026/Jun/29 06:32:48.755928 EXECUTOR - Initialization of module TC_26_8_1_2_6_1 finished.
2026/Jun/29 06:32:48.755930 EXECUTOR - Initializing module TC_26_8_1_2_6_2.
2026/Jun/29 06:32:48.755937 EXECUTOR - Initialization of module TC_26_8_1_2_6_2 finished.
2026/Jun/29 06:32:48.755939 EXECUTOR - Initializing module TC_26_8_1_2_6_3.
2026/Jun/29 06:32:48.755944 EXECUTOR - Initialization of module TC_26_8_1_2_6_3 finished.
2026/Jun/29 06:32:48.755947 EXECUTOR - Initializing module TC_26_8_1_2_6_5.
2026/Jun/29 06:32:48.755953 EXECUTOR - Initialization of module TC_26_8_1_2_6_5 finished.
2026/Jun/29 06:32:48.755955 EXECUTOR - Initializing module TC_26_8_1_2_6_6.
2026/Jun/29 06:32:48.755961 EXECUTOR - Initialization of module TC_26_8_1_2_6_6 finished.
2026/Jun/29 06:32:48.755963 EXECUTOR - Initializing module TC_26_8_1_2_7_3.
2026/Jun/29 06:32:48.755969 EXECUTOR - Initialization of module TC_26_8_1_2_7_3 finished.
2026/Jun/29 06:32:48.755971 EXECUTOR - Initializing module TC_26_8_1_2_7_4.
2026/Jun/29 06:32:48.755978 EXECUTOR - Initialization of module TC_26_8_1_2_7_4 finished.
2026/Jun/29 06:32:48.755980 EXECUTOR - Initializing module TC_26_8_1_2_8_3.
2026/Jun/29 06:32:48.755986 EXECUTOR - Initialization of module TC_26_8_1_2_8_3 finished.
2026/Jun/29 06:32:48.755989 EXECUTOR - Initializing module TC_26_8_1_2_9_2.
2026/Jun/29 06:32:48.755995 EXECUTOR - Initialization of module TC_26_8_1_2_9_2 finished.
2026/Jun/29 06:32:48.755997 EXECUTOR - Initializing module TC_26_8_1_2_9_4.
2026/Jun/29 06:32:48.756002 EXECUTOR - Initialization of module TC_26_8_1_2_9_4 finished.
2026/Jun/29 06:32:48.756005 EXECUTOR - Initializing module TC_26_8_1_2_9_5.
2026/Jun/29 06:32:48.756010 EXECUTOR - Initialization of module TC_26_8_1_2_9_5 finished.
2026/Jun/29 06:32:48.756013 EXECUTOR - Initializing module TC_26_8_1_3_1_1.
2026/Jun/29 06:32:48.756018 EXECUTOR - Initialization of module TC_26_8_1_3_1_1 finished.
2026/Jun/29 06:32:48.756020 EXECUTOR - Initializing module TC_26_8_1_3_2_1.
2026/Jun/29 06:32:48.756031 EXECUTOR - Initialization of module TC_26_8_1_3_2_1 finished.
2026/Jun/29 06:32:48.756033 EXECUTOR - Initializing module TC_26_8_1_3_3_1.
2026/Jun/29 06:32:48.756039 EXECUTOR - Initialization of module TC_26_8_1_3_3_1 finished.
2026/Jun/29 06:32:48.756041 EXECUTOR - Initializing module TC_26_8_1_3_3_2.
2026/Jun/29 06:32:48.756047 EXECUTOR - Initialization of module TC_26_8_1_3_3_2 finished.
2026/Jun/29 06:32:48.756050 EXECUTOR - Initializing module TC_26_8_1_3_3_3.
2026/Jun/29 06:32:48.756056 EXECUTOR - Initialization of module TC_26_8_1_3_3_3 finished.
2026/Jun/29 06:32:48.756058 EXECUTOR - Initializing module TC_26_8_1_3_3_4.
2026/Jun/29 06:32:48.756064 EXECUTOR - Initialization of module TC_26_8_1_3_3_4 finished.
2026/Jun/29 06:32:48.756067 EXECUTOR - Initializing module TC_26_8_1_3_3_5.
2026/Jun/29 06:32:48.756073 EXECUTOR - Initialization of module TC_26_8_1_3_3_5 finished.
2026/Jun/29 06:32:48.756075 EXECUTOR - Initializing module TC_26_8_1_3_3_6.
2026/Jun/29 06:32:48.756082 EXECUTOR - Initialization of module TC_26_8_1_3_3_6 finished.
2026/Jun/29 06:32:48.756084 EXECUTOR - Initializing module TC_26_8_1_3_3_7.
2026/Jun/29 06:32:48.756090 EXECUTOR - Initialization of module TC_26_8_1_3_3_7 finished.
2026/Jun/29 06:32:48.756092 EXECUTOR - Initializing module TC_26_8_1_3_4_1.
2026/Jun/29 06:32:48.756099 EXECUTOR - Initialization of module TC_26_8_1_3_4_1 finished.
2026/Jun/29 06:32:48.756101 EXECUTOR - Initializing module TC_26_8_1_3_4_2.
2026/Jun/29 06:32:48.756106 EXECUTOR - Initialization of module TC_26_8_1_3_4_2 finished.
2026/Jun/29 06:32:48.756108 EXECUTOR - Initializing module TC_26_8_1_3_4_3.
2026/Jun/29 06:32:48.756115 EXECUTOR - Initialization of module TC_26_8_1_3_4_3 finished.
2026/Jun/29 06:32:48.756117 EXECUTOR - Initializing module TC_26_8_1_3_4_4.
2026/Jun/29 06:32:48.756123 EXECUTOR - Initialization of module TC_26_8_1_3_4_4 finished.
2026/Jun/29 06:32:48.756125 EXECUTOR - Initializing module TC_26_8_1_3_4_5.
2026/Jun/29 06:32:48.756131 EXECUTOR - Initialization of module TC_26_8_1_3_4_5 finished.
2026/Jun/29 06:32:48.756133 EXECUTOR - Initializing module TC_26_8_1_3_4_6.
2026/Jun/29 06:32:48.756139 EXECUTOR - Initialization of module TC_26_8_1_3_4_6 finished.
2026/Jun/29 06:32:48.756142 EXECUTOR - Initializing module TC_26_8_1_3_4_7.
2026/Jun/29 06:32:48.756147 EXECUTOR - Initialization of module TC_26_8_1_3_4_7 finished.
2026/Jun/29 06:32:48.756150 EXECUTOR - Initializing module TC_26_8_1_3_4_8.
2026/Jun/29 06:32:48.756156 EXECUTOR - Initialization of module TC_26_8_1_3_4_8 finished.
2026/Jun/29 06:32:48.756158 EXECUTOR - Initializing module TC_26_8_1_3_5_1.
2026/Jun/29 06:32:48.756164 EXECUTOR - Initialization of module TC_26_8_1_3_5_1 finished.
2026/Jun/29 06:32:48.756167 EXECUTOR - Initializing module TC_26_8_1_3_5_2.
2026/Jun/29 06:32:48.756173 EXECUTOR - Initialization of module TC_26_8_1_3_5_2 finished.
2026/Jun/29 06:32:48.756175 EXECUTOR - Initializing module TC_26_8_1_3_5_3.
2026/Jun/29 06:32:48.756181 EXECUTOR - Initialization of module TC_26_8_1_3_5_3 finished.
2026/Jun/29 06:32:48.756183 EXECUTOR - Initializing module TC_26_8_1_3_5_4.
2026/Jun/29 06:32:48.756189 EXECUTOR - Initialization of module TC_26_8_1_3_5_4 finished.
2026/Jun/29 06:32:48.756191 EXECUTOR - Initializing module TC_26_8_1_3_5_5.
2026/Jun/29 06:32:48.756197 EXECUTOR - Initialization of module TC_26_8_1_3_5_5 finished.
2026/Jun/29 06:32:48.756199 EXECUTOR - Initializing module TC_26_8_1_3_5_6.
2026/Jun/29 06:32:48.756205 EXECUTOR - Initialization of module TC_26_8_1_3_5_6 finished.
2026/Jun/29 06:32:48.756207 EXECUTOR - Initializing module TC_26_8_1_3_5_7.
2026/Jun/29 06:32:48.756213 EXECUTOR - Initialization of module TC_26_8_1_3_5_7 finished.
2026/Jun/29 06:32:48.756215 EXECUTOR - Initializing module TC_26_8_1_3_5_8.
2026/Jun/29 06:32:48.756222 EXECUTOR - Initialization of module TC_26_8_1_3_5_8 finished.
2026/Jun/29 06:32:48.756224 EXECUTOR - Initializing module TC_26_8_1_3_5_9.
2026/Jun/29 06:32:48.756230 EXECUTOR - Initialization of module TC_26_8_1_3_5_9 finished.
2026/Jun/29 06:32:48.756232 EXECUTOR - Initializing module TC_26_8_1_4_3_1.
2026/Jun/29 06:32:48.756241 EXECUTOR - Initialization of module TC_26_8_1_4_3_1 finished.
2026/Jun/29 06:32:48.756244 EXECUTOR - Initializing module TC_26_8_1_4_3_2.
2026/Jun/29 06:32:48.756249 EXECUTOR - Initialization of module TC_26_8_1_4_3_2 finished.
2026/Jun/29 06:32:48.756252 EXECUTOR - Initializing module TC_26_8_1_4_5_6.
2026/Jun/29 06:32:48.756258 EXECUTOR - Initialization of module TC_26_8_1_4_5_6 finished.
2026/Jun/29 06:32:48.756260 EXECUTOR - Initializing module TC_26_8_2_1.
2026/Jun/29 06:32:48.756267 EXECUTOR - Initialization of module TC_26_8_2_1 finished.
2026/Jun/29 06:32:48.756269 EXECUTOR - Initializing module TC_26_8_2_2.
2026/Jun/29 06:32:48.756275 EXECUTOR - Initialization of module TC_26_8_2_2 finished.
2026/Jun/29 06:32:48.756277 EXECUTOR - Initializing module TC_26_8_2_3.
2026/Jun/29 06:32:48.756283 EXECUTOR - Initialization of module TC_26_8_2_3 finished.
2026/Jun/29 06:32:48.756285 EXECUTOR - Initializing module TC_26_8_3.
2026/Jun/29 06:32:48.756291 EXECUTOR - Initialization of module TC_26_8_3 finished.
2026/Jun/29 06:32:48.756294 EXECUTOR - Initializing module TC_34_2_2.
2026/Jun/29 06:32:48.756300 EXECUTOR - Initialization of module TC_34_2_2 finished.
2026/Jun/29 06:32:48.756302 EXECUTOR - Initializing module TitanLoggerApi.
2026/Jun/29 06:32:48.756304 EXECUTOR - Initialization of module TitanLoggerApi finished.
2026/Jun/29 06:32:48.756306 EXECUTOR - Initializing module TitanLoggerControl.
2026/Jun/29 06:32:48.756309 EXECUTOR - Initialization of module TitanLoggerControl finished.
2026/Jun/29 06:32:48.756321 EXECUTOR - Configuration data was processed successfully.
2026/Jun/29 06:32:48.762450 EXECUTOR - MTC was created. Process id: 39.
2026/Jun/29 06:34:01.177056 EXECUTOR - Exit was requested from MC. Terminating HC.
2026/Jun/29 06:34:01.177174 EXECUTOR - Disconnected from MC.
2026/Jun/29 06:34:01.177199 EXECUTOR - TTCN-3 Host Controller finished.
2026/Jun/29 06:32:48.763363 EXECUTOR - TTCN-3 Main Test Component started on ttcn3-tc-26-6-5-2-4-1-2c6jx. Version: 11.1.0.
2026/Jun/29 06:32:48.763510 EXECUTOR - TTCN Logger v2.2 options: TimeStampFormat:=DateTime; LogEntityName:=No; LogEventTypes:=Yes; SourceInfoFormat:=Single; LogSensitiveData:=No; *.FileMask:=LOG_ALL; *.ConsoleMask:=ERROR | TESTCASE | USER | VERDICTOP | WARNING; LogFileSize:=0; LogFileNumber:=1; DiskFullAction:=Error
2026/Jun/29 06:32:48.763579 EXECUTOR - Connected to MC.
2026/Jun/29 06:32:48.763739 EXECUTOR - Executing test case TC_26_6_5_2_4 in module TC_26_6_5_2_4.
2026/Jun/29 06:32:48.763995 TESTCASE TC_26_6_5_2_4.ttcn3:60 Test case TC_26_6_5_2_4 started.
2026/Jun/29 06:32:48.764072 PARALLEL TC_26_6_5_2_4.ttcn3:60 Initializing variables, timers and ports of component type GSM_Component_Definitions.GSM_CT inside testcase TC_26_6_5_2_4.
2026/Jun/29 06:32:48.764330 USER TC_26_6_5_2_4.ttcn3:60 MSC_Port: set_parameter msc_stub_host = 10.42.0.186
2026/Jun/29 06:32:48.764383 USER TC_26_6_5_2_4.ttcn3:60 MSC_Port: set_parameter msc_stub_port = 5000
2026/Jun/29 06:32:48.764435 USER TC_26_6_5_2_4.ttcn3:60 L3_Port: set_parameter gsmtap_host = 127.0.0.1
2026/Jun/29 06:32:48.764451 USER TC_26_6_5_2_4.ttcn3:60 L3_Port: set_parameter gsmtap_port = 4729
2026/Jun/29 06:32:48.764459 USER TC_26_6_5_2_4.ttcn3:60 L3_Port: set_parameter local_port = 4729
2026/Jun/29 06:32:48.764464 USER TC_26_6_5_2_4.ttcn3:60 L3_Port: set_parameter ul_multicast_group = 239.193.23.2
2026/Jun/29 06:32:48.764468 USER TC_26_6_5_2_4.ttcn3:60 L3_Port: Will join UL multicast group 239.193.23.2 for RACH capture
2026/Jun/29 06:32:48.764473 USER TC_26_6_5_2_4.ttcn3:60 L3_Port: set_parameter arfcn = 51
2026/Jun/29 06:32:48.764522 USER TC_26_6_5_2_4.ttcn3:60 L3_Port: user_start called
2026/Jun/29 06:32:48.764533 PORTEVENT TC_26_6_5_2_4.ttcn3:60 Port L was started.
2026/Jun/29 06:32:48.764602 PORTEVENT TC_26_6_5_2_4.ttcn3:60 Port RR was started.
2026/Jun/29 06:32:48.764608 PORTEVENT TC_26_6_5_2_4.ttcn3:60 Port MM was started.
2026/Jun/29 06:32:48.764613 PORTEVENT TC_26_6_5_2_4.ttcn3:60 Port CC was started.
2026/Jun/29 06:32:48.764616 USER TC_26_6_5_2_4.ttcn3:60 MSC_Port: user_start called
2026/Jun/29 06:32:48.764625 PORTEVENT TC_26_6_5_2_4.ttcn3:60 Port MSC was started.
2026/Jun/29 06:32:48.764629 PORTEVENT TC_26_6_5_2_4.ttcn3:60 Port BSC was started.
2026/Jun/29 06:32:48.764631 PORTEVENT TC_26_6_5_2_4.ttcn3:60 Port RSL was started.
2026/Jun/29 06:32:48.764639 USER TC_26_6_5_2_4.ttcn3:60 VTY_PT: Starting
2026/Jun/29 06:32:48.764643 PORTEVENT TC_26_6_5_2_4.ttcn3:60 Port VTY was started.
2026/Jun/29 06:32:48.764648 PORTEVENT TC_26_6_5_2_4.ttcn3:60 Port COORD was started.
2026/Jun/29 06:32:48.764651 PARALLEL TC_26_6_5_2_4.ttcn3:60 Component type GSM_Component_Definitions.GSM_CT was initialized.
2026/Jun/29 06:32:48.764691 PARALLEL TC_26_6_5_2_4.ttcn3:87 Mapping port mtc:BSC to system:BSC.
2026/Jun/29 06:32:48.764752 USER TC_26_6_5_2_4.ttcn3:87 BSC_Port: Mapping to 10.42.0.190:5001
2026/Jun/29 06:32:48.765412 WARNING TC_26_6_5_2_4.ttcn3:87 Warning: The maximum number of open file descriptors (1048576) is greater than FD_SETSIZE (1024). Ensure that Test Ports using Install_Handler do not try to wait for events of file descriptors with values greater than FD_SETSIZE (1024). (Current caller of Install_Handler is "BSC")
2026/Jun/29 06:32:48.765472 USER TC_26_6_5_2_4.ttcn3:87 BSC_Port: Registered socket for async events
2026/Jun/29 06:32:48.765479 USER TC_26_6_5_2_4.ttcn3:87 BSC_Port: Connected successfully
2026/Jun/29 06:32:48.765489 PORTEVENT TC_26_6_5_2_4.ttcn3:87 Port BSC was mapped to system:BSC.
2026/Jun/29 06:32:48.765585 PARALLEL TC_26_6_5_2_4.ttcn3:87 Map operation of mtc:BSC to system:BSC finished.
2026/Jun/29 06:32:48.765624 PARALLEL TC_26_6_5_2_4.ttcn3:88 Mapping port mtc:MSC to system:MSC.
2026/Jun/29 06:32:48.765647 USER TC_26_6_5_2_4.ttcn3:88 MSC_Port: Mapping to MSC
2026/Jun/29 06:32:48.766011 USER TC_26_6_5_2_4.ttcn3:88 MSC_Port: Registered socket for async events
2026/Jun/29 06:32:48.766029 USER TC_26_6_5_2_4.ttcn3:88 MSC_Port: Connected to MSC stub at 10.42.0.186:5000
2026/Jun/29 06:32:48.766042 PORTEVENT TC_26_6_5_2_4.ttcn3:88 Port MSC was mapped to system:MSC.
2026/Jun/29 06:32:48.766118 USER TC_26_6_5_2_4.ttcn3:88 BSC_Port: RX: {"event": "WELCOME", "data": {"status": "connected"}}
2026/Jun/29 06:32:48.766168 PORTEVENT TC_26_6_5_2_4.ttcn3:88 Message enqueued on BSC from system charstring : "{\"event\": \"WELCOME\", \"data\": {\"status\": \"connected\"}}" id 1
2026/Jun/29 06:32:48.766213 PARALLEL TC_26_6_5_2_4.ttcn3:88 Map operation of mtc:MSC to system:MSC finished.
2026/Jun/29 06:32:48.766221 PARALLEL TC_26_6_5_2_4.ttcn3:89 Mapping port mtc:L to system:L.
2026/Jun/29 06:32:48.766314 USER TC_26_6_5_2_4.ttcn3:89 L3_Port: Mapping to L
2026/Jun/29 06:32:48.766382 USER TC_26_6_5_2_4.ttcn3:89 L3_Port: Joined UL multicast group 239.193.23.2 for RACH capture
2026/Jun/29 06:32:48.766392 USER TC_26_6_5_2_4.ttcn3:89 L3_Port: GSMTAP listening on port 4729
2026/Jun/29 06:32:48.766396 USER TC_26_6_5_2_4.ttcn3:89 L3_Port: Mapped successfully (GSMTAP: 127.0.0.1:4729)
2026/Jun/29 06:32:48.766406 PORTEVENT TC_26_6_5_2_4.ttcn3:89 Port L was mapped to system:L.
2026/Jun/29 06:32:48.766435 USER TC_26_6_5_2_4.ttcn3:89 MSC_Port: RX: {"type": "WELCOME", "status": "connected"}
2026/Jun/29 06:32:48.766455 PORTEVENT TC_26_6_5_2_4.ttcn3:89 Message enqueued on MSC from system charstring : "{\"type\": \"WELCOME\", \"status\": \"connected\"}" id 1
2026/Jun/29 06:32:48.766489 PARALLEL TC_26_6_5_2_4.ttcn3:89 Map operation of mtc:L to system:L finished.
2026/Jun/29 06:32:48.766496 PARALLEL TC_26_6_5_2_4.ttcn3:90 Mapping port mtc:VTY to system:VTY.
2026/Jun/29 06:32:48.766517 USER TC_26_6_5_2_4.ttcn3:90 VTY_PT: Mapping port to VTY interface
2026/Jun/29 06:32:48.766878 USER TC_26_6_5_2_4.ttcn3:90 VTY_PT: Connected to VTY at 10.43.134.210:4247
2026/Jun/29 06:32:49.267141 USER TC_26_6_5_2_4.ttcn3:90 VTY_PT: Initial banner received
2026/Jun/29 06:32:49.267209 PORTEVENT TC_26_6_5_2_4.ttcn3:90 Port VTY was mapped to system:VTY.
2026/Jun/29 06:32:49.267264 USER TC_26_6_5_2_4.ttcn3:90 BSC_Port: RX: {"event": "BTS_CONNECTED", "data": {"unit_id": "4242/0/0"}}
2026/Jun/29 06:32:49.267279 PORTEVENT TC_26_6_5_2_4.ttcn3:90 Message enqueued on BSC from system charstring : "{\"event\": \"BTS_CONNECTED\", \"data\": {\"unit_id\": \"4242/0/0\"}}" id 2
2026/Jun/29 06:32:49.267287 USER TC_26_6_5_2_4.ttcn3:90 BSC_Port: RX: {"event": "BTS_READY", "data": {"unit_id": "4242/0/0"}}
2026/Jun/29 06:32:49.267294 PORTEVENT TC_26_6_5_2_4.ttcn3:90 Message enqueued on BSC from system charstring : "{\"event\": \"BTS_READY\", \"data\": {\"unit_id\": \"4242/0/0\"}}" id 3
2026/Jun/29 06:32:49.267298 USER TC_26_6_5_2_4.ttcn3:90 BSC_Port: RX: {"event": "BTS_CONNECTED", "data": {"unit_id": "4248/0/0"}}
2026/Jun/29 06:32:49.267311 PORTEVENT TC_26_6_5_2_4.ttcn3:90 Message enqueued on BSC from system charstring : "{\"event\": \"BTS_CONNECTED\", \"data\": {\"unit_id\": \"4248/0/0\"}}" id 4
2026/Jun/29 06:32:49.267315 USER TC_26_6_5_2_4.ttcn3:90 BSC_Port: RX: {"event": "BTS_READY", "data": {"unit_id": "4248/0/0"}}
2026/Jun/29 06:32:49.267325 PORTEVENT TC_26_6_5_2_4.ttcn3:90 Message enqueued on BSC from system charstring : "{\"event\": \"BTS_READY\", \"data\": {\"unit_id\": \"4248/0/0\"}}" id 5
2026/Jun/29 06:32:49.267329 USER TC_26_6_5_2_4.ttcn3:90 BSC_Port: RX: {"event": "CHAN_RQD", "data": {"ra": 10, "frame_number": 416, "frame_number_encoded": 512, "unit_id": "4242/0/0"}}
2026/Jun/29 06:32:49.267340 PORTEVENT TC_26_6_5_2_4.ttcn3:90 Message enqueued on BSC from system charstring : "{\"event\": \"CHAN_RQD\", \"data\": {\"ra\": 10, \"frame_number\": 416, \"frame_number_encoded\": 512, \"unit_id\": \"4242/0/0\"}}" id 6
2026/Jun/29 06:32:49.267345 USER TC_26_6_5_2_4.ttcn3:90 BSC_Port: RX: {"event": "CHAN_RQD", "data": {"ra": 13, "frame_number": 790, "frame_number_encoded": 970, "unit_id": "4242/0/0"}}
2026/Jun/29 06:32:49.267359 PORTEVENT TC_26_6_5_2_4.ttcn3:90 Message enqueued on BSC from system charstring : "{\"event\": \"CHAN_RQD\", \"data\": {\"ra\": 13, \"frame_number\": 790, \"frame_number_encoded\": 970, \"unit_id\": \"4242/0/0\"}}" id 7
2026/Jun/29 06:32:49.267371 USER TC_26_6_5_2_4.ttcn3:90 BSC_Port: RX: {"event": "CHAN_RQD", "data": {"ra": 11, "frame_number": 731, "frame_number_encoded": 899, "unit_id": "4242/0/0"}}
2026/Jun/29 06:32:49.267382 PORTEVENT TC_26_6_5_2_4.ttcn3:90 Message enqueued on BSC from system charstring : "{\"event\": \"CHAN_RQD\", \"data\": {\"ra\": 11, \"frame_number\": 731, \"frame_number_encoded\": 899, \"unit_id\": \"4242/0/0\"}}" id 8
2026/Jun/29 06:32:49.267386 USER TC_26_6_5_2_4.ttcn3:90 BSC_Port: RX: {"event": "CHAN_RQD", "data": {"ra": 6, "frame_number": 1943, "frame_number_encoded": 2803, "unit_id": "4242/0/0"}}
2026/Jun/29 06:32:49.267397 PORTEVENT TC_26_6_5_2_4.ttcn3:90 Message enqueued on BSC from system charstring : "{\"event\": \"CHAN_RQD\", \"data\": {\"ra\": 6, \"frame_number\": 1943, \"frame_number_encoded\": 2803, \"unit_id\": \"4242/0/0\"}}" id 9
2026/Jun/29 06:32:49.267401 USER TC_26_6_5_2_4.ttcn3:90 BSC_Port: RX: {"event": "CHAN_RQD", "data": {"ra": 3, "frame_number": 1857, "frame_number_encoded": 2699, "unit_id": "4242/0/0"}}
2026/Jun/29 06:32:49.267411 PORTEVENT TC_26_6_5_2_4.ttcn3:90 Message enqueued on BSC from system charstring : "{\"event\": \"CHAN_RQD\", \"data\": {\"ra\": 3, \"frame_number\": 1857, \"frame_number_encoded\": 2699, \"unit_id\": \"4242/0/0\"}}" id 10
2026/Jun/29 06:32:49.267415 USER TC_26_6_5_2_4.ttcn3:90 BSC_Port: RX: {"event": "CHAN_RQD", "data": {"ra": 2, "frame_number": 2068, "frame_number_encoded": 2958, "unit_id": "4242/0/0"}}
2026/Jun/29 06:32:49.267432 PORTEVENT TC_26_6_5_2_4.ttcn3:90 Message enqueued on BSC from system charstring : "{\"event\": \"CHAN_RQD\", \"data\": {\"ra\": 2, \"frame_number\": 2068, \"frame_number_encoded\": 2958, \"unit_id\": \"4242/0/0\"}}" id 11
2026/Jun/29 06:32:49.267436 USER TC_26_6_5_2_4.ttcn3:90 BSC_Port: RX: {"event": "CHAN_RQD", "data": {"ra": 9, "frame_number": 2036, "frame_number_encoded": 2920, "unit_id": "4242/0/0"}}
2026/Jun/29 06:32:49.267444 PORTEVENT TC_26_6_5_2_4.ttcn3:90 Message enqueued on BSC from system charstring : "{\"event\": \"CHAN_RQD\", \"data\": {\"ra\": 9, \"frame_number\": 2036, \"frame_number_encoded\": 2920, \"unit_id\": \"4242/0/0\"}}" id 12
2026/Jun/29 06:32:49.267448 USER TC_26_6_5_2_4.ttcn3:90 BSC_Port: RX: {"event": "CHAN_RQD", "data": {"ra": 14, "frame_number": 1977, "frame_number_encoded": 2849, "unit_id": "4242/0/0"}}
2026/Jun/29 06:32:49.267459 PORTEVENT TC_26_6_5_2_4.ttcn3:90 Message enqueued on BSC from system charstring : "{\"event\": \"CHAN_RQD\", \"data\": {\"ra\": 14, \"frame_number\": 1977, \"frame_number_encoded\": 2849, \"unit_id\": \"4242/0/0\"}}" id 13
2026/Jun/29 06:32:49.267463 USER TC_26_6_5_2_4.ttcn3:90 BSC_Port: RX: {"event": "CHAN_RQD", "data": {"ra": 10, "frame_number": 7299, "frame_number_encoded": 11059, "unit_id": "4242/0/0"}}
2026/Jun/29 06:32:49.267473 PORTEVENT TC_26_6_5_2_4.ttcn3:90 Message enqueued on BSC from system charstring : "{\"event\": \"CHAN_RQD\", \"data\": {\"ra\": 10, \"frame_number\": 7299, \"frame_number_encoded\": 11059, \"unit_id\": \"4242/0/0\"}}" id 14
2026/Jun/29 06:32:49.267477 USER TC_26_6_5_2_4.ttcn3:90 BSC_Port: RX: {"event": "CHAN_RQD", "data": {"ra": 4, "frame_number": 7321, "frame_number_encoded": 11087, "unit_id": "4242/0/0"}}
2026/Jun/29 06:32:49.267488 PORTEVENT TC_26_6_5_2_4.ttcn3:90 Message enqueued on BSC from system charstring : "{\"event\": \"CHAN_RQD\", \"data\": {\"ra\": 4, \"frame_number\": 7321, \"frame_number_encoded\": 11087, \"unit_id\": \"4242/0/0\"}}" id 15
2026/Jun/29 06:32:49.267492 USER TC_26_6_5_2_4.ttcn3:90 BSC_Port: RX: {"event": "CHAN_RQD", "data": {"ra": 14, "frame_number": 7181, "frame_number_encoded": 10917, "unit_id": "4242/0/0"}}
2026/Jun/29 06:32:49.267499 PORTEVENT TC_26_6_5_2_4.ttcn3:90 Message enqueued on BSC from system charstring : "{\"event\": \"CHAN_RQD\", \"data\": {\"ra\": 14, \"frame_number\": 7181, \"frame_number_encoded\": 10917, \"unit_id\": \"4242/0/0\"}}" id 16
2026/Jun/29 06:32:49.267502 USER TC_26_6_5_2_4.ttcn3:90 BSC_Port: RX: {"event": "CHAN_RQD", "data": {"ra": 3, "frame_number": 7176, "frame_number_encoded": 10912, "unit_id": "4242/0/0"}}
2026/Jun/29 06:32:49.267517 PORTEVENT TC_26_6_5_2_4.ttcn3:90 Message enqueued on BSC from system charstring : "{\"event\": \"CHAN_RQD\", \"data\": {\"ra\": 3, \"frame_number\": 7176, \"frame_number_encoded\": 10912, \"unit_id\": \"4242/0/0\"}}" id 17
2026/Jun/29 06:32:49.267521 USER TC_26_6_5_2_4.ttcn3:90 BSC_Port: RX: {"event": "CHAN_RQD", "data": {"ra": 3, "frame_number": 8496, "frame_number_encoded": 12948, "unit_id": "4242/0/0"}}
2026/Jun/29 06:32:49.267531 PORTEVENT TC_26_6_5_2_4.ttcn3:90 Message enqueued on BSC from system charstring : "{\"event\": \"CHAN_RQD\", \"data\": {\"ra\": 3, \"frame_number\": 8496, \"frame_number_encoded\": 12948, \"unit_id\": \"4242/0/0\"}}" id 18
2026/Jun/29 06:32:49.267535 USER TC_26_6_5_2_4.ttcn3:90 BSC_Port: RX: {"event": "CHAN_RQD", "data": {"ra": 8, "frame_number": 8518, "frame_number_encoded": 12976, "unit_id": "4242/0/0"}}
2026/Jun/29 06:32:49.267545 PORTEVENT TC_26_6_5_2_4.ttcn3:90 Message enqueued on BSC from system charstring : "{\"event\": \"CHAN_RQD\", \"data\": {\"ra\": 8, \"frame_number\": 8518, \"frame_number_encoded\": 12976, \"unit_id\": \"4242/0/0\"}}" id 19
2026/Jun/29 06:32:49.267549 USER TC_26_6_5_2_4.ttcn3:90 BSC_Port: RX: {"event": "CHAN_RQD", "data": {"ra": 1, "frame_number": 8675, "frame_number_encoded": 13169, "unit_id": "4242/0/0"}}
2026/Jun/29 06:32:49.267558 PORTEVENT TC_26_6_5_2_4.ttcn3:90 Message enqueued on BSC from system charstring : "{\"event\": \"CHAN_RQD\", \"data\": {\"ra\": 1, \"frame_number\": 8675, \"frame_number_encoded\": 13169, \"unit_id\": \"4242/0/0\"}}" id 20
2026/Jun/29 06:32:49.267562 USER TC_26_6_5_2_4.ttcn3:90 BSC_Port: RX: {"event": "CHAN_RQD", "data": {"ra": 6, "frame_number": 8643, "frame_number_encoded": 13131, "unit_id": "4242/0/0"}}
2026/Jun/29 06:32:49.267570 PORTEVENT TC_26_6_5_2_4.ttcn3:90 Message enqueued on BSC from system charstring : "{\"event\": \"CHAN_RQD\", \"data\": {\"ra\": 6, \"frame_number\": 8643, \"frame_number_encoded\": 13131, \"unit_id\": \"4242/0/0\"}}" id 21
2026/Jun/29 06:32:49.267573 USER TC_26_6_5_2_4.ttcn3:90 BSC_Port: RX: {"event": "CHAN_RQD", "data": {"ra": 0, "frame_number": 12532, "frame_number_encoded": 19168, "unit_id": "4242/0/0"}}
2026/Jun/29 06:32:49.267584 PORTEVENT TC_26_6_5_2_4.ttcn3:90 Message enqueued on BSC from system charstring : "{\"event\": \"CHAN_RQD\", \"data\": {\"ra\": 0, \"frame_number\": 12532, \"frame_number_encoded\": 19168, \"unit_id\": \"4242/0/0\"}}" id 22
2026/Jun/29 06:32:49.267588 USER TC_26_6_5_2_4.ttcn3:90 BSC_Port: RX: {"event": "CHAN_RQD", "data": {"ra": 8, "frame_number": 14015, "frame_number_encoded": 21409, "unit_id": "4242/0/0"}}
2026/Jun/29 06:32:49.267598 PORTEVENT TC_26_6_5_2_4.ttcn3:90 Message enqueued on BSC from system charstring : "{\"event\": \"CHAN_RQD\", \"data\": {\"ra\": 8, \"frame_number\": 14015, \"frame_number_encoded\": 21409, \"unit_id\": \"4242/0/0\"}}" id 23
2026/Jun/29 06:32:49.267602 USER TC_26_6_5_2_4.ttcn3:90 BSC_Port: RX: {"event": "CHAN_RQD", "data": {"ra": 6, "frame_number": 13901, "frame_number_encoded": 21265, "unit_id": "4242/0/0"}}
2026/Jun/29 06:32:49.267609 PORTEVENT TC_26_6_5_2_4.ttcn3:90 Message enqueued on BSC from system charstring : "{\"event\": \"CHAN_RQD\", \"data\": {\"ra\": 6, \"frame_number\": 13901, \"frame_number_encoded\": 21265, \"unit_id\": \"4242/0/0\"}}" id 24
2026/Jun/29 06:32:49.267613 USER TC_26_6_5_2_4.ttcn3:90 BSC_Port: RX: {"event": "CHAN_RQD", "data": {"ra": 3, "frame_number": 13869, "frame_number_encoded": 21227, "unit_id": "4242/0/0"}}
2026/Jun/29 06:32:49.267620 PORTEVENT TC_26_6_5_2_4.ttcn3:90 Message enqueued on BSC from system charstring : "{\"event\": \"CHAN_RQD\", \"data\": {\"ra\": 3, \"frame_number\": 13869, \"frame_number_encoded\": 21227, \"unit_id\": \"4242/0/0\"}}" id 25
2026/Jun/29 06:32:49.267624 USER TC_26_6_5_2_4.ttcn3:90 BSC_Port: RX: {"event": "CHAN_RQD", "data": {"ra": 7, "frame_number": 13783, "frame_number_encoded": 21123, "unit_id": "4242/0/0"}}
2026/Jun/29 06:32:49.267634 PORTEVENT TC_26_6_5_2_4.ttcn3:90 Message enqueued on BSC from system charstring : "{\"event\": \"CHAN_RQD\", \"data\": {\"ra\": 7, \"frame_number\": 13783, \"frame_number_encoded\": 21123, \"unit_id\": \"4242/0/0\"}}" id 26
2026/Jun/29 06:32:49.267640 USER TC_26_6_5_2_4.ttcn3:90 BSC_Port: RX: {"event": "CHAN_RQD", "data": {"ra": 3, "frame_number": 13967, "frame_number_encoded": 21349, "unit_id": "4242/0/0"}}
2026/Jun/29 06:32:49.267651 PORTEVENT TC_26_6_5_2_4.ttcn3:90 Message enqueued on BSC from system charstring : "{\"event\": \"CHAN_RQD\", \"data\": {\"ra\": 3, \"frame_number\": 13967, \"frame_number_encoded\": 21349, \"unit_id\": \"4242/0/0\"}}" id 27
2026/Jun/29 06:32:49.267655 USER TC_26_6_5_2_4.ttcn3:90 BSC_Port: RX: {"event": "CHAN_RQD", "data": {"ra": 11, "frame_number": 15315, "frame_number_encoded": 23425, "unit_id": "4242/0/0"}}
2026/Jun/29 06:32:49.267662 PORTEVENT TC_26_6_5_2_4.ttcn3:90 Message enqueued on BSC from system charstring : "{\"event\": \"CHAN_RQD\", \"data\": {\"ra\": 11, \"frame_number\": 15315, \"frame_number_encoded\": 23425, \"unit_id\": \"4242/0/0\"}}" id 28
2026/Jun/29 06:32:49.267666 USER TC_26_6_5_2_4.ttcn3:90 BSC_Port: RX: {"event": "CHAN_RQD", "data": {"ra": 13, "frame_number": 15309, "frame_number_encoded": 23413, "unit_id": "4242/0/0"}}
2026/Jun/29 06:32:49.267675 PORTEVENT TC_26_6_5_2_4.ttcn3:90 Message enqueued on BSC from system charstring : "{\"event\": \"CHAN_RQD\", \"data\": {\"ra\": 13, \"frame_number\": 15309, \"frame_number_encoded\": 23413, \"unit_id\": \"4242/0/0\"}}" id 29
2026/Jun/29 06:32:49.267679 USER TC_26_6_5_2_4.ttcn3:90 BSC_Port: RX: {"event": "CHAN_RQD", "data": {"ra": 15, "frame_number": 19225, "frame_number_encoded": 29483, "unit_id": "4242/0/0"}}
2026/Jun/29 06:32:49.267687 PORTEVENT TC_26_6_5_2_4.ttcn3:90 Message enqueued on BSC from system charstring : "{\"event\": \"CHAN_RQD\", \"data\": {\"ra\": 15, \"frame_number\": 19225, \"frame_number_encoded\": 29483, \"unit_id\": \"4242/0/0\"}}" id 30
2026/Jun/29 06:32:49.267691 USER TC_26_6_5_2_4.ttcn3:90 BSC_Port: RX: {"event": "CHAN_RQD", "data": {"ra": 3, "frame_number": 19112, "frame_number_encoded": 29346, "unit_id": "4242/0/0"}}
2026/Jun/29 06:32:49.267702 PORTEVENT TC_26_6_5_2_4.ttcn3:90 Message enqueued on BSC from system charstring : "{\"event\": \"CHAN_RQD\", \"data\": {\"ra\": 3, \"frame_number\": 19112, \"frame_number_encoded\": 29346, \"unit_id\": \"4242/0/0\"}}" id 31
2026/Jun/29 06:32:49.267707 USER TC_26_6_5_2_4.ttcn3:90 BSC_Port: RX: {"event": "CHAN_RQD", "data": {"ra": 14, "frame_number": 19350, "frame_number_encoded": 29638, "unit_id": "4242/0/0"}}
2026/Jun/29 06:32:49.267714 PORTEVENT TC_26_6_5_2_4.ttcn3:90 Message enqueued on BSC from system charstring : "{\"event\": \"CHAN_RQD\", \"data\": {\"ra\": 14, \"frame_number\": 19350, \"frame_number_encoded\": 29638, \"unit_id\": \"4242/0/0\"}}" id 32
2026/Jun/29 06:32:49.267717 USER TC_26_6_5_2_4.ttcn3:90 BSC_Port: RX: {"event": "CHAN_RQD", "data": {"ra": 10, "frame_number": 20427, "frame_number_encoded": 31377, "unit_id": "4242/0/0"}}
2026/Jun/29 06:32:49.267725 PORTEVENT TC_26_6_5_2_4.ttcn3:90 Message enqueued on BSC from system charstring : "{\"event\": \"CHAN_RQD\", \"data\": {\"ra\": 10, \"frame_number\": 20427, \"frame_number_encoded\": 31377, \"unit_id\": \"4242/0/0\"}}" id 33
2026/Jun/29 06:32:49.267729 USER TC_26_6_5_2_4.ttcn3:90 BSC_Port: RX: {"event": "CHAN_RQD", "data": {"ra": 11, "frame_number": 20476, "frame_number_encoded": 31438, "unit_id": "4242/0/0"}}
2026/Jun/29 06:32:49.267736 PORTEVENT TC_26_6_5_2_4.ttcn3:90 Message enqueued on BSC from system charstring : "{\"event\": \"CHAN_RQD\", \"data\": {\"ra\": 11, \"frame_number\": 20476, \"frame_number_encoded\": 31438, \"unit_id\": \"4242/0/0\"}}" id 34
2026/Jun/29 06:32:49.267739 USER TC_26_6_5_2_4.ttcn3:90 BSC_Port: RX: {"event": "CHAN_RQD", "data": {"ra": 13, "frame_number": 20471, "frame_number_encoded": 31433, "unit_id": "4242/0/0"}}
2026/Jun/29 06:32:49.267746 PORTEVENT TC_26_6_5_2_4.ttcn3:90 Message enqueued on BSC from system charstring : "{\"event\": \"CHAN_RQD\", \"data\": {\"ra\": 13, \"frame_number\": 20471, \"frame_number_encoded\": 31433, \"unit_id\": \"4242/0/0\"}}" id 35
2026/Jun/29 06:32:49.267753 USER TC_26_6_5_2_4.ttcn3:90 BSC_Port: RX: {"event": "CHAN_RQD", "data": {"ra": 3, "frame_number": 20439, "frame_number_encoded": 31395, "unit_id": "4242/0/0"}}
2026/Jun/29 06:32:49.267760 PORTEVENT TC_26_6_5_2_4.ttcn3:90 Message enqueued on BSC from system charstring : "{\"event\": \"CHAN_RQD\", \"data\": {\"ra\": 3, \"frame_number\": 20439, \"frame_number_encoded\": 31395, \"unit_id\": \"4242/0/0\"}}" id 36
2026/Jun/29 06:32:49.267764 USER TC_26_6_5_2_4.ttcn3:90 BSC_Port: RX: {"event": "CHAN_RQD", "data": {"ra": 0, "frame_number": 20515, "frame_number_encoded": 31489, "unit_id": "4242/0/0"}}
2026/Jun/29 06:32:49.267770 PORTEVENT TC_26_6_5_2_4.ttcn3:90 Message enqueued on BSC from system charstring : "{\"event\": \"CHAN_RQD\", \"data\": {\"ra\": 0, \"frame_number\": 20515, \"frame_number_encoded\": 31489, \"unit_id\": \"4242/0/0\"}}" id 37
2026/Jun/29 06:32:49.267785 PARALLEL TC_26_6_5_2_4.ttcn3:90 Map operation of mtc:VTY to system:VTY finished.
2026/Jun/29 06:32:49.267817 TIMEROP TC_26_6_5_2_4.ttcn3:92 Start timer T_guard: 300 s
2026/Jun/29 06:32:49.267907 USER TC_26_6_5_2_4.ttcn3:94 ==========================================================
2026/Jun/29 06:32:49.267913 USER TC_26_6_5_2_4.ttcn3:95 *** TC_26_6_5_2_4: Non-synchronised Handover with TA and L3 Retransmission (Variant 3) ***
2026/Jun/29 06:32:49.267920 USER TC_26_6_5_2_4.ttcn3:96 "*** Reference: GSM 04.08 " & char(0, 0, 0, 167) & " 26.6.5.2.4 ***"
2026/Jun/29 06:32:49.267944 USER TC_26_6_5_2_4.ttcn3:97 "*** FH-SKIP: C_Test_fh=1 in spec " & char(0, 0, 32, 20) & " using h=0 inter-cell HO (ARFCN 51" & char(0, 0, 33, 146) & "56) ***"
2026/Jun/29 06:32:49.267955 USER TC_26_6_5_2_4.ttcn3:98 *** INFRA_LIMIT-2: L2 ack withhold not available; N(SD) check best-effort ***
2026/Jun/29 06:32:49.267958 USER TC_26_6_5_2_4.ttcn3:99 *** IMPLEMENTED: non-sync access bursts, PHYSICAL INFO, inter-cell HO (main+n56 BTS) ***
2026/Jun/29 06:32:49.267962 USER TC_26_6_5_2_4.ttcn3:100 ==========================================================
2026/Jun/29 06:32:49.267994 PORTEVENT TC_26_6_5_2_4.ttcn3:103 Sent on BSC to system charstring : "{\"command\": \"SET_AUTO_RESPOND\", \"enabled\": false}"
2026/Jun/29 06:32:49.268130 USER TC_26_6_5_2_4.ttcn3:103 BSC_Port: TX: {"command": "SET_AUTO_RESPOND", "enabled": false}
2026/Jun/29 06:32:49.268153 TIMEROP TC_26_6_5_2_4.ttcn3:105 Start timer T_ack: 3 s
2026/Jun/29 06:32:49.268200 PORTEVENT TC_26_6_5_2_4.ttcn3:107 Receive operation on port BSC succeeded, message from system(): charstring : "{\"event\": \"WELCOME\", \"data\": {\"status\": \"connected\"}}" id 1
2026/Jun/29 06:32:49.268234 PORTEVENT TC_26_6_5_2_4.ttcn3:107 Message with id 1 was extracted from the queue of BSC.
2026/Jun/29 06:32:49.268386 PORTEVENT TC_26_6_5_2_4.ttcn3:107 Receive operation on port BSC succeeded, message from system(): charstring : "{\"event\": \"BTS_CONNECTED\", \"data\": {\"unit_id\": \"4242/0/0\"}}" id 2
2026/Jun/29 06:32:49.268392 PORTEVENT TC_26_6_5_2_4.ttcn3:107 Message with id 2 was extracted from the queue of BSC.
2026/Jun/29 06:32:49.268416 PORTEVENT TC_26_6_5_2_4.ttcn3:107 Receive operation on port BSC succeeded, message from system(): charstring : "{\"event\": \"BTS_READY\", \"data\": {\"unit_id\": \"4242/0/0\"}}" id 3
2026/Jun/29 06:32:49.268420 PORTEVENT TC_26_6_5_2_4.ttcn3:107 Message with id 3 was extracted from the queue of BSC.
2026/Jun/29 06:32:49.268472 PORTEVENT TC_26_6_5_2_4.ttcn3:107 Receive operation on port BSC succeeded, message from system(): charstring : "{\"event\": \"BTS_CONNECTED\", \"data\": {\"unit_id\": \"4248/0/0\"}}" id 4
2026/Jun/29 06:32:49.268477 PORTEVENT TC_26_6_5_2_4.ttcn3:107 Message with id 4 was extracted from the queue of BSC.
2026/Jun/29 06:32:49.268502 PORTEVENT TC_26_6_5_2_4.ttcn3:107 Receive operation on port BSC succeeded, message from system(): charstring : "{\"event\": \"BTS_READY\", \"data\": {\"unit_id\": \"4248/0/0\"}}" id 5
2026/Jun/29 06:32:49.268506 PORTEVENT TC_26_6_5_2_4.ttcn3:107 Message with id 5 was extracted from the queue of BSC.
2026/Jun/29 06:32:49.268531 PORTEVENT TC_26_6_5_2_4.ttcn3:107 Receive operation on port BSC succeeded, message from system(): charstring : "{\"event\": \"CHAN_RQD\", \"data\": {\"ra\": 10, \"frame_number\": 416, \"frame_number_encoded\": 512, \"unit_id\": \"4242/0/0\"}}" id 6
2026/Jun/29 06:32:49.268540 PORTEVENT TC_26_6_5_2_4.ttcn3:107 Message with id 6 was extracted from the queue of BSC.
2026/Jun/29 06:32:49.268568 PORTEVENT TC_26_6_5_2_4.ttcn3:107 Receive operation on port BSC succeeded, message from system(): charstring : "{\"event\": \"CHAN_RQD\", \"data\": {\"ra\": 13, \"frame_number\": 790, \"frame_number_encoded\": 970, \"unit_id\": \"4242/0/0\"}}" id 7
2026/Jun/29 06:32:49.268573 PORTEVENT TC_26_6_5_2_4.ttcn3:107 Message with id 7 was extracted from the queue of BSC.
2026/Jun/29 06:32:49.268600 PORTEVENT TC_26_6_5_2_4.ttcn3:107 Receive operation on port BSC succeeded, message from system(): charstring : "{\"event\": \"CHAN_RQD\", \"data\": {\"ra\": 11, \"frame_number\": 731, \"frame_number_encoded\": 899, \"unit_id\": \"4242/0/0\"}}" id 8
2026/Jun/29 06:32:49.268604 PORTEVENT TC_26_6_5_2_4.ttcn3:107 Message with id 8 was extracted from the queue of BSC.
2026/Jun/29 06:32:49.268630 PORTEVENT TC_26_6_5_2_4.ttcn3:107 Receive operation on port BSC succeeded, message from system(): charstring : "{\"event\": \"CHAN_RQD\", \"data\": {\"ra\": 6, \"frame_number\": 1943, \"frame_number_encoded\": 2803, \"unit_id\": \"4242/0/0\"}}" id 9
2026/Jun/29 06:32:49.268634 PORTEVENT TC_26_6_5_2_4.ttcn3:107 Message with id 9 was extracted from the queue of BSC.
2026/Jun/29 06:32:49.268661 PORTEVENT TC_26_6_5_2_4.ttcn3:107 Receive operation on port BSC succeeded, message from system(): charstring : "{\"event\": \"CHAN_RQD\", \"data\": {\"ra\": 3, \"frame_number\": 1857, \"frame_number_encoded\": 2699, \"unit_id\": \"4242/0/0\"}}" id 10
2026/Jun/29 06:32:49.268665 PORTEVENT TC_26_6_5_2_4.ttcn3:107 Message with id 10 was extracted from the queue of BSC.
2026/Jun/29 06:32:49.268691 PORTEVENT TC_26_6_5_2_4.ttcn3:107 Receive operation on port BSC succeeded, message from system(): charstring : "{\"event\": \"CHAN_RQD\", \"data\": {\"ra\": 2, \"frame_number\": 2068, \"frame_number_encoded\": 2958, \"unit_id\": \"4242/0/0\"}}" id 11
2026/Jun/29 06:32:49.268695 PORTEVENT TC_26_6_5_2_4.ttcn3:107 Message with id 11 was extracted from the queue of BSC.
2026/Jun/29 06:32:49.268721 PORTEVENT TC_26_6_5_2_4.ttcn3:107 Receive operation on port BSC succeeded, message from system(): charstring : "{\"event\": \"CHAN_RQD\", \"data\": {\"ra\": 9, \"frame_number\": 2036, \"frame_number_encoded\": 2920, \"unit_id\": \"4242/0/0\"}}" id 12
2026/Jun/29 06:32:49.268725 PORTEVENT TC_26_6_5_2_4.ttcn3:107 Message with id 12 was extracted from the queue of BSC.
2026/Jun/29 06:32:49.268751 PORTEVENT TC_26_6_5_2_4.ttcn3:107 Receive operation on port BSC succeeded, message from system(): charstring : "{\"event\": \"CHAN_RQD\", \"data\": {\"ra\": 14, \"frame_number\": 1977, \"frame_number_encoded\": 2849, \"unit_id\": \"4242/0/0\"}}" id 13
2026/Jun/29 06:32:49.268754 PORTEVENT TC_26_6_5_2_4.ttcn3:107 Message with id 13 was extracted from the queue of BSC.
2026/Jun/29 06:32:49.268781 PORTEVENT TC_26_6_5_2_4.ttcn3:107 Receive operation on port BSC succeeded, message from system(): charstring : "{\"event\": \"CHAN_RQD\", \"data\": {\"ra\": 10, \"frame_number\": 7299, \"frame_number_encoded\": 11059, \"unit_id\": \"4242/0/0\"}}" id 14
2026/Jun/29 06:32:49.268785 PORTEVENT TC_26_6_5_2_4.ttcn3:107 Message with id 14 was extracted from the queue of BSC.
2026/Jun/29 06:32:49.268810 PORTEVENT TC_26_6_5_2_4.ttcn3:107 Receive operation on port BSC succeeded, message from system(): charstring : "{\"event\": \"CHAN_RQD\", \"data\": {\"ra\": 4, \"frame_number\": 7321, \"frame_number_encoded\": 11087, \"unit_id\": \"4242/0/0\"}}" id 15
2026/Jun/29 06:32:49.268814 PORTEVENT TC_26_6_5_2_4.ttcn3:107 Message with id 15 was extracted from the queue of BSC.
2026/Jun/29 06:32:49.268846 PORTEVENT TC_26_6_5_2_4.ttcn3:107 Receive operation on port BSC succeeded, message from system(): charstring : "{\"event\": \"CHAN_RQD\", \"data\": {\"ra\": 14, \"frame_number\": 7181, \"frame_number_encoded\": 10917, \"unit_id\": \"4242/0/0\"}}" id 16
2026/Jun/29 06:32:49.268857 PORTEVENT TC_26_6_5_2_4.ttcn3:107 Message with id 16 was extracted from the queue of BSC.
2026/Jun/29 06:32:49.268883 PORTEVENT TC_26_6_5_2_4.ttcn3:107 Receive operation on port BSC succeeded, message from system(): charstring : "{\"event\": \"CHAN_RQD\", \"data\": {\"ra\": 3, \"frame_number\": 7176, \"frame_number_encoded\": 10912, \"unit_id\": \"4242/0/0\"}}" id 17
2026/Jun/29 06:32:49.268888 PORTEVENT TC_26_6_5_2_4.ttcn3:107 Message with id 17 was extracted from the queue of BSC.
2026/Jun/29 06:32:49.268913 PORTEVENT TC_26_6_5_2_4.ttcn3:107 Receive operation on port BSC succeeded, message from system(): charstring : "{\"event\": \"CHAN_RQD\", \"data\": {\"ra\": 3, \"frame_number\": 8496, \"frame_number_encoded\": 12948, \"unit_id\": \"4242/0/0\"}}" id 18
2026/Jun/29 06:32:49.268917 PORTEVENT TC_26_6_5_2_4.ttcn3:107 Message with id 18 was extracted from the queue of BSC.
2026/Jun/29 06:32:49.268943 PORTEVENT TC_26_6_5_2_4.ttcn3:107 Receive operation on port BSC succeeded, message from system(): charstring : "{\"event\": \"CHAN_RQD\", \"data\": {\"ra\": 8, \"frame_number\": 8518, \"frame_number_encoded\": 12976, \"unit_id\": \"4242/0/0\"}}" id 19
2026/Jun/29 06:32:49.268947 PORTEVENT TC_26_6_5_2_4.ttcn3:107 Message with id 19 was extracted from the queue of BSC.
2026/Jun/29 06:32:49.268972 PORTEVENT TC_26_6_5_2_4.ttcn3:107 Receive operation on port BSC succeeded, message from system(): charstring : "{\"event\": \"CHAN_RQD\", \"data\": {\"ra\": 1, \"frame_number\": 8675, \"frame_number_encoded\": 13169, \"unit_id\": \"4242/0/0\"}}" id 20
2026/Jun/29 06:32:49.268976 PORTEVENT TC_26_6_5_2_4.ttcn3:107 Message with id 20 was extracted from the queue of BSC.
2026/Jun/29 06:32:49.269001 PORTEVENT TC_26_6_5_2_4.ttcn3:107 Receive operation on port BSC succeeded, message from system(): charstring : "{\"event\": \"CHAN_RQD\", \"data\": {\"ra\": 6, \"frame_number\": 8643, \"frame_number_encoded\": 13131, \"unit_id\": \"4242/0/0\"}}" id 21
2026/Jun/29 06:32:49.269005 PORTEVENT TC_26_6_5_2_4.ttcn3:107 Message with id 21 was extracted from the queue of BSC.
2026/Jun/29 06:32:49.269030 PORTEVENT TC_26_6_5_2_4.ttcn3:107 Receive operation on port BSC succeeded, message from system(): charstring : "{\"event\": \"CHAN_RQD\", \"data\": {\"ra\": 0, \"frame_number\": 12532, \"frame_number_encoded\": 19168, \"unit_id\": \"4242/0/0\"}}" id 22
2026/Jun/29 06:32:49.269034 PORTEVENT TC_26_6_5_2_4.ttcn3:107 Message with id 22 was extracted from the queue of BSC.
2026/Jun/29 06:32:49.269060 PORTEVENT TC_26_6_5_2_4.ttcn3:107 Receive operation on port BSC succeeded, message from system(): charstring : "{\"event\": \"CHAN_RQD\", \"data\": {\"ra\": 8, \"frame_number\": 14015, \"frame_number_encoded\": 21409, \"unit_id\": \"4242/0/0\"}}" id 23
2026/Jun/29 06:32:49.269064 PORTEVENT TC_26_6_5_2_4.ttcn3:107 Message with id 23 was extracted from the queue of BSC.
2026/Jun/29 06:32:49.269089 PORTEVENT TC_26_6_5_2_4.ttcn3:107 Receive operation on port BSC succeeded, message from system(): charstring : "{\"event\": \"CHAN_RQD\", \"data\": {\"ra\": 6, \"frame_number\": 13901, \"frame_number_encoded\": 21265, \"unit_id\": \"4242/0/0\"}}" id 24
2026/Jun/29 06:32:49.269093 PORTEVENT TC_26_6_5_2_4.ttcn3:107 Message with id 24 was extracted from the queue of BSC.
2026/Jun/29 06:32:49.269119 PORTEVENT TC_26_6_5_2_4.ttcn3:107 Receive operation on port BSC succeeded, message from system(): charstring : "{\"event\": \"CHAN_RQD\", \"data\": {\"ra\": 3, \"frame_number\": 13869, \"frame_number_encoded\": 21227, \"unit_id\": \"4242/0/0\"}}" id 25
2026/Jun/29 06:32:49.269123 PORTEVENT TC_26_6_5_2_4.ttcn3:107 Message with id 25 was extracted from the queue of BSC.
2026/Jun/29 06:32:49.269149 PORTEVENT TC_26_6_5_2_4.ttcn3:107 Receive operation on port BSC succeeded, message from system(): charstring : "{\"event\": \"CHAN_RQD\", \"data\": {\"ra\": 7, \"frame_number\": 13783, \"frame_number_encoded\": 21123, \"unit_id\": \"4242/0/0\"}}" id 26
2026/Jun/29 06:32:49.269156 PORTEVENT TC_26_6_5_2_4.ttcn3:107 Message with id 26 was extracted from the queue of BSC.
2026/Jun/29 06:32:49.269181 PORTEVENT TC_26_6_5_2_4.ttcn3:107 Receive operation on port BSC succeeded, message from system(): charstring : "{\"event\": \"CHAN_RQD\", \"data\": {\"ra\": 3, \"frame_number\": 13967, \"frame_number_encoded\": 21349, \"unit_id\": \"4242/0/0\"}}" id 27
2026/Jun/29 06:32:49.269185 PORTEVENT TC_26_6_5_2_4.ttcn3:107 Message with id 27 was extracted from the queue of BSC.
2026/Jun/29 06:32:49.269210 PORTEVENT TC_26_6_5_2_4.ttcn3:107 Receive operation on port BSC succeeded, message from system(): charstring : "{\"event\": \"CHAN_RQD\", \"data\": {\"ra\": 11, \"frame_number\": 15315, \"frame_number_encoded\": 23425, \"unit_id\": \"4242/0/0\"}}" id 28
2026/Jun/29 06:32:49.269214 PORTEVENT TC_26_6_5_2_4.ttcn3:107 Message with id 28 was extracted from the queue of BSC.
2026/Jun/29 06:32:49.269240 PORTEVENT TC_26_6_5_2_4.ttcn3:107 Receive operation on port BSC succeeded, message from system(): charstring : "{\"event\": \"CHAN_RQD\", \"data\": {\"ra\": 13, \"frame_number\": 15309, \"frame_number_encoded\": 23413, \"unit_id\": \"4242/0/0\"}}" id 29
2026/Jun/29 06:32:49.269243 PORTEVENT TC_26_6_5_2_4.ttcn3:107 Message with id 29 was extracted from the queue of BSC.
2026/Jun/29 06:32:49.269269 PORTEVENT TC_26_6_5_2_4.ttcn3:107 Receive operation on port BSC succeeded, message from system(): charstring : "{\"event\": \"CHAN_RQD\", \"data\": {\"ra\": 15, \"frame_number\": 19225, \"frame_number_encoded\": 29483, \"unit_id\": \"4242/0/0\"}}" id 30
2026/Jun/29 06:32:49.269273 PORTEVENT TC_26_6_5_2_4.ttcn3:107 Message with id 30 was extracted from the queue of BSC.
2026/Jun/29 06:32:49.269298 PORTEVENT TC_26_6_5_2_4.ttcn3:107 Receive operation on port BSC succeeded, message from system(): charstring : "{\"event\": \"CHAN_RQD\", \"data\": {\"ra\": 3, \"frame_number\": 19112, \"frame_number_encoded\": 29346, \"unit_id\": \"4242/0/0\"}}" id 31
2026/Jun/29 06:32:49.269302 PORTEVENT TC_26_6_5_2_4.ttcn3:107 Message with id 31 was extracted from the queue of BSC.
2026/Jun/29 06:32:49.269328 PORTEVENT TC_26_6_5_2_4.ttcn3:107 Receive operation on port BSC succeeded, message from system(): charstring : "{\"event\": \"CHAN_RQD\", \"data\": {\"ra\": 14, \"frame_number\": 19350, \"frame_number_encoded\": 29638, \"unit_id\": \"4242/0/0\"}}" id 32
2026/Jun/29 06:32:49.269332 PORTEVENT TC_26_6_5_2_4.ttcn3:107 Message with id 32 was extracted from the queue of BSC.
2026/Jun/29 06:32:49.269358 PORTEVENT TC_26_6_5_2_4.ttcn3:107 Receive operation on port BSC succeeded, message from system(): charstring : "{\"event\": \"CHAN_RQD\", \"data\": {\"ra\": 10, \"frame_number\": 20427, \"frame_number_encoded\": 31377, \"unit_id\": \"4242/0/0\"}}" id 33
2026/Jun/29 06:32:49.269361 PORTEVENT TC_26_6_5_2_4.ttcn3:107 Message with id 33 was extracted from the queue of BSC.
2026/Jun/29 06:32:49.269388 PORTEVENT TC_26_6_5_2_4.ttcn3:107 Receive operation on port BSC succeeded, message from system(): charstring : "{\"event\": \"CHAN_RQD\", \"data\": {\"ra\": 11, \"frame_number\": 20476, \"frame_number_encoded\": 31438, \"unit_id\": \"4242/0/0\"}}" id 34
2026/Jun/29 06:32:49.269392 PORTEVENT TC_26_6_5_2_4.ttcn3:107 Message with id 34 was extracted from the queue of BSC.
2026/Jun/29 06:32:49.269419 PORTEVENT TC_26_6_5_2_4.ttcn3:107 Receive operation on port BSC succeeded, message from system(): charstring : "{\"event\": \"CHAN_RQD\", \"data\": {\"ra\": 13, \"frame_number\": 20471, \"frame_number_encoded\": 31433, \"unit_id\": \"4242/0/0\"}}" id 35
2026/Jun/29 06:32:49.269422 PORTEVENT TC_26_6_5_2_4.ttcn3:107 Message with id 35 was extracted from the queue of BSC.
2026/Jun/29 06:32:49.269448 PORTEVENT TC_26_6_5_2_4.ttcn3:107 Receive operation on port BSC succeeded, message from system(): charstring : "{\"event\": \"CHAN_RQD\", \"data\": {\"ra\": 3, \"frame_number\": 20439, \"frame_number_encoded\": 31395, \"unit_id\": \"4242/0/0\"}}" id 36
2026/Jun/29 06:32:49.269452 PORTEVENT TC_26_6_5_2_4.ttcn3:107 Message with id 36 was extracted from the queue of BSC.
2026/Jun/29 06:32:49.269481 PORTEVENT TC_26_6_5_2_4.ttcn3:107 Receive operation on port BSC succeeded, message from system(): charstring : "{\"event\": \"CHAN_RQD\", \"data\": {\"ra\": 0, \"frame_number\": 20515, \"frame_number_encoded\": 31489, \"unit_id\": \"4242/0/0\"}}" id 37
2026/Jun/29 06:32:49.269485 PORTEVENT TC_26_6_5_2_4.ttcn3:107 Message with id 37 was extracted from the queue of BSC.
2026/Jun/29 06:32:49.269531 USER TC_26_6_5_2_4.ttcn3:106 BSC_Port: RX: {"status": "ok", "auto_respond": false}
2026/Jun/29 06:32:49.269541 PORTEVENT TC_26_6_5_2_4.ttcn3:106 Message enqueued on BSC from system charstring : "{\"status\": \"ok\", \"auto_respond\": false}" id 38
2026/Jun/29 06:32:49.269548 PORTEVENT TC_26_6_5_2_4.ttcn3:107 Receive operation on port BSC succeeded, message from system(): charstring : "{\"status\": \"ok\", \"auto_respond\": false}" id 38
2026/Jun/29 06:32:49.269552 PORTEVENT TC_26_6_5_2_4.ttcn3:107 Message with id 38 was extracted from the queue of BSC.
2026/Jun/29 06:32:49.269589 TIMEROP TC_26_6_5_2_4.ttcn3:109 Stop timer T_ack: 3 s
2026/Jun/29 06:32:49.269604 TIMEROP TC_26_6_5_2_4.ttcn3:118 Start timer T_drain: 2.5 s
2026/Jun/29 06:32:49.269617 PORTEVENT TC_26_6_5_2_4.ttcn3:121 Receive operation on port MSC succeeded, message from system(): charstring: "{\"type\": \"WELCOME\", \"status\": \"connected\"}" id 1
2026/Jun/29 06:32:49.269622 PORTEVENT TC_26_6_5_2_4.ttcn3:121 Message with id 1 was extracted from the queue of MSC.
2026/Jun/29 06:32:51.770878 TIMEROP TC_26_6_5_2_4.ttcn3:123 Timeout T_drain: 2.5 s
2026/Jun/29 06:32:51.770943 USER TC_26_6_5_2_4.ttcn3:133 "*** Phase 1: LU preamble (BSC stub mode " & char(0, 0, 32, 20) & " direct RSL LU ACCEPT) ***"
2026/Jun/29 06:32:51.770977 USER TC_26_6_5_2_4.ttcn3:134 *** FH-SKIP: Spec +IdleUpdated uses C_Test_fh; infra uses ARFCN 51 h=0 ***
2026/Jun/29 06:32:51.771033 USER TC_26_6_5_2_4.ttcn3:136 docker.sock not found — using VTY power-cycle (k8s mode)
2026/Jun/29 06:32:51.771044 USER TC_26_6_5_2_4.ttcn3:136 === k8s fallback: VTY power-cycle mobile at 10.43.134.210:4247 ===
2026/Jun/29 06:32:57.172269 USER TC_26_6_5_2_4.ttcn3:136 Waiting 10 seconds (power off)...
2026/Jun/29 06:33:12.525903 USER TC_26_6_5_2_4.ttcn3:136 VTY 'clear-loci' sent — LOCI erased
2026/Jun/29 06:33:19.693937 USER TC_26_6_5_2_4.ttcn3:136 === VTY power-cycle complete — MS will send LU shortly ===
2026/Jun/29 06:33:19.694116 TIMEROP TC_26_6_5_2_4.ttcn3:150 Start timer T_lu_wait: 60 s
2026/Jun/29 06:33:19.694184 USER TC_26_6_5_2_4.ttcn3:151 VTY_PT: Received data (buffered): 94 bytes
2026/Jun/29 06:33:19.694234 USER TC_26_6_5_2_4.ttcn3:151 MSC_Port: RX: {"type": "HEARTBEAT"}
2026/Jun/29 06:33:19.694262 PORTEVENT TC_26_6_5_2_4.ttcn3:151 Message enqueued on MSC from system charstring : "{\"type\": \"HEARTBEAT\"}" id 2
2026/Jun/29 06:33:19.694287 USER TC_26_6_5_2_4.ttcn3:151 MSC_Port: RX: {"type": "HEARTBEAT"}
2026/Jun/29 06:33:19.694307 PORTEVENT TC_26_6_5_2_4.ttcn3:151 Message enqueued on MSC from system charstring : "{\"type\": \"HEARTBEAT\"}" id 3
2026/Jun/29 06:33:19.694324 USER TC_26_6_5_2_4.ttcn3:151 MSC_Port: RX: {"type": "HEARTBEAT"}
2026/Jun/29 06:33:19.694343 PORTEVENT TC_26_6_5_2_4.ttcn3:151 Message enqueued on MSC from system charstring : "{\"type\": \"HEARTBEAT\"}" id 4
2026/Jun/29 06:33:19.694357 USER TC_26_6_5_2_4.ttcn3:151 MSC_Port: RX: {"type": "HEARTBEAT"}
2026/Jun/29 06:33:19.694375 PORTEVENT TC_26_6_5_2_4.ttcn3:151 Message enqueued on MSC from system charstring : "{\"type\": \"HEARTBEAT\"}" id 5
2026/Jun/29 06:33:19.694388 USER TC_26_6_5_2_4.ttcn3:151 MSC_Port: RX: {"type": "HEARTBEAT"}
2026/Jun/29 06:33:19.694405 PORTEVENT TC_26_6_5_2_4.ttcn3:151 Message enqueued on MSC from system charstring : "{\"type\": \"HEARTBEAT\"}" id 6
2026/Jun/29 06:33:19.694419 USER TC_26_6_5_2_4.ttcn3:151 MSC_Port: RX: {"type": "HEARTBEAT"}
2026/Jun/29 06:33:19.694437 PORTEVENT TC_26_6_5_2_4.ttcn3:151 Message enqueued on MSC from system charstring : "{\"type\": \"HEARTBEAT\"}" id 7
2026/Jun/29 06:33:19.694458 USER TC_26_6_5_2_4.ttcn3:151 BSC_Port: RX: {"event": "CHAN_RQD", "data": {"ra": 3, "frame_number": 432, "frame_number_encoded": 528, "unit_id": "4242/0/0"}}
2026/Jun/29 06:33:19.694510 PORTEVENT TC_26_6_5_2_4.ttcn3:151 Message enqueued on BSC from system charstring : "{\"event\": \"CHAN_RQD\", \"data\": {\"ra\": 3, \"frame_number\": 432, \"frame_number_encoded\": 528, \"unit_id\": \"4242/0/0\"}}" id 39
2026/Jun/29 06:33:19.694527 USER TC_26_6_5_2_4.ttcn3:151 BSC_Port: RX: {"event": "CHAN_RQD", "data": {"ra": 7, "frame_number": 698, "frame_number_encoded": 854, "unit_id": "4242/0/0"}}
2026/Jun/29 06:33:19.694552 PORTEVENT TC_26_6_5_2_4.ttcn3:151 Message enqueued on BSC from system charstring : "{\"event\": \"CHAN_RQD\", \"data\": {\"ra\": 7, \"frame_number\": 698, \"frame_number_encoded\": 854, \"unit_id\": \"4242/0/0\"}}" id 40
2026/Jun/29 06:33:19.694565 USER TC_26_6_5_2_4.ttcn3:151 BSC_Port: RX: {"event": "CHAN_RQD", "data": {"ra": 14, "frame_number": 747, "frame_number_encoded": 915, "unit_id": "4242/0/0"}}
2026/Jun/29 06:33:19.694590 PORTEVENT TC_26_6_5_2_4.ttcn3:151 Message enqueued on BSC from system charstring : "{\"event\": \"CHAN_RQD\", \"data\": {\"ra\": 14, \"frame_number\": 747, \"frame_number_encoded\": 915, \"unit_id\": \"4242/0/0\"}}" id 41
2026/Jun/29 06:33:19.694603 USER TC_26_6_5_2_4.ttcn3:151 BSC_Port: RX: {"event": "CHAN_RQD", "data": {"ra": 2, "frame_number": 580, "frame_number_encoded": 712, "unit_id": "4242/0/0"}}
2026/Jun/29 06:33:19.694630 PORTEVENT TC_26_6_5_2_4.ttcn3:151 Message enqueued on BSC from system charstring : "{\"event\": \"CHAN_RQD\", \"data\": {\"ra\": 2, \"frame_number\": 580, \"frame_number_encoded\": 712, \"unit_id\": \"4242/0/0\"}}" id 42
2026/Jun/29 06:33:19.694644 USER TC_26_6_5_2_4.ttcn3:151 BSC_Port: RX: {"event": "CHAN_RQD", "data": {"ra": 6, "frame_number": 494, "frame_number_encoded": 608, "unit_id": "4242/0/0"}}
2026/Jun/29 06:33:19.694666 PORTEVENT TC_26_6_5_2_4.ttcn3:151 Message enqueued on BSC from system charstring : "{\"event\": \"CHAN_RQD\", \"data\": {\"ra\": 6, \"frame_number\": 494, \"frame_number_encoded\": 608, \"unit_id\": \"4242/0/0\"}}" id 43
2026/Jun/29 06:33:19.694698 USER TC_26_6_5_2_4.ttcn3:151 L3_Port: Received 17 bytes
2026/Jun/29 06:33:19.694731 USER TC_26_6_5_2_4.ttcn3:151 L3_Port: RAW GSMTAP hdr->arfcn=0x4033 RxArfcn=0x4033 Uplink=1 Chan=3 Len=1
2026/Jun/29 06:33:19.694752 USER TC_26_6_5_2_4.ttcn3:151 L3_Port: RX: 09 
2026/Jun/29 06:33:19.694792 PORTEVENT TC_26_6_5_2_4.ttcn3:151 Message enqueued on L from system octetstring : '090000A437'O id 1
2026/Jun/29 06:33:19.694818 USER TC_26_6_5_2_4.ttcn3:151 L3_Port: Message delivered to TTCN-3
2026/Jun/29 06:33:19.694878 PORTEVENT TC_26_6_5_2_4.ttcn3:152 Receive operation on port BSC succeeded, message from system(): charstring : "{\"event\": \"CHAN_RQD\", \"data\": {\"ra\": 3, \"frame_number\": 432, \"frame_number_encoded\": 528, \"unit_id\": \"4242/0/0\"}}" id 39
2026/Jun/29 06:33:19.694896 PORTEVENT TC_26_6_5_2_4.ttcn3:152 Message with id 39 was extracted from the queue of BSC.
2026/Jun/29 06:33:19.695138 USER GSM_Functions.ttcn3:365 f_extractJsonInt: Searching for key '"ra"' in JSON: "{\"event\": \"CHAN_RQD\", \"data\": {\"ra\": 3, \"frame_number\": 432, \"frame_number_encoded\": 528, \"unit_id\": \"4242/0/0\"}}"
2026/Jun/29 06:33:19.695317 USER GSM_Functions.ttcn3:372 f_extractJsonInt: Found key at position 31 (pattern: "\"ra\":")
2026/Jun/29 06:33:19.695453 USER GSM_Functions.ttcn3:422 f_extractJsonInt: Extracted number string '"3"' => integer 3
2026/Jun/29 06:33:19.695496 USER GSM_Functions.ttcn3:365 f_extractJsonInt: Searching for key '"frame_number_encoded"' in JSON: "{\"event\": \"CHAN_RQD\", \"data\": {\"ra\": 3, \"frame_number\": 432, \"frame_number_encoded\": 528, \"unit_id\": \"4242/0/0\"}}"
2026/Jun/29 06:33:19.695547 USER GSM_Functions.ttcn3:372 f_extractJsonInt: Found key at position 61 (pattern: "\"frame_number_encoded\":")
2026/Jun/29 06:33:19.695574 USER GSM_Functions.ttcn3:422 f_extractJsonInt: Extracted number string '"528"' => integer 528
2026/Jun/29 06:33:19.695595 USER TC_26_6_5_2_4.ttcn3:158 *** Phase 1 CHAN_RQD: RA=3" " & char(0, 0, 32, 20) & " sending IMM_ASS ***"
2026/Jun/29 06:33:19.695711 PORTEVENT TC_26_6_5_2_4.ttcn3:159 Sent on BSC to system charstring : "{\"command\": \"CMD_SEND_IMM_ASS_EXT\", \"req_ref1\": {\"ra\": 3, \"frame_number\": 0, \"frame_number_encoded\": 528}, \"req_ref2\": {\"ra\": 255, \"frame_number\": 0, \"frame_number_encoded\": 0}, \"chan_desc1\": {\"ts\": 1, \"subslot\": 0, \"arfcn\": 51, \"chan_type\": 1}, \"chan_desc2\": {\"ts\": 1, \"subslot\": 1, \"arfcn\": 51, \"chan_type\": 1}, \"timing_advance\": 0}"
2026/Jun/29 06:33:19.695820 USER TC_26_6_5_2_4.ttcn3:159 BSC_Port: TX: {"command": "CMD_SEND_IMM_ASS_EXT", "req_ref1": {"ra": 3, "frame_number": 0, "frame_number_encoded": 528}, "req_ref2": {"ra": 255, "frame_number": 0, "frame_number_encoded": 0}, "chan_desc1": {"ts": 1, "subslot": 0, "arfcn": 51, "chan_type": 1}, "chan_desc2": {"ts": 1, "subslot": 1, "arfcn": 51, "chan_type": 1}, "timing_advance": 0}
2026/Jun/29 06:33:19.695882 PORTEVENT TC_26_6_5_2_4.ttcn3:152 Receive operation on port BSC succeeded, message from system(): charstring : "{\"event\": \"CHAN_RQD\", \"data\": {\"ra\": 7, \"frame_number\": 698, \"frame_number_encoded\": 854, \"unit_id\": \"4242/0/0\"}}" id 40
2026/Jun/29 06:33:19.695898 PORTEVENT TC_26_6_5_2_4.ttcn3:152 Message with id 40 was extracted from the queue of BSC.
2026/Jun/29 06:33:19.696050 USER GSM_Functions.ttcn3:365 f_extractJsonInt: Searching for key '"ra"' in JSON: "{\"event\": \"CHAN_RQD\", \"data\": {\"ra\": 7, \"frame_number\": 698, \"frame_number_encoded\": 854, \"unit_id\": \"4242/0/0\"}}"
2026/Jun/29 06:33:19.696098 USER GSM_Functions.ttcn3:372 f_extractJsonInt: Found key at position 31 (pattern: "\"ra\":")
2026/Jun/29 06:33:19.696125 USER GSM_Functions.ttcn3:422 f_extractJsonInt: Extracted number string '"7"' => integer 7
2026/Jun/29 06:33:19.696148 USER GSM_Functions.ttcn3:365 f_extractJsonInt: Searching for key '"frame_number_encoded"' in JSON: "{\"event\": \"CHAN_RQD\", \"data\": {\"ra\": 7, \"frame_number\": 698, \"frame_number_encoded\": 854, \"unit_id\": \"4242/0/0\"}}"
2026/Jun/29 06:33:19.696198 USER GSM_Functions.ttcn3:372 f_extractJsonInt: Found key at position 61 (pattern: "\"frame_number_encoded\":")
2026/Jun/29 06:33:19.696224 USER GSM_Functions.ttcn3:422 f_extractJsonInt: Extracted number string '"854"' => integer 854
2026/Jun/29 06:33:19.696243 USER TC_26_6_5_2_4.ttcn3:158 *** Phase 1 CHAN_RQD: RA=7" " & char(0, 0, 32, 20) & " sending IMM_ASS ***"
2026/Jun/29 06:33:19.696297 PORTEVENT TC_26_6_5_2_4.ttcn3:159 Sent on BSC to system charstring : "{\"command\": \"CMD_SEND_IMM_ASS_EXT\", \"req_ref1\": {\"ra\": 7, \"frame_number\": 0, \"frame_number_encoded\": 854}, \"req_ref2\": {\"ra\": 255, \"frame_number\": 0, \"frame_number_encoded\": 0}, \"chan_desc1\": {\"ts\": 1, \"subslot\": 0, \"arfcn\": 51, \"chan_type\": 1}, \"chan_desc2\": {\"ts\": 1, \"subslot\": 1, \"arfcn\": 51, \"chan_type\": 1}, \"timing_advance\": 0}"
2026/Jun/29 06:33:19.696323 USER TC_26_6_5_2_4.ttcn3:159 BSC_Port: TX: {"command": "CMD_SEND_IMM_ASS_EXT", "req_ref1": {"ra": 7, "frame_number": 0, "frame_number_encoded": 854}, "req_ref2": {"ra": 255, "frame_number": 0, "frame_number_encoded": 0}, "chan_desc1": {"ts": 1, "subslot": 0, "arfcn": 51, "chan_type": 1}, "chan_desc2": {"ts": 1, "subslot": 1, "arfcn": 51, "chan_type": 1}, "timing_advance": 0}
2026/Jun/29 06:33:19.696353 PORTEVENT TC_26_6_5_2_4.ttcn3:152 Receive operation on port BSC succeeded, message from system(): charstring : "{\"event\": \"CHAN_RQD\", \"data\": {\"ra\": 14, \"frame_number\": 747, \"frame_number_encoded\": 915, \"unit_id\": \"4242/0/0\"}}" id 41
2026/Jun/29 06:33:19.696367 PORTEVENT TC_26_6_5_2_4.ttcn3:152 Message with id 41 was extracted from the queue of BSC.
2026/Jun/29 06:33:19.696499 USER GSM_Functions.ttcn3:365 f_extractJsonInt: Searching for key '"ra"' in JSON: "{\"event\": \"CHAN_RQD\", \"data\": {\"ra\": 14, \"frame_number\": 747, \"frame_number_encoded\": 915, \"unit_id\": \"4242/0/0\"}}"
2026/Jun/29 06:33:19.696543 USER GSM_Functions.ttcn3:372 f_extractJsonInt: Found key at position 31 (pattern: "\"ra\":")
2026/Jun/29 06:33:19.696572 USER GSM_Functions.ttcn3:422 f_extractJsonInt: Extracted number string '"14"' => integer 14
2026/Jun/29 06:33:19.696614 USER GSM_Functions.ttcn3:365 f_extractJsonInt: Searching for key '"frame_number_encoded"' in JSON: "{\"event\": \"CHAN_RQD\", \"data\": {\"ra\": 14, \"frame_number\": 747, \"frame_number_encoded\": 915, \"unit_id\": \"4242/0/0\"}}"
2026/Jun/29 06:33:19.696663 USER GSM_Functions.ttcn3:372 f_extractJsonInt: Found key at position 62 (pattern: "\"frame_number_encoded\":")
2026/Jun/29 06:33:19.696689 USER GSM_Functions.ttcn3:422 f_extractJsonInt: Extracted number string '"915"' => integer 915
2026/Jun/29 06:33:19.696709 USER TC_26_6_5_2_4.ttcn3:158 *** Phase 1 CHAN_RQD: RA=14" " & char(0, 0, 32, 20) & " sending IMM_ASS ***"
2026/Jun/29 06:33:19.696767 PORTEVENT TC_26_6_5_2_4.ttcn3:159 Sent on BSC to system charstring : "{\"command\": \"CMD_SEND_IMM_ASS_EXT\", \"req_ref1\": {\"ra\": 14, \"frame_number\": 0, \"frame_number_encoded\": 915}, \"req_ref2\": {\"ra\": 255, \"frame_number\": 0, \"frame_number_encoded\": 0}, \"chan_desc1\": {\"ts\": 1, \"subslot\": 0, \"arfcn\": 51, \"chan_type\": 1}, \"chan_desc2\": {\"ts\": 1, \"subslot\": 1, \"arfcn\": 51, \"chan_type\": 1}, \"timing_advance\": 0}"
2026/Jun/29 06:33:19.696789 USER TC_26_6_5_2_4.ttcn3:159 BSC_Port: TX: {"command": "CMD_SEND_IMM_ASS_EXT", "req_ref1": {"ra": 14, "frame_number": 0, "frame_number_encoded": 915}, "req_ref2": {"ra": 255, "frame_number": 0, "frame_number_encoded": 0}, "chan_desc1": {"ts": 1, "subslot": 0, "arfcn": 51, "chan_type": 1}, "chan_desc2": {"ts": 1, "subslot": 1, "arfcn": 51, "chan_type": 1}, "timing_advance": 0}
2026/Jun/29 06:33:19.696818 PORTEVENT TC_26_6_5_2_4.ttcn3:152 Receive operation on port BSC succeeded, message from system(): charstring : "{\"event\": \"CHAN_RQD\", \"data\": {\"ra\": 2, \"frame_number\": 580, \"frame_number_encoded\": 712, \"unit_id\": \"4242/0/0\"}}" id 42
2026/Jun/29 06:33:19.696847 PORTEVENT TC_26_6_5_2_4.ttcn3:152 Message with id 42 was extracted from the queue of BSC.
2026/Jun/29 06:33:19.696969 USER GSM_Functions.ttcn3:365 f_extractJsonInt: Searching for key '"ra"' in JSON: "{\"event\": \"CHAN_RQD\", \"data\": {\"ra\": 2, \"frame_number\": 580, \"frame_number_encoded\": 712, \"unit_id\": \"4242/0/0\"}}"
2026/Jun/29 06:33:19.697012 USER GSM_Functions.ttcn3:372 f_extractJsonInt: Found key at position 31 (pattern: "\"ra\":")
2026/Jun/29 06:33:19.697034 USER GSM_Functions.ttcn3:422 f_extractJsonInt: Extracted number string '"2"' => integer 2
2026/Jun/29 06:33:19.697052 USER GSM_Functions.ttcn3:365 f_extractJsonInt: Searching for key '"frame_number_encoded"' in JSON: "{\"event\": \"CHAN_RQD\", \"data\": {\"ra\": 2, \"frame_number\": 580, \"frame_number_encoded\": 712, \"unit_id\": \"4242/0/0\"}}"
2026/Jun/29 06:33:19.697097 USER GSM_Functions.ttcn3:372 f_extractJsonInt: Found key at position 61 (pattern: "\"frame_number_encoded\":")
2026/Jun/29 06:33:19.697121 USER GSM_Functions.ttcn3:422 f_extractJsonInt: Extracted number string '"712"' => integer 712
2026/Jun/29 06:33:19.697138 USER TC_26_6_5_2_4.ttcn3:158 *** Phase 1 CHAN_RQD: RA=2" " & char(0, 0, 32, 20) & " sending IMM_ASS ***"
2026/Jun/29 06:33:19.697192 PORTEVENT TC_26_6_5_2_4.ttcn3:159 Sent on BSC to system charstring : "{\"command\": \"CMD_SEND_IMM_ASS_EXT\", \"req_ref1\": {\"ra\": 2, \"frame_number\": 0, \"frame_number_encoded\": 712}, \"req_ref2\": {\"ra\": 255, \"frame_number\": 0, \"frame_number_encoded\": 0}, \"chan_desc1\": {\"ts\": 1, \"subslot\": 0, \"arfcn\": 51, \"chan_type\": 1}, \"chan_desc2\": {\"ts\": 1, \"subslot\": 1, \"arfcn\": 51, \"chan_type\": 1}, \"timing_advance\": 0}"
2026/Jun/29 06:33:19.697213 USER TC_26_6_5_2_4.ttcn3:159 BSC_Port: TX: {"command": "CMD_SEND_IMM_ASS_EXT", "req_ref1": {"ra": 2, "frame_number": 0, "frame_number_encoded": 712}, "req_ref2": {"ra": 255, "frame_number": 0, "frame_number_encoded": 0}, "chan_desc1": {"ts": 1, "subslot": 0, "arfcn": 51, "chan_type": 1}, "chan_desc2": {"ts": 1, "subslot": 1, "arfcn": 51, "chan_type": 1}, "timing_advance": 0}
2026/Jun/29 06:33:19.697240 PORTEVENT TC_26_6_5_2_4.ttcn3:152 Receive operation on port BSC succeeded, message from system(): charstring : "{\"event\": \"CHAN_RQD\", \"data\": {\"ra\": 6, \"frame_number\": 494, \"frame_number_encoded\": 608, \"unit_id\": \"4242/0/0\"}}" id 43
2026/Jun/29 06:33:19.697262 PORTEVENT TC_26_6_5_2_4.ttcn3:152 Message with id 43 was extracted from the queue of BSC.
2026/Jun/29 06:33:19.697384 USER GSM_Functions.ttcn3:365 f_extractJsonInt: Searching for key '"ra"' in JSON: "{\"event\": \"CHAN_RQD\", \"data\": {\"ra\": 6, \"frame_number\": 494, \"frame_number_encoded\": 608, \"unit_id\": \"4242/0/0\"}}"
2026/Jun/29 06:33:19.697427 USER GSM_Functions.ttcn3:372 f_extractJsonInt: Found key at position 31 (pattern: "\"ra\":")
2026/Jun/29 06:33:19.697448 USER GSM_Functions.ttcn3:422 f_extractJsonInt: Extracted number string '"6"' => integer 6
2026/Jun/29 06:33:19.697464 USER GSM_Functions.ttcn3:365 f_extractJsonInt: Searching for key '"frame_number_encoded"' in JSON: "{\"event\": \"CHAN_RQD\", \"data\": {\"ra\": 6, \"frame_number\": 494, \"frame_number_encoded\": 608, \"unit_id\": \"4242/0/0\"}}"
2026/Jun/29 06:33:19.697511 USER GSM_Functions.ttcn3:372 f_extractJsonInt: Found key at position 61 (pattern: "\"frame_number_encoded\":")
2026/Jun/29 06:33:19.697534 USER GSM_Functions.ttcn3:422 f_extractJsonInt: Extracted number string '"608"' => integer 608
2026/Jun/29 06:33:19.697551 USER TC_26_6_5_2_4.ttcn3:158 *** Phase 1 CHAN_RQD: RA=6" " & char(0, 0, 32, 20) & " sending IMM_ASS ***"
2026/Jun/29 06:33:19.697604 PORTEVENT TC_26_6_5_2_4.ttcn3:159 Sent on BSC to system charstring : "{\"command\": \"CMD_SEND_IMM_ASS_EXT\", \"req_ref1\": {\"ra\": 6, \"frame_number\": 0, \"frame_number_encoded\": 608}, \"req_ref2\": {\"ra\": 255, \"frame_number\": 0, \"frame_number_encoded\": 0}, \"chan_desc1\": {\"ts\": 1, \"subslot\": 0, \"arfcn\": 51, \"chan_type\": 1}, \"chan_desc2\": {\"ts\": 1, \"subslot\": 1, \"arfcn\": 51, \"chan_type\": 1}, \"timing_advance\": 0}"
2026/Jun/29 06:33:19.697624 USER TC_26_6_5_2_4.ttcn3:159 BSC_Port: TX: {"command": "CMD_SEND_IMM_ASS_EXT", "req_ref1": {"ra": 6, "frame_number": 0, "frame_number_encoded": 608}, "req_ref2": {"ra": 255, "frame_number": 0, "frame_number_encoded": 0}, "chan_desc1": {"ts": 1, "subslot": 0, "arfcn": 51, "chan_type": 1}, "chan_desc2": {"ts": 1, "subslot": 1, "arfcn": 51, "chan_type": 1}, "timing_advance": 0}
2026/Jun/29 06:33:19.697644 PORTEVENT TC_26_6_5_2_4.ttcn3:197 Receive operation on port MSC succeeded, message from system(): charstring: "{\"type\": \"HEARTBEAT\"}" id 2
2026/Jun/29 06:33:19.697657 PORTEVENT TC_26_6_5_2_4.ttcn3:197 Message with id 2 was extracted from the queue of MSC.
2026/Jun/29 06:33:19.697669 PORTEVENT TC_26_6_5_2_4.ttcn3:197 Receive operation on port MSC succeeded, message from system(): charstring: "{\"type\": \"HEARTBEAT\"}" id 3
2026/Jun/29 06:33:19.697679 PORTEVENT TC_26_6_5_2_4.ttcn3:197 Message with id 3 was extracted from the queue of MSC.
2026/Jun/29 06:33:19.697689 PORTEVENT TC_26_6_5_2_4.ttcn3:197 Receive operation on port MSC succeeded, message from system(): charstring: "{\"type\": \"HEARTBEAT\"}" id 4
2026/Jun/29 06:33:19.697698 PORTEVENT TC_26_6_5_2_4.ttcn3:197 Message with id 4 was extracted from the queue of MSC.
2026/Jun/29 06:33:19.697708 PORTEVENT TC_26_6_5_2_4.ttcn3:197 Receive operation on port MSC succeeded, message from system(): charstring: "{\"type\": \"HEARTBEAT\"}" id 5
2026/Jun/29 06:33:19.697717 PORTEVENT TC_26_6_5_2_4.ttcn3:197 Message with id 5 was extracted from the queue of MSC.
2026/Jun/29 06:33:19.697727 PORTEVENT TC_26_6_5_2_4.ttcn3:197 Receive operation on port MSC succeeded, message from system(): charstring: "{\"type\": \"HEARTBEAT\"}" id 6
2026/Jun/29 06:33:19.697736 PORTEVENT TC_26_6_5_2_4.ttcn3:197 Message with id 6 was extracted from the queue of MSC.
2026/Jun/29 06:33:19.697746 PORTEVENT TC_26_6_5_2_4.ttcn3:197 Receive operation on port MSC succeeded, message from system(): charstring: "{\"type\": \"HEARTBEAT\"}" id 7
2026/Jun/29 06:33:19.697754 PORTEVENT TC_26_6_5_2_4.ttcn3:197 Message with id 7 was extracted from the queue of MSC.
2026/Jun/29 06:33:19.697773 PORTEVENT TC_26_6_5_2_4.ttcn3:198 Receive operation on port L succeeded, message from system(): octetstring: '090000A437'O id 1
2026/Jun/29 06:33:19.697788 PORTEVENT TC_26_6_5_2_4.ttcn3:198 Message with id 1 was extracted from the queue of L.
2026/Jun/29 06:33:19.697818 USER TC_26_6_5_2_4.ttcn3:151 L3_Port: Received 17 bytes
2026/Jun/29 06:33:19.697851 USER TC_26_6_5_2_4.ttcn3:151 L3_Port: RAW GSMTAP hdr->arfcn=0x4033 RxArfcn=0x4033 Uplink=1 Chan=3 Len=1
2026/Jun/29 06:33:19.697865 USER TC_26_6_5_2_4.ttcn3:151 L3_Port: RX: 04 
2026/Jun/29 06:33:19.697878 PORTEVENT TC_26_6_5_2_4.ttcn3:151 Message enqueued on L from system octetstring : '040000A50F'O id 2
2026/Jun/29 06:33:19.697890 USER TC_26_6_5_2_4.ttcn3:151 L3_Port: Message delivered to TTCN-3
2026/Jun/29 06:33:19.697905 PORTEVENT TC_26_6_5_2_4.ttcn3:198 Receive operation on port L succeeded, message from system(): octetstring: '040000A50F'O id 2
2026/Jun/29 06:33:19.697915 PORTEVENT TC_26_6_5_2_4.ttcn3:198 Message with id 2 was extracted from the queue of L.
2026/Jun/29 06:33:19.698142 USER TC_26_6_5_2_4.ttcn3:151 BSC_Port: RX: {"status": "ok"}
2026/Jun/29 06:33:19.698162 PORTEVENT TC_26_6_5_2_4.ttcn3:151 Message enqueued on BSC from system charstring : "{\"status\": \"ok\"}" id 44
2026/Jun/29 06:33:19.698177 PORTEVENT TC_26_6_5_2_4.ttcn3:152 Receive operation on port BSC succeeded, message from system(): charstring : "{\"status\": \"ok\"}" id 44
2026/Jun/29 06:33:19.698187 PORTEVENT TC_26_6_5_2_4.ttcn3:152 Message with id 44 was extracted from the queue of BSC.
2026/Jun/29 06:33:19.698943 USER TC_26_6_5_2_4.ttcn3:151 BSC_Port: RX: {"status": "ok"}
2026/Jun/29 06:33:19.699021 PORTEVENT TC_26_6_5_2_4.ttcn3:151 Message enqueued on BSC from system charstring : "{\"status\": \"ok\"}" id 45
2026/Jun/29 06:33:19.699052 PORTEVENT TC_26_6_5_2_4.ttcn3:152 Receive operation on port BSC succeeded, message from system(): charstring : "{\"status\": \"ok\"}" id 45
2026/Jun/29 06:33:19.699068 PORTEVENT TC_26_6_5_2_4.ttcn3:152 Message with id 45 was extracted from the queue of BSC.
2026/Jun/29 06:33:19.739974 USER TC_26_6_5_2_4.ttcn3:151 BSC_Port: RX: {"status": "ok"}
2026/Jun/29 06:33:19.740060 PORTEVENT TC_26_6_5_2_4.ttcn3:151 Message enqueued on BSC from system charstring : "{\"status\": \"ok\"}" id 46
2026/Jun/29 06:33:19.740086 USER TC_26_6_5_2_4.ttcn3:151 BSC_Port: RX: {"status": "ok"}
2026/Jun/29 06:33:19.740100 PORTEVENT TC_26_6_5_2_4.ttcn3:151 Message enqueued on BSC from system charstring : "{\"status\": \"ok\"}" id 47
2026/Jun/29 06:33:19.740114 USER TC_26_6_5_2_4.ttcn3:151 BSC_Port: RX: {"status": "ok"}
2026/Jun/29 06:33:19.740127 PORTEVENT TC_26_6_5_2_4.ttcn3:151 Message enqueued on BSC from system charstring : "{\"status\": \"ok\"}" id 48
2026/Jun/29 06:33:19.740148 PORTEVENT TC_26_6_5_2_4.ttcn3:152 Receive operation on port BSC succeeded, message from system(): charstring : "{\"status\": \"ok\"}" id 46
2026/Jun/29 06:33:19.740163 PORTEVENT TC_26_6_5_2_4.ttcn3:152 Message with id 46 was extracted from the queue of BSC.
2026/Jun/29 06:33:19.740323 PORTEVENT TC_26_6_5_2_4.ttcn3:152 Receive operation on port BSC succeeded, message from system(): charstring : "{\"status\": \"ok\"}" id 47
2026/Jun/29 06:33:19.740336 PORTEVENT TC_26_6_5_2_4.ttcn3:152 Message with id 47 was extracted from the queue of BSC.
2026/Jun/29 06:33:19.740440 PORTEVENT TC_26_6_5_2_4.ttcn3:152 Receive operation on port BSC succeeded, message from system(): charstring : "{\"status\": \"ok\"}" id 48
2026/Jun/29 06:33:19.740450 PORTEVENT TC_26_6_5_2_4.ttcn3:152 Message with id 48 was extracted from the queue of BSC.
2026/Jun/29 06:33:20.068511 USER TC_26_6_5_2_4.ttcn3:151 BSC_Port: RX: {"event": "ESTABLISH_IND", "data": {"chan_nr": 65, "bsc_slr": 65, "l3_data": "05087009f107000033089910070000000010"}}
2026/Jun/29 06:33:20.068609 PORTEVENT TC_26_6_5_2_4.ttcn3:151 Message enqueued on BSC from system charstring : "{\"event\": \"ESTABLISH_IND\", \"data\": {\"chan_nr\": 65, \"bsc_slr\": 65, \"l3_data\": \"05087009f107000033089910070000000010\"}}" id 49
2026/Jun/29 06:33:20.068655 PORTEVENT TC_26_6_5_2_4.ttcn3:152 Receive operation on port BSC succeeded, message from system(): charstring : "{\"event\": \"ESTABLISH_IND\", \"data\": {\"chan_nr\": 65, \"bsc_slr\": 65, \"l3_data\": \"05087009f107000033089910070000000010\"}}" id 49
2026/Jun/29 06:33:20.068682 PORTEVENT TC_26_6_5_2_4.ttcn3:152 Message with id 49 was extracted from the queue of BSC.
2026/Jun/29 06:33:20.069076 USER GSM_Functions.ttcn3:365 f_extractJsonInt: Searching for key '"chan_nr"' in JSON: "{\"event\": \"ESTABLISH_IND\", \"data\": {\"chan_nr\": 65, \"bsc_slr\": 65, \"l3_data\": \"05087009f107000033089910070000000010\"}}"
2026/Jun/29 06:33:20.069144 USER GSM_Functions.ttcn3:372 f_extractJsonInt: Found key at position 36 (pattern: "\"chan_nr\":")
2026/Jun/29 06:33:20.069179 USER GSM_Functions.ttcn3:422 f_extractJsonInt: Extracted number string '"65"' => integer 65
2026/Jun/29 06:33:20.069199 USER TC_26_6_5_2_4.ttcn3:171 *** Phase 1: LU REQUEST in ESTABLISH_IND, chan_nr=65 ***
2026/Jun/29 06:33:20.069232 PORTEVENT TC_26_6_5_2_4.ttcn3:172 Sent on BSC to system charstring : "{\"command\": \"CMD_SEND_LU_ACCEPT\", \"chan_nr\": 65, \"mcc\": \"901\", \"mnc\": \"70\", \"lac\": 4242}"
2026/Jun/29 06:33:20.069318 USER TC_26_6_5_2_4.ttcn3:172 BSC_Port: TX: {"command": "CMD_SEND_LU_ACCEPT", "chan_nr": 65, "mcc": "901", "mnc": "70", "lac": 4242}
2026/Jun/29 06:33:20.069371 TIMEROP TC_26_6_5_2_4.ttcn3:175 Stop timer T_lu_wait: 60 s
2026/Jun/29 06:33:20.069394 USER TC_26_6_5_2_4.ttcn3:209 *** Phase 1: LU ACCEPT sent; waiting for mobile to become idle-updated ***
2026/Jun/29 06:33:20.069408 TIMEROP TC_26_6_5_2_4.ttcn3:211 Start timer T_lu_idle: 5 s
2026/Jun/29 06:33:20.069438 USER TC_26_6_5_2_4.ttcn3:212 BSC_Port: RX: {"event": "EVENT_LU_REQUEST", "data": {"chan_nr": 65, "bsc_slr": 65, "location_updating_request": true, "l3_data": "05087009f107000033089910070000000010"}}
2026/Jun/29 06:33:20.069470 PORTEVENT TC_26_6_5_2_4.ttcn3:212 Message enqueued on BSC from system charstring : "{\"event\": \"EVENT_LU_REQUEST\", \"data\": {\"chan_nr\": 65, \"bsc_slr\": 65, \"location_updating_request\": true, \"l3_data\": \"05087009f107000033089910070000000010\"}}" id 50
2026/Jun/29 06:33:20.069502 PORTEVENT TC_26_6_5_2_4.ttcn3:213 Receive operation on port BSC succeeded, message from system(): charstring: "{\"event\": \"EVENT_LU_REQUEST\", \"data\": {\"chan_nr\": 65, \"bsc_slr\": 65, \"location_updating_request\": true, \"l3_data\": \"05087009f107000033089910070000000010\"}}" id 50
2026/Jun/29 06:33:20.069516 PORTEVENT TC_26_6_5_2_4.ttcn3:213 Message with id 50 was extracted from the queue of BSC.
2026/Jun/29 06:33:20.671643 USER TC_26_6_5_2_4.ttcn3:212 L3_Port: Received 17 bytes
2026/Jun/29 06:33:20.671711 USER TC_26_6_5_2_4.ttcn3:212 L3_Port: RAW GSMTAP hdr->arfcn=0x4033 RxArfcn=0x4033 Uplink=1 Chan=3 Len=1
2026/Jun/29 06:33:20.671719 USER TC_26_6_5_2_4.ttcn3:212 L3_Port: RX: 0B 
2026/Jun/29 06:33:20.671730 PORTEVENT TC_26_6_5_2_4.ttcn3:212 Message enqueued on L from system octetstring : '0B0000A610'O id 3
2026/Jun/29 06:33:20.671745 USER TC_26_6_5_2_4.ttcn3:212 L3_Port: Message delivered to TTCN-3
2026/Jun/29 06:33:20.991272 USER TC_26_6_5_2_4.ttcn3:212 BSC_Port: RX: {"event": "MEAS_RES", "data": {"chan_nr": 65, "ncells": 0, "l3_data": ""}}
2026/Jun/29 06:33:20.991348 PORTEVENT TC_26_6_5_2_4.ttcn3:212 Message enqueued on BSC from system charstring : "{\"event\": \"MEAS_RES\", \"data\": {\"chan_nr\": 65, \"ncells\": 0, \"l3_data\": \"\"}}" id 51
2026/Jun/29 06:33:20.991373 PORTEVENT TC_26_6_5_2_4.ttcn3:213 Receive operation on port BSC succeeded, message from system(): charstring: "{\"event\": \"MEAS_RES\", \"data\": {\"chan_nr\": 65, \"ncells\": 0, \"l3_data\": \"\"}}" id 51
2026/Jun/29 06:33:20.991382 PORTEVENT TC_26_6_5_2_4.ttcn3:213 Message with id 51 was extracted from the queue of BSC.
2026/Jun/29 06:33:21.245139 USER TC_26_6_5_2_4.ttcn3:212 BSC_Port: RX: {"event": "RELEASE_IND", "data": {"chan_nr": 65}}
2026/Jun/29 06:33:21.245214 PORTEVENT TC_26_6_5_2_4.ttcn3:212 Message enqueued on BSC from system charstring : "{\"event\": \"RELEASE_IND\", \"data\": {\"chan_nr\": 65}}" id 52
2026/Jun/29 06:33:21.245250 PORTEVENT TC_26_6_5_2_4.ttcn3:213 Receive operation on port BSC succeeded, message from system(): charstring: "{\"event\": \"RELEASE_IND\", \"data\": {\"chan_nr\": 65}}" id 52
2026/Jun/29 06:33:21.245263 PORTEVENT TC_26_6_5_2_4.ttcn3:213 Message with id 52 was extracted from the queue of BSC.
2026/Jun/29 06:33:21.404787 USER TC_26_6_5_2_4.ttcn3:212 VTY_PT: Received data (buffered): 61 bytes
2026/Jun/29 06:33:21.848614 USER TC_26_6_5_2_4.ttcn3:212 L3_Port: Received 17 bytes
2026/Jun/29 06:33:21.848675 USER TC_26_6_5_2_4.ttcn3:212 L3_Port: RAW GSMTAP hdr->arfcn=0x4033 RxArfcn=0x4033 Uplink=1 Chan=3 Len=1
2026/Jun/29 06:33:21.848684 USER TC_26_6_5_2_4.ttcn3:212 L3_Port: RX: 0A 
2026/Jun/29 06:33:21.848696 PORTEVENT TC_26_6_5_2_4.ttcn3:212 Message enqueued on L from system octetstring : '0A0000A70D'O id 4
2026/Jun/29 06:33:21.848710 USER TC_26_6_5_2_4.ttcn3:212 L3_Port: Message delivered to TTCN-3
2026/Jun/29 06:33:23.025604 USER TC_26_6_5_2_4.ttcn3:212 L3_Port: Received 17 bytes
2026/Jun/29 06:33:23.025656 USER TC_26_6_5_2_4.ttcn3:212 L3_Port: RAW GSMTAP hdr->arfcn=0x4033 RxArfcn=0x4033 Uplink=1 Chan=3 Len=1
2026/Jun/29 06:33:23.025663 USER TC_26_6_5_2_4.ttcn3:212 L3_Port: RX: 06 
2026/Jun/29 06:33:23.025673 PORTEVENT TC_26_6_5_2_4.ttcn3:212 Message enqueued on L from system octetstring : '060000A807'O id 5
2026/Jun/29 06:33:23.025683 USER TC_26_6_5_2_4.ttcn3:212 L3_Port: Message delivered to TTCN-3
2026/Jun/29 06:33:23.071166 USER TC_26_6_5_2_4.ttcn3:212 BSC_Port: RX: {"status": "ok", "chan_nr": 65, "lac": 4242}
2026/Jun/29 06:33:23.071244 PORTEVENT TC_26_6_5_2_4.ttcn3:212 Message enqueued on BSC from system charstring : "{\"status\": \"ok\", \"chan_nr\": 65, \"lac\": 4242}" id 53
2026/Jun/29 06:33:23.071268 PORTEVENT TC_26_6_5_2_4.ttcn3:213 Receive operation on port BSC succeeded, message from system(): charstring: "{\"status\": \"ok\", \"chan_nr\": 65, \"lac\": 4242}" id 53
2026/Jun/29 06:33:23.071279 PORTEVENT TC_26_6_5_2_4.ttcn3:213 Message with id 53 was extracted from the queue of BSC.
2026/Jun/29 06:33:23.803050 USER TC_26_6_5_2_4.ttcn3:212 MSC_Port: RX: {"type": "HEARTBEAT"}
2026/Jun/29 06:33:23.803129 PORTEVENT TC_26_6_5_2_4.ttcn3:212 Message enqueued on MSC from system charstring : "{\"type\": \"HEARTBEAT\"}" id 8
2026/Jun/29 06:33:23.803151 PORTEVENT TC_26_6_5_2_4.ttcn3:214 Receive operation on port MSC succeeded, message from system(): charstring: "{\"type\": \"HEARTBEAT\"}" id 8
2026/Jun/29 06:33:23.803174 PORTEVENT TC_26_6_5_2_4.ttcn3:214 Message with id 8 was extracted from the queue of MSC.
2026/Jun/29 06:33:24.249000 USER TC_26_6_5_2_4.ttcn3:212 L3_Port: Received 39 bytes
2026/Jun/29 06:33:24.249056 USER TC_26_6_5_2_4.ttcn3:212 L3_Port: RAW GSMTAP hdr->arfcn=0x4033 RxArfcn=0x4033 Uplink=1 Chan=136 Len=23
2026/Jun/29 06:33:24.249066 USER TC_26_6_5_2_4.ttcn3:212 L3_Port: RX: 0E 00 01 03 49 06 15 00 40 01 C0 00 00 00 00 00 00 00 00 00 00 00 00 
2026/Jun/29 06:33:24.249077 PORTEVENT TC_26_6_5_2_4.ttcn3:212 Message enqueued on L from system octetstring : '0E000103490615004001C0000000000000000000000000'O id 6
2026/Jun/29 06:33:24.249086 USER TC_26_6_5_2_4.ttcn3:212 L3_Port: Message delivered to TTCN-3
2026/Jun/29 06:33:24.267006 USER TC_26_6_5_2_4.ttcn3:212 L3_Port: Received 39 bytes
2026/Jun/29 06:33:24.267067 USER TC_26_6_5_2_4.ttcn3:212 L3_Port: RAW GSMTAP hdr->arfcn=0x4033 RxArfcn=0x4033 Uplink=1 Chan=8 Len=23
2026/Jun/29 06:33:24.267076 USER TC_26_6_5_2_4.ttcn3:212 L3_Port: RX: 01 3F 49 05 08 70 09 F1 07 00 00 33 08 99 10 07 00 00 00 00 10 2B 2B 
2026/Jun/29 06:33:24.267088 PORTEVENT TC_26_6_5_2_4.ttcn3:212 Message enqueued on L from system octetstring : '013F4905087009F1070000330899100700000000102B2B'O id 7
2026/Jun/29 06:33:24.267098 USER TC_26_6_5_2_4.ttcn3:212 L3_Port: Message delivered to TTCN-3
2026/Jun/29 06:33:24.737176 USER TC_26_6_5_2_4.ttcn3:212 L3_Port: Received 39 bytes
2026/Jun/29 06:33:24.737237 USER TC_26_6_5_2_4.ttcn3:212 L3_Port: RAW GSMTAP hdr->arfcn=0x4033 RxArfcn=0x4033 Uplink=1 Chan=8 Len=23
2026/Jun/29 06:33:24.737248 USER TC_26_6_5_2_4.ttcn3:212 L3_Port: RX: 03 21 01 2B 2B 2B 2B 2B 2B 2B 2B 2B 2B 2B 2B 2B 2B 2B 2B 2B 2B 2B 2B 
2026/Jun/29 06:33:24.737268 PORTEVENT TC_26_6_5_2_4.ttcn3:212 Message enqueued on L from system octetstring : '0321012B2B2B2B2B2B2B2B2B2B2B2B2B2B2B2B2B2B2B2B'O id 8
2026/Jun/29 06:33:24.737280 USER TC_26_6_5_2_4.ttcn3:212 L3_Port: Message delivered to TTCN-3
2026/Jun/29 06:33:25.069651 TIMEROP TC_26_6_5_2_4.ttcn3:215 Timeout T_lu_idle: 5 s
2026/Jun/29 06:33:25.069718 USER TC_26_6_5_2_4.ttcn3:218 *** Phase 1 complete: mobile should be idle-updated ***
2026/Jun/29 06:33:25.069781 USER GSM_Component_Definitions.ttcn3:455 VTY: Sending command: "show subscriber"
2026/Jun/29 06:33:25.069815 PORTEVENT GSM_Component_Definitions.ttcn3:456 Sent on VTY to system charstring : "show subscriber"
2026/Jun/29 06:33:25.069866 USER GSM_Component_Definitions.ttcn3:456 VTY_PT: Sending command: "show subscriber"
2026/Jun/29 06:33:25.270065 USER GSM_Component_Definitions.ttcn3:456 VTY_PT: Received response: 
% (MS 1)
% Power off!

% (MS 1)
% Trying to register with network International, 70...

% (MS 1)
% On Network, normal service: International, 70
show subscriber
Mobile Subscriber of MS '1':
 IMSI: 901700000000001
 Status: U1_UPDATED  IMSI attached
         LAI: 901-70-4242  (International, 70)
 GPRS Status: GU0_NULL IMSI detached  PTMSI 0xffffffff  PTMSI-sig 0x000000  RAI: invalid
  P-TMSI 0x00000000 Registered PLMN: MCC-MNC 901-70  (International, 70)
 Access barred cells: no
 Access classes: C0 C1 C2 C3 C4 C5 C6 C7 C8 C9 C10 C11 C12 C13 C14 C15

OsmocomBB(mobile)> 
OsmocomBB(mobile)> 
2026/Jun/29 06:33:25.270227 PORTEVENT GSM_Component_Definitions.ttcn3:456 Message enqueued on VTY from system charstring : "\r\n% (MS 1)\r\n% Power off!\r\n\r\n% (MS 1)\r\n% Trying to register with network International, 70...\r\n\r\n% (MS 1)\r\n% On Network, normal service: International, 70\r\nshow subscriber\r\nMobile Subscriber of MS '1':\r\n IMSI: 901700000000001\r\n Status: U1_UPDATED  IMSI attached\r\n         LAI: 901-70-4242  (International, 70)\r\n GPRS Status: GU0_NULL IMSI detached  PTMSI 0xffffffff  PTMSI-sig 0x000000  RAI: invalid\r\n  P-TMSI 0x00000000 Registered PLMN: MCC-MNC 901-70  (International, 70)\r\n Access barred cells: no\r\n Access classes: C0 C1 C2 C3 C4 C5 C6 C7 C8 C9 C10 C11 C12 C13 C14 C15\r\n\r\nOsmocomBB(mobile)> \r\nOsmocomBB(mobile)> " id 1
2026/Jun/29 06:33:25.270261 TIMEROP GSM_Component_Definitions.ttcn3:459 Start timer T_vty: 5 s
2026/Jun/29 06:33:25.270311 PORTEVENT GSM_Component_Definitions.ttcn3:462 Receive operation on port VTY succeeded, message from system(): charstring : "\r\n% (MS 1)\r\n% Power off!\r\n\r\n% (MS 1)\r\n% Trying to register with network International, 70...\r\n\r\n% (MS 1)\r\n% On Network, normal service: International, 70\r\nshow subscriber\r\nMobile Subscriber of MS '1':\r\n IMSI: 901700000000001\r\n Status: U1_UPDATED  IMSI attached\r\n         LAI: 901-70-4242  (International, 70)\r\n GPRS Status: GU0_NULL IMSI detached  PTMSI 0xffffffff  PTMSI-sig 0x000000  RAI: invalid\r\n  P-TMSI 0x00000000 Registered PLMN: MCC-MNC 901-70  (International, 70)\r\n Access barred cells: no\r\n Access classes: C0 C1 C2 C3 C4 C5 C6 C7 C8 C9 C10 C11 C12 C13 C14 C15\r\n\r\nOsmocomBB(mobile)> \r\nOsmocomBB(mobile)> " id 1
2026/Jun/29 06:33:25.270324 PORTEVENT GSM_Component_Definitions.ttcn3:462 Message with id 1 was extracted from the queue of VTY.
2026/Jun/29 06:33:25.270337 TIMEROP GSM_Component_Definitions.ttcn3:463 Stop timer T_vty: 5 s
2026/Jun/29 06:33:25.270343 USER GSM_Component_Definitions.ttcn3:464 VTY: Received response: "\r\n% (MS 1)\r\n% Power off!\r\n\r\n% (MS 1)\r\n% Trying to register with network International, 70...\r\n\r\n% (MS 1)\r\n% On Network, normal service: International, 70\r\nshow subscriber\r\nMobile Subscriber of MS '1':\r\n IMSI: 901700000000001\r\n Status: U1_UPDATED  IMSI attached\r\n         LAI: 901-70-4242  (International, 70)\r\n GPRS Status: GU0_NULL IMSI detached  PTMSI 0xffffffff  PTMSI-sig 0x000000  RAI: invalid\r\n  P-TMSI 0x00000000 Registered PLMN: MCC-MNC 901-70  (International, 70)\r\n Access barred cells: no\r\n Access classes: C0 C1 C2 C3 C4 C5 C6 C7 C8 C9 C10 C11 C12 C13 C14 C15\r\n\r\nOsmocomBB(mobile)> \r\nOsmocomBB(mobile)> "
2026/Jun/29 06:33:25.270390 USER TC_26_6_5_2_4.ttcn3:222 *** Subscriber state after LU: "\r\n% (MS 1)\r\n% Power off!\r\n\r\n% (MS 1)\r\n% Trying to register with network International, 70...\r\n\r\n% (MS 1)\r\n% On Network, normal service: International, 70\r\nshow subscriber\r\nMobile Subscriber of MS '1':\r\n IMSI: 901700000000001\r\n Status: U1_UPDATED  IMSI attached\r\n         LAI: 901-70-4242  (International, 70)\r\n GPRS Status: GU0_NULL IMSI detached  PTMSI 0xffffffff  PTMSI-sig 0x000000  RAI: invalid\r\n  P-TMSI 0x00000000 Registered PLMN: MCC-MNC 901-70  (International, 70)\r\n Access barred cells: no\r\n Access classes: C0 C1 C2 C3 C4 C5 C6 C7 C8 C9 C10 C11 C12 C13 C14 C15\r\n\r\nOsmocomBB(mobile)> \r\nOsmocomBB(mobile)> " ***
2026/Jun/29 06:33:25.270427 USER TC_26_6_5_2_4.ttcn3:233 *** Phase 2: MO call initiation (spec line [9] +Est_MO_Call_init) ***
2026/Jun/29 06:33:25.270435 USER TC_26_6_5_2_4.ttcn3:234 *** INFRA_LIMIT-2: L2 ack withhold not available; HO sent after CM_SERVICE_REQUEST ***
2026/Jun/29 06:33:25.270442 TIMEROP TC_26_6_5_2_4.ttcn3:238 Start timer T_drain2: 1 s
2026/Jun/29 06:33:25.270465 USER TC_26_6_5_2_4.ttcn3:239 L3_Port: Received 39 bytes
2026/Jun/29 06:33:25.270473 USER TC_26_6_5_2_4.ttcn3:239 L3_Port: RAW GSMTAP hdr->arfcn=0x4033 RxArfcn=0x4033 Uplink=1 Chan=136 Len=23
2026/Jun/29 06:33:25.270481 USER TC_26_6_5_2_4.ttcn3:239 L3_Port: RX: 13 00 01 03 49 06 15 3F 3F 01 C0 00 00 00 00 00 00 00 00 00 00 00 00 
2026/Jun/29 06:33:25.270490 PORTEVENT TC_26_6_5_2_4.ttcn3:239 Message enqueued on L from system octetstring : '130001034906153F3F01C0000000000000000000000000'O id 9
2026/Jun/29 06:33:25.270496 USER TC_26_6_5_2_4.ttcn3:239 L3_Port: Message delivered to TTCN-3
2026/Jun/29 06:33:25.446143 USER TC_26_6_5_2_4.ttcn3:239 L3_Port: Received 39 bytes
2026/Jun/29 06:33:25.446225 USER TC_26_6_5_2_4.ttcn3:239 L3_Port: RAW GSMTAP hdr->arfcn=0x4033 RxArfcn=0x4033 Uplink=1 Chan=8 Len=23
2026/Jun/29 06:33:25.446247 USER TC_26_6_5_2_4.ttcn3:239 L3_Port: RX: 03 41 01 2B 2B 2B 2B 2B 2B 2B 2B 2B 2B 2B 2B 2B 2B 2B 2B 2B 2B 2B 2B 
2026/Jun/29 06:33:25.446271 PORTEVENT TC_26_6_5_2_4.ttcn3:239 Message enqueued on L from system octetstring : '0341012B2B2B2B2B2B2B2B2B2B2B2B2B2B2B2B2B2B2B2B'O id 10
2026/Jun/29 06:33:25.446290 USER TC_26_6_5_2_4.ttcn3:239 L3_Port: Message delivered to TTCN-3
2026/Jun/29 06:33:25.447714 USER TC_26_6_5_2_4.ttcn3:239 L3_Port: Received 39 bytes
2026/Jun/29 06:33:25.447739 USER TC_26_6_5_2_4.ttcn3:239 L3_Port: RAW GSMTAP hdr->arfcn=0x4033 RxArfcn=0x4033 Uplink=1 Chan=8 Len=23
2026/Jun/29 06:33:25.447759 USER TC_26_6_5_2_4.ttcn3:239 L3_Port: RX: 01 53 01 2B 2B 2B 2B 2B 2B 2B 2B 2B 2B 2B 2B 2B 2B 2B 2B 2B 2B 2B 2B 
2026/Jun/29 06:33:25.447776 PORTEVENT TC_26_6_5_2_4.ttcn3:239 Message enqueued on L from system octetstring : '0153012B2B2B2B2B2B2B2B2B2B2B2B2B2B2B2B2B2B2B2B'O id 11
2026/Jun/29 06:33:25.447788 USER TC_26_6_5_2_4.ttcn3:239 L3_Port: Message delivered to TTCN-3
2026/Jun/29 06:33:26.270461 TIMEROP TC_26_6_5_2_4.ttcn3:242 Timeout T_drain2: 1 s
2026/Jun/29 06:33:26.270539 USER GSM_Component_Definitions.ttcn3:455 VTY: Sending command: "enable"
2026/Jun/29 06:33:26.270588 PORTEVENT GSM_Component_Definitions.ttcn3:456 Sent on VTY to system charstring : "enable"
2026/Jun/29 06:33:26.270612 USER GSM_Component_Definitions.ttcn3:456 VTY_PT: Sending command: "enable"
2026/Jun/29 06:33:26.470795 USER GSM_Component_Definitions.ttcn3:456 VTY_PT: Received response: enable
OsmocomBB(mobile)# 
OsmocomBB(mobile)# 
2026/Jun/29 06:33:26.470944 PORTEVENT GSM_Component_Definitions.ttcn3:456 Message enqueued on VTY from system charstring : "enable\r\nOsmocomBB(mobile)# \r\nOsmocomBB(mobile)# " id 2
2026/Jun/29 06:33:26.470977 TIMEROP GSM_Component_Definitions.ttcn3:459 Start timer T_vty: 5 s
2026/Jun/29 06:33:26.471010 PORTEVENT GSM_Component_Definitions.ttcn3:462 Receive operation on port VTY succeeded, message from system(): charstring : "enable\r\nOsmocomBB(mobile)# \r\nOsmocomBB(mobile)# " id 2
2026/Jun/29 06:33:26.471043 PORTEVENT GSM_Component_Definitions.ttcn3:462 Message with id 2 was extracted from the queue of VTY.
2026/Jun/29 06:33:26.471055 TIMEROP GSM_Component_Definitions.ttcn3:463 Stop timer T_vty: 5 s
2026/Jun/29 06:33:26.471066 USER GSM_Component_Definitions.ttcn3:464 VTY: Received response: "enable\r\nOsmocomBB(mobile)# \r\nOsmocomBB(mobile)# "
2026/Jun/29 06:33:26.471091 USER TC_26_6_5_2_4.ttcn3:247 VTY enable: "enable\r\nOsmocomBB(mobile)# \r\nOsmocomBB(mobile)# "
2026/Jun/29 06:33:26.471115 USER GSM_Component_Definitions.ttcn3:455 VTY: Sending command: "enable"
2026/Jun/29 06:33:26.471133 PORTEVENT GSM_Component_Definitions.ttcn3:456 Sent on VTY to system charstring : "enable"
2026/Jun/29 06:33:26.471150 USER GSM_Component_Definitions.ttcn3:456 VTY_PT: Sending command: "enable"
2026/Jun/29 06:33:26.671373 USER GSM_Component_Definitions.ttcn3:456 VTY_PT: Received response: enable
% Unknown command.
OsmocomBB(mobile)# 
OsmocomBB(mobile)# 
2026/Jun/29 06:33:26.671505 PORTEVENT GSM_Component_Definitions.ttcn3:456 Message enqueued on VTY from system charstring : "enable\r\n% Unknown command.\r\nOsmocomBB(mobile)# \r\nOsmocomBB(mobile)# " id 3
2026/Jun/29 06:33:26.671537 TIMEROP GSM_Component_Definitions.ttcn3:459 Start timer T_vty: 5 s
2026/Jun/29 06:33:26.671574 PORTEVENT GSM_Component_Definitions.ttcn3:462 Receive operation on port VTY succeeded, message from system(): charstring : "enable\r\n% Unknown command.\r\nOsmocomBB(mobile)# \r\nOsmocomBB(mobile)# " id 3
2026/Jun/29 06:33:26.671592 PORTEVENT GSM_Component_Definitions.ttcn3:462 Message with id 3 was extracted from the queue of VTY.
2026/Jun/29 06:33:26.671604 TIMEROP GSM_Component_Definitions.ttcn3:463 Stop timer T_vty: 5 s
2026/Jun/29 06:33:26.671614 USER GSM_Component_Definitions.ttcn3:464 VTY: Received response: "enable\r\n% Unknown command.\r\nOsmocomBB(mobile)# \r\nOsmocomBB(mobile)# "
2026/Jun/29 06:33:26.671643 USER TC_26_6_5_2_4.ttcn3:249 VTY enable (2): "enable\r\n% Unknown command.\r\nOsmocomBB(mobile)# \r\nOsmocomBB(mobile)# "
2026/Jun/29 06:33:26.671666 USER GSM_Component_Definitions.ttcn3:455 VTY: Sending command: "call 1 12345"
2026/Jun/29 06:33:26.671686 PORTEVENT GSM_Component_Definitions.ttcn3:456 Sent on VTY to system charstring : "call 1 12345"
2026/Jun/29 06:33:26.671702 USER GSM_Component_Definitions.ttcn3:456 VTY_PT: Sending command: "call 1 12345"
2026/Jun/29 06:33:26.871865 USER GSM_Component_Definitions.ttcn3:456 VTY_PT: Received response: call 1 12345
OsmocomBB(mobile)# 
OsmocomBB(mobile)# 
2026/Jun/29 06:33:26.871947 PORTEVENT GSM_Component_Definitions.ttcn3:456 Message enqueued on VTY from system charstring : "call 1 12345\r\nOsmocomBB(mobile)# \r\nOsmocomBB(mobile)# " id 4
2026/Jun/29 06:33:26.871966 TIMEROP GSM_Component_Definitions.ttcn3:459 Start timer T_vty: 5 s
2026/Jun/29 06:33:26.871986 PORTEVENT GSM_Component_Definitions.ttcn3:462 Receive operation on port VTY succeeded, message from system(): charstring : "call 1 12345\r\nOsmocomBB(mobile)# \r\nOsmocomBB(mobile)# " id 4
2026/Jun/29 06:33:26.871994 PORTEVENT GSM_Component_Definitions.ttcn3:462 Message with id 4 was extracted from the queue of VTY.
2026/Jun/29 06:33:26.871999 TIMEROP GSM_Component_Definitions.ttcn3:463 Stop timer T_vty: 5 s
2026/Jun/29 06:33:26.872004 USER GSM_Component_Definitions.ttcn3:464 VTY: Received response: "call 1 12345\r\nOsmocomBB(mobile)# \r\nOsmocomBB(mobile)# "
2026/Jun/29 06:33:26.872015 USER TC_26_6_5_2_4.ttcn3:251 VTY call command: "call 1 12345\r\nOsmocomBB(mobile)# \r\nOsmocomBB(mobile)# "
2026/Jun/29 06:33:26.872024 USER TC_26_6_5_2_4.ttcn3:254 *** Waiting for CHAN_RQD for MO call ***
2026/Jun/29 06:33:26.872029 TIMEROP TC_26_6_5_2_4.ttcn3:256 Start timer T_chan_req: 30 s
2026/Jun/29 06:33:26.893454 USER TC_26_6_5_2_4.ttcn3:257 BSC_Port: RX: {"event": "CHAN_RQD", "data": {"ra": 232, "frame_number": 3057, "frame_number_encoded": 4591, "unit_id": "4242/0/0"}}
2026/Jun/29 06:33:26.893563 PORTEVENT TC_26_6_5_2_4.ttcn3:257 Message enqueued on BSC from system charstring : "{\"event\": \"CHAN_RQD\", \"data\": {\"ra\": 232, \"frame_number\": 3057, \"frame_number_encoded\": 4591, \"unit_id\": \"4242/0/0\"}}" id 54
2026/Jun/29 06:33:26.893625 PORTEVENT TC_26_6_5_2_4.ttcn3:258 Receive operation on port BSC succeeded, message from system(): charstring : "{\"event\": \"CHAN_RQD\", \"data\": {\"ra\": 232, \"frame_number\": 3057, \"frame_number_encoded\": 4591, \"unit_id\": \"4242/0/0\"}}" id 54
2026/Jun/29 06:33:26.893645 PORTEVENT TC_26_6_5_2_4.ttcn3:258 Message with id 54 was extracted from the queue of BSC.
2026/Jun/29 06:33:26.893789 USER GSM_Functions.ttcn3:365 f_extractJsonInt: Searching for key '"ra"' in JSON: "{\"event\": \"CHAN_RQD\", \"data\": {\"ra\": 232, \"frame_number\": 3057, \"frame_number_encoded\": 4591, \"unit_id\": \"4242/0/0\"}}"
2026/Jun/29 06:33:26.893870 USER GSM_Functions.ttcn3:372 f_extractJsonInt: Found key at position 31 (pattern: "\"ra\":")
2026/Jun/29 06:33:26.893912 USER GSM_Functions.ttcn3:422 f_extractJsonInt: Extracted number string '"232"' => integer 232
2026/Jun/29 06:33:26.893935 USER GSM_Functions.ttcn3:365 f_extractJsonInt: Searching for key '"frame_number_encoded"' in JSON: "{\"event\": \"CHAN_RQD\", \"data\": {\"ra\": 232, \"frame_number\": 3057, \"frame_number_encoded\": 4591, \"unit_id\": \"4242/0/0\"}}"
2026/Jun/29 06:33:26.893983 USER GSM_Functions.ttcn3:372 f_extractJsonInt: Found key at position 64 (pattern: "\"frame_number_encoded\":")
2026/Jun/29 06:33:26.894010 USER GSM_Functions.ttcn3:422 f_extractJsonInt: Extracted number string '"4591"' => integer 4591
2026/Jun/29 06:33:26.894031 TIMEROP TC_26_6_5_2_4.ttcn3:262 Stop timer T_chan_req: 30 s
2026/Jun/29 06:33:26.894052 USER TC_26_6_5_2_4.ttcn3:263 *** CHAN_RQD: RA=232 FN_enc=4591" " & char(0, 0, 32, 20) & " sending IMM_ASS_EXT ***"
2026/Jun/29 06:33:26.894116 PORTEVENT TC_26_6_5_2_4.ttcn3:280 Sent on BSC to system charstring : "{\"command\": \"CMD_SEND_IMM_ASS_EXT\", \"req_ref1\": {\"ra\": 232, \"frame_number\": 0, \"frame_number_encoded\": 4591}, \"req_ref2\": {\"ra\": 255, \"frame_number\": 0, \"frame_number_encoded\": 0}, \"chan_desc1\": {\"ts\": 1, \"subslot\": 0, \"arfcn\": 51, \"chan_type\": 1}, \"chan_desc2\": {\"ts\": 1, \"subslot\": 1, \"arfcn\": 51, \"chan_type\": 1}, \"timing_advance\": 0}"
2026/Jun/29 06:33:26.894228 USER TC_26_6_5_2_4.ttcn3:280 BSC_Port: TX: {"command": "CMD_SEND_IMM_ASS_EXT", "req_ref1": {"ra": 232, "frame_number": 0, "frame_number_encoded": 4591}, "req_ref2": {"ra": 255, "frame_number": 0, "frame_number_encoded": 0}, "chan_desc1": {"ts": 1, "subslot": 0, "arfcn": 51, "chan_type": 1}, "chan_desc2": {"ts": 1, "subslot": 1, "arfcn": 51, "chan_type": 1}, "timing_advance": 0}
2026/Jun/29 06:33:26.894251 TIMEROP TC_26_6_5_2_4.ttcn3:289 Start timer T_imm: 5 s
2026/Jun/29 06:33:26.895504 USER TC_26_6_5_2_4.ttcn3:290 BSC_Port: RX: {"status": "ok"}
2026/Jun/29 06:33:26.895535 PORTEVENT TC_26_6_5_2_4.ttcn3:290 Message enqueued on BSC from system charstring : "{\"status\": \"ok\"}" id 55
2026/Jun/29 06:33:26.895555 PORTEVENT TC_26_6_5_2_4.ttcn3:291 Receive operation on port BSC succeeded, message from system(): charstring : "{\"status\": \"ok\"}" id 55
2026/Jun/29 06:33:26.895568 PORTEVENT TC_26_6_5_2_4.ttcn3:291 Message with id 55 was extracted from the queue of BSC.
2026/Jun/29 06:33:26.895679 TIMEROP TC_26_6_5_2_4.ttcn3:295 Stop timer T_imm: 5 s
2026/Jun/29 06:33:26.895694 USER TC_26_6_5_2_4.ttcn3:296 *** IMM_ASS_EXT sent (SDCCH/8 subslot 0 TS1) ***
2026/Jun/29 06:33:26.895708 USER TC_26_6_5_2_4.ttcn3:310 *** Waiting for ESTABLISH_IND on SDCCH (n51) ***
2026/Jun/29 06:33:26.895720 TIMEROP TC_26_6_5_2_4.ttcn3:312 Start timer T_est: 20 s
2026/Jun/29 06:33:26.895737 PORTEVENT TC_26_6_5_2_4.ttcn3:331 Receive operation on port L succeeded, message from system(): octetstring: '0B0000A610'O id 3
2026/Jun/29 06:33:26.895751 PORTEVENT TC_26_6_5_2_4.ttcn3:331 Message with id 3 was extracted from the queue of L.
2026/Jun/29 06:33:26.895761 PORTEVENT TC_26_6_5_2_4.ttcn3:331 Receive operation on port L succeeded, message from system(): octetstring: '0A0000A70D'O id 4
2026/Jun/29 06:33:26.895781 PORTEVENT TC_26_6_5_2_4.ttcn3:331 Message with id 4 was extracted from the queue of L.
2026/Jun/29 06:33:26.895791 PORTEVENT TC_26_6_5_2_4.ttcn3:331 Receive operation on port L succeeded, message from system(): octetstring: '060000A807'O id 5
2026/Jun/29 06:33:26.895800 PORTEVENT TC_26_6_5_2_4.ttcn3:331 Message with id 5 was extracted from the queue of L.
2026/Jun/29 06:33:26.895811 PORTEVENT TC_26_6_5_2_4.ttcn3:331 Receive operation on port L succeeded, message from system(): octetstring: '0E000103490615004001C0000000000000000000000000'O id 6
2026/Jun/29 06:33:26.895832 PORTEVENT TC_26_6_5_2_4.ttcn3:331 Message with id 6 was extracted from the queue of L.
2026/Jun/29 06:33:26.895849 PORTEVENT TC_26_6_5_2_4.ttcn3:331 Receive operation on port L succeeded, message from system(): octetstring: '013F4905087009F1070000330899100700000000102B2B'O id 7
2026/Jun/29 06:33:26.895858 PORTEVENT TC_26_6_5_2_4.ttcn3:331 Message with id 7 was extracted from the queue of L.
2026/Jun/29 06:33:26.895869 PORTEVENT TC_26_6_5_2_4.ttcn3:331 Receive operation on port L succeeded, message from system(): octetstring: '0321012B2B2B2B2B2B2B2B2B2B2B2B2B2B2B2B2B2B2B2B'O id 8
2026/Jun/29 06:33:26.895877 PORTEVENT TC_26_6_5_2_4.ttcn3:331 Message with id 8 was extracted from the queue of L.
2026/Jun/29 06:33:26.895888 PORTEVENT TC_26_6_5_2_4.ttcn3:331 Receive operation on port L succeeded, message from system(): octetstring: '130001034906153F3F01C0000000000000000000000000'O id 9
2026/Jun/29 06:33:26.895897 PORTEVENT TC_26_6_5_2_4.ttcn3:331 Message with id 9 was extracted from the queue of L.
2026/Jun/29 06:33:26.895908 PORTEVENT TC_26_6_5_2_4.ttcn3:331 Receive operation on port L succeeded, message from system(): octetstring: '0341012B2B2B2B2B2B2B2B2B2B2B2B2B2B2B2B2B2B2B2B'O id 10
2026/Jun/29 06:33:26.895917 PORTEVENT TC_26_6_5_2_4.ttcn3:331 Message with id 10 was extracted from the queue of L.
2026/Jun/29 06:33:26.895928 PORTEVENT TC_26_6_5_2_4.ttcn3:331 Receive operation on port L succeeded, message from system(): octetstring: '0153012B2B2B2B2B2B2B2B2B2B2B2B2B2B2B2B2B2B2B2B'O id 11
2026/Jun/29 06:33:26.895937 PORTEVENT TC_26_6_5_2_4.ttcn3:331 Message with id 11 was extracted from the queue of L.
2026/Jun/29 06:33:27.129408 USER TC_26_6_5_2_4.ttcn3:313 BSC_Port: RX: {"event": "ESTABLISH_IND", "data": {"chan_nr": 65, "bsc_slr": 65, "l3_data": "05247103331f01089910070000000010"}}
2026/Jun/29 06:33:27.129504 PORTEVENT TC_26_6_5_2_4.ttcn3:313 Message enqueued on BSC from system charstring : "{\"event\": \"ESTABLISH_IND\", \"data\": {\"chan_nr\": 65, \"bsc_slr\": 65, \"l3_data\": \"05247103331f01089910070000000010\"}}" id 56
2026/Jun/29 06:33:27.129553 PORTEVENT TC_26_6_5_2_4.ttcn3:314 Receive operation on port BSC succeeded, message from system(): charstring : "{\"event\": \"ESTABLISH_IND\", \"data\": {\"chan_nr\": 65, \"bsc_slr\": 65, \"l3_data\": \"05247103331f01089910070000000010\"}}" id 56
2026/Jun/29 06:33:27.129572 PORTEVENT TC_26_6_5_2_4.ttcn3:314 Message with id 56 was extracted from the queue of BSC.
2026/Jun/29 06:33:27.129747 TIMEROP TC_26_6_5_2_4.ttcn3:316 Stop timer T_est: 20 s
2026/Jun/29 06:33:27.129776 USER GSM_Functions.ttcn3:365 f_extractJsonInt: Searching for key '"chan_nr"' in JSON: "{\"event\": \"ESTABLISH_IND\", \"data\": {\"chan_nr\": 65, \"bsc_slr\": 65, \"l3_data\": \"05247103331f01089910070000000010\"}}"
2026/Jun/29 06:33:27.129858 USER GSM_Functions.ttcn3:372 f_extractJsonInt: Found key at position 36 (pattern: "\"chan_nr\":")
2026/Jun/29 06:33:27.129899 USER GSM_Functions.ttcn3:422 f_extractJsonInt: Extracted number string '"65"' => integer 65
2026/Jun/29 06:33:27.130046 USER TC_26_6_5_2_4.ttcn3:324 *** L2 established on SDCCH chan_nr=65 mo_call_init=true: "{\"event\": \"ESTABLISH_IND\", \"data\": {\"chan_nr\": 65, \"bsc_slr\": 65, \"l3_data\": \"05247103331f01089910070000000010\"}}" ***
2026/Jun/29 06:33:27.130127 USER TC_26_6_5_2_4.ttcn3:344 *** Draining for CM SERVICE REQUEST (BSC stub mode: already captured in ESTABLISH_IND) ***
2026/Jun/29 06:33:27.130142 TIMEROP TC_26_6_5_2_4.ttcn3:346 Start timer T_cmsrq: 0.5 s
2026/Jun/29 06:33:27.130191 USER TC_26_6_5_2_4.ttcn3:347 BSC_Port: RX: {"event": "EVENT_CM_SERVICE_REQUEST", "data": {"chan_nr": 65, "bsc_slr": 65, "cm_service_request": true, "l3_data": "05247103331f01089910070000000010"}}
2026/Jun/29 06:33:27.130222 PORTEVENT TC_26_6_5_2_4.ttcn3:347 Message enqueued on BSC from system charstring : "{\"event\": \"EVENT_CM_SERVICE_REQUEST\", \"data\": {\"chan_nr\": 65, \"bsc_slr\": 65, \"cm_service_request\": true, \"l3_data\": \"05247103331f01089910070000000010\"}}" id 57
2026/Jun/29 06:33:27.130253 PORTEVENT TC_26_6_5_2_4.ttcn3:366 Receive operation on port BSC succeeded, message from system(): charstring : "{\"event\": \"EVENT_CM_SERVICE_REQUEST\", \"data\": {\"chan_nr\": 65, \"bsc_slr\": 65, \"cm_service_request\": true, \"l3_data\": \"05247103331f01089910070000000010\"}}" id 57
2026/Jun/29 06:33:27.130267 PORTEVENT TC_26_6_5_2_4.ttcn3:366 Message with id 57 was extracted from the queue of BSC.
2026/Jun/29 06:33:27.533057 USER TC_26_6_5_2_4.ttcn3:347 BSC_Port: RX: {"event": "MEAS_RES", "data": {"chan_nr": 65, "ncells": 0, "l3_data": ""}}
2026/Jun/29 06:33:27.533124 PORTEVENT TC_26_6_5_2_4.ttcn3:347 Message enqueued on BSC from system charstring : "{\"event\": \"MEAS_RES\", \"data\": {\"chan_nr\": 65, \"ncells\": 0, \"l3_data\": \"\"}}" id 58
2026/Jun/29 06:33:27.533150 PORTEVENT TC_26_6_5_2_4.ttcn3:366 Receive operation on port BSC succeeded, message from system(): charstring : "{\"event\": \"MEAS_RES\", \"data\": {\"chan_nr\": 65, \"ncells\": 0, \"l3_data\": \"\"}}" id 58
2026/Jun/29 06:33:27.533159 PORTEVENT TC_26_6_5_2_4.ttcn3:366 Message with id 58 was extracted from the queue of BSC.
2026/Jun/29 06:33:27.598183 USER TC_26_6_5_2_4.ttcn3:347 BSC_Port: RX: {"event": "DATA_IND", "data": {"chan_nr": 65, "bsc_slr": 65, "l3_data": "03450404600200815e04812143f5150101"}}
2026/Jun/29 06:33:27.598254 PORTEVENT TC_26_6_5_2_4.ttcn3:347 Message enqueued on BSC from system charstring : "{\"event\": \"DATA_IND\", \"data\": {\"chan_nr\": 65, \"bsc_slr\": 65, \"l3_data\": \"03450404600200815e04812143f5150101\"}}" id 59
2026/Jun/29 06:33:27.598282 PORTEVENT TC_26_6_5_2_4.ttcn3:366 Receive operation on port BSC succeeded, message from system(): charstring : "{\"event\": \"DATA_IND\", \"data\": {\"chan_nr\": 65, \"bsc_slr\": 65, \"l3_data\": \"03450404600200815e04812143f5150101\"}}" id 59
2026/Jun/29 06:33:27.598292 PORTEVENT TC_26_6_5_2_4.ttcn3:366 Message with id 59 was extracted from the queue of BSC.
2026/Jun/29 06:33:27.630184 TIMEROP TC_26_6_5_2_4.ttcn3:367 Timeout T_cmsrq: 0.5 s
2026/Jun/29 06:33:27.630268 USER TC_26_6_5_2_4.ttcn3:368 "*** No CM SERVICE REQUEST event " & char(0, 0, 32, 20) & " continuing ***"
2026/Jun/29 06:33:27.630362 TIMEROP TC_26_6_5_2_4.ttcn3:376 Start timer T_setup_nsd: 0.5 s
2026/Jun/29 06:33:28.130392 TIMEROP TC_26_6_5_2_4.ttcn3:390 Timeout T_setup_nsd: 0.5 s
2026/Jun/29 06:33:28.130456 USER TC_26_6_5_2_4.ttcn3:391 *** No CC SETUP event yet (may arrive after HO) ***
2026/Jun/29 06:33:28.130516 USER TC_26_6_5_2_4.ttcn3:403 *** Phase 2b: Checking for RR MEASUREMENT REPORT (spec line [12], best-effort, short window) ***
2026/Jun/29 06:33:28.130527 TIMEROP TC_26_6_5_2_4.ttcn3:405 Start timer T_meas: 0.5 s
2026/Jun/29 06:33:28.521615 USER TC_26_6_5_2_4.ttcn3:407 BSC_Port: RX: {"event": "MEAS_RES", "data": {"chan_nr": 65, "ncells": 0, "l3_data": ""}}
2026/Jun/29 06:33:28.521679 PORTEVENT TC_26_6_5_2_4.ttcn3:407 Message enqueued on BSC from system charstring : "{\"event\": \"MEAS_RES\", \"data\": {\"chan_nr\": 65, \"ncells\": 0, \"l3_data\": \"\"}}" id 60
2026/Jun/29 06:33:28.521703 PORTEVENT TC_26_6_5_2_4.ttcn3:408 Receive operation on port BSC succeeded, message from system(): charstring : "{\"event\": \"MEAS_RES\", \"data\": {\"chan_nr\": 65, \"ncells\": 0, \"l3_data\": \"\"}}" id 60
2026/Jun/29 06:33:28.521711 PORTEVENT TC_26_6_5_2_4.ttcn3:408 Message with id 60 was extracted from the queue of BSC.
2026/Jun/29 06:33:28.630549 TIMEROP TC_26_6_5_2_4.ttcn3:428 Timeout T_meas: 0.5 s
2026/Jun/29 06:33:28.630619 USER TC_26_6_5_2_4.ttcn3:429 *** No RR MEASUREMENT REPORT observed (MS may not have neighbour cells visible) ***
2026/Jun/29 06:33:28.630669 USER TC_26_6_5_2_4.ttcn3:444 *** Phase 3a: Sending non-synchronised HANDOVER COMMAND (spec line [13]) ***
2026/Jun/29 06:33:28.630683 USER TC_26_6_5_2_4.ttcn3:445 *** FH-SKIP: Spec uses HandOverCmd_fh; infra sends h=0 fixed ARFCN 56 ***
2026/Jun/29 06:33:28.630693 USER TC_26_6_5_2_4.ttcn3:446 *** BSIC=24 (NCC=3+BCC=0), target_arfcn=56 (n56 BTS, inter-cell), no SYNC_IND IE (non-sync) ***
2026/Jun/29 06:33:28.630734 PORTEVENT TC_26_6_5_2_4.ttcn3:456 Sent on BSC to system charstring : "{\"command\": \"CMD_SEND_HANDOVER\", \"chan_nr\": 65, \"target_arfcn\": 56, \"target_chan_nr\": 10, \"target_bsic\": 24, \"ho_ref\": 1, \"synchronized\": false}"
2026/Jun/29 06:33:28.630874 USER TC_26_6_5_2_4.ttcn3:456 BSC_Port: TX: {"command": "CMD_SEND_HANDOVER", "chan_nr": 65, "target_arfcn": 56, "target_chan_nr": 10, "target_bsic": 24, "ho_ref": 1, "synchronized": false}
2026/Jun/29 06:33:28.630900 TIMEROP TC_26_6_5_2_4.ttcn3:459 Start timer T_ho: 10 s
2026/Jun/29 06:33:28.683128 USER TC_26_6_5_2_4.ttcn3:460 BSC_Port: RX: {"status": "ok", "chan_nr": 65, "target_arfcn": 56}
2026/Jun/29 06:33:28.683196 PORTEVENT TC_26_6_5_2_4.ttcn3:460 Message enqueued on BSC from system charstring : "{\"status\": \"ok\", \"chan_nr\": 65, \"target_arfcn\": 56}" id 61
2026/Jun/29 06:33:28.683219 PORTEVENT TC_26_6_5_2_4.ttcn3:461 Receive operation on port BSC succeeded, message from system(): charstring : "{\"status\": \"ok\", \"chan_nr\": 65, \"target_arfcn\": 56}" id 61
2026/Jun/29 06:33:28.683227 PORTEVENT TC_26_6_5_2_4.ttcn3:461 Message with id 61 was extracted from the queue of BSC.
2026/Jun/29 06:33:28.683323 TIMEROP TC_26_6_5_2_4.ttcn3:463 Stop timer T_ho: 10 s
2026/Jun/29 06:33:28.683337 USER TC_26_6_5_2_4.ttcn3:464 *** CMD_SEND_HANDOVER accepted (non-sync): SDCCH/8 TS1 (ARFCN 51) -> TCH/F TS2 (ARFCN 56) inter-cell ***
2026/Jun/29 06:33:28.683345 USER TC_26_6_5_2_4.ttcn3:496 *** Phase 3b: Waiting for HANDOVER_DETECTED (RSL_MT_HANDO_DET from BTS) ***
2026/Jun/29 06:33:28.683349 USER TC_26_6_5_2_4.ttcn3:497 "*** Spec line [16]: OM_SendNextOnHO " & char(0, 0, 32, 20) & " MS sends HO access bursts with ho_ref=1 ***"
2026/Jun/29 06:33:28.683364 TIMEROP TC_26_6_5_2_4.ttcn3:501 Start timer T_hoacc: 15 s
2026/Jun/29 06:33:28.808184 USER TC_26_6_5_2_4.ttcn3:502 MSC_Port: RX: {"type": "HEARTBEAT"}
2026/Jun/29 06:33:28.808270 PORTEVENT TC_26_6_5_2_4.ttcn3:502 Message enqueued on MSC from system charstring : "{\"type\": \"HEARTBEAT\"}" id 9
2026/Jun/29 06:33:28.808304 PORTEVENT TC_26_6_5_2_4.ttcn3:518 Receive operation on port MSC succeeded, message from system(): charstring: "{\"type\": \"HEARTBEAT\"}" id 9
2026/Jun/29 06:33:28.808321 PORTEVENT TC_26_6_5_2_4.ttcn3:518 Message with id 9 was extracted from the queue of MSC.
2026/Jun/29 06:33:29.171862 USER TC_26_6_5_2_4.ttcn3:502 BSC_Port: RX: {"event": "ESTABLISH_IND", "data": {"chan_nr": 10, "bsc_slr": 10, "l3_data": ""}}
2026/Jun/29 06:33:29.171920 PORTEVENT TC_26_6_5_2_4.ttcn3:502 Message enqueued on BSC from system charstring : "{\"event\": \"ESTABLISH_IND\", \"data\": {\"chan_nr\": 10, \"bsc_slr\": 10, \"l3_data\": \"\"}}" id 62
2026/Jun/29 06:33:29.171942 PORTEVENT TC_26_6_5_2_4.ttcn3:503 Receive operation on port BSC succeeded, message from system(): charstring : "{\"event\": \"ESTABLISH_IND\", \"data\": {\"chan_nr\": 10, \"bsc_slr\": 10, \"l3_data\": \"\"}}" id 62
2026/Jun/29 06:33:29.171951 PORTEVENT TC_26_6_5_2_4.ttcn3:503 Message with id 62 was extracted from the queue of BSC.
2026/Jun/29 06:33:29.172044 TIMEROP TC_26_6_5_2_4.ttcn3:511 Stop timer T_hoacc: 15 s
2026/Jun/29 06:33:29.172057 USER TC_26_6_5_2_4.ttcn3:512 *** ESTABLISH_IND seen during access burst phase (unexpected) ***
2026/Jun/29 06:33:29.172064 USER TC_26_6_5_2_4.ttcn3:533 *** Phase 3c: Sending PHYSICAL INFORMATION (spec line [17] L!DL_DatRqPhyinfo) ***
2026/Jun/29 06:33:29.172069 USER TC_26_6_5_2_4.ttcn3:534 *** chan_nr=10 timing_adv=20 target_arfcn=56 (n56 BTS, inter-cell) ***
2026/Jun/29 06:33:29.172089 PORTEVENT TC_26_6_5_2_4.ttcn3:541 Sent on BSC to system charstring : "{\"command\": \"CMD_SEND_PHYSICAL_INFO\", \"chan_nr\": 10, \"timing_adv\": 20, \"target_arfcn\": 56}"
2026/Jun/29 06:33:29.172141 USER TC_26_6_5_2_4.ttcn3:541 BSC_Port: TX: {"command": "CMD_SEND_PHYSICAL_INFO", "chan_nr": 10, "timing_adv": 20, "target_arfcn": 56}
2026/Jun/29 06:33:29.172152 TIMEROP TC_26_6_5_2_4.ttcn3:544 Start timer T_phys: 5 s
2026/Jun/29 06:33:29.172800 USER TC_26_6_5_2_4.ttcn3:545 BSC_Port: RX: {"status": "ok", "chan_nr": 10, "timing_adv": 20}
2026/Jun/29 06:33:29.172811 PORTEVENT TC_26_6_5_2_4.ttcn3:545 Message enqueued on BSC from system charstring : "{\"status\": \"ok\", \"chan_nr\": 10, \"timing_adv\": 20}" id 63
2026/Jun/29 06:33:29.172826 PORTEVENT TC_26_6_5_2_4.ttcn3:546 Receive operation on port BSC succeeded, message from system(): charstring : "{\"status\": \"ok\", \"chan_nr\": 10, \"timing_adv\": 20}" id 63
2026/Jun/29 06:33:29.172835 PORTEVENT TC_26_6_5_2_4.ttcn3:546 Message with id 63 was extracted from the queue of BSC.
2026/Jun/29 06:33:29.172898 TIMEROP TC_26_6_5_2_4.ttcn3:548 Stop timer T_phys: 5 s
2026/Jun/29 06:33:29.172904 USER TC_26_6_5_2_4.ttcn3:550 *** CMD_SEND_PHYSICAL_INFO sent (TA=20) ***
2026/Jun/29 06:33:29.172911 USER TC_26_6_5_2_4.ttcn3:570 *** Phase 4: Waiting for ESTABLISH_IND on TCH/F TS2 (chan_nr=10) ARFCN 56 n56 BTS (spec line [18] +RR_hocomp1) ***
2026/Jun/29 06:33:29.172917 TIMEROP TC_26_6_5_2_4.ttcn3:573 Start timer T_ho_est: 30 s
2026/Jun/29 06:33:29.228258 USER TC_26_6_5_2_4.ttcn3:574 BSC_Port: RX: {"event": "DATA_IND", "data": {"chan_nr": 10, "bsc_slr": 10, "l3_data": "062c00"}}
2026/Jun/29 06:33:29.228349 PORTEVENT TC_26_6_5_2_4.ttcn3:574 Message enqueued on BSC from system charstring : "{\"event\": \"DATA_IND\", \"data\": {\"chan_nr\": 10, \"bsc_slr\": 10, \"l3_data\": \"062c00\"}}" id 64
2026/Jun/29 06:33:29.228392 PORTEVENT TC_26_6_5_2_4.ttcn3:575 Receive operation on port BSC succeeded, message from system(): charstring : "{\"event\": \"DATA_IND\", \"data\": {\"chan_nr\": 10, \"bsc_slr\": 10, \"l3_data\": \"062c00\"}}" id 64
2026/Jun/29 06:33:29.228408 PORTEVENT TC_26_6_5_2_4.ttcn3:575 Message with id 64 was extracted from the queue of BSC.
2026/Jun/29 06:33:31.185715 USER TC_26_6_5_2_4.ttcn3:574 L3_Port: Received 17 bytes
2026/Jun/29 06:33:31.185781 USER TC_26_6_5_2_4.ttcn3:574 L3_Port: RAW GSMTAP hdr->arfcn=0x4033 RxArfcn=0x4033 Uplink=1 Chan=3 Len=1
2026/Jun/29 06:33:31.185792 USER TC_26_6_5_2_4.ttcn3:574 L3_Port: RX: EE 
2026/Jun/29 06:33:31.185803 PORTEVENT TC_26_6_5_2_4.ttcn3:574 Message enqueued on L from system octetstring : 'EE0000AEFF'O id 12
2026/Jun/29 06:33:31.185814 USER TC_26_6_5_2_4.ttcn3:574 L3_Port: Message delivered to TTCN-3
2026/Jun/29 06:33:31.185840 PORTEVENT TC_26_6_5_2_4.ttcn3:594 Receive operation on port L succeeded, message from system(): octetstring: 'EE0000AEFF'O id 12
2026/Jun/29 06:33:31.185850 PORTEVENT TC_26_6_5_2_4.ttcn3:594 Message with id 12 was extracted from the queue of L.
2026/Jun/29 06:33:31.327521 USER TC_26_6_5_2_4.ttcn3:574 L3_Port: Received 39 bytes
2026/Jun/29 06:33:31.327571 USER TC_26_6_5_2_4.ttcn3:574 L3_Port: RAW GSMTAP hdr->arfcn=0x4033 RxArfcn=0x4033 Uplink=1 Chan=8 Len=23
2026/Jun/29 06:33:31.327582 USER TC_26_6_5_2_4.ttcn3:574 L3_Port: RX: 01 3F 41 05 24 71 03 33 1F 01 08 99 10 07 00 00 00 00 10 2B 2B 2B 2B 
2026/Jun/29 06:33:31.327594 PORTEVENT TC_26_6_5_2_4.ttcn3:574 Message enqueued on L from system octetstring : '013F4105247103331F010899100700000000102B2B2B2B'O id 13
2026/Jun/29 06:33:31.327605 USER TC_26_6_5_2_4.ttcn3:574 L3_Port: Message delivered to TTCN-3
2026/Jun/29 06:33:31.327619 PORTEVENT TC_26_6_5_2_4.ttcn3:594 Receive operation on port L succeeded, message from system(): octetstring: '013F4105247103331F010899100700000000102B2B2B2B'O id 13
2026/Jun/29 06:33:31.327629 PORTEVENT TC_26_6_5_2_4.ttcn3:594 Message with id 13 was extracted from the queue of L.
2026/Jun/29 06:33:31.733776 USER TC_26_6_5_2_4.ttcn3:574 L3_Port: Received 39 bytes
2026/Jun/29 06:33:31.733837 USER TC_26_6_5_2_4.ttcn3:574 L3_Port: RAW GSMTAP hdr->arfcn=0x4033 RxArfcn=0x4033 Uplink=1 Chan=136 Len=23
2026/Jun/29 06:33:31.733857 USER TC_26_6_5_2_4.ttcn3:574 L3_Port: RX: 0E 00 01 03 49 06 15 00 40 01 C0 00 00 00 00 00 00 00 00 00 00 00 00 
2026/Jun/29 06:33:31.733869 PORTEVENT TC_26_6_5_2_4.ttcn3:574 Message enqueued on L from system octetstring : '0E000103490615004001C0000000000000000000000000'O id 14
2026/Jun/29 06:33:31.733880 USER TC_26_6_5_2_4.ttcn3:574 L3_Port: Message delivered to TTCN-3
2026/Jun/29 06:33:31.733892 PORTEVENT TC_26_6_5_2_4.ttcn3:594 Receive operation on port L succeeded, message from system(): octetstring: '0E000103490615004001C0000000000000000000000000'O id 14
2026/Jun/29 06:33:31.733900 PORTEVENT TC_26_6_5_2_4.ttcn3:594 Message with id 14 was extracted from the queue of L.
2026/Jun/29 06:33:31.798347 USER TC_26_6_5_2_4.ttcn3:574 L3_Port: Received 39 bytes
2026/Jun/29 06:33:31.798399 USER TC_26_6_5_2_4.ttcn3:574 L3_Port: RAW GSMTAP hdr->arfcn=0x4033 RxArfcn=0x4033 Uplink=1 Chan=8 Len=23
2026/Jun/29 06:33:31.798410 USER TC_26_6_5_2_4.ttcn3:574 L3_Port: RX: 03 21 01 2B 2B 2B 2B 2B 2B 2B 2B 2B 2B 2B 2B 2B 2B 2B 2B 2B 2B 2B 2B 
2026/Jun/29 06:33:31.798422 PORTEVENT TC_26_6_5_2_4.ttcn3:574 Message enqueued on L from system octetstring : '0321012B2B2B2B2B2B2B2B2B2B2B2B2B2B2B2B2B2B2B2B'O id 15
2026/Jun/29 06:33:31.798432 USER TC_26_6_5_2_4.ttcn3:574 L3_Port: Message delivered to TTCN-3
2026/Jun/29 06:33:31.798446 PORTEVENT TC_26_6_5_2_4.ttcn3:594 Receive operation on port L succeeded, message from system(): octetstring: '0321012B2B2B2B2B2B2B2B2B2B2B2B2B2B2B2B2B2B2B2B'O id 15
2026/Jun/29 06:33:31.798454 PORTEVENT TC_26_6_5_2_4.ttcn3:594 Message with id 15 was extracted from the queue of L.
2026/Jun/29 06:33:31.798971 USER TC_26_6_5_2_4.ttcn3:574 L3_Port: Received 39 bytes
2026/Jun/29 06:33:31.798980 USER TC_26_6_5_2_4.ttcn3:574 L3_Port: RAW GSMTAP hdr->arfcn=0x4033 RxArfcn=0x4033 Uplink=1 Chan=8 Len=23
2026/Jun/29 06:33:31.798987 USER TC_26_6_5_2_4.ttcn3:574 L3_Port: RX: 01 20 45 03 45 04 04 60 02 00 81 5E 04 81 21 43 F5 15 01 01 2B 2B 2B 
2026/Jun/29 06:33:31.798992 PORTEVENT TC_26_6_5_2_4.ttcn3:574 Message enqueued on L from system octetstring : '01204503450404600200815E04812143F51501012B2B2B'O id 16
2026/Jun/29 06:33:31.798996 USER TC_26_6_5_2_4.ttcn3:574 L3_Port: Message delivered to TTCN-3
2026/Jun/29 06:33:31.799002 PORTEVENT TC_26_6_5_2_4.ttcn3:594 Receive operation on port L succeeded, message from system(): octetstring: '01204503450404600200815E04812143F51501012B2B2B'O id 16
2026/Jun/29 06:33:31.799006 PORTEVENT TC_26_6_5_2_4.ttcn3:594 Message with id 16 was extracted from the queue of L.
2026/Jun/29 06:33:32.721500 USER TC_26_6_5_2_4.ttcn3:574 L3_Port: Received 39 bytes
2026/Jun/29 06:33:32.721576 USER TC_26_6_5_2_4.ttcn3:574 L3_Port: RAW GSMTAP hdr->arfcn=0x4033 RxArfcn=0x4033 Uplink=1 Chan=136 Len=23
2026/Jun/29 06:33:32.721600 USER TC_26_6_5_2_4.ttcn3:574 L3_Port: RX: 13 00 01 03 49 06 15 3F 3F 01 C0 00 00 00 00 00 00 00 00 00 00 00 00 
2026/Jun/29 06:33:32.721622 PORTEVENT TC_26_6_5_2_4.ttcn3:574 Message enqueued on L from system octetstring : '130001034906153F3F01C0000000000000000000000000'O id 17
2026/Jun/29 06:33:32.721642 USER TC_26_6_5_2_4.ttcn3:574 L3_Port: Message delivered to TTCN-3
2026/Jun/29 06:33:32.721667 PORTEVENT TC_26_6_5_2_4.ttcn3:594 Receive operation on port L succeeded, message from system(): octetstring: '130001034906153F3F01C0000000000000000000000000'O id 17
2026/Jun/29 06:33:32.721684 PORTEVENT TC_26_6_5_2_4.ttcn3:594 Message with id 17 was extracted from the queue of L.
2026/Jun/29 06:33:33.662871 USER TC_26_6_5_2_4.ttcn3:574 L3_Port: Received 39 bytes
2026/Jun/29 06:33:33.662922 USER TC_26_6_5_2_4.ttcn3:574 L3_Port: RAW GSMTAP hdr->arfcn=0x4033 RxArfcn=0x4033 Uplink=1 Chan=136 Len=23
2026/Jun/29 06:33:33.662932 USER TC_26_6_5_2_4.ttcn3:574 L3_Port: RX: 13 00 01 03 49 06 15 3F 3F 01 C0 00 00 00 00 00 00 00 00 00 00 00 00 
2026/Jun/29 06:33:33.662943 PORTEVENT TC_26_6_5_2_4.ttcn3:574 Message enqueued on L from system octetstring : '130001034906153F3F01C0000000000000000000000000'O id 18
2026/Jun/29 06:33:33.662953 USER TC_26_6_5_2_4.ttcn3:574 L3_Port: Message delivered to TTCN-3
2026/Jun/29 06:33:33.662975 PORTEVENT TC_26_6_5_2_4.ttcn3:594 Receive operation on port L succeeded, message from system(): octetstring: '130001034906153F3F01C0000000000000000000000000'O id 18
2026/Jun/29 06:33:33.662984 PORTEVENT TC_26_6_5_2_4.ttcn3:594 Message with id 18 was extracted from the queue of L.
2026/Jun/29 06:33:33.813007 USER TC_26_6_5_2_4.ttcn3:574 MSC_Port: RX: {"type": "HEARTBEAT"}
2026/Jun/29 06:33:33.813073 PORTEVENT TC_26_6_5_2_4.ttcn3:574 Message enqueued on MSC from system charstring : "{\"type\": \"HEARTBEAT\"}" id 10
2026/Jun/29 06:33:33.813092 PORTEVENT TC_26_6_5_2_4.ttcn3:593 Receive operation on port MSC succeeded, message from system(): charstring: "{\"type\": \"HEARTBEAT\"}" id 10
2026/Jun/29 06:33:33.813099 PORTEVENT TC_26_6_5_2_4.ttcn3:593 Message with id 10 was extracted from the queue of MSC.
2026/Jun/29 06:33:34.604307 USER TC_26_6_5_2_4.ttcn3:574 L3_Port: Received 39 bytes
2026/Jun/29 06:33:34.604363 USER TC_26_6_5_2_4.ttcn3:574 L3_Port: RAW GSMTAP hdr->arfcn=0x4033 RxArfcn=0x4033 Uplink=1 Chan=136 Len=23
2026/Jun/29 06:33:34.604374 USER TC_26_6_5_2_4.ttcn3:574 L3_Port: RX: 13 00 01 03 49 06 15 3F 3F 01 C0 00 00 00 00 00 00 00 00 00 00 00 00 
2026/Jun/29 06:33:34.604389 PORTEVENT TC_26_6_5_2_4.ttcn3:574 Message enqueued on L from system octetstring : '130001034906153F3F01C0000000000000000000000000'O id 19
2026/Jun/29 06:33:34.604401 USER TC_26_6_5_2_4.ttcn3:574 L3_Port: Message delivered to TTCN-3
2026/Jun/29 06:33:34.604416 PORTEVENT TC_26_6_5_2_4.ttcn3:594 Receive operation on port L succeeded, message from system(): octetstring: '130001034906153F3F01C0000000000000000000000000'O id 19
2026/Jun/29 06:33:34.604424 PORTEVENT TC_26_6_5_2_4.ttcn3:594 Message with id 19 was extracted from the queue of L.
2026/Jun/29 06:33:35.501552 USER TC_26_6_5_2_4.ttcn3:574 L3_Port: Received 39 bytes
2026/Jun/29 06:33:35.501634 USER TC_26_6_5_2_4.ttcn3:574 L3_Port: RAW GSMTAP hdr->arfcn=0x4033 RxArfcn=0x4033 Uplink=1 Chan=136 Len=23
2026/Jun/29 06:33:35.501658 USER TC_26_6_5_2_4.ttcn3:574 L3_Port: RX: 13 00 01 03 49 06 15 3F 3F 01 C0 00 00 00 00 00 00 00 00 00 00 00 00 
2026/Jun/29 06:33:35.501680 PORTEVENT TC_26_6_5_2_4.ttcn3:574 Message enqueued on L from system octetstring : '130001034906153F3F01C0000000000000000000000000'O id 20
2026/Jun/29 06:33:35.501699 USER TC_26_6_5_2_4.ttcn3:574 L3_Port: Message delivered to TTCN-3
2026/Jun/29 06:33:35.501722 PORTEVENT TC_26_6_5_2_4.ttcn3:594 Receive operation on port L succeeded, message from system(): octetstring: '130001034906153F3F01C0000000000000000000000000'O id 20
2026/Jun/29 06:33:35.501739 PORTEVENT TC_26_6_5_2_4.ttcn3:594 Message with id 20 was extracted from the queue of L.
2026/Jun/29 06:33:36.487732 USER TC_26_6_5_2_4.ttcn3:574 L3_Port: Received 39 bytes
2026/Jun/29 06:33:36.487785 USER TC_26_6_5_2_4.ttcn3:574 L3_Port: RAW GSMTAP hdr->arfcn=0x4033 RxArfcn=0x4033 Uplink=1 Chan=136 Len=23
2026/Jun/29 06:33:36.487797 USER TC_26_6_5_2_4.ttcn3:574 L3_Port: RX: 13 00 01 03 49 06 15 3F 3F 01 C0 00 00 00 00 00 00 00 00 00 00 00 00 
2026/Jun/29 06:33:36.487808 PORTEVENT TC_26_6_5_2_4.ttcn3:574 Message enqueued on L from system octetstring : '130001034906153F3F01C0000000000000000000000000'O id 21
2026/Jun/29 06:33:36.487819 USER TC_26_6_5_2_4.ttcn3:574 L3_Port: Message delivered to TTCN-3
2026/Jun/29 06:33:36.487850 PORTEVENT TC_26_6_5_2_4.ttcn3:594 Receive operation on port L succeeded, message from system(): octetstring: '130001034906153F3F01C0000000000000000000000000'O id 21
2026/Jun/29 06:33:36.487861 PORTEVENT TC_26_6_5_2_4.ttcn3:594 Message with id 21 was extracted from the queue of L.
2026/Jun/29 06:33:37.429707 USER TC_26_6_5_2_4.ttcn3:574 L3_Port: Received 39 bytes
2026/Jun/29 06:33:37.429800 USER TC_26_6_5_2_4.ttcn3:574 L3_Port: RAW GSMTAP hdr->arfcn=0x4033 RxArfcn=0x4033 Uplink=1 Chan=136 Len=23
2026/Jun/29 06:33:37.429848 USER TC_26_6_5_2_4.ttcn3:574 L3_Port: RX: 13 00 01 03 49 06 15 3F 3F 01 C0 00 00 00 00 00 00 00 00 00 00 00 00 
2026/Jun/29 06:33:37.429877 PORTEVENT TC_26_6_5_2_4.ttcn3:574 Message enqueued on L from system octetstring : '130001034906153F3F01C0000000000000000000000000'O id 22
2026/Jun/29 06:33:37.429911 USER TC_26_6_5_2_4.ttcn3:574 L3_Port: Message delivered to TTCN-3
2026/Jun/29 06:33:37.429936 PORTEVENT TC_26_6_5_2_4.ttcn3:594 Receive operation on port L succeeded, message from system(): octetstring: '130001034906153F3F01C0000000000000000000000000'O id 22
2026/Jun/29 06:33:37.429951 PORTEVENT TC_26_6_5_2_4.ttcn3:594 Message with id 22 was extracted from the queue of L.
2026/Jun/29 06:33:38.031872 USER TC_26_6_5_2_4.ttcn3:574 BSC_Port: RX: {"event": "MEAS_RES", "data": {"chan_nr": 10, "ncells": 0, "l3_data": ""}}
2026/Jun/29 06:33:38.031944 PORTEVENT TC_26_6_5_2_4.ttcn3:574 Message enqueued on BSC from system charstring : "{\"event\": \"MEAS_RES\", \"data\": {\"chan_nr\": 10, \"ncells\": 0, \"l3_data\": \"\"}}" id 65
2026/Jun/29 06:33:38.031970 PORTEVENT TC_26_6_5_2_4.ttcn3:575 Receive operation on port BSC succeeded, message from system(): charstring : "{\"event\": \"MEAS_RES\", \"data\": {\"chan_nr\": 10, \"ncells\": 0, \"l3_data\": \"\"}}" id 65
2026/Jun/29 06:33:38.031979 PORTEVENT TC_26_6_5_2_4.ttcn3:575 Message with id 65 was extracted from the queue of BSC.
2026/Jun/29 06:33:38.551710 USER TC_26_6_5_2_4.ttcn3:574 L3_Port: Received 39 bytes
2026/Jun/29 06:33:38.551788 USER TC_26_6_5_2_4.ttcn3:574 L3_Port: RAW GSMTAP hdr->arfcn=0x4033 RxArfcn=0x4033 Uplink=1 Chan=136 Len=23
2026/Jun/29 06:33:38.551811 USER TC_26_6_5_2_4.ttcn3:574 L3_Port: RX: 13 00 01 03 49 06 15 3F 3F 01 C0 00 00 00 00 00 00 00 00 00 00 00 00 
2026/Jun/29 06:33:38.551852 PORTEVENT TC_26_6_5_2_4.ttcn3:574 Message enqueued on L from system octetstring : '130001034906153F3F01C0000000000000000000000000'O id 23
2026/Jun/29 06:33:38.551876 USER TC_26_6_5_2_4.ttcn3:574 L3_Port: Message delivered to TTCN-3
2026/Jun/29 06:33:38.551902 PORTEVENT TC_26_6_5_2_4.ttcn3:594 Receive operation on port L succeeded, message from system(): octetstring: '130001034906153F3F01C0000000000000000000000000'O id 23
2026/Jun/29 06:33:38.551919 PORTEVENT TC_26_6_5_2_4.ttcn3:594 Message with id 23 was extracted from the queue of L.
2026/Jun/29 06:33:38.817142 USER TC_26_6_5_2_4.ttcn3:574 MSC_Port: RX: {"type": "HEARTBEAT"}
2026/Jun/29 06:33:38.817245 PORTEVENT TC_26_6_5_2_4.ttcn3:574 Message enqueued on MSC from system charstring : "{\"type\": \"HEARTBEAT\"}" id 11
2026/Jun/29 06:33:38.817282 PORTEVENT TC_26_6_5_2_4.ttcn3:593 Receive operation on port MSC succeeded, message from system(): charstring: "{\"type\": \"HEARTBEAT\"}" id 11
2026/Jun/29 06:33:38.817299 PORTEVENT TC_26_6_5_2_4.ttcn3:593 Message with id 11 was extracted from the queue of MSC.
2026/Jun/29 06:33:38.992508 USER TC_26_6_5_2_4.ttcn3:574 BSC_Port: RX: {"event": "MEAS_RES", "data": {"chan_nr": 10, "ncells": 0, "l3_data": ""}}
2026/Jun/29 06:33:39.085552 PORTEVENT TC_26_6_5_2_4.ttcn3:574 Message enqueued on BSC from system charstring : "{\"event\": \"MEAS_RES\", \"data\": {\"chan_nr\": 10, \"ncells\": 0, \"l3_data\": \"\"}}" id 66
2026/Jun/29 06:33:39.085605 PORTEVENT TC_26_6_5_2_4.ttcn3:575 Receive operation on port BSC succeeded, message from system(): charstring : "{\"event\": \"MEAS_RES\", \"data\": {\"chan_nr\": 10, \"ncells\": 0, \"l3_data\": \"\"}}" id 66
2026/Jun/29 06:33:39.085616 PORTEVENT TC_26_6_5_2_4.ttcn3:575 Message with id 66 was extracted from the queue of BSC.
2026/Jun/29 06:33:39.737773 USER TC_26_6_5_2_4.ttcn3:574 L3_Port: Received 39 bytes
2026/Jun/29 06:33:39.737874 USER TC_26_6_5_2_4.ttcn3:574 L3_Port: RAW GSMTAP hdr->arfcn=0x4033 RxArfcn=0x4033 Uplink=1 Chan=136 Len=23
2026/Jun/29 06:33:39.737902 USER TC_26_6_5_2_4.ttcn3:574 L3_Port: RX: 13 00 01 03 49 06 15 3F 3F 01 C0 00 00 00 00 00 00 00 00 00 00 00 00 
2026/Jun/29 06:33:39.737925 PORTEVENT TC_26_6_5_2_4.ttcn3:574 Message enqueued on L from system octetstring : '130001034906153F3F01C0000000000000000000000000'O id 24
2026/Jun/29 06:33:39.737945 USER TC_26_6_5_2_4.ttcn3:574 L3_Port: Message delivered to TTCN-3
2026/Jun/29 06:33:39.737971 PORTEVENT TC_26_6_5_2_4.ttcn3:594 Receive operation on port L succeeded, message from system(): octetstring: '130001034906153F3F01C0000000000000000000000000'O id 24
2026/Jun/29 06:33:39.738001 PORTEVENT TC_26_6_5_2_4.ttcn3:594 Message with id 24 was extracted from the queue of L.
2026/Jun/29 06:33:39.953029 USER TC_26_6_5_2_4.ttcn3:574 BSC_Port: RX: {"event": "MEAS_RES", "data": {"chan_nr": 10, "ncells": 0, "l3_data": ""}}
2026/Jun/29 06:33:39.953103 PORTEVENT TC_26_6_5_2_4.ttcn3:574 Message enqueued on BSC from system charstring : "{\"event\": \"MEAS_RES\", \"data\": {\"chan_nr\": 10, \"ncells\": 0, \"l3_data\": \"\"}}" id 67
2026/Jun/29 06:33:39.953131 PORTEVENT TC_26_6_5_2_4.ttcn3:575 Receive operation on port BSC succeeded, message from system(): charstring : "{\"event\": \"MEAS_RES\", \"data\": {\"chan_nr\": 10, \"ncells\": 0, \"l3_data\": \"\"}}" id 67
2026/Jun/29 06:33:39.953141 PORTEVENT TC_26_6_5_2_4.ttcn3:575 Message with id 67 was extracted from the queue of BSC.
2026/Jun/29 06:33:40.725335 USER TC_26_6_5_2_4.ttcn3:574 L3_Port: Received 39 bytes
2026/Jun/29 06:33:40.725413 USER TC_26_6_5_2_4.ttcn3:574 L3_Port: RAW GSMTAP hdr->arfcn=0x4033 RxArfcn=0x4033 Uplink=1 Chan=136 Len=23
2026/Jun/29 06:33:40.725436 USER TC_26_6_5_2_4.ttcn3:574 L3_Port: RX: 13 00 01 03 49 06 15 3F 3F 01 C0 00 00 00 00 00 00 00 00 00 00 00 00 
2026/Jun/29 06:33:40.725458 PORTEVENT TC_26_6_5_2_4.ttcn3:574 Message enqueued on L from system octetstring : '130001034906153F3F01C0000000000000000000000000'O id 25
2026/Jun/29 06:33:40.725477 USER TC_26_6_5_2_4.ttcn3:574 L3_Port: Message delivered to TTCN-3
2026/Jun/29 06:33:40.725500 PORTEVENT TC_26_6_5_2_4.ttcn3:594 Receive operation on port L succeeded, message from system(): octetstring: '130001034906153F3F01C0000000000000000000000000'O id 25
2026/Jun/29 06:33:40.725523 PORTEVENT TC_26_6_5_2_4.ttcn3:594 Message with id 25 was extracted from the queue of L.
2026/Jun/29 06:33:41.033215 USER TC_26_6_5_2_4.ttcn3:574 BSC_Port: RX: {"event": "MEAS_RES", "data": {"chan_nr": 10, "ncells": 0, "l3_data": ""}}
2026/Jun/29 06:33:41.033286 PORTEVENT TC_26_6_5_2_4.ttcn3:574 Message enqueued on BSC from system charstring : "{\"event\": \"MEAS_RES\", \"data\": {\"chan_nr\": 10, \"ncells\": 0, \"l3_data\": \"\"}}" id 68
2026/Jun/29 06:33:41.033313 PORTEVENT TC_26_6_5_2_4.ttcn3:575 Receive operation on port BSC succeeded, message from system(): charstring : "{\"event\": \"MEAS_RES\", \"data\": {\"chan_nr\": 10, \"ncells\": 0, \"l3_data\": \"\"}}" id 68
2026/Jun/29 06:33:41.033323 PORTEVENT TC_26_6_5_2_4.ttcn3:575 Message with id 68 was extracted from the queue of BSC.
2026/Jun/29 06:33:41.613620 USER TC_26_6_5_2_4.ttcn3:574 L3_Port: Received 39 bytes
2026/Jun/29 06:33:41.613704 USER TC_26_6_5_2_4.ttcn3:574 L3_Port: RAW GSMTAP hdr->arfcn=0x4038 RxArfcn=0x4038 Uplink=1 Chan=9 Len=23
2026/Jun/29 06:33:41.613726 USER TC_26_6_5_2_4.ttcn3:574 L3_Port: RX: 01 3F 01 2B 2B 2B 2B 2B 2B 2B 2B 2B 2B 2B 2B 2B 2B 2B 2B 2B 2B 2B 2B 
2026/Jun/29 06:33:41.613750 PORTEVENT TC_26_6_5_2_4.ttcn3:574 Message enqueued on L from system octetstring : '013F012B2B2B2B2B2B2B2B2B2B2B2B2B2B2B2B2B2B2B2B'O id 26
2026/Jun/29 06:33:41.613769 USER TC_26_6_5_2_4.ttcn3:574 L3_Port: Message delivered to TTCN-3
2026/Jun/29 06:33:41.613794 PORTEVENT TC_26_6_5_2_4.ttcn3:594 Receive operation on port L succeeded, message from system(): octetstring: '013F012B2B2B2B2B2B2B2B2B2B2B2B2B2B2B2B2B2B2B2B'O id 26
2026/Jun/29 06:33:41.613810 PORTEVENT TC_26_6_5_2_4.ttcn3:594 Message with id 26 was extracted from the queue of L.
2026/Jun/29 06:33:41.615187 USER TC_26_6_5_2_4.ttcn3:574 L3_Port: Received 39 bytes
2026/Jun/29 06:33:41.615221 USER TC_26_6_5_2_4.ttcn3:574 L3_Port: RAW GSMTAP hdr->arfcn=0x4038 RxArfcn=0x4038 Uplink=1 Chan=137 Len=23
2026/Jun/29 06:33:41.615231 USER TC_26_6_5_2_4.ttcn3:574 L3_Port: RX: 00 00 01 03 49 06 15 00 40 01 C0 00 00 00 00 00 00 00 00 00 00 00 00 
2026/Jun/29 06:33:41.615239 PORTEVENT TC_26_6_5_2_4.ttcn3:574 Message enqueued on L from system octetstring : '00000103490615004001C0000000000000000000000000'O id 27
2026/Jun/29 06:33:41.615247 USER TC_26_6_5_2_4.ttcn3:574 L3_Port: Message delivered to TTCN-3
2026/Jun/29 06:33:41.615256 PORTEVENT TC_26_6_5_2_4.ttcn3:594 Receive operation on port L succeeded, message from system(): octetstring: '00000103490615004001C0000000000000000000000000'O id 27
2026/Jun/29 06:33:41.615270 PORTEVENT TC_26_6_5_2_4.ttcn3:594 Message with id 27 was extracted from the queue of L.
2026/Jun/29 06:33:41.684401 USER TC_26_6_5_2_4.ttcn3:574 L3_Port: Received 39 bytes
2026/Jun/29 06:33:41.684461 USER TC_26_6_5_2_4.ttcn3:574 L3_Port: RAW GSMTAP hdr->arfcn=0x4038 RxArfcn=0x4038 Uplink=1 Chan=9 Len=23
2026/Jun/29 06:33:41.684477 USER TC_26_6_5_2_4.ttcn3:574 L3_Port: RX: 01 00 0D 06 2C 00 2B 2B 2B 2B 2B 2B 2B 2B 2B 2B 2B 2B 2B 2B 2B 2B 2B 
2026/Jun/29 06:33:41.684494 PORTEVENT TC_26_6_5_2_4.ttcn3:574 Message enqueued on L from system octetstring : '01000D062C002B2B2B2B2B2B2B2B2B2B2B2B2B2B2B2B2B'O id 28
2026/Jun/29 06:33:41.684509 USER TC_26_6_5_2_4.ttcn3:574 L3_Port: Message delivered to TTCN-3
2026/Jun/29 06:33:41.684527 PORTEVENT TC_26_6_5_2_4.ttcn3:594 Receive operation on port L succeeded, message from system(): octetstring: '01000D062C002B2B2B2B2B2B2B2B2B2B2B2B2B2B2B2B2B'O id 28
2026/Jun/29 06:33:41.684541 PORTEVENT TC_26_6_5_2_4.ttcn3:594 Message with id 28 was extracted from the queue of L.
2026/Jun/29 06:33:41.993774 USER TC_26_6_5_2_4.ttcn3:574 BSC_Port: RX: {"event": "MEAS_RES", "data": {"chan_nr": 10, "ncells": 0, "l3_data": ""}}
2026/Jun/29 06:33:41.993902 PORTEVENT TC_26_6_5_2_4.ttcn3:574 Message enqueued on BSC from system charstring : "{\"event\": \"MEAS_RES\", \"data\": {\"chan_nr\": 10, \"ncells\": 0, \"l3_data\": \"\"}}" id 69
2026/Jun/29 06:33:41.993948 PORTEVENT TC_26_6_5_2_4.ttcn3:575 Receive operation on port BSC succeeded, message from system(): charstring : "{\"event\": \"MEAS_RES\", \"data\": {\"chan_nr\": 10, \"ncells\": 0, \"l3_data\": \"\"}}" id 69
2026/Jun/29 06:33:41.993967 PORTEVENT TC_26_6_5_2_4.ttcn3:575 Message with id 69 was extracted from the queue of BSC.
2026/Jun/29 06:33:42.683664 USER TC_26_6_5_2_4.ttcn3:574 L3_Port: Received 39 bytes
2026/Jun/29 06:33:42.683747 USER TC_26_6_5_2_4.ttcn3:574 L3_Port: RAW GSMTAP hdr->arfcn=0x4038 RxArfcn=0x4038 Uplink=1 Chan=137 Len=23
2026/Jun/29 06:33:42.683770 USER TC_26_6_5_2_4.ttcn3:574 L3_Port: RX: 00 00 01 03 49 06 15 3F 3F 01 C0 00 00 00 00 00 00 00 00 00 00 00 00 
2026/Jun/29 06:33:42.683790 PORTEVENT TC_26_6_5_2_4.ttcn3:574 Message enqueued on L from system octetstring : '000001034906153F3F01C0000000000000000000000000'O id 29
2026/Jun/29 06:33:42.683807 USER TC_26_6_5_2_4.ttcn3:574 L3_Port: Message delivered to TTCN-3
2026/Jun/29 06:33:42.683851 PORTEVENT TC_26_6_5_2_4.ttcn3:594 Receive operation on port L succeeded, message from system(): octetstring: '000001034906153F3F01C0000000000000000000000000'O id 29
2026/Jun/29 06:33:42.683871 PORTEVENT TC_26_6_5_2_4.ttcn3:594 Message with id 29 was extracted from the queue of L.
2026/Jun/29 06:33:42.953856 USER TC_26_6_5_2_4.ttcn3:574 BSC_Port: RX: {"event": "MEAS_RES", "data": {"chan_nr": 10, "ncells": 0, "l3_data": ""}}
2026/Jun/29 06:33:42.953969 PORTEVENT TC_26_6_5_2_4.ttcn3:574 Message enqueued on BSC from system charstring : "{\"event\": \"MEAS_RES\", \"data\": {\"chan_nr\": 10, \"ncells\": 0, \"l3_data\": \"\"}}" id 70
2026/Jun/29 06:33:42.954016 PORTEVENT TC_26_6_5_2_4.ttcn3:575 Receive operation on port BSC succeeded, message from system(): charstring : "{\"event\": \"MEAS_RES\", \"data\": {\"chan_nr\": 10, \"ncells\": 0, \"l3_data\": \"\"}}" id 70
2026/Jun/29 06:33:42.954036 PORTEVENT TC_26_6_5_2_4.ttcn3:575 Message with id 70 was extracted from the queue of BSC.
2026/Jun/29 06:33:43.642837 USER TC_26_6_5_2_4.ttcn3:574 L3_Port: Received 39 bytes
2026/Jun/29 06:33:43.642889 USER TC_26_6_5_2_4.ttcn3:574 L3_Port: RAW GSMTAP hdr->arfcn=0x4038 RxArfcn=0x4038 Uplink=1 Chan=137 Len=23
2026/Jun/29 06:33:43.642900 USER TC_26_6_5_2_4.ttcn3:574 L3_Port: RX: 00 00 01 03 49 06 15 3F 3F 01 C0 00 00 00 00 00 00 00 00 00 00 00 00 
2026/Jun/29 06:33:43.642912 PORTEVENT TC_26_6_5_2_4.ttcn3:574 Message enqueued on L from system octetstring : '000001034906153F3F01C0000000000000000000000000'O id 30
2026/Jun/29 06:33:43.642930 USER TC_26_6_5_2_4.ttcn3:574 L3_Port: Message delivered to TTCN-3
2026/Jun/29 06:33:43.642943 PORTEVENT TC_26_6_5_2_4.ttcn3:594 Receive operation on port L succeeded, message from system(): octetstring: '000001034906153F3F01C0000000000000000000000000'O id 30
2026/Jun/29 06:33:43.642952 PORTEVENT TC_26_6_5_2_4.ttcn3:594 Message with id 30 was extracted from the queue of L.
2026/Jun/29 06:33:43.824151 USER TC_26_6_5_2_4.ttcn3:574 MSC_Port: RX: {"type": "HEARTBEAT"}
2026/Jun/29 06:33:43.824222 PORTEVENT TC_26_6_5_2_4.ttcn3:574 Message enqueued on MSC from system charstring : "{\"type\": \"HEARTBEAT\"}" id 12
2026/Jun/29 06:33:43.824243 PORTEVENT TC_26_6_5_2_4.ttcn3:593 Receive operation on port MSC succeeded, message from system(): charstring: "{\"type\": \"HEARTBEAT\"}" id 12
2026/Jun/29 06:33:43.824251 PORTEVENT TC_26_6_5_2_4.ttcn3:593 Message with id 12 was extracted from the queue of MSC.
2026/Jun/29 06:33:44.027511 USER TC_26_6_5_2_4.ttcn3:574 BSC_Port: RX: {"event": "MEAS_RES", "data": {"chan_nr": 10, "ncells": 0, "l3_data": ""}}
2026/Jun/29 06:33:44.027621 PORTEVENT TC_26_6_5_2_4.ttcn3:574 Message enqueued on BSC from system charstring : "{\"event\": \"MEAS_RES\", \"data\": {\"chan_nr\": 10, \"ncells\": 0, \"l3_data\": \"\"}}" id 71
2026/Jun/29 06:33:44.027667 PORTEVENT TC_26_6_5_2_4.ttcn3:575 Receive operation on port BSC succeeded, message from system(): charstring : "{\"event\": \"MEAS_RES\", \"data\": {\"chan_nr\": 10, \"ncells\": 0, \"l3_data\": \"\"}}" id 71
2026/Jun/29 06:33:44.027685 PORTEVENT TC_26_6_5_2_4.ttcn3:575 Message with id 71 was extracted from the queue of BSC.
2026/Jun/29 06:33:44.718381 USER TC_26_6_5_2_4.ttcn3:574 L3_Port: Received 39 bytes
2026/Jun/29 06:33:44.718434 USER TC_26_6_5_2_4.ttcn3:574 L3_Port: RAW GSMTAP hdr->arfcn=0x4038 RxArfcn=0x4038 Uplink=1 Chan=137 Len=23
2026/Jun/29 06:33:44.718444 USER TC_26_6_5_2_4.ttcn3:574 L3_Port: RX: 00 00 01 03 49 06 15 3F 3F 01 C0 00 00 00 00 00 00 00 00 00 00 00 00 
2026/Jun/29 06:33:44.718455 PORTEVENT TC_26_6_5_2_4.ttcn3:574 Message enqueued on L from system octetstring : '000001034906153F3F01C0000000000000000000000000'O id 31
2026/Jun/29 06:33:44.718464 USER TC_26_6_5_2_4.ttcn3:574 L3_Port: Message delivered to TTCN-3
2026/Jun/29 06:33:44.718476 PORTEVENT TC_26_6_5_2_4.ttcn3:594 Receive operation on port L succeeded, message from system(): octetstring: '000001034906153F3F01C0000000000000000000000000'O id 31
2026/Jun/29 06:33:44.718483 PORTEVENT TC_26_6_5_2_4.ttcn3:594 Message with id 31 was extracted from the queue of L.
2026/Jun/29 06:33:44.993838 USER TC_26_6_5_2_4.ttcn3:574 BSC_Port: RX: {"event": "MEAS_RES", "data": {"chan_nr": 10, "ncells": 0, "l3_data": ""}}
2026/Jun/29 06:33:44.993911 PORTEVENT TC_26_6_5_2_4.ttcn3:574 Message enqueued on BSC from system charstring : "{\"event\": \"MEAS_RES\", \"data\": {\"chan_nr\": 10, \"ncells\": 0, \"l3_data\": \"\"}}" id 72
2026/Jun/29 06:33:44.993939 PORTEVENT TC_26_6_5_2_4.ttcn3:575 Receive operation on port BSC succeeded, message from system(): charstring : "{\"event\": \"MEAS_RES\", \"data\": {\"chan_nr\": 10, \"ncells\": 0, \"l3_data\": \"\"}}" id 72
2026/Jun/29 06:33:44.993949 PORTEVENT TC_26_6_5_2_4.ttcn3:575 Message with id 72 was extracted from the queue of BSC.
2026/Jun/29 06:33:45.684781 USER TC_26_6_5_2_4.ttcn3:574 L3_Port: Received 39 bytes
2026/Jun/29 06:33:45.684882 USER TC_26_6_5_2_4.ttcn3:574 L3_Port: RAW GSMTAP hdr->arfcn=0x4038 RxArfcn=0x4038 Uplink=1 Chan=137 Len=23
2026/Jun/29 06:33:45.684909 USER TC_26_6_5_2_4.ttcn3:574 L3_Port: RX: 00 00 01 03 49 06 15 3F 3F 01 C0 00 00 00 00 00 00 00 00 00 00 00 00 
2026/Jun/29 06:33:45.684930 PORTEVENT TC_26_6_5_2_4.ttcn3:574 Message enqueued on L from system octetstring : '000001034906153F3F01C0000000000000000000000000'O id 32
2026/Jun/29 06:33:45.684950 USER TC_26_6_5_2_4.ttcn3:574 L3_Port: Message delivered to TTCN-3
2026/Jun/29 06:33:45.684974 PORTEVENT TC_26_6_5_2_4.ttcn3:594 Receive operation on port L succeeded, message from system(): octetstring: '000001034906153F3F01C0000000000000000000000000'O id 32
2026/Jun/29 06:33:45.684990 PORTEVENT TC_26_6_5_2_4.ttcn3:594 Message with id 32 was extracted from the queue of L.
2026/Jun/29 06:33:45.950926 USER TC_26_6_5_2_4.ttcn3:574 BSC_Port: RX: {"event": "MEAS_RES", "data": {"chan_nr": 10, "ncells": 0, "l3_data": ""}}
2026/Jun/29 06:33:45.950976 PORTEVENT TC_26_6_5_2_4.ttcn3:574 Message enqueued on BSC from system charstring : "{\"event\": \"MEAS_RES\", \"data\": {\"chan_nr\": 10, \"ncells\": 0, \"l3_data\": \"\"}}" id 73
2026/Jun/29 06:33:45.950994 PORTEVENT TC_26_6_5_2_4.ttcn3:575 Receive operation on port BSC succeeded, message from system(): charstring : "{\"event\": \"MEAS_RES\", \"data\": {\"chan_nr\": 10, \"ncells\": 0, \"l3_data\": \"\"}}" id 73
2026/Jun/29 06:33:45.951001 PORTEVENT TC_26_6_5_2_4.ttcn3:575 Message with id 73 was extracted from the queue of BSC.
2026/Jun/29 06:33:46.644604 USER TC_26_6_5_2_4.ttcn3:574 L3_Port: Received 39 bytes
2026/Jun/29 06:33:46.644688 USER TC_26_6_5_2_4.ttcn3:574 L3_Port: RAW GSMTAP hdr->arfcn=0x4038 RxArfcn=0x4038 Uplink=1 Chan=137 Len=23
2026/Jun/29 06:33:46.644712 USER TC_26_6_5_2_4.ttcn3:574 L3_Port: RX: 00 00 01 03 49 06 15 3F 3F 01 C0 00 00 00 00 00 00 00 00 00 00 00 00 
2026/Jun/29 06:33:46.644733 PORTEVENT TC_26_6_5_2_4.ttcn3:574 Message enqueued on L from system octetstring : '000001034906153F3F01C0000000000000000000000000'O id 33
2026/Jun/29 06:33:46.644753 USER TC_26_6_5_2_4.ttcn3:574 L3_Port: Message delivered to TTCN-3
2026/Jun/29 06:33:46.644776 PORTEVENT TC_26_6_5_2_4.ttcn3:594 Receive operation on port L succeeded, message from system(): octetstring: '000001034906153F3F01C0000000000000000000000000'O id 33
2026/Jun/29 06:33:46.644792 PORTEVENT TC_26_6_5_2_4.ttcn3:594 Message with id 33 was extracted from the queue of L.
2026/Jun/29 06:33:47.031544 USER TC_26_6_5_2_4.ttcn3:574 BSC_Port: RX: {"event": "MEAS_RES", "data": {"chan_nr": 10, "ncells": 0, "l3_data": ""}}
2026/Jun/29 06:33:47.031619 PORTEVENT TC_26_6_5_2_4.ttcn3:574 Message enqueued on BSC from system charstring : "{\"event\": \"MEAS_RES\", \"data\": {\"chan_nr\": 10, \"ncells\": 0, \"l3_data\": \"\"}}" id 74
2026/Jun/29 06:33:47.031646 PORTEVENT TC_26_6_5_2_4.ttcn3:575 Receive operation on port BSC succeeded, message from system(): charstring : "{\"event\": \"MEAS_RES\", \"data\": {\"chan_nr\": 10, \"ncells\": 0, \"l3_data\": \"\"}}" id 74
2026/Jun/29 06:33:47.031656 PORTEVENT TC_26_6_5_2_4.ttcn3:575 Message with id 74 was extracted from the queue of BSC.
2026/Jun/29 06:33:47.723302 USER TC_26_6_5_2_4.ttcn3:574 L3_Port: Received 39 bytes
2026/Jun/29 06:33:47.723352 USER TC_26_6_5_2_4.ttcn3:574 L3_Port: RAW GSMTAP hdr->arfcn=0x4038 RxArfcn=0x4038 Uplink=1 Chan=137 Len=23
2026/Jun/29 06:33:47.723363 USER TC_26_6_5_2_4.ttcn3:574 L3_Port: RX: 00 00 01 03 49 06 15 3F 3F 01 C0 00 00 00 00 00 00 00 00 00 00 00 00 
2026/Jun/29 06:33:47.723374 PORTEVENT TC_26_6_5_2_4.ttcn3:574 Message enqueued on L from system octetstring : '000001034906153F3F01C0000000000000000000000000'O id 34
2026/Jun/29 06:33:47.723383 USER TC_26_6_5_2_4.ttcn3:574 L3_Port: Message delivered to TTCN-3
2026/Jun/29 06:33:47.723397 PORTEVENT TC_26_6_5_2_4.ttcn3:594 Receive operation on port L succeeded, message from system(): octetstring: '000001034906153F3F01C0000000000000000000000000'O id 34
2026/Jun/29 06:33:47.723404 PORTEVENT TC_26_6_5_2_4.ttcn3:594 Message with id 34 was extracted from the queue of L.
2026/Jun/29 06:33:47.992051 USER TC_26_6_5_2_4.ttcn3:574 BSC_Port: RX: {"event": "MEAS_RES", "data": {"chan_nr": 10, "ncells": 0, "l3_data": ""}}
2026/Jun/29 06:33:47.992127 PORTEVENT TC_26_6_5_2_4.ttcn3:574 Message enqueued on BSC from system charstring : "{\"event\": \"MEAS_RES\", \"data\": {\"chan_nr\": 10, \"ncells\": 0, \"l3_data\": \"\"}}" id 75
2026/Jun/29 06:33:47.992153 PORTEVENT TC_26_6_5_2_4.ttcn3:575 Receive operation on port BSC succeeded, message from system(): charstring : "{\"event\": \"MEAS_RES\", \"data\": {\"chan_nr\": 10, \"ncells\": 0, \"l3_data\": \"\"}}" id 75
2026/Jun/29 06:33:47.992164 PORTEVENT TC_26_6_5_2_4.ttcn3:575 Message with id 75 was extracted from the queue of BSC.
2026/Jun/29 06:33:48.684485 USER TC_26_6_5_2_4.ttcn3:574 L3_Port: Received 39 bytes
2026/Jun/29 06:33:48.684563 USER TC_26_6_5_2_4.ttcn3:574 L3_Port: RAW GSMTAP hdr->arfcn=0x4038 RxArfcn=0x4038 Uplink=1 Chan=137 Len=23
2026/Jun/29 06:33:48.684578 USER TC_26_6_5_2_4.ttcn3:574 L3_Port: RX: 00 00 01 03 49 06 15 3F 3F 01 C0 00 00 00 00 00 00 00 00 00 00 00 00 
2026/Jun/29 06:33:48.684593 PORTEVENT TC_26_6_5_2_4.ttcn3:574 Message enqueued on L from system octetstring : '000001034906153F3F01C0000000000000000000000000'O id 35
2026/Jun/29 06:33:48.684606 USER TC_26_6_5_2_4.ttcn3:574 L3_Port: Message delivered to TTCN-3
2026/Jun/29 06:33:48.684626 PORTEVENT TC_26_6_5_2_4.ttcn3:594 Receive operation on port L succeeded, message from system(): octetstring: '000001034906153F3F01C0000000000000000000000000'O id 35
2026/Jun/29 06:33:48.684638 PORTEVENT TC_26_6_5_2_4.ttcn3:594 Message with id 35 was extracted from the queue of L.
2026/Jun/29 06:33:48.829097 USER TC_26_6_5_2_4.ttcn3:574 MSC_Port: RX: {"type": "HEARTBEAT"}
2026/Jun/29 06:33:48.829187 PORTEVENT TC_26_6_5_2_4.ttcn3:574 Message enqueued on MSC from system charstring : "{\"type\": \"HEARTBEAT\"}" id 13
2026/Jun/29 06:33:48.829223 PORTEVENT TC_26_6_5_2_4.ttcn3:593 Receive operation on port MSC succeeded, message from system(): charstring: "{\"type\": \"HEARTBEAT\"}" id 13
2026/Jun/29 06:33:48.829239 PORTEVENT TC_26_6_5_2_4.ttcn3:593 Message with id 13 was extracted from the queue of MSC.
2026/Jun/29 06:33:48.953217 USER TC_26_6_5_2_4.ttcn3:574 BSC_Port: RX: {"event": "MEAS_RES", "data": {"chan_nr": 10, "ncells": 0, "l3_data": ""}}
2026/Jun/29 06:33:48.953317 PORTEVENT TC_26_6_5_2_4.ttcn3:574 Message enqueued on BSC from system charstring : "{\"event\": \"MEAS_RES\", \"data\": {\"chan_nr\": 10, \"ncells\": 0, \"l3_data\": \"\"}}" id 76
2026/Jun/29 06:33:48.953358 PORTEVENT TC_26_6_5_2_4.ttcn3:575 Receive operation on port BSC succeeded, message from system(): charstring : "{\"event\": \"MEAS_RES\", \"data\": {\"chan_nr\": 10, \"ncells\": 0, \"l3_data\": \"\"}}" id 76
2026/Jun/29 06:33:48.953374 PORTEVENT TC_26_6_5_2_4.ttcn3:575 Message with id 76 was extracted from the queue of BSC.
2026/Jun/29 06:33:49.643255 USER TC_26_6_5_2_4.ttcn3:574 L3_Port: Received 39 bytes
2026/Jun/29 06:33:49.643338 USER TC_26_6_5_2_4.ttcn3:574 L3_Port: RAW GSMTAP hdr->arfcn=0x4038 RxArfcn=0x4038 Uplink=1 Chan=137 Len=23
2026/Jun/29 06:33:49.643362 USER TC_26_6_5_2_4.ttcn3:574 L3_Port: RX: 00 00 01 03 49 06 15 3F 3F 01 C0 00 00 00 00 00 00 00 00 00 00 00 00 
2026/Jun/29 06:33:49.643384 PORTEVENT TC_26_6_5_2_4.ttcn3:574 Message enqueued on L from system octetstring : '000001034906153F3F01C0000000000000000000000000'O id 36
2026/Jun/29 06:33:49.643403 USER TC_26_6_5_2_4.ttcn3:574 L3_Port: Message delivered to TTCN-3
2026/Jun/29 06:33:49.643426 PORTEVENT TC_26_6_5_2_4.ttcn3:594 Receive operation on port L succeeded, message from system(): octetstring: '000001034906153F3F01C0000000000000000000000000'O id 36
2026/Jun/29 06:33:49.643442 PORTEVENT TC_26_6_5_2_4.ttcn3:594 Message with id 36 was extracted from the queue of L.
2026/Jun/29 06:33:50.031528 USER TC_26_6_5_2_4.ttcn3:574 BSC_Port: RX: {"event": "MEAS_RES", "data": {"chan_nr": 10, "ncells": 0, "l3_data": ""}}
2026/Jun/29 06:33:50.031603 PORTEVENT TC_26_6_5_2_4.ttcn3:574 Message enqueued on BSC from system charstring : "{\"event\": \"MEAS_RES\", \"data\": {\"chan_nr\": 10, \"ncells\": 0, \"l3_data\": \"\"}}" id 77
2026/Jun/29 06:33:50.031633 PORTEVENT TC_26_6_5_2_4.ttcn3:575 Receive operation on port BSC succeeded, message from system(): charstring : "{\"event\": \"MEAS_RES\", \"data\": {\"chan_nr\": 10, \"ncells\": 0, \"l3_data\": \"\"}}" id 77
2026/Jun/29 06:33:50.031644 PORTEVENT TC_26_6_5_2_4.ttcn3:575 Message with id 77 was extracted from the queue of BSC.
2026/Jun/29 06:33:50.722577 USER TC_26_6_5_2_4.ttcn3:574 L3_Port: Received 39 bytes
2026/Jun/29 06:33:50.722628 USER TC_26_6_5_2_4.ttcn3:574 L3_Port: RAW GSMTAP hdr->arfcn=0x4038 RxArfcn=0x4038 Uplink=1 Chan=137 Len=23
2026/Jun/29 06:33:50.722638 USER TC_26_6_5_2_4.ttcn3:574 L3_Port: RX: 00 00 01 03 49 06 15 3F 3F 01 C0 00 00 00 00 00 00 00 00 00 00 00 00 
2026/Jun/29 06:33:50.722656 PORTEVENT TC_26_6_5_2_4.ttcn3:574 Message enqueued on L from system octetstring : '000001034906153F3F01C0000000000000000000000000'O id 37
2026/Jun/29 06:33:50.722666 USER TC_26_6_5_2_4.ttcn3:574 L3_Port: Message delivered to TTCN-3
2026/Jun/29 06:33:50.722679 PORTEVENT TC_26_6_5_2_4.ttcn3:594 Receive operation on port L succeeded, message from system(): octetstring: '000001034906153F3F01C0000000000000000000000000'O id 37
2026/Jun/29 06:33:50.722687 PORTEVENT TC_26_6_5_2_4.ttcn3:594 Message with id 37 was extracted from the queue of L.
2026/Jun/29 06:33:50.991503 USER TC_26_6_5_2_4.ttcn3:574 BSC_Port: RX: {"event": "MEAS_RES", "data": {"chan_nr": 10, "ncells": 0, "l3_data": ""}}
2026/Jun/29 06:33:50.991579 PORTEVENT TC_26_6_5_2_4.ttcn3:574 Message enqueued on BSC from system charstring : "{\"event\": \"MEAS_RES\", \"data\": {\"chan_nr\": 10, \"ncells\": 0, \"l3_data\": \"\"}}" id 78
2026/Jun/29 06:33:50.991604 PORTEVENT TC_26_6_5_2_4.ttcn3:575 Receive operation on port BSC succeeded, message from system(): charstring : "{\"event\": \"MEAS_RES\", \"data\": {\"chan_nr\": 10, \"ncells\": 0, \"l3_data\": \"\"}}" id 78
2026/Jun/29 06:33:50.991614 PORTEVENT TC_26_6_5_2_4.ttcn3:575 Message with id 78 was extracted from the queue of BSC.
2026/Jun/29 06:33:51.684322 USER TC_26_6_5_2_4.ttcn3:574 L3_Port: Received 39 bytes
2026/Jun/29 06:33:51.684397 USER TC_26_6_5_2_4.ttcn3:574 L3_Port: RAW GSMTAP hdr->arfcn=0x4038 RxArfcn=0x4038 Uplink=1 Chan=137 Len=23
2026/Jun/29 06:33:51.684429 USER TC_26_6_5_2_4.ttcn3:574 L3_Port: RX: 00 00 01 03 49 06 15 3F 3F 01 C0 00 00 00 00 00 00 00 00 00 00 00 00 
2026/Jun/29 06:33:51.684451 PORTEVENT TC_26_6_5_2_4.ttcn3:574 Message enqueued on L from system octetstring : '000001034906153F3F01C0000000000000000000000000'O id 38
2026/Jun/29 06:33:51.684470 USER TC_26_6_5_2_4.ttcn3:574 L3_Port: Message delivered to TTCN-3
2026/Jun/29 06:33:51.684493 PORTEVENT TC_26_6_5_2_4.ttcn3:594 Receive operation on port L succeeded, message from system(): octetstring: '000001034906153F3F01C0000000000000000000000000'O id 38
2026/Jun/29 06:33:51.684509 PORTEVENT TC_26_6_5_2_4.ttcn3:594 Message with id 38 was extracted from the queue of L.
2026/Jun/29 06:33:52.071390 USER TC_26_6_5_2_4.ttcn3:574 BSC_Port: RX: {"event": "MEAS_RES", "data": {"chan_nr": 10, "ncells": 0, "l3_data": ""}}
2026/Jun/29 06:33:52.071462 PORTEVENT TC_26_6_5_2_4.ttcn3:574 Message enqueued on BSC from system charstring : "{\"event\": \"MEAS_RES\", \"data\": {\"chan_nr\": 10, \"ncells\": 0, \"l3_data\": \"\"}}" id 79
2026/Jun/29 06:33:52.071487 PORTEVENT TC_26_6_5_2_4.ttcn3:575 Receive operation on port BSC succeeded, message from system(): charstring : "{\"event\": \"MEAS_RES\", \"data\": {\"chan_nr\": 10, \"ncells\": 0, \"l3_data\": \"\"}}" id 79
2026/Jun/29 06:33:52.071495 PORTEVENT TC_26_6_5_2_4.ttcn3:575 Message with id 79 was extracted from the queue of BSC.
2026/Jun/29 06:33:52.642631 USER TC_26_6_5_2_4.ttcn3:574 L3_Port: Received 39 bytes
2026/Jun/29 06:33:52.642684 USER TC_26_6_5_2_4.ttcn3:574 L3_Port: RAW GSMTAP hdr->arfcn=0x4038 RxArfcn=0x4038 Uplink=1 Chan=137 Len=23
2026/Jun/29 06:33:52.642695 USER TC_26_6_5_2_4.ttcn3:574 L3_Port: RX: 00 00 01 03 49 06 15 3F 3F 01 C0 00 00 00 00 00 00 00 00 00 00 00 00 
2026/Jun/29 06:33:52.642705 PORTEVENT TC_26_6_5_2_4.ttcn3:574 Message enqueued on L from system octetstring : '000001034906153F3F01C0000000000000000000000000'O id 39
2026/Jun/29 06:33:52.642715 USER TC_26_6_5_2_4.ttcn3:574 L3_Port: Message delivered to TTCN-3
2026/Jun/29 06:33:52.642727 PORTEVENT TC_26_6_5_2_4.ttcn3:594 Receive operation on port L succeeded, message from system(): octetstring: '000001034906153F3F01C0000000000000000000000000'O id 39
2026/Jun/29 06:33:52.642735 PORTEVENT TC_26_6_5_2_4.ttcn3:594 Message with id 39 was extracted from the queue of L.
2026/Jun/29 06:33:53.031371 USER TC_26_6_5_2_4.ttcn3:574 BSC_Port: RX: {"event": "MEAS_RES", "data": {"chan_nr": 10, "ncells": 0, "l3_data": ""}}
2026/Jun/29 06:33:53.031463 PORTEVENT TC_26_6_5_2_4.ttcn3:574 Message enqueued on BSC from system charstring : "{\"event\": \"MEAS_RES\", \"data\": {\"chan_nr\": 10, \"ncells\": 0, \"l3_data\": \"\"}}" id 80
2026/Jun/29 06:33:53.031508 PORTEVENT TC_26_6_5_2_4.ttcn3:575 Receive operation on port BSC succeeded, message from system(): charstring : "{\"event\": \"MEAS_RES\", \"data\": {\"chan_nr\": 10, \"ncells\": 0, \"l3_data\": \"\"}}" id 80
2026/Jun/29 06:33:53.031520 PORTEVENT TC_26_6_5_2_4.ttcn3:575 Message with id 80 was extracted from the queue of BSC.
2026/Jun/29 06:33:53.723318 USER TC_26_6_5_2_4.ttcn3:574 L3_Port: Received 39 bytes
2026/Jun/29 06:33:53.723368 USER TC_26_6_5_2_4.ttcn3:574 L3_Port: RAW GSMTAP hdr->arfcn=0x4038 RxArfcn=0x4038 Uplink=1 Chan=137 Len=23
2026/Jun/29 06:33:53.723379 USER TC_26_6_5_2_4.ttcn3:574 L3_Port: RX: 00 00 01 03 49 06 15 3F 3F 01 C0 00 00 00 00 00 00 00 00 00 00 00 00 
2026/Jun/29 06:33:53.723390 PORTEVENT TC_26_6_5_2_4.ttcn3:574 Message enqueued on L from system octetstring : '000001034906153F3F01C0000000000000000000000000'O id 40
2026/Jun/29 06:33:53.723400 USER TC_26_6_5_2_4.ttcn3:574 L3_Port: Message delivered to TTCN-3
2026/Jun/29 06:33:53.723414 PORTEVENT TC_26_6_5_2_4.ttcn3:594 Receive operation on port L succeeded, message from system(): octetstring: '000001034906153F3F01C0000000000000000000000000'O id 40
2026/Jun/29 06:33:53.723424 PORTEVENT TC_26_6_5_2_4.ttcn3:594 Message with id 40 was extracted from the queue of L.
2026/Jun/29 06:33:53.834017 USER TC_26_6_5_2_4.ttcn3:574 MSC_Port: RX: {"type": "HEARTBEAT"}
2026/Jun/29 06:33:53.834082 PORTEVENT TC_26_6_5_2_4.ttcn3:574 Message enqueued on MSC from system charstring : "{\"type\": \"HEARTBEAT\"}" id 14
2026/Jun/29 06:33:53.834107 PORTEVENT TC_26_6_5_2_4.ttcn3:593 Receive operation on port MSC succeeded, message from system(): charstring: "{\"type\": \"HEARTBEAT\"}" id 14
2026/Jun/29 06:33:53.834116 PORTEVENT TC_26_6_5_2_4.ttcn3:593 Message with id 14 was extracted from the queue of MSC.
2026/Jun/29 06:33:53.990334 USER TC_26_6_5_2_4.ttcn3:574 BSC_Port: RX: {"event": "MEAS_RES", "data": {"chan_nr": 10, "ncells": 0, "l3_data": ""}}
2026/Jun/29 06:33:54.012622 PORTEVENT TC_26_6_5_2_4.ttcn3:574 Message enqueued on BSC from system charstring : "{\"event\": \"MEAS_RES\", \"data\": {\"chan_nr\": 10, \"ncells\": 0, \"l3_data\": \"\"}}" id 81
2026/Jun/29 06:33:54.012670 PORTEVENT TC_26_6_5_2_4.ttcn3:575 Receive operation on port BSC succeeded, message from system(): charstring : "{\"event\": \"MEAS_RES\", \"data\": {\"chan_nr\": 10, \"ncells\": 0, \"l3_data\": \"\"}}" id 81
2026/Jun/29 06:33:54.012681 PORTEVENT TC_26_6_5_2_4.ttcn3:575 Message with id 81 was extracted from the queue of BSC.
2026/Jun/29 06:33:54.683025 USER TC_26_6_5_2_4.ttcn3:574 L3_Port: Received 39 bytes
2026/Jun/29 06:33:54.683079 USER TC_26_6_5_2_4.ttcn3:574 L3_Port: RAW GSMTAP hdr->arfcn=0x4038 RxArfcn=0x4038 Uplink=1 Chan=137 Len=23
2026/Jun/29 06:33:54.683090 USER TC_26_6_5_2_4.ttcn3:574 L3_Port: RX: 00 00 01 03 49 06 15 3F 3F 01 C0 00 00 00 00 00 00 00 00 00 00 00 00 
2026/Jun/29 06:33:54.683101 PORTEVENT TC_26_6_5_2_4.ttcn3:574 Message enqueued on L from system octetstring : '000001034906153F3F01C0000000000000000000000000'O id 41
2026/Jun/29 06:33:54.683112 USER TC_26_6_5_2_4.ttcn3:574 L3_Port: Message delivered to TTCN-3
2026/Jun/29 06:33:54.683125 PORTEVENT TC_26_6_5_2_4.ttcn3:594 Receive operation on port L succeeded, message from system(): octetstring: '000001034906153F3F01C0000000000000000000000000'O id 41
2026/Jun/29 06:33:54.683134 PORTEVENT TC_26_6_5_2_4.ttcn3:594 Message with id 41 was extracted from the queue of L.
2026/Jun/29 06:33:55.071265 USER TC_26_6_5_2_4.ttcn3:574 BSC_Port: RX: {"event": "MEAS_RES", "data": {"chan_nr": 10, "ncells": 0, "l3_data": ""}}
2026/Jun/29 06:33:55.071345 PORTEVENT TC_26_6_5_2_4.ttcn3:574 Message enqueued on BSC from system charstring : "{\"event\": \"MEAS_RES\", \"data\": {\"chan_nr\": 10, \"ncells\": 0, \"l3_data\": \"\"}}" id 82
2026/Jun/29 06:33:55.071374 PORTEVENT TC_26_6_5_2_4.ttcn3:575 Receive operation on port BSC succeeded, message from system(): charstring : "{\"event\": \"MEAS_RES\", \"data\": {\"chan_nr\": 10, \"ncells\": 0, \"l3_data\": \"\"}}" id 82
2026/Jun/29 06:33:55.071394 PORTEVENT TC_26_6_5_2_4.ttcn3:575 Message with id 82 was extracted from the queue of BSC.
2026/Jun/29 06:33:55.641843 USER TC_26_6_5_2_4.ttcn3:574 L3_Port: Received 39 bytes
2026/Jun/29 06:33:55.641896 USER TC_26_6_5_2_4.ttcn3:574 L3_Port: RAW GSMTAP hdr->arfcn=0x4038 RxArfcn=0x4038 Uplink=1 Chan=137 Len=23
2026/Jun/29 06:33:55.641905 USER TC_26_6_5_2_4.ttcn3:574 L3_Port: RX: 00 00 01 03 49 06 15 3F 3F 01 C0 00 00 00 00 00 00 00 00 00 00 00 00 
2026/Jun/29 06:33:55.641916 PORTEVENT TC_26_6_5_2_4.ttcn3:574 Message enqueued on L from system octetstring : '000001034906153F3F01C0000000000000000000000000'O id 42
2026/Jun/29 06:33:55.641926 USER TC_26_6_5_2_4.ttcn3:574 L3_Port: Message delivered to TTCN-3
2026/Jun/29 06:33:55.641938 PORTEVENT TC_26_6_5_2_4.ttcn3:594 Receive operation on port L succeeded, message from system(): octetstring: '000001034906153F3F01C0000000000000000000000000'O id 42
2026/Jun/29 06:33:55.641946 PORTEVENT TC_26_6_5_2_4.ttcn3:594 Message with id 42 was extracted from the queue of L.
2026/Jun/29 06:33:56.031042 USER TC_26_6_5_2_4.ttcn3:574 BSC_Port: RX: {"event": "MEAS_RES", "data": {"chan_nr": 10, "ncells": 0, "l3_data": ""}}
2026/Jun/29 06:33:56.031124 PORTEVENT TC_26_6_5_2_4.ttcn3:574 Message enqueued on BSC from system charstring : "{\"event\": \"MEAS_RES\", \"data\": {\"chan_nr\": 10, \"ncells\": 0, \"l3_data\": \"\"}}" id 83
2026/Jun/29 06:33:56.031156 PORTEVENT TC_26_6_5_2_4.ttcn3:575 Receive operation on port BSC succeeded, message from system(): charstring : "{\"event\": \"MEAS_RES\", \"data\": {\"chan_nr\": 10, \"ncells\": 0, \"l3_data\": \"\"}}" id 83
2026/Jun/29 06:33:56.031168 PORTEVENT TC_26_6_5_2_4.ttcn3:575 Message with id 83 was extracted from the queue of BSC.
2026/Jun/29 06:33:56.721555 USER TC_26_6_5_2_4.ttcn3:574 L3_Port: Received 39 bytes
2026/Jun/29 06:33:56.721618 USER TC_26_6_5_2_4.ttcn3:574 L3_Port: RAW GSMTAP hdr->arfcn=0x4038 RxArfcn=0x4038 Uplink=1 Chan=137 Len=23
2026/Jun/29 06:33:56.721636 USER TC_26_6_5_2_4.ttcn3:574 L3_Port: RX: 00 00 01 03 49 06 15 3F 3F 01 C0 00 00 00 00 00 00 00 00 00 00 00 00 
2026/Jun/29 06:33:56.721654 PORTEVENT TC_26_6_5_2_4.ttcn3:574 Message enqueued on L from system octetstring : '000001034906153F3F01C0000000000000000000000000'O id 43
2026/Jun/29 06:33:56.721669 USER TC_26_6_5_2_4.ttcn3:574 L3_Port: Message delivered to TTCN-3
2026/Jun/29 06:33:56.721692 PORTEVENT TC_26_6_5_2_4.ttcn3:594 Receive operation on port L succeeded, message from system(): octetstring: '000001034906153F3F01C0000000000000000000000000'O id 43
2026/Jun/29 06:33:56.721704 PORTEVENT TC_26_6_5_2_4.ttcn3:594 Message with id 43 was extracted from the queue of L.
2026/Jun/29 06:33:56.991046 USER TC_26_6_5_2_4.ttcn3:574 BSC_Port: RX: {"event": "MEAS_RES", "data": {"chan_nr": 10, "ncells": 0, "l3_data": ""}}
2026/Jun/29 06:33:56.991148 PORTEVENT TC_26_6_5_2_4.ttcn3:574 Message enqueued on BSC from system charstring : "{\"event\": \"MEAS_RES\", \"data\": {\"chan_nr\": 10, \"ncells\": 0, \"l3_data\": \"\"}}" id 84
2026/Jun/29 06:33:56.991193 PORTEVENT TC_26_6_5_2_4.ttcn3:575 Receive operation on port BSC succeeded, message from system(): charstring : "{\"event\": \"MEAS_RES\", \"data\": {\"chan_nr\": 10, \"ncells\": 0, \"l3_data\": \"\"}}" id 84
2026/Jun/29 06:33:56.991211 PORTEVENT TC_26_6_5_2_4.ttcn3:575 Message with id 84 was extracted from the queue of BSC.
2026/Jun/29 06:33:57.523712 USER TC_26_6_5_2_4.ttcn3:574 VTY_PT: Received data (buffered): 43 bytes
2026/Jun/29 06:33:57.530299 USER TC_26_6_5_2_4.ttcn3:574 BSC_Port: RX: {"event": "DATA_IND", "data": {"chan_nr": 10, "bsc_slr": 10, "l3_data": "032505e13330337f"}}
2026/Jun/29 06:33:57.530363 PORTEVENT TC_26_6_5_2_4.ttcn3:574 Message enqueued on BSC from system charstring : "{\"event\": \"DATA_IND\", \"data\": {\"chan_nr\": 10, \"bsc_slr\": 10, \"l3_data\": \"032505e13330337f\"}}" id 85
2026/Jun/29 06:33:57.530391 PORTEVENT TC_26_6_5_2_4.ttcn3:575 Receive operation on port BSC succeeded, message from system(): charstring : "{\"event\": \"DATA_IND\", \"data\": {\"chan_nr\": 10, \"bsc_slr\": 10, \"l3_data\": \"032505e13330337f\"}}" id 85
2026/Jun/29 06:33:57.530414 PORTEVENT TC_26_6_5_2_4.ttcn3:575 Message with id 85 was extracted from the queue of BSC.
2026/Jun/29 06:33:57.590012 USER TC_26_6_5_2_4.ttcn3:574 BSC_Port: RX: {"event": "DATA_IND", "data": {"chan_nr": 10, "bsc_slr": 10, "l3_data": "036d0802e090"}}
2026/Jun/29 06:33:57.590086 PORTEVENT TC_26_6_5_2_4.ttcn3:574 Message enqueued on BSC from system charstring : "{\"event\": \"DATA_IND\", \"data\": {\"chan_nr\": 10, \"bsc_slr\": 10, \"l3_data\": \"036d0802e090\"}}" id 86
2026/Jun/29 06:33:57.590115 PORTEVENT TC_26_6_5_2_4.ttcn3:575 Receive operation on port BSC succeeded, message from system(): charstring : "{\"event\": \"DATA_IND\", \"data\": {\"chan_nr\": 10, \"bsc_slr\": 10, \"l3_data\": \"036d0802e090\"}}" id 86
2026/Jun/29 06:33:57.590125 PORTEVENT TC_26_6_5_2_4.ttcn3:575 Message with id 86 was extracted from the queue of BSC.
2026/Jun/29 06:33:57.681574 USER TC_26_6_5_2_4.ttcn3:574 L3_Port: Received 39 bytes
2026/Jun/29 06:33:57.681625 USER TC_26_6_5_2_4.ttcn3:574 L3_Port: RAW GSMTAP hdr->arfcn=0x4038 RxArfcn=0x4038 Uplink=1 Chan=137 Len=23
2026/Jun/29 06:33:57.681637 USER TC_26_6_5_2_4.ttcn3:574 L3_Port: RX: 00 00 01 03 49 06 15 3F 3F 01 C0 00 00 00 00 00 00 00 00 00 00 00 00 
2026/Jun/29 06:33:57.681649 PORTEVENT TC_26_6_5_2_4.ttcn3:574 Message enqueued on L from system octetstring : '000001034906153F3F01C0000000000000000000000000'O id 44
2026/Jun/29 06:33:57.681659 USER TC_26_6_5_2_4.ttcn3:574 L3_Port: Message delivered to TTCN-3
2026/Jun/29 06:33:57.681671 PORTEVENT TC_26_6_5_2_4.ttcn3:594 Receive operation on port L succeeded, message from system(): octetstring: '000001034906153F3F01C0000000000000000000000000'O id 44
2026/Jun/29 06:33:57.681680 PORTEVENT TC_26_6_5_2_4.ttcn3:594 Message with id 44 was extracted from the queue of L.
2026/Jun/29 06:33:58.069736 USER TC_26_6_5_2_4.ttcn3:574 BSC_Port: RX: {"event": "MEAS_RES", "data": {"chan_nr": 10, "ncells": 0, "l3_data": ""}}
2026/Jun/29 06:33:58.069805 PORTEVENT TC_26_6_5_2_4.ttcn3:574 Message enqueued on BSC from system charstring : "{\"event\": \"MEAS_RES\", \"data\": {\"chan_nr\": 10, \"ncells\": 0, \"l3_data\": \"\"}}" id 87
2026/Jun/29 06:33:58.069844 PORTEVENT TC_26_6_5_2_4.ttcn3:575 Receive operation on port BSC succeeded, message from system(): charstring : "{\"event\": \"MEAS_RES\", \"data\": {\"chan_nr\": 10, \"ncells\": 0, \"l3_data\": \"\"}}" id 87
2026/Jun/29 06:33:58.069856 PORTEVENT TC_26_6_5_2_4.ttcn3:575 Message with id 87 was extracted from the queue of BSC.
2026/Jun/29 06:33:58.643146 USER TC_26_6_5_2_4.ttcn3:574 L3_Port: Received 39 bytes
2026/Jun/29 06:33:58.643229 USER TC_26_6_5_2_4.ttcn3:574 L3_Port: RAW GSMTAP hdr->arfcn=0x4038 RxArfcn=0x4038 Uplink=1 Chan=137 Len=23
2026/Jun/29 06:33:58.643254 USER TC_26_6_5_2_4.ttcn3:574 L3_Port: RX: 00 00 01 03 49 06 15 3F 3F 01 C0 00 00 00 00 00 00 00 00 00 00 00 00 
2026/Jun/29 06:33:58.643276 PORTEVENT TC_26_6_5_2_4.ttcn3:574 Message enqueued on L from system octetstring : '000001034906153F3F01C0000000000000000000000000'O id 45
2026/Jun/29 06:33:58.643295 USER TC_26_6_5_2_4.ttcn3:574 L3_Port: Message delivered to TTCN-3
2026/Jun/29 06:33:58.643319 PORTEVENT TC_26_6_5_2_4.ttcn3:594 Receive operation on port L succeeded, message from system(): octetstring: '000001034906153F3F01C0000000000000000000000000'O id 45
2026/Jun/29 06:33:58.643339 PORTEVENT TC_26_6_5_2_4.ttcn3:594 Message with id 45 was extracted from the queue of L.
2026/Jun/29 06:33:58.839008 USER TC_26_6_5_2_4.ttcn3:574 MSC_Port: RX: {"type": "HEARTBEAT"}
2026/Jun/29 06:33:58.839080 PORTEVENT TC_26_6_5_2_4.ttcn3:574 Message enqueued on MSC from system charstring : "{\"type\": \"HEARTBEAT\"}" id 15
2026/Jun/29 06:33:58.839104 PORTEVENT TC_26_6_5_2_4.ttcn3:593 Receive operation on port MSC succeeded, message from system(): charstring: "{\"type\": \"HEARTBEAT\"}" id 15
2026/Jun/29 06:33:58.839113 PORTEVENT TC_26_6_5_2_4.ttcn3:593 Message with id 15 was extracted from the queue of MSC.
2026/Jun/29 06:33:59.031032 USER TC_26_6_5_2_4.ttcn3:574 BSC_Port: RX: {"event": "MEAS_RES", "data": {"chan_nr": 10, "ncells": 0, "l3_data": ""}}
2026/Jun/29 06:33:59.031125 PORTEVENT TC_26_6_5_2_4.ttcn3:574 Message enqueued on BSC from system charstring : "{\"event\": \"MEAS_RES\", \"data\": {\"chan_nr\": 10, \"ncells\": 0, \"l3_data\": \"\"}}" id 88
2026/Jun/29 06:33:59.031155 PORTEVENT TC_26_6_5_2_4.ttcn3:575 Receive operation on port BSC succeeded, message from system(): charstring : "{\"event\": \"MEAS_RES\", \"data\": {\"chan_nr\": 10, \"ncells\": 0, \"l3_data\": \"\"}}" id 88
2026/Jun/29 06:33:59.031165 PORTEVENT TC_26_6_5_2_4.ttcn3:575 Message with id 88 was extracted from the queue of BSC.
2026/Jun/29 06:33:59.172935 TIMEROP TC_26_6_5_2_4.ttcn3:595 Timeout T_ho_est: 30 s
2026/Jun/29 06:33:59.172989 USER TC_26_6_5_2_4.ttcn3:596 *** Timeout waiting for ESTABLISH_IND on TCH/F TS2 (ARFCN 56 n56 BTS) ***
2026/Jun/29 06:33:59.173015 USER TC_26_6_5_2_4.ttcn3:597 *** Check: PHYSICAL INFO delivered? OsmocomBB rx_phys_info dispatch? ***
2026/Jun/29 06:33:59.173071 PORTEVENT TC_26_6_5_2_4.ttcn3:643 Sent on BSC to system charstring : "{\"command\": \"CMD_RELEASE_CHANNEL\", \"chan_nr\": 10}"
2026/Jun/29 06:33:59.173147 USER TC_26_6_5_2_4.ttcn3:643 BSC_Port: TX: {"command": "CMD_RELEASE_CHANNEL", "chan_nr": 10}
2026/Jun/29 06:33:59.173160 TIMEROP TC_26_6_5_2_4.ttcn3:645 Start timer T_rel: 5 s
2026/Jun/29 06:33:59.717112 USER TC_26_6_5_2_4.ttcn3:646 L3_Port: Received 39 bytes
2026/Jun/29 06:33:59.717164 USER TC_26_6_5_2_4.ttcn3:646 L3_Port: RAW GSMTAP hdr->arfcn=0x4038 RxArfcn=0x4038 Uplink=1 Chan=137 Len=23
2026/Jun/29 06:33:59.717176 USER TC_26_6_5_2_4.ttcn3:646 L3_Port: RX: 00 00 01 03 49 06 15 3F 3F 01 C0 00 00 00 00 00 00 00 00 00 00 00 00 
2026/Jun/29 06:33:59.717189 PORTEVENT TC_26_6_5_2_4.ttcn3:646 Message enqueued on L from system octetstring : '000001034906153F3F01C0000000000000000000000000'O id 46
2026/Jun/29 06:33:59.717200 USER TC_26_6_5_2_4.ttcn3:646 L3_Port: Message delivered to TTCN-3
2026/Jun/29 06:33:59.990414 USER TC_26_6_5_2_4.ttcn3:646 BSC_Port: RX: {"event": "MEAS_RES", "data": {"chan_nr": 10, "ncells": 0, "l3_data": ""}}
2026/Jun/29 06:33:59.990482 PORTEVENT TC_26_6_5_2_4.ttcn3:646 Message enqueued on BSC from system charstring : "{\"event\": \"MEAS_RES\", \"data\": {\"chan_nr\": 10, \"ncells\": 0, \"l3_data\": \"\"}}" id 89
2026/Jun/29 06:33:59.990509 PORTEVENT TC_26_6_5_2_4.ttcn3:647 Receive operation on port BSC succeeded, message from system(): charstring : "{\"event\": \"MEAS_RES\", \"data\": {\"chan_nr\": 10, \"ncells\": 0, \"l3_data\": \"\"}}" id 89
2026/Jun/29 06:33:59.990519 PORTEVENT TC_26_6_5_2_4.ttcn3:647 Message with id 89 was extracted from the queue of BSC.
2026/Jun/29 06:34:00.676869 USER TC_26_6_5_2_4.ttcn3:646 L3_Port: Received 39 bytes
2026/Jun/29 06:34:00.676925 USER TC_26_6_5_2_4.ttcn3:646 L3_Port: RAW GSMTAP hdr->arfcn=0x4038 RxArfcn=0x4038 Uplink=1 Chan=137 Len=23
2026/Jun/29 06:34:00.676938 USER TC_26_6_5_2_4.ttcn3:646 L3_Port: RX: 00 00 01 03 49 06 15 3F 3F 01 C0 00 00 00 00 00 00 00 00 00 00 00 00 
2026/Jun/29 06:34:00.676950 PORTEVENT TC_26_6_5_2_4.ttcn3:646 Message enqueued on L from system octetstring : '000001034906153F3F01C0000000000000000000000000'O id 47
2026/Jun/29 06:34:00.676960 USER TC_26_6_5_2_4.ttcn3:646 L3_Port: Message delivered to TTCN-3
2026/Jun/29 06:34:01.070151 USER TC_26_6_5_2_4.ttcn3:646 BSC_Port: RX: {"event": "MEAS_RES", "data": {"chan_nr": 10, "ncells": 0, "l3_data": ""}}
2026/Jun/29 06:34:01.070222 PORTEVENT TC_26_6_5_2_4.ttcn3:646 Message enqueued on BSC from system charstring : "{\"event\": \"MEAS_RES\", \"data\": {\"chan_nr\": 10, \"ncells\": 0, \"l3_data\": \"\"}}" id 90
2026/Jun/29 06:34:01.070249 PORTEVENT TC_26_6_5_2_4.ttcn3:647 Receive operation on port BSC succeeded, message from system(): charstring : "{\"event\": \"MEAS_RES\", \"data\": {\"chan_nr\": 10, \"ncells\": 0, \"l3_data\": \"\"}}" id 90
2026/Jun/29 06:34:01.070258 PORTEVENT TC_26_6_5_2_4.ttcn3:647 Message with id 90 was extracted from the queue of BSC.
2026/Jun/29 06:34:01.173966 USER TC_26_6_5_2_4.ttcn3:646 BSC_Port: RX: {"status": "ok", "chan_nr": 10}
2026/Jun/29 06:34:01.174051 PORTEVENT TC_26_6_5_2_4.ttcn3:646 Message enqueued on BSC from system charstring : "{\"status\": \"ok\", \"chan_nr\": 10}" id 91
2026/Jun/29 06:34:01.174079 PORTEVENT TC_26_6_5_2_4.ttcn3:647 Receive operation on port BSC succeeded, message from system(): charstring : "{\"status\": \"ok\", \"chan_nr\": 10}" id 91
2026/Jun/29 06:34:01.174088 PORTEVENT TC_26_6_5_2_4.ttcn3:647 Message with id 91 was extracted from the queue of BSC.
2026/Jun/29 06:34:01.174147 TIMEROP TC_26_6_5_2_4.ttcn3:648 Stop timer T_rel: 5 s
2026/Jun/29 06:34:01.174160 USER TC_26_6_5_2_4.ttcn3:664 ========================================
2026/Jun/29 06:34:01.174165 USER TC_26_6_5_2_4.ttcn3:665 TEST SUMMARY: TC_26_6_5_2_4
2026/Jun/29 06:34:01.174169 USER TC_26_6_5_2_4.ttcn3:666 ========================================
2026/Jun/29 06:34:01.174173 USER TC_26_6_5_2_4.ttcn3:667 Total sub-tests: 4
2026/Jun/29 06:34:01.174183 USER TC_26_6_5_2_4.ttcn3:668 Sub-test 1 (LU idle-updated): true
2026/Jun/29 06:34:01.174188 USER TC_26_6_5_2_4.ttcn3:669 Sub-test 2 (MO call init): true
2026/Jun/29 06:34:01.174193 USER TC_26_6_5_2_4.ttcn3:670 Sub-test 3 (PHYSICAL INFO sent): true
2026/Jun/29 06:34:01.174198 USER TC_26_6_5_2_4.ttcn3:671 Sub-test 4 (HO COMPLETE): false
2026/Jun/29 06:34:01.174202 USER TC_26_6_5_2_4.ttcn3:672 Best-effort (CC SETUP retransmit): false
2026/Jun/29 06:34:01.174206 USER TC_26_6_5_2_4.ttcn3:673 ========================================
2026/Jun/29 06:34:01.174248 USER TC_26_6_5_2_4.ttcn3:680 Passed: 3 / Failed: 1
2026/Jun/29 06:34:01.174287 VERDICTOP TC_26_6_5_2_4.ttcn3:686 setverdict(fail): none -> fail
2026/Jun/29 06:34:01.174371 USER TC_26_6_5_2_4.ttcn3:687 VERDICT: FAIL (1 sub-tests failed)
2026/Jun/29 06:34:01.174377 USER TC_26_6_5_2_4.ttcn3:690 ========================================
2026/Jun/29 06:34:01.174381 TIMEROP TC_26_6_5_2_4.ttcn3:693 Stop timer T_guard: 300 s
2026/Jun/29 06:34:01.174392 PARALLEL TC_26_6_5_2_4.ttcn3:694 Unmapping port mtc:BSC from system:BSC.
2026/Jun/29 06:34:01.174518 USER TC_26_6_5_2_4.ttcn3:694 BSC_Port: Unmapping
2026/Jun/29 06:34:01.174618 PORTEVENT TC_26_6_5_2_4.ttcn3:694 Port BSC was unmapped from system:BSC.
2026/Jun/29 06:34:01.174657 PARALLEL TC_26_6_5_2_4.ttcn3:694 Unmap operation of mtc:BSC from system:BSC finished.
2026/Jun/29 06:34:01.174668 PARALLEL TC_26_6_5_2_4.ttcn3:695 Unmapping port mtc:MSC from system:MSC.
2026/Jun/29 06:34:01.174686 USER TC_26_6_5_2_4.ttcn3:695 MSC_Port: Unmapping from MSC
2026/Jun/29 06:34:01.174743 PORTEVENT TC_26_6_5_2_4.ttcn3:695 Port MSC was unmapped from system:MSC.
2026/Jun/29 06:34:01.174764 PARALLEL TC_26_6_5_2_4.ttcn3:695 Unmap operation of mtc:MSC from system:MSC finished.
2026/Jun/29 06:34:01.174769 PARALLEL TC_26_6_5_2_4.ttcn3:696 Unmapping port mtc:L from system:L.
2026/Jun/29 06:34:01.174785 USER TC_26_6_5_2_4.ttcn3:696 L3_Port: Unmapping from L
2026/Jun/29 06:34:01.174819 PORTEVENT TC_26_6_5_2_4.ttcn3:696 Port L was unmapped from system:L.
2026/Jun/29 06:34:01.174952 PARALLEL TC_26_6_5_2_4.ttcn3:696 Unmap operation of mtc:L from system:L finished.
2026/Jun/29 06:34:01.174958 PARALLEL TC_26_6_5_2_4.ttcn3:697 Unmapping port mtc:VTY from system:VTY.
2026/Jun/29 06:34:01.174974 USER TC_26_6_5_2_4.ttcn3:697 VTY_PT: Unmapping port from VTY interface
2026/Jun/29 06:34:01.175055 USER TC_26_6_5_2_4.ttcn3:697 VTY_PT: Disconnected from VTY
2026/Jun/29 06:34:01.175075 PORTEVENT TC_26_6_5_2_4.ttcn3:697 Port VTY was unmapped from system:VTY.
2026/Jun/29 06:34:01.175092 PARALLEL TC_26_6_5_2_4.ttcn3:697 Unmap operation of mtc:VTY from system:VTY finished.
2026/Jun/29 06:34:01.175110 PARALLEL TC_26_6_5_2_4.ttcn3:697 Terminating component type GSM_Component_Definitions.GSM_CT.
2026/Jun/29 06:34:01.175135 USER TC_26_6_5_2_4.ttcn3:697 L3_Port: user_stop called
2026/Jun/29 06:34:01.175151 PORTEVENT TC_26_6_5_2_4.ttcn3:697 Message with id 46 was extracted from the queue of L.
2026/Jun/29 06:34:01.175157 PORTEVENT TC_26_6_5_2_4.ttcn3:697 Message with id 47 was extracted from the queue of L.
2026/Jun/29 06:34:01.175168 PORTEVENT TC_26_6_5_2_4.ttcn3:697 Port L was stopped.
2026/Jun/29 06:34:01.175182 PORTEVENT TC_26_6_5_2_4.ttcn3:697 Port RR was stopped.
2026/Jun/29 06:34:01.175193 PORTEVENT TC_26_6_5_2_4.ttcn3:697 Port MM was stopped.
2026/Jun/29 06:34:01.175203 PORTEVENT TC_26_6_5_2_4.ttcn3:697 Port CC was stopped.
2026/Jun/29 06:34:01.175206 USER TC_26_6_5_2_4.ttcn3:697 MSC_Port: user_stop called
2026/Jun/29 06:34:01.175227 PORTEVENT TC_26_6_5_2_4.ttcn3:697 Port MSC was stopped.
2026/Jun/29 06:34:01.175234 USER TC_26_6_5_2_4.ttcn3:697 BSC_Port: user_stop called
2026/Jun/29 06:34:01.175246 PORTEVENT TC_26_6_5_2_4.ttcn3:697 Port BSC was stopped.
2026/Jun/29 06:34:01.175250 PORTEVENT TC_26_6_5_2_4.ttcn3:697 Port RSL was stopped.
2026/Jun/29 06:34:01.175253 USER TC_26_6_5_2_4.ttcn3:697 VTY_PT: Stopping
2026/Jun/29 06:34:01.175265 PORTEVENT TC_26_6_5_2_4.ttcn3:697 Port VTY was stopped.
2026/Jun/29 06:34:01.175269 PORTEVENT TC_26_6_5_2_4.ttcn3:697 Port COORD was stopped.
2026/Jun/29 06:34:01.175272 PARALLEL TC_26_6_5_2_4.ttcn3:697 Component type GSM_Component_Definitions.GSM_CT was shut down inside testcase TC_26_6_5_2_4.
2026/Jun/29 06:34:01.175279 EXECUTOR TC_26_6_5_2_4.ttcn3:697 Waiting for PTCs to finish.
2026/Jun/29 06:34:01.175317 VERDICTOP TC_26_6_5_2_4.ttcn3:697 Setting final verdict of the test case.
2026/Jun/29 06:34:01.175373 VERDICTOP TC_26_6_5_2_4.ttcn3:697 Local verdict of MTC: fail
2026/Jun/29 06:34:01.175406 VERDICTOP TC_26_6_5_2_4.ttcn3:697 No PTCs were created.
2026/Jun/29 06:34:01.175426 TESTCASE TC_26_6_5_2_4.ttcn3:697 Test case TC_26_6_5_2_4 finished. Verdict: fail
2026/Jun/29 06:34:01.175617 STATISTICS - Verdict statistics: 0 none (0.00 %), 0 pass (0.00 %), 0 inconc (0.00 %), 1 fail (100.00 %), 0 error (0.00 %).
2026/Jun/29 06:34:01.175697 STATISTICS - Test execution summary: 1 test case was executed. Overall verdict: fail
2026/Jun/29 06:34:01.175705 EXECUTOR - Exit was requested from MC. Terminating MTC.
======================================================
TEST RESULT: FAIL
