======================================================
Waiting for mobile to register (5 seconds)...
======================================================
======================================================
Starting TC_26_8_1_3_4_3 Test Case
======================================================
Resolved: msc=10.42.0.214 mobile=10.43.45.153 bsc=10.42.0.175
DEBUG: [EXECUTE] section:
[EXECUTE]
TC_26_8_1_3_4_3.TC_26_8_1_3_4_3
  Waiting for MC... (1/30)
Main Controller ready (attempt 2)
Starting Host Controller...
TTCN-3 Host Controller (parallel mode), version 11.1.0
The address of MC was set to a local IP address. This may cause incorrect behavior if a HC from a remote host also connects to MC.
Result dir: /results/TC_26_8_1_3_4_3-2026-06-08-112110
Waiting for log files...
2026/Jun/08 11:21:11.772545 EXECUTOR - TTCN-3 Host Controller started on ttcn3-tc-26-8-1-3-4-3-4-m67hh. Version: 11.1.0.
2026/Jun/08 11:21:11.772691 EXECUTOR - TTCN Logger v2.2 options: TimeStampFormat:=DateTime; LogEntityName:=No; LogEventTypes:=Yes; SourceInfoFormat:=Single; LogSensitiveData:=No; *.FileMask:=LOG_ALL; *.ConsoleMask:=ERROR | TESTCASE | USER | VERDICTOP | WARNING; LogFileSize:=0; LogFileNumber:=1; DiskFullAction:=Error
2026/Jun/08 11:21:11.772702 EXECUTOR - Maximum number of open file descriptors: 1048576,   FD_SETSIZE = 1024
2026/Jun/08 11:21:11.772896 WARNING - Warning: The address of MC was set to a local IP address. This may cause incorrect behavior if a HC from a remote host also connects to MC.
2026/Jun/08 11:21:11.772930 EXECUTOR - The address of MC was set to 127.0.0.1:0.
2026/Jun/08 11:21:11.773039 EXECUTOR - Connected to MC.
2026/Jun/08 11:21:11.773130 EXECUTOR - This host supports UNIX domain sockets for local communication.
2026/Jun/08 11:21:11.773325 EXECUTOR - Processing configuration data received from MC.
2026/Jun/08 11:21:11.773530 WARNING - Warning: Skeleton `/results/TC_26_8_1_3_4_3-2026-06-08-112110/%n.log' does not guarantee unique log file name for every test system process. It may cause unpredictable results if several test components try to write into the same log file.
2026/Jun/08 11:21:11.773836 EXECUTOR - Module GSM_Constants has the following parameters: { TSPC_Serv_TS11 := true, TSPC_Serv_TS61 := false, TSPC_Serv_TS62 := false, TSPC_Serv_BS21 := false, TSPC_Serv_BS22 := false, TSPC_Serv_BS24 := false, TSPC_Serv_BS25 := false, TSPC_Serv_BS26 := false, TSPC_Serv_BS31 := false, TSPC_Serv_BS32 := false, TSPC_Serv_BS33 := false, TSPC_Serv_BS34 := false, TSPC_Serv_BS41 := false, TSPC_Serv_BS42 := false, TSPC_Serv_BS43 := false, TSPC_Serv_BS44 := false, TSPC_Serv_BS45 := false, TSPC_Serv_BS51 := false, TSPC_Serv_BS61 := false, TSPC_Serv_BS81 := false, TSPC_DualRate := false, TSPC_MTsvc := true, TSPX_IMSI := '901700000000001F'O, TSPX_TMSI := '1914D97F'O, TSPX_CKSNDef := 0, TSPX_RANDDef := '00112233445566778899AABBCCDDEEFF'O, TSPX_SRES := '12345678'O, TSPX_Kc := '0000000000000000'O, TSPX_SDCCH4SubDef := 0, TSPX_TmSltDef := 0, TSPX_TscDef := 7, TSPX_TCHHSubDef := 0, TCV_CC := true, TSPX_Telephony_Rate := C_Full (0), TSPX_MOBscSvcA := C_Telephony (0), TSPX_MOBscSvcB := C_Telephony (0), TSPX_MOBscSvcC := C_Telephony (0), TSPX_MOBscSvcD := C_Telephony (0), TSPX_MOBscSvcE := C_Telephony (0), TSPX_MOBscSvcF := C_Telephony (0), TSPX_MOBscSvcG := C_Telephony (0), TSPX_MOChRateA := C_Full (0), TSPX_MOChRateB := C_Full (0), TSPX_MOChRateC := C_Full (0), TSPX_MOChRateD := C_Full (0), TSPX_MOChRateE := C_Full (0), TSPX_MOChRateF := C_Full (0), TSPX_MOChRateG := C_Full (0), TSPX_MTBscSvcA := C_Telephony (0), TSPX_MTBscSvcB := C_Telephony (0), TSPX_MTBscSvcC := C_Telephony (0), TSPX_MTBscSvcD := C_Telephony (0), TSPX_MTBscSvcE := C_Telephony (0), TSPX_MTBscSvcF := C_Telephony (0), TSPX_MTBscSvcG := C_Telephony (0), TSPX_MTBscSvcH := C_Telephony (0), TSPX_MTBscSvcI := C_Telephony (0), TSPX_MTBscSvcJ := C_Telephony (0), TSPX_MTChRateA := C_Full (0), TSPX_MTChRateB := C_Full (0), TSPX_MTChRateC := C_Full (0), TSPX_MTChRateD := C_Full (0), TSPX_MTChRateE := C_Full (0), TSPX_MTChRateF := C_Full (0), TSPX_MTChRateG := C_Full (0), TSPX_MTChRateH := C_Full (0), TSPX_MTChRateI := C_Full (0), TSPX_MTChRateJ := C_Full (0), C_arfcnA := 100 }
2026/Jun/08 11:21:11.773910 EXECUTOR - Module TC_26_6_1_2 has the following parameters: { TSPX_nPara := 3, TSPX_i1Para := 3, TSPX_kPara := 5, TSPX_i2Para := 1, TSPX_rPara := 4, TSPX_i3Para := 4 }
2026/Jun/08 11:21:11.773937 EXECUTOR - Initializing module GSM_Component_Definitions.
2026/Jun/08 11:21:11.773943 EXECUTOR GSM_Component_Definitions.ttcn3:0 Initializing module GSM_Templates.
2026/Jun/08 11:21:11.773959 EXECUTOR GSM_Templates.ttcn3:0 Initializing module GSM_Constants.
2026/Jun/08 11:21:11.773964 EXECUTOR GSM_Constants.ttcn3:0 Initializing module GSM_Types.
2026/Jun/08 11:21:11.773967 EXECUTOR GSM_Constants.ttcn3:0 Initialization of module GSM_Types finished.
2026/Jun/08 11:21:11.773970 EXECUTOR GSM_Templates.ttcn3:0 Initialization of module GSM_Constants finished.
2026/Jun/08 11:21:11.774042 EXECUTOR GSM_Component_Definitions.ttcn3:0 Initialization of module GSM_Templates finished.
2026/Jun/08 11:21:11.774046 EXECUTOR - Initialization of module GSM_Component_Definitions finished.
2026/Jun/08 11:21:11.774048 EXECUTOR - Initializing module GSM_Functions.
2026/Jun/08 11:21:11.774068 EXECUTOR - Initialization of module GSM_Functions finished.
2026/Jun/08 11:21:11.774071 EXECUTOR - Initializing module PreGenRecordOf.
2026/Jun/08 11:21:11.774073 EXECUTOR - Initialization of module PreGenRecordOf finished.
2026/Jun/08 11:21:11.774075 EXECUTOR - Initializing module TC_26_2_1_3.
2026/Jun/08 11:21:11.774079 EXECUTOR - Initialization of module TC_26_2_1_3 finished.
2026/Jun/08 11:21:11.774081 EXECUTOR - Initializing module TC_26_2_2.
2026/Jun/08 11:21:11.774086 EXECUTOR - Initialization of module TC_26_2_2 finished.
2026/Jun/08 11:21:11.774088 EXECUTOR - Initializing module TC_26_2_3.
2026/Jun/08 11:21:11.774092 EXECUTOR - Initialization of module TC_26_2_3 finished.
2026/Jun/08 11:21:11.774094 EXECUTOR - Initializing module TC_26_6_11_1.
2026/Jun/08 11:21:11.774099 EXECUTOR - Initialization of module TC_26_6_11_1 finished.
2026/Jun/08 11:21:11.774101 EXECUTOR - Initializing module TC_26_6_11_2.
2026/Jun/08 11:21:11.774105 EXECUTOR - Initialization of module TC_26_6_11_2 finished.
2026/Jun/08 11:21:11.774107 EXECUTOR - Initializing module TC_26_6_12_1.
2026/Jun/08 11:21:11.774111 EXECUTOR - Initialization of module TC_26_6_12_1 finished.
2026/Jun/08 11:21:11.774113 EXECUTOR - Initializing module TC_26_6_12_2.
2026/Jun/08 11:21:11.774117 EXECUTOR - Initialization of module TC_26_6_12_2 finished.
2026/Jun/08 11:21:11.774119 EXECUTOR - Initializing module TC_26_6_12_3.
2026/Jun/08 11:21:11.774124 EXECUTOR - Initialization of module TC_26_6_12_3 finished.
2026/Jun/08 11:21:11.774126 EXECUTOR - Initializing module TC_26_6_12_4.
2026/Jun/08 11:21:11.774130 EXECUTOR - Initialization of module TC_26_6_12_4 finished.
2026/Jun/08 11:21:11.774132 EXECUTOR - Initializing module TC_26_6_13_10.
2026/Jun/08 11:21:11.774136 EXECUTOR - Initialization of module TC_26_6_13_10 finished.
2026/Jun/08 11:21:11.774138 EXECUTOR - Initializing module TC_26_6_13_9.
2026/Jun/08 11:21:11.774142 EXECUTOR - Initialization of module TC_26_6_13_9 finished.
2026/Jun/08 11:21:11.774145 EXECUTOR - Initializing module TC_26_6_1_1.
2026/Jun/08 11:21:11.774149 EXECUTOR - Initialization of module TC_26_6_1_1 finished.
2026/Jun/08 11:21:11.774151 EXECUTOR - Initializing module TC_26_6_1_2.
2026/Jun/08 11:21:11.774155 EXECUTOR - Initialization of module TC_26_6_1_2 finished.
2026/Jun/08 11:21:11.774158 EXECUTOR - Initializing module TC_26_6_1_3.
2026/Jun/08 11:21:11.774162 EXECUTOR - Initialization of module TC_26_6_1_3 finished.
2026/Jun/08 11:21:11.774164 EXECUTOR - Initializing module TC_26_6_1_4.
2026/Jun/08 11:21:11.774169 EXECUTOR - Initialization of module TC_26_6_1_4 finished.
2026/Jun/08 11:21:11.774171 EXECUTOR - Initializing module TC_26_6_1_5.
2026/Jun/08 11:21:11.774175 EXECUTOR - Initialization of module TC_26_6_1_5 finished.
2026/Jun/08 11:21:11.774177 EXECUTOR - Initializing module TC_26_6_2_1_1.
2026/Jun/08 11:21:11.774181 EXECUTOR - Initialization of module TC_26_6_2_1_1 finished.
2026/Jun/08 11:21:11.774183 EXECUTOR - Initializing module TC_26_6_2_1_2.
2026/Jun/08 11:21:11.774187 EXECUTOR - Initialization of module TC_26_6_2_1_2 finished.
2026/Jun/08 11:21:11.774189 EXECUTOR - Initializing module TC_26_6_2_1_3.
2026/Jun/08 11:21:11.774194 EXECUTOR - Initialization of module TC_26_6_2_1_3 finished.
2026/Jun/08 11:21:11.774196 EXECUTOR - Initializing module TC_26_6_2_2.
2026/Jun/08 11:21:11.774200 EXECUTOR - Initialization of module TC_26_6_2_2 finished.
2026/Jun/08 11:21:11.774202 EXECUTOR - Initializing module TC_26_6_2_3_1.
2026/Jun/08 11:21:11.774206 EXECUTOR - Initialization of module TC_26_6_2_3_1 finished.
2026/Jun/08 11:21:11.774208 EXECUTOR - Initializing module TC_26_6_2_3_2.
2026/Jun/08 11:21:11.774213 EXECUTOR - Initialization of module TC_26_6_2_3_2 finished.
2026/Jun/08 11:21:11.774218 EXECUTOR - Initializing module TC_26_6_2_4.
2026/Jun/08 11:21:11.774223 EXECUTOR - Initialization of module TC_26_6_2_4 finished.
2026/Jun/08 11:21:11.774225 EXECUTOR - Initializing module TC_26_6_3_1.
2026/Jun/08 11:21:11.774229 EXECUTOR - Initialization of module TC_26_6_3_1 finished.
2026/Jun/08 11:21:11.774232 EXECUTOR - Initializing module TC_26_6_3_4.
2026/Jun/08 11:21:11.774236 EXECUTOR - Initialization of module TC_26_6_3_4 finished.
2026/Jun/08 11:21:11.774238 EXECUTOR - Initializing module TC_26_6_4_1.
2026/Jun/08 11:21:11.774242 EXECUTOR - Initialization of module TC_26_6_4_1 finished.
2026/Jun/08 11:21:11.774245 EXECUTOR - Initializing module TC_26_6_4_2_2.
2026/Jun/08 11:21:11.774249 EXECUTOR - Initialization of module TC_26_6_4_2_2 finished.
2026/Jun/08 11:21:11.774251 EXECUTOR - Initializing module TC_26_6_5_1.
2026/Jun/08 11:21:11.774255 EXECUTOR - Initialization of module TC_26_6_5_1 finished.
2026/Jun/08 11:21:11.774257 EXECUTOR - Initializing module TC_26_6_5_2_1.
2026/Jun/08 11:21:11.774262 EXECUTOR - Initialization of module TC_26_6_5_2_1 finished.
2026/Jun/08 11:21:11.774264 EXECUTOR - Initializing module TC_26_6_8_1.
2026/Jun/08 11:21:11.774268 EXECUTOR - Initialization of module TC_26_6_8_1 finished.
2026/Jun/08 11:21:11.774271 EXECUTOR - Initializing module TC_26_6_8_2.
2026/Jun/08 11:21:11.774275 EXECUTOR - Initialization of module TC_26_6_8_2 finished.
2026/Jun/08 11:21:11.774277 EXECUTOR - Initializing module TC_26_6_8_3.
2026/Jun/08 11:21:11.774281 EXECUTOR - Initialization of module TC_26_6_8_3 finished.
2026/Jun/08 11:21:11.774283 EXECUTOR - Initializing module TC_26_6_8_4.
2026/Jun/08 11:21:11.774288 EXECUTOR - Initialization of module TC_26_6_8_4 finished.
2026/Jun/08 11:21:11.774290 EXECUTOR - Initializing module TC_26_6_8_5.
2026/Jun/08 11:21:11.774294 EXECUTOR - Initialization of module TC_26_6_8_5 finished.
2026/Jun/08 11:21:11.774297 EXECUTOR - Initializing module TC_26_7_1.
2026/Jun/08 11:21:11.774301 EXECUTOR - Initialization of module TC_26_7_1 finished.
2026/Jun/08 11:21:11.774303 EXECUTOR - Initializing module TC_26_7_2_1.
2026/Jun/08 11:21:11.774308 EXECUTOR - Initialization of module TC_26_7_2_1 finished.
2026/Jun/08 11:21:11.774310 EXECUTOR - Initializing module TC_26_7_2_2.
2026/Jun/08 11:21:11.774314 EXECUTOR - Initialization of module TC_26_7_2_2 finished.
2026/Jun/08 11:21:11.774316 EXECUTOR - Initializing module TC_26_7_3_1.
2026/Jun/08 11:21:11.774320 EXECUTOR - Initialization of module TC_26_7_3_1 finished.
2026/Jun/08 11:21:11.774323 EXECUTOR - Initializing module TC_26_7_3_2.
2026/Jun/08 11:21:11.774328 EXECUTOR - Initialization of module TC_26_7_3_2 finished.
2026/Jun/08 11:21:11.774330 EXECUTOR - Initializing module TC_26_7_4_1.
2026/Jun/08 11:21:11.774334 EXECUTOR - Initialization of module TC_26_7_4_1 finished.
2026/Jun/08 11:21:11.774336 EXECUTOR - Initializing module TC_26_7_4_2_1.
2026/Jun/08 11:21:11.774340 EXECUTOR - Initialization of module TC_26_7_4_2_1 finished.
2026/Jun/08 11:21:11.774342 EXECUTOR - Initializing module TC_26_7_4_2_2_1.
2026/Jun/08 11:21:11.774347 EXECUTOR - Initialization of module TC_26_7_4_2_2_1 finished.
2026/Jun/08 11:21:11.774349 EXECUTOR - Initializing module TC_26_7_4_2_2_2.
2026/Jun/08 11:21:11.774353 EXECUTOR - Initialization of module TC_26_7_4_2_2_2 finished.
2026/Jun/08 11:21:11.774356 EXECUTOR - Initializing module TC_26_7_4_2_3.
2026/Jun/08 11:21:11.774360 EXECUTOR - Initialization of module TC_26_7_4_2_3 finished.
2026/Jun/08 11:21:11.774363 EXECUTOR - Initializing module TC_26_7_4_2_4_1.
2026/Jun/08 11:21:11.774367 EXECUTOR - Initialization of module TC_26_7_4_2_4_1 finished.
2026/Jun/08 11:21:11.774369 EXECUTOR - Initializing module TC_26_7_4_2_4_2.
2026/Jun/08 11:21:11.774374 EXECUTOR - Initialization of module TC_26_7_4_2_4_2 finished.
2026/Jun/08 11:21:11.774376 EXECUTOR - Initializing module TC_26_7_4_2_4_3.
2026/Jun/08 11:21:11.774381 EXECUTOR - Initialization of module TC_26_7_4_2_4_3 finished.
2026/Jun/08 11:21:11.774383 EXECUTOR - Initializing module TC_26_7_4_2_4_4.
2026/Jun/08 11:21:11.774390 EXECUTOR - Initialization of module TC_26_7_4_2_4_4 finished.
2026/Jun/08 11:21:11.774392 EXECUTOR - Initializing module TC_26_7_4_2_4_5.
2026/Jun/08 11:21:11.774396 EXECUTOR - Initialization of module TC_26_7_4_2_4_5 finished.
2026/Jun/08 11:21:11.774398 EXECUTOR - Initializing module TC_26_7_4_3_1.
2026/Jun/08 11:21:11.774402 EXECUTOR - Initialization of module TC_26_7_4_3_1 finished.
2026/Jun/08 11:21:11.774405 EXECUTOR - Initializing module TC_26_7_4_3_2.
2026/Jun/08 11:21:11.774409 EXECUTOR - Initialization of module TC_26_7_4_3_2 finished.
2026/Jun/08 11:21:11.774411 EXECUTOR - Initializing module TC_26_7_4_3_3.
2026/Jun/08 11:21:11.774415 EXECUTOR - Initialization of module TC_26_7_4_3_3 finished.
2026/Jun/08 11:21:11.774418 EXECUTOR - Initializing module TC_26_7_4_3_4.
2026/Jun/08 11:21:11.774422 EXECUTOR - Initialization of module TC_26_7_4_3_4 finished.
2026/Jun/08 11:21:11.774424 EXECUTOR - Initializing module TC_26_7_4_4.
2026/Jun/08 11:21:11.774429 EXECUTOR - Initialization of module TC_26_7_4_4 finished.
2026/Jun/08 11:21:11.774431 EXECUTOR - Initializing module TC_26_7_4_5_1.
2026/Jun/08 11:21:11.774435 EXECUTOR - Initialization of module TC_26_7_4_5_1 finished.
2026/Jun/08 11:21:11.774437 EXECUTOR - Initializing module TC_26_7_4_5_2.
2026/Jun/08 11:21:11.774441 EXECUTOR - Initialization of module TC_26_7_4_5_2 finished.
2026/Jun/08 11:21:11.774444 EXECUTOR - Initializing module TC_26_7_4_5_3.
2026/Jun/08 11:21:11.774448 EXECUTOR - Initialization of module TC_26_7_4_5_3 finished.
2026/Jun/08 11:21:11.774450 EXECUTOR - Initializing module TC_26_7_4_5_4_2.
2026/Jun/08 11:21:11.774454 EXECUTOR - Initialization of module TC_26_7_4_5_4_2 finished.
2026/Jun/08 11:21:11.774457 EXECUTOR - Initializing module TC_26_7_5_2.
2026/Jun/08 11:21:11.774461 EXECUTOR - Initialization of module TC_26_7_5_2 finished.
2026/Jun/08 11:21:11.774463 EXECUTOR - Initializing module TC_26_7_5_3.
2026/Jun/08 11:21:11.774468 EXECUTOR - Initialization of module TC_26_7_5_3 finished.
2026/Jun/08 11:21:11.774470 EXECUTOR - Initializing module TC_26_7_5_4.
2026/Jun/08 11:21:11.774474 EXECUTOR - Initialization of module TC_26_7_5_4 finished.
2026/Jun/08 11:21:11.774476 EXECUTOR - Initializing module TC_26_7_5_5.
2026/Jun/08 11:21:11.774480 EXECUTOR - Initialization of module TC_26_7_5_5 finished.
2026/Jun/08 11:21:11.774483 EXECUTOR - Initializing module TC_26_7_5_6.
2026/Jun/08 11:21:11.774487 EXECUTOR - Initialization of module TC_26_7_5_6 finished.
2026/Jun/08 11:21:11.774489 EXECUTOR - Initializing module TC_26_7_5_7_1.
2026/Jun/08 11:21:11.774493 EXECUTOR - Initialization of module TC_26_7_5_7_1 finished.
2026/Jun/08 11:21:11.774496 EXECUTOR - Initializing module TC_26_7_5_8_1.
2026/Jun/08 11:21:11.774500 EXECUTOR - Initialization of module TC_26_7_5_8_1 finished.
2026/Jun/08 11:21:11.774502 EXECUTOR - Initializing module TC_26_7_5_8_2.
2026/Jun/08 11:21:11.774506 EXECUTOR - Initialization of module TC_26_7_5_8_2 finished.
2026/Jun/08 11:21:11.774508 EXECUTOR - Initializing module TC_26_7_5_8_3.
2026/Jun/08 11:21:11.774512 EXECUTOR - Initialization of module TC_26_7_5_8_3 finished.
2026/Jun/08 11:21:11.774514 EXECUTOR - Initializing module TC_26_8_1_2_1_1.
2026/Jun/08 11:21:11.774518 EXECUTOR - Initialization of module TC_26_8_1_2_1_1 finished.
2026/Jun/08 11:21:11.774521 EXECUTOR - Initializing module TC_26_8_1_2_2_1.
2026/Jun/08 11:21:11.774525 EXECUTOR - Initialization of module TC_26_8_1_2_2_1 finished.
2026/Jun/08 11:21:11.774527 EXECUTOR - Initializing module TC_26_8_1_2_2_2.
2026/Jun/08 11:21:11.774531 EXECUTOR - Initialization of module TC_26_8_1_2_2_2 finished.
2026/Jun/08 11:21:11.774533 EXECUTOR - Initializing module TC_26_8_1_2_2_3.
2026/Jun/08 11:21:11.774538 EXECUTOR - Initialization of module TC_26_8_1_2_2_3 finished.
2026/Jun/08 11:21:11.774540 EXECUTOR - Initializing module TC_26_8_1_2_3_1.
2026/Jun/08 11:21:11.774544 EXECUTOR - Initialization of module TC_26_8_1_2_3_1 finished.
2026/Jun/08 11:21:11.774546 EXECUTOR - Initializing module TC_26_8_1_2_3_2.
2026/Jun/08 11:21:11.774553 EXECUTOR - Initialization of module TC_26_8_1_2_3_2 finished.
2026/Jun/08 11:21:11.774555 EXECUTOR - Initializing module TC_26_8_1_2_3_3.
2026/Jun/08 11:21:11.774559 EXECUTOR - Initialization of module TC_26_8_1_2_3_3 finished.
2026/Jun/08 11:21:11.774562 EXECUTOR - Initializing module TC_26_8_1_2_3_4.
2026/Jun/08 11:21:11.774566 EXECUTOR - Initialization of module TC_26_8_1_2_3_4 finished.
2026/Jun/08 11:21:11.774568 EXECUTOR - Initializing module TC_26_8_1_2_3_5.
2026/Jun/08 11:21:11.774572 EXECUTOR - Initialization of module TC_26_8_1_2_3_5 finished.
2026/Jun/08 11:21:11.774574 EXECUTOR - Initializing module TC_26_8_1_2_3_6.
2026/Jun/08 11:21:11.774578 EXECUTOR - Initialization of module TC_26_8_1_2_3_6 finished.
2026/Jun/08 11:21:11.774581 EXECUTOR - Initializing module TC_26_8_1_2_3_7.
2026/Jun/08 11:21:11.774585 EXECUTOR - Initialization of module TC_26_8_1_2_3_7 finished.
2026/Jun/08 11:21:11.774587 EXECUTOR - Initializing module TC_26_8_1_2_4_1.
2026/Jun/08 11:21:11.774591 EXECUTOR - Initialization of module TC_26_8_1_2_4_1 finished.
2026/Jun/08 11:21:11.774593 EXECUTOR - Initializing module TC_26_8_1_2_4_13.
2026/Jun/08 11:21:11.774598 EXECUTOR - Initialization of module TC_26_8_1_2_4_13 finished.
2026/Jun/08 11:21:11.774600 EXECUTOR - Initializing module TC_26_8_1_2_4_2.
2026/Jun/08 11:21:11.774604 EXECUTOR - Initialization of module TC_26_8_1_2_4_2 finished.
2026/Jun/08 11:21:11.774606 EXECUTOR - Initializing module TC_26_8_1_2_4_3.
2026/Jun/08 11:21:11.774611 EXECUTOR - Initialization of module TC_26_8_1_2_4_3 finished.
2026/Jun/08 11:21:11.774613 EXECUTOR - Initializing module TC_26_8_1_2_4_4.
2026/Jun/08 11:21:11.774617 EXECUTOR - Initialization of module TC_26_8_1_2_4_4 finished.
2026/Jun/08 11:21:11.774619 EXECUTOR - Initializing module TC_26_8_1_2_4_5.
2026/Jun/08 11:21:11.774623 EXECUTOR - Initialization of module TC_26_8_1_2_4_5 finished.
2026/Jun/08 11:21:11.774625 EXECUTOR - Initializing module TC_26_8_1_2_6_1.
2026/Jun/08 11:21:11.774630 EXECUTOR - Initialization of module TC_26_8_1_2_6_1 finished.
2026/Jun/08 11:21:11.774632 EXECUTOR - Initializing module TC_26_8_1_2_6_2.
2026/Jun/08 11:21:11.774636 EXECUTOR - Initialization of module TC_26_8_1_2_6_2 finished.
2026/Jun/08 11:21:11.774638 EXECUTOR - Initializing module TC_26_8_1_2_6_3.
2026/Jun/08 11:21:11.774642 EXECUTOR - Initialization of module TC_26_8_1_2_6_3 finished.
2026/Jun/08 11:21:11.774644 EXECUTOR - Initializing module TC_26_8_1_2_6_6.
2026/Jun/08 11:21:11.774648 EXECUTOR - Initialization of module TC_26_8_1_2_6_6 finished.
2026/Jun/08 11:21:11.774651 EXECUTOR - Initializing module TC_26_8_1_3_1_1.
2026/Jun/08 11:21:11.774655 EXECUTOR - Initialization of module TC_26_8_1_3_1_1 finished.
2026/Jun/08 11:21:11.774657 EXECUTOR - Initializing module TC_26_8_1_3_2_1.
2026/Jun/08 11:21:11.774661 EXECUTOR - Initialization of module TC_26_8_1_3_2_1 finished.
2026/Jun/08 11:21:11.774663 EXECUTOR - Initializing module TC_26_8_1_3_3_1.
2026/Jun/08 11:21:11.774668 EXECUTOR - Initialization of module TC_26_8_1_3_3_1 finished.
2026/Jun/08 11:21:11.774670 EXECUTOR - Initializing module TC_26_8_1_3_3_2.
2026/Jun/08 11:21:11.774674 EXECUTOR - Initialization of module TC_26_8_1_3_3_2 finished.
2026/Jun/08 11:21:11.774676 EXECUTOR - Initializing module TC_26_8_1_3_3_3.
2026/Jun/08 11:21:11.774680 EXECUTOR - Initialization of module TC_26_8_1_3_3_3 finished.
2026/Jun/08 11:21:11.774683 EXECUTOR - Initializing module TC_26_8_1_3_3_4.
2026/Jun/08 11:21:11.774687 EXECUTOR - Initialization of module TC_26_8_1_3_3_4 finished.
2026/Jun/08 11:21:11.774689 EXECUTOR - Initializing module TC_26_8_1_3_3_5.
2026/Jun/08 11:21:11.774693 EXECUTOR - Initialization of module TC_26_8_1_3_3_5 finished.
2026/Jun/08 11:21:11.774695 EXECUTOR - Initializing module TC_26_8_1_3_3_6.
2026/Jun/08 11:21:11.774699 EXECUTOR - Initialization of module TC_26_8_1_3_3_6 finished.
2026/Jun/08 11:21:11.774702 EXECUTOR - Initializing module TC_26_8_1_3_3_7.
2026/Jun/08 11:21:11.774706 EXECUTOR - Initialization of module TC_26_8_1_3_3_7 finished.
2026/Jun/08 11:21:11.774708 EXECUTOR - Initializing module TC_26_8_1_3_4_1.
2026/Jun/08 11:21:11.774714 EXECUTOR - Initialization of module TC_26_8_1_3_4_1 finished.
2026/Jun/08 11:21:11.774717 EXECUTOR - Initializing module TC_26_8_1_3_4_2.
2026/Jun/08 11:21:11.774721 EXECUTOR - Initialization of module TC_26_8_1_3_4_2 finished.
2026/Jun/08 11:21:11.774723 EXECUTOR - Initializing module TC_26_8_1_3_4_3.
2026/Jun/08 11:21:11.774728 EXECUTOR - Initialization of module TC_26_8_1_3_4_3 finished.
2026/Jun/08 11:21:11.774730 EXECUTOR - Initializing module TC_26_8_1_3_4_4.
2026/Jun/08 11:21:11.774734 EXECUTOR - Initialization of module TC_26_8_1_3_4_4 finished.
2026/Jun/08 11:21:11.774736 EXECUTOR - Initializing module TC_26_8_1_3_4_5.
2026/Jun/08 11:21:11.774740 EXECUTOR - Initialization of module TC_26_8_1_3_4_5 finished.
2026/Jun/08 11:21:11.774743 EXECUTOR - Initializing module TC_26_8_1_3_4_6.
2026/Jun/08 11:21:11.774747 EXECUTOR - Initialization of module TC_26_8_1_3_4_6 finished.
2026/Jun/08 11:21:11.774749 EXECUTOR - Initializing module TC_26_8_1_3_4_7.
2026/Jun/08 11:21:11.774753 EXECUTOR - Initialization of module TC_26_8_1_3_4_7 finished.
2026/Jun/08 11:21:11.774755 EXECUTOR - Initializing module TC_26_8_1_3_4_8.
2026/Jun/08 11:21:11.774759 EXECUTOR - Initialization of module TC_26_8_1_3_4_8 finished.
2026/Jun/08 11:21:11.774761 EXECUTOR - Initializing module TC_26_8_1_3_5_1.
2026/Jun/08 11:21:11.774765 EXECUTOR - Initialization of module TC_26_8_1_3_5_1 finished.
2026/Jun/08 11:21:11.774768 EXECUTOR - Initializing module TC_26_8_1_3_5_2.
2026/Jun/08 11:21:11.774772 EXECUTOR - Initialization of module TC_26_8_1_3_5_2 finished.
2026/Jun/08 11:21:11.774774 EXECUTOR - Initializing module TC_26_8_1_3_5_3.
2026/Jun/08 11:21:11.774778 EXECUTOR - Initialization of module TC_26_8_1_3_5_3 finished.
2026/Jun/08 11:21:11.774780 EXECUTOR - Initializing module TC_26_8_1_3_5_4.
2026/Jun/08 11:21:11.774785 EXECUTOR - Initialization of module TC_26_8_1_3_5_4 finished.
2026/Jun/08 11:21:11.774787 EXECUTOR - Initializing module TC_26_8_1_3_5_5.
2026/Jun/08 11:21:11.774791 EXECUTOR - Initialization of module TC_26_8_1_3_5_5 finished.
2026/Jun/08 11:21:11.774793 EXECUTOR - Initializing module TC_26_8_1_3_5_6.
2026/Jun/08 11:21:11.774798 EXECUTOR - Initialization of module TC_26_8_1_3_5_6 finished.
2026/Jun/08 11:21:11.774800 EXECUTOR - Initializing module TC_26_8_1_3_5_7.
2026/Jun/08 11:21:11.774804 EXECUTOR - Initialization of module TC_26_8_1_3_5_7 finished.
2026/Jun/08 11:21:11.774806 EXECUTOR - Initializing module TC_26_8_1_3_5_8.
2026/Jun/08 11:21:11.774811 EXECUTOR - Initialization of module TC_26_8_1_3_5_8 finished.
2026/Jun/08 11:21:11.774813 EXECUTOR - Initializing module TC_26_8_1_3_5_9.
2026/Jun/08 11:21:11.774817 EXECUTOR - Initialization of module TC_26_8_1_3_5_9 finished.
2026/Jun/08 11:21:11.774819 EXECUTOR - Initializing module TC_26_8_2_1.
2026/Jun/08 11:21:11.774832 EXECUTOR - Initialization of module TC_26_8_2_1 finished.
2026/Jun/08 11:21:11.774835 EXECUTOR - Initializing module TC_26_8_2_2.
2026/Jun/08 11:21:11.774839 EXECUTOR - Initialization of module TC_26_8_2_2 finished.
2026/Jun/08 11:21:11.774841 EXECUTOR - Initializing module TC_26_8_2_3.
2026/Jun/08 11:21:11.774845 EXECUTOR - Initialization of module TC_26_8_2_3 finished.
2026/Jun/08 11:21:11.774847 EXECUTOR - Initializing module TC_26_8_3.
2026/Jun/08 11:21:11.774852 EXECUTOR - Initialization of module TC_26_8_3 finished.
2026/Jun/08 11:21:11.774854 EXECUTOR - Initializing module TC_34_2_2.
2026/Jun/08 11:21:11.774858 EXECUTOR - Initialization of module TC_34_2_2 finished.
2026/Jun/08 11:21:11.774860 EXECUTOR - Initializing module TitanLoggerApi.
2026/Jun/08 11:21:11.774863 EXECUTOR - Initialization of module TitanLoggerApi finished.
2026/Jun/08 11:21:11.774865 EXECUTOR - Initializing module TitanLoggerControl.
2026/Jun/08 11:21:11.774867 EXECUTOR - Initialization of module TitanLoggerControl finished.
2026/Jun/08 11:21:11.774876 EXECUTOR - Configuration data was processed successfully.
2026/Jun/08 11:21:11.776479 EXECUTOR - MTC was created. Process id: 39.
2026/Jun/08 11:23:19.713476 EXECUTOR - Exit was requested from MC. Terminating HC.
2026/Jun/08 11:23:19.713696 EXECUTOR - Disconnected from MC.
2026/Jun/08 11:23:19.713741 EXECUTOR - TTCN-3 Host Controller finished.
2026/Jun/08 11:21:11.777172 EXECUTOR - TTCN-3 Main Test Component started on ttcn3-tc-26-8-1-3-4-3-4-m67hh. Version: 11.1.0.
2026/Jun/08 11:21:11.777273 EXECUTOR - TTCN Logger v2.2 options: TimeStampFormat:=DateTime; LogEntityName:=No; LogEventTypes:=Yes; SourceInfoFormat:=Single; LogSensitiveData:=No; *.FileMask:=LOG_ALL; *.ConsoleMask:=ERROR | TESTCASE | USER | VERDICTOP | WARNING; LogFileSize:=0; LogFileNumber:=1; DiskFullAction:=Error
2026/Jun/08 11:21:11.777334 EXECUTOR - Connected to MC.
2026/Jun/08 11:21:11.777446 EXECUTOR - Executing test case TC_26_8_1_3_4_3 in module TC_26_8_1_3_4_3.
2026/Jun/08 11:21:11.777751 TESTCASE TC_26_8_1_3_4_3.ttcn3:88 Test case TC_26_8_1_3_4_3 started.
2026/Jun/08 11:21:11.777804 PARALLEL TC_26_8_1_3_4_3.ttcn3:88 Initializing variables, timers and ports of component type GSM_Component_Definitions.GSM_CT inside testcase TC_26_8_1_3_4_3.
2026/Jun/08 11:21:11.778038 USER TC_26_8_1_3_4_3.ttcn3:88 MSC_Port: set_parameter msc_stub_host = 10.42.0.214
2026/Jun/08 11:21:11.778084 USER TC_26_8_1_3_4_3.ttcn3:88 MSC_Port: set_parameter msc_stub_port = 5000
2026/Jun/08 11:21:11.778097 USER TC_26_8_1_3_4_3.ttcn3:88 L3_Port: set_parameter gsmtap_host = 127.0.0.1
2026/Jun/08 11:21:11.778109 USER TC_26_8_1_3_4_3.ttcn3:88 L3_Port: set_parameter gsmtap_port = 4729
2026/Jun/08 11:21:11.778116 USER TC_26_8_1_3_4_3.ttcn3:88 L3_Port: set_parameter local_port = 4729
2026/Jun/08 11:21:11.778121 USER TC_26_8_1_3_4_3.ttcn3:88 L3_Port: set_parameter ul_multicast_group = 239.193.23.2
2026/Jun/08 11:21:11.778125 USER TC_26_8_1_3_4_3.ttcn3:88 L3_Port: Will join UL multicast group 239.193.23.2 for RACH capture
2026/Jun/08 11:21:11.778130 USER TC_26_8_1_3_4_3.ttcn3:88 L3_Port: set_parameter arfcn = 51
2026/Jun/08 11:21:11.778176 USER TC_26_8_1_3_4_3.ttcn3:88 L3_Port: user_start called
2026/Jun/08 11:21:11.778184 PORTEVENT TC_26_8_1_3_4_3.ttcn3:88 Port L was started.
2026/Jun/08 11:21:11.778230 PORTEVENT TC_26_8_1_3_4_3.ttcn3:88 Port RR was started.
2026/Jun/08 11:21:11.778235 PORTEVENT TC_26_8_1_3_4_3.ttcn3:88 Port MM was started.
2026/Jun/08 11:21:11.778240 PORTEVENT TC_26_8_1_3_4_3.ttcn3:88 Port CC was started.
2026/Jun/08 11:21:11.778243 USER TC_26_8_1_3_4_3.ttcn3:88 MSC_Port: user_start called
2026/Jun/08 11:21:11.778247 PORTEVENT TC_26_8_1_3_4_3.ttcn3:88 Port MSC was started.
2026/Jun/08 11:21:11.778252 PORTEVENT TC_26_8_1_3_4_3.ttcn3:88 Port BSC was started.
2026/Jun/08 11:21:11.778256 PORTEVENT TC_26_8_1_3_4_3.ttcn3:88 Port RSL was started.
2026/Jun/08 11:21:11.778262 USER TC_26_8_1_3_4_3.ttcn3:88 VTY_PT: Starting
2026/Jun/08 11:21:11.778266 PORTEVENT TC_26_8_1_3_4_3.ttcn3:88 Port VTY was started.
2026/Jun/08 11:21:11.778270 PORTEVENT TC_26_8_1_3_4_3.ttcn3:88 Port COORD was started.
2026/Jun/08 11:21:11.778273 PARALLEL TC_26_8_1_3_4_3.ttcn3:88 Component type GSM_Component_Definitions.GSM_CT was initialized.
2026/Jun/08 11:21:11.778294 WARNING GSM_Component_Definitions.ttcn3:364 Warning: Stopping inactive timer T_guard.
2026/Jun/08 11:21:11.778301 WARNING GSM_Component_Definitions.ttcn3:365 Warning: Stopping inactive timer T301.
2026/Jun/08 11:21:11.778306 WARNING GSM_Component_Definitions.ttcn3:366 Warning: Stopping inactive timer T303.
2026/Jun/08 11:21:11.778310 WARNING GSM_Component_Definitions.ttcn3:367 Warning: Stopping inactive timer T305.
2026/Jun/08 11:21:11.778315 WARNING GSM_Component_Definitions.ttcn3:368 Warning: Stopping inactive timer T308.
2026/Jun/08 11:21:11.778319 WARNING GSM_Component_Definitions.ttcn3:369 Warning: Stopping inactive timer T310.
2026/Jun/08 11:21:11.778323 WARNING GSM_Component_Definitions.ttcn3:370 Warning: Stopping inactive timer T313.
2026/Jun/08 11:21:11.778331 USER GSM_Component_Definitions.ttcn3:386 Component initialized
2026/Jun/08 11:21:11.778350 PARALLEL GSM_Component_Definitions.ttcn3:334 Mapping port mtc:L to system:L.
2026/Jun/08 11:21:11.778485 USER GSM_Component_Definitions.ttcn3:334 L3_Port: Mapping to L
2026/Jun/08 11:21:11.778568 USER GSM_Component_Definitions.ttcn3:334 L3_Port: Joined UL multicast group 239.193.23.2 for RACH capture
2026/Jun/08 11:21:11.778581 USER GSM_Component_Definitions.ttcn3:334 L3_Port: GSMTAP listening on port 4729
2026/Jun/08 11:21:11.778593 USER GSM_Component_Definitions.ttcn3:334 L3_Port: Mapped successfully (GSMTAP: 127.0.0.1:4729)
2026/Jun/08 11:21:11.778601 WARNING GSM_Component_Definitions.ttcn3:334 Warning: The maximum number of open file descriptors (1048576) is greater than FD_SETSIZE (1024). Ensure that Test Ports using Install_Handler do not try to wait for events of file descriptors with values greater than FD_SETSIZE (1024). (Current caller of Install_Handler is "L")
2026/Jun/08 11:21:11.778631 PORTEVENT GSM_Component_Definitions.ttcn3:334 Port L was mapped to system:L.
2026/Jun/08 11:21:11.778691 PARALLEL GSM_Component_Definitions.ttcn3:334 Map operation of mtc:L to system:L finished.
2026/Jun/08 11:21:11.778719 PARALLEL GSM_Component_Definitions.ttcn3:335 Mapping port mtc:RR to system:RR.
2026/Jun/08 11:21:11.778792 PORTEVENT GSM_Component_Definitions.ttcn3:335 Port RR was mapped to system:RR.
2026/Jun/08 11:21:11.778814 PARALLEL GSM_Component_Definitions.ttcn3:335 Map operation of mtc:RR to system:RR finished.
2026/Jun/08 11:21:11.778819 PARALLEL GSM_Component_Definitions.ttcn3:336 Mapping port mtc:MM to system:MM.
2026/Jun/08 11:21:11.778862 PORTEVENT GSM_Component_Definitions.ttcn3:336 Port MM was mapped to system:MM.
2026/Jun/08 11:21:11.778889 PARALLEL GSM_Component_Definitions.ttcn3:336 Map operation of mtc:MM to system:MM finished.
2026/Jun/08 11:21:11.778896 PARALLEL GSM_Component_Definitions.ttcn3:337 Mapping port mtc:CC to system:CC.
2026/Jun/08 11:21:11.778914 PORTEVENT GSM_Component_Definitions.ttcn3:337 Port CC was mapped to system:CC.
2026/Jun/08 11:21:11.778931 PARALLEL GSM_Component_Definitions.ttcn3:337 Map operation of mtc:CC to system:CC finished.
2026/Jun/08 11:21:11.778936 PARALLEL GSM_Component_Definitions.ttcn3:338 Mapping port mtc:MSC to system:MSC.
2026/Jun/08 11:21:11.778953 USER GSM_Component_Definitions.ttcn3:338 MSC_Port: Mapping to MSC
2026/Jun/08 11:21:11.779425 USER GSM_Component_Definitions.ttcn3:338 MSC_Port: Registered socket for async events
2026/Jun/08 11:21:11.779441 USER GSM_Component_Definitions.ttcn3:338 MSC_Port: Connected to MSC stub at 10.42.0.214:5000
2026/Jun/08 11:21:11.779446 PORTEVENT GSM_Component_Definitions.ttcn3:338 Port MSC was mapped to system:MSC.
2026/Jun/08 11:21:11.779473 PARALLEL GSM_Component_Definitions.ttcn3:338 Map operation of mtc:MSC to system:MSC finished.
2026/Jun/08 11:21:11.779484 PARALLEL GSM_Component_Definitions.ttcn3:339 Mapping port mtc:VTY to system:VTY.
2026/Jun/08 11:21:11.779501 USER GSM_Component_Definitions.ttcn3:339 VTY_PT: Mapping port to VTY interface
2026/Jun/08 11:21:11.779802 USER GSM_Component_Definitions.ttcn3:339 VTY_PT: Connected to VTY at 10.43.45.153:4247
2026/Jun/08 11:21:12.280051 USER GSM_Component_Definitions.ttcn3:339 VTY_PT: Initial banner received
2026/Jun/08 11:21:12.280108 PORTEVENT GSM_Component_Definitions.ttcn3:339 Port VTY was mapped to system:VTY.
2026/Jun/08 11:21:12.280161 USER GSM_Component_Definitions.ttcn3:339 MSC_Port: RX: {"type": "WELCOME", "status": "connected"}
2026/Jun/08 11:21:12.280213 PORTEVENT GSM_Component_Definitions.ttcn3:339 Message enqueued on MSC from system charstring : "{\"type\": \"WELCOME\", \"status\": \"connected\"}" id 1
2026/Jun/08 11:21:12.280257 USER GSM_Component_Definitions.ttcn3:339 L3_Port: Received 39 bytes
2026/Jun/08 11:21:12.280270 USER GSM_Component_Definitions.ttcn3:339 L3_Port: RAW GSMTAP hdr->arfcn=0x4033 RxArfcn=0x4033 Uplink=1 Chan=137 Len=23
2026/Jun/08 11:21:12.280292 USER GSM_Component_Definitions.ttcn3:339 L3_Port: RX: 0E 00 01 03 49 06 15 BF 3F 00 00 00 00 00 00 00 00 00 00 00 00 00 00 
2026/Jun/08 11:21:12.280309 PORTEVENT GSM_Component_Definitions.ttcn3:339 Message enqueued on L from system octetstring : '0E000103490615BF3F0000000000000000000000000000'O id 1
2026/Jun/08 11:21:12.280320 USER GSM_Component_Definitions.ttcn3:339 L3_Port: Message delivered to TTCN-3
2026/Jun/08 11:21:12.280336 USER GSM_Component_Definitions.ttcn3:339 L3_Port: Received 17 bytes
2026/Jun/08 11:21:12.280342 USER GSM_Component_Definitions.ttcn3:339 L3_Port: RAW GSMTAP hdr->arfcn=0x4033 RxArfcn=0x4033 Uplink=1 Chan=3 Len=1
2026/Jun/08 11:21:12.280353 USER GSM_Component_Definitions.ttcn3:339 L3_Port: RX: 1E 
2026/Jun/08 11:21:12.280358 PORTEVENT GSM_Component_Definitions.ttcn3:339 Message enqueued on L from system octetstring : '1E0001BB88'O id 2
2026/Jun/08 11:21:12.280362 USER GSM_Component_Definitions.ttcn3:339 L3_Port: Message delivered to TTCN-3
2026/Jun/08 11:21:12.280369 PARALLEL GSM_Component_Definitions.ttcn3:339 Map operation of mtc:VTY to system:VTY finished.
2026/Jun/08 11:21:12.280382 USER TC_26_8_1_3_4_3.ttcn3:121 ==================================================================
2026/Jun/08 11:21:12.280387 USER TC_26_8_1_3_4_3.ttcn3:122 *** TC_26_8_1_3_4_3: MT call U7 (no TCH) + DISCONNECT+ProgInd -> RELEASE -> U19 ***
2026/Jun/08 11:21:12.280391 USER TC_26_8_1_3_4_3.ttcn3:123 *** Spec: Rel4_GSM_L3_MS_v440/CC/                                               ***
2026/Jun/08 11:21:12.280395 USER TC_26_8_1_3_4_3.ttcn3:124 *** Purpose: MS in U7 (SDCCH, no TCH) sends RELEASE on DISCONNECT+ProgInd       ***
2026/Jun/08 11:21:12.280401 USER TC_26_8_1_3_4_3.ttcn3:125 "*** GSM 04.08 " & char(0, 0, 0, 167) & "5.4.3.1: no TCH + DISCONNECT(ProgInd) -> RELEASE -> U19         ***"
2026/Jun/08 11:21:12.280418 USER TC_26_8_1_3_4_3.ttcn3:126 ==================================================================
2026/Jun/08 11:21:12.280436 TIMEROP TC_26_8_1_3_4_3.ttcn3:129 Start timer T_guard: 300 s
2026/Jun/08 11:21:12.280502 PORTEVENT TC_26_8_1_3_4_3.ttcn3:132 Sent on MSC to system charstring : "{\"command\": \"SET_AUTO_RESPOND\", \"params\": {\"enabled\": false}}"
2026/Jun/08 11:21:12.280586 USER TC_26_8_1_3_4_3.ttcn3:132 MSC_Port: TX: {"command": "SET_AUTO_RESPOND", "params": {"enabled": false}}
2026/Jun/08 11:21:12.280593 USER TC_26_8_1_3_4_3.ttcn3:141 *** Phase 1: [2] +IdleUpdated -- Restarting mobile for clean state ***
2026/Jun/08 11:21:12.280633 USER TC_26_8_1_3_4_3.ttcn3:142 docker.sock not found — using VTY power-cycle (k8s mode)
2026/Jun/08 11:21:12.280642 USER TC_26_8_1_3_4_3.ttcn3:142 === k8s fallback: VTY power-cycle mobile at 10.43.45.153:4247 ===
2026/Jun/08 11:21:17.645939 USER TC_26_8_1_3_4_3.ttcn3:142 Waiting 10 seconds (power off)...
2026/Jun/08 11:21:33.005907 USER TC_26_8_1_3_4_3.ttcn3:142 VTY 'clear-loci' sent — LOCI erased
2026/Jun/08 11:21:43.757901 USER TC_26_8_1_3_4_3.ttcn3:142 === VTY power-cycle complete — MS will send LU shortly ===
2026/Jun/08 11:21:43.758014 PORTEVENT TC_26_8_1_3_4_3.ttcn3:151 Sent on MSC to system charstring : "{\"command\": \"CLEAR\", \"params\": {}}"
2026/Jun/08 11:21:43.758057 USER TC_26_8_1_3_4_3.ttcn3:151 MSC_Port: TX: {"command": "CLEAR", "params": {}}
2026/Jun/08 11:21:43.758078 TIMEROP TC_26_8_1_3_4_3.ttcn3:153 Start timer T_drain: 5 s
2026/Jun/08 11:21:43.758128 PORTEVENT TC_26_8_1_3_4_3.ttcn3:155 Receive operation on port MSC succeeded, message from system(): charstring : "{\"type\": \"WELCOME\", \"status\": \"connected\"}" id 1
2026/Jun/08 11:21:43.758162 PORTEVENT TC_26_8_1_3_4_3.ttcn3:155 Message with id 1 was extracted from the queue of MSC.
2026/Jun/08 11:21:43.758173 USER TC_26_8_1_3_4_3.ttcn3:156 TC_26_8_1_3_4_3: (drain) discarding: "{\"type\": \"WELCOME\", \"status\": \"connected\"}"
2026/Jun/08 11:21:43.758213 USER TC_26_8_1_3_4_3.ttcn3:154 VTY_PT: Received data (buffered): 162 bytes
2026/Jun/08 11:21:43.758226 USER TC_26_8_1_3_4_3.ttcn3:154 L3_Port: Received 17 bytes
2026/Jun/08 11:21:43.758234 USER TC_26_8_1_3_4_3.ttcn3:154 L3_Port: RAW GSMTAP hdr->arfcn=0x4033 RxArfcn=0x4033 Uplink=1 Chan=3 Len=1
2026/Jun/08 11:21:43.758240 USER TC_26_8_1_3_4_3.ttcn3:154 L3_Port: RX: 16 
2026/Jun/08 11:21:43.758249 PORTEVENT TC_26_8_1_3_4_3.ttcn3:154 Message enqueued on L from system octetstring : '160001BCC6'O id 3
2026/Jun/08 11:21:43.758256 USER TC_26_8_1_3_4_3.ttcn3:154 L3_Port: Message delivered to TTCN-3
2026/Jun/08 11:21:43.758287 USER TC_26_8_1_3_4_3.ttcn3:154 MSC_Port: RX: {"status": "ok", "auto_respond": false}
2026/Jun/08 11:21:43.758297 PORTEVENT TC_26_8_1_3_4_3.ttcn3:154 Message enqueued on MSC from system charstring : "{\"status\": \"ok\", \"auto_respond\": false}" id 2
2026/Jun/08 11:21:43.758313 USER TC_26_8_1_3_4_3.ttcn3:154 MSC_Port: RX: {"type": "EVENT_CLEAR_REQUEST", "bsc_slr": 3}
2026/Jun/08 11:21:43.758320 PORTEVENT TC_26_8_1_3_4_3.ttcn3:154 Message enqueued on MSC from system charstring : "{\"type\": \"EVENT_CLEAR_REQUEST\", \"bsc_slr\": 3}" id 3
2026/Jun/08 11:21:43.758324 USER TC_26_8_1_3_4_3.ttcn3:154 MSC_Port: RX: {"type": "HEARTBEAT"}
2026/Jun/08 11:21:43.758330 PORTEVENT TC_26_8_1_3_4_3.ttcn3:154 Message enqueued on MSC from system charstring : "{\"type\": \"HEARTBEAT\"}" id 4
2026/Jun/08 11:21:43.758335 USER TC_26_8_1_3_4_3.ttcn3:154 MSC_Port: RX: {"type": "EVENT_LU_REQUEST", "bsc_slr": 13, "msc_slr": 4, "cksn": 0, "lu_type": 7, "old_mcc": "901", "old_mnc": "70", "old_lac": 0, "mi_type": "imsi"}
2026/Jun/08 11:21:43.758345 PORTEVENT TC_26_8_1_3_4_3.ttcn3:154 Message enqueued on MSC from system charstring : "{\"type\": \"EVENT_LU_REQUEST\", \"bsc_slr\": 13, \"msc_slr\": 4, \"cksn\": 0, \"lu_type\": 7, \"old_mcc\": \"901\", \"old_mnc\": \"70\", \"old_lac\": 0, \"mi_type\": \"imsi\"}" id 5
2026/Jun/08 11:21:43.758349 USER TC_26_8_1_3_4_3.ttcn3:154 MSC_Port: RX: {"type": "HEARTBEAT"}
2026/Jun/08 11:21:43.758355 PORTEVENT TC_26_8_1_3_4_3.ttcn3:154 Message enqueued on MSC from system charstring : "{\"type\": \"HEARTBEAT\"}" id 6
2026/Jun/08 11:21:43.758359 USER TC_26_8_1_3_4_3.ttcn3:154 MSC_Port: RX: {"type": "HEARTBEAT"}
2026/Jun/08 11:21:43.758365 PORTEVENT TC_26_8_1_3_4_3.ttcn3:154 Message enqueued on MSC from system charstring : "{\"type\": \"HEARTBEAT\"}" id 7
2026/Jun/08 11:21:43.758368 USER TC_26_8_1_3_4_3.ttcn3:154 MSC_Port: RX: {"type": "HEARTBEAT"}
2026/Jun/08 11:21:43.758374 PORTEVENT TC_26_8_1_3_4_3.ttcn3:154 Message enqueued on MSC from system charstring : "{\"type\": \"HEARTBEAT\"}" id 8
2026/Jun/08 11:21:43.758378 USER TC_26_8_1_3_4_3.ttcn3:154 MSC_Port: RX: {"type": "EVENT_LU_REQUEST", "bsc_slr": 4, "msc_slr": 4, "cksn": 0, "lu_type": 7, "old_mcc": "901", "old_mnc": "70", "old_lac": 0, "mi_type": "imsi"}
2026/Jun/08 11:21:43.758388 PORTEVENT TC_26_8_1_3_4_3.ttcn3:154 Message enqueued on MSC from system charstring : "{\"type\": \"EVENT_LU_REQUEST\", \"bsc_slr\": 4, \"msc_slr\": 4, \"cksn\": 0, \"lu_type\": 7, \"old_mcc\": \"901\", \"old_mnc\": \"70\", \"old_lac\": 0, \"mi_type\": \"imsi\"}" id 9
2026/Jun/08 11:21:43.758393 USER TC_26_8_1_3_4_3.ttcn3:154 MSC_Port: RX: {"type": "HEARTBEAT"}
2026/Jun/08 11:21:43.758400 PORTEVENT TC_26_8_1_3_4_3.ttcn3:154 Message enqueued on MSC from system charstring : "{\"type\": \"HEARTBEAT\"}" id 10
2026/Jun/08 11:21:43.758405 USER TC_26_8_1_3_4_3.ttcn3:154 MSC_Port: RX: {"type": "EVENT_CLEAR_REQUEST", "bsc_slr": 4}
2026/Jun/08 11:21:43.758412 PORTEVENT TC_26_8_1_3_4_3.ttcn3:154 Message enqueued on MSC from system charstring : "{\"type\": \"EVENT_CLEAR_REQUEST\", \"bsc_slr\": 4}" id 11
2026/Jun/08 11:21:43.758416 USER TC_26_8_1_3_4_3.ttcn3:154 MSC_Port: RX: {"type": "HEARTBEAT"}
2026/Jun/08 11:21:43.758422 PORTEVENT TC_26_8_1_3_4_3.ttcn3:154 Message enqueued on MSC from system charstring : "{\"type\": \"HEARTBEAT\"}" id 12
2026/Jun/08 11:21:43.758428 PORTEVENT TC_26_8_1_3_4_3.ttcn3:155 Receive operation on port MSC succeeded, message from system(): charstring : "{\"status\": \"ok\", \"auto_respond\": false}" id 2
2026/Jun/08 11:21:43.758432 PORTEVENT TC_26_8_1_3_4_3.ttcn3:155 Message with id 2 was extracted from the queue of MSC.
2026/Jun/08 11:21:43.758435 USER TC_26_8_1_3_4_3.ttcn3:156 TC_26_8_1_3_4_3: (drain) discarding: "{\"status\": \"ok\", \"auto_respond\": false}"
2026/Jun/08 11:21:43.758445 PORTEVENT TC_26_8_1_3_4_3.ttcn3:155 Receive operation on port MSC succeeded, message from system(): charstring : "{\"type\": \"EVENT_CLEAR_REQUEST\", \"bsc_slr\": 3}" id 3
2026/Jun/08 11:21:43.758448 PORTEVENT TC_26_8_1_3_4_3.ttcn3:155 Message with id 3 was extracted from the queue of MSC.
2026/Jun/08 11:21:43.758451 USER TC_26_8_1_3_4_3.ttcn3:156 TC_26_8_1_3_4_3: (drain) discarding: "{\"type\": \"EVENT_CLEAR_REQUEST\", \"bsc_slr\": 3}"
2026/Jun/08 11:21:43.758462 PORTEVENT TC_26_8_1_3_4_3.ttcn3:155 Receive operation on port MSC succeeded, message from system(): charstring : "{\"type\": \"HEARTBEAT\"}" id 4
2026/Jun/08 11:21:43.758466 PORTEVENT TC_26_8_1_3_4_3.ttcn3:155 Message with id 4 was extracted from the queue of MSC.
2026/Jun/08 11:21:43.758469 USER TC_26_8_1_3_4_3.ttcn3:156 TC_26_8_1_3_4_3: (drain) discarding: "{\"type\": \"HEARTBEAT\"}"
2026/Jun/08 11:21:43.758479 PORTEVENT TC_26_8_1_3_4_3.ttcn3:155 Receive operation on port MSC succeeded, message from system(): charstring : "{\"type\": \"EVENT_LU_REQUEST\", \"bsc_slr\": 13, \"msc_slr\": 4, \"cksn\": 0, \"lu_type\": 7, \"old_mcc\": \"901\", \"old_mnc\": \"70\", \"old_lac\": 0, \"mi_type\": \"imsi\"}" id 5
2026/Jun/08 11:21:43.758484 PORTEVENT TC_26_8_1_3_4_3.ttcn3:155 Message with id 5 was extracted from the queue of MSC.
2026/Jun/08 11:21:43.758486 USER TC_26_8_1_3_4_3.ttcn3:156 TC_26_8_1_3_4_3: (drain) discarding: "{\"type\": \"EVENT_LU_REQUEST\", \"bsc_slr\": 13, \"msc_slr\": 4, \"cksn\": 0, \"lu_type\": 7, \"old_mcc\": \"901\", \"old_mnc\": \"70\", \"old_lac\": 0, \"mi_type\": \"imsi\"}"
2026/Jun/08 11:21:43.758498 PORTEVENT TC_26_8_1_3_4_3.ttcn3:155 Receive operation on port MSC succeeded, message from system(): charstring : "{\"type\": \"HEARTBEAT\"}" id 6
2026/Jun/08 11:21:43.758502 PORTEVENT TC_26_8_1_3_4_3.ttcn3:155 Message with id 6 was extracted from the queue of MSC.
2026/Jun/08 11:21:43.758504 USER TC_26_8_1_3_4_3.ttcn3:156 TC_26_8_1_3_4_3: (drain) discarding: "{\"type\": \"HEARTBEAT\"}"
2026/Jun/08 11:21:43.758511 PORTEVENT TC_26_8_1_3_4_3.ttcn3:155 Receive operation on port MSC succeeded, message from system(): charstring : "{\"type\": \"HEARTBEAT\"}" id 7
2026/Jun/08 11:21:43.758515 PORTEVENT TC_26_8_1_3_4_3.ttcn3:155 Message with id 7 was extracted from the queue of MSC.
2026/Jun/08 11:21:43.758517 USER TC_26_8_1_3_4_3.ttcn3:156 TC_26_8_1_3_4_3: (drain) discarding: "{\"type\": \"HEARTBEAT\"}"
2026/Jun/08 11:21:43.758524 PORTEVENT TC_26_8_1_3_4_3.ttcn3:155 Receive operation on port MSC succeeded, message from system(): charstring : "{\"type\": \"HEARTBEAT\"}" id 8
2026/Jun/08 11:21:43.758527 PORTEVENT TC_26_8_1_3_4_3.ttcn3:155 Message with id 8 was extracted from the queue of MSC.
2026/Jun/08 11:21:43.758529 USER TC_26_8_1_3_4_3.ttcn3:156 TC_26_8_1_3_4_3: (drain) discarding: "{\"type\": \"HEARTBEAT\"}"
2026/Jun/08 11:21:43.758540 PORTEVENT TC_26_8_1_3_4_3.ttcn3:155 Receive operation on port MSC succeeded, message from system(): charstring : "{\"type\": \"EVENT_LU_REQUEST\", \"bsc_slr\": 4, \"msc_slr\": 4, \"cksn\": 0, \"lu_type\": 7, \"old_mcc\": \"901\", \"old_mnc\": \"70\", \"old_lac\": 0, \"mi_type\": \"imsi\"}" id 9
2026/Jun/08 11:21:43.758544 PORTEVENT TC_26_8_1_3_4_3.ttcn3:155 Message with id 9 was extracted from the queue of MSC.
2026/Jun/08 11:21:43.758546 USER TC_26_8_1_3_4_3.ttcn3:156 TC_26_8_1_3_4_3: (drain) discarding: "{\"type\": \"EVENT_LU_REQUEST\", \"bsc_slr\": 4, \"msc_slr\": 4, \"cksn\": 0, \"lu_type\": 7, \"old_mcc\": \"901\", \"old_mnc\": \"70\", \"old_lac\": 0, \"mi_type\": \"imsi\"}"
2026/Jun/08 11:21:43.758558 PORTEVENT TC_26_8_1_3_4_3.ttcn3:155 Receive operation on port MSC succeeded, message from system(): charstring : "{\"type\": \"HEARTBEAT\"}" id 10
2026/Jun/08 11:21:43.758561 PORTEVENT TC_26_8_1_3_4_3.ttcn3:155 Message with id 10 was extracted from the queue of MSC.
2026/Jun/08 11:21:43.758564 USER TC_26_8_1_3_4_3.ttcn3:156 TC_26_8_1_3_4_3: (drain) discarding: "{\"type\": \"HEARTBEAT\"}"
2026/Jun/08 11:21:43.758571 PORTEVENT TC_26_8_1_3_4_3.ttcn3:155 Receive operation on port MSC succeeded, message from system(): charstring : "{\"type\": \"EVENT_CLEAR_REQUEST\", \"bsc_slr\": 4}" id 11
2026/Jun/08 11:21:43.758575 PORTEVENT TC_26_8_1_3_4_3.ttcn3:155 Message with id 11 was extracted from the queue of MSC.
2026/Jun/08 11:21:43.758577 USER TC_26_8_1_3_4_3.ttcn3:156 TC_26_8_1_3_4_3: (drain) discarding: "{\"type\": \"EVENT_CLEAR_REQUEST\", \"bsc_slr\": 4}"
2026/Jun/08 11:21:43.758585 PORTEVENT TC_26_8_1_3_4_3.ttcn3:155 Receive operation on port MSC succeeded, message from system(): charstring : "{\"type\": \"HEARTBEAT\"}" id 12
2026/Jun/08 11:21:43.758592 PORTEVENT TC_26_8_1_3_4_3.ttcn3:155 Message with id 12 was extracted from the queue of MSC.
2026/Jun/08 11:21:43.758595 USER TC_26_8_1_3_4_3.ttcn3:156 TC_26_8_1_3_4_3: (drain) discarding: "{\"type\": \"HEARTBEAT\"}"
2026/Jun/08 11:21:43.758606 USER TC_26_8_1_3_4_3.ttcn3:154 L3_Port: Received 17 bytes
2026/Jun/08 11:21:43.758611 USER TC_26_8_1_3_4_3.ttcn3:154 L3_Port: RAW GSMTAP hdr->arfcn=0x4033 RxArfcn=0x4033 Uplink=1 Chan=3 Len=1
2026/Jun/08 11:21:43.758616 USER TC_26_8_1_3_4_3.ttcn3:154 L3_Port: RX: 18 
2026/Jun/08 11:21:43.758621 PORTEVENT TC_26_8_1_3_4_3.ttcn3:154 Message enqueued on L from system octetstring : '180001BCC5'O id 4
2026/Jun/08 11:21:43.758625 USER TC_26_8_1_3_4_3.ttcn3:154 L3_Port: Message delivered to TTCN-3
2026/Jun/08 11:21:43.758633 USER TC_26_8_1_3_4_3.ttcn3:154 L3_Port: Received 17 bytes
2026/Jun/08 11:21:43.758638 USER TC_26_8_1_3_4_3.ttcn3:154 L3_Port: RAW GSMTAP hdr->arfcn=0x4033 RxArfcn=0x4033 Uplink=1 Chan=3 Len=1
2026/Jun/08 11:21:43.758642 USER TC_26_8_1_3_4_3.ttcn3:154 L3_Port: RX: 16 
2026/Jun/08 11:21:43.758646 PORTEVENT TC_26_8_1_3_4_3.ttcn3:154 Message enqueued on L from system octetstring : '160001BC61'O id 5
2026/Jun/08 11:21:43.758650 USER TC_26_8_1_3_4_3.ttcn3:154 L3_Port: Message delivered to TTCN-3
2026/Jun/08 11:21:43.758657 USER TC_26_8_1_3_4_3.ttcn3:154 L3_Port: Received 17 bytes
2026/Jun/08 11:21:43.758662 USER TC_26_8_1_3_4_3.ttcn3:154 L3_Port: RAW GSMTAP hdr->arfcn=0x4033 RxArfcn=0x4033 Uplink=1 Chan=3 Len=1
2026/Jun/08 11:21:43.758666 USER TC_26_8_1_3_4_3.ttcn3:154 L3_Port: RX: 11 
2026/Jun/08 11:21:43.758670 PORTEVENT TC_26_8_1_3_4_3.ttcn3:154 Message enqueued on L from system octetstring : '110001BC8D'O id 6
2026/Jun/08 11:21:43.758674 USER TC_26_8_1_3_4_3.ttcn3:154 L3_Port: Message delivered to TTCN-3
2026/Jun/08 11:21:43.758681 USER TC_26_8_1_3_4_3.ttcn3:154 L3_Port: Received 17 bytes
2026/Jun/08 11:21:43.758686 USER TC_26_8_1_3_4_3.ttcn3:154 L3_Port: RAW GSMTAP hdr->arfcn=0x4033 RxArfcn=0x4033 Uplink=1 Chan=3 Len=1
2026/Jun/08 11:21:43.758690 USER TC_26_8_1_3_4_3.ttcn3:154 L3_Port: RX: 12 
2026/Jun/08 11:21:43.758695 PORTEVENT TC_26_8_1_3_4_3.ttcn3:154 Message enqueued on L from system octetstring : '120001BC5C'O id 7
2026/Jun/08 11:21:43.758698 USER TC_26_8_1_3_4_3.ttcn3:154 L3_Port: Message delivered to TTCN-3
2026/Jun/08 11:21:43.758705 USER TC_26_8_1_3_4_3.ttcn3:154 L3_Port: Received 17 bytes
2026/Jun/08 11:21:43.758711 USER TC_26_8_1_3_4_3.ttcn3:154 L3_Port: RAW GSMTAP hdr->arfcn=0x4033 RxArfcn=0x4033 Uplink=1 Chan=3 Len=1
2026/Jun/08 11:21:43.758715 USER TC_26_8_1_3_4_3.ttcn3:154 L3_Port: RX: 15 
2026/Jun/08 11:21:43.758719 PORTEVENT TC_26_8_1_3_4_3.ttcn3:154 Message enqueued on L from system octetstring : '150001BCC6'O id 8
2026/Jun/08 11:21:43.758723 USER TC_26_8_1_3_4_3.ttcn3:154 L3_Port: Message delivered to TTCN-3
2026/Jun/08 11:21:43.758730 USER TC_26_8_1_3_4_3.ttcn3:154 L3_Port: Received 17 bytes
2026/Jun/08 11:21:43.758735 USER TC_26_8_1_3_4_3.ttcn3:154 L3_Port: RAW GSMTAP hdr->arfcn=0x4033 RxArfcn=0x4033 Uplink=1 Chan=3 Len=1
2026/Jun/08 11:21:43.758739 USER TC_26_8_1_3_4_3.ttcn3:154 L3_Port: RX: 11 
2026/Jun/08 11:21:43.758744 PORTEVENT TC_26_8_1_3_4_3.ttcn3:154 Message enqueued on L from system octetstring : '110001BCC8'O id 9
2026/Jun/08 11:21:43.758747 USER TC_26_8_1_3_4_3.ttcn3:154 L3_Port: Message delivered to TTCN-3
2026/Jun/08 11:21:43.758755 USER TC_26_8_1_3_4_3.ttcn3:154 L3_Port: Received 39 bytes
2026/Jun/08 11:21:43.758760 USER TC_26_8_1_3_4_3.ttcn3:154 L3_Port: RAW GSMTAP hdr->arfcn=0x4033 RxArfcn=0x4033 Uplink=1 Chan=8 Len=23
2026/Jun/08 11:21:43.758767 USER TC_26_8_1_3_4_3.ttcn3:154 L3_Port: RX: 01 3F 25 05 01 33 05 F4 12 34 56 78 2B 2B 2B 2B 2B 2B 2B 2B 2B 2B 2B 
2026/Jun/08 11:21:43.758772 PORTEVENT TC_26_8_1_3_4_3.ttcn3:154 Message enqueued on L from system octetstring : '013F2505013305F4123456782B2B2B2B2B2B2B2B2B2B2B'O id 10
2026/Jun/08 11:21:43.758776 USER TC_26_8_1_3_4_3.ttcn3:154 L3_Port: Message delivered to TTCN-3
2026/Jun/08 11:21:43.758788 USER TC_26_8_1_3_4_3.ttcn3:154 L3_Port: Received 39 bytes
2026/Jun/08 11:21:43.758794 USER TC_26_8_1_3_4_3.ttcn3:154 L3_Port: RAW GSMTAP hdr->arfcn=0x4033 RxArfcn=0x4033 Uplink=1 Chan=136 Len=23
2026/Jun/08 11:21:43.758800 USER TC_26_8_1_3_4_3.ttcn3:154 L3_Port: RX: 0E 00 01 03 49 06 15 80 40 00 00 00 00 00 00 00 00 00 00 00 00 00 00 
2026/Jun/08 11:21:43.758806 PORTEVENT TC_26_8_1_3_4_3.ttcn3:154 Message enqueued on L from system octetstring : '0E00010349061580400000000000000000000000000000'O id 11
2026/Jun/08 11:21:43.758810 USER TC_26_8_1_3_4_3.ttcn3:154 L3_Port: Message delivered to TTCN-3
2026/Jun/08 11:21:43.758816 USER TC_26_8_1_3_4_3.ttcn3:154 MSC_Port: RX: {"status": "ok"}
2026/Jun/08 11:21:43.758836 PORTEVENT TC_26_8_1_3_4_3.ttcn3:154 Message enqueued on MSC from system charstring : "{\"status\": \"ok\"}" id 13
2026/Jun/08 11:21:43.758843 PORTEVENT TC_26_8_1_3_4_3.ttcn3:155 Receive operation on port MSC succeeded, message from system(): charstring : "{\"status\": \"ok\"}" id 13
2026/Jun/08 11:21:43.758847 PORTEVENT TC_26_8_1_3_4_3.ttcn3:155 Message with id 13 was extracted from the queue of MSC.
2026/Jun/08 11:21:43.758850 USER TC_26_8_1_3_4_3.ttcn3:156 TC_26_8_1_3_4_3: (drain) discarding: "{\"status\": \"ok\"}"
2026/Jun/08 11:21:43.758860 USER TC_26_8_1_3_4_3.ttcn3:154 L3_Port: Received 39 bytes
2026/Jun/08 11:21:43.758865 USER TC_26_8_1_3_4_3.ttcn3:154 L3_Port: RAW GSMTAP hdr->arfcn=0x4033 RxArfcn=0x4033 Uplink=1 Chan=137 Len=23
2026/Jun/08 11:21:43.758871 USER TC_26_8_1_3_4_3.ttcn3:154 L3_Port: RX: 0E 00 01 03 49 06 15 BF 3F 00 00 00 00 00 00 00 00 00 00 00 00 00 00 
2026/Jun/08 11:21:43.758877 PORTEVENT TC_26_8_1_3_4_3.ttcn3:154 Message enqueued on L from system octetstring : '0E000103490615BF3F0000000000000000000000000000'O id 12
2026/Jun/08 11:21:43.758881 USER TC_26_8_1_3_4_3.ttcn3:154 L3_Port: Message delivered to TTCN-3
2026/Jun/08 11:21:43.758889 USER TC_26_8_1_3_4_3.ttcn3:154 L3_Port: Received 39 bytes
2026/Jun/08 11:21:43.758894 USER TC_26_8_1_3_4_3.ttcn3:154 L3_Port: RAW GSMTAP hdr->arfcn=0x4033 RxArfcn=0x4033 Uplink=1 Chan=136 Len=23
2026/Jun/08 11:21:43.758900 USER TC_26_8_1_3_4_3.ttcn3:154 L3_Port: RX: 0E 00 01 03 49 06 15 BF 3F 00 00 00 00 00 00 00 00 00 00 00 00 00 00 
2026/Jun/08 11:21:43.758906 PORTEVENT TC_26_8_1_3_4_3.ttcn3:154 Message enqueued on L from system octetstring : '0E000103490615BF3F0000000000000000000000000000'O id 13
2026/Jun/08 11:21:43.758910 USER TC_26_8_1_3_4_3.ttcn3:154 L3_Port: Message delivered to TTCN-3
2026/Jun/08 11:21:43.758917 USER TC_26_8_1_3_4_3.ttcn3:154 L3_Port: Received 39 bytes
2026/Jun/08 11:21:43.758923 USER TC_26_8_1_3_4_3.ttcn3:154 L3_Port: RAW GSMTAP hdr->arfcn=0x4033 RxArfcn=0x4033 Uplink=1 Chan=137 Len=23
2026/Jun/08 11:21:43.758929 USER TC_26_8_1_3_4_3.ttcn3:154 L3_Port: RX: 0E 00 01 03 49 06 15 BF 3F 00 00 00 00 00 00 00 00 00 00 00 00 00 00 
2026/Jun/08 11:21:43.758934 PORTEVENT TC_26_8_1_3_4_3.ttcn3:154 Message enqueued on L from system octetstring : '0E000103490615BF3F0000000000000000000000000000'O id 14
2026/Jun/08 11:21:43.758938 USER TC_26_8_1_3_4_3.ttcn3:154 L3_Port: Message delivered to TTCN-3
2026/Jun/08 11:21:43.758946 USER TC_26_8_1_3_4_3.ttcn3:154 L3_Port: Received 39 bytes
2026/Jun/08 11:21:43.758951 USER TC_26_8_1_3_4_3.ttcn3:154 L3_Port: RAW GSMTAP hdr->arfcn=0x4033 RxArfcn=0x4033 Uplink=1 Chan=136 Len=23
2026/Jun/08 11:21:43.758957 USER TC_26_8_1_3_4_3.ttcn3:154 L3_Port: RX: 0E 00 01 03 49 06 15 BF 3F 00 00 00 00 00 00 00 00 00 00 00 00 00 00 
2026/Jun/08 11:21:43.758963 PORTEVENT TC_26_8_1_3_4_3.ttcn3:154 Message enqueued on L from system octetstring : '0E000103490615BF3F0000000000000000000000000000'O id 15
2026/Jun/08 11:21:43.758966 USER TC_26_8_1_3_4_3.ttcn3:154 L3_Port: Message delivered to TTCN-3
2026/Jun/08 11:21:43.758974 USER TC_26_8_1_3_4_3.ttcn3:154 L3_Port: Received 39 bytes
2026/Jun/08 11:21:43.758979 USER TC_26_8_1_3_4_3.ttcn3:154 L3_Port: RAW GSMTAP hdr->arfcn=0x4033 RxArfcn=0x4033 Uplink=1 Chan=137 Len=23
2026/Jun/08 11:21:43.758985 USER TC_26_8_1_3_4_3.ttcn3:154 L3_Port: RX: 0E 00 01 03 49 06 15 BF 3F 00 00 00 00 00 00 00 00 00 00 00 00 00 00 
2026/Jun/08 11:21:43.758993 PORTEVENT TC_26_8_1_3_4_3.ttcn3:154 Message enqueued on L from system octetstring : '0E000103490615BF3F0000000000000000000000000000'O id 16
2026/Jun/08 11:21:43.758997 USER TC_26_8_1_3_4_3.ttcn3:154 L3_Port: Message delivered to TTCN-3
2026/Jun/08 11:21:43.759004 USER TC_26_8_1_3_4_3.ttcn3:154 L3_Port: Received 39 bytes
2026/Jun/08 11:21:43.759010 USER TC_26_8_1_3_4_3.ttcn3:154 L3_Port: RAW GSMTAP hdr->arfcn=0x4033 RxArfcn=0x4033 Uplink=1 Chan=136 Len=23
2026/Jun/08 11:21:43.759015 USER TC_26_8_1_3_4_3.ttcn3:154 L3_Port: RX: 0E 00 01 03 49 06 15 BF 3F 00 00 00 00 00 00 00 00 00 00 00 00 00 00 
2026/Jun/08 11:21:43.759021 PORTEVENT TC_26_8_1_3_4_3.ttcn3:154 Message enqueued on L from system octetstring : '0E000103490615BF3F0000000000000000000000000000'O id 17
2026/Jun/08 11:21:43.759025 USER TC_26_8_1_3_4_3.ttcn3:154 L3_Port: Message delivered to TTCN-3
2026/Jun/08 11:21:43.759032 USER TC_26_8_1_3_4_3.ttcn3:154 L3_Port: Received 39 bytes
2026/Jun/08 11:21:43.759037 USER TC_26_8_1_3_4_3.ttcn3:154 L3_Port: RAW GSMTAP hdr->arfcn=0x4033 RxArfcn=0x4033 Uplink=1 Chan=137 Len=23
2026/Jun/08 11:21:43.759043 USER TC_26_8_1_3_4_3.ttcn3:154 L3_Port: RX: 0E 00 01 03 49 06 15 BF 3F 00 00 00 00 00 00 00 00 00 00 00 00 00 00 
2026/Jun/08 11:21:43.759049 PORTEVENT TC_26_8_1_3_4_3.ttcn3:154 Message enqueued on L from system octetstring : '0E000103490615BF3F0000000000000000000000000000'O id 18
2026/Jun/08 11:21:43.759052 USER TC_26_8_1_3_4_3.ttcn3:154 L3_Port: Message delivered to TTCN-3
2026/Jun/08 11:21:43.759059 USER TC_26_8_1_3_4_3.ttcn3:154 L3_Port: Received 39 bytes
2026/Jun/08 11:21:43.759064 USER TC_26_8_1_3_4_3.ttcn3:154 L3_Port: RAW GSMTAP hdr->arfcn=0x4033 RxArfcn=0x4033 Uplink=1 Chan=136 Len=23
2026/Jun/08 11:21:43.759070 USER TC_26_8_1_3_4_3.ttcn3:154 L3_Port: RX: 0E 00 01 03 49 06 15 BF 3F 00 00 00 00 00 00 00 00 00 00 00 00 00 00 
2026/Jun/08 11:21:43.759076 PORTEVENT TC_26_8_1_3_4_3.ttcn3:154 Message enqueued on L from system octetstring : '0E000103490615BF3F0000000000000000000000000000'O id 19
2026/Jun/08 11:21:43.759079 USER TC_26_8_1_3_4_3.ttcn3:154 L3_Port: Message delivered to TTCN-3
2026/Jun/08 11:21:43.759087 USER TC_26_8_1_3_4_3.ttcn3:154 L3_Port: Received 39 bytes
2026/Jun/08 11:21:43.759092 USER TC_26_8_1_3_4_3.ttcn3:154 L3_Port: RAW GSMTAP hdr->arfcn=0x4033 RxArfcn=0x4033 Uplink=1 Chan=137 Len=23
2026/Jun/08 11:21:43.759098 USER TC_26_8_1_3_4_3.ttcn3:154 L3_Port: RX: 0E 00 01 03 49 06 15 BF 3F 00 00 00 00 00 00 00 00 00 00 00 00 00 00 
2026/Jun/08 11:21:43.759103 PORTEVENT TC_26_8_1_3_4_3.ttcn3:154 Message enqueued on L from system octetstring : '0E000103490615BF3F0000000000000000000000000000'O id 20
2026/Jun/08 11:21:43.759107 USER TC_26_8_1_3_4_3.ttcn3:154 L3_Port: Message delivered to TTCN-3
2026/Jun/08 11:21:43.759114 USER TC_26_8_1_3_4_3.ttcn3:154 L3_Port: Received 39 bytes
2026/Jun/08 11:21:43.759119 USER TC_26_8_1_3_4_3.ttcn3:154 L3_Port: RAW GSMTAP hdr->arfcn=0x4033 RxArfcn=0x4033 Uplink=1 Chan=136 Len=23
2026/Jun/08 11:21:43.759125 USER TC_26_8_1_3_4_3.ttcn3:154 L3_Port: RX: 0E 00 01 03 49 06 15 BF 3F 00 00 00 00 00 00 00 00 00 00 00 00 00 00 
2026/Jun/08 11:21:43.759131 PORTEVENT TC_26_8_1_3_4_3.ttcn3:154 Message enqueued on L from system octetstring : '0E000103490615BF3F0000000000000000000000000000'O id 21
2026/Jun/08 11:21:43.759135 USER TC_26_8_1_3_4_3.ttcn3:154 L3_Port: Message delivered to TTCN-3
2026/Jun/08 11:21:43.759142 USER TC_26_8_1_3_4_3.ttcn3:154 L3_Port: Received 39 bytes
2026/Jun/08 11:21:43.759147 USER TC_26_8_1_3_4_3.ttcn3:154 L3_Port: RAW GSMTAP hdr->arfcn=0x4033 RxArfcn=0x4033 Uplink=1 Chan=8 Len=23
2026/Jun/08 11:21:43.759153 USER TC_26_8_1_3_4_3.ttcn3:154 L3_Port: RX: 01 53 01 2B 2B 2B 2B 2B 2B 2B 2B 2B 2B 2B 2B 2B 2B 2B 2B 2B 2B 2B 2B 
2026/Jun/08 11:21:43.759158 PORTEVENT TC_26_8_1_3_4_3.ttcn3:154 Message enqueued on L from system octetstring : '0153012B2B2B2B2B2B2B2B2B2B2B2B2B2B2B2B2B2B2B2B'O id 22
2026/Jun/08 11:21:43.759162 USER TC_26_8_1_3_4_3.ttcn3:154 L3_Port: Message delivered to TTCN-3
2026/Jun/08 11:21:43.759169 USER TC_26_8_1_3_4_3.ttcn3:154 L3_Port: Received 17 bytes
2026/Jun/08 11:21:43.759176 USER TC_26_8_1_3_4_3.ttcn3:154 L3_Port: RAW GSMTAP hdr->arfcn=0x4033 RxArfcn=0x4033 Uplink=1 Chan=3 Len=1
2026/Jun/08 11:21:43.759180 USER TC_26_8_1_3_4_3.ttcn3:154 L3_Port: RX: 0C 
2026/Jun/08 11:21:43.759185 PORTEVENT TC_26_8_1_3_4_3.ttcn3:154 Message enqueued on L from system octetstring : '0C0001C0B4'O id 23
2026/Jun/08 11:21:43.759189 USER TC_26_8_1_3_4_3.ttcn3:154 L3_Port: Message delivered to TTCN-3
2026/Jun/08 11:21:43.759196 USER TC_26_8_1_3_4_3.ttcn3:154 L3_Port: Received 17 bytes
2026/Jun/08 11:21:43.759201 USER TC_26_8_1_3_4_3.ttcn3:154 L3_Port: RAW GSMTAP hdr->arfcn=0x4033 RxArfcn=0x4033 Uplink=1 Chan=3 Len=1
2026/Jun/08 11:21:43.759205 USER TC_26_8_1_3_4_3.ttcn3:154 L3_Port: RX: 0F 
2026/Jun/08 11:21:43.759209 PORTEVENT TC_26_8_1_3_4_3.ttcn3:154 Message enqueued on L from system octetstring : '0F0001C184'O id 24
2026/Jun/08 11:21:43.759212 USER TC_26_8_1_3_4_3.ttcn3:154 L3_Port: Message delivered to TTCN-3
2026/Jun/08 11:21:43.759220 USER TC_26_8_1_3_4_3.ttcn3:154 L3_Port: Received 17 bytes
2026/Jun/08 11:21:43.759225 USER TC_26_8_1_3_4_3.ttcn3:154 L3_Port: RAW GSMTAP hdr->arfcn=0x4033 RxArfcn=0x4033 Uplink=1 Chan=3 Len=1
2026/Jun/08 11:21:43.759229 USER TC_26_8_1_3_4_3.ttcn3:154 L3_Port: RX: 0D 
2026/Jun/08 11:21:43.759233 PORTEVENT TC_26_8_1_3_4_3.ttcn3:154 Message enqueued on L from system octetstring : '0D0001C1C0'O id 25
2026/Jun/08 11:21:43.759237 USER TC_26_8_1_3_4_3.ttcn3:154 L3_Port: Message delivered to TTCN-3
2026/Jun/08 11:21:43.759245 USER TC_26_8_1_3_4_3.ttcn3:154 L3_Port: Received 17 bytes
2026/Jun/08 11:21:43.759249 USER TC_26_8_1_3_4_3.ttcn3:154 L3_Port: RAW GSMTAP hdr->arfcn=0x4033 RxArfcn=0x4033 Uplink=1 Chan=3 Len=1
2026/Jun/08 11:21:43.759253 USER TC_26_8_1_3_4_3.ttcn3:154 L3_Port: RX: 05 
2026/Jun/08 11:21:43.759257 PORTEVENT TC_26_8_1_3_4_3.ttcn3:154 Message enqueued on L from system octetstring : '050001C1A8'O id 26
2026/Jun/08 11:21:43.759263 USER TC_26_8_1_3_4_3.ttcn3:154 L3_Port: Message delivered to TTCN-3
2026/Jun/08 11:21:43.759270 USER TC_26_8_1_3_4_3.ttcn3:154 L3_Port: Received 17 bytes
2026/Jun/08 11:21:43.759274 USER TC_26_8_1_3_4_3.ttcn3:154 L3_Port: RAW GSMTAP hdr->arfcn=0x4033 RxArfcn=0x4033 Uplink=1 Chan=3 Len=1
2026/Jun/08 11:21:43.759278 USER TC_26_8_1_3_4_3.ttcn3:154 L3_Port: RX: 0A 
2026/Jun/08 11:21:43.759282 PORTEVENT TC_26_8_1_3_4_3.ttcn3:154 Message enqueued on L from system octetstring : '0A0001C185'O id 27
2026/Jun/08 11:21:43.759285 USER TC_26_8_1_3_4_3.ttcn3:154 L3_Port: Message delivered to TTCN-3
2026/Jun/08 11:21:43.759292 USER TC_26_8_1_3_4_3.ttcn3:154 L3_Port: Received 17 bytes
2026/Jun/08 11:21:43.759297 USER TC_26_8_1_3_4_3.ttcn3:154 L3_Port: RAW GSMTAP hdr->arfcn=0x4033 RxArfcn=0x4033 Uplink=1 Chan=3 Len=1
2026/Jun/08 11:21:43.759301 USER TC_26_8_1_3_4_3.ttcn3:154 L3_Port: RX: 09 
2026/Jun/08 11:21:43.759305 PORTEVENT TC_26_8_1_3_4_3.ttcn3:154 Message enqueued on L from system octetstring : '090001C236'O id 28
2026/Jun/08 11:21:43.759309 USER TC_26_8_1_3_4_3.ttcn3:154 L3_Port: Message delivered to TTCN-3
2026/Jun/08 11:21:43.759316 USER TC_26_8_1_3_4_3.ttcn3:154 L3_Port: Received 17 bytes
2026/Jun/08 11:21:43.759321 USER TC_26_8_1_3_4_3.ttcn3:154 L3_Port: RAW GSMTAP hdr->arfcn=0x4033 RxArfcn=0x4033 Uplink=1 Chan=3 Len=1
2026/Jun/08 11:21:43.759325 USER TC_26_8_1_3_4_3.ttcn3:154 L3_Port: RX: 02 
2026/Jun/08 11:21:43.759330 PORTEVENT TC_26_8_1_3_4_3.ttcn3:154 Message enqueued on L from system octetstring : '020001C1BB'O id 29
2026/Jun/08 11:21:43.759333 USER TC_26_8_1_3_4_3.ttcn3:154 L3_Port: Message delivered to TTCN-3
2026/Jun/08 11:21:43.759340 USER TC_26_8_1_3_4_3.ttcn3:154 L3_Port: Received 17 bytes
2026/Jun/08 11:21:43.759345 USER TC_26_8_1_3_4_3.ttcn3:154 L3_Port: RAW GSMTAP hdr->arfcn=0x4033 RxArfcn=0x4033 Uplink=1 Chan=3 Len=1
2026/Jun/08 11:21:43.759350 USER TC_26_8_1_3_4_3.ttcn3:154 L3_Port: RX: 03 
2026/Jun/08 11:21:43.759354 PORTEVENT TC_26_8_1_3_4_3.ttcn3:154 Message enqueued on L from system octetstring : '030001C1BC'O id 30
2026/Jun/08 11:21:43.759357 USER TC_26_8_1_3_4_3.ttcn3:154 L3_Port: Message delivered to TTCN-3
2026/Jun/08 11:21:43.759367 USER TC_26_8_1_3_4_3.ttcn3:154 L3_Port: Received 39 bytes
2026/Jun/08 11:21:43.759372 USER TC_26_8_1_3_4_3.ttcn3:154 L3_Port: RAW GSMTAP hdr->arfcn=0x4033 RxArfcn=0x4033 Uplink=1 Chan=8 Len=23
2026/Jun/08 11:21:43.759378 USER TC_26_8_1_3_4_3.ttcn3:154 L3_Port: RX: 01 3F 49 05 08 70 09 F1 07 00 00 33 08 99 10 07 00 00 00 00 10 2B 2B 
2026/Jun/08 11:21:43.759384 PORTEVENT TC_26_8_1_3_4_3.ttcn3:154 Message enqueued on L from system octetstring : '013F4905087009F1070000330899100700000000102B2B'O id 31
2026/Jun/08 11:21:43.759388 USER TC_26_8_1_3_4_3.ttcn3:154 L3_Port: Message delivered to TTCN-3
2026/Jun/08 11:21:43.759395 USER TC_26_8_1_3_4_3.ttcn3:154 L3_Port: Received 39 bytes
2026/Jun/08 11:21:43.759400 USER TC_26_8_1_3_4_3.ttcn3:154 L3_Port: RAW GSMTAP hdr->arfcn=0x4033 RxArfcn=0x4033 Uplink=1 Chan=136 Len=23
2026/Jun/08 11:21:43.759406 USER TC_26_8_1_3_4_3.ttcn3:154 L3_Port: RX: 0E 00 01 03 49 06 15 80 40 00 00 00 00 00 00 00 00 00 00 00 00 00 00 
2026/Jun/08 11:21:43.759411 PORTEVENT TC_26_8_1_3_4_3.ttcn3:154 Message enqueued on L from system octetstring : '0E00010349061580400000000000000000000000000000'O id 32
2026/Jun/08 11:21:43.759415 USER TC_26_8_1_3_4_3.ttcn3:154 L3_Port: Message delivered to TTCN-3
2026/Jun/08 11:21:43.759423 USER TC_26_8_1_3_4_3.ttcn3:154 L3_Port: Received 39 bytes
2026/Jun/08 11:21:43.759428 USER TC_26_8_1_3_4_3.ttcn3:154 L3_Port: RAW GSMTAP hdr->arfcn=0x4033 RxArfcn=0x4033 Uplink=1 Chan=137 Len=23
2026/Jun/08 11:21:43.759434 USER TC_26_8_1_3_4_3.ttcn3:154 L3_Port: RX: 0E 00 01 03 49 06 15 BF 3F 00 00 00 00 00 00 00 00 00 00 00 00 00 00 
2026/Jun/08 11:21:43.759439 PORTEVENT TC_26_8_1_3_4_3.ttcn3:154 Message enqueued on L from system octetstring : '0E000103490615BF3F0000000000000000000000000000'O id 33
2026/Jun/08 11:21:43.759443 USER TC_26_8_1_3_4_3.ttcn3:154 L3_Port: Message delivered to TTCN-3
2026/Jun/08 11:21:43.759450 USER TC_26_8_1_3_4_3.ttcn3:154 L3_Port: Received 39 bytes
2026/Jun/08 11:21:43.759455 USER TC_26_8_1_3_4_3.ttcn3:154 L3_Port: RAW GSMTAP hdr->arfcn=0x4033 RxArfcn=0x4033 Uplink=1 Chan=136 Len=23
2026/Jun/08 11:21:43.759461 USER TC_26_8_1_3_4_3.ttcn3:154 L3_Port: RX: 0F 00 01 03 49 06 15 BF 3F 00 00 00 00 00 00 00 00 00 00 00 00 00 00 
2026/Jun/08 11:21:43.759467 PORTEVENT TC_26_8_1_3_4_3.ttcn3:154 Message enqueued on L from system octetstring : '0F000103490615BF3F0000000000000000000000000000'O id 34
2026/Jun/08 11:21:43.759471 USER TC_26_8_1_3_4_3.ttcn3:154 L3_Port: Message delivered to TTCN-3
2026/Jun/08 11:21:43.759480 USER TC_26_8_1_3_4_3.ttcn3:154 L3_Port: Received 39 bytes
2026/Jun/08 11:21:43.759485 USER TC_26_8_1_3_4_3.ttcn3:154 L3_Port: RAW GSMTAP hdr->arfcn=0x4033 RxArfcn=0x4033 Uplink=1 Chan=137 Len=23
2026/Jun/08 11:21:43.759491 USER TC_26_8_1_3_4_3.ttcn3:154 L3_Port: RX: 0E 00 01 03 49 06 15 BF 3F 00 00 00 00 00 00 00 00 00 00 00 00 00 00 
2026/Jun/08 11:21:43.759496 PORTEVENT TC_26_8_1_3_4_3.ttcn3:154 Message enqueued on L from system octetstring : '0E000103490615BF3F0000000000000000000000000000'O id 35
2026/Jun/08 11:21:43.759500 USER TC_26_8_1_3_4_3.ttcn3:154 L3_Port: Message delivered to TTCN-3
2026/Jun/08 11:21:43.759507 USER TC_26_8_1_3_4_3.ttcn3:154 L3_Port: Received 39 bytes
2026/Jun/08 11:21:43.759512 USER TC_26_8_1_3_4_3.ttcn3:154 L3_Port: RAW GSMTAP hdr->arfcn=0x4033 RxArfcn=0x4033 Uplink=1 Chan=136 Len=23
2026/Jun/08 11:21:43.759517 USER TC_26_8_1_3_4_3.ttcn3:154 L3_Port: RX: 0F 00 01 03 49 06 15 BF 3F 00 00 00 00 00 00 00 00 00 00 00 00 00 00 
2026/Jun/08 11:21:43.759523 PORTEVENT TC_26_8_1_3_4_3.ttcn3:154 Message enqueued on L from system octetstring : '0F000103490615BF3F0000000000000000000000000000'O id 36
2026/Jun/08 11:21:43.759527 USER TC_26_8_1_3_4_3.ttcn3:154 L3_Port: Message delivered to TTCN-3
2026/Jun/08 11:21:43.759534 USER TC_26_8_1_3_4_3.ttcn3:154 L3_Port: Received 39 bytes
2026/Jun/08 11:21:43.759539 USER TC_26_8_1_3_4_3.ttcn3:154 L3_Port: RAW GSMTAP hdr->arfcn=0x4033 RxArfcn=0x4033 Uplink=1 Chan=137 Len=23
2026/Jun/08 11:21:43.759545 USER TC_26_8_1_3_4_3.ttcn3:154 L3_Port: RX: 0E 00 01 03 49 06 15 BF 3F 00 00 00 00 00 00 00 00 00 00 00 00 00 00 
2026/Jun/08 11:21:43.759553 PORTEVENT TC_26_8_1_3_4_3.ttcn3:154 Message enqueued on L from system octetstring : '0E000103490615BF3F0000000000000000000000000000'O id 37
2026/Jun/08 11:21:43.759557 USER TC_26_8_1_3_4_3.ttcn3:154 L3_Port: Message delivered to TTCN-3
2026/Jun/08 11:21:43.759564 USER TC_26_8_1_3_4_3.ttcn3:154 L3_Port: Received 39 bytes
2026/Jun/08 11:21:43.759569 USER TC_26_8_1_3_4_3.ttcn3:154 L3_Port: RAW GSMTAP hdr->arfcn=0x4033 RxArfcn=0x4033 Uplink=1 Chan=136 Len=23
2026/Jun/08 11:21:43.759575 USER TC_26_8_1_3_4_3.ttcn3:154 L3_Port: RX: 0F 00 01 03 49 06 15 BF 3F 00 00 00 00 00 00 00 00 00 00 00 00 00 00 
2026/Jun/08 11:21:43.759581 PORTEVENT TC_26_8_1_3_4_3.ttcn3:154 Message enqueued on L from system octetstring : '0F000103490615BF3F0000000000000000000000000000'O id 38
2026/Jun/08 11:21:43.759585 USER TC_26_8_1_3_4_3.ttcn3:154 L3_Port: Message delivered to TTCN-3
2026/Jun/08 11:21:43.759592 USER TC_26_8_1_3_4_3.ttcn3:154 L3_Port: Received 39 bytes
2026/Jun/08 11:21:43.759597 USER TC_26_8_1_3_4_3.ttcn3:154 L3_Port: RAW GSMTAP hdr->arfcn=0x4033 RxArfcn=0x4033 Uplink=1 Chan=137 Len=23
2026/Jun/08 11:21:43.759603 USER TC_26_8_1_3_4_3.ttcn3:154 L3_Port: RX: 0E 00 01 03 49 06 15 BF 3F 00 00 00 00 00 00 00 00 00 00 00 00 00 00 
2026/Jun/08 11:21:43.759608 PORTEVENT TC_26_8_1_3_4_3.ttcn3:154 Message enqueued on L from system octetstring : '0E000103490615BF3F0000000000000000000000000000'O id 39
2026/Jun/08 11:21:43.759612 USER TC_26_8_1_3_4_3.ttcn3:154 L3_Port: Message delivered to TTCN-3
2026/Jun/08 11:21:43.759619 USER TC_26_8_1_3_4_3.ttcn3:154 L3_Port: Received 39 bytes
2026/Jun/08 11:21:43.759624 USER TC_26_8_1_3_4_3.ttcn3:154 L3_Port: RAW GSMTAP hdr->arfcn=0x4033 RxArfcn=0x4033 Uplink=1 Chan=136 Len=23
2026/Jun/08 11:21:43.759630 USER TC_26_8_1_3_4_3.ttcn3:154 L3_Port: RX: 0F 00 01 03 49 06 15 BF 3F 00 00 00 00 00 00 00 00 00 00 00 00 00 00 
2026/Jun/08 11:21:43.759636 PORTEVENT TC_26_8_1_3_4_3.ttcn3:154 Message enqueued on L from system octetstring : '0F000103490615BF3F0000000000000000000000000000'O id 40
2026/Jun/08 11:21:43.759639 USER TC_26_8_1_3_4_3.ttcn3:154 L3_Port: Message delivered to TTCN-3
2026/Jun/08 11:21:43.759646 USER TC_26_8_1_3_4_3.ttcn3:154 L3_Port: Received 39 bytes
2026/Jun/08 11:21:43.759651 USER TC_26_8_1_3_4_3.ttcn3:154 L3_Port: RAW GSMTAP hdr->arfcn=0x4033 RxArfcn=0x4033 Uplink=1 Chan=137 Len=23
2026/Jun/08 11:21:43.759657 USER TC_26_8_1_3_4_3.ttcn3:154 L3_Port: RX: 0E 00 01 03 49 06 15 BF 3F 00 00 00 00 00 00 00 00 00 00 00 00 00 00 
2026/Jun/08 11:21:43.759662 PORTEVENT TC_26_8_1_3_4_3.ttcn3:154 Message enqueued on L from system octetstring : '0E000103490615BF3F0000000000000000000000000000'O id 41
2026/Jun/08 11:21:43.759666 USER TC_26_8_1_3_4_3.ttcn3:154 L3_Port: Message delivered to TTCN-3
2026/Jun/08 11:21:43.759673 USER TC_26_8_1_3_4_3.ttcn3:154 L3_Port: Received 39 bytes
2026/Jun/08 11:21:43.759678 USER TC_26_8_1_3_4_3.ttcn3:154 L3_Port: RAW GSMTAP hdr->arfcn=0x4033 RxArfcn=0x4033 Uplink=1 Chan=9 Len=23
2026/Jun/08 11:21:43.759684 USER TC_26_8_1_3_4_3.ttcn3:154 L3_Port: RX: 01 53 01 2B 2B 2B 2B 2B 2B 2B 2B 2B 2B 2B 2B 2B 2B 2B 2B 2B 2B 2B 2B 
2026/Jun/08 11:21:43.759690 PORTEVENT TC_26_8_1_3_4_3.ttcn3:154 Message enqueued on L from system octetstring : '0153012B2B2B2B2B2B2B2B2B2B2B2B2B2B2B2B2B2B2B2B'O id 42
2026/Jun/08 11:21:43.759693 USER TC_26_8_1_3_4_3.ttcn3:154 L3_Port: Message delivered to TTCN-3
2026/Jun/08 11:21:43.759700 USER TC_26_8_1_3_4_3.ttcn3:154 L3_Port: Received 39 bytes
2026/Jun/08 11:21:43.759705 USER TC_26_8_1_3_4_3.ttcn3:154 L3_Port: RAW GSMTAP hdr->arfcn=0x4033 RxArfcn=0x4033 Uplink=1 Chan=136 Len=23
2026/Jun/08 11:21:43.759711 USER TC_26_8_1_3_4_3.ttcn3:154 L3_Port: RX: 0E 00 01 03 49 06 15 BF 3F 00 00 00 00 00 00 00 00 00 00 00 00 00 00 
2026/Jun/08 11:21:43.759717 PORTEVENT TC_26_8_1_3_4_3.ttcn3:154 Message enqueued on L from system octetstring : '0E000103490615BF3F0000000000000000000000000000'O id 43
2026/Jun/08 11:21:43.759720 USER TC_26_8_1_3_4_3.ttcn3:154 L3_Port: Message delivered to TTCN-3
2026/Jun/08 11:21:43.759730 USER TC_26_8_1_3_4_3.ttcn3:154 L3_Port: Received 39 bytes
2026/Jun/08 11:21:43.759735 USER TC_26_8_1_3_4_3.ttcn3:154 L3_Port: RAW GSMTAP hdr->arfcn=0x4033 RxArfcn=0x4033 Uplink=1 Chan=136 Len=23
2026/Jun/08 11:21:43.759741 USER TC_26_8_1_3_4_3.ttcn3:154 L3_Port: RX: 0E 00 01 03 49 06 15 BF 3F 00 00 00 00 00 00 00 00 00 00 00 00 00 00 
2026/Jun/08 11:21:43.759747 PORTEVENT TC_26_8_1_3_4_3.ttcn3:154 Message enqueued on L from system octetstring : '0E000103490615BF3F0000000000000000000000000000'O id 44
2026/Jun/08 11:21:43.759750 USER TC_26_8_1_3_4_3.ttcn3:154 L3_Port: Message delivered to TTCN-3
2026/Jun/08 11:21:43.759757 USER TC_26_8_1_3_4_3.ttcn3:154 L3_Port: Received 39 bytes
2026/Jun/08 11:21:43.759762 USER TC_26_8_1_3_4_3.ttcn3:154 L3_Port: RAW GSMTAP hdr->arfcn=0x4033 RxArfcn=0x4033 Uplink=1 Chan=136 Len=23
2026/Jun/08 11:21:43.759768 USER TC_26_8_1_3_4_3.ttcn3:154 L3_Port: RX: 0E 00 01 03 49 06 15 BF 3F 00 00 00 00 00 00 00 00 00 00 00 00 00 00 
2026/Jun/08 11:21:43.759773 PORTEVENT TC_26_8_1_3_4_3.ttcn3:154 Message enqueued on L from system octetstring : '0E000103490615BF3F0000000000000000000000000000'O id 45
2026/Jun/08 11:21:43.759777 USER TC_26_8_1_3_4_3.ttcn3:154 L3_Port: Message delivered to TTCN-3
2026/Jun/08 11:21:43.759784 USER TC_26_8_1_3_4_3.ttcn3:154 L3_Port: Received 39 bytes
2026/Jun/08 11:21:43.759789 USER TC_26_8_1_3_4_3.ttcn3:154 L3_Port: RAW GSMTAP hdr->arfcn=0x4033 RxArfcn=0x4033 Uplink=1 Chan=136 Len=23
2026/Jun/08 11:21:43.759795 USER TC_26_8_1_3_4_3.ttcn3:154 L3_Port: RX: 0E 00 01 03 49 06 15 BF 3F 00 00 00 00 00 00 00 00 00 00 00 00 00 00 
2026/Jun/08 11:21:43.759801 PORTEVENT TC_26_8_1_3_4_3.ttcn3:154 Message enqueued on L from system octetstring : '0E000103490615BF3F0000000000000000000000000000'O id 46
2026/Jun/08 11:21:43.759805 USER TC_26_8_1_3_4_3.ttcn3:154 L3_Port: Message delivered to TTCN-3
2026/Jun/08 11:21:43.759812 USER TC_26_8_1_3_4_3.ttcn3:154 L3_Port: Received 39 bytes
2026/Jun/08 11:21:43.759816 USER TC_26_8_1_3_4_3.ttcn3:154 L3_Port: RAW GSMTAP hdr->arfcn=0x4033 RxArfcn=0x4033 Uplink=1 Chan=136 Len=23
2026/Jun/08 11:21:43.759828 USER TC_26_8_1_3_4_3.ttcn3:154 L3_Port: RX: 0E 00 01 03 49 06 15 BF 3F 00 00 00 00 00 00 00 00 00 00 00 00 00 00 
2026/Jun/08 11:21:43.759835 PORTEVENT TC_26_8_1_3_4_3.ttcn3:154 Message enqueued on L from system octetstring : '0E000103490615BF3F0000000000000000000000000000'O id 47
2026/Jun/08 11:21:43.759839 USER TC_26_8_1_3_4_3.ttcn3:154 L3_Port: Message delivered to TTCN-3
2026/Jun/08 11:21:43.759846 USER TC_26_8_1_3_4_3.ttcn3:154 L3_Port: Received 39 bytes
2026/Jun/08 11:21:43.759852 USER TC_26_8_1_3_4_3.ttcn3:154 L3_Port: RAW GSMTAP hdr->arfcn=0x4033 RxArfcn=0x4033 Uplink=1 Chan=136 Len=23
2026/Jun/08 11:21:43.759857 USER TC_26_8_1_3_4_3.ttcn3:154 L3_Port: RX: 0E 00 01 03 49 06 15 BF 3F 00 00 00 00 00 00 00 00 00 00 00 00 00 00 
2026/Jun/08 11:21:43.759863 PORTEVENT TC_26_8_1_3_4_3.ttcn3:154 Message enqueued on L from system octetstring : '0E000103490615BF3F0000000000000000000000000000'O id 48
2026/Jun/08 11:21:43.759867 USER TC_26_8_1_3_4_3.ttcn3:154 L3_Port: Message delivered to TTCN-3
2026/Jun/08 11:21:43.759874 USER TC_26_8_1_3_4_3.ttcn3:154 L3_Port: Received 39 bytes
2026/Jun/08 11:21:43.759879 USER TC_26_8_1_3_4_3.ttcn3:154 L3_Port: RAW GSMTAP hdr->arfcn=0x4033 RxArfcn=0x4033 Uplink=1 Chan=136 Len=23
2026/Jun/08 11:21:43.759885 USER TC_26_8_1_3_4_3.ttcn3:154 L3_Port: RX: 0E 00 01 03 49 06 15 BF 3F 00 00 00 00 00 00 00 00 00 00 00 00 00 00 
2026/Jun/08 11:21:43.759890 PORTEVENT TC_26_8_1_3_4_3.ttcn3:154 Message enqueued on L from system octetstring : '0E000103490615BF3F0000000000000000000000000000'O id 49
2026/Jun/08 11:21:43.759897 USER TC_26_8_1_3_4_3.ttcn3:154 L3_Port: Message delivered to TTCN-3
2026/Jun/08 11:21:43.759904 USER TC_26_8_1_3_4_3.ttcn3:154 L3_Port: Received 39 bytes
2026/Jun/08 11:21:43.759909 USER TC_26_8_1_3_4_3.ttcn3:154 L3_Port: RAW GSMTAP hdr->arfcn=0x4033 RxArfcn=0x4033 Uplink=1 Chan=136 Len=23
2026/Jun/08 11:21:43.759915 USER TC_26_8_1_3_4_3.ttcn3:154 L3_Port: RX: 0E 00 01 03 49 06 15 BF 3F 00 00 00 00 00 00 00 00 00 00 00 00 00 00 
2026/Jun/08 11:21:43.759923 PORTEVENT TC_26_8_1_3_4_3.ttcn3:154 Message enqueued on L from system octetstring : '0E000103490615BF3F0000000000000000000000000000'O id 50
2026/Jun/08 11:21:43.759927 USER TC_26_8_1_3_4_3.ttcn3:154 L3_Port: Message delivered to TTCN-3
2026/Jun/08 11:21:43.759934 USER TC_26_8_1_3_4_3.ttcn3:154 L3_Port: Received 39 bytes
2026/Jun/08 11:21:43.759939 USER TC_26_8_1_3_4_3.ttcn3:154 L3_Port: RAW GSMTAP hdr->arfcn=0x4033 RxArfcn=0x4033 Uplink=1 Chan=136 Len=23
2026/Jun/08 11:21:43.759945 USER TC_26_8_1_3_4_3.ttcn3:154 L3_Port: RX: 0E 00 01 03 49 06 15 BF 3F 00 00 00 00 00 00 00 00 00 00 00 00 00 00 
2026/Jun/08 11:21:43.759950 PORTEVENT TC_26_8_1_3_4_3.ttcn3:154 Message enqueued on L from system octetstring : '0E000103490615BF3F0000000000000000000000000000'O id 51
2026/Jun/08 11:21:43.759954 USER TC_26_8_1_3_4_3.ttcn3:154 L3_Port: Message delivered to TTCN-3
2026/Jun/08 11:21:43.759961 USER TC_26_8_1_3_4_3.ttcn3:154 L3_Port: Received 39 bytes
2026/Jun/08 11:21:43.759966 USER TC_26_8_1_3_4_3.ttcn3:154 L3_Port: RAW GSMTAP hdr->arfcn=0x4033 RxArfcn=0x4033 Uplink=1 Chan=136 Len=23
2026/Jun/08 11:21:43.759972 USER TC_26_8_1_3_4_3.ttcn3:154 L3_Port: RX: 0E 00 01 03 49 06 15 BF 3F 00 00 00 00 00 00 00 00 00 00 00 00 00 00 
2026/Jun/08 11:21:43.759978 PORTEVENT TC_26_8_1_3_4_3.ttcn3:154 Message enqueued on L from system octetstring : '0E000103490615BF3F0000000000000000000000000000'O id 52
2026/Jun/08 11:21:43.759981 USER TC_26_8_1_3_4_3.ttcn3:154 L3_Port: Message delivered to TTCN-3
2026/Jun/08 11:21:43.759989 USER TC_26_8_1_3_4_3.ttcn3:154 L3_Port: Received 39 bytes
2026/Jun/08 11:21:43.759994 USER TC_26_8_1_3_4_3.ttcn3:154 L3_Port: RAW GSMTAP hdr->arfcn=0x4033 RxArfcn=0x4033 Uplink=1 Chan=136 Len=23
2026/Jun/08 11:21:43.760000 USER TC_26_8_1_3_4_3.ttcn3:154 L3_Port: RX: 0E 00 01 03 49 06 15 BF 3F 00 00 00 00 00 00 00 00 00 00 00 00 00 00 
2026/Jun/08 11:21:43.760006 PORTEVENT TC_26_8_1_3_4_3.ttcn3:154 Message enqueued on L from system octetstring : '0E000103490615BF3F0000000000000000000000000000'O id 53
2026/Jun/08 11:21:43.760009 USER TC_26_8_1_3_4_3.ttcn3:154 L3_Port: Message delivered to TTCN-3
2026/Jun/08 11:21:43.760017 USER TC_26_8_1_3_4_3.ttcn3:154 L3_Port: Received 17 bytes
2026/Jun/08 11:21:43.760022 USER TC_26_8_1_3_4_3.ttcn3:154 L3_Port: RAW GSMTAP hdr->arfcn=0x4033 RxArfcn=0x4033 Uplink=1 Chan=3 Len=1
2026/Jun/08 11:21:43.760026 USER TC_26_8_1_3_4_3.ttcn3:154 L3_Port: RX: 0A 
2026/Jun/08 11:21:43.760030 PORTEVENT TC_26_8_1_3_4_3.ttcn3:154 Message enqueued on L from system octetstring : '0A0001CE40'O id 54
2026/Jun/08 11:21:43.760033 USER TC_26_8_1_3_4_3.ttcn3:154 L3_Port: Message delivered to TTCN-3
2026/Jun/08 11:21:43.760041 USER TC_26_8_1_3_4_3.ttcn3:154 L3_Port: Received 17 bytes
2026/Jun/08 11:21:43.760046 USER TC_26_8_1_3_4_3.ttcn3:154 L3_Port: RAW GSMTAP hdr->arfcn=0x4033 RxArfcn=0x4033 Uplink=1 Chan=3 Len=1
2026/Jun/08 11:21:43.760050 USER TC_26_8_1_3_4_3.ttcn3:154 L3_Port: RX: 09 
2026/Jun/08 11:21:43.760054 PORTEVENT TC_26_8_1_3_4_3.ttcn3:154 Message enqueued on L from system octetstring : '090001CEAC'O id 55
2026/Jun/08 11:21:43.760058 USER TC_26_8_1_3_4_3.ttcn3:154 L3_Port: Message delivered to TTCN-3
2026/Jun/08 11:21:43.760065 USER TC_26_8_1_3_4_3.ttcn3:154 L3_Port: Received 17 bytes
2026/Jun/08 11:21:43.760070 USER TC_26_8_1_3_4_3.ttcn3:154 L3_Port: RAW GSMTAP hdr->arfcn=0x4033 RxArfcn=0x4033 Uplink=1 Chan=3 Len=1
2026/Jun/08 11:21:43.760074 USER TC_26_8_1_3_4_3.ttcn3:154 L3_Port: RX: 06 
2026/Jun/08 11:21:43.760078 PORTEVENT TC_26_8_1_3_4_3.ttcn3:154 Message enqueued on L from system octetstring : '060001CEE1'O id 56
2026/Jun/08 11:21:43.760082 USER TC_26_8_1_3_4_3.ttcn3:154 L3_Port: Message delivered to TTCN-3
2026/Jun/08 11:21:43.760089 USER TC_26_8_1_3_4_3.ttcn3:154 L3_Port: Received 17 bytes
2026/Jun/08 11:21:43.760094 USER TC_26_8_1_3_4_3.ttcn3:154 L3_Port: RAW GSMTAP hdr->arfcn=0x4033 RxArfcn=0x4033 Uplink=1 Chan=3 Len=1
2026/Jun/08 11:21:43.760098 USER TC_26_8_1_3_4_3.ttcn3:154 L3_Port: RX: 06 
2026/Jun/08 11:21:43.760105 PORTEVENT TC_26_8_1_3_4_3.ttcn3:154 Message enqueued on L from system octetstring : '060001CEB5'O id 57
2026/Jun/08 11:21:43.760109 USER TC_26_8_1_3_4_3.ttcn3:154 L3_Port: Message delivered to TTCN-3
2026/Jun/08 11:21:43.760117 USER TC_26_8_1_3_4_3.ttcn3:154 L3_Port: Received 17 bytes
2026/Jun/08 11:21:43.760122 USER TC_26_8_1_3_4_3.ttcn3:154 L3_Port: RAW GSMTAP hdr->arfcn=0x4033 RxArfcn=0x4033 Uplink=1 Chan=3 Len=1
2026/Jun/08 11:21:43.760126 USER TC_26_8_1_3_4_3.ttcn3:154 L3_Port: RX: 00 
2026/Jun/08 11:21:43.760130 PORTEVENT TC_26_8_1_3_4_3.ttcn3:154 Message enqueued on L from system octetstring : '000001CF1A'O id 58
2026/Jun/08 11:21:43.760134 USER TC_26_8_1_3_4_3.ttcn3:154 L3_Port: Message delivered to TTCN-3
2026/Jun/08 11:21:43.760141 USER TC_26_8_1_3_4_3.ttcn3:154 L3_Port: Received 17 bytes
2026/Jun/08 11:21:43.760146 USER TC_26_8_1_3_4_3.ttcn3:154 L3_Port: RAW GSMTAP hdr->arfcn=0x4033 RxArfcn=0x4033 Uplink=1 Chan=3 Len=1
2026/Jun/08 11:21:43.760150 USER TC_26_8_1_3_4_3.ttcn3:154 L3_Port: RX: 0B 
2026/Jun/08 11:21:43.760154 PORTEVENT TC_26_8_1_3_4_3.ttcn3:154 Message enqueued on L from system octetstring : '0B0001CEE7'O id 59
2026/Jun/08 11:21:43.760157 USER TC_26_8_1_3_4_3.ttcn3:154 L3_Port: Message delivered to TTCN-3
2026/Jun/08 11:21:43.760164 USER TC_26_8_1_3_4_3.ttcn3:154 L3_Port: Received 17 bytes
2026/Jun/08 11:21:43.760169 USER TC_26_8_1_3_4_3.ttcn3:154 L3_Port: RAW GSMTAP hdr->arfcn=0x4033 RxArfcn=0x4033 Uplink=1 Chan=3 Len=1
2026/Jun/08 11:21:43.760173 USER TC_26_8_1_3_4_3.ttcn3:154 L3_Port: RX: 08 
2026/Jun/08 11:21:43.760178 PORTEVENT TC_26_8_1_3_4_3.ttcn3:154 Message enqueued on L from system octetstring : '080001CF16'O id 60
2026/Jun/08 11:21:43.760181 USER TC_26_8_1_3_4_3.ttcn3:154 L3_Port: Message delivered to TTCN-3
2026/Jun/08 11:21:43.760188 USER TC_26_8_1_3_4_3.ttcn3:154 L3_Port: Received 17 bytes
2026/Jun/08 11:21:43.760193 USER TC_26_8_1_3_4_3.ttcn3:154 L3_Port: RAW GSMTAP hdr->arfcn=0x4033 RxArfcn=0x4033 Uplink=1 Chan=3 Len=1
2026/Jun/08 11:21:43.760198 USER TC_26_8_1_3_4_3.ttcn3:154 L3_Port: RX: 03 
2026/Jun/08 11:21:43.760202 PORTEVENT TC_26_8_1_3_4_3.ttcn3:154 Message enqueued on L from system octetstring : '030001CEB8'O id 61
2026/Jun/08 11:21:43.760205 USER TC_26_8_1_3_4_3.ttcn3:154 L3_Port: Message delivered to TTCN-3
2026/Jun/08 11:21:43.760212 USER TC_26_8_1_3_4_3.ttcn3:154 L3_Port: Received 39 bytes
2026/Jun/08 11:21:43.760217 USER TC_26_8_1_3_4_3.ttcn3:154 L3_Port: RAW GSMTAP hdr->arfcn=0x4033 RxArfcn=0x4033 Uplink=1 Chan=136 Len=23
2026/Jun/08 11:21:43.760223 USER TC_26_8_1_3_4_3.ttcn3:154 L3_Port: RX: 0E 00 01 03 49 06 15 80 40 00 00 00 00 00 00 00 00 00 00 00 00 00 00 
2026/Jun/08 11:21:43.760229 PORTEVENT TC_26_8_1_3_4_3.ttcn3:154 Message enqueued on L from system octetstring : '0E00010349061580400000000000000000000000000000'O id 62
2026/Jun/08 11:21:43.760232 USER TC_26_8_1_3_4_3.ttcn3:154 L3_Port: Message delivered to TTCN-3
2026/Jun/08 11:21:43.760239 USER TC_26_8_1_3_4_3.ttcn3:154 L3_Port: Received 39 bytes
2026/Jun/08 11:21:43.760244 USER TC_26_8_1_3_4_3.ttcn3:154 L3_Port: RAW GSMTAP hdr->arfcn=0x4033 RxArfcn=0x4033 Uplink=1 Chan=8 Len=23
2026/Jun/08 11:21:43.760249 USER TC_26_8_1_3_4_3.ttcn3:154 L3_Port: RX: 01 3F 3D 05 08 70 09 F1 07 10 92 33 05 F4 12 34 56 78 2B 2B 2B 2B 2B 
2026/Jun/08 11:21:43.760255 PORTEVENT TC_26_8_1_3_4_3.ttcn3:154 Message enqueued on L from system octetstring : '013F3D05087009F10710923305F4123456782B2B2B2B2B'O id 63
2026/Jun/08 11:21:43.760259 USER TC_26_8_1_3_4_3.ttcn3:154 L3_Port: Message delivered to TTCN-3
2026/Jun/08 11:21:43.760265 USER TC_26_8_1_3_4_3.ttcn3:154 L3_Port: Received 39 bytes
2026/Jun/08 11:21:43.760271 USER TC_26_8_1_3_4_3.ttcn3:154 L3_Port: RAW GSMTAP hdr->arfcn=0x4033 RxArfcn=0x4033 Uplink=1 Chan=136 Len=23
2026/Jun/08 11:21:43.760277 USER TC_26_8_1_3_4_3.ttcn3:154 L3_Port: RX: 0E 00 01 03 49 06 15 BF 3F 00 00 00 00 00 00 00 00 00 00 00 00 00 00 
2026/Jun/08 11:21:43.760282 PORTEVENT TC_26_8_1_3_4_3.ttcn3:154 Message enqueued on L from system octetstring : '0E000103490615BF3F0000000000000000000000000000'O id 64
2026/Jun/08 11:21:43.760289 USER TC_26_8_1_3_4_3.ttcn3:154 L3_Port: Message delivered to TTCN-3
2026/Jun/08 11:21:43.760296 USER TC_26_8_1_3_4_3.ttcn3:154 L3_Port: Received 17 bytes
2026/Jun/08 11:21:43.760301 USER TC_26_8_1_3_4_3.ttcn3:154 L3_Port: RAW GSMTAP hdr->arfcn=0x4033 RxArfcn=0x4033 Uplink=1 Chan=3 Len=1
2026/Jun/08 11:21:43.760305 USER TC_26_8_1_3_4_3.ttcn3:154 L3_Port: RX: 07 
2026/Jun/08 11:21:43.760310 PORTEVENT TC_26_8_1_3_4_3.ttcn3:154 Message enqueued on L from system octetstring : '070001CE77'O id 65
2026/Jun/08 11:21:43.760313 USER TC_26_8_1_3_4_3.ttcn3:154 L3_Port: Message delivered to TTCN-3
2026/Jun/08 11:21:43.760320 USER TC_26_8_1_3_4_3.ttcn3:154 L3_Port: Received 17 bytes
2026/Jun/08 11:21:43.760325 USER TC_26_8_1_3_4_3.ttcn3:154 L3_Port: RAW GSMTAP hdr->arfcn=0x4033 RxArfcn=0x4033 Uplink=1 Chan=3 Len=1
2026/Jun/08 11:21:43.760330 USER TC_26_8_1_3_4_3.ttcn3:154 L3_Port: RX: 0B 
2026/Jun/08 11:21:43.760334 PORTEVENT TC_26_8_1_3_4_3.ttcn3:154 Message enqueued on L from system octetstring : '0B0001CF7E'O id 66
2026/Jun/08 11:21:43.760338 USER TC_26_8_1_3_4_3.ttcn3:154 L3_Port: Message delivered to TTCN-3
2026/Jun/08 11:21:43.760345 USER TC_26_8_1_3_4_3.ttcn3:154 L3_Port: Received 17 bytes
2026/Jun/08 11:21:43.760350 USER TC_26_8_1_3_4_3.ttcn3:154 L3_Port: RAW GSMTAP hdr->arfcn=0x4033 RxArfcn=0x4033 Uplink=1 Chan=3 Len=1
2026/Jun/08 11:21:43.760354 USER TC_26_8_1_3_4_3.ttcn3:154 L3_Port: RX: 05 
2026/Jun/08 11:21:43.760358 PORTEVENT TC_26_8_1_3_4_3.ttcn3:154 Message enqueued on L from system octetstring : '050001CF80'O id 67
2026/Jun/08 11:21:43.760362 USER TC_26_8_1_3_4_3.ttcn3:154 L3_Port: Message delivered to TTCN-3
2026/Jun/08 11:21:43.760369 USER TC_26_8_1_3_4_3.ttcn3:154 L3_Port: Received 17 bytes
2026/Jun/08 11:21:43.760374 USER TC_26_8_1_3_4_3.ttcn3:154 L3_Port: RAW GSMTAP hdr->arfcn=0x4033 RxArfcn=0x4033 Uplink=1 Chan=3 Len=1
2026/Jun/08 11:21:43.760378 USER TC_26_8_1_3_4_3.ttcn3:154 L3_Port: RX: 0A 
2026/Jun/08 11:21:43.760383 PORTEVENT TC_26_8_1_3_4_3.ttcn3:154 Message enqueued on L from system octetstring : '0A0001CF77'O id 68
2026/Jun/08 11:21:43.760386 USER TC_26_8_1_3_4_3.ttcn3:154 L3_Port: Message delivered to TTCN-3
2026/Jun/08 11:21:43.760393 USER TC_26_8_1_3_4_3.ttcn3:154 L3_Port: Received 17 bytes
2026/Jun/08 11:21:43.760398 USER TC_26_8_1_3_4_3.ttcn3:154 L3_Port: RAW GSMTAP hdr->arfcn=0x4033 RxArfcn=0x4033 Uplink=1 Chan=3 Len=1
2026/Jun/08 11:21:43.760402 USER TC_26_8_1_3_4_3.ttcn3:154 L3_Port: RX: 09 
2026/Jun/08 11:21:43.760406 PORTEVENT TC_26_8_1_3_4_3.ttcn3:154 Message enqueued on L from system octetstring : '090001CF16'O id 69
2026/Jun/08 11:21:43.760410 USER TC_26_8_1_3_4_3.ttcn3:154 L3_Port: Message delivered to TTCN-3
2026/Jun/08 11:21:43.760418 USER TC_26_8_1_3_4_3.ttcn3:154 L3_Port: Received 17 bytes
2026/Jun/08 11:21:43.760422 USER TC_26_8_1_3_4_3.ttcn3:154 L3_Port: RAW GSMTAP hdr->arfcn=0x4033 RxArfcn=0x4033 Uplink=1 Chan=3 Len=1
2026/Jun/08 11:21:43.760426 USER TC_26_8_1_3_4_3.ttcn3:154 L3_Port: RX: 08 
2026/Jun/08 11:21:43.760430 PORTEVENT TC_26_8_1_3_4_3.ttcn3:154 Message enqueued on L from system octetstring : '080001CFF6'O id 70
2026/Jun/08 11:21:43.760433 USER TC_26_8_1_3_4_3.ttcn3:154 L3_Port: Message delivered to TTCN-3
2026/Jun/08 11:21:43.760439 USER TC_26_8_1_3_4_3.ttcn3:154 L3_Port: Received 17 bytes
2026/Jun/08 11:21:43.760444 USER TC_26_8_1_3_4_3.ttcn3:154 L3_Port: RAW GSMTAP hdr->arfcn=0x4033 RxArfcn=0x4033 Uplink=1 Chan=3 Len=1
2026/Jun/08 11:21:43.760447 USER TC_26_8_1_3_4_3.ttcn3:154 L3_Port: RX: 09 
2026/Jun/08 11:21:43.760452 PORTEVENT TC_26_8_1_3_4_3.ttcn3:154 Message enqueued on L from system octetstring : '090001CF43'O id 71
2026/Jun/08 11:21:43.760455 USER TC_26_8_1_3_4_3.ttcn3:154 L3_Port: Message delivered to TTCN-3
2026/Jun/08 11:21:43.760462 USER TC_26_8_1_3_4_3.ttcn3:154 L3_Port: Received 17 bytes
2026/Jun/08 11:21:43.760468 USER TC_26_8_1_3_4_3.ttcn3:154 L3_Port: RAW GSMTAP hdr->arfcn=0x4033 RxArfcn=0x4033 Uplink=1 Chan=3 Len=1
2026/Jun/08 11:21:43.760472 USER TC_26_8_1_3_4_3.ttcn3:154 L3_Port: RX: 08 
2026/Jun/08 11:21:43.760482 PORTEVENT TC_26_8_1_3_4_3.ttcn3:154 Message enqueued on L from system octetstring : '080001CF73'O id 72
2026/Jun/08 11:21:43.760485 USER TC_26_8_1_3_4_3.ttcn3:154 L3_Port: Message delivered to TTCN-3
2026/Jun/08 11:21:43.760493 USER TC_26_8_1_3_4_3.ttcn3:154 L3_Port: Received 39 bytes
2026/Jun/08 11:21:43.760498 USER TC_26_8_1_3_4_3.ttcn3:154 L3_Port: RAW GSMTAP hdr->arfcn=0x4033 RxArfcn=0x4033 Uplink=1 Chan=9 Len=23
2026/Jun/08 11:21:43.760504 USER TC_26_8_1_3_4_3.ttcn3:154 L3_Port: RX: 01 3F 49 05 08 70 09 F1 07 00 00 33 08 99 10 07 00 00 00 00 10 2B 2B 
2026/Jun/08 11:21:43.760509 PORTEVENT TC_26_8_1_3_4_3.ttcn3:154 Message enqueued on L from system octetstring : '013F4905087009F1070000330899100700000000102B2B'O id 73
2026/Jun/08 11:21:43.760513 USER TC_26_8_1_3_4_3.ttcn3:154 L3_Port: Message delivered to TTCN-3
2026/Jun/08 11:21:43.760520 USER TC_26_8_1_3_4_3.ttcn3:154 L3_Port: Received 39 bytes
2026/Jun/08 11:21:43.760525 USER TC_26_8_1_3_4_3.ttcn3:154 L3_Port: RAW GSMTAP hdr->arfcn=0x4033 RxArfcn=0x4033 Uplink=1 Chan=137 Len=23
2026/Jun/08 11:21:43.760531 USER TC_26_8_1_3_4_3.ttcn3:154 L3_Port: RX: 0E 00 01 03 49 06 15 80 40 00 00 00 00 00 00 00 00 00 00 00 00 00 00 
2026/Jun/08 11:21:43.760537 PORTEVENT TC_26_8_1_3_4_3.ttcn3:154 Message enqueued on L from system octetstring : '0E00010349061580400000000000000000000000000000'O id 74
2026/Jun/08 11:21:43.760540 USER TC_26_8_1_3_4_3.ttcn3:154 L3_Port: Message delivered to TTCN-3
2026/Jun/08 11:21:43.760547 USER TC_26_8_1_3_4_3.ttcn3:154 L3_Port: Received 39 bytes
2026/Jun/08 11:21:43.760553 USER TC_26_8_1_3_4_3.ttcn3:154 L3_Port: RAW GSMTAP hdr->arfcn=0x4033 RxArfcn=0x4033 Uplink=1 Chan=136 Len=23
2026/Jun/08 11:21:43.760558 USER TC_26_8_1_3_4_3.ttcn3:154 L3_Port: RX: 0E 00 01 03 49 06 15 BF 3F 00 00 00 00 00 00 00 00 00 00 00 00 00 00 
2026/Jun/08 11:21:43.760564 PORTEVENT TC_26_8_1_3_4_3.ttcn3:154 Message enqueued on L from system octetstring : '0E000103490615BF3F0000000000000000000000000000'O id 75
2026/Jun/08 11:21:43.760567 USER TC_26_8_1_3_4_3.ttcn3:154 L3_Port: Message delivered to TTCN-3
2026/Jun/08 11:21:43.760574 USER TC_26_8_1_3_4_3.ttcn3:154 L3_Port: Received 39 bytes
2026/Jun/08 11:21:43.760580 USER TC_26_8_1_3_4_3.ttcn3:154 L3_Port: RAW GSMTAP hdr->arfcn=0x4033 RxArfcn=0x4033 Uplink=1 Chan=136 Len=23
2026/Jun/08 11:21:43.760585 USER TC_26_8_1_3_4_3.ttcn3:154 L3_Port: RX: 0E 00 01 03 49 06 15 BF 3F 00 00 00 00 00 00 00 00 00 00 00 00 00 00 
2026/Jun/08 11:21:43.760591 PORTEVENT TC_26_8_1_3_4_3.ttcn3:154 Message enqueued on L from system octetstring : '0E000103490615BF3F0000000000000000000000000000'O id 76
2026/Jun/08 11:21:43.760595 USER TC_26_8_1_3_4_3.ttcn3:154 L3_Port: Message delivered to TTCN-3
2026/Jun/08 11:21:43.760602 USER TC_26_8_1_3_4_3.ttcn3:154 L3_Port: Received 39 bytes
2026/Jun/08 11:21:43.760607 USER TC_26_8_1_3_4_3.ttcn3:154 L3_Port: RAW GSMTAP hdr->arfcn=0x4033 RxArfcn=0x4033 Uplink=1 Chan=137 Len=23
2026/Jun/08 11:21:43.760613 USER TC_26_8_1_3_4_3.ttcn3:154 L3_Port: RX: 0F 00 01 03 49 06 15 BF 3F 00 00 00 00 00 00 00 00 00 00 00 00 00 00 
2026/Jun/08 11:21:43.760619 PORTEVENT TC_26_8_1_3_4_3.ttcn3:154 Message enqueued on L from system octetstring : '0F000103490615BF3F0000000000000000000000000000'O id 77
2026/Jun/08 11:21:43.760622 USER TC_26_8_1_3_4_3.ttcn3:154 L3_Port: Message delivered to TTCN-3
2026/Jun/08 11:21:43.760629 USER TC_26_8_1_3_4_3.ttcn3:154 L3_Port: Received 39 bytes
2026/Jun/08 11:21:43.760635 USER TC_26_8_1_3_4_3.ttcn3:154 L3_Port: RAW GSMTAP hdr->arfcn=0x4033 RxArfcn=0x4033 Uplink=1 Chan=136 Len=23
2026/Jun/08 11:21:43.760641 USER TC_26_8_1_3_4_3.ttcn3:154 L3_Port: RX: 0E 00 01 03 49 06 15 BF 3F 00 00 00 00 00 00 00 00 00 00 00 00 00 00 
2026/Jun/08 11:21:43.760646 PORTEVENT TC_26_8_1_3_4_3.ttcn3:154 Message enqueued on L from system octetstring : '0E000103490615BF3F0000000000000000000000000000'O id 78
2026/Jun/08 11:21:43.760650 USER TC_26_8_1_3_4_3.ttcn3:154 L3_Port: Message delivered to TTCN-3
2026/Jun/08 11:21:43.760657 USER TC_26_8_1_3_4_3.ttcn3:154 L3_Port: Received 39 bytes
2026/Jun/08 11:21:43.760664 USER TC_26_8_1_3_4_3.ttcn3:154 L3_Port: RAW GSMTAP hdr->arfcn=0x4033 RxArfcn=0x4033 Uplink=1 Chan=136 Len=23
2026/Jun/08 11:21:43.760670 USER TC_26_8_1_3_4_3.ttcn3:154 L3_Port: RX: 0E 00 01 03 49 06 15 BF 3F 00 00 00 00 00 00 00 00 00 00 00 00 00 00 
2026/Jun/08 11:21:43.760676 PORTEVENT TC_26_8_1_3_4_3.ttcn3:154 Message enqueued on L from system octetstring : '0E000103490615BF3F0000000000000000000000000000'O id 79
2026/Jun/08 11:21:43.760679 USER TC_26_8_1_3_4_3.ttcn3:154 L3_Port: Message delivered to TTCN-3
2026/Jun/08 11:21:43.760686 USER TC_26_8_1_3_4_3.ttcn3:154 L3_Port: Received 39 bytes
2026/Jun/08 11:21:43.760692 USER TC_26_8_1_3_4_3.ttcn3:154 L3_Port: RAW GSMTAP hdr->arfcn=0x4033 RxArfcn=0x4033 Uplink=1 Chan=137 Len=23
2026/Jun/08 11:21:43.760697 USER TC_26_8_1_3_4_3.ttcn3:154 L3_Port: RX: 0F 00 01 03 49 06 15 BF 3F 00 00 00 00 00 00 00 00 00 00 00 00 00 00 
2026/Jun/08 11:21:43.760703 PORTEVENT TC_26_8_1_3_4_3.ttcn3:154 Message enqueued on L from system octetstring : '0F000103490615BF3F0000000000000000000000000000'O id 80
2026/Jun/08 11:21:43.760707 USER TC_26_8_1_3_4_3.ttcn3:154 L3_Port: Message delivered to TTCN-3
2026/Jun/08 11:21:43.760714 USER TC_26_8_1_3_4_3.ttcn3:154 L3_Port: Received 39 bytes
2026/Jun/08 11:21:43.760719 USER TC_26_8_1_3_4_3.ttcn3:154 L3_Port: RAW GSMTAP hdr->arfcn=0x4033 RxArfcn=0x4033 Uplink=1 Chan=136 Len=23
2026/Jun/08 11:21:43.760725 USER TC_26_8_1_3_4_3.ttcn3:154 L3_Port: RX: 0E 00 01 03 49 06 15 BF 3F 00 00 00 00 00 00 00 00 00 00 00 00 00 00 
2026/Jun/08 11:21:43.760731 PORTEVENT TC_26_8_1_3_4_3.ttcn3:154 Message enqueued on L from system octetstring : '0E000103490615BF3F0000000000000000000000000000'O id 81
2026/Jun/08 11:21:43.760734 USER TC_26_8_1_3_4_3.ttcn3:154 L3_Port: Message delivered to TTCN-3
2026/Jun/08 11:21:43.760742 USER TC_26_8_1_3_4_3.ttcn3:154 L3_Port: Received 39 bytes
2026/Jun/08 11:21:43.760747 USER TC_26_8_1_3_4_3.ttcn3:154 L3_Port: RAW GSMTAP hdr->arfcn=0x4033 RxArfcn=0x4033 Uplink=1 Chan=136 Len=23
2026/Jun/08 11:21:43.760753 USER TC_26_8_1_3_4_3.ttcn3:154 L3_Port: RX: 0E 00 01 03 49 06 15 BF 3F 00 00 00 00 00 00 00 00 00 00 00 00 00 00 
2026/Jun/08 11:21:43.760758 PORTEVENT TC_26_8_1_3_4_3.ttcn3:154 Message enqueued on L from system octetstring : '0E000103490615BF3F0000000000000000000000000000'O id 82
2026/Jun/08 11:21:43.760762 USER TC_26_8_1_3_4_3.ttcn3:154 L3_Port: Message delivered to TTCN-3
2026/Jun/08 11:21:43.760769 USER TC_26_8_1_3_4_3.ttcn3:154 L3_Port: Received 17 bytes
2026/Jun/08 11:21:43.760774 USER TC_26_8_1_3_4_3.ttcn3:154 L3_Port: RAW GSMTAP hdr->arfcn=0x4033 RxArfcn=0x4033 Uplink=1 Chan=3 Len=1
2026/Jun/08 11:21:43.760778 USER TC_26_8_1_3_4_3.ttcn3:154 L3_Port: RX: 0D 
2026/Jun/08 11:21:43.760783 PORTEVENT TC_26_8_1_3_4_3.ttcn3:154 Message enqueued on L from system octetstring : '0D0001D0B7'O id 83
2026/Jun/08 11:21:43.760786 USER TC_26_8_1_3_4_3.ttcn3:154 L3_Port: Message delivered to TTCN-3
2026/Jun/08 11:21:43.760793 USER TC_26_8_1_3_4_3.ttcn3:154 L3_Port: Received 17 bytes
2026/Jun/08 11:21:43.760798 USER TC_26_8_1_3_4_3.ttcn3:154 L3_Port: RAW GSMTAP hdr->arfcn=0x4033 RxArfcn=0x4033 Uplink=1 Chan=3 Len=1
2026/Jun/08 11:21:43.760802 USER TC_26_8_1_3_4_3.ttcn3:154 L3_Port: RX: 0F 
2026/Jun/08 11:21:43.760806 PORTEVENT TC_26_8_1_3_4_3.ttcn3:154 Message enqueued on L from system octetstring : '0F0001D1A2'O id 84
2026/Jun/08 11:21:43.760812 USER TC_26_8_1_3_4_3.ttcn3:154 L3_Port: Message delivered to TTCN-3
2026/Jun/08 11:21:43.760819 USER TC_26_8_1_3_4_3.ttcn3:154 L3_Port: Received 17 bytes
2026/Jun/08 11:21:43.760832 USER TC_26_8_1_3_4_3.ttcn3:154 L3_Port: RAW GSMTAP hdr->arfcn=0x4033 RxArfcn=0x4033 Uplink=1 Chan=3 Len=1
2026/Jun/08 11:21:43.760836 USER TC_26_8_1_3_4_3.ttcn3:154 L3_Port: RX: 00 
2026/Jun/08 11:21:43.760841 PORTEVENT TC_26_8_1_3_4_3.ttcn3:154 Message enqueued on L from system octetstring : '000001D1A1'O id 85
2026/Jun/08 11:21:43.760844 USER TC_26_8_1_3_4_3.ttcn3:154 L3_Port: Message delivered to TTCN-3
2026/Jun/08 11:21:43.760851 USER TC_26_8_1_3_4_3.ttcn3:154 L3_Port: Received 17 bytes
2026/Jun/08 11:21:43.760859 USER TC_26_8_1_3_4_3.ttcn3:154 L3_Port: RAW GSMTAP hdr->arfcn=0x4033 RxArfcn=0x4033 Uplink=1 Chan=3 Len=1
2026/Jun/08 11:21:43.760864 USER TC_26_8_1_3_4_3.ttcn3:154 L3_Port: RX: 09 
2026/Jun/08 11:21:43.760868 PORTEVENT TC_26_8_1_3_4_3.ttcn3:154 Message enqueued on L from system octetstring : '090001D198'O id 86
2026/Jun/08 11:21:43.760871 USER TC_26_8_1_3_4_3.ttcn3:154 L3_Port: Message delivered to TTCN-3
2026/Jun/08 11:21:43.760879 USER TC_26_8_1_3_4_3.ttcn3:154 L3_Port: Received 17 bytes
2026/Jun/08 11:21:43.760884 USER TC_26_8_1_3_4_3.ttcn3:154 L3_Port: RAW GSMTAP hdr->arfcn=0x4033 RxArfcn=0x4033 Uplink=1 Chan=3 Len=1
2026/Jun/08 11:21:43.760888 USER TC_26_8_1_3_4_3.ttcn3:154 L3_Port: RX: 03 
2026/Jun/08 11:21:43.760893 PORTEVENT TC_26_8_1_3_4_3.ttcn3:154 Message enqueued on L from system octetstring : '030001D1DD'O id 87
2026/Jun/08 11:21:43.760896 USER TC_26_8_1_3_4_3.ttcn3:154 L3_Port: Message delivered to TTCN-3
2026/Jun/08 11:21:43.760903 USER TC_26_8_1_3_4_3.ttcn3:154 L3_Port: Received 17 bytes
2026/Jun/08 11:21:43.760908 USER TC_26_8_1_3_4_3.ttcn3:154 L3_Port: RAW GSMTAP hdr->arfcn=0x4033 RxArfcn=0x4033 Uplink=1 Chan=3 Len=1
2026/Jun/08 11:21:43.760912 USER TC_26_8_1_3_4_3.ttcn3:154 L3_Port: RX: 05 
2026/Jun/08 11:21:43.760917 PORTEVENT TC_26_8_1_3_4_3.ttcn3:154 Message enqueued on L from system octetstring : '050001D1DA'O id 88
2026/Jun/08 11:21:43.760920 USER TC_26_8_1_3_4_3.ttcn3:154 L3_Port: Message delivered to TTCN-3
2026/Jun/08 11:21:43.760927 USER TC_26_8_1_3_4_3.ttcn3:154 L3_Port: Received 17 bytes
2026/Jun/08 11:21:43.760932 USER TC_26_8_1_3_4_3.ttcn3:154 L3_Port: RAW GSMTAP hdr->arfcn=0x4033 RxArfcn=0x4033 Uplink=1 Chan=3 Len=1
2026/Jun/08 11:21:43.760936 USER TC_26_8_1_3_4_3.ttcn3:154 L3_Port: RX: 0E 
2026/Jun/08 11:21:43.760940 PORTEVENT TC_26_8_1_3_4_3.ttcn3:154 Message enqueued on L from system octetstring : '0E0001D278'O id 89
2026/Jun/08 11:21:43.760944 USER TC_26_8_1_3_4_3.ttcn3:154 L3_Port: Message delivered to TTCN-3
2026/Jun/08 11:21:43.760951 USER TC_26_8_1_3_4_3.ttcn3:154 L3_Port: Received 17 bytes
2026/Jun/08 11:21:43.760956 USER TC_26_8_1_3_4_3.ttcn3:154 L3_Port: RAW GSMTAP hdr->arfcn=0x4033 RxArfcn=0x4033 Uplink=1 Chan=3 Len=1
2026/Jun/08 11:21:43.760960 USER TC_26_8_1_3_4_3.ttcn3:154 L3_Port: RX: 0B 
2026/Jun/08 11:21:43.760964 PORTEVENT TC_26_8_1_3_4_3.ttcn3:154 Message enqueued on L from system octetstring : '0B0001D272'O id 90
2026/Jun/08 11:21:43.760967 USER TC_26_8_1_3_4_3.ttcn3:154 L3_Port: Message delivered to TTCN-3
2026/Jun/08 11:21:43.760974 USER TC_26_8_1_3_4_3.ttcn3:154 L3_Port: Received 39 bytes
2026/Jun/08 11:21:43.760980 USER TC_26_8_1_3_4_3.ttcn3:154 L3_Port: RAW GSMTAP hdr->arfcn=0x4033 RxArfcn=0x4033 Uplink=1 Chan=137 Len=23
2026/Jun/08 11:21:43.760986 USER TC_26_8_1_3_4_3.ttcn3:154 L3_Port: RX: 0F 00 01 03 49 06 15 BF 3F 00 00 00 00 00 00 00 00 00 00 00 00 00 00 
2026/Jun/08 11:21:43.760991 PORTEVENT TC_26_8_1_3_4_3.ttcn3:154 Message enqueued on L from system octetstring : '0F000103490615BF3F0000000000000000000000000000'O id 91
2026/Jun/08 11:21:43.760995 USER TC_26_8_1_3_4_3.ttcn3:154 L3_Port: Message delivered to TTCN-3
2026/Jun/08 11:21:43.761002 USER TC_26_8_1_3_4_3.ttcn3:154 L3_Port: Received 39 bytes
2026/Jun/08 11:21:43.761007 USER TC_26_8_1_3_4_3.ttcn3:154 L3_Port: RAW GSMTAP hdr->arfcn=0x4033 RxArfcn=0x4033 Uplink=1 Chan=136 Len=23
2026/Jun/08 11:21:43.761013 USER TC_26_8_1_3_4_3.ttcn3:154 L3_Port: RX: 0E 00 01 03 49 06 15 BF 3F 00 00 00 00 00 00 00 00 00 00 00 00 00 00 
2026/Jun/08 11:21:43.761019 PORTEVENT TC_26_8_1_3_4_3.ttcn3:154 Message enqueued on L from system octetstring : '0E000103490615BF3F0000000000000000000000000000'O id 92
2026/Jun/08 11:21:43.761023 USER TC_26_8_1_3_4_3.ttcn3:154 L3_Port: Message delivered to TTCN-3
2026/Jun/08 11:21:43.761030 USER TC_26_8_1_3_4_3.ttcn3:154 L3_Port: Received 39 bytes
2026/Jun/08 11:21:43.761036 USER TC_26_8_1_3_4_3.ttcn3:154 L3_Port: RAW GSMTAP hdr->arfcn=0x4033 RxArfcn=0x4033 Uplink=1 Chan=136 Len=23
2026/Jun/08 11:21:43.761042 USER TC_26_8_1_3_4_3.ttcn3:154 L3_Port: RX: 0E 00 01 03 49 06 15 BF 3F 00 00 00 00 00 00 00 00 00 00 00 00 00 00 
2026/Jun/08 11:21:43.761050 PORTEVENT TC_26_8_1_3_4_3.ttcn3:154 Message enqueued on L from system octetstring : '0E000103490615BF3F0000000000000000000000000000'O id 93
2026/Jun/08 11:21:43.761054 USER TC_26_8_1_3_4_3.ttcn3:154 L3_Port: Message delivered to TTCN-3
2026/Jun/08 11:21:43.761061 USER TC_26_8_1_3_4_3.ttcn3:154 L3_Port: Received 39 bytes
2026/Jun/08 11:21:43.761066 USER TC_26_8_1_3_4_3.ttcn3:154 L3_Port: RAW GSMTAP hdr->arfcn=0x4033 RxArfcn=0x4033 Uplink=1 Chan=8 Len=23
2026/Jun/08 11:21:43.761072 USER TC_26_8_1_3_4_3.ttcn3:154 L3_Port: RX: 01 53 01 2B 2B 2B 2B 2B 2B 2B 2B 2B 2B 2B 2B 2B 2B 2B 2B 2B 2B 2B 2B 
2026/Jun/08 11:21:43.761078 PORTEVENT TC_26_8_1_3_4_3.ttcn3:154 Message enqueued on L from system octetstring : '0153012B2B2B2B2B2B2B2B2B2B2B2B2B2B2B2B2B2B2B2B'O id 94
2026/Jun/08 11:21:43.761081 USER TC_26_8_1_3_4_3.ttcn3:154 L3_Port: Message delivered to TTCN-3
2026/Jun/08 11:21:43.761091 USER TC_26_8_1_3_4_3.ttcn3:154 L3_Port: Received 39 bytes
2026/Jun/08 11:21:43.761096 USER TC_26_8_1_3_4_3.ttcn3:154 L3_Port: RAW GSMTAP hdr->arfcn=0x4033 RxArfcn=0x4033 Uplink=1 Chan=137 Len=23
2026/Jun/08 11:21:43.761102 USER TC_26_8_1_3_4_3.ttcn3:154 L3_Port: RX: 0F 00 01 03 49 06 15 BF 3F 00 00 00 00 00 00 00 00 00 00 00 00 00 00 
2026/Jun/08 11:21:43.761108 PORTEVENT TC_26_8_1_3_4_3.ttcn3:154 Message enqueued on L from system octetstring : '0F000103490615BF3F0000000000000000000000000000'O id 95
2026/Jun/08 11:21:43.761111 USER TC_26_8_1_3_4_3.ttcn3:154 L3_Port: Message delivered to TTCN-3
2026/Jun/08 11:21:43.761118 USER TC_26_8_1_3_4_3.ttcn3:154 L3_Port: Received 39 bytes
2026/Jun/08 11:21:43.761123 USER TC_26_8_1_3_4_3.ttcn3:154 L3_Port: RAW GSMTAP hdr->arfcn=0x4033 RxArfcn=0x4033 Uplink=1 Chan=9 Len=23
2026/Jun/08 11:21:43.761128 USER TC_26_8_1_3_4_3.ttcn3:154 L3_Port: RX: 03 21 01 2B 2B 2B 2B 2B 2B 2B 2B 2B 2B 2B 2B 2B 2B 2B 2B 2B 2B 2B 2B 
2026/Jun/08 11:21:43.761134 PORTEVENT TC_26_8_1_3_4_3.ttcn3:154 Message enqueued on L from system octetstring : '0321012B2B2B2B2B2B2B2B2B2B2B2B2B2B2B2B2B2B2B2B'O id 96
2026/Jun/08 11:21:43.761137 USER TC_26_8_1_3_4_3.ttcn3:154 L3_Port: Message delivered to TTCN-3
2026/Jun/08 11:21:43.761144 USER TC_26_8_1_3_4_3.ttcn3:154 L3_Port: Received 39 bytes
2026/Jun/08 11:21:43.761149 USER TC_26_8_1_3_4_3.ttcn3:154 L3_Port: RAW GSMTAP hdr->arfcn=0x4033 RxArfcn=0x4033 Uplink=1 Chan=9 Len=23
2026/Jun/08 11:21:43.761154 USER TC_26_8_1_3_4_3.ttcn3:154 L3_Port: RX: 01 53 01 2B 2B 2B 2B 2B 2B 2B 2B 2B 2B 2B 2B 2B 2B 2B 2B 2B 2B 2B 2B 
2026/Jun/08 11:21:43.761160 PORTEVENT TC_26_8_1_3_4_3.ttcn3:154 Message enqueued on L from system octetstring : '0153012B2B2B2B2B2B2B2B2B2B2B2B2B2B2B2B2B2B2B2B'O id 97
2026/Jun/08 11:21:43.761163 USER TC_26_8_1_3_4_3.ttcn3:154 L3_Port: Message delivered to TTCN-3
2026/Jun/08 11:21:43.761170 USER TC_26_8_1_3_4_3.ttcn3:154 L3_Port: Received 39 bytes
2026/Jun/08 11:21:43.761176 USER TC_26_8_1_3_4_3.ttcn3:154 L3_Port: RAW GSMTAP hdr->arfcn=0x4033 RxArfcn=0x4033 Uplink=1 Chan=136 Len=23
2026/Jun/08 11:21:43.761182 USER TC_26_8_1_3_4_3.ttcn3:154 L3_Port: RX: 0E 00 01 03 49 06 15 BF 3F 00 00 00 00 00 00 00 00 00 00 00 00 00 00 
2026/Jun/08 11:21:43.761187 PORTEVENT TC_26_8_1_3_4_3.ttcn3:154 Message enqueued on L from system octetstring : '0E000103490615BF3F0000000000000000000000000000'O id 98
2026/Jun/08 11:21:43.761191 USER TC_26_8_1_3_4_3.ttcn3:154 L3_Port: Message delivered to TTCN-3
2026/Jun/08 11:21:43.761198 USER TC_26_8_1_3_4_3.ttcn3:154 L3_Port: Received 39 bytes
2026/Jun/08 11:21:43.761203 USER TC_26_8_1_3_4_3.ttcn3:154 L3_Port: RAW GSMTAP hdr->arfcn=0x4033 RxArfcn=0x4033 Uplink=1 Chan=136 Len=23
2026/Jun/08 11:21:43.761209 USER TC_26_8_1_3_4_3.ttcn3:154 L3_Port: RX: 0E 00 01 03 49 06 15 BF 3F 00 00 00 00 00 00 00 00 00 00 00 00 00 00 
2026/Jun/08 11:21:43.761214 PORTEVENT TC_26_8_1_3_4_3.ttcn3:154 Message enqueued on L from system octetstring : '0E000103490615BF3F0000000000000000000000000000'O id 99
2026/Jun/08 11:21:43.761218 USER TC_26_8_1_3_4_3.ttcn3:154 L3_Port: Message delivered to TTCN-3
2026/Jun/08 11:21:43.761228 USER TC_26_8_1_3_4_3.ttcn3:154 L3_Port: Received 39 bytes
2026/Jun/08 11:21:43.761233 USER TC_26_8_1_3_4_3.ttcn3:154 L3_Port: RAW GSMTAP hdr->arfcn=0x4033 RxArfcn=0x4033 Uplink=1 Chan=136 Len=23
2026/Jun/08 11:21:43.761239 USER TC_26_8_1_3_4_3.ttcn3:154 L3_Port: RX: 0E 00 01 03 49 06 15 BF 3F 00 00 00 00 00 00 00 00 00 00 00 00 00 00 
2026/Jun/08 11:21:43.761245 PORTEVENT TC_26_8_1_3_4_3.ttcn3:154 Message enqueued on L from system octetstring : '0E000103490615BF3F0000000000000000000000000000'O id 100
2026/Jun/08 11:21:43.761249 USER TC_26_8_1_3_4_3.ttcn3:154 L3_Port: Message delivered to TTCN-3
2026/Jun/08 11:21:43.761256 USER TC_26_8_1_3_4_3.ttcn3:154 L3_Port: Received 39 bytes
2026/Jun/08 11:21:43.761261 USER TC_26_8_1_3_4_3.ttcn3:154 L3_Port: RAW GSMTAP hdr->arfcn=0x4033 RxArfcn=0x4033 Uplink=1 Chan=136 Len=23
2026/Jun/08 11:21:43.761267 USER TC_26_8_1_3_4_3.ttcn3:154 L3_Port: RX: 0E 00 01 03 49 06 15 BF 3F 00 00 00 00 00 00 00 00 00 00 00 00 00 00 
2026/Jun/08 11:21:43.761273 PORTEVENT TC_26_8_1_3_4_3.ttcn3:154 Message enqueued on L from system octetstring : '0E000103490615BF3F0000000000000000000000000000'O id 101
2026/Jun/08 11:21:43.761276 USER TC_26_8_1_3_4_3.ttcn3:154 L3_Port: Message delivered to TTCN-3
2026/Jun/08 11:21:43.761284 USER TC_26_8_1_3_4_3.ttcn3:154 L3_Port: Received 39 bytes
2026/Jun/08 11:21:43.761289 USER TC_26_8_1_3_4_3.ttcn3:154 L3_Port: RAW GSMTAP hdr->arfcn=0x4033 RxArfcn=0x4033 Uplink=1 Chan=136 Len=23
2026/Jun/08 11:21:43.761295 USER TC_26_8_1_3_4_3.ttcn3:154 L3_Port: RX: 0E 00 01 03 49 06 15 BF 3F 00 00 00 00 00 00 00 00 00 00 00 00 00 00 
2026/Jun/08 11:21:43.761301 PORTEVENT TC_26_8_1_3_4_3.ttcn3:154 Message enqueued on L from system octetstring : '0E000103490615BF3F0000000000000000000000000000'O id 102
2026/Jun/08 11:21:43.761305 USER TC_26_8_1_3_4_3.ttcn3:154 L3_Port: Message delivered to TTCN-3
2026/Jun/08 11:21:43.822819 USER TC_26_8_1_3_4_3.ttcn3:154 L3_Port: Received 39 bytes
2026/Jun/08 11:21:43.822883 USER TC_26_8_1_3_4_3.ttcn3:154 L3_Port: RAW GSMTAP hdr->arfcn=0x4033 RxArfcn=0x4033 Uplink=1 Chan=136 Len=23
2026/Jun/08 11:21:43.822892 USER TC_26_8_1_3_4_3.ttcn3:154 L3_Port: RX: 0E 00 01 03 49 06 15 BF 3F 00 00 00 00 00 00 00 00 00 00 00 00 00 00 
2026/Jun/08 11:21:43.822905 PORTEVENT TC_26_8_1_3_4_3.ttcn3:154 Message enqueued on L from system octetstring : '0E000103490615BF3F0000000000000000000000000000'O id 103
2026/Jun/08 11:21:43.822917 USER TC_26_8_1_3_4_3.ttcn3:154 L3_Port: Message delivered to TTCN-3
2026/Jun/08 11:21:44.825036 USER TC_26_8_1_3_4_3.ttcn3:154 L3_Port: Received 39 bytes
2026/Jun/08 11:21:44.825089 USER TC_26_8_1_3_4_3.ttcn3:154 L3_Port: RAW GSMTAP hdr->arfcn=0x4033 RxArfcn=0x4033 Uplink=1 Chan=136 Len=23
2026/Jun/08 11:21:44.825099 USER TC_26_8_1_3_4_3.ttcn3:154 L3_Port: RX: 0E 00 01 03 49 06 15 BF 3F 00 00 00 00 00 00 00 00 00 00 00 00 00 00 
2026/Jun/08 11:21:44.825109 PORTEVENT TC_26_8_1_3_4_3.ttcn3:154 Message enqueued on L from system octetstring : '0E000103490615BF3F0000000000000000000000000000'O id 104
2026/Jun/08 11:21:44.825120 USER TC_26_8_1_3_4_3.ttcn3:154 L3_Port: Message delivered to TTCN-3
2026/Jun/08 11:21:45.826366 USER TC_26_8_1_3_4_3.ttcn3:154 L3_Port: Received 39 bytes
2026/Jun/08 11:21:45.826424 USER TC_26_8_1_3_4_3.ttcn3:154 L3_Port: RAW GSMTAP hdr->arfcn=0x4033 RxArfcn=0x4033 Uplink=1 Chan=136 Len=23
2026/Jun/08 11:21:45.826433 USER TC_26_8_1_3_4_3.ttcn3:154 L3_Port: RX: 0E 00 01 03 49 06 15 BF 3F 00 00 00 00 00 00 00 00 00 00 00 00 00 00 
2026/Jun/08 11:21:45.826445 PORTEVENT TC_26_8_1_3_4_3.ttcn3:154 Message enqueued on L from system octetstring : '0E000103490615BF3F0000000000000000000000000000'O id 105
2026/Jun/08 11:21:45.826456 USER TC_26_8_1_3_4_3.ttcn3:154 L3_Port: Message delivered to TTCN-3
2026/Jun/08 11:21:46.827957 USER TC_26_8_1_3_4_3.ttcn3:154 L3_Port: Received 39 bytes
2026/Jun/08 11:21:46.828019 USER TC_26_8_1_3_4_3.ttcn3:154 L3_Port: RAW GSMTAP hdr->arfcn=0x4033 RxArfcn=0x4033 Uplink=1 Chan=136 Len=23
2026/Jun/08 11:21:46.828028 USER TC_26_8_1_3_4_3.ttcn3:154 L3_Port: RX: 0E 00 01 03 49 06 15 BF 3F 00 00 00 00 00 00 00 00 00 00 00 00 00 00 
2026/Jun/08 11:21:46.828047 PORTEVENT TC_26_8_1_3_4_3.ttcn3:154 Message enqueued on L from system octetstring : '0E000103490615BF3F0000000000000000000000000000'O id 106
2026/Jun/08 11:21:46.828058 USER TC_26_8_1_3_4_3.ttcn3:154 L3_Port: Message delivered to TTCN-3
2026/Jun/08 11:21:47.762014 USER TC_26_8_1_3_4_3.ttcn3:154 MSC_Port: RX: {"type": "HEARTBEAT"}
2026/Jun/08 11:21:47.762100 PORTEVENT TC_26_8_1_3_4_3.ttcn3:154 Message enqueued on MSC from system charstring : "{\"type\": \"HEARTBEAT\"}" id 14
2026/Jun/08 11:21:47.762129 PORTEVENT TC_26_8_1_3_4_3.ttcn3:155 Receive operation on port MSC succeeded, message from system(): charstring : "{\"type\": \"HEARTBEAT\"}" id 14
2026/Jun/08 11:21:47.762142 PORTEVENT TC_26_8_1_3_4_3.ttcn3:155 Message with id 14 was extracted from the queue of MSC.
2026/Jun/08 11:21:47.762149 USER TC_26_8_1_3_4_3.ttcn3:156 TC_26_8_1_3_4_3: (drain) discarding: "{\"type\": \"HEARTBEAT\"}"
2026/Jun/08 11:21:47.830345 USER TC_26_8_1_3_4_3.ttcn3:154 L3_Port: Received 39 bytes
2026/Jun/08 11:21:47.830428 USER TC_26_8_1_3_4_3.ttcn3:154 L3_Port: RAW GSMTAP hdr->arfcn=0x4033 RxArfcn=0x4033 Uplink=1 Chan=136 Len=23
2026/Jun/08 11:21:47.830451 USER TC_26_8_1_3_4_3.ttcn3:154 L3_Port: RX: 0E 00 01 03 49 06 15 BF 3F 00 00 00 00 00 00 00 00 00 00 00 00 00 00 
2026/Jun/08 11:21:47.830473 PORTEVENT TC_26_8_1_3_4_3.ttcn3:154 Message enqueued on L from system octetstring : '0E000103490615BF3F0000000000000000000000000000'O id 107
2026/Jun/08 11:21:47.830493 USER TC_26_8_1_3_4_3.ttcn3:154 L3_Port: Message delivered to TTCN-3
2026/Jun/08 11:21:48.758136 TIMEROP TC_26_8_1_3_4_3.ttcn3:159 Timeout T_drain: 5 s
2026/Jun/08 11:21:48.758201 USER TC_26_8_1_3_4_3.ttcn3:160 TC_26_8_1_3_4_3: drain complete
2026/Jun/08 11:21:48.758234 PORTEVENT TC_26_8_1_3_4_3.ttcn3:163 Sent on MSC to system charstring : "{\"command\": \"CLEAR\", \"params\": {}}"
2026/Jun/08 11:21:48.758307 USER TC_26_8_1_3_4_3.ttcn3:163 MSC_Port: TX: {"command": "CLEAR", "params": {}}
2026/Jun/08 11:21:48.758318 TIMEROP TC_26_8_1_3_4_3.ttcn3:165 Start timer T_settle_init: 2 s
2026/Jun/08 11:21:48.758677 USER TC_26_8_1_3_4_3.ttcn3:166 MSC_Port: RX: {"status": "ok"}
2026/Jun/08 11:21:48.758690 PORTEVENT TC_26_8_1_3_4_3.ttcn3:166 Message enqueued on MSC from system charstring : "{\"status\": \"ok\"}" id 15
2026/Jun/08 11:21:48.834117 USER TC_26_8_1_3_4_3.ttcn3:166 L3_Port: Received 39 bytes
2026/Jun/08 11:21:48.834170 USER TC_26_8_1_3_4_3.ttcn3:166 L3_Port: RAW GSMTAP hdr->arfcn=0x4033 RxArfcn=0x4033 Uplink=1 Chan=136 Len=23
2026/Jun/08 11:21:48.834179 USER TC_26_8_1_3_4_3.ttcn3:166 L3_Port: RX: 0E 00 01 03 49 06 15 BF 3F 00 00 00 00 00 00 00 00 00 00 00 00 00 00 
2026/Jun/08 11:21:48.834193 PORTEVENT TC_26_8_1_3_4_3.ttcn3:166 Message enqueued on L from system octetstring : '0E000103490615BF3F0000000000000000000000000000'O id 108
2026/Jun/08 11:21:48.834204 USER TC_26_8_1_3_4_3.ttcn3:166 L3_Port: Message delivered to TTCN-3
2026/Jun/08 11:21:49.831317 USER TC_26_8_1_3_4_3.ttcn3:166 L3_Port: Received 39 bytes
2026/Jun/08 11:21:49.831395 USER TC_26_8_1_3_4_3.ttcn3:166 L3_Port: RAW GSMTAP hdr->arfcn=0x4033 RxArfcn=0x4033 Uplink=1 Chan=136 Len=23
2026/Jun/08 11:21:49.831420 USER TC_26_8_1_3_4_3.ttcn3:166 L3_Port: RX: 0E 00 01 03 49 06 15 BF 3F 00 00 00 00 00 00 00 00 00 00 00 00 00 00 
2026/Jun/08 11:21:49.831446 PORTEVENT TC_26_8_1_3_4_3.ttcn3:166 Message enqueued on L from system octetstring : '0E000103490615BF3F0000000000000000000000000000'O id 109
2026/Jun/08 11:21:49.831469 USER TC_26_8_1_3_4_3.ttcn3:166 L3_Port: Message delivered to TTCN-3
2026/Jun/08 11:21:50.758334 TIMEROP TC_26_8_1_3_4_3.ttcn3:166 Timeout T_settle_init: 2 s
2026/Jun/08 11:21:50.758395 USER TC_26_8_1_3_4_3.ttcn3:169 *** Phase 1: Waiting for LU REQUEST (T_lu_wait=45s) ***
2026/Jun/08 11:21:50.758418 TIMEROP TC_26_8_1_3_4_3.ttcn3:171 Start timer T_lu_wait: 45 s
2026/Jun/08 11:21:50.758437 PORTEVENT TC_26_8_1_3_4_3.ttcn3:173 Receive operation on port MSC succeeded, message from system(): charstring : "{\"status\": \"ok\"}" id 15
2026/Jun/08 11:21:50.758450 PORTEVENT TC_26_8_1_3_4_3.ttcn3:173 Message with id 15 was extracted from the queue of MSC.
2026/Jun/08 11:21:50.758645 USER TC_26_8_1_3_4_3.ttcn3:182 TC_26_8_1_3_4_3: (LU wait) ignoring: "{\"status\": \"ok\"}"
2026/Jun/08 11:21:50.833596 USER TC_26_8_1_3_4_3.ttcn3:172 L3_Port: Received 39 bytes
2026/Jun/08 11:21:50.833650 USER TC_26_8_1_3_4_3.ttcn3:172 L3_Port: RAW GSMTAP hdr->arfcn=0x4033 RxArfcn=0x4033 Uplink=1 Chan=136 Len=23
2026/Jun/08 11:21:50.833659 USER TC_26_8_1_3_4_3.ttcn3:172 L3_Port: RX: 0E 00 01 03 49 06 15 BF 3F 00 00 00 00 00 00 00 00 00 00 00 00 00 00 
2026/Jun/08 11:21:50.833673 PORTEVENT TC_26_8_1_3_4_3.ttcn3:172 Message enqueued on L from system octetstring : '0E000103490615BF3F0000000000000000000000000000'O id 110
2026/Jun/08 11:21:50.833691 USER TC_26_8_1_3_4_3.ttcn3:172 L3_Port: Message delivered to TTCN-3
2026/Jun/08 11:21:51.893304 USER TC_26_8_1_3_4_3.ttcn3:172 L3_Port: Received 39 bytes
2026/Jun/08 11:21:51.893359 USER TC_26_8_1_3_4_3.ttcn3:172 L3_Port: RAW GSMTAP hdr->arfcn=0x4033 RxArfcn=0x4033 Uplink=1 Chan=136 Len=23
2026/Jun/08 11:21:51.893369 USER TC_26_8_1_3_4_3.ttcn3:172 L3_Port: RX: 0E 00 01 03 49 06 15 BF 3F 00 00 00 00 00 00 00 00 00 00 00 00 00 00 
2026/Jun/08 11:21:51.893380 PORTEVENT TC_26_8_1_3_4_3.ttcn3:172 Message enqueued on L from system octetstring : '0E000103490615BF3F0000000000000000000000000000'O id 111
2026/Jun/08 11:21:51.893393 USER TC_26_8_1_3_4_3.ttcn3:172 L3_Port: Message delivered to TTCN-3
2026/Jun/08 11:21:52.834571 USER TC_26_8_1_3_4_3.ttcn3:172 L3_Port: Received 39 bytes
2026/Jun/08 11:21:52.834625 USER TC_26_8_1_3_4_3.ttcn3:172 L3_Port: RAW GSMTAP hdr->arfcn=0x4033 RxArfcn=0x4033 Uplink=1 Chan=136 Len=23
2026/Jun/08 11:21:52.834634 USER TC_26_8_1_3_4_3.ttcn3:172 L3_Port: RX: 0E 00 01 03 49 06 15 BF 3F 00 00 00 00 00 00 00 00 00 00 00 00 00 00 
2026/Jun/08 11:21:52.834647 PORTEVENT TC_26_8_1_3_4_3.ttcn3:172 Message enqueued on L from system octetstring : '0E000103490615BF3F0000000000000000000000000000'O id 112
2026/Jun/08 11:21:52.834660 USER TC_26_8_1_3_4_3.ttcn3:172 L3_Port: Message delivered to TTCN-3
2026/Jun/08 11:21:53.070404 USER TC_26_8_1_3_4_3.ttcn3:172 L3_Port: Received 17 bytes
2026/Jun/08 11:21:53.070460 USER TC_26_8_1_3_4_3.ttcn3:172 L3_Port: RAW GSMTAP hdr->arfcn=0x4033 RxArfcn=0x4033 Uplink=1 Chan=3 Len=1
2026/Jun/08 11:21:53.070467 USER TC_26_8_1_3_4_3.ttcn3:172 L3_Port: RX: 0A 
2026/Jun/08 11:21:53.070479 PORTEVENT TC_26_8_1_3_4_3.ttcn3:172 Message enqueued on L from system octetstring : '0A0001DE99'O id 113
2026/Jun/08 11:21:53.070492 USER TC_26_8_1_3_4_3.ttcn3:172 L3_Port: Message delivered to TTCN-3
2026/Jun/08 11:21:53.081154 USER TC_26_8_1_3_4_3.ttcn3:172 L3_Port: Received 17 bytes
2026/Jun/08 11:21:53.081200 USER TC_26_8_1_3_4_3.ttcn3:172 L3_Port: RAW GSMTAP hdr->arfcn=0x4033 RxArfcn=0x4033 Uplink=1 Chan=3 Len=1
2026/Jun/08 11:21:53.081207 USER TC_26_8_1_3_4_3.ttcn3:172 L3_Port: RX: 0C 
2026/Jun/08 11:21:53.081217 PORTEVENT TC_26_8_1_3_4_3.ttcn3:172 Message enqueued on L from system octetstring : '0C0001E008'O id 114
2026/Jun/08 11:21:53.081228 USER TC_26_8_1_3_4_3.ttcn3:172 L3_Port: Message delivered to TTCN-3
2026/Jun/08 11:21:53.099090 USER TC_26_8_1_3_4_3.ttcn3:172 L3_Port: Received 39 bytes
2026/Jun/08 11:21:53.099144 USER TC_26_8_1_3_4_3.ttcn3:172 L3_Port: RAW GSMTAP hdr->arfcn=0x4033 RxArfcn=0x4033 Uplink=1 Chan=135 Len=23
2026/Jun/08 11:21:53.099153 USER TC_26_8_1_3_4_3.ttcn3:172 L3_Port: RX: 0E 00 01 03 49 06 15 80 40 00 00 00 00 00 00 00 00 00 00 00 00 00 00 
2026/Jun/08 11:21:53.099164 PORTEVENT TC_26_8_1_3_4_3.ttcn3:172 Message enqueued on L from system octetstring : '0E00010349061580400000000000000000000000000000'O id 115
2026/Jun/08 11:21:53.099174 USER TC_26_8_1_3_4_3.ttcn3:172 L3_Port: Message delivered to TTCN-3
2026/Jun/08 11:21:53.099489 USER TC_26_8_1_3_4_3.ttcn3:172 L3_Port: Received 39 bytes
2026/Jun/08 11:21:53.099497 USER TC_26_8_1_3_4_3.ttcn3:172 L3_Port: RAW GSMTAP hdr->arfcn=0x4033 RxArfcn=0x4033 Uplink=1 Chan=7 Len=23
2026/Jun/08 11:21:53.099503 USER TC_26_8_1_3_4_3.ttcn3:172 L3_Port: RX: 01 3F 49 05 08 70 09 F1 07 00 00 33 08 99 10 07 00 00 00 00 10 2B 2B 
2026/Jun/08 11:21:53.099515 PORTEVENT TC_26_8_1_3_4_3.ttcn3:172 Message enqueued on L from system octetstring : '013F4905087009F1070000330899100700000000102B2B'O id 116
2026/Jun/08 11:21:53.099521 USER TC_26_8_1_3_4_3.ttcn3:172 L3_Port: Message delivered to TTCN-3
2026/Jun/08 11:21:53.100712 USER TC_26_8_1_3_4_3.ttcn3:172 MSC_Port: RX: {"type": "EVENT_LU_REQUEST", "bsc_slr": 14, "msc_slr": 5, "cksn": 0, "lu_type": 7, "old_mcc": "901", "old_mnc": "70", "old_lac": 0, "mi_type": "imsi"}
2026/Jun/08 11:21:53.100742 PORTEVENT TC_26_8_1_3_4_3.ttcn3:172 Message enqueued on MSC from system charstring : "{\"type\": \"EVENT_LU_REQUEST\", \"bsc_slr\": 14, \"msc_slr\": 5, \"cksn\": 0, \"lu_type\": 7, \"old_mcc\": \"901\", \"old_mnc\": \"70\", \"old_lac\": 0, \"mi_type\": \"imsi\"}" id 16
2026/Jun/08 11:21:53.100760 PORTEVENT TC_26_8_1_3_4_3.ttcn3:173 Receive operation on port MSC succeeded, message from system(): charstring : "{\"type\": \"EVENT_LU_REQUEST\", \"bsc_slr\": 14, \"msc_slr\": 5, \"cksn\": 0, \"lu_type\": 7, \"old_mcc\": \"901\", \"old_mnc\": \"70\", \"old_lac\": 0, \"mi_type\": \"imsi\"}" id 16
2026/Jun/08 11:21:53.100768 PORTEVENT TC_26_8_1_3_4_3.ttcn3:173 Message with id 16 was extracted from the queue of MSC.
2026/Jun/08 11:21:53.100923 USER GSM_Functions.ttcn3:365 f_extractJsonInt: Searching for key '"bsc_slr"' in JSON: "{\"type\": \"EVENT_LU_REQUEST\", \"bsc_slr\": 14, \"msc_slr\": 5, \"cksn\": 0, \"lu_type\": 7, \"old_mcc\": \"901\", \"old_mnc\": \"70\", \"old_lac\": 0, \"mi_type\": \"imsi\"}"
2026/Jun/08 11:21:53.100992 USER GSM_Functions.ttcn3:372 f_extractJsonInt: Found key at position 29 (pattern: "\"bsc_slr\":")
2026/Jun/08 11:21:53.101040 USER GSM_Functions.ttcn3:422 f_extractJsonInt: Extracted number string '"14"' => integer 14
2026/Jun/08 11:21:53.101052 USER TC_26_8_1_3_4_3.ttcn3:176 TC_26_8_1_3_4_3: LU REQUEST received, bsc_slr=14
2026/Jun/08 11:21:53.101066 TIMEROP TC_26_8_1_3_4_3.ttcn3:178 Stop timer T_lu_wait: 45 s
2026/Jun/08 11:21:53.101079 USER TC_26_8_1_3_4_3.ttcn3:196 TC_26_8_1_3_4_3: Sending LU ACCEPT (mcc=901, mnc=70, lac=4242, tmsi=305419896)
2026/Jun/08 11:21:53.101099 PORTEVENT TC_26_8_1_3_4_3.ttcn3:197 Sent on MSC to system charstring : "{\"command\": \"CMD_SEND_LU_ACCEPT_CUSTOM\", \"params\": {\"bsc_slr\": 14, \"mcc\": \"901\", \"mnc\": \"70\", \"lac\": 4242, \"tmsi\": 305419896}}"
2026/Jun/08 11:21:53.101136 USER TC_26_8_1_3_4_3.ttcn3:197 MSC_Port: TX: {"command": "CMD_SEND_LU_ACCEPT_CUSTOM", "params": {"bsc_slr": 14, "mcc": "901", "mnc": "70", "lac": 4242, "tmsi": 305419896}}
2026/Jun/08 11:21:53.101144 TIMEROP TC_26_8_1_3_4_3.ttcn3:204 Start timer T_tmsi: 10 s
2026/Jun/08 11:21:53.602357 USER TC_26_8_1_3_4_3.ttcn3:205 MSC_Port: RX: {"status": "ok", "sent": true}
2026/Jun/08 11:21:53.602435 PORTEVENT TC_26_8_1_3_4_3.ttcn3:205 Message enqueued on MSC from system charstring : "{\"status\": \"ok\", \"sent\": true}" id 17
2026/Jun/08 11:21:53.602470 PORTEVENT TC_26_8_1_3_4_3.ttcn3:206 Receive operation on port MSC succeeded, message from system(): charstring : "{\"status\": \"ok\", \"sent\": true}" id 17
2026/Jun/08 11:21:53.602484 PORTEVENT TC_26_8_1_3_4_3.ttcn3:206 Message with id 17 was extracted from the queue of MSC.
2026/Jun/08 11:21:53.602646 USER TC_26_8_1_3_4_3.ttcn3:214 TC_26_8_1_3_4_3: (TMSI wait) ignoring: "{\"status\": \"ok\", \"sent\": true}"
2026/Jun/08 11:21:53.704950 USER TC_26_8_1_3_4_3.ttcn3:205 L3_Port: Received 39 bytes
2026/Jun/08 11:21:53.705038 USER TC_26_8_1_3_4_3.ttcn3:205 L3_Port: RAW GSMTAP hdr->arfcn=0x4033 RxArfcn=0x4033 Uplink=1 Chan=7 Len=23
2026/Jun/08 11:21:53.705061 USER TC_26_8_1_3_4_3.ttcn3:205 L3_Port: RX: 03 21 01 2B 2B 2B 2B 2B 2B 2B 2B 2B 2B 2B 2B 2B 2B 2B 2B 2B 2B 2B 2B 
2026/Jun/08 11:21:53.705085 PORTEVENT TC_26_8_1_3_4_3.ttcn3:205 Message enqueued on L from system octetstring : '0321012B2B2B2B2B2B2B2B2B2B2B2B2B2B2B2B2B2B2B2B'O id 117
2026/Jun/08 11:21:53.705104 USER TC_26_8_1_3_4_3.ttcn3:205 L3_Port: Message delivered to TTCN-3
2026/Jun/08 11:21:53.705390 USER TC_26_8_1_3_4_3.ttcn3:205 L3_Port: Received 39 bytes
2026/Jun/08 11:21:53.705428 USER TC_26_8_1_3_4_3.ttcn3:205 L3_Port: RAW GSMTAP hdr->arfcn=0x4033 RxArfcn=0x4033 Uplink=1 Chan=7 Len=23
2026/Jun/08 11:21:53.705446 USER TC_26_8_1_3_4_3.ttcn3:205 L3_Port: RX: 01 20 09 05 5B 2B 2B 2B 2B 2B 2B 2B 2B 2B 2B 2B 2B 2B 2B 2B 2B 2B 2B 
2026/Jun/08 11:21:53.705461 PORTEVENT TC_26_8_1_3_4_3.ttcn3:205 Message enqueued on L from system octetstring : '012009055B2B2B2B2B2B2B2B2B2B2B2B2B2B2B2B2B2B2B'O id 118
2026/Jun/08 11:21:53.705475 USER TC_26_8_1_3_4_3.ttcn3:205 L3_Port: Message delivered to TTCN-3
2026/Jun/08 11:21:53.706786 USER TC_26_8_1_3_4_3.ttcn3:205 MSC_Port: RX: {"type": "EVENT_DTAP", "bsc_slr": 5, "pd": 5, "msg_type": 27}
2026/Jun/08 11:21:53.706841 PORTEVENT TC_26_8_1_3_4_3.ttcn3:205 Message enqueued on MSC from system charstring : "{\"type\": \"EVENT_DTAP\", \"bsc_slr\": 5, \"pd\": 5, \"msg_type\": 27}" id 18
2026/Jun/08 11:21:53.706872 PORTEVENT TC_26_8_1_3_4_3.ttcn3:206 Receive operation on port MSC succeeded, message from system(): charstring : "{\"type\": \"EVENT_DTAP\", \"bsc_slr\": 5, \"pd\": 5, \"msg_type\": 27}" id 18
2026/Jun/08 11:21:53.706888 PORTEVENT TC_26_8_1_3_4_3.ttcn3:206 Message with id 18 was extracted from the queue of MSC.
2026/Jun/08 11:21:53.707096 USER TC_26_8_1_3_4_3.ttcn3:214 TC_26_8_1_3_4_3: (TMSI wait) ignoring: "{\"type\": \"EVENT_DTAP\", \"bsc_slr\": 5, \"pd\": 5, \"msg_type\": 27}"
2026/Jun/08 11:21:53.707141 USER TC_26_8_1_3_4_3.ttcn3:205 MSC_Port: RX: {"type": "EVENT_TMSI_REALLOC_COMPLETE", "bsc_slr": 5}
2026/Jun/08 11:21:53.707163 PORTEVENT TC_26_8_1_3_4_3.ttcn3:205 Message enqueued on MSC from system charstring : "{\"type\": \"EVENT_TMSI_REALLOC_COMPLETE\", \"bsc_slr\": 5}" id 19
2026/Jun/08 11:21:53.707183 PORTEVENT TC_26_8_1_3_4_3.ttcn3:206 Receive operation on port MSC succeeded, message from system(): charstring : "{\"type\": \"EVENT_TMSI_REALLOC_COMPLETE\", \"bsc_slr\": 5}" id 19
2026/Jun/08 11:21:53.707195 PORTEVENT TC_26_8_1_3_4_3.ttcn3:206 Message with id 19 was extracted from the queue of MSC.
2026/Jun/08 11:21:53.707530 USER TC_26_8_1_3_4_3.ttcn3:209 TC_26_8_1_3_4_3: TMSI REALLOC COMPLETE -- MS now in idle-updated
2026/Jun/08 11:21:53.707549 TIMEROP TC_26_8_1_3_4_3.ttcn3:210 Stop timer T_tmsi: 10 s
2026/Jun/08 11:21:53.707580 PORTEVENT TC_26_8_1_3_4_3.ttcn3:224 Sent on MSC to system charstring : "{\"command\": \"CMD_SEND_CLEAR_CMD\", \"params\": {\"bsc_slr\": 14, \"cause\": 0}}"
2026/Jun/08 11:21:53.707668 USER TC_26_8_1_3_4_3.ttcn3:224 MSC_Port: TX: {"command": "CMD_SEND_CLEAR_CMD", "params": {"bsc_slr": 14, "cause": 0}}
2026/Jun/08 11:21:53.707687 USER TC_26_8_1_3_4_3.ttcn3:228 TC_26_8_1_3_4_3: Waiting 25s for MS to settle in idle-updated state...
2026/Jun/08 11:21:53.707700 TIMEROP TC_26_8_1_3_4_3.ttcn3:230 Start timer T_lu_settle: 25 s
2026/Jun/08 11:21:53.708379 USER TC_26_8_1_3_4_3.ttcn3:231 MSC_Port: RX: {"status": "ok"}
2026/Jun/08 11:21:53.708406 PORTEVENT TC_26_8_1_3_4_3.ttcn3:231 Message enqueued on MSC from system charstring : "{\"status\": \"ok\"}" id 20
2026/Jun/08 11:21:53.708429 PORTEVENT TC_26_8_1_3_4_3.ttcn3:232 Receive operation on port MSC succeeded, message from system(): charstring : "{\"status\": \"ok\"}" id 20
2026/Jun/08 11:21:53.708443 PORTEVENT TC_26_8_1_3_4_3.ttcn3:232 Message with id 20 was extracted from the queue of MSC.
2026/Jun/08 11:21:53.708490 USER TC_26_8_1_3_4_3.ttcn3:236 TC_26_8_1_3_4_3: (post-LU settle) "{\"status\": \"ok\"}"
2026/Jun/08 11:21:53.733648 USER TC_26_8_1_3_4_3.ttcn3:231 L3_Port: Received 17 bytes
2026/Jun/08 11:21:53.733702 USER TC_26_8_1_3_4_3.ttcn3:231 L3_Port: RAW GSMTAP hdr->arfcn=0x4033 RxArfcn=0x4033 Uplink=1 Chan=3 Len=1
2026/Jun/08 11:21:53.733719 USER TC_26_8_1_3_4_3.ttcn3:231 L3_Port: RX: 0D 
2026/Jun/08 11:21:53.733737 PORTEVENT TC_26_8_1_3_4_3.ttcn3:231 Message enqueued on L from system octetstring : '0D0001DF04'O id 119
2026/Jun/08 11:21:53.733753 USER TC_26_8_1_3_4_3.ttcn3:231 L3_Port: Message delivered to TTCN-3
2026/Jun/08 11:21:53.742169 USER TC_26_8_1_3_4_3.ttcn3:231 L3_Port: Received 39 bytes
2026/Jun/08 11:21:53.742239 USER TC_26_8_1_3_4_3.ttcn3:231 L3_Port: RAW GSMTAP hdr->arfcn=0x4033 RxArfcn=0x4033 Uplink=1 Chan=7 Len=23
2026/Jun/08 11:21:53.742273 USER TC_26_8_1_3_4_3.ttcn3:231 L3_Port: RX: 03 29 01 2B 2B 2B 2B 2B 2B 2B 2B 2B 2B 2B 2B 2B 2B 2B 2B 2B 2B 2B 2B 
2026/Jun/08 11:21:53.742294 PORTEVENT TC_26_8_1_3_4_3.ttcn3:231 Message enqueued on L from system octetstring : '0329012B2B2B2B2B2B2B2B2B2B2B2B2B2B2B2B2B2B2B2B'O id 120
2026/Jun/08 11:21:53.742313 USER TC_26_8_1_3_4_3.ttcn3:231 L3_Port: Message delivered to TTCN-3
2026/Jun/08 11:21:53.742338 USER TC_26_8_1_3_4_3.ttcn3:231 L3_Port: Received 17 bytes
2026/Jun/08 11:21:53.742355 USER TC_26_8_1_3_4_3.ttcn3:231 L3_Port: RAW GSMTAP hdr->arfcn=0x4033 RxArfcn=0x4033 Uplink=1 Chan=3 Len=1
2026/Jun/08 11:21:53.742367 USER TC_26_8_1_3_4_3.ttcn3:231 L3_Port: RX: 0E 
2026/Jun/08 11:21:53.742380 PORTEVENT TC_26_8_1_3_4_3.ttcn3:231 Message enqueued on L from system octetstring : '0E0001E00C'O id 121
2026/Jun/08 11:21:53.742392 USER TC_26_8_1_3_4_3.ttcn3:231 L3_Port: Message delivered to TTCN-3
2026/Jun/08 11:21:53.748935 USER TC_26_8_1_3_4_3.ttcn3:231 MSC_Port: RX: {"type": "EVENT_BSSMAP_CLEAR_COMPLETE", "bsc_slr": 5}
2026/Jun/08 11:21:53.748999 PORTEVENT TC_26_8_1_3_4_3.ttcn3:231 Message enqueued on MSC from system charstring : "{\"type\": \"EVENT_BSSMAP_CLEAR_COMPLETE\", \"bsc_slr\": 5}" id 21
2026/Jun/08 11:21:53.749032 PORTEVENT TC_26_8_1_3_4_3.ttcn3:232 Receive operation on port MSC succeeded, message from system(): charstring : "{\"type\": \"EVENT_BSSMAP_CLEAR_COMPLETE\", \"bsc_slr\": 5}" id 21
2026/Jun/08 11:21:53.749049 PORTEVENT TC_26_8_1_3_4_3.ttcn3:232 Message with id 21 was extracted from the queue of MSC.
2026/Jun/08 11:21:53.749123 USER TC_26_8_1_3_4_3.ttcn3:236 TC_26_8_1_3_4_3: (post-LU settle) "{\"type\": \"EVENT_BSSMAP_CLEAR_COMPLETE\", \"bsc_slr\": 5}"
2026/Jun/08 11:21:53.751672 USER TC_26_8_1_3_4_3.ttcn3:231 L3_Port: Received 17 bytes
2026/Jun/08 11:21:53.751732 USER TC_26_8_1_3_4_3.ttcn3:231 L3_Port: RAW GSMTAP hdr->arfcn=0x4033 RxArfcn=0x4033 Uplink=1 Chan=3 Len=1
2026/Jun/08 11:21:53.751749 USER TC_26_8_1_3_4_3.ttcn3:231 L3_Port: RX: 04 
2026/Jun/08 11:21:53.751767 PORTEVENT TC_26_8_1_3_4_3.ttcn3:231 Message enqueued on L from system octetstring : '040001E008'O id 122
2026/Jun/08 11:21:53.751784 USER TC_26_8_1_3_4_3.ttcn3:231 L3_Port: Message delivered to TTCN-3
2026/Jun/08 11:21:53.760727 USER TC_26_8_1_3_4_3.ttcn3:231 L3_Port: Received 17 bytes
2026/Jun/08 11:21:53.760784 USER TC_26_8_1_3_4_3.ttcn3:231 L3_Port: RAW GSMTAP hdr->arfcn=0x4033 RxArfcn=0x4033 Uplink=1 Chan=3 Len=1
2026/Jun/08 11:21:53.760798 USER TC_26_8_1_3_4_3.ttcn3:231 L3_Port: RX: 0C 
2026/Jun/08 11:21:53.760815 PORTEVENT TC_26_8_1_3_4_3.ttcn3:231 Message enqueued on L from system octetstring : '0C0001E00E'O id 123
2026/Jun/08 11:21:53.760852 USER TC_26_8_1_3_4_3.ttcn3:231 L3_Port: Message delivered to TTCN-3
2026/Jun/08 11:21:53.777941 USER TC_26_8_1_3_4_3.ttcn3:231 L3_Port: Received 17 bytes
2026/Jun/08 11:21:53.778014 USER TC_26_8_1_3_4_3.ttcn3:231 L3_Port: RAW GSMTAP hdr->arfcn=0x4033 RxArfcn=0x4033 Uplink=1 Chan=3 Len=1
2026/Jun/08 11:21:53.778029 USER TC_26_8_1_3_4_3.ttcn3:231 L3_Port: RX: 04 
2026/Jun/08 11:21:53.778046 PORTEVENT TC_26_8_1_3_4_3.ttcn3:231 Message enqueued on L from system octetstring : '040001E002'O id 124
2026/Jun/08 11:21:53.778063 USER TC_26_8_1_3_4_3.ttcn3:231 L3_Port: Message delivered to TTCN-3
2026/Jun/08 11:21:53.779417 USER TC_26_8_1_3_4_3.ttcn3:231 L3_Port: Received 17 bytes
2026/Jun/08 11:21:53.779458 USER TC_26_8_1_3_4_3.ttcn3:231 L3_Port: RAW GSMTAP hdr->arfcn=0x4033 RxArfcn=0x4033 Uplink=1 Chan=3 Len=1
2026/Jun/08 11:21:53.779473 USER TC_26_8_1_3_4_3.ttcn3:231 L3_Port: RX: 00 
2026/Jun/08 11:21:53.779489 PORTEVENT TC_26_8_1_3_4_3.ttcn3:231 Message enqueued on L from system octetstring : '000001E02F'O id 125
2026/Jun/08 11:21:53.779507 USER TC_26_8_1_3_4_3.ttcn3:231 L3_Port: Message delivered to TTCN-3
2026/Jun/08 11:21:53.785583 USER TC_26_8_1_3_4_3.ttcn3:231 L3_Port: Received 17 bytes
2026/Jun/08 11:21:53.785617 USER TC_26_8_1_3_4_3.ttcn3:231 L3_Port: RAW GSMTAP hdr->arfcn=0x4033 RxArfcn=0x4033 Uplink=1 Chan=3 Len=1
2026/Jun/08 11:21:53.785654 USER TC_26_8_1_3_4_3.ttcn3:231 L3_Port: RX: 03 
2026/Jun/08 11:21:53.785671 PORTEVENT TC_26_8_1_3_4_3.ttcn3:231 Message enqueued on L from system octetstring : '030001DFFB'O id 126
2026/Jun/08 11:21:53.785688 USER TC_26_8_1_3_4_3.ttcn3:231 L3_Port: Message delivered to TTCN-3
2026/Jun/08 11:21:53.786631 USER TC_26_8_1_3_4_3.ttcn3:231 L3_Port: Received 17 bytes
2026/Jun/08 11:21:53.786693 USER TC_26_8_1_3_4_3.ttcn3:231 L3_Port: RAW GSMTAP hdr->arfcn=0x4033 RxArfcn=0x4033 Uplink=1 Chan=3 Len=1
2026/Jun/08 11:21:53.786710 USER TC_26_8_1_3_4_3.ttcn3:231 L3_Port: RX: 0C 
2026/Jun/08 11:21:53.786729 PORTEVENT TC_26_8_1_3_4_3.ttcn3:231 Message enqueued on L from system octetstring : '0C0001E098'O id 127
2026/Jun/08 11:21:53.786749 USER TC_26_8_1_3_4_3.ttcn3:231 L3_Port: Message delivered to TTCN-3
2026/Jun/08 11:21:53.831920 USER TC_26_8_1_3_4_3.ttcn3:231 L3_Port: Received 39 bytes
2026/Jun/08 11:21:53.831976 USER TC_26_8_1_3_4_3.ttcn3:231 L3_Port: RAW GSMTAP hdr->arfcn=0x4033 RxArfcn=0x4033 Uplink=1 Chan=136 Len=23
2026/Jun/08 11:21:53.831986 USER TC_26_8_1_3_4_3.ttcn3:231 L3_Port: RX: 0E 00 01 03 49 06 15 BF 3F 00 00 00 00 00 00 00 00 00 00 00 00 00 00 
2026/Jun/08 11:21:53.831999 PORTEVENT TC_26_8_1_3_4_3.ttcn3:231 Message enqueued on L from system octetstring : '0E000103490615BF3F0000000000000000000000000000'O id 128
2026/Jun/08 11:21:53.832010 USER TC_26_8_1_3_4_3.ttcn3:231 L3_Port: Message delivered to TTCN-3
2026/Jun/08 11:21:53.911394 USER TC_26_8_1_3_4_3.ttcn3:231 L3_Port: Received 39 bytes
2026/Jun/08 11:21:53.911445 USER TC_26_8_1_3_4_3.ttcn3:231 L3_Port: RAW GSMTAP hdr->arfcn=0x4033 RxArfcn=0x4033 Uplink=1 Chan=8 Len=23
2026/Jun/08 11:21:53.911454 USER TC_26_8_1_3_4_3.ttcn3:231 L3_Port: RX: 01 53 01 2B 2B 2B 2B 2B 2B 2B 2B 2B 2B 2B 2B 2B 2B 2B 2B 2B 2B 2B 2B 
2026/Jun/08 11:21:53.911465 PORTEVENT TC_26_8_1_3_4_3.ttcn3:231 Message enqueued on L from system octetstring : '0153012B2B2B2B2B2B2B2B2B2B2B2B2B2B2B2B2B2B2B2B'O id 129
2026/Jun/08 11:21:53.911477 USER TC_26_8_1_3_4_3.ttcn3:231 L3_Port: Message delivered to TTCN-3
2026/Jun/08 11:21:53.923586 USER TC_26_8_1_3_4_3.ttcn3:231 L3_Port: Received 39 bytes
2026/Jun/08 11:21:53.923627 USER TC_26_8_1_3_4_3.ttcn3:231 L3_Port: RAW GSMTAP hdr->arfcn=0x4033 RxArfcn=0x4033 Uplink=1 Chan=8 Len=23
2026/Jun/08 11:21:53.923636 USER TC_26_8_1_3_4_3.ttcn3:231 L3_Port: RX: 01 3F 49 05 08 70 09 F1 07 00 00 33 08 99 10 07 00 00 00 00 10 2B 2B 
2026/Jun/08 11:21:53.923646 PORTEVENT TC_26_8_1_3_4_3.ttcn3:231 Message enqueued on L from system octetstring : '013F4905087009F1070000330899100700000000102B2B'O id 130
2026/Jun/08 11:21:53.923655 USER TC_26_8_1_3_4_3.ttcn3:231 L3_Port: Message delivered to TTCN-3
2026/Jun/08 11:21:53.924008 USER TC_26_8_1_3_4_3.ttcn3:231 L3_Port: Received 39 bytes
2026/Jun/08 11:21:53.924038 USER TC_26_8_1_3_4_3.ttcn3:231 L3_Port: RAW GSMTAP hdr->arfcn=0x4033 RxArfcn=0x4033 Uplink=1 Chan=136 Len=23
2026/Jun/08 11:21:53.924047 USER TC_26_8_1_3_4_3.ttcn3:231 L3_Port: RX: 0E 00 01 03 49 06 15 80 40 00 00 00 00 00 00 00 00 00 00 00 00 00 00 
2026/Jun/08 11:21:53.924055 PORTEVENT TC_26_8_1_3_4_3.ttcn3:231 Message enqueued on L from system octetstring : '0E00010349061580400000000000000000000000000000'O id 131
2026/Jun/08 11:21:53.924062 USER TC_26_8_1_3_4_3.ttcn3:231 L3_Port: Message delivered to TTCN-3
2026/Jun/08 11:21:53.929931 USER TC_26_8_1_3_4_3.ttcn3:231 L3_Port: Received 39 bytes
2026/Jun/08 11:21:53.929955 USER TC_26_8_1_3_4_3.ttcn3:231 L3_Port: RAW GSMTAP hdr->arfcn=0x4033 RxArfcn=0x4033 Uplink=1 Chan=7 Len=23
2026/Jun/08 11:21:53.929963 USER TC_26_8_1_3_4_3.ttcn3:231 L3_Port: RX: 03 41 01 2B 2B 2B 2B 2B 2B 2B 2B 2B 2B 2B 2B 2B 2B 2B 2B 2B 2B 2B 2B 
2026/Jun/08 11:21:53.929970 PORTEVENT TC_26_8_1_3_4_3.ttcn3:231 Message enqueued on L from system octetstring : '0341012B2B2B2B2B2B2B2B2B2B2B2B2B2B2B2B2B2B2B2B'O id 132
2026/Jun/08 11:21:53.929977 USER TC_26_8_1_3_4_3.ttcn3:231 L3_Port: Message delivered to TTCN-3
2026/Jun/08 11:21:53.930347 USER TC_26_8_1_3_4_3.ttcn3:231 L3_Port: Received 39 bytes
2026/Jun/08 11:21:53.930362 USER TC_26_8_1_3_4_3.ttcn3:231 L3_Port: RAW GSMTAP hdr->arfcn=0x4033 RxArfcn=0x4033 Uplink=1 Chan=7 Len=23
2026/Jun/08 11:21:53.930368 USER TC_26_8_1_3_4_3.ttcn3:231 L3_Port: RX: 01 53 01 2B 2B 2B 2B 2B 2B 2B 2B 2B 2B 2B 2B 2B 2B 2B 2B 2B 2B 2B 2B 
2026/Jun/08 11:21:53.930374 PORTEVENT TC_26_8_1_3_4_3.ttcn3:231 Message enqueued on L from system octetstring : '0153012B2B2B2B2B2B2B2B2B2B2B2B2B2B2B2B2B2B2B2B'O id 133
2026/Jun/08 11:21:53.930379 USER TC_26_8_1_3_4_3.ttcn3:231 L3_Port: Message delivered to TTCN-3
2026/Jun/08 11:21:53.979330 USER TC_26_8_1_3_4_3.ttcn3:231 L3_Port: Received 17 bytes
2026/Jun/08 11:21:53.979386 USER TC_26_8_1_3_4_3.ttcn3:231 L3_Port: RAW GSMTAP hdr->arfcn=0x4033 RxArfcn=0x4033 Uplink=1 Chan=3 Len=1
2026/Jun/08 11:21:53.979394 USER TC_26_8_1_3_4_3.ttcn3:231 L3_Port: RX: E2 
2026/Jun/08 11:21:53.979403 PORTEVENT TC_26_8_1_3_4_3.ttcn3:231 Message enqueued on L from system octetstring : 'E20001DF67'O id 134
2026/Jun/08 11:21:53.979415 USER TC_26_8_1_3_4_3.ttcn3:231 L3_Port: Message delivered to TTCN-3
2026/Jun/08 11:21:53.985008 USER TC_26_8_1_3_4_3.ttcn3:231 L3_Port: Received 17 bytes
2026/Jun/08 11:21:53.985044 USER TC_26_8_1_3_4_3.ttcn3:231 L3_Port: RAW GSMTAP hdr->arfcn=0x4033 RxArfcn=0x4033 Uplink=1 Chan=3 Len=1
2026/Jun/08 11:21:53.985053 USER TC_26_8_1_3_4_3.ttcn3:231 L3_Port: RX: F5 
2026/Jun/08 11:21:53.985061 PORTEVENT TC_26_8_1_3_4_3.ttcn3:231 Message enqueued on L from system octetstring : 'F50001E0CD'O id 135
2026/Jun/08 11:21:53.985069 USER TC_26_8_1_3_4_3.ttcn3:231 L3_Port: Message delivered to TTCN-3
2026/Jun/08 11:21:53.992655 USER TC_26_8_1_3_4_3.ttcn3:231 L3_Port: Received 17 bytes
2026/Jun/08 11:21:53.992687 USER TC_26_8_1_3_4_3.ttcn3:231 L3_Port: RAW GSMTAP hdr->arfcn=0x4033 RxArfcn=0x4033 Uplink=1 Chan=3 Len=1
2026/Jun/08 11:21:53.992694 USER TC_26_8_1_3_4_3.ttcn3:231 L3_Port: RX: F5 
2026/Jun/08 11:21:53.992702 PORTEVENT TC_26_8_1_3_4_3.ttcn3:231 Message enqueued on L from system octetstring : 'F50001E022'O id 136
2026/Jun/08 11:21:53.992711 USER TC_26_8_1_3_4_3.ttcn3:231 L3_Port: Message delivered to TTCN-3
2026/Jun/08 11:21:54.003278 USER TC_26_8_1_3_4_3.ttcn3:231 L3_Port: Received 17 bytes
2026/Jun/08 11:21:54.003320 USER TC_26_8_1_3_4_3.ttcn3:231 L3_Port: RAW GSMTAP hdr->arfcn=0x4033 RxArfcn=0x4033 Uplink=1 Chan=3 Len=1
2026/Jun/08 11:21:54.003327 USER TC_26_8_1_3_4_3.ttcn3:231 L3_Port: RX: E1 
2026/Jun/08 11:21:54.003337 PORTEVENT TC_26_8_1_3_4_3.ttcn3:231 Message enqueued on L from system octetstring : 'E10001E001'O id 137
2026/Jun/08 11:21:54.003349 USER TC_26_8_1_3_4_3.ttcn3:231 L3_Port: Message delivered to TTCN-3
2026/Jun/08 11:21:54.010987 USER TC_26_8_1_3_4_3.ttcn3:231 L3_Port: Received 17 bytes
2026/Jun/08 11:21:54.011023 USER TC_26_8_1_3_4_3.ttcn3:231 L3_Port: RAW GSMTAP hdr->arfcn=0x4033 RxArfcn=0x4033 Uplink=1 Chan=3 Len=1
2026/Jun/08 11:21:54.011030 USER TC_26_8_1_3_4_3.ttcn3:231 L3_Port: RX: F2 
2026/Jun/08 11:21:54.011037 PORTEVENT TC_26_8_1_3_4_3.ttcn3:231 Message enqueued on L from system octetstring : 'F20001E02C'O id 138
2026/Jun/08 11:21:54.011045 USER TC_26_8_1_3_4_3.ttcn3:231 L3_Port: Message delivered to TTCN-3
2026/Jun/08 11:21:54.012367 USER TC_26_8_1_3_4_3.ttcn3:231 L3_Port: Received 17 bytes
2026/Jun/08 11:21:54.012420 USER TC_26_8_1_3_4_3.ttcn3:231 L3_Port: RAW GSMTAP hdr->arfcn=0x4033 RxArfcn=0x4033 Uplink=1 Chan=3 Len=1
2026/Jun/08 11:21:54.012428 USER TC_26_8_1_3_4_3.ttcn3:231 L3_Port: RX: F0 
2026/Jun/08 11:21:54.012437 PORTEVENT TC_26_8_1_3_4_3.ttcn3:231 Message enqueued on L from system octetstring : 'F00001E0D0'O id 139
2026/Jun/08 11:21:54.012449 USER TC_26_8_1_3_4_3.ttcn3:231 L3_Port: Message delivered to TTCN-3
2026/Jun/08 11:21:54.013245 USER TC_26_8_1_3_4_3.ttcn3:231 L3_Port: Received 17 bytes
2026/Jun/08 11:21:54.013264 USER TC_26_8_1_3_4_3.ttcn3:231 L3_Port: RAW GSMTAP hdr->arfcn=0x4033 RxArfcn=0x4033 Uplink=1 Chan=3 Len=1
2026/Jun/08 11:21:54.013271 USER TC_26_8_1_3_4_3.ttcn3:231 L3_Port: RX: ED 
2026/Jun/08 11:21:54.013277 PORTEVENT TC_26_8_1_3_4_3.ttcn3:231 Message enqueued on L from system octetstring : 'ED0001E02D'O id 140
2026/Jun/08 11:21:54.013291 USER TC_26_8_1_3_4_3.ttcn3:231 L3_Port: Message delivered to TTCN-3
2026/Jun/08 11:21:54.020801 USER TC_26_8_1_3_4_3.ttcn3:231 L3_Port: Received 17 bytes
2026/Jun/08 11:21:54.020850 USER TC_26_8_1_3_4_3.ttcn3:231 L3_Port: RAW GSMTAP hdr->arfcn=0x4033 RxArfcn=0x4033 Uplink=1 Chan=3 Len=1
2026/Jun/08 11:21:54.020859 USER TC_26_8_1_3_4_3.ttcn3:231 L3_Port: RX: E0 
2026/Jun/08 11:21:54.020867 PORTEVENT TC_26_8_1_3_4_3.ttcn3:231 Message enqueued on L from system octetstring : 'E00001E033'O id 141
2026/Jun/08 11:21:54.020876 USER TC_26_8_1_3_4_3.ttcn3:231 L3_Port: Message delivered to TTCN-3
2026/Jun/08 11:21:54.175968 USER TC_26_8_1_3_4_3.ttcn3:231 L3_Port: Received 39 bytes
2026/Jun/08 11:21:54.176024 USER TC_26_8_1_3_4_3.ttcn3:231 L3_Port: RAW GSMTAP hdr->arfcn=0x4033 RxArfcn=0x4033 Uplink=1 Chan=9 Len=23
2026/Jun/08 11:21:54.176033 USER TC_26_8_1_3_4_3.ttcn3:231 L3_Port: RX: 01 3F 35 05 24 71 03 33 1F 01 05 F4 12 34 56 78 2B 2B 2B 2B 2B 2B 2B 
2026/Jun/08 11:21:54.176043 PORTEVENT TC_26_8_1_3_4_3.ttcn3:231 Message enqueued on L from system octetstring : '013F3505247103331F0105F4123456782B2B2B2B2B2B2B'O id 142
2026/Jun/08 11:21:54.176053 USER TC_26_8_1_3_4_3.ttcn3:231 L3_Port: Message delivered to TTCN-3
2026/Jun/08 11:21:54.177153 USER TC_26_8_1_3_4_3.ttcn3:231 MSC_Port: RX: {"type": "EVENT_CM_SERVICE_REQUEST", "bsc_slr": 15, "cm_service_type": 1, "cm_service_type_name": "Emergency call"}
2026/Jun/08 11:21:54.177187 PORTEVENT TC_26_8_1_3_4_3.ttcn3:231 Message enqueued on MSC from system charstring : "{\"type\": \"EVENT_CM_SERVICE_REQUEST\", \"bsc_slr\": 15, \"cm_service_type\": 1, \"cm_service_type_name\": \"Emergency call\"}" id 22
2026/Jun/08 11:21:54.177206 PORTEVENT TC_26_8_1_3_4_3.ttcn3:232 Receive operation on port MSC succeeded, message from system(): charstring : "{\"type\": \"EVENT_CM_SERVICE_REQUEST\", \"bsc_slr\": 15, \"cm_service_type\": 1, \"cm_service_type_name\": \"Emergency call\"}" id 22
2026/Jun/08 11:21:54.177215 PORTEVENT TC_26_8_1_3_4_3.ttcn3:232 Message with id 22 was extracted from the queue of MSC.
2026/Jun/08 11:21:54.177258 USER TC_26_8_1_3_4_3.ttcn3:236 TC_26_8_1_3_4_3: (post-LU settle) "{\"type\": \"EVENT_CM_SERVICE_REQUEST\", \"bsc_slr\": 15, \"cm_service_type\": 1, \"cm_service_type_name\": \"Emergency call\"}"
2026/Jun/08 11:21:54.177838 USER TC_26_8_1_3_4_3.ttcn3:231 L3_Port: Received 39 bytes
2026/Jun/08 11:21:54.177848 USER TC_26_8_1_3_4_3.ttcn3:231 L3_Port: RAW GSMTAP hdr->arfcn=0x4033 RxArfcn=0x4033 Uplink=1 Chan=137 Len=23
2026/Jun/08 11:21:54.177855 USER TC_26_8_1_3_4_3.ttcn3:231 L3_Port: RX: 0E 00 01 03 49 06 15 80 40 00 00 00 00 00 00 00 00 00 00 00 00 00 00 
2026/Jun/08 11:21:54.177862 PORTEVENT TC_26_8_1_3_4_3.ttcn3:231 Message enqueued on L from system octetstring : '0E00010349061580400000000000000000000000000000'O id 143
2026/Jun/08 11:21:54.177867 USER TC_26_8_1_3_4_3.ttcn3:231 L3_Port: Message delivered to TTCN-3
2026/Jun/08 11:21:54.709001 USER TC_26_8_1_3_4_3.ttcn3:231 MSC_Port: RX: {"type": "HEARTBEAT"}
2026/Jun/08 11:21:54.709057 PORTEVENT TC_26_8_1_3_4_3.ttcn3:231 Message enqueued on MSC from system charstring : "{\"type\": \"HEARTBEAT\"}" id 23
2026/Jun/08 11:21:54.709080 PORTEVENT TC_26_8_1_3_4_3.ttcn3:232 Receive operation on port MSC succeeded, message from system(): charstring : "{\"type\": \"HEARTBEAT\"}" id 23
2026/Jun/08 11:21:54.709091 PORTEVENT TC_26_8_1_3_4_3.ttcn3:232 Message with id 23 was extracted from the queue of MSC.
2026/Jun/08 11:21:54.926507 USER TC_26_8_1_3_4_3.ttcn3:231 L3_Port: Received 39 bytes
2026/Jun/08 11:21:54.926560 USER TC_26_8_1_3_4_3.ttcn3:231 L3_Port: RAW GSMTAP hdr->arfcn=0x4033 RxArfcn=0x4033 Uplink=1 Chan=8 Len=23
2026/Jun/08 11:21:54.926569 USER TC_26_8_1_3_4_3.ttcn3:231 L3_Port: RX: 01 3F 49 05 08 70 09 F1 07 00 00 33 08 99 10 07 00 00 00 00 10 2B 2B 
2026/Jun/08 11:21:54.926579 PORTEVENT TC_26_8_1_3_4_3.ttcn3:231 Message enqueued on L from system octetstring : '013F4905087009F1070000330899100700000000102B2B'O id 144
2026/Jun/08 11:21:54.926590 USER TC_26_8_1_3_4_3.ttcn3:231 L3_Port: Message delivered to TTCN-3
2026/Jun/08 11:21:54.926927 USER TC_26_8_1_3_4_3.ttcn3:231 L3_Port: Received 39 bytes
2026/Jun/08 11:21:54.926937 USER TC_26_8_1_3_4_3.ttcn3:231 L3_Port: RAW GSMTAP hdr->arfcn=0x4033 RxArfcn=0x4033 Uplink=1 Chan=136 Len=23
2026/Jun/08 11:21:54.926943 USER TC_26_8_1_3_4_3.ttcn3:231 L3_Port: RX: 0E 00 01 03 49 06 15 3F 3F 01 C0 00 00 00 00 00 00 00 00 00 00 00 00 
2026/Jun/08 11:21:54.926948 PORTEVENT TC_26_8_1_3_4_3.ttcn3:231 Message enqueued on L from system octetstring : '0E0001034906153F3F01C0000000000000000000000000'O id 145
2026/Jun/08 11:21:54.926953 USER TC_26_8_1_3_4_3.ttcn3:231 L3_Port: Message delivered to TTCN-3
2026/Jun/08 11:21:55.179182 USER TC_26_8_1_3_4_3.ttcn3:231 L3_Port: Received 39 bytes
2026/Jun/08 11:21:55.179243 USER TC_26_8_1_3_4_3.ttcn3:231 L3_Port: RAW GSMTAP hdr->arfcn=0x4033 RxArfcn=0x4033 Uplink=1 Chan=137 Len=23
2026/Jun/08 11:21:55.179255 USER TC_26_8_1_3_4_3.ttcn3:231 L3_Port: RX: 0F 00 01 03 49 06 15 BF 3F 00 00 00 00 00 00 00 00 00 00 00 00 00 00 
2026/Jun/08 11:21:55.179268 PORTEVENT TC_26_8_1_3_4_3.ttcn3:231 Message enqueued on L from system octetstring : '0F000103490615BF3F0000000000000000000000000000'O id 146
2026/Jun/08 11:21:55.179281 USER TC_26_8_1_3_4_3.ttcn3:231 L3_Port: Message delivered to TTCN-3
2026/Jun/08 11:21:55.927023 USER TC_26_8_1_3_4_3.ttcn3:231 L3_Port: Received 39 bytes
2026/Jun/08 11:21:55.927060 USER TC_26_8_1_3_4_3.ttcn3:231 L3_Port: RAW GSMTAP hdr->arfcn=0x4033 RxArfcn=0x4033 Uplink=1 Chan=136 Len=23
2026/Jun/08 11:21:55.927069 USER TC_26_8_1_3_4_3.ttcn3:231 L3_Port: RX: 0E 00 01 03 49 06 15 00 40 01 C0 00 00 00 00 00 00 00 00 00 00 00 00 
2026/Jun/08 11:21:55.927079 PORTEVENT TC_26_8_1_3_4_3.ttcn3:231 Message enqueued on L from system octetstring : '0E000103490615004001C0000000000000000000000000'O id 147
2026/Jun/08 11:21:55.927088 USER TC_26_8_1_3_4_3.ttcn3:231 L3_Port: Message delivered to TTCN-3
2026/Jun/08 11:21:55.927102 USER TC_26_8_1_3_4_3.ttcn3:231 L3_Port: Received 39 bytes
2026/Jun/08 11:21:55.927109 USER TC_26_8_1_3_4_3.ttcn3:231 L3_Port: RAW GSMTAP hdr->arfcn=0x4033 RxArfcn=0x4033 Uplink=1 Chan=8 Len=23
2026/Jun/08 11:21:55.927116 USER TC_26_8_1_3_4_3.ttcn3:231 L3_Port: RX: 01 3F 49 05 08 70 09 F1 07 00 00 33 08 99 10 07 00 00 00 00 10 2B 2B 
2026/Jun/08 11:21:55.927123 PORTEVENT TC_26_8_1_3_4_3.ttcn3:231 Message enqueued on L from system octetstring : '013F4905087009F1070000330899100700000000102B2B'O id 148
2026/Jun/08 11:21:55.927128 USER TC_26_8_1_3_4_3.ttcn3:231 L3_Port: Message delivered to TTCN-3
2026/Jun/08 11:21:56.177756 USER TC_26_8_1_3_4_3.ttcn3:231 L3_Port: Received 39 bytes
2026/Jun/08 11:21:56.177814 USER TC_26_8_1_3_4_3.ttcn3:231 L3_Port: RAW GSMTAP hdr->arfcn=0x4033 RxArfcn=0x4033 Uplink=1 Chan=137 Len=23
2026/Jun/08 11:21:56.177839 USER TC_26_8_1_3_4_3.ttcn3:231 L3_Port: RX: 0F 00 01 03 49 06 15 BF 3F 00 00 00 00 00 00 00 00 00 00 00 00 00 00 
2026/Jun/08 11:21:56.177854 PORTEVENT TC_26_8_1_3_4_3.ttcn3:231 Message enqueued on L from system octetstring : '0F000103490615BF3F0000000000000000000000000000'O id 149
2026/Jun/08 11:21:56.177866 USER TC_26_8_1_3_4_3.ttcn3:231 L3_Port: Message delivered to TTCN-3
2026/Jun/08 11:21:56.925514 USER TC_26_8_1_3_4_3.ttcn3:231 L3_Port: Received 39 bytes
2026/Jun/08 11:21:56.925564 USER TC_26_8_1_3_4_3.ttcn3:231 L3_Port: RAW GSMTAP hdr->arfcn=0x4033 RxArfcn=0x4033 Uplink=1 Chan=136 Len=23
2026/Jun/08 11:21:56.925574 USER TC_26_8_1_3_4_3.ttcn3:231 L3_Port: RX: 0E 00 01 03 49 06 15 00 40 01 C0 00 00 00 00 00 00 00 00 00 00 00 00 
2026/Jun/08 11:21:56.925587 PORTEVENT TC_26_8_1_3_4_3.ttcn3:231 Message enqueued on L from system octetstring : '0E000103490615004001C0000000000000000000000000'O id 150
2026/Jun/08 11:21:56.925599 USER TC_26_8_1_3_4_3.ttcn3:231 L3_Port: Message delivered to TTCN-3
2026/Jun/08 11:21:56.925921 USER TC_26_8_1_3_4_3.ttcn3:231 L3_Port: Received 39 bytes
2026/Jun/08 11:21:56.925931 USER TC_26_8_1_3_4_3.ttcn3:231 L3_Port: RAW GSMTAP hdr->arfcn=0x4033 RxArfcn=0x4033 Uplink=1 Chan=8 Len=23
2026/Jun/08 11:21:56.925939 USER TC_26_8_1_3_4_3.ttcn3:231 L3_Port: RX: 01 3F 49 05 08 70 09 F1 07 00 00 33 08 99 10 07 00 00 00 00 10 2B 2B 
2026/Jun/08 11:21:56.925954 PORTEVENT TC_26_8_1_3_4_3.ttcn3:231 Message enqueued on L from system octetstring : '013F4905087009F1070000330899100700000000102B2B'O id 151
2026/Jun/08 11:21:56.925959 USER TC_26_8_1_3_4_3.ttcn3:231 L3_Port: Message delivered to TTCN-3
2026/Jun/08 11:21:57.177776 USER TC_26_8_1_3_4_3.ttcn3:231 L3_Port: Received 39 bytes
2026/Jun/08 11:21:57.177838 USER TC_26_8_1_3_4_3.ttcn3:231 L3_Port: RAW GSMTAP hdr->arfcn=0x4033 RxArfcn=0x4033 Uplink=1 Chan=137 Len=23
2026/Jun/08 11:21:57.177852 USER TC_26_8_1_3_4_3.ttcn3:231 L3_Port: RX: 0F 00 01 03 49 06 15 BF 3F 00 00 00 00 00 00 00 00 00 00 00 00 00 00 
2026/Jun/08 11:21:57.177866 PORTEVENT TC_26_8_1_3_4_3.ttcn3:231 Message enqueued on L from system octetstring : '0F000103490615BF3F0000000000000000000000000000'O id 152
2026/Jun/08 11:21:57.177880 USER TC_26_8_1_3_4_3.ttcn3:231 L3_Port: Message delivered to TTCN-3
2026/Jun/08 11:21:57.927300 USER TC_26_8_1_3_4_3.ttcn3:231 L3_Port: Received 39 bytes
2026/Jun/08 11:21:57.927352 USER TC_26_8_1_3_4_3.ttcn3:231 L3_Port: RAW GSMTAP hdr->arfcn=0x4033 RxArfcn=0x4033 Uplink=1 Chan=136 Len=23
2026/Jun/08 11:21:57.927362 USER TC_26_8_1_3_4_3.ttcn3:231 L3_Port: RX: 0E 00 01 03 49 06 15 00 40 01 C0 00 00 00 00 00 00 00 00 00 00 00 00 
2026/Jun/08 11:21:57.927375 PORTEVENT TC_26_8_1_3_4_3.ttcn3:231 Message enqueued on L from system octetstring : '0E000103490615004001C0000000000000000000000000'O id 153
2026/Jun/08 11:21:57.927386 USER TC_26_8_1_3_4_3.ttcn3:231 L3_Port: Message delivered to TTCN-3
2026/Jun/08 11:21:57.927709 USER TC_26_8_1_3_4_3.ttcn3:231 L3_Port: Received 39 bytes
2026/Jun/08 11:21:57.927715 USER TC_26_8_1_3_4_3.ttcn3:231 L3_Port: RAW GSMTAP hdr->arfcn=0x4033 RxArfcn=0x4033 Uplink=1 Chan=8 Len=23
2026/Jun/08 11:21:57.927722 USER TC_26_8_1_3_4_3.ttcn3:231 L3_Port: RX: 01 3F 49 05 08 70 09 F1 07 00 00 33 08 99 10 07 00 00 00 00 10 2B 2B 
2026/Jun/08 11:21:57.927727 PORTEVENT TC_26_8_1_3_4_3.ttcn3:231 Message enqueued on L from system octetstring : '013F4905087009F1070000330899100700000000102B2B'O id 154
2026/Jun/08 11:21:57.927733 USER TC_26_8_1_3_4_3.ttcn3:231 L3_Port: Message delivered to TTCN-3
2026/Jun/08 11:21:58.178954 USER TC_26_8_1_3_4_3.ttcn3:231 L3_Port: Received 39 bytes
2026/Jun/08 11:21:58.179008 USER TC_26_8_1_3_4_3.ttcn3:231 L3_Port: RAW GSMTAP hdr->arfcn=0x4033 RxArfcn=0x4033 Uplink=1 Chan=137 Len=23
2026/Jun/08 11:21:58.179017 USER TC_26_8_1_3_4_3.ttcn3:231 L3_Port: RX: 0F 00 01 03 49 06 15 BF 3F 00 00 00 00 00 00 00 00 00 00 00 00 00 00 
2026/Jun/08 11:21:58.179029 PORTEVENT TC_26_8_1_3_4_3.ttcn3:231 Message enqueued on L from system octetstring : '0F000103490615BF3F0000000000000000000000000000'O id 155
2026/Jun/08 11:21:58.179040 USER TC_26_8_1_3_4_3.ttcn3:231 L3_Port: Message delivered to TTCN-3
2026/Jun/08 11:21:58.928187 USER TC_26_8_1_3_4_3.ttcn3:231 L3_Port: Received 39 bytes
2026/Jun/08 11:21:58.928265 USER TC_26_8_1_3_4_3.ttcn3:231 L3_Port: RAW GSMTAP hdr->arfcn=0x4033 RxArfcn=0x4033 Uplink=1 Chan=8 Len=23
2026/Jun/08 11:21:58.928288 USER TC_26_8_1_3_4_3.ttcn3:231 L3_Port: RX: 01 3F 49 05 08 70 09 F1 07 00 00 33 08 99 10 07 00 00 00 00 10 2B 2B 
2026/Jun/08 11:21:58.928309 PORTEVENT TC_26_8_1_3_4_3.ttcn3:231 Message enqueued on L from system octetstring : '013F4905087009F1070000330899100700000000102B2B'O id 156
2026/Jun/08 11:21:58.928330 USER TC_26_8_1_3_4_3.ttcn3:231 L3_Port: Message delivered to TTCN-3
2026/Jun/08 11:21:58.929311 USER TC_26_8_1_3_4_3.ttcn3:231 L3_Port: Received 39 bytes
2026/Jun/08 11:21:58.929337 USER TC_26_8_1_3_4_3.ttcn3:231 L3_Port: RAW GSMTAP hdr->arfcn=0x4033 RxArfcn=0x4033 Uplink=1 Chan=136 Len=23
2026/Jun/08 11:21:58.929357 USER TC_26_8_1_3_4_3.ttcn3:231 L3_Port: RX: 0E 00 01 03 49 06 15 00 40 01 C0 00 00 00 00 00 00 00 00 00 00 00 00 
2026/Jun/08 11:21:58.929372 PORTEVENT TC_26_8_1_3_4_3.ttcn3:231 Message enqueued on L from system octetstring : '0E000103490615004001C0000000000000000000000000'O id 157
2026/Jun/08 11:21:58.929384 USER TC_26_8_1_3_4_3.ttcn3:231 L3_Port: Message delivered to TTCN-3
2026/Jun/08 11:21:59.179513 USER TC_26_8_1_3_4_3.ttcn3:231 L3_Port: Received 39 bytes
2026/Jun/08 11:21:59.179565 USER TC_26_8_1_3_4_3.ttcn3:231 L3_Port: RAW GSMTAP hdr->arfcn=0x4033 RxArfcn=0x4033 Uplink=1 Chan=137 Len=23
2026/Jun/08 11:21:59.179574 USER TC_26_8_1_3_4_3.ttcn3:231 L3_Port: RX: 0E 00 01 03 49 06 15 BF 3F 00 00 00 00 00 00 00 00 00 00 00 00 00 00 
2026/Jun/08 11:21:59.179586 PORTEVENT TC_26_8_1_3_4_3.ttcn3:231 Message enqueued on L from system octetstring : '0E000103490615BF3F0000000000000000000000000000'O id 158
2026/Jun/08 11:21:59.179599 USER TC_26_8_1_3_4_3.ttcn3:231 L3_Port: Message delivered to TTCN-3
2026/Jun/08 11:21:59.714011 USER TC_26_8_1_3_4_3.ttcn3:231 MSC_Port: RX: {"type": "HEARTBEAT"}
2026/Jun/08 11:21:59.714072 PORTEVENT TC_26_8_1_3_4_3.ttcn3:231 Message enqueued on MSC from system charstring : "{\"type\": \"HEARTBEAT\"}" id 24
2026/Jun/08 11:21:59.714093 PORTEVENT TC_26_8_1_3_4_3.ttcn3:232 Receive operation on port MSC succeeded, message from system(): charstring : "{\"type\": \"HEARTBEAT\"}" id 24
2026/Jun/08 11:21:59.714102 PORTEVENT TC_26_8_1_3_4_3.ttcn3:232 Message with id 24 was extracted from the queue of MSC.
2026/Jun/08 11:21:59.928401 USER TC_26_8_1_3_4_3.ttcn3:231 L3_Port: Received 39 bytes
2026/Jun/08 11:21:59.928451 USER TC_26_8_1_3_4_3.ttcn3:231 L3_Port: RAW GSMTAP hdr->arfcn=0x4033 RxArfcn=0x4033 Uplink=1 Chan=136 Len=23
2026/Jun/08 11:21:59.928463 USER TC_26_8_1_3_4_3.ttcn3:231 L3_Port: RX: 0E 00 01 03 49 06 15 00 40 01 C0 00 00 00 00 00 00 00 00 00 00 00 00 
2026/Jun/08 11:21:59.928476 PORTEVENT TC_26_8_1_3_4_3.ttcn3:231 Message enqueued on L from system octetstring : '0E000103490615004001C0000000000000000000000000'O id 159
2026/Jun/08 11:21:59.928488 USER TC_26_8_1_3_4_3.ttcn3:231 L3_Port: Message delivered to TTCN-3
2026/Jun/08 11:22:00.178981 USER TC_26_8_1_3_4_3.ttcn3:231 L3_Port: Received 39 bytes
2026/Jun/08 11:22:00.179026 USER TC_26_8_1_3_4_3.ttcn3:231 L3_Port: RAW GSMTAP hdr->arfcn=0x4033 RxArfcn=0x4033 Uplink=1 Chan=137 Len=23
2026/Jun/08 11:22:00.179035 USER TC_26_8_1_3_4_3.ttcn3:231 L3_Port: RX: 0E 00 01 03 49 06 15 BF 3F 00 00 00 00 00 00 00 00 00 00 00 00 00 00 
2026/Jun/08 11:22:00.179045 PORTEVENT TC_26_8_1_3_4_3.ttcn3:231 Message enqueued on L from system octetstring : '0E000103490615BF3F0000000000000000000000000000'O id 160
2026/Jun/08 11:22:00.179054 USER TC_26_8_1_3_4_3.ttcn3:231 L3_Port: Message delivered to TTCN-3
2026/Jun/08 11:22:00.930071 USER TC_26_8_1_3_4_3.ttcn3:231 L3_Port: Received 39 bytes
2026/Jun/08 11:22:00.930132 USER TC_26_8_1_3_4_3.ttcn3:231 L3_Port: RAW GSMTAP hdr->arfcn=0x4033 RxArfcn=0x4033 Uplink=1 Chan=136 Len=23
2026/Jun/08 11:22:00.930148 USER TC_26_8_1_3_4_3.ttcn3:231 L3_Port: RX: 0E 00 01 03 49 06 15 00 40 01 C0 00 00 00 00 00 00 00 00 00 00 00 00 
2026/Jun/08 11:22:00.930164 PORTEVENT TC_26_8_1_3_4_3.ttcn3:231 Message enqueued on L from system octetstring : '0E000103490615004001C0000000000000000000000000'O id 161
2026/Jun/08 11:22:00.930179 USER TC_26_8_1_3_4_3.ttcn3:231 L3_Port: Message delivered to TTCN-3
2026/Jun/08 11:22:01.179692 USER TC_26_8_1_3_4_3.ttcn3:231 L3_Port: Received 39 bytes
2026/Jun/08 11:22:01.179741 USER TC_26_8_1_3_4_3.ttcn3:231 L3_Port: RAW GSMTAP hdr->arfcn=0x4033 RxArfcn=0x4033 Uplink=1 Chan=137 Len=23
2026/Jun/08 11:22:01.179751 USER TC_26_8_1_3_4_3.ttcn3:231 L3_Port: RX: 0E 00 01 03 49 06 15 BF 3F 00 00 00 00 00 00 00 00 00 00 00 00 00 00 
2026/Jun/08 11:22:01.179765 PORTEVENT TC_26_8_1_3_4_3.ttcn3:231 Message enqueued on L from system octetstring : '0E000103490615BF3F0000000000000000000000000000'O id 162
2026/Jun/08 11:22:01.179779 USER TC_26_8_1_3_4_3.ttcn3:231 L3_Port: Message delivered to TTCN-3
2026/Jun/08 11:22:01.428646 USER TC_26_8_1_3_4_3.ttcn3:231 VTY_PT: Received data (buffered): 68 bytes
2026/Jun/08 11:22:02.180455 USER TC_26_8_1_3_4_3.ttcn3:231 L3_Port: Received 39 bytes
2026/Jun/08 11:22:02.180513 USER TC_26_8_1_3_4_3.ttcn3:231 L3_Port: RAW GSMTAP hdr->arfcn=0x4033 RxArfcn=0x4033 Uplink=1 Chan=137 Len=23
2026/Jun/08 11:22:02.180524 USER TC_26_8_1_3_4_3.ttcn3:231 L3_Port: RX: 0E 00 01 03 49 06 15 BF 3F 00 00 00 00 00 00 00 00 00 00 00 00 00 00 
2026/Jun/08 11:22:02.180541 PORTEVENT TC_26_8_1_3_4_3.ttcn3:231 Message enqueued on L from system octetstring : '0E000103490615BF3F0000000000000000000000000000'O id 163
2026/Jun/08 11:22:02.180549 USER TC_26_8_1_3_4_3.ttcn3:231 L3_Port: Message delivered to TTCN-3
2026/Jun/08 11:22:03.181856 USER TC_26_8_1_3_4_3.ttcn3:231 L3_Port: Received 39 bytes
2026/Jun/08 11:22:03.181917 USER TC_26_8_1_3_4_3.ttcn3:231 L3_Port: RAW GSMTAP hdr->arfcn=0x4033 RxArfcn=0x4033 Uplink=1 Chan=137 Len=23
2026/Jun/08 11:22:03.181926 USER TC_26_8_1_3_4_3.ttcn3:231 L3_Port: RX: 0E 00 01 03 49 06 15 BF 3F 00 00 00 00 00 00 00 00 00 00 00 00 00 00 
2026/Jun/08 11:22:03.181939 PORTEVENT TC_26_8_1_3_4_3.ttcn3:231 Message enqueued on L from system octetstring : '0E000103490615BF3F0000000000000000000000000000'O id 164
2026/Jun/08 11:22:03.181951 USER TC_26_8_1_3_4_3.ttcn3:231 L3_Port: Message delivered to TTCN-3
2026/Jun/08 11:22:04.190278 USER TC_26_8_1_3_4_3.ttcn3:231 L3_Port: Received 39 bytes
2026/Jun/08 11:22:04.190363 USER TC_26_8_1_3_4_3.ttcn3:231 L3_Port: RAW GSMTAP hdr->arfcn=0x4033 RxArfcn=0x4033 Uplink=1 Chan=137 Len=23
2026/Jun/08 11:22:04.190387 USER TC_26_8_1_3_4_3.ttcn3:231 L3_Port: RX: 0E 00 01 03 49 06 15 BF 3F 00 00 00 00 00 00 00 00 00 00 00 00 00 00 
2026/Jun/08 11:22:04.190409 PORTEVENT TC_26_8_1_3_4_3.ttcn3:231 Message enqueued on L from system octetstring : '0E000103490615BF3F0000000000000000000000000000'O id 165
2026/Jun/08 11:22:04.190440 USER TC_26_8_1_3_4_3.ttcn3:231 L3_Port: Message delivered to TTCN-3
2026/Jun/08 11:22:04.719008 USER TC_26_8_1_3_4_3.ttcn3:231 MSC_Port: RX: {"type": "HEARTBEAT"}
2026/Jun/08 11:22:04.719068 PORTEVENT TC_26_8_1_3_4_3.ttcn3:231 Message enqueued on MSC from system charstring : "{\"type\": \"HEARTBEAT\"}" id 25
2026/Jun/08 11:22:04.719092 PORTEVENT TC_26_8_1_3_4_3.ttcn3:232 Receive operation on port MSC succeeded, message from system(): charstring : "{\"type\": \"HEARTBEAT\"}" id 25
2026/Jun/08 11:22:04.719101 PORTEVENT TC_26_8_1_3_4_3.ttcn3:232 Message with id 25 was extracted from the queue of MSC.
2026/Jun/08 11:22:05.187143 USER TC_26_8_1_3_4_3.ttcn3:231 L3_Port: Received 39 bytes
2026/Jun/08 11:22:05.187208 USER TC_26_8_1_3_4_3.ttcn3:231 L3_Port: RAW GSMTAP hdr->arfcn=0x4033 RxArfcn=0x4033 Uplink=1 Chan=137 Len=23
2026/Jun/08 11:22:05.187218 USER TC_26_8_1_3_4_3.ttcn3:231 L3_Port: RX: 0E 00 01 03 49 06 15 BF 3F 00 00 00 00 00 00 00 00 00 00 00 00 00 00 
2026/Jun/08 11:22:05.187230 PORTEVENT TC_26_8_1_3_4_3.ttcn3:231 Message enqueued on L from system octetstring : '0E000103490615BF3F0000000000000000000000000000'O id 166
2026/Jun/08 11:22:05.187243 USER TC_26_8_1_3_4_3.ttcn3:231 L3_Port: Message delivered to TTCN-3
2026/Jun/08 11:22:06.188014 USER TC_26_8_1_3_4_3.ttcn3:231 L3_Port: Received 39 bytes
2026/Jun/08 11:22:06.188073 USER TC_26_8_1_3_4_3.ttcn3:231 L3_Port: RAW GSMTAP hdr->arfcn=0x4033 RxArfcn=0x4033 Uplink=1 Chan=137 Len=23
2026/Jun/08 11:22:06.188090 USER TC_26_8_1_3_4_3.ttcn3:231 L3_Port: RX: 0E 00 01 03 49 06 15 BF 3F 00 00 00 00 00 00 00 00 00 00 00 00 00 00 
2026/Jun/08 11:22:06.188105 PORTEVENT TC_26_8_1_3_4_3.ttcn3:231 Message enqueued on L from system octetstring : '0E000103490615BF3F0000000000000000000000000000'O id 167
2026/Jun/08 11:22:06.188119 USER TC_26_8_1_3_4_3.ttcn3:231 L3_Port: Message delivered to TTCN-3
2026/Jun/08 11:22:07.189855 USER TC_26_8_1_3_4_3.ttcn3:231 L3_Port: Received 39 bytes
2026/Jun/08 11:22:07.189915 USER TC_26_8_1_3_4_3.ttcn3:231 L3_Port: RAW GSMTAP hdr->arfcn=0x4033 RxArfcn=0x4033 Uplink=1 Chan=137 Len=23
2026/Jun/08 11:22:07.189926 USER TC_26_8_1_3_4_3.ttcn3:231 L3_Port: RX: 0E 00 01 03 49 06 15 BF 3F 00 00 00 00 00 00 00 00 00 00 00 00 00 00 
2026/Jun/08 11:22:07.189936 PORTEVENT TC_26_8_1_3_4_3.ttcn3:231 Message enqueued on L from system octetstring : '0E000103490615BF3F0000000000000000000000000000'O id 168
2026/Jun/08 11:22:07.189949 USER TC_26_8_1_3_4_3.ttcn3:231 L3_Port: Message delivered to TTCN-3
2026/Jun/08 11:22:08.186185 USER TC_26_8_1_3_4_3.ttcn3:231 L3_Port: Received 39 bytes
2026/Jun/08 11:22:08.186244 USER TC_26_8_1_3_4_3.ttcn3:231 L3_Port: RAW GSMTAP hdr->arfcn=0x4033 RxArfcn=0x4033 Uplink=1 Chan=137 Len=23
2026/Jun/08 11:22:08.186254 USER TC_26_8_1_3_4_3.ttcn3:231 L3_Port: RX: 0E 00 01 03 49 06 15 BF 3F 00 00 00 00 00 00 00 00 00 00 00 00 00 00 
2026/Jun/08 11:22:08.186265 PORTEVENT TC_26_8_1_3_4_3.ttcn3:231 Message enqueued on L from system octetstring : '0E000103490615BF3F0000000000000000000000000000'O id 169
2026/Jun/08 11:22:08.186275 USER TC_26_8_1_3_4_3.ttcn3:231 L3_Port: Message delivered to TTCN-3
2026/Jun/08 11:22:09.007729 USER TC_26_8_1_3_4_3.ttcn3:231 L3_Port: Received 17 bytes
2026/Jun/08 11:22:09.007791 USER TC_26_8_1_3_4_3.ttcn3:231 L3_Port: RAW GSMTAP hdr->arfcn=0x4033 RxArfcn=0x4033 Uplink=1 Chan=3 Len=1
2026/Jun/08 11:22:09.007798 USER TC_26_8_1_3_4_3.ttcn3:231 L3_Port: RX: 06 
2026/Jun/08 11:22:09.007809 PORTEVENT TC_26_8_1_3_4_3.ttcn3:231 Message enqueued on L from system octetstring : '060001EBF4'O id 170
2026/Jun/08 11:22:09.007843 USER TC_26_8_1_3_4_3.ttcn3:231 L3_Port: Message delivered to TTCN-3
2026/Jun/08 11:22:09.011228 USER TC_26_8_1_3_4_3.ttcn3:231 L3_Port: Received 17 bytes
2026/Jun/08 11:22:09.011261 USER TC_26_8_1_3_4_3.ttcn3:231 L3_Port: RAW GSMTAP hdr->arfcn=0x4033 RxArfcn=0x4033 Uplink=1 Chan=3 Len=1
2026/Jun/08 11:22:09.011268 USER TC_26_8_1_3_4_3.ttcn3:231 L3_Port: RX: 0A 
2026/Jun/08 11:22:09.011276 PORTEVENT TC_26_8_1_3_4_3.ttcn3:231 Message enqueued on L from system octetstring : '0A0001ECF7'O id 171
2026/Jun/08 11:22:09.011285 USER TC_26_8_1_3_4_3.ttcn3:231 L3_Port: Message delivered to TTCN-3
2026/Jun/08 11:22:09.018761 USER TC_26_8_1_3_4_3.ttcn3:231 L3_Port: Received 17 bytes
2026/Jun/08 11:22:09.018807 USER TC_26_8_1_3_4_3.ttcn3:231 L3_Port: RAW GSMTAP hdr->arfcn=0x4033 RxArfcn=0x4033 Uplink=1 Chan=3 Len=1
2026/Jun/08 11:22:09.018814 USER TC_26_8_1_3_4_3.ttcn3:231 L3_Port: RX: 08 
2026/Jun/08 11:22:09.018829 PORTEVENT TC_26_8_1_3_4_3.ttcn3:231 Message enqueued on L from system octetstring : '080001ECC1'O id 172
2026/Jun/08 11:22:09.018840 USER TC_26_8_1_3_4_3.ttcn3:231 L3_Port: Message delivered to TTCN-3
2026/Jun/08 11:22:09.030335 USER TC_26_8_1_3_4_3.ttcn3:231 L3_Port: Received 17 bytes
2026/Jun/08 11:22:09.030381 USER TC_26_8_1_3_4_3.ttcn3:231 L3_Port: RAW GSMTAP hdr->arfcn=0x4033 RxArfcn=0x4033 Uplink=1 Chan=3 Len=1
2026/Jun/08 11:22:09.030388 USER TC_26_8_1_3_4_3.ttcn3:231 L3_Port: RX: 02 
2026/Jun/08 11:22:09.030398 PORTEVENT TC_26_8_1_3_4_3.ttcn3:231 Message enqueued on L from system octetstring : '020001ECBD'O id 173
2026/Jun/08 11:22:09.030410 USER TC_26_8_1_3_4_3.ttcn3:231 L3_Port: Message delivered to TTCN-3
2026/Jun/08 11:22:09.037909 USER TC_26_8_1_3_4_3.ttcn3:231 L3_Port: Received 17 bytes
2026/Jun/08 11:22:09.037952 USER TC_26_8_1_3_4_3.ttcn3:231 L3_Port: RAW GSMTAP hdr->arfcn=0x4033 RxArfcn=0x4033 Uplink=1 Chan=3 Len=1
2026/Jun/08 11:22:09.037959 USER TC_26_8_1_3_4_3.ttcn3:231 L3_Port: RX: 0A 
2026/Jun/08 11:22:09.037970 PORTEVENT TC_26_8_1_3_4_3.ttcn3:231 Message enqueued on L from system octetstring : '0A0001ECC6'O id 174
2026/Jun/08 11:22:09.037981 USER TC_26_8_1_3_4_3.ttcn3:231 L3_Port: Message delivered to TTCN-3
2026/Jun/08 11:22:09.049262 USER TC_26_8_1_3_4_3.ttcn3:231 L3_Port: Received 17 bytes
2026/Jun/08 11:22:09.049303 USER TC_26_8_1_3_4_3.ttcn3:231 L3_Port: RAW GSMTAP hdr->arfcn=0x4033 RxArfcn=0x4033 Uplink=1 Chan=3 Len=1
2026/Jun/08 11:22:09.049310 USER TC_26_8_1_3_4_3.ttcn3:231 L3_Port: RX: 0C 
2026/Jun/08 11:22:09.049320 PORTEVENT TC_26_8_1_3_4_3.ttcn3:231 Message enqueued on L from system octetstring : '0C0001ECC1'O id 175
2026/Jun/08 11:22:09.049330 USER TC_26_8_1_3_4_3.ttcn3:231 L3_Port: Message delivered to TTCN-3
2026/Jun/08 11:22:09.055724 USER TC_26_8_1_3_4_3.ttcn3:231 L3_Port: Received 17 bytes
2026/Jun/08 11:22:09.055769 USER TC_26_8_1_3_4_3.ttcn3:231 L3_Port: RAW GSMTAP hdr->arfcn=0x4033 RxArfcn=0x4033 Uplink=1 Chan=3 Len=1
2026/Jun/08 11:22:09.055776 USER TC_26_8_1_3_4_3.ttcn3:231 L3_Port: RX: 02 
2026/Jun/08 11:22:09.055785 PORTEVENT TC_26_8_1_3_4_3.ttcn3:231 Message enqueued on L from system octetstring : '020001ED01'O id 176
2026/Jun/08 11:22:09.055803 USER TC_26_8_1_3_4_3.ttcn3:231 L3_Port: Message delivered to TTCN-3
2026/Jun/08 11:22:09.060384 USER TC_26_8_1_3_4_3.ttcn3:231 L3_Port: Received 17 bytes
2026/Jun/08 11:22:09.060434 USER TC_26_8_1_3_4_3.ttcn3:231 L3_Port: RAW GSMTAP hdr->arfcn=0x4033 RxArfcn=0x4033 Uplink=1 Chan=3 Len=1
2026/Jun/08 11:22:09.060442 USER TC_26_8_1_3_4_3.ttcn3:231 L3_Port: RX: 0D 
2026/Jun/08 11:22:09.060452 PORTEVENT TC_26_8_1_3_4_3.ttcn3:231 Message enqueued on L from system octetstring : '0D0001ECBD'O id 177
2026/Jun/08 11:22:09.060464 USER TC_26_8_1_3_4_3.ttcn3:231 L3_Port: Message delivered to TTCN-3
2026/Jun/08 11:22:09.149764 USER TC_26_8_1_3_4_3.ttcn3:231 L3_Port: Received 39 bytes
2026/Jun/08 11:22:09.149816 USER TC_26_8_1_3_4_3.ttcn3:231 L3_Port: RAW GSMTAP hdr->arfcn=0x4033 RxArfcn=0x4033 Uplink=1 Chan=8 Len=23
2026/Jun/08 11:22:09.149837 USER TC_26_8_1_3_4_3.ttcn3:231 L3_Port: RX: 01 3F 49 05 08 70 09 F1 07 00 00 33 08 99 10 07 00 00 00 00 10 2B 2B 
2026/Jun/08 11:22:09.149851 PORTEVENT TC_26_8_1_3_4_3.ttcn3:231 Message enqueued on L from system octetstring : '013F4905087009F1070000330899100700000000102B2B'O id 178
2026/Jun/08 11:22:09.149863 USER TC_26_8_1_3_4_3.ttcn3:231 L3_Port: Message delivered to TTCN-3
2026/Jun/08 11:22:09.153232 USER TC_26_8_1_3_4_3.ttcn3:231 L3_Port: Received 39 bytes
2026/Jun/08 11:22:09.153254 USER TC_26_8_1_3_4_3.ttcn3:231 L3_Port: RAW GSMTAP hdr->arfcn=0x4033 RxArfcn=0x4033 Uplink=1 Chan=136 Len=23
2026/Jun/08 11:22:09.153262 USER TC_26_8_1_3_4_3.ttcn3:231 L3_Port: RX: 0E 00 01 03 49 06 15 80 40 00 00 00 00 00 00 00 00 00 00 00 00 00 00 
2026/Jun/08 11:22:09.153269 PORTEVENT TC_26_8_1_3_4_3.ttcn3:231 Message enqueued on L from system octetstring : '0E00010349061580400000000000000000000000000000'O id 179
2026/Jun/08 11:22:09.153277 USER TC_26_8_1_3_4_3.ttcn3:231 L3_Port: Message delivered to TTCN-3
2026/Jun/08 11:22:09.186133 USER TC_26_8_1_3_4_3.ttcn3:231 L3_Port: Received 39 bytes
2026/Jun/08 11:22:09.186188 USER TC_26_8_1_3_4_3.ttcn3:231 L3_Port: RAW GSMTAP hdr->arfcn=0x4033 RxArfcn=0x4033 Uplink=1 Chan=137 Len=23
2026/Jun/08 11:22:09.186197 USER TC_26_8_1_3_4_3.ttcn3:231 L3_Port: RX: 0E 00 01 03 49 06 15 BF 3F 00 00 00 00 00 00 00 00 00 00 00 00 00 00 
2026/Jun/08 11:22:09.186210 PORTEVENT TC_26_8_1_3_4_3.ttcn3:231 Message enqueued on L from system octetstring : '0E000103490615BF3F0000000000000000000000000000'O id 180
2026/Jun/08 11:22:09.186222 USER TC_26_8_1_3_4_3.ttcn3:231 L3_Port: Message delivered to TTCN-3
2026/Jun/08 11:22:09.213819 USER TC_26_8_1_3_4_3.ttcn3:231 L3_Port: Received 39 bytes
2026/Jun/08 11:22:09.213879 USER TC_26_8_1_3_4_3.ttcn3:231 L3_Port: RAW GSMTAP hdr->arfcn=0x4033 RxArfcn=0x4033 Uplink=1 Chan=9 Len=23
2026/Jun/08 11:22:09.213889 USER TC_26_8_1_3_4_3.ttcn3:231 L3_Port: RX: 01 00 0D 05 71 11 2B 2B 2B 2B 2B 2B 2B 2B 2B 2B 2B 2B 2B 2B 2B 2B 2B 
2026/Jun/08 11:22:09.213901 PORTEVENT TC_26_8_1_3_4_3.ttcn3:231 Message enqueued on L from system octetstring : '01000D0571112B2B2B2B2B2B2B2B2B2B2B2B2B2B2B2B2B'O id 181
2026/Jun/08 11:22:09.213914 USER TC_26_8_1_3_4_3.ttcn3:231 L3_Port: Message delivered to TTCN-3
2026/Jun/08 11:22:09.214938 USER TC_26_8_1_3_4_3.ttcn3:231 MSC_Port: RX: {"type": "EVENT_DTAP", "bsc_slr": 6, "pd": 5, "msg_type": 49}
2026/Jun/08 11:22:09.214992 PORTEVENT TC_26_8_1_3_4_3.ttcn3:231 Message enqueued on MSC from system charstring : "{\"type\": \"EVENT_DTAP\", \"bsc_slr\": 6, \"pd\": 5, \"msg_type\": 49}" id 26
2026/Jun/08 11:22:09.215008 PORTEVENT TC_26_8_1_3_4_3.ttcn3:232 Receive operation on port MSC succeeded, message from system(): charstring : "{\"type\": \"EVENT_DTAP\", \"bsc_slr\": 6, \"pd\": 5, \"msg_type\": 49}" id 26
2026/Jun/08 11:22:09.215015 PORTEVENT TC_26_8_1_3_4_3.ttcn3:232 Message with id 26 was extracted from the queue of MSC.
2026/Jun/08 11:22:09.215054 USER TC_26_8_1_3_4_3.ttcn3:236 TC_26_8_1_3_4_3: (post-LU settle) "{\"type\": \"EVENT_DTAP\", \"bsc_slr\": 6, \"pd\": 5, \"msg_type\": 49}"
2026/Jun/08 11:22:09.723077 USER TC_26_8_1_3_4_3.ttcn3:231 MSC_Port: RX: {"type": "HEARTBEAT"}
2026/Jun/08 11:22:09.723180 PORTEVENT TC_26_8_1_3_4_3.ttcn3:231 Message enqueued on MSC from system charstring : "{\"type\": \"HEARTBEAT\"}" id 27
2026/Jun/08 11:22:09.723219 PORTEVENT TC_26_8_1_3_4_3.ttcn3:232 Receive operation on port MSC succeeded, message from system(): charstring : "{\"type\": \"HEARTBEAT\"}" id 27
2026/Jun/08 11:22:09.723235 PORTEVENT TC_26_8_1_3_4_3.ttcn3:232 Message with id 27 was extracted from the queue of MSC.
2026/Jun/08 11:22:10.155781 USER TC_26_8_1_3_4_3.ttcn3:231 L3_Port: Received 39 bytes
2026/Jun/08 11:22:10.155855 USER TC_26_8_1_3_4_3.ttcn3:231 L3_Port: RAW GSMTAP hdr->arfcn=0x4033 RxArfcn=0x4033 Uplink=1 Chan=8 Len=23
2026/Jun/08 11:22:10.155870 USER TC_26_8_1_3_4_3.ttcn3:231 L3_Port: RX: 01 3F 49 05 08 70 09 F1 07 00 00 33 08 99 10 07 00 00 00 00 10 2B 2B 
2026/Jun/08 11:22:10.155885 PORTEVENT TC_26_8_1_3_4_3.ttcn3:231 Message enqueued on L from system octetstring : '013F4905087009F1070000330899100700000000102B2B'O id 182
2026/Jun/08 11:22:10.155897 USER TC_26_8_1_3_4_3.ttcn3:231 L3_Port: Message delivered to TTCN-3
2026/Jun/08 11:22:10.155914 USER TC_26_8_1_3_4_3.ttcn3:231 L3_Port: Received 39 bytes
2026/Jun/08 11:22:10.155924 USER TC_26_8_1_3_4_3.ttcn3:231 L3_Port: RAW GSMTAP hdr->arfcn=0x4033 RxArfcn=0x4033 Uplink=1 Chan=136 Len=23
2026/Jun/08 11:22:10.155934 USER TC_26_8_1_3_4_3.ttcn3:231 L3_Port: RX: 0E 00 01 03 49 06 15 00 40 01 C0 00 00 00 00 00 00 00 00 00 00 00 00 
2026/Jun/08 11:22:10.155941 PORTEVENT TC_26_8_1_3_4_3.ttcn3:231 Message enqueued on L from system octetstring : '0E000103490615004001C0000000000000000000000000'O id 183
2026/Jun/08 11:22:10.155947 USER TC_26_8_1_3_4_3.ttcn3:231 L3_Port: Message delivered to TTCN-3
2026/Jun/08 11:22:10.186553 USER TC_26_8_1_3_4_3.ttcn3:231 L3_Port: Received 39 bytes
2026/Jun/08 11:22:10.186611 USER TC_26_8_1_3_4_3.ttcn3:231 L3_Port: RAW GSMTAP hdr->arfcn=0x4033 RxArfcn=0x4033 Uplink=1 Chan=137 Len=23
2026/Jun/08 11:22:10.186620 USER TC_26_8_1_3_4_3.ttcn3:231 L3_Port: RX: 0E 00 01 03 49 06 15 BF 3F 00 00 00 00 00 00 00 00 00 00 00 00 00 00 
2026/Jun/08 11:22:10.186633 PORTEVENT TC_26_8_1_3_4_3.ttcn3:231 Message enqueued on L from system octetstring : '0E000103490615BF3F0000000000000000000000000000'O id 184
2026/Jun/08 11:22:10.186644 USER TC_26_8_1_3_4_3.ttcn3:231 L3_Port: Message delivered to TTCN-3
2026/Jun/08 11:22:10.894714 USER TC_26_8_1_3_4_3.ttcn3:231 MSC_Port: Connection closed by stub
2026/Jun/08 11:22:10.932285 USER TC_26_8_1_3_4_3.ttcn3:231 L3_Port: Received 39 bytes
2026/Jun/08 11:22:10.932336 USER TC_26_8_1_3_4_3.ttcn3:231 L3_Port: RAW GSMTAP hdr->arfcn=0x4033 RxArfcn=0x4033 Uplink=1 Chan=9 Len=23
2026/Jun/08 11:22:10.932345 USER TC_26_8_1_3_4_3.ttcn3:231 L3_Port: RX: 03 21 01 2B 2B 2B 2B 2B 2B 2B 2B 2B 2B 2B 2B 2B 2B 2B 2B 2B 2B 2B 2B 
2026/Jun/08 11:22:10.932357 PORTEVENT TC_26_8_1_3_4_3.ttcn3:231 Message enqueued on L from system octetstring : '0321012B2B2B2B2B2B2B2B2B2B2B2B2B2B2B2B2B2B2B2B'O id 185
2026/Jun/08 11:22:10.932367 USER TC_26_8_1_3_4_3.ttcn3:231 L3_Port: Message delivered to TTCN-3
2026/Jun/08 11:22:10.932436 USER TC_26_8_1_3_4_3.ttcn3:231 L3_Port: Received 39 bytes
2026/Jun/08 11:22:10.932444 USER TC_26_8_1_3_4_3.ttcn3:231 L3_Port: RAW GSMTAP hdr->arfcn=0x4033 RxArfcn=0x4033 Uplink=1 Chan=9 Len=23
2026/Jun/08 11:22:10.932449 USER TC_26_8_1_3_4_3.ttcn3:231 L3_Port: RX: 01 53 01 2B 2B 2B 2B 2B 2B 2B 2B 2B 2B 2B 2B 2B 2B 2B 2B 2B 2B 2B 2B 
2026/Jun/08 11:22:10.932455 PORTEVENT TC_26_8_1_3_4_3.ttcn3:231 Message enqueued on L from system octetstring : '0153012B2B2B2B2B2B2B2B2B2B2B2B2B2B2B2B2B2B2B2B'O id 186
2026/Jun/08 11:22:10.932460 USER TC_26_8_1_3_4_3.ttcn3:231 L3_Port: Message delivered to TTCN-3
2026/Jun/08 11:22:11.152445 USER TC_26_8_1_3_4_3.ttcn3:231 L3_Port: Received 39 bytes
2026/Jun/08 11:22:11.152486 USER TC_26_8_1_3_4_3.ttcn3:231 L3_Port: RAW GSMTAP hdr->arfcn=0x4033 RxArfcn=0x4033 Uplink=1 Chan=8 Len=23
2026/Jun/08 11:22:11.152495 USER TC_26_8_1_3_4_3.ttcn3:231 L3_Port: RX: 01 3F 49 05 08 70 09 F1 07 00 00 33 08 99 10 07 00 00 00 00 10 2B 2B 
2026/Jun/08 11:22:11.152506 PORTEVENT TC_26_8_1_3_4_3.ttcn3:231 Message enqueued on L from system octetstring : '013F4905087009F1070000330899100700000000102B2B'O id 187
2026/Jun/08 11:22:11.152523 USER TC_26_8_1_3_4_3.ttcn3:231 L3_Port: Message delivered to TTCN-3
2026/Jun/08 11:22:11.156196 USER TC_26_8_1_3_4_3.ttcn3:231 L3_Port: Received 39 bytes
2026/Jun/08 11:22:11.156238 USER TC_26_8_1_3_4_3.ttcn3:231 L3_Port: RAW GSMTAP hdr->arfcn=0x4033 RxArfcn=0x4033 Uplink=1 Chan=136 Len=23
2026/Jun/08 11:22:11.156322 USER TC_26_8_1_3_4_3.ttcn3:231 L3_Port: RX: 0E 00 01 03 49 06 15 00 40 01 C0 00 00 00 00 00 00 00 00 00 00 00 00 
2026/Jun/08 11:22:11.156338 PORTEVENT TC_26_8_1_3_4_3.ttcn3:231 Message enqueued on L from system octetstring : '0E000103490615004001C0000000000000000000000000'O id 188
2026/Jun/08 11:22:11.156355 USER TC_26_8_1_3_4_3.ttcn3:231 L3_Port: Message delivered to TTCN-3
2026/Jun/08 11:22:12.153332 USER TC_26_8_1_3_4_3.ttcn3:231 L3_Port: Received 39 bytes
2026/Jun/08 11:22:12.153391 USER TC_26_8_1_3_4_3.ttcn3:231 L3_Port: RAW GSMTAP hdr->arfcn=0x4033 RxArfcn=0x4033 Uplink=1 Chan=136 Len=23
2026/Jun/08 11:22:12.153400 USER TC_26_8_1_3_4_3.ttcn3:231 L3_Port: RX: 0E 00 01 03 49 06 15 00 40 01 C0 00 00 00 00 00 00 00 00 00 00 00 00 
2026/Jun/08 11:22:12.153413 PORTEVENT TC_26_8_1_3_4_3.ttcn3:231 Message enqueued on L from system octetstring : '0E000103490615004001C0000000000000000000000000'O id 189
2026/Jun/08 11:22:12.153425 USER TC_26_8_1_3_4_3.ttcn3:231 L3_Port: Message delivered to TTCN-3
2026/Jun/08 11:22:12.153784 USER TC_26_8_1_3_4_3.ttcn3:231 L3_Port: Received 39 bytes
2026/Jun/08 11:22:12.153797 USER TC_26_8_1_3_4_3.ttcn3:231 L3_Port: RAW GSMTAP hdr->arfcn=0x4033 RxArfcn=0x4033 Uplink=1 Chan=8 Len=23
2026/Jun/08 11:22:12.153803 USER TC_26_8_1_3_4_3.ttcn3:231 L3_Port: RX: 01 3F 49 05 08 70 09 F1 07 00 00 33 08 99 10 07 00 00 00 00 10 2B 2B 
2026/Jun/08 11:22:12.153810 PORTEVENT TC_26_8_1_3_4_3.ttcn3:231 Message enqueued on L from system octetstring : '013F4905087009F1070000330899100700000000102B2B'O id 190
2026/Jun/08 11:22:12.153816 USER TC_26_8_1_3_4_3.ttcn3:231 L3_Port: Message delivered to TTCN-3
2026/Jun/08 11:22:13.159679 USER TC_26_8_1_3_4_3.ttcn3:231 L3_Port: Received 39 bytes
2026/Jun/08 11:22:13.159838 USER TC_26_8_1_3_4_3.ttcn3:231 L3_Port: RAW GSMTAP hdr->arfcn=0x4033 RxArfcn=0x4033 Uplink=1 Chan=8 Len=23
2026/Jun/08 11:22:13.159853 USER TC_26_8_1_3_4_3.ttcn3:231 L3_Port: RX: 01 3F 49 05 08 70 09 F1 07 00 00 33 08 99 10 07 00 00 00 00 10 2B 2B 
2026/Jun/08 11:22:13.159865 PORTEVENT TC_26_8_1_3_4_3.ttcn3:231 Message enqueued on L from system octetstring : '013F4905087009F1070000330899100700000000102B2B'O id 191
2026/Jun/08 11:22:13.159875 USER TC_26_8_1_3_4_3.ttcn3:231 L3_Port: Message delivered to TTCN-3
2026/Jun/08 11:22:13.160212 USER TC_26_8_1_3_4_3.ttcn3:231 L3_Port: Received 39 bytes
2026/Jun/08 11:22:13.160229 USER TC_26_8_1_3_4_3.ttcn3:231 L3_Port: RAW GSMTAP hdr->arfcn=0x4033 RxArfcn=0x4033 Uplink=1 Chan=136 Len=23
2026/Jun/08 11:22:13.160237 USER TC_26_8_1_3_4_3.ttcn3:231 L3_Port: RX: 0E 00 01 03 49 06 15 00 40 01 C0 00 00 00 00 00 00 00 00 00 00 00 00 
2026/Jun/08 11:22:13.160244 PORTEVENT TC_26_8_1_3_4_3.ttcn3:231 Message enqueued on L from system octetstring : '0E000103490615004001C0000000000000000000000000'O id 192
2026/Jun/08 11:22:13.160252 USER TC_26_8_1_3_4_3.ttcn3:231 L3_Port: Message delivered to TTCN-3
2026/Jun/08 11:22:14.157964 USER TC_26_8_1_3_4_3.ttcn3:231 L3_Port: Received 39 bytes
2026/Jun/08 11:22:14.158026 USER TC_26_8_1_3_4_3.ttcn3:231 L3_Port: RAW GSMTAP hdr->arfcn=0x4033 RxArfcn=0x4033 Uplink=1 Chan=8 Len=23
2026/Jun/08 11:22:14.158037 USER TC_26_8_1_3_4_3.ttcn3:231 L3_Port: RX: 01 3F 49 05 08 70 09 F1 07 00 00 33 08 99 10 07 00 00 00 00 10 2B 2B 
2026/Jun/08 11:22:14.158050 PORTEVENT TC_26_8_1_3_4_3.ttcn3:231 Message enqueued on L from system octetstring : '013F4905087009F1070000330899100700000000102B2B'O id 193
2026/Jun/08 11:22:14.158064 USER TC_26_8_1_3_4_3.ttcn3:231 L3_Port: Message delivered to TTCN-3
2026/Jun/08 11:22:14.158118 USER TC_26_8_1_3_4_3.ttcn3:231 L3_Port: Received 39 bytes
2026/Jun/08 11:22:14.158138 USER TC_26_8_1_3_4_3.ttcn3:231 L3_Port: RAW GSMTAP hdr->arfcn=0x4033 RxArfcn=0x4033 Uplink=1 Chan=136 Len=23
2026/Jun/08 11:22:14.158145 USER TC_26_8_1_3_4_3.ttcn3:231 L3_Port: RX: 0E 00 01 03 49 06 15 00 40 01 C0 00 00 00 00 00 00 00 00 00 00 00 00 
2026/Jun/08 11:22:14.158150 PORTEVENT TC_26_8_1_3_4_3.ttcn3:231 Message enqueued on L from system octetstring : '0E000103490615004001C0000000000000000000000000'O id 194
2026/Jun/08 11:22:14.158156 USER TC_26_8_1_3_4_3.ttcn3:231 L3_Port: Message delivered to TTCN-3
2026/Jun/08 11:22:15.157254 USER TC_26_8_1_3_4_3.ttcn3:231 L3_Port: Received 39 bytes
2026/Jun/08 11:22:15.157309 USER TC_26_8_1_3_4_3.ttcn3:231 L3_Port: RAW GSMTAP hdr->arfcn=0x4033 RxArfcn=0x4033 Uplink=1 Chan=136 Len=23
2026/Jun/08 11:22:15.157320 USER TC_26_8_1_3_4_3.ttcn3:231 L3_Port: RX: 0E 00 01 03 49 06 15 00 40 01 C0 00 00 00 00 00 00 00 00 00 00 00 00 
2026/Jun/08 11:22:15.157334 PORTEVENT TC_26_8_1_3_4_3.ttcn3:231 Message enqueued on L from system octetstring : '0E000103490615004001C0000000000000000000000000'O id 195
2026/Jun/08 11:22:15.157346 USER TC_26_8_1_3_4_3.ttcn3:231 L3_Port: Message delivered to TTCN-3
2026/Jun/08 11:22:16.159732 USER TC_26_8_1_3_4_3.ttcn3:231 L3_Port: Received 39 bytes
2026/Jun/08 11:22:16.159781 USER TC_26_8_1_3_4_3.ttcn3:231 L3_Port: RAW GSMTAP hdr->arfcn=0x4033 RxArfcn=0x4033 Uplink=1 Chan=136 Len=23
2026/Jun/08 11:22:16.159790 USER TC_26_8_1_3_4_3.ttcn3:231 L3_Port: RX: 0E 00 01 03 49 06 15 00 40 01 C0 00 00 00 00 00 00 00 00 00 00 00 00 
2026/Jun/08 11:22:16.159801 PORTEVENT TC_26_8_1_3_4_3.ttcn3:231 Message enqueued on L from system octetstring : '0E000103490615004001C0000000000000000000000000'O id 196
2026/Jun/08 11:22:16.159812 USER TC_26_8_1_3_4_3.ttcn3:231 L3_Port: Message delivered to TTCN-3
2026/Jun/08 11:22:16.437240 USER TC_26_8_1_3_4_3.ttcn3:231 L3_Port: Received 17 bytes
2026/Jun/08 11:22:16.437303 USER TC_26_8_1_3_4_3.ttcn3:231 L3_Port: RAW GSMTAP hdr->arfcn=0x4033 RxArfcn=0x4033 Uplink=1 Chan=3 Len=1
2026/Jun/08 11:22:16.437310 USER TC_26_8_1_3_4_3.ttcn3:231 L3_Port: RX: 05 
2026/Jun/08 11:22:16.437564 PORTEVENT TC_26_8_1_3_4_3.ttcn3:231 Message enqueued on L from system octetstring : '050001F2EE'O id 197
2026/Jun/08 11:22:16.437577 USER TC_26_8_1_3_4_3.ttcn3:231 L3_Port: Message delivered to TTCN-3
2026/Jun/08 11:22:16.445555 USER TC_26_8_1_3_4_3.ttcn3:231 L3_Port: Received 17 bytes
2026/Jun/08 11:22:16.445610 USER TC_26_8_1_3_4_3.ttcn3:231 L3_Port: RAW GSMTAP hdr->arfcn=0x4033 RxArfcn=0x4033 Uplink=1 Chan=3 Len=1
2026/Jun/08 11:22:16.445617 USER TC_26_8_1_3_4_3.ttcn3:231 L3_Port: RX: 06 
2026/Jun/08 11:22:16.445628 PORTEVENT TC_26_8_1_3_4_3.ttcn3:231 Message enqueued on L from system octetstring : '060001F322'O id 198
2026/Jun/08 11:22:16.445640 USER TC_26_8_1_3_4_3.ttcn3:231 L3_Port: Message delivered to TTCN-3
2026/Jun/08 11:22:16.448872 USER TC_26_8_1_3_4_3.ttcn3:231 L3_Port: Received 17 bytes
2026/Jun/08 11:22:16.448911 USER TC_26_8_1_3_4_3.ttcn3:231 L3_Port: RAW GSMTAP hdr->arfcn=0x4033 RxArfcn=0x4033 Uplink=1 Chan=3 Len=1
2026/Jun/08 11:22:16.448922 USER TC_26_8_1_3_4_3.ttcn3:231 L3_Port: RX: 0E 
2026/Jun/08 11:22:16.448929 PORTEVENT TC_26_8_1_3_4_3.ttcn3:231 Message enqueued on L from system octetstring : '0E0001F339'O id 199
2026/Jun/08 11:22:16.448939 USER TC_26_8_1_3_4_3.ttcn3:231 L3_Port: Message delivered to TTCN-3
2026/Jun/08 11:22:16.455584 USER TC_26_8_1_3_4_3.ttcn3:231 L3_Port: Received 17 bytes
2026/Jun/08 11:22:16.455635 USER TC_26_8_1_3_4_3.ttcn3:231 L3_Port: RAW GSMTAP hdr->arfcn=0x4033 RxArfcn=0x4033 Uplink=1 Chan=3 Len=1
2026/Jun/08 11:22:16.455642 USER TC_26_8_1_3_4_3.ttcn3:231 L3_Port: RX: 09 
2026/Jun/08 11:22:16.455652 PORTEVENT TC_26_8_1_3_4_3.ttcn3:231 Message enqueued on L from system octetstring : '090001F2EF'O id 200
2026/Jun/08 11:22:16.455664 USER TC_26_8_1_3_4_3.ttcn3:231 L3_Port: Message delivered to TTCN-3
2026/Jun/08 11:22:16.458022 USER TC_26_8_1_3_4_3.ttcn3:231 L3_Port: Received 17 bytes
2026/Jun/08 11:22:16.458052 USER TC_26_8_1_3_4_3.ttcn3:231 L3_Port: RAW GSMTAP hdr->arfcn=0x4033 RxArfcn=0x4033 Uplink=1 Chan=3 Len=1
2026/Jun/08 11:22:16.458071 USER TC_26_8_1_3_4_3.ttcn3:231 L3_Port: RX: 0F 
2026/Jun/08 11:22:16.458078 PORTEVENT TC_26_8_1_3_4_3.ttcn3:231 Message enqueued on L from system octetstring : '0F0001F327'O id 201
2026/Jun/08 11:22:16.458085 USER TC_26_8_1_3_4_3.ttcn3:231 L3_Port: Message delivered to TTCN-3
2026/Jun/08 11:22:16.463475 USER TC_26_8_1_3_4_3.ttcn3:231 L3_Port: Received 17 bytes
2026/Jun/08 11:22:16.463511 USER TC_26_8_1_3_4_3.ttcn3:231 L3_Port: RAW GSMTAP hdr->arfcn=0x4033 RxArfcn=0x4033 Uplink=1 Chan=3 Len=1
2026/Jun/08 11:22:16.463517 USER TC_26_8_1_3_4_3.ttcn3:231 L3_Port: RX: 09 
2026/Jun/08 11:22:16.463524 PORTEVENT TC_26_8_1_3_4_3.ttcn3:231 Message enqueued on L from system octetstring : '090001F2F1'O id 202
2026/Jun/08 11:22:16.463533 USER TC_26_8_1_3_4_3.ttcn3:231 L3_Port: Message delivered to TTCN-3
2026/Jun/08 11:22:16.464554 USER TC_26_8_1_3_4_3.ttcn3:231 L3_Port: Received 17 bytes
2026/Jun/08 11:22:16.464603 USER TC_26_8_1_3_4_3.ttcn3:231 L3_Port: RAW GSMTAP hdr->arfcn=0x4033 RxArfcn=0x4033 Uplink=1 Chan=3 Len=1
2026/Jun/08 11:22:16.464611 USER TC_26_8_1_3_4_3.ttcn3:231 L3_Port: RX: 0C 
2026/Jun/08 11:22:16.464621 PORTEVENT TC_26_8_1_3_4_3.ttcn3:231 Message enqueued on L from system octetstring : '0C0001F355'O id 203
2026/Jun/08 11:22:16.464632 USER TC_26_8_1_3_4_3.ttcn3:231 L3_Port: Message delivered to TTCN-3
2026/Jun/08 11:22:16.470003 USER TC_26_8_1_3_4_3.ttcn3:231 L3_Port: Received 17 bytes
2026/Jun/08 11:22:16.470043 USER TC_26_8_1_3_4_3.ttcn3:231 L3_Port: RAW GSMTAP hdr->arfcn=0x4033 RxArfcn=0x4033 Uplink=1 Chan=3 Len=1
2026/Jun/08 11:22:16.470050 USER TC_26_8_1_3_4_3.ttcn3:231 L3_Port: RX: 0D 
2026/Jun/08 11:22:16.470059 PORTEVENT TC_26_8_1_3_4_3.ttcn3:231 Message enqueued on L from system octetstring : '0D0001F31E'O id 204
2026/Jun/08 11:22:16.470070 USER TC_26_8_1_3_4_3.ttcn3:231 L3_Port: Message delivered to TTCN-3
2026/Jun/08 11:22:16.520407 USER TC_26_8_1_3_4_3.ttcn3:231 L3_Port: Received 39 bytes
2026/Jun/08 11:22:16.520463 USER TC_26_8_1_3_4_3.ttcn3:231 L3_Port: RAW GSMTAP hdr->arfcn=0x4033 RxArfcn=0x4033 Uplink=1 Chan=137 Len=23
2026/Jun/08 11:22:16.520472 USER TC_26_8_1_3_4_3.ttcn3:231 L3_Port: RX: 0E 00 01 03 49 06 15 80 40 00 00 00 00 00 00 00 00 00 00 00 00 00 00 
2026/Jun/08 11:22:16.520484 PORTEVENT TC_26_8_1_3_4_3.ttcn3:231 Message enqueued on L from system octetstring : '0E00010349061580400000000000000000000000000000'O id 205
2026/Jun/08 11:22:16.520495 USER TC_26_8_1_3_4_3.ttcn3:231 L3_Port: Message delivered to TTCN-3
2026/Jun/08 11:22:16.521113 USER TC_26_8_1_3_4_3.ttcn3:231 L3_Port: Received 39 bytes
2026/Jun/08 11:22:16.521137 USER TC_26_8_1_3_4_3.ttcn3:231 L3_Port: RAW GSMTAP hdr->arfcn=0x4033 RxArfcn=0x4033 Uplink=1 Chan=9 Len=23
2026/Jun/08 11:22:16.521145 USER TC_26_8_1_3_4_3.ttcn3:231 L3_Port: RX: 01 3F 49 05 08 70 09 F1 07 00 00 33 08 99 10 07 00 00 00 00 10 2B 2B 
2026/Jun/08 11:22:16.521152 PORTEVENT TC_26_8_1_3_4_3.ttcn3:231 Message enqueued on L from system octetstring : '013F4905087009F1070000330899100700000000102B2B'O id 206
2026/Jun/08 11:22:16.521159 USER TC_26_8_1_3_4_3.ttcn3:231 L3_Port: Message delivered to TTCN-3
2026/Jun/08 11:22:17.521648 USER TC_26_8_1_3_4_3.ttcn3:231 L3_Port: Received 39 bytes
2026/Jun/08 11:22:17.521702 USER TC_26_8_1_3_4_3.ttcn3:231 L3_Port: RAW GSMTAP hdr->arfcn=0x4033 RxArfcn=0x4033 Uplink=1 Chan=137 Len=23
2026/Jun/08 11:22:17.521711 USER TC_26_8_1_3_4_3.ttcn3:231 L3_Port: RX: 0F 00 01 03 49 06 15 BF 3F 00 00 00 00 00 00 00 00 00 00 00 00 00 00 
2026/Jun/08 11:22:17.521722 PORTEVENT TC_26_8_1_3_4_3.ttcn3:231 Message enqueued on L from system octetstring : '0F000103490615BF3F0000000000000000000000000000'O id 207
2026/Jun/08 11:22:17.521733 USER TC_26_8_1_3_4_3.ttcn3:231 L3_Port: Message delivered to TTCN-3
2026/Jun/08 11:22:18.522792 USER TC_26_8_1_3_4_3.ttcn3:231 L3_Port: Received 39 bytes
2026/Jun/08 11:22:18.522899 USER TC_26_8_1_3_4_3.ttcn3:231 L3_Port: RAW GSMTAP hdr->arfcn=0x4033 RxArfcn=0x4033 Uplink=1 Chan=137 Len=23
2026/Jun/08 11:22:18.522922 USER TC_26_8_1_3_4_3.ttcn3:231 L3_Port: RX: 0F 00 01 03 49 06 15 BF 3F 00 00 00 00 00 00 00 00 00 00 00 00 00 00 
2026/Jun/08 11:22:18.522960 PORTEVENT TC_26_8_1_3_4_3.ttcn3:231 Message enqueued on L from system octetstring : '0F000103490615BF3F0000000000000000000000000000'O id 208
2026/Jun/08 11:22:18.522984 USER TC_26_8_1_3_4_3.ttcn3:231 L3_Port: Message delivered to TTCN-3
2026/Jun/08 11:22:18.707728 TIMEROP TC_26_8_1_3_4_3.ttcn3:240 Timeout T_lu_settle: 25 s
2026/Jun/08 11:22:18.707789 USER TC_26_8_1_3_4_3.ttcn3:241 TC_26_8_1_3_4_3: MS now in idle-updated state (25s settle complete)
2026/Jun/08 11:22:18.707810 USER TC_26_8_1_3_4_3.ttcn3:274 *** Phase 2: [1] +BasicServiceMTorTelephony -- selecting telephony service ***
2026/Jun/08 11:22:18.707815 USER TC_26_8_1_3_4_3.ttcn3:275 TC_26_8_1_3_4_3: [1] TSPX_MTNIC_BscSvcI/ChRateI -- MT NIC service/channel selected
2026/Jun/08 11:22:18.707860 USER TC_26_8_1_3_4_3.ttcn3:278 *** Phase 2a: [3a] +CCEstablishMT_SDCCH4 -- sending PAGING REQUEST (SDCCH, no TCH) ***
2026/Jun/08 11:22:18.707868 USER TC_26_8_1_3_4_3.ttcn3:279 TC_26_8_1_3_4_3: [3a] NOTE: Using SDCCH path -- no TCH will be assigned
2026/Jun/08 11:22:18.707886 PORTEVENT TC_26_8_1_3_4_3.ttcn3:280 Sent on MSC to system charstring : "{\"command\": \"CMD_SEND_PAGING\", \"params\": {\"imsi\": \"901700000000001\", \"lac\": 4242, \"cell_id\": 4242, \"tmsi\": 305419896}}"
2026/Jun/08 11:22:18.707906 WARNING TC_26_8_1_3_4_3.ttcn3:280 MSC_Port: Not connected
2026/Jun/08 11:22:18.707913 USER TC_26_8_1_3_4_3.ttcn3:283 TC_26_8_1_3_4_3: PAGING REQUEST sent for TMSI=305419896
2026/Jun/08 11:22:18.707924 USER TC_26_8_1_3_4_3.ttcn3:286 TC_26_8_1_3_4_3: Waiting for paging response / new connection (T_page=30s)...
2026/Jun/08 11:22:18.707930 TIMEROP TC_26_8_1_3_4_3.ttcn3:288 Start timer T_paging_rsp: 30 s
2026/Jun/08 11:22:19.522239 USER TC_26_8_1_3_4_3.ttcn3:289 L3_Port: Received 39 bytes
2026/Jun/08 11:22:19.522324 USER TC_26_8_1_3_4_3.ttcn3:289 L3_Port: RAW GSMTAP hdr->arfcn=0x4033 RxArfcn=0x4033 Uplink=1 Chan=137 Len=23
2026/Jun/08 11:22:19.522349 USER TC_26_8_1_3_4_3.ttcn3:289 L3_Port: RX: 0F 00 01 03 49 06 15 BF 3F 00 00 00 00 00 00 00 00 00 00 00 00 00 00 
2026/Jun/08 11:22:19.522375 PORTEVENT TC_26_8_1_3_4_3.ttcn3:289 Message enqueued on L from system octetstring : '0F000103490615BF3F0000000000000000000000000000'O id 209
2026/Jun/08 11:22:19.522400 USER TC_26_8_1_3_4_3.ttcn3:289 L3_Port: Message delivered to TTCN-3
2026/Jun/08 11:22:20.522712 USER TC_26_8_1_3_4_3.ttcn3:289 L3_Port: Received 39 bytes
2026/Jun/08 11:22:20.522797 USER TC_26_8_1_3_4_3.ttcn3:289 L3_Port: RAW GSMTAP hdr->arfcn=0x4033 RxArfcn=0x4033 Uplink=1 Chan=137 Len=23
2026/Jun/08 11:22:20.522842 USER TC_26_8_1_3_4_3.ttcn3:289 L3_Port: RX: 0F 00 01 03 49 06 15 BF 3F 00 00 00 00 00 00 00 00 00 00 00 00 00 00 
2026/Jun/08 11:22:20.522870 PORTEVENT TC_26_8_1_3_4_3.ttcn3:289 Message enqueued on L from system octetstring : '0F000103490615BF3F0000000000000000000000000000'O id 210
2026/Jun/08 11:22:20.522893 USER TC_26_8_1_3_4_3.ttcn3:289 L3_Port: Message delivered to TTCN-3
2026/Jun/08 11:22:21.523038 USER TC_26_8_1_3_4_3.ttcn3:289 L3_Port: Received 39 bytes
2026/Jun/08 11:22:21.523083 USER TC_26_8_1_3_4_3.ttcn3:289 L3_Port: RAW GSMTAP hdr->arfcn=0x4033 RxArfcn=0x4033 Uplink=1 Chan=137 Len=23
2026/Jun/08 11:22:21.523093 USER TC_26_8_1_3_4_3.ttcn3:289 L3_Port: RX: 0E 00 01 03 49 06 15 BF 3F 00 00 00 00 00 00 00 00 00 00 00 00 00 00 
2026/Jun/08 11:22:21.523104 PORTEVENT TC_26_8_1_3_4_3.ttcn3:289 Message enqueued on L from system octetstring : '0E000103490615BF3F0000000000000000000000000000'O id 211
2026/Jun/08 11:22:21.523115 USER TC_26_8_1_3_4_3.ttcn3:289 L3_Port: Message delivered to TTCN-3
2026/Jun/08 11:22:22.525806 USER TC_26_8_1_3_4_3.ttcn3:289 L3_Port: Received 39 bytes
2026/Jun/08 11:22:22.525905 USER TC_26_8_1_3_4_3.ttcn3:289 L3_Port: RAW GSMTAP hdr->arfcn=0x4033 RxArfcn=0x4033 Uplink=1 Chan=137 Len=23
2026/Jun/08 11:22:22.525931 USER TC_26_8_1_3_4_3.ttcn3:289 L3_Port: RX: 0E 00 01 03 49 06 15 BF 3F 00 00 00 00 00 00 00 00 00 00 00 00 00 00 
2026/Jun/08 11:22:22.525956 PORTEVENT TC_26_8_1_3_4_3.ttcn3:289 Message enqueued on L from system octetstring : '0E000103490615BF3F0000000000000000000000000000'O id 212
2026/Jun/08 11:22:22.525989 USER TC_26_8_1_3_4_3.ttcn3:289 L3_Port: Message delivered to TTCN-3
2026/Jun/08 11:22:23.524278 USER TC_26_8_1_3_4_3.ttcn3:289 L3_Port: Received 39 bytes
2026/Jun/08 11:22:23.524331 USER TC_26_8_1_3_4_3.ttcn3:289 L3_Port: RAW GSMTAP hdr->arfcn=0x4033 RxArfcn=0x4033 Uplink=1 Chan=137 Len=23
2026/Jun/08 11:22:23.524339 USER TC_26_8_1_3_4_3.ttcn3:289 L3_Port: RX: 0E 00 01 03 49 06 15 BF 3F 00 00 00 00 00 00 00 00 00 00 00 00 00 00 
2026/Jun/08 11:22:23.524352 PORTEVENT TC_26_8_1_3_4_3.ttcn3:289 Message enqueued on L from system octetstring : '0E000103490615BF3F0000000000000000000000000000'O id 213
2026/Jun/08 11:22:23.524364 USER TC_26_8_1_3_4_3.ttcn3:289 L3_Port: Message delivered to TTCN-3
2026/Jun/08 11:22:23.843114 USER TC_26_8_1_3_4_3.ttcn3:289 L3_Port: Received 17 bytes
2026/Jun/08 11:22:23.843166 USER TC_26_8_1_3_4_3.ttcn3:289 L3_Port: RAW GSMTAP hdr->arfcn=0x4033 RxArfcn=0x4033 Uplink=1 Chan=3 Len=1
2026/Jun/08 11:22:23.843173 USER TC_26_8_1_3_4_3.ttcn3:289 L3_Port: RX: 1D 
2026/Jun/08 11:22:23.843185 PORTEVENT TC_26_8_1_3_4_3.ttcn3:289 Message enqueued on L from system octetstring : '1D0001F881'O id 214
2026/Jun/08 11:22:23.843198 USER TC_26_8_1_3_4_3.ttcn3:289 L3_Port: Message delivered to TTCN-3
2026/Jun/08 11:22:23.845418 USER TC_26_8_1_3_4_3.ttcn3:289 L3_Port: Received 17 bytes
2026/Jun/08 11:22:23.845442 USER TC_26_8_1_3_4_3.ttcn3:289 L3_Port: RAW GSMTAP hdr->arfcn=0x4033 RxArfcn=0x4033 Uplink=1 Chan=3 Len=1
2026/Jun/08 11:22:23.845449 USER TC_26_8_1_3_4_3.ttcn3:289 L3_Port: RX: 15 
2026/Jun/08 11:22:23.845456 PORTEVENT TC_26_8_1_3_4_3.ttcn3:289 Message enqueued on L from system octetstring : '150001FA1F'O id 215
2026/Jun/08 11:22:23.845464 USER TC_26_8_1_3_4_3.ttcn3:289 L3_Port: Message delivered to TTCN-3
2026/Jun/08 11:22:23.846697 USER TC_26_8_1_3_4_3.ttcn3:289 L3_Port: Received 17 bytes
2026/Jun/08 11:22:23.846711 USER TC_26_8_1_3_4_3.ttcn3:289 L3_Port: RAW GSMTAP hdr->arfcn=0x4033 RxArfcn=0x4033 Uplink=1 Chan=3 Len=1
2026/Jun/08 11:22:23.846716 USER TC_26_8_1_3_4_3.ttcn3:289 L3_Port: RX: 14 
2026/Jun/08 11:22:23.846722 PORTEVENT TC_26_8_1_3_4_3.ttcn3:289 Message enqueued on L from system octetstring : '140001F985'O id 216
2026/Jun/08 11:22:23.846729 USER TC_26_8_1_3_4_3.ttcn3:289 L3_Port: Message delivered to TTCN-3
2026/Jun/08 11:22:23.847522 USER TC_26_8_1_3_4_3.ttcn3:289 L3_Port: Received 17 bytes
2026/Jun/08 11:22:23.847542 USER TC_26_8_1_3_4_3.ttcn3:289 L3_Port: RAW GSMTAP hdr->arfcn=0x4033 RxArfcn=0x4033 Uplink=1 Chan=3 Len=1
2026/Jun/08 11:22:23.847547 USER TC_26_8_1_3_4_3.ttcn3:289 L3_Port: RX: 1E 
2026/Jun/08 11:22:23.847553 PORTEVENT TC_26_8_1_3_4_3.ttcn3:289 Message enqueued on L from system octetstring : '1E0001FA1E'O id 217
2026/Jun/08 11:22:23.847560 USER TC_26_8_1_3_4_3.ttcn3:289 L3_Port: Message delivered to TTCN-3
2026/Jun/08 11:22:23.848399 USER TC_26_8_1_3_4_3.ttcn3:289 L3_Port: Received 17 bytes
2026/Jun/08 11:22:23.848418 USER TC_26_8_1_3_4_3.ttcn3:289 L3_Port: RAW GSMTAP hdr->arfcn=0x4033 RxArfcn=0x4033 Uplink=1 Chan=3 Len=1
2026/Jun/08 11:22:23.848423 USER TC_26_8_1_3_4_3.ttcn3:289 L3_Port: RX: 17 
2026/Jun/08 11:22:23.848429 PORTEVENT TC_26_8_1_3_4_3.ttcn3:289 Message enqueued on L from system octetstring : '170001F989'O id 218
2026/Jun/08 11:22:23.848435 USER TC_26_8_1_3_4_3.ttcn3:289 L3_Port: Message delivered to TTCN-3
2026/Jun/08 11:22:23.850807 USER TC_26_8_1_3_4_3.ttcn3:289 L3_Port: Received 17 bytes
2026/Jun/08 11:22:23.850896 USER TC_26_8_1_3_4_3.ttcn3:289 L3_Port: RAW GSMTAP hdr->arfcn=0x4033 RxArfcn=0x4033 Uplink=1 Chan=3 Len=1
2026/Jun/08 11:22:23.850914 USER TC_26_8_1_3_4_3.ttcn3:289 L3_Port: RX: 13 
2026/Jun/08 11:22:23.850934 PORTEVENT TC_26_8_1_3_4_3.ttcn3:289 Message enqueued on L from system octetstring : '130001F953'O id 219
2026/Jun/08 11:22:23.850954 USER TC_26_8_1_3_4_3.ttcn3:289 L3_Port: Message delivered to TTCN-3
2026/Jun/08 11:22:23.852482 USER TC_26_8_1_3_4_3.ttcn3:289 L3_Port: Received 17 bytes
2026/Jun/08 11:22:23.852511 USER TC_26_8_1_3_4_3.ttcn3:289 L3_Port: RAW GSMTAP hdr->arfcn=0x4033 RxArfcn=0x4033 Uplink=1 Chan=3 Len=1
2026/Jun/08 11:22:23.852525 USER TC_26_8_1_3_4_3.ttcn3:289 L3_Port: RX: 13 
2026/Jun/08 11:22:23.852531 PORTEVENT TC_26_8_1_3_4_3.ttcn3:289 Message enqueued on L from system octetstring : '130001F984'O id 220
2026/Jun/08 11:22:23.852538 USER TC_26_8_1_3_4_3.ttcn3:289 L3_Port: Message delivered to TTCN-3
2026/Jun/08 11:22:23.855784 USER TC_26_8_1_3_4_3.ttcn3:289 L3_Port: Received 17 bytes
2026/Jun/08 11:22:23.855811 USER TC_26_8_1_3_4_3.ttcn3:289 L3_Port: RAW GSMTAP hdr->arfcn=0x4033 RxArfcn=0x4033 Uplink=1 Chan=3 Len=1
2026/Jun/08 11:22:23.855818 USER TC_26_8_1_3_4_3.ttcn3:289 L3_Port: RX: 14 
2026/Jun/08 11:22:23.855832 PORTEVENT TC_26_8_1_3_4_3.ttcn3:289 Message enqueued on L from system octetstring : '140001F9AC'O id 221
2026/Jun/08 11:22:23.855840 USER TC_26_8_1_3_4_3.ttcn3:289 L3_Port: Message delivered to TTCN-3
2026/Jun/08 11:22:24.150298 USER TC_26_8_1_3_4_3.ttcn3:289 L3_Port: Received 39 bytes
2026/Jun/08 11:22:24.150345 USER TC_26_8_1_3_4_3.ttcn3:289 L3_Port: RAW GSMTAP hdr->arfcn=0x4033 RxArfcn=0x4033 Uplink=1 Chan=8 Len=23
2026/Jun/08 11:22:24.150353 USER TC_26_8_1_3_4_3.ttcn3:289 L3_Port: RX: 01 3F 25 05 01 33 05 F4 12 34 56 78 2B 2B 2B 2B 2B 2B 2B 2B 2B 2B 2B 
2026/Jun/08 11:22:24.150366 PORTEVENT TC_26_8_1_3_4_3.ttcn3:289 Message enqueued on L from system octetstring : '013F2505013305F4123456782B2B2B2B2B2B2B2B2B2B2B'O id 222
2026/Jun/08 11:22:24.150378 USER TC_26_8_1_3_4_3.ttcn3:289 L3_Port: Message delivered to TTCN-3
2026/Jun/08 11:22:24.150699 USER TC_26_8_1_3_4_3.ttcn3:289 L3_Port: Received 39 bytes
2026/Jun/08 11:22:24.150729 USER TC_26_8_1_3_4_3.ttcn3:289 L3_Port: RAW GSMTAP hdr->arfcn=0x4033 RxArfcn=0x4033 Uplink=1 Chan=136 Len=23
2026/Jun/08 11:22:24.150741 USER TC_26_8_1_3_4_3.ttcn3:289 L3_Port: RX: 0E 00 01 03 49 06 15 80 40 00 00 00 00 00 00 00 00 00 00 00 00 00 00 
2026/Jun/08 11:22:24.150753 PORTEVENT TC_26_8_1_3_4_3.ttcn3:289 Message enqueued on L from system octetstring : '0E00010349061580400000000000000000000000000000'O id 223
2026/Jun/08 11:22:24.150764 USER TC_26_8_1_3_4_3.ttcn3:289 L3_Port: Message delivered to TTCN-3
2026/Jun/08 11:22:24.524129 USER TC_26_8_1_3_4_3.ttcn3:289 L3_Port: Received 39 bytes
2026/Jun/08 11:22:24.524220 USER TC_26_8_1_3_4_3.ttcn3:289 L3_Port: RAW GSMTAP hdr->arfcn=0x4033 RxArfcn=0x4033 Uplink=1 Chan=137 Len=23
2026/Jun/08 11:22:24.524246 USER TC_26_8_1_3_4_3.ttcn3:289 L3_Port: RX: 0E 00 01 03 49 06 15 BF 3F 00 00 00 00 00 00 00 00 00 00 00 00 00 00 
2026/Jun/08 11:22:24.524270 PORTEVENT TC_26_8_1_3_4_3.ttcn3:289 Message enqueued on L from system octetstring : '0E000103490615BF3F0000000000000000000000000000'O id 224
2026/Jun/08 11:22:24.524292 USER TC_26_8_1_3_4_3.ttcn3:289 L3_Port: Message delivered to TTCN-3
2026/Jun/08 11:22:25.153061 USER TC_26_8_1_3_4_3.ttcn3:289 L3_Port: Received 39 bytes
2026/Jun/08 11:22:25.153126 USER TC_26_8_1_3_4_3.ttcn3:289 L3_Port: RAW GSMTAP hdr->arfcn=0x4033 RxArfcn=0x4033 Uplink=1 Chan=136 Len=23
2026/Jun/08 11:22:25.153136 USER TC_26_8_1_3_4_3.ttcn3:289 L3_Port: RX: 0E 00 01 03 49 06 15 BF 3F 00 00 00 00 00 00 00 00 00 00 00 00 00 00 
2026/Jun/08 11:22:25.153150 PORTEVENT TC_26_8_1_3_4_3.ttcn3:289 Message enqueued on L from system octetstring : '0E000103490615BF3F0000000000000000000000000000'O id 225
2026/Jun/08 11:22:25.153164 USER TC_26_8_1_3_4_3.ttcn3:289 L3_Port: Message delivered to TTCN-3
2026/Jun/08 11:22:25.524553 USER TC_26_8_1_3_4_3.ttcn3:289 L3_Port: Received 39 bytes
2026/Jun/08 11:22:25.541229 USER TC_26_8_1_3_4_3.ttcn3:289 L3_Port: RAW GSMTAP hdr->arfcn=0x4033 RxArfcn=0x4033 Uplink=1 Chan=137 Len=23
2026/Jun/08 11:22:25.541256 USER TC_26_8_1_3_4_3.ttcn3:289 L3_Port: RX: 0E 00 01 03 49 06 15 BF 3F 00 00 00 00 00 00 00 00 00 00 00 00 00 00 
2026/Jun/08 11:22:25.541268 PORTEVENT TC_26_8_1_3_4_3.ttcn3:289 Message enqueued on L from system octetstring : '0E000103490615BF3F0000000000000000000000000000'O id 226
2026/Jun/08 11:22:25.541281 USER TC_26_8_1_3_4_3.ttcn3:289 L3_Port: Message delivered to TTCN-3
2026/Jun/08 11:22:26.151660 USER TC_26_8_1_3_4_3.ttcn3:289 L3_Port: Received 39 bytes
2026/Jun/08 11:22:26.151759 USER TC_26_8_1_3_4_3.ttcn3:289 L3_Port: RAW GSMTAP hdr->arfcn=0x4033 RxArfcn=0x4033 Uplink=1 Chan=136 Len=23
2026/Jun/08 11:22:26.151782 USER TC_26_8_1_3_4_3.ttcn3:289 L3_Port: RX: 0E 00 01 03 49 06 15 BF 3F 00 00 00 00 00 00 00 00 00 00 00 00 00 00 
2026/Jun/08 11:22:26.151805 PORTEVENT TC_26_8_1_3_4_3.ttcn3:289 Message enqueued on L from system octetstring : '0E000103490615BF3F0000000000000000000000000000'O id 227
2026/Jun/08 11:22:26.151851 USER TC_26_8_1_3_4_3.ttcn3:289 L3_Port: Message delivered to TTCN-3
2026/Jun/08 11:22:26.526237 USER TC_26_8_1_3_4_3.ttcn3:289 L3_Port: Received 39 bytes
2026/Jun/08 11:22:26.526291 USER TC_26_8_1_3_4_3.ttcn3:289 L3_Port: RAW GSMTAP hdr->arfcn=0x4033 RxArfcn=0x4033 Uplink=1 Chan=137 Len=23
2026/Jun/08 11:22:26.526300 USER TC_26_8_1_3_4_3.ttcn3:289 L3_Port: RX: 0E 00 01 03 49 06 15 BF 3F 00 00 00 00 00 00 00 00 00 00 00 00 00 00 
2026/Jun/08 11:22:26.526313 PORTEVENT TC_26_8_1_3_4_3.ttcn3:289 Message enqueued on L from system octetstring : '0E000103490615BF3F0000000000000000000000000000'O id 228
2026/Jun/08 11:22:26.526324 USER TC_26_8_1_3_4_3.ttcn3:289 L3_Port: Message delivered to TTCN-3
2026/Jun/08 11:22:27.151774 USER TC_26_8_1_3_4_3.ttcn3:289 L3_Port: Received 39 bytes
2026/Jun/08 11:22:27.151841 USER TC_26_8_1_3_4_3.ttcn3:289 L3_Port: RAW GSMTAP hdr->arfcn=0x4033 RxArfcn=0x4033 Uplink=1 Chan=136 Len=23
2026/Jun/08 11:22:27.151853 USER TC_26_8_1_3_4_3.ttcn3:289 L3_Port: RX: 0E 00 01 03 49 06 15 BF 3F 00 00 00 00 00 00 00 00 00 00 00 00 00 00 
2026/Jun/08 11:22:27.151866 PORTEVENT TC_26_8_1_3_4_3.ttcn3:289 Message enqueued on L from system octetstring : '0E000103490615BF3F0000000000000000000000000000'O id 229
2026/Jun/08 11:22:27.151879 USER TC_26_8_1_3_4_3.ttcn3:289 L3_Port: Message delivered to TTCN-3
2026/Jun/08 11:22:27.527119 USER TC_26_8_1_3_4_3.ttcn3:289 L3_Port: Received 39 bytes
2026/Jun/08 11:22:27.527171 USER TC_26_8_1_3_4_3.ttcn3:289 L3_Port: RAW GSMTAP hdr->arfcn=0x4033 RxArfcn=0x4033 Uplink=1 Chan=137 Len=23
2026/Jun/08 11:22:27.527180 USER TC_26_8_1_3_4_3.ttcn3:289 L3_Port: RX: 0E 00 01 03 49 06 15 BF 3F 00 00 00 00 00 00 00 00 00 00 00 00 00 00 
2026/Jun/08 11:22:27.527196 PORTEVENT TC_26_8_1_3_4_3.ttcn3:289 Message enqueued on L from system octetstring : '0E000103490615BF3F0000000000000000000000000000'O id 230
2026/Jun/08 11:22:27.527208 USER TC_26_8_1_3_4_3.ttcn3:289 L3_Port: Message delivered to TTCN-3
2026/Jun/08 11:22:28.158692 USER TC_26_8_1_3_4_3.ttcn3:289 L3_Port: Received 39 bytes
2026/Jun/08 11:22:28.158770 USER TC_26_8_1_3_4_3.ttcn3:289 L3_Port: RAW GSMTAP hdr->arfcn=0x4033 RxArfcn=0x4033 Uplink=1 Chan=136 Len=23
2026/Jun/08 11:22:28.158793 USER TC_26_8_1_3_4_3.ttcn3:289 L3_Port: RX: 0E 00 01 03 49 06 15 BF 3F 00 00 00 00 00 00 00 00 00 00 00 00 00 00 
2026/Jun/08 11:22:28.158816 PORTEVENT TC_26_8_1_3_4_3.ttcn3:289 Message enqueued on L from system octetstring : '0E000103490615BF3F0000000000000000000000000000'O id 231
2026/Jun/08 11:22:28.158867 USER TC_26_8_1_3_4_3.ttcn3:289 L3_Port: Message delivered to TTCN-3
2026/Jun/08 11:22:28.526656 USER TC_26_8_1_3_4_3.ttcn3:289 L3_Port: Received 39 bytes
2026/Jun/08 11:22:28.526709 USER TC_26_8_1_3_4_3.ttcn3:289 L3_Port: RAW GSMTAP hdr->arfcn=0x4033 RxArfcn=0x4033 Uplink=1 Chan=137 Len=23
2026/Jun/08 11:22:28.526719 USER TC_26_8_1_3_4_3.ttcn3:289 L3_Port: RX: 0E 00 01 03 49 06 15 BF 3F 00 00 00 00 00 00 00 00 00 00 00 00 00 00 
2026/Jun/08 11:22:28.526731 PORTEVENT TC_26_8_1_3_4_3.ttcn3:289 Message enqueued on L from system octetstring : '0E000103490615BF3F0000000000000000000000000000'O id 232
2026/Jun/08 11:22:28.526743 USER TC_26_8_1_3_4_3.ttcn3:289 L3_Port: Message delivered to TTCN-3
2026/Jun/08 11:22:29.153810 USER TC_26_8_1_3_4_3.ttcn3:289 L3_Port: Received 39 bytes
2026/Jun/08 11:22:29.153887 USER TC_26_8_1_3_4_3.ttcn3:289 L3_Port: RAW GSMTAP hdr->arfcn=0x4033 RxArfcn=0x4033 Uplink=1 Chan=136 Len=23
2026/Jun/08 11:22:29.153897 USER TC_26_8_1_3_4_3.ttcn3:289 L3_Port: RX: 0E 00 01 03 49 06 15 BF 3F 00 00 00 00 00 00 00 00 00 00 00 00 00 00 
2026/Jun/08 11:22:29.153919 PORTEVENT TC_26_8_1_3_4_3.ttcn3:289 Message enqueued on L from system octetstring : '0E000103490615BF3F0000000000000000000000000000'O id 233
2026/Jun/08 11:22:29.153932 USER TC_26_8_1_3_4_3.ttcn3:289 L3_Port: Message delivered to TTCN-3
2026/Jun/08 11:22:29.225751 USER TC_26_8_1_3_4_3.ttcn3:289 L3_Port: Received 39 bytes
2026/Jun/08 11:22:29.225809 USER TC_26_8_1_3_4_3.ttcn3:289 L3_Port: RAW GSMTAP hdr->arfcn=0x4033 RxArfcn=0x4033 Uplink=1 Chan=8 Len=23
2026/Jun/08 11:22:29.225818 USER TC_26_8_1_3_4_3.ttcn3:289 L3_Port: RX: 01 53 01 2B 2B 2B 2B 2B 2B 2B 2B 2B 2B 2B 2B 2B 2B 2B 2B 2B 2B 2B 2B 
2026/Jun/08 11:22:29.225846 PORTEVENT TC_26_8_1_3_4_3.ttcn3:289 Message enqueued on L from system octetstring : '0153012B2B2B2B2B2B2B2B2B2B2B2B2B2B2B2B2B2B2B2B'O id 234
2026/Jun/08 11:22:29.225856 USER TC_26_8_1_3_4_3.ttcn3:289 L3_Port: Message delivered to TTCN-3
2026/Jun/08 11:22:29.527711 USER TC_26_8_1_3_4_3.ttcn3:289 L3_Port: Received 39 bytes
2026/Jun/08 11:22:29.527764 USER TC_26_8_1_3_4_3.ttcn3:289 L3_Port: RAW GSMTAP hdr->arfcn=0x4033 RxArfcn=0x4033 Uplink=1 Chan=137 Len=23
2026/Jun/08 11:22:29.527773 USER TC_26_8_1_3_4_3.ttcn3:289 L3_Port: RX: 0E 00 01 03 49 06 15 BF 3F 00 00 00 00 00 00 00 00 00 00 00 00 00 00 
2026/Jun/08 11:22:29.527787 PORTEVENT TC_26_8_1_3_4_3.ttcn3:289 Message enqueued on L from system octetstring : '0E000103490615BF3F0000000000000000000000000000'O id 235
2026/Jun/08 11:22:29.527798 USER TC_26_8_1_3_4_3.ttcn3:289 L3_Port: Message delivered to TTCN-3
2026/Jun/08 11:22:30.527136 USER TC_26_8_1_3_4_3.ttcn3:289 L3_Port: Received 39 bytes
2026/Jun/08 11:22:30.527226 USER TC_26_8_1_3_4_3.ttcn3:289 L3_Port: RAW GSMTAP hdr->arfcn=0x4033 RxArfcn=0x4033 Uplink=1 Chan=137 Len=23
2026/Jun/08 11:22:30.527253 USER TC_26_8_1_3_4_3.ttcn3:289 L3_Port: RX: 0E 00 01 03 49 06 15 BF 3F 00 00 00 00 00 00 00 00 00 00 00 00 00 00 
2026/Jun/08 11:22:30.527280 PORTEVENT TC_26_8_1_3_4_3.ttcn3:289 Message enqueued on L from system octetstring : '0E000103490615BF3F0000000000000000000000000000'O id 236
2026/Jun/08 11:22:30.527305 USER TC_26_8_1_3_4_3.ttcn3:289 L3_Port: Message delivered to TTCN-3
2026/Jun/08 11:22:31.528188 USER TC_26_8_1_3_4_3.ttcn3:289 L3_Port: Received 39 bytes
2026/Jun/08 11:22:31.528247 USER TC_26_8_1_3_4_3.ttcn3:289 L3_Port: RAW GSMTAP hdr->arfcn=0x4033 RxArfcn=0x4033 Uplink=1 Chan=137 Len=23
2026/Jun/08 11:22:31.528257 USER TC_26_8_1_3_4_3.ttcn3:289 L3_Port: RX: 0E 00 01 03 49 06 15 BF 3F 00 00 00 00 00 00 00 00 00 00 00 00 00 00 
2026/Jun/08 11:22:31.528271 PORTEVENT TC_26_8_1_3_4_3.ttcn3:289 Message enqueued on L from system octetstring : '0E000103490615BF3F0000000000000000000000000000'O id 237
2026/Jun/08 11:22:31.528284 USER TC_26_8_1_3_4_3.ttcn3:289 L3_Port: Message delivered to TTCN-3
2026/Jun/08 11:22:31.670167 USER TC_26_8_1_3_4_3.ttcn3:289 L3_Port: Received 17 bytes
2026/Jun/08 11:22:31.670219 USER TC_26_8_1_3_4_3.ttcn3:289 L3_Port: RAW GSMTAP hdr->arfcn=0x4033 RxArfcn=0x4033 Uplink=1 Chan=3 Len=1
2026/Jun/08 11:22:31.670227 USER TC_26_8_1_3_4_3.ttcn3:289 L3_Port: RX: 0A 
2026/Jun/08 11:22:31.670240 PORTEVENT TC_26_8_1_3_4_3.ttcn3:289 Message enqueued on L from system octetstring : '0A0001FFDC'O id 238
2026/Jun/08 11:22:31.670253 USER TC_26_8_1_3_4_3.ttcn3:289 L3_Port: Message delivered to TTCN-3
2026/Jun/08 11:22:31.670988 USER TC_26_8_1_3_4_3.ttcn3:289 L3_Port: Received 17 bytes
2026/Jun/08 11:22:31.671009 USER TC_26_8_1_3_4_3.ttcn3:289 L3_Port: RAW GSMTAP hdr->arfcn=0x4033 RxArfcn=0x4033 Uplink=1 Chan=3 Len=1
2026/Jun/08 11:22:31.671016 USER TC_26_8_1_3_4_3.ttcn3:289 L3_Port: RX: 0C 
2026/Jun/08 11:22:31.671023 PORTEVENT TC_26_8_1_3_4_3.ttcn3:289 Message enqueued on L from system octetstring : '0C00020044'O id 239
2026/Jun/08 11:22:31.671029 USER TC_26_8_1_3_4_3.ttcn3:289 L3_Port: Message delivered to TTCN-3
2026/Jun/08 11:22:31.674235 USER TC_26_8_1_3_4_3.ttcn3:289 L3_Port: Received 17 bytes
2026/Jun/08 11:22:31.674259 USER TC_26_8_1_3_4_3.ttcn3:289 L3_Port: RAW GSMTAP hdr->arfcn=0x4033 RxArfcn=0x4033 Uplink=1 Chan=3 Len=1
2026/Jun/08 11:22:31.674267 USER TC_26_8_1_3_4_3.ttcn3:289 L3_Port: RX: 0A 
2026/Jun/08 11:22:31.674282 PORTEVENT TC_26_8_1_3_4_3.ttcn3:289 Message enqueued on L from system octetstring : '0A00020036'O id 240
2026/Jun/08 11:22:31.674288 USER TC_26_8_1_3_4_3.ttcn3:289 L3_Port: Message delivered to TTCN-3
2026/Jun/08 11:22:31.678630 USER TC_26_8_1_3_4_3.ttcn3:289 L3_Port: Received 17 bytes
2026/Jun/08 11:22:31.678657 USER TC_26_8_1_3_4_3.ttcn3:289 L3_Port: RAW GSMTAP hdr->arfcn=0x4033 RxArfcn=0x4033 Uplink=1 Chan=3 Len=1
2026/Jun/08 11:22:31.678662 USER TC_26_8_1_3_4_3.ttcn3:289 L3_Port: RX: 06 
2026/Jun/08 11:22:31.678668 PORTEVENT TC_26_8_1_3_4_3.ttcn3:289 Message enqueued on L from system octetstring : '06000200B0'O id 241
2026/Jun/08 11:22:31.678675 USER TC_26_8_1_3_4_3.ttcn3:289 L3_Port: Message delivered to TTCN-3
2026/Jun/08 11:22:31.681139 USER TC_26_8_1_3_4_3.ttcn3:289 L3_Port: Received 17 bytes
2026/Jun/08 11:22:31.681166 USER TC_26_8_1_3_4_3.ttcn3:289 L3_Port: RAW GSMTAP hdr->arfcn=0x4033 RxArfcn=0x4033 Uplink=1 Chan=3 Len=1
2026/Jun/08 11:22:31.681172 USER TC_26_8_1_3_4_3.ttcn3:289 L3_Port: RX: 00 
2026/Jun/08 11:22:31.681178 PORTEVENT TC_26_8_1_3_4_3.ttcn3:289 Message enqueued on L from system octetstring : '000001FFE2'O id 242
2026/Jun/08 11:22:31.681185 USER TC_26_8_1_3_4_3.ttcn3:289 L3_Port: Message delivered to TTCN-3
2026/Jun/08 11:22:31.685491 USER TC_26_8_1_3_4_3.ttcn3:289 L3_Port: Received 17 bytes
2026/Jun/08 11:22:31.685515 USER TC_26_8_1_3_4_3.ttcn3:289 L3_Port: RAW GSMTAP hdr->arfcn=0x4033 RxArfcn=0x4033 Uplink=1 Chan=3 Len=1
2026/Jun/08 11:22:31.685521 USER TC_26_8_1_3_4_3.ttcn3:289 L3_Port: RX: 0F 
2026/Jun/08 11:22:31.685528 PORTEVENT TC_26_8_1_3_4_3.ttcn3:289 Message enqueued on L from system octetstring : '0F00020018'O id 243
2026/Jun/08 11:22:31.685535 USER TC_26_8_1_3_4_3.ttcn3:289 L3_Port: Message delivered to TTCN-3
2026/Jun/08 11:22:31.687876 USER TC_26_8_1_3_4_3.ttcn3:289 L3_Port: Received 17 bytes
2026/Jun/08 11:22:31.687926 USER TC_26_8_1_3_4_3.ttcn3:289 L3_Port: RAW GSMTAP hdr->arfcn=0x4033 RxArfcn=0x4033 Uplink=1 Chan=3 Len=1
2026/Jun/08 11:22:31.687934 USER TC_26_8_1_3_4_3.ttcn3:289 L3_Port: RX: 01 
2026/Jun/08 11:22:31.687945 PORTEVENT TC_26_8_1_3_4_3.ttcn3:289 Message enqueued on L from system octetstring : '0100020042'O id 244
2026/Jun/08 11:22:31.687956 USER TC_26_8_1_3_4_3.ttcn3:289 L3_Port: Message delivered to TTCN-3
2026/Jun/08 11:22:31.688751 USER TC_26_8_1_3_4_3.ttcn3:289 L3_Port: Received 17 bytes
2026/Jun/08 11:22:31.688765 USER TC_26_8_1_3_4_3.ttcn3:289 L3_Port: RAW GSMTAP hdr->arfcn=0x4033 RxArfcn=0x4033 Uplink=1 Chan=3 Len=1
2026/Jun/08 11:22:31.688770 USER TC_26_8_1_3_4_3.ttcn3:289 L3_Port: RX: 0B 
2026/Jun/08 11:22:31.688776 PORTEVENT TC_26_8_1_3_4_3.ttcn3:289 Message enqueued on L from system octetstring : '0B0001FFE7'O id 245
2026/Jun/08 11:22:31.688782 USER TC_26_8_1_3_4_3.ttcn3:289 L3_Port: Message delivered to TTCN-3
2026/Jun/08 11:22:31.817618 USER TC_26_8_1_3_4_3.ttcn3:289 L3_Port: Received 39 bytes
2026/Jun/08 11:22:31.817674 USER TC_26_8_1_3_4_3.ttcn3:289 L3_Port: RAW GSMTAP hdr->arfcn=0x4033 RxArfcn=0x4033 Uplink=1 Chan=8 Len=23
2026/Jun/08 11:22:31.817683 USER TC_26_8_1_3_4_3.ttcn3:289 L3_Port: RX: 01 3F 49 05 08 70 09 F1 07 00 00 33 08 99 10 07 00 00 00 00 10 2B 2B 
2026/Jun/08 11:22:31.817697 PORTEVENT TC_26_8_1_3_4_3.ttcn3:289 Message enqueued on L from system octetstring : '013F4905087009F1070000330899100700000000102B2B'O id 246
2026/Jun/08 11:22:31.817710 USER TC_26_8_1_3_4_3.ttcn3:289 L3_Port: Message delivered to TTCN-3
2026/Jun/08 11:22:31.818181 USER TC_26_8_1_3_4_3.ttcn3:289 L3_Port: Received 39 bytes
2026/Jun/08 11:22:31.818206 USER TC_26_8_1_3_4_3.ttcn3:289 L3_Port: RAW GSMTAP hdr->arfcn=0x4033 RxArfcn=0x4033 Uplink=1 Chan=136 Len=23
2026/Jun/08 11:22:31.818215 USER TC_26_8_1_3_4_3.ttcn3:289 L3_Port: RX: 0E 00 01 03 49 06 15 80 40 00 00 00 00 00 00 00 00 00 00 00 00 00 00 
2026/Jun/08 11:22:31.818222 PORTEVENT TC_26_8_1_3_4_3.ttcn3:289 Message enqueued on L from system octetstring : '0E00010349061580400000000000000000000000000000'O id 247
2026/Jun/08 11:22:31.818229 USER TC_26_8_1_3_4_3.ttcn3:289 L3_Port: Message delivered to TTCN-3
2026/Jun/08 11:22:32.529700 USER TC_26_8_1_3_4_3.ttcn3:289 L3_Port: Received 39 bytes
2026/Jun/08 11:22:32.529781 USER TC_26_8_1_3_4_3.ttcn3:289 L3_Port: RAW GSMTAP hdr->arfcn=0x4033 RxArfcn=0x4033 Uplink=1 Chan=137 Len=23
2026/Jun/08 11:22:32.529804 USER TC_26_8_1_3_4_3.ttcn3:289 L3_Port: RX: 0E 00 01 03 49 06 15 BF 3F 00 00 00 00 00 00 00 00 00 00 00 00 00 00 
2026/Jun/08 11:22:32.529849 PORTEVENT TC_26_8_1_3_4_3.ttcn3:289 Message enqueued on L from system octetstring : '0E000103490615BF3F0000000000000000000000000000'O id 248
2026/Jun/08 11:22:32.529874 USER TC_26_8_1_3_4_3.ttcn3:289 L3_Port: Message delivered to TTCN-3
2026/Jun/08 11:22:32.819514 USER TC_26_8_1_3_4_3.ttcn3:289 L3_Port: Received 39 bytes
2026/Jun/08 11:22:32.819596 USER TC_26_8_1_3_4_3.ttcn3:289 L3_Port: RAW GSMTAP hdr->arfcn=0x4033 RxArfcn=0x4033 Uplink=1 Chan=136 Len=23
2026/Jun/08 11:22:32.819620 USER TC_26_8_1_3_4_3.ttcn3:289 L3_Port: RX: 0E 00 01 03 49 06 15 BF 3F 00 00 00 00 00 00 00 00 00 00 00 00 00 00 
2026/Jun/08 11:22:32.819644 PORTEVENT TC_26_8_1_3_4_3.ttcn3:289 Message enqueued on L from system octetstring : '0E000103490615BF3F0000000000000000000000000000'O id 249
2026/Jun/08 11:22:32.819667 USER TC_26_8_1_3_4_3.ttcn3:289 L3_Port: Message delivered to TTCN-3
2026/Jun/08 11:22:33.530062 USER TC_26_8_1_3_4_3.ttcn3:289 L3_Port: Received 39 bytes
2026/Jun/08 11:22:33.530111 USER TC_26_8_1_3_4_3.ttcn3:289 L3_Port: RAW GSMTAP hdr->arfcn=0x4033 RxArfcn=0x4033 Uplink=1 Chan=137 Len=23
2026/Jun/08 11:22:33.530122 USER TC_26_8_1_3_4_3.ttcn3:289 L3_Port: RX: 0E 00 01 03 49 06 15 BF 3F 00 00 00 00 00 00 00 00 00 00 00 00 00 00 
2026/Jun/08 11:22:33.530134 PORTEVENT TC_26_8_1_3_4_3.ttcn3:289 Message enqueued on L from system octetstring : '0E000103490615BF3F0000000000000000000000000000'O id 250
2026/Jun/08 11:22:33.530146 USER TC_26_8_1_3_4_3.ttcn3:289 L3_Port: Message delivered to TTCN-3
2026/Jun/08 11:22:33.820652 USER TC_26_8_1_3_4_3.ttcn3:289 L3_Port: Received 39 bytes
2026/Jun/08 11:22:33.820712 USER TC_26_8_1_3_4_3.ttcn3:289 L3_Port: RAW GSMTAP hdr->arfcn=0x4033 RxArfcn=0x4033 Uplink=1 Chan=136 Len=23
2026/Jun/08 11:22:33.820721 USER TC_26_8_1_3_4_3.ttcn3:289 L3_Port: RX: 0E 00 01 03 49 06 15 BF 3F 00 00 00 00 00 00 00 00 00 00 00 00 00 00 
2026/Jun/08 11:22:33.820734 PORTEVENT TC_26_8_1_3_4_3.ttcn3:289 Message enqueued on L from system octetstring : '0E000103490615BF3F0000000000000000000000000000'O id 251
2026/Jun/08 11:22:33.820745 USER TC_26_8_1_3_4_3.ttcn3:289 L3_Port: Message delivered to TTCN-3
2026/Jun/08 11:22:34.532469 USER TC_26_8_1_3_4_3.ttcn3:289 L3_Port: Received 39 bytes
2026/Jun/08 11:22:34.532544 USER TC_26_8_1_3_4_3.ttcn3:289 L3_Port: RAW GSMTAP hdr->arfcn=0x4033 RxArfcn=0x4033 Uplink=1 Chan=137 Len=23
2026/Jun/08 11:22:34.532566 USER TC_26_8_1_3_4_3.ttcn3:289 L3_Port: RX: 0E 00 01 03 49 06 15 BF 3F 00 00 00 00 00 00 00 00 00 00 00 00 00 00 
2026/Jun/08 11:22:34.532589 PORTEVENT TC_26_8_1_3_4_3.ttcn3:289 Message enqueued on L from system octetstring : '0E000103490615BF3F0000000000000000000000000000'O id 252
2026/Jun/08 11:22:34.532609 USER TC_26_8_1_3_4_3.ttcn3:289 L3_Port: Message delivered to TTCN-3
2026/Jun/08 11:22:34.819113 USER TC_26_8_1_3_4_3.ttcn3:289 L3_Port: Received 39 bytes
2026/Jun/08 11:22:34.819172 USER TC_26_8_1_3_4_3.ttcn3:289 L3_Port: RAW GSMTAP hdr->arfcn=0x4033 RxArfcn=0x4033 Uplink=1 Chan=136 Len=23
2026/Jun/08 11:22:34.819184 USER TC_26_8_1_3_4_3.ttcn3:289 L3_Port: RX: 0E 00 01 03 49 06 15 BF 3F 00 00 00 00 00 00 00 00 00 00 00 00 00 00 
2026/Jun/08 11:22:34.819199 PORTEVENT TC_26_8_1_3_4_3.ttcn3:289 Message enqueued on L from system octetstring : '0E000103490615BF3F0000000000000000000000000000'O id 253
2026/Jun/08 11:22:34.819213 USER TC_26_8_1_3_4_3.ttcn3:289 L3_Port: Message delivered to TTCN-3
2026/Jun/08 11:22:35.534630 USER TC_26_8_1_3_4_3.ttcn3:289 L3_Port: Received 39 bytes
2026/Jun/08 11:22:35.534687 USER TC_26_8_1_3_4_3.ttcn3:289 L3_Port: RAW GSMTAP hdr->arfcn=0x4033 RxArfcn=0x4033 Uplink=1 Chan=137 Len=23
2026/Jun/08 11:22:35.534697 USER TC_26_8_1_3_4_3.ttcn3:289 L3_Port: RX: 0E 00 01 03 49 06 15 80 40 00 00 00 00 00 00 00 00 00 00 00 00 00 00 
2026/Jun/08 11:22:35.534718 PORTEVENT TC_26_8_1_3_4_3.ttcn3:289 Message enqueued on L from system octetstring : '0E00010349061580400000000000000000000000000000'O id 254
2026/Jun/08 11:22:35.534728 USER TC_26_8_1_3_4_3.ttcn3:289 L3_Port: Message delivered to TTCN-3
2026/Jun/08 11:22:35.822617 USER TC_26_8_1_3_4_3.ttcn3:289 L3_Port: Received 39 bytes
2026/Jun/08 11:22:35.822669 USER TC_26_8_1_3_4_3.ttcn3:289 L3_Port: RAW GSMTAP hdr->arfcn=0x4033 RxArfcn=0x4033 Uplink=1 Chan=136 Len=23
2026/Jun/08 11:22:35.822679 USER TC_26_8_1_3_4_3.ttcn3:289 L3_Port: RX: 0E 00 01 03 49 06 15 BF 3F 00 00 00 00 00 00 00 00 00 00 00 00 00 00 
2026/Jun/08 11:22:35.822691 PORTEVENT TC_26_8_1_3_4_3.ttcn3:289 Message enqueued on L from system octetstring : '0E000103490615BF3F0000000000000000000000000000'O id 255
2026/Jun/08 11:22:35.822702 USER TC_26_8_1_3_4_3.ttcn3:289 L3_Port: Message delivered to TTCN-3
2026/Jun/08 11:22:36.534525 USER TC_26_8_1_3_4_3.ttcn3:289 L3_Port: Received 39 bytes
2026/Jun/08 11:22:36.534604 USER TC_26_8_1_3_4_3.ttcn3:289 L3_Port: RAW GSMTAP hdr->arfcn=0x4033 RxArfcn=0x4033 Uplink=1 Chan=137 Len=23
2026/Jun/08 11:22:36.534626 USER TC_26_8_1_3_4_3.ttcn3:289 L3_Port: RX: 0E 00 01 03 49 06 15 80 40 00 00 00 00 00 00 00 00 00 00 00 00 00 00 
2026/Jun/08 11:22:36.534647 PORTEVENT TC_26_8_1_3_4_3.ttcn3:289 Message enqueued on L from system octetstring : '0E00010349061580400000000000000000000000000000'O id 256
2026/Jun/08 11:22:36.534679 USER TC_26_8_1_3_4_3.ttcn3:289 L3_Port: Message delivered to TTCN-3
2026/Jun/08 11:22:36.552756 USER TC_26_8_1_3_4_3.ttcn3:289 L3_Port: Received 39 bytes
2026/Jun/08 11:22:36.552800 USER TC_26_8_1_3_4_3.ttcn3:289 L3_Port: RAW GSMTAP hdr->arfcn=0x4033 RxArfcn=0x4033 Uplink=1 Chan=9 Len=23
2026/Jun/08 11:22:36.552809 USER TC_26_8_1_3_4_3.ttcn3:289 L3_Port: RX: 01 53 01 2B 2B 2B 2B 2B 2B 2B 2B 2B 2B 2B 2B 2B 2B 2B 2B 2B 2B 2B 2B 
2026/Jun/08 11:22:36.552837 PORTEVENT TC_26_8_1_3_4_3.ttcn3:289 Message enqueued on L from system octetstring : '0153012B2B2B2B2B2B2B2B2B2B2B2B2B2B2B2B2B2B2B2B'O id 257
2026/Jun/08 11:22:36.552849 USER TC_26_8_1_3_4_3.ttcn3:289 L3_Port: Message delivered to TTCN-3
2026/Jun/08 11:22:36.821797 USER TC_26_8_1_3_4_3.ttcn3:289 L3_Port: Received 39 bytes
2026/Jun/08 11:22:36.821896 USER TC_26_8_1_3_4_3.ttcn3:289 L3_Port: RAW GSMTAP hdr->arfcn=0x4033 RxArfcn=0x4033 Uplink=1 Chan=136 Len=23
2026/Jun/08 11:22:36.821922 USER TC_26_8_1_3_4_3.ttcn3:289 L3_Port: RX: 0E 00 01 03 49 06 15 BF 3F 00 00 00 00 00 00 00 00 00 00 00 00 00 00 
2026/Jun/08 11:22:36.821948 PORTEVENT TC_26_8_1_3_4_3.ttcn3:289 Message enqueued on L from system octetstring : '0E000103490615BF3F0000000000000000000000000000'O id 258
2026/Jun/08 11:22:36.821972 USER TC_26_8_1_3_4_3.ttcn3:289 L3_Port: Message delivered to TTCN-3
2026/Jun/08 11:22:37.535367 USER TC_26_8_1_3_4_3.ttcn3:289 L3_Port: Received 39 bytes
2026/Jun/08 11:22:37.535425 USER TC_26_8_1_3_4_3.ttcn3:289 L3_Port: RAW GSMTAP hdr->arfcn=0x4033 RxArfcn=0x4033 Uplink=1 Chan=137 Len=23
2026/Jun/08 11:22:37.535436 USER TC_26_8_1_3_4_3.ttcn3:289 L3_Port: RX: 0E 00 01 03 49 06 15 80 40 00 00 00 00 00 00 00 00 00 00 00 00 00 00 
2026/Jun/08 11:22:37.535450 PORTEVENT TC_26_8_1_3_4_3.ttcn3:289 Message enqueued on L from system octetstring : '0E00010349061580400000000000000000000000000000'O id 259
2026/Jun/08 11:22:37.535462 USER TC_26_8_1_3_4_3.ttcn3:289 L3_Port: Message delivered to TTCN-3
2026/Jun/08 11:22:37.554586 USER TC_26_8_1_3_4_3.ttcn3:289 L3_Port: Received 39 bytes
2026/Jun/08 11:22:37.554637 USER TC_26_8_1_3_4_3.ttcn3:289 L3_Port: RAW GSMTAP hdr->arfcn=0x4033 RxArfcn=0x4033 Uplink=1 Chan=9 Len=23
2026/Jun/08 11:22:37.554646 USER TC_26_8_1_3_4_3.ttcn3:289 L3_Port: RX: 01 53 01 2B 2B 2B 2B 2B 2B 2B 2B 2B 2B 2B 2B 2B 2B 2B 2B 2B 2B 2B 2B 
2026/Jun/08 11:22:37.554659 PORTEVENT TC_26_8_1_3_4_3.ttcn3:289 Message enqueued on L from system octetstring : '0153012B2B2B2B2B2B2B2B2B2B2B2B2B2B2B2B2B2B2B2B'O id 260
2026/Jun/08 11:22:37.554672 USER TC_26_8_1_3_4_3.ttcn3:289 L3_Port: Message delivered to TTCN-3
2026/Jun/08 11:22:37.821516 USER TC_26_8_1_3_4_3.ttcn3:289 L3_Port: Received 39 bytes
2026/Jun/08 11:22:37.821578 USER TC_26_8_1_3_4_3.ttcn3:289 L3_Port: RAW GSMTAP hdr->arfcn=0x4033 RxArfcn=0x4033 Uplink=1 Chan=136 Len=23
2026/Jun/08 11:22:37.821588 USER TC_26_8_1_3_4_3.ttcn3:289 L3_Port: RX: 0E 00 01 03 49 06 15 BF 3F 00 00 00 00 00 00 00 00 00 00 00 00 00 00 
2026/Jun/08 11:22:37.821601 PORTEVENT TC_26_8_1_3_4_3.ttcn3:289 Message enqueued on L from system octetstring : '0E000103490615BF3F0000000000000000000000000000'O id 261
2026/Jun/08 11:22:37.821614 USER TC_26_8_1_3_4_3.ttcn3:289 L3_Port: Message delivered to TTCN-3
2026/Jun/08 11:22:38.536884 USER TC_26_8_1_3_4_3.ttcn3:289 L3_Port: Received 39 bytes
2026/Jun/08 11:22:38.536941 USER TC_26_8_1_3_4_3.ttcn3:289 L3_Port: RAW GSMTAP hdr->arfcn=0x4033 RxArfcn=0x4033 Uplink=1 Chan=137 Len=23
2026/Jun/08 11:22:38.536953 USER TC_26_8_1_3_4_3.ttcn3:289 L3_Port: RX: 0E 00 01 03 49 06 15 80 40 00 00 00 00 00 00 00 00 00 00 00 00 00 00 
2026/Jun/08 11:22:38.536967 PORTEVENT TC_26_8_1_3_4_3.ttcn3:289 Message enqueued on L from system octetstring : '0E00010349061580400000000000000000000000000000'O id 262
2026/Jun/08 11:22:38.536981 USER TC_26_8_1_3_4_3.ttcn3:289 L3_Port: Message delivered to TTCN-3
2026/Jun/08 11:22:38.554049 USER TC_26_8_1_3_4_3.ttcn3:289 L3_Port: Received 39 bytes
2026/Jun/08 11:22:38.554101 USER TC_26_8_1_3_4_3.ttcn3:289 L3_Port: RAW GSMTAP hdr->arfcn=0x4033 RxArfcn=0x4033 Uplink=1 Chan=9 Len=23
2026/Jun/08 11:22:38.554115 USER TC_26_8_1_3_4_3.ttcn3:289 L3_Port: RX: 01 53 01 2B 2B 2B 2B 2B 2B 2B 2B 2B 2B 2B 2B 2B 2B 2B 2B 2B 2B 2B 2B 
2026/Jun/08 11:22:38.554130 PORTEVENT TC_26_8_1_3_4_3.ttcn3:289 Message enqueued on L from system octetstring : '0153012B2B2B2B2B2B2B2B2B2B2B2B2B2B2B2B2B2B2B2B'O id 263
2026/Jun/08 11:22:38.554150 USER TC_26_8_1_3_4_3.ttcn3:289 L3_Port: Message delivered to TTCN-3
2026/Jun/08 11:22:38.822725 USER TC_26_8_1_3_4_3.ttcn3:289 L3_Port: Received 39 bytes
2026/Jun/08 11:22:38.822804 USER TC_26_8_1_3_4_3.ttcn3:289 L3_Port: RAW GSMTAP hdr->arfcn=0x4033 RxArfcn=0x4033 Uplink=1 Chan=136 Len=23
2026/Jun/08 11:22:38.822848 USER TC_26_8_1_3_4_3.ttcn3:289 L3_Port: RX: 0E 00 01 03 49 06 15 BF 3F 00 00 00 00 00 00 00 00 00 00 00 00 00 00 
2026/Jun/08 11:22:38.822876 PORTEVENT TC_26_8_1_3_4_3.ttcn3:289 Message enqueued on L from system octetstring : '0E000103490615BF3F0000000000000000000000000000'O id 264
2026/Jun/08 11:22:38.822898 USER TC_26_8_1_3_4_3.ttcn3:289 L3_Port: Message delivered to TTCN-3
2026/Jun/08 11:22:39.538332 USER TC_26_8_1_3_4_3.ttcn3:289 L3_Port: Received 39 bytes
2026/Jun/08 11:22:39.538390 USER TC_26_8_1_3_4_3.ttcn3:289 L3_Port: RAW GSMTAP hdr->arfcn=0x4033 RxArfcn=0x4033 Uplink=1 Chan=137 Len=23
2026/Jun/08 11:22:39.538399 USER TC_26_8_1_3_4_3.ttcn3:289 L3_Port: RX: 0E 00 01 03 49 06 15 80 40 00 00 00 00 00 00 00 00 00 00 00 00 00 00 
2026/Jun/08 11:22:39.538412 PORTEVENT TC_26_8_1_3_4_3.ttcn3:289 Message enqueued on L from system octetstring : '0E00010349061580400000000000000000000000000000'O id 265
2026/Jun/08 11:22:39.538424 USER TC_26_8_1_3_4_3.ttcn3:289 L3_Port: Message delivered to TTCN-3
2026/Jun/08 11:22:39.554242 USER TC_26_8_1_3_4_3.ttcn3:289 L3_Port: Received 39 bytes
2026/Jun/08 11:22:39.554292 USER TC_26_8_1_3_4_3.ttcn3:289 L3_Port: RAW GSMTAP hdr->arfcn=0x4033 RxArfcn=0x4033 Uplink=1 Chan=9 Len=23
2026/Jun/08 11:22:39.554300 USER TC_26_8_1_3_4_3.ttcn3:289 L3_Port: RX: 01 53 01 2B 2B 2B 2B 2B 2B 2B 2B 2B 2B 2B 2B 2B 2B 2B 2B 2B 2B 2B 2B 
2026/Jun/08 11:22:39.554312 PORTEVENT TC_26_8_1_3_4_3.ttcn3:289 Message enqueued on L from system octetstring : '0153012B2B2B2B2B2B2B2B2B2B2B2B2B2B2B2B2B2B2B2B'O id 266
2026/Jun/08 11:22:39.554324 USER TC_26_8_1_3_4_3.ttcn3:289 L3_Port: Message delivered to TTCN-3
2026/Jun/08 11:22:39.824183 USER TC_26_8_1_3_4_3.ttcn3:289 L3_Port: Received 39 bytes
2026/Jun/08 11:22:39.824227 USER TC_26_8_1_3_4_3.ttcn3:289 L3_Port: RAW GSMTAP hdr->arfcn=0x4033 RxArfcn=0x4033 Uplink=1 Chan=136 Len=23
2026/Jun/08 11:22:39.824236 USER TC_26_8_1_3_4_3.ttcn3:289 L3_Port: RX: 0E 00 01 03 49 06 15 BF 3F 00 00 00 00 00 00 00 00 00 00 00 00 00 00 
2026/Jun/08 11:22:39.824254 PORTEVENT TC_26_8_1_3_4_3.ttcn3:289 Message enqueued on L from system octetstring : '0E000103490615BF3F0000000000000000000000000000'O id 267
2026/Jun/08 11:22:39.824263 USER TC_26_8_1_3_4_3.ttcn3:289 L3_Port: Message delivered to TTCN-3
2026/Jun/08 11:22:40.541701 USER TC_26_8_1_3_4_3.ttcn3:289 L3_Port: Received 39 bytes
2026/Jun/08 11:22:40.541759 USER TC_26_8_1_3_4_3.ttcn3:289 L3_Port: RAW GSMTAP hdr->arfcn=0x4033 RxArfcn=0x4033 Uplink=1 Chan=137 Len=23
2026/Jun/08 11:22:40.541771 USER TC_26_8_1_3_4_3.ttcn3:289 L3_Port: RX: 0E 00 01 03 49 06 15 80 40 00 00 00 00 00 00 00 00 00 00 00 00 00 00 
2026/Jun/08 11:22:40.541786 PORTEVENT TC_26_8_1_3_4_3.ttcn3:289 Message enqueued on L from system octetstring : '0E00010349061580400000000000000000000000000000'O id 268
2026/Jun/08 11:22:40.541800 USER TC_26_8_1_3_4_3.ttcn3:289 L3_Port: Message delivered to TTCN-3
2026/Jun/08 11:22:40.553936 USER TC_26_8_1_3_4_3.ttcn3:289 L3_Port: Received 39 bytes
2026/Jun/08 11:22:40.553991 USER TC_26_8_1_3_4_3.ttcn3:289 L3_Port: RAW GSMTAP hdr->arfcn=0x4033 RxArfcn=0x4033 Uplink=1 Chan=9 Len=23
2026/Jun/08 11:22:40.554008 USER TC_26_8_1_3_4_3.ttcn3:289 L3_Port: RX: 01 53 01 2B 2B 2B 2B 2B 2B 2B 2B 2B 2B 2B 2B 2B 2B 2B 2B 2B 2B 2B 2B 
2026/Jun/08 11:22:40.554025 PORTEVENT TC_26_8_1_3_4_3.ttcn3:289 Message enqueued on L from system octetstring : '0153012B2B2B2B2B2B2B2B2B2B2B2B2B2B2B2B2B2B2B2B'O id 269
2026/Jun/08 11:22:40.554041 USER TC_26_8_1_3_4_3.ttcn3:289 L3_Port: Message delivered to TTCN-3
2026/Jun/08 11:22:40.823182 USER TC_26_8_1_3_4_3.ttcn3:289 L3_Port: Received 39 bytes
2026/Jun/08 11:22:40.823244 USER TC_26_8_1_3_4_3.ttcn3:289 L3_Port: RAW GSMTAP hdr->arfcn=0x4033 RxArfcn=0x4033 Uplink=1 Chan=136 Len=23
2026/Jun/08 11:22:40.823253 USER TC_26_8_1_3_4_3.ttcn3:289 L3_Port: RX: 0E 00 01 03 49 06 15 BF 3F 00 00 00 00 00 00 00 00 00 00 00 00 00 00 
2026/Jun/08 11:22:40.823267 PORTEVENT TC_26_8_1_3_4_3.ttcn3:289 Message enqueued on L from system octetstring : '0E000103490615BF3F0000000000000000000000000000'O id 270
2026/Jun/08 11:22:40.823281 USER TC_26_8_1_3_4_3.ttcn3:289 L3_Port: Message delivered to TTCN-3
2026/Jun/08 11:22:41.546102 USER TC_26_8_1_3_4_3.ttcn3:289 L3_Port: Received 39 bytes
2026/Jun/08 11:22:41.546147 USER TC_26_8_1_3_4_3.ttcn3:289 L3_Port: RAW GSMTAP hdr->arfcn=0x4033 RxArfcn=0x4033 Uplink=1 Chan=137 Len=23
2026/Jun/08 11:22:41.546157 USER TC_26_8_1_3_4_3.ttcn3:289 L3_Port: RX: 0E 00 01 03 49 06 15 80 40 00 00 00 00 00 00 00 00 00 00 00 00 00 00 
2026/Jun/08 11:22:41.546167 PORTEVENT TC_26_8_1_3_4_3.ttcn3:289 Message enqueued on L from system octetstring : '0E00010349061580400000000000000000000000000000'O id 271
2026/Jun/08 11:22:41.546177 USER TC_26_8_1_3_4_3.ttcn3:289 L3_Port: Message delivered to TTCN-3
2026/Jun/08 11:22:41.555057 USER TC_26_8_1_3_4_3.ttcn3:289 L3_Port: Received 39 bytes
2026/Jun/08 11:22:41.555099 USER TC_26_8_1_3_4_3.ttcn3:289 L3_Port: RAW GSMTAP hdr->arfcn=0x4033 RxArfcn=0x4033 Uplink=1 Chan=9 Len=23
2026/Jun/08 11:22:41.555108 USER TC_26_8_1_3_4_3.ttcn3:289 L3_Port: RX: 01 53 01 2B 2B 2B 2B 2B 2B 2B 2B 2B 2B 2B 2B 2B 2B 2B 2B 2B 2B 2B 2B 
2026/Jun/08 11:22:41.555118 PORTEVENT TC_26_8_1_3_4_3.ttcn3:289 Message enqueued on L from system octetstring : '0153012B2B2B2B2B2B2B2B2B2B2B2B2B2B2B2B2B2B2B2B'O id 272
2026/Jun/08 11:22:41.555128 USER TC_26_8_1_3_4_3.ttcn3:289 L3_Port: Message delivered to TTCN-3
2026/Jun/08 11:22:41.837091 USER TC_26_8_1_3_4_3.ttcn3:289 L3_Port: Received 39 bytes
2026/Jun/08 11:22:41.837159 USER TC_26_8_1_3_4_3.ttcn3:289 L3_Port: RAW GSMTAP hdr->arfcn=0x4033 RxArfcn=0x4033 Uplink=1 Chan=136 Len=23
2026/Jun/08 11:22:41.837170 USER TC_26_8_1_3_4_3.ttcn3:289 L3_Port: RX: 0E 00 01 03 49 06 15 BF 3F 00 00 00 00 00 00 00 00 00 00 00 00 00 00 
2026/Jun/08 11:22:41.837186 PORTEVENT TC_26_8_1_3_4_3.ttcn3:289 Message enqueued on L from system octetstring : '0E000103490615BF3F0000000000000000000000000000'O id 273
2026/Jun/08 11:22:41.837202 USER TC_26_8_1_3_4_3.ttcn3:289 L3_Port: Message delivered to TTCN-3
2026/Jun/08 11:22:42.543568 USER TC_26_8_1_3_4_3.ttcn3:289 L3_Port: Received 39 bytes
2026/Jun/08 11:22:42.543653 USER TC_26_8_1_3_4_3.ttcn3:289 L3_Port: RAW GSMTAP hdr->arfcn=0x4033 RxArfcn=0x4033 Uplink=1 Chan=137 Len=23
2026/Jun/08 11:22:42.543678 USER TC_26_8_1_3_4_3.ttcn3:289 L3_Port: RX: 0E 00 01 03 49 06 15 80 40 00 00 00 00 00 00 00 00 00 00 00 00 00 00 
2026/Jun/08 11:22:42.543700 PORTEVENT TC_26_8_1_3_4_3.ttcn3:289 Message enqueued on L from system octetstring : '0E00010349061580400000000000000000000000000000'O id 274
2026/Jun/08 11:22:42.543731 USER TC_26_8_1_3_4_3.ttcn3:289 L3_Port: Message delivered to TTCN-3
2026/Jun/08 11:22:42.554058 USER TC_26_8_1_3_4_3.ttcn3:289 VTY_PT: Received data (buffered): 68 bytes
2026/Jun/08 11:22:42.831174 USER TC_26_8_1_3_4_3.ttcn3:289 L3_Port: Received 39 bytes
2026/Jun/08 11:22:42.831229 USER TC_26_8_1_3_4_3.ttcn3:289 L3_Port: RAW GSMTAP hdr->arfcn=0x4033 RxArfcn=0x4033 Uplink=1 Chan=136 Len=23
2026/Jun/08 11:22:42.831238 USER TC_26_8_1_3_4_3.ttcn3:289 L3_Port: RX: 0E 00 01 03 49 06 15 BF 3F 00 00 00 00 00 00 00 00 00 00 00 00 00 00 
2026/Jun/08 11:22:42.831251 PORTEVENT TC_26_8_1_3_4_3.ttcn3:289 Message enqueued on L from system octetstring : '0E000103490615BF3F0000000000000000000000000000'O id 275
2026/Jun/08 11:22:42.831263 USER TC_26_8_1_3_4_3.ttcn3:289 L3_Port: Message delivered to TTCN-3
2026/Jun/08 11:22:43.837587 USER TC_26_8_1_3_4_3.ttcn3:289 L3_Port: Received 39 bytes
2026/Jun/08 11:22:43.837639 USER TC_26_8_1_3_4_3.ttcn3:289 L3_Port: RAW GSMTAP hdr->arfcn=0x4033 RxArfcn=0x4033 Uplink=1 Chan=136 Len=23
2026/Jun/08 11:22:43.837647 USER TC_26_8_1_3_4_3.ttcn3:289 L3_Port: RX: 0E 00 01 03 49 06 15 BF 3F 00 00 00 00 00 00 00 00 00 00 00 00 00 00 
2026/Jun/08 11:22:43.837661 PORTEVENT TC_26_8_1_3_4_3.ttcn3:289 Message enqueued on L from system octetstring : '0E000103490615BF3F0000000000000000000000000000'O id 276
2026/Jun/08 11:22:43.837673 USER TC_26_8_1_3_4_3.ttcn3:289 L3_Port: Message delivered to TTCN-3
2026/Jun/08 11:22:44.834807 USER TC_26_8_1_3_4_3.ttcn3:289 L3_Port: Received 39 bytes
2026/Jun/08 11:22:44.834875 USER TC_26_8_1_3_4_3.ttcn3:289 L3_Port: RAW GSMTAP hdr->arfcn=0x4033 RxArfcn=0x4033 Uplink=1 Chan=136 Len=23
2026/Jun/08 11:22:44.834885 USER TC_26_8_1_3_4_3.ttcn3:289 L3_Port: RX: 0E 00 01 03 49 06 15 BF 3F 00 00 00 00 00 00 00 00 00 00 00 00 00 00 
2026/Jun/08 11:22:44.834898 PORTEVENT TC_26_8_1_3_4_3.ttcn3:289 Message enqueued on L from system octetstring : '0E000103490615BF3F0000000000000000000000000000'O id 277
2026/Jun/08 11:22:44.834911 USER TC_26_8_1_3_4_3.ttcn3:289 L3_Port: Message delivered to TTCN-3
2026/Jun/08 11:22:45.427168 USER TC_26_8_1_3_4_3.ttcn3:289 L3_Port: Received 17 bytes
2026/Jun/08 11:22:45.427223 USER TC_26_8_1_3_4_3.ttcn3:289 L3_Port: RAW GSMTAP hdr->arfcn=0x4033 RxArfcn=0x4033 Uplink=1 Chan=3 Len=1
2026/Jun/08 11:22:45.427230 USER TC_26_8_1_3_4_3.ttcn3:289 L3_Port: RX: 07 
2026/Jun/08 11:22:45.427242 PORTEVENT TC_26_8_1_3_4_3.ttcn3:289 Message enqueued on L from system octetstring : '0700020B0A'O id 278
2026/Jun/08 11:22:45.427253 USER TC_26_8_1_3_4_3.ttcn3:289 L3_Port: Message delivered to TTCN-3
2026/Jun/08 11:22:45.440189 USER TC_26_8_1_3_4_3.ttcn3:289 L3_Port: Received 17 bytes
2026/Jun/08 11:22:45.440249 USER TC_26_8_1_3_4_3.ttcn3:289 L3_Port: RAW GSMTAP hdr->arfcn=0x4033 RxArfcn=0x4033 Uplink=1 Chan=3 Len=1
2026/Jun/08 11:22:45.440256 USER TC_26_8_1_3_4_3.ttcn3:289 L3_Port: RX: 05 
2026/Jun/08 11:22:45.440268 PORTEVENT TC_26_8_1_3_4_3.ttcn3:289 Message enqueued on L from system octetstring : '0500020B73'O id 279
2026/Jun/08 11:22:45.440281 USER TC_26_8_1_3_4_3.ttcn3:289 L3_Port: Message delivered to TTCN-3
2026/Jun/08 11:22:45.444929 USER TC_26_8_1_3_4_3.ttcn3:289 L3_Port: Received 17 bytes
2026/Jun/08 11:22:45.444965 USER TC_26_8_1_3_4_3.ttcn3:289 L3_Port: RAW GSMTAP hdr->arfcn=0x4033 RxArfcn=0x4033 Uplink=1 Chan=3 Len=1
2026/Jun/08 11:22:45.444971 USER TC_26_8_1_3_4_3.ttcn3:289 L3_Port: RX: 09 
2026/Jun/08 11:22:45.444979 PORTEVENT TC_26_8_1_3_4_3.ttcn3:289 Message enqueued on L from system octetstring : '0900020BA8'O id 280
2026/Jun/08 11:22:45.444995 USER TC_26_8_1_3_4_3.ttcn3:289 L3_Port: Message delivered to TTCN-3
2026/Jun/08 11:22:45.466329 USER TC_26_8_1_3_4_3.ttcn3:289 L3_Port: Received 17 bytes
2026/Jun/08 11:22:45.466374 USER TC_26_8_1_3_4_3.ttcn3:289 L3_Port: RAW GSMTAP hdr->arfcn=0x4033 RxArfcn=0x4033 Uplink=1 Chan=3 Len=1
2026/Jun/08 11:22:45.466381 USER TC_26_8_1_3_4_3.ttcn3:289 L3_Port: RX: 07 
2026/Jun/08 11:22:45.466392 PORTEVENT TC_26_8_1_3_4_3.ttcn3:289 Message enqueued on L from system octetstring : '0700020B7A'O id 281
2026/Jun/08 11:22:45.466402 USER TC_26_8_1_3_4_3.ttcn3:289 L3_Port: Message delivered to TTCN-3
2026/Jun/08 11:22:45.470036 USER TC_26_8_1_3_4_3.ttcn3:289 L3_Port: Received 17 bytes
2026/Jun/08 11:22:45.470076 USER TC_26_8_1_3_4_3.ttcn3:289 L3_Port: RAW GSMTAP hdr->arfcn=0x4033 RxArfcn=0x4033 Uplink=1 Chan=3 Len=1
2026/Jun/08 11:22:45.470083 USER TC_26_8_1_3_4_3.ttcn3:289 L3_Port: RX: 04 
2026/Jun/08 11:22:45.470093 PORTEVENT TC_26_8_1_3_4_3.ttcn3:289 Message enqueued on L from system octetstring : '0400020BD9'O id 282
2026/Jun/08 11:22:45.470103 USER TC_26_8_1_3_4_3.ttcn3:289 L3_Port: Message delivered to TTCN-3
2026/Jun/08 11:22:45.472464 USER TC_26_8_1_3_4_3.ttcn3:289 L3_Port: Received 17 bytes
2026/Jun/08 11:22:45.472511 USER TC_26_8_1_3_4_3.ttcn3:289 L3_Port: RAW GSMTAP hdr->arfcn=0x4033 RxArfcn=0x4033 Uplink=1 Chan=3 Len=1
2026/Jun/08 11:22:45.472523 USER TC_26_8_1_3_4_3.ttcn3:289 L3_Port: RX: 06 
2026/Jun/08 11:22:45.472535 PORTEVENT TC_26_8_1_3_4_3.ttcn3:289 Message enqueued on L from system octetstring : '0600020BDA'O id 283
2026/Jun/08 11:22:45.472548 USER TC_26_8_1_3_4_3.ttcn3:289 L3_Port: Message delivered to TTCN-3
2026/Jun/08 11:22:45.489311 USER TC_26_8_1_3_4_3.ttcn3:289 L3_Port: Received 17 bytes
2026/Jun/08 11:22:45.489364 USER TC_26_8_1_3_4_3.ttcn3:289 L3_Port: RAW GSMTAP hdr->arfcn=0x4033 RxArfcn=0x4033 Uplink=1 Chan=3 Len=1
2026/Jun/08 11:22:45.489371 USER TC_26_8_1_3_4_3.ttcn3:289 L3_Port: RX: 0D 
2026/Jun/08 11:22:45.489383 PORTEVENT TC_26_8_1_3_4_3.ttcn3:289 Message enqueued on L from system octetstring : '0D00020B91'O id 284
2026/Jun/08 11:22:45.489395 USER TC_26_8_1_3_4_3.ttcn3:289 L3_Port: Message delivered to TTCN-3
2026/Jun/08 11:22:45.492617 USER TC_26_8_1_3_4_3.ttcn3:289 L3_Port: Received 17 bytes
2026/Jun/08 11:22:45.492672 USER TC_26_8_1_3_4_3.ttcn3:289 L3_Port: RAW GSMTAP hdr->arfcn=0x4033 RxArfcn=0x4033 Uplink=1 Chan=3 Len=1
2026/Jun/08 11:22:45.492679 USER TC_26_8_1_3_4_3.ttcn3:289 L3_Port: RX: 08 
2026/Jun/08 11:22:45.492691 PORTEVENT TC_26_8_1_3_4_3.ttcn3:289 Message enqueued on L from system octetstring : '0800020BD3'O id 285
2026/Jun/08 11:22:45.492703 USER TC_26_8_1_3_4_3.ttcn3:289 L3_Port: Message delivered to TTCN-3
2026/Jun/08 11:22:45.656957 USER TC_26_8_1_3_4_3.ttcn3:289 L3_Port: Received 17 bytes
2026/Jun/08 11:22:45.657045 USER TC_26_8_1_3_4_3.ttcn3:289 L3_Port: RAW GSMTAP hdr->arfcn=0x4033 RxArfcn=0x4033 Uplink=1 Chan=3 Len=1
2026/Jun/08 11:22:45.657065 USER TC_26_8_1_3_4_3.ttcn3:289 L3_Port: RX: 06 
2026/Jun/08 11:22:45.657089 PORTEVENT TC_26_8_1_3_4_3.ttcn3:289 Message enqueued on L from system octetstring : '0600020B05'O id 286
2026/Jun/08 11:22:45.657114 USER TC_26_8_1_3_4_3.ttcn3:289 L3_Port: Message delivered to TTCN-3
2026/Jun/08 11:22:45.659920 USER TC_26_8_1_3_4_3.ttcn3:289 L3_Port: Received 17 bytes
2026/Jun/08 11:22:45.659987 USER TC_26_8_1_3_4_3.ttcn3:289 L3_Port: RAW GSMTAP hdr->arfcn=0x4033 RxArfcn=0x4033 Uplink=1 Chan=3 Len=1
2026/Jun/08 11:22:45.660003 USER TC_26_8_1_3_4_3.ttcn3:289 L3_Port: RX: 0F 
2026/Jun/08 11:22:45.660022 PORTEVENT TC_26_8_1_3_4_3.ttcn3:289 Message enqueued on L from system octetstring : '0F00020BAA'O id 287
2026/Jun/08 11:22:45.660041 USER TC_26_8_1_3_4_3.ttcn3:289 L3_Port: Message delivered to TTCN-3
2026/Jun/08 11:22:45.663136 USER TC_26_8_1_3_4_3.ttcn3:289 L3_Port: Received 17 bytes
2026/Jun/08 11:22:45.663183 USER TC_26_8_1_3_4_3.ttcn3:289 L3_Port: RAW GSMTAP hdr->arfcn=0x4033 RxArfcn=0x4033 Uplink=1 Chan=3 Len=1
2026/Jun/08 11:22:45.663198 USER TC_26_8_1_3_4_3.ttcn3:289 L3_Port: RX: 01 
2026/Jun/08 11:22:45.663237 PORTEVENT TC_26_8_1_3_4_3.ttcn3:289 Message enqueued on L from system octetstring : '0100020C07'O id 288
2026/Jun/08 11:22:45.663255 USER TC_26_8_1_3_4_3.ttcn3:289 L3_Port: Message delivered to TTCN-3
2026/Jun/08 11:22:45.667877 USER TC_26_8_1_3_4_3.ttcn3:289 L3_Port: Received 17 bytes
2026/Jun/08 11:22:45.667956 USER TC_26_8_1_3_4_3.ttcn3:289 L3_Port: RAW GSMTAP hdr->arfcn=0x4033 RxArfcn=0x4033 Uplink=1 Chan=3 Len=1
2026/Jun/08 11:22:45.667973 USER TC_26_8_1_3_4_3.ttcn3:289 L3_Port: RX: 02 
2026/Jun/08 11:22:45.667993 PORTEVENT TC_26_8_1_3_4_3.ttcn3:289 Message enqueued on L from system octetstring : '0200020BA6'O id 289
2026/Jun/08 11:22:45.668012 USER TC_26_8_1_3_4_3.ttcn3:289 L3_Port: Message delivered to TTCN-3
2026/Jun/08 11:22:45.670224 USER TC_26_8_1_3_4_3.ttcn3:289 L3_Port: Received 17 bytes
2026/Jun/08 11:22:45.670281 USER TC_26_8_1_3_4_3.ttcn3:289 L3_Port: RAW GSMTAP hdr->arfcn=0x4033 RxArfcn=0x4033 Uplink=1 Chan=3 Len=1
2026/Jun/08 11:22:45.670296 USER TC_26_8_1_3_4_3.ttcn3:289 L3_Port: RX: 00 
2026/Jun/08 11:22:45.670313 PORTEVENT TC_26_8_1_3_4_3.ttcn3:289 Message enqueued on L from system octetstring : '0000020C09'O id 290
2026/Jun/08 11:22:45.670328 USER TC_26_8_1_3_4_3.ttcn3:289 L3_Port: Message delivered to TTCN-3
2026/Jun/08 11:22:45.674983 USER TC_26_8_1_3_4_3.ttcn3:289 L3_Port: Received 17 bytes
2026/Jun/08 11:22:45.675030 USER TC_26_8_1_3_4_3.ttcn3:289 L3_Port: RAW GSMTAP hdr->arfcn=0x4033 RxArfcn=0x4033 Uplink=1 Chan=3 Len=1
2026/Jun/08 11:22:45.675045 USER TC_26_8_1_3_4_3.ttcn3:289 L3_Port: RX: 0C 
2026/Jun/08 11:22:45.675062 PORTEVENT TC_26_8_1_3_4_3.ttcn3:289 Message enqueued on L from system octetstring : '0C00020BD2'O id 291
2026/Jun/08 11:22:45.675078 USER TC_26_8_1_3_4_3.ttcn3:289 L3_Port: Message delivered to TTCN-3
2026/Jun/08 11:22:45.677179 USER TC_26_8_1_3_4_3.ttcn3:289 L3_Port: Received 17 bytes
2026/Jun/08 11:22:45.677226 USER TC_26_8_1_3_4_3.ttcn3:289 L3_Port: RAW GSMTAP hdr->arfcn=0x4033 RxArfcn=0x4033 Uplink=1 Chan=3 Len=1
2026/Jun/08 11:22:45.677240 USER TC_26_8_1_3_4_3.ttcn3:289 L3_Port: RX: 0F 
2026/Jun/08 11:22:45.677254 PORTEVENT TC_26_8_1_3_4_3.ttcn3:289 Message enqueued on L from system octetstring : '0F00020BD6'O id 292
2026/Jun/08 11:22:45.677270 USER TC_26_8_1_3_4_3.ttcn3:289 L3_Port: Message delivered to TTCN-3
2026/Jun/08 11:22:45.678241 USER TC_26_8_1_3_4_3.ttcn3:289 L3_Port: Received 17 bytes
2026/Jun/08 11:22:45.678299 USER TC_26_8_1_3_4_3.ttcn3:289 L3_Port: RAW GSMTAP hdr->arfcn=0x4033 RxArfcn=0x4033 Uplink=1 Chan=3 Len=1
2026/Jun/08 11:22:45.678316 USER TC_26_8_1_3_4_3.ttcn3:289 L3_Port: RX: 04 
2026/Jun/08 11:22:45.678332 PORTEVENT TC_26_8_1_3_4_3.ttcn3:289 Message enqueued on L from system octetstring : '0400020C9B'O id 293
2026/Jun/08 11:22:45.678351 USER TC_26_8_1_3_4_3.ttcn3:289 L3_Port: Message delivered to TTCN-3
2026/Jun/08 11:22:45.702368 USER TC_26_8_1_3_4_3.ttcn3:289 L3_Port: Received 39 bytes
2026/Jun/08 11:22:45.702453 USER TC_26_8_1_3_4_3.ttcn3:289 L3_Port: RAW GSMTAP hdr->arfcn=0x4033 RxArfcn=0x4033 Uplink=1 Chan=8 Len=23
2026/Jun/08 11:22:45.702476 USER TC_26_8_1_3_4_3.ttcn3:289 L3_Port: RX: 01 3F 49 05 08 70 09 F1 07 00 00 33 08 99 10 07 00 00 00 00 10 2B 2B 
2026/Jun/08 11:22:45.702501 PORTEVENT TC_26_8_1_3_4_3.ttcn3:289 Message enqueued on L from system octetstring : '013F4905087009F1070000330899100700000000102B2B'O id 294
2026/Jun/08 11:22:45.702523 USER TC_26_8_1_3_4_3.ttcn3:289 L3_Port: Message delivered to TTCN-3
2026/Jun/08 11:22:45.703490 USER TC_26_8_1_3_4_3.ttcn3:289 L3_Port: Received 39 bytes
2026/Jun/08 11:22:45.703528 USER TC_26_8_1_3_4_3.ttcn3:289 L3_Port: RAW GSMTAP hdr->arfcn=0x4033 RxArfcn=0x4033 Uplink=1 Chan=136 Len=23
2026/Jun/08 11:22:45.703613 USER TC_26_8_1_3_4_3.ttcn3:289 L3_Port: RX: 0E 00 01 03 49 06 15 80 40 00 00 00 00 00 00 00 00 00 00 00 00 00 00 
2026/Jun/08 11:22:45.703633 PORTEVENT TC_26_8_1_3_4_3.ttcn3:289 Message enqueued on L from system octetstring : '0E00010349061580400000000000000000000000000000'O id 295
2026/Jun/08 11:22:45.703649 USER TC_26_8_1_3_4_3.ttcn3:289 L3_Port: Message delivered to TTCN-3
2026/Jun/08 11:22:45.826217 USER TC_26_8_1_3_4_3.ttcn3:289 L3_Port: Received 39 bytes
2026/Jun/08 11:22:45.826256 USER TC_26_8_1_3_4_3.ttcn3:289 L3_Port: RAW GSMTAP hdr->arfcn=0x4033 RxArfcn=0x4033 Uplink=1 Chan=136 Len=23
2026/Jun/08 11:22:45.826264 USER TC_26_8_1_3_4_3.ttcn3:289 L3_Port: RX: 0E 00 01 03 49 06 15 BF 3F 00 00 00 00 00 00 00 00 00 00 00 00 00 00 
2026/Jun/08 11:22:45.826275 PORTEVENT TC_26_8_1_3_4_3.ttcn3:289 Message enqueued on L from system octetstring : '0E000103490615BF3F0000000000000000000000000000'O id 296
2026/Jun/08 11:22:45.826284 USER TC_26_8_1_3_4_3.ttcn3:289 L3_Port: Message delivered to TTCN-3
2026/Jun/08 11:22:45.964225 USER TC_26_8_1_3_4_3.ttcn3:289 L3_Port: Received 39 bytes
2026/Jun/08 11:22:45.964279 USER TC_26_8_1_3_4_3.ttcn3:289 L3_Port: RAW GSMTAP hdr->arfcn=0x4033 RxArfcn=0x4033 Uplink=1 Chan=8 Len=23
2026/Jun/08 11:22:45.964287 USER TC_26_8_1_3_4_3.ttcn3:289 L3_Port: RX: 01 3F 3D 05 08 70 09 F1 07 10 92 33 05 F4 12 34 56 78 2B 2B 2B 2B 2B 
2026/Jun/08 11:22:45.964301 PORTEVENT TC_26_8_1_3_4_3.ttcn3:289 Message enqueued on L from system octetstring : '013F3D05087009F10710923305F4123456782B2B2B2B2B'O id 297
2026/Jun/08 11:22:45.964313 USER TC_26_8_1_3_4_3.ttcn3:289 L3_Port: Message delivered to TTCN-3
2026/Jun/08 11:22:45.964624 USER TC_26_8_1_3_4_3.ttcn3:289 L3_Port: Received 39 bytes
2026/Jun/08 11:22:45.964640 USER TC_26_8_1_3_4_3.ttcn3:289 L3_Port: RAW GSMTAP hdr->arfcn=0x4033 RxArfcn=0x4033 Uplink=1 Chan=136 Len=23
2026/Jun/08 11:22:45.964647 USER TC_26_8_1_3_4_3.ttcn3:289 L3_Port: RX: 0E 00 01 03 49 06 15 80 40 00 00 00 00 00 00 00 00 00 00 00 00 00 00 
2026/Jun/08 11:22:45.964654 PORTEVENT TC_26_8_1_3_4_3.ttcn3:289 Message enqueued on L from system octetstring : '0E00010349061580400000000000000000000000000000'O id 298
2026/Jun/08 11:22:45.964659 USER TC_26_8_1_3_4_3.ttcn3:289 L3_Port: Message delivered to TTCN-3
2026/Jun/08 11:22:46.702244 USER TC_26_8_1_3_4_3.ttcn3:289 L3_Port: Received 39 bytes
2026/Jun/08 11:22:46.702306 USER TC_26_8_1_3_4_3.ttcn3:289 L3_Port: RAW GSMTAP hdr->arfcn=0x4033 RxArfcn=0x4033 Uplink=1 Chan=136 Len=23
2026/Jun/08 11:22:46.702315 USER TC_26_8_1_3_4_3.ttcn3:289 L3_Port: RX: 0E 00 01 03 49 06 15 BF 3F 00 00 00 00 00 00 00 00 00 00 00 00 00 00 
2026/Jun/08 11:22:46.702329 PORTEVENT TC_26_8_1_3_4_3.ttcn3:289 Message enqueued on L from system octetstring : '0E000103490615BF3F0000000000000000000000000000'O id 299
2026/Jun/08 11:22:46.702342 USER TC_26_8_1_3_4_3.ttcn3:289 L3_Port: Message delivered to TTCN-3
2026/Jun/08 11:22:46.826540 USER TC_26_8_1_3_4_3.ttcn3:289 L3_Port: Received 39 bytes
2026/Jun/08 11:22:46.826594 USER TC_26_8_1_3_4_3.ttcn3:289 L3_Port: RAW GSMTAP hdr->arfcn=0x4033 RxArfcn=0x4033 Uplink=1 Chan=136 Len=23
2026/Jun/08 11:22:46.826603 USER TC_26_8_1_3_4_3.ttcn3:289 L3_Port: RX: 0E 00 01 03 49 06 15 BF 3F 00 00 00 00 00 00 00 00 00 00 00 00 00 00 
2026/Jun/08 11:22:46.826616 PORTEVENT TC_26_8_1_3_4_3.ttcn3:289 Message enqueued on L from system octetstring : '0E000103490615BF3F0000000000000000000000000000'O id 300
2026/Jun/08 11:22:46.826627 USER TC_26_8_1_3_4_3.ttcn3:289 L3_Port: Message delivered to TTCN-3
2026/Jun/08 11:22:46.965176 USER TC_26_8_1_3_4_3.ttcn3:289 L3_Port: Received 39 bytes
2026/Jun/08 11:22:46.965228 USER TC_26_8_1_3_4_3.ttcn3:289 L3_Port: RAW GSMTAP hdr->arfcn=0x4033 RxArfcn=0x4033 Uplink=1 Chan=8 Len=23
2026/Jun/08 11:22:46.965237 USER TC_26_8_1_3_4_3.ttcn3:289 L3_Port: RX: 01 3F 3D 05 08 70 09 F1 07 10 92 33 05 F4 12 34 56 78 2B 2B 2B 2B 2B 
2026/Jun/08 11:22:46.965250 PORTEVENT TC_26_8_1_3_4_3.ttcn3:289 Message enqueued on L from system octetstring : '013F3D05087009F10710923305F4123456782B2B2B2B2B'O id 301
2026/Jun/08 11:22:46.965262 USER TC_26_8_1_3_4_3.ttcn3:289 L3_Port: Message delivered to TTCN-3
2026/Jun/08 11:22:46.965855 USER TC_26_8_1_3_4_3.ttcn3:289 L3_Port: Received 39 bytes
2026/Jun/08 11:22:46.965868 USER TC_26_8_1_3_4_3.ttcn3:289 L3_Port: RAW GSMTAP hdr->arfcn=0x4033 RxArfcn=0x4033 Uplink=1 Chan=136 Len=23
2026/Jun/08 11:22:46.965875 USER TC_26_8_1_3_4_3.ttcn3:289 L3_Port: RX: 0E 00 01 03 49 06 15 00 40 01 C0 00 00 00 00 00 00 00 00 00 00 00 00 
2026/Jun/08 11:22:46.965888 PORTEVENT TC_26_8_1_3_4_3.ttcn3:289 Message enqueued on L from system octetstring : '0E000103490615004001C0000000000000000000000000'O id 302
2026/Jun/08 11:22:46.965893 USER TC_26_8_1_3_4_3.ttcn3:289 L3_Port: Message delivered to TTCN-3
2026/Jun/08 11:22:47.702425 USER TC_26_8_1_3_4_3.ttcn3:289 L3_Port: Received 39 bytes
2026/Jun/08 11:22:47.702486 USER TC_26_8_1_3_4_3.ttcn3:289 L3_Port: RAW GSMTAP hdr->arfcn=0x4033 RxArfcn=0x4033 Uplink=1 Chan=136 Len=23
2026/Jun/08 11:22:47.702497 USER TC_26_8_1_3_4_3.ttcn3:289 L3_Port: RX: 0E 00 01 03 49 06 15 BF 3F 00 00 00 00 00 00 00 00 00 00 00 00 00 00 
2026/Jun/08 11:22:47.702510 PORTEVENT TC_26_8_1_3_4_3.ttcn3:289 Message enqueued on L from system octetstring : '0E000103490615BF3F0000000000000000000000000000'O id 303
2026/Jun/08 11:22:47.702524 USER TC_26_8_1_3_4_3.ttcn3:289 L3_Port: Message delivered to TTCN-3
2026/Jun/08 11:22:47.826861 USER TC_26_8_1_3_4_3.ttcn3:289 L3_Port: Received 39 bytes
2026/Jun/08 11:22:47.826920 USER TC_26_8_1_3_4_3.ttcn3:289 L3_Port: RAW GSMTAP hdr->arfcn=0x4033 RxArfcn=0x4033 Uplink=1 Chan=136 Len=23
2026/Jun/08 11:22:47.826930 USER TC_26_8_1_3_4_3.ttcn3:289 L3_Port: RX: 0E 00 01 03 49 06 15 BF 3F 00 00 00 00 00 00 00 00 00 00 00 00 00 00 
2026/Jun/08 11:22:47.826944 PORTEVENT TC_26_8_1_3_4_3.ttcn3:289 Message enqueued on L from system octetstring : '0E000103490615BF3F0000000000000000000000000000'O id 304
2026/Jun/08 11:22:47.826956 USER TC_26_8_1_3_4_3.ttcn3:289 L3_Port: Message delivered to TTCN-3
2026/Jun/08 11:22:47.966845 USER TC_26_8_1_3_4_3.ttcn3:289 L3_Port: Received 39 bytes
2026/Jun/08 11:22:47.966899 USER TC_26_8_1_3_4_3.ttcn3:289 L3_Port: RAW GSMTAP hdr->arfcn=0x4033 RxArfcn=0x4033 Uplink=1 Chan=8 Len=23
2026/Jun/08 11:22:47.966909 USER TC_26_8_1_3_4_3.ttcn3:289 L3_Port: RX: 01 3F 3D 05 08 70 09 F1 07 10 92 33 05 F4 12 34 56 78 2B 2B 2B 2B 2B 
2026/Jun/08 11:22:47.966923 PORTEVENT TC_26_8_1_3_4_3.ttcn3:289 Message enqueued on L from system octetstring : '013F3D05087009F10710923305F4123456782B2B2B2B2B'O id 305
2026/Jun/08 11:22:47.966935 USER TC_26_8_1_3_4_3.ttcn3:289 L3_Port: Message delivered to TTCN-3
2026/Jun/08 11:22:47.967236 USER TC_26_8_1_3_4_3.ttcn3:289 L3_Port: Received 39 bytes
2026/Jun/08 11:22:47.967244 USER TC_26_8_1_3_4_3.ttcn3:289 L3_Port: RAW GSMTAP hdr->arfcn=0x4033 RxArfcn=0x4033 Uplink=1 Chan=136 Len=23
2026/Jun/08 11:22:47.967252 USER TC_26_8_1_3_4_3.ttcn3:289 L3_Port: RX: 0E 00 01 03 49 06 15 00 40 01 C0 00 00 00 00 00 00 00 00 00 00 00 00 
2026/Jun/08 11:22:47.967257 PORTEVENT TC_26_8_1_3_4_3.ttcn3:289 Message enqueued on L from system octetstring : '0E000103490615004001C0000000000000000000000000'O id 306
2026/Jun/08 11:22:47.967263 USER TC_26_8_1_3_4_3.ttcn3:289 L3_Port: Message delivered to TTCN-3
2026/Jun/08 11:22:48.703161 USER TC_26_8_1_3_4_3.ttcn3:289 L3_Port: Received 39 bytes
2026/Jun/08 11:22:48.703238 USER TC_26_8_1_3_4_3.ttcn3:289 L3_Port: RAW GSMTAP hdr->arfcn=0x4033 RxArfcn=0x4033 Uplink=1 Chan=136 Len=23
2026/Jun/08 11:22:48.703264 USER TC_26_8_1_3_4_3.ttcn3:289 L3_Port: RX: 0E 00 01 03 49 06 15 BF 3F 00 00 00 00 00 00 00 00 00 00 00 00 00 00 
2026/Jun/08 11:22:48.703291 PORTEVENT TC_26_8_1_3_4_3.ttcn3:289 Message enqueued on L from system octetstring : '0E000103490615BF3F0000000000000000000000000000'O id 307
2026/Jun/08 11:22:48.703316 USER TC_26_8_1_3_4_3.ttcn3:289 L3_Port: Message delivered to TTCN-3
2026/Jun/08 11:22:48.707940 TIMEROP TC_26_8_1_3_4_3.ttcn3:319 Timeout T_paging_rsp: 30 s
2026/Jun/08 11:22:48.707975 USER TC_26_8_1_3_4_3.ttcn3:320 TC_26_8_1_3_4_3: WARNING -- no explicit paging response; using last bsc_slr as fallback
2026/Jun/08 11:22:48.707994 TIMEROP TC_26_8_1_3_4_3.ttcn3:328 Start timer T_page_settle: 1 s
2026/Jun/08 11:22:48.827857 USER TC_26_8_1_3_4_3.ttcn3:328 L3_Port: Received 39 bytes
2026/Jun/08 11:22:48.827907 USER TC_26_8_1_3_4_3.ttcn3:328 L3_Port: RAW GSMTAP hdr->arfcn=0x4033 RxArfcn=0x4033 Uplink=1 Chan=136 Len=23
2026/Jun/08 11:22:48.827917 USER TC_26_8_1_3_4_3.ttcn3:328 L3_Port: RX: 0E 00 01 03 49 06 15 BF 3F 00 00 00 00 00 00 00 00 00 00 00 00 00 00 
2026/Jun/08 11:22:48.827938 PORTEVENT TC_26_8_1_3_4_3.ttcn3:328 Message enqueued on L from system octetstring : '0E000103490615BF3F0000000000000000000000000000'O id 308
2026/Jun/08 11:22:48.827950 USER TC_26_8_1_3_4_3.ttcn3:328 L3_Port: Message delivered to TTCN-3
2026/Jun/08 11:22:48.967020 USER TC_26_8_1_3_4_3.ttcn3:328 L3_Port: Received 39 bytes
2026/Jun/08 11:22:48.967075 USER TC_26_8_1_3_4_3.ttcn3:328 L3_Port: RAW GSMTAP hdr->arfcn=0x4033 RxArfcn=0x4033 Uplink=1 Chan=136 Len=23
2026/Jun/08 11:22:48.967085 USER TC_26_8_1_3_4_3.ttcn3:328 L3_Port: RX: 0E 00 01 03 49 06 15 00 40 01 C0 00 00 00 00 00 00 00 00 00 00 00 00 
2026/Jun/08 11:22:48.967097 PORTEVENT TC_26_8_1_3_4_3.ttcn3:328 Message enqueued on L from system octetstring : '0E000103490615004001C0000000000000000000000000'O id 309
2026/Jun/08 11:22:48.967109 USER TC_26_8_1_3_4_3.ttcn3:328 L3_Port: Message delivered to TTCN-3
2026/Jun/08 11:22:48.967906 USER TC_26_8_1_3_4_3.ttcn3:328 L3_Port: Received 39 bytes
2026/Jun/08 11:22:48.967934 USER TC_26_8_1_3_4_3.ttcn3:328 L3_Port: RAW GSMTAP hdr->arfcn=0x4033 RxArfcn=0x4033 Uplink=1 Chan=8 Len=23
2026/Jun/08 11:22:48.967943 USER TC_26_8_1_3_4_3.ttcn3:328 L3_Port: RX: 01 3F 3D 05 08 70 09 F1 07 10 92 33 05 F4 12 34 56 78 2B 2B 2B 2B 2B 
2026/Jun/08 11:22:48.967953 PORTEVENT TC_26_8_1_3_4_3.ttcn3:328 Message enqueued on L from system octetstring : '013F3D05087009F10710923305F4123456782B2B2B2B2B'O id 310
2026/Jun/08 11:22:48.967960 USER TC_26_8_1_3_4_3.ttcn3:328 L3_Port: Message delivered to TTCN-3
2026/Jun/08 11:22:49.705655 USER TC_26_8_1_3_4_3.ttcn3:328 L3_Port: Received 39 bytes
2026/Jun/08 11:22:49.705739 USER TC_26_8_1_3_4_3.ttcn3:328 L3_Port: RAW GSMTAP hdr->arfcn=0x4033 RxArfcn=0x4033 Uplink=1 Chan=136 Len=23
2026/Jun/08 11:22:49.705762 USER TC_26_8_1_3_4_3.ttcn3:328 L3_Port: RX: 0E 00 01 03 49 06 15 BF 3F 00 00 00 00 00 00 00 00 00 00 00 00 00 00 
2026/Jun/08 11:22:49.705787 PORTEVENT TC_26_8_1_3_4_3.ttcn3:328 Message enqueued on L from system octetstring : '0E000103490615BF3F0000000000000000000000000000'O id 311
2026/Jun/08 11:22:49.705809 USER TC_26_8_1_3_4_3.ttcn3:328 L3_Port: Message delivered to TTCN-3
2026/Jun/08 11:22:49.708011 TIMEROP TC_26_8_1_3_4_3.ttcn3:328 Timeout T_page_settle: 1 s
2026/Jun/08 11:22:49.708043 USER TC_26_8_1_3_4_3.ttcn3:336 *** Phase 2ab: [3a] +Authentication -- sending AUTHENTICATION REQUEST ***
2026/Jun/08 11:22:49.708059 USER TC_26_8_1_3_4_3.ttcn3:337 TC_26_8_1_3_4_3: [3a] AuthReq(ch, AuthRequest(cksn=0, rand=00112233445566778899aabbccddeeff))
2026/Jun/08 11:22:49.708091 PORTEVENT TC_26_8_1_3_4_3.ttcn3:338 Sent on MSC to system charstring : "{\"command\": \"CMD_SEND_AUTH_REQ\", \"params\": {\"bsc_slr\": 14, \"rand\": \"00112233445566778899aabbccddeeff\", \"cksn\": 0}}"
2026/Jun/08 11:22:49.708114 WARNING TC_26_8_1_3_4_3.ttcn3:338 MSC_Port: Not connected
2026/Jun/08 11:22:49.708129 TIMEROP TC_26_8_1_3_4_3.ttcn3:344 Start timer T_auth: 10 s
2026/Jun/08 11:22:49.828143 USER TC_26_8_1_3_4_3.ttcn3:345 L3_Port: Received 39 bytes
2026/Jun/08 11:22:49.828203 USER TC_26_8_1_3_4_3.ttcn3:345 L3_Port: RAW GSMTAP hdr->arfcn=0x4033 RxArfcn=0x4033 Uplink=1 Chan=136 Len=23
2026/Jun/08 11:22:49.828213 USER TC_26_8_1_3_4_3.ttcn3:345 L3_Port: RX: 0E 00 01 03 49 06 15 BF 3F 00 00 00 00 00 00 00 00 00 00 00 00 00 00 
2026/Jun/08 11:22:49.828226 PORTEVENT TC_26_8_1_3_4_3.ttcn3:345 Message enqueued on L from system octetstring : '0E000103490615BF3F0000000000000000000000000000'O id 312
2026/Jun/08 11:22:49.828240 USER TC_26_8_1_3_4_3.ttcn3:345 L3_Port: Message delivered to TTCN-3
2026/Jun/08 11:22:49.967384 USER TC_26_8_1_3_4_3.ttcn3:345 L3_Port: Received 39 bytes
2026/Jun/08 11:22:49.967442 USER TC_26_8_1_3_4_3.ttcn3:345 L3_Port: RAW GSMTAP hdr->arfcn=0x4033 RxArfcn=0x4033 Uplink=1 Chan=136 Len=23
2026/Jun/08 11:22:49.967452 USER TC_26_8_1_3_4_3.ttcn3:345 L3_Port: RX: 0E 00 01 03 49 06 15 00 40 01 C0 00 00 00 00 00 00 00 00 00 00 00 00 
2026/Jun/08 11:22:49.967465 PORTEVENT TC_26_8_1_3_4_3.ttcn3:345 Message enqueued on L from system octetstring : '0E000103490615004001C0000000000000000000000000'O id 313
2026/Jun/08 11:22:49.967487 USER TC_26_8_1_3_4_3.ttcn3:345 L3_Port: Message delivered to TTCN-3
2026/Jun/08 11:22:49.967780 USER TC_26_8_1_3_4_3.ttcn3:345 L3_Port: Received 39 bytes
2026/Jun/08 11:22:49.967788 USER TC_26_8_1_3_4_3.ttcn3:345 L3_Port: RAW GSMTAP hdr->arfcn=0x4033 RxArfcn=0x4033 Uplink=1 Chan=8 Len=23
2026/Jun/08 11:22:49.967795 USER TC_26_8_1_3_4_3.ttcn3:345 L3_Port: RX: 01 3F 3D 05 08 70 09 F1 07 10 92 33 05 F4 12 34 56 78 2B 2B 2B 2B 2B 
2026/Jun/08 11:22:49.967800 PORTEVENT TC_26_8_1_3_4_3.ttcn3:345 Message enqueued on L from system octetstring : '013F3D05087009F10710923305F4123456782B2B2B2B2B'O id 314
2026/Jun/08 11:22:49.967805 USER TC_26_8_1_3_4_3.ttcn3:345 L3_Port: Message delivered to TTCN-3
2026/Jun/08 11:22:50.705681 USER TC_26_8_1_3_4_3.ttcn3:345 L3_Port: Received 39 bytes
2026/Jun/08 11:22:50.705746 USER TC_26_8_1_3_4_3.ttcn3:345 L3_Port: RAW GSMTAP hdr->arfcn=0x4033 RxArfcn=0x4033 Uplink=1 Chan=136 Len=23
2026/Jun/08 11:22:50.705762 USER TC_26_8_1_3_4_3.ttcn3:345 L3_Port: RX: 0E 00 01 03 49 06 15 BF 3F 00 00 00 00 00 00 00 00 00 00 00 00 00 00 
2026/Jun/08 11:22:50.705779 PORTEVENT TC_26_8_1_3_4_3.ttcn3:345 Message enqueued on L from system octetstring : '0E000103490615BF3F0000000000000000000000000000'O id 315
2026/Jun/08 11:22:50.705797 USER TC_26_8_1_3_4_3.ttcn3:345 L3_Port: Message delivered to TTCN-3
2026/Jun/08 11:22:50.828070 USER TC_26_8_1_3_4_3.ttcn3:345 L3_Port: Received 39 bytes
2026/Jun/08 11:22:50.828158 USER TC_26_8_1_3_4_3.ttcn3:345 L3_Port: RAW GSMTAP hdr->arfcn=0x4033 RxArfcn=0x4033 Uplink=1 Chan=136 Len=23
2026/Jun/08 11:22:50.828184 USER TC_26_8_1_3_4_3.ttcn3:345 L3_Port: RX: 0E 00 01 03 49 06 15 BF 3F 00 00 00 00 00 00 00 00 00 00 00 00 00 00 
2026/Jun/08 11:22:50.828212 PORTEVENT TC_26_8_1_3_4_3.ttcn3:345 Message enqueued on L from system octetstring : '0E000103490615BF3F0000000000000000000000000000'O id 316
2026/Jun/08 11:22:50.828235 USER TC_26_8_1_3_4_3.ttcn3:345 L3_Port: Message delivered to TTCN-3
2026/Jun/08 11:22:50.907468 USER TC_26_8_1_3_4_3.ttcn3:345 L3_Port: Received 39 bytes
2026/Jun/08 11:22:50.907522 USER TC_26_8_1_3_4_3.ttcn3:345 L3_Port: RAW GSMTAP hdr->arfcn=0x4033 RxArfcn=0x4033 Uplink=1 Chan=8 Len=23
2026/Jun/08 11:22:50.907532 USER TC_26_8_1_3_4_3.ttcn3:345 L3_Port: RX: 03 21 01 2B 2B 2B 2B 2B 2B 2B 2B 2B 2B 2B 2B 2B 2B 2B 2B 2B 2B 2B 2B 
2026/Jun/08 11:22:50.907543 PORTEVENT TC_26_8_1_3_4_3.ttcn3:345 Message enqueued on L from system octetstring : '0321012B2B2B2B2B2B2B2B2B2B2B2B2B2B2B2B2B2B2B2B'O id 317
2026/Jun/08 11:22:50.907552 USER TC_26_8_1_3_4_3.ttcn3:345 L3_Port: Message delivered to TTCN-3
2026/Jun/08 11:22:50.907864 USER TC_26_8_1_3_4_3.ttcn3:345 L3_Port: Received 39 bytes
2026/Jun/08 11:22:50.907892 USER TC_26_8_1_3_4_3.ttcn3:345 L3_Port: RAW GSMTAP hdr->arfcn=0x4033 RxArfcn=0x4033 Uplink=1 Chan=8 Len=23
2026/Jun/08 11:22:50.907900 USER TC_26_8_1_3_4_3.ttcn3:345 L3_Port: RX: 01 53 01 2B 2B 2B 2B 2B 2B 2B 2B 2B 2B 2B 2B 2B 2B 2B 2B 2B 2B 2B 2B 
2026/Jun/08 11:22:50.907908 PORTEVENT TC_26_8_1_3_4_3.ttcn3:345 Message enqueued on L from system octetstring : '0153012B2B2B2B2B2B2B2B2B2B2B2B2B2B2B2B2B2B2B2B'O id 318
2026/Jun/08 11:22:50.907915 USER TC_26_8_1_3_4_3.ttcn3:345 L3_Port: Message delivered to TTCN-3
2026/Jun/08 11:22:50.968086 USER TC_26_8_1_3_4_3.ttcn3:345 L3_Port: Received 39 bytes
2026/Jun/08 11:22:50.968128 USER TC_26_8_1_3_4_3.ttcn3:345 L3_Port: RAW GSMTAP hdr->arfcn=0x4033 RxArfcn=0x4033 Uplink=1 Chan=8 Len=23
2026/Jun/08 11:22:50.968137 USER TC_26_8_1_3_4_3.ttcn3:345 L3_Port: RX: 01 3F 3D 05 08 70 09 F1 07 10 92 33 05 F4 12 34 56 78 2B 2B 2B 2B 2B 
2026/Jun/08 11:22:50.968147 PORTEVENT TC_26_8_1_3_4_3.ttcn3:345 Message enqueued on L from system octetstring : '013F3D05087009F10710923305F4123456782B2B2B2B2B'O id 319
2026/Jun/08 11:22:50.968155 USER TC_26_8_1_3_4_3.ttcn3:345 L3_Port: Message delivered to TTCN-3
2026/Jun/08 11:22:50.968389 USER TC_26_8_1_3_4_3.ttcn3:345 L3_Port: Received 39 bytes
2026/Jun/08 11:22:50.968396 USER TC_26_8_1_3_4_3.ttcn3:345 L3_Port: RAW GSMTAP hdr->arfcn=0x4033 RxArfcn=0x4033 Uplink=1 Chan=136 Len=23
2026/Jun/08 11:22:50.968411 USER TC_26_8_1_3_4_3.ttcn3:345 L3_Port: RX: 0E 00 01 03 49 06 15 00 40 01 C0 00 00 00 00 00 00 00 00 00 00 00 00 
2026/Jun/08 11:22:50.968417 PORTEVENT TC_26_8_1_3_4_3.ttcn3:345 Message enqueued on L from system octetstring : '0E000103490615004001C0000000000000000000000000'O id 320
2026/Jun/08 11:22:50.968422 USER TC_26_8_1_3_4_3.ttcn3:345 L3_Port: Message delivered to TTCN-3
2026/Jun/08 11:22:51.828465 USER TC_26_8_1_3_4_3.ttcn3:345 L3_Port: Received 39 bytes
2026/Jun/08 11:22:51.828595 USER TC_26_8_1_3_4_3.ttcn3:345 L3_Port: RAW GSMTAP hdr->arfcn=0x4033 RxArfcn=0x4033 Uplink=1 Chan=136 Len=23
2026/Jun/08 11:22:51.828605 USER TC_26_8_1_3_4_3.ttcn3:345 L3_Port: RX: 0E 00 01 03 49 06 15 BF 3F 00 00 00 00 00 00 00 00 00 00 00 00 00 00 
2026/Jun/08 11:22:51.828615 PORTEVENT TC_26_8_1_3_4_3.ttcn3:345 Message enqueued on L from system octetstring : '0E000103490615BF3F0000000000000000000000000000'O id 321
2026/Jun/08 11:22:51.828623 USER TC_26_8_1_3_4_3.ttcn3:345 L3_Port: Message delivered to TTCN-3
2026/Jun/08 11:22:51.851165 USER TC_26_8_1_3_4_3.ttcn3:345 L3_Port: Received 39 bytes
2026/Jun/08 11:22:51.851213 USER TC_26_8_1_3_4_3.ttcn3:345 L3_Port: RAW GSMTAP hdr->arfcn=0x4033 RxArfcn=0x4033 Uplink=1 Chan=8 Len=23
2026/Jun/08 11:22:51.851222 USER TC_26_8_1_3_4_3.ttcn3:345 L3_Port: RX: 01 53 01 2B 2B 2B 2B 2B 2B 2B 2B 2B 2B 2B 2B 2B 2B 2B 2B 2B 2B 2B 2B 
2026/Jun/08 11:22:51.851232 PORTEVENT TC_26_8_1_3_4_3.ttcn3:345 Message enqueued on L from system octetstring : '0153012B2B2B2B2B2B2B2B2B2B2B2B2B2B2B2B2B2B2B2B'O id 322
2026/Jun/08 11:22:51.851240 USER TC_26_8_1_3_4_3.ttcn3:345 L3_Port: Message delivered to TTCN-3
2026/Jun/08 11:22:51.969420 USER TC_26_8_1_3_4_3.ttcn3:345 L3_Port: Received 39 bytes
2026/Jun/08 11:22:51.969465 USER TC_26_8_1_3_4_3.ttcn3:345 L3_Port: RAW GSMTAP hdr->arfcn=0x4033 RxArfcn=0x4033 Uplink=1 Chan=136 Len=23
2026/Jun/08 11:22:51.969475 USER TC_26_8_1_3_4_3.ttcn3:345 L3_Port: RX: 0E 00 01 03 49 06 15 00 40 01 C0 00 00 00 00 00 00 00 00 00 00 00 00 
2026/Jun/08 11:22:51.969487 PORTEVENT TC_26_8_1_3_4_3.ttcn3:345 Message enqueued on L from system octetstring : '0E000103490615004001C0000000000000000000000000'O id 323
2026/Jun/08 11:22:51.969500 USER TC_26_8_1_3_4_3.ttcn3:345 L3_Port: Message delivered to TTCN-3
2026/Jun/08 11:22:52.970089 USER TC_26_8_1_3_4_3.ttcn3:345 L3_Port: Received 39 bytes
2026/Jun/08 11:22:52.970141 USER TC_26_8_1_3_4_3.ttcn3:345 L3_Port: RAW GSMTAP hdr->arfcn=0x4033 RxArfcn=0x4033 Uplink=1 Chan=136 Len=23
2026/Jun/08 11:22:52.970152 USER TC_26_8_1_3_4_3.ttcn3:345 L3_Port: RX: 0E 00 01 03 49 06 15 00 40 01 C0 00 00 00 00 00 00 00 00 00 00 00 00 
2026/Jun/08 11:22:52.970165 PORTEVENT TC_26_8_1_3_4_3.ttcn3:345 Message enqueued on L from system octetstring : '0E000103490615004001C0000000000000000000000000'O id 324
2026/Jun/08 11:22:52.970176 USER TC_26_8_1_3_4_3.ttcn3:345 L3_Port: Message delivered to TTCN-3
2026/Jun/08 11:22:57.570956 USER TC_26_8_1_3_4_3.ttcn3:345 L3_Port: Received 17 bytes
2026/Jun/08 11:22:57.571020 USER TC_26_8_1_3_4_3.ttcn3:345 L3_Port: RAW GSMTAP hdr->arfcn=0x4033 RxArfcn=0x4033 Uplink=1 Chan=3 Len=1
2026/Jun/08 11:22:57.571029 USER TC_26_8_1_3_4_3.ttcn3:345 L3_Port: RX: 0E 
2026/Jun/08 11:22:57.571039 PORTEVENT TC_26_8_1_3_4_3.ttcn3:345 Message enqueued on L from system octetstring : '0E000215CC'O id 325
2026/Jun/08 11:22:57.571048 USER TC_26_8_1_3_4_3.ttcn3:345 L3_Port: Message delivered to TTCN-3
2026/Jun/08 11:22:57.588754 USER TC_26_8_1_3_4_3.ttcn3:345 L3_Port: Received 17 bytes
2026/Jun/08 11:22:57.588795 USER TC_26_8_1_3_4_3.ttcn3:345 L3_Port: RAW GSMTAP hdr->arfcn=0x4033 RxArfcn=0x4033 Uplink=1 Chan=3 Len=1
2026/Jun/08 11:22:57.588804 USER TC_26_8_1_3_4_3.ttcn3:345 L3_Port: RX: 02 
2026/Jun/08 11:22:57.588813 PORTEVENT TC_26_8_1_3_4_3.ttcn3:345 Message enqueued on L from system octetstring : '0200021604'O id 326
2026/Jun/08 11:22:57.588835 USER TC_26_8_1_3_4_3.ttcn3:345 L3_Port: Message delivered to TTCN-3
2026/Jun/08 11:22:57.614752 USER TC_26_8_1_3_4_3.ttcn3:345 L3_Port: Received 39 bytes
2026/Jun/08 11:22:57.614829 USER TC_26_8_1_3_4_3.ttcn3:345 L3_Port: RAW GSMTAP hdr->arfcn=0x4033 RxArfcn=0x4033 Uplink=1 Chan=136 Len=23
2026/Jun/08 11:22:57.614842 USER TC_26_8_1_3_4_3.ttcn3:345 L3_Port: RX: 0E 00 01 03 49 06 15 80 40 00 00 00 00 00 00 00 00 00 00 00 00 00 00 
2026/Jun/08 11:22:57.614855 PORTEVENT TC_26_8_1_3_4_3.ttcn3:345 Message enqueued on L from system octetstring : '0E00010349061580400000000000000000000000000000'O id 327
2026/Jun/08 11:22:57.614868 USER TC_26_8_1_3_4_3.ttcn3:345 L3_Port: Message delivered to TTCN-3
2026/Jun/08 11:22:57.617706 USER TC_26_8_1_3_4_3.ttcn3:345 L3_Port: Received 39 bytes
2026/Jun/08 11:22:57.617754 USER TC_26_8_1_3_4_3.ttcn3:345 L3_Port: RAW GSMTAP hdr->arfcn=0x4033 RxArfcn=0x4033 Uplink=1 Chan=8 Len=23
2026/Jun/08 11:22:57.617763 USER TC_26_8_1_3_4_3.ttcn3:345 L3_Port: RX: 01 3F 49 05 08 70 09 F1 07 00 00 33 08 99 10 07 00 00 00 00 10 2B 2B 
2026/Jun/08 11:22:57.617773 PORTEVENT TC_26_8_1_3_4_3.ttcn3:345 Message enqueued on L from system octetstring : '013F4905087009F1070000330899100700000000102B2B'O id 328
2026/Jun/08 11:22:57.617783 USER TC_26_8_1_3_4_3.ttcn3:345 L3_Port: Message delivered to TTCN-3
2026/Jun/08 11:22:58.411777 USER TC_26_8_1_3_4_3.ttcn3:345 L3_Port: Received 39 bytes
2026/Jun/08 11:22:58.411873 USER TC_26_8_1_3_4_3.ttcn3:345 L3_Port: RAW GSMTAP hdr->arfcn=0x4033 RxArfcn=0x4033 Uplink=1 Chan=8 Len=23
2026/Jun/08 11:22:58.411901 USER TC_26_8_1_3_4_3.ttcn3:345 L3_Port: RX: 03 21 01 2B 2B 2B 2B 2B 2B 2B 2B 2B 2B 2B 2B 2B 2B 2B 2B 2B 2B 2B 2B 
2026/Jun/08 11:22:58.411924 PORTEVENT TC_26_8_1_3_4_3.ttcn3:345 Message enqueued on L from system octetstring : '0321012B2B2B2B2B2B2B2B2B2B2B2B2B2B2B2B2B2B2B2B'O id 329
2026/Jun/08 11:22:58.411946 USER TC_26_8_1_3_4_3.ttcn3:345 L3_Port: Message delivered to TTCN-3
2026/Jun/08 11:22:58.412901 USER TC_26_8_1_3_4_3.ttcn3:345 L3_Port: Received 39 bytes
2026/Jun/08 11:22:58.412927 USER TC_26_8_1_3_4_3.ttcn3:345 L3_Port: RAW GSMTAP hdr->arfcn=0x4033 RxArfcn=0x4033 Uplink=1 Chan=8 Len=23
2026/Jun/08 11:22:58.412948 USER TC_26_8_1_3_4_3.ttcn3:345 L3_Port: RX: 01 20 09 05 5B 2B 2B 2B 2B 2B 2B 2B 2B 2B 2B 2B 2B 2B 2B 2B 2B 2B 2B 
2026/Jun/08 11:22:58.412966 PORTEVENT TC_26_8_1_3_4_3.ttcn3:345 Message enqueued on L from system octetstring : '012009055B2B2B2B2B2B2B2B2B2B2B2B2B2B2B2B2B2B2B'O id 330
2026/Jun/08 11:22:58.412981 USER TC_26_8_1_3_4_3.ttcn3:345 L3_Port: Message delivered to TTCN-3
2026/Jun/08 11:22:58.520872 USER TC_26_8_1_3_4_3.ttcn3:345 L3_Port: Received 39 bytes
2026/Jun/08 11:22:58.520941 USER TC_26_8_1_3_4_3.ttcn3:345 L3_Port: RAW GSMTAP hdr->arfcn=0x4033 RxArfcn=0x4033 Uplink=1 Chan=8 Len=23
2026/Jun/08 11:22:58.520965 USER TC_26_8_1_3_4_3.ttcn3:345 L3_Port: RX: 03 29 01 2B 2B 2B 2B 2B 2B 2B 2B 2B 2B 2B 2B 2B 2B 2B 2B 2B 2B 2B 2B 
2026/Jun/08 11:22:58.520989 PORTEVENT TC_26_8_1_3_4_3.ttcn3:345 Message enqueued on L from system octetstring : '0329012B2B2B2B2B2B2B2B2B2B2B2B2B2B2B2B2B2B2B2B'O id 331
2026/Jun/08 11:22:58.521012 USER TC_26_8_1_3_4_3.ttcn3:345 L3_Port: Message delivered to TTCN-3
2026/Jun/08 11:22:58.618810 USER TC_26_8_1_3_4_3.ttcn3:345 L3_Port: Received 39 bytes
2026/Jun/08 11:22:58.618873 USER TC_26_8_1_3_4_3.ttcn3:345 L3_Port: RAW GSMTAP hdr->arfcn=0x4033 RxArfcn=0x4033 Uplink=1 Chan=136 Len=23
2026/Jun/08 11:22:58.618886 USER TC_26_8_1_3_4_3.ttcn3:345 L3_Port: RX: 0E 00 01 03 49 06 15 BF 3F 00 00 00 00 00 00 00 00 00 00 00 00 00 00 
2026/Jun/08 11:22:58.618902 PORTEVENT TC_26_8_1_3_4_3.ttcn3:345 Message enqueued on L from system octetstring : '0E000103490615BF3F0000000000000000000000000000'O id 332
2026/Jun/08 11:22:58.618917 USER TC_26_8_1_3_4_3.ttcn3:345 L3_Port: Message delivered to TTCN-3
2026/Jun/08 11:22:59.678887 USER TC_26_8_1_3_4_3.ttcn3:345 L3_Port: Received 39 bytes
2026/Jun/08 11:22:59.678943 USER TC_26_8_1_3_4_3.ttcn3:345 L3_Port: RAW GSMTAP hdr->arfcn=0x4033 RxArfcn=0x4033 Uplink=1 Chan=136 Len=23
2026/Jun/08 11:22:59.678960 USER TC_26_8_1_3_4_3.ttcn3:345 L3_Port: RX: 0E 00 01 03 49 06 15 BF 3F 00 00 00 00 00 00 00 00 00 00 00 00 00 00 
2026/Jun/08 11:22:59.678986 PORTEVENT TC_26_8_1_3_4_3.ttcn3:345 Message enqueued on L from system octetstring : '0E000103490615BF3F0000000000000000000000000000'O id 333
2026/Jun/08 11:22:59.679001 USER TC_26_8_1_3_4_3.ttcn3:345 L3_Port: Message delivered to TTCN-3
2026/Jun/08 11:22:59.708153 TIMEROP TC_26_8_1_3_4_3.ttcn3:358 Timeout T_auth: 10 s
2026/Jun/08 11:22:59.708203 USER TC_26_8_1_3_4_3.ttcn3:362 TC_26_8_1_3_4_3: [3a] +Authentication: timeout -- auth handled by OsmoHLR infrastructure
2026/Jun/08 11:22:59.708222 USER TC_26_8_1_3_4_3.ttcn3:363 TC_26_8_1_3_4_3: [3a]   (PARTIAL: ciphering activation confirms authentication success)
2026/Jun/08 11:22:59.708226 USER TC_26_8_1_3_4_3.ttcn3:368 TC_26_8_1_3_4_3: [3a] +Ciphering_on(TCV_ch) -- handled by OsmoBSC/HLR infrastructure
2026/Jun/08 11:22:59.708230 USER TC_26_8_1_3_4_3.ttcn3:373 *** Phase 2b: [3a] L!DL_DatRqSetup -- sending CC SETUP to MS (TI_02, SDCCH) ***
2026/Jun/08 11:22:59.708234 USER TC_26_8_1_3_4_3.ttcn3:374 TC_26_8_1_3_4_3: [3a] SetupSnd(TCV_ch, TCV_Setup_mt): TI_02 (ti_value=0, ti_flag=0)
2026/Jun/08 11:22:59.708237 USER TC_26_8_1_3_4_3.ttcn3:375 TC_26_8_1_3_4_3: [3a] SDCCH path: no TCH assignment (key precondition for U19 verdict)
2026/Jun/08 11:22:59.708254 PORTEVENT TC_26_8_1_3_4_3.ttcn3:376 Sent on MSC to system charstring : "{\"command\": \"CMD_SEND_CC_SETUP\", \"params\": {\"bsc_slr\": 14, \"ti_value\": 0, \"ti_flag\": 0}}"
2026/Jun/08 11:22:59.708268 WARNING TC_26_8_1_3_4_3.ttcn3:376 MSC_Port: Not connected
2026/Jun/08 11:22:59.708273 USER TC_26_8_1_3_4_3.ttcn3:379 TC_26_8_1_3_4_3: CC SETUP sent (ti_value=0, ti_flag=0 = TI_02)
2026/Jun/08 11:22:59.708278 USER TC_26_8_1_3_4_3.ttcn3:383 *** Phase 2c: [3a] Waiting for CC CALL CONFIRMED (MS enters U9) ***
2026/Jun/08 11:22:59.708281 USER TC_26_8_1_3_4_3.ttcn3:384 TC_26_8_1_3_4_3: [3a] CallCfm(CallConfirm_01(TI_01)) -- MS transitions to CC state U9
2026/Jun/08 11:22:59.708286 TIMEROP TC_26_8_1_3_4_3.ttcn3:386 Start timer T_cc_conf: 20 s
2026/Jun/08 11:23:00.620443 USER TC_26_8_1_3_4_3.ttcn3:387 L3_Port: Received 39 bytes
2026/Jun/08 11:23:00.620517 USER TC_26_8_1_3_4_3.ttcn3:387 L3_Port: RAW GSMTAP hdr->arfcn=0x4033 RxArfcn=0x4033 Uplink=1 Chan=136 Len=23
2026/Jun/08 11:23:00.620539 USER TC_26_8_1_3_4_3.ttcn3:387 L3_Port: RX: 0E 00 01 03 49 06 15 BF 3F 00 00 00 00 00 00 00 00 00 00 00 00 00 00 
2026/Jun/08 11:23:00.620563 PORTEVENT TC_26_8_1_3_4_3.ttcn3:387 Message enqueued on L from system octetstring : '0E000103490615BF3F0000000000000000000000000000'O id 334
2026/Jun/08 11:23:00.620585 USER TC_26_8_1_3_4_3.ttcn3:387 L3_Port: Message delivered to TTCN-3
2026/Jun/08 11:23:01.609608 USER TC_26_8_1_3_4_3.ttcn3:387 L3_Port: Received 39 bytes
2026/Jun/08 11:23:01.609663 USER TC_26_8_1_3_4_3.ttcn3:387 L3_Port: RAW GSMTAP hdr->arfcn=0x4033 RxArfcn=0x4033 Uplink=1 Chan=136 Len=23
2026/Jun/08 11:23:01.609673 USER TC_26_8_1_3_4_3.ttcn3:387 L3_Port: RX: 0E 00 01 03 49 06 15 BF 3F 00 00 00 00 00 00 00 00 00 00 00 00 00 00 
2026/Jun/08 11:23:01.609685 PORTEVENT TC_26_8_1_3_4_3.ttcn3:387 Message enqueued on L from system octetstring : '0E000103490615BF3F0000000000000000000000000000'O id 335
2026/Jun/08 11:23:01.609697 USER TC_26_8_1_3_4_3.ttcn3:387 L3_Port: Message delivered to TTCN-3
2026/Jun/08 11:23:02.621981 USER TC_26_8_1_3_4_3.ttcn3:387 L3_Port: Received 39 bytes
2026/Jun/08 11:23:02.622048 USER TC_26_8_1_3_4_3.ttcn3:387 L3_Port: RAW GSMTAP hdr->arfcn=0x4033 RxArfcn=0x4033 Uplink=1 Chan=136 Len=23
2026/Jun/08 11:23:02.622072 USER TC_26_8_1_3_4_3.ttcn3:387 L3_Port: RX: 0E 00 01 03 49 06 15 BF 3F 00 00 00 00 00 00 00 00 00 00 00 00 00 00 
2026/Jun/08 11:23:02.622095 PORTEVENT TC_26_8_1_3_4_3.ttcn3:387 Message enqueued on L from system octetstring : '0E000103490615BF3F0000000000000000000000000000'O id 336
2026/Jun/08 11:23:02.622118 USER TC_26_8_1_3_4_3.ttcn3:387 L3_Port: Message delivered to TTCN-3
2026/Jun/08 11:23:03.616131 USER TC_26_8_1_3_4_3.ttcn3:387 L3_Port: Received 39 bytes
2026/Jun/08 11:23:03.616178 USER TC_26_8_1_3_4_3.ttcn3:387 L3_Port: RAW GSMTAP hdr->arfcn=0x4033 RxArfcn=0x4033 Uplink=1 Chan=136 Len=23
2026/Jun/08 11:23:03.616193 USER TC_26_8_1_3_4_3.ttcn3:387 L3_Port: RX: 0E 00 01 03 49 06 15 BF 3F 00 00 00 00 00 00 00 00 00 00 00 00 00 00 
2026/Jun/08 11:23:03.616204 PORTEVENT TC_26_8_1_3_4_3.ttcn3:387 Message enqueued on L from system octetstring : '0E000103490615BF3F0000000000000000000000000000'O id 337
2026/Jun/08 11:23:03.616214 USER TC_26_8_1_3_4_3.ttcn3:387 L3_Port: Message delivered to TTCN-3
2026/Jun/08 11:23:04.621880 USER TC_26_8_1_3_4_3.ttcn3:387 L3_Port: Received 39 bytes
2026/Jun/08 11:23:04.621936 USER TC_26_8_1_3_4_3.ttcn3:387 L3_Port: RAW GSMTAP hdr->arfcn=0x4033 RxArfcn=0x4033 Uplink=1 Chan=136 Len=23
2026/Jun/08 11:23:04.621950 USER TC_26_8_1_3_4_3.ttcn3:387 L3_Port: RX: 0E 00 01 03 49 06 15 BF 3F 00 00 00 00 00 00 00 00 00 00 00 00 00 00 
2026/Jun/08 11:23:04.621964 PORTEVENT TC_26_8_1_3_4_3.ttcn3:387 Message enqueued on L from system octetstring : '0E000103490615BF3F0000000000000000000000000000'O id 338
2026/Jun/08 11:23:04.621977 USER TC_26_8_1_3_4_3.ttcn3:387 L3_Port: Message delivered to TTCN-3
2026/Jun/08 11:23:05.617536 USER TC_26_8_1_3_4_3.ttcn3:387 L3_Port: Received 39 bytes
2026/Jun/08 11:23:05.617587 USER TC_26_8_1_3_4_3.ttcn3:387 L3_Port: RAW GSMTAP hdr->arfcn=0x4033 RxArfcn=0x4033 Uplink=1 Chan=136 Len=23
2026/Jun/08 11:23:05.617597 USER TC_26_8_1_3_4_3.ttcn3:387 L3_Port: RX: 0E 00 01 03 49 06 15 BF 3F 00 00 00 00 00 00 00 00 00 00 00 00 00 00 
2026/Jun/08 11:23:05.617609 PORTEVENT TC_26_8_1_3_4_3.ttcn3:387 Message enqueued on L from system octetstring : '0E000103490615BF3F0000000000000000000000000000'O id 339
2026/Jun/08 11:23:05.617620 USER TC_26_8_1_3_4_3.ttcn3:387 L3_Port: Message delivered to TTCN-3
2026/Jun/08 11:23:06.045121 USER TC_26_8_1_3_4_3.ttcn3:387 L3_Port: Received 17 bytes
2026/Jun/08 11:23:06.045168 USER TC_26_8_1_3_4_3.ttcn3:387 L3_Port: RAW GSMTAP hdr->arfcn=0x4033 RxArfcn=0x4033 Uplink=1 Chan=3 Len=1
2026/Jun/08 11:23:06.045176 USER TC_26_8_1_3_4_3.ttcn3:387 L3_Port: RX: 04 
2026/Jun/08 11:23:06.045186 PORTEVENT TC_26_8_1_3_4_3.ttcn3:387 Message enqueued on L from system octetstring : '0400021CF7'O id 340
2026/Jun/08 11:23:06.045196 USER TC_26_8_1_3_4_3.ttcn3:387 L3_Port: Message delivered to TTCN-3
2026/Jun/08 11:23:06.051006 USER TC_26_8_1_3_4_3.ttcn3:387 L3_Port: Received 17 bytes
2026/Jun/08 11:23:06.051033 USER TC_26_8_1_3_4_3.ttcn3:387 L3_Port: RAW GSMTAP hdr->arfcn=0x4033 RxArfcn=0x4033 Uplink=1 Chan=3 Len=1
2026/Jun/08 11:23:06.051040 USER TC_26_8_1_3_4_3.ttcn3:387 L3_Port: RX: 06 
2026/Jun/08 11:23:06.051048 PORTEVENT TC_26_8_1_3_4_3.ttcn3:387 Message enqueued on L from system octetstring : '0600021D31'O id 341
2026/Jun/08 11:23:06.051056 USER TC_26_8_1_3_4_3.ttcn3:387 L3_Port: Message delivered to TTCN-3
2026/Jun/08 11:23:06.062645 USER TC_26_8_1_3_4_3.ttcn3:387 L3_Port: Received 17 bytes
2026/Jun/08 11:23:06.062672 USER TC_26_8_1_3_4_3.ttcn3:387 L3_Port: RAW GSMTAP hdr->arfcn=0x4033 RxArfcn=0x4033 Uplink=1 Chan=3 Len=1
2026/Jun/08 11:23:06.062679 USER TC_26_8_1_3_4_3.ttcn3:387 L3_Port: RX: 07 
2026/Jun/08 11:23:06.062687 PORTEVENT TC_26_8_1_3_4_3.ttcn3:387 Message enqueued on L from system octetstring : '0700021DCA'O id 342
2026/Jun/08 11:23:06.062695 USER TC_26_8_1_3_4_3.ttcn3:387 L3_Port: Message delivered to TTCN-3
2026/Jun/08 11:23:06.082350 USER TC_26_8_1_3_4_3.ttcn3:387 L3_Port: Received 39 bytes
2026/Jun/08 11:23:06.082420 USER TC_26_8_1_3_4_3.ttcn3:387 L3_Port: RAW GSMTAP hdr->arfcn=0x4033 RxArfcn=0x4033 Uplink=1 Chan=135 Len=23
2026/Jun/08 11:23:06.082441 USER TC_26_8_1_3_4_3.ttcn3:387 L3_Port: RX: 0E 00 01 03 49 06 15 80 40 00 00 00 00 00 00 00 00 00 00 00 00 00 00 
2026/Jun/08 11:23:06.082463 PORTEVENT TC_26_8_1_3_4_3.ttcn3:387 Message enqueued on L from system octetstring : '0E00010349061580400000000000000000000000000000'O id 343
2026/Jun/08 11:23:06.082483 USER TC_26_8_1_3_4_3.ttcn3:387 L3_Port: Message delivered to TTCN-3
2026/Jun/08 11:23:06.082769 USER TC_26_8_1_3_4_3.ttcn3:387 L3_Port: Received 39 bytes
2026/Jun/08 11:23:06.082789 USER TC_26_8_1_3_4_3.ttcn3:387 L3_Port: RAW GSMTAP hdr->arfcn=0x4033 RxArfcn=0x4033 Uplink=1 Chan=7 Len=23
2026/Jun/08 11:23:06.082819 USER TC_26_8_1_3_4_3.ttcn3:387 L3_Port: RX: 01 3F 49 05 08 70 09 F1 07 00 00 33 08 99 10 07 00 00 00 00 10 2B 2B 
2026/Jun/08 11:23:06.082853 PORTEVENT TC_26_8_1_3_4_3.ttcn3:387 Message enqueued on L from system octetstring : '013F4905087009F1070000330899100700000000102B2B'O id 344
2026/Jun/08 11:23:06.082864 USER TC_26_8_1_3_4_3.ttcn3:387 L3_Port: Message delivered to TTCN-3
2026/Jun/08 11:23:06.614472 USER TC_26_8_1_3_4_3.ttcn3:387 L3_Port: Received 39 bytes
2026/Jun/08 11:23:06.614545 USER TC_26_8_1_3_4_3.ttcn3:387 L3_Port: RAW GSMTAP hdr->arfcn=0x4033 RxArfcn=0x4033 Uplink=1 Chan=136 Len=23
2026/Jun/08 11:23:06.614569 USER TC_26_8_1_3_4_3.ttcn3:387 L3_Port: RX: 0E 00 01 03 49 06 15 BF 3F 00 00 00 00 00 00 00 00 00 00 00 00 00 00 
2026/Jun/08 11:23:06.614590 PORTEVENT TC_26_8_1_3_4_3.ttcn3:387 Message enqueued on L from system octetstring : '0E000103490615BF3F0000000000000000000000000000'O id 345
2026/Jun/08 11:23:06.614610 USER TC_26_8_1_3_4_3.ttcn3:387 L3_Port: Message delivered to TTCN-3
2026/Jun/08 11:23:07.085936 USER TC_26_8_1_3_4_3.ttcn3:387 L3_Port: Received 39 bytes
2026/Jun/08 11:23:07.085990 USER TC_26_8_1_3_4_3.ttcn3:387 L3_Port: RAW GSMTAP hdr->arfcn=0x4033 RxArfcn=0x4033 Uplink=1 Chan=135 Len=23
2026/Jun/08 11:23:07.086010 USER TC_26_8_1_3_4_3.ttcn3:387 L3_Port: RX: 0E 00 01 03 49 06 15 BF 3F 00 00 00 00 00 00 00 00 00 00 00 00 00 00 
2026/Jun/08 11:23:07.086028 PORTEVENT TC_26_8_1_3_4_3.ttcn3:387 Message enqueued on L from system octetstring : '0E000103490615BF3F0000000000000000000000000000'O id 346
2026/Jun/08 11:23:07.086044 USER TC_26_8_1_3_4_3.ttcn3:387 L3_Port: Message delivered to TTCN-3
2026/Jun/08 11:23:07.617153 USER TC_26_8_1_3_4_3.ttcn3:387 L3_Port: Received 39 bytes
2026/Jun/08 11:23:07.617228 USER TC_26_8_1_3_4_3.ttcn3:387 L3_Port: RAW GSMTAP hdr->arfcn=0x4033 RxArfcn=0x4033 Uplink=1 Chan=136 Len=23
2026/Jun/08 11:23:07.617247 USER TC_26_8_1_3_4_3.ttcn3:387 L3_Port: RX: 0E 00 01 03 49 06 15 BF 3F 00 00 00 00 00 00 00 00 00 00 00 00 00 00 
2026/Jun/08 11:23:07.617266 PORTEVENT TC_26_8_1_3_4_3.ttcn3:387 Message enqueued on L from system octetstring : '0E000103490615BF3F0000000000000000000000000000'O id 347
2026/Jun/08 11:23:07.617337 USER TC_26_8_1_3_4_3.ttcn3:387 L3_Port: Message delivered to TTCN-3
2026/Jun/08 11:23:07.899606 USER TC_26_8_1_3_4_3.ttcn3:387 L3_Port: Received 39 bytes
2026/Jun/08 11:23:07.899652 USER TC_26_8_1_3_4_3.ttcn3:387 L3_Port: RAW GSMTAP hdr->arfcn=0x4033 RxArfcn=0x4033 Uplink=1 Chan=7 Len=23
2026/Jun/08 11:23:07.899662 USER TC_26_8_1_3_4_3.ttcn3:387 L3_Port: RX: 03 21 01 2B 2B 2B 2B 2B 2B 2B 2B 2B 2B 2B 2B 2B 2B 2B 2B 2B 2B 2B 2B 
2026/Jun/08 11:23:07.899673 PORTEVENT TC_26_8_1_3_4_3.ttcn3:387 Message enqueued on L from system octetstring : '0321012B2B2B2B2B2B2B2B2B2B2B2B2B2B2B2B2B2B2B2B'O id 348
2026/Jun/08 11:23:07.899684 USER TC_26_8_1_3_4_3.ttcn3:387 L3_Port: Message delivered to TTCN-3
2026/Jun/08 11:23:07.900009 USER TC_26_8_1_3_4_3.ttcn3:387 L3_Port: Received 39 bytes
2026/Jun/08 11:23:07.900019 USER TC_26_8_1_3_4_3.ttcn3:387 L3_Port: RAW GSMTAP hdr->arfcn=0x4033 RxArfcn=0x4033 Uplink=1 Chan=7 Len=23
2026/Jun/08 11:23:07.900026 USER TC_26_8_1_3_4_3.ttcn3:387 L3_Port: RX: 01 53 01 2B 2B 2B 2B 2B 2B 2B 2B 2B 2B 2B 2B 2B 2B 2B 2B 2B 2B 2B 2B 
2026/Jun/08 11:23:07.900032 PORTEVENT TC_26_8_1_3_4_3.ttcn3:387 Message enqueued on L from system octetstring : '0153012B2B2B2B2B2B2B2B2B2B2B2B2B2B2B2B2B2B2B2B'O id 349
2026/Jun/08 11:23:07.900036 USER TC_26_8_1_3_4_3.ttcn3:387 L3_Port: Message delivered to TTCN-3
2026/Jun/08 11:23:08.405611 USER TC_26_8_1_3_4_3.ttcn3:387 L3_Port: Received 39 bytes
2026/Jun/08 11:23:08.405654 USER TC_26_8_1_3_4_3.ttcn3:387 L3_Port: RAW GSMTAP hdr->arfcn=0x4033 RxArfcn=0x4033 Uplink=1 Chan=8 Len=23
2026/Jun/08 11:23:08.405664 USER TC_26_8_1_3_4_3.ttcn3:387 L3_Port: RX: 01 53 01 2B 2B 2B 2B 2B 2B 2B 2B 2B 2B 2B 2B 2B 2B 2B 2B 2B 2B 2B 2B 
2026/Jun/08 11:23:08.405676 PORTEVENT TC_26_8_1_3_4_3.ttcn3:387 Message enqueued on L from system octetstring : '0153012B2B2B2B2B2B2B2B2B2B2B2B2B2B2B2B2B2B2B2B'O id 350
2026/Jun/08 11:23:08.405694 USER TC_26_8_1_3_4_3.ttcn3:387 L3_Port: Message delivered to TTCN-3
2026/Jun/08 11:23:08.488518 USER TC_26_8_1_3_4_3.ttcn3:387 L3_Port: Received 17 bytes
2026/Jun/08 11:23:08.488562 USER TC_26_8_1_3_4_3.ttcn3:387 L3_Port: RAW GSMTAP hdr->arfcn=0x4033 RxArfcn=0x4033 Uplink=1 Chan=3 Len=1
2026/Jun/08 11:23:08.488569 USER TC_26_8_1_3_4_3.ttcn3:387 L3_Port: RX: 01 
2026/Jun/08 11:23:08.488580 PORTEVENT TC_26_8_1_3_4_3.ttcn3:387 Message enqueued on L from system octetstring : '0100021E8D'O id 351
2026/Jun/08 11:23:08.488593 USER TC_26_8_1_3_4_3.ttcn3:387 L3_Port: Message delivered to TTCN-3
2026/Jun/08 11:23:08.489741 USER TC_26_8_1_3_4_3.ttcn3:387 L3_Port: Received 17 bytes
2026/Jun/08 11:23:08.489764 USER TC_26_8_1_3_4_3.ttcn3:387 L3_Port: RAW GSMTAP hdr->arfcn=0x4033 RxArfcn=0x4033 Uplink=1 Chan=3 Len=1
2026/Jun/08 11:23:08.489772 USER TC_26_8_1_3_4_3.ttcn3:387 L3_Port: RX: 0E 
2026/Jun/08 11:23:08.489777 PORTEVENT TC_26_8_1_3_4_3.ttcn3:387 Message enqueued on L from system octetstring : '0E00021F60'O id 352
2026/Jun/08 11:23:08.489785 USER TC_26_8_1_3_4_3.ttcn3:387 L3_Port: Message delivered to TTCN-3
2026/Jun/08 11:23:08.492144 USER TC_26_8_1_3_4_3.ttcn3:387 L3_Port: Received 17 bytes
2026/Jun/08 11:23:08.492164 USER TC_26_8_1_3_4_3.ttcn3:387 L3_Port: RAW GSMTAP hdr->arfcn=0x4033 RxArfcn=0x4033 Uplink=1 Chan=3 Len=1
2026/Jun/08 11:23:08.492169 USER TC_26_8_1_3_4_3.ttcn3:387 L3_Port: RX: 00 
2026/Jun/08 11:23:08.492175 PORTEVENT TC_26_8_1_3_4_3.ttcn3:387 Message enqueued on L from system octetstring : '0000021F49'O id 353
2026/Jun/08 11:23:08.492182 USER TC_26_8_1_3_4_3.ttcn3:387 L3_Port: Message delivered to TTCN-3
2026/Jun/08 11:23:08.497688 USER TC_26_8_1_3_4_3.ttcn3:387 L3_Port: Received 17 bytes
2026/Jun/08 11:23:08.497716 USER TC_26_8_1_3_4_3.ttcn3:387 L3_Port: RAW GSMTAP hdr->arfcn=0x4033 RxArfcn=0x4033 Uplink=1 Chan=3 Len=1
2026/Jun/08 11:23:08.497723 USER TC_26_8_1_3_4_3.ttcn3:387 L3_Port: RX: 06 
2026/Jun/08 11:23:08.497730 PORTEVENT TC_26_8_1_3_4_3.ttcn3:387 Message enqueued on L from system octetstring : '0600021EF8'O id 354
2026/Jun/08 11:23:08.497737 USER TC_26_8_1_3_4_3.ttcn3:387 L3_Port: Message delivered to TTCN-3
2026/Jun/08 11:23:08.503985 USER TC_26_8_1_3_4_3.ttcn3:387 L3_Port: Received 17 bytes
2026/Jun/08 11:23:08.504006 USER TC_26_8_1_3_4_3.ttcn3:387 L3_Port: RAW GSMTAP hdr->arfcn=0x4033 RxArfcn=0x4033 Uplink=1 Chan=3 Len=1
2026/Jun/08 11:23:08.504012 USER TC_26_8_1_3_4_3.ttcn3:387 L3_Port: RX: 05 
2026/Jun/08 11:23:08.504018 PORTEVENT TC_26_8_1_3_4_3.ttcn3:387 Message enqueued on L from system octetstring : '0500021FCE'O id 355
2026/Jun/08 11:23:08.504025 USER TC_26_8_1_3_4_3.ttcn3:387 L3_Port: Message delivered to TTCN-3
2026/Jun/08 11:23:08.511438 USER TC_26_8_1_3_4_3.ttcn3:387 L3_Port: Received 17 bytes
2026/Jun/08 11:23:08.511462 USER TC_26_8_1_3_4_3.ttcn3:387 L3_Port: RAW GSMTAP hdr->arfcn=0x4033 RxArfcn=0x4033 Uplink=1 Chan=3 Len=1
2026/Jun/08 11:23:08.511468 USER TC_26_8_1_3_4_3.ttcn3:387 L3_Port: RX: 08 
2026/Jun/08 11:23:08.511475 PORTEVENT TC_26_8_1_3_4_3.ttcn3:387 Message enqueued on L from system octetstring : '0800021F5D'O id 356
2026/Jun/08 11:23:08.511482 USER TC_26_8_1_3_4_3.ttcn3:387 L3_Port: Message delivered to TTCN-3
2026/Jun/08 11:23:08.522309 USER TC_26_8_1_3_4_3.ttcn3:387 L3_Port: Received 17 bytes
2026/Jun/08 11:23:08.522341 USER TC_26_8_1_3_4_3.ttcn3:387 L3_Port: RAW GSMTAP hdr->arfcn=0x4033 RxArfcn=0x4033 Uplink=1 Chan=3 Len=1
2026/Jun/08 11:23:08.522348 USER TC_26_8_1_3_4_3.ttcn3:387 L3_Port: RX: 01 
2026/Jun/08 11:23:08.522355 PORTEVENT TC_26_8_1_3_4_3.ttcn3:387 Message enqueued on L from system octetstring : '0100021EFB'O id 357
2026/Jun/08 11:23:08.522363 USER TC_26_8_1_3_4_3.ttcn3:387 L3_Port: Message delivered to TTCN-3
2026/Jun/08 11:23:08.526644 USER TC_26_8_1_3_4_3.ttcn3:387 L3_Port: Received 17 bytes
2026/Jun/08 11:23:08.526671 USER TC_26_8_1_3_4_3.ttcn3:387 L3_Port: RAW GSMTAP hdr->arfcn=0x4033 RxArfcn=0x4033 Uplink=1 Chan=3 Len=1
2026/Jun/08 11:23:08.526677 USER TC_26_8_1_3_4_3.ttcn3:387 L3_Port: RX: 0B 
2026/Jun/08 11:23:08.526684 PORTEVENT TC_26_8_1_3_4_3.ttcn3:387 Message enqueued on L from system octetstring : '0B00021F2C'O id 358
2026/Jun/08 11:23:08.526702 USER TC_26_8_1_3_4_3.ttcn3:387 L3_Port: Message delivered to TTCN-3
2026/Jun/08 11:23:08.614892 USER TC_26_8_1_3_4_3.ttcn3:387 L3_Port: Received 39 bytes
2026/Jun/08 11:23:08.614951 USER TC_26_8_1_3_4_3.ttcn3:387 L3_Port: RAW GSMTAP hdr->arfcn=0x4033 RxArfcn=0x4033 Uplink=1 Chan=136 Len=23
2026/Jun/08 11:23:08.614969 USER TC_26_8_1_3_4_3.ttcn3:387 L3_Port: RX: 0E 00 01 03 49 06 15 BF 3F 00 00 00 00 00 00 00 00 00 00 00 00 00 00 
2026/Jun/08 11:23:08.614987 PORTEVENT TC_26_8_1_3_4_3.ttcn3:387 Message enqueued on L from system octetstring : '0E000103490615BF3F0000000000000000000000000000'O id 359
2026/Jun/08 11:23:08.615004 USER TC_26_8_1_3_4_3.ttcn3:387 L3_Port: Message delivered to TTCN-3
2026/Jun/08 11:23:08.769355 USER TC_26_8_1_3_4_3.ttcn3:387 L3_Port: Received 39 bytes
2026/Jun/08 11:23:08.769392 USER TC_26_8_1_3_4_3.ttcn3:387 L3_Port: RAW GSMTAP hdr->arfcn=0x4033 RxArfcn=0x4033 Uplink=1 Chan=8 Len=23
2026/Jun/08 11:23:08.769403 USER TC_26_8_1_3_4_3.ttcn3:387 L3_Port: RX: 01 3F 49 05 08 70 09 F1 07 00 00 33 08 99 10 07 00 00 00 00 10 2B 2B 
2026/Jun/08 11:23:08.769415 PORTEVENT TC_26_8_1_3_4_3.ttcn3:387 Message enqueued on L from system octetstring : '013F4905087009F1070000330899100700000000102B2B'O id 360
2026/Jun/08 11:23:08.769425 USER TC_26_8_1_3_4_3.ttcn3:387 L3_Port: Message delivered to TTCN-3
2026/Jun/08 11:23:08.769930 USER TC_26_8_1_3_4_3.ttcn3:387 L3_Port: Received 39 bytes
2026/Jun/08 11:23:08.769963 USER TC_26_8_1_3_4_3.ttcn3:387 L3_Port: RAW GSMTAP hdr->arfcn=0x4033 RxArfcn=0x4033 Uplink=1 Chan=136 Len=23
2026/Jun/08 11:23:08.769975 USER TC_26_8_1_3_4_3.ttcn3:387 L3_Port: RX: 0E 00 01 03 49 06 15 80 40 00 00 00 00 00 00 00 00 00 00 00 00 00 00 
2026/Jun/08 11:23:08.769985 PORTEVENT TC_26_8_1_3_4_3.ttcn3:387 Message enqueued on L from system octetstring : '0E00010349061580400000000000000000000000000000'O id 361
2026/Jun/08 11:23:08.769994 USER TC_26_8_1_3_4_3.ttcn3:387 L3_Port: Message delivered to TTCN-3
2026/Jun/08 11:23:09.403624 USER TC_26_8_1_3_4_3.ttcn3:387 L3_Port: Received 39 bytes
2026/Jun/08 11:23:09.403672 USER TC_26_8_1_3_4_3.ttcn3:387 L3_Port: RAW GSMTAP hdr->arfcn=0x4033 RxArfcn=0x4033 Uplink=1 Chan=8 Len=23
2026/Jun/08 11:23:09.403683 USER TC_26_8_1_3_4_3.ttcn3:387 L3_Port: RX: 01 53 01 2B 2B 2B 2B 2B 2B 2B 2B 2B 2B 2B 2B 2B 2B 2B 2B 2B 2B 2B 2B 
2026/Jun/08 11:23:09.403696 PORTEVENT TC_26_8_1_3_4_3.ttcn3:387 Message enqueued on L from system octetstring : '0153012B2B2B2B2B2B2B2B2B2B2B2B2B2B2B2B2B2B2B2B'O id 362
2026/Jun/08 11:23:09.403707 USER TC_26_8_1_3_4_3.ttcn3:387 L3_Port: Message delivered to TTCN-3
2026/Jun/08 11:23:09.435600 USER TC_26_8_1_3_4_3.ttcn3:387 VTY_PT: Received data (buffered): 61 bytes
2026/Jun/08 11:23:09.773212 USER TC_26_8_1_3_4_3.ttcn3:387 L3_Port: Received 39 bytes
2026/Jun/08 11:23:09.773254 USER TC_26_8_1_3_4_3.ttcn3:387 L3_Port: RAW GSMTAP hdr->arfcn=0x4033 RxArfcn=0x4033 Uplink=1 Chan=5 Len=23
2026/Jun/08 11:23:09.773264 USER TC_26_8_1_3_4_3.ttcn3:387 L3_Port: RX: 01 3F 49 05 08 70 09 F1 07 00 00 33 08 99 10 07 00 00 00 00 10 2B 2B 
2026/Jun/08 11:23:09.773278 PORTEVENT TC_26_8_1_3_4_3.ttcn3:387 Message enqueued on L from system octetstring : '013F4905087009F1070000330899100700000000102B2B'O id 363
2026/Jun/08 11:23:09.773290 USER TC_26_8_1_3_4_3.ttcn3:387 L3_Port: Message delivered to TTCN-3
2026/Jun/08 11:23:09.773635 USER TC_26_8_1_3_4_3.ttcn3:387 L3_Port: Received 39 bytes
2026/Jun/08 11:23:09.773663 USER TC_26_8_1_3_4_3.ttcn3:387 L3_Port: RAW GSMTAP hdr->arfcn=0x4033 RxArfcn=0x4033 Uplink=1 Chan=136 Len=23
2026/Jun/08 11:23:09.773672 USER TC_26_8_1_3_4_3.ttcn3:387 L3_Port: RX: 0E 00 01 03 49 06 15 3F 3F 01 C0 00 00 00 00 00 00 00 00 00 00 00 00 
2026/Jun/08 11:23:09.773682 PORTEVENT TC_26_8_1_3_4_3.ttcn3:387 Message enqueued on L from system octetstring : '0E0001034906153F3F01C0000000000000000000000000'O id 364
2026/Jun/08 11:23:09.773689 USER TC_26_8_1_3_4_3.ttcn3:387 L3_Port: Message delivered to TTCN-3
2026/Jun/08 11:23:10.770746 USER TC_26_8_1_3_4_3.ttcn3:387 L3_Port: Received 39 bytes
2026/Jun/08 11:23:10.770864 USER TC_26_8_1_3_4_3.ttcn3:387 L3_Port: RAW GSMTAP hdr->arfcn=0x4033 RxArfcn=0x4033 Uplink=1 Chan=136 Len=23
2026/Jun/08 11:23:10.770892 USER TC_26_8_1_3_4_3.ttcn3:387 L3_Port: RX: 0E 00 01 03 49 06 15 00 40 01 C0 00 00 00 00 00 00 00 00 00 00 00 00 
2026/Jun/08 11:23:10.770914 PORTEVENT TC_26_8_1_3_4_3.ttcn3:387 Message enqueued on L from system octetstring : '0E000103490615004001C0000000000000000000000000'O id 365
2026/Jun/08 11:23:10.770934 USER TC_26_8_1_3_4_3.ttcn3:387 L3_Port: Message delivered to TTCN-3
2026/Jun/08 11:23:10.771561 USER TC_26_8_1_3_4_3.ttcn3:387 L3_Port: Received 39 bytes
2026/Jun/08 11:23:10.771586 USER TC_26_8_1_3_4_3.ttcn3:387 L3_Port: RAW GSMTAP hdr->arfcn=0x4033 RxArfcn=0x4033 Uplink=1 Chan=5 Len=23
2026/Jun/08 11:23:10.771604 USER TC_26_8_1_3_4_3.ttcn3:387 L3_Port: RX: 01 3F 49 05 08 70 09 F1 07 00 00 33 08 99 10 07 00 00 00 00 10 2B 2B 
2026/Jun/08 11:23:10.771620 PORTEVENT TC_26_8_1_3_4_3.ttcn3:387 Message enqueued on L from system octetstring : '013F4905087009F1070000330899100700000000102B2B'O id 366
2026/Jun/08 11:23:10.771634 USER TC_26_8_1_3_4_3.ttcn3:387 L3_Port: Message delivered to TTCN-3
2026/Jun/08 11:23:11.771875 USER TC_26_8_1_3_4_3.ttcn3:387 L3_Port: Received 39 bytes
2026/Jun/08 11:23:11.771929 USER TC_26_8_1_3_4_3.ttcn3:387 L3_Port: RAW GSMTAP hdr->arfcn=0x4033 RxArfcn=0x4033 Uplink=1 Chan=5 Len=23
2026/Jun/08 11:23:11.771943 USER TC_26_8_1_3_4_3.ttcn3:387 L3_Port: RX: 01 3F 49 05 08 70 09 F1 07 00 00 33 08 99 10 07 00 00 00 00 10 2B 2B 
2026/Jun/08 11:23:11.771959 PORTEVENT TC_26_8_1_3_4_3.ttcn3:387 Message enqueued on L from system octetstring : '013F4905087009F1070000330899100700000000102B2B'O id 367
2026/Jun/08 11:23:11.771972 USER TC_26_8_1_3_4_3.ttcn3:387 L3_Port: Message delivered to TTCN-3
2026/Jun/08 11:23:11.772422 USER TC_26_8_1_3_4_3.ttcn3:387 L3_Port: Received 39 bytes
2026/Jun/08 11:23:11.772443 USER TC_26_8_1_3_4_3.ttcn3:387 L3_Port: RAW GSMTAP hdr->arfcn=0x4033 RxArfcn=0x4033 Uplink=1 Chan=136 Len=23
2026/Jun/08 11:23:11.772461 USER TC_26_8_1_3_4_3.ttcn3:387 L3_Port: RX: 0E 00 01 03 49 06 15 00 40 01 C0 00 00 00 00 00 00 00 00 00 00 00 00 
2026/Jun/08 11:23:11.772476 PORTEVENT TC_26_8_1_3_4_3.ttcn3:387 Message enqueued on L from system octetstring : '0E000103490615004001C0000000000000000000000000'O id 368
2026/Jun/08 11:23:11.772489 USER TC_26_8_1_3_4_3.ttcn3:387 L3_Port: Message delivered to TTCN-3
2026/Jun/08 11:23:12.771314 USER TC_26_8_1_3_4_3.ttcn3:387 L3_Port: Received 39 bytes
2026/Jun/08 11:23:12.771396 USER TC_26_8_1_3_4_3.ttcn3:387 L3_Port: RAW GSMTAP hdr->arfcn=0x4033 RxArfcn=0x4033 Uplink=1 Chan=136 Len=23
2026/Jun/08 11:23:12.771421 USER TC_26_8_1_3_4_3.ttcn3:387 L3_Port: RX: 0E 00 01 03 49 06 15 00 40 01 C0 00 00 00 00 00 00 00 00 00 00 00 00 
2026/Jun/08 11:23:12.771443 PORTEVENT TC_26_8_1_3_4_3.ttcn3:387 Message enqueued on L from system octetstring : '0E000103490615004001C0000000000000000000000000'O id 369
2026/Jun/08 11:23:12.771464 USER TC_26_8_1_3_4_3.ttcn3:387 L3_Port: Message delivered to TTCN-3
2026/Jun/08 11:23:12.777803 USER TC_26_8_1_3_4_3.ttcn3:387 L3_Port: Received 39 bytes
2026/Jun/08 11:23:12.777867 USER TC_26_8_1_3_4_3.ttcn3:387 L3_Port: RAW GSMTAP hdr->arfcn=0x4033 RxArfcn=0x4033 Uplink=1 Chan=5 Len=23
2026/Jun/08 11:23:12.777878 USER TC_26_8_1_3_4_3.ttcn3:387 L3_Port: RX: 01 3F 49 05 08 70 09 F1 07 00 00 33 08 99 10 07 00 00 00 00 10 2B 2B 
2026/Jun/08 11:23:12.777890 PORTEVENT TC_26_8_1_3_4_3.ttcn3:387 Message enqueued on L from system octetstring : '013F4905087009F1070000330899100700000000102B2B'O id 370
2026/Jun/08 11:23:12.777900 USER TC_26_8_1_3_4_3.ttcn3:387 L3_Port: Message delivered to TTCN-3
2026/Jun/08 11:23:13.773881 USER TC_26_8_1_3_4_3.ttcn3:387 L3_Port: Received 39 bytes
2026/Jun/08 11:23:13.773931 USER TC_26_8_1_3_4_3.ttcn3:387 L3_Port: RAW GSMTAP hdr->arfcn=0x4033 RxArfcn=0x4033 Uplink=1 Chan=136 Len=23
2026/Jun/08 11:23:13.773941 USER TC_26_8_1_3_4_3.ttcn3:387 L3_Port: RX: 0E 00 01 03 49 06 15 00 40 01 C0 00 00 00 00 00 00 00 00 00 00 00 00 
2026/Jun/08 11:23:13.773961 PORTEVENT TC_26_8_1_3_4_3.ttcn3:387 Message enqueued on L from system octetstring : '0E000103490615004001C0000000000000000000000000'O id 371
2026/Jun/08 11:23:13.773972 USER TC_26_8_1_3_4_3.ttcn3:387 L3_Port: Message delivered to TTCN-3
2026/Jun/08 11:23:13.776902 USER TC_26_8_1_3_4_3.ttcn3:387 L3_Port: Received 39 bytes
2026/Jun/08 11:23:13.776944 USER TC_26_8_1_3_4_3.ttcn3:387 L3_Port: RAW GSMTAP hdr->arfcn=0x4033 RxArfcn=0x4033 Uplink=1 Chan=5 Len=23
2026/Jun/08 11:23:13.776954 USER TC_26_8_1_3_4_3.ttcn3:387 L3_Port: RX: 01 3F 49 05 08 70 09 F1 07 00 00 33 08 99 10 07 00 00 00 00 10 2B 2B 
2026/Jun/08 11:23:13.776966 PORTEVENT TC_26_8_1_3_4_3.ttcn3:387 Message enqueued on L from system octetstring : '013F4905087009F1070000330899100700000000102B2B'O id 372
2026/Jun/08 11:23:13.776976 USER TC_26_8_1_3_4_3.ttcn3:387 L3_Port: Message delivered to TTCN-3
2026/Jun/08 11:23:14.778528 USER TC_26_8_1_3_4_3.ttcn3:387 L3_Port: Received 39 bytes
2026/Jun/08 11:23:14.778571 USER TC_26_8_1_3_4_3.ttcn3:387 L3_Port: RAW GSMTAP hdr->arfcn=0x4033 RxArfcn=0x4033 Uplink=1 Chan=136 Len=23
2026/Jun/08 11:23:14.778581 USER TC_26_8_1_3_4_3.ttcn3:387 L3_Port: RX: 0E 00 01 03 49 06 15 00 40 01 C0 00 00 00 00 00 00 00 00 00 00 00 00 
2026/Jun/08 11:23:14.778593 PORTEVENT TC_26_8_1_3_4_3.ttcn3:387 Message enqueued on L from system octetstring : '0E000103490615004001C0000000000000000000000000'O id 373
2026/Jun/08 11:23:14.778605 USER TC_26_8_1_3_4_3.ttcn3:387 L3_Port: Message delivered to TTCN-3
2026/Jun/08 11:23:15.774434 USER TC_26_8_1_3_4_3.ttcn3:387 L3_Port: Received 39 bytes
2026/Jun/08 11:23:15.774513 USER TC_26_8_1_3_4_3.ttcn3:387 L3_Port: RAW GSMTAP hdr->arfcn=0x4033 RxArfcn=0x4033 Uplink=1 Chan=136 Len=23
2026/Jun/08 11:23:15.774536 USER TC_26_8_1_3_4_3.ttcn3:387 L3_Port: RX: 0E 00 01 03 49 06 15 00 40 01 C0 00 00 00 00 00 00 00 00 00 00 00 00 
2026/Jun/08 11:23:15.774558 PORTEVENT TC_26_8_1_3_4_3.ttcn3:387 Message enqueued on L from system octetstring : '0E000103490615004001C0000000000000000000000000'O id 374
2026/Jun/08 11:23:15.774579 USER TC_26_8_1_3_4_3.ttcn3:387 L3_Port: Message delivered to TTCN-3
2026/Jun/08 11:23:19.710848 TIMEROP TC_26_8_1_3_4_3.ttcn3:409 Timeout T_cc_conf: 20 s
2026/Jun/08 11:23:19.710908 USER TC_26_8_1_3_4_3.ttcn3:410 TC_26_8_1_3_4_3: FAIL -- timeout waiting for CC CALL CONFIRMED
2026/Jun/08 11:23:19.710925 USER TC_26_8_1_3_4_3.ttcn3:411 TC_26_8_1_3_4_3: Cannot bring MS to U9 -- aborting test
2026/Jun/08 11:23:19.710990 VERDICTOP TC_26_8_1_3_4_3.ttcn3:412 setverdict(fail): none -> fail
2026/Jun/08 11:23:19.711080 PORTEVENT TC_26_8_1_3_4_3.ttcn3:413 Sent on MSC to system charstring : "{\"command\": \"CMD_SEND_CLEAR_CMD\", \"params\": {\"bsc_slr\": 14, \"cause\": 0}}"
2026/Jun/08 11:23:19.711098 WARNING TC_26_8_1_3_4_3.ttcn3:413 MSC_Port: Not connected
2026/Jun/08 11:23:19.711107 PORTEVENT TC_26_8_1_3_4_3.ttcn3:415 Sent on MSC to system charstring : "{\"command\": \"CLEAR\", \"params\": {}}"
2026/Jun/08 11:23:19.711112 WARNING TC_26_8_1_3_4_3.ttcn3:415 MSC_Port: Not connected
2026/Jun/08 11:23:19.711125 PARALLEL GSM_Component_Definitions.ttcn3:346 Unmapping port mtc:L from system:L.
2026/Jun/08 11:23:19.711190 USER GSM_Component_Definitions.ttcn3:346 L3_Port: Unmapping from L
2026/Jun/08 11:23:19.711219 PORTEVENT GSM_Component_Definitions.ttcn3:346 Port L was unmapped from system:L.
2026/Jun/08 11:23:19.711258 PARALLEL GSM_Component_Definitions.ttcn3:346 Unmap operation of mtc:L from system:L finished.
2026/Jun/08 11:23:19.711269 PARALLEL GSM_Component_Definitions.ttcn3:347 Unmapping port mtc:RR from system:RR.
2026/Jun/08 11:23:19.711297 PORTEVENT GSM_Component_Definitions.ttcn3:347 Port RR was unmapped from system:RR.
2026/Jun/08 11:23:19.711323 PARALLEL GSM_Component_Definitions.ttcn3:347 Unmap operation of mtc:RR from system:RR finished.
2026/Jun/08 11:23:19.711329 PARALLEL GSM_Component_Definitions.ttcn3:348 Unmapping port mtc:MM from system:MM.
2026/Jun/08 11:23:19.711356 PORTEVENT GSM_Component_Definitions.ttcn3:348 Port MM was unmapped from system:MM.
2026/Jun/08 11:23:19.711392 PARALLEL GSM_Component_Definitions.ttcn3:348 Unmap operation of mtc:MM from system:MM finished.
2026/Jun/08 11:23:19.711397 PARALLEL GSM_Component_Definitions.ttcn3:349 Unmapping port mtc:CC from system:CC.
2026/Jun/08 11:23:19.711423 PORTEVENT GSM_Component_Definitions.ttcn3:349 Port CC was unmapped from system:CC.
2026/Jun/08 11:23:19.711447 PARALLEL GSM_Component_Definitions.ttcn3:349 Unmap operation of mtc:CC from system:CC finished.
2026/Jun/08 11:23:19.711451 PARALLEL GSM_Component_Definitions.ttcn3:350 Unmapping port mtc:MSC from system:MSC.
2026/Jun/08 11:23:19.711476 USER GSM_Component_Definitions.ttcn3:350 MSC_Port: Unmapping from MSC
2026/Jun/08 11:23:19.711482 PORTEVENT GSM_Component_Definitions.ttcn3:350 Port MSC was unmapped from system:MSC.
2026/Jun/08 11:23:19.711511 PARALLEL GSM_Component_Definitions.ttcn3:350 Unmap operation of mtc:MSC from system:MSC finished.
2026/Jun/08 11:23:19.711516 PARALLEL GSM_Component_Definitions.ttcn3:351 Unmapping port mtc:VTY from system:VTY.
2026/Jun/08 11:23:19.711542 USER GSM_Component_Definitions.ttcn3:351 VTY_PT: Unmapping port from VTY interface
2026/Jun/08 11:23:19.711608 USER GSM_Component_Definitions.ttcn3:351 VTY_PT: Disconnected from VTY
2026/Jun/08 11:23:19.711616 PORTEVENT GSM_Component_Definitions.ttcn3:351 Port VTY was unmapped from system:VTY.
2026/Jun/08 11:23:19.711645 PARALLEL GSM_Component_Definitions.ttcn3:351 Unmap operation of mtc:VTY from system:VTY finished.
2026/Jun/08 11:23:19.711657 PARALLEL TC_26_8_1_3_4_3.ttcn3:417 Stopping test component execution.
2026/Jun/08 11:23:19.711812 FUNCTION TC_26_8_1_3_4_3.ttcn3:417 Test case TC_26_8_1_3_4_3 was stopped.
2026/Jun/08 11:23:19.711848 PARALLEL TC_26_8_1_3_4_3.ttcn3:417 Terminating component type GSM_Component_Definitions.GSM_CT.
2026/Jun/08 11:23:19.711862 TIMEROP TC_26_8_1_3_4_3.ttcn3:417 Stop timer T_guard: 300 s
2026/Jun/08 11:23:19.711878 USER TC_26_8_1_3_4_3.ttcn3:417 L3_Port: user_stop called
2026/Jun/08 11:23:19.711888 PORTEVENT TC_26_8_1_3_4_3.ttcn3:417 Message with id 1 was extracted from the queue of L.
2026/Jun/08 11:23:19.711894 PORTEVENT TC_26_8_1_3_4_3.ttcn3:417 Message with id 2 was extracted from the queue of L.
2026/Jun/08 11:23:19.711897 PORTEVENT TC_26_8_1_3_4_3.ttcn3:417 Message with id 3 was extracted from the queue of L.
2026/Jun/08 11:23:19.711900 PORTEVENT TC_26_8_1_3_4_3.ttcn3:417 Message with id 4 was extracted from the queue of L.
2026/Jun/08 11:23:19.711903 PORTEVENT TC_26_8_1_3_4_3.ttcn3:417 Message with id 5 was extracted from the queue of L.
2026/Jun/08 11:23:19.711906 PORTEVENT TC_26_8_1_3_4_3.ttcn3:417 Message with id 6 was extracted from the queue of L.
2026/Jun/08 11:23:19.711909 PORTEVENT TC_26_8_1_3_4_3.ttcn3:417 Message with id 7 was extracted from the queue of L.
2026/Jun/08 11:23:19.711912 PORTEVENT TC_26_8_1_3_4_3.ttcn3:417 Message with id 8 was extracted from the queue of L.
2026/Jun/08 11:23:19.711914 PORTEVENT TC_26_8_1_3_4_3.ttcn3:417 Message with id 9 was extracted from the queue of L.
2026/Jun/08 11:23:19.711918 PORTEVENT TC_26_8_1_3_4_3.ttcn3:417 Message with id 10 was extracted from the queue of L.
2026/Jun/08 11:23:19.711921 PORTEVENT TC_26_8_1_3_4_3.ttcn3:417 Message with id 11 was extracted from the queue of L.
2026/Jun/08 11:23:19.711924 PORTEVENT TC_26_8_1_3_4_3.ttcn3:417 Message with id 12 was extracted from the queue of L.
2026/Jun/08 11:23:19.711927 PORTEVENT TC_26_8_1_3_4_3.ttcn3:417 Message with id 13 was extracted from the queue of L.
2026/Jun/08 11:23:19.711929 PORTEVENT TC_26_8_1_3_4_3.ttcn3:417 Message with id 14 was extracted from the queue of L.
2026/Jun/08 11:23:19.711932 PORTEVENT TC_26_8_1_3_4_3.ttcn3:417 Message with id 15 was extracted from the queue of L.
2026/Jun/08 11:23:19.711935 PORTEVENT TC_26_8_1_3_4_3.ttcn3:417 Message with id 16 was extracted from the queue of L.
2026/Jun/08 11:23:19.711937 PORTEVENT TC_26_8_1_3_4_3.ttcn3:417 Message with id 17 was extracted from the queue of L.
2026/Jun/08 11:23:19.711940 PORTEVENT TC_26_8_1_3_4_3.ttcn3:417 Message with id 18 was extracted from the queue of L.
2026/Jun/08 11:23:19.711949 PORTEVENT TC_26_8_1_3_4_3.ttcn3:417 Message with id 19 was extracted from the queue of L.
2026/Jun/08 11:23:19.711951 PORTEVENT TC_26_8_1_3_4_3.ttcn3:417 Message with id 20 was extracted from the queue of L.
2026/Jun/08 11:23:19.711954 PORTEVENT TC_26_8_1_3_4_3.ttcn3:417 Message with id 21 was extracted from the queue of L.
2026/Jun/08 11:23:19.711957 PORTEVENT TC_26_8_1_3_4_3.ttcn3:417 Message with id 22 was extracted from the queue of L.
2026/Jun/08 11:23:19.711959 PORTEVENT TC_26_8_1_3_4_3.ttcn3:417 Message with id 23 was extracted from the queue of L.
2026/Jun/08 11:23:19.711962 PORTEVENT TC_26_8_1_3_4_3.ttcn3:417 Message with id 24 was extracted from the queue of L.
2026/Jun/08 11:23:19.711964 PORTEVENT TC_26_8_1_3_4_3.ttcn3:417 Message with id 25 was extracted from the queue of L.
2026/Jun/08 11:23:19.711967 PORTEVENT TC_26_8_1_3_4_3.ttcn3:417 Message with id 26 was extracted from the queue of L.
2026/Jun/08 11:23:19.711970 PORTEVENT TC_26_8_1_3_4_3.ttcn3:417 Message with id 27 was extracted from the queue of L.
2026/Jun/08 11:23:19.711972 PORTEVENT TC_26_8_1_3_4_3.ttcn3:417 Message with id 28 was extracted from the queue of L.
2026/Jun/08 11:23:19.711975 PORTEVENT TC_26_8_1_3_4_3.ttcn3:417 Message with id 29 was extracted from the queue of L.
2026/Jun/08 11:23:19.711978 PORTEVENT TC_26_8_1_3_4_3.ttcn3:417 Message with id 30 was extracted from the queue of L.
2026/Jun/08 11:23:19.711980 PORTEVENT TC_26_8_1_3_4_3.ttcn3:417 Message with id 31 was extracted from the queue of L.
2026/Jun/08 11:23:19.711983 PORTEVENT TC_26_8_1_3_4_3.ttcn3:417 Message with id 32 was extracted from the queue of L.
2026/Jun/08 11:23:19.711985 PORTEVENT TC_26_8_1_3_4_3.ttcn3:417 Message with id 33 was extracted from the queue of L.
2026/Jun/08 11:23:19.711988 PORTEVENT TC_26_8_1_3_4_3.ttcn3:417 Message with id 34 was extracted from the queue of L.
2026/Jun/08 11:23:19.711990 PORTEVENT TC_26_8_1_3_4_3.ttcn3:417 Message with id 35 was extracted from the queue of L.
2026/Jun/08 11:23:19.711993 PORTEVENT TC_26_8_1_3_4_3.ttcn3:417 Message with id 36 was extracted from the queue of L.
2026/Jun/08 11:23:19.711995 PORTEVENT TC_26_8_1_3_4_3.ttcn3:417 Message with id 37 was extracted from the queue of L.
2026/Jun/08 11:23:19.711998 PORTEVENT TC_26_8_1_3_4_3.ttcn3:417 Message with id 38 was extracted from the queue of L.
2026/Jun/08 11:23:19.712000 PORTEVENT TC_26_8_1_3_4_3.ttcn3:417 Message with id 39 was extracted from the queue of L.
2026/Jun/08 11:23:19.712003 PORTEVENT TC_26_8_1_3_4_3.ttcn3:417 Message with id 40 was extracted from the queue of L.
2026/Jun/08 11:23:19.712005 PORTEVENT TC_26_8_1_3_4_3.ttcn3:417 Message with id 41 was extracted from the queue of L.
2026/Jun/08 11:23:19.712008 PORTEVENT TC_26_8_1_3_4_3.ttcn3:417 Message with id 42 was extracted from the queue of L.
2026/Jun/08 11:23:19.712010 PORTEVENT TC_26_8_1_3_4_3.ttcn3:417 Message with id 43 was extracted from the queue of L.
2026/Jun/08 11:23:19.712013 PORTEVENT TC_26_8_1_3_4_3.ttcn3:417 Message with id 44 was extracted from the queue of L.
2026/Jun/08 11:23:19.712016 PORTEVENT TC_26_8_1_3_4_3.ttcn3:417 Message with id 45 was extracted from the queue of L.
2026/Jun/08 11:23:19.712018 PORTEVENT TC_26_8_1_3_4_3.ttcn3:417 Message with id 46 was extracted from the queue of L.
2026/Jun/08 11:23:19.712021 PORTEVENT TC_26_8_1_3_4_3.ttcn3:417 Message with id 47 was extracted from the queue of L.
2026/Jun/08 11:23:19.712023 PORTEVENT TC_26_8_1_3_4_3.ttcn3:417 Message with id 48 was extracted from the queue of L.
2026/Jun/08 11:23:19.712025 PORTEVENT TC_26_8_1_3_4_3.ttcn3:417 Message with id 49 was extracted from the queue of L.
2026/Jun/08 11:23:19.712028 PORTEVENT TC_26_8_1_3_4_3.ttcn3:417 Message with id 50 was extracted from the queue of L.
2026/Jun/08 11:23:19.712030 PORTEVENT TC_26_8_1_3_4_3.ttcn3:417 Message with id 51 was extracted from the queue of L.
2026/Jun/08 11:23:19.712033 PORTEVENT TC_26_8_1_3_4_3.ttcn3:417 Message with id 52 was extracted from the queue of L.
2026/Jun/08 11:23:19.712035 PORTEVENT TC_26_8_1_3_4_3.ttcn3:417 Message with id 53 was extracted from the queue of L.
2026/Jun/08 11:23:19.712040 PORTEVENT TC_26_8_1_3_4_3.ttcn3:417 Message with id 54 was extracted from the queue of L.
2026/Jun/08 11:23:19.712043 PORTEVENT TC_26_8_1_3_4_3.ttcn3:417 Message with id 55 was extracted from the queue of L.
2026/Jun/08 11:23:19.712046 PORTEVENT TC_26_8_1_3_4_3.ttcn3:417 Message with id 56 was extracted from the queue of L.
2026/Jun/08 11:23:19.712048 PORTEVENT TC_26_8_1_3_4_3.ttcn3:417 Message with id 57 was extracted from the queue of L.
2026/Jun/08 11:23:19.712051 PORTEVENT TC_26_8_1_3_4_3.ttcn3:417 Message with id 58 was extracted from the queue of L.
2026/Jun/08 11:23:19.712053 PORTEVENT TC_26_8_1_3_4_3.ttcn3:417 Message with id 59 was extracted from the queue of L.
2026/Jun/08 11:23:19.712056 PORTEVENT TC_26_8_1_3_4_3.ttcn3:417 Message with id 60 was extracted from the queue of L.
2026/Jun/08 11:23:19.712059 PORTEVENT TC_26_8_1_3_4_3.ttcn3:417 Message with id 61 was extracted from the queue of L.
2026/Jun/08 11:23:19.712061 PORTEVENT TC_26_8_1_3_4_3.ttcn3:417 Message with id 62 was extracted from the queue of L.
2026/Jun/08 11:23:19.712064 PORTEVENT TC_26_8_1_3_4_3.ttcn3:417 Message with id 63 was extracted from the queue of L.
2026/Jun/08 11:23:19.712066 PORTEVENT TC_26_8_1_3_4_3.ttcn3:417 Message with id 64 was extracted from the queue of L.
2026/Jun/08 11:23:19.712069 PORTEVENT TC_26_8_1_3_4_3.ttcn3:417 Message with id 65 was extracted from the queue of L.
2026/Jun/08 11:23:19.712071 PORTEVENT TC_26_8_1_3_4_3.ttcn3:417 Message with id 66 was extracted from the queue of L.
2026/Jun/08 11:23:19.712074 PORTEVENT TC_26_8_1_3_4_3.ttcn3:417 Message with id 67 was extracted from the queue of L.
2026/Jun/08 11:23:19.712076 PORTEVENT TC_26_8_1_3_4_3.ttcn3:417 Message with id 68 was extracted from the queue of L.
2026/Jun/08 11:23:19.712079 PORTEVENT TC_26_8_1_3_4_3.ttcn3:417 Message with id 69 was extracted from the queue of L.
2026/Jun/08 11:23:19.712081 PORTEVENT TC_26_8_1_3_4_3.ttcn3:417 Message with id 70 was extracted from the queue of L.
2026/Jun/08 11:23:19.712084 PORTEVENT TC_26_8_1_3_4_3.ttcn3:417 Message with id 71 was extracted from the queue of L.
2026/Jun/08 11:23:19.712086 PORTEVENT TC_26_8_1_3_4_3.ttcn3:417 Message with id 72 was extracted from the queue of L.
2026/Jun/08 11:23:19.712089 PORTEVENT TC_26_8_1_3_4_3.ttcn3:417 Message with id 73 was extracted from the queue of L.
2026/Jun/08 11:23:19.712091 PORTEVENT TC_26_8_1_3_4_3.ttcn3:417 Message with id 74 was extracted from the queue of L.
2026/Jun/08 11:23:19.712094 PORTEVENT TC_26_8_1_3_4_3.ttcn3:417 Message with id 75 was extracted from the queue of L.
2026/Jun/08 11:23:19.712096 PORTEVENT TC_26_8_1_3_4_3.ttcn3:417 Message with id 76 was extracted from the queue of L.
2026/Jun/08 11:23:19.712099 PORTEVENT TC_26_8_1_3_4_3.ttcn3:417 Message with id 77 was extracted from the queue of L.
2026/Jun/08 11:23:19.712101 PORTEVENT TC_26_8_1_3_4_3.ttcn3:417 Message with id 78 was extracted from the queue of L.
2026/Jun/08 11:23:19.712104 PORTEVENT TC_26_8_1_3_4_3.ttcn3:417 Message with id 79 was extracted from the queue of L.
2026/Jun/08 11:23:19.712106 PORTEVENT TC_26_8_1_3_4_3.ttcn3:417 Message with id 80 was extracted from the queue of L.
2026/Jun/08 11:23:19.712109 PORTEVENT TC_26_8_1_3_4_3.ttcn3:417 Message with id 81 was extracted from the queue of L.
2026/Jun/08 11:23:19.712111 PORTEVENT TC_26_8_1_3_4_3.ttcn3:417 Message with id 82 was extracted from the queue of L.
2026/Jun/08 11:23:19.712114 PORTEVENT TC_26_8_1_3_4_3.ttcn3:417 Message with id 83 was extracted from the queue of L.
2026/Jun/08 11:23:19.712116 PORTEVENT TC_26_8_1_3_4_3.ttcn3:417 Message with id 84 was extracted from the queue of L.
2026/Jun/08 11:23:19.712119 PORTEVENT TC_26_8_1_3_4_3.ttcn3:417 Message with id 85 was extracted from the queue of L.
2026/Jun/08 11:23:19.712121 PORTEVENT TC_26_8_1_3_4_3.ttcn3:417 Message with id 86 was extracted from the queue of L.
2026/Jun/08 11:23:19.712124 PORTEVENT TC_26_8_1_3_4_3.ttcn3:417 Message with id 87 was extracted from the queue of L.
2026/Jun/08 11:23:19.712126 PORTEVENT TC_26_8_1_3_4_3.ttcn3:417 Message with id 88 was extracted from the queue of L.
2026/Jun/08 11:23:19.712132 PORTEVENT TC_26_8_1_3_4_3.ttcn3:417 Message with id 89 was extracted from the queue of L.
2026/Jun/08 11:23:19.712135 PORTEVENT TC_26_8_1_3_4_3.ttcn3:417 Message with id 90 was extracted from the queue of L.
2026/Jun/08 11:23:19.712137 PORTEVENT TC_26_8_1_3_4_3.ttcn3:417 Message with id 91 was extracted from the queue of L.
2026/Jun/08 11:23:19.712140 PORTEVENT TC_26_8_1_3_4_3.ttcn3:417 Message with id 92 was extracted from the queue of L.
2026/Jun/08 11:23:19.712143 PORTEVENT TC_26_8_1_3_4_3.ttcn3:417 Message with id 93 was extracted from the queue of L.
2026/Jun/08 11:23:19.712146 PORTEVENT TC_26_8_1_3_4_3.ttcn3:417 Message with id 94 was extracted from the queue of L.
2026/Jun/08 11:23:19.712148 PORTEVENT TC_26_8_1_3_4_3.ttcn3:417 Message with id 95 was extracted from the queue of L.
2026/Jun/08 11:23:19.712151 PORTEVENT TC_26_8_1_3_4_3.ttcn3:417 Message with id 96 was extracted from the queue of L.
2026/Jun/08 11:23:19.712153 PORTEVENT TC_26_8_1_3_4_3.ttcn3:417 Message with id 97 was extracted from the queue of L.
2026/Jun/08 11:23:19.712155 PORTEVENT TC_26_8_1_3_4_3.ttcn3:417 Message with id 98 was extracted from the queue of L.
2026/Jun/08 11:23:19.712158 PORTEVENT TC_26_8_1_3_4_3.ttcn3:417 Message with id 99 was extracted from the queue of L.
2026/Jun/08 11:23:19.712160 PORTEVENT TC_26_8_1_3_4_3.ttcn3:417 Message with id 100 was extracted from the queue of L.
2026/Jun/08 11:23:19.712163 PORTEVENT TC_26_8_1_3_4_3.ttcn3:417 Message with id 101 was extracted from the queue of L.
2026/Jun/08 11:23:19.712166 PORTEVENT TC_26_8_1_3_4_3.ttcn3:417 Message with id 102 was extracted from the queue of L.
2026/Jun/08 11:23:19.712168 PORTEVENT TC_26_8_1_3_4_3.ttcn3:417 Message with id 103 was extracted from the queue of L.
2026/Jun/08 11:23:19.712171 PORTEVENT TC_26_8_1_3_4_3.ttcn3:417 Message with id 104 was extracted from the queue of L.
2026/Jun/08 11:23:19.712173 PORTEVENT TC_26_8_1_3_4_3.ttcn3:417 Message with id 105 was extracted from the queue of L.
2026/Jun/08 11:23:19.712176 PORTEVENT TC_26_8_1_3_4_3.ttcn3:417 Message with id 106 was extracted from the queue of L.
2026/Jun/08 11:23:19.712178 PORTEVENT TC_26_8_1_3_4_3.ttcn3:417 Message with id 107 was extracted from the queue of L.
2026/Jun/08 11:23:19.712181 PORTEVENT TC_26_8_1_3_4_3.ttcn3:417 Message with id 108 was extracted from the queue of L.
2026/Jun/08 11:23:19.712183 PORTEVENT TC_26_8_1_3_4_3.ttcn3:417 Message with id 109 was extracted from the queue of L.
2026/Jun/08 11:23:19.712186 PORTEVENT TC_26_8_1_3_4_3.ttcn3:417 Message with id 110 was extracted from the queue of L.
2026/Jun/08 11:23:19.712189 PORTEVENT TC_26_8_1_3_4_3.ttcn3:417 Message with id 111 was extracted from the queue of L.
2026/Jun/08 11:23:19.712192 PORTEVENT TC_26_8_1_3_4_3.ttcn3:417 Message with id 112 was extracted from the queue of L.
2026/Jun/08 11:23:19.712194 PORTEVENT TC_26_8_1_3_4_3.ttcn3:417 Message with id 113 was extracted from the queue of L.
2026/Jun/08 11:23:19.712197 PORTEVENT TC_26_8_1_3_4_3.ttcn3:417 Message with id 114 was extracted from the queue of L.
2026/Jun/08 11:23:19.712199 PORTEVENT TC_26_8_1_3_4_3.ttcn3:417 Message with id 115 was extracted from the queue of L.
2026/Jun/08 11:23:19.712202 PORTEVENT TC_26_8_1_3_4_3.ttcn3:417 Message with id 116 was extracted from the queue of L.
2026/Jun/08 11:23:19.712205 PORTEVENT TC_26_8_1_3_4_3.ttcn3:417 Message with id 117 was extracted from the queue of L.
2026/Jun/08 11:23:19.712209 PORTEVENT TC_26_8_1_3_4_3.ttcn3:417 Message with id 118 was extracted from the queue of L.
2026/Jun/08 11:23:19.712212 PORTEVENT TC_26_8_1_3_4_3.ttcn3:417 Message with id 119 was extracted from the queue of L.
2026/Jun/08 11:23:19.712215 PORTEVENT TC_26_8_1_3_4_3.ttcn3:417 Message with id 120 was extracted from the queue of L.
2026/Jun/08 11:23:19.712217 PORTEVENT TC_26_8_1_3_4_3.ttcn3:417 Message with id 121 was extracted from the queue of L.
2026/Jun/08 11:23:19.712220 PORTEVENT TC_26_8_1_3_4_3.ttcn3:417 Message with id 122 was extracted from the queue of L.
2026/Jun/08 11:23:19.712226 PORTEVENT TC_26_8_1_3_4_3.ttcn3:417 Message with id 123 was extracted from the queue of L.
2026/Jun/08 11:23:19.712228 PORTEVENT TC_26_8_1_3_4_3.ttcn3:417 Message with id 124 was extracted from the queue of L.
2026/Jun/08 11:23:19.712231 PORTEVENT TC_26_8_1_3_4_3.ttcn3:417 Message with id 125 was extracted from the queue of L.
2026/Jun/08 11:23:19.712234 PORTEVENT TC_26_8_1_3_4_3.ttcn3:417 Message with id 126 was extracted from the queue of L.
2026/Jun/08 11:23:19.712237 PORTEVENT TC_26_8_1_3_4_3.ttcn3:417 Message with id 127 was extracted from the queue of L.
2026/Jun/08 11:23:19.712239 PORTEVENT TC_26_8_1_3_4_3.ttcn3:417 Message with id 128 was extracted from the queue of L.
2026/Jun/08 11:23:19.712242 PORTEVENT TC_26_8_1_3_4_3.ttcn3:417 Message with id 129 was extracted from the queue of L.
2026/Jun/08 11:23:19.712244 PORTEVENT TC_26_8_1_3_4_3.ttcn3:417 Message with id 130 was extracted from the queue of L.
2026/Jun/08 11:23:19.712247 PORTEVENT TC_26_8_1_3_4_3.ttcn3:417 Message with id 131 was extracted from the queue of L.
2026/Jun/08 11:23:19.712250 PORTEVENT TC_26_8_1_3_4_3.ttcn3:417 Message with id 132 was extracted from the queue of L.
2026/Jun/08 11:23:19.712252 PORTEVENT TC_26_8_1_3_4_3.ttcn3:417 Message with id 133 was extracted from the queue of L.
2026/Jun/08 11:23:19.712255 PORTEVENT TC_26_8_1_3_4_3.ttcn3:417 Message with id 134 was extracted from the queue of L.
2026/Jun/08 11:23:19.712258 PORTEVENT TC_26_8_1_3_4_3.ttcn3:417 Message with id 135 was extracted from the queue of L.
2026/Jun/08 11:23:19.712260 PORTEVENT TC_26_8_1_3_4_3.ttcn3:417 Message with id 136 was extracted from the queue of L.
2026/Jun/08 11:23:19.712263 PORTEVENT TC_26_8_1_3_4_3.ttcn3:417 Message with id 137 was extracted from the queue of L.
2026/Jun/08 11:23:19.712265 PORTEVENT TC_26_8_1_3_4_3.ttcn3:417 Message with id 138 was extracted from the queue of L.
2026/Jun/08 11:23:19.712268 PORTEVENT TC_26_8_1_3_4_3.ttcn3:417 Message with id 139 was extracted from the queue of L.
2026/Jun/08 11:23:19.712270 PORTEVENT TC_26_8_1_3_4_3.ttcn3:417 Message with id 140 was extracted from the queue of L.
2026/Jun/08 11:23:19.712273 PORTEVENT TC_26_8_1_3_4_3.ttcn3:417 Message with id 141 was extracted from the queue of L.
2026/Jun/08 11:23:19.712275 PORTEVENT TC_26_8_1_3_4_3.ttcn3:417 Message with id 142 was extracted from the queue of L.
2026/Jun/08 11:23:19.712279 PORTEVENT TC_26_8_1_3_4_3.ttcn3:417 Message with id 143 was extracted from the queue of L.
2026/Jun/08 11:23:19.712281 PORTEVENT TC_26_8_1_3_4_3.ttcn3:417 Message with id 144 was extracted from the queue of L.
2026/Jun/08 11:23:19.712284 PORTEVENT TC_26_8_1_3_4_3.ttcn3:417 Message with id 145 was extracted from the queue of L.
2026/Jun/08 11:23:19.712287 PORTEVENT TC_26_8_1_3_4_3.ttcn3:417 Message with id 146 was extracted from the queue of L.
2026/Jun/08 11:23:19.712289 PORTEVENT TC_26_8_1_3_4_3.ttcn3:417 Message with id 147 was extracted from the queue of L.
2026/Jun/08 11:23:19.712292 PORTEVENT TC_26_8_1_3_4_3.ttcn3:417 Message with id 148 was extracted from the queue of L.
2026/Jun/08 11:23:19.712294 PORTEVENT TC_26_8_1_3_4_3.ttcn3:417 Message with id 149 was extracted from the queue of L.
2026/Jun/08 11:23:19.712297 PORTEVENT TC_26_8_1_3_4_3.ttcn3:417 Message with id 150 was extracted from the queue of L.
2026/Jun/08 11:23:19.712299 PORTEVENT TC_26_8_1_3_4_3.ttcn3:417 Message with id 151 was extracted from the queue of L.
2026/Jun/08 11:23:19.712302 PORTEVENT TC_26_8_1_3_4_3.ttcn3:417 Message with id 152 was extracted from the queue of L.
2026/Jun/08 11:23:19.712305 PORTEVENT TC_26_8_1_3_4_3.ttcn3:417 Message with id 153 was extracted from the queue of L.
2026/Jun/08 11:23:19.712307 PORTEVENT TC_26_8_1_3_4_3.ttcn3:417 Message with id 154 was extracted from the queue of L.
2026/Jun/08 11:23:19.712310 PORTEVENT TC_26_8_1_3_4_3.ttcn3:417 Message with id 155 was extracted from the queue of L.
2026/Jun/08 11:23:19.712313 PORTEVENT TC_26_8_1_3_4_3.ttcn3:417 Message with id 156 was extracted from the queue of L.
2026/Jun/08 11:23:19.712315 PORTEVENT TC_26_8_1_3_4_3.ttcn3:417 Message with id 157 was extracted from the queue of L.
2026/Jun/08 11:23:19.712320 PORTEVENT TC_26_8_1_3_4_3.ttcn3:417 Message with id 158 was extracted from the queue of L.
2026/Jun/08 11:23:19.712323 PORTEVENT TC_26_8_1_3_4_3.ttcn3:417 Message with id 159 was extracted from the queue of L.
2026/Jun/08 11:23:19.712326 PORTEVENT TC_26_8_1_3_4_3.ttcn3:417 Message with id 160 was extracted from the queue of L.
2026/Jun/08 11:23:19.712329 PORTEVENT TC_26_8_1_3_4_3.ttcn3:417 Message with id 161 was extracted from the queue of L.
2026/Jun/08 11:23:19.712331 PORTEVENT TC_26_8_1_3_4_3.ttcn3:417 Message with id 162 was extracted from the queue of L.
2026/Jun/08 11:23:19.712334 PORTEVENT TC_26_8_1_3_4_3.ttcn3:417 Message with id 163 was extracted from the queue of L.
2026/Jun/08 11:23:19.712336 PORTEVENT TC_26_8_1_3_4_3.ttcn3:417 Message with id 164 was extracted from the queue of L.
2026/Jun/08 11:23:19.712339 PORTEVENT TC_26_8_1_3_4_3.ttcn3:417 Message with id 165 was extracted from the queue of L.
2026/Jun/08 11:23:19.712341 PORTEVENT TC_26_8_1_3_4_3.ttcn3:417 Message with id 166 was extracted from the queue of L.
2026/Jun/08 11:23:19.712344 PORTEVENT TC_26_8_1_3_4_3.ttcn3:417 Message with id 167 was extracted from the queue of L.
2026/Jun/08 11:23:19.712346 PORTEVENT TC_26_8_1_3_4_3.ttcn3:417 Message with id 168 was extracted from the queue of L.
2026/Jun/08 11:23:19.712349 PORTEVENT TC_26_8_1_3_4_3.ttcn3:417 Message with id 169 was extracted from the queue of L.
2026/Jun/08 11:23:19.712351 PORTEVENT TC_26_8_1_3_4_3.ttcn3:417 Message with id 170 was extracted from the queue of L.
2026/Jun/08 11:23:19.712354 PORTEVENT TC_26_8_1_3_4_3.ttcn3:417 Message with id 171 was extracted from the queue of L.
2026/Jun/08 11:23:19.712357 PORTEVENT TC_26_8_1_3_4_3.ttcn3:417 Message with id 172 was extracted from the queue of L.
2026/Jun/08 11:23:19.712359 PORTEVENT TC_26_8_1_3_4_3.ttcn3:417 Message with id 173 was extracted from the queue of L.
2026/Jun/08 11:23:19.712362 PORTEVENT TC_26_8_1_3_4_3.ttcn3:417 Message with id 174 was extracted from the queue of L.
2026/Jun/08 11:23:19.712364 PORTEVENT TC_26_8_1_3_4_3.ttcn3:417 Message with id 175 was extracted from the queue of L.
2026/Jun/08 11:23:19.712367 PORTEVENT TC_26_8_1_3_4_3.ttcn3:417 Message with id 176 was extracted from the queue of L.
2026/Jun/08 11:23:19.712369 PORTEVENT TC_26_8_1_3_4_3.ttcn3:417 Message with id 177 was extracted from the queue of L.
2026/Jun/08 11:23:19.712372 PORTEVENT TC_26_8_1_3_4_3.ttcn3:417 Message with id 178 was extracted from the queue of L.
2026/Jun/08 11:23:19.712374 PORTEVENT TC_26_8_1_3_4_3.ttcn3:417 Message with id 179 was extracted from the queue of L.
2026/Jun/08 11:23:19.712377 PORTEVENT TC_26_8_1_3_4_3.ttcn3:417 Message with id 180 was extracted from the queue of L.
2026/Jun/08 11:23:19.712380 PORTEVENT TC_26_8_1_3_4_3.ttcn3:417 Message with id 181 was extracted from the queue of L.
2026/Jun/08 11:23:19.712382 PORTEVENT TC_26_8_1_3_4_3.ttcn3:417 Message with id 182 was extracted from the queue of L.
2026/Jun/08 11:23:19.712385 PORTEVENT TC_26_8_1_3_4_3.ttcn3:417 Message with id 183 was extracted from the queue of L.
2026/Jun/08 11:23:19.712387 PORTEVENT TC_26_8_1_3_4_3.ttcn3:417 Message with id 184 was extracted from the queue of L.
2026/Jun/08 11:23:19.712390 PORTEVENT TC_26_8_1_3_4_3.ttcn3:417 Message with id 185 was extracted from the queue of L.
2026/Jun/08 11:23:19.712393 PORTEVENT TC_26_8_1_3_4_3.ttcn3:417 Message with id 186 was extracted from the queue of L.
2026/Jun/08 11:23:19.712395 PORTEVENT TC_26_8_1_3_4_3.ttcn3:417 Message with id 187 was extracted from the queue of L.
2026/Jun/08 11:23:19.712398 PORTEVENT TC_26_8_1_3_4_3.ttcn3:417 Message with id 188 was extracted from the queue of L.
2026/Jun/08 11:23:19.712400 PORTEVENT TC_26_8_1_3_4_3.ttcn3:417 Message with id 189 was extracted from the queue of L.
2026/Jun/08 11:23:19.712403 PORTEVENT TC_26_8_1_3_4_3.ttcn3:417 Message with id 190 was extracted from the queue of L.
2026/Jun/08 11:23:19.712405 PORTEVENT TC_26_8_1_3_4_3.ttcn3:417 Message with id 191 was extracted from the queue of L.
2026/Jun/08 11:23:19.712412 PORTEVENT TC_26_8_1_3_4_3.ttcn3:417 Message with id 192 was extracted from the queue of L.
2026/Jun/08 11:23:19.712415 PORTEVENT TC_26_8_1_3_4_3.ttcn3:417 Message with id 193 was extracted from the queue of L.
2026/Jun/08 11:23:19.712418 PORTEVENT TC_26_8_1_3_4_3.ttcn3:417 Message with id 194 was extracted from the queue of L.
2026/Jun/08 11:23:19.712420 PORTEVENT TC_26_8_1_3_4_3.ttcn3:417 Message with id 195 was extracted from the queue of L.
2026/Jun/08 11:23:19.712423 PORTEVENT TC_26_8_1_3_4_3.ttcn3:417 Message with id 196 was extracted from the queue of L.
2026/Jun/08 11:23:19.712425 PORTEVENT TC_26_8_1_3_4_3.ttcn3:417 Message with id 197 was extracted from the queue of L.
2026/Jun/08 11:23:19.712428 PORTEVENT TC_26_8_1_3_4_3.ttcn3:417 Message with id 198 was extracted from the queue of L.
2026/Jun/08 11:23:19.712430 PORTEVENT TC_26_8_1_3_4_3.ttcn3:417 Message with id 199 was extracted from the queue of L.
2026/Jun/08 11:23:19.712433 PORTEVENT TC_26_8_1_3_4_3.ttcn3:417 Message with id 200 was extracted from the queue of L.
2026/Jun/08 11:23:19.712435 PORTEVENT TC_26_8_1_3_4_3.ttcn3:417 Message with id 201 was extracted from the queue of L.
2026/Jun/08 11:23:19.712438 PORTEVENT TC_26_8_1_3_4_3.ttcn3:417 Message with id 202 was extracted from the queue of L.
2026/Jun/08 11:23:19.712440 PORTEVENT TC_26_8_1_3_4_3.ttcn3:417 Message with id 203 was extracted from the queue of L.
2026/Jun/08 11:23:19.712443 PORTEVENT TC_26_8_1_3_4_3.ttcn3:417 Message with id 204 was extracted from the queue of L.
2026/Jun/08 11:23:19.712446 PORTEVENT TC_26_8_1_3_4_3.ttcn3:417 Message with id 205 was extracted from the queue of L.
2026/Jun/08 11:23:19.712448 PORTEVENT TC_26_8_1_3_4_3.ttcn3:417 Message with id 206 was extracted from the queue of L.
2026/Jun/08 11:23:19.712451 PORTEVENT TC_26_8_1_3_4_3.ttcn3:417 Message with id 207 was extracted from the queue of L.
2026/Jun/08 11:23:19.712453 PORTEVENT TC_26_8_1_3_4_3.ttcn3:417 Message with id 208 was extracted from the queue of L.
2026/Jun/08 11:23:19.712456 PORTEVENT TC_26_8_1_3_4_3.ttcn3:417 Message with id 209 was extracted from the queue of L.
2026/Jun/08 11:23:19.712458 PORTEVENT TC_26_8_1_3_4_3.ttcn3:417 Message with id 210 was extracted from the queue of L.
2026/Jun/08 11:23:19.712461 PORTEVENT TC_26_8_1_3_4_3.ttcn3:417 Message with id 211 was extracted from the queue of L.
2026/Jun/08 11:23:19.712463 PORTEVENT TC_26_8_1_3_4_3.ttcn3:417 Message with id 212 was extracted from the queue of L.
2026/Jun/08 11:23:19.712466 PORTEVENT TC_26_8_1_3_4_3.ttcn3:417 Message with id 213 was extracted from the queue of L.
2026/Jun/08 11:23:19.712468 PORTEVENT TC_26_8_1_3_4_3.ttcn3:417 Message with id 214 was extracted from the queue of L.
2026/Jun/08 11:23:19.712471 PORTEVENT TC_26_8_1_3_4_3.ttcn3:417 Message with id 215 was extracted from the queue of L.
2026/Jun/08 11:23:19.712473 PORTEVENT TC_26_8_1_3_4_3.ttcn3:417 Message with id 216 was extracted from the queue of L.
2026/Jun/08 11:23:19.712476 PORTEVENT TC_26_8_1_3_4_3.ttcn3:417 Message with id 217 was extracted from the queue of L.
2026/Jun/08 11:23:19.712478 PORTEVENT TC_26_8_1_3_4_3.ttcn3:417 Message with id 218 was extracted from the queue of L.
2026/Jun/08 11:23:19.712481 PORTEVENT TC_26_8_1_3_4_3.ttcn3:417 Message with id 219 was extracted from the queue of L.
2026/Jun/08 11:23:19.712483 PORTEVENT TC_26_8_1_3_4_3.ttcn3:417 Message with id 220 was extracted from the queue of L.
2026/Jun/08 11:23:19.712486 PORTEVENT TC_26_8_1_3_4_3.ttcn3:417 Message with id 221 was extracted from the queue of L.
2026/Jun/08 11:23:19.712489 PORTEVENT TC_26_8_1_3_4_3.ttcn3:417 Message with id 222 was extracted from the queue of L.
2026/Jun/08 11:23:19.712491 PORTEVENT TC_26_8_1_3_4_3.ttcn3:417 Message with id 223 was extracted from the queue of L.
2026/Jun/08 11:23:19.712494 PORTEVENT TC_26_8_1_3_4_3.ttcn3:417 Message with id 224 was extracted from the queue of L.
2026/Jun/08 11:23:19.712496 PORTEVENT TC_26_8_1_3_4_3.ttcn3:417 Message with id 225 was extracted from the queue of L.
2026/Jun/08 11:23:19.712499 PORTEVENT TC_26_8_1_3_4_3.ttcn3:417 Message with id 226 was extracted from the queue of L.
2026/Jun/08 11:23:19.712504 PORTEVENT TC_26_8_1_3_4_3.ttcn3:417 Message with id 227 was extracted from the queue of L.
2026/Jun/08 11:23:19.712507 PORTEVENT TC_26_8_1_3_4_3.ttcn3:417 Message with id 228 was extracted from the queue of L.
2026/Jun/08 11:23:19.712509 PORTEVENT TC_26_8_1_3_4_3.ttcn3:417 Message with id 229 was extracted from the queue of L.
2026/Jun/08 11:23:19.712512 PORTEVENT TC_26_8_1_3_4_3.ttcn3:417 Message with id 230 was extracted from the queue of L.
2026/Jun/08 11:23:19.712514 PORTEVENT TC_26_8_1_3_4_3.ttcn3:417 Message with id 231 was extracted from the queue of L.
2026/Jun/08 11:23:19.712517 PORTEVENT TC_26_8_1_3_4_3.ttcn3:417 Message with id 232 was extracted from the queue of L.
2026/Jun/08 11:23:19.712519 PORTEVENT TC_26_8_1_3_4_3.ttcn3:417 Message with id 233 was extracted from the queue of L.
2026/Jun/08 11:23:19.712522 PORTEVENT TC_26_8_1_3_4_3.ttcn3:417 Message with id 234 was extracted from the queue of L.
2026/Jun/08 11:23:19.712524 PORTEVENT TC_26_8_1_3_4_3.ttcn3:417 Message with id 235 was extracted from the queue of L.
2026/Jun/08 11:23:19.712527 PORTEVENT TC_26_8_1_3_4_3.ttcn3:417 Message with id 236 was extracted from the queue of L.
2026/Jun/08 11:23:19.712529 PORTEVENT TC_26_8_1_3_4_3.ttcn3:417 Message with id 237 was extracted from the queue of L.
2026/Jun/08 11:23:19.712532 PORTEVENT TC_26_8_1_3_4_3.ttcn3:417 Message with id 238 was extracted from the queue of L.
2026/Jun/08 11:23:19.712535 PORTEVENT TC_26_8_1_3_4_3.ttcn3:417 Message with id 239 was extracted from the queue of L.
2026/Jun/08 11:23:19.712537 PORTEVENT TC_26_8_1_3_4_3.ttcn3:417 Message with id 240 was extracted from the queue of L.
2026/Jun/08 11:23:19.712540 PORTEVENT TC_26_8_1_3_4_3.ttcn3:417 Message with id 241 was extracted from the queue of L.
2026/Jun/08 11:23:19.712543 PORTEVENT TC_26_8_1_3_4_3.ttcn3:417 Message with id 242 was extracted from the queue of L.
2026/Jun/08 11:23:19.712545 PORTEVENT TC_26_8_1_3_4_3.ttcn3:417 Message with id 243 was extracted from the queue of L.
2026/Jun/08 11:23:19.712548 PORTEVENT TC_26_8_1_3_4_3.ttcn3:417 Message with id 244 was extracted from the queue of L.
2026/Jun/08 11:23:19.712551 PORTEVENT TC_26_8_1_3_4_3.ttcn3:417 Message with id 245 was extracted from the queue of L.
2026/Jun/08 11:23:19.712553 PORTEVENT TC_26_8_1_3_4_3.ttcn3:417 Message with id 246 was extracted from the queue of L.
2026/Jun/08 11:23:19.712556 PORTEVENT TC_26_8_1_3_4_3.ttcn3:417 Message with id 247 was extracted from the queue of L.
2026/Jun/08 11:23:19.712558 PORTEVENT TC_26_8_1_3_4_3.ttcn3:417 Message with id 248 was extracted from the queue of L.
2026/Jun/08 11:23:19.712561 PORTEVENT TC_26_8_1_3_4_3.ttcn3:417 Message with id 249 was extracted from the queue of L.
2026/Jun/08 11:23:19.712563 PORTEVENT TC_26_8_1_3_4_3.ttcn3:417 Message with id 250 was extracted from the queue of L.
2026/Jun/08 11:23:19.712566 PORTEVENT TC_26_8_1_3_4_3.ttcn3:417 Message with id 251 was extracted from the queue of L.
2026/Jun/08 11:23:19.712568 PORTEVENT TC_26_8_1_3_4_3.ttcn3:417 Message with id 252 was extracted from the queue of L.
2026/Jun/08 11:23:19.712571 PORTEVENT TC_26_8_1_3_4_3.ttcn3:417 Message with id 253 was extracted from the queue of L.
2026/Jun/08 11:23:19.712573 PORTEVENT TC_26_8_1_3_4_3.ttcn3:417 Message with id 254 was extracted from the queue of L.
2026/Jun/08 11:23:19.712576 PORTEVENT TC_26_8_1_3_4_3.ttcn3:417 Message with id 255 was extracted from the queue of L.
2026/Jun/08 11:23:19.712578 PORTEVENT TC_26_8_1_3_4_3.ttcn3:417 Message with id 256 was extracted from the queue of L.
2026/Jun/08 11:23:19.712581 PORTEVENT TC_26_8_1_3_4_3.ttcn3:417 Message with id 257 was extracted from the queue of L.
2026/Jun/08 11:23:19.712583 PORTEVENT TC_26_8_1_3_4_3.ttcn3:417 Message with id 258 was extracted from the queue of L.
2026/Jun/08 11:23:19.712586 PORTEVENT TC_26_8_1_3_4_3.ttcn3:417 Message with id 259 was extracted from the queue of L.
2026/Jun/08 11:23:19.712588 PORTEVENT TC_26_8_1_3_4_3.ttcn3:417 Message with id 260 was extracted from the queue of L.
2026/Jun/08 11:23:19.712593 PORTEVENT TC_26_8_1_3_4_3.ttcn3:417 Message with id 261 was extracted from the queue of L.
2026/Jun/08 11:23:19.712596 PORTEVENT TC_26_8_1_3_4_3.ttcn3:417 Message with id 262 was extracted from the queue of L.
2026/Jun/08 11:23:19.712599 PORTEVENT TC_26_8_1_3_4_3.ttcn3:417 Message with id 263 was extracted from the queue of L.
2026/Jun/08 11:23:19.712601 PORTEVENT TC_26_8_1_3_4_3.ttcn3:417 Message with id 264 was extracted from the queue of L.
2026/Jun/08 11:23:19.712604 PORTEVENT TC_26_8_1_3_4_3.ttcn3:417 Message with id 265 was extracted from the queue of L.
2026/Jun/08 11:23:19.712606 PORTEVENT TC_26_8_1_3_4_3.ttcn3:417 Message with id 266 was extracted from the queue of L.
2026/Jun/08 11:23:19.712609 PORTEVENT TC_26_8_1_3_4_3.ttcn3:417 Message with id 267 was extracted from the queue of L.
2026/Jun/08 11:23:19.712611 PORTEVENT TC_26_8_1_3_4_3.ttcn3:417 Message with id 268 was extracted from the queue of L.
2026/Jun/08 11:23:19.712614 PORTEVENT TC_26_8_1_3_4_3.ttcn3:417 Message with id 269 was extracted from the queue of L.
2026/Jun/08 11:23:19.712616 PORTEVENT TC_26_8_1_3_4_3.ttcn3:417 Message with id 270 was extracted from the queue of L.
2026/Jun/08 11:23:19.712619 PORTEVENT TC_26_8_1_3_4_3.ttcn3:417 Message with id 271 was extracted from the queue of L.
2026/Jun/08 11:23:19.712622 PORTEVENT TC_26_8_1_3_4_3.ttcn3:417 Message with id 272 was extracted from the queue of L.
2026/Jun/08 11:23:19.712625 PORTEVENT TC_26_8_1_3_4_3.ttcn3:417 Message with id 273 was extracted from the queue of L.
2026/Jun/08 11:23:19.712627 PORTEVENT TC_26_8_1_3_4_3.ttcn3:417 Message with id 274 was extracted from the queue of L.
2026/Jun/08 11:23:19.712630 PORTEVENT TC_26_8_1_3_4_3.ttcn3:417 Message with id 275 was extracted from the queue of L.
2026/Jun/08 11:23:19.712632 PORTEVENT TC_26_8_1_3_4_3.ttcn3:417 Message with id 276 was extracted from the queue of L.
2026/Jun/08 11:23:19.712635 PORTEVENT TC_26_8_1_3_4_3.ttcn3:417 Message with id 277 was extracted from the queue of L.
2026/Jun/08 11:23:19.712637 PORTEVENT TC_26_8_1_3_4_3.ttcn3:417 Message with id 278 was extracted from the queue of L.
2026/Jun/08 11:23:19.712640 PORTEVENT TC_26_8_1_3_4_3.ttcn3:417 Message with id 279 was extracted from the queue of L.
2026/Jun/08 11:23:19.712642 PORTEVENT TC_26_8_1_3_4_3.ttcn3:417 Message with id 280 was extracted from the queue of L.
2026/Jun/08 11:23:19.712645 PORTEVENT TC_26_8_1_3_4_3.ttcn3:417 Message with id 281 was extracted from the queue of L.
2026/Jun/08 11:23:19.712647 PORTEVENT TC_26_8_1_3_4_3.ttcn3:417 Message with id 282 was extracted from the queue of L.
2026/Jun/08 11:23:19.712650 PORTEVENT TC_26_8_1_3_4_3.ttcn3:417 Message with id 283 was extracted from the queue of L.
2026/Jun/08 11:23:19.712652 PORTEVENT TC_26_8_1_3_4_3.ttcn3:417 Message with id 284 was extracted from the queue of L.
2026/Jun/08 11:23:19.712655 PORTEVENT TC_26_8_1_3_4_3.ttcn3:417 Message with id 285 was extracted from the queue of L.
2026/Jun/08 11:23:19.712657 PORTEVENT TC_26_8_1_3_4_3.ttcn3:417 Message with id 286 was extracted from the queue of L.
2026/Jun/08 11:23:19.712660 PORTEVENT TC_26_8_1_3_4_3.ttcn3:417 Message with id 287 was extracted from the queue of L.
2026/Jun/08 11:23:19.712662 PORTEVENT TC_26_8_1_3_4_3.ttcn3:417 Message with id 288 was extracted from the queue of L.
2026/Jun/08 11:23:19.712665 PORTEVENT TC_26_8_1_3_4_3.ttcn3:417 Message with id 289 was extracted from the queue of L.
2026/Jun/08 11:23:19.712667 PORTEVENT TC_26_8_1_3_4_3.ttcn3:417 Message with id 290 was extracted from the queue of L.
2026/Jun/08 11:23:19.712670 PORTEVENT TC_26_8_1_3_4_3.ttcn3:417 Message with id 291 was extracted from the queue of L.
2026/Jun/08 11:23:19.712673 PORTEVENT TC_26_8_1_3_4_3.ttcn3:417 Message with id 292 was extracted from the queue of L.
2026/Jun/08 11:23:19.712676 PORTEVENT TC_26_8_1_3_4_3.ttcn3:417 Message with id 293 was extracted from the queue of L.
2026/Jun/08 11:23:19.712678 PORTEVENT TC_26_8_1_3_4_3.ttcn3:417 Message with id 294 was extracted from the queue of L.
2026/Jun/08 11:23:19.712683 PORTEVENT TC_26_8_1_3_4_3.ttcn3:417 Message with id 295 was extracted from the queue of L.
2026/Jun/08 11:23:19.712686 PORTEVENT TC_26_8_1_3_4_3.ttcn3:417 Message with id 296 was extracted from the queue of L.
2026/Jun/08 11:23:19.712689 PORTEVENT TC_26_8_1_3_4_3.ttcn3:417 Message with id 297 was extracted from the queue of L.
2026/Jun/08 11:23:19.712691 PORTEVENT TC_26_8_1_3_4_3.ttcn3:417 Message with id 298 was extracted from the queue of L.
2026/Jun/08 11:23:19.712694 PORTEVENT TC_26_8_1_3_4_3.ttcn3:417 Message with id 299 was extracted from the queue of L.
2026/Jun/08 11:23:19.712696 PORTEVENT TC_26_8_1_3_4_3.ttcn3:417 Message with id 300 was extracted from the queue of L.
2026/Jun/08 11:23:19.712699 PORTEVENT TC_26_8_1_3_4_3.ttcn3:417 Message with id 301 was extracted from the queue of L.
2026/Jun/08 11:23:19.712701 PORTEVENT TC_26_8_1_3_4_3.ttcn3:417 Message with id 302 was extracted from the queue of L.
2026/Jun/08 11:23:19.712704 PORTEVENT TC_26_8_1_3_4_3.ttcn3:417 Message with id 303 was extracted from the queue of L.
2026/Jun/08 11:23:19.712706 PORTEVENT TC_26_8_1_3_4_3.ttcn3:417 Message with id 304 was extracted from the queue of L.
2026/Jun/08 11:23:19.712709 PORTEVENT TC_26_8_1_3_4_3.ttcn3:417 Message with id 305 was extracted from the queue of L.
2026/Jun/08 11:23:19.712711 PORTEVENT TC_26_8_1_3_4_3.ttcn3:417 Message with id 306 was extracted from the queue of L.
2026/Jun/08 11:23:19.712714 PORTEVENT TC_26_8_1_3_4_3.ttcn3:417 Message with id 307 was extracted from the queue of L.
2026/Jun/08 11:23:19.712716 PORTEVENT TC_26_8_1_3_4_3.ttcn3:417 Message with id 308 was extracted from the queue of L.
2026/Jun/08 11:23:19.712719 PORTEVENT TC_26_8_1_3_4_3.ttcn3:417 Message with id 309 was extracted from the queue of L.
2026/Jun/08 11:23:19.712722 PORTEVENT TC_26_8_1_3_4_3.ttcn3:417 Message with id 310 was extracted from the queue of L.
2026/Jun/08 11:23:19.712725 PORTEVENT TC_26_8_1_3_4_3.ttcn3:417 Message with id 311 was extracted from the queue of L.
2026/Jun/08 11:23:19.712727 PORTEVENT TC_26_8_1_3_4_3.ttcn3:417 Message with id 312 was extracted from the queue of L.
2026/Jun/08 11:23:19.712730 PORTEVENT TC_26_8_1_3_4_3.ttcn3:417 Message with id 313 was extracted from the queue of L.
2026/Jun/08 11:23:19.712733 PORTEVENT TC_26_8_1_3_4_3.ttcn3:417 Message with id 314 was extracted from the queue of L.
2026/Jun/08 11:23:19.712735 PORTEVENT TC_26_8_1_3_4_3.ttcn3:417 Message with id 315 was extracted from the queue of L.
2026/Jun/08 11:23:19.712738 PORTEVENT TC_26_8_1_3_4_3.ttcn3:417 Message with id 316 was extracted from the queue of L.
2026/Jun/08 11:23:19.712741 PORTEVENT TC_26_8_1_3_4_3.ttcn3:417 Message with id 317 was extracted from the queue of L.
2026/Jun/08 11:23:19.712743 PORTEVENT TC_26_8_1_3_4_3.ttcn3:417 Message with id 318 was extracted from the queue of L.
2026/Jun/08 11:23:19.712746 PORTEVENT TC_26_8_1_3_4_3.ttcn3:417 Message with id 319 was extracted from the queue of L.
2026/Jun/08 11:23:19.712748 PORTEVENT TC_26_8_1_3_4_3.ttcn3:417 Message with id 320 was extracted from the queue of L.
2026/Jun/08 11:23:19.712751 PORTEVENT TC_26_8_1_3_4_3.ttcn3:417 Message with id 321 was extracted from the queue of L.
2026/Jun/08 11:23:19.712753 PORTEVENT TC_26_8_1_3_4_3.ttcn3:417 Message with id 322 was extracted from the queue of L.
2026/Jun/08 11:23:19.712756 PORTEVENT TC_26_8_1_3_4_3.ttcn3:417 Message with id 323 was extracted from the queue of L.
2026/Jun/08 11:23:19.712758 PORTEVENT TC_26_8_1_3_4_3.ttcn3:417 Message with id 324 was extracted from the queue of L.
2026/Jun/08 11:23:19.712761 PORTEVENT TC_26_8_1_3_4_3.ttcn3:417 Message with id 325 was extracted from the queue of L.
2026/Jun/08 11:23:19.712763 PORTEVENT TC_26_8_1_3_4_3.ttcn3:417 Message with id 326 was extracted from the queue of L.
2026/Jun/08 11:23:19.712766 PORTEVENT TC_26_8_1_3_4_3.ttcn3:417 Message with id 327 was extracted from the queue of L.
2026/Jun/08 11:23:19.712768 PORTEVENT TC_26_8_1_3_4_3.ttcn3:417 Message with id 328 was extracted from the queue of L.
2026/Jun/08 11:23:19.712771 PORTEVENT TC_26_8_1_3_4_3.ttcn3:417 Message with id 329 was extracted from the queue of L.
2026/Jun/08 11:23:19.712776 PORTEVENT TC_26_8_1_3_4_3.ttcn3:417 Message with id 330 was extracted from the queue of L.
2026/Jun/08 11:23:19.712778 PORTEVENT TC_26_8_1_3_4_3.ttcn3:417 Message with id 331 was extracted from the queue of L.
2026/Jun/08 11:23:19.712781 PORTEVENT TC_26_8_1_3_4_3.ttcn3:417 Message with id 332 was extracted from the queue of L.
2026/Jun/08 11:23:19.712784 PORTEVENT TC_26_8_1_3_4_3.ttcn3:417 Message with id 333 was extracted from the queue of L.
2026/Jun/08 11:23:19.712786 PORTEVENT TC_26_8_1_3_4_3.ttcn3:417 Message with id 334 was extracted from the queue of L.
2026/Jun/08 11:23:19.712789 PORTEVENT TC_26_8_1_3_4_3.ttcn3:417 Message with id 335 was extracted from the queue of L.
2026/Jun/08 11:23:19.712791 PORTEVENT TC_26_8_1_3_4_3.ttcn3:417 Message with id 336 was extracted from the queue of L.
2026/Jun/08 11:23:19.712794 PORTEVENT TC_26_8_1_3_4_3.ttcn3:417 Message with id 337 was extracted from the queue of L.
2026/Jun/08 11:23:19.712796 PORTEVENT TC_26_8_1_3_4_3.ttcn3:417 Message with id 338 was extracted from the queue of L.
2026/Jun/08 11:23:19.712799 PORTEVENT TC_26_8_1_3_4_3.ttcn3:417 Message with id 339 was extracted from the queue of L.
2026/Jun/08 11:23:19.712801 PORTEVENT TC_26_8_1_3_4_3.ttcn3:417 Message with id 340 was extracted from the queue of L.
2026/Jun/08 11:23:19.712804 PORTEVENT TC_26_8_1_3_4_3.ttcn3:417 Message with id 341 was extracted from the queue of L.
2026/Jun/08 11:23:19.712806 PORTEVENT TC_26_8_1_3_4_3.ttcn3:417 Message with id 342 was extracted from the queue of L.
2026/Jun/08 11:23:19.712809 PORTEVENT TC_26_8_1_3_4_3.ttcn3:417 Message with id 343 was extracted from the queue of L.
2026/Jun/08 11:23:19.712811 PORTEVENT TC_26_8_1_3_4_3.ttcn3:417 Message with id 344 was extracted from the queue of L.
2026/Jun/08 11:23:19.712814 PORTEVENT TC_26_8_1_3_4_3.ttcn3:417 Message with id 345 was extracted from the queue of L.
2026/Jun/08 11:23:19.712816 PORTEVENT TC_26_8_1_3_4_3.ttcn3:417 Message with id 346 was extracted from the queue of L.
2026/Jun/08 11:23:19.712819 PORTEVENT TC_26_8_1_3_4_3.ttcn3:417 Message with id 347 was extracted from the queue of L.
2026/Jun/08 11:23:19.712829 PORTEVENT TC_26_8_1_3_4_3.ttcn3:417 Message with id 348 was extracted from the queue of L.
2026/Jun/08 11:23:19.712832 PORTEVENT TC_26_8_1_3_4_3.ttcn3:417 Message with id 349 was extracted from the queue of L.
2026/Jun/08 11:23:19.712834 PORTEVENT TC_26_8_1_3_4_3.ttcn3:417 Message with id 350 was extracted from the queue of L.
2026/Jun/08 11:23:19.712837 PORTEVENT TC_26_8_1_3_4_3.ttcn3:417 Message with id 351 was extracted from the queue of L.
2026/Jun/08 11:23:19.712840 PORTEVENT TC_26_8_1_3_4_3.ttcn3:417 Message with id 352 was extracted from the queue of L.
2026/Jun/08 11:23:19.712842 PORTEVENT TC_26_8_1_3_4_3.ttcn3:417 Message with id 353 was extracted from the queue of L.
2026/Jun/08 11:23:19.712845 PORTEVENT TC_26_8_1_3_4_3.ttcn3:417 Message with id 354 was extracted from the queue of L.
2026/Jun/08 11:23:19.712847 PORTEVENT TC_26_8_1_3_4_3.ttcn3:417 Message with id 355 was extracted from the queue of L.
2026/Jun/08 11:23:19.712850 PORTEVENT TC_26_8_1_3_4_3.ttcn3:417 Message with id 356 was extracted from the queue of L.
2026/Jun/08 11:23:19.712852 PORTEVENT TC_26_8_1_3_4_3.ttcn3:417 Message with id 357 was extracted from the queue of L.
2026/Jun/08 11:23:19.712855 PORTEVENT TC_26_8_1_3_4_3.ttcn3:417 Message with id 358 was extracted from the queue of L.
2026/Jun/08 11:23:19.712857 PORTEVENT TC_26_8_1_3_4_3.ttcn3:417 Message with id 359 was extracted from the queue of L.
2026/Jun/08 11:23:19.712860 PORTEVENT TC_26_8_1_3_4_3.ttcn3:417 Message with id 360 was extracted from the queue of L.
2026/Jun/08 11:23:19.712862 PORTEVENT TC_26_8_1_3_4_3.ttcn3:417 Message with id 361 was extracted from the queue of L.
2026/Jun/08 11:23:19.712865 PORTEVENT TC_26_8_1_3_4_3.ttcn3:417 Message with id 362 was extracted from the queue of L.
2026/Jun/08 11:23:19.712867 PORTEVENT TC_26_8_1_3_4_3.ttcn3:417 Message with id 363 was extracted from the queue of L.
2026/Jun/08 11:23:19.712872 PORTEVENT TC_26_8_1_3_4_3.ttcn3:417 Message with id 364 was extracted from the queue of L.
2026/Jun/08 11:23:19.712875 PORTEVENT TC_26_8_1_3_4_3.ttcn3:417 Message with id 365 was extracted from the queue of L.
2026/Jun/08 11:23:19.712878 PORTEVENT TC_26_8_1_3_4_3.ttcn3:417 Message with id 366 was extracted from the queue of L.
2026/Jun/08 11:23:19.712880 PORTEVENT TC_26_8_1_3_4_3.ttcn3:417 Message with id 367 was extracted from the queue of L.
2026/Jun/08 11:23:19.712882 PORTEVENT TC_26_8_1_3_4_3.ttcn3:417 Message with id 368 was extracted from the queue of L.
2026/Jun/08 11:23:19.712885 PORTEVENT TC_26_8_1_3_4_3.ttcn3:417 Message with id 369 was extracted from the queue of L.
2026/Jun/08 11:23:19.712888 PORTEVENT TC_26_8_1_3_4_3.ttcn3:417 Message with id 370 was extracted from the queue of L.
2026/Jun/08 11:23:19.712890 PORTEVENT TC_26_8_1_3_4_3.ttcn3:417 Message with id 371 was extracted from the queue of L.
2026/Jun/08 11:23:19.712893 PORTEVENT TC_26_8_1_3_4_3.ttcn3:417 Message with id 372 was extracted from the queue of L.
2026/Jun/08 11:23:19.712895 PORTEVENT TC_26_8_1_3_4_3.ttcn3:417 Message with id 373 was extracted from the queue of L.
2026/Jun/08 11:23:19.712898 PORTEVENT TC_26_8_1_3_4_3.ttcn3:417 Message with id 374 was extracted from the queue of L.
2026/Jun/08 11:23:19.712900 PORTEVENT TC_26_8_1_3_4_3.ttcn3:417 Port L was stopped.
2026/Jun/08 11:23:19.712914 PORTEVENT TC_26_8_1_3_4_3.ttcn3:417 Port RR was stopped.
2026/Jun/08 11:23:19.712923 PORTEVENT TC_26_8_1_3_4_3.ttcn3:417 Port MM was stopped.
2026/Jun/08 11:23:19.712931 PORTEVENT TC_26_8_1_3_4_3.ttcn3:417 Port CC was stopped.
2026/Jun/08 11:23:19.712934 USER TC_26_8_1_3_4_3.ttcn3:417 MSC_Port: user_stop called
2026/Jun/08 11:23:19.712940 PORTEVENT TC_26_8_1_3_4_3.ttcn3:417 Port MSC was stopped.
2026/Jun/08 11:23:19.712947 USER TC_26_8_1_3_4_3.ttcn3:417 BSC_Port: user_stop called
2026/Jun/08 11:23:19.712951 PORTEVENT TC_26_8_1_3_4_3.ttcn3:417 Port BSC was stopped.
2026/Jun/08 11:23:19.712954 PORTEVENT TC_26_8_1_3_4_3.ttcn3:417 Port RSL was stopped.
2026/Jun/08 11:23:19.712957 USER TC_26_8_1_3_4_3.ttcn3:417 VTY_PT: Stopping
2026/Jun/08 11:23:19.712961 PORTEVENT TC_26_8_1_3_4_3.ttcn3:417 Port VTY was stopped.
2026/Jun/08 11:23:19.712965 PORTEVENT TC_26_8_1_3_4_3.ttcn3:417 Port COORD was stopped.
2026/Jun/08 11:23:19.712968 PARALLEL TC_26_8_1_3_4_3.ttcn3:417 Component type GSM_Component_Definitions.GSM_CT was shut down inside testcase TC_26_8_1_3_4_3.
2026/Jun/08 11:23:19.712975 EXECUTOR TC_26_8_1_3_4_3.ttcn3:417 Waiting for PTCs to finish.
2026/Jun/08 11:23:19.713036 VERDICTOP TC_26_8_1_3_4_3.ttcn3:417 Setting final verdict of the test case.
2026/Jun/08 11:23:19.713075 VERDICTOP TC_26_8_1_3_4_3.ttcn3:417 Local verdict of MTC: fail
2026/Jun/08 11:23:19.713100 VERDICTOP TC_26_8_1_3_4_3.ttcn3:417 No PTCs were created.
2026/Jun/08 11:23:19.713110 TESTCASE TC_26_8_1_3_4_3.ttcn3:417 Test case TC_26_8_1_3_4_3 finished. Verdict: fail
2026/Jun/08 11:23:19.713234 STATISTICS - Verdict statistics: 0 none (0.00 %), 0 pass (0.00 %), 0 inconc (0.00 %), 1 fail (100.00 %), 0 error (0.00 %).
2026/Jun/08 11:23:19.713271 STATISTICS - Test execution summary: 1 test case was executed. Overall verdict: fail
2026/Jun/08 11:23:19.713273 EXECUTOR - Exit was requested from MC. Terminating MTC.
======================================================
TEST RESULT: FAIL
