unix_ts,namespace,pod,cpu_m,mem_mib
1782108915,kube-system,coredns-c4dbffb5f-p9rsr,4,28
1782108915,kube-system,local-path-provisioner-5c4dc5d66d-nfqxz,1,16
1782108915,kube-system,metrics-server-786d997795-hcp2m,9,48
1782108915,kube-system,svclb-traefik-1100f998-kpm9h,0,0
1782108915,kube-system,traefik-9bcdbbd9-qtpjt,3,36
1782108917,kube-system,coredns-c4dbffb5f-p9rsr,4,28
1782108917,kube-system,local-path-provisioner-5c4dc5d66d-nfqxz,1,16
1782108917,kube-system,metrics-server-786d997795-hcp2m,9,48
1782108917,kube-system,svclb-traefik-1100f998-kpm9h,0,0
1782108917,kube-system,traefik-9bcdbbd9-qtpjt,3,36
1782108922,kube-system,coredns-c4dbffb5f-p9rsr,4,28
1782108922,kube-system,local-path-provisioner-5c4dc5d66d-nfqxz,1,16
1782108922,kube-system,metrics-server-786d997795-hcp2m,9,48
1782108922,kube-system,svclb-traefik-1100f998-kpm9h,0,0
1782108922,kube-system,traefik-9bcdbbd9-qtpjt,3,36
1782108924,kube-system,coredns-c4dbffb5f-p9rsr,4,28
1782108924,kube-system,local-path-provisioner-5c4dc5d66d-nfqxz,1,16
1782108924,kube-system,metrics-server-786d997795-hcp2m,9,48
1782108924,kube-system,svclb-traefik-1100f998-kpm9h,0,0
1782108924,kube-system,traefik-9bcdbbd9-qtpjt,3,36
1782108926,kube-system,coredns-c4dbffb5f-p9rsr,4,28
1782108926,kube-system,local-path-provisioner-5c4dc5d66d-nfqxz,1,16
1782108926,kube-system,metrics-server-786d997795-hcp2m,9,48
1782108926,kube-system,svclb-traefik-1100f998-kpm9h,0,0
1782108926,kube-system,traefik-9bcdbbd9-qtpjt,3,36
1782108928,kube-system,coredns-c4dbffb5f-p9rsr,4,28
1782108928,kube-system,local-path-provisioner-5c4dc5d66d-nfqxz,1,16
1782108928,kube-system,metrics-server-786d997795-hcp2m,9,48
1782108928,kube-system,svclb-traefik-1100f998-kpm9h,0,0
1782108928,kube-system,traefik-9bcdbbd9-qtpjt,3,36
1782108932,kube-system,coredns-c4dbffb5f-p9rsr,4,28
1782108932,kube-system,local-path-provisioner-5c4dc5d66d-nfqxz,1,16
1782108932,kube-system,metrics-server-786d997795-hcp2m,9,48
1782108932,kube-system,svclb-traefik-1100f998-kpm9h,0,0
1782108932,kube-system,traefik-9bcdbbd9-qtpjt,3,36
1782108935,kube-system,coredns-c4dbffb5f-p9rsr,4,28
1782108935,kube-system,local-path-provisioner-5c4dc5d66d-nfqxz,1,16
1782108935,kube-system,metrics-server-786d997795-hcp2m,9,48
1782108935,kube-system,svclb-traefik-1100f998-kpm9h,0,0
1782108935,kube-system,traefik-9bcdbbd9-qtpjt,3,36
1782108958,gsm-1,osmo-bsc-594654bd47-ddft9,7,4
1782108958,gsm-1,osmo-bts-virtual-5f8b9b86fc-sw8wz,9,2
1782108958,gsm-1,osmo-hlr-546bdb8988-fckq5,1,2
1782108958,gsm-1,osmo-mgw-8c8fc67d6-4bf2r,1,2
1782108958,gsm-1,osmo-mobile-947867b85-p6xzq,11,20
1782108958,gsm-1,osmo-stp-768687f494-qtbrq,1,2
1782108958,gsm-1,virtphy-858665df6d-jhx4v,9,4
1782108958,kube-system,coredns-c4dbffb5f-p9rsr,6,28
1782108958,kube-system,local-path-provisioner-5c4dc5d66d-nfqxz,1,16
1782108958,kube-system,metrics-server-786d997795-hcp2m,8,47
1782108958,kube-system,traefik-9bcdbbd9-qtpjt,1,37
1782108961,gsm-1,osmo-bsc-594654bd47-ddft9,7,4
1782108961,gsm-1,osmo-bts-virtual-5f8b9b86fc-sw8wz,9,2
1782108961,gsm-1,osmo-hlr-546bdb8988-fckq5,1,2
1782108961,gsm-1,osmo-mgw-8c8fc67d6-4bf2r,1,2
1782108961,gsm-1,osmo-mobile-947867b85-p6xzq,11,20
1782108961,gsm-1,osmo-stp-768687f494-qtbrq,1,2
1782108961,gsm-1,virtphy-858665df6d-jhx4v,9,4
1782108961,kube-system,coredns-c4dbffb5f-p9rsr,6,28
1782108961,kube-system,local-path-provisioner-5c4dc5d66d-nfqxz,1,16
1782108961,kube-system,metrics-server-786d997795-hcp2m,8,47
1782108961,kube-system,traefik-9bcdbbd9-qtpjt,1,37
1782108963,gsm-1,osmo-bsc-594654bd47-ddft9,7,4
1782108963,gsm-1,osmo-bts-virtual-5f8b9b86fc-sw8wz,9,2
1782108963,gsm-1,osmo-hlr-546bdb8988-fckq5,1,2
1782108963,gsm-1,osmo-mgw-8c8fc67d6-4bf2r,1,2
1782108963,gsm-1,osmo-mobile-947867b85-p6xzq,11,20
1782108963,gsm-1,osmo-stp-768687f494-qtbrq,1,2
1782108963,gsm-1,virtphy-858665df6d-jhx4v,9,4
1782108963,kube-system,coredns-c4dbffb5f-p9rsr,6,28
1782108963,kube-system,local-path-provisioner-5c4dc5d66d-nfqxz,1,16
1782108963,kube-system,metrics-server-786d997795-hcp2m,8,47
1782108963,kube-system,traefik-9bcdbbd9-qtpjt,1,37
1782108965,gsm-1,osmo-bsc-594654bd47-ddft9,7,4
1782108965,gsm-1,osmo-bts-virtual-5f8b9b86fc-sw8wz,9,2
1782108965,gsm-1,osmo-hlr-546bdb8988-fckq5,1,2
1782108965,gsm-1,osmo-mgw-8c8fc67d6-4bf2r,1,2
1782108965,gsm-1,osmo-mobile-947867b85-p6xzq,11,20
1782108965,gsm-1,osmo-stp-768687f494-qtbrq,1,2
1782108965,gsm-1,virtphy-858665df6d-jhx4v,9,4
1782108965,kube-system,coredns-c4dbffb5f-p9rsr,6,28
1782108965,kube-system,local-path-provisioner-5c4dc5d66d-nfqxz,1,16
1782108965,kube-system,metrics-server-786d997795-hcp2m,8,47
1782108965,kube-system,traefik-9bcdbbd9-qtpjt,1,37
1782108967,gsm-1,osmo-bsc-594654bd47-ddft9,7,4
1782108967,gsm-1,osmo-bts-virtual-5f8b9b86fc-sw8wz,9,2
1782108967,gsm-1,osmo-hlr-546bdb8988-fckq5,1,2
1782108967,gsm-1,osmo-mgw-8c8fc67d6-4bf2r,1,2
1782108967,gsm-1,osmo-mobile-947867b85-p6xzq,11,20
1782108967,gsm-1,osmo-stp-768687f494-qtbrq,1,2
1782108967,gsm-1,virtphy-858665df6d-jhx4v,9,4
1782108967,kube-system,coredns-c4dbffb5f-p9rsr,6,28
1782108967,kube-system,local-path-provisioner-5c4dc5d66d-nfqxz,1,16
1782108967,kube-system,metrics-server-786d997795-hcp2m,8,47
1782108967,kube-system,traefik-9bcdbbd9-qtpjt,1,37
1782108969,gsm-1,osmo-bsc-594654bd47-ddft9,7,4
1782108969,gsm-1,osmo-bts-virtual-5f8b9b86fc-sw8wz,9,2
1782108969,gsm-1,osmo-hlr-546bdb8988-fckq5,1,2
1782108969,gsm-1,osmo-mgw-8c8fc67d6-4bf2r,1,2
1782108969,gsm-1,osmo-mobile-947867b85-p6xzq,11,20
1782108969,gsm-1,osmo-stp-768687f494-qtbrq,1,2
1782108969,gsm-1,virtphy-858665df6d-jhx4v,9,4
1782108969,kube-system,coredns-c4dbffb5f-p9rsr,6,28
1782108969,kube-system,local-path-provisioner-5c4dc5d66d-nfqxz,1,16
1782108969,kube-system,metrics-server-786d997795-hcp2m,8,47
1782108969,kube-system,traefik-9bcdbbd9-qtpjt,1,37
1782108971,gsm-1,osmo-bsc-594654bd47-ddft9,7,4
1782108971,gsm-1,osmo-bts-virtual-5f8b9b86fc-sw8wz,9,2
1782108971,gsm-1,osmo-hlr-546bdb8988-fckq5,1,2
1782108971,gsm-1,osmo-mgw-8c8fc67d6-4bf2r,1,2
1782108971,gsm-1,osmo-mobile-947867b85-p6xzq,11,20
1782108971,gsm-1,osmo-stp-768687f494-qtbrq,1,2
1782108971,gsm-1,virtphy-858665df6d-jhx4v,9,4
1782108971,kube-system,coredns-c4dbffb5f-p9rsr,6,28
1782108971,kube-system,local-path-provisioner-5c4dc5d66d-nfqxz,1,16
1782108971,kube-system,metrics-server-786d997795-hcp2m,8,47
1782108971,kube-system,traefik-9bcdbbd9-qtpjt,1,37
1782108974,gsm-1,msc-test-stub-5b875d749d-mlqds,11,15
1782108974,gsm-1,osmo-bsc-594654bd47-ddft9,2,5
1782108974,gsm-1,osmo-bts-virtual-5f8b9b86fc-sw8wz,10,7
1782108974,gsm-1,osmo-hlr-546bdb8988-fckq5,1,2
1782108974,gsm-1,osmo-mgw-8c8fc67d6-4bf2r,1,2
1782108974,gsm-1,osmo-mobile-947867b85-p6xzq,11,23
1782108974,gsm-1,osmo-stp-768687f494-qtbrq,1,2
1782108974,gsm-1,virtphy-858665df6d-jhx4v,8,4
1782108974,kube-system,coredns-c4dbffb5f-p9rsr,4,28
1782108974,kube-system,local-path-provisioner-5c4dc5d66d-nfqxz,1,16
1782108974,kube-system,metrics-server-786d997795-hcp2m,9,47
1782108974,kube-system,svclb-traefik-1100f998-kpm9h,0,0
1782108974,kube-system,traefik-9bcdbbd9-qtpjt,1,37
1782108976,gsm-1,msc-test-stub-5b875d749d-mlqds,11,15
1782108976,gsm-1,osmo-bsc-594654bd47-ddft9,2,5
1782108976,gsm-1,osmo-bts-virtual-5f8b9b86fc-sw8wz,10,7
1782108976,gsm-1,osmo-hlr-546bdb8988-fckq5,1,2
1782108976,gsm-1,osmo-mgw-8c8fc67d6-4bf2r,1,2
1782108976,gsm-1,osmo-mobile-947867b85-p6xzq,11,23
1782108976,gsm-1,osmo-stp-768687f494-qtbrq,1,2
1782108976,gsm-1,virtphy-858665df6d-jhx4v,8,4
1782108976,kube-system,coredns-c4dbffb5f-p9rsr,4,28
1782108976,kube-system,local-path-provisioner-5c4dc5d66d-nfqxz,1,16
1782108976,kube-system,metrics-server-786d997795-hcp2m,9,47
1782108976,kube-system,svclb-traefik-1100f998-kpm9h,0,0
1782108976,kube-system,traefik-9bcdbbd9-qtpjt,1,37
1782108978,gsm-1,msc-test-stub-5b875d749d-mlqds,11,15
1782108978,gsm-1,osmo-bsc-594654bd47-ddft9,2,5
1782108978,gsm-1,osmo-bts-virtual-5f8b9b86fc-sw8wz,10,7
1782108978,gsm-1,osmo-hlr-546bdb8988-fckq5,1,2
1782108978,gsm-1,osmo-mgw-8c8fc67d6-4bf2r,1,2
1782108978,gsm-1,osmo-mobile-947867b85-p6xzq,11,23
1782108978,gsm-1,osmo-stp-768687f494-qtbrq,1,2
1782108978,gsm-1,virtphy-858665df6d-jhx4v,8,4
1782108978,kube-system,coredns-c4dbffb5f-p9rsr,4,28
1782108978,kube-system,local-path-provisioner-5c4dc5d66d-nfqxz,1,16
1782108978,kube-system,metrics-server-786d997795-hcp2m,9,47
1782108978,kube-system,svclb-traefik-1100f998-kpm9h,0,0
1782108978,kube-system,traefik-9bcdbbd9-qtpjt,1,37
1782108980,gsm-1,msc-test-stub-5b875d749d-mlqds,11,15
1782108980,gsm-1,osmo-bsc-594654bd47-ddft9,2,5
1782108980,gsm-1,osmo-bts-virtual-5f8b9b86fc-sw8wz,10,7
1782108980,gsm-1,osmo-hlr-546bdb8988-fckq5,1,2
1782108980,gsm-1,osmo-mgw-8c8fc67d6-4bf2r,1,2
1782108980,gsm-1,osmo-mobile-947867b85-p6xzq,11,23
1782108980,gsm-1,osmo-stp-768687f494-qtbrq,1,2
1782108980,gsm-1,virtphy-858665df6d-jhx4v,8,4
1782108980,kube-system,coredns-c4dbffb5f-p9rsr,4,28
1782108980,kube-system,local-path-provisioner-5c4dc5d66d-nfqxz,1,16
1782108980,kube-system,metrics-server-786d997795-hcp2m,9,47
1782108980,kube-system,svclb-traefik-1100f998-kpm9h,0,0
1782108980,kube-system,traefik-9bcdbbd9-qtpjt,1,37
1782108982,gsm-1,msc-test-stub-5b875d749d-mlqds,11,15
1782108982,gsm-1,osmo-bsc-594654bd47-ddft9,2,5
1782108982,gsm-1,osmo-bts-virtual-5f8b9b86fc-sw8wz,10,7
1782108982,gsm-1,osmo-hlr-546bdb8988-fckq5,1,2
1782108982,gsm-1,osmo-mgw-8c8fc67d6-4bf2r,1,2
1782108982,gsm-1,osmo-mobile-947867b85-p6xzq,11,23
1782108982,gsm-1,osmo-stp-768687f494-qtbrq,1,2
1782108982,gsm-1,virtphy-858665df6d-jhx4v,8,4
1782108982,kube-system,coredns-c4dbffb5f-p9rsr,4,28
1782108982,kube-system,local-path-provisioner-5c4dc5d66d-nfqxz,1,16
1782108982,kube-system,metrics-server-786d997795-hcp2m,9,47
1782108982,kube-system,svclb-traefik-1100f998-kpm9h,0,0
1782108982,kube-system,traefik-9bcdbbd9-qtpjt,1,37
1782108985,gsm-1,msc-test-stub-5b875d749d-mlqds,11,15
1782108985,gsm-1,osmo-bsc-594654bd47-ddft9,2,5
1782108985,gsm-1,osmo-bts-virtual-5f8b9b86fc-sw8wz,10,7
1782108985,gsm-1,osmo-hlr-546bdb8988-fckq5,1,2
1782108985,gsm-1,osmo-mgw-8c8fc67d6-4bf2r,1,2
1782108985,gsm-1,osmo-mobile-947867b85-p6xzq,11,23
1782108985,gsm-1,osmo-stp-768687f494-qtbrq,1,2
1782108985,gsm-1,virtphy-858665df6d-jhx4v,8,4
1782108985,kube-system,coredns-c4dbffb5f-p9rsr,4,28
1782108985,kube-system,local-path-provisioner-5c4dc5d66d-nfqxz,1,16
1782108985,kube-system,metrics-server-786d997795-hcp2m,9,47
1782108985,kube-system,svclb-traefik-1100f998-kpm9h,0,0
1782108985,kube-system,traefik-9bcdbbd9-qtpjt,1,37
1782108987,gsm-1,msc-test-stub-5b875d749d-mlqds,3,16
1782108987,gsm-1,osmo-bsc-594654bd47-ddft9,1,5
1782108987,gsm-1,osmo-bts-virtual-5f8b9b86fc-sw8wz,11,8
1782108987,gsm-1,osmo-hlr-546bdb8988-fckq5,1,2
1782108987,gsm-1,osmo-mgw-8c8fc67d6-4bf2r,1,2
1782108987,gsm-1,osmo-mobile-947867b85-p6xzq,9,25
1782108987,gsm-1,osmo-stp-768687f494-qtbrq,1,2
1782108987,gsm-1,virtphy-858665df6d-jhx4v,10,4
1782108987,kube-system,coredns-c4dbffb5f-p9rsr,3,28
1782108987,kube-system,local-path-provisioner-5c4dc5d66d-nfqxz,1,16
1782108987,kube-system,metrics-server-786d997795-hcp2m,11,47
1782108987,kube-system,svclb-traefik-1100f998-kpm9h,0,0
1782108987,kube-system,traefik-9bcdbbd9-qtpjt,1,37
1782108990,gsm-1,msc-test-stub-5b875d749d-mlqds,3,16
1782108990,gsm-1,osmo-bsc-594654bd47-ddft9,1,5
1782108990,gsm-1,osmo-bts-virtual-5f8b9b86fc-sw8wz,11,8
1782108990,gsm-1,osmo-hlr-546bdb8988-fckq5,1,2
1782108990,gsm-1,osmo-mgw-8c8fc67d6-4bf2r,1,2
1782108990,gsm-1,osmo-mobile-947867b85-p6xzq,9,25
1782108990,gsm-1,osmo-stp-768687f494-qtbrq,1,2
1782108990,gsm-1,virtphy-858665df6d-jhx4v,10,4
1782108990,kube-system,coredns-c4dbffb5f-p9rsr,3,28
1782108990,kube-system,local-path-provisioner-5c4dc5d66d-nfqxz,1,16
1782108990,kube-system,metrics-server-786d997795-hcp2m,11,47
1782108990,kube-system,svclb-traefik-1100f998-kpm9h,0,0
1782108990,kube-system,traefik-9bcdbbd9-qtpjt,1,37
1782108992,gsm-1,msc-test-stub-5b875d749d-mlqds,3,16
1782108992,gsm-1,osmo-bsc-594654bd47-ddft9,1,5
1782108992,gsm-1,osmo-bts-virtual-5f8b9b86fc-sw8wz,11,8
1782108992,gsm-1,osmo-hlr-546bdb8988-fckq5,1,2
1782108992,gsm-1,osmo-mgw-8c8fc67d6-4bf2r,1,2
1782108992,gsm-1,osmo-mobile-947867b85-p6xzq,9,25
1782108992,gsm-1,osmo-stp-768687f494-qtbrq,1,2
1782108992,gsm-1,virtphy-858665df6d-jhx4v,10,4
1782108992,kube-system,coredns-c4dbffb5f-p9rsr,3,28
1782108992,kube-system,local-path-provisioner-5c4dc5d66d-nfqxz,1,16
1782108992,kube-system,metrics-server-786d997795-hcp2m,11,47
1782108992,kube-system,svclb-traefik-1100f998-kpm9h,0,0
1782108992,kube-system,traefik-9bcdbbd9-qtpjt,1,37
1782108994,gsm-1,msc-test-stub-5b875d749d-mlqds,3,16
1782108994,gsm-1,osmo-bsc-594654bd47-ddft9,1,5
1782108994,gsm-1,osmo-bts-virtual-5f8b9b86fc-sw8wz,11,8
1782108994,gsm-1,osmo-hlr-546bdb8988-fckq5,1,2
1782108994,gsm-1,osmo-mgw-8c8fc67d6-4bf2r,1,2
1782108994,gsm-1,osmo-mobile-947867b85-p6xzq,9,25
1782108994,gsm-1,osmo-stp-768687f494-qtbrq,1,2
1782108994,gsm-1,virtphy-858665df6d-jhx4v,10,4
1782108994,kube-system,coredns-c4dbffb5f-p9rsr,3,28
1782108994,kube-system,local-path-provisioner-5c4dc5d66d-nfqxz,1,16
1782108994,kube-system,metrics-server-786d997795-hcp2m,11,47
1782108994,kube-system,svclb-traefik-1100f998-kpm9h,0,0
1782108994,kube-system,traefik-9bcdbbd9-qtpjt,1,37
1782108996,gsm-1,msc-test-stub-5b875d749d-mlqds,3,16
1782108996,gsm-1,osmo-bsc-594654bd47-ddft9,1,5
1782108996,gsm-1,osmo-bts-virtual-5f8b9b86fc-sw8wz,11,8
1782108996,gsm-1,osmo-hlr-546bdb8988-fckq5,1,2
1782108996,gsm-1,osmo-mgw-8c8fc67d6-4bf2r,1,2
1782108996,gsm-1,osmo-mobile-947867b85-p6xzq,9,25
1782108996,gsm-1,osmo-stp-768687f494-qtbrq,1,2
1782108996,gsm-1,virtphy-858665df6d-jhx4v,10,4
1782108996,kube-system,coredns-c4dbffb5f-p9rsr,3,28
1782108996,kube-system,local-path-provisioner-5c4dc5d66d-nfqxz,1,16
1782108996,kube-system,metrics-server-786d997795-hcp2m,11,47
1782108996,kube-system,svclb-traefik-1100f998-kpm9h,0,0
1782108996,kube-system,traefik-9bcdbbd9-qtpjt,1,37
1782108998,gsm-1,msc-test-stub-5b875d749d-mlqds,3,16
1782108998,gsm-1,osmo-bsc-594654bd47-ddft9,1,5
1782108998,gsm-1,osmo-bts-virtual-5f8b9b86fc-sw8wz,11,8
1782108998,gsm-1,osmo-hlr-546bdb8988-fckq5,1,2
1782108998,gsm-1,osmo-mgw-8c8fc67d6-4bf2r,1,2
1782108998,gsm-1,osmo-mobile-947867b85-p6xzq,9,25
1782108998,gsm-1,osmo-stp-768687f494-qtbrq,1,2
1782108998,gsm-1,virtphy-858665df6d-jhx4v,10,4
1782108998,kube-system,coredns-c4dbffb5f-p9rsr,3,28
1782108998,kube-system,local-path-provisioner-5c4dc5d66d-nfqxz,1,16
1782108998,kube-system,metrics-server-786d997795-hcp2m,11,47
1782108998,kube-system,svclb-traefik-1100f998-kpm9h,0,0
1782108998,kube-system,traefik-9bcdbbd9-qtpjt,1,37
1782109000,gsm-1,msc-test-stub-5b875d749d-mlqds,3,16
1782109000,gsm-1,osmo-bsc-594654bd47-ddft9,1,5
1782109000,gsm-1,osmo-bts-virtual-5f8b9b86fc-sw8wz,11,8
1782109000,gsm-1,osmo-hlr-546bdb8988-fckq5,1,2
1782109000,gsm-1,osmo-mgw-8c8fc67d6-4bf2r,1,2
1782109000,gsm-1,osmo-mobile-947867b85-p6xzq,9,25
1782109000,gsm-1,osmo-stp-768687f494-qtbrq,1,2
1782109000,gsm-1,virtphy-858665df6d-jhx4v,10,4
1782109000,kube-system,coredns-c4dbffb5f-p9rsr,3,28
1782109000,kube-system,local-path-provisioner-5c4dc5d66d-nfqxz,1,16
1782109000,kube-system,metrics-server-786d997795-hcp2m,11,47
1782109000,kube-system,svclb-traefik-1100f998-kpm9h,0,0
1782109000,kube-system,traefik-9bcdbbd9-qtpjt,1,37
1782109002,gsm-1,msc-test-stub-5b875d749d-mlqds,1,16
1782109002,gsm-1,osmo-bsc-594654bd47-ddft9,1,5
1782109002,gsm-1,osmo-bts-virtual-5f8b9b86fc-sw8wz,10,7
1782109002,gsm-1,osmo-hlr-546bdb8988-fckq5,1,2
1782109002,gsm-1,osmo-mgw-8c8fc67d6-4bf2r,1,2
1782109002,gsm-1,osmo-mobile-947867b85-p6xzq,7,28
1782109002,gsm-1,osmo-stp-768687f494-qtbrq,1,2
1782109002,gsm-1,virtphy-858665df6d-jhx4v,10,4
1782109002,kube-system,coredns-c4dbffb5f-p9rsr,3,28
1782109002,kube-system,local-path-provisioner-5c4dc5d66d-nfqxz,1,16
1782109002,kube-system,metrics-server-786d997795-hcp2m,9,47
1782109002,kube-system,svclb-traefik-1100f998-kpm9h,0,0
1782109002,kube-system,traefik-9bcdbbd9-qtpjt,1,37
1782109005,gsm-1,msc-test-stub-5b875d749d-mlqds,1,16
1782109005,gsm-1,osmo-bsc-594654bd47-ddft9,1,5
1782109005,gsm-1,osmo-bts-virtual-5f8b9b86fc-sw8wz,10,7
1782109005,gsm-1,osmo-hlr-546bdb8988-fckq5,1,2
1782109005,gsm-1,osmo-mgw-8c8fc67d6-4bf2r,1,2
1782109005,gsm-1,osmo-mobile-947867b85-p6xzq,7,28
1782109005,gsm-1,osmo-stp-768687f494-qtbrq,1,2
1782109005,gsm-1,virtphy-858665df6d-jhx4v,10,4
1782109005,kube-system,coredns-c4dbffb5f-p9rsr,3,28
1782109005,kube-system,local-path-provisioner-5c4dc5d66d-nfqxz,1,16
1782109005,kube-system,metrics-server-786d997795-hcp2m,9,47
1782109005,kube-system,svclb-traefik-1100f998-kpm9h,0,0
1782109005,kube-system,traefik-9bcdbbd9-qtpjt,1,37
1782109007,gsm-1,msc-test-stub-5b875d749d-mlqds,1,16
1782109007,gsm-1,osmo-bsc-594654bd47-ddft9,1,5
1782109007,gsm-1,osmo-bts-virtual-5f8b9b86fc-sw8wz,10,7
1782109007,gsm-1,osmo-hlr-546bdb8988-fckq5,1,2
1782109007,gsm-1,osmo-mgw-8c8fc67d6-4bf2r,1,2
1782109007,gsm-1,osmo-mobile-947867b85-p6xzq,7,28
1782109007,gsm-1,osmo-stp-768687f494-qtbrq,1,2
1782109007,gsm-1,virtphy-858665df6d-jhx4v,10,4
1782109007,kube-system,coredns-c4dbffb5f-p9rsr,3,28
1782109007,kube-system,local-path-provisioner-5c4dc5d66d-nfqxz,1,16
1782109007,kube-system,metrics-server-786d997795-hcp2m,9,47
1782109007,kube-system,svclb-traefik-1100f998-kpm9h,0,0
1782109007,kube-system,traefik-9bcdbbd9-qtpjt,1,37
1782109009,gsm-1,msc-test-stub-5b875d749d-mlqds,1,16
1782109009,gsm-1,osmo-bsc-594654bd47-ddft9,1,5
1782109009,gsm-1,osmo-bts-virtual-5f8b9b86fc-sw8wz,10,7
1782109009,gsm-1,osmo-hlr-546bdb8988-fckq5,1,2
1782109009,gsm-1,osmo-mgw-8c8fc67d6-4bf2r,1,2
1782109009,gsm-1,osmo-mobile-947867b85-p6xzq,7,28
1782109009,gsm-1,osmo-stp-768687f494-qtbrq,1,2
1782109009,gsm-1,virtphy-858665df6d-jhx4v,10,4
1782109009,kube-system,coredns-c4dbffb5f-p9rsr,3,28
1782109009,kube-system,local-path-provisioner-5c4dc5d66d-nfqxz,1,16
1782109009,kube-system,metrics-server-786d997795-hcp2m,9,47
1782109009,kube-system,svclb-traefik-1100f998-kpm9h,0,0
1782109009,kube-system,traefik-9bcdbbd9-qtpjt,1,37
1782109011,gsm-1,msc-test-stub-5b875d749d-mlqds,1,16
1782109011,gsm-1,osmo-bsc-594654bd47-ddft9,1,5
1782109011,gsm-1,osmo-bts-virtual-5f8b9b86fc-sw8wz,10,7
1782109011,gsm-1,osmo-hlr-546bdb8988-fckq5,1,2
1782109011,gsm-1,osmo-mgw-8c8fc67d6-4bf2r,1,2
1782109011,gsm-1,osmo-mobile-947867b85-p6xzq,7,28
1782109011,gsm-1,osmo-stp-768687f494-qtbrq,1,2
1782109011,gsm-1,virtphy-858665df6d-jhx4v,10,4
1782109011,kube-system,coredns-c4dbffb5f-p9rsr,3,28
1782109011,kube-system,local-path-provisioner-5c4dc5d66d-nfqxz,1,16
1782109011,kube-system,metrics-server-786d997795-hcp2m,9,47
1782109011,kube-system,svclb-traefik-1100f998-kpm9h,0,0
1782109011,kube-system,traefik-9bcdbbd9-qtpjt,1,37
1782109014,gsm-1,msc-test-stub-5b875d749d-mlqds,1,16
1782109014,gsm-1,osmo-bsc-594654bd47-ddft9,1,5
1782109014,gsm-1,osmo-bts-virtual-5f8b9b86fc-sw8wz,10,7
1782109014,gsm-1,osmo-hlr-546bdb8988-fckq5,1,2
1782109014,gsm-1,osmo-mgw-8c8fc67d6-4bf2r,1,2
1782109014,gsm-1,osmo-mobile-947867b85-p6xzq,7,28
1782109014,gsm-1,osmo-stp-768687f494-qtbrq,1,2
1782109014,gsm-1,virtphy-858665df6d-jhx4v,10,4
1782109014,kube-system,coredns-c4dbffb5f-p9rsr,3,28
1782109014,kube-system,local-path-provisioner-5c4dc5d66d-nfqxz,1,16
1782109014,kube-system,metrics-server-786d997795-hcp2m,9,47
1782109014,kube-system,svclb-traefik-1100f998-kpm9h,0,0
1782109014,kube-system,traefik-9bcdbbd9-qtpjt,1,37
1782109016,gsm-1,msc-test-stub-5b875d749d-mlqds,1,16
1782109016,gsm-1,osmo-bsc-594654bd47-ddft9,1,5
1782109016,gsm-1,osmo-bts-virtual-5f8b9b86fc-sw8wz,10,7
1782109016,gsm-1,osmo-hlr-546bdb8988-fckq5,1,2
1782109016,gsm-1,osmo-mgw-8c8fc67d6-4bf2r,1,2
1782109016,gsm-1,osmo-mobile-947867b85-p6xzq,7,28
1782109016,gsm-1,osmo-stp-768687f494-qtbrq,1,2
1782109016,gsm-1,virtphy-858665df6d-jhx4v,10,4
1782109016,kube-system,coredns-c4dbffb5f-p9rsr,3,28
1782109016,kube-system,local-path-provisioner-5c4dc5d66d-nfqxz,1,16
1782109016,kube-system,metrics-server-786d997795-hcp2m,9,47
1782109016,kube-system,svclb-traefik-1100f998-kpm9h,0,0
1782109016,kube-system,traefik-9bcdbbd9-qtpjt,1,37
1782109018,gsm-1,msc-test-stub-5b875d749d-mlqds,1,16
1782109018,gsm-1,osmo-bsc-594654bd47-ddft9,1,5
1782109018,gsm-1,osmo-bts-virtual-5f8b9b86fc-sw8wz,11,5
1782109018,gsm-1,osmo-hlr-546bdb8988-fckq5,1,2
1782109018,gsm-1,osmo-mgw-8c8fc67d6-4bf2r,1,2
1782109018,gsm-1,osmo-mobile-947867b85-p6xzq,3,28
1782109018,gsm-1,osmo-stp-768687f494-qtbrq,1,2
1782109018,gsm-1,virtphy-858665df6d-jhx4v,10,2
1782109018,kube-system,coredns-c4dbffb5f-p9rsr,3,28
1782109018,kube-system,local-path-provisioner-5c4dc5d66d-nfqxz,1,16
1782109018,kube-system,metrics-server-786d997795-hcp2m,9,47
1782109018,kube-system,svclb-traefik-1100f998-kpm9h,0,0
1782109018,kube-system,traefik-9bcdbbd9-qtpjt,1,37
1782109020,gsm-1,msc-test-stub-5b875d749d-mlqds,1,16
1782109020,gsm-1,osmo-bsc-594654bd47-ddft9,1,5
1782109020,gsm-1,osmo-bts-virtual-5f8b9b86fc-sw8wz,11,5
1782109020,gsm-1,osmo-hlr-546bdb8988-fckq5,1,2
1782109020,gsm-1,osmo-mgw-8c8fc67d6-4bf2r,1,2
1782109020,gsm-1,osmo-mobile-947867b85-p6xzq,3,28
1782109020,gsm-1,osmo-stp-768687f494-qtbrq,1,2
1782109020,gsm-1,virtphy-858665df6d-jhx4v,10,2
1782109020,kube-system,coredns-c4dbffb5f-p9rsr,3,28
1782109020,kube-system,local-path-provisioner-5c4dc5d66d-nfqxz,1,16
1782109020,kube-system,metrics-server-786d997795-hcp2m,9,47
1782109020,kube-system,svclb-traefik-1100f998-kpm9h,0,0
1782109020,kube-system,traefik-9bcdbbd9-qtpjt,1,37
1782109022,gsm-1,msc-test-stub-5b875d749d-mlqds,1,16
1782109022,gsm-1,osmo-bsc-594654bd47-ddft9,1,5
1782109022,gsm-1,osmo-bts-virtual-5f8b9b86fc-sw8wz,11,5
1782109022,gsm-1,osmo-hlr-546bdb8988-fckq5,1,2
1782109022,gsm-1,osmo-mgw-8c8fc67d6-4bf2r,1,2
1782109022,gsm-1,osmo-mobile-947867b85-p6xzq,3,28
1782109022,gsm-1,osmo-stp-768687f494-qtbrq,1,2
1782109022,gsm-1,virtphy-858665df6d-jhx4v,10,2
1782109022,kube-system,coredns-c4dbffb5f-p9rsr,3,28
1782109022,kube-system,local-path-provisioner-5c4dc5d66d-nfqxz,1,16
1782109022,kube-system,metrics-server-786d997795-hcp2m,9,47
1782109022,kube-system,svclb-traefik-1100f998-kpm9h,0,0
1782109022,kube-system,traefik-9bcdbbd9-qtpjt,1,37
1782109024,gsm-1,msc-test-stub-5b875d749d-mlqds,1,16
1782109024,gsm-1,osmo-bsc-594654bd47-ddft9,1,5
1782109024,gsm-1,osmo-bts-virtual-5f8b9b86fc-sw8wz,11,5
1782109024,gsm-1,osmo-hlr-546bdb8988-fckq5,1,2
1782109024,gsm-1,osmo-mgw-8c8fc67d6-4bf2r,1,2
1782109024,gsm-1,osmo-mobile-947867b85-p6xzq,3,28
1782109024,gsm-1,osmo-stp-768687f494-qtbrq,1,2
1782109024,gsm-1,virtphy-858665df6d-jhx4v,10,2
1782109024,kube-system,coredns-c4dbffb5f-p9rsr,3,28
1782109024,kube-system,local-path-provisioner-5c4dc5d66d-nfqxz,1,16
1782109024,kube-system,metrics-server-786d997795-hcp2m,9,47
1782109024,kube-system,svclb-traefik-1100f998-kpm9h,0,0
1782109024,kube-system,traefik-9bcdbbd9-qtpjt,1,37
1782109026,gsm-1,msc-test-stub-5b875d749d-mlqds,1,16
1782109026,gsm-1,osmo-bsc-594654bd47-ddft9,1,5
1782109026,gsm-1,osmo-bts-virtual-5f8b9b86fc-sw8wz,11,5
1782109026,gsm-1,osmo-hlr-546bdb8988-fckq5,1,2
1782109026,gsm-1,osmo-mgw-8c8fc67d6-4bf2r,1,2
1782109026,gsm-1,osmo-mobile-947867b85-p6xzq,3,28
1782109026,gsm-1,osmo-stp-768687f494-qtbrq,1,2
1782109026,gsm-1,virtphy-858665df6d-jhx4v,10,2
1782109026,kube-system,coredns-c4dbffb5f-p9rsr,3,28
1782109026,kube-system,local-path-provisioner-5c4dc5d66d-nfqxz,1,16
1782109026,kube-system,metrics-server-786d997795-hcp2m,9,47
1782109026,kube-system,svclb-traefik-1100f998-kpm9h,0,0
1782109026,kube-system,traefik-9bcdbbd9-qtpjt,1,37
1782109028,gsm-1,msc-test-stub-5b875d749d-mlqds,1,16
1782109028,gsm-1,osmo-bsc-594654bd47-ddft9,1,5
1782109028,gsm-1,osmo-bts-virtual-5f8b9b86fc-sw8wz,11,5
1782109028,gsm-1,osmo-hlr-546bdb8988-fckq5,1,2
1782109028,gsm-1,osmo-mgw-8c8fc67d6-4bf2r,1,2
1782109028,gsm-1,osmo-mobile-947867b85-p6xzq,3,28
1782109028,gsm-1,osmo-stp-768687f494-qtbrq,1,2
1782109028,gsm-1,virtphy-858665df6d-jhx4v,10,2
1782109028,kube-system,coredns-c4dbffb5f-p9rsr,3,28
1782109028,kube-system,local-path-provisioner-5c4dc5d66d-nfqxz,1,16
1782109028,kube-system,metrics-server-786d997795-hcp2m,9,47
1782109028,kube-system,svclb-traefik-1100f998-kpm9h,0,0
1782109028,kube-system,traefik-9bcdbbd9-qtpjt,1,37
1782109031,gsm-1,msc-test-stub-5b875d749d-mlqds,1,16
1782109031,gsm-1,osmo-bsc-594654bd47-ddft9,1,5
1782109031,gsm-1,osmo-bts-virtual-5f8b9b86fc-sw8wz,11,5
1782109031,gsm-1,osmo-hlr-546bdb8988-fckq5,1,2
1782109031,gsm-1,osmo-mgw-8c8fc67d6-4bf2r,1,2
1782109031,gsm-1,osmo-mobile-947867b85-p6xzq,3,28
1782109031,gsm-1,osmo-stp-768687f494-qtbrq,1,2
1782109031,gsm-1,virtphy-858665df6d-jhx4v,10,2
1782109031,kube-system,coredns-c4dbffb5f-p9rsr,3,28
1782109031,kube-system,local-path-provisioner-5c4dc5d66d-nfqxz,1,16
1782109031,kube-system,metrics-server-786d997795-hcp2m,9,47
1782109031,kube-system,svclb-traefik-1100f998-kpm9h,0,0
1782109031,kube-system,traefik-9bcdbbd9-qtpjt,1,37
1782109034,gsm-1,msc-test-stub-5b875d749d-mlqds,1,16
1782109034,gsm-1,osmo-bsc-594654bd47-ddft9,1,5
1782109034,gsm-1,osmo-bts-virtual-5f8b9b86fc-sw8wz,11,5
1782109034,gsm-1,osmo-hlr-546bdb8988-fckq5,1,2
1782109034,gsm-1,osmo-mgw-8c8fc67d6-4bf2r,1,2
1782109034,gsm-1,osmo-mobile-947867b85-p6xzq,3,28
1782109034,gsm-1,osmo-stp-768687f494-qtbrq,1,2
1782109034,gsm-1,virtphy-858665df6d-jhx4v,10,2
1782109034,kube-system,coredns-c4dbffb5f-p9rsr,3,28
1782109034,kube-system,local-path-provisioner-5c4dc5d66d-nfqxz,1,16
1782109034,kube-system,metrics-server-786d997795-hcp2m,9,47
1782109034,kube-system,svclb-traefik-1100f998-kpm9h,0,0
1782109034,kube-system,traefik-9bcdbbd9-qtpjt,1,37
1782109036,gsm-1,msc-test-stub-5b875d749d-mlqds,3,19
1782109036,gsm-1,osmo-bsc-594654bd47-ddft9,1,5
1782109036,gsm-1,osmo-bts-virtual-5f8b9b86fc-sw8wz,10,6
1782109036,gsm-1,osmo-hlr-546bdb8988-fckq5,1,2
1782109036,gsm-1,osmo-mgw-8c8fc67d6-4bf2r,1,2
1782109036,gsm-1,osmo-mobile-947867b85-p6xzq,3,28
1782109036,gsm-1,osmo-stp-768687f494-qtbrq,1,2
1782109036,gsm-1,virtphy-858665df6d-jhx4v,8,1
1782109036,kube-system,coredns-c4dbffb5f-p9rsr,3,28
1782109036,kube-system,local-path-provisioner-5c4dc5d66d-nfqxz,1,16
1782109036,kube-system,metrics-server-786d997795-hcp2m,8,47
1782109036,kube-system,svclb-traefik-1100f998-kpm9h,0,0
1782109036,kube-system,traefik-9bcdbbd9-qtpjt,3,37
1782109038,gsm-1,msc-test-stub-5b875d749d-mlqds,3,19
1782109038,gsm-1,osmo-bsc-594654bd47-ddft9,1,5
1782109038,gsm-1,osmo-bts-virtual-5f8b9b86fc-sw8wz,10,6
1782109038,gsm-1,osmo-hlr-546bdb8988-fckq5,1,2
1782109038,gsm-1,osmo-mgw-8c8fc67d6-4bf2r,1,2
1782109038,gsm-1,osmo-mobile-947867b85-p6xzq,3,28
1782109038,gsm-1,osmo-stp-768687f494-qtbrq,1,2
1782109038,gsm-1,virtphy-858665df6d-jhx4v,8,1
1782109038,kube-system,coredns-c4dbffb5f-p9rsr,3,28
1782109038,kube-system,local-path-provisioner-5c4dc5d66d-nfqxz,1,16
1782109038,kube-system,metrics-server-786d997795-hcp2m,8,47
1782109038,kube-system,svclb-traefik-1100f998-kpm9h,0,0
1782109038,kube-system,traefik-9bcdbbd9-qtpjt,3,37
1782109041,gsm-1,msc-test-stub-5b875d749d-mlqds,3,19
1782109041,gsm-1,osmo-bsc-594654bd47-ddft9,1,5
1782109041,gsm-1,osmo-bts-virtual-5f8b9b86fc-sw8wz,10,6
1782109041,gsm-1,osmo-hlr-546bdb8988-fckq5,1,2
1782109041,gsm-1,osmo-mgw-8c8fc67d6-4bf2r,1,2
1782109041,gsm-1,osmo-mobile-947867b85-p6xzq,3,28
1782109041,gsm-1,osmo-stp-768687f494-qtbrq,1,2
1782109041,gsm-1,virtphy-858665df6d-jhx4v,8,1
1782109041,kube-system,coredns-c4dbffb5f-p9rsr,3,28
1782109041,kube-system,local-path-provisioner-5c4dc5d66d-nfqxz,1,16
1782109041,kube-system,metrics-server-786d997795-hcp2m,8,47
1782109041,kube-system,svclb-traefik-1100f998-kpm9h,0,0
1782109041,kube-system,traefik-9bcdbbd9-qtpjt,3,37
1782109043,gsm-1,msc-test-stub-5b875d749d-mlqds,3,19
1782109043,gsm-1,osmo-bsc-594654bd47-ddft9,1,5
1782109043,gsm-1,osmo-bts-virtual-5f8b9b86fc-sw8wz,10,6
1782109043,gsm-1,osmo-hlr-546bdb8988-fckq5,1,2
1782109043,gsm-1,osmo-mgw-8c8fc67d6-4bf2r,1,2
1782109043,gsm-1,osmo-mobile-947867b85-p6xzq,3,28
1782109043,gsm-1,osmo-stp-768687f494-qtbrq,1,2
1782109043,gsm-1,virtphy-858665df6d-jhx4v,8,1
1782109043,kube-system,coredns-c4dbffb5f-p9rsr,3,28
1782109043,kube-system,local-path-provisioner-5c4dc5d66d-nfqxz,1,16
1782109043,kube-system,metrics-server-786d997795-hcp2m,8,47
1782109043,kube-system,svclb-traefik-1100f998-kpm9h,0,0
1782109043,kube-system,traefik-9bcdbbd9-qtpjt,3,37
1782109045,gsm-1,msc-test-stub-5b875d749d-mlqds,3,19
1782109045,gsm-1,osmo-bsc-594654bd47-ddft9,1,5
1782109045,gsm-1,osmo-bts-virtual-5f8b9b86fc-sw8wz,10,6
1782109045,gsm-1,osmo-hlr-546bdb8988-fckq5,1,2
1782109045,gsm-1,osmo-mgw-8c8fc67d6-4bf2r,1,2
1782109045,gsm-1,osmo-mobile-947867b85-p6xzq,3,28
1782109045,gsm-1,osmo-stp-768687f494-qtbrq,1,2
1782109045,gsm-1,virtphy-858665df6d-jhx4v,8,1
1782109045,kube-system,coredns-c4dbffb5f-p9rsr,3,28
1782109045,kube-system,local-path-provisioner-5c4dc5d66d-nfqxz,1,16
1782109045,kube-system,metrics-server-786d997795-hcp2m,8,47
1782109045,kube-system,svclb-traefik-1100f998-kpm9h,0,0
1782109045,kube-system,traefik-9bcdbbd9-qtpjt,3,37
1782109047,gsm-1,msc-test-stub-5b875d749d-mlqds,2,16
1782109047,gsm-1,osmo-bsc-594654bd47-ddft9,1,5
1782109047,gsm-1,osmo-bts-virtual-5f8b9b86fc-sw8wz,11,8
1782109047,gsm-1,osmo-hlr-546bdb8988-fckq5,1,2
1782109047,gsm-1,osmo-mgw-8c8fc67d6-4bf2r,1,2
1782109047,gsm-1,osmo-mobile-947867b85-p6xzq,3,28
1782109047,gsm-1,osmo-stp-768687f494-qtbrq,1,2
1782109047,gsm-1,virtphy-858665df6d-jhx4v,9,1
1782109047,kube-system,coredns-c4dbffb5f-p9rsr,3,28
1782109047,kube-system,local-path-provisioner-5c4dc5d66d-nfqxz,1,16
1782109047,kube-system,metrics-server-786d997795-hcp2m,10,47
1782109047,kube-system,svclb-traefik-1100f998-kpm9h,0,0
1782109047,kube-system,traefik-9bcdbbd9-qtpjt,1,37
1782109049,gsm-1,msc-test-stub-5b875d749d-mlqds,2,16
1782109049,gsm-1,osmo-bsc-594654bd47-ddft9,1,5
1782109049,gsm-1,osmo-bts-virtual-5f8b9b86fc-sw8wz,11,8
1782109049,gsm-1,osmo-hlr-546bdb8988-fckq5,1,2
1782109049,gsm-1,osmo-mgw-8c8fc67d6-4bf2r,1,2
1782109049,gsm-1,osmo-mobile-947867b85-p6xzq,3,28
1782109049,gsm-1,osmo-stp-768687f494-qtbrq,1,2
1782109049,gsm-1,virtphy-858665df6d-jhx4v,9,1
1782109049,kube-system,coredns-c4dbffb5f-p9rsr,3,28
1782109049,kube-system,local-path-provisioner-5c4dc5d66d-nfqxz,1,16
1782109049,kube-system,metrics-server-786d997795-hcp2m,10,47
1782109049,kube-system,svclb-traefik-1100f998-kpm9h,0,0
1782109049,kube-system,traefik-9bcdbbd9-qtpjt,1,37
1782109052,gsm-1,msc-test-stub-5b875d749d-mlqds,2,16
1782109052,gsm-1,osmo-bsc-594654bd47-ddft9,1,5
1782109052,gsm-1,osmo-bts-virtual-5f8b9b86fc-sw8wz,11,8
1782109052,gsm-1,osmo-hlr-546bdb8988-fckq5,1,2
1782109052,gsm-1,osmo-mgw-8c8fc67d6-4bf2r,1,2
1782109052,gsm-1,osmo-mobile-947867b85-p6xzq,3,28
1782109052,gsm-1,osmo-stp-768687f494-qtbrq,1,2
1782109052,gsm-1,virtphy-858665df6d-jhx4v,9,1
1782109052,kube-system,coredns-c4dbffb5f-p9rsr,3,28
1782109052,kube-system,local-path-provisioner-5c4dc5d66d-nfqxz,1,16
1782109052,kube-system,metrics-server-786d997795-hcp2m,10,47
1782109052,kube-system,svclb-traefik-1100f998-kpm9h,0,0
1782109052,kube-system,traefik-9bcdbbd9-qtpjt,1,37
1782109054,gsm-1,msc-test-stub-5b875d749d-mlqds,2,16
1782109054,gsm-1,osmo-bsc-594654bd47-ddft9,1,5
1782109054,gsm-1,osmo-bts-virtual-5f8b9b86fc-sw8wz,11,8
1782109054,gsm-1,osmo-hlr-546bdb8988-fckq5,1,2
1782109054,gsm-1,osmo-mgw-8c8fc67d6-4bf2r,1,2
1782109054,gsm-1,osmo-mobile-947867b85-p6xzq,3,28
1782109054,gsm-1,osmo-stp-768687f494-qtbrq,1,2
1782109054,gsm-1,virtphy-858665df6d-jhx4v,9,1
1782109054,kube-system,coredns-c4dbffb5f-p9rsr,3,28
1782109054,kube-system,local-path-provisioner-5c4dc5d66d-nfqxz,1,16
1782109054,kube-system,metrics-server-786d997795-hcp2m,10,47
1782109054,kube-system,svclb-traefik-1100f998-kpm9h,0,0
1782109054,kube-system,traefik-9bcdbbd9-qtpjt,1,37
1782109056,gsm-1,msc-test-stub-5b875d749d-mlqds,2,16
1782109056,gsm-1,osmo-bsc-594654bd47-ddft9,1,5
1782109056,gsm-1,osmo-bts-virtual-5f8b9b86fc-sw8wz,11,8
1782109056,gsm-1,osmo-hlr-546bdb8988-fckq5,1,2
1782109056,gsm-1,osmo-mgw-8c8fc67d6-4bf2r,1,2
1782109056,gsm-1,osmo-mobile-947867b85-p6xzq,3,28
1782109056,gsm-1,osmo-stp-768687f494-qtbrq,1,2
1782109056,gsm-1,virtphy-858665df6d-jhx4v,9,1
1782109056,kube-system,coredns-c4dbffb5f-p9rsr,3,28
1782109056,kube-system,local-path-provisioner-5c4dc5d66d-nfqxz,1,16
1782109056,kube-system,metrics-server-786d997795-hcp2m,10,47
1782109056,kube-system,svclb-traefik-1100f998-kpm9h,0,0
1782109056,kube-system,traefik-9bcdbbd9-qtpjt,1,37
1782109058,gsm-1,msc-test-stub-5b875d749d-mlqds,2,16
1782109058,gsm-1,osmo-bsc-594654bd47-ddft9,1,5
1782109058,gsm-1,osmo-bts-virtual-5f8b9b86fc-sw8wz,11,8
1782109058,gsm-1,osmo-hlr-546bdb8988-fckq5,1,2
1782109058,gsm-1,osmo-mgw-8c8fc67d6-4bf2r,1,2
1782109058,gsm-1,osmo-mobile-947867b85-p6xzq,3,28
1782109058,gsm-1,osmo-stp-768687f494-qtbrq,1,2
1782109058,gsm-1,virtphy-858665df6d-jhx4v,9,1
1782109058,kube-system,coredns-c4dbffb5f-p9rsr,3,28
1782109058,kube-system,local-path-provisioner-5c4dc5d66d-nfqxz,1,16
1782109058,kube-system,metrics-server-786d997795-hcp2m,10,47
1782109058,kube-system,svclb-traefik-1100f998-kpm9h,0,0
1782109058,kube-system,traefik-9bcdbbd9-qtpjt,1,37
1782109060,gsm-1,msc-test-stub-5b875d749d-mlqds,2,16
1782109060,gsm-1,osmo-bsc-594654bd47-ddft9,1,5
1782109060,gsm-1,osmo-bts-virtual-5f8b9b86fc-sw8wz,11,8
1782109060,gsm-1,osmo-hlr-546bdb8988-fckq5,1,2
1782109060,gsm-1,osmo-mgw-8c8fc67d6-4bf2r,1,2
1782109060,gsm-1,osmo-mobile-947867b85-p6xzq,3,28
1782109060,gsm-1,osmo-stp-768687f494-qtbrq,1,2
1782109060,gsm-1,virtphy-858665df6d-jhx4v,9,1
1782109060,kube-system,coredns-c4dbffb5f-p9rsr,3,28
1782109060,kube-system,local-path-provisioner-5c4dc5d66d-nfqxz,1,16
1782109060,kube-system,metrics-server-786d997795-hcp2m,10,47
1782109060,kube-system,svclb-traefik-1100f998-kpm9h,0,0
1782109060,kube-system,traefik-9bcdbbd9-qtpjt,1,37
1782109063,gsm-1,msc-test-stub-5b875d749d-mlqds,1,16
1782109063,gsm-1,osmo-bsc-594654bd47-ddft9,1,5
1782109063,gsm-1,osmo-bts-virtual-5f8b9b86fc-sw8wz,11,8
1782109063,gsm-1,osmo-hlr-546bdb8988-fckq5,1,2
1782109063,gsm-1,osmo-mgw-8c8fc67d6-4bf2r,1,2
1782109063,gsm-1,osmo-mobile-947867b85-p6xzq,3,28
1782109063,gsm-1,osmo-stp-768687f494-qtbrq,1,2
1782109063,gsm-1,ttcn3-tc-26-6-1-1-1-vvrw7,10,2
1782109063,gsm-1,virtphy-858665df6d-jhx4v,9,1
1782109063,kube-system,coredns-c4dbffb5f-p9rsr,3,28
1782109063,kube-system,local-path-provisioner-5c4dc5d66d-nfqxz,1,16
1782109063,kube-system,metrics-server-786d997795-hcp2m,8,47
1782109063,kube-system,svclb-traefik-1100f998-kpm9h,0,0
1782109063,kube-system,traefik-9bcdbbd9-qtpjt,1,37
1782109065,gsm-1,msc-test-stub-5b875d749d-mlqds,1,16
1782109065,gsm-1,osmo-bsc-594654bd47-ddft9,1,5
1782109065,gsm-1,osmo-bts-virtual-5f8b9b86fc-sw8wz,11,8
1782109065,gsm-1,osmo-hlr-546bdb8988-fckq5,1,2
1782109065,gsm-1,osmo-mgw-8c8fc67d6-4bf2r,1,2
1782109065,gsm-1,osmo-mobile-947867b85-p6xzq,3,28
1782109065,gsm-1,osmo-stp-768687f494-qtbrq,1,2
1782109065,gsm-1,ttcn3-tc-26-6-1-1-1-vvrw7,10,2
1782109065,gsm-1,virtphy-858665df6d-jhx4v,9,1
1782109065,kube-system,coredns-c4dbffb5f-p9rsr,3,28
1782109065,kube-system,local-path-provisioner-5c4dc5d66d-nfqxz,1,16
1782109065,kube-system,metrics-server-786d997795-hcp2m,8,47
1782109065,kube-system,svclb-traefik-1100f998-kpm9h,0,0
1782109065,kube-system,traefik-9bcdbbd9-qtpjt,1,37
1782109067,gsm-1,msc-test-stub-5b875d749d-mlqds,1,16
1782109067,gsm-1,osmo-bsc-594654bd47-ddft9,1,5
1782109067,gsm-1,osmo-bts-virtual-5f8b9b86fc-sw8wz,11,8
1782109067,gsm-1,osmo-hlr-546bdb8988-fckq5,1,2
1782109067,gsm-1,osmo-mgw-8c8fc67d6-4bf2r,1,2
1782109067,gsm-1,osmo-mobile-947867b85-p6xzq,3,28
1782109067,gsm-1,osmo-stp-768687f494-qtbrq,1,2
1782109067,gsm-1,ttcn3-tc-26-6-1-1-1-vvrw7,10,2
1782109067,gsm-1,virtphy-858665df6d-jhx4v,9,1
1782109067,kube-system,coredns-c4dbffb5f-p9rsr,3,28
1782109067,kube-system,local-path-provisioner-5c4dc5d66d-nfqxz,1,16
1782109067,kube-system,metrics-server-786d997795-hcp2m,8,47
1782109067,kube-system,svclb-traefik-1100f998-kpm9h,0,0
1782109067,kube-system,traefik-9bcdbbd9-qtpjt,1,37
1782109069,gsm-1,msc-test-stub-5b875d749d-mlqds,1,16
1782109069,gsm-1,osmo-bsc-594654bd47-ddft9,1,5
1782109069,gsm-1,osmo-bts-virtual-5f8b9b86fc-sw8wz,11,8
1782109069,gsm-1,osmo-hlr-546bdb8988-fckq5,1,2
1782109069,gsm-1,osmo-mgw-8c8fc67d6-4bf2r,1,2
1782109069,gsm-1,osmo-mobile-947867b85-p6xzq,3,28
1782109069,gsm-1,osmo-stp-768687f494-qtbrq,1,2
1782109069,gsm-1,ttcn3-tc-26-6-1-1-1-vvrw7,10,2
1782109069,gsm-1,virtphy-858665df6d-jhx4v,9,1
1782109069,kube-system,coredns-c4dbffb5f-p9rsr,3,28
1782109069,kube-system,local-path-provisioner-5c4dc5d66d-nfqxz,1,16
1782109069,kube-system,metrics-server-786d997795-hcp2m,8,47
1782109069,kube-system,svclb-traefik-1100f998-kpm9h,0,0
1782109069,kube-system,traefik-9bcdbbd9-qtpjt,1,37
1782109072,gsm-1,msc-test-stub-5b875d749d-mlqds,1,16
1782109072,gsm-1,osmo-bsc-594654bd47-ddft9,1,5
1782109072,gsm-1,osmo-bts-virtual-5f8b9b86fc-sw8wz,11,8
1782109072,gsm-1,osmo-hlr-546bdb8988-fckq5,1,2
1782109072,gsm-1,osmo-mgw-8c8fc67d6-4bf2r,1,2
1782109072,gsm-1,osmo-mobile-947867b85-p6xzq,3,28
1782109072,gsm-1,osmo-stp-768687f494-qtbrq,1,2
1782109072,gsm-1,ttcn3-tc-26-6-1-1-1-vvrw7,10,2
1782109072,gsm-1,virtphy-858665df6d-jhx4v,9,1
1782109072,kube-system,coredns-c4dbffb5f-p9rsr,3,28
1782109072,kube-system,local-path-provisioner-5c4dc5d66d-nfqxz,1,16
1782109072,kube-system,metrics-server-786d997795-hcp2m,8,47
1782109072,kube-system,svclb-traefik-1100f998-kpm9h,0,0
1782109072,kube-system,traefik-9bcdbbd9-qtpjt,1,37
1782109074,gsm-1,msc-test-stub-5b875d749d-mlqds,1,16
1782109074,gsm-1,osmo-bsc-594654bd47-ddft9,1,5
1782109074,gsm-1,osmo-bts-virtual-5f8b9b86fc-sw8wz,11,8
1782109074,gsm-1,osmo-hlr-546bdb8988-fckq5,1,2
1782109074,gsm-1,osmo-mgw-8c8fc67d6-4bf2r,1,2
1782109074,gsm-1,osmo-mobile-947867b85-p6xzq,3,28
1782109074,gsm-1,osmo-stp-768687f494-qtbrq,1,2
1782109074,gsm-1,ttcn3-tc-26-6-1-1-1-vvrw7,10,2
1782109074,gsm-1,virtphy-858665df6d-jhx4v,9,1
1782109074,kube-system,coredns-c4dbffb5f-p9rsr,3,28
1782109074,kube-system,local-path-provisioner-5c4dc5d66d-nfqxz,1,16
1782109074,kube-system,metrics-server-786d997795-hcp2m,8,47
1782109074,kube-system,svclb-traefik-1100f998-kpm9h,0,0
1782109074,kube-system,traefik-9bcdbbd9-qtpjt,1,37
1782109076,gsm-1,msc-test-stub-5b875d749d-mlqds,1,16
1782109076,gsm-1,osmo-bsc-594654bd47-ddft9,1,5
1782109076,gsm-1,osmo-bts-virtual-5f8b9b86fc-sw8wz,11,8
1782109076,gsm-1,osmo-hlr-546bdb8988-fckq5,1,2
1782109076,gsm-1,osmo-mgw-8c8fc67d6-4bf2r,1,2
1782109076,gsm-1,osmo-mobile-947867b85-p6xzq,3,28
1782109076,gsm-1,osmo-stp-768687f494-qtbrq,1,2
1782109076,gsm-1,ttcn3-tc-26-6-1-1-1-vvrw7,10,2
1782109076,gsm-1,virtphy-858665df6d-jhx4v,9,1
1782109076,kube-system,coredns-c4dbffb5f-p9rsr,3,28
1782109076,kube-system,local-path-provisioner-5c4dc5d66d-nfqxz,1,16
1782109076,kube-system,metrics-server-786d997795-hcp2m,8,47
1782109076,kube-system,svclb-traefik-1100f998-kpm9h,0,0
1782109076,kube-system,traefik-9bcdbbd9-qtpjt,1,37
1782109078,gsm-1,msc-test-stub-5b875d749d-mlqds,1,16
1782109078,gsm-1,osmo-bsc-594654bd47-ddft9,1,5
1782109078,gsm-1,osmo-bts-virtual-5f8b9b86fc-sw8wz,11,7
1782109078,gsm-1,osmo-hlr-546bdb8988-fckq5,1,2
1782109078,gsm-1,osmo-mgw-8c8fc67d6-4bf2r,1,2
1782109078,gsm-1,osmo-mobile-947867b85-p6xzq,3,28
1782109078,gsm-1,osmo-stp-768687f494-qtbrq,1,2
1782109078,gsm-1,ttcn3-tc-26-6-1-1-1-vvrw7,5,6
1782109078,gsm-1,virtphy-858665df6d-jhx4v,10,3
1782109078,kube-system,coredns-c4dbffb5f-p9rsr,3,28
1782109078,kube-system,local-path-provisioner-5c4dc5d66d-nfqxz,1,16
1782109078,kube-system,metrics-server-786d997795-hcp2m,9,47
1782109078,kube-system,svclb-traefik-1100f998-kpm9h,0,0
1782109078,kube-system,traefik-9bcdbbd9-qtpjt,1,37
1782109080,gsm-1,msc-test-stub-5b875d749d-mlqds,1,16
1782109080,gsm-1,osmo-bsc-594654bd47-ddft9,1,5
1782109080,gsm-1,osmo-bts-virtual-5f8b9b86fc-sw8wz,11,7
1782109080,gsm-1,osmo-hlr-546bdb8988-fckq5,1,2
1782109080,gsm-1,osmo-mgw-8c8fc67d6-4bf2r,1,2
1782109080,gsm-1,osmo-mobile-947867b85-p6xzq,3,28
1782109080,gsm-1,osmo-stp-768687f494-qtbrq,1,2
1782109080,gsm-1,ttcn3-tc-26-6-1-1-1-vvrw7,5,6
1782109080,gsm-1,virtphy-858665df6d-jhx4v,10,3
1782109080,kube-system,coredns-c4dbffb5f-p9rsr,3,28
1782109080,kube-system,local-path-provisioner-5c4dc5d66d-nfqxz,1,16
1782109080,kube-system,metrics-server-786d997795-hcp2m,9,47
1782109080,kube-system,svclb-traefik-1100f998-kpm9h,0,0
1782109080,kube-system,traefik-9bcdbbd9-qtpjt,1,37
1782109082,gsm-1,msc-test-stub-5b875d749d-mlqds,1,16
1782109082,gsm-1,osmo-bsc-594654bd47-ddft9,1,5
1782109082,gsm-1,osmo-bts-virtual-5f8b9b86fc-sw8wz,11,7
1782109082,gsm-1,osmo-hlr-546bdb8988-fckq5,1,2
1782109082,gsm-1,osmo-mgw-8c8fc67d6-4bf2r,1,2
1782109082,gsm-1,osmo-mobile-947867b85-p6xzq,3,28
1782109082,gsm-1,osmo-stp-768687f494-qtbrq,1,2
1782109082,gsm-1,ttcn3-tc-26-6-1-1-1-vvrw7,5,6
1782109082,gsm-1,virtphy-858665df6d-jhx4v,10,3
1782109082,kube-system,coredns-c4dbffb5f-p9rsr,3,28
1782109082,kube-system,local-path-provisioner-5c4dc5d66d-nfqxz,1,16
1782109082,kube-system,metrics-server-786d997795-hcp2m,9,47
1782109082,kube-system,svclb-traefik-1100f998-kpm9h,0,0
1782109082,kube-system,traefik-9bcdbbd9-qtpjt,1,37
1782109084,gsm-1,msc-test-stub-5b875d749d-mlqds,1,16
1782109084,gsm-1,osmo-bsc-594654bd47-ddft9,1,5
1782109084,gsm-1,osmo-bts-virtual-5f8b9b86fc-sw8wz,11,7
1782109084,gsm-1,osmo-hlr-546bdb8988-fckq5,1,2
1782109084,gsm-1,osmo-mgw-8c8fc67d6-4bf2r,1,2
1782109084,gsm-1,osmo-mobile-947867b85-p6xzq,3,28
1782109084,gsm-1,osmo-stp-768687f494-qtbrq,1,2
1782109084,gsm-1,ttcn3-tc-26-6-1-1-1-vvrw7,5,6
1782109084,gsm-1,virtphy-858665df6d-jhx4v,10,3
1782109084,kube-system,coredns-c4dbffb5f-p9rsr,3,28
1782109084,kube-system,local-path-provisioner-5c4dc5d66d-nfqxz,1,16
1782109084,kube-system,metrics-server-786d997795-hcp2m,9,47
1782109084,kube-system,svclb-traefik-1100f998-kpm9h,0,0
1782109084,kube-system,traefik-9bcdbbd9-qtpjt,1,37
1782109086,gsm-1,msc-test-stub-5b875d749d-mlqds,1,16
1782109086,gsm-1,osmo-bsc-594654bd47-ddft9,1,5
1782109086,gsm-1,osmo-bts-virtual-5f8b9b86fc-sw8wz,11,7
1782109086,gsm-1,osmo-hlr-546bdb8988-fckq5,1,2
1782109086,gsm-1,osmo-mgw-8c8fc67d6-4bf2r,1,2
1782109086,gsm-1,osmo-mobile-947867b85-p6xzq,3,28
1782109086,gsm-1,osmo-stp-768687f494-qtbrq,1,2
1782109086,gsm-1,ttcn3-tc-26-6-1-1-1-vvrw7,5,6
1782109086,gsm-1,virtphy-858665df6d-jhx4v,10,3
1782109086,kube-system,coredns-c4dbffb5f-p9rsr,3,28
1782109086,kube-system,local-path-provisioner-5c4dc5d66d-nfqxz,1,16
1782109086,kube-system,metrics-server-786d997795-hcp2m,9,47
1782109086,kube-system,svclb-traefik-1100f998-kpm9h,0,0
1782109086,kube-system,traefik-9bcdbbd9-qtpjt,1,37
1782109088,gsm-1,msc-test-stub-5b875d749d-mlqds,1,16
1782109088,gsm-1,osmo-bsc-594654bd47-ddft9,1,5
1782109088,gsm-1,osmo-bts-virtual-5f8b9b86fc-sw8wz,11,7
1782109088,gsm-1,osmo-hlr-546bdb8988-fckq5,1,2
1782109088,gsm-1,osmo-mgw-8c8fc67d6-4bf2r,1,2
1782109088,gsm-1,osmo-mobile-947867b85-p6xzq,3,28
1782109088,gsm-1,osmo-stp-768687f494-qtbrq,1,2
1782109088,gsm-1,ttcn3-tc-26-6-1-1-1-vvrw7,5,6
1782109088,gsm-1,virtphy-858665df6d-jhx4v,10,3
1782109088,kube-system,coredns-c4dbffb5f-p9rsr,3,28
1782109088,kube-system,local-path-provisioner-5c4dc5d66d-nfqxz,1,16
1782109088,kube-system,metrics-server-786d997795-hcp2m,9,47
1782109088,kube-system,svclb-traefik-1100f998-kpm9h,0,0
1782109088,kube-system,traefik-9bcdbbd9-qtpjt,1,37
1782109091,gsm-1,msc-test-stub-5b875d749d-mlqds,1,16
1782109091,gsm-1,osmo-bsc-594654bd47-ddft9,1,5
1782109091,gsm-1,osmo-bts-virtual-5f8b9b86fc-sw8wz,11,7
1782109091,gsm-1,osmo-hlr-546bdb8988-fckq5,1,2
1782109091,gsm-1,osmo-mgw-8c8fc67d6-4bf2r,1,2
1782109091,gsm-1,osmo-mobile-947867b85-p6xzq,3,28
1782109091,gsm-1,osmo-stp-768687f494-qtbrq,1,2
1782109091,gsm-1,ttcn3-tc-26-6-1-1-1-vvrw7,5,6
1782109091,gsm-1,virtphy-858665df6d-jhx4v,10,3
1782109091,kube-system,coredns-c4dbffb5f-p9rsr,3,28
1782109091,kube-system,local-path-provisioner-5c4dc5d66d-nfqxz,1,16
1782109091,kube-system,metrics-server-786d997795-hcp2m,9,47
1782109091,kube-system,svclb-traefik-1100f998-kpm9h,0,0
1782109091,kube-system,traefik-9bcdbbd9-qtpjt,1,37
1782109093,gsm-1,msc-test-stub-5b875d749d-mlqds,1,16
1782109093,gsm-1,osmo-bsc-594654bd47-ddft9,1,5
1782109093,gsm-1,osmo-bts-virtual-5f8b9b86fc-sw8wz,10,8
1782109093,gsm-1,osmo-hlr-546bdb8988-fckq5,1,2
1782109093,gsm-1,osmo-mgw-8c8fc67d6-4bf2r,1,2
1782109093,gsm-1,osmo-mobile-947867b85-p6xzq,3,28
1782109093,gsm-1,osmo-stp-768687f494-qtbrq,1,2
1782109093,gsm-1,ttcn3-tc-26-6-1-1-1-vvrw7,1,6
1782109093,gsm-1,virtphy-858665df6d-jhx4v,10,4
1782109093,kube-system,coredns-c4dbffb5f-p9rsr,3,28
1782109093,kube-system,local-path-provisioner-5c4dc5d66d-nfqxz,1,16
1782109093,kube-system,metrics-server-786d997795-hcp2m,12,47
1782109093,kube-system,svclb-traefik-1100f998-kpm9h,0,0
1782109093,kube-system,traefik-9bcdbbd9-qtpjt,1,37
1782109095,gsm-1,msc-test-stub-5b875d749d-mlqds,1,16
1782109095,gsm-1,osmo-bsc-594654bd47-ddft9,1,5
1782109095,gsm-1,osmo-bts-virtual-5f8b9b86fc-sw8wz,10,8
1782109095,gsm-1,osmo-hlr-546bdb8988-fckq5,1,2
1782109095,gsm-1,osmo-mgw-8c8fc67d6-4bf2r,1,2
1782109095,gsm-1,osmo-mobile-947867b85-p6xzq,3,28
1782109095,gsm-1,osmo-stp-768687f494-qtbrq,1,2
1782109095,gsm-1,ttcn3-tc-26-6-1-1-1-vvrw7,1,6
1782109095,gsm-1,virtphy-858665df6d-jhx4v,10,4
1782109095,kube-system,coredns-c4dbffb5f-p9rsr,3,28
1782109095,kube-system,local-path-provisioner-5c4dc5d66d-nfqxz,1,16
1782109095,kube-system,metrics-server-786d997795-hcp2m,12,47
1782109095,kube-system,svclb-traefik-1100f998-kpm9h,0,0
1782109095,kube-system,traefik-9bcdbbd9-qtpjt,1,37
1782109097,gsm-1,msc-test-stub-5b875d749d-mlqds,1,16
1782109097,gsm-1,osmo-bsc-594654bd47-ddft9,1,5
1782109097,gsm-1,osmo-bts-virtual-5f8b9b86fc-sw8wz,10,8
1782109097,gsm-1,osmo-hlr-546bdb8988-fckq5,1,2
1782109097,gsm-1,osmo-mgw-8c8fc67d6-4bf2r,1,2
1782109097,gsm-1,osmo-mobile-947867b85-p6xzq,3,28
1782109097,gsm-1,osmo-stp-768687f494-qtbrq,1,2
1782109097,gsm-1,ttcn3-tc-26-6-1-1-1-vvrw7,1,6
1782109097,gsm-1,virtphy-858665df6d-jhx4v,10,4
1782109097,kube-system,coredns-c4dbffb5f-p9rsr,3,28
1782109097,kube-system,local-path-provisioner-5c4dc5d66d-nfqxz,1,16
1782109097,kube-system,metrics-server-786d997795-hcp2m,12,47
1782109097,kube-system,svclb-traefik-1100f998-kpm9h,0,0
1782109097,kube-system,traefik-9bcdbbd9-qtpjt,1,37
1782109099,gsm-1,msc-test-stub-5b875d749d-mlqds,1,16
1782109099,gsm-1,osmo-bsc-594654bd47-ddft9,1,5
1782109099,gsm-1,osmo-bts-virtual-5f8b9b86fc-sw8wz,10,8
1782109099,gsm-1,osmo-hlr-546bdb8988-fckq5,1,2
1782109099,gsm-1,osmo-mgw-8c8fc67d6-4bf2r,1,2
1782109099,gsm-1,osmo-mobile-947867b85-p6xzq,3,28
1782109099,gsm-1,osmo-stp-768687f494-qtbrq,1,2
1782109099,gsm-1,ttcn3-tc-26-6-1-1-1-vvrw7,1,6
1782109099,gsm-1,virtphy-858665df6d-jhx4v,10,4
1782109099,kube-system,coredns-c4dbffb5f-p9rsr,3,28
1782109099,kube-system,local-path-provisioner-5c4dc5d66d-nfqxz,1,16
1782109099,kube-system,metrics-server-786d997795-hcp2m,12,47
1782109099,kube-system,svclb-traefik-1100f998-kpm9h,0,0
1782109099,kube-system,traefik-9bcdbbd9-qtpjt,1,37
1782109101,gsm-1,msc-test-stub-5b875d749d-mlqds,1,16
1782109101,gsm-1,osmo-bsc-594654bd47-ddft9,1,5
1782109101,gsm-1,osmo-bts-virtual-5f8b9b86fc-sw8wz,10,8
1782109101,gsm-1,osmo-hlr-546bdb8988-fckq5,1,2
1782109101,gsm-1,osmo-mgw-8c8fc67d6-4bf2r,1,2
1782109101,gsm-1,osmo-mobile-947867b85-p6xzq,3,28
1782109101,gsm-1,osmo-stp-768687f494-qtbrq,1,2
1782109101,gsm-1,ttcn3-tc-26-6-1-1-1-vvrw7,1,6
1782109101,gsm-1,virtphy-858665df6d-jhx4v,10,4
1782109101,kube-system,coredns-c4dbffb5f-p9rsr,3,28
1782109101,kube-system,local-path-provisioner-5c4dc5d66d-nfqxz,1,16
1782109101,kube-system,metrics-server-786d997795-hcp2m,12,47
1782109101,kube-system,svclb-traefik-1100f998-kpm9h,0,0
1782109101,kube-system,traefik-9bcdbbd9-qtpjt,1,37
1782109103,gsm-1,msc-test-stub-5b875d749d-mlqds,1,16
1782109103,gsm-1,osmo-bsc-594654bd47-ddft9,1,5
1782109103,gsm-1,osmo-bts-virtual-5f8b9b86fc-sw8wz,10,8
1782109103,gsm-1,osmo-hlr-546bdb8988-fckq5,1,2
1782109103,gsm-1,osmo-mgw-8c8fc67d6-4bf2r,1,2
1782109103,gsm-1,osmo-mobile-947867b85-p6xzq,3,28
1782109103,gsm-1,osmo-stp-768687f494-qtbrq,1,2
1782109103,gsm-1,ttcn3-tc-26-6-1-1-1-vvrw7,1,6
1782109103,gsm-1,virtphy-858665df6d-jhx4v,10,4
1782109103,kube-system,coredns-c4dbffb5f-p9rsr,3,28
1782109103,kube-system,local-path-provisioner-5c4dc5d66d-nfqxz,1,16
1782109103,kube-system,metrics-server-786d997795-hcp2m,12,47
1782109103,kube-system,svclb-traefik-1100f998-kpm9h,0,0
1782109103,kube-system,traefik-9bcdbbd9-qtpjt,1,37
1782109106,gsm-1,msc-test-stub-5b875d749d-mlqds,1,16
1782109106,gsm-1,osmo-bsc-594654bd47-ddft9,1,5
1782109106,gsm-1,osmo-bts-virtual-5f8b9b86fc-sw8wz,10,8
1782109106,gsm-1,osmo-hlr-546bdb8988-fckq5,1,2
1782109106,gsm-1,osmo-mgw-8c8fc67d6-4bf2r,1,2
1782109106,gsm-1,osmo-mobile-947867b85-p6xzq,3,28
1782109106,gsm-1,osmo-stp-768687f494-qtbrq,1,2
1782109106,gsm-1,ttcn3-tc-26-6-1-1-1-vvrw7,1,6
1782109106,gsm-1,virtphy-858665df6d-jhx4v,10,4
1782109106,kube-system,coredns-c4dbffb5f-p9rsr,3,28
1782109106,kube-system,local-path-provisioner-5c4dc5d66d-nfqxz,1,16
1782109106,kube-system,metrics-server-786d997795-hcp2m,12,47
1782109106,kube-system,svclb-traefik-1100f998-kpm9h,0,0
1782109106,kube-system,traefik-9bcdbbd9-qtpjt,1,37
1782109109,gsm-1,msc-test-stub-5b875d749d-mlqds,1,16
1782109109,gsm-1,osmo-bsc-594654bd47-ddft9,1,5
1782109109,gsm-1,osmo-bts-virtual-5f8b9b86fc-sw8wz,10,5
1782109109,gsm-1,osmo-hlr-546bdb8988-fckq5,1,2
1782109109,gsm-1,osmo-mgw-8c8fc67d6-4bf2r,1,2
1782109109,gsm-1,osmo-mobile-947867b85-p6xzq,3,28
1782109109,gsm-1,osmo-stp-768687f494-qtbrq,1,2
1782109109,gsm-1,ttcn3-tc-26-6-1-1-1-vvrw7,1,6
1782109109,gsm-1,virtphy-858665df6d-jhx4v,10,4
1782109109,kube-system,coredns-c4dbffb5f-p9rsr,3,29
1782109109,kube-system,local-path-provisioner-5c4dc5d66d-nfqxz,1,16
1782109109,kube-system,metrics-server-786d997795-hcp2m,9,47
1782109109,kube-system,svclb-traefik-1100f998-kpm9h,0,0
1782109109,kube-system,traefik-9bcdbbd9-qtpjt,1,37
1782109111,gsm-1,msc-test-stub-5b875d749d-mlqds,1,16
1782109111,gsm-1,osmo-bsc-594654bd47-ddft9,1,5
1782109111,gsm-1,osmo-bts-virtual-5f8b9b86fc-sw8wz,10,5
1782109111,gsm-1,osmo-hlr-546bdb8988-fckq5,1,2
1782109111,gsm-1,osmo-mgw-8c8fc67d6-4bf2r,1,2
1782109111,gsm-1,osmo-mobile-947867b85-p6xzq,3,28
1782109111,gsm-1,osmo-stp-768687f494-qtbrq,1,2
1782109111,gsm-1,ttcn3-tc-26-6-1-1-1-vvrw7,1,6
1782109111,gsm-1,virtphy-858665df6d-jhx4v,10,4
1782109111,kube-system,coredns-c4dbffb5f-p9rsr,3,29
1782109111,kube-system,local-path-provisioner-5c4dc5d66d-nfqxz,1,16
1782109111,kube-system,metrics-server-786d997795-hcp2m,9,47
1782109111,kube-system,svclb-traefik-1100f998-kpm9h,0,0
1782109111,kube-system,traefik-9bcdbbd9-qtpjt,1,37
1782109113,gsm-1,msc-test-stub-5b875d749d-mlqds,1,16
1782109113,gsm-1,osmo-bsc-594654bd47-ddft9,1,5
1782109113,gsm-1,osmo-bts-virtual-5f8b9b86fc-sw8wz,10,5
1782109113,gsm-1,osmo-hlr-546bdb8988-fckq5,1,2
1782109113,gsm-1,osmo-mgw-8c8fc67d6-4bf2r,1,2
1782109113,gsm-1,osmo-mobile-947867b85-p6xzq,3,28
1782109113,gsm-1,osmo-stp-768687f494-qtbrq,1,2
1782109113,gsm-1,ttcn3-tc-26-6-1-1-1-vvrw7,1,6
1782109113,gsm-1,virtphy-858665df6d-jhx4v,10,4
1782109113,kube-system,coredns-c4dbffb5f-p9rsr,3,29
1782109113,kube-system,local-path-provisioner-5c4dc5d66d-nfqxz,1,16
1782109113,kube-system,metrics-server-786d997795-hcp2m,9,47
1782109113,kube-system,svclb-traefik-1100f998-kpm9h,0,0
1782109113,kube-system,traefik-9bcdbbd9-qtpjt,1,37
1782109115,gsm-1,msc-test-stub-5b875d749d-mlqds,1,16
1782109115,gsm-1,osmo-bsc-594654bd47-ddft9,1,5
1782109115,gsm-1,osmo-bts-virtual-5f8b9b86fc-sw8wz,10,5
1782109115,gsm-1,osmo-hlr-546bdb8988-fckq5,1,2
1782109115,gsm-1,osmo-mgw-8c8fc67d6-4bf2r,1,2
1782109115,gsm-1,osmo-mobile-947867b85-p6xzq,3,28
1782109115,gsm-1,osmo-stp-768687f494-qtbrq,1,2
1782109115,gsm-1,ttcn3-tc-26-6-1-1-1-vvrw7,1,6
1782109115,gsm-1,virtphy-858665df6d-jhx4v,10,4
1782109115,kube-system,coredns-c4dbffb5f-p9rsr,3,29
1782109115,kube-system,local-path-provisioner-5c4dc5d66d-nfqxz,1,16
1782109115,kube-system,metrics-server-786d997795-hcp2m,9,47
1782109115,kube-system,svclb-traefik-1100f998-kpm9h,0,0
1782109115,kube-system,traefik-9bcdbbd9-qtpjt,1,37
1782109117,gsm-1,msc-test-stub-5b875d749d-mlqds,1,16
1782109117,gsm-1,osmo-bsc-594654bd47-ddft9,1,5
1782109117,gsm-1,osmo-bts-virtual-5f8b9b86fc-sw8wz,10,5
1782109117,gsm-1,osmo-hlr-546bdb8988-fckq5,1,2
1782109117,gsm-1,osmo-mgw-8c8fc67d6-4bf2r,1,2
1782109117,gsm-1,osmo-mobile-947867b85-p6xzq,3,28
1782109117,gsm-1,osmo-stp-768687f494-qtbrq,1,2
1782109117,gsm-1,ttcn3-tc-26-6-1-1-1-vvrw7,1,6
1782109117,gsm-1,virtphy-858665df6d-jhx4v,10,4
1782109117,kube-system,coredns-c4dbffb5f-p9rsr,3,29
1782109117,kube-system,local-path-provisioner-5c4dc5d66d-nfqxz,1,16
1782109117,kube-system,metrics-server-786d997795-hcp2m,9,47
1782109117,kube-system,svclb-traefik-1100f998-kpm9h,0,0
1782109117,kube-system,traefik-9bcdbbd9-qtpjt,1,37
1782109119,gsm-1,msc-test-stub-5b875d749d-mlqds,1,16
1782109119,gsm-1,osmo-bsc-594654bd47-ddft9,1,5
1782109119,gsm-1,osmo-bts-virtual-5f8b9b86fc-sw8wz,10,5
1782109119,gsm-1,osmo-hlr-546bdb8988-fckq5,1,2
1782109119,gsm-1,osmo-mgw-8c8fc67d6-4bf2r,1,2
1782109119,gsm-1,osmo-mobile-947867b85-p6xzq,3,28
1782109119,gsm-1,osmo-stp-768687f494-qtbrq,1,2
1782109119,gsm-1,ttcn3-tc-26-6-1-1-1-vvrw7,1,6
1782109119,gsm-1,virtphy-858665df6d-jhx4v,10,4
1782109119,kube-system,coredns-c4dbffb5f-p9rsr,3,29
1782109119,kube-system,local-path-provisioner-5c4dc5d66d-nfqxz,1,16
1782109119,kube-system,metrics-server-786d997795-hcp2m,9,47
1782109119,kube-system,svclb-traefik-1100f998-kpm9h,0,0
1782109119,kube-system,traefik-9bcdbbd9-qtpjt,1,37
1782109122,gsm-1,msc-test-stub-5b875d749d-mlqds,1,16
1782109122,gsm-1,osmo-bsc-594654bd47-ddft9,1,5
1782109122,gsm-1,osmo-bts-virtual-5f8b9b86fc-sw8wz,10,5
1782109122,gsm-1,osmo-hlr-546bdb8988-fckq5,1,2
1782109122,gsm-1,osmo-mgw-8c8fc67d6-4bf2r,1,2
1782109122,gsm-1,osmo-mobile-947867b85-p6xzq,3,28
1782109122,gsm-1,osmo-stp-768687f494-qtbrq,1,2
1782109122,gsm-1,ttcn3-tc-26-6-1-1-1-vvrw7,1,6
1782109122,gsm-1,virtphy-858665df6d-jhx4v,10,4
1782109122,kube-system,coredns-c4dbffb5f-p9rsr,3,29
1782109122,kube-system,local-path-provisioner-5c4dc5d66d-nfqxz,1,16
1782109122,kube-system,metrics-server-786d997795-hcp2m,9,47
1782109122,kube-system,svclb-traefik-1100f998-kpm9h,0,0
1782109122,kube-system,traefik-9bcdbbd9-qtpjt,1,37
1782109124,gsm-1,msc-test-stub-5b875d749d-mlqds,1,16
1782109124,gsm-1,osmo-bsc-594654bd47-ddft9,1,5
1782109124,gsm-1,osmo-bts-virtual-5f8b9b86fc-sw8wz,11,8
1782109124,gsm-1,osmo-hlr-546bdb8988-fckq5,1,2
1782109124,gsm-1,osmo-mgw-8c8fc67d6-4bf2r,1,2
1782109124,gsm-1,osmo-mobile-947867b85-p6xzq,3,28
1782109124,gsm-1,osmo-stp-768687f494-qtbrq,1,2
1782109124,gsm-1,ttcn3-tc-26-6-1-1-1-vvrw7,1,6
1782109124,gsm-1,virtphy-858665df6d-jhx4v,9,3
1782109124,kube-system,coredns-c4dbffb5f-p9rsr,2,28
1782109124,kube-system,local-path-provisioner-5c4dc5d66d-nfqxz,1,16
1782109124,kube-system,metrics-server-786d997795-hcp2m,8,47
1782109124,kube-system,svclb-traefik-1100f998-kpm9h,0,0
1782109124,kube-system,traefik-9bcdbbd9-qtpjt,1,37
1782109126,gsm-1,msc-test-stub-5b875d749d-mlqds,1,16
1782109126,gsm-1,osmo-bsc-594654bd47-ddft9,1,5
1782109126,gsm-1,osmo-bts-virtual-5f8b9b86fc-sw8wz,11,8
1782109126,gsm-1,osmo-hlr-546bdb8988-fckq5,1,2
1782109126,gsm-1,osmo-mgw-8c8fc67d6-4bf2r,1,2
1782109126,gsm-1,osmo-mobile-947867b85-p6xzq,3,28
1782109126,gsm-1,osmo-stp-768687f494-qtbrq,1,2
1782109126,gsm-1,ttcn3-tc-26-6-1-1-1-vvrw7,1,6
1782109126,gsm-1,virtphy-858665df6d-jhx4v,9,3
1782109126,kube-system,coredns-c4dbffb5f-p9rsr,2,28
1782109126,kube-system,local-path-provisioner-5c4dc5d66d-nfqxz,1,16
1782109126,kube-system,metrics-server-786d997795-hcp2m,8,47
1782109126,kube-system,svclb-traefik-1100f998-kpm9h,0,0
1782109126,kube-system,traefik-9bcdbbd9-qtpjt,1,37
1782109128,gsm-1,msc-test-stub-5b875d749d-mlqds,1,16
1782109128,gsm-1,osmo-bsc-594654bd47-ddft9,1,5
1782109128,gsm-1,osmo-bts-virtual-5f8b9b86fc-sw8wz,11,8
1782109128,gsm-1,osmo-hlr-546bdb8988-fckq5,1,2
1782109128,gsm-1,osmo-mgw-8c8fc67d6-4bf2r,1,2
1782109128,gsm-1,osmo-mobile-947867b85-p6xzq,3,28
1782109128,gsm-1,osmo-stp-768687f494-qtbrq,1,2
1782109128,gsm-1,ttcn3-tc-26-6-1-1-1-vvrw7,1,6
1782109128,gsm-1,virtphy-858665df6d-jhx4v,9,3
1782109128,kube-system,coredns-c4dbffb5f-p9rsr,2,28
1782109128,kube-system,local-path-provisioner-5c4dc5d66d-nfqxz,1,16
1782109128,kube-system,metrics-server-786d997795-hcp2m,8,47
1782109128,kube-system,svclb-traefik-1100f998-kpm9h,0,0
1782109128,kube-system,traefik-9bcdbbd9-qtpjt,1,37
1782109130,gsm-1,msc-test-stub-5b875d749d-mlqds,1,16
1782109130,gsm-1,osmo-bsc-594654bd47-ddft9,1,5
1782109130,gsm-1,osmo-bts-virtual-5f8b9b86fc-sw8wz,11,8
1782109130,gsm-1,osmo-hlr-546bdb8988-fckq5,1,2
1782109130,gsm-1,osmo-mgw-8c8fc67d6-4bf2r,1,2
1782109130,gsm-1,osmo-mobile-947867b85-p6xzq,3,28
1782109130,gsm-1,osmo-stp-768687f494-qtbrq,1,2
1782109130,gsm-1,ttcn3-tc-26-6-1-1-1-vvrw7,1,6
1782109130,gsm-1,virtphy-858665df6d-jhx4v,9,3
1782109130,kube-system,coredns-c4dbffb5f-p9rsr,2,28
1782109130,kube-system,local-path-provisioner-5c4dc5d66d-nfqxz,1,16
1782109130,kube-system,metrics-server-786d997795-hcp2m,8,47
1782109130,kube-system,svclb-traefik-1100f998-kpm9h,0,0
1782109130,kube-system,traefik-9bcdbbd9-qtpjt,1,37
1782109133,gsm-1,msc-test-stub-5b875d749d-mlqds,1,16
1782109133,gsm-1,osmo-bsc-594654bd47-ddft9,1,5
1782109133,gsm-1,osmo-bts-virtual-5f8b9b86fc-sw8wz,11,8
1782109133,gsm-1,osmo-hlr-546bdb8988-fckq5,1,2
1782109133,gsm-1,osmo-mgw-8c8fc67d6-4bf2r,1,2
1782109133,gsm-1,osmo-mobile-947867b85-p6xzq,3,28
1782109133,gsm-1,osmo-stp-768687f494-qtbrq,1,2
1782109133,gsm-1,ttcn3-tc-26-6-1-1-1-vvrw7,1,6
1782109133,gsm-1,virtphy-858665df6d-jhx4v,9,3
1782109133,kube-system,coredns-c4dbffb5f-p9rsr,2,28
1782109133,kube-system,local-path-provisioner-5c4dc5d66d-nfqxz,1,16
1782109133,kube-system,metrics-server-786d997795-hcp2m,8,47
1782109133,kube-system,svclb-traefik-1100f998-kpm9h,0,0
1782109133,kube-system,traefik-9bcdbbd9-qtpjt,1,37
1782109135,gsm-1,msc-test-stub-5b875d749d-mlqds,1,16
1782109135,gsm-1,osmo-bsc-594654bd47-ddft9,1,5
1782109135,gsm-1,osmo-bts-virtual-5f8b9b86fc-sw8wz,11,8
1782109135,gsm-1,osmo-hlr-546bdb8988-fckq5,1,2
1782109135,gsm-1,osmo-mgw-8c8fc67d6-4bf2r,1,2
1782109135,gsm-1,osmo-mobile-947867b85-p6xzq,3,28
1782109135,gsm-1,osmo-stp-768687f494-qtbrq,1,2
1782109135,gsm-1,ttcn3-tc-26-6-1-1-1-vvrw7,1,6
1782109135,gsm-1,virtphy-858665df6d-jhx4v,9,3
1782109135,kube-system,coredns-c4dbffb5f-p9rsr,2,28
1782109135,kube-system,local-path-provisioner-5c4dc5d66d-nfqxz,1,16
1782109135,kube-system,metrics-server-786d997795-hcp2m,8,47
1782109135,kube-system,svclb-traefik-1100f998-kpm9h,0,0
1782109135,kube-system,traefik-9bcdbbd9-qtpjt,1,37
1782109137,gsm-1,msc-test-stub-5b875d749d-mlqds,1,16
1782109137,gsm-1,osmo-bsc-594654bd47-ddft9,1,5
1782109137,gsm-1,osmo-bts-virtual-5f8b9b86fc-sw8wz,11,8
1782109137,gsm-1,osmo-hlr-546bdb8988-fckq5,1,2
1782109137,gsm-1,osmo-mgw-8c8fc67d6-4bf2r,1,2
1782109137,gsm-1,osmo-mobile-947867b85-p6xzq,3,28
1782109137,gsm-1,osmo-stp-768687f494-qtbrq,1,2
1782109137,gsm-1,ttcn3-tc-26-6-1-1-1-vvrw7,1,6
1782109137,gsm-1,virtphy-858665df6d-jhx4v,9,3
1782109137,kube-system,coredns-c4dbffb5f-p9rsr,2,28
1782109137,kube-system,local-path-provisioner-5c4dc5d66d-nfqxz,1,16
1782109137,kube-system,metrics-server-786d997795-hcp2m,8,47
1782109137,kube-system,svclb-traefik-1100f998-kpm9h,0,0
1782109137,kube-system,traefik-9bcdbbd9-qtpjt,1,37
1782109139,gsm-1,msc-test-stub-5b875d749d-mlqds,1,16
1782109139,gsm-1,osmo-bsc-594654bd47-ddft9,1,5
1782109139,gsm-1,osmo-bts-virtual-5f8b9b86fc-sw8wz,10,9
1782109139,gsm-1,osmo-hlr-546bdb8988-fckq5,1,2
1782109139,gsm-1,osmo-mgw-8c8fc67d6-4bf2r,1,2
1782109139,gsm-1,osmo-mobile-947867b85-p6xzq,3,28
1782109139,gsm-1,osmo-stp-768687f494-qtbrq,1,2
1782109139,gsm-1,ttcn3-tc-26-6-1-1-1-vvrw7,1,6
1782109139,gsm-1,virtphy-858665df6d-jhx4v,9,3
1782109139,kube-system,coredns-c4dbffb5f-p9rsr,3,28
1782109139,kube-system,local-path-provisioner-5c4dc5d66d-nfqxz,1,16
1782109139,kube-system,metrics-server-786d997795-hcp2m,8,47
1782109139,kube-system,svclb-traefik-1100f998-kpm9h,0,0
1782109139,kube-system,traefik-9bcdbbd9-qtpjt,1,37
1782109141,gsm-1,msc-test-stub-5b875d749d-mlqds,1,16
1782109141,gsm-1,osmo-bsc-594654bd47-ddft9,1,5
1782109141,gsm-1,osmo-bts-virtual-5f8b9b86fc-sw8wz,10,9
1782109141,gsm-1,osmo-hlr-546bdb8988-fckq5,1,2
1782109141,gsm-1,osmo-mgw-8c8fc67d6-4bf2r,1,2
1782109141,gsm-1,osmo-mobile-947867b85-p6xzq,3,28
1782109141,gsm-1,osmo-stp-768687f494-qtbrq,1,2
1782109141,gsm-1,ttcn3-tc-26-6-1-1-1-vvrw7,1,6
1782109141,gsm-1,virtphy-858665df6d-jhx4v,9,3
1782109141,kube-system,coredns-c4dbffb5f-p9rsr,3,28
1782109141,kube-system,local-path-provisioner-5c4dc5d66d-nfqxz,1,16
1782109141,kube-system,metrics-server-786d997795-hcp2m,8,47
1782109141,kube-system,svclb-traefik-1100f998-kpm9h,0,0
1782109141,kube-system,traefik-9bcdbbd9-qtpjt,1,37
1782109143,gsm-1,msc-test-stub-5b875d749d-mlqds,1,16
1782109143,gsm-1,osmo-bsc-594654bd47-ddft9,1,5
1782109143,gsm-1,osmo-bts-virtual-5f8b9b86fc-sw8wz,10,9
1782109143,gsm-1,osmo-hlr-546bdb8988-fckq5,1,2
1782109143,gsm-1,osmo-mgw-8c8fc67d6-4bf2r,1,2
1782109143,gsm-1,osmo-mobile-947867b85-p6xzq,3,28
1782109143,gsm-1,osmo-stp-768687f494-qtbrq,1,2
1782109143,gsm-1,ttcn3-tc-26-6-1-1-1-vvrw7,1,6
1782109143,gsm-1,virtphy-858665df6d-jhx4v,9,3
1782109143,kube-system,coredns-c4dbffb5f-p9rsr,3,28
1782109143,kube-system,local-path-provisioner-5c4dc5d66d-nfqxz,1,16
1782109143,kube-system,metrics-server-786d997795-hcp2m,8,47
1782109143,kube-system,svclb-traefik-1100f998-kpm9h,0,0
1782109143,kube-system,traefik-9bcdbbd9-qtpjt,1,37
1782109145,gsm-1,msc-test-stub-5b875d749d-mlqds,1,16
1782109145,gsm-1,osmo-bsc-594654bd47-ddft9,1,5
1782109145,gsm-1,osmo-bts-virtual-5f8b9b86fc-sw8wz,10,9
1782109145,gsm-1,osmo-hlr-546bdb8988-fckq5,1,2
1782109145,gsm-1,osmo-mgw-8c8fc67d6-4bf2r,1,2
1782109145,gsm-1,osmo-mobile-947867b85-p6xzq,3,28
1782109145,gsm-1,osmo-stp-768687f494-qtbrq,1,2
1782109145,gsm-1,ttcn3-tc-26-6-1-1-1-vvrw7,1,6
1782109145,gsm-1,virtphy-858665df6d-jhx4v,9,3
1782109145,kube-system,coredns-c4dbffb5f-p9rsr,3,28
1782109145,kube-system,local-path-provisioner-5c4dc5d66d-nfqxz,1,16
1782109145,kube-system,metrics-server-786d997795-hcp2m,8,47
1782109145,kube-system,svclb-traefik-1100f998-kpm9h,0,0
1782109145,kube-system,traefik-9bcdbbd9-qtpjt,1,37
1782109147,gsm-1,msc-test-stub-5b875d749d-mlqds,1,16
1782109147,gsm-1,osmo-bsc-594654bd47-ddft9,1,5
1782109147,gsm-1,osmo-bts-virtual-5f8b9b86fc-sw8wz,10,9
1782109147,gsm-1,osmo-hlr-546bdb8988-fckq5,1,2
1782109147,gsm-1,osmo-mgw-8c8fc67d6-4bf2r,1,2
1782109147,gsm-1,osmo-mobile-947867b85-p6xzq,3,28
1782109147,gsm-1,osmo-stp-768687f494-qtbrq,1,2
1782109147,gsm-1,ttcn3-tc-26-6-1-1-1-vvrw7,1,6
1782109147,gsm-1,virtphy-858665df6d-jhx4v,9,3
1782109147,kube-system,coredns-c4dbffb5f-p9rsr,3,28
1782109147,kube-system,local-path-provisioner-5c4dc5d66d-nfqxz,1,16
1782109147,kube-system,metrics-server-786d997795-hcp2m,8,47
1782109147,kube-system,svclb-traefik-1100f998-kpm9h,0,0
1782109147,kube-system,traefik-9bcdbbd9-qtpjt,1,37
1782109150,gsm-1,msc-test-stub-5b875d749d-mlqds,1,16
1782109150,gsm-1,osmo-bsc-594654bd47-ddft9,1,5
1782109150,gsm-1,osmo-bts-virtual-5f8b9b86fc-sw8wz,10,9
1782109150,gsm-1,osmo-hlr-546bdb8988-fckq5,1,2
1782109150,gsm-1,osmo-mgw-8c8fc67d6-4bf2r,1,2
1782109150,gsm-1,osmo-mobile-947867b85-p6xzq,3,28
1782109150,gsm-1,osmo-stp-768687f494-qtbrq,1,2
1782109150,gsm-1,ttcn3-tc-26-6-1-1-1-vvrw7,1,6
1782109150,gsm-1,virtphy-858665df6d-jhx4v,9,3
1782109150,kube-system,coredns-c4dbffb5f-p9rsr,3,28
1782109150,kube-system,local-path-provisioner-5c4dc5d66d-nfqxz,1,16
1782109150,kube-system,metrics-server-786d997795-hcp2m,8,47
1782109150,kube-system,svclb-traefik-1100f998-kpm9h,0,0
1782109150,kube-system,traefik-9bcdbbd9-qtpjt,1,37
1782109152,gsm-1,msc-test-stub-5b875d749d-mlqds,1,16
1782109152,gsm-1,osmo-bsc-594654bd47-ddft9,1,5
1782109152,gsm-1,osmo-bts-virtual-5f8b9b86fc-sw8wz,10,9
1782109152,gsm-1,osmo-hlr-546bdb8988-fckq5,1,2
1782109152,gsm-1,osmo-mgw-8c8fc67d6-4bf2r,1,2
1782109152,gsm-1,osmo-mobile-947867b85-p6xzq,3,28
1782109152,gsm-1,osmo-stp-768687f494-qtbrq,1,2
1782109152,gsm-1,ttcn3-tc-26-6-1-1-1-vvrw7,1,6
1782109152,gsm-1,virtphy-858665df6d-jhx4v,9,3
1782109152,kube-system,coredns-c4dbffb5f-p9rsr,3,28
1782109152,kube-system,local-path-provisioner-5c4dc5d66d-nfqxz,1,16
1782109152,kube-system,metrics-server-786d997795-hcp2m,8,47
1782109152,kube-system,svclb-traefik-1100f998-kpm9h,0,0
1782109152,kube-system,traefik-9bcdbbd9-qtpjt,1,37
1782109154,gsm-1,msc-test-stub-5b875d749d-mlqds,1,16
1782109154,gsm-1,osmo-bsc-594654bd47-ddft9,1,5
1782109154,gsm-1,osmo-bts-virtual-5f8b9b86fc-sw8wz,11,6
1782109154,gsm-1,osmo-hlr-546bdb8988-fckq5,1,2
1782109154,gsm-1,osmo-mgw-8c8fc67d6-4bf2r,1,2
1782109154,gsm-1,osmo-mobile-947867b85-p6xzq,3,28
1782109154,gsm-1,osmo-stp-768687f494-qtbrq,1,2
1782109154,gsm-1,ttcn3-tc-26-6-1-1-1-vvrw7,1,6
1782109154,gsm-1,virtphy-858665df6d-jhx4v,9,3
1782109154,kube-system,coredns-c4dbffb5f-p9rsr,3,28
1782109154,kube-system,local-path-provisioner-5c4dc5d66d-nfqxz,1,16
1782109154,kube-system,metrics-server-786d997795-hcp2m,10,47
1782109154,kube-system,svclb-traefik-1100f998-kpm9h,0,0
1782109154,kube-system,traefik-9bcdbbd9-qtpjt,3,37
1782109156,gsm-1,msc-test-stub-5b875d749d-mlqds,1,16
1782109156,gsm-1,osmo-bsc-594654bd47-ddft9,1,5
1782109156,gsm-1,osmo-bts-virtual-5f8b9b86fc-sw8wz,11,6
1782109156,gsm-1,osmo-hlr-546bdb8988-fckq5,1,2
1782109156,gsm-1,osmo-mgw-8c8fc67d6-4bf2r,1,2
1782109156,gsm-1,osmo-mobile-947867b85-p6xzq,3,28
1782109156,gsm-1,osmo-stp-768687f494-qtbrq,1,2
1782109156,gsm-1,ttcn3-tc-26-6-1-1-1-vvrw7,1,6
1782109156,gsm-1,virtphy-858665df6d-jhx4v,9,3
1782109156,kube-system,coredns-c4dbffb5f-p9rsr,3,28
1782109156,kube-system,local-path-provisioner-5c4dc5d66d-nfqxz,1,16
1782109156,kube-system,metrics-server-786d997795-hcp2m,10,47
1782109156,kube-system,svclb-traefik-1100f998-kpm9h,0,0
1782109156,kube-system,traefik-9bcdbbd9-qtpjt,3,37
1782109158,gsm-1,msc-test-stub-5b875d749d-mlqds,1,16
1782109158,gsm-1,osmo-bsc-594654bd47-ddft9,1,5
1782109158,gsm-1,osmo-bts-virtual-5f8b9b86fc-sw8wz,11,6
1782109158,gsm-1,osmo-hlr-546bdb8988-fckq5,1,2
1782109158,gsm-1,osmo-mgw-8c8fc67d6-4bf2r,1,2
1782109158,gsm-1,osmo-mobile-947867b85-p6xzq,3,28
1782109158,gsm-1,osmo-stp-768687f494-qtbrq,1,2
1782109158,gsm-1,ttcn3-tc-26-6-1-1-1-vvrw7,1,6
1782109158,gsm-1,virtphy-858665df6d-jhx4v,9,3
1782109158,kube-system,coredns-c4dbffb5f-p9rsr,3,28
1782109158,kube-system,local-path-provisioner-5c4dc5d66d-nfqxz,1,16
1782109158,kube-system,metrics-server-786d997795-hcp2m,10,47
1782109158,kube-system,svclb-traefik-1100f998-kpm9h,0,0
1782109158,kube-system,traefik-9bcdbbd9-qtpjt,3,37
1782109160,gsm-1,msc-test-stub-5b875d749d-mlqds,1,16
1782109160,gsm-1,osmo-bsc-594654bd47-ddft9,1,5
1782109160,gsm-1,osmo-bts-virtual-5f8b9b86fc-sw8wz,11,6
1782109160,gsm-1,osmo-hlr-546bdb8988-fckq5,1,2
1782109160,gsm-1,osmo-mgw-8c8fc67d6-4bf2r,1,2
1782109160,gsm-1,osmo-mobile-947867b85-p6xzq,3,28
1782109160,gsm-1,osmo-stp-768687f494-qtbrq,1,2
1782109160,gsm-1,ttcn3-tc-26-6-1-1-1-vvrw7,1,6
1782109160,gsm-1,virtphy-858665df6d-jhx4v,9,3
1782109160,kube-system,coredns-c4dbffb5f-p9rsr,3,28
1782109160,kube-system,local-path-provisioner-5c4dc5d66d-nfqxz,1,16
1782109160,kube-system,metrics-server-786d997795-hcp2m,10,47
1782109160,kube-system,svclb-traefik-1100f998-kpm9h,0,0
1782109160,kube-system,traefik-9bcdbbd9-qtpjt,3,37
1782109163,gsm-1,msc-test-stub-5b875d749d-mlqds,1,16
1782109163,gsm-1,osmo-bsc-594654bd47-ddft9,1,5
1782109163,gsm-1,osmo-bts-virtual-5f8b9b86fc-sw8wz,11,6
1782109163,gsm-1,osmo-hlr-546bdb8988-fckq5,1,2
1782109163,gsm-1,osmo-mgw-8c8fc67d6-4bf2r,1,2
1782109163,gsm-1,osmo-mobile-947867b85-p6xzq,3,28
1782109163,gsm-1,osmo-stp-768687f494-qtbrq,1,2
1782109163,gsm-1,ttcn3-tc-26-6-1-1-1-vvrw7,1,6
1782109163,gsm-1,virtphy-858665df6d-jhx4v,9,3
1782109163,kube-system,coredns-c4dbffb5f-p9rsr,3,28
1782109163,kube-system,local-path-provisioner-5c4dc5d66d-nfqxz,1,16
1782109163,kube-system,metrics-server-786d997795-hcp2m,10,47
1782109163,kube-system,svclb-traefik-1100f998-kpm9h,0,0
1782109163,kube-system,traefik-9bcdbbd9-qtpjt,3,37
1782109165,gsm-1,msc-test-stub-5b875d749d-mlqds,1,16
1782109165,gsm-1,osmo-bsc-594654bd47-ddft9,1,5
1782109165,gsm-1,osmo-bts-virtual-5f8b9b86fc-sw8wz,11,6
1782109165,gsm-1,osmo-hlr-546bdb8988-fckq5,1,2
1782109165,gsm-1,osmo-mgw-8c8fc67d6-4bf2r,1,2
1782109165,gsm-1,osmo-mobile-947867b85-p6xzq,3,28
1782109165,gsm-1,osmo-stp-768687f494-qtbrq,1,2
1782109165,gsm-1,ttcn3-tc-26-6-1-1-1-vvrw7,1,6
1782109165,gsm-1,virtphy-858665df6d-jhx4v,9,3
1782109165,kube-system,coredns-c4dbffb5f-p9rsr,3,28
1782109165,kube-system,local-path-provisioner-5c4dc5d66d-nfqxz,1,16
1782109165,kube-system,metrics-server-786d997795-hcp2m,10,47
1782109165,kube-system,svclb-traefik-1100f998-kpm9h,0,0
1782109165,kube-system,traefik-9bcdbbd9-qtpjt,3,37
1782109167,gsm-1,msc-test-stub-5b875d749d-mlqds,1,16
1782109167,gsm-1,osmo-bsc-594654bd47-ddft9,1,5
1782109167,gsm-1,osmo-bts-virtual-5f8b9b86fc-sw8wz,11,6
1782109167,gsm-1,osmo-hlr-546bdb8988-fckq5,1,2
1782109167,gsm-1,osmo-mgw-8c8fc67d6-4bf2r,1,2
1782109167,gsm-1,osmo-mobile-947867b85-p6xzq,3,28
1782109167,gsm-1,osmo-stp-768687f494-qtbrq,1,2
1782109167,gsm-1,ttcn3-tc-26-6-1-1-1-vvrw7,1,6
1782109167,gsm-1,virtphy-858665df6d-jhx4v,9,3
1782109167,kube-system,coredns-c4dbffb5f-p9rsr,3,28
1782109167,kube-system,local-path-provisioner-5c4dc5d66d-nfqxz,1,16
1782109167,kube-system,metrics-server-786d997795-hcp2m,10,47
1782109167,kube-system,svclb-traefik-1100f998-kpm9h,0,0
1782109167,kube-system,traefik-9bcdbbd9-qtpjt,3,37
1782109169,gsm-1,msc-test-stub-5b875d749d-mlqds,1,16
1782109169,gsm-1,osmo-bsc-594654bd47-ddft9,1,5
1782109169,gsm-1,osmo-bts-virtual-5f8b9b86fc-sw8wz,11,9
1782109169,gsm-1,osmo-hlr-546bdb8988-fckq5,1,2
1782109169,gsm-1,osmo-mgw-8c8fc67d6-4bf2r,1,2
1782109169,gsm-1,osmo-mobile-947867b85-p6xzq,3,28
1782109169,gsm-1,osmo-stp-768687f494-qtbrq,1,2
1782109169,gsm-1,ttcn3-tc-26-6-1-1-1-vvrw7,1,6
1782109169,gsm-1,virtphy-858665df6d-jhx4v,8,1
1782109169,kube-system,coredns-c4dbffb5f-p9rsr,2,28
1782109169,kube-system,local-path-provisioner-5c4dc5d66d-nfqxz,1,16
1782109169,kube-system,metrics-server-786d997795-hcp2m,8,47
1782109169,kube-system,svclb-traefik-1100f998-kpm9h,0,0
1782109169,kube-system,traefik-9bcdbbd9-qtpjt,1,37
1782109171,gsm-1,msc-test-stub-5b875d749d-mlqds,1,16
1782109171,gsm-1,osmo-bsc-594654bd47-ddft9,1,5
1782109171,gsm-1,osmo-bts-virtual-5f8b9b86fc-sw8wz,11,9
1782109171,gsm-1,osmo-hlr-546bdb8988-fckq5,1,2
1782109171,gsm-1,osmo-mgw-8c8fc67d6-4bf2r,1,2
1782109171,gsm-1,osmo-mobile-947867b85-p6xzq,3,28
1782109171,gsm-1,osmo-stp-768687f494-qtbrq,1,2
1782109171,gsm-1,ttcn3-tc-26-6-1-1-1-vvrw7,1,6
1782109171,gsm-1,virtphy-858665df6d-jhx4v,8,1
1782109171,kube-system,coredns-c4dbffb5f-p9rsr,2,28
1782109171,kube-system,local-path-provisioner-5c4dc5d66d-nfqxz,1,16
1782109171,kube-system,metrics-server-786d997795-hcp2m,8,47
1782109171,kube-system,svclb-traefik-1100f998-kpm9h,0,0
1782109171,kube-system,traefik-9bcdbbd9-qtpjt,1,37
1782109174,gsm-1,msc-test-stub-5b875d749d-mlqds,1,16
1782109174,gsm-1,osmo-bsc-594654bd47-ddft9,1,5
1782109174,gsm-1,osmo-bts-virtual-5f8b9b86fc-sw8wz,11,9
1782109174,gsm-1,osmo-hlr-546bdb8988-fckq5,1,2
1782109174,gsm-1,osmo-mgw-8c8fc67d6-4bf2r,1,2
1782109174,gsm-1,osmo-mobile-947867b85-p6xzq,3,28
1782109174,gsm-1,osmo-stp-768687f494-qtbrq,1,2
1782109174,gsm-1,ttcn3-tc-26-6-1-1-1-vvrw7,1,6
1782109174,gsm-1,virtphy-858665df6d-jhx4v,8,1
1782109174,kube-system,coredns-c4dbffb5f-p9rsr,2,28
1782109174,kube-system,local-path-provisioner-5c4dc5d66d-nfqxz,1,16
1782109174,kube-system,metrics-server-786d997795-hcp2m,8,47
1782109174,kube-system,svclb-traefik-1100f998-kpm9h,0,0
1782109174,kube-system,traefik-9bcdbbd9-qtpjt,1,37
1782109176,gsm-1,msc-test-stub-5b875d749d-mlqds,1,16
1782109176,gsm-1,osmo-bsc-594654bd47-ddft9,1,5
1782109176,gsm-1,osmo-bts-virtual-5f8b9b86fc-sw8wz,11,9
1782109176,gsm-1,osmo-hlr-546bdb8988-fckq5,1,2
1782109176,gsm-1,osmo-mgw-8c8fc67d6-4bf2r,1,2
1782109176,gsm-1,osmo-mobile-947867b85-p6xzq,3,28
1782109176,gsm-1,osmo-stp-768687f494-qtbrq,1,2
1782109176,gsm-1,ttcn3-tc-26-6-1-1-1-vvrw7,1,6
1782109176,gsm-1,virtphy-858665df6d-jhx4v,8,1
1782109176,kube-system,coredns-c4dbffb5f-p9rsr,2,28
1782109176,kube-system,local-path-provisioner-5c4dc5d66d-nfqxz,1,16
1782109176,kube-system,metrics-server-786d997795-hcp2m,8,47
1782109176,kube-system,svclb-traefik-1100f998-kpm9h,0,0
1782109176,kube-system,traefik-9bcdbbd9-qtpjt,1,37
1782109178,gsm-1,msc-test-stub-5b875d749d-mlqds,1,16
1782109178,gsm-1,osmo-bsc-594654bd47-ddft9,1,5
1782109178,gsm-1,osmo-bts-virtual-5f8b9b86fc-sw8wz,11,9
1782109178,gsm-1,osmo-hlr-546bdb8988-fckq5,1,2
1782109178,gsm-1,osmo-mgw-8c8fc67d6-4bf2r,1,2
1782109178,gsm-1,osmo-mobile-947867b85-p6xzq,3,28
1782109178,gsm-1,osmo-stp-768687f494-qtbrq,1,2
1782109178,gsm-1,ttcn3-tc-26-6-1-1-1-vvrw7,1,6
1782109178,gsm-1,virtphy-858665df6d-jhx4v,8,1
1782109178,kube-system,coredns-c4dbffb5f-p9rsr,2,28
1782109178,kube-system,local-path-provisioner-5c4dc5d66d-nfqxz,1,16
1782109178,kube-system,metrics-server-786d997795-hcp2m,8,47
1782109178,kube-system,svclb-traefik-1100f998-kpm9h,0,0
1782109178,kube-system,traefik-9bcdbbd9-qtpjt,1,37
1782109180,gsm-1,msc-test-stub-5b875d749d-mlqds,1,16
1782109180,gsm-1,osmo-bsc-594654bd47-ddft9,1,5
1782109180,gsm-1,osmo-bts-virtual-5f8b9b86fc-sw8wz,11,9
1782109180,gsm-1,osmo-hlr-546bdb8988-fckq5,1,2
1782109180,gsm-1,osmo-mgw-8c8fc67d6-4bf2r,1,2
1782109180,gsm-1,osmo-mobile-947867b85-p6xzq,3,28
1782109180,gsm-1,osmo-stp-768687f494-qtbrq,1,2
1782109180,gsm-1,ttcn3-tc-26-6-1-1-1-vvrw7,1,6
1782109180,gsm-1,virtphy-858665df6d-jhx4v,8,1
1782109180,kube-system,coredns-c4dbffb5f-p9rsr,2,28
1782109180,kube-system,local-path-provisioner-5c4dc5d66d-nfqxz,1,16
1782109180,kube-system,metrics-server-786d997795-hcp2m,8,47
1782109180,kube-system,svclb-traefik-1100f998-kpm9h,0,0
1782109180,kube-system,traefik-9bcdbbd9-qtpjt,1,37
1782109182,gsm-1,msc-test-stub-5b875d749d-mlqds,1,16
1782109182,gsm-1,osmo-bsc-594654bd47-ddft9,1,5
1782109182,gsm-1,osmo-bts-virtual-5f8b9b86fc-sw8wz,10,9
1782109182,gsm-1,osmo-hlr-546bdb8988-fckq5,1,2
1782109182,gsm-1,osmo-mgw-8c8fc67d6-4bf2r,1,2
1782109182,gsm-1,osmo-mobile-947867b85-p6xzq,3,28
1782109182,gsm-1,osmo-stp-768687f494-qtbrq,1,2
1782109182,gsm-1,ttcn3-tc-26-6-1-1-1-vvrw7,1,6
1782109182,gsm-1,virtphy-858665df6d-jhx4v,9,3
1782109182,kube-system,coredns-c4dbffb5f-p9rsr,3,28
1782109182,kube-system,local-path-provisioner-5c4dc5d66d-nfqxz,1,16
1782109182,kube-system,metrics-server-786d997795-hcp2m,8,47
1782109182,kube-system,svclb-traefik-1100f998-kpm9h,0,0
1782109182,kube-system,traefik-9bcdbbd9-qtpjt,1,37
1782109184,gsm-1,msc-test-stub-5b875d749d-mlqds,1,16
1782109184,gsm-1,osmo-bsc-594654bd47-ddft9,1,5
1782109184,gsm-1,osmo-bts-virtual-5f8b9b86fc-sw8wz,10,9
1782109184,gsm-1,osmo-hlr-546bdb8988-fckq5,1,2
1782109184,gsm-1,osmo-mgw-8c8fc67d6-4bf2r,1,2
1782109184,gsm-1,osmo-mobile-947867b85-p6xzq,3,28
1782109184,gsm-1,osmo-stp-768687f494-qtbrq,1,2
1782109184,gsm-1,ttcn3-tc-26-6-1-1-1-vvrw7,1,6
1782109184,gsm-1,virtphy-858665df6d-jhx4v,9,3
1782109184,kube-system,coredns-c4dbffb5f-p9rsr,3,28
1782109184,kube-system,local-path-provisioner-5c4dc5d66d-nfqxz,1,16
1782109184,kube-system,metrics-server-786d997795-hcp2m,8,47
1782109184,kube-system,svclb-traefik-1100f998-kpm9h,0,0
1782109184,kube-system,traefik-9bcdbbd9-qtpjt,1,37
1782109186,gsm-1,msc-test-stub-5b875d749d-mlqds,1,16
1782109186,gsm-1,osmo-bsc-594654bd47-ddft9,1,5
1782109186,gsm-1,osmo-bts-virtual-5f8b9b86fc-sw8wz,10,9
1782109186,gsm-1,osmo-hlr-546bdb8988-fckq5,1,2
1782109186,gsm-1,osmo-mgw-8c8fc67d6-4bf2r,1,2
1782109186,gsm-1,osmo-mobile-947867b85-p6xzq,3,28
1782109186,gsm-1,osmo-stp-768687f494-qtbrq,1,2
1782109186,gsm-1,ttcn3-tc-26-6-1-1-1-vvrw7,1,6
1782109186,gsm-1,virtphy-858665df6d-jhx4v,9,3
1782109186,kube-system,coredns-c4dbffb5f-p9rsr,3,28
1782109186,kube-system,local-path-provisioner-5c4dc5d66d-nfqxz,1,16
1782109186,kube-system,metrics-server-786d997795-hcp2m,8,47
1782109186,kube-system,svclb-traefik-1100f998-kpm9h,0,0
1782109186,kube-system,traefik-9bcdbbd9-qtpjt,1,37
1782109188,gsm-1,msc-test-stub-5b875d749d-mlqds,1,16
1782109188,gsm-1,osmo-bsc-594654bd47-ddft9,1,5
1782109188,gsm-1,osmo-bts-virtual-5f8b9b86fc-sw8wz,10,9
1782109188,gsm-1,osmo-hlr-546bdb8988-fckq5,1,2
1782109188,gsm-1,osmo-mgw-8c8fc67d6-4bf2r,1,2
1782109188,gsm-1,osmo-mobile-947867b85-p6xzq,3,28
1782109188,gsm-1,osmo-stp-768687f494-qtbrq,1,2
1782109188,gsm-1,ttcn3-tc-26-6-1-1-1-vvrw7,1,6
1782109188,gsm-1,virtphy-858665df6d-jhx4v,9,3
1782109188,kube-system,coredns-c4dbffb5f-p9rsr,3,28
1782109188,kube-system,local-path-provisioner-5c4dc5d66d-nfqxz,1,16
1782109188,kube-system,metrics-server-786d997795-hcp2m,8,47
1782109188,kube-system,svclb-traefik-1100f998-kpm9h,0,0
1782109188,kube-system,traefik-9bcdbbd9-qtpjt,1,37
1782109191,gsm-1,msc-test-stub-5b875d749d-mlqds,1,16
1782109191,gsm-1,osmo-bsc-594654bd47-ddft9,1,5
1782109191,gsm-1,osmo-bts-virtual-5f8b9b86fc-sw8wz,10,9
1782109191,gsm-1,osmo-hlr-546bdb8988-fckq5,1,2
1782109191,gsm-1,osmo-mgw-8c8fc67d6-4bf2r,1,2
1782109191,gsm-1,osmo-mobile-947867b85-p6xzq,3,28
1782109191,gsm-1,osmo-stp-768687f494-qtbrq,1,2
1782109191,gsm-1,ttcn3-tc-26-6-1-1-1-vvrw7,1,6
1782109191,gsm-1,virtphy-858665df6d-jhx4v,9,3
1782109191,kube-system,coredns-c4dbffb5f-p9rsr,3,28
1782109191,kube-system,local-path-provisioner-5c4dc5d66d-nfqxz,1,16
1782109191,kube-system,metrics-server-786d997795-hcp2m,8,47
1782109191,kube-system,svclb-traefik-1100f998-kpm9h,0,0
1782109191,kube-system,traefik-9bcdbbd9-qtpjt,1,37
1782109193,gsm-1,msc-test-stub-5b875d749d-mlqds,1,16
1782109193,gsm-1,osmo-bsc-594654bd47-ddft9,1,5
1782109193,gsm-1,osmo-bts-virtual-5f8b9b86fc-sw8wz,10,9
1782109193,gsm-1,osmo-hlr-546bdb8988-fckq5,1,2
1782109193,gsm-1,osmo-mgw-8c8fc67d6-4bf2r,1,2
1782109193,gsm-1,osmo-mobile-947867b85-p6xzq,3,28
1782109193,gsm-1,osmo-stp-768687f494-qtbrq,1,2
1782109193,gsm-1,ttcn3-tc-26-6-1-1-1-vvrw7,1,6
1782109193,gsm-1,virtphy-858665df6d-jhx4v,9,3
1782109193,kube-system,coredns-c4dbffb5f-p9rsr,3,28
1782109193,kube-system,local-path-provisioner-5c4dc5d66d-nfqxz,1,16
1782109193,kube-system,metrics-server-786d997795-hcp2m,8,47
1782109193,kube-system,svclb-traefik-1100f998-kpm9h,0,0
1782109193,kube-system,traefik-9bcdbbd9-qtpjt,1,37
1782109195,gsm-1,msc-test-stub-5b875d749d-mlqds,1,16
1782109195,gsm-1,osmo-bsc-594654bd47-ddft9,1,5
1782109195,gsm-1,osmo-bts-virtual-5f8b9b86fc-sw8wz,10,9
1782109195,gsm-1,osmo-hlr-546bdb8988-fckq5,1,2
1782109195,gsm-1,osmo-mgw-8c8fc67d6-4bf2r,1,2
1782109195,gsm-1,osmo-mobile-947867b85-p6xzq,3,28
1782109195,gsm-1,osmo-stp-768687f494-qtbrq,1,2
1782109195,gsm-1,ttcn3-tc-26-6-1-1-1-vvrw7,1,6
1782109195,gsm-1,virtphy-858665df6d-jhx4v,9,3
1782109195,kube-system,coredns-c4dbffb5f-p9rsr,3,28
1782109195,kube-system,local-path-provisioner-5c4dc5d66d-nfqxz,1,16
1782109195,kube-system,metrics-server-786d997795-hcp2m,8,47
1782109195,kube-system,svclb-traefik-1100f998-kpm9h,0,0
1782109195,kube-system,traefik-9bcdbbd9-qtpjt,1,37
1782109197,gsm-1,msc-test-stub-5b875d749d-mlqds,1,16
1782109197,gsm-1,osmo-bsc-594654bd47-ddft9,1,5
1782109197,gsm-1,osmo-bts-virtual-5f8b9b86fc-sw8wz,10,9
1782109197,gsm-1,osmo-hlr-546bdb8988-fckq5,1,2
1782109197,gsm-1,osmo-mgw-8c8fc67d6-4bf2r,1,2
1782109197,gsm-1,osmo-mobile-947867b85-p6xzq,3,28
1782109197,gsm-1,osmo-stp-768687f494-qtbrq,1,2
1782109197,gsm-1,ttcn3-tc-26-6-1-1-1-vvrw7,1,6
1782109197,gsm-1,virtphy-858665df6d-jhx4v,9,3
1782109197,kube-system,coredns-c4dbffb5f-p9rsr,3,28
1782109197,kube-system,local-path-provisioner-5c4dc5d66d-nfqxz,1,16
1782109197,kube-system,metrics-server-786d997795-hcp2m,8,47
1782109197,kube-system,svclb-traefik-1100f998-kpm9h,0,0
1782109197,kube-system,traefik-9bcdbbd9-qtpjt,1,37
1782109199,gsm-1,msc-test-stub-5b875d749d-mlqds,1,16
1782109199,gsm-1,osmo-bsc-594654bd47-ddft9,1,5
1782109199,gsm-1,osmo-bts-virtual-5f8b9b86fc-sw8wz,11,9
1782109199,gsm-1,osmo-hlr-546bdb8988-fckq5,1,2
1782109199,gsm-1,osmo-mgw-8c8fc67d6-4bf2r,1,2
1782109199,gsm-1,osmo-mobile-947867b85-p6xzq,3,28
1782109199,gsm-1,osmo-stp-768687f494-qtbrq,1,2
1782109199,gsm-1,ttcn3-tc-26-6-1-1-1-vvrw7,1,6
1782109199,gsm-1,virtphy-858665df6d-jhx4v,9,4
1782109199,kube-system,coredns-c4dbffb5f-p9rsr,2,28
1782109199,kube-system,local-path-provisioner-5c4dc5d66d-nfqxz,1,16
1782109199,kube-system,metrics-server-786d997795-hcp2m,8,47
1782109199,kube-system,svclb-traefik-1100f998-kpm9h,0,0
1782109199,kube-system,traefik-9bcdbbd9-qtpjt,1,37
1782109201,gsm-1,msc-test-stub-5b875d749d-mlqds,1,16
1782109201,gsm-1,osmo-bsc-594654bd47-ddft9,1,5
1782109201,gsm-1,osmo-bts-virtual-5f8b9b86fc-sw8wz,11,9
1782109201,gsm-1,osmo-hlr-546bdb8988-fckq5,1,2
1782109201,gsm-1,osmo-mgw-8c8fc67d6-4bf2r,1,2
1782109201,gsm-1,osmo-mobile-947867b85-p6xzq,3,28
1782109201,gsm-1,osmo-stp-768687f494-qtbrq,1,2
1782109201,gsm-1,ttcn3-tc-26-6-1-1-1-vvrw7,1,6
1782109201,gsm-1,virtphy-858665df6d-jhx4v,9,4
1782109201,kube-system,coredns-c4dbffb5f-p9rsr,2,28
1782109201,kube-system,local-path-provisioner-5c4dc5d66d-nfqxz,1,16
1782109201,kube-system,metrics-server-786d997795-hcp2m,8,47
1782109201,kube-system,svclb-traefik-1100f998-kpm9h,0,0
1782109201,kube-system,traefik-9bcdbbd9-qtpjt,1,37
1782109204,gsm-1,msc-test-stub-5b875d749d-mlqds,1,16
1782109204,gsm-1,osmo-bsc-594654bd47-ddft9,1,5
1782109204,gsm-1,osmo-bts-virtual-5f8b9b86fc-sw8wz,11,9
1782109204,gsm-1,osmo-hlr-546bdb8988-fckq5,1,2
1782109204,gsm-1,osmo-mgw-8c8fc67d6-4bf2r,1,2
1782109204,gsm-1,osmo-mobile-947867b85-p6xzq,3,28
1782109204,gsm-1,osmo-stp-768687f494-qtbrq,1,2
1782109204,gsm-1,ttcn3-tc-26-6-1-1-1-vvrw7,1,6
1782109204,gsm-1,virtphy-858665df6d-jhx4v,9,4
1782109204,kube-system,coredns-c4dbffb5f-p9rsr,2,28
1782109204,kube-system,local-path-provisioner-5c4dc5d66d-nfqxz,1,16
1782109204,kube-system,metrics-server-786d997795-hcp2m,8,47
1782109204,kube-system,svclb-traefik-1100f998-kpm9h,0,0
1782109204,kube-system,traefik-9bcdbbd9-qtpjt,1,37
1782109206,gsm-1,msc-test-stub-5b875d749d-mlqds,1,16
1782109206,gsm-1,osmo-bsc-594654bd47-ddft9,1,5
1782109206,gsm-1,osmo-bts-virtual-5f8b9b86fc-sw8wz,11,9
1782109206,gsm-1,osmo-hlr-546bdb8988-fckq5,1,2
1782109206,gsm-1,osmo-mgw-8c8fc67d6-4bf2r,1,2
1782109206,gsm-1,osmo-mobile-947867b85-p6xzq,3,28
1782109206,gsm-1,osmo-stp-768687f494-qtbrq,1,2
1782109206,gsm-1,ttcn3-tc-26-6-1-1-1-vvrw7,1,6
1782109206,gsm-1,virtphy-858665df6d-jhx4v,9,4
1782109206,kube-system,coredns-c4dbffb5f-p9rsr,2,28
1782109206,kube-system,local-path-provisioner-5c4dc5d66d-nfqxz,1,16
1782109206,kube-system,metrics-server-786d997795-hcp2m,8,47
1782109206,kube-system,svclb-traefik-1100f998-kpm9h,0,0
1782109206,kube-system,traefik-9bcdbbd9-qtpjt,1,37
1782109208,gsm-1,msc-test-stub-5b875d749d-mlqds,1,16
1782109208,gsm-1,osmo-bsc-594654bd47-ddft9,1,5
1782109208,gsm-1,osmo-bts-virtual-5f8b9b86fc-sw8wz,11,9
1782109208,gsm-1,osmo-hlr-546bdb8988-fckq5,1,2
1782109208,gsm-1,osmo-mgw-8c8fc67d6-4bf2r,1,2
1782109208,gsm-1,osmo-mobile-947867b85-p6xzq,3,28
1782109208,gsm-1,osmo-stp-768687f494-qtbrq,1,2
1782109208,gsm-1,ttcn3-tc-26-6-1-1-1-vvrw7,1,6
1782109208,gsm-1,virtphy-858665df6d-jhx4v,9,4
1782109208,kube-system,coredns-c4dbffb5f-p9rsr,2,28
1782109208,kube-system,local-path-provisioner-5c4dc5d66d-nfqxz,1,16
1782109208,kube-system,metrics-server-786d997795-hcp2m,8,47
1782109208,kube-system,svclb-traefik-1100f998-kpm9h,0,0
1782109208,kube-system,traefik-9bcdbbd9-qtpjt,1,37
1782109210,gsm-1,msc-test-stub-5b875d749d-mlqds,1,16
1782109210,gsm-1,osmo-bsc-594654bd47-ddft9,1,5
1782109210,gsm-1,osmo-bts-virtual-5f8b9b86fc-sw8wz,11,9
1782109210,gsm-1,osmo-hlr-546bdb8988-fckq5,1,2
1782109210,gsm-1,osmo-mgw-8c8fc67d6-4bf2r,1,2
1782109210,gsm-1,osmo-mobile-947867b85-p6xzq,3,28
1782109210,gsm-1,osmo-stp-768687f494-qtbrq,1,2
1782109210,gsm-1,ttcn3-tc-26-6-1-1-1-vvrw7,1,6
1782109210,gsm-1,virtphy-858665df6d-jhx4v,9,4
1782109210,kube-system,coredns-c4dbffb5f-p9rsr,2,28
1782109210,kube-system,local-path-provisioner-5c4dc5d66d-nfqxz,1,16
1782109210,kube-system,metrics-server-786d997795-hcp2m,8,47
1782109210,kube-system,svclb-traefik-1100f998-kpm9h,0,0
1782109210,kube-system,traefik-9bcdbbd9-qtpjt,1,37
1782109213,gsm-1,msc-test-stub-5b875d749d-mlqds,1,16
1782109213,gsm-1,osmo-bsc-594654bd47-ddft9,2,5
1782109213,gsm-1,osmo-bts-virtual-5f8b9b86fc-sw8wz,11,9
1782109213,gsm-1,osmo-hlr-546bdb8988-fckq5,1,2
1782109213,gsm-1,osmo-mgw-8c8fc67d6-4bf2r,1,2
1782109213,gsm-1,osmo-mobile-947867b85-p6xzq,3,28
1782109213,gsm-1,osmo-stp-768687f494-qtbrq,1,2
1782109213,gsm-1,ttcn3-tc-26-6-1-1-1-vvrw7,1,6
1782109213,gsm-1,virtphy-858665df6d-jhx4v,9,1
1782109213,kube-system,coredns-c4dbffb5f-p9rsr,2,28
1782109213,kube-system,local-path-provisioner-5c4dc5d66d-nfqxz,1,16
1782109213,kube-system,metrics-server-786d997795-hcp2m,8,47
1782109213,kube-system,svclb-traefik-1100f998-kpm9h,0,0
1782109213,kube-system,traefik-9bcdbbd9-qtpjt,1,37
1782109215,gsm-1,msc-test-stub-5b875d749d-mlqds,1,16
1782109215,gsm-1,osmo-bsc-594654bd47-ddft9,2,5
1782109215,gsm-1,osmo-bts-virtual-5f8b9b86fc-sw8wz,11,9
1782109215,gsm-1,osmo-hlr-546bdb8988-fckq5,1,2
1782109215,gsm-1,osmo-mgw-8c8fc67d6-4bf2r,1,2
1782109215,gsm-1,osmo-mobile-947867b85-p6xzq,3,28
1782109215,gsm-1,osmo-stp-768687f494-qtbrq,1,2
1782109215,gsm-1,ttcn3-tc-26-6-1-1-1-vvrw7,1,6
1782109215,gsm-1,virtphy-858665df6d-jhx4v,9,1
1782109215,kube-system,coredns-c4dbffb5f-p9rsr,2,28
1782109215,kube-system,local-path-provisioner-5c4dc5d66d-nfqxz,1,16
1782109215,kube-system,metrics-server-786d997795-hcp2m,8,47
1782109215,kube-system,svclb-traefik-1100f998-kpm9h,0,0
1782109215,kube-system,traefik-9bcdbbd9-qtpjt,1,37
1782109217,gsm-1,msc-test-stub-5b875d749d-mlqds,1,16
1782109217,gsm-1,osmo-bsc-594654bd47-ddft9,2,5
1782109217,gsm-1,osmo-bts-virtual-5f8b9b86fc-sw8wz,11,9
1782109217,gsm-1,osmo-hlr-546bdb8988-fckq5,1,2
1782109217,gsm-1,osmo-mgw-8c8fc67d6-4bf2r,1,2
1782109217,gsm-1,osmo-mobile-947867b85-p6xzq,3,28
1782109217,gsm-1,osmo-stp-768687f494-qtbrq,1,2
1782109217,gsm-1,ttcn3-tc-26-6-1-1-1-vvrw7,1,6
1782109217,gsm-1,virtphy-858665df6d-jhx4v,9,1
1782109217,kube-system,coredns-c4dbffb5f-p9rsr,2,28
1782109217,kube-system,local-path-provisioner-5c4dc5d66d-nfqxz,1,16
1782109217,kube-system,metrics-server-786d997795-hcp2m,8,47
1782109217,kube-system,svclb-traefik-1100f998-kpm9h,0,0
1782109217,kube-system,traefik-9bcdbbd9-qtpjt,1,37
1782109219,gsm-1,msc-test-stub-5b875d749d-mlqds,1,16
1782109219,gsm-1,osmo-bsc-594654bd47-ddft9,2,5
1782109219,gsm-1,osmo-bts-virtual-5f8b9b86fc-sw8wz,11,9
1782109219,gsm-1,osmo-hlr-546bdb8988-fckq5,1,2
1782109219,gsm-1,osmo-mgw-8c8fc67d6-4bf2r,1,2
1782109219,gsm-1,osmo-mobile-947867b85-p6xzq,3,28
1782109219,gsm-1,osmo-stp-768687f494-qtbrq,1,2
1782109219,gsm-1,ttcn3-tc-26-6-1-1-1-vvrw7,1,6
1782109219,gsm-1,virtphy-858665df6d-jhx4v,9,1
1782109219,kube-system,coredns-c4dbffb5f-p9rsr,2,28
1782109219,kube-system,local-path-provisioner-5c4dc5d66d-nfqxz,1,16
1782109219,kube-system,metrics-server-786d997795-hcp2m,8,47
1782109219,kube-system,svclb-traefik-1100f998-kpm9h,0,0
1782109219,kube-system,traefik-9bcdbbd9-qtpjt,1,37
1782109221,gsm-1,msc-test-stub-5b875d749d-mlqds,1,16
1782109221,gsm-1,osmo-bsc-594654bd47-ddft9,2,5
1782109221,gsm-1,osmo-bts-virtual-5f8b9b86fc-sw8wz,11,9
1782109221,gsm-1,osmo-hlr-546bdb8988-fckq5,1,2
1782109221,gsm-1,osmo-mgw-8c8fc67d6-4bf2r,1,2
1782109221,gsm-1,osmo-mobile-947867b85-p6xzq,3,28
1782109221,gsm-1,osmo-stp-768687f494-qtbrq,1,2
1782109221,gsm-1,ttcn3-tc-26-6-1-1-1-vvrw7,1,6
1782109221,gsm-1,virtphy-858665df6d-jhx4v,9,1
1782109221,kube-system,coredns-c4dbffb5f-p9rsr,2,28
1782109221,kube-system,local-path-provisioner-5c4dc5d66d-nfqxz,1,16
1782109221,kube-system,metrics-server-786d997795-hcp2m,8,47
1782109221,kube-system,svclb-traefik-1100f998-kpm9h,0,0
1782109221,kube-system,traefik-9bcdbbd9-qtpjt,1,37
1782109223,gsm-1,msc-test-stub-5b875d749d-mlqds,1,16
1782109223,gsm-1,osmo-bsc-594654bd47-ddft9,2,5
1782109223,gsm-1,osmo-bts-virtual-5f8b9b86fc-sw8wz,11,9
1782109223,gsm-1,osmo-hlr-546bdb8988-fckq5,1,2
1782109223,gsm-1,osmo-mgw-8c8fc67d6-4bf2r,1,2
1782109223,gsm-1,osmo-mobile-947867b85-p6xzq,3,28
1782109223,gsm-1,osmo-stp-768687f494-qtbrq,1,2
1782109223,gsm-1,ttcn3-tc-26-6-1-1-1-vvrw7,1,6
1782109223,gsm-1,virtphy-858665df6d-jhx4v,9,1
1782109223,kube-system,coredns-c4dbffb5f-p9rsr,2,28
1782109223,kube-system,local-path-provisioner-5c4dc5d66d-nfqxz,1,16
1782109223,kube-system,metrics-server-786d997795-hcp2m,8,47
1782109223,kube-system,svclb-traefik-1100f998-kpm9h,0,0
1782109223,kube-system,traefik-9bcdbbd9-qtpjt,1,37
1782109226,gsm-1,msc-test-stub-5b875d749d-mlqds,1,16
1782109226,gsm-1,osmo-bsc-594654bd47-ddft9,2,5
1782109226,gsm-1,osmo-bts-virtual-5f8b9b86fc-sw8wz,11,9
1782109226,gsm-1,osmo-hlr-546bdb8988-fckq5,1,2
1782109226,gsm-1,osmo-mgw-8c8fc67d6-4bf2r,1,2
1782109226,gsm-1,osmo-mobile-947867b85-p6xzq,3,28
1782109226,gsm-1,osmo-stp-768687f494-qtbrq,1,2
1782109226,gsm-1,ttcn3-tc-26-6-1-1-1-vvrw7,1,6
1782109226,gsm-1,virtphy-858665df6d-jhx4v,9,1
1782109226,kube-system,coredns-c4dbffb5f-p9rsr,2,28
1782109226,kube-system,local-path-provisioner-5c4dc5d66d-nfqxz,1,16
1782109226,kube-system,metrics-server-786d997795-hcp2m,8,47
1782109226,kube-system,svclb-traefik-1100f998-kpm9h,0,0
1782109226,kube-system,traefik-9bcdbbd9-qtpjt,1,37
1782109228,gsm-1,msc-test-stub-5b875d749d-mlqds,1,16
1782109228,gsm-1,osmo-bsc-594654bd47-ddft9,1,5
1782109228,gsm-1,osmo-bts-virtual-5f8b9b86fc-sw8wz,11,8
1782109228,gsm-1,osmo-hlr-546bdb8988-fckq5,1,2
1782109228,gsm-1,osmo-mgw-8c8fc67d6-4bf2r,1,2
1782109228,gsm-1,osmo-mobile-947867b85-p6xzq,2,28
1782109228,gsm-1,osmo-stp-768687f494-qtbrq,1,2
1782109228,gsm-1,ttcn3-tc-26-6-1-1-1-vvrw7,1,6
1782109228,gsm-1,virtphy-858665df6d-jhx4v,9,3
1782109228,kube-system,coredns-c4dbffb5f-p9rsr,2,28
1782109228,kube-system,local-path-provisioner-5c4dc5d66d-nfqxz,1,16
1782109228,kube-system,metrics-server-786d997795-hcp2m,7,47
1782109228,kube-system,svclb-traefik-1100f998-kpm9h,0,0
1782109228,kube-system,traefik-9bcdbbd9-qtpjt,1,37
1782109230,gsm-1,msc-test-stub-5b875d749d-mlqds,1,16
1782109230,gsm-1,osmo-bsc-594654bd47-ddft9,1,5
1782109230,gsm-1,osmo-bts-virtual-5f8b9b86fc-sw8wz,11,8
1782109230,gsm-1,osmo-hlr-546bdb8988-fckq5,1,2
1782109230,gsm-1,osmo-mgw-8c8fc67d6-4bf2r,1,2
1782109230,gsm-1,osmo-mobile-947867b85-p6xzq,2,28
1782109230,gsm-1,osmo-stp-768687f494-qtbrq,1,2
1782109230,gsm-1,ttcn3-tc-26-6-1-1-1-vvrw7,1,6
1782109230,gsm-1,virtphy-858665df6d-jhx4v,9,3
1782109230,kube-system,coredns-c4dbffb5f-p9rsr,2,28
1782109230,kube-system,local-path-provisioner-5c4dc5d66d-nfqxz,1,16
1782109230,kube-system,metrics-server-786d997795-hcp2m,7,47
1782109230,kube-system,svclb-traefik-1100f998-kpm9h,0,0
1782109230,kube-system,traefik-9bcdbbd9-qtpjt,1,37
1782109232,gsm-1,msc-test-stub-5b875d749d-mlqds,1,16
1782109232,gsm-1,osmo-bsc-594654bd47-ddft9,1,5
1782109232,gsm-1,osmo-bts-virtual-5f8b9b86fc-sw8wz,11,8
1782109232,gsm-1,osmo-hlr-546bdb8988-fckq5,1,2
1782109232,gsm-1,osmo-mgw-8c8fc67d6-4bf2r,1,2
1782109232,gsm-1,osmo-mobile-947867b85-p6xzq,2,28
1782109232,gsm-1,osmo-stp-768687f494-qtbrq,1,2
1782109232,gsm-1,ttcn3-tc-26-6-1-1-1-vvrw7,1,6
1782109232,gsm-1,virtphy-858665df6d-jhx4v,9,3
1782109232,kube-system,coredns-c4dbffb5f-p9rsr,2,28
1782109232,kube-system,local-path-provisioner-5c4dc5d66d-nfqxz,1,16
1782109232,kube-system,metrics-server-786d997795-hcp2m,7,47
1782109232,kube-system,svclb-traefik-1100f998-kpm9h,0,0
1782109232,kube-system,traefik-9bcdbbd9-qtpjt,1,37
1782109234,gsm-1,msc-test-stub-5b875d749d-mlqds,1,16
1782109234,gsm-1,osmo-bsc-594654bd47-ddft9,1,5
1782109234,gsm-1,osmo-bts-virtual-5f8b9b86fc-sw8wz,11,8
1782109234,gsm-1,osmo-hlr-546bdb8988-fckq5,1,2
1782109234,gsm-1,osmo-mgw-8c8fc67d6-4bf2r,1,2
1782109234,gsm-1,osmo-mobile-947867b85-p6xzq,2,28
1782109234,gsm-1,osmo-stp-768687f494-qtbrq,1,2
1782109234,gsm-1,ttcn3-tc-26-6-1-1-1-vvrw7,1,6
1782109234,gsm-1,virtphy-858665df6d-jhx4v,9,3
1782109234,kube-system,coredns-c4dbffb5f-p9rsr,2,28
1782109234,kube-system,local-path-provisioner-5c4dc5d66d-nfqxz,1,16
1782109234,kube-system,metrics-server-786d997795-hcp2m,7,47
1782109234,kube-system,svclb-traefik-1100f998-kpm9h,0,0
1782109234,kube-system,traefik-9bcdbbd9-qtpjt,1,37
1782109236,gsm-1,msc-test-stub-5b875d749d-mlqds,1,16
1782109236,gsm-1,osmo-bsc-594654bd47-ddft9,1,5
1782109236,gsm-1,osmo-bts-virtual-5f8b9b86fc-sw8wz,11,8
1782109236,gsm-1,osmo-hlr-546bdb8988-fckq5,1,2
1782109236,gsm-1,osmo-mgw-8c8fc67d6-4bf2r,1,2
1782109236,gsm-1,osmo-mobile-947867b85-p6xzq,2,28
1782109236,gsm-1,osmo-stp-768687f494-qtbrq,1,2
1782109236,gsm-1,ttcn3-tc-26-6-1-1-1-vvrw7,1,6
1782109236,gsm-1,virtphy-858665df6d-jhx4v,9,3
1782109236,kube-system,coredns-c4dbffb5f-p9rsr,2,28
1782109236,kube-system,local-path-provisioner-5c4dc5d66d-nfqxz,1,16
1782109236,kube-system,metrics-server-786d997795-hcp2m,7,47
1782109236,kube-system,svclb-traefik-1100f998-kpm9h,0,0
1782109236,kube-system,traefik-9bcdbbd9-qtpjt,1,37
1782109238,gsm-1,msc-test-stub-5b875d749d-mlqds,1,16
1782109238,gsm-1,osmo-bsc-594654bd47-ddft9,1,5
1782109238,gsm-1,osmo-bts-virtual-5f8b9b86fc-sw8wz,11,8
1782109238,gsm-1,osmo-hlr-546bdb8988-fckq5,1,2
1782109238,gsm-1,osmo-mgw-8c8fc67d6-4bf2r,1,2
1782109238,gsm-1,osmo-mobile-947867b85-p6xzq,2,28
1782109238,gsm-1,osmo-stp-768687f494-qtbrq,1,2
1782109238,gsm-1,ttcn3-tc-26-6-1-1-1-vvrw7,1,6
1782109238,gsm-1,virtphy-858665df6d-jhx4v,9,3
1782109238,kube-system,coredns-c4dbffb5f-p9rsr,2,28
1782109238,kube-system,local-path-provisioner-5c4dc5d66d-nfqxz,1,16
1782109238,kube-system,metrics-server-786d997795-hcp2m,7,47
1782109238,kube-system,svclb-traefik-1100f998-kpm9h,0,0
1782109238,kube-system,traefik-9bcdbbd9-qtpjt,1,37
1782109241,gsm-1,msc-test-stub-5b875d749d-mlqds,1,16
1782109241,gsm-1,osmo-bsc-594654bd47-ddft9,1,5
1782109241,gsm-1,osmo-bts-virtual-5f8b9b86fc-sw8wz,11,8
1782109241,gsm-1,osmo-hlr-546bdb8988-fckq5,1,2
1782109241,gsm-1,osmo-mgw-8c8fc67d6-4bf2r,1,2
1782109241,gsm-1,osmo-mobile-947867b85-p6xzq,2,28
1782109241,gsm-1,osmo-stp-768687f494-qtbrq,1,2
1782109241,gsm-1,ttcn3-tc-26-6-1-1-1-vvrw7,1,6
1782109241,gsm-1,virtphy-858665df6d-jhx4v,9,3
1782109241,kube-system,coredns-c4dbffb5f-p9rsr,2,28
1782109241,kube-system,local-path-provisioner-5c4dc5d66d-nfqxz,1,16
1782109241,kube-system,metrics-server-786d997795-hcp2m,7,47
1782109241,kube-system,svclb-traefik-1100f998-kpm9h,0,0
1782109241,kube-system,traefik-9bcdbbd9-qtpjt,1,37
1782109243,gsm-1,msc-test-stub-5b875d749d-mlqds,1,16
1782109243,gsm-1,osmo-bsc-594654bd47-ddft9,1,5
1782109243,gsm-1,osmo-bts-virtual-5f8b9b86fc-sw8wz,11,8
1782109243,gsm-1,osmo-hlr-546bdb8988-fckq5,1,2
1782109243,gsm-1,osmo-mgw-8c8fc67d6-4bf2r,1,2
1782109243,gsm-1,osmo-mobile-947867b85-p6xzq,2,28
1782109243,gsm-1,osmo-stp-768687f494-qtbrq,1,2
1782109243,gsm-1,ttcn3-tc-26-6-1-1-1-vvrw7,1,6
1782109243,gsm-1,virtphy-858665df6d-jhx4v,9,1
1782109243,kube-system,coredns-c4dbffb5f-p9rsr,3,28
1782109243,kube-system,local-path-provisioner-5c4dc5d66d-nfqxz,1,16
1782109243,kube-system,metrics-server-786d997795-hcp2m,13,47
1782109243,kube-system,svclb-traefik-1100f998-kpm9h,0,0
1782109243,kube-system,traefik-9bcdbbd9-qtpjt,1,37
1782109245,gsm-1,msc-test-stub-5b875d749d-mlqds,1,16
1782109245,gsm-1,osmo-bsc-594654bd47-ddft9,1,5
1782109245,gsm-1,osmo-bts-virtual-5f8b9b86fc-sw8wz,11,8
1782109245,gsm-1,osmo-hlr-546bdb8988-fckq5,1,2
1782109245,gsm-1,osmo-mgw-8c8fc67d6-4bf2r,1,2
1782109245,gsm-1,osmo-mobile-947867b85-p6xzq,2,28
1782109245,gsm-1,osmo-stp-768687f494-qtbrq,1,2
1782109245,gsm-1,ttcn3-tc-26-6-1-1-1-vvrw7,1,6
1782109245,gsm-1,virtphy-858665df6d-jhx4v,9,1
1782109245,kube-system,coredns-c4dbffb5f-p9rsr,3,28
1782109245,kube-system,local-path-provisioner-5c4dc5d66d-nfqxz,1,16
1782109245,kube-system,metrics-server-786d997795-hcp2m,13,47
1782109245,kube-system,svclb-traefik-1100f998-kpm9h,0,0
1782109245,kube-system,traefik-9bcdbbd9-qtpjt,1,37
1782109247,gsm-1,msc-test-stub-5b875d749d-mlqds,1,16
1782109247,gsm-1,osmo-bsc-594654bd47-ddft9,1,5
1782109247,gsm-1,osmo-bts-virtual-5f8b9b86fc-sw8wz,11,8
1782109247,gsm-1,osmo-hlr-546bdb8988-fckq5,1,2
1782109247,gsm-1,osmo-mgw-8c8fc67d6-4bf2r,1,2
1782109247,gsm-1,osmo-mobile-947867b85-p6xzq,2,28
1782109247,gsm-1,osmo-stp-768687f494-qtbrq,1,2
1782109247,gsm-1,ttcn3-tc-26-6-1-1-1-vvrw7,1,6
1782109247,gsm-1,virtphy-858665df6d-jhx4v,9,1
1782109247,kube-system,coredns-c4dbffb5f-p9rsr,3,28
1782109247,kube-system,local-path-provisioner-5c4dc5d66d-nfqxz,1,16
1782109247,kube-system,metrics-server-786d997795-hcp2m,13,47
1782109247,kube-system,svclb-traefik-1100f998-kpm9h,0,0
1782109247,kube-system,traefik-9bcdbbd9-qtpjt,1,37
1782109250,gsm-1,msc-test-stub-5b875d749d-mlqds,1,16
1782109250,gsm-1,osmo-bsc-594654bd47-ddft9,1,5
1782109250,gsm-1,osmo-bts-virtual-5f8b9b86fc-sw8wz,11,8
1782109250,gsm-1,osmo-hlr-546bdb8988-fckq5,1,2
1782109250,gsm-1,osmo-mgw-8c8fc67d6-4bf2r,1,2
1782109250,gsm-1,osmo-mobile-947867b85-p6xzq,2,28
1782109250,gsm-1,osmo-stp-768687f494-qtbrq,1,2
1782109250,gsm-1,ttcn3-tc-26-6-1-1-1-vvrw7,1,6
1782109250,gsm-1,virtphy-858665df6d-jhx4v,9,1
1782109250,kube-system,coredns-c4dbffb5f-p9rsr,3,28
1782109250,kube-system,local-path-provisioner-5c4dc5d66d-nfqxz,1,16
1782109250,kube-system,metrics-server-786d997795-hcp2m,13,47
1782109250,kube-system,svclb-traefik-1100f998-kpm9h,0,0
1782109250,kube-system,traefik-9bcdbbd9-qtpjt,1,37
1782109252,gsm-1,msc-test-stub-5b875d749d-mlqds,1,16
1782109252,gsm-1,osmo-bsc-594654bd47-ddft9,1,5
1782109252,gsm-1,osmo-bts-virtual-5f8b9b86fc-sw8wz,11,8
1782109252,gsm-1,osmo-hlr-546bdb8988-fckq5,1,2
1782109252,gsm-1,osmo-mgw-8c8fc67d6-4bf2r,1,2
1782109252,gsm-1,osmo-mobile-947867b85-p6xzq,2,28
1782109252,gsm-1,osmo-stp-768687f494-qtbrq,1,2
1782109252,gsm-1,ttcn3-tc-26-6-1-1-1-vvrw7,1,6
1782109252,gsm-1,virtphy-858665df6d-jhx4v,9,1
1782109252,kube-system,coredns-c4dbffb5f-p9rsr,3,28
1782109252,kube-system,local-path-provisioner-5c4dc5d66d-nfqxz,1,16
1782109252,kube-system,metrics-server-786d997795-hcp2m,13,47
1782109252,kube-system,svclb-traefik-1100f998-kpm9h,0,0
1782109252,kube-system,traefik-9bcdbbd9-qtpjt,1,37
1782109254,gsm-1,msc-test-stub-5b875d749d-mlqds,1,16
1782109254,gsm-1,osmo-bsc-594654bd47-ddft9,1,5
1782109254,gsm-1,osmo-bts-virtual-5f8b9b86fc-sw8wz,11,8
1782109254,gsm-1,osmo-hlr-546bdb8988-fckq5,1,2
1782109254,gsm-1,osmo-mgw-8c8fc67d6-4bf2r,1,2
1782109254,gsm-1,osmo-mobile-947867b85-p6xzq,2,28
1782109254,gsm-1,osmo-stp-768687f494-qtbrq,1,2
1782109254,gsm-1,ttcn3-tc-26-6-1-1-1-vvrw7,1,6
1782109254,gsm-1,virtphy-858665df6d-jhx4v,9,1
1782109254,kube-system,coredns-c4dbffb5f-p9rsr,3,28
1782109254,kube-system,local-path-provisioner-5c4dc5d66d-nfqxz,1,16
1782109254,kube-system,metrics-server-786d997795-hcp2m,13,47
1782109254,kube-system,svclb-traefik-1100f998-kpm9h,0,0
1782109254,kube-system,traefik-9bcdbbd9-qtpjt,1,37
1782109256,gsm-1,msc-test-stub-5b875d749d-mlqds,1,16
1782109256,gsm-1,osmo-bsc-594654bd47-ddft9,1,5
1782109256,gsm-1,osmo-bts-virtual-5f8b9b86fc-sw8wz,11,8
1782109256,gsm-1,osmo-hlr-546bdb8988-fckq5,1,2
1782109256,gsm-1,osmo-mgw-8c8fc67d6-4bf2r,1,2
1782109256,gsm-1,osmo-mobile-947867b85-p6xzq,2,28
1782109256,gsm-1,osmo-stp-768687f494-qtbrq,1,2
1782109256,gsm-1,ttcn3-tc-26-6-1-1-1-vvrw7,1,6
1782109256,gsm-1,virtphy-858665df6d-jhx4v,9,1
1782109256,kube-system,coredns-c4dbffb5f-p9rsr,3,28
1782109256,kube-system,local-path-provisioner-5c4dc5d66d-nfqxz,1,16
1782109256,kube-system,metrics-server-786d997795-hcp2m,13,47
1782109256,kube-system,svclb-traefik-1100f998-kpm9h,0,0
1782109256,kube-system,traefik-9bcdbbd9-qtpjt,1,37
1782109258,gsm-1,msc-test-stub-5b875d749d-mlqds,1,16
1782109258,gsm-1,osmo-bsc-594654bd47-ddft9,1,5
1782109258,gsm-1,osmo-bts-virtual-5f8b9b86fc-sw8wz,10,9
1782109258,gsm-1,osmo-hlr-546bdb8988-fckq5,1,2
1782109258,gsm-1,osmo-mgw-8c8fc67d6-4bf2r,1,2
1782109258,gsm-1,osmo-mobile-947867b85-p6xzq,3,28
1782109258,gsm-1,osmo-stp-768687f494-qtbrq,1,2
1782109258,gsm-1,ttcn3-tc-26-6-1-1-1-vvrw7,1,6
1782109258,gsm-1,virtphy-858665df6d-jhx4v,9,1
1782109258,kube-system,coredns-c4dbffb5f-p9rsr,3,28
1782109258,kube-system,local-path-provisioner-5c4dc5d66d-nfqxz,1,16
1782109258,kube-system,metrics-server-786d997795-hcp2m,7,47
1782109258,kube-system,svclb-traefik-1100f998-kpm9h,0,0
1782109258,kube-system,traefik-9bcdbbd9-qtpjt,1,37
1782109260,gsm-1,msc-test-stub-5b875d749d-mlqds,1,16
1782109260,gsm-1,osmo-bsc-594654bd47-ddft9,1,5
1782109260,gsm-1,osmo-bts-virtual-5f8b9b86fc-sw8wz,10,9
1782109260,gsm-1,osmo-hlr-546bdb8988-fckq5,1,2
1782109260,gsm-1,osmo-mgw-8c8fc67d6-4bf2r,1,2
1782109260,gsm-1,osmo-mobile-947867b85-p6xzq,3,28
1782109260,gsm-1,osmo-stp-768687f494-qtbrq,1,2
1782109260,gsm-1,ttcn3-tc-26-6-1-1-1-vvrw7,1,6
1782109260,gsm-1,virtphy-858665df6d-jhx4v,9,1
1782109260,kube-system,coredns-c4dbffb5f-p9rsr,3,28
1782109260,kube-system,local-path-provisioner-5c4dc5d66d-nfqxz,1,16
1782109260,kube-system,metrics-server-786d997795-hcp2m,7,47
1782109260,kube-system,svclb-traefik-1100f998-kpm9h,0,0
1782109260,kube-system,traefik-9bcdbbd9-qtpjt,1,37
1782109262,gsm-1,msc-test-stub-5b875d749d-mlqds,1,16
1782109262,gsm-1,osmo-bsc-594654bd47-ddft9,1,5
1782109262,gsm-1,osmo-bts-virtual-5f8b9b86fc-sw8wz,10,9
1782109262,gsm-1,osmo-hlr-546bdb8988-fckq5,1,2
1782109262,gsm-1,osmo-mgw-8c8fc67d6-4bf2r,1,2
1782109262,gsm-1,osmo-mobile-947867b85-p6xzq,3,28
1782109262,gsm-1,osmo-stp-768687f494-qtbrq,1,2
1782109262,gsm-1,ttcn3-tc-26-6-1-1-1-vvrw7,1,6
1782109262,gsm-1,virtphy-858665df6d-jhx4v,9,1
1782109262,kube-system,coredns-c4dbffb5f-p9rsr,3,28
1782109262,kube-system,local-path-provisioner-5c4dc5d66d-nfqxz,1,16
1782109262,kube-system,metrics-server-786d997795-hcp2m,7,47
1782109262,kube-system,svclb-traefik-1100f998-kpm9h,0,0
1782109262,kube-system,traefik-9bcdbbd9-qtpjt,1,37
1782109264,gsm-1,msc-test-stub-5b875d749d-mlqds,1,16
1782109264,gsm-1,osmo-bsc-594654bd47-ddft9,1,5
1782109264,gsm-1,osmo-bts-virtual-5f8b9b86fc-sw8wz,10,9
1782109264,gsm-1,osmo-hlr-546bdb8988-fckq5,1,2
1782109264,gsm-1,osmo-mgw-8c8fc67d6-4bf2r,1,2
1782109264,gsm-1,osmo-mobile-947867b85-p6xzq,3,28
1782109264,gsm-1,osmo-stp-768687f494-qtbrq,1,2
1782109264,gsm-1,ttcn3-tc-26-6-1-1-1-vvrw7,1,6
1782109264,gsm-1,virtphy-858665df6d-jhx4v,9,1
1782109264,kube-system,coredns-c4dbffb5f-p9rsr,3,28
1782109264,kube-system,local-path-provisioner-5c4dc5d66d-nfqxz,1,16
1782109264,kube-system,metrics-server-786d997795-hcp2m,7,47
1782109264,kube-system,svclb-traefik-1100f998-kpm9h,0,0
1782109264,kube-system,traefik-9bcdbbd9-qtpjt,1,37
1782109266,gsm-1,msc-test-stub-5b875d749d-mlqds,1,16
1782109266,gsm-1,osmo-bsc-594654bd47-ddft9,1,5
1782109266,gsm-1,osmo-bts-virtual-5f8b9b86fc-sw8wz,10,9
1782109266,gsm-1,osmo-hlr-546bdb8988-fckq5,1,2
1782109266,gsm-1,osmo-mgw-8c8fc67d6-4bf2r,1,2
1782109266,gsm-1,osmo-mobile-947867b85-p6xzq,3,28
1782109266,gsm-1,osmo-stp-768687f494-qtbrq,1,2
1782109266,gsm-1,ttcn3-tc-26-6-1-1-1-vvrw7,1,6
1782109266,gsm-1,virtphy-858665df6d-jhx4v,9,1
1782109266,kube-system,coredns-c4dbffb5f-p9rsr,3,28
1782109266,kube-system,local-path-provisioner-5c4dc5d66d-nfqxz,1,16
1782109266,kube-system,metrics-server-786d997795-hcp2m,7,47
1782109266,kube-system,svclb-traefik-1100f998-kpm9h,0,0
1782109266,kube-system,traefik-9bcdbbd9-qtpjt,1,37
1782109268,gsm-1,msc-test-stub-5b875d749d-mlqds,1,16
1782109268,gsm-1,osmo-bsc-594654bd47-ddft9,1,5
1782109268,gsm-1,osmo-bts-virtual-5f8b9b86fc-sw8wz,10,9
1782109268,gsm-1,osmo-hlr-546bdb8988-fckq5,1,2
1782109268,gsm-1,osmo-mgw-8c8fc67d6-4bf2r,1,2
1782109268,gsm-1,osmo-mobile-947867b85-p6xzq,3,28
1782109268,gsm-1,osmo-stp-768687f494-qtbrq,1,2
1782109268,gsm-1,ttcn3-tc-26-6-1-1-1-vvrw7,1,6
1782109268,gsm-1,virtphy-858665df6d-jhx4v,9,1
1782109268,kube-system,coredns-c4dbffb5f-p9rsr,3,28
1782109268,kube-system,local-path-provisioner-5c4dc5d66d-nfqxz,1,16
1782109268,kube-system,metrics-server-786d997795-hcp2m,7,47
1782109268,kube-system,svclb-traefik-1100f998-kpm9h,0,0
1782109268,kube-system,traefik-9bcdbbd9-qtpjt,1,37
1782109270,gsm-1,msc-test-stub-5b875d749d-mlqds,1,16
1782109270,gsm-1,osmo-bsc-594654bd47-ddft9,1,5
1782109270,gsm-1,osmo-bts-virtual-5f8b9b86fc-sw8wz,10,9
1782109270,gsm-1,osmo-hlr-546bdb8988-fckq5,1,2
1782109270,gsm-1,osmo-mgw-8c8fc67d6-4bf2r,1,2
1782109270,gsm-1,osmo-mobile-947867b85-p6xzq,3,28
1782109270,gsm-1,osmo-stp-768687f494-qtbrq,1,2
1782109270,gsm-1,ttcn3-tc-26-6-1-1-1-vvrw7,1,6
1782109270,gsm-1,virtphy-858665df6d-jhx4v,9,1
1782109270,kube-system,coredns-c4dbffb5f-p9rsr,3,28
1782109270,kube-system,local-path-provisioner-5c4dc5d66d-nfqxz,1,16
1782109270,kube-system,metrics-server-786d997795-hcp2m,7,47
1782109270,kube-system,svclb-traefik-1100f998-kpm9h,0,0
1782109270,kube-system,traefik-9bcdbbd9-qtpjt,1,37
1782109273,gsm-1,msc-test-stub-5b875d749d-mlqds,1,16
1782109273,gsm-1,osmo-bsc-594654bd47-ddft9,1,5
1782109273,gsm-1,osmo-bts-virtual-5f8b9b86fc-sw8wz,10,9
1782109273,gsm-1,osmo-hlr-546bdb8988-fckq5,1,2
1782109273,gsm-1,osmo-mgw-8c8fc67d6-4bf2r,1,2
1782109273,gsm-1,osmo-mobile-947867b85-p6xzq,3,28
1782109273,gsm-1,osmo-stp-768687f494-qtbrq,1,2
1782109273,gsm-1,ttcn3-tc-26-6-1-1-1-vvrw7,1,6
1782109273,gsm-1,virtphy-858665df6d-jhx4v,9,4
1782109273,kube-system,coredns-c4dbffb5f-p9rsr,4,29
1782109273,kube-system,local-path-provisioner-5c4dc5d66d-nfqxz,1,16
1782109273,kube-system,metrics-server-786d997795-hcp2m,9,47
1782109273,kube-system,svclb-traefik-1100f998-kpm9h,0,0
1782109273,kube-system,traefik-9bcdbbd9-qtpjt,3,37
1782109275,gsm-1,msc-test-stub-5b875d749d-mlqds,1,16
1782109275,gsm-1,osmo-bsc-594654bd47-ddft9,1,5
1782109275,gsm-1,osmo-bts-virtual-5f8b9b86fc-sw8wz,10,9
1782109275,gsm-1,osmo-hlr-546bdb8988-fckq5,1,2
1782109275,gsm-1,osmo-mgw-8c8fc67d6-4bf2r,1,2
1782109275,gsm-1,osmo-mobile-947867b85-p6xzq,3,28
1782109275,gsm-1,osmo-stp-768687f494-qtbrq,1,2
1782109275,gsm-1,ttcn3-tc-26-6-1-1-1-vvrw7,1,6
1782109275,gsm-1,virtphy-858665df6d-jhx4v,9,4
1782109275,kube-system,coredns-c4dbffb5f-p9rsr,4,29
1782109275,kube-system,local-path-provisioner-5c4dc5d66d-nfqxz,1,16
1782109275,kube-system,metrics-server-786d997795-hcp2m,9,47
1782109275,kube-system,svclb-traefik-1100f998-kpm9h,0,0
1782109275,kube-system,traefik-9bcdbbd9-qtpjt,3,37
1782109277,gsm-1,msc-test-stub-5b875d749d-mlqds,1,16
1782109277,gsm-1,osmo-bsc-594654bd47-ddft9,1,5
1782109277,gsm-1,osmo-bts-virtual-5f8b9b86fc-sw8wz,10,9
1782109277,gsm-1,osmo-hlr-546bdb8988-fckq5,1,2
1782109277,gsm-1,osmo-mgw-8c8fc67d6-4bf2r,1,2
1782109277,gsm-1,osmo-mobile-947867b85-p6xzq,3,28
1782109277,gsm-1,osmo-stp-768687f494-qtbrq,1,2
1782109277,gsm-1,ttcn3-tc-26-6-1-1-1-vvrw7,1,6
1782109277,gsm-1,virtphy-858665df6d-jhx4v,9,4
1782109277,kube-system,coredns-c4dbffb5f-p9rsr,4,29
1782109277,kube-system,local-path-provisioner-5c4dc5d66d-nfqxz,1,16
1782109277,kube-system,metrics-server-786d997795-hcp2m,9,47
1782109277,kube-system,svclb-traefik-1100f998-kpm9h,0,0
1782109277,kube-system,traefik-9bcdbbd9-qtpjt,3,37
1782109279,gsm-1,msc-test-stub-5b875d749d-mlqds,1,16
1782109279,gsm-1,osmo-bsc-594654bd47-ddft9,1,5
1782109279,gsm-1,osmo-bts-virtual-5f8b9b86fc-sw8wz,10,9
1782109279,gsm-1,osmo-hlr-546bdb8988-fckq5,1,2
1782109279,gsm-1,osmo-mgw-8c8fc67d6-4bf2r,1,2
1782109279,gsm-1,osmo-mobile-947867b85-p6xzq,3,28
1782109279,gsm-1,osmo-stp-768687f494-qtbrq,1,2
1782109279,gsm-1,ttcn3-tc-26-6-1-1-1-vvrw7,1,6
1782109279,gsm-1,virtphy-858665df6d-jhx4v,9,4
1782109279,kube-system,coredns-c4dbffb5f-p9rsr,4,29
1782109279,kube-system,local-path-provisioner-5c4dc5d66d-nfqxz,1,16
1782109279,kube-system,metrics-server-786d997795-hcp2m,9,47
1782109279,kube-system,svclb-traefik-1100f998-kpm9h,0,0
1782109279,kube-system,traefik-9bcdbbd9-qtpjt,3,37
1782109282,gsm-1,msc-test-stub-5b875d749d-mlqds,1,16
1782109282,gsm-1,osmo-bsc-594654bd47-ddft9,1,5
1782109282,gsm-1,osmo-bts-virtual-5f8b9b86fc-sw8wz,10,9
1782109282,gsm-1,osmo-hlr-546bdb8988-fckq5,1,2
1782109282,gsm-1,osmo-mgw-8c8fc67d6-4bf2r,1,2
1782109282,gsm-1,osmo-mobile-947867b85-p6xzq,3,28
1782109282,gsm-1,osmo-stp-768687f494-qtbrq,1,2
1782109282,gsm-1,ttcn3-tc-26-6-1-1-1-vvrw7,1,6
1782109282,gsm-1,virtphy-858665df6d-jhx4v,9,4
1782109282,kube-system,coredns-c4dbffb5f-p9rsr,4,29
1782109282,kube-system,local-path-provisioner-5c4dc5d66d-nfqxz,1,16
1782109282,kube-system,metrics-server-786d997795-hcp2m,9,47
1782109282,kube-system,svclb-traefik-1100f998-kpm9h,0,0
1782109282,kube-system,traefik-9bcdbbd9-qtpjt,3,37
1782109284,gsm-1,msc-test-stub-5b875d749d-mlqds,1,16
1782109284,gsm-1,osmo-bsc-594654bd47-ddft9,1,5
1782109284,gsm-1,osmo-bts-virtual-5f8b9b86fc-sw8wz,10,9
1782109284,gsm-1,osmo-hlr-546bdb8988-fckq5,1,2
1782109284,gsm-1,osmo-mgw-8c8fc67d6-4bf2r,1,2
1782109284,gsm-1,osmo-mobile-947867b85-p6xzq,3,28
1782109284,gsm-1,osmo-stp-768687f494-qtbrq,1,2
1782109284,gsm-1,ttcn3-tc-26-6-1-1-1-vvrw7,1,6
1782109284,gsm-1,virtphy-858665df6d-jhx4v,9,4
1782109284,kube-system,coredns-c4dbffb5f-p9rsr,4,29
1782109284,kube-system,local-path-provisioner-5c4dc5d66d-nfqxz,1,16
1782109284,kube-system,metrics-server-786d997795-hcp2m,9,47
1782109284,kube-system,svclb-traefik-1100f998-kpm9h,0,0
1782109284,kube-system,traefik-9bcdbbd9-qtpjt,3,37
1782109286,gsm-1,msc-test-stub-5b875d749d-mlqds,1,16
1782109286,gsm-1,osmo-bsc-594654bd47-ddft9,1,5
1782109286,gsm-1,osmo-bts-virtual-5f8b9b86fc-sw8wz,10,9
1782109286,gsm-1,osmo-hlr-546bdb8988-fckq5,1,2
1782109286,gsm-1,osmo-mgw-8c8fc67d6-4bf2r,1,2
1782109286,gsm-1,osmo-mobile-947867b85-p6xzq,3,28
1782109286,gsm-1,osmo-stp-768687f494-qtbrq,1,2
1782109286,gsm-1,ttcn3-tc-26-6-1-1-1-vvrw7,1,6
1782109286,gsm-1,virtphy-858665df6d-jhx4v,9,4
1782109286,kube-system,coredns-c4dbffb5f-p9rsr,4,29
1782109286,kube-system,local-path-provisioner-5c4dc5d66d-nfqxz,1,16
1782109286,kube-system,metrics-server-786d997795-hcp2m,9,47
1782109286,kube-system,svclb-traefik-1100f998-kpm9h,0,0
1782109286,kube-system,traefik-9bcdbbd9-qtpjt,3,37
1782109288,gsm-1,msc-test-stub-5b875d749d-mlqds,1,16
1782109288,gsm-1,osmo-bsc-594654bd47-ddft9,1,5
1782109288,gsm-1,osmo-bts-virtual-5f8b9b86fc-sw8wz,10,7
1782109288,gsm-1,osmo-hlr-546bdb8988-fckq5,1,2
1782109288,gsm-1,osmo-mgw-8c8fc67d6-4bf2r,1,2
1782109288,gsm-1,osmo-mobile-947867b85-p6xzq,2,28
1782109288,gsm-1,osmo-stp-768687f494-qtbrq,1,2
1782109288,gsm-1,ttcn3-tc-26-6-1-1-1-vvrw7,1,6
1782109288,gsm-1,virtphy-858665df6d-jhx4v,10,3
1782109288,kube-system,coredns-c4dbffb5f-p9rsr,3,28
1782109288,kube-system,local-path-provisioner-5c4dc5d66d-nfqxz,1,16
1782109288,kube-system,metrics-server-786d997795-hcp2m,10,47
1782109288,kube-system,svclb-traefik-1100f998-kpm9h,0,0
1782109288,kube-system,traefik-9bcdbbd9-qtpjt,1,37
1782109290,gsm-1,msc-test-stub-5b875d749d-mlqds,1,16
1782109290,gsm-1,osmo-bsc-594654bd47-ddft9,1,5
1782109290,gsm-1,osmo-bts-virtual-5f8b9b86fc-sw8wz,10,7
1782109290,gsm-1,osmo-hlr-546bdb8988-fckq5,1,2
1782109290,gsm-1,osmo-mgw-8c8fc67d6-4bf2r,1,2
1782109290,gsm-1,osmo-mobile-947867b85-p6xzq,2,28
1782109290,gsm-1,osmo-stp-768687f494-qtbrq,1,2
1782109290,gsm-1,ttcn3-tc-26-6-1-1-1-vvrw7,1,6
1782109290,gsm-1,virtphy-858665df6d-jhx4v,10,3
1782109290,kube-system,coredns-c4dbffb5f-p9rsr,3,28
1782109290,kube-system,local-path-provisioner-5c4dc5d66d-nfqxz,1,16
1782109290,kube-system,metrics-server-786d997795-hcp2m,10,47
1782109290,kube-system,svclb-traefik-1100f998-kpm9h,0,0
1782109290,kube-system,traefik-9bcdbbd9-qtpjt,1,37
1782109292,gsm-1,msc-test-stub-5b875d749d-mlqds,1,16
1782109292,gsm-1,osmo-bsc-594654bd47-ddft9,1,5
1782109292,gsm-1,osmo-bts-virtual-5f8b9b86fc-sw8wz,10,7
1782109292,gsm-1,osmo-hlr-546bdb8988-fckq5,1,2
1782109292,gsm-1,osmo-mgw-8c8fc67d6-4bf2r,1,2
1782109292,gsm-1,osmo-mobile-947867b85-p6xzq,2,28
1782109292,gsm-1,osmo-stp-768687f494-qtbrq,1,2
1782109292,gsm-1,ttcn3-tc-26-6-1-1-1-vvrw7,1,6
1782109292,gsm-1,virtphy-858665df6d-jhx4v,10,3
1782109292,kube-system,coredns-c4dbffb5f-p9rsr,3,28
1782109292,kube-system,local-path-provisioner-5c4dc5d66d-nfqxz,1,16
1782109292,kube-system,metrics-server-786d997795-hcp2m,10,47
1782109292,kube-system,svclb-traefik-1100f998-kpm9h,0,0
1782109292,kube-system,traefik-9bcdbbd9-qtpjt,1,37
1782109294,gsm-1,msc-test-stub-5b875d749d-mlqds,1,16
1782109294,gsm-1,osmo-bsc-594654bd47-ddft9,1,5
1782109294,gsm-1,osmo-bts-virtual-5f8b9b86fc-sw8wz,10,7
1782109294,gsm-1,osmo-hlr-546bdb8988-fckq5,1,2
1782109294,gsm-1,osmo-mgw-8c8fc67d6-4bf2r,1,2
1782109294,gsm-1,osmo-mobile-947867b85-p6xzq,2,28
1782109294,gsm-1,osmo-stp-768687f494-qtbrq,1,2
1782109294,gsm-1,ttcn3-tc-26-6-1-1-1-vvrw7,1,6
1782109294,gsm-1,virtphy-858665df6d-jhx4v,10,3
1782109294,kube-system,coredns-c4dbffb5f-p9rsr,3,28
1782109294,kube-system,local-path-provisioner-5c4dc5d66d-nfqxz,1,16
1782109294,kube-system,metrics-server-786d997795-hcp2m,10,47
1782109294,kube-system,svclb-traefik-1100f998-kpm9h,0,0
1782109294,kube-system,traefik-9bcdbbd9-qtpjt,1,37
1782109296,gsm-1,msc-test-stub-5b875d749d-mlqds,1,16
1782109296,gsm-1,osmo-bsc-594654bd47-ddft9,1,5
1782109296,gsm-1,osmo-bts-virtual-5f8b9b86fc-sw8wz,10,7
1782109296,gsm-1,osmo-hlr-546bdb8988-fckq5,1,2
1782109296,gsm-1,osmo-mgw-8c8fc67d6-4bf2r,1,2
1782109296,gsm-1,osmo-mobile-947867b85-p6xzq,2,28
1782109296,gsm-1,osmo-stp-768687f494-qtbrq,1,2
1782109296,gsm-1,ttcn3-tc-26-6-1-1-1-vvrw7,1,6
1782109296,gsm-1,virtphy-858665df6d-jhx4v,10,3
1782109296,kube-system,coredns-c4dbffb5f-p9rsr,3,28
1782109296,kube-system,local-path-provisioner-5c4dc5d66d-nfqxz,1,16
1782109296,kube-system,metrics-server-786d997795-hcp2m,10,47
1782109296,kube-system,svclb-traefik-1100f998-kpm9h,0,0
1782109296,kube-system,traefik-9bcdbbd9-qtpjt,1,37
1782109299,gsm-1,msc-test-stub-5b875d749d-mlqds,1,16
1782109299,gsm-1,osmo-bsc-594654bd47-ddft9,1,5
1782109299,gsm-1,osmo-bts-virtual-5f8b9b86fc-sw8wz,10,7
1782109299,gsm-1,osmo-hlr-546bdb8988-fckq5,1,2
1782109299,gsm-1,osmo-mgw-8c8fc67d6-4bf2r,1,2
1782109299,gsm-1,osmo-mobile-947867b85-p6xzq,2,28
1782109299,gsm-1,osmo-stp-768687f494-qtbrq,1,2
1782109299,gsm-1,ttcn3-tc-26-6-1-1-1-vvrw7,1,6
1782109299,gsm-1,virtphy-858665df6d-jhx4v,10,3
1782109299,kube-system,coredns-c4dbffb5f-p9rsr,3,28
1782109299,kube-system,local-path-provisioner-5c4dc5d66d-nfqxz,1,16
1782109299,kube-system,metrics-server-786d997795-hcp2m,10,47
1782109299,kube-system,svclb-traefik-1100f998-kpm9h,0,0
1782109299,kube-system,traefik-9bcdbbd9-qtpjt,1,37
1782109301,gsm-1,msc-test-stub-5b875d749d-mlqds,1,16
1782109301,gsm-1,osmo-bsc-594654bd47-ddft9,1,5
1782109301,gsm-1,osmo-bts-virtual-5f8b9b86fc-sw8wz,10,7
1782109301,gsm-1,osmo-hlr-546bdb8988-fckq5,1,2
1782109301,gsm-1,osmo-mgw-8c8fc67d6-4bf2r,1,2
1782109301,gsm-1,osmo-mobile-947867b85-p6xzq,2,28
1782109301,gsm-1,osmo-stp-768687f494-qtbrq,1,2
1782109301,gsm-1,ttcn3-tc-26-6-1-1-1-vvrw7,1,6
1782109301,gsm-1,virtphy-858665df6d-jhx4v,10,3
1782109301,kube-system,coredns-c4dbffb5f-p9rsr,3,28
1782109301,kube-system,local-path-provisioner-5c4dc5d66d-nfqxz,1,16
1782109301,kube-system,metrics-server-786d997795-hcp2m,10,47
1782109301,kube-system,svclb-traefik-1100f998-kpm9h,0,0
1782109301,kube-system,traefik-9bcdbbd9-qtpjt,1,37
1782109303,gsm-1,msc-test-stub-5b875d749d-mlqds,1,16
1782109303,gsm-1,osmo-bsc-594654bd47-ddft9,1,5
1782109303,gsm-1,osmo-bts-virtual-5f8b9b86fc-sw8wz,11,9
1782109303,gsm-1,osmo-hlr-546bdb8988-fckq5,1,2
1782109303,gsm-1,osmo-mgw-8c8fc67d6-4bf2r,1,2
1782109303,gsm-1,osmo-mobile-947867b85-p6xzq,2,28
1782109303,gsm-1,osmo-stp-768687f494-qtbrq,1,2
1782109303,gsm-1,ttcn3-tc-26-6-1-1-1-vvrw7,1,6
1782109303,gsm-1,virtphy-858665df6d-jhx4v,9,3
1782109303,kube-system,coredns-c4dbffb5f-p9rsr,2,28
1782109303,kube-system,local-path-provisioner-5c4dc5d66d-nfqxz,1,16
1782109303,kube-system,metrics-server-786d997795-hcp2m,7,47
1782109303,kube-system,svclb-traefik-1100f998-kpm9h,0,0
1782109303,kube-system,traefik-9bcdbbd9-qtpjt,1,37
1782109305,gsm-1,msc-test-stub-5b875d749d-mlqds,1,16
1782109305,gsm-1,osmo-bsc-594654bd47-ddft9,1,5
1782109305,gsm-1,osmo-bts-virtual-5f8b9b86fc-sw8wz,11,9
1782109305,gsm-1,osmo-hlr-546bdb8988-fckq5,1,2
1782109305,gsm-1,osmo-mgw-8c8fc67d6-4bf2r,1,2
1782109305,gsm-1,osmo-mobile-947867b85-p6xzq,2,28
1782109305,gsm-1,osmo-stp-768687f494-qtbrq,1,2
1782109305,gsm-1,ttcn3-tc-26-6-1-1-1-vvrw7,1,6
1782109305,gsm-1,virtphy-858665df6d-jhx4v,9,3
1782109305,kube-system,coredns-c4dbffb5f-p9rsr,2,28
1782109305,kube-system,local-path-provisioner-5c4dc5d66d-nfqxz,1,16
1782109305,kube-system,metrics-server-786d997795-hcp2m,7,47
1782109305,kube-system,svclb-traefik-1100f998-kpm9h,0,0
1782109305,kube-system,traefik-9bcdbbd9-qtpjt,1,37
1782109307,gsm-1,msc-test-stub-5b875d749d-mlqds,1,16
1782109307,gsm-1,osmo-bsc-594654bd47-ddft9,1,5
1782109307,gsm-1,osmo-bts-virtual-5f8b9b86fc-sw8wz,11,9
1782109307,gsm-1,osmo-hlr-546bdb8988-fckq5,1,2
1782109307,gsm-1,osmo-mgw-8c8fc67d6-4bf2r,1,2
1782109307,gsm-1,osmo-mobile-947867b85-p6xzq,2,28
1782109307,gsm-1,osmo-stp-768687f494-qtbrq,1,2
1782109307,gsm-1,ttcn3-tc-26-6-1-1-1-vvrw7,1,6
1782109307,gsm-1,virtphy-858665df6d-jhx4v,9,3
1782109307,kube-system,coredns-c4dbffb5f-p9rsr,2,28
1782109307,kube-system,local-path-provisioner-5c4dc5d66d-nfqxz,1,16
1782109307,kube-system,metrics-server-786d997795-hcp2m,7,47
1782109307,kube-system,svclb-traefik-1100f998-kpm9h,0,0
1782109307,kube-system,traefik-9bcdbbd9-qtpjt,1,37
1782109309,gsm-1,msc-test-stub-5b875d749d-mlqds,1,16
1782109309,gsm-1,osmo-bsc-594654bd47-ddft9,1,5
1782109309,gsm-1,osmo-bts-virtual-5f8b9b86fc-sw8wz,11,9
1782109309,gsm-1,osmo-hlr-546bdb8988-fckq5,1,2
1782109309,gsm-1,osmo-mgw-8c8fc67d6-4bf2r,1,2
1782109309,gsm-1,osmo-mobile-947867b85-p6xzq,2,28
1782109309,gsm-1,osmo-stp-768687f494-qtbrq,1,2
1782109309,gsm-1,ttcn3-tc-26-6-1-1-1-vvrw7,1,6
1782109309,gsm-1,virtphy-858665df6d-jhx4v,9,3
1782109309,kube-system,coredns-c4dbffb5f-p9rsr,2,28
1782109309,kube-system,local-path-provisioner-5c4dc5d66d-nfqxz,1,16
1782109309,kube-system,metrics-server-786d997795-hcp2m,7,47
1782109309,kube-system,svclb-traefik-1100f998-kpm9h,0,0
1782109309,kube-system,traefik-9bcdbbd9-qtpjt,1,37
1782109312,gsm-1,msc-test-stub-5b875d749d-mlqds,1,16
1782109312,gsm-1,osmo-bsc-594654bd47-ddft9,1,5
1782109312,gsm-1,osmo-bts-virtual-5f8b9b86fc-sw8wz,11,9
1782109312,gsm-1,osmo-hlr-546bdb8988-fckq5,1,2
1782109312,gsm-1,osmo-mgw-8c8fc67d6-4bf2r,1,2
1782109312,gsm-1,osmo-mobile-947867b85-p6xzq,2,28
1782109312,gsm-1,osmo-stp-768687f494-qtbrq,1,2
1782109312,gsm-1,ttcn3-tc-26-6-1-1-1-vvrw7,1,6
1782109312,gsm-1,virtphy-858665df6d-jhx4v,9,3
1782109312,kube-system,coredns-c4dbffb5f-p9rsr,2,28
1782109312,kube-system,local-path-provisioner-5c4dc5d66d-nfqxz,1,16
1782109312,kube-system,metrics-server-786d997795-hcp2m,7,47
1782109312,kube-system,svclb-traefik-1100f998-kpm9h,0,0
1782109312,kube-system,traefik-9bcdbbd9-qtpjt,1,37
1782109314,gsm-1,msc-test-stub-5b875d749d-mlqds,1,16
1782109314,gsm-1,osmo-bsc-594654bd47-ddft9,1,5
1782109314,gsm-1,osmo-bts-virtual-5f8b9b86fc-sw8wz,11,9
1782109314,gsm-1,osmo-hlr-546bdb8988-fckq5,1,2
1782109314,gsm-1,osmo-mgw-8c8fc67d6-4bf2r,1,2
1782109314,gsm-1,osmo-mobile-947867b85-p6xzq,2,28
1782109314,gsm-1,osmo-stp-768687f494-qtbrq,1,2
1782109314,gsm-1,ttcn3-tc-26-6-1-1-1-vvrw7,1,6
1782109314,gsm-1,virtphy-858665df6d-jhx4v,9,3
1782109314,kube-system,coredns-c4dbffb5f-p9rsr,2,28
1782109314,kube-system,local-path-provisioner-5c4dc5d66d-nfqxz,1,16
1782109314,kube-system,metrics-server-786d997795-hcp2m,7,47
1782109314,kube-system,svclb-traefik-1100f998-kpm9h,0,0
1782109314,kube-system,traefik-9bcdbbd9-qtpjt,1,37
1782109316,gsm-1,msc-test-stub-5b875d749d-mlqds,1,16
1782109316,gsm-1,osmo-bsc-594654bd47-ddft9,1,5
1782109316,gsm-1,osmo-bts-virtual-5f8b9b86fc-sw8wz,11,9
1782109316,gsm-1,osmo-hlr-546bdb8988-fckq5,1,2
1782109316,gsm-1,osmo-mgw-8c8fc67d6-4bf2r,1,2
1782109316,gsm-1,osmo-mobile-947867b85-p6xzq,2,28
1782109316,gsm-1,osmo-stp-768687f494-qtbrq,1,2
1782109316,gsm-1,ttcn3-tc-26-6-1-1-1-vvrw7,1,6
1782109316,gsm-1,virtphy-858665df6d-jhx4v,9,3
1782109316,kube-system,coredns-c4dbffb5f-p9rsr,2,28
1782109316,kube-system,local-path-provisioner-5c4dc5d66d-nfqxz,1,16
1782109316,kube-system,metrics-server-786d997795-hcp2m,7,47
1782109316,kube-system,svclb-traefik-1100f998-kpm9h,0,0
1782109316,kube-system,traefik-9bcdbbd9-qtpjt,1,37
1782109319,gsm-1,msc-test-stub-5b875d749d-mlqds,1,16
1782109319,gsm-1,osmo-bsc-594654bd47-ddft9,1,5
1782109319,gsm-1,osmo-bts-virtual-5f8b9b86fc-sw8wz,11,9
1782109319,gsm-1,osmo-hlr-546bdb8988-fckq5,1,2
1782109319,gsm-1,osmo-mgw-8c8fc67d6-4bf2r,1,2
1782109319,gsm-1,osmo-mobile-947867b85-p6xzq,2,28
1782109319,gsm-1,osmo-stp-768687f494-qtbrq,1,2
1782109319,gsm-1,ttcn3-tc-26-6-1-1-1-vvrw7,1,6
1782109319,gsm-1,virtphy-858665df6d-jhx4v,9,3
1782109319,kube-system,coredns-c4dbffb5f-p9rsr,3,28
1782109319,kube-system,local-path-provisioner-5c4dc5d66d-nfqxz,1,16
1782109319,kube-system,metrics-server-786d997795-hcp2m,7,47
1782109319,kube-system,svclb-traefik-1100f998-kpm9h,0,0
1782109319,kube-system,traefik-9bcdbbd9-qtpjt,1,37
1782109321,gsm-1,msc-test-stub-5b875d749d-mlqds,1,16
1782109321,gsm-1,osmo-bsc-594654bd47-ddft9,1,5
1782109321,gsm-1,osmo-bts-virtual-5f8b9b86fc-sw8wz,11,9
1782109321,gsm-1,osmo-hlr-546bdb8988-fckq5,1,2
1782109321,gsm-1,osmo-mgw-8c8fc67d6-4bf2r,1,2
1782109321,gsm-1,osmo-mobile-947867b85-p6xzq,2,28
1782109321,gsm-1,osmo-stp-768687f494-qtbrq,1,2
1782109321,gsm-1,ttcn3-tc-26-6-1-1-1-vvrw7,1,6
1782109321,gsm-1,virtphy-858665df6d-jhx4v,9,3
1782109321,kube-system,coredns-c4dbffb5f-p9rsr,3,28
1782109321,kube-system,local-path-provisioner-5c4dc5d66d-nfqxz,1,16
1782109321,kube-system,metrics-server-786d997795-hcp2m,7,47
1782109321,kube-system,svclb-traefik-1100f998-kpm9h,0,0
1782109321,kube-system,traefik-9bcdbbd9-qtpjt,1,37
1782109323,gsm-1,msc-test-stub-5b875d749d-mlqds,1,16
1782109323,gsm-1,osmo-bsc-594654bd47-ddft9,1,5
1782109323,gsm-1,osmo-bts-virtual-5f8b9b86fc-sw8wz,11,9
1782109323,gsm-1,osmo-hlr-546bdb8988-fckq5,1,2
1782109323,gsm-1,osmo-mgw-8c8fc67d6-4bf2r,1,2
1782109323,gsm-1,osmo-mobile-947867b85-p6xzq,2,28
1782109323,gsm-1,osmo-stp-768687f494-qtbrq,1,2
1782109323,gsm-1,ttcn3-tc-26-6-1-1-1-vvrw7,1,6
1782109323,gsm-1,virtphy-858665df6d-jhx4v,9,3
1782109323,kube-system,coredns-c4dbffb5f-p9rsr,3,28
1782109323,kube-system,local-path-provisioner-5c4dc5d66d-nfqxz,1,16
1782109323,kube-system,metrics-server-786d997795-hcp2m,7,47
1782109323,kube-system,svclb-traefik-1100f998-kpm9h,0,0
1782109323,kube-system,traefik-9bcdbbd9-qtpjt,1,37
1782109325,gsm-1,msc-test-stub-5b875d749d-mlqds,1,16
1782109325,gsm-1,osmo-bsc-594654bd47-ddft9,1,5
1782109325,gsm-1,osmo-bts-virtual-5f8b9b86fc-sw8wz,11,9
1782109325,gsm-1,osmo-hlr-546bdb8988-fckq5,1,2
1782109325,gsm-1,osmo-mgw-8c8fc67d6-4bf2r,1,2
1782109325,gsm-1,osmo-mobile-947867b85-p6xzq,2,28
1782109325,gsm-1,osmo-stp-768687f494-qtbrq,1,2
1782109325,gsm-1,ttcn3-tc-26-6-1-1-1-vvrw7,1,6
1782109325,gsm-1,virtphy-858665df6d-jhx4v,9,3
1782109325,kube-system,coredns-c4dbffb5f-p9rsr,3,28
1782109325,kube-system,local-path-provisioner-5c4dc5d66d-nfqxz,1,16
1782109325,kube-system,metrics-server-786d997795-hcp2m,7,47
1782109325,kube-system,svclb-traefik-1100f998-kpm9h,0,0
1782109325,kube-system,traefik-9bcdbbd9-qtpjt,1,37
1782109327,gsm-1,msc-test-stub-5b875d749d-mlqds,1,16
1782109327,gsm-1,osmo-bsc-594654bd47-ddft9,1,5
1782109327,gsm-1,osmo-bts-virtual-5f8b9b86fc-sw8wz,11,9
1782109327,gsm-1,osmo-hlr-546bdb8988-fckq5,1,2
1782109327,gsm-1,osmo-mgw-8c8fc67d6-4bf2r,1,2
1782109327,gsm-1,osmo-mobile-947867b85-p6xzq,2,28
1782109327,gsm-1,osmo-stp-768687f494-qtbrq,1,2
1782109327,gsm-1,ttcn3-tc-26-6-1-1-1-vvrw7,1,6
1782109327,gsm-1,virtphy-858665df6d-jhx4v,9,3
1782109327,kube-system,coredns-c4dbffb5f-p9rsr,3,28
1782109327,kube-system,local-path-provisioner-5c4dc5d66d-nfqxz,1,16
1782109327,kube-system,metrics-server-786d997795-hcp2m,7,47
1782109327,kube-system,svclb-traefik-1100f998-kpm9h,0,0
1782109327,kube-system,traefik-9bcdbbd9-qtpjt,1,37
1782109329,gsm-1,msc-test-stub-5b875d749d-mlqds,1,16
1782109329,gsm-1,osmo-bsc-594654bd47-ddft9,1,5
1782109329,gsm-1,osmo-bts-virtual-5f8b9b86fc-sw8wz,11,9
1782109329,gsm-1,osmo-hlr-546bdb8988-fckq5,1,2
1782109329,gsm-1,osmo-mgw-8c8fc67d6-4bf2r,1,2
1782109329,gsm-1,osmo-mobile-947867b85-p6xzq,2,28
1782109329,gsm-1,osmo-stp-768687f494-qtbrq,1,2
1782109329,gsm-1,ttcn3-tc-26-6-1-1-1-vvrw7,1,6
1782109329,gsm-1,virtphy-858665df6d-jhx4v,9,3
1782109329,kube-system,coredns-c4dbffb5f-p9rsr,3,28
1782109329,kube-system,local-path-provisioner-5c4dc5d66d-nfqxz,1,16
1782109329,kube-system,metrics-server-786d997795-hcp2m,7,47
1782109329,kube-system,svclb-traefik-1100f998-kpm9h,0,0
1782109329,kube-system,traefik-9bcdbbd9-qtpjt,1,37
1782109331,gsm-1,msc-test-stub-5b875d749d-mlqds,1,16
1782109331,gsm-1,osmo-bsc-594654bd47-ddft9,1,5
1782109331,gsm-1,osmo-bts-virtual-5f8b9b86fc-sw8wz,11,9
1782109331,gsm-1,osmo-hlr-546bdb8988-fckq5,1,2
1782109331,gsm-1,osmo-mgw-8c8fc67d6-4bf2r,1,2
1782109331,gsm-1,osmo-mobile-947867b85-p6xzq,2,28
1782109331,gsm-1,osmo-stp-768687f494-qtbrq,1,2
1782109331,gsm-1,ttcn3-tc-26-6-1-1-1-vvrw7,1,6
1782109331,gsm-1,virtphy-858665df6d-jhx4v,9,3
1782109331,kube-system,coredns-c4dbffb5f-p9rsr,3,28
1782109331,kube-system,local-path-provisioner-5c4dc5d66d-nfqxz,1,16
1782109331,kube-system,metrics-server-786d997795-hcp2m,7,47
1782109331,kube-system,svclb-traefik-1100f998-kpm9h,0,0
1782109331,kube-system,traefik-9bcdbbd9-qtpjt,1,37
1782109334,gsm-1,msc-test-stub-5b875d749d-mlqds,1,16
1782109334,gsm-1,osmo-bsc-594654bd47-ddft9,1,5
1782109334,gsm-1,osmo-bts-virtual-5f8b9b86fc-sw8wz,11,9
1782109334,gsm-1,osmo-hlr-546bdb8988-fckq5,1,2
1782109334,gsm-1,osmo-mgw-8c8fc67d6-4bf2r,1,2
1782109334,gsm-1,osmo-mobile-947867b85-p6xzq,3,28
1782109334,gsm-1,osmo-stp-768687f494-qtbrq,1,2
1782109334,gsm-1,ttcn3-tc-26-6-1-1-1-vvrw7,1,6
1782109334,gsm-1,virtphy-858665df6d-jhx4v,8,1
1782109334,kube-system,coredns-c4dbffb5f-p9rsr,2,28
1782109334,kube-system,local-path-provisioner-5c4dc5d66d-nfqxz,1,16
1782109334,kube-system,metrics-server-786d997795-hcp2m,7,47
1782109334,kube-system,svclb-traefik-1100f998-kpm9h,0,0
1782109334,kube-system,traefik-9bcdbbd9-qtpjt,1,37
1782109336,gsm-1,msc-test-stub-5b875d749d-mlqds,1,16
1782109336,gsm-1,osmo-bsc-594654bd47-ddft9,1,5
1782109336,gsm-1,osmo-bts-virtual-5f8b9b86fc-sw8wz,11,9
1782109336,gsm-1,osmo-hlr-546bdb8988-fckq5,1,2
1782109336,gsm-1,osmo-mgw-8c8fc67d6-4bf2r,1,2
1782109336,gsm-1,osmo-mobile-947867b85-p6xzq,3,28
1782109336,gsm-1,osmo-stp-768687f494-qtbrq,1,2
1782109336,gsm-1,ttcn3-tc-26-6-1-1-1-vvrw7,1,6
1782109336,gsm-1,virtphy-858665df6d-jhx4v,8,1
1782109336,kube-system,coredns-c4dbffb5f-p9rsr,2,28
1782109336,kube-system,local-path-provisioner-5c4dc5d66d-nfqxz,1,16
1782109336,kube-system,metrics-server-786d997795-hcp2m,7,47
1782109336,kube-system,svclb-traefik-1100f998-kpm9h,0,0
1782109336,kube-system,traefik-9bcdbbd9-qtpjt,1,37
1782109338,gsm-1,msc-test-stub-5b875d749d-mlqds,1,16
1782109338,gsm-1,osmo-bsc-594654bd47-ddft9,1,5
1782109338,gsm-1,osmo-bts-virtual-5f8b9b86fc-sw8wz,11,9
1782109338,gsm-1,osmo-hlr-546bdb8988-fckq5,1,2
1782109338,gsm-1,osmo-mgw-8c8fc67d6-4bf2r,1,2
1782109338,gsm-1,osmo-mobile-947867b85-p6xzq,3,28
1782109338,gsm-1,osmo-stp-768687f494-qtbrq,1,2
1782109338,gsm-1,ttcn3-tc-26-6-1-1-1-vvrw7,1,6
1782109338,gsm-1,virtphy-858665df6d-jhx4v,8,1
1782109338,kube-system,coredns-c4dbffb5f-p9rsr,2,28
1782109338,kube-system,local-path-provisioner-5c4dc5d66d-nfqxz,1,16
1782109338,kube-system,metrics-server-786d997795-hcp2m,7,47
1782109338,kube-system,svclb-traefik-1100f998-kpm9h,0,0
1782109338,kube-system,traefik-9bcdbbd9-qtpjt,1,37
1782109340,gsm-1,msc-test-stub-5b875d749d-mlqds,1,16
1782109340,gsm-1,osmo-bsc-594654bd47-ddft9,1,5
1782109340,gsm-1,osmo-bts-virtual-5f8b9b86fc-sw8wz,11,9
1782109340,gsm-1,osmo-hlr-546bdb8988-fckq5,1,2
1782109340,gsm-1,osmo-mgw-8c8fc67d6-4bf2r,1,2
1782109340,gsm-1,osmo-mobile-947867b85-p6xzq,3,28
1782109340,gsm-1,osmo-stp-768687f494-qtbrq,1,2
1782109340,gsm-1,ttcn3-tc-26-6-1-1-1-vvrw7,1,6
1782109340,gsm-1,virtphy-858665df6d-jhx4v,8,1
1782109340,kube-system,coredns-c4dbffb5f-p9rsr,2,28
1782109340,kube-system,local-path-provisioner-5c4dc5d66d-nfqxz,1,16
1782109340,kube-system,metrics-server-786d997795-hcp2m,7,47
1782109340,kube-system,svclb-traefik-1100f998-kpm9h,0,0
1782109340,kube-system,traefik-9bcdbbd9-qtpjt,1,37
1782109343,gsm-1,msc-test-stub-5b875d749d-mlqds,1,16
1782109343,gsm-1,osmo-bsc-594654bd47-ddft9,1,5
1782109343,gsm-1,osmo-bts-virtual-5f8b9b86fc-sw8wz,11,9
1782109343,gsm-1,osmo-hlr-546bdb8988-fckq5,1,2
1782109343,gsm-1,osmo-mgw-8c8fc67d6-4bf2r,1,2
1782109343,gsm-1,osmo-mobile-947867b85-p6xzq,3,28
1782109343,gsm-1,osmo-stp-768687f494-qtbrq,1,2
1782109343,gsm-1,ttcn3-tc-26-6-1-1-1-vvrw7,1,6
1782109343,gsm-1,virtphy-858665df6d-jhx4v,8,1
1782109343,kube-system,coredns-c4dbffb5f-p9rsr,2,28
1782109343,kube-system,local-path-provisioner-5c4dc5d66d-nfqxz,1,16
1782109343,kube-system,metrics-server-786d997795-hcp2m,7,47
1782109343,kube-system,svclb-traefik-1100f998-kpm9h,0,0
1782109343,kube-system,traefik-9bcdbbd9-qtpjt,1,37
1782109345,gsm-1,msc-test-stub-5b875d749d-mlqds,1,16
1782109345,gsm-1,osmo-bsc-594654bd47-ddft9,1,5
1782109345,gsm-1,osmo-bts-virtual-5f8b9b86fc-sw8wz,11,9
1782109345,gsm-1,osmo-hlr-546bdb8988-fckq5,1,2
1782109345,gsm-1,osmo-mgw-8c8fc67d6-4bf2r,1,2
1782109345,gsm-1,osmo-mobile-947867b85-p6xzq,3,28
1782109345,gsm-1,osmo-stp-768687f494-qtbrq,1,2
1782109345,gsm-1,ttcn3-tc-26-6-1-1-1-vvrw7,1,6
1782109345,gsm-1,virtphy-858665df6d-jhx4v,8,1
1782109345,kube-system,coredns-c4dbffb5f-p9rsr,2,28
1782109345,kube-system,local-path-provisioner-5c4dc5d66d-nfqxz,1,16
1782109345,kube-system,metrics-server-786d997795-hcp2m,7,47
1782109345,kube-system,svclb-traefik-1100f998-kpm9h,0,0
1782109345,kube-system,traefik-9bcdbbd9-qtpjt,1,37
1782109347,gsm-1,msc-test-stub-5b875d749d-mlqds,1,16
1782109347,gsm-1,osmo-bsc-594654bd47-ddft9,1,5
1782109347,gsm-1,osmo-bts-virtual-5f8b9b86fc-sw8wz,11,9
1782109347,gsm-1,osmo-hlr-546bdb8988-fckq5,1,2
1782109347,gsm-1,osmo-mgw-8c8fc67d6-4bf2r,1,2
1782109347,gsm-1,osmo-mobile-947867b85-p6xzq,3,28
1782109347,gsm-1,osmo-stp-768687f494-qtbrq,1,2
1782109347,gsm-1,ttcn3-tc-26-6-1-1-1-vvrw7,1,6
1782109347,gsm-1,virtphy-858665df6d-jhx4v,8,1
1782109347,kube-system,coredns-c4dbffb5f-p9rsr,2,28
1782109347,kube-system,local-path-provisioner-5c4dc5d66d-nfqxz,1,16
1782109347,kube-system,metrics-server-786d997795-hcp2m,7,47
1782109347,kube-system,svclb-traefik-1100f998-kpm9h,0,0
1782109347,kube-system,traefik-9bcdbbd9-qtpjt,1,37
1782109349,gsm-1,msc-test-stub-5b875d749d-mlqds,1,16
1782109349,gsm-1,osmo-bsc-594654bd47-ddft9,1,5
1782109349,gsm-1,osmo-bts-virtual-5f8b9b86fc-sw8wz,11,8
1782109349,gsm-1,osmo-hlr-546bdb8988-fckq5,1,2
1782109349,gsm-1,osmo-mgw-8c8fc67d6-4bf2r,1,2
1782109349,gsm-1,osmo-mobile-947867b85-p6xzq,2,28
1782109349,gsm-1,osmo-stp-768687f494-qtbrq,1,2
1782109349,gsm-1,ttcn3-tc-26-6-1-1-1-vvrw7,1,6
1782109349,gsm-1,virtphy-858665df6d-jhx4v,9,1
1782109349,kube-system,coredns-c4dbffb5f-p9rsr,2,28
1782109349,kube-system,local-path-provisioner-5c4dc5d66d-nfqxz,1,16
1782109349,kube-system,metrics-server-786d997795-hcp2m,7,47
1782109349,kube-system,svclb-traefik-1100f998-kpm9h,0,0
1782109349,kube-system,traefik-9bcdbbd9-qtpjt,1,37
1782109351,gsm-1,msc-test-stub-5b875d749d-mlqds,1,16
1782109351,gsm-1,osmo-bsc-594654bd47-ddft9,1,5
1782109351,gsm-1,osmo-bts-virtual-5f8b9b86fc-sw8wz,11,8
1782109351,gsm-1,osmo-hlr-546bdb8988-fckq5,1,2
1782109351,gsm-1,osmo-mgw-8c8fc67d6-4bf2r,1,2
1782109351,gsm-1,osmo-mobile-947867b85-p6xzq,2,28
1782109351,gsm-1,osmo-stp-768687f494-qtbrq,1,2
1782109351,gsm-1,ttcn3-tc-26-6-1-1-1-vvrw7,1,6
1782109351,gsm-1,virtphy-858665df6d-jhx4v,9,1
1782109351,kube-system,coredns-c4dbffb5f-p9rsr,2,28
1782109351,kube-system,local-path-provisioner-5c4dc5d66d-nfqxz,1,16
1782109351,kube-system,metrics-server-786d997795-hcp2m,7,47
1782109351,kube-system,svclb-traefik-1100f998-kpm9h,0,0
1782109351,kube-system,traefik-9bcdbbd9-qtpjt,1,37
1782109353,gsm-1,msc-test-stub-5b875d749d-mlqds,1,16
1782109353,gsm-1,osmo-bsc-594654bd47-ddft9,1,5
1782109353,gsm-1,osmo-bts-virtual-5f8b9b86fc-sw8wz,11,8
1782109353,gsm-1,osmo-hlr-546bdb8988-fckq5,1,2
1782109353,gsm-1,osmo-mgw-8c8fc67d6-4bf2r,1,2
1782109353,gsm-1,osmo-mobile-947867b85-p6xzq,2,28
1782109353,gsm-1,osmo-stp-768687f494-qtbrq,1,2
1782109353,gsm-1,ttcn3-tc-26-6-1-1-1-vvrw7,1,6
1782109353,gsm-1,virtphy-858665df6d-jhx4v,9,1
1782109353,kube-system,coredns-c4dbffb5f-p9rsr,2,28
1782109353,kube-system,local-path-provisioner-5c4dc5d66d-nfqxz,1,16
1782109353,kube-system,metrics-server-786d997795-hcp2m,7,47
1782109353,kube-system,svclb-traefik-1100f998-kpm9h,0,0
1782109353,kube-system,traefik-9bcdbbd9-qtpjt,1,37
1782109355,gsm-1,msc-test-stub-5b875d749d-mlqds,1,16
1782109355,gsm-1,osmo-bsc-594654bd47-ddft9,1,5
1782109355,gsm-1,osmo-bts-virtual-5f8b9b86fc-sw8wz,11,8
1782109355,gsm-1,osmo-hlr-546bdb8988-fckq5,1,2
1782109355,gsm-1,osmo-mgw-8c8fc67d6-4bf2r,1,2
1782109355,gsm-1,osmo-mobile-947867b85-p6xzq,2,28
1782109355,gsm-1,osmo-stp-768687f494-qtbrq,1,2
1782109355,gsm-1,ttcn3-tc-26-6-1-1-1-vvrw7,1,6
1782109355,gsm-1,virtphy-858665df6d-jhx4v,9,1
1782109355,kube-system,coredns-c4dbffb5f-p9rsr,2,28
1782109355,kube-system,local-path-provisioner-5c4dc5d66d-nfqxz,1,16
1782109355,kube-system,metrics-server-786d997795-hcp2m,7,47
1782109355,kube-system,svclb-traefik-1100f998-kpm9h,0,0
1782109355,kube-system,traefik-9bcdbbd9-qtpjt,1,37
1782109358,gsm-1,msc-test-stub-5b875d749d-mlqds,1,16
1782109358,gsm-1,osmo-bsc-594654bd47-ddft9,1,5
1782109358,gsm-1,osmo-bts-virtual-5f8b9b86fc-sw8wz,11,8
1782109358,gsm-1,osmo-hlr-546bdb8988-fckq5,1,2
1782109358,gsm-1,osmo-mgw-8c8fc67d6-4bf2r,1,2
1782109358,gsm-1,osmo-mobile-947867b85-p6xzq,2,28
1782109358,gsm-1,osmo-stp-768687f494-qtbrq,1,2
1782109358,gsm-1,ttcn3-tc-26-6-1-1-1-vvrw7,1,6
1782109358,gsm-1,virtphy-858665df6d-jhx4v,9,1
1782109358,kube-system,coredns-c4dbffb5f-p9rsr,2,28
1782109358,kube-system,local-path-provisioner-5c4dc5d66d-nfqxz,1,16
1782109358,kube-system,metrics-server-786d997795-hcp2m,7,47
1782109358,kube-system,svclb-traefik-1100f998-kpm9h,0,0
1782109358,kube-system,traefik-9bcdbbd9-qtpjt,1,37
1782109360,gsm-1,msc-test-stub-5b875d749d-mlqds,1,16
1782109360,gsm-1,osmo-bsc-594654bd47-ddft9,1,5
1782109360,gsm-1,osmo-bts-virtual-5f8b9b86fc-sw8wz,11,8
1782109360,gsm-1,osmo-hlr-546bdb8988-fckq5,1,2
1782109360,gsm-1,osmo-mgw-8c8fc67d6-4bf2r,1,2
1782109360,gsm-1,osmo-mobile-947867b85-p6xzq,2,28
1782109360,gsm-1,osmo-stp-768687f494-qtbrq,1,2
1782109360,gsm-1,ttcn3-tc-26-6-1-1-1-vvrw7,1,6
1782109360,gsm-1,virtphy-858665df6d-jhx4v,9,1
1782109360,kube-system,coredns-c4dbffb5f-p9rsr,2,28
1782109360,kube-system,local-path-provisioner-5c4dc5d66d-nfqxz,1,16
1782109360,kube-system,metrics-server-786d997795-hcp2m,7,47
1782109360,kube-system,svclb-traefik-1100f998-kpm9h,0,0
1782109360,kube-system,traefik-9bcdbbd9-qtpjt,1,37
1782109363,gsm-1,msc-test-stub-5b875d749d-mlqds,1,16
1782109363,gsm-1,osmo-bsc-594654bd47-ddft9,1,5
1782109363,gsm-1,osmo-bts-virtual-5f8b9b86fc-sw8wz,10,9
1782109363,gsm-1,osmo-hlr-546bdb8988-fckq5,1,2
1782109363,gsm-1,osmo-mgw-8c8fc67d6-4bf2r,1,2
1782109363,gsm-1,osmo-mobile-947867b85-p6xzq,3,28
1782109363,gsm-1,osmo-stp-768687f494-qtbrq,1,2
1782109363,gsm-1,ttcn3-tc-26-6-1-1-1-vvrw7,1,6
1782109363,gsm-1,virtphy-858665df6d-jhx4v,9,2
1782109363,kube-system,coredns-c4dbffb5f-p9rsr,2,28
1782109363,kube-system,local-path-provisioner-5c4dc5d66d-nfqxz,1,16
1782109363,kube-system,metrics-server-786d997795-hcp2m,7,47
1782109363,kube-system,svclb-traefik-1100f998-kpm9h,0,0
1782109363,kube-system,traefik-9bcdbbd9-qtpjt,1,37
1782109365,gsm-1,msc-test-stub-5b875d749d-mlqds,1,16
1782109365,gsm-1,osmo-bsc-594654bd47-ddft9,1,5
1782109365,gsm-1,osmo-bts-virtual-5f8b9b86fc-sw8wz,10,9
1782109365,gsm-1,osmo-hlr-546bdb8988-fckq5,1,2
1782109365,gsm-1,osmo-mgw-8c8fc67d6-4bf2r,1,2
1782109365,gsm-1,osmo-mobile-947867b85-p6xzq,3,28
1782109365,gsm-1,osmo-stp-768687f494-qtbrq,1,2
1782109365,gsm-1,ttcn3-tc-26-6-1-1-1-vvrw7,1,6
1782109365,gsm-1,virtphy-858665df6d-jhx4v,9,2
1782109365,kube-system,coredns-c4dbffb5f-p9rsr,2,28
1782109365,kube-system,local-path-provisioner-5c4dc5d66d-nfqxz,1,16
1782109365,kube-system,metrics-server-786d997795-hcp2m,7,47
1782109365,kube-system,svclb-traefik-1100f998-kpm9h,0,0
1782109365,kube-system,traefik-9bcdbbd9-qtpjt,1,37
1782109367,gsm-1,msc-test-stub-5b875d749d-mlqds,1,16
1782109367,gsm-1,osmo-bsc-594654bd47-ddft9,1,5
1782109367,gsm-1,osmo-bts-virtual-5f8b9b86fc-sw8wz,10,9
1782109367,gsm-1,osmo-hlr-546bdb8988-fckq5,1,2
1782109367,gsm-1,osmo-mgw-8c8fc67d6-4bf2r,1,2
1782109367,gsm-1,osmo-mobile-947867b85-p6xzq,3,28
1782109367,gsm-1,osmo-stp-768687f494-qtbrq,1,2
1782109367,gsm-1,ttcn3-tc-26-6-1-1-1-vvrw7,1,6
1782109367,gsm-1,virtphy-858665df6d-jhx4v,9,2
1782109367,kube-system,coredns-c4dbffb5f-p9rsr,2,28
1782109367,kube-system,local-path-provisioner-5c4dc5d66d-nfqxz,1,16
1782109367,kube-system,metrics-server-786d997795-hcp2m,7,47
1782109367,kube-system,svclb-traefik-1100f998-kpm9h,0,0
1782109367,kube-system,traefik-9bcdbbd9-qtpjt,1,37
1782109369,gsm-1,msc-test-stub-5b875d749d-mlqds,1,16
1782109369,gsm-1,osmo-bsc-594654bd47-ddft9,1,5
1782109369,gsm-1,osmo-bts-virtual-5f8b9b86fc-sw8wz,10,9
1782109369,gsm-1,osmo-hlr-546bdb8988-fckq5,1,2
1782109369,gsm-1,osmo-mgw-8c8fc67d6-4bf2r,1,2
1782109369,gsm-1,osmo-mobile-947867b85-p6xzq,3,28
1782109369,gsm-1,osmo-stp-768687f494-qtbrq,1,2
1782109369,gsm-1,ttcn3-tc-26-6-1-1-1-vvrw7,1,6
1782109369,gsm-1,virtphy-858665df6d-jhx4v,9,2
1782109369,kube-system,coredns-c4dbffb5f-p9rsr,2,28
1782109369,kube-system,local-path-provisioner-5c4dc5d66d-nfqxz,1,16
1782109369,kube-system,metrics-server-786d997795-hcp2m,7,47
1782109369,kube-system,svclb-traefik-1100f998-kpm9h,0,0
1782109369,kube-system,traefik-9bcdbbd9-qtpjt,1,37
1782109372,gsm-1,msc-test-stub-5b875d749d-mlqds,1,16
1782109372,gsm-1,osmo-bsc-594654bd47-ddft9,1,5
1782109372,gsm-1,osmo-bts-virtual-5f8b9b86fc-sw8wz,10,9
1782109372,gsm-1,osmo-hlr-546bdb8988-fckq5,1,2
1782109372,gsm-1,osmo-mgw-8c8fc67d6-4bf2r,1,2
1782109372,gsm-1,osmo-mobile-947867b85-p6xzq,3,28
1782109372,gsm-1,osmo-stp-768687f494-qtbrq,1,2
1782109372,gsm-1,ttcn3-tc-26-6-1-1-1-vvrw7,1,6
1782109372,gsm-1,virtphy-858665df6d-jhx4v,9,2
1782109372,kube-system,coredns-c4dbffb5f-p9rsr,2,28
1782109372,kube-system,local-path-provisioner-5c4dc5d66d-nfqxz,1,16
1782109372,kube-system,metrics-server-786d997795-hcp2m,7,47
1782109372,kube-system,svclb-traefik-1100f998-kpm9h,0,0
1782109372,kube-system,traefik-9bcdbbd9-qtpjt,1,37
1782109374,gsm-1,msc-test-stub-5b875d749d-mlqds,1,16
1782109374,gsm-1,osmo-bsc-594654bd47-ddft9,1,5
1782109374,gsm-1,osmo-bts-virtual-5f8b9b86fc-sw8wz,10,9
1782109374,gsm-1,osmo-hlr-546bdb8988-fckq5,1,2
1782109374,gsm-1,osmo-mgw-8c8fc67d6-4bf2r,1,2
1782109374,gsm-1,osmo-mobile-947867b85-p6xzq,3,28
1782109374,gsm-1,osmo-stp-768687f494-qtbrq,1,2
1782109374,gsm-1,ttcn3-tc-26-6-1-1-1-vvrw7,1,6
1782109374,gsm-1,virtphy-858665df6d-jhx4v,9,2
1782109374,kube-system,coredns-c4dbffb5f-p9rsr,2,28
1782109374,kube-system,local-path-provisioner-5c4dc5d66d-nfqxz,1,16
1782109374,kube-system,metrics-server-786d997795-hcp2m,7,47
1782109374,kube-system,svclb-traefik-1100f998-kpm9h,0,0
1782109374,kube-system,traefik-9bcdbbd9-qtpjt,1,37
1782109376,gsm-1,msc-test-stub-5b875d749d-mlqds,1,16
1782109376,gsm-1,osmo-bsc-594654bd47-ddft9,1,5
1782109376,gsm-1,osmo-bts-virtual-5f8b9b86fc-sw8wz,10,9
1782109376,gsm-1,osmo-hlr-546bdb8988-fckq5,1,2
1782109376,gsm-1,osmo-mgw-8c8fc67d6-4bf2r,1,2
1782109376,gsm-1,osmo-mobile-947867b85-p6xzq,3,28
1782109376,gsm-1,osmo-stp-768687f494-qtbrq,1,2
1782109376,gsm-1,ttcn3-tc-26-6-1-1-1-vvrw7,1,6
1782109376,gsm-1,virtphy-858665df6d-jhx4v,9,2
1782109376,kube-system,coredns-c4dbffb5f-p9rsr,2,28
1782109376,kube-system,local-path-provisioner-5c4dc5d66d-nfqxz,1,16
1782109376,kube-system,metrics-server-786d997795-hcp2m,7,47
1782109376,kube-system,svclb-traefik-1100f998-kpm9h,0,0
1782109376,kube-system,traefik-9bcdbbd9-qtpjt,1,37
1782109378,gsm-1,msc-test-stub-5b875d749d-mlqds,1,16
1782109378,gsm-1,osmo-bsc-594654bd47-ddft9,1,5
1782109378,gsm-1,osmo-bts-virtual-5f8b9b86fc-sw8wz,10,6
1782109378,gsm-1,osmo-hlr-546bdb8988-fckq5,1,2
1782109378,gsm-1,osmo-mgw-8c8fc67d6-4bf2r,1,2
1782109378,gsm-1,osmo-mobile-947867b85-p6xzq,3,30
1782109378,gsm-1,osmo-stp-768687f494-qtbrq,1,2
1782109378,gsm-1,ttcn3-tc-26-6-1-1-1-vvrw7,1,6
1782109378,gsm-1,virtphy-858665df6d-jhx4v,8,1
1782109378,kube-system,coredns-c4dbffb5f-p9rsr,2,28
1782109378,kube-system,local-path-provisioner-5c4dc5d66d-nfqxz,1,16
1782109378,kube-system,metrics-server-786d997795-hcp2m,7,47
1782109378,kube-system,svclb-traefik-1100f998-kpm9h,0,0
1782109378,kube-system,traefik-9bcdbbd9-qtpjt,1,37
1782109380,gsm-1,msc-test-stub-5b875d749d-mlqds,1,16
1782109380,gsm-1,osmo-bsc-594654bd47-ddft9,1,5
1782109380,gsm-1,osmo-bts-virtual-5f8b9b86fc-sw8wz,10,6
1782109380,gsm-1,osmo-hlr-546bdb8988-fckq5,1,2
1782109380,gsm-1,osmo-mgw-8c8fc67d6-4bf2r,1,2
1782109380,gsm-1,osmo-mobile-947867b85-p6xzq,3,30
1782109380,gsm-1,osmo-stp-768687f494-qtbrq,1,2
1782109380,gsm-1,ttcn3-tc-26-6-1-1-1-vvrw7,1,6
1782109380,gsm-1,virtphy-858665df6d-jhx4v,8,1
1782109380,kube-system,coredns-c4dbffb5f-p9rsr,2,28
1782109380,kube-system,local-path-provisioner-5c4dc5d66d-nfqxz,1,16
1782109380,kube-system,metrics-server-786d997795-hcp2m,7,47
1782109380,kube-system,svclb-traefik-1100f998-kpm9h,0,0
1782109380,kube-system,traefik-9bcdbbd9-qtpjt,1,37
1782109382,gsm-1,msc-test-stub-5b875d749d-mlqds,1,16
1782109382,gsm-1,osmo-bsc-594654bd47-ddft9,1,5
1782109382,gsm-1,osmo-bts-virtual-5f8b9b86fc-sw8wz,10,6
1782109382,gsm-1,osmo-hlr-546bdb8988-fckq5,1,2
1782109382,gsm-1,osmo-mgw-8c8fc67d6-4bf2r,1,2
1782109382,gsm-1,osmo-mobile-947867b85-p6xzq,3,30
1782109382,gsm-1,osmo-stp-768687f494-qtbrq,1,2
1782109382,gsm-1,ttcn3-tc-26-6-1-1-1-vvrw7,1,6
1782109382,gsm-1,virtphy-858665df6d-jhx4v,8,1
1782109382,kube-system,coredns-c4dbffb5f-p9rsr,2,28
1782109382,kube-system,local-path-provisioner-5c4dc5d66d-nfqxz,1,16
1782109382,kube-system,metrics-server-786d997795-hcp2m,7,47
1782109382,kube-system,svclb-traefik-1100f998-kpm9h,0,0
1782109382,kube-system,traefik-9bcdbbd9-qtpjt,1,37
1782109385,gsm-1,msc-test-stub-5b875d749d-mlqds,1,16
1782109385,gsm-1,osmo-bsc-594654bd47-ddft9,1,5
1782109385,gsm-1,osmo-bts-virtual-5f8b9b86fc-sw8wz,10,6
1782109385,gsm-1,osmo-hlr-546bdb8988-fckq5,1,2
1782109385,gsm-1,osmo-mgw-8c8fc67d6-4bf2r,1,2
1782109385,gsm-1,osmo-mobile-947867b85-p6xzq,3,30
1782109385,gsm-1,osmo-stp-768687f494-qtbrq,1,2
1782109385,gsm-1,ttcn3-tc-26-6-1-1-1-vvrw7,1,6
1782109385,gsm-1,virtphy-858665df6d-jhx4v,8,1
1782109385,kube-system,coredns-c4dbffb5f-p9rsr,2,28
1782109385,kube-system,local-path-provisioner-5c4dc5d66d-nfqxz,1,16
1782109385,kube-system,metrics-server-786d997795-hcp2m,7,47
1782109385,kube-system,svclb-traefik-1100f998-kpm9h,0,0
1782109385,kube-system,traefik-9bcdbbd9-qtpjt,1,37
1782109387,gsm-1,msc-test-stub-5b875d749d-mlqds,1,16
1782109387,gsm-1,osmo-bsc-594654bd47-ddft9,1,5
1782109387,gsm-1,osmo-bts-virtual-5f8b9b86fc-sw8wz,10,6
1782109387,gsm-1,osmo-hlr-546bdb8988-fckq5,1,2
1782109387,gsm-1,osmo-mgw-8c8fc67d6-4bf2r,1,2
1782109387,gsm-1,osmo-mobile-947867b85-p6xzq,3,30
1782109387,gsm-1,osmo-stp-768687f494-qtbrq,1,2
1782109387,gsm-1,ttcn3-tc-26-6-1-1-1-vvrw7,1,6
1782109387,gsm-1,virtphy-858665df6d-jhx4v,8,1
1782109387,kube-system,coredns-c4dbffb5f-p9rsr,2,28
1782109387,kube-system,local-path-provisioner-5c4dc5d66d-nfqxz,1,16
1782109387,kube-system,metrics-server-786d997795-hcp2m,7,47
1782109387,kube-system,svclb-traefik-1100f998-kpm9h,0,0
1782109387,kube-system,traefik-9bcdbbd9-qtpjt,1,37
1782109389,gsm-1,msc-test-stub-5b875d749d-mlqds,1,16
1782109389,gsm-1,osmo-bsc-594654bd47-ddft9,1,5
1782109389,gsm-1,osmo-bts-virtual-5f8b9b86fc-sw8wz,10,6
1782109389,gsm-1,osmo-hlr-546bdb8988-fckq5,1,2
1782109389,gsm-1,osmo-mgw-8c8fc67d6-4bf2r,1,2
1782109389,gsm-1,osmo-mobile-947867b85-p6xzq,3,30
1782109389,gsm-1,osmo-stp-768687f494-qtbrq,1,2
1782109389,gsm-1,ttcn3-tc-26-6-1-1-1-vvrw7,1,6
1782109389,gsm-1,virtphy-858665df6d-jhx4v,8,1
1782109389,kube-system,coredns-c4dbffb5f-p9rsr,2,28
1782109389,kube-system,local-path-provisioner-5c4dc5d66d-nfqxz,1,16
1782109389,kube-system,metrics-server-786d997795-hcp2m,7,47
1782109389,kube-system,svclb-traefik-1100f998-kpm9h,0,0
1782109389,kube-system,traefik-9bcdbbd9-qtpjt,1,37
1782109391,gsm-1,msc-test-stub-5b875d749d-mlqds,1,16
1782109391,gsm-1,osmo-bsc-594654bd47-ddft9,1,5
1782109391,gsm-1,osmo-bts-virtual-5f8b9b86fc-sw8wz,10,6
1782109391,gsm-1,osmo-hlr-546bdb8988-fckq5,1,2
1782109391,gsm-1,osmo-mgw-8c8fc67d6-4bf2r,1,2
1782109391,gsm-1,osmo-mobile-947867b85-p6xzq,3,30
1782109391,gsm-1,osmo-stp-768687f494-qtbrq,1,2
1782109391,gsm-1,ttcn3-tc-26-6-1-1-1-vvrw7,1,6
1782109391,gsm-1,virtphy-858665df6d-jhx4v,8,1
1782109391,kube-system,coredns-c4dbffb5f-p9rsr,2,28
1782109391,kube-system,local-path-provisioner-5c4dc5d66d-nfqxz,1,16
1782109391,kube-system,metrics-server-786d997795-hcp2m,7,47
1782109391,kube-system,svclb-traefik-1100f998-kpm9h,0,0
1782109391,kube-system,traefik-9bcdbbd9-qtpjt,1,37
1782109393,gsm-1,msc-test-stub-5b875d749d-mlqds,1,16
1782109393,gsm-1,osmo-bsc-594654bd47-ddft9,1,5
1782109393,gsm-1,osmo-bts-virtual-5f8b9b86fc-sw8wz,10,9
1782109393,gsm-1,osmo-hlr-546bdb8988-fckq5,1,2
1782109393,gsm-1,osmo-mgw-8c8fc67d6-4bf2r,1,2
1782109393,gsm-1,osmo-mobile-947867b85-p6xzq,2,30
1782109393,gsm-1,osmo-stp-768687f494-qtbrq,1,2
1782109393,gsm-1,ttcn3-tc-26-6-1-1-1-vvrw7,1,6
1782109393,gsm-1,virtphy-858665df6d-jhx4v,8,1
1782109393,kube-system,coredns-c4dbffb5f-p9rsr,3,27
1782109393,kube-system,local-path-provisioner-5c4dc5d66d-nfqxz,1,16
1782109393,kube-system,metrics-server-786d997795-hcp2m,7,47
1782109393,kube-system,svclb-traefik-1100f998-kpm9h,0,0
1782109393,kube-system,traefik-9bcdbbd9-qtpjt,2,37
1782109395,gsm-1,msc-test-stub-5b875d749d-mlqds,1,16
1782109395,gsm-1,osmo-bsc-594654bd47-ddft9,1,5
1782109395,gsm-1,osmo-bts-virtual-5f8b9b86fc-sw8wz,10,9
1782109395,gsm-1,osmo-hlr-546bdb8988-fckq5,1,2
1782109395,gsm-1,osmo-mgw-8c8fc67d6-4bf2r,1,2
1782109395,gsm-1,osmo-mobile-947867b85-p6xzq,2,30
1782109395,gsm-1,osmo-stp-768687f494-qtbrq,1,2
1782109395,gsm-1,ttcn3-tc-26-6-1-1-1-vvrw7,1,6
1782109395,gsm-1,virtphy-858665df6d-jhx4v,8,1
1782109395,kube-system,coredns-c4dbffb5f-p9rsr,3,27
1782109395,kube-system,local-path-provisioner-5c4dc5d66d-nfqxz,1,16
1782109395,kube-system,metrics-server-786d997795-hcp2m,7,47
1782109395,kube-system,svclb-traefik-1100f998-kpm9h,0,0
1782109395,kube-system,traefik-9bcdbbd9-qtpjt,2,37
1782109397,gsm-1,msc-test-stub-5b875d749d-mlqds,1,16
1782109397,gsm-1,osmo-bsc-594654bd47-ddft9,1,5
1782109397,gsm-1,osmo-bts-virtual-5f8b9b86fc-sw8wz,10,9
1782109397,gsm-1,osmo-hlr-546bdb8988-fckq5,1,2
1782109397,gsm-1,osmo-mgw-8c8fc67d6-4bf2r,1,2
1782109397,gsm-1,osmo-mobile-947867b85-p6xzq,2,30
1782109397,gsm-1,osmo-stp-768687f494-qtbrq,1,2
1782109397,gsm-1,ttcn3-tc-26-6-1-1-1-vvrw7,1,6
1782109397,gsm-1,virtphy-858665df6d-jhx4v,8,1
1782109397,kube-system,coredns-c4dbffb5f-p9rsr,3,27
1782109397,kube-system,local-path-provisioner-5c4dc5d66d-nfqxz,1,16
1782109397,kube-system,metrics-server-786d997795-hcp2m,7,47
1782109397,kube-system,svclb-traefik-1100f998-kpm9h,0,0
1782109397,kube-system,traefik-9bcdbbd9-qtpjt,2,37
1782109400,gsm-1,msc-test-stub-5b875d749d-mlqds,1,16
1782109400,gsm-1,osmo-bsc-594654bd47-ddft9,1,5
1782109400,gsm-1,osmo-bts-virtual-5f8b9b86fc-sw8wz,10,9
1782109400,gsm-1,osmo-hlr-546bdb8988-fckq5,1,2
1782109400,gsm-1,osmo-mgw-8c8fc67d6-4bf2r,1,2
1782109400,gsm-1,osmo-mobile-947867b85-p6xzq,2,30
1782109400,gsm-1,osmo-stp-768687f494-qtbrq,1,2
1782109400,gsm-1,ttcn3-tc-26-6-1-1-1-vvrw7,1,6
1782109400,gsm-1,virtphy-858665df6d-jhx4v,8,1
1782109400,kube-system,coredns-c4dbffb5f-p9rsr,3,27
1782109400,kube-system,local-path-provisioner-5c4dc5d66d-nfqxz,1,16
1782109400,kube-system,metrics-server-786d997795-hcp2m,7,47
1782109400,kube-system,svclb-traefik-1100f998-kpm9h,0,0
1782109400,kube-system,traefik-9bcdbbd9-qtpjt,2,37
1782109402,gsm-1,msc-test-stub-5b875d749d-mlqds,1,16
1782109402,gsm-1,osmo-bsc-594654bd47-ddft9,1,5
1782109402,gsm-1,osmo-bts-virtual-5f8b9b86fc-sw8wz,10,9
1782109402,gsm-1,osmo-hlr-546bdb8988-fckq5,1,2
1782109402,gsm-1,osmo-mgw-8c8fc67d6-4bf2r,1,2
1782109402,gsm-1,osmo-mobile-947867b85-p6xzq,2,30
1782109402,gsm-1,osmo-stp-768687f494-qtbrq,1,2
1782109402,gsm-1,ttcn3-tc-26-6-1-1-1-vvrw7,1,6
1782109402,gsm-1,virtphy-858665df6d-jhx4v,8,1
1782109402,kube-system,coredns-c4dbffb5f-p9rsr,3,27
1782109402,kube-system,local-path-provisioner-5c4dc5d66d-nfqxz,1,16
1782109402,kube-system,metrics-server-786d997795-hcp2m,7,47
1782109402,kube-system,svclb-traefik-1100f998-kpm9h,0,0
1782109402,kube-system,traefik-9bcdbbd9-qtpjt,2,37
1782109404,gsm-1,msc-test-stub-5b875d749d-mlqds,1,16
1782109404,gsm-1,osmo-bsc-594654bd47-ddft9,1,5
1782109404,gsm-1,osmo-bts-virtual-5f8b9b86fc-sw8wz,10,9
1782109404,gsm-1,osmo-hlr-546bdb8988-fckq5,1,2
1782109404,gsm-1,osmo-mgw-8c8fc67d6-4bf2r,1,2
1782109404,gsm-1,osmo-mobile-947867b85-p6xzq,2,30
1782109404,gsm-1,osmo-stp-768687f494-qtbrq,1,2
1782109404,gsm-1,ttcn3-tc-26-6-1-1-1-vvrw7,1,6
1782109404,gsm-1,virtphy-858665df6d-jhx4v,8,1
1782109404,kube-system,coredns-c4dbffb5f-p9rsr,3,27
1782109404,kube-system,local-path-provisioner-5c4dc5d66d-nfqxz,1,16
1782109404,kube-system,metrics-server-786d997795-hcp2m,7,47
1782109404,kube-system,svclb-traefik-1100f998-kpm9h,0,0
1782109404,kube-system,traefik-9bcdbbd9-qtpjt,2,37
1782109406,gsm-1,msc-test-stub-5b875d749d-mlqds,1,16
1782109406,gsm-1,osmo-bsc-594654bd47-ddft9,1,5
1782109406,gsm-1,osmo-bts-virtual-5f8b9b86fc-sw8wz,10,9
1782109406,gsm-1,osmo-hlr-546bdb8988-fckq5,1,2
1782109406,gsm-1,osmo-mgw-8c8fc67d6-4bf2r,1,2
1782109406,gsm-1,osmo-mobile-947867b85-p6xzq,2,30
1782109406,gsm-1,osmo-stp-768687f494-qtbrq,1,2
1782109406,gsm-1,ttcn3-tc-26-6-1-1-1-vvrw7,1,6
1782109406,gsm-1,virtphy-858665df6d-jhx4v,8,1
1782109406,kube-system,coredns-c4dbffb5f-p9rsr,3,27
1782109406,kube-system,local-path-provisioner-5c4dc5d66d-nfqxz,1,16
1782109406,kube-system,metrics-server-786d997795-hcp2m,7,47
1782109406,kube-system,svclb-traefik-1100f998-kpm9h,0,0
1782109406,kube-system,traefik-9bcdbbd9-qtpjt,2,37
1782109408,gsm-1,msc-test-stub-5b875d749d-mlqds,1,16
1782109408,gsm-1,osmo-bsc-594654bd47-ddft9,1,5
1782109408,gsm-1,osmo-bts-virtual-5f8b9b86fc-sw8wz,10,9
1782109408,gsm-1,osmo-hlr-546bdb8988-fckq5,1,2
1782109408,gsm-1,osmo-mgw-8c8fc67d6-4bf2r,1,2
1782109408,gsm-1,osmo-mobile-947867b85-p6xzq,2,30
1782109408,gsm-1,osmo-stp-768687f494-qtbrq,1,2
1782109408,gsm-1,ttcn3-tc-26-6-1-1-1-vvrw7,1,6
1782109408,gsm-1,virtphy-858665df6d-jhx4v,8,1
1782109408,kube-system,coredns-c4dbffb5f-p9rsr,3,27
1782109408,kube-system,local-path-provisioner-5c4dc5d66d-nfqxz,1,16
1782109408,kube-system,metrics-server-786d997795-hcp2m,7,47
1782109408,kube-system,svclb-traefik-1100f998-kpm9h,0,0
1782109408,kube-system,traefik-9bcdbbd9-qtpjt,2,37
1782109410,gsm-1,msc-test-stub-5b875d749d-mlqds,1,16
1782109410,gsm-1,osmo-bsc-594654bd47-ddft9,1,5
1782109410,gsm-1,osmo-bts-virtual-5f8b9b86fc-sw8wz,10,9
1782109410,gsm-1,osmo-hlr-546bdb8988-fckq5,1,2
1782109410,gsm-1,osmo-mgw-8c8fc67d6-4bf2r,1,2
1782109410,gsm-1,osmo-mobile-947867b85-p6xzq,2,30
1782109410,gsm-1,osmo-stp-768687f494-qtbrq,1,2
1782109410,gsm-1,ttcn3-tc-26-6-1-1-1-vvrw7,1,6
1782109410,gsm-1,virtphy-858665df6d-jhx4v,8,1
1782109410,kube-system,coredns-c4dbffb5f-p9rsr,3,27
1782109410,kube-system,local-path-provisioner-5c4dc5d66d-nfqxz,1,16
1782109410,kube-system,metrics-server-786d997795-hcp2m,7,47
1782109410,kube-system,svclb-traefik-1100f998-kpm9h,0,0
1782109410,kube-system,traefik-9bcdbbd9-qtpjt,2,37
1782109413,gsm-1,osmo-bsc-594654bd47-ddft9,1,5
1782109413,gsm-1,osmo-bts-virtual-5f8b9b86fc-sw8wz,11,7
1782109413,gsm-1,osmo-hlr-546bdb8988-fckq5,1,2
1782109413,gsm-1,osmo-mgw-8c8fc67d6-4bf2r,1,2
1782109413,gsm-1,osmo-mobile-947867b85-p6xzq,2,30
1782109413,gsm-1,osmo-stp-768687f494-qtbrq,1,2
1782109413,gsm-1,ttcn3-tc-26-6-1-1-1-vvrw7,1,6
1782109413,gsm-1,virtphy-858665df6d-jhx4v,9,3
1782109413,kube-system,coredns-c4dbffb5f-p9rsr,3,27
1782109413,kube-system,local-path-provisioner-5c4dc5d66d-nfqxz,1,16
1782109413,kube-system,metrics-server-786d997795-hcp2m,9,47
1782109413,kube-system,svclb-traefik-1100f998-kpm9h,0,0
1782109413,kube-system,traefik-9bcdbbd9-qtpjt,1,37
1782109415,gsm-1,osmo-bsc-594654bd47-ddft9,1,5
1782109415,gsm-1,osmo-bts-virtual-5f8b9b86fc-sw8wz,11,7
1782109415,gsm-1,osmo-hlr-546bdb8988-fckq5,1,2
1782109415,gsm-1,osmo-mgw-8c8fc67d6-4bf2r,1,2
1782109415,gsm-1,osmo-mobile-947867b85-p6xzq,2,30
1782109415,gsm-1,osmo-stp-768687f494-qtbrq,1,2
1782109415,gsm-1,ttcn3-tc-26-6-1-1-1-vvrw7,1,6
1782109415,gsm-1,virtphy-858665df6d-jhx4v,9,3
1782109415,kube-system,coredns-c4dbffb5f-p9rsr,3,27
1782109415,kube-system,local-path-provisioner-5c4dc5d66d-nfqxz,1,16
1782109415,kube-system,metrics-server-786d997795-hcp2m,9,47
1782109415,kube-system,svclb-traefik-1100f998-kpm9h,0,0
1782109415,kube-system,traefik-9bcdbbd9-qtpjt,1,37
1782109417,gsm-1,osmo-bsc-594654bd47-ddft9,1,5
1782109417,gsm-1,osmo-bts-virtual-5f8b9b86fc-sw8wz,11,7
1782109417,gsm-1,osmo-hlr-546bdb8988-fckq5,1,2
1782109417,gsm-1,osmo-mgw-8c8fc67d6-4bf2r,1,2
1782109417,gsm-1,osmo-mobile-947867b85-p6xzq,2,30
1782109417,gsm-1,osmo-stp-768687f494-qtbrq,1,2
1782109417,gsm-1,ttcn3-tc-26-6-1-1-1-vvrw7,1,6
1782109417,gsm-1,virtphy-858665df6d-jhx4v,9,3
1782109417,kube-system,coredns-c4dbffb5f-p9rsr,3,27
1782109417,kube-system,local-path-provisioner-5c4dc5d66d-nfqxz,1,16
1782109417,kube-system,metrics-server-786d997795-hcp2m,9,47
1782109417,kube-system,svclb-traefik-1100f998-kpm9h,0,0
1782109417,kube-system,traefik-9bcdbbd9-qtpjt,1,37
1782109419,gsm-1,osmo-bsc-594654bd47-ddft9,1,5
1782109419,gsm-1,osmo-bts-virtual-5f8b9b86fc-sw8wz,11,7
1782109419,gsm-1,osmo-hlr-546bdb8988-fckq5,1,2
1782109419,gsm-1,osmo-mgw-8c8fc67d6-4bf2r,1,2
1782109419,gsm-1,osmo-mobile-947867b85-p6xzq,2,30
1782109419,gsm-1,osmo-stp-768687f494-qtbrq,1,2
1782109419,gsm-1,ttcn3-tc-26-6-1-1-1-vvrw7,1,6
1782109419,gsm-1,virtphy-858665df6d-jhx4v,9,3
1782109419,kube-system,coredns-c4dbffb5f-p9rsr,3,27
1782109419,kube-system,local-path-provisioner-5c4dc5d66d-nfqxz,1,16
1782109419,kube-system,metrics-server-786d997795-hcp2m,9,47
1782109419,kube-system,svclb-traefik-1100f998-kpm9h,0,0
1782109419,kube-system,traefik-9bcdbbd9-qtpjt,1,37
1782109421,gsm-1,osmo-bsc-594654bd47-ddft9,1,5
1782109421,gsm-1,osmo-bts-virtual-5f8b9b86fc-sw8wz,11,7
1782109421,gsm-1,osmo-hlr-546bdb8988-fckq5,1,2
1782109421,gsm-1,osmo-mgw-8c8fc67d6-4bf2r,1,2
1782109421,gsm-1,osmo-mobile-947867b85-p6xzq,2,30
1782109421,gsm-1,osmo-stp-768687f494-qtbrq,1,2
1782109421,gsm-1,ttcn3-tc-26-6-1-1-1-vvrw7,1,6
1782109421,gsm-1,virtphy-858665df6d-jhx4v,9,3
1782109421,kube-system,coredns-c4dbffb5f-p9rsr,3,27
1782109421,kube-system,local-path-provisioner-5c4dc5d66d-nfqxz,1,16
1782109421,kube-system,metrics-server-786d997795-hcp2m,9,47
1782109421,kube-system,svclb-traefik-1100f998-kpm9h,0,0
1782109421,kube-system,traefik-9bcdbbd9-qtpjt,1,37
1782109424,gsm-1,osmo-bsc-594654bd47-ddft9,1,5
1782109424,gsm-1,osmo-bts-virtual-5f8b9b86fc-sw8wz,11,7
1782109424,gsm-1,osmo-hlr-546bdb8988-fckq5,1,2
1782109424,gsm-1,osmo-mgw-8c8fc67d6-4bf2r,1,2
1782109424,gsm-1,osmo-mobile-947867b85-p6xzq,2,30
1782109424,gsm-1,osmo-stp-768687f494-qtbrq,1,2
1782109424,gsm-1,ttcn3-tc-26-6-1-1-1-vvrw7,1,6
1782109424,gsm-1,virtphy-858665df6d-jhx4v,9,3
1782109424,kube-system,coredns-c4dbffb5f-p9rsr,3,27
1782109424,kube-system,local-path-provisioner-5c4dc5d66d-nfqxz,1,16
1782109424,kube-system,metrics-server-786d997795-hcp2m,8,48
1782109424,kube-system,svclb-traefik-1100f998-kpm9h,0,0
1782109424,kube-system,traefik-9bcdbbd9-qtpjt,1,37
1782109426,gsm-1,osmo-bsc-594654bd47-ddft9,1,5
1782109426,gsm-1,osmo-bts-virtual-5f8b9b86fc-sw8wz,11,7
1782109426,gsm-1,osmo-hlr-546bdb8988-fckq5,1,2
1782109426,gsm-1,osmo-mgw-8c8fc67d6-4bf2r,1,2
1782109426,gsm-1,osmo-mobile-947867b85-p6xzq,2,30
1782109426,gsm-1,osmo-stp-768687f494-qtbrq,1,2
1782109426,gsm-1,ttcn3-tc-26-6-1-1-1-vvrw7,1,6
1782109426,gsm-1,virtphy-858665df6d-jhx4v,9,3
1782109426,kube-system,coredns-c4dbffb5f-p9rsr,3,27
1782109426,kube-system,local-path-provisioner-5c4dc5d66d-nfqxz,1,16
1782109426,kube-system,metrics-server-786d997795-hcp2m,8,48
1782109426,kube-system,svclb-traefik-1100f998-kpm9h,0,0
1782109426,kube-system,traefik-9bcdbbd9-qtpjt,1,37
1782109428,gsm-1,osmo-bsc-594654bd47-ddft9,1,5
1782109428,gsm-1,osmo-bts-virtual-5f8b9b86fc-sw8wz,11,7
1782109428,gsm-1,osmo-hlr-546bdb8988-fckq5,1,2
1782109428,gsm-1,osmo-mgw-8c8fc67d6-4bf2r,1,2
1782109428,gsm-1,osmo-mobile-947867b85-p6xzq,2,30
1782109428,gsm-1,osmo-stp-768687f494-qtbrq,1,2
1782109428,gsm-1,ttcn3-tc-26-6-1-1-1-vvrw7,1,6
1782109428,gsm-1,virtphy-858665df6d-jhx4v,9,3
1782109428,kube-system,coredns-c4dbffb5f-p9rsr,3,27
1782109428,kube-system,local-path-provisioner-5c4dc5d66d-nfqxz,1,16
1782109428,kube-system,metrics-server-786d997795-hcp2m,8,48
1782109428,kube-system,svclb-traefik-1100f998-kpm9h,0,0
1782109428,kube-system,traefik-9bcdbbd9-qtpjt,1,37
1782109430,gsm-1,osmo-bsc-594654bd47-ddft9,1,5
1782109430,gsm-1,osmo-bts-virtual-5f8b9b86fc-sw8wz,11,7
1782109430,gsm-1,osmo-hlr-546bdb8988-fckq5,1,2
1782109430,gsm-1,osmo-mgw-8c8fc67d6-4bf2r,1,2
1782109430,gsm-1,osmo-mobile-947867b85-p6xzq,2,30
1782109430,gsm-1,osmo-stp-768687f494-qtbrq,1,2
1782109430,gsm-1,ttcn3-tc-26-6-1-1-1-vvrw7,1,6
1782109430,gsm-1,virtphy-858665df6d-jhx4v,9,3
1782109430,kube-system,coredns-c4dbffb5f-p9rsr,3,27
1782109430,kube-system,local-path-provisioner-5c4dc5d66d-nfqxz,1,16
1782109430,kube-system,metrics-server-786d997795-hcp2m,8,48
1782109430,kube-system,svclb-traefik-1100f998-kpm9h,0,0
1782109430,kube-system,traefik-9bcdbbd9-qtpjt,1,37
1782109432,gsm-1,osmo-bsc-594654bd47-ddft9,1,5
1782109432,gsm-1,osmo-bts-virtual-5f8b9b86fc-sw8wz,11,7
1782109432,gsm-1,osmo-hlr-546bdb8988-fckq5,1,2
1782109432,gsm-1,osmo-mgw-8c8fc67d6-4bf2r,1,2
1782109432,gsm-1,osmo-mobile-947867b85-p6xzq,2,30
1782109432,gsm-1,osmo-stp-768687f494-qtbrq,1,2
1782109432,gsm-1,ttcn3-tc-26-6-1-1-1-vvrw7,1,6
1782109432,gsm-1,virtphy-858665df6d-jhx4v,9,3
1782109432,kube-system,coredns-c4dbffb5f-p9rsr,3,27
1782109432,kube-system,local-path-provisioner-5c4dc5d66d-nfqxz,1,16
1782109432,kube-system,metrics-server-786d997795-hcp2m,8,48
1782109432,kube-system,svclb-traefik-1100f998-kpm9h,0,0
1782109432,kube-system,traefik-9bcdbbd9-qtpjt,1,37
1782109434,gsm-1,osmo-bsc-594654bd47-ddft9,1,5
1782109434,gsm-1,osmo-bts-virtual-5f8b9b86fc-sw8wz,11,7
1782109434,gsm-1,osmo-hlr-546bdb8988-fckq5,1,2
1782109434,gsm-1,osmo-mgw-8c8fc67d6-4bf2r,1,2
1782109434,gsm-1,osmo-mobile-947867b85-p6xzq,2,30
1782109434,gsm-1,osmo-stp-768687f494-qtbrq,1,2
1782109434,gsm-1,ttcn3-tc-26-6-1-1-1-vvrw7,1,6
1782109434,gsm-1,virtphy-858665df6d-jhx4v,9,3
1782109434,kube-system,coredns-c4dbffb5f-p9rsr,3,27
1782109434,kube-system,local-path-provisioner-5c4dc5d66d-nfqxz,1,16
1782109434,kube-system,metrics-server-786d997795-hcp2m,8,48
1782109434,kube-system,svclb-traefik-1100f998-kpm9h,0,0
1782109434,kube-system,traefik-9bcdbbd9-qtpjt,1,37
1782109436,gsm-1,osmo-bsc-594654bd47-ddft9,1,5
1782109436,gsm-1,osmo-bts-virtual-5f8b9b86fc-sw8wz,11,7
1782109436,gsm-1,osmo-hlr-546bdb8988-fckq5,1,2
1782109436,gsm-1,osmo-mgw-8c8fc67d6-4bf2r,1,2
1782109436,gsm-1,osmo-mobile-947867b85-p6xzq,2,30
1782109436,gsm-1,osmo-stp-768687f494-qtbrq,1,2
1782109436,gsm-1,ttcn3-tc-26-6-1-1-1-vvrw7,1,6
1782109436,gsm-1,virtphy-858665df6d-jhx4v,9,3
1782109436,kube-system,coredns-c4dbffb5f-p9rsr,3,27
1782109436,kube-system,local-path-provisioner-5c4dc5d66d-nfqxz,1,16
1782109436,kube-system,metrics-server-786d997795-hcp2m,8,48
1782109436,kube-system,svclb-traefik-1100f998-kpm9h,0,0
1782109436,kube-system,traefik-9bcdbbd9-qtpjt,1,37
1782109438,gsm-1,msc-test-stub-5b875d749d-mlqds,11,15
1782109438,gsm-1,osmo-bsc-594654bd47-ddft9,1,5
1782109438,gsm-1,osmo-bts-virtual-5f8b9b86fc-sw8wz,10,6
1782109438,gsm-1,osmo-hlr-546bdb8988-fckq5,1,2
1782109438,gsm-1,osmo-mgw-8c8fc67d6-4bf2r,1,2
1782109438,gsm-1,osmo-mobile-947867b85-p6xzq,2,30
1782109438,gsm-1,osmo-stp-768687f494-qtbrq,1,2
1782109438,gsm-1,ttcn3-tc-26-6-1-1-1-vvrw7,1,6
1782109438,gsm-1,virtphy-858665df6d-jhx4v,9,3
1782109438,kube-system,coredns-c4dbffb5f-p9rsr,3,27
1782109438,kube-system,local-path-provisioner-5c4dc5d66d-nfqxz,1,16
1782109438,kube-system,metrics-server-786d997795-hcp2m,8,48
1782109438,kube-system,svclb-traefik-1100f998-kpm9h,0,0
1782109438,kube-system,traefik-9bcdbbd9-qtpjt,1,37
1782109440,gsm-1,msc-test-stub-5b875d749d-mlqds,11,15
1782109440,gsm-1,osmo-bsc-594654bd47-ddft9,1,5
1782109440,gsm-1,osmo-bts-virtual-5f8b9b86fc-sw8wz,10,6
1782109440,gsm-1,osmo-hlr-546bdb8988-fckq5,1,2
1782109440,gsm-1,osmo-mgw-8c8fc67d6-4bf2r,1,2
1782109440,gsm-1,osmo-mobile-947867b85-p6xzq,2,30
1782109440,gsm-1,osmo-stp-768687f494-qtbrq,1,2
1782109440,gsm-1,ttcn3-tc-26-6-1-1-1-vvrw7,1,6
1782109440,gsm-1,virtphy-858665df6d-jhx4v,9,3
1782109440,kube-system,coredns-c4dbffb5f-p9rsr,3,27
1782109440,kube-system,local-path-provisioner-5c4dc5d66d-nfqxz,1,16
1782109440,kube-system,metrics-server-786d997795-hcp2m,8,48
1782109440,kube-system,svclb-traefik-1100f998-kpm9h,0,0
1782109440,kube-system,traefik-9bcdbbd9-qtpjt,1,37
1782109443,gsm-1,msc-test-stub-5b875d749d-mlqds,11,15
1782109443,gsm-1,osmo-bsc-594654bd47-ddft9,1,5
1782109443,gsm-1,osmo-bts-virtual-5f8b9b86fc-sw8wz,10,6
1782109443,gsm-1,osmo-hlr-546bdb8988-fckq5,1,2
1782109443,gsm-1,osmo-mgw-8c8fc67d6-4bf2r,1,2
1782109443,gsm-1,osmo-mobile-947867b85-p6xzq,2,30
1782109443,gsm-1,osmo-stp-768687f494-qtbrq,1,2
1782109443,gsm-1,ttcn3-tc-26-6-1-1-1-vvrw7,1,6
1782109443,gsm-1,virtphy-858665df6d-jhx4v,9,3
1782109443,kube-system,coredns-c4dbffb5f-p9rsr,3,27
1782109443,kube-system,local-path-provisioner-5c4dc5d66d-nfqxz,1,16
1782109443,kube-system,metrics-server-786d997795-hcp2m,8,48
1782109443,kube-system,svclb-traefik-1100f998-kpm9h,0,0
1782109443,kube-system,traefik-9bcdbbd9-qtpjt,1,37
1782109445,gsm-1,msc-test-stub-5b875d749d-mlqds,11,15
1782109445,gsm-1,osmo-bsc-594654bd47-ddft9,1,5
1782109445,gsm-1,osmo-bts-virtual-5f8b9b86fc-sw8wz,10,6
1782109445,gsm-1,osmo-hlr-546bdb8988-fckq5,1,2
1782109445,gsm-1,osmo-mgw-8c8fc67d6-4bf2r,1,2
1782109445,gsm-1,osmo-mobile-947867b85-p6xzq,2,30
1782109445,gsm-1,osmo-stp-768687f494-qtbrq,1,2
1782109445,gsm-1,ttcn3-tc-26-6-1-1-1-vvrw7,1,6
1782109445,gsm-1,virtphy-858665df6d-jhx4v,9,3
1782109445,kube-system,coredns-c4dbffb5f-p9rsr,3,27
1782109445,kube-system,local-path-provisioner-5c4dc5d66d-nfqxz,1,16
1782109445,kube-system,metrics-server-786d997795-hcp2m,8,48
1782109445,kube-system,svclb-traefik-1100f998-kpm9h,0,0
1782109445,kube-system,traefik-9bcdbbd9-qtpjt,1,37
1782109447,gsm-1,msc-test-stub-5b875d749d-mlqds,11,15
1782109447,gsm-1,osmo-bsc-594654bd47-ddft9,1,5
1782109447,gsm-1,osmo-bts-virtual-5f8b9b86fc-sw8wz,10,6
1782109447,gsm-1,osmo-hlr-546bdb8988-fckq5,1,2
1782109447,gsm-1,osmo-mgw-8c8fc67d6-4bf2r,1,2
1782109447,gsm-1,osmo-mobile-947867b85-p6xzq,2,30
1782109447,gsm-1,osmo-stp-768687f494-qtbrq,1,2
1782109447,gsm-1,ttcn3-tc-26-6-1-1-1-vvrw7,1,6
1782109447,gsm-1,virtphy-858665df6d-jhx4v,9,3
1782109447,kube-system,coredns-c4dbffb5f-p9rsr,3,27
1782109447,kube-system,local-path-provisioner-5c4dc5d66d-nfqxz,1,16
1782109447,kube-system,metrics-server-786d997795-hcp2m,8,48
1782109447,kube-system,svclb-traefik-1100f998-kpm9h,0,0
1782109447,kube-system,traefik-9bcdbbd9-qtpjt,1,37
1782109449,gsm-1,msc-test-stub-5b875d749d-mlqds,11,15
1782109449,gsm-1,osmo-bsc-594654bd47-ddft9,1,5
1782109449,gsm-1,osmo-bts-virtual-5f8b9b86fc-sw8wz,10,6
1782109449,gsm-1,osmo-hlr-546bdb8988-fckq5,1,2
1782109449,gsm-1,osmo-mgw-8c8fc67d6-4bf2r,1,2
1782109449,gsm-1,osmo-mobile-947867b85-p6xzq,2,30
1782109449,gsm-1,osmo-stp-768687f494-qtbrq,1,2
1782109449,gsm-1,ttcn3-tc-26-6-1-1-1-vvrw7,1,6
1782109449,gsm-1,virtphy-858665df6d-jhx4v,9,3
1782109449,kube-system,coredns-c4dbffb5f-p9rsr,3,27
1782109449,kube-system,local-path-provisioner-5c4dc5d66d-nfqxz,1,16
1782109449,kube-system,metrics-server-786d997795-hcp2m,8,48
1782109449,kube-system,svclb-traefik-1100f998-kpm9h,0,0
1782109449,kube-system,traefik-9bcdbbd9-qtpjt,1,37
1782109451,gsm-1,msc-test-stub-5b875d749d-mlqds,11,15
1782109451,gsm-1,osmo-bsc-594654bd47-ddft9,1,5
1782109451,gsm-1,osmo-bts-virtual-5f8b9b86fc-sw8wz,10,6
1782109451,gsm-1,osmo-hlr-546bdb8988-fckq5,1,2
1782109451,gsm-1,osmo-mgw-8c8fc67d6-4bf2r,1,2
1782109451,gsm-1,osmo-mobile-947867b85-p6xzq,2,30
1782109451,gsm-1,osmo-stp-768687f494-qtbrq,1,2
1782109451,gsm-1,ttcn3-tc-26-6-1-1-1-vvrw7,1,6
1782109451,gsm-1,virtphy-858665df6d-jhx4v,9,3
1782109451,kube-system,coredns-c4dbffb5f-p9rsr,3,27
1782109451,kube-system,local-path-provisioner-5c4dc5d66d-nfqxz,1,16
1782109451,kube-system,metrics-server-786d997795-hcp2m,8,48
1782109451,kube-system,svclb-traefik-1100f998-kpm9h,0,0
1782109451,kube-system,traefik-9bcdbbd9-qtpjt,1,37
1782109453,gsm-1,msc-test-stub-5b875d749d-mlqds,3,16
1782109453,gsm-1,osmo-bsc-594654bd47-ddft9,1,5
1782109453,gsm-1,osmo-bts-virtual-5f8b9b86fc-sw8wz,11,6
1782109453,gsm-1,osmo-hlr-546bdb8988-fckq5,1,2
1782109453,gsm-1,osmo-mgw-8c8fc67d6-4bf2r,1,2
1782109453,gsm-1,osmo-mobile-947867b85-p6xzq,2,30
1782109453,gsm-1,osmo-stp-768687f494-qtbrq,1,2
1782109453,gsm-1,ttcn3-tc-26-6-1-1-1-vvrw7,1,6
1782109453,gsm-1,virtphy-858665df6d-jhx4v,9,4
1782109453,kube-system,coredns-c4dbffb5f-p9rsr,3,27
1782109453,kube-system,local-path-provisioner-5c4dc5d66d-nfqxz,1,16
1782109453,kube-system,metrics-server-786d997795-hcp2m,9,48
1782109453,kube-system,svclb-traefik-1100f998-kpm9h,0,0
1782109453,kube-system,traefik-9bcdbbd9-qtpjt,1,37
1782109455,gsm-1,msc-test-stub-5b875d749d-mlqds,3,16
1782109455,gsm-1,osmo-bsc-594654bd47-ddft9,1,5
1782109455,gsm-1,osmo-bts-virtual-5f8b9b86fc-sw8wz,11,6
1782109455,gsm-1,osmo-hlr-546bdb8988-fckq5,1,2
1782109455,gsm-1,osmo-mgw-8c8fc67d6-4bf2r,1,2
1782109455,gsm-1,osmo-mobile-947867b85-p6xzq,2,30
1782109455,gsm-1,osmo-stp-768687f494-qtbrq,1,2
1782109455,gsm-1,ttcn3-tc-26-6-1-1-1-vvrw7,1,6
1782109455,gsm-1,virtphy-858665df6d-jhx4v,9,4
1782109455,kube-system,coredns-c4dbffb5f-p9rsr,3,27
1782109455,kube-system,local-path-provisioner-5c4dc5d66d-nfqxz,1,16
1782109455,kube-system,metrics-server-786d997795-hcp2m,9,48
1782109455,kube-system,svclb-traefik-1100f998-kpm9h,0,0
1782109455,kube-system,traefik-9bcdbbd9-qtpjt,1,37
1782109457,gsm-1,msc-test-stub-5b875d749d-mlqds,3,16
1782109457,gsm-1,osmo-bsc-594654bd47-ddft9,1,5
1782109457,gsm-1,osmo-bts-virtual-5f8b9b86fc-sw8wz,11,6
1782109457,gsm-1,osmo-hlr-546bdb8988-fckq5,1,2
1782109457,gsm-1,osmo-mgw-8c8fc67d6-4bf2r,1,2
1782109457,gsm-1,osmo-mobile-947867b85-p6xzq,2,30
1782109457,gsm-1,osmo-stp-768687f494-qtbrq,1,2
1782109457,gsm-1,ttcn3-tc-26-6-1-1-1-vvrw7,1,6
1782109457,gsm-1,virtphy-858665df6d-jhx4v,9,4
1782109457,kube-system,coredns-c4dbffb5f-p9rsr,3,27
1782109457,kube-system,local-path-provisioner-5c4dc5d66d-nfqxz,1,16
1782109457,kube-system,metrics-server-786d997795-hcp2m,9,48
1782109457,kube-system,svclb-traefik-1100f998-kpm9h,0,0
1782109457,kube-system,traefik-9bcdbbd9-qtpjt,1,37
1782109459,gsm-1,msc-test-stub-5b875d749d-mlqds,3,16
1782109459,gsm-1,osmo-bsc-594654bd47-ddft9,1,5
1782109459,gsm-1,osmo-bts-virtual-5f8b9b86fc-sw8wz,11,6
1782109459,gsm-1,osmo-hlr-546bdb8988-fckq5,1,2
1782109459,gsm-1,osmo-mgw-8c8fc67d6-4bf2r,1,2
1782109459,gsm-1,osmo-mobile-947867b85-p6xzq,2,30
1782109459,gsm-1,osmo-stp-768687f494-qtbrq,1,2
1782109459,gsm-1,ttcn3-tc-26-6-1-1-1-vvrw7,1,6
1782109459,gsm-1,virtphy-858665df6d-jhx4v,9,4
1782109459,kube-system,coredns-c4dbffb5f-p9rsr,3,27
1782109459,kube-system,local-path-provisioner-5c4dc5d66d-nfqxz,1,16
1782109459,kube-system,metrics-server-786d997795-hcp2m,9,48
1782109459,kube-system,svclb-traefik-1100f998-kpm9h,0,0
1782109459,kube-system,traefik-9bcdbbd9-qtpjt,1,37
1782109461,gsm-1,msc-test-stub-5b875d749d-mlqds,3,16
1782109461,gsm-1,osmo-bsc-594654bd47-ddft9,1,5
1782109461,gsm-1,osmo-bts-virtual-5f8b9b86fc-sw8wz,11,6
1782109461,gsm-1,osmo-hlr-546bdb8988-fckq5,1,2
1782109461,gsm-1,osmo-mgw-8c8fc67d6-4bf2r,1,2
1782109461,gsm-1,osmo-mobile-947867b85-p6xzq,2,30
1782109461,gsm-1,osmo-stp-768687f494-qtbrq,1,2
1782109461,gsm-1,ttcn3-tc-26-6-1-1-1-vvrw7,1,6
1782109461,gsm-1,virtphy-858665df6d-jhx4v,9,4
1782109461,kube-system,coredns-c4dbffb5f-p9rsr,3,27
1782109461,kube-system,local-path-provisioner-5c4dc5d66d-nfqxz,1,16
1782109461,kube-system,metrics-server-786d997795-hcp2m,9,48
1782109461,kube-system,svclb-traefik-1100f998-kpm9h,0,0
1782109461,kube-system,traefik-9bcdbbd9-qtpjt,1,37
1782109464,gsm-1,msc-test-stub-5b875d749d-mlqds,3,16
1782109464,gsm-1,osmo-bsc-594654bd47-ddft9,1,5
1782109464,gsm-1,osmo-bts-virtual-5f8b9b86fc-sw8wz,11,6
1782109464,gsm-1,osmo-hlr-546bdb8988-fckq5,1,2
1782109464,gsm-1,osmo-mgw-8c8fc67d6-4bf2r,1,2
1782109464,gsm-1,osmo-mobile-947867b85-p6xzq,2,30
1782109464,gsm-1,osmo-stp-768687f494-qtbrq,1,2
1782109464,gsm-1,ttcn3-tc-26-6-1-1-1-vvrw7,1,6
1782109464,gsm-1,virtphy-858665df6d-jhx4v,9,4
1782109464,kube-system,coredns-c4dbffb5f-p9rsr,3,27
1782109464,kube-system,local-path-provisioner-5c4dc5d66d-nfqxz,1,16
1782109464,kube-system,metrics-server-786d997795-hcp2m,9,48
1782109464,kube-system,svclb-traefik-1100f998-kpm9h,0,0
1782109464,kube-system,traefik-9bcdbbd9-qtpjt,1,37
1782109466,gsm-1,msc-test-stub-5b875d749d-mlqds,3,16
1782109466,gsm-1,osmo-bsc-594654bd47-ddft9,1,5
1782109466,gsm-1,osmo-bts-virtual-5f8b9b86fc-sw8wz,11,6
1782109466,gsm-1,osmo-hlr-546bdb8988-fckq5,1,2
1782109466,gsm-1,osmo-mgw-8c8fc67d6-4bf2r,1,2
1782109466,gsm-1,osmo-mobile-947867b85-p6xzq,2,30
1782109466,gsm-1,osmo-stp-768687f494-qtbrq,1,2
1782109466,gsm-1,ttcn3-tc-26-6-1-1-1-vvrw7,1,6
1782109466,gsm-1,virtphy-858665df6d-jhx4v,9,4
1782109466,kube-system,coredns-c4dbffb5f-p9rsr,3,27
1782109466,kube-system,local-path-provisioner-5c4dc5d66d-nfqxz,1,16
1782109466,kube-system,metrics-server-786d997795-hcp2m,9,48
1782109466,kube-system,svclb-traefik-1100f998-kpm9h,0,0
1782109466,kube-system,traefik-9bcdbbd9-qtpjt,1,37
1782109468,gsm-1,msc-test-stub-5b875d749d-mlqds,1,16
1782109468,gsm-1,osmo-bsc-594654bd47-ddft9,1,5
1782109468,gsm-1,osmo-bts-virtual-5f8b9b86fc-sw8wz,10,8
1782109468,gsm-1,osmo-hlr-546bdb8988-fckq5,1,2
1782109468,gsm-1,osmo-mgw-8c8fc67d6-4bf2r,1,2
1782109468,gsm-1,osmo-mobile-947867b85-p6xzq,2,30
1782109468,gsm-1,osmo-stp-768687f494-qtbrq,1,2
1782109468,gsm-1,ttcn3-tc-26-6-1-1-1-vvrw7,1,6
1782109468,gsm-1,virtphy-858665df6d-jhx4v,10,1
1782109468,kube-system,coredns-c4dbffb5f-p9rsr,3,27
1782109468,kube-system,local-path-provisioner-5c4dc5d66d-nfqxz,1,16
1782109468,kube-system,metrics-server-786d997795-hcp2m,11,48
1782109468,kube-system,svclb-traefik-1100f998-kpm9h,0,0
1782109468,kube-system,traefik-9bcdbbd9-qtpjt,1,37
1782109470,gsm-1,msc-test-stub-5b875d749d-mlqds,1,16
1782109470,gsm-1,osmo-bsc-594654bd47-ddft9,1,5
1782109470,gsm-1,osmo-bts-virtual-5f8b9b86fc-sw8wz,10,8
1782109470,gsm-1,osmo-hlr-546bdb8988-fckq5,1,2
1782109470,gsm-1,osmo-mgw-8c8fc67d6-4bf2r,1,2
1782109470,gsm-1,osmo-mobile-947867b85-p6xzq,2,30
1782109470,gsm-1,osmo-stp-768687f494-qtbrq,1,2
1782109470,gsm-1,ttcn3-tc-26-6-1-1-1-vvrw7,1,6
1782109470,gsm-1,virtphy-858665df6d-jhx4v,10,1
1782109470,kube-system,coredns-c4dbffb5f-p9rsr,3,27
1782109470,kube-system,local-path-provisioner-5c4dc5d66d-nfqxz,1,16
1782109470,kube-system,metrics-server-786d997795-hcp2m,11,48
1782109470,kube-system,svclb-traefik-1100f998-kpm9h,0,0
1782109470,kube-system,traefik-9bcdbbd9-qtpjt,1,37
1782109472,gsm-1,msc-test-stub-5b875d749d-mlqds,1,16
1782109472,gsm-1,osmo-bsc-594654bd47-ddft9,1,5
1782109472,gsm-1,osmo-bts-virtual-5f8b9b86fc-sw8wz,10,8
1782109472,gsm-1,osmo-hlr-546bdb8988-fckq5,1,2
1782109472,gsm-1,osmo-mgw-8c8fc67d6-4bf2r,1,2
1782109472,gsm-1,osmo-mobile-947867b85-p6xzq,2,30
1782109472,gsm-1,osmo-stp-768687f494-qtbrq,1,2
1782109472,gsm-1,ttcn3-tc-26-6-1-1-1-vvrw7,1,6
1782109472,gsm-1,virtphy-858665df6d-jhx4v,10,1
1782109472,kube-system,coredns-c4dbffb5f-p9rsr,3,27
1782109472,kube-system,local-path-provisioner-5c4dc5d66d-nfqxz,1,16
1782109472,kube-system,metrics-server-786d997795-hcp2m,11,48
1782109472,kube-system,svclb-traefik-1100f998-kpm9h,0,0
1782109472,kube-system,traefik-9bcdbbd9-qtpjt,1,37
1782109474,gsm-1,msc-test-stub-5b875d749d-mlqds,1,16
1782109474,gsm-1,osmo-bsc-594654bd47-ddft9,1,5
1782109474,gsm-1,osmo-bts-virtual-5f8b9b86fc-sw8wz,10,8
1782109474,gsm-1,osmo-hlr-546bdb8988-fckq5,1,2
1782109474,gsm-1,osmo-mgw-8c8fc67d6-4bf2r,1,2
1782109474,gsm-1,osmo-mobile-947867b85-p6xzq,2,30
1782109474,gsm-1,osmo-stp-768687f494-qtbrq,1,2
1782109474,gsm-1,ttcn3-tc-26-6-1-1-1-vvrw7,1,6
1782109474,gsm-1,virtphy-858665df6d-jhx4v,10,1
1782109474,kube-system,coredns-c4dbffb5f-p9rsr,3,27
1782109474,kube-system,local-path-provisioner-5c4dc5d66d-nfqxz,1,16
1782109474,kube-system,metrics-server-786d997795-hcp2m,11,48
1782109474,kube-system,svclb-traefik-1100f998-kpm9h,0,0
1782109474,kube-system,traefik-9bcdbbd9-qtpjt,1,37
1782109476,gsm-1,msc-test-stub-5b875d749d-mlqds,1,16
1782109476,gsm-1,osmo-bsc-594654bd47-ddft9,1,5
1782109476,gsm-1,osmo-bts-virtual-5f8b9b86fc-sw8wz,10,8
1782109476,gsm-1,osmo-hlr-546bdb8988-fckq5,1,2
1782109476,gsm-1,osmo-mgw-8c8fc67d6-4bf2r,1,2
1782109476,gsm-1,osmo-mobile-947867b85-p6xzq,2,30
1782109476,gsm-1,osmo-stp-768687f494-qtbrq,1,2
1782109476,gsm-1,ttcn3-tc-26-6-1-1-1-vvrw7,1,6
1782109476,gsm-1,virtphy-858665df6d-jhx4v,10,1
1782109476,kube-system,coredns-c4dbffb5f-p9rsr,3,27
1782109476,kube-system,local-path-provisioner-5c4dc5d66d-nfqxz,1,16
1782109476,kube-system,metrics-server-786d997795-hcp2m,11,48
1782109476,kube-system,svclb-traefik-1100f998-kpm9h,0,0
1782109476,kube-system,traefik-9bcdbbd9-qtpjt,1,37
1782109479,gsm-1,msc-test-stub-5b875d749d-mlqds,1,16
1782109479,gsm-1,osmo-bsc-594654bd47-ddft9,1,5
1782109479,gsm-1,osmo-bts-virtual-5f8b9b86fc-sw8wz,10,8
1782109479,gsm-1,osmo-hlr-546bdb8988-fckq5,1,2
1782109479,gsm-1,osmo-mgw-8c8fc67d6-4bf2r,1,2
1782109479,gsm-1,osmo-mobile-947867b85-p6xzq,2,30
1782109479,gsm-1,osmo-stp-768687f494-qtbrq,1,2
1782109479,gsm-1,ttcn3-tc-26-6-1-1-1-vvrw7,1,6
1782109479,gsm-1,virtphy-858665df6d-jhx4v,10,1
1782109479,kube-system,coredns-c4dbffb5f-p9rsr,3,27
1782109479,kube-system,local-path-provisioner-5c4dc5d66d-nfqxz,1,16
1782109479,kube-system,metrics-server-786d997795-hcp2m,11,48
1782109479,kube-system,svclb-traefik-1100f998-kpm9h,0,0
1782109479,kube-system,traefik-9bcdbbd9-qtpjt,1,37
1782109481,gsm-1,msc-test-stub-5b875d749d-mlqds,1,16
1782109481,gsm-1,osmo-bsc-594654bd47-ddft9,1,5
1782109481,gsm-1,osmo-bts-virtual-5f8b9b86fc-sw8wz,10,8
1782109481,gsm-1,osmo-hlr-546bdb8988-fckq5,1,2
1782109481,gsm-1,osmo-mgw-8c8fc67d6-4bf2r,1,2
1782109481,gsm-1,osmo-mobile-947867b85-p6xzq,2,30
1782109481,gsm-1,osmo-stp-768687f494-qtbrq,1,2
1782109481,gsm-1,ttcn3-tc-26-6-1-1-1-vvrw7,1,6
1782109481,gsm-1,virtphy-858665df6d-jhx4v,10,1
1782109481,kube-system,coredns-c4dbffb5f-p9rsr,3,27
1782109481,kube-system,local-path-provisioner-5c4dc5d66d-nfqxz,1,16
1782109481,kube-system,metrics-server-786d997795-hcp2m,11,48
1782109481,kube-system,svclb-traefik-1100f998-kpm9h,0,0
1782109481,kube-system,traefik-9bcdbbd9-qtpjt,1,37
1782109483,gsm-1,msc-test-stub-5b875d749d-mlqds,1,16
1782109483,gsm-1,osmo-bsc-594654bd47-ddft9,1,5
1782109483,gsm-1,osmo-bts-virtual-5f8b9b86fc-sw8wz,10,7
1782109483,gsm-1,osmo-hlr-546bdb8988-fckq5,1,2
1782109483,gsm-1,osmo-mgw-8c8fc67d6-4bf2r,1,2
1782109483,gsm-1,osmo-mobile-947867b85-p6xzq,2,30
1782109483,gsm-1,osmo-stp-768687f494-qtbrq,1,2
1782109483,gsm-1,ttcn3-tc-26-6-1-1-1-vvrw7,1,6
1782109483,gsm-1,virtphy-858665df6d-jhx4v,9,4
1782109483,kube-system,coredns-c4dbffb5f-p9rsr,2,27
1782109483,kube-system,local-path-provisioner-5c4dc5d66d-nfqxz,1,16
1782109483,kube-system,metrics-server-786d997795-hcp2m,8,48
1782109483,kube-system,svclb-traefik-1100f998-kpm9h,0,0
1782109483,kube-system,traefik-9bcdbbd9-qtpjt,1,37
1782109485,gsm-1,msc-test-stub-5b875d749d-mlqds,1,16
1782109485,gsm-1,osmo-bsc-594654bd47-ddft9,1,5
1782109485,gsm-1,osmo-bts-virtual-5f8b9b86fc-sw8wz,10,7
1782109485,gsm-1,osmo-hlr-546bdb8988-fckq5,1,2
1782109485,gsm-1,osmo-mgw-8c8fc67d6-4bf2r,1,2
1782109485,gsm-1,osmo-mobile-947867b85-p6xzq,2,30
1782109485,gsm-1,osmo-stp-768687f494-qtbrq,1,2
1782109485,gsm-1,ttcn3-tc-26-6-1-1-1-vvrw7,1,6
1782109485,gsm-1,virtphy-858665df6d-jhx4v,9,4
1782109485,kube-system,coredns-c4dbffb5f-p9rsr,2,27
1782109485,kube-system,local-path-provisioner-5c4dc5d66d-nfqxz,1,16
1782109485,kube-system,metrics-server-786d997795-hcp2m,8,48
1782109485,kube-system,svclb-traefik-1100f998-kpm9h,0,0
1782109485,kube-system,traefik-9bcdbbd9-qtpjt,1,37
1782109487,gsm-1,msc-test-stub-5b875d749d-mlqds,1,16
1782109487,gsm-1,osmo-bsc-594654bd47-ddft9,1,5
1782109487,gsm-1,osmo-bts-virtual-5f8b9b86fc-sw8wz,10,7
1782109487,gsm-1,osmo-hlr-546bdb8988-fckq5,1,2
1782109487,gsm-1,osmo-mgw-8c8fc67d6-4bf2r,1,2
1782109487,gsm-1,osmo-mobile-947867b85-p6xzq,2,30
1782109487,gsm-1,osmo-stp-768687f494-qtbrq,1,2
1782109487,gsm-1,ttcn3-tc-26-6-1-1-1-vvrw7,1,6
1782109487,gsm-1,virtphy-858665df6d-jhx4v,9,4
1782109487,kube-system,coredns-c4dbffb5f-p9rsr,2,27
1782109487,kube-system,local-path-provisioner-5c4dc5d66d-nfqxz,1,16
1782109487,kube-system,metrics-server-786d997795-hcp2m,8,48
1782109487,kube-system,svclb-traefik-1100f998-kpm9h,0,0
1782109487,kube-system,traefik-9bcdbbd9-qtpjt,1,37
1782109489,gsm-1,msc-test-stub-5b875d749d-mlqds,1,16
1782109489,gsm-1,osmo-bsc-594654bd47-ddft9,1,5
1782109489,gsm-1,osmo-bts-virtual-5f8b9b86fc-sw8wz,10,7
1782109489,gsm-1,osmo-hlr-546bdb8988-fckq5,1,2
1782109489,gsm-1,osmo-mgw-8c8fc67d6-4bf2r,1,2
1782109489,gsm-1,osmo-mobile-947867b85-p6xzq,2,30
1782109489,gsm-1,osmo-stp-768687f494-qtbrq,1,2
1782109489,gsm-1,ttcn3-tc-26-6-1-1-1-vvrw7,1,6
1782109489,gsm-1,virtphy-858665df6d-jhx4v,9,4
1782109489,kube-system,coredns-c4dbffb5f-p9rsr,2,27
1782109489,kube-system,local-path-provisioner-5c4dc5d66d-nfqxz,1,16
1782109489,kube-system,metrics-server-786d997795-hcp2m,8,48
1782109489,kube-system,svclb-traefik-1100f998-kpm9h,0,0
1782109489,kube-system,traefik-9bcdbbd9-qtpjt,1,37
1782109491,gsm-1,msc-test-stub-5b875d749d-mlqds,1,16
1782109491,gsm-1,osmo-bsc-594654bd47-ddft9,1,5
1782109491,gsm-1,osmo-bts-virtual-5f8b9b86fc-sw8wz,10,7
1782109491,gsm-1,osmo-hlr-546bdb8988-fckq5,1,2
1782109491,gsm-1,osmo-mgw-8c8fc67d6-4bf2r,1,2
1782109491,gsm-1,osmo-mobile-947867b85-p6xzq,2,30
1782109491,gsm-1,osmo-stp-768687f494-qtbrq,1,2
1782109491,gsm-1,ttcn3-tc-26-6-1-1-1-vvrw7,1,6
1782109491,gsm-1,virtphy-858665df6d-jhx4v,9,4
1782109491,kube-system,coredns-c4dbffb5f-p9rsr,2,27
1782109491,kube-system,local-path-provisioner-5c4dc5d66d-nfqxz,1,16
1782109491,kube-system,metrics-server-786d997795-hcp2m,8,48
1782109491,kube-system,svclb-traefik-1100f998-kpm9h,0,0
1782109491,kube-system,traefik-9bcdbbd9-qtpjt,1,37
1782109493,gsm-1,msc-test-stub-5b875d749d-mlqds,1,16
1782109493,gsm-1,osmo-bsc-594654bd47-ddft9,1,5
1782109493,gsm-1,osmo-bts-virtual-5f8b9b86fc-sw8wz,10,7
1782109493,gsm-1,osmo-hlr-546bdb8988-fckq5,1,2
1782109493,gsm-1,osmo-mgw-8c8fc67d6-4bf2r,1,2
1782109493,gsm-1,osmo-mobile-947867b85-p6xzq,2,30
1782109493,gsm-1,osmo-stp-768687f494-qtbrq,1,2
1782109493,gsm-1,ttcn3-tc-26-6-1-1-1-vvrw7,1,6
1782109493,gsm-1,virtphy-858665df6d-jhx4v,9,4
1782109493,kube-system,coredns-c4dbffb5f-p9rsr,2,27
1782109493,kube-system,local-path-provisioner-5c4dc5d66d-nfqxz,1,16
1782109493,kube-system,metrics-server-786d997795-hcp2m,8,48
1782109493,kube-system,svclb-traefik-1100f998-kpm9h,0,0
1782109493,kube-system,traefik-9bcdbbd9-qtpjt,1,37
1782109496,gsm-1,msc-test-stub-5b875d749d-mlqds,1,16
1782109496,gsm-1,osmo-bsc-594654bd47-ddft9,1,5
1782109496,gsm-1,osmo-bts-virtual-5f8b9b86fc-sw8wz,10,7
1782109496,gsm-1,osmo-hlr-546bdb8988-fckq5,1,2
1782109496,gsm-1,osmo-mgw-8c8fc67d6-4bf2r,1,2
1782109496,gsm-1,osmo-mobile-947867b85-p6xzq,2,30
1782109496,gsm-1,osmo-stp-768687f494-qtbrq,1,2
1782109496,gsm-1,ttcn3-tc-26-6-1-1-1-vvrw7,1,6
1782109496,gsm-1,virtphy-858665df6d-jhx4v,9,4
1782109496,kube-system,coredns-c4dbffb5f-p9rsr,2,27
1782109496,kube-system,local-path-provisioner-5c4dc5d66d-nfqxz,1,16
1782109496,kube-system,metrics-server-786d997795-hcp2m,8,48
1782109496,kube-system,svclb-traefik-1100f998-kpm9h,0,0
1782109496,kube-system,traefik-9bcdbbd9-qtpjt,1,37
1782109498,gsm-1,msc-test-stub-5b875d749d-mlqds,1,16
1782109498,gsm-1,osmo-bsc-594654bd47-ddft9,1,5
1782109498,gsm-1,osmo-bts-virtual-5f8b9b86fc-sw8wz,10,7
1782109498,gsm-1,osmo-hlr-546bdb8988-fckq5,1,2
1782109498,gsm-1,osmo-mgw-8c8fc67d6-4bf2r,1,2
1782109498,gsm-1,osmo-mobile-947867b85-p6xzq,2,30
1782109498,gsm-1,osmo-stp-768687f494-qtbrq,1,2
1782109498,gsm-1,ttcn3-tc-26-6-1-1-1-vvrw7,1,6
1782109498,gsm-1,virtphy-858665df6d-jhx4v,9,3
1782109498,kube-system,coredns-c4dbffb5f-p9rsr,2,27
1782109498,kube-system,local-path-provisioner-5c4dc5d66d-nfqxz,1,16
1782109498,kube-system,metrics-server-786d997795-hcp2m,7,48
1782109498,kube-system,svclb-traefik-1100f998-kpm9h,0,0
1782109498,kube-system,traefik-9bcdbbd9-qtpjt,1,37
1782109500,gsm-1,msc-test-stub-5b875d749d-mlqds,1,16
1782109500,gsm-1,osmo-bsc-594654bd47-ddft9,1,5
1782109500,gsm-1,osmo-bts-virtual-5f8b9b86fc-sw8wz,10,7
1782109500,gsm-1,osmo-hlr-546bdb8988-fckq5,1,2
1782109500,gsm-1,osmo-mgw-8c8fc67d6-4bf2r,1,2
1782109500,gsm-1,osmo-mobile-947867b85-p6xzq,2,30
1782109500,gsm-1,osmo-stp-768687f494-qtbrq,1,2
1782109500,gsm-1,ttcn3-tc-26-6-1-1-1-vvrw7,1,6
1782109500,gsm-1,virtphy-858665df6d-jhx4v,9,3
1782109500,kube-system,coredns-c4dbffb5f-p9rsr,2,27
1782109500,kube-system,local-path-provisioner-5c4dc5d66d-nfqxz,1,16
1782109500,kube-system,metrics-server-786d997795-hcp2m,7,48
1782109500,kube-system,svclb-traefik-1100f998-kpm9h,0,0
1782109500,kube-system,traefik-9bcdbbd9-qtpjt,1,37
1782109502,gsm-1,msc-test-stub-5b875d749d-mlqds,1,16
1782109502,gsm-1,osmo-bsc-594654bd47-ddft9,1,5
1782109502,gsm-1,osmo-bts-virtual-5f8b9b86fc-sw8wz,10,7
1782109502,gsm-1,osmo-hlr-546bdb8988-fckq5,1,2
1782109502,gsm-1,osmo-mgw-8c8fc67d6-4bf2r,1,2
1782109502,gsm-1,osmo-mobile-947867b85-p6xzq,2,30
1782109502,gsm-1,osmo-stp-768687f494-qtbrq,1,2
1782109502,gsm-1,ttcn3-tc-26-6-1-1-1-vvrw7,1,6
1782109502,gsm-1,virtphy-858665df6d-jhx4v,9,3
1782109502,kube-system,coredns-c4dbffb5f-p9rsr,2,27
1782109502,kube-system,local-path-provisioner-5c4dc5d66d-nfqxz,1,16
1782109502,kube-system,metrics-server-786d997795-hcp2m,7,48
1782109502,kube-system,svclb-traefik-1100f998-kpm9h,0,0
1782109502,kube-system,traefik-9bcdbbd9-qtpjt,1,37
1782109504,gsm-1,msc-test-stub-5b875d749d-mlqds,1,16
1782109504,gsm-1,osmo-bsc-594654bd47-ddft9,1,5
1782109504,gsm-1,osmo-bts-virtual-5f8b9b86fc-sw8wz,10,7
1782109504,gsm-1,osmo-hlr-546bdb8988-fckq5,1,2
1782109504,gsm-1,osmo-mgw-8c8fc67d6-4bf2r,1,2
1782109504,gsm-1,osmo-mobile-947867b85-p6xzq,2,30
1782109504,gsm-1,osmo-stp-768687f494-qtbrq,1,2
1782109504,gsm-1,virtphy-858665df6d-jhx4v,9,3
1782109504,kube-system,coredns-c4dbffb5f-p9rsr,2,27
1782109504,kube-system,local-path-provisioner-5c4dc5d66d-nfqxz,1,16
1782109504,kube-system,metrics-server-786d997795-hcp2m,7,48
1782109504,kube-system,svclb-traefik-1100f998-kpm9h,0,0
1782109504,kube-system,traefik-9bcdbbd9-qtpjt,1,37
1782109506,gsm-1,msc-test-stub-5b875d749d-mlqds,1,16
1782109506,gsm-1,osmo-bsc-594654bd47-ddft9,1,5
1782109506,gsm-1,osmo-bts-virtual-5f8b9b86fc-sw8wz,10,7
1782109506,gsm-1,osmo-hlr-546bdb8988-fckq5,1,2
1782109506,gsm-1,osmo-mgw-8c8fc67d6-4bf2r,1,2
1782109506,gsm-1,osmo-mobile-947867b85-p6xzq,2,30
1782109506,gsm-1,osmo-stp-768687f494-qtbrq,1,2
1782109506,gsm-1,virtphy-858665df6d-jhx4v,9,3
1782109506,kube-system,coredns-c4dbffb5f-p9rsr,2,27
1782109506,kube-system,local-path-provisioner-5c4dc5d66d-nfqxz,1,16
1782109506,kube-system,metrics-server-786d997795-hcp2m,7,48
1782109506,kube-system,svclb-traefik-1100f998-kpm9h,0,0
1782109506,kube-system,traefik-9bcdbbd9-qtpjt,1,37
1782109509,gsm-1,msc-test-stub-5b875d749d-mlqds,1,16
1782109509,gsm-1,osmo-bsc-594654bd47-ddft9,1,5
1782109509,gsm-1,osmo-bts-virtual-5f8b9b86fc-sw8wz,10,7
1782109509,gsm-1,osmo-hlr-546bdb8988-fckq5,1,2
1782109509,gsm-1,osmo-mgw-8c8fc67d6-4bf2r,1,2
1782109509,gsm-1,osmo-mobile-947867b85-p6xzq,2,30
1782109509,gsm-1,osmo-stp-768687f494-qtbrq,1,2
1782109509,gsm-1,virtphy-858665df6d-jhx4v,9,3
1782109509,kube-system,coredns-c4dbffb5f-p9rsr,2,27
1782109509,kube-system,local-path-provisioner-5c4dc5d66d-nfqxz,1,16
1782109509,kube-system,metrics-server-786d997795-hcp2m,7,48
1782109509,kube-system,svclb-traefik-1100f998-kpm9h,0,0
1782109509,kube-system,traefik-9bcdbbd9-qtpjt,1,37
1782109511,gsm-1,msc-test-stub-5b875d749d-mlqds,1,16
1782109511,gsm-1,osmo-bsc-594654bd47-ddft9,1,5
1782109511,gsm-1,osmo-bts-virtual-5f8b9b86fc-sw8wz,10,7
1782109511,gsm-1,osmo-hlr-546bdb8988-fckq5,1,2
1782109511,gsm-1,osmo-mgw-8c8fc67d6-4bf2r,1,2
1782109511,gsm-1,osmo-mobile-947867b85-p6xzq,2,30
1782109511,gsm-1,osmo-stp-768687f494-qtbrq,1,2
1782109511,gsm-1,virtphy-858665df6d-jhx4v,9,3
1782109511,kube-system,coredns-c4dbffb5f-p9rsr,2,27
1782109511,kube-system,local-path-provisioner-5c4dc5d66d-nfqxz,1,16
1782109511,kube-system,metrics-server-786d997795-hcp2m,7,48
1782109511,kube-system,svclb-traefik-1100f998-kpm9h,0,0
1782109511,kube-system,traefik-9bcdbbd9-qtpjt,1,37
1782109513,gsm-1,msc-test-stub-5b875d749d-mlqds,1,16
1782109513,gsm-1,osmo-bsc-594654bd47-ddft9,1,5
1782109513,gsm-1,osmo-bts-virtual-5f8b9b86fc-sw8wz,11,7
1782109513,gsm-1,osmo-mgw-8c8fc67d6-4bf2r,1,2
1782109513,gsm-1,osmo-mobile-947867b85-p6xzq,2,30
1782109513,gsm-1,osmo-stp-768687f494-qtbrq,1,2
1782109513,gsm-1,virtphy-858665df6d-jhx4v,9,2
1782109513,kube-system,coredns-c4dbffb5f-p9rsr,4,28
1782109513,kube-system,local-path-provisioner-5c4dc5d66d-nfqxz,1,16
1782109513,kube-system,metrics-server-786d997795-hcp2m,13,48
1782109513,kube-system,svclb-traefik-1100f998-kpm9h,0,0
1782109513,kube-system,traefik-9bcdbbd9-qtpjt,3,37
1782109515,gsm-1,msc-test-stub-5b875d749d-mlqds,1,16
1782109515,gsm-1,osmo-bts-virtual-5f8b9b86fc-sw8wz,11,7
1782109515,gsm-1,osmo-mgw-8c8fc67d6-4bf2r,1,2
1782109515,gsm-1,osmo-mobile-947867b85-p6xzq,2,30
1782109515,kube-system,coredns-c4dbffb5f-p9rsr,4,28
1782109515,kube-system,local-path-provisioner-5c4dc5d66d-nfqxz,1,16
1782109515,kube-system,metrics-server-786d997795-hcp2m,13,48
1782109515,kube-system,svclb-traefik-1100f998-kpm9h,0,0
1782109515,kube-system,traefik-9bcdbbd9-qtpjt,3,37
1782109517,gsm-1,msc-test-stub-5b875d749d-mlqds,1,16
1782109517,gsm-1,osmo-bts-virtual-5f8b9b86fc-sw8wz,11,7
1782109517,gsm-1,osmo-mgw-8c8fc67d6-4bf2r,1,2
1782109517,gsm-1,osmo-mobile-947867b85-p6xzq,2,30
1782109517,kube-system,coredns-c4dbffb5f-p9rsr,4,28
1782109517,kube-system,local-path-provisioner-5c4dc5d66d-nfqxz,1,16
1782109517,kube-system,metrics-server-786d997795-hcp2m,13,48
1782109517,kube-system,svclb-traefik-1100f998-kpm9h,0,0
1782109517,kube-system,traefik-9bcdbbd9-qtpjt,3,37
1782109520,gsm-1,msc-test-stub-5b875d749d-mlqds,1,16
1782109520,gsm-1,osmo-mgw-8c8fc67d6-4bf2r,1,2
1782109520,gsm-1,osmo-mobile-947867b85-p6xzq,2,30
1782109520,kube-system,coredns-c4dbffb5f-p9rsr,4,28
1782109520,kube-system,local-path-provisioner-5c4dc5d66d-nfqxz,1,16
1782109520,kube-system,metrics-server-786d997795-hcp2m,13,48
1782109520,kube-system,svclb-traefik-1100f998-kpm9h,0,0
1782109520,kube-system,traefik-9bcdbbd9-qtpjt,3,37
1782109522,gsm-1,msc-test-stub-5b875d749d-mlqds,1,16
1782109522,gsm-1,osmo-mgw-8c8fc67d6-4bf2r,1,2
1782109522,gsm-1,osmo-mobile-947867b85-p6xzq,2,30
1782109522,kube-system,coredns-c4dbffb5f-p9rsr,4,28
1782109522,kube-system,local-path-provisioner-5c4dc5d66d-nfqxz,1,16
1782109522,kube-system,metrics-server-786d997795-hcp2m,13,48
1782109522,kube-system,svclb-traefik-1100f998-kpm9h,0,0
1782109522,kube-system,traefik-9bcdbbd9-qtpjt,3,37
1782109524,gsm-1,msc-test-stub-5b875d749d-mlqds,1,16
1782109524,gsm-1,osmo-mgw-8c8fc67d6-4bf2r,1,2
1782109524,gsm-1,osmo-mobile-947867b85-p6xzq,2,30
1782109524,kube-system,coredns-c4dbffb5f-p9rsr,4,28
1782109524,kube-system,local-path-provisioner-5c4dc5d66d-nfqxz,1,16
1782109524,kube-system,metrics-server-786d997795-hcp2m,13,48
1782109524,kube-system,svclb-traefik-1100f998-kpm9h,0,0
1782109524,kube-system,traefik-9bcdbbd9-qtpjt,3,37
1782109526,gsm-1,msc-test-stub-5b875d749d-mlqds,1,16
1782109526,gsm-1,osmo-mgw-8c8fc67d6-4bf2r,1,2
1782109526,gsm-1,osmo-mobile-947867b85-p6xzq,2,30
1782109526,kube-system,coredns-c4dbffb5f-p9rsr,4,28
1782109526,kube-system,local-path-provisioner-5c4dc5d66d-nfqxz,1,16
1782109526,kube-system,metrics-server-786d997795-hcp2m,13,48
1782109526,kube-system,svclb-traefik-1100f998-kpm9h,0,0
1782109526,kube-system,traefik-9bcdbbd9-qtpjt,3,37
1782109528,gsm-1,msc-test-stub-5b875d749d-mlqds,1,16
1782109528,gsm-1,osmo-mgw-8c8fc67d6-4bf2r,1,2
1782109528,gsm-1,osmo-mobile-947867b85-p6xzq,2,28
1782109528,kube-system,coredns-c4dbffb5f-p9rsr,2,28
1782109528,kube-system,local-path-provisioner-5c4dc5d66d-nfqxz,1,16
1782109528,kube-system,metrics-server-786d997795-hcp2m,6,48
1782109528,kube-system,svclb-traefik-1100f998-kpm9h,0,0
1782109528,kube-system,traefik-9bcdbbd9-qtpjt,1,37
1782109530,gsm-1,msc-test-stub-5b875d749d-mlqds,1,16
1782109530,gsm-1,osmo-mgw-8c8fc67d6-4bf2r,1,2
1782109530,gsm-1,osmo-mobile-947867b85-p6xzq,2,28
1782109530,kube-system,coredns-c4dbffb5f-p9rsr,2,28
1782109530,kube-system,local-path-provisioner-5c4dc5d66d-nfqxz,1,16
1782109530,kube-system,metrics-server-786d997795-hcp2m,6,48
1782109530,kube-system,svclb-traefik-1100f998-kpm9h,0,0
1782109530,kube-system,traefik-9bcdbbd9-qtpjt,1,37
1782109532,gsm-1,msc-test-stub-5b875d749d-mlqds,1,16
1782109532,gsm-1,osmo-mgw-8c8fc67d6-4bf2r,1,2
1782109532,gsm-1,osmo-mobile-947867b85-p6xzq,2,28
1782109532,kube-system,coredns-c4dbffb5f-p9rsr,2,28
1782109532,kube-system,local-path-provisioner-5c4dc5d66d-nfqxz,1,16
1782109532,kube-system,metrics-server-786d997795-hcp2m,6,48
1782109532,kube-system,svclb-traefik-1100f998-kpm9h,0,0
1782109532,kube-system,traefik-9bcdbbd9-qtpjt,1,37
1782109534,gsm-1,msc-test-stub-5b875d749d-mlqds,1,16
1782109534,gsm-1,osmo-mgw-8c8fc67d6-4bf2r,1,2
1782109534,gsm-1,osmo-mobile-947867b85-p6xzq,2,28
1782109534,kube-system,coredns-c4dbffb5f-p9rsr,2,28
1782109534,kube-system,local-path-provisioner-5c4dc5d66d-nfqxz,1,16
1782109534,kube-system,metrics-server-786d997795-hcp2m,6,48
1782109534,kube-system,svclb-traefik-1100f998-kpm9h,0,0
1782109534,kube-system,traefik-9bcdbbd9-qtpjt,1,37
1782109537,gsm-1,msc-test-stub-5b875d749d-mlqds,1,16
1782109537,gsm-1,osmo-mgw-8c8fc67d6-4bf2r,1,2
1782109537,gsm-1,osmo-mobile-947867b85-p6xzq,2,28
1782109537,kube-system,coredns-c4dbffb5f-p9rsr,2,28
1782109537,kube-system,local-path-provisioner-5c4dc5d66d-nfqxz,1,16
1782109537,kube-system,metrics-server-786d997795-hcp2m,6,48
1782109537,kube-system,svclb-traefik-1100f998-kpm9h,0,0
1782109537,kube-system,traefik-9bcdbbd9-qtpjt,1,37
1782109539,gsm-1,msc-test-stub-5b875d749d-mlqds,1,16
1782109539,gsm-1,osmo-mgw-8c8fc67d6-4bf2r,1,2
1782109539,gsm-1,osmo-mobile-947867b85-p6xzq,2,28
1782109539,kube-system,coredns-c4dbffb5f-p9rsr,2,28
1782109539,kube-system,local-path-provisioner-5c4dc5d66d-nfqxz,1,16
1782109539,kube-system,metrics-server-786d997795-hcp2m,6,48
1782109539,kube-system,svclb-traefik-1100f998-kpm9h,0,0
1782109539,kube-system,traefik-9bcdbbd9-qtpjt,1,37
1782109541,gsm-1,msc-test-stub-5b875d749d-mlqds,1,16
1782109541,gsm-1,osmo-mgw-8c8fc67d6-4bf2r,1,2
1782109541,gsm-1,osmo-mobile-947867b85-p6xzq,2,28
1782109541,kube-system,coredns-c4dbffb5f-p9rsr,2,28
1782109541,kube-system,local-path-provisioner-5c4dc5d66d-nfqxz,1,16
1782109541,kube-system,metrics-server-786d997795-hcp2m,6,48
1782109541,kube-system,svclb-traefik-1100f998-kpm9h,0,0
1782109541,kube-system,traefik-9bcdbbd9-qtpjt,1,37
1782109543,gsm-1,osmo-mobile-947867b85-p6xzq,5,28
1782109543,kube-system,coredns-c4dbffb5f-p9rsr,3,28
1782109543,kube-system,local-path-provisioner-5c4dc5d66d-nfqxz,1,16
1782109543,kube-system,metrics-server-786d997795-hcp2m,6,48
1782109543,kube-system,svclb-traefik-1100f998-kpm9h,0,0
1782109543,kube-system,traefik-9bcdbbd9-qtpjt,1,37
1782109545,kube-system,coredns-c4dbffb5f-p9rsr,3,28
1782109545,kube-system,local-path-provisioner-5c4dc5d66d-nfqxz,1,16
1782109545,kube-system,metrics-server-786d997795-hcp2m,6,48
1782109545,kube-system,svclb-traefik-1100f998-kpm9h,0,0
1782109545,kube-system,traefik-9bcdbbd9-qtpjt,1,37
1782109547,kube-system,coredns-c4dbffb5f-p9rsr,3,28
1782109547,kube-system,local-path-provisioner-5c4dc5d66d-nfqxz,1,16
1782109547,kube-system,metrics-server-786d997795-hcp2m,6,48
1782109547,kube-system,svclb-traefik-1100f998-kpm9h,0,0
1782109547,kube-system,traefik-9bcdbbd9-qtpjt,1,37
1782109550,kube-system,coredns-c4dbffb5f-p9rsr,3,28
1782109550,kube-system,local-path-provisioner-5c4dc5d66d-nfqxz,1,16
1782109550,kube-system,metrics-server-786d997795-hcp2m,6,48
1782109550,kube-system,svclb-traefik-1100f998-kpm9h,0,0
1782109550,kube-system,traefik-9bcdbbd9-qtpjt,1,37
1782109552,kube-system,coredns-c4dbffb5f-p9rsr,3,28
1782109552,kube-system,local-path-provisioner-5c4dc5d66d-nfqxz,1,16
1782109552,kube-system,metrics-server-786d997795-hcp2m,6,48
1782109552,kube-system,svclb-traefik-1100f998-kpm9h,0,0
1782109552,kube-system,traefik-9bcdbbd9-qtpjt,1,37
1782109554,kube-system,coredns-c4dbffb5f-p9rsr,3,28
1782109554,kube-system,local-path-provisioner-5c4dc5d66d-nfqxz,1,16
1782109554,kube-system,metrics-server-786d997795-hcp2m,6,48
1782109554,kube-system,svclb-traefik-1100f998-kpm9h,0,0
1782109554,kube-system,traefik-9bcdbbd9-qtpjt,1,37
1782109556,kube-system,coredns-c4dbffb5f-p9rsr,3,28
1782109556,kube-system,local-path-provisioner-5c4dc5d66d-nfqxz,1,16
1782109556,kube-system,metrics-server-786d997795-hcp2m,6,48
1782109556,kube-system,svclb-traefik-1100f998-kpm9h,0,0
1782109556,kube-system,traefik-9bcdbbd9-qtpjt,1,37
1782109558,kube-system,coredns-c4dbffb5f-p9rsr,3,28
1782109558,kube-system,local-path-provisioner-5c4dc5d66d-nfqxz,1,16
1782109558,kube-system,metrics-server-786d997795-hcp2m,6,48
1782109558,kube-system,svclb-traefik-1100f998-kpm9h,0,0
1782109558,kube-system,traefik-9bcdbbd9-qtpjt,1,37
