unix_ts,namespace,pod,cpu_m,mem_mib
1781676957,gsm-5,osmo-bsc-594654bd47-jlvm5,5,0
1781676957,gsm-5,osmo-bts-virtual-5f8b9b86fc-vtpf2,7,0
1781676957,gsm-5,osmo-hlr-546bdb8988-mf548,4,2
1781676957,gsm-5,osmo-mgw-8c8fc67d6-x9c6z,3,2
1781676957,gsm-5,osmo-stp-768687f494-lr7gx,4,2
1781676959,gsm-5,osmo-bsc-594654bd47-jlvm5,5,0
1781676959,gsm-5,osmo-bts-virtual-5f8b9b86fc-vtpf2,7,0
1781676959,gsm-5,osmo-hlr-546bdb8988-mf548,4,2
1781676959,gsm-5,osmo-mgw-8c8fc67d6-x9c6z,3,2
1781676959,gsm-5,osmo-stp-768687f494-lr7gx,4,2
1781676962,gsm-5,osmo-bsc-594654bd47-jlvm5,5,0
1781676962,gsm-5,osmo-bts-virtual-5f8b9b86fc-vtpf2,7,0
1781676962,gsm-5,osmo-hlr-546bdb8988-mf548,4,2
1781676962,gsm-5,osmo-mgw-8c8fc67d6-x9c6z,3,2
1781676962,gsm-5,osmo-stp-768687f494-lr7gx,4,2
1781676964,gsm-5,osmo-bsc-594654bd47-jlvm5,5,0
1781676964,gsm-5,osmo-bts-virtual-5f8b9b86fc-vtpf2,7,0
1781676964,gsm-5,osmo-hlr-546bdb8988-mf548,4,2
1781676964,gsm-5,osmo-mgw-8c8fc67d6-x9c6z,3,2
1781676964,gsm-5,osmo-stp-768687f494-lr7gx,4,2
1781676966,gsm-5,osmo-bsc-594654bd47-jlvm5,5,0
1781676966,gsm-5,osmo-bts-virtual-5f8b9b86fc-vtpf2,7,0
1781676966,gsm-5,osmo-hlr-546bdb8988-mf548,4,2
1781676966,gsm-5,osmo-mgw-8c8fc67d6-x9c6z,3,2
1781676966,gsm-5,osmo-stp-768687f494-lr7gx,4,2
1781676968,gsm-5,osmo-bsc-594654bd47-jlvm5,5,0
1781676968,gsm-5,osmo-bts-virtual-5f8b9b86fc-vtpf2,7,0
1781676968,gsm-5,osmo-hlr-546bdb8988-mf548,4,2
1781676968,gsm-5,osmo-mgw-8c8fc67d6-x9c6z,3,2
1781676968,gsm-5,osmo-stp-768687f494-lr7gx,4,2
1781676971,gsm-5,osmo-bsc-594654bd47-jlvm5,5,0
1781676971,gsm-5,osmo-bts-virtual-5f8b9b86fc-vtpf2,7,0
1781676971,gsm-5,osmo-hlr-546bdb8988-mf548,4,2
1781676971,gsm-5,osmo-mgw-8c8fc67d6-x9c6z,3,2
1781676971,gsm-5,osmo-stp-768687f494-lr7gx,4,2
1781676973,gsm-5,msc-test-stub-5b875d749d-2dpsk,8,16
1781676973,gsm-5,osmo-bsc-594654bd47-jlvm5,8,5
1781676973,gsm-5,osmo-bts-virtual-5f8b9b86fc-vtpf2,7,0
1781676973,gsm-5,osmo-hlr-546bdb8988-mf548,1,2
1781676973,gsm-5,osmo-mgw-8c8fc67d6-x9c6z,1,2
1781676973,gsm-5,osmo-mobile-59d8d55bb5-fj7g6,18,32
1781676973,gsm-5,osmo-stp-768687f494-lr7gx,1,2
1781676973,gsm-5,virtphy-b55647b48-jwmkm,5,1
1781676975,gsm-5,msc-test-stub-5b875d749d-2dpsk,8,16
1781676975,gsm-5,osmo-bsc-594654bd47-jlvm5,8,5
1781676975,gsm-5,osmo-bts-virtual-5f8b9b86fc-vtpf2,7,0
1781676975,gsm-5,osmo-hlr-546bdb8988-mf548,1,2
1781676975,gsm-5,osmo-mgw-8c8fc67d6-x9c6z,1,2
1781676975,gsm-5,osmo-mobile-59d8d55bb5-fj7g6,18,32
1781676975,gsm-5,osmo-stp-768687f494-lr7gx,1,2
1781676975,gsm-5,virtphy-b55647b48-jwmkm,5,1
1781676977,gsm-5,msc-test-stub-5b875d749d-2dpsk,8,16
1781676977,gsm-5,osmo-bsc-594654bd47-jlvm5,8,5
1781676977,gsm-5,osmo-bts-virtual-5f8b9b86fc-vtpf2,7,0
1781676977,gsm-5,osmo-hlr-546bdb8988-mf548,1,2
1781676977,gsm-5,osmo-mgw-8c8fc67d6-x9c6z,1,2
1781676977,gsm-5,osmo-mobile-59d8d55bb5-fj7g6,18,32
1781676977,gsm-5,osmo-stp-768687f494-lr7gx,1,2
1781676977,gsm-5,virtphy-b55647b48-jwmkm,5,1
1781676979,gsm-5,msc-test-stub-5b875d749d-2dpsk,8,16
1781676979,gsm-5,osmo-bsc-594654bd47-jlvm5,8,5
1781676979,gsm-5,osmo-bts-virtual-5f8b9b86fc-vtpf2,7,0
1781676979,gsm-5,osmo-hlr-546bdb8988-mf548,1,2
1781676979,gsm-5,osmo-mgw-8c8fc67d6-x9c6z,1,2
1781676979,gsm-5,osmo-mobile-59d8d55bb5-fj7g6,18,32
1781676979,gsm-5,osmo-stp-768687f494-lr7gx,1,2
1781676979,gsm-5,virtphy-b55647b48-jwmkm,5,1
1781676982,gsm-5,msc-test-stub-5b875d749d-2dpsk,8,16
1781676982,gsm-5,osmo-bsc-594654bd47-jlvm5,8,5
1781676982,gsm-5,osmo-bts-virtual-5f8b9b86fc-vtpf2,7,0
1781676982,gsm-5,osmo-hlr-546bdb8988-mf548,1,2
1781676982,gsm-5,osmo-mgw-8c8fc67d6-x9c6z,1,2
1781676982,gsm-5,osmo-mobile-59d8d55bb5-fj7g6,18,32
1781676982,gsm-5,osmo-stp-768687f494-lr7gx,1,2
1781676982,gsm-5,virtphy-b55647b48-jwmkm,5,1
1781676985,gsm-5,msc-test-stub-5b875d749d-2dpsk,8,16
1781676985,gsm-5,osmo-bsc-594654bd47-jlvm5,8,5
1781676985,gsm-5,osmo-bts-virtual-5f8b9b86fc-vtpf2,7,0
1781676985,gsm-5,osmo-hlr-546bdb8988-mf548,1,2
1781676985,gsm-5,osmo-mgw-8c8fc67d6-x9c6z,1,2
1781676985,gsm-5,osmo-mobile-59d8d55bb5-fj7g6,18,32
1781676985,gsm-5,osmo-stp-768687f494-lr7gx,1,2
1781676985,gsm-5,virtphy-b55647b48-jwmkm,5,1
1781676987,gsm-5,msc-test-stub-5b875d749d-2dpsk,1,16
1781676987,gsm-5,osmo-bsc-594654bd47-jlvm5,1,5
1781676987,gsm-5,osmo-bts-virtual-5f8b9b86fc-vtpf2,19,5
1781676987,gsm-5,osmo-hlr-546bdb8988-mf548,1,2
1781676987,gsm-5,osmo-mgw-8c8fc67d6-x9c6z,1,2
1781676987,gsm-5,osmo-mobile-59d8d55bb5-fj7g6,3,32
1781676987,gsm-5,osmo-stp-768687f494-lr7gx,1,2
1781676987,gsm-5,virtphy-b55647b48-jwmkm,7,1
1781676990,gsm-5,msc-test-stub-5b875d749d-2dpsk,1,16
1781676990,gsm-5,osmo-bsc-594654bd47-jlvm5,1,5
1781676990,gsm-5,osmo-bts-virtual-5f8b9b86fc-vtpf2,19,5
1781676990,gsm-5,osmo-hlr-546bdb8988-mf548,1,2
1781676990,gsm-5,osmo-mgw-8c8fc67d6-x9c6z,1,2
1781676990,gsm-5,osmo-mobile-59d8d55bb5-fj7g6,3,32
1781676990,gsm-5,osmo-stp-768687f494-lr7gx,1,2
1781676990,gsm-5,virtphy-b55647b48-jwmkm,7,1
1781676992,gsm-5,msc-test-stub-5b875d749d-2dpsk,1,16
1781676992,gsm-5,osmo-bsc-594654bd47-jlvm5,1,5
1781676992,gsm-5,osmo-bts-virtual-5f8b9b86fc-vtpf2,19,5
1781676992,gsm-5,osmo-hlr-546bdb8988-mf548,1,2
1781676992,gsm-5,osmo-mgw-8c8fc67d6-x9c6z,1,2
1781676992,gsm-5,osmo-mobile-59d8d55bb5-fj7g6,3,32
1781676992,gsm-5,osmo-stp-768687f494-lr7gx,1,2
1781676992,gsm-5,virtphy-b55647b48-jwmkm,7,1
1781676994,gsm-5,msc-test-stub-5b875d749d-2dpsk,1,16
1781676994,gsm-5,osmo-bsc-594654bd47-jlvm5,1,5
1781676994,gsm-5,osmo-bts-virtual-5f8b9b86fc-vtpf2,19,5
1781676994,gsm-5,osmo-hlr-546bdb8988-mf548,1,2
1781676994,gsm-5,osmo-mgw-8c8fc67d6-x9c6z,1,2
1781676994,gsm-5,osmo-mobile-59d8d55bb5-fj7g6,3,32
1781676994,gsm-5,osmo-stp-768687f494-lr7gx,1,2
1781676994,gsm-5,virtphy-b55647b48-jwmkm,7,1
1781676996,gsm-5,msc-test-stub-5b875d749d-2dpsk,1,16
1781676996,gsm-5,osmo-bsc-594654bd47-jlvm5,1,5
1781676996,gsm-5,osmo-bts-virtual-5f8b9b86fc-vtpf2,19,5
1781676996,gsm-5,osmo-hlr-546bdb8988-mf548,1,2
1781676996,gsm-5,osmo-mgw-8c8fc67d6-x9c6z,1,2
1781676996,gsm-5,osmo-mobile-59d8d55bb5-fj7g6,3,32
1781676996,gsm-5,osmo-stp-768687f494-lr7gx,1,2
1781676996,gsm-5,virtphy-b55647b48-jwmkm,7,1
1781676999,gsm-5,msc-test-stub-5b875d749d-2dpsk,1,16
1781676999,gsm-5,osmo-bsc-594654bd47-jlvm5,1,5
1781676999,gsm-5,osmo-bts-virtual-5f8b9b86fc-vtpf2,19,5
1781676999,gsm-5,osmo-hlr-546bdb8988-mf548,1,2
1781676999,gsm-5,osmo-mgw-8c8fc67d6-x9c6z,1,2
1781676999,gsm-5,osmo-mobile-59d8d55bb5-fj7g6,3,32
1781676999,gsm-5,osmo-stp-768687f494-lr7gx,1,2
1781676999,gsm-5,virtphy-b55647b48-jwmkm,7,1
1781677001,gsm-5,msc-test-stub-5b875d749d-2dpsk,1,16
1781677001,gsm-5,osmo-bsc-594654bd47-jlvm5,1,5
1781677001,gsm-5,osmo-bts-virtual-5f8b9b86fc-vtpf2,19,5
1781677001,gsm-5,osmo-hlr-546bdb8988-mf548,1,2
1781677001,gsm-5,osmo-mgw-8c8fc67d6-x9c6z,1,2
1781677001,gsm-5,osmo-mobile-59d8d55bb5-fj7g6,3,32
1781677001,gsm-5,osmo-stp-768687f494-lr7gx,1,2
1781677001,gsm-5,virtphy-b55647b48-jwmkm,7,1
1781677003,gsm-5,msc-test-stub-5b875d749d-2dpsk,2,16
1781677003,gsm-5,osmo-bsc-594654bd47-jlvm5,1,5
1781677003,gsm-5,osmo-bts-virtual-5f8b9b86fc-vtpf2,25,5
1781677003,gsm-5,osmo-hlr-546bdb8988-mf548,1,2
1781677003,gsm-5,osmo-mgw-8c8fc67d6-x9c6z,1,2
1781677003,gsm-5,osmo-mobile-59d8d55bb5-fj7g6,4,32
1781677003,gsm-5,osmo-stp-768687f494-lr7gx,1,2
1781677003,gsm-5,ttcn3-tc-26-7-4-2-2-1-1-z8zjl,11,8
1781677003,gsm-5,virtphy-b55647b48-jwmkm,7,1
1781677005,gsm-5,msc-test-stub-5b875d749d-2dpsk,2,16
1781677005,gsm-5,osmo-bsc-594654bd47-jlvm5,1,5
1781677005,gsm-5,osmo-bts-virtual-5f8b9b86fc-vtpf2,25,5
1781677005,gsm-5,osmo-hlr-546bdb8988-mf548,1,2
1781677005,gsm-5,osmo-mgw-8c8fc67d6-x9c6z,1,2
1781677005,gsm-5,osmo-mobile-59d8d55bb5-fj7g6,4,32
1781677005,gsm-5,osmo-stp-768687f494-lr7gx,1,2
1781677005,gsm-5,ttcn3-tc-26-7-4-2-2-1-1-z8zjl,11,8
1781677005,gsm-5,virtphy-b55647b48-jwmkm,7,1
1781677007,gsm-5,msc-test-stub-5b875d749d-2dpsk,2,16
1781677007,gsm-5,osmo-bsc-594654bd47-jlvm5,1,5
1781677007,gsm-5,osmo-bts-virtual-5f8b9b86fc-vtpf2,25,5
1781677007,gsm-5,osmo-hlr-546bdb8988-mf548,1,2
1781677007,gsm-5,osmo-mgw-8c8fc67d6-x9c6z,1,2
1781677007,gsm-5,osmo-mobile-59d8d55bb5-fj7g6,4,32
1781677007,gsm-5,osmo-stp-768687f494-lr7gx,1,2
1781677007,gsm-5,ttcn3-tc-26-7-4-2-2-1-1-z8zjl,11,8
1781677007,gsm-5,virtphy-b55647b48-jwmkm,7,1
1781677010,gsm-5,msc-test-stub-5b875d749d-2dpsk,2,16
1781677010,gsm-5,osmo-bsc-594654bd47-jlvm5,1,5
1781677010,gsm-5,osmo-bts-virtual-5f8b9b86fc-vtpf2,25,5
1781677010,gsm-5,osmo-hlr-546bdb8988-mf548,1,2
1781677010,gsm-5,osmo-mgw-8c8fc67d6-x9c6z,1,2
1781677010,gsm-5,osmo-mobile-59d8d55bb5-fj7g6,4,32
1781677010,gsm-5,osmo-stp-768687f494-lr7gx,1,2
1781677010,gsm-5,ttcn3-tc-26-7-4-2-2-1-1-z8zjl,11,8
1781677010,gsm-5,virtphy-b55647b48-jwmkm,7,1
1781677012,gsm-5,msc-test-stub-5b875d749d-2dpsk,2,16
1781677012,gsm-5,osmo-bsc-594654bd47-jlvm5,1,5
1781677012,gsm-5,osmo-bts-virtual-5f8b9b86fc-vtpf2,25,5
1781677012,gsm-5,osmo-hlr-546bdb8988-mf548,1,2
1781677012,gsm-5,osmo-mgw-8c8fc67d6-x9c6z,1,2
1781677012,gsm-5,osmo-mobile-59d8d55bb5-fj7g6,4,32
1781677012,gsm-5,osmo-stp-768687f494-lr7gx,1,2
1781677012,gsm-5,ttcn3-tc-26-7-4-2-2-1-1-z8zjl,11,8
1781677012,gsm-5,virtphy-b55647b48-jwmkm,7,1
1781677014,gsm-5,msc-test-stub-5b875d749d-2dpsk,2,16
1781677014,gsm-5,osmo-bsc-594654bd47-jlvm5,1,5
1781677014,gsm-5,osmo-bts-virtual-5f8b9b86fc-vtpf2,25,5
1781677014,gsm-5,osmo-hlr-546bdb8988-mf548,1,2
1781677014,gsm-5,osmo-mgw-8c8fc67d6-x9c6z,1,2
1781677014,gsm-5,osmo-mobile-59d8d55bb5-fj7g6,4,32
1781677014,gsm-5,osmo-stp-768687f494-lr7gx,1,2
1781677014,gsm-5,ttcn3-tc-26-7-4-2-2-1-1-z8zjl,11,8
1781677014,gsm-5,virtphy-b55647b48-jwmkm,7,1
1781677016,gsm-5,msc-test-stub-5b875d749d-2dpsk,2,16
1781677016,gsm-5,osmo-bsc-594654bd47-jlvm5,1,5
1781677016,gsm-5,osmo-bts-virtual-5f8b9b86fc-vtpf2,25,5
1781677016,gsm-5,osmo-hlr-546bdb8988-mf548,1,2
1781677016,gsm-5,osmo-mgw-8c8fc67d6-x9c6z,1,2
1781677016,gsm-5,osmo-mobile-59d8d55bb5-fj7g6,4,32
1781677016,gsm-5,osmo-stp-768687f494-lr7gx,1,2
1781677016,gsm-5,ttcn3-tc-26-7-4-2-2-1-1-z8zjl,11,8
1781677016,gsm-5,virtphy-b55647b48-jwmkm,7,1
1781677018,gsm-5,msc-test-stub-5b875d749d-2dpsk,1,16
1781677018,gsm-5,osmo-bsc-594654bd47-jlvm5,1,5
1781677018,gsm-5,osmo-bts-virtual-5f8b9b86fc-vtpf2,22,5
1781677018,gsm-5,osmo-hlr-546bdb8988-mf548,1,2
1781677018,gsm-5,osmo-mgw-8c8fc67d6-x9c6z,1,2
1781677018,gsm-5,osmo-mobile-59d8d55bb5-fj7g6,3,33
1781677018,gsm-5,osmo-stp-768687f494-lr7gx,1,2
1781677018,gsm-5,ttcn3-tc-26-7-4-2-2-1-1-z8zjl,1,8
1781677018,gsm-5,virtphy-b55647b48-jwmkm,6,1
1781677021,gsm-5,msc-test-stub-5b875d749d-2dpsk,1,16
1781677021,gsm-5,osmo-bsc-594654bd47-jlvm5,1,5
1781677021,gsm-5,osmo-bts-virtual-5f8b9b86fc-vtpf2,22,5
1781677021,gsm-5,osmo-hlr-546bdb8988-mf548,1,2
1781677021,gsm-5,osmo-mgw-8c8fc67d6-x9c6z,1,2
1781677021,gsm-5,osmo-mobile-59d8d55bb5-fj7g6,3,33
1781677021,gsm-5,osmo-stp-768687f494-lr7gx,1,2
1781677021,gsm-5,ttcn3-tc-26-7-4-2-2-1-1-z8zjl,1,8
1781677021,gsm-5,virtphy-b55647b48-jwmkm,6,1
1781677023,gsm-5,msc-test-stub-5b875d749d-2dpsk,1,16
1781677023,gsm-5,osmo-bsc-594654bd47-jlvm5,1,5
1781677023,gsm-5,osmo-bts-virtual-5f8b9b86fc-vtpf2,22,5
1781677023,gsm-5,osmo-hlr-546bdb8988-mf548,1,2
1781677023,gsm-5,osmo-mgw-8c8fc67d6-x9c6z,1,2
1781677023,gsm-5,osmo-mobile-59d8d55bb5-fj7g6,3,33
1781677023,gsm-5,osmo-stp-768687f494-lr7gx,1,2
1781677023,gsm-5,ttcn3-tc-26-7-4-2-2-1-1-z8zjl,1,8
1781677023,gsm-5,virtphy-b55647b48-jwmkm,6,1
1781677025,gsm-5,msc-test-stub-5b875d749d-2dpsk,1,16
1781677025,gsm-5,osmo-bsc-594654bd47-jlvm5,1,5
1781677025,gsm-5,osmo-bts-virtual-5f8b9b86fc-vtpf2,22,5
1781677025,gsm-5,osmo-hlr-546bdb8988-mf548,1,2
1781677025,gsm-5,osmo-mgw-8c8fc67d6-x9c6z,1,2
1781677025,gsm-5,osmo-mobile-59d8d55bb5-fj7g6,3,33
1781677025,gsm-5,osmo-stp-768687f494-lr7gx,1,2
1781677025,gsm-5,ttcn3-tc-26-7-4-2-2-1-1-z8zjl,1,8
1781677025,gsm-5,virtphy-b55647b48-jwmkm,6,1
1781677027,gsm-5,msc-test-stub-5b875d749d-2dpsk,1,16
1781677027,gsm-5,osmo-bsc-594654bd47-jlvm5,1,5
1781677027,gsm-5,osmo-bts-virtual-5f8b9b86fc-vtpf2,22,5
1781677027,gsm-5,osmo-hlr-546bdb8988-mf548,1,2
1781677027,gsm-5,osmo-mgw-8c8fc67d6-x9c6z,1,2
1781677027,gsm-5,osmo-mobile-59d8d55bb5-fj7g6,3,33
1781677027,gsm-5,osmo-stp-768687f494-lr7gx,1,2
1781677027,gsm-5,ttcn3-tc-26-7-4-2-2-1-1-z8zjl,1,8
1781677027,gsm-5,virtphy-b55647b48-jwmkm,6,1
1781677030,gsm-5,msc-test-stub-5b875d749d-2dpsk,1,16
1781677030,gsm-5,osmo-bsc-594654bd47-jlvm5,1,5
1781677030,gsm-5,osmo-bts-virtual-5f8b9b86fc-vtpf2,22,5
1781677030,gsm-5,osmo-hlr-546bdb8988-mf548,1,2
1781677030,gsm-5,osmo-mgw-8c8fc67d6-x9c6z,1,2
1781677030,gsm-5,osmo-mobile-59d8d55bb5-fj7g6,3,33
1781677030,gsm-5,osmo-stp-768687f494-lr7gx,1,2
1781677030,gsm-5,ttcn3-tc-26-7-4-2-2-1-1-z8zjl,1,8
1781677030,gsm-5,virtphy-b55647b48-jwmkm,6,1
1781677032,gsm-5,msc-test-stub-5b875d749d-2dpsk,1,16
1781677032,gsm-5,osmo-bsc-594654bd47-jlvm5,1,5
1781677032,gsm-5,osmo-bts-virtual-5f8b9b86fc-vtpf2,22,5
1781677032,gsm-5,osmo-hlr-546bdb8988-mf548,1,2
1781677032,gsm-5,osmo-mgw-8c8fc67d6-x9c6z,1,2
1781677032,gsm-5,osmo-mobile-59d8d55bb5-fj7g6,3,33
1781677032,gsm-5,osmo-stp-768687f494-lr7gx,1,2
1781677032,gsm-5,ttcn3-tc-26-7-4-2-2-1-1-z8zjl,1,8
1781677032,gsm-5,virtphy-b55647b48-jwmkm,6,1
1781677034,gsm-5,msc-test-stub-5b875d749d-2dpsk,1,16
1781677034,gsm-5,osmo-bsc-594654bd47-jlvm5,1,5
1781677034,gsm-5,osmo-bts-virtual-5f8b9b86fc-vtpf2,21,5
1781677034,gsm-5,osmo-hlr-546bdb8988-mf548,1,2
1781677034,gsm-5,osmo-mgw-8c8fc67d6-x9c6z,1,2
1781677034,gsm-5,osmo-mobile-59d8d55bb5-fj7g6,3,33
1781677034,gsm-5,osmo-stp-768687f494-lr7gx,1,2
1781677034,gsm-5,ttcn3-tc-26-7-4-2-2-1-1-z8zjl,1,8
1781677034,gsm-5,virtphy-b55647b48-jwmkm,6,1
1781677037,gsm-5,msc-test-stub-5b875d749d-2dpsk,1,16
1781677037,gsm-5,osmo-bsc-594654bd47-jlvm5,1,5
1781677037,gsm-5,osmo-bts-virtual-5f8b9b86fc-vtpf2,21,5
1781677037,gsm-5,osmo-hlr-546bdb8988-mf548,1,2
1781677037,gsm-5,osmo-mgw-8c8fc67d6-x9c6z,1,2
1781677037,gsm-5,osmo-mobile-59d8d55bb5-fj7g6,3,33
1781677037,gsm-5,osmo-stp-768687f494-lr7gx,1,2
1781677037,gsm-5,ttcn3-tc-26-7-4-2-2-1-1-z8zjl,1,8
1781677037,gsm-5,virtphy-b55647b48-jwmkm,6,1
1781677039,gsm-5,msc-test-stub-5b875d749d-2dpsk,1,16
1781677039,gsm-5,osmo-bsc-594654bd47-jlvm5,1,5
1781677039,gsm-5,osmo-bts-virtual-5f8b9b86fc-vtpf2,21,5
1781677039,gsm-5,osmo-hlr-546bdb8988-mf548,1,2
1781677039,gsm-5,osmo-mgw-8c8fc67d6-x9c6z,1,2
1781677039,gsm-5,osmo-mobile-59d8d55bb5-fj7g6,3,33
1781677039,gsm-5,osmo-stp-768687f494-lr7gx,1,2
1781677039,gsm-5,ttcn3-tc-26-7-4-2-2-1-1-z8zjl,1,8
1781677039,gsm-5,virtphy-b55647b48-jwmkm,6,1
1781677042,gsm-5,msc-test-stub-5b875d749d-2dpsk,1,16
1781677042,gsm-5,osmo-bsc-594654bd47-jlvm5,1,5
1781677042,gsm-5,osmo-bts-virtual-5f8b9b86fc-vtpf2,21,5
1781677042,gsm-5,osmo-hlr-546bdb8988-mf548,1,2
1781677042,gsm-5,osmo-mgw-8c8fc67d6-x9c6z,1,2
1781677042,gsm-5,osmo-mobile-59d8d55bb5-fj7g6,3,33
1781677042,gsm-5,osmo-stp-768687f494-lr7gx,1,2
1781677042,gsm-5,ttcn3-tc-26-7-4-2-2-1-1-z8zjl,1,8
1781677042,gsm-5,virtphy-b55647b48-jwmkm,6,1
1781677044,gsm-5,msc-test-stub-5b875d749d-2dpsk,1,16
1781677044,gsm-5,osmo-bsc-594654bd47-jlvm5,1,5
1781677044,gsm-5,osmo-bts-virtual-5f8b9b86fc-vtpf2,21,5
1781677044,gsm-5,osmo-hlr-546bdb8988-mf548,1,2
1781677044,gsm-5,osmo-mgw-8c8fc67d6-x9c6z,1,2
1781677044,gsm-5,osmo-mobile-59d8d55bb5-fj7g6,3,33
1781677044,gsm-5,osmo-stp-768687f494-lr7gx,1,2
1781677044,gsm-5,ttcn3-tc-26-7-4-2-2-1-1-z8zjl,1,8
1781677044,gsm-5,virtphy-b55647b48-jwmkm,6,1
1781677046,gsm-5,msc-test-stub-5b875d749d-2dpsk,1,16
1781677046,gsm-5,osmo-bsc-594654bd47-jlvm5,1,5
1781677046,gsm-5,osmo-bts-virtual-5f8b9b86fc-vtpf2,21,5
1781677046,gsm-5,osmo-hlr-546bdb8988-mf548,1,2
1781677046,gsm-5,osmo-mgw-8c8fc67d6-x9c6z,1,2
1781677046,gsm-5,osmo-mobile-59d8d55bb5-fj7g6,3,33
1781677046,gsm-5,osmo-stp-768687f494-lr7gx,1,2
1781677046,gsm-5,ttcn3-tc-26-7-4-2-2-1-1-z8zjl,1,8
1781677046,gsm-5,virtphy-b55647b48-jwmkm,6,1
1781677048,gsm-5,msc-test-stub-5b875d749d-2dpsk,1,16
1781677048,gsm-5,osmo-bsc-594654bd47-jlvm5,1,5
1781677048,gsm-5,osmo-bts-virtual-5f8b9b86fc-vtpf2,22,5
1781677048,gsm-5,osmo-hlr-546bdb8988-mf548,1,2
1781677048,gsm-5,osmo-mgw-8c8fc67d6-x9c6z,1,2
1781677048,gsm-5,osmo-mobile-59d8d55bb5-fj7g6,2,33
1781677048,gsm-5,osmo-stp-768687f494-lr7gx,1,2
1781677048,gsm-5,ttcn3-tc-26-7-4-2-2-1-1-z8zjl,1,8
1781677048,gsm-5,virtphy-b55647b48-jwmkm,6,1
1781677051,gsm-5,msc-test-stub-5b875d749d-2dpsk,1,16
1781677051,gsm-5,osmo-bsc-594654bd47-jlvm5,1,5
1781677051,gsm-5,osmo-bts-virtual-5f8b9b86fc-vtpf2,22,5
1781677051,gsm-5,osmo-hlr-546bdb8988-mf548,1,2
1781677051,gsm-5,osmo-mgw-8c8fc67d6-x9c6z,1,2
1781677051,gsm-5,osmo-mobile-59d8d55bb5-fj7g6,2,33
1781677051,gsm-5,osmo-stp-768687f494-lr7gx,1,2
1781677051,gsm-5,ttcn3-tc-26-7-4-2-2-1-1-z8zjl,1,8
1781677051,gsm-5,virtphy-b55647b48-jwmkm,6,1
1781677053,gsm-5,msc-test-stub-5b875d749d-2dpsk,1,16
1781677053,gsm-5,osmo-bsc-594654bd47-jlvm5,1,5
1781677053,gsm-5,osmo-bts-virtual-5f8b9b86fc-vtpf2,22,5
1781677053,gsm-5,osmo-hlr-546bdb8988-mf548,1,2
1781677053,gsm-5,osmo-mgw-8c8fc67d6-x9c6z,1,2
1781677053,gsm-5,osmo-mobile-59d8d55bb5-fj7g6,2,33
1781677053,gsm-5,osmo-stp-768687f494-lr7gx,1,2
1781677053,gsm-5,ttcn3-tc-26-7-4-2-2-1-1-z8zjl,1,8
1781677053,gsm-5,virtphy-b55647b48-jwmkm,6,1
1781677055,gsm-5,msc-test-stub-5b875d749d-2dpsk,1,16
1781677055,gsm-5,osmo-bsc-594654bd47-jlvm5,1,5
1781677055,gsm-5,osmo-bts-virtual-5f8b9b86fc-vtpf2,22,5
1781677055,gsm-5,osmo-hlr-546bdb8988-mf548,1,2
1781677055,gsm-5,osmo-mgw-8c8fc67d6-x9c6z,1,2
1781677055,gsm-5,osmo-mobile-59d8d55bb5-fj7g6,2,33
1781677055,gsm-5,osmo-stp-768687f494-lr7gx,1,2
1781677055,gsm-5,ttcn3-tc-26-7-4-2-2-1-1-z8zjl,1,8
1781677055,gsm-5,virtphy-b55647b48-jwmkm,6,1
1781677058,gsm-5,msc-test-stub-5b875d749d-2dpsk,1,16
1781677058,gsm-5,osmo-bsc-594654bd47-jlvm5,1,5
1781677058,gsm-5,osmo-bts-virtual-5f8b9b86fc-vtpf2,22,5
1781677058,gsm-5,osmo-hlr-546bdb8988-mf548,1,2
1781677058,gsm-5,osmo-mgw-8c8fc67d6-x9c6z,1,2
1781677058,gsm-5,osmo-mobile-59d8d55bb5-fj7g6,2,33
1781677058,gsm-5,osmo-stp-768687f494-lr7gx,1,2
1781677058,gsm-5,ttcn3-tc-26-7-4-2-2-1-1-z8zjl,1,8
1781677058,gsm-5,virtphy-b55647b48-jwmkm,6,1
1781677060,gsm-5,msc-test-stub-5b875d749d-2dpsk,1,16
1781677060,gsm-5,osmo-bsc-594654bd47-jlvm5,1,5
1781677060,gsm-5,osmo-bts-virtual-5f8b9b86fc-vtpf2,22,5
1781677060,gsm-5,osmo-hlr-546bdb8988-mf548,1,2
1781677060,gsm-5,osmo-mgw-8c8fc67d6-x9c6z,1,2
1781677060,gsm-5,osmo-mobile-59d8d55bb5-fj7g6,2,33
1781677060,gsm-5,osmo-stp-768687f494-lr7gx,1,2
1781677060,gsm-5,ttcn3-tc-26-7-4-2-2-1-1-z8zjl,1,8
1781677060,gsm-5,virtphy-b55647b48-jwmkm,6,1
1781677062,gsm-5,msc-test-stub-5b875d749d-2dpsk,1,16
1781677062,gsm-5,osmo-bsc-594654bd47-jlvm5,1,5
1781677062,gsm-5,osmo-bts-virtual-5f8b9b86fc-vtpf2,23,5
1781677062,gsm-5,osmo-hlr-546bdb8988-mf548,1,2
1781677062,gsm-5,osmo-mgw-8c8fc67d6-x9c6z,1,2
1781677062,gsm-5,osmo-mobile-59d8d55bb5-fj7g6,3,33
1781677062,gsm-5,osmo-stp-768687f494-lr7gx,1,2
1781677062,gsm-5,ttcn3-tc-26-7-4-2-2-1-1-z8zjl,1,8
1781677062,gsm-5,virtphy-b55647b48-jwmkm,6,1
1781677065,gsm-5,msc-test-stub-5b875d749d-2dpsk,1,16
1781677065,gsm-5,osmo-bsc-594654bd47-jlvm5,1,5
1781677065,gsm-5,osmo-bts-virtual-5f8b9b86fc-vtpf2,23,5
1781677065,gsm-5,osmo-hlr-546bdb8988-mf548,1,2
1781677065,gsm-5,osmo-mgw-8c8fc67d6-x9c6z,1,2
1781677065,gsm-5,osmo-mobile-59d8d55bb5-fj7g6,3,33
1781677065,gsm-5,osmo-stp-768687f494-lr7gx,1,2
1781677065,gsm-5,ttcn3-tc-26-7-4-2-2-1-1-z8zjl,1,8
1781677065,gsm-5,virtphy-b55647b48-jwmkm,6,1
1781677067,gsm-5,msc-test-stub-5b875d749d-2dpsk,1,16
1781677067,gsm-5,osmo-bsc-594654bd47-jlvm5,1,5
1781677067,gsm-5,osmo-bts-virtual-5f8b9b86fc-vtpf2,23,5
1781677067,gsm-5,osmo-hlr-546bdb8988-mf548,1,2
1781677067,gsm-5,osmo-mgw-8c8fc67d6-x9c6z,1,2
1781677067,gsm-5,osmo-mobile-59d8d55bb5-fj7g6,3,33
1781677067,gsm-5,osmo-stp-768687f494-lr7gx,1,2
1781677067,gsm-5,ttcn3-tc-26-7-4-2-2-1-1-z8zjl,1,8
1781677067,gsm-5,virtphy-b55647b48-jwmkm,6,1
1781677069,gsm-5,msc-test-stub-5b875d749d-2dpsk,1,16
1781677069,gsm-5,osmo-bsc-594654bd47-jlvm5,1,5
1781677069,gsm-5,osmo-bts-virtual-5f8b9b86fc-vtpf2,23,5
1781677069,gsm-5,osmo-hlr-546bdb8988-mf548,1,2
1781677069,gsm-5,osmo-mgw-8c8fc67d6-x9c6z,1,2
1781677069,gsm-5,osmo-mobile-59d8d55bb5-fj7g6,3,33
1781677069,gsm-5,osmo-stp-768687f494-lr7gx,1,2
1781677069,gsm-5,ttcn3-tc-26-7-4-2-2-1-1-z8zjl,1,8
1781677069,gsm-5,virtphy-b55647b48-jwmkm,6,1
1781677072,gsm-5,msc-test-stub-5b875d749d-2dpsk,1,16
1781677072,gsm-5,osmo-bsc-594654bd47-jlvm5,1,5
1781677072,gsm-5,osmo-bts-virtual-5f8b9b86fc-vtpf2,23,5
1781677072,gsm-5,osmo-hlr-546bdb8988-mf548,1,2
1781677072,gsm-5,osmo-mgw-8c8fc67d6-x9c6z,1,2
1781677072,gsm-5,osmo-mobile-59d8d55bb5-fj7g6,3,33
1781677072,gsm-5,osmo-stp-768687f494-lr7gx,1,2
1781677072,gsm-5,ttcn3-tc-26-7-4-2-2-1-1-z8zjl,1,8
1781677072,gsm-5,virtphy-b55647b48-jwmkm,6,1
1781677074,gsm-5,msc-test-stub-5b875d749d-2dpsk,1,16
1781677074,gsm-5,osmo-bsc-594654bd47-jlvm5,1,5
1781677074,gsm-5,osmo-bts-virtual-5f8b9b86fc-vtpf2,23,5
1781677074,gsm-5,osmo-hlr-546bdb8988-mf548,1,2
1781677074,gsm-5,osmo-mgw-8c8fc67d6-x9c6z,1,2
1781677074,gsm-5,osmo-mobile-59d8d55bb5-fj7g6,3,33
1781677074,gsm-5,osmo-stp-768687f494-lr7gx,1,2
1781677074,gsm-5,ttcn3-tc-26-7-4-2-2-1-1-z8zjl,1,8
1781677074,gsm-5,virtphy-b55647b48-jwmkm,6,1
1781677076,gsm-5,msc-test-stub-5b875d749d-2dpsk,1,16
1781677076,gsm-5,osmo-bsc-594654bd47-jlvm5,1,5
1781677076,gsm-5,osmo-bts-virtual-5f8b9b86fc-vtpf2,23,5
1781677076,gsm-5,osmo-hlr-546bdb8988-mf548,1,2
1781677076,gsm-5,osmo-mgw-8c8fc67d6-x9c6z,1,2
1781677076,gsm-5,osmo-mobile-59d8d55bb5-fj7g6,3,33
1781677076,gsm-5,osmo-stp-768687f494-lr7gx,1,2
1781677076,gsm-5,ttcn3-tc-26-7-4-2-2-1-1-z8zjl,1,8
1781677076,gsm-5,virtphy-b55647b48-jwmkm,6,1
1781677078,gsm-5,msc-test-stub-5b875d749d-2dpsk,1,16
1781677078,gsm-5,osmo-bsc-594654bd47-jlvm5,1,5
1781677078,gsm-5,osmo-bts-virtual-5f8b9b86fc-vtpf2,21,5
1781677078,gsm-5,osmo-hlr-546bdb8988-mf548,1,2
1781677078,gsm-5,osmo-mgw-8c8fc67d6-x9c6z,1,2
1781677078,gsm-5,osmo-mobile-59d8d55bb5-fj7g6,3,33
1781677078,gsm-5,osmo-stp-768687f494-lr7gx,1,2
1781677078,gsm-5,ttcn3-tc-26-7-4-2-2-1-1-z8zjl,1,8
1781677078,gsm-5,virtphy-b55647b48-jwmkm,6,1
1781677080,gsm-5,msc-test-stub-5b875d749d-2dpsk,1,16
1781677080,gsm-5,osmo-bsc-594654bd47-jlvm5,1,5
1781677080,gsm-5,osmo-bts-virtual-5f8b9b86fc-vtpf2,21,5
1781677080,gsm-5,osmo-hlr-546bdb8988-mf548,1,2
1781677080,gsm-5,osmo-mgw-8c8fc67d6-x9c6z,1,2
1781677080,gsm-5,osmo-mobile-59d8d55bb5-fj7g6,3,33
1781677080,gsm-5,osmo-stp-768687f494-lr7gx,1,2
1781677080,gsm-5,ttcn3-tc-26-7-4-2-2-1-1-z8zjl,1,8
1781677080,gsm-5,virtphy-b55647b48-jwmkm,6,1
1781677083,gsm-5,msc-test-stub-5b875d749d-2dpsk,1,16
1781677083,gsm-5,osmo-bsc-594654bd47-jlvm5,1,5
1781677083,gsm-5,osmo-bts-virtual-5f8b9b86fc-vtpf2,21,5
1781677083,gsm-5,osmo-hlr-546bdb8988-mf548,1,2
1781677083,gsm-5,osmo-mgw-8c8fc67d6-x9c6z,1,2
1781677083,gsm-5,osmo-mobile-59d8d55bb5-fj7g6,3,33
1781677083,gsm-5,osmo-stp-768687f494-lr7gx,1,2
1781677083,gsm-5,ttcn3-tc-26-7-4-2-2-1-1-z8zjl,1,8
1781677083,gsm-5,virtphy-b55647b48-jwmkm,6,1
1781677086,gsm-5,msc-test-stub-5b875d749d-2dpsk,1,16
1781677086,gsm-5,osmo-bsc-594654bd47-jlvm5,1,5
1781677086,gsm-5,osmo-bts-virtual-5f8b9b86fc-vtpf2,21,5
1781677086,gsm-5,osmo-hlr-546bdb8988-mf548,1,2
1781677086,gsm-5,osmo-mgw-8c8fc67d6-x9c6z,1,2
1781677086,gsm-5,osmo-mobile-59d8d55bb5-fj7g6,3,33
1781677086,gsm-5,osmo-stp-768687f494-lr7gx,1,2
1781677086,gsm-5,ttcn3-tc-26-7-4-2-2-1-1-z8zjl,1,8
1781677086,gsm-5,virtphy-b55647b48-jwmkm,6,1
1781677088,gsm-5,msc-test-stub-5b875d749d-2dpsk,1,16
1781677088,gsm-5,osmo-bsc-594654bd47-jlvm5,1,5
1781677088,gsm-5,osmo-bts-virtual-5f8b9b86fc-vtpf2,21,5
1781677088,gsm-5,osmo-hlr-546bdb8988-mf548,1,2
1781677088,gsm-5,osmo-mgw-8c8fc67d6-x9c6z,1,2
1781677088,gsm-5,osmo-mobile-59d8d55bb5-fj7g6,3,33
1781677088,gsm-5,osmo-stp-768687f494-lr7gx,1,2
1781677088,gsm-5,ttcn3-tc-26-7-4-2-2-1-1-z8zjl,1,8
1781677088,gsm-5,virtphy-b55647b48-jwmkm,6,1
1781677090,gsm-5,msc-test-stub-5b875d749d-2dpsk,1,16
1781677090,gsm-5,osmo-bsc-594654bd47-jlvm5,1,5
1781677090,gsm-5,osmo-bts-virtual-5f8b9b86fc-vtpf2,21,5
1781677090,gsm-5,osmo-hlr-546bdb8988-mf548,1,2
1781677090,gsm-5,osmo-mgw-8c8fc67d6-x9c6z,1,2
1781677090,gsm-5,osmo-mobile-59d8d55bb5-fj7g6,3,33
1781677090,gsm-5,osmo-stp-768687f494-lr7gx,1,2
1781677090,gsm-5,ttcn3-tc-26-7-4-2-2-1-1-z8zjl,1,8
1781677090,gsm-5,virtphy-b55647b48-jwmkm,6,1
1781677092,gsm-5,msc-test-stub-5b875d749d-2dpsk,1,16
1781677092,gsm-5,osmo-bsc-594654bd47-jlvm5,1,5
1781677092,gsm-5,osmo-bts-virtual-5f8b9b86fc-vtpf2,21,5
1781677092,gsm-5,osmo-hlr-546bdb8988-mf548,1,2
1781677092,gsm-5,osmo-mgw-8c8fc67d6-x9c6z,1,2
1781677092,gsm-5,osmo-mobile-59d8d55bb5-fj7g6,3,33
1781677092,gsm-5,osmo-stp-768687f494-lr7gx,1,2
1781677092,gsm-5,ttcn3-tc-26-7-4-2-2-1-1-z8zjl,1,8
1781677092,gsm-5,virtphy-b55647b48-jwmkm,6,1
1781677095,gsm-5,msc-test-stub-5b875d749d-2dpsk,1,16
1781677095,gsm-5,osmo-bsc-594654bd47-jlvm5,1,5
1781677095,gsm-5,osmo-bts-virtual-5f8b9b86fc-vtpf2,21,5
1781677095,gsm-5,osmo-hlr-546bdb8988-mf548,1,2
1781677095,gsm-5,osmo-mgw-8c8fc67d6-x9c6z,1,2
1781677095,gsm-5,osmo-mobile-59d8d55bb5-fj7g6,3,33
1781677095,gsm-5,osmo-stp-768687f494-lr7gx,1,2
1781677095,gsm-5,ttcn3-tc-26-7-4-2-2-1-1-z8zjl,1,8
1781677095,gsm-5,virtphy-b55647b48-jwmkm,6,1
1781677097,gsm-5,msc-test-stub-5b875d749d-2dpsk,1,16
1781677097,gsm-5,osmo-bsc-594654bd47-jlvm5,1,5
1781677097,gsm-5,osmo-bts-virtual-5f8b9b86fc-vtpf2,21,5
1781677097,gsm-5,osmo-hlr-546bdb8988-mf548,1,2
1781677097,gsm-5,osmo-mgw-8c8fc67d6-x9c6z,1,2
1781677097,gsm-5,osmo-mobile-59d8d55bb5-fj7g6,3,33
1781677097,gsm-5,osmo-stp-768687f494-lr7gx,1,2
1781677097,gsm-5,ttcn3-tc-26-7-4-2-2-1-1-z8zjl,1,8
1781677097,gsm-5,virtphy-b55647b48-jwmkm,6,1
1781677099,gsm-5,msc-test-stub-5b875d749d-2dpsk,1,16
1781677099,gsm-5,osmo-bsc-594654bd47-jlvm5,1,5
1781677099,gsm-5,osmo-bts-virtual-5f8b9b86fc-vtpf2,21,5
1781677099,gsm-5,osmo-hlr-546bdb8988-mf548,1,2
1781677099,gsm-5,osmo-mgw-8c8fc67d6-x9c6z,1,2
1781677099,gsm-5,osmo-mobile-59d8d55bb5-fj7g6,3,33
1781677099,gsm-5,osmo-stp-768687f494-lr7gx,1,2
1781677099,gsm-5,ttcn3-tc-26-7-4-2-2-1-1-z8zjl,1,8
1781677099,gsm-5,virtphy-b55647b48-jwmkm,6,1
1781677101,gsm-5,msc-test-stub-5b875d749d-2dpsk,1,16
1781677101,gsm-5,osmo-bsc-594654bd47-jlvm5,1,5
1781677101,gsm-5,osmo-bts-virtual-5f8b9b86fc-vtpf2,21,5
1781677101,gsm-5,osmo-hlr-546bdb8988-mf548,1,2
1781677101,gsm-5,osmo-mgw-8c8fc67d6-x9c6z,1,2
1781677101,gsm-5,osmo-mobile-59d8d55bb5-fj7g6,3,33
1781677101,gsm-5,osmo-stp-768687f494-lr7gx,1,2
1781677101,gsm-5,ttcn3-tc-26-7-4-2-2-1-1-z8zjl,1,8
1781677101,gsm-5,virtphy-b55647b48-jwmkm,6,1
1781677104,gsm-5,msc-test-stub-5b875d749d-2dpsk,1,16
1781677104,gsm-5,osmo-bsc-594654bd47-jlvm5,1,5
1781677104,gsm-5,osmo-bts-virtual-5f8b9b86fc-vtpf2,21,5
1781677104,gsm-5,osmo-hlr-546bdb8988-mf548,1,2
1781677104,gsm-5,osmo-mgw-8c8fc67d6-x9c6z,1,2
1781677104,gsm-5,osmo-mobile-59d8d55bb5-fj7g6,3,33
1781677104,gsm-5,osmo-stp-768687f494-lr7gx,1,2
1781677104,gsm-5,ttcn3-tc-26-7-4-2-2-1-1-z8zjl,1,8
1781677104,gsm-5,virtphy-b55647b48-jwmkm,6,1
1781677106,gsm-5,msc-test-stub-5b875d749d-2dpsk,1,16
1781677106,gsm-5,osmo-bsc-594654bd47-jlvm5,1,5
1781677106,gsm-5,osmo-bts-virtual-5f8b9b86fc-vtpf2,21,5
1781677106,gsm-5,osmo-hlr-546bdb8988-mf548,1,2
1781677106,gsm-5,osmo-mgw-8c8fc67d6-x9c6z,1,2
1781677106,gsm-5,osmo-mobile-59d8d55bb5-fj7g6,3,33
1781677106,gsm-5,osmo-stp-768687f494-lr7gx,1,2
1781677106,gsm-5,ttcn3-tc-26-7-4-2-2-1-1-z8zjl,1,8
1781677106,gsm-5,virtphy-b55647b48-jwmkm,6,1
1781677109,gsm-5,msc-test-stub-5b875d749d-2dpsk,1,16
1781677109,gsm-5,osmo-bsc-594654bd47-jlvm5,1,5
1781677109,gsm-5,osmo-bts-virtual-5f8b9b86fc-vtpf2,20,5
1781677109,gsm-5,osmo-hlr-546bdb8988-mf548,1,2
1781677109,gsm-5,osmo-mgw-8c8fc67d6-x9c6z,1,2
1781677109,gsm-5,osmo-mobile-59d8d55bb5-fj7g6,3,33
1781677109,gsm-5,osmo-stp-768687f494-lr7gx,1,2
1781677109,gsm-5,ttcn3-tc-26-7-4-2-2-1-1-z8zjl,2,13
1781677109,gsm-5,virtphy-b55647b48-jwmkm,6,1
1781677111,gsm-5,msc-test-stub-5b875d749d-2dpsk,1,16
1781677111,gsm-5,osmo-bsc-594654bd47-jlvm5,1,5
1781677111,gsm-5,osmo-bts-virtual-5f8b9b86fc-vtpf2,20,5
1781677111,gsm-5,osmo-hlr-546bdb8988-mf548,1,2
1781677111,gsm-5,osmo-mgw-8c8fc67d6-x9c6z,1,2
1781677111,gsm-5,osmo-mobile-59d8d55bb5-fj7g6,3,33
1781677111,gsm-5,osmo-stp-768687f494-lr7gx,1,2
1781677111,gsm-5,ttcn3-tc-26-7-4-2-2-1-1-z8zjl,2,13
1781677111,gsm-5,virtphy-b55647b48-jwmkm,6,1
1781677113,gsm-5,msc-test-stub-5b875d749d-2dpsk,1,16
1781677113,gsm-5,osmo-bsc-594654bd47-jlvm5,1,5
1781677113,gsm-5,osmo-bts-virtual-5f8b9b86fc-vtpf2,20,5
1781677113,gsm-5,osmo-hlr-546bdb8988-mf548,1,2
1781677113,gsm-5,osmo-mgw-8c8fc67d6-x9c6z,1,2
1781677113,gsm-5,osmo-mobile-59d8d55bb5-fj7g6,3,33
1781677113,gsm-5,osmo-stp-768687f494-lr7gx,1,2
1781677113,gsm-5,ttcn3-tc-26-7-4-2-2-1-1-z8zjl,2,13
1781677113,gsm-5,virtphy-b55647b48-jwmkm,6,1
1781677115,gsm-5,msc-test-stub-5b875d749d-2dpsk,1,16
1781677115,gsm-5,osmo-bsc-594654bd47-jlvm5,1,5
1781677115,gsm-5,osmo-bts-virtual-5f8b9b86fc-vtpf2,20,5
1781677115,gsm-5,osmo-hlr-546bdb8988-mf548,1,2
1781677115,gsm-5,osmo-mgw-8c8fc67d6-x9c6z,1,2
1781677115,gsm-5,osmo-mobile-59d8d55bb5-fj7g6,3,33
1781677115,gsm-5,osmo-stp-768687f494-lr7gx,1,2
1781677115,gsm-5,ttcn3-tc-26-7-4-2-2-1-1-z8zjl,2,13
1781677115,gsm-5,virtphy-b55647b48-jwmkm,6,1
1781677117,gsm-5,msc-test-stub-5b875d749d-2dpsk,1,16
1781677117,gsm-5,osmo-bsc-594654bd47-jlvm5,1,5
1781677117,gsm-5,osmo-bts-virtual-5f8b9b86fc-vtpf2,20,5
1781677117,gsm-5,osmo-hlr-546bdb8988-mf548,1,2
1781677117,gsm-5,osmo-mgw-8c8fc67d6-x9c6z,1,2
1781677117,gsm-5,osmo-mobile-59d8d55bb5-fj7g6,3,33
1781677117,gsm-5,osmo-stp-768687f494-lr7gx,1,2
1781677117,gsm-5,ttcn3-tc-26-7-4-2-2-1-1-z8zjl,2,13
1781677117,gsm-5,virtphy-b55647b48-jwmkm,6,1
1781677120,gsm-5,msc-test-stub-5b875d749d-2dpsk,1,16
1781677120,gsm-5,osmo-bsc-594654bd47-jlvm5,1,5
1781677120,gsm-5,osmo-bts-virtual-5f8b9b86fc-vtpf2,20,5
1781677120,gsm-5,osmo-hlr-546bdb8988-mf548,1,2
1781677120,gsm-5,osmo-mgw-8c8fc67d6-x9c6z,1,2
1781677120,gsm-5,osmo-mobile-59d8d55bb5-fj7g6,3,33
1781677120,gsm-5,osmo-stp-768687f494-lr7gx,1,2
1781677120,gsm-5,ttcn3-tc-26-7-4-2-2-1-1-z8zjl,2,13
1781677120,gsm-5,virtphy-b55647b48-jwmkm,6,1
1781677122,gsm-5,msc-test-stub-5b875d749d-2dpsk,1,16
1781677122,gsm-5,osmo-bsc-594654bd47-jlvm5,1,5
1781677122,gsm-5,osmo-bts-virtual-5f8b9b86fc-vtpf2,18,5
1781677122,gsm-5,osmo-hlr-546bdb8988-mf548,1,2
1781677122,gsm-5,osmo-mgw-8c8fc67d6-x9c6z,1,2
1781677122,gsm-5,osmo-mobile-59d8d55bb5-fj7g6,3,33
1781677122,gsm-5,osmo-stp-768687f494-lr7gx,1,2
1781677122,gsm-5,ttcn3-tc-26-7-4-2-2-1-1-z8zjl,1,13
1781677122,gsm-5,virtphy-b55647b48-jwmkm,6,1
1781677125,gsm-5,msc-test-stub-5b875d749d-2dpsk,1,16
1781677125,gsm-5,osmo-bsc-594654bd47-jlvm5,1,5
1781677125,gsm-5,osmo-bts-virtual-5f8b9b86fc-vtpf2,18,5
1781677125,gsm-5,osmo-hlr-546bdb8988-mf548,1,2
1781677125,gsm-5,osmo-mgw-8c8fc67d6-x9c6z,1,2
1781677125,gsm-5,osmo-mobile-59d8d55bb5-fj7g6,3,33
1781677125,gsm-5,osmo-stp-768687f494-lr7gx,1,2
1781677125,gsm-5,ttcn3-tc-26-7-4-2-2-1-1-z8zjl,1,13
1781677125,gsm-5,virtphy-b55647b48-jwmkm,6,1
1781677127,gsm-5,msc-test-stub-5b875d749d-2dpsk,1,16
1781677127,gsm-5,osmo-bsc-594654bd47-jlvm5,1,5
1781677127,gsm-5,osmo-bts-virtual-5f8b9b86fc-vtpf2,18,5
1781677127,gsm-5,osmo-hlr-546bdb8988-mf548,1,2
1781677127,gsm-5,osmo-mgw-8c8fc67d6-x9c6z,1,2
1781677127,gsm-5,osmo-mobile-59d8d55bb5-fj7g6,3,33
1781677127,gsm-5,osmo-stp-768687f494-lr7gx,1,2
1781677127,gsm-5,ttcn3-tc-26-7-4-2-2-1-1-z8zjl,1,13
1781677127,gsm-5,virtphy-b55647b48-jwmkm,6,1
1781677129,gsm-5,msc-test-stub-5b875d749d-2dpsk,1,16
1781677129,gsm-5,osmo-bsc-594654bd47-jlvm5,1,5
1781677129,gsm-5,osmo-bts-virtual-5f8b9b86fc-vtpf2,18,5
1781677129,gsm-5,osmo-hlr-546bdb8988-mf548,1,2
1781677129,gsm-5,osmo-mgw-8c8fc67d6-x9c6z,1,2
1781677129,gsm-5,osmo-mobile-59d8d55bb5-fj7g6,3,33
1781677129,gsm-5,osmo-stp-768687f494-lr7gx,1,2
1781677129,gsm-5,ttcn3-tc-26-7-4-2-2-1-1-z8zjl,1,13
1781677129,gsm-5,virtphy-b55647b48-jwmkm,6,1
1781677131,gsm-5,msc-test-stub-5b875d749d-2dpsk,1,16
1781677131,gsm-5,osmo-bsc-594654bd47-jlvm5,1,5
1781677131,gsm-5,osmo-bts-virtual-5f8b9b86fc-vtpf2,18,5
1781677131,gsm-5,osmo-hlr-546bdb8988-mf548,1,2
1781677131,gsm-5,osmo-mgw-8c8fc67d6-x9c6z,1,2
1781677131,gsm-5,osmo-mobile-59d8d55bb5-fj7g6,3,33
1781677131,gsm-5,osmo-stp-768687f494-lr7gx,1,2
1781677131,gsm-5,ttcn3-tc-26-7-4-2-2-1-1-z8zjl,1,13
1781677131,gsm-5,virtphy-b55647b48-jwmkm,6,1
1781677134,gsm-5,msc-test-stub-5b875d749d-2dpsk,1,16
1781677134,gsm-5,osmo-bsc-594654bd47-jlvm5,1,5
1781677134,gsm-5,osmo-bts-virtual-5f8b9b86fc-vtpf2,18,5
1781677134,gsm-5,osmo-hlr-546bdb8988-mf548,1,2
1781677134,gsm-5,osmo-mgw-8c8fc67d6-x9c6z,1,2
1781677134,gsm-5,osmo-mobile-59d8d55bb5-fj7g6,3,33
1781677134,gsm-5,osmo-stp-768687f494-lr7gx,1,2
1781677134,gsm-5,ttcn3-tc-26-7-4-2-2-1-1-z8zjl,1,13
1781677134,gsm-5,virtphy-b55647b48-jwmkm,6,1
1781677137,gsm-5,msc-test-stub-5b875d749d-2dpsk,1,16
1781677137,gsm-5,osmo-bsc-594654bd47-jlvm5,1,5
1781677137,gsm-5,osmo-bts-virtual-5f8b9b86fc-vtpf2,18,5
1781677137,gsm-5,osmo-hlr-546bdb8988-mf548,1,2
1781677137,gsm-5,osmo-mgw-8c8fc67d6-x9c6z,1,2
1781677137,gsm-5,osmo-mobile-59d8d55bb5-fj7g6,3,33
1781677137,gsm-5,osmo-stp-768687f494-lr7gx,1,2
1781677137,gsm-5,ttcn3-tc-26-7-4-2-2-1-1-z8zjl,1,13
1781677137,gsm-5,virtphy-b55647b48-jwmkm,6,1
1781677139,gsm-5,msc-test-stub-5b875d749d-2dpsk,1,16
1781677139,gsm-5,osmo-bsc-594654bd47-jlvm5,1,5
1781677139,gsm-5,osmo-bts-virtual-5f8b9b86fc-vtpf2,18,5
1781677139,gsm-5,osmo-hlr-546bdb8988-mf548,1,2
1781677139,gsm-5,osmo-mgw-8c8fc67d6-x9c6z,1,2
1781677139,gsm-5,osmo-mobile-59d8d55bb5-fj7g6,2,33
1781677139,gsm-5,osmo-stp-768687f494-lr7gx,1,2
1781677139,gsm-5,ttcn3-tc-26-7-4-2-2-1-1-z8zjl,1,13
1781677139,gsm-5,virtphy-b55647b48-jwmkm,6,1
1781677142,gsm-5,msc-test-stub-5b875d749d-2dpsk,1,16
1781677142,gsm-5,osmo-bsc-594654bd47-jlvm5,1,5
1781677142,gsm-5,osmo-bts-virtual-5f8b9b86fc-vtpf2,18,5
1781677142,gsm-5,osmo-hlr-546bdb8988-mf548,1,2
1781677142,gsm-5,osmo-mgw-8c8fc67d6-x9c6z,1,2
1781677142,gsm-5,osmo-mobile-59d8d55bb5-fj7g6,2,33
1781677142,gsm-5,osmo-stp-768687f494-lr7gx,1,2
1781677142,gsm-5,ttcn3-tc-26-7-4-2-2-1-1-z8zjl,1,13
1781677142,gsm-5,virtphy-b55647b48-jwmkm,6,1
1781677144,gsm-5,msc-test-stub-5b875d749d-2dpsk,1,16
1781677144,gsm-5,osmo-bsc-594654bd47-jlvm5,1,5
1781677144,gsm-5,osmo-bts-virtual-5f8b9b86fc-vtpf2,18,5
1781677144,gsm-5,osmo-hlr-546bdb8988-mf548,1,2
1781677144,gsm-5,osmo-mgw-8c8fc67d6-x9c6z,1,2
1781677144,gsm-5,osmo-mobile-59d8d55bb5-fj7g6,2,33
1781677144,gsm-5,osmo-stp-768687f494-lr7gx,1,2
1781677144,gsm-5,ttcn3-tc-26-7-4-2-2-1-1-z8zjl,1,13
1781677144,gsm-5,virtphy-b55647b48-jwmkm,6,1
1781677146,gsm-5,msc-test-stub-5b875d749d-2dpsk,1,16
1781677146,gsm-5,osmo-bsc-594654bd47-jlvm5,1,5
1781677146,gsm-5,osmo-bts-virtual-5f8b9b86fc-vtpf2,18,5
1781677146,gsm-5,osmo-hlr-546bdb8988-mf548,1,2
1781677146,gsm-5,osmo-mgw-8c8fc67d6-x9c6z,1,2
1781677146,gsm-5,osmo-mobile-59d8d55bb5-fj7g6,2,33
1781677146,gsm-5,osmo-stp-768687f494-lr7gx,1,2
1781677146,gsm-5,ttcn3-tc-26-7-4-2-2-1-1-z8zjl,1,13
1781677146,gsm-5,virtphy-b55647b48-jwmkm,6,1
1781677149,gsm-5,msc-test-stub-5b875d749d-2dpsk,1,16
1781677149,gsm-5,osmo-bsc-594654bd47-jlvm5,1,5
1781677149,gsm-5,osmo-bts-virtual-5f8b9b86fc-vtpf2,18,5
1781677149,gsm-5,osmo-hlr-546bdb8988-mf548,1,2
1781677149,gsm-5,osmo-mgw-8c8fc67d6-x9c6z,1,2
1781677149,gsm-5,osmo-mobile-59d8d55bb5-fj7g6,2,33
1781677149,gsm-5,osmo-stp-768687f494-lr7gx,1,2
1781677149,gsm-5,ttcn3-tc-26-7-4-2-2-1-1-z8zjl,1,13
1781677149,gsm-5,virtphy-b55647b48-jwmkm,6,1
1781677151,gsm-5,msc-test-stub-5b875d749d-2dpsk,1,16
1781677151,gsm-5,osmo-bsc-594654bd47-jlvm5,1,5
1781677151,gsm-5,osmo-bts-virtual-5f8b9b86fc-vtpf2,18,5
1781677151,gsm-5,osmo-hlr-546bdb8988-mf548,1,2
1781677151,gsm-5,osmo-mgw-8c8fc67d6-x9c6z,1,2
1781677151,gsm-5,osmo-mobile-59d8d55bb5-fj7g6,2,33
1781677151,gsm-5,osmo-stp-768687f494-lr7gx,1,2
1781677151,gsm-5,ttcn3-tc-26-7-4-2-2-1-1-z8zjl,1,13
1781677151,gsm-5,virtphy-b55647b48-jwmkm,6,1
1781677153,gsm-5,msc-test-stub-5b875d749d-2dpsk,1,16
1781677153,gsm-5,osmo-bsc-594654bd47-jlvm5,1,5
1781677153,gsm-5,osmo-bts-virtual-5f8b9b86fc-vtpf2,18,5
1781677153,gsm-5,osmo-hlr-546bdb8988-mf548,1,2
1781677153,gsm-5,osmo-mgw-8c8fc67d6-x9c6z,1,2
1781677153,gsm-5,osmo-mobile-59d8d55bb5-fj7g6,2,33
1781677153,gsm-5,osmo-stp-768687f494-lr7gx,1,2
1781677153,gsm-5,ttcn3-tc-26-7-4-2-2-1-1-z8zjl,1,13
1781677153,gsm-5,virtphy-b55647b48-jwmkm,6,1
1781677155,gsm-5,msc-test-stub-5b875d749d-2dpsk,1,16
1781677155,gsm-5,osmo-bsc-594654bd47-jlvm5,1,5
1781677155,gsm-5,osmo-bts-virtual-5f8b9b86fc-vtpf2,18,5
1781677155,gsm-5,osmo-hlr-546bdb8988-mf548,1,2
1781677155,gsm-5,osmo-mgw-8c8fc67d6-x9c6z,1,2
1781677155,gsm-5,osmo-mobile-59d8d55bb5-fj7g6,2,33
1781677155,gsm-5,osmo-stp-768687f494-lr7gx,1,2
1781677155,gsm-5,ttcn3-tc-26-7-4-2-2-1-1-z8zjl,1,13
1781677155,gsm-5,virtphy-b55647b48-jwmkm,6,1
1781677157,gsm-5,msc-test-stub-5b875d749d-2dpsk,1,16
1781677157,gsm-5,osmo-bsc-594654bd47-jlvm5,1,5
1781677157,gsm-5,osmo-bts-virtual-5f8b9b86fc-vtpf2,18,5
1781677157,gsm-5,osmo-hlr-546bdb8988-mf548,1,2
1781677157,gsm-5,osmo-mgw-8c8fc67d6-x9c6z,1,2
1781677157,gsm-5,osmo-mobile-59d8d55bb5-fj7g6,2,33
1781677157,gsm-5,osmo-stp-768687f494-lr7gx,1,2
1781677157,gsm-5,ttcn3-tc-26-7-4-2-2-1-1-z8zjl,1,13
1781677157,gsm-5,virtphy-b55647b48-jwmkm,6,1
1781677160,gsm-5,msc-test-stub-5b875d749d-2dpsk,1,16
1781677160,gsm-5,osmo-bsc-594654bd47-jlvm5,1,5
1781677160,gsm-5,osmo-bts-virtual-5f8b9b86fc-vtpf2,18,5
1781677160,gsm-5,osmo-hlr-546bdb8988-mf548,1,2
1781677160,gsm-5,osmo-mgw-8c8fc67d6-x9c6z,1,2
1781677160,gsm-5,osmo-mobile-59d8d55bb5-fj7g6,2,33
1781677160,gsm-5,osmo-stp-768687f494-lr7gx,1,2
1781677160,gsm-5,ttcn3-tc-26-7-4-2-2-1-1-z8zjl,1,13
1781677160,gsm-5,virtphy-b55647b48-jwmkm,6,1
1781677162,gsm-5,msc-test-stub-5b875d749d-2dpsk,1,16
1781677162,gsm-5,osmo-bsc-594654bd47-jlvm5,1,5
1781677162,gsm-5,osmo-bts-virtual-5f8b9b86fc-vtpf2,18,5
1781677162,gsm-5,osmo-hlr-546bdb8988-mf548,1,2
1781677162,gsm-5,osmo-mgw-8c8fc67d6-x9c6z,1,2
1781677162,gsm-5,osmo-mobile-59d8d55bb5-fj7g6,2,33
1781677162,gsm-5,osmo-stp-768687f494-lr7gx,1,2
1781677162,gsm-5,ttcn3-tc-26-7-4-2-2-1-1-z8zjl,1,13
1781677162,gsm-5,virtphy-b55647b48-jwmkm,6,1
1781677164,gsm-5,msc-test-stub-5b875d749d-2dpsk,1,16
1781677164,gsm-5,osmo-bsc-594654bd47-jlvm5,1,5
1781677164,gsm-5,osmo-bts-virtual-5f8b9b86fc-vtpf2,18,5
1781677164,gsm-5,osmo-hlr-546bdb8988-mf548,1,2
1781677164,gsm-5,osmo-mgw-8c8fc67d6-x9c6z,1,2
1781677164,gsm-5,osmo-mobile-59d8d55bb5-fj7g6,2,33
1781677164,gsm-5,osmo-stp-768687f494-lr7gx,1,2
1781677164,gsm-5,ttcn3-tc-26-7-4-2-2-1-1-z8zjl,1,13
1781677164,gsm-5,virtphy-b55647b48-jwmkm,6,1
1781677166,gsm-5,msc-test-stub-5b875d749d-2dpsk,1,16
1781677166,gsm-5,osmo-bsc-594654bd47-jlvm5,1,5
1781677166,gsm-5,osmo-bts-virtual-5f8b9b86fc-vtpf2,18,5
1781677166,gsm-5,osmo-hlr-546bdb8988-mf548,1,2
1781677166,gsm-5,osmo-mgw-8c8fc67d6-x9c6z,1,2
1781677166,gsm-5,osmo-mobile-59d8d55bb5-fj7g6,2,33
1781677166,gsm-5,osmo-stp-768687f494-lr7gx,1,2
1781677166,gsm-5,ttcn3-tc-26-7-4-2-2-1-1-z8zjl,1,13
1781677166,gsm-5,virtphy-b55647b48-jwmkm,6,1
1781677168,gsm-5,msc-test-stub-5b875d749d-2dpsk,1,16
1781677168,gsm-5,osmo-bsc-594654bd47-jlvm5,1,5
1781677168,gsm-5,osmo-bts-virtual-5f8b9b86fc-vtpf2,17,5
1781677168,gsm-5,osmo-hlr-546bdb8988-mf548,1,2
1781677168,gsm-5,osmo-mgw-8c8fc67d6-x9c6z,1,2
1781677168,gsm-5,osmo-mobile-59d8d55bb5-fj7g6,2,33
1781677168,gsm-5,osmo-stp-768687f494-lr7gx,1,2
1781677168,gsm-5,ttcn3-tc-26-7-4-2-2-1-1-z8zjl,1,13
1781677168,gsm-5,virtphy-b55647b48-jwmkm,6,1
1781677170,gsm-5,msc-test-stub-5b875d749d-2dpsk,1,16
1781677170,gsm-5,osmo-bsc-594654bd47-jlvm5,1,5
1781677170,gsm-5,osmo-bts-virtual-5f8b9b86fc-vtpf2,17,5
1781677170,gsm-5,osmo-hlr-546bdb8988-mf548,1,2
1781677170,gsm-5,osmo-mgw-8c8fc67d6-x9c6z,1,2
1781677170,gsm-5,osmo-mobile-59d8d55bb5-fj7g6,2,33
1781677170,gsm-5,osmo-stp-768687f494-lr7gx,1,2
1781677170,gsm-5,ttcn3-tc-26-7-4-2-2-1-1-z8zjl,1,13
1781677170,gsm-5,virtphy-b55647b48-jwmkm,6,1
1781677172,gsm-5,msc-test-stub-5b875d749d-2dpsk,1,16
1781677172,gsm-5,osmo-bsc-594654bd47-jlvm5,1,5
1781677172,gsm-5,osmo-bts-virtual-5f8b9b86fc-vtpf2,17,5
1781677172,gsm-5,osmo-hlr-546bdb8988-mf548,1,2
1781677172,gsm-5,osmo-mgw-8c8fc67d6-x9c6z,1,2
1781677172,gsm-5,osmo-mobile-59d8d55bb5-fj7g6,2,33
1781677172,gsm-5,osmo-stp-768687f494-lr7gx,1,2
1781677172,gsm-5,ttcn3-tc-26-7-4-2-2-1-1-z8zjl,1,13
1781677172,gsm-5,virtphy-b55647b48-jwmkm,6,1
1781677174,gsm-5,msc-test-stub-5b875d749d-2dpsk,1,16
1781677174,gsm-5,osmo-bsc-594654bd47-jlvm5,1,5
1781677174,gsm-5,osmo-bts-virtual-5f8b9b86fc-vtpf2,17,5
1781677174,gsm-5,osmo-hlr-546bdb8988-mf548,1,2
1781677174,gsm-5,osmo-mgw-8c8fc67d6-x9c6z,1,2
1781677174,gsm-5,osmo-mobile-59d8d55bb5-fj7g6,2,33
1781677174,gsm-5,osmo-stp-768687f494-lr7gx,1,2
1781677174,gsm-5,ttcn3-tc-26-7-4-2-2-1-1-z8zjl,1,13
1781677174,gsm-5,virtphy-b55647b48-jwmkm,6,1
1781677176,gsm-5,msc-test-stub-5b875d749d-2dpsk,1,16
1781677176,gsm-5,osmo-bsc-594654bd47-jlvm5,1,5
1781677176,gsm-5,osmo-bts-virtual-5f8b9b86fc-vtpf2,17,5
1781677176,gsm-5,osmo-hlr-546bdb8988-mf548,1,2
1781677176,gsm-5,osmo-mgw-8c8fc67d6-x9c6z,1,2
1781677176,gsm-5,osmo-mobile-59d8d55bb5-fj7g6,2,33
1781677176,gsm-5,osmo-stp-768687f494-lr7gx,1,2
1781677176,gsm-5,ttcn3-tc-26-7-4-2-2-1-1-z8zjl,1,13
1781677176,gsm-5,virtphy-b55647b48-jwmkm,6,1
1781677179,gsm-5,msc-test-stub-5b875d749d-2dpsk,1,16
1781677179,gsm-5,osmo-bsc-594654bd47-jlvm5,1,5
1781677179,gsm-5,osmo-bts-virtual-5f8b9b86fc-vtpf2,17,5
1781677179,gsm-5,osmo-hlr-546bdb8988-mf548,1,2
1781677179,gsm-5,osmo-mgw-8c8fc67d6-x9c6z,1,2
1781677179,gsm-5,osmo-mobile-59d8d55bb5-fj7g6,2,33
1781677179,gsm-5,osmo-stp-768687f494-lr7gx,1,2
1781677179,gsm-5,ttcn3-tc-26-7-4-2-2-1-1-z8zjl,1,13
1781677179,gsm-5,virtphy-b55647b48-jwmkm,6,1
1781677181,gsm-5,msc-test-stub-5b875d749d-2dpsk,1,16
1781677181,gsm-5,osmo-bsc-594654bd47-jlvm5,1,5
1781677181,gsm-5,osmo-bts-virtual-5f8b9b86fc-vtpf2,17,5
1781677181,gsm-5,osmo-hlr-546bdb8988-mf548,1,2
1781677181,gsm-5,osmo-mgw-8c8fc67d6-x9c6z,1,2
1781677181,gsm-5,osmo-mobile-59d8d55bb5-fj7g6,2,33
1781677181,gsm-5,osmo-stp-768687f494-lr7gx,1,2
1781677181,gsm-5,ttcn3-tc-26-7-4-2-2-1-1-z8zjl,1,13
1781677181,gsm-5,virtphy-b55647b48-jwmkm,6,1
1781677183,gsm-5,msc-test-stub-5b875d749d-2dpsk,1,16
1781677183,gsm-5,osmo-bsc-594654bd47-jlvm5,1,5
1781677183,gsm-5,osmo-bts-virtual-5f8b9b86fc-vtpf2,19,5
1781677183,gsm-5,osmo-hlr-546bdb8988-mf548,1,2
1781677183,gsm-5,osmo-mgw-8c8fc67d6-x9c6z,1,2
1781677183,gsm-5,osmo-mobile-59d8d55bb5-fj7g6,2,33
1781677183,gsm-5,osmo-stp-768687f494-lr7gx,1,2
1781677183,gsm-5,ttcn3-tc-26-7-4-2-2-1-1-z8zjl,1,13
1781677183,gsm-5,virtphy-b55647b48-jwmkm,6,1
1781677185,gsm-5,msc-test-stub-5b875d749d-2dpsk,1,16
1781677185,gsm-5,osmo-bsc-594654bd47-jlvm5,1,5
1781677185,gsm-5,osmo-bts-virtual-5f8b9b86fc-vtpf2,19,5
1781677185,gsm-5,osmo-hlr-546bdb8988-mf548,1,2
1781677185,gsm-5,osmo-mgw-8c8fc67d6-x9c6z,1,2
1781677185,gsm-5,osmo-mobile-59d8d55bb5-fj7g6,2,33
1781677185,gsm-5,osmo-stp-768687f494-lr7gx,1,2
1781677185,gsm-5,ttcn3-tc-26-7-4-2-2-1-1-z8zjl,1,13
1781677185,gsm-5,virtphy-b55647b48-jwmkm,6,1
1781677187,gsm-5,msc-test-stub-5b875d749d-2dpsk,1,16
1781677187,gsm-5,osmo-bsc-594654bd47-jlvm5,1,5
1781677187,gsm-5,osmo-bts-virtual-5f8b9b86fc-vtpf2,19,5
1781677187,gsm-5,osmo-hlr-546bdb8988-mf548,1,2
1781677187,gsm-5,osmo-mgw-8c8fc67d6-x9c6z,1,2
1781677187,gsm-5,osmo-mobile-59d8d55bb5-fj7g6,2,33
1781677187,gsm-5,osmo-stp-768687f494-lr7gx,1,2
1781677187,gsm-5,ttcn3-tc-26-7-4-2-2-1-1-z8zjl,1,13
1781677187,gsm-5,virtphy-b55647b48-jwmkm,6,1
1781677189,gsm-5,msc-test-stub-5b875d749d-2dpsk,1,16
1781677189,gsm-5,osmo-bsc-594654bd47-jlvm5,1,5
1781677189,gsm-5,osmo-bts-virtual-5f8b9b86fc-vtpf2,19,5
1781677189,gsm-5,osmo-hlr-546bdb8988-mf548,1,2
1781677189,gsm-5,osmo-mgw-8c8fc67d6-x9c6z,1,2
1781677189,gsm-5,osmo-mobile-59d8d55bb5-fj7g6,2,33
1781677189,gsm-5,osmo-stp-768687f494-lr7gx,1,2
1781677189,gsm-5,ttcn3-tc-26-7-4-2-2-1-1-z8zjl,1,13
1781677189,gsm-5,virtphy-b55647b48-jwmkm,6,1
1781677191,gsm-5,msc-test-stub-5b875d749d-2dpsk,1,16
1781677191,gsm-5,osmo-bsc-594654bd47-jlvm5,1,5
1781677191,gsm-5,osmo-bts-virtual-5f8b9b86fc-vtpf2,19,5
1781677191,gsm-5,osmo-hlr-546bdb8988-mf548,1,2
1781677191,gsm-5,osmo-mgw-8c8fc67d6-x9c6z,1,2
1781677191,gsm-5,osmo-mobile-59d8d55bb5-fj7g6,2,33
1781677191,gsm-5,osmo-stp-768687f494-lr7gx,1,2
1781677191,gsm-5,ttcn3-tc-26-7-4-2-2-1-1-z8zjl,1,13
1781677191,gsm-5,virtphy-b55647b48-jwmkm,6,1
1781677194,gsm-5,msc-test-stub-5b875d749d-2dpsk,1,16
1781677194,gsm-5,osmo-bsc-594654bd47-jlvm5,1,5
1781677194,gsm-5,osmo-bts-virtual-5f8b9b86fc-vtpf2,19,5
1781677194,gsm-5,osmo-hlr-546bdb8988-mf548,1,2
1781677194,gsm-5,osmo-mgw-8c8fc67d6-x9c6z,1,2
1781677194,gsm-5,osmo-mobile-59d8d55bb5-fj7g6,2,33
1781677194,gsm-5,osmo-stp-768687f494-lr7gx,1,2
1781677194,gsm-5,ttcn3-tc-26-7-4-2-2-1-1-z8zjl,1,13
1781677194,gsm-5,virtphy-b55647b48-jwmkm,6,1
1781677196,gsm-5,msc-test-stub-5b875d749d-2dpsk,1,16
1781677196,gsm-5,osmo-bsc-594654bd47-jlvm5,1,5
1781677196,gsm-5,osmo-bts-virtual-5f8b9b86fc-vtpf2,19,5
1781677196,gsm-5,osmo-hlr-546bdb8988-mf548,1,2
1781677196,gsm-5,osmo-mgw-8c8fc67d6-x9c6z,1,2
1781677196,gsm-5,osmo-mobile-59d8d55bb5-fj7g6,2,33
1781677196,gsm-5,osmo-stp-768687f494-lr7gx,1,2
1781677196,gsm-5,ttcn3-tc-26-7-4-2-2-1-1-z8zjl,1,13
1781677196,gsm-5,virtphy-b55647b48-jwmkm,6,1
1781677198,gsm-5,msc-test-stub-5b875d749d-2dpsk,1,16
1781677198,gsm-5,osmo-bsc-594654bd47-jlvm5,1,5
1781677198,gsm-5,osmo-bts-virtual-5f8b9b86fc-vtpf2,16,5
1781677198,gsm-5,osmo-hlr-546bdb8988-mf548,1,2
1781677198,gsm-5,osmo-mgw-8c8fc67d6-x9c6z,1,2
1781677198,gsm-5,osmo-mobile-59d8d55bb5-fj7g6,3,33
1781677198,gsm-5,osmo-stp-768687f494-lr7gx,1,2
1781677198,gsm-5,ttcn3-tc-26-7-4-2-2-1-1-z8zjl,1,13
1781677198,gsm-5,virtphy-b55647b48-jwmkm,6,1
1781677200,gsm-5,msc-test-stub-5b875d749d-2dpsk,1,16
1781677200,gsm-5,osmo-bsc-594654bd47-jlvm5,1,5
1781677200,gsm-5,osmo-bts-virtual-5f8b9b86fc-vtpf2,16,5
1781677200,gsm-5,osmo-hlr-546bdb8988-mf548,1,2
1781677200,gsm-5,osmo-mgw-8c8fc67d6-x9c6z,1,2
1781677200,gsm-5,osmo-mobile-59d8d55bb5-fj7g6,3,33
1781677200,gsm-5,osmo-stp-768687f494-lr7gx,1,2
1781677200,gsm-5,ttcn3-tc-26-7-4-2-2-1-1-z8zjl,1,13
1781677200,gsm-5,virtphy-b55647b48-jwmkm,6,1
1781677203,gsm-5,msc-test-stub-5b875d749d-2dpsk,1,16
1781677203,gsm-5,osmo-bsc-594654bd47-jlvm5,1,5
1781677203,gsm-5,osmo-bts-virtual-5f8b9b86fc-vtpf2,16,5
1781677203,gsm-5,osmo-hlr-546bdb8988-mf548,1,2
1781677203,gsm-5,osmo-mgw-8c8fc67d6-x9c6z,1,2
1781677203,gsm-5,osmo-mobile-59d8d55bb5-fj7g6,3,33
1781677203,gsm-5,osmo-stp-768687f494-lr7gx,1,2
1781677203,gsm-5,ttcn3-tc-26-7-4-2-2-1-1-z8zjl,1,13
1781677203,gsm-5,virtphy-b55647b48-jwmkm,6,1
1781677205,gsm-5,msc-test-stub-5b875d749d-2dpsk,1,16
1781677205,gsm-5,osmo-bsc-594654bd47-jlvm5,1,5
1781677205,gsm-5,osmo-bts-virtual-5f8b9b86fc-vtpf2,16,5
1781677205,gsm-5,osmo-hlr-546bdb8988-mf548,1,2
1781677205,gsm-5,osmo-mgw-8c8fc67d6-x9c6z,1,2
1781677205,gsm-5,osmo-mobile-59d8d55bb5-fj7g6,3,33
1781677205,gsm-5,osmo-stp-768687f494-lr7gx,1,2
1781677205,gsm-5,ttcn3-tc-26-7-4-2-2-1-1-z8zjl,1,13
1781677205,gsm-5,virtphy-b55647b48-jwmkm,6,1
1781677207,gsm-5,msc-test-stub-5b875d749d-2dpsk,1,16
1781677207,gsm-5,osmo-bsc-594654bd47-jlvm5,1,5
1781677207,gsm-5,osmo-bts-virtual-5f8b9b86fc-vtpf2,16,5
1781677207,gsm-5,osmo-hlr-546bdb8988-mf548,1,2
1781677207,gsm-5,osmo-mgw-8c8fc67d6-x9c6z,1,2
1781677207,gsm-5,osmo-mobile-59d8d55bb5-fj7g6,3,33
1781677207,gsm-5,osmo-stp-768687f494-lr7gx,1,2
1781677207,gsm-5,ttcn3-tc-26-7-4-2-2-1-1-z8zjl,1,13
1781677207,gsm-5,virtphy-b55647b48-jwmkm,6,1
1781677209,gsm-5,msc-test-stub-5b875d749d-2dpsk,1,16
1781677209,gsm-5,osmo-bsc-594654bd47-jlvm5,1,5
1781677209,gsm-5,osmo-bts-virtual-5f8b9b86fc-vtpf2,16,5
1781677209,gsm-5,osmo-hlr-546bdb8988-mf548,1,2
1781677209,gsm-5,osmo-mgw-8c8fc67d6-x9c6z,1,2
1781677209,gsm-5,osmo-mobile-59d8d55bb5-fj7g6,3,33
1781677209,gsm-5,osmo-stp-768687f494-lr7gx,1,2
1781677209,gsm-5,ttcn3-tc-26-7-4-2-2-1-1-z8zjl,1,13
1781677209,gsm-5,virtphy-b55647b48-jwmkm,6,1
1781677211,gsm-5,msc-test-stub-5b875d749d-2dpsk,1,16
1781677211,gsm-5,osmo-bsc-594654bd47-jlvm5,1,5
1781677211,gsm-5,osmo-bts-virtual-5f8b9b86fc-vtpf2,16,5
1781677211,gsm-5,osmo-hlr-546bdb8988-mf548,1,2
1781677211,gsm-5,osmo-mgw-8c8fc67d6-x9c6z,1,2
1781677211,gsm-5,osmo-mobile-59d8d55bb5-fj7g6,3,33
1781677211,gsm-5,osmo-stp-768687f494-lr7gx,1,2
1781677211,gsm-5,ttcn3-tc-26-7-4-2-2-1-1-z8zjl,1,13
1781677211,gsm-5,virtphy-b55647b48-jwmkm,6,1
1781677213,gsm-5,msc-test-stub-5b875d749d-2dpsk,1,16
1781677213,gsm-5,osmo-bsc-594654bd47-jlvm5,1,5
1781677213,gsm-5,osmo-bts-virtual-5f8b9b86fc-vtpf2,16,5
1781677213,gsm-5,osmo-hlr-546bdb8988-mf548,1,2
1781677213,gsm-5,osmo-mgw-8c8fc67d6-x9c6z,1,2
1781677213,gsm-5,osmo-mobile-59d8d55bb5-fj7g6,3,33
1781677213,gsm-5,osmo-stp-768687f494-lr7gx,1,2
1781677213,gsm-5,ttcn3-tc-26-7-4-2-2-1-1-z8zjl,1,13
1781677213,gsm-5,virtphy-b55647b48-jwmkm,6,1
1781677216,gsm-5,msc-test-stub-5b875d749d-2dpsk,1,16
1781677216,gsm-5,osmo-bsc-594654bd47-jlvm5,1,5
1781677216,gsm-5,osmo-bts-virtual-5f8b9b86fc-vtpf2,16,5
1781677216,gsm-5,osmo-hlr-546bdb8988-mf548,1,2
1781677216,gsm-5,osmo-mgw-8c8fc67d6-x9c6z,1,2
1781677216,gsm-5,osmo-mobile-59d8d55bb5-fj7g6,3,33
1781677216,gsm-5,osmo-stp-768687f494-lr7gx,1,2
1781677216,gsm-5,ttcn3-tc-26-7-4-2-2-1-1-z8zjl,1,13
1781677216,gsm-5,virtphy-b55647b48-jwmkm,6,1
1781677218,gsm-5,msc-test-stub-5b875d749d-2dpsk,1,16
1781677218,gsm-5,osmo-bsc-594654bd47-jlvm5,1,5
1781677218,gsm-5,osmo-bts-virtual-5f8b9b86fc-vtpf2,16,5
1781677218,gsm-5,osmo-hlr-546bdb8988-mf548,1,2
1781677218,gsm-5,osmo-mgw-8c8fc67d6-x9c6z,1,2
1781677218,gsm-5,osmo-mobile-59d8d55bb5-fj7g6,3,33
1781677218,gsm-5,osmo-stp-768687f494-lr7gx,1,2
1781677218,gsm-5,ttcn3-tc-26-7-4-2-2-1-1-z8zjl,1,13
1781677218,gsm-5,virtphy-b55647b48-jwmkm,6,1
1781677220,gsm-5,msc-test-stub-5b875d749d-2dpsk,1,16
1781677220,gsm-5,osmo-bsc-594654bd47-jlvm5,1,5
1781677220,gsm-5,osmo-bts-virtual-5f8b9b86fc-vtpf2,16,5
1781677220,gsm-5,osmo-hlr-546bdb8988-mf548,1,2
1781677220,gsm-5,osmo-mgw-8c8fc67d6-x9c6z,1,2
1781677220,gsm-5,osmo-mobile-59d8d55bb5-fj7g6,3,33
1781677220,gsm-5,osmo-stp-768687f494-lr7gx,1,2
1781677220,gsm-5,ttcn3-tc-26-7-4-2-2-1-1-z8zjl,1,13
1781677220,gsm-5,virtphy-b55647b48-jwmkm,6,1
1781677222,gsm-5,msc-test-stub-5b875d749d-2dpsk,1,16
1781677222,gsm-5,osmo-bsc-594654bd47-jlvm5,1,5
1781677222,gsm-5,osmo-bts-virtual-5f8b9b86fc-vtpf2,16,5
1781677222,gsm-5,osmo-hlr-546bdb8988-mf548,1,2
1781677222,gsm-5,osmo-mgw-8c8fc67d6-x9c6z,1,2
1781677222,gsm-5,osmo-mobile-59d8d55bb5-fj7g6,3,33
1781677222,gsm-5,osmo-stp-768687f494-lr7gx,1,2
1781677222,gsm-5,ttcn3-tc-26-7-4-2-2-1-1-z8zjl,1,13
1781677222,gsm-5,virtphy-b55647b48-jwmkm,6,1
1781677224,gsm-5,msc-test-stub-5b875d749d-2dpsk,1,16
1781677224,gsm-5,osmo-bsc-594654bd47-jlvm5,1,5
1781677224,gsm-5,osmo-bts-virtual-5f8b9b86fc-vtpf2,16,5
1781677224,gsm-5,osmo-hlr-546bdb8988-mf548,1,2
1781677224,gsm-5,osmo-mgw-8c8fc67d6-x9c6z,1,2
1781677224,gsm-5,osmo-mobile-59d8d55bb5-fj7g6,3,33
1781677224,gsm-5,osmo-stp-768687f494-lr7gx,1,2
1781677224,gsm-5,ttcn3-tc-26-7-4-2-2-1-1-z8zjl,1,13
1781677224,gsm-5,virtphy-b55647b48-jwmkm,6,1
1781677226,gsm-5,msc-test-stub-5b875d749d-2dpsk,1,16
1781677226,gsm-5,osmo-bsc-594654bd47-jlvm5,1,5
1781677226,gsm-5,osmo-bts-virtual-5f8b9b86fc-vtpf2,16,5
1781677226,gsm-5,osmo-hlr-546bdb8988-mf548,1,2
1781677226,gsm-5,osmo-mgw-8c8fc67d6-x9c6z,1,2
1781677226,gsm-5,osmo-mobile-59d8d55bb5-fj7g6,3,33
1781677226,gsm-5,osmo-stp-768687f494-lr7gx,1,2
1781677226,gsm-5,ttcn3-tc-26-7-4-2-2-1-1-z8zjl,1,13
1781677226,gsm-5,virtphy-b55647b48-jwmkm,6,1
1781677228,gsm-5,msc-test-stub-5b875d749d-2dpsk,1,16
1781677228,gsm-5,osmo-bsc-594654bd47-jlvm5,1,5
1781677228,gsm-5,osmo-bts-virtual-5f8b9b86fc-vtpf2,15,5
1781677228,gsm-5,osmo-hlr-546bdb8988-mf548,1,2
1781677228,gsm-5,osmo-mgw-8c8fc67d6-x9c6z,1,2
1781677228,gsm-5,osmo-mobile-59d8d55bb5-fj7g6,3,33
1781677228,gsm-5,osmo-stp-768687f494-lr7gx,1,2
1781677228,gsm-5,ttcn3-tc-26-7-4-2-2-1-1-z8zjl,1,13
1781677228,gsm-5,virtphy-b55647b48-jwmkm,6,1
1781677230,gsm-5,msc-test-stub-5b875d749d-2dpsk,1,16
1781677230,gsm-5,osmo-bsc-594654bd47-jlvm5,1,5
1781677230,gsm-5,osmo-bts-virtual-5f8b9b86fc-vtpf2,15,5
1781677230,gsm-5,osmo-hlr-546bdb8988-mf548,1,2
1781677230,gsm-5,osmo-mgw-8c8fc67d6-x9c6z,1,2
1781677230,gsm-5,osmo-mobile-59d8d55bb5-fj7g6,3,33
1781677230,gsm-5,osmo-stp-768687f494-lr7gx,1,2
1781677230,gsm-5,ttcn3-tc-26-7-4-2-2-1-1-z8zjl,1,13
1781677230,gsm-5,virtphy-b55647b48-jwmkm,6,1
1781677232,gsm-5,msc-test-stub-5b875d749d-2dpsk,1,16
1781677232,gsm-5,osmo-bsc-594654bd47-jlvm5,1,5
1781677232,gsm-5,osmo-bts-virtual-5f8b9b86fc-vtpf2,15,5
1781677232,gsm-5,osmo-hlr-546bdb8988-mf548,1,2
1781677232,gsm-5,osmo-mgw-8c8fc67d6-x9c6z,1,2
1781677232,gsm-5,osmo-mobile-59d8d55bb5-fj7g6,3,33
1781677232,gsm-5,osmo-stp-768687f494-lr7gx,1,2
1781677232,gsm-5,ttcn3-tc-26-7-4-2-2-1-1-z8zjl,1,13
1781677232,gsm-5,virtphy-b55647b48-jwmkm,6,1
1781677234,gsm-5,msc-test-stub-5b875d749d-2dpsk,1,16
1781677234,gsm-5,osmo-bsc-594654bd47-jlvm5,1,5
1781677234,gsm-5,osmo-bts-virtual-5f8b9b86fc-vtpf2,15,5
1781677234,gsm-5,osmo-hlr-546bdb8988-mf548,1,2
1781677234,gsm-5,osmo-mgw-8c8fc67d6-x9c6z,1,2
1781677234,gsm-5,osmo-mobile-59d8d55bb5-fj7g6,3,33
1781677234,gsm-5,osmo-stp-768687f494-lr7gx,1,2
1781677234,gsm-5,ttcn3-tc-26-7-4-2-2-1-1-z8zjl,1,13
1781677234,gsm-5,virtphy-b55647b48-jwmkm,6,1
1781677236,gsm-5,msc-test-stub-5b875d749d-2dpsk,1,16
1781677236,gsm-5,osmo-bsc-594654bd47-jlvm5,1,5
1781677236,gsm-5,osmo-bts-virtual-5f8b9b86fc-vtpf2,15,5
1781677236,gsm-5,osmo-hlr-546bdb8988-mf548,1,2
1781677236,gsm-5,osmo-mgw-8c8fc67d6-x9c6z,1,2
1781677236,gsm-5,osmo-mobile-59d8d55bb5-fj7g6,3,33
1781677236,gsm-5,osmo-stp-768687f494-lr7gx,1,2
1781677236,gsm-5,ttcn3-tc-26-7-4-2-2-1-1-z8zjl,1,13
1781677236,gsm-5,virtphy-b55647b48-jwmkm,6,1
1781677239,gsm-5,msc-test-stub-5b875d749d-2dpsk,1,16
1781677239,gsm-5,osmo-bsc-594654bd47-jlvm5,1,5
1781677239,gsm-5,osmo-bts-virtual-5f8b9b86fc-vtpf2,15,5
1781677239,gsm-5,osmo-hlr-546bdb8988-mf548,1,2
1781677239,gsm-5,osmo-mgw-8c8fc67d6-x9c6z,1,2
1781677239,gsm-5,osmo-mobile-59d8d55bb5-fj7g6,3,33
1781677239,gsm-5,osmo-stp-768687f494-lr7gx,1,2
1781677239,gsm-5,ttcn3-tc-26-7-4-2-2-1-1-z8zjl,1,13
1781677239,gsm-5,virtphy-b55647b48-jwmkm,6,1
1781677241,gsm-5,msc-test-stub-5b875d749d-2dpsk,1,16
1781677241,gsm-5,osmo-bsc-594654bd47-jlvm5,1,5
1781677241,gsm-5,osmo-bts-virtual-5f8b9b86fc-vtpf2,15,5
1781677241,gsm-5,osmo-hlr-546bdb8988-mf548,1,2
1781677241,gsm-5,osmo-mgw-8c8fc67d6-x9c6z,1,2
1781677241,gsm-5,osmo-mobile-59d8d55bb5-fj7g6,3,33
1781677241,gsm-5,osmo-stp-768687f494-lr7gx,1,2
1781677241,gsm-5,ttcn3-tc-26-7-4-2-2-1-1-z8zjl,1,13
1781677241,gsm-5,virtphy-b55647b48-jwmkm,6,1
1781677243,gsm-5,msc-test-stub-5b875d749d-2dpsk,1,16
1781677243,gsm-5,osmo-bsc-594654bd47-jlvm5,1,5
1781677243,gsm-5,osmo-bts-virtual-5f8b9b86fc-vtpf2,15,5
1781677243,gsm-5,osmo-hlr-546bdb8988-mf548,1,2
1781677243,gsm-5,osmo-mgw-8c8fc67d6-x9c6z,1,2
1781677243,gsm-5,osmo-mobile-59d8d55bb5-fj7g6,3,33
1781677243,gsm-5,osmo-stp-768687f494-lr7gx,1,2
1781677243,gsm-5,ttcn3-tc-26-7-4-2-2-1-1-z8zjl,1,13
1781677243,gsm-5,virtphy-b55647b48-jwmkm,6,1
1781677245,gsm-5,msc-test-stub-5b875d749d-2dpsk,1,16
1781677245,gsm-5,osmo-bsc-594654bd47-jlvm5,1,5
1781677245,gsm-5,osmo-bts-virtual-5f8b9b86fc-vtpf2,15,5
1781677245,gsm-5,osmo-hlr-546bdb8988-mf548,1,2
1781677245,gsm-5,osmo-mgw-8c8fc67d6-x9c6z,1,2
1781677245,gsm-5,osmo-mobile-59d8d55bb5-fj7g6,3,33
1781677245,gsm-5,osmo-stp-768687f494-lr7gx,1,2
1781677245,gsm-5,ttcn3-tc-26-7-4-2-2-1-1-z8zjl,1,13
1781677245,gsm-5,virtphy-b55647b48-jwmkm,6,1
1781677247,gsm-5,msc-test-stub-5b875d749d-2dpsk,1,16
1781677247,gsm-5,osmo-bsc-594654bd47-jlvm5,1,5
1781677247,gsm-5,osmo-bts-virtual-5f8b9b86fc-vtpf2,15,5
1781677247,gsm-5,osmo-hlr-546bdb8988-mf548,1,2
1781677247,gsm-5,osmo-mgw-8c8fc67d6-x9c6z,1,2
1781677247,gsm-5,osmo-mobile-59d8d55bb5-fj7g6,3,33
1781677247,gsm-5,osmo-stp-768687f494-lr7gx,1,2
1781677247,gsm-5,ttcn3-tc-26-7-4-2-2-1-1-z8zjl,1,13
1781677247,gsm-5,virtphy-b55647b48-jwmkm,6,1
1781677249,gsm-5,msc-test-stub-5b875d749d-2dpsk,1,16
1781677249,gsm-5,osmo-bsc-594654bd47-jlvm5,1,5
1781677249,gsm-5,osmo-bts-virtual-5f8b9b86fc-vtpf2,15,5
1781677249,gsm-5,osmo-hlr-546bdb8988-mf548,1,2
1781677249,gsm-5,osmo-mgw-8c8fc67d6-x9c6z,1,2
1781677249,gsm-5,osmo-mobile-59d8d55bb5-fj7g6,3,33
1781677249,gsm-5,osmo-stp-768687f494-lr7gx,1,2
1781677249,gsm-5,ttcn3-tc-26-7-4-2-2-1-1-z8zjl,1,13
1781677249,gsm-5,virtphy-b55647b48-jwmkm,6,1
1781677251,gsm-5,msc-test-stub-5b875d749d-2dpsk,1,16
1781677251,gsm-5,osmo-bsc-594654bd47-jlvm5,1,5
1781677251,gsm-5,osmo-bts-virtual-5f8b9b86fc-vtpf2,15,5
1781677251,gsm-5,osmo-hlr-546bdb8988-mf548,1,2
1781677251,gsm-5,osmo-mgw-8c8fc67d6-x9c6z,1,2
1781677251,gsm-5,osmo-mobile-59d8d55bb5-fj7g6,3,33
1781677251,gsm-5,osmo-stp-768687f494-lr7gx,1,2
1781677251,gsm-5,ttcn3-tc-26-7-4-2-2-1-1-z8zjl,1,13
1781677251,gsm-5,virtphy-b55647b48-jwmkm,6,1
1781677254,gsm-5,msc-test-stub-5b875d749d-2dpsk,1,16
1781677254,gsm-5,osmo-bsc-594654bd47-jlvm5,1,5
1781677254,gsm-5,osmo-bts-virtual-5f8b9b86fc-vtpf2,15,5
1781677254,gsm-5,osmo-hlr-546bdb8988-mf548,1,2
1781677254,gsm-5,osmo-mgw-8c8fc67d6-x9c6z,1,2
1781677254,gsm-5,osmo-mobile-59d8d55bb5-fj7g6,3,33
1781677254,gsm-5,osmo-stp-768687f494-lr7gx,1,2
1781677254,gsm-5,ttcn3-tc-26-7-4-2-2-1-1-z8zjl,1,13
1781677254,gsm-5,virtphy-b55647b48-jwmkm,6,1
1781677256,gsm-5,msc-test-stub-5b875d749d-2dpsk,1,16
1781677256,gsm-5,osmo-bsc-594654bd47-jlvm5,1,5
1781677256,gsm-5,osmo-bts-virtual-5f8b9b86fc-vtpf2,15,5
1781677256,gsm-5,osmo-hlr-546bdb8988-mf548,1,2
1781677256,gsm-5,osmo-mgw-8c8fc67d6-x9c6z,1,2
1781677256,gsm-5,osmo-mobile-59d8d55bb5-fj7g6,3,33
1781677256,gsm-5,osmo-stp-768687f494-lr7gx,1,2
1781677256,gsm-5,ttcn3-tc-26-7-4-2-2-1-1-z8zjl,1,13
1781677256,gsm-5,virtphy-b55647b48-jwmkm,6,1
1781677259,gsm-5,msc-test-stub-5b875d749d-2dpsk,1,16
1781677259,gsm-5,osmo-bsc-594654bd47-jlvm5,1,5
1781677259,gsm-5,osmo-bts-virtual-5f8b9b86fc-vtpf2,14,5
1781677259,gsm-5,osmo-hlr-546bdb8988-mf548,1,2
1781677259,gsm-5,osmo-mgw-8c8fc67d6-x9c6z,1,2
1781677259,gsm-5,osmo-mobile-59d8d55bb5-fj7g6,3,33
1781677259,gsm-5,osmo-stp-768687f494-lr7gx,1,2
1781677259,gsm-5,ttcn3-tc-26-7-4-2-2-1-1-z8zjl,1,13
1781677259,gsm-5,virtphy-b55647b48-jwmkm,6,1
1781677261,gsm-5,msc-test-stub-5b875d749d-2dpsk,1,16
1781677261,gsm-5,osmo-bsc-594654bd47-jlvm5,1,5
1781677261,gsm-5,osmo-bts-virtual-5f8b9b86fc-vtpf2,14,5
1781677261,gsm-5,osmo-hlr-546bdb8988-mf548,1,2
1781677261,gsm-5,osmo-mgw-8c8fc67d6-x9c6z,1,2
1781677261,gsm-5,osmo-mobile-59d8d55bb5-fj7g6,3,33
1781677261,gsm-5,osmo-stp-768687f494-lr7gx,1,2
1781677261,gsm-5,ttcn3-tc-26-7-4-2-2-1-1-z8zjl,1,13
1781677261,gsm-5,virtphy-b55647b48-jwmkm,6,1
1781677263,gsm-5,msc-test-stub-5b875d749d-2dpsk,1,16
1781677263,gsm-5,osmo-bsc-594654bd47-jlvm5,1,5
1781677263,gsm-5,osmo-bts-virtual-5f8b9b86fc-vtpf2,14,5
1781677263,gsm-5,osmo-hlr-546bdb8988-mf548,1,2
1781677263,gsm-5,osmo-mgw-8c8fc67d6-x9c6z,1,2
1781677263,gsm-5,osmo-mobile-59d8d55bb5-fj7g6,3,33
1781677263,gsm-5,osmo-stp-768687f494-lr7gx,1,2
1781677263,gsm-5,ttcn3-tc-26-7-4-2-2-1-1-z8zjl,1,13
1781677263,gsm-5,virtphy-b55647b48-jwmkm,6,1
1781677265,gsm-5,msc-test-stub-5b875d749d-2dpsk,1,16
1781677265,gsm-5,osmo-bsc-594654bd47-jlvm5,1,5
1781677265,gsm-5,osmo-bts-virtual-5f8b9b86fc-vtpf2,14,5
1781677265,gsm-5,osmo-hlr-546bdb8988-mf548,1,2
1781677265,gsm-5,osmo-mgw-8c8fc67d6-x9c6z,1,2
1781677265,gsm-5,osmo-mobile-59d8d55bb5-fj7g6,3,33
1781677265,gsm-5,osmo-stp-768687f494-lr7gx,1,2
1781677265,gsm-5,ttcn3-tc-26-7-4-2-2-1-1-z8zjl,1,13
1781677265,gsm-5,virtphy-b55647b48-jwmkm,6,1
1781677267,gsm-5,msc-test-stub-5b875d749d-2dpsk,1,16
1781677267,gsm-5,osmo-bsc-594654bd47-jlvm5,1,5
1781677267,gsm-5,osmo-bts-virtual-5f8b9b86fc-vtpf2,14,5
1781677267,gsm-5,osmo-hlr-546bdb8988-mf548,1,2
1781677267,gsm-5,osmo-mgw-8c8fc67d6-x9c6z,1,2
1781677267,gsm-5,osmo-mobile-59d8d55bb5-fj7g6,3,33
1781677267,gsm-5,osmo-stp-768687f494-lr7gx,1,2
1781677267,gsm-5,ttcn3-tc-26-7-4-2-2-1-1-z8zjl,1,13
1781677267,gsm-5,virtphy-b55647b48-jwmkm,6,1
1781677270,gsm-5,msc-test-stub-5b875d749d-2dpsk,1,16
1781677270,gsm-5,osmo-bsc-594654bd47-jlvm5,1,5
1781677270,gsm-5,osmo-bts-virtual-5f8b9b86fc-vtpf2,14,5
1781677270,gsm-5,osmo-hlr-546bdb8988-mf548,1,2
1781677270,gsm-5,osmo-mgw-8c8fc67d6-x9c6z,1,2
1781677270,gsm-5,osmo-mobile-59d8d55bb5-fj7g6,3,33
1781677270,gsm-5,osmo-stp-768687f494-lr7gx,1,2
1781677270,gsm-5,ttcn3-tc-26-7-4-2-2-1-1-z8zjl,1,13
1781677270,gsm-5,virtphy-b55647b48-jwmkm,6,1
1781677272,gsm-5,msc-test-stub-5b875d749d-2dpsk,1,16
1781677272,gsm-5,osmo-bsc-594654bd47-jlvm5,1,5
1781677272,gsm-5,osmo-bts-virtual-5f8b9b86fc-vtpf2,14,5
1781677272,gsm-5,osmo-hlr-546bdb8988-mf548,1,2
1781677272,gsm-5,osmo-mgw-8c8fc67d6-x9c6z,1,2
1781677272,gsm-5,osmo-mobile-59d8d55bb5-fj7g6,3,33
1781677272,gsm-5,osmo-stp-768687f494-lr7gx,1,2
1781677272,gsm-5,ttcn3-tc-26-7-4-2-2-1-1-z8zjl,1,13
1781677272,gsm-5,virtphy-b55647b48-jwmkm,6,1
1781677274,gsm-5,msc-test-stub-5b875d749d-2dpsk,1,16
1781677274,gsm-5,osmo-bsc-594654bd47-jlvm5,1,5
1781677274,gsm-5,osmo-bts-virtual-5f8b9b86fc-vtpf2,14,5
1781677274,gsm-5,osmo-hlr-546bdb8988-mf548,1,2
1781677274,gsm-5,osmo-mgw-8c8fc67d6-x9c6z,1,2
1781677274,gsm-5,osmo-mobile-59d8d55bb5-fj7g6,3,33
1781677274,gsm-5,osmo-stp-768687f494-lr7gx,1,2
1781677274,gsm-5,ttcn3-tc-26-7-4-2-2-1-1-z8zjl,1,13
1781677274,gsm-5,virtphy-b55647b48-jwmkm,6,1
1781677276,gsm-5,msc-test-stub-5b875d749d-2dpsk,1,16
1781677276,gsm-5,osmo-bsc-594654bd47-jlvm5,1,5
1781677276,gsm-5,osmo-bts-virtual-5f8b9b86fc-vtpf2,14,5
1781677276,gsm-5,osmo-hlr-546bdb8988-mf548,1,2
1781677276,gsm-5,osmo-mgw-8c8fc67d6-x9c6z,1,2
1781677276,gsm-5,osmo-mobile-59d8d55bb5-fj7g6,3,33
1781677276,gsm-5,osmo-stp-768687f494-lr7gx,1,2
1781677276,gsm-5,ttcn3-tc-26-7-4-2-2-1-1-z8zjl,1,13
1781677276,gsm-5,virtphy-b55647b48-jwmkm,6,1
1781677278,gsm-5,msc-test-stub-5b875d749d-2dpsk,1,16
1781677278,gsm-5,osmo-bsc-594654bd47-jlvm5,1,5
1781677278,gsm-5,osmo-bts-virtual-5f8b9b86fc-vtpf2,14,5
1781677278,gsm-5,osmo-hlr-546bdb8988-mf548,1,2
1781677278,gsm-5,osmo-mgw-8c8fc67d6-x9c6z,1,2
1781677278,gsm-5,osmo-mobile-59d8d55bb5-fj7g6,3,33
1781677278,gsm-5,osmo-stp-768687f494-lr7gx,1,2
1781677278,gsm-5,ttcn3-tc-26-7-4-2-2-1-1-z8zjl,1,13
1781677278,gsm-5,virtphy-b55647b48-jwmkm,6,1
1781677281,gsm-5,msc-test-stub-5b875d749d-2dpsk,1,16
1781677281,gsm-5,osmo-bsc-594654bd47-jlvm5,1,5
1781677281,gsm-5,osmo-bts-virtual-5f8b9b86fc-vtpf2,14,5
1781677281,gsm-5,osmo-hlr-546bdb8988-mf548,1,2
1781677281,gsm-5,osmo-mgw-8c8fc67d6-x9c6z,1,2
1781677281,gsm-5,osmo-mobile-59d8d55bb5-fj7g6,3,33
1781677281,gsm-5,osmo-stp-768687f494-lr7gx,1,2
1781677281,gsm-5,ttcn3-tc-26-7-4-2-2-1-1-z8zjl,1,13
1781677281,gsm-5,virtphy-b55647b48-jwmkm,6,1
1781677283,gsm-5,msc-test-stub-5b875d749d-2dpsk,1,16
1781677283,gsm-5,osmo-bsc-594654bd47-jlvm5,1,5
1781677283,gsm-5,osmo-bts-virtual-5f8b9b86fc-vtpf2,14,5
1781677283,gsm-5,osmo-hlr-546bdb8988-mf548,1,2
1781677283,gsm-5,osmo-mgw-8c8fc67d6-x9c6z,1,2
1781677283,gsm-5,osmo-mobile-59d8d55bb5-fj7g6,3,33
1781677283,gsm-5,osmo-stp-768687f494-lr7gx,1,2
1781677283,gsm-5,ttcn3-tc-26-7-4-2-2-1-1-z8zjl,1,13
1781677283,gsm-5,virtphy-b55647b48-jwmkm,6,1
1781677285,gsm-5,msc-test-stub-5b875d749d-2dpsk,1,16
1781677285,gsm-5,osmo-bsc-594654bd47-jlvm5,1,5
1781677285,gsm-5,osmo-bts-virtual-5f8b9b86fc-vtpf2,14,5
1781677285,gsm-5,osmo-hlr-546bdb8988-mf548,1,2
1781677285,gsm-5,osmo-mgw-8c8fc67d6-x9c6z,1,2
1781677285,gsm-5,osmo-mobile-59d8d55bb5-fj7g6,3,33
1781677285,gsm-5,osmo-stp-768687f494-lr7gx,1,2
1781677285,gsm-5,ttcn3-tc-26-7-4-2-2-1-1-z8zjl,1,13
1781677285,gsm-5,virtphy-b55647b48-jwmkm,6,1
1781677287,gsm-5,msc-test-stub-5b875d749d-2dpsk,1,16
1781677287,gsm-5,osmo-bsc-594654bd47-jlvm5,1,5
1781677287,gsm-5,osmo-bts-virtual-5f8b9b86fc-vtpf2,14,5
1781677287,gsm-5,osmo-hlr-546bdb8988-mf548,1,2
1781677287,gsm-5,osmo-mgw-8c8fc67d6-x9c6z,1,2
1781677287,gsm-5,osmo-mobile-59d8d55bb5-fj7g6,3,33
1781677287,gsm-5,osmo-stp-768687f494-lr7gx,1,2
1781677287,gsm-5,ttcn3-tc-26-7-4-2-2-1-1-z8zjl,1,13
1781677287,gsm-5,virtphy-b55647b48-jwmkm,6,1
1781677289,gsm-5,msc-test-stub-5b875d749d-2dpsk,1,16
1781677289,gsm-5,osmo-bsc-594654bd47-jlvm5,1,5
1781677289,gsm-5,osmo-bts-virtual-5f8b9b86fc-vtpf2,14,5
1781677289,gsm-5,osmo-hlr-546bdb8988-mf548,1,2
1781677289,gsm-5,osmo-mgw-8c8fc67d6-x9c6z,1,2
1781677289,gsm-5,osmo-mobile-59d8d55bb5-fj7g6,3,33
1781677289,gsm-5,osmo-stp-768687f494-lr7gx,1,2
1781677289,gsm-5,ttcn3-tc-26-7-4-2-2-1-1-z8zjl,1,13
1781677289,gsm-5,virtphy-b55647b48-jwmkm,6,1
1781677291,gsm-5,msc-test-stub-5b875d749d-2dpsk,1,16
1781677291,gsm-5,osmo-bsc-594654bd47-jlvm5,1,5
1781677291,gsm-5,osmo-bts-virtual-5f8b9b86fc-vtpf2,14,5
1781677291,gsm-5,osmo-hlr-546bdb8988-mf548,1,2
1781677291,gsm-5,osmo-mgw-8c8fc67d6-x9c6z,1,2
1781677291,gsm-5,osmo-mobile-59d8d55bb5-fj7g6,3,33
1781677291,gsm-5,osmo-stp-768687f494-lr7gx,1,2
1781677291,gsm-5,ttcn3-tc-26-7-4-2-2-1-1-z8zjl,1,13
1781677291,gsm-5,virtphy-b55647b48-jwmkm,6,1
1781677293,gsm-5,msc-test-stub-5b875d749d-2dpsk,1,16
1781677293,gsm-5,osmo-bsc-594654bd47-jlvm5,1,5
1781677293,gsm-5,osmo-bts-virtual-5f8b9b86fc-vtpf2,14,5
1781677293,gsm-5,osmo-hlr-546bdb8988-mf548,1,2
1781677293,gsm-5,osmo-mgw-8c8fc67d6-x9c6z,1,2
1781677293,gsm-5,osmo-mobile-59d8d55bb5-fj7g6,3,33
1781677293,gsm-5,osmo-stp-768687f494-lr7gx,1,2
1781677293,gsm-5,ttcn3-tc-26-7-4-2-2-1-1-z8zjl,1,13
1781677293,gsm-5,virtphy-b55647b48-jwmkm,6,1
1781677295,gsm-5,msc-test-stub-5b875d749d-2dpsk,1,16
1781677295,gsm-5,osmo-bsc-594654bd47-jlvm5,1,5
1781677295,gsm-5,osmo-bts-virtual-5f8b9b86fc-vtpf2,14,5
1781677295,gsm-5,osmo-hlr-546bdb8988-mf548,1,2
1781677295,gsm-5,osmo-mgw-8c8fc67d6-x9c6z,1,2
1781677295,gsm-5,osmo-mobile-59d8d55bb5-fj7g6,3,33
1781677295,gsm-5,osmo-stp-768687f494-lr7gx,1,2
1781677295,gsm-5,ttcn3-tc-26-7-4-2-2-1-1-z8zjl,1,13
1781677295,gsm-5,virtphy-b55647b48-jwmkm,6,1
1781677297,gsm-5,msc-test-stub-5b875d749d-2dpsk,1,16
1781677297,gsm-5,osmo-bsc-594654bd47-jlvm5,1,5
1781677297,gsm-5,osmo-bts-virtual-5f8b9b86fc-vtpf2,14,5
1781677297,gsm-5,osmo-hlr-546bdb8988-mf548,1,2
1781677297,gsm-5,osmo-mgw-8c8fc67d6-x9c6z,1,2
1781677297,gsm-5,osmo-mobile-59d8d55bb5-fj7g6,3,33
1781677297,gsm-5,osmo-stp-768687f494-lr7gx,1,2
1781677297,gsm-5,ttcn3-tc-26-7-4-2-2-1-1-z8zjl,1,13
1781677297,gsm-5,virtphy-b55647b48-jwmkm,6,1
1781677300,gsm-5,msc-test-stub-5b875d749d-2dpsk,1,16
1781677300,gsm-5,osmo-bsc-594654bd47-jlvm5,1,5
1781677300,gsm-5,osmo-bts-virtual-5f8b9b86fc-vtpf2,14,5
1781677300,gsm-5,osmo-hlr-546bdb8988-mf548,1,2
1781677300,gsm-5,osmo-mgw-8c8fc67d6-x9c6z,1,2
1781677300,gsm-5,osmo-mobile-59d8d55bb5-fj7g6,3,33
1781677300,gsm-5,osmo-stp-768687f494-lr7gx,1,2
1781677300,gsm-5,ttcn3-tc-26-7-4-2-2-1-1-z8zjl,1,13
1781677300,gsm-5,virtphy-b55647b48-jwmkm,6,1
1781677302,gsm-5,msc-test-stub-5b875d749d-2dpsk,1,16
1781677302,gsm-5,osmo-bsc-594654bd47-jlvm5,1,5
1781677302,gsm-5,osmo-bts-virtual-5f8b9b86fc-vtpf2,14,5
1781677302,gsm-5,osmo-hlr-546bdb8988-mf548,1,2
1781677302,gsm-5,osmo-mgw-8c8fc67d6-x9c6z,1,2
1781677302,gsm-5,osmo-mobile-59d8d55bb5-fj7g6,3,33
1781677302,gsm-5,osmo-stp-768687f494-lr7gx,1,2
1781677302,gsm-5,ttcn3-tc-26-7-4-2-2-1-1-z8zjl,1,13
1781677302,gsm-5,virtphy-b55647b48-jwmkm,6,1
1781677304,gsm-5,msc-test-stub-5b875d749d-2dpsk,1,16
1781677304,gsm-5,osmo-bsc-594654bd47-jlvm5,1,5
1781677304,gsm-5,osmo-bts-virtual-5f8b9b86fc-vtpf2,14,5
1781677304,gsm-5,osmo-hlr-546bdb8988-mf548,1,2
1781677304,gsm-5,osmo-mgw-8c8fc67d6-x9c6z,1,2
1781677304,gsm-5,osmo-mobile-59d8d55bb5-fj7g6,3,33
1781677304,gsm-5,osmo-stp-768687f494-lr7gx,1,2
1781677304,gsm-5,ttcn3-tc-26-7-4-2-2-1-1-z8zjl,1,13
1781677304,gsm-5,virtphy-b55647b48-jwmkm,6,1
1781677307,gsm-5,msc-test-stub-5b875d749d-2dpsk,1,16
1781677307,gsm-5,osmo-bsc-594654bd47-jlvm5,1,5
1781677307,gsm-5,osmo-bts-virtual-5f8b9b86fc-vtpf2,14,5
1781677307,gsm-5,osmo-hlr-546bdb8988-mf548,1,2
1781677307,gsm-5,osmo-mgw-8c8fc67d6-x9c6z,1,2
1781677307,gsm-5,osmo-mobile-59d8d55bb5-fj7g6,3,33
1781677307,gsm-5,osmo-stp-768687f494-lr7gx,1,2
1781677307,gsm-5,ttcn3-tc-26-7-4-2-2-1-1-z8zjl,1,13
1781677307,gsm-5,virtphy-b55647b48-jwmkm,6,1
1781677309,gsm-5,msc-test-stub-5b875d749d-2dpsk,1,16
1781677309,gsm-5,osmo-bsc-594654bd47-jlvm5,1,5
1781677309,gsm-5,osmo-bts-virtual-5f8b9b86fc-vtpf2,14,5
1781677309,gsm-5,osmo-hlr-546bdb8988-mf548,1,2
1781677309,gsm-5,osmo-mgw-8c8fc67d6-x9c6z,1,2
1781677309,gsm-5,osmo-mobile-59d8d55bb5-fj7g6,3,33
1781677309,gsm-5,osmo-stp-768687f494-lr7gx,1,2
1781677309,gsm-5,ttcn3-tc-26-7-4-2-2-1-1-z8zjl,1,13
1781677309,gsm-5,virtphy-b55647b48-jwmkm,6,1
1781677311,gsm-5,msc-test-stub-5b875d749d-2dpsk,1,16
1781677311,gsm-5,osmo-bsc-594654bd47-jlvm5,1,5
1781677311,gsm-5,osmo-bts-virtual-5f8b9b86fc-vtpf2,14,5
1781677311,gsm-5,osmo-hlr-546bdb8988-mf548,1,2
1781677311,gsm-5,osmo-mgw-8c8fc67d6-x9c6z,1,2
1781677311,gsm-5,osmo-mobile-59d8d55bb5-fj7g6,3,33
1781677311,gsm-5,osmo-stp-768687f494-lr7gx,1,2
1781677311,gsm-5,ttcn3-tc-26-7-4-2-2-1-1-z8zjl,1,13
1781677311,gsm-5,virtphy-b55647b48-jwmkm,6,1
1781677313,gsm-5,msc-test-stub-5b875d749d-2dpsk,1,16
1781677313,gsm-5,osmo-bsc-594654bd47-jlvm5,1,5
1781677313,gsm-5,osmo-bts-virtual-5f8b9b86fc-vtpf2,14,5
1781677313,gsm-5,osmo-hlr-546bdb8988-mf548,1,2
1781677313,gsm-5,osmo-mgw-8c8fc67d6-x9c6z,1,2
1781677313,gsm-5,osmo-mobile-59d8d55bb5-fj7g6,3,33
1781677313,gsm-5,osmo-stp-768687f494-lr7gx,1,2
1781677313,gsm-5,ttcn3-tc-26-7-4-2-2-1-1-z8zjl,1,13
1781677313,gsm-5,virtphy-b55647b48-jwmkm,6,1
1781677316,gsm-5,msc-test-stub-5b875d749d-2dpsk,1,16
1781677316,gsm-5,osmo-bsc-594654bd47-jlvm5,1,5
1781677316,gsm-5,osmo-bts-virtual-5f8b9b86fc-vtpf2,14,5
1781677316,gsm-5,osmo-hlr-546bdb8988-mf548,1,2
1781677316,gsm-5,osmo-mgw-8c8fc67d6-x9c6z,1,2
1781677316,gsm-5,osmo-mobile-59d8d55bb5-fj7g6,3,33
1781677316,gsm-5,osmo-stp-768687f494-lr7gx,1,2
1781677316,gsm-5,ttcn3-tc-26-7-4-2-2-1-1-z8zjl,1,13
1781677316,gsm-5,virtphy-b55647b48-jwmkm,6,1
1781677318,gsm-5,msc-test-stub-5b875d749d-2dpsk,1,16
1781677318,gsm-5,osmo-bsc-594654bd47-jlvm5,1,5
1781677318,gsm-5,osmo-bts-virtual-5f8b9b86fc-vtpf2,14,5
1781677318,gsm-5,osmo-hlr-546bdb8988-mf548,1,2
1781677318,gsm-5,osmo-mgw-8c8fc67d6-x9c6z,1,2
1781677318,gsm-5,osmo-mobile-59d8d55bb5-fj7g6,3,33
1781677318,gsm-5,osmo-stp-768687f494-lr7gx,1,2
1781677318,gsm-5,ttcn3-tc-26-7-4-2-2-1-1-z8zjl,1,13
1781677318,gsm-5,virtphy-b55647b48-jwmkm,7,1
1781677321,gsm-5,msc-test-stub-5b875d749d-2dpsk,1,16
1781677321,gsm-5,osmo-bsc-594654bd47-jlvm5,1,5
1781677321,gsm-5,osmo-bts-virtual-5f8b9b86fc-vtpf2,14,5
1781677321,gsm-5,osmo-hlr-546bdb8988-mf548,1,2
1781677321,gsm-5,osmo-mgw-8c8fc67d6-x9c6z,1,2
1781677321,gsm-5,osmo-mobile-59d8d55bb5-fj7g6,3,33
1781677321,gsm-5,osmo-stp-768687f494-lr7gx,1,2
1781677321,gsm-5,ttcn3-tc-26-7-4-2-2-1-1-z8zjl,1,13
1781677321,gsm-5,virtphy-b55647b48-jwmkm,7,1
1781677323,gsm-5,msc-test-stub-5b875d749d-2dpsk,1,16
1781677323,gsm-5,osmo-bsc-594654bd47-jlvm5,1,5
1781677323,gsm-5,osmo-bts-virtual-5f8b9b86fc-vtpf2,14,5
1781677323,gsm-5,osmo-hlr-546bdb8988-mf548,1,2
1781677323,gsm-5,osmo-mgw-8c8fc67d6-x9c6z,1,2
1781677323,gsm-5,osmo-mobile-59d8d55bb5-fj7g6,3,33
1781677323,gsm-5,osmo-stp-768687f494-lr7gx,1,2
1781677323,gsm-5,ttcn3-tc-26-7-4-2-2-1-1-z8zjl,1,13
1781677323,gsm-5,virtphy-b55647b48-jwmkm,7,1
1781677325,gsm-5,msc-test-stub-5b875d749d-2dpsk,1,16
1781677325,gsm-5,osmo-bsc-594654bd47-jlvm5,1,5
1781677325,gsm-5,osmo-bts-virtual-5f8b9b86fc-vtpf2,14,5
1781677325,gsm-5,osmo-hlr-546bdb8988-mf548,1,2
1781677325,gsm-5,osmo-mgw-8c8fc67d6-x9c6z,1,2
1781677325,gsm-5,osmo-mobile-59d8d55bb5-fj7g6,3,33
1781677325,gsm-5,osmo-stp-768687f494-lr7gx,1,2
1781677325,gsm-5,ttcn3-tc-26-7-4-2-2-1-1-z8zjl,1,13
1781677325,gsm-5,virtphy-b55647b48-jwmkm,7,1
1781677328,gsm-5,msc-test-stub-5b875d749d-2dpsk,1,16
1781677328,gsm-5,osmo-bsc-594654bd47-jlvm5,1,5
1781677328,gsm-5,osmo-bts-virtual-5f8b9b86fc-vtpf2,14,5
1781677328,gsm-5,osmo-hlr-546bdb8988-mf548,1,2
1781677328,gsm-5,osmo-mgw-8c8fc67d6-x9c6z,1,2
1781677328,gsm-5,osmo-mobile-59d8d55bb5-fj7g6,3,33
1781677328,gsm-5,osmo-stp-768687f494-lr7gx,1,2
1781677328,gsm-5,ttcn3-tc-26-7-4-2-2-1-1-z8zjl,1,13
1781677328,gsm-5,virtphy-b55647b48-jwmkm,7,1
1781677330,gsm-5,msc-test-stub-5b875d749d-2dpsk,1,16
1781677330,gsm-5,osmo-bsc-594654bd47-jlvm5,1,5
1781677330,gsm-5,osmo-bts-virtual-5f8b9b86fc-vtpf2,14,5
1781677330,gsm-5,osmo-hlr-546bdb8988-mf548,1,2
1781677330,gsm-5,osmo-mgw-8c8fc67d6-x9c6z,1,2
1781677330,gsm-5,osmo-mobile-59d8d55bb5-fj7g6,3,33
1781677330,gsm-5,osmo-stp-768687f494-lr7gx,1,2
1781677330,gsm-5,ttcn3-tc-26-7-4-2-2-1-1-z8zjl,1,13
1781677330,gsm-5,virtphy-b55647b48-jwmkm,7,1
1781677332,gsm-5,msc-test-stub-5b875d749d-2dpsk,1,16
1781677332,gsm-5,osmo-bsc-594654bd47-jlvm5,1,5
1781677332,gsm-5,osmo-bts-virtual-5f8b9b86fc-vtpf2,14,5
1781677332,gsm-5,osmo-hlr-546bdb8988-mf548,1,2
1781677332,gsm-5,osmo-mgw-8c8fc67d6-x9c6z,1,2
1781677332,gsm-5,osmo-mobile-59d8d55bb5-fj7g6,3,33
1781677332,gsm-5,osmo-stp-768687f494-lr7gx,1,2
1781677332,gsm-5,ttcn3-tc-26-7-4-2-2-1-1-z8zjl,1,13
1781677332,gsm-5,virtphy-b55647b48-jwmkm,7,1
1781677334,gsm-5,msc-test-stub-5b875d749d-2dpsk,1,16
1781677334,gsm-5,osmo-bsc-594654bd47-jlvm5,1,5
1781677334,gsm-5,osmo-bts-virtual-5f8b9b86fc-vtpf2,14,5
1781677334,gsm-5,osmo-hlr-546bdb8988-mf548,1,2
1781677334,gsm-5,osmo-mgw-8c8fc67d6-x9c6z,1,2
1781677334,gsm-5,osmo-mobile-59d8d55bb5-fj7g6,3,33
1781677334,gsm-5,osmo-stp-768687f494-lr7gx,1,2
1781677334,gsm-5,ttcn3-tc-26-7-4-2-2-1-1-z8zjl,1,13
1781677334,gsm-5,virtphy-b55647b48-jwmkm,6,1
1781677336,gsm-5,msc-test-stub-5b875d749d-2dpsk,1,16
1781677336,gsm-5,osmo-bsc-594654bd47-jlvm5,1,5
1781677336,gsm-5,osmo-bts-virtual-5f8b9b86fc-vtpf2,14,5
1781677336,gsm-5,osmo-hlr-546bdb8988-mf548,1,2
1781677336,gsm-5,osmo-mgw-8c8fc67d6-x9c6z,1,2
1781677336,gsm-5,osmo-mobile-59d8d55bb5-fj7g6,3,33
1781677336,gsm-5,osmo-stp-768687f494-lr7gx,1,2
1781677336,gsm-5,ttcn3-tc-26-7-4-2-2-1-1-z8zjl,1,13
1781677336,gsm-5,virtphy-b55647b48-jwmkm,6,1
1781677338,gsm-5,msc-test-stub-5b875d749d-2dpsk,1,16
1781677338,gsm-5,osmo-bsc-594654bd47-jlvm5,1,5
1781677338,gsm-5,osmo-bts-virtual-5f8b9b86fc-vtpf2,14,5
1781677338,gsm-5,osmo-hlr-546bdb8988-mf548,1,2
1781677338,gsm-5,osmo-mgw-8c8fc67d6-x9c6z,1,2
1781677338,gsm-5,osmo-mobile-59d8d55bb5-fj7g6,3,33
1781677338,gsm-5,osmo-stp-768687f494-lr7gx,1,2
1781677338,gsm-5,ttcn3-tc-26-7-4-2-2-1-1-z8zjl,1,13
1781677338,gsm-5,virtphy-b55647b48-jwmkm,6,1
1781677340,gsm-5,msc-test-stub-5b875d749d-2dpsk,1,16
1781677340,gsm-5,osmo-bsc-594654bd47-jlvm5,1,5
1781677340,gsm-5,osmo-bts-virtual-5f8b9b86fc-vtpf2,14,5
1781677340,gsm-5,osmo-hlr-546bdb8988-mf548,1,2
1781677340,gsm-5,osmo-mgw-8c8fc67d6-x9c6z,1,2
1781677340,gsm-5,osmo-mobile-59d8d55bb5-fj7g6,3,33
1781677340,gsm-5,osmo-stp-768687f494-lr7gx,1,2
1781677340,gsm-5,ttcn3-tc-26-7-4-2-2-1-1-z8zjl,1,13
1781677340,gsm-5,virtphy-b55647b48-jwmkm,6,1
1781677343,gsm-5,msc-test-stub-5b875d749d-2dpsk,1,16
1781677343,gsm-5,osmo-bsc-594654bd47-jlvm5,1,5
1781677343,gsm-5,osmo-bts-virtual-5f8b9b86fc-vtpf2,14,5
1781677343,gsm-5,osmo-hlr-546bdb8988-mf548,1,2
1781677343,gsm-5,osmo-mgw-8c8fc67d6-x9c6z,1,2
1781677343,gsm-5,osmo-mobile-59d8d55bb5-fj7g6,3,33
1781677343,gsm-5,osmo-stp-768687f494-lr7gx,1,2
1781677343,gsm-5,ttcn3-tc-26-7-4-2-2-1-1-z8zjl,1,13
1781677343,gsm-5,virtphy-b55647b48-jwmkm,6,1
1781677345,gsm-5,msc-test-stub-5b875d749d-2dpsk,1,16
1781677345,gsm-5,osmo-bsc-594654bd47-jlvm5,1,5
1781677345,gsm-5,osmo-bts-virtual-5f8b9b86fc-vtpf2,14,5
1781677345,gsm-5,osmo-hlr-546bdb8988-mf548,1,2
1781677345,gsm-5,osmo-mgw-8c8fc67d6-x9c6z,1,2
1781677345,gsm-5,osmo-mobile-59d8d55bb5-fj7g6,3,33
1781677345,gsm-5,osmo-stp-768687f494-lr7gx,1,2
1781677345,gsm-5,ttcn3-tc-26-7-4-2-2-1-1-z8zjl,1,13
1781677345,gsm-5,virtphy-b55647b48-jwmkm,6,1
1781677347,gsm-5,msc-test-stub-5b875d749d-2dpsk,1,16
1781677347,gsm-5,osmo-bsc-594654bd47-jlvm5,1,5
1781677347,gsm-5,osmo-bts-virtual-5f8b9b86fc-vtpf2,15,5
1781677347,gsm-5,osmo-hlr-546bdb8988-mf548,1,2
1781677347,gsm-5,osmo-mgw-8c8fc67d6-x9c6z,1,2
1781677347,gsm-5,osmo-mobile-59d8d55bb5-fj7g6,5,35
1781677347,gsm-5,osmo-stp-768687f494-lr7gx,1,2
1781677347,gsm-5,ttcn3-tc-26-7-4-2-2-1-1-z8zjl,1,13
1781677347,gsm-5,virtphy-b55647b48-jwmkm,6,1
1781677350,gsm-5,msc-test-stub-5b875d749d-2dpsk,1,16
1781677350,gsm-5,osmo-bsc-594654bd47-jlvm5,1,5
1781677350,gsm-5,osmo-bts-virtual-5f8b9b86fc-vtpf2,15,5
1781677350,gsm-5,osmo-hlr-546bdb8988-mf548,1,2
1781677350,gsm-5,osmo-mgw-8c8fc67d6-x9c6z,1,2
1781677350,gsm-5,osmo-mobile-59d8d55bb5-fj7g6,5,35
1781677350,gsm-5,osmo-stp-768687f494-lr7gx,1,2
1781677350,gsm-5,ttcn3-tc-26-7-4-2-2-1-1-z8zjl,1,13
1781677350,gsm-5,virtphy-b55647b48-jwmkm,6,1
1781677353,gsm-5,msc-test-stub-5b875d749d-2dpsk,1,16
1781677353,gsm-5,osmo-bsc-594654bd47-jlvm5,1,5
1781677353,gsm-5,osmo-bts-virtual-5f8b9b86fc-vtpf2,15,5
1781677353,gsm-5,osmo-hlr-546bdb8988-mf548,1,2
1781677353,gsm-5,osmo-mgw-8c8fc67d6-x9c6z,1,2
1781677353,gsm-5,osmo-mobile-59d8d55bb5-fj7g6,5,35
1781677353,gsm-5,osmo-stp-768687f494-lr7gx,1,2
1781677353,gsm-5,ttcn3-tc-26-7-4-2-2-1-1-z8zjl,1,13
1781677353,gsm-5,virtphy-b55647b48-jwmkm,6,1
1781677355,gsm-5,msc-test-stub-5b875d749d-2dpsk,1,16
1781677355,gsm-5,osmo-bsc-594654bd47-jlvm5,1,5
1781677355,gsm-5,osmo-bts-virtual-5f8b9b86fc-vtpf2,15,5
1781677355,gsm-5,osmo-hlr-546bdb8988-mf548,1,2
1781677355,gsm-5,osmo-mgw-8c8fc67d6-x9c6z,1,2
1781677355,gsm-5,osmo-mobile-59d8d55bb5-fj7g6,5,35
1781677355,gsm-5,osmo-stp-768687f494-lr7gx,1,2
1781677355,gsm-5,ttcn3-tc-26-7-4-2-2-1-1-z8zjl,1,13
1781677355,gsm-5,virtphy-b55647b48-jwmkm,6,1
1781677357,gsm-5,msc-test-stub-5b875d749d-2dpsk,1,16
1781677357,gsm-5,osmo-bsc-594654bd47-jlvm5,1,5
1781677357,gsm-5,osmo-bts-virtual-5f8b9b86fc-vtpf2,15,5
1781677357,gsm-5,osmo-hlr-546bdb8988-mf548,1,2
1781677357,gsm-5,osmo-mgw-8c8fc67d6-x9c6z,1,2
1781677357,gsm-5,osmo-mobile-59d8d55bb5-fj7g6,5,35
1781677357,gsm-5,osmo-stp-768687f494-lr7gx,1,2
1781677357,gsm-5,ttcn3-tc-26-7-4-2-2-1-1-z8zjl,1,13
1781677357,gsm-5,virtphy-b55647b48-jwmkm,6,1
1781677359,gsm-5,msc-test-stub-5b875d749d-2dpsk,1,16
1781677359,gsm-5,osmo-bsc-594654bd47-jlvm5,1,5
1781677359,gsm-5,osmo-bts-virtual-5f8b9b86fc-vtpf2,15,5
1781677359,gsm-5,osmo-hlr-546bdb8988-mf548,1,2
1781677359,gsm-5,osmo-mgw-8c8fc67d6-x9c6z,1,2
1781677359,gsm-5,osmo-mobile-59d8d55bb5-fj7g6,5,35
1781677359,gsm-5,osmo-stp-768687f494-lr7gx,1,2
1781677359,gsm-5,ttcn3-tc-26-7-4-2-2-1-1-z8zjl,1,13
1781677359,gsm-5,virtphy-b55647b48-jwmkm,6,1
1781677362,gsm-5,osmo-bsc-594654bd47-jlvm5,1,5
1781677362,gsm-5,osmo-bts-virtual-5f8b9b86fc-vtpf2,14,5
1781677362,gsm-5,osmo-hlr-546bdb8988-mf548,1,2
1781677362,gsm-5,osmo-mgw-8c8fc67d6-x9c6z,1,2
1781677362,gsm-5,osmo-mobile-59d8d55bb5-fj7g6,3,35
1781677362,gsm-5,osmo-stp-768687f494-lr7gx,1,2
1781677362,gsm-5,ttcn3-tc-26-7-4-2-2-1-1-z8zjl,1,13
1781677362,gsm-5,virtphy-b55647b48-jwmkm,6,1
1781677364,gsm-5,osmo-bsc-594654bd47-jlvm5,1,5
1781677364,gsm-5,osmo-bts-virtual-5f8b9b86fc-vtpf2,14,5
1781677364,gsm-5,osmo-hlr-546bdb8988-mf548,1,2
1781677364,gsm-5,osmo-mgw-8c8fc67d6-x9c6z,1,2
1781677364,gsm-5,osmo-mobile-59d8d55bb5-fj7g6,3,35
1781677364,gsm-5,osmo-stp-768687f494-lr7gx,1,2
1781677364,gsm-5,ttcn3-tc-26-7-4-2-2-1-1-z8zjl,1,13
1781677364,gsm-5,virtphy-b55647b48-jwmkm,6,1
1781677366,gsm-5,osmo-bsc-594654bd47-jlvm5,1,5
1781677366,gsm-5,osmo-bts-virtual-5f8b9b86fc-vtpf2,14,5
1781677366,gsm-5,osmo-hlr-546bdb8988-mf548,1,2
1781677366,gsm-5,osmo-mgw-8c8fc67d6-x9c6z,1,2
1781677366,gsm-5,osmo-mobile-59d8d55bb5-fj7g6,3,35
1781677366,gsm-5,osmo-stp-768687f494-lr7gx,1,2
1781677366,gsm-5,ttcn3-tc-26-7-4-2-2-1-1-z8zjl,1,13
1781677366,gsm-5,virtphy-b55647b48-jwmkm,6,1
1781677368,gsm-5,osmo-bsc-594654bd47-jlvm5,1,5
1781677368,gsm-5,osmo-bts-virtual-5f8b9b86fc-vtpf2,14,5
1781677368,gsm-5,osmo-hlr-546bdb8988-mf548,1,2
1781677368,gsm-5,osmo-mgw-8c8fc67d6-x9c6z,1,2
1781677368,gsm-5,osmo-mobile-59d8d55bb5-fj7g6,3,35
1781677368,gsm-5,osmo-stp-768687f494-lr7gx,1,2
1781677368,gsm-5,ttcn3-tc-26-7-4-2-2-1-1-z8zjl,1,13
1781677368,gsm-5,virtphy-b55647b48-jwmkm,6,1
1781677370,gsm-5,osmo-bsc-594654bd47-jlvm5,1,5
1781677370,gsm-5,osmo-bts-virtual-5f8b9b86fc-vtpf2,14,5
1781677370,gsm-5,osmo-hlr-546bdb8988-mf548,1,2
1781677370,gsm-5,osmo-mgw-8c8fc67d6-x9c6z,1,2
1781677370,gsm-5,osmo-mobile-59d8d55bb5-fj7g6,3,35
1781677370,gsm-5,osmo-stp-768687f494-lr7gx,1,2
1781677370,gsm-5,ttcn3-tc-26-7-4-2-2-1-1-z8zjl,1,13
1781677370,gsm-5,virtphy-b55647b48-jwmkm,6,1
1781677372,gsm-5,osmo-bsc-594654bd47-jlvm5,1,5
1781677372,gsm-5,osmo-bts-virtual-5f8b9b86fc-vtpf2,14,5
1781677372,gsm-5,osmo-hlr-546bdb8988-mf548,1,2
1781677372,gsm-5,osmo-mgw-8c8fc67d6-x9c6z,1,2
1781677372,gsm-5,osmo-mobile-59d8d55bb5-fj7g6,3,35
1781677372,gsm-5,osmo-stp-768687f494-lr7gx,1,2
1781677372,gsm-5,ttcn3-tc-26-7-4-2-2-1-1-z8zjl,1,13
1781677372,gsm-5,virtphy-b55647b48-jwmkm,6,1
1781677375,gsm-5,osmo-bsc-594654bd47-jlvm5,1,5
1781677375,gsm-5,osmo-bts-virtual-5f8b9b86fc-vtpf2,14,5
1781677375,gsm-5,osmo-hlr-546bdb8988-mf548,1,2
1781677375,gsm-5,osmo-mgw-8c8fc67d6-x9c6z,1,2
1781677375,gsm-5,osmo-mobile-59d8d55bb5-fj7g6,3,35
1781677375,gsm-5,osmo-stp-768687f494-lr7gx,1,2
1781677375,gsm-5,ttcn3-tc-26-7-4-2-2-1-1-z8zjl,1,13
1781677375,gsm-5,virtphy-b55647b48-jwmkm,6,1
1781677377,gsm-5,osmo-bsc-594654bd47-jlvm5,1,5
1781677377,gsm-5,osmo-bts-virtual-5f8b9b86fc-vtpf2,14,5
1781677377,gsm-5,osmo-hlr-546bdb8988-mf548,1,2
1781677377,gsm-5,osmo-mgw-8c8fc67d6-x9c6z,1,2
1781677377,gsm-5,osmo-mobile-59d8d55bb5-fj7g6,3,35
1781677377,gsm-5,osmo-stp-768687f494-lr7gx,1,2
1781677377,gsm-5,ttcn3-tc-26-7-4-2-2-1-1-z8zjl,1,13
1781677377,gsm-5,virtphy-b55647b48-jwmkm,6,1
1781677379,gsm-5,msc-test-stub-5b875d749d-2dpsk,7,16
1781677379,gsm-5,osmo-bsc-594654bd47-jlvm5,1,5
1781677379,gsm-5,osmo-bts-virtual-5f8b9b86fc-vtpf2,14,5
1781677379,gsm-5,osmo-hlr-546bdb8988-mf548,1,2
1781677379,gsm-5,osmo-mgw-8c8fc67d6-x9c6z,1,2
1781677379,gsm-5,osmo-mobile-59d8d55bb5-fj7g6,3,35
1781677379,gsm-5,osmo-stp-768687f494-lr7gx,1,2
1781677379,gsm-5,ttcn3-tc-26-7-4-2-2-1-1-z8zjl,1,13
1781677379,gsm-5,virtphy-b55647b48-jwmkm,6,1
1781677381,gsm-5,msc-test-stub-5b875d749d-2dpsk,7,16
1781677381,gsm-5,osmo-bsc-594654bd47-jlvm5,1,5
1781677381,gsm-5,osmo-bts-virtual-5f8b9b86fc-vtpf2,14,5
1781677381,gsm-5,osmo-hlr-546bdb8988-mf548,1,2
1781677381,gsm-5,osmo-mgw-8c8fc67d6-x9c6z,1,2
1781677381,gsm-5,osmo-mobile-59d8d55bb5-fj7g6,3,35
1781677381,gsm-5,osmo-stp-768687f494-lr7gx,1,2
1781677381,gsm-5,ttcn3-tc-26-7-4-2-2-1-1-z8zjl,1,13
1781677381,gsm-5,virtphy-b55647b48-jwmkm,6,1
1781677383,gsm-5,msc-test-stub-5b875d749d-2dpsk,7,16
1781677383,gsm-5,osmo-bsc-594654bd47-jlvm5,1,5
1781677383,gsm-5,osmo-bts-virtual-5f8b9b86fc-vtpf2,14,5
1781677383,gsm-5,osmo-hlr-546bdb8988-mf548,1,2
1781677383,gsm-5,osmo-mgw-8c8fc67d6-x9c6z,1,2
1781677383,gsm-5,osmo-mobile-59d8d55bb5-fj7g6,3,35
1781677383,gsm-5,osmo-stp-768687f494-lr7gx,1,2
1781677383,gsm-5,ttcn3-tc-26-7-4-2-2-1-1-z8zjl,1,13
1781677383,gsm-5,virtphy-b55647b48-jwmkm,6,1
1781677385,gsm-5,msc-test-stub-5b875d749d-2dpsk,7,16
1781677385,gsm-5,osmo-bsc-594654bd47-jlvm5,1,5
1781677385,gsm-5,osmo-bts-virtual-5f8b9b86fc-vtpf2,14,5
1781677385,gsm-5,osmo-hlr-546bdb8988-mf548,1,2
1781677385,gsm-5,osmo-mgw-8c8fc67d6-x9c6z,1,2
1781677385,gsm-5,osmo-mobile-59d8d55bb5-fj7g6,3,35
1781677385,gsm-5,osmo-stp-768687f494-lr7gx,1,2
1781677385,gsm-5,ttcn3-tc-26-7-4-2-2-1-1-z8zjl,1,13
1781677385,gsm-5,virtphy-b55647b48-jwmkm,6,1
1781677387,gsm-5,msc-test-stub-5b875d749d-2dpsk,7,16
1781677387,gsm-5,osmo-bsc-594654bd47-jlvm5,1,5
1781677387,gsm-5,osmo-bts-virtual-5f8b9b86fc-vtpf2,14,5
1781677387,gsm-5,osmo-hlr-546bdb8988-mf548,1,2
1781677387,gsm-5,osmo-mgw-8c8fc67d6-x9c6z,1,2
1781677387,gsm-5,osmo-mobile-59d8d55bb5-fj7g6,3,35
1781677387,gsm-5,osmo-stp-768687f494-lr7gx,1,2
1781677387,gsm-5,ttcn3-tc-26-7-4-2-2-1-1-z8zjl,1,13
1781677387,gsm-5,virtphy-b55647b48-jwmkm,6,1
1781677389,gsm-5,msc-test-stub-5b875d749d-2dpsk,7,16
1781677389,gsm-5,osmo-bsc-594654bd47-jlvm5,1,5
1781677389,gsm-5,osmo-bts-virtual-5f8b9b86fc-vtpf2,14,5
1781677389,gsm-5,osmo-hlr-546bdb8988-mf548,1,2
1781677389,gsm-5,osmo-mgw-8c8fc67d6-x9c6z,1,2
1781677389,gsm-5,osmo-mobile-59d8d55bb5-fj7g6,3,35
1781677389,gsm-5,osmo-stp-768687f494-lr7gx,1,2
1781677389,gsm-5,ttcn3-tc-26-7-4-2-2-1-1-z8zjl,1,13
1781677389,gsm-5,virtphy-b55647b48-jwmkm,6,1
1781677391,gsm-5,msc-test-stub-5b875d749d-2dpsk,7,16
1781677391,gsm-5,osmo-bsc-594654bd47-jlvm5,1,5
1781677391,gsm-5,osmo-bts-virtual-5f8b9b86fc-vtpf2,14,5
1781677391,gsm-5,osmo-hlr-546bdb8988-mf548,1,2
1781677391,gsm-5,osmo-mgw-8c8fc67d6-x9c6z,1,2
1781677391,gsm-5,osmo-mobile-59d8d55bb5-fj7g6,3,35
1781677391,gsm-5,osmo-stp-768687f494-lr7gx,1,2
1781677391,gsm-5,ttcn3-tc-26-7-4-2-2-1-1-z8zjl,1,13
1781677391,gsm-5,virtphy-b55647b48-jwmkm,6,1
1781677393,gsm-5,msc-test-stub-5b875d749d-2dpsk,1,16
1781677393,gsm-5,osmo-bsc-594654bd47-jlvm5,1,5
1781677393,gsm-5,osmo-bts-virtual-5f8b9b86fc-vtpf2,14,5
1781677393,gsm-5,osmo-hlr-546bdb8988-mf548,1,2
1781677393,gsm-5,osmo-mgw-8c8fc67d6-x9c6z,1,2
1781677393,gsm-5,osmo-mobile-59d8d55bb5-fj7g6,3,35
1781677393,gsm-5,osmo-stp-768687f494-lr7gx,1,2
1781677393,gsm-5,ttcn3-tc-26-7-4-2-2-1-1-z8zjl,1,13
1781677393,gsm-5,virtphy-b55647b48-jwmkm,6,1
1781677396,gsm-5,msc-test-stub-5b875d749d-2dpsk,1,16
1781677396,gsm-5,osmo-bsc-594654bd47-jlvm5,1,5
1781677396,gsm-5,osmo-bts-virtual-5f8b9b86fc-vtpf2,14,5
1781677396,gsm-5,osmo-hlr-546bdb8988-mf548,1,2
1781677396,gsm-5,osmo-mgw-8c8fc67d6-x9c6z,1,2
1781677396,gsm-5,osmo-mobile-59d8d55bb5-fj7g6,3,35
1781677396,gsm-5,osmo-stp-768687f494-lr7gx,1,2
1781677396,gsm-5,ttcn3-tc-26-7-4-2-2-1-1-z8zjl,1,13
1781677396,gsm-5,virtphy-b55647b48-jwmkm,6,1
1781677398,gsm-5,msc-test-stub-5b875d749d-2dpsk,1,16
1781677398,gsm-5,osmo-bsc-594654bd47-jlvm5,1,5
1781677398,gsm-5,osmo-bts-virtual-5f8b9b86fc-vtpf2,14,5
1781677398,gsm-5,osmo-hlr-546bdb8988-mf548,1,2
1781677398,gsm-5,osmo-mgw-8c8fc67d6-x9c6z,1,2
1781677398,gsm-5,osmo-mobile-59d8d55bb5-fj7g6,3,35
1781677398,gsm-5,osmo-stp-768687f494-lr7gx,1,2
1781677398,gsm-5,ttcn3-tc-26-7-4-2-2-1-1-z8zjl,1,13
1781677398,gsm-5,virtphy-b55647b48-jwmkm,6,1
1781677400,gsm-5,msc-test-stub-5b875d749d-2dpsk,1,16
1781677400,gsm-5,osmo-bsc-594654bd47-jlvm5,1,5
1781677400,gsm-5,osmo-bts-virtual-5f8b9b86fc-vtpf2,14,5
1781677400,gsm-5,osmo-hlr-546bdb8988-mf548,1,2
1781677400,gsm-5,osmo-mgw-8c8fc67d6-x9c6z,1,2
1781677400,gsm-5,osmo-mobile-59d8d55bb5-fj7g6,3,35
1781677400,gsm-5,osmo-stp-768687f494-lr7gx,1,2
1781677400,gsm-5,ttcn3-tc-26-7-4-2-2-1-1-z8zjl,1,13
1781677400,gsm-5,virtphy-b55647b48-jwmkm,6,1
1781677402,gsm-5,msc-test-stub-5b875d749d-2dpsk,1,16
1781677402,gsm-5,osmo-bsc-594654bd47-jlvm5,1,5
1781677402,gsm-5,osmo-bts-virtual-5f8b9b86fc-vtpf2,14,5
1781677402,gsm-5,osmo-hlr-546bdb8988-mf548,1,2
1781677402,gsm-5,osmo-mgw-8c8fc67d6-x9c6z,1,2
1781677402,gsm-5,osmo-mobile-59d8d55bb5-fj7g6,3,35
1781677402,gsm-5,osmo-stp-768687f494-lr7gx,1,2
1781677402,gsm-5,ttcn3-tc-26-7-4-2-2-1-1-z8zjl,1,13
1781677402,gsm-5,virtphy-b55647b48-jwmkm,6,1
1781677404,gsm-5,msc-test-stub-5b875d749d-2dpsk,1,16
1781677404,gsm-5,osmo-bsc-594654bd47-jlvm5,1,5
1781677404,gsm-5,osmo-bts-virtual-5f8b9b86fc-vtpf2,14,5
1781677404,gsm-5,osmo-hlr-546bdb8988-mf548,1,2
1781677404,gsm-5,osmo-mgw-8c8fc67d6-x9c6z,1,2
1781677404,gsm-5,osmo-mobile-59d8d55bb5-fj7g6,3,35
1781677404,gsm-5,osmo-stp-768687f494-lr7gx,1,2
1781677404,gsm-5,ttcn3-tc-26-7-4-2-2-1-1-z8zjl,1,13
1781677404,gsm-5,virtphy-b55647b48-jwmkm,6,1
1781677406,gsm-5,msc-test-stub-5b875d749d-2dpsk,1,16
1781677406,gsm-5,osmo-bsc-594654bd47-jlvm5,1,5
1781677406,gsm-5,osmo-bts-virtual-5f8b9b86fc-vtpf2,14,5
1781677406,gsm-5,osmo-hlr-546bdb8988-mf548,1,2
1781677406,gsm-5,osmo-mgw-8c8fc67d6-x9c6z,1,2
1781677406,gsm-5,osmo-mobile-59d8d55bb5-fj7g6,3,35
1781677406,gsm-5,osmo-stp-768687f494-lr7gx,1,2
1781677406,gsm-5,ttcn3-tc-26-7-4-2-2-1-1-z8zjl,1,13
1781677406,gsm-5,virtphy-b55647b48-jwmkm,6,1
1781677408,gsm-5,msc-test-stub-5b875d749d-2dpsk,1,16
1781677408,gsm-5,osmo-bsc-594654bd47-jlvm5,1,5
1781677408,gsm-5,osmo-bts-virtual-5f8b9b86fc-vtpf2,14,5
1781677408,gsm-5,osmo-hlr-546bdb8988-mf548,1,2
1781677408,gsm-5,osmo-mgw-8c8fc67d6-x9c6z,1,2
1781677408,gsm-5,osmo-mobile-59d8d55bb5-fj7g6,3,35
1781677408,gsm-5,osmo-stp-768687f494-lr7gx,1,2
1781677408,gsm-5,ttcn3-tc-26-7-4-2-2-1-1-z8zjl,1,13
1781677408,gsm-5,virtphy-b55647b48-jwmkm,7,1
1781677410,gsm-5,msc-test-stub-5b875d749d-2dpsk,1,16
1781677410,gsm-5,osmo-bsc-594654bd47-jlvm5,1,5
1781677410,gsm-5,osmo-bts-virtual-5f8b9b86fc-vtpf2,14,5
1781677410,gsm-5,osmo-hlr-546bdb8988-mf548,1,2
1781677410,gsm-5,osmo-mgw-8c8fc67d6-x9c6z,1,2
1781677410,gsm-5,osmo-mobile-59d8d55bb5-fj7g6,3,35
1781677410,gsm-5,osmo-stp-768687f494-lr7gx,1,2
1781677410,gsm-5,ttcn3-tc-26-7-4-2-2-1-1-z8zjl,1,13
1781677410,gsm-5,virtphy-b55647b48-jwmkm,7,1
1781677412,gsm-5,msc-test-stub-5b875d749d-2dpsk,1,16
1781677412,gsm-5,osmo-bsc-594654bd47-jlvm5,1,5
1781677412,gsm-5,osmo-bts-virtual-5f8b9b86fc-vtpf2,14,5
1781677412,gsm-5,osmo-hlr-546bdb8988-mf548,1,2
1781677412,gsm-5,osmo-mgw-8c8fc67d6-x9c6z,1,2
1781677412,gsm-5,osmo-mobile-59d8d55bb5-fj7g6,3,35
1781677412,gsm-5,osmo-stp-768687f494-lr7gx,1,2
1781677412,gsm-5,ttcn3-tc-26-7-4-2-2-1-1-z8zjl,1,13
1781677412,gsm-5,virtphy-b55647b48-jwmkm,7,1
1781677414,gsm-5,msc-test-stub-5b875d749d-2dpsk,1,16
1781677414,gsm-5,osmo-bsc-594654bd47-jlvm5,1,5
1781677414,gsm-5,osmo-bts-virtual-5f8b9b86fc-vtpf2,14,5
1781677414,gsm-5,osmo-hlr-546bdb8988-mf548,1,2
1781677414,gsm-5,osmo-mgw-8c8fc67d6-x9c6z,1,2
1781677414,gsm-5,osmo-mobile-59d8d55bb5-fj7g6,3,35
1781677414,gsm-5,osmo-stp-768687f494-lr7gx,1,2
1781677414,gsm-5,ttcn3-tc-26-7-4-2-2-1-1-z8zjl,1,13
1781677414,gsm-5,virtphy-b55647b48-jwmkm,7,1
1781677416,gsm-5,msc-test-stub-5b875d749d-2dpsk,1,16
1781677416,gsm-5,osmo-bsc-594654bd47-jlvm5,1,5
1781677416,gsm-5,osmo-bts-virtual-5f8b9b86fc-vtpf2,14,5
1781677416,gsm-5,osmo-hlr-546bdb8988-mf548,1,2
1781677416,gsm-5,osmo-mgw-8c8fc67d6-x9c6z,1,2
1781677416,gsm-5,osmo-mobile-59d8d55bb5-fj7g6,3,35
1781677416,gsm-5,osmo-stp-768687f494-lr7gx,1,2
1781677416,gsm-5,ttcn3-tc-26-7-4-2-2-1-1-z8zjl,1,13
1781677416,gsm-5,virtphy-b55647b48-jwmkm,7,1
1781677418,gsm-5,msc-test-stub-5b875d749d-2dpsk,1,16
1781677418,gsm-5,osmo-bsc-594654bd47-jlvm5,1,5
1781677418,gsm-5,osmo-bts-virtual-5f8b9b86fc-vtpf2,14,5
1781677418,gsm-5,osmo-hlr-546bdb8988-mf548,1,2
1781677418,gsm-5,osmo-mgw-8c8fc67d6-x9c6z,1,2
1781677418,gsm-5,osmo-mobile-59d8d55bb5-fj7g6,3,35
1781677418,gsm-5,osmo-stp-768687f494-lr7gx,1,2
1781677418,gsm-5,ttcn3-tc-26-7-4-2-2-1-1-z8zjl,1,13
1781677418,gsm-5,virtphy-b55647b48-jwmkm,7,1
1781677420,gsm-5,msc-test-stub-5b875d749d-2dpsk,1,16
1781677420,gsm-5,osmo-bsc-594654bd47-jlvm5,1,5
1781677420,gsm-5,osmo-bts-virtual-5f8b9b86fc-vtpf2,14,5
1781677420,gsm-5,osmo-hlr-546bdb8988-mf548,1,2
1781677420,gsm-5,osmo-mgw-8c8fc67d6-x9c6z,1,2
1781677420,gsm-5,osmo-mobile-59d8d55bb5-fj7g6,3,35
1781677420,gsm-5,osmo-stp-768687f494-lr7gx,1,2
1781677420,gsm-5,ttcn3-tc-26-7-4-2-2-1-1-z8zjl,1,13
1781677420,gsm-5,virtphy-b55647b48-jwmkm,7,1
1781677423,gsm-5,msc-test-stub-5b875d749d-2dpsk,1,16
1781677423,gsm-5,osmo-bsc-594654bd47-jlvm5,1,5
1781677423,gsm-5,osmo-bts-virtual-5f8b9b86fc-vtpf2,14,5
1781677423,gsm-5,osmo-hlr-546bdb8988-mf548,1,2
1781677423,gsm-5,osmo-mgw-8c8fc67d6-x9c6z,1,2
1781677423,gsm-5,osmo-mobile-59d8d55bb5-fj7g6,3,35
1781677423,gsm-5,osmo-stp-768687f494-lr7gx,1,2
1781677423,gsm-5,ttcn3-tc-26-7-4-2-2-1-1-z8zjl,1,13
1781677423,gsm-5,virtphy-b55647b48-jwmkm,6,1
1781677425,gsm-5,msc-test-stub-5b875d749d-2dpsk,1,16
1781677425,gsm-5,osmo-bsc-594654bd47-jlvm5,1,5
1781677425,gsm-5,osmo-bts-virtual-5f8b9b86fc-vtpf2,14,5
1781677425,gsm-5,osmo-hlr-546bdb8988-mf548,1,2
1781677425,gsm-5,osmo-mgw-8c8fc67d6-x9c6z,1,2
1781677425,gsm-5,osmo-mobile-59d8d55bb5-fj7g6,3,35
1781677425,gsm-5,osmo-stp-768687f494-lr7gx,1,2
1781677425,gsm-5,ttcn3-tc-26-7-4-2-2-1-1-z8zjl,1,13
1781677425,gsm-5,virtphy-b55647b48-jwmkm,6,1
1781677427,gsm-5,msc-test-stub-5b875d749d-2dpsk,1,16
1781677427,gsm-5,osmo-bsc-594654bd47-jlvm5,1,5
1781677427,gsm-5,osmo-bts-virtual-5f8b9b86fc-vtpf2,14,5
1781677427,gsm-5,osmo-hlr-546bdb8988-mf548,1,2
1781677427,gsm-5,osmo-mgw-8c8fc67d6-x9c6z,1,2
1781677427,gsm-5,osmo-mobile-59d8d55bb5-fj7g6,3,35
1781677427,gsm-5,osmo-stp-768687f494-lr7gx,1,2
1781677427,gsm-5,ttcn3-tc-26-7-4-2-2-1-1-z8zjl,1,13
1781677427,gsm-5,virtphy-b55647b48-jwmkm,6,1
1781677429,gsm-5,msc-test-stub-5b875d749d-2dpsk,1,16
1781677429,gsm-5,osmo-bsc-594654bd47-jlvm5,1,5
1781677429,gsm-5,osmo-bts-virtual-5f8b9b86fc-vtpf2,14,5
1781677429,gsm-5,osmo-hlr-546bdb8988-mf548,1,2
1781677429,gsm-5,osmo-mgw-8c8fc67d6-x9c6z,1,2
1781677429,gsm-5,osmo-mobile-59d8d55bb5-fj7g6,3,35
1781677429,gsm-5,osmo-stp-768687f494-lr7gx,1,2
1781677429,gsm-5,ttcn3-tc-26-7-4-2-2-1-1-z8zjl,1,13
1781677429,gsm-5,virtphy-b55647b48-jwmkm,6,1
1781677431,gsm-5,msc-test-stub-5b875d749d-2dpsk,1,16
1781677431,gsm-5,osmo-bsc-594654bd47-jlvm5,1,5
1781677431,gsm-5,osmo-bts-virtual-5f8b9b86fc-vtpf2,14,5
1781677431,gsm-5,osmo-hlr-546bdb8988-mf548,1,2
1781677431,gsm-5,osmo-mgw-8c8fc67d6-x9c6z,1,2
1781677431,gsm-5,osmo-mobile-59d8d55bb5-fj7g6,3,35
1781677431,gsm-5,osmo-stp-768687f494-lr7gx,1,2
1781677431,gsm-5,ttcn3-tc-26-7-4-2-2-1-1-z8zjl,1,13
1781677431,gsm-5,virtphy-b55647b48-jwmkm,6,1
1781677433,gsm-5,msc-test-stub-5b875d749d-2dpsk,1,16
1781677433,gsm-5,osmo-bsc-594654bd47-jlvm5,1,5
1781677433,gsm-5,osmo-bts-virtual-5f8b9b86fc-vtpf2,14,5
1781677433,gsm-5,osmo-hlr-546bdb8988-mf548,1,2
1781677433,gsm-5,osmo-mgw-8c8fc67d6-x9c6z,1,2
1781677433,gsm-5,osmo-mobile-59d8d55bb5-fj7g6,3,35
1781677433,gsm-5,osmo-stp-768687f494-lr7gx,1,2
1781677433,gsm-5,ttcn3-tc-26-7-4-2-2-1-1-z8zjl,1,13
1781677433,gsm-5,virtphy-b55647b48-jwmkm,6,1
1781677435,gsm-5,msc-test-stub-5b875d749d-2dpsk,1,16
1781677435,gsm-5,osmo-bsc-594654bd47-jlvm5,1,5
1781677435,gsm-5,osmo-bts-virtual-5f8b9b86fc-vtpf2,14,5
1781677435,gsm-5,osmo-hlr-546bdb8988-mf548,1,2
1781677435,gsm-5,osmo-mgw-8c8fc67d6-x9c6z,1,2
1781677435,gsm-5,osmo-mobile-59d8d55bb5-fj7g6,3,35
1781677435,gsm-5,osmo-stp-768687f494-lr7gx,1,2
1781677435,gsm-5,ttcn3-tc-26-7-4-2-2-1-1-z8zjl,1,13
1781677435,gsm-5,virtphy-b55647b48-jwmkm,6,1
1781677437,gsm-5,msc-test-stub-5b875d749d-2dpsk,1,16
1781677437,gsm-5,osmo-bsc-594654bd47-jlvm5,1,5
1781677437,gsm-5,osmo-bts-virtual-5f8b9b86fc-vtpf2,14,5
1781677437,gsm-5,osmo-hlr-546bdb8988-mf548,1,2
1781677437,gsm-5,osmo-mgw-8c8fc67d6-x9c6z,1,2
1781677437,gsm-5,osmo-mobile-59d8d55bb5-fj7g6,3,35
1781677437,gsm-5,osmo-stp-768687f494-lr7gx,1,2
1781677437,gsm-5,ttcn3-tc-26-7-4-2-2-1-1-z8zjl,1,13
1781677437,gsm-5,virtphy-b55647b48-jwmkm,6,1
1781677439,gsm-5,msc-test-stub-5b875d749d-2dpsk,1,16
1781677439,gsm-5,osmo-bsc-594654bd47-jlvm5,1,5
1781677439,gsm-5,osmo-bts-virtual-5f8b9b86fc-vtpf2,14,5
1781677439,gsm-5,osmo-hlr-546bdb8988-mf548,1,2
1781677439,gsm-5,osmo-mgw-8c8fc67d6-x9c6z,1,2
1781677439,gsm-5,osmo-mobile-59d8d55bb5-fj7g6,3,35
1781677439,gsm-5,osmo-stp-768687f494-lr7gx,1,2
1781677439,gsm-5,ttcn3-tc-26-7-4-2-2-1-1-z8zjl,1,13
1781677439,gsm-5,virtphy-b55647b48-jwmkm,6,1
1781677441,gsm-5,msc-test-stub-5b875d749d-2dpsk,1,16
1781677441,gsm-5,osmo-bsc-594654bd47-jlvm5,1,5
1781677441,gsm-5,osmo-bts-virtual-5f8b9b86fc-vtpf2,14,5
1781677441,gsm-5,osmo-hlr-546bdb8988-mf548,1,2
1781677441,gsm-5,osmo-mgw-8c8fc67d6-x9c6z,1,2
1781677441,gsm-5,osmo-mobile-59d8d55bb5-fj7g6,3,35
1781677441,gsm-5,osmo-stp-768687f494-lr7gx,1,2
1781677441,gsm-5,ttcn3-tc-26-7-4-2-2-1-1-z8zjl,1,13
1781677441,gsm-5,virtphy-b55647b48-jwmkm,6,1
1781677444,gsm-5,msc-test-stub-5b875d749d-2dpsk,1,16
1781677444,gsm-5,osmo-bsc-594654bd47-jlvm5,1,5
1781677444,gsm-5,osmo-bts-virtual-5f8b9b86fc-vtpf2,14,5
1781677444,gsm-5,osmo-hlr-546bdb8988-mf548,1,2
1781677444,gsm-5,osmo-mgw-8c8fc67d6-x9c6z,1,2
1781677444,gsm-5,osmo-mobile-59d8d55bb5-fj7g6,3,35
1781677444,gsm-5,osmo-stp-768687f494-lr7gx,1,2
1781677444,gsm-5,ttcn3-tc-26-7-4-2-2-1-1-z8zjl,1,13
1781677444,gsm-5,virtphy-b55647b48-jwmkm,6,1
1781677446,gsm-5,msc-test-stub-5b875d749d-2dpsk,1,16
1781677446,gsm-5,osmo-bsc-594654bd47-jlvm5,1,5
1781677446,gsm-5,osmo-bts-virtual-5f8b9b86fc-vtpf2,14,5
1781677446,gsm-5,osmo-hlr-546bdb8988-mf548,1,2
1781677446,gsm-5,osmo-mgw-8c8fc67d6-x9c6z,1,2
1781677446,gsm-5,osmo-mobile-59d8d55bb5-fj7g6,3,35
1781677446,gsm-5,osmo-stp-768687f494-lr7gx,1,2
1781677446,gsm-5,ttcn3-tc-26-7-4-2-2-1-1-z8zjl,1,13
1781677446,gsm-5,virtphy-b55647b48-jwmkm,6,1
1781677448,gsm-5,msc-test-stub-5b875d749d-2dpsk,1,16
1781677448,gsm-5,osmo-bsc-594654bd47-jlvm5,1,5
1781677448,gsm-5,osmo-bts-virtual-5f8b9b86fc-vtpf2,14,5
1781677448,gsm-5,osmo-hlr-546bdb8988-mf548,1,2
1781677448,gsm-5,osmo-mgw-8c8fc67d6-x9c6z,1,2
1781677448,gsm-5,osmo-mobile-59d8d55bb5-fj7g6,3,35
1781677448,gsm-5,osmo-stp-768687f494-lr7gx,1,2
1781677448,gsm-5,ttcn3-tc-26-7-4-2-2-1-1-z8zjl,1,13
1781677448,gsm-5,virtphy-b55647b48-jwmkm,6,1
1781677451,gsm-5,msc-test-stub-5b875d749d-2dpsk,1,16
1781677451,gsm-5,osmo-bsc-594654bd47-jlvm5,1,5
1781677451,gsm-5,osmo-bts-virtual-5f8b9b86fc-vtpf2,14,5
1781677451,gsm-5,osmo-hlr-546bdb8988-mf548,1,2
1781677451,gsm-5,osmo-mgw-8c8fc67d6-x9c6z,1,2
1781677451,gsm-5,osmo-mobile-59d8d55bb5-fj7g6,3,35
1781677451,gsm-5,osmo-stp-768687f494-lr7gx,1,2
1781677451,gsm-5,ttcn3-tc-26-7-4-2-2-1-1-z8zjl,1,13
1781677451,gsm-5,virtphy-b55647b48-jwmkm,6,1
1781677453,gsm-5,msc-test-stub-5b875d749d-2dpsk,1,16
1781677453,gsm-5,osmo-bsc-594654bd47-jlvm5,1,5
1781677453,gsm-5,osmo-bts-virtual-5f8b9b86fc-vtpf2,14,5
1781677453,gsm-5,osmo-hlr-546bdb8988-mf548,1,2
1781677453,gsm-5,osmo-mgw-8c8fc67d6-x9c6z,1,2
1781677453,gsm-5,osmo-mobile-59d8d55bb5-fj7g6,3,35
1781677453,gsm-5,osmo-stp-768687f494-lr7gx,1,2
1781677453,gsm-5,ttcn3-tc-26-7-4-2-2-1-1-z8zjl,1,13
1781677453,gsm-5,virtphy-b55647b48-jwmkm,6,1
1781677455,gsm-5,msc-test-stub-5b875d749d-2dpsk,1,16
1781677455,gsm-5,osmo-bsc-594654bd47-jlvm5,1,5
1781677455,gsm-5,osmo-bts-virtual-5f8b9b86fc-vtpf2,14,5
1781677455,gsm-5,osmo-hlr-546bdb8988-mf548,1,2
1781677455,gsm-5,osmo-mgw-8c8fc67d6-x9c6z,1,2
1781677455,gsm-5,osmo-mobile-59d8d55bb5-fj7g6,3,35
1781677455,gsm-5,osmo-stp-768687f494-lr7gx,1,2
1781677455,gsm-5,ttcn3-tc-26-7-4-2-2-1-1-z8zjl,1,13
1781677455,gsm-5,virtphy-b55647b48-jwmkm,6,1
1781677457,gsm-5,msc-test-stub-5b875d749d-2dpsk,1,16
1781677457,gsm-5,osmo-bsc-594654bd47-jlvm5,1,5
1781677457,gsm-5,osmo-bts-virtual-5f8b9b86fc-vtpf2,14,5
1781677457,gsm-5,osmo-hlr-546bdb8988-mf548,1,2
1781677457,gsm-5,osmo-mgw-8c8fc67d6-x9c6z,1,2
1781677457,gsm-5,osmo-mobile-59d8d55bb5-fj7g6,3,35
1781677457,gsm-5,osmo-stp-768687f494-lr7gx,1,2
1781677457,gsm-5,ttcn3-tc-26-7-4-2-2-1-1-z8zjl,1,13
1781677457,gsm-5,virtphy-b55647b48-jwmkm,6,1
1781677459,gsm-5,msc-test-stub-5b875d749d-2dpsk,1,16
1781677459,gsm-5,osmo-bsc-594654bd47-jlvm5,1,5
1781677459,gsm-5,osmo-bts-virtual-5f8b9b86fc-vtpf2,14,5
1781677459,gsm-5,osmo-hlr-546bdb8988-mf548,1,2
1781677459,gsm-5,osmo-mgw-8c8fc67d6-x9c6z,1,2
1781677459,gsm-5,osmo-mobile-59d8d55bb5-fj7g6,3,35
1781677459,gsm-5,osmo-stp-768687f494-lr7gx,1,2
1781677459,gsm-5,ttcn3-tc-26-7-4-2-2-1-1-z8zjl,1,13
1781677459,gsm-5,virtphy-b55647b48-jwmkm,6,1
1781677461,gsm-5,msc-test-stub-5b875d749d-2dpsk,1,16
1781677461,gsm-5,osmo-bsc-594654bd47-jlvm5,1,5
1781677461,gsm-5,osmo-bts-virtual-5f8b9b86fc-vtpf2,14,5
1781677461,gsm-5,osmo-hlr-546bdb8988-mf548,1,2
1781677461,gsm-5,osmo-mgw-8c8fc67d6-x9c6z,1,2
1781677461,gsm-5,osmo-mobile-59d8d55bb5-fj7g6,3,35
1781677461,gsm-5,osmo-stp-768687f494-lr7gx,1,2
1781677461,gsm-5,ttcn3-tc-26-7-4-2-2-1-1-z8zjl,1,13
1781677461,gsm-5,virtphy-b55647b48-jwmkm,6,1
1781677463,gsm-5,msc-test-stub-5b875d749d-2dpsk,1,16
1781677463,gsm-5,osmo-bsc-594654bd47-jlvm5,1,5
1781677463,gsm-5,osmo-bts-virtual-5f8b9b86fc-vtpf2,14,5
1781677463,gsm-5,osmo-hlr-546bdb8988-mf548,1,2
1781677463,gsm-5,osmo-mgw-8c8fc67d6-x9c6z,1,2
1781677463,gsm-5,osmo-mobile-59d8d55bb5-fj7g6,3,35
1781677463,gsm-5,osmo-stp-768687f494-lr7gx,1,2
1781677463,gsm-5,ttcn3-tc-26-7-4-2-2-1-1-z8zjl,1,13
1781677463,gsm-5,virtphy-b55647b48-jwmkm,6,1
1781677465,gsm-5,msc-test-stub-5b875d749d-2dpsk,1,16
1781677465,gsm-5,osmo-bsc-594654bd47-jlvm5,1,5
1781677465,gsm-5,osmo-bts-virtual-5f8b9b86fc-vtpf2,14,5
1781677465,gsm-5,osmo-hlr-546bdb8988-mf548,1,2
1781677465,gsm-5,osmo-mgw-8c8fc67d6-x9c6z,1,2
1781677465,gsm-5,osmo-mobile-59d8d55bb5-fj7g6,3,35
1781677465,gsm-5,osmo-stp-768687f494-lr7gx,1,2
1781677465,gsm-5,ttcn3-tc-26-7-4-2-2-1-1-z8zjl,1,13
1781677465,gsm-5,virtphy-b55647b48-jwmkm,6,1
1781677467,gsm-5,msc-test-stub-5b875d749d-2dpsk,1,16
1781677467,gsm-5,osmo-bsc-594654bd47-jlvm5,1,5
1781677467,gsm-5,osmo-bts-virtual-5f8b9b86fc-vtpf2,14,5
1781677467,gsm-5,osmo-hlr-546bdb8988-mf548,1,2
1781677467,gsm-5,osmo-mgw-8c8fc67d6-x9c6z,1,2
1781677467,gsm-5,osmo-mobile-59d8d55bb5-fj7g6,3,35
1781677467,gsm-5,osmo-stp-768687f494-lr7gx,1,2
1781677467,gsm-5,ttcn3-tc-26-7-4-2-2-1-1-z8zjl,1,13
1781677467,gsm-5,virtphy-b55647b48-jwmkm,6,1
1781677469,gsm-5,msc-test-stub-5b875d749d-2dpsk,1,16
1781677469,gsm-5,osmo-bsc-594654bd47-jlvm5,1,5
1781677469,gsm-5,osmo-bts-virtual-5f8b9b86fc-vtpf2,14,5
1781677469,gsm-5,osmo-hlr-546bdb8988-mf548,1,2
1781677469,gsm-5,osmo-mgw-8c8fc67d6-x9c6z,1,2
1781677469,gsm-5,osmo-mobile-59d8d55bb5-fj7g6,3,35
1781677469,gsm-5,osmo-stp-768687f494-lr7gx,1,2
1781677469,gsm-5,ttcn3-tc-26-7-4-2-2-1-1-z8zjl,1,13
1781677469,gsm-5,virtphy-b55647b48-jwmkm,6,1
1781677471,gsm-5,msc-test-stub-5b875d749d-2dpsk,1,16
1781677471,gsm-5,osmo-bsc-594654bd47-jlvm5,1,5
1781677471,gsm-5,osmo-bts-virtual-5f8b9b86fc-vtpf2,14,5
1781677471,gsm-5,osmo-hlr-546bdb8988-mf548,1,2
1781677471,gsm-5,osmo-mgw-8c8fc67d6-x9c6z,1,2
1781677471,gsm-5,osmo-mobile-59d8d55bb5-fj7g6,3,35
1781677471,gsm-5,osmo-stp-768687f494-lr7gx,1,2
1781677471,gsm-5,ttcn3-tc-26-7-4-2-2-1-1-z8zjl,1,13
1781677471,gsm-5,virtphy-b55647b48-jwmkm,6,1
1781677473,gsm-5,msc-test-stub-5b875d749d-2dpsk,1,16
1781677473,gsm-5,osmo-bsc-594654bd47-jlvm5,1,5
1781677473,gsm-5,osmo-bts-virtual-5f8b9b86fc-vtpf2,14,5
1781677473,gsm-5,osmo-hlr-546bdb8988-mf548,1,2
1781677473,gsm-5,osmo-mgw-8c8fc67d6-x9c6z,1,2
1781677473,gsm-5,osmo-mobile-59d8d55bb5-fj7g6,3,35
1781677473,gsm-5,osmo-stp-768687f494-lr7gx,1,2
1781677473,gsm-5,ttcn3-tc-26-7-4-2-2-1-1-z8zjl,1,13
1781677473,gsm-5,virtphy-b55647b48-jwmkm,6,1
1781677475,gsm-5,msc-test-stub-5b875d749d-2dpsk,1,16
1781677475,gsm-5,osmo-bsc-594654bd47-jlvm5,1,5
1781677475,gsm-5,osmo-bts-virtual-5f8b9b86fc-vtpf2,14,5
1781677475,gsm-5,osmo-hlr-546bdb8988-mf548,1,2
1781677475,gsm-5,osmo-mgw-8c8fc67d6-x9c6z,1,2
1781677475,gsm-5,osmo-mobile-59d8d55bb5-fj7g6,3,35
1781677475,gsm-5,osmo-stp-768687f494-lr7gx,1,2
1781677475,gsm-5,ttcn3-tc-26-7-4-2-2-1-1-z8zjl,1,13
1781677475,gsm-5,virtphy-b55647b48-jwmkm,6,1
1781677477,gsm-5,msc-test-stub-5b875d749d-2dpsk,1,16
1781677477,gsm-5,osmo-bsc-594654bd47-jlvm5,1,5
1781677477,gsm-5,osmo-bts-virtual-5f8b9b86fc-vtpf2,14,5
1781677477,gsm-5,osmo-hlr-546bdb8988-mf548,1,2
1781677477,gsm-5,osmo-mgw-8c8fc67d6-x9c6z,1,2
1781677477,gsm-5,osmo-mobile-59d8d55bb5-fj7g6,3,35
1781677477,gsm-5,osmo-stp-768687f494-lr7gx,1,2
1781677477,gsm-5,ttcn3-tc-26-7-4-2-2-1-1-z8zjl,1,13
1781677477,gsm-5,virtphy-b55647b48-jwmkm,6,1
1781677479,gsm-5,msc-test-stub-5b875d749d-2dpsk,1,16
1781677479,gsm-5,osmo-bsc-594654bd47-jlvm5,1,5
1781677479,gsm-5,osmo-bts-virtual-5f8b9b86fc-vtpf2,14,5
1781677479,gsm-5,osmo-hlr-546bdb8988-mf548,1,2
1781677479,gsm-5,osmo-mgw-8c8fc67d6-x9c6z,1,2
1781677479,gsm-5,osmo-mobile-59d8d55bb5-fj7g6,3,35
1781677479,gsm-5,osmo-stp-768687f494-lr7gx,1,2
1781677479,gsm-5,ttcn3-tc-26-7-4-2-2-1-1-z8zjl,1,13
1781677479,gsm-5,virtphy-b55647b48-jwmkm,6,1
1781677481,gsm-5,msc-test-stub-5b875d749d-2dpsk,1,16
1781677481,gsm-5,osmo-bsc-594654bd47-jlvm5,1,5
1781677481,gsm-5,osmo-bts-virtual-5f8b9b86fc-vtpf2,14,5
1781677481,gsm-5,osmo-hlr-546bdb8988-mf548,1,2
1781677481,gsm-5,osmo-mgw-8c8fc67d6-x9c6z,1,2
1781677481,gsm-5,osmo-mobile-59d8d55bb5-fj7g6,3,35
1781677481,gsm-5,osmo-stp-768687f494-lr7gx,1,2
1781677481,gsm-5,ttcn3-tc-26-7-4-2-2-1-1-z8zjl,1,13
1781677481,gsm-5,virtphy-b55647b48-jwmkm,6,1
1781677483,gsm-5,msc-test-stub-5b875d749d-2dpsk,1,16
1781677483,gsm-5,osmo-bsc-594654bd47-jlvm5,1,5
1781677483,gsm-5,osmo-bts-virtual-5f8b9b86fc-vtpf2,14,5
1781677483,gsm-5,osmo-hlr-546bdb8988-mf548,1,2
1781677483,gsm-5,osmo-mgw-8c8fc67d6-x9c6z,1,2
1781677483,gsm-5,osmo-mobile-59d8d55bb5-fj7g6,3,35
1781677483,gsm-5,osmo-stp-768687f494-lr7gx,1,2
1781677483,gsm-5,ttcn3-tc-26-7-4-2-2-1-1-z8zjl,1,13
1781677483,gsm-5,virtphy-b55647b48-jwmkm,6,1
1781677485,gsm-5,msc-test-stub-5b875d749d-2dpsk,1,16
1781677485,gsm-5,osmo-bsc-594654bd47-jlvm5,1,5
1781677485,gsm-5,osmo-bts-virtual-5f8b9b86fc-vtpf2,14,5
1781677485,gsm-5,osmo-hlr-546bdb8988-mf548,1,2
1781677485,gsm-5,osmo-mgw-8c8fc67d6-x9c6z,1,2
1781677485,gsm-5,osmo-mobile-59d8d55bb5-fj7g6,3,35
1781677485,gsm-5,osmo-stp-768687f494-lr7gx,1,2
1781677485,gsm-5,ttcn3-tc-26-7-4-2-2-1-1-z8zjl,1,13
1781677485,gsm-5,virtphy-b55647b48-jwmkm,6,1
1781677487,gsm-5,msc-test-stub-5b875d749d-2dpsk,1,16
1781677487,gsm-5,osmo-bsc-594654bd47-jlvm5,1,5
1781677487,gsm-5,osmo-bts-virtual-5f8b9b86fc-vtpf2,14,5
1781677487,gsm-5,osmo-hlr-546bdb8988-mf548,1,2
1781677487,gsm-5,osmo-mgw-8c8fc67d6-x9c6z,1,2
1781677487,gsm-5,osmo-mobile-59d8d55bb5-fj7g6,3,35
1781677487,gsm-5,osmo-stp-768687f494-lr7gx,1,2
1781677487,gsm-5,ttcn3-tc-26-7-4-2-2-1-1-z8zjl,1,13
1781677487,gsm-5,virtphy-b55647b48-jwmkm,6,1
1781677489,gsm-5,msc-test-stub-5b875d749d-2dpsk,1,16
1781677489,gsm-5,osmo-bsc-594654bd47-jlvm5,1,5
1781677489,gsm-5,osmo-bts-virtual-5f8b9b86fc-vtpf2,14,5
1781677489,gsm-5,osmo-hlr-546bdb8988-mf548,1,2
1781677489,gsm-5,osmo-mgw-8c8fc67d6-x9c6z,1,2
1781677489,gsm-5,osmo-mobile-59d8d55bb5-fj7g6,3,35
1781677489,gsm-5,osmo-stp-768687f494-lr7gx,1,2
1781677489,gsm-5,ttcn3-tc-26-7-4-2-2-1-1-z8zjl,1,13
1781677489,gsm-5,virtphy-b55647b48-jwmkm,6,1
1781677491,gsm-5,msc-test-stub-5b875d749d-2dpsk,1,16
1781677491,gsm-5,osmo-bsc-594654bd47-jlvm5,1,5
1781677491,gsm-5,osmo-bts-virtual-5f8b9b86fc-vtpf2,14,5
1781677491,gsm-5,osmo-hlr-546bdb8988-mf548,1,2
1781677491,gsm-5,osmo-mgw-8c8fc67d6-x9c6z,1,2
1781677491,gsm-5,osmo-mobile-59d8d55bb5-fj7g6,3,35
1781677491,gsm-5,osmo-stp-768687f494-lr7gx,1,2
1781677491,gsm-5,ttcn3-tc-26-7-4-2-2-1-1-z8zjl,1,13
1781677491,gsm-5,virtphy-b55647b48-jwmkm,6,1
1781677493,gsm-5,msc-test-stub-5b875d749d-2dpsk,1,16
1781677493,gsm-5,osmo-bsc-594654bd47-jlvm5,1,5
1781677493,gsm-5,osmo-bts-virtual-5f8b9b86fc-vtpf2,14,5
1781677493,gsm-5,osmo-hlr-546bdb8988-mf548,1,2
1781677493,gsm-5,osmo-mgw-8c8fc67d6-x9c6z,1,2
1781677493,gsm-5,osmo-mobile-59d8d55bb5-fj7g6,3,35
1781677493,gsm-5,osmo-stp-768687f494-lr7gx,1,2
1781677493,gsm-5,ttcn3-tc-26-7-4-2-2-1-1-z8zjl,1,13
1781677493,gsm-5,virtphy-b55647b48-jwmkm,6,1
1781677495,gsm-5,msc-test-stub-5b875d749d-2dpsk,1,16
1781677495,gsm-5,osmo-bsc-594654bd47-jlvm5,1,5
1781677495,gsm-5,osmo-bts-virtual-5f8b9b86fc-vtpf2,14,5
1781677495,gsm-5,osmo-hlr-546bdb8988-mf548,1,2
1781677495,gsm-5,osmo-mgw-8c8fc67d6-x9c6z,1,2
1781677495,gsm-5,osmo-mobile-59d8d55bb5-fj7g6,3,35
1781677495,gsm-5,osmo-stp-768687f494-lr7gx,1,2
1781677495,gsm-5,ttcn3-tc-26-7-4-2-2-1-1-z8zjl,1,13
1781677495,gsm-5,virtphy-b55647b48-jwmkm,6,1
1781677497,gsm-5,msc-test-stub-5b875d749d-2dpsk,1,16
1781677497,gsm-5,osmo-bsc-594654bd47-jlvm5,1,5
1781677497,gsm-5,osmo-bts-virtual-5f8b9b86fc-vtpf2,14,5
1781677497,gsm-5,osmo-hlr-546bdb8988-mf548,1,2
1781677497,gsm-5,osmo-mgw-8c8fc67d6-x9c6z,1,2
1781677497,gsm-5,osmo-mobile-59d8d55bb5-fj7g6,3,35
1781677497,gsm-5,osmo-stp-768687f494-lr7gx,1,2
1781677497,gsm-5,ttcn3-tc-26-7-4-2-2-1-1-z8zjl,1,13
1781677497,gsm-5,virtphy-b55647b48-jwmkm,6,1
1781677499,gsm-5,msc-test-stub-5b875d749d-2dpsk,1,16
1781677499,gsm-5,osmo-bsc-594654bd47-jlvm5,1,5
1781677499,gsm-5,osmo-bts-virtual-5f8b9b86fc-vtpf2,14,5
1781677499,gsm-5,osmo-hlr-546bdb8988-mf548,1,2
1781677499,gsm-5,osmo-mgw-8c8fc67d6-x9c6z,1,2
1781677499,gsm-5,osmo-mobile-59d8d55bb5-fj7g6,3,35
1781677499,gsm-5,osmo-stp-768687f494-lr7gx,1,2
1781677499,gsm-5,ttcn3-tc-26-7-4-2-2-1-1-z8zjl,1,13
1781677499,gsm-5,virtphy-b55647b48-jwmkm,6,1
1781677501,gsm-5,msc-test-stub-5b875d749d-2dpsk,1,16
1781677501,gsm-5,osmo-bsc-594654bd47-jlvm5,1,5
1781677501,gsm-5,osmo-bts-virtual-5f8b9b86fc-vtpf2,14,5
1781677501,gsm-5,osmo-hlr-546bdb8988-mf548,1,2
1781677501,gsm-5,osmo-mgw-8c8fc67d6-x9c6z,1,2
1781677501,gsm-5,osmo-mobile-59d8d55bb5-fj7g6,3,35
1781677501,gsm-5,osmo-stp-768687f494-lr7gx,1,2
1781677501,gsm-5,ttcn3-tc-26-7-4-2-2-1-1-z8zjl,1,13
1781677501,gsm-5,virtphy-b55647b48-jwmkm,6,1
1781677503,gsm-5,msc-test-stub-5b875d749d-2dpsk,1,16
1781677503,gsm-5,osmo-bsc-594654bd47-jlvm5,1,5
1781677503,gsm-5,osmo-bts-virtual-5f8b9b86fc-vtpf2,14,5
1781677503,gsm-5,osmo-hlr-546bdb8988-mf548,1,2
1781677503,gsm-5,osmo-mgw-8c8fc67d6-x9c6z,1,2
1781677503,gsm-5,osmo-mobile-59d8d55bb5-fj7g6,3,35
1781677503,gsm-5,osmo-stp-768687f494-lr7gx,1,2
1781677503,gsm-5,ttcn3-tc-26-7-4-2-2-1-1-z8zjl,1,13
1781677503,gsm-5,virtphy-b55647b48-jwmkm,6,1
1781677505,gsm-5,msc-test-stub-5b875d749d-2dpsk,1,16
1781677505,gsm-5,osmo-bsc-594654bd47-jlvm5,1,5
1781677505,gsm-5,osmo-bts-virtual-5f8b9b86fc-vtpf2,14,5
1781677505,gsm-5,osmo-hlr-546bdb8988-mf548,1,2
1781677505,gsm-5,osmo-mgw-8c8fc67d6-x9c6z,1,2
1781677505,gsm-5,osmo-mobile-59d8d55bb5-fj7g6,3,35
1781677505,gsm-5,osmo-stp-768687f494-lr7gx,1,2
1781677505,gsm-5,ttcn3-tc-26-7-4-2-2-1-1-z8zjl,1,13
1781677505,gsm-5,virtphy-b55647b48-jwmkm,6,1
1781677507,gsm-5,msc-test-stub-5b875d749d-2dpsk,1,16
1781677507,gsm-5,osmo-bsc-594654bd47-jlvm5,1,5
1781677507,gsm-5,osmo-bts-virtual-5f8b9b86fc-vtpf2,14,5
1781677507,gsm-5,osmo-hlr-546bdb8988-mf548,1,2
1781677507,gsm-5,osmo-mgw-8c8fc67d6-x9c6z,1,2
1781677507,gsm-5,osmo-mobile-59d8d55bb5-fj7g6,3,35
1781677507,gsm-5,osmo-stp-768687f494-lr7gx,1,2
1781677507,gsm-5,ttcn3-tc-26-7-4-2-2-1-1-z8zjl,1,13
1781677507,gsm-5,virtphy-b55647b48-jwmkm,6,1
1781677510,gsm-5,msc-test-stub-5b875d749d-2dpsk,1,16
1781677510,gsm-5,osmo-bsc-594654bd47-jlvm5,1,5
1781677510,gsm-5,osmo-bts-virtual-5f8b9b86fc-vtpf2,14,5
1781677510,gsm-5,osmo-hlr-546bdb8988-mf548,1,2
1781677510,gsm-5,osmo-mgw-8c8fc67d6-x9c6z,1,2
1781677510,gsm-5,osmo-mobile-59d8d55bb5-fj7g6,3,35
1781677510,gsm-5,osmo-stp-768687f494-lr7gx,1,2
1781677510,gsm-5,ttcn3-tc-26-7-4-2-2-1-1-z8zjl,1,13
1781677510,gsm-5,virtphy-b55647b48-jwmkm,6,1
1781677512,gsm-5,msc-test-stub-5b875d749d-2dpsk,1,16
1781677512,gsm-5,osmo-bsc-594654bd47-jlvm5,1,5
1781677512,gsm-5,osmo-bts-virtual-5f8b9b86fc-vtpf2,14,5
1781677512,gsm-5,osmo-hlr-546bdb8988-mf548,1,2
1781677512,gsm-5,osmo-mgw-8c8fc67d6-x9c6z,1,2
1781677512,gsm-5,osmo-mobile-59d8d55bb5-fj7g6,3,35
1781677512,gsm-5,osmo-stp-768687f494-lr7gx,1,2
1781677512,gsm-5,ttcn3-tc-26-7-4-2-2-1-1-z8zjl,1,13
1781677512,gsm-5,virtphy-b55647b48-jwmkm,6,1
1781677514,gsm-5,msc-test-stub-5b875d749d-2dpsk,1,16
1781677514,gsm-5,osmo-bsc-594654bd47-jlvm5,1,5
1781677514,gsm-5,osmo-bts-virtual-5f8b9b86fc-vtpf2,15,5
1781677514,gsm-5,osmo-hlr-546bdb8988-mf548,1,2
1781677514,gsm-5,osmo-mgw-8c8fc67d6-x9c6z,1,2
1781677514,gsm-5,osmo-mobile-59d8d55bb5-fj7g6,3,35
1781677514,gsm-5,osmo-stp-768687f494-lr7gx,1,2
1781677514,gsm-5,ttcn3-tc-26-7-4-2-2-1-1-z8zjl,1,13
1781677514,gsm-5,virtphy-b55647b48-jwmkm,7,1
1781677516,gsm-5,msc-test-stub-5b875d749d-2dpsk,1,16
1781677516,gsm-5,osmo-bsc-594654bd47-jlvm5,1,5
1781677516,gsm-5,osmo-bts-virtual-5f8b9b86fc-vtpf2,15,5
1781677516,gsm-5,osmo-hlr-546bdb8988-mf548,1,2
1781677516,gsm-5,osmo-mgw-8c8fc67d6-x9c6z,1,2
1781677516,gsm-5,osmo-mobile-59d8d55bb5-fj7g6,3,35
1781677516,gsm-5,osmo-stp-768687f494-lr7gx,1,2
1781677516,gsm-5,ttcn3-tc-26-7-4-2-2-1-1-z8zjl,1,13
1781677516,gsm-5,virtphy-b55647b48-jwmkm,7,1
1781677518,gsm-5,msc-test-stub-5b875d749d-2dpsk,1,16
1781677518,gsm-5,osmo-bsc-594654bd47-jlvm5,1,5
1781677518,gsm-5,osmo-bts-virtual-5f8b9b86fc-vtpf2,15,5
1781677518,gsm-5,osmo-hlr-546bdb8988-mf548,1,2
1781677518,gsm-5,osmo-mgw-8c8fc67d6-x9c6z,1,2
1781677518,gsm-5,osmo-mobile-59d8d55bb5-fj7g6,3,35
1781677518,gsm-5,osmo-stp-768687f494-lr7gx,1,2
1781677518,gsm-5,ttcn3-tc-26-7-4-2-2-1-1-z8zjl,1,13
1781677518,gsm-5,virtphy-b55647b48-jwmkm,7,1
1781677520,gsm-5,msc-test-stub-5b875d749d-2dpsk,1,16
1781677520,gsm-5,osmo-bsc-594654bd47-jlvm5,1,5
1781677520,gsm-5,osmo-bts-virtual-5f8b9b86fc-vtpf2,15,5
1781677520,gsm-5,osmo-hlr-546bdb8988-mf548,1,2
1781677520,gsm-5,osmo-mgw-8c8fc67d6-x9c6z,1,2
1781677520,gsm-5,osmo-mobile-59d8d55bb5-fj7g6,3,35
1781677520,gsm-5,osmo-stp-768687f494-lr7gx,1,2
1781677520,gsm-5,ttcn3-tc-26-7-4-2-2-1-1-z8zjl,1,13
1781677520,gsm-5,virtphy-b55647b48-jwmkm,7,1
1781677522,gsm-5,msc-test-stub-5b875d749d-2dpsk,1,16
1781677522,gsm-5,osmo-bsc-594654bd47-jlvm5,1,5
1781677522,gsm-5,osmo-bts-virtual-5f8b9b86fc-vtpf2,15,5
1781677522,gsm-5,osmo-hlr-546bdb8988-mf548,1,2
1781677522,gsm-5,osmo-mgw-8c8fc67d6-x9c6z,1,2
1781677522,gsm-5,osmo-mobile-59d8d55bb5-fj7g6,3,35
1781677522,gsm-5,osmo-stp-768687f494-lr7gx,1,2
1781677522,gsm-5,ttcn3-tc-26-7-4-2-2-1-1-z8zjl,1,13
1781677522,gsm-5,virtphy-b55647b48-jwmkm,7,1
1781677524,gsm-5,msc-test-stub-5b875d749d-2dpsk,1,16
1781677524,gsm-5,osmo-bsc-594654bd47-jlvm5,1,5
1781677524,gsm-5,osmo-bts-virtual-5f8b9b86fc-vtpf2,15,5
1781677524,gsm-5,osmo-hlr-546bdb8988-mf548,1,2
1781677524,gsm-5,osmo-mgw-8c8fc67d6-x9c6z,1,2
1781677524,gsm-5,osmo-mobile-59d8d55bb5-fj7g6,3,35
1781677524,gsm-5,osmo-stp-768687f494-lr7gx,1,2
1781677524,gsm-5,ttcn3-tc-26-7-4-2-2-1-1-z8zjl,1,13
1781677524,gsm-5,virtphy-b55647b48-jwmkm,7,1
1781677526,gsm-5,msc-test-stub-5b875d749d-2dpsk,1,16
1781677526,gsm-5,osmo-bsc-594654bd47-jlvm5,1,5
1781677526,gsm-5,osmo-bts-virtual-5f8b9b86fc-vtpf2,15,5
1781677526,gsm-5,osmo-hlr-546bdb8988-mf548,1,2
1781677526,gsm-5,osmo-mgw-8c8fc67d6-x9c6z,1,2
1781677526,gsm-5,osmo-mobile-59d8d55bb5-fj7g6,3,35
1781677526,gsm-5,osmo-stp-768687f494-lr7gx,1,2
1781677526,gsm-5,ttcn3-tc-26-7-4-2-2-1-1-z8zjl,1,13
1781677526,gsm-5,virtphy-b55647b48-jwmkm,7,1
1781677528,gsm-5,msc-test-stub-5b875d749d-2dpsk,1,16
1781677528,gsm-5,osmo-bsc-594654bd47-jlvm5,1,5
1781677528,gsm-5,osmo-bts-virtual-5f8b9b86fc-vtpf2,15,5
1781677528,gsm-5,osmo-hlr-546bdb8988-mf548,1,2
1781677528,gsm-5,osmo-mgw-8c8fc67d6-x9c6z,1,2
1781677528,gsm-5,osmo-mobile-59d8d55bb5-fj7g6,3,35
1781677528,gsm-5,osmo-stp-768687f494-lr7gx,1,2
1781677528,gsm-5,ttcn3-tc-26-7-4-2-2-1-1-z8zjl,1,13
1781677528,gsm-5,virtphy-b55647b48-jwmkm,6,1
1781677530,gsm-5,msc-test-stub-5b875d749d-2dpsk,1,16
1781677530,gsm-5,osmo-bsc-594654bd47-jlvm5,1,5
1781677530,gsm-5,osmo-bts-virtual-5f8b9b86fc-vtpf2,15,5
1781677530,gsm-5,osmo-hlr-546bdb8988-mf548,1,2
1781677530,gsm-5,osmo-mgw-8c8fc67d6-x9c6z,1,2
1781677530,gsm-5,osmo-mobile-59d8d55bb5-fj7g6,3,35
1781677530,gsm-5,osmo-stp-768687f494-lr7gx,1,2
1781677530,gsm-5,ttcn3-tc-26-7-4-2-2-1-1-z8zjl,1,13
1781677530,gsm-5,virtphy-b55647b48-jwmkm,6,1
1781677532,gsm-5,msc-test-stub-5b875d749d-2dpsk,1,16
1781677532,gsm-5,osmo-bsc-594654bd47-jlvm5,1,5
1781677532,gsm-5,osmo-bts-virtual-5f8b9b86fc-vtpf2,15,5
1781677532,gsm-5,osmo-hlr-546bdb8988-mf548,1,2
1781677532,gsm-5,osmo-mgw-8c8fc67d6-x9c6z,1,2
1781677532,gsm-5,osmo-mobile-59d8d55bb5-fj7g6,3,35
1781677532,gsm-5,osmo-stp-768687f494-lr7gx,1,2
1781677532,gsm-5,ttcn3-tc-26-7-4-2-2-1-1-z8zjl,1,13
1781677532,gsm-5,virtphy-b55647b48-jwmkm,6,1
1781677534,gsm-5,msc-test-stub-5b875d749d-2dpsk,1,16
1781677534,gsm-5,osmo-bsc-594654bd47-jlvm5,1,5
1781677534,gsm-5,osmo-bts-virtual-5f8b9b86fc-vtpf2,15,5
1781677534,gsm-5,osmo-hlr-546bdb8988-mf548,1,2
1781677534,gsm-5,osmo-mgw-8c8fc67d6-x9c6z,1,2
1781677534,gsm-5,osmo-mobile-59d8d55bb5-fj7g6,3,35
1781677534,gsm-5,osmo-stp-768687f494-lr7gx,1,2
1781677534,gsm-5,ttcn3-tc-26-7-4-2-2-1-1-z8zjl,1,13
1781677534,gsm-5,virtphy-b55647b48-jwmkm,6,1
1781677536,gsm-5,msc-test-stub-5b875d749d-2dpsk,1,16
1781677536,gsm-5,osmo-bsc-594654bd47-jlvm5,1,5
1781677536,gsm-5,osmo-bts-virtual-5f8b9b86fc-vtpf2,15,5
1781677536,gsm-5,osmo-hlr-546bdb8988-mf548,1,2
1781677536,gsm-5,osmo-mgw-8c8fc67d6-x9c6z,1,2
1781677536,gsm-5,osmo-mobile-59d8d55bb5-fj7g6,3,35
1781677536,gsm-5,osmo-stp-768687f494-lr7gx,1,2
1781677536,gsm-5,ttcn3-tc-26-7-4-2-2-1-1-z8zjl,1,13
1781677536,gsm-5,virtphy-b55647b48-jwmkm,6,1
1781677538,gsm-5,msc-test-stub-5b875d749d-2dpsk,1,16
1781677538,gsm-5,osmo-bsc-594654bd47-jlvm5,1,5
1781677538,gsm-5,osmo-bts-virtual-5f8b9b86fc-vtpf2,15,5
1781677538,gsm-5,osmo-hlr-546bdb8988-mf548,1,2
1781677538,gsm-5,osmo-mgw-8c8fc67d6-x9c6z,1,2
1781677538,gsm-5,osmo-mobile-59d8d55bb5-fj7g6,3,35
1781677538,gsm-5,osmo-stp-768687f494-lr7gx,1,2
1781677538,gsm-5,ttcn3-tc-26-7-4-2-2-1-1-z8zjl,1,13
1781677538,gsm-5,virtphy-b55647b48-jwmkm,6,1
1781677540,gsm-5,msc-test-stub-5b875d749d-2dpsk,1,16
1781677540,gsm-5,osmo-bsc-594654bd47-jlvm5,1,5
1781677540,gsm-5,osmo-bts-virtual-5f8b9b86fc-vtpf2,15,5
1781677540,gsm-5,osmo-hlr-546bdb8988-mf548,1,2
1781677540,gsm-5,osmo-mgw-8c8fc67d6-x9c6z,1,2
1781677540,gsm-5,osmo-mobile-59d8d55bb5-fj7g6,3,35
1781677540,gsm-5,osmo-stp-768687f494-lr7gx,1,2
1781677540,gsm-5,ttcn3-tc-26-7-4-2-2-1-1-z8zjl,1,13
1781677540,gsm-5,virtphy-b55647b48-jwmkm,6,1
1781677542,gsm-5,msc-test-stub-5b875d749d-2dpsk,1,16
1781677542,gsm-5,osmo-bsc-594654bd47-jlvm5,1,5
1781677542,gsm-5,osmo-bts-virtual-5f8b9b86fc-vtpf2,15,5
1781677542,gsm-5,osmo-hlr-546bdb8988-mf548,1,2
1781677542,gsm-5,osmo-mgw-8c8fc67d6-x9c6z,1,2
1781677542,gsm-5,osmo-mobile-59d8d55bb5-fj7g6,3,35
1781677542,gsm-5,osmo-stp-768687f494-lr7gx,1,2
1781677542,gsm-5,ttcn3-tc-26-7-4-2-2-1-1-z8zjl,1,13
1781677542,gsm-5,virtphy-b55647b48-jwmkm,7,1
1781677545,gsm-5,msc-test-stub-5b875d749d-2dpsk,1,16
1781677545,gsm-5,osmo-bsc-594654bd47-jlvm5,1,5
1781677545,gsm-5,osmo-bts-virtual-5f8b9b86fc-vtpf2,15,5
1781677545,gsm-5,osmo-hlr-546bdb8988-mf548,1,2
1781677545,gsm-5,osmo-mgw-8c8fc67d6-x9c6z,1,2
1781677545,gsm-5,osmo-mobile-59d8d55bb5-fj7g6,3,35
1781677545,gsm-5,osmo-stp-768687f494-lr7gx,1,2
1781677545,gsm-5,ttcn3-tc-26-7-4-2-2-1-1-z8zjl,1,13
1781677545,gsm-5,virtphy-b55647b48-jwmkm,7,1
1781677547,gsm-5,msc-test-stub-5b875d749d-2dpsk,1,16
1781677547,gsm-5,osmo-bsc-594654bd47-jlvm5,1,5
1781677547,gsm-5,osmo-bts-virtual-5f8b9b86fc-vtpf2,15,5
1781677547,gsm-5,osmo-hlr-546bdb8988-mf548,1,2
1781677547,gsm-5,osmo-mgw-8c8fc67d6-x9c6z,1,2
1781677547,gsm-5,osmo-mobile-59d8d55bb5-fj7g6,3,35
1781677547,gsm-5,osmo-stp-768687f494-lr7gx,1,2
1781677547,gsm-5,ttcn3-tc-26-7-4-2-2-1-1-z8zjl,1,13
1781677547,gsm-5,virtphy-b55647b48-jwmkm,7,1
1781677549,gsm-5,msc-test-stub-5b875d749d-2dpsk,1,16
1781677549,gsm-5,osmo-bsc-594654bd47-jlvm5,1,5
1781677549,gsm-5,osmo-bts-virtual-5f8b9b86fc-vtpf2,15,5
1781677549,gsm-5,osmo-hlr-546bdb8988-mf548,1,2
1781677549,gsm-5,osmo-mgw-8c8fc67d6-x9c6z,1,2
1781677549,gsm-5,osmo-mobile-59d8d55bb5-fj7g6,3,35
1781677549,gsm-5,osmo-stp-768687f494-lr7gx,1,2
1781677549,gsm-5,ttcn3-tc-26-7-4-2-2-1-1-z8zjl,1,13
1781677549,gsm-5,virtphy-b55647b48-jwmkm,7,1
1781677551,gsm-5,msc-test-stub-5b875d749d-2dpsk,1,16
1781677551,gsm-5,osmo-bsc-594654bd47-jlvm5,1,5
1781677551,gsm-5,osmo-bts-virtual-5f8b9b86fc-vtpf2,15,5
1781677551,gsm-5,osmo-hlr-546bdb8988-mf548,1,2
1781677551,gsm-5,osmo-mgw-8c8fc67d6-x9c6z,1,2
1781677551,gsm-5,osmo-mobile-59d8d55bb5-fj7g6,3,35
1781677551,gsm-5,osmo-stp-768687f494-lr7gx,1,2
1781677551,gsm-5,ttcn3-tc-26-7-4-2-2-1-1-z8zjl,1,13
1781677551,gsm-5,virtphy-b55647b48-jwmkm,7,1
1781677553,gsm-5,msc-test-stub-5b875d749d-2dpsk,1,16
1781677553,gsm-5,osmo-bsc-594654bd47-jlvm5,1,5
1781677553,gsm-5,osmo-bts-virtual-5f8b9b86fc-vtpf2,15,5
1781677553,gsm-5,osmo-hlr-546bdb8988-mf548,1,2
1781677553,gsm-5,osmo-mgw-8c8fc67d6-x9c6z,1,2
1781677553,gsm-5,osmo-mobile-59d8d55bb5-fj7g6,3,35
1781677553,gsm-5,osmo-stp-768687f494-lr7gx,1,2
1781677553,gsm-5,ttcn3-tc-26-7-4-2-2-1-1-z8zjl,1,13
1781677553,gsm-5,virtphy-b55647b48-jwmkm,7,1
1781677555,gsm-5,msc-test-stub-5b875d749d-2dpsk,1,16
1781677555,gsm-5,osmo-bsc-594654bd47-jlvm5,1,5
1781677555,gsm-5,osmo-bts-virtual-5f8b9b86fc-vtpf2,15,5
1781677555,gsm-5,osmo-hlr-546bdb8988-mf548,1,2
1781677555,gsm-5,osmo-mgw-8c8fc67d6-x9c6z,1,2
1781677555,gsm-5,osmo-mobile-59d8d55bb5-fj7g6,3,35
1781677555,gsm-5,osmo-stp-768687f494-lr7gx,1,2
1781677555,gsm-5,ttcn3-tc-26-7-4-2-2-1-1-z8zjl,1,13
1781677555,gsm-5,virtphy-b55647b48-jwmkm,7,1
1781677557,gsm-5,msc-test-stub-5b875d749d-2dpsk,1,16
1781677557,gsm-5,osmo-bsc-594654bd47-jlvm5,1,5
1781677557,gsm-5,osmo-bts-virtual-5f8b9b86fc-vtpf2,14,5
1781677557,gsm-5,osmo-hlr-546bdb8988-mf548,1,2
1781677557,gsm-5,osmo-mgw-8c8fc67d6-x9c6z,1,2
1781677557,gsm-5,osmo-mobile-59d8d55bb5-fj7g6,3,35
1781677557,gsm-5,osmo-stp-768687f494-lr7gx,1,2
1781677557,gsm-5,ttcn3-tc-26-7-4-2-2-1-1-z8zjl,1,13
1781677557,gsm-5,virtphy-b55647b48-jwmkm,7,1
1781677559,gsm-5,msc-test-stub-5b875d749d-2dpsk,1,16
1781677559,gsm-5,osmo-bsc-594654bd47-jlvm5,1,5
1781677559,gsm-5,osmo-bts-virtual-5f8b9b86fc-vtpf2,14,5
1781677559,gsm-5,osmo-hlr-546bdb8988-mf548,1,2
1781677559,gsm-5,osmo-mgw-8c8fc67d6-x9c6z,1,2
1781677559,gsm-5,osmo-mobile-59d8d55bb5-fj7g6,3,35
1781677559,gsm-5,osmo-stp-768687f494-lr7gx,1,2
1781677559,gsm-5,ttcn3-tc-26-7-4-2-2-1-1-z8zjl,1,13
1781677559,gsm-5,virtphy-b55647b48-jwmkm,7,1
1781677561,gsm-5,msc-test-stub-5b875d749d-2dpsk,1,16
1781677561,gsm-5,osmo-bsc-594654bd47-jlvm5,1,5
1781677561,gsm-5,osmo-bts-virtual-5f8b9b86fc-vtpf2,14,5
1781677561,gsm-5,osmo-hlr-546bdb8988-mf548,1,2
1781677561,gsm-5,osmo-mgw-8c8fc67d6-x9c6z,1,2
1781677561,gsm-5,osmo-mobile-59d8d55bb5-fj7g6,3,35
1781677561,gsm-5,osmo-stp-768687f494-lr7gx,1,2
1781677561,gsm-5,ttcn3-tc-26-7-4-2-2-1-1-z8zjl,1,13
1781677561,gsm-5,virtphy-b55647b48-jwmkm,7,1
1781677563,gsm-5,msc-test-stub-5b875d749d-2dpsk,1,16
1781677563,gsm-5,osmo-bsc-594654bd47-jlvm5,1,5
1781677563,gsm-5,osmo-bts-virtual-5f8b9b86fc-vtpf2,14,5
1781677563,gsm-5,osmo-hlr-546bdb8988-mf548,1,2
1781677563,gsm-5,osmo-mgw-8c8fc67d6-x9c6z,1,2
1781677563,gsm-5,osmo-mobile-59d8d55bb5-fj7g6,3,35
1781677563,gsm-5,osmo-stp-768687f494-lr7gx,1,2
1781677563,gsm-5,ttcn3-tc-26-7-4-2-2-1-1-z8zjl,1,13
1781677563,gsm-5,virtphy-b55647b48-jwmkm,7,1
1781677565,gsm-5,msc-test-stub-5b875d749d-2dpsk,1,16
1781677565,gsm-5,osmo-bsc-594654bd47-jlvm5,1,5
1781677565,gsm-5,osmo-bts-virtual-5f8b9b86fc-vtpf2,14,5
1781677565,gsm-5,osmo-hlr-546bdb8988-mf548,1,2
1781677565,gsm-5,osmo-mgw-8c8fc67d6-x9c6z,1,2
1781677565,gsm-5,osmo-mobile-59d8d55bb5-fj7g6,3,35
1781677565,gsm-5,osmo-stp-768687f494-lr7gx,1,2
1781677565,gsm-5,ttcn3-tc-26-7-4-2-2-1-1-z8zjl,1,13
1781677565,gsm-5,virtphy-b55647b48-jwmkm,7,1
1781677567,gsm-5,msc-test-stub-5b875d749d-2dpsk,1,16
1781677567,gsm-5,osmo-bsc-594654bd47-jlvm5,1,5
1781677567,gsm-5,osmo-bts-virtual-5f8b9b86fc-vtpf2,14,5
1781677567,gsm-5,osmo-hlr-546bdb8988-mf548,1,2
1781677567,gsm-5,osmo-mgw-8c8fc67d6-x9c6z,1,2
1781677567,gsm-5,osmo-mobile-59d8d55bb5-fj7g6,3,35
1781677567,gsm-5,osmo-stp-768687f494-lr7gx,1,2
1781677567,gsm-5,ttcn3-tc-26-7-4-2-2-1-1-z8zjl,1,13
1781677567,gsm-5,virtphy-b55647b48-jwmkm,7,1
1781677570,gsm-5,msc-test-stub-5b875d749d-2dpsk,1,16
1781677570,gsm-5,osmo-bsc-594654bd47-jlvm5,1,5
1781677570,gsm-5,osmo-bts-virtual-5f8b9b86fc-vtpf2,14,5
1781677570,gsm-5,osmo-hlr-546bdb8988-mf548,1,2
1781677570,gsm-5,osmo-mgw-8c8fc67d6-x9c6z,1,2
1781677570,gsm-5,osmo-mobile-59d8d55bb5-fj7g6,3,35
1781677570,gsm-5,osmo-stp-768687f494-lr7gx,1,2
1781677570,gsm-5,ttcn3-tc-26-7-4-2-2-1-1-z8zjl,1,13
1781677570,gsm-5,virtphy-b55647b48-jwmkm,7,1
1781677572,gsm-5,msc-test-stub-5b875d749d-2dpsk,1,16
1781677572,gsm-5,osmo-bsc-594654bd47-jlvm5,1,5
1781677572,gsm-5,osmo-bts-virtual-5f8b9b86fc-vtpf2,14,5
1781677572,gsm-5,osmo-hlr-546bdb8988-mf548,1,2
1781677572,gsm-5,osmo-mgw-8c8fc67d6-x9c6z,1,2
1781677572,gsm-5,osmo-mobile-59d8d55bb5-fj7g6,3,35
1781677572,gsm-5,osmo-stp-768687f494-lr7gx,1,2
1781677572,gsm-5,ttcn3-tc-26-7-4-2-2-1-1-z8zjl,1,13
1781677572,gsm-5,virtphy-b55647b48-jwmkm,7,1
1781677574,gsm-5,msc-test-stub-5b875d749d-2dpsk,1,16
1781677574,gsm-5,osmo-bsc-594654bd47-jlvm5,1,5
1781677574,gsm-5,osmo-bts-virtual-5f8b9b86fc-vtpf2,14,5
1781677574,gsm-5,osmo-hlr-546bdb8988-mf548,1,2
1781677574,gsm-5,osmo-mgw-8c8fc67d6-x9c6z,1,2
1781677574,gsm-5,osmo-mobile-59d8d55bb5-fj7g6,3,35
1781677574,gsm-5,osmo-stp-768687f494-lr7gx,1,2
1781677574,gsm-5,ttcn3-tc-26-7-4-2-2-1-1-z8zjl,1,13
1781677574,gsm-5,virtphy-b55647b48-jwmkm,5,1
1781677576,gsm-5,msc-test-stub-5b875d749d-2dpsk,1,16
1781677576,gsm-5,osmo-bsc-594654bd47-jlvm5,1,5
1781677576,gsm-5,osmo-bts-virtual-5f8b9b86fc-vtpf2,14,5
1781677576,gsm-5,osmo-hlr-546bdb8988-mf548,1,2
1781677576,gsm-5,osmo-mgw-8c8fc67d6-x9c6z,1,2
1781677576,gsm-5,osmo-mobile-59d8d55bb5-fj7g6,3,35
1781677576,gsm-5,osmo-stp-768687f494-lr7gx,1,2
1781677576,gsm-5,ttcn3-tc-26-7-4-2-2-1-1-z8zjl,1,13
1781677576,gsm-5,virtphy-b55647b48-jwmkm,5,1
1781677578,gsm-5,msc-test-stub-5b875d749d-2dpsk,1,16
1781677578,gsm-5,osmo-bsc-594654bd47-jlvm5,1,5
1781677578,gsm-5,osmo-bts-virtual-5f8b9b86fc-vtpf2,14,5
1781677578,gsm-5,osmo-hlr-546bdb8988-mf548,1,2
1781677578,gsm-5,osmo-mgw-8c8fc67d6-x9c6z,1,2
1781677578,gsm-5,osmo-mobile-59d8d55bb5-fj7g6,3,35
1781677578,gsm-5,osmo-stp-768687f494-lr7gx,1,2
1781677578,gsm-5,ttcn3-tc-26-7-4-2-2-1-1-z8zjl,1,13
1781677578,gsm-5,virtphy-b55647b48-jwmkm,5,1
1781677580,gsm-5,msc-test-stub-5b875d749d-2dpsk,1,16
1781677580,gsm-5,osmo-bsc-594654bd47-jlvm5,1,5
1781677580,gsm-5,osmo-bts-virtual-5f8b9b86fc-vtpf2,14,5
1781677580,gsm-5,osmo-hlr-546bdb8988-mf548,1,2
1781677580,gsm-5,osmo-mgw-8c8fc67d6-x9c6z,1,2
1781677580,gsm-5,osmo-mobile-59d8d55bb5-fj7g6,3,35
1781677580,gsm-5,osmo-stp-768687f494-lr7gx,1,2
1781677580,gsm-5,ttcn3-tc-26-7-4-2-2-1-1-z8zjl,1,13
1781677580,gsm-5,virtphy-b55647b48-jwmkm,5,1
1781677582,gsm-5,msc-test-stub-5b875d749d-2dpsk,1,16
1781677582,gsm-5,osmo-bsc-594654bd47-jlvm5,1,5
1781677582,gsm-5,osmo-bts-virtual-5f8b9b86fc-vtpf2,14,5
1781677582,gsm-5,osmo-hlr-546bdb8988-mf548,1,2
1781677582,gsm-5,osmo-mgw-8c8fc67d6-x9c6z,1,2
1781677582,gsm-5,osmo-mobile-59d8d55bb5-fj7g6,3,35
1781677582,gsm-5,osmo-stp-768687f494-lr7gx,1,2
1781677582,gsm-5,ttcn3-tc-26-7-4-2-2-1-1-z8zjl,1,13
1781677582,gsm-5,virtphy-b55647b48-jwmkm,5,1
1781677584,gsm-5,msc-test-stub-5b875d749d-2dpsk,1,16
1781677584,gsm-5,osmo-bsc-594654bd47-jlvm5,1,5
1781677584,gsm-5,osmo-bts-virtual-5f8b9b86fc-vtpf2,14,5
1781677584,gsm-5,osmo-hlr-546bdb8988-mf548,1,2
1781677584,gsm-5,osmo-mgw-8c8fc67d6-x9c6z,1,2
1781677584,gsm-5,osmo-mobile-59d8d55bb5-fj7g6,3,35
1781677584,gsm-5,osmo-stp-768687f494-lr7gx,1,2
1781677584,gsm-5,ttcn3-tc-26-7-4-2-2-1-1-z8zjl,1,13
1781677584,gsm-5,virtphy-b55647b48-jwmkm,5,1
1781677586,gsm-5,msc-test-stub-5b875d749d-2dpsk,1,16
1781677586,gsm-5,osmo-bsc-594654bd47-jlvm5,1,5
1781677586,gsm-5,osmo-bts-virtual-5f8b9b86fc-vtpf2,14,5
1781677586,gsm-5,osmo-hlr-546bdb8988-mf548,1,2
1781677586,gsm-5,osmo-mgw-8c8fc67d6-x9c6z,1,2
1781677586,gsm-5,osmo-mobile-59d8d55bb5-fj7g6,3,35
1781677586,gsm-5,osmo-stp-768687f494-lr7gx,1,2
1781677586,gsm-5,ttcn3-tc-26-7-4-2-2-1-1-z8zjl,1,13
1781677586,gsm-5,virtphy-b55647b48-jwmkm,5,1
1781677588,gsm-5,msc-test-stub-5b875d749d-2dpsk,1,16
1781677588,gsm-5,osmo-bsc-594654bd47-jlvm5,1,5
1781677588,gsm-5,osmo-bts-virtual-5f8b9b86fc-vtpf2,15,5
1781677588,gsm-5,osmo-hlr-546bdb8988-mf548,1,2
1781677588,gsm-5,osmo-mgw-8c8fc67d6-x9c6z,1,2
1781677588,gsm-5,osmo-mobile-59d8d55bb5-fj7g6,3,35
1781677588,gsm-5,osmo-stp-768687f494-lr7gx,1,2
1781677588,gsm-5,ttcn3-tc-26-7-4-2-2-1-1-z8zjl,2,13
1781677588,gsm-5,virtphy-b55647b48-jwmkm,7,1
1781677590,gsm-5,msc-test-stub-5b875d749d-2dpsk,1,16
1781677590,gsm-5,osmo-bsc-594654bd47-jlvm5,1,5
1781677590,gsm-5,osmo-bts-virtual-5f8b9b86fc-vtpf2,15,5
1781677590,gsm-5,osmo-hlr-546bdb8988-mf548,1,2
1781677590,gsm-5,osmo-mgw-8c8fc67d6-x9c6z,1,2
1781677590,gsm-5,osmo-mobile-59d8d55bb5-fj7g6,3,35
1781677590,gsm-5,osmo-stp-768687f494-lr7gx,1,2
1781677590,gsm-5,ttcn3-tc-26-7-4-2-2-1-1-z8zjl,2,13
1781677590,gsm-5,virtphy-b55647b48-jwmkm,7,1
1781677592,gsm-5,msc-test-stub-5b875d749d-2dpsk,1,16
1781677592,gsm-5,osmo-bsc-594654bd47-jlvm5,1,5
1781677592,gsm-5,osmo-bts-virtual-5f8b9b86fc-vtpf2,15,5
1781677592,gsm-5,osmo-hlr-546bdb8988-mf548,1,2
1781677592,gsm-5,osmo-mgw-8c8fc67d6-x9c6z,1,2
1781677592,gsm-5,osmo-mobile-59d8d55bb5-fj7g6,3,35
1781677592,gsm-5,osmo-stp-768687f494-lr7gx,1,2
1781677592,gsm-5,ttcn3-tc-26-7-4-2-2-1-1-z8zjl,2,13
1781677592,gsm-5,virtphy-b55647b48-jwmkm,7,1
1781677594,gsm-5,msc-test-stub-5b875d749d-2dpsk,1,16
1781677594,gsm-5,osmo-bsc-594654bd47-jlvm5,1,5
1781677594,gsm-5,osmo-bts-virtual-5f8b9b86fc-vtpf2,15,5
1781677594,gsm-5,osmo-hlr-546bdb8988-mf548,1,2
1781677594,gsm-5,osmo-mgw-8c8fc67d6-x9c6z,1,2
1781677594,gsm-5,osmo-mobile-59d8d55bb5-fj7g6,3,35
1781677594,gsm-5,osmo-stp-768687f494-lr7gx,1,2
1781677594,gsm-5,ttcn3-tc-26-7-4-2-2-1-1-z8zjl,2,13
1781677594,gsm-5,virtphy-b55647b48-jwmkm,7,1
1781677596,gsm-5,msc-test-stub-5b875d749d-2dpsk,1,16
1781677596,gsm-5,osmo-bsc-594654bd47-jlvm5,1,5
1781677596,gsm-5,osmo-bts-virtual-5f8b9b86fc-vtpf2,15,5
1781677596,gsm-5,osmo-hlr-546bdb8988-mf548,1,2
1781677596,gsm-5,osmo-mgw-8c8fc67d6-x9c6z,1,2
1781677596,gsm-5,osmo-mobile-59d8d55bb5-fj7g6,3,35
1781677596,gsm-5,osmo-stp-768687f494-lr7gx,1,2
1781677596,gsm-5,ttcn3-tc-26-7-4-2-2-1-1-z8zjl,2,13
1781677596,gsm-5,virtphy-b55647b48-jwmkm,7,1
1781677598,gsm-5,msc-test-stub-5b875d749d-2dpsk,1,16
1781677598,gsm-5,osmo-bsc-594654bd47-jlvm5,1,5
1781677598,gsm-5,osmo-bts-virtual-5f8b9b86fc-vtpf2,15,5
1781677598,gsm-5,osmo-hlr-546bdb8988-mf548,1,2
1781677598,gsm-5,osmo-mgw-8c8fc67d6-x9c6z,1,2
1781677598,gsm-5,osmo-mobile-59d8d55bb5-fj7g6,3,35
1781677598,gsm-5,osmo-stp-768687f494-lr7gx,1,2
1781677598,gsm-5,ttcn3-tc-26-7-4-2-2-1-1-z8zjl,2,13
1781677598,gsm-5,virtphy-b55647b48-jwmkm,7,1
1781677600,gsm-5,msc-test-stub-5b875d749d-2dpsk,1,16
1781677600,gsm-5,osmo-bsc-594654bd47-jlvm5,1,5
1781677600,gsm-5,osmo-bts-virtual-5f8b9b86fc-vtpf2,15,5
1781677600,gsm-5,osmo-hlr-546bdb8988-mf548,1,2
1781677600,gsm-5,osmo-mgw-8c8fc67d6-x9c6z,1,2
1781677600,gsm-5,osmo-mobile-59d8d55bb5-fj7g6,3,35
1781677600,gsm-5,osmo-stp-768687f494-lr7gx,1,2
1781677600,gsm-5,ttcn3-tc-26-7-4-2-2-1-1-z8zjl,2,13
1781677600,gsm-5,virtphy-b55647b48-jwmkm,7,1
1781677602,gsm-5,msc-test-stub-5b875d749d-2dpsk,1,16
1781677602,gsm-5,osmo-bsc-594654bd47-jlvm5,1,5
1781677602,gsm-5,osmo-bts-virtual-5f8b9b86fc-vtpf2,15,5
1781677602,gsm-5,osmo-hlr-546bdb8988-mf548,1,2
1781677602,gsm-5,osmo-mgw-8c8fc67d6-x9c6z,1,2
1781677602,gsm-5,osmo-mobile-59d8d55bb5-fj7g6,3,35
1781677602,gsm-5,osmo-stp-768687f494-lr7gx,1,2
1781677602,gsm-5,ttcn3-tc-26-7-4-2-2-1-1-z8zjl,1,13
1781677602,gsm-5,virtphy-b55647b48-jwmkm,7,1
1781677604,gsm-5,msc-test-stub-5b875d749d-2dpsk,1,16
1781677604,gsm-5,osmo-bsc-594654bd47-jlvm5,1,5
1781677604,gsm-5,osmo-bts-virtual-5f8b9b86fc-vtpf2,15,5
1781677604,gsm-5,osmo-hlr-546bdb8988-mf548,1,2
1781677604,gsm-5,osmo-mgw-8c8fc67d6-x9c6z,1,2
1781677604,gsm-5,osmo-mobile-59d8d55bb5-fj7g6,3,35
1781677604,gsm-5,osmo-stp-768687f494-lr7gx,1,2
1781677604,gsm-5,ttcn3-tc-26-7-4-2-2-1-1-z8zjl,1,13
1781677604,gsm-5,virtphy-b55647b48-jwmkm,7,1
1781677607,gsm-5,msc-test-stub-5b875d749d-2dpsk,1,16
1781677607,gsm-5,osmo-bsc-594654bd47-jlvm5,1,5
1781677607,gsm-5,osmo-bts-virtual-5f8b9b86fc-vtpf2,15,5
1781677607,gsm-5,osmo-hlr-546bdb8988-mf548,1,2
1781677607,gsm-5,osmo-mgw-8c8fc67d6-x9c6z,1,2
1781677607,gsm-5,osmo-mobile-59d8d55bb5-fj7g6,3,35
1781677607,gsm-5,osmo-stp-768687f494-lr7gx,1,2
1781677607,gsm-5,ttcn3-tc-26-7-4-2-2-1-1-z8zjl,1,13
1781677607,gsm-5,virtphy-b55647b48-jwmkm,7,1
1781677609,gsm-5,msc-test-stub-5b875d749d-2dpsk,1,16
1781677609,gsm-5,osmo-bsc-594654bd47-jlvm5,1,5
1781677609,gsm-5,osmo-bts-virtual-5f8b9b86fc-vtpf2,15,5
1781677609,gsm-5,osmo-hlr-546bdb8988-mf548,1,2
1781677609,gsm-5,osmo-mgw-8c8fc67d6-x9c6z,1,2
1781677609,gsm-5,osmo-mobile-59d8d55bb5-fj7g6,3,35
1781677609,gsm-5,osmo-stp-768687f494-lr7gx,1,2
1781677609,gsm-5,ttcn3-tc-26-7-4-2-2-1-1-z8zjl,1,13
1781677609,gsm-5,virtphy-b55647b48-jwmkm,7,1
1781677611,gsm-5,msc-test-stub-5b875d749d-2dpsk,1,16
1781677611,gsm-5,osmo-bsc-594654bd47-jlvm5,1,5
1781677611,gsm-5,osmo-bts-virtual-5f8b9b86fc-vtpf2,15,5
1781677611,gsm-5,osmo-hlr-546bdb8988-mf548,1,2
1781677611,gsm-5,osmo-mgw-8c8fc67d6-x9c6z,1,2
1781677611,gsm-5,osmo-mobile-59d8d55bb5-fj7g6,3,35
1781677611,gsm-5,osmo-stp-768687f494-lr7gx,1,2
1781677611,gsm-5,ttcn3-tc-26-7-4-2-2-1-1-z8zjl,1,13
1781677611,gsm-5,virtphy-b55647b48-jwmkm,7,1
1781677613,gsm-5,msc-test-stub-5b875d749d-2dpsk,1,16
1781677613,gsm-5,osmo-bsc-594654bd47-jlvm5,1,5
1781677613,gsm-5,osmo-bts-virtual-5f8b9b86fc-vtpf2,15,5
1781677613,gsm-5,osmo-hlr-546bdb8988-mf548,1,2
1781677613,gsm-5,osmo-mgw-8c8fc67d6-x9c6z,1,2
1781677613,gsm-5,osmo-mobile-59d8d55bb5-fj7g6,3,35
1781677613,gsm-5,osmo-stp-768687f494-lr7gx,1,2
1781677613,gsm-5,ttcn3-tc-26-7-4-2-2-1-1-z8zjl,1,13
1781677613,gsm-5,virtphy-b55647b48-jwmkm,7,1
1781677615,gsm-5,msc-test-stub-5b875d749d-2dpsk,1,16
1781677615,gsm-5,osmo-bsc-594654bd47-jlvm5,1,5
1781677615,gsm-5,osmo-bts-virtual-5f8b9b86fc-vtpf2,15,5
1781677615,gsm-5,osmo-hlr-546bdb8988-mf548,1,2
1781677615,gsm-5,osmo-mgw-8c8fc67d6-x9c6z,1,2
1781677615,gsm-5,osmo-mobile-59d8d55bb5-fj7g6,3,35
1781677615,gsm-5,osmo-stp-768687f494-lr7gx,1,2
1781677615,gsm-5,ttcn3-tc-26-7-4-2-2-1-1-z8zjl,1,13
1781677615,gsm-5,virtphy-b55647b48-jwmkm,7,1
1781677617,gsm-5,msc-test-stub-5b875d749d-2dpsk,1,16
1781677617,gsm-5,osmo-bsc-594654bd47-jlvm5,1,5
1781677617,gsm-5,osmo-bts-virtual-5f8b9b86fc-vtpf2,15,5
1781677617,gsm-5,osmo-hlr-546bdb8988-mf548,1,2
1781677617,gsm-5,osmo-mgw-8c8fc67d6-x9c6z,1,2
1781677617,gsm-5,osmo-mobile-59d8d55bb5-fj7g6,3,35
1781677617,gsm-5,osmo-stp-768687f494-lr7gx,1,2
1781677617,gsm-5,ttcn3-tc-26-7-4-2-2-1-1-z8zjl,1,13
1781677617,gsm-5,virtphy-b55647b48-jwmkm,7,1
1781677619,gsm-5,msc-test-stub-5b875d749d-2dpsk,1,16
1781677619,gsm-5,osmo-bsc-594654bd47-jlvm5,1,5
1781677619,gsm-5,osmo-bts-virtual-5f8b9b86fc-vtpf2,14,5
1781677619,gsm-5,osmo-hlr-546bdb8988-mf548,1,2
1781677619,gsm-5,osmo-mgw-8c8fc67d6-x9c6z,1,2
1781677619,gsm-5,osmo-mobile-59d8d55bb5-fj7g6,3,35
1781677619,gsm-5,osmo-stp-768687f494-lr7gx,1,2
1781677619,gsm-5,ttcn3-tc-26-7-4-2-2-1-1-z8zjl,1,13
1781677619,gsm-5,virtphy-b55647b48-jwmkm,6,1
1781677621,gsm-5,msc-test-stub-5b875d749d-2dpsk,1,16
1781677621,gsm-5,osmo-bsc-594654bd47-jlvm5,1,5
1781677621,gsm-5,osmo-bts-virtual-5f8b9b86fc-vtpf2,14,5
1781677621,gsm-5,osmo-hlr-546bdb8988-mf548,1,2
1781677621,gsm-5,osmo-mgw-8c8fc67d6-x9c6z,1,2
1781677621,gsm-5,osmo-mobile-59d8d55bb5-fj7g6,3,35
1781677621,gsm-5,osmo-stp-768687f494-lr7gx,1,2
1781677621,gsm-5,ttcn3-tc-26-7-4-2-2-1-1-z8zjl,1,13
1781677621,gsm-5,virtphy-b55647b48-jwmkm,6,1
1781677623,gsm-5,msc-test-stub-5b875d749d-2dpsk,1,16
1781677623,gsm-5,osmo-bsc-594654bd47-jlvm5,1,5
1781677623,gsm-5,osmo-bts-virtual-5f8b9b86fc-vtpf2,14,5
1781677623,gsm-5,osmo-hlr-546bdb8988-mf548,1,2
1781677623,gsm-5,osmo-mgw-8c8fc67d6-x9c6z,1,2
1781677623,gsm-5,osmo-mobile-59d8d55bb5-fj7g6,3,35
1781677623,gsm-5,osmo-stp-768687f494-lr7gx,1,2
1781677623,gsm-5,ttcn3-tc-26-7-4-2-2-1-1-z8zjl,1,13
1781677623,gsm-5,virtphy-b55647b48-jwmkm,6,1
1781677625,gsm-5,msc-test-stub-5b875d749d-2dpsk,1,16
1781677625,gsm-5,osmo-bsc-594654bd47-jlvm5,1,5
1781677625,gsm-5,osmo-bts-virtual-5f8b9b86fc-vtpf2,14,5
1781677625,gsm-5,osmo-hlr-546bdb8988-mf548,1,2
1781677625,gsm-5,osmo-mgw-8c8fc67d6-x9c6z,1,2
1781677625,gsm-5,osmo-mobile-59d8d55bb5-fj7g6,3,35
1781677625,gsm-5,osmo-stp-768687f494-lr7gx,1,2
1781677625,gsm-5,ttcn3-tc-26-7-4-2-2-1-1-z8zjl,1,13
1781677625,gsm-5,virtphy-b55647b48-jwmkm,6,1
1781677627,gsm-5,msc-test-stub-5b875d749d-2dpsk,1,16
1781677627,gsm-5,osmo-bsc-594654bd47-jlvm5,1,5
1781677627,gsm-5,osmo-bts-virtual-5f8b9b86fc-vtpf2,14,5
1781677627,gsm-5,osmo-hlr-546bdb8988-mf548,1,2
1781677627,gsm-5,osmo-mgw-8c8fc67d6-x9c6z,1,2
1781677627,gsm-5,osmo-mobile-59d8d55bb5-fj7g6,3,35
1781677627,gsm-5,osmo-stp-768687f494-lr7gx,1,2
1781677627,gsm-5,ttcn3-tc-26-7-4-2-2-1-1-z8zjl,1,13
1781677627,gsm-5,virtphy-b55647b48-jwmkm,6,1
1781677629,gsm-5,msc-test-stub-5b875d749d-2dpsk,1,16
1781677629,gsm-5,osmo-bsc-594654bd47-jlvm5,1,5
1781677629,gsm-5,osmo-bts-virtual-5f8b9b86fc-vtpf2,14,5
1781677629,gsm-5,osmo-hlr-546bdb8988-mf548,1,2
1781677629,gsm-5,osmo-mgw-8c8fc67d6-x9c6z,1,2
1781677629,gsm-5,osmo-mobile-59d8d55bb5-fj7g6,3,35
1781677629,gsm-5,osmo-stp-768687f494-lr7gx,1,2
1781677629,gsm-5,ttcn3-tc-26-7-4-2-2-1-1-z8zjl,1,13
1781677629,gsm-5,virtphy-b55647b48-jwmkm,6,1
1781677631,gsm-5,msc-test-stub-5b875d749d-2dpsk,1,16
1781677631,gsm-5,osmo-bsc-594654bd47-jlvm5,1,5
1781677631,gsm-5,osmo-bts-virtual-5f8b9b86fc-vtpf2,14,5
1781677631,gsm-5,osmo-hlr-546bdb8988-mf548,1,2
1781677631,gsm-5,osmo-mgw-8c8fc67d6-x9c6z,1,2
1781677631,gsm-5,osmo-mobile-59d8d55bb5-fj7g6,3,35
1781677631,gsm-5,osmo-stp-768687f494-lr7gx,1,2
1781677631,gsm-5,ttcn3-tc-26-7-4-2-2-1-1-z8zjl,1,13
1781677631,gsm-5,virtphy-b55647b48-jwmkm,6,1
1781677633,gsm-5,msc-test-stub-5b875d749d-2dpsk,1,16
1781677633,gsm-5,osmo-bsc-594654bd47-jlvm5,1,5
1781677633,gsm-5,osmo-bts-virtual-5f8b9b86fc-vtpf2,14,5
1781677633,gsm-5,osmo-hlr-546bdb8988-mf548,1,2
1781677633,gsm-5,osmo-mgw-8c8fc67d6-x9c6z,1,2
1781677633,gsm-5,osmo-mobile-59d8d55bb5-fj7g6,3,35
1781677633,gsm-5,osmo-stp-768687f494-lr7gx,1,2
1781677633,gsm-5,ttcn3-tc-26-7-4-2-2-1-1-z8zjl,1,13
1781677633,gsm-5,virtphy-b55647b48-jwmkm,6,1
1781677635,gsm-5,msc-test-stub-5b875d749d-2dpsk,1,16
1781677635,gsm-5,osmo-bsc-594654bd47-jlvm5,1,5
1781677635,gsm-5,osmo-bts-virtual-5f8b9b86fc-vtpf2,14,5
1781677635,gsm-5,osmo-hlr-546bdb8988-mf548,1,2
1781677635,gsm-5,osmo-mgw-8c8fc67d6-x9c6z,1,2
1781677635,gsm-5,osmo-mobile-59d8d55bb5-fj7g6,3,35
1781677635,gsm-5,osmo-stp-768687f494-lr7gx,1,2
1781677635,gsm-5,ttcn3-tc-26-7-4-2-2-1-1-z8zjl,1,13
1781677635,gsm-5,virtphy-b55647b48-jwmkm,6,1
1781677638,gsm-5,msc-test-stub-5b875d749d-2dpsk,1,16
1781677638,gsm-5,osmo-bsc-594654bd47-jlvm5,1,5
1781677638,gsm-5,osmo-bts-virtual-5f8b9b86fc-vtpf2,14,5
1781677638,gsm-5,osmo-hlr-546bdb8988-mf548,1,2
1781677638,gsm-5,osmo-mgw-8c8fc67d6-x9c6z,1,2
1781677638,gsm-5,osmo-mobile-59d8d55bb5-fj7g6,3,35
1781677638,gsm-5,osmo-stp-768687f494-lr7gx,1,2
1781677638,gsm-5,ttcn3-tc-26-7-4-2-2-1-1-z8zjl,1,13
1781677638,gsm-5,virtphy-b55647b48-jwmkm,6,1
1781677640,gsm-5,msc-test-stub-5b875d749d-2dpsk,1,16
1781677640,gsm-5,osmo-bsc-594654bd47-jlvm5,1,5
1781677640,gsm-5,osmo-bts-virtual-5f8b9b86fc-vtpf2,14,5
1781677640,gsm-5,osmo-hlr-546bdb8988-mf548,1,2
1781677640,gsm-5,osmo-mgw-8c8fc67d6-x9c6z,1,2
1781677640,gsm-5,osmo-mobile-59d8d55bb5-fj7g6,3,35
1781677640,gsm-5,osmo-stp-768687f494-lr7gx,1,2
1781677640,gsm-5,ttcn3-tc-26-7-4-2-2-1-1-z8zjl,1,13
1781677640,gsm-5,virtphy-b55647b48-jwmkm,6,1
1781677642,gsm-5,msc-test-stub-5b875d749d-2dpsk,1,16
1781677642,gsm-5,osmo-bsc-594654bd47-jlvm5,1,5
1781677642,gsm-5,osmo-bts-virtual-5f8b9b86fc-vtpf2,14,5
1781677642,gsm-5,osmo-hlr-546bdb8988-mf548,1,2
1781677642,gsm-5,osmo-mgw-8c8fc67d6-x9c6z,1,2
1781677642,gsm-5,osmo-mobile-59d8d55bb5-fj7g6,3,35
1781677642,gsm-5,osmo-stp-768687f494-lr7gx,1,2
1781677642,gsm-5,ttcn3-tc-26-7-4-2-2-1-1-z8zjl,1,13
1781677642,gsm-5,virtphy-b55647b48-jwmkm,6,1
1781677644,gsm-5,msc-test-stub-5b875d749d-2dpsk,1,16
1781677644,gsm-5,osmo-bsc-594654bd47-jlvm5,1,5
1781677644,gsm-5,osmo-bts-virtual-5f8b9b86fc-vtpf2,14,5
1781677644,gsm-5,osmo-hlr-546bdb8988-mf548,1,2
1781677644,gsm-5,osmo-mgw-8c8fc67d6-x9c6z,1,2
1781677644,gsm-5,osmo-mobile-59d8d55bb5-fj7g6,3,35
1781677644,gsm-5,osmo-stp-768687f494-lr7gx,1,2
1781677644,gsm-5,ttcn3-tc-26-7-4-2-2-1-1-z8zjl,1,13
1781677644,gsm-5,virtphy-b55647b48-jwmkm,6,1
1781677646,gsm-5,msc-test-stub-5b875d749d-2dpsk,1,16
1781677646,gsm-5,osmo-bsc-594654bd47-jlvm5,1,5
1781677646,gsm-5,osmo-bts-virtual-5f8b9b86fc-vtpf2,14,5
1781677646,gsm-5,osmo-hlr-546bdb8988-mf548,1,2
1781677646,gsm-5,osmo-mgw-8c8fc67d6-x9c6z,1,2
1781677646,gsm-5,osmo-mobile-59d8d55bb5-fj7g6,3,35
1781677646,gsm-5,osmo-stp-768687f494-lr7gx,1,2
1781677646,gsm-5,ttcn3-tc-26-7-4-2-2-1-1-z8zjl,1,13
1781677646,gsm-5,virtphy-b55647b48-jwmkm,6,1
1781677648,gsm-5,msc-test-stub-5b875d749d-2dpsk,1,16
1781677648,gsm-5,osmo-bsc-594654bd47-jlvm5,1,5
1781677648,gsm-5,osmo-bts-virtual-5f8b9b86fc-vtpf2,15,5
1781677648,gsm-5,osmo-hlr-546bdb8988-mf548,1,2
1781677648,gsm-5,osmo-mgw-8c8fc67d6-x9c6z,1,2
1781677648,gsm-5,osmo-mobile-59d8d55bb5-fj7g6,3,35
1781677648,gsm-5,osmo-stp-768687f494-lr7gx,1,2
1781677648,gsm-5,ttcn3-tc-26-7-4-2-2-1-1-z8zjl,1,13
1781677648,gsm-5,virtphy-b55647b48-jwmkm,6,1
1781677650,gsm-5,msc-test-stub-5b875d749d-2dpsk,1,16
1781677650,gsm-5,osmo-bsc-594654bd47-jlvm5,1,5
1781677650,gsm-5,osmo-bts-virtual-5f8b9b86fc-vtpf2,15,5
1781677650,gsm-5,osmo-hlr-546bdb8988-mf548,1,2
1781677650,gsm-5,osmo-mgw-8c8fc67d6-x9c6z,1,2
1781677650,gsm-5,osmo-mobile-59d8d55bb5-fj7g6,3,35
1781677650,gsm-5,osmo-stp-768687f494-lr7gx,1,2
1781677650,gsm-5,ttcn3-tc-26-7-4-2-2-1-1-z8zjl,1,13
1781677650,gsm-5,virtphy-b55647b48-jwmkm,6,1
1781677652,gsm-5,msc-test-stub-5b875d749d-2dpsk,1,16
1781677652,gsm-5,osmo-bsc-594654bd47-jlvm5,1,5
1781677652,gsm-5,osmo-bts-virtual-5f8b9b86fc-vtpf2,15,5
1781677652,gsm-5,osmo-hlr-546bdb8988-mf548,1,2
1781677652,gsm-5,osmo-mgw-8c8fc67d6-x9c6z,1,2
1781677652,gsm-5,osmo-mobile-59d8d55bb5-fj7g6,3,35
1781677652,gsm-5,osmo-stp-768687f494-lr7gx,1,2
1781677652,gsm-5,ttcn3-tc-26-7-4-2-2-1-1-z8zjl,1,13
1781677652,gsm-5,virtphy-b55647b48-jwmkm,6,1
1781677655,gsm-5,msc-test-stub-5b875d749d-2dpsk,1,16
1781677655,gsm-5,osmo-bsc-594654bd47-jlvm5,1,5
1781677655,gsm-5,osmo-bts-virtual-5f8b9b86fc-vtpf2,15,5
1781677655,gsm-5,osmo-hlr-546bdb8988-mf548,1,2
1781677655,gsm-5,osmo-mgw-8c8fc67d6-x9c6z,1,2
1781677655,gsm-5,osmo-mobile-59d8d55bb5-fj7g6,3,35
1781677655,gsm-5,osmo-stp-768687f494-lr7gx,1,2
1781677655,gsm-5,ttcn3-tc-26-7-4-2-2-1-1-z8zjl,1,13
1781677655,gsm-5,virtphy-b55647b48-jwmkm,6,1
1781677657,gsm-5,msc-test-stub-5b875d749d-2dpsk,1,16
1781677657,gsm-5,osmo-bsc-594654bd47-jlvm5,1,5
1781677657,gsm-5,osmo-bts-virtual-5f8b9b86fc-vtpf2,15,5
1781677657,gsm-5,osmo-hlr-546bdb8988-mf548,1,2
1781677657,gsm-5,osmo-mgw-8c8fc67d6-x9c6z,1,2
1781677657,gsm-5,osmo-mobile-59d8d55bb5-fj7g6,3,35
1781677657,gsm-5,osmo-stp-768687f494-lr7gx,1,2
1781677657,gsm-5,ttcn3-tc-26-7-4-2-2-1-1-z8zjl,1,13
1781677657,gsm-5,virtphy-b55647b48-jwmkm,6,1
1781677659,gsm-5,msc-test-stub-5b875d749d-2dpsk,1,16
1781677659,gsm-5,osmo-bsc-594654bd47-jlvm5,1,5
1781677659,gsm-5,osmo-bts-virtual-5f8b9b86fc-vtpf2,15,5
1781677659,gsm-5,osmo-hlr-546bdb8988-mf548,1,2
1781677659,gsm-5,osmo-mgw-8c8fc67d6-x9c6z,1,2
1781677659,gsm-5,osmo-mobile-59d8d55bb5-fj7g6,3,35
1781677659,gsm-5,osmo-stp-768687f494-lr7gx,1,2
1781677659,gsm-5,ttcn3-tc-26-7-4-2-2-1-1-z8zjl,1,13
1781677659,gsm-5,virtphy-b55647b48-jwmkm,6,1
1781677661,gsm-5,msc-test-stub-5b875d749d-2dpsk,1,16
1781677661,gsm-5,osmo-bsc-594654bd47-jlvm5,1,5
1781677661,gsm-5,osmo-bts-virtual-5f8b9b86fc-vtpf2,15,5
1781677661,gsm-5,osmo-hlr-546bdb8988-mf548,1,2
1781677661,gsm-5,osmo-mgw-8c8fc67d6-x9c6z,1,2
1781677661,gsm-5,osmo-mobile-59d8d55bb5-fj7g6,3,35
1781677661,gsm-5,osmo-stp-768687f494-lr7gx,1,2
1781677661,gsm-5,ttcn3-tc-26-7-4-2-2-1-1-z8zjl,1,13
1781677661,gsm-5,virtphy-b55647b48-jwmkm,6,1
1781677663,gsm-5,msc-test-stub-5b875d749d-2dpsk,1,16
1781677663,gsm-5,osmo-bsc-594654bd47-jlvm5,1,5
1781677663,gsm-5,osmo-bts-virtual-5f8b9b86fc-vtpf2,14,5
1781677663,gsm-5,osmo-hlr-546bdb8988-mf548,1,2
1781677663,gsm-5,osmo-mgw-8c8fc67d6-x9c6z,1,2
1781677663,gsm-5,osmo-mobile-59d8d55bb5-fj7g6,3,33
1781677663,gsm-5,osmo-stp-768687f494-lr7gx,1,2
1781677663,gsm-5,ttcn3-tc-26-7-4-2-2-1-1-z8zjl,1,14
1781677663,gsm-5,virtphy-b55647b48-jwmkm,7,1
1781677666,gsm-5,msc-test-stub-5b875d749d-2dpsk,1,16
1781677666,gsm-5,osmo-bsc-594654bd47-jlvm5,1,5
1781677666,gsm-5,osmo-bts-virtual-5f8b9b86fc-vtpf2,14,5
1781677666,gsm-5,osmo-hlr-546bdb8988-mf548,1,2
1781677666,gsm-5,osmo-mgw-8c8fc67d6-x9c6z,1,2
1781677666,gsm-5,osmo-mobile-59d8d55bb5-fj7g6,3,33
1781677666,gsm-5,osmo-stp-768687f494-lr7gx,1,2
1781677666,gsm-5,ttcn3-tc-26-7-4-2-2-1-1-z8zjl,1,14
1781677666,gsm-5,virtphy-b55647b48-jwmkm,7,1
1781677668,gsm-5,msc-test-stub-5b875d749d-2dpsk,1,16
1781677668,gsm-5,osmo-bsc-594654bd47-jlvm5,1,5
1781677668,gsm-5,osmo-bts-virtual-5f8b9b86fc-vtpf2,14,5
1781677668,gsm-5,osmo-hlr-546bdb8988-mf548,1,2
1781677668,gsm-5,osmo-mgw-8c8fc67d6-x9c6z,1,2
1781677668,gsm-5,osmo-mobile-59d8d55bb5-fj7g6,3,33
1781677668,gsm-5,osmo-stp-768687f494-lr7gx,1,2
1781677668,gsm-5,ttcn3-tc-26-7-4-2-2-1-1-z8zjl,1,14
1781677668,gsm-5,virtphy-b55647b48-jwmkm,7,1
1781677670,gsm-5,msc-test-stub-5b875d749d-2dpsk,1,16
1781677670,gsm-5,osmo-bsc-594654bd47-jlvm5,1,5
1781677670,gsm-5,osmo-bts-virtual-5f8b9b86fc-vtpf2,14,5
1781677670,gsm-5,osmo-hlr-546bdb8988-mf548,1,2
1781677670,gsm-5,osmo-mgw-8c8fc67d6-x9c6z,1,2
1781677670,gsm-5,osmo-mobile-59d8d55bb5-fj7g6,3,33
1781677670,gsm-5,osmo-stp-768687f494-lr7gx,1,2
1781677670,gsm-5,ttcn3-tc-26-7-4-2-2-1-1-z8zjl,1,14
1781677670,gsm-5,virtphy-b55647b48-jwmkm,7,1
1781677672,gsm-5,msc-test-stub-5b875d749d-2dpsk,1,16
1781677672,gsm-5,osmo-bsc-594654bd47-jlvm5,1,5
1781677672,gsm-5,osmo-bts-virtual-5f8b9b86fc-vtpf2,14,5
1781677672,gsm-5,osmo-hlr-546bdb8988-mf548,1,2
1781677672,gsm-5,osmo-mgw-8c8fc67d6-x9c6z,1,2
1781677672,gsm-5,osmo-mobile-59d8d55bb5-fj7g6,3,33
1781677672,gsm-5,osmo-stp-768687f494-lr7gx,1,2
1781677672,gsm-5,ttcn3-tc-26-7-4-2-2-1-1-z8zjl,1,14
1781677672,gsm-5,virtphy-b55647b48-jwmkm,7,1
1781677674,gsm-5,msc-test-stub-5b875d749d-2dpsk,1,16
1781677674,gsm-5,osmo-bsc-594654bd47-jlvm5,1,5
1781677674,gsm-5,osmo-bts-virtual-5f8b9b86fc-vtpf2,14,5
1781677674,gsm-5,osmo-hlr-546bdb8988-mf548,1,2
1781677674,gsm-5,osmo-mgw-8c8fc67d6-x9c6z,1,2
1781677674,gsm-5,osmo-mobile-59d8d55bb5-fj7g6,3,33
1781677674,gsm-5,osmo-stp-768687f494-lr7gx,1,2
1781677674,gsm-5,ttcn3-tc-26-7-4-2-2-1-1-z8zjl,1,14
1781677674,gsm-5,virtphy-b55647b48-jwmkm,7,1
1781677676,gsm-5,msc-test-stub-5b875d749d-2dpsk,1,16
1781677676,gsm-5,osmo-bsc-594654bd47-jlvm5,1,5
1781677676,gsm-5,osmo-bts-virtual-5f8b9b86fc-vtpf2,14,5
1781677676,gsm-5,osmo-hlr-546bdb8988-mf548,1,2
1781677676,gsm-5,osmo-mgw-8c8fc67d6-x9c6z,1,2
1781677676,gsm-5,osmo-mobile-59d8d55bb5-fj7g6,3,33
1781677676,gsm-5,osmo-stp-768687f494-lr7gx,1,2
1781677676,gsm-5,ttcn3-tc-26-7-4-2-2-1-1-z8zjl,1,14
1781677676,gsm-5,virtphy-b55647b48-jwmkm,7,1
1781677678,gsm-5,msc-test-stub-5b875d749d-2dpsk,1,16
1781677678,gsm-5,osmo-bsc-594654bd47-jlvm5,1,5
1781677678,gsm-5,osmo-bts-virtual-5f8b9b86fc-vtpf2,15,5
1781677678,gsm-5,osmo-hlr-546bdb8988-mf548,1,2
1781677678,gsm-5,osmo-mgw-8c8fc67d6-x9c6z,1,2
1781677678,gsm-5,osmo-mobile-59d8d55bb5-fj7g6,3,33
1781677678,gsm-5,osmo-stp-768687f494-lr7gx,1,2
1781677678,gsm-5,ttcn3-tc-26-7-4-2-2-1-1-z8zjl,3,13
1781677678,gsm-5,virtphy-b55647b48-jwmkm,6,1
1781677680,gsm-5,msc-test-stub-5b875d749d-2dpsk,1,16
1781677680,gsm-5,osmo-bsc-594654bd47-jlvm5,1,5
1781677680,gsm-5,osmo-bts-virtual-5f8b9b86fc-vtpf2,15,5
1781677680,gsm-5,osmo-hlr-546bdb8988-mf548,1,2
1781677680,gsm-5,osmo-mgw-8c8fc67d6-x9c6z,1,2
1781677680,gsm-5,osmo-mobile-59d8d55bb5-fj7g6,3,33
1781677680,gsm-5,osmo-stp-768687f494-lr7gx,1,2
1781677680,gsm-5,ttcn3-tc-26-7-4-2-2-1-1-z8zjl,3,13
1781677680,gsm-5,virtphy-b55647b48-jwmkm,6,1
1781677682,gsm-5,msc-test-stub-5b875d749d-2dpsk,1,16
1781677682,gsm-5,osmo-bsc-594654bd47-jlvm5,1,5
1781677682,gsm-5,osmo-bts-virtual-5f8b9b86fc-vtpf2,15,5
1781677682,gsm-5,osmo-hlr-546bdb8988-mf548,1,2
1781677682,gsm-5,osmo-mgw-8c8fc67d6-x9c6z,1,2
1781677682,gsm-5,osmo-mobile-59d8d55bb5-fj7g6,3,33
1781677682,gsm-5,osmo-stp-768687f494-lr7gx,1,2
1781677682,gsm-5,ttcn3-tc-26-7-4-2-2-1-1-z8zjl,3,13
1781677682,gsm-5,virtphy-b55647b48-jwmkm,6,1
1781677684,gsm-5,msc-test-stub-5b875d749d-2dpsk,1,16
1781677684,gsm-5,osmo-bsc-594654bd47-jlvm5,1,5
1781677684,gsm-5,osmo-bts-virtual-5f8b9b86fc-vtpf2,15,5
1781677684,gsm-5,osmo-hlr-546bdb8988-mf548,1,2
1781677684,gsm-5,osmo-mgw-8c8fc67d6-x9c6z,1,2
1781677684,gsm-5,osmo-mobile-59d8d55bb5-fj7g6,3,33
1781677684,gsm-5,osmo-stp-768687f494-lr7gx,1,2
1781677684,gsm-5,ttcn3-tc-26-7-4-2-2-1-1-z8zjl,3,13
1781677684,gsm-5,virtphy-b55647b48-jwmkm,6,1
1781677686,gsm-5,msc-test-stub-5b875d749d-2dpsk,1,16
1781677686,gsm-5,osmo-bsc-594654bd47-jlvm5,1,5
1781677686,gsm-5,osmo-bts-virtual-5f8b9b86fc-vtpf2,15,5
1781677686,gsm-5,osmo-hlr-546bdb8988-mf548,1,2
1781677686,gsm-5,osmo-mgw-8c8fc67d6-x9c6z,1,2
1781677686,gsm-5,osmo-mobile-59d8d55bb5-fj7g6,3,33
1781677686,gsm-5,osmo-stp-768687f494-lr7gx,1,2
1781677686,gsm-5,ttcn3-tc-26-7-4-2-2-1-1-z8zjl,3,13
1781677686,gsm-5,virtphy-b55647b48-jwmkm,6,1
1781677689,gsm-5,msc-test-stub-5b875d749d-2dpsk,1,16
1781677689,gsm-5,osmo-bsc-594654bd47-jlvm5,1,5
1781677689,gsm-5,osmo-bts-virtual-5f8b9b86fc-vtpf2,15,5
1781677689,gsm-5,osmo-hlr-546bdb8988-mf548,1,2
1781677689,gsm-5,osmo-mgw-8c8fc67d6-x9c6z,1,2
1781677689,gsm-5,osmo-mobile-59d8d55bb5-fj7g6,3,33
1781677689,gsm-5,osmo-stp-768687f494-lr7gx,1,2
1781677689,gsm-5,ttcn3-tc-26-7-4-2-2-1-1-z8zjl,3,13
1781677689,gsm-5,virtphy-b55647b48-jwmkm,6,1
1781677691,gsm-5,msc-test-stub-5b875d749d-2dpsk,1,16
1781677691,gsm-5,osmo-bsc-594654bd47-jlvm5,1,5
1781677691,gsm-5,osmo-bts-virtual-5f8b9b86fc-vtpf2,15,5
1781677691,gsm-5,osmo-hlr-546bdb8988-mf548,1,2
1781677691,gsm-5,osmo-mgw-8c8fc67d6-x9c6z,1,2
1781677691,gsm-5,osmo-mobile-59d8d55bb5-fj7g6,3,33
1781677691,gsm-5,osmo-stp-768687f494-lr7gx,1,2
1781677691,gsm-5,ttcn3-tc-26-7-4-2-2-1-1-z8zjl,3,13
1781677691,gsm-5,virtphy-b55647b48-jwmkm,6,1
1781677693,gsm-5,msc-test-stub-5b875d749d-2dpsk,1,16
1781677693,gsm-5,osmo-bsc-594654bd47-jlvm5,1,5
1781677693,gsm-5,osmo-bts-virtual-5f8b9b86fc-vtpf2,15,5
1781677693,gsm-5,osmo-hlr-546bdb8988-mf548,1,2
1781677693,gsm-5,osmo-mgw-8c8fc67d6-x9c6z,1,2
1781677693,gsm-5,osmo-mobile-59d8d55bb5-fj7g6,3,33
1781677693,gsm-5,osmo-stp-768687f494-lr7gx,1,2
1781677693,gsm-5,ttcn3-tc-26-7-4-2-2-1-1-z8zjl,1,13
1781677693,gsm-5,virtphy-b55647b48-jwmkm,6,1
1781677695,gsm-5,msc-test-stub-5b875d749d-2dpsk,1,16
1781677695,gsm-5,osmo-bsc-594654bd47-jlvm5,1,5
1781677695,gsm-5,osmo-bts-virtual-5f8b9b86fc-vtpf2,15,5
1781677695,gsm-5,osmo-hlr-546bdb8988-mf548,1,2
1781677695,gsm-5,osmo-mgw-8c8fc67d6-x9c6z,1,2
1781677695,gsm-5,osmo-mobile-59d8d55bb5-fj7g6,3,33
1781677695,gsm-5,osmo-stp-768687f494-lr7gx,1,2
1781677695,gsm-5,ttcn3-tc-26-7-4-2-2-1-1-z8zjl,1,13
1781677695,gsm-5,virtphy-b55647b48-jwmkm,6,1
1781677697,gsm-5,msc-test-stub-5b875d749d-2dpsk,1,16
1781677697,gsm-5,osmo-bsc-594654bd47-jlvm5,1,5
1781677697,gsm-5,osmo-bts-virtual-5f8b9b86fc-vtpf2,15,5
1781677697,gsm-5,osmo-hlr-546bdb8988-mf548,1,2
1781677697,gsm-5,osmo-mgw-8c8fc67d6-x9c6z,1,2
1781677697,gsm-5,osmo-mobile-59d8d55bb5-fj7g6,3,33
1781677697,gsm-5,osmo-stp-768687f494-lr7gx,1,2
1781677697,gsm-5,ttcn3-tc-26-7-4-2-2-1-1-z8zjl,1,13
1781677697,gsm-5,virtphy-b55647b48-jwmkm,6,1
1781677699,gsm-5,msc-test-stub-5b875d749d-2dpsk,1,16
1781677699,gsm-5,osmo-bsc-594654bd47-jlvm5,1,5
1781677699,gsm-5,osmo-bts-virtual-5f8b9b86fc-vtpf2,15,5
1781677699,gsm-5,osmo-hlr-546bdb8988-mf548,1,2
1781677699,gsm-5,osmo-mgw-8c8fc67d6-x9c6z,1,2
1781677699,gsm-5,osmo-mobile-59d8d55bb5-fj7g6,3,33
1781677699,gsm-5,osmo-stp-768687f494-lr7gx,1,2
1781677699,gsm-5,ttcn3-tc-26-7-4-2-2-1-1-z8zjl,1,13
1781677699,gsm-5,virtphy-b55647b48-jwmkm,6,1
1781677701,gsm-5,msc-test-stub-5b875d749d-2dpsk,1,16
1781677701,gsm-5,osmo-bsc-594654bd47-jlvm5,1,5
1781677701,gsm-5,osmo-bts-virtual-5f8b9b86fc-vtpf2,15,5
1781677701,gsm-5,osmo-hlr-546bdb8988-mf548,1,2
1781677701,gsm-5,osmo-mgw-8c8fc67d6-x9c6z,1,2
1781677701,gsm-5,osmo-mobile-59d8d55bb5-fj7g6,3,33
1781677701,gsm-5,osmo-stp-768687f494-lr7gx,1,2
1781677701,gsm-5,ttcn3-tc-26-7-4-2-2-1-1-z8zjl,1,13
1781677701,gsm-5,virtphy-b55647b48-jwmkm,6,1
1781677703,gsm-5,msc-test-stub-5b875d749d-2dpsk,1,16
1781677703,gsm-5,osmo-bsc-594654bd47-jlvm5,1,5
1781677703,gsm-5,osmo-bts-virtual-5f8b9b86fc-vtpf2,15,5
1781677703,gsm-5,osmo-hlr-546bdb8988-mf548,1,2
1781677703,gsm-5,osmo-mgw-8c8fc67d6-x9c6z,1,2
1781677703,gsm-5,osmo-mobile-59d8d55bb5-fj7g6,3,33
1781677703,gsm-5,osmo-stp-768687f494-lr7gx,1,2
1781677703,gsm-5,ttcn3-tc-26-7-4-2-2-1-1-z8zjl,1,13
1781677703,gsm-5,virtphy-b55647b48-jwmkm,6,1
1781677706,gsm-5,msc-test-stub-5b875d749d-2dpsk,1,16
1781677706,gsm-5,osmo-bsc-594654bd47-jlvm5,1,5
1781677706,gsm-5,osmo-bts-virtual-5f8b9b86fc-vtpf2,15,5
1781677706,gsm-5,osmo-hlr-546bdb8988-mf548,1,2
1781677706,gsm-5,osmo-mgw-8c8fc67d6-x9c6z,1,2
1781677706,gsm-5,osmo-mobile-59d8d55bb5-fj7g6,3,33
1781677706,gsm-5,osmo-stp-768687f494-lr7gx,1,2
1781677706,gsm-5,ttcn3-tc-26-7-4-2-2-1-1-z8zjl,1,13
1781677706,gsm-5,virtphy-b55647b48-jwmkm,6,1
1781677708,gsm-5,msc-test-stub-5b875d749d-2dpsk,1,16
1781677708,gsm-5,osmo-bsc-594654bd47-jlvm5,1,5
1781677708,gsm-5,osmo-bts-virtual-5f8b9b86fc-vtpf2,17,5
1781677708,gsm-5,osmo-hlr-546bdb8988-mf548,1,2
1781677708,gsm-5,osmo-mgw-8c8fc67d6-x9c6z,1,2
1781677708,gsm-5,osmo-mobile-59d8d55bb5-fj7g6,3,33
1781677708,gsm-5,osmo-stp-768687f494-lr7gx,1,2
1781677708,gsm-5,ttcn3-tc-26-7-4-2-2-1-1-z8zjl,1,13
1781677708,gsm-5,virtphy-b55647b48-jwmkm,6,1
1781677710,gsm-5,msc-test-stub-5b875d749d-2dpsk,1,16
1781677710,gsm-5,osmo-bsc-594654bd47-jlvm5,1,5
1781677710,gsm-5,osmo-bts-virtual-5f8b9b86fc-vtpf2,17,5
1781677710,gsm-5,osmo-hlr-546bdb8988-mf548,1,2
1781677710,gsm-5,osmo-mgw-8c8fc67d6-x9c6z,1,2
1781677710,gsm-5,osmo-mobile-59d8d55bb5-fj7g6,3,33
1781677710,gsm-5,osmo-stp-768687f494-lr7gx,1,2
1781677710,gsm-5,ttcn3-tc-26-7-4-2-2-1-1-z8zjl,1,13
1781677710,gsm-5,virtphy-b55647b48-jwmkm,6,1
1781677712,gsm-5,msc-test-stub-5b875d749d-2dpsk,1,16
1781677712,gsm-5,osmo-bsc-594654bd47-jlvm5,1,5
1781677712,gsm-5,osmo-bts-virtual-5f8b9b86fc-vtpf2,17,5
1781677712,gsm-5,osmo-hlr-546bdb8988-mf548,1,2
1781677712,gsm-5,osmo-mgw-8c8fc67d6-x9c6z,1,2
1781677712,gsm-5,osmo-mobile-59d8d55bb5-fj7g6,3,33
1781677712,gsm-5,osmo-stp-768687f494-lr7gx,1,2
1781677712,gsm-5,ttcn3-tc-26-7-4-2-2-1-1-z8zjl,1,13
1781677712,gsm-5,virtphy-b55647b48-jwmkm,6,1
1781677714,gsm-5,msc-test-stub-5b875d749d-2dpsk,1,16
1781677714,gsm-5,osmo-bsc-594654bd47-jlvm5,1,5
1781677714,gsm-5,osmo-bts-virtual-5f8b9b86fc-vtpf2,17,5
1781677714,gsm-5,osmo-hlr-546bdb8988-mf548,1,2
1781677714,gsm-5,osmo-mgw-8c8fc67d6-x9c6z,1,2
1781677714,gsm-5,osmo-mobile-59d8d55bb5-fj7g6,3,33
1781677714,gsm-5,osmo-stp-768687f494-lr7gx,1,2
1781677714,gsm-5,ttcn3-tc-26-7-4-2-2-1-1-z8zjl,1,13
1781677714,gsm-5,virtphy-b55647b48-jwmkm,6,1
1781677716,gsm-5,msc-test-stub-5b875d749d-2dpsk,1,16
1781677716,gsm-5,osmo-bsc-594654bd47-jlvm5,1,5
1781677716,gsm-5,osmo-bts-virtual-5f8b9b86fc-vtpf2,17,5
1781677716,gsm-5,osmo-hlr-546bdb8988-mf548,1,2
1781677716,gsm-5,osmo-mgw-8c8fc67d6-x9c6z,1,2
1781677716,gsm-5,osmo-mobile-59d8d55bb5-fj7g6,3,33
1781677716,gsm-5,osmo-stp-768687f494-lr7gx,1,2
1781677716,gsm-5,ttcn3-tc-26-7-4-2-2-1-1-z8zjl,1,13
1781677716,gsm-5,virtphy-b55647b48-jwmkm,6,1
1781677718,gsm-5,msc-test-stub-5b875d749d-2dpsk,1,16
1781677718,gsm-5,osmo-bsc-594654bd47-jlvm5,1,5
1781677718,gsm-5,osmo-bts-virtual-5f8b9b86fc-vtpf2,17,5
1781677718,gsm-5,osmo-hlr-546bdb8988-mf548,1,2
1781677718,gsm-5,osmo-mgw-8c8fc67d6-x9c6z,1,2
1781677718,gsm-5,osmo-mobile-59d8d55bb5-fj7g6,3,33
1781677718,gsm-5,osmo-stp-768687f494-lr7gx,1,2
1781677718,gsm-5,ttcn3-tc-26-7-4-2-2-1-1-z8zjl,1,13
1781677718,gsm-5,virtphy-b55647b48-jwmkm,6,1
1781677720,gsm-5,msc-test-stub-5b875d749d-2dpsk,1,16
1781677720,gsm-5,osmo-bsc-594654bd47-jlvm5,1,5
1781677720,gsm-5,osmo-bts-virtual-5f8b9b86fc-vtpf2,17,5
1781677720,gsm-5,osmo-hlr-546bdb8988-mf548,1,2
1781677720,gsm-5,osmo-mgw-8c8fc67d6-x9c6z,1,2
1781677720,gsm-5,osmo-mobile-59d8d55bb5-fj7g6,3,33
1781677720,gsm-5,osmo-stp-768687f494-lr7gx,1,2
1781677720,gsm-5,ttcn3-tc-26-7-4-2-2-1-1-z8zjl,1,13
1781677720,gsm-5,virtphy-b55647b48-jwmkm,6,1
1781677722,gsm-5,msc-test-stub-5b875d749d-2dpsk,1,16
1781677722,gsm-5,osmo-bsc-594654bd47-jlvm5,1,5
1781677722,gsm-5,osmo-bts-virtual-5f8b9b86fc-vtpf2,17,5
1781677722,gsm-5,osmo-hlr-546bdb8988-mf548,1,2
1781677722,gsm-5,osmo-mgw-8c8fc67d6-x9c6z,1,2
1781677722,gsm-5,osmo-mobile-59d8d55bb5-fj7g6,3,33
1781677722,gsm-5,osmo-stp-768687f494-lr7gx,1,2
1781677722,gsm-5,ttcn3-tc-26-7-4-2-2-1-1-z8zjl,1,13
1781677722,gsm-5,virtphy-b55647b48-jwmkm,6,1
1781677724,gsm-5,msc-test-stub-5b875d749d-2dpsk,1,16
1781677724,gsm-5,osmo-bsc-594654bd47-jlvm5,1,5
1781677724,gsm-5,osmo-bts-virtual-5f8b9b86fc-vtpf2,18,5
1781677724,gsm-5,osmo-hlr-546bdb8988-mf548,1,2
1781677724,gsm-5,osmo-mgw-8c8fc67d6-x9c6z,1,2
1781677724,gsm-5,osmo-mobile-59d8d55bb5-fj7g6,3,33
1781677724,gsm-5,osmo-stp-768687f494-lr7gx,1,2
1781677724,gsm-5,ttcn3-tc-26-7-4-2-2-1-1-z8zjl,1,13
1781677724,gsm-5,virtphy-b55647b48-jwmkm,7,1
1781677726,gsm-5,msc-test-stub-5b875d749d-2dpsk,1,16
1781677726,gsm-5,osmo-bsc-594654bd47-jlvm5,1,5
1781677726,gsm-5,osmo-bts-virtual-5f8b9b86fc-vtpf2,18,5
1781677726,gsm-5,osmo-hlr-546bdb8988-mf548,1,2
1781677726,gsm-5,osmo-mgw-8c8fc67d6-x9c6z,1,2
1781677726,gsm-5,osmo-mobile-59d8d55bb5-fj7g6,3,33
1781677726,gsm-5,osmo-stp-768687f494-lr7gx,1,2
1781677726,gsm-5,ttcn3-tc-26-7-4-2-2-1-1-z8zjl,1,13
1781677726,gsm-5,virtphy-b55647b48-jwmkm,7,1
1781677728,gsm-5,msc-test-stub-5b875d749d-2dpsk,1,16
1781677728,gsm-5,osmo-bsc-594654bd47-jlvm5,1,5
1781677728,gsm-5,osmo-bts-virtual-5f8b9b86fc-vtpf2,18,5
1781677728,gsm-5,osmo-hlr-546bdb8988-mf548,1,2
1781677728,gsm-5,osmo-mgw-8c8fc67d6-x9c6z,1,2
1781677728,gsm-5,osmo-mobile-59d8d55bb5-fj7g6,3,33
1781677728,gsm-5,osmo-stp-768687f494-lr7gx,1,2
1781677728,gsm-5,ttcn3-tc-26-7-4-2-2-1-1-z8zjl,1,13
1781677728,gsm-5,virtphy-b55647b48-jwmkm,7,1
